Product2Id,Product2.ProductCode,UnitPrice,ProductSellingModel.Name,ProductSellingModel.SellingModelType
01tWC00000DCwWVYA1,FIM-FML-NRPS-IP36PE,35,One Time,OneTime
01tWC00000DCwWVYA1,FIM-FML-NRPS-IP36PE,35,One Time,OneTime
01tWC00000DCwWVYA1,FIM-FML-NRPS-IP36PE,53.2,One Time,OneTime
01tWC00000DCwWVYA1,FIM-FML-NRPS-IP36PE,53.2,One Time,OneTime
01tWC00000DCwWVYA1,FIM-FML-NRPS-IP36PE,47.25,One Time,OneTime
01tWC00000DCwWVYA1,FIM-FML-NRPS-IP36PE,47.25,One Time,OneTime
01tWC00000DCwWVYA1,FIM-FML-NRPS-IP36PE,32.2,One Time,OneTime
01tWC00000DCwWVYA1,FIM-FML-NRPS-IP36PE,32.2,One Time,OneTime
01tWC00000DCwWVYA1,FIM-FML-NRPS-IP36PE,27.65,One Time,OneTime
01tWC00000DCwWVYA1,FIM-FML-NRPS-IP36PE,27.65,One Time,OneTime
01tWC00000DCwWZYA1,FIM-FML-NRPS-IP36TE,0,One Time,OneTime
01tWC00000DCwWZYA1,FIM-FML-NRPS-IP36TE,0,One Time,OneTime
01tWC00000DCwWZYA1,FIM-FML-NRPS-IP36TE,0,Term Based - Annual,TermDefined
01tWC00000DCwWZYA1,FIM-FML-NRPS-IP36TE,0,Term Based - Annual,TermDefined
01tWC00000DCwWZYA1,FIM-FML-NRPS-IP36TE,0,One Time,OneTime
01tWC00000DCwWZYA1,FIM-FML-NRPS-IP36TE,0,One Time,OneTime
01tWC00000DCwWZYA1,FIM-FML-NRPS-IP36TE,0,Term Based - Annual,TermDefined
01tWC00000DCwWZYA1,FIM-FML-NRPS-IP36TE,0,Term Based - Annual,TermDefined
01tWC00000DCwWZYA1,FIM-FML-NRPS-IP36TE,0,One Time,OneTime
01tWC00000DCwWZYA1,FIM-FML-NRPS-IP36TE,0,One Time,OneTime
01tWC00000DCwWZYA1,FIM-FML-NRPS-IP36TE,0,Term Based - Annual,TermDefined
01tWC00000DCwWZYA1,FIM-FML-NRPS-IP36TE,0,Term Based - Annual,TermDefined
01tWC00000DCwWZYA1,FIM-FML-NRPS-IP36TE,0,One Time,OneTime
01tWC00000DCwWZYA1,FIM-FML-NRPS-IP36TE,0,One Time,OneTime
01tWC00000DCwWZYA1,FIM-FML-NRPS-IP36TE,0,Term Based - Annual,TermDefined
01tWC00000DCwWZYA1,FIM-FML-NRPS-IP36TE,0,Term Based - Annual,TermDefined
01tWC00000DCwWZYA1,FIM-FML-NRPS-IP36TE,0,One Time,OneTime
01tWC00000DCwWZYA1,FIM-FML-NRPS-IP36TE,0,One Time,OneTime
01tWC00000DCwWZYA1,FIM-FML-NRPS-IP36TE,0,Term Based - Annual,TermDefined
01tWC00000DCwWZYA1,FIM-FML-NRPS-IP36TE,0,Term Based - Annual,TermDefined
01tWC00000DCxkoYAD,FIM-FIM-NRPS-TESP,7000,One Time,OneTime
01tWC00000DCxkoYAD,FIM-FIM-NRPS-TESP,7000,One Time,OneTime
01tWC00000DCxkoYAD,FIM-FIM-NRPS-TESP,7000,Term Based - Annual,TermDefined
01tWC00000DCxkoYAD,FIM-FIM-NRPS-TESP,7000,Term Based - Annual,TermDefined
01tWC00000DCxkoYAD,FIM-FIM-NRPS-TESP,10640,One Time,OneTime
01tWC00000DCxkoYAD,FIM-FIM-NRPS-TESP,10640,One Time,OneTime
01tWC00000DCxkoYAD,FIM-FIM-NRPS-TESP,10640,Term Based - Annual,TermDefined
01tWC00000DCxkoYAD,FIM-FIM-NRPS-TESP,10640,Term Based - Annual,TermDefined
01tWC00000DCxkoYAD,FIM-FIM-NRPS-TESP,9450,One Time,OneTime
01tWC00000DCxkoYAD,FIM-FIM-NRPS-TESP,9450,One Time,OneTime
01tWC00000DCxkoYAD,FIM-FIM-NRPS-TESP,9450,Term Based - Annual,TermDefined
01tWC00000DCxkoYAD,FIM-FIM-NRPS-TESP,9450,Term Based - Annual,TermDefined
01tWC00000DCxkoYAD,FIM-FIM-NRPS-TESP,6440,One Time,OneTime
01tWC00000DCxkoYAD,FIM-FIM-NRPS-TESP,6440,One Time,OneTime
01tWC00000DCxkoYAD,FIM-FIM-NRPS-TESP,6440,Term Based - Annual,TermDefined
01tWC00000DCxkoYAD,FIM-FIM-NRPS-TESP,6440,Term Based - Annual,TermDefined
01tWC00000DCxkoYAD,FIM-FIM-NRPS-TESP,5530,One Time,OneTime
01tWC00000DCxkoYAD,FIM-FIM-NRPS-TESP,5530,One Time,OneTime
01tWC00000DCxkoYAD,FIM-FIM-NRPS-TESP,5530,Term Based - Annual,TermDefined
01tWC00000DCxkoYAD,FIM-FIM-NRPS-TESP,5530,Term Based - Annual,TermDefined
01tWC00000DCxkrYAD,FIM-FIM-NRPS-TEAI,21000,One Time,OneTime
01tWC00000DCxkrYAD,FIM-FIM-NRPS-TEAI,21000,One Time,OneTime
01tWC00000DCxkrYAD,FIM-FIM-NRPS-TEAI,21000,Term Based - Annual,TermDefined
01tWC00000DCxkrYAD,FIM-FIM-NRPS-TEAI,21000,Term Based - Annual,TermDefined
01tWC00000DCxkrYAD,FIM-FIM-NRPS-TEAI,31920,One Time,OneTime
01tWC00000DCxkrYAD,FIM-FIM-NRPS-TEAI,31920,One Time,OneTime
01tWC00000DCxkrYAD,FIM-FIM-NRPS-TEAI,31920,Term Based - Annual,TermDefined
01tWC00000DCxkrYAD,FIM-FIM-NRPS-TEAI,31920,Term Based - Annual,TermDefined
01tWC00000DCxkrYAD,FIM-FIM-NRPS-TEAI,28350,One Time,OneTime
01tWC00000DCxkrYAD,FIM-FIM-NRPS-TEAI,28350,One Time,OneTime
01tWC00000DCxkrYAD,FIM-FIM-NRPS-TEAI,28350,Term Based - Annual,TermDefined
01tWC00000DCxkrYAD,FIM-FIM-NRPS-TEAI,28350,Term Based - Annual,TermDefined
01tWC00000DCxkrYAD,FIM-FIM-NRPS-TEAI,19320,One Time,OneTime
01tWC00000DCxkrYAD,FIM-FIM-NRPS-TEAI,19320,One Time,OneTime
01tWC00000DCxkrYAD,FIM-FIM-NRPS-TEAI,19320,Term Based - Annual,TermDefined
01tWC00000DCxkrYAD,FIM-FIM-NRPS-TEAI,19320,Term Based - Annual,TermDefined
01tWC00000DCxkrYAD,FIM-FIM-NRPS-TEAI,16590,One Time,OneTime
01tWC00000DCxkrYAD,FIM-FIM-NRPS-TEAI,16590,One Time,OneTime
01tWC00000DCxkrYAD,FIM-FIM-NRPS-TEAI,16590,Term Based - Annual,TermDefined
01tWC00000DCxkrYAD,FIM-FIM-NRPS-TEAI,16590,Term Based - Annual,TermDefined
01tWC00000DCxkvYAD,FIM-FIM-NRPS-TEDP,5880,One Time,OneTime
01tWC00000DCxkvYAD,FIM-FIM-NRPS-TEDP,5880,One Time,OneTime
01tWC00000DCxkvYAD,FIM-FIM-NRPS-TEDP,5880,Term Based - Annual,TermDefined
01tWC00000DCxkvYAD,FIM-FIM-NRPS-TEDP,5880,Term Based - Annual,TermDefined
01tWC00000DCxkvYAD,FIM-FIM-NRPS-TEDP,8937.6,One Time,OneTime
01tWC00000DCxkvYAD,FIM-FIM-NRPS-TEDP,8937.6,One Time,OneTime
01tWC00000DCxkvYAD,FIM-FIM-NRPS-TEDP,8937.6,Term Based - Annual,TermDefined
01tWC00000DCxkvYAD,FIM-FIM-NRPS-TEDP,8937.6,Term Based - Annual,TermDefined
01tWC00000DCxkvYAD,FIM-FIM-NRPS-TEDP,7938,One Time,OneTime
01tWC00000DCxkvYAD,FIM-FIM-NRPS-TEDP,7938,One Time,OneTime
01tWC00000DCxkvYAD,FIM-FIM-NRPS-TEDP,7938,Term Based - Annual,TermDefined
01tWC00000DCxkvYAD,FIM-FIM-NRPS-TEDP,7938,Term Based - Annual,TermDefined
01tWC00000DCxkvYAD,FIM-FIM-NRPS-TEDP,5409.6,One Time,OneTime
01tWC00000DCxkvYAD,FIM-FIM-NRPS-TEDP,5409.6,One Time,OneTime
01tWC00000DCxkvYAD,FIM-FIM-NRPS-TEDP,5409.6,Term Based - Annual,TermDefined
01tWC00000DCxkvYAD,FIM-FIM-NRPS-TEDP,5409.6,Term Based - Annual,TermDefined
01tWC00000DCxkvYAD,FIM-FIM-NRPS-TEDP,4645.2,One Time,OneTime
01tWC00000DCxkvYAD,FIM-FIM-NRPS-TEDP,4645.2,One Time,OneTime
01tWC00000DCxkvYAD,FIM-FIM-NRPS-TEDP,4645.2,Term Based - Annual,TermDefined
01tWC00000DCxkvYAD,FIM-FIM-NRPS-TEDP,4645.2,Term Based - Annual,TermDefined
01tWC00000DCxkyYAD,FIM-FIM-NRPS-TEEP,5000,One Time,OneTime
01tWC00000DCxkyYAD,FIM-FIM-NRPS-TEEP,5000,One Time,OneTime
01tWC00000DCxkyYAD,FIM-FIM-NRPS-TEEP,5000,Term Based - Annual,TermDefined
01tWC00000DCxkyYAD,FIM-FIM-NRPS-TEEP,5000,Term Based - Annual,TermDefined
01tWC00000DCxkyYAD,FIM-FIM-NRPS-TEEP,7600,One Time,OneTime
01tWC00000DCxkyYAD,FIM-FIM-NRPS-TEEP,7600,One Time,OneTime
01tWC00000DCxkyYAD,FIM-FIM-NRPS-TEEP,7600,Term Based - Annual,TermDefined
01tWC00000DCxkyYAD,FIM-FIM-NRPS-TEEP,7600,Term Based - Annual,TermDefined
01tWC00000DCxkyYAD,FIM-FIM-NRPS-TEEP,6750,One Time,OneTime
01tWC00000DCxkyYAD,FIM-FIM-NRPS-TEEP,6750,One Time,OneTime
01tWC00000DCxkyYAD,FIM-FIM-NRPS-TEEP,6750,Term Based - Annual,TermDefined
01tWC00000DCxkyYAD,FIM-FIM-NRPS-TEEP,6750,Term Based - Annual,TermDefined
01tWC00000DCxkyYAD,FIM-FIM-NRPS-TEEP,4600,One Time,OneTime
01tWC00000DCxkyYAD,FIM-FIM-NRPS-TEEP,4600,One Time,OneTime
01tWC00000DCxkyYAD,FIM-FIM-NRPS-TEEP,4600,Term Based - Annual,TermDefined
01tWC00000DCxkyYAD,FIM-FIM-NRPS-TEEP,4600,Term Based - Annual,TermDefined
01tWC00000DCxkyYAD,FIM-FIM-NRPS-TEEP,3950,One Time,OneTime
01tWC00000DCxkyYAD,FIM-FIM-NRPS-TEEP,3950,One Time,OneTime
01tWC00000DCxkyYAD,FIM-FIM-NRPS-TEEP,3950,Term Based - Annual,TermDefined
01tWC00000DCxkyYAD,FIM-FIM-NRPS-TEEP,3950,Term Based - Annual,TermDefined
01tWC00000DCxlaYAD,FIM-FML-NRPS-TFSWOR,150,One Time,OneTime
01tWC00000DCxlaYAD,FIM-FML-NRPS-TFSWOR,150,One Time,OneTime
01tWC00000DCxlaYAD,FIM-FML-NRPS-TFSWOR,150,Term Based - Annual,TermDefined
01tWC00000DCxlaYAD,FIM-FML-NRPS-TFSWOR,150,Term Based - Annual,TermDefined
01tWC00000DCxlaYAD,FIM-FML-NRPS-TFSWOR,228,One Time,OneTime
01tWC00000DCxlaYAD,FIM-FML-NRPS-TFSWOR,228,One Time,OneTime
01tWC00000DCxlaYAD,FIM-FML-NRPS-TFSWOR,228,Term Based - Annual,TermDefined
01tWC00000DCxlaYAD,FIM-FML-NRPS-TFSWOR,228,Term Based - Annual,TermDefined
01tWC00000DCxlaYAD,FIM-FML-NRPS-TFSWOR,202.5,One Time,OneTime
01tWC00000DCxlaYAD,FIM-FML-NRPS-TFSWOR,202.5,One Time,OneTime
01tWC00000DCxlaYAD,FIM-FML-NRPS-TFSWOR,202.5,Term Based - Annual,TermDefined
01tWC00000DCxlaYAD,FIM-FML-NRPS-TFSWOR,202.5,Term Based - Annual,TermDefined
01tWC00000DCxlaYAD,FIM-FML-NRPS-TFSWOR,138,One Time,OneTime
01tWC00000DCxlaYAD,FIM-FML-NRPS-TFSWOR,138,One Time,OneTime
01tWC00000DCxlaYAD,FIM-FML-NRPS-TFSWOR,138,Term Based - Annual,TermDefined
01tWC00000DCxlaYAD,FIM-FML-NRPS-TFSWOR,138,Term Based - Annual,TermDefined
01tWC00000DCxlaYAD,FIM-FML-NRPS-TFSWOR,118.5,One Time,OneTime
01tWC00000DCxlaYAD,FIM-FML-NRPS-TFSWOR,118.5,One Time,OneTime
01tWC00000DCxlaYAD,FIM-FML-NRPS-TFSWOR,118.5,Term Based - Annual,TermDefined
01tWC00000DCxlaYAD,FIM-FML-NRPS-TFSWOR,118.5,Term Based - Annual,TermDefined
01tWC00000DCxmOYAT,FIM-FIM-NRPS-TTBELP,0,One Time,OneTime
01tWC00000DCxmOYAT,FIM-FIM-NRPS-TTBELP,0,One Time,OneTime
01tWC00000DCxmOYAT,FIM-FIM-NRPS-TTBELP,0,One Time,OneTime
01tWC00000DCxmOYAT,FIM-FIM-NRPS-TTBELP,0,Term Based - Annual,TermDefined
01tWC00000DCxmOYAT,FIM-FIM-NRPS-TTBELP,0,Term Based - Annual,TermDefined
01tWC00000DCxmOYAT,FIM-FIM-NRPS-TTBELP,0,One Time,OneTime
01tWC00000DCxmOYAT,FIM-FIM-NRPS-TTBELP,0,One Time,OneTime
01tWC00000DCxmOYAT,FIM-FIM-NRPS-TTBELP,0,Term Based - Annual,TermDefined
01tWC00000DCxmOYAT,FIM-FIM-NRPS-TTBELP,0,Term Based - Annual,TermDefined
01tWC00000DCxmOYAT,FIM-FIM-NRPS-TTBELP,0,One Time,OneTime
01tWC00000DCxmOYAT,FIM-FIM-NRPS-TTBELP,0,One Time,OneTime
01tWC00000DCxmOYAT,FIM-FIM-NRPS-TTBELP,0,Term Based - Annual,TermDefined
01tWC00000DCxmOYAT,FIM-FIM-NRPS-TTBELP,0,Term Based - Annual,TermDefined
01tWC00000DCxmOYAT,FIM-FIM-NRPS-TTBELP,0,One Time,OneTime
01tWC00000DCxmOYAT,FIM-FIM-NRPS-TTBELP,0,One Time,OneTime
01tWC00000DCxmOYAT,FIM-FIM-NRPS-TTBELP,0,Term Based - Annual,TermDefined
01tWC00000DCxmOYAT,FIM-FIM-NRPS-TTBELP,0,Term Based - Annual,TermDefined
01tWC00000DCxmOYAT,FIM-FIM-NRPS-TTBELP,0,One Time,OneTime
01tWC00000DCxmOYAT,FIM-FIM-NRPS-TTBELP,0,One Time,OneTime
01tWC00000DCxmOYAT,FIM-FIM-NRPS-TTBELP,0,Term Based - Annual,TermDefined
01tWC00000DCxmOYAT,FIM-FIM-NRPS-TTBELP,0,Term Based - Annual,TermDefined
01tWC00000DCyyCYAT,FIM-FML-NRPS-VEMEVP,34750,One Time,OneTime
01tWC00000DCyyCYAT,FIM-FML-NRPS-VEMEVP,34750,One Time,OneTime
01tWC00000DCyyCYAT,FIM-FML-NRPS-VEMEVP,34750,Term Based - Annual,TermDefined
01tWC00000DCyyCYAT,FIM-FML-NRPS-VEMEVP,34750,Term Based - Annual,TermDefined
01tWC00000DCyyCYAT,FIM-FML-NRPS-VEMEVP,52820,One Time,OneTime
01tWC00000DCyyCYAT,FIM-FML-NRPS-VEMEVP,52820,One Time,OneTime
01tWC00000DCyyCYAT,FIM-FML-NRPS-VEMEVP,52820,Term Based - Annual,TermDefined
01tWC00000DCyyCYAT,FIM-FML-NRPS-VEMEVP,52820,Term Based - Annual,TermDefined
01tWC00000DCyyCYAT,FIM-FML-NRPS-VEMEVP,46912.5,One Time,OneTime
01tWC00000DCyyCYAT,FIM-FML-NRPS-VEMEVP,46912.5,One Time,OneTime
01tWC00000DCyyCYAT,FIM-FML-NRPS-VEMEVP,46912.5,Term Based - Annual,TermDefined
01tWC00000DCyyCYAT,FIM-FML-NRPS-VEMEVP,46912.5,Term Based - Annual,TermDefined
01tWC00000DCyyCYAT,FIM-FML-NRPS-VEMEVP,31970,One Time,OneTime
01tWC00000DCyyCYAT,FIM-FML-NRPS-VEMEVP,31970,One Time,OneTime
01tWC00000DCyyCYAT,FIM-FML-NRPS-VEMEVP,31970,Term Based - Annual,TermDefined
01tWC00000DCyyCYAT,FIM-FML-NRPS-VEMEVP,31970,Term Based - Annual,TermDefined
01tWC00000DCyyCYAT,FIM-FML-NRPS-VEMEVP,27452.5,One Time,OneTime
01tWC00000DCyyCYAT,FIM-FML-NRPS-VEMEVP,27452.5,One Time,OneTime
01tWC00000DCyyCYAT,FIM-FML-NRPS-VEMEVP,27452.5,Term Based - Annual,TermDefined
01tWC00000DCyyCYAT,FIM-FML-NRPS-VEMEVP,27452.5,Term Based - Annual,TermDefined
01tWC00000DCyyGYAT,FIM-FIM-NRPS-VEMEVD,0,One Time,OneTime
01tWC00000DCyyGYAT,FIM-FIM-NRPS-VEMEVD,0,One Time,OneTime
01tWC00000DCyyGYAT,FIM-FIM-NRPS-VEMEVD,0,Term Based - Annual,TermDefined
01tWC00000DCyyGYAT,FIM-FIM-NRPS-VEMEVD,0,Term Based - Annual,TermDefined
01tWC00000DCyyGYAT,FIM-FIM-NRPS-VEMEVD,0,One Time,OneTime
01tWC00000DCyyGYAT,FIM-FIM-NRPS-VEMEVD,0,One Time,OneTime
01tWC00000DCyyGYAT,FIM-FIM-NRPS-VEMEVD,0,Term Based - Annual,TermDefined
01tWC00000DCyyGYAT,FIM-FIM-NRPS-VEMEVD,0,Term Based - Annual,TermDefined
01tWC00000DCyyGYAT,FIM-FIM-NRPS-VEMEVD,0,One Time,OneTime
01tWC00000DCyyGYAT,FIM-FIM-NRPS-VEMEVD,0,One Time,OneTime
01tWC00000DCyyGYAT,FIM-FIM-NRPS-VEMEVD,0,Term Based - Annual,TermDefined
01tWC00000DCyyGYAT,FIM-FIM-NRPS-VEMEVD,0,Term Based - Annual,TermDefined
01tWC00000DCyyGYAT,FIM-FIM-NRPS-VEMEVD,0,One Time,OneTime
01tWC00000DCyyGYAT,FIM-FIM-NRPS-VEMEVD,0,One Time,OneTime
01tWC00000DCyyGYAT,FIM-FIM-NRPS-VEMEVD,0,Term Based - Annual,TermDefined
01tWC00000DCyyGYAT,FIM-FIM-NRPS-VEMEVD,0,Term Based - Annual,TermDefined
01tWC00000DCyyGYAT,FIM-FIM-NRPS-VEMEVD,0,One Time,OneTime
01tWC00000DCyyGYAT,FIM-FIM-NRPS-VEMEVD,0,One Time,OneTime
01tWC00000DCyyGYAT,FIM-FIM-NRPS-VEMEVD,0,Term Based - Annual,TermDefined
01tWC00000DCyyGYAT,FIM-FIM-NRPS-VEMEVD,0,Term Based - Annual,TermDefined
01tWC00000DCyyLYAT,FIM-FIM-NRPS-VEMELP,12325,One Time,OneTime
01tWC00000DCyyLYAT,FIM-FIM-NRPS-VEMELP,12325,One Time,OneTime
01tWC00000DCyyLYAT,FIM-FIM-NRPS-VEMELP,12325,Term Based - Annual,TermDefined
01tWC00000DCyyLYAT,FIM-FIM-NRPS-VEMELP,12325,Term Based - Annual,TermDefined
01tWC00000DCyyLYAT,FIM-FIM-NRPS-VEMELP,18734,One Time,OneTime
01tWC00000DCyyLYAT,FIM-FIM-NRPS-VEMELP,18734,One Time,OneTime
01tWC00000DCyyLYAT,FIM-FIM-NRPS-VEMELP,18734,Term Based - Annual,TermDefined
01tWC00000DCyyLYAT,FIM-FIM-NRPS-VEMELP,18734,Term Based - Annual,TermDefined
01tWC00000DCyyLYAT,FIM-FIM-NRPS-VEMELP,16638.75,One Time,OneTime
01tWC00000DCyyLYAT,FIM-FIM-NRPS-VEMELP,16638.75,One Time,OneTime
01tWC00000DCyyLYAT,FIM-FIM-NRPS-VEMELP,16638.75,Term Based - Annual,TermDefined
01tWC00000DCyyLYAT,FIM-FIM-NRPS-VEMELP,16638.75,Term Based - Annual,TermDefined
01tWC00000DCyyLYAT,FIM-FIM-NRPS-VEMELP,11339,One Time,OneTime
01tWC00000DCyyLYAT,FIM-FIM-NRPS-VEMELP,11339,One Time,OneTime
01tWC00000DCyyLYAT,FIM-FIM-NRPS-VEMELP,11339,Term Based - Annual,TermDefined
01tWC00000DCyyLYAT,FIM-FIM-NRPS-VEMELP,11339,Term Based - Annual,TermDefined
01tWC00000DCyyLYAT,FIM-FIM-NRPS-VEMELP,9736.75,One Time,OneTime
01tWC00000DCyyLYAT,FIM-FIM-NRPS-VEMELP,9736.75,One Time,OneTime
01tWC00000DCyyLYAT,FIM-FIM-NRPS-VEMELP,9736.75,Term Based - Annual,TermDefined
01tWC00000DCyyLYAT,FIM-FIM-NRPS-VEMELP,9736.75,Term Based - Annual,TermDefined
01tWC00000DCzGJYA1,FIM-FIM-NRPS-TEIDP,299,One Time,OneTime
01tWC00000DCzGJYA1,FIM-FIM-NRPS-TEIDP,299,One Time,OneTime
01tWC00000DCzGJYA1,FIM-FIM-NRPS-TEIDP,299,Term Based - Annual,TermDefined
01tWC00000DCzGJYA1,FIM-FIM-NRPS-TEIDP,299,Term Based - Annual,TermDefined
01tWC00000DCzGJYA1,FIM-FIM-NRPS-TEIDP,454.48,One Time,OneTime
01tWC00000DCzGJYA1,FIM-FIM-NRPS-TEIDP,454.48,One Time,OneTime
01tWC00000DCzGJYA1,FIM-FIM-NRPS-TEIDP,454.48,Term Based - Annual,TermDefined
01tWC00000DCzGJYA1,FIM-FIM-NRPS-TEIDP,454.48,Term Based - Annual,TermDefined
01tWC00000DCzGJYA1,FIM-FIM-NRPS-TEIDP,403.65,One Time,OneTime
01tWC00000DCzGJYA1,FIM-FIM-NRPS-TEIDP,403.65,One Time,OneTime
01tWC00000DCzGJYA1,FIM-FIM-NRPS-TEIDP,403.65,Term Based - Annual,TermDefined
01tWC00000DCzGJYA1,FIM-FIM-NRPS-TEIDP,403.65,Term Based - Annual,TermDefined
01tWC00000DCzGJYA1,FIM-FIM-NRPS-TEIDP,275.08,One Time,OneTime
01tWC00000DCzGJYA1,FIM-FIM-NRPS-TEIDP,275.08,One Time,OneTime
01tWC00000DCzGJYA1,FIM-FIM-NRPS-TEIDP,275.08,Term Based - Annual,TermDefined
01tWC00000DCzGJYA1,FIM-FIM-NRPS-TEIDP,275.08,Term Based - Annual,TermDefined
01tWC00000DCzGJYA1,FIM-FIM-NRPS-TEIDP,236.21,One Time,OneTime
01tWC00000DCzGJYA1,FIM-FIM-NRPS-TEIDP,236.21,One Time,OneTime
01tWC00000DCzGJYA1,FIM-FIM-NRPS-TEIDP,236.21,Term Based - Annual,TermDefined
01tWC00000DCzGJYA1,FIM-FIM-NRPS-TEIDP,236.21,Term Based - Annual,TermDefined
01tWC00000DD14zYAD,RPA-AUT-NRPS-AUP,275000,One Time,OneTime
01tWC00000DD14zYAD,RPA-AUT-NRPS-AUP,275000,One Time,OneTime
01tWC00000DD14zYAD,RPA-AUT-NRPS-AUP,275000,One Time,OneTime
01tWC00000DD14zYAD,RPA-AUT-NRPS-AUP,275000,Term Based - Annual,TermDefined
01tWC00000DD14zYAD,RPA-AUT-NRPS-AUP,275000,Term Based - Annual,TermDefined
01tWC00000DD14zYAD,RPA-AUT-NRPS-AUP,0,One Time,OneTime
01tWC00000DD14zYAD,RPA-AUT-NRPS-AUP,418000,One Time,OneTime
01tWC00000DD14zYAD,RPA-AUT-NRPS-AUP,0,Term Based - Annual,TermDefined
01tWC00000DD14zYAD,RPA-AUT-NRPS-AUP,418000,Term Based - Annual,TermDefined
01tWC00000DD14zYAD,RPA-AUT-NRPS-AUP,0,One Time,OneTime
01tWC00000DD14zYAD,RPA-AUT-NRPS-AUP,371250,One Time,OneTime
01tWC00000DD14zYAD,RPA-AUT-NRPS-AUP,0,Term Based - Annual,TermDefined
01tWC00000DD14zYAD,RPA-AUT-NRPS-AUP,371250,Term Based - Annual,TermDefined
01tWC00000DD14zYAD,RPA-AUT-NRPS-AUP,0,One Time,OneTime
01tWC00000DD14zYAD,RPA-AUT-NRPS-AUP,253000,One Time,OneTime
01tWC00000DD14zYAD,RPA-AUT-NRPS-AUP,0,Term Based - Annual,TermDefined
01tWC00000DD14zYAD,RPA-AUT-NRPS-AUP,253000,Term Based - Annual,TermDefined
01tWC00000DD14zYAD,RPA-AUT-NRPS-AUP,0,One Time,OneTime
01tWC00000DD14zYAD,RPA-AUT-NRPS-AUP,217250,One Time,OneTime
01tWC00000DD14zYAD,RPA-AUT-NRPS-AUP,0,Term Based - Annual,TermDefined
01tWC00000DD14zYAD,RPA-AUT-NRPS-AUP,217250,Term Based - Annual,TermDefined
01tWC00000DD15sYAD,FIM-FML-NRPS-CCMNDP,149,One Time,OneTime
01tWC00000DD15sYAD,FIM-FML-NRPS-CCMNDP,149,One Time,OneTime
01tWC00000DD15sYAD,FIM-FML-NRPS-CCMNDP,149,One Time,OneTime
01tWC00000DD15sYAD,FIM-FML-NRPS-CCMNDP,149,Term Based - Annual,TermDefined
01tWC00000DD15sYAD,FIM-FML-NRPS-CCMNDP,149,Term Based - Annual,TermDefined
01tWC00000DD15sYAD,FIM-FML-NRPS-CCMNDP,226.48,One Time,OneTime
01tWC00000DD15sYAD,FIM-FML-NRPS-CCMNDP,226.48,One Time,OneTime
01tWC00000DD15sYAD,FIM-FML-NRPS-CCMNDP,226.48,Term Based - Annual,TermDefined
01tWC00000DD15sYAD,FIM-FML-NRPS-CCMNDP,226.48,Term Based - Annual,TermDefined
01tWC00000DD15sYAD,FIM-FML-NRPS-CCMNDP,201.15,One Time,OneTime
01tWC00000DD15sYAD,FIM-FML-NRPS-CCMNDP,201.15,One Time,OneTime
01tWC00000DD15sYAD,FIM-FML-NRPS-CCMNDP,201.15,Term Based - Annual,TermDefined
01tWC00000DD15sYAD,FIM-FML-NRPS-CCMNDP,201.15,Term Based - Annual,TermDefined
01tWC00000DD15sYAD,FIM-FML-NRPS-CCMNDP,137.08,One Time,OneTime
01tWC00000DD15sYAD,FIM-FML-NRPS-CCMNDP,137.08,One Time,OneTime
01tWC00000DD15sYAD,FIM-FML-NRPS-CCMNDP,137.08,Term Based - Annual,TermDefined
01tWC00000DD15sYAD,FIM-FML-NRPS-CCMNDP,137.08,Term Based - Annual,TermDefined
01tWC00000DD15sYAD,FIM-FML-NRPS-CCMNDP,117.71,One Time,OneTime
01tWC00000DD15sYAD,FIM-FML-NRPS-CCMNDP,117.71,One Time,OneTime
01tWC00000DD15sYAD,FIM-FML-NRPS-CCMNDP,117.71,Term Based - Annual,TermDefined
01tWC00000DD15sYAD,FIM-FML-NRPS-CCMNDP,117.71,Term Based - Annual,TermDefined
01tWC00000DD15xYAD,FIM-FML-NRPS-CCMSER,199,One Time,OneTime
01tWC00000DD15xYAD,FIM-FML-NRPS-CCMSER,199,One Time,OneTime
01tWC00000DD15xYAD,FIM-FML-NRPS-CCMSER,199,Term Based - Annual,TermDefined
01tWC00000DD15xYAD,FIM-FML-NRPS-CCMSER,199,Term Based - Annual,TermDefined
01tWC00000DD15xYAD,FIM-FML-NRPS-CCMSER,302.48,One Time,OneTime
01tWC00000DD15xYAD,FIM-FML-NRPS-CCMSER,302.48,One Time,OneTime
01tWC00000DD15xYAD,FIM-FML-NRPS-CCMSER,302.48,Term Based - Annual,TermDefined
01tWC00000DD15xYAD,FIM-FML-NRPS-CCMSER,302.48,Term Based - Annual,TermDefined
01tWC00000DD15xYAD,FIM-FML-NRPS-CCMSER,268.65,One Time,OneTime
01tWC00000DD15xYAD,FIM-FML-NRPS-CCMSER,268.65,One Time,OneTime
01tWC00000DD15xYAD,FIM-FML-NRPS-CCMSER,268.65,Term Based - Annual,TermDefined
01tWC00000DD15xYAD,FIM-FML-NRPS-CCMSER,268.65,Term Based - Annual,TermDefined
01tWC00000DD15xYAD,FIM-FML-NRPS-CCMSER,183.08,One Time,OneTime
01tWC00000DD15xYAD,FIM-FML-NRPS-CCMSER,183.08,One Time,OneTime
01tWC00000DD15xYAD,FIM-FML-NRPS-CCMSER,183.08,Term Based - Annual,TermDefined
01tWC00000DD15xYAD,FIM-FML-NRPS-CCMSER,183.08,Term Based - Annual,TermDefined
01tWC00000DD15xYAD,FIM-FML-NRPS-CCMSER,157.21,One Time,OneTime
01tWC00000DD15xYAD,FIM-FML-NRPS-CCMSER,157.21,One Time,OneTime
01tWC00000DD15xYAD,FIM-FML-NRPS-CCMSER,157.21,Term Based - Annual,TermDefined
01tWC00000DD15xYAD,FIM-FML-NRPS-CCMSER,157.21,Term Based - Annual,TermDefined
01tWC00000DD162YAD,FIM-FML-NRPS-CCMSIP,40,One Time,OneTime
01tWC00000DD162YAD,FIM-FML-NRPS-CCMSIP,40,One Time,OneTime
01tWC00000DD162YAD,FIM-FML-NRPS-CCMSIP,40,Term Based - Annual,TermDefined
01tWC00000DD162YAD,FIM-FML-NRPS-CCMSIP,40,Term Based - Annual,TermDefined
01tWC00000DD162YAD,FIM-FML-NRPS-CCMSIP,60.8,One Time,OneTime
01tWC00000DD162YAD,FIM-FML-NRPS-CCMSIP,60.8,One Time,OneTime
01tWC00000DD162YAD,FIM-FML-NRPS-CCMSIP,60.8,Term Based - Annual,TermDefined
01tWC00000DD162YAD,FIM-FML-NRPS-CCMSIP,60.8,Term Based - Annual,TermDefined
01tWC00000DD162YAD,FIM-FML-NRPS-CCMSIP,54,One Time,OneTime
01tWC00000DD162YAD,FIM-FML-NRPS-CCMSIP,54,One Time,OneTime
01tWC00000DD162YAD,FIM-FML-NRPS-CCMSIP,54,Term Based - Annual,TermDefined
01tWC00000DD162YAD,FIM-FML-NRPS-CCMSIP,54,Term Based - Annual,TermDefined
01tWC00000DD162YAD,FIM-FML-NRPS-CCMSIP,36.8,One Time,OneTime
01tWC00000DD162YAD,FIM-FML-NRPS-CCMSIP,36.8,One Time,OneTime
01tWC00000DD162YAD,FIM-FML-NRPS-CCMSIP,36.8,Term Based - Annual,TermDefined
01tWC00000DD162YAD,FIM-FML-NRPS-CCMSIP,36.8,Term Based - Annual,TermDefined
01tWC00000DD162YAD,FIM-FML-NRPS-CCMSIP,31.6,One Time,OneTime
01tWC00000DD162YAD,FIM-FML-NRPS-CCMSIP,31.6,One Time,OneTime
01tWC00000DD162YAD,FIM-FML-NRPS-CCMSIP,31.6,Term Based - Annual,TermDefined
01tWC00000DD162YAD,FIM-FML-NRPS-CCMSIP,31.6,Term Based - Annual,TermDefined
01tWC00000DD167YAD,FIM-FIM-NRPS-CCMWOR,69,One Time,OneTime
01tWC00000DD167YAD,FIM-FIM-NRPS-CCMWOR,69,One Time,OneTime
01tWC00000DD167YAD,FIM-FIM-NRPS-CCMWOR,104.88,One Time,OneTime
01tWC00000DD167YAD,FIM-FIM-NRPS-CCMWOR,104.88,One Time,OneTime
01tWC00000DD167YAD,FIM-FIM-NRPS-CCMWOR,93.15,One Time,OneTime
01tWC00000DD167YAD,FIM-FIM-NRPS-CCMWOR,93.15,One Time,OneTime
01tWC00000DD167YAD,FIM-FIM-NRPS-CCMWOR,63.48,One Time,OneTime
01tWC00000DD167YAD,FIM-FIM-NRPS-CCMWOR,63.48,One Time,OneTime
01tWC00000DD167YAD,FIM-FIM-NRPS-CCMWOR,54.51,One Time,OneTime
01tWC00000DD167YAD,FIM-FIM-NRPS-CCMWOR,54.51,One Time,OneTime
01tWC00000DD16EYAT,FIM-FIM-NRPS-CCMLIM,12000,One Time,OneTime
01tWC00000DD16EYAT,FIM-FIM-NRPS-CCMLIM,12000,One Time,OneTime
01tWC00000DD16EYAT,FIM-FIM-NRPS-CCMLIM,18240,One Time,OneTime
01tWC00000DD16EYAT,FIM-FIM-NRPS-CCMLIM,18240,One Time,OneTime
01tWC00000DD16EYAT,FIM-FIM-NRPS-CCMLIM,16200,One Time,OneTime
01tWC00000DD16EYAT,FIM-FIM-NRPS-CCMLIM,16200,One Time,OneTime
01tWC00000DD16EYAT,FIM-FIM-NRPS-CCMLIM,11040,One Time,OneTime
01tWC00000DD16EYAT,FIM-FIM-NRPS-CCMLIM,11040,One Time,OneTime
01tWC00000DD16EYAT,FIM-FIM-NRPS-CCMLIM,9480,One Time,OneTime
01tWC00000DD16EYAT,FIM-FIM-NRPS-CCMLIM,9480,One Time,OneTime
01tWC00000DD16IYAT,FIM-FIM-NRPS-CCMLIE,2008,One Time,OneTime
01tWC00000DD16IYAT,FIM-FIM-NRPS-CCMLIE,2008,One Time,OneTime
01tWC00000DD16IYAT,FIM-FIM-NRPS-CCMLIE,2008,Term Based - Annual,TermDefined
01tWC00000DD16IYAT,FIM-FIM-NRPS-CCMLIE,2008,Term Based - Annual,TermDefined
01tWC00000DD16IYAT,FIM-FIM-NRPS-CCMLIE,3052.16,One Time,OneTime
01tWC00000DD16IYAT,FIM-FIM-NRPS-CCMLIE,3052.16,One Time,OneTime
01tWC00000DD16IYAT,FIM-FIM-NRPS-CCMLIE,3052.16,Term Based - Annual,TermDefined
01tWC00000DD16IYAT,FIM-FIM-NRPS-CCMLIE,3052.16,Term Based - Annual,TermDefined
01tWC00000DD16IYAT,FIM-FIM-NRPS-CCMLIE,2710.8,One Time,OneTime
01tWC00000DD16IYAT,FIM-FIM-NRPS-CCMLIE,2710.8,One Time,OneTime
01tWC00000DD16IYAT,FIM-FIM-NRPS-CCMLIE,2710.8,Term Based - Annual,TermDefined
01tWC00000DD16IYAT,FIM-FIM-NRPS-CCMLIE,2710.8,Term Based - Annual,TermDefined
01tWC00000DD16IYAT,FIM-FIM-NRPS-CCMLIE,1847.36,One Time,OneTime
01tWC00000DD16IYAT,FIM-FIM-NRPS-CCMLIE,1847.36,One Time,OneTime
01tWC00000DD16IYAT,FIM-FIM-NRPS-CCMLIE,1847.36,Term Based - Annual,TermDefined
01tWC00000DD16IYAT,FIM-FIM-NRPS-CCMLIE,1847.36,Term Based - Annual,TermDefined
01tWC00000DD16IYAT,FIM-FIM-NRPS-CCMLIE,1586.32,One Time,OneTime
01tWC00000DD16IYAT,FIM-FIM-NRPS-CCMLIE,1586.32,One Time,OneTime
01tWC00000DD16IYAT,FIM-FIM-NRPS-CCMLIE,1586.32,Term Based - Annual,TermDefined
01tWC00000DD16IYAT,FIM-FIM-NRPS-CCMLIE,1586.32,Term Based - Annual,TermDefined
01tWC00000DD16KYAT,FIM-FIM-RSS-CCMMSF,16620,Term Based - Annual,TermDefined
01tWC00000DD16KYAT,FIM-FIM-RSS-CCMMSF,16620,Term Based - Annual,TermDefined
01tWC00000DD16KYAT,FIM-FIM-RSS-CCMMSF,25262.4,Term Based - Annual,TermDefined
01tWC00000DD16KYAT,FIM-FIM-RSS-CCMMSF,25262.4,Term Based - Annual,TermDefined
01tWC00000DD16KYAT,FIM-FIM-RSS-CCMMSF,22437,Term Based - Annual,TermDefined
01tWC00000DD16KYAT,FIM-FIM-RSS-CCMMSF,22437,Term Based - Annual,TermDefined
01tWC00000DD16KYAT,FIM-FIM-RSS-CCMMSF,15290.4,Term Based - Annual,TermDefined
01tWC00000DD16KYAT,FIM-FIM-RSS-CCMMSF,15290.4,Term Based - Annual,TermDefined
01tWC00000DD16KYAT,FIM-FIM-RSS-CCMMSF,13129.8,Term Based - Annual,TermDefined
01tWC00000DD16KYAT,FIM-FIM-RSS-CCMMSF,13129.8,Term Based - Annual,TermDefined
01tWC00000DD16MYAT,FIM-FIM-NRPS-CCMMSP,34750,One Time,OneTime
01tWC00000DD16MYAT,FIM-FIM-NRPS-CCMMSP,34750,One Time,OneTime
01tWC00000DD16MYAT,FIM-FIM-NRPS-CCMMSP,52820,One Time,OneTime
01tWC00000DD16MYAT,FIM-FIM-NRPS-CCMMSP,52820,One Time,OneTime
01tWC00000DD16MYAT,FIM-FIM-NRPS-CCMMSP,46912.5,One Time,OneTime
01tWC00000DD16MYAT,FIM-FIM-NRPS-CCMMSP,46912.5,One Time,OneTime
01tWC00000DD16MYAT,FIM-FIM-NRPS-CCMMSP,31970,One Time,OneTime
01tWC00000DD16MYAT,FIM-FIM-NRPS-CCMMSP,31970,One Time,OneTime
01tWC00000DD16MYAT,FIM-FIM-NRPS-CCMMSP,27452.5,One Time,OneTime
01tWC00000DD16MYAT,FIM-FIM-NRPS-CCMMSP,27452.5,One Time,OneTime
01tWC00000DD16RYAT,FIM-FIM-NRPS-CCMSEP,4200,One Time,OneTime
01tWC00000DD16RYAT,FIM-FIM-NRPS-CCMSEP,4200,One Time,OneTime
01tWC00000DD16RYAT,FIM-FIM-NRPS-CCMSEP,6384,One Time,OneTime
01tWC00000DD16RYAT,FIM-FIM-NRPS-CCMSEP,6384,One Time,OneTime
01tWC00000DD16RYAT,FIM-FIM-NRPS-CCMSEP,5670,One Time,OneTime
01tWC00000DD16RYAT,FIM-FIM-NRPS-CCMSEP,5670,One Time,OneTime
01tWC00000DD16RYAT,FIM-FIM-NRPS-CCMSEP,3864,One Time,OneTime
01tWC00000DD16RYAT,FIM-FIM-NRPS-CCMSEP,3864,One Time,OneTime
01tWC00000DD16RYAT,FIM-FIM-NRPS-CCMSEP,3318,One Time,OneTime
01tWC00000DD16RYAT,FIM-FIM-NRPS-CCMSEP,3318,One Time,OneTime
01tWC00000DD1BOYA1,FIM-FIM-NRPS-DPEPER,4495,One Time,OneTime
01tWC00000DD1BOYA1,FIM-FIM-NRPS-DPEPER,4495,One Time,OneTime
01tWC00000DD1BOYA1,FIM-FIM-NRPS-DPEPER,6832.4,One Time,OneTime
01tWC00000DD1BOYA1,FIM-FIM-NRPS-DPEPER,6832.4,One Time,OneTime
01tWC00000DD1BOYA1,FIM-FIM-NRPS-DPEPER,6068.25,One Time,OneTime
01tWC00000DD1BOYA1,FIM-FIM-NRPS-DPEPER,6068.25,One Time,OneTime
01tWC00000DD1BOYA1,FIM-FIM-NRPS-DPEPER,4135.4,One Time,OneTime
01tWC00000DD1BOYA1,FIM-FIM-NRPS-DPEPER,4135.4,One Time,OneTime
01tWC00000DD1BOYA1,FIM-FIM-NRPS-DPEPER,3551.05,One Time,OneTime
01tWC00000DD1BOYA1,FIM-FIM-NRPS-DPEPER,3551.05,One Time,OneTime
01tWC00000DD1BUYA1,FIM-FIM-RSS-DPEEXS,325,One Time,OneTime
01tWC00000DD1BUYA1,FIM-FIM-RSS-DPEEXS,325,One Time,OneTime
01tWC00000DD1BUYA1,FIM-FIM-RSS-DPEEXS,325,Term Based - Annual,TermDefined
01tWC00000DD1BUYA1,FIM-FIM-RSS-DPEEXS,325,Term Based - Annual,TermDefined
01tWC00000DD1BUYA1,FIM-FIM-RSS-DPEEXS,325,Term Based - Annual,TermDefined
01tWC00000DD1BUYA1,FIM-FIM-RSS-DPEEXS,494,One Time,OneTime
01tWC00000DD1BUYA1,FIM-FIM-RSS-DPEEXS,494,One Time,OneTime
01tWC00000DD1BUYA1,FIM-FIM-RSS-DPEEXS,494,Term Based - Annual,TermDefined
01tWC00000DD1BUYA1,FIM-FIM-RSS-DPEEXS,494,Term Based - Annual,TermDefined
01tWC00000DD1BUYA1,FIM-FIM-RSS-DPEEXS,438.75,One Time,OneTime
01tWC00000DD1BUYA1,FIM-FIM-RSS-DPEEXS,438.75,One Time,OneTime
01tWC00000DD1BUYA1,FIM-FIM-RSS-DPEEXS,438.75,Term Based - Annual,TermDefined
01tWC00000DD1BUYA1,FIM-FIM-RSS-DPEEXS,438.75,Term Based - Annual,TermDefined
01tWC00000DD1BUYA1,FIM-FIM-RSS-DPEEXS,299,One Time,OneTime
01tWC00000DD1BUYA1,FIM-FIM-RSS-DPEEXS,299,One Time,OneTime
01tWC00000DD1BUYA1,FIM-FIM-RSS-DPEEXS,299,Term Based - Annual,TermDefined
01tWC00000DD1BUYA1,FIM-FIM-RSS-DPEEXS,299,Term Based - Annual,TermDefined
01tWC00000DD1BUYA1,FIM-FIM-RSS-DPEEXS,256.75,One Time,OneTime
01tWC00000DD1BUYA1,FIM-FIM-RSS-DPEEXS,256.75,One Time,OneTime
01tWC00000DD1BUYA1,FIM-FIM-RSS-DPEEXS,256.75,Term Based - Annual,TermDefined
01tWC00000DD1BUYA1,FIM-FIM-RSS-DPEEXS,256.75,Term Based - Annual,TermDefined
01tWC00000DD1BWYA1,FIM-FIM-NRPS-DPELIM,1645,One Time,OneTime
01tWC00000DD1BWYA1,FIM-FIM-NRPS-DPELIM,1645,One Time,OneTime
01tWC00000DD1BWYA1,FIM-FIM-NRPS-DPELIM,2500.4,One Time,OneTime
01tWC00000DD1BWYA1,FIM-FIM-NRPS-DPELIM,2500.4,One Time,OneTime
01tWC00000DD1BWYA1,FIM-FIM-NRPS-DPELIM,2220.75,One Time,OneTime
01tWC00000DD1BWYA1,FIM-FIM-NRPS-DPELIM,2220.75,One Time,OneTime
01tWC00000DD1BWYA1,FIM-FIM-NRPS-DPELIM,1513.4,One Time,OneTime
01tWC00000DD1BWYA1,FIM-FIM-NRPS-DPELIM,1513.4,One Time,OneTime
01tWC00000DD1BWYA1,FIM-FIM-NRPS-DPELIM,1299.55,One Time,OneTime
01tWC00000DD1BWYA1,FIM-FIM-NRPS-DPELIM,1299.55,One Time,OneTime
01tWC00000DD1DxYAL,GS-GSE-NRPS-E8CP,0,One Time,OneTime
01tWC00000DD1DxYAL,GS-GSE-NRPS-E8CP,0,One Time,OneTime
01tWC00000DD1DxYAL,GS-GSE-NRPS-E8CP,0,One Time,OneTime
01tWC00000DD1DxYAL,GS-GSE-NRPS-E8CP,0,One Time,OneTime
01tWC00000DD1DxYAL,GS-GSE-NRPS-E8CP,0,One Time,OneTime
01tWC00000DD1DxYAL,GS-GSE-NRPS-E8CP,0,One Time,OneTime
01tWC00000DD1DxYAL,GS-GSE-NRPS-E8CP,0,One Time,OneTime
01tWC00000DD1DxYAL,GS-GSE-NRPS-E8CP,0,One Time,OneTime
01tWC00000DD1DxYAL,GS-GSE-NRPS-E8CP,0,One Time,OneTime
01tWC00000DD1DxYAL,GS-GSE-NRPS-E8CP,0,One Time,OneTime
01tWC00000DD1HtYAL,FIM-FIM-NRPS-FIMDAT,0,One Time,OneTime
01tWC00000DD1HtYAL,FIM-FIM-NRPS-FIMDAT,0,One Time,OneTime
01tWC00000DD1HtYAL,FIM-FIM-NRPS-FIMDAT,0,Term Based - Annual,TermDefined
01tWC00000DD1HtYAL,FIM-FIM-NRPS-FIMDAT,0,Term Based - Annual,TermDefined
01tWC00000DD1HtYAL,FIM-FIM-NRPS-FIMDAT,0,One Time,OneTime
01tWC00000DD1HtYAL,FIM-FIM-NRPS-FIMDAT,0,One Time,OneTime
01tWC00000DD1HtYAL,FIM-FIM-NRPS-FIMDAT,0,Term Based - Annual,TermDefined
01tWC00000DD1HtYAL,FIM-FIM-NRPS-FIMDAT,0,Term Based - Annual,TermDefined
01tWC00000DD1HtYAL,FIM-FIM-NRPS-FIMDAT,0,One Time,OneTime
01tWC00000DD1HtYAL,FIM-FIM-NRPS-FIMDAT,0,One Time,OneTime
01tWC00000DD1HtYAL,FIM-FIM-NRPS-FIMDAT,0,Term Based - Annual,TermDefined
01tWC00000DD1HtYAL,FIM-FIM-NRPS-FIMDAT,0,Term Based - Annual,TermDefined
01tWC00000DD1HtYAL,FIM-FIM-NRPS-FIMDAT,0,One Time,OneTime
01tWC00000DD1HtYAL,FIM-FIM-NRPS-FIMDAT,0,One Time,OneTime
01tWC00000DD1HtYAL,FIM-FIM-NRPS-FIMDAT,0,Term Based - Annual,TermDefined
01tWC00000DD1HtYAL,FIM-FIM-NRPS-FIMDAT,0,Term Based - Annual,TermDefined
01tWC00000DD1HtYAL,FIM-FIM-NRPS-FIMDAT,0,One Time,OneTime
01tWC00000DD1HtYAL,FIM-FIM-NRPS-FIMDAT,0,One Time,OneTime
01tWC00000DD1HtYAL,FIM-FIM-NRPS-FIMDAT,0,Term Based - Annual,TermDefined
01tWC00000DD1HtYAL,FIM-FIM-NRPS-FIMDAT,0,Term Based - Annual,TermDefined
01tWC00000DD1HxYAL,FIM-FIM-NRPS-FIMDEP,66,One Time,OneTime
01tWC00000DD1HxYAL,FIM-FIM-NRPS-FIMDEP,66,One Time,OneTime
01tWC00000DD1HxYAL,FIM-FIM-NRPS-FIMDEP,66,Term Based - Annual,TermDefined
01tWC00000DD1HxYAL,FIM-FIM-NRPS-FIMDEP,66,Term Based - Annual,TermDefined
01tWC00000DD1HxYAL,FIM-FIM-NRPS-FIMDEP,100.32,One Time,OneTime
01tWC00000DD1HxYAL,FIM-FIM-NRPS-FIMDEP,100.32,One Time,OneTime
01tWC00000DD1HxYAL,FIM-FIM-NRPS-FIMDEP,100.32,Term Based - Annual,TermDefined
01tWC00000DD1HxYAL,FIM-FIM-NRPS-FIMDEP,100.32,Term Based - Annual,TermDefined
01tWC00000DD1HxYAL,FIM-FIM-NRPS-FIMDEP,89.1,One Time,OneTime
01tWC00000DD1HxYAL,FIM-FIM-NRPS-FIMDEP,89.1,One Time,OneTime
01tWC00000DD1HxYAL,FIM-FIM-NRPS-FIMDEP,89.1,Term Based - Annual,TermDefined
01tWC00000DD1HxYAL,FIM-FIM-NRPS-FIMDEP,89.1,Term Based - Annual,TermDefined
01tWC00000DD1HxYAL,FIM-FIM-NRPS-FIMDEP,60.72,One Time,OneTime
01tWC00000DD1HxYAL,FIM-FIM-NRPS-FIMDEP,60.72,One Time,OneTime
01tWC00000DD1HxYAL,FIM-FIM-NRPS-FIMDEP,60.72,Term Based - Annual,TermDefined
01tWC00000DD1HxYAL,FIM-FIM-NRPS-FIMDEP,60.72,Term Based - Annual,TermDefined
01tWC00000DD1HxYAL,FIM-FIM-NRPS-FIMDEP,52.14,One Time,OneTime
01tWC00000DD1HxYAL,FIM-FIM-NRPS-FIMDEP,52.14,One Time,OneTime
01tWC00000DD1HxYAL,FIM-FIM-NRPS-FIMDEP,52.14,Term Based - Annual,TermDefined
01tWC00000DD1HxYAL,FIM-FIM-NRPS-FIMDEP,52.14,Term Based - Annual,TermDefined
01tWC00000DD1I1YAL,FIM-FIM-NRPS-FIMDSP,0,One Time,OneTime
01tWC00000DD1I1YAL,FIM-FIM-NRPS-FIMDSP,0,One Time,OneTime
01tWC00000DD1I1YAL,FIM-FIM-NRPS-FIMDSP,0,Term Based - Annual,TermDefined
01tWC00000DD1I1YAL,FIM-FIM-NRPS-FIMDSP,0,Term Based - Annual,TermDefined
01tWC00000DD1I1YAL,FIM-FIM-NRPS-FIMDSP,0,One Time,OneTime
01tWC00000DD1I1YAL,FIM-FIM-NRPS-FIMDSP,0,One Time,OneTime
01tWC00000DD1I1YAL,FIM-FIM-NRPS-FIMDSP,0,Term Based - Annual,TermDefined
01tWC00000DD1I1YAL,FIM-FIM-NRPS-FIMDSP,0,Term Based - Annual,TermDefined
01tWC00000DD1I1YAL,FIM-FIM-NRPS-FIMDSP,0,One Time,OneTime
01tWC00000DD1I1YAL,FIM-FIM-NRPS-FIMDSP,0,One Time,OneTime
01tWC00000DD1I1YAL,FIM-FIM-NRPS-FIMDSP,0,Term Based - Annual,TermDefined
01tWC00000DD1I1YAL,FIM-FIM-NRPS-FIMDSP,0,Term Based - Annual,TermDefined
01tWC00000DD1I1YAL,FIM-FIM-NRPS-FIMDSP,0,One Time,OneTime
01tWC00000DD1I1YAL,FIM-FIM-NRPS-FIMDSP,0,One Time,OneTime
01tWC00000DD1I1YAL,FIM-FIM-NRPS-FIMDSP,0,Term Based - Annual,TermDefined
01tWC00000DD1I1YAL,FIM-FIM-NRPS-FIMDSP,0,Term Based - Annual,TermDefined
01tWC00000DD1I1YAL,FIM-FIM-NRPS-FIMDSP,0,One Time,OneTime
01tWC00000DD1I1YAL,FIM-FIM-NRPS-FIMDSP,0,One Time,OneTime
01tWC00000DD1I1YAL,FIM-FIM-NRPS-FIMDSP,0,Term Based - Annual,TermDefined
01tWC00000DD1I1YAL,FIM-FIM-NRPS-FIMDSP,0,Term Based - Annual,TermDefined
01tWC00000DD1I5YAL,FIM-FIM-NRPS-FIMFSP,595,One Time,OneTime
01tWC00000DD1I5YAL,FIM-FIM-NRPS-FIMFSP,595,One Time,OneTime
01tWC00000DD1I5YAL,FIM-FIM-NRPS-FIMFSP,595,Term Based - Annual,TermDefined
01tWC00000DD1I5YAL,FIM-FIM-NRPS-FIMFSP,595,Term Based - Annual,TermDefined
01tWC00000DD1I5YAL,FIM-FIM-NRPS-FIMFSP,904.4,One Time,OneTime
01tWC00000DD1I5YAL,FIM-FIM-NRPS-FIMFSP,904.4,One Time,OneTime
01tWC00000DD1I5YAL,FIM-FIM-NRPS-FIMFSP,904.4,Term Based - Annual,TermDefined
01tWC00000DD1I5YAL,FIM-FIM-NRPS-FIMFSP,904.4,Term Based - Annual,TermDefined
01tWC00000DD1I5YAL,FIM-FIM-NRPS-FIMFSP,803.25,One Time,OneTime
01tWC00000DD1I5YAL,FIM-FIM-NRPS-FIMFSP,803.25,One Time,OneTime
01tWC00000DD1I5YAL,FIM-FIM-NRPS-FIMFSP,803.25,Term Based - Annual,TermDefined
01tWC00000DD1I5YAL,FIM-FIM-NRPS-FIMFSP,803.25,Term Based - Annual,TermDefined
01tWC00000DD1I5YAL,FIM-FIM-NRPS-FIMFSP,547.4,One Time,OneTime
01tWC00000DD1I5YAL,FIM-FIM-NRPS-FIMFSP,547.4,One Time,OneTime
01tWC00000DD1I5YAL,FIM-FIM-NRPS-FIMFSP,547.4,Term Based - Annual,TermDefined
01tWC00000DD1I5YAL,FIM-FIM-NRPS-FIMFSP,547.4,Term Based - Annual,TermDefined
01tWC00000DD1I5YAL,FIM-FIM-NRPS-FIMFSP,470.05,One Time,OneTime
01tWC00000DD1I5YAL,FIM-FIM-NRPS-FIMFSP,470.05,One Time,OneTime
01tWC00000DD1I5YAL,FIM-FIM-NRPS-FIMFSP,470.05,Term Based - Annual,TermDefined
01tWC00000DD1I5YAL,FIM-FIM-NRPS-FIMFSP,470.05,Term Based - Annual,TermDefined
01tWC00000DD1I9YAL,FIM-FIM-NRPS-FIMLAR,149,One Time,OneTime
01tWC00000DD1I9YAL,FIM-FIM-NRPS-FIMLAR,149,One Time,OneTime
01tWC00000DD1I9YAL,FIM-FIM-NRPS-FIMLAR,149,Term Based - Annual,TermDefined
01tWC00000DD1I9YAL,FIM-FIM-NRPS-FIMLAR,149,Term Based - Annual,TermDefined
01tWC00000DD1I9YAL,FIM-FIM-NRPS-FIMLAR,0,One Time,OneTime
01tWC00000DD1I9YAL,FIM-FIM-NRPS-FIMLAR,226.48,One Time,OneTime
01tWC00000DD1I9YAL,FIM-FIM-NRPS-FIMLAR,0,Term Based - Annual,TermDefined
01tWC00000DD1I9YAL,FIM-FIM-NRPS-FIMLAR,226.48,Term Based - Annual,TermDefined
01tWC00000DD1I9YAL,FIM-FIM-NRPS-FIMLAR,0,One Time,OneTime
01tWC00000DD1I9YAL,FIM-FIM-NRPS-FIMLAR,201.15,One Time,OneTime
01tWC00000DD1I9YAL,FIM-FIM-NRPS-FIMLAR,0,Term Based - Annual,TermDefined
01tWC00000DD1I9YAL,FIM-FIM-NRPS-FIMLAR,201.15,Term Based - Annual,TermDefined
01tWC00000DD1I9YAL,FIM-FIM-NRPS-FIMLAR,0,One Time,OneTime
01tWC00000DD1I9YAL,FIM-FIM-NRPS-FIMLAR,137.08,One Time,OneTime
01tWC00000DD1I9YAL,FIM-FIM-NRPS-FIMLAR,0,Term Based - Annual,TermDefined
01tWC00000DD1I9YAL,FIM-FIM-NRPS-FIMLAR,137.08,Term Based - Annual,TermDefined
01tWC00000DD1I9YAL,FIM-FIM-NRPS-FIMLAR,0,One Time,OneTime
01tWC00000DD1I9YAL,FIM-FIM-NRPS-FIMLAR,117.71,One Time,OneTime
01tWC00000DD1I9YAL,FIM-FIM-NRPS-FIMLAR,0,Term Based - Annual,TermDefined
01tWC00000DD1I9YAL,FIM-FIM-NRPS-FIMLAR,117.71,Term Based - Annual,TermDefined
01tWC00000DD1ICYA1,FIM-FIM-NRPS-FIMLAD,199,One Time,OneTime
01tWC00000DD1ICYA1,FIM-FIM-NRPS-FIMLAD,199,One Time,OneTime
01tWC00000DD1ICYA1,FIM-FIM-NRPS-FIMLAD,302.48,One Time,OneTime
01tWC00000DD1ICYA1,FIM-FIM-NRPS-FIMLAD,302.48,One Time,OneTime
01tWC00000DD1ICYA1,FIM-FIM-NRPS-FIMLAD,268.65,One Time,OneTime
01tWC00000DD1ICYA1,FIM-FIM-NRPS-FIMLAD,268.65,One Time,OneTime
01tWC00000DD1ICYA1,FIM-FIM-NRPS-FIMLAD,183.08,One Time,OneTime
01tWC00000DD1ICYA1,FIM-FIM-NRPS-FIMLAD,183.08,One Time,OneTime
01tWC00000DD1ICYA1,FIM-FIM-NRPS-FIMLAD,157.21,One Time,OneTime
01tWC00000DD1ICYA1,FIM-FIM-NRPS-FIMLAD,157.21,One Time,OneTime
01tWC00000DD1IFYA1,FIM-FIM-NRPS-FIMMID,99,One Time,OneTime
01tWC00000DD1IFYA1,FIM-FIM-NRPS-FIMMID,99,One Time,OneTime
01tWC00000DD1IFYA1,FIM-FIM-NRPS-FIMMID,99,Term Based - Annual,TermDefined
01tWC00000DD1IFYA1,FIM-FIM-NRPS-FIMMID,99,Term Based - Annual,TermDefined
01tWC00000DD1IFYA1,FIM-FIM-NRPS-FIMMID,150.48,One Time,OneTime
01tWC00000DD1IFYA1,FIM-FIM-NRPS-FIMMID,150.48,One Time,OneTime
01tWC00000DD1IFYA1,FIM-FIM-NRPS-FIMMID,150.48,Term Based - Annual,TermDefined
01tWC00000DD1IFYA1,FIM-FIM-NRPS-FIMMID,150.48,Term Based - Annual,TermDefined
01tWC00000DD1IFYA1,FIM-FIM-NRPS-FIMMID,133.65,One Time,OneTime
01tWC00000DD1IFYA1,FIM-FIM-NRPS-FIMMID,133.65,One Time,OneTime
01tWC00000DD1IFYA1,FIM-FIM-NRPS-FIMMID,133.65,Term Based - Annual,TermDefined
01tWC00000DD1IFYA1,FIM-FIM-NRPS-FIMMID,133.65,Term Based - Annual,TermDefined
01tWC00000DD1IFYA1,FIM-FIM-NRPS-FIMMID,91.08,One Time,OneTime
01tWC00000DD1IFYA1,FIM-FIM-NRPS-FIMMID,91.08,One Time,OneTime
01tWC00000DD1IFYA1,FIM-FIM-NRPS-FIMMID,91.08,Term Based - Annual,TermDefined
01tWC00000DD1IFYA1,FIM-FIM-NRPS-FIMMID,91.08,Term Based - Annual,TermDefined
01tWC00000DD1IFYA1,FIM-FIM-NRPS-FIMMID,78.21,One Time,OneTime
01tWC00000DD1IFYA1,FIM-FIM-NRPS-FIMMID,78.21,One Time,OneTime
01tWC00000DD1IFYA1,FIM-FIM-NRPS-FIMMID,78.21,Term Based - Annual,TermDefined
01tWC00000DD1IFYA1,FIM-FIM-NRPS-FIMMID,78.21,Term Based - Annual,TermDefined
01tWC00000DD1IJYA1,FIM-FIM-NRPS-FIMNDP,199,One Time,OneTime
01tWC00000DD1IJYA1,FIM-FIM-NRPS-FIMNDP,199,One Time,OneTime
01tWC00000DD1IJYA1,FIM-FIM-NRPS-FIMNDP,199,Term Based - Annual,TermDefined
01tWC00000DD1IJYA1,FIM-FIM-NRPS-FIMNDP,199,Term Based - Annual,TermDefined
01tWC00000DD1IJYA1,FIM-FIM-NRPS-FIMNDP,302.48,One Time,OneTime
01tWC00000DD1IJYA1,FIM-FIM-NRPS-FIMNDP,302.48,One Time,OneTime
01tWC00000DD1IJYA1,FIM-FIM-NRPS-FIMNDP,302.48,Term Based - Annual,TermDefined
01tWC00000DD1IJYA1,FIM-FIM-NRPS-FIMNDP,302.48,Term Based - Annual,TermDefined
01tWC00000DD1IJYA1,FIM-FIM-NRPS-FIMNDP,268.65,One Time,OneTime
01tWC00000DD1IJYA1,FIM-FIM-NRPS-FIMNDP,268.65,One Time,OneTime
01tWC00000DD1IJYA1,FIM-FIM-NRPS-FIMNDP,268.65,Term Based - Annual,TermDefined
01tWC00000DD1IJYA1,FIM-FIM-NRPS-FIMNDP,268.65,Term Based - Annual,TermDefined
01tWC00000DD1IJYA1,FIM-FIM-NRPS-FIMNDP,183.08,One Time,OneTime
01tWC00000DD1IJYA1,FIM-FIM-NRPS-FIMNDP,183.08,One Time,OneTime
01tWC00000DD1IJYA1,FIM-FIM-NRPS-FIMNDP,183.08,Term Based - Annual,TermDefined
01tWC00000DD1IJYA1,FIM-FIM-NRPS-FIMNDP,183.08,Term Based - Annual,TermDefined
01tWC00000DD1IJYA1,FIM-FIM-NRPS-FIMNDP,157.21,One Time,OneTime
01tWC00000DD1IJYA1,FIM-FIM-NRPS-FIMNDP,157.21,One Time,OneTime
01tWC00000DD1IJYA1,FIM-FIM-NRPS-FIMNDP,157.21,Term Based - Annual,TermDefined
01tWC00000DD1IJYA1,FIM-FIM-NRPS-FIMNDP,157.21,Term Based - Annual,TermDefined
01tWC00000DD1IOYA1,FIM-FIM-NRPS-FIMPOE,66,One Time,OneTime
01tWC00000DD1IOYA1,FIM-FIM-NRPS-FIMPOE,66,One Time,OneTime
01tWC00000DD1IOYA1,FIM-FIM-NRPS-FIMPOE,66,Term Based - Annual,TermDefined
01tWC00000DD1IOYA1,FIM-FIM-NRPS-FIMPOE,66,Term Based - Annual,TermDefined
01tWC00000DD1IOYA1,FIM-FIM-NRPS-FIMPOE,100.32,One Time,OneTime
01tWC00000DD1IOYA1,FIM-FIM-NRPS-FIMPOE,100.32,One Time,OneTime
01tWC00000DD1IOYA1,FIM-FIM-NRPS-FIMPOE,100.32,Term Based - Annual,TermDefined
01tWC00000DD1IOYA1,FIM-FIM-NRPS-FIMPOE,100.32,Term Based - Annual,TermDefined
01tWC00000DD1IOYA1,FIM-FIM-NRPS-FIMPOE,89.1,One Time,OneTime
01tWC00000DD1IOYA1,FIM-FIM-NRPS-FIMPOE,89.1,One Time,OneTime
01tWC00000DD1IOYA1,FIM-FIM-NRPS-FIMPOE,89.1,Term Based - Annual,TermDefined
01tWC00000DD1IOYA1,FIM-FIM-NRPS-FIMPOE,89.1,Term Based - Annual,TermDefined
01tWC00000DD1IOYA1,FIM-FIM-NRPS-FIMPOE,60.72,One Time,OneTime
01tWC00000DD1IOYA1,FIM-FIM-NRPS-FIMPOE,60.72,One Time,OneTime
01tWC00000DD1IOYA1,FIM-FIM-NRPS-FIMPOE,60.72,Term Based - Annual,TermDefined
01tWC00000DD1IOYA1,FIM-FIM-NRPS-FIMPOE,60.72,Term Based - Annual,TermDefined
01tWC00000DD1IOYA1,FIM-FIM-NRPS-FIMPOE,52.14,One Time,OneTime
01tWC00000DD1IOYA1,FIM-FIM-NRPS-FIMPOE,52.14,One Time,OneTime
01tWC00000DD1IOYA1,FIM-FIM-NRPS-FIMPOE,52.14,Term Based - Annual,TermDefined
01tWC00000DD1IOYA1,FIM-FIM-NRPS-FIMPOE,52.14,Term Based - Annual,TermDefined
01tWC00000DD1ITYA1,FIM-FIM-NRPS-FIMPSP,199,One Time,OneTime
01tWC00000DD1ITYA1,FIM-FIM-NRPS-FIMPSP,199,One Time,OneTime
01tWC00000DD1ITYA1,FIM-FIM-NRPS-FIMPSP,199,Term Based - Annual,TermDefined
01tWC00000DD1ITYA1,FIM-FIM-NRPS-FIMPSP,199,Term Based - Annual,TermDefined
01tWC00000DD1ITYA1,FIM-FIM-NRPS-FIMPSP,302.48,One Time,OneTime
01tWC00000DD1ITYA1,FIM-FIM-NRPS-FIMPSP,302.48,One Time,OneTime
01tWC00000DD1ITYA1,FIM-FIM-NRPS-FIMPSP,302.48,Term Based - Annual,TermDefined
01tWC00000DD1ITYA1,FIM-FIM-NRPS-FIMPSP,302.48,Term Based - Annual,TermDefined
01tWC00000DD1ITYA1,FIM-FIM-NRPS-FIMPSP,268.65,One Time,OneTime
01tWC00000DD1ITYA1,FIM-FIM-NRPS-FIMPSP,268.65,One Time,OneTime
01tWC00000DD1ITYA1,FIM-FIM-NRPS-FIMPSP,268.65,Term Based - Annual,TermDefined
01tWC00000DD1ITYA1,FIM-FIM-NRPS-FIMPSP,268.65,Term Based - Annual,TermDefined
01tWC00000DD1ITYA1,FIM-FIM-NRPS-FIMPSP,183.08,One Time,OneTime
01tWC00000DD1ITYA1,FIM-FIM-NRPS-FIMPSP,183.08,One Time,OneTime
01tWC00000DD1ITYA1,FIM-FIM-NRPS-FIMPSP,183.08,Term Based - Annual,TermDefined
01tWC00000DD1ITYA1,FIM-FIM-NRPS-FIMPSP,183.08,Term Based - Annual,TermDefined
01tWC00000DD1ITYA1,FIM-FIM-NRPS-FIMPSP,157.21,One Time,OneTime
01tWC00000DD1ITYA1,FIM-FIM-NRPS-FIMPSP,157.21,One Time,OneTime
01tWC00000DD1ITYA1,FIM-FIM-NRPS-FIMPSP,157.21,Term Based - Annual,TermDefined
01tWC00000DD1ITYA1,FIM-FIM-NRPS-FIMPSP,157.21,Term Based - Annual,TermDefined
01tWC00000DD1IXYA1,FIM-FIM-NRPS-FIMSMA,49,One Time,OneTime
01tWC00000DD1IXYA1,FIM-FIM-NRPS-FIMSMA,49,One Time,OneTime
01tWC00000DD1IXYA1,FIM-FIM-NRPS-FIMSMA,49,Term Based - Annual,TermDefined
01tWC00000DD1IXYA1,FIM-FIM-NRPS-FIMSMA,49,Term Based - Annual,TermDefined
01tWC00000DD1IXYA1,FIM-FIM-NRPS-FIMSMA,0,One Time,OneTime
01tWC00000DD1IXYA1,FIM-FIM-NRPS-FIMSMA,74.48,One Time,OneTime
01tWC00000DD1IXYA1,FIM-FIM-NRPS-FIMSMA,0,Term Based - Annual,TermDefined
01tWC00000DD1IXYA1,FIM-FIM-NRPS-FIMSMA,74.48,Term Based - Annual,TermDefined
01tWC00000DD1IXYA1,FIM-FIM-NRPS-FIMSMA,0,One Time,OneTime
01tWC00000DD1IXYA1,FIM-FIM-NRPS-FIMSMA,66.15,One Time,OneTime
01tWC00000DD1IXYA1,FIM-FIM-NRPS-FIMSMA,0,Term Based - Annual,TermDefined
01tWC00000DD1IXYA1,FIM-FIM-NRPS-FIMSMA,66.15,Term Based - Annual,TermDefined
01tWC00000DD1IXYA1,FIM-FIM-NRPS-FIMSMA,0,One Time,OneTime
01tWC00000DD1IXYA1,FIM-FIM-NRPS-FIMSMA,45.08,One Time,OneTime
01tWC00000DD1IXYA1,FIM-FIM-NRPS-FIMSMA,0,Term Based - Annual,TermDefined
01tWC00000DD1IXYA1,FIM-FIM-NRPS-FIMSMA,45.08,Term Based - Annual,TermDefined
01tWC00000DD1IXYA1,FIM-FIM-NRPS-FIMSMA,0,One Time,OneTime
01tWC00000DD1IXYA1,FIM-FIM-NRPS-FIMSMA,38.71,One Time,OneTime
01tWC00000DD1IXYA1,FIM-FIM-NRPS-FIMSMA,0,Term Based - Annual,TermDefined
01tWC00000DD1IXYA1,FIM-FIM-NRPS-FIMSMA,38.71,Term Based - Annual,TermDefined
01tWC00000DD1IaYAL,FIM-FIM-NRPS-FIMSMD,99,One Time,OneTime
01tWC00000DD1IaYAL,FIM-FIM-NRPS-FIMSMD,99,One Time,OneTime
01tWC00000DD1IaYAL,FIM-FIM-NRPS-FIMSMD,150.48,One Time,OneTime
01tWC00000DD1IaYAL,FIM-FIM-NRPS-FIMSMD,150.48,One Time,OneTime
01tWC00000DD1IaYAL,FIM-FIM-NRPS-FIMSMD,133.65,One Time,OneTime
01tWC00000DD1IaYAL,FIM-FIM-NRPS-FIMSMD,133.65,One Time,OneTime
01tWC00000DD1IaYAL,FIM-FIM-NRPS-FIMSMD,91.08,One Time,OneTime
01tWC00000DD1IaYAL,FIM-FIM-NRPS-FIMSMD,91.08,One Time,OneTime
01tWC00000DD1IaYAL,FIM-FIM-NRPS-FIMSMD,78.21,One Time,OneTime
01tWC00000DD1IaYAL,FIM-FIM-NRPS-FIMSMD,78.21,One Time,OneTime
01tWC00000DD1IeYAL,FIM-FIM-NRPS-FIMVEP,595,One Time,OneTime
01tWC00000DD1IeYAL,FIM-FIM-NRPS-FIMVEP,595,One Time,OneTime
01tWC00000DD1IeYAL,FIM-FIM-NRPS-FIMVEP,595,Term Based - Annual,TermDefined
01tWC00000DD1IeYAL,FIM-FIM-NRPS-FIMVEP,595,Term Based - Annual,TermDefined
01tWC00000DD1IeYAL,FIM-FIM-NRPS-FIMVEP,904.4,One Time,OneTime
01tWC00000DD1IeYAL,FIM-FIM-NRPS-FIMVEP,904.4,One Time,OneTime
01tWC00000DD1IeYAL,FIM-FIM-NRPS-FIMVEP,904.4,Term Based - Annual,TermDefined
01tWC00000DD1IeYAL,FIM-FIM-NRPS-FIMVEP,904.4,Term Based - Annual,TermDefined
01tWC00000DD1IeYAL,FIM-FIM-NRPS-FIMVEP,803.25,One Time,OneTime
01tWC00000DD1IeYAL,FIM-FIM-NRPS-FIMVEP,803.25,One Time,OneTime
01tWC00000DD1IeYAL,FIM-FIM-NRPS-FIMVEP,803.25,Term Based - Annual,TermDefined
01tWC00000DD1IeYAL,FIM-FIM-NRPS-FIMVEP,803.25,Term Based - Annual,TermDefined
01tWC00000DD1IeYAL,FIM-FIM-NRPS-FIMVEP,547.4,One Time,OneTime
01tWC00000DD1IeYAL,FIM-FIM-NRPS-FIMVEP,547.4,One Time,OneTime
01tWC00000DD1IeYAL,FIM-FIM-NRPS-FIMVEP,547.4,Term Based - Annual,TermDefined
01tWC00000DD1IeYAL,FIM-FIM-NRPS-FIMVEP,547.4,Term Based - Annual,TermDefined
01tWC00000DD1IeYAL,FIM-FIM-NRPS-FIMVEP,470.05,One Time,OneTime
01tWC00000DD1IeYAL,FIM-FIM-NRPS-FIMVEP,470.05,One Time,OneTime
01tWC00000DD1IeYAL,FIM-FIM-NRPS-FIMVEP,470.05,Term Based - Annual,TermDefined
01tWC00000DD1IeYAL,FIM-FIM-NRPS-FIMVEP,470.05,Term Based - Annual,TermDefined
01tWC00000DD1JeYAL,FIM-FIM-NRPS-FIMMPE,149,One Time,OneTime
01tWC00000DD1JeYAL,FIM-FIM-NRPS-FIMMPE,149,One Time,OneTime
01tWC00000DD1JeYAL,FIM-FIM-NRPS-FIMMPE,149,Term Based - Annual,TermDefined
01tWC00000DD1JeYAL,FIM-FIM-NRPS-FIMMPE,149,Term Based - Annual,TermDefined
01tWC00000DD1JeYAL,FIM-FIM-NRPS-FIMMPE,226.48,One Time,OneTime
01tWC00000DD1JeYAL,FIM-FIM-NRPS-FIMMPE,226.48,One Time,OneTime
01tWC00000DD1JeYAL,FIM-FIM-NRPS-FIMMPE,226.48,Term Based - Annual,TermDefined
01tWC00000DD1JeYAL,FIM-FIM-NRPS-FIMMPE,226.48,Term Based - Annual,TermDefined
01tWC00000DD1JeYAL,FIM-FIM-NRPS-FIMMPE,201.15,One Time,OneTime
01tWC00000DD1JeYAL,FIM-FIM-NRPS-FIMMPE,201.15,One Time,OneTime
01tWC00000DD1JeYAL,FIM-FIM-NRPS-FIMMPE,201.15,Term Based - Annual,TermDefined
01tWC00000DD1JeYAL,FIM-FIM-NRPS-FIMMPE,201.15,Term Based - Annual,TermDefined
01tWC00000DD1JeYAL,FIM-FIM-NRPS-FIMMPE,137.08,One Time,OneTime
01tWC00000DD1JeYAL,FIM-FIM-NRPS-FIMMPE,137.08,One Time,OneTime
01tWC00000DD1JeYAL,FIM-FIM-NRPS-FIMMPE,137.08,Term Based - Annual,TermDefined
01tWC00000DD1JeYAL,FIM-FIM-NRPS-FIMMPE,137.08,Term Based - Annual,TermDefined
01tWC00000DD1JeYAL,FIM-FIM-NRPS-FIMMPE,117.71,One Time,OneTime
01tWC00000DD1JeYAL,FIM-FIM-NRPS-FIMMPE,117.71,One Time,OneTime
01tWC00000DD1JeYAL,FIM-FIM-NRPS-FIMMPE,117.71,Term Based - Annual,TermDefined
01tWC00000DD1JeYAL,FIM-FIM-NRPS-FIMMPE,117.71,Term Based - Annual,TermDefined
01tWC00000DD1V6YAL,FIM-FIM-NRPS-PMDP,66,One Time,OneTime
01tWC00000DD1V6YAL,FIM-FIM-NRPS-PMDP,66,One Time,OneTime
01tWC00000DD1V6YAL,FIM-FIM-NRPS-PMDP,66,Term Based - Annual,TermDefined
01tWC00000DD1V6YAL,FIM-FIM-NRPS-PMDP,66,Term Based - Annual,TermDefined
01tWC00000DD1V6YAL,FIM-FIM-NRPS-PMDP,100.32,One Time,OneTime
01tWC00000DD1V6YAL,FIM-FIM-NRPS-PMDP,100.32,One Time,OneTime
01tWC00000DD1V6YAL,FIM-FIM-NRPS-PMDP,100.32,Term Based - Annual,TermDefined
01tWC00000DD1V6YAL,FIM-FIM-NRPS-PMDP,100.32,Term Based - Annual,TermDefined
01tWC00000DD1V6YAL,FIM-FIM-NRPS-PMDP,89.1,One Time,OneTime
01tWC00000DD1V6YAL,FIM-FIM-NRPS-PMDP,89.1,One Time,OneTime
01tWC00000DD1V6YAL,FIM-FIM-NRPS-PMDP,89.1,Term Based - Annual,TermDefined
01tWC00000DD1V6YAL,FIM-FIM-NRPS-PMDP,89.1,Term Based - Annual,TermDefined
01tWC00000DD1V6YAL,FIM-FIM-NRPS-PMDP,60.72,One Time,OneTime
01tWC00000DD1V6YAL,FIM-FIM-NRPS-PMDP,60.72,One Time,OneTime
01tWC00000DD1V6YAL,FIM-FIM-NRPS-PMDP,60.72,Term Based - Annual,TermDefined
01tWC00000DD1V6YAL,FIM-FIM-NRPS-PMDP,60.72,Term Based - Annual,TermDefined
01tWC00000DD1V6YAL,FIM-FIM-NRPS-PMDP,52.14,One Time,OneTime
01tWC00000DD1V6YAL,FIM-FIM-NRPS-PMDP,52.14,One Time,OneTime
01tWC00000DD1V6YAL,FIM-FIM-NRPS-PMDP,52.14,Term Based - Annual,TermDefined
01tWC00000DD1V6YAL,FIM-FIM-NRPS-PMDP,52.14,Term Based - Annual,TermDefined
01tWC00000DD1VBYA1,FIM-FIM-NRPS-PMFSP,595,One Time,OneTime
01tWC00000DD1VBYA1,FIM-FIM-NRPS-PMFSP,595,One Time,OneTime
01tWC00000DD1VBYA1,FIM-FIM-NRPS-PMFSP,595,Term Based - Annual,TermDefined
01tWC00000DD1VBYA1,FIM-FIM-NRPS-PMFSP,595,Term Based - Annual,TermDefined
01tWC00000DD1VBYA1,FIM-FIM-NRPS-PMFSP,904.4,One Time,OneTime
01tWC00000DD1VBYA1,FIM-FIM-NRPS-PMFSP,904.4,One Time,OneTime
01tWC00000DD1VBYA1,FIM-FIM-NRPS-PMFSP,904.4,Term Based - Annual,TermDefined
01tWC00000DD1VBYA1,FIM-FIM-NRPS-PMFSP,904.4,Term Based - Annual,TermDefined
01tWC00000DD1VBYA1,FIM-FIM-NRPS-PMFSP,803.25,One Time,OneTime
01tWC00000DD1VBYA1,FIM-FIM-NRPS-PMFSP,803.25,One Time,OneTime
01tWC00000DD1VBYA1,FIM-FIM-NRPS-PMFSP,803.25,Term Based - Annual,TermDefined
01tWC00000DD1VBYA1,FIM-FIM-NRPS-PMFSP,803.25,Term Based - Annual,TermDefined
01tWC00000DD1VBYA1,FIM-FIM-NRPS-PMFSP,547.4,One Time,OneTime
01tWC00000DD1VBYA1,FIM-FIM-NRPS-PMFSP,547.4,One Time,OneTime
01tWC00000DD1VBYA1,FIM-FIM-NRPS-PMFSP,547.4,Term Based - Annual,TermDefined
01tWC00000DD1VBYA1,FIM-FIM-NRPS-PMFSP,547.4,Term Based - Annual,TermDefined
01tWC00000DD1VBYA1,FIM-FIM-NRPS-PMFSP,470.05,One Time,OneTime
01tWC00000DD1VBYA1,FIM-FIM-NRPS-PMFSP,470.05,One Time,OneTime
01tWC00000DD1VBYA1,FIM-FIM-NRPS-PMFSP,470.05,Term Based - Annual,TermDefined
01tWC00000DD1VBYA1,FIM-FIM-NRPS-PMFSP,470.05,Term Based - Annual,TermDefined
01tWC00000DD1ZwYAL,FIM-FIM-NRPS-PMNDP,199,One Time,OneTime
01tWC00000DD1ZwYAL,FIM-FIM-NRPS-PMNDP,199,One Time,OneTime
01tWC00000DD1ZwYAL,FIM-FIM-NRPS-PMNDP,199,Term Based - Annual,TermDefined
01tWC00000DD1ZwYAL,FIM-FIM-NRPS-PMNDP,199,Term Based - Annual,TermDefined
01tWC00000DD1ZwYAL,FIM-FIM-NRPS-PMNDP,302.48,One Time,OneTime
01tWC00000DD1ZwYAL,FIM-FIM-NRPS-PMNDP,302.48,One Time,OneTime
01tWC00000DD1ZwYAL,FIM-FIM-NRPS-PMNDP,302.48,Term Based - Annual,TermDefined
01tWC00000DD1ZwYAL,FIM-FIM-NRPS-PMNDP,302.48,Term Based - Annual,TermDefined
01tWC00000DD1ZwYAL,FIM-FIM-NRPS-PMNDP,268.65,One Time,OneTime
01tWC00000DD1ZwYAL,FIM-FIM-NRPS-PMNDP,268.65,One Time,OneTime
01tWC00000DD1ZwYAL,FIM-FIM-NRPS-PMNDP,268.65,Term Based - Annual,TermDefined
01tWC00000DD1ZwYAL,FIM-FIM-NRPS-PMNDP,268.65,Term Based - Annual,TermDefined
01tWC00000DD1ZwYAL,FIM-FIM-NRPS-PMNDP,183.08,One Time,OneTime
01tWC00000DD1ZwYAL,FIM-FIM-NRPS-PMNDP,183.08,One Time,OneTime
01tWC00000DD1ZwYAL,FIM-FIM-NRPS-PMNDP,183.08,Term Based - Annual,TermDefined
01tWC00000DD1ZwYAL,FIM-FIM-NRPS-PMNDP,183.08,Term Based - Annual,TermDefined
01tWC00000DD1ZwYAL,FIM-FIM-NRPS-PMNDP,157.21,One Time,OneTime
01tWC00000DD1ZwYAL,FIM-FIM-NRPS-PMNDP,157.21,One Time,OneTime
01tWC00000DD1ZwYAL,FIM-FIM-NRPS-PMNDP,157.21,Term Based - Annual,TermDefined
01tWC00000DD1ZwYAL,FIM-FIM-NRPS-PMNDP,157.21,Term Based - Annual,TermDefined
01tWC00000DD1a1YAD,FIM-FIM-NRPS-PMPP,66,One Time,OneTime
01tWC00000DD1a1YAD,FIM-FIM-NRPS-PMPP,66,One Time,OneTime
01tWC00000DD1a1YAD,FIM-FIM-NRPS-PMPP,66,Term Based - Annual,TermDefined
01tWC00000DD1a1YAD,FIM-FIM-NRPS-PMPP,66,Term Based - Annual,TermDefined
01tWC00000DD1a1YAD,FIM-FIM-NRPS-PMPP,100.32,One Time,OneTime
01tWC00000DD1a1YAD,FIM-FIM-NRPS-PMPP,100.32,One Time,OneTime
01tWC00000DD1a1YAD,FIM-FIM-NRPS-PMPP,100.32,Term Based - Annual,TermDefined
01tWC00000DD1a1YAD,FIM-FIM-NRPS-PMPP,100.32,Term Based - Annual,TermDefined
01tWC00000DD1a1YAD,FIM-FIM-NRPS-PMPP,89.1,One Time,OneTime
01tWC00000DD1a1YAD,FIM-FIM-NRPS-PMPP,89.1,One Time,OneTime
01tWC00000DD1a1YAD,FIM-FIM-NRPS-PMPP,89.1,Term Based - Annual,TermDefined
01tWC00000DD1a1YAD,FIM-FIM-NRPS-PMPP,89.1,Term Based - Annual,TermDefined
01tWC00000DD1a1YAD,FIM-FIM-NRPS-PMPP,60.72,One Time,OneTime
01tWC00000DD1a1YAD,FIM-FIM-NRPS-PMPP,60.72,One Time,OneTime
01tWC00000DD1a1YAD,FIM-FIM-NRPS-PMPP,60.72,Term Based - Annual,TermDefined
01tWC00000DD1a1YAD,FIM-FIM-NRPS-PMPP,60.72,Term Based - Annual,TermDefined
01tWC00000DD1a1YAD,FIM-FIM-NRPS-PMPP,52.14,One Time,OneTime
01tWC00000DD1a1YAD,FIM-FIM-NRPS-PMPP,52.14,One Time,OneTime
01tWC00000DD1a1YAD,FIM-FIM-NRPS-PMPP,52.14,Term Based - Annual,TermDefined
01tWC00000DD1a1YAD,FIM-FIM-NRPS-PMPP,52.14,Term Based - Annual,TermDefined
01tWC00000DD1a6YAD,FIM-FIM-NRPS-PMPSP,199,One Time,OneTime
01tWC00000DD1a6YAD,FIM-FIM-NRPS-PMPSP,199,One Time,OneTime
01tWC00000DD1a6YAD,FIM-FIM-NRPS-PMPSP,199,Term Based - Annual,TermDefined
01tWC00000DD1a6YAD,FIM-FIM-NRPS-PMPSP,199,Term Based - Annual,TermDefined
01tWC00000DD1a6YAD,FIM-FIM-NRPS-PMPSP,302.48,One Time,OneTime
01tWC00000DD1a6YAD,FIM-FIM-NRPS-PMPSP,302.48,One Time,OneTime
01tWC00000DD1a6YAD,FIM-FIM-NRPS-PMPSP,302.48,Term Based - Annual,TermDefined
01tWC00000DD1a6YAD,FIM-FIM-NRPS-PMPSP,302.48,Term Based - Annual,TermDefined
01tWC00000DD1a6YAD,FIM-FIM-NRPS-PMPSP,268.65,One Time,OneTime
01tWC00000DD1a6YAD,FIM-FIM-NRPS-PMPSP,268.65,One Time,OneTime
01tWC00000DD1a6YAD,FIM-FIM-NRPS-PMPSP,268.65,Term Based - Annual,TermDefined
01tWC00000DD1a6YAD,FIM-FIM-NRPS-PMPSP,268.65,Term Based - Annual,TermDefined
01tWC00000DD1a6YAD,FIM-FIM-NRPS-PMPSP,183.08,One Time,OneTime
01tWC00000DD1a6YAD,FIM-FIM-NRPS-PMPSP,183.08,One Time,OneTime
01tWC00000DD1a6YAD,FIM-FIM-NRPS-PMPSP,183.08,Term Based - Annual,TermDefined
01tWC00000DD1a6YAD,FIM-FIM-NRPS-PMPSP,183.08,Term Based - Annual,TermDefined
01tWC00000DD1a6YAD,FIM-FIM-NRPS-PMPSP,157.21,One Time,OneTime
01tWC00000DD1a6YAD,FIM-FIM-NRPS-PMPSP,157.21,One Time,OneTime
01tWC00000DD1a6YAD,FIM-FIM-NRPS-PMPSP,157.21,Term Based - Annual,TermDefined
01tWC00000DD1a6YAD,FIM-FIM-NRPS-PMPSP,157.21,Term Based - Annual,TermDefined
01tWC00000DD1aBYAT,FIM-FIM-NRPS-PMVEP,595,One Time,OneTime
01tWC00000DD1aBYAT,FIM-FIM-NRPS-PMVEP,595,One Time,OneTime
01tWC00000DD1aBYAT,FIM-FIM-NRPS-PMVEP,595,Term Based - Annual,TermDefined
01tWC00000DD1aBYAT,FIM-FIM-NRPS-PMVEP,595,Term Based - Annual,TermDefined
01tWC00000DD1aBYAT,FIM-FIM-NRPS-PMVEP,904.4,One Time,OneTime
01tWC00000DD1aBYAT,FIM-FIM-NRPS-PMVEP,904.4,One Time,OneTime
01tWC00000DD1aBYAT,FIM-FIM-NRPS-PMVEP,904.4,Term Based - Annual,TermDefined
01tWC00000DD1aBYAT,FIM-FIM-NRPS-PMVEP,904.4,Term Based - Annual,TermDefined
01tWC00000DD1aBYAT,FIM-FIM-NRPS-PMVEP,803.25,One Time,OneTime
01tWC00000DD1aBYAT,FIM-FIM-NRPS-PMVEP,803.25,One Time,OneTime
01tWC00000DD1aBYAT,FIM-FIM-NRPS-PMVEP,803.25,Term Based - Annual,TermDefined
01tWC00000DD1aBYAT,FIM-FIM-NRPS-PMVEP,803.25,Term Based - Annual,TermDefined
01tWC00000DD1aBYAT,FIM-FIM-NRPS-PMVEP,547.4,One Time,OneTime
01tWC00000DD1aBYAT,FIM-FIM-NRPS-PMVEP,547.4,One Time,OneTime
01tWC00000DD1aBYAT,FIM-FIM-NRPS-PMVEP,547.4,Term Based - Annual,TermDefined
01tWC00000DD1aBYAT,FIM-FIM-NRPS-PMVEP,547.4,Term Based - Annual,TermDefined
01tWC00000DD1aBYAT,FIM-FIM-NRPS-PMVEP,470.05,One Time,OneTime
01tWC00000DD1aBYAT,FIM-FIM-NRPS-PMVEP,470.05,One Time,OneTime
01tWC00000DD1aBYAT,FIM-FIM-NRPS-PMVEP,470.05,Term Based - Annual,TermDefined
01tWC00000DD1aBYAT,FIM-FIM-NRPS-PMVEP,470.05,Term Based - Annual,TermDefined
01tWC00000DD1btYAD,PIA-PIA-NRPS-PIAP,355,One Time,OneTime
01tWC00000DD1btYAD,PIA-PIA-NRPS-PIAP,355,One Time,OneTime
01tWC00000DD1btYAD,PIA-PIA-NRPS-PIAP,355,Term Based - Annual,TermDefined
01tWC00000DD1btYAD,PIA-PIA-NRPS-PIAP,355,Term Based - Annual,TermDefined
01tWC00000DD1btYAD,PIA-PIA-NRPS-PIAP,0,One Time,OneTime
01tWC00000DD1btYAD,PIA-PIA-NRPS-PIAP,539.6,One Time,OneTime
01tWC00000DD1btYAD,PIA-PIA-NRPS-PIAP,0,One Time,OneTime
01tWC00000DD1btYAD,PIA-PIA-NRPS-PIAP,479.25,One Time,OneTime
01tWC00000DD1btYAD,PIA-PIA-NRPS-PIAP,0,One Time,OneTime
01tWC00000DD1btYAD,PIA-PIA-NRPS-PIAP,326.6,One Time,OneTime
01tWC00000DD1btYAD,PIA-PIA-NRPS-PIAP,0,One Time,OneTime
01tWC00000DD1btYAD,PIA-PIA-NRPS-PIAP,280.45,One Time,OneTime
01tWC00000DD1gMYAT,FIM-FIM-NRPS-TRIPWI,11500,One Time,OneTime
01tWC00000DD1gMYAT,FIM-FIM-NRPS-TRIPWI,11500,One Time,OneTime
01tWC00000DD1gMYAT,FIM-FIM-NRPS-TRIPWI,11500,Term Based - Annual,TermDefined
01tWC00000DD1gMYAT,FIM-FIM-NRPS-TRIPWI,11500,Term Based - Annual,TermDefined
01tWC00000DD1gMYAT,FIM-FIM-NRPS-TRIPWI,17480,One Time,OneTime
01tWC00000DD1gMYAT,FIM-FIM-NRPS-TRIPWI,17480,One Time,OneTime
01tWC00000DD1gMYAT,FIM-FIM-NRPS-TRIPWI,17480,Term Based - Annual,TermDefined
01tWC00000DD1gMYAT,FIM-FIM-NRPS-TRIPWI,17480,Term Based - Annual,TermDefined
01tWC00000DD1gMYAT,FIM-FIM-NRPS-TRIPWI,15525,One Time,OneTime
01tWC00000DD1gMYAT,FIM-FIM-NRPS-TRIPWI,15525,One Time,OneTime
01tWC00000DD1gMYAT,FIM-FIM-NRPS-TRIPWI,15525,Term Based - Annual,TermDefined
01tWC00000DD1gMYAT,FIM-FIM-NRPS-TRIPWI,15525,Term Based - Annual,TermDefined
01tWC00000DD1gMYAT,FIM-FIM-NRPS-TRIPWI,10580,One Time,OneTime
01tWC00000DD1gMYAT,FIM-FIM-NRPS-TRIPWI,10580,One Time,OneTime
01tWC00000DD1gMYAT,FIM-FIM-NRPS-TRIPWI,10580,Term Based - Annual,TermDefined
01tWC00000DD1gMYAT,FIM-FIM-NRPS-TRIPWI,10580,Term Based - Annual,TermDefined
01tWC00000DD1gMYAT,FIM-FIM-NRPS-TRIPWI,9085,One Time,OneTime
01tWC00000DD1gMYAT,FIM-FIM-NRPS-TRIPWI,9085,One Time,OneTime
01tWC00000DD1gMYAT,FIM-FIM-NRPS-TRIPWI,9085,Term Based - Annual,TermDefined
01tWC00000DD1gMYAT,FIM-FIM-NRPS-TRIPWI,9085,Term Based - Annual,TermDefined
01tWC00000DD1hCYAT,FIM-FIM-NRPS-TATP,0,One Time,OneTime
01tWC00000DD1hCYAT,FIM-FIM-NRPS-TATP,0,One Time,OneTime
01tWC00000DD1hCYAT,FIM-FIM-NRPS-TATP,0,Term Based - Annual,TermDefined
01tWC00000DD1hCYAT,FIM-FIM-NRPS-TATP,0,Term Based - Annual,TermDefined
01tWC00000DD1hCYAT,FIM-FIM-NRPS-TATP,0,One Time,OneTime
01tWC00000DD1hCYAT,FIM-FIM-NRPS-TATP,0,One Time,OneTime
01tWC00000DD1hCYAT,FIM-FIM-NRPS-TATP,0,Term Based - Annual,TermDefined
01tWC00000DD1hCYAT,FIM-FIM-NRPS-TATP,0,Term Based - Annual,TermDefined
01tWC00000DD1hCYAT,FIM-FIM-NRPS-TATP,0,One Time,OneTime
01tWC00000DD1hCYAT,FIM-FIM-NRPS-TATP,0,One Time,OneTime
01tWC00000DD1hCYAT,FIM-FIM-NRPS-TATP,0,Term Based - Annual,TermDefined
01tWC00000DD1hCYAT,FIM-FIM-NRPS-TATP,0,Term Based - Annual,TermDefined
01tWC00000DD1hCYAT,FIM-FIM-NRPS-TATP,0,One Time,OneTime
01tWC00000DD1hCYAT,FIM-FIM-NRPS-TATP,0,One Time,OneTime
01tWC00000DD1hCYAT,FIM-FIM-NRPS-TATP,0,Term Based - Annual,TermDefined
01tWC00000DD1hCYAT,FIM-FIM-NRPS-TATP,0,Term Based - Annual,TermDefined
01tWC00000DD1hCYAT,FIM-FIM-NRPS-TATP,0,One Time,OneTime
01tWC00000DD1hCYAT,FIM-FIM-NRPS-TATP,0,One Time,OneTime
01tWC00000DD1hCYAT,FIM-FIM-NRPS-TATP,0,Term Based - Annual,TermDefined
01tWC00000DD1hCYAT,FIM-FIM-NRPS-TATP,0,Term Based - Annual,TermDefined
01tWC00000DD1hKYAT,FIM-FML-NRPS-TCUUP,0,One Time,OneTime
01tWC00000DD1hKYAT,FIM-FML-NRPS-TCUUP,0,One Time,OneTime
01tWC00000DD1hKYAT,FIM-FML-NRPS-TCUUP,0,Term Based - Annual,TermDefined
01tWC00000DD1hKYAT,FIM-FML-NRPS-TCUUP,0,Term Based - Annual,TermDefined
01tWC00000DD1hKYAT,FIM-FML-NRPS-TCUUP,0,One Time,OneTime
01tWC00000DD1hKYAT,FIM-FML-NRPS-TCUUP,0,One Time,OneTime
01tWC00000DD1hKYAT,FIM-FML-NRPS-TCUUP,0,Term Based - Annual,TermDefined
01tWC00000DD1hKYAT,FIM-FML-NRPS-TCUUP,0,Term Based - Annual,TermDefined
01tWC00000DD1hKYAT,FIM-FML-NRPS-TCUUP,0,One Time,OneTime
01tWC00000DD1hKYAT,FIM-FML-NRPS-TCUUP,0,One Time,OneTime
01tWC00000DD1hKYAT,FIM-FML-NRPS-TCUUP,0,Term Based - Annual,TermDefined
01tWC00000DD1hKYAT,FIM-FML-NRPS-TCUUP,0,Term Based - Annual,TermDefined
01tWC00000DD1hKYAT,FIM-FML-NRPS-TCUUP,0,One Time,OneTime
01tWC00000DD1hKYAT,FIM-FML-NRPS-TCUUP,0,One Time,OneTime
01tWC00000DD1hKYAT,FIM-FML-NRPS-TCUUP,0,Term Based - Annual,TermDefined
01tWC00000DD1hKYAT,FIM-FML-NRPS-TCUUP,0,Term Based - Annual,TermDefined
01tWC00000DD1hKYAT,FIM-FML-NRPS-TCUUP,0,One Time,OneTime
01tWC00000DD1hKYAT,FIM-FML-NRPS-TCUUP,0,One Time,OneTime
01tWC00000DD1hKYAT,FIM-FML-NRPS-TCUUP,0,Term Based - Annual,TermDefined
01tWC00000DD1hKYAT,FIM-FML-NRPS-TCUUP,0,Term Based - Annual,TermDefined
01tWC00000DD1hOYAT,FIM-FIM-NRPS-TEP,0,One Time,OneTime
01tWC00000DD1hOYAT,FIM-FIM-NRPS-TEP,0,One Time,OneTime
01tWC00000DD1hOYAT,FIM-FIM-NRPS-TEP,0,Term Based - Annual,TermDefined
01tWC00000DD1hOYAT,FIM-FIM-NRPS-TEP,0,Term Based - Annual,TermDefined
01tWC00000DD1hOYAT,FIM-FIM-NRPS-TEP,0,One Time,OneTime
01tWC00000DD1hOYAT,FIM-FIM-NRPS-TEP,0,One Time,OneTime
01tWC00000DD1hOYAT,FIM-FIM-NRPS-TEP,0,Term Based - Annual,TermDefined
01tWC00000DD1hOYAT,FIM-FIM-NRPS-TEP,0,Term Based - Annual,TermDefined
01tWC00000DD1hOYAT,FIM-FIM-NRPS-TEP,0,One Time,OneTime
01tWC00000DD1hOYAT,FIM-FIM-NRPS-TEP,0,One Time,OneTime
01tWC00000DD1hOYAT,FIM-FIM-NRPS-TEP,0,Term Based - Annual,TermDefined
01tWC00000DD1hOYAT,FIM-FIM-NRPS-TEP,0,Term Based - Annual,TermDefined
01tWC00000DD1hOYAT,FIM-FIM-NRPS-TEP,0,One Time,OneTime
01tWC00000DD1hOYAT,FIM-FIM-NRPS-TEP,0,One Time,OneTime
01tWC00000DD1hOYAT,FIM-FIM-NRPS-TEP,0,Term Based - Annual,TermDefined
01tWC00000DD1hOYAT,FIM-FIM-NRPS-TEP,0,Term Based - Annual,TermDefined
01tWC00000DD1hOYAT,FIM-FIM-NRPS-TEP,0,One Time,OneTime
01tWC00000DD1hOYAT,FIM-FIM-NRPS-TEP,0,One Time,OneTime
01tWC00000DD1hOYAT,FIM-FIM-NRPS-TEP,0,Term Based - Annual,TermDefined
01tWC00000DD1hOYAT,FIM-FIM-NRPS-TEP,0,Term Based - Annual,TermDefined
01tWC00000DD1hWYAT,FIM-FIM-NRPS-TECP,6995,One Time,OneTime
01tWC00000DD1hWYAT,FIM-FIM-NRPS-TECP,6995,One Time,OneTime
01tWC00000DD1hWYAT,FIM-FIM-NRPS-TECP,6995,Term Based - Annual,TermDefined
01tWC00000DD1hWYAT,FIM-FIM-NRPS-TECP,6995,Term Based - Annual,TermDefined
01tWC00000DD1hWYAT,FIM-FIM-NRPS-TECP,10632.4,One Time,OneTime
01tWC00000DD1hWYAT,FIM-FIM-NRPS-TECP,10632.4,One Time,OneTime
01tWC00000DD1hWYAT,FIM-FIM-NRPS-TECP,10632.4,Term Based - Annual,TermDefined
01tWC00000DD1hWYAT,FIM-FIM-NRPS-TECP,10632.4,Term Based - Annual,TermDefined
01tWC00000DD1hWYAT,FIM-FIM-NRPS-TECP,9443.25,One Time,OneTime
01tWC00000DD1hWYAT,FIM-FIM-NRPS-TECP,9443.25,One Time,OneTime
01tWC00000DD1hWYAT,FIM-FIM-NRPS-TECP,9443.25,Term Based - Annual,TermDefined
01tWC00000DD1hWYAT,FIM-FIM-NRPS-TECP,9443.25,Term Based - Annual,TermDefined
01tWC00000DD1hWYAT,FIM-FIM-NRPS-TECP,6435.4,One Time,OneTime
01tWC00000DD1hWYAT,FIM-FIM-NRPS-TECP,6435.4,One Time,OneTime
01tWC00000DD1hWYAT,FIM-FIM-NRPS-TECP,6435.4,Term Based - Annual,TermDefined
01tWC00000DD1hWYAT,FIM-FIM-NRPS-TECP,6435.4,Term Based - Annual,TermDefined
01tWC00000DD1hWYAT,FIM-FIM-NRPS-TECP,5526.05,One Time,OneTime
01tWC00000DD1hWYAT,FIM-FIM-NRPS-TECP,5526.05,One Time,OneTime
01tWC00000DD1hWYAT,FIM-FIM-NRPS-TECP,5526.05,Term Based - Annual,TermDefined
01tWC00000DD1hWYAT,FIM-FIM-NRPS-TECP,5526.05,Term Based - Annual,TermDefined
01tWC00000DD1haYAD,FIM-FIM-NRPS-TEECP,599,One Time,OneTime
01tWC00000DD1haYAD,FIM-FIM-NRPS-TEECP,599,One Time,OneTime
01tWC00000DD1haYAD,FIM-FIM-NRPS-TEECP,599,Term Based - Annual,TermDefined
01tWC00000DD1haYAD,FIM-FIM-NRPS-TEECP,599,Term Based - Annual,TermDefined
01tWC00000DD1haYAD,FIM-FIM-NRPS-TEECP,910.48,One Time,OneTime
01tWC00000DD1haYAD,FIM-FIM-NRPS-TEECP,910.48,One Time,OneTime
01tWC00000DD1haYAD,FIM-FIM-NRPS-TEECP,910.48,Term Based - Annual,TermDefined
01tWC00000DD1haYAD,FIM-FIM-NRPS-TEECP,910.48,Term Based - Annual,TermDefined
01tWC00000DD1haYAD,FIM-FIM-NRPS-TEECP,808.65,One Time,OneTime
01tWC00000DD1haYAD,FIM-FIM-NRPS-TEECP,808.65,One Time,OneTime
01tWC00000DD1haYAD,FIM-FIM-NRPS-TEECP,808.65,Term Based - Annual,TermDefined
01tWC00000DD1haYAD,FIM-FIM-NRPS-TEECP,808.65,Term Based - Annual,TermDefined
01tWC00000DD1haYAD,FIM-FIM-NRPS-TEECP,551.08,One Time,OneTime
01tWC00000DD1haYAD,FIM-FIM-NRPS-TEECP,551.08,One Time,OneTime
01tWC00000DD1haYAD,FIM-FIM-NRPS-TEECP,551.08,Term Based - Annual,TermDefined
01tWC00000DD1haYAD,FIM-FIM-NRPS-TEECP,551.08,Term Based - Annual,TermDefined
01tWC00000DD1haYAD,FIM-FIM-NRPS-TEECP,473.21,One Time,OneTime
01tWC00000DD1haYAD,FIM-FIM-NRPS-TEECP,473.21,One Time,OneTime
01tWC00000DD1haYAD,FIM-FIM-NRPS-TEECP,473.21,Term Based - Annual,TermDefined
01tWC00000DD1haYAD,FIM-FIM-NRPS-TEECP,473.21,Term Based - Annual,TermDefined
01tWC00000DD1hfYAD,FIM-FIM-NRPS-TRDP,0,One Time,OneTime
01tWC00000DD1hfYAD,FIM-FIM-NRPS-TRDP,0,One Time,OneTime
01tWC00000DD1hfYAD,FIM-FIM-NRPS-TRDP,0,Term Based - Annual,TermDefined
01tWC00000DD1hfYAD,FIM-FIM-NRPS-TRDP,0,Term Based - Annual,TermDefined
01tWC00000DD1hfYAD,FIM-FIM-NRPS-TRDP,0,One Time,OneTime
01tWC00000DD1hfYAD,FIM-FIM-NRPS-TRDP,0,One Time,OneTime
01tWC00000DD1hfYAD,FIM-FIM-NRPS-TRDP,0,Term Based - Annual,TermDefined
01tWC00000DD1hfYAD,FIM-FIM-NRPS-TRDP,0,Term Based - Annual,TermDefined
01tWC00000DD1hfYAD,FIM-FIM-NRPS-TRDP,0,One Time,OneTime
01tWC00000DD1hfYAD,FIM-FIM-NRPS-TRDP,0,One Time,OneTime
01tWC00000DD1hfYAD,FIM-FIM-NRPS-TRDP,0,Term Based - Annual,TermDefined
01tWC00000DD1hfYAD,FIM-FIM-NRPS-TRDP,0,Term Based - Annual,TermDefined
01tWC00000DD1hfYAD,FIM-FIM-NRPS-TRDP,0,One Time,OneTime
01tWC00000DD1hfYAD,FIM-FIM-NRPS-TRDP,0,One Time,OneTime
01tWC00000DD1hfYAD,FIM-FIM-NRPS-TRDP,0,Term Based - Annual,TermDefined
01tWC00000DD1hfYAD,FIM-FIM-NRPS-TRDP,0,Term Based - Annual,TermDefined
01tWC00000DD1hfYAD,FIM-FIM-NRPS-TRDP,0,One Time,OneTime
01tWC00000DD1hfYAD,FIM-FIM-NRPS-TRDP,0,One Time,OneTime
01tWC00000DD1hfYAD,FIM-FIM-NRPS-TRDP,0,Term Based - Annual,TermDefined
01tWC00000DD1hfYAD,FIM-FIM-NRPS-TRDP,0,Term Based - Annual,TermDefined
01tWC00000DD1hmYAD,FIM-FIM-NRPS-TRIPEN,99,One Time,OneTime
01tWC00000DD1hmYAD,FIM-FIM-NRPS-TRIPEN,99,One Time,OneTime
01tWC00000DD1hmYAD,FIM-FIM-NRPS-TRIPEN,99,Term Based - Annual,TermDefined
01tWC00000DD1hmYAD,FIM-FIM-NRPS-TRIPEN,99,Term Based - Annual,TermDefined
01tWC00000DD1hmYAD,FIM-FIM-NRPS-TRIPEN,150.48,One Time,OneTime
01tWC00000DD1hmYAD,FIM-FIM-NRPS-TRIPEN,150.48,One Time,OneTime
01tWC00000DD1hmYAD,FIM-FIM-NRPS-TRIPEN,150.48,Term Based - Annual,TermDefined
01tWC00000DD1hmYAD,FIM-FIM-NRPS-TRIPEN,150.48,Term Based - Annual,TermDefined
01tWC00000DD1hmYAD,FIM-FIM-NRPS-TRIPEN,133.65,One Time,OneTime
01tWC00000DD1hmYAD,FIM-FIM-NRPS-TRIPEN,133.65,One Time,OneTime
01tWC00000DD1hmYAD,FIM-FIM-NRPS-TRIPEN,133.65,Term Based - Annual,TermDefined
01tWC00000DD1hmYAD,FIM-FIM-NRPS-TRIPEN,133.65,Term Based - Annual,TermDefined
01tWC00000DD1hmYAD,FIM-FIM-NRPS-TRIPEN,91.08,One Time,OneTime
01tWC00000DD1hmYAD,FIM-FIM-NRPS-TRIPEN,91.08,One Time,OneTime
01tWC00000DD1hmYAD,FIM-FIM-NRPS-TRIPEN,91.08,Term Based - Annual,TermDefined
01tWC00000DD1hmYAD,FIM-FIM-NRPS-TRIPEN,91.08,Term Based - Annual,TermDefined
01tWC00000DD1hmYAD,FIM-FIM-NRPS-TRIPEN,78.21,One Time,OneTime
01tWC00000DD1hmYAD,FIM-FIM-NRPS-TRIPEN,78.21,One Time,OneTime
01tWC00000DD1hmYAD,FIM-FIM-NRPS-TRIPEN,78.21,Term Based - Annual,TermDefined
01tWC00000DD1hmYAD,FIM-FIM-NRPS-TRIPEN,78.21,Term Based - Annual,TermDefined
01tWC00000DD1hqYAD,FIM-FIM-NRPS-TEDSP,0,One Time,OneTime
01tWC00000DD1hqYAD,FIM-FIM-NRPS-TEDSP,0,One Time,OneTime
01tWC00000DD1hqYAD,FIM-FIM-NRPS-TEDSP,0,Term Based - Annual,TermDefined
01tWC00000DD1hqYAD,FIM-FIM-NRPS-TEDSP,0,Term Based - Annual,TermDefined
01tWC00000DD1hqYAD,FIM-FIM-NRPS-TEDSP,0,One Time,OneTime
01tWC00000DD1hqYAD,FIM-FIM-NRPS-TEDSP,0,One Time,OneTime
01tWC00000DD1hqYAD,FIM-FIM-NRPS-TEDSP,0,Term Based - Annual,TermDefined
01tWC00000DD1hqYAD,FIM-FIM-NRPS-TEDSP,0,Term Based - Annual,TermDefined
01tWC00000DD1hqYAD,FIM-FIM-NRPS-TEDSP,0,One Time,OneTime
01tWC00000DD1hqYAD,FIM-FIM-NRPS-TEDSP,0,One Time,OneTime
01tWC00000DD1hqYAD,FIM-FIM-NRPS-TEDSP,0,Term Based - Annual,TermDefined
01tWC00000DD1hqYAD,FIM-FIM-NRPS-TEDSP,0,Term Based - Annual,TermDefined
01tWC00000DD1hqYAD,FIM-FIM-NRPS-TEDSP,0,One Time,OneTime
01tWC00000DD1hqYAD,FIM-FIM-NRPS-TEDSP,0,One Time,OneTime
01tWC00000DD1hqYAD,FIM-FIM-NRPS-TEDSP,0,Term Based - Annual,TermDefined
01tWC00000DD1hqYAD,FIM-FIM-NRPS-TEDSP,0,Term Based - Annual,TermDefined
01tWC00000DD1hqYAD,FIM-FIM-NRPS-TEDSP,0,One Time,OneTime
01tWC00000DD1hqYAD,FIM-FIM-NRPS-TEDSP,0,One Time,OneTime
01tWC00000DD1hqYAD,FIM-FIM-NRPS-TEDSP,0,Term Based - Annual,TermDefined
01tWC00000DD1hqYAD,FIM-FIM-NRPS-TEDSP,0,Term Based - Annual,TermDefined
01tWC00000DD1hxYAD,FIM-FIM-NRPS-TEFSP,895,One Time,OneTime
01tWC00000DD1hxYAD,FIM-FIM-NRPS-TEFSP,895,One Time,OneTime
01tWC00000DD1hxYAD,FIM-FIM-NRPS-TEFSP,895,Term Based - Annual,TermDefined
01tWC00000DD1hxYAD,FIM-FIM-NRPS-TEFSP,895,Term Based - Annual,TermDefined
01tWC00000DD1hxYAD,FIM-FIM-NRPS-TEFSP,1360.4,One Time,OneTime
01tWC00000DD1hxYAD,FIM-FIM-NRPS-TEFSP,1360.4,One Time,OneTime
01tWC00000DD1hxYAD,FIM-FIM-NRPS-TEFSP,1360.4,Term Based - Annual,TermDefined
01tWC00000DD1hxYAD,FIM-FIM-NRPS-TEFSP,1360.4,Term Based - Annual,TermDefined
01tWC00000DD1hxYAD,FIM-FIM-NRPS-TEFSP,1208.25,One Time,OneTime
01tWC00000DD1hxYAD,FIM-FIM-NRPS-TEFSP,1208.25,One Time,OneTime
01tWC00000DD1hxYAD,FIM-FIM-NRPS-TEFSP,1208.25,Term Based - Annual,TermDefined
01tWC00000DD1hxYAD,FIM-FIM-NRPS-TEFSP,1208.25,Term Based - Annual,TermDefined
01tWC00000DD1hxYAD,FIM-FIM-NRPS-TEFSP,823.4,One Time,OneTime
01tWC00000DD1hxYAD,FIM-FIM-NRPS-TEFSP,823.4,One Time,OneTime
01tWC00000DD1hxYAD,FIM-FIM-NRPS-TEFSP,823.4,Term Based - Annual,TermDefined
01tWC00000DD1hxYAD,FIM-FIM-NRPS-TEFSP,823.4,Term Based - Annual,TermDefined
01tWC00000DD1hxYAD,FIM-FIM-NRPS-TEFSP,707.05,One Time,OneTime
01tWC00000DD1hxYAD,FIM-FIM-NRPS-TEFSP,707.05,One Time,OneTime
01tWC00000DD1hxYAD,FIM-FIM-NRPS-TEFSP,707.05,Term Based - Annual,TermDefined
01tWC00000DD1hxYAD,FIM-FIM-NRPS-TEFSP,707.05,Term Based - Annual,TermDefined
01tWC00000DD1meYAD,FIM-FIM-NRPS-TEACAD,7000,One Time,OneTime
01tWC00000DD1meYAD,FIM-FIM-NRPS-TEACAD,7000,One Time,OneTime
01tWC00000DD1meYAD,FIM-FIM-NRPS-TEACAD,7000,Term Based - Annual,TermDefined
01tWC00000DD1meYAD,FIM-FIM-NRPS-TEACAD,7000,Term Based - Annual,TermDefined
01tWC00000DD1meYAD,FIM-FIM-NRPS-TEACAD,0,One Time,OneTime
01tWC00000DD1meYAD,FIM-FIM-NRPS-TEACAD,10640,One Time,OneTime
01tWC00000DD1meYAD,FIM-FIM-NRPS-TEACAD,0,Term Based - Annual,TermDefined
01tWC00000DD1meYAD,FIM-FIM-NRPS-TEACAD,10640,Term Based - Annual,TermDefined
01tWC00000DD1meYAD,FIM-FIM-NRPS-TEACAD,0,One Time,OneTime
01tWC00000DD1meYAD,FIM-FIM-NRPS-TEACAD,9450,One Time,OneTime
01tWC00000DD1meYAD,FIM-FIM-NRPS-TEACAD,0,Term Based - Annual,TermDefined
01tWC00000DD1meYAD,FIM-FIM-NRPS-TEACAD,9450,Term Based - Annual,TermDefined
01tWC00000DD1meYAD,FIM-FIM-NRPS-TEACAD,0,One Time,OneTime
01tWC00000DD1meYAD,FIM-FIM-NRPS-TEACAD,6440,One Time,OneTime
01tWC00000DD1meYAD,FIM-FIM-NRPS-TEACAD,0,Term Based - Annual,TermDefined
01tWC00000DD1meYAD,FIM-FIM-NRPS-TEACAD,6440,Term Based - Annual,TermDefined
01tWC00000DD1meYAD,FIM-FIM-NRPS-TEACAD,0,One Time,OneTime
01tWC00000DD1meYAD,FIM-FIM-NRPS-TEACAD,5530,One Time,OneTime
01tWC00000DD1meYAD,FIM-FIM-NRPS-TEACAD,0,Term Based - Annual,TermDefined
01tWC00000DD1meYAD,FIM-FIM-NRPS-TEACAD,5530,Term Based - Annual,TermDefined
01tWC00000DD1mhYAD,FIM-FIM-NRPS-TAIP,3360,One Time,OneTime
01tWC00000DD1mhYAD,FIM-FIM-NRPS-TAIP,3360,One Time,OneTime
01tWC00000DD1mhYAD,FIM-FIM-NRPS-TAIP,3360,Term Based - Annual,TermDefined
01tWC00000DD1mhYAD,FIM-FIM-NRPS-TAIP,3360,Term Based - Annual,TermDefined
01tWC00000DD1mhYAD,FIM-FIM-NRPS-TAIP,5107.2,One Time,OneTime
01tWC00000DD1mhYAD,FIM-FIM-NRPS-TAIP,5107.2,One Time,OneTime
01tWC00000DD1mhYAD,FIM-FIM-NRPS-TAIP,5107.2,Term Based - Annual,TermDefined
01tWC00000DD1mhYAD,FIM-FIM-NRPS-TAIP,5107.2,Term Based - Annual,TermDefined
01tWC00000DD1mhYAD,FIM-FIM-NRPS-TAIP,4536,One Time,OneTime
01tWC00000DD1mhYAD,FIM-FIM-NRPS-TAIP,4536,One Time,OneTime
01tWC00000DD1mhYAD,FIM-FIM-NRPS-TAIP,4536,Term Based - Annual,TermDefined
01tWC00000DD1mhYAD,FIM-FIM-NRPS-TAIP,4536,Term Based - Annual,TermDefined
01tWC00000DD1mhYAD,FIM-FIM-NRPS-TAIP,3091.2,One Time,OneTime
01tWC00000DD1mhYAD,FIM-FIM-NRPS-TAIP,3091.2,One Time,OneTime
01tWC00000DD1mhYAD,FIM-FIM-NRPS-TAIP,3091.2,Term Based - Annual,TermDefined
01tWC00000DD1mhYAD,FIM-FIM-NRPS-TAIP,3091.2,Term Based - Annual,TermDefined
01tWC00000DD1mhYAD,FIM-FIM-NRPS-TAIP,2654.4,One Time,OneTime
01tWC00000DD1mhYAD,FIM-FIM-NRPS-TAIP,2654.4,One Time,OneTime
01tWC00000DD1mhYAD,FIM-FIM-NRPS-TAIP,2654.4,Term Based - Annual,TermDefined
01tWC00000DD1mhYAD,FIM-FIM-NRPS-TAIP,2654.4,Term Based - Annual,TermDefined
01tWC00000DD1mpYAD,FIM-FIM-NRPS-TELP,299,One Time,OneTime
01tWC00000DD1mpYAD,FIM-FIM-NRPS-TELP,299,One Time,OneTime
01tWC00000DD1mpYAD,FIM-FIM-NRPS-TELP,299,Term Based - Annual,TermDefined
01tWC00000DD1mpYAD,FIM-FIM-NRPS-TELP,299,Term Based - Annual,TermDefined
01tWC00000DD1mpYAD,FIM-FIM-NRPS-TELP,0,One Time,OneTime
01tWC00000DD1mpYAD,FIM-FIM-NRPS-TELP,454.48,One Time,OneTime
01tWC00000DD1mpYAD,FIM-FIM-NRPS-TELP,0,Term Based - Annual,TermDefined
01tWC00000DD1mpYAD,FIM-FIM-NRPS-TELP,454.48,Term Based - Annual,TermDefined
01tWC00000DD1mpYAD,FIM-FIM-NRPS-TELP,0,One Time,OneTime
01tWC00000DD1mpYAD,FIM-FIM-NRPS-TELP,403.65,One Time,OneTime
01tWC00000DD1mpYAD,FIM-FIM-NRPS-TELP,0,Term Based - Annual,TermDefined
01tWC00000DD1mpYAD,FIM-FIM-NRPS-TELP,403.65,Term Based - Annual,TermDefined
01tWC00000DD1mpYAD,FIM-FIM-NRPS-TELP,0,One Time,OneTime
01tWC00000DD1mpYAD,FIM-FIM-NRPS-TELP,275.08,One Time,OneTime
01tWC00000DD1mpYAD,FIM-FIM-NRPS-TELP,0,Term Based - Annual,TermDefined
01tWC00000DD1mpYAD,FIM-FIM-NRPS-TELP,275.08,Term Based - Annual,TermDefined
01tWC00000DD1mpYAD,FIM-FIM-NRPS-TELP,0,One Time,OneTime
01tWC00000DD1mpYAD,FIM-FIM-NRPS-TELP,236.21,One Time,OneTime
01tWC00000DD1mpYAD,FIM-FIM-NRPS-TELP,0,Term Based - Annual,TermDefined
01tWC00000DD1mpYAD,FIM-FIM-NRPS-TELP,236.21,Term Based - Annual,TermDefined
01tWC00000DD1msYAD,FIM-FIM-NRPS-TRENTE,349,One Time,OneTime
01tWC00000DD1msYAD,FIM-FIM-NRPS-TRENTE,349,One Time,OneTime
01tWC00000DD1msYAD,FIM-FIM-NRPS-TRENTE,349,Term Based - Annual,TermDefined
01tWC00000DD1msYAD,FIM-FIM-NRPS-TRENTE,349,Term Based - Annual,TermDefined
01tWC00000DD1msYAD,FIM-FIM-NRPS-TRENTE,0,One Time,OneTime
01tWC00000DD1msYAD,FIM-FIM-NRPS-TRENTE,530.48,One Time,OneTime
01tWC00000DD1msYAD,FIM-FIM-NRPS-TRENTE,0,Term Based - Annual,TermDefined
01tWC00000DD1msYAD,FIM-FIM-NRPS-TRENTE,530.48,Term Based - Annual,TermDefined
01tWC00000DD1msYAD,FIM-FIM-NRPS-TRENTE,0,One Time,OneTime
01tWC00000DD1msYAD,FIM-FIM-NRPS-TRENTE,471.15,One Time,OneTime
01tWC00000DD1msYAD,FIM-FIM-NRPS-TRENTE,0,Term Based - Annual,TermDefined
01tWC00000DD1msYAD,FIM-FIM-NRPS-TRENTE,471.15,Term Based - Annual,TermDefined
01tWC00000DD1msYAD,FIM-FIM-NRPS-TRENTE,0,One Time,OneTime
01tWC00000DD1msYAD,FIM-FIM-NRPS-TRENTE,321.08,One Time,OneTime
01tWC00000DD1msYAD,FIM-FIM-NRPS-TRENTE,0,Term Based - Annual,TermDefined
01tWC00000DD1msYAD,FIM-FIM-NRPS-TRENTE,321.08,Term Based - Annual,TermDefined
01tWC00000DD1msYAD,FIM-FIM-NRPS-TRENTE,0,One Time,OneTime
01tWC00000DD1msYAD,FIM-FIM-NRPS-TRENTE,275.71,One Time,OneTime
01tWC00000DD1msYAD,FIM-FIM-NRPS-TRENTE,0,Term Based - Annual,TermDefined
01tWC00000DD1msYAD,FIM-FIM-NRPS-TRENTE,275.71,Term Based - Annual,TermDefined
01tWC00000DD1mvYAD,FIM-FIM-NRPS-TEMEP,299,One Time,OneTime
01tWC00000DD1mvYAD,FIM-FIM-NRPS-TEMEP,299,One Time,OneTime
01tWC00000DD1mvYAD,FIM-FIM-NRPS-TEMEP,299,Term Based - Annual,TermDefined
01tWC00000DD1mvYAD,FIM-FIM-NRPS-TEMEP,299,Term Based - Annual,TermDefined
01tWC00000DD1mvYAD,FIM-FIM-NRPS-TEMEP,454.48,One Time,OneTime
01tWC00000DD1mvYAD,FIM-FIM-NRPS-TEMEP,454.48,One Time,OneTime
01tWC00000DD1mvYAD,FIM-FIM-NRPS-TEMEP,454.48,Term Based - Annual,TermDefined
01tWC00000DD1mvYAD,FIM-FIM-NRPS-TEMEP,454.48,Term Based - Annual,TermDefined
01tWC00000DD1mvYAD,FIM-FIM-NRPS-TEMEP,403.65,One Time,OneTime
01tWC00000DD1mvYAD,FIM-FIM-NRPS-TEMEP,403.65,One Time,OneTime
01tWC00000DD1mvYAD,FIM-FIM-NRPS-TEMEP,403.65,Term Based - Annual,TermDefined
01tWC00000DD1mvYAD,FIM-FIM-NRPS-TEMEP,403.65,Term Based - Annual,TermDefined
01tWC00000DD1mvYAD,FIM-FIM-NRPS-TEMEP,275.08,One Time,OneTime
01tWC00000DD1mvYAD,FIM-FIM-NRPS-TEMEP,275.08,One Time,OneTime
01tWC00000DD1mvYAD,FIM-FIM-NRPS-TEMEP,275.08,Term Based - Annual,TermDefined
01tWC00000DD1mvYAD,FIM-FIM-NRPS-TEMEP,275.08,Term Based - Annual,TermDefined
01tWC00000DD1mvYAD,FIM-FIM-NRPS-TEMEP,236.21,One Time,OneTime
01tWC00000DD1mvYAD,FIM-FIM-NRPS-TEMEP,236.21,One Time,OneTime
01tWC00000DD1mvYAD,FIM-FIM-NRPS-TEMEP,236.21,Term Based - Annual,TermDefined
01tWC00000DD1mvYAD,FIM-FIM-NRPS-TEMEP,236.21,Term Based - Annual,TermDefined
01tWC00000DD1n1YAD,FIM-FIM-NRPS-TEMIP,299,One Time,OneTime
01tWC00000DD1n1YAD,FIM-FIM-NRPS-TEMIP,299,One Time,OneTime
01tWC00000DD1n1YAD,FIM-FIM-NRPS-TEMIP,299,Term Based - Annual,TermDefined
01tWC00000DD1n1YAD,FIM-FIM-NRPS-TEMIP,299,Term Based - Annual,TermDefined
01tWC00000DD1n1YAD,FIM-FIM-NRPS-TEMIP,454.48,One Time,OneTime
01tWC00000DD1n1YAD,FIM-FIM-NRPS-TEMIP,454.48,One Time,OneTime
01tWC00000DD1n1YAD,FIM-FIM-NRPS-TEMIP,454.48,Term Based - Annual,TermDefined
01tWC00000DD1n1YAD,FIM-FIM-NRPS-TEMIP,454.48,Term Based - Annual,TermDefined
01tWC00000DD1n1YAD,FIM-FIM-NRPS-TEMIP,403.65,One Time,OneTime
01tWC00000DD1n1YAD,FIM-FIM-NRPS-TEMIP,403.65,One Time,OneTime
01tWC00000DD1n1YAD,FIM-FIM-NRPS-TEMIP,403.65,Term Based - Annual,TermDefined
01tWC00000DD1n1YAD,FIM-FIM-NRPS-TEMIP,403.65,Term Based - Annual,TermDefined
01tWC00000DD1n1YAD,FIM-FIM-NRPS-TEMIP,275.08,One Time,OneTime
01tWC00000DD1n1YAD,FIM-FIM-NRPS-TEMIP,275.08,One Time,OneTime
01tWC00000DD1n1YAD,FIM-FIM-NRPS-TEMIP,275.08,Term Based - Annual,TermDefined
01tWC00000DD1n1YAD,FIM-FIM-NRPS-TEMIP,275.08,Term Based - Annual,TermDefined
01tWC00000DD1n1YAD,FIM-FIM-NRPS-TEMIP,236.21,One Time,OneTime
01tWC00000DD1n1YAD,FIM-FIM-NRPS-TEMIP,236.21,One Time,OneTime
01tWC00000DD1n1YAD,FIM-FIM-NRPS-TEMIP,236.21,Term Based - Annual,TermDefined
01tWC00000DD1n1YAD,FIM-FIM-NRPS-TEMIP,236.21,Term Based - Annual,TermDefined
01tWC00000DD1n5YAD,FIM-FIM-NRPS-TEMP,199,One Time,OneTime
01tWC00000DD1n5YAD,FIM-FIM-NRPS-TEMP,199,One Time,OneTime
01tWC00000DD1n5YAD,FIM-FIM-NRPS-TEMP,199,Term Based - Annual,TermDefined
01tWC00000DD1n5YAD,FIM-FIM-NRPS-TEMP,199,Term Based - Annual,TermDefined
01tWC00000DD1n5YAD,FIM-FIM-NRPS-TEMP,302.48,One Time,OneTime
01tWC00000DD1n5YAD,FIM-FIM-NRPS-TEMP,302.48,One Time,OneTime
01tWC00000DD1n5YAD,FIM-FIM-NRPS-TEMP,302.48,Term Based - Annual,TermDefined
01tWC00000DD1n5YAD,FIM-FIM-NRPS-TEMP,302.48,Term Based - Annual,TermDefined
01tWC00000DD1n5YAD,FIM-FIM-NRPS-TEMP,268.65,One Time,OneTime
01tWC00000DD1n5YAD,FIM-FIM-NRPS-TEMP,268.65,One Time,OneTime
01tWC00000DD1n5YAD,FIM-FIM-NRPS-TEMP,268.65,Term Based - Annual,TermDefined
01tWC00000DD1n5YAD,FIM-FIM-NRPS-TEMP,268.65,Term Based - Annual,TermDefined
01tWC00000DD1n5YAD,FIM-FIM-NRPS-TEMP,183.08,One Time,OneTime
01tWC00000DD1n5YAD,FIM-FIM-NRPS-TEMP,183.08,One Time,OneTime
01tWC00000DD1n5YAD,FIM-FIM-NRPS-TEMP,183.08,Term Based - Annual,TermDefined
01tWC00000DD1n5YAD,FIM-FIM-NRPS-TEMP,183.08,Term Based - Annual,TermDefined
01tWC00000DD1n5YAD,FIM-FIM-NRPS-TEMP,157.21,One Time,OneTime
01tWC00000DD1n5YAD,FIM-FIM-NRPS-TEMP,157.21,One Time,OneTime
01tWC00000DD1n5YAD,FIM-FIM-NRPS-TEMP,157.21,Term Based - Annual,TermDefined
01tWC00000DD1n5YAD,FIM-FIM-NRPS-TEMP,157.21,Term Based - Annual,TermDefined
01tWC00000DD1n9YAD,FIM-FIM-NRPS-TRIPEM,249,One Time,OneTime
01tWC00000DD1n9YAD,FIM-FIM-NRPS-TRIPEM,249,One Time,OneTime
01tWC00000DD1n9YAD,FIM-FIM-NRPS-TRIPEM,249,Term Based - Annual,TermDefined
01tWC00000DD1n9YAD,FIM-FIM-NRPS-TRIPEM,249,Term Based - Annual,TermDefined
01tWC00000DD1n9YAD,FIM-FIM-NRPS-TRIPEM,378.48,One Time,OneTime
01tWC00000DD1n9YAD,FIM-FIM-NRPS-TRIPEM,378.48,One Time,OneTime
01tWC00000DD1n9YAD,FIM-FIM-NRPS-TRIPEM,378.48,Term Based - Annual,TermDefined
01tWC00000DD1n9YAD,FIM-FIM-NRPS-TRIPEM,378.48,Term Based - Annual,TermDefined
01tWC00000DD1n9YAD,FIM-FIM-NRPS-TRIPEM,336.15,One Time,OneTime
01tWC00000DD1n9YAD,FIM-FIM-NRPS-TRIPEM,336.15,One Time,OneTime
01tWC00000DD1n9YAD,FIM-FIM-NRPS-TRIPEM,336.15,Term Based - Annual,TermDefined
01tWC00000DD1n9YAD,FIM-FIM-NRPS-TRIPEM,336.15,Term Based - Annual,TermDefined
01tWC00000DD1n9YAD,FIM-FIM-NRPS-TRIPEM,229.08,One Time,OneTime
01tWC00000DD1n9YAD,FIM-FIM-NRPS-TRIPEM,229.08,One Time,OneTime
01tWC00000DD1n9YAD,FIM-FIM-NRPS-TRIPEM,229.08,Term Based - Annual,TermDefined
01tWC00000DD1n9YAD,FIM-FIM-NRPS-TRIPEM,229.08,Term Based - Annual,TermDefined
01tWC00000DD1n9YAD,FIM-FIM-NRPS-TRIPEM,196.71,One Time,OneTime
01tWC00000DD1n9YAD,FIM-FIM-NRPS-TRIPEM,196.71,One Time,OneTime
01tWC00000DD1n9YAD,FIM-FIM-NRPS-TRIPEM,196.71,Term Based - Annual,TermDefined
01tWC00000DD1n9YAD,FIM-FIM-NRPS-TRIPEM,196.71,Term Based - Annual,TermDefined
01tWC00000DD1nEYAT,FIM-FIM-NRPS-TENDP,299,One Time,OneTime
01tWC00000DD1nEYAT,FIM-FIM-NRPS-TENDP,299,One Time,OneTime
01tWC00000DD1nEYAT,FIM-FIM-NRPS-TENDP,299,Term Based - Annual,TermDefined
01tWC00000DD1nEYAT,FIM-FIM-NRPS-TENDP,299,Term Based - Annual,TermDefined
01tWC00000DD1nEYAT,FIM-FIM-NRPS-TENDP,454.48,One Time,OneTime
01tWC00000DD1nEYAT,FIM-FIM-NRPS-TENDP,454.48,One Time,OneTime
01tWC00000DD1nEYAT,FIM-FIM-NRPS-TENDP,454.48,Term Based - Annual,TermDefined
01tWC00000DD1nEYAT,FIM-FIM-NRPS-TENDP,454.48,Term Based - Annual,TermDefined
01tWC00000DD1nEYAT,FIM-FIM-NRPS-TENDP,403.65,One Time,OneTime
01tWC00000DD1nEYAT,FIM-FIM-NRPS-TENDP,403.65,One Time,OneTime
01tWC00000DD1nEYAT,FIM-FIM-NRPS-TENDP,403.65,Term Based - Annual,TermDefined
01tWC00000DD1nEYAT,FIM-FIM-NRPS-TENDP,403.65,Term Based - Annual,TermDefined
01tWC00000DD1nEYAT,FIM-FIM-NRPS-TENDP,275.08,One Time,OneTime
01tWC00000DD1nEYAT,FIM-FIM-NRPS-TENDP,275.08,One Time,OneTime
01tWC00000DD1nEYAT,FIM-FIM-NRPS-TENDP,275.08,Term Based - Annual,TermDefined
01tWC00000DD1nEYAT,FIM-FIM-NRPS-TENDP,275.08,Term Based - Annual,TermDefined
01tWC00000DD1nEYAT,FIM-FIM-NRPS-TENDP,236.21,One Time,OneTime
01tWC00000DD1nEYAT,FIM-FIM-NRPS-TENDP,236.21,One Time,OneTime
01tWC00000DD1nEYAT,FIM-FIM-NRPS-TENDP,236.21,Term Based - Annual,TermDefined
01tWC00000DD1nEYAT,FIM-FIM-NRPS-TENDP,236.21,Term Based - Annual,TermDefined
01tWC00000DD1nJYAT,FIM-FIM-NRPS-TEPP,99,One Time,OneTime
01tWC00000DD1nJYAT,FIM-FIM-NRPS-TEPP,99,One Time,OneTime
01tWC00000DD1nJYAT,FIM-FIM-NRPS-TEPP,99,Term Based - Annual,TermDefined
01tWC00000DD1nJYAT,FIM-FIM-NRPS-TEPP,99,Term Based - Annual,TermDefined
01tWC00000DD1nJYAT,FIM-FIM-NRPS-TEPP,150.48,One Time,OneTime
01tWC00000DD1nJYAT,FIM-FIM-NRPS-TEPP,150.48,One Time,OneTime
01tWC00000DD1nJYAT,FIM-FIM-NRPS-TEPP,150.48,Term Based - Annual,TermDefined
01tWC00000DD1nJYAT,FIM-FIM-NRPS-TEPP,150.48,Term Based - Annual,TermDefined
01tWC00000DD1nJYAT,FIM-FIM-NRPS-TEPP,133.65,One Time,OneTime
01tWC00000DD1nJYAT,FIM-FIM-NRPS-TEPP,133.65,One Time,OneTime
01tWC00000DD1nJYAT,FIM-FIM-NRPS-TEPP,133.65,Term Based - Annual,TermDefined
01tWC00000DD1nJYAT,FIM-FIM-NRPS-TEPP,133.65,Term Based - Annual,TermDefined
01tWC00000DD1nJYAT,FIM-FIM-NRPS-TEPP,91.08,One Time,OneTime
01tWC00000DD1nJYAT,FIM-FIM-NRPS-TEPP,91.08,One Time,OneTime
01tWC00000DD1nJYAT,FIM-FIM-NRPS-TEPP,91.08,Term Based - Annual,TermDefined
01tWC00000DD1nJYAT,FIM-FIM-NRPS-TEPP,91.08,Term Based - Annual,TermDefined
01tWC00000DD1nJYAT,FIM-FIM-NRPS-TEPP,78.21,One Time,OneTime
01tWC00000DD1nJYAT,FIM-FIM-NRPS-TEPP,78.21,One Time,OneTime
01tWC00000DD1nJYAT,FIM-FIM-NRPS-TEPP,78.21,Term Based - Annual,TermDefined
01tWC00000DD1nJYAT,FIM-FIM-NRPS-TEPP,78.21,Term Based - Annual,TermDefined
01tWC00000DD1nOYAT,FIM-FIM-NRPS-TEPSP,299,One Time,OneTime
01tWC00000DD1nOYAT,FIM-FIM-NRPS-TEPSP,299,One Time,OneTime
01tWC00000DD1nOYAT,FIM-FIM-NRPS-TEPSP,299,Term Based - Annual,TermDefined
01tWC00000DD1nOYAT,FIM-FIM-NRPS-TEPSP,299,Term Based - Annual,TermDefined
01tWC00000DD1nOYAT,FIM-FIM-NRPS-TEPSP,454.48,One Time,OneTime
01tWC00000DD1nOYAT,FIM-FIM-NRPS-TEPSP,454.48,One Time,OneTime
01tWC00000DD1nOYAT,FIM-FIM-NRPS-TEPSP,454.48,Term Based - Annual,TermDefined
01tWC00000DD1nOYAT,FIM-FIM-NRPS-TEPSP,454.48,Term Based - Annual,TermDefined
01tWC00000DD1nOYAT,FIM-FIM-NRPS-TEPSP,403.65,One Time,OneTime
01tWC00000DD1nOYAT,FIM-FIM-NRPS-TEPSP,403.65,One Time,OneTime
01tWC00000DD1nOYAT,FIM-FIM-NRPS-TEPSP,403.65,Term Based - Annual,TermDefined
01tWC00000DD1nOYAT,FIM-FIM-NRPS-TEPSP,403.65,Term Based - Annual,TermDefined
01tWC00000DD1nOYAT,FIM-FIM-NRPS-TEPSP,275.08,One Time,OneTime
01tWC00000DD1nOYAT,FIM-FIM-NRPS-TEPSP,275.08,One Time,OneTime
01tWC00000DD1nOYAT,FIM-FIM-NRPS-TEPSP,275.08,Term Based - Annual,TermDefined
01tWC00000DD1nOYAT,FIM-FIM-NRPS-TEPSP,275.08,Term Based - Annual,TermDefined
01tWC00000DD1nOYAT,FIM-FIM-NRPS-TEPSP,236.21,One Time,OneTime
01tWC00000DD1nOYAT,FIM-FIM-NRPS-TEPSP,236.21,One Time,OneTime
01tWC00000DD1nOYAT,FIM-FIM-NRPS-TEPSP,236.21,Term Based - Annual,TermDefined
01tWC00000DD1nOYAT,FIM-FIM-NRPS-TEPSP,236.21,Term Based - Annual,TermDefined
01tWC00000DD1nSYAT,FIM-FIM-NRPS-TRFP,99,One Time,OneTime
01tWC00000DD1nSYAT,FIM-FIM-NRPS-TRFP,99,One Time,OneTime
01tWC00000DD1nSYAT,FIM-FIM-NRPS-TRFP,99,Term Based - Annual,TermDefined
01tWC00000DD1nSYAT,FIM-FIM-NRPS-TRFP,99,Term Based - Annual,TermDefined
01tWC00000DD1nSYAT,FIM-FIM-NRPS-TRFP,0,One Time,OneTime
01tWC00000DD1nSYAT,FIM-FIM-NRPS-TRFP,150.48,One Time,OneTime
01tWC00000DD1nSYAT,FIM-FIM-NRPS-TRFP,0,Term Based - Annual,TermDefined
01tWC00000DD1nSYAT,FIM-FIM-NRPS-TRFP,150.48,Term Based - Annual,TermDefined
01tWC00000DD1nSYAT,FIM-FIM-NRPS-TRFP,0,One Time,OneTime
01tWC00000DD1nSYAT,FIM-FIM-NRPS-TRFP,133.65,One Time,OneTime
01tWC00000DD1nSYAT,FIM-FIM-NRPS-TRFP,0,Term Based - Annual,TermDefined
01tWC00000DD1nSYAT,FIM-FIM-NRPS-TRFP,133.65,Term Based - Annual,TermDefined
01tWC00000DD1nSYAT,FIM-FIM-NRPS-TRFP,0,One Time,OneTime
01tWC00000DD1nSYAT,FIM-FIM-NRPS-TRFP,91.08,One Time,OneTime
01tWC00000DD1nSYAT,FIM-FIM-NRPS-TRFP,0,Term Based - Annual,TermDefined
01tWC00000DD1nSYAT,FIM-FIM-NRPS-TRFP,91.08,Term Based - Annual,TermDefined
01tWC00000DD1nSYAT,FIM-FIM-NRPS-TRFP,0,One Time,OneTime
01tWC00000DD1nSYAT,FIM-FIM-NRPS-TRFP,78.21,One Time,OneTime
01tWC00000DD1nSYAT,FIM-FIM-NRPS-TRFP,0,Term Based - Annual,TermDefined
01tWC00000DD1nSYAT,FIM-FIM-NRPS-TRFP,78.21,Term Based - Annual,TermDefined
01tWC00000DD1nVYAT,FIM-FIM-NRPS-TRIPES,149,One Time,OneTime
01tWC00000DD1nVYAT,FIM-FIM-NRPS-TRIPES,149,One Time,OneTime
01tWC00000DD1nVYAT,FIM-FIM-NRPS-TRIPES,149,Term Based - Annual,TermDefined
01tWC00000DD1nVYAT,FIM-FIM-NRPS-TRIPES,149,Term Based - Annual,TermDefined
01tWC00000DD1nVYAT,FIM-FIM-NRPS-TRIPES,0,One Time,OneTime
01tWC00000DD1nVYAT,FIM-FIM-NRPS-TRIPES,226.48,One Time,OneTime
01tWC00000DD1nVYAT,FIM-FIM-NRPS-TRIPES,0,Term Based - Annual,TermDefined
01tWC00000DD1nVYAT,FIM-FIM-NRPS-TRIPES,226.48,Term Based - Annual,TermDefined
01tWC00000DD1nVYAT,FIM-FIM-NRPS-TRIPES,0,One Time,OneTime
01tWC00000DD1nVYAT,FIM-FIM-NRPS-TRIPES,201.15,One Time,OneTime
01tWC00000DD1nVYAT,FIM-FIM-NRPS-TRIPES,0,Term Based - Annual,TermDefined
01tWC00000DD1nVYAT,FIM-FIM-NRPS-TRIPES,201.15,Term Based - Annual,TermDefined
01tWC00000DD1nVYAT,FIM-FIM-NRPS-TRIPES,0,One Time,OneTime
01tWC00000DD1nVYAT,FIM-FIM-NRPS-TRIPES,137.08,One Time,OneTime
01tWC00000DD1nVYAT,FIM-FIM-NRPS-TRIPES,0,Term Based - Annual,TermDefined
01tWC00000DD1nVYAT,FIM-FIM-NRPS-TRIPES,137.08,Term Based - Annual,TermDefined
01tWC00000DD1nVYAT,FIM-FIM-NRPS-TRIPES,0,One Time,OneTime
01tWC00000DD1nVYAT,FIM-FIM-NRPS-TRIPES,117.71,One Time,OneTime
01tWC00000DD1nVYAT,FIM-FIM-NRPS-TRIPES,0,Term Based - Annual,TermDefined
01tWC00000DD1nVYAT,FIM-FIM-NRPS-TRIPES,117.71,Term Based - Annual,TermDefined
01tWC00000DD1nYYAT,FIM-FIM-NRPS-TEVEP,0,One Time,OneTime
01tWC00000DD1nYYAT,FIM-FIM-NRPS-TEVEP,0,One Time,OneTime
01tWC00000DD1nYYAT,FIM-FIM-NRPS-TEVEP,0,Term Based - Annual,TermDefined
01tWC00000DD1nYYAT,FIM-FIM-NRPS-TEVEP,0,Term Based - Annual,TermDefined
01tWC00000DD1nYYAT,FIM-FIM-NRPS-TEVEP,0,One Time,OneTime
01tWC00000DD1nYYAT,FIM-FIM-NRPS-TEVEP,0,One Time,OneTime
01tWC00000DD1nYYAT,FIM-FIM-NRPS-TEVEP,0,Term Based - Annual,TermDefined
01tWC00000DD1nYYAT,FIM-FIM-NRPS-TEVEP,0,Term Based - Annual,TermDefined
01tWC00000DD1nYYAT,FIM-FIM-NRPS-TEVEP,0,One Time,OneTime
01tWC00000DD1nYYAT,FIM-FIM-NRPS-TEVEP,0,One Time,OneTime
01tWC00000DD1nYYAT,FIM-FIM-NRPS-TEVEP,0,Term Based - Annual,TermDefined
01tWC00000DD1nYYAT,FIM-FIM-NRPS-TEVEP,0,Term Based - Annual,TermDefined
01tWC00000DD1nYYAT,FIM-FIM-NRPS-TEVEP,0,One Time,OneTime
01tWC00000DD1nYYAT,FIM-FIM-NRPS-TEVEP,0,One Time,OneTime
01tWC00000DD1nYYAT,FIM-FIM-NRPS-TEVEP,0,Term Based - Annual,TermDefined
01tWC00000DD1nYYAT,FIM-FIM-NRPS-TEVEP,0,Term Based - Annual,TermDefined
01tWC00000DD1nYYAT,FIM-FIM-NRPS-TEVEP,0,One Time,OneTime
01tWC00000DD1nYYAT,FIM-FIM-NRPS-TEVEP,0,One Time,OneTime
01tWC00000DD1nYYAT,FIM-FIM-NRPS-TEVEP,0,Term Based - Annual,TermDefined
01tWC00000DD1nYYAT,FIM-FIM-NRPS-TEVEP,0,Term Based - Annual,TermDefined
01tWC00000DD1npYAD,FIM-FIM-NRPS-TDP,299,One Time,OneTime
01tWC00000DD1npYAD,FIM-FIM-NRPS-TDP,299,One Time,OneTime
01tWC00000DD1npYAD,FIM-FIM-NRPS-TDP,299,Term Based - Annual,TermDefined
01tWC00000DD1npYAD,FIM-FIM-NRPS-TDP,299,Term Based - Annual,TermDefined
01tWC00000DD1npYAD,FIM-FIM-NRPS-TDP,454.48,One Time,OneTime
01tWC00000DD1npYAD,FIM-FIM-NRPS-TDP,454.48,One Time,OneTime
01tWC00000DD1npYAD,FIM-FIM-NRPS-TDP,454.48,Term Based - Annual,TermDefined
01tWC00000DD1npYAD,FIM-FIM-NRPS-TDP,454.48,Term Based - Annual,TermDefined
01tWC00000DD1npYAD,FIM-FIM-NRPS-TDP,403.65,One Time,OneTime
01tWC00000DD1npYAD,FIM-FIM-NRPS-TDP,403.65,One Time,OneTime
01tWC00000DD1npYAD,FIM-FIM-NRPS-TDP,403.65,Term Based - Annual,TermDefined
01tWC00000DD1npYAD,FIM-FIM-NRPS-TDP,403.65,Term Based - Annual,TermDefined
01tWC00000DD1npYAD,FIM-FIM-NRPS-TDP,275.08,One Time,OneTime
01tWC00000DD1npYAD,FIM-FIM-NRPS-TDP,275.08,One Time,OneTime
01tWC00000DD1npYAD,FIM-FIM-NRPS-TDP,275.08,Term Based - Annual,TermDefined
01tWC00000DD1npYAD,FIM-FIM-NRPS-TDP,275.08,Term Based - Annual,TermDefined
01tWC00000DD1npYAD,FIM-FIM-NRPS-TDP,236.21,One Time,OneTime
01tWC00000DD1npYAD,FIM-FIM-NRPS-TDP,236.21,One Time,OneTime
01tWC00000DD1npYAD,FIM-FIM-NRPS-TDP,236.21,Term Based - Annual,TermDefined
01tWC00000DD1npYAD,FIM-FIM-NRPS-TDP,236.21,Term Based - Annual,TermDefined
01tWC00000DD1ntYAD,FIM-FIM-NRPS-TDSP,299,One Time,OneTime
01tWC00000DD1ntYAD,FIM-FIM-NRPS-TDSP,299,One Time,OneTime
01tWC00000DD1ntYAD,FIM-FIM-NRPS-TDSP,299,Term Based - Annual,TermDefined
01tWC00000DD1ntYAD,FIM-FIM-NRPS-TDSP,299,Term Based - Annual,TermDefined
01tWC00000DD1ntYAD,FIM-FIM-NRPS-TDSP,454.48,One Time,OneTime
01tWC00000DD1ntYAD,FIM-FIM-NRPS-TDSP,454.48,One Time,OneTime
01tWC00000DD1ntYAD,FIM-FIM-NRPS-TDSP,454.48,Term Based - Annual,TermDefined
01tWC00000DD1ntYAD,FIM-FIM-NRPS-TDSP,454.48,Term Based - Annual,TermDefined
01tWC00000DD1ntYAD,FIM-FIM-NRPS-TDSP,403.65,One Time,OneTime
01tWC00000DD1ntYAD,FIM-FIM-NRPS-TDSP,403.65,One Time,OneTime
01tWC00000DD1ntYAD,FIM-FIM-NRPS-TDSP,403.65,Term Based - Annual,TermDefined
01tWC00000DD1ntYAD,FIM-FIM-NRPS-TDSP,403.65,Term Based - Annual,TermDefined
01tWC00000DD1ntYAD,FIM-FIM-NRPS-TDSP,275.08,One Time,OneTime
01tWC00000DD1ntYAD,FIM-FIM-NRPS-TDSP,275.08,One Time,OneTime
01tWC00000DD1ntYAD,FIM-FIM-NRPS-TDSP,275.08,Term Based - Annual,TermDefined
01tWC00000DD1ntYAD,FIM-FIM-NRPS-TDSP,275.08,Term Based - Annual,TermDefined
01tWC00000DD1ntYAD,FIM-FIM-NRPS-TDSP,236.21,One Time,OneTime
01tWC00000DD1ntYAD,FIM-FIM-NRPS-TDSP,236.21,One Time,OneTime
01tWC00000DD1ntYAD,FIM-FIM-NRPS-TDSP,236.21,Term Based - Annual,TermDefined
01tWC00000DD1ntYAD,FIM-FIM-NRPS-TDSP,236.21,Term Based - Annual,TermDefined
01tWC00000DD1o2YAD,FIM-FML-NRPS-TSP,595,One Time,OneTime
01tWC00000DD1o2YAD,FIM-FML-NRPS-TSP,595,One Time,OneTime
01tWC00000DD1o2YAD,FIM-FML-NRPS-TSP,595,One Time,OneTime
01tWC00000DD1o2YAD,FIM-FML-NRPS-TSP,595,Term Based - Annual,TermDefined
01tWC00000DD1o2YAD,FIM-FML-NRPS-TSP,595,Term Based - Annual,TermDefined
01tWC00000DD1o2YAD,FIM-FML-NRPS-TSP,904.4,One Time,OneTime
01tWC00000DD1o2YAD,FIM-FML-NRPS-TSP,904.4,One Time,OneTime
01tWC00000DD1o2YAD,FIM-FML-NRPS-TSP,904.4,Term Based - Annual,TermDefined
01tWC00000DD1o2YAD,FIM-FML-NRPS-TSP,904.4,Term Based - Annual,TermDefined
01tWC00000DD1o2YAD,FIM-FML-NRPS-TSP,803.25,One Time,OneTime
01tWC00000DD1o2YAD,FIM-FML-NRPS-TSP,803.25,One Time,OneTime
01tWC00000DD1o2YAD,FIM-FML-NRPS-TSP,803.25,Term Based - Annual,TermDefined
01tWC00000DD1o2YAD,FIM-FML-NRPS-TSP,803.25,Term Based - Annual,TermDefined
01tWC00000DD1o2YAD,FIM-FML-NRPS-TSP,547.4,One Time,OneTime
01tWC00000DD1o2YAD,FIM-FML-NRPS-TSP,547.4,One Time,OneTime
01tWC00000DD1o2YAD,FIM-FML-NRPS-TSP,547.4,Term Based - Annual,TermDefined
01tWC00000DD1o2YAD,FIM-FML-NRPS-TSP,547.4,Term Based - Annual,TermDefined
01tWC00000DD1o2YAD,FIM-FML-NRPS-TSP,470.05,One Time,OneTime
01tWC00000DD1o2YAD,FIM-FML-NRPS-TSP,470.05,One Time,OneTime
01tWC00000DD1o2YAD,FIM-FML-NRPS-TSP,470.05,Term Based - Annual,TermDefined
01tWC00000DD1o2YAD,FIM-FML-NRPS-TSP,470.05,Term Based - Annual,TermDefined
01tWC00000DD1oHYAT,FIM-FML-NRPS-TINP,0,One Time,OneTime
01tWC00000DD1oHYAT,FIM-FML-NRPS-TINP,0,One Time,OneTime
01tWC00000DD1oHYAT,FIM-FML-NRPS-TINP,0,Term Based - Annual,TermDefined
01tWC00000DD1oHYAT,FIM-FML-NRPS-TINP,0,Term Based - Annual,TermDefined
01tWC00000DD1oHYAT,FIM-FML-NRPS-TINP,0,One Time,OneTime
01tWC00000DD1oHYAT,FIM-FML-NRPS-TINP,0,One Time,OneTime
01tWC00000DD1oHYAT,FIM-FML-NRPS-TINP,0,Term Based - Annual,TermDefined
01tWC00000DD1oHYAT,FIM-FML-NRPS-TINP,0,Term Based - Annual,TermDefined
01tWC00000DD1oHYAT,FIM-FML-NRPS-TINP,0,One Time,OneTime
01tWC00000DD1oHYAT,FIM-FML-NRPS-TINP,0,One Time,OneTime
01tWC00000DD1oHYAT,FIM-FML-NRPS-TINP,0,Term Based - Annual,TermDefined
01tWC00000DD1oHYAT,FIM-FML-NRPS-TINP,0,Term Based - Annual,TermDefined
01tWC00000DD1oHYAT,FIM-FML-NRPS-TINP,0,One Time,OneTime
01tWC00000DD1oHYAT,FIM-FML-NRPS-TINP,0,One Time,OneTime
01tWC00000DD1oHYAT,FIM-FML-NRPS-TINP,0,Term Based - Annual,TermDefined
01tWC00000DD1oHYAT,FIM-FML-NRPS-TINP,0,Term Based - Annual,TermDefined
01tWC00000DD1oHYAT,FIM-FML-NRPS-TINP,0,One Time,OneTime
01tWC00000DD1oHYAT,FIM-FML-NRPS-TINP,0,One Time,OneTime
01tWC00000DD1oHYAT,FIM-FML-NRPS-TINP,0,Term Based - Annual,TermDefined
01tWC00000DD1oHYAT,FIM-FML-NRPS-TINP,0,Term Based - Annual,TermDefined
01tWC00000DD1oLYAT,FIM-TLC-NRPS-TLCTBP,0,One Time,OneTime
01tWC00000DD1oLYAT,FIM-TLC-NRPS-TLCTBP,0,One Time,OneTime
01tWC00000DD1oLYAT,FIM-TLC-NRPS-TLCTBP,0,Term Based - Annual,TermDefined
01tWC00000DD1oLYAT,FIM-TLC-NRPS-TLCTBP,0,Term Based - Annual,TermDefined
01tWC00000DD1oLYAT,FIM-TLC-NRPS-TLCTBP,0,One Time,OneTime
01tWC00000DD1oLYAT,FIM-TLC-NRPS-TLCTBP,0,One Time,OneTime
01tWC00000DD1oLYAT,FIM-TLC-NRPS-TLCTBP,0,Term Based - Annual,TermDefined
01tWC00000DD1oLYAT,FIM-TLC-NRPS-TLCTBP,0,Term Based - Annual,TermDefined
01tWC00000DD1oLYAT,FIM-TLC-NRPS-TLCTBP,0,One Time,OneTime
01tWC00000DD1oLYAT,FIM-TLC-NRPS-TLCTBP,0,One Time,OneTime
01tWC00000DD1oLYAT,FIM-TLC-NRPS-TLCTBP,0,Term Based - Annual,TermDefined
01tWC00000DD1oLYAT,FIM-TLC-NRPS-TLCTBP,0,Term Based - Annual,TermDefined
01tWC00000DD1oLYAT,FIM-TLC-NRPS-TLCTBP,0,One Time,OneTime
01tWC00000DD1oLYAT,FIM-TLC-NRPS-TLCTBP,0,One Time,OneTime
01tWC00000DD1oLYAT,FIM-TLC-NRPS-TLCTBP,0,Term Based - Annual,TermDefined
01tWC00000DD1oLYAT,FIM-TLC-NRPS-TLCTBP,0,Term Based - Annual,TermDefined
01tWC00000DD1oLYAT,FIM-TLC-NRPS-TLCTBP,0,One Time,OneTime
01tWC00000DD1oLYAT,FIM-TLC-NRPS-TLCTBP,0,One Time,OneTime
01tWC00000DD1oLYAT,FIM-TLC-NRPS-TLCTBP,0,Term Based - Annual,TermDefined
01tWC00000DD1oLYAT,FIM-TLC-NRPS-TLCTBP,0,Term Based - Annual,TermDefined
01tWC00000DD1oSYAT,FIM-TLC-NRPS-TLCP,59,One Time,OneTime
01tWC00000DD1oSYAT,FIM-TLC-NRPS-TLCP,59,One Time,OneTime
01tWC00000DD1oSYAT,FIM-TLC-NRPS-TLCP,59,Term Based - Annual,TermDefined
01tWC00000DD1oSYAT,FIM-TLC-NRPS-TLCP,59,Term Based - Annual,TermDefined
01tWC00000DD1oSYAT,FIM-TLC-NRPS-TLCP,89.68,One Time,OneTime
01tWC00000DD1oSYAT,FIM-TLC-NRPS-TLCP,89.68,One Time,OneTime
01tWC00000DD1oSYAT,FIM-TLC-NRPS-TLCP,89.68,Term Based - Annual,TermDefined
01tWC00000DD1oSYAT,FIM-TLC-NRPS-TLCP,89.68,Term Based - Annual,TermDefined
01tWC00000DD1oSYAT,FIM-TLC-NRPS-TLCP,79.65,One Time,OneTime
01tWC00000DD1oSYAT,FIM-TLC-NRPS-TLCP,79.65,One Time,OneTime
01tWC00000DD1oSYAT,FIM-TLC-NRPS-TLCP,79.65,Term Based - Annual,TermDefined
01tWC00000DD1oSYAT,FIM-TLC-NRPS-TLCP,79.65,Term Based - Annual,TermDefined
01tWC00000DD1oSYAT,FIM-TLC-NRPS-TLCP,54.28,One Time,OneTime
01tWC00000DD1oSYAT,FIM-TLC-NRPS-TLCP,54.28,One Time,OneTime
01tWC00000DD1oSYAT,FIM-TLC-NRPS-TLCP,54.28,Term Based - Annual,TermDefined
01tWC00000DD1oSYAT,FIM-TLC-NRPS-TLCP,54.28,Term Based - Annual,TermDefined
01tWC00000DD1oSYAT,FIM-TLC-NRPS-TLCP,46.61,One Time,OneTime
01tWC00000DD1oSYAT,FIM-TLC-NRPS-TLCP,46.61,One Time,OneTime
01tWC00000DD1oSYAT,FIM-TLC-NRPS-TLCP,46.61,Term Based - Annual,TermDefined
01tWC00000DD1oSYAT,FIM-TLC-NRPS-TLCP,46.61,Term Based - Annual,TermDefined
01tWC00000DD1oXYAT,FIM-TLC-NRPS-TLCCP,6995,One Time,OneTime
01tWC00000DD1oXYAT,FIM-TLC-NRPS-TLCCP,6995,One Time,OneTime
01tWC00000DD1oXYAT,FIM-TLC-NRPS-TLCCP,6995,Term Based - Annual,TermDefined
01tWC00000DD1oXYAT,FIM-TLC-NRPS-TLCCP,6995,Term Based - Annual,TermDefined
01tWC00000DD1oXYAT,FIM-TLC-NRPS-TLCCP,10632.4,One Time,OneTime
01tWC00000DD1oXYAT,FIM-TLC-NRPS-TLCCP,10632.4,One Time,OneTime
01tWC00000DD1oXYAT,FIM-TLC-NRPS-TLCCP,10632.4,Term Based - Annual,TermDefined
01tWC00000DD1oXYAT,FIM-TLC-NRPS-TLCCP,10632.4,Term Based - Annual,TermDefined
01tWC00000DD1oXYAT,FIM-TLC-NRPS-TLCCP,9443.25,One Time,OneTime
01tWC00000DD1oXYAT,FIM-TLC-NRPS-TLCCP,9443.25,One Time,OneTime
01tWC00000DD1oXYAT,FIM-TLC-NRPS-TLCCP,9443.25,Term Based - Annual,TermDefined
01tWC00000DD1oXYAT,FIM-TLC-NRPS-TLCCP,9443.25,Term Based - Annual,TermDefined
01tWC00000DD1oXYAT,FIM-TLC-NRPS-TLCCP,6435.4,One Time,OneTime
01tWC00000DD1oXYAT,FIM-TLC-NRPS-TLCCP,6435.4,One Time,OneTime
01tWC00000DD1oXYAT,FIM-TLC-NRPS-TLCCP,6435.4,Term Based - Annual,TermDefined
01tWC00000DD1oXYAT,FIM-TLC-NRPS-TLCCP,6435.4,Term Based - Annual,TermDefined
01tWC00000DD1oXYAT,FIM-TLC-NRPS-TLCCP,5526.05,One Time,OneTime
01tWC00000DD1oXYAT,FIM-TLC-NRPS-TLCCP,5526.05,One Time,OneTime
01tWC00000DD1oXYAT,FIM-TLC-NRPS-TLCCP,5526.05,Term Based - Annual,TermDefined
01tWC00000DD1oXYAT,FIM-TLC-NRPS-TLCCP,5526.05,Term Based - Annual,TermDefined
01tWC00000DD1ocYAD,FIM-TLC-NRPS-TRCP,99,One Time,OneTime
01tWC00000DD1ocYAD,FIM-TLC-NRPS-TRCP,99,One Time,OneTime
01tWC00000DD1ocYAD,FIM-TLC-NRPS-TRCP,150.48,One Time,OneTime
01tWC00000DD1ocYAD,FIM-TLC-NRPS-TRCP,150.48,One Time,OneTime
01tWC00000DD1ocYAD,FIM-TLC-NRPS-TRCP,133.65,One Time,OneTime
01tWC00000DD1ocYAD,FIM-TLC-NRPS-TRCP,133.65,One Time,OneTime
01tWC00000DD1ocYAD,FIM-TLC-NRPS-TRCP,91.08,One Time,OneTime
01tWC00000DD1ocYAD,FIM-TLC-NRPS-TRCP,91.08,One Time,OneTime
01tWC00000DD1ocYAD,FIM-TLC-NRPS-TRCP,78.21,One Time,OneTime
01tWC00000DD1ocYAD,FIM-TLC-NRPS-TRCP,78.21,One Time,OneTime
01tWC00000DD1ojYAD,FIM-TLC-NRPS-TRILOG,33,One Time,OneTime
01tWC00000DD1ojYAD,FIM-TLC-NRPS-TRILOG,33,One Time,OneTime
01tWC00000DD1ojYAD,FIM-TLC-NRPS-TRILOG,33,Term Based - Annual,TermDefined
01tWC00000DD1ojYAD,FIM-TLC-NRPS-TRILOG,33,Term Based - Annual,TermDefined
01tWC00000DD1ojYAD,FIM-TLC-NRPS-TRILOG,50.16,One Time,OneTime
01tWC00000DD1ojYAD,FIM-TLC-NRPS-TRILOG,50.16,One Time,OneTime
01tWC00000DD1ojYAD,FIM-TLC-NRPS-TRILOG,50.16,Term Based - Annual,TermDefined
01tWC00000DD1ojYAD,FIM-TLC-NRPS-TRILOG,50.16,Term Based - Annual,TermDefined
01tWC00000DD1ojYAD,FIM-TLC-NRPS-TRILOG,44.55,One Time,OneTime
01tWC00000DD1ojYAD,FIM-TLC-NRPS-TRILOG,44.55,One Time,OneTime
01tWC00000DD1ojYAD,FIM-TLC-NRPS-TRILOG,44.55,Term Based - Annual,TermDefined
01tWC00000DD1ojYAD,FIM-TLC-NRPS-TRILOG,44.55,Term Based - Annual,TermDefined
01tWC00000DD1ojYAD,FIM-TLC-NRPS-TRILOG,30.36,One Time,OneTime
01tWC00000DD1ojYAD,FIM-TLC-NRPS-TRILOG,30.36,One Time,OneTime
01tWC00000DD1ojYAD,FIM-TLC-NRPS-TRILOG,30.36,Term Based - Annual,TermDefined
01tWC00000DD1ojYAD,FIM-TLC-NRPS-TRILOG,30.36,Term Based - Annual,TermDefined
01tWC00000DD1ojYAD,FIM-TLC-NRPS-TRILOG,26.07,One Time,OneTime
01tWC00000DD1ojYAD,FIM-TLC-NRPS-TRILOG,26.07,One Time,OneTime
01tWC00000DD1ojYAD,FIM-TLC-NRPS-TRILOG,26.07,Term Based - Annual,TermDefined
01tWC00000DD1ojYAD,FIM-TLC-NRPS-TRILOG,26.07,Term Based - Annual,TermDefined
01tWC00000DD1onYAD,FIM-TLC-NRPS-TLOG,99,One Time,OneTime
01tWC00000DD1onYAD,FIM-TLC-NRPS-TLOG,99,One Time,OneTime
01tWC00000DD1onYAD,FIM-TLC-NRPS-TLOG,99,Term Based - Annual,TermDefined
01tWC00000DD1onYAD,FIM-TLC-NRPS-TLOG,99,Term Based - Annual,TermDefined
01tWC00000DD1onYAD,FIM-TLC-NRPS-TLOG,150.48,One Time,OneTime
01tWC00000DD1onYAD,FIM-TLC-NRPS-TLOG,150.48,One Time,OneTime
01tWC00000DD1onYAD,FIM-TLC-NRPS-TLOG,150.48,Term Based - Annual,TermDefined
01tWC00000DD1onYAD,FIM-TLC-NRPS-TLOG,150.48,Term Based - Annual,TermDefined
01tWC00000DD1onYAD,FIM-TLC-NRPS-TLOG,133.65,One Time,OneTime
01tWC00000DD1onYAD,FIM-TLC-NRPS-TLOG,133.65,One Time,OneTime
01tWC00000DD1onYAD,FIM-TLC-NRPS-TLOG,133.65,Term Based - Annual,TermDefined
01tWC00000DD1onYAD,FIM-TLC-NRPS-TLOG,133.65,Term Based - Annual,TermDefined
01tWC00000DD1onYAD,FIM-TLC-NRPS-TLOG,91.08,One Time,OneTime
01tWC00000DD1onYAD,FIM-TLC-NRPS-TLOG,91.08,One Time,OneTime
01tWC00000DD1onYAD,FIM-TLC-NRPS-TLOG,91.08,Term Based - Annual,TermDefined
01tWC00000DD1onYAD,FIM-TLC-NRPS-TLOG,91.08,Term Based - Annual,TermDefined
01tWC00000DD1onYAD,FIM-TLC-NRPS-TLOG,78.21,One Time,OneTime
01tWC00000DD1onYAD,FIM-TLC-NRPS-TLOG,78.21,One Time,OneTime
01tWC00000DD1onYAD,FIM-TLC-NRPS-TLOG,78.21,Term Based - Annual,TermDefined
01tWC00000DD1onYAD,FIM-TLC-NRPS-TLOG,78.21,Term Based - Annual,TermDefined
01tWC00000DD1osYAD,FIM-TLC-NRPS-TRILCE,295,One Time,OneTime
01tWC00000DD1osYAD,FIM-TLC-NRPS-TRILCE,295,One Time,OneTime
01tWC00000DD1osYAD,FIM-TLC-NRPS-TRILCE,448.4,One Time,OneTime
01tWC00000DD1osYAD,FIM-TLC-NRPS-TRILCE,448.4,One Time,OneTime
01tWC00000DD1osYAD,FIM-TLC-NRPS-TRILCE,398.25,One Time,OneTime
01tWC00000DD1osYAD,FIM-TLC-NRPS-TRILCE,398.25,One Time,OneTime
01tWC00000DD1osYAD,FIM-TLC-NRPS-TRILCE,271.4,One Time,OneTime
01tWC00000DD1osYAD,FIM-TLC-NRPS-TRILCE,271.4,One Time,OneTime
01tWC00000DD1osYAD,FIM-TLC-NRPS-TRILCE,233.05,One Time,OneTime
01tWC00000DD1osYAD,FIM-TLC-NRPS-TRILCE,233.05,One Time,OneTime
01tWC00000DD1otYAD,FIM-FIM-NRPS-VEMEEP,4795,One Time,OneTime
01tWC00000DD1otYAD,FIM-FIM-NRPS-VEMEEP,4795,One Time,OneTime
01tWC00000DD1otYAD,FIM-FIM-NRPS-VEMEEP,4795,Term Based - Annual,TermDefined
01tWC00000DD1otYAD,FIM-FIM-NRPS-VEMEEP,4795,Term Based - Annual,TermDefined
01tWC00000DD1otYAD,FIM-FIM-NRPS-VEMEEP,7288.4,One Time,OneTime
01tWC00000DD1otYAD,FIM-FIM-NRPS-VEMEEP,7288.4,One Time,OneTime
01tWC00000DD1otYAD,FIM-FIM-NRPS-VEMEEP,7288.4,Term Based - Annual,TermDefined
01tWC00000DD1otYAD,FIM-FIM-NRPS-VEMEEP,7288.4,Term Based - Annual,TermDefined
01tWC00000DD1otYAD,FIM-FIM-NRPS-VEMEEP,6473.25,One Time,OneTime
01tWC00000DD1otYAD,FIM-FIM-NRPS-VEMEEP,6473.25,One Time,OneTime
01tWC00000DD1otYAD,FIM-FIM-NRPS-VEMEEP,6473.25,Term Based - Annual,TermDefined
01tWC00000DD1otYAD,FIM-FIM-NRPS-VEMEEP,6473.25,Term Based - Annual,TermDefined
01tWC00000DD1otYAD,FIM-FIM-NRPS-VEMEEP,4411.4,One Time,OneTime
01tWC00000DD1otYAD,FIM-FIM-NRPS-VEMEEP,4411.4,One Time,OneTime
01tWC00000DD1otYAD,FIM-FIM-NRPS-VEMEEP,4411.4,Term Based - Annual,TermDefined
01tWC00000DD1otYAD,FIM-FIM-NRPS-VEMEEP,4411.4,Term Based - Annual,TermDefined
01tWC00000DD1otYAD,FIM-FIM-NRPS-VEMEEP,3788.05,One Time,OneTime
01tWC00000DD1otYAD,FIM-FIM-NRPS-VEMEEP,3788.05,One Time,OneTime
01tWC00000DD1otYAD,FIM-FIM-NRPS-VEMEEP,3788.05,Term Based - Annual,TermDefined
01tWC00000DD1otYAD,FIM-FIM-NRPS-VEMEEP,3788.05,Term Based - Annual,TermDefined
01tWC00000DD1p0YAD,FIM-TLC-NRPS-TLCFSP,0,One Time,OneTime
01tWC00000DD1p0YAD,FIM-TLC-NRPS-TLCFSP,0,One Time,OneTime
01tWC00000DD1p0YAD,FIM-TLC-NRPS-TLCFSP,0,Term Based - Annual,TermDefined
01tWC00000DD1p0YAD,FIM-TLC-NRPS-TLCFSP,0,Term Based - Annual,TermDefined
01tWC00000DD1p0YAD,FIM-TLC-NRPS-TLCFSP,0,One Time,OneTime
01tWC00000DD1p0YAD,FIM-TLC-NRPS-TLCFSP,0,One Time,OneTime
01tWC00000DD1p0YAD,FIM-TLC-NRPS-TLCFSP,0,Term Based - Annual,TermDefined
01tWC00000DD1p0YAD,FIM-TLC-NRPS-TLCFSP,0,Term Based - Annual,TermDefined
01tWC00000DD1p0YAD,FIM-TLC-NRPS-TLCFSP,0,One Time,OneTime
01tWC00000DD1p0YAD,FIM-TLC-NRPS-TLCFSP,0,One Time,OneTime
01tWC00000DD1p0YAD,FIM-TLC-NRPS-TLCFSP,0,Term Based - Annual,TermDefined
01tWC00000DD1p0YAD,FIM-TLC-NRPS-TLCFSP,0,Term Based - Annual,TermDefined
01tWC00000DD1p0YAD,FIM-TLC-NRPS-TLCFSP,0,One Time,OneTime
01tWC00000DD1p0YAD,FIM-TLC-NRPS-TLCFSP,0,One Time,OneTime
01tWC00000DD1p0YAD,FIM-TLC-NRPS-TLCFSP,0,Term Based - Annual,TermDefined
01tWC00000DD1p0YAD,FIM-TLC-NRPS-TLCFSP,0,Term Based - Annual,TermDefined
01tWC00000DD1p0YAD,FIM-TLC-NRPS-TLCFSP,0,One Time,OneTime
01tWC00000DD1p0YAD,FIM-TLC-NRPS-TLCFSP,0,One Time,OneTime
01tWC00000DD1p0YAD,FIM-TLC-NRPS-TLCFSP,0,Term Based - Annual,TermDefined
01tWC00000DD1p0YAD,FIM-TLC-NRPS-TLCFSP,0,Term Based - Annual,TermDefined
01tWC00000DD1p3YAD,FIM-TLC-NRPS-TLCIEP,99,One Time,OneTime
01tWC00000DD1p3YAD,FIM-TLC-NRPS-TLCIEP,99,One Time,OneTime
01tWC00000DD1p3YAD,FIM-TLC-NRPS-TLCIEP,99,Term Based - Annual,TermDefined
01tWC00000DD1p3YAD,FIM-TLC-NRPS-TLCIEP,99,Term Based - Annual,TermDefined
01tWC00000DD1p3YAD,FIM-TLC-NRPS-TLCIEP,150.48,One Time,OneTime
01tWC00000DD1p3YAD,FIM-TLC-NRPS-TLCIEP,150.48,One Time,OneTime
01tWC00000DD1p3YAD,FIM-TLC-NRPS-TLCIEP,150.48,Term Based - Annual,TermDefined
01tWC00000DD1p3YAD,FIM-TLC-NRPS-TLCIEP,150.48,Term Based - Annual,TermDefined
01tWC00000DD1p3YAD,FIM-TLC-NRPS-TLCIEP,133.65,One Time,OneTime
01tWC00000DD1p3YAD,FIM-TLC-NRPS-TLCIEP,133.65,One Time,OneTime
01tWC00000DD1p3YAD,FIM-TLC-NRPS-TLCIEP,133.65,Term Based - Annual,TermDefined
01tWC00000DD1p3YAD,FIM-TLC-NRPS-TLCIEP,133.65,Term Based - Annual,TermDefined
01tWC00000DD1p3YAD,FIM-TLC-NRPS-TLCIEP,91.08,One Time,OneTime
01tWC00000DD1p3YAD,FIM-TLC-NRPS-TLCIEP,91.08,One Time,OneTime
01tWC00000DD1p3YAD,FIM-TLC-NRPS-TLCIEP,91.08,Term Based - Annual,TermDefined
01tWC00000DD1p3YAD,FIM-TLC-NRPS-TLCIEP,91.08,Term Based - Annual,TermDefined
01tWC00000DD1p3YAD,FIM-TLC-NRPS-TLCIEP,78.21,One Time,OneTime
01tWC00000DD1p3YAD,FIM-TLC-NRPS-TLCIEP,78.21,One Time,OneTime
01tWC00000DD1p3YAD,FIM-TLC-NRPS-TLCIEP,78.21,Term Based - Annual,TermDefined
01tWC00000DD1p3YAD,FIM-TLC-NRPS-TLCIEP,78.21,Term Based - Annual,TermDefined
01tWC00000DD1pAYAT,FIM-TLC-NRPS-TLOGCE,99,One Time,OneTime
01tWC00000DD1pAYAT,FIM-TLC-NRPS-TLOGCE,99,One Time,OneTime
01tWC00000DD1pAYAT,FIM-TLC-NRPS-TLOGCE,150.48,One Time,OneTime
01tWC00000DD1pAYAT,FIM-TLC-NRPS-TLOGCE,150.48,One Time,OneTime
01tWC00000DD1pAYAT,FIM-TLC-NRPS-TLOGCE,133.65,One Time,OneTime
01tWC00000DD1pAYAT,FIM-TLC-NRPS-TLOGCE,133.65,One Time,OneTime
01tWC00000DD1pAYAT,FIM-TLC-NRPS-TLOGCE,91.08,One Time,OneTime
01tWC00000DD1pAYAT,FIM-TLC-NRPS-TLOGCE,91.08,One Time,OneTime
01tWC00000DD1pAYAT,FIM-TLC-NRPS-TLOGCE,78.21,One Time,OneTime
01tWC00000DD1pAYAT,FIM-TLC-NRPS-TLOGCE,78.21,One Time,OneTime
01tWC00000DD1pHYAT,FIM-TLC-NRPS-TRLOCM,99,One Time,OneTime
01tWC00000DD1pHYAT,FIM-TLC-NRPS-TRLOCM,99,One Time,OneTime
01tWC00000DD1pHYAT,FIM-TLC-NRPS-TRLOCM,99,Term Based - Annual,TermDefined
01tWC00000DD1pHYAT,FIM-TLC-NRPS-TRLOCM,99,Term Based - Annual,TermDefined
01tWC00000DD1pHYAT,FIM-TLC-NRPS-TRLOCM,150.48,One Time,OneTime
01tWC00000DD1pHYAT,FIM-TLC-NRPS-TRLOCM,150.48,One Time,OneTime
01tWC00000DD1pHYAT,FIM-TLC-NRPS-TRLOCM,150.48,Term Based - Annual,TermDefined
01tWC00000DD1pHYAT,FIM-TLC-NRPS-TRLOCM,150.48,Term Based - Annual,TermDefined
01tWC00000DD1pHYAT,FIM-TLC-NRPS-TRLOCM,133.65,One Time,OneTime
01tWC00000DD1pHYAT,FIM-TLC-NRPS-TRLOCM,133.65,One Time,OneTime
01tWC00000DD1pHYAT,FIM-TLC-NRPS-TRLOCM,133.65,Term Based - Annual,TermDefined
01tWC00000DD1pHYAT,FIM-TLC-NRPS-TRLOCM,133.65,Term Based - Annual,TermDefined
01tWC00000DD1pHYAT,FIM-TLC-NRPS-TRLOCM,91.08,One Time,OneTime
01tWC00000DD1pHYAT,FIM-TLC-NRPS-TRLOCM,91.08,One Time,OneTime
01tWC00000DD1pHYAT,FIM-TLC-NRPS-TRLOCM,91.08,Term Based - Annual,TermDefined
01tWC00000DD1pHYAT,FIM-TLC-NRPS-TRLOCM,91.08,Term Based - Annual,TermDefined
01tWC00000DD1pHYAT,FIM-TLC-NRPS-TRLOCM,78.21,One Time,OneTime
01tWC00000DD1pHYAT,FIM-TLC-NRPS-TRLOCM,78.21,One Time,OneTime
01tWC00000DD1pHYAT,FIM-TLC-NRPS-TRLOCM,78.21,Term Based - Annual,TermDefined
01tWC00000DD1pHYAT,FIM-TLC-NRPS-TRLOCM,78.21,Term Based - Annual,TermDefined
01tWC00000DD1pNYAT,FIM-TLC-NRPS-TLCNDP,0,One Time,OneTime
01tWC00000DD1pNYAT,FIM-TLC-NRPS-TLCNDP,0,One Time,OneTime
01tWC00000DD1pNYAT,FIM-TLC-NRPS-TLCNDP,0,Term Based - Annual,TermDefined
01tWC00000DD1pNYAT,FIM-TLC-NRPS-TLCNDP,0,Term Based - Annual,TermDefined
01tWC00000DD1pNYAT,FIM-TLC-NRPS-TLCNDP,0,One Time,OneTime
01tWC00000DD1pNYAT,FIM-TLC-NRPS-TLCNDP,0,One Time,OneTime
01tWC00000DD1pNYAT,FIM-TLC-NRPS-TLCNDP,0,Term Based - Annual,TermDefined
01tWC00000DD1pNYAT,FIM-TLC-NRPS-TLCNDP,0,Term Based - Annual,TermDefined
01tWC00000DD1pNYAT,FIM-TLC-NRPS-TLCNDP,0,One Time,OneTime
01tWC00000DD1pNYAT,FIM-TLC-NRPS-TLCNDP,0,One Time,OneTime
01tWC00000DD1pNYAT,FIM-TLC-NRPS-TLCNDP,0,Term Based - Annual,TermDefined
01tWC00000DD1pNYAT,FIM-TLC-NRPS-TLCNDP,0,Term Based - Annual,TermDefined
01tWC00000DD1pNYAT,FIM-TLC-NRPS-TLCNDP,0,One Time,OneTime
01tWC00000DD1pNYAT,FIM-TLC-NRPS-TLCNDP,0,One Time,OneTime
01tWC00000DD1pNYAT,FIM-TLC-NRPS-TLCNDP,0,Term Based - Annual,TermDefined
01tWC00000DD1pNYAT,FIM-TLC-NRPS-TLCNDP,0,Term Based - Annual,TermDefined
01tWC00000DD1pNYAT,FIM-TLC-NRPS-TLCNDP,0,One Time,OneTime
01tWC00000DD1pNYAT,FIM-TLC-NRPS-TLCNDP,0,One Time,OneTime
01tWC00000DD1pNYAT,FIM-TLC-NRPS-TLCNDP,0,Term Based - Annual,TermDefined
01tWC00000DD1pNYAT,FIM-TLC-NRPS-TLCNDP,0,Term Based - Annual,TermDefined
01tWC00000DD1pQYAT,FIM-TLC-NRPS-TRLOCN,99,One Time,OneTime
01tWC00000DD1pQYAT,FIM-TLC-NRPS-TRLOCN,99,One Time,OneTime
01tWC00000DD1pQYAT,FIM-TLC-NRPS-TRLOCN,99,Term Based - Annual,TermDefined
01tWC00000DD1pQYAT,FIM-TLC-NRPS-TRLOCN,99,Term Based - Annual,TermDefined
01tWC00000DD1pQYAT,FIM-TLC-NRPS-TRLOCN,150.48,One Time,OneTime
01tWC00000DD1pQYAT,FIM-TLC-NRPS-TRLOCN,150.48,One Time,OneTime
01tWC00000DD1pQYAT,FIM-TLC-NRPS-TRLOCN,150.48,Term Based - Annual,TermDefined
01tWC00000DD1pQYAT,FIM-TLC-NRPS-TRLOCN,150.48,Term Based - Annual,TermDefined
01tWC00000DD1pQYAT,FIM-TLC-NRPS-TRLOCN,133.65,One Time,OneTime
01tWC00000DD1pQYAT,FIM-TLC-NRPS-TRLOCN,133.65,One Time,OneTime
01tWC00000DD1pQYAT,FIM-TLC-NRPS-TRLOCN,133.65,Term Based - Annual,TermDefined
01tWC00000DD1pQYAT,FIM-TLC-NRPS-TRLOCN,133.65,Term Based - Annual,TermDefined
01tWC00000DD1pQYAT,FIM-TLC-NRPS-TRLOCN,91.08,One Time,OneTime
01tWC00000DD1pQYAT,FIM-TLC-NRPS-TRLOCN,91.08,One Time,OneTime
01tWC00000DD1pQYAT,FIM-TLC-NRPS-TRLOCN,91.08,Term Based - Annual,TermDefined
01tWC00000DD1pQYAT,FIM-TLC-NRPS-TRLOCN,91.08,Term Based - Annual,TermDefined
01tWC00000DD1pQYAT,FIM-TLC-NRPS-TRLOCN,78.21,One Time,OneTime
01tWC00000DD1pQYAT,FIM-TLC-NRPS-TRLOCN,78.21,One Time,OneTime
01tWC00000DD1pQYAT,FIM-TLC-NRPS-TRLOCN,78.21,Term Based - Annual,TermDefined
01tWC00000DD1pQYAT,FIM-TLC-NRPS-TRLOCN,78.21,Term Based - Annual,TermDefined
01tWC00000DD1pUYAT,FIM-TLC-NRPS-TRLOCP,33,One Time,OneTime
01tWC00000DD1pUYAT,FIM-TLC-NRPS-TRLOCP,33,One Time,OneTime
01tWC00000DD1pUYAT,FIM-TLC-NRPS-TRLOCP,33,Term Based - Annual,TermDefined
01tWC00000DD1pUYAT,FIM-TLC-NRPS-TRLOCP,33,Term Based - Annual,TermDefined
01tWC00000DD1pUYAT,FIM-TLC-NRPS-TRLOCP,50.16,One Time,OneTime
01tWC00000DD1pUYAT,FIM-TLC-NRPS-TRLOCP,50.16,One Time,OneTime
01tWC00000DD1pUYAT,FIM-TLC-NRPS-TRLOCP,50.16,Term Based - Annual,TermDefined
01tWC00000DD1pUYAT,FIM-TLC-NRPS-TRLOCP,50.16,Term Based - Annual,TermDefined
01tWC00000DD1pUYAT,FIM-TLC-NRPS-TRLOCP,44.55,One Time,OneTime
01tWC00000DD1pUYAT,FIM-TLC-NRPS-TRLOCP,44.55,One Time,OneTime
01tWC00000DD1pUYAT,FIM-TLC-NRPS-TRLOCP,44.55,Term Based - Annual,TermDefined
01tWC00000DD1pUYAT,FIM-TLC-NRPS-TRLOCP,44.55,Term Based - Annual,TermDefined
01tWC00000DD1pUYAT,FIM-TLC-NRPS-TRLOCP,30.36,One Time,OneTime
01tWC00000DD1pUYAT,FIM-TLC-NRPS-TRLOCP,30.36,One Time,OneTime
01tWC00000DD1pUYAT,FIM-TLC-NRPS-TRLOCP,30.36,Term Based - Annual,TermDefined
01tWC00000DD1pUYAT,FIM-TLC-NRPS-TRLOCP,30.36,Term Based - Annual,TermDefined
01tWC00000DD1pUYAT,FIM-TLC-NRPS-TRLOCP,26.07,One Time,OneTime
01tWC00000DD1pUYAT,FIM-TLC-NRPS-TRLOCP,26.07,One Time,OneTime
01tWC00000DD1pUYAT,FIM-TLC-NRPS-TRLOCP,26.07,Term Based - Annual,TermDefined
01tWC00000DD1pUYAT,FIM-TLC-NRPS-TRLOCP,26.07,Term Based - Annual,TermDefined
01tWC00000DD1pYYAT,FIM-TLC-NRPS-TLOCPO,99,One Time,OneTime
01tWC00000DD1pYYAT,FIM-TLC-NRPS-TLOCPO,99,One Time,OneTime
01tWC00000DD1pYYAT,FIM-TLC-NRPS-TLOCPO,99,Term Based - Annual,TermDefined
01tWC00000DD1pYYAT,FIM-TLC-NRPS-TLOCPO,99,Term Based - Annual,TermDefined
01tWC00000DD1pYYAT,FIM-TLC-NRPS-TLOCPO,150.48,One Time,OneTime
01tWC00000DD1pYYAT,FIM-TLC-NRPS-TLOCPO,150.48,One Time,OneTime
01tWC00000DD1pYYAT,FIM-TLC-NRPS-TLOCPO,150.48,Term Based - Annual,TermDefined
01tWC00000DD1pYYAT,FIM-TLC-NRPS-TLOCPO,150.48,Term Based - Annual,TermDefined
01tWC00000DD1pYYAT,FIM-TLC-NRPS-TLOCPO,133.65,One Time,OneTime
01tWC00000DD1pYYAT,FIM-TLC-NRPS-TLOCPO,133.65,One Time,OneTime
01tWC00000DD1pYYAT,FIM-TLC-NRPS-TLOCPO,133.65,Term Based - Annual,TermDefined
01tWC00000DD1pYYAT,FIM-TLC-NRPS-TLOCPO,133.65,Term Based - Annual,TermDefined
01tWC00000DD1pYYAT,FIM-TLC-NRPS-TLOCPO,91.08,One Time,OneTime
01tWC00000DD1pYYAT,FIM-TLC-NRPS-TLOCPO,91.08,One Time,OneTime
01tWC00000DD1pYYAT,FIM-TLC-NRPS-TLOCPO,91.08,Term Based - Annual,TermDefined
01tWC00000DD1pYYAT,FIM-TLC-NRPS-TLOCPO,91.08,Term Based - Annual,TermDefined
01tWC00000DD1pYYAT,FIM-TLC-NRPS-TLOCPO,78.21,One Time,OneTime
01tWC00000DD1pYYAT,FIM-TLC-NRPS-TLOCPO,78.21,One Time,OneTime
01tWC00000DD1pYYAT,FIM-TLC-NRPS-TLOCPO,78.21,Term Based - Annual,TermDefined
01tWC00000DD1pYYAT,FIM-TLC-NRPS-TLOCPO,78.21,Term Based - Annual,TermDefined
01tWC00000DD1peYAD,FIM-TLC-NRPS-TLCSDP,0,One Time,OneTime
01tWC00000DD1peYAD,FIM-TLC-NRPS-TLCSDP,0,One Time,OneTime
01tWC00000DD1peYAD,FIM-TLC-NRPS-TLCSDP,0,Term Based - Annual,TermDefined
01tWC00000DD1peYAD,FIM-TLC-NRPS-TLCSDP,0,Term Based - Annual,TermDefined
01tWC00000DD1peYAD,FIM-TLC-NRPS-TLCSDP,0,One Time,OneTime
01tWC00000DD1peYAD,FIM-TLC-NRPS-TLCSDP,0,One Time,OneTime
01tWC00000DD1peYAD,FIM-TLC-NRPS-TLCSDP,0,Term Based - Annual,TermDefined
01tWC00000DD1peYAD,FIM-TLC-NRPS-TLCSDP,0,Term Based - Annual,TermDefined
01tWC00000DD1peYAD,FIM-TLC-NRPS-TLCSDP,0,One Time,OneTime
01tWC00000DD1peYAD,FIM-TLC-NRPS-TLCSDP,0,One Time,OneTime
01tWC00000DD1peYAD,FIM-TLC-NRPS-TLCSDP,0,Term Based - Annual,TermDefined
01tWC00000DD1peYAD,FIM-TLC-NRPS-TLCSDP,0,Term Based - Annual,TermDefined
01tWC00000DD1peYAD,FIM-TLC-NRPS-TLCSDP,0,One Time,OneTime
01tWC00000DD1peYAD,FIM-TLC-NRPS-TLCSDP,0,One Time,OneTime
01tWC00000DD1peYAD,FIM-TLC-NRPS-TLCSDP,0,Term Based - Annual,TermDefined
01tWC00000DD1peYAD,FIM-TLC-NRPS-TLCSDP,0,Term Based - Annual,TermDefined
01tWC00000DD1peYAD,FIM-TLC-NRPS-TLCSDP,0,One Time,OneTime
01tWC00000DD1peYAD,FIM-TLC-NRPS-TLCSDP,0,One Time,OneTime
01tWC00000DD1peYAD,FIM-TLC-NRPS-TLCSDP,0,Term Based - Annual,TermDefined
01tWC00000DD1peYAD,FIM-TLC-NRPS-TLCSDP,0,Term Based - Annual,TermDefined
01tWC00000DD1phYAD,FIM-TLC-NRPS-TRLOCV,0,One Time,OneTime
01tWC00000DD1phYAD,FIM-TLC-NRPS-TRLOCV,0,One Time,OneTime
01tWC00000DD1phYAD,FIM-TLC-NRPS-TRLOCV,0,Term Based - Annual,TermDefined
01tWC00000DD1phYAD,FIM-TLC-NRPS-TRLOCV,0,Term Based - Annual,TermDefined
01tWC00000DD1phYAD,FIM-TLC-NRPS-TRLOCV,0,One Time,OneTime
01tWC00000DD1phYAD,FIM-TLC-NRPS-TRLOCV,0,One Time,OneTime
01tWC00000DD1phYAD,FIM-TLC-NRPS-TRLOCV,0,Term Based - Annual,TermDefined
01tWC00000DD1phYAD,FIM-TLC-NRPS-TRLOCV,0,Term Based - Annual,TermDefined
01tWC00000DD1phYAD,FIM-TLC-NRPS-TRLOCV,0,One Time,OneTime
01tWC00000DD1phYAD,FIM-TLC-NRPS-TRLOCV,0,One Time,OneTime
01tWC00000DD1phYAD,FIM-TLC-NRPS-TRLOCV,0,Term Based - Annual,TermDefined
01tWC00000DD1phYAD,FIM-TLC-NRPS-TRLOCV,0,Term Based - Annual,TermDefined
01tWC00000DD1phYAD,FIM-TLC-NRPS-TRLOCV,0,One Time,OneTime
01tWC00000DD1phYAD,FIM-TLC-NRPS-TRLOCV,0,One Time,OneTime
01tWC00000DD1phYAD,FIM-TLC-NRPS-TRLOCV,0,Term Based - Annual,TermDefined
01tWC00000DD1phYAD,FIM-TLC-NRPS-TRLOCV,0,Term Based - Annual,TermDefined
01tWC00000DD1phYAD,FIM-TLC-NRPS-TRLOCV,0,One Time,OneTime
01tWC00000DD1phYAD,FIM-TLC-NRPS-TRLOCV,0,One Time,OneTime
01tWC00000DD1phYAD,FIM-TLC-NRPS-TRLOCV,0,Term Based - Annual,TermDefined
01tWC00000DD1phYAD,FIM-TLC-NRPS-TRLOCV,0,Term Based - Annual,TermDefined
01tWC00000DD1pkYAD,FIM-TLC-NRPS-TLOCVM,295,One Time,OneTime
01tWC00000DD1pkYAD,FIM-TLC-NRPS-TLOCVM,295,One Time,OneTime
01tWC00000DD1pkYAD,FIM-TLC-NRPS-TLOCVM,295,Term Based - Annual,TermDefined
01tWC00000DD1pkYAD,FIM-TLC-NRPS-TLOCVM,295,Term Based - Annual,TermDefined
01tWC00000DD1pkYAD,FIM-TLC-NRPS-TLOCVM,448.4,One Time,OneTime
01tWC00000DD1pkYAD,FIM-TLC-NRPS-TLOCVM,448.4,One Time,OneTime
01tWC00000DD1pkYAD,FIM-TLC-NRPS-TLOCVM,448.4,Term Based - Annual,TermDefined
01tWC00000DD1pkYAD,FIM-TLC-NRPS-TLOCVM,448.4,Term Based - Annual,TermDefined
01tWC00000DD1pkYAD,FIM-TLC-NRPS-TLOCVM,398.25,One Time,OneTime
01tWC00000DD1pkYAD,FIM-TLC-NRPS-TLOCVM,398.25,One Time,OneTime
01tWC00000DD1pkYAD,FIM-TLC-NRPS-TLOCVM,398.25,Term Based - Annual,TermDefined
01tWC00000DD1pkYAD,FIM-TLC-NRPS-TLOCVM,398.25,Term Based - Annual,TermDefined
01tWC00000DD1pkYAD,FIM-TLC-NRPS-TLOCVM,271.4,One Time,OneTime
01tWC00000DD1pkYAD,FIM-TLC-NRPS-TLOCVM,271.4,One Time,OneTime
01tWC00000DD1pkYAD,FIM-TLC-NRPS-TLOCVM,271.4,Term Based - Annual,TermDefined
01tWC00000DD1pkYAD,FIM-TLC-NRPS-TLOCVM,271.4,Term Based - Annual,TermDefined
01tWC00000DD1pkYAD,FIM-TLC-NRPS-TLOCVM,233.05,One Time,OneTime
01tWC00000DD1pkYAD,FIM-TLC-NRPS-TLOCVM,233.05,One Time,OneTime
01tWC00000DD1pkYAD,FIM-TLC-NRPS-TLOCVM,233.05,Term Based - Annual,TermDefined
01tWC00000DD1pkYAD,FIM-TLC-NRPS-TLOCVM,233.05,Term Based - Annual,TermDefined
01tWC00000DD1prYAD,FIM-TLC-NRPS-TLCMP,14995,One Time,OneTime
01tWC00000DD1prYAD,FIM-TLC-NRPS-TLCMP,14995,One Time,OneTime
01tWC00000DD1prYAD,FIM-TLC-NRPS-TLCMP,14995,Term Based - Annual,TermDefined
01tWC00000DD1prYAD,FIM-TLC-NRPS-TLCMP,14995,Term Based - Annual,TermDefined
01tWC00000DD1prYAD,FIM-TLC-NRPS-TLCMP,22792.4,One Time,OneTime
01tWC00000DD1prYAD,FIM-TLC-NRPS-TLCMP,22792.4,One Time,OneTime
01tWC00000DD1prYAD,FIM-TLC-NRPS-TLCMP,22792.4,Term Based - Annual,TermDefined
01tWC00000DD1prYAD,FIM-TLC-NRPS-TLCMP,22792.4,Term Based - Annual,TermDefined
01tWC00000DD1prYAD,FIM-TLC-NRPS-TLCMP,20243.25,One Time,OneTime
01tWC00000DD1prYAD,FIM-TLC-NRPS-TLCMP,20243.25,One Time,OneTime
01tWC00000DD1prYAD,FIM-TLC-NRPS-TLCMP,20243.25,Term Based - Annual,TermDefined
01tWC00000DD1prYAD,FIM-TLC-NRPS-TLCMP,20243.25,Term Based - Annual,TermDefined
01tWC00000DD1prYAD,FIM-TLC-NRPS-TLCMP,13795.4,One Time,OneTime
01tWC00000DD1prYAD,FIM-TLC-NRPS-TLCMP,13795.4,One Time,OneTime
01tWC00000DD1prYAD,FIM-TLC-NRPS-TLCMP,13795.4,Term Based - Annual,TermDefined
01tWC00000DD1prYAD,FIM-TLC-NRPS-TLCMP,13795.4,Term Based - Annual,TermDefined
01tWC00000DD1prYAD,FIM-TLC-NRPS-TLCMP,11846.05,One Time,OneTime
01tWC00000DD1prYAD,FIM-TLC-NRPS-TLCMP,11846.05,One Time,OneTime
01tWC00000DD1prYAD,FIM-TLC-NRPS-TLCMP,11846.05,Term Based - Annual,TermDefined
01tWC00000DD1prYAD,FIM-TLC-NRPS-TLCMP,11846.05,Term Based - Annual,TermDefined
01tWC00000DD1tIYAT,FIM-TLC-NRPS-TLCMLP,0,One Time,OneTime
01tWC00000DD1tIYAT,FIM-TLC-NRPS-TLCMLP,0,One Time,OneTime
01tWC00000DD1tIYAT,FIM-TLC-NRPS-TLCMLP,0,Term Based - Annual,TermDefined
01tWC00000DD1tIYAT,FIM-TLC-NRPS-TLCMLP,0,Term Based - Annual,TermDefined
01tWC00000DD1tIYAT,FIM-TLC-NRPS-TLCMLP,0,One Time,OneTime
01tWC00000DD1tIYAT,FIM-TLC-NRPS-TLCMLP,0,One Time,OneTime
01tWC00000DD1tIYAT,FIM-TLC-NRPS-TLCMLP,0,Term Based - Annual,TermDefined
01tWC00000DD1tIYAT,FIM-TLC-NRPS-TLCMLP,0,Term Based - Annual,TermDefined
01tWC00000DD1tIYAT,FIM-TLC-NRPS-TLCMLP,0,One Time,OneTime
01tWC00000DD1tIYAT,FIM-TLC-NRPS-TLCMLP,0,One Time,OneTime
01tWC00000DD1tIYAT,FIM-TLC-NRPS-TLCMLP,0,Term Based - Annual,TermDefined
01tWC00000DD1tIYAT,FIM-TLC-NRPS-TLCMLP,0,Term Based - Annual,TermDefined
01tWC00000DD1tIYAT,FIM-TLC-NRPS-TLCMLP,0,One Time,OneTime
01tWC00000DD1tIYAT,FIM-TLC-NRPS-TLCMLP,0,One Time,OneTime
01tWC00000DD1tIYAT,FIM-TLC-NRPS-TLCMLP,0,Term Based - Annual,TermDefined
01tWC00000DD1tIYAT,FIM-TLC-NRPS-TLCMLP,0,Term Based - Annual,TermDefined
01tWC00000DD1tIYAT,FIM-TLC-NRPS-TLCMLP,0,One Time,OneTime
01tWC00000DD1tIYAT,FIM-TLC-NRPS-TLCMLP,0,One Time,OneTime
01tWC00000DD1tIYAT,FIM-TLC-NRPS-TLCMLP,0,Term Based - Annual,TermDefined
01tWC00000DD1tIYAT,FIM-TLC-NRPS-TLCMLP,0,Term Based - Annual,TermDefined
01tWC00000DD1tLYAT,FIM-TLC-NRPS-TRLOCR,29,One Time,OneTime
01tWC00000DD1tLYAT,FIM-TLC-NRPS-TRLOCR,29,One Time,OneTime
01tWC00000DD1tLYAT,FIM-TLC-NRPS-TRLOCR,29,Term Based - Annual,TermDefined
01tWC00000DD1tLYAT,FIM-TLC-NRPS-TRLOCR,29,Term Based - Annual,TermDefined
01tWC00000DD1tLYAT,FIM-TLC-NRPS-TRLOCR,44.08,One Time,OneTime
01tWC00000DD1tLYAT,FIM-TLC-NRPS-TRLOCR,44.08,One Time,OneTime
01tWC00000DD1tLYAT,FIM-TLC-NRPS-TRLOCR,44.08,Term Based - Annual,TermDefined
01tWC00000DD1tLYAT,FIM-TLC-NRPS-TRLOCR,44.08,Term Based - Annual,TermDefined
01tWC00000DD1tLYAT,FIM-TLC-NRPS-TRLOCR,39.15,One Time,OneTime
01tWC00000DD1tLYAT,FIM-TLC-NRPS-TRLOCR,39.15,One Time,OneTime
01tWC00000DD1tLYAT,FIM-TLC-NRPS-TRLOCR,39.15,Term Based - Annual,TermDefined
01tWC00000DD1tLYAT,FIM-TLC-NRPS-TRLOCR,39.15,Term Based - Annual,TermDefined
01tWC00000DD1tLYAT,FIM-TLC-NRPS-TRLOCR,26.68,One Time,OneTime
01tWC00000DD1tLYAT,FIM-TLC-NRPS-TRLOCR,26.68,One Time,OneTime
01tWC00000DD1tLYAT,FIM-TLC-NRPS-TRLOCR,26.68,Term Based - Annual,TermDefined
01tWC00000DD1tLYAT,FIM-TLC-NRPS-TRLOCR,26.68,Term Based - Annual,TermDefined
01tWC00000DD1tLYAT,FIM-TLC-NRPS-TRLOCR,22.91,One Time,OneTime
01tWC00000DD1tLYAT,FIM-TLC-NRPS-TRLOCR,22.91,One Time,OneTime
01tWC00000DD1tLYAT,FIM-TLC-NRPS-TRLOCR,22.91,Term Based - Annual,TermDefined
01tWC00000DD1tLYAT,FIM-TLC-NRPS-TRLOCR,22.91,Term Based - Annual,TermDefined
01tWC00000DD1tRYAT,FIM-FML-NRPS-TMP,6995,One Time,OneTime
01tWC00000DD1tRYAT,FIM-FML-NRPS-TMP,6995,One Time,OneTime
01tWC00000DD1tRYAT,FIM-FML-NRPS-TMP,6995,Term Based - Annual,TermDefined
01tWC00000DD1tRYAT,FIM-FML-NRPS-TMP,6995,Term Based - Annual,TermDefined
01tWC00000DD1tRYAT,FIM-FML-NRPS-TMP,10632.4,One Time,OneTime
01tWC00000DD1tRYAT,FIM-FML-NRPS-TMP,10632.4,One Time,OneTime
01tWC00000DD1tRYAT,FIM-FML-NRPS-TMP,10632.4,Term Based - Annual,TermDefined
01tWC00000DD1tRYAT,FIM-FML-NRPS-TMP,10632.4,Term Based - Annual,TermDefined
01tWC00000DD1tRYAT,FIM-FML-NRPS-TMP,9443.25,One Time,OneTime
01tWC00000DD1tRYAT,FIM-FML-NRPS-TMP,9443.25,One Time,OneTime
01tWC00000DD1tRYAT,FIM-FML-NRPS-TMP,9443.25,Term Based - Annual,TermDefined
01tWC00000DD1tRYAT,FIM-FML-NRPS-TMP,9443.25,Term Based - Annual,TermDefined
01tWC00000DD1tRYAT,FIM-FML-NRPS-TMP,6435.4,One Time,OneTime
01tWC00000DD1tRYAT,FIM-FML-NRPS-TMP,6435.4,One Time,OneTime
01tWC00000DD1tRYAT,FIM-FML-NRPS-TMP,6435.4,Term Based - Annual,TermDefined
01tWC00000DD1tRYAT,FIM-FML-NRPS-TMP,6435.4,Term Based - Annual,TermDefined
01tWC00000DD1tRYAT,FIM-FML-NRPS-TMP,5526.05,One Time,OneTime
01tWC00000DD1tRYAT,FIM-FML-NRPS-TMP,5526.05,One Time,OneTime
01tWC00000DD1tRYAT,FIM-FML-NRPS-TMP,5526.05,Term Based - Annual,TermDefined
01tWC00000DD1tRYAT,FIM-FML-NRPS-TMP,5526.05,Term Based - Annual,TermDefined
01tWC00000DD1tZYAT,FIM-FIM-NRPS-TSAP,19000,One Time,OneTime
01tWC00000DD1tZYAT,FIM-FIM-NRPS-TSAP,19000,One Time,OneTime
01tWC00000DD1tZYAT,FIM-FIM-NRPS-TSAP,28880,One Time,OneTime
01tWC00000DD1tZYAT,FIM-FIM-NRPS-TSAP,28880,One Time,OneTime
01tWC00000DD1tZYAT,FIM-FIM-NRPS-TSAP,25650,One Time,OneTime
01tWC00000DD1tZYAT,FIM-FIM-NRPS-TSAP,25650,One Time,OneTime
01tWC00000DD1tZYAT,FIM-FIM-NRPS-TSAP,17480,One Time,OneTime
01tWC00000DD1tZYAT,FIM-FIM-NRPS-TSAP,17480,One Time,OneTime
01tWC00000DD1tZYAT,FIM-FIM-NRPS-TSAP,15010,One Time,OneTime
01tWC00000DD1tZYAT,FIM-FIM-NRPS-TSAP,15010,One Time,OneTime
01tWC00000DD1tdYAD,FIM-FIM-NRPS-TRST,9500,One Time,OneTime
01tWC00000DD1tdYAD,FIM-FIM-NRPS-TRST,9500,One Time,OneTime
01tWC00000DD1tdYAD,FIM-FIM-NRPS-TRST,9500,Term Based - Annual,TermDefined
01tWC00000DD1tdYAD,FIM-FIM-NRPS-TRST,9500,Term Based - Annual,TermDefined
01tWC00000DD1tdYAD,FIM-FIM-NRPS-TRST,14440,One Time,OneTime
01tWC00000DD1tdYAD,FIM-FIM-NRPS-TRST,14440,One Time,OneTime
01tWC00000DD1tdYAD,FIM-FIM-NRPS-TRST,14440,Term Based - Annual,TermDefined
01tWC00000DD1tdYAD,FIM-FIM-NRPS-TRST,14440,Term Based - Annual,TermDefined
01tWC00000DD1tdYAD,FIM-FIM-NRPS-TRST,12825,One Time,OneTime
01tWC00000DD1tdYAD,FIM-FIM-NRPS-TRST,12825,One Time,OneTime
01tWC00000DD1tdYAD,FIM-FIM-NRPS-TRST,12825,Term Based - Annual,TermDefined
01tWC00000DD1tdYAD,FIM-FIM-NRPS-TRST,12825,Term Based - Annual,TermDefined
01tWC00000DD1tdYAD,FIM-FIM-NRPS-TRST,8740,One Time,OneTime
01tWC00000DD1tdYAD,FIM-FIM-NRPS-TRST,8740,One Time,OneTime
01tWC00000DD1tdYAD,FIM-FIM-NRPS-TRST,8740,Term Based - Annual,TermDefined
01tWC00000DD1tdYAD,FIM-FIM-NRPS-TRST,8740,Term Based - Annual,TermDefined
01tWC00000DD1tdYAD,FIM-FIM-NRPS-TRST,7505,One Time,OneTime
01tWC00000DD1tdYAD,FIM-FIM-NRPS-TRST,7505,One Time,OneTime
01tWC00000DD1tdYAD,FIM-FIM-NRPS-TRST,7505,Term Based - Annual,TermDefined
01tWC00000DD1tdYAD,FIM-FIM-NRPS-TRST,7505,Term Based - Annual,TermDefined
01tWC00000IAqPbYAL,ZZ_E2E_RCA_20260613-SRC,200,,
01tWC00000IAqPbYAL,ZZ_E2E_RCA_20260613-SRC,200,,
01tWC00000IAqPbYAL,ZZ_E2E_RCA_20260613-SRC,200,,
