Product2.ProductCode,UnitPrice
CYB-DCS-UC-CMP,250
CYB-DCS-ACOL-CMP,250
CYB-DCS-ACON-CMP,250
CYB-DCS-FW-CMP,250
CYB-DCS-OWA-CMP,250
CYB-DCS-SDK-CMP,250
CYB-DCS-QS-CMP,250
CYB-DCS-MAIL-ADD,250
CYB-DCS-PMD-ADD,250
CYB-DCS-PM365-ADD,250
CYB-DP-PS1-SVC,1200
CYB-DP-PS2-SVC,1800
CYB-DP-PS3-SVC,2000
CYB-DP-TRN-SVC,2500
CYB-SUP-T1-SVC,1200
CYB-SUP-T2-SVC,1800
CYB-DCS-ADV-BUN-V2,5000
CYB-DCS-ELITE-BUN-V2,5000
CYB-DCS-ESS-BUN-V2,5000
CYB-DCS-DDE-CMP,250
CYB-DCS-UC-CMP,565
CYB-DCS-ESS-BUN-V2,425
CYB-DCS-ADV-BUN-V2,1000
CYB-DCS-SDK-CMP,100
CYB-DCS-DDE-CMP,100
CYB-DCS-ACOL-CMP,100
CYB-DCS-ACON-CMP,100
CYB-DCS-OWA-CMP,100
CYB-DCS-FW-CMP,100
CYB-DCS-PM365-ADD,100
CYB-DCS-PMD-ADD,100
CYB-DCS-MAIL-ADD,100
GEN--SC608T-OTH,100
IGA-AAS-RSP-OPSSRV,45360
ES-MSO-RSSH-MSOARS,9200
DP-DLP-RSL-DGOSS,120
ES-SEG-NRPS-CSEGKP,47.27
ES-SEG-RNM-CSEGANM,47.27
ES-SEG-RRM-CSEGARM,47.27
ES-SEG-RSP-PREMS1,19500
ES-SEG-RSS-CSEGKS,26
ES-SEG-RSS-A4ESUB,19.5
GOA-GAM-RSS-GAULTS,32051.25
GOA-GAM-RSS-GSSDGMBS,4070
GOA-GAM-RSS-GAEX12S,2888
HRM-HRM-RSP-HRMGMT,22500
CM-TQR-RSS-TQSURV,166
CM-VCM-RSS-VCMSPS,137
OS-COS-NRPS-COBSTR,20500
OS-CI-RSS-CIS,369
CS-PSI-RSS-PSAIIS,1246
CS-PCS-RSS-PCSIIS,2615
CS-CLP-RSS-SGNETS,5508
VM-BSL-RSL-WASCBS,368
VM-BSL-RSL-FPSS,935
VM-DDL-RSL-FPCIAS,935
VM-DDL-RSL-FATSWP,3
VM-DDL-RSL-DSMFAL,72
VM-DDL-RSL-TEAMSS,300
VM-DDL-NRSU-2X7X3M,15000
DM-WCU-RSS-5250SU,2021.25
BI-ABS-RSS-ABSTSU,46
GS-EFA-RSSH-ARCUS,3000
ES-CEP-RSL-ACTIDB,94000
VM-DDL-RSL-ACTITH,9
GS-GSE-RSS-AAMYS,124
SM-AJS-RSS-AJSS,1568
SM-ARS-RSS-ARSS,15
SM-ARS-RSS-ARSLS,41
GS-GSE-RSS-ASMS,5690.4
GS-GSE-RSS-AWEYS,46
DM-IRC-RSS-AFPCSU,2310
RPA-AUT-RSP-AICEXP,12000
SM-NSS-RSS-AIXOPS,124
SM-AI-RSS-ALERSU,6000
SM-VIT-RSS-ABPS,2750
SM-VIT-RSS-ABAS,137
SM-VIT-RSS-ABCS,275
SM-VIT-RSS-ALPS,140
SM-VIT-RSS-ABSIS,550
SM-VIT-RSS-ACPS,275
SM-VIT-RSS-ALIGNC,825
SM-VIT-RSS-ACS,8250
SM-VIT-RSS-AES,2750
SM-VIT-RSS-AESS,550
SM-VIT-RSS-AISS,275
SM-VIT-RSS-AOBSS,275
SM-VIT-RSS-ATS,110
SM-VIT-RSS-ALCS,8250
BI-AD-RSS-ANYDSU,2703
ES-DMP-RSL-APAOS,5000
CS-DFT-RSS-ASOCS,2248
DP-DLP-RSL-ARCO,21.6
GS-GSE-RSS-ACSYEA,7623
IGA-AAS-RSS-ACISSU,1155
HRM-HRM-RSL-ATT,1250
DP-DLP-RSS-ATPSUB,50.4
GS-GSE-RSS-ARYS,1663
SM-AJM-RSS-AJMS,866
SM-AUS-RSS-AUTHSU,2021
RPA-AUD-RSS-ADS,3600
RPA-AUT-RSS-AUES,3850
RPA-AUT-RSS-AUAS,822
RPA-AUT-RSS-AEDTS,825
RPA-AUT-RSP-AUEX,12000
RPA-AUD-RSS-AFPS,1922
RPA-AIC-RSS-AICS,21450
RPA-AUT-RRM-AMAORM,1000
RPA-AUT-RSS-AUPL,6875
RPA-AUT-RSS-APMDP,58000
RPA-AUD-RSS-AUPS,2400
RPA-AUD-RSS-APAPS,660
RPA-AUT-RSS-AUUS,150000
VM-DDL-RSL-BISPHS,900
DM-WCU-RSS-BIUS,866.25
DM-IRM-RSS-BRSS,3176.25
ES-DMP-RMS-BECE,5000
VM-BSL-RSL-BESEPB,824
VM-BSL-RSL-BESTBB,60000
VM-APS-RSL-BESTSU,60000
SM-SMB-RSS-BMMS,2914
ES-SEA-RSL-B1IAAB,35.55
CDP-CSB-RSL-CASBAB,26
CDP-CSB-RSL-CASBEB,14
CDP-CSB-RSL-CASBPB,50
CDP-CSB-RSL-CASBSN,50
CDP-CSB-RSL-CASBSI,14
CDP-CSB-RSL-CASBSF,50
FIM-FIM-RRM-CCMNDR,34.27
FIM-FIM-RSS-CCMNDS,93
FIM-FIM-RSS-CCMSFO,48
FIM-FIM-RRM-CCMSRM,45.77
FIM-FIM-RSS-CCMSES,124
FIM-FIM-RSS-CCMSPD,10
FIM-FIM-RRM-CCMSIR,9.2
FIM-FIM-RSS-CCMSID,23
FIM-FIM-RSS-CCMWFO,17
FIM-FIM-RRM-CCMWRM,15.87
FIM-FIM-RSS-CCMWOS,42
FIM-FIM-RRM-CCMLIR,2760
FIM-FIM-RSS-CCMLIS,7440
FIM-FIM-RSS-CCMMSF,16620
FIM-FIM-RRM-CCMMSR,7992.5
FIM-FIM-RSS-CCMMSS,21540
FIM-FIM-RRM-CCMSCA,966
FIM-FIM-RSS-CCMWLS,895
FIM-FIM-RSS-CCMWSE,2340
FIM-FIM-RSS-CCMWIN,2340
SM-ROT-RSS-CDBSUB,1003.05
GS-GSE-RRM-CDPA,264
BI-SDW-RSS-CDCMS,2200
BI-SDW-RSS-CMS,1000
HRM-HRM-RSL-CLSAAS,2180
HRM-HRM-RSL-CLSACH,1198.8
HRM-HRM-RSL-CCHOPS,500
GS-GSE-RSS-CCAYS,1386
GS-GSE-RSS-CCMCS,1476
ES-CEP-RSL-CEPS,2500
CDP-CSB-RSL-CSPMS,10000
OS-COS-RSS-COBASU,5900
OS-COS-NRST-CIC1S,600
OS-COS-NRST-CIICS,850
OS-COS-NRST-CIC2S,350
CS-DFT-RSS-CCIS,3373
DP-DLP-RSS-COMPLI,39.24
IGA-AAS-RSS-CAS,12.71
IGA-AAS-RSS-CCS,5.2
IGA-AAS-RSS-CCFRS,14438
IGA-AAS-RSS-CCLS,14438
IGA-AAS-RSP-CIROS,138000
IGA-AAS-RSS-CPS,4.33
IGA-VIS-RSS-CRDS,12.6
BP-ETM-RMS-COUNTE,20000
BP-ETM-RMS-CREDBA,5000
BP-ETM-RMS-CREDTI,20000
DM-IRC-RSS-CSVCSU,1210
BP-TSE-RMS-DARKCC,2000
BI-SDW-RSS-DATA,1375
DP-DC-RSP-DCS,250
DP-DLP-RSP-DLPS,360000
SM-VMC-RSS-DACS,2008
SM-VMC-RSS-DMISRS,602
DP-DLP-RRM-DPRM,0.2
DP-DLP-RSL-DPPS,12.1
ES-SEG-RSS-DRSEGS,9.1
ES-SXG-RSS-DRSS,9.1
ES-SIG-RSS-DRSIGS,9.1
ES-SIG-RSS-DAIS,2002
ES-SWG-RSS-DRSWGS,9.1
BI-SDW-RSS-DSVBS,1000
DM-IBM-RSS-DATASU,1155
DP-DC-RSP-DCDEXP,8000
DP-DC-RSP-DCDTAM,99000
DP-DC-RSL-DCSCS,5000
DP-DC-RSL-DCCSCB,10000
DP-DC-RSL-DCSES,25000
DP-DC-RSL-DCSEP,50000
DP-DC-RSS-DCSDAR,12
DP-DC-RSS-DCSPLS,42
DP-DC-RSL-DCSPMO,3000
DP-DC-RSS-DCSSDK,50000
DM-DLN-RSS-DELIBA,3300
DM-DLN-RSS-DELIIS,1237.5
DM-DLN-RSS-DELISH,577.5
DM-DLN-RSS-DELIWM,1237.5
BI-DB-RSS-DEPLSU,13618
FIM-FIM-RRM-DPEREN,1033.85
FIM-FIM-RSS-DPESUB,2340
FIM-FIM-RRM-DPEERM,144
FIM-FIM-RSS-DPEEXS,325
FIM-FIM-RRM-DPELRM,378.35
FIM-FIM-RSS-DPELIS,895
DP-DLP-RSL-DGDAOS,4.8
DP-DLP-NROR-DGDAPP,16900
DP-DLP-RSP-DGDEXP,70000
DP-DLP-RMS-DGDMSS,3.3
DP-DLP-RSS-DGDMCS,33200
DP-DLP-RSL-DGDSSE,3.3
DP-DLP-RSL-DGDSSU,1.6
ES-SEG-RSS-DRMS,19.5
SM-DSM-RSS-DSMSUB,1062
ES-DMP-RSL-DMARPR,2600
GS-GSE-RSS-DMZ,9027.6
GS-GSE-RSS-DG3S,4066.8
DM-DA-RSS-DAAS,1
ES-SEG-RSS-DSSEGS,9.1
ES-SXG-RSS-DSSS,9.1
ES-SIG-RSS-DSSIGS,9.1
ES-SWG-RSS-DSSWGS,9.1
DM-IRM-RSS-DRSSUB,4125
CDP-DPM-RSL-DSPMH,5000
DP-DLP-RSS-DVCSUB,92.4
SM-EV-RSS-EASYSU,955.65
ES-SEG-RSS-EEEPSE,65
DP-DLP-RSS-EDRS,61.44
GS-GSE-RSS-E8ES,16868.4
GS-GSE-RSS-EFES,958.8
GS-GSE-RRM-EAAM,1208
GS-GSE-RSS-EAWS,5176.8
GS-EFA-RSL-EAS,2999
GS-GSE-RSS-EAMS,5916
GS-GSE-RSS-EARS,1624.8
GS-GSE-RSS-EBPS,2750
GS-GSE-RSS-EBAS,5500
GS-GSE-RSS-EEAS,662.4
GS-GSE-RSS-EEDS,1735.2
GS-GSE-RSS-EEOS,662.4
GS-GSE-RSS-EFTES,736.8
GS-GSE-RSS-EEWS,1106.4
GS-GSE-RSS-EFTS,2956.8
GS-GSE-RSS-EFMS,2464
GS-GSE-RSS-EHSS,662.4
GS-GSE-RSS-EOPS,1624.8
GS-GSE-RSS-ERAS,2211
GS-GSE-RSS-ESSS,662.4
GS-GSE-RRM-EFSMB,330
GS-GSE-RSS-ETES,2464
GS-GSE-RSS-EWS,4066.8
DM-WCU-RSS-EMMO,866.25
DM-EU-RSS-ERSS,3176.25
ES-SEG-RRM-ESRM,0.2
ES-SEG-RSP-EMSES,12000
ES-SEG-RSP-ESRS,5000
ES-ESO-RMS-ETIS,4000
ES-SEG-RSS-ENCRFS,6.5
ES-SEG-RSS-ENCRPS,39
DP-DLP-RSS-EDS,15
BI-SDW-RSS-EDSS,1375
BI-ESN-RSS-ENUS,138
BI-SDW-RSS-EES,1375
BI-SDW-RSS-EMMS,1000
GS-GSE-RSS-EAYS,1525
DM-IRM-RSS-EFS,1443.75
BI-ESN-RSS-ESENSU,3281
BI-ESN-RSS-ESENFU,3314
ES-DMP-RSP-ESP,24000
FIM-FIM-RRM-FIMMIS,23
FIM-FIM-RRM-FIMSMR,23
GOA-FIL-RRM-FCRM,0.2
GOA-FIL-RSS-FCCS,2888
GOA-FIL-RSS-FCCCS,2888
GOA-FIL-RSS-FCDKS,2888
GOA-FIL-RSS-FCDS,1733
GOA-FIL-NRPS-FCDSTS,25000
GOA-FIL-RSS-FCHAS,1733
GOA-FIL-RSS-FCLBS,2888
GOA-FIL-RSS-FCRPS,2888
GOA-FIL-RSS-FCTS,1733
GOA-FIL-RSS-FCWS,6050
GOA-FIL-RSS-FCWAS,5500
NW-AA-RSS-FLOWSU,7500
GS-GSE-RSS-FOLDYE,1525
DP-DC-RSS-FCSSS,50000
DP-DC-RSS-FCSES,35
DP-DC-RSS-FCSPS,40
DP-DC-RSS-FDUAPS,65
DP-DC-RSS-FDCSGS,63.7
DP-DC-RSS-FDCSUGS,54.88
DP-DC-RSS-FDUPPS,56
DP-DC-RSS-FDAPS,49
DP-DC-RSS-FDEPS,35
DP-DC-RSS-FDEUPS,47
DP-DC-RSS-FDDS,14
DP-DC-RSS-FDCSDGS,13.72
DP-DC-RSS-FMIOS,6
VM-VLM-RSL-FMVS,6175
VM-VLM-RSL-FMVAS,3000
VM-DDL-RSL-FPAES,1469
VM-DDL-RSL-FPAIS,1491
VM-DDL-RSL-FPAIES,2368
VM-DDL-RSL-FPTES,2054
VM-VLM-RSL-FPTIS,1556
VM-DDL-RSP-FSA,2000
CS-CLP-RSP-FSRS,275
VM-VLM-RSL-FVBS,383
VM-VLM-RSL-FVMS,2479
VM-VLM-RSL-FVSS,300
VM-DDL-RSL-FWAPTS,3150
VM-DDL-RSL-FWASS,368
VM-DDL-RSL-FCTMS,48000
VM-DDL-NRST-FPTEOS,2054
GS-GSE-RSS-FTPSYE,1512.5
GOA-GAM-RSS-GAAFTS,4620
GOA-GAM-RSS-GAAS,9995
GOA-GAM-RSS-GAAAS,4130
GOA-GAM-RSS-GAARS,1760
GOA-GAM-RSS-GAAWS,5497.25
GOA-GAM-RSS-GAAWRS,12650
GOA-GAM-RSS-GOAS,204.6
GOA-GAM-RSS-GAASRS,4290
GOA-GAM-RSS-GORS,2640
GOA-GAM-RSS-GOANA,2640
GOA-GAM-RSS-GABAS,547.25
GOA-GAM-RSS-GABAMS,6875
GOA-GAM-RSS-GACCPS,2475
GOA-GAM-RSS-GACCSS,1650
GOA-GAM-RSS-GACS,3850
GOA-GAM-RSS-GACBS,7607
GOA-GAM-RSS-GACBGS,10764
GOA-GAM-RSS-GACSBS,6683
GOA-GAM-RSS-GACSBGS,10148
GOA-GAM-RSS-GAEBS,121141
GOA-GAM-RSP-GAES,12000
GOA-GAM-RSS-GAFSS,1925
GOA-GAM-RSS-GAGS,2197.25
GOA-GAM-RSS-GAGLBS,3850
GOA-GAM-RSS-GOBS,550
GOA-GAM-RSS-GAGFSS,4331
GOA-GMA-RSSH-GAMSAB,0.2
GOA-GMA-RSSH-GAMSAD,0.6
GOA-GMA-RSSH-GAMSAS,2600
GOA-GMA-RSSH-GAMSAI,4000
GOA-GMA-RSL-GAMSHC,4050
GOA-GMA-RSSH-GAMSII,2500
GOA-GAM-RSS-GAPSCS,3575
GOA-GAM-RSS-GAPS,17078
GOA-GAM-RSS-GAPESTGS,20543
GOA-GAM-RSS-GOAPE,51558
GOA-GAM-RSS-GAPSSS,4125
GOA-GAM-RSS-GANPE,30800
GOA-GAM-RSS-GAPESBGS,33830
GOA-GAM-RSS-GAPAS,8250
GOA-GAM-RSS-GAPBS,43158
GOA-GAM-RSS-GAPBCS,16038
GOA-GAM-RSS-GAPBTPCS,44001
GOA-GAM-RSS-GASFS,3575
GOA-GAM-RSS-GASS,4015
GOA-GAM-RSS-GASMS,1647.25
GOA-GAM-RSS-GASDS,1925
GOA-GAM-RSS-GASSS,1925
GOA-GAM-RSS-GASAS,272.25
GOA-GAM-RSS-GASBS,17064
GOA-GAM-RSS-GASBGS,20337
GOA-GAM-RSS-GASBGTPS,26410
GOA-GAM-RSS-GAUAS,4950
GOA-GAM-RSS-GAWBS,5000
GOA-GAM-RSS-GAWES,9350
GOA-GAM-RSS-GAWRS,6875
SM-HAM-RSS-HAMSUB,476
SM-HEP-RSS-HEPMS,2021
SM-HEP-RSP-HLRS,275
HRM-HRM-RSL-HIPAAH,2000
DM-IRC-RSS-HTMLSU,1270.5
GS-GSE-RSS-HSIS,3465
ES-SEG-RSSH-ICAPHF,1000
ES-SEG-RSL-ICAPMF,3000
DM-IBM-RSS-IENCSU,1443.75
DM-IFO-RSS-IFORSU,6930
DM-IBM-RSS-IFSTSU,1650
DM-WCU-RSS-IBOSUB,346.5
ES-SEG-RSS-IGSSUB,13
ES-SEG-RSS-IGSRES,130
BI-ISA-RSS-INSISU,358
BI-ISA-RSS-IACS,1375
BI-ISA-RSS-IAPROS,4400
BI-ISA-RSS-IAPS,11000
DM-WFM-RSS-INTESU,1100
NW-INT-NRPS-ISP,3206
NW-INT-RSS-ISS,488
NW-INT-RSS-ISLS,259
NW-INT-RSS-ISBS,1546
NW-INT-NRPS-INTERM,300
DP-DLP-RMS-INVESU,50.04
FIM-FIM-RRM-IP36RE,8.05
FIM-FIM-RSS-IP36SU,22
FIM-FML-RSS-IP36MO,10000
ES-SEG-RSS-IPIPSU,2.6
DM-IBM-RSS-ISOIS,3176.25
SM-NSS-RSS-LOPSUB,3850
DP-SC-RSL-LKSCS,50000
SM-RLP-RSS-LPARSU,1761.8
SM-LMM-RSS-LMMSSU,3394
SM-LSO-RSS-LSOSSU,4513
SM-LAA-RSS-LAASSU,7447
SM-LOC-RSS-LOCSSU,12287
CS-SEC-RSP-SCSVC,4920
ES-SEG-RSP-MSSEG,2600
DP-DLP-RMS-MANAGE,29.04
CS-DFT-RSS-MAPSUB,2248
SM-MES-RSS-MESSSU,6318
SM-MP-RSS-MPS,6318
ES-DMP-RMS-MMAFS,4000
SM-ROM-RSS-MONISU,3431.6
SM-MQM-NRPS-MQMPER,2175
SM-MQM-RSS-MQMSUB,1196
GS-GSE-RSS-MSGYEA,8455
CS-DFT-RSS-MSASUB,450
DP-DLP-RSL-NDS,36
DP-DLP-RSS-NDWES,36
CS-DFT-RSS-NTCS,2248
SM-RON-RSS-NAHS,1715.85
SM-RON-RSS-NHS,1480.05
SM-RON-RSS-NNS,1715.85
IGA-AAS-RSS-NSCCSU,8663
SM-NSS-RSS-NSSLIS,809
SM-NSS-RSS-NSSSNR,1540
SM-NSS-RSS-NSSVIS,866
SM-NSS-RSS-NSSWEM,5390
SM-NSS-RSS-NSSWIS,270
ES-SEG-RSS-OFIS,65
ES-SEG-RSS-OFSS,6.5
ES-SXG-RSS-OCGS,6.5
ES-SIG-RSS-OFEATU,6.5
ES-SWG-RSS-OCFEAS,13
ES-SIG-RSS-OSIS,1430
OS-CI-RRM-OFFERE,0.2
ES-SEG-RSS-OPEPSE,6.5
BP-ETM-RMS-OPENSU,2000
HRM-HRM-RSL-OPENAS,2000
OS-OFS-RSL-OSTOS,9500
BI-SDW-RSS-PLS,1000
HRM-HRM-RSL-PE:PSS,1000
SM-PRM-RSS-PASSSU,429
HRM-HRM-RSL-PCIDSS,2000
VM-VLM-RSL-PCIPFM,4957
VM-VLM-RSL-PCIASV,2800
DM-IBM-RSS-PCLTSU,2541
DM-IRC-RSS-PDFCOS,866.25
DM-PCR-RSS-PDFSPS,1905.75
SM-PKP-RSS-PEEKSU,2295
SM-PFA-RSS-PAGSUB,2000
SM-PFA-RSS-PAS,773
SM-PN-RSS-PNS,4677.05
HRM-HRM-RSL-PIIPS,2000
GS-GSE-RSS-PGPAYE,1525
VM-DDL-RMS-PHISIF,3600
ES-CEP-RSL-PHISDE,5000
ES-SEA-RSL-PHISRE,2200
VM-VLM-RSP-PSSRRS,6000
CM-TQO-RSS-PO1YSU,4665
DM-EU-RSS-POP4SU,1210
CS-DFT-RSS-PUPSUB,2248
CS-PTA-RSS-PALAS,550
CS-PTA-RSS-PASS,275
CS-PTA-RSS-PAXLS,100
CS-PTA-RSS-PAIIDS,1132.75
CS-PTA-RSS-PAIIS,2536
CS-PTA-RSS-PTAVS,4887.5
CS-PAB-RSS-PABIIS,2324.15
CS-PCS-RSS-PCMDSS,3852.5
CS-PCM-RSS-PCMIIS,2773.8
CS-PDM-RSS-PDMS,2324.15
CS-PDM-RSS-POVS,35913.35
CS-PDM-RSS-PORS,2324.15
CS-PDM-RSS-PDMIIS,48
CS-PEI-RSS-PEIIS,2340
CS-PEI-RSS-PEIS,1097.25
CS-PEI-RSS-POMS,1097.25
CS-PEI-RSS-POWENC,3297.25
CS-PEM-RSS-PEMS,8250
CS-PEP-RSS-PEPS,1198.8
PIA-PIA-RSS-PIAS,196
CS-PIM-RSS-PIMIIS,1992.95
CS-PMF-RSS-PMFS,1100
CS-PPS-RSS-PPSS,664.7
CS-PPM-RSS-PPMIIS,1733
CS-PRA-RSS-PRAIIS,2656.5
CS-RSA-RSS-PRSS,1606
CS-PSA-RSS-PSAS,220
CS-CLP-RSP-PTRS,275
SM-SYM-NRST-PXS,275
FIM-FIM-RSP-PPTARS,15000
FIM-FIM-RSP-PPTRES,380000
FIM-FIM-RSP-PPTRERS,215000
FIM-FIM-RSP-PPTRERRS,215000
HRM-HRM-RSL-PRIVAC,2000
HRM-HRM-RSL-PHIPS,2400
BI-QRW-RSS-QRWSUB,1488
DM-IRC-RSS-RAWRSU,866.25
SM-RAP-RSS-RECOSU,800
VM-VLM-RSP-RTPTRS,25000
GS-GSE-RSS-REGUYE,3465
GS-GSE-RRM-RAMRM,962
ES-SWG-RSS-RCSWGS,15.6
BI-SDW-RSS-RDPS,1000
BI-SDW-RSS-RDSS,1375
NW-IRA-RSS-RAIS,296
NW-INT-RSS-RAPS,329
NW-INT-RSS-RASFS,908
DM-IBM-RSS-REPOSS,1905.75
CS-DFT-RSS-RCMSUB,2248
SM-PN-RSP-RMPGRS,300
SM-ROA-RSS-RAS,1534.1
SM-RAT-RSS-ROAS,2441.45
SM-ROB-RSS-RBSAS,3908.85
SM-ROB-RSS-RBCAS,3908.85
SM-ROB-RSS-RBCANS,3908.85
SM-ROB-RSS-RBSANS,3908.85
SM-ROB-RSS-RBSARS,3908.85
SM-SYM-RSS-RCS,2479.4
SM-ROC-RSS-ROCS,2751.95
SM-RCP-RSS-ROCPA,1815.85
SM-RHA-RSS-RHS,3162.5
SM-ROM-RSS-RMAS,885.5
SM-ROM-RSS-RMSUB,442.75
SM-ROM-RSS-RMVS,1771
SM-ROR-RSS-RRS,1534.1
SM-RRE-RSS-RORS,2403.5
SM-ROS-RSS-RSS,2783
SM-RSC-RSS-ROSS,3045.2
SM-RSE-RSS-RSES,2298.85
SM-RSI-RSS-RSEOIS,1534.1
SM-SYM-RSP-RBSH,275
SM-RSP-RSS-RSPACE,325
SM-ROT-RSS-RTS,1534.1
SM-SYM-RSS-ROTS,1458.2
SM-SYM-RSS-RUS,1629.55
DM-IBM-RSS-RPG2SU,4331.25
DM-IRC-RSS-RTFRSU,866.25
CS-SPS-RSS-SPSHS,664.7
CS-SPS-RSS-SPSHUS,4.73
ES-SEG-RSS-SSEGS,13
SM-SAP-RSS-SAPISU,1534.1
DM-WCU-RSS-SCANSU,7000
GS-GSE-RSS-SCHEYE,3125
DP-SC-RSL-SDKR,50000
DP-SC-RSL-SCPIUT,25000
ES-SEG-RSS-SEGS,1500
ES-SEG-RSS-SEPS,30.6
ES-SEG-RSS-SEEMAI,36.8
ES-SEG-RSS-SECEGA,25.65
ES-SXG-RSS-SEEXCH,3125
ES-SXG-RSS-SEEGAT,30.6
ES-SXG-RSS-SEEXGE,36.8
ES-SXG-RSS-SEEGES,25.65
GS-GSE-RSS-SFYS,14062.5
ES-SIG-RSS-SIGS,2625
ES-SIG-RSS-SEIS,6732
ES-SIG-RSS-SEUS,40.5
ES-SIG-RSS-SECIGA,8096
ES-SIG-RSS-SICGAT,45.6
ES-SIG-RSS-SICGAE,5643
ES-SIG-RSS-SIGESS,36.1
ES-SIG-RSS-SICGPE,2500
ES-SWG-RSS-SWGS,0.78
ES-SWG-RSS-SEWEB,48.6
ES-SWG-RSS-SECWGA,56.8
ES-SWG-RSS-SWEGAT,44.65
IGA-AAS-RSS-SECUSU,0.58
HRM-HRM-RSP-SEAD,3200
CS-SA-RSS-SAS,2441.45
CS-DFT-RSS-SADS,2248
HRM-HRM-RSL-SALCBS,2400
HRM-HRM-RSL-SALSBS,3000
HRM-HRM-RSL-SALUBS,5000
HRM-HRM-RSL-SAPCBWPS,2000
HRM-HRM-RSL-SAPCBSMS,3000
HRM-HRM-RSL-SAPSBSMS,4000
HRM-HRM-RSL-SAPUBSMS,6000
CS-PSS-RSS-SSIS,594
BI-SQ-RSS-SEQUES,10937
BI-SQ-RSS-SUBS,2483
BI-CRO-RSS-SCRS,484
BI-SDW-RSS-SDWS,10890
BI-SDW-RSS-SDWSLBES,9845
BI-SDW-RSS-SDWSLSES,15345
BI-SDW-RSS-SDWSLGES,20845
BI-SDW-RSS-SDWSLPES,27445
BI-SDW-RSS-SDWBBES,14795
BI-SDW-RSS-SDWBSES,20295
BI-SDW-RSS-SDWBGES,25795
BI-SDW-RSS-SDWBPES,32395
BI-SQ-RSS-SRDS,1097
BI-SQ-RSP-SQLRS,275
BI-SQ-RSS-SSMBPS,2811
BI-SQ-RSS-SSMBSS,2096
BI-SQ-RSS-SSMB,1097
BI-SQ-RSS-SESOLU,11047
BI-SWI-RSS-SWIS,3320
GS-GSE-RSS-SFTPYE,3465
BI-CRO-RSS-SHCL,484
BI-QRW-RSS-SREPS,183
BI-QRW-RSP-SHCRS,275
DM-SH-RSS-SIGNSU,288.75
CS-SSO-RSP-SINGSO,3300
GS-GSE-RSS-SINGFA,3812
DM-EU-RSS-SMTPSU,1925
VM-VLM-RSP-STRS,6000
VM-VLM-RMS-SOCITS,6000
SM-SFM-RSS-SFMS,1254
CDP-CSB-RSL-SSET,5000
IGA-AAS-RSS-SCCIPS,8662.5
IGA-AAS-RSS-SCCSDS,41
ES-SEG-RSS-SSSEGS,9.1
ES-SXG-RSS-SSSEGA,9.1
ES-SIG-RSS-SSSIGS,369
ES-SWG-RSS-SSSWGS,9.1
DM-SV4-RSS-S4SUPS,275
DM-SV4-RSS-S4SS,412
DM-SV4-RSS-S4S,1100
DM-SV4-RSS-S4UPS,1650
ES-ETM-RMS-SUSPAN,11500
ES-ETM-RMS-SUSPIN,20000
CDP-SG-RSL-SWGB,55
SM-VMC-RSS-T0PUS,8907
SM-TSK-RSS-TASKSU,8907
CM-TQO-RSS-TQACSS,186
CM-TQO-RSS-TQAS,601
CM-TQO-RSS-TESS,804
CM-TQO-RSS-TEAQUE,601
CM-TQR-RSS-TQSSS,749
DP-DLP-RSP-DPTAMS,180000
DM-IRC-RSS-TRCASU,866.25
FIM-FIM-RRM-TFSWRM,35
DP-DC-RSS-TCSS,8907
DP-DC-RSS-TMCS,8907
HRM-HRM-RSL-TRAIPL,2000
GS-GSE-RSS-TRANYE,8907
BI-SDW-RSS-TRENSU,8907
FIM-FIM-RRM-TRAP,2645
FIM-FIM-RRM-TRIPWA,1265
FIM-FIM-RSS-TRUS,3408
FIM-FIM-RRM-TAESUR,2645
FIM-FIM-RRM-TRAPP,3306
FIM-FIM-RSS-TAPP,1609
FIM-FIM-RRM-TRIAPT,3306
FIM-FIM-RSS-TRIATE,4335
FIM-FIM-RRM-TRATE,3306
FIM-FIM-RRM-TEUSLFRM,9375
FIM-FIM-RRM-TRAPTI,3306
FIM-FIM-RSS-TRATEI,1099
FIM-FIM-RRM-TAPTIN,3306
FIM-FIM-RRM-TATINF,3306
FIM-FIM-RSS-TECS,4335
FIM-FIM-RSS-TEECS,1099
FIM-FIM-RSS-TEDS,23
FIM-FIM-RSS-TEFSS,59
FIM-FIM-RRM-TEIDRM,69
FIM-FIM-RSS-TEIDS,15
FIM-FIM-RRM-TELM,137
FIM-FIM-RRM-TENTER,149
FIM-FIM-RSS-TEMIS,15
FIM-FIM-RRM-TEMM,46
FIM-FIM-RRM-TRIENM,57
FIM-FIM-RSS-TENDS,46
FIM-FIM-RSS-TEPS,49
FIM-FIM-RSS-TEPSS,137
FIM-FIM-RSS-TEVES,525
FIM-FIM-RSP-TEBFS,19800
FIM-FIM-RSP-TEOFSA,7000
FIM-FML-RSP-TEORO,15000
FIM-FIM-RSS-TDS,186
FIM-FIM-RRM-TSRM,137
FIM-TLC-RRM-TRLO,13.6
FIM-FIM-RRM-IP36FRM,10.35
FIM-TLC-RSS-TLCS,299
FIM-TLC-RRM-TLCCRM,1609
FIM-TLC-RSS-TLCCS,44544
FIM-TLC-RRM-TRIPLO,23
FIM-TLC-RRM-TRLOG,7.59
FIM-TLC-RSS-TRAS,150
FIM-TLC-RRM-TRIPLC,23
FIM-FIM-RRM-VEMEER,1102.85
FIM-TLC-RRM-TRLOGC,68
FIM-TLC-RSS-TRLCEN,69
FIM-TLC-RRM-TLCIER,23
FIM-TLC-RSS-TLCIES,177
FIM-FIM-RRM-TADMEERM,1102.85
FIM-TLC-RRM-TLOCEN,23
FIM-TLC-RSS-TRLOCE,1848.6
FIM-FIM-RRM-DP700RM,1279.26
FIM-FIM-RSS-DP700S,3450
FIM-TLC-RRM-TRLCEM,23
FIM-TLC-RSS-TLOCEM,1890
FIM-TLC-RRM-TLOCNE,23
FIM-TLC-RSS-TRCS,62
FIM-TLC-RSS-TLOCEP,69
FIM-TLC-RSS-TLOCPS,177
FIM-TLC-RRM-TRLCVE,68
FIM-TLC-RSS-TLOCVE,183
FIM-TLC-RRM-TLCFMR,1609
FIM-TLC-RSS-TLCFMS,4335
FIM-TLC-RSS-TLCMS,69
FIM-TLC-RRM-TRLCER,6.7
FIM-TLC-RSS-TLOCER,177
FIM-FIM-RRM-TMRM,1609
FIM-FIM-RSP-TRE,380000
FIM-FIM-RRM-TSAERM,40.25
FIM-FIM-RSS-TSAES,23
ES-SEG-RSS-TCSESU,59
CM-TQU-RSUS-UTQS,3928
CM-TQU-RSUS-UNOS,645
CM-TQU-RSUS-UNISYT,4116
CM-TQU-RSUS-UNTEAM,252
CM-TQU-RSUS-UNITEQ,860
CM-TQU-RSUS-UNTQUE,2356
CM-TQU-RSUS-UNTEQU,7297
CM-TQU-RSUS-UTEQUM,2139
CM-TQU-RSUS-UTQUMO,2476
CM-TQU-RSUM-UTEQUO,136000
CM-TQU-RSUS-UTEQOM,219
CM-TQU-RSUS-UTQUOO,1178
CM-TQU-RSUS-UTQOSB,5098
CM-TQU-RSUS-UTEQUP,5788
CM-TQU-RSUS-UTQUPO,4929
CM-TQU-RSUS-UTQOS,1291
CM-TQU-RSUS-UTQPMC,1191
CM-TQU-RSUS-UTQMOS,5196
CM-TQU-RSUS-UTQPS,192
CM-TQU-RSUS-UTQRS,1002
CM-TQU-RSUS-UTEQUR,4998
CM-TQU-RSUS-UTEQUS,892
CM-TQU-RSUS-UTEQSO,1982
CM-TQU-RSUS-UTQSOS,6008
CM-TQU-RSUS-UTQUSM,719
CM-TQU-RSUS-UTEQUT,2356
DP-DLP-RSS-UCFSS,36.24
DP-DLP-RSS-UCOCS,5.52
DP-DLP-RSS-UCRCS,5.52
DP-DLP-RSS-UCSCS,5.52
CS-DFT-RSS-UPMS,10000
ES-SEG-NRPS-VDCSCE,4485
SM-VMC-RSS-VCCS,69
SM-VMC-RSS-VCJS,177
SM-PN-RSS-VILS,3792
SM-PN-RSS-VISCPPS,99
SM-VMC-RSS-VMCS,149
SM-VMC-RSS-VIBS,78
SM-VMC-RSS-VIOS,895
SM-VMC-RSS-VRCS,206
SM-VMC-RSS-VIVS,525
CM-VCM-RSS-VCMS,19800
CM-VCM-RSS-VCMES,63
SM-VIT-RSS-VIBMS,8250
CM-VIM-RSS-VMS,93
VM-VLM-RSP-VMARS,500
SM-VMC-RSS-VATS,2750
SM-VMC-RSS-VMAS,191
SM-VMC-RSS-VDAS,63
SM-VMC-RSS-VMVS,559
SM-VMC-RSS-VESS,1238
SM-VMC-RSS-VHOS,2750
SM-VMC-RSS-VMCIS,15000
SM-VMC-RSS-VMMS,1100
SM-VMC-RSS-VMISEP,69
SM-VMC-RSS-VISES,177
SM-VMC-RSS-VISESA,69
SM-VMC-RSS-VISSAS,177
SM-VMC-RSS-VLOS,37
SM-VMC-RSS-VMCSCAS,4335
SM-VMC-RSS-VNOS,62
SM-VMC-RSS-VNSS,20
SM-VMC-RSS-VOOS,62
SM-VMC-RSS-VOSS,183
SM-VMC-RSS-VPCS,62
SM-VMC-RSS-VPUS,62
SM-VMC-RSS-VSAS,62
SM-VMC-RSS-VMSQL,1238
SM-VMC-RSS-VMCSSE,1238
SM-VMC-RSS-VUOS,545
SM-VMC-RSS-VUSS,1045
SM-VMC-RSS-VVMS,11000
SM-VMC-RSS-VVOS,1650
SM-VMC-RSS-VVSS,1650
SM-VMC-RSS-VWSS,2475
SM-VMC-RSS-VWEB,2475
SM-VMC-RSS-VWOS,11780
SM-VMC-RSS-VWPS,5890
SM-VMC-RSS-VMPS,3550
SM-VMC-RSS-VMCWSE,825
SM-VMC-RSS-VISPA,660
FIM-FIM-RRM-VEMERM,7992.5
FIM-FIM-RSS-VEMEVS,20000
FIM-FIM-RSS-VEMEES,2995
FIM-FIM-RRM-VEMELR,2834.75
FIM-FIM-RSS-VEMELS,8000
HRM-HRM-RSL-VOLVSA,1250
ES-ETM-RMS-VOLVSE,2500
BI-WB-RSS-WAREBS,2379
BI-WM-RSS-WAREMS,1191
BI-SQ-RSS-WEBESS,311
DM-WEB-RSS-WDDMS,2750
DM-WFM-RSS-WFMS,4125
DM-WEB-RSS-WDIMS,3987.5
DM-WFM-RSS-WEBFSU,5775
VM-DDL-RSP-WCAFIRS,6000
DM-WS-RSS-WEBSSU,1443.75
DM-WCU-RSS-WAISUB,2021.25
DM-DLN-RSS-WSS,1155
DM-DLN-RSS-WSEFS,3300
VM-VLM-RSP-WPTRS,6000
GS-GSE-RRM-WORKRE,433
DP-DC-RSS-FMIOSS_LIC,3.3
VM-BSL-RSL-WSSAW,29.95
CDP-ZTN-RSL-ZTNALS,80
DP-DC-RSS-FMIOSS,3.3
DP-DC-RSL-DPMDSS,3000
DP-DLP-RSP-RES,360000
DP-DLP-RSP-ESCS,8000
DP-DLP-RSP-ESES,70000
DP-DLP-RSP-EXSEHSS,26000
,42
,62
,35
DP-DLP-NRST-PSHPOP,325
DP-DLP-RSL-LDRDI,4.75
CDP-DPM-RSL-DSHDDS,5000
DP-DLP-RSL-OCRDLP,2000
DP-DLP-RSL-ADRICR,5.75
,90
,110
,75
,75
,68
HRM-HRM-RSP-HMSPCS,750
HRM-HRM-RSP-HMSQS,450
HRM-HRM-RSP-HMSSCS,1125
HRM-HRM-RSP-HMSVCCS,1125
HRM-HRM-RSP-HMSSCSUS,0.99
HRM-HRM-RSP-HMSVCSUS,0.99
HRM-HRM-RSP-HMSATS,450
GOA-GMA-RSSH-GAMHAIO,4000
GOA-GMA-RSSH-GAMHAIT,9000
GOA-GMA-RSSH-GAMHAIH,15000
GOA-GMA-RSSH-GAMHALO,5500
GOA-GMA-RSSH-GAMHALT,11000
GOA-GMA-RSSH-GAMHALH,18000
RPA-AUD-RSS-AFTPES,1000
ES-SEG-RSS-CSEGKS_MAINT,26
ES-SEG-RSS-A4ESUB_MAINT,19.5
GOA-GAM-RSS-GAULTS_MAINT,32051.25
GOA-GAM-RSS-GSSDGMBS_MAINT,4070
GOA-GAM-RSS-GAEX12S_MAINT,2888
CM-TQR-RSS-TQSURV_MAINT,166
CM-VCM-RSS-VCMSPS_MAINT,137
OS-CI-RSS-CIS_MAINT,369
CS-PSI-RSS-PSAIIS_MAINT,1246
CS-PCS-RSS-PCSIIS_MAINT,2615
CS-CLP-RSS-SGNETS_MAINT,5508
DM-WCU-RSS-5250SU_MAINT,2021.25
BI-ABS-RSS-ABSTSU_MAINT,46
GS-GSE-RSS-AAMYS_MAINT,124
SM-AJS-RSS-AJSS_MAINT,1568
SM-ARS-RSS-ARSS_MAINT,15
SM-ARS-RSS-ARSLS_MAINT,41
GS-GSE-RSS-ASMS_MAINT,5690.4
GS-GSE-RSS-AWEYS_MAINT,46
DM-IRC-RSS-AFPCSU_MAINT,2310
SM-NSS-RSS-AIXOPS_MAINT,124
SM-AI-RSS-ALERSU_MAINT,6000
SM-VIT-RSS-ABPS_MAINT,2750
SM-VIT-RSS-ABAS_MAINT,137
SM-VIT-RSS-ABCS_MAINT,275
SM-VIT-RSS-ALPS_MAINT,140
SM-VIT-RSS-ABSIS_MAINT,550
SM-VIT-RSS-ACPS_MAINT,275
SM-VIT-RSS-ALIGNC_MAINT,825
SM-VIT-RSS-ACS_MAINT,8250
SM-VIT-RSS-AES_MAINT,2750
SM-VIT-RSS-AESS_MAINT,550
SM-VIT-RSS-AISS_MAINT,275
SM-VIT-RSS-AOBSS_MAINT,275
SM-VIT-RSS-ATS_MAINT,110
SM-VIT-RSS-ALCS_MAINT,8250
BI-AD-RSS-ANYDSU_MAINT,2703
CS-DFT-RSS-ASOCS_MAINT,2248
GS-GSE-RSS-ACSYEA_MAINT,7623
IGA-AAS-RSS-ACISSU_MAINT,1155
DP-DLP-RSS-ATPSUB_MAINT,50.4
GS-GSE-RSS-ARYS_MAINT,1663
SM-AJM-RSS-AJMS_MAINT,866
SM-AUS-RSS-AUTHSU_MAINT,2021
RPA-AUD-RSS-ADS_MAINT,3600
RPA-AUT-RSS-AUES_MAINT,3850
RPA-AUT-RSS-AUAS_MAINT,822
RPA-AUT-RSS-AEDTS_MAINT,825
RPA-AUD-RSS-AFPS_MAINT,1922
RPA-AIC-RSS-AICS_MAINT,21450
RPA-AUT-RSS-AUPL_MAINT,6875
RPA-AUT-RSS-APMDP_MAINT,58000
RPA-AUD-RSS-AUPS_MAINT,2400
RPA-AUD-RSS-APAPS_MAINT,660
RPA-AUT-RSS-AUUS_MAINT,150000
DM-WCU-RSS-BIUS_MAINT,866.25
DM-IRM-RSS-BRSS_MAINT,3176.25
SM-SMB-RSS-BMMS_MAINT,2914
FIM-FIM-RSS-CCMNDS_MAINT,93
FIM-FIM-RSS-CCMSFO_MAINT,48
FIM-FIM-RSS-CCMSES_MAINT,124
FIM-FIM-RSS-CCMSPD_MAINT,10
FIM-FIM-RSS-CCMSID_MAINT,23
FIM-FIM-RSS-CCMWFO_MAINT,17
FIM-FIM-RSS-CCMWOS_MAINT,42
FIM-FIM-RSS-CCMLIS_MAINT,7440
FIM-FIM-RSS-CCMMSF_MAINT,16620
FIM-FIM-RSS-CCMMSS_MAINT,21540
FIM-FIM-RSS-CCMWLS_MAINT,895
FIM-FIM-RSS-CCMWSE_MAINT,2340
FIM-FIM-RSS-CCMWIN_MAINT,2340
SM-ROT-RSS-CDBSUB_MAINT,1003.05
BI-SDW-RSS-CDCMS_MAINT,2200
BI-SDW-RSS-CMS_MAINT,1000
GS-GSE-RSS-CCAYS_MAINT,1386
GS-GSE-RSS-CCMCS_MAINT,1476
OS-COS-RSS-COBASU_MAINT,5900
CS-DFT-RSS-CCIS_MAINT,3373
DP-DLP-RSS-COMPLI_MAINT,39.24
IGA-AAS-RSS-CAS_MAINT,12.71
IGA-AAS-RSS-CCS_MAINT,5.2
IGA-AAS-RSS-CCFRS_MAINT,14438
IGA-AAS-RSS-CCLS_MAINT,14438
IGA-AAS-RSS-CPS_MAINT,4.33
IGA-VIS-RSS-CRDS_MAINT,12.6
DM-IRC-RSS-CSVCSU_MAINT,1210
BI-SDW-RSS-DATA_MAINT,1375
SM-VMC-RSS-DACS_MAINT,2008
SM-VMC-RSS-DMISRS_MAINT,602
ES-SEG-RSS-DRSEGS_MAINT,9.1
ES-SXG-RSS-DRSS_MAINT,9.1
ES-SIG-RSS-DRSIGS_MAINT,9.1
ES-SIG-RSS-DAIS_MAINT,2002
ES-SWG-RSS-DRSWGS_MAINT,9.1
BI-SDW-RSS-DSVBS_MAINT,1000
DM-IBM-RSS-DATASU_MAINT,1155
DP-DC-RSS-DCSDAR_MAINT,12
DP-DC-RSS-DCSPLS_MAINT,42
DP-DC-RSS-DCSSDK_MAINT,50000
DM-DLN-RSS-DELIBA_MAINT,3300
DM-DLN-RSS-DELIIS_MAINT,1237.5
DM-DLN-RSS-DELISH_MAINT,577.5
DM-DLN-RSS-DELIWM_MAINT,1237.5
BI-DB-RSS-DEPLSU_MAINT,13618
FIM-FIM-RSS-DPESUB_MAINT,2340
FIM-FIM-RSS-DPEEXS_MAINT,325
FIM-FIM-RSS-DPELIS_MAINT,895
DP-DLP-RSS-DGDMCS_MAINT,33200
ES-SEG-RSS-DRMS_MAINT,19.5
SM-DSM-RSS-DSMSUB_MAINT,1062
GS-GSE-RSS-DMZ_MAINT,9027.6
GS-GSE-RSS-DG3S_MAINT,4066.8
DM-DA-RSS-DAAS_MAINT,1
ES-SEG-RSS-DSSEGS_MAINT,9.1
ES-SXG-RSS-DSSS_MAINT,9.1
ES-SIG-RSS-DSSIGS_MAINT,9.1
ES-SWG-RSS-DSSWGS_MAINT,9.1
DM-IRM-RSS-DRSSUB_MAINT,4125
DP-DLP-RSS-DVCSUB_MAINT,92.4
SM-EV-RSS-EASYSU_MAINT,955.65
ES-SEG-RSS-EEEPSE_MAINT,65
DP-DLP-RSS-EDRS_MAINT,61.44
GS-GSE-RSS-E8ES_MAINT,16868.4
GS-GSE-RSS-EFES_MAINT,958.8
GS-GSE-RSS-EAWS_MAINT,5176.8
GS-GSE-RSS-EAMS_MAINT,5916
GS-GSE-RSS-EARS_MAINT,1624.8
GS-GSE-RSS-EBPS_MAINT,2750
GS-GSE-RSS-EBAS_MAINT,5500
GS-GSE-RSS-EEAS_MAINT,662.4
GS-GSE-RSS-EEDS_MAINT,1735.2
GS-GSE-RSS-EEOS_MAINT,662.4
GS-GSE-RSS-EFTES_MAINT,736.8
GS-GSE-RSS-EEWS_MAINT,1106.4
GS-GSE-RSS-EFTS_MAINT,2956.8
GS-GSE-RSS-EFMS_MAINT,2464
GS-GSE-RSS-EHSS_MAINT,662.4
GS-GSE-RSS-EOPS_MAINT,1624.8
GS-GSE-RSS-ERAS_MAINT,2211
GS-GSE-RSS-ESSS_MAINT,662.4
GS-GSE-RSS-ETES_MAINT,2464
GS-GSE-RSS-EWS_MAINT,4066.8
DM-WCU-RSS-EMMO_MAINT,866.25
DM-EU-RSS-ERSS_MAINT,3176.25
ES-SEG-RSS-ENCRFS_MAINT,6.5
ES-SEG-RSS-ENCRPS_MAINT,39
DP-DLP-RSS-EDS_MAINT,15
BI-SDW-RSS-EDSS_MAINT,1375
BI-ESN-RSS-ENUS_MAINT,138
BI-SDW-RSS-EES_MAINT,1375
BI-SDW-RSS-EMMS_MAINT,1000
GS-GSE-RSS-EAYS_MAINT,1525
DM-IRM-RSS-EFS_MAINT,1443.75
BI-ESN-RSS-ESENSU_MAINT,3281
BI-ESN-RSS-ESENFU_MAINT,3314
GOA-FIL-RSS-FCCS_MAINT,2888
GOA-FIL-RSS-FCCCS_MAINT,2888
GOA-FIL-RSS-FCDKS_MAINT,2888
GOA-FIL-RSS-FCDS_MAINT,1733
GOA-FIL-RSS-FCHAS_MAINT,1733
GOA-FIL-RSS-FCLBS_MAINT,2888
GOA-FIL-RSS-FCRPS_MAINT,2888
GOA-FIL-RSS-FCTS_MAINT,1733
GOA-FIL-RSS-FCWS_MAINT,6050
GOA-FIL-RSS-FCWAS_MAINT,5500
NW-AA-RSS-FLOWSU_MAINT,7500
GS-GSE-RSS-FOLDYE_MAINT,1525
DP-DC-RSS-FCSSS_MAINT,50000
DP-DC-RSS-FCSES_MAINT,35
DP-DC-RSS-FCSPS_MAINT,40
DP-DC-RSS-FDUAPS_MAINT,65
DP-DC-RSS-FDCSGS_MAINT,63.7
DP-DC-RSS-FDCSUGS_MAINT,54.88
DP-DC-RSS-FDUPPS_MAINT,56
DP-DC-RSS-FDAPS_MAINT,49
DP-DC-RSS-FDEPS_MAINT,35
DP-DC-RSS-FDEUPS_MAINT,47
DP-DC-RSS-FDDS_MAINT,14
DP-DC-RSS-FDCSDGS_MAINT,13.72
DP-DC-RSS-FMIOS_MAINT,6
GS-GSE-RSS-FTPSYE_MAINT,1512.5
GOA-GAM-RSS-GAAFTS_MAINT,4620
GOA-GAM-RSS-GAAS_MAINT,9995
GOA-GAM-RSS-GAAAS_MAINT,4130
GOA-GAM-RSS-GAARS_MAINT,1760
GOA-GAM-RSS-GAAWS_MAINT,5497.25
GOA-GAM-RSS-GAAWRS_MAINT,12650
GOA-GAM-RSS-GOAS_MAINT,204.6
GOA-GAM-RSS-GAASRS_MAINT,4290
GOA-GAM-RSS-GORS_MAINT,2640
GOA-GAM-RSS-GOANA_MAINT,2640
GOA-GAM-RSS-GABAS_MAINT,547.25
GOA-GAM-RSS-GABAMS_MAINT,6875
GOA-GAM-RSS-GACCPS_MAINT,2475
GOA-GAM-RSS-GACCSS_MAINT,1650
GOA-GAM-RSS-GACS_MAINT,3850
GOA-GAM-RSS-GACBS_MAINT,7607
GOA-GAM-RSS-GACBGS_MAINT,10764
GOA-GAM-RSS-GACSBS_MAINT,6683
GOA-GAM-RSS-GACSBGS_MAINT,10148
GOA-GAM-RSS-GAEBS_MAINT,121141
GOA-GAM-RSS-GAFSS_MAINT,1925
GOA-GAM-RSS-GAGS_MAINT,2197.25
GOA-GAM-RSS-GAGLBS_MAINT,3850
GOA-GAM-RSS-GOBS_MAINT,550
GOA-GAM-RSS-GAGFSS_MAINT,4331
GOA-GAM-RSS-GAPSCS_MAINT,3575
GOA-GAM-RSS-GAPS_MAINT,17078
GOA-GAM-RSS-GAPESTGS_MAINT,20543
GOA-GAM-RSS-GOAPE_MAINT,51558
GOA-GAM-RSS-GAPSSS_MAINT,4125
GOA-GAM-RSS-GANPE_MAINT,30800
GOA-GAM-RSS-GAPESBGS_MAINT,33830
GOA-GAM-RSS-GAPAS_MAINT,8250
GOA-GAM-RSS-GAPBS_MAINT,43158
GOA-GAM-RSS-GAPBCS_MAINT,16038
GOA-GAM-RSS-GAPBTPCS_MAINT,44001
GOA-GAM-RSS-GASFS_MAINT,3575
GOA-GAM-RSS-GASS_MAINT,4015
GOA-GAM-RSS-GASMS_MAINT,1647.25
GOA-GAM-RSS-GASDS_MAINT,1925
GOA-GAM-RSS-GASSS_MAINT,1925
GOA-GAM-RSS-GASAS_MAINT,272.25
GOA-GAM-RSS-GASBS_MAINT,17064
GOA-GAM-RSS-GASBGS_MAINT,20337
GOA-GAM-RSS-GASBGTPS_MAINT,26410
GOA-GAM-RSS-GAUAS_MAINT,4950
GOA-GAM-RSS-GAWBS_MAINT,5000
GOA-GAM-RSS-GAWES_MAINT,9350
GOA-GAM-RSS-GAWRS_MAINT,6875
SM-HAM-RSS-HAMSUB_MAINT,476
SM-HEP-RSS-HEPMS_MAINT,2021
DM-IRC-RSS-HTMLSU_MAINT,1270.5
GS-GSE-RSS-HSIS_MAINT,3465
DM-IBM-RSS-IENCSU_MAINT,1443.75
DM-IFO-RSS-IFORSU_MAINT,6930
DM-IBM-RSS-IFSTSU_MAINT,1650
DM-WCU-RSS-IBOSUB_MAINT,346.5
ES-SEG-RSS-IGSSUB_MAINT,13
ES-SEG-RSS-IGSRES_MAINT,130
BI-ISA-RSS-INSISU_MAINT,358
BI-ISA-RSS-IACS_MAINT,1375
BI-ISA-RSS-IAPROS_MAINT,4400
BI-ISA-RSS-IAPS_MAINT,11000
DM-WFM-RSS-INTESU_MAINT,1100
NW-INT-RSS-ISS_MAINT,488
NW-INT-RSS-ISLS_MAINT,259
NW-INT-RSS-ISBS_MAINT,1546
FIM-FIM-RSS-IP36SU_MAINT,22
FIM-FML-RSS-IP36MO_MAINT,10000
ES-SEG-RSS-IPIPSU_MAINT,2.6
DM-IBM-RSS-ISOIS_MAINT,3176.25
SM-NSS-RSS-LOPSUB_MAINT,3850
SM-RLP-RSS-LPARSU_MAINT,1761.8
SM-LMM-RSS-LMMSSU_MAINT,3394
SM-LSO-RSS-LSOSSU_MAINT,4513
SM-LAA-RSS-LAASSU_MAINT,7447
SM-LOC-RSS-LOCSSU_MAINT,12287
CS-DFT-RSS-MAPSUB_MAINT,2248
SM-MES-RSS-MESSSU_MAINT,6318
SM-MP-RSS-MPS_MAINT,6318
SM-ROM-RSS-MONISU_MAINT,3431.6
SM-MQM-RSS-MQMSUB_MAINT,1196
GS-GSE-RSS-MSGYEA_MAINT,8455
CS-DFT-RSS-MSASUB_MAINT,450
DP-DLP-RSS-NDWES_MAINT,36
CS-DFT-RSS-NTCS_MAINT,2248
SM-RON-RSS-NAHS_MAINT,1715.85
SM-RON-RSS-NHS_MAINT,1480.05
SM-RON-RSS-NNS_MAINT,1715.85
IGA-AAS-RSS-NSCCSU_MAINT,8663
SM-NSS-RSS-NSSLIS_MAINT,809
SM-NSS-RSS-NSSSNR_MAINT,1540
SM-NSS-RSS-NSSVIS_MAINT,866
SM-NSS-RSS-NSSWEM_MAINT,5390
SM-NSS-RSS-NSSWIS_MAINT,270
ES-SEG-RSS-OFIS_MAINT,65
ES-SEG-RSS-OFSS_MAINT,6.5
ES-SXG-RSS-OCGS_MAINT,6.5
ES-SIG-RSS-OFEATU_MAINT,6.5
ES-SWG-RSS-OCFEAS_MAINT,13
ES-SIG-RSS-OSIS_MAINT,1430
ES-SEG-RSS-OPEPSE_MAINT,6.5
BI-SDW-RSS-PLS_MAINT,1000
SM-PRM-RSS-PASSSU_MAINT,429
DM-IBM-RSS-PCLTSU_MAINT,2541
DM-IRC-RSS-PDFCOS_MAINT,866.25
DM-PCR-RSS-PDFSPS_MAINT,1905.75
SM-PKP-RSS-PEEKSU_MAINT,2295
SM-PFA-RSS-PAGSUB_MAINT,2000
SM-PFA-RSS-PAS_MAINT,773
SM-PN-RSS-PNS_MAINT,4677.05
GS-GSE-RSS-PGPAYE_MAINT,1525
CM-TQO-RSS-PO1YSU_MAINT,4665
DM-EU-RSS-POP4SU_MAINT,1210
CS-DFT-RSS-PUPSUB_MAINT,2248
CS-PTA-RSS-PALAS_MAINT,550
CS-PTA-RSS-PASS_MAINT,275
CS-PTA-RSS-PAXLS_MAINT,100
CS-PTA-RSS-PAIIDS_MAINT,1132.75
CS-PTA-RSS-PAIIS_MAINT,2536
CS-PTA-RSS-PTAVS_MAINT,4887.5
CS-PAB-RSS-PABIIS_MAINT,2324.15
CS-PCS-RSS-PCMDSS_MAINT,3852.5
CS-PCM-RSS-PCMIIS_MAINT,2773.8
CS-PDM-RSS-PDMS_MAINT,2324.15
CS-PDM-RSS-POVS_MAINT,35913.35
CS-PDM-RSS-PORS_MAINT,2324.15
CS-PDM-RSS-PDMIIS_MAINT,48
CS-PEI-RSS-PEIIS_MAINT,2340
CS-PEI-RSS-PEIS_MAINT,1097.25
CS-PEI-RSS-POMS_MAINT,1097.25
CS-PEI-RSS-POWENC_MAINT,3297.25
CS-PEM-RSS-PEMS_MAINT,8250
CS-PEP-RSS-PEPS_MAINT,1198.8
PIA-PIA-RSS-PIAS_MAINT,196
CS-PIM-RSS-PIMIIS_MAINT,1992.95
CS-PMF-RSS-PMFS_MAINT,1100
CS-PPS-RSS-PPSS_MAINT,664.7
CS-PPM-RSS-PPMIIS_MAINT,1733
CS-PRA-RSS-PRAIIS_MAINT,2656.5
CS-RSA-RSS-PRSS_MAINT,1606
CS-PSA-RSS-PSAS_MAINT,220
BI-QRW-RSS-QRWSUB_MAINT,1488
DM-IRC-RSS-RAWRSU_MAINT,866.25
SM-RAP-RSS-RECOSU_MAINT,800
GS-GSE-RSS-REGUYE_MAINT,3465
ES-SWG-RSS-RCSWGS_MAINT,15.6
BI-SDW-RSS-RDPS_MAINT,1000
BI-SDW-RSS-RDSS_MAINT,1375
NW-IRA-RSS-RAIS_MAINT,296
NW-INT-RSS-RAPS_MAINT,329
NW-INT-RSS-RASFS_MAINT,908
DM-IBM-RSS-REPOSS_MAINT,1905.75
CS-DFT-RSS-RCMSUB_MAINT,2248
SM-ROA-RSS-RAS_MAINT,1534.1
SM-RAT-RSS-ROAS_MAINT,2441.45
SM-ROB-RSS-RBSAS_MAINT,3908.85
SM-ROB-RSS-RBCAS_MAINT,3908.85
SM-ROB-RSS-RBCANS_MAINT,3908.85
SM-ROB-RSS-RBSANS_MAINT,3908.85
SM-ROB-RSS-RBSARS_MAINT,3908.85
SM-SYM-RSS-RCS_MAINT,2479.4
SM-ROC-RSS-ROCS_MAINT,2751.95
SM-RCP-RSS-ROCPA_MAINT,1815.85
SM-RHA-RSS-RHS_MAINT,3162.5
SM-ROM-RSS-RMAS_MAINT,885.5
SM-ROM-RSS-RMSUB_MAINT,442.75
SM-ROM-RSS-RMVS_MAINT,1771
SM-ROR-RSS-RRS_MAINT,1534.1
SM-RRE-RSS-RORS_MAINT,2403.5
SM-ROS-RSS-RSS_MAINT,2783
SM-RSC-RSS-ROSS_MAINT,3045.2
SM-RSE-RSS-RSES_MAINT,2298.85
SM-RSI-RSS-RSEOIS_MAINT,1534.1
SM-RSP-RSS-RSPACE_MAINT,325
SM-ROT-RSS-RTS_MAINT,1534.1
SM-SYM-RSS-ROTS_MAINT,1458.2
SM-SYM-RSS-RUS_MAINT,1629.55
DM-IBM-RSS-RPG2SU_MAINT,4331.25
DM-IRC-RSS-RTFRSU_MAINT,866.25
CS-SPS-RSS-SPSHS_MAINT,664.7
CS-SPS-RSS-SPSHUS_MAINT,4.73
ES-SEG-RSS-SSEGS_MAINT,13
SM-SAP-RSS-SAPISU_MAINT,1534.1
DM-WCU-RSS-SCANSU_MAINT,7000
GS-GSE-RSS-SCHEYE_MAINT,3125
ES-SEG-RSS-SEGS_MAINT,1500
ES-SEG-RSS-SEPS_MAINT,30.6
ES-SEG-RSS-SEEMAI_MAINT,36.8
ES-SEG-RSS-SECEGA_MAINT,25.65
ES-SXG-RSS-SEEXCH_MAINT,3125
ES-SXG-RSS-SEEGAT_MAINT,30.6
ES-SXG-RSS-SEEXGE_MAINT,36.8
ES-SXG-RSS-SEEGES_MAINT,25.65
GS-GSE-RSS-SFYS_MAINT,14062.5
ES-SIG-RSS-SIGS_MAINT,2625
ES-SIG-RSS-SEIS_MAINT,6732
ES-SIG-RSS-SEUS_MAINT,40.5
ES-SIG-RSS-SECIGA_MAINT,8096
ES-SIG-RSS-SICGAT_MAINT,45.6
ES-SIG-RSS-SICGAE_MAINT,5643
ES-SIG-RSS-SIGESS_MAINT,36.1
ES-SIG-RSS-SICGPE_MAINT,2500
ES-SWG-RSS-SWGS_MAINT,0.78
ES-SWG-RSS-SEWEB_MAINT,48.6
ES-SWG-RSS-SECWGA_MAINT,56.8
ES-SWG-RSS-SWEGAT_MAINT,44.65
IGA-AAS-RSS-SECUSU_MAINT,0.58
CS-SA-RSS-SAS_MAINT,2441.45
CS-DFT-RSS-SADS_MAINT,2248
CS-PSS-RSS-SSIS_MAINT,594
BI-SQ-RSS-SEQUES_MAINT,10937
BI-SQ-RSS-SUBS_MAINT,2483
BI-CRO-RSS-SCRS_MAINT,484
BI-SDW-RSS-SDWS_MAINT,10890
BI-SDW-RSS-SDWSLBES_MAINT,9845
BI-SDW-RSS-SDWSLSES_MAINT,15345
BI-SDW-RSS-SDWSLGES_MAINT,20845
BI-SDW-RSS-SDWSLPES_MAINT,27445
BI-SDW-RSS-SDWBBES_MAINT,14795
BI-SDW-RSS-SDWBSES_MAINT,20295
BI-SDW-RSS-SDWBGES_MAINT,25795
BI-SDW-RSS-SDWBPES_MAINT,32395
BI-SQ-RSS-SRDS_MAINT,1097
BI-SQ-RSS-SSMBPS_MAINT,2811
BI-SQ-RSS-SSMBSS_MAINT,2096
BI-SQ-RSS-SSMB_MAINT,1097
BI-SQ-RSS-SESOLU_MAINT,11047
BI-SWI-RSS-SWIS_MAINT,3320
GS-GSE-RSS-SFTPYE_MAINT,3465
BI-CRO-RSS-SHCL_MAINT,484
BI-QRW-RSS-SREPS_MAINT,183
DM-SH-RSS-SIGNSU_MAINT,288.75
GS-GSE-RSS-SINGFA_MAINT,3812
DM-EU-RSS-SMTPSU_MAINT,1925
SM-SFM-RSS-SFMS_MAINT,1254
IGA-AAS-RSS-SCCIPS_MAINT,8662.5
IGA-AAS-RSS-SCCSDS_MAINT,41
ES-SEG-RSS-SSSEGS_MAINT,9.1
ES-SXG-RSS-SSSEGA_MAINT,9.1
ES-SIG-RSS-SSSIGS_MAINT,369
ES-SWG-RSS-SSSWGS_MAINT,9.1
DM-SV4-RSS-S4SUPS_MAINT,275
DM-SV4-RSS-S4SS_MAINT,412.5
DM-SV4-RSS-S4S_MAINT,1100
DM-SV4-RSS-S4UPS_MAINT,1650
SM-VMC-RSS-T0PUS_MAINT,8907
SM-TSK-RSS-TASKSU_MAINT,8907
CM-TQO-RSS-TQACSS_MAINT,186
CM-TQO-RSS-TQAS_MAINT,601
CM-TQO-RSS-TESS_MAINT,804
CM-TQO-RSS-TEAQUE_MAINT,601
CM-TQR-RSS-TQSSS_MAINT,749
DM-IRC-RSS-TRCASU_MAINT,866.25
DP-DC-RSS-TCSS_MAINT,8907
DP-DC-RSS-TMCS_MAINT,8907
GS-GSE-RSS-TRANYE_MAINT,8907
BI-SDW-RSS-TRENSU_MAINT,8907
FIM-FIM-RSS-TRUS_MAINT,3408
FIM-FIM-RSS-TAPP_MAINT,1609
FIM-FIM-RSS-TRIATE_MAINT,4335
FIM-FIM-RSS-TRATEI_MAINT,1099
FIM-FIM-RSS-TECS_MAINT,4335
FIM-FIM-RSS-TEECS_MAINT,1099
FIM-FIM-RSS-TEDS_MAINT,23
FIM-FIM-RSS-TEFSS_MAINT,59
FIM-FIM-RSS-TEIDS_MAINT,15
FIM-FIM-RSS-TEMIS_MAINT,15
FIM-FIM-RSS-TENDS_MAINT,46
FIM-FIM-RSS-TEPS_MAINT,49
FIM-FIM-RSS-TEPSS_MAINT,137
FIM-FIM-RSS-TEVES_MAINT,525
FIM-FIM-RSS-TDS_MAINT,186
FIM-TLC-RSS-TLCS_MAINT,299
FIM-TLC-RSS-TLCCS_MAINT,44544
FIM-TLC-RSS-TRAS_MAINT,150
FIM-TLC-RSS-TRLCEN_MAINT,69
FIM-TLC-RSS-TLCIES_MAINT,177
FIM-TLC-RSS-TRLOCE_MAINT,1848.6
FIM-FIM-RSS-DP700S_MAINT,3450
FIM-TLC-RSS-TLOCEM_MAINT,1890
FIM-TLC-RSS-TRCS_MAINT,62
FIM-TLC-RSS-TLOCEP_MAINT,69
FIM-TLC-RSS-TLOCPS_MAINT,177
FIM-TLC-RSS-TLOCVE_MAINT,183
FIM-TLC-RSS-TLCFMS_MAINT,4335
FIM-TLC-RSS-TLCMS_MAINT,69
FIM-TLC-RSS-TLOCER_MAINT,177
FIM-FIM-RSS-TSAES_MAINT,23
ES-SEG-RSS-TCSESU_MAINT,59
DP-DLP-RSS-UCFSS_MAINT,36.24
DP-DLP-RSS-UCOCS_MAINT,5.52
DP-DLP-RSS-UCRCS_MAINT,5.52
DP-DLP-RSS-UCSCS_MAINT,5.52
CS-DFT-RSS-UPMS_MAINT,10000
SM-VMC-RSS-VCCS_MAINT,69
SM-VMC-RSS-VCJS_MAINT,177
SM-PN-RSS-VILS_MAINT,3792
SM-PN-RSS-VISCPPS_MAINT,99
SM-VMC-RSS-VMCS_MAINT,149
SM-VMC-RSS-VIBS_MAINT,78
SM-VMC-RSS-VIOS_MAINT,895
SM-VMC-RSS-VRCS_MAINT,206
SM-VMC-RSS-VIVS_MAINT,525
CM-VCM-RSS-VCMS_MAINT,19800
CM-VCM-RSS-VCMES_MAINT,63
SM-VIT-RSS-VIBMS_MAINT,8250
CM-VIM-RSS-VMS_MAINT,93
SM-VMC-RSS-VATS_MAINT,2750
SM-VMC-RSS-VMAS_MAINT,191
SM-VMC-RSS-VDAS_MAINT,63
SM-VMC-RSS-VMVS_MAINT,559
SM-VMC-RSS-VESS_MAINT,1238
SM-VMC-RSS-VHOS_MAINT,2750
SM-VMC-RSS-VMCIS_MAINT,15000
SM-VMC-RSS-VMMS_MAINT,1100
SM-VMC-RSS-VMISEP_MAINT,69
SM-VMC-RSS-VISES_MAINT,177
SM-VMC-RSS-VISESA_MAINT,69
SM-VMC-RSS-VISSAS_MAINT,177
SM-VMC-RSS-VLOS_MAINT,37
SM-VMC-RSS-VMCSCAS_MAINT,4335
SM-VMC-RSS-VNOS_MAINT,62
SM-VMC-RSS-VNSS_MAINT,20
SM-VMC-RSS-VOOS_MAINT,62
SM-VMC-RSS-VOSS_MAINT,183
SM-VMC-RSS-VPCS_MAINT,62
SM-VMC-RSS-VPUS_MAINT,62
SM-VMC-RSS-VSAS_MAINT,62
SM-VMC-RSS-VMSQL_MAINT,1238
SM-VMC-RSS-VMCSSE_MAINT,1238
SM-VMC-RSS-VUOS_MAINT,545
SM-VMC-RSS-VUSS_MAINT,1045
SM-VMC-RSS-VVMS_MAINT,11000
SM-VMC-RSS-VVOS_MAINT,1650
SM-VMC-RSS-VVSS_MAINT,1650
SM-VMC-RSS-VWSS_MAINT,2475
SM-VMC-RSS-VWEB_MAINT,2475
SM-VMC-RSS-VWOS_MAINT,11780
SM-VMC-RSS-VWPS_MAINT,5890
SM-VMC-RSS-VMPS_MAINT,3550
SM-VMC-RSS-VMCWSE_MAINT,825
SM-VMC-RSS-VISPA_MAINT,660
FIM-FIM-RSS-VEMEVS_MAINT,20000
FIM-FIM-RSS-VEMEES_MAINT,2995
FIM-FIM-RSS-VEMELS_MAINT,8000
BI-WB-RSS-WAREBS_MAINT,2379
BI-WM-RSS-WAREMS_MAINT,1191
BI-SQ-RSS-WEBESS_MAINT,311
DM-WEB-RSS-WDDMS_MAINT,2750
DM-WFM-RSS-WFMS_MAINT,4125
DM-WEB-RSS-WDIMS_MAINT,3987.5
DM-WFM-RSS-WEBFSU_MAINT,5775
DM-WS-RSS-WEBSSU_MAINT,1443.75
DM-WCU-RSS-WAISUB_MAINT,2021.25
DM-DLN-RSS-WSS_MAINT,1155
DM-DLN-RSS-WSEFS_MAINT,3300
DP-DC-RSS-FMIOSS_MAINT,3.3
RPA-AUD-RSS-AFTPES_MAINT,1000
ES-SEG-RSS-CSEGKS_LIC,26
ES-SEG-RSS-A4ESUB_LIC,19.5
GOA-GAM-RSS-GAULTS_LIC,32051.25
GOA-GAM-RSS-GSSDGMBS_LIC,4070
GOA-GAM-RSS-GAEX12S_LIC,2888
CM-TQR-RSS-TQSURV_LIC,166
CM-VCM-RSS-VCMSPS_LIC,137
OS-CI-RSS-CIS_LIC,369
CS-PSI-RSS-PSAIIS_LIC,1246
CS-PCS-RSS-PCSIIS_LIC,2615
CS-CLP-RSS-SGNETS_LIC,5508
DM-WCU-RSS-5250SU_LIC,2021.25
BI-ABS-RSS-ABSTSU_LIC,46
GS-GSE-RSS-AAMYS_LIC,124
SM-AJS-RSS-AJSS_LIC,1568
SM-ARS-RSS-ARSS_LIC,15
SM-ARS-RSS-ARSLS_LIC,41
GS-GSE-RSS-ASMS_LIC,5690.4
GS-GSE-RSS-AWEYS_LIC,46
DM-IRC-RSS-AFPCSU_LIC,2310
SM-NSS-RSS-AIXOPS_LIC,124
SM-AI-RSS-ALERSU_LIC,6000
SM-VIT-RSS-ABPS_LIC,2750
SM-VIT-RSS-ABAS_LIC,137
SM-VIT-RSS-ABCS_LIC,275
SM-VIT-RSS-ALPS_LIC,140
SM-VIT-RSS-ABSIS_LIC,550
SM-VIT-RSS-ACPS_LIC,275
SM-VIT-RSS-ALIGNC_LIC,825
SM-VIT-RSS-ACS_LIC,8250
SM-VIT-RSS-AES_LIC,2750
SM-VIT-RSS-AESS_LIC,550
SM-VIT-RSS-AISS_LIC,275
SM-VIT-RSS-AOBSS_LIC,275
SM-VIT-RSS-ATS_LIC,110
SM-VIT-RSS-ALCS_LIC,8250
BI-AD-RSS-ANYDSU_LIC,2703
CS-DFT-RSS-ASOCS_LIC,2248
GS-GSE-RSS-ACSYEA_LIC,7623
IGA-AAS-RSS-ACISSU_LIC,1155
DP-DLP-RSS-ATPSUB_LIC,50.4
GS-GSE-RSS-ARYS_LIC,1663
SM-AJM-RSS-AJMS_LIC,866
SM-AUS-RSS-AUTHSU_LIC,2021
RPA-AUD-RSS-ADS_LIC,3600
RPA-AUT-RSS-AUES_LIC,3850
RPA-AUT-RSS-AUAS_LIC,822
RPA-AUT-RSS-AEDTS_LIC,825
RPA-AUD-RSS-AFPS_LIC,1922
RPA-AIC-RSS-AICS_LIC,21450
RPA-AUT-RSS-AUPL_LIC,6875
RPA-AUT-RSS-APMDP_LIC,58000
RPA-AUD-RSS-AUPS_LIC,2400
RPA-AUD-RSS-APAPS_LIC,660
RPA-AUT-RSS-AUUS_LIC,150000
DM-WCU-RSS-BIUS_LIC,866.25
DM-IRM-RSS-BRSS_LIC,3176.25
SM-SMB-RSS-BMMS_LIC,2914
FIM-FIM-RSS-CCMNDS_LIC,93
FIM-FIM-RSS-CCMSFO_LIC,48
FIM-FIM-RSS-CCMSES_LIC,124
FIM-FIM-RSS-CCMSPD_LIC,10
FIM-FIM-RSS-CCMSID_LIC,23
FIM-FIM-RSS-CCMWFO_LIC,17
FIM-FIM-RSS-CCMWOS_LIC,42
FIM-FIM-RSS-CCMLIS_LIC,7440
FIM-FIM-RSS-CCMMSF_LIC,16620
FIM-FIM-RSS-CCMMSS_LIC,21540
FIM-FIM-RSS-CCMWLS_LIC,895
FIM-FIM-RSS-CCMWSE_LIC,2340
FIM-FIM-RSS-CCMWIN_LIC,2340
SM-ROT-RSS-CDBSUB_LIC,1003.05
BI-SDW-RSS-CDCMS_LIC,2200
BI-SDW-RSS-CMS_LIC,1000
GS-GSE-RSS-CCAYS_LIC,1386
GS-GSE-RSS-CCMCS_LIC,1476
OS-COS-RSS-COBASU_LIC,5900
CS-DFT-RSS-CCIS_LIC,3373
DP-DLP-RSS-COMPLI_LIC,39.24
IGA-AAS-RSS-CAS_LIC,12.71
IGA-AAS-RSS-CCS_LIC,5.2
IGA-AAS-RSS-CCFRS_LIC,14438
IGA-AAS-RSS-CCLS_LIC,14438
IGA-AAS-RSS-CPS_LIC,4.33
IGA-VIS-RSS-CRDS_LIC,12.6
DM-IRC-RSS-CSVCSU_LIC,1210
BI-SDW-RSS-DATA_LIC,1375
SM-VMC-RSS-DACS_LIC,2008
SM-VMC-RSS-DMISRS_LIC,602
ES-SEG-RSS-DRSEGS_LIC,9.1
ES-SXG-RSS-DRSS_LIC,9.1
ES-SIG-RSS-DRSIGS_LIC,9.1
ES-SIG-RSS-DAIS_LIC,2002
ES-SWG-RSS-DRSWGS_LIC,9.1
BI-SDW-RSS-DSVBS_LIC,1000
DM-IBM-RSS-DATASU_LIC,1155
DP-DC-RSS-DCSDAR_LIC,12
DP-DC-RSS-DCSPLS_LIC,42
DP-DC-RSS-DCSSDK_LIC,50000
DM-DLN-RSS-DELIBA_LIC,3300
DM-DLN-RSS-DELIIS_LIC,1237.5
DM-DLN-RSS-DELISH_LIC,577.5
DM-DLN-RSS-DELIWM_LIC,1237.5
BI-DB-RSS-DEPLSU_LIC,13618
FIM-FIM-RSS-DPESUB_LIC,2340
FIM-FIM-RSS-DPEEXS_LIC,325
FIM-FIM-RSS-DPELIS_LIC,895
DP-DLP-RSS-DGDMCS_LIC,33200
ES-SEG-RSS-DRMS_LIC,19.5
SM-DSM-RSS-DSMSUB_LIC,1062
GS-GSE-RSS-DMZ_LIC,9027.6
GS-GSE-RSS-DG3S_LIC,4066.8
DM-DA-RSS-DAAS_LIC,1
ES-SEG-RSS-DSSEGS_LIC,9.1
ES-SXG-RSS-DSSS_LIC,9.1
ES-SIG-RSS-DSSIGS_LIC,9.1
ES-SWG-RSS-DSSWGS_LIC,9.1
DM-IRM-RSS-DRSSUB_LIC,4125
DP-DLP-RSS-DVCSUB_LIC,92.4
SM-EV-RSS-EASYSU_LIC,955.65
ES-SEG-RSS-EEEPSE_LIC,65
DP-DLP-RSS-EDRS_LIC,61.44
GS-GSE-RSS-E8ES_LIC,16868.4
GS-GSE-RSS-EFES_LIC,958.8
GS-GSE-RSS-EAWS_LIC,5176.8
GS-GSE-RSS-EAMS_LIC,5916
GS-GSE-RSS-EARS_LIC,1624.8
GS-GSE-RSS-EBPS_LIC,2750
GS-GSE-RSS-EBAS_LIC,5500
GS-GSE-RSS-EEAS_LIC,662.4
GS-GSE-RSS-EEDS_LIC,1735.2
GS-GSE-RSS-EEOS_LIC,662.4
GS-GSE-RSS-EFTES_LIC,736.8
GS-GSE-RSS-EEWS_LIC,1106.4
GS-GSE-RSS-EFTS_LIC,2956.8
GS-GSE-RSS-EFMS_LIC,2464
GS-GSE-RSS-EHSS_LIC,662.4
GS-GSE-RSS-EOPS_LIC,1624.8
GS-GSE-RSS-ERAS_LIC,2211
GS-GSE-RSS-ESSS_LIC,662.4
GS-GSE-RSS-ETES_LIC,2464
GS-GSE-RSS-EWS_LIC,4066.8
DM-WCU-RSS-EMMO_LIC,866.25
DM-EU-RSS-ERSS_LIC,3176.25
ES-SEG-RSS-ENCRFS_LIC,6.5
ES-SEG-RSS-ENCRPS_LIC,39
DP-DLP-RSS-EDS_LIC,15
BI-SDW-RSS-EDSS_LIC,1375
BI-ESN-RSS-ENUS_LIC,138
BI-SDW-RSS-EES_LIC,1375
BI-SDW-RSS-EMMS_LIC,1000
GS-GSE-RSS-EAYS_LIC,1525
DM-IRM-RSS-EFS_LIC,1443.75
BI-ESN-RSS-ESENSU_LIC,3281
BI-ESN-RSS-ESENFU_LIC,3314
GOA-FIL-RSS-FCCS_LIC,2888
GOA-FIL-RSS-FCCCS_LIC,2888
GOA-FIL-RSS-FCDKS_LIC,2888
GOA-FIL-RSS-FCDS_LIC,1733
GOA-FIL-RSS-FCHAS_LIC,1733
GOA-FIL-RSS-FCLBS_LIC,2888
GOA-FIL-RSS-FCRPS_LIC,2888
GOA-FIL-RSS-FCTS_LIC,1733
GOA-FIL-RSS-FCWS_LIC,6050
GOA-FIL-RSS-FCWAS_LIC,5500
NW-AA-RSS-FLOWSU_LIC,7500
GS-GSE-RSS-FOLDYE_LIC,1525
DP-DC-RSS-FCSSS_LIC,50000
DP-DC-RSS-FCSES_LIC,35
DP-DC-RSS-FCSPS_LIC,40
DP-DC-RSS-FDUAPS_LIC,65
DP-DC-RSS-FDCSGS_LIC,63.7
DP-DC-RSS-FDCSUGS_LIC,54.88
DP-DC-RSS-FDUPPS_LIC,56
DP-DC-RSS-FDAPS_LIC,49
DP-DC-RSS-FDEPS_LIC,35
DP-DC-RSS-FDEUPS_LIC,47
DP-DC-RSS-FDDS_LIC,14
DP-DC-RSS-FDCSDGS_LIC,13.72
DP-DC-RSS-FMIOS_LIC,6
GS-GSE-RSS-FTPSYE_LIC,1512.5
GOA-GAM-RSS-GAAFTS_LIC,4620
GOA-GAM-RSS-GAAS_LIC,9995
GOA-GAM-RSS-GAAAS_LIC,4130
GOA-GAM-RSS-GAARS_LIC,1760
GOA-GAM-RSS-GAAWS_LIC,5497.25
GOA-GAM-RSS-GAAWRS_LIC,12650
GOA-GAM-RSS-GOAS_LIC,204.6
GOA-GAM-RSS-GAASRS_LIC,4290
GOA-GAM-RSS-GORS_LIC,2640
GOA-GAM-RSS-GOANA_LIC,2640
GOA-GAM-RSS-GABAS_LIC,547.25
GOA-GAM-RSS-GABAMS_LIC,6875
GOA-GAM-RSS-GACCPS_LIC,2475
GOA-GAM-RSS-GACCSS_LIC,1650
GOA-GAM-RSS-GACS_LIC,3850
GOA-GAM-RSS-GACBS_LIC,7607
GOA-GAM-RSS-GACBGS_LIC,10764
GOA-GAM-RSS-GACSBS_LIC,6683
GOA-GAM-RSS-GACSBGS_LIC,10148
GOA-GAM-RSS-GAEBS_LIC,121141
GOA-GAM-RSS-GAFSS_LIC,1925
GOA-GAM-RSS-GAGS_LIC,2197.25
GOA-GAM-RSS-GAGLBS_LIC,3850
GOA-GAM-RSS-GOBS_LIC,550
GOA-GAM-RSS-GAGFSS_LIC,4331
GOA-GAM-RSS-GAPSCS_LIC,3575
GOA-GAM-RSS-GAPS_LIC,17078
GOA-GAM-RSS-GAPESTGS_LIC,20543
GOA-GAM-RSS-GOAPE_LIC,51558
GOA-GAM-RSS-GAPSSS_LIC,4125
GOA-GAM-RSS-GANPE_LIC,30800
GOA-GAM-RSS-GAPESBGS_LIC,33830
GOA-GAM-RSS-GAPAS_LIC,8250
GOA-GAM-RSS-GAPBS_LIC,43158
GOA-GAM-RSS-GAPBCS_LIC,16038
GOA-GAM-RSS-GAPBTPCS_LIC,44001
GOA-GAM-RSS-GASFS_LIC,3575
GOA-GAM-RSS-GASS_LIC,4015
GOA-GAM-RSS-GASMS_LIC,1647.25
GOA-GAM-RSS-GASDS_LIC,1925
GOA-GAM-RSS-GASSS_LIC,1925
GOA-GAM-RSS-GASAS_LIC,272.25
GOA-GAM-RSS-GASBS_LIC,17064
GOA-GAM-RSS-GASBGS_LIC,20337
GOA-GAM-RSS-GASBGTPS_LIC,26410
GOA-GAM-RSS-GAUAS_LIC,4950
GOA-GAM-RSS-GAWBS_LIC,5000
GOA-GAM-RSS-GAWES_LIC,9350
GOA-GAM-RSS-GAWRS_LIC,6875
SM-HAM-RSS-HAMSUB_LIC,476
SM-HEP-RSS-HEPMS_LIC,2021
DM-IRC-RSS-HTMLSU_LIC,1270.5
GS-GSE-RSS-HSIS_LIC,3465
DM-IBM-RSS-IENCSU_LIC,1443.75
DM-IFO-RSS-IFORSU_LIC,6930
DM-IBM-RSS-IFSTSU_LIC,1650
DM-WCU-RSS-IBOSUB_LIC,346.5
ES-SEG-RSS-IGSSUB_LIC,13
ES-SEG-RSS-IGSRES_LIC,130
BI-ISA-RSS-INSISU_LIC,358
BI-ISA-RSS-IACS_LIC,1375
BI-ISA-RSS-IAPROS_LIC,4400
BI-ISA-RSS-IAPS_LIC,11000
DM-WFM-RSS-INTESU_LIC,1100
NW-INT-RSS-ISS_LIC,488
NW-INT-RSS-ISLS_LIC,259
NW-INT-RSS-ISBS_LIC,1546
FIM-FIM-RSS-IP36SU_LIC,22
FIM-FML-RSS-IP36MO_LIC,10000
ES-SEG-RSS-IPIPSU_LIC,2.6
DM-IBM-RSS-ISOIS_LIC,3176.25
SM-NSS-RSS-LOPSUB_LIC,3850
SM-RLP-RSS-LPARSU_LIC,1761.8
SM-LMM-RSS-LMMSSU_LIC,3394
SM-LSO-RSS-LSOSSU_LIC,4513
SM-LAA-RSS-LAASSU_LIC,7447
SM-LOC-RSS-LOCSSU_LIC,12287
CS-DFT-RSS-MAPSUB_LIC,2248
SM-MES-RSS-MESSSU_LIC,6318
SM-MP-RSS-MPS_LIC,6318
SM-ROM-RSS-MONISU_LIC,3431.6
SM-MQM-RSS-MQMSUB_LIC,1196
GS-GSE-RSS-MSGYEA_LIC,8455
CS-DFT-RSS-MSASUB_LIC,450
DP-DLP-RSS-NDWES_LIC,36
CS-DFT-RSS-NTCS_LIC,2248
SM-RON-RSS-NAHS_LIC,1715.85
SM-RON-RSS-NHS_LIC,1480.05
SM-RON-RSS-NNS_LIC,1715.85
IGA-AAS-RSS-NSCCSU_LIC,8663
SM-NSS-RSS-NSSLIS_LIC,809
SM-NSS-RSS-NSSSNR_LIC,1540
SM-NSS-RSS-NSSVIS_LIC,866
SM-NSS-RSS-NSSWEM_LIC,5390
SM-NSS-RSS-NSSWIS_LIC,270
ES-SEG-RSS-OFIS_LIC,65
ES-SEG-RSS-OFSS_LIC,6.5
ES-SXG-RSS-OCGS_LIC,6.5
ES-SIG-RSS-OFEATU_LIC,6.5
ES-SWG-RSS-OCFEAS_LIC,13
ES-SIG-RSS-OSIS_LIC,1430
ES-SEG-RSS-OPEPSE_LIC,6.5
BI-SDW-RSS-PLS_LIC,1000
SM-PRM-RSS-PASSSU_LIC,429
DM-IBM-RSS-PCLTSU_LIC,2541
DM-IRC-RSS-PDFCOS_LIC,866.25
DM-PCR-RSS-PDFSPS_LIC,1905.75
SM-PKP-RSS-PEEKSU_LIC,2295
SM-PFA-RSS-PAGSUB_LIC,2000
SM-PFA-RSS-PAS_LIC,773
SM-PN-RSS-PNS_LIC,4677.05
GS-GSE-RSS-PGPAYE_LIC,1525
CM-TQO-RSS-PO1YSU_LIC,4665
DM-EU-RSS-POP4SU_LIC,1210
CS-DFT-RSS-PUPSUB_LIC,2248
CS-PTA-RSS-PALAS_LIC,550
CS-PTA-RSS-PASS_LIC,275
CS-PTA-RSS-PAXLS_LIC,100
CS-PTA-RSS-PAIIDS_LIC,1132.75
CS-PTA-RSS-PAIIS_LIC,2536
CS-PTA-RSS-PTAVS_LIC,4887.5
CS-PAB-RSS-PABIIS_LIC,2324.15
CS-PCS-RSS-PCMDSS_LIC,3852.5
CS-PCM-RSS-PCMIIS_LIC,2773.8
CS-PDM-RSS-PDMS_LIC,2324.15
CS-PDM-RSS-POVS_LIC,35913.35
CS-PDM-RSS-PORS_LIC,2324.15
CS-PDM-RSS-PDMIIS_LIC,48
CS-PEI-RSS-PEIIS_LIC,2340
CS-PEI-RSS-PEIS_LIC,1097.25
CS-PEI-RSS-POMS_LIC,1097.25
CS-PEI-RSS-POWENC_LIC,3297.25
CS-PEM-RSS-PEMS_LIC,8250
CS-PEP-RSS-PEPS_LIC,1198.8
PIA-PIA-RSS-PIAS_LIC,196
CS-PIM-RSS-PIMIIS_LIC,1992.95
CS-PMF-RSS-PMFS_LIC,1100
CS-PPS-RSS-PPSS_LIC,664.7
CS-PPM-RSS-PPMIIS_LIC,1733
CS-PRA-RSS-PRAIIS_LIC,2656.5
CS-RSA-RSS-PRSS_LIC,1606
CS-PSA-RSS-PSAS_LIC,220
BI-QRW-RSS-QRWSUB_LIC,1488
DM-IRC-RSS-RAWRSU_LIC,866.25
SM-RAP-RSS-RECOSU_LIC,800
GS-GSE-RSS-REGUYE_LIC,3465
ES-SWG-RSS-RCSWGS_LIC,15.6
BI-SDW-RSS-RDPS_LIC,1000
BI-SDW-RSS-RDSS_LIC,1375
NW-IRA-RSS-RAIS_LIC,296
NW-INT-RSS-RAPS_LIC,329
NW-INT-RSS-RASFS_LIC,908
DM-IBM-RSS-REPOSS_LIC,1905.75
CS-DFT-RSS-RCMSUB_LIC,2248
SM-ROA-RSS-RAS_LIC,1534.1
SM-RAT-RSS-ROAS_LIC,2441.45
SM-ROB-RSS-RBSAS_LIC,3908.85
SM-ROB-RSS-RBCAS_LIC,3908.85
SM-ROB-RSS-RBCANS_LIC,3908.85
SM-ROB-RSS-RBSANS_LIC,3908.85
SM-ROB-RSS-RBSARS_LIC,3908.85
SM-SYM-RSS-RCS_LIC,2479.4
SM-ROC-RSS-ROCS_LIC,2751.95
SM-RCP-RSS-ROCPA_LIC,1815.85
SM-RHA-RSS-RHS_LIC,3162.5
SM-ROM-RSS-RMAS_LIC,885.5
SM-ROM-RSS-RMSUB_LIC,442.75
SM-ROM-RSS-RMVS_LIC,1771
SM-ROR-RSS-RRS_LIC,1534.1
SM-RRE-RSS-RORS_LIC,2403.5
SM-ROS-RSS-RSS_LIC,2783
SM-RSC-RSS-ROSS_LIC,3045.2
SM-RSE-RSS-RSES_LIC,2298.85
SM-RSI-RSS-RSEOIS_LIC,1534.1
SM-RSP-RSS-RSPACE_LIC,325
SM-ROT-RSS-RTS_LIC,1534.1
SM-SYM-RSS-ROTS_LIC,1458.2
SM-SYM-RSS-RUS_LIC,1629.55
DM-IBM-RSS-RPG2SU_LIC,4331.25
DM-IRC-RSS-RTFRSU_LIC,866.25
CS-SPS-RSS-SPSHS_LIC,664.7
CS-SPS-RSS-SPSHUS_LIC,4.73
ES-SEG-RSS-SSEGS_LIC,13
SM-SAP-RSS-SAPISU_LIC,1534.1
DM-WCU-RSS-SCANSU_LIC,7000
GS-GSE-RSS-SCHEYE_LIC,3125
ES-SEG-RSS-SEGS_LIC,1500
ES-SEG-RSS-SEPS_LIC,30.6
ES-SEG-RSS-SEEMAI_LIC,36.8
ES-SEG-RSS-SECEGA_LIC,25.65
ES-SXG-RSS-SEEXCH_LIC,3125
ES-SXG-RSS-SEEGAT_LIC,30.6
ES-SXG-RSS-SEEXGE_LIC,36.8
ES-SXG-RSS-SEEGES_LIC,25.65
GS-GSE-RSS-SFYS_LIC,14062.5
ES-SIG-RSS-SIGS_LIC,2625
ES-SIG-RSS-SEIS_LIC,6732
ES-SIG-RSS-SEUS_LIC,40.5
ES-SIG-RSS-SECIGA_LIC,8096
ES-SIG-RSS-SICGAT_LIC,45.6
ES-SIG-RSS-SICGAE_LIC,5643
ES-SIG-RSS-SIGESS_LIC,36.1
ES-SIG-RSS-SICGPE_LIC,2500
ES-SWG-RSS-SWGS_LIC,0.78
ES-SWG-RSS-SEWEB_LIC,48.6
ES-SWG-RSS-SECWGA_LIC,56.8
ES-SWG-RSS-SWEGAT_LIC,44.65
IGA-AAS-RSS-SECUSU_LIC,0.58
CS-SA-RSS-SAS_LIC,2441.45
CS-DFT-RSS-SADS_LIC,2248
CS-PSS-RSS-SSIS_LIC,594
BI-SQ-RSS-SEQUES_LIC,10937
BI-SQ-RSS-SUBS_LIC,2483
BI-CRO-RSS-SCRS_LIC,484
BI-SDW-RSS-SDWS_LIC,10890
BI-SDW-RSS-SDWSLBES_LIC,9845
BI-SDW-RSS-SDWSLSES_LIC,15345
BI-SDW-RSS-SDWSLGES_LIC,20845
BI-SDW-RSS-SDWSLPES_LIC,27445
BI-SDW-RSS-SDWBBES_LIC,14795
BI-SDW-RSS-SDWBSES_LIC,20295
BI-SDW-RSS-SDWBGES_LIC,25795
BI-SDW-RSS-SDWBPES_LIC,32395
BI-SQ-RSS-SRDS_LIC,1097
BI-SQ-RSS-SSMBPS_LIC,2811
BI-SQ-RSS-SSMBSS_LIC,2096
BI-SQ-RSS-SSMB_LIC,1097
BI-SQ-RSS-SESOLU_LIC,11047
BI-SWI-RSS-SWIS_LIC,3320
GS-GSE-RSS-SFTPYE_LIC,3465
BI-CRO-RSS-SHCL_LIC,484
BI-QRW-RSS-SREPS_LIC,183
DM-SH-RSS-SIGNSU_LIC,288.75
GS-GSE-RSS-SINGFA_LIC,3812
DM-EU-RSS-SMTPSU_LIC,1925
SM-SFM-RSS-SFMS_LIC,1254
IGA-AAS-RSS-SCCIPS_LIC,8662.5
IGA-AAS-RSS-SCCSDS_LIC,41
ES-SEG-RSS-SSSEGS_LIC,9.1
ES-SXG-RSS-SSSEGA_LIC,9.1
ES-SIG-RSS-SSSIGS_LIC,369
ES-SWG-RSS-SSSWGS_LIC,9.1
DM-SV4-RSS-S4SUPS_LIC,275
DM-SV4-RSS-S4SS_LIC,412.5
DM-SV4-RSS-S4S_LIC,1100
DM-SV4-RSS-S4UPS_LIC,1650
SM-VMC-RSS-T0PUS_LIC,8907
SM-TSK-RSS-TASKSU_LIC,8907
CM-TQO-RSS-TQACSS_LIC,186
CM-TQO-RSS-TQAS_LIC,601
CM-TQO-RSS-TESS_LIC,804
CM-TQO-RSS-TEAQUE_LIC,601
CM-TQR-RSS-TQSSS_LIC,749
DM-IRC-RSS-TRCASU_LIC,866.25
DP-DC-RSS-TCSS_LIC,8907
DP-DC-RSS-TMCS_LIC,8907
GS-GSE-RSS-TRANYE_LIC,8907
BI-SDW-RSS-TRENSU_LIC,8907
FIM-FIM-RSS-TRUS_LIC,3408
FIM-FIM-RSS-TAPP_LIC,1609
FIM-FIM-RSS-TRIATE_LIC,4335
FIM-FIM-RSS-TRATEI_LIC,1099
FIM-FIM-RSS-TECS_LIC,4335
FIM-FIM-RSS-TEECS_LIC,1099
FIM-FIM-RSS-TEDS_LIC,23
FIM-FIM-RSS-TEFSS_LIC,59
FIM-FIM-RSS-TEIDS_LIC,15
FIM-FIM-RSS-TEMIS_LIC,15
FIM-FIM-RSS-TENDS_LIC,46
FIM-FIM-RSS-TEPS_LIC,49
FIM-FIM-RSS-TEPSS_LIC,137
FIM-FIM-RSS-TEVES_LIC,525
FIM-FIM-RSS-TDS_LIC,186
FIM-TLC-RSS-TLCS_LIC,299
FIM-TLC-RSS-TLCCS_LIC,44544
FIM-TLC-RSS-TRAS_LIC,150
FIM-TLC-RSS-TRLCEN_LIC,69
FIM-TLC-RSS-TLCIES_LIC,177
FIM-TLC-RSS-TRLOCE_LIC,1848.6
FIM-FIM-RSS-DP700S_LIC,3450
FIM-TLC-RSS-TLOCEM_LIC,1890
FIM-TLC-RSS-TRCS_LIC,62
FIM-TLC-RSS-TLOCEP_LIC,69
FIM-TLC-RSS-TLOCPS_LIC,177
FIM-TLC-RSS-TLOCVE_LIC,183
FIM-TLC-RSS-TLCFMS_LIC,4335
FIM-TLC-RSS-TLCMS_LIC,69
FIM-TLC-RSS-TLOCER_LIC,177
FIM-FIM-RSS-TSAES_LIC,23
ES-SEG-RSS-TCSESU_LIC,59
DP-DLP-RSS-UCFSS_LIC,36.24
DP-DLP-RSS-UCOCS_LIC,5.52
DP-DLP-RSS-UCRCS_LIC,5.52
DP-DLP-RSS-UCSCS_LIC,5.52
CS-DFT-RSS-UPMS_LIC,10000
SM-VMC-RSS-VCCS_LIC,69
SM-VMC-RSS-VCJS_LIC,177
SM-PN-RSS-VILS_LIC,3792
SM-PN-RSS-VISCPPS_LIC,99
SM-VMC-RSS-VMCS_LIC,149
SM-VMC-RSS-VIBS_LIC,78
SM-VMC-RSS-VIOS_LIC,895
SM-VMC-RSS-VRCS_LIC,206
SM-VMC-RSS-VIVS_LIC,525
CM-VCM-RSS-VCMS_LIC,19800
CM-VCM-RSS-VCMES_LIC,63
SM-VIT-RSS-VIBMS_LIC,8250
CM-VIM-RSS-VMS_LIC,93
SM-VMC-RSS-VATS_LIC,2750
SM-VMC-RSS-VMAS_LIC,191
SM-VMC-RSS-VDAS_LIC,63
SM-VMC-RSS-VMVS_LIC,559
SM-VMC-RSS-VESS_LIC,1238
SM-VMC-RSS-VHOS_LIC,2750
SM-VMC-RSS-VMCIS_LIC,15000
SM-VMC-RSS-VMMS_LIC,1100
SM-VMC-RSS-VMISEP_LIC,69
SM-VMC-RSS-VISES_LIC,177
SM-VMC-RSS-VISESA_LIC,69
SM-VMC-RSS-VISSAS_LIC,177
SM-VMC-RSS-VLOS_LIC,37
SM-VMC-RSS-VMCSCAS_LIC,4335
SM-VMC-RSS-VNOS_LIC,62
SM-VMC-RSS-VNSS_LIC,20
SM-VMC-RSS-VOOS_LIC,62
SM-VMC-RSS-VOSS_LIC,183
SM-VMC-RSS-VPCS_LIC,62
SM-VMC-RSS-VPUS_LIC,62
SM-VMC-RSS-VSAS_LIC,62
SM-VMC-RSS-VMSQL_LIC,1238
SM-VMC-RSS-VMCSSE_LIC,1238
SM-VMC-RSS-VUOS_LIC,545
SM-VMC-RSS-VUSS_LIC,1045
SM-VMC-RSS-VVMS_LIC,11000
SM-VMC-RSS-VVOS_LIC,1650
SM-VMC-RSS-VVSS_LIC,1650
SM-VMC-RSS-VWSS_LIC,2475
SM-VMC-RSS-VWEB_LIC,2475
SM-VMC-RSS-VWOS_LIC,11780
SM-VMC-RSS-VWPS_LIC,5890
SM-VMC-RSS-VMPS_LIC,3550
SM-VMC-RSS-VMCWSE_LIC,825
SM-VMC-RSS-VISPA_LIC,660
FIM-FIM-RSS-VEMEVS_LIC,20000
FIM-FIM-RSS-VEMEES_LIC,2995
FIM-FIM-RSS-VEMELS_LIC,8000
BI-WB-RSS-WAREBS_LIC,2379
BI-WM-RSS-WAREMS_LIC,1191
BI-SQ-RSS-WEBESS_LIC,311
DM-WEB-RSS-WDDMS_LIC,2750
DM-WFM-RSS-WFMS_LIC,4125
DM-WEB-RSS-WDIMS_LIC,3987.5
DM-WFM-RSS-WEBFSU_LIC,5775
DM-WS-RSS-WEBSSU_LIC,1443.75
DM-WCU-RSS-WAISUB_LIC,2021.25
DM-DLN-RSS-WSS_LIC,1155
DM-DLN-RSS-WSEFS_LIC,3300
,42
,35
RPA-AUD-RSS-AFTPES_LIC,1000
GOA-GAM-RSS-GACS_LIC,5852
GOA-GAM-RSS-GACS_LIC,5197.5
GOA-GAM-RSS-GACS_LIC,3542
GOA-GAM-RSS-GACS_LIC,3041.5
GOA-GAM-RSS-GACS,5852
GOA-GAM-RSS-GACS,5197.5
GOA-GAM-RSS-GACS,3542
GOA-GAM-RSS-GACS,3041.5
GOA-GAM-RSS-GACS_MAINT,5852
GOA-GAM-RSS-GACS_MAINT,5197.5
GOA-GAM-RSS-GACS_MAINT,3542
GOA-GAM-RSS-GACS_MAINT,3041.5
GOA-GAM-RSS-GACBS_MAINT,11562.64
GOA-GAM-RSS-GACBS_MAINT,10269.45
GOA-GAM-RSS-GACBS_MAINT,6998.44
GOA-GAM-RSS-GACBS_MAINT,6009.53
GOA-GAM-RSS-GACBS,11562.64
GOA-GAM-RSS-GACBS,10269.45
GOA-GAM-RSS-GACBS,6998.44
GOA-GAM-RSS-GACBS,6009.53
GOA-GAM-RSS-GACBS_LIC,11562.64
GOA-GAM-RSS-GACBS_LIC,10269.45
GOA-GAM-RSS-GACBS_LIC,6998.44
GOA-GAM-RSS-GACBS_LIC,6009.53
GOA-GAM-RSS-GACBGS_MAINT,16361.28
GOA-GAM-RSS-GACBGS_MAINT,14531.4
GOA-GAM-RSS-GACBGS_MAINT,9902.88
GOA-GAM-RSS-GACBGS_MAINT,8503.56
GOA-GAM-RSS-GACBGS,16361.28
GOA-GAM-RSS-GACBGS,14531.4
GOA-GAM-RSS-GACBGS,9902.88
GOA-GAM-RSS-GACBGS,8503.56
GOA-GAM-RSS-GACBGS_LIC,16361.28
GOA-GAM-RSS-GACBGS_LIC,14531.4
GOA-GAM-RSS-GACBGS_LIC,9902.88
GOA-GAM-RSS-GACBGS_LIC,8503.56
DM-WCU-RSS-EMMO_MAINT,1316.7
DM-WCU-RSS-EMMO_MAINT,1169.44
DM-WCU-RSS-EMMO_MAINT,796.95
DM-WCU-RSS-EMMO_MAINT,684.34
DM-WCU-RSS-EMMO_LIC,1316.7
DM-WCU-RSS-EMMO_LIC,1169.44
DM-WCU-RSS-EMMO_LIC,796.95
DM-WCU-RSS-EMMO_LIC,684.34
DM-WCU-RSS-EMMO,1316.7
DM-WCU-RSS-EMMO,1169.44
DM-WCU-RSS-EMMO,796.95
DM-WCU-RSS-EMMO,684.34
DM-EU-RSS-ERSS_MAINT,4827.9
DM-EU-RSS-ERSS_MAINT,4287.94
DM-EU-RSS-ERSS_MAINT,2922.15
DM-EU-RSS-ERSS_MAINT,2509.24
DM-EU-RSS-ERSS_LIC,4827.9
DM-EU-RSS-ERSS_LIC,4287.94
DM-EU-RSS-ERSS_LIC,2922.15
DM-EU-RSS-ERSS_LIC,2509.24
DM-EU-RSS-ERSS,4827.9
DM-EU-RSS-ERSS,4287.94
DM-EU-RSS-ERSS,2922.15
DM-EU-RSS-ERSS,2509.24
ES-SEG-RRM-ESRM,0.3
ES-SEG-RRM-ESRM,0.27
ES-SEG-RRM-ESRM,0.18
,136.8
,121.5
,82.8
,71.1
,167.2
,148.5
,101.2
,86.9
,114
,101.25
,69
,59.25
ES-DMP-RSL-DMARPR,3952
ES-DMP-RSL-DMARPR,3510
ES-DMP-RSL-DMARPR,2392
ES-DMP-RSL-DMARPR,2054
GOA-FIL-RSS-FCLBS_MAINT,4389.76
GOA-FIL-RSS-FCLBS_MAINT,3898.8
GOA-FIL-RSS-FCLBS_MAINT,2656.96
GOA-FIL-RSS-FCLBS_MAINT,2281.52
GOA-FIL-RSS-FCLBS,4389.76
GOA-FIL-RSS-FCLBS,3898.8
GOA-FIL-RSS-FCLBS,2656.96
GOA-FIL-RSS-FCLBS,2281.52
GOA-FIL-RSS-FCLBS_LIC,4389.76
GOA-FIL-RSS-FCLBS_LIC,3898.8
GOA-FIL-RSS-FCLBS_LIC,2656.96
GOA-FIL-RSS-FCLBS_LIC,2281.52
GOA-FIL-RSS-FCRPS_LIC,4389.76
GOA-FIL-RSS-FCRPS_LIC,3898.8
GOA-FIL-RSS-FCRPS_LIC,2656.96
GOA-FIL-RSS-FCRPS_LIC,2281.52
GOA-FIL-RSS-FCRPS_MAINT,4389.76
GOA-FIL-RSS-FCRPS_MAINT,3898.8
GOA-FIL-RSS-FCRPS_MAINT,2656.96
GOA-FIL-RSS-FCRPS_MAINT,2281.52
GOA-FIL-RSS-FCRPS,4389.76
GOA-FIL-RSS-FCRPS,3898.8
GOA-FIL-RSS-FCRPS,2656.96
GOA-FIL-RSS-FCRPS,2281.52
GOA-FIL-RSS-FCTS_MAINT,2634.16
GOA-FIL-RSS-FCTS_MAINT,2339.55
GOA-FIL-RSS-FCTS_MAINT,1594.36
GOA-FIL-RSS-FCTS_MAINT,1369.07
GOA-FIL-RSS-FCTS_LIC,2634.16
GOA-FIL-RSS-FCTS_LIC,2339.55
GOA-FIL-RSS-FCTS_LIC,1594.36
GOA-FIL-RSS-FCTS_LIC,1369.07
GOA-FIL-RSS-FCTS,2634.16
GOA-FIL-RSS-FCTS,2339.55
GOA-FIL-RSS-FCTS,1594.36
GOA-FIL-RSS-FCTS,1369.07
GOA-FIL-RSS-FCWS,9196
GOA-FIL-RSS-FCWS,8167.5
GOA-FIL-RSS-FCWS,5566
GOA-FIL-RSS-FCWS,4779.5
GOA-FIL-RSS-FCWS_MAINT,9196
GOA-FIL-RSS-FCWS_MAINT,8167.5
GOA-FIL-RSS-FCWS_MAINT,5566
GOA-FIL-RSS-FCWS_MAINT,4779.5
GOA-FIL-RSS-FCWS_LIC,9196
GOA-FIL-RSS-FCWS_LIC,8167.5
GOA-FIL-RSS-FCWS_LIC,5566
GOA-FIL-RSS-FCWS_LIC,4779.5
BP-ETM-RMS-COUNTE,30400
BP-ETM-RMS-COUNTE,27000
BP-ETM-RMS-COUNTE,18400
BP-ETM-RMS-COUNTE,15800
BP-ETM-RMS-CREDBA,7600
BP-ETM-RMS-CREDBA,6750
BP-ETM-RMS-CREDBA,4600
BP-ETM-RMS-CREDBA,3950
BP-ETM-RMS-CREDTI,30400
BP-ETM-RMS-CREDTI,27000
BP-ETM-RMS-CREDTI,18400
BP-ETM-RMS-CREDTI,15800
BP-TSE-RMS-DARKCC,3040
BP-TSE-RMS-DARKCC,2700
BP-TSE-RMS-DARKCC,1840
BP-TSE-RMS-DARKCC,1580
BP-ETM-RMS-OPENSU,3040
BP-ETM-RMS-OPENSU,2700
BP-ETM-RMS-OPENSU,1840
BP-ETM-RMS-OPENSU,1580
VM-DDL-NRSU-2X7X3M,22800
VM-DDL-NRSU-2X7X3M,20250
VM-DDL-NRSU-2X7X3M,13800
VM-DDL-NRSU-2X7X3M,11850
DM-WCU-RSS-5250SU,3072.3
DM-WCU-RSS-5250SU,2728.69
DM-WCU-RSS-5250SU,1859.55
DM-WCU-RSS-5250SU,1596.79
DM-WCU-RSS-5250SU_LIC,3072.3
DM-WCU-RSS-5250SU_LIC,2728.69
DM-WCU-RSS-5250SU_LIC,1859.55
DM-WCU-RSS-5250SU_LIC,1596.79
DM-WCU-RSS-5250SU_MAINT,3072.3
DM-WCU-RSS-5250SU_MAINT,2728.69
DM-WCU-RSS-5250SU_MAINT,1859.55
DM-WCU-RSS-5250SU_MAINT,1596.79
BI-ABS-RSS-ABSTSU,69.92
BI-ABS-RSS-ABSTSU,62.1
BI-ABS-RSS-ABSTSU,42.32
BI-ABS-RSS-ABSTSU,36.34
BI-ABS-RSS-ABSTSU_LIC,69.92
BI-ABS-RSS-ABSTSU_LIC,62.1
BI-ABS-RSS-ABSTSU_LIC,42.32
BI-ABS-RSS-ABSTSU_LIC,36.34
BI-ABS-RSS-ABSTSU_MAINT,69.92
BI-ABS-RSS-ABSTSU_MAINT,62.1
BI-ABS-RSS-ABSTSU_MAINT,42.32
BI-ABS-RSS-ABSTSU_MAINT,36.34
ES-CEP-RSL-ACTIDB,142880
ES-CEP-RSL-ACTIDB,126900
ES-CEP-RSL-ACTIDB,86480
ES-CEP-RSL-ACTIDB,74260
VM-DDL-RSL-ACTITH,13.68
VM-DDL-RSL-ACTITH,12.15
VM-DDL-RSL-ACTITH,8.28
VM-DDL-RSL-ACTITH,7.11
GS-GSE-RSS-AAMYS_MAINT,188.48
GS-GSE-RSS-AAMYS_MAINT,167.4
GS-GSE-RSS-AAMYS_MAINT,114.08
GS-GSE-RSS-AAMYS_MAINT,97.96
GS-GSE-RSS-AAMYS_LIC,188.48
GS-GSE-RSS-AAMYS_LIC,167.4
GS-GSE-RSS-AAMYS_LIC,114.08
GS-GSE-RSS-AAMYS_LIC,97.96
GS-GSE-RSS-AAMYS,188.48
GS-GSE-RSS-AAMYS,167.4
GS-GSE-RSS-AAMYS,114.08
GS-GSE-RSS-AAMYS,97.96
SM-ARS-RSS-ARSS,22.8
SM-ARS-RSS-ARSS,20.25
SM-ARS-RSS-ARSS,13.8
SM-ARS-RSS-ARSS,11.85
SM-ARS-RSS-ARSS_MAINT,22.8
SM-ARS-RSS-ARSS_MAINT,20.25
SM-ARS-RSS-ARSS_MAINT,13.8
SM-ARS-RSS-ARSS_MAINT,11.85
SM-ARS-RSS-ARSS_LIC,22.8
SM-ARS-RSS-ARSS_LIC,20.25
SM-ARS-RSS-ARSS_LIC,13.8
SM-ARS-RSS-ARSS_LIC,11.85
SM-ARS-RSS-ARSLS_MAINT,62.32
SM-ARS-RSS-ARSLS_MAINT,55.35
SM-ARS-RSS-ARSLS_MAINT,37.72
SM-ARS-RSS-ARSLS_MAINT,32.39
VM-DDL-NRSU-2X7X3M,15000
ES-CEP-RSL-ACTIDB,94000
DM-IBM-RSS-REPOSS,2896.74
DM-IBM-RSS-REPOSS,2572.76
DM-IBM-RSS-REPOSS,1753.29
DM-IBM-RSS-REPOSS,1505.54
DP-DLP-RSP-RES,547200
DP-DLP-RSP-RES,486000
DP-DLP-RSP-RES,331200
DP-DLP-RSP-RES,284400
SM-ARS-RSS-ARSLS_LIC,62.32
SM-ARS-RSS-ARSLS_LIC,55.35
SM-ARS-RSS-ARSLS_LIC,37.72
SM-ARS-RSS-ARSLS_LIC,32.39
SM-ARS-RSS-ARSLS,62.32
SM-ARS-RSS-ARSLS,55.35
SM-ARS-RSS-ARSLS,37.72
SM-ARS-RSS-ARSLS,32.39
GS-GSE-RSS-AWEYS_LIC,69.92
GS-GSE-RSS-AWEYS_LIC,62.1
GS-GSE-RSS-AWEYS_LIC,42.32
GS-GSE-RSS-AWEYS_LIC,36.34
GS-GSE-RSS-AWEYS,69.92
GS-GSE-RSS-AWEYS,62.1
GS-GSE-RSS-AWEYS,42.32
GS-GSE-RSS-AWEYS,36.34
GS-GSE-RSS-AWEYS_MAINT,69.92
GS-GSE-RSS-AWEYS_MAINT,62.1
GS-GSE-RSS-AWEYS_MAINT,42.32
GS-GSE-RSS-AWEYS_MAINT,36.34
DM-IRC-RSS-AFPCSU_LIC,3511.2
DM-IRC-RSS-AFPCSU_LIC,3118.5
DM-IRC-RSS-AFPCSU_LIC,2125.2
DM-IRC-RSS-AFPCSU_LIC,1824.9
DM-IRC-RSS-AFPCSU,3511.2
DM-IRC-RSS-AFPCSU,3118.5
DM-IRC-RSS-AFPCSU,2125.2
DM-IRC-RSS-AFPCSU,1824.9
DM-IRC-RSS-AFPCSU_MAINT,3511.2
DM-IRC-RSS-AFPCSU_MAINT,3118.5
DM-IRC-RSS-AFPCSU_MAINT,2125.2
DM-IRC-RSS-AFPCSU_MAINT,1824.9
SM-NSS-RSS-AIXOPS_LIC,188.48
SM-NSS-RSS-AIXOPS_LIC,167.4
SM-NSS-RSS-AIXOPS_LIC,114.08
SM-NSS-RSS-AIXOPS_LIC,97.96
SM-NSS-RSS-AIXOPS,188.48
SM-NSS-RSS-AIXOPS,167.4
SM-NSS-RSS-AIXOPS,114.08
SM-NSS-RSS-AIXOPS,97.96
SM-NSS-RSS-AIXOPS_MAINT,188.48
SM-NSS-RSS-AIXOPS_MAINT,167.4
SM-NSS-RSS-AIXOPS_MAINT,114.08
SM-NSS-RSS-AIXOPS_MAINT,97.96
SM-VIT-RSS-ABPS_MAINT,4180
SM-VIT-RSS-ABPS_MAINT,3712.5
SM-VIT-RSS-ABPS_MAINT,2530
SM-VIT-RSS-ABPS_MAINT,2172.5
SM-VIT-RSS-ABPS,4180
SM-VIT-RSS-ABPS,3712.5
SM-VIT-RSS-ABPS,2530
SM-VIT-RSS-ABPS,2172.5
SM-VIT-RSS-ABPS_LIC,4180
SM-VIT-RSS-ABPS_LIC,3712.5
SM-VIT-RSS-ABPS_LIC,2530
SM-VIT-RSS-ABPS_LIC,2172.5
SM-VIT-RSS-ABAS,208.24
SM-VIT-RSS-ABAS,184.95
SM-VIT-RSS-ABAS,126.04
SM-VIT-RSS-ABAS,108.23
SM-VIT-RSS-ABAS_LIC,208.24
SM-VIT-RSS-ABAS_LIC,184.95
SM-VIT-RSS-ABAS_LIC,126.04
SM-VIT-RSS-ABAS_LIC,108.23
SM-VIT-RSS-ABAS_MAINT,208.24
SM-VIT-RSS-ABAS_MAINT,184.95
SM-VIT-RSS-ABAS_MAINT,126.04
SM-VIT-RSS-ABAS_MAINT,108.23
SM-VIT-RSS-ABCS_MAINT,418
SM-VIT-RSS-ABCS_MAINT,371.25
SM-VIT-RSS-ABCS_MAINT,253
SM-VIT-RSS-ABCS_MAINT,217.25
SM-VIT-RSS-ABCS_LIC,418
SM-VIT-RSS-ABCS_LIC,371.25
SM-VIT-RSS-ABCS_LIC,253
SM-VIT-RSS-ABCS_LIC,217.25
SM-VIT-RSS-ABCS,418
SM-VIT-RSS-ABCS,371.25
SM-VIT-RSS-ABCS,253
SM-VIT-RSS-ABCS,217.25
SM-VIT-RSS-ALPS_MAINT,212.8
SM-VIT-RSS-ALPS_MAINT,189
SM-VIT-RSS-ALPS_MAINT,128.8
SM-VIT-RSS-ALPS_MAINT,110.6
SM-VIT-RSS-ALPS,212.8
SM-VIT-RSS-ALPS,189
SM-VIT-RSS-ALPS,128.8
SM-VIT-RSS-ALPS,110.6
SM-VIT-RSS-ALPS_LIC,212.8
SM-VIT-RSS-ALPS_LIC,189
SM-VIT-RSS-ALPS_LIC,128.8
SM-VIT-RSS-ALPS_LIC,110.6
SM-VIT-RSS-ABSIS,836
SM-VIT-RSS-ABSIS,742.5
SM-VIT-RSS-ABSIS,506
SM-VIT-RSS-ABSIS,434.5
SM-VIT-RSS-ABSIS_MAINT,836
SM-VIT-RSS-ABSIS_MAINT,742.5
SM-VIT-RSS-ABSIS_MAINT,506
SM-VIT-RSS-ABSIS_MAINT,434.5
SM-VIT-RSS-ABSIS_LIC,836
SM-VIT-RSS-ABSIS_LIC,742.5
SM-VIT-RSS-ABSIS_LIC,506
SM-VIT-RSS-ABSIS_LIC,434.5
SM-VIT-RSS-ACPS_MAINT,418
SM-VIT-RSS-ACPS_MAINT,371.25
SM-VIT-RSS-ACPS_MAINT,253
SM-VIT-RSS-ACPS_MAINT,217.25
SM-VIT-RSS-ACPS_LIC,418
SM-VIT-RSS-ACPS_LIC,371.25
SM-VIT-RSS-ACPS_LIC,253
SM-VIT-RSS-ACPS_LIC,217.25
SM-VIT-RSS-ACPS,418
SM-VIT-RSS-ACPS,371.25
SM-VIT-RSS-ACPS,253
SM-VIT-RSS-ACPS,217.25
SM-VIT-RSS-ALIGNC,1254
SM-VIT-RSS-ALIGNC,1113.75
SM-VIT-RSS-ALIGNC,759
SM-VIT-RSS-ALIGNC,651.75
SM-VIT-RSS-ALIGNC_LIC,1254
SM-VIT-RSS-ALIGNC_LIC,1113.75
SM-VIT-RSS-ALIGNC_LIC,759
SM-VIT-RSS-ALIGNC_LIC,651.75
SM-VIT-RSS-ALIGNC_MAINT,1254
SM-VIT-RSS-ALIGNC_MAINT,1113.75
SM-VIT-RSS-ALIGNC_MAINT,759
SM-VIT-RSS-ALIGNC_MAINT,651.75
SM-VIT-RSS-ACS_LIC,12540
SM-VIT-RSS-ACS_LIC,11137.5
SM-VIT-RSS-ACS_LIC,7590
SM-VIT-RSS-ACS_LIC,6517.5
SM-VIT-RSS-ACS_MAINT,12540
SM-VIT-RSS-ACS_MAINT,11137.5
SM-VIT-RSS-ACS_MAINT,7590
SM-VIT-RSS-ACS_MAINT,6517.5
SM-VIT-RSS-ACS,12540
SM-VIT-RSS-ACS,11137.5
SM-VIT-RSS-ACS,7590
SM-VIT-RSS-ACS,6517.5
SM-VIT-RSS-AESS_LIC,836
SM-VIT-RSS-AESS_LIC,742.5
SM-VIT-RSS-AESS_LIC,506
SM-VIT-RSS-AESS_LIC,434.5
SM-VIT-RSS-AESS_MAINT,836
SM-VIT-RSS-AESS_MAINT,742.5
SM-VIT-RSS-AESS_MAINT,506
SM-VIT-RSS-AESS_MAINT,434.5
SM-VIT-RSS-AESS,836
SM-VIT-RSS-AESS,742.5
SM-VIT-RSS-AESS,506
SM-VIT-RSS-AESS,434.5
SM-VIT-RSS-AISS,418
SM-VIT-RSS-AISS,371.25
SM-VIT-RSS-AISS,253
SM-VIT-RSS-AISS,217.25
SM-VIT-RSS-AISS_MAINT,418
SM-VIT-RSS-AISS_MAINT,371.25
SM-VIT-RSS-AISS_MAINT,253
SM-VIT-RSS-AISS_MAINT,217.25
SM-VIT-RSS-AISS_LIC,418
SM-VIT-RSS-AISS_LIC,371.25
SM-VIT-RSS-AISS_LIC,253
SM-VIT-RSS-AISS_LIC,217.25
SM-VIT-RSS-AOBSS_LIC,418
SM-VIT-RSS-AOBSS_LIC,371.25
SM-VIT-RSS-AOBSS_LIC,253
SM-VIT-RSS-AOBSS_LIC,217.25
SM-VIT-RSS-AOBSS,418
SM-VIT-RSS-AOBSS,371.25
SM-VIT-RSS-AOBSS,253
SM-VIT-RSS-AOBSS,217.25
SM-VIT-RSS-AOBSS_MAINT,418
SM-VIT-RSS-AOBSS_MAINT,371.25
SM-VIT-RSS-AOBSS_MAINT,253
SM-VIT-RSS-AOBSS_MAINT,217.25
SM-VIT-RSS-ATS_MAINT,167.2
SM-VIT-RSS-ATS_MAINT,148.5
SM-VIT-RSS-ATS_MAINT,101.2
SM-VIT-RSS-ATS_MAINT,86.9
SM-VIT-RSS-ATS_LIC,167.2
SM-VIT-RSS-ATS_LIC,148.5
SM-VIT-RSS-ATS_LIC,101.2
SM-VIT-RSS-ATS_LIC,86.9
SM-VIT-RSS-ATS,167.2
SM-VIT-RSS-ATS,148.5
SM-VIT-RSS-ATS,101.2
SM-VIT-RSS-ATS,86.9
ES-DMP-RSL-APAOS,7600
ES-DMP-RSL-APAOS,6750
ES-DMP-RSL-APAOS,4600
ES-DMP-RSL-APAOS,3950
HRM-HRM-RSL-PIIPS,3040
HRM-HRM-RSL-PIIPS,2700
HRM-HRM-RSL-PIIPS,1840
HRM-HRM-RSL-PIIPS,1580
ES-CEP-RSL-PHISDE,7600
ES-CEP-RSL-PHISDE,6750
ES-CEP-RSL-PHISDE,4600
ES-CEP-RSL-PHISDE,3950
DP-DLP-RSL-ARCO,32.83
DP-DLP-RSL-ARCO,29.16
DP-DLP-RSL-ARCO,19.87
DP-DLP-RSL-ARCO,17.06
DP-DLP-RSL-ADRICR,8.74
DP-DLP-RSL-ADRICR,7.76
DP-DLP-RSL-ADRICR,5.29
DP-DLP-RSL-ADRICR,4.54
GS-EFA-RSSH-ARCUS,4560
GS-EFA-RSSH-ARCUS,4050
GS-EFA-RSSH-ARCUS,2760
GS-EFA-RSSH-ARCUS,2370
ES-SEG-RSS-A4ESUB_LIC,29.64
ES-SEG-RSS-A4ESUB_LIC,26.33
ES-SEG-RSS-A4ESUB_LIC,17.94
ES-SEG-RSS-A4ESUB_LIC,15.41
ES-SEG-RSS-A4ESUB_MAINT,29.64
ES-SEG-RSS-A4ESUB_MAINT,26.33
ES-SEG-RSS-A4ESUB_MAINT,17.94
ES-SEG-RSS-A4ESUB_MAINT,15.41
ES-SEG-RSS-A4ESUB,29.64
ES-SEG-RSS-A4ESUB,26.33
ES-SEG-RSS-A4ESUB,17.94
ES-SEG-RSS-A4ESUB,15.41
IGA-AAS-RSS-ACISSU,1755.6
IGA-AAS-RSS-ACISSU,1559.25
IGA-AAS-RSS-ACISSU,1062.6
IGA-AAS-RSS-ACISSU,912.45
IGA-AAS-RSS-ACISSU_MAINT,1755.6
IGA-AAS-RSS-ACISSU_MAINT,1559.25
IGA-AAS-RSS-ACISSU_MAINT,1062.6
IGA-AAS-RSS-ACISSU_MAINT,912.45
IGA-AAS-RSS-ACISSU_LIC,1755.6
IGA-AAS-RSS-ACISSU_LIC,1559.25
IGA-AAS-RSS-ACISSU_LIC,1062.6
IGA-AAS-RSS-ACISSU_LIC,912.45
HRM-HRM-RSL-ATT,1900
HRM-HRM-RSL-ATT,1687.5
HRM-HRM-RSL-ATT,1150
HRM-HRM-RSL-ATT,987.5
DP-DLP-RSS-ATPSUB_LIC,76.61
DP-DLP-RSS-ATPSUB_LIC,68.04
DP-DLP-RSS-ATPSUB_LIC,46.37
DP-DLP-RSS-ATPSUB_LIC,39.82
DP-DLP-RSS-ATPSUB,76.61
DP-DLP-RSS-ATPSUB,68.04
DP-DLP-RSS-ATPSUB,46.37
DP-DLP-RSS-ATPSUB,39.82
DP-DLP-RSS-ATPSUB_MAINT,76.61
DP-DLP-RSS-ATPSUB_MAINT,68.04
DP-DLP-RSS-ATPSUB_MAINT,46.37
DP-DLP-RSS-ATPSUB_MAINT,39.82
RPA-AUD-RSS-AFTPES,1520
RPA-AUD-RSS-AFTPES,1350
RPA-AUD-RSS-AFTPES,920
RPA-AUD-RSS-AFTPES,790
RPA-AUD-RSS-AFTPES_LIC,1520
RPA-AUD-RSS-AFTPES_LIC,1350
RPA-AUD-RSS-AFTPES_LIC,920
RPA-AUD-RSS-AFTPES_LIC,790
RPA-AUD-RSS-AFTPES_MAINT,1520
RPA-AUD-RSS-AFTPES_MAINT,1350
RPA-AUD-RSS-AFTPES_MAINT,920
RPA-AUD-RSS-AFTPES_MAINT,790
RPA-AUD-RSS-AFPS_MAINT,2921.44
RPA-AUD-RSS-AFPS_MAINT,2594.7
RPA-AUD-RSS-AFPS_MAINT,1768.24
RPA-AUD-RSS-AFPS_MAINT,1518.38
RPA-AUD-RSS-AFPS_LIC,2921.44
RPA-AUD-RSS-AFPS_LIC,2594.7
RPA-AUD-RSS-AFPS_LIC,1768.24
RPA-AUD-RSS-AFPS_LIC,1518.38
RPA-AUD-RSS-AFPS,2921.44
RPA-AUD-RSS-AFPS,2594.7
RPA-AUD-RSS-AFPS,1768.24
RPA-AUD-RSS-AFPS,1518.38
RPA-AUT-RRM-AMAORM,920
RPA-AUT-RRM-AMAORM,790
RPA-AUT-RSS-APMDP_LIC,88160
RPA-AUT-RSS-APMDP_LIC,78300
RPA-AUT-RSS-APMDP_LIC,53360
RPA-AUT-RSS-APMDP_LIC,45820
RPA-AUT-RSS-APMDP_MAINT,88160
RPA-AUT-RSS-APMDP_MAINT,78300
RPA-AUT-RSS-APMDP_MAINT,53360
RPA-AUT-RSS-APMDP_MAINT,45820
RPA-AUT-RSS-APMDP,88160
RPA-AUT-RSS-APMDP,78300
RPA-AUT-RSS-APMDP,53360
RPA-AUT-RSS-APMDP,45820
RPA-AUD-RSS-AUPS,3648
RPA-AUD-RSS-AUPS,3240
RPA-AUD-RSS-AUPS,2208
RPA-AUD-RSS-AUPS,1896
RPA-AUD-RSS-AUPS_LIC,3648
RPA-AUD-RSS-AUPS_LIC,3240
RPA-AUD-RSS-AUPS_LIC,2208
RPA-AUD-RSS-AUPS_LIC,1896
RPA-AUD-RSS-AUPS_MAINT,3648
RPA-AUD-RSS-AUPS_MAINT,3240
RPA-AUD-RSS-AUPS_MAINT,2208
RPA-AUD-RSS-AUPS_MAINT,1896
DM-WCU-RSS-BIUS,1316.7
DM-WCU-RSS-BIUS,1169.44
DM-WCU-RSS-BIUS,796.95
DM-WCU-RSS-BIUS,684.34
DM-WCU-RSS-BIUS_LIC,1316.7
DM-WCU-RSS-BIUS_LIC,1169.44
DM-WCU-RSS-BIUS_LIC,796.95
DM-WCU-RSS-BIUS_LIC,684.34
DM-WCU-RSS-BIUS_MAINT,1316.7
DM-WCU-RSS-BIUS_MAINT,1169.44
DM-WCU-RSS-BIUS_MAINT,796.95
DM-WCU-RSS-BIUS_MAINT,684.34
DM-IRM-RSS-BRSS_LIC,4827.9
DM-IRM-RSS-BRSS_LIC,4287.94
DM-IRM-RSS-BRSS_LIC,2922.15
DM-IRM-RSS-BRSS_LIC,2509.24
DM-IRM-RSS-BRSS_MAINT,4827.9
DM-IRM-RSS-BRSS_MAINT,4287.94
DM-IRM-RSS-BRSS_MAINT,2922.15
DM-IRM-RSS-BRSS_MAINT,2509.24
DM-IRM-RSS-BRSS,4827.9
DM-IRM-RSS-BRSS,4287.94
DM-IRM-RSS-BRSS,2922.15
DM-IRM-RSS-BRSS,2509.24
ES-DMP-RMS-BECE,7600
ES-DMP-RMS-BECE,6750
ES-DMP-RMS-BECE,4600
ES-DMP-RMS-BECE,3950
ES-SEA-RSL-B1IAAB,54.04
ES-SEA-RSL-B1IAAB,47.99
ES-SEA-RSL-B1IAAB,32.71
ES-SEA-RSL-B1IAAB,28.08
GS-GSE-RSS-SCHEYE_MAINT,4750
GS-GSE-RSS-SCHEYE_MAINT,4218.75
GS-GSE-RSS-SCHEYE_MAINT,2875
GS-GSE-RSS-SCHEYE_MAINT,2468.75
GS-GSE-RSS-SCHEYE_LIC,4750
GS-GSE-RSS-SCHEYE_LIC,4218.75
GS-GSE-RSS-SCHEYE_LIC,2875
GS-GSE-RSS-SCHEYE_LIC,2468.75
GS-GSE-RSS-SCHEYE,4750
GS-GSE-RSS-SCHEYE,4218.75
GS-GSE-RSS-SCHEYE,2875
GS-GSE-RSS-SCHEYE,2468.75
DP-SC-RSL-SDKR,76000
DP-SC-RSL-SDKR,67500
DP-SC-RSL-SDKR,46000
DP-SC-RSL-SDKR,39500
DP-SC-RSL-SCPIUT,38000
DP-SC-RSL-SCPIUT,33750
DP-SC-RSL-SCPIUT,23000
DP-SC-RSL-SCPIUT,19750
ES-SEG-RSS-SEGS_LIC,2280
ES-SEG-RSS-SEGS_LIC,2025
ES-SEG-RSS-SEGS_LIC,1380
ES-SEG-RSS-SEGS_LIC,1185
ES-SEG-RSS-SEGS,2280
ES-SEG-RSS-SEGS,2025
CDP-CSB-RSL-CASBSN,76
CDP-CSB-RSL-CASBSN,67.5
CDP-CSB-RSL-CASBSN,46
CDP-CSB-RSL-CASBSN,39.5
CDP-CSB-RSL-CASBSI,21.28
CDP-CSB-RSL-CASBSI,18.9
CDP-CSB-RSL-CASBSI,12.88
CDP-CSB-RSL-CASBSI,11.06
CDP-CSB-RSL-CASBSF,76
CDP-CSB-RSL-CASBSF,67.5
CDP-CSB-RSL-CASBSF,46
CDP-CSB-RSL-CASBSF,39.5
FIM-FIM-RSS-CCMNDS_LIC,141.36
FIM-FIM-RSS-CCMNDS_LIC,125.55
FIM-FIM-RSS-CCMNDS_LIC,85.56
FIM-FIM-RSS-CCMNDS_LIC,73.47
FIM-FIM-RSS-CCMNDS_MAINT,141.36
FIM-FIM-RSS-CCMNDS_MAINT,125.55
FIM-FIM-RSS-CCMNDS_MAINT,85.56
FIM-FIM-RSS-CCMNDS_MAINT,73.47
FIM-FIM-RSS-CCMNDS,141.36
FIM-FIM-RSS-CCMNDS,125.55
FIM-FIM-RSS-CCMNDS,85.56
FIM-FIM-RSS-CCMNDS,73.47
FIM-FIM-RSS-CCMSES_MAINT,188.48
FIM-FIM-RSS-CCMSES_MAINT,167.4
FIM-FIM-RSS-CCMSES_MAINT,114.08
FIM-FIM-RSS-CCMSES_MAINT,97.96
FIM-FIM-RSS-CCMSES_LIC,188.48
FIM-FIM-RSS-CCMSES_LIC,167.4
FIM-FIM-RSS-CCMSES_LIC,114.08
FIM-FIM-RSS-CCMSES_LIC,97.96
FIM-FIM-RSS-CCMSES,188.48
FIM-FIM-RSS-CCMSES,167.4
FIM-FIM-RSS-CCMSES,114.08
FIM-FIM-RSS-CCMSES,97.96
FIM-FIM-RSS-CCMSFO_LIC,72.96
FIM-FIM-RSS-CCMSFO_LIC,64.8
FIM-FIM-RSS-CCMSFO_LIC,44.16
FIM-FIM-RSS-CCMSFO_LIC,37.92
FIM-FIM-RSS-CCMSFO,72.96
FIM-FIM-RSS-CCMSFO,64.8
FIM-FIM-RSS-CCMSFO,44.16
FIM-FIM-RSS-CCMSFO,37.92
FIM-FIM-RSS-CCMSFO_MAINT,72.96
FIM-FIM-RSS-CCMSFO_MAINT,64.8
FIM-FIM-RSS-CCMSFO_MAINT,44.16
FIM-FIM-RSS-CCMSFO_MAINT,37.92
FIM-FIM-RSS-CCMSID_MAINT,34.96
FIM-FIM-RSS-CCMSID_MAINT,31.05
FIM-FIM-RSS-CCMSID_MAINT,21.16
FIM-FIM-RSS-CCMSID_MAINT,18.17
FIM-FIM-RSS-CCMSID,34.96
FIM-FIM-RSS-CCMSID,31.05
FIM-FIM-RSS-CCMSID,21.16
FIM-FIM-RSS-CCMSID,18.17
FIM-FIM-RSS-CCMSID_LIC,34.96
FIM-FIM-RSS-CCMSID_LIC,31.05
FIM-FIM-RSS-CCMSID_LIC,21.16
FIM-FIM-RSS-CCMSID_LIC,18.17
FIM-FIM-RSS-CCMSPD_LIC,15.2
FIM-FIM-RSS-CCMSPD_LIC,13.5
FIM-FIM-RSS-CCMSPD_LIC,9.2
FIM-FIM-RSS-CCMSPD_LIC,7.9
FIM-FIM-RSS-CCMSPD_MAINT,15.2
FIM-FIM-RSS-CCMSPD_MAINT,13.5
FIM-FIM-RSS-CCMSPD_MAINT,9.2
FIM-FIM-RSS-CCMSPD_MAINT,7.9
FIM-FIM-RSS-CCMSPD,15.2
FIM-FIM-RSS-CCMSPD,13.5
FIM-FIM-RSS-CCMSPD,9.2
FIM-FIM-RSS-CCMSPD,7.9
FIM-FIM-RSS-CCMWOS,63.84
FIM-FIM-RSS-CCMWOS,56.7
FIM-FIM-RSS-CCMWOS,38.64
FIM-FIM-RSS-CCMWOS,33.18
FIM-FIM-RSS-CCMWOS_MAINT,63.84
FIM-FIM-RSS-CCMWOS_MAINT,56.7
FIM-FIM-RSS-CCMWOS_MAINT,38.64
FIM-FIM-RSS-CCMWOS_MAINT,33.18
FIM-FIM-RSS-CCMWOS_LIC,63.84
FIM-FIM-RSS-CCMWOS_LIC,56.7
FIM-FIM-RSS-CCMWOS_LIC,38.64
FIM-FIM-RSS-CCMWOS_LIC,33.18
FIM-FIM-RSS-CCMWFO_MAINT,25.84
FIM-FIM-RSS-CCMWFO_MAINT,22.95
FIM-FIM-RSS-CCMWFO_MAINT,15.64
FIM-FIM-RSS-CCMWFO_MAINT,13.43
FIM-FIM-RSS-CCMWFO_LIC,25.84
FIM-FIM-RSS-CCMWFO_LIC,22.95
FIM-FIM-RSS-CCMWFO_LIC,15.64
FIM-FIM-RSS-CCMWFO_LIC,13.43
FIM-FIM-RSS-CCMWFO,25.84
FIM-FIM-RSS-CCMWFO,22.95
FIM-FIM-RSS-CCMWFO,15.64
FIM-FIM-RSS-CCMWFO,13.43
FIM-FIM-RSS-CCMLIS_LIC,11308.8
FIM-FIM-RSS-CCMLIS_LIC,10044
FIM-FIM-RSS-CCMLIS_LIC,6844.8
FIM-FIM-RSS-CCMLIS_LIC,5877.6
FIM-FIM-RSS-CCMLIS_MAINT,11308.8
FIM-FIM-RSS-CCMLIS_MAINT,10044
FIM-FIM-RSS-CCMLIS_MAINT,6844.8
FIM-FIM-RSS-CCMLIS_MAINT,5877.6
FIM-FIM-RSS-CCMLIS,11308.8
FIM-FIM-RSS-CCMLIS,10044
FIM-FIM-RSS-CCMLIS,6844.8
FIM-FIM-RSS-CCMLIS,5877.6
FIM-FIM-RSS-CCMMSS,32740.8
FIM-FIM-RSS-CCMMSS,29079
FIM-FIM-RSS-CCMMSS,19816.8
FIM-FIM-RSS-CCMMSS,17016.6
FIM-FIM-RSS-CCMMSS_MAINT,32740.8
FIM-FIM-RSS-CCMMSS_MAINT,29079
FIM-FIM-RSS-CCMMSS_MAINT,19816.8
FIM-FIM-RSS-CCMMSS_MAINT,17016.6
FIM-FIM-RSS-CCMMSS_LIC,32740.8
FIM-FIM-RSS-CCMMSS_LIC,29079
FIM-FIM-RSS-CCMMSS_LIC,19816.8
FIM-FIM-RSS-CCMMSS_LIC,17016.6
FIM-FIM-RSS-CCMMSF_MAINT,25262.4
FIM-FIM-RSS-CCMMSF_MAINT,22437
FIM-FIM-RSS-CCMMSF_MAINT,15290.4
FIM-FIM-RSS-CCMMSF_MAINT,13129.8
FIM-FIM-RSS-CCMMSF_LIC,25262.4
FIM-FIM-RSS-CCMMSF_LIC,22437
FIM-FIM-RSS-CCMMSF_LIC,15290.4
FIM-FIM-RSS-CCMMSF_LIC,13129.8
FIM-FIM-RSS-CCMMSF,25262.4
FIM-FIM-RSS-CCMMSF,22437
FIM-FIM-RSS-CCMMSF,15290.4
FIM-FIM-RSS-CCMMSF,13129.8
FIM-FIM-RSS-CCMWLS_LIC,1360.4
FIM-FIM-RSS-CCMWLS_LIC,1208.25
FIM-FIM-RSS-CCMWLS_LIC,823.4
FIM-FIM-RSS-CCMWLS_LIC,707.05
FIM-FIM-RSS-CCMWLS_MAINT,1360.4
FIM-FIM-RSS-CCMWLS_MAINT,1208.25
FIM-FIM-RSS-CCMWLS_MAINT,823.4
FIM-FIM-RSS-CCMWLS_MAINT,707.05
FIM-FIM-RSS-CCMWLS,1360.4
FIM-FIM-RSS-CCMWLS,1208.25
FIM-FIM-RSS-CCMWLS,823.4
FIM-FIM-RSS-CCMWLS,707.05
FIM-FIM-RSS-CCMWIN,3556.8
FIM-FIM-RSS-CCMWIN,3159
FIM-FIM-RSS-CCMWIN,2152.8
FIM-FIM-RSS-CCMWIN,1848.6
FIM-FIM-RSS-CCMWIN_LIC,3556.8
FIM-FIM-RSS-CCMWIN_LIC,3159
FIM-FIM-RSS-CCMWIN_LIC,2152.8
FIM-FIM-RSS-CCMWIN_LIC,1848.6
FIM-FIM-RSS-CCMWIN_MAINT,3556.8
FIM-FIM-RSS-CCMWIN_MAINT,3159
FIM-FIM-RSS-CCMWIN_MAINT,2152.8
FIM-FIM-RSS-CCMWIN_MAINT,1848.6
FIM-FIM-RSS-CCMWSE_MAINT,3556.8
FIM-FIM-RSS-CCMWSE_MAINT,3159
FIM-FIM-RSS-CCMWSE_MAINT,2152.8
FIM-FIM-RSS-CCMWSE_MAINT,1848.6
FIM-FIM-RSS-CCMWSE,3556.8
FIM-FIM-RSS-CCMWSE,3159
FIM-FIM-RSS-CCMWSE,2152.8
FIM-FIM-RSS-CCMWSE,1848.6
FIM-FIM-RSS-CCMWSE_LIC,3556.8
FIM-FIM-RSS-CCMWSE_LIC,3159
FIM-FIM-RSS-CCMWSE_LIC,2152.8
FIM-FIM-RSS-CCMWSE_LIC,1848.6
SM-ROT-RSS-CDBSUB,1524.64
SM-ROT-RSS-CDBSUB,1354.12
SM-ROT-RSS-CDBSUB,922.81
SM-ROT-RSS-CDBSUB,792.41
SM-ROT-RSS-CDBSUB_MAINT,1524.64
SM-ROT-RSS-CDBSUB_MAINT,1354.12
SM-ROT-RSS-CDBSUB_MAINT,922.81
SM-ROT-RSS-CDBSUB_MAINT,792.41
SM-ROT-RSS-CDBSUB_LIC,1524.64
SM-ROT-RSS-CDBSUB_LIC,1354.12
SM-ROT-RSS-CDBSUB_LIC,922.81
SM-ROT-RSS-CDBSUB_LIC,792.41
ES-SEG-NRPS-CSEGKP,71.85
ES-SEG-NRPS-CSEGKP,63.81
ES-SEG-NRPS-CSEGKP,43.49
ES-SEG-NRPS-CSEGKP,37.34
HRM-HRM-RSL-CLSAAS,3313.6
HRM-HRM-RSL-CLSAAS,2943
HRM-HRM-RSL-CLSAAS,2005.6
HRM-HRM-RSL-CLSAAS,1722.2
HRM-HRM-RSL-CLSACH,1822.18
HRM-HRM-RSL-CLSACH,1618.38
HRM-HRM-RSL-CLSACH,1102.9
HRM-HRM-RSL-CLSACH,947.05
HRM-HRM-RSL-CCHOPS,760
HRM-HRM-RSL-CCHOPS,675
HRM-HRM-RSL-CCHOPS,460
HRM-HRM-RSL-CCHOPS,395
ES-CEP-RSL-CEPS,3800
ES-CEP-RSL-CEPS,3375
ES-CEP-RSL-CEPS,2300
ES-CEP-RSL-CEPS,1975
CDP-CSB-RSL-CSPMS,15200
CDP-CSB-RSL-CSPMS,13500
CDP-CSB-RSL-CSPMS,9200
CDP-CSB-RSL-CSPMS,7900
OS-COS-NRPS-COBSTR,31160
OS-COS-NRPS-COBSTR,27675
OS-COS-NRPS-COBSTR,18860
OS-COS-NRPS-COBSTR,16195
DP-DLP-RSS-COMPLI,59.64
DP-DLP-RSS-COMPLI,52.97
DP-DLP-RSS-COMPLI,36.1
DP-DLP-RSS-COMPLI,31
DP-DLP-RSS-COMPLI_MAINT,59.64
DP-DLP-RSS-COMPLI_MAINT,52.97
DP-DLP-RSS-COMPLI_MAINT,36.1
DP-DLP-RSS-COMPLI_MAINT,31
DP-DLP-RSS-COMPLI_LIC,59.64
DP-DLP-RSS-COMPLI_LIC,52.97
DP-DLP-RSS-COMPLI_LIC,36.1
DP-DLP-RSS-COMPLI_LIC,31
IGA-AAS-RSS-CCFRS,21945.76
IGA-AAS-RSS-CCFRS,19491.3
IGA-AAS-RSS-CCFRS,13282.96
IGA-AAS-RSS-CCFRS,11406.02
IGA-AAS-RSS-CCFRS_LIC,21945.76
IGA-AAS-RSS-CCFRS_LIC,19491.3
IGA-AAS-RSS-CCFRS_LIC,13282.96
IGA-AAS-RSS-CCFRS_LIC,11406.02
IGA-AAS-RSS-CCFRS_MAINT,21945.76
IGA-AAS-RSS-CCFRS_MAINT,19491.3
IGA-AAS-RSS-CCFRS_MAINT,13282.96
IGA-AAS-RSS-CCFRS_MAINT,11406.02
IGA-AAS-RSS-CCLS_LIC,21945.76
IGA-AAS-RSS-CCLS_LIC,19491.3
IGA-AAS-RSS-CCLS_LIC,13282.96
IGA-AAS-RSS-CCLS_LIC,11406.02
IGA-AAS-RSS-CCLS_MAINT,21945.76
IGA-AAS-RSS-CCLS_MAINT,19491.3
IGA-AAS-RSS-CCLS_MAINT,13282.96
IGA-AAS-RSS-CCLS_MAINT,11406.02
IGA-AAS-RSS-CCLS,21945.76
IGA-AAS-RSS-CCLS,19491.3
IGA-AAS-RSS-CCLS,13282.96
IGA-AAS-RSS-CCLS,11406.02
IGA-AAS-RSP-CIROS,209760
IGA-AAS-RSP-CIROS,186300
IGA-AAS-RSP-CIROS,126960
IGA-AAS-RSP-CIROS,109020
OS-CI-RSS-CIS_MAINT,560.88
OS-CI-RSS-CIS_MAINT,498.15
OS-CI-RSS-CIS_MAINT,339.48
OS-CI-RSS-CIS_MAINT,291.51
OS-CI-RSS-CIS_LIC,560.88
OS-CI-RSS-CIS_LIC,498.15
OS-CI-RSS-CIS_LIC,339.48
OS-CI-RSS-CIS_LIC,291.51
OS-CI-RSS-CIS,560.88
OS-CI-RSS-CIS,498.15
OS-CI-RSS-CIS,339.48
OS-CI-RSS-CIS,291.51
OS-CI-RRM-OFFERE,0.18
OS-CI-RRM-OFFERE,0.16
IGA-VIS-RSS-CRDS_MAINT,19.15
IGA-VIS-RSS-CRDS_MAINT,17.01
IGA-VIS-RSS-CRDS_MAINT,11.59
IGA-VIS-RSS-CRDS_MAINT,9.95
IGA-VIS-RSS-CRDS_LIC,19.15
IGA-VIS-RSS-CRDS_LIC,17.01
IGA-VIS-RSS-CRDS_LIC,11.59
IGA-VIS-RSS-CRDS_LIC,9.95
IGA-VIS-RSS-CRDS,19.15
IGA-VIS-RSS-CRDS,17.01
IGA-VIS-RSS-CRDS,11.59
IGA-VIS-RSS-CRDS,9.95
OS-COS-NRST-CIICS,1292
OS-COS-NRST-CIICS,1147.5
OS-COS-NRST-CIICS,782
OS-COS-NRST-CIICS,671.5
OS-COS-NRST-CIC1S,912
OS-COS-NRST-CIC1S,810
OS-COS-NRST-CIC1S,552
OS-COS-NRST-CIC1S,474
OS-COS-NRST-CIC2S,532
OS-COS-NRST-CIC2S,472.5
OS-COS-NRST-CIC2S,322
OS-COS-NRST-CIC2S,276.5
DM-IRC-RSS-CSVCSU,1839.2
DM-IRC-RSS-CSVCSU,1633.5
DM-IRC-RSS-CSVCSU,1113.2
DM-IRC-RSS-CSVCSU,955.9
DM-IRC-RSS-CSVCSU_LIC,1839.2
DM-IRC-RSS-CSVCSU_LIC,1633.5
DM-IRC-RSS-CSVCSU_LIC,1113.2
DM-IRC-RSS-CSVCSU_LIC,955.9
DM-IRC-RSS-CSVCSU_MAINT,1839.2
DM-IRC-RSS-CSVCSU_MAINT,1633.5
DM-IRC-RSS-CSVCSU_MAINT,1113.2
DM-IRC-RSS-CSVCSU_MAINT,955.9
DP-DC-RSP-DCS,380
DP-DC-RSP-DCS,337.5
DP-DC-RSP-DCS,230
DP-DC-RSP-DCS,197.5
DP-DLP-RRM-DPRM,0.3
DP-DLP-RRM-DPRM,0.27
DP-DLP-RRM-DPRM,0.18
DP-DLP-RRM-DPRM,0.16
DP-DLP-RSL-DPPS,18.39
DP-DLP-RSL-DPPS,16.34
DP-DLP-RSL-DPPS,11.13
DP-DLP-RSL-DPPS,9.56
DM-IBM-RSS-DATASU_MAINT,1755.6
DM-IBM-RSS-DATASU_MAINT,1559.25
DM-IBM-RSS-DATASU_MAINT,1062.6
DM-IBM-RSS-DATASU_MAINT,912.45
DM-IBM-RSS-DATASU_LIC,1755.6
DM-IBM-RSS-DATASU_LIC,1559.25
DM-IBM-RSS-DATASU_LIC,1062.6
DM-IBM-RSS-DATASU_LIC,912.45
DM-IBM-RSS-DATASU,1755.6
DM-IBM-RSS-DATASU,1559.25
DM-IBM-RSS-DATASU,1062.6
DM-IBM-RSS-DATASU,912.45
,94.24
,83.7
,57.04
,48.98
DP-DC-RSS-DCSPLS_MAINT,63.84
DP-DC-RSS-DCSPLS_MAINT,56.7
DP-DC-RSS-DCSPLS_MAINT,38.64
DP-DC-RSS-DCSPLS_MAINT,33.18
DP-DC-RSS-DCSPLS_LIC,63.84
DP-DC-RSS-DCSPLS_LIC,56.7
DP-DC-RSS-DCSPLS_LIC,38.64
DP-DC-RSS-DCSPLS_LIC,33.18
DP-DC-RSS-DCSPLS,63.84
DP-DC-RSS-DCSPLS,56.7
DP-DC-RSS-DCSPLS,38.64
DP-DC-RSS-DCSPLS,33.18
DP-DC-RSL-DPMDSS,4560
DP-DC-RSL-DPMDSS,4050
DP-DC-RSL-DPMDSS,2760
DP-DC-RSL-DPMDSS,2370
DM-DLN-RSS-DELIBA,5016
DM-DLN-RSS-DELIBA,4455
DM-DLN-RSS-DELIBA,3036
DM-DLN-RSS-DELIBA,2607
DM-DLN-RSS-DELIBA_LIC,5016
DM-DLN-RSS-DELIBA_LIC,4455
DM-DLN-RSS-DELIBA_LIC,3036
DM-DLN-RSS-DELIBA_LIC,2607
DM-DLN-RSS-DELIBA_MAINT,5016
DM-DLN-RSS-DELIBA_MAINT,4455
DM-DLN-RSS-DELIBA_MAINT,3036
DM-DLN-RSS-DELIBA_MAINT,2607
DM-DLN-RSS-DELIIS_LIC,1881
DM-DLN-RSS-DELIIS_LIC,1670.63
DM-DLN-RSS-DELIIS_LIC,1138.5
DM-DLN-RSS-DELIIS_LIC,977.63
DM-DLN-RSS-DELIIS_MAINT,1881
DM-DLN-RSS-DELIIS_MAINT,1670.63
DM-DLN-RSS-DELIIS_MAINT,1138.5
DM-DLN-RSS-DELIIS_MAINT,977.63
DM-DLN-RSS-DELIIS,1881
DM-DLN-RSS-DELIIS,1670.63
DM-DLN-RSS-DELIIS,1138.5
DM-DLN-RSS-DELIIS,977.63
DM-DLN-RSS-DELISH_MAINT,877.8
DM-DLN-RSS-DELISH_MAINT,779.63
DM-DLN-RSS-DELISH_MAINT,531.3
DM-DLN-RSS-DELISH_MAINT,456.23
DM-DLN-RSS-DELISH,877.8
DM-DLN-RSS-DELISH,779.63
DM-DLN-RSS-DELISH,531.3
DM-DLN-RSS-DELISH,456.23
DM-DLN-RSS-DELISH_LIC,877.8
DM-DLN-RSS-DELISH_LIC,779.63
DM-DLN-RSS-DELISH_LIC,531.3
DM-DLN-RSS-DELISH_LIC,456.23
DM-DLN-RSS-DELIWM,1881
DM-DLN-RSS-DELIWM,1670.63
DM-DLN-RSS-DELIWM,1138.5
DM-DLN-RSS-DELIWM,977.63
DM-DLN-RSS-DELIWM_MAINT,1881
DM-DLN-RSS-DELIWM_MAINT,1670.63
DM-DLN-RSS-DELIWM_MAINT,1138.5
DM-DLN-RSS-DELIWM_MAINT,977.63
DM-DLN-RSS-DELIWM_LIC,1881
DM-DLN-RSS-DELIWM_LIC,1670.63
DM-DLN-RSS-DELIWM_LIC,1138.5
DM-DLN-RSS-DELIWM_LIC,977.63
BI-DB-RSS-DEPLSU_MAINT,20699.36
BI-DB-RSS-DEPLSU_MAINT,18384.3
BI-DB-RSS-DEPLSU_MAINT,12528.56
BI-DB-RSS-DEPLSU_MAINT,10758.22
BI-DB-RSS-DEPLSU,20699.36
BI-DB-RSS-DEPLSU,18384.3
BI-DB-RSS-DEPLSU,12528.56
BI-DB-RSS-DEPLSU,10758.22
BI-DB-RSS-DEPLSU_LIC,20699.36
BI-DB-RSS-DEPLSU_LIC,18384.3
BI-DB-RSS-DEPLSU_LIC,12528.56
BI-DB-RSS-DEPLSU_LIC,10758.22
FIM-FIM-RSS-DP700S,5244
FIM-FIM-RSS-DP700S,4657.5
FIM-FIM-RSS-DP700S,3174
FIM-FIM-RSS-DP700S,2725.5
FIM-FIM-RSS-DP700S_LIC,5244
FIM-FIM-RSS-DP700S_LIC,4657.5
FIM-FIM-RSS-DP700S_LIC,3174
FIM-FIM-RSS-DP700S_LIC,2725.5
FIM-FIM-RSS-DP700S_MAINT,5244
FIM-FIM-RSS-DP700S_MAINT,4657.5
FIM-FIM-RSS-DP700S_MAINT,3174
FIM-FIM-RSS-DP700S_MAINT,2725.5
FIM-FIM-RSS-DPESUB_MAINT,3556.8
FIM-FIM-RSS-DPESUB_MAINT,3159
FIM-FIM-RSS-DPESUB_MAINT,2152.8
FIM-FIM-RSS-DPESUB_MAINT,1848.6
FIM-FIM-RSS-DPESUB_LIC,3556.8
FIM-FIM-RSS-DPESUB_LIC,3159
FIM-FIM-RSS-DPESUB_LIC,2152.8
FIM-FIM-RSS-DPESUB_LIC,1848.6
FIM-FIM-RSS-DPESUB,3556.8
FIM-FIM-RSS-DPESUB,3159
FIM-FIM-RSS-DPESUB,2152.8
FIM-FIM-RSS-DPESUB,1848.6
FIM-FIM-RRM-DPEREN,951.14
FIM-FIM-RSS-DPEEXS,494
FIM-FIM-RSS-DPEEXS,438.75
FIM-FIM-RSS-DPEEXS,299
FIM-FIM-RSS-DPEEXS,256.75
FIM-FIM-RSS-DPEEXS_LIC,494
FIM-FIM-RSS-DPEEXS_LIC,438.75
FIM-FIM-RSS-DPEEXS_LIC,299
FIM-FIM-RSS-DPEEXS_LIC,256.75
FIM-FIM-RSS-DPEEXS_MAINT,494
FIM-FIM-RSS-DPEEXS_MAINT,438.75
FIM-FIM-RSS-DPEEXS_MAINT,299
FIM-FIM-RSS-DPEEXS_MAINT,256.75
FIM-FIM-RSS-DPELIS_LIC,1360.4
FIM-FIM-RSS-DPELIS_LIC,1208.25
FIM-FIM-RSS-DPELIS_LIC,823.4
FIM-FIM-RSS-DPELIS_LIC,707.05
FIM-FIM-RSS-DPELIS,1360.4
FIM-FIM-RSS-DPELIS,1208.25
FIM-FIM-RSS-DPELIS,823.4
FIM-FIM-RSS-DPELIS,707.05
FIM-FIM-RSS-DPELIS_MAINT,1360.4
FIM-FIM-RSS-DPELIS_MAINT,1208.25
FIM-FIM-RSS-DPELIS_MAINT,823.4
FIM-FIM-RSS-DPELIS_MAINT,707.05
DP-DLP-RSS-DGDMCS,50464
DP-DLP-RSS-DGDMCS,44820
DP-DLP-RSS-DGDMCS,30544
DP-DLP-RSS-DGDMCS,26228
DP-DLP-RSS-DGDMCS_LIC,50464
DP-DLP-RSS-DGDMCS_LIC,44820
DP-DLP-RSS-DGDMCS_LIC,30544
DP-DLP-RSS-DGDMCS_LIC,26228
DP-DLP-RSS-DGDMCS_MAINT,50464
DP-DLP-RSS-DGDMCS_MAINT,44820
DP-DLP-RSS-DGDMCS_MAINT,30544
DP-DLP-RSS-DGDMCS_MAINT,26228
DP-DLP-RSL-DGDSSE,5.02
DP-DLP-RSL-DGDSSE,4.46
DP-DLP-RSL-DGDSSE,3.04
DP-DLP-RSL-DGDSSE,2.61
DP-DLP-RSL-DGDSSU,2.43
DP-DLP-RSL-DGDSSU,2.16
DP-DLP-RSL-DGDSSU,1.47
DP-DLP-RSL-DGDSSU,1.26
DM-DA-RSS-DAAS_LIC,1.52
DM-DA-RSS-DAAS_LIC,1.35
DM-DA-RSS-DAAS_LIC,0.92
DM-DA-RSS-DAAS_LIC,0.79
DM-DA-RSS-DAAS,1.52
DM-DA-RSS-DAAS,1.35
DM-DA-RSS-DAAS,0.92
DM-DA-RSS-DAAS,0.79
DM-DA-RSS-DAAS_MAINT,1.52
DM-DA-RSS-DAAS_MAINT,1.35
DM-DA-RSS-DAAS_MAINT,0.92
DM-DA-RSS-DAAS_MAINT,0.79
DM-IRM-RSS-DRSSUB_MAINT,6270
DM-IRM-RSS-DRSSUB_MAINT,5568.75
DM-IRM-RSS-DRSSUB_MAINT,3795
DM-IRM-RSS-DRSSUB_MAINT,3258.75
DM-IRM-RSS-DRSSUB,6270
DM-IRM-RSS-DRSSUB,5568.75
DM-IRM-RSS-DRSSUB,3795
DM-IRM-RSS-DRSSUB,3258.75
DM-IRM-RSS-DRSSUB_LIC,6270
DM-IRM-RSS-DRSSUB_LIC,5568.75
DM-IRM-RSS-DRSSUB_LIC,3795
DM-IRM-RSS-DRSSUB_LIC,3258.75
,114
,101.25
,69
,59.25
,103.36
,91.8
,62.56
,53.72
CDP-DPM-RSL-DSPMH,7600
CDP-DPM-RSL-DSPMH,6750
CDP-DPM-RSL-DSPMH,4600
CDP-DPM-RSL-DSPMH,3950
CDP-DPM-RSL-DSHDDS,7600
CDP-DPM-RSL-DSHDDS,6750
CDP-DPM-RSL-DSHDDS,4600
CDP-DPM-RSL-DSHDDS,3950
VM-DDL-RSL-DSMFAL,109.44
VM-DDL-RSL-DSMFAL,97.2
VM-DDL-RSL-DSMFAL,66.24
VM-DDL-RSL-DSMFAL,56.88
DP-DLP-RSS-DVCSUB_MAINT,140.45
DP-DLP-RSS-DVCSUB_MAINT,124.74
DP-DLP-RSS-DVCSUB_MAINT,85.01
DP-DLP-RSS-DVCSUB_MAINT,73
DP-DLP-RSS-DVCSUB,140.45
DP-DLP-RSS-DVCSUB,124.74
DP-DLP-RSS-DVCSUB,85.01
DP-DLP-RSS-DVCSUB,73
DP-DLP-RSS-DVCSUB_LIC,140.45
DP-DLP-RSS-DVCSUB_LIC,124.74
DP-DLP-RSS-DVCSUB_LIC,85.01
DP-DLP-RSS-DVCSUB_LIC,73
DP-DLP-RSS-EDRS,93.39
DP-DLP-RSS-EDRS,82.94
DP-DLP-RSS-EDRS,56.52
DP-DLP-RSS-EDRS,48.54
DP-DLP-RSS-EDRS_MAINT,93.39
DP-DLP-RSS-EDRS_MAINT,82.94
DP-DLP-RSS-EDRS_MAINT,56.52
DP-DLP-RSS-EDRS_MAINT,48.54
DP-DLP-RSS-EDRS_LIC,93.39
DP-DLP-RSS-EDRS_LIC,82.94
DP-DLP-RSS-EDRS_LIC,56.52
DP-DLP-RSS-EDRS_LIC,48.54
GS-GSE-RSS-EBPS,4180
GS-GSE-RSS-EBPS,3712.5
GS-GSE-RSS-EBPS,2530
GS-GSE-RSS-EBPS,2172.5
GS-GSE-RSS-EBPS_MAINT,4180
GS-GSE-RSS-EBPS_MAINT,3712.5
GS-GSE-RSS-EBPS_MAINT,2530
GS-GSE-RSS-EBPS_MAINT,2172.5
GS-GSE-RSS-EBPS_LIC,4180
GS-GSE-RSS-EBPS_LIC,3712.5
GS-GSE-RSS-EBPS_LIC,2530
GS-GSE-RSS-EBPS_LIC,2172.5
GS-GSE-RSS-EBAS,8360
GS-GSE-RSS-EBAS,7425
GS-GSE-RSS-EBAS,5060
GS-GSE-RSS-EBAS,4345
GS-GSE-RSS-EBAS_MAINT,8360
GS-GSE-RSS-EBAS_MAINT,7425
GS-GSE-RSS-EBAS_MAINT,5060
GS-GSE-RSS-EBAS_MAINT,4345
GS-GSE-RSS-EBAS_LIC,8360
GS-GSE-RSS-EBAS_LIC,7425
GS-GSE-RSS-EBAS_LIC,5060
GS-GSE-RSS-EBAS_LIC,4345
GS-GSE-RSS-ERAS_MAINT,3360.72
GS-GSE-RSS-ERAS_MAINT,2984.85
GS-GSE-RSS-ERAS_MAINT,2034.12
GS-GSE-RSS-ERAS_MAINT,1746.69
GS-GSE-RSS-ERAS_LIC,3360.72
GS-GSE-RSS-ERAS_LIC,2984.85
GS-GSE-RSS-ERAS_LIC,2034.12
GS-GSE-RSS-ERAS_LIC,1746.69
GS-GSE-RSS-ERAS,3360.72
GS-GSE-RSS-ERAS,2984.85
GS-GSE-RSS-ERAS,2034.12
GS-GSE-RSS-ERAS,1746.69
ES-SEG-RRM-ESRM,0.16
ES-ESO-RMS-ETIS,6080
ES-ESO-RMS-ETIS,5400
ES-ESO-RMS-ETIS,3680
ES-ESO-RMS-ETIS,3160
DP-DLP-RSS-EDS,22.8
DP-DLP-RSS-EDS,20.25
DP-DLP-RSS-EDS,13.8
DP-DLP-RSS-EDS,11.85
DP-DLP-RSS-EDS_LIC,22.8
DP-DLP-RSS-EDS_LIC,20.25
DP-DLP-RSS-EDS_LIC,13.8
DP-DLP-RSS-EDS_LIC,11.85
DP-DLP-RSS-EDS_MAINT,22.8
DP-DLP-RSS-EDS_MAINT,20.25
DP-DLP-RSS-EDS_MAINT,13.8
DP-DLP-RSS-EDS_MAINT,11.85
BI-ESN-RSS-ENUS_LIC,209.76
BI-ESN-RSS-ENUS_LIC,186.3
BI-ESN-RSS-ENUS_LIC,126.96
BI-ESN-RSS-ENUS_LIC,109.02
BI-ESN-RSS-ENUS,209.76
BI-ESN-RSS-ENUS,186.3
BI-ESN-RSS-ENUS,126.96
BI-ESN-RSS-ENUS,109.02
BI-ESN-RSS-ENUS_MAINT,209.76
BI-ESN-RSS-ENUS_MAINT,186.3
BI-ESN-RSS-ENUS_MAINT,126.96
BI-ESN-RSS-ENUS_MAINT,109.02
DM-IRM-RSS-EFS_MAINT,2194.5
DM-IRM-RSS-EFS_MAINT,1949.06
DM-IRM-RSS-EFS_MAINT,1328.25
DM-IRM-RSS-EFS_MAINT,1140.56
DM-IRM-RSS-EFS_LIC,2194.5
DM-IRM-RSS-EFS_LIC,1949.06
DM-IRM-RSS-EFS_LIC,1328.25
DM-IRM-RSS-EFS_LIC,1140.56
DM-IRM-RSS-EFS,2194.5
DM-IRM-RSS-EFS,1949.06
DM-IRM-RSS-EFS,1328.25
DM-IRM-RSS-EFS,1140.56
BI-ESN-RSS-ESENFU_MAINT,5037.28
BI-ESN-RSS-ESENFU_MAINT,4473.9
BI-ESN-RSS-ESENFU_MAINT,3048.88
BI-ESN-RSS-ESENFU_MAINT,2618.06
BI-ESN-RSS-ESENFU,5037.28
BI-ESN-RSS-ESENFU,4473.9
BI-ESN-RSS-ESENFU,3048.88
BI-ESN-RSS-ESENFU,2618.06
BI-ESN-RSS-ESENFU_LIC,5037.28
BI-ESN-RSS-ESENFU_LIC,4473.9
BI-ESN-RSS-ESENFU_LIC,3048.88
BI-ESN-RSS-ESENFU_LIC,2618.06
DP-DLP-RSP-ESCS,12160
DP-DLP-RSP-ESCS,10800
DP-DLP-RSP-ESCS,7360
DP-DLP-RSP-ESCS,6320
DP-DLP-RSP-EXSEHSS,39520
DP-DLP-RSP-EXSEHSS,35100
DP-DLP-RSP-EXSEHSS,23920
DP-DLP-RSP-EXSEHSS,20540
DP-DLP-RSP-ESES,106400
DP-DLP-RSP-ESES,94500
DP-DLP-RSP-ESES,64400
DP-DLP-RSP-ESES,55300
GOA-FIL-RRM-FCRM,0.27
GOA-FIL-RRM-FCRM,0.18
GOA-FIL-RRM-FCRM,0.16
GOA-FIL-RSS-FCDKS,4389.76
GOA-FIL-RSS-FCDKS,3898.8
GOA-FIL-RSS-FCDKS,2656.96
GOA-FIL-RSS-FCDKS,2281.52
GOA-FIL-RSS-FCDKS_LIC,4389.76
GOA-FIL-RSS-FCDKS_LIC,3898.8
GOA-FIL-RSS-FCDKS_LIC,2656.96
GOA-FIL-RSS-FCDKS_LIC,2281.52
GOA-FIL-RSS-FCDKS_MAINT,4389.76
GOA-FIL-RSS-FCDKS_MAINT,3898.8
GOA-FIL-RSS-FCDKS_MAINT,2656.96
GOA-FIL-RSS-FCDKS_MAINT,2281.52
GOA-FIL-RSS-FCHAS,2634.16
GOA-FIL-RSS-FCHAS,2339.55
GOA-FIL-RSS-FCHAS,1594.36
GOA-FIL-RSS-FCHAS,1369.07
GOA-FIL-RSS-FCHAS_MAINT,2634.16
GOA-FIL-RSS-FCHAS_MAINT,2339.55
GOA-FIL-RSS-FCHAS_MAINT,1594.36
GOA-FIL-RSS-FCHAS_MAINT,1369.07
GOA-FIL-RSS-FCHAS_LIC,2634.16
GOA-FIL-RSS-FCHAS_LIC,2339.55
GOA-FIL-RSS-FCHAS_LIC,1594.36
GOA-FIL-RSS-FCHAS_LIC,1369.07
DP-DC-RSS-FCSES,53.2
DP-DC-RSS-FCSES,47.25
DP-DC-RSS-FCSES,32.2
DP-DC-RSS-FCSES,27.65
DP-DC-RSS-FCSES_MAINT,53.2
DP-DC-RSS-FCSES_MAINT,47.25
DP-DC-RSS-FCSES_MAINT,32.2
DP-DC-RSS-FCSES_MAINT,27.65
DP-DC-RSS-FCSES_LIC,53.2
DP-DC-RSS-FCSES_LIC,47.25
DP-DC-RSS-FCSES_LIC,32.2
DP-DC-RSS-FCSES_LIC,27.65
DP-DC-RSS-FCSPS_MAINT,60.8
DP-DC-RSS-FCSPS_MAINT,54
DP-DC-RSS-FCSPS_MAINT,36.8
DP-DC-RSS-FCSPS_MAINT,31.6
DP-DC-RSS-FCSPS,60.8
DP-DC-RSS-FCSPS,54
DP-DC-RSS-FCSPS,36.8
DP-DC-RSS-FCSPS,31.6
DP-DC-RSS-FCSPS_LIC,60.8
DP-DC-RSS-FCSPS_LIC,54
DP-DC-RSS-FCSPS_LIC,36.8
DP-DC-RSS-FCSPS_LIC,31.6
DP-DC-RSS-FDUAPS_MAINT,98.8
DP-DC-RSS-FDUAPS_MAINT,87.75
DP-DC-RSS-FDUAPS_MAINT,59.8
DP-DC-RSS-FDUAPS_MAINT,51.35
DP-DC-RSS-FDUAPS_LIC,98.8
DP-DC-RSS-FDUAPS_LIC,87.75
DP-DC-RSS-FDUAPS_LIC,59.8
DP-DC-RSS-FDUAPS_LIC,51.35
DP-DC-RSS-FDUAPS,98.8
DP-DC-RSS-FDUAPS,87.75
DP-DC-RSS-FDUAPS,59.8
DP-DC-RSS-FDUAPS,51.35
DP-DC-RSS-FDCSGS_LIC,96.82
DP-DC-RSS-FDCSGS_LIC,86
DP-DC-RSS-FDCSGS_LIC,58.6
DP-DC-RSS-FDCSGS_LIC,50.32
DP-DC-RSS-FDCSGS_MAINT,96.82
DP-DC-RSS-FDCSGS_MAINT,86
DP-DC-RSS-FDCSGS_MAINT,58.6
DP-DC-RSS-FDCSGS_MAINT,50.32
DP-DC-RSS-FDCSGS,96.82
DP-DC-RSS-FDCSGS,86
DP-DC-RSS-FDCSGS,58.6
DP-DC-RSS-FDCSGS,50.32
DP-DC-RSS-FDUPPS,85.12
DP-DC-RSS-FDUPPS,75.6
DP-DC-RSS-FDUPPS,51.52
DP-DC-RSS-FDUPPS,44.24
DP-DC-RSS-FDUPPS_MAINT,85.12
DP-DC-RSS-FDUPPS_MAINT,75.6
DP-DC-RSS-FDUPPS_MAINT,51.52
DP-DC-RSS-FDUPPS_MAINT,44.24
DP-DC-RSS-FDUPPS_LIC,85.12
DP-DC-RSS-FDUPPS_LIC,75.6
DP-DC-RSS-FDUPPS_LIC,51.52
DP-DC-RSS-FDUPPS_LIC,44.24
DP-DC-RSS-FDCSUGS,83.42
DP-DC-RSS-FDCSUGS,74.09
DP-DC-RSS-FDCSUGS,50.49
DP-DC-RSS-FDCSUGS,43.36
DP-DC-RSS-FDCSUGS_MAINT,83.42
DP-DC-RSS-FDCSUGS_MAINT,74.09
DP-DC-RSS-FDCSUGS_MAINT,50.49
DP-DC-RSS-FDCSUGS_MAINT,43.36
DP-DC-RSS-FDCSUGS_LIC,83.42
DP-DC-RSS-FDCSUGS_LIC,74.09
DP-DC-RSS-FDCSUGS_LIC,50.49
DP-DC-RSS-FDCSUGS_LIC,43.36
DP-DC-RSS-FDAPS,74.48
DP-DC-RSS-FDAPS,66.15
DP-DC-RSS-FDAPS,45.08
DP-DC-RSS-FDAPS,38.71
DP-DC-RSS-FDAPS_LIC,74.48
DP-DC-RSS-FDAPS_LIC,66.15
DP-DC-RSS-FDAPS_LIC,45.08
DP-DC-RSS-FDAPS_LIC,38.71
DP-DC-RSS-FDAPS_MAINT,74.48
DP-DC-RSS-FDAPS_MAINT,66.15
DP-DC-RSS-FDAPS_MAINT,45.08
DP-DC-RSS-FDAPS_MAINT,38.71
DP-DC-RSS-FDEPS,53.2
DP-DC-RSS-FDEPS,47.25
DP-DC-RSS-FDEPS,32.2
DP-DC-RSS-FDEPS,27.65
DP-DC-RSS-FDEPS_LIC,53.2
DP-DC-RSS-FDEPS_LIC,47.25
DP-DC-RSS-FDEPS_LIC,32.2
DP-DC-RSS-FDEPS_LIC,27.65
DP-DC-RSS-FDEPS_MAINT,53.2
DP-DC-RSS-FDEPS_MAINT,47.25
DP-DC-RSS-FDEPS_MAINT,32.2
DP-DC-RSS-FDEPS_MAINT,27.65
DP-DC-RSS-FDDS,21.28
DP-DC-RSS-FDDS,18.9
DP-DC-RSS-FDDS,12.88
DP-DC-RSS-FDDS,11.06
DP-DC-RSS-FDDS_MAINT,21.28
DP-DC-RSS-FDDS_MAINT,18.9
DP-DC-RSS-FDDS_MAINT,12.88
DP-DC-RSS-FDDS_MAINT,11.06
DP-DC-RSS-FDDS_LIC,21.28
DP-DC-RSS-FDDS_LIC,18.9
DP-DC-RSS-FDDS_LIC,12.88
DP-DC-RSS-FDDS_LIC,11.06
DP-DC-RSS-FDCSDGS,20.85
DP-DC-RSS-FDCSDGS,18.52
DP-DC-RSS-FDCSDGS,12.62
DP-DC-RSS-FDCSDGS,10.84
DP-DC-RSS-FDCSDGS_MAINT,20.85
DP-DC-RSS-FDCSDGS_MAINT,18.52
DP-DC-RSS-FDCSDGS_MAINT,12.62
DP-DC-RSS-FDCSDGS_MAINT,10.84
DP-DC-RSS-FDCSDGS_LIC,20.85
DP-DC-RSS-FDCSDGS_LIC,18.52
DP-DC-RSS-FDCSDGS_LIC,12.62
DP-DC-RSS-FDCSDGS_LIC,10.84
DP-DC-RSS-FMIOSS_LIC,5.02
DP-DC-RSS-FMIOSS_LIC,4.46
DP-DC-RSS-FMIOSS_LIC,3.04
DP-DC-RSS-FMIOSS_LIC,2.61
DP-DC-RSS-FMIOSS_MAINT,5.02
DP-DC-RSS-FMIOSS_MAINT,4.46
DP-DC-RSS-FMIOSS_MAINT,3.04
DP-DC-RSS-FMIOSS_MAINT,2.61
DP-DC-RSS-FMIOSS,5.02
DP-DC-RSS-FMIOSS,4.46
DP-DC-RSS-FMIOSS,3.04
DP-DC-RSS-FMIOSS,2.61
VM-VLM-RSL-FMVAS,4560
VM-VLM-RSL-FMVAS,4050
VM-VLM-RSL-FMVAS,2760
VM-VLM-RSL-FMVAS,2370
CS-CLP-RSP-FSRS,418
CS-CLP-RSP-FSRS,371.25
CS-CLP-RSP-FSRS,253
CS-CLP-RSP-FSRS,217.25
VM-VLM-RSL-FVSS,456
VM-VLM-RSL-FVSS,405
VM-VLM-RSL-FVSS,276
VM-VLM-RSL-FVSS,237
VM-DDL-RSL-FATSWP,4.56
VM-DDL-RSL-FATSWP,4.05
VM-DDL-RSL-FATSWP,2.76
VM-DDL-RSL-FATSWP,2.37
VM-DDL-RSL-FPCIAS,1421.2
VM-DDL-RSL-FPCIAS,1262.25
VM-DDL-RSL-FPCIAS,860.2
VM-DDL-RSL-FPCIAS,738.65
VM-DDL-NRST-FPTEOS,3122.08
VM-DDL-NRST-FPTEOS,2772.9
VM-DDL-NRST-FPTEOS,1889.68
VM-DDL-NRST-FPTEOS,1622.66
GOA-GAM-RSS-GAEX12S,4389.76
GOA-GAM-RSS-GAEX12S,3898.8
GOA-GAM-RSS-GAEX12S,2656.96
GOA-GAM-RSS-GAEX12S,2281.52
GOA-GAM-RSS-GAEX12S_MAINT,4389.76
GOA-GAM-RSS-GAEX12S_MAINT,3898.8
GOA-GAM-RSS-GAEX12S_MAINT,2656.96
GOA-GAM-RSS-GAEX12S_MAINT,2281.52
GOA-GAM-RSS-GAEBS_LIC,184134.32
GOA-GAM-RSS-GAEBS_LIC,163540.35
GOA-GAM-RSS-GAEBS_LIC,111449.72
GOA-GAM-RSS-GAEBS_LIC,95701.39
GOA-GAM-RSS-GAEBS_MAINT,184134.32
GOA-GAM-RSS-GAEBS_MAINT,163540.35
GOA-GAM-RSS-GAEBS_MAINT,111449.72
GOA-GAM-RSS-GAEBS_MAINT,95701.39
GOA-GAM-RSS-GAEBS,184134.32
GOA-GAM-RSS-GAEBS,163540.35
GOA-GAM-RSS-GAEBS,111449.72
GOA-GAM-RSS-GAEBS,95701.39
GOA-GAM-RSS-GAAWRS_MAINT,19228
GOA-GAM-RSS-GAAWRS_MAINT,17077.5
GOA-GAM-RSS-GAAWRS_MAINT,11638
GOA-GAM-RSS-GAAWRS_MAINT,9993.5
GOA-GAM-RSS-GAAWRS_LIC,19228
GOA-GAM-RSS-GAAWRS_LIC,17077.5
GOA-GAM-RSS-GAAWRS_LIC,11638
GOA-GAM-RSS-GAAWRS_LIC,9993.5
GOA-GAM-RSS-GAAWRS,19228
GOA-GAM-RSS-GAAWRS,17077.5
GOA-GAM-RSS-GAAWRS,11638
GOA-GAM-RSS-GAAWRS,9993.5
GOA-GAM-RSS-GACSBS_LIC,10158.16
GOA-GAM-RSS-GACSBS_LIC,9022.05
GOA-GAM-RSS-GACSBS_LIC,6148.36
GOA-GAM-RSS-GACSBS_LIC,5279.57
GOA-GAM-RSS-GACSBS,10158.16
GOA-GAM-RSS-GACSBS,9022.05
GOA-GAM-RSS-GACSBS,6148.36
GOA-GAM-RSS-GACSBS,5279.57
GOA-GAM-RSS-GACSBS_MAINT,10158.16
GOA-GAM-RSS-GACSBS_MAINT,9022.05
GOA-GAM-RSS-GACSBS_MAINT,6148.36
GOA-GAM-RSS-GACSBS_MAINT,5279.57
GOA-GAM-RSS-GACSBGS_MAINT,15424.96
GOA-GAM-RSS-GACSBGS_MAINT,13699.8
GOA-GAM-RSS-GACSBGS_MAINT,9336.16
GOA-GAM-RSS-GACSBGS_MAINT,8016.92
GOA-GAM-RSS-GACSBGS_LIC,15424.96
GOA-GAM-RSS-GACSBGS_LIC,13699.8
GOA-GAM-RSS-GACSBGS_LIC,9336.16
GOA-GAM-RSS-GACSBGS_LIC,8016.92
GOA-GAM-RSS-GACSBGS,15424.96
GOA-GAM-RSS-GACSBGS,13699.8
GOA-GAM-RSS-GACSBGS,9336.16
GOA-GAM-RSS-GACSBGS,8016.92
GOA-GAM-RSS-GAEX12S_LIC,4389.76
GOA-GAM-RSS-GAEX12S_LIC,3898.8
GOA-GAM-RSS-GAEX12S_LIC,2656.96
GOA-GAM-RSS-GAEX12S_LIC,2281.52
GOA-GAM-RSS-GAGLBS_MAINT,5852
GOA-GAM-RSS-GAGLBS_MAINT,5197.5
GOA-GAM-RSS-GAGLBS_MAINT,3542
GOA-GAM-RSS-GAGLBS_MAINT,3041.5
GOA-GAM-RSS-GAGLBS_LIC,5852
GOA-GAM-RSS-GAGLBS_LIC,5197.5
GOA-GAM-RSS-GAGLBS_LIC,3542
GOA-GAM-RSS-GAGLBS_LIC,3041.5
GOA-GAM-RSS-GAGLBS,5852
GOA-GAM-RSS-GAGLBS,5197.5
GOA-GAM-RSS-GAGLBS,3542
GOA-GAM-RSS-GAGLBS,3041.5
GOA-GMA-RSSH-GAMSAD,0.91
GOA-GMA-RSSH-GAMSAD,0.81
GOA-GMA-RSSH-GAMSAD,0.55
GOA-GMA-RSSH-GAMSAD,0.47
GOA-GMA-RSSH-GAMHAIO,6080
GOA-GMA-RSSH-GAMHAIO,5400
GOA-GMA-RSSH-GAMHAIO,3680
GOA-GMA-RSSH-GAMHAIO,3160
GOA-GMA-RSSH-GAMHALO,8360
GOA-GMA-RSSH-GAMHALO,7425
GOA-GMA-RSSH-GAMHALO,5060
GOA-GMA-RSSH-GAMHALO,4345
GOA-GMA-RSSH-GAMHAIT,13680
GOA-GMA-RSSH-GAMHAIT,12150
GOA-GMA-RSSH-GAMHAIT,8280
GOA-GMA-RSSH-GAMHAIT,7110
GOA-GMA-RSSH-GAMHALT,16720
GOA-GMA-RSSH-GAMHALT,14850
GOA-GMA-RSSH-GAMHALT,10120
GOA-GMA-RSSH-GAMHALT,8690
GOA-GMA-RSSH-GAMHAIH,22800
GOA-GMA-RSSH-GAMHAIH,20250
GOA-GMA-RSSH-GAMHAIH,13800
GOA-GMA-RSSH-GAMHAIH,11850
GOA-GMA-RSSH-GAMHALH,27360
GOA-GMA-RSSH-GAMHALH,24300
GOA-GMA-RSSH-GAMHALH,16560
GOA-GMA-RSSH-GAMHALH,14220
GOA-GMA-RSSH-GAMSII,3800
GOA-GMA-RSSH-GAMSII,3375
GOA-GMA-RSSH-GAMSII,2300
GOA-GMA-RSSH-GAMSII,1975
GOA-GAM-RSS-GAPS,25958.56
GOA-GAM-RSS-GAPS,23055.3
GOA-GAM-RSS-GAPS,15711.76
GOA-GAM-RSS-GAPS,13491.62
GOA-GAM-RSS-GAPS_MAINT,25958.56
GOA-GAM-RSS-GAPS_MAINT,23055.3
GOA-GAM-RSS-GAPS_MAINT,15711.76
GOA-GAM-RSS-GAPS_MAINT,13491.62
GOA-GAM-RSS-GAPS_LIC,25958.56
GOA-GAM-RSS-GAPS_LIC,23055.3
GOA-GAM-RSS-GAPS_LIC,15711.76
GOA-GAM-RSS-GAPS_LIC,13491.62
GOA-GAM-RSS-GAPESTGS_LIC,31225.36
GOA-GAM-RSS-GAPESTGS_LIC,27733.05
GOA-GAM-RSS-GAPESTGS_LIC,18899.56
GOA-GAM-RSS-GAPESTGS_LIC,16228.97
GOA-GAM-RSS-GAPESTGS,31225.36
GOA-GAM-RSS-GAPESTGS,27733.05
GOA-GAM-RSS-GAPESTGS,18899.56
GOA-GAM-RSS-GAPESTGS,16228.97
GOA-GAM-RSS-GAPESTGS_MAINT,31225.36
GOA-GAM-RSS-GAPESTGS_MAINT,27733.05
GOA-GAM-RSS-GAPESTGS_MAINT,18899.56
GOA-GAM-RSS-GAPESTGS_MAINT,16228.97
GOA-GAM-RSS-GOAPE,78368.16
GOA-GAM-RSS-GOAPE,69603.3
GOA-GAM-RSS-GOAPE,47433.36
GOA-GAM-RSS-GOAPE,40730.82
GOA-GAM-RSS-GOAPE_LIC,78368.16
GOA-GAM-RSS-GOAPE_LIC,69603.3
GOA-GAM-RSS-GOAPE_LIC,47433.36
GOA-GAM-RSS-GOAPE_LIC,40730.82
GOA-GAM-RSS-GOAPE_MAINT,78368.16
GOA-GAM-RSS-GOAPE_MAINT,69603.3
GOA-GAM-RSS-GOAPE_MAINT,47433.36
GOA-GAM-RSS-GOAPE_MAINT,40730.82
GOA-GAM-RSS-GANPE_LIC,46816
GOA-GAM-RSS-GANPE_LIC,41580
GOA-GAM-RSS-GANPE_LIC,28336
GOA-GAM-RSS-GANPE_LIC,24332
GOA-GAM-RSS-GANPE,46816
GOA-GAM-RSS-GANPE,41580
GOA-GAM-RSS-GANPE,28336
GOA-GAM-RSS-GANPE,24332
GOA-GAM-RSS-GANPE_MAINT,46816
GOA-GAM-RSS-GANPE_MAINT,41580
GOA-GAM-RSS-GANPE_MAINT,28336
GOA-GAM-RSS-GANPE_MAINT,24332
GOA-GAM-RSS-GAPESBGS,51421.6
GOA-GAM-RSS-GAPESBGS,45670.5
GOA-GAM-RSS-GAPESBGS,31123.6
GOA-GAM-RSS-GAPESBGS,26725.7
GOA-GAM-RSS-GAPESBGS_LIC,51421.6
GOA-GAM-RSS-GAPESBGS_LIC,45670.5
GOA-GAM-RSS-GAPESBGS_LIC,31123.6
GOA-GAM-RSS-GAPESBGS_LIC,26725.7
GOA-GAM-RSS-GAPESBGS_MAINT,51421.6
GOA-GAM-RSS-GAPESBGS_MAINT,45670.5
GOA-GAM-RSS-GAPESBGS_MAINT,31123.6
GOA-GAM-RSS-GAPESBGS_MAINT,26725.7
GOA-GAM-RSS-GAPBS_LIC,65600.16
GOA-GAM-RSS-GAPBS_LIC,58263.3
GOA-GAM-RSS-GAPBS_LIC,39705.36
GOA-GAM-RSS-GAPBS_LIC,34094.82
GOA-GAM-RSS-GAPBS_MAINT,65600.16
GOA-GAM-RSS-GAPBS_MAINT,58263.3
GOA-GAM-RSS-GAPBS_MAINT,39705.36
GOA-GAM-RSS-GAPBS_MAINT,34094.82
GOA-GAM-RSS-GAPBS,65600.16
GOA-GAM-RSS-GAPBS,58263.3
GOA-GAM-RSS-GAPBS,39705.36
GOA-GAM-RSS-GAPBS,34094.82
GOA-GAM-RSS-GAPBCS_LIC,24377.76
GOA-GAM-RSS-GAPBCS_LIC,21651.3
GOA-GAM-RSS-GAPBCS_LIC,14754.96
GOA-GAM-RSS-GAPBCS_LIC,12670.02
GOA-GAM-RSS-GAPBCS,24377.76
GOA-GAM-RSS-GAPBCS,21651.3
GOA-GAM-RSS-GAPBCS,14754.96
GOA-GAM-RSS-GAPBCS,12670.02
GOA-GAM-RSS-GAPBCS_MAINT,24377.76
GOA-GAM-RSS-GAPBCS_MAINT,21651.3
GOA-GAM-RSS-GAPBCS_MAINT,14754.96
GOA-GAM-RSS-GAPBCS_MAINT,12670.02
GOA-GAM-RSS-GAPBTPCS,66881.52
GOA-GAM-RSS-GAPBTPCS,59401.35
GOA-GAM-RSS-GAPBTPCS,40480.92
GOA-GAM-RSS-GAPBTPCS,34760.79
GOA-GAM-RSS-GAPBTPCS_MAINT,66881.52
GOA-GAM-RSS-GAPBTPCS_MAINT,59401.35
GOA-GAM-RSS-GAPBTPCS_MAINT,40480.92
GOA-GAM-RSS-GAPBTPCS_MAINT,34760.79
GOA-GAM-RSS-GAPBTPCS_LIC,66881.52
GOA-GAM-RSS-GAPBTPCS_LIC,59401.35
GOA-GAM-RSS-GAPBTPCS_LIC,40480.92
GOA-GAM-RSS-GAPBTPCS_LIC,34760.79
GOA-GAM-RSS-GSSDGMBS,6186.4
GOA-GAM-RSS-GSSDGMBS,5494.5
GOA-GAM-RSS-GSSDGMBS,3744.4
GOA-GAM-RSS-GSSDGMBS,3215.3
GOA-GAM-RSS-GSSDGMBS_MAINT,6186.4
GOA-GAM-RSS-GSSDGMBS_MAINT,5494.5
GOA-GAM-RSS-GSSDGMBS_MAINT,3744.4
GOA-GAM-RSS-GSSDGMBS_MAINT,3215.3
GOA-GAM-RSS-GSSDGMBS_LIC,6186.4
GOA-GAM-RSS-GSSDGMBS_LIC,5494.5
GOA-GAM-RSS-GSSDGMBS_LIC,3744.4
GOA-GAM-RSS-GSSDGMBS_LIC,3215.3
GOA-GAM-RSS-GASBS_LIC,25937.28
GOA-GAM-RSS-GASBS_LIC,23036.4
GOA-GAM-RSS-GASBS_LIC,15698.88
GOA-GAM-RSS-GASBS_LIC,13480.56
GOA-GAM-RSS-GASBS,25937.28
GOA-GAM-RSS-GASBS,23036.4
GOA-GAM-RSS-GASBS,15698.88
GOA-GAM-RSS-GASBS,13480.56
GOA-GAM-RSS-GASBS_MAINT,25937.28
GOA-GAM-RSS-GASBS_MAINT,23036.4
GOA-GAM-RSS-GASBS_MAINT,15698.88
GOA-GAM-RSS-GASBS_MAINT,13480.56
GOA-GAM-RSS-GASBGS,30912.24
GOA-GAM-RSS-GASBGS,27454.95
GOA-GAM-RSS-GASBGS,18710.04
GOA-GAM-RSS-GASBGS,16066.23
GOA-GAM-RSS-GASBGS_MAINT,30912.24
GOA-GAM-RSS-GASBGS_MAINT,27454.95
GOA-GAM-RSS-GASBGS_MAINT,18710.04
GOA-GAM-RSS-GASBGS_MAINT,16066.23
GOA-GAM-RSS-GASBGS_LIC,30912.24
GOA-GAM-RSS-GASBGS_LIC,27454.95
GOA-GAM-RSS-GASBGS_LIC,18710.04
GOA-GAM-RSS-GASBGS_LIC,16066.23
GOA-GAM-RSS-GASBGTPS_MAINT,40143.2
GOA-GAM-RSS-GASBGTPS_MAINT,35653.5
GOA-GAM-RSS-GASBGTPS_MAINT,24297.2
GOA-GAM-RSS-GASBGTPS_MAINT,20863.9
GOA-GAM-RSS-GASBGTPS_LIC,40143.2
GOA-GAM-RSS-GASBGTPS_LIC,35653.5
GOA-GAM-RSS-GASBGTPS_LIC,24297.2
GOA-GAM-RSS-GASBGTPS_LIC,20863.9
GOA-GAM-RSS-GASBGTPS,40143.2
GOA-GAM-RSS-GASBGTPS,35653.5
GOA-GAM-RSS-GASBGTPS,24297.2
GOA-GAM-RSS-GASBGTPS,20863.9
GOA-GAM-RSS-GAULTS_MAINT,48717.9
GOA-GAM-RSS-GAULTS_MAINT,43269.19
GOA-GAM-RSS-GAULTS_MAINT,29487.15
GOA-GAM-RSS-GAULTS_MAINT,25320.49
GOA-GAM-RSS-GAULTS_LIC,48717.9
GOA-GAM-RSS-GAULTS_LIC,43269.19
GOA-GAM-RSS-GAULTS_LIC,29487.15
GOA-GAM-RSS-GAULTS_LIC,25320.49
GOA-GAM-RSS-GAULTS,48717.9
GOA-GAM-RSS-GAULTS,43269.19
GOA-GAM-RSS-GAULTS,29487.15
GOA-GAM-RSS-GAULTS,25320.49
GOA-GAM-RSS-GAWBS_LIC,7600
GOA-GAM-RSS-GAWBS_LIC,6750
GOA-GAM-RSS-GAWBS_LIC,4600
GOA-GAM-RSS-GAWBS_LIC,3950
GOA-GAM-RSS-GAWBS_MAINT,7600
GOA-GAM-RSS-GAWBS_MAINT,6750
GOA-GAM-RSS-GAWBS_MAINT,4600
GOA-GAM-RSS-GAWBS_MAINT,3950
GOA-GAM-RSS-GAWBS,7600
GOA-GAM-RSS-GAWBS,6750
GOA-GAM-RSS-GAWBS,4600
GOA-GAM-RSS-GAWBS,3950
GOA-GAM-RSS-GAWES,14212
GOA-GAM-RSS-GAWES,12622.5
GOA-GAM-RSS-GAWES,8602
GOA-GAM-RSS-GAWES,7386.5
GOA-GAM-RSS-GAWES_MAINT,14212
GOA-GAM-RSS-GAWES_MAINT,12622.5
GOA-GAM-RSS-GAWES_MAINT,8602
GOA-GAM-RSS-GAWES_MAINT,7386.5
GOA-GAM-RSS-GAWES_LIC,14212
GOA-GAM-RSS-GAWES_LIC,12622.5
GOA-GAM-RSS-GAWES_LIC,8602
GOA-GAM-RSS-GAWES_LIC,7386.5
SM-HEP-RSP-HLRS,418
SM-HEP-RSP-HLRS,371.25
SM-HEP-RSP-HLRS,253
SM-HEP-RSP-HLRS,217.25
HRM-HRM-RSL-HIPAAH,3040
HRM-HRM-RSL-HIPAAH,2700
HRM-HRM-RSL-HIPAAH,1840
HRM-HRM-RSL-HIPAAH,1580
HRM-HRM-RSP-HMSATS,684
HRM-HRM-RSP-HMSATS,607.5
HRM-HRM-RSP-HMSATS,414
HRM-HRM-RSP-HMSATS,355.5
HRM-HRM-RSP-HMSPCS,1140
HRM-HRM-RSP-HMSPCS,1012.5
HRM-HRM-RSP-HMSPCS,690
HRM-HRM-RSP-HMSPCS,592.5
HRM-HRM-RSP-HMSQS,684
HRM-HRM-RSP-HMSQS,607.5
HRM-HRM-RSP-HMSQS,414
HRM-HRM-RSP-HMSQS,355.5
HRM-HRM-RSP-HMSSCS,1710
HRM-HRM-RSP-HMSSCS,1518.75
HRM-HRM-RSP-HMSSCS,1035
HRM-HRM-RSP-HMSSCS,888.75
HRM-HRM-RSP-HMSSCSUS,1.5
HRM-HRM-RSP-HMSSCSUS,1.34
HRM-HRM-RSP-HMSSCSUS,0.91
HRM-HRM-RSP-HMSSCSUS,0.78
HRM-HRM-RSP-HMSVCCS,1710
HRM-HRM-RSP-HMSVCCS,1518.75
HRM-HRM-RSP-HMSVCCS,1035
HRM-HRM-RSP-HMSVCCS,888.75
HRM-HRM-RSP-HMSVCSUS,1.5
HRM-HRM-RSP-HMSVCSUS,1.34
HRM-HRM-RSP-HMSVCSUS,0.91
HRM-HRM-RSP-HMSVCSUS,0.78
DM-IRC-RSS-HTMLSU_LIC,1931.16
DM-IRC-RSS-HTMLSU_LIC,1715.18
DM-IRC-RSS-HTMLSU_LIC,1168.86
DM-IRC-RSS-HTMLSU_LIC,1003.7
DM-IRC-RSS-HTMLSU_MAINT,1931.16
DM-IRC-RSS-HTMLSU_MAINT,1715.18
DM-IRC-RSS-HTMLSU_MAINT,1168.86
DM-IRC-RSS-HTMLSU_MAINT,1003.7
DM-IRC-RSS-HTMLSU,1931.16
DM-IRC-RSS-HTMLSU,1715.18
DM-IRC-RSS-HTMLSU,1168.86
DM-IRC-RSS-HTMLSU,1003.7
HRM-HRM-RSP-HRMGMT,34200
HRM-HRM-RSP-HRMGMT,30375
HRM-HRM-RSP-HRMGMT,20700
HRM-HRM-RSP-HRMGMT,17775
DM-IBM-RSS-IENCSU_LIC,2194.5
DM-IBM-RSS-IENCSU_LIC,1949.06
DM-IBM-RSS-IENCSU_LIC,1328.25
DM-IBM-RSS-IENCSU_LIC,1140.56
DM-IBM-RSS-IENCSU_MAINT,2194.5
DM-IBM-RSS-IENCSU_MAINT,1949.06
DM-IBM-RSS-IENCSU_MAINT,1328.25
DM-IBM-RSS-IENCSU_MAINT,1140.56
DM-IBM-RSS-IENCSU,2194.5
DM-IBM-RSS-IENCSU,1949.06
DM-IBM-RSS-IENCSU,1328.25
DM-IBM-RSS-IENCSU,1140.56
DM-IBM-RSS-IFSTSU_LIC,2508
DM-IBM-RSS-IFSTSU_LIC,2227.5
DM-IBM-RSS-IFSTSU_LIC,1518
DM-IBM-RSS-IFSTSU_LIC,1303.5
DM-IBM-RSS-IFSTSU_MAINT,2508
DM-IBM-RSS-IFSTSU_MAINT,2227.5
DM-IBM-RSS-IFSTSU_MAINT,1518
DM-IBM-RSS-IFSTSU_MAINT,1303.5
DM-IBM-RSS-IFSTSU,2508
DM-IBM-RSS-IFSTSU,2227.5
DM-IBM-RSS-IFSTSU,1518
DM-IBM-RSS-IFSTSU,1303.5
DM-WCU-RSS-IBOSUB_MAINT,526.68
DM-WCU-RSS-IBOSUB_MAINT,467.78
DM-WCU-RSS-IBOSUB_MAINT,318.78
DM-WCU-RSS-IBOSUB_MAINT,273.74
DM-WCU-RSS-IBOSUB,526.68
DM-WCU-RSS-IBOSUB,467.78
DM-WCU-RSS-IBOSUB,318.78
DM-WCU-RSS-IBOSUB,273.74
DM-WCU-RSS-IBOSUB_LIC,526.68
DM-WCU-RSS-IBOSUB_LIC,467.78
DM-WCU-RSS-IBOSUB_LIC,318.78
DM-WCU-RSS-IBOSUB_LIC,273.74
BI-ISA-RSS-IACS_MAINT,2090
BI-ISA-RSS-IACS_MAINT,1856.25
BI-ISA-RSS-IACS_MAINT,1265
BI-ISA-RSS-IACS_MAINT,1086.25
BI-ISA-RSS-IACS_LIC,2090
BI-ISA-RSS-IACS_LIC,1856.25
BI-ISA-RSS-IACS_LIC,1265
BI-ISA-RSS-IACS_LIC,1086.25
BI-ISA-RSS-IACS,2090
BI-ISA-RSS-IACS,1856.25
BI-ISA-RSS-IACS,1265
BI-ISA-RSS-IACS,1086.25
BI-ISA-RSS-IAPS_MAINT,16720
BI-ISA-RSS-IAPS_MAINT,14850
BI-ISA-RSS-IAPS_MAINT,10120
BI-ISA-RSS-IAPS_MAINT,8690
BI-ISA-RSS-IAPS_LIC,16720
BI-ISA-RSS-IAPS_LIC,14850
BI-ISA-RSS-IAPS_LIC,10120
BI-ISA-RSS-IAPS_LIC,8690
BI-ISA-RSS-IAPS,16720
BI-ISA-RSS-IAPS,14850
BI-ISA-RSS-IAPS,10120
BI-ISA-RSS-IAPS,8690
BI-ISA-RSS-IAPROS_LIC,6688
BI-ISA-RSS-IAPROS_LIC,5940
BI-ISA-RSS-IAPROS_LIC,4048
BI-ISA-RSS-IAPROS_LIC,3476
BI-ISA-RSS-IAPROS_MAINT,6688
BI-ISA-RSS-IAPROS_MAINT,5940
BI-ISA-RSS-IAPROS_MAINT,4048
BI-ISA-RSS-IAPROS_MAINT,3476
BI-ISA-RSS-IAPROS,6688
BI-ISA-RSS-IAPROS,5940
BI-ISA-RSS-IAPROS,4048
BI-ISA-RSS-IAPROS,3476
DM-WFM-RSS-INTESU_MAINT,1672
DM-WFM-RSS-INTESU_MAINT,1485
DM-WFM-RSS-INTESU_MAINT,1012
DM-WFM-RSS-INTESU_MAINT,869
DM-WFM-RSS-INTESU_LIC,1672
DM-WFM-RSS-INTESU_LIC,1485
DM-WFM-RSS-INTESU_LIC,1012
DM-WFM-RSS-INTESU_LIC,869
DM-WFM-RSS-INTESU,1672
DM-WFM-RSS-INTESU,1485
DM-WFM-RSS-INTESU,1012
DM-WFM-RSS-INTESU,869
NW-INT-NRPS-ISP,4873.12
NW-INT-NRPS-ISP,4328.1
NW-INT-NRPS-ISP,2949.52
NW-INT-NRPS-ISP,2532.74
NW-INT-RSS-ISLS_LIC,393.68
NW-INT-RSS-ISLS_LIC,349.65
NW-INT-RSS-ISLS_LIC,238.28
NW-INT-RSS-ISLS_LIC,204.61
NW-INT-RSS-ISLS_MAINT,393.68
NW-INT-RSS-ISLS_MAINT,349.65
NW-INT-RSS-ISLS_MAINT,238.28
NW-INT-RSS-ISLS_MAINT,204.61
NW-INT-RSS-ISLS,393.68
NW-INT-RSS-ISLS,349.65
NW-INT-RSS-ISLS,238.28
NW-INT-RSS-ISLS,204.61
NW-INT-RSS-ISBS,2349.92
NW-INT-RSS-ISBS,2087.1
NW-INT-RSS-ISBS,1422.32
NW-INT-RSS-ISBS,1221.34
NW-INT-RSS-ISBS_LIC,2349.92
NW-INT-RSS-ISBS_LIC,2087.1
NW-INT-RSS-ISBS_LIC,1422.32
NW-INT-RSS-ISBS_LIC,1221.34
NW-INT-RSS-ISBS_MAINT,2349.92
NW-INT-RSS-ISBS_MAINT,2087.1
NW-INT-RSS-ISBS_MAINT,1422.32
NW-INT-RSS-ISBS_MAINT,1221.34
DP-DLP-RMS-INVESU,76.06
DP-DLP-RMS-INVESU,67.55
DP-DLP-RMS-INVESU,46.04
DP-DLP-RMS-INVESU,39.53
FIM-FIM-RSS-IP36SU_LIC,33.44
FIM-FIM-RSS-IP36SU_LIC,29.7
FIM-FIM-RSS-IP36SU_LIC,20.24
FIM-FIM-RSS-IP36SU_LIC,17.38
FIM-FIM-RSS-IP36SU,33.44
FIM-FIM-RSS-IP36SU,29.7
FIM-FIM-RSS-IP36SU,20.24
FIM-FIM-RSS-IP36SU,17.38
FIM-FIM-RSS-IP36SU_MAINT,33.44
FIM-FIM-RSS-IP36SU_MAINT,29.7
FIM-FIM-RSS-IP36SU_MAINT,20.24
FIM-FIM-RSS-IP36SU_MAINT,17.38
DM-IBM-RSS-ISOIS_MAINT,4827.9
DM-IBM-RSS-ISOIS_MAINT,4287.94
DM-IBM-RSS-ISOIS_MAINT,2922.15
DM-IBM-RSS-ISOIS_MAINT,2509.24
DM-IBM-RSS-ISOIS_LIC,4827.9
DM-IBM-RSS-ISOIS_LIC,4287.94
DM-IBM-RSS-ISOIS_LIC,2922.15
DM-IBM-RSS-ISOIS_LIC,2509.24
DM-IBM-RSS-ISOIS,4827.9
DM-IBM-RSS-ISOIS,4287.94
DM-IBM-RSS-ISOIS,2922.15
DM-IBM-RSS-ISOIS,2509.24
DP-DLP-RSL-LDRDI,7.22
DP-DLP-RSL-LDRDI,6.41
DP-DLP-RSL-LDRDI,4.37
DP-DLP-RSL-LDRDI,3.75
DP-DLP-RMS-MANAGE,44.14
DP-DLP-RMS-MANAGE,39.2
DP-DLP-RMS-MANAGE,26.72
DP-DLP-RMS-MANAGE,22.94
ES-DMP-RMS-MMAFS,6080
ES-DMP-RMS-MMAFS,5400
ES-DMP-RMS-MMAFS,3680
ES-DMP-RMS-MMAFS,3160
SM-MQM-NRPS-MQMPER,3306
SM-MQM-NRPS-MQMPER,2936.25
SM-MQM-NRPS-MQMPER,2001
SM-MQM-NRPS-MQMPER,1718.25
ES-MSO-RSSH-MSOARS,13984
ES-MSO-RSSH-MSOARS,12420
ES-MSO-RSSH-MSOARS,8464
ES-MSO-RSSH-MSOARS,7268
SM-ROM-RSS-RMAS_LIC,1345.96
SM-ROM-RSS-RMAS_LIC,1195.43
SM-ROM-RSS-RMAS_LIC,814.66
SM-ROM-RSS-RMAS_LIC,699.55
SM-ROM-RSS-RMVS,2691.92
SM-ROM-RSS-RMVS,2390.85
SM-ROM-RSS-RMVS,1629.32
SM-ROM-RSS-RMVS,1399.09
SM-ROM-RSS-RMVS_MAINT,2691.92
SM-ROM-RSS-RMVS_MAINT,2390.85
SM-ROM-RSS-RMVS_MAINT,1629.32
SM-ROM-RSS-RMVS_MAINT,1399.09
SM-ROM-RSS-RMVS_LIC,2691.92
SM-ROM-RSS-RMVS_LIC,2390.85
SM-ROM-RSS-RMVS_LIC,1629.32
SM-ROM-RSS-RMVS_LIC,1399.09
SM-SYM-RSP-RBSH,418
SM-SYM-RSP-RBSH,371.25
SM-SYM-RSP-RBSH,253
SM-SYM-RSP-RBSH,217.25
DP-DLP-RSL-NDS,54.72
DP-DLP-RSL-NDS,48.6
DP-DLP-RSL-NDS,33.12
DP-DLP-RSL-NDS,28.44
DP-DLP-RSS-NDWES_LIC,54.72
DP-DLP-RSS-NDWES_LIC,48.6
DP-DLP-RSS-NDWES_LIC,33.12
DP-DLP-RSS-NDWES_LIC,28.44
DP-DLP-RSS-NDWES_MAINT,54.72
DP-DLP-RSS-NDWES_MAINT,48.6
DP-DLP-RSS-NDWES_MAINT,33.12
DP-DLP-RSS-NDWES_MAINT,28.44
DP-DLP-RSS-NDWES,54.72
DP-DLP-RSS-NDWES,48.6
DP-DLP-RSS-NDWES,33.12
DP-DLP-RSS-NDWES,28.44
ES-SEG-RSS-OFIS,98.8
ES-SEG-RSS-OFIS,87.75
ES-SEG-RSS-OFIS,59.8
ES-SEG-RSS-OFIS,51.35
ES-SEG-RSS-OFIS_MAINT,98.8
ES-SEG-RSS-OFIS_MAINT,87.75
ES-SEG-RSS-OFIS_MAINT,59.8
ES-SEG-RSS-OFIS_MAINT,51.35
ES-SEG-RSS-OFIS_LIC,98.8
ES-SEG-RSS-OFIS_LIC,87.75
ES-SEG-RSS-OFIS_LIC,59.8
ES-SEG-RSS-OFIS_LIC,51.35
HRM-HRM-RSL-OPENAS,3040
HRM-HRM-RSL-OPENAS,2700
HRM-HRM-RSL-OPENAS,1840
HRM-HRM-RSL-OPENAS,1580
IGA-AAS-RSP-OPSSRV,68947.2
IGA-AAS-RSP-OPSSRV,61236
IGA-AAS-RSP-OPSSRV,41731.2
IGA-AAS-RSP-OPSSRV,35834.4
DP-DLP-RSL-OCRDLP,3040
DP-DLP-RSL-OCRDLP,2700
DP-DLP-RSL-OCRDLP,1840
DP-DLP-RSL-OCRDLP,1580
HRM-HRM-RSL-PE:PSS,1520
HRM-HRM-RSL-PE:PSS,1350
HRM-HRM-RSL-PE:PSS,920
HRM-HRM-RSL-PE:PSS,790
HRM-HRM-RSL-PCIDSS,3040
HRM-HRM-RSL-PCIDSS,2700
HRM-HRM-RSL-PCIDSS,1840
HRM-HRM-RSL-PCIDSS,1580
DM-IBM-RSS-PCLTSU_LIC,3862.32
DM-IBM-RSS-PCLTSU_LIC,3430.35
DM-IBM-RSS-PCLTSU_LIC,2337.72
DM-IBM-RSS-PCLTSU_LIC,2007.39
DM-IBM-RSS-PCLTSU_MAINT,3862.32
DM-IBM-RSS-PCLTSU_MAINT,3430.35
DM-IBM-RSS-PCLTSU_MAINT,2337.72
DM-IBM-RSS-PCLTSU_MAINT,2007.39
DM-IBM-RSS-PCLTSU,3862.32
DM-IBM-RSS-PCLTSU,3430.35
DM-IBM-RSS-PCLTSU,2337.72
DM-IBM-RSS-PCLTSU,2007.39
DM-IRC-RSS-PDFCOS_MAINT,1316.7
DM-IRC-RSS-PDFCOS_MAINT,1169.44
DM-IRC-RSS-PDFCOS_MAINT,796.95
DM-IRC-RSS-PDFCOS_MAINT,684.34
DM-IRC-RSS-PDFCOS,1316.7
DM-IRC-RSS-PDFCOS,1169.44
DM-IRC-RSS-PDFCOS,796.95
DM-IRC-RSS-PDFCOS,684.34
DM-IRC-RSS-PDFCOS_LIC,1316.7
DM-IRC-RSS-PDFCOS_LIC,1169.44
DM-IRC-RSS-PDFCOS_LIC,796.95
DM-IRC-RSS-PDFCOS_LIC,684.34
DM-PCR-RSS-PDFSPS_MAINT,2896.74
DM-PCR-RSS-PDFSPS_MAINT,2572.76
DM-PCR-RSS-PDFSPS_MAINT,1753.29
DM-PCR-RSS-PDFSPS_MAINT,1505.54
DM-PCR-RSS-PDFSPS,2896.74
DM-PCR-RSS-PDFSPS,2572.76
DM-PCR-RSS-PDFSPS,1753.29
DM-PCR-RSS-PDFSPS,1505.54
DM-PCR-RSS-PDFSPS_LIC,2896.74
DM-PCR-RSS-PDFSPS_LIC,2572.76
DM-PCR-RSS-PDFSPS_LIC,1753.29
DM-PCR-RSS-PDFSPS_LIC,1505.54
SM-PFA-RSS-PAGSUB_MAINT,3040
SM-PFA-RSS-PAGSUB_MAINT,2700
SM-PFA-RSS-PAGSUB_MAINT,1840
SM-PFA-RSS-PAGSUB_MAINT,1580
SM-PFA-RSS-PAGSUB,3040
SM-PFA-RSS-PAGSUB,2700
SM-PFA-RSS-PAGSUB,1840
SM-PFA-RSS-PAGSUB,1580
SM-PFA-RSS-PAGSUB_LIC,3040
SM-PFA-RSS-PAGSUB_LIC,2700
SM-PFA-RSS-PAGSUB_LIC,1840
SM-PFA-RSS-PAGSUB_LIC,1580
ES-SEA-RSL-PHISRE,3344
ES-SEA-RSL-PHISRE,2970
ES-SEA-RSL-PHISRE,2024
ES-SEA-RSL-PHISRE,1738
CM-TQO-RSS-PO1YSU,7090.8
CM-TQO-RSS-PO1YSU,6297.75
CM-TQO-RSS-PO1YSU,4291.8
CM-TQO-RSS-PO1YSU,3685.35
CM-TQO-RSS-PO1YSU_MAINT,7090.8
CM-TQO-RSS-PO1YSU_MAINT,6297.75
CM-TQO-RSS-PO1YSU_MAINT,4291.8
CM-TQO-RSS-PO1YSU_MAINT,3685.35
CM-TQO-RSS-PO1YSU_LIC,7090.8
CM-TQO-RSS-PO1YSU_LIC,6297.75
CM-TQO-RSS-PO1YSU_LIC,4291.8
CM-TQO-RSS-PO1YSU_LIC,3685.35
DM-EU-RSS-POP4SU_LIC,1839.2
DM-EU-RSS-POP4SU_LIC,1633.5
DM-EU-RSS-POP4SU_LIC,1113.2
DM-EU-RSS-POP4SU_LIC,955.9
DM-EU-RSS-POP4SU,1839.2
DM-EU-RSS-POP4SU,1633.5
DM-EU-RSS-POP4SU,1113.2
DM-EU-RSS-POP4SU,955.9
DM-EU-RSS-POP4SU_MAINT,1839.2
DM-EU-RSS-POP4SU_MAINT,1633.5
DM-EU-RSS-POP4SU_MAINT,1113.2
DM-EU-RSS-POP4SU_MAINT,955.9
CS-PTA-RSS-PTAVS,7429
CS-PTA-RSS-PTAVS,6598.13
CS-PTA-RSS-PTAVS,4496.5
CS-PTA-RSS-PTAVS,3861.13
CS-PTA-RSS-PTAVS_MAINT,7429
CS-PTA-RSS-PTAVS_MAINT,6598.13
CS-PTA-RSS-PTAVS_MAINT,4496.5
CS-PTA-RSS-PTAVS_MAINT,3861.13
CS-PTA-RSS-PTAVS_LIC,7429
CS-PTA-RSS-PTAVS_LIC,6598.13
CS-PTA-RSS-PTAVS_LIC,4496.5
CS-PTA-RSS-PTAVS_LIC,3861.13
CS-PTA-RSS-PAXLS_MAINT,152
CS-PTA-RSS-PAXLS_MAINT,135
CS-PTA-RSS-PAXLS_MAINT,92
CS-PTA-RSS-PAXLS_MAINT,79
CS-PTA-RSS-PAXLS,152
CS-PTA-RSS-PAXLS,135
CS-PTA-RSS-PAXLS,92
CS-PTA-RSS-PAXLS,79
CS-PTA-RSS-PAXLS_LIC,152
CS-PTA-RSS-PAXLS_LIC,135
CS-PTA-RSS-PAXLS_LIC,92
CS-PTA-RSS-PAXLS_LIC,79
CS-PCS-RSS-PCMDSS,5855.8
CS-PCS-RSS-PCMDSS,5200.88
CS-PCS-RSS-PCMDSS,3544.3
CS-PCS-RSS-PCMDSS,3043.48
CS-PCS-RSS-PCMDSS_LIC,5855.8
CS-PCS-RSS-PCMDSS_LIC,5200.88
CS-PCS-RSS-PCMDSS_LIC,3544.3
CS-PCS-RSS-PCMDSS_LIC,3043.48
CS-PCS-RSS-PCMDSS_MAINT,5855.8
CS-PCS-RSS-PCMDSS_MAINT,5200.88
CS-PCS-RSS-PCMDSS_MAINT,3544.3
CS-PCS-RSS-PCMDSS_MAINT,3043.48
CS-PDM-RSS-PDMIIS,72.96
CS-PDM-RSS-PDMIIS,64.8
CS-PDM-RSS-PDMIIS,44.16
CS-PDM-RSS-PDMIIS,37.92
CS-PDM-RSS-PDMIIS_MAINT,72.96
CS-PDM-RSS-PDMIIS_MAINT,64.8
CS-PDM-RSS-PDMIIS_MAINT,44.16
CS-PDM-RSS-PDMIIS_MAINT,37.92
CS-PDM-RSS-PDMIIS_LIC,72.96
CS-PDM-RSS-PDMIIS_LIC,64.8
CS-PDM-RSS-PDMIIS_LIC,44.16
CS-PDM-RSS-PDMIIS_LIC,37.92
CS-PEI-RSS-PEIIS,3556.8
CS-PEI-RSS-PEIIS,3159
CS-PEI-RSS-PEIIS,2152.8
CS-PEI-RSS-PEIIS,1848.6
CS-PEI-RSS-PEIIS_LIC,3556.8
CS-PEI-RSS-PEIIS_LIC,3159
CS-PEI-RSS-PEIIS_LIC,2152.8
CS-PEI-RSS-PEIIS_LIC,1848.6
CS-PEI-RSS-PEIIS_MAINT,3556.8
CS-PEI-RSS-PEIIS_MAINT,3159
CS-PEI-RSS-PEIIS_MAINT,2152.8
CS-PEI-RSS-PEIIS_MAINT,1848.6
CS-PEP-RSS-PEPS_MAINT,1822.18
CS-PEP-RSS-PEPS_MAINT,1618.38
CS-PEP-RSS-PEPS_MAINT,1102.9
CS-PEP-RSS-PEPS_MAINT,947.05
CS-PEP-RSS-PEPS,1822.18
CS-PEP-RSS-PEPS,1618.38
CS-PEP-RSS-PEPS,1102.9
CS-PEP-RSS-PEPS,947.05
CS-PEP-RSS-PEPS_LIC,1822.18
CS-PEP-RSS-PEPS_LIC,1618.38
CS-PEP-RSS-PEPS_LIC,1102.9
CS-PEP-RSS-PEPS_LIC,947.05
CS-CLP-RSP-PTRS,418
CS-CLP-RSP-PTRS,371.25
CS-CLP-RSP-PTRS,253
CS-CLP-RSP-PTRS,217.25
SM-SYM-NRST-PXS,418
SM-SYM-NRST-PXS,371.25
SM-SYM-NRST-PXS,253
SM-SYM-NRST-PXS,217.25
FIM-FIM-RSP-PPTRERS,326800
FIM-FIM-RSP-PPTRERS,290250
FIM-FIM-RSP-PPTRERS,197800
FIM-FIM-RSP-PPTRERS,169850
FIM-FIM-RSP-PPTRERRS,326800
FIM-FIM-RSP-PPTRERRS,290250
FIM-FIM-RSP-PPTRERRS,197800
FIM-FIM-RSP-PPTRERRS,169850
ES-SEG-RSP-PREMS1,29640
ES-SEG-RSP-PREMS1,26325
ES-SEG-RSP-PREMS1,17940
ES-SEG-RSP-PREMS1,15405
HRM-HRM-RSL-PRIVAC,3040
HRM-HRM-RSL-PRIVAC,2700
HRM-HRM-RSL-PRIVAC,1840
HRM-HRM-RSL-PRIVAC,1580
DP-DLP-NRST-PSHPOP,494
DP-DLP-NRST-PSHPOP,438.75
DP-DLP-NRST-PSHPOP,299
DP-DLP-NRST-PSHPOP,256.75
HRM-HRM-RSL-PHIPS,3648
HRM-HRM-RSL-PHIPS,3240
HRM-HRM-RSL-PHIPS,2208
HRM-HRM-RSL-PHIPS,1896
BI-QRW-RSS-QRWSUB_LIC,2261.76
BI-QRW-RSS-QRWSUB_LIC,2008.8
BI-QRW-RSS-QRWSUB_LIC,1368.96
BI-QRW-RSS-QRWSUB_LIC,1175.52
BI-QRW-RSS-QRWSUB_MAINT,2261.76
BI-QRW-RSS-QRWSUB_MAINT,2008.8
BI-QRW-RSS-QRWSUB_MAINT,1368.96
BI-QRW-RSS-QRWSUB_MAINT,1175.52
BI-QRW-RSS-QRWSUB,2261.76
BI-QRW-RSS-QRWSUB,2008.8
BI-QRW-RSS-QRWSUB,1368.96
BI-QRW-RSS-QRWSUB,1175.52
DM-IRC-RSS-RAWRSU_MAINT,1316.7
DM-IRC-RSS-RAWRSU_MAINT,1169.44
DM-IRC-RSS-RAWRSU_MAINT,796.95
DM-IRC-RSS-RAWRSU_MAINT,684.34
DM-IRC-RSS-RAWRSU_LIC,1316.7
DM-IRC-RSS-RAWRSU_LIC,1169.44
DM-IRC-RSS-RAWRSU_LIC,796.95
DM-IRC-RSS-RAWRSU_LIC,684.34
DM-IRC-RSS-RAWRSU,1316.7
DM-IRC-RSS-RAWRSU,1169.44
DM-IRC-RSS-RAWRSU,796.95
DM-IRC-RSS-RAWRSU,684.34
VM-VLM-RSP-RTPTRS,38000
VM-VLM-RSP-RTPTRS,33750
VM-VLM-RSP-RTPTRS,23000
VM-VLM-RSP-RTPTRS,19750
NW-INT-RSS-RAPS,500.08
NW-INT-RSS-RAPS,444.15
NW-INT-RSS-RAPS,302.68
NW-INT-RSS-RAPS,259.91
NW-INT-RSS-RAPS_MAINT,500.08
NW-INT-RSS-RAPS_MAINT,444.15
NW-INT-RSS-RAPS_MAINT,302.68
NW-INT-RSS-RAPS_MAINT,259.91
NW-INT-RSS-RAPS_LIC,500.08
NW-INT-RSS-RAPS_LIC,444.15
NW-INT-RSS-RAPS_LIC,302.68
NW-INT-RSS-RAPS_LIC,259.91
NW-INT-RSS-RASFS,1380.16
NW-INT-RSS-RASFS,1225.8
NW-INT-RSS-RASFS,835.36
NW-INT-RSS-RASFS,717.32
NW-INT-RSS-RASFS_LIC,1380.16
NW-INT-RSS-RASFS_LIC,1225.8
NW-INT-RSS-RASFS_LIC,835.36
NW-INT-RSS-RASFS_LIC,717.32
NW-INT-RSS-RASFS_MAINT,1380.16
NW-INT-RSS-RASFS_MAINT,1225.8
NW-INT-RSS-RASFS_MAINT,835.36
NW-INT-RSS-RASFS_MAINT,717.32
DM-IBM-RSS-REPOSS_MAINT,2896.74
DM-IBM-RSS-REPOSS_MAINT,2572.76
DM-IBM-RSS-REPOSS_MAINT,1753.29
DM-IBM-RSS-REPOSS_MAINT,1505.54
DM-IBM-RSS-REPOSS_LIC,2896.74
DM-IBM-RSS-REPOSS_LIC,2572.76
DM-IBM-RSS-REPOSS_LIC,1753.29
DM-IBM-RSS-REPOSS_LIC,1505.54
SM-PN-RSP-RMPGRS,456
SM-PN-RSP-RMPGRS,405
SM-PN-RSP-RMPGRS,276
SM-PN-RSP-RMPGRS,237
SM-ROM-RSS-RMSUB_MAINT,672.98
SM-ROM-RSS-RMSUB_MAINT,597.71
SM-ROM-RSS-RMSUB_MAINT,407.33
SM-ROM-RSS-RMSUB_MAINT,349.77
SM-ROM-RSS-RMSUB_LIC,672.98
SM-ROM-RSS-RMSUB_LIC,597.71
SM-ROM-RSS-RMSUB_LIC,407.33
SM-ROM-RSS-RMSUB_LIC,349.77
SM-ROM-RSS-RMSUB,672.98
SM-ROM-RSS-RMSUB,597.71
SM-ROM-RSS-RMSUB,407.33
SM-ROM-RSS-RMSUB,349.77
SM-ROM-RSS-RMAS_MAINT,1345.96
SM-ROM-RSS-RMAS_MAINT,1195.43
SM-ROM-RSS-RMAS_MAINT,814.66
SM-ROM-RSS-RMAS_MAINT,699.55
SM-ROM-RSS-RMAS,1345.96
SM-ROM-RSS-RMAS,1195.43
SM-ROM-RSS-RMAS,814.66
SM-ROM-RSS-RMAS,699.55
SM-RSP-RSS-RSPACE_LIC,494
SM-RSP-RSS-RSPACE_LIC,438.75
SM-RSP-RSS-RSPACE_LIC,299
SM-RSP-RSS-RSPACE_LIC,256.75
SM-RSP-RSS-RSPACE,494
SM-RSP-RSS-RSPACE,438.75
SM-RSP-RSS-RSPACE,299
SM-RSP-RSS-RSPACE,256.75
SM-RSP-RSS-RSPACE_MAINT,494
SM-RSP-RSS-RSPACE_MAINT,438.75
SM-RSP-RSS-RSPACE_MAINT,299
SM-RSP-RSS-RSPACE_MAINT,256.75
DM-IBM-RSS-RPG2SU,6583.5
DM-IBM-RSS-RPG2SU,5847.19
DM-IBM-RSS-RPG2SU,3984.75
DM-IBM-RSS-RPG2SU,3421.69
DM-IBM-RSS-RPG2SU_LIC,6583.5
DM-IBM-RSS-RPG2SU_LIC,5847.19
DM-IBM-RSS-RPG2SU_LIC,3984.75
DM-IBM-RSS-RPG2SU_LIC,3421.69
DM-IBM-RSS-RPG2SU_MAINT,6583.5
DM-IBM-RSS-RPG2SU_MAINT,5847.19
DM-IBM-RSS-RPG2SU_MAINT,3984.75
DM-IBM-RSS-RPG2SU_MAINT,3421.69
DM-IRC-RSS-RTFRSU_LIC,1316.7
DM-IRC-RSS-RTFRSU_LIC,1169.44
DM-IRC-RSS-RTFRSU_LIC,796.95
DM-IRC-RSS-RTFRSU_LIC,684.34
DM-IRC-RSS-RTFRSU,1316.7
DM-IRC-RSS-RTFRSU,1169.44
DM-IRC-RSS-RTFRSU,796.95
DM-IRC-RSS-RTFRSU,684.34
DM-IRC-RSS-RTFRSU_MAINT,1316.7
DM-IRC-RSS-RTFRSU_MAINT,1169.44
DM-IRC-RSS-RTFRSU_MAINT,796.95
DM-IRC-RSS-RTFRSU_MAINT,684.34
DM-WCU-RSS-SCANSU_MAINT,10640
DM-WCU-RSS-SCANSU_MAINT,9450
DM-WCU-RSS-SCANSU_MAINT,6440
DM-WCU-RSS-SCANSU_MAINT,5530
DM-WCU-RSS-SCANSU_LIC,10640
DM-WCU-RSS-SCANSU_LIC,9450
DM-WCU-RSS-SCANSU_LIC,6440
DM-WCU-RSS-SCANSU_LIC,5530
DM-WCU-RSS-SCANSU,10640
DM-WCU-RSS-SCANSU,9450
DM-WCU-RSS-SCANSU,6440
DM-WCU-RSS-SCANSU,5530
ES-SEG-RSS-SEGS,1380
ES-SEG-RSS-SEGS,1185
ES-SEG-RSS-SEGS_MAINT,2280
ES-SEG-RSS-SEGS_MAINT,2025
ES-SEG-RSS-SEGS_MAINT,1380
ES-SEG-RSS-SEGS_MAINT,1185
ES-SXG-RSS-SEEXCH_MAINT,4750
ES-SXG-RSS-SEEXCH_MAINT,4218.75
ES-SXG-RSS-SEEXCH_MAINT,2875
ES-SXG-RSS-SEEXCH_MAINT,2468.75
ES-SXG-RSS-SEEXCH,4750
ES-SXG-RSS-SEEXCH,4218.75
ES-SXG-RSS-SEEXCH,2875
ES-SXG-RSS-SEEXCH,2468.75
ES-SXG-RSS-SEEXCH_LIC,4750
ES-SXG-RSS-SEEXCH_LIC,4218.75
ES-SXG-RSS-SEEXCH_LIC,2875
ES-SXG-RSS-SEEXCH_LIC,2468.75
GS-GSE-RSS-SFYS_LIC,21375
GS-GSE-RSS-SFYS_LIC,18984.38
GS-GSE-RSS-SFYS_LIC,12937.5
GS-GSE-RSS-SFYS_LIC,11109.38
GS-GSE-RSS-SFYS,21375
GS-GSE-RSS-SFYS,18984.38
GS-GSE-RSS-SFYS,12937.5
GS-GSE-RSS-SFYS,11109.38
GS-GSE-RSS-SFYS_MAINT,21375
GS-GSE-RSS-SFYS_MAINT,18984.38
GS-GSE-RSS-SFYS_MAINT,12937.5
GS-GSE-RSS-SFYS_MAINT,11109.38
ES-SIG-RSS-SIGS_LIC,3990
ES-SIG-RSS-SIGS_LIC,3543.75
ES-SIG-RSS-SIGS_LIC,2415
ES-SIG-RSS-SIGS_LIC,2073.75
ES-SIG-RSS-SIGS_MAINT,3990
ES-SIG-RSS-SIGS_MAINT,3543.75
ES-SIG-RSS-SIGS_MAINT,2415
ES-SIG-RSS-SIGS_MAINT,2073.75
ES-SIG-RSS-SIGS,3990
ES-SIG-RSS-SIGS,3543.75
ES-SIG-RSS-SIGS,2415
ES-SIG-RSS-SIGS,2073.75
ES-SIG-RSS-SICGPE,3800
ES-SIG-RSS-SICGPE,3375
ES-SIG-RSS-SICGPE,2300
ES-SIG-RSS-SICGPE,1975
ES-SIG-RSS-SICGPE_LIC,3800
ES-SIG-RSS-SICGPE_LIC,3375
ES-SIG-RSS-SICGPE_LIC,2300
ES-SIG-RSS-SICGPE_LIC,1975
ES-SIG-RSS-SICGPE_MAINT,3800
ES-SIG-RSS-SICGPE_MAINT,3375
ES-SIG-RSS-SICGPE_MAINT,2300
ES-SIG-RSS-SICGPE_MAINT,1975
HRM-HRM-RSL-SALCBS,3648
HRM-HRM-RSL-SALCBS,3240
HRM-HRM-RSL-SALCBS,2208
HRM-HRM-RSL-SALCBS,1896
HRM-HRM-RSL-SALSBS,4560
HRM-HRM-RSL-SALSBS,4050
HRM-HRM-RSL-SALSBS,2760
HRM-HRM-RSL-SALSBS,2370
HRM-HRM-RSL-SALUBS,7600
HRM-HRM-RSL-SALUBS,6750
HRM-HRM-RSL-SALUBS,4600
HRM-HRM-RSL-SALUBS,3950
HRM-HRM-RSL-SAPCBSMS,4560
HRM-HRM-RSL-SAPCBSMS,4050
HRM-HRM-RSL-SAPCBSMS,2760
HRM-HRM-RSL-SAPCBSMS,2370
HRM-HRM-RSL-SAPSBSMS,6080
HRM-HRM-RSL-SAPSBSMS,5400
HRM-HRM-RSL-SAPSBSMS,3680
HRM-HRM-RSL-SAPSBSMS,3160
HRM-HRM-RSL-SAPUBSMS,9120
HRM-HRM-RSL-SAPUBSMS,8100
HRM-HRM-RSL-SAPUBSMS,5520
HRM-HRM-RSL-SAPUBSMS,4740
HRM-HRM-RSL-SAPCBWPS,3040
HRM-HRM-RSL-SAPCBWPS,2700
HRM-HRM-RSL-SAPCBWPS,1840
HRM-HRM-RSL-SAPCBWPS,1580
CS-PSS-RSS-SSIS_LIC,902.88
CS-PSS-RSS-SSIS_LIC,801.9
CS-PSS-RSS-SSIS_LIC,546.48
CS-PSS-RSS-SSIS_LIC,469.26
CS-PSS-RSS-SSIS_MAINT,902.88
CS-PSS-RSS-SSIS_MAINT,801.9
CS-PSS-RSS-SSIS_MAINT,546.48
CS-PSS-RSS-SSIS_MAINT,469.26
CS-PSS-RSS-SSIS,902.88
CS-PSS-RSS-SSIS,801.9
CS-PSS-RSS-SSIS,546.48
CS-PSS-RSS-SSIS,469.26
BI-SDW-RSS-SDWSLBES_MAINT,14964.4
BI-SDW-RSS-SDWSLBES_MAINT,13290.75
BI-SDW-RSS-SDWSLBES_MAINT,9057.4
BI-SDW-RSS-SDWSLBES_MAINT,7777.55
BI-SDW-RSS-SDWSLBES,14964.4
BI-SDW-RSS-SDWSLBES,13290.75
BI-SDW-RSS-SDWSLBES,9057.4
BI-SDW-RSS-SDWSLBES,7777.55
BI-SDW-RSS-SDWSLBES_LIC,14964.4
BI-SDW-RSS-SDWSLBES_LIC,13290.75
BI-SDW-RSS-SDWSLBES_LIC,9057.4
BI-SDW-RSS-SDWSLBES_LIC,7777.55
BI-SDW-RSS-SDWSLGES_MAINT,31684.4
BI-SDW-RSS-SDWSLGES_MAINT,28140.75
BI-SDW-RSS-SDWSLGES_MAINT,19177.4
BI-SDW-RSS-SDWSLGES_MAINT,16467.55
BI-SDW-RSS-SDWSLGES_LIC,31684.4
BI-SDW-RSS-SDWSLGES_LIC,28140.75
BI-SDW-RSS-SDWSLGES_LIC,19177.4
BI-SDW-RSS-SDWSLGES_LIC,16467.55
BI-SDW-RSS-SDWSLGES,31684.4
BI-SDW-RSS-SDWSLGES,28140.75
BI-SDW-RSS-SDWSLGES,19177.4
BI-SDW-RSS-SDWSLGES,16467.55
BI-SDW-RSS-SDWSLPES,41716.4
BI-SDW-RSS-SDWSLPES,37050.75
BI-SDW-RSS-SDWSLPES,25249.4
BI-SDW-RSS-SDWSLPES,21681.55
BI-SDW-RSS-SDWSLPES_LIC,41716.4
BI-SDW-RSS-SDWSLPES_LIC,37050.75
BI-SDW-RSS-SDWSLPES_LIC,25249.4
BI-SDW-RSS-SDWSLPES_LIC,21681.55
BI-SDW-RSS-SDWSLPES_MAINT,41716.4
BI-SDW-RSS-SDWSLPES_MAINT,37050.75
BI-SDW-RSS-SDWSLPES_MAINT,25249.4
BI-SDW-RSS-SDWSLPES_MAINT,21681.55
BI-SDW-RSS-SDWSLSES,23324.4
BI-SDW-RSS-SDWSLSES,20715.75
BI-SDW-RSS-SDWSLSES,14117.4
BI-SDW-RSS-SDWSLSES,12122.55
BI-SDW-RSS-SDWSLSES_MAINT,23324.4
BI-SDW-RSS-SDWSLSES_MAINT,20715.75
BI-SDW-RSS-SDWSLSES_MAINT,14117.4
BI-SDW-RSS-SDWSLSES_MAINT,12122.55
BI-SDW-RSS-SDWSLSES_LIC,23324.4
BI-SDW-RSS-SDWSLSES_LIC,20715.75
BI-SDW-RSS-SDWSLSES_LIC,14117.4
BI-SDW-RSS-SDWSLSES_LIC,12122.55
BI-SDW-RSS-SDWBBES,22488.4
BI-SDW-RSS-SDWBBES,19973.25
BI-SDW-RSS-SDWBBES,13611.4
BI-SDW-RSS-SDWBBES,11688.05
BI-SDW-RSS-SDWBBES_MAINT,22488.4
BI-SDW-RSS-SDWBBES_MAINT,19973.25
BI-SDW-RSS-SDWBBES_MAINT,13611.4
BI-SDW-RSS-SDWBBES_MAINT,11688.05
BI-SDW-RSS-SDWBBES_LIC,22488.4
BI-SDW-RSS-SDWBBES_LIC,19973.25
BI-SDW-RSS-SDWBBES_LIC,13611.4
BI-SDW-RSS-SDWBBES_LIC,11688.05
BI-SDW-RSS-SDWBGES_MAINT,39208.4
BI-SDW-RSS-SDWBGES_MAINT,34823.25
BI-SDW-RSS-SDWBGES_MAINT,23731.4
BI-SDW-RSS-SDWBGES_MAINT,20378.05
BI-SDW-RSS-SDWBGES_LIC,39208.4
BI-SDW-RSS-SDWBGES_LIC,34823.25
BI-SDW-RSS-SDWBGES_LIC,23731.4
BI-SDW-RSS-SDWBGES_LIC,20378.05
BI-SDW-RSS-SDWBGES,39208.4
BI-SDW-RSS-SDWBGES,34823.25
BI-SDW-RSS-SDWBGES,23731.4
BI-SDW-RSS-SDWBGES,20378.05
BI-SDW-RSS-SDWBPES,49240.4
BI-SDW-RSS-SDWBPES,43733.25
BI-SDW-RSS-SDWBPES,29803.4
BI-SDW-RSS-SDWBPES,25592.05
BI-SDW-RSS-SDWBPES_LIC,49240.4
BI-SDW-RSS-SDWBPES_LIC,43733.25
BI-SDW-RSS-SDWBPES_LIC,29803.4
BI-SDW-RSS-SDWBPES_LIC,25592.05
BI-SDW-RSS-SDWBPES_MAINT,49240.4
BI-SDW-RSS-SDWBPES_MAINT,43733.25
BI-SDW-RSS-SDWBPES_MAINT,29803.4
BI-SDW-RSS-SDWBPES_MAINT,25592.05
BI-SDW-RSS-SDWBSES,30848.4
BI-SDW-RSS-SDWBSES,27398.25
BI-SDW-RSS-SDWBSES,18671.4
BI-SDW-RSS-SDWBSES,16033.05
BI-SDW-RSS-SDWBSES_LIC,30848.4
BI-SDW-RSS-SDWBSES_LIC,27398.25
BI-SDW-RSS-SDWBSES_LIC,18671.4
BI-SDW-RSS-SDWBSES_LIC,16033.05
BI-SDW-RSS-SDWBSES_MAINT,30848.4
BI-SDW-RSS-SDWBSES_MAINT,27398.25
BI-SDW-RSS-SDWBSES_MAINT,18671.4
BI-SDW-RSS-SDWBSES_MAINT,16033.05
BI-SQ-RSP-SQLRS,418
BI-SQ-RSP-SQLRS,371.25
BI-SQ-RSP-SQLRS,253
BI-SQ-RSP-SQLRS,217.25
BI-QRW-RSS-SREPS,278.16
BI-QRW-RSS-SREPS,247.05
BI-QRW-RSS-SREPS,168.36
BI-QRW-RSS-SREPS,144.57
BI-QRW-RSS-SREPS_LIC,278.16
BI-QRW-RSS-SREPS_LIC,247.05
BI-QRW-RSS-SREPS_LIC,168.36
BI-QRW-RSS-SREPS_LIC,144.57
BI-QRW-RSS-SREPS_MAINT,278.16
BI-QRW-RSS-SREPS_MAINT,247.05
BI-QRW-RSS-SREPS_MAINT,168.36
BI-QRW-RSS-SREPS_MAINT,144.57
BI-SQ-RSS-SRDS_LIC,1667.44
BI-SQ-RSS-SRDS_LIC,1480.95
BI-SQ-RSS-SRDS_LIC,1009.24
BI-SQ-RSS-SRDS_LIC,866.63
BI-SQ-RSS-SRDS,1667.44
BI-SQ-RSS-SRDS,1480.95
BI-SQ-RSS-SRDS,1009.24
BI-SQ-RSS-SRDS,866.63
BI-SQ-RSS-SRDS_MAINT,1667.44
BI-SQ-RSS-SRDS_MAINT,1480.95
BI-SQ-RSS-SRDS_MAINT,1009.24
BI-SQ-RSS-SRDS_MAINT,866.63
BI-SQ-RSS-SSMBPS,4272.72
BI-SQ-RSS-SSMBPS,3794.85
BI-SQ-RSS-SSMBPS,2586.12
BI-SQ-RSS-SSMBPS,2220.69
BI-SQ-RSS-SSMBPS_LIC,4272.72
BI-SQ-RSS-SSMBPS_LIC,3794.85
BI-SQ-RSS-SSMBPS_LIC,2586.12
BI-SQ-RSS-SSMBPS_LIC,2220.69
BI-SQ-RSS-SSMBPS_MAINT,4272.72
BI-SQ-RSS-SSMBPS_MAINT,3794.85
BI-SQ-RSS-SSMBPS_MAINT,2586.12
BI-SQ-RSS-SSMBPS_MAINT,2220.69
BI-SQ-RSS-SSMBSS_MAINT,3185.92
BI-SQ-RSS-SSMBSS_MAINT,2829.6
BI-SQ-RSS-SSMBSS_MAINT,1928.32
BI-SQ-RSS-SSMBSS_MAINT,1655.84
BI-SQ-RSS-SSMBSS,3185.92
BI-SQ-RSS-SSMBSS,2829.6
BI-SQ-RSS-SSMBSS,1928.32
BI-SQ-RSS-SSMBSS,1655.84
BI-SQ-RSS-SSMBSS_LIC,3185.92
BI-SQ-RSS-SSMBSS_LIC,2829.6
BI-SQ-RSS-SSMBSS_LIC,1928.32
BI-SQ-RSS-SSMBSS_LIC,1655.84
BI-SQ-RSS-SSMB_MAINT,1667.44
BI-SQ-RSS-SSMB_MAINT,1480.95
BI-SQ-RSS-SSMB_MAINT,1009.24
BI-SQ-RSS-SSMB_MAINT,866.63
BI-SQ-RSS-SSMB,1667.44
BI-SQ-RSS-SSMB,1480.95
BI-SQ-RSS-SSMB,1009.24
BI-SQ-RSS-SSMB,866.63
BI-SQ-RSS-SSMB_LIC,1667.44
BI-SQ-RSS-SSMB_LIC,1480.95
BI-SQ-RSS-SSMB_LIC,1009.24
BI-SQ-RSS-SSMB_LIC,866.63
BI-QRW-RSP-SHCRS,418
BI-QRW-RSP-SHCRS,371.25
BI-QRW-RSP-SHCRS,253
BI-QRW-RSP-SHCRS,217.25
CS-SSO-RSP-SINGSO,5016
CS-SSO-RSP-SINGSO,4455
CS-SSO-RSP-SINGSO,3036
CS-SSO-RSP-SINGSO,2607
DM-EU-RSS-SMTPSU_MAINT,2926
DM-EU-RSS-SMTPSU_MAINT,2598.75
DM-EU-RSS-SMTPSU_MAINT,1771
DM-EU-RSS-SMTPSU_MAINT,1520.75
DM-EU-RSS-SMTPSU_LIC,2926
DM-EU-RSS-SMTPSU_LIC,2598.75
DM-EU-RSS-SMTPSU_LIC,1771
DM-EU-RSS-SMTPSU_LIC,1520.75
DM-EU-RSS-SMTPSU,2926
DM-EU-RSS-SMTPSU,2598.75
DM-EU-RSS-SMTPSU,1771
DM-EU-RSS-SMTPSU,1520.75
IGA-AAS-RSS-SCCSDS,62.32
IGA-AAS-RSS-SCCSDS,55.35
IGA-AAS-RSS-SCCSDS,37.72
IGA-AAS-RSS-SCCSDS,32.39
IGA-AAS-RSS-SCCSDS_LIC,62.32
IGA-AAS-RSS-SCCSDS_LIC,55.35
IGA-AAS-RSS-SCCSDS_LIC,37.72
IGA-AAS-RSS-SCCSDS_LIC,32.39
IGA-AAS-RSS-SCCSDS_MAINT,62.32
IGA-AAS-RSS-SCCSDS_MAINT,55.35
IGA-AAS-RSS-SCCSDS_MAINT,37.72
IGA-AAS-RSS-SCCSDS_MAINT,32.39
CS-CLP-RSS-SGNETS_MAINT,8372.16
CS-CLP-RSS-SGNETS_MAINT,7435.8
CS-CLP-RSS-SGNETS_MAINT,5067.36
CS-CLP-RSS-SGNETS_MAINT,4351.32
CS-CLP-RSS-SGNETS_LIC,8372.16
CS-CLP-RSS-SGNETS_LIC,7435.8
CS-CLP-RSS-SGNETS_LIC,5067.36
CS-CLP-RSS-SGNETS_LIC,4351.32
CS-CLP-RSS-SGNETS,8372.16
CS-CLP-RSS-SGNETS,7435.8
CS-CLP-RSS-SGNETS,5067.36
CS-CLP-RSS-SGNETS,4351.32
ES-SIG-RSS-SSSIGS_LIC,560.88
ES-SIG-RSS-SSSIGS_LIC,498.15
ES-SIG-RSS-SSSIGS_LIC,339.48
ES-SIG-RSS-SSSIGS_LIC,291.51
ES-SIG-RSS-SSSIGS,560.88
ES-SIG-RSS-SSSIGS,498.15
ES-SIG-RSS-SSSIGS,339.48
ES-SIG-RSS-SSSIGS,291.51
ES-SIG-RSS-SSSIGS_MAINT,560.88
ES-SIG-RSS-SSSIGS_MAINT,498.15
ES-SIG-RSS-SSSIGS_MAINT,339.48
ES-SIG-RSS-SSSIGS_MAINT,291.51
DM-SV4-RSS-S4S_LIC,1672
DM-SV4-RSS-S4S_LIC,1485
DM-SV4-RSS-S4S_LIC,1012
DM-SV4-RSS-S4S_LIC,869
DM-SV4-RSS-S4S,1672
DM-SV4-RSS-S4S,1485
DM-SV4-RSS-S4S,1012
DM-SV4-RSS-S4S,869
DM-SV4-RSS-S4S_MAINT,1672
DM-SV4-RSS-S4S_MAINT,1485
DM-SV4-RSS-S4S_MAINT,1012
DM-SV4-RSS-S4S_MAINT,869
DM-SV4-RSS-S4SUPS,418
DM-SV4-RSS-S4SUPS,371.25
DM-SV4-RSS-S4SUPS,253
DM-SV4-RSS-S4SUPS,217.25
DM-SV4-RSS-S4SUPS_MAINT,418
DM-SV4-RSS-S4SUPS_MAINT,371.25
DM-SV4-RSS-S4SUPS_MAINT,253
DM-SV4-RSS-S4SUPS_MAINT,217.25
DM-SV4-RSS-S4SUPS_LIC,418
DM-SV4-RSS-S4SUPS_LIC,371.25
DM-SV4-RSS-S4SUPS_LIC,253
DM-SV4-RSS-S4SUPS_LIC,217.25
DM-SV4-RSS-S4SS_LIC,627
DM-SV4-RSS-S4SS_LIC,556.88
DM-SV4-RSS-S4SS_LIC,379.5
DM-SV4-RSS-S4SS_LIC,325.88
DM-SV4-RSS-S4SS_MAINT,627
DM-SV4-RSS-S4SS_MAINT,556.88
DM-SV4-RSS-S4SS_MAINT,379.5
DM-SV4-RSS-S4SS_MAINT,325.88
DM-SV4-RSS-S4SS,626.24
DM-SV4-RSS-S4SS,556.2
DM-SV4-RSS-S4SS,379.04
DM-SV4-RSS-S4SS,325.48
DM-SV4-RSS-S4UPS_MAINT,2508
DM-SV4-RSS-S4UPS_MAINT,2227.5
DM-SV4-RSS-S4UPS_MAINT,1518
DM-SV4-RSS-S4UPS_MAINT,1303.5
DM-SV4-RSS-S4UPS,2508
DM-SV4-RSS-S4UPS,2227.5
DM-SV4-RSS-S4UPS,1518
DM-SV4-RSS-S4UPS,1303.5
DM-SV4-RSS-S4UPS_LIC,2508
DM-SV4-RSS-S4UPS_LIC,2227.5
DM-SV4-RSS-S4UPS_LIC,1518
DM-SV4-RSS-S4UPS_LIC,1303.5
ES-ETM-RMS-SUSPAN,17480
ES-ETM-RMS-SUSPAN,15525
ES-ETM-RMS-SUSPAN,10580
ES-ETM-RMS-SUSPAN,9085
ES-ETM-RMS-SUSPIN,30400
ES-ETM-RMS-SUSPIN,27000
ES-ETM-RMS-SUSPIN,18400
ES-ETM-RMS-SUSPIN,15800
SM-VMC-RSS-T0PUS,13538.64
SM-VMC-RSS-T0PUS,12024.45
SM-VMC-RSS-T0PUS,8194.44
SM-VMC-RSS-T0PUS,7036.53
SM-VMC-RSS-T0PUS_LIC,13538.64
SM-VMC-RSS-T0PUS_LIC,12024.45
SM-VMC-RSS-T0PUS_LIC,8194.44
SM-VMC-RSS-T0PUS_LIC,7036.53
SM-VMC-RSS-T0PUS_MAINT,13538.64
SM-VMC-RSS-T0PUS_MAINT,12024.45
SM-VMC-RSS-T0PUS_MAINT,8194.44
SM-VMC-RSS-T0PUS_MAINT,7036.53
SM-TSK-RSS-TASKSU_LIC,13538.64
SM-TSK-RSS-TASKSU_LIC,12024.45
SM-TSK-RSS-TASKSU_LIC,8194.44
SM-TSK-RSS-TASKSU_LIC,7036.53
SM-TSK-RSS-TASKSU_MAINT,13538.64
SM-TSK-RSS-TASKSU_MAINT,12024.45
SM-TSK-RSS-TASKSU_MAINT,8194.44
SM-TSK-RSS-TASKSU_MAINT,7036.53
SM-TSK-RSS-TASKSU,13538.64
SM-TSK-RSS-TASKSU,12024.45
SM-TSK-RSS-TASKSU,8194.44
SM-TSK-RSS-TASKSU,7036.53
CM-TQO-RSS-TQACSS_LIC,282.72
CM-TQO-RSS-TQACSS_LIC,251.1
CM-TQO-RSS-TQACSS_LIC,171.12
CM-TQO-RSS-TQACSS_LIC,146.94
CM-TQO-RSS-TQACSS_MAINT,282.72
CM-TQO-RSS-TQACSS_MAINT,251.1
CM-TQO-RSS-TQACSS_MAINT,171.12
CM-TQO-RSS-TQACSS_MAINT,146.94
CM-TQO-RSS-TQACSS,282.72
CM-TQO-RSS-TQACSS,251.1
CM-TQO-RSS-TQACSS,171.12
CM-TQO-RSS-TQACSS,146.94
CM-TQO-RSS-TQAS,913.52
CM-TQO-RSS-TQAS,811.35
CM-TQO-RSS-TQAS,552.92
CM-TQO-RSS-TQAS,474.79
CM-TQO-RSS-TQAS_LIC,913.52
CM-TQO-RSS-TQAS_LIC,811.35
CM-TQO-RSS-TQAS_LIC,552.92
CM-TQO-RSS-TQAS_LIC,474.79
CM-TQO-RSS-TQAS_MAINT,913.52
CM-TQO-RSS-TQAS_MAINT,811.35
CM-TQO-RSS-TQAS_MAINT,552.92
CM-TQO-RSS-TQAS_MAINT,474.79
CM-TQO-RSS-TESS_LIC,1222.08
CM-TQO-RSS-TESS_LIC,1085.4
CM-TQO-RSS-TESS_LIC,739.68
CM-TQO-RSS-TESS_LIC,635.16
CM-TQO-RSS-TESS_MAINT,1222.08
CM-TQO-RSS-TESS_MAINT,1085.4
CM-TQO-RSS-TESS_MAINT,739.68
CM-TQO-RSS-TESS_MAINT,635.16
CM-TQO-RSS-TESS,1222.08
CM-TQO-RSS-TESS,1085.4
CM-TQO-RSS-TESS,739.68
CM-TQO-RSS-TESS,635.16
CM-TQO-RSS-TEAQUE,913.52
CM-TQO-RSS-TEAQUE,811.35
CM-TQO-RSS-TEAQUE,552.92
CM-TQO-RSS-TEAQUE,474.79
CM-TQO-RSS-TEAQUE_LIC,913.52
CM-TQO-RSS-TEAQUE_LIC,811.35
CM-TQO-RSS-TEAQUE_LIC,552.92
CM-TQO-RSS-TEAQUE_LIC,474.79
CM-TQO-RSS-TEAQUE_MAINT,913.52
CM-TQO-RSS-TEAQUE_MAINT,811.35
CM-TQO-RSS-TEAQUE_MAINT,552.92
CM-TQO-RSS-TEAQUE_MAINT,474.79
CM-TQR-RSS-TQSURV_MAINT,252.32
CM-TQR-RSS-TQSURV_MAINT,224.1
CM-TQR-RSS-TQSURV_MAINT,152.72
CM-TQR-RSS-TQSURV_MAINT,131.14
CM-TQR-RSS-TQSURV_LIC,252.32
CM-TQR-RSS-TQSURV_LIC,224.1
CM-TQR-RSS-TQSURV_LIC,152.72
CM-TQR-RSS-TQSURV_LIC,131.14
CM-TQR-RSS-TQSURV,252.32
CM-TQR-RSS-TQSURV,224.1
CM-TQR-RSS-TQSURV,152.72
CM-TQR-RSS-TQSURV,131.14
CM-TQR-RSS-TQSSS_MAINT,1138.48
CM-TQR-RSS-TQSSS_MAINT,1011.15
CM-TQR-RSS-TQSSS_MAINT,689.08
CM-TQR-RSS-TQSSS_MAINT,591.71
CM-TQR-RSS-TQSSS,1138.48
CM-TQR-RSS-TQSSS,1011.15
CM-TQR-RSS-TQSSS,689.08
CM-TQR-RSS-TQSSS,591.71
CM-TQR-RSS-TQSSS_LIC,1138.48
CM-TQR-RSS-TQSSS_LIC,1011.15
CM-TQR-RSS-TQSSS_LIC,689.08
CM-TQR-RSS-TQSSS_LIC,591.71
DM-IRC-RSS-TRCASU_MAINT,1316.7
DM-IRC-RSS-TRCASU_MAINT,1169.44
DM-IRC-RSS-TRCASU_MAINT,796.95
DM-IRC-RSS-TRCASU_MAINT,684.34
DM-IRC-RSS-TRCASU_LIC,1316.7
DM-IRC-RSS-TRCASU_LIC,1169.44
DM-IRC-RSS-TRCASU_LIC,796.95
DM-IRC-RSS-TRCASU_LIC,684.34
DM-IRC-RSS-TRCASU,1316.7
DM-IRC-RSS-TRCASU,1169.44
DM-IRC-RSS-TRCASU,796.95
DM-IRC-RSS-TRCASU,684.34
DP-DC-RSS-TCSS_LIC,13538.64
DP-DC-RSS-TCSS_LIC,12024.45
DP-DC-RSS-TCSS_LIC,8194.44
DP-DC-RSS-TCSS_LIC,7036.53
DP-DC-RSS-TCSS_MAINT,13538.64
DP-DC-RSS-TCSS_MAINT,12024.45
DP-DC-RSS-TCSS_MAINT,8194.44
DP-DC-RSS-TCSS_MAINT,7036.53
DP-DC-RSS-TCSS,13538.64
DP-DC-RSS-TCSS,12024.45
DP-DC-RSS-TCSS,8194.44
DP-DC-RSS-TCSS,7036.53
DP-DC-RSS-TMCS,13538.64
DP-DC-RSS-TMCS,12024.45
DP-DC-RSS-TMCS,8194.44
DP-DC-RSS-TMCS,7036.53
DP-DC-RSS-TMCS_LIC,13538.64
DP-DC-RSS-TMCS_LIC,12024.45
DP-DC-RSS-TMCS_LIC,8194.44
DP-DC-RSS-TMCS_LIC,7036.53
DP-DC-RSS-TMCS_MAINT,13538.64
DP-DC-RSS-TMCS_MAINT,12024.45
DP-DC-RSS-TMCS_MAINT,8194.44
DP-DC-RSS-TMCS_MAINT,7036.53
HRM-HRM-RSL-TRAIPL,3040
HRM-HRM-RSL-TRAIPL,2700
HRM-HRM-RSL-TRAIPL,1840
HRM-HRM-RSL-TRAIPL,1580
GS-GSE-RSS-TRANYE_LIC,13538.64
GS-GSE-RSS-TRANYE_LIC,12024.45
GS-GSE-RSS-TRANYE_LIC,8194.44
GS-GSE-RSS-TRANYE_LIC,7036.53
GS-GSE-RSS-TRANYE,13538.64
GS-GSE-RSS-TRANYE,12024.45
GS-GSE-RSS-TRANYE,8194.44
GS-GSE-RSS-TRANYE,7036.53
GS-GSE-RSS-TRANYE_MAINT,13538.64
GS-GSE-RSS-TRANYE_MAINT,12024.45
GS-GSE-RSS-TRANYE_MAINT,8194.44
GS-GSE-RSS-TRANYE_MAINT,7036.53
BI-SDW-RSS-TRENSU_MAINT,13538.64
BI-SDW-RSS-TRENSU_MAINT,12024.45
BI-SDW-RSS-TRENSU_MAINT,8194.44
BI-SDW-RSS-TRENSU_MAINT,7036.53
BI-SDW-RSS-TRENSU,13538.64
BI-SDW-RSS-TRENSU,12024.45
BI-SDW-RSS-TRENSU,8194.44
BI-SDW-RSS-TRENSU,7036.53
BI-SDW-RSS-TRENSU_LIC,13538.64
BI-SDW-RSS-TRENSU_LIC,12024.45
BI-SDW-RSS-TRENSU_LIC,8194.44
BI-SDW-RSS-TRENSU_LIC,7036.53
FIM-FIM-RSS-TAPP,2445.68
FIM-FIM-RSS-TAPP,2172.15
FIM-FIM-RSS-TAPP,1480.28
FIM-FIM-RSS-TAPP,1271.11
FIM-FIM-RSS-TAPP_MAINT,2445.68
FIM-FIM-RSS-TAPP_MAINT,2172.15
FIM-FIM-RSS-TAPP_MAINT,1480.28
FIM-FIM-RSS-TAPP_MAINT,1271.11
FIM-FIM-RSS-TAPP_LIC,2445.68
FIM-FIM-RSS-TAPP_LIC,2172.15
FIM-FIM-RSS-TAPP_LIC,1480.28
FIM-FIM-RSS-TAPP_LIC,1271.11
FIM-FIM-RSS-TRIATE_MAINT,6589.2
FIM-FIM-RSS-TRIATE_MAINT,5852.25
FIM-FIM-RSS-TRIATE_MAINT,3988.2
FIM-FIM-RSS-TRIATE_MAINT,3424.65
FIM-FIM-RSS-TRIATE_LIC,6589.2
FIM-FIM-RSS-TRIATE_LIC,5852.25
FIM-FIM-RSS-TRIATE_LIC,3988.2
FIM-FIM-RSS-TRIATE_LIC,3424.65
FIM-FIM-RSS-TRIATE,6589.2
FIM-FIM-RSS-TRIATE,5852.25
FIM-FIM-RSS-TRIATE,3988.2
FIM-FIM-RSS-TRIATE,3424.65
FIM-FIM-RSS-TRATEI_LIC,1670.48
FIM-FIM-RSS-TRATEI_LIC,1483.65
FIM-FIM-RSS-TRATEI_LIC,1011.08
FIM-FIM-RSS-TRATEI_LIC,868.21
FIM-FIM-RSS-TRATEI_MAINT,1670.48
FIM-FIM-RSS-TRATEI_MAINT,1483.65
FIM-FIM-RSS-TRATEI_MAINT,1011.08
FIM-FIM-RSS-TRATEI_MAINT,868.21
FIM-FIM-RSS-TRATEI,1670.48
FIM-FIM-RSS-TRATEI,1483.65
FIM-FIM-RSS-TRATEI,1011.08
FIM-FIM-RSS-TRATEI,868.21
FIM-FIM-RSS-TEDS_MAINT,34.96
FIM-FIM-RSS-TEDS_MAINT,31.05
FIM-FIM-RSS-TEDS_MAINT,21.16
FIM-FIM-RSS-TEDS_MAINT,18.17
FIM-FIM-RSS-TEDS_LIC,34.96
FIM-FIM-RSS-TEDS_LIC,31.05
FIM-FIM-RSS-TEDS_LIC,21.16
FIM-FIM-RSS-TEDS_LIC,18.17
FIM-FIM-RSS-TEDS,34.96
FIM-FIM-RSS-TEDS,31.05
FIM-FIM-RSS-TEDS,21.16
FIM-FIM-RSS-TEDS,18.17
FIM-FIM-RSS-TEFSS_LIC,89.68
FIM-FIM-RSS-TEFSS_LIC,79.65
FIM-FIM-RSS-TEFSS_LIC,54.28
FIM-FIM-RSS-TEFSS_LIC,46.61
FIM-FIM-RSS-TEFSS,89.68
FIM-FIM-RSS-TEFSS,79.65
FIM-FIM-RSS-TEFSS,54.28
FIM-FIM-RSS-TEFSS,46.61
FIM-FIM-RSS-TEFSS_MAINT,89.68
FIM-FIM-RSS-TEFSS_MAINT,79.65
FIM-FIM-RSS-TEFSS_MAINT,54.28
FIM-FIM-RSS-TEFSS_MAINT,46.61
FIM-FIM-RSS-TEIDS_LIC,22.8
FIM-FIM-RSS-TEIDS_LIC,20.25
FIM-FIM-RSS-TEIDS_LIC,13.8
FIM-FIM-RSS-TEIDS_LIC,11.85
FIM-FIM-RSS-TEIDS_MAINT,22.8
FIM-FIM-RSS-TEIDS_MAINT,20.25
FIM-FIM-RSS-TEIDS_MAINT,13.8
FIM-FIM-RSS-TEIDS_MAINT,11.85
FIM-FIM-RSS-TEIDS,22.8
FIM-FIM-RSS-TEIDS,20.25
FIM-FIM-RSS-TEIDS,13.8
FIM-FIM-RSS-TEIDS,11.85
FIM-FIM-RSS-TEMIS_LIC,22.8
FIM-FIM-RSS-TEMIS_LIC,20.25
FIM-FIM-RSS-TEMIS_LIC,13.8
FIM-FIM-RSS-TEMIS_LIC,11.85
FIM-FIM-RSS-TEMIS_MAINT,22.8
FIM-FIM-RSS-TEMIS_MAINT,20.25
FIM-FIM-RSS-TEMIS_MAINT,13.8
FIM-FIM-RSS-TEMIS_MAINT,11.85
FIM-FIM-RSS-TEMIS,22.8
FIM-FIM-RSS-TEMIS,20.25
FIM-FIM-RSS-TEMIS,13.8
FIM-FIM-RSS-TEMIS,11.85
FIM-FIM-RSS-TENDS,69.92
FIM-FIM-RSS-TENDS,62.1
FIM-FIM-RSS-TENDS,42.32
FIM-FIM-RSS-TENDS,36.34
FIM-FIM-RSS-TENDS_MAINT,69.92
FIM-FIM-RSS-TENDS_MAINT,62.1
FIM-FIM-RSS-TENDS_MAINT,42.32
FIM-FIM-RSS-TENDS_MAINT,36.34
FIM-FIM-RSS-TENDS_LIC,69.92
FIM-FIM-RSS-TENDS_LIC,62.1
FIM-FIM-RSS-TENDS_LIC,42.32
FIM-FIM-RSS-TENDS_LIC,36.34
FIM-FIM-RSS-TEPS_MAINT,74.48
FIM-FIM-RSS-TEPS_MAINT,66.15
FIM-FIM-RSS-TEPS_MAINT,45.08
FIM-FIM-RSS-TEPS_MAINT,38.71
FIM-FIM-RSS-TEPS,74.48
FIM-FIM-RSS-TEPS,66.15
FIM-FIM-RSS-TEPS,45.08
FIM-FIM-RSS-TEPS,38.71
FIM-FIM-RSS-TEPS_LIC,74.48
FIM-FIM-RSS-TEPS_LIC,66.15
FIM-FIM-RSS-TEPS_LIC,45.08
FIM-FIM-RSS-TEPS_LIC,38.71
FIM-FIM-RSS-TEPSS_LIC,208.24
FIM-FIM-RSS-TEPSS_LIC,184.95
FIM-FIM-RSS-TEPSS_LIC,126.04
FIM-FIM-RSS-TEPSS_LIC,108.23
FIM-FIM-RSS-TEPSS,208.24
FIM-FIM-RSS-TEPSS,184.95
FIM-FIM-RSS-TEPSS,126.04
FIM-FIM-RSS-TEPSS,108.23
FIM-FIM-RSS-TEPSS_MAINT,208.24
FIM-FIM-RSS-TEPSS_MAINT,184.95
FIM-FIM-RSS-TEPSS_MAINT,126.04
FIM-FIM-RSS-TEPSS_MAINT,108.23
FIM-FIM-RSS-TEVES,798
FIM-FIM-RSS-TEVES,708.75
FIM-FIM-RSS-TEVES,483
FIM-FIM-RSS-TEVES,414.75
FIM-FIM-RSS-TEVES_MAINT,798
FIM-FIM-RSS-TEVES_MAINT,708.75
FIM-FIM-RSS-TEVES_MAINT,483
FIM-FIM-RSS-TEVES_MAINT,414.75
FIM-FIM-RSS-TEVES_LIC,798
FIM-FIM-RSS-TEVES_LIC,708.75
FIM-FIM-RSS-TEVES_LIC,483
FIM-FIM-RSS-TEVES_LIC,414.75
FIM-FIM-RSP-TEOFSA,10640
FIM-FIM-RSP-TEOFSA,9450
FIM-FIM-RSP-TEOFSA,6440
FIM-FIM-RSP-TEOFSA,5530
FIM-FIM-RSS-TDS_LIC,282.72
FIM-FIM-RSS-TDS_LIC,251.1
FIM-FIM-RSS-TDS_LIC,171.12
FIM-FIM-RSS-TDS_LIC,146.94
FIM-FIM-RSS-TDS,282.72
FIM-FIM-RSS-TDS,251.1
FIM-FIM-RSS-TDS,171.12
FIM-FIM-RSS-TDS,146.94
FIM-FIM-RSS-TDS_MAINT,282.72
FIM-FIM-RSS-TDS_MAINT,251.1
FIM-FIM-RSS-TDS_MAINT,171.12
FIM-FIM-RSS-TDS_MAINT,146.94
FIM-TLC-RSS-TLCS_MAINT,454.48
FIM-TLC-RSS-TLCS_MAINT,403.65
FIM-TLC-RSS-TLCS_MAINT,275.08
FIM-TLC-RSS-TLCS_MAINT,236.21
FIM-TLC-RSS-TLCS,454.48
FIM-TLC-RSS-TLCS,403.65
FIM-TLC-RSS-TLCS,275.08
FIM-TLC-RSS-TLCS,236.21
FIM-TLC-RSS-TLCS_LIC,454.48
FIM-TLC-RSS-TLCS_LIC,403.65
FIM-TLC-RSS-TLCS_LIC,275.08
FIM-TLC-RSS-TLCS_LIC,236.21
FIM-TLC-RSS-TLCCS_LIC,67706.88
FIM-TLC-RSS-TLCCS_LIC,60134.4
FIM-TLC-RSS-TLCCS_LIC,40980.48
FIM-TLC-RSS-TLCCS_LIC,35189.76
FIM-TLC-RSS-TLCCS,67706.88
FIM-TLC-RSS-TLCCS,60134.4
FIM-TLC-RSS-TLCCS,40980.48
FIM-TLC-RSS-TLCCS,35189.76
FIM-TLC-RSS-TLCCS_MAINT,67706.88
FIM-TLC-RSS-TLCCS_MAINT,60134.4
FIM-TLC-RSS-TLCCS_MAINT,40980.48
FIM-TLC-RSS-TLCCS_MAINT,35189.76
FIM-TLC-RSS-TRAS_LIC,228
FIM-TLC-RSS-TRAS_LIC,202.5
FIM-TLC-RSS-TRAS_LIC,138
FIM-TLC-RSS-TRAS_LIC,118.5
FIM-TLC-RSS-TRAS,228
FIM-TLC-RSS-TRAS,202.5
FIM-TLC-RSS-TRAS,138
FIM-TLC-RSS-TRAS,118.5
FIM-TLC-RSS-TRAS_MAINT,228
FIM-TLC-RSS-TRAS_MAINT,202.5
FIM-TLC-RSS-TRAS_MAINT,138
FIM-TLC-RSS-TRAS_MAINT,118.5
FIM-TLC-RSS-TRLCEN_LIC,104.88
FIM-TLC-RSS-TRLCEN_LIC,93.15
FIM-TLC-RSS-TRLCEN_LIC,63.48
FIM-TLC-RSS-TRLCEN_LIC,54.51
FIM-TLC-RSS-TRLCEN_MAINT,104.88
FIM-TLC-RSS-TRLCEN_MAINT,93.15
FIM-TLC-RSS-TRLCEN_MAINT,63.48
FIM-TLC-RSS-TRLCEN_MAINT,54.51
FIM-TLC-RSS-TRLCEN,104.88
FIM-TLC-RSS-TRLCEN,93.15
FIM-TLC-RSS-TRLCEN,63.48
FIM-TLC-RSS-TRLCEN,54.51
FIM-TLC-RSS-TLCIES,269.04
FIM-TLC-RSS-TLCIES,238.95
FIM-TLC-RSS-TLCIES,162.84
FIM-TLC-RSS-TLCIES,139.83
FIM-TLC-RSS-TLCIES_LIC,269.04
FIM-TLC-RSS-TLCIES_LIC,238.95
FIM-TLC-RSS-TLCIES_LIC,162.84
FIM-TLC-RSS-TLCIES_LIC,139.83
FIM-TLC-RSS-TLCIES_MAINT,269.04
FIM-TLC-RSS-TLCIES_MAINT,238.95
FIM-TLC-RSS-TLCIES_MAINT,162.84
FIM-TLC-RSS-TLCIES_MAINT,139.83
FIM-TLC-RSS-TRLOCE_MAINT,2809.87
FIM-TLC-RSS-TRLOCE_MAINT,2495.61
FIM-TLC-RSS-TRLOCE_MAINT,1700.71
FIM-TLC-RSS-TRLOCE_MAINT,1460.39
FIM-TLC-RSS-TRLOCE_LIC,2809.87
FIM-TLC-RSS-TRLOCE_LIC,2495.61
FIM-TLC-RSS-TRLOCE_LIC,1700.71
FIM-TLC-RSS-TRLOCE_LIC,1460.39
FIM-TLC-RSS-TRLOCE,2809.87
FIM-TLC-RSS-TRLOCE,2495.61
FIM-TLC-RSS-TRLOCE,1700.71
FIM-TLC-RSS-TRLOCE,1460.39
FIM-TLC-RSS-TLOCEM_MAINT,2872.8
FIM-TLC-RSS-TLOCEM_MAINT,2551.5
FIM-TLC-RSS-TLOCEM_MAINT,1738.8
FIM-TLC-RSS-TLOCEM_MAINT,1493.1
FIM-TLC-RSS-TLOCEM,2872.8
FIM-TLC-RSS-TLOCEM,2551.5
FIM-TLC-RSS-TLOCEM,1738.8
FIM-TLC-RSS-TLOCEM,1493.1
FIM-TLC-RSS-TLOCEM_LIC,2872.8
FIM-TLC-RSS-TLOCEM_LIC,2551.5
FIM-TLC-RSS-TLOCEM_LIC,1738.8
FIM-TLC-RSS-TLOCEM_LIC,1493.1
FIM-TLC-RSS-TRCS,94.24
FIM-TLC-RSS-TRCS,83.7
FIM-TLC-RSS-TRCS,57.04
FIM-TLC-RSS-TRCS,48.98
FIM-TLC-RSS-TRCS_MAINT,94.24
FIM-TLC-RSS-TRCS_MAINT,83.7
FIM-TLC-RSS-TRCS_MAINT,57.04
FIM-TLC-RSS-TRCS_MAINT,48.98
FIM-TLC-RSS-TRCS_LIC,94.24
FIM-TLC-RSS-TRCS_LIC,83.7
FIM-TLC-RSS-TRCS_LIC,57.04
FIM-TLC-RSS-TRCS_LIC,48.98
FIM-TLC-RSS-TLOCEP_MAINT,104.88
FIM-TLC-RSS-TLOCEP_MAINT,93.15
FIM-TLC-RSS-TLOCEP_MAINT,63.48
FIM-TLC-RSS-TLOCEP_MAINT,54.51
FIM-TLC-RSS-TLOCEP_LIC,104.88
FIM-TLC-RSS-TLOCEP_LIC,93.15
FIM-TLC-RSS-TLOCEP_LIC,63.48
FIM-TLC-RSS-TLOCEP_LIC,54.51
FIM-TLC-RSS-TLOCEP,104.88
FIM-TLC-RSS-TLOCEP,93.15
FIM-TLC-RSS-TLOCEP,63.48
FIM-TLC-RSS-TLOCEP,54.51
FIM-TLC-RSS-TLOCPS,269.04
FIM-TLC-RSS-TLOCPS,238.95
FIM-TLC-RSS-TLOCPS,162.84
FIM-TLC-RSS-TLOCPS,139.83
FIM-TLC-RSS-TLOCPS_LIC,269.04
FIM-TLC-RSS-TLOCPS_LIC,238.95
FIM-TLC-RSS-TLOCPS_LIC,162.84
FIM-TLC-RSS-TLOCPS_LIC,139.83
FIM-TLC-RSS-TLOCPS_MAINT,269.04
FIM-TLC-RSS-TLOCPS_MAINT,238.95
FIM-TLC-RSS-TLOCPS_MAINT,162.84
FIM-TLC-RSS-TLOCPS_MAINT,139.83
FIM-TLC-RSS-TLOCVE_LIC,278.16
FIM-TLC-RSS-TLOCVE_LIC,247.05
FIM-TLC-RSS-TLOCVE_LIC,168.36
FIM-TLC-RSS-TLOCVE_LIC,144.57
FIM-TLC-RSS-TLOCVE_MAINT,278.16
FIM-TLC-RSS-TLOCVE_MAINT,247.05
FIM-TLC-RSS-TLOCVE_MAINT,168.36
FIM-TLC-RSS-TLOCVE_MAINT,144.57
FIM-TLC-RSS-TLOCVE,278.16
FIM-TLC-RSS-TLOCVE,247.05
FIM-TLC-RSS-TLOCVE,168.36
FIM-TLC-RSS-TLOCVE,144.57
FIM-TLC-RSS-TLCMS_LIC,104.88
FIM-TLC-RSS-TLCMS_LIC,93.15
FIM-TLC-RSS-TLCMS_LIC,63.48
FIM-TLC-RSS-TLCMS_LIC,54.51
FIM-TLC-RSS-TLCMS_MAINT,104.88
FIM-TLC-RSS-TLCMS_MAINT,93.15
FIM-TLC-RSS-TLCMS_MAINT,63.48
FIM-TLC-RSS-TLCMS_MAINT,54.51
FIM-TLC-RSS-TLCMS,104.88
FIM-TLC-RSS-TLCMS,93.15
FIM-TLC-RSS-TLCMS,63.48
FIM-TLC-RSS-TLCMS,54.51
FIM-TLC-RSS-TLOCER_MAINT,269.04
FIM-TLC-RSS-TLOCER_MAINT,238.95
FIM-TLC-RSS-TLOCER_MAINT,162.84
FIM-TLC-RSS-TLOCER_MAINT,139.83
FIM-TLC-RSS-TLOCER_LIC,269.04
FIM-TLC-RSS-TLOCER_LIC,238.95
FIM-TLC-RSS-TLOCER_LIC,162.84
FIM-TLC-RSS-TLOCER_LIC,139.83
FIM-TLC-RSS-TLOCER,269.04
FIM-TLC-RSS-TLOCER,238.95
FIM-TLC-RSS-TLOCER,162.84
FIM-TLC-RSS-TLOCER,139.83
FIM-FIM-RSS-TSAES_MAINT,34.96
FIM-FIM-RSS-TSAES_MAINT,31.05
FIM-FIM-RSS-TSAES_MAINT,21.16
FIM-FIM-RSS-TSAES_MAINT,18.17
FIM-FIM-RSS-TSAES,34.96
FIM-FIM-RSS-TSAES,31.05
FIM-FIM-RSS-TSAES,21.16
FIM-FIM-RSS-TSAES,18.17
FIM-FIM-RSS-TSAES_LIC,34.96
FIM-FIM-RSS-TSAES_LIC,31.05
FIM-FIM-RSS-TSAES_LIC,21.16
FIM-FIM-RSS-TSAES_LIC,18.17
ES-SEG-RSS-TCSESU_LIC,89.68
ES-SEG-RSS-TCSESU_LIC,79.65
ES-SEG-RSS-TCSESU_LIC,54.28
ES-SEG-RSS-TCSESU_LIC,46.61
ES-SEG-RSS-TCSESU_MAINT,89.68
ES-SEG-RSS-TCSESU_MAINT,79.65
ES-SEG-RSS-TCSESU_MAINT,54.28
ES-SEG-RSS-TCSESU_MAINT,46.61
ES-SEG-RSS-TCSESU,89.68
ES-SEG-RSS-TCSESU,79.65
ES-SEG-RSS-TCSESU,54.28
ES-SEG-RSS-TCSESU,46.61
CM-TQU-RSUS-UNISYT,6256.32
CM-TQU-RSUS-UNISYT,5556.6
CM-TQU-RSUS-UNISYT,3786.72
CM-TQU-RSUS-UNISYT,3251.64
CM-TQU-RSUM-UTEQUO,206720
CM-TQU-RSUM-UTEQUO,183600
CM-TQU-RSUM-UTEQUO,125120
CM-TQU-RSUM-UTEQUO,107440
CM-TQU-RSUS-UTEQUR,7596.96
CM-TQU-RSUS-UTEQUR,6747.3
CM-TQU-RSUS-UTEQUR,4598.16
CM-TQU-RSUS-UTEQUR,3948.42
CM-TQU-RSUS-UTEQUS,1355.84
CM-TQU-RSUS-UTEQUS,1204.2
CM-TQU-RSUS-UTEQUS,820.64
CM-TQU-RSUS-UTEQUS,704.68
CM-TQU-RSUS-UTEQSO,3012.64
CM-TQU-RSUS-UTEQSO,2675.7
CM-TQU-RSUS-UTEQSO,1823.44
CM-TQU-RSUS-UTEQSO,1565.78
DP-DLP-RSS-UCFSS,55.08
DP-DLP-RSS-UCFSS,48.92
DP-DLP-RSS-UCFSS,33.34
DP-DLP-RSS-UCFSS,28.63
DP-DLP-RSS-UCFSS_LIC,55.08
DP-DLP-RSS-UCFSS_LIC,48.92
DP-DLP-RSS-UCFSS_LIC,33.34
DP-DLP-RSS-UCFSS_LIC,28.63
DP-DLP-RSS-UCFSS_MAINT,55.08
DP-DLP-RSS-UCFSS_MAINT,48.92
DP-DLP-RSS-UCFSS_MAINT,33.34
DP-DLP-RSS-UCFSS_MAINT,28.63
DP-DLP-RSS-UCOCS_LIC,8.39
DP-DLP-RSS-UCOCS_LIC,7.45
DP-DLP-RSS-UCOCS_LIC,5.08
DP-DLP-RSS-UCOCS_LIC,4.36
DP-DLP-RSS-UCOCS_MAINT,8.39
DP-DLP-RSS-UCOCS_MAINT,7.45
DP-DLP-RSS-UCOCS_MAINT,5.08
DP-DLP-RSS-UCOCS_MAINT,4.36
DP-DLP-RSS-UCOCS,8.39
DP-DLP-RSS-UCOCS,7.45
DP-DLP-RSS-UCOCS,5.08
DP-DLP-RSS-UCOCS,4.36
DP-DLP-RSS-UCRCS,8.39
DP-DLP-RSS-UCRCS,7.45
DP-DLP-RSS-UCRCS,5.08
DP-DLP-RSS-UCRCS,4.36
DP-DLP-RSS-UCRCS_MAINT,8.39
DP-DLP-RSS-UCRCS_MAINT,7.45
DP-DLP-RSS-UCRCS_MAINT,5.08
DP-DLP-RSS-UCRCS_MAINT,4.36
DP-DLP-RSS-UCRCS_LIC,8.39
DP-DLP-RSS-UCRCS_LIC,7.45
DP-DLP-RSS-UCRCS_LIC,5.08
DP-DLP-RSS-UCRCS_LIC,4.36
DP-DLP-RSS-UCSCS_MAINT,8.39
DP-DLP-RSS-UCSCS_MAINT,7.45
DP-DLP-RSS-UCSCS_MAINT,5.08
DP-DLP-RSS-UCSCS_MAINT,4.36
DP-DLP-RSS-UCSCS,8.39
DP-DLP-RSS-UCSCS,7.45
DP-DLP-RSS-UCSCS,5.08
DP-DLP-RSS-UCSCS,4.36
DP-DLP-RSS-UCSCS_LIC,8.39
DP-DLP-RSS-UCSCS_LIC,7.45
DP-DLP-RSS-UCSCS_LIC,5.08
DP-DLP-RSS-UCSCS_LIC,4.36
CS-DFT-RSS-UPMS_MAINT,15200
CS-DFT-RSS-UPMS_MAINT,13500
CS-DFT-RSS-UPMS_MAINT,9200
CS-DFT-RSS-UPMS_MAINT,7900
CS-DFT-RSS-UPMS,15200
CS-DFT-RSS-UPMS,13500
CS-DFT-RSS-UPMS,9200
CS-DFT-RSS-UPMS,7900
CS-DFT-RSS-UPMS_LIC,15200
CS-DFT-RSS-UPMS_LIC,13500
CS-DFT-RSS-UPMS_LIC,9200
CS-DFT-RSS-UPMS_LIC,7900
ES-SEG-NRPS-VDCSCE,6817.2
ES-SEG-NRPS-VDCSCE,6054.75
ES-SEG-NRPS-VDCSCE,4126.2
ES-SEG-NRPS-VDCSCE,3543.15
CM-VCM-RSS-VCMSPS,208.24
CM-VCM-RSS-VCMSPS,184.95
CM-VCM-RSS-VCMSPS,126.04
CM-VCM-RSS-VCMSPS,108.23
CM-VCM-RSS-VCMSPS_MAINT,208.24
CM-VCM-RSS-VCMSPS_MAINT,184.95
CM-VCM-RSS-VCMSPS_MAINT,126.04
CM-VCM-RSS-VCMSPS_MAINT,108.23
CM-VCM-RSS-VCMSPS_LIC,208.24
CM-VCM-RSS-VCMSPS_LIC,184.95
CM-VCM-RSS-VCMSPS_LIC,126.04
CM-VCM-RSS-VCMSPS_LIC,108.23
SM-VMC-RSS-VCCS_LIC,104.88
SM-VMC-RSS-VCCS_LIC,93.15
SM-VMC-RSS-VCCS_LIC,63.48
SM-VMC-RSS-VCCS_LIC,54.51
SM-VMC-RSS-VCCS_MAINT,104.88
SM-VMC-RSS-VCCS_MAINT,93.15
SM-VMC-RSS-VCCS_MAINT,63.48
SM-VMC-RSS-VCCS_MAINT,54.51
SM-VMC-RSS-VCCS,104.88
SM-VMC-RSS-VCCS,93.15
SM-VMC-RSS-VCCS,63.48
SM-VMC-RSS-VCCS,54.51
SM-VMC-RSS-VCJS,269.04
SM-VMC-RSS-VCJS,238.95
SM-VMC-RSS-VCJS,162.84
SM-VMC-RSS-VCJS,139.83
SM-VMC-RSS-VCJS_MAINT,269.04
SM-VMC-RSS-VCJS_MAINT,238.95
SM-VMC-RSS-VCJS_MAINT,162.84
SM-VMC-RSS-VCJS_MAINT,139.83
SM-VMC-RSS-VCJS_LIC,269.04
SM-VMC-RSS-VCJS_LIC,238.95
SM-VMC-RSS-VCJS_LIC,162.84
SM-VMC-RSS-VCJS_LIC,139.83
SM-PN-RSS-VISCPPS,150.48
SM-PN-RSS-VISCPPS,133.65
SM-PN-RSS-VISCPPS,91.08
SM-PN-RSS-VISCPPS,78.21
SM-PN-RSS-VISCPPS_LIC,150.48
SM-PN-RSS-VISCPPS_LIC,133.65
SM-PN-RSS-VISCPPS_LIC,91.08
SM-PN-RSS-VISCPPS_LIC,78.21
SM-PN-RSS-VISCPPS_MAINT,150.48
SM-PN-RSS-VISCPPS_MAINT,133.65
SM-PN-RSS-VISCPPS_MAINT,91.08
SM-PN-RSS-VISCPPS_MAINT,78.21
SM-PN-RSS-VILS,5763.84
SM-PN-RSS-VILS,5119.2
SM-PN-RSS-VILS,3488.64
SM-PN-RSS-VILS,2995.68
SM-PN-RSS-VILS_LIC,5763.84
SM-PN-RSS-VILS_LIC,5119.2
SM-PN-RSS-VILS_LIC,3488.64
SM-PN-RSS-VILS_LIC,2995.68
SM-PN-RSS-VILS_MAINT,5763.84
SM-PN-RSS-VILS_MAINT,5119.2
SM-PN-RSS-VILS_MAINT,3488.64
SM-PN-RSS-VILS_MAINT,2995.68
SM-VMC-RSS-VMCS_LIC,226.48
SM-VMC-RSS-VMCS_LIC,201.15
SM-VMC-RSS-VMCS_LIC,137.08
SM-VMC-RSS-VMCS_LIC,117.71
SM-VMC-RSS-VMCS,226.48
SM-VMC-RSS-VMCS,201.15
SM-VMC-RSS-VMCS,137.08
SM-VMC-RSS-VMCS,117.71
SM-VMC-RSS-VMCS_MAINT,226.48
SM-VMC-RSS-VMCS_MAINT,201.15
SM-VMC-RSS-VMCS_MAINT,137.08
SM-VMC-RSS-VMCS_MAINT,117.71
SM-VMC-RSS-VIBS_MAINT,118.56
SM-VMC-RSS-VIBS_MAINT,105.3
SM-VMC-RSS-VIBS_MAINT,71.76
SM-VMC-RSS-VIBS_MAINT,61.62
SM-VMC-RSS-VIBS,118.56
SM-VMC-RSS-VIBS,105.3
SM-VMC-RSS-VIBS,71.76
SM-VMC-RSS-VIBS,61.62
SM-VMC-RSS-VIBS_LIC,118.56
SM-VMC-RSS-VIBS_LIC,105.3
SM-VMC-RSS-VIBS_LIC,71.76
SM-VMC-RSS-VIBS_LIC,61.62
SM-VMC-RSS-VIOS_MAINT,1360.4
SM-VMC-RSS-VIOS_MAINT,1208.25
SM-VMC-RSS-VIOS_MAINT,823.4
SM-VMC-RSS-VIOS_MAINT,707.05
SM-VMC-RSS-VIOS_LIC,1360.4
SM-VMC-RSS-VIOS_LIC,1208.25
SM-VMC-RSS-VIOS_LIC,823.4
SM-VMC-RSS-VIOS_LIC,707.05
SM-VMC-RSS-VIOS,1360.4
SM-VMC-RSS-VIOS,1208.25
SM-VMC-RSS-VIOS,823.4
SM-VMC-RSS-VIOS,707.05
SM-VMC-RSS-VRCS_MAINT,313.12
SM-VMC-RSS-VRCS_MAINT,278.1
SM-VMC-RSS-VRCS_MAINT,189.52
SM-VMC-RSS-VRCS_MAINT,162.74
SM-VMC-RSS-VRCS_LIC,313.12
SM-VMC-RSS-VRCS_LIC,278.1
SM-VMC-RSS-VRCS_LIC,189.52
SM-VMC-RSS-VRCS_LIC,162.74
SM-VMC-RSS-VRCS,313.12
SM-VMC-RSS-VRCS,278.1
SM-VMC-RSS-VRCS,189.52
SM-VMC-RSS-VRCS,162.74
SM-VMC-RSS-VIVS_LIC,798
SM-VMC-RSS-VIVS_LIC,708.75
SM-VMC-RSS-VIVS_LIC,483
SM-VMC-RSS-VIVS_LIC,414.75
SM-VMC-RSS-VIVS_MAINT,798
SM-VMC-RSS-VIVS_MAINT,708.75
SM-VMC-RSS-VIVS_MAINT,483
SM-VMC-RSS-VIVS_MAINT,414.75
SM-VMC-RSS-VIVS,798
SM-VMC-RSS-VIVS,708.75
SM-VMC-RSS-VIVS,483
SM-VMC-RSS-VIVS,414.75
CM-VCM-RSS-VCMS,30096
CM-VCM-RSS-VCMS,26730
CM-VCM-RSS-VCMS,18216
CM-VCM-RSS-VCMS,15642
CM-VCM-RSS-VCMS_LIC,30096
CM-VCM-RSS-VCMS_LIC,26730
CM-VCM-RSS-VCMS_LIC,18216
CM-VCM-RSS-VCMS_LIC,15642
CM-VCM-RSS-VCMS_MAINT,30096
CM-VCM-RSS-VCMS_MAINT,26730
CM-VCM-RSS-VCMS_MAINT,18216
CM-VCM-RSS-VCMS_MAINT,15642
CM-VCM-RSS-VCMES_MAINT,95.76
CM-VCM-RSS-VCMES_MAINT,85.05
CM-VCM-RSS-VCMES_MAINT,57.96
CM-VCM-RSS-VCMES_MAINT,49.77
CM-VCM-RSS-VCMES,95.76
CM-VCM-RSS-VCMES,85.05
CM-VCM-RSS-VCMES,57.96
CM-VCM-RSS-VCMES,49.77
CM-VCM-RSS-VCMES_LIC,95.76
CM-VCM-RSS-VCMES_LIC,85.05
CM-VCM-RSS-VCMES_LIC,57.96
CM-VCM-RSS-VCMES_LIC,49.77
CM-VIM-RSS-VMS_LIC,141.36
CM-VIM-RSS-VMS_LIC,125.55
CM-VIM-RSS-VMS_LIC,85.56
CM-VIM-RSS-VMS_LIC,73.47
CM-VIM-RSS-VMS,141.36
CM-VIM-RSS-VMS,125.55
CM-VIM-RSS-VMS,85.56
CM-VIM-RSS-VMS,73.47
CM-VIM-RSS-VMS_MAINT,141.36
CM-VIM-RSS-VMS_MAINT,125.55
CM-VIM-RSS-VMS_MAINT,85.56
CM-VIM-RSS-VMS_MAINT,73.47
SM-VMC-RSS-VATS_MAINT,4180
SM-VMC-RSS-VATS_MAINT,3712.5
SM-VMC-RSS-VATS_MAINT,2530
SM-VMC-RSS-VATS_MAINT,2172.5
SM-VMC-RSS-VATS_LIC,4180
SM-VMC-RSS-VATS_LIC,3712.5
SM-VMC-RSS-VATS_LIC,2530
SM-VMC-RSS-VATS_LIC,2172.5
SM-VMC-RSS-VATS,4180
SM-VMC-RSS-VATS,3712.5
SM-VMC-RSS-VATS,2530
SM-VMC-RSS-VATS,2172.5
SM-VMC-RSS-VMAS_LIC,290.32
SM-VMC-RSS-VMAS_LIC,257.85
SM-VMC-RSS-VMAS_LIC,175.72
SM-VMC-RSS-VMAS_LIC,150.89
SM-VMC-RSS-VMAS,290.32
SM-VMC-RSS-VMAS,257.85
SM-VMC-RSS-VMAS,175.72
SM-VMC-RSS-VMAS,150.89
SM-VMC-RSS-VMAS_MAINT,290.32
SM-VMC-RSS-VMAS_MAINT,257.85
SM-VMC-RSS-VMAS_MAINT,175.72
SM-VMC-RSS-VMAS_MAINT,150.89
SM-VMC-RSS-VDAS_MAINT,95.76
SM-VMC-RSS-VDAS_MAINT,85.05
SM-VMC-RSS-VDAS_MAINT,57.96
SM-VMC-RSS-VDAS_MAINT,49.77
SM-VMC-RSS-VDAS,95.76
SM-VMC-RSS-VDAS,85.05
SM-VMC-RSS-VDAS,57.96
SM-VMC-RSS-VDAS,49.77
SM-VMC-RSS-VDAS_LIC,95.76
SM-VMC-RSS-VDAS_LIC,85.05
SM-VMC-RSS-VDAS_LIC,57.96
SM-VMC-RSS-VDAS_LIC,49.77
SM-VMC-RSS-VMVS_MAINT,849.68
SM-VMC-RSS-VMVS_MAINT,754.65
SM-VMC-RSS-VMVS_MAINT,514.28
SM-VMC-RSS-VMVS_MAINT,441.61
SM-VMC-RSS-VMVS,849.68
SM-VMC-RSS-VMVS,754.65
SM-VMC-RSS-VMVS,514.28
SM-VMC-RSS-VMVS,441.61
SM-VMC-RSS-VMVS_LIC,849.68
SM-VMC-RSS-VMVS_LIC,754.65
SM-VMC-RSS-VMVS_LIC,514.28
SM-VMC-RSS-VMVS_LIC,441.61
SM-VMC-RSS-VHOS_MAINT,4180
SM-VMC-RSS-VHOS_MAINT,3712.5
SM-VMC-RSS-VHOS_MAINT,2530
SM-VMC-RSS-VHOS_MAINT,2172.5
SM-VMC-RSS-VHOS,4180
SM-VMC-RSS-VHOS,3712.5
SM-VMC-RSS-VHOS,2530
SM-VMC-RSS-VHOS,2172.5
SM-VMC-RSS-VHOS_LIC,4180
SM-VMC-RSS-VHOS_LIC,3712.5
SM-VMC-RSS-VHOS_LIC,2530
SM-VMC-RSS-VHOS_LIC,2172.5
SM-VMC-RSS-VMCIS,22800
SM-VMC-RSS-VMCIS,20250
SM-VMC-RSS-VMCIS,13800
SM-VMC-RSS-VMCIS,11850
SM-VMC-RSS-VMCIS_LIC,22800
SM-VMC-RSS-VMCIS_LIC,20250
SM-VMC-RSS-VMCIS_LIC,13800
SM-VMC-RSS-VMCIS_LIC,11850
SM-VMC-RSS-VMCIS_MAINT,22800
SM-VMC-RSS-VMCIS_MAINT,20250
SM-VMC-RSS-VMCIS_MAINT,13800
SM-VMC-RSS-VMCIS_MAINT,11850
SM-VMC-RSS-VMISEP_MAINT,104.88
SM-VMC-RSS-VMISEP_MAINT,93.15
SM-VMC-RSS-VMISEP_MAINT,63.48
SM-VMC-RSS-VMISEP_MAINT,54.51
SM-VMC-RSS-VMISEP_LIC,104.88
SM-VMC-RSS-VMISEP_LIC,93.15
SM-VMC-RSS-VMISEP_LIC,63.48
SM-VMC-RSS-VMISEP_LIC,54.51
SM-VMC-RSS-VMISEP,104.88
SM-VMC-RSS-VMISEP,93.15
SM-VMC-RSS-VMISEP,63.48
SM-VMC-RSS-VMISEP,54.51
SM-VMC-RSS-VISES,269.04
SM-VMC-RSS-VISES,238.95
SM-VMC-RSS-VISES,162.84
SM-VMC-RSS-VISES,139.83
SM-VMC-RSS-VISES_LIC,269.04
SM-VMC-RSS-VISES_LIC,238.95
SM-VMC-RSS-VISES_LIC,162.84
SM-VMC-RSS-VISES_LIC,139.83
SM-VMC-RSS-VISES_MAINT,269.04
SM-VMC-RSS-VISES_MAINT,238.95
SM-VMC-RSS-VISES_MAINT,162.84
SM-VMC-RSS-VISES_MAINT,139.83
SM-VMC-RSS-VISESA_MAINT,104.88
SM-VMC-RSS-VISESA_MAINT,93.15
SM-VMC-RSS-VISESA_MAINT,63.48
SM-VMC-RSS-VISESA_MAINT,54.51
SM-VMC-RSS-VISESA_LIC,104.88
SM-VMC-RSS-VISESA_LIC,93.15
SM-VMC-RSS-VISESA_LIC,63.48
SM-VMC-RSS-VISESA_LIC,54.51
SM-VMC-RSS-VISESA,104.88
SM-VMC-RSS-VISESA,93.15
SM-VMC-RSS-VISESA,63.48
SM-VMC-RSS-VISESA,54.51
SM-VMC-RSS-VISSAS,269.04
SM-VMC-RSS-VISSAS,238.95
SM-VMC-RSS-VISSAS,162.84
SM-VMC-RSS-VISSAS,139.83
SM-VMC-RSS-VISSAS_LIC,269.04
SM-VMC-RSS-VISSAS_LIC,238.95
SM-VMC-RSS-VISSAS_LIC,162.84
SM-VMC-RSS-VISSAS_LIC,139.83
SM-VMC-RSS-VISSAS_MAINT,269.04
SM-VMC-RSS-VISSAS_MAINT,238.95
SM-VMC-RSS-VISSAS_MAINT,162.84
SM-VMC-RSS-VISSAS_MAINT,139.83
SM-VMC-RSS-VLOS_MAINT,56.24
SM-VMC-RSS-VLOS_MAINT,49.95
SM-VMC-RSS-VLOS_MAINT,34.04
SM-VMC-RSS-VLOS_MAINT,29.23
SM-VMC-RSS-VLOS,56.24
SM-VMC-RSS-VLOS,49.95
SM-VMC-RSS-VLOS,34.04
SM-VMC-RSS-VLOS,29.23
SM-VMC-RSS-VLOS_LIC,56.24
SM-VMC-RSS-VLOS_LIC,49.95
SM-VMC-RSS-VLOS_LIC,34.04
SM-VMC-RSS-VLOS_LIC,29.23
SM-VMC-RSS-VNOS_LIC,94.24
SM-VMC-RSS-VNOS_LIC,83.7
SM-VMC-RSS-VNOS_LIC,57.04
SM-VMC-RSS-VNOS_LIC,48.98
SM-VMC-RSS-VNOS_MAINT,94.24
SM-VMC-RSS-VNOS_MAINT,83.7
SM-VMC-RSS-VNOS_MAINT,57.04
SM-VMC-RSS-VNOS_MAINT,48.98
SM-VMC-RSS-VNOS,94.24
SM-VMC-RSS-VNOS,83.7
SM-VMC-RSS-VNOS,57.04
SM-VMC-RSS-VNOS,48.98
SM-VMC-RSS-VNSS_LIC,30.4
SM-VMC-RSS-VNSS_LIC,27
SM-VMC-RSS-VNSS_LIC,18.4
SM-VMC-RSS-VNSS_LIC,15.8
SM-VMC-RSS-VNSS,30.4
SM-VMC-RSS-VNSS,27
SM-VMC-RSS-VNSS,18.4
SM-VMC-RSS-VNSS,15.8
SM-VMC-RSS-VNSS_MAINT,30.4
SM-VMC-RSS-VNSS_MAINT,27
SM-VMC-RSS-VNSS_MAINT,18.4
SM-VMC-RSS-VNSS_MAINT,15.8
SM-VMC-RSS-VOOS,94.24
SM-VMC-RSS-VOOS,83.7
SM-VMC-RSS-VOOS,57.04
SM-VMC-RSS-VOOS,48.98
SM-VMC-RSS-VOOS_LIC,94.24
SM-VMC-RSS-VOOS_LIC,83.7
SM-VMC-RSS-VOOS_LIC,57.04
SM-VMC-RSS-VOOS_LIC,48.98
SM-VMC-RSS-VOOS_MAINT,94.24
SM-VMC-RSS-VOOS_MAINT,83.7
SM-VMC-RSS-VOOS_MAINT,57.04
SM-VMC-RSS-VOOS_MAINT,48.98
SM-VMC-RSS-VOSS_LIC,278.16
SM-VMC-RSS-VOSS_LIC,247.05
SM-VMC-RSS-VOSS_LIC,168.36
SM-VMC-RSS-VOSS_LIC,144.57
SM-VMC-RSS-VOSS_MAINT,278.16
SM-VMC-RSS-VOSS_MAINT,247.05
SM-VMC-RSS-VOSS_MAINT,168.36
SM-VMC-RSS-VOSS_MAINT,144.57
SM-VMC-RSS-VOSS,278.16
SM-VMC-RSS-VOSS,247.05
SM-VMC-RSS-VOSS,168.36
SM-VMC-RSS-VOSS,144.57
SM-VMC-RSS-VPCS_MAINT,94.24
SM-VMC-RSS-VPCS_MAINT,83.7
SM-VMC-RSS-VPCS_MAINT,57.04
SM-VMC-RSS-VPCS_MAINT,48.98
SM-VMC-RSS-VPCS,94.24
SM-VMC-RSS-VPCS,83.7
SM-VMC-RSS-VPCS,57.04
SM-VMC-RSS-VPCS,48.98
SM-VMC-RSS-VPCS_LIC,94.24
SM-VMC-RSS-VPCS_LIC,83.7
SM-VMC-RSS-VPCS_LIC,57.04
SM-VMC-RSS-VPCS_LIC,48.98
SM-VMC-RSS-VPUS_MAINT,94.24
SM-VMC-RSS-VPUS_MAINT,83.7
SM-VMC-RSS-VPUS_MAINT,57.04
SM-VMC-RSS-VPUS_MAINT,48.98
SM-VMC-RSS-VPUS_LIC,94.24
SM-VMC-RSS-VPUS_LIC,83.7
SM-VMC-RSS-VPUS_LIC,57.04
SM-VMC-RSS-VPUS_LIC,48.98
SM-VMC-RSS-VPUS,94.24
SM-VMC-RSS-VPUS,83.7
SM-VMC-RSS-VPUS,57.04
SM-VMC-RSS-VPUS,48.98
SM-VMC-RSS-VMCSCAS_LIC,6589.2
SM-VMC-RSS-VMCSCAS_LIC,5852.25
SM-VMC-RSS-VMCSCAS_LIC,3988.2
SM-VMC-RSS-VMCSCAS_LIC,3424.65
SM-VMC-RSS-VMCSCAS_MAINT,6589.2
SM-VMC-RSS-VMCSCAS_MAINT,5852.25
SM-VMC-RSS-VMCSCAS_MAINT,3988.2
SM-VMC-RSS-VMCSCAS_MAINT,3424.65
SM-VMC-RSS-VMCSCAS,6589.2
SM-VMC-RSS-VMCSCAS,5852.25
SM-VMC-RSS-VMCSCAS,3988.2
SM-VMC-RSS-VMCSCAS,3424.65
SM-VMC-RSS-VSAS,94.24
SM-VMC-RSS-VSAS,83.7
SM-VMC-RSS-VSAS,57.04
SM-VMC-RSS-VSAS,48.98
SM-VMC-RSS-VSAS_LIC,94.24
SM-VMC-RSS-VSAS_LIC,83.7
SM-VMC-RSS-VSAS_LIC,57.04
SM-VMC-RSS-VSAS_LIC,48.98
SM-VMC-RSS-VSAS_MAINT,94.24
SM-VMC-RSS-VSAS_MAINT,83.7
SM-VMC-RSS-VSAS_MAINT,57.04
SM-VMC-RSS-VSAS_MAINT,48.98
SM-VMC-RSS-VMSQL_MAINT,1881.76
SM-VMC-RSS-VMSQL_MAINT,1671.3
SM-VMC-RSS-VMSQL_MAINT,1138.96
SM-VMC-RSS-VMSQL_MAINT,978.02
SM-VMC-RSS-VMSQL_LIC,1881.76
SM-VMC-RSS-VMSQL_LIC,1671.3
SM-VMC-RSS-VMSQL_LIC,1138.96
SM-VMC-RSS-VMSQL_LIC,978.02
SM-VMC-RSS-VMSQL,1881.76
SM-VMC-RSS-VMSQL,1671.3
SM-VMC-RSS-VMSQL,1138.96
SM-VMC-RSS-VMSQL,978.02
SM-VMC-RSS-VMCSSE,1881.76
SM-VMC-RSS-VMCSSE,1671.3
SM-VMC-RSS-VMCSSE,1138.96
SM-VMC-RSS-VMCSSE,978.02
SM-VMC-RSS-VMCSSE_LIC,1881.76
SM-VMC-RSS-VMCSSE_LIC,1671.3
SM-VMC-RSS-VMCSSE_LIC,1138.96
SM-VMC-RSS-VMCSSE_LIC,978.02
SM-VMC-RSS-VMCSSE_MAINT,1881.76
SM-VMC-RSS-VMCSSE_MAINT,1671.3
SM-VMC-RSS-VMCSSE_MAINT,1138.96
SM-VMC-RSS-VMCSSE_MAINT,978.02
SM-VMC-RSS-VUOS,828.4
SM-VMC-RSS-VUOS,735.75
SM-VMC-RSS-VUOS,501.4
SM-VMC-RSS-VUOS,430.55
SM-VMC-RSS-VUOS_MAINT,828.4
SM-VMC-RSS-VUOS_MAINT,735.75
SM-VMC-RSS-VUOS_MAINT,501.4
SM-VMC-RSS-VUOS_MAINT,430.55
SM-VMC-RSS-VUOS_LIC,828.4
SM-VMC-RSS-VUOS_LIC,735.75
SM-VMC-RSS-VUOS_LIC,501.4
SM-VMC-RSS-VUOS_LIC,430.55
SM-VMC-RSS-VUSS_MAINT,1588.4
SM-VMC-RSS-VUSS_MAINT,1410.75
SM-VMC-RSS-VUSS_MAINT,961.4
SM-VMC-RSS-VUSS_MAINT,825.55
SM-VMC-RSS-VUSS_LIC,1588.4
SM-VMC-RSS-VUSS_LIC,1410.75
SM-VMC-RSS-VUSS_LIC,961.4
SM-VMC-RSS-VUSS_LIC,825.55
SM-VMC-RSS-VUSS,1588.4
SM-VMC-RSS-VUSS,1410.75
SM-VMC-RSS-VUSS,961.4
SM-VMC-RSS-VUSS,825.55
SM-VMC-RSS-VVMS_MAINT,16720
SM-VMC-RSS-VVMS_MAINT,14850
SM-VMC-RSS-VVMS_MAINT,10120
SM-VMC-RSS-VVMS_MAINT,8690
SM-VMC-RSS-VVMS,16720
SM-VMC-RSS-VVMS,14850
SM-VMC-RSS-VVMS,10120
SM-VMC-RSS-VVMS,8690
SM-VMC-RSS-VVMS_LIC,16720
SM-VMC-RSS-VVMS_LIC,14850
SM-VMC-RSS-VVMS_LIC,10120
SM-VMC-RSS-VVMS_LIC,8690
SM-VMC-RSS-VVOS,2508
SM-VMC-RSS-VVOS,2227.5
SM-VMC-RSS-VVOS,1518
SM-VMC-RSS-VVOS,1303.5
SM-VMC-RSS-VVOS_LIC,2508
SM-VMC-RSS-VVOS_LIC,2227.5
SM-VMC-RSS-VVOS_LIC,1518
SM-VMC-RSS-VVOS_LIC,1303.5
SM-VMC-RSS-VVOS_MAINT,2508
SM-VMC-RSS-VVOS_MAINT,2227.5
SM-VMC-RSS-VVOS_MAINT,1518
SM-VMC-RSS-VVOS_MAINT,1303.5
SM-VMC-RSS-VVSS_LIC,2508
SM-VMC-RSS-VVSS_LIC,2227.5
SM-VMC-RSS-VVSS_LIC,1518
SM-VMC-RSS-VVSS_LIC,1303.5
SM-VMC-RSS-VVSS,2508
SM-VMC-RSS-VVSS,2227.5
SM-VMC-RSS-VVSS,1518
SM-VMC-RSS-VVSS,1303.5
SM-VMC-RSS-VVSS_MAINT,2508
SM-VMC-RSS-VVSS_MAINT,2227.5
SM-VMC-RSS-VVSS_MAINT,1518
SM-VMC-RSS-VVSS_MAINT,1303.5
SM-VMC-RSS-VWOS_MAINT,17905.6
SM-VMC-RSS-VWOS_MAINT,15903
SM-VMC-RSS-VWOS_MAINT,10837.6
SM-VMC-RSS-VWOS_MAINT,9306.2
SM-VMC-RSS-VWOS_LIC,17905.6
SM-VMC-RSS-VWOS_LIC,15903
SM-VMC-RSS-VWOS_LIC,10837.6
SM-VMC-RSS-VWOS_LIC,9306.2
SM-VMC-RSS-VWOS,17905.6
SM-VMC-RSS-VWOS,15903
SM-VMC-RSS-VWOS,10837.6
SM-VMC-RSS-VWOS,9306.2
SM-VMC-RSS-VWPS_LIC,8952.8
SM-VMC-RSS-VWPS_LIC,7951.5
SM-VMC-RSS-VWPS_LIC,5418.8
SM-VMC-RSS-VWPS_LIC,4653.1
SM-VMC-RSS-VWPS_MAINT,8952.8
SM-VMC-RSS-VWPS_MAINT,7951.5
SM-VMC-RSS-VWPS_MAINT,5418.8
SM-VMC-RSS-VWPS_MAINT,4653.1
SM-VMC-RSS-VWPS,8952.8
SM-VMC-RSS-VWPS,7951.5
SM-VMC-RSS-VWPS,5418.8
SM-VMC-RSS-VWPS,4653.1
SM-VMC-RSS-VMPS_MAINT,5396
SM-VMC-RSS-VMPS_MAINT,4792.5
SM-VMC-RSS-VMPS_MAINT,3266
SM-VMC-RSS-VMPS_MAINT,2804.5
SM-VMC-RSS-VMPS,5396
SM-VMC-RSS-VMPS,4792.5
SM-VMC-RSS-VMPS,3266
SM-VMC-RSS-VMPS,2804.5
SM-VMC-RSS-VMPS_LIC,5396
SM-VMC-RSS-VMPS_LIC,4792.5
SM-VMC-RSS-VMPS_LIC,3266
SM-VMC-RSS-VMPS_LIC,2804.5
FIM-FIM-RSS-VEMEVS,30400
FIM-FIM-RSS-VEMEVS,27000
FIM-FIM-RSS-VEMEVS,18400
FIM-FIM-RSS-VEMEVS,15800
FIM-FIM-RSS-VEMEVS_MAINT,30400
FIM-FIM-RSS-VEMEVS_MAINT,27000
FIM-FIM-RSS-VEMEVS_MAINT,18400
FIM-FIM-RSS-VEMEVS_MAINT,15800
FIM-FIM-RSS-VEMEVS_LIC,30400
FIM-FIM-RSS-VEMEVS_LIC,27000
FIM-FIM-RSS-VEMEVS_LIC,18400
FIM-FIM-RSS-VEMEVS_LIC,15800
FIM-FIM-RSS-VEMEES,4552.4
FIM-FIM-RSS-VEMEES,4043.25
FIM-FIM-RSS-VEMEES,2755.4
FIM-FIM-RSS-VEMEES,2366.05
FIM-FIM-RSS-VEMEES_LIC,4552.4
FIM-FIM-RSS-VEMEES_LIC,4043.25
FIM-FIM-RSS-VEMEES_LIC,2755.4
FIM-FIM-RSS-VEMEES_LIC,2366.05
FIM-FIM-RSS-VEMEES_MAINT,4552.4
FIM-FIM-RSS-VEMEES_MAINT,4043.25
FIM-FIM-RSS-VEMEES_MAINT,2755.4
FIM-FIM-RSS-VEMEES_MAINT,2366.05
FIM-FIM-RSS-VEMELS,12160
FIM-FIM-RSS-VEMELS,10800
FIM-FIM-RSS-VEMELS,7360
FIM-FIM-RSS-VEMELS,6320
FIM-FIM-RSS-VEMELS_MAINT,12160
FIM-FIM-RSS-VEMELS_MAINT,10800
FIM-FIM-RSS-VEMELS_MAINT,7360
FIM-FIM-RSS-VEMELS_MAINT,6320
FIM-FIM-RSS-VEMELS_LIC,12160
FIM-FIM-RSS-VEMELS_LIC,10800
FIM-FIM-RSS-VEMELS_LIC,7360
FIM-FIM-RSS-VEMELS_LIC,6320
HRM-HRM-RSL-VOLVSA,1900
HRM-HRM-RSL-VOLVSA,1687.5
HRM-HRM-RSL-VOLVSA,1150
HRM-HRM-RSL-VOLVSA,987.5
ES-ETM-RMS-VOLVSE,3800
ES-ETM-RMS-VOLVSE,3375
ES-ETM-RMS-VOLVSE,2300
ES-ETM-RMS-VOLVSE,1975
DM-WFM-RSS-WEBFSU_MAINT,8778
DM-WFM-RSS-WEBFSU_MAINT,7796.25
DM-WFM-RSS-WEBFSU_MAINT,5313
DM-WFM-RSS-WEBFSU_MAINT,4562.25
DM-WFM-RSS-WEBFSU_LIC,8778
DM-WFM-RSS-WEBFSU_LIC,7796.25
DM-WFM-RSS-WEBFSU_LIC,5313
DM-WFM-RSS-WEBFSU_LIC,4562.25
DM-WFM-RSS-WEBFSU,8778
DM-WFM-RSS-WEBFSU,7796.25
DM-WFM-RSS-WEBFSU,5313
DM-WFM-RSS-WEBFSU,4562.25
DM-WS-RSS-WEBSSU_MAINT,2194.5
DM-WS-RSS-WEBSSU_MAINT,1949.06
DM-WS-RSS-WEBSSU_MAINT,1328.25
DM-WS-RSS-WEBSSU_MAINT,1140.56
DM-WS-RSS-WEBSSU,2194.5
DM-WS-RSS-WEBSSU,1949.06
DM-WS-RSS-WEBSSU,1328.25
DM-WS-RSS-WEBSSU,1140.56
DM-WS-RSS-WEBSSU_LIC,2194.5
DM-WS-RSS-WEBSSU_LIC,1949.06
DM-WS-RSS-WEBSSU_LIC,1328.25
DM-WS-RSS-WEBSSU_LIC,1140.56
DM-WCU-RSS-WAISUB,3072.3
DM-WCU-RSS-WAISUB,2728.69
DM-WCU-RSS-WAISUB,1859.55
DM-WCU-RSS-WAISUB,1596.79
DM-WCU-RSS-WAISUB_LIC,3072.3
DM-WCU-RSS-WAISUB_LIC,2728.69
DM-WCU-RSS-WAISUB_LIC,1859.55
DM-WCU-RSS-WAISUB_LIC,1596.79
DM-WCU-RSS-WAISUB_MAINT,3072.3
DM-WCU-RSS-WAISUB_MAINT,2728.69
DM-WCU-RSS-WAISUB_MAINT,1859.55
DM-WCU-RSS-WAISUB_MAINT,1596.79
DM-DLN-RSS-WSS,1755.6
DM-DLN-RSS-WSS,1559.25
DM-DLN-RSS-WSS,1062.6
DM-DLN-RSS-WSS,912.45
DM-DLN-RSS-WSS_MAINT,1755.6
DM-DLN-RSS-WSS_MAINT,1559.25
DM-DLN-RSS-WSS_MAINT,1062.6
DM-DLN-RSS-WSS_MAINT,912.45
DM-DLN-RSS-WSS_LIC,1755.6
DM-DLN-RSS-WSS_LIC,1559.25
DM-DLN-RSS-WSS_LIC,1062.6
DM-DLN-RSS-WSS_LIC,912.45
DM-DLN-RSS-WSEFS_MAINT,5016
DM-DLN-RSS-WSEFS_MAINT,4455
DM-DLN-RSS-WSEFS_MAINT,3036
DM-DLN-RSS-WSEFS_MAINT,2607
DM-DLN-RSS-WSEFS,5016
DM-DLN-RSS-WSEFS,4455
DM-DLN-RSS-WSEFS,3036
DM-DLN-RSS-WSEFS,2607
DM-DLN-RSS-WSEFS_LIC,5016
DM-DLN-RSS-WSEFS_LIC,4455
DM-DLN-RSS-WSEFS_LIC,3036
DM-DLN-RSS-WSEFS_LIC,2607
CDP-ZTN-RSL-ZTNALS,121.6
CDP-ZTN-RSL-ZTNALS,108
CDP-ZTN-RSL-ZTNALS,73.6
CDP-ZTN-RSL-ZTNALS,63.2
CYB-DCS-UC-CMP,250
CYB-DCS-UC-CMP,337.5
DP-DC-RSS-DCSAB,42
DP-DC-RSS-DCSAB,63.84
DP-DC-RSS-DCSAB,56.7
DP-DC-RSS-DCSAB,38.64
DP-DC-RSS-DCSAB,33.18
DP-DC-RSS-DCSAB_LIC,42
DP-DC-RSS-DCSAB_LIC,63.84
DP-DC-RSS-DCSAB_LIC,56.7
DP-DC-RSS-DCSAB_LIC,38.64
DP-DC-RSS-DCSAB_LIC,33.18
DP-DC-RSS-DCSAB_MAINT,42
DP-DC-RSS-DCSAB_MAINT,63.84
DP-DC-RSS-DCSAB_MAINT,56.7
DP-DC-RSS-DCSAB_MAINT,38.64
DP-DC-RSS-DCSAB_MAINT,33.18
DP-DC-RSS-DCSESB,35
DP-DC-RSS-DCSESB,53.2
DP-DC-RSS-DCSESB,47.25
DP-DC-RSS-DCSESB,32.2
DP-DC-RSS-DCSESB,27.65
DP-DC-RSS-DCSESB_LIC,35
DP-DC-RSS-DCSESB_LIC,53.2
DP-DC-RSS-DCSESB_LIC,47.25
DP-DC-RSS-DCSESB_LIC,32.2
DP-DC-RSS-DCSESB_LIC,27.65
DP-DC-RSS-DCSESB_MAINT,35
DP-DC-RSS-DCSESB_MAINT,53.2
DP-DC-RSS-DCSESB_MAINT,47.25
DP-DC-RSS-DCSESB_MAINT,32.2
DP-DC-RSS-DCSESB_MAINT,27.65
CDP-DPM-RSL-DSPMAB,75
CDP-DPM-RSL-DSPMAB,114
CDP-DPM-RSL-DSPMAB,101.25
CDP-DPM-RSL-DSPMAB,69
CDP-DPM-RSL-DSPMAB,59.25
CDP-DPM-RSL-DSPMEB,68
CDP-DPM-RSL-DSPMEB,103.36
CDP-DPM-RSL-DSPMEB,91.8
CDP-DPM-RSL-DSPMEB,62.56
CDP-DPM-RSL-DSPMEB,53.72
DP-DC-RSL-DCSEB,62
DP-DC-RSL-DCSEB,94.24
DP-DC-RSL-DCSEB,83.7
DP-DC-RSL-DCSEB,57.04
DP-DC-RSL-DCSEB,48.98
DP-DLP-RSL-DLPABSA,90
DP-DLP-RSL-DLPABSA,136.8
DP-DLP-RSL-DLPABSA,121.5
DP-DLP-RSL-DLPABSA,82.8
DP-DLP-RSL-DLPABSA,71.1
DP-DLP-RSL-DLPEBSA,110
DP-DLP-RSL-DLPEBSA,167.2
DP-DLP-RSL-DLPEBSA,148.5
DP-DLP-RSL-DLPEBSA,101.2
DP-DLP-RSL-DLPEBSA,86.9
DP-DLP-RSL-DLPESSA,75
DP-DLP-RSL-DLPESSA,114
DP-DLP-RSL-DLPESSA,101.25
DP-DLP-RSL-DLPESSA,69
DP-DLP-RSL-DLPESSA,59.25
GS-GSE-RSL-EAS,100
HRM-HRM-RSL-SALSBS,3000
HRM-HRM-RSL-SAPCBSMS,3000
HRM-HRM-RSL-SALUBS,5000
HRM-HRM-RSL-SALCBS,2400
HRM-HRM-RSL-TRAIPL,2000
HRM-HRM-RSL-SAPSBSMS,4000
HRM-HRM-RSL-CLSAAS,2180
HRM-HRM-RSL-SAPUBSMS,6000
OS-COS-RNM-CSNM-TECH,18860
OS-COS-RRM-CSRM-TECH,18860
OS-CI-RSS-CIS-TECH,560.88
OS-COS-NRST-CIC1S-TECH,600
OS-COS-NRST-CIICS-TECH,1292
OS-COS-NRST-CIC2S-TECH,350
OS-CI-RRM-OFFERE-TECH,0.2
OS-COS-NRPS-COBSTR-TECH,20500
GOA-GAM-RSS-GAAWRS-TECH,12650
BP-ETM-RMS-COUNTE-TECH,20000
BP-ETM-RMS-CREDBA-TECH,5000
BP-ETM-RMS-CREDTI-TECH,20000
BP-TSE-RMS-DARKCC-TECH,2000
BP-ETM-RMS-OPENSU-TECH,2000
CDP-CSB-RSL-CASBSN-TECH,46
CDP-CSB-RSL-CASBSI-TECH,18.9
CDP-CSB-RSL-CASBSF-TECH,76
CDP-CSB-RSL-CSPMS-TECH,15200
CDP-DPM-RSL-DSPMH-TECH,6750
CDP-ZTN-RSL-ZTNALS-TECH,80
CDP-DPM-RSL-DSHDDS-TECH,5000
CDP-DPM-RSL-DSPMAB-TECH,75
CDP-DPM-RSL-DSPMEB-TECH,68
HRM-HRM-RSP-HRMGMT-TECH,22500
HRM-HRM-RSL-ATT-TECH,1150
HRM-HRM-RSL-CLSAAS-TECH,2943
HRM-HRM-RSL-CLSACH-TECH,1102.9
HRM-HRM-RSL-CCHOPS-TECH,500
HRM-HRM-RSL-HIPAAH-TECH,2000
HRM-HRM-RRM-HRMRM-TECH,0.16
HRM-HRM-RSL-OPENAS-TECH,2000
HRM-HRM-RSL-PE:PSS-TECH,1520
HRM-HRM-RSL-PCIDSS-TECH,2000
HRM-HRM-RSL-PIIPS-TECH,2000
HRM-HRM-RSL-PRIVAC-TECH,2000
HRM-HRM-RSL-PHIPS-TECH,2400
HRM-HRM-RSL-SALCBS-TECH,2400
HRM-HRM-RSL-SALSBS-TECH,3000
HRM-HRM-RSL-SALUBS-TECH,5000
HRM-HRM-RSL-SAPCBWPS-TECH,2000
HRM-HRM-RSL-SAPCBSMS-TECH,3000
HRM-HRM-RSL-SAPSBSMS-TECH,6080
HRM-HRM-RSL-SAPUBSMS-TECH,6000
HRM-HRM-RSP-HMSPCS-TECH,1012.5
HRM-HRM-RSP-HMSQS-TECH,450
HRM-HRM-RSP-HMSSCS-TECH,1125
HRM-HRM-RSP-HMSVCCS-TECH,1125
HRM-HRM-RSP-HMSSCSUS-TECH,0.99
HRM-HRM-RSP-HMSVCSUS-TECH,0.99
HRM-HRM-RSP-HMSATS-TECH,450
HRM-HRM-RSL-TRAIPL-TECH,3040
HRM-HRM-RSL-VOLVSA-TECH,987.5
VM-DDL-RSL-FPCIAS-TECH,1262.25
VM-DDL-RSL-FATSWP-TECH,4.56
VM-DDL-RSL-DSMFAL-TECH,72
VM-DDL-NRSU-2X7X3M-TECH,15000
VM-DDL-RSL-ACTITH-TECH,9
VM-DDL-NRST-FPTEOS-TECH,1622.66
VM-DDL-RRM-VULNRE-TECH,0.16
VM-VLM-RSL-FMVAS-TECH,2370
VM-VLM-RSL-FVSS-TECH,237
VM-VLM-RSP-RTPTRS-TECH,25000
DP-DC-RSP-DCS-TECH,250
DP-DC-RSS-DCSAB-TECH,42
DP-DC-RSS-DCSPLS-TECH,63.84
DP-DC-RSS-FCSES-TECH,35
DP-DC-RSS-FCSPS-TECH,40
DP-DC-RSS-FDUAPS-TECH,65
DP-DC-RSS-FDCSGS-TECH,63.7
DP-DC-RSS-FDUPPS-TECH,56
DP-DC-RSL-DPMDSS-TECH,3000
DP-DC-RSS-DCSESB-TECH,35
DP-DC-RSL-DCSEB-TECH,62
DP-DC-RSS-FDCSUGS-TECH,43.36
DP-DC-RSS-FDAPS-TECH,66.15
DP-DC-RSS-FDEPS-TECH,35
DP-DC-RSS-FDDS-TECH,14
DP-DC-RSS-FDCSDGS-TECH,13.72
DP-DC-RSS-FMIOSS-TECH,3.3
DP-DC-RSS-TCSS-TECH,8907
BI-SDW-RSS-TRENSU-TECH,12024.45
BI-SQ-RSS-SSMBPS-TECH,2811
BI-SQ-RSS-SSMBSS-TECH,2096
BI-SQ-RSS-SSMB-TECH,1097
BI-QRW-RSP-SHCRS-TECH,275
CYB-DCS-UC-CMP-TECH,337.5
CYB-DCS-UC-CMP-TECH,250
DP-DC-RSS-TMCS-TECH,8194.44
DP-DLP-RSL-ARCO-TECH,29.16
DP-DLP-RSS-ATPSUB-TECH,50.4
DP-DLP-RSS-COMPLI-TECH,39.24
DP-DLP-RRM-DPRM-TECH,0.2
DP-DLP-RSL-DPPS-TECH,12.1
DP-DLP-RSS-DGDMCS-TECH,33200
DP-DLP-RSL-DGDSSE-TECH,3.3
DP-DLP-RSL-DGDSSU-TECH,1.6
DP-DLP-RSL-ADRICR-TECH,5.75
DP-DLP-RSL-DLPABSA-TECH,90
DP-DLP-RMS-INVESU-TECH,50.04
DP-DLP-RSL-NDS-TECH,36
DP-DLP-RSS-NDWES-TECH,36
DP-DLP-RSS-DVCSUB-TECH,92.4
DP-DLP-RSS-EDRS-TECH,61.44
DP-DLP-RSS-EDS-TECH,15
DP-DLP-RMS-MANAGE-TECH,29.04
DP-DLP-RSP-RES-TECH,360000
DP-DLP-RSP-ESCS-TECH,8000
DP-DLP-RSP-ESES-TECH,70000
DP-DLP-RSP-EXSEHSS-TECH,26000
DP-DLP-NRST-PSHPOP-TECH,325
DP-DLP-RSL-LDRDI-TECH,4.75
DP-DLP-RSL-OCRDLP-TECH,2000
DP-DLP-RSL-DLPEBSA-TECH,110
DP-DLP-RSL-DLPESSA-TECH,75
DP-DLP-RSS-UCFSS-TECH,28.63
DP-DLP-RSS-UCOCS-TECH,5.52
DP-DLP-RSS-UCRCS-TECH,8.39
DP-DLP-RSS-UCSCS-TECH,5.52
DP-SC-RSL-SDKR-TECH,50000
DP-SC-RSL-SCPIUT-TECH,25000
ES-CEP-RSL-ACTIDB-TECH,94000
ES-CEP-RSL-CEPS-TECH,2500
ES-CEP-RSL-PHISDE-TECH,5000
ES-DMP-RSL-APAOS-TECH,5000
ES-DMP-RMS-BECE-TECH,5000
ES-DMP-RSL-DMARPR-TECH,2600
ES-DMP-RMS-MMAFS-TECH,4000
ES-ESO-RMS-ETIS-TECH,3680
ES-ETM-RMS-VOLVSE-TECH,3375
ES-ETM-RMS-SUSPAN-TECH,9085
ES-ETM-RMS-SUSPIN-TECH,27000
ES-MSO-RSSH-MSOARS-TECH,8464
ES-SEG-RSS-OFIS-TECH,65
ES-SEG-RNM-CSEGANM-TECH,71.85
ES-SEG-RRM-CSEGARM-TECH,47.27
ES-SEG-RSS-A4ESUB-TECH,19.5
ES-SEG-RRM-ESRM-TECH,0.2
ES-SEG-NRPS-CSEGKP-TECH,47.27
ES-SIG-RSS-SSSIGS_LIC-TECH,498.15
ES-SEG-RSP-PREMS1-TECH,29640
ES-SEG-RSS-SEGS-TECH,1380
ES-SEG-RSS-TCSESU-TECH,59
ES-SEG-NRPS-VDCSCE-TECH,4485
ES-SXG-RSS-SEEXCH-TECH,3125
ES-SIG-RSS-SIGS-TECH,2625
ES-SIG-RSS-SICGPE-TECH,3375
ES-SIG-RSS-SSSIGS-TECH,369
FIM-FIM-RRM-TFSWRM-TECH,27.65
FIM-FIM-RRM-TACM-TECH,2645
FIM-FIM-RRM-TRAP-TECH,2645
FIM-FIM-RRM-TRIPWA-TECH,1265
FIM-FIM-RRM-TAESUR-TECH,2645
FIM-FIM-RRM-TRIPAP-TECH,3306
FIM-FIM-RRM-TRAPP-TECH,3306
ES-SEA-RSL-B1IAAB-TECH,28.08
ES-SEA-RSL-PHISRE-TECH,2024
FIM-FIM-RRM-CCMNDR-TECH,46.26
FIM-FIM-RSS-CCMNDS-TECH,93
FIM-FIM-RSS-CCMSFO-TECH,37.92
FIM-FIM-RRM-CCMSRM-TECH,45.77
FIM-FIM-RSS-CCMSES-TECH,188.48
FIM-FIM-RSS-CCMSPD-TECH,7.9
FIM-FIM-RRM-CCMSIR-TECH,7.27
FIM-FIM-RSS-CCMSID-TECH,23
FIM-FIM-RSS-CCMWFO-TECH,17
FIM-FIM-RRM-CCMWRM-TECH,15.87
FIM-FIM-RSS-CCMWOS-TECH,42
FIM-FIM-RRM-CCMLIR-TECH,4195.2
FIM-FIM-RSS-CCMLIS-TECH,7440
FIM-FIM-RRM-CCMLSC-TECH,702.24
FIM-FIM-RSS-CCMMSF-TECH,16620
FIM-FIM-RRM-CCMMSR-TECH,7992.5
FIM-FIM-RSS-CCMMSS-TECH,21540
FIM-FIM-RRM-CCMSCA-TECH,966
FIM-FIM-RSS-CCMWLS-TECH,707.05
FIM-FIM-RSS-CCMWSE-TECH,2340
FIM-FIM-RSS-CCMWIN-TECH,2340
FIM-FIM-RRM-DPEREN-TECH,1033.85
FIM-FIM-RSS-DPESUB-TECH,2340
FIM-FIM-RRM-DPEERM-TECH,144
FIM-FIM-RSS-DPEEXS-TECH,325
FIM-FIM-RRM-DPELRM-TECH,575.09
FIM-FIM-RSS-DPELIS-TECH,895
FIM-FIM-RRM-DP700RM-TECH,1279.26
FIM-FIM-RSS-DP700S-TECH,3450
FIM-FIM-RRM-IP36RE-TECH,8.05
FIM-FIM-RSS-IP36SU-TECH,22
FIM-FIM-RRM-FIMLST-TECH,46
FIM-FIM-RRM-FIMMIS-TECH,23
FIM-FIM-RRM-FIMSMR-TECH,23
FIM-FIM-RRM-FIMMRE-TECH,34
FIM-FIM-RSP-PPTRERS-TECH,215000
FIM-FIM-RSP-PPTRERRS-TECH,215000
FIM-FIM-RRM-IP36FRM-TECH,10.35
FIM-FIM-RSS-TAPP-TECH,1609
FIM-FIM-RRM-TRIAPT-TECH,3306
FIM-FIM-RSS-TRIATE-TECH,4335
FIM-FIM-RRM-TEUSLFRM-TECH,9375
GS-GSE-RRM-EAAM-TECH,1208
FIM-TLC-RRM-TRLO-TECH,10.74
FIM-TLC-RSS-TLCS-TECH,299
FIM-TLC-RRM-TLCCRM-TECH,1609
FIM-TLC-RSS-TLCCS-TECH,67706.88
FIM-TLC-RRM-TRIPLO-TECH,23
FIM-TLC-RRM-TRLOG-TECH,7.59
FIM-TLC-RSS-TRAS-TECH,150
FIM-TLC-RRM-TRIPLC-TECH,23
FIM-TLC-RRM-TRLOGC-TECH,68
FIM-TLC-RSS-TRLCEN-TECH,54.51
FIM-TLC-RSS-TLCIES-TECH,177
FIM-TLC-RRM-TLCIER-TECH,31.05
FIM-TLC-RRM-TLOCEN-TECH,31.05
FIM-TLC-RSS-TRLOCE-TECH,1848.6
FIM-TLC-RRM-TRLCEM-TECH,23
FIM-TLC-RSS-TLOCEM-TECH,2872.8
FIM-TLC-RRM-TLOCNE-TECH,23
FIM-TLC-RSS-TRCS-TECH,62
FIM-TLC-RRM-TRLCEP-TECH,11.54
FIM-TLC-RSS-TLOCEP-TECH,69
FIM-TLC-RRM-TRLCPS-TECH,34.96
FIM-TLC-RSS-TLOCPS-TECH,177
FIM-TLC-RRM-TRLCVE-TECH,68
FIM-TLC-RSS-TLOCVE-TECH,183
FIM-TLC-RRM-TLCFMR-TECH,1609
FIM-TLC-RSS-TLCMS-TECH,69
FIM-TLC-RRM-TRLCER-TECH,6.7
FIM-TLC-RSS-TLOCER-TECH,177
GS-EFA-RSSH-ARCUS-TECH,4050
GS-GSE-RSS-AAMYS-TECH,167.4
GS-GSE-RSS-AWEYS-TECH,36.34
GS-GSE-RRM-CDPA-TECH,264
GS-GSE-RSL-EAS-TECH,100
GS-GSE-RSS-EBPS-TECH,2172.5
GS-GSE-RSS-EBAS-TECH,8360
GS-GSE-RSS-ERAS-TECH,2211
GS-GSE-RRM-EFSMB-TECH,501.6
GOA-FIL-RRM-FCRM-TECH,0.3
GOA-FIL-RSS-FCDKS-TECH,4389.76
GOA-FIL-RSS-FCHAS-TECH,1369.07
GOA-FIL-RSS-FCLBS-TECH,2888
GOA-FIL-RSS-FCRPS-TECH,2888
GOA-FIL-RSS-FCTS-TECH,1733
GOA-FIL-RSS-FCWS-TECH,6050
GOA-GAM-RSS-GAEX12S-TECH,2888
GOA-GAM-RSS-GACS-TECH,5852
GOA-GAM-RSS-GACBS-TECH,11562.64
GOA-GAM-RSS-GACBGS-TECH,10764
GOA-GAM-RSS-GACSBS-TECH,6683
GOA-GAM-RSS-GACSBGS-TECH,10148
GOA-GAM-RSS-GAEBS-TECH,121141
GOA-GAM-RSS-GAGLBS-TECH,3850
GOA-GAM-RSS-GAPS-TECH,17078
GOA-GAM-RSS-GAPESTGS-TECH,20543
GOA-GAM-RSS-GOAPE-TECH,51558
GOA-GAM-RSS-GANPE-TECH,30800
GOA-GAM-RSS-GAPESBGS-TECH,33830
GOA-GAM-RSS-GSSDGMBS-TECH,3215.3
GOA-GAM-RSS-GAPBS-TECH,43158
GOA-GAM-RSS-GAPBCS-TECH,16038
GOA-GAM-RSS-GAPBTPCS-TECH,44001
GOA-GAM-RSS-GASBS-TECH,17064
GOA-GAM-RSS-GAULTS-TECH,32051.25
GOA-GAM-RSS-GASBGS-TECH,30912.24
GOA-GAM-RSS-GASBGTPS-TECH,20863.9
GOA-GAM-RSS-GAWBS-TECH,7600
GOA-GAM-RSS-GAWES-TECH,14212
GOA-GMA-RSSH-GAMSAD-TECH,0.55
GOA-GMA-RSSH-GAMSII-TECH,3375
GOA-GMA-RSSH-GAMHAIO-TECH,3680
GOA-GMA-RSSH-GAMHAIT-TECH,9000
GOA-GMA-RSSH-GAMHAIH-TECH,22800
GOA-GMA-RSSH-GAMHALO-TECH,5500
GOA-GMA-RSSH-GAMHALT-TECH,11000
GOA-GMA-RSSH-GAMHALH-TECH,18000
BI-ABS-RSS-ABSTSU-TECH,46
BI-DB-RSS-DEPLSU-TECH,13618
BI-ESN-RSS-ENUS-TECH,138
BI-ISA-RSS-IACS-TECH,2090
BI-ISA-RSS-IAPROS-TECH,3476
BI-ISA-RSS-IAPS-TECH,11000
BI-ESN-RSS-ESENFU-TECH,3314
BI-QRW-RSS-QRWSUB-TECH,1488
BI-SDW-RSS-SDWSLBES-TECH,9845
BI-SDW-RSS-SDWSLSES-TECH,15345
BI-SDW-RSS-SDWSLGES-TECH,20845
BI-SDW-RSS-SDWSLPES-TECH,27445
BI-SDW-RSS-SDWBBES-TECH,14795
BI-SDW-RSS-SDWBGES-TECH,25795
CS-CLP-RSP-FSRS-TECH,275
CS-PTA-RSS-PAXLS-TECH,100
CS-PTA-RSS-PTAVS-TECH,4887.5
CS-PCS-RSS-PCMDSS-TECH,3852.5
CS-PDM-RSS-PDMIIS-TECH,48
CS-PEI-RSS-PEIIS-TECH,3556.8
CS-PEP-RSS-PEPS-TECH,1198.8
CS-CLP-RSP-PTRS-TECH,275
CS-CLP-RSS-SGNETS-TECH,5508
CS-PSS-RSS-SSIS-TECH,594
CS-SSO-RSP-SINGSO-TECH,3300
CS-DFT-RSS-UPMS-TECH,10000
DM-WCU-RSS-5250SU-TECH,2728.69
DM-IRC-RSS-AFPCSU-TECH,2310
DM-WCU-RSS-BIUS-TECH,684.34
DM-IRM-RSS-BRSS-TECH,3176.25
DM-IRC-RSS-CSVCSU-TECH,1210
DM-IBM-RSS-DATASU-TECH,1155
DM-DLN-RSS-DELIBA-TECH,4455
DM-DLN-RSS-DELIIS-TECH,1881
DM-DLN-RSS-DELISH-TECH,577.5
DM-DLN-RSS-DELIWM-TECH,1670.63
DM-DA-RSS-DAAS-TECH,1
DM-IRM-RSS-DRSSUB-TECH,4125
SM-VMC-RSS-VMPS-TECH,4792.5
DM-IBM-RSS-PCLTSU-TECH,2541
DM-IRC-RSS-PDFCOS-TECH,866.25
DM-PCR-RSS-PDFSPS-TECH,1905.75
DM-IRC-RSS-RAWRSU-TECH,866.25
DM-EU-RSS-POP4SU-TECH,1210
DM-WCU-RSS-EMMO-TECH,1316.7
DM-EU-RSS-ERSS-TECH,3176.25
DM-IRM-RSS-EFS-TECH,1443.75
DM-IRC-RSS-HTMLSU-TECH,1270.5
DM-IBM-RSS-IENCSU-TECH,1443.75
DM-IBM-RSS-IFSTSU-TECH,1650
DM-WCU-RSS-IBOSUB-TECH,346.5
DM-WFM-RSS-INTESU-TECH,1672
DM-IBM-RSS-ISOIS-TECH,3176.25
IPP-IPP-RRM-IPPREN-TECH,0.18
SM-ARS-RSS-ARSS-TECH,15
SM-ARS-RSS-ARSLS-TECH,62.32
SM-NSS-RSS-AIXOPS-TECH,124
SM-VIT-RSS-ABPS-TECH,2750
SM-VIT-RSS-ABAS-TECH,137
SM-VIT-RSS-ABCS-TECH,275
SM-VIT-RSS-ALPS-TECH,110.6
SM-VIT-RSS-ABSIS-TECH,550
SM-VIT-RSS-ACPS-TECH,275
SM-VIT-RSS-ALIGNC-TECH,1113.75
SM-VIT-RSS-ACS-TECH,8250
SM-VIT-RSS-AESS-TECH,550
SM-VIT-RSS-AISS-TECH,418
SM-VIT-RSS-AOBSS-TECH,418
SM-VIT-RSS-ATS-TECH,110
SM-ROT-RSS-CDBSUB-TECH,1003.05
SM-HEP-RSP-HLRS-TECH,275
SM-TSK-RSS-TASKSU-TECH,12024.45
SM-MQM-NRPS-MQMPER-TECH,2175
SM-PFA-RSS-PAGSUB-TECH,2000
SM-PN-RSP-RMPGRS-TECH,300
SM-PN-RSS-VILS-TECH,3792
SM-PN-RSS-VISCPPS-TECH,99
SM-SYM-RSP-RBSH-TECH,275
SM-SYM-NRST-PXS-TECH,275
SM-VMC-RSS-T0PUS-TECH,8907
SM-VMC-RSS-VCCS-TECH,69
SM-VMC-RSS-VMCS-TECH,201.15
SM-VMC-RSS-VIBS-TECH,78
SM-VMC-RSS-VIOS-TECH,1360.4
SM-VMC-RSS-VRCS-TECH,206
SM-VMC-RSS-VIVS-TECH,525
SM-VMC-RSS-VATS-TECH,4180
SM-VMC-RSS-VMAS-TECH,191
SM-VMC-RSS-VCJS-TECH,139.83
SM-VMC-RSS-VDAS-TECH,85.05
SM-VMC-RSS-VMVS-TECH,559
SM-VMC-RSS-VHOS-TECH,2750
SM-VMC-RSS-VMCIS-TECH,15000
SM-VMC-RSS-VMISEP-TECH,69
SM-VMC-RSS-VISES-TECH,177
SM-VMC-RSS-VISESA-TECH,69
SM-VMC-RSS-VISSAS-TECH,177
SM-VMC-RSS-VLOS-TECH,37
SM-VMC-RSS-VMCSCAS-TECH,5852.25
SM-VMC-RSS-VNOS-TECH,62
SM-VMC-RSS-VNSS-TECH,15.8
SM-VMC-RSS-VOOS-TECH,62
SM-VMC-RSS-VOSS-TECH,183
SM-VMC-RSS-VPCS-TECH,62
SM-VMC-RSS-VPUS-TECH,62
SM-VMC-RSS-VSAS-TECH,62
SM-VMC-RSS-VMSQL-TECH,1238
SM-VMC-RSS-VMCSSE-TECH,1238
IGA-AAS-RSS-ACISSU-TECH,1155
RPA-AUD-RSS-AFPS-TECH,1922
RPA-AUD-RSS-AFTPES-TECH,1000
RPA-AUT-RRM-AMAORM-TECH,1350
RPA-AUT-RSS-APMDP-TECH,88160
RPA-AUD-RSS-AUPS-TECH,2400
RPA-AUT-RRM-ASRM-TECH,275
IGA-AAS-RSS-CCFRS-TECH,14438
IGA-AAS-RSS-CCLS-TECH,14438
IGA-AAS-RSP-CIROS-TECH,138000
NW-INT-NRPS-ISP-TECH,3206
NW-INT-RSS-ISLS-TECH,259
NW-INT-RSS-ISBS-TECH,1546
IGA-AAS-RSP-OPSSRV-TECH,45360
IGA-VIS-RSS-CRDS-TECH,12.6
CM-TQO-RSS-PO1YSU-TECH,4665
CM-TQO-RSS-TQACSS-TECH,251.1
CM-TQO-RSS-TQAS-TECH,601
CM-TQO-RSS-TESS-TECH,1222.08
NW-INT-RSS-RAPS-TECH,329
NW-INT-RSS-RASFS-TECH,908
IGA-AAS-RSS-SCCSDS-TECH,41
CM-TQO-RSS-TEAQUE-TECH,601
CM-TQR-RSS-TQSSS-TECH,1138.48
CM-TQR-RSS-TQSURV-TECH,166
CM-TQU-RSUS-UNISYT-TECH,4116
FIM-FIM-RSS-DPEEXS,325
SM-MES-RSS-MESSSU,6318
SM-MP-RSS-MPS,6318
ES-DMP-RMS-MMAFS,4000
SM-ROM-RSS-MONISU,3431.6
SM-MQM-NRPS-MQMPER,2175
SM-MQM-RSS-MQMSUB,1196
GS-GSE-RSS-MSGYEA,8455
CS-DFT-RSS-MSASUB,450
DP-DLP-RSL-NDS,36
DP-DLP-RSS-NDWES,36
CS-DFT-RSS-NTCS,2248
SM-RON-RSS-NAHS,1715.85
SM-RON-RSS-NHS,1480.05
SM-RON-RSS-NNS,1715.85
IGA-AAS-RSS-NSCCSU,8663
SM-NSS-RSS-NSSLIS,809
SM-NSS-RSS-NSSSNR,1540
SM-NSS-RSS-NSSVIS,866
SM-NSS-RSS-NSSWEM,5390
SM-NSS-RSS-NSSWIS,270
ES-SEG-RSS-OFIS,65
ES-SEG-RSS-OFSS,6.5
ES-SXG-RSS-OCGS,6.5
ES-SIG-RSS-OFEATU,6.5
ES-SWG-RSS-OCFEAS,13
ES-SIG-RSS-OSIS,1430
ES-SEG-RSS-OPEPSE,6.5
BP-ETM-RMS-OPENSU,2000
HRM-HRM-RSL-OPENAS,2000
OS-OFS-RSL-OSTOS,9500
BI-SDW-RSS-PLS,1000
HRM-HRM-RSL-PE:PSS,1000
SM-PRM-RSS-PASSSU,429
HRM-HRM-RSL-PCIDSS,2000
VM-VLM-RSL-PCIPFM,4957
VM-VLM-RSL-PCIASV,2800
FIM-FIM-RSS-VEMELS,12160
FIM-FIM-RSS-VEMELS,10800
FIM-FIM-RSS-VEMELS,7360
FIM-FIM-RSS-VEMELS,6320
ES-ETM-RMS-VOLVSE,3800
ES-ETM-RMS-VOLVSE,3375
ES-ETM-RMS-VOLVSE,2300
ES-ETM-RMS-VOLVSE,1975
ES-ETM-RMS-VOLVSE-TECH,3375
GOA-FIL-RSS-FCDS,2634.16
GOA-FIL-RSS-FCDS,2339.55
GOA-FIL-RSS-FCDS,1594.36
GOA-FIL-RSS-FCDS,1369.07
GOA-FIL-NRPS-FCDSTS,38000
GOA-FIL-NRPS-FCDSTS,33750
GOA-FIL-NRPS-FCDSTS,23000
GOA-FIL-NRPS-FCDSTS,19750
GOA-FIL-RSS-FCHAS,2634.16
GOA-FIL-RSS-FCHAS,2339.55
GOA-FIL-RSS-FCHAS,1594.36
DP-DC-RSS-FCSES-TECH,35
DP-DC-RSS-FCSPS,60.8
DP-DC-RSS-FCSPS,54
DP-DC-RSS-FCSPS,36.8
DP-DC-RSS-FCSPS,31.6
DP-DC-RSS-FCSPS-TECH,40
DP-DC-RSS-FDUAPS,98.8
DP-DC-RSS-FDUAPS,87.75
DP-DC-RSS-FDUAPS,59.8
DP-DC-RSS-FDUAPS,51.35
DP-DC-RSS-FDCSGS,96.82
DP-DC-RSS-FDCSGS,86
SM-NSS-RSS-NSSLIS,1229.68
SM-NSS-RSS-NSSLIS,1092.15
SM-NSS-RSS-NSSLIS,744.28
SM-NSS-RSS-NSSLIS,639.11
SM-NSS-RSS-NSSSNR,2340.8
SM-NSS-RSS-NSSSNR,2079
SM-NSS-RSS-NSSSNR,1416.8
SM-NSS-RSS-NSSSNR,1216.6
SM-NSS-RSS-NSSVIS,1316.32
SM-NSS-RSS-NSSVIS,1169.1
SM-NSS-RSS-NSSVIS,796.72
SM-NSS-RSS-NSSVIS,684.14
FIM-TLC-RSS-TRLOCE,2809.87
FIM-TLC-RSS-TRLOCE,2495.61
FIM-TLC-RSS-TRLOCE,1700.71
FIM-TLC-RSS-TRLOCE,1460.39
FIM-TLC-RSS-TRLOCE-TECH,1848.6
FIM-TLC-RRM-TLOCEN-TECH,31.05
FIM-TLC-RSS-TLOCEM,2872.8
FIM-TLC-RSS-TLOCEM,2551.5
FIM-TLC-RSS-TLOCEM,1738.8
FIM-TLC-RSS-TLOCEM,1493.1
FIM-TLC-RSS-TLOCEM-TECH,2872.8
FIM-TLC-RRM-TRLCEM-TECH,23
DP-DC-RSS-FMIOSS_LIC,3.3
,42
,62
,35
,90
,110
,75
,75
,68
ES-SEG-RSS-CSEGKS_MAINT,26
ES-SEG-RSS-A4ESUB_MAINT,19.5
GOA-GAM-RSS-GAULTS_MAINT,32051.25
GOA-GAM-RSS-GSSDGMBS_MAINT,4070
GOA-GAM-RSS-GAEX12S_MAINT,2888
CM-TQR-RSS-TQSURV_MAINT,166
CM-VCM-RSS-VCMSPS_MAINT,137
OS-CI-RSS-CIS_MAINT,369
CS-PSI-RSS-PSAIIS_MAINT,1246
CS-PCS-RSS-PCSIIS_MAINT,2615
CS-CLP-RSS-SGNETS_MAINT,5508
DM-WCU-RSS-5250SU_MAINT,2021.25
BI-ABS-RSS-ABSTSU_MAINT,46
GS-GSE-RSS-AAMYS_MAINT,124
SM-AJS-RSS-AJSS_MAINT,1568
SM-ARS-RSS-ARSS_MAINT,15
SM-ARS-RSS-ARSLS_MAINT,41
GS-GSE-RSS-ASMS_MAINT,5690.4
GS-GSE-RSS-AWEYS_MAINT,46
DM-IRC-RSS-AFPCSU_MAINT,2310
SM-NSS-RSS-AIXOPS_MAINT,124
SM-AI-RSS-ALERSU_MAINT,6000
SM-VIT-RSS-ABPS_MAINT,2750
SM-VIT-RSS-ABAS_MAINT,137
SM-VIT-RSS-ABCS_MAINT,275
SM-VIT-RSS-ALPS_MAINT,140
SM-VIT-RSS-ABSIS_MAINT,550
SM-VIT-RSS-ACPS_MAINT,275
SM-VIT-RSS-ALIGNC_MAINT,825
SM-VIT-RSS-ACS_MAINT,8250
SM-VIT-RSS-AES_MAINT,2750
SM-VIT-RSS-AESS_MAINT,550
SM-VIT-RSS-AISS_MAINT,275
SM-VIT-RSS-AOBSS_MAINT,275
SM-VIT-RSS-ATS_MAINT,110
SM-VIT-RSS-ALCS_MAINT,8250
BI-AD-RSS-ANYDSU_MAINT,2703
CS-DFT-RSS-ASOCS_MAINT,2248
GS-GSE-RSS-ACSYEA_MAINT,7623
IGA-AAS-RSS-ACISSU_MAINT,1155
DP-DLP-RSS-ATPSUB_MAINT,50.4
GS-GSE-RSS-ARYS_MAINT,1663
SM-AJM-RSS-AJMS_MAINT,866
SM-AUS-RSS-AUTHSU_MAINT,2021
RPA-AUD-RSS-ADS_MAINT,3600
RPA-AUT-RSS-AUES_MAINT,3850
RPA-AUT-RSS-AUAS_MAINT,822
RPA-AUT-RSS-AEDTS_MAINT,825
RPA-AUD-RSS-AFPS_MAINT,1922
RPA-AIC-RSS-AICS_MAINT,21450
RPA-AUT-RSS-AUPL_MAINT,6875
RPA-AUT-RSS-APMDP_MAINT,58000
RPA-AUD-RSS-AUPS_MAINT,2400
RPA-AUD-RSS-APAPS_MAINT,660
RPA-AUT-RSS-AUUS_MAINT,150000
DM-WCU-RSS-BIUS_MAINT,866.25
DM-IRM-RSS-BRSS_MAINT,3176.25
SM-SMB-RSS-BMMS_MAINT,2914
FIM-FIM-RSS-CCMNDS_MAINT,93
FIM-FIM-RSS-CCMSFO_MAINT,48
FIM-FIM-RSS-CCMSES_MAINT,124
FIM-FIM-RSS-CCMSPD_MAINT,10
FIM-FIM-RSS-CCMSID_MAINT,23
FIM-FIM-RSS-CCMWFO_MAINT,17
FIM-FIM-RSS-CCMWOS_MAINT,42
FIM-FIM-RSS-CCMLIS_MAINT,7440
FIM-FIM-RSS-CCMMSF_MAINT,16620
FIM-FIM-RSS-CCMMSS_MAINT,21540
FIM-FIM-RSS-CCMWLS_MAINT,895
FIM-FIM-RSS-CCMWSE_MAINT,2340
FIM-FIM-RSS-CCMWIN_MAINT,2340
SM-ROT-RSS-CDBSUB_MAINT,1003.05
BI-SDW-RSS-CDCMS_MAINT,2200
BI-SDW-RSS-CMS_MAINT,1000
GS-GSE-RSS-CCAYS_MAINT,1386
GS-GSE-RSS-CCMCS_MAINT,1476
OS-COS-RSS-COBASU_MAINT,5900
CS-DFT-RSS-CCIS_MAINT,3373
DP-DLP-RSS-COMPLI_MAINT,39.24
IGA-AAS-RSS-CAS_MAINT,12.71
IGA-AAS-RSS-CCS_MAINT,5.2
IGA-AAS-RSS-CCFRS_MAINT,14438
IGA-AAS-RSS-CCLS_MAINT,14438
IGA-AAS-RSS-CPS_MAINT,4.33
IGA-VIS-RSS-CRDS_MAINT,12.6
DM-IRC-RSS-CSVCSU_MAINT,1210
BI-SDW-RSS-DATA_MAINT,1375
SM-VMC-RSS-DACS_MAINT,2008
SM-VMC-RSS-DMISRS_MAINT,602
ES-SEG-RSS-DRSEGS_MAINT,9.1
ES-SXG-RSS-DRSS_MAINT,9.1
ES-SIG-RSS-DRSIGS_MAINT,9.1
ES-SIG-RSS-DAIS_MAINT,2002
ES-SWG-RSS-DRSWGS_MAINT,9.1
BI-SDW-RSS-DSVBS_MAINT,1000
DM-IBM-RSS-DATASU_MAINT,1155
DP-DC-RSS-DCSDAR_MAINT,12
DP-DC-RSS-DCSPLS_MAINT,42
DP-DC-RSS-DCSSDK_MAINT,50000
DM-DLN-RSS-DELIBA_MAINT,3300
DM-DLN-RSS-DELIIS_MAINT,1237.5
DM-DLN-RSS-DELISH_MAINT,577.5
DM-DLN-RSS-DELIWM_MAINT,1237.5
BI-DB-RSS-DEPLSU_MAINT,13618
FIM-FIM-RSS-DPESUB_MAINT,2340
FIM-FIM-RSS-DPEEXS_MAINT,325
FIM-FIM-RSS-DPELIS_MAINT,895
DP-DLP-RSS-DGDMCS_MAINT,33200
ES-SEG-RSS-DRMS_MAINT,19.5
SM-DSM-RSS-DSMSUB_MAINT,1062
GS-GSE-RSS-DMZ_MAINT,9027.6
GS-GSE-RSS-DG3S_MAINT,4066.8
DM-DA-RSS-DAAS_MAINT,1
ES-SEG-RSS-DSSEGS_MAINT,9.1
ES-SXG-RSS-DSSS_MAINT,9.1
ES-SIG-RSS-DSSIGS_MAINT,9.1
ES-SWG-RSS-DSSWGS_MAINT,9.1
DM-IRM-RSS-DRSSUB_MAINT,4125
DP-DLP-RSS-DVCSUB_MAINT,92.4
SM-EV-RSS-EASYSU_MAINT,955.65
ES-SEG-RSS-EEEPSE_MAINT,65
DP-DLP-RSS-EDRS_MAINT,61.44
GS-GSE-RSS-E8ES_MAINT,16868.4
GS-GSE-RSS-EFES_MAINT,958.8
GS-GSE-RSS-EAWS_MAINT,5176.8
GS-GSE-RSS-EAMS_MAINT,5916
GS-GSE-RSS-EARS_MAINT,1624.8
GS-GSE-RSS-EBPS_MAINT,2750
GS-GSE-RSS-EBAS_MAINT,5500
GS-GSE-RSS-EEAS_MAINT,662.4
GS-GSE-RSS-EEDS_MAINT,1735.2
GS-GSE-RSS-EEOS_MAINT,662.4
GS-GSE-RSS-EFTES_MAINT,736.8
GS-GSE-RSS-EEWS_MAINT,1106.4
GS-GSE-RSS-EFTS_MAINT,2956.8
GS-GSE-RSS-EFMS_MAINT,2464
GS-GSE-RSS-EHSS_MAINT,662.4
GS-GSE-RSS-EOPS_MAINT,1624.8
GS-GSE-RSS-ERAS_MAINT,2211
GS-GSE-RSS-ESSS_MAINT,662.4
GS-GSE-RSS-ETES_MAINT,2464
GS-GSE-RSS-EWS_MAINT,4066.8
DM-WCU-RSS-EMMO_MAINT,866.25
DM-EU-RSS-ERSS_MAINT,3176.25
ES-SEG-RSS-ENCRFS_MAINT,6.5
ES-SEG-RSS-ENCRPS_MAINT,39
DP-DLP-RSS-EDS_MAINT,15
BI-SDW-RSS-EDSS_MAINT,1375
BI-ESN-RSS-ENUS_MAINT,138
BI-SDW-RSS-EES_MAINT,1375
BI-SDW-RSS-EMMS_MAINT,1000
GS-GSE-RSS-EAYS_MAINT,1525
DM-IRM-RSS-EFS_MAINT,1443.75
BI-ESN-RSS-ESENSU_MAINT,3281
BI-ESN-RSS-ESENFU_MAINT,3314
GOA-FIL-RSS-FCCS_MAINT,2888
GOA-FIL-RSS-FCCCS_MAINT,2888
GOA-FIL-RSS-FCDKS_MAINT,2888
GOA-FIL-RSS-FCDS_MAINT,1733
GOA-FIL-RSS-FCHAS_MAINT,1733
GOA-FIL-RSS-FCLBS_MAINT,2888
GOA-FIL-RSS-FCRPS_MAINT,2888
GOA-FIL-RSS-FCTS_MAINT,1733
GOA-FIL-RSS-FCWS_MAINT,6050
GOA-FIL-RSS-FCWAS_MAINT,5500
NW-AA-RSS-FLOWSU_MAINT,7500
GS-GSE-RSS-FOLDYE_MAINT,1525
DP-DC-RSS-FCSSS_MAINT,50000
DP-DC-RSS-FCSES_MAINT,35
DP-DC-RSS-FCSPS_MAINT,40
DP-DC-RSS-FDUAPS_MAINT,65
DP-DC-RSS-FDCSGS_MAINT,63.7
DP-DC-RSS-FDCSUGS_MAINT,54.88
DP-DC-RSS-FDUPPS_MAINT,56
DP-DC-RSS-FDAPS_MAINT,49
DP-DC-RSS-FDEPS_MAINT,35
DP-DC-RSS-FDEUPS_MAINT,47
DP-DC-RSS-FDDS_MAINT,14
DP-DC-RSS-FDCSDGS_MAINT,13.72
DP-DC-RSS-FMIOS_MAINT,6
GS-GSE-RSS-FTPSYE_MAINT,1512.5
GOA-GAM-RSS-GAAFTS_MAINT,4620
GOA-GAM-RSS-GAAS_MAINT,9995
GOA-GAM-RSS-GAAAS_MAINT,4130
GOA-GAM-RSS-GAARS_MAINT,1760
GOA-GAM-RSS-GAAWS_MAINT,5497.25
GOA-GAM-RSS-GAAWRS_MAINT,12650
GOA-GAM-RSS-GOAS_MAINT,204.6
GOA-GAM-RSS-GAASRS_MAINT,4290
GOA-GAM-RSS-GORS_MAINT,2640
GOA-GAM-RSS-GOANA_MAINT,2640
GOA-GAM-RSS-GABAS_MAINT,547.25
GOA-GAM-RSS-GABAMS_MAINT,6875
GOA-GAM-RSS-GACCPS_MAINT,2475
GOA-GAM-RSS-GACCSS_MAINT,1650
GOA-GAM-RSS-GACS_MAINT,3850
GOA-GAM-RSS-GACBS_MAINT,7607
GOA-GAM-RSS-GACBGS_MAINT,10764
GOA-GAM-RSS-GACSBS_MAINT,6683
GOA-GAM-RSS-GACSBGS_MAINT,10148
GOA-GAM-RSS-GAEBS_MAINT,121141
GOA-GAM-RSS-GAFSS_MAINT,1925
GOA-GAM-RSS-GAGS_MAINT,2197.25
GOA-GAM-RSS-GAGLBS_MAINT,3850
GOA-GAM-RSS-GOBS_MAINT,550
GOA-GAM-RSS-GAGFSS_MAINT,4331
GOA-GAM-RSS-GAPSCS_MAINT,3575
GOA-GAM-RSS-GAPS_MAINT,17078
GOA-GAM-RSS-GAPESTGS_MAINT,20543
GOA-GAM-RSS-GOAPE_MAINT,51558
GOA-GAM-RSS-GAPSSS_MAINT,4125
GOA-GAM-RSS-GANPE_MAINT,30800
GOA-GAM-RSS-GAPESBGS_MAINT,33830
GOA-GAM-RSS-GAPAS_MAINT,8250
GOA-GAM-RSS-GAPBS_MAINT,43158
GOA-GAM-RSS-GAPBCS_MAINT,16038
GOA-GAM-RSS-GAPBTPCS_MAINT,44001
GOA-GAM-RSS-GASFS_MAINT,3575
GOA-GAM-RSS-GASS_MAINT,4015
GOA-GAM-RSS-GASMS_MAINT,1647.25
GOA-GAM-RSS-GASDS_MAINT,1925
GOA-GAM-RSS-GASSS_MAINT,1925
GOA-GAM-RSS-GASAS_MAINT,272.25
GOA-GAM-RSS-GASBS_MAINT,17064
GOA-GAM-RSS-GASBGS_MAINT,20337
GOA-GAM-RSS-GASBGTPS_MAINT,26410
GOA-GAM-RSS-GAUAS_MAINT,4950
GOA-GAM-RSS-GAWBS_MAINT,5000
GOA-GAM-RSS-GAWES_MAINT,9350
GOA-GAM-RSS-GAWRS_MAINT,6875
SM-HAM-RSS-HAMSUB_MAINT,476
SM-HEP-RSS-HEPMS_MAINT,2021
DM-IRC-RSS-HTMLSU_MAINT,1270.5
GS-GSE-RSS-HSIS_MAINT,3465
DM-IBM-RSS-IENCSU_MAINT,1443.75
DM-IFO-RSS-IFORSU_MAINT,6930
DM-IBM-RSS-IFSTSU_MAINT,1650
DM-WCU-RSS-IBOSUB_MAINT,346.5
ES-SEG-RSS-IGSSUB_MAINT,13
ES-SEG-RSS-IGSRES_MAINT,130
BI-ISA-RSS-INSISU_MAINT,358
BI-ISA-RSS-IACS_MAINT,1375
BI-ISA-RSS-IAPROS_MAINT,4400
BI-ISA-RSS-IAPS_MAINT,11000
DM-WFM-RSS-INTESU_MAINT,1100
NW-INT-RSS-ISS_MAINT,488
NW-INT-RSS-ISLS_MAINT,259
NW-INT-RSS-ISBS_MAINT,1546
FIM-FIM-RSS-IP36SU_MAINT,22
FIM-FML-RSS-IP36MO_MAINT,10000
ES-SEG-RSS-IPIPSU_MAINT,2.6
DM-IBM-RSS-ISOIS_MAINT,3176.25
SM-NSS-RSS-LOPSUB_MAINT,3850
SM-RLP-RSS-LPARSU_MAINT,1761.8
SM-LMM-RSS-LMMSSU_MAINT,3394
SM-LSO-RSS-LSOSSU_MAINT,4513
SM-LAA-RSS-LAASSU_MAINT,7447
SM-LOC-RSS-LOCSSU_MAINT,12287
CS-DFT-RSS-MAPSUB_MAINT,2248
SM-MES-RSS-MESSSU_MAINT,6318
SM-MP-RSS-MPS_MAINT,6318
SM-ROM-RSS-MONISU_MAINT,3431.6
SM-MQM-RSS-MQMSUB_MAINT,1196
GS-GSE-RSS-MSGYEA_MAINT,8455
CS-DFT-RSS-MSASUB_MAINT,450
DP-DLP-RSS-NDWES_MAINT,36
CS-DFT-RSS-NTCS_MAINT,2248
SM-RON-RSS-NAHS_MAINT,1715.85
SM-RON-RSS-NHS_MAINT,1480.05
SM-RON-RSS-NNS_MAINT,1715.85
IGA-AAS-RSS-NSCCSU_MAINT,8663
SM-NSS-RSS-NSSLIS_MAINT,809
SM-NSS-RSS-NSSSNR_MAINT,1540
SM-NSS-RSS-NSSVIS_MAINT,866
SM-NSS-RSS-NSSWEM_MAINT,5390
SM-NSS-RSS-NSSWIS_MAINT,270
ES-SEG-RSS-OFIS_MAINT,65
ES-SEG-RSS-OFSS_MAINT,6.5
ES-SXG-RSS-OCGS_MAINT,6.5
ES-SIG-RSS-OFEATU_MAINT,6.5
ES-SWG-RSS-OCFEAS_MAINT,13
ES-SIG-RSS-OSIS_MAINT,1430
ES-SEG-RSS-OPEPSE_MAINT,6.5
BI-SDW-RSS-PLS_MAINT,1000
SM-PRM-RSS-PASSSU_MAINT,429
DM-IBM-RSS-PCLTSU_MAINT,2541
DM-IRC-RSS-PDFCOS_MAINT,866.25
DM-PCR-RSS-PDFSPS_MAINT,1905.75
SM-PKP-RSS-PEEKSU_MAINT,2295
SM-PFA-RSS-PAGSUB_MAINT,2000
SM-PFA-RSS-PAS_MAINT,773
SM-PN-RSS-PNS_MAINT,4677.05
GS-GSE-RSS-PGPAYE_MAINT,1525
CM-TQO-RSS-PO1YSU_MAINT,4665
DM-EU-RSS-POP4SU_MAINT,1210
CS-DFT-RSS-PUPSUB_MAINT,2248
CS-PTA-RSS-PALAS_MAINT,550
CS-PTA-RSS-PASS_MAINT,275
CS-PTA-RSS-PAXLS_MAINT,100
CS-PTA-RSS-PAIIDS_MAINT,1132.75
CS-PTA-RSS-PAIIS_MAINT,2536
CS-PTA-RSS-PTAVS_MAINT,4887.5
CS-PAB-RSS-PABIIS_MAINT,2324.15
CS-PCS-RSS-PCMDSS_MAINT,3852.5
CS-PCM-RSS-PCMIIS_MAINT,2773.8
CS-PDM-RSS-PDMS_MAINT,2324.15
CS-PDM-RSS-POVS_MAINT,35913.35
CS-PDM-RSS-PORS_MAINT,2324.15
CS-PDM-RSS-PDMIIS_MAINT,48
CS-PEI-RSS-PEIIS_MAINT,2340
CS-PEI-RSS-PEIS_MAINT,1097.25
CS-PEI-RSS-POMS_MAINT,1097.25
CS-PEI-RSS-POWENC_MAINT,3297.25
CS-PEM-RSS-PEMS_MAINT,8250
CS-PEP-RSS-PEPS_MAINT,1198.8
PIA-PIA-RSS-PIAS_MAINT,196
CS-PIM-RSS-PIMIIS_MAINT,1992.95
CS-PMF-RSS-PMFS_MAINT,1100
CS-PPS-RSS-PPSS_MAINT,664.7
CS-PPM-RSS-PPMIIS_MAINT,1733
CS-PRA-RSS-PRAIIS_MAINT,2656.5
CS-RSA-RSS-PRSS_MAINT,1606
CS-PSA-RSS-PSAS_MAINT,220
BI-QRW-RSS-QRWSUB_MAINT,1488
DM-IRC-RSS-RAWRSU_MAINT,866.25
SM-RAP-RSS-RECOSU_MAINT,800
GS-GSE-RSS-REGUYE_MAINT,3465
ES-SWG-RSS-RCSWGS_MAINT,15.6
BI-SDW-RSS-RDPS_MAINT,1000
BI-SDW-RSS-RDSS_MAINT,1375
NW-IRA-RSS-RAIS_MAINT,296
NW-INT-RSS-RAPS_MAINT,329
NW-INT-RSS-RASFS_MAINT,908
DM-IBM-RSS-REPOSS_MAINT,1905.75
CS-DFT-RSS-RCMSUB_MAINT,2248
SM-ROA-RSS-RAS_MAINT,1534.1
SM-RAT-RSS-ROAS_MAINT,2441.45
SM-ROB-RSS-RBSAS_MAINT,3908.85
SM-ROB-RSS-RBCAS_MAINT,3908.85
SM-ROB-RSS-RBCANS_MAINT,3908.85
SM-ROB-RSS-RBSANS_MAINT,3908.85
SM-ROB-RSS-RBSARS_MAINT,3908.85
SM-SYM-RSS-RCS_MAINT,2479.4
SM-ROC-RSS-ROCS_MAINT,2751.95
SM-RCP-RSS-ROCPA_MAINT,1815.85
SM-RHA-RSS-RHS_MAINT,3162.5
SM-ROM-RSS-RMAS_MAINT,885.5
SM-ROM-RSS-RMSUB_MAINT,442.75
SM-ROM-RSS-RMVS_MAINT,1771
SM-ROR-RSS-RRS_MAINT,1534.1
SM-RRE-RSS-RORS_MAINT,2403.5
SM-ROS-RSS-RSS_MAINT,2783
SM-RSC-RSS-ROSS_MAINT,3045.2
SM-RSE-RSS-RSES_MAINT,2298.85
SM-RSI-RSS-RSEOIS_MAINT,1534.1
SM-RSP-RSS-RSPACE_MAINT,325
SM-ROT-RSS-RTS_MAINT,1534.1
SM-SYM-RSS-ROTS_MAINT,1458.2
SM-SYM-RSS-RUS_MAINT,1629.55
DM-IBM-RSS-RPG2SU_MAINT,4331.25
DM-IRC-RSS-RTFRSU_MAINT,866.25
CS-SPS-RSS-SPSHS_MAINT,664.7
CS-SPS-RSS-SPSHUS_MAINT,4.73
ES-SEG-RSS-SSEGS_MAINT,13
SM-SAP-RSS-SAPISU_MAINT,1534.1
DM-WCU-RSS-SCANSU_MAINT,7000
GS-GSE-RSS-SCHEYE_MAINT,3125
ES-SEG-RSS-SEGS_MAINT,1500
ES-SEG-RSS-SEPS_MAINT,30.6
ES-SEG-RSS-SEEMAI_MAINT,36.8
ES-SEG-RSS-SECEGA_MAINT,25.65
ES-SXG-RSS-SEEXCH_MAINT,3125
ES-SXG-RSS-SEEGAT_MAINT,30.6
ES-SXG-RSS-SEEXGE_MAINT,36.8
ES-SXG-RSS-SEEGES_MAINT,25.65
GS-GSE-RSS-SFYS_MAINT,14062.5
ES-SIG-RSS-SIGS_MAINT,2625
ES-SIG-RSS-SEIS_MAINT,6732
ES-SIG-RSS-SEUS_MAINT,40.5
ES-SIG-RSS-SECIGA_MAINT,8096
ES-SIG-RSS-SICGAT_MAINT,45.6
ES-SIG-RSS-SICGAE_MAINT,5643
ES-SIG-RSS-SIGESS_MAINT,36.1
ES-SIG-RSS-SICGPE_MAINT,2500
ES-SWG-RSS-SWGS_MAINT,0.78
ES-SWG-RSS-SEWEB_MAINT,48.6
ES-SWG-RSS-SECWGA_MAINT,56.8
ES-SWG-RSS-SWEGAT_MAINT,44.65
IGA-AAS-RSS-SECUSU_MAINT,0.58
CS-SA-RSS-SAS_MAINT,2441.45
CS-DFT-RSS-SADS_MAINT,2248
CS-PSS-RSS-SSIS_MAINT,594
BI-SQ-RSS-SEQUES_MAINT,10937
BI-SQ-RSS-SUBS_MAINT,2483
BI-CRO-RSS-SCRS_MAINT,484
BI-SDW-RSS-SDWS_MAINT,10890
BI-SDW-RSS-SDWSLBES_MAINT,9845
BI-SDW-RSS-SDWSLSES_MAINT,15345
BI-SDW-RSS-SDWSLGES_MAINT,20845
BI-SDW-RSS-SDWSLPES_MAINT,27445
BI-SDW-RSS-SDWBBES_MAINT,14795
BI-SDW-RSS-SDWBSES_MAINT,20295
BI-SDW-RSS-SDWBGES_MAINT,25795
BI-SDW-RSS-SDWBPES_MAINT,32395
BI-SQ-RSS-SRDS_MAINT,1097
BI-SQ-RSS-SSMBPS_MAINT,2811
BI-SQ-RSS-SSMBSS_MAINT,2096
BI-SQ-RSS-SSMB_MAINT,1097
BI-SQ-RSS-SESOLU_MAINT,11047
BI-SWI-RSS-SWIS_MAINT,3320
GS-GSE-RSS-SFTPYE_MAINT,3465
BI-CRO-RSS-SHCL_MAINT,484
BI-QRW-RSS-SREPS_MAINT,183
DM-SH-RSS-SIGNSU_MAINT,288.75
GS-GSE-RSS-SINGFA_MAINT,3812
DM-EU-RSS-SMTPSU_MAINT,1925
SM-SFM-RSS-SFMS_MAINT,1254
IGA-AAS-RSS-SCCIPS_MAINT,8662.5
IGA-AAS-RSS-SCCSDS_MAINT,41
ES-SEG-RSS-SSSEGS_MAINT,9.1
ES-SXG-RSS-SSSEGA_MAINT,9.1
ES-SIG-RSS-SSSIGS_MAINT,369
ES-SWG-RSS-SSSWGS_MAINT,9.1
DM-SV4-RSS-S4SUPS_MAINT,275
DM-SV4-RSS-S4SS_MAINT,412.5
DM-SV4-RSS-S4S_MAINT,1100
DM-SV4-RSS-S4UPS_MAINT,1650
SM-VMC-RSS-T0PUS_MAINT,8907
SM-TSK-RSS-TASKSU_MAINT,8907
CM-TQO-RSS-TQACSS_MAINT,186
CM-TQO-RSS-TQAS_MAINT,601
CM-TQO-RSS-TESS_MAINT,804
CM-TQO-RSS-TEAQUE_MAINT,601
CM-TQR-RSS-TQSSS_MAINT,749
DM-IRC-RSS-TRCASU_MAINT,866.25
DP-DC-RSS-TCSS_MAINT,8907
DP-DC-RSS-TMCS_MAINT,8907
GS-GSE-RSS-TRANYE_MAINT,8907
BI-SDW-RSS-TRENSU_MAINT,8907
FIM-FIM-RSS-TRUS_MAINT,3408
FIM-FIM-RSS-TAPP_MAINT,1609
FIM-FIM-RSS-TRIATE_MAINT,4335
FIM-FIM-RSS-TRATEI_MAINT,1099
FIM-FIM-RSS-TECS_MAINT,4335
FIM-FIM-RSS-TEECS_MAINT,1099
FIM-FIM-RSS-TEDS_MAINT,23
FIM-FIM-RSS-TEFSS_MAINT,59
FIM-FIM-RSS-TEIDS_MAINT,15
FIM-FIM-RSS-TEMIS_MAINT,15
FIM-FIM-RSS-TENDS_MAINT,46
FIM-FIM-RSS-TEPS_MAINT,49
FIM-FIM-RSS-TEPSS_MAINT,137
FIM-FIM-RSS-TEVES_MAINT,525
FIM-FIM-RSS-TDS_MAINT,186
FIM-TLC-RSS-TLCS_MAINT,299
FIM-TLC-RSS-TLCCS_MAINT,44544
FIM-TLC-RSS-TRAS_MAINT,150
FIM-TLC-RSS-TRLCEN_MAINT,69
FIM-TLC-RSS-TLCIES_MAINT,177
FIM-TLC-RSS-TRLOCE_MAINT,1848.6
FIM-FIM-RSS-DP700S_MAINT,3450
FIM-TLC-RSS-TLOCEM_MAINT,1890
FIM-TLC-RSS-TRCS_MAINT,62
FIM-TLC-RSS-TLOCEP_MAINT,69
FIM-TLC-RSS-TLOCPS_MAINT,177
FIM-TLC-RSS-TLOCVE_MAINT,183
FIM-TLC-RSS-TLCFMS_MAINT,4335
FIM-TLC-RSS-TLCMS_MAINT,69
FIM-TLC-RSS-TLOCER_MAINT,177
FIM-FIM-RSS-TSAES_MAINT,23
ES-SEG-RSS-TCSESU_MAINT,59
DP-DLP-RSS-UCFSS_MAINT,36.24
DP-DLP-RSS-UCOCS_MAINT,5.52
DP-DLP-RSS-UCRCS_MAINT,5.52
DP-DLP-RSS-UCSCS_MAINT,5.52
CS-DFT-RSS-UPMS_MAINT,10000
SM-VMC-RSS-VCCS_MAINT,69
SM-VMC-RSS-VCJS_MAINT,177
SM-PN-RSS-VILS_MAINT,3792
SM-PN-RSS-VISCPPS_MAINT,99
SM-VMC-RSS-VMCS_MAINT,149
SM-VMC-RSS-VIBS_MAINT,78
SM-VMC-RSS-VIOS_MAINT,895
SM-VMC-RSS-VRCS_MAINT,206
SM-VMC-RSS-VIVS_MAINT,525
CM-VCM-RSS-VCMS_MAINT,19800
CM-VCM-RSS-VCMES_MAINT,63
SM-VIT-RSS-VIBMS_MAINT,8250
CM-VIM-RSS-VMS_MAINT,93
SM-VMC-RSS-VATS_MAINT,2750
SM-VMC-RSS-VMAS_MAINT,191
SM-VMC-RSS-VDAS_MAINT,63
SM-VMC-RSS-VMVS_MAINT,559
SM-VMC-RSS-VESS_MAINT,1238
SM-VMC-RSS-VHOS_MAINT,2750
SM-VMC-RSS-VMCIS_MAINT,15000
SM-VMC-RSS-VMMS_MAINT,1100
SM-VMC-RSS-VMISEP_MAINT,69
SM-VMC-RSS-VISES_MAINT,177
SM-VMC-RSS-VISESA_MAINT,69
SM-VMC-RSS-VISSAS_MAINT,177
SM-VMC-RSS-VLOS_MAINT,37
SM-VMC-RSS-VMCSCAS_MAINT,4335
SM-VMC-RSS-VNOS_MAINT,62
SM-VMC-RSS-VNSS_MAINT,20
SM-VMC-RSS-VOOS_MAINT,62
SM-VMC-RSS-VOSS_MAINT,183
SM-VMC-RSS-VPCS_MAINT,62
SM-VMC-RSS-VPUS_MAINT,62
SM-VMC-RSS-VSAS_MAINT,62
SM-VMC-RSS-VMSQL_MAINT,1238
SM-VMC-RSS-VMCSSE_MAINT,1238
SM-VMC-RSS-VUOS_MAINT,545
SM-VMC-RSS-VUSS_MAINT,1045
SM-VMC-RSS-VVMS_MAINT,11000
SM-VMC-RSS-VVOS_MAINT,1650
SM-VMC-RSS-VVSS_MAINT,1650
SM-VMC-RSS-VWSS_MAINT,2475
SM-VMC-RSS-VWEB_MAINT,2475
SM-VMC-RSS-VWOS_MAINT,11780
SM-VMC-RSS-VWPS_MAINT,5890
SM-VMC-RSS-VMPS_MAINT,3550
SM-VMC-RSS-VMCWSE_MAINT,825
SM-VMC-RSS-VISPA_MAINT,660
FIM-FIM-RSS-VEMEVS_MAINT,20000
FIM-FIM-RSS-VEMEES_MAINT,2995
FIM-FIM-RSS-VEMELS_MAINT,8000
BI-WB-RSS-WAREBS_MAINT,2379
BI-WM-RSS-WAREMS_MAINT,1191
BI-SQ-RSS-WEBESS_MAINT,311
DM-WEB-RSS-WDDMS_MAINT,2750
DM-WFM-RSS-WFMS_MAINT,4125
DM-WEB-RSS-WDIMS_MAINT,3987.5
DM-WFM-RSS-WEBFSU_MAINT,5775
DM-WS-RSS-WEBSSU_MAINT,1443.75
DM-WCU-RSS-WAISUB_MAINT,2021.25
DM-DLN-RSS-WSS_MAINT,1155
DM-DLN-RSS-WSEFS_MAINT,3300
DP-DC-RSS-FMIOSS_MAINT,3.3
RPA-AUD-RSS-AFTPES_MAINT,1000
ES-SEG-RSS-CSEGKS_LIC,26
ES-SEG-RSS-A4ESUB_LIC,19.5
GOA-GAM-RSS-GAULTS_LIC,32051.25
GOA-GAM-RSS-GSSDGMBS_LIC,4070
GOA-GAM-RSS-GAEX12S_LIC,2888
CM-TQR-RSS-TQSURV_LIC,166
CM-VCM-RSS-VCMSPS_LIC,137
OS-CI-RSS-CIS_LIC,369
CS-PSI-RSS-PSAIIS_LIC,1246
CS-PCS-RSS-PCSIIS_LIC,2615
CS-CLP-RSS-SGNETS_LIC,5508
DM-WCU-RSS-5250SU_LIC,2021.25
BI-ABS-RSS-ABSTSU_LIC,46
GS-GSE-RSS-AAMYS_LIC,124
SM-AJS-RSS-AJSS_LIC,1568
SM-ARS-RSS-ARSS_LIC,15
SM-ARS-RSS-ARSLS_LIC,41
GS-GSE-RSS-ASMS_LIC,5690.4
GS-GSE-RSS-AWEYS_LIC,46
DM-IRC-RSS-AFPCSU_LIC,2310
SM-NSS-RSS-AIXOPS_LIC,124
SM-AI-RSS-ALERSU_LIC,6000
SM-VIT-RSS-ABPS_LIC,2750
SM-VIT-RSS-ABAS_LIC,137
SM-VIT-RSS-ABCS_LIC,275
SM-VIT-RSS-ALPS_LIC,140
SM-VIT-RSS-ABSIS_LIC,550
SM-VIT-RSS-ACPS_LIC,275
SM-VIT-RSS-ALIGNC_LIC,825
SM-VIT-RSS-ACS_LIC,8250
SM-VIT-RSS-AES_LIC,2750
SM-VIT-RSS-AESS_LIC,550
SM-VIT-RSS-AISS_LIC,275
SM-VIT-RSS-AOBSS_LIC,275
SM-VIT-RSS-ATS_LIC,110
SM-VIT-RSS-ALCS_LIC,8250
BI-AD-RSS-ANYDSU_LIC,2703
CS-DFT-RSS-ASOCS_LIC,2248
GS-GSE-RSS-ACSYEA_LIC,7623
IGA-AAS-RSS-ACISSU_LIC,1155
DP-DLP-RSS-ATPSUB_LIC,50.4
GS-GSE-RSS-ARYS_LIC,1663
SM-AJM-RSS-AJMS_LIC,866
SM-AUS-RSS-AUTHSU_LIC,2021
RPA-AUD-RSS-ADS_LIC,3600
RPA-AUT-RSS-AUES_LIC,3850
RPA-AUT-RSS-AUAS_LIC,822
RPA-AUT-RSS-AEDTS_LIC,825
RPA-AUD-RSS-AFPS_LIC,1922
RPA-AIC-RSS-AICS_LIC,21450
RPA-AUT-RSS-AUPL_LIC,6875
RPA-AUT-RSS-APMDP_LIC,58000
RPA-AUD-RSS-AUPS_LIC,2400
RPA-AUD-RSS-APAPS_LIC,660
RPA-AUT-RSS-AUUS_LIC,150000
DM-WCU-RSS-BIUS_LIC,866.25
DM-IRM-RSS-BRSS_LIC,3176.25
SM-SMB-RSS-BMMS_LIC,2914
FIM-FIM-RSS-CCMNDS_LIC,93
FIM-FIM-RSS-CCMSFO_LIC,48
FIM-FIM-RSS-CCMSES_LIC,124
FIM-FIM-RSS-CCMSPD_LIC,10
FIM-FIM-RSS-CCMSID_LIC,23
FIM-FIM-RSS-CCMWFO_LIC,17
FIM-FIM-RSS-CCMWOS_LIC,42
FIM-FIM-RSS-CCMLIS_LIC,7440
FIM-FIM-RSS-CCMMSF_LIC,16620
FIM-FIM-RSS-CCMMSS_LIC,21540
FIM-FIM-RSS-CCMWLS_LIC,895
FIM-FIM-RSS-CCMWSE_LIC,2340
FIM-FIM-RSS-CCMWIN_LIC,2340
SM-ROT-RSS-CDBSUB_LIC,1003.05
BI-SDW-RSS-CDCMS_LIC,2200
BI-SDW-RSS-CMS_LIC,1000
GS-GSE-RSS-CCAYS_LIC,1386
GS-GSE-RSS-CCMCS_LIC,1476
OS-COS-RSS-COBASU_LIC,5900
CS-DFT-RSS-CCIS_LIC,3373
DP-DLP-RSS-COMPLI_LIC,39.24
IGA-AAS-RSS-CAS_LIC,12.71
IGA-AAS-RSS-CCS_LIC,5.2
IGA-AAS-RSS-CCFRS_LIC,14438
IGA-AAS-RSS-CCLS_LIC,14438
IGA-AAS-RSS-CPS_LIC,4.33
IGA-VIS-RSS-CRDS_LIC,12.6
DM-IRC-RSS-CSVCSU_LIC,1210
BI-SDW-RSS-DATA_LIC,1375
SM-VMC-RSS-DACS_LIC,2008
SM-VMC-RSS-DMISRS_LIC,602
ES-SEG-RSS-DRSEGS_LIC,9.1
ES-SXG-RSS-DRSS_LIC,9.1
ES-SIG-RSS-DRSIGS_LIC,9.1
ES-SIG-RSS-DAIS_LIC,2002
ES-SWG-RSS-DRSWGS_LIC,9.1
BI-SDW-RSS-DSVBS_LIC,1000
DM-IBM-RSS-DATASU_LIC,1155
DP-DC-RSS-DCSDAR_LIC,12
DP-DC-RSS-DCSPLS_LIC,42
DP-DC-RSS-DCSSDK_LIC,50000
DM-DLN-RSS-DELIBA_LIC,3300
DM-DLN-RSS-DELIIS_LIC,1237.5
DM-DLN-RSS-DELISH_LIC,577.5
DM-DLN-RSS-DELIWM_LIC,1237.5
BI-DB-RSS-DEPLSU_LIC,13618
FIM-FIM-RSS-DPESUB_LIC,2340
FIM-FIM-RSS-DPEEXS_LIC,325
FIM-FIM-RSS-DPELIS_LIC,895
DP-DLP-RSS-DGDMCS_LIC,33200
ES-SEG-RSS-DRMS_LIC,19.5
SM-DSM-RSS-DSMSUB_LIC,1062
GS-GSE-RSS-DMZ_LIC,9027.6
GS-GSE-RSS-DG3S_LIC,4066.8
DM-DA-RSS-DAAS_LIC,1
ES-SEG-RSS-DSSEGS_LIC,9.1
ES-SXG-RSS-DSSS_LIC,9.1
ES-SIG-RSS-DSSIGS_LIC,9.1
ES-SWG-RSS-DSSWGS_LIC,9.1
DM-IRM-RSS-DRSSUB_LIC,4125
DP-DLP-RSS-DVCSUB_LIC,92.4
SM-EV-RSS-EASYSU_LIC,955.65
ES-SEG-RSS-EEEPSE_LIC,65
DP-DLP-RSS-EDRS_LIC,61.44
GS-GSE-RSS-E8ES_LIC,16868.4
GS-GSE-RSS-EFES_LIC,958.8
GS-GSE-RSS-EAWS_LIC,5176.8
GS-GSE-RSS-EAMS_LIC,5916
GS-GSE-RSS-EARS_LIC,1624.8
GS-GSE-RSS-EBPS_LIC,2750
GS-GSE-RSS-EBAS_LIC,5500
GS-GSE-RSS-EEAS_LIC,662.4
GS-GSE-RSS-EEDS_LIC,1735.2
GS-GSE-RSS-EEOS_LIC,662.4
GS-GSE-RSS-EFTES_LIC,736.8
GS-GSE-RSS-EEWS_LIC,1106.4
GS-GSE-RSS-EFTS_LIC,2956.8
GS-GSE-RSS-EFMS_LIC,2464
GS-GSE-RSS-EHSS_LIC,662.4
GS-GSE-RSS-EOPS_LIC,1624.8
GS-GSE-RSS-ERAS_LIC,2211
GS-GSE-RSS-ESSS_LIC,662.4
GS-GSE-RSS-ETES_LIC,2464
GS-GSE-RSS-EWS_LIC,4066.8
DM-WCU-RSS-EMMO_LIC,866.25
DM-EU-RSS-ERSS_LIC,3176.25
ES-SEG-RSS-ENCRFS_LIC,6.5
ES-SEG-RSS-ENCRPS_LIC,39
DP-DLP-RSS-EDS_LIC,15
BI-SDW-RSS-EDSS_LIC,1375
BI-ESN-RSS-ENUS_LIC,138
BI-SDW-RSS-EES_LIC,1375
BI-SDW-RSS-EMMS_LIC,1000
GS-GSE-RSS-EAYS_LIC,1525
DM-IRM-RSS-EFS_LIC,1443.75
BI-ESN-RSS-ESENSU_LIC,3281
BI-ESN-RSS-ESENFU_LIC,3314
GOA-FIL-RSS-FCCS_LIC,2888
GOA-FIL-RSS-FCCCS_LIC,2888
GOA-FIL-RSS-FCDKS_LIC,2888
GOA-FIL-RSS-FCDS_LIC,1733
GOA-FIL-RSS-FCHAS_LIC,1733
GOA-FIL-RSS-FCLBS_LIC,2888
GOA-FIL-RSS-FCRPS_LIC,2888
GOA-FIL-RSS-FCTS_LIC,1733
GOA-FIL-RSS-FCWS_LIC,6050
GOA-FIL-RSS-FCWAS_LIC,5500
NW-AA-RSS-FLOWSU_LIC,7500
GS-GSE-RSS-FOLDYE_LIC,1525
DP-DC-RSS-FCSSS_LIC,50000
DP-DC-RSS-FCSES_LIC,35
DP-DC-RSS-FCSPS_LIC,40
DP-DC-RSS-FDUAPS_LIC,65
DP-DC-RSS-FDCSGS_LIC,63.7
DP-DC-RSS-FDCSUGS_LIC,54.88
DP-DC-RSS-FDUPPS_LIC,56
DP-DC-RSS-FDAPS_LIC,49
DP-DC-RSS-FDEPS_LIC,35
DP-DC-RSS-FDEUPS_LIC,47
DP-DC-RSS-FDDS_LIC,14
DP-DC-RSS-FDCSDGS_LIC,13.72
DP-DC-RSS-FMIOS_LIC,6
GS-GSE-RSS-FTPSYE_LIC,1512.5
GOA-GAM-RSS-GAAFTS_LIC,4620
GOA-GAM-RSS-GAAS_LIC,9995
GOA-GAM-RSS-GAAAS_LIC,4130
GOA-GAM-RSS-GAARS_LIC,1760
GOA-GAM-RSS-GAAWS_LIC,5497.25
GOA-GAM-RSS-GAAWRS_LIC,12650
GOA-GAM-RSS-GOAS_LIC,204.6
GOA-GAM-RSS-GAASRS_LIC,4290
GOA-GAM-RSS-GORS_LIC,2640
GOA-GAM-RSS-GOANA_LIC,2640
GOA-GAM-RSS-GABAS_LIC,547.25
GOA-GAM-RSS-GABAMS_LIC,6875
GOA-GAM-RSS-GACCPS_LIC,2475
GOA-GAM-RSS-GACCSS_LIC,1650
GOA-GAM-RSS-GACS_LIC,3850
GOA-GAM-RSS-GACBS_LIC,7607
GOA-GAM-RSS-GACBGS_LIC,10764
GOA-GAM-RSS-GACSBS_LIC,6683
GOA-GAM-RSS-GACSBGS_LIC,10148
GOA-GAM-RSS-GAEBS_LIC,121141
GOA-GAM-RSS-GAFSS_LIC,1925
GOA-GAM-RSS-GAGS_LIC,2197.25
GOA-GAM-RSS-GAGLBS_LIC,3850
GOA-GAM-RSS-GOBS_LIC,550
GOA-GAM-RSS-GAGFSS_LIC,4331
GOA-GAM-RSS-GAPSCS_LIC,3575
GOA-GAM-RSS-GAPS_LIC,17078
GOA-GAM-RSS-GAPESTGS_LIC,20543
GOA-GAM-RSS-GOAPE_LIC,51558
GOA-GAM-RSS-GAPSSS_LIC,4125
GOA-GAM-RSS-GANPE_LIC,30800
GOA-GAM-RSS-GAPESBGS_LIC,33830
GOA-GAM-RSS-GAPAS_LIC,8250
GOA-GAM-RSS-GAPBS_LIC,43158
GOA-GAM-RSS-GAPBCS_LIC,16038
GOA-GAM-RSS-GAPBTPCS_LIC,44001
GOA-GAM-RSS-GASFS_LIC,3575
GOA-GAM-RSS-GASS_LIC,4015
GOA-GAM-RSS-GASMS_LIC,1647.25
GOA-GAM-RSS-GASDS_LIC,1925
GOA-GAM-RSS-GASSS_LIC,1925
GOA-GAM-RSS-GASAS_LIC,272.25
GOA-GAM-RSS-GASBS_LIC,17064
GOA-GAM-RSS-GASBGS_LIC,20337
GOA-GAM-RSS-GASBGTPS_LIC,26410
GOA-GAM-RSS-GAUAS_LIC,4950
GOA-GAM-RSS-GAWBS_LIC,5000
GOA-GAM-RSS-GAWES_LIC,9350
GOA-GAM-RSS-GAWRS_LIC,6875
SM-HAM-RSS-HAMSUB_LIC,476
SM-HEP-RSS-HEPMS_LIC,2021
DM-IRC-RSS-HTMLSU_LIC,1270.5
GS-GSE-RSS-HSIS_LIC,3465
DM-IBM-RSS-IENCSU_LIC,1443.75
DM-IFO-RSS-IFORSU_LIC,6930
DM-IBM-RSS-IFSTSU_LIC,1650
DM-WCU-RSS-IBOSUB_LIC,346.5
ES-SEG-RSS-IGSSUB_LIC,13
ES-SEG-RSS-IGSRES_LIC,130
BI-ISA-RSS-INSISU_LIC,358
BI-ISA-RSS-IACS_LIC,1375
BI-ISA-RSS-IAPROS_LIC,4400
BI-ISA-RSS-IAPS_LIC,11000
DM-WFM-RSS-INTESU_LIC,1100
NW-INT-RSS-ISS_LIC,488
NW-INT-RSS-ISLS_LIC,259
NW-INT-RSS-ISBS_LIC,1546
FIM-FIM-RSS-IP36SU_LIC,22
FIM-FML-RSS-IP36MO_LIC,10000
ES-SEG-RSS-IPIPSU_LIC,2.6
DM-IBM-RSS-ISOIS_LIC,3176.25
SM-NSS-RSS-LOPSUB_LIC,3850
SM-RLP-RSS-LPARSU_LIC,1761.8
SM-LMM-RSS-LMMSSU_LIC,3394
SM-LSO-RSS-LSOSSU_LIC,4513
SM-LAA-RSS-LAASSU_LIC,7447
SM-LOC-RSS-LOCSSU_LIC,12287
CS-DFT-RSS-MAPSUB_LIC,2248
SM-MES-RSS-MESSSU_LIC,6318
SM-MP-RSS-MPS_LIC,6318
SM-ROM-RSS-MONISU_LIC,3431.6
SM-MQM-RSS-MQMSUB_LIC,1196
GS-GSE-RSS-MSGYEA_LIC,8455
CS-DFT-RSS-MSASUB_LIC,450
DP-DLP-RSS-NDWES_LIC,36
CS-DFT-RSS-NTCS_LIC,2248
SM-RON-RSS-NAHS_LIC,1715.85
SM-RON-RSS-NHS_LIC,1480.05
SM-RON-RSS-NNS_LIC,1715.85
IGA-AAS-RSS-NSCCSU_LIC,8663
SM-NSS-RSS-NSSLIS_LIC,809
SM-NSS-RSS-NSSSNR_LIC,1540
SM-NSS-RSS-NSSVIS_LIC,866
SM-NSS-RSS-NSSWEM_LIC,5390
SM-NSS-RSS-NSSWIS_LIC,270
ES-SEG-RSS-OFIS_LIC,65
ES-SEG-RSS-OFSS_LIC,6.5
ES-SXG-RSS-OCGS_LIC,6.5
ES-SIG-RSS-OFEATU_LIC,6.5
ES-SWG-RSS-OCFEAS_LIC,13
ES-SIG-RSS-OSIS_LIC,1430
ES-SEG-RSS-OPEPSE_LIC,6.5
BI-SDW-RSS-PLS_LIC,1000
SM-PRM-RSS-PASSSU_LIC,429
DM-IBM-RSS-PCLTSU_LIC,2541
DM-IRC-RSS-PDFCOS_LIC,866.25
DM-PCR-RSS-PDFSPS_LIC,1905.75
SM-PKP-RSS-PEEKSU_LIC,2295
SM-PFA-RSS-PAGSUB_LIC,2000
SM-PFA-RSS-PAS_LIC,773
SM-PN-RSS-PNS_LIC,4677.05
GS-GSE-RSS-PGPAYE_LIC,1525
CM-TQO-RSS-PO1YSU_LIC,4665
DM-EU-RSS-POP4SU_LIC,1210
CS-DFT-RSS-PUPSUB_LIC,2248
CS-PTA-RSS-PALAS_LIC,550
CS-PTA-RSS-PASS_LIC,275
CS-PTA-RSS-PAXLS_LIC,100
CS-PTA-RSS-PAIIDS_LIC,1132.75
CS-PTA-RSS-PAIIS_LIC,2536
CS-PTA-RSS-PTAVS_LIC,4887.5
CS-PAB-RSS-PABIIS_LIC,2324.15
CS-PCS-RSS-PCMDSS_LIC,3852.5
CS-PCM-RSS-PCMIIS_LIC,2773.8
CS-PDM-RSS-PDMS_LIC,2324.15
CS-PDM-RSS-POVS_LIC,35913.35
CS-PDM-RSS-PORS_LIC,2324.15
CS-PDM-RSS-PDMIIS_LIC,48
CS-PEI-RSS-PEIIS_LIC,2340
CS-PEI-RSS-PEIS_LIC,1097.25
CS-PEI-RSS-POMS_LIC,1097.25
CS-PEI-RSS-POWENC_LIC,3297.25
CS-PEM-RSS-PEMS_LIC,8250
CS-PEP-RSS-PEPS_LIC,1198.8
PIA-PIA-RSS-PIAS_LIC,196
CS-PIM-RSS-PIMIIS_LIC,1992.95
CS-PMF-RSS-PMFS_LIC,1100
CS-PPS-RSS-PPSS_LIC,664.7
CS-PPM-RSS-PPMIIS_LIC,1733
CS-PRA-RSS-PRAIIS_LIC,2656.5
CS-RSA-RSS-PRSS_LIC,1606
CS-PSA-RSS-PSAS_LIC,220
BI-QRW-RSS-QRWSUB_LIC,1488
DM-IRC-RSS-RAWRSU_LIC,866.25
SM-RAP-RSS-RECOSU_LIC,800
GS-GSE-RSS-REGUYE_LIC,3465
ES-SWG-RSS-RCSWGS_LIC,15.6
BI-SDW-RSS-RDPS_LIC,1000
BI-SDW-RSS-RDSS_LIC,1375
NW-IRA-RSS-RAIS_LIC,296
NW-INT-RSS-RAPS_LIC,329
NW-INT-RSS-RASFS_LIC,908
DM-IBM-RSS-REPOSS_LIC,1905.75
CS-DFT-RSS-RCMSUB_LIC,2248
SM-ROA-RSS-RAS_LIC,1534.1
SM-RAT-RSS-ROAS_LIC,2441.45
SM-ROB-RSS-RBSAS_LIC,3908.85
SM-ROB-RSS-RBCAS_LIC,3908.85
SM-ROB-RSS-RBCANS_LIC,3908.85
SM-ROB-RSS-RBSANS_LIC,3908.85
SM-ROB-RSS-RBSARS_LIC,3908.85
SM-SYM-RSS-RCS_LIC,2479.4
SM-ROC-RSS-ROCS_LIC,2751.95
SM-RCP-RSS-ROCPA_LIC,1815.85
SM-RHA-RSS-RHS_LIC,3162.5
SM-ROM-RSS-RMAS_LIC,885.5
SM-ROM-RSS-RMSUB_LIC,442.75
SM-ROM-RSS-RMVS_LIC,1771
SM-ROR-RSS-RRS_LIC,1534.1
SM-RRE-RSS-RORS_LIC,2403.5
SM-ROS-RSS-RSS_LIC,2783
SM-RSC-RSS-ROSS_LIC,3045.2
SM-RSE-RSS-RSES_LIC,2298.85
SM-RSI-RSS-RSEOIS_LIC,1534.1
SM-RSP-RSS-RSPACE_LIC,325
SM-ROT-RSS-RTS_LIC,1534.1
SM-SYM-RSS-ROTS_LIC,1458.2
SM-SYM-RSS-RUS_LIC,1629.55
DM-IBM-RSS-RPG2SU_LIC,4331.25
DM-IRC-RSS-RTFRSU_LIC,866.25
CS-SPS-RSS-SPSHS_LIC,664.7
CS-SPS-RSS-SPSHUS_LIC,4.73
ES-SEG-RSS-SSEGS_LIC,13
SM-SAP-RSS-SAPISU_LIC,1534.1
DM-WCU-RSS-SCANSU_LIC,7000
GS-GSE-RSS-SCHEYE_LIC,3125
ES-SEG-RSS-SEGS_LIC,1500
ES-SEG-RSS-SEPS_LIC,30.6
ES-SEG-RSS-SEEMAI_LIC,36.8
ES-SEG-RSS-SECEGA_LIC,25.65
ES-SXG-RSS-SEEXCH_LIC,3125
ES-SXG-RSS-SEEGAT_LIC,30.6
ES-SXG-RSS-SEEXGE_LIC,36.8
ES-SXG-RSS-SEEGES_LIC,25.65
GS-GSE-RSS-SFYS_LIC,14062.5
ES-SIG-RSS-SIGS_LIC,2625
ES-SIG-RSS-SEIS_LIC,6732
ES-SIG-RSS-SEUS_LIC,40.5
ES-SIG-RSS-SECIGA_LIC,8096
ES-SIG-RSS-SICGAT_LIC,45.6
ES-SIG-RSS-SICGAE_LIC,5643
ES-SIG-RSS-SIGESS_LIC,36.1
ES-SIG-RSS-SICGPE_LIC,2500
ES-SWG-RSS-SWGS_LIC,0.78
ES-SWG-RSS-SEWEB_LIC,48.6
ES-SWG-RSS-SECWGA_LIC,56.8
ES-SWG-RSS-SWEGAT_LIC,44.65
IGA-AAS-RSS-SECUSU_LIC,0.58
CS-SA-RSS-SAS_LIC,2441.45
CS-DFT-RSS-SADS_LIC,2248
CS-PSS-RSS-SSIS_LIC,594
BI-SQ-RSS-SEQUES_LIC,10937
BI-SQ-RSS-SUBS_LIC,2483
BI-CRO-RSS-SCRS_LIC,484
BI-SDW-RSS-SDWS_LIC,10890
BI-SDW-RSS-SDWSLBES_LIC,9845
BI-SDW-RSS-SDWSLSES_LIC,15345
BI-SDW-RSS-SDWSLGES_LIC,20845
BI-SDW-RSS-SDWSLPES_LIC,27445
BI-SDW-RSS-SDWBBES_LIC,14795
BI-SDW-RSS-SDWBSES_LIC,20295
BI-SDW-RSS-SDWBGES_LIC,25795
BI-SDW-RSS-SDWBPES_LIC,32395
BI-SQ-RSS-SRDS_LIC,1097
BI-SQ-RSS-SSMBPS_LIC,2811
BI-SQ-RSS-SSMBSS_LIC,2096
BI-SQ-RSS-SSMB_LIC,1097
BI-SQ-RSS-SESOLU_LIC,11047
BI-SWI-RSS-SWIS_LIC,3320
GS-GSE-RSS-SFTPYE_LIC,3465
BI-CRO-RSS-SHCL_LIC,484
BI-QRW-RSS-SREPS_LIC,183
DM-SH-RSS-SIGNSU_LIC,288.75
GS-GSE-RSS-SINGFA_LIC,3812
DM-EU-RSS-SMTPSU_LIC,1925
SM-SFM-RSS-SFMS_LIC,1254
IGA-AAS-RSS-SCCIPS_LIC,8662.5
IGA-AAS-RSS-SCCSDS_LIC,41
ES-SEG-RSS-SSSEGS_LIC,9.1
ES-SXG-RSS-SSSEGA_LIC,9.1
ES-SIG-RSS-SSSIGS_LIC,369
ES-SWG-RSS-SSSWGS_LIC,9.1
DM-SV4-RSS-S4SUPS_LIC,275
DM-SV4-RSS-S4SS_LIC,412.5
DM-SV4-RSS-S4S_LIC,1100
DM-SV4-RSS-S4UPS_LIC,1650
SM-VMC-RSS-T0PUS_LIC,8907
SM-TSK-RSS-TASKSU_LIC,8907
CM-TQO-RSS-TQACSS_LIC,186
CM-TQO-RSS-TQAS_LIC,601
CM-TQO-RSS-TESS_LIC,804
CM-TQO-RSS-TEAQUE_LIC,601
CM-TQR-RSS-TQSSS_LIC,749
DM-IRC-RSS-TRCASU_LIC,866.25
DP-DC-RSS-TCSS_LIC,8907
DP-DC-RSS-TMCS_LIC,8907
GS-GSE-RSS-TRANYE_LIC,8907
BI-SDW-RSS-TRENSU_LIC,8907
FIM-FIM-RSS-TRUS_LIC,3408
FIM-FIM-RSS-TAPP_LIC,1609
FIM-FIM-RSS-TRIATE_LIC,4335
FIM-FIM-RSS-TRATEI_LIC,1099
FIM-FIM-RSS-TECS_LIC,4335
FIM-FIM-RSS-TEECS_LIC,1099
FIM-FIM-RSS-TEDS_LIC,23
FIM-FIM-RSS-TEFSS_LIC,59
FIM-FIM-RSS-TEIDS_LIC,15
FIM-FIM-RSS-TEMIS_LIC,15
FIM-FIM-RSS-TENDS_LIC,46
FIM-FIM-RSS-TEPS_LIC,49
FIM-FIM-RSS-TEPSS_LIC,137
FIM-FIM-RSS-TEVES_LIC,525
FIM-FIM-RSS-TDS_LIC,186
FIM-TLC-RSS-TLCS_LIC,299
FIM-TLC-RSS-TLCCS_LIC,44544
FIM-TLC-RSS-TRAS_LIC,150
FIM-TLC-RSS-TRLCEN_LIC,69
FIM-TLC-RSS-TLCIES_LIC,177
FIM-TLC-RSS-TRLOCE_LIC,1848.6
FIM-FIM-RSS-DP700S_LIC,3450
FIM-TLC-RSS-TLOCEM_LIC,1890
FIM-TLC-RSS-TRCS_LIC,62
FIM-TLC-RSS-TLOCEP_LIC,69
FIM-TLC-RSS-TLOCPS_LIC,177
FIM-TLC-RSS-TLOCVE_LIC,183
FIM-TLC-RSS-TLCFMS_LIC,4335
FIM-TLC-RSS-TLCMS_LIC,69
FIM-TLC-RSS-TLOCER_LIC,177
FIM-FIM-RSS-TSAES_LIC,23
ES-SEG-RSS-TCSESU_LIC,59
DP-DLP-RSS-UCFSS_LIC,36.24
DP-DLP-RSS-UCOCS_LIC,5.52
DP-DLP-RSS-UCRCS_LIC,5.52
DP-DLP-RSS-UCSCS_LIC,5.52
CS-DFT-RSS-UPMS_LIC,10000
SM-VMC-RSS-VCCS_LIC,69
SM-VMC-RSS-VCJS_LIC,177
SM-PN-RSS-VILS_LIC,3792
SM-PN-RSS-VISCPPS_LIC,99
SM-VMC-RSS-VMCS_LIC,149
SM-VMC-RSS-VIBS_LIC,78
SM-VMC-RSS-VIOS_LIC,895
SM-VMC-RSS-VRCS_LIC,206
SM-VMC-RSS-VIVS_LIC,525
CM-VCM-RSS-VCMS_LIC,19800
CM-VCM-RSS-VCMES_LIC,63
SM-VIT-RSS-VIBMS_LIC,8250
CM-VIM-RSS-VMS_LIC,93
SM-VMC-RSS-VATS_LIC,2750
SM-VMC-RSS-VMAS_LIC,191
SM-VMC-RSS-VDAS_LIC,63
SM-VMC-RSS-VMVS_LIC,559
SM-VMC-RSS-VESS_LIC,1238
SM-VMC-RSS-VHOS_LIC,2750
SM-VMC-RSS-VMCIS_LIC,15000
SM-VMC-RSS-VMMS_LIC,1100
SM-VMC-RSS-VMISEP_LIC,69
SM-VMC-RSS-VISES_LIC,177
SM-VMC-RSS-VISESA_LIC,69
SM-VMC-RSS-VISSAS_LIC,177
SM-VMC-RSS-VLOS_LIC,37
SM-VMC-RSS-VMCSCAS_LIC,4335
SM-VMC-RSS-VNOS_LIC,62
SM-VMC-RSS-VNSS_LIC,20
SM-VMC-RSS-VOOS_LIC,62
SM-VMC-RSS-VOSS_LIC,183
SM-VMC-RSS-VPCS_LIC,62
SM-VMC-RSS-VPUS_LIC,62
SM-VMC-RSS-VSAS_LIC,62
SM-VMC-RSS-VMSQL_LIC,1238
SM-VMC-RSS-VMCSSE_LIC,1238
SM-VMC-RSS-VUOS_LIC,545
SM-VMC-RSS-VUSS_LIC,1045
SM-VMC-RSS-VVMS_LIC,11000
SM-VMC-RSS-VVOS_LIC,1650
SM-VMC-RSS-VVSS_LIC,1650
SM-VMC-RSS-VWSS_LIC,2475
SM-VMC-RSS-VWEB_LIC,2475
SM-VMC-RSS-VWOS_LIC,11780
SM-VMC-RSS-VWPS_LIC,5890
SM-VMC-RSS-VMPS_LIC,3550
SM-VMC-RSS-VMCWSE_LIC,825
SM-VMC-RSS-VISPA_LIC,660
FIM-FIM-RSS-VEMEVS_LIC,20000
FIM-FIM-RSS-VEMEES_LIC,2995
FIM-FIM-RSS-VEMELS_LIC,8000
BI-WB-RSS-WAREBS_LIC,2379
BI-WM-RSS-WAREMS_LIC,1191
BI-SQ-RSS-WEBESS_LIC,311
DM-WEB-RSS-WDDMS_LIC,2750
DM-WFM-RSS-WFMS_LIC,4125
DM-WEB-RSS-WDIMS_LIC,3987.5
DM-WFM-RSS-WEBFSU_LIC,5775
DM-WS-RSS-WEBSSU_LIC,1443.75
DM-WCU-RSS-WAISUB_LIC,2021.25
DM-DLN-RSS-WSS_LIC,1155
DM-DLN-RSS-WSEFS_LIC,3300
,42
,35
RPA-AUD-RSS-AFTPES_LIC,1000
DP-DC-RSS-DCSAB_LIC,42
DP-DC-RSS-DCSAB_MAINT,42
DP-DC-RSS-DCSESB_LIC,35
DP-DC-RSS-DCSESB_MAINT,35
IGA-AAS-RSP-OPSSRV,45360
ES-MSO-RSSH-MSOARS,9200
DP-DLP-RSL-DGOSS,120
ES-SEG-NRPS-CSEGKP,47.27
ES-SEG-RSP-PREMS1,19500
ES-SEG-RSS-CSEGKS,26
ES-SEG-RSS-A4ESUB,19.5
GOA-GAM-RSS-GAULTS,32051.25
GOA-GAM-RSS-GSSDGMBS,4070
GOA-GAM-RSS-GAEX12S,2888
HRM-HRM-RSP-HRMGMT,22500
CM-TQR-RSS-TQSURV,166
CM-VCM-RSS-VCMSPS,137
OS-COS-NRPS-COBSTR,20500
OS-CI-RSS-CIS,369
CS-PSI-RSS-PSAIIS,1246
CS-PCS-RSS-PCSIIS,2615
CS-CLP-RSS-SGNETS,5508
VM-BSL-RSL-WASCBS,368
VM-BSL-RSL-FPSS,935
VM-DDL-RSL-FPCIAS,935
VM-DDL-RSL-FATSWP,3
VM-DDL-RSL-DSMFAL,72
VM-DDL-RSL-TEAMSS,300
VM-DDL-NRSU-2X7X3M,15000
DM-WCU-RSS-5250SU,2021.25
BI-ABS-RSS-ABSTSU,46
GS-EFA-RSSH-ARCUS,3000
ES-CEP-RSL-ACTIDB,94000
VM-DDL-RSL-ACTITH,9
GS-GSE-RSS-AAMYS,124
SM-AJS-RSS-AJSS,1568
SM-ARS-RSS-ARSS,15
SM-ARS-RSS-ARSLS,41
GS-GSE-RSS-ASMS,5690.4
GS-GSE-RSS-AWEYS,46
DM-IRC-RSS-AFPCSU,2310
RPA-AUT-RSP-AICEXP,12000
SM-NSS-RSS-AIXOPS,124
SM-AI-RSS-ALERSU,6000
SM-VIT-RSS-ABPS,2750
SM-VIT-RSS-ABAS,137
SM-VIT-RSS-ABCS,275
SM-VIT-RSS-ALPS,140
SM-VIT-RSS-ABSIS,550
SM-VIT-RSS-ACPS,275
SM-VIT-RSS-ALIGNC,825
SM-VIT-RSS-ACS,8250
SM-VIT-RSS-AES,2750
SM-VIT-RSS-AESS,550
SM-VIT-RSS-AISS,275
SM-VIT-RSS-AOBSS,275
SM-VIT-RSS-ATS,110
SM-VIT-RSS-ALCS,8250
BI-AD-RSS-ANYDSU,2703
ES-DMP-RSL-APAOS,5000
CS-DFT-RSS-ASOCS,2248
DP-DLP-RSL-ARCO,21.6
GS-GSE-RSS-ACSYEA,7623
IGA-AAS-RSS-ACISSU,1155
HRM-HRM-RSL-ATT,1250
DP-DLP-RSS-ATPSUB,50.4
GS-GSE-RSS-ARYS,1663
SM-AJM-RSS-AJMS,866
SM-AUS-RSS-AUTHSU,2021
RPA-AUD-RSS-ADS,3600
RPA-AUT-RSS-AUES,3850
RPA-AUT-RSS-AUAS,822
RPA-AUT-RSS-AEDTS,825
RPA-AUT-RSP-AUEX,12000
RPA-AUD-RSS-AFPS,1922
RPA-AIC-RSS-AICS,21450
RPA-AUT-RSS-AUPL,6875
RPA-AUT-RSS-APMDP,58000
RPA-AUD-RSS-AUPS,2400
RPA-AUD-RSS-APAPS,660
RPA-AUT-RSS-AUUS,150000
VM-DDL-RSL-BISPHS,900
DM-WCU-RSS-BIUS,866.25
DM-IRM-RSS-BRSS,3176.25
ES-DMP-RMS-BECE,5000
VM-BSL-RSL-BESEPB,824
VM-BSL-RSL-BESTBB,60000
VM-APS-RSL-BESTSU,60000
SM-SMB-RSS-BMMS,2914
ES-SEA-RSL-B1IAAB,35.55
CDP-CSB-RSL-CASBAB,26
CDP-CSB-RSL-CASBEB,14
CDP-CSB-RSL-CASBPB,50
CDP-CSB-RSL-CASBSN,50
CDP-CSB-RSL-CASBSI,14
CDP-CSB-RSL-CASBSF,50
FIM-FIM-RSS-DPEEXS,325
FIM-FIM-RSS-DPELIS,895
DP-DLP-RSL-DGDAOS,4.8
DP-DLP-NROR-DGDAPP,16900
DP-DLP-RSP-DGDEXP,70000
DP-DLP-RMS-DGDMSS,3.3
DP-DLP-RSS-DGDMCS,33200
DP-DLP-RSL-DGDSSE,3.3
DP-DLP-RSL-DGDSSU,1.6
ES-SEG-RSS-DRMS,19.5
SM-DSM-RSS-DSMSUB,1062
ES-DMP-RSL-DMARPR,2600
GS-GSE-RSS-DMZ,9027.6
GS-GSE-RSS-DG3S,4066.8
DM-DA-RSS-DAAS,1
ES-SEG-RSS-DSSEGS,9.1
ES-SXG-RSS-DSSS,9.1
ES-SIG-RSS-DSSIGS,9.1
ES-SWG-RSS-DSSWGS,9.1
DM-IRM-RSS-DRSSUB,4125
CDP-DPM-RSL-DSPMH,5000
DP-DLP-RSS-DVCSUB,92.4
SM-EV-RSS-EASYSU,955.65
ES-SEG-RSS-EEEPSE,65
DP-DLP-RSS-EDRS,61.44
GS-GSE-RSS-E8ES,16868.4
GS-GSE-RSS-EFES,958.8
GS-GSE-RSS-EAWS,5176.8
GS-EFA-RSL-EAS,2999
GS-GSE-RSS-EAMS,5916
GS-GSE-RSS-EARS,1624.8
GS-GSE-RSS-EBPS,2750
GS-GSE-RSS-EBAS,5500
GS-GSE-RSS-EEAS,662.4
GS-GSE-RSS-EEDS,1735.2
GS-GSE-RSS-EEOS,662.4
GS-GSE-RSS-EFTES,736.8
GS-GSE-RSS-EEWS,1106.4
GS-GSE-RSS-EFTS,2956.8
GS-GSE-RSS-EFMS,2464
GS-GSE-RSS-EHSS,662.4
GS-GSE-RSS-EOPS,1624.8
GS-GSE-RSS-ERAS,2211
GS-GSE-RSS-ESSS,662.4
GS-GSE-RSS-ETES,2464
GS-GSE-RSS-EWS,4066.8
DM-WCU-RSS-EMMO,866.25
DM-EU-RSS-ERSS,3176.25
ES-SEG-RSP-EMSES,12000
ES-SEG-RSP-ESRS,5000
ES-ESO-RMS-ETIS,4000
ES-SEG-RSS-ENCRFS,6.5
ES-SEG-RSS-ENCRPS,39
DP-DLP-RSS-EDS,15
BI-SDW-RSS-EDSS,1375
BI-ESN-RSS-ENUS,138
BI-SDW-RSS-EES,1375
BI-SDW-RSS-EMMS,1000
GS-GSE-RSS-EAYS,1525
DM-IRM-RSS-EFS,1443.75
FIM-FIM-RSS-CCMNDS,93
FIM-FIM-RSS-CCMSFO,48
FIM-FIM-RSS-CCMSES,124
FIM-FIM-RSS-CCMSPD,10
FIM-FIM-RSS-CCMSID,23
FIM-FIM-RSS-CCMWFO,17
FIM-FIM-RSS-CCMWOS,42
FIM-FIM-RSS-CCMLIS,7440
FIM-FIM-RSS-CCMMSF,16620
FIM-FIM-RSS-CCMMSS,21540
FIM-FIM-RSS-CCMWLS,895
FIM-FIM-RSS-CCMWSE,2340
FIM-FIM-RSS-CCMWIN,2340
SM-ROT-RSS-CDBSUB,1003.05
BI-SDW-RSS-CDCMS,2200
BI-SDW-RSS-CMS,1000
HRM-HRM-RSL-CLSAAS,2180
HRM-HRM-RSL-CLSACH,1198.8
HRM-HRM-RSL-CCHOPS,500
GS-GSE-RSS-CCAYS,1386
GS-GSE-RSS-CCMCS,1476
ES-CEP-RSL-CEPS,2500
CDP-CSB-RSL-CSPMS,10000
OS-COS-RSS-COBASU,5900
OS-COS-NRST-CIC1S,600
OS-COS-NRST-CIICS,850
OS-COS-NRST-CIC2S,350
CS-DFT-RSS-CCIS,3373
DP-DLP-RSS-COMPLI,39.24
IGA-AAS-RSS-CAS,12.71
IGA-AAS-RSS-CCS,5.2
IGA-AAS-RSS-CCFRS,14438
IGA-AAS-RSS-CCLS,14438
IGA-AAS-RSP-CIROS,138000
IGA-AAS-RSS-CPS,4.33
IGA-VIS-RSS-CRDS,12.6
BP-ETM-RMS-COUNTE,20000
BP-ETM-RMS-CREDBA,5000
BP-ETM-RMS-CREDTI,20000
DM-IRC-RSS-CSVCSU,1210
BP-TSE-RMS-DARKCC,2000
BI-SDW-RSS-DATA,1375
DP-DC-RSP-DCS,250
DP-DLP-RSP-DLPS,360000
SM-VMC-RSS-DACS,2008
SM-VMC-RSS-DMISRS,602
DP-DLP-RSL-DPPS,12.1
ES-SEG-RSS-DRSEGS,9.1
ES-SXG-RSS-DRSS,9.1
ES-SIG-RSS-DRSIGS,9.1
ES-SIG-RSS-DAIS,2002
ES-SWG-RSS-DRSWGS,9.1
BI-SDW-RSS-DSVBS,1000
DM-IBM-RSS-DATASU,1155
DP-DC-RSP-DCDEXP,8000
DP-DC-RSP-DCDTAM,99000
DP-DC-RSL-DCSCS,5000
DP-DC-RSL-DCCSCB,10000
DP-DC-RSL-DCSES,25000
DP-DC-RSL-DCSEP,50000
DP-DC-RSS-DCSDAR,12
DP-DC-RSS-DCSPLS,42
DP-DC-RSL-DCSPMO,3000
DP-DC-RSS-DCSSDK,50000
DM-DLN-RSS-DELIBA,3300
DM-DLN-RSS-DELIIS,1237.5
DM-DLN-RSS-DELISH,577.5
DM-DLN-RSS-DELIWM,1237.5
BI-DB-RSS-DEPLSU,13618
FIM-FIM-RSS-DPESUB,2340
BI-ESN-RSS-ESENSU,3281
BI-ESN-RSS-ESENFU,3314
ES-DMP-RSP-ESP,24000
GOA-FIL-RSS-FCCS,2888
GOA-FIL-RSS-FCCCS,2888
GOA-FIL-RSS-FCDKS,2888
GOA-FIL-RSS-FCDS,1733
GOA-FIL-NRPS-FCDSTS,25000
GOA-FIL-RSS-FCHAS,1733
GOA-FIL-RSS-FCLBS,2888
GOA-FIL-RSS-FCRPS,2888
GOA-FIL-RSS-FCTS,1733
GOA-FIL-RSS-FCWS,6050
GOA-FIL-RSS-FCWAS,5500
NW-AA-RSS-FLOWSU,7500
GS-GSE-RSS-FOLDYE,1525
DP-DC-RSS-FCSSS,50000
DP-DC-RSS-FCSES,35
DP-DC-RSS-FCSPS,40
DP-DC-RSS-FDUAPS,65
DP-DC-RSS-FDCSGS,63.7
DP-DC-RSS-FDCSUGS,54.88
DP-DC-RSS-FDUPPS,56
DP-DC-RSS-FDAPS,49
DP-DC-RSS-FDEPS,35
DP-DC-RSS-FDEUPS,47
DP-DC-RSS-FDDS,14
DP-DC-RSS-FDCSDGS,13.72
DP-DC-RSS-FMIOS,6
VM-VLM-RSL-FMVS,6175
VM-VLM-RSL-FMVAS,3000
VM-DDL-RSL-FPAES,1469
VM-DDL-RSL-FPAIS,1491
VM-DDL-RSL-FPAIES,2368
VM-DDL-RSL-FPTES,2054
VM-VLM-RSL-FPTIS,1556
VM-DDL-RSP-FSA,2000
CS-CLP-RSP-FSRS,275
VM-VLM-RSL-FVBS,383
VM-VLM-RSL-FVMS,2479
VM-VLM-RSL-FVSS,300
VM-DDL-RSL-FWAPTS,3150
VM-DDL-RSL-FWASS,368
VM-DDL-RSL-FCTMS,48000
VM-DDL-NRST-FPTEOS,2054
GS-GSE-RSS-FTPSYE,1512.5
GOA-GAM-RSS-GAAFTS,4620
GOA-GAM-RSS-GAAS,9995
GOA-GAM-RSS-GAAAS,4130
GOA-GAM-RSS-GAARS,1760
GOA-GAM-RSS-GAAWS,5497.25
GOA-GAM-RSS-GAAWRS,12650
GOA-GAM-RSS-GOAS,204.6
GOA-GAM-RSS-GAASRS,4290
GOA-GAM-RSS-GORS,2640
GOA-GAM-RSS-GOANA,2640
GOA-GAM-RSS-GABAS,547.25
GOA-GAM-RSS-GABAMS,6875
GOA-GAM-RSS-GACCPS,2475
GOA-GAM-RSS-GACCSS,1650
GOA-GAM-RSS-GACS,3850
GOA-GAM-RSS-GACBS,7607
GOA-GAM-RSS-GACBGS,10764
GOA-GAM-RSS-GACSBS,6683
GOA-GAM-RSS-GACSBGS,10148
GOA-GAM-RSS-GAEBS,121141
GOA-GAM-RSP-GAES,12000
GOA-GAM-RSS-GAFSS,1925
GOA-GAM-RSS-GAGS,2197.25
GOA-GAM-RSS-GAGLBS,3850
GOA-GAM-RSS-GOBS,550
GOA-GAM-RSS-GAGFSS,4331
GOA-GMA-RSSH-GAMSAB,0.2
GOA-GMA-RSSH-GAMSAD,0.6
GOA-GMA-RSSH-GAMSAS,2600
GOA-GMA-RSSH-GAMSAI,4000
GOA-GMA-RSL-GAMSHC,4050
GOA-GMA-RSSH-GAMSII,2500
GOA-GAM-RSS-GAPSCS,3575
GOA-GAM-RSS-GAPS,17078
GOA-GAM-RSS-GAPESTGS,20543
GOA-GAM-RSS-GOAPE,51558
GOA-GAM-RSS-GAPSSS,4125
GOA-GAM-RSS-GANPE,30800
GOA-GAM-RSS-GAPESBGS,33830
GOA-GAM-RSS-GAPAS,8250
GOA-GAM-RSS-GAPBS,43158
GOA-GAM-RSS-GAPBCS,16038
GOA-GAM-RSS-GAPBTPCS,44001
GOA-GAM-RSS-GASFS,3575
GOA-GAM-RSS-GASS,4015
GOA-GAM-RSS-GASMS,1647.25
GOA-GAM-RSS-GASDS,1925
GOA-GAM-RSS-GASSS,1925
GOA-GAM-RSS-GASAS,272.25
GOA-GAM-RSS-GASBS,17064
GOA-GAM-RSS-GASBGS,20337
GOA-GAM-RSS-GASBGTPS,26410
GOA-GAM-RSS-GAUAS,4950
GOA-GAM-RSS-GAWBS,5000
GOA-GAM-RSS-GAWES,9350
GOA-GAM-RSS-GAWRS,6875
SM-HAM-RSS-HAMSUB,476
SM-HEP-RSS-HEPMS,2021
SM-HEP-RSP-HLRS,275
HRM-HRM-RSL-HIPAAH,2000
DM-IRC-RSS-HTMLSU,1270.5
GS-GSE-RSS-HSIS,3465
ES-SEG-RSSH-ICAPHF,1000
ES-SEG-RSL-ICAPMF,3000
DM-IBM-RSS-IENCSU,1443.75
DM-IFO-RSS-IFORSU,6930
DM-IBM-RSS-IFSTSU,1650
DM-WCU-RSS-IBOSUB,346.5
ES-SEG-RSS-IGSSUB,13
ES-SEG-RSS-IGSRES,130
BI-ISA-RSS-INSISU,358
BI-ISA-RSS-IACS,1375
BI-ISA-RSS-IAPROS,4400
BI-ISA-RSS-IAPS,11000
DM-WFM-RSS-INTESU,1100
NW-INT-NRPS-ISP,3206
NW-INT-RSS-ISS,488
NW-INT-RSS-ISLS,259
NW-INT-RSS-ISBS,1546
NW-INT-NRPS-INTERM,300
DP-DLP-RMS-INVESU,50.04
FIM-FIM-RSS-IP36SU,22
FIM-FML-RSS-IP36MO,10000
ES-SEG-RSS-IPIPSU,2.6
DM-IBM-RSS-ISOIS,3176.25
SM-NSS-RSS-LOPSUB,3850
DP-SC-RSL-LKSCS,50000
SM-RLP-RSS-LPARSU,1761.8
SM-LMM-RSS-LMMSSU,3394
SM-LSO-RSS-LSOSSU,4513
SM-LAA-RSS-LAASSU,7447
SM-LOC-RSS-LOCSSU,12287
CS-SEC-RSP-SCSVC,4920
ES-SEG-RSP-MSSEG,2600
DP-DLP-RMS-MANAGE,29.04
CS-DFT-RSS-MAPSUB,2248
DM-IBM-RSS-PCLTSU,2541
DM-IRC-RSS-PDFCOS,866.25
DM-PCR-RSS-PDFSPS,1905.75
SM-PKP-RSS-PEEKSU,2295
SM-PFA-RSS-PAGSUB,2000
SM-PFA-RSS-PAS,773
SM-PN-RSS-PNS,4677.05
HRM-HRM-RSL-PIIPS,2000
GS-GSE-RSS-PGPAYE,1525
VM-DDL-RMS-PHISIF,3600
ES-CEP-RSL-PHISDE,5000
ES-SEA-RSL-PHISRE,2200
VM-VLM-RSP-PSSRRS,6000
CM-TQO-RSS-PO1YSU,4665
DM-EU-RSS-POP4SU,1210
CS-DFT-RSS-PUPSUB,2248
CS-PTA-RSS-PALAS,550
CS-PTA-RSS-PASS,275
CS-PTA-RSS-PAXLS,100
CS-PTA-RSS-PAIIDS,1132.75
CS-PTA-RSS-PAIIS,2536
CS-PTA-RSS-PTAVS,4887.5
CS-PAB-RSS-PABIIS,2324.15
CS-PCS-RSS-PCMDSS,3852.5
CS-PCM-RSS-PCMIIS,2773.8
CS-PDM-RSS-PDMS,2324.15
CS-PDM-RSS-POVS,35913.35
CS-PDM-RSS-PORS,2324.15
CS-PDM-RSS-PDMIIS,48
CS-PEI-RSS-PEIIS,2340
CS-PEI-RSS-PEIS,1097.25
CS-PEI-RSS-POMS,1097.25
CS-PEI-RSS-POWENC,3297.25
CS-PEM-RSS-PEMS,8250
CS-PEP-RSS-PEPS,1198.8
PIA-PIA-RSS-PIAS,196
CS-PIM-RSS-PIMIIS,1992.95
CS-PMF-RSS-PMFS,1100
CS-PPS-RSS-PPSS,664.7
CS-PPM-RSS-PPMIIS,1733
CS-PRA-RSS-PRAIIS,2656.5
CS-RSA-RSS-PRSS,1606
CS-PSA-RSS-PSAS,220
CS-CLP-RSP-PTRS,275
SM-SYM-NRST-PXS,275
FIM-FIM-RSP-PPTARS,15000
FIM-FIM-RSP-PPTRES,380000
FIM-FIM-RSP-PPTRERS,215000
FIM-FIM-RSP-PPTRERRS,215000
HRM-HRM-RSL-PRIVAC,2000
HRM-HRM-RSL-PHIPS,2400
BI-QRW-RSS-QRWSUB,1488
DM-IRC-RSS-RAWRSU,866.25
SM-RAP-RSS-RECOSU,800
VM-VLM-RSP-RTPTRS,25000
GS-GSE-RSS-REGUYE,3465
ES-SWG-RSS-RCSWGS,15.6
BI-SDW-RSS-RDPS,1000
BI-SDW-RSS-RDSS,1375
NW-IRA-RSS-RAIS,296
NW-INT-RSS-RAPS,329
NW-INT-RSS-RASFS,908
DM-IBM-RSS-REPOSS,1905.75
CS-DFT-RSS-RCMSUB,2248
SM-PN-RSP-RMPGRS,300
SM-ROA-RSS-RAS,1534.1
SM-RAT-RSS-ROAS,2441.45
SM-ROB-RSS-RBSAS,3908.85
SM-ROB-RSS-RBCAS,3908.85
SM-ROB-RSS-RBCANS,3908.85
SM-ROB-RSS-RBSANS,3908.85
SM-ROB-RSS-RBSARS,3908.85
SM-SYM-RSS-RCS,2479.4
SM-ROC-RSS-ROCS,2751.95
SM-RCP-RSS-ROCPA,1815.85
SM-RHA-RSS-RHS,3162.5
SM-ROM-RSS-RMAS,885.5
SM-ROM-RSS-RMSUB,442.75
SM-ROM-RSS-RMVS,1771
SM-ROR-RSS-RRS,1534.1
SM-RRE-RSS-RORS,2403.5
SM-ROS-RSS-RSS,2783
SM-RSC-RSS-ROSS,3045.2
SM-RSE-RSS-RSES,2298.85
SM-RSI-RSS-RSEOIS,1534.1
SM-SYM-RSP-RBSH,275
SM-RSP-RSS-RSPACE,325
SM-ROT-RSS-RTS,1534.1
SM-SYM-RSS-ROTS,1458.2
SM-SYM-RSS-RUS,1629.55
DM-IBM-RSS-RPG2SU,4331.25
DM-IRC-RSS-RTFRSU,866.25
CS-SPS-RSS-SPSHS,664.7
CS-SPS-RSS-SPSHUS,4.73
ES-SEG-RSS-SSEGS,13
SM-SAP-RSS-SAPISU,1534.1
DM-WCU-RSS-SCANSU,7000
GS-GSE-RSS-SCHEYE,3125
DP-SC-RSL-SDKR,50000
DP-SC-RSL-SCPIUT,25000
ES-SEG-RSS-SEGS,1500
ES-SEG-RSS-SEPS,30.6
ES-SEG-RSS-SEEMAI,36.8
ES-SEG-RSS-SECEGA,25.65
ES-SXG-RSS-SEEXCH,3125
ES-SXG-RSS-SEEGAT,30.6
ES-SXG-RSS-SEEXGE,36.8
ES-SXG-RSS-SEEGES,25.65
GS-GSE-RSS-SFYS,14062.5
ES-SIG-RSS-SIGS,2625
ES-SIG-RSS-SEIS,6732
ES-SIG-RSS-SEUS,40.5
ES-SIG-RSS-SECIGA,8096
ES-SIG-RSS-SICGAT,45.6
ES-SIG-RSS-SICGAE,5643
ES-SIG-RSS-SIGESS,36.1
ES-SIG-RSS-SICGPE,2500
ES-SWG-RSS-SWGS,0.78
ES-SWG-RSS-SEWEB,48.6
ES-SWG-RSS-SECWGA,56.8
ES-SWG-RSS-SWEGAT,44.65
IGA-AAS-RSS-SECUSU,0.58
HRM-HRM-RSP-SEAD,3200
CS-SA-RSS-SAS,2441.45
CS-DFT-RSS-SADS,2248
HRM-HRM-RSL-SALCBS,2400
HRM-HRM-RSL-SALSBS,3000
HRM-HRM-RSL-SALUBS,5000
HRM-HRM-RSL-SAPCBWPS,2000
HRM-HRM-RSL-SAPCBSMS,3000
HRM-HRM-RSL-SAPSBSMS,4000
HRM-HRM-RSL-SAPUBSMS,6000
CS-PSS-RSS-SSIS,594
BI-SQ-RSS-SEQUES,10937
BI-SQ-RSS-SUBS,2483
BI-CRO-RSS-SCRS,484
BI-SDW-RSS-SDWS,10890
BI-SDW-RSS-SDWSLBES,9845
BI-SDW-RSS-SDWSLSES,15345
BI-SDW-RSS-SDWSLGES,20845
BI-SDW-RSS-SDWSLPES,27445
BI-SDW-RSS-SDWBBES,14795
BI-SDW-RSS-SDWBSES,20295
BI-SDW-RSS-SDWBGES,25795
BI-SDW-RSS-SDWBPES,32395
BI-SQ-RSS-SRDS,1097
BI-SQ-RSP-SQLRS,275
BI-SQ-RSS-SSMBPS,2811
BI-SQ-RSS-SSMBSS,2096
BI-SQ-RSS-SSMB,1097
BI-SQ-RSS-SESOLU,11047
BI-SWI-RSS-SWIS,3320
GS-GSE-RSS-SFTPYE,3465
BI-CRO-RSS-SHCL,484
BI-QRW-RSS-SREPS,183
BI-QRW-RSP-SHCRS,275
DM-SH-RSS-SIGNSU,288.75
CS-SSO-RSP-SINGSO,3300
GS-GSE-RSS-SINGFA,3812
DM-EU-RSS-SMTPSU,1925
VM-VLM-RSP-STRS,6000
VM-VLM-RMS-SOCITS,6000
SM-SFM-RSS-SFMS,1254
CDP-CSB-RSL-SSET,5000
IGA-AAS-RSS-SCCIPS,8662.5
IGA-AAS-RSS-SCCSDS,41
ES-SEG-RSS-SSSEGS,9.1
ES-SXG-RSS-SSSEGA,9.1
ES-SIG-RSS-SSSIGS,369
ES-SWG-RSS-SSSWGS,9.1
DM-SV4-RSS-S4SUPS,275
DM-SV4-RSS-S4SS,412
DM-SV4-RSS-S4S,1100
DM-SV4-RSS-S4UPS,1650
ES-ETM-RMS-SUSPAN,11500
ES-ETM-RMS-SUSPIN,20000
CDP-SG-RSL-SWGB,55
SM-VMC-RSS-T0PUS,8907
SM-TSK-RSS-TASKSU,8907
CM-TQO-RSS-TQACSS,186
CM-TQO-RSS-TQAS,601
CM-TQO-RSS-TESS,804
CM-TQO-RSS-TEAQUE,601
CM-TQR-RSS-TQSSS,749
DP-DLP-RSP-DPTAMS,180000
DM-IRC-RSS-TRCASU,866.25
DP-DC-RSS-TCSS,8907
DP-DC-RSS-TMCS,8907
HRM-HRM-RSL-TRAIPL,2000
GS-GSE-RSS-TRANYE,8907
BI-SDW-RSS-TRENSU,8907
FIM-FIM-RSS-TRUS,3408
FIM-FIM-RSS-TAPP,1609
FIM-FIM-RSS-TRIATE,4335
FIM-FIM-RSS-TRATEI,1099
FIM-FIM-RSS-TECS,4335
FIM-FIM-RSS-TEECS,1099
FIM-FIM-RSS-TEDS,23
FIM-FIM-RSS-TEFSS,59
FIM-FIM-RSS-TEIDS,15
FIM-FIM-RSS-TEMIS,15
FIM-FIM-RSS-TENDS,46
FIM-FIM-RSS-TEPS,49
FIM-FIM-RSS-TEPSS,137
FIM-FIM-RSS-TEVES,525
FIM-FIM-RSP-TEBFS,19800
FIM-FIM-RSP-TEOFSA,7000
FIM-FML-RSP-TEORO,15000
FIM-FIM-RSS-TDS,186
FIM-TLC-RSS-TLCS,299
FIM-TLC-RSS-TLCCS,44544
FIM-TLC-RSS-TRAS,150
FIM-TLC-RSS-TRLCEN,69
FIM-TLC-RSS-TLCIES,177
FIM-TLC-RSS-TRLOCE,1848.6
FIM-FIM-RSS-DP700S,3450
FIM-TLC-RSS-TLOCEM,1890
FIM-TLC-RSS-TRCS,62
FIM-TLC-RSS-TLOCEP,69
FIM-TLC-RSS-TLOCPS,177
FIM-TLC-RSS-TLOCVE,183
FIM-TLC-RSS-TLCFMS,4335
FIM-TLC-RSS-TLCMS,69
FIM-TLC-RSS-TLOCER,177
FIM-FIM-RSP-TRE,380000
FIM-FIM-RSS-TSAES,23
ES-SEG-RSS-TCSESU,59
CM-TQU-RSUS-UTQS,3928
CM-TQU-RSUS-UNOS,645
CM-TQU-RSUS-UNISYT,4116
CM-TQU-RSUS-UNTEAM,252
CM-TQU-RSUS-UNITEQ,860
CM-TQU-RSUS-UNTQUE,2356
CM-TQU-RSUS-UNTEQU,7297
CM-TQU-RSUS-UTEQUM,2139
CM-TQU-RSUS-UTQUMO,2476
CM-TQU-RSUM-UTEQUO,136000
CM-TQU-RSUS-UTEQOM,219
CM-TQU-RSUS-UTQUOO,1178
CM-TQU-RSUS-UTQOSB,5098
CM-TQU-RSUS-UTEQUP,5788
CM-TQU-RSUS-UTQUPO,4929
CM-TQU-RSUS-UTQOS,1291
CM-TQU-RSUS-UTQPMC,1191
CM-TQU-RSUS-UTQMOS,5196
CM-TQU-RSUS-UTQPS,192
CM-TQU-RSUS-UTQRS,1002
CM-TQU-RSUS-UTEQUR,4998
CM-TQU-RSUS-UTEQUS,892
CM-TQU-RSUS-UTEQSO,1982
CM-TQU-RSUS-UTQSOS,6008
CM-TQU-RSUS-UTQUSM,719
CM-TQU-RSUS-UTEQUT,2356
DP-DLP-RSS-UCFSS,36.24
DP-DLP-RSS-UCOCS,5.52
DP-DLP-RSS-UCRCS,5.52
DP-DLP-RSS-UCSCS,5.52
CS-DFT-RSS-UPMS,10000
ES-SEG-NRPS-VDCSCE,4485
SM-VMC-RSS-VCCS,69
SM-VMC-RSS-VCJS,177
SM-PN-RSS-VILS,3792
SM-PN-RSS-VISCPPS,99
SM-VMC-RSS-VMCS,149
SM-VMC-RSS-VIBS,78
SM-VMC-RSS-VIOS,895
SM-VMC-RSS-VRCS,206
SM-VMC-RSS-VIVS,525
CM-VCM-RSS-VCMS,19800
CM-VCM-RSS-VCMES,63
SM-VIT-RSS-VIBMS,8250
CM-VIM-RSS-VMS,93
VM-VLM-RSP-VMARS,500
SM-VMC-RSS-VATS,2750
SM-VMC-RSS-VMAS,191
SM-VMC-RSS-VDAS,63
SM-VMC-RSS-VMVS,559
SM-VMC-RSS-VESS,1238
SM-VMC-RSS-VHOS,2750
SM-VMC-RSS-VMCIS,15000
SM-VMC-RSS-VMMS,1100
SM-VMC-RSS-VMISEP,69
SM-VMC-RSS-VISES,177
SM-VMC-RSS-VISESA,69
SM-VMC-RSS-VISSAS,177
SM-VMC-RSS-VLOS,37
SM-VMC-RSS-VMCSCAS,4335
SM-VMC-RSS-VNOS,62
SM-VMC-RSS-VNSS,20
SM-VMC-RSS-VOOS,62
SM-VMC-RSS-VOSS,183
SM-VMC-RSS-VPCS,62
SM-VMC-RSS-VPUS,62
SM-VMC-RSS-VSAS,62
SM-VMC-RSS-VMSQL,1238
SM-VMC-RSS-VMCSSE,1238
SM-VMC-RSS-VUOS,545
SM-VMC-RSS-VUSS,1045
SM-VMC-RSS-VVMS,11000
SM-VMC-RSS-VVOS,1650
SM-VMC-RSS-VVSS,1650
SM-VMC-RSS-VWSS,2475
SM-VMC-RSS-VWEB,2475
SM-VMC-RSS-VWOS,11780
SM-VMC-RSS-VWPS,5890
SM-VMC-RSS-VMPS,3550
SM-VMC-RSS-VMCWSE,825
SM-VMC-RSS-VISPA,660
FIM-FIM-RSS-VEMEVS,20000
FIM-FIM-RSS-VEMEES,2995
FIM-FIM-RSS-VEMELS,8000
HRM-HRM-RSL-VOLVSA,1250
ES-ETM-RMS-VOLVSE,2500
BI-WB-RSS-WAREBS,2379
BI-WM-RSS-WAREMS,1191
BI-SQ-RSS-WEBESS,311
DM-WEB-RSS-WDDMS,2750
DM-WFM-RSS-WFMS,4125
DM-WEB-RSS-WDIMS,3987.5
DM-WFM-RSS-WEBFSU,5775
VM-DDL-RSP-WCAFIRS,6000
DM-WS-RSS-WEBSSU,1443.75
DM-WCU-RSS-WAISUB,2021.25
DM-DLN-RSS-WSS,1155
DM-DLN-RSS-WSEFS,3300
VM-VLM-RSP-WPTRS,6000
VM-BSL-RSL-WSSAW,29.95
CDP-ZTN-RSL-ZTNALS,80
DP-DC-RSS-FMIOSS,3.3
DP-DC-RSL-DPMDSS,3000
DP-DLP-RSP-RES,360000
DP-DLP-RSP-ESCS,8000
DP-DLP-RSP-ESES,70000
DP-DLP-RSP-EXSEHSS,26000
DP-DLP-NRST-PSHPOP,325
DP-DLP-RSL-LDRDI,4.75
CDP-DPM-RSL-DSHDDS,5000
DP-DLP-RSL-OCRDLP,2000
DP-DLP-RSL-ADRICR,5.75
HRM-HRM-RSP-HMSPCS,750
HRM-HRM-RSP-HMSQS,450
HRM-HRM-RSP-HMSSCS,1125
HRM-HRM-RSP-HMSVCCS,1125
HRM-HRM-RSP-HMSSCSUS,0.99
HRM-HRM-RSP-HMSVCSUS,0.99
HRM-HRM-RSP-HMSATS,450
GOA-GMA-RSSH-GAMHAIO,4000
GOA-GMA-RSSH-GAMHAIT,9000
GOA-GMA-RSSH-GAMHAIH,15000
GOA-GMA-RSSH-GAMHALO,5500
GOA-GMA-RSSH-GAMHALT,11000
GOA-GMA-RSSH-GAMHALH,18000
RPA-AUD-RSS-AFTPES,1000
DP-DC-RSS-DCSAB,42
DP-DC-RSS-DCSESB,35
CDP-DPM-RSL-DSPMAB,75
CDP-DPM-RSL-DSPMEB,68
DP-DC-RSL-DCSEB,62
DP-DLP-RSL-DLPABSA,90
DP-DLP-RSL-DLPEBSA,110
DP-DLP-RSL-DLPESSA,75
GOA-GAM-RSS-GASFS,5434
GOA-GAM-RSS-GASFS,4826.25
GOA-GAM-RSS-GASFS,3289
GOA-GAM-RSS-GASFS,2824.25
GOA-GAM-RSS-GASS,6102.8
GOA-GAM-RSS-GASS,5420.25
GOA-GAM-RSS-GASS,3693.8
GOA-GAM-RSS-GASS,3171.85
CS-CLP-RSP-PTRS-TECH,275
CDP-CSB-RSL-CASBAB,39.52
CDP-CSB-RSL-CASBAB,35.1
CDP-CSB-RSL-CASBAB,23.92
CDP-CSB-RSL-CASBAB,20.54
CDP-CSB-RSL-CASBEB,21.28
CDP-CSB-RSL-CASBEB,18.9
CDP-CSB-RSL-CASBEB,12.88
CDP-CSB-RSL-CASBEB,11.06
CDP-CSB-RSL-CASBPB,76
CDP-CSB-RSL-CASBPB,67.5
CDP-CSB-RSL-CASBPB,46
CDP-CSB-RSL-CASBPB,39.5
CDP-CSB-RSL-CASBSN,76
CDP-CSB-RSL-CASBSN,67.5
CDP-CSB-RSL-CASBSN,46
CDP-CSB-RSL-CASBSN,39.5
CDP-CSB-RSL-CASBSN-TECH,46
CDP-CSB-RSL-CASBSI,21.28
CDP-CSB-RSL-CASBSI,18.9
CDP-CSB-RSL-CASBSI,12.88
CDP-CSB-RSL-CASBSI,11.06
CDP-CSB-RSL-CASBSI-TECH,18.9
CDP-CSB-RSL-CASBSF,76
CDP-CSB-RSL-CASBSF,67.5
CDP-CSB-RSL-CASBSF,46
CDP-CSB-RSL-CASBSF,39.5
CDP-CSB-RSL-CASBSF-TECH,76
CDP-CSB-RSL-CSPMS,15200
CDP-CSB-RSL-CSPMS,13500
CDP-CSB-RSL-CSPMS,9200
CDP-CSB-RSL-CSPMS,7900
CDP-CSB-RSL-CSPMS-TECH,15200
BP-ETM-RMS-COUNTE,30400
BP-ETM-RMS-COUNTE,27000
BP-ETM-RMS-COUNTE,18400
BP-ETM-RMS-COUNTE,15800
BP-ETM-RMS-COUNTE-TECH,20000
BP-ETM-RMS-CREDBA,7600
BP-ETM-RMS-CREDBA,6750
BP-ETM-RMS-CREDBA,4600
BP-ETM-RMS-CREDBA,3950
BP-ETM-RMS-CREDBA-TECH,5000
BP-ETM-RMS-CREDTI,30400
BP-ETM-RMS-CREDTI,27000
BP-ETM-RMS-CREDTI,18400
BP-ETM-RMS-CREDTI,15800
BP-ETM-RMS-CREDTI-TECH,20000
BP-TSE-RMS-DARKCC,3040
BP-TSE-RMS-DARKCC,2700
BP-TSE-RMS-DARKCC,1840
BP-TSE-RMS-DARKCC,1580
BP-TSE-RMS-DARKCC-TECH,2000
CDP-DPM-RSL-DSPMAB,114
CDP-DPM-RSL-DSPMAB,101.25
CDP-DPM-RSL-DSPMAB,69
CDP-DPM-RSL-DSPMAB,59.25
CDP-DPM-RSL-DSPMAB-TECH,75
CDP-DPM-RSL-DSPMEB,103.36
CDP-DPM-RSL-DSPMEB,91.8
CDP-DPM-RSL-DSPMEB,62.56
CDP-DPM-RSL-DSPMEB,53.72
CDP-DPM-RSL-DSPMEB-TECH,68
CDP-DPM-RSL-DSPMH,7600
CDP-DPM-RSL-DSPMH,6750
CDP-DPM-RSL-DSPMH,4600
CDP-DPM-RSL-DSPMH,3950
CDP-DPM-RSL-DSPMH-TECH,6750
CDP-DPM-RSL-DSHDDS,7600
CDP-DPM-RSL-DSHDDS,6750
CDP-DPM-RSL-DSHDDS,4600
CDP-DPM-RSL-DSHDDS,3950
CDP-DPM-RSL-DSHDDS-TECH,5000
BP-ETM-RMS-OPENSU,3040
BP-ETM-RMS-OPENSU,2700
BP-ETM-RMS-OPENSU,1840
BP-ETM-RMS-OPENSU,1580
BP-ETM-RMS-OPENSU-TECH,2000
CM-TQO-RSS-PO1YSU,7090.8
CM-TQO-RSS-PO1YSU,6297.75
CM-TQO-RSS-PO1YSU,4291.8
CM-TQO-RSS-PO1YSU,3685.35
CM-TQO-RSS-PO1YSU-TECH,4665
CDP-CSB-RSL-SSET,7600
CDP-CSB-RSL-SSET,6750
CDP-CSB-RSL-SSET,4600
CDP-CSB-RSL-SSET,3950
CDP-SG-RSL-SWGB,83.6
CDP-SG-RSL-SWGB,74.25
CDP-SG-RSL-SWGB,50.6
CDP-SG-RSL-SWGB,43.45
ES-SXG-RSS-SEEXGE,55.94
ES-SXG-RSS-SEEXGE,49.68
ES-SXG-RSS-SEEXGE,33.86
ES-SXG-RSS-SEEXGE,29.07
CM-TQO-RSS-TQACSS,282.72
CM-TQO-RSS-TQACSS,251.1
CM-TQO-RSS-TQACSS,171.12
CM-TQO-RSS-TQACSS,146.94
CM-TQO-RSS-TQACSS-TECH,251.1
CM-TQO-RSS-TQAS,913.52
CM-TQO-RSS-TQAS,811.35
CM-TQO-RSS-TQAS,552.92
CM-TQO-RSS-TQAS,474.79
CM-TQO-RSS-TQAS-TECH,601
CM-TQO-RSS-TESS,1222.08
CM-TQO-RSS-TESS,1085.4
CM-TQO-RSS-TESS,739.68
CM-TQO-RSS-TESS,635.16
CM-TQO-RSS-TESS-TECH,1222.08
CM-TQO-RSS-TEAQUE,913.52
CM-TQO-RSS-TEAQUE,811.35
CM-TQO-RSS-TEAQUE,552.92
CM-TQO-RSS-TEAQUE,474.79
CM-TQO-RSS-TEAQUE-TECH,601
CM-TQR-RSS-TQSURV,252.32
CM-TQR-RSS-TQSURV,224.1
CM-TQR-RSS-TQSURV,152.72
CM-TQR-RSS-TQSURV,131.14
CM-TQR-RSS-TQSURV-TECH,166
CM-TQR-RSS-TQSSS,1138.48
CM-TQR-RSS-TQSSS,1011.15
CM-TQR-RSS-TQSSS,689.08
CM-TQR-RSS-TQSSS,591.71
CM-TQR-RSS-TQSSS-TECH,1138.48
CM-TQU-RSUS-UTQS,5970.56
CM-TQU-RSUS-UTQS,5302.8
CM-TQU-RSUS-UTQS,3613.76
CM-TQU-RSUS-UTQS,3103.12
CM-TQU-RSUS-UNOS,980.4
CM-TQU-RSUS-UNOS,870.75
CM-TQU-RSUS-UNOS,593.4
CM-TQU-RSUS-UNOS,509.55
CM-TQU-RSUS-UNISYT,6256.32
CM-TQU-RSUS-UNISYT,5556.6
CM-TQU-RSUS-UNISYT,3786.72
CM-TQU-RSUS-UNISYT,3251.64
CM-TQU-RSUS-UNISYT-TECH,4116
CM-TQU-RSUS-UNTEAM,383.04
CM-TQU-RSUS-UNTEAM,340.2
CM-TQU-RSUS-UNTEAM,231.84
CM-TQU-RSUS-UNTEAM,199.08
CM-TQU-RSUS-UNITEQ,1307.2
CM-TQU-RSUS-UNITEQ,1161
CM-TQU-RSUS-UNITEQ,791.2
CM-TQU-RSUS-UNITEQ,679.4
CM-TQU-RSUS-UNTQUE,3581.12
CM-TQU-RSUS-UNTQUE,3180.6
CM-TQU-RSUS-UNTQUE,2167.52
CM-TQU-RSUS-UNTQUE,1861.24
CM-TQU-RSUS-UNTEQU,11091.44
CM-TQU-RSUS-UNTEQU,9850.95
CM-TQU-RSUS-UNTEQU,6713.24
CM-TQU-RSUS-UNTEQU,5764.63
CM-TQU-RSUS-UTEQUM,3251.28
CM-TQU-RSUS-UTEQUM,2887.65
CM-TQU-RSUS-UTEQUM,1967.88
CM-TQU-RSUS-UTEQUM,1689.81
CM-TQU-RSUS-UTQUMO,3763.52
CM-TQU-RSUS-UTQUMO,3342.6
CM-TQU-RSUS-UTQUMO,2277.92
CM-TQU-RSUS-UTQUMO,1956.04
CM-TQU-RSUM-UTEQUO,206720
CM-TQU-RSUM-UTEQUO,183600
CM-TQU-RSUM-UTEQUO,125120
CM-TQU-RSUM-UTEQUO,107440
CM-TQU-RSUS-UTEQOM,332.88
CM-TQU-RSUS-UTEQOM,295.65
CM-TQU-RSUS-UTEQOM,201.48
CM-TQU-RSUS-UTEQOM,173.01
CM-TQU-RSUS-UTQUOO,1790.56
CM-TQU-RSUS-UTQUOO,1590.3
CM-TQU-RSUS-UTQUOO,1083.76
CM-TQU-RSUS-UTQUOO,930.62
CM-TQU-RSUS-UTQOSB,7748.96
CM-TQU-RSUS-UTQOSB,6882.3
CM-TQU-RSUS-UTQOSB,4690.16
CM-TQU-RSUS-UTQOSB,4027.42
CM-TQU-RSUS-UTEQUP,8797.76
CM-TQU-RSUS-UTEQUP,7813.8
CM-TQU-RSUS-UTEQUP,5324.96
CM-TQU-RSUS-UTEQUP,4572.52
CM-TQU-RSUS-UTQUPO,7492.08
CM-TQU-RSUS-UTQUPO,6654.15
CM-TQU-RSUS-UTQUPO,4534.68
CM-TQU-RSUS-UTQUPO,3893.91
CM-TQU-RSUS-UTQOS,1962.32
CM-TQU-RSUS-UTQOS,1742.85
CM-TQU-RSUS-UTQOS,1187.72
CM-TQU-RSUS-UTQOS,1019.89
CM-TQU-RSUS-UTQPMC,1810.32
CM-TQU-RSUS-UTQPMC,1607.85
CM-TQU-RSUS-UTQPMC,1095.72
CM-TQU-RSUS-UTQPMC,940.89
CM-TQU-RSUS-UTQMOS,7897.92
CM-TQU-RSUS-UTQMOS,7014.6
CM-TQU-RSUS-UTQMOS,4780.32
CM-TQU-RSUS-UTQMOS,4104.84
CM-TQU-RSUS-UTQPS,291.84
CM-TQU-RSUS-UTQPS,259.2
CM-TQU-RSUS-UTQPS,176.64
CM-TQU-RSUS-UTQPS,151.68
CM-TQU-RSUS-UTQRS,1523.04
CM-TQU-RSUS-UTQRS,1352.7
CM-TQU-RSUS-UTQRS,921.84
CM-TQU-RSUS-UTQRS,791.58
CM-TQU-RSUS-UTEQUR,7596.96
CM-TQU-RSUS-UTEQUR,6747.3
CM-TQU-RSUS-UTEQUR,4598.16
CM-TQU-RSUS-UTEQUR,3948.42
CM-TQU-RSUS-UTEQUS,1355.84
CM-TQU-RSUS-UTEQUS,1204.2
CM-TQU-RSUS-UTEQUS,820.64
CM-TQU-RSUS-UTEQUS,704.68
CM-TQU-RSUS-UTEQSO,3012.64
CM-TQU-RSUS-UTEQSO,2675.7
CM-TQU-RSUS-UTEQSO,1823.44
CM-TQU-RSUS-UTEQSO,1565.78
CM-TQU-RSUS-UTQSOS,9132.16
CM-TQU-RSUS-UTQSOS,8110.8
CM-TQU-RSUS-UTQSOS,5527.36
CM-TQU-RSUS-UTQSOS,4746.32
CM-TQU-RSUS-UTQUSM,1092.88
CM-TQU-RSUS-UTQUSM,970.65
CM-TQU-RSUS-UTQUSM,661.48
CM-TQU-RSUS-UTQUSM,568.01
CM-TQU-RSUS-UTEQUT,3581.12
CM-TQU-RSUS-UTEQUT,3180.6
CM-TQU-RSUS-UTEQUT,2167.52
CM-TQU-RSUS-UTEQUT,1861.24
CM-VCM-RSS-VCMSPS,208.24
CM-VCM-RSS-VCMSPS,184.95
CM-VCM-RSS-VCMSPS,126.04
CM-VCM-RSS-VCMSPS,108.23
CM-VCM-RSS-VCMS,30096
CM-VCM-RSS-VCMS,26730
CM-VCM-RSS-VCMS,18216
CM-VCM-RSS-VCMS,15642
CM-VCM-RSS-VCMES,95.76
CM-VCM-RSS-VCMES,85.05
CM-VCM-RSS-VCMES,57.96
CM-VCM-RSS-VCMES,49.77
ES-SEG-RSS-DRSEGS,13.83
ES-SEG-RSS-DRSEGS,12.29
ES-SEG-RSS-DRSEGS,8.37
ES-SEG-RSS-DRSEGS,7.19
ES-SXG-RSS-DRSS,13.83
ES-SXG-RSS-DRSS,12.29
ES-SXG-RSS-DRSS,8.37
ES-SXG-RSS-DRSS,7.19
CM-VIM-RSS-VMS,141.36
CM-VIM-RSS-VMS,125.55
CM-VIM-RSS-VMS,85.56
CM-VIM-RSS-VMS,73.47
CDP-ZTN-RSL-ZTNALS,121.6
CDP-ZTN-RSL-ZTNALS,108
CDP-ZTN-RSL-ZTNALS,73.6
CDP-ZTN-RSL-ZTNALS,63.2
CDP-ZTN-RSL-ZTNALS-TECH,80
CS-DFT-RSS-ASOCS,3416.96
CS-DFT-RSS-ASOCS,3034.8
CS-DFT-RSS-ASOCS,2068.16
CS-DFT-RSS-ASOCS,1775.92
IGA-AAS-RSS-ACISSU,1755.6
IGA-AAS-RSS-ACISSU,1559.25
IGA-AAS-RSS-ACISSU,1062.6
IGA-AAS-RSS-ACISSU,912.45
IGA-AAS-RSS-ACISSU-TECH,1155
CS-DFT-RSS-CCIS,5126.96
CS-DFT-RSS-CCIS,4553.55
CS-DFT-RSS-CCIS,3103.16
CS-DFT-RSS-CCIS,2664.67
IGA-AAS-RSS-CAS,19.32
IGA-AAS-RSS-CAS,17.16
IGA-AAS-RSS-CAS,11.69
IGA-AAS-RSS-CAS,10.04
IGA-AAS-RSS-CCS,7.9
IGA-AAS-RSS-CCS,7.02
IGA-AAS-RSS-CCS,4.78
IGA-AAS-RSS-CCS,4.11
IGA-AAS-RSS-CCFRS,21945.76
IGA-AAS-RSS-CCFRS,19491.3
IGA-AAS-RSS-CCFRS,13282.96
IGA-AAS-RSS-CCFRS,11406.02
IGA-AAS-RSS-CCFRS-TECH,14438
IGA-AAS-RSS-CCLS,21945.76
IGA-AAS-RSS-CCLS,19491.3
IGA-AAS-RSS-CCLS,13282.96
IGA-AAS-RSS-CCLS,11406.02
IGA-AAS-RSS-CCLS-TECH,14438
IGA-AAS-RSP-CIROS,209760
IGA-AAS-RSP-CIROS,186300
IGA-AAS-RSP-CIROS,126960
IGA-AAS-RSP-CIROS,109020
IGA-AAS-RSP-CIROS-TECH,138000
IGA-AAS-RSS-CPS,6.58
IGA-AAS-RSS-CPS,5.85
IGA-AAS-RSS-CPS,3.98
IGA-AAS-RSS-CPS,3.42
IGA-VIS-RSS-CRDS,19.15
IGA-VIS-RSS-CRDS,17.01
IGA-VIS-RSS-CRDS,11.59
IGA-VIS-RSS-CRDS,9.95
IGA-VIS-RSS-CRDS-TECH,12.6
CS-CLP-RSP-FSRS,418
CS-CLP-RSP-FSRS,371.25
CS-CLP-RSP-FSRS,253
CS-CLP-RSP-FSRS,217.25
CS-CLP-RSP-FSRS-TECH,275
CS-DFT-RSS-MAPSUB,3416.96
CS-DFT-RSS-MAPSUB,3034.8
CS-DFT-RSS-MAPSUB,2068.16
CS-DFT-RSS-MAPSUB,1775.92
CS-DFT-RSS-MSASUB,684
CS-DFT-RSS-MSASUB,607.5
CS-DFT-RSS-MSASUB,414
CS-DFT-RSS-MSASUB,355.5
CS-DFT-RSS-NTCS,3416.96
CS-DFT-RSS-NTCS,3034.8
CS-DFT-RSS-NTCS,2068.16
CS-DFT-RSS-NTCS,1775.92
IGA-AAS-RSS-NSCCSU,13167.76
IGA-AAS-RSS-NSCCSU,11695.05
IGA-AAS-RSS-NSCCSU,7969.96
IGA-AAS-RSS-NSCCSU,6843.77
IGA-AAS-RSP-OPSSRV,68947.2
IGA-AAS-RSP-OPSSRV,61236
IGA-AAS-RSP-OPSSRV,41731.2
IGA-AAS-RSP-OPSSRV,35834.4
IGA-AAS-RSP-OPSSRV-TECH,45360
CS-DFT-RSS-PUPSUB,3416.96
CS-DFT-RSS-PUPSUB,3034.8
CS-DFT-RSS-PUPSUB,2068.16
CS-DFT-RSS-PUPSUB,1775.92
CS-PTA-RSS-PTAVS,7429
CS-PTA-RSS-PTAVS,6598.13
CS-PTA-RSS-PTAVS,4496.5
CS-PTA-RSS-PTAVS,3861.13
CS-PTA-RSS-PALAS,836
CS-PTA-RSS-PALAS,742.5
CS-PTA-RSS-PALAS,506
CS-PTA-RSS-PALAS,434.5
CS-PTA-RSS-PASS,418
CS-PTA-RSS-PASS,371.25
CS-PTA-RSS-PASS,253
CS-PTA-RSS-PASS,217.25
CS-PTA-RSS-PAXLS,152
CS-PTA-RSS-PAXLS,135
CS-PTA-RSS-PAXLS,92
CS-PTA-RSS-PAXLS,79
CS-PTA-RSS-PAXLS-TECH,100
CS-PTA-RSS-PTAVS-TECH,4887.5
CS-PTA-RSS-PAIIS,3854.72
CS-PTA-RSS-PAIIS,3423.6
CS-PTA-RSS-PAIIS,2333.12
CS-PTA-RSS-PAIIS,2003.44
CS-PTA-RSS-PAIIDS,1721.78
CS-PTA-RSS-PAIIDS,1529.21
CS-PTA-RSS-PAIIDS,1042.13
CS-PTA-RSS-PAIIDS,894.87
CS-PAB-RSS-PABIIS,3532.71
CS-PAB-RSS-PABIIS,3137.6
CS-PAB-RSS-PABIIS,2138.22
CS-PAB-RSS-PABIIS,1836.08
CS-PCS-RSS-PCMDSS,5855.8
CS-PCS-RSS-PCMDSS,5200.88
CS-PCS-RSS-PCMDSS,3544.3
CS-PCS-RSS-PCMDSS,3043.48
CS-PCS-RSS-PCMDSS-TECH,3852.5
CS-PCS-RSS-PCSIIS,3974.8
CS-PCS-RSS-PCSIIS,3530.25
CS-PCS-RSS-PCSIIS,2405.8
CS-PCS-RSS-PCSIIS,2065.85
CS-PCM-RSS-PCMIIS,4216.18
CS-PCM-RSS-PCMIIS,3744.63
CS-PCM-RSS-PCMIIS,2551.9
CS-PCM-RSS-PCMIIS,2191.3
CS-PDM-RSS-PDMIIS,72.96
CS-PDM-RSS-PDMIIS,64.8
CS-PDM-RSS-PDMIIS,44.16
CS-PDM-RSS-PDMIIS,37.92
CS-PDM-RSS-PDMS,3532.71
CS-PDM-RSS-PDMS,3137.6
CS-PDM-RSS-PDMS,2138.22
CS-PDM-RSS-PDMS,1836.08
CS-PDM-RSS-POVS,54588.29
CS-PDM-RSS-POVS,48483.02
CS-PDM-RSS-POVS,33040.28
CS-PDM-RSS-POVS,28371.55
CS-PDM-RSS-PORS,3532.71
CS-PDM-RSS-PORS,3137.6
CS-PDM-RSS-PORS,2138.22
CS-PDM-RSS-PORS,1836.08
CS-PDM-RSS-PDMIIS-TECH,48
CS-PEI-RSS-PEIIS,3556.8
CS-PEI-RSS-PEIIS,3159
CS-PEI-RSS-PEIIS,2152.8
CS-PEI-RSS-PEIIS,1848.6
CS-PEI-RSS-PEIS,1667.82
CS-PEI-RSS-PEIS,1481.29
CS-PEI-RSS-PEIS,1009.47
CS-PEI-RSS-PEIS,866.83
CS-PEI-RSS-POMS,1667.82
CS-PEI-RSS-POMS,1481.29
CS-PEI-RSS-POMS,1009.47
CS-PEI-RSS-POMS,866.83
CS-PEI-RSS-POWENC,5011.82
CS-PEI-RSS-POWENC,4451.29
CS-PEI-RSS-POWENC,3033.47
CS-PEI-RSS-POWENC,2604.83
CS-PEI-RSS-PEIIS-TECH,3556.8
CS-PEM-RSS-PEMS,12540
CS-PEM-RSS-PEMS,11137.5
CS-PEM-RSS-PEMS,7590
CS-PEM-RSS-PEMS,6517.5
CS-PEP-RSS-PEPS,1822.18
CS-PEP-RSS-PEPS,1618.38
CS-PEP-RSS-PEPS,1102.9
CS-PEP-RSS-PEPS,947.05
CS-PEP-RSS-PEPS-TECH,1198.8
CS-PIM-RSS-PIMIIS,3029.28
CS-PIM-RSS-PIMIIS,2690.48
CS-PIM-RSS-PIMIIS,1833.51
CS-PIM-RSS-PIMIIS,1574.43
CS-PMF-RSS-PMFS,1672
CS-PMF-RSS-PMFS,1485
CS-PMF-RSS-PMFS,1012
CS-PMF-RSS-PMFS,869
CS-PPS-RSS-PPSS,1010.34
CS-PPS-RSS-PPSS,897.35
CS-PPS-RSS-PPSS,611.52
CS-PPS-RSS-PPSS,525.11
CS-PPM-RSS-PPMIIS,2634.16
CS-PPM-RSS-PPMIIS,2339.55
CS-PPM-RSS-PPMIIS,1594.36
CS-PPM-RSS-PPMIIS,1369.07
CS-CLP-RSP-PTRS,418
CS-CLP-RSP-PTRS,371.25
CS-CLP-RSP-PTRS,253
CS-CLP-RSP-PTRS,217.25
CS-PRA-RSS-PRAIIS,4037.88
CS-PRA-RSS-PRAIIS,3586.28
CS-PRA-RSS-PRAIIS,2443.98
CS-PRA-RSS-PRAIIS,2098.64
CS-RSA-RSS-PRSS,2441.12
CS-RSA-RSS-PRSS,2168.1
CS-RSA-RSS-PRSS,1477.52
CS-RSA-RSS-PRSS,1268.74
CS-PSA-RSS-PSAS,334.4
CS-PSA-RSS-PSAS,297
CS-PSA-RSS-PSAS,202.4
CS-PSA-RSS-PSAS,173.8
CS-PSI-RSS-PSAIIS,1893.92
CS-PSI-RSS-PSAIIS,1682.1
CS-PSI-RSS-PSAIIS,1146.32
CS-PSI-RSS-PSAIIS,984.34
CS-DFT-RSS-RCMSUB,3416.96
CS-DFT-RSS-RCMSUB,3034.8
CS-DFT-RSS-RCMSUB,2068.16
CS-DFT-RSS-RCMSUB,1775.92
CS-SPS-RSS-SPSHS,1010.34
CS-SPS-RSS-SPSHS,897.35
CS-SPS-RSS-SPSHS,611.52
CS-SPS-RSS-SPSHS,525.11
CS-SPS-RSS-SPSHUS,7.19
CS-SPS-RSS-SPSHUS,6.39
CS-SPS-RSS-SPSHUS,4.35
CS-SPS-RSS-SPSHUS,3.74
CS-SEC-RSP-SCSVC,7478.4
CS-SEC-RSP-SCSVC,6642
CS-SEC-RSP-SCSVC,4526.4
CS-SEC-RSP-SCSVC,3886.8
IGA-AAS-RSS-SECUSU,0.88
IGA-AAS-RSS-SECUSU,0.78
IGA-AAS-RSS-SECUSU,0.53
IGA-AAS-RSS-SECUSU,0.46
CS-SA-RSS-SAS,3711
CS-SA-RSS-SAS,3295.96
CS-SA-RSS-SAS,2246.13
CS-SA-RSS-SAS,1928.75
CS-DFT-RSS-SADS,3416.96
CS-DFT-RSS-SADS,3034.8
CS-DFT-RSS-SADS,2068.16
CS-DFT-RSS-SADS,1775.92
CS-PSS-RSS-SSIS,902.88
CS-PSS-RSS-SSIS,801.9
CS-PSS-RSS-SSIS,546.48
CS-PSS-RSS-SSIS,469.26
CS-PSS-RSS-SSIS-TECH,594
CS-SSO-RSP-SINGSO,5016
CS-SSO-RSP-SINGSO,4455
CS-SSO-RSP-SINGSO,3036
CS-SSO-RSP-SINGSO,2607
CS-SSO-RSP-SINGSO-TECH,3300
IGA-AAS-RSS-SCCIPS,13167
IGA-AAS-RSS-SCCIPS,11694.38
IGA-AAS-RSS-SCCIPS,7969.5
IGA-AAS-RSS-SCCIPS,6843.38
IGA-AAS-RSS-SCCSDS,62.32
IGA-AAS-RSS-SCCSDS,55.35
IGA-AAS-RSS-SCCSDS,37.72
IGA-AAS-RSS-SCCSDS,32.39
IGA-AAS-RSS-SCCSDS-TECH,41
CS-CLP-RSS-SGNETS,8372.16
CS-CLP-RSS-SGNETS,7435.8
CS-CLP-RSS-SGNETS,5067.36
CS-CLP-RSS-SGNETS,4351.32
CS-CLP-RSS-SGNETS-TECH,5508
CS-DFT-RSS-UPMS,15200
CS-DFT-RSS-UPMS,13500
CS-DFT-RSS-UPMS,9200
CS-DFT-RSS-UPMS,7900
CS-DFT-RSS-UPMS-TECH,10000
DM-WCU-RSS-5250SU,3072.3
DM-WCU-RSS-5250SU,2728.69
DM-WCU-RSS-5250SU,1859.55
DM-WCU-RSS-5250SU,1596.79
DM-WCU-RSS-5250SU-TECH,2728.69
DM-IRC-RSS-AFPCSU,3511.2
DM-IRC-RSS-AFPCSU,3118.5
DM-IRC-RSS-AFPCSU,2125.2
DM-IRC-RSS-AFPCSU,1824.9
DM-IRC-RSS-AFPCSU-TECH,2310
DP-DLP-RSL-ARCO,32.83
DP-DLP-RSL-ARCO,29.16
DP-DLP-RSL-ARCO,19.87
DP-DLP-RSL-ARCO,17.06
DP-DLP-RSL-ARCO-TECH,29.16
DP-DLP-RSL-ADRICR,8.74
DP-DLP-RSL-ADRICR,7.76
DP-DLP-RSL-ADRICR,5.29
DP-DLP-RSL-ADRICR,4.54
DP-DLP-RSL-ADRICR-TECH,5.75
DP-DLP-RSS-ATPSUB,76.61
DP-DLP-RSS-ATPSUB,68.04
DP-DLP-RSS-ATPSUB,46.37
DP-DLP-RSS-ATPSUB,39.82
DP-DLP-RSS-ATPSUB-TECH,50.4
DM-WCU-RSS-BIUS,1316.7
DM-WCU-RSS-BIUS,1169.44
DM-WCU-RSS-BIUS,796.95
DM-WCU-RSS-BIUS,684.34
DM-WCU-RSS-BIUS-TECH,684.34
DM-IRM-RSS-BRSS,4827.9
DM-IRM-RSS-BRSS,4287.94
DM-IRM-RSS-BRSS,2922.15
DM-IRM-RSS-BRSS,2509.24
DM-IRM-RSS-BRSS-TECH,3176.25
DP-DLP-RSS-COMPLI,59.64
DP-DLP-RSS-COMPLI,52.97
DP-DLP-RSS-COMPLI,36.1
DP-DLP-RSS-COMPLI,31
DP-DLP-RSS-COMPLI-TECH,39.24
DM-IRC-RSS-CSVCSU,1839.2
DM-IRC-RSS-CSVCSU,1633.5
DM-IRC-RSS-CSVCSU,1113.2
DM-IRC-RSS-CSVCSU,955.9
DM-IRC-RSS-CSVCSU-TECH,1210
DP-DC-RSP-DCS,380
DP-DC-RSP-DCS,337.5
DP-DC-RSP-DCS,230
DP-DC-RSP-DCS,197.5
DP-DC-RSP-DCS-TECH,250
DP-DLP-RSP-DLPS,547200
DP-DLP-RSP-DLPS,486000
DP-DLP-RSP-DLPS,331200
DP-DLP-RSP-DLPS,284400
DP-DLP-RRM-DPRM-TECH,0.2
DP-DLP-RSL-DPPS,18.39
DP-DLP-RSL-DPPS,16.34
DP-DLP-RSL-DPPS,11.13
DP-DLP-RSL-DPPS,9.56
DP-DLP-RSL-DPPS-TECH,12.1
DP-DLP-RSP-DPTAMS,273600
DP-DLP-RSP-DPTAMS,243000
DP-DLP-RSP-DPTAMS,165600
DP-DLP-RSP-DPTAMS,142200
DP-DLP-RRM-DPRM,0.3
DP-DLP-RRM-DPRM,0.27
DP-DLP-RRM-DPRM,0.18
DP-DLP-RRM-DPRM,0.16
DM-IBM-RSS-DATASU,1755.6
DM-IBM-RSS-DATASU,1559.25
DM-IBM-RSS-DATASU,1062.6
DM-IBM-RSS-DATASU,912.45
DM-IBM-RSS-DATASU-TECH,1155
DP-DC-RSP-DCDEXP,12160
DP-DC-RSP-DCDEXP,10800
DP-DC-RSP-DCDEXP,7360
DP-DC-RSP-DCDEXP,6320
DP-DC-RSP-DCDTAM,150480
DP-DC-RSP-DCDTAM,133650
DP-DC-RSP-DCDTAM,91080
DP-DC-RSP-DCDTAM,78210
DP-DC-RSS-DCSAB,63.84
DP-DC-RSS-DCSAB,56.7
DP-DC-RSS-DCSAB,38.64
DP-DC-RSS-DCSAB,33.18
DP-DC-RSS-DCSAB-TECH,42
DP-DC-RSL-DCCSCB,15200
DP-DC-RSL-DCCSCB,13500
DP-DC-RSL-DCCSCB,9200
DP-DC-RSL-DCCSCB,7900
DP-DC-RSL-DCSCS,7600
DP-DC-RSL-DCSCS,6750
DP-DC-RSL-DCSCS,4600
DP-DC-RSL-DCSCS,3950
DP-DC-RSL-DCSES,38000
DP-DC-RSL-DCSES,33750
DP-DC-RSL-DCSES,23000
DP-DC-RSL-DCSES,19750
DP-DC-RSL-DCSEP,76000
DP-DC-RSL-DCSEP,67500
DP-DC-RSL-DCSEP,46000
DP-DC-RSL-DCSEP,39500
DP-DC-RSL-DCSEB,94.24
DP-DC-RSL-DCSEB,83.7
DP-DC-RSL-DCSEB,57.04
DP-DC-RSL-DCSEB,48.98
DP-DC-RSL-DCSEB-TECH,62
DP-DC-RSS-DCSESB,53.2
DP-DC-RSS-DCSESB,47.25
DP-DC-RSS-DCSESB,32.2
DP-DC-RSS-DCSESB,27.65
DP-DC-RSS-DCSESB-TECH,35
DP-DC-RSS-DCSDAR,18.24
DP-DC-RSS-DCSDAR,16.2
DP-DC-RSS-DCSDAR,11.04
DP-DC-RSS-DCSDAR,9.48
DP-DC-RSS-DCSPLS,63.84
DP-DC-RSS-DCSPLS,56.7
DP-DC-RSS-DCSPLS,38.64
DP-DC-RSS-DCSPLS,33.18
DP-DC-RSS-DCSPLS-TECH,63.84
DP-DC-RSL-DPMDSS,4560
DP-DC-RSL-DPMDSS,4050
DP-DC-RSL-DPMDSS,2760
DP-DC-RSL-DPMDSS,2370
DP-DC-RSL-DPMDSS-TECH,3000
DP-DC-RSL-DCSPMO,4560
DP-DC-RSL-DCSPMO,4050
DP-DC-RSL-DCSPMO,2760
DP-DC-RSL-DCSPMO,2370
DP-DC-RSS-DCSSDK,76000
DP-DC-RSS-DCSSDK,67500
DP-DC-RSS-DCSSDK,46000
DP-DC-RSS-DCSSDK,39500
DM-DLN-RSS-DELIBA,5016
DM-DLN-RSS-DELIBA,4455
DM-DLN-RSS-DELIBA,3036
DM-DLN-RSS-DELIBA,2607
DM-DLN-RSS-DELIBA-TECH,4455
DM-DLN-RSS-DELIIS,1881
DM-DLN-RSS-DELIIS,1670.63
DM-DLN-RSS-DELIIS,1138.5
DM-DLN-RSS-DELIIS,977.63
DM-DLN-RSS-DELIIS-TECH,1881
DM-DLN-RSS-DELISH,877.8
DM-DLN-RSS-DELISH,779.63
DM-DLN-RSS-DELISH,531.3
DM-DLN-RSS-DELISH,456.23
DM-DLN-RSS-DELISH-TECH,577.5
DM-DLN-RSS-DELIWM,1881
DM-DLN-RSS-DELIWM,1670.63
DM-DLN-RSS-DELIWM,1138.5
DM-DLN-RSS-DELIWM,977.63
DM-DLN-RSS-DELIWM-TECH,1670.63
DP-DLP-RSL-DGDAOS,7.3
DP-DLP-RSL-DGDAOS,6.48
DP-DLP-RSL-DGDAOS,4.42
DP-DLP-RSL-DGDAOS,3.79
DP-DLP-NROR-DGDAPP,25688
DP-DLP-NROR-DGDAPP,22815
DP-DLP-NROR-DGDAPP,15548
DP-DLP-NROR-DGDAPP,13351
DP-DLP-RSP-DGDEXP,106400
DP-DLP-RSP-DGDEXP,94500
DP-DLP-RSP-DGDEXP,64400
DP-DLP-RSP-DGDEXP,55300
DP-DLP-RMS-DGDMSS,5.02
DP-DLP-RMS-DGDMSS,4.46
DP-DLP-RMS-DGDMSS,3.04
DP-DLP-RMS-DGDMSS,2.61
DP-DLP-RSS-DGDMCS,50464
DP-DLP-RSS-DGDMCS,44820
DP-DLP-RSS-DGDMCS,30544
DP-DLP-RSS-DGDMCS,26228
DP-DLP-RSS-DGDMCS-TECH,33200
DP-DLP-RSL-DGOSS,182.4
DP-DLP-RSL-DGOSS,162
DP-DLP-RSL-DGOSS,110.4
DP-DLP-RSL-DGOSS,94.8
DP-DLP-RSL-DGDSSE,5.02
DP-DLP-RSL-DGDSSE,4.46
DP-DLP-RSL-DGDSSE,3.04
DP-DLP-RSL-DGDSSE,2.61
DP-DLP-RSL-DGDSSE-TECH,3.3
DP-DLP-RSL-DGDSSU,2.43
DP-DLP-RSL-DGDSSU,2.16
DP-DLP-RSL-DGDSSU,1.47
DP-DLP-RSL-DGDSSU,1.26
DP-DLP-RSL-DGDSSU-TECH,1.6
DP-DLP-RSL-DLPABSA,136.8
DP-DLP-RSL-DLPABSA,121.5
DP-DLP-RSL-DLPABSA,82.8
DP-DLP-RSL-DLPABSA,71.1
DP-DLP-RSL-DLPABSA-TECH,90
DP-DLP-RSL-DLPEBSA,167.2
DP-DLP-RSL-DLPEBSA,148.5
DP-DLP-RSL-DLPEBSA,101.2
DP-DLP-RSL-DLPEBSA,86.9
DP-DLP-RSL-DLPEBSA-TECH,110
DP-DLP-RSL-DLPESSA,114
DP-DLP-RSL-DLPESSA,101.25
DP-DLP-RSL-DLPESSA,69
DP-DLP-RSL-DLPESSA,59.25
DP-DLP-RSL-DLPESSA-TECH,75
DM-DA-RSS-DAAS,1.52
DM-DA-RSS-DAAS,1.35
DM-DA-RSS-DAAS,0.92
DM-DA-RSS-DAAS,0.79
DM-DA-RSS-DAAS-TECH,1
DM-IRM-RSS-DRSSUB,6270
DM-IRM-RSS-DRSSUB,5568.75
DM-IRM-RSS-DRSSUB,3795
DM-IRM-RSS-DRSSUB,3258.75
DM-IRM-RSS-DRSSUB-TECH,4125
DP-DLP-RSS-DVCSUB,140.45
DP-DLP-RSS-DVCSUB,124.74
DP-DLP-RSS-DVCSUB,85.01
DP-DLP-RSS-DVCSUB,73
DP-DLP-RSS-DVCSUB-TECH,92.4
DP-DLP-RSS-EDRS,93.39
DP-DLP-RSS-EDRS,82.94
DP-DLP-RSS-EDRS,56.52
DP-DLP-RSS-EDRS,48.54
DP-DLP-RSS-EDRS-TECH,61.44
DM-WCU-RSS-EMMO,1316.7
DM-WCU-RSS-EMMO,1169.44
DM-WCU-RSS-EMMO,796.95
DM-WCU-RSS-EMMO,684.34
DM-WCU-RSS-EMMO-TECH,1316.7
DM-EU-RSS-ERSS,4827.9
DM-EU-RSS-ERSS,4287.94
DM-EU-RSS-ERSS,2922.15
DM-EU-RSS-ERSS,2509.24
DM-EU-RSS-ERSS-TECH,3176.25
DP-DLP-RSS-EDS,22.8
DP-DLP-RSS-EDS,20.25
DP-DLP-RSS-EDS,13.8
DP-DLP-RSS-EDS,11.85
DP-DLP-RSS-EDS-TECH,15
DM-IRM-RSS-EFS,2194.5
DM-IRM-RSS-EFS,1949.06
DM-IRM-RSS-EFS,1328.25
DM-IRM-RSS-EFS,1140.56
DM-IRM-RSS-EFS-TECH,1443.75
DP-DLP-RSP-ESCS,12160
DP-DLP-RSP-ESCS,10800
DP-DLP-RSP-ESCS,7360
DP-DLP-RSP-ESCS,6320
DP-DLP-RSP-ESCS-TECH,8000
DP-DLP-RSP-EXSEHSS,39520
DP-DLP-RSP-EXSEHSS,35100
DP-DLP-RSP-EXSEHSS,23920
DP-DLP-RSP-EXSEHSS,20540
DP-DLP-RSP-EXSEHSS-TECH,26000
DP-DLP-RSP-ESES,106400
DP-DLP-RSP-ESES,94500
DP-DLP-RSP-ESES,64400
DP-DLP-RSP-ESES,55300
DP-DLP-RSP-ESES-TECH,70000
DP-DC-RSS-FCSSS,76000
DP-DC-RSS-FCSSS,67500
DP-DC-RSS-FCSSS,46000
DP-DC-RSS-FCSSS,39500
DP-DC-RSS-FCSES,53.2
DP-DC-RSS-FCSES,47.25
DP-DC-RSS-FCSES,32.2
DP-DC-RSS-FCSES,27.65
DP-DC-RSS-FDCSGS,58.6
DP-DC-RSS-FDCSGS,50.32
DP-DC-RSS-FDCSGS-TECH,63.7
DP-DC-RSS-FDUAPS-TECH,65
DP-DC-RSS-FDUPPS,85.12
DP-DC-RSS-FDUPPS,75.6
DP-DC-RSS-FDUPPS,51.52
DP-DC-RSS-FDUPPS,44.24
DP-DC-RSS-FDCSUGS,83.42
DP-DC-RSS-FDCSUGS,74.09
DP-DC-RSS-FDCSUGS,50.49
DP-DC-RSS-FDCSUGS,43.36
DP-DC-RSS-FDCSUGS-TECH,43.36
DP-DC-RSS-FDUPPS-TECH,56
DP-DC-RSS-FDAPS,74.48
DP-DC-RSS-FDAPS,66.15
DP-DC-RSS-FDAPS,45.08
DP-DC-RSS-FDAPS,38.71
GOA-GAM-RSS-GAAS,15192.4
GOA-GAM-RSS-GAAS,13493.25
GOA-GAM-RSS-GAAS,9195.4
GOA-GAM-RSS-GAAS,7896.05
GOA-GAM-RSS-GAAAS,6277.6
GOA-GAM-RSS-GAAAS,5575.5
GOA-GAM-RSS-GAAAS,3799.6
GOA-GAM-RSS-GAAAS,3262.7
GOA-GAM-RSS-GAARS,2675.2
GOA-GAM-RSS-GAARS,2376
GOA-GAM-RSS-GAARS,1619.2
GOA-GAM-RSS-GAARS,1390.4
DP-DC-RSS-FDAPS-TECH,66.15
DP-DC-RSS-FDEPS,53.2
DP-DC-RSS-FDEPS,47.25
DP-DC-RSS-FDEPS,32.2
DP-DC-RSS-FDEPS,27.65
DP-DC-RSS-FDEPS-TECH,35
DP-DC-RSS-FDEUPS,71.44
DP-DC-RSS-FDEUPS,63.45
DP-DC-RSS-FDEUPS,43.24
DP-DC-RSS-FDEUPS,37.13
DP-DC-RSS-FDDS,21.28
DP-DC-RSS-FDDS,18.9
DP-DC-RSS-FDDS,12.88
DP-DC-RSS-FDDS,11.06
DP-DC-RSS-FDCSDGS,20.85
DP-DC-RSS-FDCSDGS,18.52
DP-DC-RSS-FDCSDGS,12.62
DP-DC-RSS-FDCSDGS,10.84
DP-DC-RSS-FDCSDGS-TECH,13.72
DP-DC-RSS-FDDS-TECH,14
DP-DC-RSS-FMIOS,9.12
DP-DC-RSS-FMIOS,8.1
DP-DC-RSS-FMIOS,5.52
DP-DC-RSS-FMIOS,4.74
DP-DC-RSS-FMIOSS,5.02
DP-DC-RSS-FMIOSS,4.46
DP-DC-RSS-FMIOSS,3.04
DP-DC-RSS-FMIOSS,2.61
DP-DC-RSS-FMIOSS-TECH,3.3
DM-IRC-RSS-HTMLSU,1931.16
DM-IRC-RSS-HTMLSU,1715.18
DM-IRC-RSS-HTMLSU,1168.86
DM-IRC-RSS-HTMLSU,1003.7
DM-IRC-RSS-HTMLSU-TECH,1270.5
DM-IBM-RSS-IENCSU,2194.5
DM-IBM-RSS-IENCSU,1949.06
DM-IBM-RSS-IENCSU,1328.25
DM-IBM-RSS-IENCSU,1140.56
DM-IBM-RSS-IENCSU-TECH,1443.75
DM-IFO-RSS-IFORSU,10533.6
DM-IFO-RSS-IFORSU,9355.5
DM-IFO-RSS-IFORSU,6375.6
DM-IFO-RSS-IFORSU,5474.7
DM-IBM-RSS-IFSTSU,2508
DM-IBM-RSS-IFSTSU,2227.5
DM-IBM-RSS-IFSTSU,1518
DM-IBM-RSS-IFSTSU,1303.5
DM-IBM-RSS-IFSTSU-TECH,1650
DM-WCU-RSS-IBOSUB,526.68
DM-WCU-RSS-IBOSUB,467.78
DM-WCU-RSS-IBOSUB,318.78
DM-WCU-RSS-IBOSUB,273.74
DM-WCU-RSS-IBOSUB-TECH,346.5
DM-WFM-RSS-INTESU,1672
DM-WFM-RSS-INTESU,1485
DM-WFM-RSS-INTESU,1012
DM-WFM-RSS-INTESU,869
DM-WFM-RSS-INTESU-TECH,1672
DP-DLP-RMS-INVESU,76.06
DP-DLP-RMS-INVESU,67.55
DP-DLP-RMS-INVESU,46.04
DP-DLP-RMS-INVESU,39.53
DP-DLP-RMS-INVESU-TECH,50.04
DM-IBM-RSS-ISOIS,4827.9
DM-IBM-RSS-ISOIS,4287.94
DM-IBM-RSS-ISOIS,2922.15
DM-IBM-RSS-ISOIS,2509.24
DM-IBM-RSS-ISOIS-TECH,3176.25
DP-DLP-RSL-LDRDI,7.22
DP-DLP-RSL-LDRDI,6.41
DP-DLP-RSL-LDRDI,4.37
DP-DLP-RSL-LDRDI,3.75
DP-DLP-RSL-LDRDI-TECH,4.75
DP-SC-RSL-LKSCS,76000
DP-SC-RSL-LKSCS,67500
DP-SC-RSL-LKSCS,46000
DP-SC-RSL-LKSCS,39500
DP-DLP-RMS-MANAGE,44.14
DP-DLP-RMS-MANAGE,39.2
DP-DLP-RMS-MANAGE,26.72
DP-DLP-RMS-MANAGE,22.94
DP-DLP-RMS-MANAGE-TECH,29.04
DP-DLP-RSL-NDS,54.72
DP-DLP-RSL-NDS,48.6
DP-DLP-RSL-NDS,33.12
DP-DLP-RSL-NDS,28.44
DP-DLP-RSL-NDS-TECH,36
DP-DLP-RSS-NDWES,54.72
DP-DLP-RSS-NDWES,48.6
DP-DLP-RSS-NDWES,33.12
DP-DLP-RSS-NDWES,28.44
DP-DLP-RSS-NDWES-TECH,36
DP-DLP-RSL-OCRDLP,3040
DP-DLP-RSL-OCRDLP,2700
DP-DLP-RSL-OCRDLP,1840
DP-DLP-RSL-OCRDLP,1580
DP-DLP-RSL-OCRDLP-TECH,2000
DM-IBM-RSS-PCLTSU,3862.32
DM-IBM-RSS-PCLTSU,3430.35
DM-IBM-RSS-PCLTSU,2337.72
DM-IBM-RSS-PCLTSU,2007.39
DM-IBM-RSS-PCLTSU-TECH,2541
DM-IRC-RSS-PDFCOS,1316.7
DM-IRC-RSS-PDFCOS,1169.44
DM-IRC-RSS-PDFCOS,796.95
DM-IRC-RSS-PDFCOS,684.34
DM-IRC-RSS-PDFCOS-TECH,866.25
DM-PCR-RSS-PDFSPS,2896.74
DM-PCR-RSS-PDFSPS,2572.76
DM-PCR-RSS-PDFSPS,1753.29
DM-PCR-RSS-PDFSPS,1505.54
DM-PCR-RSS-PDFSPS-TECH,1905.75
DM-EU-RSS-POP4SU,1839.2
DM-EU-RSS-POP4SU,1633.5
DM-EU-RSS-POP4SU,1113.2
DM-EU-RSS-POP4SU,955.9
DM-EU-RSS-POP4SU-TECH,1210
DP-DLP-NRST-PSHPOP,494
DP-DLP-NRST-PSHPOP,438.75
DP-DLP-NRST-PSHPOP,299
DP-DLP-NRST-PSHPOP,256.75
DP-DLP-NRST-PSHPOP-TECH,325
DM-IRC-RSS-RAWRSU,1316.7
DM-IRC-RSS-RAWRSU,1169.44
DM-IRC-RSS-RAWRSU,796.95
DM-IRC-RSS-RAWRSU,684.34
DM-IRC-RSS-RAWRSU-TECH,866.25
DM-IBM-RSS-REPOSS,2896.74
DM-IBM-RSS-REPOSS,2572.76
DM-IBM-RSS-REPOSS,1753.29
DM-IBM-RSS-REPOSS,1505.54
DP-DLP-RSP-RES,547200
DP-DLP-RSP-RES,486000
DP-DLP-RSP-RES,331200
DP-DLP-RSP-RES,284400
DP-DLP-RSP-RES-TECH,360000
DM-IBM-RSS-RPG2SU,6583.5
DM-IBM-RSS-RPG2SU,5847.19
DM-IBM-RSS-RPG2SU,3984.75
DM-IBM-RSS-RPG2SU,3421.69
DM-IRC-RSS-RTFRSU,1316.7
DM-IRC-RSS-RTFRSU,1169.44
DM-IRC-RSS-RTFRSU,796.95
DM-IRC-RSS-RTFRSU,684.34
DM-WCU-RSS-SCANSU,10640
DM-WCU-RSS-SCANSU,9450
DM-WCU-RSS-SCANSU,6440
DM-WCU-RSS-SCANSU,5530
DP-SC-RSL-SDKR,76000
DP-SC-RSL-SDKR,67500
DP-SC-RSL-SDKR,46000
DP-SC-RSL-SDKR,39500
DP-SC-RSL-SDKR-TECH,50000
DP-SC-RSL-SCPIUT,38000
DP-SC-RSL-SCPIUT,33750
DP-SC-RSL-SCPIUT,23000
DP-SC-RSL-SCPIUT,19750
DP-SC-RSL-SCPIUT-TECH,25000
DM-SH-RSS-SIGNSU,438.9
DM-SH-RSS-SIGNSU,389.81
DM-SH-RSS-SIGNSU,265.65
DM-SH-RSS-SIGNSU,228.11
DM-EU-RSS-SMTPSU,2926
DM-EU-RSS-SMTPSU,2598.75
DM-EU-RSS-SMTPSU,1771
DM-EU-RSS-SMTPSU,1520.75
DM-SV4-RSS-S4S,1672
DM-SV4-RSS-S4S,1485
DM-SV4-RSS-S4S,1012
DM-SV4-RSS-S4S,869
DM-SV4-RSS-S4SUPS,418
DM-SV4-RSS-S4SUPS,371.25
DM-SV4-RSS-S4SUPS,253
DM-SV4-RSS-S4SUPS,217.25
DM-SV4-RSS-S4SS,626.24
DM-SV4-RSS-S4SS,556.2
DM-SV4-RSS-S4SS,379.04
DM-SV4-RSS-S4SS,325.48
DM-SV4-RSS-S4UPS,2508
DM-SV4-RSS-S4UPS,2227.5
DM-SV4-RSS-S4UPS,1518
DM-SV4-RSS-S4UPS,1303.5
DM-IRC-RSS-TRCASU,1316.7
DM-IRC-RSS-TRCASU,1169.44
DM-IRC-RSS-TRCASU,796.95
DM-IRC-RSS-TRCASU,684.34
DP-DC-RSS-TCSS,13538.64
DP-DC-RSS-TCSS,12024.45
DP-DC-RSS-TCSS,8194.44
DP-DC-RSS-TCSS,7036.53
DP-DC-RSS-TCSS-TECH,8907
GOA-GAM-RSS-GAASRS,6520.8
GOA-GAM-RSS-GAASRS,5791.5
GOA-GAM-RSS-GAASRS,3946.8
GOA-GAM-RSS-GAASRS,3389.1
GOA-GAM-RSS-GORS,4012.8
GOA-GAM-RSS-GORS,3564
GOA-GAM-RSS-GORS,2428.8
GOA-GAM-RSS-GORS,2085.6
GOA-GAM-RSS-GOANA,4012.8
GOA-GAM-RSS-GOANA,3564
GOA-GAM-RSS-GOANA,2428.8
GOA-GAM-RSS-GOANA,2085.6
DP-DC-RSS-TMCS,13538.64
DP-DC-RSS-TMCS,12024.45
DP-DC-RSS-TMCS,8194.44
DP-DC-RSS-TMCS,7036.53
DP-DC-RSS-TMCS-TECH,8194.44
DP-DLP-RSS-UCFSS,55.08
DP-DLP-RSS-UCFSS,48.92
DP-DLP-RSS-UCFSS,33.34
DP-DLP-RSS-UCFSS,28.63
DP-DLP-RSS-UCFSS-TECH,28.63
DP-DLP-RSS-UCOCS,8.39
DP-DLP-RSS-UCOCS,7.45
DP-DLP-RSS-UCOCS,5.08
DP-DLP-RSS-UCOCS,4.36
DP-DLP-RSS-UCOCS-TECH,5.52
DP-DLP-RSS-UCRCS,8.39
DP-DLP-RSS-UCRCS,7.45
DP-DLP-RSS-UCRCS,5.08
DP-DLP-RSS-UCRCS,4.36
DP-DLP-RSS-UCRCS-TECH,8.39
DP-DLP-RSS-UCSCS,8.39
DP-DLP-RSS-UCSCS,7.45
DP-DLP-RSS-UCSCS,5.08
DP-DLP-RSS-UCSCS,4.36
DP-DLP-RSS-UCSCS-TECH,5.52
DM-WEB-RSS-WDDMS,4180
DM-WEB-RSS-WDDMS,3712.5
DM-WEB-RSS-WDDMS,2530
DM-WEB-RSS-WDDMS,2172.5
DM-WFM-RSS-WFMS,6270
DM-WFM-RSS-WFMS,5568.75
DM-WFM-RSS-WFMS,3795
DM-WFM-RSS-WFMS,3258.75
DM-WEB-RSS-WDIMS,6061
DM-WEB-RSS-WDIMS,5383.13
DM-WEB-RSS-WDIMS,3668.5
DM-WEB-RSS-WDIMS,3150.13
DM-WFM-RSS-WEBFSU,8778
DM-WFM-RSS-WEBFSU,7796.25
DM-WFM-RSS-WEBFSU,5313
DM-WFM-RSS-WEBFSU,4562.25
DM-WS-RSS-WEBSSU,2194.5
DM-WS-RSS-WEBSSU,1949.06
DM-WS-RSS-WEBSSU,1328.25
DM-WS-RSS-WEBSSU,1140.56
DM-WCU-RSS-WAISUB,3072.3
DM-WCU-RSS-WAISUB,2728.69
DM-WCU-RSS-WAISUB,1859.55
DM-WCU-RSS-WAISUB,1596.79
DM-DLN-RSS-WSS,1755.6
DM-DLN-RSS-WSS,1559.25
DM-DLN-RSS-WSS,1062.6
DM-DLN-RSS-WSS,912.45
DM-DLN-RSS-WSEFS,5016
DM-DLN-RSS-WSEFS,4455
DM-DLN-RSS-WSEFS,3036
DM-DLN-RSS-WSEFS,2607
ES-CEP-RSL-ACTIDB,142880
ES-CEP-RSL-ACTIDB,126900
ES-CEP-RSL-ACTIDB,86480
ES-CEP-RSL-ACTIDB,74260
ES-CEP-RSL-ACTIDB-TECH,94000
ES-DMP-RSL-APAOS,7600
ES-DMP-RSL-APAOS,6750
ES-DMP-RSL-APAOS,4600
ES-DMP-RSL-APAOS,3950
ES-DMP-RSL-APAOS-TECH,5000
ES-SEG-RSS-A4ESUB,29.64
ES-SEG-RSS-A4ESUB,26.33
ES-SEG-RSS-A4ESUB,17.94
ES-SEG-RSS-A4ESUB,15.41
ES-SEG-RSS-A4ESUB-TECH,19.5
ES-DMP-RMS-BECE,7600
ES-DMP-RMS-BECE,6750
ES-DMP-RMS-BECE,4600
ES-DMP-RMS-BECE,3950
ES-DMP-RMS-BECE-TECH,5000
ES-SEA-RSL-B1IAAB,54.04
ES-SEA-RSL-B1IAAB,47.99
ES-SEA-RSL-B1IAAB,32.71
ES-SEA-RSL-B1IAAB,28.08
ES-SEA-RSL-B1IAAB-TECH,28.08
FIM-FIM-RSS-CCMNDS,141.36
FIM-FIM-RSS-CCMNDS,125.55
FIM-FIM-RSS-CCMNDS,85.56
FIM-FIM-RSS-CCMNDS,73.47
FIM-FIM-RSS-CCMNDS-TECH,93
FIM-FIM-RSS-CCMSES,188.48
FIM-FIM-RSS-CCMSES,167.4
FIM-FIM-RSS-CCMSES,114.08
FIM-FIM-RSS-CCMSES,97.96
FIM-FIM-RSS-CCMSFO,72.96
FIM-FIM-RSS-CCMSFO,64.8
FIM-FIM-RSS-CCMSFO,44.16
FIM-FIM-RSS-CCMSFO,37.92
FIM-FIM-RSS-CCMSFO-TECH,37.92
FIM-FIM-RSS-CCMSES-TECH,188.48
FIM-FIM-RSS-CCMSID,34.96
FIM-FIM-RSS-CCMSID,31.05
FIM-FIM-RSS-CCMSID,21.16
FIM-FIM-RSS-CCMSID,18.17
FIM-FIM-RSS-CCMSPD,15.2
FIM-FIM-RSS-CCMSPD,13.5
FIM-FIM-RSS-CCMSPD,9.2
FIM-FIM-RSS-CCMSPD,7.9
FIM-FIM-RSS-CCMSPD-TECH,7.9
FIM-FIM-RSS-CCMSID-TECH,23
FIM-FIM-RRM-CCMSIR-TECH,7.27
FIM-FIM-RSS-CCMWOS,63.84
FIM-FIM-RSS-CCMWOS,56.7
FIM-FIM-RSS-CCMWOS,38.64
FIM-FIM-RSS-CCMWOS,33.18
FIM-FIM-RSS-CCMWFO,25.84
FIM-FIM-RSS-CCMWFO,22.95
FIM-FIM-RSS-CCMWFO,15.64
FIM-FIM-RSS-CCMWFO,13.43
FIM-FIM-RSS-CCMWFO-TECH,17
FIM-FIM-RSS-CCMWOS-TECH,42
FIM-FIM-RRM-CCMWRM-TECH,15.87
FIM-FIM-RSS-CCMLIS,11308.8
FIM-FIM-RSS-CCMLIS,10044
FIM-FIM-RSS-CCMLIS,6844.8
FIM-FIM-RSS-CCMLIS,5877.6
FIM-FIM-RSS-CCMLIS-TECH,7440
FIM-FIM-RRM-CCMLIR-TECH,4195.2
FIM-FIM-RRM-CCMLSC-TECH,702.24
FIM-FIM-RSS-CCMMSS,32740.8
FIM-FIM-RSS-CCMMSS,29079
FIM-FIM-RSS-CCMMSS,19816.8
FIM-FIM-RSS-CCMMSS,17016.6
FIM-FIM-RSS-CCMMSF,25262.4
FIM-FIM-RSS-CCMMSF,22437
FIM-FIM-RSS-CCMMSF,15290.4
FIM-FIM-RSS-CCMMSF,13129.8
FIM-FIM-RSS-CCMMSF-TECH,16620
FIM-FIM-RSS-CCMMSS-TECH,21540
FIM-FIM-RRM-CCMMSR-TECH,7992.5
FIM-FIM-RRM-CCMSCA-TECH,966
FIM-FIM-RSS-CCMWLS,1360.4
FIM-FIM-RSS-CCMWLS,1208.25
FIM-FIM-RSS-CCMWLS,823.4
FIM-FIM-RSS-CCMWLS,707.05
FIM-FIM-RSS-CCMWLS-TECH,707.05
FIM-FIM-RSS-CCMWIN,3556.8
FIM-FIM-RSS-CCMWIN,3159
FIM-FIM-RSS-CCMWIN,2152.8
FIM-FIM-RSS-CCMWIN,1848.6
FIM-FIM-RSS-CCMWSE,3556.8
FIM-FIM-RSS-CCMWSE,3159
FIM-FIM-RSS-CCMWSE,2152.8
FIM-FIM-RSS-CCMWSE,1848.6
FIM-FIM-RSS-CCMWSE-TECH,2340
FIM-FIM-RSS-CCMWIN-TECH,2340
ES-SEG-RSS-CSEGKS,39.52
ES-SEG-RSS-CSEGKS,35.1
ES-SEG-RSS-CSEGKS,23.92
ES-SEG-RSS-CSEGKS,20.54
ES-SEG-NRPS-CSEGKP,71.85
ES-SEG-NRPS-CSEGKP,63.81
ES-SEG-NRPS-CSEGKP,43.49
ES-SEG-NRPS-CSEGKP,37.34
ES-SEG-NRPS-CSEGKP-TECH,47.27
ES-SEG-RNM-CSEGANM-TECH,71.85
ES-SEG-RRM-CSEGARM-TECH,47.27
ES-CEP-RSL-CEPS,3800
ES-CEP-RSL-CEPS,3375
ES-CEP-RSL-CEPS,2300
ES-CEP-RSL-CEPS,1975
ES-CEP-RSL-CEPS-TECH,2500
ES-SIG-RSS-DRSIGS,13.83
ES-SIG-RSS-DRSIGS,12.29
ES-SIG-RSS-DRSIGS,8.37
ES-SIG-RSS-DRSIGS,7.19
ES-SIG-RSS-DAIS,3043.04
ES-SIG-RSS-DAIS,2702.7
ES-SIG-RSS-DAIS,1841.84
ES-SIG-RSS-DAIS,1581.58
ES-SWG-RSS-DRSWGS,13.83
ES-SWG-RSS-DRSWGS,12.29
ES-SWG-RSS-DRSWGS,8.37
ES-SWG-RSS-DRSWGS,7.19
FIM-FIM-RSS-DP700S,5244
FIM-FIM-RSS-DP700S,4657.5
FIM-FIM-RSS-DP700S,3174
FIM-FIM-RSS-DP700S,2725.5
FIM-FIM-RSS-DP700S-TECH,3450
FIM-FIM-RRM-DP700RM-TECH,1279.26
FIM-FIM-RSS-DPESUB,3556.8
FIM-FIM-RSS-DPESUB,3159
FIM-FIM-RSS-DPESUB,2152.8
FIM-FIM-RSS-DPESUB,1848.6
FIM-FIM-RSS-DPESUB-TECH,2340
FIM-FIM-RRM-DPEREN-TECH,1033.85
FIM-FIM-RSS-DPEEXS,494
FIM-FIM-RSS-DPEEXS,438.75
FIM-FIM-RSS-DPEEXS,299
FIM-FIM-RSS-DPEEXS,256.75
FIM-FIM-RSS-DPEEXS-TECH,325
FIM-FIM-RRM-DPEERM-TECH,144
FIM-FIM-RSS-DPELIS,1360.4
FIM-FIM-RSS-DPELIS,1208.25
FIM-FIM-RSS-DPELIS,823.4
FIM-FIM-RSS-DPELIS,707.05
FIM-FIM-RSS-DPELIS-TECH,895
FIM-FIM-RRM-DPELRM-TECH,575.09
FIM-FIM-RRM-DPEREN,951.14
ES-SEG-RSS-DRMS,29.64
ES-SEG-RSS-DRMS,26.33
ES-SEG-RSS-DRMS,17.94
ES-SEG-RSS-DRMS,15.41
ES-DMP-RSL-DMARPR,3952
ES-DMP-RSL-DMARPR,3510
ES-DMP-RSL-DMARPR,2392
ES-DMP-RSL-DMARPR,2054
ES-DMP-RSL-DMARPR-TECH,2600
ES-SEG-RSS-DSSEGS,13.83
ES-SEG-RSS-DSSEGS,12.29
ES-SEG-RSS-DSSEGS,8.37
ES-SEG-RSS-DSSEGS,7.19
ES-SXG-RSS-DSSS,13.83
ES-SXG-RSS-DSSS,12.29
ES-SXG-RSS-DSSS,8.37
ES-SXG-RSS-DSSS,7.19
ES-SIG-RSS-DSSIGS,13.83
ES-SIG-RSS-DSSIGS,12.29
ES-SIG-RSS-DSSIGS,8.37
ES-SIG-RSS-DSSIGS,7.19
ES-SWG-RSS-DSSWGS,13.83
ES-SWG-RSS-DSSWGS,12.29
ES-SWG-RSS-DSSWGS,8.37
ES-SWG-RSS-DSSWGS,7.19
ES-SEG-RSS-EEEPSE,98.8
ES-SEG-RSS-EEEPSE,87.75
ES-SEG-RSS-EEEPSE,59.8
ES-SEG-RSS-EEEPSE,51.35
ES-SEG-RRM-ESRM-TECH,0.2
ES-SEG-RSP-EMSES,18240
ES-SEG-RSP-EMSES,16200
ES-SEG-RSP-EMSES,11040
ES-SEG-RSP-EMSES,9480
ES-SEG-RSP-ESRS,7600
ES-SEG-RSP-ESRS,6750
ES-SEG-RSP-ESRS,4600
ES-SEG-RSP-ESRS,3950
ES-SEG-RRM-ESRM,0.3
ES-SEG-RRM-ESRM,0.27
ES-SEG-RRM-ESRM,0.18
ES-SEG-RRM-ESRM,0.16
ES-ESO-RMS-ETIS,6080
ES-ESO-RMS-ETIS,5400
ES-ESO-RMS-ETIS,3680
ES-ESO-RMS-ETIS,3160
ES-ESO-RMS-ETIS-TECH,3680
ES-SEG-RSS-ENCRFS,9.88
ES-SEG-RSS-ENCRFS,8.78
ES-SEG-RSS-ENCRFS,5.98
ES-SEG-RSS-ENCRFS,5.14
ES-SEG-RSS-ENCRPS,59.28
ES-SEG-RSS-ENCRPS,52.65
ES-SEG-RSS-ENCRPS,35.88
ES-SEG-RSS-ENCRPS,30.81
ES-DMP-RSP-ESP,36480
ES-DMP-RSP-ESP,32400
ES-DMP-RSP-ESP,22080
ES-DMP-RSP-ESP,18960
FIM-FIM-RRM-FIMLST-TECH,46
FIM-FIM-RRM-FIMMIS-TECH,23
FIM-FIM-RRM-FIMSMR-TECH,23
FIM-FIM-RRM-FIMMRE-TECH,34
ES-SEG-RSSH-ICAPHF,1520
ES-SEG-RSSH-ICAPHF,1350
ES-SEG-RSSH-ICAPHF,920
ES-SEG-RSSH-ICAPHF,790
ES-SEG-RSL-ICAPMF,4560
ES-SEG-RSL-ICAPMF,4050
ES-SEG-RSL-ICAPMF,2760
ES-SEG-RSL-ICAPMF,2370
ES-SEG-RSS-IGSSUB,19.76
ES-SEG-RSS-IGSSUB,17.55
ES-SEG-RSS-IGSSUB,11.96
ES-SEG-RSS-IGSSUB,10.27
ES-SEG-RSS-IGSRES,197.6
ES-SEG-RSS-IGSRES,175.5
ES-SEG-RSS-IGSRES,119.6
ES-SEG-RSS-IGSRES,102.7
FIM-FIM-RSS-IP36SU,33.44
FIM-FIM-RSS-IP36SU,29.7
FIM-FIM-RSS-IP36SU,20.24
FIM-FIM-RSS-IP36SU,17.38
FIM-FIM-RSS-IP36SU-TECH,22
FIM-FIM-RRM-IP36RE-TECH,8.05
FIM-FIM-RRM-IP36FRM-TECH,10.35
FIM-FML-RSS-IP36MO,15200
FIM-FML-RSS-IP36MO,13500
FIM-FML-RSS-IP36MO,9200
FIM-FML-RSS-IP36MO,7900
ES-SEG-RSS-IPIPSU,3.95
ES-SEG-RSS-IPIPSU,3.51
ES-SEG-RSS-IPIPSU,2.39
ES-SEG-RSS-IPIPSU,2.05
ES-SEG-RSP-MSSEG,3952
ES-SEG-RSP-MSSEG,3510
ES-SEG-RSP-MSSEG,2392
ES-SEG-RSP-MSSEG,2054
ES-DMP-RMS-MMAFS,6080
ES-DMP-RMS-MMAFS,5400
ES-DMP-RMS-MMAFS,3680
ES-DMP-RMS-MMAFS,3160
ES-DMP-RMS-MMAFS-TECH,4000
ES-MSO-RSSH-MSOARS,13984
ES-MSO-RSSH-MSOARS,12420
ES-MSO-RSSH-MSOARS,8464
ES-MSO-RSSH-MSOARS,7268
ES-MSO-RSSH-MSOARS-TECH,8464
ES-SEG-RSS-OFIS,98.8
ES-SEG-RSS-OFIS,87.75
ES-SEG-RSS-OFIS,59.8
ES-SEG-RSS-OFIS,51.35
ES-SEG-RSS-OFIS-TECH,65
ES-SEG-RSS-OFSS,9.88
ES-SEG-RSS-OFSS,8.78
ES-SEG-RSS-OFSS,5.98
ES-SEG-RSS-OFSS,5.14
ES-SXG-RSS-OCGS,9.88
ES-SXG-RSS-OCGS,8.78
ES-SXG-RSS-OCGS,5.98
ES-SXG-RSS-OCGS,5.14
ES-SIG-RSS-OFEATU,9.88
ES-SIG-RSS-OFEATU,8.78
ES-SIG-RSS-OFEATU,5.98
ES-SIG-RSS-OFEATU,5.14
ES-SWG-RSS-OCFEAS,19.76
ES-SWG-RSS-OCFEAS,17.55
ES-SWG-RSS-OCFEAS,11.96
ES-SWG-RSS-OCFEAS,10.27
ES-SIG-RSS-OSIS,2173.6
ES-SIG-RSS-OSIS,1930.5
ES-SIG-RSS-OSIS,1315.6
ES-SIG-RSS-OSIS,1129.7
ES-SEG-RSS-OPEPSE,9.88
ES-SEG-RSS-OPEPSE,8.78
ES-SEG-RSS-OPEPSE,5.98
ES-SEG-RSS-OPEPSE,5.14
ES-CEP-RSL-PHISDE,7600
ES-CEP-RSL-PHISDE,6750
ES-CEP-RSL-PHISDE,4600
ES-CEP-RSL-PHISDE,3950
ES-CEP-RSL-PHISDE-TECH,5000
ES-SEA-RSL-PHISRE,3344
ES-SEA-RSL-PHISRE,2970
ES-SEA-RSL-PHISRE,2024
ES-SEA-RSL-PHISRE,1738
ES-SEA-RSL-PHISRE-TECH,2024
FIM-FIM-RSP-PPTARS,22800
FIM-FIM-RSP-PPTARS,20250
FIM-FIM-RSP-PPTARS,13800
FIM-FIM-RSP-PPTARS,11850
FIM-FIM-RSP-PPTRES,577600
FIM-FIM-RSP-PPTRES,513000
FIM-FIM-RSP-PPTRES,349600
FIM-FIM-RSP-PPTRES,300200
FIM-FIM-RSP-PPTRERS,326800
FIM-FIM-RSP-PPTRERS,290250
FIM-FIM-RSP-PPTRERS,197800
FIM-FIM-RSP-PPTRERS,169850
FIM-FIM-RSP-PPTRERRS,326800
FIM-FIM-RSP-PPTRERRS,290250
FIM-FIM-RSP-PPTRERRS,197800
FIM-FIM-RSP-PPTRERRS,169850
FIM-FIM-RSP-PPTRERRS-TECH,215000
FIM-FIM-RSP-PPTRERS-TECH,215000
ES-SEG-RSP-PREMS1,29640
ES-SEG-RSP-PREMS1,26325
ES-SEG-RSP-PREMS1,17940
ES-SEG-RSP-PREMS1,15405
ES-SEG-RSP-PREMS1-TECH,29640
ES-SWG-RSS-RCSWGS,23.71
ES-SWG-RSS-RCSWGS,21.06
ES-SWG-RSS-RCSWGS,14.35
ES-SWG-RSS-RCSWGS,12.32
ES-SEG-RSS-SSEGS,19.76
ES-SEG-RSS-SSEGS,17.55
ES-SEG-RSS-SSEGS,11.96
ES-SEG-RSS-SSEGS,10.27
ES-SEG-RSS-SEGS,2280
ES-SEG-RSS-SEGS,2025
ES-SEG-RSS-SEGS,1380
ES-SEG-RSS-SEGS,1185
ES-SEG-RSS-SEGS-TECH,1380
ES-SEG-RSS-SEPS,46.51
ES-SEG-RSS-SEPS,41.31
ES-SEG-RSS-SEPS,28.15
ES-SEG-RSS-SEPS,24.17
ES-SEG-RSS-SEEMAI,55.94
ES-SEG-RSS-SEEMAI,49.68
ES-SEG-RSS-SEEMAI,33.86
ES-SEG-RSS-SEEMAI,29.07
ES-SEG-RSS-SECEGA,38.99
ES-SEG-RSS-SECEGA,34.63
ES-SEG-RSS-SECEGA,23.6
ES-SEG-RSS-SECEGA,20.26
ES-SXG-RSS-SEEXCH,4750
ES-SXG-RSS-SEEXCH,4218.75
ES-SXG-RSS-SEEXCH,2875
ES-SXG-RSS-SEEXCH,2468.75
ES-SXG-RSS-SEEXCH-TECH,3125
ES-SXG-RSS-SEEGAT,46.51
ES-SXG-RSS-SEEGAT,41.31
ES-SXG-RSS-SEEGAT,28.15
ES-SXG-RSS-SEEGAT,24.17
ES-SXG-RSS-SEEGES,38.99
ES-SXG-RSS-SEEGES,34.63
ES-SXG-RSS-SEEGES,23.6
ES-SXG-RSS-SEEGES,20.26
ES-SIG-RSS-SIGS,3990
ES-SIG-RSS-SIGS,3543.75
ES-SIG-RSS-SIGS,2415
ES-SIG-RSS-SIGS,2073.75
ES-SIG-RSS-SIGS-TECH,2625
ES-SIG-RSS-SEIS,10232.64
ES-SIG-RSS-SEIS,9088.2
ES-SIG-RSS-SEIS,6193.44
ES-SIG-RSS-SEIS,5318.28
ES-SIG-RSS-SEUS,61.56
ES-SIG-RSS-SEUS,54.68
ES-SIG-RSS-SEUS,37.26
ES-SIG-RSS-SEUS,32
ES-SIG-RSS-SECIGA,12305.92
ES-SIG-RSS-SECIGA,10929.6
ES-SIG-RSS-SECIGA,7448.32
ES-SIG-RSS-SECIGA,6395.84
ES-SIG-RSS-SICGAT,69.31
ES-SIG-RSS-SICGAT,61.56
ES-SIG-RSS-SICGAT,41.95
ES-SIG-RSS-SICGAT,36.02
ES-SIG-RSS-SICGAE,8577.36
ES-SIG-RSS-SICGAE,7618.05
ES-SIG-RSS-SICGAE,5191.56
ES-SIG-RSS-SICGAE,4457.97
ES-SIG-RSS-SIGESS,54.87
ES-SIG-RSS-SIGESS,48.74
ES-SIG-RSS-SIGESS,33.21
ES-SIG-RSS-SIGESS,28.52
ES-SIG-RSS-SICGPE,3800
ES-SIG-RSS-SICGPE,3375
ES-SIG-RSS-SICGPE,2300
ES-SIG-RSS-SICGPE,1975
ES-SIG-RSS-SICGPE-TECH,3375
ES-SWG-RSS-SWGS,1.19
ES-SWG-RSS-SWGS,1.05
ES-SWG-RSS-SWGS,0.72
ES-SWG-RSS-SWGS,0.62
ES-SWG-RSS-SEWEB,73.87
ES-SWG-RSS-SEWEB,65.61
ES-SWG-RSS-SEWEB,44.71
ES-SWG-RSS-SEWEB,38.39
ES-SWG-RSS-SECWGA,86.34
ES-SWG-RSS-SECWGA,76.68
ES-SWG-RSS-SECWGA,52.26
ES-SWG-RSS-SECWGA,44.87
ES-SWG-RSS-SWEGAT,67.87
ES-SWG-RSS-SWEGAT,60.28
ES-SWG-RSS-SWEGAT,41.08
ES-SWG-RSS-SWEGAT,35.27
ES-SEG-RSS-SSSEGS,13.83
ES-SEG-RSS-SSSEGS,12.29
ES-SEG-RSS-SSSEGS,8.37
ES-SEG-RSS-SSSEGS,7.19
ES-SXG-RSS-SSSEGA,13.83
ES-SXG-RSS-SSSEGA,12.29
ES-SXG-RSS-SSSEGA,8.37
ES-SXG-RSS-SSSEGA,7.19
ES-SIG-RSS-SSSIGS,560.88
ES-SIG-RSS-SSSIGS,498.15
ES-SIG-RSS-SSSIGS,339.48
ES-SIG-RSS-SSSIGS,291.51
ES-SIG-RSS-SSSIGS-TECH,369
ES-SIG-RSS-SSSIGS_LIC-TECH,498.15
ES-SWG-RSS-SSSWGS,13.83
ES-SWG-RSS-SSSWGS,12.29
ES-SWG-RSS-SSSWGS,8.37
ES-SWG-RSS-SSSWGS,7.19
ES-ETM-RMS-SUSPAN,17480
ES-ETM-RMS-SUSPAN,15525
ES-ETM-RMS-SUSPAN,10580
ES-ETM-RMS-SUSPAN,9085
ES-ETM-RMS-SUSPAN-TECH,9085
ES-ETM-RMS-SUSPIN,30400
ES-ETM-RMS-SUSPIN,27000
ES-ETM-RMS-SUSPIN,18400
ES-ETM-RMS-SUSPIN,15800
ES-ETM-RMS-SUSPIN-TECH,27000
FIM-FIM-RRM-TEUSLFRM-TECH,9375
FIM-FIM-RRM-TFSWRM-TECH,27.65
FIM-FIM-RRM-TACM-TECH,2645
FIM-FIM-RRM-TRAP-TECH,2645
FIM-FIM-RSS-TRUS,5180.16
FIM-FIM-RSS-TRUS,4600.8
FIM-FIM-RSS-TRUS,3135.36
FIM-FIM-RSS-TRUS,2692.32
FIM-FIM-RRM-TRIPWA-TECH,1265
FIM-FIM-RRM-TAESUR-TECH,2645
FIM-FIM-RRM-TRIPAP-TECH,3306
FIM-FIM-RSS-TAPP,2445.68
FIM-FIM-RSS-TAPP,2172.15
FIM-FIM-RSS-TAPP,1480.28
FIM-FIM-RSS-TAPP,1271.11
FIM-FIM-RSS-TAPP-TECH,1609
FIM-FIM-RRM-TRAPP-TECH,3306
FIM-FIM-RSS-TRIATE,6589.2
FIM-FIM-RSS-TRIATE,5852.25
FIM-FIM-RSS-TRIATE,3988.2
FIM-FIM-RSS-TRIATE,3424.65
FIM-FIM-RSS-TRIATE-TECH,4335
FIM-FIM-RRM-TRIAPT-TECH,3306
FIM-FIM-RSS-TRATEI,1670.48
FIM-FIM-RSS-TRATEI,1483.65
FIM-FIM-RSS-TRATEI,1011.08
FIM-FIM-RSS-TRATEI,868.21
FIM-FIM-RSS-TECS,6589.2
FIM-FIM-RSS-TECS,5852.25
FIM-FIM-RSS-TECS,3988.2
FIM-FIM-RSS-TECS,3424.65
FIM-FIM-RSS-TEECS,1670.48
FIM-FIM-RSS-TEECS,1483.65
FIM-FIM-RSS-TEECS,1011.08
FIM-FIM-RSS-TEECS,868.21
FIM-FIM-RSS-TEDS,34.96
FIM-FIM-RSS-TEDS,31.05
FIM-FIM-RSS-TEDS,21.16
FIM-FIM-RSS-TEDS,18.17
FIM-FIM-RSS-TEFSS,89.68
FIM-FIM-RSS-TEFSS,79.65
FIM-FIM-RSS-TEFSS,54.28
FIM-FIM-RSS-TEFSS,46.61
FIM-FIM-RSS-TEIDS,22.8
FIM-FIM-RSS-TEIDS,20.25
FIM-FIM-RSS-TEIDS,13.8
FIM-FIM-RSS-TEIDS,11.85
FIM-FIM-RSS-TEMIS,22.8
FIM-FIM-RSS-TEMIS,20.25
FIM-FIM-RSS-TEMIS,13.8
FIM-FIM-RSS-TEMIS,11.85
FIM-FIM-RSS-TENDS,69.92
FIM-FIM-RSS-TENDS,62.1
FIM-FIM-RSS-TENDS,42.32
FIM-FIM-RSS-TENDS,36.34
FIM-FIM-RSS-TEPS,74.48
FIM-FIM-RSS-TEPS,66.15
FIM-FIM-RSS-TEPS,45.08
FIM-FIM-RSS-TEPS,38.71
FIM-FIM-RSS-TEPSS,208.24
FIM-FIM-RSS-TEPSS,184.95
FIM-FIM-RSS-TEPSS,126.04
FIM-FIM-RSS-TEPSS,108.23
FIM-FIM-RSS-TEVES,798
FIM-FIM-RSS-TEVES,708.75
FIM-FIM-RSS-TEVES,483
FIM-FIM-RSS-TEVES,414.75
FIM-FIM-RSP-TEBFS,30096
FIM-FIM-RSP-TEBFS,26730
FIM-FIM-RSP-TEBFS,18216
FIM-FIM-RSP-TEBFS,15642
FIM-FIM-RSP-TEOFSA,10640
FIM-FIM-RSP-TEOFSA,9450
FIM-FIM-RSP-TEOFSA,6440
FIM-FIM-RSP-TEOFSA,5530
FIM-FML-RSP-TEORO,22800
FIM-FML-RSP-TEORO,20250
FIM-FML-RSP-TEORO,13800
FIM-FML-RSP-TEORO,11850
FIM-FIM-RSS-TDS,282.72
FIM-FIM-RSS-TDS,251.1
FIM-FIM-RSS-TDS,171.12
FIM-FIM-RSS-TDS,146.94
FIM-TLC-RSS-TLCS,454.48
FIM-TLC-RSS-TLCS,403.65
FIM-TLC-RSS-TLCS,275.08
FIM-TLC-RSS-TLCS,236.21
FIM-TLC-RSS-TLCS-TECH,299
FIM-TLC-RRM-TRLO-TECH,10.74
FIM-TLC-RSS-TLCCS,67706.88
FIM-TLC-RSS-TLCCS,60134.4
FIM-TLC-RSS-TLCCS,40980.48
FIM-TLC-RSS-TLCCS,35189.76
FIM-TLC-RSS-TLCCS-TECH,67706.88
FIM-TLC-RRM-TLCCRM-TECH,1609
FIM-TLC-RRM-TRIPLO-TECH,23
FIM-TLC-RSS-TRAS,228
FIM-TLC-RSS-TRAS,202.5
FIM-TLC-RSS-TRAS,138
FIM-TLC-RSS-TRAS,118.5
FIM-TLC-RSS-TRAS-TECH,150
FIM-TLC-RRM-TRLOG-TECH,7.59
FIM-TLC-RRM-TRIPLC-TECH,23
FIM-TLC-RSS-TRLCEN,104.88
FIM-TLC-RSS-TRLCEN,93.15
FIM-TLC-RSS-TRLCEN,63.48
FIM-TLC-RSS-TRLCEN,54.51
FIM-TLC-RSS-TRLCEN-TECH,54.51
FIM-TLC-RRM-TRLOGC-TECH,68
FIM-TLC-RSS-TLCIES,269.04
FIM-TLC-RSS-TLCIES,238.95
FIM-TLC-RSS-TLCIES,162.84
FIM-TLC-RSS-TLCIES,139.83
FIM-TLC-RSS-TLCIES-TECH,177
FIM-TLC-RRM-TLCIER-TECH,31.05
FIM-TLC-RSS-TRCS,94.24
FIM-TLC-RSS-TRCS,83.7
FIM-TLC-RSS-TRCS,57.04
FIM-TLC-RSS-TRCS,48.98
FIM-TLC-RSS-TRCS-TECH,62
FIM-TLC-RRM-TLOCNE-TECH,23
FIM-TLC-RSS-TLOCEP,104.88
FIM-TLC-RSS-TLOCEP,93.15
FIM-TLC-RSS-TLOCEP,63.48
FIM-TLC-RSS-TLOCEP,54.51
FIM-TLC-RSS-TLOCEP-TECH,69
FIM-TLC-RRM-TRLCEP-TECH,11.54
FIM-TLC-RSS-TLOCPS,269.04
FIM-TLC-RSS-TLOCPS,238.95
FIM-TLC-RSS-TLOCPS,162.84
FIM-TLC-RSS-TLOCPS,139.83
FIM-TLC-RSS-TLOCPS-TECH,177
FIM-TLC-RRM-TRLCPS-TECH,34.96
FIM-TLC-RSS-TLOCVE,278.16
FIM-TLC-RSS-TLOCVE,247.05
FIM-TLC-RSS-TLOCVE,168.36
FIM-TLC-RSS-TLOCVE,144.57
FIM-TLC-RSS-TLOCVE-TECH,183
FIM-TLC-RRM-TRLCVE-TECH,68
FIM-TLC-RSS-TLCFMS,6589.2
FIM-TLC-RSS-TLCFMS,5852.25
FIM-TLC-RSS-TLCFMS,3988.2
FIM-TLC-RSS-TLCFMS,3424.65
FIM-TLC-RRM-TLCFMR-TECH,1609
FIM-TLC-RSS-TLCMS,104.88
FIM-TLC-RSS-TLCMS,93.15
FIM-TLC-RSS-TLCMS,63.48
FIM-TLC-RSS-TLCMS,54.51
FIM-TLC-RSS-TLCMS-TECH,69
FIM-TLC-RSS-TLOCER,269.04
FIM-TLC-RSS-TLOCER,238.95
FIM-TLC-RSS-TLOCER,162.84
FIM-TLC-RSS-TLOCER,139.83
FIM-TLC-RSS-TLOCER-TECH,177
FIM-TLC-RRM-TRLCER-TECH,6.7
FIM-FIM-RSP-TRE,577600
FIM-FIM-RSP-TRE,513000
FIM-FIM-RSP-TRE,349600
FIM-FIM-RSP-TRE,300200
FIM-FIM-RSS-TSAES,34.96
FIM-FIM-RSS-TSAES,31.05
FIM-FIM-RSS-TSAES,21.16
FIM-FIM-RSS-TSAES,18.17
ES-SEG-RSS-TCSESU,89.68
ES-SEG-RSS-TCSESU,79.65
ES-SEG-RSS-TCSESU,54.28
ES-SEG-RSS-TCSESU,46.61
ES-SEG-RSS-TCSESU-TECH,59
ES-SEG-NRPS-VDCSCE,6817.2
ES-SEG-NRPS-VDCSCE,6054.75
ES-SEG-NRPS-VDCSCE,4126.2
ES-SEG-NRPS-VDCSCE,3543.15
ES-SEG-NRPS-VDCSCE-TECH,4485
FIM-FIM-RSS-VEMEVS,30400
FIM-FIM-RSS-VEMEVS,27000
FIM-FIM-RSS-VEMEVS,18400
FIM-FIM-RSS-VEMEVS,15800
FIM-FIM-RSS-VEMEES,4552.4
FIM-FIM-RSS-VEMEES,4043.25
FIM-FIM-RSS-VEMEES,2755.4
FIM-FIM-RSS-VEMEES,2366.05
GS-GSE-RSS-AAMYS,188.48
GS-GSE-RSS-AAMYS,167.4
GS-GSE-RSS-AAMYS,114.08
GS-GSE-RSS-AAMYS,97.96
GS-GSE-RSS-AAMYS-TECH,167.4
GS-GSE-RSS-ASMS,8649.41
GS-GSE-RSS-ASMS,7682.04
GS-GSE-RSS-ASMS,5235.17
GS-GSE-RSS-ASMS,4495.42
GS-GSE-RSS-AWEYS,69.92
GS-GSE-RSS-AWEYS,62.1
GS-GSE-RSS-AWEYS,42.32
GS-GSE-RSS-AWEYS,36.34
GS-GSE-RSS-AWEYS-TECH,36.34
GS-EFA-RSSH-ARCUS,4560
GS-EFA-RSSH-ARCUS,4050
GS-EFA-RSSH-ARCUS,2760
GS-EFA-RSSH-ARCUS,2370
GS-EFA-RSSH-ARCUS-TECH,4050
GS-GSE-RSS-ACSYEA,11586.96
GS-GSE-RSS-ACSYEA,10291.05
GS-GSE-RSS-ACSYEA,7013.16
GS-GSE-RSS-ACSYEA,6022.17
GS-GSE-RSS-ARYS,2527.76
GS-GSE-RSS-ARYS,2245.05
GS-GSE-RSS-ARYS,1529.96
GS-GSE-RSS-ARYS,1313.77
GS-GSE-RRM-CDPA-TECH,264
GS-GSE-RSS-CCAYS,2106.72
GS-GSE-RSS-CCAYS,1871.1
GS-GSE-RSS-CCAYS,1275.12
GS-GSE-RSS-CCAYS,1094.94
GS-GSE-RSS-CCMCS,2243.52
GS-GSE-RSS-CCMCS,1992.6
GS-GSE-RSS-CCMCS,1357.92
GS-GSE-RSS-CCMCS,1166.04
GS-GSE-RSS-DMZ,13721.95
GS-GSE-RSS-DMZ,12187.26
GS-GSE-RSS-DMZ,8305.39
GS-GSE-RSS-DMZ,7131.8
GS-GSE-RSS-DG3S,6181.54
GS-GSE-RSS-DG3S,5490.18
GS-GSE-RSS-DG3S,3741.46
GS-GSE-RSS-DG3S,3212.77
GS-GSE-RSS-E8ES,25639.97
GS-GSE-RSS-E8ES,22772.34
GS-GSE-RSS-E8ES,15518.93
GS-GSE-RSS-E8ES,13326.04
GS-GSE-RSS-EFES,1457.38
GS-GSE-RSS-EFES,1294.38
GS-GSE-RSS-EFES,882.1
GS-GSE-RSS-EFES,757.45
GS-GSE-RRM-EAAM-TECH,1208
GS-GSE-RSS-EAWS,7868.74
GS-GSE-RSS-EAWS,6988.68
GS-GSE-RSS-EAWS,4762.66
GS-GSE-RSS-EAWS,4089.67
GS-EFA-RSL-EAS,4558.48
GS-EFA-RSL-EAS,4048.65
GS-EFA-RSL-EAS,2759.08
GS-EFA-RSL-EAS,2369.21
GS-GSE-RSS-EAMS,8992.32
GS-GSE-RSS-EAMS,7986.6
GS-GSE-RSS-EAMS,5442.72
GS-GSE-RSS-EAMS,4673.64
HRM-HRM-RSL-SAPUBSMS-TECH,6000
HRM-HRM-RSL-SAPCBWPS,3040
HRM-HRM-RSL-SAPCBWPS,2700
HRM-HRM-RSL-SAPCBWPS,1840
HRM-HRM-RSL-SAPCBWPS,1580
HRM-HRM-RSL-SAPCBWPS-TECH,2000
HRM-HRM-RSL-ATT,1900
HRM-HRM-RSL-ATT,1687.5
HRM-HRM-RSL-ATT,1150
HRM-HRM-RSL-ATT,987.5
HRM-HRM-RSL-ATT-TECH,1150
HRM-HRM-RSL-CLSAAS,3313.6
HRM-HRM-RSL-CLSAAS,2943
HRM-HRM-RSL-CLSAAS,2005.6
HRM-HRM-RSL-CLSAAS,1722.2
HRM-HRM-RSL-CLSAAS-TECH,2943
HRM-HRM-RSL-CLSACH,1822.18
HRM-HRM-RSL-CLSACH,1618.38
HRM-HRM-RSL-CLSACH,1102.9
HRM-HRM-RSL-CLSACH,947.05
HRM-HRM-RSL-CLSACH-TECH,1102.9
HRM-HRM-RSL-CCHOPS,760
HRM-HRM-RSL-CCHOPS,675
HRM-HRM-RSL-CCHOPS,460
HRM-HRM-RSL-CCHOPS,395
HRM-HRM-RSL-CCHOPS-TECH,500
HRM-HRM-RSL-HIPAAH,3040
HRM-HRM-RSL-HIPAAH,2700
HRM-HRM-RSL-HIPAAH,1840
HRM-HRM-RSL-HIPAAH,1580
HRM-HRM-RSL-HIPAAH-TECH,2000
HRM-HRM-RSP-HMSATS,684
HRM-HRM-RSP-HMSATS,607.5
HRM-HRM-RSP-HMSATS,414
HRM-HRM-RSP-HMSATS,355.5
HRM-HRM-RSP-HMSATS-TECH,450
HRM-HRM-RSP-HMSPCS,1140
HRM-HRM-RSP-HMSPCS,1012.5
HRM-HRM-RSP-HMSPCS,690
HRM-HRM-RSP-HMSPCS,592.5
HRM-HRM-RSP-HMSPCS-TECH,1012.5
HRM-HRM-RSP-HMSQS,684
HRM-HRM-RSP-HMSQS,607.5
HRM-HRM-RSP-HMSQS,414
HRM-HRM-RSP-HMSQS,355.5
HRM-HRM-RSP-HMSQS-TECH,450
HRM-HRM-RSP-HMSSCS,1710
HRM-HRM-RSP-HMSSCS,1518.75
HRM-HRM-RSP-HMSSCS,1035
HRM-HRM-RSP-HMSSCS,888.75
HRM-HRM-RSP-HMSSCS-TECH,1125
HRM-HRM-RSP-HMSSCSUS,1.5
HRM-HRM-RSP-HMSSCSUS,1.34
HRM-HRM-RSP-HMSSCSUS,0.91
HRM-HRM-RSP-HMSSCSUS,0.78
HRM-HRM-RSP-HMSSCSUS-TECH,0.99
HRM-HRM-RSP-HMSVCCS,1710
HRM-HRM-RSP-HMSVCCS,1518.75
HRM-HRM-RSP-HMSVCCS,1035
HRM-HRM-RSP-HMSVCCS,888.75
HRM-HRM-RSP-HMSVCCS-TECH,1125
HRM-HRM-RSP-HMSVCSUS,1.5
HRM-HRM-RSP-HMSVCSUS,1.34
HRM-HRM-RSP-HMSVCSUS,0.91
HRM-HRM-RSP-HMSVCSUS,0.78
HRM-HRM-RSP-HMSVCSUS-TECH,0.99
HRM-HRM-RSP-HRMGMT,34200
HRM-HRM-RSP-HRMGMT,30375
HRM-HRM-RSP-HRMGMT,20700
HRM-HRM-RSP-HRMGMT,17775
HRM-HRM-RSP-HRMGMT-TECH,22500
HRM-HRM-RRM-HRMRM-TECH,0.16
GS-GSE-RSS-EARS,2469.7
GS-GSE-RSS-EARS,2193.48
GS-GSE-RSS-EARS,1494.82
GS-GSE-RSS-EARS,1283.59
GS-GSE-RSS-EBPS,4180
GS-GSE-RSS-EBPS,3712.5
GS-GSE-RSS-EBPS,2530
GS-GSE-RSS-EBPS,2172.5
GS-GSE-RSS-EBPS-TECH,2172.5
GS-GSE-RSS-EBAS,8360
GS-GSE-RSS-EBAS,7425
GS-GSE-RSS-EBAS,5060
GS-GSE-RSS-EBAS,4345
GS-GSE-RSS-EBAS-TECH,8360
GS-GSE-RSS-EEAS,1006.85
GS-GSE-RSS-EEAS,894.24
GS-GSE-RSS-EEAS,609.41
GS-GSE-RSS-EEAS,523.3
GS-GSE-RSS-EEDS,2637.5
GS-GSE-RSS-EEDS,2342.52
GS-GSE-RSS-EEDS,1596.38
GS-GSE-RSS-EEDS,1370.81
IPP-IPP-RRM-IPPREN-TECH,0.18
HRM-HRM-RSL-OPENAS,3040
HRM-HRM-RSL-OPENAS,2700
HRM-HRM-RSL-OPENAS,1840
HRM-HRM-RSL-OPENAS,1580
HRM-HRM-RSL-OPENAS-TECH,2000
HRM-HRM-RSL-PE:PSS,1520
HRM-HRM-RSL-PE:PSS,1350
HRM-HRM-RSL-PE:PSS,920
HRM-HRM-RSL-PE:PSS,790
HRM-HRM-RSL-PE:PSS-TECH,1520
HRM-HRM-RSL-PCIDSS,3040
HRM-HRM-RSL-PCIDSS,2700
HRM-HRM-RSL-PCIDSS,1840
HRM-HRM-RSL-PCIDSS,1580
HRM-HRM-RSL-PCIDSS-TECH,2000
HRM-HRM-RSL-PIIPS,3040
HRM-HRM-RSL-PIIPS,2700
HRM-HRM-RSL-PIIPS,1840
HRM-HRM-RSL-PIIPS,1580
HRM-HRM-RSL-PIIPS-TECH,2000
HRM-HRM-RSL-PRIVAC,3040
HRM-HRM-RSL-PRIVAC,2700
HRM-HRM-RSL-PRIVAC,1840
HRM-HRM-RSL-PRIVAC,1580
HRM-HRM-RSL-PRIVAC-TECH,2000
HRM-HRM-RSL-PHIPS,3648
HRM-HRM-RSL-PHIPS,3240
HRM-HRM-RSL-PHIPS,2208
HRM-HRM-RSL-PHIPS,1896
HRM-HRM-RSL-PHIPS-TECH,2400
HRM-HRM-RSP-SEAD,4864
HRM-HRM-RSP-SEAD,4320
HRM-HRM-RSP-SEAD,2944
HRM-HRM-RSP-SEAD,2528
HRM-HRM-RSL-SALCBS,3648
HRM-HRM-RSL-SALCBS,3240
HRM-HRM-RSL-SALCBS,2208
HRM-HRM-RSL-SALCBS,1896
HRM-HRM-RSL-SALCBS-TECH,2400
HRM-HRM-RSL-SALSBS,4560
HRM-HRM-RSL-SALSBS,4050
HRM-HRM-RSL-SALSBS,2760
HRM-HRM-RSL-SALSBS,2370
HRM-HRM-RSL-SALSBS-TECH,3000
HRM-HRM-RSL-SALUBS,7600
HRM-HRM-RSL-SALUBS,6750
HRM-HRM-RSL-SALUBS,4600
HRM-HRM-RSL-SALUBS,3950
HRM-HRM-RSL-SALUBS-TECH,5000
HRM-HRM-RSL-SAPCBSMS,4560
HRM-HRM-RSL-SAPCBSMS,4050
HRM-HRM-RSL-SAPCBSMS,2760
HRM-HRM-RSL-SAPCBSMS,2370
HRM-HRM-RSL-SAPCBSMS-TECH,3000
HRM-HRM-RSL-SAPSBSMS,6080
HRM-HRM-RSL-SAPSBSMS,5400
HRM-HRM-RSL-SAPSBSMS,3680
HRM-HRM-RSL-SAPSBSMS,3160
HRM-HRM-RSL-SAPSBSMS-TECH,6080
HRM-HRM-RSL-SAPUBSMS,9120
HRM-HRM-RSL-SAPUBSMS,8100
HRM-HRM-RSL-SAPUBSMS,5520
HRM-HRM-RSL-SAPUBSMS,4740
GS-GSE-RSS-EEOS,1006.85
GS-GSE-RSS-EEOS,894.24
GS-GSE-RSS-EEOS,609.41
GS-GSE-RSS-EEOS,523.3
GS-GSE-RSS-EFTES,1119.94
GS-GSE-RSS-EFTES,994.68
GS-GSE-RSS-EFTES,677.86
GS-GSE-RSS-EFTES,582.07
GS-GSE-RSS-EEWS,1681.73
GS-GSE-RSS-EEWS,1493.64
GS-GSE-RSS-EEWS,1017.89
GS-GSE-RSS-EEWS,874.06
GS-GSE-RSS-EFTS,4494.34
GS-GSE-RSS-EFTS,3991.68
GS-GSE-RSS-EFTS,2720.26
GS-GSE-RSS-EFTS,2335.87
HRM-HRM-RSL-TRAIPL,3040
HRM-HRM-RSL-TRAIPL,2700
HRM-HRM-RSL-TRAIPL,1840
HRM-HRM-RSL-TRAIPL,1580
HRM-HRM-RSL-TRAIPL-TECH,3040
HRM-HRM-RSL-VOLVSA,1900
HRM-HRM-RSL-VOLVSA,1687.5
HRM-HRM-RSL-VOLVSA,1150
HRM-HRM-RSL-VOLVSA,987.5
HRM-HRM-RSL-VOLVSA-TECH,987.5
GS-GSE-RSS-EFMS,3745.28
GS-GSE-RSS-EFMS,3326.4
GS-GSE-RSS-EFMS,2266.88
GS-GSE-RSS-EFMS,1946.56
GS-GSE-RSS-EHSS,1006.85
GS-GSE-RSS-EHSS,894.24
GS-GSE-RSS-EHSS,609.41
GS-GSE-RSS-EHSS,523.3
GS-GSE-RSS-EOPS,2469.7
GS-GSE-RSS-EOPS,2193.48
GS-GSE-RSS-EOPS,1494.82
GS-GSE-RSS-EOPS,1283.59
GS-GSE-RSS-ERAS,3360.72
GS-GSE-RSS-ERAS,2984.85
GS-GSE-RSS-ERAS,2034.12
GS-GSE-RSS-ERAS,1746.69
GS-GSE-RSS-ERAS-TECH,2211
GS-GSE-RSS-ESSS,1006.85
GS-GSE-RSS-ESSS,894.24
GS-GSE-RSS-ESSS,609.41
GS-GSE-RSS-ESSS,523.3
GS-GSE-RRM-EFSMB-TECH,501.6
GS-GSE-RSS-ETES,3745.28
GS-GSE-RSS-ETES,3326.4
GS-GSE-RSS-ETES,2266.88
GS-GSE-RSS-ETES,1946.56
GS-GSE-RSS-EWS,6181.54
GS-GSE-RSS-EWS,5490.18
GS-GSE-RSS-EWS,3741.46
GS-GSE-RSS-EWS,3212.77
OS-COS-NRPS-COBSTR,31160
OS-COS-NRPS-COBSTR,27675
OS-COS-NRPS-COBSTR,18860
OS-COS-NRPS-COBSTR,16195
GS-GSE-RSS-EAYS,2318
GS-GSE-RSS-EAYS,2058.75
GS-GSE-RSS-EAYS,1403
GS-GSE-RSS-EAYS,1204.75
OS-COS-RSS-COBASU,8968
OS-COS-RSS-COBASU,7965
OS-COS-RSS-COBASU,5428
OS-COS-RSS-COBASU,4661
OS-COS-NRPS-COBSTR-TECH,20500
OS-COS-RNM-CSNM-TECH,18860
OS-COS-RRM-CSRM-TECH,18860
OS-CI-RSS-CIS,560.88
OS-CI-RSS-CIS,498.15
OS-CI-RSS-CIS,339.48
OS-CI-RSS-CIS,291.51
OS-CI-RSS-CIS-TECH,560.88
OS-COS-NRST-CIICS,1292
OS-COS-NRST-CIICS,1147.5
OS-COS-NRST-CIICS,782
OS-COS-NRST-CIICS,671.5
OS-COS-NRST-CIICS-TECH,1292
OS-COS-NRST-CIC1S,912
OS-COS-NRST-CIC1S,810
OS-COS-NRST-CIC1S,552
OS-COS-NRST-CIC1S,474
OS-COS-NRST-CIC1S-TECH,600
OS-COS-NRST-CIC2S,532
OS-COS-NRST-CIC2S,472.5
OS-COS-NRST-CIC2S,322
OS-COS-NRST-CIC2S,276.5
OS-COS-NRST-CIC2S-TECH,350
NW-AA-RSS-FLOWSU,11400
NW-AA-RSS-FLOWSU,10125
NW-AA-RSS-FLOWSU,6900
NW-AA-RSS-FLOWSU,5925
NW-INT-RSS-ISS,741.76
NW-INT-RSS-ISS,658.8
NW-INT-RSS-ISS,448.96
NW-INT-RSS-ISS,385.52
GOA-GAM-RSS-GACSBGS,15424.96
GOA-GAM-RSS-GACSBGS,13699.8
GOA-GAM-RSS-GACSBGS,9336.16
GOA-GAM-RSS-GACSBGS,8016.92
GOA-GAM-RSS-GACSBGS-TECH,10148
GOA-FIL-RRM-FCRM-TECH,0.3
GOA-FIL-RSS-FCCS,4389.76
GOA-FIL-RSS-FCCS,3898.8
GOA-FIL-RSS-FCCS,2656.96
GOA-FIL-RSS-FCCS,2281.52
NW-INT-NRPS-ISP,4873.12
NW-INT-NRPS-ISP,4328.1
NW-INT-NRPS-ISP,2949.52
NW-INT-NRPS-ISP,2532.74
NW-INT-RSS-ISLS,393.68
NW-INT-RSS-ISLS,349.65
NW-INT-RSS-ISLS,238.28
NW-INT-RSS-ISLS,204.61
NW-INT-RSS-ISLS-TECH,259
NW-INT-NRPS-ISP-TECH,3206
NW-INT-RSS-ISBS,2349.92
GOA-FIL-RSS-FCCCS,4389.76
GOA-FIL-RSS-FCCCS,3898.8
GOA-FIL-RSS-FCCCS,2656.96
GOA-FIL-RSS-FCCCS,2281.52
GOA-FIL-RSS-FCDKS,4389.76
GOA-FIL-RSS-FCDKS,3898.8
GOA-FIL-RSS-FCDKS,2656.96
GOA-FIL-RSS-FCDKS,2281.52
GOA-FIL-RSS-FCDKS-TECH,4389.76
NW-INT-RSS-ISBS,2087.1
NW-INT-RSS-ISBS,1422.32
NW-INT-RSS-ISBS,1221.34
NW-INT-RSS-ISBS-TECH,1546
NW-INT-NRPS-INTERM,456
NW-INT-NRPS-INTERM,405
NW-INT-NRPS-INTERM,276
NW-INT-NRPS-INTERM,237
OS-CI-RRM-OFFERE-TECH,0.2
OS-CI-RRM-OFFERE,0.18
OS-CI-RRM-OFFERE,0.16
OS-OFS-RSL-OSTOS,14440
OS-OFS-RSL-OSTOS,12825
OS-OFS-RSL-OSTOS,8740
OS-OFS-RSL-OSTOS,7505
NW-IRA-RSS-RAIS,449.92
NW-IRA-RSS-RAIS,399.6
NW-IRA-RSS-RAIS,272.32
NW-IRA-RSS-RAIS,233.84
NW-INT-RSS-RAPS,500.08
NW-INT-RSS-RAPS,444.15
NW-INT-RSS-RAPS,302.68
NW-INT-RSS-RAPS,259.91
NW-INT-RSS-RAPS-TECH,329
NW-INT-RSS-RASFS,1380.16
NW-INT-RSS-RASFS,1225.8
NW-INT-RSS-RASFS,835.36
NW-INT-RSS-RASFS,717.32
NW-INT-RSS-RASFS-TECH,908
GOA-FIL-RSS-FCHAS,1369.07
GOA-FIL-RSS-FCHAS-TECH,1369.07
GOA-FIL-RSS-FCLBS,4389.76
GOA-FIL-RSS-FCLBS,3898.8
GOA-FIL-RSS-FCLBS,2656.96
GOA-FIL-RSS-FCLBS,2281.52
GOA-FIL-RSS-FCLBS-TECH,2888
GOA-FIL-RSS-FCRPS,4389.76
GOA-FIL-RSS-FCRPS,3898.8
GOA-FIL-RSS-FCRPS,2656.96
GOA-FIL-RSS-FCRPS,2281.52
GOA-FIL-RSS-FCRPS-TECH,2888
GOA-FIL-RSS-FCTS,2634.16
GOA-FIL-RSS-FCTS,2339.55
GOA-FIL-RSS-FCTS,1594.36
GOA-FIL-RSS-FCTS,1369.07
GOA-FIL-RSS-FCTS-TECH,1733
RPA-AUT-RSP-AICEXP,18240
RPA-AUT-RSP-AICEXP,16200
RPA-AUT-RSP-AICEXP,11040
RPA-AUT-RSP-AICEXP,9480
GOA-FIL-RSS-FCWS,9196
GOA-FIL-RSS-FCWS,8167.5
GOA-FIL-RSS-FCWS,5566
GOA-FIL-RSS-FCWS,4779.5
GOA-FIL-RSS-FCWS-TECH,6050
GOA-FIL-RSS-FCWAS,8360
GOA-FIL-RSS-FCWAS,7425
GOA-FIL-RSS-FCWAS,5060
GOA-FIL-RSS-FCWAS,4345
GOA-FIL-RRM-FCRM,0.27
GOA-FIL-RRM-FCRM,0.18
GOA-FIL-RRM-FCRM,0.16
RPA-AUD-RSS-ADS,5472
RPA-AUD-RSS-ADS,4860
RPA-AUD-RSS-ADS,3312
RPA-AUD-RSS-ADS,2844
RPA-AUT-RSS-AUES,5852
RPA-AUT-RSS-AUES,5197.5
RPA-AUT-RSS-AUES,3542
RPA-AUT-RSS-AUES,3041.5
RPA-AUT-RSS-AUAS,1249.44
RPA-AUT-RSS-AUAS,1109.7
RPA-AUT-RSS-AUAS,756.24
RPA-AUT-RSS-AUAS,649.38
RPA-AUT-RSS-AEDTS,1254
RPA-AUT-RSS-AEDTS,1113.75
RPA-AUT-RSS-AEDTS,759
RPA-AUT-RSS-AEDTS,651.75
RPA-AUT-RSP-AUEX,18240
RPA-AUT-RSP-AUEX,16200
RPA-AUT-RSP-AUEX,11040
RPA-AUT-RSP-AUEX,9480
RPA-AUD-RSS-AFTPES,1520
RPA-AUD-RSS-AFTPES,1350
RPA-AUD-RSS-AFTPES,920
RPA-AUD-RSS-AFTPES,790
GS-GSE-RSS-FOLDYE,2318
GS-GSE-RSS-FOLDYE,2058.75
GS-GSE-RSS-FOLDYE,1403
GS-GSE-RSS-FOLDYE,1204.75
GS-GSE-RSS-FTPSYE,2299
GS-GSE-RSS-FTPSYE,2041.88
GS-GSE-RSS-FTPSYE,1391.5
GS-GSE-RSS-FTPSYE,1194.88
GOA-GAM-RSS-GAAFTS,7022.4
GOA-GAM-RSS-GAAFTS,6237
GOA-GAM-RSS-GAAFTS,4250.4
GOA-GAM-RSS-GAAFTS,3649.8
RPA-AUD-RSS-AFTPES-TECH,1000
RPA-AUD-RSS-AFPS,2921.44
RPA-AUD-RSS-AFPS,2594.7
RPA-AUD-RSS-AFPS,1768.24
RPA-AUD-RSS-AFPS,1518.38
RPA-AUD-RSS-AFPS-TECH,1922
RPA-AIC-RSS-AICS,32604
RPA-AIC-RSS-AICS,28957.5
RPA-AIC-RSS-AICS,19734
RPA-AIC-RSS-AICS,16945.5
RPA-AUT-RRM-AMAORM-TECH,1350
RPA-AUT-RRM-AMAORM,920
RPA-AUT-RRM-AMAORM,790
GOA-GAM-RSS-GAAWS,8355.82
GOA-GAM-RSS-GAAWS,7421.29
GOA-GAM-RSS-GAAWS,5057.47
GOA-GAM-RSS-GAAWS,4342.83
GOA-GAM-RSS-GAAWRS,19228
GOA-GAM-RSS-GAAWRS,17077.5
GOA-GAM-RSS-GAAWRS,11638
GOA-GAM-RSS-GAAWRS,9993.5
GOA-GAM-RSS-GAAWRS-TECH,12650
GOA-GAM-RSS-GOAS,310.99
GOA-GAM-RSS-GOAS,276.21
GOA-GAM-RSS-GOAS,188.23
GOA-GAM-RSS-GOAS,161.63
RPA-AUT-RSS-AUPL,10450
RPA-AUT-RSS-AUPL,9281.25
RPA-AUT-RSS-AUPL,6325
RPA-AUT-RSS-AUPL,5431.25
RPA-AUT-RSS-APMDP,88160
RPA-AUT-RSS-APMDP,78300
RPA-AUT-RSS-APMDP,53360
RPA-AUT-RSS-APMDP,45820
RPA-AUT-RSS-APMDP-TECH,88160
RPA-AUD-RSS-AUPS,3648
RPA-AUD-RSS-AUPS,3240
RPA-AUD-RSS-AUPS,2208
RPA-AUD-RSS-AUPS,1896
RPA-AUD-RSS-AUPS-TECH,2400
RPA-AUD-RSS-APAPS,1003.2
RPA-AUD-RSS-APAPS,891
RPA-AUD-RSS-APAPS,607.2
RPA-AUD-RSS-APAPS,521.4
RPA-AUT-RRM-ASRM-TECH,275
RPA-AUT-RSS-AUUS,228000
RPA-AUT-RSS-AUUS,202500
RPA-AUT-RSS-AUUS,138000
RPA-AUT-RSS-AUUS,118500
GOA-GAM-RSS-GABAS,831.82
GOA-GAM-RSS-GABAS,738.79
GOA-GAM-RSS-GABAS,503.47
GOA-GAM-RSS-GABAS,432.33
GOA-GAM-RSS-GABAMS,10450
GOA-GAM-RSS-GABAMS,9281.25
GOA-GAM-RSS-GABAMS,6325
GOA-GAM-RSS-GABAMS,5431.25
GOA-GAM-RSS-GACCPS,3762
GOA-GAM-RSS-GACCPS,3341.25
GOA-GAM-RSS-GACCPS,2277
GOA-GAM-RSS-GACCPS,1955.25
GOA-GAM-RSS-GACCSS,2508
GOA-GAM-RSS-GACCSS,2227.5
GOA-GAM-RSS-GACCSS,1518
GOA-GAM-RSS-GACCSS,1303.5
GOA-GAM-RSS-GACS,5852
GOA-GAM-RSS-GACS,5197.5
GOA-GAM-RSS-GACS,3542
GOA-GAM-RSS-GACS,3041.5
GOA-GAM-RSS-GACS-TECH,5852
GOA-GAM-RSS-GACBS,11562.64
GOA-GAM-RSS-GACBS,10269.45
GOA-GAM-RSS-GACBS,6998.44
GOA-GAM-RSS-GACBS,6009.53
PIA-PIA-RSS-PIAS,297.92
PIA-PIA-RSS-PIAS,264.6
PIA-PIA-RSS-PIAS,180.32
PIA-PIA-RSS-PIAS,154.84
GOA-GAM-RSS-GACBS-TECH,11562.64
GOA-GAM-RSS-GACBGS,16361.28
GOA-GAM-RSS-GACBGS,14531.4
GOA-GAM-RSS-GACBGS,9902.88
GOA-GAM-RSS-GACBGS,8503.56
GOA-GAM-RSS-GACBGS-TECH,10764
GOA-GAM-RSS-GACSBS,10158.16
GOA-GAM-RSS-GACSBS,9022.05
GOA-GAM-RSS-GACSBS,6148.36
GOA-GAM-RSS-GACSBS,5279.57
GOA-GAM-RSS-GACSBS-TECH,6683
VM-DDL-NRSU-2X7X3M,22800
VM-DDL-NRSU-2X7X3M,20250
VM-DDL-NRSU-2X7X3M,13800
VM-DDL-NRSU-2X7X3M,11850
VM-DDL-NRSU-2X7X3M-TECH,15000
VM-DDL-RSL-ACTITH,13.68
VM-DDL-RSL-ACTITH,12.15
VM-DDL-RSL-ACTITH,8.28
VM-DDL-RSL-ACTITH,7.11
VM-DDL-RSL-ACTITH-TECH,9
SM-AJS-RSS-AJSS,2383.36
SM-AJS-RSS-AJSS,2116.8
SM-AJS-RSS-AJSS,1442.56
SM-AJS-RSS-AJSS,1238.72
SM-ARS-RSS-ARSS,22.8
SM-ARS-RSS-ARSS,20.25
SM-ARS-RSS-ARSS,13.8
SM-ARS-RSS-ARSS,11.85
SM-ARS-RSS-ARSS-TECH,15
SM-ARS-RSS-ARSLS,62.32
SM-ARS-RSS-ARSLS,55.35
SM-ARS-RSS-ARSLS,37.72
SM-ARS-RSS-ARSLS,32.39
SM-ARS-RSS-ARSLS-TECH,62.32
SM-NSS-RSS-AIXOPS,188.48
SM-NSS-RSS-AIXOPS,167.4
SM-NSS-RSS-AIXOPS,114.08
SM-NSS-RSS-AIXOPS,97.96
SM-NSS-RSS-AIXOPS-TECH,124
GOA-GAM-RSS-GAEX12S,4389.76
GOA-GAM-RSS-GAEX12S,3898.8
GOA-GAM-RSS-GAEX12S,2656.96
GOA-GAM-RSS-GAEX12S,2281.52
GOA-GAM-RSS-GAEX12S-TECH,2888
GOA-GAM-RSS-GAEBS,184134.32
GOA-GAM-RSS-GAEBS,163540.35
GOA-GAM-RSS-GAEBS,111449.72
GOA-GAM-RSS-GAEBS,95701.39
GOA-GAM-RSS-GAEBS-TECH,121141
GOA-GAM-RSP-GAES,18240
GOA-GAM-RSP-GAES,16200
GOA-GAM-RSP-GAES,11040
GOA-GAM-RSP-GAES,9480
GOA-GAM-RSS-GAFSS,2926
GOA-GAM-RSS-GAFSS,2598.75
GOA-GAM-RSS-GAFSS,1771
GOA-GAM-RSS-GAFSS,1520.75
GOA-GAM-RSS-GAGS,3339.82
GOA-GAM-RSS-GAGS,2966.29
GOA-GAM-RSS-GAGS,2021.47
GOA-GAM-RSS-GAGS,1735.83
SM-AI-RSS-ALERSU,9120
SM-AI-RSS-ALERSU,8100
SM-AI-RSS-ALERSU,5520
SM-AI-RSS-ALERSU,4740
SM-VIT-RSS-ABPS,4180
SM-VIT-RSS-ABPS,3712.5
SM-VIT-RSS-ABPS,2530
SM-VIT-RSS-ABPS,2172.5
SM-VIT-RSS-ABPS-TECH,2750
SM-VIT-RSS-ABAS,208.24
SM-VIT-RSS-ABAS,184.95
SM-VIT-RSS-ABAS,126.04
SM-VIT-RSS-ABAS,108.23
SM-VIT-RSS-ABAS-TECH,137
SM-VIT-RSS-ABCS,418
SM-VIT-RSS-ABCS,371.25
SM-VIT-RSS-ABCS,253
SM-VIT-RSS-ABCS,217.25
SM-VIT-RSS-ABCS-TECH,275
SM-VIT-RSS-ALPS,212.8
SM-VIT-RSS-ALPS,189
SM-VIT-RSS-ALPS,128.8
SM-VIT-RSS-ALPS,110.6
SM-VIT-RSS-ALPS-TECH,110.6
SM-VIT-RSS-ABSIS,836
SM-VIT-RSS-ABSIS,742.5
SM-VIT-RSS-ABSIS,506
SM-VIT-RSS-ABSIS,434.5
SM-VIT-RSS-ABSIS-TECH,550
SM-VIT-RSS-ACPS,418
SM-VIT-RSS-ACPS,371.25
SM-VIT-RSS-ACPS,253
SM-VIT-RSS-ACPS,217.25
GOA-GAM-RSS-GAGLBS,5852
GOA-GAM-RSS-GAGLBS,5197.5
GOA-GAM-RSS-GAGLBS,3542
GOA-GAM-RSS-GAGLBS,3041.5
GOA-GAM-RSS-GAGLBS-TECH,3850
GOA-GAM-RSS-GOBS,836
GOA-GAM-RSS-GOBS,742.5
GOA-GAM-RSS-GOBS,506
GOA-GAM-RSS-GOBS,434.5
GOA-GAM-RSS-GAGFSS,6583.12
GOA-GAM-RSS-GAGFSS,5846.85
GOA-GAM-RSS-GAGFSS,3984.52
GOA-GAM-RSS-GAGFSS,3421.49
GOA-GMA-RSSH-GAMSAB,0.3
GOA-GMA-RSSH-GAMSAB,0.27
GOA-GMA-RSSH-GAMSAB,0.18
GOA-GMA-RSSH-GAMSAB,0.16
GOA-GMA-RSSH-GAMSAD,0.91
GOA-GMA-RSSH-GAMSAD,0.81
GOA-GMA-RSSH-GAMSAD,0.55
GOA-GMA-RSSH-GAMSAD,0.47
GOA-GMA-RSSH-GAMSAD-TECH,0.55
GOA-GMA-RSSH-GAMSAS,3952
GOA-GMA-RSSH-GAMSAS,3510
GOA-GMA-RSSH-GAMSAS,2392
GOA-GMA-RSSH-GAMSAS,2054
GOA-GMA-RSSH-GAMSAI,6080
GOA-GMA-RSSH-GAMSAI,5400
GOA-GMA-RSSH-GAMSAI,3680
GOA-GMA-RSSH-GAMSAI,3160
GOA-GMA-RSL-GAMSHC,6156
GOA-GMA-RSL-GAMSHC,5467.5
GOA-GMA-RSL-GAMSHC,3726
GOA-GMA-RSL-GAMSHC,3199.5
GOA-GMA-RSSH-GAMHAIO,6080
GOA-GMA-RSSH-GAMHAIO,5400
GOA-GMA-RSSH-GAMHAIO,3680
GOA-GMA-RSSH-GAMHAIO,3160
GOA-GMA-RSSH-GAMHALO,8360
GOA-GMA-RSSH-GAMHALO,7425
GOA-GMA-RSSH-GAMHALO,5060
GOA-GMA-RSSH-GAMHALO,4345
GOA-GMA-RSSH-GAMHALO-TECH,5500
GOA-GMA-RSSH-GAMHAIO-TECH,3680
GOA-GMA-RSSH-GAMHAIT,13680
GOA-GMA-RSSH-GAMHAIT,12150
GOA-GMA-RSSH-GAMHAIT,8280
GOA-GMA-RSSH-GAMHAIT,7110
GOA-GMA-RSSH-GAMHALT,16720
GOA-GMA-RSSH-GAMHALT,14850
GOA-GMA-RSSH-GAMHALT,10120
GOA-GMA-RSSH-GAMHALT,8690
GOA-GMA-RSSH-GAMHALT-TECH,11000
GOA-GMA-RSSH-GAMHAIT-TECH,9000
GOA-GMA-RSSH-GAMHAIH,22800
GOA-GMA-RSSH-GAMHAIH,20250
GOA-GMA-RSSH-GAMHAIH,13800
GOA-GMA-RSSH-GAMHAIH,11850
GOA-GMA-RSSH-GAMHALH,27360
GOA-GMA-RSSH-GAMHALH,24300
GOA-GMA-RSSH-GAMHALH,16560
GOA-GMA-RSSH-GAMHALH,14220
GOA-GMA-RSSH-GAMHALH-TECH,18000
GOA-GMA-RSSH-GAMHAIH-TECH,22800
GOA-GMA-RSSH-GAMSII,3800
GOA-GMA-RSSH-GAMSII,3375
GOA-GMA-RSSH-GAMSII,2300
GOA-GMA-RSSH-GAMSII,1975
GOA-GMA-RSSH-GAMSII-TECH,3375
GOA-GAM-RSS-GAPSCS,5434
GOA-GAM-RSS-GAPSCS,4826.25
GOA-GAM-RSS-GAPSCS,3289
GOA-GAM-RSS-GAPSCS,2824.25
GOA-GAM-RSS-GAPS,25958.56
GOA-GAM-RSS-GAPS,23055.3
GOA-GAM-RSS-GAPS,15711.76
GOA-GAM-RSS-GAPS,13491.62
GOA-GAM-RSS-GAPS-TECH,17078
GOA-GAM-RSS-GAPESTGS,31225.36
GOA-GAM-RSS-GAPESTGS,27733.05
GOA-GAM-RSS-GAPESTGS,18899.56
GOA-GAM-RSS-GAPESTGS,16228.97
GOA-GAM-RSS-GAPESTGS-TECH,20543
GOA-GAM-RSS-GOAPE,78368.16
GOA-GAM-RSS-GOAPE,69603.3
GOA-GAM-RSS-GOAPE,47433.36
GOA-GAM-RSS-GOAPE,40730.82
GOA-GAM-RSS-GOAPE-TECH,51558
GOA-GAM-RSS-GAPSSS,6270
GOA-GAM-RSS-GAPSSS,5568.75
GOA-GAM-RSS-GAPSSS,3795
GOA-GAM-RSS-GAPSSS,3258.75
GOA-GAM-RSS-GANPE,46816
GOA-GAM-RSS-GANPE,41580
GOA-GAM-RSS-GANPE,28336
GOA-GAM-RSS-GANPE,24332
GOA-GAM-RSS-GANPE-TECH,30800
GOA-GAM-RSS-GAPESBGS,51421.6
GOA-GAM-RSS-GAPESBGS,45670.5
GOA-GAM-RSS-GAPESBGS,31123.6
GOA-GAM-RSS-GAPESBGS,26725.7
GOA-GAM-RSS-GAPESBGS-TECH,33830
GOA-GAM-RSS-GAPAS,12540
GOA-GAM-RSS-GAPAS,11137.5
GOA-GAM-RSS-GAPAS,7590
GOA-GAM-RSS-GAPAS,6517.5
SM-VIT-RSS-ACPS-TECH,275
SM-VIT-RSS-ALIGNC,1254
SM-VIT-RSS-ALIGNC,1113.75
SM-VIT-RSS-ALIGNC,759
SM-VIT-RSS-ALIGNC,651.75
SM-VIT-RSS-ALIGNC-TECH,1113.75
SM-VIT-RSS-ACS,12540
SM-VIT-RSS-ACS,11137.5
SM-VIT-RSS-ACS,7590
SM-VIT-RSS-ACS,6517.5
SM-VIT-RSS-ACS-TECH,8250
SM-VIT-RSS-AES,4180
GOA-GAM-RSS-GAPBS,65600.16
GOA-GAM-RSS-GAPBS,58263.3
GOA-GAM-RSS-GAPBS,39705.36
GOA-GAM-RSS-GAPBS,34094.82
GOA-GAM-RSS-GAPBCS,24377.76
GOA-GAM-RSS-GAPBCS,21651.3
GOA-GAM-RSS-GAPBCS,14754.96
GOA-GAM-RSS-GAPBCS,12670.02
GOA-GAM-RSS-GAPBCS-TECH,16038
GOA-GAM-RSS-GAPBS-TECH,43158
GOA-GAM-RSS-GAPBTPCS,66881.52
GOA-GAM-RSS-GAPBTPCS,59401.35
GOA-GAM-RSS-GAPBTPCS,40480.92
GOA-GAM-RSS-GAPBTPCS,34760.79
GOA-GAM-RSS-GAPBTPCS-TECH,44001
SM-VIT-RSS-AES,3712.5
SM-VIT-RSS-AES,2530
SM-VIT-RSS-AES,2172.5
SM-VIT-RSS-AESS,836
SM-VIT-RSS-AESS,742.5
SM-VIT-RSS-AESS,506
SM-VIT-RSS-AESS,434.5
SM-VIT-RSS-AESS-TECH,550
SM-VIT-RSS-AISS,418
SM-VIT-RSS-AISS,371.25
SM-VIT-RSS-AISS,253
SM-VIT-RSS-AISS,217.25
SM-VIT-RSS-AISS-TECH,418
SM-VIT-RSS-AOBSS,418
SM-VIT-RSS-AOBSS,371.25
SM-VIT-RSS-AOBSS,253
SM-VIT-RSS-AOBSS,217.25
SM-VIT-RSS-AOBSS-TECH,418
SM-VIT-RSS-ATS,167.2
SM-VIT-RSS-ATS,148.5
SM-VIT-RSS-ATS,101.2
SM-VIT-RSS-ATS,86.9
SM-VIT-RSS-ATS-TECH,110
SM-VIT-RSS-ALCS,12540
SM-VIT-RSS-ALCS,11137.5
SM-VIT-RSS-ALCS,7590
SM-VIT-RSS-ALCS,6517.5
GOA-GAM-RSS-GASMS,2503.82
GOA-GAM-RSS-GASMS,2223.79
GOA-GAM-RSS-GASMS,1515.47
GOA-GAM-RSS-GASMS,1301.33
GOA-GAM-RSS-GASDS,2926
GOA-GAM-RSS-GASDS,2598.75
GOA-GAM-RSS-GASDS,1771
GOA-GAM-RSS-GASDS,1520.75
GOA-GAM-RSS-GASSS,2926
GOA-GAM-RSS-GASSS,2598.75
GOA-GAM-RSS-GASSS,1771
GOA-GAM-RSS-GASSS,1520.75
SM-AJM-RSS-AJMS,1316.32
SM-AJM-RSS-AJMS,1169.1
SM-AJM-RSS-AJMS,796.72
SM-AJM-RSS-AJMS,684.14
SM-AUS-RSS-AUTHSU,3071.92
SM-AUS-RSS-AUTHSU,2728.35
SM-AUS-RSS-AUTHSU,1859.32
SM-AUS-RSS-AUTHSU,1596.59
VM-DDL-RSL-BISPHS,1368
VM-DDL-RSL-BISPHS,1215
VM-DDL-RSL-BISPHS,828
VM-DDL-RSL-BISPHS,711
GOA-GAM-RSS-GSSDGMBS,6186.4
GOA-GAM-RSS-GSSDGMBS,5494.5
GOA-GAM-RSS-GSSDGMBS,3744.4
GOA-GAM-RSS-GSSDGMBS,3215.3
GOA-GAM-RSS-GSSDGMBS-TECH,3215.3
GOA-GAM-RSS-GASAS,413.82
GOA-GAM-RSS-GASAS,367.54
GOA-GAM-RSS-GASAS,250.47
GOA-GAM-RSS-GASAS,215.08
GOA-GAM-RSS-GASBS,25937.28
GOA-GAM-RSS-GASBS,23036.4
GOA-GAM-RSS-GASBS,15698.88
VM-BSL-RSL-BESEPB,1252.48
VM-BSL-RSL-BESEPB,1112.4
VM-BSL-RSL-BESEPB,758.08
VM-BSL-RSL-BESEPB,650.96
VM-APS-RSL-BESTSU,91200
VM-APS-RSL-BESTSU,81000
VM-APS-RSL-BESTSU,55200
VM-APS-RSL-BESTSU,47400
VM-BSL-RSL-BESTBB,91200
GOA-GAM-RSS-GASBS,13480.56
GOA-GAM-RSS-GASBS-TECH,17064
GOA-GAM-RSS-GASBGS,30912.24
GOA-GAM-RSS-GASBGS,27454.95
GOA-GAM-RSS-GASBGS,18710.04
GOA-GAM-RSS-GASBGS,16066.23
GOA-GAM-RSS-GASBGS-TECH,30912.24
GOA-GAM-RSS-GASBGTPS,40143.2
GOA-GAM-RSS-GASBGTPS,35653.5
GOA-GAM-RSS-GASBGTPS,24297.2
GOA-GAM-RSS-GASBGTPS,20863.9
GOA-GAM-RSS-GASBGTPS-TECH,20863.9
GOA-GAM-RSS-GAULTS,48717.9
GOA-GAM-RSS-GAULTS,43269.19
GOA-GAM-RSS-GAULTS,29487.15
GOA-GAM-RSS-GAULTS,25320.49
GOA-GAM-RSS-GAULTS-TECH,32051.25
GOA-GAM-RSS-GAUAS,7524
GOA-GAM-RSS-GAUAS,6682.5
GOA-GAM-RSS-GAUAS,4554
GOA-GAM-RSS-GAUAS,3910.5
VM-BSL-RSL-BESTBB,81000
VM-BSL-RSL-BESTBB,55200
VM-BSL-RSL-BESTBB,47400
SM-SMB-RSS-BMMS,4429.28
SM-SMB-RSS-BMMS,3933.9
SM-SMB-RSS-BMMS,2680.88
SM-SMB-RSS-BMMS,2302.06
SM-ROT-RSS-CDBSUB,1524.64
SM-ROT-RSS-CDBSUB,1354.12
SM-ROT-RSS-CDBSUB,922.81
SM-ROT-RSS-CDBSUB,792.41
SM-ROT-RSS-CDBSUB-TECH,1003.05
GOA-GAM-RSS-GAWBS,7600
GOA-GAM-RSS-GAWBS,6750
GOA-GAM-RSS-GAWBS,4600
GOA-GAM-RSS-GAWBS,3950
GOA-GAM-RSS-GAWBS-TECH,7600
GOA-GAM-RSS-GAWES,14212
GOA-GAM-RSS-GAWES,12622.5
GOA-GAM-RSS-GAWES,8602
GOA-GAM-RSS-GAWES,7386.5
GOA-GAM-RSS-GAWES-TECH,14212
GOA-GAM-RSS-GAWRS,10450
GOA-GAM-RSS-GAWRS,9281.25
GOA-GAM-RSS-GAWRS,6325
GOA-GAM-RSS-GAWRS,5431.25
GS-GSE-RSS-HSIS,5266.8
GS-GSE-RSS-HSIS,4677.75
GS-GSE-RSS-HSIS,3187.8
GS-GSE-RSS-HSIS,2737.35
SM-VMC-RSS-DACS,3052.16
SM-VMC-RSS-DACS,2710.8
SM-VMC-RSS-DACS,1847.36
SM-VMC-RSS-DACS,1586.32
GS-GSE-RSS-MSGYEA,12851.6
GS-GSE-RSS-MSGYEA,11414.25
GS-GSE-RSS-MSGYEA,7778.6
GS-GSE-RSS-MSGYEA,6679.45
GS-GSE-RSS-PGPAYE,2318
GS-GSE-RSS-PGPAYE,2058.75
GS-GSE-RSS-PGPAYE,1403
GS-GSE-RSS-PGPAYE,1204.75
SM-VMC-RSS-DMISRS,915.04
SM-VMC-RSS-DMISRS,812.7
SM-VMC-RSS-DMISRS,553.84
SM-VMC-RSS-DMISRS,475.58
SM-DSM-RSS-DSMSUB,1614.24
SM-DSM-RSS-DSMSUB,1433.7
SM-DSM-RSS-DSMSUB,977.04
SM-DSM-RSS-DSMSUB,838.98
VM-DDL-RSL-DSMFAL,109.44
VM-DDL-RSL-DSMFAL,97.2
VM-DDL-RSL-DSMFAL,66.24
VM-DDL-RSL-DSMFAL,56.88
VM-DDL-RSL-DSMFAL-TECH,72
SM-EV-RSS-EASYSU,1452.59
SM-EV-RSS-EASYSU,1290.13
SM-EV-RSS-EASYSU,879.2
SM-EV-RSS-EASYSU,754.96
VM-VLM-RSL-FMVS,9386
VM-VLM-RSL-FMVS,8336.25
VM-VLM-RSL-FMVS,5681
VM-VLM-RSL-FMVS,4878.25
VM-VLM-RSL-FMVAS,4560
VM-VLM-RSL-FMVAS,4050
VM-VLM-RSL-FMVAS,2760
VM-VLM-RSL-FMVAS,2370
VM-VLM-RSL-FMVAS-TECH,2370
VM-BSL-RSL-FPSS,1421.2
VM-BSL-RSL-FPSS,1262.25
VM-BSL-RSL-FPSS,860.2
VM-BSL-RSL-FPSS,738.65
VM-DDL-RSL-FPAES,2232.88
VM-DDL-RSL-FPAES,1983.15
VM-DDL-RSL-FPAES,1351.48
VM-DDL-RSL-FPAES,1160.51
VM-DDL-RSL-FPAIS,2266.32
VM-DDL-RSL-FPAIS,2012.85
VM-DDL-RSL-FPAIS,1371.72
VM-DDL-RSL-FPAIS,1177.89
VM-DDL-RSL-FPAIES,3599.36
VM-DDL-RSL-FPAIES,3196.8
VM-DDL-RSL-FPAIES,2178.56
VM-DDL-RSL-FPAIES,1870.72
VM-DDL-RSL-FPTES,3122.08
VM-DDL-RSL-FPTES,2772.9
VM-DDL-RSL-FPTES,1889.68
VM-DDL-RSL-FPTES,1622.66
VM-VLM-RSL-FPTIS,2365.12
VM-VLM-RSL-FPTIS,2100.6
VM-VLM-RSL-FPTIS,1431.52
VM-VLM-RSL-FPTIS,1229.24
VM-DDL-RSP-FSA,3040
VM-DDL-RSP-FSA,2700
VM-DDL-RSP-FSA,1840
VM-DDL-RSP-FSA,1580
VM-VLM-RSL-FVBS,582.16
VM-VLM-RSL-FVBS,517.05
VM-VLM-RSL-FVBS,352.36
VM-VLM-RSL-FVBS,302.57
VM-VLM-RSL-FVMS,3768.08
VM-VLM-RSL-FVMS,3346.65
VM-VLM-RSL-FVMS,2280.68
VM-VLM-RSL-FVMS,1958.41
VM-VLM-RSL-FVSS,456
VM-VLM-RSL-FVSS,405
VM-VLM-RSL-FVSS,276
VM-VLM-RSL-FVSS,237
VM-VLM-RSL-FVSS-TECH,237
GS-GSE-RSS-REGUYE,5266.8
GS-GSE-RSS-REGUYE,4677.75
GS-GSE-RSS-REGUYE,3187.8
GS-GSE-RSS-REGUYE,2737.35
GS-GSE-RSS-SCHEYE,4750
GS-GSE-RSS-SCHEYE,4218.75
GS-GSE-RSS-SCHEYE,2875
GS-GSE-RSS-SCHEYE,2468.75
GS-GSE-RSS-SFYS,21375
GS-GSE-RSS-SFYS,18984.38
GS-GSE-RSS-SFYS,12937.5
GS-GSE-RSS-SFYS,11109.38
GS-GSE-RSS-SFTPYE,5266.8
GS-GSE-RSS-SFTPYE,4677.75
GS-GSE-RSS-SFTPYE,3187.8
GS-GSE-RSS-SFTPYE,2737.35
GS-GSE-RSS-SINGFA,5794.24
GS-GSE-RSS-SINGFA,5146.2
GS-GSE-RSS-SINGFA,3507.04
GS-GSE-RSS-SINGFA,3011.48
GS-GSE-RSS-TRANYE,13538.64
GS-GSE-RSS-TRANYE,12024.45
GS-GSE-RSS-TRANYE,8194.44
GS-GSE-RSS-TRANYE,7036.53
VM-DDL-RSL-FWAPTS,4788
VM-DDL-RSL-FWAPTS,4252.5
VM-DDL-RSL-FWAPTS,2898
VM-DDL-RSL-FWAPTS,2488.5
VM-DDL-RSL-FWASS,559.36
VM-DDL-RSL-FWASS,496.8
VM-DDL-RSL-FWASS,338.56
VM-DDL-RSL-FWASS,290.72
VM-DDL-RSL-FATSWP,4.56
VM-DDL-RSL-FATSWP,4.05
VM-DDL-RSL-FATSWP,2.76
VM-DDL-RSL-FATSWP,2.37
VM-DDL-RSL-FATSWP-TECH,4.56
VM-DDL-RSL-FCTMS,72960
VM-DDL-RSL-FCTMS,64800
VM-DDL-RSL-FCTMS,44160
VM-DDL-RSL-FCTMS,37920
VM-DDL-RSL-FPCIAS,1421.2
VM-DDL-RSL-FPCIAS,1262.25
VM-DDL-RSL-FPCIAS,860.2
VM-DDL-RSL-FPCIAS,738.65
VM-DDL-RSL-FPCIAS-TECH,1262.25
VM-DDL-NRST-FPTEOS,3122.08
VM-DDL-NRST-FPTEOS,2772.9
VM-DDL-NRST-FPTEOS,1889.68
VM-DDL-NRST-FPTEOS,1622.66
VM-DDL-NRST-FPTEOS-TECH,1622.66
SM-HAM-RSS-HAMSUB,723.52
SM-HAM-RSS-HAMSUB,642.6
SM-HAM-RSS-HAMSUB,437.92
SM-HAM-RSS-HAMSUB,376.04
SM-HEP-RSS-HEPMS,3071.92
SM-HEP-RSS-HEPMS,2728.35
SM-HEP-RSS-HEPMS,1859.32
SM-HEP-RSS-HEPMS,1596.59
SM-HEP-RSP-HLRS,418
SM-HEP-RSP-HLRS,371.25
SM-HEP-RSP-HLRS,253
SM-HEP-RSP-HLRS,217.25
SM-HEP-RSP-HLRS-TECH,275
SM-NSS-RSS-LOPSUB,5852
SM-NSS-RSS-LOPSUB,5197.5
SM-NSS-RSS-LOPSUB,3542
SM-NSS-RSS-LOPSUB,3041.5
SM-RLP-RSS-LPARSU,2677.94
SM-RLP-RSS-LPARSU,2378.43
SM-RLP-RSS-LPARSU,1620.86
SM-RLP-RSS-LPARSU,1391.82
SM-LMM-RSS-LMMSSU,5158.88
SM-LMM-RSS-LMMSSU,4581.9
SM-LMM-RSS-LMMSSU,3122.48
SM-LMM-RSS-LMMSSU,2681.26
SM-LSO-RSS-LSOSSU,6859.76
SM-LSO-RSS-LSOSSU,6092.55
SM-LSO-RSS-LSOSSU,4151.96
SM-LSO-RSS-LSOSSU,3565.27
SM-LAA-RSS-LAASSU,11319.44
SM-LAA-RSS-LAASSU,10053.45
SM-LAA-RSS-LAASSU,6851.24
SM-LAA-RSS-LAASSU,5883.13
SM-LOC-RSS-LOCSSU,18676.24
SM-LOC-RSS-LOCSSU,16587.45
SM-LOC-RSS-LOCSSU,11304.04
SM-LOC-RSS-LOCSSU,9706.73
SM-MES-RSS-MESSSU,9603.36
SM-MES-RSS-MESSSU,8529.3
SM-MES-RSS-MESSSU,5812.56
SM-MES-RSS-MESSSU,4991.22
SM-MP-RSS-MPS,9603.36
SM-MP-RSS-MPS,8529.3
SM-MP-RSS-MPS,5812.56
SM-MP-RSS-MPS,4991.22
SM-ROM-RSS-MONISU,5216.03
SM-ROM-RSS-MONISU,4632.66
SM-ROM-RSS-MONISU,3157.07
SM-ROM-RSS-MONISU,2710.96
SM-MQM-NRPS-MQMPER,3306
SM-MQM-NRPS-MQMPER,2936.25
SM-MQM-NRPS-MQMPER,2001
SM-MQM-NRPS-MQMPER,1718.25
SM-MQM-RSS-MQMSUB,1817.92
SM-MQM-RSS-MQMSUB,1614.6
SM-MQM-RSS-MQMSUB,1100.32
SM-MQM-RSS-MQMSUB,944.84
SM-MQM-NRPS-MQMPER-TECH,2175
SM-RON-RSS-NAHS,2608.09
SM-RON-RSS-NAHS,2316.4
SM-RON-RSS-NAHS,1578.58
SM-RON-RSS-NAHS,1355.52
SM-RON-RSS-NHS,2249.68
SM-RON-RSS-NHS,1998.07
SM-RON-RSS-NHS,1361.65
SM-RON-RSS-NHS,1169.24
SM-RON-RSS-NNS,2608.09
SM-RON-RSS-NNS,2316.4
SM-RON-RSS-NNS,1578.58
SM-RON-RSS-NNS,1355.52
SM-NSS-RSS-NSSWEM,8192.8
SM-NSS-RSS-NSSWEM,7276.5
SM-NSS-RSS-NSSWEM,4958.8
SM-NSS-RSS-NSSWEM,4258.1
SM-NSS-RSS-NSSWIS,410.4
SM-NSS-RSS-NSSWIS,364.5
SM-NSS-RSS-NSSWIS,248.4
SM-NSS-RSS-NSSWIS,213.3
SM-PRM-RSS-PASSSU,652.08
SM-PRM-RSS-PASSSU,579.15
SM-PRM-RSS-PASSSU,394.68
SM-PRM-RSS-PASSSU,338.91
VM-VLM-RSL-PCIPFM,7534.64
VM-VLM-RSL-PCIPFM,6691.95
VM-VLM-RSL-PCIPFM,4560.44
VM-VLM-RSL-PCIPFM,3916.03
VM-VLM-RSL-PCIASV,4256
VM-VLM-RSL-PCIASV,3780
VM-VLM-RSL-PCIASV,2576
VM-VLM-RSL-PCIASV,2212
SM-PKP-RSS-PEEKSU,3488.4
SM-PKP-RSS-PEEKSU,3098.25
SM-PKP-RSS-PEEKSU,2111.4
SM-PKP-RSS-PEEKSU,1813.05
SM-PFA-RSS-PAGSUB,3040
SM-PFA-RSS-PAGSUB,2700
SM-PFA-RSS-PAGSUB,1840
SM-PFA-RSS-PAGSUB,1580
SM-PFA-RSS-PAGSUB-TECH,2000
SM-PFA-RSS-PAS,1174.96
SM-PFA-RSS-PAS,1043.55
SM-PFA-RSS-PAS,711.16
SM-PFA-RSS-PAS,610.67
SM-PN-RSS-PNS,7109.12
SM-PN-RSS-PNS,6314.02
SM-PN-RSS-PNS,4302.89
SM-PN-RSS-PNS,3694.87
VM-DDL-RMS-PHISIF,5472
VM-DDL-RMS-PHISIF,4860
VM-DDL-RMS-PHISIF,3312
VM-DDL-RMS-PHISIF,2844
VM-VLM-RSP-PSSRRS,9120
VM-VLM-RSP-PSSRRS,8100
VM-VLM-RSP-PSSRRS,5520
VM-VLM-RSP-PSSRRS,4740
SM-SYM-NRST-PXS,418
SM-SYM-NRST-PXS,371.25
SM-SYM-NRST-PXS,253
SM-SYM-NRST-PXS,217.25
SM-SYM-NRST-PXS-TECH,275
SM-RAP-RSS-RECOSU,1216
SM-RAP-RSS-RECOSU,1080
SM-RAP-RSS-RECOSU,736
SM-RAP-RSS-RECOSU,632
VM-VLM-RSP-RTPTRS,38000
VM-VLM-RSP-RTPTRS,33750
VM-VLM-RSP-RTPTRS,23000
VM-VLM-RSP-RTPTRS,19750
VM-VLM-RSP-RTPTRS-TECH,25000
SM-PN-RSP-RMPGRS,456
SM-PN-RSP-RMPGRS,405
SM-PN-RSP-RMPGRS,276
SM-PN-RSP-RMPGRS,237
SM-PN-RSP-RMPGRS-TECH,300
SM-ROA-RSS-RAS,2331.83
SM-ROA-RSS-RAS,2071.04
SM-ROA-RSS-RAS,1411.37
SM-ROA-RSS-RAS,1211.94
SM-RAT-RSS-ROAS,3711
SM-RAT-RSS-ROAS,3295.96
SM-RAT-RSS-ROAS,2246.13
SM-RAT-RSS-ROAS,1928.75
SM-ROB-RSS-RBCAS,5941.45
SM-ROB-RSS-RBCAS,5276.95
SM-ROB-RSS-RBCAS,3596.14
SM-ROB-RSS-RBCAS,3087.99
SM-ROB-RSS-RBCANS,5941.45
SM-ROB-RSS-RBCANS,5276.95
SM-ROB-RSS-RBCANS,3596.14
SM-ROB-RSS-RBCANS,3087.99
SM-ROB-RSS-RBSAS,5941.45
SM-ROB-RSS-RBSAS,5276.95
SM-ROB-RSS-RBSAS,3596.14
SM-ROB-RSS-RBSAS,3087.99
SM-ROB-RSS-RBSANS,5941.45
SM-ROB-RSS-RBSANS,5276.95
SM-ROB-RSS-RBSANS,3596.14
SM-ROB-RSS-RBSANS,3087.99
SM-ROB-RSS-RBSARS,5941.45
SM-ROB-RSS-RBSARS,5276.95
SM-ROB-RSS-RBSARS,3596.14
SM-ROB-RSS-RBSARS,3087.99
SM-SYM-RSS-RCS,3768.69
SM-SYM-RSS-RCS,3347.19
SM-SYM-RSS-RCS,2281.05
SM-SYM-RSS-RCS,1958.73
SM-ROC-RSS-ROCS,4182.96
SM-ROC-RSS-ROCS,3715.13
SM-ROC-RSS-ROCS,2531.79
SM-ROC-RSS-ROCS,2174.04
SM-RCP-RSS-ROCPA,2760.09
SM-RCP-RSS-ROCPA,2451.4
SM-RCP-RSS-ROCPA,1670.58
SM-RCP-RSS-ROCPA,1434.52
SM-RHA-RSS-RHS,4807
SM-RHA-RSS-RHS,4269.38
SM-RHA-RSS-RHS,2909.5
SM-RHA-RSS-RHS,2498.38
SM-ROM-RSS-RMSUB,672.98
SM-ROM-RSS-RMSUB,597.71
SM-ROM-RSS-RMSUB,407.33
SM-ROM-RSS-RMSUB,349.77
SM-ROM-RSS-RMAS,1345.96
SM-ROM-RSS-RMAS,1195.43
SM-ROM-RSS-RMAS,814.66
SM-ROM-RSS-RMAS,699.55
SM-ROM-RSS-RMVS,2691.92
SM-ROM-RSS-RMVS,2390.85
SM-ROM-RSS-RMVS,1629.32
SM-ROM-RSS-RMVS,1399.09
SM-SYM-RSP-RBSH,418
SM-SYM-RSP-RBSH,371.25
SM-SYM-RSP-RBSH,253
SM-SYM-RSP-RBSH,217.25
SM-SYM-RSP-RBSH-TECH,275
SM-ROR-RSS-RRS,2331.83
SM-ROR-RSS-RRS,2071.04
SM-ROR-RSS-RRS,1411.37
SM-ROR-RSS-RRS,1211.94
SM-RRE-RSS-RORS,3653.32
SM-RRE-RSS-RORS,3244.73
SM-RRE-RSS-RORS,2211.22
SM-RRE-RSS-RORS,1898.77
SM-ROS-RSS-RSS,4230.16
SM-ROS-RSS-RSS,3757.05
SM-ROS-RSS-RSS,2560.36
SM-ROS-RSS-RSS,2198.57
SM-RSC-RSS-ROSS,4628.7
SM-RSC-RSS-ROSS,4111.02
SM-RSC-RSS-ROSS,2801.58
SM-RSC-RSS-ROSS,2405.71
SM-RSE-RSS-RSES,3494.25
SM-RSE-RSS-RSES,3103.45
SM-RSE-RSS-RSES,2114.94
SM-RSE-RSS-RSES,1816.09
SM-RSI-RSS-RSEOIS,2331.83
SM-RSI-RSS-RSEOIS,2071.04
SM-RSI-RSS-RSEOIS,1411.37
SM-RSI-RSS-RSEOIS,1211.94
SM-RSP-RSS-RSPACE,494
SM-RSP-RSS-RSPACE,438.75
SM-RSP-RSS-RSPACE,299
SM-RSP-RSS-RSPACE,256.75
SM-ROT-RSS-RTS,2331.83
SM-ROT-RSS-RTS,2071.04
SM-ROT-RSS-RTS,1411.37
SM-ROT-RSS-RTS,1211.94
SM-SYM-RSS-ROTS,2216.46
SM-SYM-RSS-ROTS,1968.57
SM-SYM-RSS-ROTS,1341.54
SM-SYM-RSS-ROTS,1151.98
SM-SYM-RSS-RUS,2476.92
SM-SYM-RSS-RUS,2199.89
SM-SYM-RSS-RUS,1499.19
SM-SYM-RSS-RUS,1287.34
SM-SAP-RSS-SAPISU,2331.83
SM-SAP-RSS-SAPISU,2071.04
SM-SAP-RSS-SAPISU,1411.37
SM-SAP-RSS-SAPISU,1211.94
VM-VLM-RMS-SOCITS,9120
VM-VLM-RMS-SOCITS,8100
VM-VLM-RMS-SOCITS,5520
VM-VLM-RMS-SOCITS,4740
VM-VLM-RSP-STRS,9120
VM-VLM-RSP-STRS,8100
VM-VLM-RSP-STRS,5520
VM-VLM-RSP-STRS,4740
SM-SFM-RSS-SFMS,1906.08
SM-SFM-RSS-SFMS,1692.9
SM-SFM-RSS-SFMS,1153.68
SM-SFM-RSS-SFMS,990.66
SM-VMC-RSS-T0PUS,13538.64
SM-VMC-RSS-T0PUS,12024.45
SM-VMC-RSS-T0PUS,8194.44
SM-VMC-RSS-T0PUS,7036.53
SM-VMC-RSS-T0PUS-TECH,8907
SM-TSK-RSS-TASKSU,13538.64
SM-TSK-RSS-TASKSU,12024.45
SM-TSK-RSS-TASKSU,8194.44
SM-TSK-RSS-TASKSU,7036.53
SM-TSK-RSS-TASKSU-TECH,12024.45
VM-DDL-RSL-TEAMSS,456
VM-DDL-RSL-TEAMSS,405
VM-DDL-RSL-TEAMSS,276
VM-DDL-RSL-TEAMSS,237
SM-VMC-RSS-VCCS,104.88
SM-VMC-RSS-VCCS,93.15
SM-VMC-RSS-VCCS,63.48
SM-VMC-RSS-VCCS,54.51
SM-VMC-RSS-VCCS-TECH,69
SM-VMC-RSS-VCJS,269.04
SM-VMC-RSS-VCJS,238.95
SM-VMC-RSS-VCJS,162.84
SM-VMC-RSS-VCJS,139.83
SM-VMC-RSS-VCJS-TECH,139.83
SM-PN-RSS-VISCPPS,150.48
SM-PN-RSS-VISCPPS,133.65
SM-PN-RSS-VISCPPS,91.08
SM-PN-RSS-VISCPPS,78.21
SM-PN-RSS-VILS,5763.84
SM-PN-RSS-VILS,5119.2
SM-PN-RSS-VILS,3488.64
SM-PN-RSS-VILS,2995.68
SM-PN-RSS-VILS-TECH,3792
SM-PN-RSS-VISCPPS-TECH,99
SM-VMC-RSS-VMCS,226.48
SM-VMC-RSS-VMCS,201.15
SM-VMC-RSS-VMCS,137.08
SM-VMC-RSS-VMCS,117.71
SM-VMC-RSS-VMCS-TECH,201.15
SM-VMC-RSS-VIBS,118.56
SM-VMC-RSS-VIBS,105.3
SM-VMC-RSS-VIBS,71.76
SM-VMC-RSS-VIBS,61.62
SM-VMC-RSS-VIBS-TECH,78
SM-VMC-RSS-VIOS,1360.4
SM-VMC-RSS-VIOS,1208.25
SM-VMC-RSS-VIOS,823.4
SM-VMC-RSS-VIOS,707.05
SM-VMC-RSS-VIOS-TECH,1360.4
SM-VMC-RSS-VRCS,313.12
SM-VMC-RSS-VRCS,278.1
SM-VMC-RSS-VRCS,189.52
SM-VMC-RSS-VRCS,162.74
SM-VMC-RSS-VIVS,798
SM-VMC-RSS-VIVS,708.75
SM-VMC-RSS-VIVS,483
SM-VMC-RSS-VIVS,414.75
SM-VMC-RSS-VIVS-TECH,525
SM-VMC-RSS-VRCS-TECH,206
SM-VIT-RSS-VIBMS,12540
SM-VIT-RSS-VIBMS,11137.5
SM-VIT-RSS-VIBMS,7590
SM-VIT-RSS-VIBMS,6517.5
VM-VLM-RSP-VMARS,760
VM-VLM-RSP-VMARS,675
VM-VLM-RSP-VMARS,460
VM-VLM-RSP-VMARS,395
SM-VMC-RSS-VATS,4180
SM-VMC-RSS-VATS,3712.5
SM-VMC-RSS-VATS,2530
SM-VMC-RSS-VATS,2172.5
SM-VMC-RSS-VATS-TECH,4180
SM-VMC-RSS-VMAS,290.32
SM-VMC-RSS-VMAS,257.85
SM-VMC-RSS-VMAS,175.72
SM-VMC-RSS-VMAS,150.89
SM-VMC-RSS-VMAS-TECH,191
SM-VMC-RSS-VDAS,95.76
SM-VMC-RSS-VDAS,85.05
SM-VMC-RSS-VDAS,57.96
SM-VMC-RSS-VDAS,49.77
SM-VMC-RSS-VMVS,849.68
SM-VMC-RSS-VMVS,754.65
SM-VMC-RSS-VMVS,514.28
SM-VMC-RSS-VMVS,441.61
SM-VMC-RSS-VMVS-TECH,559
SM-VMC-RSS-VDAS-TECH,85.05
SM-VMC-RSS-VESS,1881.76
SM-VMC-RSS-VESS,1671.3
SM-VMC-RSS-VESS,1138.96
SM-VMC-RSS-VESS,978.02
SM-VMC-RSS-VHOS,4180
SM-VMC-RSS-VHOS,3712.5
SM-VMC-RSS-VHOS,2530
SM-VMC-RSS-VHOS,2172.5
SM-VMC-RSS-VHOS-TECH,2750
SM-VMC-RSS-VMCIS,22800
SM-VMC-RSS-VMCIS,20250
SM-VMC-RSS-VMCIS,13800
SM-VMC-RSS-VMCIS,11850
SM-VMC-RSS-VMCIS-TECH,15000
SM-VMC-RSS-VMMS,1672
SM-VMC-RSS-VMMS,1485
SM-VMC-RSS-VMMS,1012
SM-VMC-RSS-VMMS,869
SM-VMC-RSS-VMISEP,104.88
SM-VMC-RSS-VMISEP,93.15
SM-VMC-RSS-VMISEP,63.48
SM-VMC-RSS-VMISEP,54.51
SM-VMC-RSS-VMISEP-TECH,69
SM-VMC-RSS-VISES,269.04
SM-VMC-RSS-VISES,238.95
SM-VMC-RSS-VISES,162.84
SM-VMC-RSS-VISES,139.83
SM-VMC-RSS-VISES-TECH,177
SM-VMC-RSS-VISESA,104.88
SM-VMC-RSS-VISESA,93.15
SM-VMC-RSS-VISESA,63.48
SM-VMC-RSS-VISESA,54.51
SM-VMC-RSS-VISESA-TECH,69
SM-VMC-RSS-VISSAS,269.04
SM-VMC-RSS-VISSAS,238.95
SM-VMC-RSS-VISSAS,162.84
SM-VMC-RSS-VISSAS,139.83
SM-VMC-RSS-VISSAS-TECH,177
SM-VMC-RSS-VLOS,56.24
SM-VMC-RSS-VLOS,49.95
SM-VMC-RSS-VLOS,34.04
SM-VMC-RSS-VLOS,29.23
SM-VMC-RSS-VLOS-TECH,37
SM-VMC-RSS-VNOS,94.24
SM-VMC-RSS-VNOS,83.7
SM-VMC-RSS-VNOS,57.04
SM-VMC-RSS-VNOS,48.98
SM-VMC-RSS-VNOS-TECH,62
SM-VMC-RSS-VNSS,30.4
SM-VMC-RSS-VNSS,27
SM-VMC-RSS-VNSS,18.4
SM-VMC-RSS-VNSS,15.8
SM-VMC-RSS-VNSS-TECH,15.8
SM-VMC-RSS-VOOS,94.24
SM-VMC-RSS-VOOS,83.7
SM-VMC-RSS-VOOS,57.04
SM-VMC-RSS-VOOS,48.98
SM-VMC-RSS-VOOS-TECH,62
SM-VMC-RSS-VOSS,278.16
SM-VMC-RSS-VOSS,247.05
SM-VMC-RSS-VOSS,168.36
SM-VMC-RSS-VOSS,144.57
SM-VMC-RSS-VOSS-TECH,183
SM-VMC-RSS-VPCS,94.24
SM-VMC-RSS-VPCS,83.7
SM-VMC-RSS-VPCS,57.04
SM-VMC-RSS-VPCS,48.98
SM-VMC-RSS-VPCS-TECH,62
SM-VMC-RSS-VPUS,94.24
SM-VMC-RSS-VPUS,83.7
SM-VMC-RSS-VPUS,57.04
SM-VMC-RSS-VPUS,48.98
SM-VMC-RSS-VPUS-TECH,62
SM-VMC-RSS-VMCSCAS,6589.2
SM-VMC-RSS-VMCSCAS,5852.25
SM-VMC-RSS-VMCSCAS,3988.2
SM-VMC-RSS-VMCSCAS,3424.65
SM-VMC-RSS-VMCSCAS-TECH,5852.25
SM-VMC-RSS-VSAS,94.24
SM-VMC-RSS-VSAS,83.7
SM-VMC-RSS-VSAS,57.04
SM-VMC-RSS-VSAS,48.98
SM-VMC-RSS-VSAS-TECH,62
SM-VMC-RSS-VMSQL,1881.76
SM-VMC-RSS-VMSQL,1671.3
SM-VMC-RSS-VMSQL,1138.96
SM-VMC-RSS-VMSQL,978.02
SM-VMC-RSS-VMSQL-TECH,1238
SM-VMC-RSS-VMCSSE,1881.76
SM-VMC-RSS-VMCSSE,1671.3
SM-VMC-RSS-VMCSSE,1138.96
SM-VMC-RSS-VMCSSE,978.02
SM-VMC-RSS-VMCSSE-TECH,1238
SM-VMC-RSS-VUOS,828.4
SM-VMC-RSS-VUOS,735.75
SM-VMC-RSS-VUOS,501.4
SM-VMC-RSS-VUOS,430.55
SM-VMC-RSS-VUSS,1588.4
SM-VMC-RSS-VUSS,1410.75
SM-VMC-RSS-VUSS,961.4
SM-VMC-RSS-VUSS,825.55
SM-VMC-RSS-VVMS,16720
SM-VMC-RSS-VVMS,14850
SM-VMC-RSS-VVMS,10120
SM-VMC-RSS-VVMS,8690
SM-VMC-RSS-VVOS,2508
SM-VMC-RSS-VVOS,2227.5
SM-VMC-RSS-VVOS,1518
SM-VMC-RSS-VVOS,1303.5
SM-VMC-RSS-VVSS,2508
SM-VMC-RSS-VVSS,2227.5
SM-VMC-RSS-VVSS,1518
SM-VMC-RSS-VVSS,1303.5
SM-VMC-RSS-VWSS,3762
SM-VMC-RSS-VWSS,3341.25
SM-VMC-RSS-VWSS,2277
SM-VMC-RSS-VWSS,1955.25
SM-VMC-RSS-VWEB,3762
SM-VMC-RSS-VWEB,3341.25
SM-VMC-RSS-VWEB,2277
SM-VMC-RSS-VWEB,1955.25
SM-VMC-RSS-VWOS,17905.6
SM-VMC-RSS-VWOS,15903
SM-VMC-RSS-VWOS,10837.6
SM-VMC-RSS-VWOS,9306.2
SM-VMC-RSS-VWPS,8952.8
SM-VMC-RSS-VWPS,7951.5
SM-VMC-RSS-VWPS,5418.8
SM-VMC-RSS-VWPS,4653.1
SM-VMC-RSS-VMCWSE,1254
SM-VMC-RSS-VMCWSE,1113.75
SM-VMC-RSS-VMCWSE,759
SM-VMC-RSS-VMCWSE,651.75
SM-VMC-RSS-VMPS,5396
SM-VMC-RSS-VMPS,4792.5
SM-VMC-RSS-VMPS,3266
SM-VMC-RSS-VMPS,2804.5
SM-VMC-RSS-VMPS-TECH,4792.5
SM-VMC-RSS-VISPA,1003.2
SM-VMC-RSS-VISPA,891
SM-VMC-RSS-VISPA,607.2
SM-VMC-RSS-VISPA,521.4
VM-DDL-RRM-VULNRE-TECH,0.16
VM-BSL-RSL-WASCBS,559.36
VM-BSL-RSL-WASCBS,496.8
VM-BSL-RSL-WASCBS,338.56
VM-BSL-RSL-WASCBS,290.72
VM-DDL-RSP-WCAFIRS,9120
VM-DDL-RSP-WCAFIRS,8100
VM-DDL-RSP-WCAFIRS,5520
VM-DDL-RSP-WCAFIRS,4740
VM-VLM-RSP-WPTRS,9120
VM-VLM-RSP-WPTRS,8100
VM-VLM-RSP-WPTRS,5520
VM-VLM-RSP-WPTRS,4740
VM-BSL-RSL-WSSAW,45.52
VM-BSL-RSL-WSSAW,40.43
VM-BSL-RSL-WSSAW,27.55
VM-BSL-RSL-WSSAW,23.66
BI-ABS-RSS-ABSTSU,69.92
BI-ABS-RSS-ABSTSU,62.1
BI-ABS-RSS-ABSTSU,42.32
BI-ABS-RSS-ABSTSU,36.34
BI-ABS-RSS-ABSTSU-TECH,46
BI-AD-RSS-ANYDSU,4108.56
BI-AD-RSS-ANYDSU,3649.05
BI-AD-RSS-ANYDSU,2486.76
BI-AD-RSS-ANYDSU,2135.37
BI-SDW-RSS-CDCMS,3344
BI-SDW-RSS-CDCMS,2970
BI-SDW-RSS-CDCMS,2024
BI-SDW-RSS-CDCMS,1738
BI-SDW-RSS-CMS,1520
BI-SDW-RSS-CMS,1350
BI-SDW-RSS-CMS,920
BI-SDW-RSS-CMS,790
BI-SDW-RSS-DATA,2090
BI-SDW-RSS-DATA,1856.25
BI-SDW-RSS-DATA,1265
BI-SDW-RSS-DATA,1086.25
BI-SDW-RSS-DSVBS,1520
BI-SDW-RSS-DSVBS,1350
BI-SDW-RSS-DSVBS,920
BI-SDW-RSS-DSVBS,790
BI-DB-RSS-DEPLSU,20699.36
BI-DB-RSS-DEPLSU,18384.3
BI-DB-RSS-DEPLSU,12528.56
BI-DB-RSS-DEPLSU,10758.22
BI-DB-RSS-DEPLSU-TECH,13618
BI-SDW-RSS-EDSS,2090
BI-SDW-RSS-EDSS,1856.25
BI-SDW-RSS-EDSS,1265
BI-SDW-RSS-EDSS,1086.25
BI-ESN-RSS-ENUS,209.76
BI-ESN-RSS-ENUS,186.3
BI-ESN-RSS-ENUS,126.96
BI-ESN-RSS-ENUS,109.02
BI-ESN-RSS-ENUS-TECH,138
BI-SDW-RSS-EES,2090
BI-SDW-RSS-EES,1856.25
BI-SDW-RSS-EES,1265
BI-SDW-RSS-EES,1086.25
BI-SDW-RSS-EMMS,1520
BI-SDW-RSS-EMMS,1350
BI-SDW-RSS-EMMS,920
BI-SDW-RSS-EMMS,790
BI-ESN-RSS-ESENSU,4987.12
BI-ESN-RSS-ESENSU,4429.35
BI-ESN-RSS-ESENSU,3018.52
BI-ESN-RSS-ESENSU,2591.99
BI-ESN-RSS-ESENFU,5037.28
BI-ESN-RSS-ESENFU,4473.9
BI-ESN-RSS-ESENFU,3048.88
BI-ESN-RSS-ESENFU,2618.06
BI-ESN-RSS-ESENFU-TECH,3314
BI-ISA-RSS-INSISU,544.16
BI-ISA-RSS-INSISU,483.3
BI-ISA-RSS-INSISU,329.36
BI-ISA-RSS-INSISU,282.82
BI-ISA-RSS-IACS,2090
BI-ISA-RSS-IACS,1856.25
BI-ISA-RSS-IACS,1265
BI-ISA-RSS-IACS,1086.25
BI-ISA-RSS-IACS-TECH,2090
BI-ISA-RSS-IAPS,16720
BI-ISA-RSS-IAPS,14850
BI-ISA-RSS-IAPS,10120
BI-ISA-RSS-IAPS,8690
BI-ISA-RSS-IAPS-TECH,11000
BI-ISA-RSS-IAPROS,6688
BI-ISA-RSS-IAPROS,5940
BI-ISA-RSS-IAPROS,4048
BI-ISA-RSS-IAPROS,3476
BI-ISA-RSS-IAPROS-TECH,3476
BI-SDW-RSS-PLS,1520
BI-SDW-RSS-PLS,1350
BI-SDW-RSS-PLS,920
BI-SDW-RSS-PLS,790
BI-QRW-RSS-QRWSUB,2261.76
BI-QRW-RSS-QRWSUB,2008.8
BI-QRW-RSS-QRWSUB,1368.96
BI-QRW-RSS-QRWSUB,1175.52
BI-QRW-RSS-QRWSUB-TECH,1488
BI-SDW-RSS-RDPS,1520
BI-SDW-RSS-RDPS,1350
BI-SDW-RSS-RDPS,920
BI-SDW-RSS-RDPS,790
BI-SDW-RSS-RDSS,2090
BI-SDW-RSS-RDSS,1856.25
BI-SDW-RSS-RDSS,1265
BI-SDW-RSS-RDSS,1086.25
BI-SQ-RSS-SEQUES,16624.24
BI-SQ-RSS-SEQUES,14764.95
BI-SQ-RSS-SEQUES,10062.04
BI-SQ-RSS-SEQUES,8640.23
BI-SQ-RSS-SUBS,3774.16
BI-SQ-RSS-SUBS,3352.05
BI-SQ-RSS-SUBS,2284.36
BI-SQ-RSS-SUBS,1961.57
BI-CRO-RSS-SCRS,735.68
BI-CRO-RSS-SCRS,653.4
BI-CRO-RSS-SCRS,445.28
BI-CRO-RSS-SCRS,382.36
BI-SDW-RSS-SDWS,16552.8
BI-SDW-RSS-SDWS,14701.5
BI-SDW-RSS-SDWS,10018.8
BI-SDW-RSS-SDWS,8603.1
BI-SDW-RSS-SDWSLBES,14964.4
BI-SDW-RSS-SDWSLBES,13290.75
BI-SDW-RSS-SDWSLBES,9057.4
BI-SDW-RSS-SDWSLBES,7777.55
BI-SDW-RSS-SDWSLBES-TECH,9845
BI-SDW-RSS-SDWSLGES,31684.4
BI-SDW-RSS-SDWSLGES,28140.75
BI-SDW-RSS-SDWSLGES,19177.4
BI-SDW-RSS-SDWSLGES,16467.55
BI-SDW-RSS-SDWSLGES-TECH,20845
BI-SDW-RSS-SDWSLPES,41716.4
BI-SDW-RSS-SDWSLPES,37050.75
BI-SDW-RSS-SDWSLPES,25249.4
BI-SDW-RSS-SDWSLPES,21681.55
BI-SDW-RSS-SDWSLPES-TECH,27445
BI-SDW-RSS-SDWSLSES,23324.4
BI-SDW-RSS-SDWSLSES,20715.75
BI-SDW-RSS-SDWSLSES,14117.4
BI-SDW-RSS-SDWSLSES,12122.55
BI-SDW-RSS-SDWSLSES-TECH,15345
BI-SDW-RSS-SDWBBES,22488.4
BI-SDW-RSS-SDWBBES,19973.25
BI-SDW-RSS-SDWBBES,13611.4
BI-SDW-RSS-SDWBBES,11688.05
BI-SDW-RSS-SDWBBES-TECH,14795
BI-SDW-RSS-SDWBGES,39208.4
BI-SDW-RSS-SDWBGES,34823.25
BI-SDW-RSS-SDWBGES,23731.4
BI-SDW-RSS-SDWBGES,20378.05
BI-SDW-RSS-SDWBGES-TECH,25795
BI-SDW-RSS-SDWBPES,49240.4
BI-SDW-RSS-SDWBPES,43733.25
BI-SDW-RSS-SDWBPES,29803.4
BI-SDW-RSS-SDWBPES,25592.05
BI-SDW-RSS-SDWBSES,30848.4
BI-SDW-RSS-SDWBSES,27398.25
BI-SDW-RSS-SDWBSES,18671.4
BI-SDW-RSS-SDWBSES,16033.05
BI-SQ-RSP-SQLRS,418
BI-SQ-RSP-SQLRS,371.25
BI-SQ-RSP-SQLRS,253
BI-SQ-RSP-SQLRS,217.25
BI-QRW-RSS-SREPS,278.16
BI-QRW-RSS-SREPS,247.05
BI-QRW-RSS-SREPS,168.36
BI-QRW-RSS-SREPS,144.57
BI-SQ-RSS-SRDS,1667.44
BI-SQ-RSS-SRDS,1480.95
BI-SQ-RSS-SRDS,1009.24
BI-SQ-RSS-SRDS,866.63
BI-SQ-RSS-SSMBPS,4272.72
BI-SQ-RSS-SSMBPS,3794.85
BI-SQ-RSS-SSMBPS,2586.12
BI-SQ-RSS-SSMBPS,2220.69
BI-SQ-RSS-SSMBPS-TECH,2811
BI-SQ-RSS-SSMBSS,3185.92
BI-SQ-RSS-SSMBSS,2829.6
BI-SQ-RSS-SSMBSS,1928.32
BI-SQ-RSS-SSMBSS,1655.84
BI-SQ-RSS-SSMBSS-TECH,2096
BI-SQ-RSS-SSMB,1667.44
BI-SQ-RSS-SSMB,1480.95
BI-SQ-RSS-SSMB,1009.24
BI-SQ-RSS-SSMB,866.63
BI-SQ-RSS-SSMB-TECH,1097
BI-SQ-RSS-SESOLU,16791.44
BI-SQ-RSS-SESOLU,14913.45
BI-SQ-RSS-SESOLU,10163.24
BI-SQ-RSS-SESOLU,8727.13
BI-SWI-RSS-SWIS,5046.4
BI-SWI-RSS-SWIS,4482
BI-SWI-RSS-SWIS,3054.4
BI-SWI-RSS-SWIS,2622.8
BI-CRO-RSS-SHCL,735.68
BI-CRO-RSS-SHCL,653.4
BI-CRO-RSS-SHCL,445.28
BI-CRO-RSS-SHCL,382.36
BI-QRW-RSP-SHCRS,418
BI-QRW-RSP-SHCRS,371.25
BI-QRW-RSP-SHCRS,253
BI-QRW-RSP-SHCRS,217.25
BI-QRW-RSP-SHCRS-TECH,275
BI-SDW-RSS-TRENSU,13538.64
BI-SDW-RSS-TRENSU,12024.45
BI-SDW-RSS-TRENSU,8194.44
BI-SDW-RSS-TRENSU,7036.53
BI-SDW-RSS-TRENSU-TECH,12024.45
BI-WB-RSS-WAREBS,3616.08
BI-WB-RSS-WAREBS,3211.65
BI-WB-RSS-WAREBS,2188.68
BI-WB-RSS-WAREBS,1879.41
BI-WM-RSS-WAREMS,1810.32
BI-WM-RSS-WAREMS,1607.85
BI-WM-RSS-WAREMS,1095.72
BI-WM-RSS-WAREMS,940.89
BI-SQ-RSS-WEBESS,472.72
BI-SQ-RSS-WEBESS,419.85
BI-SQ-RSS-WEBESS,286.12
BI-SQ-RSS-WEBESS,245.69
PIA-PIA-NRPS-PIAP,355
PIA-PIA-NRPS-PIAP,355
FIM-FIM-NRPS-TESP,10640
FIM-FIM-NRPS-TESP,9450
FIM-FIM-NRPS-TESP,6440
FIM-FIM-NRPS-TESP,5530
FIM-FIM-NRPS-TESP,7000
FIM-FIM-NRPS-TEAI,31920
FIM-FIM-NRPS-TEAI,28350
FIM-FIM-NRPS-TEAI,19320
FIM-FIM-NRPS-TEAI,16590
FIM-FIM-NRPS-TEAI,21000
FIM-FIM-NRPS-TEDP,8937.6
FIM-FIM-NRPS-TEDP,7938
FIM-FIM-NRPS-TEDP,5409.6
FIM-FIM-NRPS-TEDP,4645.2
FIM-FIM-NRPS-TEDP,5880
FIM-FIM-NRPS-TEEP,7600
FIM-FIM-NRPS-TEEP,6750
FIM-FIM-NRPS-TEEP,4600
FIM-FIM-NRPS-TEEP,3950
FIM-FIM-NRPS-TEEP,5000
FIM-FML-NRPS-TFSWOR,228
FIM-FML-NRPS-TFSWOR,202.5
FIM-FML-NRPS-TFSWOR,138
FIM-FML-NRPS-TFSWOR,118.5
FIM-FML-NRPS-TFSWOR,150
FIM-FML-NRPS-VEMEVP,52820
FIM-FML-NRPS-VEMEVP,46912.5
FIM-FML-NRPS-VEMEVP,31970
FIM-FML-NRPS-VEMEVP,27452.5
FIM-FML-NRPS-VEMEVP,34750
FIM-FIM-NRPS-VEMELP,18734
FIM-FIM-NRPS-VEMELP,16638.75
FIM-FIM-NRPS-VEMELP,11339
FIM-FIM-NRPS-VEMELP,9736.75
FIM-FIM-NRPS-VEMELP,12325
FIM-FIM-NRPS-TEIDP,454.48
FIM-FIM-NRPS-TEIDP,403.65
FIM-FIM-NRPS-TEIDP,275.08
FIM-FIM-NRPS-TEIDP,236.21
FIM-FIM-NRPS-TEIDP,299
RPA-AUT-NRPS-AUP,275000
FIM-FML-NRPS-CCMNDP,226.48
FIM-FML-NRPS-CCMNDP,201.15
FIM-FML-NRPS-CCMNDP,137.08
FIM-FML-NRPS-CCMNDP,117.71
FIM-FML-NRPS-CCMNDP,149
FIM-FML-NRPS-CCMSER,302.48
FIM-FML-NRPS-CCMSER,268.65
FIM-FML-NRPS-CCMSER,183.08
FIM-FML-NRPS-CCMSER,157.21
FIM-FML-NRPS-CCMSER,199
FIM-FML-NRPS-CCMSIP,60.8
FIM-FML-NRPS-CCMSIP,54
FIM-FML-NRPS-CCMSIP,36.8
FIM-FML-NRPS-CCMSIP,31.6
FIM-FML-NRPS-CCMSIP,40
FIM-FIM-NRPS-CCMLIE,3052.16
FIM-FIM-NRPS-CCMLIE,2710.8
FIM-FIM-NRPS-CCMLIE,1847.36
FIM-FIM-NRPS-CCMLIE,1586.32
FIM-FIM-NRPS-CCMLIE,2008
FIM-FIM-NRPS-FIMDEP,100.32
FIM-FIM-NRPS-FIMDEP,89.1
FIM-FIM-NRPS-FIMDEP,60.72
FIM-FIM-NRPS-FIMDEP,52.14
FIM-FIM-NRPS-FIMDEP,66
FIM-FIM-NRPS-FIMFSP,904.4
FIM-FIM-NRPS-FIMFSP,803.25
FIM-FIM-NRPS-FIMFSP,547.4
FIM-FIM-NRPS-FIMFSP,470.05
FIM-FIM-NRPS-FIMFSP,595
FIM-FIM-NRPS-FIMLAR,149
FIM-FIM-NRPS-FIMMID,150.48
FIM-FIM-NRPS-FIMMID,133.65
FIM-FIM-NRPS-FIMMID,91.08
FIM-FIM-NRPS-FIMMID,78.21
FIM-FIM-NRPS-FIMMID,99
FIM-FIM-NRPS-FIMNDP,302.48
FIM-FIM-NRPS-FIMNDP,268.65
FIM-FIM-NRPS-FIMNDP,183.08
FIM-FIM-NRPS-FIMNDP,157.21
FIM-FIM-NRPS-FIMNDP,199
FIM-FIM-NRPS-FIMPOE,100.32
FIM-FIM-NRPS-FIMPOE,89.1
FIM-FIM-NRPS-FIMPOE,60.72
FIM-FIM-NRPS-FIMPOE,52.14
FIM-FIM-NRPS-FIMPOE,66
FIM-FIM-NRPS-FIMPSP,302.48
FIM-FIM-NRPS-FIMPSP,268.65
FIM-FIM-NRPS-FIMPSP,183.08
FIM-FIM-NRPS-FIMPSP,157.21
FIM-FIM-NRPS-FIMPSP,199
FIM-FIM-NRPS-FIMSMA,49
FIM-FIM-NRPS-FIMVEP,904.4
FIM-FIM-NRPS-FIMVEP,803.25
FIM-FIM-NRPS-FIMVEP,547.4
FIM-FIM-NRPS-FIMVEP,470.05
FIM-FIM-NRPS-FIMVEP,595
FIM-FIM-NRPS-FIMMPE,226.48
FIM-FIM-NRPS-FIMMPE,201.15
FIM-FIM-NRPS-FIMMPE,137.08
FIM-FIM-NRPS-FIMMPE,117.71
FIM-FIM-NRPS-FIMMPE,149
FIM-FIM-NRPS-PMDP,100.32
FIM-FIM-NRPS-PMDP,89.1
FIM-FIM-NRPS-PMDP,60.72
FIM-FIM-NRPS-PMDP,52.14
FIM-FIM-NRPS-PMDP,66
FIM-FIM-NRPS-PMFSP,904.4
FIM-FIM-NRPS-PMFSP,803.25
FIM-FIM-NRPS-PMFSP,547.4
FIM-FIM-NRPS-PMFSP,470.05
FIM-FIM-NRPS-PMFSP,595
FIM-FIM-NRPS-PMNDP,302.48
FIM-FIM-NRPS-PMNDP,268.65
FIM-FIM-NRPS-PMNDP,183.08
FIM-FIM-NRPS-PMNDP,157.21
FIM-FIM-NRPS-PMNDP,199
FIM-FIM-NRPS-PMPP,100.32
FIM-FIM-NRPS-PMPP,89.1
FIM-FIM-NRPS-PMPP,60.72
FIM-FIM-NRPS-PMPP,52.14
FIM-FIM-NRPS-PMPP,66
FIM-FIM-NRPS-PMPSP,302.48
FIM-FIM-NRPS-PMPSP,268.65
FIM-FIM-NRPS-PMPSP,183.08
FIM-FIM-NRPS-PMPSP,157.21
FIM-FIM-NRPS-PMPSP,199
FIM-FIM-NRPS-PMVEP,904.4
FIM-FIM-NRPS-PMVEP,803.25
FIM-FIM-NRPS-PMVEP,547.4
FIM-FIM-NRPS-PMVEP,470.05
FIM-FIM-NRPS-PMVEP,595
FIM-FIM-NRPS-TRIPWI,17480
FIM-FIM-NRPS-TRIPWI,15525
FIM-FIM-NRPS-TRIPWI,10580
FIM-FIM-NRPS-TRIPWI,9085
FIM-FIM-NRPS-TRIPWI,11500
FIM-FIM-NRPS-TECP,10632.4
FIM-FIM-NRPS-TECP,9443.25
FIM-FIM-NRPS-TECP,6435.4
FIM-FIM-NRPS-TECP,5526.05
FIM-FIM-NRPS-TECP,6995
FIM-FIM-NRPS-TEECP,910.48
FIM-FIM-NRPS-TEECP,808.65
FIM-FIM-NRPS-TEECP,551.08
FIM-FIM-NRPS-TEECP,473.21
FIM-FIM-NRPS-TEECP,599
FIM-FIM-NRPS-TRIPEN,150.48
FIM-FIM-NRPS-TRIPEN,133.65
FIM-FIM-NRPS-TRIPEN,91.08
FIM-FIM-NRPS-TRIPEN,78.21
FIM-FIM-NRPS-TRIPEN,99
FIM-FIM-NRPS-TEFSP,1360.4
FIM-FIM-NRPS-TEFSP,1208.25
FIM-FIM-NRPS-TEFSP,823.4
FIM-FIM-NRPS-TEFSP,707.05
FIM-FIM-NRPS-TEFSP,895
FIM-FIM-NRPS-TEACAD,7000
FIM-FIM-NRPS-TAIP,5107.2
FIM-FIM-NRPS-TAIP,4536
FIM-FIM-NRPS-TAIP,3091.2
FIM-FIM-NRPS-TAIP,2654.4
FIM-FIM-NRPS-TAIP,3360
FIM-FIM-NRPS-TELP,299
FIM-FIM-NRPS-TRENTE,349
FIM-FIM-NRPS-TEMEP,454.48
FIM-FIM-NRPS-TEMEP,403.65
FIM-FIM-NRPS-TEMEP,275.08
FIM-FIM-NRPS-TEMEP,236.21
FIM-FIM-NRPS-TEMEP,299
FIM-FIM-NRPS-TEMIP,454.48
FIM-FIM-NRPS-TEMIP,403.65
FIM-FIM-NRPS-TEMIP,275.08
FIM-FIM-NRPS-TEMIP,236.21
FIM-FIM-NRPS-TEMIP,299
FIM-FIM-NRPS-TEMP,302.48
FIM-FIM-NRPS-TEMP,268.65
FIM-FIM-NRPS-TEMP,183.08
FIM-FIM-NRPS-TEMP,157.21
FIM-FIM-NRPS-TEMP,199
FIM-FIM-NRPS-TRIPEM,378.48
FIM-FIM-NRPS-TRIPEM,336.15
FIM-FIM-NRPS-TRIPEM,229.08
FIM-FIM-NRPS-TRIPEM,196.71
FIM-FIM-NRPS-TRIPEM,249
FIM-FIM-NRPS-TENDP,454.48
FIM-FIM-NRPS-TENDP,403.65
FIM-FIM-NRPS-TENDP,275.08
FIM-FIM-NRPS-TENDP,236.21
FIM-FIM-NRPS-TENDP,299
FIM-FIM-NRPS-TEPP,150.48
FIM-FIM-NRPS-TEPP,133.65
FIM-FIM-NRPS-TEPP,91.08
FIM-FIM-NRPS-TEPP,78.21
FIM-FIM-NRPS-TEPP,99
FIM-FIM-NRPS-TEPSP,454.48
FIM-FIM-NRPS-TEPSP,403.65
FIM-FIM-NRPS-TEPSP,275.08
FIM-FIM-NRPS-TEPSP,236.21
FIM-FIM-NRPS-TEPSP,299
FIM-FIM-NRPS-TRFP,99
FIM-FIM-NRPS-TRIPES,149
FIM-FIM-NRPS-TDP,454.48
FIM-FIM-NRPS-TDP,403.65
FIM-FIM-NRPS-TDP,275.08
FIM-FIM-NRPS-TDP,236.21
FIM-FIM-NRPS-TDP,299
FIM-FIM-NRPS-TDSP,454.48
FIM-FIM-NRPS-TDSP,403.65
FIM-FIM-NRPS-TDSP,275.08
FIM-FIM-NRPS-TDSP,236.21
FIM-FIM-NRPS-TDSP,299
FIM-FML-NRPS-TSP,904.4
FIM-FML-NRPS-TSP,803.25
FIM-FML-NRPS-TSP,547.4
FIM-FML-NRPS-TSP,470.05
FIM-FML-NRPS-TSP,595
FIM-TLC-NRPS-TLCP,89.68
FIM-TLC-NRPS-TLCP,79.65
FIM-TLC-NRPS-TLCP,54.28
FIM-TLC-NRPS-TLCP,46.61
FIM-TLC-NRPS-TLCP,59
FIM-TLC-NRPS-TLCCP,10632.4
FIM-TLC-NRPS-TLCCP,9443.25
FIM-TLC-NRPS-TLCCP,6435.4
FIM-TLC-NRPS-TLCCP,5526.05
FIM-TLC-NRPS-TLCCP,6995
FIM-TLC-NRPS-TRILOG,50.16
FIM-TLC-NRPS-TRILOG,44.55
FIM-TLC-NRPS-TRILOG,30.36
FIM-TLC-NRPS-TRILOG,26.07
FIM-TLC-NRPS-TRILOG,33
FIM-TLC-NRPS-TLOG,150.48
FIM-TLC-NRPS-TLOG,133.65
FIM-TLC-NRPS-TLOG,91.08
FIM-TLC-NRPS-TLOG,78.21
FIM-TLC-NRPS-TLOG,99
FIM-FIM-NRPS-VEMEEP,7288.4
FIM-FIM-NRPS-VEMEEP,6473.25
FIM-FIM-NRPS-VEMEEP,4411.4
FIM-FIM-NRPS-VEMEEP,3788.05
FIM-FIM-NRPS-VEMEEP,4795
FIM-TLC-NRPS-TLCIEP,150.48
FIM-TLC-NRPS-TLCIEP,133.65
FIM-TLC-NRPS-TLCIEP,91.08
FIM-TLC-NRPS-TLCIEP,78.21
FIM-TLC-NRPS-TLCIEP,99
FIM-TLC-NRPS-TRLOCM,150.48
FIM-TLC-NRPS-TRLOCM,133.65
FIM-TLC-NRPS-TRLOCM,91.08
FIM-TLC-NRPS-TRLOCM,78.21
FIM-TLC-NRPS-TRLOCM,99
FIM-TLC-NRPS-TRLOCN,150.48
FIM-TLC-NRPS-TRLOCN,133.65
FIM-TLC-NRPS-TRLOCN,91.08
FIM-TLC-NRPS-TRLOCN,78.21
FIM-TLC-NRPS-TRLOCN,99
FIM-TLC-NRPS-TRLOCP,50.16
FIM-TLC-NRPS-TRLOCP,44.55
FIM-TLC-NRPS-TRLOCP,30.36
FIM-TLC-NRPS-TRLOCP,26.07
FIM-TLC-NRPS-TRLOCP,33
FIM-TLC-NRPS-TLOCPO,150.48
FIM-TLC-NRPS-TLOCPO,133.65
FIM-TLC-NRPS-TLOCPO,91.08
FIM-TLC-NRPS-TLOCPO,78.21
FIM-TLC-NRPS-TLOCPO,99
FIM-TLC-NRPS-TLOCVM,448.4
FIM-TLC-NRPS-TLOCVM,398.25
FIM-TLC-NRPS-TLOCVM,271.4
FIM-TLC-NRPS-TLOCVM,233.05
FIM-TLC-NRPS-TLOCVM,295
FIM-TLC-NRPS-TLCMP,22792.4
FIM-TLC-NRPS-TLCMP,20243.25
FIM-TLC-NRPS-TLCMP,13795.4
FIM-TLC-NRPS-TLCMP,11846.05
FIM-TLC-NRPS-TLCMP,14995
FIM-TLC-NRPS-TRLOCR,44.08
FIM-TLC-NRPS-TRLOCR,39.15
FIM-TLC-NRPS-TRLOCR,26.68
FIM-TLC-NRPS-TRLOCR,22.91
FIM-TLC-NRPS-TRLOCR,29
FIM-FML-NRPS-TMP,10632.4
FIM-FML-NRPS-TMP,9443.25
FIM-FML-NRPS-TMP,6435.4
FIM-FML-NRPS-TMP,5526.05
FIM-FML-NRPS-TMP,6995
FIM-FIM-NRPS-TRST,14440
FIM-FIM-NRPS-TRST,12825
FIM-FIM-NRPS-TRST,8740
FIM-FIM-NRPS-TRST,7505
FIM-FIM-NRPS-TRST,9500
FIM-FIM-NRPS-TESP,10640
FIM-FIM-NRPS-TESP,9450
FIM-FIM-NRPS-TESP,6440
FIM-FIM-NRPS-TESP,5530
FIM-FIM-NRPS-TESP,7000
FIM-FIM-NRPS-TEAI,31920
FIM-FIM-NRPS-TEAI,28350
FIM-FIM-NRPS-TEAI,19320
FIM-FIM-NRPS-TEAI,16590
FIM-FIM-NRPS-TEAI,21000
FIM-FIM-NRPS-TEDP,8937.6
FIM-FIM-NRPS-TEDP,7938
FIM-FIM-NRPS-TEDP,5409.6
FIM-FIM-NRPS-TEDP,4645.2
FIM-FIM-NRPS-TEDP,5880
FIM-FIM-NRPS-TEEP,7600
FIM-FIM-NRPS-TEEP,6750
FIM-FIM-NRPS-TEEP,4600
FIM-FIM-NRPS-TEEP,3950
FIM-FIM-NRPS-TEEP,5000
FIM-FML-NRPS-TFSWOR,228
FIM-FML-NRPS-TFSWOR,202.5
FIM-FML-NRPS-TFSWOR,138
FIM-FML-NRPS-TFSWOR,118.5
FIM-FML-NRPS-TFSWOR,150
FIM-FML-NRPS-VEMEVP,52820
FIM-FML-NRPS-VEMEVP,46912.5
FIM-FML-NRPS-VEMEVP,31970
FIM-FML-NRPS-VEMEVP,27452.5
FIM-FML-NRPS-VEMEVP,34750
FIM-FIM-NRPS-VEMELP,18734
FIM-FIM-NRPS-VEMELP,16638.75
FIM-FIM-NRPS-VEMELP,11339
FIM-FIM-NRPS-VEMELP,9736.75
FIM-FIM-NRPS-VEMELP,12325
FIM-FIM-NRPS-TEIDP,454.48
FIM-FIM-NRPS-TEIDP,403.65
FIM-FIM-NRPS-TEIDP,275.08
FIM-FIM-NRPS-TEIDP,236.21
FIM-FIM-NRPS-TEIDP,299
RPA-AUT-NRPS-AUP,418000
RPA-AUT-NRPS-AUP,371250
RPA-AUT-NRPS-AUP,253000
RPA-AUT-NRPS-AUP,217250
RPA-AUT-NRPS-AUP,275000
FIM-FML-NRPS-CCMNDP,226.48
FIM-FML-NRPS-CCMNDP,201.15
FIM-FML-NRPS-CCMNDP,137.08
FIM-FML-NRPS-CCMNDP,117.71
FIM-FML-NRPS-CCMNDP,149
FIM-FML-NRPS-CCMSER,302.48
FIM-FML-NRPS-CCMSER,268.65
FIM-FML-NRPS-CCMSER,183.08
FIM-FML-NRPS-CCMSER,157.21
FIM-FML-NRPS-CCMSER,199
FIM-FML-NRPS-CCMSIP,60.8
FIM-FML-NRPS-CCMSIP,54
FIM-FML-NRPS-CCMSIP,36.8
FIM-FML-NRPS-CCMSIP,31.6
FIM-FML-NRPS-CCMSIP,40
FIM-FIM-NRPS-CCMLIE,3052.16
FIM-FIM-NRPS-CCMLIE,2710.8
FIM-FIM-NRPS-CCMLIE,1847.36
FIM-FIM-NRPS-CCMLIE,1586.32
FIM-FIM-NRPS-CCMLIE,2008
FIM-FIM-NRPS-FIMDEP,100.32
FIM-FIM-NRPS-FIMDEP,89.1
FIM-FIM-NRPS-FIMDEP,60.72
FIM-FIM-NRPS-FIMDEP,52.14
FIM-FIM-NRPS-FIMDEP,66
FIM-FIM-NRPS-FIMFSP,904.4
FIM-FIM-NRPS-FIMFSP,803.25
FIM-FIM-NRPS-FIMFSP,547.4
FIM-FIM-NRPS-FIMFSP,470.05
FIM-FIM-NRPS-FIMFSP,595
FIM-FIM-NRPS-FIMLAR,226.48
FIM-FIM-NRPS-FIMLAR,201.15
FIM-FIM-NRPS-FIMLAR,137.08
FIM-FIM-NRPS-FIMLAR,117.71
FIM-FIM-NRPS-FIMLAR,149
FIM-FIM-NRPS-FIMMID,150.48
FIM-FIM-NRPS-FIMMID,133.65
FIM-FIM-NRPS-FIMMID,91.08
FIM-FIM-NRPS-FIMMID,78.21
FIM-FIM-NRPS-FIMMID,99
FIM-FIM-NRPS-FIMNDP,302.48
FIM-FIM-NRPS-FIMNDP,268.65
FIM-FIM-NRPS-FIMNDP,183.08
FIM-FIM-NRPS-FIMNDP,157.21
FIM-FIM-NRPS-FIMNDP,199
FIM-FIM-NRPS-FIMPOE,100.32
FIM-FIM-NRPS-FIMPOE,89.1
FIM-FIM-NRPS-FIMPOE,60.72
FIM-FIM-NRPS-FIMPOE,52.14
FIM-FIM-NRPS-FIMPOE,66
FIM-FIM-NRPS-FIMPSP,302.48
FIM-FIM-NRPS-FIMPSP,268.65
FIM-FIM-NRPS-FIMPSP,183.08
FIM-FIM-NRPS-FIMPSP,157.21
FIM-FIM-NRPS-FIMPSP,199
FIM-FIM-NRPS-FIMSMA,74.48
FIM-FIM-NRPS-FIMSMA,66.15
FIM-FIM-NRPS-FIMSMA,45.08
FIM-FIM-NRPS-FIMSMA,38.71
FIM-FIM-NRPS-FIMSMA,49
FIM-FIM-NRPS-FIMVEP,904.4
FIM-FIM-NRPS-FIMVEP,803.25
FIM-FIM-NRPS-FIMVEP,547.4
FIM-FIM-NRPS-FIMVEP,470.05
FIM-FIM-NRPS-FIMVEP,595
FIM-FIM-NRPS-FIMMPE,226.48
FIM-FIM-NRPS-FIMMPE,201.15
FIM-FIM-NRPS-FIMMPE,137.08
FIM-FIM-NRPS-FIMMPE,117.71
FIM-FIM-NRPS-FIMMPE,149
FIM-FIM-NRPS-PMDP,100.32
FIM-FIM-NRPS-PMDP,89.1
FIM-FIM-NRPS-PMDP,60.72
FIM-FIM-NRPS-PMDP,52.14
FIM-FIM-NRPS-PMDP,66
FIM-FIM-NRPS-PMFSP,904.4
FIM-FIM-NRPS-PMFSP,803.25
FIM-FIM-NRPS-PMFSP,547.4
FIM-FIM-NRPS-PMFSP,470.05
FIM-FIM-NRPS-PMFSP,595
FIM-FIM-NRPS-PMNDP,302.48
FIM-FIM-NRPS-PMNDP,268.65
FIM-FIM-NRPS-PMNDP,183.08
FIM-FIM-NRPS-PMNDP,157.21
FIM-FIM-NRPS-PMNDP,199
FIM-FIM-NRPS-PMPP,100.32
FIM-FIM-NRPS-PMPP,89.1
FIM-FIM-NRPS-PMPP,60.72
FIM-FIM-NRPS-PMPP,52.14
FIM-FIM-NRPS-PMPP,66
FIM-FIM-NRPS-PMPSP,302.48
FIM-FIM-NRPS-PMPSP,268.65
FIM-FIM-NRPS-PMPSP,183.08
FIM-FIM-NRPS-PMPSP,157.21
FIM-FIM-NRPS-PMPSP,199
FIM-FIM-NRPS-PMVEP,904.4
FIM-FIM-NRPS-PMVEP,803.25
FIM-FIM-NRPS-PMVEP,547.4
FIM-FIM-NRPS-PMVEP,470.05
FIM-FIM-NRPS-PMVEP,595
FIM-FIM-NRPS-TRIPWI,17480
FIM-FIM-NRPS-TRIPWI,15525
FIM-FIM-NRPS-TRIPWI,10580
FIM-FIM-NRPS-TRIPWI,9085
FIM-FIM-NRPS-TRIPWI,11500
FIM-FIM-NRPS-TECP,10632.4
FIM-FIM-NRPS-TECP,9443.25
FIM-FIM-NRPS-TECP,6435.4
FIM-FIM-NRPS-TECP,5526.05
FIM-FIM-NRPS-TECP,6995
FIM-FIM-NRPS-TEECP,910.48
FIM-FIM-NRPS-TEECP,808.65
FIM-FIM-NRPS-TEECP,551.08
FIM-FIM-NRPS-TEECP,473.21
FIM-FIM-NRPS-TEECP,599
FIM-FIM-NRPS-TRIPEN,150.48
FIM-FIM-NRPS-TRIPEN,133.65
FIM-FIM-NRPS-TRIPEN,91.08
FIM-FIM-NRPS-TRIPEN,78.21
FIM-FIM-NRPS-TRIPEN,99
FIM-FIM-NRPS-TEFSP,1360.4
FIM-FIM-NRPS-TEFSP,1208.25
FIM-FIM-NRPS-TEFSP,823.4
FIM-FIM-NRPS-TEFSP,707.05
FIM-FIM-NRPS-TEFSP,895
FIM-FIM-NRPS-TEACAD,10640
FIM-FIM-NRPS-TEACAD,9450
FIM-FIM-NRPS-TEACAD,6440
FIM-FIM-NRPS-TEACAD,5530
FIM-FIM-NRPS-TEACAD,7000
FIM-FIM-NRPS-TAIP,5107.2
FIM-FIM-NRPS-TAIP,4536
FIM-FIM-NRPS-TAIP,3091.2
FIM-FIM-NRPS-TAIP,2654.4
FIM-FIM-NRPS-TAIP,3360
FIM-FIM-NRPS-TELP,454.48
FIM-FIM-NRPS-TELP,403.65
FIM-FIM-NRPS-TELP,275.08
FIM-FIM-NRPS-TELP,236.21
FIM-FIM-NRPS-TELP,299
FIM-FIM-NRPS-TRENTE,530.48
FIM-FIM-NRPS-TRENTE,471.15
FIM-FIM-NRPS-TRENTE,321.08
FIM-FIM-NRPS-TRENTE,275.71
FIM-FIM-NRPS-TRENTE,349
FIM-FIM-NRPS-TEMEP,454.48
FIM-FIM-NRPS-TEMEP,403.65
FIM-FIM-NRPS-TEMEP,275.08
FIM-FIM-NRPS-TEMEP,236.21
FIM-FIM-NRPS-TEMEP,299
FIM-FIM-NRPS-TEMIP,454.48
FIM-FIM-NRPS-TEMIP,403.65
FIM-FIM-NRPS-TEMIP,275.08
FIM-FIM-NRPS-TEMIP,236.21
FIM-FIM-NRPS-TEMIP,299
FIM-FIM-NRPS-TEMP,302.48
FIM-FIM-NRPS-TEMP,268.65
FIM-FIM-NRPS-TEMP,183.08
FIM-FIM-NRPS-TEMP,157.21
FIM-FIM-NRPS-TEMP,199
FIM-FIM-NRPS-TRIPEM,378.48
FIM-FIM-NRPS-TRIPEM,336.15
FIM-FIM-NRPS-TRIPEM,229.08
FIM-FIM-NRPS-TRIPEM,196.71
FIM-FIM-NRPS-TRIPEM,249
FIM-FIM-NRPS-TENDP,454.48
FIM-FIM-NRPS-TENDP,403.65
FIM-FIM-NRPS-TENDP,275.08
FIM-FIM-NRPS-TENDP,236.21
FIM-FIM-NRPS-TENDP,299
FIM-FIM-NRPS-TEPP,150.48
FIM-FIM-NRPS-TEPP,133.65
FIM-FIM-NRPS-TEPP,91.08
FIM-FIM-NRPS-TEPP,78.21
FIM-FIM-NRPS-TEPP,99
FIM-FIM-NRPS-TEPSP,454.48
FIM-FIM-NRPS-TEPSP,403.65
FIM-FIM-NRPS-TEPSP,275.08
FIM-FIM-NRPS-TEPSP,236.21
FIM-FIM-NRPS-TEPSP,299
FIM-FIM-NRPS-TRFP,150.48
FIM-FIM-NRPS-TRFP,133.65
FIM-FIM-NRPS-TRFP,91.08
FIM-FIM-NRPS-TRFP,78.21
FIM-FIM-NRPS-TRFP,99
FIM-FIM-NRPS-TRIPES,226.48
FIM-FIM-NRPS-TRIPES,201.15
FIM-FIM-NRPS-TRIPES,137.08
FIM-FIM-NRPS-TRIPES,117.71
FIM-FIM-NRPS-TRIPES,149
FIM-FIM-NRPS-TDP,454.48
FIM-FIM-NRPS-TDP,403.65
FIM-FIM-NRPS-TDP,275.08
FIM-FIM-NRPS-TDP,236.21
FIM-FIM-NRPS-TDP,299
FIM-FIM-NRPS-TDSP,454.48
FIM-FIM-NRPS-TDSP,403.65
FIM-FIM-NRPS-TDSP,275.08
FIM-FIM-NRPS-TDSP,236.21
FIM-FIM-NRPS-TDSP,299
FIM-FML-NRPS-TSP,904.4
FIM-FML-NRPS-TSP,803.25
FIM-FML-NRPS-TSP,547.4
FIM-FML-NRPS-TSP,470.05
FIM-FML-NRPS-TSP,595
FIM-TLC-NRPS-TLCP,89.68
FIM-TLC-NRPS-TLCP,79.65
FIM-TLC-NRPS-TLCP,54.28
FIM-TLC-NRPS-TLCP,46.61
FIM-TLC-NRPS-TLCP,59
FIM-TLC-NRPS-TLCCP,10632.4
FIM-TLC-NRPS-TLCCP,9443.25
FIM-TLC-NRPS-TLCCP,6435.4
FIM-TLC-NRPS-TLCCP,5526.05
FIM-TLC-NRPS-TLCCP,6995
FIM-TLC-NRPS-TRILOG,50.16
FIM-TLC-NRPS-TRILOG,44.55
FIM-TLC-NRPS-TRILOG,30.36
FIM-TLC-NRPS-TRILOG,26.07
FIM-TLC-NRPS-TRILOG,33
FIM-TLC-NRPS-TLOG,150.48
FIM-TLC-NRPS-TLOG,133.65
FIM-TLC-NRPS-TLOG,91.08
FIM-TLC-NRPS-TLOG,78.21
FIM-TLC-NRPS-TLOG,99
FIM-FIM-NRPS-VEMEEP,7288.4
FIM-FIM-NRPS-VEMEEP,6473.25
FIM-FIM-NRPS-VEMEEP,4411.4
FIM-FIM-NRPS-VEMEEP,3788.05
FIM-FIM-NRPS-VEMEEP,4795
FIM-TLC-NRPS-TLCIEP,150.48
FIM-TLC-NRPS-TLCIEP,133.65
FIM-TLC-NRPS-TLCIEP,91.08
FIM-TLC-NRPS-TLCIEP,78.21
FIM-TLC-NRPS-TLCIEP,99
FIM-TLC-NRPS-TRLOCM,150.48
FIM-TLC-NRPS-TRLOCM,133.65
FIM-TLC-NRPS-TRLOCM,91.08
FIM-TLC-NRPS-TRLOCM,78.21
FIM-TLC-NRPS-TRLOCM,99
FIM-TLC-NRPS-TRLOCN,150.48
FIM-TLC-NRPS-TRLOCN,133.65
FIM-TLC-NRPS-TRLOCN,91.08
FIM-TLC-NRPS-TRLOCN,78.21
FIM-TLC-NRPS-TRLOCN,99
FIM-TLC-NRPS-TRLOCP,50.16
FIM-TLC-NRPS-TRLOCP,44.55
FIM-TLC-NRPS-TRLOCP,30.36
FIM-TLC-NRPS-TRLOCP,26.07
FIM-TLC-NRPS-TRLOCP,33
FIM-TLC-NRPS-TLOCPO,150.48
FIM-TLC-NRPS-TLOCPO,133.65
FIM-TLC-NRPS-TLOCPO,91.08
FIM-TLC-NRPS-TLOCPO,78.21
FIM-TLC-NRPS-TLOCPO,99
FIM-TLC-NRPS-TLOCVM,448.4
FIM-TLC-NRPS-TLOCVM,398.25
FIM-TLC-NRPS-TLOCVM,271.4
FIM-TLC-NRPS-TLOCVM,233.05
FIM-TLC-NRPS-TLOCVM,295
FIM-TLC-NRPS-TLCMP,22792.4
FIM-TLC-NRPS-TLCMP,20243.25
FIM-TLC-NRPS-TLCMP,13795.4
FIM-TLC-NRPS-TLCMP,11846.05
FIM-TLC-NRPS-TLCMP,14995
FIM-TLC-NRPS-TRLOCR,44.08
FIM-TLC-NRPS-TRLOCR,39.15
FIM-TLC-NRPS-TRLOCR,26.68
FIM-TLC-NRPS-TRLOCR,22.91
FIM-TLC-NRPS-TRLOCR,29
FIM-FML-NRPS-TMP,10632.4
FIM-FML-NRPS-TMP,9443.25
FIM-FML-NRPS-TMP,6435.4
FIM-FML-NRPS-TMP,5526.05
FIM-FML-NRPS-TMP,6995
FIM-FIM-NRPS-TRST,14440
FIM-FIM-NRPS-TRST,12825
FIM-FIM-NRPS-TRST,8740
FIM-FIM-NRPS-TRST,7505
FIM-FIM-NRPS-TRST,9500
