 ›   Warning: @salesforce/cli update available from 2.64.8 to 2.134.6.

 ───────────────── Importing data ─────────────────

 ◼ Creating ingest job
 ◼ Processing the job

 Status: ◜
 Job Id: ◜
 Elapsed Time: 0ms

[2K[1A[2K[1A[2K[1A[2K[1A[2K[1A[2K[1A[2K[1A[2K[1A[2K[1A[2K[1A[2K[G
 ───────────────── Importing data ─────────────────

 ⣾ Creating ingest job 27ms
 ◼ Processing the job

 Status: ◜
 Job Id: ◜
 Elapsed Time: 33ms

[2K[1A[2K[1A[2K[1A[2K[1A[2K[1A[2K[1A[2K[1A[2K[1A[2K[1A[2K[1A[2K[G
 ───────────────── Importing data ─────────────────

 ⣾ Creating ingest job 56ms
 ◼ Processing the job

 Status: ◜
 Job Id: ◜
 Elapsed Time: 68ms

[2K[1A[2K[1A[2K[1A[2K[1A[2K[1A[2K[1A[2K[1A[2K[1A[2K[1A[2K[1A[2K[G
 ───────────────── Importing data ─────────────────

 ⣾ Creating ingest job 86ms
 ◼ Processing the job

 Status: ◜
 Job Id: ◜
 Elapsed Time: 97ms

[2K[1A[2K[1A[2K[1A[2K[1A[2K[1A[2K[1A[2K[1A[2K[1A[2K[1A[2K[1A[2K[G
 ───────────────── Importing data ─────────────────

 ⣽ Creating ingest job 117ms
 ◼ Processing the job

 Status: ◠
 Job Id: ◠
 Elapsed Time: 127ms

[2K[1A[2K[1A[2K[1A[2K[1A[2K[1A[2K[1A[2K[1A[2K[1A[2K[1A[2K[1A[2K[G
 ───────────────── Importing data ─────────────────

 ⣽ Creating ingest job 149ms
 ◼ Processing the job

 Status: ◠
 Job Id: ◠
 Elapsed Time: 156ms

[2K[1A[2K[1A[2K[1A[2K[1A[2K[1A[2K[1A[2K[1A[2K[1A[2K[1A[2K[1A[2K[G
 ───────────────── Importing data ─────────────────

 ⣻ Creating ingest job 180ms
 ◼ Processing the job

 Status: ◠
 Job Id: ◠
 Elapsed Time: 189ms

[2K[1A[2K[1A[2K[1A[2K[1A[2K[1A[2K[1A[2K[1A[2K[1A[2K[1A[2K[1A[2K[G
 ───────────────── Importing data ─────────────────

 ⣻ Creating ingest job 212ms
 ◼ Processing the job

 Status: ◝
 Job Id: ◝
 Elapsed Time: 218ms

[2K[1A[2K[1A[2K[1A[2K[1A[2K[1A[2K[1A[2K[1A[2K[1A[2K[1A[2K[1A[2K[G
 ───────────────── Importing data ─────────────────

 ⣻ Creating ingest job 242ms
 ◼ Processing the job

 Status: ◝
 Job Id: ◝
 Elapsed Time: 250ms

[2K[1A[2K[1A[2K[1A[2K[1A[2K[1A[2K[1A[2K[1A[2K[1A[2K[1A[2K[1A[2K[G
 ───────────────── Importing data ─────────────────

 ⢿ Creating ingest job 273ms
 ◼ Processing the job

 Status: ◝
 Job Id: ◝
 Elapsed Time: 282ms

[2K[1A[2K[1A[2K[1A[2K[1A[2K[1A[2K[1A[2K[1A[2K[1A[2K[1A[2K[1A[2K[G
 ───────────────── Importing data ─────────────────

 ⢿ Creating ingest job 303ms
 ◼ Processing the job

 Status: ◞
 Job Id: ◞
 Elapsed Time: 313ms

[2K[1A[2K[1A[2K[1A[2K[1A[2K[1A[2K[1A[2K[1A[2K[1A[2K[1A[2K[1A[2K[G
 ───────────────── Importing data ─────────────────

 ⡿ Creating ingest job 336ms
 ◼ Processing the job

 Status: ◞
 Job Id: ◞
 Elapsed Time: 343ms

[2K[1A[2K[1A[2K[1A[2K[1A[2K[1A[2K[1A[2K[1A[2K[1A[2K[1A[2K[1A[2K[G
 ───────────────── Importing data ─────────────────

 ⡿ Creating ingest job 367ms
 ◼ Processing the job

 Status: ◞
 Job Id: ◞
 Elapsed Time: 375ms

[2K[1A[2K[1A[2K[1A[2K[1A[2K[1A[2K[1A[2K[1A[2K[1A[2K[1A[2K[1A[2K[G
 ───────────────── Importing data ─────────────────

 ⡿ Creating ingest job 396ms
 ◼ Processing the job

 Status: ◡
 Job Id: ◡
 Elapsed Time: 406ms

[2K[1A[2K[1A[2K[1A[2K[1A[2K[1A[2K[1A[2K[1A[2K[1A[2K[1A[2K[1A[2K[G
 ───────────────── Importing data ─────────────────

 ⣟ Creating ingest job 426ms
 ◼ Processing the job

 Status: ◡
 Job Id: ◡
 Elapsed Time: 437ms

[2K[1A[2K[1A[2K[1A[2K[1A[2K[1A[2K[1A[2K[1A[2K[1A[2K[1A[2K[1A[2K[G
 ───────────────── Importing data ─────────────────

 ⣟ Creating ingest job 454ms
 ◼ Processing the job

 Status: ◡
 Job Id: ◡
 Elapsed Time: 468ms

[2K[1A[2K[1A[2K[1A[2K[1A[2K[1A[2K[1A[2K[1A[2K[1A[2K[1A[2K[1A[2K[G
 ───────────────── Importing data ─────────────────

 ⣯ Creating ingest job 482ms
 ◼ Processing the job

 Status: ◟
 Job Id: ◟
 Elapsed Time: 500ms

[2K[1A[2K[1A[2K[1A[2K[1A[2K[1A[2K[1A[2K[1A[2K[1A[2K[1A[2K[1A[2K[G
 ───────────────── Importing data ─────────────────

 ⣯ Creating ingest job 512ms
 ◼ Processing the job

 Status: ◟
 Job Id: ◟
 Elapsed Time: 533ms

[2K[1A[2K[1A[2K[1A[2K[1A[2K[1A[2K[1A[2K[1A[2K[1A[2K[1A[2K[1A[2K[G
 ───────────────── Importing data ─────────────────

 ⣯ Creating ingest job 543ms
 ◼ Processing the job

 Status: ◟
 Job Id: ◟
 Elapsed Time: 564ms

[2K[1A[2K[1A[2K[1A[2K[1A[2K[1A[2K[1A[2K[1A[2K[1A[2K[1A[2K[1A[2K[G
 ───────────────── Importing data ─────────────────

 ⣷ Creating ingest job 569ms
 ◼ Processing the job

 Status: ◜
 Job Id: ◜
 Elapsed Time: 598ms

[2K[1A[2K[1A[2K[1A[2K[1A[2K[1A[2K[1A[2K[1A[2K[1A[2K[1A[2K[1A[2K[G
 ───────────────── Importing data ─────────────────

 ⣷ Creating ingest job 600ms
 ◼ Processing the job

 Status: ◜
 Job Id: ◜
 Elapsed Time: 628ms

[2K[1A[2K[1A[2K[1A[2K[1A[2K[1A[2K[1A[2K[1A[2K[1A[2K[1A[2K[1A[2K[G
 ───────────────── Importing data ─────────────────

 ⣾ Creating ingest job 631ms
 ◼ Processing the job

 Status: ◜
 Job Id: ◜
 Elapsed Time: 661ms

[2K[1A[2K[1A[2K[1A[2K[1A[2K[1A[2K[1A[2K[1A[2K[1A[2K[1A[2K[1A[2K[G
 ───────────────── Importing data ─────────────────

 ⣾ Creating ingest job 664ms
 ◼ Processing the job

 Status: ◠
 Job Id: ◠
 Elapsed Time: 692ms

[2K[1A[2K[1A[2K[1A[2K[1A[2K[1A[2K[1A[2K[1A[2K[1A[2K[1A[2K[1A[2K[G
 ───────────────── Importing data ─────────────────

 ⣾ Creating ingest job 694ms
 ◼ Processing the job

 Status: ◠
 Job Id: ◠
 Elapsed Time: 722ms

[2K[1A[2K[1A[2K[1A[2K[1A[2K[1A[2K[1A[2K[1A[2K[1A[2K[1A[2K[1A[2K[G
 ───────────────── Importing data ─────────────────

 ⣽ Creating ingest job 723ms
 ◼ Processing the job

 Status: ◠
 Job Id: ◠
 Elapsed Time: 755ms

[2K[1A[2K[1A[2K[1A[2K[1A[2K[1A[2K[1A[2K[1A[2K[1A[2K[1A[2K[1A[2K[G
 ───────────────── Importing data ─────────────────

 ⣽ Creating ingest job 753ms
 ◼ Processing the job

 Status: ◝
 Job Id: ◝
 Elapsed Time: 787ms

[2K[1A[2K[1A[2K[1A[2K[1A[2K[1A[2K[1A[2K[1A[2K[1A[2K[1A[2K[1A[2K[G
 ───────────────── Importing data ─────────────────

 ⣻ Creating ingest job 782ms
 ◼ Processing the job

 Status: ◝
 Job Id: ◝
 Elapsed Time: 817ms

[2K[1A[2K[1A[2K[1A[2K[1A[2K[1A[2K[1A[2K[1A[2K[1A[2K[1A[2K[1A[2K[G
 ───────────────── Importing data ─────────────────

 ⣻ Creating ingest job 809ms
 ◼ Processing the job

 Status: ◝
 Job Id: ◝
 Elapsed Time: 846ms

[2K[1A[2K[1A[2K[1A[2K[1A[2K[1A[2K[1A[2K[1A[2K[1A[2K[1A[2K[1A[2K[G
 ───────────────── Importing data ─────────────────

 ⣻ Creating ingest job 839ms
 ◼ Processing the job

 Status: ◝
 Job Id: ◝
 Elapsed Time: 878ms

[2K[1A[2K[1A[2K[1A[2K[1A[2K[1A[2K[1A[2K[1A[2K[1A[2K[1A[2K[1A[2K[G
 ───────────────── Importing data ─────────────────

 ⢿ Creating ingest job 866ms
 ◼ Processing the job

 Status: ◞
 Job Id: ◞
 Elapsed Time: 905ms

[2K[1A[2K[1A[2K[1A[2K[1A[2K[1A[2K[1A[2K[1A[2K[1A[2K[1A[2K[1A[2K[G
 ───────────────── Importing data ─────────────────

 ⢿ Creating ingest job 896ms
 ◼ Processing the job

 Status: ◞
 Job Id: ◞
 Elapsed Time: 934ms

[2K[1A[2K[1A[2K[1A[2K[1A[2K[1A[2K[1A[2K[1A[2K[1A[2K[1A[2K[1A[2K[G
 ───────────────── Importing data ─────────────────

 ⡿ Creating ingest job 926ms
 ◼ Processing the job

 Status: ◞
 Job Id: ◞
 Elapsed Time: 963ms

[2K[1A[2K[1A[2K[1A[2K[1A[2K[1A[2K[1A[2K[1A[2K[1A[2K[1A[2K[1A[2K[G
 ───────────────── Importing data ─────────────────

 ⡿ Creating ingest job 957ms
 ◼ Processing the job

 Status: ◡
 Job Id: ◡
 Elapsed Time: 991ms

[2K[1A[2K[1A[2K[1A[2K[1A[2K[1A[2K[1A[2K[1A[2K[1A[2K[1A[2K[1A[2K[G
 ───────────────── Importing data ─────────────────

 ⡿ Creating ingest job 982ms
 ◼ Processing the job

 Status: ◡
 Job Id: ◡
 Elapsed Time: 1.02s

[2K[1A[2K[1A[2K[1A[2K[1A[2K[1A[2K[1A[2K[1A[2K[1A[2K[1A[2K[1A[2K[G
 ───────────────── Importing data ─────────────────

 ⣟ Creating ingest job 1.00s
 ◼ Processing the job

 Status: ◡
 Job Id: ◡
 Elapsed Time: 1.05s

[2K[1A[2K[1A[2K[1A[2K[1A[2K[1A[2K[1A[2K[1A[2K[1A[2K[1A[2K[1A[2K[G
 ───────────────── Importing data ─────────────────

 ⣟ Creating ingest job 1.03s
 ◼ Processing the job

 Status: ◟
 Job Id: ◟
 Elapsed Time: 1.08s

[2K[1A[2K[1A[2K[1A[2K[1A[2K[1A[2K[1A[2K[1A[2K[1A[2K[1A[2K[1A[2K[G
 ───────────────── Importing data ─────────────────

 ⣯ Creating ingest job 1.06s
 ◼ Processing the job

 Status: ◟
 Job Id: ◟
 Elapsed Time: 1.11s

[2K[1A[2K[1A[2K[1A[2K[1A[2K[1A[2K[1A[2K[1A[2K[1A[2K[1A[2K[1A[2K[G
 ───────────────── Importing data ─────────────────

 ⣯ Creating ingest job 1.09s
 ◼ Processing the job

 Status: ◟
 Job Id: ◟
 Elapsed Time: 1.13s

[2K[1A[2K[1A[2K[1A[2K[1A[2K[1A[2K[1A[2K[1A[2K[1A[2K[1A[2K[1A[2K[G
 ───────────────── Importing data ─────────────────

 ⣯ Creating ingest job 1.12s
 ◼ Processing the job

 Status: ◜
 Job Id: ◜
 Elapsed Time: 1.16s

[2K[1A[2K[1A[2K[1A[2K[1A[2K[1A[2K[1A[2K[1A[2K[1A[2K[1A[2K[1A[2K[G
 ───────────────── Importing data ─────────────────

 ⣷ Creating ingest job 1.15s
 ◼ Processing the job

 Status: ◜
 Job Id: ◜
 Elapsed Time: 1.19s

[2K[1A[2K[1A[2K[1A[2K[1A[2K[1A[2K[1A[2K[1A[2K[1A[2K[1A[2K[1A[2K[G
 ───────────────── Importing data ─────────────────

 ⣷ Creating ingest job 1.18s
 ◼ Processing the job

 Status: ◜
 Job Id: ◜
 Elapsed Time: 1.22s

[2K[1A[2K[1A[2K[1A[2K[1A[2K[1A[2K[1A[2K[1A[2K[1A[2K[1A[2K[1A[2K[G
 ───────────────── Importing data ─────────────────

 ⣾ Creating ingest job 1.21s
 ◼ Processing the job

 Status: ◠
 Job Id: ◠
 Elapsed Time: 1.25s

[2K[1A[2K[1A[2K[1A[2K[1A[2K[1A[2K[1A[2K[1A[2K[1A[2K[1A[2K[1A[2K[G
 ───────────────── Importing data ─────────────────

 ⣾ Creating ingest job 1.24s
 ◼ Processing the job

 Status: ◠
 Job Id: ◠
 Elapsed Time: 1.28s

[2K[1A[2K[1A[2K[1A[2K[1A[2K[1A[2K[1A[2K[1A[2K[1A[2K[1A[2K[1A[2K[G
 ───────────────── Importing data ─────────────────

 ⣾ Creating ingest job 1.28s
 ◼ Processing the job

 Status: ◠
 Job Id: ◠
 Elapsed Time: 1.31s

[2K[1A[2K[1A[2K[1A[2K[1A[2K[1A[2K[1A[2K[1A[2K[1A[2K[1A[2K[1A[2K[G
 ───────────────── Importing data ─────────────────

 ⣽ Creating ingest job 1.30s
 ◼ Processing the job

 Status: ◝
 Job Id: ◝
 Elapsed Time: 1.34s

[2K[1A[2K[1A[2K[1A[2K[1A[2K[1A[2K[1A[2K[1A[2K[1A[2K[1A[2K[1A[2K[G
 ───────────────── Importing data ─────────────────

 ⣽ Creating ingest job 1.33s
 ◼ Processing the job

 Status: ◝
 Job Id: ◝
 Elapsed Time: 1.37s

[2K[1A[2K[1A[2K[1A[2K[1A[2K[1A[2K[1A[2K[1A[2K[1A[2K[1A[2K[1A[2K[G
 ───────────────── Importing data ─────────────────

 ⣻ Creating ingest job 1.37s
 ◼ Processing the job

 Status: ◝
 Job Id: ◝
 Elapsed Time: 1.41s

[2K[1A[2K[1A[2K[1A[2K[1A[2K[1A[2K[1A[2K[1A[2K[1A[2K[1A[2K[1A[2K[G
 ───────────────── Importing data ─────────────────

 ⣻ Creating ingest job 1.40s
 ◼ Processing the job

 Status: ◞
 Job Id: ◞
 Elapsed Time: 1.43s

[2K[1A[2K[1A[2K[1A[2K[1A[2K[1A[2K[1A[2K[1A[2K[1A[2K[1A[2K[1A[2K[G
 ───────────────── Importing data ─────────────────

 ⣻ Creating ingest job 1.43s
 ◼ Processing the job

 Status: ◞
 Job Id: ◞
 Elapsed Time: 1.47s

[2K[1A[2K[1A[2K[1A[2K[1A[2K[1A[2K[1A[2K[1A[2K[1A[2K[1A[2K[1A[2K[G
 ───────────────── Importing data ─────────────────

 ⢿ Creating ingest job 1.46s
 ◼ Processing the job

 Status: ◞
 Job Id: ◞
 Elapsed Time: 1.50s

[2K[1A[2K[1A[2K[1A[2K[1A[2K[1A[2K[1A[2K[1A[2K[1A[2K[1A[2K[1A[2K[G
 ───────────────── Importing data ─────────────────

 ⢿ Creating ingest job 1.49s
 ◼ Processing the job

 Status: ◞
 Job Id: ◞
 Elapsed Time: 1.53s

[2K[1A[2K[1A[2K[1A[2K[1A[2K[1A[2K[1A[2K[1A[2K[1A[2K[1A[2K[1A[2K[G
 ───────────────── Importing data ─────────────────

 ⡿ Creating ingest job 1.52s
 ◼ Processing the job

 Status: ◡
 Job Id: ◡
 Elapsed Time: 1.56s

[2K[1A[2K[1A[2K[1A[2K[1A[2K[1A[2K[1A[2K[1A[2K[1A[2K[1A[2K[1A[2K[G
 ───────────────── Importing data ─────────────────

 ⡿ Creating ingest job 1.55s
 ◼ Processing the job

 Status: ◡
 Job Id: ◡
 Elapsed Time: 1.59s

[2K[1A[2K[1A[2K[1A[2K[1A[2K[1A[2K[1A[2K[1A[2K[1A[2K[1A[2K[1A[2K[G
 ───────────────── Importing data ─────────────────

 ⡿ Creating ingest job 1.58s
 ◼ Processing the job

 Status: ◡
 Job Id: ◡
 Elapsed Time: 1.62s

[2K[1A[2K[1A[2K[1A[2K[1A[2K[1A[2K[1A[2K[1A[2K[1A[2K[1A[2K[1A[2K[G
 ───────────────── Importing data ─────────────────

 ⣟ Creating ingest job 1.62s
 ◼ Processing the job

 Status: ◟
 Job Id: ◟
 Elapsed Time: 1.65s

[2K[1A[2K[1A[2K[1A[2K[1A[2K[1A[2K[1A[2K[1A[2K[1A[2K[1A[2K[1A[2K[G
 ───────────────── Importing data ─────────────────

 ⣟ Creating ingest job 1.64s
 ◼ Processing the job

 Status: ◟
 Job Id: ◟
 Elapsed Time: 1.69s

[2K[1A[2K[1A[2K[1A[2K[1A[2K[1A[2K[1A[2K[1A[2K[1A[2K[1A[2K[1A[2K[G
 ───────────────── Importing data ─────────────────

 ⣯ Creating ingest job 1.68s
 ◼ Processing the job

 Status: ◟
 Job Id: ◟
 Elapsed Time: 1.72s

[2K[1A[2K[1A[2K[1A[2K[1A[2K[1A[2K[1A[2K[1A[2K[1A[2K[1A[2K[1A[2K[G
 ───────────────── Importing data ─────────────────

 ⣯ Creating ingest job 1.71s
 ◼ Processing the job

 Status: ◜
 Job Id: ◜
 Elapsed Time: 1.75s

[2K[1A[2K[1A[2K[1A[2K[1A[2K[1A[2K[1A[2K[1A[2K[1A[2K[1A[2K[1A[2K[G
 ───────────────── Importing data ─────────────────

 ⣯ Creating ingest job 1.74s
 ◼ Processing the job

 Status: ◜
 Job Id: ◜
 Elapsed Time: 1.78s

[2K[1A[2K[1A[2K[1A[2K[1A[2K[1A[2K[1A[2K[1A[2K[1A[2K[1A[2K[1A[2K[G
 ───────────────── Importing data ─────────────────

 ⣷ Creating ingest job 1.77s
 ◼ Processing the job

 Status: ◜
 Job Id: ◜
 Elapsed Time: 1.81s

[2K[1A[2K[1A[2K[1A[2K[1A[2K[1A[2K[1A[2K[1A[2K[1A[2K[1A[2K[1A[2K[G
 ───────────────── Importing data ─────────────────

 ⣷ Creating ingest job 1.80s
 ◼ Processing the job

 Status: ◠
 Job Id: ◠
 Elapsed Time: 1.84s

[2K[1A[2K[1A[2K[1A[2K[1A[2K[1A[2K[1A[2K[1A[2K[1A[2K[1A[2K[1A[2K[G
 ───────────────── Importing data ─────────────────

 ⣷ Creating ingest job 1.83s
 ◼ Processing the job

 Status: ◠
 Job Id: ◠
 Elapsed Time: 1.87s

[2K[1A[2K[1A[2K[1A[2K[1A[2K[1A[2K[1A[2K[1A[2K[1A[2K[1A[2K[1A[2K[G
 ───────────────── Importing data ─────────────────

 ⣾ Creating ingest job 1.86s
 ◼ Processing the job

 Status: ◠
 Job Id: ◠
 Elapsed Time: 1.90s

[2K[1A[2K[1A[2K[1A[2K[1A[2K[1A[2K[1A[2K[1A[2K[1A[2K[1A[2K[1A[2K[G
 ───────────────── Importing data ─────────────────

 ⣾ Creating ingest job 1.88s
 ◼ Processing the job

 Status: ◝
 Job Id: ◝
 Elapsed Time: 1.94s

[2K[1A[2K[1A[2K[1A[2K[1A[2K[1A[2K[1A[2K[1A[2K[1A[2K[1A[2K[1A[2K[G
 ───────────────── Importing data ─────────────────

 ⣽ Creating ingest job 1.91s
 ◼ Processing the job

 Status: ◝
 Job Id: ◝
 Elapsed Time: 1.97s

[2K[1A[2K[1A[2K[1A[2K[1A[2K[1A[2K[1A[2K[1A[2K[1A[2K[1A[2K[1A[2K[G
 ───────────────── Importing data ─────────────────

 ⣽ Creating ingest job 1.94s
 ◼ Processing the job

 Status: ◝
 Job Id: ◝
 Elapsed Time: 2.00s

[2K[1A[2K[1A[2K[1A[2K[1A[2K[1A[2K[1A[2K[1A[2K[1A[2K[1A[2K[1A[2K[G
 ───────────────── Importing data ─────────────────

 ⣽ Creating ingest job 1.97s
 ◼ Processing the job

 Status: ◞
 Job Id: ◞
 Elapsed Time: 2.03s

[2K[1A[2K[1A[2K[1A[2K[1A[2K[1A[2K[1A[2K[1A[2K[1A[2K[1A[2K[1A[2K[G
 ───────────────── Importing data ─────────────────

 ⣻ Creating ingest job 1.99s
 ◼ Processing the job

 Status: ◞
 Job Id: ◞
 Elapsed Time: 2.06s

[2K[1A[2K[1A[2K[1A[2K[1A[2K[1A[2K[1A[2K[1A[2K[1A[2K[1A[2K[1A[2K[G
 ───────────────── Importing data ─────────────────

 ⣻ Creating ingest job 2.02s
 ◼ Processing the job

 Status: ◞
 Job Id: ◞
 Elapsed Time: 2.09s

[2K[1A[2K[1A[2K[1A[2K[1A[2K[1A[2K[1A[2K[1A[2K[1A[2K[1A[2K[1A[2K[G
 ───────────────── Importing data ─────────────────

 ⢿ Creating ingest job 2.05s
 ◼ Processing the job

 Status: ◡
 Job Id: ◡
 Elapsed Time: 2.12s

[2K[1A[2K[1A[2K[1A[2K[1A[2K[1A[2K[1A[2K[1A[2K[1A[2K[1A[2K[1A[2K[G
 ───────────────── Importing data ─────────────────

 ⢿ Creating ingest job 2.08s
 ◼ Processing the job

 Status: ◡
 Job Id: ◡
 Elapsed Time: 2.15s

[2K[1A[2K[1A[2K[1A[2K[1A[2K[1A[2K[1A[2K[1A[2K[1A[2K[1A[2K[1A[2K[G
 ───────────────── Importing data ─────────────────

 ⢿ Creating ingest job 2.11s
 ◼ Processing the job

 Status: ◡
 Job Id: ◡
 Elapsed Time: 2.18s

[2K[1A[2K[1A[2K[1A[2K[1A[2K[1A[2K[1A[2K[1A[2K[1A[2K[1A[2K[1A[2K[G
 ───────────────── Importing data ─────────────────

 ⡿ Creating ingest job 2.14s
 ◼ Processing the job

 Status: ◟
 Job Id: ◟
 Elapsed Time: 2.21s

[2K[1A[2K[1A[2K[1A[2K[1A[2K[1A[2K[1A[2K[1A[2K[1A[2K[1A[2K[1A[2K[G
 ───────────────── Importing data ─────────────────

 ⡿ Creating ingest job 2.17s
 ◼ Processing the job

 Status: ◟
 Job Id: ◟
 Elapsed Time: 2.24s

[2K[1A[2K[1A[2K[1A[2K[1A[2K[1A[2K[1A[2K[1A[2K[1A[2K[1A[2K[1A[2K[G
 ───────────────── Importing data ─────────────────

 ⣟ Creating ingest job 2.20s
 ◼ Processing the job

 Status: ◟
 Job Id: ◟
 Elapsed Time: 2.27s

[2K[1A[2K[1A[2K[1A[2K[1A[2K[1A[2K[1A[2K[1A[2K[1A[2K[1A[2K[1A[2K[G
 ───────────────── Importing data ─────────────────

 ⣟ Creating ingest job 2.23s
 ◼ Processing the job

 Status: ◜
 Job Id: ◜
 Elapsed Time: 2.30s

[2K[1A[2K[1A[2K[1A[2K[1A[2K[1A[2K[1A[2K[1A[2K[1A[2K[1A[2K[1A[2K[G
 ───────────────── Importing data ─────────────────

 ⣟ Creating ingest job 2.27s
 ◼ Processing the job

 Status: ◜
 Job Id: ◜
 Elapsed Time: 2.33s

[2K[1A[2K[1A[2K[1A[2K[1A[2K[1A[2K[1A[2K[1A[2K[1A[2K[1A[2K[1A[2K[G
 ───────────────── Importing data ─────────────────

 ⣯ Creating ingest job 2.29s
 ◼ Processing the job

 Status: ◜
 Job Id: ◜
 Elapsed Time: 2.36s

[2K[1A[2K[1A[2K[1A[2K[1A[2K[1A[2K[1A[2K[1A[2K[1A[2K[1A[2K[1A[2K[G
 ───────────────── Importing data ─────────────────

 ⣯ Creating ingest job 2.32s
 ◼ Processing the job

 Status: ◠
 Job Id: ◜
 Elapsed Time: 2.39s

[2K[1A[2K[1A[2K[1A[2K[1A[2K[1A[2K[1A[2K[1A[2K[1A[2K[1A[2K[1A[2K[G
 ───────────────── Importing data ─────────────────

 ⣷ Creating ingest job 2.35s
 ◼ Processing the job

 Status: ◠
 Job Id: ◠
 Elapsed Time: 2.43s

[2K[1A[2K[1A[2K[1A[2K[1A[2K[1A[2K[1A[2K[1A[2K[1A[2K[1A[2K[1A[2K[G
 ───────────────── Importing data ─────────────────

 ⣷ Creating ingest job 2.38s
 ◼ Processing the job

 Status: ◠
 Job Id: ◠
 Elapsed Time: 2.45s

[2K[1A[2K[1A[2K[1A[2K[1A[2K[1A[2K[1A[2K[1A[2K[1A[2K[1A[2K[1A[2K[G
 ───────────────── Importing data ─────────────────

 ⣷ Creating ingest job 2.41s
 ◼ Processing the job

 Status: ◠
 Job Id: ◠
 Elapsed Time: 2.48s

[2K[1A[2K[1A[2K[1A[2K[1A[2K[1A[2K[1A[2K[1A[2K[1A[2K[1A[2K[1A[2K[G
 ───────────────── Importing data ─────────────────

 ⣾ Creating ingest job 2.45s
 ◼ Processing the job

 Status: ◝
 Job Id: ◝
 Elapsed Time: 2.51s

[2K[1A[2K[1A[2K[1A[2K[1A[2K[1A[2K[1A[2K[1A[2K[1A[2K[1A[2K[1A[2K[G
 ───────────────── Importing data ─────────────────

 ⣾ Creating ingest job 2.48s
 ◼ Processing the job

 Status: ◝
 Job Id: ◝
 Elapsed Time: 2.54s

[2K[1A[2K[1A[2K[1A[2K[1A[2K[1A[2K[1A[2K[1A[2K[1A[2K[1A[2K[1A[2K[G
 ───────────────── Importing data ─────────────────

 ⣽ Creating ingest job 2.51s
 ◼ Processing the job

 Status: ◝
 Job Id: ◝
 Elapsed Time: 2.57s

[2K[1A[2K[1A[2K[1A[2K[1A[2K[1A[2K[1A[2K[1A[2K[1A[2K[1A[2K[1A[2K[G
 ───────────────── Importing data ─────────────────

 ⣽ Creating ingest job 2.54s
 ◼ Processing the job

 Status: ◞
 Job Id: ◞
 Elapsed Time: 2.60s

[2K[1A[2K[1A[2K[1A[2K[1A[2K[1A[2K[1A[2K[1A[2K[1A[2K[1A[2K[1A[2K[G
 ───────────────── Importing data ─────────────────

 ⣽ Creating ingest job 2.57s
 ◼ Processing the job

 Status: ◞
 Job Id: ◞
 Elapsed Time: 2.63s

[2K[1A[2K[1A[2K[1A[2K[1A[2K[1A[2K[1A[2K[1A[2K[1A[2K[1A[2K[1A[2K[G
 ───────────────── Importing data ─────────────────

 ⣻ Creating ingest job 2.60s
 ◼ Processing the job

 Status: ◞
 Job Id: ◞
 Elapsed Time: 2.66s

[2K[1A[2K[1A[2K[1A[2K[1A[2K[1A[2K[1A[2K[1A[2K[1A[2K[1A[2K[1A[2K[G
 ───────────────── Importing data ─────────────────

 ⣻ Creating ingest job 2.63s
 ◼ Processing the job

 Status: ◡
 Job Id: ◡
 Elapsed Time: 2.69s

[2K[1A[2K[1A[2K[1A[2K[1A[2K[1A[2K[1A[2K[1A[2K[1A[2K[1A[2K[1A[2K[G
 ───────────────── Importing data ─────────────────

 ⢿ Creating ingest job 2.66s
 ◼ Processing the job

 Status: ◡
 Job Id: ◡
 Elapsed Time: 2.72s

[2K[1A[2K[1A[2K[1A[2K[1A[2K[1A[2K[1A[2K[1A[2K[1A[2K[1A[2K[1A[2K[G
 ───────────────── Importing data ─────────────────

 ⢿ Creating ingest job 2.68s
 ◼ Processing the job

 Status: ◡
 Job Id: ◡
 Elapsed Time: 2.75s

[2K[1A[2K[1A[2K[1A[2K[1A[2K[1A[2K[1A[2K[1A[2K[1A[2K[1A[2K[1A[2K[G
 ───────────────── Importing data ─────────────────

 ⢿ Creating ingest job 2.71s
 ◼ Processing the job

 Status: ◟
 Job Id: ◟
 Elapsed Time: 2.78s

[2K[1A[2K[1A[2K[1A[2K[1A[2K[1A[2K[1A[2K[1A[2K[1A[2K[1A[2K[1A[2K[G
 ───────────────── Importing data ─────────────────

 ⡿ Creating ingest job 2.75s
 ◼ Processing the job

 Status: ◟
 Job Id: ◟
 Elapsed Time: 2.81s

[2K[1A[2K[1A[2K[1A[2K[1A[2K[1A[2K[1A[2K[1A[2K[1A[2K[1A[2K[1A[2K[G
 ───────────────── Importing data ─────────────────

 ⡿ Creating ingest job 2.77s
 ◼ Processing the job

 Status: ◟
 Job Id: ◟
 Elapsed Time: 2.84s

[2K[1A[2K[1A[2K[1A[2K[1A[2K[1A[2K[1A[2K[1A[2K[1A[2K[1A[2K[1A[2K[G
 ───────────────── Importing data ─────────────────

 ⣟ Creating ingest job 2.80s
 ◼ Processing the job

 Status: ◜
 Job Id: ◜
 Elapsed Time: 2.87s

[2K[1A[2K[1A[2K[1A[2K[1A[2K[1A[2K[1A[2K[1A[2K[1A[2K[1A[2K[1A[2K[G
 ───────────────── Importing data ─────────────────

 ⣟ Creating ingest job 2.83s
 ◼ Processing the job

 Status: ◜
 Job Id: ◜
 Elapsed Time: 2.90s

[2K[1A[2K[1A[2K[1A[2K[1A[2K[1A[2K[1A[2K[1A[2K[1A[2K[1A[2K[1A[2K[G
 ───────────────── Importing data ─────────────────

 ⣟ Creating ingest job 2.86s
 ◼ Processing the job

 Status: ◜
 Job Id: ◜
 Elapsed Time: 2.93s

[2K[1A[2K[1A[2K[1A[2K[1A[2K[1A[2K[1A[2K[1A[2K[1A[2K[1A[2K[1A[2K[G
 ───────────────── Importing data ─────────────────

 ⣯ Creating ingest job 2.89s
 ◼ Processing the job

 Status: ◠
 Job Id: ◠
 Elapsed Time: 2.96s

[2K[1A[2K[1A[2K[1A[2K[1A[2K[1A[2K[1A[2K[1A[2K[1A[2K[1A[2K[1A[2K[G
 ───────────────── Importing data ─────────────────

 ⣯ Creating ingest job 2.92s
 ◼ Processing the job

 Status: ◠
 Job Id: ◠
 Elapsed Time: 2.99s

[2K[1A[2K[1A[2K[1A[2K[1A[2K[1A[2K[1A[2K[1A[2K[1A[2K[1A[2K[1A[2K[G
 ───────────────── Importing data ─────────────────

 ⣷ Creating ingest job 2.95s
 ◼ Processing the job

 Status: ◠
 Job Id: ◠
 Elapsed Time: 3.02s

[2K[1A[2K[1A[2K[1A[2K[1A[2K[1A[2K[1A[2K[1A[2K[1A[2K[1A[2K[1A[2K[G
 ───────────────── Importing data ─────────────────

 ⣷ Creating ingest job 2.97s
 ◼ Processing the job

 Status: ◝
 Job Id: ◝
 Elapsed Time: 3.05s

[2K[1A[2K[1A[2K[1A[2K[1A[2K[1A[2K[1A[2K[1A[2K[1A[2K[1A[2K[1A[2K[G
 ───────────────── Importing data ─────────────────

 ⣷ Creating ingest job 3.01s
 ◼ Processing the job

 Status: ◝
 Job Id: ◝
 Elapsed Time: 3.08s

[2K[1A[2K[1A[2K[1A[2K[1A[2K[1A[2K[1A[2K[1A[2K[1A[2K[1A[2K[1A[2K[G
 ───────────────── Importing data ─────────────────

 ⣾ Creating ingest job 3.04s
 ◼ Processing the job

 Status: ◝
 Job Id: ◝
 Elapsed Time: 3.11s

[2K[1A[2K[1A[2K[1A[2K[1A[2K[1A[2K[1A[2K[1A[2K[1A[2K[1A[2K[1A[2K[G
 ───────────────── Importing data ─────────────────

 ⣾ Creating ingest job 3.07s
 ◼ Processing the job

 Status: ◞
 Job Id: ◝
 Elapsed Time: 3.14s

[2K[1A[2K[1A[2K[1A[2K[1A[2K[1A[2K[1A[2K[1A[2K[1A[2K[1A[2K[1A[2K[G
 ───────────────── Importing data ─────────────────

 ⣽ Creating ingest job 3.10s
 ◼ Processing the job

 Status: ◞
 Job Id: ◞
 Elapsed Time: 3.17s

[2K[1A[2K[1A[2K[1A[2K[1A[2K[1A[2K[1A[2K[1A[2K[1A[2K[1A[2K[1A[2K[G
 ───────────────── Importing data ─────────────────

 ⣽ Creating ingest job 3.13s
 ◼ Processing the job

 Status: ◞
 Job Id: ◞
 Elapsed Time: 3.20s

[2K[1A[2K[1A[2K[1A[2K[1A[2K[1A[2K[1A[2K[1A[2K[1A[2K[1A[2K[1A[2K[G
 ───────────────── Importing data ─────────────────

 ⣽ Creating ingest job 3.16s
 ◼ Processing the job

 Status: ◞
 Job Id: ◞
 Elapsed Time: 3.23s

[2K[1A[2K[1A[2K[1A[2K[1A[2K[1A[2K[1A[2K[1A[2K[1A[2K[1A[2K[1A[2K[G
 ───────────────── Importing data ─────────────────

 ⣻ Creating ingest job 3.19s
 ◼ Processing the job

 Status: ◡
 Job Id: ◡
 Elapsed Time: 3.26s

[2K[1A[2K[1A[2K[1A[2K[1A[2K[1A[2K[1A[2K[1A[2K[1A[2K[1A[2K[1A[2K[G
 ───────────────── Importing data ─────────────────

 ⣻ Creating ingest job 3.21s
 ◼ Processing the job

 Status: ◡
 Job Id: ◡
 Elapsed Time: 3.29s

[2K[1A[2K[1A[2K[1A[2K[1A[2K[1A[2K[1A[2K[1A[2K[1A[2K[1A[2K[1A[2K[G
 ───────────────── Importing data ─────────────────

 ⢿ Creating ingest job 3.25s
 ◼ Processing the job

 Status: ◡
 Job Id: ◡
 Elapsed Time: 3.32s

[2K[1A[2K[1A[2K[1A[2K[1A[2K[1A[2K[1A[2K[1A[2K[1A[2K[1A[2K[1A[2K[G
 ───────────────── Importing data ─────────────────

 ⢿ Creating ingest job 3.28s
 ◼ Processing the job

 Status: ◟
 Job Id: ◟
 Elapsed Time: 3.35s

[2K[1A[2K[1A[2K[1A[2K[1A[2K[1A[2K[1A[2K[1A[2K[1A[2K[1A[2K[1A[2K[G
 ───────────────── Importing data ─────────────────

 ⡿ Creating ingest job 3.31s
 ◼ Processing the job

 Status: ◟
 Job Id: ◟
 Elapsed Time: 3.38s

[2K[1A[2K[1A[2K[1A[2K[1A[2K[1A[2K[1A[2K[1A[2K[1A[2K[1A[2K[1A[2K[G
 ───────────────── Importing data ─────────────────

 ⡿ Creating ingest job 3.33s
 ◼ Processing the job

 Status: ◟
 Job Id: ◟
 Elapsed Time: 3.41s

[2K[1A[2K[1A[2K[1A[2K[1A[2K[1A[2K[1A[2K[1A[2K[1A[2K[1A[2K[1A[2K[G
 ───────────────── Importing data ─────────────────

 ⡿ Creating ingest job 3.36s
 ◼ Processing the job

 Status: ◜
 Job Id: ◜
 Elapsed Time: 3.44s

[2K[1A[2K[1A[2K[1A[2K[1A[2K[1A[2K[1A[2K[1A[2K[1A[2K[1A[2K[1A[2K[G
 ───────────────── Importing data ─────────────────

 ⣟ Creating ingest job 3.39s
 ◼ Processing the job

 Status: ◜
 Job Id: ◜
 Elapsed Time: 3.47s

[2K[1A[2K[1A[2K[1A[2K[1A[2K[1A[2K[1A[2K[1A[2K[1A[2K[1A[2K[1A[2K[G
 ───────────────── Importing data ─────────────────

 ⣟ Creating ingest job 3.42s
 ◼ Processing the job

 Status: ◜
 Job Id: ◜
 Elapsed Time: 3.50s

[2K[1A[2K[1A[2K[1A[2K[1A[2K[1A[2K[1A[2K[1A[2K[1A[2K[1A[2K[1A[2K[G
 ───────────────── Importing data ─────────────────

 ⣯ Creating ingest job 3.45s
 ◼ Processing the job

 Status: ◠
 Job Id: ◠
 Elapsed Time: 3.53s

[2K[1A[2K[1A[2K[1A[2K[1A[2K[1A[2K[1A[2K[1A[2K[1A[2K[1A[2K[1A[2K[G
 ───────────────── Importing data ─────────────────

 ⣯ Creating ingest job 3.48s
 ◼ Processing the job

 Status: ◠
 Job Id: ◠
 Elapsed Time: 3.56s

[2K[1A[2K[1A[2K[1A[2K[1A[2K[1A[2K[1A[2K[1A[2K[1A[2K[1A[2K[1A[2K[G
 ───────────────── Importing data ─────────────────

 ⣯ Creating ingest job 3.51s
 ◼ Processing the job

 Status: ◠
 Job Id: ◠
 Elapsed Time: 3.60s

[2K[1A[2K[1A[2K[1A[2K[1A[2K[1A[2K[1A[2K[1A[2K[1A[2K[1A[2K[1A[2K[G
 ───────────────── Importing data ─────────────────

 ⣷ Creating ingest job 3.54s
 ◼ Processing the job

 Status: ◝
 Job Id: ◝
 Elapsed Time: 3.63s

[2K[1A[2K[1A[2K[1A[2K[1A[2K[1A[2K[1A[2K[1A[2K[1A[2K[1A[2K[1A[2K[G
 ───────────────── Importing data ─────────────────

 ⣷ Creating ingest job 3.57s
 ◼ Processing the job

 Status: ◝
 Job Id: ◝
 Elapsed Time: 3.66s

[2K[1A[2K[1A[2K[1A[2K[1A[2K[1A[2K[1A[2K[1A[2K[1A[2K[1A[2K[1A[2K[G
 ───────────────── Importing data ─────────────────

 ⣾ Creating ingest job 3.60s
 ◼ Processing the job

 Status: ◝
 Job Id: ◝
 Elapsed Time: 3.69s

[2K[1A[2K[1A[2K[1A[2K[1A[2K[1A[2K[1A[2K[1A[2K[1A[2K[1A[2K[1A[2K[G
 ───────────────── Importing data ─────────────────

 ⣾ Creating ingest job 3.63s
 ◼ Processing the job

 Status: ◞
 Job Id: ◞
 Elapsed Time: 3.72s

[2K[1A[2K[1A[2K[1A[2K[1A[2K[1A[2K[1A[2K[1A[2K[1A[2K[1A[2K[1A[2K[G
 ───────────────── Importing data ─────────────────

 ⣾ Creating ingest job 3.66s
 ◼ Processing the job

 Status: ◞
 Job Id: ◞
 Elapsed Time: 3.75s

[2K[1A[2K[1A[2K[1A[2K[1A[2K[1A[2K[1A[2K[1A[2K[1A[2K[1A[2K[1A[2K[G
 ───────────────── Importing data ─────────────────

 ⣽ Creating ingest job 3.70s
 ◼ Processing the job

 Status: ◞
 Job Id: ◞
 Elapsed Time: 3.79s

[2K[1A[2K[1A[2K[1A[2K[1A[2K[1A[2K[1A[2K[1A[2K[1A[2K[1A[2K[1A[2K[G
 ───────────────── Importing data ─────────────────

 ⣽ Creating ingest job 3.73s
 ◼ Processing the job

 Status: ◡
 Job Id: ◡
 Elapsed Time: 3.81s

[2K[1A[2K[1A[2K[1A[2K[1A[2K[1A[2K[1A[2K[1A[2K[1A[2K[1A[2K[1A[2K[G
 ───────────────── Importing data ─────────────────

 ⣽ Creating ingest job 3.76s
 ◼ Processing the job

 Status: ◡
 Job Id: ◡
 Elapsed Time: 3.85s

[2K[1A[2K[1A[2K[1A[2K[1A[2K[1A[2K[1A[2K[1A[2K[1A[2K[1A[2K[1A[2K[G
 ───────────────── Importing data ─────────────────

 ⣻ Creating ingest job 3.79s
 ◼ Processing the job

 Status: ◡
 Job Id: ◡
 Elapsed Time: 3.88s

[2K[1A[2K[1A[2K[1A[2K[1A[2K[1A[2K[1A[2K[1A[2K[1A[2K[1A[2K[1A[2K[G
 ───────────────── Importing data ─────────────────

 ⣻ Creating ingest job 3.82s
 ◼ Processing the job

 Status: ◟
 Job Id: ◡
 Elapsed Time: 3.91s

[2K[1A[2K[1A[2K[1A[2K[1A[2K[1A[2K[1A[2K[1A[2K[1A[2K[1A[2K[1A[2K[G
 ───────────────── Importing data ─────────────────

 ⢿ Creating ingest job 3.85s
 ◼ Processing the job

 Status: ◟
 Job Id: ◟
 Elapsed Time: 3.94s

[2K[1A[2K[1A[2K[1A[2K[1A[2K[1A[2K[1A[2K[1A[2K[1A[2K[1A[2K[1A[2K[G
 ───────────────── Importing data ─────────────────

 ⢿ Creating ingest job 3.88s
 ◼ Processing the job

 Status: ◟
 Job Id: ◟
 Elapsed Time: 3.97s

[2K[1A[2K[1A[2K[1A[2K[1A[2K[1A[2K[1A[2K[1A[2K[1A[2K[1A[2K[1A[2K[G
 ───────────────── Importing data ─────────────────

 ⢿ Creating ingest job 3.91s
 ◼ Processing the job

 Status: ◜
 Job Id: ◟
 Elapsed Time: 4.00s

[2K[1A[2K[1A[2K[1A[2K[1A[2K[1A[2K[1A[2K[1A[2K[1A[2K[1A[2K[1A[2K[G
 ───────────────── Importing data ─────────────────

 ⡿ Creating ingest job 3.95s
 ◼ Processing the job

 Status: ◜
 Job Id: ◜
 Elapsed Time: 4.04s

[2K[1A[2K[1A[2K[1A[2K[1A[2K[1A[2K[1A[2K[1A[2K[1A[2K[1A[2K[1A[2K[G
 ───────────────── Importing data ─────────────────

 ⡿ Creating ingest job 3.98s
 ◼ Processing the job

 Status: ◜
 Job Id: ◜
 Elapsed Time: 4.07s

[2K[1A[2K[1A[2K[1A[2K[1A[2K[1A[2K[1A[2K[1A[2K[1A[2K[1A[2K[1A[2K[G
 ───────────────── Importing data ─────────────────

 ⣟ Creating ingest job 4.01s
 ◼ Processing the job

 Status: ◜
 Job Id: ◜
 Elapsed Time: 4.10s

[2K[1A[2K[1A[2K[1A[2K[1A[2K[1A[2K[1A[2K[1A[2K[1A[2K[1A[2K[1A[2K[G
 ───────────────── Importing data ─────────────────

 ⣟ Creating ingest job 4.04s
 ◼ Processing the job

 Status: ◠
 Job Id: ◠
 Elapsed Time: 4.13s

[2K[1A[2K[1A[2K[1A[2K[1A[2K[1A[2K[1A[2K[1A[2K[1A[2K[1A[2K[1A[2K[G
 ───────────────── Importing data ─────────────────

 ⣟ Creating ingest job 4.07s
 ◼ Processing the job

 Status: ◠
 Job Id: ◠
 Elapsed Time: 4.16s

[2K[1A[2K[1A[2K[1A[2K[1A[2K[1A[2K[1A[2K[1A[2K[1A[2K[1A[2K[1A[2K[G
 ───────────────── Importing data ─────────────────

 ⣯ Creating ingest job 4.10s
 ◼ Processing the job

 Status: ◠
 Job Id: ◠
 Elapsed Time: 4.20s

[2K[1A[2K[1A[2K[1A[2K[1A[2K[1A[2K[1A[2K[1A[2K[1A[2K[1A[2K[1A[2K[G
 ───────────────── Importing data ─────────────────

 ⣯ Creating ingest job 4.14s
 ◼ Processing the job

 Status: ◝
 Job Id: ◝
 Elapsed Time: 4.23s

[2K[1A[2K[1A[2K[1A[2K[1A[2K[1A[2K[1A[2K[1A[2K[1A[2K[1A[2K[1A[2K[G
 ───────────────── Importing data ─────────────────

 ⣷ Creating ingest job 4.17s
 ◼ Processing the job

 Status: ◝
 Job Id: ◝
 Elapsed Time: 4.25s

[2K[1A[2K[1A[2K[1A[2K[1A[2K[1A[2K[1A[2K[1A[2K[1A[2K[1A[2K[1A[2K[G
 ───────────────── Importing data ─────────────────

 ⣷ Creating ingest job 4.19s
 ◼ Processing the job

 Status: ◝
 Job Id: ◝
 Elapsed Time: 4.29s

[2K[1A[2K[1A[2K[1A[2K[1A[2K[1A[2K[1A[2K[1A[2K[1A[2K[1A[2K[1A[2K[G
 ───────────────── Importing data ─────────────────

 ⣷ Creating ingest job 4.22s
 ◼ Processing the job

 Status: ◞
 Job Id: ◞
 Elapsed Time: 4.32s

[2K[1A[2K[1A[2K[1A[2K[1A[2K[1A[2K[1A[2K[1A[2K[1A[2K[1A[2K[1A[2K[G
 ───────────────── Importing data ─────────────────

 ⣾ Creating ingest job 4.25s
 ◼ Processing the job

 Status: ◞
 Job Id: ◞
 Elapsed Time: 4.35s

[2K[1A[2K[1A[2K[1A[2K[1A[2K[1A[2K[1A[2K[1A[2K[1A[2K[1A[2K[1A[2K[G
 ───────────────── Importing data ─────────────────

 ⣾ Creating ingest job 4.29s
 ◼ Processing the job

 Status: ◞
 Job Id: ◞
 Elapsed Time: 4.38s

[2K[1A[2K[1A[2K[1A[2K[1A[2K[1A[2K[1A[2K[1A[2K[1A[2K[1A[2K[1A[2K[G
 ───────────────── Importing data ─────────────────

 ⣽ Creating ingest job 4.32s
 ◼ Processing the job

 Status: ◡
 Job Id: ◡
 Elapsed Time: 4.41s

[2K[1A[2K[1A[2K[1A[2K[1A[2K[1A[2K[1A[2K[1A[2K[1A[2K[1A[2K[1A[2K[G
 ───────────────── Importing data ─────────────────

 ⣽ Creating ingest job 4.35s
 ◼ Processing the job

 Status: ◡
 Job Id: ◡
 Elapsed Time: 4.44s

[2K[1A[2K[1A[2K[1A[2K[1A[2K[1A[2K[1A[2K[1A[2K[1A[2K[1A[2K[1A[2K[G
 ───────────────── Importing data ─────────────────

 ⣽ Creating ingest job 4.38s
 ◼ Processing the job

 Status: ◡
 Job Id: ◡
 Elapsed Time: 4.47s

[2K[1A[2K[1A[2K[1A[2K[1A[2K[1A[2K[1A[2K[1A[2K[1A[2K[1A[2K[1A[2K[G
 ───────────────── Importing data ─────────────────

 ⣻ Creating ingest job 4.41s
 ◼ Processing the job

 Status: ◟
 Job Id: ◟
 Elapsed Time: 4.50s

[2K[1A[2K[1A[2K[1A[2K[1A[2K[1A[2K[1A[2K[1A[2K[1A[2K[1A[2K[1A[2K[G
 ───────────────── Importing data ─────────────────

 ⣻ Creating ingest job 4.44s
 ◼ Processing the job

 Status: ◟
 Job Id: ◟
 Elapsed Time: 4.53s

[2K[1A[2K[1A[2K[1A[2K[1A[2K[1A[2K[1A[2K[1A[2K[1A[2K[1A[2K[1A[2K[G
 ───────────────── Importing data ─────────────────

 ⢿ Creating ingest job 4.47s
 ◼ Processing the job

 Status: ◟
 Job Id: ◟
 Elapsed Time: 4.56s

[2K[1A[2K[1A[2K[1A[2K[1A[2K[1A[2K[1A[2K[1A[2K[1A[2K[1A[2K[1A[2K[G
 ───────────────── Importing data ─────────────────

 ⢿ Creating ingest job 4.50s
 ◼ Processing the job

 Status: ◜
 Job Id: ◜
 Elapsed Time: 4.59s

[2K[1A[2K[1A[2K[1A[2K[1A[2K[1A[2K[1A[2K[1A[2K[1A[2K[1A[2K[1A[2K[G
 ───────────────── Importing data ─────────────────

 ⢿ Creating ingest job 4.53s
 ◼ Processing the job

 Status: ◜
 Job Id: ◜
 Elapsed Time: 4.62s

[2K[1A[2K[1A[2K[1A[2K[1A[2K[1A[2K[1A[2K[1A[2K[1A[2K[1A[2K[1A[2K[G
 ───────────────── Importing data ─────────────────

 ⡿ Creating ingest job 4.56s
 ◼ Processing the job

 Status: ◜
 Job Id: ◜
 Elapsed Time: 4.65s

[2K[1A[2K[1A[2K[1A[2K[1A[2K[1A[2K[1A[2K[1A[2K[1A[2K[1A[2K[1A[2K[G
 ───────────────── Importing data ─────────────────

 ⡿ Creating ingest job 4.59s
 ◼ Processing the job

 Status: ◠
 Job Id: ◜
 Elapsed Time: 4.68s

[2K[1A[2K[1A[2K[1A[2K[1A[2K[1A[2K[1A[2K[1A[2K[1A[2K[1A[2K[1A[2K[G
 ───────────────── Importing data ─────────────────

 ⣟ Creating ingest job 4.62s
 ◼ Processing the job

 Status: ◠
 Job Id: ◠
 Elapsed Time: 4.71s

[2K[1A[2K[1A[2K[1A[2K[1A[2K[1A[2K[1A[2K[1A[2K[1A[2K[1A[2K[1A[2K[G
 ───────────────── Importing data ─────────────────

 ⣟ Creating ingest job 4.65s
 ◼ Processing the job

 Status: ◠
 Job Id: ◠
 Elapsed Time: 4.74s

[2K[1A[2K[1A[2K[1A[2K[1A[2K[1A[2K[1A[2K[1A[2K[1A[2K[1A[2K[1A[2K[G
 ───────────────── Importing data ─────────────────

 ⣟ Creating ingest job 4.68s
 ◼ Processing the job

 Status: ◝
 Job Id: ◠
 Elapsed Time: 4.77s

[2K[1A[2K[1A[2K[1A[2K[1A[2K[1A[2K[1A[2K[1A[2K[1A[2K[1A[2K[1A[2K[G
 ───────────────── Importing data ─────────────────

 ⣯ Creating ingest job 4.71s
 ◼ Processing the job

 Status: ◝
 Job Id: ◝
 Elapsed Time: 4.80s

[2K[1A[2K[1A[2K[1A[2K[1A[2K[1A[2K[1A[2K[1A[2K[1A[2K[1A[2K[1A[2K[G
 ───────────────── Importing data ─────────────────

 ⣯ Creating ingest job 4.75s
 ◼ Processing the job

 Status: ◝
 Job Id: ◝
 Elapsed Time: 4.83s

[2K[1A[2K[1A[2K[1A[2K[1A[2K[1A[2K[1A[2K[1A[2K[1A[2K[1A[2K[1A[2K[G
 ───────────────── Importing data ─────────────────

 ⣷ Creating ingest job 4.78s
 ◼ Processing the job

 Status: ◝
 Job Id: ◝
 Elapsed Time: 4.87s

[2K[1A[2K[1A[2K[1A[2K[1A[2K[1A[2K[1A[2K[1A[2K[1A[2K[1A[2K[1A[2K[G
 ───────────────── Importing data ─────────────────

 ⣷ Creating ingest job 4.81s
 ◼ Processing the job

 Status: ◞
 Job Id: ◞
 Elapsed Time: 4.90s

[2K[1A[2K[1A[2K[1A[2K[1A[2K[1A[2K[1A[2K[1A[2K[1A[2K[1A[2K[1A[2K[G
 ───────────────── Importing data ─────────────────

 ⣷ Creating ingest job 4.84s
 ◼ Processing the job

 Status: ◞
 Job Id: ◞
 Elapsed Time: 4.93s

[2K[1A[2K[1A[2K[1A[2K[1A[2K[1A[2K[1A[2K[1A[2K[1A[2K[1A[2K[1A[2K[G
 ───────────────── Importing data ─────────────────

 ⣾ Creating ingest job 4.87s
 ◼ Processing the job

 Status: ◞
 Job Id: ◞
 Elapsed Time: 4.96s

[2K[1A[2K[1A[2K[1A[2K[1A[2K[1A[2K[1A[2K[1A[2K[1A[2K[1A[2K[1A[2K[G
 ───────────────── Importing data ─────────────────

 ⣾ Creating ingest job 4.90s
 ◼ Processing the job

 Status: ◡
 Job Id: ◡
 Elapsed Time: 4.99s

[2K[1A[2K[1A[2K[1A[2K[1A[2K[1A[2K[1A[2K[1A[2K[1A[2K[1A[2K[1A[2K[G
 ───────────────── Importing data ─────────────────

 ⣽ Creating ingest job 4.93s
 ◼ Processing the job

 Status: ◡
 Job Id: ◡
 Elapsed Time: 5.02s

[2K[1A[2K[1A[2K[1A[2K[1A[2K[1A[2K[1A[2K[1A[2K[1A[2K[1A[2K[1A[2K[G
 ───────────────── Importing data ─────────────────

 ⣽ Creating ingest job 4.96s
 ◼ Processing the job

 Status: ◡
 Job Id: ◡
 Elapsed Time: 5.05s

[2K[1A[2K[1A[2K[1A[2K[1A[2K[1A[2K[1A[2K[1A[2K[1A[2K[1A[2K[1A[2K[G
 ───────────────── Importing data ─────────────────

 ⣽ Creating ingest job 5.00s
 ◼ Processing the job

 Status: ◟
 Job Id: ◟
 Elapsed Time: 5.09s

[2K[1A[2K[1A[2K[1A[2K[1A[2K[1A[2K[1A[2K[1A[2K[1A[2K[1A[2K[1A[2K[G
 ───────────────── Importing data ─────────────────

 ⣻ Creating ingest job 5.03s
 ◼ Processing the job

 Status: ◟
 Job Id: ◟
 Elapsed Time: 5.12s

[2K[1A[2K[1A[2K[1A[2K[1A[2K[1A[2K[1A[2K[1A[2K[1A[2K[1A[2K[1A[2K[G
 ───────────────── Importing data ─────────────────

 ⣻ Creating ingest job 5.06s
 ◼ Processing the job

 Status: ◟
 Job Id: ◟
 Elapsed Time: 5.15s

[2K[1A[2K[1A[2K[1A[2K[1A[2K[1A[2K[1A[2K[1A[2K[1A[2K[1A[2K[1A[2K[G
 ───────────────── Importing data ─────────────────

 ⢿ Creating ingest job 5.09s
 ◼ Processing the job

 Status: ◜
 Job Id: ◜
 Elapsed Time: 5.18s

[2K[1A[2K[1A[2K[1A[2K[1A[2K[1A[2K[1A[2K[1A[2K[1A[2K[1A[2K[1A[2K[G
 ───────────────── Importing data ─────────────────

 ✔ Creating ingest job 5.12s
 ⣾ Processing the job 6ms
   ▸ Processed records: ◜
   ▸ Successful records: ◜
   ▸ Failed records: ◜

 Status: ◜
 Job Id: ◜
 Elapsed Time: 5.21s

[2K[1A[2K[1A[2K[1A[2K[1A[2K[1A[2K[1A[2K[1A[2K[1A[2K[1A[2K[1A[2K[1A[2K[1A[2K[1A[2K[G
 ───────────────── Importing data ─────────────────

 ✔ Creating ingest job 5.12s
 ⣾ Processing the job 33ms
   ▸ Processed records: ◜
   ▸ Successful records: ◜
   ▸ Failed records: ◜

 Status: ◜
 Job Id: ◜
 Elapsed Time: 5.24s

[2K[1A[2K[1A[2K[1A[2K[1A[2K[1A[2K[1A[2K[1A[2K[1A[2K[1A[2K[1A[2K[1A[2K[1A[2K[1A[2K[G
 ───────────────── Importing data ─────────────────

 ✔ Creating ingest job 5.12s
 ⣾ Processing the job 63ms
   ▸ Processed records: ◜
   ▸ Successful records: ◜
   ▸ Failed records: ◜

 Status: ◠
 Job Id: ◠
 Elapsed Time: 5.27s

[2K[1A[2K[1A[2K[1A[2K[1A[2K[1A[2K[1A[2K[1A[2K[1A[2K[1A[2K[1A[2K[1A[2K[1A[2K[1A[2K[G
 ───────────────── Importing data ─────────────────

 ✔ Creating ingest job 5.12s
 ⣽ Processing the job 92ms
   ▸ Processed records: ◠
   ▸ Successful records: ◜
   ▸ Failed records: ◜

 Status: ◠
 Job Id: ◠
 Elapsed Time: 5.30s

[2K[1A[2K[1A[2K[1A[2K[1A[2K[1A[2K[1A[2K[1A[2K[1A[2K[1A[2K[1A[2K[1A[2K[1A[2K[1A[2K[G
 ───────────────── Importing data ─────────────────

 ✔ Creating ingest job 5.12s
 ⣽ Processing the job 125ms
   ▸ Processed records: ◠
   ▸ Successful records: ◠
   ▸ Failed records: ◠

 Status: ◠
 Job Id: ◠
 Elapsed Time: 5.34s

[2K[1A[2K[1A[2K[1A[2K[1A[2K[1A[2K[1A[2K[1A[2K[1A[2K[1A[2K[1A[2K[1A[2K[1A[2K[1A[2K[G
 ───────────────── Importing data ─────────────────

 ✔ Creating ingest job 5.12s
 ⣻ Processing the job 156ms
   ▸ Processed records: ◠
   ▸ Successful records: ◠
   ▸ Failed records: ◠

 Status: ◝
 Job Id: ◝
 Elapsed Time: 5.37s

[2K[1A[2K[1A[2K[1A[2K[1A[2K[1A[2K[1A[2K[1A[2K[1A[2K[1A[2K[1A[2K[1A[2K[1A[2K[1A[2K[G
 ───────────────── Importing data ─────────────────

 ✔ Creating ingest job 5.12s
 ⣻ Processing the job 184ms
   ▸ Processed records: ◠
   ▸ Successful records: ◠
   ▸ Failed records: ◠

 Status: ◝
 Job Id: ◝
 Elapsed Time: 5.40s

[2K[1A[2K[1A[2K[1A[2K[1A[2K[1A[2K[1A[2K[1A[2K[1A[2K[1A[2K[1A[2K[1A[2K[1A[2K[1A[2K[G
 ───────────────── Importing data ─────────────────

 ✔ Creating ingest job 5.12s
 ⣻ Processing the job 212ms
   ▸ Processed records: ◝
   ▸ Successful records: ◝
   ▸ Failed records: ◝

 Status: ◝
 Job Id: ◝
 Elapsed Time: 5.43s

[2K[1A[2K[1A[2K[1A[2K[1A[2K[1A[2K[1A[2K[1A[2K[1A[2K[1A[2K[1A[2K[1A[2K[1A[2K[1A[2K[G
 ───────────────── Importing data ─────────────────

 ✔ Creating ingest job 5.12s
 ⢿ Processing the job 246ms
   ▸ Processed records: ◝
   ▸ Successful records: ◝
   ▸ Failed records: ◝

 Status: ◞
 Job Id: ◝
 Elapsed Time: 5.46s

[2K[1A[2K[1A[2K[1A[2K[1A[2K[1A[2K[1A[2K[1A[2K[1A[2K[1A[2K[1A[2K[1A[2K[1A[2K[1A[2K[G
 ───────────────── Importing data ─────────────────

 ✔ Creating ingest job 5.12s
 ⢿ Processing the job 274ms
   ▸ Processed records: ◝
   ▸ Successful records: ◝
   ▸ Failed records: ◝

 Status: ◞
 Job Id: ◞
 Elapsed Time: 5.50s

[2K[1A[2K[1A[2K[1A[2K[1A[2K[1A[2K[1A[2K[1A[2K[1A[2K[1A[2K[1A[2K[1A[2K[1A[2K[1A[2K[G
 ───────────────── Importing data ─────────────────

 ✔ Creating ingest job 5.12s
 ⡿ Processing the job 299ms
   ▸ Processed records: ◞
   ▸ Successful records: ◞
   ▸ Failed records: ◞

 Status: ◞
 Job Id: ◞
 Elapsed Time: 5.53s

[2K[1A[2K[1A[2K[1A[2K[1A[2K[1A[2K[1A[2K[1A[2K[1A[2K[1A[2K[1A[2K[1A[2K[1A[2K[1A[2K[G
 ───────────────── Importing data ─────────────────

 ✔ Creating ingest job 5.12s
 ⡿ Processing the job 329ms
   ▸ Processed records: ◞
   ▸ Successful records: ◞
   ▸ Failed records: ◞

 Status: ◡
 Job Id: ◞
 Elapsed Time: 5.56s

[2K[1A[2K[1A[2K[1A[2K[1A[2K[1A[2K[1A[2K[1A[2K[1A[2K[1A[2K[1A[2K[1A[2K[1A[2K[1A[2K[G
 ───────────────── Importing data ─────────────────

 ✔ Creating ingest job 5.12s
 ⡿ Processing the job 359ms
   ▸ Processed records: ◞
   ▸ Successful records: ◞
   ▸ Failed records: ◞

 Status: ◡
 Job Id: ◡
 Elapsed Time: 5.59s

[2K[1A[2K[1A[2K[1A[2K[1A[2K[1A[2K[1A[2K[1A[2K[1A[2K[1A[2K[1A[2K[1A[2K[1A[2K[1A[2K[G
 ───────────────── Importing data ─────────────────

 ✔ Creating ingest job 5.12s
 ⣟ Processing the job 386ms
   ▸ Processed records: ◡
   ▸ Successful records: ◡
   ▸ Failed records: ◡

 Status: ◡
 Job Id: ◡
 Elapsed Time: 5.62s

[2K[1A[2K[1A[2K[1A[2K[1A[2K[1A[2K[1A[2K[1A[2K[1A[2K[1A[2K[1A[2K[1A[2K[1A[2K[1A[2K[G
 ───────────────── Importing data ─────────────────

 ✔ Creating ingest job 5.12s
 ⣟ Processing the job 410ms
   ▸ Processed records: ◡
   ▸ Successful records: ◡
   ▸ Failed records: ◡

 Status: ◟
 Job Id: ◡
 Elapsed Time: 5.65s

[2K[1A[2K[1A[2K[1A[2K[1A[2K[1A[2K[1A[2K[1A[2K[1A[2K[1A[2K[1A[2K[1A[2K[1A[2K[1A[2K[G
 ───────────────── Importing data ─────────────────

 ✔ Creating ingest job 5.12s
 ⣯ Processing the job 438ms
   ▸ Processed records: ◡
   ▸ Successful records: ◡
   ▸ Failed records: ◡

 Status: ◟
 Job Id: ◟
 Elapsed Time: 5.68s

[2K[1A[2K[1A[2K[1A[2K[1A[2K[1A[2K[1A[2K[1A[2K[1A[2K[1A[2K[1A[2K[1A[2K[1A[2K[1A[2K[G
 ───────────────── Importing data ─────────────────

 ✔ Creating ingest job 5.12s
 ⣯ Processing the job 468ms
   ▸ Processed records: ◟
   ▸ Successful records: ◟
   ▸ Failed records: ◟

 Status: ◟
 Job Id: ◟
 Elapsed Time: 5.71s

[2K[1A[2K[1A[2K[1A[2K[1A[2K[1A[2K[1A[2K[1A[2K[1A[2K[1A[2K[1A[2K[1A[2K[1A[2K[1A[2K[G
 ───────────────── Importing data ─────────────────

 ✔ Creating ingest job 5.12s
 ⣯ Processing the job 497ms
   ▸ Processed records: ◟
   ▸ Successful records: ◟
   ▸ Failed records: ◟

 Status: ◟
 Job Id: ◟
 Elapsed Time: 5.75s

[2K[1A[2K[1A[2K[1A[2K[1A[2K[1A[2K[1A[2K[1A[2K[1A[2K[1A[2K[1A[2K[1A[2K[1A[2K[1A[2K[G
 ───────────────── Importing data ─────────────────

 ✔ Creating ingest job 5.12s
 ⣷ Processing the job 526ms
   ▸ Processed records: ◟
   ▸ Successful records: ◟
   ▸ Failed records: ◟

 Status: ◜
 Job Id: ◜
 Elapsed Time: 5.78s

[2K[1A[2K[1A[2K[1A[2K[1A[2K[1A[2K[1A[2K[1A[2K[1A[2K[1A[2K[1A[2K[1A[2K[1A[2K[1A[2K[G
 ───────────────── Importing data ─────────────────

 ✔ Creating ingest job 5.12s
 ⣷ Processing the job 554ms
   ▸ Processed records: ◜
   ▸ Successful records: ◜
   ▸ Failed records: ◜

 Status: ◜
 Job Id: ◜
 Elapsed Time: 5.81s

[2K[1A[2K[1A[2K[1A[2K[1A[2K[1A[2K[1A[2K[1A[2K[1A[2K[1A[2K[1A[2K[1A[2K[1A[2K[1A[2K[G
 ───────────────── Importing data ─────────────────

 ✔ Creating ingest job 5.12s
 ⣾ Processing the job 581ms
   ▸ Processed records: ◜
   ▸ Successful records: ◜
   ▸ Failed records: ◜

 Status: ◜
 Job Id: ◜
 Elapsed Time: 5.84s

[2K[1A[2K[1A[2K[1A[2K[1A[2K[1A[2K[1A[2K[1A[2K[1A[2K[1A[2K[1A[2K[1A[2K[1A[2K[1A[2K[G
 ───────────────── Importing data ─────────────────

 ✔ Creating ingest job 5.12s
 ⣾ Processing the job 613ms
   ▸ Processed records: ◜
   ▸ Successful records: ◜
   ▸ Failed records: ◜

 Status: ◠
 Job Id: ◠
 Elapsed Time: 5.87s

[2K[1A[2K[1A[2K[1A[2K[1A[2K[1A[2K[1A[2K[1A[2K[1A[2K[1A[2K[1A[2K[1A[2K[1A[2K[1A[2K[G
 ───────────────── Importing data ─────────────────

 ✔ Creating ingest job 5.12s
 ⣾ Processing the job 644ms
   ▸ Processed records: ◠
   ▸ Successful records: ◠
   ▸ Failed records: ◠

 Status: ◠
 Job Id: ◠
 Elapsed Time: 5.90s

[2K[1A[2K[1A[2K[1A[2K[1A[2K[1A[2K[1A[2K[1A[2K[1A[2K[1A[2K[1A[2K[1A[2K[1A[2K[1A[2K[G
 ───────────────── Importing data ─────────────────

 ✔ Creating ingest job 5.12s
 ⣽ Processing the job 671ms
   ▸ Processed records: ◠
   ▸ Successful records: ◠
   ▸ Failed records: ◠

 Status: ◠
 Job Id: ◠
 Elapsed Time: 5.93s

[2K[1A[2K[1A[2K[1A[2K[1A[2K[1A[2K[1A[2K[1A[2K[1A[2K[1A[2K[1A[2K[1A[2K[1A[2K[1A[2K[G
 ───────────────── Importing data ─────────────────

 ✔ Creating ingest job 5.12s
 ⣽ Processing the job 702ms
   ▸ Processed records: ◠
   ▸ Successful records: ◠
   ▸ Failed records: ◠

 Status: ◝
 Job Id: ◝
 Elapsed Time: 5.97s

[2K[1A[2K[1A[2K[1A[2K[1A[2K[1A[2K[1A[2K[1A[2K[1A[2K[1A[2K[1A[2K[1A[2K[1A[2K[1A[2K[G
 ───────────────── Importing data ─────────────────

 ✔ Creating ingest job 5.12s
 ⣻ Processing the job 731ms
   ▸ Processed records: ◝
   ▸ Successful records: ◝
   ▸ Failed records: ◝

 Status: ◝
 Job Id: ◝
 Elapsed Time: 6.00s

[2K[1A[2K[1A[2K[1A[2K[1A[2K[1A[2K[1A[2K[1A[2K[1A[2K[1A[2K[1A[2K[1A[2K[1A[2K[1A[2K[G
 ───────────────── Importing data ─────────────────

 ✔ Creating ingest job 5.12s
 ⣻ Processing the job 763ms
   ▸ Processed records: ◝
   ▸ Successful records: ◝
   ▸ Failed records: ◝

 Status: ◝
 Job Id: ◝
 Elapsed Time: 6.03s

[2K[1A[2K[1A[2K[1A[2K[1A[2K[1A[2K[1A[2K[1A[2K[1A[2K[1A[2K[1A[2K[1A[2K[1A[2K[1A[2K[G
 ───────────────── Importing data ─────────────────

 ✔ Creating ingest job 5.12s
 ⣻ Processing the job 790ms
   ▸ Processed records: ◝
   ▸ Successful records: ◝
   ▸ Failed records: ◝

 Status: ◞
 Job Id: ◞
 Elapsed Time: 6.06s

[2K[1A[2K[1A[2K[1A[2K[1A[2K[1A[2K[1A[2K[1A[2K[1A[2K[1A[2K[1A[2K[1A[2K[1A[2K[1A[2K[G
 ───────────────── Importing data ─────────────────

 ✔ Creating ingest job 5.12s
 ⢿ Processing the job 818ms
   ▸ Processed records: ◝
   ▸ Successful records: ◝
   ▸ Failed records: ◝

 Status: ◞
 Job Id: ◞
 Elapsed Time: 6.09s

[2K[1A[2K[1A[2K[1A[2K[1A[2K[1A[2K[1A[2K[1A[2K[1A[2K[1A[2K[1A[2K[1A[2K[1A[2K[1A[2K[G
 ───────────────── Importing data ─────────────────

 ✔ Creating ingest job 5.12s
 ⢿ Processing the job 849ms
   ▸ Processed records: ◞
   ▸ Successful records: ◞
   ▸ Failed records: ◞

 Status: ◞
 Job Id: ◞
 Elapsed Time: 6.12s

[2K[1A[2K[1A[2K[1A[2K[1A[2K[1A[2K[1A[2K[1A[2K[1A[2K[1A[2K[1A[2K[1A[2K[1A[2K[1A[2K[G
 ───────────────── Importing data ─────────────────

 ✔ Creating ingest job 5.12s
 ⡿ Processing the job 879ms
   ▸ Processed records: ◞
   ▸ Successful records: ◞
   ▸ Failed records: ◞

 Status: ◡
 Job Id: ◡
 Elapsed Time: 6.16s

[2K[1A[2K[1A[2K[1A[2K[1A[2K[1A[2K[1A[2K[1A[2K[1A[2K[1A[2K[1A[2K[1A[2K[1A[2K[1A[2K[G
 ───────────────── Importing data ─────────────────

 ✔ Creating ingest job 5.12s
 ⡿ Processing the job 908ms
   ▸ Processed records: ◞
   ▸ Successful records: ◞
   ▸ Failed records: ◞

 Status: ◡
 Job Id: ◡
 Elapsed Time: 6.19s

[2K[1A[2K[1A[2K[1A[2K[1A[2K[1A[2K[1A[2K[1A[2K[1A[2K[1A[2K[1A[2K[1A[2K[1A[2K[1A[2K[G
 ───────────────── Importing data ─────────────────

 ✔ Creating ingest job 5.12s
 ⡿ Processing the job 940ms
   ▸ Processed records: ◡
   ▸ Successful records: ◡
   ▸ Failed records: ◡

 Status: ◡
 Job Id: ◡
 Elapsed Time: 6.22s

[2K[1A[2K[1A[2K[1A[2K[1A[2K[1A[2K[1A[2K[1A[2K[1A[2K[1A[2K[1A[2K[1A[2K[1A[2K[1A[2K[G
 ───────────────── Importing data ─────────────────

 ✔ Creating ingest job 5.12s
 ⣟ Processing the job 971ms
   ▸ Processed records: ◡
   ▸ Successful records: ◡
   ▸ Failed records: ◡

 Status: ◟
 Job Id: ◟
 Elapsed Time: 6.25s

[2K[1A[2K[1A[2K[1A[2K[1A[2K[1A[2K[1A[2K[1A[2K[1A[2K[1A[2K[1A[2K[1A[2K[1A[2K[1A[2K[G
 ───────────────── Importing data ─────────────────

 ✔ Creating ingest job 5.12s
 ⣟ Processing the job 1.00s
   ▸ Processed records: ◡
   ▸ Successful records: ◡
   ▸ Failed records: ◡

 Status: ◟
 Job Id: ◟
 Elapsed Time: 6.28s

[2K[1A[2K[1A[2K[1A[2K[1A[2K[1A[2K[1A[2K[1A[2K[1A[2K[1A[2K[1A[2K[1A[2K[1A[2K[1A[2K[G
 ───────────────── Importing data ─────────────────

 ✔ Creating ingest job 5.12s
 ⣯ Processing the job 1.03s
   ▸ Processed records: ◟
   ▸ Successful records: ◟
   ▸ Failed records: ◟

 Status: ◟
 Job Id: ◟
 Elapsed Time: 6.31s

[2K[1A[2K[1A[2K[1A[2K[1A[2K[1A[2K[1A[2K[1A[2K[1A[2K[1A[2K[1A[2K[1A[2K[1A[2K[1A[2K[G
 ───────────────── Importing data ─────────────────

 ✔ Creating ingest job 5.12s
 ⣯ Processing the job 1.06s
   ▸ Processed records: ◟
   ▸ Successful records: ◟
   ▸ Failed records: ◟

 Status: ◜
 Job Id: ◟
 Elapsed Time: 6.34s

[2K[1A[2K[1A[2K[1A[2K[1A[2K[1A[2K[1A[2K[1A[2K[1A[2K[1A[2K[1A[2K[1A[2K[1A[2K[1A[2K[G
 ───────────────── Importing data ─────────────────

 ✔ Creating ingest job 5.12s
 ⣯ Processing the job 1.09s
   ▸ Processed records: ◟
   ▸ Successful records: ◟
   ▸ Failed records: ◟

 Status: ◜
 Job Id: ◜
 Elapsed Time: 6.38s

[2K[1A[2K[1A[2K[1A[2K[1A[2K[1A[2K[1A[2K[1A[2K[1A[2K[1A[2K[1A[2K[1A[2K[1A[2K[1A[2K[G
 ───────────────── Importing data ─────────────────

 ✔ Creating ingest job 5.12s
 ⣷ Processing the job 1.12s
   ▸ Processed records: ◜
   ▸ Successful records: ◜
   ▸ Failed records: ◜

 Status: ◜
 Job Id: ◜
 Elapsed Time: 6.41s

[2K[1A[2K[1A[2K[1A[2K[1A[2K[1A[2K[1A[2K[1A[2K[1A[2K[1A[2K[1A[2K[1A[2K[1A[2K[1A[2K[G
 ───────────────── Importing data ─────────────────

 ✔ Creating ingest job 5.12s
 ⣷ Processing the job 1.14s
   ▸ Processed records: ◜
   ▸ Successful records: ◜
   ▸ Failed records: ◜

 Status: ◠
 Job Id: ◜
 Elapsed Time: 6.44s

[2K[1A[2K[1A[2K[1A[2K[1A[2K[1A[2K[1A[2K[1A[2K[1A[2K[1A[2K[1A[2K[1A[2K[1A[2K[1A[2K[G
 ───────────────── Importing data ─────────────────

 ✔ Creating ingest job 5.12s
 ⣾ Processing the job 1.17s
   ▸ Processed records: ◜
   ▸ Successful records: ◜
   ▸ Failed records: ◜

 Status: ◠
 Job Id: ◠
 Elapsed Time: 6.47s

[2K[1A[2K[1A[2K[1A[2K[1A[2K[1A[2K[1A[2K[1A[2K[1A[2K[1A[2K[1A[2K[1A[2K[1A[2K[1A[2K[G
 ───────────────── Importing data ─────────────────

 ✔ Creating ingest job 5.12s
 ⣾ Processing the job 1.20s
   ▸ Processed records: ◠
   ▸ Successful records: ◠
   ▸ Failed records: ◠

 Status: ◠
 Job Id: ◠
 Elapsed Time: 6.50s

[2K[1A[2K[1A[2K[1A[2K[1A[2K[1A[2K[1A[2K[1A[2K[1A[2K[1A[2K[1A[2K[1A[2K[1A[2K[1A[2K[G
 ───────────────── Importing data ─────────────────

 ✔ Creating ingest job 5.12s
 ⣾ Processing the job 1.23s
   ▸ Processed records: ◠
   ▸ Successful records: ◠
   ▸ Failed records: ◠

 Status: ◠
 Job Id: ◠
 Elapsed Time: 6.53s

[2K[1A[2K[1A[2K[1A[2K[1A[2K[1A[2K[1A[2K[1A[2K[1A[2K[1A[2K[1A[2K[1A[2K[1A[2K[1A[2K[G
 ───────────────── Importing data ─────────────────

 ✔ Creating ingest job 5.12s
 ⣽ Processing the job 1.26s
   ▸ Processed records: ◠
   ▸ Successful records: ◠
   ▸ Failed records: ◠

 Status: ◝
 Job Id: ◝
 Elapsed Time: 6.56s

[2K[1A[2K[1A[2K[1A[2K[1A[2K[1A[2K[1A[2K[1A[2K[1A[2K[1A[2K[1A[2K[1A[2K[1A[2K[1A[2K[G
 ───────────────── Importing data ─────────────────

 ✔ Creating ingest job 5.12s
 ⣽ Processing the job 1.30s
   ▸ Processed records: ◝
   ▸ Successful records: ◝
   ▸ Failed records: ◝

 Status: ◝
 Job Id: ◝
 Elapsed Time: 6.59s

[2K[1A[2K[1A[2K[1A[2K[1A[2K[1A[2K[1A[2K[1A[2K[1A[2K[1A[2K[1A[2K[1A[2K[1A[2K[1A[2K[G
 ───────────────── Importing data ─────────────────

 ✔ Creating ingest job 5.12s
 ⣻ Processing the job 1.33s
   ▸ Processed records: ◝
   ▸ Successful records: ◝
   ▸ Failed records: ◝

 Status: ◝
 Job Id: ◝
 Elapsed Time: 6.62s

[2K[1A[2K[1A[2K[1A[2K[1A[2K[1A[2K[1A[2K[1A[2K[1A[2K[1A[2K[1A[2K[1A[2K[1A[2K[1A[2K[G
 ───────────────── Importing data ─────────────────

 ✔ Creating ingest job 5.12s
 ⣻ Processing the job 1.36s
   ▸ Processed records: ◝
   ▸ Successful records: ◝
   ▸ Failed records: ◝

 Status: ◞
 Job Id: ◞
 Elapsed Time: 6.65s

[2K[1A[2K[1A[2K[1A[2K[1A[2K[1A[2K[1A[2K[1A[2K[1A[2K[1A[2K[1A[2K[1A[2K[1A[2K[1A[2K[G
 ───────────────── Importing data ─────────────────

 ✔ Creating ingest job 5.12s
 ⣻ Processing the job 1.39s
   ▸ Processed records: ◞
   ▸ Successful records: ◞
   ▸ Failed records: ◞

 Status: ◞
 Job Id: ◞
 Elapsed Time: 6.68s

[2K[1A[2K[1A[2K[1A[2K[1A[2K[1A[2K[1A[2K[1A[2K[1A[2K[1A[2K[1A[2K[1A[2K[1A[2K[1A[2K[G
 ───────────────── Importing data ─────────────────

 ✔ Creating ingest job 5.12s
 ⢿ Processing the job 1.42s
   ▸ Processed records: ◞
   ▸ Successful records: ◞
   ▸ Failed records: ◞

 Status: ◞
 Job Id: ◞
 Elapsed Time: 6.71s

[2K[1A[2K[1A[2K[1A[2K[1A[2K[1A[2K[1A[2K[1A[2K[1A[2K[1A[2K[1A[2K[1A[2K[1A[2K[1A[2K[G
 ───────────────── Importing data ─────────────────

 ✔ Creating ingest job 5.12s
 ⢿ Processing the job 1.45s
   ▸ Processed records: ◞
   ▸ Successful records: ◞
   ▸ Failed records: ◞

 Status: ◡
 Job Id: ◡
 Elapsed Time: 6.74s

[2K[1A[2K[1A[2K[1A[2K[1A[2K[1A[2K[1A[2K[1A[2K[1A[2K[1A[2K[1A[2K[1A[2K[1A[2K[1A[2K[G
 ───────────────── Importing data ─────────────────

 ✔ Creating ingest job 5.12s
 ⡿ Processing the job 1.48s
   ▸ Processed records: ◡
   ▸ Successful records: ◡
   ▸ Failed records: ◡

 Status: ◡
 Job Id: ◡
 Elapsed Time: 6.77s

[2K[1A[2K[1A[2K[1A[2K[1A[2K[1A[2K[1A[2K[1A[2K[1A[2K[1A[2K[1A[2K[1A[2K[1A[2K[1A[2K[G
 ───────────────── Importing data ─────────────────

 ✔ Creating ingest job 5.12s
 ⡿ Processing the job 1.50s
   ▸ Processed records: ◡
   ▸ Successful records: ◡
   ▸ Failed records: ◡

 Status: ◡
 Job Id: ◡
 Elapsed Time: 6.80s

[2K[1A[2K[1A[2K[1A[2K[1A[2K[1A[2K[1A[2K[1A[2K[1A[2K[1A[2K[1A[2K[1A[2K[1A[2K[1A[2K[G
 ───────────────── Importing data ─────────────────

 ✔ Creating ingest job 5.12s
 ⡿ Processing the job 1.53s
   ▸ Processed records: ◡
   ▸ Successful records: ◡
   ▸ Failed records: ◡

 Status: ◟
 Job Id: ◟
 Elapsed Time: 6.83s

[2K[1A[2K[1A[2K[1A[2K[1A[2K[1A[2K[1A[2K[1A[2K[1A[2K[1A[2K[1A[2K[1A[2K[1A[2K[1A[2K[G
 ───────────────── Importing data ─────────────────

 ✔ Creating ingest job 5.12s
 ⣟ Processing the job 1.56s
   ▸ Processed records: ◟
   ▸ Successful records: ◟
   ▸ Failed records: ◟

 Status: ◟
 Job Id: ◟
 Elapsed Time: 6.86s

[2K[1A[2K[1A[2K[1A[2K[1A[2K[1A[2K[1A[2K[1A[2K[1A[2K[1A[2K[1A[2K[1A[2K[1A[2K[1A[2K[G
 ───────────────── Importing data ─────────────────

 ✔ Creating ingest job 5.12s
 ⣟ Processing the job 1.58s
   ▸ Processed records: ◟
   ▸ Successful records: ◟
   ▸ Failed records: ◟

 Status: UploadComplete
 Job Id:
 750ct00000US9gdAAD (https://fortra--mergebuild.sandbox.my.salesforce.com/lightn
 ing/setup/AsyncApiJobStatus/page?address=%2F750ct00000US9gdAAD)
 Elapsed Time: 6.89s

[2K[1A[2K[1A[2K[1A[2K[1A[2K[1A[2K[1A[2K[1A[2K[1A[2K[1A[2K[1A[2K[1A[2K[1A[2K[1A[2K[1A[2K[1A[2K[G
 ───────────────── Importing data ─────────────────

 ✔ Creating ingest job 5.12s
 ⣯ Processing the job 1.62s
   ▸ Processed records: ◟
   ▸ Successful records: ◟
   ▸ Failed records: ◟

 Status: UploadComplete
 Job Id:
 750ct00000US9gdAAD (https://fortra--mergebuild.sandbox.my.salesforce.com/lightn
 ing/setup/AsyncApiJobStatus/page?address=%2F750ct00000US9gdAAD)
 Elapsed Time: 6.92s

[2K[1A[2K[1A[2K[1A[2K[1A[2K[1A[2K[1A[2K[1A[2K[1A[2K[1A[2K[1A[2K[1A[2K[1A[2K[1A[2K[1A[2K[1A[2K[G
 ───────────────── Importing data ─────────────────

 ✔ Creating ingest job 5.12s
 ⣯ Processing the job 1.64s
   ▸ Processed records: ◟
   ▸ Successful records: ◟
   ▸ Failed records: ◟

 Status: UploadComplete
 Job Id:
 750ct00000US9gdAAD (https://fortra--mergebuild.sandbox.my.salesforce.com/lightn
 ing/setup/AsyncApiJobStatus/page?address=%2F750ct00000US9gdAAD)
 Elapsed Time: 6.96s

[2K[1A[2K[1A[2K[1A[2K[1A[2K[1A[2K[1A[2K[1A[2K[1A[2K[1A[2K[1A[2K[1A[2K[1A[2K[1A[2K[1A[2K[1A[2K[G
 ───────────────── Importing data ─────────────────

 ✔ Creating ingest job 5.12s
 ⣯ Processing the job 1.67s
   ▸ Processed records: ◜
   ▸ Successful records: ◜
   ▸ Failed records: ◜

 Status: UploadComplete
 Job Id:
 750ct00000US9gdAAD (https://fortra--mergebuild.sandbox.my.salesforce.com/lightn
 ing/setup/AsyncApiJobStatus/page?address=%2F750ct00000US9gdAAD)
 Elapsed Time: 6.98s

[2K[1A[2K[1A[2K[1A[2K[1A[2K[1A[2K[1A[2K[1A[2K[1A[2K[1A[2K[1A[2K[1A[2K[1A[2K[1A[2K[1A[2K[1A[2K[G
 ───────────────── Importing data ─────────────────

 ✔ Creating ingest job 5.12s
 ⣷ Processing the job 1.71s
   ▸ Processed records: ◜
   ▸ Successful records: ◜
   ▸ Failed records: ◜

 Status: UploadComplete
 Job Id:
 750ct00000US9gdAAD (https://fortra--mergebuild.sandbox.my.salesforce.com/lightn
 ing/setup/AsyncApiJobStatus/page?address=%2F750ct00000US9gdAAD)
 Elapsed Time: 7.01s

[2K[1A[2K[1A[2K[1A[2K[1A[2K[1A[2K[1A[2K[1A[2K[1A[2K[1A[2K[1A[2K[1A[2K[1A[2K[1A[2K[1A[2K[1A[2K[G
 ───────────────── Importing data ─────────────────

 ✔ Creating ingest job 5.12s
 ⣷ Processing the job 1.73s
   ▸ Processed records: ◜
   ▸ Successful records: ◜
   ▸ Failed records: ◜

 Status: UploadComplete
 Job Id:
 750ct00000US9gdAAD (https://fortra--mergebuild.sandbox.my.salesforce.com/lightn
 ing/setup/AsyncApiJobStatus/page?address=%2F750ct00000US9gdAAD)
 Elapsed Time: 7.04s

[2K[1A[2K[1A[2K[1A[2K[1A[2K[1A[2K[1A[2K[1A[2K[1A[2K[1A[2K[1A[2K[1A[2K[1A[2K[1A[2K[1A[2K[1A[2K[G
 ───────────────── Importing data ─────────────────

 ✔ Creating ingest job 5.12s
 ⣾ Processing the job 1.77s
   ▸ Processed records: ◠
   ▸ Successful records: ◠
   ▸ Failed records: ◠

 Status: UploadComplete
 Job Id:
 750ct00000US9gdAAD (https://fortra--mergebuild.sandbox.my.salesforce.com/lightn
 ing/setup/AsyncApiJobStatus/page?address=%2F750ct00000US9gdAAD)
 Elapsed Time: 7.07s

[2K[1A[2K[1A[2K[1A[2K[1A[2K[1A[2K[1A[2K[1A[2K[1A[2K[1A[2K[1A[2K[1A[2K[1A[2K[1A[2K[1A[2K[1A[2K[G
 ───────────────── Importing data ─────────────────

 ✔ Creating ingest job 5.12s
 ⣾ Processing the job 1.79s
   ▸ Processed records: ◠
   ▸ Successful records: ◠
   ▸ Failed records: ◠

 Status: UploadComplete
 Job Id:
 750ct00000US9gdAAD (https://fortra--mergebuild.sandbox.my.salesforce.com/lightn
 ing/setup/AsyncApiJobStatus/page?address=%2F750ct00000US9gdAAD)
 Elapsed Time: 7.10s

[2K[1A[2K[1A[2K[1A[2K[1A[2K[1A[2K[1A[2K[1A[2K[1A[2K[1A[2K[1A[2K[1A[2K[1A[2K[1A[2K[1A[2K[1A[2K[G
 ───────────────── Importing data ─────────────────

 ✔ Creating ingest job 5.12s
 ⣾ Processing the job 1.82s
   ▸ Processed records: ◠
   ▸ Successful records: ◠
   ▸ Failed records: ◠

 Status: UploadComplete
 Job Id:
 750ct00000US9gdAAD (https://fortra--mergebuild.sandbox.my.salesforce.com/lightn
 ing/setup/AsyncApiJobStatus/page?address=%2F750ct00000US9gdAAD)
 Elapsed Time: 7.13s

[2K[1A[2K[1A[2K[1A[2K[1A[2K[1A[2K[1A[2K[1A[2K[1A[2K[1A[2K[1A[2K[1A[2K[1A[2K[1A[2K[1A[2K[1A[2K[G
 ───────────────── Importing data ─────────────────

 ✔ Creating ingest job 5.12s
 ⣽ Processing the job 1.85s
   ▸ Processed records: ◝
   ▸ Successful records: ◝
   ▸ Failed records: ◝

 Status: UploadComplete
 Job Id:
 750ct00000US9gdAAD (https://fortra--mergebuild.sandbox.my.salesforce.com/lightn
 ing/setup/AsyncApiJobStatus/page?address=%2F750ct00000US9gdAAD)
 Elapsed Time: 7.16s

[2K[1A[2K[1A[2K[1A[2K[1A[2K[1A[2K[1A[2K[1A[2K[1A[2K[1A[2K[1A[2K[1A[2K[1A[2K[1A[2K[1A[2K[1A[2K[G
 ───────────────── Importing data ─────────────────

 ✔ Creating ingest job 5.12s
 ⣽ Processing the job 1.88s
   ▸ Processed records: ◝
   ▸ Successful records: ◝
   ▸ Failed records: ◝

 Status: UploadComplete
 Job Id:
 750ct00000US9gdAAD (https://fortra--mergebuild.sandbox.my.salesforce.com/lightn
 ing/setup/AsyncApiJobStatus/page?address=%2F750ct00000US9gdAAD)
 Elapsed Time: 7.19s

[2K[1A[2K[1A[2K[1A[2K[1A[2K[1A[2K[1A[2K[1A[2K[1A[2K[1A[2K[1A[2K[1A[2K[1A[2K[1A[2K[1A[2K[1A[2K[G
 ───────────────── Importing data ─────────────────

 ✔ Creating ingest job 5.12s
 ⣻ Processing the job 1.91s
   ▸ Processed records: ◝
   ▸ Successful records: ◝
   ▸ Failed records: ◝

 Status: UploadComplete
 Job Id:
 750ct00000US9gdAAD (https://fortra--mergebuild.sandbox.my.salesforce.com/lightn
 ing/setup/AsyncApiJobStatus/page?address=%2F750ct00000US9gdAAD)
 Elapsed Time: 7.22s

[2K[1A[2K[1A[2K[1A[2K[1A[2K[1A[2K[1A[2K[1A[2K[1A[2K[1A[2K[1A[2K[1A[2K[1A[2K[1A[2K[1A[2K[1A[2K[G
 ───────────────── Importing data ─────────────────

 ✔ Creating ingest job 5.12s
 ⣻ Processing the job 1.94s
   ▸ Processed records: ◞
   ▸ Successful records: ◞
   ▸ Failed records: ◞

 Status: UploadComplete
 Job Id:
 750ct00000US9gdAAD (https://fortra--mergebuild.sandbox.my.salesforce.com/lightn
 ing/setup/AsyncApiJobStatus/page?address=%2F750ct00000US9gdAAD)
 Elapsed Time: 7.25s

[2K[1A[2K[1A[2K[1A[2K[1A[2K[1A[2K[1A[2K[1A[2K[1A[2K[1A[2K[1A[2K[1A[2K[1A[2K[1A[2K[1A[2K[1A[2K[G
 ───────────────── Importing data ─────────────────

 ✔ Creating ingest job 5.12s
 ⣻ Processing the job 1.96s
   ▸ Processed records: ◞
   ▸ Successful records: ◞
   ▸ Failed records: ◞

 Status: UploadComplete
 Job Id:
 750ct00000US9gdAAD (https://fortra--mergebuild.sandbox.my.salesforce.com/lightn
 ing/setup/AsyncApiJobStatus/page?address=%2F750ct00000US9gdAAD)
 Elapsed Time: 7.28s

[2K[1A[2K[1A[2K[1A[2K[1A[2K[1A[2K[1A[2K[1A[2K[1A[2K[1A[2K[1A[2K[1A[2K[1A[2K[1A[2K[1A[2K[1A[2K[G
 ───────────────── Importing data ─────────────────

 ✔ Creating ingest job 5.12s
 ⢿ Processing the job 2.00s
   ▸ Processed records: ◞
   ▸ Successful records: ◞
   ▸ Failed records: ◞

 Status: UploadComplete
 Job Id:
 750ct00000US9gdAAD (https://fortra--mergebuild.sandbox.my.salesforce.com/lightn
 ing/setup/AsyncApiJobStatus/page?address=%2F750ct00000US9gdAAD)
 Elapsed Time: 7.31s

[2K[1A[2K[1A[2K[1A[2K[1A[2K[1A[2K[1A[2K[1A[2K[1A[2K[1A[2K[1A[2K[1A[2K[1A[2K[1A[2K[1A[2K[1A[2K[G
 ───────────────── Importing data ─────────────────

 ✔ Creating ingest job 5.12s
 ⢿ Processing the job 2.02s
   ▸ Processed records: ◡
   ▸ Successful records: ◡
   ▸ Failed records: ◡

 Status: UploadComplete
 Job Id:
 750ct00000US9gdAAD (https://fortra--mergebuild.sandbox.my.salesforce.com/lightn
 ing/setup/AsyncApiJobStatus/page?address=%2F750ct00000US9gdAAD)
 Elapsed Time: 7.34s

[2K[1A[2K[1A[2K[1A[2K[1A[2K[1A[2K[1A[2K[1A[2K[1A[2K[1A[2K[1A[2K[1A[2K[1A[2K[1A[2K[1A[2K[1A[2K[G
 ───────────────── Importing data ─────────────────

 ✔ Creating ingest job 5.12s
 ⡿ Processing the job 2.05s
   ▸ Processed records: ◡
   ▸ Successful records: ◡
   ▸ Failed records: ◡

 Status: UploadComplete
 Job Id:
 750ct00000US9gdAAD (https://fortra--mergebuild.sandbox.my.salesforce.com/lightn
 ing/setup/AsyncApiJobStatus/page?address=%2F750ct00000US9gdAAD)
 Elapsed Time: 7.37s

[2K[1A[2K[1A[2K[1A[2K[1A[2K[1A[2K[1A[2K[1A[2K[1A[2K[1A[2K[1A[2K[1A[2K[1A[2K[1A[2K[1A[2K[1A[2K[G
 ───────────────── Importing data ─────────────────

 ✔ Creating ingest job 5.12s
 ⡿ Processing the job 2.08s
   ▸ Processed records: ◡
   ▸ Successful records: ◡
   ▸ Failed records: ◡

 Status: UploadComplete
 Job Id:
 750ct00000US9gdAAD (https://fortra--mergebuild.sandbox.my.salesforce.com/lightn
 ing/setup/AsyncApiJobStatus/page?address=%2F750ct00000US9gdAAD)
 Elapsed Time: 7.40s

[2K[1A[2K[1A[2K[1A[2K[1A[2K[1A[2K[1A[2K[1A[2K[1A[2K[1A[2K[1A[2K[1A[2K[1A[2K[1A[2K[1A[2K[1A[2K[G
 ───────────────── Importing data ─────────────────

 ✔ Creating ingest job 5.12s
 ⡿ Processing the job 2.12s
   ▸ Processed records: ◟
   ▸ Successful records: ◟
   ▸ Failed records: ◟

 Status: UploadComplete
 Job Id:
 750ct00000US9gdAAD (https://fortra--mergebuild.sandbox.my.salesforce.com/lightn
 ing/setup/AsyncApiJobStatus/page?address=%2F750ct00000US9gdAAD)
 Elapsed Time: 7.43s

[2K[1A[2K[1A[2K[1A[2K[1A[2K[1A[2K[1A[2K[1A[2K[1A[2K[1A[2K[1A[2K[1A[2K[1A[2K[1A[2K[1A[2K[1A[2K[G
 ───────────────── Importing data ─────────────────

 ✔ Creating ingest job 5.12s
 ⣟ Processing the job 2.14s
   ▸ Processed records: ◟
   ▸ Successful records: ◟
   ▸ Failed records: ◟

 Status: UploadComplete
 Job Id:
 750ct00000US9gdAAD (https://fortra--mergebuild.sandbox.my.salesforce.com/lightn
 ing/setup/AsyncApiJobStatus/page?address=%2F750ct00000US9gdAAD)
 Elapsed Time: 7.46s

[2K[1A[2K[1A[2K[1A[2K[1A[2K[1A[2K[1A[2K[1A[2K[1A[2K[1A[2K[1A[2K[1A[2K[1A[2K[1A[2K[1A[2K[1A[2K[G
 ───────────────── Importing data ─────────────────

 ✔ Creating ingest job 5.12s
 ⣟ Processing the job 2.18s
   ▸ Processed records: ◟
   ▸ Successful records: ◟
   ▸ Failed records: ◟

 Status: UploadComplete
 Job Id:
 750ct00000US9gdAAD (https://fortra--mergebuild.sandbox.my.salesforce.com/lightn
 ing/setup/AsyncApiJobStatus/page?address=%2F750ct00000US9gdAAD)
 Elapsed Time: 7.5s

[2K[1A[2K[1A[2K[1A[2K[1A[2K[1A[2K[1A[2K[1A[2K[1A[2K[1A[2K[1A[2K[1A[2K[1A[2K[1A[2K[1A[2K[1A[2K[G
 ───────────────── Importing data ─────────────────

 ✔ Creating ingest job 5.12s
 ⣯ Processing the job 2.21s
   ▸ Processed records: ◜
   ▸ Successful records: ◜
   ▸ Failed records: ◜

 Status: UploadComplete
 Job Id:
 750ct00000US9gdAAD (https://fortra--mergebuild.sandbox.my.salesforce.com/lightn
 ing/setup/AsyncApiJobStatus/page?address=%2F750ct00000US9gdAAD)
 Elapsed Time: 7.53s

[2K[1A[2K[1A[2K[1A[2K[1A[2K[1A[2K[1A[2K[1A[2K[1A[2K[1A[2K[1A[2K[1A[2K[1A[2K[1A[2K[1A[2K[1A[2K[G
 ───────────────── Importing data ─────────────────

 ✔ Creating ingest job 5.12s
 ⣯ Processing the job 2.24s
   ▸ Processed records: ◜
   ▸ Successful records: ◜
   ▸ Failed records: ◜

 Status: UploadComplete
 Job Id:
 750ct00000US9gdAAD (https://fortra--mergebuild.sandbox.my.salesforce.com/lightn
 ing/setup/AsyncApiJobStatus/page?address=%2F750ct00000US9gdAAD)
 Elapsed Time: 7.55s

[2K[1A[2K[1A[2K[1A[2K[1A[2K[1A[2K[1A[2K[1A[2K[1A[2K[1A[2K[1A[2K[1A[2K[1A[2K[1A[2K[1A[2K[1A[2K[G
 ───────────────── Importing data ─────────────────

 ✔ Creating ingest job 5.12s
 ⣯ Processing the job 2.27s
   ▸ Processed records: ◜
   ▸ Successful records: ◜
   ▸ Failed records: ◜

 Status: UploadComplete
 Job Id:
 750ct00000US9gdAAD (https://fortra--mergebuild.sandbox.my.salesforce.com/lightn
 ing/setup/AsyncApiJobStatus/page?address=%2F750ct00000US9gdAAD)
 Elapsed Time: 7.59s

[2K[1A[2K[1A[2K[1A[2K[1A[2K[1A[2K[1A[2K[1A[2K[1A[2K[1A[2K[1A[2K[1A[2K[1A[2K[1A[2K[1A[2K[1A[2K[G
 ───────────────── Importing data ─────────────────

 ✔ Creating ingest job 5.12s
 ⣷ Processing the job 2.30s
   ▸ Processed records: ◠
   ▸ Successful records: ◜
   ▸ Failed records: ◜

 Status: UploadComplete
 Job Id:
 750ct00000US9gdAAD (https://fortra--mergebuild.sandbox.my.salesforce.com/lightn
 ing/setup/AsyncApiJobStatus/page?address=%2F750ct00000US9gdAAD)
 Elapsed Time: 7.62s

[2K[1A[2K[1A[2K[1A[2K[1A[2K[1A[2K[1A[2K[1A[2K[1A[2K[1A[2K[1A[2K[1A[2K[1A[2K[1A[2K[1A[2K[1A[2K[G
 ───────────────── Importing data ─────────────────

 ✔ Creating ingest job 5.12s
 ⣷ Processing the job 2.33s
   ▸ Processed records: ◠
   ▸ Successful records: ◠
   ▸ Failed records: ◠

 Status: UploadComplete
 Job Id:
 750ct00000US9gdAAD (https://fortra--mergebuild.sandbox.my.salesforce.com/lightn
 ing/setup/AsyncApiJobStatus/page?address=%2F750ct00000US9gdAAD)
 Elapsed Time: 7.65s

[2K[1A[2K[1A[2K[1A[2K[1A[2K[1A[2K[1A[2K[1A[2K[1A[2K[1A[2K[1A[2K[1A[2K[1A[2K[1A[2K[1A[2K[1A[2K[G
 ───────────────── Importing data ─────────────────

 ✔ Creating ingest job 5.12s
 ⣾ Processing the job 2.37s
   ▸ Processed records: ◠
   ▸ Successful records: ◠
   ▸ Failed records: ◠

 Status: UploadComplete
 Job Id:
 750ct00000US9gdAAD (https://fortra--mergebuild.sandbox.my.salesforce.com/lightn
 ing/setup/AsyncApiJobStatus/page?address=%2F750ct00000US9gdAAD)
 Elapsed Time: 7.68s

[2K[1A[2K[1A[2K[1A[2K[1A[2K[1A[2K[1A[2K[1A[2K[1A[2K[1A[2K[1A[2K[1A[2K[1A[2K[1A[2K[1A[2K[1A[2K[G
 ───────────────── Importing data ─────────────────

 ✔ Creating ingest job 5.12s
 ⣾ Processing the job 2.39s
   ▸ Processed records: ◠
   ▸ Successful records: ◠
   ▸ Failed records: ◠

 Status: UploadComplete
 Job Id:
 750ct00000US9gdAAD (https://fortra--mergebuild.sandbox.my.salesforce.com/lightn
 ing/setup/AsyncApiJobStatus/page?address=%2F750ct00000US9gdAAD)
 Elapsed Time: 7.71s

[2K[1A[2K[1A[2K[1A[2K[1A[2K[1A[2K[1A[2K[1A[2K[1A[2K[1A[2K[1A[2K[1A[2K[1A[2K[1A[2K[1A[2K[1A[2K[G
 ───────────────── Importing data ─────────────────

 ✔ Creating ingest job 5.12s
 ⣾ Processing the job 2.43s
   ▸ Processed records: ◝
   ▸ Successful records: ◝
   ▸ Failed records: ◝

 Status: UploadComplete
 Job Id:
 750ct00000US9gdAAD (https://fortra--mergebuild.sandbox.my.salesforce.com/lightn
 ing/setup/AsyncApiJobStatus/page?address=%2F750ct00000US9gdAAD)
 Elapsed Time: 7.74s

[2K[1A[2K[1A[2K[1A[2K[1A[2K[1A[2K[1A[2K[1A[2K[1A[2K[1A[2K[1A[2K[1A[2K[1A[2K[1A[2K[1A[2K[1A[2K[G
 ───────────────── Importing data ─────────────────

 ✔ Creating ingest job 5.12s
 ⣽ Processing the job 2.45s
   ▸ Processed records: ◝
   ▸ Successful records: ◝
   ▸ Failed records: ◝

 Status: UploadComplete
 Job Id:
 750ct00000US9gdAAD (https://fortra--mergebuild.sandbox.my.salesforce.com/lightn
 ing/setup/AsyncApiJobStatus/page?address=%2F750ct00000US9gdAAD)
 Elapsed Time: 7.77s

[2K[1A[2K[1A[2K[1A[2K[1A[2K[1A[2K[1A[2K[1A[2K[1A[2K[1A[2K[1A[2K[1A[2K[1A[2K[1A[2K[1A[2K[1A[2K[G
 ───────────────── Importing data ─────────────────

 ✔ Creating ingest job 5.12s
 ⣽ Processing the job 2.49s
   ▸ Processed records: ◝
   ▸ Successful records: ◝
   ▸ Failed records: ◝

 Status: UploadComplete
 Job Id:
 750ct00000US9gdAAD (https://fortra--mergebuild.sandbox.my.salesforce.com/lightn
 ing/setup/AsyncApiJobStatus/page?address=%2F750ct00000US9gdAAD)
 Elapsed Time: 7.80s

[2K[1A[2K[1A[2K[1A[2K[1A[2K[1A[2K[1A[2K[1A[2K[1A[2K[1A[2K[1A[2K[1A[2K[1A[2K[1A[2K[1A[2K[1A[2K[G
 ───────────────── Importing data ─────────────────

 ✔ Creating ingest job 5.12s
 ⣻ Processing the job 2.52s
   ▸ Processed records: ◞
   ▸ Successful records: ◞
   ▸ Failed records: ◞

 Status: UploadComplete
 Job Id:
 750ct00000US9gdAAD (https://fortra--mergebuild.sandbox.my.salesforce.com/lightn
 ing/setup/AsyncApiJobStatus/page?address=%2F750ct00000US9gdAAD)
 Elapsed Time: 7.83s

[2K[1A[2K[1A[2K[1A[2K[1A[2K[1A[2K[1A[2K[1A[2K[1A[2K[1A[2K[1A[2K[1A[2K[1A[2K[1A[2K[1A[2K[1A[2K[G
 ───────────────── Importing data ─────────────────

 ✔ Creating ingest job 5.12s
 ⣻ Processing the job 2.54s
   ▸ Processed records: ◞
   ▸ Successful records: ◞
   ▸ Failed records: ◞

 Status: UploadComplete
 Job Id:
 750ct00000US9gdAAD (https://fortra--mergebuild.sandbox.my.salesforce.com/lightn
 ing/setup/AsyncApiJobStatus/page?address=%2F750ct00000US9gdAAD)
 Elapsed Time: 7.87s

[2K[1A[2K[1A[2K[1A[2K[1A[2K[1A[2K[1A[2K[1A[2K[1A[2K[1A[2K[1A[2K[1A[2K[1A[2K[1A[2K[1A[2K[1A[2K[G
 ───────────────── Importing data ─────────────────

 ✔ Creating ingest job 5.12s
 ⣻ Processing the job 2.57s
   ▸ Processed records: ◞
   ▸ Successful records: ◞
   ▸ Failed records: ◞

 Status: UploadComplete
 Job Id:
 750ct00000US9gdAAD (https://fortra--mergebuild.sandbox.my.salesforce.com/lightn
 ing/setup/AsyncApiJobStatus/page?address=%2F750ct00000US9gdAAD)
 Elapsed Time: 7.89s

[2K[1A[2K[1A[2K[1A[2K[1A[2K[1A[2K[1A[2K[1A[2K[1A[2K[1A[2K[1A[2K[1A[2K[1A[2K[1A[2K[1A[2K[1A[2K[G
 ───────────────── Importing data ─────────────────

 ✔ Creating ingest job 5.12s
 ⢿ Processing the job 2.60s
   ▸ Processed records: ◡
   ▸ Successful records: ◡
   ▸ Failed records: ◡

 Status: UploadComplete
 Job Id:
 750ct00000US9gdAAD (https://fortra--mergebuild.sandbox.my.salesforce.com/lightn
 ing/setup/AsyncApiJobStatus/page?address=%2F750ct00000US9gdAAD)
 Elapsed Time: 7.92s

[2K[1A[2K[1A[2K[1A[2K[1A[2K[1A[2K[1A[2K[1A[2K[1A[2K[1A[2K[1A[2K[1A[2K[1A[2K[1A[2K[1A[2K[1A[2K[G
 ───────────────── Importing data ─────────────────

 ✔ Creating ingest job 5.12s
 ⢿ Processing the job 2.64s
   ▸ Processed records: ◡
   ▸ Successful records: ◡
   ▸ Failed records: ◡

 Status: UploadComplete
 Job Id:
 750ct00000US9gdAAD (https://fortra--mergebuild.sandbox.my.salesforce.com/lightn
 ing/setup/AsyncApiJobStatus/page?address=%2F750ct00000US9gdAAD)
 Elapsed Time: 7.95s

[2K[1A[2K[1A[2K[1A[2K[1A[2K[1A[2K[1A[2K[1A[2K[1A[2K[1A[2K[1A[2K[1A[2K[1A[2K[1A[2K[1A[2K[1A[2K[G
 ───────────────── Importing data ─────────────────

 ✔ Creating ingest job 5.12s
 ⡿ Processing the job 2.66s
   ▸ Processed records: ◡
   ▸ Successful records: ◡
   ▸ Failed records: ◡

 Status: UploadComplete
 Job Id:
 750ct00000US9gdAAD (https://fortra--mergebuild.sandbox.my.salesforce.com/lightn
 ing/setup/AsyncApiJobStatus/page?address=%2F750ct00000US9gdAAD)
 Elapsed Time: 7.98s

[2K[1A[2K[1A[2K[1A[2K[1A[2K[1A[2K[1A[2K[1A[2K[1A[2K[1A[2K[1A[2K[1A[2K[1A[2K[1A[2K[1A[2K[1A[2K[G
 ───────────────── Importing data ─────────────────

 ✔ Creating ingest job 5.12s
 ⡿ Processing the job 2.69s
   ▸ Processed records: ◟
   ▸ Successful records: ◟
   ▸ Failed records: ◟

 Status: UploadComplete
 Job Id:
 750ct00000US9gdAAD (https://fortra--mergebuild.sandbox.my.salesforce.com/lightn
 ing/setup/AsyncApiJobStatus/page?address=%2F750ct00000US9gdAAD)
 Elapsed Time: 8.01s

[2K[1A[2K[1A[2K[1A[2K[1A[2K[1A[2K[1A[2K[1A[2K[1A[2K[1A[2K[1A[2K[1A[2K[1A[2K[1A[2K[1A[2K[1A[2K[G
 ───────────────── Importing data ─────────────────

 ✔ Creating ingest job 5.12s
 ⡿ Processing the job 2.72s
   ▸ Processed records: ◟
   ▸ Successful records: ◟
   ▸ Failed records: ◟

 Status: UploadComplete
 Job Id:
 750ct00000US9gdAAD (https://fortra--mergebuild.sandbox.my.salesforce.com/lightn
 ing/setup/AsyncApiJobStatus/page?address=%2F750ct00000US9gdAAD)
 Elapsed Time: 8.05s

[2K[1A[2K[1A[2K[1A[2K[1A[2K[1A[2K[1A[2K[1A[2K[1A[2K[1A[2K[1A[2K[1A[2K[1A[2K[1A[2K[1A[2K[1A[2K[G
 ───────────────── Importing data ─────────────────

 ✔ Creating ingest job 5.12s
 ⣟ Processing the job 2.75s
   ▸ Processed records: ◟
   ▸ Successful records: ◟
   ▸ Failed records: ◟

 Status: UploadComplete
 Job Id:
 750ct00000US9gdAAD (https://fortra--mergebuild.sandbox.my.salesforce.com/lightn
 ing/setup/AsyncApiJobStatus/page?address=%2F750ct00000US9gdAAD)
 Elapsed Time: 8.08s

[2K[1A[2K[1A[2K[1A[2K[1A[2K[1A[2K[1A[2K[1A[2K[1A[2K[1A[2K[1A[2K[1A[2K[1A[2K[1A[2K[1A[2K[1A[2K[G
 ───────────────── Importing data ─────────────────

 ✔ Creating ingest job 5.12s
 ⣟ Processing the job 2.78s
   ▸ Processed records: ◜
   ▸ Successful records: ◜
   ▸ Failed records: ◜

 Status: UploadComplete
 Job Id:
 750ct00000US9gdAAD (https://fortra--mergebuild.sandbox.my.salesforce.com/lightn
 ing/setup/AsyncApiJobStatus/page?address=%2F750ct00000US9gdAAD)
 Elapsed Time: 8.11s

[2K[1A[2K[1A[2K[1A[2K[1A[2K[1A[2K[1A[2K[1A[2K[1A[2K[1A[2K[1A[2K[1A[2K[1A[2K[1A[2K[1A[2K[1A[2K[G
 ───────────────── Importing data ─────────────────

 ✔ Creating ingest job 5.12s
 ⣯ Processing the job 2.81s
   ▸ Processed records: ◜
   ▸ Successful records: ◜
   ▸ Failed records: ◜

 Status: UploadComplete
 Job Id:
 750ct00000US9gdAAD (https://fortra--mergebuild.sandbox.my.salesforce.com/lightn
 ing/setup/AsyncApiJobStatus/page?address=%2F750ct00000US9gdAAD)
 Elapsed Time: 8.14s

[2K[1A[2K[1A[2K[1A[2K[1A[2K[1A[2K[1A[2K[1A[2K[1A[2K[1A[2K[1A[2K[1A[2K[1A[2K[1A[2K[1A[2K[1A[2K[G
 ───────────────── Importing data ─────────────────

 ✔ Creating ingest job 5.12s
 ⣯ Processing the job 2.85s
   ▸ Processed records: ◜
   ▸ Successful records: ◜
   ▸ Failed records: ◜

 Status: UploadComplete
 Job Id:
 750ct00000US9gdAAD (https://fortra--mergebuild.sandbox.my.salesforce.com/lightn
 ing/setup/AsyncApiJobStatus/page?address=%2F750ct00000US9gdAAD)
 Elapsed Time: 8.17s

[2K[1A[2K[1A[2K[1A[2K[1A[2K[1A[2K[1A[2K[1A[2K[1A[2K[1A[2K[1A[2K[1A[2K[1A[2K[1A[2K[1A[2K[1A[2K[G
 ───────────────── Importing data ─────────────────

 ✔ Creating ingest job 5.12s
 ⣯ Processing the job 2.87s
   ▸ Processed records: ◠
   ▸ Successful records: ◠
   ▸ Failed records: ◠

 Status: UploadComplete
 Job Id:
 750ct00000US9gdAAD (https://fortra--mergebuild.sandbox.my.salesforce.com/lightn
 ing/setup/AsyncApiJobStatus/page?address=%2F750ct00000US9gdAAD)
 Elapsed Time: 8.20s

[2K[1A[2K[1A[2K[1A[2K[1A[2K[1A[2K[1A[2K[1A[2K[1A[2K[1A[2K[1A[2K[1A[2K[1A[2K[1A[2K[1A[2K[1A[2K[G
 ───────────────── Importing data ─────────────────

 ✔ Creating ingest job 5.12s
 ⣷ Processing the job 2.91s
   ▸ Processed records: ◠
   ▸ Successful records: ◠
   ▸ Failed records: ◠

 Status: UploadComplete
 Job Id:
 750ct00000US9gdAAD (https://fortra--mergebuild.sandbox.my.salesforce.com/lightn
 ing/setup/AsyncApiJobStatus/page?address=%2F750ct00000US9gdAAD)
 Elapsed Time: 8.23s

[2K[1A[2K[1A[2K[1A[2K[1A[2K[1A[2K[1A[2K[1A[2K[1A[2K[1A[2K[1A[2K[1A[2K[1A[2K[1A[2K[1A[2K[1A[2K[G
 ───────────────── Importing data ─────────────────

 ✔ Creating ingest job 5.12s
 ⣷ Processing the job 2.94s
   ▸ Processed records: ◠
   ▸ Successful records: ◠
   ▸ Failed records: ◠

 Status: UploadComplete
 Job Id:
 750ct00000US9gdAAD (https://fortra--mergebuild.sandbox.my.salesforce.com/lightn
 ing/setup/AsyncApiJobStatus/page?address=%2F750ct00000US9gdAAD)
 Elapsed Time: 8.26s

[2K[1A[2K[1A[2K[1A[2K[1A[2K[1A[2K[1A[2K[1A[2K[1A[2K[1A[2K[1A[2K[1A[2K[1A[2K[1A[2K[1A[2K[1A[2K[G
 ───────────────── Importing data ─────────────────

 ✔ Creating ingest job 5.12s
 ⣾ Processing the job 2.97s
   ▸ Processed records: ◝
   ▸ Successful records: ◝
   ▸ Failed records: ◝

 Status: UploadComplete
 Job Id:
 750ct00000US9gdAAD (https://fortra--mergebuild.sandbox.my.salesforce.com/lightn
 ing/setup/AsyncApiJobStatus/page?address=%2F750ct00000US9gdAAD)
 Elapsed Time: 8.30s

[2K[1A[2K[1A[2K[1A[2K[1A[2K[1A[2K[1A[2K[1A[2K[1A[2K[1A[2K[1A[2K[1A[2K[1A[2K[1A[2K[1A[2K[1A[2K[G
 ───────────────── Importing data ─────────────────

 ✔ Creating ingest job 5.12s
 ⣾ Processing the job 3.00s
   ▸ Processed records: ◝
   ▸ Successful records: ◝
   ▸ Failed records: ◝

 Status: UploadComplete
 Job Id:
 750ct00000US9gdAAD (https://fortra--mergebuild.sandbox.my.salesforce.com/lightn
 ing/setup/AsyncApiJobStatus/page?address=%2F750ct00000US9gdAAD)
 Elapsed Time: 8.33s

[2K[1A[2K[1A[2K[1A[2K[1A[2K[1A[2K[1A[2K[1A[2K[1A[2K[1A[2K[1A[2K[1A[2K[1A[2K[1A[2K[1A[2K[1A[2K[G
 ───────────────── Importing data ─────────────────

 ✔ Creating ingest job 5.12s
 ⣾ Processing the job 3.03s
   ▸ Processed records: ◝
   ▸ Successful records: ◝
   ▸ Failed records: ◝

 Status: UploadComplete
 Job Id:
 750ct00000US9gdAAD (https://fortra--mergebuild.sandbox.my.salesforce.com/lightn
 ing/setup/AsyncApiJobStatus/page?address=%2F750ct00000US9gdAAD)
 Elapsed Time: 8.36s

[2K[1A[2K[1A[2K[1A[2K[1A[2K[1A[2K[1A[2K[1A[2K[1A[2K[1A[2K[1A[2K[1A[2K[1A[2K[1A[2K[1A[2K[1A[2K[G
 ───────────────── Importing data ─────────────────

 ✔ Creating ingest job 5.12s
 ⣽ Processing the job 3.06s
   ▸ Processed records: ◞
   ▸ Successful records: ◝
   ▸ Failed records: ◝

 Status: UploadComplete
 Job Id:
 750ct00000US9gdAAD (https://fortra--mergebuild.sandbox.my.salesforce.com/lightn
 ing/setup/AsyncApiJobStatus/page?address=%2F750ct00000US9gdAAD)
 Elapsed Time: 8.39s

[2K[1A[2K[1A[2K[1A[2K[1A[2K[1A[2K[1A[2K[1A[2K[1A[2K[1A[2K[1A[2K[1A[2K[1A[2K[1A[2K[1A[2K[1A[2K[G
 ───────────────── Importing data ─────────────────

 ✔ Creating ingest job 5.12s
 ⣽ Processing the job 3.10s
   ▸ Processed records: ◞
   ▸ Successful records: ◞
   ▸ Failed records: ◞

 Status: UploadComplete
 Job Id:
 750ct00000US9gdAAD (https://fortra--mergebuild.sandbox.my.salesforce.com/lightn
 ing/setup/AsyncApiJobStatus/page?address=%2F750ct00000US9gdAAD)
 Elapsed Time: 8.42s

[2K[1A[2K[1A[2K[1A[2K[1A[2K[1A[2K[1A[2K[1A[2K[1A[2K[1A[2K[1A[2K[1A[2K[1A[2K[1A[2K[1A[2K[1A[2K[G
 ───────────────── Importing data ─────────────────

 ✔ Creating ingest job 5.12s
 ⣻ Processing the job 3.12s
   ▸ Processed records: ◞
   ▸ Successful records: ◞
   ▸ Failed records: ◞

 Status: UploadComplete
 Job Id:
 750ct00000US9gdAAD (https://fortra--mergebuild.sandbox.my.salesforce.com/lightn
 ing/setup/AsyncApiJobStatus/page?address=%2F750ct00000US9gdAAD)
 Elapsed Time: 8.46s

[2K[1A[2K[1A[2K[1A[2K[1A[2K[1A[2K[1A[2K[1A[2K[1A[2K[1A[2K[1A[2K[1A[2K[1A[2K[1A[2K[1A[2K[1A[2K[G
 ───────────────── Importing data ─────────────────

 ✔ Creating ingest job 5.12s
 ⣻ Processing the job 3.16s
   ▸ Processed records: ◡
   ▸ Successful records: ◞
   ▸ Failed records: ◞

 Status: UploadComplete
 Job Id:
 750ct00000US9gdAAD (https://fortra--mergebuild.sandbox.my.salesforce.com/lightn
 ing/setup/AsyncApiJobStatus/page?address=%2F750ct00000US9gdAAD)
 Elapsed Time: 8.49s

[2K[1A[2K[1A[2K[1A[2K[1A[2K[1A[2K[1A[2K[1A[2K[1A[2K[1A[2K[1A[2K[1A[2K[1A[2K[1A[2K[1A[2K[1A[2K[G
 ───────────────── Importing data ─────────────────

 ✔ Creating ingest job 5.12s
 ⣻ Processing the job 3.18s
   ▸ Processed records: ◡
   ▸ Successful records: ◡
   ▸ Failed records: ◡

 Status: UploadComplete
 Job Id:
 750ct00000US9gdAAD (https://fortra--mergebuild.sandbox.my.salesforce.com/lightn
 ing/setup/AsyncApiJobStatus/page?address=%2F750ct00000US9gdAAD)
 Elapsed Time: 8.52s

[2K[1A[2K[1A[2K[1A[2K[1A[2K[1A[2K[1A[2K[1A[2K[1A[2K[1A[2K[1A[2K[1A[2K[1A[2K[1A[2K[1A[2K[1A[2K[G
 ───────────────── Importing data ─────────────────

 ✔ Creating ingest job 5.12s
 ⢿ Processing the job 3.21s
   ▸ Processed records: ◡
   ▸ Successful records: ◡
   ▸ Failed records: ◡

 Status: UploadComplete
 Job Id:
 750ct00000US9gdAAD (https://fortra--mergebuild.sandbox.my.salesforce.com/lightn
 ing/setup/AsyncApiJobStatus/page?address=%2F750ct00000US9gdAAD)
 Elapsed Time: 8.55s

[2K[1A[2K[1A[2K[1A[2K[1A[2K[1A[2K[1A[2K[1A[2K[1A[2K[1A[2K[1A[2K[1A[2K[1A[2K[1A[2K[1A[2K[1A[2K[G
 ───────────────── Importing data ─────────────────

 ✔ Creating ingest job 5.12s
 ⢿ Processing the job 3.24s
   ▸ Processed records: ◡
   ▸ Successful records: ◡
   ▸ Failed records: ◡

 Status: UploadComplete
 Job Id:
 750ct00000US9gdAAD (https://fortra--mergebuild.sandbox.my.salesforce.com/lightn
 ing/setup/AsyncApiJobStatus/page?address=%2F750ct00000US9gdAAD)
 Elapsed Time: 8.57s

[2K[1A[2K[1A[2K[1A[2K[1A[2K[1A[2K[1A[2K[1A[2K[1A[2K[1A[2K[1A[2K[1A[2K[1A[2K[1A[2K[1A[2K[1A[2K[G
 ───────────────── Importing data ─────────────────

 ✔ Creating ingest job 5.12s
 ⡿ Processing the job 3.27s
   ▸ Processed records: ◟
   ▸ Successful records: ◟
   ▸ Failed records: ◟

 Status: UploadComplete
 Job Id:
 750ct00000US9gdAAD (https://fortra--mergebuild.sandbox.my.salesforce.com/lightn
 ing/setup/AsyncApiJobStatus/page?address=%2F750ct00000US9gdAAD)
 Elapsed Time: 8.61s

[2K[1A[2K[1A[2K[1A[2K[1A[2K[1A[2K[1A[2K[1A[2K[1A[2K[1A[2K[1A[2K[1A[2K[1A[2K[1A[2K[1A[2K[1A[2K[G
 ───────────────── Importing data ─────────────────

 ✔ Creating ingest job 5.12s
 ⡿ Processing the job 3.30s
   ▸ Processed records: ◟
   ▸ Successful records: ◟
   ▸ Failed records: ◟

 Status: UploadComplete
 Job Id:
 750ct00000US9gdAAD (https://fortra--mergebuild.sandbox.my.salesforce.com/lightn
 ing/setup/AsyncApiJobStatus/page?address=%2F750ct00000US9gdAAD)
 Elapsed Time: 8.64s

[2K[1A[2K[1A[2K[1A[2K[1A[2K[1A[2K[1A[2K[1A[2K[1A[2K[1A[2K[1A[2K[1A[2K[1A[2K[1A[2K[1A[2K[1A[2K[G
 ───────────────── Importing data ─────────────────

 ✔ Creating ingest job 5.12s
 ⡿ Processing the job 3.32s
   ▸ Processed records: ◟
   ▸ Successful records: ◟
   ▸ Failed records: ◟

 Status: UploadComplete
 Job Id:
 750ct00000US9gdAAD (https://fortra--mergebuild.sandbox.my.salesforce.com/lightn
 ing/setup/AsyncApiJobStatus/page?address=%2F750ct00000US9gdAAD)
 Elapsed Time: 8.67s

[2K[1A[2K[1A[2K[1A[2K[1A[2K[1A[2K[1A[2K[1A[2K[1A[2K[1A[2K[1A[2K[1A[2K[1A[2K[1A[2K[1A[2K[1A[2K[G
 ───────────────── Importing data ─────────────────

 ✔ Creating ingest job 5.12s
 ⣟ Processing the job 3.35s
   ▸ Processed records: ◜
   ▸ Successful records: ◜
   ▸ Failed records: ◜

 Status: UploadComplete
 Job Id:
 750ct00000US9gdAAD (https://fortra--mergebuild.sandbox.my.salesforce.com/lightn
 ing/setup/AsyncApiJobStatus/page?address=%2F750ct00000US9gdAAD)
 Elapsed Time: 8.70s

[2K[1A[2K[1A[2K[1A[2K[1A[2K[1A[2K[1A[2K[1A[2K[1A[2K[1A[2K[1A[2K[1A[2K[1A[2K[1A[2K[1A[2K[1A[2K[G
 ───────────────── Importing data ─────────────────

 ✔ Creating ingest job 5.12s
 ⣟ Processing the job 3.38s
   ▸ Processed records: ◜
   ▸ Successful records: ◜
   ▸ Failed records: ◜

 Status: UploadComplete
 Job Id:
 750ct00000US9gdAAD (https://fortra--mergebuild.sandbox.my.salesforce.com/lightn
 ing/setup/AsyncApiJobStatus/page?address=%2F750ct00000US9gdAAD)
 Elapsed Time: 8.73s

[2K[1A[2K[1A[2K[1A[2K[1A[2K[1A[2K[1A[2K[1A[2K[1A[2K[1A[2K[1A[2K[1A[2K[1A[2K[1A[2K[1A[2K[1A[2K[G
 ───────────────── Importing data ─────────────────

 ✔ Creating ingest job 5.12s
 ⣯ Processing the job 3.41s
   ▸ Processed records: ◜
   ▸ Successful records: ◜
   ▸ Failed records: ◜

 Status: UploadComplete
 Job Id:
 750ct00000US9gdAAD (https://fortra--mergebuild.sandbox.my.salesforce.com/lightn
 ing/setup/AsyncApiJobStatus/page?address=%2F750ct00000US9gdAAD)
 Elapsed Time: 8.76s

[2K[1A[2K[1A[2K[1A[2K[1A[2K[1A[2K[1A[2K[1A[2K[1A[2K[1A[2K[1A[2K[1A[2K[1A[2K[1A[2K[1A[2K[1A[2K[G
 ───────────────── Importing data ─────────────────

 ✔ Creating ingest job 5.12s
 ⣯ Processing the job 3.44s
   ▸ Processed records: ◠
   ▸ Successful records: ◠
   ▸ Failed records: ◠

 Status: UploadComplete
 Job Id:
 750ct00000US9gdAAD (https://fortra--mergebuild.sandbox.my.salesforce.com/lightn
 ing/setup/AsyncApiJobStatus/page?address=%2F750ct00000US9gdAAD)
 Elapsed Time: 8.79s

[2K[1A[2K[1A[2K[1A[2K[1A[2K[1A[2K[1A[2K[1A[2K[1A[2K[1A[2K[1A[2K[1A[2K[1A[2K[1A[2K[1A[2K[1A[2K[G
 ───────────────── Importing data ─────────────────

 ✔ Creating ingest job 5.12s
 ⣯ Processing the job 3.47s
   ▸ Processed records: ◠
   ▸ Successful records: ◠
   ▸ Failed records: ◠

 Status: UploadComplete
 Job Id:
 750ct00000US9gdAAD (https://fortra--mergebuild.sandbox.my.salesforce.com/lightn
 ing/setup/AsyncApiJobStatus/page?address=%2F750ct00000US9gdAAD)
 Elapsed Time: 8.82s

[2K[1A[2K[1A[2K[1A[2K[1A[2K[1A[2K[1A[2K[1A[2K[1A[2K[1A[2K[1A[2K[1A[2K[1A[2K[1A[2K[1A[2K[1A[2K[G
 ───────────────── Importing data ─────────────────

 ✔ Creating ingest job 5.12s
 ⣷ Processing the job 3.51s
   ▸ Processed records: ◠
   ▸ Successful records: ◠
   ▸ Failed records: ◠

 Status: UploadComplete
 Job Id:
 750ct00000US9gdAAD (https://fortra--mergebuild.sandbox.my.salesforce.com/lightn
 ing/setup/AsyncApiJobStatus/page?address=%2F750ct00000US9gdAAD)
 Elapsed Time: 8.85s

[2K[1A[2K[1A[2K[1A[2K[1A[2K[1A[2K[1A[2K[1A[2K[1A[2K[1A[2K[1A[2K[1A[2K[1A[2K[1A[2K[1A[2K[1A[2K[G
 ───────────────── Importing data ─────────────────

 ✔ Creating ingest job 5.12s
 ⣷ Processing the job 3.54s
   ▸ Processed records: ◝
   ▸ Successful records: ◝
   ▸ Failed records: ◝

 Status: UploadComplete
 Job Id:
 750ct00000US9gdAAD (https://fortra--mergebuild.sandbox.my.salesforce.com/lightn
 ing/setup/AsyncApiJobStatus/page?address=%2F750ct00000US9gdAAD)
 Elapsed Time: 8.88s

[2K[1A[2K[1A[2K[1A[2K[1A[2K[1A[2K[1A[2K[1A[2K[1A[2K[1A[2K[1A[2K[1A[2K[1A[2K[1A[2K[1A[2K[1A[2K[G
 ───────────────── Importing data ─────────────────

 ✔ Creating ingest job 5.12s
 ⣾ Processing the job 3.57s
   ▸ Processed records: ◝
   ▸ Successful records: ◝
   ▸ Failed records: ◝

 Status: UploadComplete
 Job Id:
 750ct00000US9gdAAD (https://fortra--mergebuild.sandbox.my.salesforce.com/lightn
 ing/setup/AsyncApiJobStatus/page?address=%2F750ct00000US9gdAAD)
 Elapsed Time: 8.91s

[2K[1A[2K[1A[2K[1A[2K[1A[2K[1A[2K[1A[2K[1A[2K[1A[2K[1A[2K[1A[2K[1A[2K[1A[2K[1A[2K[1A[2K[1A[2K[G
 ───────────────── Importing data ─────────────────

 ✔ Creating ingest job 5.12s
 ⣾ Processing the job 3.60s
   ▸ Processed records: ◝
   ▸ Successful records: ◝
   ▸ Failed records: ◝

 Status: UploadComplete
 Job Id:
 750ct00000US9gdAAD (https://fortra--mergebuild.sandbox.my.salesforce.com/lightn
 ing/setup/AsyncApiJobStatus/page?address=%2F750ct00000US9gdAAD)
 Elapsed Time: 8.94s

[2K[1A[2K[1A[2K[1A[2K[1A[2K[1A[2K[1A[2K[1A[2K[1A[2K[1A[2K[1A[2K[1A[2K[1A[2K[1A[2K[1A[2K[1A[2K[G
 ───────────────── Importing data ─────────────────

 ✔ Creating ingest job 5.12s
 ⣾ Processing the job 3.63s
   ▸ Processed records: ◞
   ▸ Successful records: ◞
   ▸ Failed records: ◞

 Status: UploadComplete
 Job Id:
 750ct00000US9gdAAD (https://fortra--mergebuild.sandbox.my.salesforce.com/lightn
 ing/setup/AsyncApiJobStatus/page?address=%2F750ct00000US9gdAAD)
 Elapsed Time: 8.98s

[2K[1A[2K[1A[2K[1A[2K[1A[2K[1A[2K[1A[2K[1A[2K[1A[2K[1A[2K[1A[2K[1A[2K[1A[2K[1A[2K[1A[2K[1A[2K[G
 ───────────────── Importing data ─────────────────

 ✔ Creating ingest job 5.12s
 ⣽ Processing the job 3.66s
   ▸ Processed records: ◞
   ▸ Successful records: ◞
   ▸ Failed records: ◞

 Status: UploadComplete
 Job Id:
 750ct00000US9gdAAD (https://fortra--mergebuild.sandbox.my.salesforce.com/lightn
 ing/setup/AsyncApiJobStatus/page?address=%2F750ct00000US9gdAAD)
 Elapsed Time: 9.01s

[2K[1A[2K[1A[2K[1A[2K[1A[2K[1A[2K[1A[2K[1A[2K[1A[2K[1A[2K[1A[2K[1A[2K[1A[2K[1A[2K[1A[2K[1A[2K[G
 ───────────────── Importing data ─────────────────

 ✔ Creating ingest job 5.12s
 ⣽ Processing the job 3.69s
   ▸ Processed records: ◞
   ▸ Successful records: ◞
   ▸ Failed records: ◞

 Status: UploadComplete
 Job Id:
 750ct00000US9gdAAD (https://fortra--mergebuild.sandbox.my.salesforce.com/lightn
 ing/setup/AsyncApiJobStatus/page?address=%2F750ct00000US9gdAAD)
 Elapsed Time: 9.04s

[2K[1A[2K[1A[2K[1A[2K[1A[2K[1A[2K[1A[2K[1A[2K[1A[2K[1A[2K[1A[2K[1A[2K[1A[2K[1A[2K[1A[2K[1A[2K[G
 ───────────────── Importing data ─────────────────

 ✔ Creating ingest job 5.12s
 ⣻ Processing the job 3.72s
   ▸ Processed records: ◡
   ▸ Successful records: ◞
   ▸ Failed records: ◞

 Status: UploadComplete
 Job Id:
 750ct00000US9gdAAD (https://fortra--mergebuild.sandbox.my.salesforce.com/lightn
 ing/setup/AsyncApiJobStatus/page?address=%2F750ct00000US9gdAAD)
 Elapsed Time: 9.07s

[2K[1A[2K[1A[2K[1A[2K[1A[2K[1A[2K[1A[2K[1A[2K[1A[2K[1A[2K[1A[2K[1A[2K[1A[2K[1A[2K[1A[2K[1A[2K[G
 ───────────────── Importing data ─────────────────

 ✔ Creating ingest job 5.12s
 ⣻ Processing the job 3.75s
   ▸ Processed records: ◡
   ▸ Successful records: ◡
   ▸ Failed records: ◡

 Status: UploadComplete
 Job Id:
 750ct00000US9gdAAD (https://fortra--mergebuild.sandbox.my.salesforce.com/lightn
 ing/setup/AsyncApiJobStatus/page?address=%2F750ct00000US9gdAAD)
 Elapsed Time: 9.10s

[2K[1A[2K[1A[2K[1A[2K[1A[2K[1A[2K[1A[2K[1A[2K[1A[2K[1A[2K[1A[2K[1A[2K[1A[2K[1A[2K[1A[2K[1A[2K[G
 ───────────────── Importing data ─────────────────

 ✔ Creating ingest job 5.12s
 ⣻ Processing the job 3.78s
   ▸ Processed records: ◡
   ▸ Successful records: ◡
   ▸ Failed records: ◡

 Status: UploadComplete
 Job Id:
 750ct00000US9gdAAD (https://fortra--mergebuild.sandbox.my.salesforce.com/lightn
 ing/setup/AsyncApiJobStatus/page?address=%2F750ct00000US9gdAAD)
 Elapsed Time: 9.12s

[2K[1A[2K[1A[2K[1A[2K[1A[2K[1A[2K[1A[2K[1A[2K[1A[2K[1A[2K[1A[2K[1A[2K[1A[2K[1A[2K[1A[2K[1A[2K[G
 ───────────────── Importing data ─────────────────

 ✔ Creating ingest job 5.12s
 ⢿ Processing the job 3.81s
   ▸ Processed records: ◟
   ▸ Successful records: ◡
   ▸ Failed records: ◡

 Status: UploadComplete
 Job Id:
 750ct00000US9gdAAD (https://fortra--mergebuild.sandbox.my.salesforce.com/lightn
 ing/setup/AsyncApiJobStatus/page?address=%2F750ct00000US9gdAAD)
 Elapsed Time: 9.15s

[2K[1A[2K[1A[2K[1A[2K[1A[2K[1A[2K[1A[2K[1A[2K[1A[2K[1A[2K[1A[2K[1A[2K[1A[2K[1A[2K[1A[2K[1A[2K[G
 ───────────────── Importing data ─────────────────

 ✔ Creating ingest job 5.12s
 ⢿ Processing the job 3.84s
   ▸ Processed records: ◟
   ▸ Successful records: ◟
   ▸ Failed records: ◟

 Status: UploadComplete
 Job Id:
 750ct00000US9gdAAD (https://fortra--mergebuild.sandbox.my.salesforce.com/lightn
 ing/setup/AsyncApiJobStatus/page?address=%2F750ct00000US9gdAAD)
 Elapsed Time: 9.18s

[2K[1A[2K[1A[2K[1A[2K[1A[2K[1A[2K[1A[2K[1A[2K[1A[2K[1A[2K[1A[2K[1A[2K[1A[2K[1A[2K[1A[2K[1A[2K[G
 ───────────────── Importing data ─────────────────

 ✔ Creating ingest job 5.12s
 ⡿ Processing the job 3.87s
   ▸ Processed records: ◟
   ▸ Successful records: ◟
   ▸ Failed records: ◟

 Status: UploadComplete
 Job Id:
 750ct00000US9gdAAD (https://fortra--mergebuild.sandbox.my.salesforce.com/lightn
 ing/setup/AsyncApiJobStatus/page?address=%2F750ct00000US9gdAAD)
 Elapsed Time: 9.21s

[2K[1A[2K[1A[2K[1A[2K[1A[2K[1A[2K[1A[2K[1A[2K[1A[2K[1A[2K[1A[2K[1A[2K[1A[2K[1A[2K[1A[2K[1A[2K[G
 ───────────────── Importing data ─────────────────

 ✔ Creating ingest job 5.12s
 ⡿ Processing the job 3.91s
   ▸ Processed records: ◟
   ▸ Successful records: ◟
   ▸ Failed records: ◟

 Status: UploadComplete
 Job Id:
 750ct00000US9gdAAD (https://fortra--mergebuild.sandbox.my.salesforce.com/lightn
 ing/setup/AsyncApiJobStatus/page?address=%2F750ct00000US9gdAAD)
 Elapsed Time: 9.24s

[2K[1A[2K[1A[2K[1A[2K[1A[2K[1A[2K[1A[2K[1A[2K[1A[2K[1A[2K[1A[2K[1A[2K[1A[2K[1A[2K[1A[2K[1A[2K[G
 ───────────────── Importing data ─────────────────

 ✔ Creating ingest job 5.12s
 ⡿ Processing the job 3.94s
   ▸ Processed records: ◜
   ▸ Successful records: ◜
   ▸ Failed records: ◜

 Status: UploadComplete
 Job Id:
 750ct00000US9gdAAD (https://fortra--mergebuild.sandbox.my.salesforce.com/lightn
 ing/setup/AsyncApiJobStatus/page?address=%2F750ct00000US9gdAAD)
 Elapsed Time: 9.27s

[2K[1A[2K[1A[2K[1A[2K[1A[2K[1A[2K[1A[2K[1A[2K[1A[2K[1A[2K[1A[2K[1A[2K[1A[2K[1A[2K[1A[2K[1A[2K[G
 ───────────────── Importing data ─────────────────

 ✔ Creating ingest job 5.12s
 ⣟ Processing the job 3.97s
   ▸ Processed records: ◜
   ▸ Successful records: ◜
   ▸ Failed records: ◜

 Status: UploadComplete
 Job Id:
 750ct00000US9gdAAD (https://fortra--mergebuild.sandbox.my.salesforce.com/lightn
 ing/setup/AsyncApiJobStatus/page?address=%2F750ct00000US9gdAAD)
 Elapsed Time: 9.31s

[2K[1A[2K[1A[2K[1A[2K[1A[2K[1A[2K[1A[2K[1A[2K[1A[2K[1A[2K[1A[2K[1A[2K[1A[2K[1A[2K[1A[2K[1A[2K[G
 ───────────────── Importing data ─────────────────

 ✔ Creating ingest job 5.12s
 ⣟ Processing the job 4.00s
   ▸ Processed records: ◜
   ▸ Successful records: ◜
   ▸ Failed records: ◜

 Status: UploadComplete
 Job Id:
 750ct00000US9gdAAD (https://fortra--mergebuild.sandbox.my.salesforce.com/lightn
 ing/setup/AsyncApiJobStatus/page?address=%2F750ct00000US9gdAAD)
 Elapsed Time: 9.34s

[2K[1A[2K[1A[2K[1A[2K[1A[2K[1A[2K[1A[2K[1A[2K[1A[2K[1A[2K[1A[2K[1A[2K[1A[2K[1A[2K[1A[2K[1A[2K[G
 ───────────────── Importing data ─────────────────

 ✔ Creating ingest job 5.12s
 ⣯ Processing the job 4.03s
   ▸ Processed records: ◠
   ▸ Successful records: ◠
   ▸ Failed records: ◠

 Status: UploadComplete
 Job Id:
 750ct00000US9gdAAD (https://fortra--mergebuild.sandbox.my.salesforce.com/lightn
 ing/setup/AsyncApiJobStatus/page?address=%2F750ct00000US9gdAAD)
 Elapsed Time: 9.37s

[2K[1A[2K[1A[2K[1A[2K[1A[2K[1A[2K[1A[2K[1A[2K[1A[2K[1A[2K[1A[2K[1A[2K[1A[2K[1A[2K[1A[2K[1A[2K[G
 ───────────────── Importing data ─────────────────

 ✔ Creating ingest job 5.12s
 ⣯ Processing the job 4.06s
   ▸ Processed records: ◠
   ▸ Successful records: ◠
   ▸ Failed records: ◠

 Status: UploadComplete
 Job Id:
 750ct00000US9gdAAD (https://fortra--mergebuild.sandbox.my.salesforce.com/lightn
 ing/setup/AsyncApiJobStatus/page?address=%2F750ct00000US9gdAAD)
 Elapsed Time: 9.40s

[2K[1A[2K[1A[2K[1A[2K[1A[2K[1A[2K[1A[2K[1A[2K[1A[2K[1A[2K[1A[2K[1A[2K[1A[2K[1A[2K[1A[2K[1A[2K[G
 ───────────────── Importing data ─────────────────

 ✔ Creating ingest job 5.12s
 ⣯ Processing the job 4.09s
   ▸ Processed records: ◠
   ▸ Successful records: ◠
   ▸ Failed records: ◠

 Status: UploadComplete
 Job Id:
 750ct00000US9gdAAD (https://fortra--mergebuild.sandbox.my.salesforce.com/lightn
 ing/setup/AsyncApiJobStatus/page?address=%2F750ct00000US9gdAAD)
 Elapsed Time: 9.43s

[2K[1A[2K[1A[2K[1A[2K[1A[2K[1A[2K[1A[2K[1A[2K[1A[2K[1A[2K[1A[2K[1A[2K[1A[2K[1A[2K[1A[2K[1A[2K[G
 ───────────────── Importing data ─────────────────

 ✔ Creating ingest job 5.12s
 ⣷ Processing the job 4.12s
   ▸ Processed records: ◝
   ▸ Successful records: ◝
   ▸ Failed records: ◝

 Status: UploadComplete
 Job Id:
 750ct00000US9gdAAD (https://fortra--mergebuild.sandbox.my.salesforce.com/lightn
 ing/setup/AsyncApiJobStatus/page?address=%2F750ct00000US9gdAAD)
 Elapsed Time: 9.46s

[2K[1A[2K[1A[2K[1A[2K[1A[2K[1A[2K[1A[2K[1A[2K[1A[2K[1A[2K[1A[2K[1A[2K[1A[2K[1A[2K[1A[2K[1A[2K[G
 ───────────────── Importing data ─────────────────

 ✔ Creating ingest job 5.12s
 ⣷ Processing the job 4.15s
   ▸ Processed records: ◝
   ▸ Successful records: ◝
   ▸ Failed records: ◝

 Status: UploadComplete
 Job Id:
 750ct00000US9gdAAD (https://fortra--mergebuild.sandbox.my.salesforce.com/lightn
 ing/setup/AsyncApiJobStatus/page?address=%2F750ct00000US9gdAAD)
 Elapsed Time: 9.5s

[2K[1A[2K[1A[2K[1A[2K[1A[2K[1A[2K[1A[2K[1A[2K[1A[2K[1A[2K[1A[2K[1A[2K[1A[2K[1A[2K[1A[2K[1A[2K[G
 ───────────────── Importing data ─────────────────

 ✔ Creating ingest job 5.12s
 ⣾ Processing the job 4.18s
   ▸ Processed records: ◝
   ▸ Successful records: ◝
   ▸ Failed records: ◝

 Status: UploadComplete
 Job Id:
 750ct00000US9gdAAD (https://fortra--mergebuild.sandbox.my.salesforce.com/lightn
 ing/setup/AsyncApiJobStatus/page?address=%2F750ct00000US9gdAAD)
 Elapsed Time: 9.52s

[2K[1A[2K[1A[2K[1A[2K[1A[2K[1A[2K[1A[2K[1A[2K[1A[2K[1A[2K[1A[2K[1A[2K[1A[2K[1A[2K[1A[2K[1A[2K[G
 ───────────────── Importing data ─────────────────

 ✔ Creating ingest job 5.12s
 ⣾ Processing the job 4.21s
   ▸ Processed records: ◞
   ▸ Successful records: ◞
   ▸ Failed records: ◞

 Status: UploadComplete
 Job Id:
 750ct00000US9gdAAD (https://fortra--mergebuild.sandbox.my.salesforce.com/lightn
 ing/setup/AsyncApiJobStatus/page?address=%2F750ct00000US9gdAAD)
 Elapsed Time: 9.56s

[2K[1A[2K[1A[2K[1A[2K[1A[2K[1A[2K[1A[2K[1A[2K[1A[2K[1A[2K[1A[2K[1A[2K[1A[2K[1A[2K[1A[2K[1A[2K[G
 ───────────────── Importing data ─────────────────

 ✔ Creating ingest job 5.12s
 ⣾ Processing the job 4.25s
   ▸ Processed records: ◞
   ▸ Successful records: ◞
   ▸ Failed records: ◞

 Status: UploadComplete
 Job Id:
 750ct00000US9gdAAD (https://fortra--mergebuild.sandbox.my.salesforce.com/lightn
 ing/setup/AsyncApiJobStatus/page?address=%2F750ct00000US9gdAAD)
 Elapsed Time: 9.59s

[2K[1A[2K[1A[2K[1A[2K[1A[2K[1A[2K[1A[2K[1A[2K[1A[2K[1A[2K[1A[2K[1A[2K[1A[2K[1A[2K[1A[2K[1A[2K[G
 ───────────────── Importing data ─────────────────

 ✔ Creating ingest job 5.12s
 ⣽ Processing the job 4.28s
   ▸ Processed records: ◞
   ▸ Successful records: ◞
   ▸ Failed records: ◞

 Status: UploadComplete
 Job Id:
 750ct00000US9gdAAD (https://fortra--mergebuild.sandbox.my.salesforce.com/lightn
 ing/setup/AsyncApiJobStatus/page?address=%2F750ct00000US9gdAAD)
 Elapsed Time: 9.62s

[2K[1A[2K[1A[2K[1A[2K[1A[2K[1A[2K[1A[2K[1A[2K[1A[2K[1A[2K[1A[2K[1A[2K[1A[2K[1A[2K[1A[2K[1A[2K[G
 ───────────────── Importing data ─────────────────

 ✔ Creating ingest job 5.12s
 ⣽ Processing the job 4.31s
   ▸ Processed records: ◡
   ▸ Successful records: ◡
   ▸ Failed records: ◡

 Status: UploadComplete
 Job Id:
 750ct00000US9gdAAD (https://fortra--mergebuild.sandbox.my.salesforce.com/lightn
 ing/setup/AsyncApiJobStatus/page?address=%2F750ct00000US9gdAAD)
 Elapsed Time: 9.65s

[2K[1A[2K[1A[2K[1A[2K[1A[2K[1A[2K[1A[2K[1A[2K[1A[2K[1A[2K[1A[2K[1A[2K[1A[2K[1A[2K[1A[2K[1A[2K[G
 ───────────────── Importing data ─────────────────

 ✔ Creating ingest job 5.12s
 ⣻ Processing the job 4.34s
   ▸ Processed records: ◡
   ▸ Successful records: ◡
   ▸ Failed records: ◡

 Status: UploadComplete
 Job Id:
 750ct00000US9gdAAD (https://fortra--mergebuild.sandbox.my.salesforce.com/lightn
 ing/setup/AsyncApiJobStatus/page?address=%2F750ct00000US9gdAAD)
 Elapsed Time: 9.68s

[2K[1A[2K[1A[2K[1A[2K[1A[2K[1A[2K[1A[2K[1A[2K[1A[2K[1A[2K[1A[2K[1A[2K[1A[2K[1A[2K[1A[2K[1A[2K[G
 ───────────────── Importing data ─────────────────

 ✔ Creating ingest job 5.12s
 ⣻ Processing the job 4.37s
   ▸ Processed records: ◡
   ▸ Successful records: ◡
   ▸ Failed records: ◡

 Status: UploadComplete
 Job Id:
 750ct00000US9gdAAD (https://fortra--mergebuild.sandbox.my.salesforce.com/lightn
 ing/setup/AsyncApiJobStatus/page?address=%2F750ct00000US9gdAAD)
 Elapsed Time: 9.71s

[2K[1A[2K[1A[2K[1A[2K[1A[2K[1A[2K[1A[2K[1A[2K[1A[2K[1A[2K[1A[2K[1A[2K[1A[2K[1A[2K[1A[2K[1A[2K[G
 ───────────────── Importing data ─────────────────

 ✔ Creating ingest job 5.12s
 ⣻ Processing the job 4.40s
   ▸ Processed records: ◟
   ▸ Successful records: ◟
   ▸ Failed records: ◟

 Status: UploadComplete
 Job Id:
 750ct00000US9gdAAD (https://fortra--mergebuild.sandbox.my.salesforce.com/lightn
 ing/setup/AsyncApiJobStatus/page?address=%2F750ct00000US9gdAAD)
 Elapsed Time: 9.74s

[2K[1A[2K[1A[2K[1A[2K[1A[2K[1A[2K[1A[2K[1A[2K[1A[2K[1A[2K[1A[2K[1A[2K[1A[2K[1A[2K[1A[2K[1A[2K[G
 ───────────────── Importing data ─────────────────

 ✔ Creating ingest job 5.12s
 ⢿ Processing the job 4.43s
   ▸ Processed records: ◟
   ▸ Successful records: ◟
   ▸ Failed records: ◟

 Status: UploadComplete
 Job Id:
 750ct00000US9gdAAD (https://fortra--mergebuild.sandbox.my.salesforce.com/lightn
 ing/setup/AsyncApiJobStatus/page?address=%2F750ct00000US9gdAAD)
 Elapsed Time: 9.78s

[2K[1A[2K[1A[2K[1A[2K[1A[2K[1A[2K[1A[2K[1A[2K[1A[2K[1A[2K[1A[2K[1A[2K[1A[2K[1A[2K[1A[2K[1A[2K[G
 ───────────────── Importing data ─────────────────

 ✔ Creating ingest job 5.12s
 ⢿ Processing the job 4.46s
   ▸ Processed records: ◟
   ▸ Successful records: ◟
   ▸ Failed records: ◟

 Status: UploadComplete
 Job Id:
 750ct00000US9gdAAD (https://fortra--mergebuild.sandbox.my.salesforce.com/lightn
 ing/setup/AsyncApiJobStatus/page?address=%2F750ct00000US9gdAAD)
 Elapsed Time: 9.81s

[2K[1A[2K[1A[2K[1A[2K[1A[2K[1A[2K[1A[2K[1A[2K[1A[2K[1A[2K[1A[2K[1A[2K[1A[2K[1A[2K[1A[2K[1A[2K[G
 ───────────────── Importing data ─────────────────

 ✔ Creating ingest job 5.12s
 ⡿ Processing the job 4.49s
   ▸ Processed records: ◜
   ▸ Successful records: ◟
   ▸ Failed records: ◟

 Status: UploadComplete
 Job Id:
 750ct00000US9gdAAD (https://fortra--mergebuild.sandbox.my.salesforce.com/lightn
 ing/setup/AsyncApiJobStatus/page?address=%2F750ct00000US9gdAAD)
 Elapsed Time: 9.84s

[2K[1A[2K[1A[2K[1A[2K[1A[2K[1A[2K[1A[2K[1A[2K[1A[2K[1A[2K[1A[2K[1A[2K[1A[2K[1A[2K[1A[2K[1A[2K[G
 ───────────────── Importing data ─────────────────

 ✔ Creating ingest job 5.12s
 ⡿ Processing the job 4.52s
   ▸ Processed records: ◜
   ▸ Successful records: ◜
   ▸ Failed records: ◜

 Status: UploadComplete
 Job Id:
 750ct00000US9gdAAD (https://fortra--mergebuild.sandbox.my.salesforce.com/lightn
 ing/setup/AsyncApiJobStatus/page?address=%2F750ct00000US9gdAAD)
 Elapsed Time: 9.87s

[2K[1A[2K[1A[2K[1A[2K[1A[2K[1A[2K[1A[2K[1A[2K[1A[2K[1A[2K[1A[2K[1A[2K[1A[2K[1A[2K[1A[2K[1A[2K[G
 ───────────────── Importing data ─────────────────

 ✔ Creating ingest job 5.12s
 ⡿ Processing the job 4.55s
   ▸ Processed records: ◜
   ▸ Successful records: ◜
   ▸ Failed records: ◜

 Status: UploadComplete
 Job Id:
 750ct00000US9gdAAD (https://fortra--mergebuild.sandbox.my.salesforce.com/lightn
 ing/setup/AsyncApiJobStatus/page?address=%2F750ct00000US9gdAAD)
 Elapsed Time: 9.90s

[2K[1A[2K[1A[2K[1A[2K[1A[2K[1A[2K[1A[2K[1A[2K[1A[2K[1A[2K[1A[2K[1A[2K[1A[2K[1A[2K[1A[2K[1A[2K[G
 ───────────────── Importing data ─────────────────

 ✔ Creating ingest job 5.12s
 ⣟ Processing the job 4.58s
   ▸ Processed records: ◠
   ▸ Successful records: ◜
   ▸ Failed records: ◜

 Status: UploadComplete
 Job Id:
 750ct00000US9gdAAD (https://fortra--mergebuild.sandbox.my.salesforce.com/lightn
 ing/setup/AsyncApiJobStatus/page?address=%2F750ct00000US9gdAAD)
 Elapsed Time: 9.93s

[2K[1A[2K[1A[2K[1A[2K[1A[2K[1A[2K[1A[2K[1A[2K[1A[2K[1A[2K[1A[2K[1A[2K[1A[2K[1A[2K[1A[2K[1A[2K[G
 ───────────────── Importing data ─────────────────

 ✔ Creating ingest job 5.12s
 ⣟ Processing the job 4.61s
   ▸ Processed records: ◠
   ▸ Successful records: ◠
   ▸ Failed records: ◠

 Status: UploadComplete
 Job Id:
 750ct00000US9gdAAD (https://fortra--mergebuild.sandbox.my.salesforce.com/lightn
 ing/setup/AsyncApiJobStatus/page?address=%2F750ct00000US9gdAAD)
 Elapsed Time: 9.96s

[2K[1A[2K[1A[2K[1A[2K[1A[2K[1A[2K[1A[2K[1A[2K[1A[2K[1A[2K[1A[2K[1A[2K[1A[2K[1A[2K[1A[2K[1A[2K[G
 ───────────────── Importing data ─────────────────

 ✔ Creating ingest job 5.12s
 ⣯ Processing the job 4.64s
   ▸ Processed records: ◠
   ▸ Successful records: ◠
   ▸ Failed records: ◠

 Status: UploadComplete
 Job Id:
 750ct00000US9gdAAD (https://fortra--mergebuild.sandbox.my.salesforce.com/lightn
 ing/setup/AsyncApiJobStatus/page?address=%2F750ct00000US9gdAAD)
 Elapsed Time: 9.99s

[2K[1A[2K[1A[2K[1A[2K[1A[2K[1A[2K[1A[2K[1A[2K[1A[2K[1A[2K[1A[2K[1A[2K[1A[2K[1A[2K[1A[2K[1A[2K[G
 ───────────────── Importing data ─────────────────

 ✔ Creating ingest job 5.12s
 ⣯ Processing the job 4.67s
   ▸ Processed records: ◠
   ▸ Successful records: ◠
   ▸ Failed records: ◠

 Status: UploadComplete
 Job Id:
 750ct00000US9gdAAD (https://fortra--mergebuild.sandbox.my.salesforce.com/lightn
 ing/setup/AsyncApiJobStatus/page?address=%2F750ct00000US9gdAAD)
 Elapsed Time: 10.01s

[2K[1A[2K[1A[2K[1A[2K[1A[2K[1A[2K[1A[2K[1A[2K[1A[2K[1A[2K[1A[2K[1A[2K[1A[2K[1A[2K[1A[2K[1A[2K[G
 ───────────────── Importing data ─────────────────

 ✔ Creating ingest job 5.12s
 ⣯ Processing the job 4.70s
   ▸ Processed records: ◝
   ▸ Successful records: ◝
   ▸ Failed records: ◝

 Status: UploadComplete
 Job Id:
 750ct00000US9gdAAD (https://fortra--mergebuild.sandbox.my.salesforce.com/lightn
 ing/setup/AsyncApiJobStatus/page?address=%2F750ct00000US9gdAAD)
 Elapsed Time: 10.05s

[2K[1A[2K[1A[2K[1A[2K[1A[2K[1A[2K[1A[2K[1A[2K[1A[2K[1A[2K[1A[2K[1A[2K[1A[2K[1A[2K[1A[2K[1A[2K[G
 ───────────────── Importing data ─────────────────

 ✔ Creating ingest job 5.12s
 ⣷ Processing the job 4.73s
   ▸ Processed records: ◝
   ▸ Successful records: ◝
   ▸ Failed records: ◝

 Status: UploadComplete
 Job Id:
 750ct00000US9gdAAD (https://fortra--mergebuild.sandbox.my.salesforce.com/lightn
 ing/setup/AsyncApiJobStatus/page?address=%2F750ct00000US9gdAAD)
 Elapsed Time: 10.07s

[2K[1A[2K[1A[2K[1A[2K[1A[2K[1A[2K[1A[2K[1A[2K[1A[2K[1A[2K[1A[2K[1A[2K[1A[2K[1A[2K[1A[2K[1A[2K[G
 ───────────────── Importing data ─────────────────

 ✔ Creating ingest job 5.12s
 ⣷ Processing the job 4.76s
   ▸ Processed records: ◝
   ▸ Successful records: ◝
   ▸ Failed records: ◝

 Status: UploadComplete
 Job Id:
 750ct00000US9gdAAD (https://fortra--mergebuild.sandbox.my.salesforce.com/lightn
 ing/setup/AsyncApiJobStatus/page?address=%2F750ct00000US9gdAAD)
 Elapsed Time: 10.10s

[2K[1A[2K[1A[2K[1A[2K[1A[2K[1A[2K[1A[2K[1A[2K[1A[2K[1A[2K[1A[2K[1A[2K[1A[2K[1A[2K[1A[2K[1A[2K[G
 ───────────────── Importing data ─────────────────

 ✔ Creating ingest job 5.12s
 ⣾ Processing the job 4.79s
   ▸ Processed records: ◞
   ▸ Successful records: ◞
   ▸ Failed records: ◞

 Status: UploadComplete
 Job Id:
 750ct00000US9gdAAD (https://fortra--mergebuild.sandbox.my.salesforce.com/lightn
 ing/setup/AsyncApiJobStatus/page?address=%2F750ct00000US9gdAAD)
 Elapsed Time: 10.13s

[2K[1A[2K[1A[2K[1A[2K[1A[2K[1A[2K[1A[2K[1A[2K[1A[2K[1A[2K[1A[2K[1A[2K[1A[2K[1A[2K[1A[2K[1A[2K[G
 ───────────────── Importing data ─────────────────

 ✔ Creating ingest job 5.12s
 ⣾ Processing the job 4.82s
   ▸ Processed records: ◞
   ▸ Successful records: ◞
   ▸ Failed records: ◞

 Status: UploadComplete
 Job Id:
 750ct00000US9gdAAD (https://fortra--mergebuild.sandbox.my.salesforce.com/lightn
 ing/setup/AsyncApiJobStatus/page?address=%2F750ct00000US9gdAAD)
 Elapsed Time: 10.16s

[2K[1A[2K[1A[2K[1A[2K[1A[2K[1A[2K[1A[2K[1A[2K[1A[2K[1A[2K[1A[2K[1A[2K[1A[2K[1A[2K[1A[2K[1A[2K[G
 ───────────────── Importing data ─────────────────

 ✔ Creating ingest job 5.12s
 ⣾ Processing the job 4.85s
   ▸ Processed records: ◞
   ▸ Successful records: ◞
   ▸ Failed records: ◞

 Status: UploadComplete
 Job Id:
 750ct00000US9gdAAD (https://fortra--mergebuild.sandbox.my.salesforce.com/lightn
 ing/setup/AsyncApiJobStatus/page?address=%2F750ct00000US9gdAAD)
 Elapsed Time: 10.20s

[2K[1A[2K[1A[2K[1A[2K[1A[2K[1A[2K[1A[2K[1A[2K[1A[2K[1A[2K[1A[2K[1A[2K[1A[2K[1A[2K[1A[2K[1A[2K[G
 ───────────────── Importing data ─────────────────

 ✔ Creating ingest job 5.12s
 ⣽ Processing the job 4.88s
   ▸ Processed records: ◡
   ▸ Successful records: ◡
   ▸ Failed records: ◡

 Status: UploadComplete
 Job Id:
 750ct00000US9gdAAD (https://fortra--mergebuild.sandbox.my.salesforce.com/lightn
 ing/setup/AsyncApiJobStatus/page?address=%2F750ct00000US9gdAAD)
 Elapsed Time: 10.23s

[2K[1A[2K[1A[2K[1A[2K[1A[2K[1A[2K[1A[2K[1A[2K[1A[2K[1A[2K[1A[2K[1A[2K[1A[2K[1A[2K[1A[2K[1A[2K[G
 ───────────────── Importing data ─────────────────

 ✔ Creating ingest job 5.12s
 ⣽ Processing the job 4.90s
   ▸ Processed records: ◡
   ▸ Successful records: ◡
   ▸ Failed records: ◡

 Status: UploadComplete
 Job Id:
 750ct00000US9gdAAD (https://fortra--mergebuild.sandbox.my.salesforce.com/lightn
 ing/setup/AsyncApiJobStatus/page?address=%2F750ct00000US9gdAAD)
 Elapsed Time: 10.26s

[2K[1A[2K[1A[2K[1A[2K[1A[2K[1A[2K[1A[2K[1A[2K[1A[2K[1A[2K[1A[2K[1A[2K[1A[2K[1A[2K[1A[2K[1A[2K[G
 ───────────────── Importing data ─────────────────

 ✔ Creating ingest job 5.12s
 ⣻ Processing the job 4.94s
   ▸ Processed records: ◡
   ▸ Successful records: ◡
   ▸ Failed records: ◡

 Status: UploadComplete
 Job Id:
 750ct00000US9gdAAD (https://fortra--mergebuild.sandbox.my.salesforce.com/lightn
 ing/setup/AsyncApiJobStatus/page?address=%2F750ct00000US9gdAAD)
 Elapsed Time: 10.29s

[2K[1A[2K[1A[2K[1A[2K[1A[2K[1A[2K[1A[2K[1A[2K[1A[2K[1A[2K[1A[2K[1A[2K[1A[2K[1A[2K[1A[2K[1A[2K[G
 ───────────────── Importing data ─────────────────

 ✔ Creating ingest job 5.12s
 ⣻ Processing the job 4.96s
   ▸ Processed records: ◟
   ▸ Successful records: ◟
   ▸ Failed records: ◟

 Status: UploadComplete
 Job Id:
 750ct00000US9gdAAD (https://fortra--mergebuild.sandbox.my.salesforce.com/lightn
 ing/setup/AsyncApiJobStatus/page?address=%2F750ct00000US9gdAAD)
 Elapsed Time: 10.32s

[2K[1A[2K[1A[2K[1A[2K[1A[2K[1A[2K[1A[2K[1A[2K[1A[2K[1A[2K[1A[2K[1A[2K[1A[2K[1A[2K[1A[2K[1A[2K[G
 ───────────────── Importing data ─────────────────

 ✔ Creating ingest job 5.12s
 ⣻ Processing the job 4.99s
   ▸ Processed records: ◟
   ▸ Successful records: ◟
   ▸ Failed records: ◟

 Status: UploadComplete
 Job Id:
 750ct00000US9gdAAD (https://fortra--mergebuild.sandbox.my.salesforce.com/lightn
 ing/setup/AsyncApiJobStatus/page?address=%2F750ct00000US9gdAAD)
 Elapsed Time: 10.35s

[2K[1A[2K[1A[2K[1A[2K[1A[2K[1A[2K[1A[2K[1A[2K[1A[2K[1A[2K[1A[2K[1A[2K[1A[2K[1A[2K[1A[2K[1A[2K[G
 ───────────────── Importing data ─────────────────

 ✔ Creating ingest job 5.12s
 ⢿ Processing the job 5.02s
   ▸ Processed records: ◟
   ▸ Successful records: ◟
   ▸ Failed records: ◟

 Status: UploadComplete
 Job Id:
 750ct00000US9gdAAD (https://fortra--mergebuild.sandbox.my.salesforce.com/lightn
 ing/setup/AsyncApiJobStatus/page?address=%2F750ct00000US9gdAAD)
 Elapsed Time: 10.38s

[2K[1A[2K[1A[2K[1A[2K[1A[2K[1A[2K[1A[2K[1A[2K[1A[2K[1A[2K[1A[2K[1A[2K[1A[2K[1A[2K[1A[2K[1A[2K[G
 ───────────────── Importing data ─────────────────

 ✔ Creating ingest job 5.12s
 ⢿ Processing the job 5.05s
   ▸ Processed records: ◜
   ▸ Successful records: ◜
   ▸ Failed records: ◜

 Status: UploadComplete
 Job Id:
 750ct00000US9gdAAD (https://fortra--mergebuild.sandbox.my.salesforce.com/lightn
 ing/setup/AsyncApiJobStatus/page?address=%2F750ct00000US9gdAAD)
 Elapsed Time: 10.41s

[2K[1A[2K[1A[2K[1A[2K[1A[2K[1A[2K[1A[2K[1A[2K[1A[2K[1A[2K[1A[2K[1A[2K[1A[2K[1A[2K[1A[2K[1A[2K[G
 ───────────────── Importing data ─────────────────

 ✔ Creating ingest job 5.12s
 ⡿ Processing the job 5.08s
   ▸ Processed records: ◜
   ▸ Successful records: ◜
   ▸ Failed records: ◜

 Status: UploadComplete
 Job Id:
 750ct00000US9gdAAD (https://fortra--mergebuild.sandbox.my.salesforce.com/lightn
 ing/setup/AsyncApiJobStatus/page?address=%2F750ct00000US9gdAAD)
 Elapsed Time: 10.43s

[2K[1A[2K[1A[2K[1A[2K[1A[2K[1A[2K[1A[2K[1A[2K[1A[2K[1A[2K[1A[2K[1A[2K[1A[2K[1A[2K[1A[2K[1A[2K[G
 ───────────────── Importing data ─────────────────

 ✔ Creating ingest job 5.12s
 ⡿ Processing the job 5.12s
   ▸ Processed records: ◜
   ▸ Successful records: ◜
   ▸ Failed records: ◜

 Status: UploadComplete
 Job Id:
 750ct00000US9gdAAD (https://fortra--mergebuild.sandbox.my.salesforce.com/lightn
 ing/setup/AsyncApiJobStatus/page?address=%2F750ct00000US9gdAAD)
 Elapsed Time: 10.47s

[2K[1A[2K[1A[2K[1A[2K[1A[2K[1A[2K[1A[2K[1A[2K[1A[2K[1A[2K[1A[2K[1A[2K[1A[2K[1A[2K[1A[2K[1A[2K[G
 ───────────────── Importing data ─────────────────

 ✔ Creating ingest job 5.12s
 ⡿ Processing the job 5.14s
   ▸ Processed records: ◠
   ▸ Successful records: ◠
   ▸ Failed records: ◜

 Status: UploadComplete
 Job Id:
 750ct00000US9gdAAD (https://fortra--mergebuild.sandbox.my.salesforce.com/lightn
 ing/setup/AsyncApiJobStatus/page?address=%2F750ct00000US9gdAAD)
 Elapsed Time: 10.50s

[2K[1A[2K[1A[2K[1A[2K[1A[2K[1A[2K[1A[2K[1A[2K[1A[2K[1A[2K[1A[2K[1A[2K[1A[2K[1A[2K[1A[2K[1A[2K[G
 ───────────────── Importing data ─────────────────

 ✔ Creating ingest job 5.12s
 ⣟ Processing the job 5.17s
   ▸ Processed records: ◠
   ▸ Successful records: ◠
   ▸ Failed records: ◠

 Status: UploadComplete
 Job Id:
 750ct00000US9gdAAD (https://fortra--mergebuild.sandbox.my.salesforce.com/lightn
 ing/setup/AsyncApiJobStatus/page?address=%2F750ct00000US9gdAAD)
 Elapsed Time: 10.53s

[2K[1A[2K[1A[2K[1A[2K[1A[2K[1A[2K[1A[2K[1A[2K[1A[2K[1A[2K[1A[2K[1A[2K[1A[2K[1A[2K[1A[2K[1A[2K[G
 ───────────────── Importing data ─────────────────

 ✔ Creating ingest job 5.12s
 ⣟ Processing the job 5.21s
   ▸ Processed records: ◠
   ▸ Successful records: ◠
   ▸ Failed records: ◠

 Status: UploadComplete
 Job Id:
 750ct00000US9gdAAD (https://fortra--mergebuild.sandbox.my.salesforce.com/lightn
 ing/setup/AsyncApiJobStatus/page?address=%2F750ct00000US9gdAAD)
 Elapsed Time: 10.56s

[2K[1A[2K[1A[2K[1A[2K[1A[2K[1A[2K[1A[2K[1A[2K[1A[2K[1A[2K[1A[2K[1A[2K[1A[2K[1A[2K[1A[2K[1A[2K[G
 ───────────────── Importing data ─────────────────

 ✔ Creating ingest job 5.12s
 ⣯ Processing the job 5.24s
   ▸ Processed records: ◝
   ▸ Successful records: ◠
   ▸ Failed records: ◠

 Status: UploadComplete
 Job Id:
 750ct00000US9gdAAD (https://fortra--mergebuild.sandbox.my.salesforce.com/lightn
 ing/setup/AsyncApiJobStatus/page?address=%2F750ct00000US9gdAAD)
 Elapsed Time: 10.59s

[2K[1A[2K[1A[2K[1A[2K[1A[2K[1A[2K[1A[2K[1A[2K[1A[2K[1A[2K[1A[2K[1A[2K[1A[2K[1A[2K[1A[2K[1A[2K[G
 ───────────────── Importing data ─────────────────

 ✔ Creating ingest job 5.12s
 ⣯ Processing the job 5.27s
   ▸ Processed records: ◝
   ▸ Successful records: ◝
   ▸ Failed records: ◝

 Status: UploadComplete
 Job Id:
 750ct00000US9gdAAD (https://fortra--mergebuild.sandbox.my.salesforce.com/lightn
 ing/setup/AsyncApiJobStatus/page?address=%2F750ct00000US9gdAAD)
 Elapsed Time: 10.62s

[2K[1A[2K[1A[2K[1A[2K[1A[2K[1A[2K[1A[2K[1A[2K[1A[2K[1A[2K[1A[2K[1A[2K[1A[2K[1A[2K[1A[2K[1A[2K[G
 ───────────────── Importing data ─────────────────

 ✔ Creating ingest job 5.12s
 ⣯ Processing the job 5.30s
   ▸ Processed records: ◝
   ▸ Successful records: ◝
   ▸ Failed records: ◝

 Status: UploadComplete
 Job Id:
 750ct00000US9gdAAD (https://fortra--mergebuild.sandbox.my.salesforce.com/lightn
 ing/setup/AsyncApiJobStatus/page?address=%2F750ct00000US9gdAAD)
 Elapsed Time: 10.65s

[2K[1A[2K[1A[2K[1A[2K[1A[2K[1A[2K[1A[2K[1A[2K[1A[2K[1A[2K[1A[2K[1A[2K[1A[2K[1A[2K[1A[2K[1A[2K[G
 ───────────────── Importing data ─────────────────

 ✔ Creating ingest job 5.12s
 ⣷ Processing the job 5.33s
   ▸ Processed records: ◞
   ▸ Successful records: ◝
   ▸ Failed records: ◝

 Status: UploadComplete
 Job Id:
 750ct00000US9gdAAD (https://fortra--mergebuild.sandbox.my.salesforce.com/lightn
 ing/setup/AsyncApiJobStatus/page?address=%2F750ct00000US9gdAAD)
 Elapsed Time: 10.68s

[2K[1A[2K[1A[2K[1A[2K[1A[2K[1A[2K[1A[2K[1A[2K[1A[2K[1A[2K[1A[2K[1A[2K[1A[2K[1A[2K[1A[2K[1A[2K[G
 ───────────────── Importing data ─────────────────

 ✔ Creating ingest job 5.12s
 ⣷ Processing the job 5.36s
   ▸ Processed records: ◞
   ▸ Successful records: ◞
   ▸ Failed records: ◞

 Status: UploadComplete
 Job Id:
 750ct00000US9gdAAD (https://fortra--mergebuild.sandbox.my.salesforce.com/lightn
 ing/setup/AsyncApiJobStatus/page?address=%2F750ct00000US9gdAAD)
 Elapsed Time: 10.71s

[2K[1A[2K[1A[2K[1A[2K[1A[2K[1A[2K[1A[2K[1A[2K[1A[2K[1A[2K[1A[2K[1A[2K[1A[2K[1A[2K[1A[2K[1A[2K[G
 ───────────────── Importing data ─────────────────

 ✔ Creating ingest job 5.12s
 ⣾ Processing the job 5.39s
   ▸ Processed records: ◞
   ▸ Successful records: ◞
   ▸ Failed records: ◞

 Status: UploadComplete
 Job Id:
 750ct00000US9gdAAD (https://fortra--mergebuild.sandbox.my.salesforce.com/lightn
 ing/setup/AsyncApiJobStatus/page?address=%2F750ct00000US9gdAAD)
 Elapsed Time: 10.74s

[2K[1A[2K[1A[2K[1A[2K[1A[2K[1A[2K[1A[2K[1A[2K[1A[2K[1A[2K[1A[2K[1A[2K[1A[2K[1A[2K[1A[2K[1A[2K[G
 ───────────────── Importing data ─────────────────

 ✔ Creating ingest job 5.12s
 ⣾ Processing the job 5.41s
   ▸ Processed records: ◞
   ▸ Successful records: ◞
   ▸ Failed records: ◞

 Status: UploadComplete
 Job Id:
 750ct00000US9gdAAD (https://fortra--mergebuild.sandbox.my.salesforce.com/lightn
 ing/setup/AsyncApiJobStatus/page?address=%2F750ct00000US9gdAAD)
 Elapsed Time: 10.77s

[2K[1A[2K[1A[2K[1A[2K[1A[2K[1A[2K[1A[2K[1A[2K[1A[2K[1A[2K[1A[2K[1A[2K[1A[2K[1A[2K[1A[2K[1A[2K[G
 ───────────────── Importing data ─────────────────

 ✔ Creating ingest job 5.12s
 ⣾ Processing the job 5.45s
   ▸ Processed records: ◡
   ▸ Successful records: ◡
   ▸ Failed records: ◡

 Status: UploadComplete
 Job Id:
 750ct00000US9gdAAD (https://fortra--mergebuild.sandbox.my.salesforce.com/lightn
 ing/setup/AsyncApiJobStatus/page?address=%2F750ct00000US9gdAAD)
 Elapsed Time: 10.80s

[2K[1A[2K[1A[2K[1A[2K[1A[2K[1A[2K[1A[2K[1A[2K[1A[2K[1A[2K[1A[2K[1A[2K[1A[2K[1A[2K[1A[2K[1A[2K[G
 ───────────────── Importing data ─────────────────

 ✔ Creating ingest job 5.12s
 ⣽ Processing the job 5.48s
   ▸ Processed records: ◡
   ▸ Successful records: ◡
   ▸ Failed records: ◡

 Status: UploadComplete
 Job Id:
 750ct00000US9gdAAD (https://fortra--mergebuild.sandbox.my.salesforce.com/lightn
 ing/setup/AsyncApiJobStatus/page?address=%2F750ct00000US9gdAAD)
 Elapsed Time: 10.83s

[2K[1A[2K[1A[2K[1A[2K[1A[2K[1A[2K[1A[2K[1A[2K[1A[2K[1A[2K[1A[2K[1A[2K[1A[2K[1A[2K[1A[2K[1A[2K[G
 ───────────────── Importing data ─────────────────

 ✔ Creating ingest job 5.12s
 ⣽ Processing the job 5.51s
   ▸ Processed records: ◡
   ▸ Successful records: ◡
   ▸ Failed records: ◡

 Status: UploadComplete
 Job Id:
 750ct00000US9gdAAD (https://fortra--mergebuild.sandbox.my.salesforce.com/lightn
 ing/setup/AsyncApiJobStatus/page?address=%2F750ct00000US9gdAAD)
 Elapsed Time: 10.85s

[2K[1A[2K[1A[2K[1A[2K[1A[2K[1A[2K[1A[2K[1A[2K[1A[2K[1A[2K[1A[2K[1A[2K[1A[2K[1A[2K[1A[2K[1A[2K[G
 ───────────────── Importing data ─────────────────

 ✔ Creating ingest job 5.12s
 ⣻ Processing the job 5.54s
   ▸ Processed records: ◟
   ▸ Successful records: ◟
   ▸ Failed records: ◟

 Status: UploadComplete
 Job Id:
 750ct00000US9gdAAD (https://fortra--mergebuild.sandbox.my.salesforce.com/lightn
 ing/setup/AsyncApiJobStatus/page?address=%2F750ct00000US9gdAAD)
 Elapsed Time: 10.88s

[2K[1A[2K[1A[2K[1A[2K[1A[2K[1A[2K[1A[2K[1A[2K[1A[2K[1A[2K[1A[2K[1A[2K[1A[2K[1A[2K[1A[2K[1A[2K[G
 ───────────────── Importing data ─────────────────

 ✔ Creating ingest job 5.12s
 ⣻ Processing the job 5.57s
   ▸ Processed records: ◟
   ▸ Successful records: ◟
   ▸ Failed records: ◟

 Status: UploadComplete
 Job Id:
 750ct00000US9gdAAD (https://fortra--mergebuild.sandbox.my.salesforce.com/lightn
 ing/setup/AsyncApiJobStatus/page?address=%2F750ct00000US9gdAAD)
 Elapsed Time: 10.91s

[2K[1A[2K[1A[2K[1A[2K[1A[2K[1A[2K[1A[2K[1A[2K[1A[2K[1A[2K[1A[2K[1A[2K[1A[2K[1A[2K[1A[2K[1A[2K[G
 ───────────────── Importing data ─────────────────

 ✔ Creating ingest job 5.12s
 ⣻ Processing the job 5.60s
   ▸ Processed records: ◟
   ▸ Successful records: ◟
   ▸ Failed records: ◟

 Status: UploadComplete
 Job Id:
 750ct00000US9gdAAD (https://fortra--mergebuild.sandbox.my.salesforce.com/lightn
 ing/setup/AsyncApiJobStatus/page?address=%2F750ct00000US9gdAAD)
 Elapsed Time: 10.94s

[2K[1A[2K[1A[2K[1A[2K[1A[2K[1A[2K[1A[2K[1A[2K[1A[2K[1A[2K[1A[2K[1A[2K[1A[2K[1A[2K[1A[2K[1A[2K[G
 ───────────────── Importing data ─────────────────

 ✔ Creating ingest job 5.12s
 ⢿ Processing the job 5.63s
   ▸ Processed records: ◜
   ▸ Successful records: ◜
   ▸ Failed records: ◜

 Status: UploadComplete
 Job Id:
 750ct00000US9gdAAD (https://fortra--mergebuild.sandbox.my.salesforce.com/lightn
 ing/setup/AsyncApiJobStatus/page?address=%2F750ct00000US9gdAAD)
 Elapsed Time: 10.97s

[2K[1A[2K[1A[2K[1A[2K[1A[2K[1A[2K[1A[2K[1A[2K[1A[2K[1A[2K[1A[2K[1A[2K[1A[2K[1A[2K[1A[2K[1A[2K[G
 ───────────────── Importing data ─────────────────

 ✔ Creating ingest job 5.12s
 ⢿ Processing the job 5.66s
   ▸ Processed records: ◜
   ▸ Successful records: ◜
   ▸ Failed records: ◜

 Status: UploadComplete
 Job Id:
 750ct00000US9gdAAD (https://fortra--mergebuild.sandbox.my.salesforce.com/lightn
 ing/setup/AsyncApiJobStatus/page?address=%2F750ct00000US9gdAAD)
 Elapsed Time: 11.00s

[2K[1A[2K[1A[2K[1A[2K[1A[2K[1A[2K[1A[2K[1A[2K[1A[2K[1A[2K[1A[2K[1A[2K[1A[2K[1A[2K[1A[2K[1A[2K[G
 ───────────────── Importing data ─────────────────

 ✔ Creating ingest job 5.12s
 ⡿ Processing the job 5.69s
   ▸ Processed records: ◜
   ▸ Successful records: ◜
   ▸ Failed records: ◜

 Status: UploadComplete
 Job Id:
 750ct00000US9gdAAD (https://fortra--mergebuild.sandbox.my.salesforce.com/lightn
 ing/setup/AsyncApiJobStatus/page?address=%2F750ct00000US9gdAAD)
 Elapsed Time: 11.03s

[2K[1A[2K[1A[2K[1A[2K[1A[2K[1A[2K[1A[2K[1A[2K[1A[2K[1A[2K[1A[2K[1A[2K[1A[2K[1A[2K[1A[2K[1A[2K[G
 ───────────────── Importing data ─────────────────

 ✔ Creating ingest job 5.12s
 ⡿ Processing the job 5.72s
   ▸ Processed records: ◠
   ▸ Successful records: ◠
   ▸ Failed records: ◠

 Status: UploadComplete
 Job Id:
 750ct00000US9gdAAD (https://fortra--mergebuild.sandbox.my.salesforce.com/lightn
 ing/setup/AsyncApiJobStatus/page?address=%2F750ct00000US9gdAAD)
 Elapsed Time: 11.06s

[2K[1A[2K[1A[2K[1A[2K[1A[2K[1A[2K[1A[2K[1A[2K[1A[2K[1A[2K[1A[2K[1A[2K[1A[2K[1A[2K[1A[2K[1A[2K[G
 ───────────────── Importing data ─────────────────

 ✔ Creating ingest job 5.12s
 ⡿ Processing the job 5.75s
   ▸ Processed records: ◠
   ▸ Successful records: ◠
   ▸ Failed records: ◠

 Status: UploadComplete
 Job Id:
 750ct00000US9gdAAD (https://fortra--mergebuild.sandbox.my.salesforce.com/lightn
 ing/setup/AsyncApiJobStatus/page?address=%2F750ct00000US9gdAAD)
 Elapsed Time: 11.10s

[2K[1A[2K[1A[2K[1A[2K[1A[2K[1A[2K[1A[2K[1A[2K[1A[2K[1A[2K[1A[2K[1A[2K[1A[2K[1A[2K[1A[2K[1A[2K[G
 ───────────────── Importing data ─────────────────

 ✔ Creating ingest job 5.12s
 ⣟ Processing the job 5.78s
   ▸ Processed records: ◠
   ▸ Successful records: ◠
   ▸ Failed records: ◠

 Status: UploadComplete
 Job Id:
 750ct00000US9gdAAD (https://fortra--mergebuild.sandbox.my.salesforce.com/lightn
 ing/setup/AsyncApiJobStatus/page?address=%2F750ct00000US9gdAAD)
 Elapsed Time: 11.13s

[2K[1A[2K[1A[2K[1A[2K[1A[2K[1A[2K[1A[2K[1A[2K[1A[2K[1A[2K[1A[2K[1A[2K[1A[2K[1A[2K[1A[2K[1A[2K[G
 ───────────────── Importing data ─────────────────

 ✔ Creating ingest job 5.12s
 ⣟ Processing the job 5.81s
   ▸ Processed records: ◝
   ▸ Successful records: ◝
   ▸ Failed records: ◠

 Status: UploadComplete
 Job Id:
 750ct00000US9gdAAD (https://fortra--mergebuild.sandbox.my.salesforce.com/lightn
 ing/setup/AsyncApiJobStatus/page?address=%2F750ct00000US9gdAAD)
 Elapsed Time: 11.16s

[2K[1A[2K[1A[2K[1A[2K[1A[2K[1A[2K[1A[2K[1A[2K[1A[2K[1A[2K[1A[2K[1A[2K[1A[2K[1A[2K[1A[2K[1A[2K[G
 ───────────────── Importing data ─────────────────

 ✔ Creating ingest job 5.12s
 ⣯ Processing the job 5.84s
   ▸ Processed records: ◝
   ▸ Successful records: ◝
   ▸ Failed records: ◝

 Status: UploadComplete
 Job Id:
 750ct00000US9gdAAD (https://fortra--mergebuild.sandbox.my.salesforce.com/lightn
 ing/setup/AsyncApiJobStatus/page?address=%2F750ct00000US9gdAAD)
 Elapsed Time: 11.19s

[2K[1A[2K[1A[2K[1A[2K[1A[2K[1A[2K[1A[2K[1A[2K[1A[2K[1A[2K[1A[2K[1A[2K[1A[2K[1A[2K[1A[2K[1A[2K[G
 ───────────────── Importing data ─────────────────

 ✔ Creating ingest job 5.12s
 ⣯ Processing the job 5.87s
   ▸ Processed records: ◝
   ▸ Successful records: ◝
   ▸ Failed records: ◝

 Status: UploadComplete
 Job Id:
 750ct00000US9gdAAD (https://fortra--mergebuild.sandbox.my.salesforce.com/lightn
 ing/setup/AsyncApiJobStatus/page?address=%2F750ct00000US9gdAAD)
 Elapsed Time: 11.22s

[2K[1A[2K[1A[2K[1A[2K[1A[2K[1A[2K[1A[2K[1A[2K[1A[2K[1A[2K[1A[2K[1A[2K[1A[2K[1A[2K[1A[2K[1A[2K[G
 ───────────────── Importing data ─────────────────

 ✔ Creating ingest job 5.12s
 ⣯ Processing the job 5.90s
   ▸ Processed records: ◞
   ▸ Successful records: ◝
   ▸ Failed records: ◝

 Status: UploadComplete
 Job Id:
 750ct00000US9gdAAD (https://fortra--mergebuild.sandbox.my.salesforce.com/lightn
 ing/setup/AsyncApiJobStatus/page?address=%2F750ct00000US9gdAAD)
 Elapsed Time: 11.25s

[2K[1A[2K[1A[2K[1A[2K[1A[2K[1A[2K[1A[2K[1A[2K[1A[2K[1A[2K[1A[2K[1A[2K[1A[2K[1A[2K[1A[2K[1A[2K[G
 ───────────────── Importing data ─────────────────

 ✔ Creating ingest job 5.12s
 ⣷ Processing the job 5.92s
   ▸ Processed records: ◞
   ▸ Successful records: ◞
   ▸ Failed records: ◞

 Status: UploadComplete
 Job Id:
 750ct00000US9gdAAD (https://fortra--mergebuild.sandbox.my.salesforce.com/lightn
 ing/setup/AsyncApiJobStatus/page?address=%2F750ct00000US9gdAAD)
 Elapsed Time: 11.28s

[2K[1A[2K[1A[2K[1A[2K[1A[2K[1A[2K[1A[2K[1A[2K[1A[2K[1A[2K[1A[2K[1A[2K[1A[2K[1A[2K[1A[2K[1A[2K[G
 ───────────────── Importing data ─────────────────

 ✔ Creating ingest job 5.12s
 ⣷ Processing the job 5.96s
   ▸ Processed records: ◞
   ▸ Successful records: ◞
   ▸ Failed records: ◞

 Status: UploadComplete
 Job Id:
 750ct00000US9gdAAD (https://fortra--mergebuild.sandbox.my.salesforce.com/lightn
 ing/setup/AsyncApiJobStatus/page?address=%2F750ct00000US9gdAAD)
 Elapsed Time: 11.31s

[2K[1A[2K[1A[2K[1A[2K[1A[2K[1A[2K[1A[2K[1A[2K[1A[2K[1A[2K[1A[2K[1A[2K[1A[2K[1A[2K[1A[2K[1A[2K[G
 ───────────────── Importing data ─────────────────

 ✔ Creating ingest job 5.12s
 ⣾ Processing the job 5.98s
   ▸ Processed records: ◡
   ▸ Successful records: ◞
   ▸ Failed records: ◞

 Status: UploadComplete
 Job Id:
 750ct00000US9gdAAD (https://fortra--mergebuild.sandbox.my.salesforce.com/lightn
 ing/setup/AsyncApiJobStatus/page?address=%2F750ct00000US9gdAAD)
 Elapsed Time: 11.34s

[2K[1A[2K[1A[2K[1A[2K[1A[2K[1A[2K[1A[2K[1A[2K[1A[2K[1A[2K[1A[2K[1A[2K[1A[2K[1A[2K[1A[2K[1A[2K[G
 ───────────────── Importing data ─────────────────

 ✔ Creating ingest job 5.12s
 ⣾ Processing the job 6.01s
   ▸ Processed records: ◡
   ▸ Successful records: ◡
   ▸ Failed records: ◡

 Status: UploadComplete
 Job Id:
 750ct00000US9gdAAD (https://fortra--mergebuild.sandbox.my.salesforce.com/lightn
 ing/setup/AsyncApiJobStatus/page?address=%2F750ct00000US9gdAAD)
 Elapsed Time: 11.37s

[2K[1A[2K[1A[2K[1A[2K[1A[2K[1A[2K[1A[2K[1A[2K[1A[2K[1A[2K[1A[2K[1A[2K[1A[2K[1A[2K[1A[2K[1A[2K[G
 ───────────────── Importing data ─────────────────

 ✔ Creating ingest job 5.12s
 ⣾ Processing the job 6.04s
   ▸ Processed records: ◡
   ▸ Successful records: ◡
   ▸ Failed records: ◡

 Status: UploadComplete
 Job Id:
 750ct00000US9gdAAD (https://fortra--mergebuild.sandbox.my.salesforce.com/lightn
 ing/setup/AsyncApiJobStatus/page?address=%2F750ct00000US9gdAAD)
 Elapsed Time: 11.40s

[2K[1A[2K[1A[2K[1A[2K[1A[2K[1A[2K[1A[2K[1A[2K[1A[2K[1A[2K[1A[2K[1A[2K[1A[2K[1A[2K[1A[2K[1A[2K[G
 ───────────────── Importing data ─────────────────

 ✔ Creating ingest job 5.12s
 ⣽ Processing the job 6.06s
   ▸ Processed records: ◡
   ▸ Successful records: ◡
   ▸ Failed records: ◡

 Status: UploadComplete
 Job Id:
 750ct00000US9gdAAD (https://fortra--mergebuild.sandbox.my.salesforce.com/lightn
 ing/setup/AsyncApiJobStatus/page?address=%2F750ct00000US9gdAAD)
 Elapsed Time: 11.43s

[2K[1A[2K[1A[2K[1A[2K[1A[2K[1A[2K[1A[2K[1A[2K[1A[2K[1A[2K[1A[2K[1A[2K[1A[2K[1A[2K[1A[2K[1A[2K[G
 ───────────────── Importing data ─────────────────

 ✔ Creating ingest job 5.12s
 ⣽ Processing the job 6.09s
   ▸ Processed records: ◟
   ▸ Successful records: ◟
   ▸ Failed records: ◟

 Status: UploadComplete
 Job Id:
 750ct00000US9gdAAD (https://fortra--mergebuild.sandbox.my.salesforce.com/lightn
 ing/setup/AsyncApiJobStatus/page?address=%2F750ct00000US9gdAAD)
 Elapsed Time: 11.46s

[2K[1A[2K[1A[2K[1A[2K[1A[2K[1A[2K[1A[2K[1A[2K[1A[2K[1A[2K[1A[2K[1A[2K[1A[2K[1A[2K[1A[2K[1A[2K[G
 ───────────────── Importing data ─────────────────

 ✔ Creating ingest job 5.12s
 ⣻ Processing the job 6.12s
   ▸ Processed records: ◟
   ▸ Successful records: ◟
   ▸ Failed records: ◟

 Status: UploadComplete
 Job Id:
 750ct00000US9gdAAD (https://fortra--mergebuild.sandbox.my.salesforce.com/lightn
 ing/setup/AsyncApiJobStatus/page?address=%2F750ct00000US9gdAAD)
 Elapsed Time: 11.49s

[2K[1A[2K[1A[2K[1A[2K[1A[2K[1A[2K[1A[2K[1A[2K[1A[2K[1A[2K[1A[2K[1A[2K[1A[2K[1A[2K[1A[2K[1A[2K[G
 ───────────────── Importing data ─────────────────

 ✔ Creating ingest job 5.12s
 ⣻ Processing the job 6.16s
   ▸ Processed records: ◟
   ▸ Successful records: ◟
   ▸ Failed records: ◟

 Status: UploadComplete
 Job Id:
 750ct00000US9gdAAD (https://fortra--mergebuild.sandbox.my.salesforce.com/lightn
 ing/setup/AsyncApiJobStatus/page?address=%2F750ct00000US9gdAAD)
 Elapsed Time: 11.52s

[2K[1A[2K[1A[2K[1A[2K[1A[2K[1A[2K[1A[2K[1A[2K[1A[2K[1A[2K[1A[2K[1A[2K[1A[2K[1A[2K[1A[2K[1A[2K[G
 ───────────────── Importing data ─────────────────

 ✔ Creating ingest job 5.12s
 ⣻ Processing the job 6.18s
   ▸ Processed records: ◜
   ▸ Successful records: ◜
   ▸ Failed records: ◜

 Status: UploadComplete
 Job Id:
 750ct00000US9gdAAD (https://fortra--mergebuild.sandbox.my.salesforce.com/lightn
 ing/setup/AsyncApiJobStatus/page?address=%2F750ct00000US9gdAAD)
 Elapsed Time: 11.55s

[2K[1A[2K[1A[2K[1A[2K[1A[2K[1A[2K[1A[2K[1A[2K[1A[2K[1A[2K[1A[2K[1A[2K[1A[2K[1A[2K[1A[2K[1A[2K[G
 ───────────────── Importing data ─────────────────

 ✔ Creating ingest job 5.12s
 ⢿ Processing the job 6.21s
   ▸ Processed records: ◜
   ▸ Successful records: ◜
   ▸ Failed records: ◜

 Status: UploadComplete
 Job Id:
 750ct00000US9gdAAD (https://fortra--mergebuild.sandbox.my.salesforce.com/lightn
 ing/setup/AsyncApiJobStatus/page?address=%2F750ct00000US9gdAAD)
 Elapsed Time: 11.58s

[2K[1A[2K[1A[2K[1A[2K[1A[2K[1A[2K[1A[2K[1A[2K[1A[2K[1A[2K[1A[2K[1A[2K[1A[2K[1A[2K[1A[2K[1A[2K[G
 ───────────────── Importing data ─────────────────

 ✔ Creating ingest job 5.12s
 ⢿ Processing the job 6.24s
   ▸ Processed records: ◜
   ▸ Successful records: ◜
   ▸ Failed records: ◜

 Status: UploadComplete
 Job Id:
 750ct00000US9gdAAD (https://fortra--mergebuild.sandbox.my.salesforce.com/lightn
 ing/setup/AsyncApiJobStatus/page?address=%2F750ct00000US9gdAAD)
 Elapsed Time: 11.62s

[2K[1A[2K[1A[2K[1A[2K[1A[2K[1A[2K[1A[2K[1A[2K[1A[2K[1A[2K[1A[2K[1A[2K[1A[2K[1A[2K[1A[2K[1A[2K[G
 ───────────────── Importing data ─────────────────

 ✔ Creating ingest job 5.12s
 ⡿ Processing the job 6.27s
   ▸ Processed records: ◠
   ▸ Successful records: ◠
   ▸ Failed records: ◠

 Status: UploadComplete
 Job Id:
 750ct00000US9gdAAD (https://fortra--mergebuild.sandbox.my.salesforce.com/lightn
 ing/setup/AsyncApiJobStatus/page?address=%2F750ct00000US9gdAAD)
 Elapsed Time: 11.65s

[2K[1A[2K[1A[2K[1A[2K[1A[2K[1A[2K[1A[2K[1A[2K[1A[2K[1A[2K[1A[2K[1A[2K[1A[2K[1A[2K[1A[2K[1A[2K[G
 ───────────────── Importing data ─────────────────

 ✔ Creating ingest job 5.12s
 ⡿ Processing the job 6.30s
   ▸ Processed records: ◠
   ▸ Successful records: ◠
   ▸ Failed records: ◠

 Status: UploadComplete
 Job Id:
 750ct00000US9gdAAD (https://fortra--mergebuild.sandbox.my.salesforce.com/lightn
 ing/setup/AsyncApiJobStatus/page?address=%2F750ct00000US9gdAAD)
 Elapsed Time: 11.68s

[2K[1A[2K[1A[2K[1A[2K[1A[2K[1A[2K[1A[2K[1A[2K[1A[2K[1A[2K[1A[2K[1A[2K[1A[2K[1A[2K[1A[2K[1A[2K[G
 ───────────────── Importing data ─────────────────

 ✔ Creating ingest job 5.12s
 ⡿ Processing the job 6.33s
   ▸ Processed records: ◠
   ▸ Successful records: ◠
   ▸ Failed records: ◠

 Status: UploadComplete
 Job Id:
 750ct00000US9gdAAD (https://fortra--mergebuild.sandbox.my.salesforce.com/lightn
 ing/setup/AsyncApiJobStatus/page?address=%2F750ct00000US9gdAAD)
 Elapsed Time: 11.71s

[2K[1A[2K[1A[2K[1A[2K[1A[2K[1A[2K[1A[2K[1A[2K[1A[2K[1A[2K[1A[2K[1A[2K[1A[2K[1A[2K[1A[2K[1A[2K[G
 ───────────────── Importing data ─────────────────

 ✔ Creating ingest job 5.12s
 ⣟ Processing the job 6.36s
   ▸ Processed records: ◝
   ▸ Successful records: ◝
   ▸ Failed records: ◝

 Status: UploadComplete
 Job Id:
 750ct00000US9gdAAD (https://fortra--mergebuild.sandbox.my.salesforce.com/lightn
 ing/setup/AsyncApiJobStatus/page?address=%2F750ct00000US9gdAAD)
 Elapsed Time: 11.74s

[2K[1A[2K[1A[2K[1A[2K[1A[2K[1A[2K[1A[2K[1A[2K[1A[2K[1A[2K[1A[2K[1A[2K[1A[2K[1A[2K[1A[2K[1A[2K[G
 ───────────────── Importing data ─────────────────

 ✔ Creating ingest job 5.12s
 ⣟ Processing the job 6.40s
   ▸ Processed records: ◝
   ▸ Successful records: ◝
   ▸ Failed records: ◝

 Status: UploadComplete
 Job Id:
 750ct00000US9gdAAD (https://fortra--mergebuild.sandbox.my.salesforce.com/lightn
 ing/setup/AsyncApiJobStatus/page?address=%2F750ct00000US9gdAAD)
 Elapsed Time: 11.77s

[2K[1A[2K[1A[2K[1A[2K[1A[2K[1A[2K[1A[2K[1A[2K[1A[2K[1A[2K[1A[2K[1A[2K[1A[2K[1A[2K[1A[2K[1A[2K[G
 ───────────────── Importing data ─────────────────

 ✔ Creating ingest job 5.12s
 ⣯ Processing the job 6.43s
   ▸ Processed records: ◝
   ▸ Successful records: ◝
   ▸ Failed records: ◝

 Status: UploadComplete
 Job Id:
 750ct00000US9gdAAD (https://fortra--mergebuild.sandbox.my.salesforce.com/lightn
 ing/setup/AsyncApiJobStatus/page?address=%2F750ct00000US9gdAAD)
 Elapsed Time: 11.80s

[2K[1A[2K[1A[2K[1A[2K[1A[2K[1A[2K[1A[2K[1A[2K[1A[2K[1A[2K[1A[2K[1A[2K[1A[2K[1A[2K[1A[2K[1A[2K[G
 ───────────────── Importing data ─────────────────

 ✔ Creating ingest job 5.12s
 ⣯ Processing the job 6.46s
   ▸ Processed records: ◞
   ▸ Successful records: ◞
   ▸ Failed records: ◝

 Status: UploadComplete
 Job Id:
 750ct00000US9gdAAD (https://fortra--mergebuild.sandbox.my.salesforce.com/lightn
 ing/setup/AsyncApiJobStatus/page?address=%2F750ct00000US9gdAAD)
 Elapsed Time: 11.82s

[2K[1A[2K[1A[2K[1A[2K[1A[2K[1A[2K[1A[2K[1A[2K[1A[2K[1A[2K[1A[2K[1A[2K[1A[2K[1A[2K[1A[2K[1A[2K[G
 ───────────────── Importing data ─────────────────

 ✔ Creating ingest job 5.12s
 ⣯ Processing the job 6.49s
   ▸ Processed records: ◞
   ▸ Successful records: ◞
   ▸ Failed records: ◞

 Status: UploadComplete
 Job Id:
 750ct00000US9gdAAD (https://fortra--mergebuild.sandbox.my.salesforce.com/lightn
 ing/setup/AsyncApiJobStatus/page?address=%2F750ct00000US9gdAAD)
 Elapsed Time: 11.86s

[2K[1A[2K[1A[2K[1A[2K[1A[2K[1A[2K[1A[2K[1A[2K[1A[2K[1A[2K[1A[2K[1A[2K[1A[2K[1A[2K[1A[2K[1A[2K[G
 ───────────────── Importing data ─────────────────

 ✔ Creating ingest job 5.12s
 ⣷ Processing the job 6.52s
   ▸ Processed records: ◞
   ▸ Successful records: ◞
   ▸ Failed records: ◞

 Status: UploadComplete
 Job Id:
 750ct00000US9gdAAD (https://fortra--mergebuild.sandbox.my.salesforce.com/lightn
 ing/setup/AsyncApiJobStatus/page?address=%2F750ct00000US9gdAAD)
 Elapsed Time: 11.88s

[2K[1A[2K[1A[2K[1A[2K[1A[2K[1A[2K[1A[2K[1A[2K[1A[2K[1A[2K[1A[2K[1A[2K[1A[2K[1A[2K[1A[2K[1A[2K[G
 ───────────────── Importing data ─────────────────

 ✔ Creating ingest job 5.12s
 ⣷ Processing the job 6.55s
   ▸ Processed records: ◡
   ▸ Successful records: ◡
   ▸ Failed records: ◞

 Status: UploadComplete
 Job Id:
 750ct00000US9gdAAD (https://fortra--mergebuild.sandbox.my.salesforce.com/lightn
 ing/setup/AsyncApiJobStatus/page?address=%2F750ct00000US9gdAAD)
 Elapsed Time: 11.92s

[2K[1A[2K[1A[2K[1A[2K[1A[2K[1A[2K[1A[2K[1A[2K[1A[2K[1A[2K[1A[2K[1A[2K[1A[2K[1A[2K[1A[2K[1A[2K[G
 ───────────────── Importing data ─────────────────

 ✔ Creating ingest job 5.12s
 ⣾ Processing the job 6.58s
   ▸ Processed records: ◡
   ▸ Successful records: ◡
   ▸ Failed records: ◡

 Status: UploadComplete
 Job Id:
 750ct00000US9gdAAD (https://fortra--mergebuild.sandbox.my.salesforce.com/lightn
 ing/setup/AsyncApiJobStatus/page?address=%2F750ct00000US9gdAAD)
 Elapsed Time: 11.94s

[2K[1A[2K[1A[2K[1A[2K[1A[2K[1A[2K[1A[2K[1A[2K[1A[2K[1A[2K[1A[2K[1A[2K[1A[2K[1A[2K[1A[2K[1A[2K[G
 ───────────────── Importing data ─────────────────

 ✔ Creating ingest job 5.12s
 ⣾ Processing the job 6.62s
   ▸ Processed records: ◡
   ▸ Successful records: ◡
   ▸ Failed records: ◡

 Status: UploadComplete
 Job Id:
 750ct00000US9gdAAD (https://fortra--mergebuild.sandbox.my.salesforce.com/lightn
 ing/setup/AsyncApiJobStatus/page?address=%2F750ct00000US9gdAAD)
 Elapsed Time: 11.97s

[2K[1A[2K[1A[2K[1A[2K[1A[2K[1A[2K[1A[2K[1A[2K[1A[2K[1A[2K[1A[2K[1A[2K[1A[2K[1A[2K[1A[2K[1A[2K[G
 ───────────────── Importing data ─────────────────

 ✔ Creating ingest job 5.12s
 ⣾ Processing the job 6.65s
   ▸ Processed records: ◟
   ▸ Successful records: ◟
   ▸ Failed records: ◡

 Status: UploadComplete
 Job Id:
 750ct00000US9gdAAD (https://fortra--mergebuild.sandbox.my.salesforce.com/lightn
 ing/setup/AsyncApiJobStatus/page?address=%2F750ct00000US9gdAAD)
 Elapsed Time: 12.00s

[2K[1A[2K[1A[2K[1A[2K[1A[2K[1A[2K[1A[2K[1A[2K[1A[2K[1A[2K[1A[2K[1A[2K[1A[2K[1A[2K[1A[2K[1A[2K[G
 ───────────────── Importing data ─────────────────

 ✔ Creating ingest job 5.12s
 ⣽ Processing the job 6.68s
   ▸ Processed records: ◟
   ▸ Successful records: ◟
   ▸ Failed records: ◟

 Status: UploadComplete
 Job Id:
 750ct00000US9gdAAD (https://fortra--mergebuild.sandbox.my.salesforce.com/lightn
 ing/setup/AsyncApiJobStatus/page?address=%2F750ct00000US9gdAAD)
 Elapsed Time: 12.03s

[2K[1A[2K[1A[2K[1A[2K[1A[2K[1A[2K[1A[2K[1A[2K[1A[2K[1A[2K[1A[2K[1A[2K[1A[2K[1A[2K[1A[2K[1A[2K[G
 ───────────────── Importing data ─────────────────

 ✔ Creating ingest job 5.12s
 ⣽ Processing the job 6.71s
   ▸ Processed records: ◟
   ▸ Successful records: ◟
   ▸ Failed records: ◟

 Status: UploadComplete
 Job Id:
 750ct00000US9gdAAD (https://fortra--mergebuild.sandbox.my.salesforce.com/lightn
 ing/setup/AsyncApiJobStatus/page?address=%2F750ct00000US9gdAAD)
 Elapsed Time: 12.07s

[2K[1A[2K[1A[2K[1A[2K[1A[2K[1A[2K[1A[2K[1A[2K[1A[2K[1A[2K[1A[2K[1A[2K[1A[2K[1A[2K[1A[2K[1A[2K[G
 ───────────────── Importing data ─────────────────

 ✔ Creating ingest job 5.12s
 ⣻ Processing the job 6.74s
   ▸ Processed records: ◜
   ▸ Successful records: ◟
   ▸ Failed records: ◟

 Status: UploadComplete
 Job Id:
 750ct00000US9gdAAD (https://fortra--mergebuild.sandbox.my.salesforce.com/lightn
 ing/setup/AsyncApiJobStatus/page?address=%2F750ct00000US9gdAAD)
 Elapsed Time: 12.10s

[2K[1A[2K[1A[2K[1A[2K[1A[2K[1A[2K[1A[2K[1A[2K[1A[2K[1A[2K[1A[2K[1A[2K[1A[2K[1A[2K[1A[2K[1A[2K[G
 ───────────────── Importing data ─────────────────

 ✔ Creating ingest job 5.12s
 ⣻ Processing the job 6.77s
   ▸ Processed records: ◜
   ▸ Successful records: ◜
   ▸ Failed records: ◜

 Status: UploadComplete
 Job Id:
 750ct00000US9gdAAD (https://fortra--mergebuild.sandbox.my.salesforce.com/lightn
 ing/setup/AsyncApiJobStatus/page?address=%2F750ct00000US9gdAAD)
 Elapsed Time: 12.13s

[2K[1A[2K[1A[2K[1A[2K[1A[2K[1A[2K[1A[2K[1A[2K[1A[2K[1A[2K[1A[2K[1A[2K[1A[2K[1A[2K[1A[2K[1A[2K[G
 ───────────────── Importing data ─────────────────

 ✔ Creating ingest job 5.12s
 ⣻ Processing the job 6.80s
   ▸ Processed records: ◜
   ▸ Successful records: ◜
   ▸ Failed records: ◜

 Status: UploadComplete
 Job Id:
 750ct00000US9gdAAD (https://fortra--mergebuild.sandbox.my.salesforce.com/lightn
 ing/setup/AsyncApiJobStatus/page?address=%2F750ct00000US9gdAAD)
 Elapsed Time: 12.16s

[2K[1A[2K[1A[2K[1A[2K[1A[2K[1A[2K[1A[2K[1A[2K[1A[2K[1A[2K[1A[2K[1A[2K[1A[2K[1A[2K[1A[2K[1A[2K[G
 ───────────────── Importing data ─────────────────

 ✔ Creating ingest job 5.12s
 ⢿ Processing the job 6.83s
   ▸ Processed records: ◠
   ▸ Successful records: ◜
   ▸ Failed records: ◜

 Status: UploadComplete
 Job Id:
 750ct00000US9gdAAD (https://fortra--mergebuild.sandbox.my.salesforce.com/lightn
 ing/setup/AsyncApiJobStatus/page?address=%2F750ct00000US9gdAAD)
 Elapsed Time: 12.19s

[2K[1A[2K[1A[2K[1A[2K[1A[2K[1A[2K[1A[2K[1A[2K[1A[2K[1A[2K[1A[2K[1A[2K[1A[2K[1A[2K[1A[2K[1A[2K[G
 ───────────────── Importing data ─────────────────

 ✔ Creating ingest job 5.12s
 ⢿ Processing the job 6.86s
   ▸ Processed records: ◠
   ▸ Successful records: ◠
   ▸ Failed records: ◠

 Status: UploadComplete
 Job Id:
 750ct00000US9gdAAD (https://fortra--mergebuild.sandbox.my.salesforce.com/lightn
 ing/setup/AsyncApiJobStatus/page?address=%2F750ct00000US9gdAAD)
 Elapsed Time: 12.22s

[2K[1A[2K[1A[2K[1A[2K[1A[2K[1A[2K[1A[2K[1A[2K[1A[2K[1A[2K[1A[2K[1A[2K[1A[2K[1A[2K[1A[2K[1A[2K[G
 ───────────────── Importing data ─────────────────

 ✔ Creating ingest job 5.12s
 ⡿ Processing the job 6.89s
   ▸ Processed records: ◠
   ▸ Successful records: ◠
   ▸ Failed records: ◠

 Status: UploadComplete
 Job Id:
 750ct00000US9gdAAD (https://fortra--mergebuild.sandbox.my.salesforce.com/lightn
 ing/setup/AsyncApiJobStatus/page?address=%2F750ct00000US9gdAAD)
 Elapsed Time: 12.25s

[2K[1A[2K[1A[2K[1A[2K[1A[2K[1A[2K[1A[2K[1A[2K[1A[2K[1A[2K[1A[2K[1A[2K[1A[2K[1A[2K[1A[2K[1A[2K[G
 ───────────────── Importing data ─────────────────

 ✔ Creating ingest job 5.12s
 ⡿ Processing the job 6.92s
   ▸ Processed records: ◠
   ▸ Successful records: ◠
   ▸ Failed records: ◠

 Status: UploadComplete
 Job Id:
 750ct00000US9gdAAD (https://fortra--mergebuild.sandbox.my.salesforce.com/lightn
 ing/setup/AsyncApiJobStatus/page?address=%2F750ct00000US9gdAAD)
 Elapsed Time: 12.28s

[2K[1A[2K[1A[2K[1A[2K[1A[2K[1A[2K[1A[2K[1A[2K[1A[2K[1A[2K[1A[2K[1A[2K[1A[2K[1A[2K[1A[2K[1A[2K[G
 ───────────────── Importing data ─────────────────

 ✔ Creating ingest job 5.12s
 ⡿ Processing the job 6.95s
   ▸ Processed records: ◝
   ▸ Successful records: ◝
   ▸ Failed records: ◝

 Status: UploadComplete
 Job Id:
 750ct00000US9gdAAD (https://fortra--mergebuild.sandbox.my.salesforce.com/lightn
 ing/setup/AsyncApiJobStatus/page?address=%2F750ct00000US9gdAAD)
 Elapsed Time: 12.31s

[2K[1A[2K[1A[2K[1A[2K[1A[2K[1A[2K[1A[2K[1A[2K[1A[2K[1A[2K[1A[2K[1A[2K[1A[2K[1A[2K[1A[2K[1A[2K[G
 ───────────────── Importing data ─────────────────

 ✔ Creating ingest job 5.12s
 ⣟ Processing the job 6.98s
   ▸ Processed records: ◝
   ▸ Successful records: ◝
   ▸ Failed records: ◝

 Status: UploadComplete
 Job Id:
 750ct00000US9gdAAD (https://fortra--mergebuild.sandbox.my.salesforce.com/lightn
 ing/setup/AsyncApiJobStatus/page?address=%2F750ct00000US9gdAAD)
 Elapsed Time: 12.34s

[2K[1A[2K[1A[2K[1A[2K[1A[2K[1A[2K[1A[2K[1A[2K[1A[2K[1A[2K[1A[2K[1A[2K[1A[2K[1A[2K[1A[2K[1A[2K[G
 ───────────────── Importing data ─────────────────

 ✔ Creating ingest job 5.12s
 ⣟ Processing the job 7.00s
   ▸ Processed records: ◝
   ▸ Successful records: ◝
   ▸ Failed records: ◝

 Status: UploadComplete
 Job Id:
 750ct00000US9gdAAD (https://fortra--mergebuild.sandbox.my.salesforce.com/lightn
 ing/setup/AsyncApiJobStatus/page?address=%2F750ct00000US9gdAAD)
 Elapsed Time: 12.37s

[2K[1A[2K[1A[2K[1A[2K[1A[2K[1A[2K[1A[2K[1A[2K[1A[2K[1A[2K[1A[2K[1A[2K[1A[2K[1A[2K[1A[2K[1A[2K[G
 ───────────────── Importing data ─────────────────

 ✔ Creating ingest job 5.12s
 ⣯ Processing the job 7.03s
   ▸ Processed records: ◞
   ▸ Successful records: ◞
   ▸ Failed records: ◞

 Status: UploadComplete
 Job Id:
 750ct00000US9gdAAD (https://fortra--mergebuild.sandbox.my.salesforce.com/lightn
 ing/setup/AsyncApiJobStatus/page?address=%2F750ct00000US9gdAAD)
 Elapsed Time: 12.41s

[2K[1A[2K[1A[2K[1A[2K[1A[2K[1A[2K[1A[2K[1A[2K[1A[2K[1A[2K[1A[2K[1A[2K[1A[2K[1A[2K[1A[2K[1A[2K[G
 ───────────────── Importing data ─────────────────

 ✔ Creating ingest job 5.12s
 ⣯ Processing the job 7.06s
   ▸ Processed records: ◞
   ▸ Successful records: ◞
   ▸ Failed records: ◞

 Status: UploadComplete
 Job Id:
 750ct00000US9gdAAD (https://fortra--mergebuild.sandbox.my.salesforce.com/lightn
 ing/setup/AsyncApiJobStatus/page?address=%2F750ct00000US9gdAAD)
 Elapsed Time: 12.43s

[2K[1A[2K[1A[2K[1A[2K[1A[2K[1A[2K[1A[2K[1A[2K[1A[2K[1A[2K[1A[2K[1A[2K[1A[2K[1A[2K[1A[2K[1A[2K[G
 ───────────────── Importing data ─────────────────

 ✔ Creating ingest job 5.12s
 ⣯ Processing the job 7.09s
   ▸ Processed records: ◞
   ▸ Successful records: ◞
   ▸ Failed records: ◞

 Status: UploadComplete
 Job Id:
 750ct00000US9gdAAD (https://fortra--mergebuild.sandbox.my.salesforce.com/lightn
 ing/setup/AsyncApiJobStatus/page?address=%2F750ct00000US9gdAAD)
 Elapsed Time: 12.46s

[2K[1A[2K[1A[2K[1A[2K[1A[2K[1A[2K[1A[2K[1A[2K[1A[2K[1A[2K[1A[2K[1A[2K[1A[2K[1A[2K[1A[2K[1A[2K[G
 ───────────────── Importing data ─────────────────

 ✔ Creating ingest job 5.12s
 ⣷ Processing the job 7.12s
   ▸ Processed records: ◡
   ▸ Successful records: ◡
   ▸ Failed records: ◡

 Status: UploadComplete
 Job Id:
 750ct00000US9gdAAD (https://fortra--mergebuild.sandbox.my.salesforce.com/lightn
 ing/setup/AsyncApiJobStatus/page?address=%2F750ct00000US9gdAAD)
 Elapsed Time: 12.49s

[2K[1A[2K[1A[2K[1A[2K[1A[2K[1A[2K[1A[2K[1A[2K[1A[2K[1A[2K[1A[2K[1A[2K[1A[2K[1A[2K[1A[2K[1A[2K[G
 ───────────────── Importing data ─────────────────

 ✔ Creating ingest job 5.12s
 ⣷ Processing the job 7.15s
   ▸ Processed records: ◡
   ▸ Successful records: ◡
   ▸ Failed records: ◡

 Status: UploadComplete
 Job Id:
 750ct00000US9gdAAD (https://fortra--mergebuild.sandbox.my.salesforce.com/lightn
 ing/setup/AsyncApiJobStatus/page?address=%2F750ct00000US9gdAAD)
 Elapsed Time: 12.52s

[2K[1A[2K[1A[2K[1A[2K[1A[2K[1A[2K[1A[2K[1A[2K[1A[2K[1A[2K[1A[2K[1A[2K[1A[2K[1A[2K[1A[2K[1A[2K[G
 ───────────────── Importing data ─────────────────

 ✔ Creating ingest job 5.12s
 ⣾ Processing the job 7.18s
   ▸ Processed records: ◡
   ▸ Successful records: ◡
   ▸ Failed records: ◡

 Status: UploadComplete
 Job Id:
 750ct00000US9gdAAD (https://fortra--mergebuild.sandbox.my.salesforce.com/lightn
 ing/setup/AsyncApiJobStatus/page?address=%2F750ct00000US9gdAAD)
 Elapsed Time: 12.56s

[2K[1A[2K[1A[2K[1A[2K[1A[2K[1A[2K[1A[2K[1A[2K[1A[2K[1A[2K[1A[2K[1A[2K[1A[2K[1A[2K[1A[2K[1A[2K[G
 ───────────────── Importing data ─────────────────

 ✔ Creating ingest job 5.12s
 ⣾ Processing the job 7.21s
   ▸ Processed records: ◟
   ▸ Successful records: ◟
   ▸ Failed records: ◟

 Status: UploadComplete
 Job Id:
 750ct00000US9gdAAD (https://fortra--mergebuild.sandbox.my.salesforce.com/lightn
 ing/setup/AsyncApiJobStatus/page?address=%2F750ct00000US9gdAAD)
 Elapsed Time: 12.59s

[2K[1A[2K[1A[2K[1A[2K[1A[2K[1A[2K[1A[2K[1A[2K[1A[2K[1A[2K[1A[2K[1A[2K[1A[2K[1A[2K[1A[2K[1A[2K[G
 ───────────────── Importing data ─────────────────

 ✔ Creating ingest job 5.12s
 ⣾ Processing the job 7.24s
   ▸ Processed records: ◟
   ▸ Successful records: ◟
   ▸ Failed records: ◟

 Status: UploadComplete
 Job Id:
 750ct00000US9gdAAD (https://fortra--mergebuild.sandbox.my.salesforce.com/lightn
 ing/setup/AsyncApiJobStatus/page?address=%2F750ct00000US9gdAAD)
 Elapsed Time: 12.62s

[2K[1A[2K[1A[2K[1A[2K[1A[2K[1A[2K[1A[2K[1A[2K[1A[2K[1A[2K[1A[2K[1A[2K[1A[2K[1A[2K[1A[2K[1A[2K[G
 ───────────────── Importing data ─────────────────

 ✔ Creating ingest job 5.12s
 ⣽ Processing the job 7.26s
   ▸ Processed records: ◟
   ▸ Successful records: ◟
   ▸ Failed records: ◟

 Status: UploadComplete
 Job Id:
 750ct00000US9gdAAD (https://fortra--mergebuild.sandbox.my.salesforce.com/lightn
 ing/setup/AsyncApiJobStatus/page?address=%2F750ct00000US9gdAAD)
 Elapsed Time: 12.65s

[2K[1A[2K[1A[2K[1A[2K[1A[2K[1A[2K[1A[2K[1A[2K[1A[2K[1A[2K[1A[2K[1A[2K[1A[2K[1A[2K[1A[2K[1A[2K[G
 ───────────────── Importing data ─────────────────

 ✔ Creating ingest job 5.12s
 ⣽ Processing the job 7.29s
   ▸ Processed records: ◜
   ▸ Successful records: ◜
   ▸ Failed records: ◟

 Status: UploadComplete
 Job Id:
 750ct00000US9gdAAD (https://fortra--mergebuild.sandbox.my.salesforce.com/lightn
 ing/setup/AsyncApiJobStatus/page?address=%2F750ct00000US9gdAAD)
 Elapsed Time: 12.68s

[2K[1A[2K[1A[2K[1A[2K[1A[2K[1A[2K[1A[2K[1A[2K[1A[2K[1A[2K[1A[2K[1A[2K[1A[2K[1A[2K[1A[2K[1A[2K[G
 ───────────────── Importing data ─────────────────

 ✔ Creating ingest job 5.12s
 ⣻ Processing the job 7.33s
   ▸ Processed records: ◜
   ▸ Successful records: ◜
   ▸ Failed records: ◜

 Status: UploadComplete
 Job Id:
 750ct00000US9gdAAD (https://fortra--mergebuild.sandbox.my.salesforce.com/lightn
 ing/setup/AsyncApiJobStatus/page?address=%2F750ct00000US9gdAAD)
 Elapsed Time: 12.71s

[2K[1A[2K[1A[2K[1A[2K[1A[2K[1A[2K[1A[2K[1A[2K[1A[2K[1A[2K[1A[2K[1A[2K[1A[2K[1A[2K[1A[2K[1A[2K[G
 ───────────────── Importing data ─────────────────

 ✔ Creating ingest job 5.12s
 ⣻ Processing the job 7.36s
   ▸ Processed records: ◜
   ▸ Successful records: ◜
   ▸ Failed records: ◜

 Status: UploadComplete
 Job Id:
 750ct00000US9gdAAD (https://fortra--mergebuild.sandbox.my.salesforce.com/lightn
 ing/setup/AsyncApiJobStatus/page?address=%2F750ct00000US9gdAAD)
 Elapsed Time: 12.74s

[2K[1A[2K[1A[2K[1A[2K[1A[2K[1A[2K[1A[2K[1A[2K[1A[2K[1A[2K[1A[2K[1A[2K[1A[2K[1A[2K[1A[2K[1A[2K[G
 ───────────────── Importing data ─────────────────

 ✔ Creating ingest job 5.12s
 ⣻ Processing the job 7.38s
   ▸ Processed records: ◠
   ▸ Successful records: ◠
   ▸ Failed records: ◜

 Status: UploadComplete
 Job Id:
 750ct00000US9gdAAD (https://fortra--mergebuild.sandbox.my.salesforce.com/lightn
 ing/setup/AsyncApiJobStatus/page?address=%2F750ct00000US9gdAAD)
 Elapsed Time: 12.77s

[2K[1A[2K[1A[2K[1A[2K[1A[2K[1A[2K[1A[2K[1A[2K[1A[2K[1A[2K[1A[2K[1A[2K[1A[2K[1A[2K[1A[2K[1A[2K[G
 ───────────────── Importing data ─────────────────

 ✔ Creating ingest job 5.12s
 ⢿ Processing the job 7.41s
   ▸ Processed records: ◠
   ▸ Successful records: ◠
   ▸ Failed records: ◠

 Status: UploadComplete
 Job Id:
 750ct00000US9gdAAD (https://fortra--mergebuild.sandbox.my.salesforce.com/lightn
 ing/setup/AsyncApiJobStatus/page?address=%2F750ct00000US9gdAAD)
 Elapsed Time: 12.80s

[2K[1A[2K[1A[2K[1A[2K[1A[2K[1A[2K[1A[2K[1A[2K[1A[2K[1A[2K[1A[2K[1A[2K[1A[2K[1A[2K[1A[2K[1A[2K[G
 ───────────────── Importing data ─────────────────

 ✔ Creating ingest job 5.12s
 ⢿ Processing the job 7.44s
   ▸ Processed records: ◠
   ▸ Successful records: ◠
   ▸ Failed records: ◠

 Status: UploadComplete
 Job Id:
 750ct00000US9gdAAD (https://fortra--mergebuild.sandbox.my.salesforce.com/lightn
 ing/setup/AsyncApiJobStatus/page?address=%2F750ct00000US9gdAAD)
 Elapsed Time: 12.83s

[2K[1A[2K[1A[2K[1A[2K[1A[2K[1A[2K[1A[2K[1A[2K[1A[2K[1A[2K[1A[2K[1A[2K[1A[2K[1A[2K[1A[2K[1A[2K[G
 ───────────────── Importing data ─────────────────

 ✔ Creating ingest job 5.12s
 ⡿ Processing the job 7.47s
   ▸ Processed records: ◝
   ▸ Successful records: ◠
   ▸ Failed records: ◠

 Status: UploadComplete
 Job Id:
 750ct00000US9gdAAD (https://fortra--mergebuild.sandbox.my.salesforce.com/lightn
 ing/setup/AsyncApiJobStatus/page?address=%2F750ct00000US9gdAAD)
 Elapsed Time: 12.86s

[2K[1A[2K[1A[2K[1A[2K[1A[2K[1A[2K[1A[2K[1A[2K[1A[2K[1A[2K[1A[2K[1A[2K[1A[2K[1A[2K[1A[2K[1A[2K[G
 ───────────────── Importing data ─────────────────

 ✔ Creating ingest job 5.12s
 ⡿ Processing the job 7.50s
   ▸ Processed records: ◝
   ▸ Successful records: ◝
   ▸ Failed records: ◝

 Status: UploadComplete
 Job Id:
 750ct00000US9gdAAD (https://fortra--mergebuild.sandbox.my.salesforce.com/lightn
 ing/setup/AsyncApiJobStatus/page?address=%2F750ct00000US9gdAAD)
 Elapsed Time: 12.89s

[2K[1A[2K[1A[2K[1A[2K[1A[2K[1A[2K[1A[2K[1A[2K[1A[2K[1A[2K[1A[2K[1A[2K[1A[2K[1A[2K[1A[2K[1A[2K[G
 ───────────────── Importing data ─────────────────

 ✔ Creating ingest job 5.12s
 ⡿ Processing the job 7.53s
   ▸ Processed records: ◝
   ▸ Successful records: ◝
   ▸ Failed records: ◝

 Status: UploadComplete
 Job Id:
 750ct00000US9gdAAD (https://fortra--mergebuild.sandbox.my.salesforce.com/lightn
 ing/setup/AsyncApiJobStatus/page?address=%2F750ct00000US9gdAAD)
 Elapsed Time: 12.92s

[2K[1A[2K[1A[2K[1A[2K[1A[2K[1A[2K[1A[2K[1A[2K[1A[2K[1A[2K[1A[2K[1A[2K[1A[2K[1A[2K[1A[2K[1A[2K[G
 ───────────────── Importing data ─────────────────

 ✔ Creating ingest job 5.12s
 ⣟ Processing the job 7.56s
   ▸ Processed records: ◝
   ▸ Successful records: ◝
   ▸ Failed records: ◝

 Status: UploadComplete
 Job Id:
 750ct00000US9gdAAD (https://fortra--mergebuild.sandbox.my.salesforce.com/lightn
 ing/setup/AsyncApiJobStatus/page?address=%2F750ct00000US9gdAAD)
 Elapsed Time: 12.95s

[2K[1A[2K[1A[2K[1A[2K[1A[2K[1A[2K[1A[2K[1A[2K[1A[2K[1A[2K[1A[2K[1A[2K[1A[2K[1A[2K[1A[2K[1A[2K[G
 ───────────────── Importing data ─────────────────

 ✔ Creating ingest job 5.12s
 ⣟ Processing the job 7.59s
   ▸ Processed records: ◞
   ▸ Successful records: ◞
   ▸ Failed records: ◞

 Status: UploadComplete
 Job Id:
 750ct00000US9gdAAD (https://fortra--mergebuild.sandbox.my.salesforce.com/lightn
 ing/setup/AsyncApiJobStatus/page?address=%2F750ct00000US9gdAAD)
 Elapsed Time: 12.98s

[2K[1A[2K[1A[2K[1A[2K[1A[2K[1A[2K[1A[2K[1A[2K[1A[2K[1A[2K[1A[2K[1A[2K[1A[2K[1A[2K[1A[2K[1A[2K[G
 ───────────────── Importing data ─────────────────

 ✔ Creating ingest job 5.12s
 ⣯ Processing the job 7.63s
   ▸ Processed records: ◞
   ▸ Successful records: ◞
   ▸ Failed records: ◞

 Status: UploadComplete
 Job Id:
 750ct00000US9gdAAD (https://fortra--mergebuild.sandbox.my.salesforce.com/lightn
 ing/setup/AsyncApiJobStatus/page?address=%2F750ct00000US9gdAAD)
 Elapsed Time: 13.01s

[2K[1A[2K[1A[2K[1A[2K[1A[2K[1A[2K[1A[2K[1A[2K[1A[2K[1A[2K[1A[2K[1A[2K[1A[2K[1A[2K[1A[2K[1A[2K[G
 ───────────────── Importing data ─────────────────

 ✔ Creating ingest job 5.12s
 ⣯ Processing the job 7.65s
   ▸ Processed records: ◞
   ▸ Successful records: ◞
   ▸ Failed records: ◞

 Status: UploadComplete
 Job Id:
 750ct00000US9gdAAD (https://fortra--mergebuild.sandbox.my.salesforce.com/lightn
 ing/setup/AsyncApiJobStatus/page?address=%2F750ct00000US9gdAAD)
 Elapsed Time: 13.04s

[2K[1A[2K[1A[2K[1A[2K[1A[2K[1A[2K[1A[2K[1A[2K[1A[2K[1A[2K[1A[2K[1A[2K[1A[2K[1A[2K[1A[2K[1A[2K[G
 ───────────────── Importing data ─────────────────

 ✔ Creating ingest job 5.12s
 ⣯ Processing the job 7.68s
   ▸ Processed records: ◡
   ▸ Successful records: ◡
   ▸ Failed records: ◡

 Status: UploadComplete
 Job Id:
 750ct00000US9gdAAD (https://fortra--mergebuild.sandbox.my.salesforce.com/lightn
 ing/setup/AsyncApiJobStatus/page?address=%2F750ct00000US9gdAAD)
 Elapsed Time: 13.07s

[2K[1A[2K[1A[2K[1A[2K[1A[2K[1A[2K[1A[2K[1A[2K[1A[2K[1A[2K[1A[2K[1A[2K[1A[2K[1A[2K[1A[2K[1A[2K[G
 ───────────────── Importing data ─────────────────

 ✔ Creating ingest job 5.12s
 ⣷ Processing the job 7.71s
   ▸ Processed records: ◡
   ▸ Successful records: ◡
   ▸ Failed records: ◡

 Status: UploadComplete
 Job Id:
 750ct00000US9gdAAD (https://fortra--mergebuild.sandbox.my.salesforce.com/lightn
 ing/setup/AsyncApiJobStatus/page?address=%2F750ct00000US9gdAAD)
 Elapsed Time: 13.10s

[2K[1A[2K[1A[2K[1A[2K[1A[2K[1A[2K[1A[2K[1A[2K[1A[2K[1A[2K[1A[2K[1A[2K[1A[2K[1A[2K[1A[2K[1A[2K[G
 ───────────────── Importing data ─────────────────

 ✔ Creating ingest job 5.12s
 ⣷ Processing the job 7.74s
   ▸ Processed records: ◡
   ▸ Successful records: ◡
   ▸ Failed records: ◡

 Status: UploadComplete
 Job Id:
 750ct00000US9gdAAD (https://fortra--mergebuild.sandbox.my.salesforce.com/lightn
 ing/setup/AsyncApiJobStatus/page?address=%2F750ct00000US9gdAAD)
 Elapsed Time: 13.13s

[2K[1A[2K[1A[2K[1A[2K[1A[2K[1A[2K[1A[2K[1A[2K[1A[2K[1A[2K[1A[2K[1A[2K[1A[2K[1A[2K[1A[2K[1A[2K[G
 ───────────────── Importing data ─────────────────

 ✔ Creating ingest job 5.12s
 ⣾ Processing the job 7.77s
   ▸ Processed records: ◟
   ▸ Successful records: ◟
   ▸ Failed records: ◟

 Status: UploadComplete
 Job Id:
 750ct00000US9gdAAD (https://fortra--mergebuild.sandbox.my.salesforce.com/lightn
 ing/setup/AsyncApiJobStatus/page?address=%2F750ct00000US9gdAAD)
 Elapsed Time: 13.16s

[2K[1A[2K[1A[2K[1A[2K[1A[2K[1A[2K[1A[2K[1A[2K[1A[2K[1A[2K[1A[2K[1A[2K[1A[2K[1A[2K[1A[2K[1A[2K[G
 ───────────────── Importing data ─────────────────

 ✔ Creating ingest job 5.12s
 ⣾ Processing the job 7.80s
   ▸ Processed records: ◟
   ▸ Successful records: ◟
   ▸ Failed records: ◟

 Status: UploadComplete
 Job Id:
 750ct00000US9gdAAD (https://fortra--mergebuild.sandbox.my.salesforce.com/lightn
 ing/setup/AsyncApiJobStatus/page?address=%2F750ct00000US9gdAAD)
 Elapsed Time: 13.19s

[2K[1A[2K[1A[2K[1A[2K[1A[2K[1A[2K[1A[2K[1A[2K[1A[2K[1A[2K[1A[2K[1A[2K[1A[2K[1A[2K[1A[2K[1A[2K[G
 ───────────────── Importing data ─────────────────

 ✔ Creating ingest job 5.12s
 ⣾ Processing the job 7.83s
   ▸ Processed records: ◟
   ▸ Successful records: ◟
   ▸ Failed records: ◟

 Status: UploadComplete
 Job Id:
 750ct00000US9gdAAD (https://fortra--mergebuild.sandbox.my.salesforce.com/lightn
 ing/setup/AsyncApiJobStatus/page?address=%2F750ct00000US9gdAAD)
 Elapsed Time: 13.22s

[2K[1A[2K[1A[2K[1A[2K[1A[2K[1A[2K[1A[2K[1A[2K[1A[2K[1A[2K[1A[2K[1A[2K[1A[2K[1A[2K[1A[2K[1A[2K[G
 ───────────────── Importing data ─────────────────

 ✔ Creating ingest job 5.12s
 ⣽ Processing the job 7.85s
   ▸ Processed records: ◜
   ▸ Successful records: ◜
   ▸ Failed records: ◜

 Status: UploadComplete
 Job Id:
 750ct00000US9gdAAD (https://fortra--mergebuild.sandbox.my.salesforce.com/lightn
 ing/setup/AsyncApiJobStatus/page?address=%2F750ct00000US9gdAAD)
 Elapsed Time: 13.25s

[2K[1A[2K[1A[2K[1A[2K[1A[2K[1A[2K[1A[2K[1A[2K[1A[2K[1A[2K[1A[2K[1A[2K[1A[2K[1A[2K[1A[2K[1A[2K[G
 ───────────────── Importing data ─────────────────

 ✔ Creating ingest job 5.12s
 ⣽ Processing the job 7.88s
   ▸ Processed records: ◜
   ▸ Successful records: ◜
   ▸ Failed records: ◜

 Status: UploadComplete
 Job Id:
 750ct00000US9gdAAD (https://fortra--mergebuild.sandbox.my.salesforce.com/lightn
 ing/setup/AsyncApiJobStatus/page?address=%2F750ct00000US9gdAAD)
 Elapsed Time: 13.28s

[2K[1A[2K[1A[2K[1A[2K[1A[2K[1A[2K[1A[2K[1A[2K[1A[2K[1A[2K[1A[2K[1A[2K[1A[2K[1A[2K[1A[2K[1A[2K[G
 ───────────────── Importing data ─────────────────

 ✔ Creating ingest job 5.12s
 ⣻ Processing the job 7.91s
   ▸ Processed records: ◜
   ▸ Successful records: ◜
   ▸ Failed records: ◜

 Status: InProgress
 Job Id:
 750ct00000US9gdAAD (https://fortra--mergebuild.sandbox.my.salesforce.com/lightn
 ing/setup/AsyncApiJobStatus/page?address=%2F750ct00000US9gdAAD)
 Elapsed Time: 13.32s

[2K[1A[2K[1A[2K[1A[2K[1A[2K[1A[2K[1A[2K[1A[2K[1A[2K[1A[2K[1A[2K[1A[2K[1A[2K[1A[2K[1A[2K[1A[2K[G
 ───────────────── Importing data ─────────────────

 ✔ Creating ingest job 5.12s
 ⣻ Processing the job 7.94s
   ▸ Processed records: ◠
   ▸ Successful records: ◠
   ▸ Failed records: ◠

 Status: InProgress
 Job Id:
 750ct00000US9gdAAD (https://fortra--mergebuild.sandbox.my.salesforce.com/lightn
 ing/setup/AsyncApiJobStatus/page?address=%2F750ct00000US9gdAAD)
 Elapsed Time: 13.35s

[2K[1A[2K[1A[2K[1A[2K[1A[2K[1A[2K[1A[2K[1A[2K[1A[2K[1A[2K[1A[2K[1A[2K[1A[2K[1A[2K[1A[2K[1A[2K[G
 ───────────────── Importing data ─────────────────

 ✔ Creating ingest job 5.12s
 ⣻ Processing the job 7.98s
   ▸ Processed records: ◠
   ▸ Successful records: ◠
   ▸ Failed records: ◠

 Status: InProgress
 Job Id:
 750ct00000US9gdAAD (https://fortra--mergebuild.sandbox.my.salesforce.com/lightn
 ing/setup/AsyncApiJobStatus/page?address=%2F750ct00000US9gdAAD)
 Elapsed Time: 13.38s

[2K[1A[2K[1A[2K[1A[2K[1A[2K[1A[2K[1A[2K[1A[2K[1A[2K[1A[2K[1A[2K[1A[2K[1A[2K[1A[2K[1A[2K[1A[2K[G
 ───────────────── Importing data ─────────────────

 ✔ Creating ingest job 5.12s
 ⢿ Processing the job 8.01s
   ▸ Processed records: ◠
   ▸ Successful records: ◠
   ▸ Failed records: ◠

 Status: InProgress
 Job Id:
 750ct00000US9gdAAD (https://fortra--mergebuild.sandbox.my.salesforce.com/lightn
 ing/setup/AsyncApiJobStatus/page?address=%2F750ct00000US9gdAAD)
 Elapsed Time: 13.41s

[2K[1A[2K[1A[2K[1A[2K[1A[2K[1A[2K[1A[2K[1A[2K[1A[2K[1A[2K[1A[2K[1A[2K[1A[2K[1A[2K[1A[2K[1A[2K[G
 ───────────────── Importing data ─────────────────

 ✔ Creating ingest job 5.12s
 ⢿ Processing the job 8.03s
   ▸ Processed records: ◝
   ▸ Successful records: ◝
   ▸ Failed records: ◠

 Status: InProgress
 Job Id:
 750ct00000US9gdAAD (https://fortra--mergebuild.sandbox.my.salesforce.com/lightn
 ing/setup/AsyncApiJobStatus/page?address=%2F750ct00000US9gdAAD)
 Elapsed Time: 13.44s

[2K[1A[2K[1A[2K[1A[2K[1A[2K[1A[2K[1A[2K[1A[2K[1A[2K[1A[2K[1A[2K[1A[2K[1A[2K[1A[2K[1A[2K[1A[2K[G
 ───────────────── Importing data ─────────────────

 ✔ Creating ingest job 5.12s
 ⡿ Processing the job 8.06s
   ▸ Processed records: ◝
   ▸ Successful records: ◝
   ▸ Failed records: ◝

 Status: InProgress
 Job Id:
 750ct00000US9gdAAD (https://fortra--mergebuild.sandbox.my.salesforce.com/lightn
 ing/setup/AsyncApiJobStatus/page?address=%2F750ct00000US9gdAAD)
 Elapsed Time: 13.48s

[2K[1A[2K[1A[2K[1A[2K[1A[2K[1A[2K[1A[2K[1A[2K[1A[2K[1A[2K[1A[2K[1A[2K[1A[2K[1A[2K[1A[2K[1A[2K[G
 ───────────────── Importing data ─────────────────

 ✔ Creating ingest job 5.12s
 ⡿ Processing the job 8.09s
   ▸ Processed records: ◝
   ▸ Successful records: ◝
   ▸ Failed records: ◝

 Status: InProgress
 Job Id:
 750ct00000US9gdAAD (https://fortra--mergebuild.sandbox.my.salesforce.com/lightn
 ing/setup/AsyncApiJobStatus/page?address=%2F750ct00000US9gdAAD)
 Elapsed Time: 13.50s

[2K[1A[2K[1A[2K[1A[2K[1A[2K[1A[2K[1A[2K[1A[2K[1A[2K[1A[2K[1A[2K[1A[2K[1A[2K[1A[2K[1A[2K[1A[2K[G
 ───────────────── Importing data ─────────────────

 ✔ Creating ingest job 5.12s
 ⡿ Processing the job 8.12s
   ▸ Processed records: ◞
   ▸ Successful records: ◞
   ▸ Failed records: ◝

 Status: InProgress
 Job Id:
 750ct00000US9gdAAD (https://fortra--mergebuild.sandbox.my.salesforce.com/lightn
 ing/setup/AsyncApiJobStatus/page?address=%2F750ct00000US9gdAAD)
 Elapsed Time: 13.53s

[2K[1A[2K[1A[2K[1A[2K[1A[2K[1A[2K[1A[2K[1A[2K[1A[2K[1A[2K[1A[2K[1A[2K[1A[2K[1A[2K[1A[2K[1A[2K[G
 ───────────────── Importing data ─────────────────

 ✔ Creating ingest job 5.12s
 ⣟ Processing the job 8.16s
   ▸ Processed records: ◞
   ▸ Successful records: ◞
   ▸ Failed records: ◞

 Status: InProgress
 Job Id:
 750ct00000US9gdAAD (https://fortra--mergebuild.sandbox.my.salesforce.com/lightn
 ing/setup/AsyncApiJobStatus/page?address=%2F750ct00000US9gdAAD)
 Elapsed Time: 13.56s

[2K[1A[2K[1A[2K[1A[2K[1A[2K[1A[2K[1A[2K[1A[2K[1A[2K[1A[2K[1A[2K[1A[2K[1A[2K[1A[2K[1A[2K[1A[2K[G
 ───────────────── Importing data ─────────────────

 ✔ Creating ingest job 5.12s
 ⣟ Processing the job 8.19s
   ▸ Processed records: ◞
   ▸ Successful records: ◞
   ▸ Failed records: ◞

 Status: InProgress
 Job Id:
 750ct00000US9gdAAD (https://fortra--mergebuild.sandbox.my.salesforce.com/lightn
 ing/setup/AsyncApiJobStatus/page?address=%2F750ct00000US9gdAAD)
 Elapsed Time: 13.59s

[2K[1A[2K[1A[2K[1A[2K[1A[2K[1A[2K[1A[2K[1A[2K[1A[2K[1A[2K[1A[2K[1A[2K[1A[2K[1A[2K[1A[2K[1A[2K[G
 ───────────────── Importing data ─────────────────

 ✔ Creating ingest job 5.12s
 ⣯ Processing the job 8.22s
   ▸ Processed records: ◡
   ▸ Successful records: ◡
   ▸ Failed records: ◞

 Status: InProgress
 Job Id:
 750ct00000US9gdAAD (https://fortra--mergebuild.sandbox.my.salesforce.com/lightn
 ing/setup/AsyncApiJobStatus/page?address=%2F750ct00000US9gdAAD)
 Elapsed Time: 13.62s

[2K[1A[2K[1A[2K[1A[2K[1A[2K[1A[2K[1A[2K[1A[2K[1A[2K[1A[2K[1A[2K[1A[2K[1A[2K[1A[2K[1A[2K[1A[2K[G
 ───────────────── Importing data ─────────────────

 ✔ Creating ingest job 5.12s
 ⣯ Processing the job 8.25s
   ▸ Processed records: ◡
   ▸ Successful records: ◡
   ▸ Failed records: ◡

 Status: InProgress
 Job Id:
 750ct00000US9gdAAD (https://fortra--mergebuild.sandbox.my.salesforce.com/lightn
 ing/setup/AsyncApiJobStatus/page?address=%2F750ct00000US9gdAAD)
 Elapsed Time: 13.65s

[2K[1A[2K[1A[2K[1A[2K[1A[2K[1A[2K[1A[2K[1A[2K[1A[2K[1A[2K[1A[2K[1A[2K[1A[2K[1A[2K[1A[2K[1A[2K[G
 ───────────────── Importing data ─────────────────

 ✔ Creating ingest job 5.12s
 ⣯ Processing the job 8.28s
   ▸ Processed records: ◡
   ▸ Successful records: ◡
   ▸ Failed records: ◡

 Status: InProgress
 Job Id:
 750ct00000US9gdAAD (https://fortra--mergebuild.sandbox.my.salesforce.com/lightn
 ing/setup/AsyncApiJobStatus/page?address=%2F750ct00000US9gdAAD)
 Elapsed Time: 13.68s

[2K[1A[2K[1A[2K[1A[2K[1A[2K[1A[2K[1A[2K[1A[2K[1A[2K[1A[2K[1A[2K[1A[2K[1A[2K[1A[2K[1A[2K[1A[2K[G
 ───────────────── Importing data ─────────────────

 ✔ Creating ingest job 5.12s
 ⣷ Processing the job 8.31s
   ▸ Processed records: ◟
   ▸ Successful records: ◡
   ▸ Failed records: ◡

 Status: InProgress
 Job Id:
 750ct00000US9gdAAD (https://fortra--mergebuild.sandbox.my.salesforce.com/lightn
 ing/setup/AsyncApiJobStatus/page?address=%2F750ct00000US9gdAAD)
 Elapsed Time: 13.71s

[2K[1A[2K[1A[2K[1A[2K[1A[2K[1A[2K[1A[2K[1A[2K[1A[2K[1A[2K[1A[2K[1A[2K[1A[2K[1A[2K[1A[2K[1A[2K[G
 ───────────────── Importing data ─────────────────

 ✔ Creating ingest job 5.12s
 ⣷ Processing the job 8.34s
   ▸ Processed records: ◟
   ▸ Successful records: ◟
   ▸ Failed records: ◟

 Status: InProgress
 Job Id:
 750ct00000US9gdAAD (https://fortra--mergebuild.sandbox.my.salesforce.com/lightn
 ing/setup/AsyncApiJobStatus/page?address=%2F750ct00000US9gdAAD)
 Elapsed Time: 13.75s

[2K[1A[2K[1A[2K[1A[2K[1A[2K[1A[2K[1A[2K[1A[2K[1A[2K[1A[2K[1A[2K[1A[2K[1A[2K[1A[2K[1A[2K[1A[2K[G
 ───────────────── Importing data ─────────────────

 ✔ Creating ingest job 5.12s
 ⣾ Processing the job 8.37s
   ▸ Processed records: ◟
   ▸ Successful records: ◟
   ▸ Failed records: ◟

 Status: InProgress
 Job Id:
 750ct00000US9gdAAD (https://fortra--mergebuild.sandbox.my.salesforce.com/lightn
 ing/setup/AsyncApiJobStatus/page?address=%2F750ct00000US9gdAAD)
 Elapsed Time: 13.78s

[2K[1A[2K[1A[2K[1A[2K[1A[2K[1A[2K[1A[2K[1A[2K[1A[2K[1A[2K[1A[2K[1A[2K[1A[2K[1A[2K[1A[2K[1A[2K[G
 ───────────────── Importing data ─────────────────

 ✔ Creating ingest job 5.12s
 ⣾ Processing the job 8.40s
   ▸ Processed records: ◟
   ▸ Successful records: ◟
   ▸ Failed records: ◟

 Status: InProgress
 Job Id:
 750ct00000US9gdAAD (https://fortra--mergebuild.sandbox.my.salesforce.com/lightn
 ing/setup/AsyncApiJobStatus/page?address=%2F750ct00000US9gdAAD)
 Elapsed Time: 13.80s

[2K[1A[2K[1A[2K[1A[2K[1A[2K[1A[2K[1A[2K[1A[2K[1A[2K[1A[2K[1A[2K[1A[2K[1A[2K[1A[2K[1A[2K[1A[2K[G
 ───────────────── Importing data ─────────────────

 ✔ Creating ingest job 5.12s
 ⣾ Processing the job 8.43s
   ▸ Processed records: ◜
   ▸ Successful records: ◜
   ▸ Failed records: ◜

 Status: InProgress
 Job Id:
 750ct00000US9gdAAD (https://fortra--mergebuild.sandbox.my.salesforce.com/lightn
 ing/setup/AsyncApiJobStatus/page?address=%2F750ct00000US9gdAAD)
 Elapsed Time: 13.83s

[2K[1A[2K[1A[2K[1A[2K[1A[2K[1A[2K[1A[2K[1A[2K[1A[2K[1A[2K[1A[2K[1A[2K[1A[2K[1A[2K[1A[2K[1A[2K[G
 ───────────────── Importing data ─────────────────

 ✔ Creating ingest job 5.12s
 ⣽ Processing the job 8.46s
   ▸ Processed records: ◜
   ▸ Successful records: ◜
   ▸ Failed records: ◜

 Status: InProgress
 Job Id:
 750ct00000US9gdAAD (https://fortra--mergebuild.sandbox.my.salesforce.com/lightn
 ing/setup/AsyncApiJobStatus/page?address=%2F750ct00000US9gdAAD)
 Elapsed Time: 13.86s

[2K[1A[2K[1A[2K[1A[2K[1A[2K[1A[2K[1A[2K[1A[2K[1A[2K[1A[2K[1A[2K[1A[2K[1A[2K[1A[2K[1A[2K[1A[2K[G
 ───────────────── Importing data ─────────────────

 ✔ Creating ingest job 5.12s
 ⣽ Processing the job 8.49s
   ▸ Processed records: ◜
   ▸ Successful records: ◜
   ▸ Failed records: ◜

 Status: InProgress
 Job Id:
 750ct00000US9gdAAD (https://fortra--mergebuild.sandbox.my.salesforce.com/lightn
 ing/setup/AsyncApiJobStatus/page?address=%2F750ct00000US9gdAAD)
 Elapsed Time: 13.90s

[2K[1A[2K[1A[2K[1A[2K[1A[2K[1A[2K[1A[2K[1A[2K[1A[2K[1A[2K[1A[2K[1A[2K[1A[2K[1A[2K[1A[2K[1A[2K[G
 ───────────────── Importing data ─────────────────

 ✔ Creating ingest job 5.12s
 ⣻ Processing the job 8.52s
   ▸ Processed records: ◠
   ▸ Successful records: ◠
   ▸ Failed records: ◠

 Status: InProgress
 Job Id:
 750ct00000US9gdAAD (https://fortra--mergebuild.sandbox.my.salesforce.com/lightn
 ing/setup/AsyncApiJobStatus/page?address=%2F750ct00000US9gdAAD)
 Elapsed Time: 13.93s

[2K[1A[2K[1A[2K[1A[2K[1A[2K[1A[2K[1A[2K[1A[2K[1A[2K[1A[2K[1A[2K[1A[2K[1A[2K[1A[2K[1A[2K[1A[2K[G
 ───────────────── Importing data ─────────────────

 ✔ Creating ingest job 5.12s
 ⣻ Processing the job 8.55s
   ▸ Processed records: ◠
   ▸ Successful records: ◠
   ▸ Failed records: ◠

 Status: InProgress
 Job Id:
 750ct00000US9gdAAD (https://fortra--mergebuild.sandbox.my.salesforce.com/lightn
 ing/setup/AsyncApiJobStatus/page?address=%2F750ct00000US9gdAAD)
 Elapsed Time: 13.96s

[2K[1A[2K[1A[2K[1A[2K[1A[2K[1A[2K[1A[2K[1A[2K[1A[2K[1A[2K[1A[2K[1A[2K[1A[2K[1A[2K[1A[2K[1A[2K[G
 ───────────────── Importing data ─────────────────

 ✔ Creating ingest job 5.12s
 ⣻ Processing the job 8.58s
   ▸ Processed records: ◠
   ▸ Successful records: ◠
   ▸ Failed records: ◠

 Status: InProgress
 Job Id:
 750ct00000US9gdAAD (https://fortra--mergebuild.sandbox.my.salesforce.com/lightn
 ing/setup/AsyncApiJobStatus/page?address=%2F750ct00000US9gdAAD)
 Elapsed Time: 13.99s

[2K[1A[2K[1A[2K[1A[2K[1A[2K[1A[2K[1A[2K[1A[2K[1A[2K[1A[2K[1A[2K[1A[2K[1A[2K[1A[2K[1A[2K[1A[2K[G
 ───────────────── Importing data ─────────────────

 ✔ Creating ingest job 5.12s
 ⢿ Processing the job 8.61s
   ▸ Processed records: ◝
   ▸ Successful records: ◝
   ▸ Failed records: ◝

 Status: InProgress
 Job Id:
 750ct00000US9gdAAD (https://fortra--mergebuild.sandbox.my.salesforce.com/lightn
 ing/setup/AsyncApiJobStatus/page?address=%2F750ct00000US9gdAAD)
 Elapsed Time: 14.02s

[2K[1A[2K[1A[2K[1A[2K[1A[2K[1A[2K[1A[2K[1A[2K[1A[2K[1A[2K[1A[2K[1A[2K[1A[2K[1A[2K[1A[2K[1A[2K[G
 ───────────────── Importing data ─────────────────

 ✔ Creating ingest job 5.12s
 ⢿ Processing the job 8.65s
   ▸ Processed records: ◝
   ▸ Successful records: ◝
   ▸ Failed records: ◝

 Status: InProgress
 Job Id:
 750ct00000US9gdAAD (https://fortra--mergebuild.sandbox.my.salesforce.com/lightn
 ing/setup/AsyncApiJobStatus/page?address=%2F750ct00000US9gdAAD)
 Elapsed Time: 14.06s

[2K[1A[2K[1A[2K[1A[2K[1A[2K[1A[2K[1A[2K[1A[2K[1A[2K[1A[2K[1A[2K[1A[2K[1A[2K[1A[2K[1A[2K[1A[2K[G
 ───────────────── Importing data ─────────────────

 ✔ Creating ingest job 5.12s
 ⡿ Processing the job 8.67s
   ▸ Processed records: ◝
   ▸ Successful records: ◝
   ▸ Failed records: ◝

 Status: InProgress
 Job Id:
 750ct00000US9gdAAD (https://fortra--mergebuild.sandbox.my.salesforce.com/lightn
 ing/setup/AsyncApiJobStatus/page?address=%2F750ct00000US9gdAAD)
 Elapsed Time: 14.09s

[2K[1A[2K[1A[2K[1A[2K[1A[2K[1A[2K[1A[2K[1A[2K[1A[2K[1A[2K[1A[2K[1A[2K[1A[2K[1A[2K[1A[2K[1A[2K[G
 ───────────────── Importing data ─────────────────

 ✔ Creating ingest job 5.12s
 ⡿ Processing the job 8.70s
   ▸ Processed records: ◞
   ▸ Successful records: ◞
   ▸ Failed records: ◞

 Status: InProgress
 Job Id:
 750ct00000US9gdAAD (https://fortra--mergebuild.sandbox.my.salesforce.com/lightn
 ing/setup/AsyncApiJobStatus/page?address=%2F750ct00000US9gdAAD)
 Elapsed Time: 14.12s

[2K[1A[2K[1A[2K[1A[2K[1A[2K[1A[2K[1A[2K[1A[2K[1A[2K[1A[2K[1A[2K[1A[2K[1A[2K[1A[2K[1A[2K[1A[2K[G
 ───────────────── Importing data ─────────────────

 ✔ Creating ingest job 5.12s
 ⡿ Processing the job 8.73s
   ▸ Processed records: ◞
   ▸ Successful records: ◞
   ▸ Failed records: ◞

 Status: InProgress
 Job Id:
 750ct00000US9gdAAD (https://fortra--mergebuild.sandbox.my.salesforce.com/lightn
 ing/setup/AsyncApiJobStatus/page?address=%2F750ct00000US9gdAAD)
 Elapsed Time: 14.15s

[2K[1A[2K[1A[2K[1A[2K[1A[2K[1A[2K[1A[2K[1A[2K[1A[2K[1A[2K[1A[2K[1A[2K[1A[2K[1A[2K[1A[2K[1A[2K[G
 ───────────────── Importing data ─────────────────

 ✔ Creating ingest job 5.12s
 ⣟ Processing the job 8.76s
   ▸ Processed records: ◞
   ▸ Successful records: ◞
   ▸ Failed records: ◞

 Status: InProgress
 Job Id:
 750ct00000US9gdAAD (https://fortra--mergebuild.sandbox.my.salesforce.com/lightn
 ing/setup/AsyncApiJobStatus/page?address=%2F750ct00000US9gdAAD)
 Elapsed Time: 14.18s

[2K[1A[2K[1A[2K[1A[2K[1A[2K[1A[2K[1A[2K[1A[2K[1A[2K[1A[2K[1A[2K[1A[2K[1A[2K[1A[2K[1A[2K[1A[2K[G
 ───────────────── Importing data ─────────────────

 ✔ Creating ingest job 5.12s
 ⣟ Processing the job 8.79s
   ▸ Processed records: ◡
   ▸ Successful records: ◡
   ▸ Failed records: ◞

 Status: InProgress
 Job Id:
 750ct00000US9gdAAD (https://fortra--mergebuild.sandbox.my.salesforce.com/lightn
 ing/setup/AsyncApiJobStatus/page?address=%2F750ct00000US9gdAAD)
 Elapsed Time: 14.21s

[2K[1A[2K[1A[2K[1A[2K[1A[2K[1A[2K[1A[2K[1A[2K[1A[2K[1A[2K[1A[2K[1A[2K[1A[2K[1A[2K[1A[2K[1A[2K[G
 ───────────────── Importing data ─────────────────

 ✔ Creating ingest job 5.12s
 ⣯ Processing the job 8.82s
   ▸ Processed records: ◡
   ▸ Successful records: ◡
   ▸ Failed records: ◡

 Status: InProgress
 Job Id:
 750ct00000US9gdAAD (https://fortra--mergebuild.sandbox.my.salesforce.com/lightn
 ing/setup/AsyncApiJobStatus/page?address=%2F750ct00000US9gdAAD)
 Elapsed Time: 14.24s

[2K[1A[2K[1A[2K[1A[2K[1A[2K[1A[2K[1A[2K[1A[2K[1A[2K[1A[2K[1A[2K[1A[2K[1A[2K[1A[2K[1A[2K[1A[2K[G
 ───────────────── Importing data ─────────────────

 ✔ Creating ingest job 5.12s
 ⣯ Processing the job 8.85s
   ▸ Processed records: ◡
   ▸ Successful records: ◡
   ▸ Failed records: ◡

 Status: InProgress
 Job Id:
 750ct00000US9gdAAD (https://fortra--mergebuild.sandbox.my.salesforce.com/lightn
 ing/setup/AsyncApiJobStatus/page?address=%2F750ct00000US9gdAAD)
 Elapsed Time: 14.27s

[2K[1A[2K[1A[2K[1A[2K[1A[2K[1A[2K[1A[2K[1A[2K[1A[2K[1A[2K[1A[2K[1A[2K[1A[2K[1A[2K[1A[2K[1A[2K[G
 ───────────────── Importing data ─────────────────

 ✔ Creating ingest job 5.12s
 ⣯ Processing the job 8.87s
   ▸ Processed records: ◟
   ▸ Successful records: ◟
   ▸ Failed records: ◡

 Status: InProgress
 Job Id:
 750ct00000US9gdAAD (https://fortra--mergebuild.sandbox.my.salesforce.com/lightn
 ing/setup/AsyncApiJobStatus/page?address=%2F750ct00000US9gdAAD)
 Elapsed Time: 14.30s

[2K[1A[2K[1A[2K[1A[2K[1A[2K[1A[2K[1A[2K[1A[2K[1A[2K[1A[2K[1A[2K[1A[2K[1A[2K[1A[2K[1A[2K[1A[2K[G
 ───────────────── Importing data ─────────────────

 ✔ Creating ingest job 5.12s
 ⣷ Processing the job 8.90s
   ▸ Processed records: ◟
   ▸ Successful records: ◟
   ▸ Failed records: ◟

 Status: InProgress
 Job Id:
 750ct00000US9gdAAD (https://fortra--mergebuild.sandbox.my.salesforce.com/lightn
 ing/setup/AsyncApiJobStatus/page?address=%2F750ct00000US9gdAAD)
 Elapsed Time: 14.33s

[2K[1A[2K[1A[2K[1A[2K[1A[2K[1A[2K[1A[2K[1A[2K[1A[2K[1A[2K[1A[2K[1A[2K[1A[2K[1A[2K[1A[2K[1A[2K[G
 ───────────────── Importing data ─────────────────

 ✔ Creating ingest job 5.12s
 ⣷ Processing the job 8.93s
   ▸ Processed records: ◟
   ▸ Successful records: ◟
   ▸ Failed records: ◟

 Status: InProgress
 Job Id:
 750ct00000US9gdAAD (https://fortra--mergebuild.sandbox.my.salesforce.com/lightn
 ing/setup/AsyncApiJobStatus/page?address=%2F750ct00000US9gdAAD)
 Elapsed Time: 14.36s

[2K[1A[2K[1A[2K[1A[2K[1A[2K[1A[2K[1A[2K[1A[2K[1A[2K[1A[2K[1A[2K[1A[2K[1A[2K[1A[2K[1A[2K[1A[2K[G
 ───────────────── Importing data ─────────────────

 ✔ Creating ingest job 5.12s
 ⣾ Processing the job 8.97s
   ▸ Processed records: ◜
   ▸ Successful records: ◟
   ▸ Failed records: ◟

 Status: InProgress
 Job Id:
 750ct00000US9gdAAD (https://fortra--mergebuild.sandbox.my.salesforce.com/lightn
 ing/setup/AsyncApiJobStatus/page?address=%2F750ct00000US9gdAAD)
 Elapsed Time: 14.39s

[2K[1A[2K[1A[2K[1A[2K[1A[2K[1A[2K[1A[2K[1A[2K[1A[2K[1A[2K[1A[2K[1A[2K[1A[2K[1A[2K[1A[2K[1A[2K[G
 ───────────────── Importing data ─────────────────

 ✔ Creating ingest job 5.12s
 ⣾ Processing the job 8.99s
   ▸ Processed records: ◜
   ▸ Successful records: ◜
   ▸ Failed records: ◜

 Status: InProgress
 Job Id:
 750ct00000US9gdAAD (https://fortra--mergebuild.sandbox.my.salesforce.com/lightn
 ing/setup/AsyncApiJobStatus/page?address=%2F750ct00000US9gdAAD)
 Elapsed Time: 14.42s

[2K[1A[2K[1A[2K[1A[2K[1A[2K[1A[2K[1A[2K[1A[2K[1A[2K[1A[2K[1A[2K[1A[2K[1A[2K[1A[2K[1A[2K[1A[2K[G
 ───────────────── Importing data ─────────────────

 ✔ Creating ingest job 5.12s
 ⣾ Processing the job 9.02s
   ▸ Processed records: ◜
   ▸ Successful records: ◜
   ▸ Failed records: ◜

 Status: InProgress
 Job Id:
 750ct00000US9gdAAD (https://fortra--mergebuild.sandbox.my.salesforce.com/lightn
 ing/setup/AsyncApiJobStatus/page?address=%2F750ct00000US9gdAAD)
 Elapsed Time: 14.46s

[2K[1A[2K[1A[2K[1A[2K[1A[2K[1A[2K[1A[2K[1A[2K[1A[2K[1A[2K[1A[2K[1A[2K[1A[2K[1A[2K[1A[2K[1A[2K[G
 ───────────────── Importing data ─────────────────

 ✔ Creating ingest job 5.12s
 ⣽ Processing the job 9.05s
   ▸ Processed records: ◠
   ▸ Successful records: ◜
   ▸ Failed records: ◜

 Status: InProgress
 Job Id:
 750ct00000US9gdAAD (https://fortra--mergebuild.sandbox.my.salesforce.com/lightn
 ing/setup/AsyncApiJobStatus/page?address=%2F750ct00000US9gdAAD)
 Elapsed Time: 14.48s

[2K[1A[2K[1A[2K[1A[2K[1A[2K[1A[2K[1A[2K[1A[2K[1A[2K[1A[2K[1A[2K[1A[2K[1A[2K[1A[2K[1A[2K[1A[2K[G
 ───────────────── Importing data ─────────────────

 ✔ Creating ingest job 5.12s
 ⣽ Processing the job 9.08s
   ▸ Processed records: ◠
   ▸ Successful records: ◠
   ▸ Failed records: ◠

 Status: InProgress
 Job Id:
 750ct00000US9gdAAD (https://fortra--mergebuild.sandbox.my.salesforce.com/lightn
 ing/setup/AsyncApiJobStatus/page?address=%2F750ct00000US9gdAAD)
 Elapsed Time: 14.51s

[2K[1A[2K[1A[2K[1A[2K[1A[2K[1A[2K[1A[2K[1A[2K[1A[2K[1A[2K[1A[2K[1A[2K[1A[2K[1A[2K[1A[2K[1A[2K[G
 ───────────────── Importing data ─────────────────

 ✔ Creating ingest job 5.12s
 ⣻ Processing the job 9.12s
   ▸ Processed records: ◠
   ▸ Successful records: ◠
   ▸ Failed records: ◠

 Status: InProgress
 Job Id:
 750ct00000US9gdAAD (https://fortra--mergebuild.sandbox.my.salesforce.com/lightn
 ing/setup/AsyncApiJobStatus/page?address=%2F750ct00000US9gdAAD)
 Elapsed Time: 14.54s

[2K[1A[2K[1A[2K[1A[2K[1A[2K[1A[2K[1A[2K[1A[2K[1A[2K[1A[2K[1A[2K[1A[2K[1A[2K[1A[2K[1A[2K[1A[2K[G
 ───────────────── Importing data ─────────────────

 ✔ Creating ingest job 5.12s
 ⣻ Processing the job 9.15s
   ▸ Processed records: ◠
   ▸ Successful records: ◠
   ▸ Failed records: ◠

 Status: InProgress
 Job Id:
 750ct00000US9gdAAD (https://fortra--mergebuild.sandbox.my.salesforce.com/lightn
 ing/setup/AsyncApiJobStatus/page?address=%2F750ct00000US9gdAAD)
 Elapsed Time: 14.57s

[2K[1A[2K[1A[2K[1A[2K[1A[2K[1A[2K[1A[2K[1A[2K[1A[2K[1A[2K[1A[2K[1A[2K[1A[2K[1A[2K[1A[2K[1A[2K[G
 ───────────────── Importing data ─────────────────

 ✔ Creating ingest job 5.12s
 ⣻ Processing the job 9.18s
   ▸ Processed records: ◝
   ▸ Successful records: ◝
   ▸ Failed records: ◝

 Status: InProgress
 Job Id:
 750ct00000US9gdAAD (https://fortra--mergebuild.sandbox.my.salesforce.com/lightn
 ing/setup/AsyncApiJobStatus/page?address=%2F750ct00000US9gdAAD)
 Elapsed Time: 14.60s

[2K[1A[2K[1A[2K[1A[2K[1A[2K[1A[2K[1A[2K[1A[2K[1A[2K[1A[2K[1A[2K[1A[2K[1A[2K[1A[2K[1A[2K[1A[2K[G
 ───────────────── Importing data ─────────────────

 ✔ Creating ingest job 5.12s
 ⢿ Processing the job 9.21s
   ▸ Processed records: ◝
   ▸ Successful records: ◝
   ▸ Failed records: ◝

 Status: InProgress
 Job Id:
 750ct00000US9gdAAD (https://fortra--mergebuild.sandbox.my.salesforce.com/lightn
 ing/setup/AsyncApiJobStatus/page?address=%2F750ct00000US9gdAAD)
 Elapsed Time: 14.63s

[2K[1A[2K[1A[2K[1A[2K[1A[2K[1A[2K[1A[2K[1A[2K[1A[2K[1A[2K[1A[2K[1A[2K[1A[2K[1A[2K[1A[2K[1A[2K[G
 ───────────────── Importing data ─────────────────

 ✔ Creating ingest job 5.12s
 ⢿ Processing the job 9.23s
   ▸ Processed records: ◝
   ▸ Successful records: ◝
   ▸ Failed records: ◝

 Status: InProgress
 Job Id:
 750ct00000US9gdAAD (https://fortra--mergebuild.sandbox.my.salesforce.com/lightn
 ing/setup/AsyncApiJobStatus/page?address=%2F750ct00000US9gdAAD)
 Elapsed Time: 14.66s

[2K[1A[2K[1A[2K[1A[2K[1A[2K[1A[2K[1A[2K[1A[2K[1A[2K[1A[2K[1A[2K[1A[2K[1A[2K[1A[2K[1A[2K[1A[2K[G
 ───────────────── Importing data ─────────────────

 ✔ Creating ingest job 5.12s
 ⡿ Processing the job 9.27s
   ▸ Processed records: ◞
   ▸ Successful records: ◞
   ▸ Failed records: ◞

 Status: InProgress
 Job Id:
 750ct00000US9gdAAD (https://fortra--mergebuild.sandbox.my.salesforce.com/lightn
 ing/setup/AsyncApiJobStatus/page?address=%2F750ct00000US9gdAAD)
 Elapsed Time: 14.69s

[2K[1A[2K[1A[2K[1A[2K[1A[2K[1A[2K[1A[2K[1A[2K[1A[2K[1A[2K[1A[2K[1A[2K[1A[2K[1A[2K[1A[2K[1A[2K[G
 ───────────────── Importing data ─────────────────

 ✔ Creating ingest job 5.12s
 ⡿ Processing the job 9.29s
   ▸ Processed records: ◞
   ▸ Successful records: ◞
   ▸ Failed records: ◞

 Status: InProgress
 Job Id:
 750ct00000US9gdAAD (https://fortra--mergebuild.sandbox.my.salesforce.com/lightn
 ing/setup/AsyncApiJobStatus/page?address=%2F750ct00000US9gdAAD)
 Elapsed Time: 14.72s

[2K[1A[2K[1A[2K[1A[2K[1A[2K[1A[2K[1A[2K[1A[2K[1A[2K[1A[2K[1A[2K[1A[2K[1A[2K[1A[2K[1A[2K[1A[2K[G
 ───────────────── Importing data ─────────────────

 ✔ Creating ingest job 5.12s
 ⡿ Processing the job 9.32s
   ▸ Processed records: ◞
   ▸ Successful records: ◞
   ▸ Failed records: ◞

 Status: InProgress
 Job Id:
 750ct00000US9gdAAD (https://fortra--mergebuild.sandbox.my.salesforce.com/lightn
 ing/setup/AsyncApiJobStatus/page?address=%2F750ct00000US9gdAAD)
 Elapsed Time: 14.75s

[2K[1A[2K[1A[2K[1A[2K[1A[2K[1A[2K[1A[2K[1A[2K[1A[2K[1A[2K[1A[2K[1A[2K[1A[2K[1A[2K[1A[2K[1A[2K[G
 ───────────────── Importing data ─────────────────

 ✔ Creating ingest job 5.12s
 ⣟ Processing the job 9.35s
   ▸ Processed records: ◡
   ▸ Successful records: ◡
   ▸ Failed records: ◡

 Status: InProgress
 Job Id:
 750ct00000US9gdAAD (https://fortra--mergebuild.sandbox.my.salesforce.com/lightn
 ing/setup/AsyncApiJobStatus/page?address=%2F750ct00000US9gdAAD)
 Elapsed Time: 14.78s

[2K[1A[2K[1A[2K[1A[2K[1A[2K[1A[2K[1A[2K[1A[2K[1A[2K[1A[2K[1A[2K[1A[2K[1A[2K[1A[2K[1A[2K[1A[2K[G
 ───────────────── Importing data ─────────────────

 ✔ Creating ingest job 5.12s
 ⣟ Processing the job 9.38s
   ▸ Processed records: ◡
   ▸ Successful records: ◡
   ▸ Failed records: ◡

 Status: InProgress
 Job Id:
 750ct00000US9gdAAD (https://fortra--mergebuild.sandbox.my.salesforce.com/lightn
 ing/setup/AsyncApiJobStatus/page?address=%2F750ct00000US9gdAAD)
 Elapsed Time: 14.81s

[2K[1A[2K[1A[2K[1A[2K[1A[2K[1A[2K[1A[2K[1A[2K[1A[2K[1A[2K[1A[2K[1A[2K[1A[2K[1A[2K[1A[2K[1A[2K[G
 ───────────────── Importing data ─────────────────

 ✔ Creating ingest job 5.12s
 ⣯ Processing the job 9.41s
   ▸ Processed records: ◡
   ▸ Successful records: ◡
   ▸ Failed records: ◡

 Status: InProgress
 Job Id:
 750ct00000US9gdAAD (https://fortra--mergebuild.sandbox.my.salesforce.com/lightn
 ing/setup/AsyncApiJobStatus/page?address=%2F750ct00000US9gdAAD)
 Elapsed Time: 14.84s

[2K[1A[2K[1A[2K[1A[2K[1A[2K[1A[2K[1A[2K[1A[2K[1A[2K[1A[2K[1A[2K[1A[2K[1A[2K[1A[2K[1A[2K[1A[2K[G
 ───────────────── Importing data ─────────────────

 ✔ Creating ingest job 5.12s
 ⣯ Processing the job 9.44s
   ▸ Processed records: ◟
   ▸ Successful records: ◟
   ▸ Failed records: ◟

 Status: InProgress
 Job Id:
 750ct00000US9gdAAD (https://fortra--mergebuild.sandbox.my.salesforce.com/lightn
 ing/setup/AsyncApiJobStatus/page?address=%2F750ct00000US9gdAAD)
 Elapsed Time: 14.87s

[2K[1A[2K[1A[2K[1A[2K[1A[2K[1A[2K[1A[2K[1A[2K[1A[2K[1A[2K[1A[2K[1A[2K[1A[2K[1A[2K[1A[2K[1A[2K[G
 ───────────────── Importing data ─────────────────

 ✔ Creating ingest job 5.12s
 ⣯ Processing the job 9.47s
   ▸ Processed records: ◟
   ▸ Successful records: ◟
   ▸ Failed records: ◟

 Status: InProgress
 Job Id:
 750ct00000US9gdAAD (https://fortra--mergebuild.sandbox.my.salesforce.com/lightn
 ing/setup/AsyncApiJobStatus/page?address=%2F750ct00000US9gdAAD)
 Elapsed Time: 14.90s

[2K[1A[2K[1A[2K[1A[2K[1A[2K[1A[2K[1A[2K[1A[2K[1A[2K[1A[2K[1A[2K[1A[2K[1A[2K[1A[2K[1A[2K[1A[2K[G
 ───────────────── Importing data ─────────────────

 ✔ Creating ingest job 5.12s
 ⣷ Processing the job 9.50s
   ▸ Processed records: ◟
   ▸ Successful records: ◟
   ▸ Failed records: ◟

 Status: InProgress
 Job Id:
 750ct00000US9gdAAD (https://fortra--mergebuild.sandbox.my.salesforce.com/lightn
 ing/setup/AsyncApiJobStatus/page?address=%2F750ct00000US9gdAAD)
 Elapsed Time: 14.93s

[2K[1A[2K[1A[2K[1A[2K[1A[2K[1A[2K[1A[2K[1A[2K[1A[2K[1A[2K[1A[2K[1A[2K[1A[2K[1A[2K[1A[2K[1A[2K[G
 ───────────────── Importing data ─────────────────

 ✔ Creating ingest job 5.12s
 ⣷ Processing the job 9.53s
   ▸ Processed records: ◜
   ▸ Successful records: ◜
   ▸ Failed records: ◟

 Status: InProgress
 Job Id:
 750ct00000US9gdAAD (https://fortra--mergebuild.sandbox.my.salesforce.com/lightn
 ing/setup/AsyncApiJobStatus/page?address=%2F750ct00000US9gdAAD)
 Elapsed Time: 14.97s

[2K[1A[2K[1A[2K[1A[2K[1A[2K[1A[2K[1A[2K[1A[2K[1A[2K[1A[2K[1A[2K[1A[2K[1A[2K[1A[2K[1A[2K[1A[2K[G
 ───────────────── Importing data ─────────────────

 ✔ Creating ingest job 5.12s
 ⣾ Processing the job 9.57s
   ▸ Processed records: ◜
   ▸ Successful records: ◜
   ▸ Failed records: ◜

 Status: InProgress
 Job Id:
 750ct00000US9gdAAD (https://fortra--mergebuild.sandbox.my.salesforce.com/lightn
 ing/setup/AsyncApiJobStatus/page?address=%2F750ct00000US9gdAAD)
 Elapsed Time: 15.00s

[2K[1A[2K[1A[2K[1A[2K[1A[2K[1A[2K[1A[2K[1A[2K[1A[2K[1A[2K[1A[2K[1A[2K[1A[2K[1A[2K[1A[2K[1A[2K[G
 ───────────────── Importing data ─────────────────

 ✔ Creating ingest job 5.12s
 ⣾ Processing the job 9.59s
   ▸ Processed records: ◜
   ▸ Successful records: ◜
   ▸ Failed records: ◜

 Status: InProgress
 Job Id:
 750ct00000US9gdAAD (https://fortra--mergebuild.sandbox.my.salesforce.com/lightn
 ing/setup/AsyncApiJobStatus/page?address=%2F750ct00000US9gdAAD)
 Elapsed Time: 15.03s

[2K[1A[2K[1A[2K[1A[2K[1A[2K[1A[2K[1A[2K[1A[2K[1A[2K[1A[2K[1A[2K[1A[2K[1A[2K[1A[2K[1A[2K[1A[2K[G
 ───────────────── Importing data ─────────────────

 ✔ Creating ingest job 5.12s
 ⣾ Processing the job 9.63s
   ▸ Processed records: ◠
   ▸ Successful records: ◠
   ▸ Failed records: ◜

 Status: InProgress
 Job Id:
 750ct00000US9gdAAD (https://fortra--mergebuild.sandbox.my.salesforce.com/lightn
 ing/setup/AsyncApiJobStatus/page?address=%2F750ct00000US9gdAAD)
 Elapsed Time: 15.06s

[2K[1A[2K[1A[2K[1A[2K[1A[2K[1A[2K[1A[2K[1A[2K[1A[2K[1A[2K[1A[2K[1A[2K[1A[2K[1A[2K[1A[2K[1A[2K[G
 ───────────────── Importing data ─────────────────

 ✔ Creating ingest job 5.12s
 ⣽ Processing the job 9.66s
   ▸ Processed records: ◠
   ▸ Successful records: ◠
   ▸ Failed records: ◠

 Status: InProgress
 Job Id:
 750ct00000US9gdAAD (https://fortra--mergebuild.sandbox.my.salesforce.com/lightn
 ing/setup/AsyncApiJobStatus/page?address=%2F750ct00000US9gdAAD)
 Elapsed Time: 15.09s

[2K[1A[2K[1A[2K[1A[2K[1A[2K[1A[2K[1A[2K[1A[2K[1A[2K[1A[2K[1A[2K[1A[2K[1A[2K[1A[2K[1A[2K[1A[2K[G
 ───────────────── Importing data ─────────────────

 ✔ Creating ingest job 5.12s
 ⣽ Processing the job 9.69s
   ▸ Processed records: ◠
   ▸ Successful records: ◠
   ▸ Failed records: ◠

 Status: InProgress
 Job Id:
 750ct00000US9gdAAD (https://fortra--mergebuild.sandbox.my.salesforce.com/lightn
 ing/setup/AsyncApiJobStatus/page?address=%2F750ct00000US9gdAAD)
 Elapsed Time: 15.12s

[2K[1A[2K[1A[2K[1A[2K[1A[2K[1A[2K[1A[2K[1A[2K[1A[2K[1A[2K[1A[2K[1A[2K[1A[2K[1A[2K[1A[2K[1A[2K[G
 ───────────────── Importing data ─────────────────

 ✔ Creating ingest job 5.12s
 ⣻ Processing the job 9.72s
   ▸ Processed records: ◝
   ▸ Successful records: ◝
   ▸ Failed records: ◠

 Status: InProgress
 Job Id:
 750ct00000US9gdAAD (https://fortra--mergebuild.sandbox.my.salesforce.com/lightn
 ing/setup/AsyncApiJobStatus/page?address=%2F750ct00000US9gdAAD)
 Elapsed Time: 15.15s

[2K[1A[2K[1A[2K[1A[2K[1A[2K[1A[2K[1A[2K[1A[2K[1A[2K[1A[2K[1A[2K[1A[2K[1A[2K[1A[2K[1A[2K[1A[2K[G
 ───────────────── Importing data ─────────────────

 ✔ Creating ingest job 5.12s
 ⣻ Processing the job 9.75s
   ▸ Processed records: ◝
   ▸ Successful records: ◝
   ▸ Failed records: ◝

 Status: InProgress
 Job Id:
 750ct00000US9gdAAD (https://fortra--mergebuild.sandbox.my.salesforce.com/lightn
 ing/setup/AsyncApiJobStatus/page?address=%2F750ct00000US9gdAAD)
 Elapsed Time: 15.19s

[2K[1A[2K[1A[2K[1A[2K[1A[2K[1A[2K[1A[2K[1A[2K[1A[2K[1A[2K[1A[2K[1A[2K[1A[2K[1A[2K[1A[2K[1A[2K[G
 ───────────────── Importing data ─────────────────

 ✔ Creating ingest job 5.12s
 ⣻ Processing the job 9.78s
   ▸ Processed records: ◝
   ▸ Successful records: ◝
   ▸ Failed records: ◝

 Status: InProgress
 Job Id:
 750ct00000US9gdAAD (https://fortra--mergebuild.sandbox.my.salesforce.com/lightn
 ing/setup/AsyncApiJobStatus/page?address=%2F750ct00000US9gdAAD)
 Elapsed Time: 15.22s

[2K[1A[2K[1A[2K[1A[2K[1A[2K[1A[2K[1A[2K[1A[2K[1A[2K[1A[2K[1A[2K[1A[2K[1A[2K[1A[2K[1A[2K[1A[2K[G
 ───────────────── Importing data ─────────────────

 ✔ Creating ingest job 5.12s
 ⢿ Processing the job 9.81s
   ▸ Processed records: ◞
   ▸ Successful records: ◝
   ▸ Failed records: ◝

 Status: InProgress
 Job Id:
 750ct00000US9gdAAD (https://fortra--mergebuild.sandbox.my.salesforce.com/lightn
 ing/setup/AsyncApiJobStatus/page?address=%2F750ct00000US9gdAAD)
 Elapsed Time: 15.25s

[2K[1A[2K[1A[2K[1A[2K[1A[2K[1A[2K[1A[2K[1A[2K[1A[2K[1A[2K[1A[2K[1A[2K[1A[2K[1A[2K[1A[2K[1A[2K[G
 ───────────────── Importing data ─────────────────

 ✔ Creating ingest job 5.12s
 ⢿ Processing the job 9.84s
   ▸ Processed records: ◞
   ▸ Successful records: ◞
   ▸ Failed records: ◞

 Status: InProgress
 Job Id:
 750ct00000US9gdAAD (https://fortra--mergebuild.sandbox.my.salesforce.com/lightn
 ing/setup/AsyncApiJobStatus/page?address=%2F750ct00000US9gdAAD)
 Elapsed Time: 15.28s

[2K[1A[2K[1A[2K[1A[2K[1A[2K[1A[2K[1A[2K[1A[2K[1A[2K[1A[2K[1A[2K[1A[2K[1A[2K[1A[2K[1A[2K[1A[2K[G
 ───────────────── Importing data ─────────────────

 ✔ Creating ingest job 5.12s
 ⡿ Processing the job 9.87s
   ▸ Processed records: ◞
   ▸ Successful records: ◞
   ▸ Failed records: ◞

 Status: InProgress
 Job Id:
 750ct00000US9gdAAD (https://fortra--mergebuild.sandbox.my.salesforce.com/lightn
 ing/setup/AsyncApiJobStatus/page?address=%2F750ct00000US9gdAAD)
 Elapsed Time: 15.31s

[2K[1A[2K[1A[2K[1A[2K[1A[2K[1A[2K[1A[2K[1A[2K[1A[2K[1A[2K[1A[2K[1A[2K[1A[2K[1A[2K[1A[2K[1A[2K[G
 ───────────────── Importing data ─────────────────

 ✔ Creating ingest job 5.12s
 ⡿ Processing the job 9.90s
   ▸ Processed records: ◡
   ▸ Successful records: ◞
   ▸ Failed records: ◞

 Status: InProgress
 Job Id:
 750ct00000US9gdAAD (https://fortra--mergebuild.sandbox.my.salesforce.com/lightn
 ing/setup/AsyncApiJobStatus/page?address=%2F750ct00000US9gdAAD)
 Elapsed Time: 15.34s

[2K[1A[2K[1A[2K[1A[2K[1A[2K[1A[2K[1A[2K[1A[2K[1A[2K[1A[2K[1A[2K[1A[2K[1A[2K[1A[2K[1A[2K[1A[2K[G
 ───────────────── Importing data ─────────────────

 ✔ Creating ingest job 5.12s
 ⡿ Processing the job 9.93s
   ▸ Processed records: ◡
   ▸ Successful records: ◡
   ▸ Failed records: ◡

 Status: InProgress
 Job Id:
 750ct00000US9gdAAD (https://fortra--mergebuild.sandbox.my.salesforce.com/lightn
 ing/setup/AsyncApiJobStatus/page?address=%2F750ct00000US9gdAAD)
 Elapsed Time: 15.38s

[2K[1A[2K[1A[2K[1A[2K[1A[2K[1A[2K[1A[2K[1A[2K[1A[2K[1A[2K[1A[2K[1A[2K[1A[2K[1A[2K[1A[2K[1A[2K[G
 ───────────────── Importing data ─────────────────

 ✔ Creating ingest job 5.12s
 ⣟ Processing the job 9.97s
   ▸ Processed records: ◡
   ▸ Successful records: ◡
   ▸ Failed records: ◡

 Status: InProgress
 Job Id:
 750ct00000US9gdAAD (https://fortra--mergebuild.sandbox.my.salesforce.com/lightn
 ing/setup/AsyncApiJobStatus/page?address=%2F750ct00000US9gdAAD)
 Elapsed Time: 15.41s

[2K[1A[2K[1A[2K[1A[2K[1A[2K[1A[2K[1A[2K[1A[2K[1A[2K[1A[2K[1A[2K[1A[2K[1A[2K[1A[2K[1A[2K[1A[2K[G
 ───────────────── Importing data ─────────────────

 ✔ Creating ingest job 5.12s
 ⣟ Processing the job 10.00s
   ▸ Processed records: ◡
   ▸ Successful records: ◡
   ▸ Failed records: ◡

 Status: InProgress
 Job Id:
 750ct00000US9gdAAD (https://fortra--mergebuild.sandbox.my.salesforce.com/lightn
 ing/setup/AsyncApiJobStatus/page?address=%2F750ct00000US9gdAAD)
 Elapsed Time: 15.44s

[2K[1A[2K[1A[2K[1A[2K[1A[2K[1A[2K[1A[2K[1A[2K[1A[2K[1A[2K[1A[2K[1A[2K[1A[2K[1A[2K[1A[2K[1A[2K[G
 ───────────────── Importing data ─────────────────

 ✔ Creating ingest job 5.12s
 ⣯ Processing the job 10.03s
   ▸ Processed records: ◟
   ▸ Successful records: ◟
   ▸ Failed records: ◟

 Status: InProgress
 Job Id:
 750ct00000US9gdAAD (https://fortra--mergebuild.sandbox.my.salesforce.com/lightn
 ing/setup/AsyncApiJobStatus/page?address=%2F750ct00000US9gdAAD)
 Elapsed Time: 15.47s

[2K[1A[2K[1A[2K[1A[2K[1A[2K[1A[2K[1A[2K[1A[2K[1A[2K[1A[2K[1A[2K[1A[2K[1A[2K[1A[2K[1A[2K[1A[2K[G
 ───────────────── Importing data ─────────────────

 ✔ Creating ingest job 5.12s
 ⣯ Processing the job 10.06s
   ▸ Processed records: ◟
   ▸ Successful records: ◟
   ▸ Failed records: ◟

 Status: InProgress
 Job Id:
 750ct00000US9gdAAD (https://fortra--mergebuild.sandbox.my.salesforce.com/lightn
 ing/setup/AsyncApiJobStatus/page?address=%2F750ct00000US9gdAAD)
 Elapsed Time: 15.50s

[2K[1A[2K[1A[2K[1A[2K[1A[2K[1A[2K[1A[2K[1A[2K[1A[2K[1A[2K[1A[2K[1A[2K[1A[2K[1A[2K[1A[2K[1A[2K[G
 ───────────────── Importing data ─────────────────

 ✔ Creating ingest job 5.12s
 ⣯ Processing the job 10.09s
   ▸ Processed records: ◟
   ▸ Successful records: ◟
   ▸ Failed records: ◟

 Status: InProgress
 Job Id:
 750ct00000US9gdAAD (https://fortra--mergebuild.sandbox.my.salesforce.com/lightn
 ing/setup/AsyncApiJobStatus/page?address=%2F750ct00000US9gdAAD)
 Elapsed Time: 15.53s

[2K[1A[2K[1A[2K[1A[2K[1A[2K[1A[2K[1A[2K[1A[2K[1A[2K[1A[2K[1A[2K[1A[2K[1A[2K[1A[2K[1A[2K[1A[2K[G
 ───────────────── Importing data ─────────────────

 ✔ Creating ingest job 5.12s
 ⣷ Processing the job 10.12s
   ▸ Processed records: ◜
   ▸ Successful records: ◜
   ▸ Failed records: ◜

 Status: InProgress
 Job Id:
 750ct00000US9gdAAD (https://fortra--mergebuild.sandbox.my.salesforce.com/lightn
 ing/setup/AsyncApiJobStatus/page?address=%2F750ct00000US9gdAAD)
 Elapsed Time: 15.56s

[2K[1A[2K[1A[2K[1A[2K[1A[2K[1A[2K[1A[2K[1A[2K[1A[2K[1A[2K[1A[2K[1A[2K[1A[2K[1A[2K[1A[2K[1A[2K[G
 ───────────────── Importing data ─────────────────

 ✔ Creating ingest job 5.12s
 ⣷ Processing the job 10.15s
   ▸ Processed records: ◜
   ▸ Successful records: ◜
   ▸ Failed records: ◜

 Status: InProgress
 Job Id:
 750ct00000US9gdAAD (https://fortra--mergebuild.sandbox.my.salesforce.com/lightn
 ing/setup/AsyncApiJobStatus/page?address=%2F750ct00000US9gdAAD)
 Elapsed Time: 15.59s

[2K[1A[2K[1A[2K[1A[2K[1A[2K[1A[2K[1A[2K[1A[2K[1A[2K[1A[2K[1A[2K[1A[2K[1A[2K[1A[2K[1A[2K[1A[2K[G
 ───────────────── Importing data ─────────────────

 ✔ Creating ingest job 5.12s
 ⣾ Processing the job 10.18s
   ▸ Processed records: ◜
   ▸ Successful records: ◜
   ▸ Failed records: ◜

 Status: InProgress
 Job Id:
 750ct00000US9gdAAD (https://fortra--mergebuild.sandbox.my.salesforce.com/lightn
 ing/setup/AsyncApiJobStatus/page?address=%2F750ct00000US9gdAAD)
 Elapsed Time: 15.62s

[2K[1A[2K[1A[2K[1A[2K[1A[2K[1A[2K[1A[2K[1A[2K[1A[2K[1A[2K[1A[2K[1A[2K[1A[2K[1A[2K[1A[2K[1A[2K[G
 ───────────────── Importing data ─────────────────

 ✔ Creating ingest job 5.12s
 ⣾ Processing the job 10.21s
   ▸ Processed records: ◠
   ▸ Successful records: ◠
   ▸ Failed records: ◠

 Status: InProgress
 Job Id:
 750ct00000US9gdAAD (https://fortra--mergebuild.sandbox.my.salesforce.com/lightn
 ing/setup/AsyncApiJobStatus/page?address=%2F750ct00000US9gdAAD)
 Elapsed Time: 15.65s

[2K[1A[2K[1A[2K[1A[2K[1A[2K[1A[2K[1A[2K[1A[2K[1A[2K[1A[2K[1A[2K[1A[2K[1A[2K[1A[2K[1A[2K[1A[2K[G
 ───────────────── Importing data ─────────────────

 ✔ Creating ingest job 5.12s
 ⣾ Processing the job 10.24s
   ▸ Processed records: ◠
   ▸ Successful records: ◠
   ▸ Failed records: ◠

 Status: InProgress
 Job Id:
 750ct00000US9gdAAD (https://fortra--mergebuild.sandbox.my.salesforce.com/lightn
 ing/setup/AsyncApiJobStatus/page?address=%2F750ct00000US9gdAAD)
 Elapsed Time: 15.68s

[2K[1A[2K[1A[2K[1A[2K[1A[2K[1A[2K[1A[2K[1A[2K[1A[2K[1A[2K[1A[2K[1A[2K[1A[2K[1A[2K[1A[2K[1A[2K[G
 ───────────────── Importing data ─────────────────

 ✔ Creating ingest job 5.12s
 ⣽ Processing the job 10.27s
   ▸ Processed records: ◠
   ▸ Successful records: ◠
   ▸ Failed records: ◠

 Status: InProgress
 Job Id:
 750ct00000US9gdAAD (https://fortra--mergebuild.sandbox.my.salesforce.com/lightn
 ing/setup/AsyncApiJobStatus/page?address=%2F750ct00000US9gdAAD)
 Elapsed Time: 15.71s

[2K[1A[2K[1A[2K[1A[2K[1A[2K[1A[2K[1A[2K[1A[2K[1A[2K[1A[2K[1A[2K[1A[2K[1A[2K[1A[2K[1A[2K[1A[2K[G
 ───────────────── Importing data ─────────────────

 ✔ Creating ingest job 5.12s
 ⣽ Processing the job 10.30s
   ▸ Processed records: ◝
   ▸ Successful records: ◝
   ▸ Failed records: ◝

 Status: InProgress
 Job Id:
 750ct00000US9gdAAD (https://fortra--mergebuild.sandbox.my.salesforce.com/lightn
 ing/setup/AsyncApiJobStatus/page?address=%2F750ct00000US9gdAAD)
 Elapsed Time: 15.74s

[2K[1A[2K[1A[2K[1A[2K[1A[2K[1A[2K[1A[2K[1A[2K[1A[2K[1A[2K[1A[2K[1A[2K[1A[2K[1A[2K[1A[2K[1A[2K[G
 ───────────────── Importing data ─────────────────

 ✔ Creating ingest job 5.12s
 ⣻ Processing the job 10.33s
   ▸ Processed records: ◝
   ▸ Successful records: ◝
   ▸ Failed records: ◝

 Status: InProgress
 Job Id:
 750ct00000US9gdAAD (https://fortra--mergebuild.sandbox.my.salesforce.com/lightn
 ing/setup/AsyncApiJobStatus/page?address=%2F750ct00000US9gdAAD)
 Elapsed Time: 15.77s

[2K[1A[2K[1A[2K[1A[2K[1A[2K[1A[2K[1A[2K[1A[2K[1A[2K[1A[2K[1A[2K[1A[2K[1A[2K[1A[2K[1A[2K[1A[2K[G
 ───────────────── Importing data ─────────────────

 ✔ Creating ingest job 5.12s
 ⣻ Processing the job 10.36s
   ▸ Processed records: ◝
   ▸ Successful records: ◝
   ▸ Failed records: ◝

 Status: InProgress
 Job Id:
 750ct00000US9gdAAD (https://fortra--mergebuild.sandbox.my.salesforce.com/lightn
 ing/setup/AsyncApiJobStatus/page?address=%2F750ct00000US9gdAAD)
 Elapsed Time: 15.80s

[2K[1A[2K[1A[2K[1A[2K[1A[2K[1A[2K[1A[2K[1A[2K[1A[2K[1A[2K[1A[2K[1A[2K[1A[2K[1A[2K[1A[2K[1A[2K[G
 ───────────────── Importing data ─────────────────

 ✔ Creating ingest job 5.12s
 ⣻ Processing the job 10.39s
   ▸ Processed records: ◞
   ▸ Successful records: ◞
   ▸ Failed records: ◝

 Status: InProgress
 Job Id:
 750ct00000US9gdAAD (https://fortra--mergebuild.sandbox.my.salesforce.com/lightn
 ing/setup/AsyncApiJobStatus/page?address=%2F750ct00000US9gdAAD)
 Elapsed Time: 15.83s

[2K[1A[2K[1A[2K[1A[2K[1A[2K[1A[2K[1A[2K[1A[2K[1A[2K[1A[2K[1A[2K[1A[2K[1A[2K[1A[2K[1A[2K[1A[2K[G
 ───────────────── Importing data ─────────────────

 ✔ Creating ingest job 5.12s
 ⢿ Processing the job 10.42s
   ▸ Processed records: ◞
   ▸ Successful records: ◞
   ▸ Failed records: ◞

 Status: InProgress
 Job Id:
 750ct00000US9gdAAD (https://fortra--mergebuild.sandbox.my.salesforce.com/lightn
 ing/setup/AsyncApiJobStatus/page?address=%2F750ct00000US9gdAAD)
 Elapsed Time: 15.86s

[2K[1A[2K[1A[2K[1A[2K[1A[2K[1A[2K[1A[2K[1A[2K[1A[2K[1A[2K[1A[2K[1A[2K[1A[2K[1A[2K[1A[2K[1A[2K[G
 ───────────────── Importing data ─────────────────

 ✔ Creating ingest job 5.12s
 ⢿ Processing the job 10.45s
   ▸ Processed records: ◞
   ▸ Successful records: ◞
   ▸ Failed records: ◞

 Status: InProgress
 Job Id:
 750ct00000US9gdAAD (https://fortra--mergebuild.sandbox.my.salesforce.com/lightn
 ing/setup/AsyncApiJobStatus/page?address=%2F750ct00000US9gdAAD)
 Elapsed Time: 15.89s

[2K[1A[2K[1A[2K[1A[2K[1A[2K[1A[2K[1A[2K[1A[2K[1A[2K[1A[2K[1A[2K[1A[2K[1A[2K[1A[2K[1A[2K[1A[2K[G
 ───────────────── Importing data ─────────────────

 ✔ Creating ingest job 5.12s
 ⡿ Processing the job 10.48s
   ▸ Processed records: ◡
   ▸ Successful records: ◡
   ▸ Failed records: ◞

 Status: InProgress
 Job Id:
 750ct00000US9gdAAD (https://fortra--mergebuild.sandbox.my.salesforce.com/lightn
 ing/setup/AsyncApiJobStatus/page?address=%2F750ct00000US9gdAAD)
 Elapsed Time: 15.92s

[2K[1A[2K[1A[2K[1A[2K[1A[2K[1A[2K[1A[2K[1A[2K[1A[2K[1A[2K[1A[2K[1A[2K[1A[2K[1A[2K[1A[2K[1A[2K[G
 ───────────────── Importing data ─────────────────

 ✔ Creating ingest job 5.12s
 ⡿ Processing the job 10.50s
   ▸ Processed records: ◡
   ▸ Successful records: ◡
   ▸ Failed records: ◡

 Status: InProgress
 Job Id:
 750ct00000US9gdAAD (https://fortra--mergebuild.sandbox.my.salesforce.com/lightn
 ing/setup/AsyncApiJobStatus/page?address=%2F750ct00000US9gdAAD)
 Elapsed Time: 15.96s

[2K[1A[2K[1A[2K[1A[2K[1A[2K[1A[2K[1A[2K[1A[2K[1A[2K[1A[2K[1A[2K[1A[2K[1A[2K[1A[2K[1A[2K[1A[2K[G
 ───────────────── Importing data ─────────────────

 ✔ Creating ingest job 5.12s
 ⡿ Processing the job 10.54s
   ▸ Processed records: ◡
   ▸ Successful records: ◡
   ▸ Failed records: ◡

 Status: InProgress
 Job Id:
 750ct00000US9gdAAD (https://fortra--mergebuild.sandbox.my.salesforce.com/lightn
 ing/setup/AsyncApiJobStatus/page?address=%2F750ct00000US9gdAAD)
 Elapsed Time: 15.99s

[2K[1A[2K[1A[2K[1A[2K[1A[2K[1A[2K[1A[2K[1A[2K[1A[2K[1A[2K[1A[2K[1A[2K[1A[2K[1A[2K[1A[2K[1A[2K[G
 ───────────────── Importing data ─────────────────

 ✔ Creating ingest job 5.12s
 ⣟ Processing the job 10.56s
   ▸ Processed records: ◟
   ▸ Successful records: ◡
   ▸ Failed records: ◡

 Status: InProgress
 Job Id:
 750ct00000US9gdAAD (https://fortra--mergebuild.sandbox.my.salesforce.com/lightn
 ing/setup/AsyncApiJobStatus/page?address=%2F750ct00000US9gdAAD)
 Elapsed Time: 16.02s

[2K[1A[2K[1A[2K[1A[2K[1A[2K[1A[2K[1A[2K[1A[2K[1A[2K[1A[2K[1A[2K[1A[2K[1A[2K[1A[2K[1A[2K[1A[2K[G
 ───────────────── Importing data ─────────────────

 ✔ Creating ingest job 5.12s
 ⣟ Processing the job 10.59s
   ▸ Processed records: ◟
   ▸ Successful records: ◟
   ▸ Failed records: ◟

 Status: InProgress
 Job Id:
 750ct00000US9gdAAD (https://fortra--mergebuild.sandbox.my.salesforce.com/lightn
 ing/setup/AsyncApiJobStatus/page?address=%2F750ct00000US9gdAAD)
 Elapsed Time: 16.05s

[2K[1A[2K[1A[2K[1A[2K[1A[2K[1A[2K[1A[2K[1A[2K[1A[2K[1A[2K[1A[2K[1A[2K[1A[2K[1A[2K[1A[2K[1A[2K[G
 ───────────────── Importing data ─────────────────

 ✔ Creating ingest job 5.12s
 ⣯ Processing the job 10.63s
   ▸ Processed records: ◟
   ▸ Successful records: ◟
   ▸ Failed records: ◟

 Status: InProgress
 Job Id:
 750ct00000US9gdAAD (https://fortra--mergebuild.sandbox.my.salesforce.com/lightn
 ing/setup/AsyncApiJobStatus/page?address=%2F750ct00000US9gdAAD)
 Elapsed Time: 16.08s

[2K[1A[2K[1A[2K[1A[2K[1A[2K[1A[2K[1A[2K[1A[2K[1A[2K[1A[2K[1A[2K[1A[2K[1A[2K[1A[2K[1A[2K[1A[2K[G
 ───────────────── Importing data ─────────────────

 ✔ Creating ingest job 5.12s
 ⣯ Processing the job 10.66s
   ▸ Processed records: ◜
   ▸ Successful records: ◟
   ▸ Failed records: ◟

 Status: InProgress
 Job Id:
 750ct00000US9gdAAD (https://fortra--mergebuild.sandbox.my.salesforce.com/lightn
 ing/setup/AsyncApiJobStatus/page?address=%2F750ct00000US9gdAAD)
 Elapsed Time: 16.11s

[2K[1A[2K[1A[2K[1A[2K[1A[2K[1A[2K[1A[2K[1A[2K[1A[2K[1A[2K[1A[2K[1A[2K[1A[2K[1A[2K[1A[2K[1A[2K[G
 ───────────────── Importing data ─────────────────

 ✔ Creating ingest job 5.12s
 ⣯ Processing the job 10.69s
   ▸ Processed records: ◜
   ▸ Successful records: ◜
   ▸ Failed records: ◜

 Status: InProgress
 Job Id:
 750ct00000US9gdAAD (https://fortra--mergebuild.sandbox.my.salesforce.com/lightn
 ing/setup/AsyncApiJobStatus/page?address=%2F750ct00000US9gdAAD)
 Elapsed Time: 16.14s

[2K[1A[2K[1A[2K[1A[2K[1A[2K[1A[2K[1A[2K[1A[2K[1A[2K[1A[2K[1A[2K[1A[2K[1A[2K[1A[2K[1A[2K[1A[2K[G
 ───────────────── Importing data ─────────────────

 ✔ Creating ingest job 5.12s
 ⣷ Processing the job 10.71s
   ▸ Processed records: ◜
   ▸ Successful records: ◜
   ▸ Failed records: ◜

 Status: InProgress
 Job Id:
 750ct00000US9gdAAD (https://fortra--mergebuild.sandbox.my.salesforce.com/lightn
 ing/setup/AsyncApiJobStatus/page?address=%2F750ct00000US9gdAAD)
 Elapsed Time: 16.17s

[2K[1A[2K[1A[2K[1A[2K[1A[2K[1A[2K[1A[2K[1A[2K[1A[2K[1A[2K[1A[2K[1A[2K[1A[2K[1A[2K[1A[2K[1A[2K[G
 ───────────────── Importing data ─────────────────

 ✔ Creating ingest job 5.12s
 ⣷ Processing the job 10.74s
   ▸ Processed records: ◠
   ▸ Successful records: ◜
   ▸ Failed records: ◜

 Status: InProgress
 Job Id:
 750ct00000US9gdAAD (https://fortra--mergebuild.sandbox.my.salesforce.com/lightn
 ing/setup/AsyncApiJobStatus/page?address=%2F750ct00000US9gdAAD)
 Elapsed Time: 16.20s

[2K[1A[2K[1A[2K[1A[2K[1A[2K[1A[2K[1A[2K[1A[2K[1A[2K[1A[2K[1A[2K[1A[2K[1A[2K[1A[2K[1A[2K[1A[2K[G
 ───────────────── Importing data ─────────────────

 ✔ Creating ingest job 5.12s
 ⣾ Processing the job 10.77s
   ▸ Processed records: ◠
   ▸ Successful records: ◠
   ▸ Failed records: ◠

 Status: InProgress
 Job Id:
 750ct00000US9gdAAD (https://fortra--mergebuild.sandbox.my.salesforce.com/lightn
 ing/setup/AsyncApiJobStatus/page?address=%2F750ct00000US9gdAAD)
 Elapsed Time: 16.23s

[2K[1A[2K[1A[2K[1A[2K[1A[2K[1A[2K[1A[2K[1A[2K[1A[2K[1A[2K[1A[2K[1A[2K[1A[2K[1A[2K[1A[2K[1A[2K[G
 ───────────────── Importing data ─────────────────

 ✔ Creating ingest job 5.12s
 ⣾ Processing the job 10.80s
   ▸ Processed records: ◠
   ▸ Successful records: ◠
   ▸ Failed records: ◠

 Status: InProgress
 Job Id:
 750ct00000US9gdAAD (https://fortra--mergebuild.sandbox.my.salesforce.com/lightn
 ing/setup/AsyncApiJobStatus/page?address=%2F750ct00000US9gdAAD)
 Elapsed Time: 16.26s

[2K[1A[2K[1A[2K[1A[2K[1A[2K[1A[2K[1A[2K[1A[2K[1A[2K[1A[2K[1A[2K[1A[2K[1A[2K[1A[2K[1A[2K[1A[2K[G
 ───────────────── Importing data ─────────────────

 ✔ Creating ingest job 5.12s
 ⣾ Processing the job 10.83s
   ▸ Processed records: ◠
   ▸ Successful records: ◠
   ▸ Failed records: ◠

 Status: InProgress
 Job Id:
 750ct00000US9gdAAD (https://fortra--mergebuild.sandbox.my.salesforce.com/lightn
 ing/setup/AsyncApiJobStatus/page?address=%2F750ct00000US9gdAAD)
 Elapsed Time: 16.29s

[2K[1A[2K[1A[2K[1A[2K[1A[2K[1A[2K[1A[2K[1A[2K[1A[2K[1A[2K[1A[2K[1A[2K[1A[2K[1A[2K[1A[2K[1A[2K[G
 ───────────────── Importing data ─────────────────

 ✔ Creating ingest job 5.12s
 ⣽ Processing the job 10.86s
   ▸ Processed records: ◝
   ▸ Successful records: ◝
   ▸ Failed records: ◝

 Status: InProgress
 Job Id:
 750ct00000US9gdAAD (https://fortra--mergebuild.sandbox.my.salesforce.com/lightn
 ing/setup/AsyncApiJobStatus/page?address=%2F750ct00000US9gdAAD)
 Elapsed Time: 16.32s

[2K[1A[2K[1A[2K[1A[2K[1A[2K[1A[2K[1A[2K[1A[2K[1A[2K[1A[2K[1A[2K[1A[2K[1A[2K[1A[2K[1A[2K[1A[2K[G
 ───────────────── Importing data ─────────────────

 ✔ Creating ingest job 5.12s
 ⣽ Processing the job 10.89s
   ▸ Processed records: ◝
   ▸ Successful records: ◝
   ▸ Failed records: ◝

 Status: InProgress
 Job Id:
 750ct00000US9gdAAD (https://fortra--mergebuild.sandbox.my.salesforce.com/lightn
 ing/setup/AsyncApiJobStatus/page?address=%2F750ct00000US9gdAAD)
 Elapsed Time: 16.35s

[2K[1A[2K[1A[2K[1A[2K[1A[2K[1A[2K[1A[2K[1A[2K[1A[2K[1A[2K[1A[2K[1A[2K[1A[2K[1A[2K[1A[2K[1A[2K[G
 ───────────────── Importing data ─────────────────

 ✔ Creating ingest job 5.12s
 ⣻ Processing the job 10.92s
   ▸ Processed records: ◝
   ▸ Successful records: ◝
   ▸ Failed records: ◝

 Status: InProgress
 Job Id:
 750ct00000US9gdAAD (https://fortra--mergebuild.sandbox.my.salesforce.com/lightn
 ing/setup/AsyncApiJobStatus/page?address=%2F750ct00000US9gdAAD)
 Elapsed Time: 16.38s

[2K[1A[2K[1A[2K[1A[2K[1A[2K[1A[2K[1A[2K[1A[2K[1A[2K[1A[2K[1A[2K[1A[2K[1A[2K[1A[2K[1A[2K[1A[2K[G
 ───────────────── Importing data ─────────────────

 ✔ Creating ingest job 5.12s
 ⣻ Processing the job 10.95s
   ▸ Processed records: ◞
   ▸ Successful records: ◞
   ▸ Failed records: ◞

 Status: InProgress
 Job Id:
 750ct00000US9gdAAD (https://fortra--mergebuild.sandbox.my.salesforce.com/lightn
 ing/setup/AsyncApiJobStatus/page?address=%2F750ct00000US9gdAAD)
 Elapsed Time: 16.41s

[2K[1A[2K[1A[2K[1A[2K[1A[2K[1A[2K[1A[2K[1A[2K[1A[2K[1A[2K[1A[2K[1A[2K[1A[2K[1A[2K[1A[2K[1A[2K[G
 ───────────────── Importing data ─────────────────

 ✔ Creating ingest job 5.12s
 ⣻ Processing the job 10.98s
   ▸ Processed records: ◞
   ▸ Successful records: ◞
   ▸ Failed records: ◞

 Status: InProgress
 Job Id:
 750ct00000US9gdAAD (https://fortra--mergebuild.sandbox.my.salesforce.com/lightn
 ing/setup/AsyncApiJobStatus/page?address=%2F750ct00000US9gdAAD)
 Elapsed Time: 16.44s

[2K[1A[2K[1A[2K[1A[2K[1A[2K[1A[2K[1A[2K[1A[2K[1A[2K[1A[2K[1A[2K[1A[2K[1A[2K[1A[2K[1A[2K[1A[2K[G
 ───────────────── Importing data ─────────────────

 ✔ Creating ingest job 5.12s
 ⢿ Processing the job 11.01s
   ▸ Processed records: ◞
   ▸ Successful records: ◞
   ▸ Failed records: ◞

 Status: InProgress
 Job Id:
 750ct00000US9gdAAD (https://fortra--mergebuild.sandbox.my.salesforce.com/lightn
 ing/setup/AsyncApiJobStatus/page?address=%2F750ct00000US9gdAAD)
 Elapsed Time: 16.47s

[2K[1A[2K[1A[2K[1A[2K[1A[2K[1A[2K[1A[2K[1A[2K[1A[2K[1A[2K[1A[2K[1A[2K[1A[2K[1A[2K[1A[2K[1A[2K[G
 ───────────────── Importing data ─────────────────

 ✔ Creating ingest job 5.12s
 ⢿ Processing the job 11.04s
   ▸ Processed records: ◡
   ▸ Successful records: ◡
   ▸ Failed records: ◡

 Status: InProgress
 Job Id:
 750ct00000US9gdAAD (https://fortra--mergebuild.sandbox.my.salesforce.com/lightn
 ing/setup/AsyncApiJobStatus/page?address=%2F750ct00000US9gdAAD)
 Elapsed Time: 16.50s

[2K[1A[2K[1A[2K[1A[2K[1A[2K[1A[2K[1A[2K[1A[2K[1A[2K[1A[2K[1A[2K[1A[2K[1A[2K[1A[2K[1A[2K[1A[2K[G
 ───────────────── Importing data ─────────────────

 ✔ Creating ingest job 5.12s
 ⡿ Processing the job 11.07s
   ▸ Processed records: ◡
   ▸ Successful records: ◡
   ▸ Failed records: ◡

 Status: InProgress
 Job Id:
 750ct00000US9gdAAD (https://fortra--mergebuild.sandbox.my.salesforce.com/lightn
 ing/setup/AsyncApiJobStatus/page?address=%2F750ct00000US9gdAAD)
 Elapsed Time: 16.53s

[2K[1A[2K[1A[2K[1A[2K[1A[2K[1A[2K[1A[2K[1A[2K[1A[2K[1A[2K[1A[2K[1A[2K[1A[2K[1A[2K[1A[2K[1A[2K[G
 ───────────────── Importing data ─────────────────

 ✔ Creating ingest job 5.12s
 ⡿ Processing the job 11.10s
   ▸ Processed records: ◡
   ▸ Successful records: ◡
   ▸ Failed records: ◡

 Status: InProgress
 Job Id:
 750ct00000US9gdAAD (https://fortra--mergebuild.sandbox.my.salesforce.com/lightn
 ing/setup/AsyncApiJobStatus/page?address=%2F750ct00000US9gdAAD)
 Elapsed Time: 16.56s

[2K[1A[2K[1A[2K[1A[2K[1A[2K[1A[2K[1A[2K[1A[2K[1A[2K[1A[2K[1A[2K[1A[2K[1A[2K[1A[2K[1A[2K[1A[2K[G
 ───────────────── Importing data ─────────────────

 ✔ Creating ingest job 5.12s
 ⡿ Processing the job 11.13s
   ▸ Processed records: ◟
   ▸ Successful records: ◟
   ▸ Failed records: ◡

 Status: InProgress
 Job Id:
 750ct00000US9gdAAD (https://fortra--mergebuild.sandbox.my.salesforce.com/lightn
 ing/setup/AsyncApiJobStatus/page?address=%2F750ct00000US9gdAAD)
 Elapsed Time: 16.59s

[2K[1A[2K[1A[2K[1A[2K[1A[2K[1A[2K[1A[2K[1A[2K[1A[2K[1A[2K[1A[2K[1A[2K[1A[2K[1A[2K[1A[2K[1A[2K[G
 ───────────────── Importing data ─────────────────

 ✔ Creating ingest job 5.12s
 ⣟ Processing the job 11.16s
   ▸ Processed records: ◟
   ▸ Successful records: ◟
   ▸ Failed records: ◟

 Status: InProgress
 Job Id:
 750ct00000US9gdAAD (https://fortra--mergebuild.sandbox.my.salesforce.com/lightn
 ing/setup/AsyncApiJobStatus/page?address=%2F750ct00000US9gdAAD)
 Elapsed Time: 16.62s

[2K[1A[2K[1A[2K[1A[2K[1A[2K[1A[2K[1A[2K[1A[2K[1A[2K[1A[2K[1A[2K[1A[2K[1A[2K[1A[2K[1A[2K[1A[2K[G
 ───────────────── Importing data ─────────────────

 ✔ Creating ingest job 5.12s
 ⣟ Processing the job 11.19s
   ▸ Processed records: ◟
   ▸ Successful records: ◟
   ▸ Failed records: ◟

 Status: InProgress
 Job Id:
 750ct00000US9gdAAD (https://fortra--mergebuild.sandbox.my.salesforce.com/lightn
 ing/setup/AsyncApiJobStatus/page?address=%2F750ct00000US9gdAAD)
 Elapsed Time: 16.65s

[2K[1A[2K[1A[2K[1A[2K[1A[2K[1A[2K[1A[2K[1A[2K[1A[2K[1A[2K[1A[2K[1A[2K[1A[2K[1A[2K[1A[2K[1A[2K[G
 ───────────────── Importing data ─────────────────

 ✔ Creating ingest job 5.12s
 ⣯ Processing the job 11.22s
   ▸ Processed records: ◜
   ▸ Successful records: ◜
   ▸ Failed records: ◟

 Status: InProgress
 Job Id:
 750ct00000US9gdAAD (https://fortra--mergebuild.sandbox.my.salesforce.com/lightn
 ing/setup/AsyncApiJobStatus/page?address=%2F750ct00000US9gdAAD)
 Elapsed Time: 16.68s

[2K[1A[2K[1A[2K[1A[2K[1A[2K[1A[2K[1A[2K[1A[2K[1A[2K[1A[2K[1A[2K[1A[2K[1A[2K[1A[2K[1A[2K[1A[2K[G
 ───────────────── Importing data ─────────────────

 ✔ Creating ingest job 5.12s
 ⣯ Processing the job 11.25s
   ▸ Processed records: ◜
   ▸ Successful records: ◜
   ▸ Failed records: ◜

 Status: InProgress
 Job Id:
 750ct00000US9gdAAD (https://fortra--mergebuild.sandbox.my.salesforce.com/lightn
 ing/setup/AsyncApiJobStatus/page?address=%2F750ct00000US9gdAAD)
 Elapsed Time: 16.71s

[2K[1A[2K[1A[2K[1A[2K[1A[2K[1A[2K[1A[2K[1A[2K[1A[2K[1A[2K[1A[2K[1A[2K[1A[2K[1A[2K[1A[2K[1A[2K[G
 ───────────────── Importing data ─────────────────

 ✔ Creating ingest job 5.12s
 ⣯ Processing the job 11.28s
   ▸ Processed records: ◜
   ▸ Successful records: ◜
   ▸ Failed records: ◜

 Status: InProgress
 Job Id:
 750ct00000US9gdAAD (https://fortra--mergebuild.sandbox.my.salesforce.com/lightn
 ing/setup/AsyncApiJobStatus/page?address=%2F750ct00000US9gdAAD)
 Elapsed Time: 16.74s

[2K[1A[2K[1A[2K[1A[2K[1A[2K[1A[2K[1A[2K[1A[2K[1A[2K[1A[2K[1A[2K[1A[2K[1A[2K[1A[2K[1A[2K[1A[2K[G
 ───────────────── Importing data ─────────────────

 ✔ Creating ingest job 5.12s
 ⣷ Processing the job 11.31s
   ▸ Processed records: ◠
   ▸ Successful records: ◜
   ▸ Failed records: ◜

 Status: InProgress
 Job Id:
 750ct00000US9gdAAD (https://fortra--mergebuild.sandbox.my.salesforce.com/lightn
 ing/setup/AsyncApiJobStatus/page?address=%2F750ct00000US9gdAAD)
 Elapsed Time: 16.77s

[2K[1A[2K[1A[2K[1A[2K[1A[2K[1A[2K[1A[2K[1A[2K[1A[2K[1A[2K[1A[2K[1A[2K[1A[2K[1A[2K[1A[2K[1A[2K[G
 ───────────────── Importing data ─────────────────

 ✔ Creating ingest job 5.12s
 ⣷ Processing the job 11.34s
   ▸ Processed records: ◠
   ▸ Successful records: ◠
   ▸ Failed records: ◠

 Status: InProgress
 Job Id:
 750ct00000US9gdAAD (https://fortra--mergebuild.sandbox.my.salesforce.com/lightn
 ing/setup/AsyncApiJobStatus/page?address=%2F750ct00000US9gdAAD)
 Elapsed Time: 16.80s

[2K[1A[2K[1A[2K[1A[2K[1A[2K[1A[2K[1A[2K[1A[2K[1A[2K[1A[2K[1A[2K[1A[2K[1A[2K[1A[2K[1A[2K[1A[2K[G
 ───────────────── Importing data ─────────────────

 ✔ Creating ingest job 5.12s
 ⣾ Processing the job 11.37s
   ▸ Processed records: ◠
   ▸ Successful records: ◠
   ▸ Failed records: ◠

 Status: InProgress
 Job Id:
 750ct00000US9gdAAD (https://fortra--mergebuild.sandbox.my.salesforce.com/lightn
 ing/setup/AsyncApiJobStatus/page?address=%2F750ct00000US9gdAAD)
 Elapsed Time: 16.83s

[2K[1A[2K[1A[2K[1A[2K[1A[2K[1A[2K[1A[2K[1A[2K[1A[2K[1A[2K[1A[2K[1A[2K[1A[2K[1A[2K[1A[2K[1A[2K[G
 ───────────────── Importing data ─────────────────

 ✔ Creating ingest job 5.12s
 ⣾ Processing the job 11.40s
   ▸ Processed records: ◝
   ▸ Successful records: ◠
   ▸ Failed records: ◠

 Status: InProgress
 Job Id:
 750ct00000US9gdAAD (https://fortra--mergebuild.sandbox.my.salesforce.com/lightn
 ing/setup/AsyncApiJobStatus/page?address=%2F750ct00000US9gdAAD)
 Elapsed Time: 16.87s

[2K[1A[2K[1A[2K[1A[2K[1A[2K[1A[2K[1A[2K[1A[2K[1A[2K[1A[2K[1A[2K[1A[2K[1A[2K[1A[2K[1A[2K[1A[2K[G
 ───────────────── Importing data ─────────────────

 ✔ Creating ingest job 5.12s
 ⣾ Processing the job 11.43s
   ▸ Processed records: ◝
   ▸ Successful records: ◝
   ▸ Failed records: ◝

 Status: InProgress
 Job Id:
 750ct00000US9gdAAD (https://fortra--mergebuild.sandbox.my.salesforce.com/lightn
 ing/setup/AsyncApiJobStatus/page?address=%2F750ct00000US9gdAAD)
 Elapsed Time: 16.89s

[2K[1A[2K[1A[2K[1A[2K[1A[2K[1A[2K[1A[2K[1A[2K[1A[2K[1A[2K[1A[2K[1A[2K[1A[2K[1A[2K[1A[2K[1A[2K[G
 ───────────────── Importing data ─────────────────

 ✔ Creating ingest job 5.12s
 ⣽ Processing the job 11.46s
   ▸ Processed records: ◝
   ▸ Successful records: ◝
   ▸ Failed records: ◝

 Status: InProgress
 Job Id:
 750ct00000US9gdAAD (https://fortra--mergebuild.sandbox.my.salesforce.com/lightn
 ing/setup/AsyncApiJobStatus/page?address=%2F750ct00000US9gdAAD)
 Elapsed Time: 16.92s

[2K[1A[2K[1A[2K[1A[2K[1A[2K[1A[2K[1A[2K[1A[2K[1A[2K[1A[2K[1A[2K[1A[2K[1A[2K[1A[2K[1A[2K[1A[2K[G
 ───────────────── Importing data ─────────────────

 ✔ Creating ingest job 5.12s
 ⣽ Processing the job 11.49s
   ▸ Processed records: ◝
   ▸ Successful records: ◝
   ▸ Failed records: ◝

 Status: InProgress
 Job Id:
 750ct00000US9gdAAD (https://fortra--mergebuild.sandbox.my.salesforce.com/lightn
 ing/setup/AsyncApiJobStatus/page?address=%2F750ct00000US9gdAAD)
 Elapsed Time: 16.95s

[2K[1A[2K[1A[2K[1A[2K[1A[2K[1A[2K[1A[2K[1A[2K[1A[2K[1A[2K[1A[2K[1A[2K[1A[2K[1A[2K[1A[2K[1A[2K[G
 ───────────────── Importing data ─────────────────

 ✔ Creating ingest job 5.12s
 ⣻ Processing the job 11.52s
   ▸ Processed records: ◞
   ▸ Successful records: ◞
   ▸ Failed records: ◞

 Status: InProgress
 Job Id:
 750ct00000US9gdAAD (https://fortra--mergebuild.sandbox.my.salesforce.com/lightn
 ing/setup/AsyncApiJobStatus/page?address=%2F750ct00000US9gdAAD)
 Elapsed Time: 16.97s

[2K[1A[2K[1A[2K[1A[2K[1A[2K[1A[2K[1A[2K[1A[2K[1A[2K[1A[2K[1A[2K[1A[2K[1A[2K[1A[2K[1A[2K[1A[2K[G
 ───────────────── Importing data ─────────────────

 ✔ Creating ingest job 5.12s
 ⣻ Processing the job 11.56s
   ▸ Processed records: ◞
   ▸ Successful records: ◞
   ▸ Failed records: ◞

 Status: InProgress
 Job Id:
 750ct00000US9gdAAD (https://fortra--mergebuild.sandbox.my.salesforce.com/lightn
 ing/setup/AsyncApiJobStatus/page?address=%2F750ct00000US9gdAAD)
 Elapsed Time: 17.01s

[2K[1A[2K[1A[2K[1A[2K[1A[2K[1A[2K[1A[2K[1A[2K[1A[2K[1A[2K[1A[2K[1A[2K[1A[2K[1A[2K[1A[2K[1A[2K[G
 ───────────────── Importing data ─────────────────

 ✔ Creating ingest job 5.12s
 ⣻ Processing the job 11.58s
   ▸ Processed records: ◞
   ▸ Successful records: ◞
   ▸ Failed records: ◞

 Status: InProgress
 Job Id:
 750ct00000US9gdAAD (https://fortra--mergebuild.sandbox.my.salesforce.com/lightn
 ing/setup/AsyncApiJobStatus/page?address=%2F750ct00000US9gdAAD)
 Elapsed Time: 17.04s

[2K[1A[2K[1A[2K[1A[2K[1A[2K[1A[2K[1A[2K[1A[2K[1A[2K[1A[2K[1A[2K[1A[2K[1A[2K[1A[2K[1A[2K[1A[2K[G
 ───────────────── Importing data ─────────────────

 ✔ Creating ingest job 5.12s
 ⢿ Processing the job 11.61s
   ▸ Processed records: ◡
   ▸ Successful records: ◡
   ▸ Failed records: ◡

 Status: InProgress
 Job Id:
 750ct00000US9gdAAD (https://fortra--mergebuild.sandbox.my.salesforce.com/lightn
 ing/setup/AsyncApiJobStatus/page?address=%2F750ct00000US9gdAAD)
 Elapsed Time: 17.07s

[2K[1A[2K[1A[2K[1A[2K[1A[2K[1A[2K[1A[2K[1A[2K[1A[2K[1A[2K[1A[2K[1A[2K[1A[2K[1A[2K[1A[2K[1A[2K[G
 ───────────────── Importing data ─────────────────

 ✔ Creating ingest job 5.12s
 ⢿ Processing the job 11.64s
   ▸ Processed records: ◡
   ▸ Successful records: ◡
   ▸ Failed records: ◡

 Status: InProgress
 Job Id:
 750ct00000US9gdAAD (https://fortra--mergebuild.sandbox.my.salesforce.com/lightn
 ing/setup/AsyncApiJobStatus/page?address=%2F750ct00000US9gdAAD)
 Elapsed Time: 17.10s

[2K[1A[2K[1A[2K[1A[2K[1A[2K[1A[2K[1A[2K[1A[2K[1A[2K[1A[2K[1A[2K[1A[2K[1A[2K[1A[2K[1A[2K[1A[2K[G
 ───────────────── Importing data ─────────────────

 ✔ Creating ingest job 5.12s
 ⡿ Processing the job 11.67s
   ▸ Processed records: ◡
   ▸ Successful records: ◡
   ▸ Failed records: ◡

 Status: InProgress
 Job Id:
 750ct00000US9gdAAD (https://fortra--mergebuild.sandbox.my.salesforce.com/lightn
 ing/setup/AsyncApiJobStatus/page?address=%2F750ct00000US9gdAAD)
 Elapsed Time: 17.13s

[2K[1A[2K[1A[2K[1A[2K[1A[2K[1A[2K[1A[2K[1A[2K[1A[2K[1A[2K[1A[2K[1A[2K[1A[2K[1A[2K[1A[2K[1A[2K[G
 ───────────────── Importing data ─────────────────

 ✔ Creating ingest job 5.12s
 ⡿ Processing the job 11.70s
   ▸ Processed records: ◟
   ▸ Successful records: ◟
   ▸ Failed records: ◟

 Status: InProgress
 Job Id:
 750ct00000US9gdAAD (https://fortra--mergebuild.sandbox.my.salesforce.com/lightn
 ing/setup/AsyncApiJobStatus/page?address=%2F750ct00000US9gdAAD)
 Elapsed Time: 17.15s

[2K[1A[2K[1A[2K[1A[2K[1A[2K[1A[2K[1A[2K[1A[2K[1A[2K[1A[2K[1A[2K[1A[2K[1A[2K[1A[2K[1A[2K[1A[2K[G
 ───────────────── Importing data ─────────────────

 ✔ Creating ingest job 5.12s
 ⡿ Processing the job 11.73s
   ▸ Processed records: ◟
   ▸ Successful records: ◟
   ▸ Failed records: ◟

 Status: InProgress
 Job Id:
 750ct00000US9gdAAD (https://fortra--mergebuild.sandbox.my.salesforce.com/lightn
 ing/setup/AsyncApiJobStatus/page?address=%2F750ct00000US9gdAAD)
 Elapsed Time: 17.18s

[2K[1A[2K[1A[2K[1A[2K[1A[2K[1A[2K[1A[2K[1A[2K[1A[2K[1A[2K[1A[2K[1A[2K[1A[2K[1A[2K[1A[2K[1A[2K[G
 ───────────────── Importing data ─────────────────

 ✔ Creating ingest job 5.12s
 ⣟ Processing the job 11.76s
   ▸ Processed records: ◟
   ▸ Successful records: ◟
   ▸ Failed records: ◟

 Status: InProgress
 Job Id:
 750ct00000US9gdAAD (https://fortra--mergebuild.sandbox.my.salesforce.com/lightn
 ing/setup/AsyncApiJobStatus/page?address=%2F750ct00000US9gdAAD)
 Elapsed Time: 17.21s

[2K[1A[2K[1A[2K[1A[2K[1A[2K[1A[2K[1A[2K[1A[2K[1A[2K[1A[2K[1A[2K[1A[2K[1A[2K[1A[2K[1A[2K[1A[2K[G
 ───────────────── Importing data ─────────────────

 ✔ Creating ingest job 5.12s
 ⣟ Processing the job 11.79s
   ▸ Processed records: ◜
   ▸ Successful records: ◜
   ▸ Failed records: ◟

 Status: InProgress
 Job Id:
 750ct00000US9gdAAD (https://fortra--mergebuild.sandbox.my.salesforce.com/lightn
 ing/setup/AsyncApiJobStatus/page?address=%2F750ct00000US9gdAAD)
 Elapsed Time: 17.24s

[2K[1A[2K[1A[2K[1A[2K[1A[2K[1A[2K[1A[2K[1A[2K[1A[2K[1A[2K[1A[2K[1A[2K[1A[2K[1A[2K[1A[2K[1A[2K[G
 ───────────────── Importing data ─────────────────

 ✔ Creating ingest job 5.12s
 ⣯ Processing the job 11.82s
   ▸ Processed records: ◜
   ▸ Successful records: ◜
   ▸ Failed records: ◜

 Status: InProgress
 Job Id:
 750ct00000US9gdAAD (https://fortra--mergebuild.sandbox.my.salesforce.com/lightn
 ing/setup/AsyncApiJobStatus/page?address=%2F750ct00000US9gdAAD)
 Elapsed Time: 17.27s

[2K[1A[2K[1A[2K[1A[2K[1A[2K[1A[2K[1A[2K[1A[2K[1A[2K[1A[2K[1A[2K[1A[2K[1A[2K[1A[2K[1A[2K[1A[2K[G
 ───────────────── Importing data ─────────────────

 ✔ Creating ingest job 5.12s
 ⣯ Processing the job 11.85s
   ▸ Processed records: ◜
   ▸ Successful records: ◜
   ▸ Failed records: ◜

 Status: InProgress
 Job Id:
 750ct00000US9gdAAD (https://fortra--mergebuild.sandbox.my.salesforce.com/lightn
 ing/setup/AsyncApiJobStatus/page?address=%2F750ct00000US9gdAAD)
 Elapsed Time: 17.30s

[2K[1A[2K[1A[2K[1A[2K[1A[2K[1A[2K[1A[2K[1A[2K[1A[2K[1A[2K[1A[2K[1A[2K[1A[2K[1A[2K[1A[2K[1A[2K[G
 ───────────────── Importing data ─────────────────

 ✔ Creating ingest job 5.12s
 ⣯ Processing the job 11.88s
   ▸ Processed records: ◠
   ▸ Successful records: ◠
   ▸ Failed records: ◜

 Status: InProgress
 Job Id:
 750ct00000US9gdAAD (https://fortra--mergebuild.sandbox.my.salesforce.com/lightn
 ing/setup/AsyncApiJobStatus/page?address=%2F750ct00000US9gdAAD)
 Elapsed Time: 17.33s

[2K[1A[2K[1A[2K[1A[2K[1A[2K[1A[2K[1A[2K[1A[2K[1A[2K[1A[2K[1A[2K[1A[2K[1A[2K[1A[2K[1A[2K[1A[2K[G
 ───────────────── Importing data ─────────────────

 ✔ Creating ingest job 5.12s
 ⣷ Processing the job 11.91s
   ▸ Processed records: ◠
   ▸ Successful records: ◠
   ▸ Failed records: ◠

 Status: InProgress
 Job Id:
 750ct00000US9gdAAD (https://fortra--mergebuild.sandbox.my.salesforce.com/lightn
 ing/setup/AsyncApiJobStatus/page?address=%2F750ct00000US9gdAAD)
 Elapsed Time: 17.37s

[2K[1A[2K[1A[2K[1A[2K[1A[2K[1A[2K[1A[2K[1A[2K[1A[2K[1A[2K[1A[2K[1A[2K[1A[2K[1A[2K[1A[2K[1A[2K[G
 ───────────────── Importing data ─────────────────

 ✔ Creating ingest job 5.12s
 ⣷ Processing the job 11.94s
   ▸ Processed records: ◠
   ▸ Successful records: ◠
   ▸ Failed records: ◠

 Status: InProgress
 Job Id:
 750ct00000US9gdAAD (https://fortra--mergebuild.sandbox.my.salesforce.com/lightn
 ing/setup/AsyncApiJobStatus/page?address=%2F750ct00000US9gdAAD)
 Elapsed Time: 17.40s

[2K[1A[2K[1A[2K[1A[2K[1A[2K[1A[2K[1A[2K[1A[2K[1A[2K[1A[2K[1A[2K[1A[2K[1A[2K[1A[2K[1A[2K[1A[2K[G
 ───────────────── Importing data ─────────────────

 ✔ Creating ingest job 5.12s
 ⣾ Processing the job 11.97s
   ▸ Processed records: ◝
   ▸ Successful records: ◝
   ▸ Failed records: ◠

 Status: InProgress
 Job Id:
 750ct00000US9gdAAD (https://fortra--mergebuild.sandbox.my.salesforce.com/lightn
 ing/setup/AsyncApiJobStatus/page?address=%2F750ct00000US9gdAAD)
 Elapsed Time: 17.43s

[2K[1A[2K[1A[2K[1A[2K[1A[2K[1A[2K[1A[2K[1A[2K[1A[2K[1A[2K[1A[2K[1A[2K[1A[2K[1A[2K[1A[2K[1A[2K[G
 ───────────────── Importing data ─────────────────

 ✔ Creating ingest job 5.12s
 ⣾ Processing the job 12.00s
   ▸ Processed records: ◝
   ▸ Successful records: ◝
   ▸ Failed records: ◝

 Status: InProgress
 Job Id:
 750ct00000US9gdAAD (https://fortra--mergebuild.sandbox.my.salesforce.com/lightn
 ing/setup/AsyncApiJobStatus/page?address=%2F750ct00000US9gdAAD)
 Elapsed Time: 17.46s

[2K[1A[2K[1A[2K[1A[2K[1A[2K[1A[2K[1A[2K[1A[2K[1A[2K[1A[2K[1A[2K[1A[2K[1A[2K[1A[2K[1A[2K[1A[2K[G
 ───────────────── Importing data ─────────────────

 ✔ Creating ingest job 5.12s
 ⣾ Processing the job 12.03s
   ▸ Processed records: ◝
   ▸ Successful records: ◝
   ▸ Failed records: ◝

 Status: InProgress
 Job Id:
 750ct00000US9gdAAD (https://fortra--mergebuild.sandbox.my.salesforce.com/lightn
 ing/setup/AsyncApiJobStatus/page?address=%2F750ct00000US9gdAAD)
 Elapsed Time: 17.48s

[2K[1A[2K[1A[2K[1A[2K[1A[2K[1A[2K[1A[2K[1A[2K[1A[2K[1A[2K[1A[2K[1A[2K[1A[2K[1A[2K[1A[2K[1A[2K[G
 ───────────────── Importing data ─────────────────

 ✔ Creating ingest job 5.12s
 ⣽ Processing the job 12.07s
   ▸ Processed records: ◞
   ▸ Successful records: ◞
   ▸ Failed records: ◝

 Status: InProgress
 Job Id:
 750ct00000US9gdAAD (https://fortra--mergebuild.sandbox.my.salesforce.com/lightn
 ing/setup/AsyncApiJobStatus/page?address=%2F750ct00000US9gdAAD)
 Elapsed Time: 17.51s

[2K[1A[2K[1A[2K[1A[2K[1A[2K[1A[2K[1A[2K[1A[2K[1A[2K[1A[2K[1A[2K[1A[2K[1A[2K[1A[2K[1A[2K[1A[2K[G
 ───────────────── Importing data ─────────────────

 ✔ Creating ingest job 5.12s
 ⣽ Processing the job 12.10s
   ▸ Processed records: ◞
   ▸ Successful records: ◞
   ▸ Failed records: ◞

 Status: InProgress
 Job Id:
 750ct00000US9gdAAD (https://fortra--mergebuild.sandbox.my.salesforce.com/lightn
 ing/setup/AsyncApiJobStatus/page?address=%2F750ct00000US9gdAAD)
 Elapsed Time: 17.54s

[2K[1A[2K[1A[2K[1A[2K[1A[2K[1A[2K[1A[2K[1A[2K[1A[2K[1A[2K[1A[2K[1A[2K[1A[2K[1A[2K[1A[2K[1A[2K[G
 ───────────────── Importing data ─────────────────

 ✔ Creating ingest job 5.12s
 ⣻ Processing the job 12.13s
   ▸ Processed records: ◞
   ▸ Successful records: ◞
   ▸ Failed records: ◞

 Status: InProgress
 Job Id:
 750ct00000US9gdAAD (https://fortra--mergebuild.sandbox.my.salesforce.com/lightn
 ing/setup/AsyncApiJobStatus/page?address=%2F750ct00000US9gdAAD)
 Elapsed Time: 17.57s

[2K[1A[2K[1A[2K[1A[2K[1A[2K[1A[2K[1A[2K[1A[2K[1A[2K[1A[2K[1A[2K[1A[2K[1A[2K[1A[2K[1A[2K[1A[2K[G
 ───────────────── Importing data ─────────────────

 ✔ Creating ingest job 5.12s
 ⣻ Processing the job 12.16s
   ▸ Processed records: ◡
   ▸ Successful records: ◞
   ▸ Failed records: ◞

 Status: InProgress
 Job Id:
 750ct00000US9gdAAD (https://fortra--mergebuild.sandbox.my.salesforce.com/lightn
 ing/setup/AsyncApiJobStatus/page?address=%2F750ct00000US9gdAAD)
 Elapsed Time: 17.60s

[2K[1A[2K[1A[2K[1A[2K[1A[2K[1A[2K[1A[2K[1A[2K[1A[2K[1A[2K[1A[2K[1A[2K[1A[2K[1A[2K[1A[2K[1A[2K[G
 ───────────────── Importing data ─────────────────

 ✔ Creating ingest job 5.12s
 ⣻ Processing the job 12.19s
   ▸ Processed records: ◡
   ▸ Successful records: ◡
   ▸ Failed records: ◡

 Status: InProgress
 Job Id:
 750ct00000US9gdAAD (https://fortra--mergebuild.sandbox.my.salesforce.com/lightn
 ing/setup/AsyncApiJobStatus/page?address=%2F750ct00000US9gdAAD)
 Elapsed Time: 17.63s

[2K[1A[2K[1A[2K[1A[2K[1A[2K[1A[2K[1A[2K[1A[2K[1A[2K[1A[2K[1A[2K[1A[2K[1A[2K[1A[2K[1A[2K[1A[2K[G
 ───────────────── Importing data ─────────────────

 ✔ Creating ingest job 5.12s
 ⢿ Processing the job 12.22s
   ▸ Processed records: ◡
   ▸ Successful records: ◡
   ▸ Failed records: ◡

 Status: InProgress
 Job Id:
 750ct00000US9gdAAD (https://fortra--mergebuild.sandbox.my.salesforce.com/lightn
 ing/setup/AsyncApiJobStatus/page?address=%2F750ct00000US9gdAAD)
 Elapsed Time: 17.66s

[2K[1A[2K[1A[2K[1A[2K[1A[2K[1A[2K[1A[2K[1A[2K[1A[2K[1A[2K[1A[2K[1A[2K[1A[2K[1A[2K[1A[2K[1A[2K[G
 ───────────────── Importing data ─────────────────

 ✔ Creating ingest job 5.12s
 ⢿ Processing the job 12.25s
   ▸ Processed records: ◡
   ▸ Successful records: ◡
   ▸ Failed records: ◡

 Status: InProgress
 Job Id:
 750ct00000US9gdAAD (https://fortra--mergebuild.sandbox.my.salesforce.com/lightn
 ing/setup/AsyncApiJobStatus/page?address=%2F750ct00000US9gdAAD)
 Elapsed Time: 17.70s

[2K[1A[2K[1A[2K[1A[2K[1A[2K[1A[2K[1A[2K[1A[2K[1A[2K[1A[2K[1A[2K[1A[2K[1A[2K[1A[2K[1A[2K[1A[2K[G
 ───────────────── Importing data ─────────────────

 ✔ Creating ingest job 5.12s
 ⡿ Processing the job 12.27s
   ▸ Processed records: ◟
   ▸ Successful records: ◟
   ▸ Failed records: ◟

 Status: InProgress
 Job Id:
 750ct00000US9gdAAD (https://fortra--mergebuild.sandbox.my.salesforce.com/lightn
 ing/setup/AsyncApiJobStatus/page?address=%2F750ct00000US9gdAAD)
 Elapsed Time: 17.73s

[2K[1A[2K[1A[2K[1A[2K[1A[2K[1A[2K[1A[2K[1A[2K[1A[2K[1A[2K[1A[2K[1A[2K[1A[2K[1A[2K[1A[2K[1A[2K[G
 ───────────────── Importing data ─────────────────

 ✔ Creating ingest job 5.12s
 ⡿ Processing the job 12.31s
   ▸ Processed records: ◟
   ▸ Successful records: ◟
   ▸ Failed records: ◟

 Status: InProgress
 Job Id:
 750ct00000US9gdAAD (https://fortra--mergebuild.sandbox.my.salesforce.com/lightn
 ing/setup/AsyncApiJobStatus/page?address=%2F750ct00000US9gdAAD)
 Elapsed Time: 17.76s

[2K[1A[2K[1A[2K[1A[2K[1A[2K[1A[2K[1A[2K[1A[2K[1A[2K[1A[2K[1A[2K[1A[2K[1A[2K[1A[2K[1A[2K[1A[2K[G
 ───────────────── Importing data ─────────────────

 ✔ Creating ingest job 5.12s
 ⡿ Processing the job 12.33s
   ▸ Processed records: ◟
   ▸ Successful records: ◟
   ▸ Failed records: ◟

 Status: InProgress
 Job Id:
 750ct00000US9gdAAD (https://fortra--mergebuild.sandbox.my.salesforce.com/lightn
 ing/setup/AsyncApiJobStatus/page?address=%2F750ct00000US9gdAAD)
 Elapsed Time: 17.79s

[2K[1A[2K[1A[2K[1A[2K[1A[2K[1A[2K[1A[2K[1A[2K[1A[2K[1A[2K[1A[2K[1A[2K[1A[2K[1A[2K[1A[2K[1A[2K[G
 ───────────────── Importing data ─────────────────

 ✔ Creating ingest job 5.12s
 ⣟ Processing the job 12.37s
   ▸ Processed records: ◜
   ▸ Successful records: ◜
   ▸ Failed records: ◜

 Status: InProgress
 Job Id:
 750ct00000US9gdAAD (https://fortra--mergebuild.sandbox.my.salesforce.com/lightn
 ing/setup/AsyncApiJobStatus/page?address=%2F750ct00000US9gdAAD)
 Elapsed Time: 17.82s

[2K[1A[2K[1A[2K[1A[2K[1A[2K[1A[2K[1A[2K[1A[2K[1A[2K[1A[2K[1A[2K[1A[2K[1A[2K[1A[2K[1A[2K[1A[2K[G
 ───────────────── Importing data ─────────────────

 ✔ Creating ingest job 5.12s
 ⣟ Processing the job 12.40s
   ▸ Processed records: ◜
   ▸ Successful records: ◜
   ▸ Failed records: ◜

 Status: InProgress
 Job Id:
 750ct00000US9gdAAD (https://fortra--mergebuild.sandbox.my.salesforce.com/lightn
 ing/setup/AsyncApiJobStatus/page?address=%2F750ct00000US9gdAAD)
 Elapsed Time: 17.85s

[2K[1A[2K[1A[2K[1A[2K[1A[2K[1A[2K[1A[2K[1A[2K[1A[2K[1A[2K[1A[2K[1A[2K[1A[2K[1A[2K[1A[2K[1A[2K[G
 ───────────────── Importing data ─────────────────

 ✔ Creating ingest job 5.12s
 ⣯ Processing the job 12.43s
   ▸ Processed records: ◜
   ▸ Successful records: ◜
   ▸ Failed records: ◜

 Status: InProgress
 Job Id:
 750ct00000US9gdAAD (https://fortra--mergebuild.sandbox.my.salesforce.com/lightn
 ing/setup/AsyncApiJobStatus/page?address=%2F750ct00000US9gdAAD)
 Elapsed Time: 17.88s

[2K[1A[2K[1A[2K[1A[2K[1A[2K[1A[2K[1A[2K[1A[2K[1A[2K[1A[2K[1A[2K[1A[2K[1A[2K[1A[2K[1A[2K[1A[2K[G
 ───────────────── Importing data ─────────────────

 ✔ Creating ingest job 5.12s
 ⣯ Processing the job 12.46s
   ▸ Processed records: ◠
   ▸ Successful records: ◠
   ▸ Failed records: ◠

 Status: InProgress
 Job Id:
 750ct00000US9gdAAD (https://fortra--mergebuild.sandbox.my.salesforce.com/lightn
 ing/setup/AsyncApiJobStatus/page?address=%2F750ct00000US9gdAAD)
 Elapsed Time: 17.91s

[2K[1A[2K[1A[2K[1A[2K[1A[2K[1A[2K[1A[2K[1A[2K[1A[2K[1A[2K[1A[2K[1A[2K[1A[2K[1A[2K[1A[2K[1A[2K[G
 ───────────────── Importing data ─────────────────

 ✔ Creating ingest job 5.12s
 ⣯ Processing the job 12.48s
   ▸ Processed records: ◠
   ▸ Successful records: ◠
   ▸ Failed records: ◠

 Status: InProgress
 Job Id:
 750ct00000US9gdAAD (https://fortra--mergebuild.sandbox.my.salesforce.com/lightn
 ing/setup/AsyncApiJobStatus/page?address=%2F750ct00000US9gdAAD)
 Elapsed Time: 17.94s

[2K[1A[2K[1A[2K[1A[2K[1A[2K[1A[2K[1A[2K[1A[2K[1A[2K[1A[2K[1A[2K[1A[2K[1A[2K[1A[2K[1A[2K[1A[2K[G
 ───────────────── Importing data ─────────────────

 ✔ Creating ingest job 5.12s
 ⣷ Processing the job 12.51s
   ▸ Processed records: ◠
   ▸ Successful records: ◠
   ▸ Failed records: ◠

 Status: InProgress
 Job Id:
 750ct00000US9gdAAD (https://fortra--mergebuild.sandbox.my.salesforce.com/lightn
 ing/setup/AsyncApiJobStatus/page?address=%2F750ct00000US9gdAAD)
 Elapsed Time: 17.97s

[2K[1A[2K[1A[2K[1A[2K[1A[2K[1A[2K[1A[2K[1A[2K[1A[2K[1A[2K[1A[2K[1A[2K[1A[2K[1A[2K[1A[2K[1A[2K[G
 ───────────────── Importing data ─────────────────

 ✔ Creating ingest job 5.12s
 ⣷ Processing the job 12.55s
   ▸ Processed records: ◝
   ▸ Successful records: ◝
   ▸ Failed records: ◠

 Status: InProgress
 Job Id:
 750ct00000US9gdAAD (https://fortra--mergebuild.sandbox.my.salesforce.com/lightn
 ing/setup/AsyncApiJobStatus/page?address=%2F750ct00000US9gdAAD)
 Elapsed Time: 18.00s

[2K[1A[2K[1A[2K[1A[2K[1A[2K[1A[2K[1A[2K[1A[2K[1A[2K[1A[2K[1A[2K[1A[2K[1A[2K[1A[2K[1A[2K[1A[2K[G
 ───────────────── Importing data ─────────────────

 ✔ Creating ingest job 5.12s
 ⣾ Processing the job 12.58s
   ▸ Processed records: ◝
   ▸ Successful records: ◝
   ▸ Failed records: ◝

 Status: InProgress
 Job Id:
 750ct00000US9gdAAD (https://fortra--mergebuild.sandbox.my.salesforce.com/lightn
 ing/setup/AsyncApiJobStatus/page?address=%2F750ct00000US9gdAAD)
 Elapsed Time: 18.03s

[2K[1A[2K[1A[2K[1A[2K[1A[2K[1A[2K[1A[2K[1A[2K[1A[2K[1A[2K[1A[2K[1A[2K[1A[2K[1A[2K[1A[2K[1A[2K[G
 ───────────────── Importing data ─────────────────

 ✔ Creating ingest job 5.12s
 ⣾ Processing the job 12.61s
   ▸ Processed records: ◝
   ▸ Successful records: ◝
   ▸ Failed records: ◝

 Status: InProgress
 Job Id:
 750ct00000US9gdAAD (https://fortra--mergebuild.sandbox.my.salesforce.com/lightn
 ing/setup/AsyncApiJobStatus/page?address=%2F750ct00000US9gdAAD)
 Elapsed Time: 18.06s

[2K[1A[2K[1A[2K[1A[2K[1A[2K[1A[2K[1A[2K[1A[2K[1A[2K[1A[2K[1A[2K[1A[2K[1A[2K[1A[2K[1A[2K[1A[2K[G
 ───────────────── Importing data ─────────────────

 ✔ Creating ingest job 5.12s
 ⣾ Processing the job 12.63s
   ▸ Processed records: ◞
   ▸ Successful records: ◞
   ▸ Failed records: ◝

 Status: InProgress
 Job Id:
 750ct00000US9gdAAD (https://fortra--mergebuild.sandbox.my.salesforce.com/lightn
 ing/setup/AsyncApiJobStatus/page?address=%2F750ct00000US9gdAAD)
 Elapsed Time: 18.09s

[2K[1A[2K[1A[2K[1A[2K[1A[2K[1A[2K[1A[2K[1A[2K[1A[2K[1A[2K[1A[2K[1A[2K[1A[2K[1A[2K[1A[2K[1A[2K[G
 ───────────────── Importing data ─────────────────

 ✔ Creating ingest job 5.12s
 ⣽ Processing the job 12.66s
   ▸ Processed records: ◞
   ▸ Successful records: ◞
   ▸ Failed records: ◞

 Status: InProgress
 Job Id:
 750ct00000US9gdAAD (https://fortra--mergebuild.sandbox.my.salesforce.com/lightn
 ing/setup/AsyncApiJobStatus/page?address=%2F750ct00000US9gdAAD)
 Elapsed Time: 18.12s

[2K[1A[2K[1A[2K[1A[2K[1A[2K[1A[2K[1A[2K[1A[2K[1A[2K[1A[2K[1A[2K[1A[2K[1A[2K[1A[2K[1A[2K[1A[2K[G
 ───────────────── Importing data ─────────────────

 ✔ Creating ingest job 5.12s
 ⣽ Processing the job 12.69s
   ▸ Processed records: ◞
   ▸ Successful records: ◞
   ▸ Failed records: ◞

 Status: InProgress
 Job Id:
 750ct00000US9gdAAD (https://fortra--mergebuild.sandbox.my.salesforce.com/lightn
 ing/setup/AsyncApiJobStatus/page?address=%2F750ct00000US9gdAAD)
 Elapsed Time: 18.15s

[2K[1A[2K[1A[2K[1A[2K[1A[2K[1A[2K[1A[2K[1A[2K[1A[2K[1A[2K[1A[2K[1A[2K[1A[2K[1A[2K[1A[2K[1A[2K[G
 ───────────────── Importing data ─────────────────

 ✔ Creating ingest job 5.12s
 ⣻ Processing the job 12.73s
   ▸ Processed records: ◡
   ▸ Successful records: ◡
   ▸ Failed records: ◞

 Status: InProgress
 Job Id:
 750ct00000US9gdAAD (https://fortra--mergebuild.sandbox.my.salesforce.com/lightn
 ing/setup/AsyncApiJobStatus/page?address=%2F750ct00000US9gdAAD)
 Elapsed Time: 18.18s

[2K[1A[2K[1A[2K[1A[2K[1A[2K[1A[2K[1A[2K[1A[2K[1A[2K[1A[2K[1A[2K[1A[2K[1A[2K[1A[2K[1A[2K[1A[2K[G
 ───────────────── Importing data ─────────────────

 ✔ Creating ingest job 5.12s
 ⣻ Processing the job 12.76s
   ▸ Processed records: ◡
   ▸ Successful records: ◡
   ▸ Failed records: ◡

 Status: InProgress
 Job Id:
 750ct00000US9gdAAD (https://fortra--mergebuild.sandbox.my.salesforce.com/lightn
 ing/setup/AsyncApiJobStatus/page?address=%2F750ct00000US9gdAAD)
 Elapsed Time: 18.21s

[2K[1A[2K[1A[2K[1A[2K[1A[2K[1A[2K[1A[2K[1A[2K[1A[2K[1A[2K[1A[2K[1A[2K[1A[2K[1A[2K[1A[2K[1A[2K[G
 ───────────────── Importing data ─────────────────

 ✔ Creating ingest job 5.12s
 ⣻ Processing the job 12.79s
   ▸ Processed records: ◡
   ▸ Successful records: ◡
   ▸ Failed records: ◡

 Status: InProgress
 Job Id:
 750ct00000US9gdAAD (https://fortra--mergebuild.sandbox.my.salesforce.com/lightn
 ing/setup/AsyncApiJobStatus/page?address=%2F750ct00000US9gdAAD)
 Elapsed Time: 18.23s

[2K[1A[2K[1A[2K[1A[2K[1A[2K[1A[2K[1A[2K[1A[2K[1A[2K[1A[2K[1A[2K[1A[2K[1A[2K[1A[2K[1A[2K[1A[2K[G
 ───────────────── Importing data ─────────────────

 ✔ Creating ingest job 5.12s
 ⢿ Processing the job 12.81s
   ▸ Processed records: ◟
   ▸ Successful records: ◡
   ▸ Failed records: ◡

 Status: InProgress
 Job Id:
 750ct00000US9gdAAD (https://fortra--mergebuild.sandbox.my.salesforce.com/lightn
 ing/setup/AsyncApiJobStatus/page?address=%2F750ct00000US9gdAAD)
 Elapsed Time: 18.26s

[2K[1A[2K[1A[2K[1A[2K[1A[2K[1A[2K[1A[2K[1A[2K[1A[2K[1A[2K[1A[2K[1A[2K[1A[2K[1A[2K[1A[2K[1A[2K[G
 ───────────────── Importing data ─────────────────

 ✔ Creating ingest job 5.12s
 ⢿ Processing the job 12.84s
   ▸ Processed records: ◟
   ▸ Successful records: ◟
   ▸ Failed records: ◟

 Status: InProgress
 Job Id:
 750ct00000US9gdAAD (https://fortra--mergebuild.sandbox.my.salesforce.com/lightn
 ing/setup/AsyncApiJobStatus/page?address=%2F750ct00000US9gdAAD)
 Elapsed Time: 18.29s

[2K[1A[2K[1A[2K[1A[2K[1A[2K[1A[2K[1A[2K[1A[2K[1A[2K[1A[2K[1A[2K[1A[2K[1A[2K[1A[2K[1A[2K[1A[2K[G
 ───────────────── Importing data ─────────────────

 ✔ Creating ingest job 5.12s
 ⡿ Processing the job 12.88s
   ▸ Processed records: ◟
   ▸ Successful records: ◟
   ▸ Failed records: ◟

 Status: InProgress
 Job Id:
 750ct00000US9gdAAD (https://fortra--mergebuild.sandbox.my.salesforce.com/lightn
 ing/setup/AsyncApiJobStatus/page?address=%2F750ct00000US9gdAAD)
 Elapsed Time: 18.33s

[2K[1A[2K[1A[2K[1A[2K[1A[2K[1A[2K[1A[2K[1A[2K[1A[2K[1A[2K[1A[2K[1A[2K[1A[2K[1A[2K[1A[2K[1A[2K[G
 ───────────────── Importing data ─────────────────

 ✔ Creating ingest job 5.12s
 ⡿ Processing the job 12.91s
   ▸ Processed records: ◟
   ▸ Successful records: ◟
   ▸ Failed records: ◟

 Status: InProgress
 Job Id:
 750ct00000US9gdAAD (https://fortra--mergebuild.sandbox.my.salesforce.com/lightn
 ing/setup/AsyncApiJobStatus/page?address=%2F750ct00000US9gdAAD)
 Elapsed Time: 18.35s

[2K[1A[2K[1A[2K[1A[2K[1A[2K[1A[2K[1A[2K[1A[2K[1A[2K[1A[2K[1A[2K[1A[2K[1A[2K[1A[2K[1A[2K[1A[2K[G
 ───────────────── Importing data ─────────────────

 ✔ Creating ingest job 5.12s
 ⡿ Processing the job 12.94s
   ▸ Processed records: ◜
   ▸ Successful records: ◜
   ▸ Failed records: ◜

 Status: InProgress
 Job Id:
 750ct00000US9gdAAD (https://fortra--mergebuild.sandbox.my.salesforce.com/lightn
 ing/setup/AsyncApiJobStatus/page?address=%2F750ct00000US9gdAAD)
 Elapsed Time: 18.39s

[2K[1A[2K[1A[2K[1A[2K[1A[2K[1A[2K[1A[2K[1A[2K[1A[2K[1A[2K[1A[2K[1A[2K[1A[2K[1A[2K[1A[2K[1A[2K[G
 ───────────────── Importing data ─────────────────

 ✔ Creating ingest job 5.12s
 ⣟ Processing the job 12.97s
   ▸ Processed records: ◜
   ▸ Successful records: ◜
   ▸ Failed records: ◜

 Status: InProgress
 Job Id:
 750ct00000US9gdAAD (https://fortra--mergebuild.sandbox.my.salesforce.com/lightn
 ing/setup/AsyncApiJobStatus/page?address=%2F750ct00000US9gdAAD)
 Elapsed Time: 18.41s

[2K[1A[2K[1A[2K[1A[2K[1A[2K[1A[2K[1A[2K[1A[2K[1A[2K[1A[2K[1A[2K[1A[2K[1A[2K[1A[2K[1A[2K[1A[2K[G
 ───────────────── Importing data ─────────────────

 ✔ Creating ingest job 5.12s
 ⣟ Processing the job 13.00s
   ▸ Processed records: ◜
   ▸ Successful records: ◜
   ▸ Failed records: ◜

 Status: InProgress
 Job Id:
 750ct00000US9gdAAD (https://fortra--mergebuild.sandbox.my.salesforce.com/lightn
 ing/setup/AsyncApiJobStatus/page?address=%2F750ct00000US9gdAAD)
 Elapsed Time: 18.44s

[2K[1A[2K[1A[2K[1A[2K[1A[2K[1A[2K[1A[2K[1A[2K[1A[2K[1A[2K[1A[2K[1A[2K[1A[2K[1A[2K[1A[2K[1A[2K[G
 ───────────────── Importing data ─────────────────

 ✔ Creating ingest job 5.12s
 ⣯ Processing the job 13.02s
   ▸ Processed records: ◠
   ▸ Successful records: ◠
   ▸ Failed records: ◠

 Status: InProgress
 Job Id:
 750ct00000US9gdAAD (https://fortra--mergebuild.sandbox.my.salesforce.com/lightn
 ing/setup/AsyncApiJobStatus/page?address=%2F750ct00000US9gdAAD)
 Elapsed Time: 18.47s

[2K[1A[2K[1A[2K[1A[2K[1A[2K[1A[2K[1A[2K[1A[2K[1A[2K[1A[2K[1A[2K[1A[2K[1A[2K[1A[2K[1A[2K[1A[2K[G
 ───────────────── Importing data ─────────────────

 ✔ Creating ingest job 5.12s
 ⣯ Processing the job 13.05s
   ▸ Processed records: ◠
   ▸ Successful records: ◠
   ▸ Failed records: ◠

 Status: InProgress
 Job Id:
 750ct00000US9gdAAD (https://fortra--mergebuild.sandbox.my.salesforce.com/lightn
 ing/setup/AsyncApiJobStatus/page?address=%2F750ct00000US9gdAAD)
 Elapsed Time: 18.51s

[2K[1A[2K[1A[2K[1A[2K[1A[2K[1A[2K[1A[2K[1A[2K[1A[2K[1A[2K[1A[2K[1A[2K[1A[2K[1A[2K[1A[2K[1A[2K[G
 ───────────────── Importing data ─────────────────

 ✔ Creating ingest job 5.12s
 ⣯ Processing the job 13.09s
   ▸ Processed records: ◠
   ▸ Successful records: ◠
   ▸ Failed records: ◠

 Status: InProgress
 Job Id:
 750ct00000US9gdAAD (https://fortra--mergebuild.sandbox.my.salesforce.com/lightn
 ing/setup/AsyncApiJobStatus/page?address=%2F750ct00000US9gdAAD)
 Elapsed Time: 18.54s

[2K[1A[2K[1A[2K[1A[2K[1A[2K[1A[2K[1A[2K[1A[2K[1A[2K[1A[2K[1A[2K[1A[2K[1A[2K[1A[2K[1A[2K[1A[2K[G
 ───────────────── Importing data ─────────────────

 ✔ Creating ingest job 5.12s
 ⣷ Processing the job 13.12s
   ▸ Processed records: ◝
   ▸ Successful records: ◝
   ▸ Failed records: ◝

 Status: InProgress
 Job Id:
 750ct00000US9gdAAD (https://fortra--mergebuild.sandbox.my.salesforce.com/lightn
 ing/setup/AsyncApiJobStatus/page?address=%2F750ct00000US9gdAAD)
 Elapsed Time: 18.57s

[2K[1A[2K[1A[2K[1A[2K[1A[2K[1A[2K[1A[2K[1A[2K[1A[2K[1A[2K[1A[2K[1A[2K[1A[2K[1A[2K[1A[2K[1A[2K[G
 ───────────────── Importing data ─────────────────

 ✔ Creating ingest job 5.12s
 ⣷ Processing the job 13.14s
   ▸ Processed records: ◝
   ▸ Successful records: ◝
   ▸ Failed records: ◝

 Status: InProgress
 Job Id:
 750ct00000US9gdAAD (https://fortra--mergebuild.sandbox.my.salesforce.com/lightn
 ing/setup/AsyncApiJobStatus/page?address=%2F750ct00000US9gdAAD)
 Elapsed Time: 18.60s

[2K[1A[2K[1A[2K[1A[2K[1A[2K[1A[2K[1A[2K[1A[2K[1A[2K[1A[2K[1A[2K[1A[2K[1A[2K[1A[2K[1A[2K[1A[2K[G
 ───────────────── Importing data ─────────────────

 ✔ Creating ingest job 5.12s
 ⣾ Processing the job 13.17s
   ▸ Processed records: ◝
   ▸ Successful records: ◝
   ▸ Failed records: ◝

 Status: InProgress
 Job Id:
 750ct00000US9gdAAD (https://fortra--mergebuild.sandbox.my.salesforce.com/lightn
 ing/setup/AsyncApiJobStatus/page?address=%2F750ct00000US9gdAAD)
 Elapsed Time: 18.62s

[2K[1A[2K[1A[2K[1A[2K[1A[2K[1A[2K[1A[2K[1A[2K[1A[2K[1A[2K[1A[2K[1A[2K[1A[2K[1A[2K[1A[2K[1A[2K[G
 ───────────────── Importing data ─────────────────

 ✔ Creating ingest job 5.12s
 ⣾ Processing the job 13.20s
   ▸ Processed records: ◞
   ▸ Successful records: ◞
   ▸ Failed records: ◞

 Status: InProgress
 Job Id:
 750ct00000US9gdAAD (https://fortra--mergebuild.sandbox.my.salesforce.com/lightn
 ing/setup/AsyncApiJobStatus/page?address=%2F750ct00000US9gdAAD)
 Elapsed Time: 18.66s

[2K[1A[2K[1A[2K[1A[2K[1A[2K[1A[2K[1A[2K[1A[2K[1A[2K[1A[2K[1A[2K[1A[2K[1A[2K[1A[2K[1A[2K[1A[2K[G
 ───────────────── Importing data ─────────────────

 ✔ Creating ingest job 5.12s
 ⣾ Processing the job 13.23s
   ▸ Processed records: ◞
   ▸ Successful records: ◞
   ▸ Failed records: ◞

 Status: InProgress
 Job Id:
 750ct00000US9gdAAD (https://fortra--mergebuild.sandbox.my.salesforce.com/lightn
 ing/setup/AsyncApiJobStatus/page?address=%2F750ct00000US9gdAAD)
 Elapsed Time: 18.69s

[2K[1A[2K[1A[2K[1A[2K[1A[2K[1A[2K[1A[2K[1A[2K[1A[2K[1A[2K[1A[2K[1A[2K[1A[2K[1A[2K[1A[2K[1A[2K[G
 ───────────────── Importing data ─────────────────

 ✔ Creating ingest job 5.12s
 ⣽ Processing the job 13.27s
   ▸ Processed records: ◞
   ▸ Successful records: ◞
   ▸ Failed records: ◞

 Status: InProgress
 Job Id:
 750ct00000US9gdAAD (https://fortra--mergebuild.sandbox.my.salesforce.com/lightn
 ing/setup/AsyncApiJobStatus/page?address=%2F750ct00000US9gdAAD)
 Elapsed Time: 18.72s

[2K[1A[2K[1A[2K[1A[2K[1A[2K[1A[2K[1A[2K[1A[2K[1A[2K[1A[2K[1A[2K[1A[2K[1A[2K[1A[2K[1A[2K[1A[2K[G
 ───────────────── Importing data ─────────────────

 ✔ Creating ingest job 5.12s
 ⣽ Processing the job 13.30s
   ▸ Processed records: ◡
   ▸ Successful records: ◡
   ▸ Failed records: ◞

 Status: InProgress
 Job Id:
 750ct00000US9gdAAD (https://fortra--mergebuild.sandbox.my.salesforce.com/lightn
 ing/setup/AsyncApiJobStatus/page?address=%2F750ct00000US9gdAAD)
 Elapsed Time: 18.75s

[2K[1A[2K[1A[2K[1A[2K[1A[2K[1A[2K[1A[2K[1A[2K[1A[2K[1A[2K[1A[2K[1A[2K[1A[2K[1A[2K[1A[2K[1A[2K[G
 ───────────────── Importing data ─────────────────

 ✔ Creating ingest job 5.12s
 ⣻ Processing the job 13.32s
   ▸ Processed records: ◡
   ▸ Successful records: ◡
   ▸ Failed records: ◡

 Status: InProgress
 Job Id:
 750ct00000US9gdAAD (https://fortra--mergebuild.sandbox.my.salesforce.com/lightn
 ing/setup/AsyncApiJobStatus/page?address=%2F750ct00000US9gdAAD)
 Elapsed Time: 18.78s

[2K[1A[2K[1A[2K[1A[2K[1A[2K[1A[2K[1A[2K[1A[2K[1A[2K[1A[2K[1A[2K[1A[2K[1A[2K[1A[2K[1A[2K[1A[2K[G
 ───────────────── Importing data ─────────────────

 ✔ Creating ingest job 5.12s
 ⣻ Processing the job 13.35s
   ▸ Processed records: ◡
   ▸ Successful records: ◡
   ▸ Failed records: ◡

 Status: InProgress
 Job Id:
 750ct00000US9gdAAD (https://fortra--mergebuild.sandbox.my.salesforce.com/lightn
 ing/setup/AsyncApiJobStatus/page?address=%2F750ct00000US9gdAAD)
 Elapsed Time: 18.81s

[2K[1A[2K[1A[2K[1A[2K[1A[2K[1A[2K[1A[2K[1A[2K[1A[2K[1A[2K[1A[2K[1A[2K[1A[2K[1A[2K[1A[2K[1A[2K[G
 ───────────────── Importing data ─────────────────

 ✔ Creating ingest job 5.12s
 ⣻ Processing the job 13.38s
   ▸ Processed records: ◟
   ▸ Successful records: ◟
   ▸ Failed records: ◡

 Status: InProgress
 Job Id:
 750ct00000US9gdAAD (https://fortra--mergebuild.sandbox.my.salesforce.com/lightn
 ing/setup/AsyncApiJobStatus/page?address=%2F750ct00000US9gdAAD)
 Elapsed Time: 18.84s

[2K[1A[2K[1A[2K[1A[2K[1A[2K[1A[2K[1A[2K[1A[2K[1A[2K[1A[2K[1A[2K[1A[2K[1A[2K[1A[2K[1A[2K[1A[2K[G
 ───────────────── Importing data ─────────────────

 ✔ Creating ingest job 5.12s
 ⢿ Processing the job 13.41s
   ▸ Processed records: ◟
   ▸ Successful records: ◟
   ▸ Failed records: ◟

 Status: InProgress
 Job Id:
 750ct00000US9gdAAD (https://fortra--mergebuild.sandbox.my.salesforce.com/lightn
 ing/setup/AsyncApiJobStatus/page?address=%2F750ct00000US9gdAAD)
 Elapsed Time: 18.87s

[2K[1A[2K[1A[2K[1A[2K[1A[2K[1A[2K[1A[2K[1A[2K[1A[2K[1A[2K[1A[2K[1A[2K[1A[2K[1A[2K[1A[2K[1A[2K[G
 ───────────────── Importing data ─────────────────

 ✔ Creating ingest job 5.12s
 ⢿ Processing the job 13.44s
   ▸ Processed records: ◟
   ▸ Successful records: ◟
   ▸ Failed records: ◟

 Status: InProgress
 Job Id:
 750ct00000US9gdAAD (https://fortra--mergebuild.sandbox.my.salesforce.com/lightn
 ing/setup/AsyncApiJobStatus/page?address=%2F750ct00000US9gdAAD)
 Elapsed Time: 18.91s

[2K[1A[2K[1A[2K[1A[2K[1A[2K[1A[2K[1A[2K[1A[2K[1A[2K[1A[2K[1A[2K[1A[2K[1A[2K[1A[2K[1A[2K[1A[2K[G
 ───────────────── Importing data ─────────────────

 ✔ Creating ingest job 5.12s
 ⡿ Processing the job 13.47s
   ▸ Processed records: ◜
   ▸ Successful records: ◜
   ▸ Failed records: ◟

 Status: InProgress
 Job Id:
 750ct00000US9gdAAD (https://fortra--mergebuild.sandbox.my.salesforce.com/lightn
 ing/setup/AsyncApiJobStatus/page?address=%2F750ct00000US9gdAAD)
 Elapsed Time: 18.94s

[2K[1A[2K[1A[2K[1A[2K[1A[2K[1A[2K[1A[2K[1A[2K[1A[2K[1A[2K[1A[2K[1A[2K[1A[2K[1A[2K[1A[2K[1A[2K[G
 ───────────────── Importing data ─────────────────

 ✔ Creating ingest job 5.12s
 ⡿ Processing the job 13.50s
   ▸ Processed records: ◜
   ▸ Successful records: ◜
   ▸ Failed records: ◜

 Status: InProgress
 Job Id:
 750ct00000US9gdAAD (https://fortra--mergebuild.sandbox.my.salesforce.com/lightn
 ing/setup/AsyncApiJobStatus/page?address=%2F750ct00000US9gdAAD)
 Elapsed Time: 18.97s

[2K[1A[2K[1A[2K[1A[2K[1A[2K[1A[2K[1A[2K[1A[2K[1A[2K[1A[2K[1A[2K[1A[2K[1A[2K[1A[2K[1A[2K[1A[2K[G
 ───────────────── Importing data ─────────────────

 ✔ Creating ingest job 5.12s
 ⡿ Processing the job 13.53s
   ▸ Processed records: ◜
   ▸ Successful records: ◜
   ▸ Failed records: ◜

 Status: InProgress
 Job Id:
 750ct00000US9gdAAD (https://fortra--mergebuild.sandbox.my.salesforce.com/lightn
 ing/setup/AsyncApiJobStatus/page?address=%2F750ct00000US9gdAAD)
 Elapsed Time: 19.00s

[2K[1A[2K[1A[2K[1A[2K[1A[2K[1A[2K[1A[2K[1A[2K[1A[2K[1A[2K[1A[2K[1A[2K[1A[2K[1A[2K[1A[2K[1A[2K[G
 ───────────────── Importing data ─────────────────

 ✔ Creating ingest job 5.12s
 ⣟ Processing the job 13.56s
   ▸ Processed records: ◜
   ▸ Successful records: ◜
   ▸ Failed records: ◜

 Status: InProgress
 Job Id:
 750ct00000US9gdAAD (https://fortra--mergebuild.sandbox.my.salesforce.com/lightn
 ing/setup/AsyncApiJobStatus/page?address=%2F750ct00000US9gdAAD)
 Elapsed Time: 19.03s

[2K[1A[2K[1A[2K[1A[2K[1A[2K[1A[2K[1A[2K[1A[2K[1A[2K[1A[2K[1A[2K[1A[2K[1A[2K[1A[2K[1A[2K[1A[2K[G
 ───────────────── Importing data ─────────────────

 ✔ Creating ingest job 5.12s
 ⣟ Processing the job 13.59s
   ▸ Processed records: ◠
   ▸ Successful records: ◠
   ▸ Failed records: ◠

 Status: InProgress
 Job Id:
 750ct00000US9gdAAD (https://fortra--mergebuild.sandbox.my.salesforce.com/lightn
 ing/setup/AsyncApiJobStatus/page?address=%2F750ct00000US9gdAAD)
 Elapsed Time: 19.06s

[2K[1A[2K[1A[2K[1A[2K[1A[2K[1A[2K[1A[2K[1A[2K[1A[2K[1A[2K[1A[2K[1A[2K[1A[2K[1A[2K[1A[2K[1A[2K[G
 ───────────────── Importing data ─────────────────

 ✔ Creating ingest job 5.12s
 ⣯ Processing the job 13.62s
   ▸ Processed records: ◠
   ▸ Successful records: ◠
   ▸ Failed records: ◠

 Status: InProgress
 Job Id:
 750ct00000US9gdAAD (https://fortra--mergebuild.sandbox.my.salesforce.com/lightn
 ing/setup/AsyncApiJobStatus/page?address=%2F750ct00000US9gdAAD)
 Elapsed Time: 19.09s

[2K[1A[2K[1A[2K[1A[2K[1A[2K[1A[2K[1A[2K[1A[2K[1A[2K[1A[2K[1A[2K[1A[2K[1A[2K[1A[2K[1A[2K[1A[2K[G
 ───────────────── Importing data ─────────────────

 ✔ Creating ingest job 5.12s
 ⣯ Processing the job 13.65s
   ▸ Processed records: ◠
   ▸ Successful records: ◠
   ▸ Failed records: ◠

 Status: InProgress
 Job Id:
 750ct00000US9gdAAD (https://fortra--mergebuild.sandbox.my.salesforce.com/lightn
 ing/setup/AsyncApiJobStatus/page?address=%2F750ct00000US9gdAAD)
 Elapsed Time: 19.11s

[2K[1A[2K[1A[2K[1A[2K[1A[2K[1A[2K[1A[2K[1A[2K[1A[2K[1A[2K[1A[2K[1A[2K[1A[2K[1A[2K[1A[2K[1A[2K[G
 ───────────────── Importing data ─────────────────

 ✔ Creating ingest job 5.12s
 ⣯ Processing the job 13.68s
   ▸ Processed records: ◝
   ▸ Successful records: ◝
   ▸ Failed records: ◝

 Status: InProgress
 Job Id:
 750ct00000US9gdAAD (https://fortra--mergebuild.sandbox.my.salesforce.com/lightn
 ing/setup/AsyncApiJobStatus/page?address=%2F750ct00000US9gdAAD)
 Elapsed Time: 19.15s

[2K[1A[2K[1A[2K[1A[2K[1A[2K[1A[2K[1A[2K[1A[2K[1A[2K[1A[2K[1A[2K[1A[2K[1A[2K[1A[2K[1A[2K[1A[2K[G
 ───────────────── Importing data ─────────────────

 ✔ Creating ingest job 5.12s
 ⣷ Processing the job 13.71s
   ▸ Processed records: ◝
   ▸ Successful records: ◝
   ▸ Failed records: ◝

 Status: InProgress
 Job Id:
 750ct00000US9gdAAD (https://fortra--mergebuild.sandbox.my.salesforce.com/lightn
 ing/setup/AsyncApiJobStatus/page?address=%2F750ct00000US9gdAAD)
 Elapsed Time: 19.17s

[2K[1A[2K[1A[2K[1A[2K[1A[2K[1A[2K[1A[2K[1A[2K[1A[2K[1A[2K[1A[2K[1A[2K[1A[2K[1A[2K[1A[2K[1A[2K[G
 ───────────────── Importing data ─────────────────

 ✔ Creating ingest job 5.12s
 ⣷ Processing the job 13.74s
   ▸ Processed records: ◝
   ▸ Successful records: ◝
   ▸ Failed records: ◝

 Status: InProgress
 Job Id:
 750ct00000US9gdAAD (https://fortra--mergebuild.sandbox.my.salesforce.com/lightn
 ing/setup/AsyncApiJobStatus/page?address=%2F750ct00000US9gdAAD)
 Elapsed Time: 19.20s

[2K[1A[2K[1A[2K[1A[2K[1A[2K[1A[2K[1A[2K[1A[2K[1A[2K[1A[2K[1A[2K[1A[2K[1A[2K[1A[2K[1A[2K[1A[2K[G
 ───────────────── Importing data ─────────────────

 ✔ Creating ingest job 5.12s
 ⣾ Processing the job 13.77s
   ▸ Processed records: ◞
   ▸ Successful records: ◞
   ▸ Failed records: ◞

 Status: InProgress
 Job Id:
 750ct00000US9gdAAD (https://fortra--mergebuild.sandbox.my.salesforce.com/lightn
 ing/setup/AsyncApiJobStatus/page?address=%2F750ct00000US9gdAAD)
 Elapsed Time: 19.24s

[2K[1A[2K[1A[2K[1A[2K[1A[2K[1A[2K[1A[2K[1A[2K[1A[2K[1A[2K[1A[2K[1A[2K[1A[2K[1A[2K[1A[2K[1A[2K[G
 ───────────────── Importing data ─────────────────

 ✔ Creating ingest job 5.12s
 ⣾ Processing the job 13.80s
   ▸ Processed records: ◞
   ▸ Successful records: ◞
   ▸ Failed records: ◞

 Status: InProgress
 Job Id:
 750ct00000US9gdAAD (https://fortra--mergebuild.sandbox.my.salesforce.com/lightn
 ing/setup/AsyncApiJobStatus/page?address=%2F750ct00000US9gdAAD)
 Elapsed Time: 19.27s

[2K[1A[2K[1A[2K[1A[2K[1A[2K[1A[2K[1A[2K[1A[2K[1A[2K[1A[2K[1A[2K[1A[2K[1A[2K[1A[2K[1A[2K[1A[2K[G
 ───────────────── Importing data ─────────────────

 ✔ Creating ingest job 5.12s
 ⣾ Processing the job 13.83s
   ▸ Processed records: ◞
   ▸ Successful records: ◞
   ▸ Failed records: ◞

 Status: InProgress
 Job Id:
 750ct00000US9gdAAD (https://fortra--mergebuild.sandbox.my.salesforce.com/lightn
 ing/setup/AsyncApiJobStatus/page?address=%2F750ct00000US9gdAAD)
 Elapsed Time: 19.30s

[2K[1A[2K[1A[2K[1A[2K[1A[2K[1A[2K[1A[2K[1A[2K[1A[2K[1A[2K[1A[2K[1A[2K[1A[2K[1A[2K[1A[2K[1A[2K[G
 ───────────────── Importing data ─────────────────

 ✔ Creating ingest job 5.12s
 ⣽ Processing the job 13.86s
   ▸ Processed records: ◡
   ▸ Successful records: ◡
   ▸ Failed records: ◡

 Status: InProgress
 Job Id:
 750ct00000US9gdAAD (https://fortra--mergebuild.sandbox.my.salesforce.com/lightn
 ing/setup/AsyncApiJobStatus/page?address=%2F750ct00000US9gdAAD)
 Elapsed Time: 19.33s

[2K[1A[2K[1A[2K[1A[2K[1A[2K[1A[2K[1A[2K[1A[2K[1A[2K[1A[2K[1A[2K[1A[2K[1A[2K[1A[2K[1A[2K[1A[2K[G
 ───────────────── Importing data ─────────────────

 ✔ Creating ingest job 5.12s
 ⣽ Processing the job 13.89s
   ▸ Processed records: ◡
   ▸ Successful records: ◡
   ▸ Failed records: ◡

 Status: InProgress
 Job Id:
 750ct00000US9gdAAD (https://fortra--mergebuild.sandbox.my.salesforce.com/lightn
 ing/setup/AsyncApiJobStatus/page?address=%2F750ct00000US9gdAAD)
 Elapsed Time: 19.36s

[2K[1A[2K[1A[2K[1A[2K[1A[2K[1A[2K[1A[2K[1A[2K[1A[2K[1A[2K[1A[2K[1A[2K[1A[2K[1A[2K[1A[2K[1A[2K[G
 ───────────────── Importing data ─────────────────

 ✔ Creating ingest job 5.12s
 ⣻ Processing the job 13.92s
   ▸ Processed records: ◡
   ▸ Successful records: ◡
   ▸ Failed records: ◡

 Status: InProgress
 Job Id:
 750ct00000US9gdAAD (https://fortra--mergebuild.sandbox.my.salesforce.com/lightn
 ing/setup/AsyncApiJobStatus/page?address=%2F750ct00000US9gdAAD)
 Elapsed Time: 19.39s

[2K[1A[2K[1A[2K[1A[2K[1A[2K[1A[2K[1A[2K[1A[2K[1A[2K[1A[2K[1A[2K[1A[2K[1A[2K[1A[2K[1A[2K[1A[2K[G
 ───────────────── Importing data ─────────────────

 ✔ Creating ingest job 5.12s
 ⣻ Processing the job 13.94s
   ▸ Processed records: ◟
   ▸ Successful records: ◟
   ▸ Failed records: ◟

 Status: InProgress
 Job Id:
 750ct00000US9gdAAD (https://fortra--mergebuild.sandbox.my.salesforce.com/lightn
 ing/setup/AsyncApiJobStatus/page?address=%2F750ct00000US9gdAAD)
 Elapsed Time: 19.42s

[2K[1A[2K[1A[2K[1A[2K[1A[2K[1A[2K[1A[2K[1A[2K[1A[2K[1A[2K[1A[2K[1A[2K[1A[2K[1A[2K[1A[2K[1A[2K[G
 ───────────────── Importing data ─────────────────

 ✔ Creating ingest job 5.12s
 ⣻ Processing the job 13.98s
   ▸ Processed records: ◟
   ▸ Successful records: ◟
   ▸ Failed records: ◟

 Status: InProgress
 Job Id:
 750ct00000US9gdAAD (https://fortra--mergebuild.sandbox.my.salesforce.com/lightn
 ing/setup/AsyncApiJobStatus/page?address=%2F750ct00000US9gdAAD)
 Elapsed Time: 19.45s

[2K[1A[2K[1A[2K[1A[2K[1A[2K[1A[2K[1A[2K[1A[2K[1A[2K[1A[2K[1A[2K[1A[2K[1A[2K[1A[2K[1A[2K[1A[2K[G
 ───────────────── Importing data ─────────────────

 ✔ Creating ingest job 5.12s
 ⢿ Processing the job 14.01s
   ▸ Processed records: ◟
   ▸ Successful records: ◟
   ▸ Failed records: ◟

 Status: InProgress
 Job Id:
 750ct00000US9gdAAD (https://fortra--mergebuild.sandbox.my.salesforce.com/lightn
 ing/setup/AsyncApiJobStatus/page?address=%2F750ct00000US9gdAAD)
 Elapsed Time: 19.48s

[2K[1A[2K[1A[2K[1A[2K[1A[2K[1A[2K[1A[2K[1A[2K[1A[2K[1A[2K[1A[2K[1A[2K[1A[2K[1A[2K[1A[2K[1A[2K[G
 ───────────────── Importing data ─────────────────

 ✔ Creating ingest job 5.12s
 ⢿ Processing the job 14.03s
   ▸ Processed records: ◜
   ▸ Successful records: ◜
   ▸ Failed records: ◟

 Status: InProgress
 Job Id:
 750ct00000US9gdAAD (https://fortra--mergebuild.sandbox.my.salesforce.com/lightn
 ing/setup/AsyncApiJobStatus/page?address=%2F750ct00000US9gdAAD)
 Elapsed Time: 19.51s

[2K[1A[2K[1A[2K[1A[2K[1A[2K[1A[2K[1A[2K[1A[2K[1A[2K[1A[2K[1A[2K[1A[2K[1A[2K[1A[2K[1A[2K[1A[2K[G
 ───────────────── Importing data ─────────────────

 ✔ Creating ingest job 5.12s
 ⡿ Processing the job 14.06s
   ▸ Processed records: ◜
   ▸ Successful records: ◜
   ▸ Failed records: ◜

 Status: InProgress
 Job Id:
 750ct00000US9gdAAD (https://fortra--mergebuild.sandbox.my.salesforce.com/lightn
 ing/setup/AsyncApiJobStatus/page?address=%2F750ct00000US9gdAAD)
 Elapsed Time: 19.53s

[2K[1A[2K[1A[2K[1A[2K[1A[2K[1A[2K[1A[2K[1A[2K[1A[2K[1A[2K[1A[2K[1A[2K[1A[2K[1A[2K[1A[2K[1A[2K[G
 ───────────────── Importing data ─────────────────

 ✔ Creating ingest job 5.12s
 ⡿ Processing the job 14.09s
   ▸ Processed records: ◜
   ▸ Successful records: ◜
   ▸ Failed records: ◜

 Status: InProgress
 Job Id:
 750ct00000US9gdAAD (https://fortra--mergebuild.sandbox.my.salesforce.com/lightn
 ing/setup/AsyncApiJobStatus/page?address=%2F750ct00000US9gdAAD)
 Elapsed Time: 19.57s

[2K[1A[2K[1A[2K[1A[2K[1A[2K[1A[2K[1A[2K[1A[2K[1A[2K[1A[2K[1A[2K[1A[2K[1A[2K[1A[2K[1A[2K[1A[2K[G
 ───────────────── Importing data ─────────────────

 ✔ Creating ingest job 5.12s
 ✘ Processing the job 14.12s
   ▸ Processed records: 96
   ▸ Successful records: 47
   ▸ Failed records: 49

 Status: JobComplete
 Job Id:
 750ct00000US9gdAAD (https://fortra--mergebuild.sandbox.my.salesforce.com/lightn
 ing/setup/AsyncApiJobStatus/page?address=%2F750ct00000US9gdAAD)
 Elapsed Time: 19.59s

Error (FailedRecordDetailsError): Job finished being processed but failed to import 49 records.

To review the details of this job, run this command:

sf org open --target-org liam.jeong.c@fortra.com.mergebuild --path "/lightning/setup/AsyncApiJobStatus/page?address=%2F750ct00000US9gdAAD"

