 ›   Warning: @salesforce/cli update available from 2.64.8 to 2.134.6.

 ───────────────── Importing data ─────────────────

 ◼ Creating ingest job
 ◼ Processing the job

 Status: ◜
 Job Id: ◜
 Elapsed Time: 0ms

[2K[1A[2K[1A[2K[1A[2K[1A[2K[1A[2K[1A[2K[1A[2K[1A[2K[1A[2K[1A[2K[G
 ───────────────── Importing data ─────────────────

 ⣾ Creating ingest job 27ms
 ◼ Processing the job

 Status: ◜
 Job Id: ◜
 Elapsed Time: 32ms

[2K[1A[2K[1A[2K[1A[2K[1A[2K[1A[2K[1A[2K[1A[2K[1A[2K[1A[2K[1A[2K[G
 ───────────────── Importing data ─────────────────

 ⣾ Creating ingest job 55ms
 ◼ Processing the job

 Status: ◜
 Job Id: ◜
 Elapsed Time: 66ms

[2K[1A[2K[1A[2K[1A[2K[1A[2K[1A[2K[1A[2K[1A[2K[1A[2K[1A[2K[1A[2K[G
 ───────────────── Importing data ─────────────────

 ⣾ Creating ingest job 84ms
 ◼ Processing the job

 Status: ◜
 Job Id: ◜
 Elapsed Time: 95ms

[2K[1A[2K[1A[2K[1A[2K[1A[2K[1A[2K[1A[2K[1A[2K[1A[2K[1A[2K[1A[2K[G
 ───────────────── Importing data ─────────────────

 ⣽ Creating ingest job 114ms
 ◼ Processing the job

 Status: ◠
 Job Id: ◠
 Elapsed Time: 125ms

[2K[1A[2K[1A[2K[1A[2K[1A[2K[1A[2K[1A[2K[1A[2K[1A[2K[1A[2K[1A[2K[G
 ───────────────── Importing data ─────────────────

 ⣽ Creating ingest job 145ms
 ◼ Processing the job

 Status: ◠
 Job Id: ◠
 Elapsed Time: 158ms

[2K[1A[2K[1A[2K[1A[2K[1A[2K[1A[2K[1A[2K[1A[2K[1A[2K[1A[2K[1A[2K[G
 ───────────────── Importing data ─────────────────

 ⣻ Creating ingest job 176ms
 ◼ Processing the job

 Status: ◠
 Job Id: ◠
 Elapsed Time: 189ms

[2K[1A[2K[1A[2K[1A[2K[1A[2K[1A[2K[1A[2K[1A[2K[1A[2K[1A[2K[1A[2K[G
 ───────────────── Importing data ─────────────────

 ⣻ Creating ingest job 207ms
 ◼ Processing the job

 Status: ◝
 Job Id: ◝
 Elapsed Time: 214ms

[2K[1A[2K[1A[2K[1A[2K[1A[2K[1A[2K[1A[2K[1A[2K[1A[2K[1A[2K[1A[2K[G
 ───────────────── Importing data ─────────────────

 ⣻ Creating ingest job 236ms
 ◼ Processing the job

 Status: ◝
 Job Id: ◝
 Elapsed Time: 245ms

[2K[1A[2K[1A[2K[1A[2K[1A[2K[1A[2K[1A[2K[1A[2K[1A[2K[1A[2K[1A[2K[G
 ───────────────── Importing data ─────────────────

 ⢿ Creating ingest job 265ms
 ◼ Processing the job

 Status: ◝
 Job Id: ◝
 Elapsed Time: 276ms

[2K[1A[2K[1A[2K[1A[2K[1A[2K[1A[2K[1A[2K[1A[2K[1A[2K[1A[2K[1A[2K[G
 ───────────────── Importing data ─────────────────

 ⢿ Creating ingest job 295ms
 ◼ Processing the job

 Status: ◞
 Job Id: ◞
 Elapsed Time: 309ms

[2K[1A[2K[1A[2K[1A[2K[1A[2K[1A[2K[1A[2K[1A[2K[1A[2K[1A[2K[1A[2K[G
 ───────────────── Importing data ─────────────────

 ⡿ Creating ingest job 326ms
 ◼ Processing the job

 Status: ◞
 Job Id: ◞
 Elapsed Time: 339ms

[2K[1A[2K[1A[2K[1A[2K[1A[2K[1A[2K[1A[2K[1A[2K[1A[2K[1A[2K[1A[2K[G
 ───────────────── Importing data ─────────────────

 ⡿ Creating ingest job 359ms
 ◼ Processing the job

 Status: ◞
 Job Id: ◞
 Elapsed Time: 372ms

[2K[1A[2K[1A[2K[1A[2K[1A[2K[1A[2K[1A[2K[1A[2K[1A[2K[1A[2K[1A[2K[G
 ───────────────── Importing data ─────────────────

 ⡿ Creating ingest job 389ms
 ◼ Processing the job

 Status: ◡
 Job Id: ◡
 Elapsed Time: 402ms

[2K[1A[2K[1A[2K[1A[2K[1A[2K[1A[2K[1A[2K[1A[2K[1A[2K[1A[2K[1A[2K[G
 ───────────────── Importing data ─────────────────

 ⣟ Creating ingest job 420ms
 ◼ Processing the job

 Status: ◡
 Job Id: ◡
 Elapsed Time: 433ms

[2K[1A[2K[1A[2K[1A[2K[1A[2K[1A[2K[1A[2K[1A[2K[1A[2K[1A[2K[1A[2K[G
 ───────────────── Importing data ─────────────────

 ⣟ Creating ingest job 447ms
 ◼ Processing the job

 Status: ◡
 Job Id: ◡
 Elapsed Time: 464ms

[2K[1A[2K[1A[2K[1A[2K[1A[2K[1A[2K[1A[2K[1A[2K[1A[2K[1A[2K[1A[2K[G
 ───────────────── Importing data ─────────────────

 ⣯ Creating ingest job 474ms
 ◼ Processing the job

 Status: ◟
 Job Id: ◟
 Elapsed Time: 495ms

[2K[1A[2K[1A[2K[1A[2K[1A[2K[1A[2K[1A[2K[1A[2K[1A[2K[1A[2K[1A[2K[G
 ───────────────── Importing data ─────────────────

 ⣯ Creating ingest job 504ms
 ◼ Processing the job

 Status: ◟
 Job Id: ◟
 Elapsed Time: 524ms

[2K[1A[2K[1A[2K[1A[2K[1A[2K[1A[2K[1A[2K[1A[2K[1A[2K[1A[2K[1A[2K[G
 ───────────────── Importing data ─────────────────

 ⣯ Creating ingest job 533ms
 ◼ Processing the job

 Status: ◟
 Job Id: ◟
 Elapsed Time: 553ms

[2K[1A[2K[1A[2K[1A[2K[1A[2K[1A[2K[1A[2K[1A[2K[1A[2K[1A[2K[1A[2K[G
 ───────────────── Importing data ─────────────────

 ⣷ Creating ingest job 565ms
 ◼ Processing the job

 Status: ◜
 Job Id: ◜
 Elapsed Time: 586ms

[2K[1A[2K[1A[2K[1A[2K[1A[2K[1A[2K[1A[2K[1A[2K[1A[2K[1A[2K[1A[2K[G
 ───────────────── Importing data ─────────────────

 ⣷ Creating ingest job 596ms
 ◼ Processing the job

 Status: ◜
 Job Id: ◜
 Elapsed Time: 618ms

[2K[1A[2K[1A[2K[1A[2K[1A[2K[1A[2K[1A[2K[1A[2K[1A[2K[1A[2K[1A[2K[G
 ───────────────── Importing data ─────────────────

 ⣾ Creating ingest job 626ms
 ◼ Processing the job

 Status: ◜
 Job Id: ◜
 Elapsed Time: 648ms

[2K[1A[2K[1A[2K[1A[2K[1A[2K[1A[2K[1A[2K[1A[2K[1A[2K[1A[2K[1A[2K[G
 ───────────────── Importing data ─────────────────

 ⣾ Creating ingest job 655ms
 ◼ Processing the job

 Status: ◠
 Job Id: ◠
 Elapsed Time: 680ms

[2K[1A[2K[1A[2K[1A[2K[1A[2K[1A[2K[1A[2K[1A[2K[1A[2K[1A[2K[1A[2K[G
 ───────────────── Importing data ─────────────────

 ⣾ Creating ingest job 685ms
 ◼ Processing the job

 Status: ◠
 Job Id: ◠
 Elapsed Time: 710ms

[2K[1A[2K[1A[2K[1A[2K[1A[2K[1A[2K[1A[2K[1A[2K[1A[2K[1A[2K[1A[2K[G
 ───────────────── Importing data ─────────────────

 ⣽ Creating ingest job 716ms
 ◼ Processing the job

 Status: ◠
 Job Id: ◠
 Elapsed Time: 743ms

[2K[1A[2K[1A[2K[1A[2K[1A[2K[1A[2K[1A[2K[1A[2K[1A[2K[1A[2K[1A[2K[G
 ───────────────── Importing data ─────────────────

 ⣽ Creating ingest job 748ms
 ◼ Processing the job

 Status: ◝
 Job Id: ◠
 Elapsed Time: 773ms

[2K[1A[2K[1A[2K[1A[2K[1A[2K[1A[2K[1A[2K[1A[2K[1A[2K[1A[2K[1A[2K[G
 ───────────────── Importing data ─────────────────

 ⣻ Creating ingest job 778ms
 ◼ Processing the job

 Status: ◝
 Job Id: ◝
 Elapsed Time: 805ms

[2K[1A[2K[1A[2K[1A[2K[1A[2K[1A[2K[1A[2K[1A[2K[1A[2K[1A[2K[1A[2K[G
 ───────────────── Importing data ─────────────────

 ⣻ Creating ingest job 807ms
 ◼ Processing the job

 Status: ◝
 Job Id: ◝
 Elapsed Time: 837ms

[2K[1A[2K[1A[2K[1A[2K[1A[2K[1A[2K[1A[2K[1A[2K[1A[2K[1A[2K[1A[2K[G
 ───────────────── Importing data ─────────────────

 ⣻ Creating ingest job 838ms
 ◼ Processing the job

 Status: ◝
 Job Id: ◝
 Elapsed Time: 867ms

[2K[1A[2K[1A[2K[1A[2K[1A[2K[1A[2K[1A[2K[1A[2K[1A[2K[1A[2K[1A[2K[G
 ───────────────── Importing data ─────────────────

 ⢿ Creating ingest job 869ms
 ◼ Processing the job

 Status: ◞
 Job Id: ◞
 Elapsed Time: 897ms

[2K[1A[2K[1A[2K[1A[2K[1A[2K[1A[2K[1A[2K[1A[2K[1A[2K[1A[2K[1A[2K[G
 ───────────────── Importing data ─────────────────

 ⢿ Creating ingest job 897ms
 ◼ Processing the job

 Status: ◞
 Job Id: ◞
 Elapsed Time: 927ms

[2K[1A[2K[1A[2K[1A[2K[1A[2K[1A[2K[1A[2K[1A[2K[1A[2K[1A[2K[1A[2K[G
 ───────────────── Importing data ─────────────────

 ⡿ Creating ingest job 926ms
 ◼ Processing the job

 Status: ◞
 Job Id: ◞
 Elapsed Time: 954ms

[2K[1A[2K[1A[2K[1A[2K[1A[2K[1A[2K[1A[2K[1A[2K[1A[2K[1A[2K[1A[2K[G
 ───────────────── Importing data ─────────────────

 ⡿ Creating ingest job 954ms
 ◼ Processing the job

 Status: ◡
 Job Id: ◡
 Elapsed Time: 986ms

[2K[1A[2K[1A[2K[1A[2K[1A[2K[1A[2K[1A[2K[1A[2K[1A[2K[1A[2K[1A[2K[G
 ───────────────── Importing data ─────────────────

 ⡿ Creating ingest job 980ms
 ◼ Processing the job

 Status: ◡
 Job Id: ◡
 Elapsed Time: 1.01s

[2K[1A[2K[1A[2K[1A[2K[1A[2K[1A[2K[1A[2K[1A[2K[1A[2K[1A[2K[1A[2K[G
 ───────────────── Importing data ─────────────────

 ⣟ Creating ingest job 1.01s
 ◼ Processing the job

 Status: ◡
 Job Id: ◡
 Elapsed Time: 1.04s

[2K[1A[2K[1A[2K[1A[2K[1A[2K[1A[2K[1A[2K[1A[2K[1A[2K[1A[2K[1A[2K[G
 ───────────────── Importing data ─────────────────

 ⣟ Creating ingest job 1.03s
 ◼ Processing the job

 Status: ◟
 Job Id: ◟
 Elapsed Time: 1.07s

[2K[1A[2K[1A[2K[1A[2K[1A[2K[1A[2K[1A[2K[1A[2K[1A[2K[1A[2K[1A[2K[G
 ───────────────── Importing data ─────────────────

 ⣯ Creating ingest job 1.06s
 ◼ Processing the job

 Status: ◟
 Job Id: ◟
 Elapsed Time: 1.10s

[2K[1A[2K[1A[2K[1A[2K[1A[2K[1A[2K[1A[2K[1A[2K[1A[2K[1A[2K[1A[2K[G
 ───────────────── Importing data ─────────────────

 ⣯ Creating ingest job 1.09s
 ◼ Processing the job

 Status: ◟
 Job Id: ◟
 Elapsed Time: 1.13s

[2K[1A[2K[1A[2K[1A[2K[1A[2K[1A[2K[1A[2K[1A[2K[1A[2K[1A[2K[1A[2K[G
 ───────────────── Importing data ─────────────────

 ⣯ Creating ingest job 1.12s
 ◼ Processing the job

 Status: ◜
 Job Id: ◜
 Elapsed Time: 1.16s

[2K[1A[2K[1A[2K[1A[2K[1A[2K[1A[2K[1A[2K[1A[2K[1A[2K[1A[2K[1A[2K[G
 ───────────────── Importing data ─────────────────

 ⣷ Creating ingest job 1.15s
 ◼ Processing the job

 Status: ◜
 Job Id: ◜
 Elapsed Time: 1.19s

[2K[1A[2K[1A[2K[1A[2K[1A[2K[1A[2K[1A[2K[1A[2K[1A[2K[1A[2K[1A[2K[G
 ───────────────── Importing data ─────────────────

 ⣷ Creating ingest job 1.18s
 ◼ Processing the job

 Status: ◜
 Job Id: ◜
 Elapsed Time: 1.22s

[2K[1A[2K[1A[2K[1A[2K[1A[2K[1A[2K[1A[2K[1A[2K[1A[2K[1A[2K[1A[2K[G
 ───────────────── Importing data ─────────────────

 ⣾ Creating ingest job 1.21s
 ◼ Processing the job

 Status: ◠
 Job Id: ◠
 Elapsed Time: 1.26s

[2K[1A[2K[1A[2K[1A[2K[1A[2K[1A[2K[1A[2K[1A[2K[1A[2K[1A[2K[1A[2K[G
 ───────────────── Importing data ─────────────────

 ⣾ Creating ingest job 1.24s
 ◼ Processing the job

 Status: ◠
 Job Id: ◠
 Elapsed Time: 1.28s

[2K[1A[2K[1A[2K[1A[2K[1A[2K[1A[2K[1A[2K[1A[2K[1A[2K[1A[2K[1A[2K[G
 ───────────────── Importing data ─────────────────

 ⣾ Creating ingest job 1.27s
 ◼ Processing the job

 Status: ◠
 Job Id: ◠
 Elapsed Time: 1.32s

[2K[1A[2K[1A[2K[1A[2K[1A[2K[1A[2K[1A[2K[1A[2K[1A[2K[1A[2K[1A[2K[G
 ───────────────── Importing data ─────────────────

 ⣽ Creating ingest job 1.30s
 ◼ Processing the job

 Status: ◝
 Job Id: ◝
 Elapsed Time: 1.35s

[2K[1A[2K[1A[2K[1A[2K[1A[2K[1A[2K[1A[2K[1A[2K[1A[2K[1A[2K[1A[2K[G
 ───────────────── Importing data ─────────────────

 ⣽ Creating ingest job 1.33s
 ◼ Processing the job

 Status: ◝
 Job Id: ◝
 Elapsed Time: 1.38s

[2K[1A[2K[1A[2K[1A[2K[1A[2K[1A[2K[1A[2K[1A[2K[1A[2K[1A[2K[1A[2K[G
 ───────────────── Importing data ─────────────────

 ⣻ Creating ingest job 1.36s
 ◼ Processing the job

 Status: ◝
 Job Id: ◝
 Elapsed Time: 1.41s

[2K[1A[2K[1A[2K[1A[2K[1A[2K[1A[2K[1A[2K[1A[2K[1A[2K[1A[2K[1A[2K[G
 ───────────────── Importing data ─────────────────

 ⣻ Creating ingest job 1.39s
 ◼ Processing the job

 Status: ◞
 Job Id: ◞
 Elapsed Time: 1.44s

[2K[1A[2K[1A[2K[1A[2K[1A[2K[1A[2K[1A[2K[1A[2K[1A[2K[1A[2K[1A[2K[G
 ───────────────── Importing data ─────────────────

 ⣻ Creating ingest job 1.42s
 ◼ Processing the job

 Status: ◞
 Job Id: ◞
 Elapsed Time: 1.47s

[2K[1A[2K[1A[2K[1A[2K[1A[2K[1A[2K[1A[2K[1A[2K[1A[2K[1A[2K[1A[2K[G
 ───────────────── Importing data ─────────────────

 ⢿ Creating ingest job 1.45s
 ◼ Processing the job

 Status: ◞
 Job Id: ◞
 Elapsed Time: 1.50s

[2K[1A[2K[1A[2K[1A[2K[1A[2K[1A[2K[1A[2K[1A[2K[1A[2K[1A[2K[1A[2K[G
 ───────────────── Importing data ─────────────────

 ⢿ Creating ingest job 1.49s
 ◼ Processing the job

 Status: ◡
 Job Id: ◡
 Elapsed Time: 1.53s

[2K[1A[2K[1A[2K[1A[2K[1A[2K[1A[2K[1A[2K[1A[2K[1A[2K[1A[2K[1A[2K[G
 ───────────────── Importing data ─────────────────

 ⡿ Creating ingest job 1.52s
 ◼ Processing the job

 Status: ◡
 Job Id: ◡
 Elapsed Time: 1.57s

[2K[1A[2K[1A[2K[1A[2K[1A[2K[1A[2K[1A[2K[1A[2K[1A[2K[1A[2K[1A[2K[G
 ───────────────── Importing data ─────────────────

 ⡿ Creating ingest job 1.55s
 ◼ Processing the job

 Status: ◡
 Job Id: ◡
 Elapsed Time: 1.60s

[2K[1A[2K[1A[2K[1A[2K[1A[2K[1A[2K[1A[2K[1A[2K[1A[2K[1A[2K[1A[2K[G
 ───────────────── Importing data ─────────────────

 ⡿ Creating ingest job 1.58s
 ◼ Processing the job

 Status: ◟
 Job Id: ◡
 Elapsed Time: 1.63s

[2K[1A[2K[1A[2K[1A[2K[1A[2K[1A[2K[1A[2K[1A[2K[1A[2K[1A[2K[1A[2K[G
 ───────────────── Importing data ─────────────────

 ⣟ Creating ingest job 1.61s
 ◼ Processing the job

 Status: ◟
 Job Id: ◟
 Elapsed Time: 1.66s

[2K[1A[2K[1A[2K[1A[2K[1A[2K[1A[2K[1A[2K[1A[2K[1A[2K[1A[2K[1A[2K[G
 ───────────────── Importing data ─────────────────

 ⣟ Creating ingest job 1.64s
 ◼ Processing the job

 Status: ◟
 Job Id: ◟
 Elapsed Time: 1.69s

[2K[1A[2K[1A[2K[1A[2K[1A[2K[1A[2K[1A[2K[1A[2K[1A[2K[1A[2K[1A[2K[G
 ───────────────── Importing data ─────────────────

 ⣯ Creating ingest job 1.67s
 ◼ Processing the job

 Status: ◟
 Job Id: ◟
 Elapsed Time: 1.72s

[2K[1A[2K[1A[2K[1A[2K[1A[2K[1A[2K[1A[2K[1A[2K[1A[2K[1A[2K[1A[2K[G
 ───────────────── Importing data ─────────────────

 ⣯ Creating ingest job 1.70s
 ◼ Processing the job

 Status: ◜
 Job Id: ◜
 Elapsed Time: 1.75s

[2K[1A[2K[1A[2K[1A[2K[1A[2K[1A[2K[1A[2K[1A[2K[1A[2K[1A[2K[1A[2K[G
 ───────────────── Importing data ─────────────────

 ⣯ Creating ingest job 1.73s
 ◼ Processing the job

 Status: ◜
 Job Id: ◜
 Elapsed Time: 1.78s

[2K[1A[2K[1A[2K[1A[2K[1A[2K[1A[2K[1A[2K[1A[2K[1A[2K[1A[2K[1A[2K[G
 ───────────────── Importing data ─────────────────

 ⣷ Creating ingest job 1.77s
 ◼ Processing the job

 Status: ◜
 Job Id: ◜
 Elapsed Time: 1.81s

[2K[1A[2K[1A[2K[1A[2K[1A[2K[1A[2K[1A[2K[1A[2K[1A[2K[1A[2K[1A[2K[G
 ───────────────── Importing data ─────────────────

 ⣷ Creating ingest job 1.79s
 ◼ Processing the job

 Status: ◠
 Job Id: ◠
 Elapsed Time: 1.84s

[2K[1A[2K[1A[2K[1A[2K[1A[2K[1A[2K[1A[2K[1A[2K[1A[2K[1A[2K[1A[2K[G
 ───────────────── Importing data ─────────────────

 ⣾ Creating ingest job 1.82s
 ◼ Processing the job

 Status: ◠
 Job Id: ◠
 Elapsed Time: 1.87s

[2K[1A[2K[1A[2K[1A[2K[1A[2K[1A[2K[1A[2K[1A[2K[1A[2K[1A[2K[1A[2K[G
 ───────────────── Importing data ─────────────────

 ⣾ Creating ingest job 1.86s
 ◼ Processing the job

 Status: ◠
 Job Id: ◠
 Elapsed Time: 1.89s

[2K[1A[2K[1A[2K[1A[2K[1A[2K[1A[2K[1A[2K[1A[2K[1A[2K[1A[2K[1A[2K[G
 ───────────────── Importing data ─────────────────

 ⣾ Creating ingest job 1.88s
 ◼ Processing the job

 Status: ◝
 Job Id: ◝
 Elapsed Time: 1.92s

[2K[1A[2K[1A[2K[1A[2K[1A[2K[1A[2K[1A[2K[1A[2K[1A[2K[1A[2K[1A[2K[G
 ───────────────── Importing data ─────────────────

 ⣽ Creating ingest job 1.91s
 ◼ Processing the job

 Status: ◝
 Job Id: ◝
 Elapsed Time: 1.95s

[2K[1A[2K[1A[2K[1A[2K[1A[2K[1A[2K[1A[2K[1A[2K[1A[2K[1A[2K[1A[2K[G
 ───────────────── Importing data ─────────────────

 ⣽ Creating ingest job 1.94s
 ◼ Processing the job

 Status: ◝
 Job Id: ◝
 Elapsed Time: 1.98s

[2K[1A[2K[1A[2K[1A[2K[1A[2K[1A[2K[1A[2K[1A[2K[1A[2K[1A[2K[1A[2K[G
 ───────────────── Importing data ─────────────────

 ⣻ Creating ingest job 1.97s
 ◼ Processing the job

 Status: ◞
 Job Id: ◞
 Elapsed Time: 2.01s

[2K[1A[2K[1A[2K[1A[2K[1A[2K[1A[2K[1A[2K[1A[2K[1A[2K[1A[2K[1A[2K[G
 ───────────────── Importing data ─────────────────

 ⣻ Creating ingest job 2.00s
 ◼ Processing the job

 Status: ◞
 Job Id: ◞
 Elapsed Time: 2.04s

[2K[1A[2K[1A[2K[1A[2K[1A[2K[1A[2K[1A[2K[1A[2K[1A[2K[1A[2K[1A[2K[G
 ───────────────── Importing data ─────────────────

 ⣻ Creating ingest job 2.03s
 ◼ Processing the job

 Status: ◞
 Job Id: ◞
 Elapsed Time: 2.07s

[2K[1A[2K[1A[2K[1A[2K[1A[2K[1A[2K[1A[2K[1A[2K[1A[2K[1A[2K[1A[2K[G
 ───────────────── Importing data ─────────────────

 ⢿ Creating ingest job 2.06s
 ◼ Processing the job

 Status: ◡
 Job Id: ◡
 Elapsed Time: 2.10s

[2K[1A[2K[1A[2K[1A[2K[1A[2K[1A[2K[1A[2K[1A[2K[1A[2K[1A[2K[1A[2K[G
 ───────────────── Importing data ─────────────────

 ⢿ Creating ingest job 2.08s
 ◼ Processing the job

 Status: ◡
 Job Id: ◡
 Elapsed Time: 2.13s

[2K[1A[2K[1A[2K[1A[2K[1A[2K[1A[2K[1A[2K[1A[2K[1A[2K[1A[2K[1A[2K[G
 ───────────────── Importing data ─────────────────

 ⡿ Creating ingest job 2.11s
 ◼ Processing the job

 Status: ◡
 Job Id: ◡
 Elapsed Time: 2.16s

[2K[1A[2K[1A[2K[1A[2K[1A[2K[1A[2K[1A[2K[1A[2K[1A[2K[1A[2K[1A[2K[G
 ───────────────── Importing data ─────────────────

 ⡿ Creating ingest job 2.14s
 ◼ Processing the job

 Status: ◟
 Job Id: ◟
 Elapsed Time: 2.19s

[2K[1A[2K[1A[2K[1A[2K[1A[2K[1A[2K[1A[2K[1A[2K[1A[2K[1A[2K[1A[2K[G
 ───────────────── Importing data ─────────────────

 ⡿ Creating ingest job 2.17s
 ◼ Processing the job

 Status: ◟
 Job Id: ◟
 Elapsed Time: 2.22s

[2K[1A[2K[1A[2K[1A[2K[1A[2K[1A[2K[1A[2K[1A[2K[1A[2K[1A[2K[1A[2K[G
 ───────────────── Importing data ─────────────────

 ⣟ Creating ingest job 2.20s
 ◼ Processing the job

 Status: ◟
 Job Id: ◟
 Elapsed Time: 2.24s

[2K[1A[2K[1A[2K[1A[2K[1A[2K[1A[2K[1A[2K[1A[2K[1A[2K[1A[2K[1A[2K[G
 ───────────────── Importing data ─────────────────

 ⣟ Creating ingest job 2.23s
 ◼ Processing the job

 Status: ◜
 Job Id: ◜
 Elapsed Time: 2.28s

[2K[1A[2K[1A[2K[1A[2K[1A[2K[1A[2K[1A[2K[1A[2K[1A[2K[1A[2K[1A[2K[G
 ───────────────── Importing data ─────────────────

 ⣯ Creating ingest job 2.27s
 ◼ Processing the job

 Status: ◜
 Job Id: ◜
 Elapsed Time: 2.31s

[2K[1A[2K[1A[2K[1A[2K[1A[2K[1A[2K[1A[2K[1A[2K[1A[2K[1A[2K[1A[2K[G
 ───────────────── Importing data ─────────────────

 ⣯ Creating ingest job 2.29s
 ◼ Processing the job

 Status: ◜
 Job Id: ◜
 Elapsed Time: 2.34s

[2K[1A[2K[1A[2K[1A[2K[1A[2K[1A[2K[1A[2K[1A[2K[1A[2K[1A[2K[1A[2K[G
 ───────────────── Importing data ─────────────────

 ⣯ Creating ingest job 2.32s
 ◼ Processing the job

 Status: ◠
 Job Id: ◠
 Elapsed Time: 2.37s

[2K[1A[2K[1A[2K[1A[2K[1A[2K[1A[2K[1A[2K[1A[2K[1A[2K[1A[2K[1A[2K[G
 ───────────────── Importing data ─────────────────

 ⣷ Creating ingest job 2.35s
 ◼ Processing the job

 Status: ◠
 Job Id: ◠
 Elapsed Time: 2.40s

[2K[1A[2K[1A[2K[1A[2K[1A[2K[1A[2K[1A[2K[1A[2K[1A[2K[1A[2K[1A[2K[G
 ───────────────── Importing data ─────────────────

 ⣷ Creating ingest job 2.39s
 ◼ Processing the job

 Status: ◠
 Job Id: ◠
 Elapsed Time: 2.43s

[2K[1A[2K[1A[2K[1A[2K[1A[2K[1A[2K[1A[2K[1A[2K[1A[2K[1A[2K[1A[2K[G
 ───────────────── Importing data ─────────────────

 ⣾ Creating ingest job 2.42s
 ◼ Processing the job

 Status: ◝
 Job Id: ◝
 Elapsed Time: 2.46s

[2K[1A[2K[1A[2K[1A[2K[1A[2K[1A[2K[1A[2K[1A[2K[1A[2K[1A[2K[1A[2K[G
 ───────────────── Importing data ─────────────────

 ⣾ Creating ingest job 2.45s
 ◼ Processing the job

 Status: ◝
 Job Id: ◝
 Elapsed Time: 2.5s

[2K[1A[2K[1A[2K[1A[2K[1A[2K[1A[2K[1A[2K[1A[2K[1A[2K[1A[2K[1A[2K[G
 ───────────────── Importing data ─────────────────

 ⣾ Creating ingest job 2.48s
 ◼ Processing the job

 Status: ◝
 Job Id: ◝
 Elapsed Time: 2.52s

[2K[1A[2K[1A[2K[1A[2K[1A[2K[1A[2K[1A[2K[1A[2K[1A[2K[1A[2K[1A[2K[G
 ───────────────── Importing data ─────────────────

 ⣽ Creating ingest job 2.51s
 ◼ Processing the job

 Status: ◝
 Job Id: ◝
 Elapsed Time: 2.55s

[2K[1A[2K[1A[2K[1A[2K[1A[2K[1A[2K[1A[2K[1A[2K[1A[2K[1A[2K[1A[2K[G
 ───────────────── Importing data ─────────────────

 ⣽ Creating ingest job 2.54s
 ◼ Processing the job

 Status: ◞
 Job Id: ◞
 Elapsed Time: 2.58s

[2K[1A[2K[1A[2K[1A[2K[1A[2K[1A[2K[1A[2K[1A[2K[1A[2K[1A[2K[1A[2K[G
 ───────────────── Importing data ─────────────────

 ⣻ Creating ingest job 2.57s
 ◼ Processing the job

 Status: ◞
 Job Id: ◞
 Elapsed Time: 2.62s

[2K[1A[2K[1A[2K[1A[2K[1A[2K[1A[2K[1A[2K[1A[2K[1A[2K[1A[2K[1A[2K[G
 ───────────────── Importing data ─────────────────

 ⣻ Creating ingest job 2.59s
 ◼ Processing the job

 Status: ◞
 Job Id: ◞
 Elapsed Time: 2.65s

[2K[1A[2K[1A[2K[1A[2K[1A[2K[1A[2K[1A[2K[1A[2K[1A[2K[1A[2K[1A[2K[G
 ───────────────── Importing data ─────────────────

 ⣻ Creating ingest job 2.62s
 ◼ Processing the job

 Status: ◡
 Job Id: ◡
 Elapsed Time: 2.68s

[2K[1A[2K[1A[2K[1A[2K[1A[2K[1A[2K[1A[2K[1A[2K[1A[2K[1A[2K[1A[2K[G
 ───────────────── Importing data ─────────────────

 ⢿ Creating ingest job 2.65s
 ◼ Processing the job

 Status: ◡
 Job Id: ◡
 Elapsed Time: 2.71s

[2K[1A[2K[1A[2K[1A[2K[1A[2K[1A[2K[1A[2K[1A[2K[1A[2K[1A[2K[1A[2K[G
 ───────────────── Importing data ─────────────────

 ⢿ Creating ingest job 2.68s
 ◼ Processing the job

 Status: ◡
 Job Id: ◡
 Elapsed Time: 2.74s

[2K[1A[2K[1A[2K[1A[2K[1A[2K[1A[2K[1A[2K[1A[2K[1A[2K[1A[2K[1A[2K[G
 ───────────────── Importing data ─────────────────

 ⡿ Creating ingest job 2.72s
 ◼ Processing the job

 Status: ◟
 Job Id: ◟
 Elapsed Time: 2.77s

[2K[1A[2K[1A[2K[1A[2K[1A[2K[1A[2K[1A[2K[1A[2K[1A[2K[1A[2K[1A[2K[G
 ───────────────── Importing data ─────────────────

 ⡿ Creating ingest job 2.74s
 ◼ Processing the job

 Status: ◟
 Job Id: ◟
 Elapsed Time: 2.80s

[2K[1A[2K[1A[2K[1A[2K[1A[2K[1A[2K[1A[2K[1A[2K[1A[2K[1A[2K[1A[2K[G
 ───────────────── Importing data ─────────────────

 ⡿ Creating ingest job 2.77s
 ◼ Processing the job

 Status: ◟
 Job Id: ◟
 Elapsed Time: 2.83s

[2K[1A[2K[1A[2K[1A[2K[1A[2K[1A[2K[1A[2K[1A[2K[1A[2K[1A[2K[1A[2K[G
 ───────────────── Importing data ─────────────────

 ⣟ Creating ingest job 2.79s
 ◼ Processing the job

 Status: ◜
 Job Id: ◜
 Elapsed Time: 2.86s

[2K[1A[2K[1A[2K[1A[2K[1A[2K[1A[2K[1A[2K[1A[2K[1A[2K[1A[2K[1A[2K[G
 ───────────────── Importing data ─────────────────

 ⣟ Creating ingest job 2.83s
 ◼ Processing the job

 Status: ◜
 Job Id: ◜
 Elapsed Time: 2.89s

[2K[1A[2K[1A[2K[1A[2K[1A[2K[1A[2K[1A[2K[1A[2K[1A[2K[1A[2K[1A[2K[G
 ───────────────── Importing data ─────────────────

 ⣯ Creating ingest job 2.86s
 ◼ Processing the job

 Status: ◜
 Job Id: ◜
 Elapsed Time: 2.91s

[2K[1A[2K[1A[2K[1A[2K[1A[2K[1A[2K[1A[2K[1A[2K[1A[2K[1A[2K[1A[2K[G
 ───────────────── Importing data ─────────────────

 ⣯ Creating ingest job 2.89s
 ◼ Processing the job

 Status: ◠
 Job Id: ◠
 Elapsed Time: 2.94s

[2K[1A[2K[1A[2K[1A[2K[1A[2K[1A[2K[1A[2K[1A[2K[1A[2K[1A[2K[1A[2K[G
 ───────────────── Importing data ─────────────────

 ⣯ Creating ingest job 2.92s
 ◼ Processing the job

 Status: ◠
 Job Id: ◠
 Elapsed Time: 2.97s

[2K[1A[2K[1A[2K[1A[2K[1A[2K[1A[2K[1A[2K[1A[2K[1A[2K[1A[2K[1A[2K[G
 ───────────────── Importing data ─────────────────

 ⣷ Creating ingest job 2.95s
 ◼ Processing the job

 Status: ◠
 Job Id: ◠
 Elapsed Time: 3.00s

[2K[1A[2K[1A[2K[1A[2K[1A[2K[1A[2K[1A[2K[1A[2K[1A[2K[1A[2K[1A[2K[G
 ───────────────── Importing data ─────────────────

 ⣷ Creating ingest job 2.98s
 ◼ Processing the job

 Status: ◝
 Job Id: ◝
 Elapsed Time: 3.03s

[2K[1A[2K[1A[2K[1A[2K[1A[2K[1A[2K[1A[2K[1A[2K[1A[2K[1A[2K[1A[2K[G
 ───────────────── Importing data ─────────────────

 ⣾ Creating ingest job 3.01s
 ◼ Processing the job

 Status: ◝
 Job Id: ◝
 Elapsed Time: 3.06s

[2K[1A[2K[1A[2K[1A[2K[1A[2K[1A[2K[1A[2K[1A[2K[1A[2K[1A[2K[1A[2K[G
 ───────────────── Importing data ─────────────────

 ⣾ Creating ingest job 3.04s
 ◼ Processing the job

 Status: ◝
 Job Id: ◝
 Elapsed Time: 3.09s

[2K[1A[2K[1A[2K[1A[2K[1A[2K[1A[2K[1A[2K[1A[2K[1A[2K[1A[2K[1A[2K[G
 ───────────────── Importing data ─────────────────

 ⣾ Creating ingest job 3.07s
 ◼ Processing the job

 Status: ◞
 Job Id: ◞
 Elapsed Time: 3.12s

[2K[1A[2K[1A[2K[1A[2K[1A[2K[1A[2K[1A[2K[1A[2K[1A[2K[1A[2K[1A[2K[G
 ───────────────── Importing data ─────────────────

 ⣽ Creating ingest job 3.10s
 ◼ Processing the job

 Status: ◞
 Job Id: ◞
 Elapsed Time: 3.15s

[2K[1A[2K[1A[2K[1A[2K[1A[2K[1A[2K[1A[2K[1A[2K[1A[2K[1A[2K[1A[2K[G
 ───────────────── Importing data ─────────────────

 ⣽ Creating ingest job 3.13s
 ◼ Processing the job

 Status: ◞
 Job Id: ◞
 Elapsed Time: 3.18s

[2K[1A[2K[1A[2K[1A[2K[1A[2K[1A[2K[1A[2K[1A[2K[1A[2K[1A[2K[1A[2K[G
 ───────────────── Importing data ─────────────────

 ⣻ Creating ingest job 3.15s
 ◼ Processing the job

 Status: ◞
 Job Id: ◞
 Elapsed Time: 3.22s

[2K[1A[2K[1A[2K[1A[2K[1A[2K[1A[2K[1A[2K[1A[2K[1A[2K[1A[2K[1A[2K[G
 ───────────────── Importing data ─────────────────

 ⣻ Creating ingest job 3.18s
 ◼ Processing the job

 Status: ◡
 Job Id: ◡
 Elapsed Time: 3.25s

[2K[1A[2K[1A[2K[1A[2K[1A[2K[1A[2K[1A[2K[1A[2K[1A[2K[1A[2K[1A[2K[G
 ───────────────── Importing data ─────────────────

 ⣻ Creating ingest job 3.21s
 ◼ Processing the job

 Status: ◡
 Job Id: ◡
 Elapsed Time: 3.27s

[2K[1A[2K[1A[2K[1A[2K[1A[2K[1A[2K[1A[2K[1A[2K[1A[2K[1A[2K[1A[2K[G
 ───────────────── Importing data ─────────────────

 ⢿ Creating ingest job 3.24s
 ◼ Processing the job

 Status: ◡
 Job Id: ◡
 Elapsed Time: 3.30s

[2K[1A[2K[1A[2K[1A[2K[1A[2K[1A[2K[1A[2K[1A[2K[1A[2K[1A[2K[1A[2K[G
 ───────────────── Importing data ─────────────────

 ⢿ Creating ingest job 3.27s
 ◼ Processing the job

 Status: ◟
 Job Id: ◟
 Elapsed Time: 3.33s

[2K[1A[2K[1A[2K[1A[2K[1A[2K[1A[2K[1A[2K[1A[2K[1A[2K[1A[2K[1A[2K[G
 ───────────────── Importing data ─────────────────

 ⡿ Creating ingest job 3.30s
 ◼ Processing the job

 Status: ◟
 Job Id: ◟
 Elapsed Time: 3.37s

[2K[1A[2K[1A[2K[1A[2K[1A[2K[1A[2K[1A[2K[1A[2K[1A[2K[1A[2K[1A[2K[G
 ───────────────── Importing data ─────────────────

 ⡿ Creating ingest job 3.33s
 ◼ Processing the job

 Status: ◟
 Job Id: ◟
 Elapsed Time: 3.40s

[2K[1A[2K[1A[2K[1A[2K[1A[2K[1A[2K[1A[2K[1A[2K[1A[2K[1A[2K[1A[2K[G
 ───────────────── Importing data ─────────────────

 ⣟ Creating ingest job 3.36s
 ◼ Processing the job

 Status: ◜
 Job Id: ◜
 Elapsed Time: 3.43s

[2K[1A[2K[1A[2K[1A[2K[1A[2K[1A[2K[1A[2K[1A[2K[1A[2K[1A[2K[1A[2K[G
 ───────────────── Importing data ─────────────────

 ⣟ Creating ingest job 3.39s
 ◼ Processing the job

 Status: ◜
 Job Id: ◜
 Elapsed Time: 3.46s

[2K[1A[2K[1A[2K[1A[2K[1A[2K[1A[2K[1A[2K[1A[2K[1A[2K[1A[2K[1A[2K[G
 ───────────────── Importing data ─────────────────

 ⣟ Creating ingest job 3.41s
 ◼ Processing the job

 Status: ◜
 Job Id: ◜
 Elapsed Time: 3.49s

[2K[1A[2K[1A[2K[1A[2K[1A[2K[1A[2K[1A[2K[1A[2K[1A[2K[1A[2K[1A[2K[G
 ───────────────── Importing data ─────────────────

 ⣯ Creating ingest job 3.44s
 ◼ Processing the job

 Status: ◠
 Job Id: ◠
 Elapsed Time: 3.52s

[2K[1A[2K[1A[2K[1A[2K[1A[2K[1A[2K[1A[2K[1A[2K[1A[2K[1A[2K[1A[2K[G
 ───────────────── Importing data ─────────────────

 ⣯ Creating ingest job 3.47s
 ◼ Processing the job

 Status: ◠
 Job Id: ◠
 Elapsed Time: 3.55s

[2K[1A[2K[1A[2K[1A[2K[1A[2K[1A[2K[1A[2K[1A[2K[1A[2K[1A[2K[1A[2K[G
 ───────────────── Importing data ─────────────────

 ⣷ Creating ingest job 3.50s
 ◼ Processing the job

 Status: ◠
 Job Id: ◠
 Elapsed Time: 3.58s

[2K[1A[2K[1A[2K[1A[2K[1A[2K[1A[2K[1A[2K[1A[2K[1A[2K[1A[2K[1A[2K[G
 ───────────────── Importing data ─────────────────

 ⣷ Creating ingest job 3.53s
 ◼ Processing the job

 Status: ◝
 Job Id: ◝
 Elapsed Time: 3.61s

[2K[1A[2K[1A[2K[1A[2K[1A[2K[1A[2K[1A[2K[1A[2K[1A[2K[1A[2K[1A[2K[G
 ───────────────── Importing data ─────────────────

 ⣷ Creating ingest job 3.56s
 ◼ Processing the job

 Status: ◝
 Job Id: ◝
 Elapsed Time: 3.64s

[2K[1A[2K[1A[2K[1A[2K[1A[2K[1A[2K[1A[2K[1A[2K[1A[2K[1A[2K[1A[2K[G
 ───────────────── Importing data ─────────────────

 ⣾ Creating ingest job 3.58s
 ◼ Processing the job

 Status: ◝
 Job Id: ◝
 Elapsed Time: 3.67s

[2K[1A[2K[1A[2K[1A[2K[1A[2K[1A[2K[1A[2K[1A[2K[1A[2K[1A[2K[1A[2K[G
 ───────────────── Importing data ─────────────────

 ⣾ Creating ingest job 3.61s
 ◼ Processing the job

 Status: ◞
 Job Id: ◞
 Elapsed Time: 3.70s

[2K[1A[2K[1A[2K[1A[2K[1A[2K[1A[2K[1A[2K[1A[2K[1A[2K[1A[2K[1A[2K[G
 ───────────────── Importing data ─────────────────

 ⣽ Creating ingest job 3.64s
 ◼ Processing the job

 Status: ◞
 Job Id: ◞
 Elapsed Time: 3.73s

[2K[1A[2K[1A[2K[1A[2K[1A[2K[1A[2K[1A[2K[1A[2K[1A[2K[1A[2K[1A[2K[G
 ───────────────── Importing data ─────────────────

 ⣽ Creating ingest job 3.67s
 ◼ Processing the job

 Status: ◞
 Job Id: ◞
 Elapsed Time: 3.76s

[2K[1A[2K[1A[2K[1A[2K[1A[2K[1A[2K[1A[2K[1A[2K[1A[2K[1A[2K[1A[2K[G
 ───────────────── Importing data ─────────────────

 ⣽ Creating ingest job 3.70s
 ◼ Processing the job

 Status: ◡
 Job Id: ◡
 Elapsed Time: 3.78s

[2K[1A[2K[1A[2K[1A[2K[1A[2K[1A[2K[1A[2K[1A[2K[1A[2K[1A[2K[1A[2K[G
 ───────────────── Importing data ─────────────────

 ⣻ Creating ingest job 3.73s
 ◼ Processing the job

 Status: ◡
 Job Id: ◡
 Elapsed Time: 3.82s

[2K[1A[2K[1A[2K[1A[2K[1A[2K[1A[2K[1A[2K[1A[2K[1A[2K[1A[2K[1A[2K[G
 ───────────────── Importing data ─────────────────

 ⣻ Creating ingest job 3.75s
 ◼ Processing the job

 Status: ◡
 Job Id: ◡
 Elapsed Time: 3.85s

[2K[1A[2K[1A[2K[1A[2K[1A[2K[1A[2K[1A[2K[1A[2K[1A[2K[1A[2K[1A[2K[G
 ───────────────── Importing data ─────────────────

 ⢿ Creating ingest job 3.78s
 ◼ Processing the job

 Status: ◟
 Job Id: ◟
 Elapsed Time: 3.87s

[2K[1A[2K[1A[2K[1A[2K[1A[2K[1A[2K[1A[2K[1A[2K[1A[2K[1A[2K[1A[2K[G
 ───────────────── Importing data ─────────────────

 ⢿ Creating ingest job 3.81s
 ◼ Processing the job

 Status: ◟
 Job Id: ◟
 Elapsed Time: 3.91s

[2K[1A[2K[1A[2K[1A[2K[1A[2K[1A[2K[1A[2K[1A[2K[1A[2K[1A[2K[1A[2K[G
 ───────────────── Importing data ─────────────────

 ⢿ Creating ingest job 3.84s
 ◼ Processing the job

 Status: ◟
 Job Id: ◟
 Elapsed Time: 3.94s

[2K[1A[2K[1A[2K[1A[2K[1A[2K[1A[2K[1A[2K[1A[2K[1A[2K[1A[2K[1A[2K[G
 ───────────────── Importing data ─────────────────

 ⡿ Creating ingest job 3.87s
 ◼ Processing the job

 Status: ◜
 Job Id: ◜
 Elapsed Time: 3.97s

[2K[1A[2K[1A[2K[1A[2K[1A[2K[1A[2K[1A[2K[1A[2K[1A[2K[1A[2K[1A[2K[G
 ───────────────── Importing data ─────────────────

 ⡿ Creating ingest job 3.90s
 ◼ Processing the job

 Status: ◜
 Job Id: ◜
 Elapsed Time: 4.00s

[2K[1A[2K[1A[2K[1A[2K[1A[2K[1A[2K[1A[2K[1A[2K[1A[2K[1A[2K[1A[2K[G
 ───────────────── Importing data ─────────────────

 ⣟ Creating ingest job 3.93s
 ◼ Processing the job

 Status: ◜
 Job Id: ◜
 Elapsed Time: 4.03s

[2K[1A[2K[1A[2K[1A[2K[1A[2K[1A[2K[1A[2K[1A[2K[1A[2K[1A[2K[1A[2K[G
 ───────────────── Importing data ─────────────────

 ⣟ Creating ingest job 3.96s
 ◼ Processing the job

 Status: ◜
 Job Id: ◜
 Elapsed Time: 4.06s

[2K[1A[2K[1A[2K[1A[2K[1A[2K[1A[2K[1A[2K[1A[2K[1A[2K[1A[2K[1A[2K[G
 ───────────────── Importing data ─────────────────

 ⣟ Creating ingest job 3.99s
 ◼ Processing the job

 Status: ◠
 Job Id: ◠
 Elapsed Time: 4.09s

[2K[1A[2K[1A[2K[1A[2K[1A[2K[1A[2K[1A[2K[1A[2K[1A[2K[1A[2K[1A[2K[G
 ───────────────── Importing data ─────────────────

 ⣯ Creating ingest job 4.02s
 ◼ Processing the job

 Status: ◠
 Job Id: ◠
 Elapsed Time: 4.11s

[2K[1A[2K[1A[2K[1A[2K[1A[2K[1A[2K[1A[2K[1A[2K[1A[2K[1A[2K[1A[2K[G
 ───────────────── Importing data ─────────────────

 ⣯ Creating ingest job 4.05s
 ◼ Processing the job

 Status: ◠
 Job Id: ◠
 Elapsed Time: 4.14s

[2K[1A[2K[1A[2K[1A[2K[1A[2K[1A[2K[1A[2K[1A[2K[1A[2K[1A[2K[1A[2K[G
 ───────────────── Importing data ─────────────────

 ⣯ Creating ingest job 4.07s
 ◼ Processing the job

 Status: ◝
 Job Id: ◝
 Elapsed Time: 4.17s

[2K[1A[2K[1A[2K[1A[2K[1A[2K[1A[2K[1A[2K[1A[2K[1A[2K[1A[2K[1A[2K[G
 ───────────────── Importing data ─────────────────

 ⣷ Creating ingest job 4.11s
 ◼ Processing the job

 Status: ◝
 Job Id: ◝
 Elapsed Time: 4.20s

[2K[1A[2K[1A[2K[1A[2K[1A[2K[1A[2K[1A[2K[1A[2K[1A[2K[1A[2K[1A[2K[G
 ───────────────── Importing data ─────────────────

 ⣷ Creating ingest job 4.13s
 ◼ Processing the job

 Status: ◝
 Job Id: ◝
 Elapsed Time: 4.23s

[2K[1A[2K[1A[2K[1A[2K[1A[2K[1A[2K[1A[2K[1A[2K[1A[2K[1A[2K[1A[2K[G
 ───────────────── Importing data ─────────────────

 ⣾ Creating ingest job 4.16s
 ◼ Processing the job

 Status: ◞
 Job Id: ◞
 Elapsed Time: 4.26s

[2K[1A[2K[1A[2K[1A[2K[1A[2K[1A[2K[1A[2K[1A[2K[1A[2K[1A[2K[1A[2K[G
 ───────────────── Importing data ─────────────────

 ⣾ Creating ingest job 4.19s
 ◼ Processing the job

 Status: ◞
 Job Id: ◞
 Elapsed Time: 4.29s

[2K[1A[2K[1A[2K[1A[2K[1A[2K[1A[2K[1A[2K[1A[2K[1A[2K[1A[2K[1A[2K[G
 ───────────────── Importing data ─────────────────

 ⣾ Creating ingest job 4.22s
 ◼ Processing the job

 Status: ◞
 Job Id: ◞
 Elapsed Time: 4.32s

[2K[1A[2K[1A[2K[1A[2K[1A[2K[1A[2K[1A[2K[1A[2K[1A[2K[1A[2K[1A[2K[G
 ───────────────── Importing data ─────────────────

 ⣽ Creating ingest job 4.25s
 ◼ Processing the job

 Status: ◡
 Job Id: ◡
 Elapsed Time: 4.35s

[2K[1A[2K[1A[2K[1A[2K[1A[2K[1A[2K[1A[2K[1A[2K[1A[2K[1A[2K[1A[2K[G
 ───────────────── Importing data ─────────────────

 ⣽ Creating ingest job 4.28s
 ◼ Processing the job

 Status: ◡
 Job Id: ◡
 Elapsed Time: 4.38s

[2K[1A[2K[1A[2K[1A[2K[1A[2K[1A[2K[1A[2K[1A[2K[1A[2K[1A[2K[1A[2K[G
 ───────────────── Importing data ─────────────────

 ⣻ Creating ingest job 4.31s
 ◼ Processing the job

 Status: ◡
 Job Id: ◡
 Elapsed Time: 4.42s

[2K[1A[2K[1A[2K[1A[2K[1A[2K[1A[2K[1A[2K[1A[2K[1A[2K[1A[2K[1A[2K[G
 ───────────────── Importing data ─────────────────

 ⣻ Creating ingest job 4.34s
 ◼ Processing the job

 Status: ◟
 Job Id: ◟
 Elapsed Time: 4.45s

[2K[1A[2K[1A[2K[1A[2K[1A[2K[1A[2K[1A[2K[1A[2K[1A[2K[1A[2K[1A[2K[G
 ───────────────── Importing data ─────────────────

 ⣻ Creating ingest job 4.37s
 ◼ Processing the job

 Status: ◟
 Job Id: ◟
 Elapsed Time: 4.48s

[2K[1A[2K[1A[2K[1A[2K[1A[2K[1A[2K[1A[2K[1A[2K[1A[2K[1A[2K[1A[2K[G
 ───────────────── Importing data ─────────────────

 ⢿ Creating ingest job 4.40s
 ◼ Processing the job

 Status: ◟
 Job Id: ◟
 Elapsed Time: 4.50s

[2K[1A[2K[1A[2K[1A[2K[1A[2K[1A[2K[1A[2K[1A[2K[1A[2K[1A[2K[1A[2K[G
 ───────────────── Importing data ─────────────────

 ⢿ Creating ingest job 4.43s
 ◼ Processing the job

 Status: ◜
 Job Id: ◜
 Elapsed Time: 4.54s

[2K[1A[2K[1A[2K[1A[2K[1A[2K[1A[2K[1A[2K[1A[2K[1A[2K[1A[2K[1A[2K[G
 ───────────────── Importing data ─────────────────

 ⡿ Creating ingest job 4.46s
 ◼ Processing the job

 Status: ◜
 Job Id: ◜
 Elapsed Time: 4.57s

[2K[1A[2K[1A[2K[1A[2K[1A[2K[1A[2K[1A[2K[1A[2K[1A[2K[1A[2K[1A[2K[G
 ───────────────── Importing data ─────────────────

 ⡿ Creating ingest job 4.49s
 ◼ Processing the job

 Status: ◜
 Job Id: ◜
 Elapsed Time: 4.60s

[2K[1A[2K[1A[2K[1A[2K[1A[2K[1A[2K[1A[2K[1A[2K[1A[2K[1A[2K[1A[2K[G
 ───────────────── Importing data ─────────────────

 ⡿ Creating ingest job 4.52s
 ◼ Processing the job

 Status: ◠
 Job Id: ◠
 Elapsed Time: 4.63s

[2K[1A[2K[1A[2K[1A[2K[1A[2K[1A[2K[1A[2K[1A[2K[1A[2K[1A[2K[1A[2K[G
 ───────────────── Importing data ─────────────────

 ⣟ Creating ingest job 4.54s
 ◼ Processing the job

 Status: ◠
 Job Id: ◠
 Elapsed Time: 4.66s

[2K[1A[2K[1A[2K[1A[2K[1A[2K[1A[2K[1A[2K[1A[2K[1A[2K[1A[2K[1A[2K[G
 ───────────────── Importing data ─────────────────

 ⣟ Creating ingest job 4.57s
 ◼ Processing the job

 Status: ◠
 Job Id: ◠
 Elapsed Time: 4.68s

[2K[1A[2K[1A[2K[1A[2K[1A[2K[1A[2K[1A[2K[1A[2K[1A[2K[1A[2K[1A[2K[G
 ───────────────── Importing data ─────────────────

 ⣯ Creating ingest job 4.60s
 ◼ Processing the job

 Status: ◝
 Job Id: ◠
 Elapsed Time: 4.71s

[2K[1A[2K[1A[2K[1A[2K[1A[2K[1A[2K[1A[2K[1A[2K[1A[2K[1A[2K[1A[2K[G
 ───────────────── Importing data ─────────────────

 ⣯ Creating ingest job 4.63s
 ◼ Processing the job

 Status: ◝
 Job Id: ◝
 Elapsed Time: 4.74s

[2K[1A[2K[1A[2K[1A[2K[1A[2K[1A[2K[1A[2K[1A[2K[1A[2K[1A[2K[1A[2K[G
 ───────────────── Importing data ─────────────────

 ⣯ Creating ingest job 4.66s
 ◼ Processing the job

 Status: ◝
 Job Id: ◝
 Elapsed Time: 4.76s

[2K[1A[2K[1A[2K[1A[2K[1A[2K[1A[2K[1A[2K[1A[2K[1A[2K[1A[2K[1A[2K[G
 ───────────────── Importing data ─────────────────

 ⣷ Creating ingest job 4.70s
 ◼ Processing the job

 Status: ◝
 Job Id: ◝
 Elapsed Time: 4.79s

[2K[1A[2K[1A[2K[1A[2K[1A[2K[1A[2K[1A[2K[1A[2K[1A[2K[1A[2K[1A[2K[G
 ───────────────── Importing data ─────────────────

 ⣷ Creating ingest job 4.73s
 ◼ Processing the job

 Status: ◞
 Job Id: ◞
 Elapsed Time: 4.82s

[2K[1A[2K[1A[2K[1A[2K[1A[2K[1A[2K[1A[2K[1A[2K[1A[2K[1A[2K[1A[2K[G
 ───────────────── Importing data ─────────────────

 ⣾ Creating ingest job 4.75s
 ◼ Processing the job

 Status: ◞
 Job Id: ◞
 Elapsed Time: 4.85s

[2K[1A[2K[1A[2K[1A[2K[1A[2K[1A[2K[1A[2K[1A[2K[1A[2K[1A[2K[1A[2K[G
 ───────────────── Importing data ─────────────────

 ⣾ Creating ingest job 4.78s
 ◼ Processing the job

 Status: ◞
 Job Id: ◞
 Elapsed Time: 4.88s

[2K[1A[2K[1A[2K[1A[2K[1A[2K[1A[2K[1A[2K[1A[2K[1A[2K[1A[2K[1A[2K[G
 ───────────────── Importing data ─────────────────

 ✔ Creating ingest job 4.81s
 ⣾ Processing the job 7ms
   ▸ Processed records: ◜
   ▸ Successful records: ◜
   ▸ Failed records: ◜

 Status: ◡
 Job Id: ◡
 Elapsed Time: 4.92s

[2K[1A[2K[1A[2K[1A[2K[1A[2K[1A[2K[1A[2K[1A[2K[1A[2K[1A[2K[1A[2K[1A[2K[1A[2K[1A[2K[G
 ───────────────── Importing data ─────────────────

 ✔ Creating ingest job 4.81s
 ⣾ Processing the job 37ms
   ▸ Processed records: ◜
   ▸ Successful records: ◜
   ▸ Failed records: ◜

 Status: ◡
 Job Id: ◡
 Elapsed Time: 4.95s

[2K[1A[2K[1A[2K[1A[2K[1A[2K[1A[2K[1A[2K[1A[2K[1A[2K[1A[2K[1A[2K[1A[2K[1A[2K[1A[2K[G
 ───────────────── Importing data ─────────────────

 ✔ Creating ingest job 4.81s
 ⣾ Processing the job 68ms
   ▸ Processed records: ◜
   ▸ Successful records: ◜
   ▸ Failed records: ◜

 Status: ◡
 Job Id: ◡
 Elapsed Time: 4.98s

[2K[1A[2K[1A[2K[1A[2K[1A[2K[1A[2K[1A[2K[1A[2K[1A[2K[1A[2K[1A[2K[1A[2K[1A[2K[1A[2K[G
 ───────────────── Importing data ─────────────────

 ✔ Creating ingest job 4.81s
 ⣽ Processing the job 96ms
   ▸ Processed records: ◜
   ▸ Successful records: ◜
   ▸ Failed records: ◜

 Status: ◟
 Job Id: ◟
 Elapsed Time: 5.01s

[2K[1A[2K[1A[2K[1A[2K[1A[2K[1A[2K[1A[2K[1A[2K[1A[2K[1A[2K[1A[2K[1A[2K[1A[2K[1A[2K[G
 ───────────────── Importing data ─────────────────

 ✔ Creating ingest job 4.81s
 ⣽ Processing the job 125ms
   ▸ Processed records: ◠
   ▸ Successful records: ◠
   ▸ Failed records: ◠

 Status: ◟
 Job Id: ◟
 Elapsed Time: 5.04s

[2K[1A[2K[1A[2K[1A[2K[1A[2K[1A[2K[1A[2K[1A[2K[1A[2K[1A[2K[1A[2K[1A[2K[1A[2K[1A[2K[G
 ───────────────── Importing data ─────────────────

 ✔ Creating ingest job 4.81s
 ⣻ Processing the job 155ms
   ▸ Processed records: ◠
   ▸ Successful records: ◠
   ▸ Failed records: ◠

 Status: ◟
 Job Id: ◟
 Elapsed Time: 5.07s

[2K[1A[2K[1A[2K[1A[2K[1A[2K[1A[2K[1A[2K[1A[2K[1A[2K[1A[2K[1A[2K[1A[2K[1A[2K[1A[2K[G
 ───────────────── Importing data ─────────────────

 ✔ Creating ingest job 4.81s
 ⣻ Processing the job 179ms
   ▸ Processed records: ◠
   ▸ Successful records: ◠
   ▸ Failed records: ◠

 Status: ◜
 Job Id: ◜
 Elapsed Time: 5.10s

[2K[1A[2K[1A[2K[1A[2K[1A[2K[1A[2K[1A[2K[1A[2K[1A[2K[1A[2K[1A[2K[1A[2K[1A[2K[1A[2K[G
 ───────────────── Importing data ─────────────────

 ✔ Creating ingest job 4.81s
 ⣻ Processing the job 207ms
   ▸ Processed records: ◝
   ▸ Successful records: ◝
   ▸ Failed records: ◝

 Status: ◜
 Job Id: ◜
 Elapsed Time: 5.12s

[2K[1A[2K[1A[2K[1A[2K[1A[2K[1A[2K[1A[2K[1A[2K[1A[2K[1A[2K[1A[2K[1A[2K[1A[2K[1A[2K[G
 ───────────────── Importing data ─────────────────

 ✔ Creating ingest job 4.81s
 ⢿ Processing the job 239ms
   ▸ Processed records: ◝
   ▸ Successful records: ◝
   ▸ Failed records: ◝

 Status: ◜
 Job Id: ◜
 Elapsed Time: 5.15s

[2K[1A[2K[1A[2K[1A[2K[1A[2K[1A[2K[1A[2K[1A[2K[1A[2K[1A[2K[1A[2K[1A[2K[1A[2K[1A[2K[G
 ───────────────── Importing data ─────────────────

 ✔ Creating ingest job 4.81s
 ⢿ Processing the job 261ms
   ▸ Processed records: ◝
   ▸ Successful records: ◝
   ▸ Failed records: ◝

 Status: ◠
 Job Id: ◠
 Elapsed Time: 5.19s

[2K[1A[2K[1A[2K[1A[2K[1A[2K[1A[2K[1A[2K[1A[2K[1A[2K[1A[2K[1A[2K[1A[2K[1A[2K[1A[2K[G
 ───────────────── Importing data ─────────────────

 ✔ Creating ingest job 4.81s
 ⡿ Processing the job 288ms
   ▸ Processed records: ◞
   ▸ Successful records: ◞
   ▸ Failed records: ◞

 Status: ◠
 Job Id: ◠
 Elapsed Time: 5.22s

[2K[1A[2K[1A[2K[1A[2K[1A[2K[1A[2K[1A[2K[1A[2K[1A[2K[1A[2K[1A[2K[1A[2K[1A[2K[1A[2K[G
 ───────────────── Importing data ─────────────────

 ✔ Creating ingest job 4.81s
 ⡿ Processing the job 314ms
   ▸ Processed records: ◞
   ▸ Successful records: ◞
   ▸ Failed records: ◞

 Status: ◠
 Job Id: ◠
 Elapsed Time: 5.25s

[2K[1A[2K[1A[2K[1A[2K[1A[2K[1A[2K[1A[2K[1A[2K[1A[2K[1A[2K[1A[2K[1A[2K[1A[2K[1A[2K[G
 ───────────────── Importing data ─────────────────

 ✔ Creating ingest job 4.81s
 ⡿ Processing the job 341ms
   ▸ Processed records: ◞
   ▸ Successful records: ◞
   ▸ Failed records: ◞

 Status: ◝
 Job Id: ◝
 Elapsed Time: 5.28s

[2K[1A[2K[1A[2K[1A[2K[1A[2K[1A[2K[1A[2K[1A[2K[1A[2K[1A[2K[1A[2K[1A[2K[1A[2K[1A[2K[G
 ───────────────── Importing data ─────────────────

 ✔ Creating ingest job 4.81s
 ⣟ Processing the job 371ms
   ▸ Processed records: ◡
   ▸ Successful records: ◡
   ▸ Failed records: ◡

 Status: ◝
 Job Id: ◝
 Elapsed Time: 5.31s

[2K[1A[2K[1A[2K[1A[2K[1A[2K[1A[2K[1A[2K[1A[2K[1A[2K[1A[2K[1A[2K[1A[2K[1A[2K[1A[2K[G
 ───────────────── Importing data ─────────────────

 ✔ Creating ingest job 4.81s
 ⣟ Processing the job 398ms
   ▸ Processed records: ◡
   ▸ Successful records: ◡
   ▸ Failed records: ◡

 Status: ◝
 Job Id: ◝
 Elapsed Time: 5.34s

[2K[1A[2K[1A[2K[1A[2K[1A[2K[1A[2K[1A[2K[1A[2K[1A[2K[1A[2K[1A[2K[1A[2K[1A[2K[1A[2K[G
 ───────────────── Importing data ─────────────────

 ✔ Creating ingest job 4.81s
 ⣯ Processing the job 425ms
   ▸ Processed records: ◡
   ▸ Successful records: ◡
   ▸ Failed records: ◡

 Status: ◞
 Job Id: ◝
 Elapsed Time: 5.37s

[2K[1A[2K[1A[2K[1A[2K[1A[2K[1A[2K[1A[2K[1A[2K[1A[2K[1A[2K[1A[2K[1A[2K[1A[2K[1A[2K[G
 ───────────────── Importing data ─────────────────

 ✔ Creating ingest job 4.81s
 ⣯ Processing the job 454ms
   ▸ Processed records: ◟
   ▸ Successful records: ◟
   ▸ Failed records: ◟

 Status: ◞
 Job Id: ◞
 Elapsed Time: 5.40s

[2K[1A[2K[1A[2K[1A[2K[1A[2K[1A[2K[1A[2K[1A[2K[1A[2K[1A[2K[1A[2K[1A[2K[1A[2K[1A[2K[G
 ───────────────── Importing data ─────────────────

 ✔ Creating ingest job 4.81s
 ⣯ Processing the job 484ms
   ▸ Processed records: ◟
   ▸ Successful records: ◟
   ▸ Failed records: ◟

 Status: ◞
 Job Id: ◞
 Elapsed Time: 5.44s

[2K[1A[2K[1A[2K[1A[2K[1A[2K[1A[2K[1A[2K[1A[2K[1A[2K[1A[2K[1A[2K[1A[2K[1A[2K[1A[2K[G
 ───────────────── Importing data ─────────────────

 ✔ Creating ingest job 4.81s
 ⣷ Processing the job 513ms
   ▸ Processed records: ◟
   ▸ Successful records: ◟
   ▸ Failed records: ◟

 Status: ◡
 Job Id: ◞
 Elapsed Time: 5.46s

[2K[1A[2K[1A[2K[1A[2K[1A[2K[1A[2K[1A[2K[1A[2K[1A[2K[1A[2K[1A[2K[1A[2K[1A[2K[1A[2K[G
 ───────────────── Importing data ─────────────────

 ✔ Creating ingest job 4.81s
 ⣷ Processing the job 540ms
   ▸ Processed records: ◜
   ▸ Successful records: ◜
   ▸ Failed records: ◜

 Status: ◡
 Job Id: ◡
 Elapsed Time: 5.49s

[2K[1A[2K[1A[2K[1A[2K[1A[2K[1A[2K[1A[2K[1A[2K[1A[2K[1A[2K[1A[2K[1A[2K[1A[2K[1A[2K[G
 ───────────────── Importing data ─────────────────

 ✔ Creating ingest job 4.81s
 ⣾ Processing the job 570ms
   ▸ Processed records: ◜
   ▸ Successful records: ◜
   ▸ Failed records: ◜

 Status: ◡
 Job Id: ◡
 Elapsed Time: 5.52s

[2K[1A[2K[1A[2K[1A[2K[1A[2K[1A[2K[1A[2K[1A[2K[1A[2K[1A[2K[1A[2K[1A[2K[1A[2K[1A[2K[G
 ───────────────── Importing data ─────────────────

 ✔ Creating ingest job 4.81s
 ⣾ Processing the job 596ms
   ▸ Processed records: ◜
   ▸ Successful records: ◜
   ▸ Failed records: ◜

 Status: ◡
 Job Id: ◡
 Elapsed Time: 5.55s

[2K[1A[2K[1A[2K[1A[2K[1A[2K[1A[2K[1A[2K[1A[2K[1A[2K[1A[2K[1A[2K[1A[2K[1A[2K[1A[2K[G
 ───────────────── Importing data ─────────────────

 ✔ Creating ingest job 4.81s
 ⣾ Processing the job 623ms
   ▸ Processed records: ◠
   ▸ Successful records: ◠
   ▸ Failed records: ◠

 Status: ◟
 Job Id: ◟
 Elapsed Time: 5.58s

[2K[1A[2K[1A[2K[1A[2K[1A[2K[1A[2K[1A[2K[1A[2K[1A[2K[1A[2K[1A[2K[1A[2K[1A[2K[1A[2K[G
 ───────────────── Importing data ─────────────────

 ✔ Creating ingest job 4.81s
 ⣽ Processing the job 653ms
   ▸ Processed records: ◠
   ▸ Successful records: ◠
   ▸ Failed records: ◠

 Status: ◟
 Job Id: ◟
 Elapsed Time: 5.61s

[2K[1A[2K[1A[2K[1A[2K[1A[2K[1A[2K[1A[2K[1A[2K[1A[2K[1A[2K[1A[2K[1A[2K[1A[2K[1A[2K[G
 ───────────────── Importing data ─────────────────

 ✔ Creating ingest job 4.81s
 ⣽ Processing the job 683ms
   ▸ Processed records: ◠
   ▸ Successful records: ◠
   ▸ Failed records: ◠

 Status: ◟
 Job Id: ◟
 Elapsed Time: 5.64s

[2K[1A[2K[1A[2K[1A[2K[1A[2K[1A[2K[1A[2K[1A[2K[1A[2K[1A[2K[1A[2K[1A[2K[1A[2K[1A[2K[G
 ───────────────── Importing data ─────────────────

 ✔ Creating ingest job 4.81s
 ⣻ Processing the job 709ms
   ▸ Processed records: ◝
   ▸ Successful records: ◝
   ▸ Failed records: ◝

 Status: ◜
 Job Id: ◜
 Elapsed Time: 5.67s

[2K[1A[2K[1A[2K[1A[2K[1A[2K[1A[2K[1A[2K[1A[2K[1A[2K[1A[2K[1A[2K[1A[2K[1A[2K[1A[2K[G
 ───────────────── Importing data ─────────────────

 ✔ Creating ingest job 4.81s
 ⣻ Processing the job 735ms
   ▸ Processed records: ◝
   ▸ Successful records: ◝
   ▸ Failed records: ◝

 Status: ◜
 Job Id: ◜
 Elapsed Time: 5.70s

[2K[1A[2K[1A[2K[1A[2K[1A[2K[1A[2K[1A[2K[1A[2K[1A[2K[1A[2K[1A[2K[1A[2K[1A[2K[1A[2K[G
 ───────────────── Importing data ─────────────────

 ✔ Creating ingest job 4.81s
 ⣻ Processing the job 757ms
   ▸ Processed records: ◝
   ▸ Successful records: ◝
   ▸ Failed records: ◝

 Status: ◜
 Job Id: ◜
 Elapsed Time: 5.73s

[2K[1A[2K[1A[2K[1A[2K[1A[2K[1A[2K[1A[2K[1A[2K[1A[2K[1A[2K[1A[2K[1A[2K[1A[2K[1A[2K[G
 ───────────────── Importing data ─────────────────

 ✔ Creating ingest job 4.81s
 ⢿ Processing the job 789ms
   ▸ Processed records: ◝
   ▸ Successful records: ◝
   ▸ Failed records: ◝

 Status: ◠
 Job Id: ◠
 Elapsed Time: 5.76s

[2K[1A[2K[1A[2K[1A[2K[1A[2K[1A[2K[1A[2K[1A[2K[1A[2K[1A[2K[1A[2K[1A[2K[1A[2K[1A[2K[G
 ───────────────── Importing data ─────────────────

 ✔ Creating ingest job 4.81s
 ⢿ Processing the job 814ms
   ▸ Processed records: ◞
   ▸ Successful records: ◞
   ▸ Failed records: ◞

 Status: ◠
 Job Id: ◠
 Elapsed Time: 5.79s

[2K[1A[2K[1A[2K[1A[2K[1A[2K[1A[2K[1A[2K[1A[2K[1A[2K[1A[2K[1A[2K[1A[2K[1A[2K[1A[2K[G
 ───────────────── Importing data ─────────────────

 ✔ Creating ingest job 4.81s
 ⡿ Processing the job 845ms
   ▸ Processed records: ◞
   ▸ Successful records: ◞
   ▸ Failed records: ◞

 Status: ◠
 Job Id: ◠
 Elapsed Time: 5.82s

[2K[1A[2K[1A[2K[1A[2K[1A[2K[1A[2K[1A[2K[1A[2K[1A[2K[1A[2K[1A[2K[1A[2K[1A[2K[1A[2K[G
 ───────────────── Importing data ─────────────────

 ✔ Creating ingest job 4.81s
 ⡿ Processing the job 874ms
   ▸ Processed records: ◞
   ▸ Successful records: ◞
   ▸ Failed records: ◞

 Status: ◝
 Job Id: ◝
 Elapsed Time: 5.86s

[2K[1A[2K[1A[2K[1A[2K[1A[2K[1A[2K[1A[2K[1A[2K[1A[2K[1A[2K[1A[2K[1A[2K[1A[2K[1A[2K[G
 ───────────────── Importing data ─────────────────

 ✔ Creating ingest job 4.81s
 ⡿ Processing the job 901ms
   ▸ Processed records: ◡
   ▸ Successful records: ◡
   ▸ Failed records: ◡

 Status: ◝
 Job Id: ◝
 Elapsed Time: 5.89s

[2K[1A[2K[1A[2K[1A[2K[1A[2K[1A[2K[1A[2K[1A[2K[1A[2K[1A[2K[1A[2K[1A[2K[1A[2K[1A[2K[G
 ───────────────── Importing data ─────────────────

 ✔ Creating ingest job 4.81s
 ⣟ Processing the job 930ms
   ▸ Processed records: ◡
   ▸ Successful records: ◡
   ▸ Failed records: ◡

 Status: ◝
 Job Id: ◝
 Elapsed Time: 5.92s

[2K[1A[2K[1A[2K[1A[2K[1A[2K[1A[2K[1A[2K[1A[2K[1A[2K[1A[2K[1A[2K[1A[2K[1A[2K[1A[2K[G
 ───────────────── Importing data ─────────────────

 ✔ Creating ingest job 4.81s
 ⣟ Processing the job 960ms
   ▸ Processed records: ◡
   ▸ Successful records: ◡
   ▸ Failed records: ◡

 Status: ◞
 Job Id: ◞
 Elapsed Time: 5.95s

[2K[1A[2K[1A[2K[1A[2K[1A[2K[1A[2K[1A[2K[1A[2K[1A[2K[1A[2K[1A[2K[1A[2K[1A[2K[1A[2K[G
 ───────────────── Importing data ─────────────────

 ✔ Creating ingest job 4.81s
 ⣯ Processing the job 990ms
   ▸ Processed records: ◟
   ▸ Successful records: ◟
   ▸ Failed records: ◟

 Status: ◞
 Job Id: ◞
 Elapsed Time: 5.98s

[2K[1A[2K[1A[2K[1A[2K[1A[2K[1A[2K[1A[2K[1A[2K[1A[2K[1A[2K[1A[2K[1A[2K[1A[2K[1A[2K[G
 ───────────────── Importing data ─────────────────

 ✔ Creating ingest job 4.81s
 ⣯ Processing the job 1.02s
   ▸ Processed records: ◟
   ▸ Successful records: ◟
   ▸ Failed records: ◟

 Status: ◞
 Job Id: ◞
 Elapsed Time: 6.00s

[2K[1A[2K[1A[2K[1A[2K[1A[2K[1A[2K[1A[2K[1A[2K[1A[2K[1A[2K[1A[2K[1A[2K[1A[2K[1A[2K[G
 ───────────────── Importing data ─────────────────

 ✔ Creating ingest job 4.81s
 ⣯ Processing the job 1.05s
   ▸ Processed records: ◟
   ▸ Successful records: ◟
   ▸ Failed records: ◟

 Status: ◡
 Job Id: ◡
 Elapsed Time: 6.04s

[2K[1A[2K[1A[2K[1A[2K[1A[2K[1A[2K[1A[2K[1A[2K[1A[2K[1A[2K[1A[2K[1A[2K[1A[2K[1A[2K[G
 ───────────────── Importing data ─────────────────

 ✔ Creating ingest job 4.81s
 ⣷ Processing the job 1.08s
   ▸ Processed records: ◜
   ▸ Successful records: ◜
   ▸ Failed records: ◜

 Status: ◡
 Job Id: ◡
 Elapsed Time: 6.07s

[2K[1A[2K[1A[2K[1A[2K[1A[2K[1A[2K[1A[2K[1A[2K[1A[2K[1A[2K[1A[2K[1A[2K[1A[2K[1A[2K[G
 ───────────────── Importing data ─────────────────

 ✔ Creating ingest job 4.81s
 ⣷ Processing the job 1.10s
   ▸ Processed records: ◜
   ▸ Successful records: ◜
   ▸ Failed records: ◜

 Status: ◡
 Job Id: ◡
 Elapsed Time: 6.10s

[2K[1A[2K[1A[2K[1A[2K[1A[2K[1A[2K[1A[2K[1A[2K[1A[2K[1A[2K[1A[2K[1A[2K[1A[2K[1A[2K[G
 ───────────────── Importing data ─────────────────

 ✔ Creating ingest job 4.81s
 ⣾ Processing the job 1.13s
   ▸ Processed records: ◜
   ▸ Successful records: ◜
   ▸ Failed records: ◜

 Status: ◟
 Job Id: ◡
 Elapsed Time: 6.13s

[2K[1A[2K[1A[2K[1A[2K[1A[2K[1A[2K[1A[2K[1A[2K[1A[2K[1A[2K[1A[2K[1A[2K[1A[2K[1A[2K[G
 ───────────────── Importing data ─────────────────

 ✔ Creating ingest job 4.81s
 ⣾ Processing the job 1.16s
   ▸ Processed records: ◠
   ▸ Successful records: ◠
   ▸ Failed records: ◠

 Status: ◟
 Job Id: ◟
 Elapsed Time: 6.16s

[2K[1A[2K[1A[2K[1A[2K[1A[2K[1A[2K[1A[2K[1A[2K[1A[2K[1A[2K[1A[2K[1A[2K[1A[2K[1A[2K[G
 ───────────────── Importing data ─────────────────

 ✔ Creating ingest job 4.81s
 ⣾ Processing the job 1.19s
   ▸ Processed records: ◠
   ▸ Successful records: ◠
   ▸ Failed records: ◠

 Status: ◟
 Job Id: ◟
 Elapsed Time: 6.19s

[2K[1A[2K[1A[2K[1A[2K[1A[2K[1A[2K[1A[2K[1A[2K[1A[2K[1A[2K[1A[2K[1A[2K[1A[2K[1A[2K[G
 ───────────────── Importing data ─────────────────

 ✔ Creating ingest job 4.81s
 ⣽ Processing the job 1.22s
   ▸ Processed records: ◠
   ▸ Successful records: ◠
   ▸ Failed records: ◠

 Status: ◜
 Job Id: ◟
 Elapsed Time: 6.23s

[2K[1A[2K[1A[2K[1A[2K[1A[2K[1A[2K[1A[2K[1A[2K[1A[2K[1A[2K[1A[2K[1A[2K[1A[2K[1A[2K[G
 ───────────────── Importing data ─────────────────

 ✔ Creating ingest job 4.81s
 ⣽ Processing the job 1.25s
   ▸ Processed records: ◝
   ▸ Successful records: ◝
   ▸ Failed records: ◝

 Status: ◜
 Job Id: ◜
 Elapsed Time: 6.25s

[2K[1A[2K[1A[2K[1A[2K[1A[2K[1A[2K[1A[2K[1A[2K[1A[2K[1A[2K[1A[2K[1A[2K[1A[2K[1A[2K[G
 ───────────────── Importing data ─────────────────

 ✔ Creating ingest job 4.81s
 ⣻ Processing the job 1.29s
   ▸ Processed records: ◝
   ▸ Successful records: ◝
   ▸ Failed records: ◝

 Status: ◜
 Job Id: ◜
 Elapsed Time: 6.29s

[2K[1A[2K[1A[2K[1A[2K[1A[2K[1A[2K[1A[2K[1A[2K[1A[2K[1A[2K[1A[2K[1A[2K[1A[2K[1A[2K[G
 ───────────────── Importing data ─────────────────

 ✔ Creating ingest job 4.81s
 ⣻ Processing the job 1.32s
   ▸ Processed records: ◝
   ▸ Successful records: ◝
   ▸ Failed records: ◝

 Status: ◜
 Job Id: ◜
 Elapsed Time: 6.32s

[2K[1A[2K[1A[2K[1A[2K[1A[2K[1A[2K[1A[2K[1A[2K[1A[2K[1A[2K[1A[2K[1A[2K[1A[2K[1A[2K[G
 ───────────────── Importing data ─────────────────

 ✔ Creating ingest job 4.81s
 ⣻ Processing the job 1.35s
   ▸ Processed records: ◞
   ▸ Successful records: ◞
   ▸ Failed records: ◞

 Status: ◠
 Job Id: ◠
 Elapsed Time: 6.34s

[2K[1A[2K[1A[2K[1A[2K[1A[2K[1A[2K[1A[2K[1A[2K[1A[2K[1A[2K[1A[2K[1A[2K[1A[2K[1A[2K[G
 ───────────────── Importing data ─────────────────

 ✔ Creating ingest job 4.81s
 ⢿ Processing the job 1.37s
   ▸ Processed records: ◞
   ▸ Successful records: ◞
   ▸ Failed records: ◞

 Status: ◠
 Job Id: ◠
 Elapsed Time: 6.37s

[2K[1A[2K[1A[2K[1A[2K[1A[2K[1A[2K[1A[2K[1A[2K[1A[2K[1A[2K[1A[2K[1A[2K[1A[2K[1A[2K[G
 ───────────────── Importing data ─────────────────

 ✔ Creating ingest job 4.81s
 ⢿ Processing the job 1.40s
   ▸ Processed records: ◞
   ▸ Successful records: ◞
   ▸ Failed records: ◞

 Status: ◠
 Job Id: ◠
 Elapsed Time: 6.40s

[2K[1A[2K[1A[2K[1A[2K[1A[2K[1A[2K[1A[2K[1A[2K[1A[2K[1A[2K[1A[2K[1A[2K[1A[2K[1A[2K[G
 ───────────────── Importing data ─────────────────

 ✔ Creating ingest job 4.81s
 ⡿ Processing the job 1.44s
   ▸ Processed records: ◡
   ▸ Successful records: ◡
   ▸ Failed records: ◡

 Status: UploadComplete
 Job Id:
 750ct00000USLZhAAP (https://fortra--mergebuild.sandbox.my.salesforce.com/lightn
 ing/setup/AsyncApiJobStatus/page?address=%2F750ct00000USLZhAAP)
 Elapsed Time: 6.43s

[2K[1A[2K[1A[2K[1A[2K[1A[2K[1A[2K[1A[2K[1A[2K[1A[2K[1A[2K[1A[2K[1A[2K[1A[2K[1A[2K[1A[2K[1A[2K[G
 ───────────────── Importing data ─────────────────

 ✔ Creating ingest job 4.81s
 ⡿ Processing the job 1.47s
   ▸ Processed records: ◡
   ▸ Successful records: ◡
   ▸ Failed records: ◡

 Status: UploadComplete
 Job Id:
 750ct00000USLZhAAP (https://fortra--mergebuild.sandbox.my.salesforce.com/lightn
 ing/setup/AsyncApiJobStatus/page?address=%2F750ct00000USLZhAAP)
 Elapsed Time: 6.46s

[2K[1A[2K[1A[2K[1A[2K[1A[2K[1A[2K[1A[2K[1A[2K[1A[2K[1A[2K[1A[2K[1A[2K[1A[2K[1A[2K[1A[2K[1A[2K[G
 ───────────────── Importing data ─────────────────

 ✔ Creating ingest job 4.81s
 ⡿ Processing the job 1.50s
   ▸ Processed records: ◡
   ▸ Successful records: ◡
   ▸ Failed records: ◡

 Status: UploadComplete
 Job Id:
 750ct00000USLZhAAP (https://fortra--mergebuild.sandbox.my.salesforce.com/lightn
 ing/setup/AsyncApiJobStatus/page?address=%2F750ct00000USLZhAAP)
 Elapsed Time: 6.50s

[2K[1A[2K[1A[2K[1A[2K[1A[2K[1A[2K[1A[2K[1A[2K[1A[2K[1A[2K[1A[2K[1A[2K[1A[2K[1A[2K[1A[2K[1A[2K[G
 ───────────────── Importing data ─────────────────

 ✔ Creating ingest job 4.81s
 ⣟ Processing the job 1.53s
   ▸ Processed records: ◡
   ▸ Successful records: ◡
   ▸ Failed records: ◡

 Status: UploadComplete
 Job Id:
 750ct00000USLZhAAP (https://fortra--mergebuild.sandbox.my.salesforce.com/lightn
 ing/setup/AsyncApiJobStatus/page?address=%2F750ct00000USLZhAAP)
 Elapsed Time: 6.52s

[2K[1A[2K[1A[2K[1A[2K[1A[2K[1A[2K[1A[2K[1A[2K[1A[2K[1A[2K[1A[2K[1A[2K[1A[2K[1A[2K[1A[2K[1A[2K[G
 ───────────────── Importing data ─────────────────

 ✔ Creating ingest job 4.81s
 ⣟ Processing the job 1.56s
   ▸ Processed records: ◟
   ▸ Successful records: ◟
   ▸ Failed records: ◟

 Status: UploadComplete
 Job Id:
 750ct00000USLZhAAP (https://fortra--mergebuild.sandbox.my.salesforce.com/lightn
 ing/setup/AsyncApiJobStatus/page?address=%2F750ct00000USLZhAAP)
 Elapsed Time: 6.55s

[2K[1A[2K[1A[2K[1A[2K[1A[2K[1A[2K[1A[2K[1A[2K[1A[2K[1A[2K[1A[2K[1A[2K[1A[2K[1A[2K[1A[2K[1A[2K[G
 ───────────────── Importing data ─────────────────

 ✔ Creating ingest job 4.81s
 ⣯ Processing the job 1.59s
   ▸ Processed records: ◟
   ▸ Successful records: ◟
   ▸ Failed records: ◟

 Status: UploadComplete
 Job Id:
 750ct00000USLZhAAP (https://fortra--mergebuild.sandbox.my.salesforce.com/lightn
 ing/setup/AsyncApiJobStatus/page?address=%2F750ct00000USLZhAAP)
 Elapsed Time: 6.58s

[2K[1A[2K[1A[2K[1A[2K[1A[2K[1A[2K[1A[2K[1A[2K[1A[2K[1A[2K[1A[2K[1A[2K[1A[2K[1A[2K[1A[2K[1A[2K[G
 ───────────────── Importing data ─────────────────

 ✔ Creating ingest job 4.81s
 ⣯ Processing the job 1.62s
   ▸ Processed records: ◟
   ▸ Successful records: ◟
   ▸ Failed records: ◟

 Status: UploadComplete
 Job Id:
 750ct00000USLZhAAP (https://fortra--mergebuild.sandbox.my.salesforce.com/lightn
 ing/setup/AsyncApiJobStatus/page?address=%2F750ct00000USLZhAAP)
 Elapsed Time: 6.61s

[2K[1A[2K[1A[2K[1A[2K[1A[2K[1A[2K[1A[2K[1A[2K[1A[2K[1A[2K[1A[2K[1A[2K[1A[2K[1A[2K[1A[2K[1A[2K[G
 ───────────────── Importing data ─────────────────

 ✔ Creating ingest job 4.81s
 ⣯ Processing the job 1.64s
   ▸ Processed records: ◜
   ▸ Successful records: ◜
   ▸ Failed records: ◜

 Status: UploadComplete
 Job Id:
 750ct00000USLZhAAP (https://fortra--mergebuild.sandbox.my.salesforce.com/lightn
 ing/setup/AsyncApiJobStatus/page?address=%2F750ct00000USLZhAAP)
 Elapsed Time: 6.64s

[2K[1A[2K[1A[2K[1A[2K[1A[2K[1A[2K[1A[2K[1A[2K[1A[2K[1A[2K[1A[2K[1A[2K[1A[2K[1A[2K[1A[2K[1A[2K[G
 ───────────────── Importing data ─────────────────

 ✔ Creating ingest job 4.81s
 ⣷ Processing the job 1.67s
   ▸ Processed records: ◜
   ▸ Successful records: ◜
   ▸ Failed records: ◜

 Status: UploadComplete
 Job Id:
 750ct00000USLZhAAP (https://fortra--mergebuild.sandbox.my.salesforce.com/lightn
 ing/setup/AsyncApiJobStatus/page?address=%2F750ct00000USLZhAAP)
 Elapsed Time: 6.67s

[2K[1A[2K[1A[2K[1A[2K[1A[2K[1A[2K[1A[2K[1A[2K[1A[2K[1A[2K[1A[2K[1A[2K[1A[2K[1A[2K[1A[2K[1A[2K[G
 ───────────────── Importing data ─────────────────

 ✔ Creating ingest job 4.81s
 ⣷ Processing the job 1.70s
   ▸ Processed records: ◜
   ▸ Successful records: ◜
   ▸ Failed records: ◜

 Status: UploadComplete
 Job Id:
 750ct00000USLZhAAP (https://fortra--mergebuild.sandbox.my.salesforce.com/lightn
 ing/setup/AsyncApiJobStatus/page?address=%2F750ct00000USLZhAAP)
 Elapsed Time: 6.70s

[2K[1A[2K[1A[2K[1A[2K[1A[2K[1A[2K[1A[2K[1A[2K[1A[2K[1A[2K[1A[2K[1A[2K[1A[2K[1A[2K[1A[2K[1A[2K[G
 ───────────────── Importing data ─────────────────

 ✔ Creating ingest job 4.81s
 ⣾ Processing the job 1.73s
   ▸ Processed records: ◠
   ▸ Successful records: ◠
   ▸ Failed records: ◠

 Status: UploadComplete
 Job Id:
 750ct00000USLZhAAP (https://fortra--mergebuild.sandbox.my.salesforce.com/lightn
 ing/setup/AsyncApiJobStatus/page?address=%2F750ct00000USLZhAAP)
 Elapsed Time: 6.73s

[2K[1A[2K[1A[2K[1A[2K[1A[2K[1A[2K[1A[2K[1A[2K[1A[2K[1A[2K[1A[2K[1A[2K[1A[2K[1A[2K[1A[2K[1A[2K[G
 ───────────────── Importing data ─────────────────

 ✔ Creating ingest job 4.81s
 ⣾ Processing the job 1.76s
   ▸ Processed records: ◠
   ▸ Successful records: ◠
   ▸ Failed records: ◠

 Status: UploadComplete
 Job Id:
 750ct00000USLZhAAP (https://fortra--mergebuild.sandbox.my.salesforce.com/lightn
 ing/setup/AsyncApiJobStatus/page?address=%2F750ct00000USLZhAAP)
 Elapsed Time: 6.76s

[2K[1A[2K[1A[2K[1A[2K[1A[2K[1A[2K[1A[2K[1A[2K[1A[2K[1A[2K[1A[2K[1A[2K[1A[2K[1A[2K[1A[2K[1A[2K[G
 ───────────────── Importing data ─────────────────

 ✔ Creating ingest job 4.81s
 ⣾ Processing the job 1.79s
   ▸ Processed records: ◠
   ▸ Successful records: ◠
   ▸ Failed records: ◠

 Status: UploadComplete
 Job Id:
 750ct00000USLZhAAP (https://fortra--mergebuild.sandbox.my.salesforce.com/lightn
 ing/setup/AsyncApiJobStatus/page?address=%2F750ct00000USLZhAAP)
 Elapsed Time: 6.79s

[2K[1A[2K[1A[2K[1A[2K[1A[2K[1A[2K[1A[2K[1A[2K[1A[2K[1A[2K[1A[2K[1A[2K[1A[2K[1A[2K[1A[2K[1A[2K[G
 ───────────────── Importing data ─────────────────

 ✔ Creating ingest job 4.81s
 ⣽ Processing the job 1.82s
   ▸ Processed records: ◝
   ▸ Successful records: ◝
   ▸ Failed records: ◝

 Status: UploadComplete
 Job Id:
 750ct00000USLZhAAP (https://fortra--mergebuild.sandbox.my.salesforce.com/lightn
 ing/setup/AsyncApiJobStatus/page?address=%2F750ct00000USLZhAAP)
 Elapsed Time: 6.82s

[2K[1A[2K[1A[2K[1A[2K[1A[2K[1A[2K[1A[2K[1A[2K[1A[2K[1A[2K[1A[2K[1A[2K[1A[2K[1A[2K[1A[2K[1A[2K[G
 ───────────────── Importing data ─────────────────

 ✔ Creating ingest job 4.81s
 ⣽ Processing the job 1.85s
   ▸ Processed records: ◝
   ▸ Successful records: ◝
   ▸ Failed records: ◝

 Status: UploadComplete
 Job Id:
 750ct00000USLZhAAP (https://fortra--mergebuild.sandbox.my.salesforce.com/lightn
 ing/setup/AsyncApiJobStatus/page?address=%2F750ct00000USLZhAAP)
 Elapsed Time: 6.85s

[2K[1A[2K[1A[2K[1A[2K[1A[2K[1A[2K[1A[2K[1A[2K[1A[2K[1A[2K[1A[2K[1A[2K[1A[2K[1A[2K[1A[2K[1A[2K[G
 ───────────────── Importing data ─────────────────

 ✔ Creating ingest job 4.81s
 ⣻ Processing the job 1.88s
   ▸ Processed records: ◝
   ▸ Successful records: ◝
   ▸ Failed records: ◝

 Status: UploadComplete
 Job Id:
 750ct00000USLZhAAP (https://fortra--mergebuild.sandbox.my.salesforce.com/lightn
 ing/setup/AsyncApiJobStatus/page?address=%2F750ct00000USLZhAAP)
 Elapsed Time: 6.87s

[2K[1A[2K[1A[2K[1A[2K[1A[2K[1A[2K[1A[2K[1A[2K[1A[2K[1A[2K[1A[2K[1A[2K[1A[2K[1A[2K[1A[2K[1A[2K[G
 ───────────────── Importing data ─────────────────

 ✔ Creating ingest job 4.81s
 ⣻ Processing the job 1.91s
   ▸ Processed records: ◞
   ▸ Successful records: ◞
   ▸ Failed records: ◞

 Status: UploadComplete
 Job Id:
 750ct00000USLZhAAP (https://fortra--mergebuild.sandbox.my.salesforce.com/lightn
 ing/setup/AsyncApiJobStatus/page?address=%2F750ct00000USLZhAAP)
 Elapsed Time: 6.90s

[2K[1A[2K[1A[2K[1A[2K[1A[2K[1A[2K[1A[2K[1A[2K[1A[2K[1A[2K[1A[2K[1A[2K[1A[2K[1A[2K[1A[2K[1A[2K[G
 ───────────────── Importing data ─────────────────

 ✔ Creating ingest job 4.81s
 ⣻ Processing the job 1.94s
   ▸ Processed records: ◞
   ▸ Successful records: ◞
   ▸ Failed records: ◞

 Status: UploadComplete
 Job Id:
 750ct00000USLZhAAP (https://fortra--mergebuild.sandbox.my.salesforce.com/lightn
 ing/setup/AsyncApiJobStatus/page?address=%2F750ct00000USLZhAAP)
 Elapsed Time: 6.94s

[2K[1A[2K[1A[2K[1A[2K[1A[2K[1A[2K[1A[2K[1A[2K[1A[2K[1A[2K[1A[2K[1A[2K[1A[2K[1A[2K[1A[2K[1A[2K[G
 ───────────────── Importing data ─────────────────

 ✔ Creating ingest job 4.81s
 ⢿ Processing the job 1.96s
   ▸ Processed records: ◞
   ▸ Successful records: ◞
   ▸ Failed records: ◞

 Status: UploadComplete
 Job Id:
 750ct00000USLZhAAP (https://fortra--mergebuild.sandbox.my.salesforce.com/lightn
 ing/setup/AsyncApiJobStatus/page?address=%2F750ct00000USLZhAAP)
 Elapsed Time: 6.97s

[2K[1A[2K[1A[2K[1A[2K[1A[2K[1A[2K[1A[2K[1A[2K[1A[2K[1A[2K[1A[2K[1A[2K[1A[2K[1A[2K[1A[2K[1A[2K[G
 ───────────────── Importing data ─────────────────

 ✔ Creating ingest job 4.81s
 ⢿ Processing the job 2.00s
   ▸ Processed records: ◡
   ▸ Successful records: ◡
   ▸ Failed records: ◡

 Status: UploadComplete
 Job Id:
 750ct00000USLZhAAP (https://fortra--mergebuild.sandbox.my.salesforce.com/lightn
 ing/setup/AsyncApiJobStatus/page?address=%2F750ct00000USLZhAAP)
 Elapsed Time: 7.00s

[2K[1A[2K[1A[2K[1A[2K[1A[2K[1A[2K[1A[2K[1A[2K[1A[2K[1A[2K[1A[2K[1A[2K[1A[2K[1A[2K[1A[2K[1A[2K[G
 ───────────────── Importing data ─────────────────

 ✔ Creating ingest job 4.81s
 ⡿ Processing the job 2.03s
   ▸ Processed records: ◡
   ▸ Successful records: ◡
   ▸ Failed records: ◡

 Status: UploadComplete
 Job Id:
 750ct00000USLZhAAP (https://fortra--mergebuild.sandbox.my.salesforce.com/lightn
 ing/setup/AsyncApiJobStatus/page?address=%2F750ct00000USLZhAAP)
 Elapsed Time: 7.03s

[2K[1A[2K[1A[2K[1A[2K[1A[2K[1A[2K[1A[2K[1A[2K[1A[2K[1A[2K[1A[2K[1A[2K[1A[2K[1A[2K[1A[2K[1A[2K[G
 ───────────────── Importing data ─────────────────

 ✔ Creating ingest job 4.81s
 ⡿ Processing the job 2.06s
   ▸ Processed records: ◡
   ▸ Successful records: ◡
   ▸ Failed records: ◡

 Status: UploadComplete
 Job Id:
 750ct00000USLZhAAP (https://fortra--mergebuild.sandbox.my.salesforce.com/lightn
 ing/setup/AsyncApiJobStatus/page?address=%2F750ct00000USLZhAAP)
 Elapsed Time: 7.06s

[2K[1A[2K[1A[2K[1A[2K[1A[2K[1A[2K[1A[2K[1A[2K[1A[2K[1A[2K[1A[2K[1A[2K[1A[2K[1A[2K[1A[2K[1A[2K[G
 ───────────────── Importing data ─────────────────

 ✔ Creating ingest job 4.81s
 ⡿ Processing the job 2.09s
   ▸ Processed records: ◟
   ▸ Successful records: ◟
   ▸ Failed records: ◟

 Status: UploadComplete
 Job Id:
 750ct00000USLZhAAP (https://fortra--mergebuild.sandbox.my.salesforce.com/lightn
 ing/setup/AsyncApiJobStatus/page?address=%2F750ct00000USLZhAAP)
 Elapsed Time: 7.10s

[2K[1A[2K[1A[2K[1A[2K[1A[2K[1A[2K[1A[2K[1A[2K[1A[2K[1A[2K[1A[2K[1A[2K[1A[2K[1A[2K[1A[2K[1A[2K[G
 ───────────────── Importing data ─────────────────

 ✔ Creating ingest job 4.81s
 ⣟ Processing the job 2.12s
   ▸ Processed records: ◟
   ▸ Successful records: ◟
   ▸ Failed records: ◟

 Status: UploadComplete
 Job Id:
 750ct00000USLZhAAP (https://fortra--mergebuild.sandbox.my.salesforce.com/lightn
 ing/setup/AsyncApiJobStatus/page?address=%2F750ct00000USLZhAAP)
 Elapsed Time: 7.12s

[2K[1A[2K[1A[2K[1A[2K[1A[2K[1A[2K[1A[2K[1A[2K[1A[2K[1A[2K[1A[2K[1A[2K[1A[2K[1A[2K[1A[2K[1A[2K[G
 ───────────────── Importing data ─────────────────

 ✔ Creating ingest job 4.81s
 ⣟ Processing the job 2.15s
   ▸ Processed records: ◟
   ▸ Successful records: ◟
   ▸ Failed records: ◟

 Status: UploadComplete
 Job Id:
 750ct00000USLZhAAP (https://fortra--mergebuild.sandbox.my.salesforce.com/lightn
 ing/setup/AsyncApiJobStatus/page?address=%2F750ct00000USLZhAAP)
 Elapsed Time: 7.15s

[2K[1A[2K[1A[2K[1A[2K[1A[2K[1A[2K[1A[2K[1A[2K[1A[2K[1A[2K[1A[2K[1A[2K[1A[2K[1A[2K[1A[2K[1A[2K[G
 ───────────────── Importing data ─────────────────

 ✔ Creating ingest job 4.81s
 ⣯ Processing the job 2.18s
   ▸ Processed records: ◜
   ▸ Successful records: ◜
   ▸ Failed records: ◜

 Status: UploadComplete
 Job Id:
 750ct00000USLZhAAP (https://fortra--mergebuild.sandbox.my.salesforce.com/lightn
 ing/setup/AsyncApiJobStatus/page?address=%2F750ct00000USLZhAAP)
 Elapsed Time: 7.18s

[2K[1A[2K[1A[2K[1A[2K[1A[2K[1A[2K[1A[2K[1A[2K[1A[2K[1A[2K[1A[2K[1A[2K[1A[2K[1A[2K[1A[2K[1A[2K[G
 ───────────────── Importing data ─────────────────

 ✔ Creating ingest job 4.81s
 ⣯ Processing the job 2.21s
   ▸ Processed records: ◜
   ▸ Successful records: ◜
   ▸ Failed records: ◜

 Status: UploadComplete
 Job Id:
 750ct00000USLZhAAP (https://fortra--mergebuild.sandbox.my.salesforce.com/lightn
 ing/setup/AsyncApiJobStatus/page?address=%2F750ct00000USLZhAAP)
 Elapsed Time: 7.21s

[2K[1A[2K[1A[2K[1A[2K[1A[2K[1A[2K[1A[2K[1A[2K[1A[2K[1A[2K[1A[2K[1A[2K[1A[2K[1A[2K[1A[2K[1A[2K[G
 ───────────────── Importing data ─────────────────

 ✔ Creating ingest job 4.81s
 ⣯ Processing the job 2.24s
   ▸ Processed records: ◜
   ▸ Successful records: ◜
   ▸ Failed records: ◜

 Status: UploadComplete
 Job Id:
 750ct00000USLZhAAP (https://fortra--mergebuild.sandbox.my.salesforce.com/lightn
 ing/setup/AsyncApiJobStatus/page?address=%2F750ct00000USLZhAAP)
 Elapsed Time: 7.24s

[2K[1A[2K[1A[2K[1A[2K[1A[2K[1A[2K[1A[2K[1A[2K[1A[2K[1A[2K[1A[2K[1A[2K[1A[2K[1A[2K[1A[2K[1A[2K[G
 ───────────────── Importing data ─────────────────

 ✔ Creating ingest job 4.81s
 ⣷ Processing the job 2.27s
   ▸ Processed records: ◠
   ▸ Successful records: ◠
   ▸ Failed records: ◠

 Status: UploadComplete
 Job Id:
 750ct00000USLZhAAP (https://fortra--mergebuild.sandbox.my.salesforce.com/lightn
 ing/setup/AsyncApiJobStatus/page?address=%2F750ct00000USLZhAAP)
 Elapsed Time: 7.27s

[2K[1A[2K[1A[2K[1A[2K[1A[2K[1A[2K[1A[2K[1A[2K[1A[2K[1A[2K[1A[2K[1A[2K[1A[2K[1A[2K[1A[2K[1A[2K[G
 ───────────────── Importing data ─────────────────

 ✔ Creating ingest job 4.81s
 ⣷ Processing the job 2.30s
   ▸ Processed records: ◠
   ▸ Successful records: ◠
   ▸ Failed records: ◠

 Status: UploadComplete
 Job Id:
 750ct00000USLZhAAP (https://fortra--mergebuild.sandbox.my.salesforce.com/lightn
 ing/setup/AsyncApiJobStatus/page?address=%2F750ct00000USLZhAAP)
 Elapsed Time: 7.30s

[2K[1A[2K[1A[2K[1A[2K[1A[2K[1A[2K[1A[2K[1A[2K[1A[2K[1A[2K[1A[2K[1A[2K[1A[2K[1A[2K[1A[2K[1A[2K[G
 ───────────────── Importing data ─────────────────

 ✔ Creating ingest job 4.81s
 ⣾ Processing the job 2.33s
   ▸ Processed records: ◠
   ▸ Successful records: ◠
   ▸ Failed records: ◠

 Status: UploadComplete
 Job Id:
 750ct00000USLZhAAP (https://fortra--mergebuild.sandbox.my.salesforce.com/lightn
 ing/setup/AsyncApiJobStatus/page?address=%2F750ct00000USLZhAAP)
 Elapsed Time: 7.33s

[2K[1A[2K[1A[2K[1A[2K[1A[2K[1A[2K[1A[2K[1A[2K[1A[2K[1A[2K[1A[2K[1A[2K[1A[2K[1A[2K[1A[2K[1A[2K[G
 ───────────────── Importing data ─────────────────

 ✔ Creating ingest job 4.81s
 ⣾ Processing the job 2.36s
   ▸ Processed records: ◝
   ▸ Successful records: ◝
   ▸ Failed records: ◠

 Status: UploadComplete
 Job Id:
 750ct00000USLZhAAP (https://fortra--mergebuild.sandbox.my.salesforce.com/lightn
 ing/setup/AsyncApiJobStatus/page?address=%2F750ct00000USLZhAAP)
 Elapsed Time: 7.37s

[2K[1A[2K[1A[2K[1A[2K[1A[2K[1A[2K[1A[2K[1A[2K[1A[2K[1A[2K[1A[2K[1A[2K[1A[2K[1A[2K[1A[2K[1A[2K[G
 ───────────────── Importing data ─────────────────

 ✔ Creating ingest job 4.81s
 ⣾ Processing the job 2.39s
   ▸ Processed records: ◝
   ▸ Successful records: ◝
   ▸ Failed records: ◝

 Status: UploadComplete
 Job Id:
 750ct00000USLZhAAP (https://fortra--mergebuild.sandbox.my.salesforce.com/lightn
 ing/setup/AsyncApiJobStatus/page?address=%2F750ct00000USLZhAAP)
 Elapsed Time: 7.40s

[2K[1A[2K[1A[2K[1A[2K[1A[2K[1A[2K[1A[2K[1A[2K[1A[2K[1A[2K[1A[2K[1A[2K[1A[2K[1A[2K[1A[2K[1A[2K[G
 ───────────────── Importing data ─────────────────

 ✔ Creating ingest job 4.81s
 ⣽ Processing the job 2.42s
   ▸ Processed records: ◝
   ▸ Successful records: ◝
   ▸ Failed records: ◝

 Status: UploadComplete
 Job Id:
 750ct00000USLZhAAP (https://fortra--mergebuild.sandbox.my.salesforce.com/lightn
 ing/setup/AsyncApiJobStatus/page?address=%2F750ct00000USLZhAAP)
 Elapsed Time: 7.42s

[2K[1A[2K[1A[2K[1A[2K[1A[2K[1A[2K[1A[2K[1A[2K[1A[2K[1A[2K[1A[2K[1A[2K[1A[2K[1A[2K[1A[2K[1A[2K[G
 ───────────────── Importing data ─────────────────

 ✔ Creating ingest job 4.81s
 ⣽ Processing the job 2.45s
   ▸ Processed records: ◝
   ▸ Successful records: ◝
   ▸ Failed records: ◝

 Status: UploadComplete
 Job Id:
 750ct00000USLZhAAP (https://fortra--mergebuild.sandbox.my.salesforce.com/lightn
 ing/setup/AsyncApiJobStatus/page?address=%2F750ct00000USLZhAAP)
 Elapsed Time: 7.45s

[2K[1A[2K[1A[2K[1A[2K[1A[2K[1A[2K[1A[2K[1A[2K[1A[2K[1A[2K[1A[2K[1A[2K[1A[2K[1A[2K[1A[2K[1A[2K[G
 ───────────────── Importing data ─────────────────

 ✔ Creating ingest job 4.81s
 ⣻ Processing the job 2.48s
   ▸ Processed records: ◞
   ▸ Successful records: ◞
   ▸ Failed records: ◞

 Status: UploadComplete
 Job Id:
 750ct00000USLZhAAP (https://fortra--mergebuild.sandbox.my.salesforce.com/lightn
 ing/setup/AsyncApiJobStatus/page?address=%2F750ct00000USLZhAAP)
 Elapsed Time: 7.49s

[2K[1A[2K[1A[2K[1A[2K[1A[2K[1A[2K[1A[2K[1A[2K[1A[2K[1A[2K[1A[2K[1A[2K[1A[2K[1A[2K[1A[2K[1A[2K[G
 ───────────────── Importing data ─────────────────

 ✔ Creating ingest job 4.81s
 ⣻ Processing the job 2.50s
   ▸ Processed records: ◞
   ▸ Successful records: ◞
   ▸ Failed records: ◞

 Status: UploadComplete
 Job Id:
 750ct00000USLZhAAP (https://fortra--mergebuild.sandbox.my.salesforce.com/lightn
 ing/setup/AsyncApiJobStatus/page?address=%2F750ct00000USLZhAAP)
 Elapsed Time: 7.52s

[2K[1A[2K[1A[2K[1A[2K[1A[2K[1A[2K[1A[2K[1A[2K[1A[2K[1A[2K[1A[2K[1A[2K[1A[2K[1A[2K[1A[2K[1A[2K[G
 ───────────────── Importing data ─────────────────

 ✔ Creating ingest job 4.81s
 ⣻ Processing the job 2.53s
   ▸ Processed records: ◞
   ▸ Successful records: ◞
   ▸ Failed records: ◞

 Status: UploadComplete
 Job Id:
 750ct00000USLZhAAP (https://fortra--mergebuild.sandbox.my.salesforce.com/lightn
 ing/setup/AsyncApiJobStatus/page?address=%2F750ct00000USLZhAAP)
 Elapsed Time: 7.55s

[2K[1A[2K[1A[2K[1A[2K[1A[2K[1A[2K[1A[2K[1A[2K[1A[2K[1A[2K[1A[2K[1A[2K[1A[2K[1A[2K[1A[2K[1A[2K[G
 ───────────────── Importing data ─────────────────

 ✔ Creating ingest job 4.81s
 ⢿ Processing the job 2.56s
   ▸ Processed records: ◡
   ▸ Successful records: ◡
   ▸ Failed records: ◡

 Status: UploadComplete
 Job Id:
 750ct00000USLZhAAP (https://fortra--mergebuild.sandbox.my.salesforce.com/lightn
 ing/setup/AsyncApiJobStatus/page?address=%2F750ct00000USLZhAAP)
 Elapsed Time: 7.58s

[2K[1A[2K[1A[2K[1A[2K[1A[2K[1A[2K[1A[2K[1A[2K[1A[2K[1A[2K[1A[2K[1A[2K[1A[2K[1A[2K[1A[2K[1A[2K[G
 ───────────────── Importing data ─────────────────

 ✔ Creating ingest job 4.81s
 ⢿ Processing the job 2.60s
   ▸ Processed records: ◡
   ▸ Successful records: ◡
   ▸ Failed records: ◡

 Status: UploadComplete
 Job Id:
 750ct00000USLZhAAP (https://fortra--mergebuild.sandbox.my.salesforce.com/lightn
 ing/setup/AsyncApiJobStatus/page?address=%2F750ct00000USLZhAAP)
 Elapsed Time: 7.61s

[2K[1A[2K[1A[2K[1A[2K[1A[2K[1A[2K[1A[2K[1A[2K[1A[2K[1A[2K[1A[2K[1A[2K[1A[2K[1A[2K[1A[2K[1A[2K[G
 ───────────────── Importing data ─────────────────

 ✔ Creating ingest job 4.81s
 ⡿ Processing the job 2.62s
   ▸ Processed records: ◡
   ▸ Successful records: ◡
   ▸ Failed records: ◡

 Status: UploadComplete
 Job Id:
 750ct00000USLZhAAP (https://fortra--mergebuild.sandbox.my.salesforce.com/lightn
 ing/setup/AsyncApiJobStatus/page?address=%2F750ct00000USLZhAAP)
 Elapsed Time: 7.64s

[2K[1A[2K[1A[2K[1A[2K[1A[2K[1A[2K[1A[2K[1A[2K[1A[2K[1A[2K[1A[2K[1A[2K[1A[2K[1A[2K[1A[2K[1A[2K[G
 ───────────────── Importing data ─────────────────

 ✔ Creating ingest job 4.81s
 ⡿ Processing the job 2.65s
   ▸ Processed records: ◟
   ▸ Successful records: ◟
   ▸ Failed records: ◟

 Status: UploadComplete
 Job Id:
 750ct00000USLZhAAP (https://fortra--mergebuild.sandbox.my.salesforce.com/lightn
 ing/setup/AsyncApiJobStatus/page?address=%2F750ct00000USLZhAAP)
 Elapsed Time: 7.67s

[2K[1A[2K[1A[2K[1A[2K[1A[2K[1A[2K[1A[2K[1A[2K[1A[2K[1A[2K[1A[2K[1A[2K[1A[2K[1A[2K[1A[2K[1A[2K[G
 ───────────────── Importing data ─────────────────

 ✔ Creating ingest job 4.81s
 ⡿ Processing the job 2.68s
   ▸ Processed records: ◟
   ▸ Successful records: ◟
   ▸ Failed records: ◟

 Status: UploadComplete
 Job Id:
 750ct00000USLZhAAP (https://fortra--mergebuild.sandbox.my.salesforce.com/lightn
 ing/setup/AsyncApiJobStatus/page?address=%2F750ct00000USLZhAAP)
 Elapsed Time: 7.70s

[2K[1A[2K[1A[2K[1A[2K[1A[2K[1A[2K[1A[2K[1A[2K[1A[2K[1A[2K[1A[2K[1A[2K[1A[2K[1A[2K[1A[2K[1A[2K[G
 ───────────────── Importing data ─────────────────

 ✔ Creating ingest job 4.81s
 ⣟ Processing the job 2.71s
   ▸ Processed records: ◟
   ▸ Successful records: ◟
   ▸ Failed records: ◟

 Status: UploadComplete
 Job Id:
 750ct00000USLZhAAP (https://fortra--mergebuild.sandbox.my.salesforce.com/lightn
 ing/setup/AsyncApiJobStatus/page?address=%2F750ct00000USLZhAAP)
 Elapsed Time: 7.74s

[2K[1A[2K[1A[2K[1A[2K[1A[2K[1A[2K[1A[2K[1A[2K[1A[2K[1A[2K[1A[2K[1A[2K[1A[2K[1A[2K[1A[2K[1A[2K[G
 ───────────────── Importing data ─────────────────

 ✔ Creating ingest job 4.81s
 ⣟ Processing the job 2.74s
   ▸ Processed records: ◜
   ▸ Successful records: ◜
   ▸ Failed records: ◜

 Status: UploadComplete
 Job Id:
 750ct00000USLZhAAP (https://fortra--mergebuild.sandbox.my.salesforce.com/lightn
 ing/setup/AsyncApiJobStatus/page?address=%2F750ct00000USLZhAAP)
 Elapsed Time: 7.76s

[2K[1A[2K[1A[2K[1A[2K[1A[2K[1A[2K[1A[2K[1A[2K[1A[2K[1A[2K[1A[2K[1A[2K[1A[2K[1A[2K[1A[2K[1A[2K[G
 ───────────────── Importing data ─────────────────

 ✔ Creating ingest job 4.81s
 ⣯ Processing the job 2.77s
   ▸ Processed records: ◜
   ▸ Successful records: ◜
   ▸ Failed records: ◜

 Status: UploadComplete
 Job Id:
 750ct00000USLZhAAP (https://fortra--mergebuild.sandbox.my.salesforce.com/lightn
 ing/setup/AsyncApiJobStatus/page?address=%2F750ct00000USLZhAAP)
 Elapsed Time: 7.80s

[2K[1A[2K[1A[2K[1A[2K[1A[2K[1A[2K[1A[2K[1A[2K[1A[2K[1A[2K[1A[2K[1A[2K[1A[2K[1A[2K[1A[2K[1A[2K[G
 ───────────────── Importing data ─────────────────

 ✔ Creating ingest job 4.81s
 ⣯ Processing the job 2.79s
   ▸ Processed records: ◜
   ▸ Successful records: ◜
   ▸ Failed records: ◜

 Status: UploadComplete
 Job Id:
 750ct00000USLZhAAP (https://fortra--mergebuild.sandbox.my.salesforce.com/lightn
 ing/setup/AsyncApiJobStatus/page?address=%2F750ct00000USLZhAAP)
 Elapsed Time: 7.82s

[2K[1A[2K[1A[2K[1A[2K[1A[2K[1A[2K[1A[2K[1A[2K[1A[2K[1A[2K[1A[2K[1A[2K[1A[2K[1A[2K[1A[2K[1A[2K[G
 ───────────────── Importing data ─────────────────

 ✔ Creating ingest job 4.81s
 ⣯ Processing the job 2.83s
   ▸ Processed records: ◠
   ▸ Successful records: ◠
   ▸ Failed records: ◠

 Status: UploadComplete
 Job Id:
 750ct00000USLZhAAP (https://fortra--mergebuild.sandbox.my.salesforce.com/lightn
 ing/setup/AsyncApiJobStatus/page?address=%2F750ct00000USLZhAAP)
 Elapsed Time: 7.85s

[2K[1A[2K[1A[2K[1A[2K[1A[2K[1A[2K[1A[2K[1A[2K[1A[2K[1A[2K[1A[2K[1A[2K[1A[2K[1A[2K[1A[2K[1A[2K[G
 ───────────────── Importing data ─────────────────

 ✔ Creating ingest job 4.81s
 ⣷ Processing the job 2.85s
   ▸ Processed records: ◠
   ▸ Successful records: ◠
   ▸ Failed records: ◠

 Status: UploadComplete
 Job Id:
 750ct00000USLZhAAP (https://fortra--mergebuild.sandbox.my.salesforce.com/lightn
 ing/setup/AsyncApiJobStatus/page?address=%2F750ct00000USLZhAAP)
 Elapsed Time: 7.88s

[2K[1A[2K[1A[2K[1A[2K[1A[2K[1A[2K[1A[2K[1A[2K[1A[2K[1A[2K[1A[2K[1A[2K[1A[2K[1A[2K[1A[2K[1A[2K[G
 ───────────────── Importing data ─────────────────

 ✔ Creating ingest job 4.81s
 ⣷ Processing the job 2.88s
   ▸ Processed records: ◠
   ▸ Successful records: ◠
   ▸ Failed records: ◠

 Status: UploadComplete
 Job Id:
 750ct00000USLZhAAP (https://fortra--mergebuild.sandbox.my.salesforce.com/lightn
 ing/setup/AsyncApiJobStatus/page?address=%2F750ct00000USLZhAAP)
 Elapsed Time: 7.92s

[2K[1A[2K[1A[2K[1A[2K[1A[2K[1A[2K[1A[2K[1A[2K[1A[2K[1A[2K[1A[2K[1A[2K[1A[2K[1A[2K[1A[2K[1A[2K[G
 ───────────────── Importing data ─────────────────

 ✔ Creating ingest job 4.81s
 ⣾ Processing the job 2.91s
   ▸ Processed records: ◝
   ▸ Successful records: ◝
   ▸ Failed records: ◝

 Status: UploadComplete
 Job Id:
 750ct00000USLZhAAP (https://fortra--mergebuild.sandbox.my.salesforce.com/lightn
 ing/setup/AsyncApiJobStatus/page?address=%2F750ct00000USLZhAAP)
 Elapsed Time: 7.95s

[2K[1A[2K[1A[2K[1A[2K[1A[2K[1A[2K[1A[2K[1A[2K[1A[2K[1A[2K[1A[2K[1A[2K[1A[2K[1A[2K[1A[2K[1A[2K[G
 ───────────────── Importing data ─────────────────

 ✔ Creating ingest job 4.81s
 ⣾ Processing the job 2.94s
   ▸ Processed records: ◝
   ▸ Successful records: ◝
   ▸ Failed records: ◝

 Status: UploadComplete
 Job Id:
 750ct00000USLZhAAP (https://fortra--mergebuild.sandbox.my.salesforce.com/lightn
 ing/setup/AsyncApiJobStatus/page?address=%2F750ct00000USLZhAAP)
 Elapsed Time: 7.98s

[2K[1A[2K[1A[2K[1A[2K[1A[2K[1A[2K[1A[2K[1A[2K[1A[2K[1A[2K[1A[2K[1A[2K[1A[2K[1A[2K[1A[2K[1A[2K[G
 ───────────────── Importing data ─────────────────

 ✔ Creating ingest job 4.81s
 ⣾ Processing the job 2.97s
   ▸ Processed records: ◝
   ▸ Successful records: ◝
   ▸ Failed records: ◝

 Status: UploadComplete
 Job Id:
 750ct00000USLZhAAP (https://fortra--mergebuild.sandbox.my.salesforce.com/lightn
 ing/setup/AsyncApiJobStatus/page?address=%2F750ct00000USLZhAAP)
 Elapsed Time: 8.00s

[2K[1A[2K[1A[2K[1A[2K[1A[2K[1A[2K[1A[2K[1A[2K[1A[2K[1A[2K[1A[2K[1A[2K[1A[2K[1A[2K[1A[2K[1A[2K[G
 ───────────────── Importing data ─────────────────

 ✔ Creating ingest job 4.81s
 ⣽ Processing the job 3.00s
   ▸ Processed records: ◞
   ▸ Successful records: ◞
   ▸ Failed records: ◞

 Status: UploadComplete
 Job Id:
 750ct00000USLZhAAP (https://fortra--mergebuild.sandbox.my.salesforce.com/lightn
 ing/setup/AsyncApiJobStatus/page?address=%2F750ct00000USLZhAAP)
 Elapsed Time: 8.03s

[2K[1A[2K[1A[2K[1A[2K[1A[2K[1A[2K[1A[2K[1A[2K[1A[2K[1A[2K[1A[2K[1A[2K[1A[2K[1A[2K[1A[2K[1A[2K[G
 ───────────────── Importing data ─────────────────

 ✔ Creating ingest job 4.81s
 ⣽ Processing the job 3.03s
   ▸ Processed records: ◞
   ▸ Successful records: ◞
   ▸ Failed records: ◞

 Status: UploadComplete
 Job Id:
 750ct00000USLZhAAP (https://fortra--mergebuild.sandbox.my.salesforce.com/lightn
 ing/setup/AsyncApiJobStatus/page?address=%2F750ct00000USLZhAAP)
 Elapsed Time: 8.06s

[2K[1A[2K[1A[2K[1A[2K[1A[2K[1A[2K[1A[2K[1A[2K[1A[2K[1A[2K[1A[2K[1A[2K[1A[2K[1A[2K[1A[2K[1A[2K[G
 ───────────────── Importing data ─────────────────

 ✔ Creating ingest job 4.81s
 ⣻ Processing the job 3.06s
   ▸ Processed records: ◞
   ▸ Successful records: ◞
   ▸ Failed records: ◞

 Status: UploadComplete
 Job Id:
 750ct00000USLZhAAP (https://fortra--mergebuild.sandbox.my.salesforce.com/lightn
 ing/setup/AsyncApiJobStatus/page?address=%2F750ct00000USLZhAAP)
 Elapsed Time: 8.09s

[2K[1A[2K[1A[2K[1A[2K[1A[2K[1A[2K[1A[2K[1A[2K[1A[2K[1A[2K[1A[2K[1A[2K[1A[2K[1A[2K[1A[2K[1A[2K[G
 ───────────────── Importing data ─────────────────

 ✔ Creating ingest job 4.81s
 ⣻ Processing the job 3.09s
   ▸ Processed records: ◡
   ▸ Successful records: ◡
   ▸ Failed records: ◞

 Status: UploadComplete
 Job Id:
 750ct00000USLZhAAP (https://fortra--mergebuild.sandbox.my.salesforce.com/lightn
 ing/setup/AsyncApiJobStatus/page?address=%2F750ct00000USLZhAAP)
 Elapsed Time: 8.12s

[2K[1A[2K[1A[2K[1A[2K[1A[2K[1A[2K[1A[2K[1A[2K[1A[2K[1A[2K[1A[2K[1A[2K[1A[2K[1A[2K[1A[2K[1A[2K[G
 ───────────────── Importing data ─────────────────

 ✔ Creating ingest job 4.81s
 ⣻ Processing the job 3.12s
   ▸ Processed records: ◡
   ▸ Successful records: ◡
   ▸ Failed records: ◡

 Status: UploadComplete
 Job Id:
 750ct00000USLZhAAP (https://fortra--mergebuild.sandbox.my.salesforce.com/lightn
 ing/setup/AsyncApiJobStatus/page?address=%2F750ct00000USLZhAAP)
 Elapsed Time: 8.16s

[2K[1A[2K[1A[2K[1A[2K[1A[2K[1A[2K[1A[2K[1A[2K[1A[2K[1A[2K[1A[2K[1A[2K[1A[2K[1A[2K[1A[2K[1A[2K[G
 ───────────────── Importing data ─────────────────

 ✔ Creating ingest job 4.81s
 ⢿ Processing the job 3.16s
   ▸ Processed records: ◡
   ▸ Successful records: ◡
   ▸ Failed records: ◡

 Status: UploadComplete
 Job Id:
 750ct00000USLZhAAP (https://fortra--mergebuild.sandbox.my.salesforce.com/lightn
 ing/setup/AsyncApiJobStatus/page?address=%2F750ct00000USLZhAAP)
 Elapsed Time: 8.19s

[2K[1A[2K[1A[2K[1A[2K[1A[2K[1A[2K[1A[2K[1A[2K[1A[2K[1A[2K[1A[2K[1A[2K[1A[2K[1A[2K[1A[2K[1A[2K[G
 ───────────────── Importing data ─────────────────

 ✔ Creating ingest job 4.81s
 ⢿ Processing the job 3.18s
   ▸ Processed records: ◟
   ▸ Successful records: ◟
   ▸ Failed records: ◡

 Status: UploadComplete
 Job Id:
 750ct00000USLZhAAP (https://fortra--mergebuild.sandbox.my.salesforce.com/lightn
 ing/setup/AsyncApiJobStatus/page?address=%2F750ct00000USLZhAAP)
 Elapsed Time: 8.22s

[2K[1A[2K[1A[2K[1A[2K[1A[2K[1A[2K[1A[2K[1A[2K[1A[2K[1A[2K[1A[2K[1A[2K[1A[2K[1A[2K[1A[2K[1A[2K[G
 ───────────────── Importing data ─────────────────

 ✔ Creating ingest job 4.81s
 ⡿ Processing the job 3.21s
   ▸ Processed records: ◟
   ▸ Successful records: ◟
   ▸ Failed records: ◟

 Status: UploadComplete
 Job Id:
 750ct00000USLZhAAP (https://fortra--mergebuild.sandbox.my.salesforce.com/lightn
 ing/setup/AsyncApiJobStatus/page?address=%2F750ct00000USLZhAAP)
 Elapsed Time: 8.25s

[2K[1A[2K[1A[2K[1A[2K[1A[2K[1A[2K[1A[2K[1A[2K[1A[2K[1A[2K[1A[2K[1A[2K[1A[2K[1A[2K[1A[2K[1A[2K[G
 ───────────────── Importing data ─────────────────

 ✔ Creating ingest job 4.81s
 ⡿ Processing the job 3.24s
   ▸ Processed records: ◟
   ▸ Successful records: ◟
   ▸ Failed records: ◟

 Status: UploadComplete
 Job Id:
 750ct00000USLZhAAP (https://fortra--mergebuild.sandbox.my.salesforce.com/lightn
 ing/setup/AsyncApiJobStatus/page?address=%2F750ct00000USLZhAAP)
 Elapsed Time: 8.28s

[2K[1A[2K[1A[2K[1A[2K[1A[2K[1A[2K[1A[2K[1A[2K[1A[2K[1A[2K[1A[2K[1A[2K[1A[2K[1A[2K[1A[2K[1A[2K[G
 ───────────────── Importing data ─────────────────

 ✔ Creating ingest job 4.81s
 ⡿ Processing the job 3.26s
   ▸ Processed records: ◟
   ▸ Successful records: ◟
   ▸ Failed records: ◟

 Status: UploadComplete
 Job Id:
 750ct00000USLZhAAP (https://fortra--mergebuild.sandbox.my.salesforce.com/lightn
 ing/setup/AsyncApiJobStatus/page?address=%2F750ct00000USLZhAAP)
 Elapsed Time: 8.32s

[2K[1A[2K[1A[2K[1A[2K[1A[2K[1A[2K[1A[2K[1A[2K[1A[2K[1A[2K[1A[2K[1A[2K[1A[2K[1A[2K[1A[2K[1A[2K[G
 ───────────────── Importing data ─────────────────

 ✔ Creating ingest job 4.81s
 ⣟ Processing the job 3.29s
   ▸ Processed records: ◜
   ▸ Successful records: ◜
   ▸ Failed records: ◜

 Status: UploadComplete
 Job Id:
 750ct00000USLZhAAP (https://fortra--mergebuild.sandbox.my.salesforce.com/lightn
 ing/setup/AsyncApiJobStatus/page?address=%2F750ct00000USLZhAAP)
 Elapsed Time: 8.35s

[2K[1A[2K[1A[2K[1A[2K[1A[2K[1A[2K[1A[2K[1A[2K[1A[2K[1A[2K[1A[2K[1A[2K[1A[2K[1A[2K[1A[2K[1A[2K[G
 ───────────────── Importing data ─────────────────

 ✔ Creating ingest job 4.81s
 ⣟ Processing the job 3.32s
   ▸ Processed records: ◜
   ▸ Successful records: ◜
   ▸ Failed records: ◜

 Status: UploadComplete
 Job Id:
 750ct00000USLZhAAP (https://fortra--mergebuild.sandbox.my.salesforce.com/lightn
 ing/setup/AsyncApiJobStatus/page?address=%2F750ct00000USLZhAAP)
 Elapsed Time: 8.38s

[2K[1A[2K[1A[2K[1A[2K[1A[2K[1A[2K[1A[2K[1A[2K[1A[2K[1A[2K[1A[2K[1A[2K[1A[2K[1A[2K[1A[2K[1A[2K[G
 ───────────────── Importing data ─────────────────

 ✔ Creating ingest job 4.81s
 ⣯ Processing the job 3.35s
   ▸ Processed records: ◜
   ▸ Successful records: ◜
   ▸ Failed records: ◜

 Status: UploadComplete
 Job Id:
 750ct00000USLZhAAP (https://fortra--mergebuild.sandbox.my.salesforce.com/lightn
 ing/setup/AsyncApiJobStatus/page?address=%2F750ct00000USLZhAAP)
 Elapsed Time: 8.41s

[2K[1A[2K[1A[2K[1A[2K[1A[2K[1A[2K[1A[2K[1A[2K[1A[2K[1A[2K[1A[2K[1A[2K[1A[2K[1A[2K[1A[2K[1A[2K[G
 ───────────────── Importing data ─────────────────

 ✔ Creating ingest job 4.81s
 ⣯ Processing the job 3.37s
   ▸ Processed records: ◠
   ▸ Successful records: ◠
   ▸ Failed records: ◠

 Status: UploadComplete
 Job Id:
 750ct00000USLZhAAP (https://fortra--mergebuild.sandbox.my.salesforce.com/lightn
 ing/setup/AsyncApiJobStatus/page?address=%2F750ct00000USLZhAAP)
 Elapsed Time: 8.44s

[2K[1A[2K[1A[2K[1A[2K[1A[2K[1A[2K[1A[2K[1A[2K[1A[2K[1A[2K[1A[2K[1A[2K[1A[2K[1A[2K[1A[2K[1A[2K[G
 ───────────────── Importing data ─────────────────

 ✔ Creating ingest job 4.81s
 ⣯ Processing the job 3.40s
   ▸ Processed records: ◠
   ▸ Successful records: ◠
   ▸ Failed records: ◠

 Status: UploadComplete
 Job Id:
 750ct00000USLZhAAP (https://fortra--mergebuild.sandbox.my.salesforce.com/lightn
 ing/setup/AsyncApiJobStatus/page?address=%2F750ct00000USLZhAAP)
 Elapsed Time: 8.47s

[2K[1A[2K[1A[2K[1A[2K[1A[2K[1A[2K[1A[2K[1A[2K[1A[2K[1A[2K[1A[2K[1A[2K[1A[2K[1A[2K[1A[2K[1A[2K[G
 ───────────────── Importing data ─────────────────

 ✔ Creating ingest job 4.81s
 ⣷ Processing the job 3.43s
   ▸ Processed records: ◠
   ▸ Successful records: ◠
   ▸ Failed records: ◠

 Status: UploadComplete
 Job Id:
 750ct00000USLZhAAP (https://fortra--mergebuild.sandbox.my.salesforce.com/lightn
 ing/setup/AsyncApiJobStatus/page?address=%2F750ct00000USLZhAAP)
 Elapsed Time: 8.50s

[2K[1A[2K[1A[2K[1A[2K[1A[2K[1A[2K[1A[2K[1A[2K[1A[2K[1A[2K[1A[2K[1A[2K[1A[2K[1A[2K[1A[2K[1A[2K[G
 ───────────────── Importing data ─────────────────

 ✔ Creating ingest job 4.81s
 ⣷ Processing the job 3.45s
   ▸ Processed records: ◝
   ▸ Successful records: ◝
   ▸ Failed records: ◝

 Status: UploadComplete
 Job Id:
 750ct00000USLZhAAP (https://fortra--mergebuild.sandbox.my.salesforce.com/lightn
 ing/setup/AsyncApiJobStatus/page?address=%2F750ct00000USLZhAAP)
 Elapsed Time: 8.53s

[2K[1A[2K[1A[2K[1A[2K[1A[2K[1A[2K[1A[2K[1A[2K[1A[2K[1A[2K[1A[2K[1A[2K[1A[2K[1A[2K[1A[2K[1A[2K[G
 ───────────────── Importing data ─────────────────

 ✔ Creating ingest job 4.81s
 ⣾ Processing the job 3.48s
   ▸ Processed records: ◝
   ▸ Successful records: ◝
   ▸ Failed records: ◝

 Status: UploadComplete
 Job Id:
 750ct00000USLZhAAP (https://fortra--mergebuild.sandbox.my.salesforce.com/lightn
 ing/setup/AsyncApiJobStatus/page?address=%2F750ct00000USLZhAAP)
 Elapsed Time: 8.56s

[2K[1A[2K[1A[2K[1A[2K[1A[2K[1A[2K[1A[2K[1A[2K[1A[2K[1A[2K[1A[2K[1A[2K[1A[2K[1A[2K[1A[2K[1A[2K[G
 ───────────────── Importing data ─────────────────

 ✔ Creating ingest job 4.81s
 ⣾ Processing the job 3.51s
   ▸ Processed records: ◝
   ▸ Successful records: ◝
   ▸ Failed records: ◝

 Status: UploadComplete
 Job Id:
 750ct00000USLZhAAP (https://fortra--mergebuild.sandbox.my.salesforce.com/lightn
 ing/setup/AsyncApiJobStatus/page?address=%2F750ct00000USLZhAAP)
 Elapsed Time: 8.59s

[2K[1A[2K[1A[2K[1A[2K[1A[2K[1A[2K[1A[2K[1A[2K[1A[2K[1A[2K[1A[2K[1A[2K[1A[2K[1A[2K[1A[2K[1A[2K[G
 ───────────────── Importing data ─────────────────

 ✔ Creating ingest job 4.81s
 ⣾ Processing the job 3.54s
   ▸ Processed records: ◞
   ▸ Successful records: ◞
   ▸ Failed records: ◞

 Status: UploadComplete
 Job Id:
 750ct00000USLZhAAP (https://fortra--mergebuild.sandbox.my.salesforce.com/lightn
 ing/setup/AsyncApiJobStatus/page?address=%2F750ct00000USLZhAAP)
 Elapsed Time: 8.62s

[2K[1A[2K[1A[2K[1A[2K[1A[2K[1A[2K[1A[2K[1A[2K[1A[2K[1A[2K[1A[2K[1A[2K[1A[2K[1A[2K[1A[2K[1A[2K[G
 ───────────────── Importing data ─────────────────

 ✔ Creating ingest job 4.81s
 ⣽ Processing the job 3.57s
   ▸ Processed records: ◞
   ▸ Successful records: ◞
   ▸ Failed records: ◞

 Status: UploadComplete
 Job Id:
 750ct00000USLZhAAP (https://fortra--mergebuild.sandbox.my.salesforce.com/lightn
 ing/setup/AsyncApiJobStatus/page?address=%2F750ct00000USLZhAAP)
 Elapsed Time: 8.65s

[2K[1A[2K[1A[2K[1A[2K[1A[2K[1A[2K[1A[2K[1A[2K[1A[2K[1A[2K[1A[2K[1A[2K[1A[2K[1A[2K[1A[2K[1A[2K[G
 ───────────────── Importing data ─────────────────

 ✔ Creating ingest job 4.81s
 ⣽ Processing the job 3.60s
   ▸ Processed records: ◞
   ▸ Successful records: ◞
   ▸ Failed records: ◞

 Status: UploadComplete
 Job Id:
 750ct00000USLZhAAP (https://fortra--mergebuild.sandbox.my.salesforce.com/lightn
 ing/setup/AsyncApiJobStatus/page?address=%2F750ct00000USLZhAAP)
 Elapsed Time: 8.68s

[2K[1A[2K[1A[2K[1A[2K[1A[2K[1A[2K[1A[2K[1A[2K[1A[2K[1A[2K[1A[2K[1A[2K[1A[2K[1A[2K[1A[2K[1A[2K[G
 ───────────────── Importing data ─────────────────

 ✔ Creating ingest job 4.81s
 ⣻ Processing the job 3.63s
   ▸ Processed records: ◡
   ▸ Successful records: ◡
   ▸ Failed records: ◡

 Status: UploadComplete
 Job Id:
 750ct00000USLZhAAP (https://fortra--mergebuild.sandbox.my.salesforce.com/lightn
 ing/setup/AsyncApiJobStatus/page?address=%2F750ct00000USLZhAAP)
 Elapsed Time: 8.72s

[2K[1A[2K[1A[2K[1A[2K[1A[2K[1A[2K[1A[2K[1A[2K[1A[2K[1A[2K[1A[2K[1A[2K[1A[2K[1A[2K[1A[2K[1A[2K[G
 ───────────────── Importing data ─────────────────

 ✔ Creating ingest job 4.81s
 ⣻ Processing the job 3.66s
   ▸ Processed records: ◡
   ▸ Successful records: ◡
   ▸ Failed records: ◡

 Status: UploadComplete
 Job Id:
 750ct00000USLZhAAP (https://fortra--mergebuild.sandbox.my.salesforce.com/lightn
 ing/setup/AsyncApiJobStatus/page?address=%2F750ct00000USLZhAAP)
 Elapsed Time: 8.75s

[2K[1A[2K[1A[2K[1A[2K[1A[2K[1A[2K[1A[2K[1A[2K[1A[2K[1A[2K[1A[2K[1A[2K[1A[2K[1A[2K[1A[2K[1A[2K[G
 ───────────────── Importing data ─────────────────

 ✔ Creating ingest job 4.81s
 ⣻ Processing the job 3.69s
   ▸ Processed records: ◡
   ▸ Successful records: ◡
   ▸ Failed records: ◡

 Status: UploadComplete
 Job Id:
 750ct00000USLZhAAP (https://fortra--mergebuild.sandbox.my.salesforce.com/lightn
 ing/setup/AsyncApiJobStatus/page?address=%2F750ct00000USLZhAAP)
 Elapsed Time: 8.78s

[2K[1A[2K[1A[2K[1A[2K[1A[2K[1A[2K[1A[2K[1A[2K[1A[2K[1A[2K[1A[2K[1A[2K[1A[2K[1A[2K[1A[2K[1A[2K[G
 ───────────────── Importing data ─────────────────

 ✔ Creating ingest job 4.81s
 ⢿ Processing the job 3.72s
   ▸ Processed records: ◟
   ▸ Successful records: ◟
   ▸ Failed records: ◟

 Status: UploadComplete
 Job Id:
 750ct00000USLZhAAP (https://fortra--mergebuild.sandbox.my.salesforce.com/lightn
 ing/setup/AsyncApiJobStatus/page?address=%2F750ct00000USLZhAAP)
 Elapsed Time: 8.81s

[2K[1A[2K[1A[2K[1A[2K[1A[2K[1A[2K[1A[2K[1A[2K[1A[2K[1A[2K[1A[2K[1A[2K[1A[2K[1A[2K[1A[2K[1A[2K[G
 ───────────────── Importing data ─────────────────

 ✔ Creating ingest job 4.81s
 ⢿ Processing the job 3.75s
   ▸ Processed records: ◟
   ▸ Successful records: ◟
   ▸ Failed records: ◟

 Status: UploadComplete
 Job Id:
 750ct00000USLZhAAP (https://fortra--mergebuild.sandbox.my.salesforce.com/lightn
 ing/setup/AsyncApiJobStatus/page?address=%2F750ct00000USLZhAAP)
 Elapsed Time: 8.84s

[2K[1A[2K[1A[2K[1A[2K[1A[2K[1A[2K[1A[2K[1A[2K[1A[2K[1A[2K[1A[2K[1A[2K[1A[2K[1A[2K[1A[2K[1A[2K[G
 ───────────────── Importing data ─────────────────

 ✔ Creating ingest job 4.81s
 ⡿ Processing the job 3.78s
   ▸ Processed records: ◟
   ▸ Successful records: ◟
   ▸ Failed records: ◟

 Status: UploadComplete
 Job Id:
 750ct00000USLZhAAP (https://fortra--mergebuild.sandbox.my.salesforce.com/lightn
 ing/setup/AsyncApiJobStatus/page?address=%2F750ct00000USLZhAAP)
 Elapsed Time: 8.87s

[2K[1A[2K[1A[2K[1A[2K[1A[2K[1A[2K[1A[2K[1A[2K[1A[2K[1A[2K[1A[2K[1A[2K[1A[2K[1A[2K[1A[2K[1A[2K[G
 ───────────────── Importing data ─────────────────

 ✔ Creating ingest job 4.81s
 ⡿ Processing the job 3.80s
   ▸ Processed records: ◜
   ▸ Successful records: ◜
   ▸ Failed records: ◜

 Status: UploadComplete
 Job Id:
 750ct00000USLZhAAP (https://fortra--mergebuild.sandbox.my.salesforce.com/lightn
 ing/setup/AsyncApiJobStatus/page?address=%2F750ct00000USLZhAAP)
 Elapsed Time: 8.90s

[2K[1A[2K[1A[2K[1A[2K[1A[2K[1A[2K[1A[2K[1A[2K[1A[2K[1A[2K[1A[2K[1A[2K[1A[2K[1A[2K[1A[2K[1A[2K[G
 ───────────────── Importing data ─────────────────

 ✔ Creating ingest job 4.81s
 ⡿ Processing the job 3.83s
   ▸ Processed records: ◜
   ▸ Successful records: ◜
   ▸ Failed records: ◜

 Status: UploadComplete
 Job Id:
 750ct00000USLZhAAP (https://fortra--mergebuild.sandbox.my.salesforce.com/lightn
 ing/setup/AsyncApiJobStatus/page?address=%2F750ct00000USLZhAAP)
 Elapsed Time: 8.93s

[2K[1A[2K[1A[2K[1A[2K[1A[2K[1A[2K[1A[2K[1A[2K[1A[2K[1A[2K[1A[2K[1A[2K[1A[2K[1A[2K[1A[2K[1A[2K[G
 ───────────────── Importing data ─────────────────

 ✔ Creating ingest job 4.81s
 ⣟ Processing the job 3.86s
   ▸ Processed records: ◜
   ▸ Successful records: ◜
   ▸ Failed records: ◜

 Status: UploadComplete
 Job Id:
 750ct00000USLZhAAP (https://fortra--mergebuild.sandbox.my.salesforce.com/lightn
 ing/setup/AsyncApiJobStatus/page?address=%2F750ct00000USLZhAAP)
 Elapsed Time: 8.96s

[2K[1A[2K[1A[2K[1A[2K[1A[2K[1A[2K[1A[2K[1A[2K[1A[2K[1A[2K[1A[2K[1A[2K[1A[2K[1A[2K[1A[2K[1A[2K[G
 ───────────────── Importing data ─────────────────

 ✔ Creating ingest job 4.81s
 ⣟ Processing the job 3.89s
   ▸ Processed records: ◜
   ▸ Successful records: ◜
   ▸ Failed records: ◜

 Status: UploadComplete
 Job Id:
 750ct00000USLZhAAP (https://fortra--mergebuild.sandbox.my.salesforce.com/lightn
 ing/setup/AsyncApiJobStatus/page?address=%2F750ct00000USLZhAAP)
 Elapsed Time: 8.99s

[2K[1A[2K[1A[2K[1A[2K[1A[2K[1A[2K[1A[2K[1A[2K[1A[2K[1A[2K[1A[2K[1A[2K[1A[2K[1A[2K[1A[2K[1A[2K[G
 ───────────────── Importing data ─────────────────

 ✔ Creating ingest job 4.81s
 ⣯ Processing the job 3.92s
   ▸ Processed records: ◠
   ▸ Successful records: ◠
   ▸ Failed records: ◠

 Status: UploadComplete
 Job Id:
 750ct00000USLZhAAP (https://fortra--mergebuild.sandbox.my.salesforce.com/lightn
 ing/setup/AsyncApiJobStatus/page?address=%2F750ct00000USLZhAAP)
 Elapsed Time: 9.02s

[2K[1A[2K[1A[2K[1A[2K[1A[2K[1A[2K[1A[2K[1A[2K[1A[2K[1A[2K[1A[2K[1A[2K[1A[2K[1A[2K[1A[2K[1A[2K[G
 ───────────────── Importing data ─────────────────

 ✔ Creating ingest job 4.81s
 ⣯ Processing the job 3.95s
   ▸ Processed records: ◠
   ▸ Successful records: ◠
   ▸ Failed records: ◠

 Status: UploadComplete
 Job Id:
 750ct00000USLZhAAP (https://fortra--mergebuild.sandbox.my.salesforce.com/lightn
 ing/setup/AsyncApiJobStatus/page?address=%2F750ct00000USLZhAAP)
 Elapsed Time: 9.05s

[2K[1A[2K[1A[2K[1A[2K[1A[2K[1A[2K[1A[2K[1A[2K[1A[2K[1A[2K[1A[2K[1A[2K[1A[2K[1A[2K[1A[2K[1A[2K[G
 ───────────────── Importing data ─────────────────

 ✔ Creating ingest job 4.81s
 ⣯ Processing the job 3.98s
   ▸ Processed records: ◠
   ▸ Successful records: ◠
   ▸ Failed records: ◠

 Status: UploadComplete
 Job Id:
 750ct00000USLZhAAP (https://fortra--mergebuild.sandbox.my.salesforce.com/lightn
 ing/setup/AsyncApiJobStatus/page?address=%2F750ct00000USLZhAAP)
 Elapsed Time: 9.08s

[2K[1A[2K[1A[2K[1A[2K[1A[2K[1A[2K[1A[2K[1A[2K[1A[2K[1A[2K[1A[2K[1A[2K[1A[2K[1A[2K[1A[2K[1A[2K[G
 ───────────────── Importing data ─────────────────

 ✔ Creating ingest job 4.81s
 ⣷ Processing the job 4.01s
   ▸ Processed records: ◝
   ▸ Successful records: ◝
   ▸ Failed records: ◝

 Status: UploadComplete
 Job Id:
 750ct00000USLZhAAP (https://fortra--mergebuild.sandbox.my.salesforce.com/lightn
 ing/setup/AsyncApiJobStatus/page?address=%2F750ct00000USLZhAAP)
 Elapsed Time: 9.11s

[2K[1A[2K[1A[2K[1A[2K[1A[2K[1A[2K[1A[2K[1A[2K[1A[2K[1A[2K[1A[2K[1A[2K[1A[2K[1A[2K[1A[2K[1A[2K[G
 ───────────────── Importing data ─────────────────

 ✔ Creating ingest job 4.81s
 ⣷ Processing the job 4.03s
   ▸ Processed records: ◝
   ▸ Successful records: ◝
   ▸ Failed records: ◝

 Status: UploadComplete
 Job Id:
 750ct00000USLZhAAP (https://fortra--mergebuild.sandbox.my.salesforce.com/lightn
 ing/setup/AsyncApiJobStatus/page?address=%2F750ct00000USLZhAAP)
 Elapsed Time: 9.15s

[2K[1A[2K[1A[2K[1A[2K[1A[2K[1A[2K[1A[2K[1A[2K[1A[2K[1A[2K[1A[2K[1A[2K[1A[2K[1A[2K[1A[2K[1A[2K[G
 ───────────────── Importing data ─────────────────

 ✔ Creating ingest job 4.81s
 ⣾ Processing the job 4.06s
   ▸ Processed records: ◝
   ▸ Successful records: ◝
   ▸ Failed records: ◝

 Status: UploadComplete
 Job Id:
 750ct00000USLZhAAP (https://fortra--mergebuild.sandbox.my.salesforce.com/lightn
 ing/setup/AsyncApiJobStatus/page?address=%2F750ct00000USLZhAAP)
 Elapsed Time: 9.17s

[2K[1A[2K[1A[2K[1A[2K[1A[2K[1A[2K[1A[2K[1A[2K[1A[2K[1A[2K[1A[2K[1A[2K[1A[2K[1A[2K[1A[2K[1A[2K[G
 ───────────────── Importing data ─────────────────

 ✔ Creating ingest job 4.81s
 ⣾ Processing the job 4.09s
   ▸ Processed records: ◞
   ▸ Successful records: ◞
   ▸ Failed records: ◞

 Status: UploadComplete
 Job Id:
 750ct00000USLZhAAP (https://fortra--mergebuild.sandbox.my.salesforce.com/lightn
 ing/setup/AsyncApiJobStatus/page?address=%2F750ct00000USLZhAAP)
 Elapsed Time: 9.21s

[2K[1A[2K[1A[2K[1A[2K[1A[2K[1A[2K[1A[2K[1A[2K[1A[2K[1A[2K[1A[2K[1A[2K[1A[2K[1A[2K[1A[2K[1A[2K[G
 ───────────────── Importing data ─────────────────

 ✔ Creating ingest job 4.81s
 ⣾ Processing the job 4.12s
   ▸ Processed records: ◞
   ▸ Successful records: ◞
   ▸ Failed records: ◞

 Status: UploadComplete
 Job Id:
 750ct00000USLZhAAP (https://fortra--mergebuild.sandbox.my.salesforce.com/lightn
 ing/setup/AsyncApiJobStatus/page?address=%2F750ct00000USLZhAAP)
 Elapsed Time: 9.24s

[2K[1A[2K[1A[2K[1A[2K[1A[2K[1A[2K[1A[2K[1A[2K[1A[2K[1A[2K[1A[2K[1A[2K[1A[2K[1A[2K[1A[2K[1A[2K[G
 ───────────────── Importing data ─────────────────

 ✔ Creating ingest job 4.81s
 ⣽ Processing the job 4.15s
   ▸ Processed records: ◞
   ▸ Successful records: ◞
   ▸ Failed records: ◞

 Status: UploadComplete
 Job Id:
 750ct00000USLZhAAP (https://fortra--mergebuild.sandbox.my.salesforce.com/lightn
 ing/setup/AsyncApiJobStatus/page?address=%2F750ct00000USLZhAAP)
 Elapsed Time: 9.27s

[2K[1A[2K[1A[2K[1A[2K[1A[2K[1A[2K[1A[2K[1A[2K[1A[2K[1A[2K[1A[2K[1A[2K[1A[2K[1A[2K[1A[2K[1A[2K[G
 ───────────────── Importing data ─────────────────

 ✔ Creating ingest job 4.81s
 ⣽ Processing the job 4.18s
   ▸ Processed records: ◡
   ▸ Successful records: ◡
   ▸ Failed records: ◡

 Status: UploadComplete
 Job Id:
 750ct00000USLZhAAP (https://fortra--mergebuild.sandbox.my.salesforce.com/lightn
 ing/setup/AsyncApiJobStatus/page?address=%2F750ct00000USLZhAAP)
 Elapsed Time: 9.30s

[2K[1A[2K[1A[2K[1A[2K[1A[2K[1A[2K[1A[2K[1A[2K[1A[2K[1A[2K[1A[2K[1A[2K[1A[2K[1A[2K[1A[2K[1A[2K[G
 ───────────────── Importing data ─────────────────

 ✔ Creating ingest job 4.81s
 ⣻ Processing the job 4.21s
   ▸ Processed records: ◡
   ▸ Successful records: ◡
   ▸ Failed records: ◡

 Status: UploadComplete
 Job Id:
 750ct00000USLZhAAP (https://fortra--mergebuild.sandbox.my.salesforce.com/lightn
 ing/setup/AsyncApiJobStatus/page?address=%2F750ct00000USLZhAAP)
 Elapsed Time: 9.33s

[2K[1A[2K[1A[2K[1A[2K[1A[2K[1A[2K[1A[2K[1A[2K[1A[2K[1A[2K[1A[2K[1A[2K[1A[2K[1A[2K[1A[2K[1A[2K[G
 ───────────────── Importing data ─────────────────

 ✔ Creating ingest job 4.81s
 ⣻ Processing the job 4.25s
   ▸ Processed records: ◡
   ▸ Successful records: ◡
   ▸ Failed records: ◡

 Status: UploadComplete
 Job Id:
 750ct00000USLZhAAP (https://fortra--mergebuild.sandbox.my.salesforce.com/lightn
 ing/setup/AsyncApiJobStatus/page?address=%2F750ct00000USLZhAAP)
 Elapsed Time: 9.36s

[2K[1A[2K[1A[2K[1A[2K[1A[2K[1A[2K[1A[2K[1A[2K[1A[2K[1A[2K[1A[2K[1A[2K[1A[2K[1A[2K[1A[2K[1A[2K[G
 ───────────────── Importing data ─────────────────

 ✔ Creating ingest job 4.81s
 ⣻ Processing the job 4.28s
   ▸ Processed records: ◟
   ▸ Successful records: ◟
   ▸ Failed records: ◟

 Status: UploadComplete
 Job Id:
 750ct00000USLZhAAP (https://fortra--mergebuild.sandbox.my.salesforce.com/lightn
 ing/setup/AsyncApiJobStatus/page?address=%2F750ct00000USLZhAAP)
 Elapsed Time: 9.39s

[2K[1A[2K[1A[2K[1A[2K[1A[2K[1A[2K[1A[2K[1A[2K[1A[2K[1A[2K[1A[2K[1A[2K[1A[2K[1A[2K[1A[2K[1A[2K[G
 ───────────────── Importing data ─────────────────

 ✔ Creating ingest job 4.81s
 ⢿ Processing the job 4.30s
   ▸ Processed records: ◟
   ▸ Successful records: ◟
   ▸ Failed records: ◟

 Status: UploadComplete
 Job Id:
 750ct00000USLZhAAP (https://fortra--mergebuild.sandbox.my.salesforce.com/lightn
 ing/setup/AsyncApiJobStatus/page?address=%2F750ct00000USLZhAAP)
 Elapsed Time: 9.42s

[2K[1A[2K[1A[2K[1A[2K[1A[2K[1A[2K[1A[2K[1A[2K[1A[2K[1A[2K[1A[2K[1A[2K[1A[2K[1A[2K[1A[2K[1A[2K[G
 ───────────────── Importing data ─────────────────

 ✔ Creating ingest job 4.81s
 ⢿ Processing the job 4.33s
   ▸ Processed records: ◟
   ▸ Successful records: ◟
   ▸ Failed records: ◟

 Status: UploadComplete
 Job Id:
 750ct00000USLZhAAP (https://fortra--mergebuild.sandbox.my.salesforce.com/lightn
 ing/setup/AsyncApiJobStatus/page?address=%2F750ct00000USLZhAAP)
 Elapsed Time: 9.46s

[2K[1A[2K[1A[2K[1A[2K[1A[2K[1A[2K[1A[2K[1A[2K[1A[2K[1A[2K[1A[2K[1A[2K[1A[2K[1A[2K[1A[2K[1A[2K[G
 ───────────────── Importing data ─────────────────

 ✔ Creating ingest job 4.81s
 ⡿ Processing the job 4.37s
   ▸ Processed records: ◜
   ▸ Successful records: ◜
   ▸ Failed records: ◜

 Status: UploadComplete
 Job Id:
 750ct00000USLZhAAP (https://fortra--mergebuild.sandbox.my.salesforce.com/lightn
 ing/setup/AsyncApiJobStatus/page?address=%2F750ct00000USLZhAAP)
 Elapsed Time: 9.48s

[2K[1A[2K[1A[2K[1A[2K[1A[2K[1A[2K[1A[2K[1A[2K[1A[2K[1A[2K[1A[2K[1A[2K[1A[2K[1A[2K[1A[2K[1A[2K[G
 ───────────────── Importing data ─────────────────

 ✔ Creating ingest job 4.81s
 ⡿ Processing the job 4.39s
   ▸ Processed records: ◜
   ▸ Successful records: ◜
   ▸ Failed records: ◜

 Status: UploadComplete
 Job Id:
 750ct00000USLZhAAP (https://fortra--mergebuild.sandbox.my.salesforce.com/lightn
 ing/setup/AsyncApiJobStatus/page?address=%2F750ct00000USLZhAAP)
 Elapsed Time: 9.52s

[2K[1A[2K[1A[2K[1A[2K[1A[2K[1A[2K[1A[2K[1A[2K[1A[2K[1A[2K[1A[2K[1A[2K[1A[2K[1A[2K[1A[2K[1A[2K[G
 ───────────────── Importing data ─────────────────

 ✔ Creating ingest job 4.81s
 ⡿ Processing the job 4.43s
   ▸ Processed records: ◜
   ▸ Successful records: ◜
   ▸ Failed records: ◜

 Status: UploadComplete
 Job Id:
 750ct00000USLZhAAP (https://fortra--mergebuild.sandbox.my.salesforce.com/lightn
 ing/setup/AsyncApiJobStatus/page?address=%2F750ct00000USLZhAAP)
 Elapsed Time: 9.54s

[2K[1A[2K[1A[2K[1A[2K[1A[2K[1A[2K[1A[2K[1A[2K[1A[2K[1A[2K[1A[2K[1A[2K[1A[2K[1A[2K[1A[2K[1A[2K[G
 ───────────────── Importing data ─────────────────

 ✔ Creating ingest job 4.81s
 ⣟ Processing the job 4.46s
   ▸ Processed records: ◠
   ▸ Successful records: ◠
   ▸ Failed records: ◠

 Status: UploadComplete
 Job Id:
 750ct00000USLZhAAP (https://fortra--mergebuild.sandbox.my.salesforce.com/lightn
 ing/setup/AsyncApiJobStatus/page?address=%2F750ct00000USLZhAAP)
 Elapsed Time: 9.57s

[2K[1A[2K[1A[2K[1A[2K[1A[2K[1A[2K[1A[2K[1A[2K[1A[2K[1A[2K[1A[2K[1A[2K[1A[2K[1A[2K[1A[2K[1A[2K[G
 ───────────────── Importing data ─────────────────

 ✔ Creating ingest job 4.81s
 ⣟ Processing the job 4.49s
   ▸ Processed records: ◠
   ▸ Successful records: ◠
   ▸ Failed records: ◠

 Status: UploadComplete
 Job Id:
 750ct00000USLZhAAP (https://fortra--mergebuild.sandbox.my.salesforce.com/lightn
 ing/setup/AsyncApiJobStatus/page?address=%2F750ct00000USLZhAAP)
 Elapsed Time: 9.60s

[2K[1A[2K[1A[2K[1A[2K[1A[2K[1A[2K[1A[2K[1A[2K[1A[2K[1A[2K[1A[2K[1A[2K[1A[2K[1A[2K[1A[2K[1A[2K[G
 ───────────────── Importing data ─────────────────

 ✔ Creating ingest job 4.81s
 ⣯ Processing the job 4.51s
   ▸ Processed records: ◠
   ▸ Successful records: ◠
   ▸ Failed records: ◠

 Status: UploadComplete
 Job Id:
 750ct00000USLZhAAP (https://fortra--mergebuild.sandbox.my.salesforce.com/lightn
 ing/setup/AsyncApiJobStatus/page?address=%2F750ct00000USLZhAAP)
 Elapsed Time: 9.63s

[2K[1A[2K[1A[2K[1A[2K[1A[2K[1A[2K[1A[2K[1A[2K[1A[2K[1A[2K[1A[2K[1A[2K[1A[2K[1A[2K[1A[2K[1A[2K[G
 ───────────────── Importing data ─────────────────

 ✔ Creating ingest job 4.81s
 ⣯ Processing the job 4.54s
   ▸ Processed records: ◝
   ▸ Successful records: ◝
   ▸ Failed records: ◝

 Status: UploadComplete
 Job Id:
 750ct00000USLZhAAP (https://fortra--mergebuild.sandbox.my.salesforce.com/lightn
 ing/setup/AsyncApiJobStatus/page?address=%2F750ct00000USLZhAAP)
 Elapsed Time: 9.66s

[2K[1A[2K[1A[2K[1A[2K[1A[2K[1A[2K[1A[2K[1A[2K[1A[2K[1A[2K[1A[2K[1A[2K[1A[2K[1A[2K[1A[2K[1A[2K[G
 ───────────────── Importing data ─────────────────

 ✔ Creating ingest job 4.81s
 ⣯ Processing the job 4.57s
   ▸ Processed records: ◝
   ▸ Successful records: ◝
   ▸ Failed records: ◝

 Status: UploadComplete
 Job Id:
 750ct00000USLZhAAP (https://fortra--mergebuild.sandbox.my.salesforce.com/lightn
 ing/setup/AsyncApiJobStatus/page?address=%2F750ct00000USLZhAAP)
 Elapsed Time: 9.70s

[2K[1A[2K[1A[2K[1A[2K[1A[2K[1A[2K[1A[2K[1A[2K[1A[2K[1A[2K[1A[2K[1A[2K[1A[2K[1A[2K[1A[2K[1A[2K[G
 ───────────────── Importing data ─────────────────

 ✔ Creating ingest job 4.81s
 ⣷ Processing the job 4.60s
   ▸ Processed records: ◝
   ▸ Successful records: ◝
   ▸ Failed records: ◝

 Status: UploadComplete
 Job Id:
 750ct00000USLZhAAP (https://fortra--mergebuild.sandbox.my.salesforce.com/lightn
 ing/setup/AsyncApiJobStatus/page?address=%2F750ct00000USLZhAAP)
 Elapsed Time: 9.73s

[2K[1A[2K[1A[2K[1A[2K[1A[2K[1A[2K[1A[2K[1A[2K[1A[2K[1A[2K[1A[2K[1A[2K[1A[2K[1A[2K[1A[2K[1A[2K[G
 ───────────────── Importing data ─────────────────

 ✔ Creating ingest job 4.81s
 ⣷ Processing the job 4.63s
   ▸ Processed records: ◞
   ▸ Successful records: ◝
   ▸ Failed records: ◝

 Status: UploadComplete
 Job Id:
 750ct00000USLZhAAP (https://fortra--mergebuild.sandbox.my.salesforce.com/lightn
 ing/setup/AsyncApiJobStatus/page?address=%2F750ct00000USLZhAAP)
 Elapsed Time: 9.75s

[2K[1A[2K[1A[2K[1A[2K[1A[2K[1A[2K[1A[2K[1A[2K[1A[2K[1A[2K[1A[2K[1A[2K[1A[2K[1A[2K[1A[2K[1A[2K[G
 ───────────────── Importing data ─────────────────

 ✔ Creating ingest job 4.81s
 ⣾ Processing the job 4.66s
   ▸ Processed records: ◞
   ▸ Successful records: ◞
   ▸ Failed records: ◞

 Status: UploadComplete
 Job Id:
 750ct00000USLZhAAP (https://fortra--mergebuild.sandbox.my.salesforce.com/lightn
 ing/setup/AsyncApiJobStatus/page?address=%2F750ct00000USLZhAAP)
 Elapsed Time: 9.78s

[2K[1A[2K[1A[2K[1A[2K[1A[2K[1A[2K[1A[2K[1A[2K[1A[2K[1A[2K[1A[2K[1A[2K[1A[2K[1A[2K[1A[2K[1A[2K[G
 ───────────────── Importing data ─────────────────

 ✔ Creating ingest job 4.81s
 ⣾ Processing the job 4.69s
   ▸ Processed records: ◞
   ▸ Successful records: ◞
   ▸ Failed records: ◞

 Status: UploadComplete
 Job Id:
 750ct00000USLZhAAP (https://fortra--mergebuild.sandbox.my.salesforce.com/lightn
 ing/setup/AsyncApiJobStatus/page?address=%2F750ct00000USLZhAAP)
 Elapsed Time: 9.81s

[2K[1A[2K[1A[2K[1A[2K[1A[2K[1A[2K[1A[2K[1A[2K[1A[2K[1A[2K[1A[2K[1A[2K[1A[2K[1A[2K[1A[2K[1A[2K[G
 ───────────────── Importing data ─────────────────

 ✔ Creating ingest job 4.81s
 ⣾ Processing the job 4.71s
   ▸ Processed records: ◞
   ▸ Successful records: ◞
   ▸ Failed records: ◞

 Status: UploadComplete
 Job Id:
 750ct00000USLZhAAP (https://fortra--mergebuild.sandbox.my.salesforce.com/lightn
 ing/setup/AsyncApiJobStatus/page?address=%2F750ct00000USLZhAAP)
 Elapsed Time: 9.84s

[2K[1A[2K[1A[2K[1A[2K[1A[2K[1A[2K[1A[2K[1A[2K[1A[2K[1A[2K[1A[2K[1A[2K[1A[2K[1A[2K[1A[2K[1A[2K[G
 ───────────────── Importing data ─────────────────

 ✔ Creating ingest job 4.81s
 ⣽ Processing the job 4.74s
   ▸ Processed records: ◡
   ▸ Successful records: ◡
   ▸ Failed records: ◡

 Status: UploadComplete
 Job Id:
 750ct00000USLZhAAP (https://fortra--mergebuild.sandbox.my.salesforce.com/lightn
 ing/setup/AsyncApiJobStatus/page?address=%2F750ct00000USLZhAAP)
 Elapsed Time: 9.87s

[2K[1A[2K[1A[2K[1A[2K[1A[2K[1A[2K[1A[2K[1A[2K[1A[2K[1A[2K[1A[2K[1A[2K[1A[2K[1A[2K[1A[2K[1A[2K[G
 ───────────────── Importing data ─────────────────

 ✔ Creating ingest job 4.81s
 ⣽ Processing the job 4.77s
   ▸ Processed records: ◡
   ▸ Successful records: ◡
   ▸ Failed records: ◡

 Status: UploadComplete
 Job Id:
 750ct00000USLZhAAP (https://fortra--mergebuild.sandbox.my.salesforce.com/lightn
 ing/setup/AsyncApiJobStatus/page?address=%2F750ct00000USLZhAAP)
 Elapsed Time: 9.89s

[2K[1A[2K[1A[2K[1A[2K[1A[2K[1A[2K[1A[2K[1A[2K[1A[2K[1A[2K[1A[2K[1A[2K[1A[2K[1A[2K[1A[2K[1A[2K[G
 ───────────────── Importing data ─────────────────

 ✔ Creating ingest job 4.81s
 ⣻ Processing the job 4.80s
   ▸ Processed records: ◡
   ▸ Successful records: ◡
   ▸ Failed records: ◡

 Status: UploadComplete
 Job Id:
 750ct00000USLZhAAP (https://fortra--mergebuild.sandbox.my.salesforce.com/lightn
 ing/setup/AsyncApiJobStatus/page?address=%2F750ct00000USLZhAAP)
 Elapsed Time: 9.93s

[2K[1A[2K[1A[2K[1A[2K[1A[2K[1A[2K[1A[2K[1A[2K[1A[2K[1A[2K[1A[2K[1A[2K[1A[2K[1A[2K[1A[2K[1A[2K[G
 ───────────────── Importing data ─────────────────

 ✔ Creating ingest job 4.81s
 ⣻ Processing the job 4.83s
   ▸ Processed records: ◟
   ▸ Successful records: ◟
   ▸ Failed records: ◟

 Status: UploadComplete
 Job Id:
 750ct00000USLZhAAP (https://fortra--mergebuild.sandbox.my.salesforce.com/lightn
 ing/setup/AsyncApiJobStatus/page?address=%2F750ct00000USLZhAAP)
 Elapsed Time: 9.95s

[2K[1A[2K[1A[2K[1A[2K[1A[2K[1A[2K[1A[2K[1A[2K[1A[2K[1A[2K[1A[2K[1A[2K[1A[2K[1A[2K[1A[2K[1A[2K[G
 ───────────────── Importing data ─────────────────

 ✔ Creating ingest job 4.81s
 ⣻ Processing the job 4.86s
   ▸ Processed records: ◟
   ▸ Successful records: ◟
   ▸ Failed records: ◟

 Status: UploadComplete
 Job Id:
 750ct00000USLZhAAP (https://fortra--mergebuild.sandbox.my.salesforce.com/lightn
 ing/setup/AsyncApiJobStatus/page?address=%2F750ct00000USLZhAAP)
 Elapsed Time: 9.99s

[2K[1A[2K[1A[2K[1A[2K[1A[2K[1A[2K[1A[2K[1A[2K[1A[2K[1A[2K[1A[2K[1A[2K[1A[2K[1A[2K[1A[2K[1A[2K[G
 ───────────────── Importing data ─────────────────

 ✔ Creating ingest job 4.81s
 ⢿ Processing the job 4.89s
   ▸ Processed records: ◟
   ▸ Successful records: ◟
   ▸ Failed records: ◟

 Status: UploadComplete
 Job Id:
 750ct00000USLZhAAP (https://fortra--mergebuild.sandbox.my.salesforce.com/lightn
 ing/setup/AsyncApiJobStatus/page?address=%2F750ct00000USLZhAAP)
 Elapsed Time: 10.02s

[2K[1A[2K[1A[2K[1A[2K[1A[2K[1A[2K[1A[2K[1A[2K[1A[2K[1A[2K[1A[2K[1A[2K[1A[2K[1A[2K[1A[2K[1A[2K[G
 ───────────────── Importing data ─────────────────

 ✔ Creating ingest job 4.81s
 ⢿ Processing the job 4.92s
   ▸ Processed records: ◜
   ▸ Successful records: ◜
   ▸ Failed records: ◜

 Status: UploadComplete
 Job Id:
 750ct00000USLZhAAP (https://fortra--mergebuild.sandbox.my.salesforce.com/lightn
 ing/setup/AsyncApiJobStatus/page?address=%2F750ct00000USLZhAAP)
 Elapsed Time: 10.04s

[2K[1A[2K[1A[2K[1A[2K[1A[2K[1A[2K[1A[2K[1A[2K[1A[2K[1A[2K[1A[2K[1A[2K[1A[2K[1A[2K[1A[2K[1A[2K[G
 ───────────────── Importing data ─────────────────

 ✔ Creating ingest job 4.81s
 ⡿ Processing the job 4.95s
   ▸ Processed records: ◜
   ▸ Successful records: ◜
   ▸ Failed records: ◜

 Status: UploadComplete
 Job Id:
 750ct00000USLZhAAP (https://fortra--mergebuild.sandbox.my.salesforce.com/lightn
 ing/setup/AsyncApiJobStatus/page?address=%2F750ct00000USLZhAAP)
 Elapsed Time: 10.07s

[2K[1A[2K[1A[2K[1A[2K[1A[2K[1A[2K[1A[2K[1A[2K[1A[2K[1A[2K[1A[2K[1A[2K[1A[2K[1A[2K[1A[2K[1A[2K[G
 ───────────────── Importing data ─────────────────

 ✔ Creating ingest job 4.81s
 ⡿ Processing the job 4.97s
   ▸ Processed records: ◜
   ▸ Successful records: ◜
   ▸ Failed records: ◜

 Status: UploadComplete
 Job Id:
 750ct00000USLZhAAP (https://fortra--mergebuild.sandbox.my.salesforce.com/lightn
 ing/setup/AsyncApiJobStatus/page?address=%2F750ct00000USLZhAAP)
 Elapsed Time: 10.10s

[2K[1A[2K[1A[2K[1A[2K[1A[2K[1A[2K[1A[2K[1A[2K[1A[2K[1A[2K[1A[2K[1A[2K[1A[2K[1A[2K[1A[2K[1A[2K[G
 ───────────────── Importing data ─────────────────

 ✔ Creating ingest job 4.81s
 ⡿ Processing the job 5.00s
   ▸ Processed records: ◠
   ▸ Successful records: ◠
   ▸ Failed records: ◠

 Status: UploadComplete
 Job Id:
 750ct00000USLZhAAP (https://fortra--mergebuild.sandbox.my.salesforce.com/lightn
 ing/setup/AsyncApiJobStatus/page?address=%2F750ct00000USLZhAAP)
 Elapsed Time: 10.14s

[2K[1A[2K[1A[2K[1A[2K[1A[2K[1A[2K[1A[2K[1A[2K[1A[2K[1A[2K[1A[2K[1A[2K[1A[2K[1A[2K[1A[2K[1A[2K[G
 ───────────────── Importing data ─────────────────

 ✔ Creating ingest job 4.81s
 ⣟ Processing the job 5.03s
   ▸ Processed records: ◠
   ▸ Successful records: ◠
   ▸ Failed records: ◠

 Status: UploadComplete
 Job Id:
 750ct00000USLZhAAP (https://fortra--mergebuild.sandbox.my.salesforce.com/lightn
 ing/setup/AsyncApiJobStatus/page?address=%2F750ct00000USLZhAAP)
 Elapsed Time: 10.16s

[2K[1A[2K[1A[2K[1A[2K[1A[2K[1A[2K[1A[2K[1A[2K[1A[2K[1A[2K[1A[2K[1A[2K[1A[2K[1A[2K[1A[2K[1A[2K[G
 ───────────────── Importing data ─────────────────

 ✔ Creating ingest job 4.81s
 ⣟ Processing the job 5.06s
   ▸ Processed records: ◠
   ▸ Successful records: ◠
   ▸ Failed records: ◠

 Status: UploadComplete
 Job Id:
 750ct00000USLZhAAP (https://fortra--mergebuild.sandbox.my.salesforce.com/lightn
 ing/setup/AsyncApiJobStatus/page?address=%2F750ct00000USLZhAAP)
 Elapsed Time: 10.19s

[2K[1A[2K[1A[2K[1A[2K[1A[2K[1A[2K[1A[2K[1A[2K[1A[2K[1A[2K[1A[2K[1A[2K[1A[2K[1A[2K[1A[2K[1A[2K[G
 ───────────────── Importing data ─────────────────

 ✔ Creating ingest job 4.81s
 ⣯ Processing the job 5.10s
   ▸ Processed records: ◝
   ▸ Successful records: ◝
   ▸ Failed records: ◝

 Status: UploadComplete
 Job Id:
 750ct00000USLZhAAP (https://fortra--mergebuild.sandbox.my.salesforce.com/lightn
 ing/setup/AsyncApiJobStatus/page?address=%2F750ct00000USLZhAAP)
 Elapsed Time: 10.22s

[2K[1A[2K[1A[2K[1A[2K[1A[2K[1A[2K[1A[2K[1A[2K[1A[2K[1A[2K[1A[2K[1A[2K[1A[2K[1A[2K[1A[2K[1A[2K[G
 ───────────────── Importing data ─────────────────

 ✔ Creating ingest job 4.81s
 ⣯ Processing the job 5.12s
   ▸ Processed records: ◝
   ▸ Successful records: ◝
   ▸ Failed records: ◝

 Status: UploadComplete
 Job Id:
 750ct00000USLZhAAP (https://fortra--mergebuild.sandbox.my.salesforce.com/lightn
 ing/setup/AsyncApiJobStatus/page?address=%2F750ct00000USLZhAAP)
 Elapsed Time: 10.25s

[2K[1A[2K[1A[2K[1A[2K[1A[2K[1A[2K[1A[2K[1A[2K[1A[2K[1A[2K[1A[2K[1A[2K[1A[2K[1A[2K[1A[2K[1A[2K[G
 ───────────────── Importing data ─────────────────

 ✔ Creating ingest job 4.81s
 ⣯ Processing the job 5.15s
   ▸ Processed records: ◝
   ▸ Successful records: ◝
   ▸ Failed records: ◝

 Status: UploadComplete
 Job Id:
 750ct00000USLZhAAP (https://fortra--mergebuild.sandbox.my.salesforce.com/lightn
 ing/setup/AsyncApiJobStatus/page?address=%2F750ct00000USLZhAAP)
 Elapsed Time: 10.28s

[2K[1A[2K[1A[2K[1A[2K[1A[2K[1A[2K[1A[2K[1A[2K[1A[2K[1A[2K[1A[2K[1A[2K[1A[2K[1A[2K[1A[2K[1A[2K[G
 ───────────────── Importing data ─────────────────

 ✔ Creating ingest job 4.81s
 ⣷ Processing the job 5.17s
   ▸ Processed records: ◞
   ▸ Successful records: ◞
   ▸ Failed records: ◞

 Status: UploadComplete
 Job Id:
 750ct00000USLZhAAP (https://fortra--mergebuild.sandbox.my.salesforce.com/lightn
 ing/setup/AsyncApiJobStatus/page?address=%2F750ct00000USLZhAAP)
 Elapsed Time: 10.31s

[2K[1A[2K[1A[2K[1A[2K[1A[2K[1A[2K[1A[2K[1A[2K[1A[2K[1A[2K[1A[2K[1A[2K[1A[2K[1A[2K[1A[2K[1A[2K[G
 ───────────────── Importing data ─────────────────

 ✔ Creating ingest job 4.81s
 ⣷ Processing the job 5.21s
   ▸ Processed records: ◞
   ▸ Successful records: ◞
   ▸ Failed records: ◞

 Status: UploadComplete
 Job Id:
 750ct00000USLZhAAP (https://fortra--mergebuild.sandbox.my.salesforce.com/lightn
 ing/setup/AsyncApiJobStatus/page?address=%2F750ct00000USLZhAAP)
 Elapsed Time: 10.34s

[2K[1A[2K[1A[2K[1A[2K[1A[2K[1A[2K[1A[2K[1A[2K[1A[2K[1A[2K[1A[2K[1A[2K[1A[2K[1A[2K[1A[2K[1A[2K[G
 ───────────────── Importing data ─────────────────

 ✔ Creating ingest job 4.81s
 ⣾ Processing the job 5.23s
   ▸ Processed records: ◞
   ▸ Successful records: ◞
   ▸ Failed records: ◞

 Status: UploadComplete
 Job Id:
 750ct00000USLZhAAP (https://fortra--mergebuild.sandbox.my.salesforce.com/lightn
 ing/setup/AsyncApiJobStatus/page?address=%2F750ct00000USLZhAAP)
 Elapsed Time: 10.37s

[2K[1A[2K[1A[2K[1A[2K[1A[2K[1A[2K[1A[2K[1A[2K[1A[2K[1A[2K[1A[2K[1A[2K[1A[2K[1A[2K[1A[2K[1A[2K[G
 ───────────────── Importing data ─────────────────

 ✔ Creating ingest job 4.81s
 ⣾ Processing the job 5.26s
   ▸ Processed records: ◡
   ▸ Successful records: ◡
   ▸ Failed records: ◞

 Status: UploadComplete
 Job Id:
 750ct00000USLZhAAP (https://fortra--mergebuild.sandbox.my.salesforce.com/lightn
 ing/setup/AsyncApiJobStatus/page?address=%2F750ct00000USLZhAAP)
 Elapsed Time: 10.40s

[2K[1A[2K[1A[2K[1A[2K[1A[2K[1A[2K[1A[2K[1A[2K[1A[2K[1A[2K[1A[2K[1A[2K[1A[2K[1A[2K[1A[2K[1A[2K[G
 ───────────────── Importing data ─────────────────

 ✔ Creating ingest job 4.81s
 ⣾ Processing the job 5.29s
   ▸ Processed records: ◡
   ▸ Successful records: ◡
   ▸ Failed records: ◡

 Status: UploadComplete
 Job Id:
 750ct00000USLZhAAP (https://fortra--mergebuild.sandbox.my.salesforce.com/lightn
 ing/setup/AsyncApiJobStatus/page?address=%2F750ct00000USLZhAAP)
 Elapsed Time: 10.43s

[2K[1A[2K[1A[2K[1A[2K[1A[2K[1A[2K[1A[2K[1A[2K[1A[2K[1A[2K[1A[2K[1A[2K[1A[2K[1A[2K[1A[2K[1A[2K[G
 ───────────────── Importing data ─────────────────

 ✔ Creating ingest job 4.81s
 ⣽ Processing the job 5.31s
   ▸ Processed records: ◡
   ▸ Successful records: ◡
   ▸ Failed records: ◡

 Status: UploadComplete
 Job Id:
 750ct00000USLZhAAP (https://fortra--mergebuild.sandbox.my.salesforce.com/lightn
 ing/setup/AsyncApiJobStatus/page?address=%2F750ct00000USLZhAAP)
 Elapsed Time: 10.46s

[2K[1A[2K[1A[2K[1A[2K[1A[2K[1A[2K[1A[2K[1A[2K[1A[2K[1A[2K[1A[2K[1A[2K[1A[2K[1A[2K[1A[2K[1A[2K[G
 ───────────────── Importing data ─────────────────

 ✔ Creating ingest job 4.81s
 ⣽ Processing the job 5.34s
   ▸ Processed records: ◟
   ▸ Successful records: ◡
   ▸ Failed records: ◡

 Status: UploadComplete
 Job Id:
 750ct00000USLZhAAP (https://fortra--mergebuild.sandbox.my.salesforce.com/lightn
 ing/setup/AsyncApiJobStatus/page?address=%2F750ct00000USLZhAAP)
 Elapsed Time: 10.49s

[2K[1A[2K[1A[2K[1A[2K[1A[2K[1A[2K[1A[2K[1A[2K[1A[2K[1A[2K[1A[2K[1A[2K[1A[2K[1A[2K[1A[2K[1A[2K[G
 ───────────────── Importing data ─────────────────

 ✔ Creating ingest job 4.81s
 ⣻ Processing the job 5.37s
   ▸ Processed records: ◟
   ▸ Successful records: ◟
   ▸ Failed records: ◟

 Status: UploadComplete
 Job Id:
 750ct00000USLZhAAP (https://fortra--mergebuild.sandbox.my.salesforce.com/lightn
 ing/setup/AsyncApiJobStatus/page?address=%2F750ct00000USLZhAAP)
 Elapsed Time: 10.53s

[2K[1A[2K[1A[2K[1A[2K[1A[2K[1A[2K[1A[2K[1A[2K[1A[2K[1A[2K[1A[2K[1A[2K[1A[2K[1A[2K[1A[2K[1A[2K[G
 ───────────────── Importing data ─────────────────

 ✔ Creating ingest job 4.81s
 ⣻ Processing the job 5.40s
   ▸ Processed records: ◟
   ▸ Successful records: ◟
   ▸ Failed records: ◟

 Status: UploadComplete
 Job Id:
 750ct00000USLZhAAP (https://fortra--mergebuild.sandbox.my.salesforce.com/lightn
 ing/setup/AsyncApiJobStatus/page?address=%2F750ct00000USLZhAAP)
 Elapsed Time: 10.56s

[2K[1A[2K[1A[2K[1A[2K[1A[2K[1A[2K[1A[2K[1A[2K[1A[2K[1A[2K[1A[2K[1A[2K[1A[2K[1A[2K[1A[2K[1A[2K[G
 ───────────────── Importing data ─────────────────

 ✔ Creating ingest job 4.81s
 ⣻ Processing the job 5.44s
   ▸ Processed records: ◟
   ▸ Successful records: ◟
   ▸ Failed records: ◟

 Status: UploadComplete
 Job Id:
 750ct00000USLZhAAP (https://fortra--mergebuild.sandbox.my.salesforce.com/lightn
 ing/setup/AsyncApiJobStatus/page?address=%2F750ct00000USLZhAAP)
 Elapsed Time: 10.58s

[2K[1A[2K[1A[2K[1A[2K[1A[2K[1A[2K[1A[2K[1A[2K[1A[2K[1A[2K[1A[2K[1A[2K[1A[2K[1A[2K[1A[2K[1A[2K[G
 ───────────────── Importing data ─────────────────

 ✔ Creating ingest job 4.81s
 ⢿ Processing the job 5.46s
   ▸ Processed records: ◜
   ▸ Successful records: ◜
   ▸ Failed records: ◜

 Status: UploadComplete
 Job Id:
 750ct00000USLZhAAP (https://fortra--mergebuild.sandbox.my.salesforce.com/lightn
 ing/setup/AsyncApiJobStatus/page?address=%2F750ct00000USLZhAAP)
 Elapsed Time: 10.61s

[2K[1A[2K[1A[2K[1A[2K[1A[2K[1A[2K[1A[2K[1A[2K[1A[2K[1A[2K[1A[2K[1A[2K[1A[2K[1A[2K[1A[2K[1A[2K[G
 ───────────────── Importing data ─────────────────

 ✔ Creating ingest job 4.81s
 ⢿ Processing the job 5.50s
   ▸ Processed records: ◜
   ▸ Successful records: ◜
   ▸ Failed records: ◜

 Status: UploadComplete
 Job Id:
 750ct00000USLZhAAP (https://fortra--mergebuild.sandbox.my.salesforce.com/lightn
 ing/setup/AsyncApiJobStatus/page?address=%2F750ct00000USLZhAAP)
 Elapsed Time: 10.65s

[2K[1A[2K[1A[2K[1A[2K[1A[2K[1A[2K[1A[2K[1A[2K[1A[2K[1A[2K[1A[2K[1A[2K[1A[2K[1A[2K[1A[2K[1A[2K[G
 ───────────────── Importing data ─────────────────

 ✔ Creating ingest job 4.81s
 ⡿ Processing the job 5.52s
   ▸ Processed records: ◜
   ▸ Successful records: ◜
   ▸ Failed records: ◜

 Status: UploadComplete
 Job Id:
 750ct00000USLZhAAP (https://fortra--mergebuild.sandbox.my.salesforce.com/lightn
 ing/setup/AsyncApiJobStatus/page?address=%2F750ct00000USLZhAAP)
 Elapsed Time: 10.68s

[2K[1A[2K[1A[2K[1A[2K[1A[2K[1A[2K[1A[2K[1A[2K[1A[2K[1A[2K[1A[2K[1A[2K[1A[2K[1A[2K[1A[2K[1A[2K[G
 ───────────────── Importing data ─────────────────

 ✔ Creating ingest job 4.81s
 ⡿ Processing the job 5.55s
   ▸ Processed records: ◠
   ▸ Successful records: ◠
   ▸ Failed records: ◠

 Status: UploadComplete
 Job Id:
 750ct00000USLZhAAP (https://fortra--mergebuild.sandbox.my.salesforce.com/lightn
 ing/setup/AsyncApiJobStatus/page?address=%2F750ct00000USLZhAAP)
 Elapsed Time: 10.71s

[2K[1A[2K[1A[2K[1A[2K[1A[2K[1A[2K[1A[2K[1A[2K[1A[2K[1A[2K[1A[2K[1A[2K[1A[2K[1A[2K[1A[2K[1A[2K[G
 ───────────────── Importing data ─────────────────

 ✔ Creating ingest job 4.81s
 ⡿ Processing the job 5.58s
   ▸ Processed records: ◠
   ▸ Successful records: ◠
   ▸ Failed records: ◠

 Status: UploadComplete
 Job Id:
 750ct00000USLZhAAP (https://fortra--mergebuild.sandbox.my.salesforce.com/lightn
 ing/setup/AsyncApiJobStatus/page?address=%2F750ct00000USLZhAAP)
 Elapsed Time: 10.74s

[2K[1A[2K[1A[2K[1A[2K[1A[2K[1A[2K[1A[2K[1A[2K[1A[2K[1A[2K[1A[2K[1A[2K[1A[2K[1A[2K[1A[2K[1A[2K[G
 ───────────────── Importing data ─────────────────

 ✔ Creating ingest job 4.81s
 ⣟ Processing the job 5.61s
   ▸ Processed records: ◠
   ▸ Successful records: ◠
   ▸ Failed records: ◠

 Status: UploadComplete
 Job Id:
 750ct00000USLZhAAP (https://fortra--mergebuild.sandbox.my.salesforce.com/lightn
 ing/setup/AsyncApiJobStatus/page?address=%2F750ct00000USLZhAAP)
 Elapsed Time: 10.76s

[2K[1A[2K[1A[2K[1A[2K[1A[2K[1A[2K[1A[2K[1A[2K[1A[2K[1A[2K[1A[2K[1A[2K[1A[2K[1A[2K[1A[2K[1A[2K[G
 ───────────────── Importing data ─────────────────

 ✔ Creating ingest job 4.81s
 ⣟ Processing the job 5.63s
   ▸ Processed records: ◝
   ▸ Successful records: ◝
   ▸ Failed records: ◝

 Status: UploadComplete
 Job Id:
 750ct00000USLZhAAP (https://fortra--mergebuild.sandbox.my.salesforce.com/lightn
 ing/setup/AsyncApiJobStatus/page?address=%2F750ct00000USLZhAAP)
 Elapsed Time: 10.80s

[2K[1A[2K[1A[2K[1A[2K[1A[2K[1A[2K[1A[2K[1A[2K[1A[2K[1A[2K[1A[2K[1A[2K[1A[2K[1A[2K[1A[2K[1A[2K[G
 ───────────────── Importing data ─────────────────

 ✔ Creating ingest job 4.81s
 ⣯ Processing the job 5.66s
   ▸ Processed records: ◝
   ▸ Successful records: ◝
   ▸ Failed records: ◝

 Status: UploadComplete
 Job Id:
 750ct00000USLZhAAP (https://fortra--mergebuild.sandbox.my.salesforce.com/lightn
 ing/setup/AsyncApiJobStatus/page?address=%2F750ct00000USLZhAAP)
 Elapsed Time: 10.82s

[2K[1A[2K[1A[2K[1A[2K[1A[2K[1A[2K[1A[2K[1A[2K[1A[2K[1A[2K[1A[2K[1A[2K[1A[2K[1A[2K[1A[2K[1A[2K[G
 ───────────────── Importing data ─────────────────

 ✔ Creating ingest job 4.81s
 ⣯ Processing the job 5.69s
   ▸ Processed records: ◝
   ▸ Successful records: ◝
   ▸ Failed records: ◝

 Status: UploadComplete
 Job Id:
 750ct00000USLZhAAP (https://fortra--mergebuild.sandbox.my.salesforce.com/lightn
 ing/setup/AsyncApiJobStatus/page?address=%2F750ct00000USLZhAAP)
 Elapsed Time: 10.85s

[2K[1A[2K[1A[2K[1A[2K[1A[2K[1A[2K[1A[2K[1A[2K[1A[2K[1A[2K[1A[2K[1A[2K[1A[2K[1A[2K[1A[2K[1A[2K[G
 ───────────────── Importing data ─────────────────

 ✔ Creating ingest job 4.81s
 ⣯ Processing the job 5.72s
   ▸ Processed records: ◞
   ▸ Successful records: ◞
   ▸ Failed records: ◞

 Status: UploadComplete
 Job Id:
 750ct00000USLZhAAP (https://fortra--mergebuild.sandbox.my.salesforce.com/lightn
 ing/setup/AsyncApiJobStatus/page?address=%2F750ct00000USLZhAAP)
 Elapsed Time: 10.89s

[2K[1A[2K[1A[2K[1A[2K[1A[2K[1A[2K[1A[2K[1A[2K[1A[2K[1A[2K[1A[2K[1A[2K[1A[2K[1A[2K[1A[2K[1A[2K[G
 ───────────────── Importing data ─────────────────

 ✔ Creating ingest job 4.81s
 ⣷ Processing the job 5.75s
   ▸ Processed records: ◞
   ▸ Successful records: ◞
   ▸ Failed records: ◞

 Status: UploadComplete
 Job Id:
 750ct00000USLZhAAP (https://fortra--mergebuild.sandbox.my.salesforce.com/lightn
 ing/setup/AsyncApiJobStatus/page?address=%2F750ct00000USLZhAAP)
 Elapsed Time: 10.91s

[2K[1A[2K[1A[2K[1A[2K[1A[2K[1A[2K[1A[2K[1A[2K[1A[2K[1A[2K[1A[2K[1A[2K[1A[2K[1A[2K[1A[2K[1A[2K[G
 ───────────────── Importing data ─────────────────

 ✔ Creating ingest job 4.81s
 ⣷ Processing the job 5.78s
   ▸ Processed records: ◞
   ▸ Successful records: ◞
   ▸ Failed records: ◞

 Status: UploadComplete
 Job Id:
 750ct00000USLZhAAP (https://fortra--mergebuild.sandbox.my.salesforce.com/lightn
 ing/setup/AsyncApiJobStatus/page?address=%2F750ct00000USLZhAAP)
 Elapsed Time: 10.94s

[2K[1A[2K[1A[2K[1A[2K[1A[2K[1A[2K[1A[2K[1A[2K[1A[2K[1A[2K[1A[2K[1A[2K[1A[2K[1A[2K[1A[2K[1A[2K[G
 ───────────────── Importing data ─────────────────

 ✔ Creating ingest job 4.81s
 ⣾ Processing the job 5.81s
   ▸ Processed records: ◡
   ▸ Successful records: ◡
   ▸ Failed records: ◡

 Status: UploadComplete
 Job Id:
 750ct00000USLZhAAP (https://fortra--mergebuild.sandbox.my.salesforce.com/lightn
 ing/setup/AsyncApiJobStatus/page?address=%2F750ct00000USLZhAAP)
 Elapsed Time: 10.97s

[2K[1A[2K[1A[2K[1A[2K[1A[2K[1A[2K[1A[2K[1A[2K[1A[2K[1A[2K[1A[2K[1A[2K[1A[2K[1A[2K[1A[2K[1A[2K[G
 ───────────────── Importing data ─────────────────

 ✔ Creating ingest job 4.81s
 ⣾ Processing the job 5.83s
   ▸ Processed records: ◡
   ▸ Successful records: ◡
   ▸ Failed records: ◡

 Status: UploadComplete
 Job Id:
 750ct00000USLZhAAP (https://fortra--mergebuild.sandbox.my.salesforce.com/lightn
 ing/setup/AsyncApiJobStatus/page?address=%2F750ct00000USLZhAAP)
 Elapsed Time: 11.00s

[2K[1A[2K[1A[2K[1A[2K[1A[2K[1A[2K[1A[2K[1A[2K[1A[2K[1A[2K[1A[2K[1A[2K[1A[2K[1A[2K[1A[2K[1A[2K[G
 ───────────────── Importing data ─────────────────

 ✔ Creating ingest job 4.81s
 ⣾ Processing the job 5.87s
   ▸ Processed records: ◡
   ▸ Successful records: ◡
   ▸ Failed records: ◡

 Status: UploadComplete
 Job Id:
 750ct00000USLZhAAP (https://fortra--mergebuild.sandbox.my.salesforce.com/lightn
 ing/setup/AsyncApiJobStatus/page?address=%2F750ct00000USLZhAAP)
 Elapsed Time: 11.03s

[2K[1A[2K[1A[2K[1A[2K[1A[2K[1A[2K[1A[2K[1A[2K[1A[2K[1A[2K[1A[2K[1A[2K[1A[2K[1A[2K[1A[2K[1A[2K[G
 ───────────────── Importing data ─────────────────

 ✔ Creating ingest job 4.81s
 ⣽ Processing the job 5.90s
   ▸ Processed records: ◟
   ▸ Successful records: ◟
   ▸ Failed records: ◡

 Status: UploadComplete
 Job Id:
 750ct00000USLZhAAP (https://fortra--mergebuild.sandbox.my.salesforce.com/lightn
 ing/setup/AsyncApiJobStatus/page?address=%2F750ct00000USLZhAAP)
 Elapsed Time: 11.06s

[2K[1A[2K[1A[2K[1A[2K[1A[2K[1A[2K[1A[2K[1A[2K[1A[2K[1A[2K[1A[2K[1A[2K[1A[2K[1A[2K[1A[2K[1A[2K[G
 ───────────────── Importing data ─────────────────

 ✔ Creating ingest job 4.81s
 ⣽ Processing the job 5.92s
   ▸ Processed records: ◟
   ▸ Successful records: ◟
   ▸ Failed records: ◟

 Status: UploadComplete
 Job Id:
 750ct00000USLZhAAP (https://fortra--mergebuild.sandbox.my.salesforce.com/lightn
 ing/setup/AsyncApiJobStatus/page?address=%2F750ct00000USLZhAAP)
 Elapsed Time: 11.09s

[2K[1A[2K[1A[2K[1A[2K[1A[2K[1A[2K[1A[2K[1A[2K[1A[2K[1A[2K[1A[2K[1A[2K[1A[2K[1A[2K[1A[2K[1A[2K[G
 ───────────────── Importing data ─────────────────

 ✔ Creating ingest job 4.81s
 ⣻ Processing the job 5.95s
   ▸ Processed records: ◟
   ▸ Successful records: ◟
   ▸ Failed records: ◟

 Status: UploadComplete
 Job Id:
 750ct00000USLZhAAP (https://fortra--mergebuild.sandbox.my.salesforce.com/lightn
 ing/setup/AsyncApiJobStatus/page?address=%2F750ct00000USLZhAAP)
 Elapsed Time: 11.13s

[2K[1A[2K[1A[2K[1A[2K[1A[2K[1A[2K[1A[2K[1A[2K[1A[2K[1A[2K[1A[2K[1A[2K[1A[2K[1A[2K[1A[2K[1A[2K[G
 ───────────────── Importing data ─────────────────

 ✔ Creating ingest job 4.81s
 ⣻ Processing the job 5.99s
   ▸ Processed records: ◜
   ▸ Successful records: ◜
   ▸ Failed records: ◟

 Status: UploadComplete
 Job Id:
 750ct00000USLZhAAP (https://fortra--mergebuild.sandbox.my.salesforce.com/lightn
 ing/setup/AsyncApiJobStatus/page?address=%2F750ct00000USLZhAAP)
 Elapsed Time: 11.15s

[2K[1A[2K[1A[2K[1A[2K[1A[2K[1A[2K[1A[2K[1A[2K[1A[2K[1A[2K[1A[2K[1A[2K[1A[2K[1A[2K[1A[2K[1A[2K[G
 ───────────────── Importing data ─────────────────

 ✔ Creating ingest job 4.81s
 ⣻ Processing the job 6.02s
   ▸ Processed records: ◜
   ▸ Successful records: ◜
   ▸ Failed records: ◜

 Status: UploadComplete
 Job Id:
 750ct00000USLZhAAP (https://fortra--mergebuild.sandbox.my.salesforce.com/lightn
 ing/setup/AsyncApiJobStatus/page?address=%2F750ct00000USLZhAAP)
 Elapsed Time: 11.18s

[2K[1A[2K[1A[2K[1A[2K[1A[2K[1A[2K[1A[2K[1A[2K[1A[2K[1A[2K[1A[2K[1A[2K[1A[2K[1A[2K[1A[2K[1A[2K[G
 ───────────────── Importing data ─────────────────

 ✔ Creating ingest job 4.81s
 ⢿ Processing the job 6.04s
   ▸ Processed records: ◜
   ▸ Successful records: ◜
   ▸ Failed records: ◜

 Status: UploadComplete
 Job Id:
 750ct00000USLZhAAP (https://fortra--mergebuild.sandbox.my.salesforce.com/lightn
 ing/setup/AsyncApiJobStatus/page?address=%2F750ct00000USLZhAAP)
 Elapsed Time: 11.21s

[2K[1A[2K[1A[2K[1A[2K[1A[2K[1A[2K[1A[2K[1A[2K[1A[2K[1A[2K[1A[2K[1A[2K[1A[2K[1A[2K[1A[2K[1A[2K[G
 ───────────────── Importing data ─────────────────

 ✔ Creating ingest job 4.81s
 ⢿ Processing the job 6.07s
   ▸ Processed records: ◠
   ▸ Successful records: ◜
   ▸ Failed records: ◜

 Status: UploadComplete
 Job Id:
 750ct00000USLZhAAP (https://fortra--mergebuild.sandbox.my.salesforce.com/lightn
 ing/setup/AsyncApiJobStatus/page?address=%2F750ct00000USLZhAAP)
 Elapsed Time: 11.25s

[2K[1A[2K[1A[2K[1A[2K[1A[2K[1A[2K[1A[2K[1A[2K[1A[2K[1A[2K[1A[2K[1A[2K[1A[2K[1A[2K[1A[2K[1A[2K[G
 ───────────────── Importing data ─────────────────

 ✔ Creating ingest job 4.81s
 ⡿ Processing the job 6.10s
   ▸ Processed records: ◠
   ▸ Successful records: ◠
   ▸ Failed records: ◠

 Status: UploadComplete
 Job Id:
 750ct00000USLZhAAP (https://fortra--mergebuild.sandbox.my.salesforce.com/lightn
 ing/setup/AsyncApiJobStatus/page?address=%2F750ct00000USLZhAAP)
 Elapsed Time: 11.27s

[2K[1A[2K[1A[2K[1A[2K[1A[2K[1A[2K[1A[2K[1A[2K[1A[2K[1A[2K[1A[2K[1A[2K[1A[2K[1A[2K[1A[2K[1A[2K[G
 ───────────────── Importing data ─────────────────

 ✔ Creating ingest job 4.81s
 ⡿ Processing the job 6.13s
   ▸ Processed records: ◠
   ▸ Successful records: ◠
   ▸ Failed records: ◠

 Status: UploadComplete
 Job Id:
 750ct00000USLZhAAP (https://fortra--mergebuild.sandbox.my.salesforce.com/lightn
 ing/setup/AsyncApiJobStatus/page?address=%2F750ct00000USLZhAAP)
 Elapsed Time: 11.30s

[2K[1A[2K[1A[2K[1A[2K[1A[2K[1A[2K[1A[2K[1A[2K[1A[2K[1A[2K[1A[2K[1A[2K[1A[2K[1A[2K[1A[2K[1A[2K[G
 ───────────────── Importing data ─────────────────

 ✔ Creating ingest job 4.81s
 ⡿ Processing the job 6.15s
   ▸ Processed records: ◠
   ▸ Successful records: ◠
   ▸ Failed records: ◠

 Status: UploadComplete
 Job Id:
 750ct00000USLZhAAP (https://fortra--mergebuild.sandbox.my.salesforce.com/lightn
 ing/setup/AsyncApiJobStatus/page?address=%2F750ct00000USLZhAAP)
 Elapsed Time: 11.33s

[2K[1A[2K[1A[2K[1A[2K[1A[2K[1A[2K[1A[2K[1A[2K[1A[2K[1A[2K[1A[2K[1A[2K[1A[2K[1A[2K[1A[2K[1A[2K[G
 ───────────────── Importing data ─────────────────

 ✔ Creating ingest job 4.81s
 ⣟ Processing the job 6.18s
   ▸ Processed records: ◝
   ▸ Successful records: ◝
   ▸ Failed records: ◝

 Status: UploadComplete
 Job Id:
 750ct00000USLZhAAP (https://fortra--mergebuild.sandbox.my.salesforce.com/lightn
 ing/setup/AsyncApiJobStatus/page?address=%2F750ct00000USLZhAAP)
 Elapsed Time: 11.36s

[2K[1A[2K[1A[2K[1A[2K[1A[2K[1A[2K[1A[2K[1A[2K[1A[2K[1A[2K[1A[2K[1A[2K[1A[2K[1A[2K[1A[2K[1A[2K[G
 ───────────────── Importing data ─────────────────

 ✔ Creating ingest job 4.81s
 ⣟ Processing the job 6.21s
   ▸ Processed records: ◝
   ▸ Successful records: ◝
   ▸ Failed records: ◝

 Status: UploadComplete
 Job Id:
 750ct00000USLZhAAP (https://fortra--mergebuild.sandbox.my.salesforce.com/lightn
 ing/setup/AsyncApiJobStatus/page?address=%2F750ct00000USLZhAAP)
 Elapsed Time: 11.39s

[2K[1A[2K[1A[2K[1A[2K[1A[2K[1A[2K[1A[2K[1A[2K[1A[2K[1A[2K[1A[2K[1A[2K[1A[2K[1A[2K[1A[2K[1A[2K[G
 ───────────────── Importing data ─────────────────

 ✔ Creating ingest job 4.81s
 ⣯ Processing the job 6.24s
   ▸ Processed records: ◝
   ▸ Successful records: ◝
   ▸ Failed records: ◝

 Status: UploadComplete
 Job Id:
 750ct00000USLZhAAP (https://fortra--mergebuild.sandbox.my.salesforce.com/lightn
 ing/setup/AsyncApiJobStatus/page?address=%2F750ct00000USLZhAAP)
 Elapsed Time: 11.42s

[2K[1A[2K[1A[2K[1A[2K[1A[2K[1A[2K[1A[2K[1A[2K[1A[2K[1A[2K[1A[2K[1A[2K[1A[2K[1A[2K[1A[2K[1A[2K[G
 ───────────────── Importing data ─────────────────

 ✔ Creating ingest job 4.81s
 ⣯ Processing the job 6.27s
   ▸ Processed records: ◞
   ▸ Successful records: ◞
   ▸ Failed records: ◞

 Status: UploadComplete
 Job Id:
 750ct00000USLZhAAP (https://fortra--mergebuild.sandbox.my.salesforce.com/lightn
 ing/setup/AsyncApiJobStatus/page?address=%2F750ct00000USLZhAAP)
 Elapsed Time: 11.45s

[2K[1A[2K[1A[2K[1A[2K[1A[2K[1A[2K[1A[2K[1A[2K[1A[2K[1A[2K[1A[2K[1A[2K[1A[2K[1A[2K[1A[2K[1A[2K[G
 ───────────────── Importing data ─────────────────

 ✔ Creating ingest job 4.81s
 ⣯ Processing the job 6.31s
   ▸ Processed records: ◞
   ▸ Successful records: ◞
   ▸ Failed records: ◞

 Status: UploadComplete
 Job Id:
 750ct00000USLZhAAP (https://fortra--mergebuild.sandbox.my.salesforce.com/lightn
 ing/setup/AsyncApiJobStatus/page?address=%2F750ct00000USLZhAAP)
 Elapsed Time: 11.48s

[2K[1A[2K[1A[2K[1A[2K[1A[2K[1A[2K[1A[2K[1A[2K[1A[2K[1A[2K[1A[2K[1A[2K[1A[2K[1A[2K[1A[2K[1A[2K[G
 ───────────────── Importing data ─────────────────

 ✔ Creating ingest job 4.81s
 ⣷ Processing the job 6.34s
   ▸ Processed records: ◞
   ▸ Successful records: ◞
   ▸ Failed records: ◞

 Status: UploadComplete
 Job Id:
 750ct00000USLZhAAP (https://fortra--mergebuild.sandbox.my.salesforce.com/lightn
 ing/setup/AsyncApiJobStatus/page?address=%2F750ct00000USLZhAAP)
 Elapsed Time: 11.52s

[2K[1A[2K[1A[2K[1A[2K[1A[2K[1A[2K[1A[2K[1A[2K[1A[2K[1A[2K[1A[2K[1A[2K[1A[2K[1A[2K[1A[2K[1A[2K[G
 ───────────────── Importing data ─────────────────

 ✔ Creating ingest job 4.81s
 ⣷ Processing the job 6.37s
   ▸ Processed records: ◡
   ▸ Successful records: ◡
   ▸ Failed records: ◡

 Status: UploadComplete
 Job Id:
 750ct00000USLZhAAP (https://fortra--mergebuild.sandbox.my.salesforce.com/lightn
 ing/setup/AsyncApiJobStatus/page?address=%2F750ct00000USLZhAAP)
 Elapsed Time: 11.55s

[2K[1A[2K[1A[2K[1A[2K[1A[2K[1A[2K[1A[2K[1A[2K[1A[2K[1A[2K[1A[2K[1A[2K[1A[2K[1A[2K[1A[2K[1A[2K[G
 ───────────────── Importing data ─────────────────

 ✔ Creating ingest job 4.81s
 ⣾ Processing the job 6.40s
   ▸ Processed records: ◡
   ▸ Successful records: ◡
   ▸ Failed records: ◡

 Status: UploadComplete
 Job Id:
 750ct00000USLZhAAP (https://fortra--mergebuild.sandbox.my.salesforce.com/lightn
 ing/setup/AsyncApiJobStatus/page?address=%2F750ct00000USLZhAAP)
 Elapsed Time: 11.58s

[2K[1A[2K[1A[2K[1A[2K[1A[2K[1A[2K[1A[2K[1A[2K[1A[2K[1A[2K[1A[2K[1A[2K[1A[2K[1A[2K[1A[2K[1A[2K[G
 ───────────────── Importing data ─────────────────

 ✔ Creating ingest job 4.81s
 ⣾ Processing the job 6.43s
   ▸ Processed records: ◡
   ▸ Successful records: ◡
   ▸ Failed records: ◡

 Status: UploadComplete
 Job Id:
 750ct00000USLZhAAP (https://fortra--mergebuild.sandbox.my.salesforce.com/lightn
 ing/setup/AsyncApiJobStatus/page?address=%2F750ct00000USLZhAAP)
 Elapsed Time: 11.60s

[2K[1A[2K[1A[2K[1A[2K[1A[2K[1A[2K[1A[2K[1A[2K[1A[2K[1A[2K[1A[2K[1A[2K[1A[2K[1A[2K[1A[2K[1A[2K[G
 ───────────────── Importing data ─────────────────

 ✔ Creating ingest job 4.81s
 ✔ Processing the job 6.44s
   ▸ Processed records: 419
   ▸ Successful records: 419
   ▸ Failed records: 0

 Status: JobComplete
 Job Id:
 750ct00000USLZhAAP (https://fortra--mergebuild.sandbox.my.salesforce.com/lightn
 ing/setup/AsyncApiJobStatus/page?address=%2F750ct00000USLZhAAP)
 Elapsed Time: 11.62s

