 ›   Warning: @salesforce/cli update available from 2.64.8 to 2.134.6.

 ───────────────── Importing data ─────────────────

 ◼ Creating ingest job
 ◼ Processing the job

 Status: ◜
 Job Id: ◜
 Elapsed Time: 0ms

[2K[1A[2K[1A[2K[1A[2K[1A[2K[1A[2K[1A[2K[1A[2K[1A[2K[1A[2K[1A[2K[G
 ───────────────── Importing data ─────────────────

 ⣾ Creating ingest job 26ms
 ◼ Processing the job

 Status: ◜
 Job Id: ◜
 Elapsed Time: 35ms

[2K[1A[2K[1A[2K[1A[2K[1A[2K[1A[2K[1A[2K[1A[2K[1A[2K[1A[2K[1A[2K[G
 ───────────────── Importing data ─────────────────

 ⣾ Creating ingest job 54ms
 ◼ Processing the job

 Status: ◜
 Job Id: ◜
 Elapsed Time: 62ms

[2K[1A[2K[1A[2K[1A[2K[1A[2K[1A[2K[1A[2K[1A[2K[1A[2K[1A[2K[1A[2K[G
 ───────────────── Importing data ─────────────────

 ⣾ Creating ingest job 83ms
 ◼ Processing the job

 Status: ◜
 Job Id: ◜
 Elapsed Time: 92ms

[2K[1A[2K[1A[2K[1A[2K[1A[2K[1A[2K[1A[2K[1A[2K[1A[2K[1A[2K[1A[2K[G
 ───────────────── Importing data ─────────────────

 ⣽ Creating ingest job 112ms
 ◼ Processing the job

 Status: ◠
 Job Id: ◠
 Elapsed Time: 123ms

[2K[1A[2K[1A[2K[1A[2K[1A[2K[1A[2K[1A[2K[1A[2K[1A[2K[1A[2K[1A[2K[G
 ───────────────── Importing data ─────────────────

 ⣽ Creating ingest job 142ms
 ◼ Processing the job

 Status: ◠
 Job Id: ◠
 Elapsed Time: 156ms

[2K[1A[2K[1A[2K[1A[2K[1A[2K[1A[2K[1A[2K[1A[2K[1A[2K[1A[2K[1A[2K[G
 ───────────────── Importing data ─────────────────

 ⣻ Creating ingest job 173ms
 ◼ Processing the job

 Status: ◠
 Job Id: ◠
 Elapsed Time: 186ms

[2K[1A[2K[1A[2K[1A[2K[1A[2K[1A[2K[1A[2K[1A[2K[1A[2K[1A[2K[1A[2K[G
 ───────────────── Importing data ─────────────────

 ⣻ Creating ingest job 202ms
 ◼ Processing the job

 Status: ◝
 Job Id: ◝
 Elapsed Time: 218ms

[2K[1A[2K[1A[2K[1A[2K[1A[2K[1A[2K[1A[2K[1A[2K[1A[2K[1A[2K[1A[2K[G
 ───────────────── Importing data ─────────────────

 ⣻ Creating ingest job 228ms
 ◼ Processing the job

 Status: ◝
 Job Id: ◝
 Elapsed Time: 250ms

[2K[1A[2K[1A[2K[1A[2K[1A[2K[1A[2K[1A[2K[1A[2K[1A[2K[1A[2K[1A[2K[G
 ───────────────── Importing data ─────────────────

 ⢿ Creating ingest job 260ms
 ◼ Processing the job

 Status: ◝
 Job Id: ◝
 Elapsed Time: 278ms

[2K[1A[2K[1A[2K[1A[2K[1A[2K[1A[2K[1A[2K[1A[2K[1A[2K[1A[2K[1A[2K[G
 ───────────────── Importing data ─────────────────

 ⢿ Creating ingest job 292ms
 ◼ Processing the job

 Status: ◞
 Job Id: ◞
 Elapsed Time: 308ms

[2K[1A[2K[1A[2K[1A[2K[1A[2K[1A[2K[1A[2K[1A[2K[1A[2K[1A[2K[1A[2K[G
 ───────────────── Importing data ─────────────────

 ⡿ Creating ingest job 320ms
 ◼ Processing the job

 Status: ◞
 Job Id: ◞
 Elapsed Time: 338ms

[2K[1A[2K[1A[2K[1A[2K[1A[2K[1A[2K[1A[2K[1A[2K[1A[2K[1A[2K[1A[2K[G
 ───────────────── Importing data ─────────────────

 ⡿ Creating ingest job 351ms
 ◼ Processing the job

 Status: ◞
 Job Id: ◞
 Elapsed Time: 368ms

[2K[1A[2K[1A[2K[1A[2K[1A[2K[1A[2K[1A[2K[1A[2K[1A[2K[1A[2K[1A[2K[G
 ───────────────── Importing data ─────────────────

 ⡿ Creating ingest job 382ms
 ◼ Processing the job

 Status: ◡
 Job Id: ◡
 Elapsed Time: 401ms

[2K[1A[2K[1A[2K[1A[2K[1A[2K[1A[2K[1A[2K[1A[2K[1A[2K[1A[2K[1A[2K[G
 ───────────────── Importing data ─────────────────

 ⣟ Creating ingest job 412ms
 ◼ Processing the job

 Status: ◡
 Job Id: ◡
 Elapsed Time: 433ms

[2K[1A[2K[1A[2K[1A[2K[1A[2K[1A[2K[1A[2K[1A[2K[1A[2K[1A[2K[1A[2K[G
 ───────────────── Importing data ─────────────────

 ⣟ Creating ingest job 442ms
 ◼ Processing the job

 Status: ◡
 Job Id: ◡
 Elapsed Time: 465ms

[2K[1A[2K[1A[2K[1A[2K[1A[2K[1A[2K[1A[2K[1A[2K[1A[2K[1A[2K[1A[2K[G
 ───────────────── Importing data ─────────────────

 ⣯ Creating ingest job 474ms
 ◼ Processing the job

 Status: ◟
 Job Id: ◟
 Elapsed Time: 495ms

[2K[1A[2K[1A[2K[1A[2K[1A[2K[1A[2K[1A[2K[1A[2K[1A[2K[1A[2K[1A[2K[G
 ───────────────── Importing data ─────────────────

 ⣯ Creating ingest job 505ms
 ◼ Processing the job

 Status: ◟
 Job Id: ◟
 Elapsed Time: 526ms

[2K[1A[2K[1A[2K[1A[2K[1A[2K[1A[2K[1A[2K[1A[2K[1A[2K[1A[2K[1A[2K[G
 ───────────────── Importing data ─────────────────

 ⣯ Creating ingest job 537ms
 ◼ Processing the job

 Status: ◟
 Job Id: ◟
 Elapsed Time: 557ms

[2K[1A[2K[1A[2K[1A[2K[1A[2K[1A[2K[1A[2K[1A[2K[1A[2K[1A[2K[1A[2K[G
 ───────────────── Importing data ─────────────────

 ⣷ Creating ingest job 565ms
 ◼ Processing the job

 Status: ◜
 Job Id: ◜
 Elapsed Time: 590ms

[2K[1A[2K[1A[2K[1A[2K[1A[2K[1A[2K[1A[2K[1A[2K[1A[2K[1A[2K[1A[2K[G
 ───────────────── Importing data ─────────────────

 ⣷ Creating ingest job 597ms
 ◼ Processing the job

 Status: ◜
 Job Id: ◜
 Elapsed Time: 619ms

[2K[1A[2K[1A[2K[1A[2K[1A[2K[1A[2K[1A[2K[1A[2K[1A[2K[1A[2K[1A[2K[G
 ───────────────── Importing data ─────────────────

 ⣾ Creating ingest job 626ms
 ◼ Processing the job

 Status: ◜
 Job Id: ◜
 Elapsed Time: 649ms

[2K[1A[2K[1A[2K[1A[2K[1A[2K[1A[2K[1A[2K[1A[2K[1A[2K[1A[2K[1A[2K[G
 ───────────────── Importing data ─────────────────

 ⣾ Creating ingest job 658ms
 ◼ Processing the job

 Status: ◠
 Job Id: ◠
 Elapsed Time: 681ms

[2K[1A[2K[1A[2K[1A[2K[1A[2K[1A[2K[1A[2K[1A[2K[1A[2K[1A[2K[1A[2K[G
 ───────────────── Importing data ─────────────────

 ⣾ Creating ingest job 688ms
 ◼ Processing the job

 Status: ◠
 Job Id: ◠
 Elapsed Time: 711ms

[2K[1A[2K[1A[2K[1A[2K[1A[2K[1A[2K[1A[2K[1A[2K[1A[2K[1A[2K[1A[2K[G
 ───────────────── Importing data ─────────────────

 ⣽ Creating ingest job 722ms
 ◼ Processing the job

 Status: ◠
 Job Id: ◠
 Elapsed Time: 743ms

[2K[1A[2K[1A[2K[1A[2K[1A[2K[1A[2K[1A[2K[1A[2K[1A[2K[1A[2K[1A[2K[G
 ───────────────── Importing data ─────────────────

 ⣽ Creating ingest job 751ms
 ◼ Processing the job

 Status: ◠
 Job Id: ◠
 Elapsed Time: 774ms

[2K[1A[2K[1A[2K[1A[2K[1A[2K[1A[2K[1A[2K[1A[2K[1A[2K[1A[2K[1A[2K[G
 ───────────────── Importing data ─────────────────

 ⣻ Creating ingest job 779ms
 ◼ Processing the job

 Status: ◝
 Job Id: ◝
 Elapsed Time: 807ms

[2K[1A[2K[1A[2K[1A[2K[1A[2K[1A[2K[1A[2K[1A[2K[1A[2K[1A[2K[1A[2K[G
 ───────────────── Importing data ─────────────────

 ⣻ Creating ingest job 811ms
 ◼ Processing the job

 Status: ◝
 Job Id: ◝
 Elapsed Time: 836ms

[2K[1A[2K[1A[2K[1A[2K[1A[2K[1A[2K[1A[2K[1A[2K[1A[2K[1A[2K[1A[2K[G
 ───────────────── Importing data ─────────────────

 ⣻ Creating ingest job 844ms
 ◼ Processing the job

 Status: ◝
 Job Id: ◝
 Elapsed Time: 868ms

[2K[1A[2K[1A[2K[1A[2K[1A[2K[1A[2K[1A[2K[1A[2K[1A[2K[1A[2K[1A[2K[G
 ───────────────── Importing data ─────────────────

 ⢿ Creating ingest job 870ms
 ◼ Processing the job

 Status: ◞
 Job Id: ◞
 Elapsed Time: 900ms

[2K[1A[2K[1A[2K[1A[2K[1A[2K[1A[2K[1A[2K[1A[2K[1A[2K[1A[2K[1A[2K[G
 ───────────────── Importing data ─────────────────

 ⢿ Creating ingest job 900ms
 ◼ Processing the job

 Status: ◞
 Job Id: ◞
 Elapsed Time: 930ms

[2K[1A[2K[1A[2K[1A[2K[1A[2K[1A[2K[1A[2K[1A[2K[1A[2K[1A[2K[1A[2K[G
 ───────────────── Importing data ─────────────────

 ⡿ Creating ingest job 929ms
 ◼ Processing the job

 Status: ◞
 Job Id: ◞
 Elapsed Time: 961ms

[2K[1A[2K[1A[2K[1A[2K[1A[2K[1A[2K[1A[2K[1A[2K[1A[2K[1A[2K[1A[2K[G
 ───────────────── Importing data ─────────────────

 ⡿ Creating ingest job 958ms
 ◼ Processing the job

 Status: ◡
 Job Id: ◡
 Elapsed Time: 993ms

[2K[1A[2K[1A[2K[1A[2K[1A[2K[1A[2K[1A[2K[1A[2K[1A[2K[1A[2K[1A[2K[G
 ───────────────── Importing data ─────────────────

 ⡿ Creating ingest job 989ms
 ◼ Processing the job

 Status: ◡
 Job Id: ◡
 Elapsed Time: 1.02s

[2K[1A[2K[1A[2K[1A[2K[1A[2K[1A[2K[1A[2K[1A[2K[1A[2K[1A[2K[1A[2K[G
 ───────────────── Importing data ─────────────────

 ⣟ Creating ingest job 1.01s
 ◼ Processing the job

 Status: ◡
 Job Id: ◡
 Elapsed Time: 1.05s

[2K[1A[2K[1A[2K[1A[2K[1A[2K[1A[2K[1A[2K[1A[2K[1A[2K[1A[2K[1A[2K[G
 ───────────────── Importing data ─────────────────

 ⣟ Creating ingest job 1.04s
 ◼ Processing the job

 Status: ◟
 Job Id: ◟
 Elapsed Time: 1.08s

[2K[1A[2K[1A[2K[1A[2K[1A[2K[1A[2K[1A[2K[1A[2K[1A[2K[1A[2K[1A[2K[G
 ───────────────── Importing data ─────────────────

 ⣯ Creating ingest job 1.07s
 ◼ Processing the job

 Status: ◟
 Job Id: ◟
 Elapsed Time: 1.11s

[2K[1A[2K[1A[2K[1A[2K[1A[2K[1A[2K[1A[2K[1A[2K[1A[2K[1A[2K[1A[2K[G
 ───────────────── Importing data ─────────────────

 ⣯ Creating ingest job 1.10s
 ◼ Processing the job

 Status: ◟
 Job Id: ◟
 Elapsed Time: 1.14s

[2K[1A[2K[1A[2K[1A[2K[1A[2K[1A[2K[1A[2K[1A[2K[1A[2K[1A[2K[1A[2K[G
 ───────────────── Importing data ─────────────────

 ⣯ Creating ingest job 1.13s
 ◼ Processing the job

 Status: ◜
 Job Id: ◜
 Elapsed Time: 1.17s

[2K[1A[2K[1A[2K[1A[2K[1A[2K[1A[2K[1A[2K[1A[2K[1A[2K[1A[2K[1A[2K[G
 ───────────────── Importing data ─────────────────

 ⣷ Creating ingest job 1.16s
 ◼ Processing the job

 Status: ◜
 Job Id: ◜
 Elapsed Time: 1.20s

[2K[1A[2K[1A[2K[1A[2K[1A[2K[1A[2K[1A[2K[1A[2K[1A[2K[1A[2K[1A[2K[G
 ───────────────── Importing data ─────────────────

 ⣷ Creating ingest job 1.19s
 ◼ Processing the job

 Status: ◜
 Job Id: ◜
 Elapsed Time: 1.23s

[2K[1A[2K[1A[2K[1A[2K[1A[2K[1A[2K[1A[2K[1A[2K[1A[2K[1A[2K[1A[2K[G
 ───────────────── Importing data ─────────────────

 ⣾ Creating ingest job 1.22s
 ◼ Processing the job

 Status: ◠
 Job Id: ◠
 Elapsed Time: 1.26s

[2K[1A[2K[1A[2K[1A[2K[1A[2K[1A[2K[1A[2K[1A[2K[1A[2K[1A[2K[1A[2K[G
 ───────────────── Importing data ─────────────────

 ⣾ Creating ingest job 1.25s
 ◼ Processing the job

 Status: ◠
 Job Id: ◠
 Elapsed Time: 1.29s

[2K[1A[2K[1A[2K[1A[2K[1A[2K[1A[2K[1A[2K[1A[2K[1A[2K[1A[2K[1A[2K[G
 ───────────────── Importing data ─────────────────

 ⣾ Creating ingest job 1.28s
 ◼ Processing the job

 Status: ◠
 Job Id: ◠
 Elapsed Time: 1.32s

[2K[1A[2K[1A[2K[1A[2K[1A[2K[1A[2K[1A[2K[1A[2K[1A[2K[1A[2K[1A[2K[G
 ───────────────── Importing data ─────────────────

 ⣽ Creating ingest job 1.31s
 ◼ Processing the job

 Status: ◝
 Job Id: ◝
 Elapsed Time: 1.35s

[2K[1A[2K[1A[2K[1A[2K[1A[2K[1A[2K[1A[2K[1A[2K[1A[2K[1A[2K[1A[2K[G
 ───────────────── Importing data ─────────────────

 ⣽ Creating ingest job 1.34s
 ◼ Processing the job

 Status: ◝
 Job Id: ◝
 Elapsed Time: 1.38s

[2K[1A[2K[1A[2K[1A[2K[1A[2K[1A[2K[1A[2K[1A[2K[1A[2K[1A[2K[1A[2K[G
 ───────────────── Importing data ─────────────────

 ⣻ Creating ingest job 1.37s
 ◼ Processing the job

 Status: ◝
 Job Id: ◝
 Elapsed Time: 1.41s

[2K[1A[2K[1A[2K[1A[2K[1A[2K[1A[2K[1A[2K[1A[2K[1A[2K[1A[2K[1A[2K[G
 ───────────────── Importing data ─────────────────

 ⣻ Creating ingest job 1.40s
 ◼ Processing the job

 Status: ◞
 Job Id: ◞
 Elapsed Time: 1.44s

[2K[1A[2K[1A[2K[1A[2K[1A[2K[1A[2K[1A[2K[1A[2K[1A[2K[1A[2K[1A[2K[G
 ───────────────── Importing data ─────────────────

 ⣻ Creating ingest job 1.43s
 ◼ Processing the job

 Status: ◞
 Job Id: ◞
 Elapsed Time: 1.48s

[2K[1A[2K[1A[2K[1A[2K[1A[2K[1A[2K[1A[2K[1A[2K[1A[2K[1A[2K[1A[2K[G
 ───────────────── Importing data ─────────────────

 ⢿ Creating ingest job 1.47s
 ◼ Processing the job

 Status: ◞
 Job Id: ◞
 Elapsed Time: 1.51s

[2K[1A[2K[1A[2K[1A[2K[1A[2K[1A[2K[1A[2K[1A[2K[1A[2K[1A[2K[1A[2K[G
 ───────────────── Importing data ─────────────────

 ⢿ Creating ingest job 1.50s
 ◼ Processing the job

 Status: ◡
 Job Id: ◡
 Elapsed Time: 1.54s

[2K[1A[2K[1A[2K[1A[2K[1A[2K[1A[2K[1A[2K[1A[2K[1A[2K[1A[2K[1A[2K[G
 ───────────────── Importing data ─────────────────

 ⡿ Creating ingest job 1.53s
 ◼ Processing the job

 Status: ◡
 Job Id: ◡
 Elapsed Time: 1.57s

[2K[1A[2K[1A[2K[1A[2K[1A[2K[1A[2K[1A[2K[1A[2K[1A[2K[1A[2K[1A[2K[G
 ───────────────── Importing data ─────────────────

 ⡿ Creating ingest job 1.56s
 ◼ Processing the job

 Status: ◡
 Job Id: ◡
 Elapsed Time: 1.60s

[2K[1A[2K[1A[2K[1A[2K[1A[2K[1A[2K[1A[2K[1A[2K[1A[2K[1A[2K[1A[2K[G
 ───────────────── Importing data ─────────────────

 ⡿ Creating ingest job 1.59s
 ◼ Processing the job

 Status: ◡
 Job Id: ◡
 Elapsed Time: 1.63s

[2K[1A[2K[1A[2K[1A[2K[1A[2K[1A[2K[1A[2K[1A[2K[1A[2K[1A[2K[1A[2K[G
 ───────────────── Importing data ─────────────────

 ⣟ Creating ingest job 1.63s
 ◼ Processing the job

 Status: ◟
 Job Id: ◟
 Elapsed Time: 1.66s

[2K[1A[2K[1A[2K[1A[2K[1A[2K[1A[2K[1A[2K[1A[2K[1A[2K[1A[2K[1A[2K[G
 ───────────────── Importing data ─────────────────

 ⣟ Creating ingest job 1.66s
 ◼ Processing the job

 Status: ◟
 Job Id: ◟
 Elapsed Time: 1.70s

[2K[1A[2K[1A[2K[1A[2K[1A[2K[1A[2K[1A[2K[1A[2K[1A[2K[1A[2K[1A[2K[G
 ───────────────── Importing data ─────────────────

 ⣯ Creating ingest job 1.69s
 ◼ Processing the job

 Status: ◟
 Job Id: ◟
 Elapsed Time: 1.73s

[2K[1A[2K[1A[2K[1A[2K[1A[2K[1A[2K[1A[2K[1A[2K[1A[2K[1A[2K[1A[2K[G
 ───────────────── Importing data ─────────────────

 ⣯ Creating ingest job 1.72s
 ◼ Processing the job

 Status: ◜
 Job Id: ◜
 Elapsed Time: 1.76s

[2K[1A[2K[1A[2K[1A[2K[1A[2K[1A[2K[1A[2K[1A[2K[1A[2K[1A[2K[1A[2K[G
 ───────────────── Importing data ─────────────────

 ⣯ Creating ingest job 1.75s
 ◼ Processing the job

 Status: ◜
 Job Id: ◜
 Elapsed Time: 1.79s

[2K[1A[2K[1A[2K[1A[2K[1A[2K[1A[2K[1A[2K[1A[2K[1A[2K[1A[2K[1A[2K[G
 ───────────────── Importing data ─────────────────

 ⣷ Creating ingest job 1.78s
 ◼ Processing the job

 Status: ◜
 Job Id: ◜
 Elapsed Time: 1.81s

[2K[1A[2K[1A[2K[1A[2K[1A[2K[1A[2K[1A[2K[1A[2K[1A[2K[1A[2K[1A[2K[G
 ───────────────── Importing data ─────────────────

 ⣷ Creating ingest job 1.81s
 ◼ Processing the job

 Status: ◠
 Job Id: ◠
 Elapsed Time: 1.85s

[2K[1A[2K[1A[2K[1A[2K[1A[2K[1A[2K[1A[2K[1A[2K[1A[2K[1A[2K[1A[2K[G
 ───────────────── Importing data ─────────────────

 ⣾ Creating ingest job 1.83s
 ◼ Processing the job

 Status: ◠
 Job Id: ◠
 Elapsed Time: 1.87s

[2K[1A[2K[1A[2K[1A[2K[1A[2K[1A[2K[1A[2K[1A[2K[1A[2K[1A[2K[1A[2K[G
 ───────────────── Importing data ─────────────────

 ⣾ Creating ingest job 1.86s
 ◼ Processing the job

 Status: ◠
 Job Id: ◠
 Elapsed Time: 1.90s

[2K[1A[2K[1A[2K[1A[2K[1A[2K[1A[2K[1A[2K[1A[2K[1A[2K[1A[2K[1A[2K[G
 ───────────────── Importing data ─────────────────

 ⣾ Creating ingest job 1.89s
 ◼ Processing the job

 Status: ◝
 Job Id: ◝
 Elapsed Time: 1.93s

[2K[1A[2K[1A[2K[1A[2K[1A[2K[1A[2K[1A[2K[1A[2K[1A[2K[1A[2K[1A[2K[G
 ───────────────── Importing data ─────────────────

 ⣽ Creating ingest job 1.92s
 ◼ Processing the job

 Status: ◝
 Job Id: ◝
 Elapsed Time: 1.96s

[2K[1A[2K[1A[2K[1A[2K[1A[2K[1A[2K[1A[2K[1A[2K[1A[2K[1A[2K[1A[2K[G
 ───────────────── Importing data ─────────────────

 ⣽ Creating ingest job 1.96s
 ◼ Processing the job

 Status: ◝
 Job Id: ◝
 Elapsed Time: 1.99s

[2K[1A[2K[1A[2K[1A[2K[1A[2K[1A[2K[1A[2K[1A[2K[1A[2K[1A[2K[1A[2K[G
 ───────────────── Importing data ─────────────────

 ⣻ Creating ingest job 1.98s
 ◼ Processing the job

 Status: ◞
 Job Id: ◞
 Elapsed Time: 2.02s

[2K[1A[2K[1A[2K[1A[2K[1A[2K[1A[2K[1A[2K[1A[2K[1A[2K[1A[2K[1A[2K[G
 ───────────────── Importing data ─────────────────

 ⣻ Creating ingest job 2.01s
 ◼ Processing the job

 Status: ◞
 Job Id: ◞
 Elapsed Time: 2.04s

[2K[1A[2K[1A[2K[1A[2K[1A[2K[1A[2K[1A[2K[1A[2K[1A[2K[1A[2K[1A[2K[G
 ───────────────── Importing data ─────────────────

 ⣻ Creating ingest job 2.04s
 ◼ Processing the job

 Status: ◞
 Job Id: ◞
 Elapsed Time: 2.08s

[2K[1A[2K[1A[2K[1A[2K[1A[2K[1A[2K[1A[2K[1A[2K[1A[2K[1A[2K[1A[2K[G
 ───────────────── Importing data ─────────────────

 ⢿ Creating ingest job 2.07s
 ◼ Processing the job

 Status: ◡
 Job Id: ◡
 Elapsed Time: 2.11s

[2K[1A[2K[1A[2K[1A[2K[1A[2K[1A[2K[1A[2K[1A[2K[1A[2K[1A[2K[1A[2K[G
 ───────────────── Importing data ─────────────────

 ⢿ Creating ingest job 2.10s
 ◼ Processing the job

 Status: ◡
 Job Id: ◡
 Elapsed Time: 2.14s

[2K[1A[2K[1A[2K[1A[2K[1A[2K[1A[2K[1A[2K[1A[2K[1A[2K[1A[2K[1A[2K[G
 ───────────────── Importing data ─────────────────

 ⡿ Creating ingest job 2.13s
 ◼ Processing the job

 Status: ◡
 Job Id: ◡
 Elapsed Time: 2.17s

[2K[1A[2K[1A[2K[1A[2K[1A[2K[1A[2K[1A[2K[1A[2K[1A[2K[1A[2K[1A[2K[G
 ───────────────── Importing data ─────────────────

 ⡿ Creating ingest job 2.16s
 ◼ Processing the job

 Status: ◟
 Job Id: ◟
 Elapsed Time: 2.20s

[2K[1A[2K[1A[2K[1A[2K[1A[2K[1A[2K[1A[2K[1A[2K[1A[2K[1A[2K[1A[2K[G
 ───────────────── Importing data ─────────────────

 ⡿ Creating ingest job 2.19s
 ◼ Processing the job

 Status: ◟
 Job Id: ◟
 Elapsed Time: 2.22s

[2K[1A[2K[1A[2K[1A[2K[1A[2K[1A[2K[1A[2K[1A[2K[1A[2K[1A[2K[1A[2K[G
 ───────────────── Importing data ─────────────────

 ⣟ Creating ingest job 2.22s
 ◼ Processing the job

 Status: ◟
 Job Id: ◟
 Elapsed Time: 2.25s

[2K[1A[2K[1A[2K[1A[2K[1A[2K[1A[2K[1A[2K[1A[2K[1A[2K[1A[2K[1A[2K[G
 ───────────────── Importing data ─────────────────

 ⣟ Creating ingest job 2.25s
 ◼ Processing the job

 Status: ◜
 Job Id: ◟
 Elapsed Time: 2.29s

[2K[1A[2K[1A[2K[1A[2K[1A[2K[1A[2K[1A[2K[1A[2K[1A[2K[1A[2K[1A[2K[G
 ───────────────── Importing data ─────────────────

 ⣟ Creating ingest job 2.28s
 ◼ Processing the job

 Status: ◜
 Job Id: ◜
 Elapsed Time: 2.32s

[2K[1A[2K[1A[2K[1A[2K[1A[2K[1A[2K[1A[2K[1A[2K[1A[2K[1A[2K[1A[2K[G
 ───────────────── Importing data ─────────────────

 ⣯ Creating ingest job 2.31s
 ◼ Processing the job

 Status: ◜
 Job Id: ◜
 Elapsed Time: 2.34s

[2K[1A[2K[1A[2K[1A[2K[1A[2K[1A[2K[1A[2K[1A[2K[1A[2K[1A[2K[1A[2K[G
 ───────────────── Importing data ─────────────────

 ⣯ Creating ingest job 2.34s
 ◼ Processing the job

 Status: ◜
 Job Id: ◜
 Elapsed Time: 2.37s

[2K[1A[2K[1A[2K[1A[2K[1A[2K[1A[2K[1A[2K[1A[2K[1A[2K[1A[2K[1A[2K[G
 ───────────────── Importing data ─────────────────

 ⣷ Creating ingest job 2.37s
 ◼ Processing the job

 Status: ◠
 Job Id: ◠
 Elapsed Time: 2.41s

[2K[1A[2K[1A[2K[1A[2K[1A[2K[1A[2K[1A[2K[1A[2K[1A[2K[1A[2K[1A[2K[G
 ───────────────── Importing data ─────────────────

 ⣷ Creating ingest job 2.40s
 ◼ Processing the job

 Status: ◠
 Job Id: ◠
 Elapsed Time: 2.44s

[2K[1A[2K[1A[2K[1A[2K[1A[2K[1A[2K[1A[2K[1A[2K[1A[2K[1A[2K[1A[2K[G
 ───────────────── Importing data ─────────────────

 ⣷ Creating ingest job 2.43s
 ◼ Processing the job

 Status: ◠
 Job Id: ◠
 Elapsed Time: 2.46s

[2K[1A[2K[1A[2K[1A[2K[1A[2K[1A[2K[1A[2K[1A[2K[1A[2K[1A[2K[1A[2K[G
 ───────────────── Importing data ─────────────────

 ⣾ Creating ingest job 2.45s
 ◼ Processing the job

 Status: ◝
 Job Id: ◝
 Elapsed Time: 2.49s

[2K[1A[2K[1A[2K[1A[2K[1A[2K[1A[2K[1A[2K[1A[2K[1A[2K[1A[2K[1A[2K[G
 ───────────────── Importing data ─────────────────

 ⣾ Creating ingest job 2.49s
 ◼ Processing the job

 Status: ◝
 Job Id: ◝
 Elapsed Time: 2.52s

[2K[1A[2K[1A[2K[1A[2K[1A[2K[1A[2K[1A[2K[1A[2K[1A[2K[1A[2K[1A[2K[G
 ───────────────── Importing data ─────────────────

 ⣽ Creating ingest job 2.52s
 ◼ Processing the job

 Status: ◝
 Job Id: ◝
 Elapsed Time: 2.55s

[2K[1A[2K[1A[2K[1A[2K[1A[2K[1A[2K[1A[2K[1A[2K[1A[2K[1A[2K[1A[2K[G
 ───────────────── Importing data ─────────────────

 ⣽ Creating ingest job 2.54s
 ◼ Processing the job

 Status: ◞
 Job Id: ◞
 Elapsed Time: 2.58s

[2K[1A[2K[1A[2K[1A[2K[1A[2K[1A[2K[1A[2K[1A[2K[1A[2K[1A[2K[1A[2K[G
 ───────────────── Importing data ─────────────────

 ⣽ Creating ingest job 2.58s
 ◼ Processing the job

 Status: ◞
 Job Id: ◞
 Elapsed Time: 2.61s

[2K[1A[2K[1A[2K[1A[2K[1A[2K[1A[2K[1A[2K[1A[2K[1A[2K[1A[2K[1A[2K[G
 ───────────────── Importing data ─────────────────

 ⣻ Creating ingest job 2.60s
 ◼ Processing the job

 Status: ◞
 Job Id: ◞
 Elapsed Time: 2.64s

[2K[1A[2K[1A[2K[1A[2K[1A[2K[1A[2K[1A[2K[1A[2K[1A[2K[1A[2K[1A[2K[G
 ───────────────── Importing data ─────────────────

 ⣻ Creating ingest job 2.63s
 ◼ Processing the job

 Status: ◡
 Job Id: ◡
 Elapsed Time: 2.67s

[2K[1A[2K[1A[2K[1A[2K[1A[2K[1A[2K[1A[2K[1A[2K[1A[2K[1A[2K[1A[2K[G
 ───────────────── Importing data ─────────────────

 ⢿ Creating ingest job 2.66s
 ◼ Processing the job

 Status: ◡
 Job Id: ◡
 Elapsed Time: 2.70s

[2K[1A[2K[1A[2K[1A[2K[1A[2K[1A[2K[1A[2K[1A[2K[1A[2K[1A[2K[1A[2K[G
 ───────────────── Importing data ─────────────────

 ⢿ Creating ingest job 2.69s
 ◼ Processing the job

 Status: ◡
 Job Id: ◡
 Elapsed Time: 2.73s

[2K[1A[2K[1A[2K[1A[2K[1A[2K[1A[2K[1A[2K[1A[2K[1A[2K[1A[2K[1A[2K[G
 ───────────────── Importing data ─────────────────

 ⢿ Creating ingest job 2.72s
 ◼ Processing the job

 Status: ◟
 Job Id: ◟
 Elapsed Time: 2.76s

[2K[1A[2K[1A[2K[1A[2K[1A[2K[1A[2K[1A[2K[1A[2K[1A[2K[1A[2K[1A[2K[G
 ───────────────── Importing data ─────────────────

 ⡿ Creating ingest job 2.75s
 ◼ Processing the job

 Status: ◟
 Job Id: ◟
 Elapsed Time: 2.79s

[2K[1A[2K[1A[2K[1A[2K[1A[2K[1A[2K[1A[2K[1A[2K[1A[2K[1A[2K[1A[2K[G
 ───────────────── Importing data ─────────────────

 ⡿ Creating ingest job 2.78s
 ◼ Processing the job

 Status: ◟
 Job Id: ◟
 Elapsed Time: 2.82s

[2K[1A[2K[1A[2K[1A[2K[1A[2K[1A[2K[1A[2K[1A[2K[1A[2K[1A[2K[1A[2K[G
 ───────────────── Importing data ─────────────────

 ⣟ Creating ingest job 2.81s
 ◼ Processing the job

 Status: ◜
 Job Id: ◜
 Elapsed Time: 2.85s

[2K[1A[2K[1A[2K[1A[2K[1A[2K[1A[2K[1A[2K[1A[2K[1A[2K[1A[2K[1A[2K[G
 ───────────────── Importing data ─────────────────

 ⣟ Creating ingest job 2.83s
 ◼ Processing the job

 Status: ◜
 Job Id: ◜
 Elapsed Time: 2.88s

[2K[1A[2K[1A[2K[1A[2K[1A[2K[1A[2K[1A[2K[1A[2K[1A[2K[1A[2K[1A[2K[G
 ───────────────── Importing data ─────────────────

 ⣟ Creating ingest job 2.86s
 ◼ Processing the job

 Status: ◜
 Job Id: ◜
 Elapsed Time: 2.91s

[2K[1A[2K[1A[2K[1A[2K[1A[2K[1A[2K[1A[2K[1A[2K[1A[2K[1A[2K[1A[2K[G
 ───────────────── Importing data ─────────────────

 ⣯ Creating ingest job 2.89s
 ◼ Processing the job

 Status: ◠
 Job Id: ◠
 Elapsed Time: 2.94s

[2K[1A[2K[1A[2K[1A[2K[1A[2K[1A[2K[1A[2K[1A[2K[1A[2K[1A[2K[1A[2K[G
 ───────────────── Importing data ─────────────────

 ⣯ Creating ingest job 2.92s
 ◼ Processing the job

 Status: ◠
 Job Id: ◠
 Elapsed Time: 2.97s

[2K[1A[2K[1A[2K[1A[2K[1A[2K[1A[2K[1A[2K[1A[2K[1A[2K[1A[2K[1A[2K[G
 ───────────────── Importing data ─────────────────

 ⣷ Creating ingest job 2.95s
 ◼ Processing the job

 Status: ◠
 Job Id: ◠
 Elapsed Time: 3.00s

[2K[1A[2K[1A[2K[1A[2K[1A[2K[1A[2K[1A[2K[1A[2K[1A[2K[1A[2K[1A[2K[G
 ───────────────── Importing data ─────────────────

 ⣷ Creating ingest job 2.98s
 ◼ Processing the job

 Status: ◝
 Job Id: ◠
 Elapsed Time: 3.03s

[2K[1A[2K[1A[2K[1A[2K[1A[2K[1A[2K[1A[2K[1A[2K[1A[2K[1A[2K[1A[2K[G
 ───────────────── Importing data ─────────────────

 ⣷ Creating ingest job 3.01s
 ◼ Processing the job

 Status: ◝
 Job Id: ◝
 Elapsed Time: 3.05s

[2K[1A[2K[1A[2K[1A[2K[1A[2K[1A[2K[1A[2K[1A[2K[1A[2K[1A[2K[1A[2K[G
 ───────────────── Importing data ─────────────────

 ⣾ Creating ingest job 3.04s
 ◼ Processing the job

 Status: ◝
 Job Id: ◝
 Elapsed Time: 3.08s

[2K[1A[2K[1A[2K[1A[2K[1A[2K[1A[2K[1A[2K[1A[2K[1A[2K[1A[2K[1A[2K[G
 ───────────────── Importing data ─────────────────

 ⣾ Creating ingest job 3.06s
 ◼ Processing the job

 Status: ◝
 Job Id: ◝
 Elapsed Time: 3.11s

[2K[1A[2K[1A[2K[1A[2K[1A[2K[1A[2K[1A[2K[1A[2K[1A[2K[1A[2K[1A[2K[G
 ───────────────── Importing data ─────────────────

 ⣽ Creating ingest job 3.09s
 ◼ Processing the job

 Status: ◞
 Job Id: ◞
 Elapsed Time: 3.14s

[2K[1A[2K[1A[2K[1A[2K[1A[2K[1A[2K[1A[2K[1A[2K[1A[2K[1A[2K[1A[2K[G
 ───────────────── Importing data ─────────────────

 ⣽ Creating ingest job 3.12s
 ◼ Processing the job

 Status: ◞
 Job Id: ◞
 Elapsed Time: 3.18s

[2K[1A[2K[1A[2K[1A[2K[1A[2K[1A[2K[1A[2K[1A[2K[1A[2K[1A[2K[1A[2K[G
 ───────────────── Importing data ─────────────────

 ⣻ Creating ingest job 3.15s
 ◼ Processing the job

 Status: ◞
 Job Id: ◞
 Elapsed Time: 3.21s

[2K[1A[2K[1A[2K[1A[2K[1A[2K[1A[2K[1A[2K[1A[2K[1A[2K[1A[2K[1A[2K[G
 ───────────────── Importing data ─────────────────

 ⣻ Creating ingest job 3.18s
 ◼ Processing the job

 Status: ◡
 Job Id: ◡
 Elapsed Time: 3.24s

[2K[1A[2K[1A[2K[1A[2K[1A[2K[1A[2K[1A[2K[1A[2K[1A[2K[1A[2K[1A[2K[G
 ───────────────── Importing data ─────────────────

 ⣻ Creating ingest job 3.21s
 ◼ Processing the job

 Status: ◡
 Job Id: ◡
 Elapsed Time: 3.27s

[2K[1A[2K[1A[2K[1A[2K[1A[2K[1A[2K[1A[2K[1A[2K[1A[2K[1A[2K[1A[2K[G
 ───────────────── Importing data ─────────────────

 ⢿ Creating ingest job 3.25s
 ◼ Processing the job

 Status: ◡
 Job Id: ◡
 Elapsed Time: 3.30s

[2K[1A[2K[1A[2K[1A[2K[1A[2K[1A[2K[1A[2K[1A[2K[1A[2K[1A[2K[1A[2K[G
 ───────────────── Importing data ─────────────────

 ⢿ Creating ingest job 3.27s
 ◼ Processing the job

 Status: ◟
 Job Id: ◟
 Elapsed Time: 3.33s

[2K[1A[2K[1A[2K[1A[2K[1A[2K[1A[2K[1A[2K[1A[2K[1A[2K[1A[2K[1A[2K[G
 ───────────────── Importing data ─────────────────

 ⡿ Creating ingest job 3.31s
 ◼ Processing the job

 Status: ◟
 Job Id: ◟
 Elapsed Time: 3.37s

[2K[1A[2K[1A[2K[1A[2K[1A[2K[1A[2K[1A[2K[1A[2K[1A[2K[1A[2K[1A[2K[G
 ───────────────── Importing data ─────────────────

 ⡿ Creating ingest job 3.34s
 ◼ Processing the job

 Status: ◟
 Job Id: ◟
 Elapsed Time: 3.40s

[2K[1A[2K[1A[2K[1A[2K[1A[2K[1A[2K[1A[2K[1A[2K[1A[2K[1A[2K[1A[2K[G
 ───────────────── Importing data ─────────────────

 ⡿ Creating ingest job 3.37s
 ◼ Processing the job

 Status: ◜
 Job Id: ◜
 Elapsed Time: 3.43s

[2K[1A[2K[1A[2K[1A[2K[1A[2K[1A[2K[1A[2K[1A[2K[1A[2K[1A[2K[1A[2K[G
 ───────────────── Importing data ─────────────────

 ⣟ Creating ingest job 3.40s
 ◼ Processing the job

 Status: ◜
 Job Id: ◜
 Elapsed Time: 3.46s

[2K[1A[2K[1A[2K[1A[2K[1A[2K[1A[2K[1A[2K[1A[2K[1A[2K[1A[2K[1A[2K[G
 ───────────────── Importing data ─────────────────

 ⣟ Creating ingest job 3.43s
 ◼ Processing the job

 Status: ◜
 Job Id: ◜
 Elapsed Time: 3.5s

[2K[1A[2K[1A[2K[1A[2K[1A[2K[1A[2K[1A[2K[1A[2K[1A[2K[1A[2K[1A[2K[G
 ───────────────── Importing data ─────────────────

 ⣯ Creating ingest job 3.46s
 ◼ Processing the job

 Status: ◠
 Job Id: ◠
 Elapsed Time: 3.52s

[2K[1A[2K[1A[2K[1A[2K[1A[2K[1A[2K[1A[2K[1A[2K[1A[2K[1A[2K[1A[2K[G
 ───────────────── Importing data ─────────────────

 ⣯ Creating ingest job 3.49s
 ◼ Processing the job

 Status: ◠
 Job Id: ◠
 Elapsed Time: 3.56s

[2K[1A[2K[1A[2K[1A[2K[1A[2K[1A[2K[1A[2K[1A[2K[1A[2K[1A[2K[1A[2K[G
 ───────────────── Importing data ─────────────────

 ⣯ Creating ingest job 3.53s
 ◼ Processing the job

 Status: ◠
 Job Id: ◠
 Elapsed Time: 3.58s

[2K[1A[2K[1A[2K[1A[2K[1A[2K[1A[2K[1A[2K[1A[2K[1A[2K[1A[2K[1A[2K[G
 ───────────────── Importing data ─────────────────

 ⣷ Creating ingest job 3.56s
 ◼ Processing the job

 Status: ◝
 Job Id: ◝
 Elapsed Time: 3.62s

[2K[1A[2K[1A[2K[1A[2K[1A[2K[1A[2K[1A[2K[1A[2K[1A[2K[1A[2K[1A[2K[G
 ───────────────── Importing data ─────────────────

 ⣷ Creating ingest job 3.59s
 ◼ Processing the job

 Status: ◝
 Job Id: ◝
 Elapsed Time: 3.65s

[2K[1A[2K[1A[2K[1A[2K[1A[2K[1A[2K[1A[2K[1A[2K[1A[2K[1A[2K[1A[2K[G
 ───────────────── Importing data ─────────────────

 ⣷ Creating ingest job 3.61s
 ◼ Processing the job

 Status: ◝
 Job Id: ◝
 Elapsed Time: 3.68s

[2K[1A[2K[1A[2K[1A[2K[1A[2K[1A[2K[1A[2K[1A[2K[1A[2K[1A[2K[1A[2K[G
 ───────────────── Importing data ─────────────────

 ⣾ Creating ingest job 3.64s
 ◼ Processing the job

 Status: ◞
 Job Id: ◞
 Elapsed Time: 3.71s

[2K[1A[2K[1A[2K[1A[2K[1A[2K[1A[2K[1A[2K[1A[2K[1A[2K[1A[2K[1A[2K[G
 ───────────────── Importing data ─────────────────

 ⣾ Creating ingest job 3.66s
 ◼ Processing the job

 Status: ◞
 Job Id: ◞
 Elapsed Time: 3.74s

[2K[1A[2K[1A[2K[1A[2K[1A[2K[1A[2K[1A[2K[1A[2K[1A[2K[1A[2K[1A[2K[G
 ───────────────── Importing data ─────────────────

 ⣽ Creating ingest job 3.69s
 ◼ Processing the job

 Status: ◞
 Job Id: ◞
 Elapsed Time: 3.77s

[2K[1A[2K[1A[2K[1A[2K[1A[2K[1A[2K[1A[2K[1A[2K[1A[2K[1A[2K[1A[2K[G
 ───────────────── Importing data ─────────────────

 ⣽ Creating ingest job 3.72s
 ◼ Processing the job

 Status: ◡
 Job Id: ◞
 Elapsed Time: 3.79s

[2K[1A[2K[1A[2K[1A[2K[1A[2K[1A[2K[1A[2K[1A[2K[1A[2K[1A[2K[1A[2K[G
 ───────────────── Importing data ─────────────────

 ⣽ Creating ingest job 3.75s
 ◼ Processing the job

 Status: ◡
 Job Id: ◡
 Elapsed Time: 3.82s

[2K[1A[2K[1A[2K[1A[2K[1A[2K[1A[2K[1A[2K[1A[2K[1A[2K[1A[2K[1A[2K[G
 ───────────────── Importing data ─────────────────

 ⣻ Creating ingest job 3.78s
 ◼ Processing the job

 Status: ◡
 Job Id: ◡
 Elapsed Time: 3.85s

[2K[1A[2K[1A[2K[1A[2K[1A[2K[1A[2K[1A[2K[1A[2K[1A[2K[1A[2K[1A[2K[G
 ───────────────── Importing data ─────────────────

 ⣻ Creating ingest job 3.81s
 ◼ Processing the job

 Status: ◡
 Job Id: ◡
 Elapsed Time: 3.88s

[2K[1A[2K[1A[2K[1A[2K[1A[2K[1A[2K[1A[2K[1A[2K[1A[2K[1A[2K[1A[2K[G
 ───────────────── Importing data ─────────────────

 ⢿ Creating ingest job 3.84s
 ◼ Processing the job

 Status: ◟
 Job Id: ◟
 Elapsed Time: 3.91s

[2K[1A[2K[1A[2K[1A[2K[1A[2K[1A[2K[1A[2K[1A[2K[1A[2K[1A[2K[1A[2K[G
 ───────────────── Importing data ─────────────────

 ⢿ Creating ingest job 3.87s
 ◼ Processing the job

 Status: ◟
 Job Id: ◟
 Elapsed Time: 3.94s

[2K[1A[2K[1A[2K[1A[2K[1A[2K[1A[2K[1A[2K[1A[2K[1A[2K[1A[2K[1A[2K[G
 ───────────────── Importing data ─────────────────

 ⢿ Creating ingest job 3.90s
 ◼ Processing the job

 Status: ◟
 Job Id: ◟
 Elapsed Time: 3.97s

[2K[1A[2K[1A[2K[1A[2K[1A[2K[1A[2K[1A[2K[1A[2K[1A[2K[1A[2K[1A[2K[G
 ───────────────── Importing data ─────────────────

 ⡿ Creating ingest job 3.93s
 ◼ Processing the job

 Status: ◜
 Job Id: ◜
 Elapsed Time: 4.00s

[2K[1A[2K[1A[2K[1A[2K[1A[2K[1A[2K[1A[2K[1A[2K[1A[2K[1A[2K[1A[2K[G
 ───────────────── Importing data ─────────────────

 ⡿ Creating ingest job 3.96s
 ◼ Processing the job

 Status: ◜
 Job Id: ◜
 Elapsed Time: 4.03s

[2K[1A[2K[1A[2K[1A[2K[1A[2K[1A[2K[1A[2K[1A[2K[1A[2K[1A[2K[1A[2K[G
 ───────────────── Importing data ─────────────────

 ⣟ Creating ingest job 3.99s
 ◼ Processing the job

 Status: ◜
 Job Id: ◜
 Elapsed Time: 4.06s

[2K[1A[2K[1A[2K[1A[2K[1A[2K[1A[2K[1A[2K[1A[2K[1A[2K[1A[2K[1A[2K[G
 ───────────────── Importing data ─────────────────

 ⣟ Creating ingest job 4.02s
 ◼ Processing the job

 Status: ◠
 Job Id: ◠
 Elapsed Time: 4.09s

[2K[1A[2K[1A[2K[1A[2K[1A[2K[1A[2K[1A[2K[1A[2K[1A[2K[1A[2K[1A[2K[G
 ───────────────── Importing data ─────────────────

 ⣯ Creating ingest job 4.05s
 ◼ Processing the job

 Status: ◠
 Job Id: ◠
 Elapsed Time: 4.12s

[2K[1A[2K[1A[2K[1A[2K[1A[2K[1A[2K[1A[2K[1A[2K[1A[2K[1A[2K[1A[2K[G
 ───────────────── Importing data ─────────────────

 ⣯ Creating ingest job 4.08s
 ◼ Processing the job

 Status: ◠
 Job Id: ◠
 Elapsed Time: 4.15s

[2K[1A[2K[1A[2K[1A[2K[1A[2K[1A[2K[1A[2K[1A[2K[1A[2K[1A[2K[1A[2K[G
 ───────────────── Importing data ─────────────────

 ⣯ Creating ingest job 4.11s
 ◼ Processing the job

 Status: ◝
 Job Id: ◝
 Elapsed Time: 4.18s

[2K[1A[2K[1A[2K[1A[2K[1A[2K[1A[2K[1A[2K[1A[2K[1A[2K[1A[2K[1A[2K[G
 ───────────────── Importing data ─────────────────

 ⣷ Creating ingest job 4.14s
 ◼ Processing the job

 Status: ◝
 Job Id: ◝
 Elapsed Time: 4.20s

[2K[1A[2K[1A[2K[1A[2K[1A[2K[1A[2K[1A[2K[1A[2K[1A[2K[1A[2K[1A[2K[G
 ───────────────── Importing data ─────────────────

 ⣷ Creating ingest job 4.17s
 ◼ Processing the job

 Status: ◝
 Job Id: ◝
 Elapsed Time: 4.23s

[2K[1A[2K[1A[2K[1A[2K[1A[2K[1A[2K[1A[2K[1A[2K[1A[2K[1A[2K[1A[2K[G
 ───────────────── Importing data ─────────────────

 ⣷ Creating ingest job 4.20s
 ◼ Processing the job

 Status: ◞
 Job Id: ◞
 Elapsed Time: 4.26s

[2K[1A[2K[1A[2K[1A[2K[1A[2K[1A[2K[1A[2K[1A[2K[1A[2K[1A[2K[1A[2K[G
 ───────────────── Importing data ─────────────────

 ⣾ Creating ingest job 4.23s
 ◼ Processing the job

 Status: ◞
 Job Id: ◞
 Elapsed Time: 4.29s

[2K[1A[2K[1A[2K[1A[2K[1A[2K[1A[2K[1A[2K[1A[2K[1A[2K[1A[2K[1A[2K[G
 ───────────────── Importing data ─────────────────

 ⣾ Creating ingest job 4.26s
 ◼ Processing the job

 Status: ◞
 Job Id: ◞
 Elapsed Time: 4.33s

[2K[1A[2K[1A[2K[1A[2K[1A[2K[1A[2K[1A[2K[1A[2K[1A[2K[1A[2K[1A[2K[G
 ───────────────── Importing data ─────────────────

 ⣽ Creating ingest job 4.29s
 ◼ Processing the job

 Status: ◡
 Job Id: ◡
 Elapsed Time: 4.36s

[2K[1A[2K[1A[2K[1A[2K[1A[2K[1A[2K[1A[2K[1A[2K[1A[2K[1A[2K[1A[2K[G
 ───────────────── Importing data ─────────────────

 ⣽ Creating ingest job 4.32s
 ◼ Processing the job

 Status: ◡
 Job Id: ◡
 Elapsed Time: 4.39s

[2K[1A[2K[1A[2K[1A[2K[1A[2K[1A[2K[1A[2K[1A[2K[1A[2K[1A[2K[1A[2K[G
 ───────────────── Importing data ─────────────────

 ⣽ Creating ingest job 4.34s
 ◼ Processing the job

 Status: ◡
 Job Id: ◡
 Elapsed Time: 4.42s

[2K[1A[2K[1A[2K[1A[2K[1A[2K[1A[2K[1A[2K[1A[2K[1A[2K[1A[2K[1A[2K[G
 ───────────────── Importing data ─────────────────

 ✔ Creating ingest job 4.37s
 ⣾ Processing the job 11ms
   ▸ Processed records: ◜
   ▸ Successful records: ◜
   ▸ Failed records: ◜

 Status: ◟
 Job Id: ◟
 Elapsed Time: 4.45s

[2K[1A[2K[1A[2K[1A[2K[1A[2K[1A[2K[1A[2K[1A[2K[1A[2K[1A[2K[1A[2K[1A[2K[1A[2K[1A[2K[G
 ───────────────── Importing data ─────────────────

 ✔ Creating ingest job 4.37s
 ⣾ Processing the job 36ms
   ▸ Processed records: ◜
   ▸ Successful records: ◜
   ▸ Failed records: ◜

 Status: ◟
 Job Id: ◟
 Elapsed Time: 4.48s

[2K[1A[2K[1A[2K[1A[2K[1A[2K[1A[2K[1A[2K[1A[2K[1A[2K[1A[2K[1A[2K[1A[2K[1A[2K[1A[2K[G
 ───────────────── Importing data ─────────────────

 ✔ Creating ingest job 4.37s
 ⣾ Processing the job 65ms
   ▸ Processed records: ◜
   ▸ Successful records: ◜
   ▸ Failed records: ◜

 Status: ◟
 Job Id: ◟
 Elapsed Time: 4.51s

[2K[1A[2K[1A[2K[1A[2K[1A[2K[1A[2K[1A[2K[1A[2K[1A[2K[1A[2K[1A[2K[1A[2K[1A[2K[1A[2K[G
 ───────────────── Importing data ─────────────────

 ✔ Creating ingest job 4.37s
 ⣽ Processing the job 97ms
   ▸ Processed records: ◠
   ▸ Successful records: ◠
   ▸ Failed records: ◠

 Status: ◜
 Job Id: ◜
 Elapsed Time: 4.54s

[2K[1A[2K[1A[2K[1A[2K[1A[2K[1A[2K[1A[2K[1A[2K[1A[2K[1A[2K[1A[2K[1A[2K[1A[2K[1A[2K[G
 ───────────────── Importing data ─────────────────

 ✔ Creating ingest job 4.37s
 ⣽ Processing the job 126ms
   ▸ Processed records: ◠
   ▸ Successful records: ◠
   ▸ Failed records: ◠

 Status: ◜
 Job Id: ◜
 Elapsed Time: 4.57s

[2K[1A[2K[1A[2K[1A[2K[1A[2K[1A[2K[1A[2K[1A[2K[1A[2K[1A[2K[1A[2K[1A[2K[1A[2K[1A[2K[G
 ───────────────── Importing data ─────────────────

 ✔ Creating ingest job 4.37s
 ⣻ Processing the job 154ms
   ▸ Processed records: ◠
   ▸ Successful records: ◠
   ▸ Failed records: ◠

 Status: ◜
 Job Id: ◜
 Elapsed Time: 4.60s

[2K[1A[2K[1A[2K[1A[2K[1A[2K[1A[2K[1A[2K[1A[2K[1A[2K[1A[2K[1A[2K[1A[2K[1A[2K[1A[2K[G
 ───────────────── Importing data ─────────────────

 ✔ Creating ingest job 4.37s
 ⣻ Processing the job 184ms
   ▸ Processed records: ◠
   ▸ Successful records: ◠
   ▸ Failed records: ◠

 Status: ◜
 Job Id: ◜
 Elapsed Time: 4.63s

[2K[1A[2K[1A[2K[1A[2K[1A[2K[1A[2K[1A[2K[1A[2K[1A[2K[1A[2K[1A[2K[1A[2K[1A[2K[1A[2K[G
 ───────────────── Importing data ─────────────────

 ✔ Creating ingest job 4.37s
 ⣻ Processing the job 211ms
   ▸ Processed records: ◝
   ▸ Successful records: ◝
   ▸ Failed records: ◝

 Status: ◠
 Job Id: ◠
 Elapsed Time: 4.66s

[2K[1A[2K[1A[2K[1A[2K[1A[2K[1A[2K[1A[2K[1A[2K[1A[2K[1A[2K[1A[2K[1A[2K[1A[2K[1A[2K[G
 ───────────────── Importing data ─────────────────

 ✔ Creating ingest job 4.37s
 ⢿ Processing the job 235ms
   ▸ Processed records: ◝
   ▸ Successful records: ◝
   ▸ Failed records: ◝

 Status: ◠
 Job Id: ◠
 Elapsed Time: 4.69s

[2K[1A[2K[1A[2K[1A[2K[1A[2K[1A[2K[1A[2K[1A[2K[1A[2K[1A[2K[1A[2K[1A[2K[1A[2K[1A[2K[G
 ───────────────── Importing data ─────────────────

 ✔ Creating ingest job 4.37s
 ⢿ Processing the job 258ms
   ▸ Processed records: ◝
   ▸ Successful records: ◝
   ▸ Failed records: ◝

 Status: ◠
 Job Id: ◠
 Elapsed Time: 4.72s

[2K[1A[2K[1A[2K[1A[2K[1A[2K[1A[2K[1A[2K[1A[2K[1A[2K[1A[2K[1A[2K[1A[2K[1A[2K[1A[2K[G
 ───────────────── Importing data ─────────────────

 ✔ Creating ingest job 4.37s
 ⡿ Processing the job 285ms
   ▸ Processed records: ◞
   ▸ Successful records: ◞
   ▸ Failed records: ◞

 Status: ◝
 Job Id: ◝
 Elapsed Time: 4.75s

[2K[1A[2K[1A[2K[1A[2K[1A[2K[1A[2K[1A[2K[1A[2K[1A[2K[1A[2K[1A[2K[1A[2K[1A[2K[1A[2K[G
 ───────────────── Importing data ─────────────────

 ✔ Creating ingest job 4.37s
 ⡿ Processing the job 315ms
   ▸ Processed records: ◞
   ▸ Successful records: ◞
   ▸ Failed records: ◞

 Status: ◝
 Job Id: ◝
 Elapsed Time: 4.78s

[2K[1A[2K[1A[2K[1A[2K[1A[2K[1A[2K[1A[2K[1A[2K[1A[2K[1A[2K[1A[2K[1A[2K[1A[2K[1A[2K[G
 ───────────────── Importing data ─────────────────

 ✔ Creating ingest job 4.37s
 ⡿ Processing the job 341ms
   ▸ Processed records: ◞
   ▸ Successful records: ◞
   ▸ Failed records: ◞

 Status: ◝
 Job Id: ◝
 Elapsed Time: 4.81s

[2K[1A[2K[1A[2K[1A[2K[1A[2K[1A[2K[1A[2K[1A[2K[1A[2K[1A[2K[1A[2K[1A[2K[1A[2K[1A[2K[G
 ───────────────── Importing data ─────────────────

 ✔ Creating ingest job 4.37s
 ⣟ Processing the job 368ms
   ▸ Processed records: ◡
   ▸ Successful records: ◡
   ▸ Failed records: ◡

 Status: ◞
 Job Id: ◞
 Elapsed Time: 4.84s

[2K[1A[2K[1A[2K[1A[2K[1A[2K[1A[2K[1A[2K[1A[2K[1A[2K[1A[2K[1A[2K[1A[2K[1A[2K[1A[2K[G
 ───────────────── Importing data ─────────────────

 ✔ Creating ingest job 4.37s
 ⣟ Processing the job 394ms
   ▸ Processed records: ◡
   ▸ Successful records: ◡
   ▸ Failed records: ◡

 Status: ◞
 Job Id: ◞
 Elapsed Time: 4.87s

[2K[1A[2K[1A[2K[1A[2K[1A[2K[1A[2K[1A[2K[1A[2K[1A[2K[1A[2K[1A[2K[1A[2K[1A[2K[1A[2K[G
 ───────────────── Importing data ─────────────────

 ✔ Creating ingest job 4.37s
 ⣯ Processing the job 423ms
   ▸ Processed records: ◡
   ▸ Successful records: ◡
   ▸ Failed records: ◡

 Status: ◞
 Job Id: ◞
 Elapsed Time: 4.90s

[2K[1A[2K[1A[2K[1A[2K[1A[2K[1A[2K[1A[2K[1A[2K[1A[2K[1A[2K[1A[2K[1A[2K[1A[2K[1A[2K[G
 ───────────────── Importing data ─────────────────

 ✔ Creating ingest job 4.37s
 ⣯ Processing the job 452ms
   ▸ Processed records: ◟
   ▸ Successful records: ◟
   ▸ Failed records: ◟

 Status: ◡
 Job Id: ◡
 Elapsed Time: 4.93s

[2K[1A[2K[1A[2K[1A[2K[1A[2K[1A[2K[1A[2K[1A[2K[1A[2K[1A[2K[1A[2K[1A[2K[1A[2K[1A[2K[G
 ───────────────── Importing data ─────────────────

 ✔ Creating ingest job 4.37s
 ⣯ Processing the job 481ms
   ▸ Processed records: ◟
   ▸ Successful records: ◟
   ▸ Failed records: ◟

 Status: ◡
 Job Id: ◡
 Elapsed Time: 4.96s

[2K[1A[2K[1A[2K[1A[2K[1A[2K[1A[2K[1A[2K[1A[2K[1A[2K[1A[2K[1A[2K[1A[2K[1A[2K[1A[2K[G
 ───────────────── Importing data ─────────────────

 ✔ Creating ingest job 4.37s
 ⣷ Processing the job 509ms
   ▸ Processed records: ◟
   ▸ Successful records: ◟
   ▸ Failed records: ◟

 Status: ◡
 Job Id: ◡
 Elapsed Time: 5.00s

[2K[1A[2K[1A[2K[1A[2K[1A[2K[1A[2K[1A[2K[1A[2K[1A[2K[1A[2K[1A[2K[1A[2K[1A[2K[1A[2K[G
 ───────────────── Importing data ─────────────────

 ✔ Creating ingest job 4.37s
 ⣷ Processing the job 537ms
   ▸ Processed records: ◜
   ▸ Successful records: ◜
   ▸ Failed records: ◜

 Status: ◟
 Job Id: ◟
 Elapsed Time: 5.02s

[2K[1A[2K[1A[2K[1A[2K[1A[2K[1A[2K[1A[2K[1A[2K[1A[2K[1A[2K[1A[2K[1A[2K[1A[2K[1A[2K[G
 ───────────────── Importing data ─────────────────

 ✔ Creating ingest job 4.37s
 ⣾ Processing the job 566ms
   ▸ Processed records: ◜
   ▸ Successful records: ◜
   ▸ Failed records: ◜

 Status: ◟
 Job Id: ◟
 Elapsed Time: 5.05s

[2K[1A[2K[1A[2K[1A[2K[1A[2K[1A[2K[1A[2K[1A[2K[1A[2K[1A[2K[1A[2K[1A[2K[1A[2K[1A[2K[G
 ───────────────── Importing data ─────────────────

 ✔ Creating ingest job 4.37s
 ⣾ Processing the job 596ms
   ▸ Processed records: ◜
   ▸ Successful records: ◜
   ▸ Failed records: ◜

 Status: ◟
 Job Id: ◟
 Elapsed Time: 5.08s

[2K[1A[2K[1A[2K[1A[2K[1A[2K[1A[2K[1A[2K[1A[2K[1A[2K[1A[2K[1A[2K[1A[2K[1A[2K[1A[2K[G
 ───────────────── Importing data ─────────────────

 ✔ Creating ingest job 4.37s
 ⣾ Processing the job 621ms
   ▸ Processed records: ◠
   ▸ Successful records: ◠
   ▸ Failed records: ◠

 Status: ◜
 Job Id: ◜
 Elapsed Time: 5.11s

[2K[1A[2K[1A[2K[1A[2K[1A[2K[1A[2K[1A[2K[1A[2K[1A[2K[1A[2K[1A[2K[1A[2K[1A[2K[1A[2K[G
 ───────────────── Importing data ─────────────────

 ✔ Creating ingest job 4.37s
 ⣽ Processing the job 650ms
   ▸ Processed records: ◠
   ▸ Successful records: ◠
   ▸ Failed records: ◠

 Status: ◜
 Job Id: ◜
 Elapsed Time: 5.15s

[2K[1A[2K[1A[2K[1A[2K[1A[2K[1A[2K[1A[2K[1A[2K[1A[2K[1A[2K[1A[2K[1A[2K[1A[2K[1A[2K[G
 ───────────────── Importing data ─────────────────

 ✔ Creating ingest job 4.37s
 ⣽ Processing the job 677ms
   ▸ Processed records: ◠
   ▸ Successful records: ◠
   ▸ Failed records: ◠

 Status: ◜
 Job Id: ◜
 Elapsed Time: 5.17s

[2K[1A[2K[1A[2K[1A[2K[1A[2K[1A[2K[1A[2K[1A[2K[1A[2K[1A[2K[1A[2K[1A[2K[1A[2K[1A[2K[G
 ───────────────── Importing data ─────────────────

 ✔ Creating ingest job 4.37s
 ⣻ Processing the job 708ms
   ▸ Processed records: ◝
   ▸ Successful records: ◝
   ▸ Failed records: ◝

 Status: ◠
 Job Id: ◠
 Elapsed Time: 5.20s

[2K[1A[2K[1A[2K[1A[2K[1A[2K[1A[2K[1A[2K[1A[2K[1A[2K[1A[2K[1A[2K[1A[2K[1A[2K[1A[2K[G
 ───────────────── Importing data ─────────────────

 ✔ Creating ingest job 4.37s
 ⣻ Processing the job 735ms
   ▸ Processed records: ◝
   ▸ Successful records: ◝
   ▸ Failed records: ◝

 Status: ◠
 Job Id: ◠
 Elapsed Time: 5.24s

[2K[1A[2K[1A[2K[1A[2K[1A[2K[1A[2K[1A[2K[1A[2K[1A[2K[1A[2K[1A[2K[1A[2K[1A[2K[1A[2K[G
 ───────────────── Importing data ─────────────────

 ✔ Creating ingest job 4.37s
 ⣻ Processing the job 765ms
   ▸ Processed records: ◝
   ▸ Successful records: ◝
   ▸ Failed records: ◝

 Status: ◠
 Job Id: ◠
 Elapsed Time: 5.26s

[2K[1A[2K[1A[2K[1A[2K[1A[2K[1A[2K[1A[2K[1A[2K[1A[2K[1A[2K[1A[2K[1A[2K[1A[2K[1A[2K[G
 ───────────────── Importing data ─────────────────

 ✔ Creating ingest job 4.37s
 ⢿ Processing the job 792ms
   ▸ Processed records: ◞
   ▸ Successful records: ◝
   ▸ Failed records: ◝

 Status: ◠
 Job Id: ◠
 Elapsed Time: 5.29s

[2K[1A[2K[1A[2K[1A[2K[1A[2K[1A[2K[1A[2K[1A[2K[1A[2K[1A[2K[1A[2K[1A[2K[1A[2K[1A[2K[G
 ───────────────── Importing data ─────────────────

 ✔ Creating ingest job 4.37s
 ⢿ Processing the job 823ms
   ▸ Processed records: ◞
   ▸ Successful records: ◞
   ▸ Failed records: ◞

 Status: ◝
 Job Id: ◝
 Elapsed Time: 5.33s

[2K[1A[2K[1A[2K[1A[2K[1A[2K[1A[2K[1A[2K[1A[2K[1A[2K[1A[2K[1A[2K[1A[2K[1A[2K[1A[2K[G
 ───────────────── Importing data ─────────────────

 ✔ Creating ingest job 4.37s
 ⡿ Processing the job 848ms
   ▸ Processed records: ◞
   ▸ Successful records: ◞
   ▸ Failed records: ◞

 Status: ◝
 Job Id: ◝
 Elapsed Time: 5.36s

[2K[1A[2K[1A[2K[1A[2K[1A[2K[1A[2K[1A[2K[1A[2K[1A[2K[1A[2K[1A[2K[1A[2K[1A[2K[1A[2K[G
 ───────────────── Importing data ─────────────────

 ✔ Creating ingest job 4.37s
 ⡿ Processing the job 877ms
   ▸ Processed records: ◞
   ▸ Successful records: ◞
   ▸ Failed records: ◞

 Status: ◝
 Job Id: ◝
 Elapsed Time: 5.39s

[2K[1A[2K[1A[2K[1A[2K[1A[2K[1A[2K[1A[2K[1A[2K[1A[2K[1A[2K[1A[2K[1A[2K[1A[2K[1A[2K[G
 ───────────────── Importing data ─────────────────

 ✔ Creating ingest job 4.37s
 ⡿ Processing the job 904ms
   ▸ Processed records: ◡
   ▸ Successful records: ◡
   ▸ Failed records: ◡

 Status: ◞
 Job Id: ◞
 Elapsed Time: 5.42s

[2K[1A[2K[1A[2K[1A[2K[1A[2K[1A[2K[1A[2K[1A[2K[1A[2K[1A[2K[1A[2K[1A[2K[1A[2K[1A[2K[G
 ───────────────── Importing data ─────────────────

 ✔ Creating ingest job 4.37s
 ⣟ Processing the job 936ms
   ▸ Processed records: ◡
   ▸ Successful records: ◡
   ▸ Failed records: ◡

 Status: ◞
 Job Id: ◞
 Elapsed Time: 5.45s

[2K[1A[2K[1A[2K[1A[2K[1A[2K[1A[2K[1A[2K[1A[2K[1A[2K[1A[2K[1A[2K[1A[2K[1A[2K[1A[2K[G
 ───────────────── Importing data ─────────────────

 ✔ Creating ingest job 4.37s
 ⣟ Processing the job 967ms
   ▸ Processed records: ◡
   ▸ Successful records: ◡
   ▸ Failed records: ◡

 Status: ◞
 Job Id: ◞
 Elapsed Time: 5.48s

[2K[1A[2K[1A[2K[1A[2K[1A[2K[1A[2K[1A[2K[1A[2K[1A[2K[1A[2K[1A[2K[1A[2K[1A[2K[1A[2K[G
 ───────────────── Importing data ─────────────────

 ✔ Creating ingest job 4.37s
 ⣟ Processing the job 993ms
   ▸ Processed records: ◟
   ▸ Successful records: ◟
   ▸ Failed records: ◟

 Status: ◡
 Job Id: ◡
 Elapsed Time: 5.51s

[2K[1A[2K[1A[2K[1A[2K[1A[2K[1A[2K[1A[2K[1A[2K[1A[2K[1A[2K[1A[2K[1A[2K[1A[2K[1A[2K[G
 ───────────────── Importing data ─────────────────

 ✔ Creating ingest job 4.37s
 ⣯ Processing the job 1.01s
   ▸ Processed records: ◟
   ▸ Successful records: ◟
   ▸ Failed records: ◟

 Status: ◡
 Job Id: ◡
 Elapsed Time: 5.54s

[2K[1A[2K[1A[2K[1A[2K[1A[2K[1A[2K[1A[2K[1A[2K[1A[2K[1A[2K[1A[2K[1A[2K[1A[2K[1A[2K[G
 ───────────────── Importing data ─────────────────

 ✔ Creating ingest job 4.37s
 ⣯ Processing the job 1.05s
   ▸ Processed records: ◟
   ▸ Successful records: ◟
   ▸ Failed records: ◟

 Status: ◡
 Job Id: ◡
 Elapsed Time: 5.57s

[2K[1A[2K[1A[2K[1A[2K[1A[2K[1A[2K[1A[2K[1A[2K[1A[2K[1A[2K[1A[2K[1A[2K[1A[2K[1A[2K[G
 ───────────────── Importing data ─────────────────

 ✔ Creating ingest job 4.37s
 ⣷ Processing the job 1.08s
   ▸ Processed records: ◜
   ▸ Successful records: ◜
   ▸ Failed records: ◜

 Status: ◟
 Job Id: ◟
 Elapsed Time: 5.60s

[2K[1A[2K[1A[2K[1A[2K[1A[2K[1A[2K[1A[2K[1A[2K[1A[2K[1A[2K[1A[2K[1A[2K[1A[2K[1A[2K[G
 ───────────────── Importing data ─────────────────

 ✔ Creating ingest job 4.37s
 ⣷ Processing the job 1.10s
   ▸ Processed records: ◜
   ▸ Successful records: ◜
   ▸ Failed records: ◜

 Status: ◟
 Job Id: ◟
 Elapsed Time: 5.63s

[2K[1A[2K[1A[2K[1A[2K[1A[2K[1A[2K[1A[2K[1A[2K[1A[2K[1A[2K[1A[2K[1A[2K[1A[2K[1A[2K[G
 ───────────────── Importing data ─────────────────

 ✔ Creating ingest job 4.37s
 ⣷ Processing the job 1.13s
   ▸ Processed records: ◜
   ▸ Successful records: ◜
   ▸ Failed records: ◜

 Status: ◟
 Job Id: ◟
 Elapsed Time: 5.66s

[2K[1A[2K[1A[2K[1A[2K[1A[2K[1A[2K[1A[2K[1A[2K[1A[2K[1A[2K[1A[2K[1A[2K[1A[2K[1A[2K[G
 ───────────────── Importing data ─────────────────

 ✔ Creating ingest job 4.37s
 ⣾ Processing the job 1.16s
   ▸ Processed records: ◠
   ▸ Successful records: ◠
   ▸ Failed records: ◠

 Status: ◜
 Job Id: ◜
 Elapsed Time: 5.69s

[2K[1A[2K[1A[2K[1A[2K[1A[2K[1A[2K[1A[2K[1A[2K[1A[2K[1A[2K[1A[2K[1A[2K[1A[2K[1A[2K[G
 ───────────────── Importing data ─────────────────

 ✔ Creating ingest job 4.37s
 ⣾ Processing the job 1.20s
   ▸ Processed records: ◠
   ▸ Successful records: ◠
   ▸ Failed records: ◠

 Status: ◜
 Job Id: ◜
 Elapsed Time: 5.72s

[2K[1A[2K[1A[2K[1A[2K[1A[2K[1A[2K[1A[2K[1A[2K[1A[2K[1A[2K[1A[2K[1A[2K[1A[2K[1A[2K[G
 ───────────────── Importing data ─────────────────

 ✔ Creating ingest job 4.37s
 ⣽ Processing the job 1.22s
   ▸ Processed records: ◠
   ▸ Successful records: ◠
   ▸ Failed records: ◠

 Status: ◜
 Job Id: ◜
 Elapsed Time: 5.75s

[2K[1A[2K[1A[2K[1A[2K[1A[2K[1A[2K[1A[2K[1A[2K[1A[2K[1A[2K[1A[2K[1A[2K[1A[2K[1A[2K[G
 ───────────────── Importing data ─────────────────

 ✔ Creating ingest job 4.37s
 ⣽ Processing the job 1.26s
   ▸ Processed records: ◝
   ▸ Successful records: ◝
   ▸ Failed records: ◝

 Status: ◠
 Job Id: ◠
 Elapsed Time: 5.78s

[2K[1A[2K[1A[2K[1A[2K[1A[2K[1A[2K[1A[2K[1A[2K[1A[2K[1A[2K[1A[2K[1A[2K[1A[2K[1A[2K[G
 ───────────────── Importing data ─────────────────

 ✔ Creating ingest job 4.37s
 ⣽ Processing the job 1.28s
   ▸ Processed records: ◝
   ▸ Successful records: ◝
   ▸ Failed records: ◝

 Status: UploadComplete
 Job Id:
 750ct00000USL0DAAX (https://fortra--mergebuild.sandbox.my.salesforce.com/lightn
 ing/setup/AsyncApiJobStatus/page?address=%2F750ct00000USL0DAAX)
 Elapsed Time: 5.81s

[2K[1A[2K[1A[2K[1A[2K[1A[2K[1A[2K[1A[2K[1A[2K[1A[2K[1A[2K[1A[2K[1A[2K[1A[2K[1A[2K[1A[2K[1A[2K[G
 ───────────────── Importing data ─────────────────

 ✔ Creating ingest job 4.37s
 ⣻ Processing the job 1.32s
   ▸ Processed records: ◝
   ▸ Successful records: ◝
   ▸ Failed records: ◝

 Status: UploadComplete
 Job Id:
 750ct00000USL0DAAX (https://fortra--mergebuild.sandbox.my.salesforce.com/lightn
 ing/setup/AsyncApiJobStatus/page?address=%2F750ct00000USL0DAAX)
 Elapsed Time: 5.84s

[2K[1A[2K[1A[2K[1A[2K[1A[2K[1A[2K[1A[2K[1A[2K[1A[2K[1A[2K[1A[2K[1A[2K[1A[2K[1A[2K[1A[2K[1A[2K[G
 ───────────────── Importing data ─────────────────

 ✔ Creating ingest job 4.37s
 ⣻ Processing the job 1.34s
   ▸ Processed records: ◞
   ▸ Successful records: ◞
   ▸ Failed records: ◞

 Status: UploadComplete
 Job Id:
 750ct00000USL0DAAX (https://fortra--mergebuild.sandbox.my.salesforce.com/lightn
 ing/setup/AsyncApiJobStatus/page?address=%2F750ct00000USL0DAAX)
 Elapsed Time: 5.88s

[2K[1A[2K[1A[2K[1A[2K[1A[2K[1A[2K[1A[2K[1A[2K[1A[2K[1A[2K[1A[2K[1A[2K[1A[2K[1A[2K[1A[2K[1A[2K[G
 ───────────────── Importing data ─────────────────

 ✔ Creating ingest job 4.37s
 ⢿ Processing the job 1.37s
   ▸ Processed records: ◞
   ▸ Successful records: ◞
   ▸ Failed records: ◞

 Status: UploadComplete
 Job Id:
 750ct00000USL0DAAX (https://fortra--mergebuild.sandbox.my.salesforce.com/lightn
 ing/setup/AsyncApiJobStatus/page?address=%2F750ct00000USL0DAAX)
 Elapsed Time: 5.91s

[2K[1A[2K[1A[2K[1A[2K[1A[2K[1A[2K[1A[2K[1A[2K[1A[2K[1A[2K[1A[2K[1A[2K[1A[2K[1A[2K[1A[2K[1A[2K[G
 ───────────────── Importing data ─────────────────

 ✔ Creating ingest job 4.37s
 ⢿ Processing the job 1.40s
   ▸ Processed records: ◞
   ▸ Successful records: ◞
   ▸ Failed records: ◞

 Status: UploadComplete
 Job Id:
 750ct00000USL0DAAX (https://fortra--mergebuild.sandbox.my.salesforce.com/lightn
 ing/setup/AsyncApiJobStatus/page?address=%2F750ct00000USL0DAAX)
 Elapsed Time: 5.94s

[2K[1A[2K[1A[2K[1A[2K[1A[2K[1A[2K[1A[2K[1A[2K[1A[2K[1A[2K[1A[2K[1A[2K[1A[2K[1A[2K[1A[2K[1A[2K[G
 ───────────────── Importing data ─────────────────

 ✔ Creating ingest job 4.37s
 ⢿ Processing the job 1.43s
   ▸ Processed records: ◡
   ▸ Successful records: ◞
   ▸ Failed records: ◞

 Status: UploadComplete
 Job Id:
 750ct00000USL0DAAX (https://fortra--mergebuild.sandbox.my.salesforce.com/lightn
 ing/setup/AsyncApiJobStatus/page?address=%2F750ct00000USL0DAAX)
 Elapsed Time: 5.96s

[2K[1A[2K[1A[2K[1A[2K[1A[2K[1A[2K[1A[2K[1A[2K[1A[2K[1A[2K[1A[2K[1A[2K[1A[2K[1A[2K[1A[2K[1A[2K[G
 ───────────────── Importing data ─────────────────

 ✔ Creating ingest job 4.37s
 ⡿ Processing the job 1.46s
   ▸ Processed records: ◡
   ▸ Successful records: ◡
   ▸ Failed records: ◡

 Status: UploadComplete
 Job Id:
 750ct00000USL0DAAX (https://fortra--mergebuild.sandbox.my.salesforce.com/lightn
 ing/setup/AsyncApiJobStatus/page?address=%2F750ct00000USL0DAAX)
 Elapsed Time: 6.00s

[2K[1A[2K[1A[2K[1A[2K[1A[2K[1A[2K[1A[2K[1A[2K[1A[2K[1A[2K[1A[2K[1A[2K[1A[2K[1A[2K[1A[2K[1A[2K[G
 ───────────────── Importing data ─────────────────

 ✔ Creating ingest job 4.37s
 ⡿ Processing the job 1.48s
   ▸ Processed records: ◡
   ▸ Successful records: ◡
   ▸ Failed records: ◡

 Status: UploadComplete
 Job Id:
 750ct00000USL0DAAX (https://fortra--mergebuild.sandbox.my.salesforce.com/lightn
 ing/setup/AsyncApiJobStatus/page?address=%2F750ct00000USL0DAAX)
 Elapsed Time: 6.03s

[2K[1A[2K[1A[2K[1A[2K[1A[2K[1A[2K[1A[2K[1A[2K[1A[2K[1A[2K[1A[2K[1A[2K[1A[2K[1A[2K[1A[2K[1A[2K[G
 ───────────────── Importing data ─────────────────

 ✔ Creating ingest job 4.37s
 ⣟ Processing the job 1.52s
   ▸ Processed records: ◡
   ▸ Successful records: ◡
   ▸ Failed records: ◡

 Status: UploadComplete
 Job Id:
 750ct00000USL0DAAX (https://fortra--mergebuild.sandbox.my.salesforce.com/lightn
 ing/setup/AsyncApiJobStatus/page?address=%2F750ct00000USL0DAAX)
 Elapsed Time: 6.06s

[2K[1A[2K[1A[2K[1A[2K[1A[2K[1A[2K[1A[2K[1A[2K[1A[2K[1A[2K[1A[2K[1A[2K[1A[2K[1A[2K[1A[2K[1A[2K[G
 ───────────────── Importing data ─────────────────

 ✔ Creating ingest job 4.37s
 ⣟ Processing the job 1.55s
   ▸ Processed records: ◟
   ▸ Successful records: ◟
   ▸ Failed records: ◟

 Status: UploadComplete
 Job Id:
 750ct00000USL0DAAX (https://fortra--mergebuild.sandbox.my.salesforce.com/lightn
 ing/setup/AsyncApiJobStatus/page?address=%2F750ct00000USL0DAAX)
 Elapsed Time: 6.09s

[2K[1A[2K[1A[2K[1A[2K[1A[2K[1A[2K[1A[2K[1A[2K[1A[2K[1A[2K[1A[2K[1A[2K[1A[2K[1A[2K[1A[2K[1A[2K[G
 ───────────────── Importing data ─────────────────

 ✔ Creating ingest job 4.37s
 ⣟ Processing the job 1.58s
   ▸ Processed records: ◟
   ▸ Successful records: ◟
   ▸ Failed records: ◟

 Status: UploadComplete
 Job Id:
 750ct00000USL0DAAX (https://fortra--mergebuild.sandbox.my.salesforce.com/lightn
 ing/setup/AsyncApiJobStatus/page?address=%2F750ct00000USL0DAAX)
 Elapsed Time: 6.12s

[2K[1A[2K[1A[2K[1A[2K[1A[2K[1A[2K[1A[2K[1A[2K[1A[2K[1A[2K[1A[2K[1A[2K[1A[2K[1A[2K[1A[2K[1A[2K[G
 ───────────────── Importing data ─────────────────

 ✔ Creating ingest job 4.37s
 ⣯ Processing the job 1.60s
   ▸ Processed records: ◟
   ▸ Successful records: ◟
   ▸ Failed records: ◟

 Status: UploadComplete
 Job Id:
 750ct00000USL0DAAX (https://fortra--mergebuild.sandbox.my.salesforce.com/lightn
 ing/setup/AsyncApiJobStatus/page?address=%2F750ct00000USL0DAAX)
 Elapsed Time: 6.16s

[2K[1A[2K[1A[2K[1A[2K[1A[2K[1A[2K[1A[2K[1A[2K[1A[2K[1A[2K[1A[2K[1A[2K[1A[2K[1A[2K[1A[2K[1A[2K[G
 ───────────────── Importing data ─────────────────

 ✔ Creating ingest job 4.37s
 ⣯ Processing the job 1.63s
   ▸ Processed records: ◜
   ▸ Successful records: ◜
   ▸ Failed records: ◜

 Status: UploadComplete
 Job Id:
 750ct00000USL0DAAX (https://fortra--mergebuild.sandbox.my.salesforce.com/lightn
 ing/setup/AsyncApiJobStatus/page?address=%2F750ct00000USL0DAAX)
 Elapsed Time: 6.19s

[2K[1A[2K[1A[2K[1A[2K[1A[2K[1A[2K[1A[2K[1A[2K[1A[2K[1A[2K[1A[2K[1A[2K[1A[2K[1A[2K[1A[2K[1A[2K[G
 ───────────────── Importing data ─────────────────

 ✔ Creating ingest job 4.37s
 ⣷ Processing the job 1.67s
   ▸ Processed records: ◜
   ▸ Successful records: ◜
   ▸ Failed records: ◜

 Status: UploadComplete
 Job Id:
 750ct00000USL0DAAX (https://fortra--mergebuild.sandbox.my.salesforce.com/lightn
 ing/setup/AsyncApiJobStatus/page?address=%2F750ct00000USL0DAAX)
 Elapsed Time: 6.22s

[2K[1A[2K[1A[2K[1A[2K[1A[2K[1A[2K[1A[2K[1A[2K[1A[2K[1A[2K[1A[2K[1A[2K[1A[2K[1A[2K[1A[2K[1A[2K[G
 ───────────────── Importing data ─────────────────

 ✔ Creating ingest job 4.37s
 ⣷ Processing the job 1.70s
   ▸ Processed records: ◜
   ▸ Successful records: ◜
   ▸ Failed records: ◜

 Status: UploadComplete
 Job Id:
 750ct00000USL0DAAX (https://fortra--mergebuild.sandbox.my.salesforce.com/lightn
 ing/setup/AsyncApiJobStatus/page?address=%2F750ct00000USL0DAAX)
 Elapsed Time: 6.25s

[2K[1A[2K[1A[2K[1A[2K[1A[2K[1A[2K[1A[2K[1A[2K[1A[2K[1A[2K[1A[2K[1A[2K[1A[2K[1A[2K[1A[2K[1A[2K[G
 ───────────────── Importing data ─────────────────

 ✔ Creating ingest job 4.37s
 ⣷ Processing the job 1.73s
   ▸ Processed records: ◠
   ▸ Successful records: ◠
   ▸ Failed records: ◠

 Status: UploadComplete
 Job Id:
 750ct00000USL0DAAX (https://fortra--mergebuild.sandbox.my.salesforce.com/lightn
 ing/setup/AsyncApiJobStatus/page?address=%2F750ct00000USL0DAAX)
 Elapsed Time: 6.28s

[2K[1A[2K[1A[2K[1A[2K[1A[2K[1A[2K[1A[2K[1A[2K[1A[2K[1A[2K[1A[2K[1A[2K[1A[2K[1A[2K[1A[2K[1A[2K[G
 ───────────────── Importing data ─────────────────

 ✔ Creating ingest job 4.37s
 ⣾ Processing the job 1.76s
   ▸ Processed records: ◠
   ▸ Successful records: ◠
   ▸ Failed records: ◠

 Status: UploadComplete
 Job Id:
 750ct00000USL0DAAX (https://fortra--mergebuild.sandbox.my.salesforce.com/lightn
 ing/setup/AsyncApiJobStatus/page?address=%2F750ct00000USL0DAAX)
 Elapsed Time: 6.31s

[2K[1A[2K[1A[2K[1A[2K[1A[2K[1A[2K[1A[2K[1A[2K[1A[2K[1A[2K[1A[2K[1A[2K[1A[2K[1A[2K[1A[2K[1A[2K[G
 ───────────────── Importing data ─────────────────

 ✔ Creating ingest job 4.37s
 ⣾ Processing the job 1.79s
   ▸ Processed records: ◠
   ▸ Successful records: ◠
   ▸ Failed records: ◠

 Status: UploadComplete
 Job Id:
 750ct00000USL0DAAX (https://fortra--mergebuild.sandbox.my.salesforce.com/lightn
 ing/setup/AsyncApiJobStatus/page?address=%2F750ct00000USL0DAAX)
 Elapsed Time: 6.34s

[2K[1A[2K[1A[2K[1A[2K[1A[2K[1A[2K[1A[2K[1A[2K[1A[2K[1A[2K[1A[2K[1A[2K[1A[2K[1A[2K[1A[2K[1A[2K[G
 ───────────────── Importing data ─────────────────

 ✔ Creating ingest job 4.37s
 ⣽ Processing the job 1.83s
   ▸ Processed records: ◝
   ▸ Successful records: ◝
   ▸ Failed records: ◝

 Status: UploadComplete
 Job Id:
 750ct00000USL0DAAX (https://fortra--mergebuild.sandbox.my.salesforce.com/lightn
 ing/setup/AsyncApiJobStatus/page?address=%2F750ct00000USL0DAAX)
 Elapsed Time: 6.37s

[2K[1A[2K[1A[2K[1A[2K[1A[2K[1A[2K[1A[2K[1A[2K[1A[2K[1A[2K[1A[2K[1A[2K[1A[2K[1A[2K[1A[2K[1A[2K[G
 ───────────────── Importing data ─────────────────

 ✔ Creating ingest job 4.37s
 ⣽ Processing the job 1.86s
   ▸ Processed records: ◝
   ▸ Successful records: ◝
   ▸ Failed records: ◝

 Status: UploadComplete
 Job Id:
 750ct00000USL0DAAX (https://fortra--mergebuild.sandbox.my.salesforce.com/lightn
 ing/setup/AsyncApiJobStatus/page?address=%2F750ct00000USL0DAAX)
 Elapsed Time: 6.40s

[2K[1A[2K[1A[2K[1A[2K[1A[2K[1A[2K[1A[2K[1A[2K[1A[2K[1A[2K[1A[2K[1A[2K[1A[2K[1A[2K[1A[2K[1A[2K[G
 ───────────────── Importing data ─────────────────

 ✔ Creating ingest job 4.37s
 ⣽ Processing the job 1.89s
   ▸ Processed records: ◝
   ▸ Successful records: ◝
   ▸ Failed records: ◝

 Status: UploadComplete
 Job Id:
 750ct00000USL0DAAX (https://fortra--mergebuild.sandbox.my.salesforce.com/lightn
 ing/setup/AsyncApiJobStatus/page?address=%2F750ct00000USL0DAAX)
 Elapsed Time: 6.43s

[2K[1A[2K[1A[2K[1A[2K[1A[2K[1A[2K[1A[2K[1A[2K[1A[2K[1A[2K[1A[2K[1A[2K[1A[2K[1A[2K[1A[2K[1A[2K[G
 ───────────────── Importing data ─────────────────

 ✔ Creating ingest job 4.37s
 ⣻ Processing the job 1.92s
   ▸ Processed records: ◞
   ▸ Successful records: ◞
   ▸ Failed records: ◞

 Status: UploadComplete
 Job Id:
 750ct00000USL0DAAX (https://fortra--mergebuild.sandbox.my.salesforce.com/lightn
 ing/setup/AsyncApiJobStatus/page?address=%2F750ct00000USL0DAAX)
 Elapsed Time: 6.46s

[2K[1A[2K[1A[2K[1A[2K[1A[2K[1A[2K[1A[2K[1A[2K[1A[2K[1A[2K[1A[2K[1A[2K[1A[2K[1A[2K[1A[2K[1A[2K[G
 ───────────────── Importing data ─────────────────

 ✔ Creating ingest job 4.37s
 ⣻ Processing the job 1.95s
   ▸ Processed records: ◞
   ▸ Successful records: ◞
   ▸ Failed records: ◞

 Status: UploadComplete
 Job Id:
 750ct00000USL0DAAX (https://fortra--mergebuild.sandbox.my.salesforce.com/lightn
 ing/setup/AsyncApiJobStatus/page?address=%2F750ct00000USL0DAAX)
 Elapsed Time: 6.50s

[2K[1A[2K[1A[2K[1A[2K[1A[2K[1A[2K[1A[2K[1A[2K[1A[2K[1A[2K[1A[2K[1A[2K[1A[2K[1A[2K[1A[2K[1A[2K[G
 ───────────────── Importing data ─────────────────

 ✔ Creating ingest job 4.37s
 ⢿ Processing the job 1.98s
   ▸ Processed records: ◞
   ▸ Successful records: ◞
   ▸ Failed records: ◞

 Status: UploadComplete
 Job Id:
 750ct00000USL0DAAX (https://fortra--mergebuild.sandbox.my.salesforce.com/lightn
 ing/setup/AsyncApiJobStatus/page?address=%2F750ct00000USL0DAAX)
 Elapsed Time: 6.53s

[2K[1A[2K[1A[2K[1A[2K[1A[2K[1A[2K[1A[2K[1A[2K[1A[2K[1A[2K[1A[2K[1A[2K[1A[2K[1A[2K[1A[2K[1A[2K[G
 ───────────────── Importing data ─────────────────

 ✔ Creating ingest job 4.37s
 ⢿ Processing the job 2.01s
   ▸ Processed records: ◡
   ▸ Successful records: ◡
   ▸ Failed records: ◡

 Status: UploadComplete
 Job Id:
 750ct00000USL0DAAX (https://fortra--mergebuild.sandbox.my.salesforce.com/lightn
 ing/setup/AsyncApiJobStatus/page?address=%2F750ct00000USL0DAAX)
 Elapsed Time: 6.55s

[2K[1A[2K[1A[2K[1A[2K[1A[2K[1A[2K[1A[2K[1A[2K[1A[2K[1A[2K[1A[2K[1A[2K[1A[2K[1A[2K[1A[2K[1A[2K[G
 ───────────────── Importing data ─────────────────

 ✔ Creating ingest job 4.37s
 ⢿ Processing the job 2.05s
   ▸ Processed records: ◡
   ▸ Successful records: ◡
   ▸ Failed records: ◡

 Status: UploadComplete
 Job Id:
 750ct00000USL0DAAX (https://fortra--mergebuild.sandbox.my.salesforce.com/lightn
 ing/setup/AsyncApiJobStatus/page?address=%2F750ct00000USL0DAAX)
 Elapsed Time: 6.58s

[2K[1A[2K[1A[2K[1A[2K[1A[2K[1A[2K[1A[2K[1A[2K[1A[2K[1A[2K[1A[2K[1A[2K[1A[2K[1A[2K[1A[2K[1A[2K[G
 ───────────────── Importing data ─────────────────

 ✔ Creating ingest job 4.37s
 ⡿ Processing the job 2.08s
   ▸ Processed records: ◡
   ▸ Successful records: ◡
   ▸ Failed records: ◡

 Status: UploadComplete
 Job Id:
 750ct00000USL0DAAX (https://fortra--mergebuild.sandbox.my.salesforce.com/lightn
 ing/setup/AsyncApiJobStatus/page?address=%2F750ct00000USL0DAAX)
 Elapsed Time: 6.62s

[2K[1A[2K[1A[2K[1A[2K[1A[2K[1A[2K[1A[2K[1A[2K[1A[2K[1A[2K[1A[2K[1A[2K[1A[2K[1A[2K[1A[2K[1A[2K[G
 ───────────────── Importing data ─────────────────

 ✔ Creating ingest job 4.37s
 ⡿ Processing the job 2.11s
   ▸ Processed records: ◟
   ▸ Successful records: ◟
   ▸ Failed records: ◟

 Status: UploadComplete
 Job Id:
 750ct00000USL0DAAX (https://fortra--mergebuild.sandbox.my.salesforce.com/lightn
 ing/setup/AsyncApiJobStatus/page?address=%2F750ct00000USL0DAAX)
 Elapsed Time: 6.65s

[2K[1A[2K[1A[2K[1A[2K[1A[2K[1A[2K[1A[2K[1A[2K[1A[2K[1A[2K[1A[2K[1A[2K[1A[2K[1A[2K[1A[2K[1A[2K[G
 ───────────────── Importing data ─────────────────

 ✔ Creating ingest job 4.37s
 ⣟ Processing the job 2.14s
   ▸ Processed records: ◟
   ▸ Successful records: ◟
   ▸ Failed records: ◟

 Status: UploadComplete
 Job Id:
 750ct00000USL0DAAX (https://fortra--mergebuild.sandbox.my.salesforce.com/lightn
 ing/setup/AsyncApiJobStatus/page?address=%2F750ct00000USL0DAAX)
 Elapsed Time: 6.68s

[2K[1A[2K[1A[2K[1A[2K[1A[2K[1A[2K[1A[2K[1A[2K[1A[2K[1A[2K[1A[2K[1A[2K[1A[2K[1A[2K[1A[2K[1A[2K[G
 ───────────────── Importing data ─────────────────

 ✔ Creating ingest job 4.37s
 ⣟ Processing the job 2.17s
   ▸ Processed records: ◟
   ▸ Successful records: ◟
   ▸ Failed records: ◟

 Status: UploadComplete
 Job Id:
 750ct00000USL0DAAX (https://fortra--mergebuild.sandbox.my.salesforce.com/lightn
 ing/setup/AsyncApiJobStatus/page?address=%2F750ct00000USL0DAAX)
 Elapsed Time: 6.71s

[2K[1A[2K[1A[2K[1A[2K[1A[2K[1A[2K[1A[2K[1A[2K[1A[2K[1A[2K[1A[2K[1A[2K[1A[2K[1A[2K[1A[2K[1A[2K[G
 ───────────────── Importing data ─────────────────

 ✔ Creating ingest job 4.37s
 ⣟ Processing the job 2.20s
   ▸ Processed records: ◜
   ▸ Successful records: ◟
   ▸ Failed records: ◟

 Status: UploadComplete
 Job Id:
 750ct00000USL0DAAX (https://fortra--mergebuild.sandbox.my.salesforce.com/lightn
 ing/setup/AsyncApiJobStatus/page?address=%2F750ct00000USL0DAAX)
 Elapsed Time: 6.73s

[2K[1A[2K[1A[2K[1A[2K[1A[2K[1A[2K[1A[2K[1A[2K[1A[2K[1A[2K[1A[2K[1A[2K[1A[2K[1A[2K[1A[2K[1A[2K[G
 ───────────────── Importing data ─────────────────

 ✔ Creating ingest job 4.37s
 ⣯ Processing the job 2.23s
   ▸ Processed records: ◜
   ▸ Successful records: ◜
   ▸ Failed records: ◜

 Status: UploadComplete
 Job Id:
 750ct00000USL0DAAX (https://fortra--mergebuild.sandbox.my.salesforce.com/lightn
 ing/setup/AsyncApiJobStatus/page?address=%2F750ct00000USL0DAAX)
 Elapsed Time: 6.76s

[2K[1A[2K[1A[2K[1A[2K[1A[2K[1A[2K[1A[2K[1A[2K[1A[2K[1A[2K[1A[2K[1A[2K[1A[2K[1A[2K[1A[2K[1A[2K[G
 ───────────────── Importing data ─────────────────

 ✔ Creating ingest job 4.37s
 ⣯ Processing the job 2.26s
   ▸ Processed records: ◜
   ▸ Successful records: ◜
   ▸ Failed records: ◜

 Status: UploadComplete
 Job Id:
 750ct00000USL0DAAX (https://fortra--mergebuild.sandbox.my.salesforce.com/lightn
 ing/setup/AsyncApiJobStatus/page?address=%2F750ct00000USL0DAAX)
 Elapsed Time: 6.79s

[2K[1A[2K[1A[2K[1A[2K[1A[2K[1A[2K[1A[2K[1A[2K[1A[2K[1A[2K[1A[2K[1A[2K[1A[2K[1A[2K[1A[2K[1A[2K[G
 ───────────────── Importing data ─────────────────

 ✔ Creating ingest job 4.37s
 ⣷ Processing the job 2.29s
   ▸ Processed records: ◜
   ▸ Successful records: ◜
   ▸ Failed records: ◜

 Status: UploadComplete
 Job Id:
 750ct00000USL0DAAX (https://fortra--mergebuild.sandbox.my.salesforce.com/lightn
 ing/setup/AsyncApiJobStatus/page?address=%2F750ct00000USL0DAAX)
 Elapsed Time: 6.83s

[2K[1A[2K[1A[2K[1A[2K[1A[2K[1A[2K[1A[2K[1A[2K[1A[2K[1A[2K[1A[2K[1A[2K[1A[2K[1A[2K[1A[2K[1A[2K[G
 ───────────────── Importing data ─────────────────

 ✔ Creating ingest job 4.37s
 ⣷ Processing the job 2.32s
   ▸ Processed records: ◠
   ▸ Successful records: ◠
   ▸ Failed records: ◠

 Status: UploadComplete
 Job Id:
 750ct00000USL0DAAX (https://fortra--mergebuild.sandbox.my.salesforce.com/lightn
 ing/setup/AsyncApiJobStatus/page?address=%2F750ct00000USL0DAAX)
 Elapsed Time: 6.86s

[2K[1A[2K[1A[2K[1A[2K[1A[2K[1A[2K[1A[2K[1A[2K[1A[2K[1A[2K[1A[2K[1A[2K[1A[2K[1A[2K[1A[2K[1A[2K[G
 ───────────────── Importing data ─────────────────

 ✔ Creating ingest job 4.37s
 ⣷ Processing the job 2.35s
   ▸ Processed records: ◠
   ▸ Successful records: ◠
   ▸ Failed records: ◠

 Status: UploadComplete
 Job Id:
 750ct00000USL0DAAX (https://fortra--mergebuild.sandbox.my.salesforce.com/lightn
 ing/setup/AsyncApiJobStatus/page?address=%2F750ct00000USL0DAAX)
 Elapsed Time: 6.89s

[2K[1A[2K[1A[2K[1A[2K[1A[2K[1A[2K[1A[2K[1A[2K[1A[2K[1A[2K[1A[2K[1A[2K[1A[2K[1A[2K[1A[2K[1A[2K[G
 ───────────────── Importing data ─────────────────

 ✔ Creating ingest job 4.37s
 ⣾ Processing the job 2.38s
   ▸ Processed records: ◠
   ▸ Successful records: ◠
   ▸ Failed records: ◠

 Status: UploadComplete
 Job Id:
 750ct00000USL0DAAX (https://fortra--mergebuild.sandbox.my.salesforce.com/lightn
 ing/setup/AsyncApiJobStatus/page?address=%2F750ct00000USL0DAAX)
 Elapsed Time: 6.92s

[2K[1A[2K[1A[2K[1A[2K[1A[2K[1A[2K[1A[2K[1A[2K[1A[2K[1A[2K[1A[2K[1A[2K[1A[2K[1A[2K[1A[2K[1A[2K[G
 ───────────────── Importing data ─────────────────

 ✔ Creating ingest job 4.37s
 ⣾ Processing the job 2.41s
   ▸ Processed records: ◝
   ▸ Successful records: ◝
   ▸ Failed records: ◝

 Status: UploadComplete
 Job Id:
 750ct00000USL0DAAX (https://fortra--mergebuild.sandbox.my.salesforce.com/lightn
 ing/setup/AsyncApiJobStatus/page?address=%2F750ct00000USL0DAAX)
 Elapsed Time: 6.94s

[2K[1A[2K[1A[2K[1A[2K[1A[2K[1A[2K[1A[2K[1A[2K[1A[2K[1A[2K[1A[2K[1A[2K[1A[2K[1A[2K[1A[2K[1A[2K[G
 ───────────────── Importing data ─────────────────

 ✔ Creating ingest job 4.37s
 ⣽ Processing the job 2.44s
   ▸ Processed records: ◝
   ▸ Successful records: ◝
   ▸ Failed records: ◝

 Status: UploadComplete
 Job Id:
 750ct00000USL0DAAX (https://fortra--mergebuild.sandbox.my.salesforce.com/lightn
 ing/setup/AsyncApiJobStatus/page?address=%2F750ct00000USL0DAAX)
 Elapsed Time: 6.96s

[2K[1A[2K[1A[2K[1A[2K[1A[2K[1A[2K[1A[2K[1A[2K[1A[2K[1A[2K[1A[2K[1A[2K[1A[2K[1A[2K[1A[2K[1A[2K[G
 ───────────────── Importing data ─────────────────

 ✔ Creating ingest job 4.37s
 ⣽ Processing the job 2.47s
   ▸ Processed records: ◝
   ▸ Successful records: ◝
   ▸ Failed records: ◝

 Status: UploadComplete
 Job Id:
 750ct00000USL0DAAX (https://fortra--mergebuild.sandbox.my.salesforce.com/lightn
 ing/setup/AsyncApiJobStatus/page?address=%2F750ct00000USL0DAAX)
 Elapsed Time: 7.00s

[2K[1A[2K[1A[2K[1A[2K[1A[2K[1A[2K[1A[2K[1A[2K[1A[2K[1A[2K[1A[2K[1A[2K[1A[2K[1A[2K[1A[2K[1A[2K[G
 ───────────────── Importing data ─────────────────

 ✔ Creating ingest job 4.37s
 ⣽ Processing the job 2.50s
   ▸ Processed records: ◞
   ▸ Successful records: ◞
   ▸ Failed records: ◞

 Status: UploadComplete
 Job Id:
 750ct00000USL0DAAX (https://fortra--mergebuild.sandbox.my.salesforce.com/lightn
 ing/setup/AsyncApiJobStatus/page?address=%2F750ct00000USL0DAAX)
 Elapsed Time: 7.02s

[2K[1A[2K[1A[2K[1A[2K[1A[2K[1A[2K[1A[2K[1A[2K[1A[2K[1A[2K[1A[2K[1A[2K[1A[2K[1A[2K[1A[2K[1A[2K[G
 ───────────────── Importing data ─────────────────

 ✔ Creating ingest job 4.37s
 ⣻ Processing the job 2.54s
   ▸ Processed records: ◞
   ▸ Successful records: ◞
   ▸ Failed records: ◞

 Status: UploadComplete
 Job Id:
 750ct00000USL0DAAX (https://fortra--mergebuild.sandbox.my.salesforce.com/lightn
 ing/setup/AsyncApiJobStatus/page?address=%2F750ct00000USL0DAAX)
 Elapsed Time: 7.05s

[2K[1A[2K[1A[2K[1A[2K[1A[2K[1A[2K[1A[2K[1A[2K[1A[2K[1A[2K[1A[2K[1A[2K[1A[2K[1A[2K[1A[2K[1A[2K[G
 ───────────────── Importing data ─────────────────

 ✔ Creating ingest job 4.37s
 ⣻ Processing the job 2.56s
   ▸ Processed records: ◞
   ▸ Successful records: ◞
   ▸ Failed records: ◞

 Status: UploadComplete
 Job Id:
 750ct00000USL0DAAX (https://fortra--mergebuild.sandbox.my.salesforce.com/lightn
 ing/setup/AsyncApiJobStatus/page?address=%2F750ct00000USL0DAAX)
 Elapsed Time: 7.08s

[2K[1A[2K[1A[2K[1A[2K[1A[2K[1A[2K[1A[2K[1A[2K[1A[2K[1A[2K[1A[2K[1A[2K[1A[2K[1A[2K[1A[2K[1A[2K[G
 ───────────────── Importing data ─────────────────

 ✔ Creating ingest job 4.37s
 ⢿ Processing the job 2.60s
   ▸ Processed records: ◡
   ▸ Successful records: ◡
   ▸ Failed records: ◡

 Status: UploadComplete
 Job Id:
 750ct00000USL0DAAX (https://fortra--mergebuild.sandbox.my.salesforce.com/lightn
 ing/setup/AsyncApiJobStatus/page?address=%2F750ct00000USL0DAAX)
 Elapsed Time: 7.11s

[2K[1A[2K[1A[2K[1A[2K[1A[2K[1A[2K[1A[2K[1A[2K[1A[2K[1A[2K[1A[2K[1A[2K[1A[2K[1A[2K[1A[2K[1A[2K[G
 ───────────────── Importing data ─────────────────

 ✔ Creating ingest job 4.37s
 ⢿ Processing the job 2.63s
   ▸ Processed records: ◡
   ▸ Successful records: ◡
   ▸ Failed records: ◡

 Status: UploadComplete
 Job Id:
 750ct00000USL0DAAX (https://fortra--mergebuild.sandbox.my.salesforce.com/lightn
 ing/setup/AsyncApiJobStatus/page?address=%2F750ct00000USL0DAAX)
 Elapsed Time: 7.14s

[2K[1A[2K[1A[2K[1A[2K[1A[2K[1A[2K[1A[2K[1A[2K[1A[2K[1A[2K[1A[2K[1A[2K[1A[2K[1A[2K[1A[2K[1A[2K[G
 ───────────────── Importing data ─────────────────

 ✔ Creating ingest job 4.37s
 ⢿ Processing the job 2.66s
   ▸ Processed records: ◡
   ▸ Successful records: ◡
   ▸ Failed records: ◡

 Status: UploadComplete
 Job Id:
 750ct00000USL0DAAX (https://fortra--mergebuild.sandbox.my.salesforce.com/lightn
 ing/setup/AsyncApiJobStatus/page?address=%2F750ct00000USL0DAAX)
 Elapsed Time: 7.17s

[2K[1A[2K[1A[2K[1A[2K[1A[2K[1A[2K[1A[2K[1A[2K[1A[2K[1A[2K[1A[2K[1A[2K[1A[2K[1A[2K[1A[2K[1A[2K[G
 ───────────────── Importing data ─────────────────

 ✔ Creating ingest job 4.37s
 ⡿ Processing the job 2.68s
   ▸ Processed records: ◟
   ▸ Successful records: ◟
   ▸ Failed records: ◟

 Status: UploadComplete
 Job Id:
 750ct00000USL0DAAX (https://fortra--mergebuild.sandbox.my.salesforce.com/lightn
 ing/setup/AsyncApiJobStatus/page?address=%2F750ct00000USL0DAAX)
 Elapsed Time: 7.20s

[2K[1A[2K[1A[2K[1A[2K[1A[2K[1A[2K[1A[2K[1A[2K[1A[2K[1A[2K[1A[2K[1A[2K[1A[2K[1A[2K[1A[2K[1A[2K[G
 ───────────────── Importing data ─────────────────

 ✔ Creating ingest job 4.37s
 ⡿ Processing the job 2.72s
   ▸ Processed records: ◟
   ▸ Successful records: ◟
   ▸ Failed records: ◟

 Status: UploadComplete
 Job Id:
 750ct00000USL0DAAX (https://fortra--mergebuild.sandbox.my.salesforce.com/lightn
 ing/setup/AsyncApiJobStatus/page?address=%2F750ct00000USL0DAAX)
 Elapsed Time: 7.23s

[2K[1A[2K[1A[2K[1A[2K[1A[2K[1A[2K[1A[2K[1A[2K[1A[2K[1A[2K[1A[2K[1A[2K[1A[2K[1A[2K[1A[2K[1A[2K[G
 ───────────────── Importing data ─────────────────

 ✔ Creating ingest job 4.37s
 ⣟ Processing the job 2.75s
   ▸ Processed records: ◟
   ▸ Successful records: ◟
   ▸ Failed records: ◟

 Status: UploadComplete
 Job Id:
 750ct00000USL0DAAX (https://fortra--mergebuild.sandbox.my.salesforce.com/lightn
 ing/setup/AsyncApiJobStatus/page?address=%2F750ct00000USL0DAAX)
 Elapsed Time: 7.26s

[2K[1A[2K[1A[2K[1A[2K[1A[2K[1A[2K[1A[2K[1A[2K[1A[2K[1A[2K[1A[2K[1A[2K[1A[2K[1A[2K[1A[2K[1A[2K[G
 ───────────────── Importing data ─────────────────

 ✔ Creating ingest job 4.37s
 ⣟ Processing the job 2.77s
   ▸ Processed records: ◜
   ▸ Successful records: ◜
   ▸ Failed records: ◜

 Status: UploadComplete
 Job Id:
 750ct00000USL0DAAX (https://fortra--mergebuild.sandbox.my.salesforce.com/lightn
 ing/setup/AsyncApiJobStatus/page?address=%2F750ct00000USL0DAAX)
 Elapsed Time: 7.29s

[2K[1A[2K[1A[2K[1A[2K[1A[2K[1A[2K[1A[2K[1A[2K[1A[2K[1A[2K[1A[2K[1A[2K[1A[2K[1A[2K[1A[2K[1A[2K[G
 ───────────────── Importing data ─────────────────

 ✔ Creating ingest job 4.37s
 ⣟ Processing the job 2.81s
   ▸ Processed records: ◜
   ▸ Successful records: ◜
   ▸ Failed records: ◜

 Status: UploadComplete
 Job Id:
 750ct00000USL0DAAX (https://fortra--mergebuild.sandbox.my.salesforce.com/lightn
 ing/setup/AsyncApiJobStatus/page?address=%2F750ct00000USL0DAAX)
 Elapsed Time: 7.32s

[2K[1A[2K[1A[2K[1A[2K[1A[2K[1A[2K[1A[2K[1A[2K[1A[2K[1A[2K[1A[2K[1A[2K[1A[2K[1A[2K[1A[2K[1A[2K[G
 ───────────────── Importing data ─────────────────

 ✔ Creating ingest job 4.37s
 ⣯ Processing the job 2.83s
   ▸ Processed records: ◜
   ▸ Successful records: ◜
   ▸ Failed records: ◜

 Status: UploadComplete
 Job Id:
 750ct00000USL0DAAX (https://fortra--mergebuild.sandbox.my.salesforce.com/lightn
 ing/setup/AsyncApiJobStatus/page?address=%2F750ct00000USL0DAAX)
 Elapsed Time: 7.35s

[2K[1A[2K[1A[2K[1A[2K[1A[2K[1A[2K[1A[2K[1A[2K[1A[2K[1A[2K[1A[2K[1A[2K[1A[2K[1A[2K[1A[2K[1A[2K[G
 ───────────────── Importing data ─────────────────

 ✔ Creating ingest job 4.37s
 ⣯ Processing the job 2.87s
   ▸ Processed records: ◠
   ▸ Successful records: ◠
   ▸ Failed records: ◠

 Status: UploadComplete
 Job Id:
 750ct00000USL0DAAX (https://fortra--mergebuild.sandbox.my.salesforce.com/lightn
 ing/setup/AsyncApiJobStatus/page?address=%2F750ct00000USL0DAAX)
 Elapsed Time: 7.37s

[2K[1A[2K[1A[2K[1A[2K[1A[2K[1A[2K[1A[2K[1A[2K[1A[2K[1A[2K[1A[2K[1A[2K[1A[2K[1A[2K[1A[2K[1A[2K[G
 ───────────────── Importing data ─────────────────

 ✔ Creating ingest job 4.37s
 ⣷ Processing the job 2.89s
   ▸ Processed records: ◠
   ▸ Successful records: ◠
   ▸ Failed records: ◠

 Status: UploadComplete
 Job Id:
 750ct00000USL0DAAX (https://fortra--mergebuild.sandbox.my.salesforce.com/lightn
 ing/setup/AsyncApiJobStatus/page?address=%2F750ct00000USL0DAAX)
 Elapsed Time: 7.41s

[2K[1A[2K[1A[2K[1A[2K[1A[2K[1A[2K[1A[2K[1A[2K[1A[2K[1A[2K[1A[2K[1A[2K[1A[2K[1A[2K[1A[2K[1A[2K[G
 ───────────────── Importing data ─────────────────

 ✔ Creating ingest job 4.37s
 ⣷ Processing the job 2.92s
   ▸ Processed records: ◠
   ▸ Successful records: ◠
   ▸ Failed records: ◠

 Status: UploadComplete
 Job Id:
 750ct00000USL0DAAX (https://fortra--mergebuild.sandbox.my.salesforce.com/lightn
 ing/setup/AsyncApiJobStatus/page?address=%2F750ct00000USL0DAAX)
 Elapsed Time: 7.44s

[2K[1A[2K[1A[2K[1A[2K[1A[2K[1A[2K[1A[2K[1A[2K[1A[2K[1A[2K[1A[2K[1A[2K[1A[2K[1A[2K[1A[2K[1A[2K[G
 ───────────────── Importing data ─────────────────

 ✔ Creating ingest job 4.37s
 ⣷ Processing the job 2.95s
   ▸ Processed records: ◝
   ▸ Successful records: ◠
   ▸ Failed records: ◠

 Status: UploadComplete
 Job Id:
 750ct00000USL0DAAX (https://fortra--mergebuild.sandbox.my.salesforce.com/lightn
 ing/setup/AsyncApiJobStatus/page?address=%2F750ct00000USL0DAAX)
 Elapsed Time: 7.46s

[2K[1A[2K[1A[2K[1A[2K[1A[2K[1A[2K[1A[2K[1A[2K[1A[2K[1A[2K[1A[2K[1A[2K[1A[2K[1A[2K[1A[2K[1A[2K[G
 ───────────────── Importing data ─────────────────

 ✔ Creating ingest job 4.37s
 ⣾ Processing the job 2.98s
   ▸ Processed records: ◝
   ▸ Successful records: ◝
   ▸ Failed records: ◝

 Status: UploadComplete
 Job Id:
 750ct00000USL0DAAX (https://fortra--mergebuild.sandbox.my.salesforce.com/lightn
 ing/setup/AsyncApiJobStatus/page?address=%2F750ct00000USL0DAAX)
 Elapsed Time: 7.50s

[2K[1A[2K[1A[2K[1A[2K[1A[2K[1A[2K[1A[2K[1A[2K[1A[2K[1A[2K[1A[2K[1A[2K[1A[2K[1A[2K[1A[2K[1A[2K[G
 ───────────────── Importing data ─────────────────

 ✔ Creating ingest job 4.37s
 ⣾ Processing the job 3.01s
   ▸ Processed records: ◝
   ▸ Successful records: ◝
   ▸ Failed records: ◝

 Status: UploadComplete
 Job Id:
 750ct00000USL0DAAX (https://fortra--mergebuild.sandbox.my.salesforce.com/lightn
 ing/setup/AsyncApiJobStatus/page?address=%2F750ct00000USL0DAAX)
 Elapsed Time: 7.53s

[2K[1A[2K[1A[2K[1A[2K[1A[2K[1A[2K[1A[2K[1A[2K[1A[2K[1A[2K[1A[2K[1A[2K[1A[2K[1A[2K[1A[2K[1A[2K[G
 ───────────────── Importing data ─────────────────

 ✔ Creating ingest job 4.37s
 ⣽ Processing the job 3.03s
   ▸ Processed records: ◝
   ▸ Successful records: ◝
   ▸ Failed records: ◝

 Status: UploadComplete
 Job Id:
 750ct00000USL0DAAX (https://fortra--mergebuild.sandbox.my.salesforce.com/lightn
 ing/setup/AsyncApiJobStatus/page?address=%2F750ct00000USL0DAAX)
 Elapsed Time: 7.55s

[2K[1A[2K[1A[2K[1A[2K[1A[2K[1A[2K[1A[2K[1A[2K[1A[2K[1A[2K[1A[2K[1A[2K[1A[2K[1A[2K[1A[2K[1A[2K[G
 ───────────────── Importing data ─────────────────

 ✔ Creating ingest job 4.37s
 ⣽ Processing the job 3.06s
   ▸ Processed records: ◞
   ▸ Successful records: ◞
   ▸ Failed records: ◞

 Status: UploadComplete
 Job Id:
 750ct00000USL0DAAX (https://fortra--mergebuild.sandbox.my.salesforce.com/lightn
 ing/setup/AsyncApiJobStatus/page?address=%2F750ct00000USL0DAAX)
 Elapsed Time: 7.58s

[2K[1A[2K[1A[2K[1A[2K[1A[2K[1A[2K[1A[2K[1A[2K[1A[2K[1A[2K[1A[2K[1A[2K[1A[2K[1A[2K[1A[2K[1A[2K[G
 ───────────────── Importing data ─────────────────

 ✔ Creating ingest job 4.37s
 ⣽ Processing the job 3.10s
   ▸ Processed records: ◞
   ▸ Successful records: ◞
   ▸ Failed records: ◞

 Status: UploadComplete
 Job Id:
 750ct00000USL0DAAX (https://fortra--mergebuild.sandbox.my.salesforce.com/lightn
 ing/setup/AsyncApiJobStatus/page?address=%2F750ct00000USL0DAAX)
 Elapsed Time: 7.61s

[2K[1A[2K[1A[2K[1A[2K[1A[2K[1A[2K[1A[2K[1A[2K[1A[2K[1A[2K[1A[2K[1A[2K[1A[2K[1A[2K[1A[2K[1A[2K[G
 ───────────────── Importing data ─────────────────

 ✔ Creating ingest job 4.37s
 ⣻ Processing the job 3.13s
   ▸ Processed records: ◞
   ▸ Successful records: ◞
   ▸ Failed records: ◞

 Status: UploadComplete
 Job Id:
 750ct00000USL0DAAX (https://fortra--mergebuild.sandbox.my.salesforce.com/lightn
 ing/setup/AsyncApiJobStatus/page?address=%2F750ct00000USL0DAAX)
 Elapsed Time: 7.64s

[2K[1A[2K[1A[2K[1A[2K[1A[2K[1A[2K[1A[2K[1A[2K[1A[2K[1A[2K[1A[2K[1A[2K[1A[2K[1A[2K[1A[2K[1A[2K[G
 ───────────────── Importing data ─────────────────

 ✔ Creating ingest job 4.37s
 ⣻ Processing the job 3.16s
   ▸ Processed records: ◡
   ▸ Successful records: ◡
   ▸ Failed records: ◡

 Status: UploadComplete
 Job Id:
 750ct00000USL0DAAX (https://fortra--mergebuild.sandbox.my.salesforce.com/lightn
 ing/setup/AsyncApiJobStatus/page?address=%2F750ct00000USL0DAAX)
 Elapsed Time: 7.67s

[2K[1A[2K[1A[2K[1A[2K[1A[2K[1A[2K[1A[2K[1A[2K[1A[2K[1A[2K[1A[2K[1A[2K[1A[2K[1A[2K[1A[2K[1A[2K[G
 ───────────────── Importing data ─────────────────

 ✔ Creating ingest job 4.37s
 ⢿ Processing the job 3.19s
   ▸ Processed records: ◡
   ▸ Successful records: ◡
   ▸ Failed records: ◡

 Status: UploadComplete
 Job Id:
 750ct00000USL0DAAX (https://fortra--mergebuild.sandbox.my.salesforce.com/lightn
 ing/setup/AsyncApiJobStatus/page?address=%2F750ct00000USL0DAAX)
 Elapsed Time: 7.70s

[2K[1A[2K[1A[2K[1A[2K[1A[2K[1A[2K[1A[2K[1A[2K[1A[2K[1A[2K[1A[2K[1A[2K[1A[2K[1A[2K[1A[2K[1A[2K[G
 ───────────────── Importing data ─────────────────

 ✔ Creating ingest job 4.37s
 ⢿ Processing the job 3.22s
   ▸ Processed records: ◡
   ▸ Successful records: ◡
   ▸ Failed records: ◡

 Status: UploadComplete
 Job Id:
 750ct00000USL0DAAX (https://fortra--mergebuild.sandbox.my.salesforce.com/lightn
 ing/setup/AsyncApiJobStatus/page?address=%2F750ct00000USL0DAAX)
 Elapsed Time: 7.73s

[2K[1A[2K[1A[2K[1A[2K[1A[2K[1A[2K[1A[2K[1A[2K[1A[2K[1A[2K[1A[2K[1A[2K[1A[2K[1A[2K[1A[2K[1A[2K[G
 ───────────────── Importing data ─────────────────

 ✔ Creating ingest job 4.37s
 ⢿ Processing the job 3.25s
   ▸ Processed records: ◟
   ▸ Successful records: ◟
   ▸ Failed records: ◟

 Status: UploadComplete
 Job Id:
 750ct00000USL0DAAX (https://fortra--mergebuild.sandbox.my.salesforce.com/lightn
 ing/setup/AsyncApiJobStatus/page?address=%2F750ct00000USL0DAAX)
 Elapsed Time: 7.76s

[2K[1A[2K[1A[2K[1A[2K[1A[2K[1A[2K[1A[2K[1A[2K[1A[2K[1A[2K[1A[2K[1A[2K[1A[2K[1A[2K[1A[2K[1A[2K[G
 ───────────────── Importing data ─────────────────

 ✔ Creating ingest job 4.37s
 ⡿ Processing the job 3.27s
   ▸ Processed records: ◟
   ▸ Successful records: ◟
   ▸ Failed records: ◟

 Status: UploadComplete
 Job Id:
 750ct00000USL0DAAX (https://fortra--mergebuild.sandbox.my.salesforce.com/lightn
 ing/setup/AsyncApiJobStatus/page?address=%2F750ct00000USL0DAAX)
 Elapsed Time: 7.79s

[2K[1A[2K[1A[2K[1A[2K[1A[2K[1A[2K[1A[2K[1A[2K[1A[2K[1A[2K[1A[2K[1A[2K[1A[2K[1A[2K[1A[2K[1A[2K[G
 ───────────────── Importing data ─────────────────

 ✔ Creating ingest job 4.37s
 ⡿ Processing the job 3.30s
   ▸ Processed records: ◟
   ▸ Successful records: ◟
   ▸ Failed records: ◟

 Status: UploadComplete
 Job Id:
 750ct00000USL0DAAX (https://fortra--mergebuild.sandbox.my.salesforce.com/lightn
 ing/setup/AsyncApiJobStatus/page?address=%2F750ct00000USL0DAAX)
 Elapsed Time: 7.82s

[2K[1A[2K[1A[2K[1A[2K[1A[2K[1A[2K[1A[2K[1A[2K[1A[2K[1A[2K[1A[2K[1A[2K[1A[2K[1A[2K[1A[2K[1A[2K[G
 ───────────────── Importing data ─────────────────

 ✔ Creating ingest job 4.37s
 ⣟ Processing the job 3.33s
   ▸ Processed records: ◜
   ▸ Successful records: ◜
   ▸ Failed records: ◜

 Status: UploadComplete
 Job Id:
 750ct00000USL0DAAX (https://fortra--mergebuild.sandbox.my.salesforce.com/lightn
 ing/setup/AsyncApiJobStatus/page?address=%2F750ct00000USL0DAAX)
 Elapsed Time: 7.85s

[2K[1A[2K[1A[2K[1A[2K[1A[2K[1A[2K[1A[2K[1A[2K[1A[2K[1A[2K[1A[2K[1A[2K[1A[2K[1A[2K[1A[2K[1A[2K[G
 ───────────────── Importing data ─────────────────

 ✔ Creating ingest job 4.37s
 ⣟ Processing the job 3.37s
   ▸ Processed records: ◜
   ▸ Successful records: ◜
   ▸ Failed records: ◜

 Status: UploadComplete
 Job Id:
 750ct00000USL0DAAX (https://fortra--mergebuild.sandbox.my.salesforce.com/lightn
 ing/setup/AsyncApiJobStatus/page?address=%2F750ct00000USL0DAAX)
 Elapsed Time: 7.88s

[2K[1A[2K[1A[2K[1A[2K[1A[2K[1A[2K[1A[2K[1A[2K[1A[2K[1A[2K[1A[2K[1A[2K[1A[2K[1A[2K[1A[2K[1A[2K[G
 ───────────────── Importing data ─────────────────

 ✔ Creating ingest job 4.37s
 ⣟ Processing the job 3.39s
   ▸ Processed records: ◜
   ▸ Successful records: ◜
   ▸ Failed records: ◜

 Status: UploadComplete
 Job Id:
 750ct00000USL0DAAX (https://fortra--mergebuild.sandbox.my.salesforce.com/lightn
 ing/setup/AsyncApiJobStatus/page?address=%2F750ct00000USL0DAAX)
 Elapsed Time: 7.91s

[2K[1A[2K[1A[2K[1A[2K[1A[2K[1A[2K[1A[2K[1A[2K[1A[2K[1A[2K[1A[2K[1A[2K[1A[2K[1A[2K[1A[2K[1A[2K[G
 ───────────────── Importing data ─────────────────

 ✔ Creating ingest job 4.37s
 ⣯ Processing the job 3.43s
   ▸ Processed records: ◠
   ▸ Successful records: ◠
   ▸ Failed records: ◠

 Status: UploadComplete
 Job Id:
 750ct00000USL0DAAX (https://fortra--mergebuild.sandbox.my.salesforce.com/lightn
 ing/setup/AsyncApiJobStatus/page?address=%2F750ct00000USL0DAAX)
 Elapsed Time: 7.94s

[2K[1A[2K[1A[2K[1A[2K[1A[2K[1A[2K[1A[2K[1A[2K[1A[2K[1A[2K[1A[2K[1A[2K[1A[2K[1A[2K[1A[2K[1A[2K[G
 ───────────────── Importing data ─────────────────

 ✔ Creating ingest job 4.37s
 ⣯ Processing the job 3.46s
   ▸ Processed records: ◠
   ▸ Successful records: ◠
   ▸ Failed records: ◠

 Status: UploadComplete
 Job Id:
 750ct00000USL0DAAX (https://fortra--mergebuild.sandbox.my.salesforce.com/lightn
 ing/setup/AsyncApiJobStatus/page?address=%2F750ct00000USL0DAAX)
 Elapsed Time: 7.97s

[2K[1A[2K[1A[2K[1A[2K[1A[2K[1A[2K[1A[2K[1A[2K[1A[2K[1A[2K[1A[2K[1A[2K[1A[2K[1A[2K[1A[2K[1A[2K[G
 ───────────────── Importing data ─────────────────

 ✔ Creating ingest job 4.37s
 ⣷ Processing the job 3.48s
   ▸ Processed records: ◠
   ▸ Successful records: ◠
   ▸ Failed records: ◠

 Status: UploadComplete
 Job Id:
 750ct00000USL0DAAX (https://fortra--mergebuild.sandbox.my.salesforce.com/lightn
 ing/setup/AsyncApiJobStatus/page?address=%2F750ct00000USL0DAAX)
 Elapsed Time: 8.00s

[2K[1A[2K[1A[2K[1A[2K[1A[2K[1A[2K[1A[2K[1A[2K[1A[2K[1A[2K[1A[2K[1A[2K[1A[2K[1A[2K[1A[2K[1A[2K[G
 ───────────────── Importing data ─────────────────

 ✔ Creating ingest job 4.37s
 ⣷ Processing the job 3.51s
   ▸ Processed records: ◝
   ▸ Successful records: ◝
   ▸ Failed records: ◝

 Status: UploadComplete
 Job Id:
 750ct00000USL0DAAX (https://fortra--mergebuild.sandbox.my.salesforce.com/lightn
 ing/setup/AsyncApiJobStatus/page?address=%2F750ct00000USL0DAAX)
 Elapsed Time: 8.03s

[2K[1A[2K[1A[2K[1A[2K[1A[2K[1A[2K[1A[2K[1A[2K[1A[2K[1A[2K[1A[2K[1A[2K[1A[2K[1A[2K[1A[2K[1A[2K[G
 ───────────────── Importing data ─────────────────

 ✔ Creating ingest job 4.37s
 ⣷ Processing the job 3.54s
   ▸ Processed records: ◝
   ▸ Successful records: ◝
   ▸ Failed records: ◝

 Status: UploadComplete
 Job Id:
 750ct00000USL0DAAX (https://fortra--mergebuild.sandbox.my.salesforce.com/lightn
 ing/setup/AsyncApiJobStatus/page?address=%2F750ct00000USL0DAAX)
 Elapsed Time: 8.06s

[2K[1A[2K[1A[2K[1A[2K[1A[2K[1A[2K[1A[2K[1A[2K[1A[2K[1A[2K[1A[2K[1A[2K[1A[2K[1A[2K[1A[2K[1A[2K[G
 ───────────────── Importing data ─────────────────

 ✔ Creating ingest job 4.37s
 ⣾ Processing the job 3.57s
   ▸ Processed records: ◝
   ▸ Successful records: ◝
   ▸ Failed records: ◝

 Status: UploadComplete
 Job Id:
 750ct00000USL0DAAX (https://fortra--mergebuild.sandbox.my.salesforce.com/lightn
 ing/setup/AsyncApiJobStatus/page?address=%2F750ct00000USL0DAAX)
 Elapsed Time: 8.09s

[2K[1A[2K[1A[2K[1A[2K[1A[2K[1A[2K[1A[2K[1A[2K[1A[2K[1A[2K[1A[2K[1A[2K[1A[2K[1A[2K[1A[2K[1A[2K[G
 ───────────────── Importing data ─────────────────

 ✔ Creating ingest job 4.37s
 ⣾ Processing the job 3.59s
   ▸ Processed records: ◞
   ▸ Successful records: ◞
   ▸ Failed records: ◝

 Status: UploadComplete
 Job Id:
 750ct00000USL0DAAX (https://fortra--mergebuild.sandbox.my.salesforce.com/lightn
 ing/setup/AsyncApiJobStatus/page?address=%2F750ct00000USL0DAAX)
 Elapsed Time: 8.12s

[2K[1A[2K[1A[2K[1A[2K[1A[2K[1A[2K[1A[2K[1A[2K[1A[2K[1A[2K[1A[2K[1A[2K[1A[2K[1A[2K[1A[2K[1A[2K[G
 ───────────────── Importing data ─────────────────

 ✔ Creating ingest job 4.37s
 ⣽ Processing the job 3.62s
   ▸ Processed records: ◞
   ▸ Successful records: ◞
   ▸ Failed records: ◞

 Status: UploadComplete
 Job Id:
 750ct00000USL0DAAX (https://fortra--mergebuild.sandbox.my.salesforce.com/lightn
 ing/setup/AsyncApiJobStatus/page?address=%2F750ct00000USL0DAAX)
 Elapsed Time: 8.15s

[2K[1A[2K[1A[2K[1A[2K[1A[2K[1A[2K[1A[2K[1A[2K[1A[2K[1A[2K[1A[2K[1A[2K[1A[2K[1A[2K[1A[2K[1A[2K[G
 ───────────────── Importing data ─────────────────

 ✔ Creating ingest job 4.37s
 ⣽ Processing the job 3.65s
   ▸ Processed records: ◞
   ▸ Successful records: ◞
   ▸ Failed records: ◞

 Status: UploadComplete
 Job Id:
 750ct00000USL0DAAX (https://fortra--mergebuild.sandbox.my.salesforce.com/lightn
 ing/setup/AsyncApiJobStatus/page?address=%2F750ct00000USL0DAAX)
 Elapsed Time: 8.18s

[2K[1A[2K[1A[2K[1A[2K[1A[2K[1A[2K[1A[2K[1A[2K[1A[2K[1A[2K[1A[2K[1A[2K[1A[2K[1A[2K[1A[2K[1A[2K[G
 ───────────────── Importing data ─────────────────

 ✔ Creating ingest job 4.37s
 ⣽ Processing the job 3.69s
   ▸ Processed records: ◡
   ▸ Successful records: ◞
   ▸ Failed records: ◞

 Status: UploadComplete
 Job Id:
 750ct00000USL0DAAX (https://fortra--mergebuild.sandbox.my.salesforce.com/lightn
 ing/setup/AsyncApiJobStatus/page?address=%2F750ct00000USL0DAAX)
 Elapsed Time: 8.21s

[2K[1A[2K[1A[2K[1A[2K[1A[2K[1A[2K[1A[2K[1A[2K[1A[2K[1A[2K[1A[2K[1A[2K[1A[2K[1A[2K[1A[2K[1A[2K[G
 ───────────────── Importing data ─────────────────

 ✔ Creating ingest job 4.37s
 ⣻ Processing the job 3.72s
   ▸ Processed records: ◡
   ▸ Successful records: ◡
   ▸ Failed records: ◡

 Status: UploadComplete
 Job Id:
 750ct00000USL0DAAX (https://fortra--mergebuild.sandbox.my.salesforce.com/lightn
 ing/setup/AsyncApiJobStatus/page?address=%2F750ct00000USL0DAAX)
 Elapsed Time: 8.24s

[2K[1A[2K[1A[2K[1A[2K[1A[2K[1A[2K[1A[2K[1A[2K[1A[2K[1A[2K[1A[2K[1A[2K[1A[2K[1A[2K[1A[2K[1A[2K[G
 ───────────────── Importing data ─────────────────

 ✔ Creating ingest job 4.37s
 ⣻ Processing the job 3.75s
   ▸ Processed records: ◡
   ▸ Successful records: ◡
   ▸ Failed records: ◡

 Status: UploadComplete
 Job Id:
 750ct00000USL0DAAX (https://fortra--mergebuild.sandbox.my.salesforce.com/lightn
 ing/setup/AsyncApiJobStatus/page?address=%2F750ct00000USL0DAAX)
 Elapsed Time: 8.27s

[2K[1A[2K[1A[2K[1A[2K[1A[2K[1A[2K[1A[2K[1A[2K[1A[2K[1A[2K[1A[2K[1A[2K[1A[2K[1A[2K[1A[2K[1A[2K[G
 ───────────────── Importing data ─────────────────

 ✔ Creating ingest job 4.37s
 ⢿ Processing the job 3.77s
   ▸ Processed records: ◡
   ▸ Successful records: ◡
   ▸ Failed records: ◡

 Status: UploadComplete
 Job Id:
 750ct00000USL0DAAX (https://fortra--mergebuild.sandbox.my.salesforce.com/lightn
 ing/setup/AsyncApiJobStatus/page?address=%2F750ct00000USL0DAAX)
 Elapsed Time: 8.30s

[2K[1A[2K[1A[2K[1A[2K[1A[2K[1A[2K[1A[2K[1A[2K[1A[2K[1A[2K[1A[2K[1A[2K[1A[2K[1A[2K[1A[2K[1A[2K[G
 ───────────────── Importing data ─────────────────

 ✔ Creating ingest job 4.37s
 ⢿ Processing the job 3.80s
   ▸ Processed records: ◟
   ▸ Successful records: ◟
   ▸ Failed records: ◟

 Status: UploadComplete
 Job Id:
 750ct00000USL0DAAX (https://fortra--mergebuild.sandbox.my.salesforce.com/lightn
 ing/setup/AsyncApiJobStatus/page?address=%2F750ct00000USL0DAAX)
 Elapsed Time: 8.33s

[2K[1A[2K[1A[2K[1A[2K[1A[2K[1A[2K[1A[2K[1A[2K[1A[2K[1A[2K[1A[2K[1A[2K[1A[2K[1A[2K[1A[2K[1A[2K[G
 ───────────────── Importing data ─────────────────

 ✔ Creating ingest job 4.37s
 ⢿ Processing the job 3.83s
   ▸ Processed records: ◟
   ▸ Successful records: ◟
   ▸ Failed records: ◟

 Status: UploadComplete
 Job Id:
 750ct00000USL0DAAX (https://fortra--mergebuild.sandbox.my.salesforce.com/lightn
 ing/setup/AsyncApiJobStatus/page?address=%2F750ct00000USL0DAAX)
 Elapsed Time: 8.36s

[2K[1A[2K[1A[2K[1A[2K[1A[2K[1A[2K[1A[2K[1A[2K[1A[2K[1A[2K[1A[2K[1A[2K[1A[2K[1A[2K[1A[2K[1A[2K[G
 ───────────────── Importing data ─────────────────

 ✔ Creating ingest job 4.37s
 ⡿ Processing the job 3.86s
   ▸ Processed records: ◟
   ▸ Successful records: ◟
   ▸ Failed records: ◟

 Status: UploadComplete
 Job Id:
 750ct00000USL0DAAX (https://fortra--mergebuild.sandbox.my.salesforce.com/lightn
 ing/setup/AsyncApiJobStatus/page?address=%2F750ct00000USL0DAAX)
 Elapsed Time: 8.39s

[2K[1A[2K[1A[2K[1A[2K[1A[2K[1A[2K[1A[2K[1A[2K[1A[2K[1A[2K[1A[2K[1A[2K[1A[2K[1A[2K[1A[2K[1A[2K[G
 ───────────────── Importing data ─────────────────

 ✔ Creating ingest job 4.37s
 ⡿ Processing the job 3.88s
   ▸ Processed records: ◜
   ▸ Successful records: ◜
   ▸ Failed records: ◜

 Status: UploadComplete
 Job Id:
 750ct00000USL0DAAX (https://fortra--mergebuild.sandbox.my.salesforce.com/lightn
 ing/setup/AsyncApiJobStatus/page?address=%2F750ct00000USL0DAAX)
 Elapsed Time: 8.42s

[2K[1A[2K[1A[2K[1A[2K[1A[2K[1A[2K[1A[2K[1A[2K[1A[2K[1A[2K[1A[2K[1A[2K[1A[2K[1A[2K[1A[2K[1A[2K[G
 ───────────────── Importing data ─────────────────

 ✔ Creating ingest job 4.37s
 ⣟ Processing the job 3.91s
   ▸ Processed records: ◜
   ▸ Successful records: ◜
   ▸ Failed records: ◜

 Status: UploadComplete
 Job Id:
 750ct00000USL0DAAX (https://fortra--mergebuild.sandbox.my.salesforce.com/lightn
 ing/setup/AsyncApiJobStatus/page?address=%2F750ct00000USL0DAAX)
 Elapsed Time: 8.45s

[2K[1A[2K[1A[2K[1A[2K[1A[2K[1A[2K[1A[2K[1A[2K[1A[2K[1A[2K[1A[2K[1A[2K[1A[2K[1A[2K[1A[2K[1A[2K[G
 ───────────────── Importing data ─────────────────

 ✔ Creating ingest job 4.37s
 ⣟ Processing the job 3.94s
   ▸ Processed records: ◜
   ▸ Successful records: ◜
   ▸ Failed records: ◜

 Status: UploadComplete
 Job Id:
 750ct00000USL0DAAX (https://fortra--mergebuild.sandbox.my.salesforce.com/lightn
 ing/setup/AsyncApiJobStatus/page?address=%2F750ct00000USL0DAAX)
 Elapsed Time: 8.48s

[2K[1A[2K[1A[2K[1A[2K[1A[2K[1A[2K[1A[2K[1A[2K[1A[2K[1A[2K[1A[2K[1A[2K[1A[2K[1A[2K[1A[2K[1A[2K[G
 ───────────────── Importing data ─────────────────

 ✔ Creating ingest job 4.37s
 ⣟ Processing the job 3.97s
   ▸ Processed records: ◠
   ▸ Successful records: ◠
   ▸ Failed records: ◠

 Status: UploadComplete
 Job Id:
 750ct00000USL0DAAX (https://fortra--mergebuild.sandbox.my.salesforce.com/lightn
 ing/setup/AsyncApiJobStatus/page?address=%2F750ct00000USL0DAAX)
 Elapsed Time: 8.51s

[2K[1A[2K[1A[2K[1A[2K[1A[2K[1A[2K[1A[2K[1A[2K[1A[2K[1A[2K[1A[2K[1A[2K[1A[2K[1A[2K[1A[2K[1A[2K[G
 ───────────────── Importing data ─────────────────

 ✔ Creating ingest job 4.37s
 ⣯ Processing the job 3.99s
   ▸ Processed records: ◠
   ▸ Successful records: ◠
   ▸ Failed records: ◠

 Status: UploadComplete
 Job Id:
 750ct00000USL0DAAX (https://fortra--mergebuild.sandbox.my.salesforce.com/lightn
 ing/setup/AsyncApiJobStatus/page?address=%2F750ct00000USL0DAAX)
 Elapsed Time: 8.54s

[2K[1A[2K[1A[2K[1A[2K[1A[2K[1A[2K[1A[2K[1A[2K[1A[2K[1A[2K[1A[2K[1A[2K[1A[2K[1A[2K[1A[2K[1A[2K[G
 ───────────────── Importing data ─────────────────

 ✔ Creating ingest job 4.37s
 ⣯ Processing the job 4.03s
   ▸ Processed records: ◠
   ▸ Successful records: ◠
   ▸ Failed records: ◠

 Status: UploadComplete
 Job Id:
 750ct00000USL0DAAX (https://fortra--mergebuild.sandbox.my.salesforce.com/lightn
 ing/setup/AsyncApiJobStatus/page?address=%2F750ct00000USL0DAAX)
 Elapsed Time: 8.57s

[2K[1A[2K[1A[2K[1A[2K[1A[2K[1A[2K[1A[2K[1A[2K[1A[2K[1A[2K[1A[2K[1A[2K[1A[2K[1A[2K[1A[2K[1A[2K[G
 ───────────────── Importing data ─────────────────

 ✔ Creating ingest job 4.37s
 ⣷ Processing the job 4.06s
   ▸ Processed records: ◝
   ▸ Successful records: ◝
   ▸ Failed records: ◝

 Status: UploadComplete
 Job Id:
 750ct00000USL0DAAX (https://fortra--mergebuild.sandbox.my.salesforce.com/lightn
 ing/setup/AsyncApiJobStatus/page?address=%2F750ct00000USL0DAAX)
 Elapsed Time: 8.60s

[2K[1A[2K[1A[2K[1A[2K[1A[2K[1A[2K[1A[2K[1A[2K[1A[2K[1A[2K[1A[2K[1A[2K[1A[2K[1A[2K[1A[2K[1A[2K[G
 ───────────────── Importing data ─────────────────

 ✔ Creating ingest job 4.37s
 ⣷ Processing the job 4.08s
   ▸ Processed records: ◝
   ▸ Successful records: ◝
   ▸ Failed records: ◝

 Status: UploadComplete
 Job Id:
 750ct00000USL0DAAX (https://fortra--mergebuild.sandbox.my.salesforce.com/lightn
 ing/setup/AsyncApiJobStatus/page?address=%2F750ct00000USL0DAAX)
 Elapsed Time: 8.63s

[2K[1A[2K[1A[2K[1A[2K[1A[2K[1A[2K[1A[2K[1A[2K[1A[2K[1A[2K[1A[2K[1A[2K[1A[2K[1A[2K[1A[2K[1A[2K[G
 ───────────────── Importing data ─────────────────

 ✔ Creating ingest job 4.37s
 ⣷ Processing the job 4.12s
   ▸ Processed records: ◝
   ▸ Successful records: ◝
   ▸ Failed records: ◝

 Status: UploadComplete
 Job Id:
 750ct00000USL0DAAX (https://fortra--mergebuild.sandbox.my.salesforce.com/lightn
 ing/setup/AsyncApiJobStatus/page?address=%2F750ct00000USL0DAAX)
 Elapsed Time: 8.66s

[2K[1A[2K[1A[2K[1A[2K[1A[2K[1A[2K[1A[2K[1A[2K[1A[2K[1A[2K[1A[2K[1A[2K[1A[2K[1A[2K[1A[2K[1A[2K[G
 ───────────────── Importing data ─────────────────

 ✔ Creating ingest job 4.37s
 ⣾ Processing the job 4.14s
   ▸ Processed records: ◞
   ▸ Successful records: ◞
   ▸ Failed records: ◞

 Status: UploadComplete
 Job Id:
 750ct00000USL0DAAX (https://fortra--mergebuild.sandbox.my.salesforce.com/lightn
 ing/setup/AsyncApiJobStatus/page?address=%2F750ct00000USL0DAAX)
 Elapsed Time: 8.68s

[2K[1A[2K[1A[2K[1A[2K[1A[2K[1A[2K[1A[2K[1A[2K[1A[2K[1A[2K[1A[2K[1A[2K[1A[2K[1A[2K[1A[2K[1A[2K[G
 ───────────────── Importing data ─────────────────

 ✔ Creating ingest job 4.37s
 ⣾ Processing the job 4.16s
   ▸ Processed records: ◞
   ▸ Successful records: ◞
   ▸ Failed records: ◞

 Status: UploadComplete
 Job Id:
 750ct00000USL0DAAX (https://fortra--mergebuild.sandbox.my.salesforce.com/lightn
 ing/setup/AsyncApiJobStatus/page?address=%2F750ct00000USL0DAAX)
 Elapsed Time: 8.71s

[2K[1A[2K[1A[2K[1A[2K[1A[2K[1A[2K[1A[2K[1A[2K[1A[2K[1A[2K[1A[2K[1A[2K[1A[2K[1A[2K[1A[2K[1A[2K[G
 ───────────────── Importing data ─────────────────

 ✔ Creating ingest job 4.37s
 ⣽ Processing the job 4.20s
   ▸ Processed records: ◞
   ▸ Successful records: ◞
   ▸ Failed records: ◞

 Status: UploadComplete
 Job Id:
 750ct00000USL0DAAX (https://fortra--mergebuild.sandbox.my.salesforce.com/lightn
 ing/setup/AsyncApiJobStatus/page?address=%2F750ct00000USL0DAAX)
 Elapsed Time: 8.74s

[2K[1A[2K[1A[2K[1A[2K[1A[2K[1A[2K[1A[2K[1A[2K[1A[2K[1A[2K[1A[2K[1A[2K[1A[2K[1A[2K[1A[2K[1A[2K[G
 ───────────────── Importing data ─────────────────

 ✔ Creating ingest job 4.37s
 ⣽ Processing the job 4.23s
   ▸ Processed records: ◡
   ▸ Successful records: ◡
   ▸ Failed records: ◞

 Status: UploadComplete
 Job Id:
 750ct00000USL0DAAX (https://fortra--mergebuild.sandbox.my.salesforce.com/lightn
 ing/setup/AsyncApiJobStatus/page?address=%2F750ct00000USL0DAAX)
 Elapsed Time: 8.77s

[2K[1A[2K[1A[2K[1A[2K[1A[2K[1A[2K[1A[2K[1A[2K[1A[2K[1A[2K[1A[2K[1A[2K[1A[2K[1A[2K[1A[2K[1A[2K[G
 ───────────────── Importing data ─────────────────

 ✔ Creating ingest job 4.37s
 ⣽ Processing the job 4.26s
   ▸ Processed records: ◡
   ▸ Successful records: ◡
   ▸ Failed records: ◡

 Status: UploadComplete
 Job Id:
 750ct00000USL0DAAX (https://fortra--mergebuild.sandbox.my.salesforce.com/lightn
 ing/setup/AsyncApiJobStatus/page?address=%2F750ct00000USL0DAAX)
 Elapsed Time: 8.80s

[2K[1A[2K[1A[2K[1A[2K[1A[2K[1A[2K[1A[2K[1A[2K[1A[2K[1A[2K[1A[2K[1A[2K[1A[2K[1A[2K[1A[2K[1A[2K[G
 ───────────────── Importing data ─────────────────

 ✔ Creating ingest job 4.37s
 ⣻ Processing the job 4.29s
   ▸ Processed records: ◡
   ▸ Successful records: ◡
   ▸ Failed records: ◡

 Status: UploadComplete
 Job Id:
 750ct00000USL0DAAX (https://fortra--mergebuild.sandbox.my.salesforce.com/lightn
 ing/setup/AsyncApiJobStatus/page?address=%2F750ct00000USL0DAAX)
 Elapsed Time: 8.84s

[2K[1A[2K[1A[2K[1A[2K[1A[2K[1A[2K[1A[2K[1A[2K[1A[2K[1A[2K[1A[2K[1A[2K[1A[2K[1A[2K[1A[2K[1A[2K[G
 ───────────────── Importing data ─────────────────

 ✔ Creating ingest job 4.37s
 ⣻ Processing the job 4.32s
   ▸ Processed records: ◟
   ▸ Successful records: ◡
   ▸ Failed records: ◡

 Status: UploadComplete
 Job Id:
 750ct00000USL0DAAX (https://fortra--mergebuild.sandbox.my.salesforce.com/lightn
 ing/setup/AsyncApiJobStatus/page?address=%2F750ct00000USL0DAAX)
 Elapsed Time: 8.86s

[2K[1A[2K[1A[2K[1A[2K[1A[2K[1A[2K[1A[2K[1A[2K[1A[2K[1A[2K[1A[2K[1A[2K[1A[2K[1A[2K[1A[2K[1A[2K[G
 ───────────────── Importing data ─────────────────

 ✔ Creating ingest job 4.37s
 ⢿ Processing the job 4.35s
   ▸ Processed records: ◟
   ▸ Successful records: ◟
   ▸ Failed records: ◟

 Status: UploadComplete
 Job Id:
 750ct00000USL0DAAX (https://fortra--mergebuild.sandbox.my.salesforce.com/lightn
 ing/setup/AsyncApiJobStatus/page?address=%2F750ct00000USL0DAAX)
 Elapsed Time: 8.89s

[2K[1A[2K[1A[2K[1A[2K[1A[2K[1A[2K[1A[2K[1A[2K[1A[2K[1A[2K[1A[2K[1A[2K[1A[2K[1A[2K[1A[2K[1A[2K[G
 ───────────────── Importing data ─────────────────

 ✔ Creating ingest job 4.37s
 ⢿ Processing the job 4.38s
   ▸ Processed records: ◟
   ▸ Successful records: ◟
   ▸ Failed records: ◟

 Status: UploadComplete
 Job Id:
 750ct00000USL0DAAX (https://fortra--mergebuild.sandbox.my.salesforce.com/lightn
 ing/setup/AsyncApiJobStatus/page?address=%2F750ct00000USL0DAAX)
 Elapsed Time: 8.92s

[2K[1A[2K[1A[2K[1A[2K[1A[2K[1A[2K[1A[2K[1A[2K[1A[2K[1A[2K[1A[2K[1A[2K[1A[2K[1A[2K[1A[2K[1A[2K[G
 ───────────────── Importing data ─────────────────

 ✔ Creating ingest job 4.37s
 ⢿ Processing the job 4.41s
   ▸ Processed records: ◟
   ▸ Successful records: ◟
   ▸ Failed records: ◟

 Status: UploadComplete
 Job Id:
 750ct00000USL0DAAX (https://fortra--mergebuild.sandbox.my.salesforce.com/lightn
 ing/setup/AsyncApiJobStatus/page?address=%2F750ct00000USL0DAAX)
 Elapsed Time: 8.95s

[2K[1A[2K[1A[2K[1A[2K[1A[2K[1A[2K[1A[2K[1A[2K[1A[2K[1A[2K[1A[2K[1A[2K[1A[2K[1A[2K[1A[2K[1A[2K[G
 ───────────────── Importing data ─────────────────

 ✔ Creating ingest job 4.37s
 ⡿ Processing the job 4.43s
   ▸ Processed records: ◜
   ▸ Successful records: ◜
   ▸ Failed records: ◜

 Status: UploadComplete
 Job Id:
 750ct00000USL0DAAX (https://fortra--mergebuild.sandbox.my.salesforce.com/lightn
 ing/setup/AsyncApiJobStatus/page?address=%2F750ct00000USL0DAAX)
 Elapsed Time: 8.98s

[2K[1A[2K[1A[2K[1A[2K[1A[2K[1A[2K[1A[2K[1A[2K[1A[2K[1A[2K[1A[2K[1A[2K[1A[2K[1A[2K[1A[2K[1A[2K[G
 ───────────────── Importing data ─────────────────

 ✔ Creating ingest job 4.37s
 ⡿ Processing the job 4.46s
   ▸ Processed records: ◜
   ▸ Successful records: ◜
   ▸ Failed records: ◜

 Status: UploadComplete
 Job Id:
 750ct00000USL0DAAX (https://fortra--mergebuild.sandbox.my.salesforce.com/lightn
 ing/setup/AsyncApiJobStatus/page?address=%2F750ct00000USL0DAAX)
 Elapsed Time: 9.01s

[2K[1A[2K[1A[2K[1A[2K[1A[2K[1A[2K[1A[2K[1A[2K[1A[2K[1A[2K[1A[2K[1A[2K[1A[2K[1A[2K[1A[2K[1A[2K[G
 ───────────────── Importing data ─────────────────

 ✔ Creating ingest job 4.37s
 ⣟ Processing the job 4.49s
   ▸ Processed records: ◜
   ▸ Successful records: ◜
   ▸ Failed records: ◜

 Status: UploadComplete
 Job Id:
 750ct00000USL0DAAX (https://fortra--mergebuild.sandbox.my.salesforce.com/lightn
 ing/setup/AsyncApiJobStatus/page?address=%2F750ct00000USL0DAAX)
 Elapsed Time: 9.03s

[2K[1A[2K[1A[2K[1A[2K[1A[2K[1A[2K[1A[2K[1A[2K[1A[2K[1A[2K[1A[2K[1A[2K[1A[2K[1A[2K[1A[2K[1A[2K[G
 ───────────────── Importing data ─────────────────

 ✔ Creating ingest job 4.37s
 ⣟ Processing the job 4.53s
   ▸ Processed records: ◠
   ▸ Successful records: ◠
   ▸ Failed records: ◠

 Status: UploadComplete
 Job Id:
 750ct00000USL0DAAX (https://fortra--mergebuild.sandbox.my.salesforce.com/lightn
 ing/setup/AsyncApiJobStatus/page?address=%2F750ct00000USL0DAAX)
 Elapsed Time: 9.06s

[2K[1A[2K[1A[2K[1A[2K[1A[2K[1A[2K[1A[2K[1A[2K[1A[2K[1A[2K[1A[2K[1A[2K[1A[2K[1A[2K[1A[2K[1A[2K[G
 ───────────────── Importing data ─────────────────

 ✔ Creating ingest job 4.37s
 ⣟ Processing the job 4.55s
   ▸ Processed records: ◠
   ▸ Successful records: ◠
   ▸ Failed records: ◠

 Status: UploadComplete
 Job Id:
 750ct00000USL0DAAX (https://fortra--mergebuild.sandbox.my.salesforce.com/lightn
 ing/setup/AsyncApiJobStatus/page?address=%2F750ct00000USL0DAAX)
 Elapsed Time: 9.09s

[2K[1A[2K[1A[2K[1A[2K[1A[2K[1A[2K[1A[2K[1A[2K[1A[2K[1A[2K[1A[2K[1A[2K[1A[2K[1A[2K[1A[2K[1A[2K[G
 ───────────────── Importing data ─────────────────

 ✔ Creating ingest job 4.37s
 ⣯ Processing the job 4.58s
   ▸ Processed records: ◠
   ▸ Successful records: ◠
   ▸ Failed records: ◠

 Status: UploadComplete
 Job Id:
 750ct00000USL0DAAX (https://fortra--mergebuild.sandbox.my.salesforce.com/lightn
 ing/setup/AsyncApiJobStatus/page?address=%2F750ct00000USL0DAAX)
 Elapsed Time: 9.13s

[2K[1A[2K[1A[2K[1A[2K[1A[2K[1A[2K[1A[2K[1A[2K[1A[2K[1A[2K[1A[2K[1A[2K[1A[2K[1A[2K[1A[2K[1A[2K[G
 ───────────────── Importing data ─────────────────

 ✔ Creating ingest job 4.37s
 ⣯ Processing the job 4.61s
   ▸ Processed records: ◝
   ▸ Successful records: ◝
   ▸ Failed records: ◝

 Status: UploadComplete
 Job Id:
 750ct00000USL0DAAX (https://fortra--mergebuild.sandbox.my.salesforce.com/lightn
 ing/setup/AsyncApiJobStatus/page?address=%2F750ct00000USL0DAAX)
 Elapsed Time: 9.16s

[2K[1A[2K[1A[2K[1A[2K[1A[2K[1A[2K[1A[2K[1A[2K[1A[2K[1A[2K[1A[2K[1A[2K[1A[2K[1A[2K[1A[2K[1A[2K[G
 ───────────────── Importing data ─────────────────

 ✔ Creating ingest job 4.37s
 ⣷ Processing the job 4.64s
   ▸ Processed records: ◝
   ▸ Successful records: ◝
   ▸ Failed records: ◝

 Status: UploadComplete
 Job Id:
 750ct00000USL0DAAX (https://fortra--mergebuild.sandbox.my.salesforce.com/lightn
 ing/setup/AsyncApiJobStatus/page?address=%2F750ct00000USL0DAAX)
 Elapsed Time: 9.19s

[2K[1A[2K[1A[2K[1A[2K[1A[2K[1A[2K[1A[2K[1A[2K[1A[2K[1A[2K[1A[2K[1A[2K[1A[2K[1A[2K[1A[2K[1A[2K[G
 ───────────────── Importing data ─────────────────

 ✔ Creating ingest job 4.37s
 ⣷ Processing the job 4.67s
   ▸ Processed records: ◝
   ▸ Successful records: ◝
   ▸ Failed records: ◝

 Status: UploadComplete
 Job Id:
 750ct00000USL0DAAX (https://fortra--mergebuild.sandbox.my.salesforce.com/lightn
 ing/setup/AsyncApiJobStatus/page?address=%2F750ct00000USL0DAAX)
 Elapsed Time: 9.22s

[2K[1A[2K[1A[2K[1A[2K[1A[2K[1A[2K[1A[2K[1A[2K[1A[2K[1A[2K[1A[2K[1A[2K[1A[2K[1A[2K[1A[2K[1A[2K[G
 ───────────────── Importing data ─────────────────

 ✔ Creating ingest job 4.37s
 ⣷ Processing the job 4.70s
   ▸ Processed records: ◞
   ▸ Successful records: ◞
   ▸ Failed records: ◞

 Status: UploadComplete
 Job Id:
 750ct00000USL0DAAX (https://fortra--mergebuild.sandbox.my.salesforce.com/lightn
 ing/setup/AsyncApiJobStatus/page?address=%2F750ct00000USL0DAAX)
 Elapsed Time: 9.25s

[2K[1A[2K[1A[2K[1A[2K[1A[2K[1A[2K[1A[2K[1A[2K[1A[2K[1A[2K[1A[2K[1A[2K[1A[2K[1A[2K[1A[2K[1A[2K[G
 ───────────────── Importing data ─────────────────

 ✔ Creating ingest job 4.37s
 ⣾ Processing the job 4.73s
   ▸ Processed records: ◞
   ▸ Successful records: ◞
   ▸ Failed records: ◞

 Status: UploadComplete
 Job Id:
 750ct00000USL0DAAX (https://fortra--mergebuild.sandbox.my.salesforce.com/lightn
 ing/setup/AsyncApiJobStatus/page?address=%2F750ct00000USL0DAAX)
 Elapsed Time: 9.28s

[2K[1A[2K[1A[2K[1A[2K[1A[2K[1A[2K[1A[2K[1A[2K[1A[2K[1A[2K[1A[2K[1A[2K[1A[2K[1A[2K[1A[2K[1A[2K[G
 ───────────────── Importing data ─────────────────

 ✔ Creating ingest job 4.37s
 ⣾ Processing the job 4.76s
   ▸ Processed records: ◞
   ▸ Successful records: ◞
   ▸ Failed records: ◞

 Status: UploadComplete
 Job Id:
 750ct00000USL0DAAX (https://fortra--mergebuild.sandbox.my.salesforce.com/lightn
 ing/setup/AsyncApiJobStatus/page?address=%2F750ct00000USL0DAAX)
 Elapsed Time: 9.31s

[2K[1A[2K[1A[2K[1A[2K[1A[2K[1A[2K[1A[2K[1A[2K[1A[2K[1A[2K[1A[2K[1A[2K[1A[2K[1A[2K[1A[2K[1A[2K[G
 ───────────────── Importing data ─────────────────

 ✔ Creating ingest job 4.37s
 ⣽ Processing the job 4.79s
   ▸ Processed records: ◡
   ▸ Successful records: ◡
   ▸ Failed records: ◡

 Status: UploadComplete
 Job Id:
 750ct00000USL0DAAX (https://fortra--mergebuild.sandbox.my.salesforce.com/lightn
 ing/setup/AsyncApiJobStatus/page?address=%2F750ct00000USL0DAAX)
 Elapsed Time: 9.34s

[2K[1A[2K[1A[2K[1A[2K[1A[2K[1A[2K[1A[2K[1A[2K[1A[2K[1A[2K[1A[2K[1A[2K[1A[2K[1A[2K[1A[2K[1A[2K[G
 ───────────────── Importing data ─────────────────

 ✔ Creating ingest job 4.37s
 ⣽ Processing the job 4.82s
   ▸ Processed records: ◡
   ▸ Successful records: ◡
   ▸ Failed records: ◡

 Status: UploadComplete
 Job Id:
 750ct00000USL0DAAX (https://fortra--mergebuild.sandbox.my.salesforce.com/lightn
 ing/setup/AsyncApiJobStatus/page?address=%2F750ct00000USL0DAAX)
 Elapsed Time: 9.37s

[2K[1A[2K[1A[2K[1A[2K[1A[2K[1A[2K[1A[2K[1A[2K[1A[2K[1A[2K[1A[2K[1A[2K[1A[2K[1A[2K[1A[2K[1A[2K[G
 ───────────────── Importing data ─────────────────

 ✔ Creating ingest job 4.37s
 ⣽ Processing the job 4.85s
   ▸ Processed records: ◡
   ▸ Successful records: ◡
   ▸ Failed records: ◡

 Status: UploadComplete
 Job Id:
 750ct00000USL0DAAX (https://fortra--mergebuild.sandbox.my.salesforce.com/lightn
 ing/setup/AsyncApiJobStatus/page?address=%2F750ct00000USL0DAAX)
 Elapsed Time: 9.40s

[2K[1A[2K[1A[2K[1A[2K[1A[2K[1A[2K[1A[2K[1A[2K[1A[2K[1A[2K[1A[2K[1A[2K[1A[2K[1A[2K[1A[2K[1A[2K[G
 ───────────────── Importing data ─────────────────

 ✔ Creating ingest job 4.37s
 ⣻ Processing the job 4.88s
   ▸ Processed records: ◟
   ▸ Successful records: ◟
   ▸ Failed records: ◟

 Status: UploadComplete
 Job Id:
 750ct00000USL0DAAX (https://fortra--mergebuild.sandbox.my.salesforce.com/lightn
 ing/setup/AsyncApiJobStatus/page?address=%2F750ct00000USL0DAAX)
 Elapsed Time: 9.43s

[2K[1A[2K[1A[2K[1A[2K[1A[2K[1A[2K[1A[2K[1A[2K[1A[2K[1A[2K[1A[2K[1A[2K[1A[2K[1A[2K[1A[2K[1A[2K[G
 ───────────────── Importing data ─────────────────

 ✔ Creating ingest job 4.37s
 ⣻ Processing the job 4.91s
   ▸ Processed records: ◟
   ▸ Successful records: ◟
   ▸ Failed records: ◟

 Status: UploadComplete
 Job Id:
 750ct00000USL0DAAX (https://fortra--mergebuild.sandbox.my.salesforce.com/lightn
 ing/setup/AsyncApiJobStatus/page?address=%2F750ct00000USL0DAAX)
 Elapsed Time: 9.46s

[2K[1A[2K[1A[2K[1A[2K[1A[2K[1A[2K[1A[2K[1A[2K[1A[2K[1A[2K[1A[2K[1A[2K[1A[2K[1A[2K[1A[2K[1A[2K[G
 ───────────────── Importing data ─────────────────

 ✔ Creating ingest job 4.37s
 ⢿ Processing the job 4.94s
   ▸ Processed records: ◟
   ▸ Successful records: ◟
   ▸ Failed records: ◟

 Status: UploadComplete
 Job Id:
 750ct00000USL0DAAX (https://fortra--mergebuild.sandbox.my.salesforce.com/lightn
 ing/setup/AsyncApiJobStatus/page?address=%2F750ct00000USL0DAAX)
 Elapsed Time: 9.49s

[2K[1A[2K[1A[2K[1A[2K[1A[2K[1A[2K[1A[2K[1A[2K[1A[2K[1A[2K[1A[2K[1A[2K[1A[2K[1A[2K[1A[2K[1A[2K[G
 ───────────────── Importing data ─────────────────

 ✔ Creating ingest job 4.37s
 ⢿ Processing the job 4.97s
   ▸ Processed records: ◜
   ▸ Successful records: ◜
   ▸ Failed records: ◟

 Status: UploadComplete
 Job Id:
 750ct00000USL0DAAX (https://fortra--mergebuild.sandbox.my.salesforce.com/lightn
 ing/setup/AsyncApiJobStatus/page?address=%2F750ct00000USL0DAAX)
 Elapsed Time: 9.52s

[2K[1A[2K[1A[2K[1A[2K[1A[2K[1A[2K[1A[2K[1A[2K[1A[2K[1A[2K[1A[2K[1A[2K[1A[2K[1A[2K[1A[2K[1A[2K[G
 ───────────────── Importing data ─────────────────

 ✔ Creating ingest job 4.37s
 ⢿ Processing the job 5.00s
   ▸ Processed records: ◜
   ▸ Successful records: ◜
   ▸ Failed records: ◜

 Status: UploadComplete
 Job Id:
 750ct00000USL0DAAX (https://fortra--mergebuild.sandbox.my.salesforce.com/lightn
 ing/setup/AsyncApiJobStatus/page?address=%2F750ct00000USL0DAAX)
 Elapsed Time: 9.55s

[2K[1A[2K[1A[2K[1A[2K[1A[2K[1A[2K[1A[2K[1A[2K[1A[2K[1A[2K[1A[2K[1A[2K[1A[2K[1A[2K[1A[2K[1A[2K[G
 ───────────────── Importing data ─────────────────

 ✔ Creating ingest job 4.37s
 ⡿ Processing the job 5.03s
   ▸ Processed records: ◜
   ▸ Successful records: ◜
   ▸ Failed records: ◜

 Status: UploadComplete
 Job Id:
 750ct00000USL0DAAX (https://fortra--mergebuild.sandbox.my.salesforce.com/lightn
 ing/setup/AsyncApiJobStatus/page?address=%2F750ct00000USL0DAAX)
 Elapsed Time: 9.58s

[2K[1A[2K[1A[2K[1A[2K[1A[2K[1A[2K[1A[2K[1A[2K[1A[2K[1A[2K[1A[2K[1A[2K[1A[2K[1A[2K[1A[2K[1A[2K[G
 ───────────────── Importing data ─────────────────

 ✔ Creating ingest job 4.37s
 ⡿ Processing the job 5.06s
   ▸ Processed records: ◠
   ▸ Successful records: ◠
   ▸ Failed records: ◜

 Status: UploadComplete
 Job Id:
 750ct00000USL0DAAX (https://fortra--mergebuild.sandbox.my.salesforce.com/lightn
 ing/setup/AsyncApiJobStatus/page?address=%2F750ct00000USL0DAAX)
 Elapsed Time: 9.60s

[2K[1A[2K[1A[2K[1A[2K[1A[2K[1A[2K[1A[2K[1A[2K[1A[2K[1A[2K[1A[2K[1A[2K[1A[2K[1A[2K[1A[2K[1A[2K[G
 ───────────────── Importing data ─────────────────

 ✔ Creating ingest job 4.37s
 ⣟ Processing the job 5.10s
   ▸ Processed records: ◠
   ▸ Successful records: ◠
   ▸ Failed records: ◠

 Status: UploadComplete
 Job Id:
 750ct00000USL0DAAX (https://fortra--mergebuild.sandbox.my.salesforce.com/lightn
 ing/setup/AsyncApiJobStatus/page?address=%2F750ct00000USL0DAAX)
 Elapsed Time: 9.63s

[2K[1A[2K[1A[2K[1A[2K[1A[2K[1A[2K[1A[2K[1A[2K[1A[2K[1A[2K[1A[2K[1A[2K[1A[2K[1A[2K[1A[2K[1A[2K[G
 ───────────────── Importing data ─────────────────

 ✔ Creating ingest job 4.37s
 ⣟ Processing the job 5.12s
   ▸ Processed records: ◠
   ▸ Successful records: ◠
   ▸ Failed records: ◠

 Status: UploadComplete
 Job Id:
 750ct00000USL0DAAX (https://fortra--mergebuild.sandbox.my.salesforce.com/lightn
 ing/setup/AsyncApiJobStatus/page?address=%2F750ct00000USL0DAAX)
 Elapsed Time: 9.66s

[2K[1A[2K[1A[2K[1A[2K[1A[2K[1A[2K[1A[2K[1A[2K[1A[2K[1A[2K[1A[2K[1A[2K[1A[2K[1A[2K[1A[2K[1A[2K[G
 ───────────────── Importing data ─────────────────

 ✔ Creating ingest job 4.37s
 ⣟ Processing the job 5.15s
   ▸ Processed records: ◠
   ▸ Successful records: ◠
   ▸ Failed records: ◠

 Status: UploadComplete
 Job Id:
 750ct00000USL0DAAX (https://fortra--mergebuild.sandbox.my.salesforce.com/lightn
 ing/setup/AsyncApiJobStatus/page?address=%2F750ct00000USL0DAAX)
 Elapsed Time: 9.69s

[2K[1A[2K[1A[2K[1A[2K[1A[2K[1A[2K[1A[2K[1A[2K[1A[2K[1A[2K[1A[2K[1A[2K[1A[2K[1A[2K[1A[2K[1A[2K[G
 ───────────────── Importing data ─────────────────

 ✔ Creating ingest job 4.37s
 ⣯ Processing the job 5.18s
   ▸ Processed records: ◝
   ▸ Successful records: ◝
   ▸ Failed records: ◝

 Status: UploadComplete
 Job Id:
 750ct00000USL0DAAX (https://fortra--mergebuild.sandbox.my.salesforce.com/lightn
 ing/setup/AsyncApiJobStatus/page?address=%2F750ct00000USL0DAAX)
 Elapsed Time: 9.72s

[2K[1A[2K[1A[2K[1A[2K[1A[2K[1A[2K[1A[2K[1A[2K[1A[2K[1A[2K[1A[2K[1A[2K[1A[2K[1A[2K[1A[2K[1A[2K[G
 ───────────────── Importing data ─────────────────

 ✔ Creating ingest job 4.37s
 ⣯ Processing the job 5.21s
   ▸ Processed records: ◝
   ▸ Successful records: ◝
   ▸ Failed records: ◝

 Status: UploadComplete
 Job Id:
 750ct00000USL0DAAX (https://fortra--mergebuild.sandbox.my.salesforce.com/lightn
 ing/setup/AsyncApiJobStatus/page?address=%2F750ct00000USL0DAAX)
 Elapsed Time: 9.75s

[2K[1A[2K[1A[2K[1A[2K[1A[2K[1A[2K[1A[2K[1A[2K[1A[2K[1A[2K[1A[2K[1A[2K[1A[2K[1A[2K[1A[2K[1A[2K[G
 ───────────────── Importing data ─────────────────

 ✔ Creating ingest job 4.37s
 ⣷ Processing the job 5.24s
   ▸ Processed records: ◝
   ▸ Successful records: ◝
   ▸ Failed records: ◝

 Status: UploadComplete
 Job Id:
 750ct00000USL0DAAX (https://fortra--mergebuild.sandbox.my.salesforce.com/lightn
 ing/setup/AsyncApiJobStatus/page?address=%2F750ct00000USL0DAAX)
 Elapsed Time: 9.78s

[2K[1A[2K[1A[2K[1A[2K[1A[2K[1A[2K[1A[2K[1A[2K[1A[2K[1A[2K[1A[2K[1A[2K[1A[2K[1A[2K[1A[2K[1A[2K[G
 ───────────────── Importing data ─────────────────

 ✔ Creating ingest job 4.37s
 ⣷ Processing the job 5.27s
   ▸ Processed records: ◞
   ▸ Successful records: ◞
   ▸ Failed records: ◞

 Status: UploadComplete
 Job Id:
 750ct00000USL0DAAX (https://fortra--mergebuild.sandbox.my.salesforce.com/lightn
 ing/setup/AsyncApiJobStatus/page?address=%2F750ct00000USL0DAAX)
 Elapsed Time: 9.81s

[2K[1A[2K[1A[2K[1A[2K[1A[2K[1A[2K[1A[2K[1A[2K[1A[2K[1A[2K[1A[2K[1A[2K[1A[2K[1A[2K[1A[2K[1A[2K[G
 ───────────────── Importing data ─────────────────

 ✔ Creating ingest job 4.37s
 ⣷ Processing the job 5.30s
   ▸ Processed records: ◞
   ▸ Successful records: ◞
   ▸ Failed records: ◞

 Status: UploadComplete
 Job Id:
 750ct00000USL0DAAX (https://fortra--mergebuild.sandbox.my.salesforce.com/lightn
 ing/setup/AsyncApiJobStatus/page?address=%2F750ct00000USL0DAAX)
 Elapsed Time: 9.83s

[2K[1A[2K[1A[2K[1A[2K[1A[2K[1A[2K[1A[2K[1A[2K[1A[2K[1A[2K[1A[2K[1A[2K[1A[2K[1A[2K[1A[2K[1A[2K[G
 ───────────────── Importing data ─────────────────

 ✔ Creating ingest job 4.37s
 ⣾ Processing the job 5.33s
   ▸ Processed records: ◞
   ▸ Successful records: ◞
   ▸ Failed records: ◞

 Status: UploadComplete
 Job Id:
 750ct00000USL0DAAX (https://fortra--mergebuild.sandbox.my.salesforce.com/lightn
 ing/setup/AsyncApiJobStatus/page?address=%2F750ct00000USL0DAAX)
 Elapsed Time: 9.86s

[2K[1A[2K[1A[2K[1A[2K[1A[2K[1A[2K[1A[2K[1A[2K[1A[2K[1A[2K[1A[2K[1A[2K[1A[2K[1A[2K[1A[2K[1A[2K[G
 ───────────────── Importing data ─────────────────

 ✔ Creating ingest job 4.37s
 ⣾ Processing the job 5.36s
   ▸ Processed records: ◡
   ▸ Successful records: ◡
   ▸ Failed records: ◡

 Status: UploadComplete
 Job Id:
 750ct00000USL0DAAX (https://fortra--mergebuild.sandbox.my.salesforce.com/lightn
 ing/setup/AsyncApiJobStatus/page?address=%2F750ct00000USL0DAAX)
 Elapsed Time: 9.89s

[2K[1A[2K[1A[2K[1A[2K[1A[2K[1A[2K[1A[2K[1A[2K[1A[2K[1A[2K[1A[2K[1A[2K[1A[2K[1A[2K[1A[2K[1A[2K[G
 ───────────────── Importing data ─────────────────

 ✔ Creating ingest job 4.37s
 ⣽ Processing the job 5.39s
   ▸ Processed records: ◡
   ▸ Successful records: ◡
   ▸ Failed records: ◡

 Status: UploadComplete
 Job Id:
 750ct00000USL0DAAX (https://fortra--mergebuild.sandbox.my.salesforce.com/lightn
 ing/setup/AsyncApiJobStatus/page?address=%2F750ct00000USL0DAAX)
 Elapsed Time: 9.92s

[2K[1A[2K[1A[2K[1A[2K[1A[2K[1A[2K[1A[2K[1A[2K[1A[2K[1A[2K[1A[2K[1A[2K[1A[2K[1A[2K[1A[2K[1A[2K[G
 ───────────────── Importing data ─────────────────

 ✔ Creating ingest job 4.37s
 ⣽ Processing the job 5.43s
   ▸ Processed records: ◡
   ▸ Successful records: ◡
   ▸ Failed records: ◡

 Status: UploadComplete
 Job Id:
 750ct00000USL0DAAX (https://fortra--mergebuild.sandbox.my.salesforce.com/lightn
 ing/setup/AsyncApiJobStatus/page?address=%2F750ct00000USL0DAAX)
 Elapsed Time: 9.95s

[2K[1A[2K[1A[2K[1A[2K[1A[2K[1A[2K[1A[2K[1A[2K[1A[2K[1A[2K[1A[2K[1A[2K[1A[2K[1A[2K[1A[2K[1A[2K[G
 ───────────────── Importing data ─────────────────

 ✔ Creating ingest job 4.37s
 ⣽ Processing the job 5.45s
   ▸ Processed records: ◟
   ▸ Successful records: ◟
   ▸ Failed records: ◟

 Status: UploadComplete
 Job Id:
 750ct00000USL0DAAX (https://fortra--mergebuild.sandbox.my.salesforce.com/lightn
 ing/setup/AsyncApiJobStatus/page?address=%2F750ct00000USL0DAAX)
 Elapsed Time: 9.98s

[2K[1A[2K[1A[2K[1A[2K[1A[2K[1A[2K[1A[2K[1A[2K[1A[2K[1A[2K[1A[2K[1A[2K[1A[2K[1A[2K[1A[2K[1A[2K[G
 ───────────────── Importing data ─────────────────

 ✔ Creating ingest job 4.37s
 ⣻ Processing the job 5.48s
   ▸ Processed records: ◟
   ▸ Successful records: ◟
   ▸ Failed records: ◟

 Status: UploadComplete
 Job Id:
 750ct00000USL0DAAX (https://fortra--mergebuild.sandbox.my.salesforce.com/lightn
 ing/setup/AsyncApiJobStatus/page?address=%2F750ct00000USL0DAAX)
 Elapsed Time: 10.01s

[2K[1A[2K[1A[2K[1A[2K[1A[2K[1A[2K[1A[2K[1A[2K[1A[2K[1A[2K[1A[2K[1A[2K[1A[2K[1A[2K[1A[2K[1A[2K[G
 ───────────────── Importing data ─────────────────

 ✔ Creating ingest job 4.37s
 ⣻ Processing the job 5.51s
   ▸ Processed records: ◟
   ▸ Successful records: ◟
   ▸ Failed records: ◟

 Status: UploadComplete
 Job Id:
 750ct00000USL0DAAX (https://fortra--mergebuild.sandbox.my.salesforce.com/lightn
 ing/setup/AsyncApiJobStatus/page?address=%2F750ct00000USL0DAAX)
 Elapsed Time: 10.04s

[2K[1A[2K[1A[2K[1A[2K[1A[2K[1A[2K[1A[2K[1A[2K[1A[2K[1A[2K[1A[2K[1A[2K[1A[2K[1A[2K[1A[2K[1A[2K[G
 ───────────────── Importing data ─────────────────

 ✔ Creating ingest job 4.37s
 ⢿ Processing the job 5.53s
   ▸ Processed records: ◜
   ▸ Successful records: ◜
   ▸ Failed records: ◜

 Status: UploadComplete
 Job Id:
 750ct00000USL0DAAX (https://fortra--mergebuild.sandbox.my.salesforce.com/lightn
 ing/setup/AsyncApiJobStatus/page?address=%2F750ct00000USL0DAAX)
 Elapsed Time: 10.07s

[2K[1A[2K[1A[2K[1A[2K[1A[2K[1A[2K[1A[2K[1A[2K[1A[2K[1A[2K[1A[2K[1A[2K[1A[2K[1A[2K[1A[2K[1A[2K[G
 ───────────────── Importing data ─────────────────

 ✔ Creating ingest job 4.37s
 ⢿ Processing the job 5.57s
   ▸ Processed records: ◜
   ▸ Successful records: ◜
   ▸ Failed records: ◜

 Status: UploadComplete
 Job Id:
 750ct00000USL0DAAX (https://fortra--mergebuild.sandbox.my.salesforce.com/lightn
 ing/setup/AsyncApiJobStatus/page?address=%2F750ct00000USL0DAAX)
 Elapsed Time: 10.10s

[2K[1A[2K[1A[2K[1A[2K[1A[2K[1A[2K[1A[2K[1A[2K[1A[2K[1A[2K[1A[2K[1A[2K[1A[2K[1A[2K[1A[2K[1A[2K[G
 ───────────────── Importing data ─────────────────

 ✔ Creating ingest job 4.37s
 ⢿ Processing the job 5.59s
   ▸ Processed records: ◜
   ▸ Successful records: ◜
   ▸ Failed records: ◜

 Status: UploadComplete
 Job Id:
 750ct00000USL0DAAX (https://fortra--mergebuild.sandbox.my.salesforce.com/lightn
 ing/setup/AsyncApiJobStatus/page?address=%2F750ct00000USL0DAAX)
 Elapsed Time: 10.13s

[2K[1A[2K[1A[2K[1A[2K[1A[2K[1A[2K[1A[2K[1A[2K[1A[2K[1A[2K[1A[2K[1A[2K[1A[2K[1A[2K[1A[2K[1A[2K[G
 ───────────────── Importing data ─────────────────

 ✔ Creating ingest job 4.37s
 ⡿ Processing the job 5.62s
   ▸ Processed records: ◠
   ▸ Successful records: ◠
   ▸ Failed records: ◜

 Status: UploadComplete
 Job Id:
 750ct00000USL0DAAX (https://fortra--mergebuild.sandbox.my.salesforce.com/lightn
 ing/setup/AsyncApiJobStatus/page?address=%2F750ct00000USL0DAAX)
 Elapsed Time: 10.17s

[2K[1A[2K[1A[2K[1A[2K[1A[2K[1A[2K[1A[2K[1A[2K[1A[2K[1A[2K[1A[2K[1A[2K[1A[2K[1A[2K[1A[2K[1A[2K[G
 ───────────────── Importing data ─────────────────

 ✔ Creating ingest job 4.37s
 ⡿ Processing the job 5.65s
   ▸ Processed records: ◠
   ▸ Successful records: ◠
   ▸ Failed records: ◠

 Status: UploadComplete
 Job Id:
 750ct00000USL0DAAX (https://fortra--mergebuild.sandbox.my.salesforce.com/lightn
 ing/setup/AsyncApiJobStatus/page?address=%2F750ct00000USL0DAAX)
 Elapsed Time: 10.19s

[2K[1A[2K[1A[2K[1A[2K[1A[2K[1A[2K[1A[2K[1A[2K[1A[2K[1A[2K[1A[2K[1A[2K[1A[2K[1A[2K[1A[2K[1A[2K[G
 ───────────────── Importing data ─────────────────

 ✔ Creating ingest job 4.37s
 ⣟ Processing the job 5.68s
   ▸ Processed records: ◠
   ▸ Successful records: ◠
   ▸ Failed records: ◠

 Status: UploadComplete
 Job Id:
 750ct00000USL0DAAX (https://fortra--mergebuild.sandbox.my.salesforce.com/lightn
 ing/setup/AsyncApiJobStatus/page?address=%2F750ct00000USL0DAAX)
 Elapsed Time: 10.22s

[2K[1A[2K[1A[2K[1A[2K[1A[2K[1A[2K[1A[2K[1A[2K[1A[2K[1A[2K[1A[2K[1A[2K[1A[2K[1A[2K[1A[2K[1A[2K[G
 ───────────────── Importing data ─────────────────

 ✔ Creating ingest job 4.37s
 ⣟ Processing the job 5.71s
   ▸ Processed records: ◝
   ▸ Successful records: ◝
   ▸ Failed records: ◠

 Status: UploadComplete
 Job Id:
 750ct00000USL0DAAX (https://fortra--mergebuild.sandbox.my.salesforce.com/lightn
 ing/setup/AsyncApiJobStatus/page?address=%2F750ct00000USL0DAAX)
 Elapsed Time: 10.25s

[2K[1A[2K[1A[2K[1A[2K[1A[2K[1A[2K[1A[2K[1A[2K[1A[2K[1A[2K[1A[2K[1A[2K[1A[2K[1A[2K[1A[2K[1A[2K[G
 ───────────────── Importing data ─────────────────

 ✔ Creating ingest job 4.37s
 ⣟ Processing the job 5.73s
   ▸ Processed records: ◝
   ▸ Successful records: ◝
   ▸ Failed records: ◝

 Status: UploadComplete
 Job Id:
 750ct00000USL0DAAX (https://fortra--mergebuild.sandbox.my.salesforce.com/lightn
 ing/setup/AsyncApiJobStatus/page?address=%2F750ct00000USL0DAAX)
 Elapsed Time: 10.28s

[2K[1A[2K[1A[2K[1A[2K[1A[2K[1A[2K[1A[2K[1A[2K[1A[2K[1A[2K[1A[2K[1A[2K[1A[2K[1A[2K[1A[2K[1A[2K[G
 ───────────────── Importing data ─────────────────

 ✔ Creating ingest job 4.37s
 ⣯ Processing the job 5.76s
   ▸ Processed records: ◝
   ▸ Successful records: ◝
   ▸ Failed records: ◝

 Status: UploadComplete
 Job Id:
 750ct00000USL0DAAX (https://fortra--mergebuild.sandbox.my.salesforce.com/lightn
 ing/setup/AsyncApiJobStatus/page?address=%2F750ct00000USL0DAAX)
 Elapsed Time: 10.31s

[2K[1A[2K[1A[2K[1A[2K[1A[2K[1A[2K[1A[2K[1A[2K[1A[2K[1A[2K[1A[2K[1A[2K[1A[2K[1A[2K[1A[2K[1A[2K[G
 ───────────────── Importing data ─────────────────

 ✔ Creating ingest job 4.37s
 ⣯ Processing the job 5.79s
   ▸ Processed records: ◞
   ▸ Successful records: ◝
   ▸ Failed records: ◝

 Status: UploadComplete
 Job Id:
 750ct00000USL0DAAX (https://fortra--mergebuild.sandbox.my.salesforce.com/lightn
 ing/setup/AsyncApiJobStatus/page?address=%2F750ct00000USL0DAAX)
 Elapsed Time: 10.34s

[2K[1A[2K[1A[2K[1A[2K[1A[2K[1A[2K[1A[2K[1A[2K[1A[2K[1A[2K[1A[2K[1A[2K[1A[2K[1A[2K[1A[2K[1A[2K[G
 ───────────────── Importing data ─────────────────

 ✔ Creating ingest job 4.37s
 ⣷ Processing the job 5.82s
   ▸ Processed records: ◞
   ▸ Successful records: ◞
   ▸ Failed records: ◞

 Status: UploadComplete
 Job Id:
 750ct00000USL0DAAX (https://fortra--mergebuild.sandbox.my.salesforce.com/lightn
 ing/setup/AsyncApiJobStatus/page?address=%2F750ct00000USL0DAAX)
 Elapsed Time: 10.38s

[2K[1A[2K[1A[2K[1A[2K[1A[2K[1A[2K[1A[2K[1A[2K[1A[2K[1A[2K[1A[2K[1A[2K[1A[2K[1A[2K[1A[2K[1A[2K[G
 ───────────────── Importing data ─────────────────

 ✔ Creating ingest job 4.37s
 ⣷ Processing the job 5.85s
   ▸ Processed records: ◞
   ▸ Successful records: ◞
   ▸ Failed records: ◞

 Status: UploadComplete
 Job Id:
 750ct00000USL0DAAX (https://fortra--mergebuild.sandbox.my.salesforce.com/lightn
 ing/setup/AsyncApiJobStatus/page?address=%2F750ct00000USL0DAAX)
 Elapsed Time: 10.40s

[2K[1A[2K[1A[2K[1A[2K[1A[2K[1A[2K[1A[2K[1A[2K[1A[2K[1A[2K[1A[2K[1A[2K[1A[2K[1A[2K[1A[2K[1A[2K[G
 ───────────────── Importing data ─────────────────

 ✔ Creating ingest job 4.37s
 ⣷ Processing the job 5.89s
   ▸ Processed records: ◞
   ▸ Successful records: ◞
   ▸ Failed records: ◞

 Status: UploadComplete
 Job Id:
 750ct00000USL0DAAX (https://fortra--mergebuild.sandbox.my.salesforce.com/lightn
 ing/setup/AsyncApiJobStatus/page?address=%2F750ct00000USL0DAAX)
 Elapsed Time: 10.43s

[2K[1A[2K[1A[2K[1A[2K[1A[2K[1A[2K[1A[2K[1A[2K[1A[2K[1A[2K[1A[2K[1A[2K[1A[2K[1A[2K[1A[2K[1A[2K[G
 ───────────────── Importing data ─────────────────

 ✔ Creating ingest job 4.37s
 ⣾ Processing the job 5.91s
   ▸ Processed records: ◡
   ▸ Successful records: ◡
   ▸ Failed records: ◡

 Status: UploadComplete
 Job Id:
 750ct00000USL0DAAX (https://fortra--mergebuild.sandbox.my.salesforce.com/lightn
 ing/setup/AsyncApiJobStatus/page?address=%2F750ct00000USL0DAAX)
 Elapsed Time: 10.47s

[2K[1A[2K[1A[2K[1A[2K[1A[2K[1A[2K[1A[2K[1A[2K[1A[2K[1A[2K[1A[2K[1A[2K[1A[2K[1A[2K[1A[2K[1A[2K[G
 ───────────────── Importing data ─────────────────

 ✔ Creating ingest job 4.37s
 ⣾ Processing the job 5.95s
   ▸ Processed records: ◡
   ▸ Successful records: ◡
   ▸ Failed records: ◡

 Status: UploadComplete
 Job Id:
 750ct00000USL0DAAX (https://fortra--mergebuild.sandbox.my.salesforce.com/lightn
 ing/setup/AsyncApiJobStatus/page?address=%2F750ct00000USL0DAAX)
 Elapsed Time: 10.50s

[2K[1A[2K[1A[2K[1A[2K[1A[2K[1A[2K[1A[2K[1A[2K[1A[2K[1A[2K[1A[2K[1A[2K[1A[2K[1A[2K[1A[2K[1A[2K[G
 ───────────────── Importing data ─────────────────

 ✔ Creating ingest job 4.37s
 ⣽ Processing the job 5.98s
   ▸ Processed records: ◡
   ▸ Successful records: ◡
   ▸ Failed records: ◡

 Status: UploadComplete
 Job Id:
 750ct00000USL0DAAX (https://fortra--mergebuild.sandbox.my.salesforce.com/lightn
 ing/setup/AsyncApiJobStatus/page?address=%2F750ct00000USL0DAAX)
 Elapsed Time: 10.53s

[2K[1A[2K[1A[2K[1A[2K[1A[2K[1A[2K[1A[2K[1A[2K[1A[2K[1A[2K[1A[2K[1A[2K[1A[2K[1A[2K[1A[2K[1A[2K[G
 ───────────────── Importing data ─────────────────

 ✔ Creating ingest job 4.37s
 ⣽ Processing the job 6.01s
   ▸ Processed records: ◟
   ▸ Successful records: ◟
   ▸ Failed records: ◟

 Status: UploadComplete
 Job Id:
 750ct00000USL0DAAX (https://fortra--mergebuild.sandbox.my.salesforce.com/lightn
 ing/setup/AsyncApiJobStatus/page?address=%2F750ct00000USL0DAAX)
 Elapsed Time: 10.56s

[2K[1A[2K[1A[2K[1A[2K[1A[2K[1A[2K[1A[2K[1A[2K[1A[2K[1A[2K[1A[2K[1A[2K[1A[2K[1A[2K[1A[2K[1A[2K[G
 ───────────────── Importing data ─────────────────

 ✔ Creating ingest job 4.37s
 ⣽ Processing the job 6.04s
   ▸ Processed records: ◟
   ▸ Successful records: ◟
   ▸ Failed records: ◟

 Status: UploadComplete
 Job Id:
 750ct00000USL0DAAX (https://fortra--mergebuild.sandbox.my.salesforce.com/lightn
 ing/setup/AsyncApiJobStatus/page?address=%2F750ct00000USL0DAAX)
 Elapsed Time: 10.58s

[2K[1A[2K[1A[2K[1A[2K[1A[2K[1A[2K[1A[2K[1A[2K[1A[2K[1A[2K[1A[2K[1A[2K[1A[2K[1A[2K[1A[2K[1A[2K[G
 ───────────────── Importing data ─────────────────

 ✔ Creating ingest job 4.37s
 ⣻ Processing the job 6.07s
   ▸ Processed records: ◟
   ▸ Successful records: ◟
   ▸ Failed records: ◟

 Status: UploadComplete
 Job Id:
 750ct00000USL0DAAX (https://fortra--mergebuild.sandbox.my.salesforce.com/lightn
 ing/setup/AsyncApiJobStatus/page?address=%2F750ct00000USL0DAAX)
 Elapsed Time: 10.61s

[2K[1A[2K[1A[2K[1A[2K[1A[2K[1A[2K[1A[2K[1A[2K[1A[2K[1A[2K[1A[2K[1A[2K[1A[2K[1A[2K[1A[2K[1A[2K[G
 ───────────────── Importing data ─────────────────

 ✔ Creating ingest job 4.37s
 ⣻ Processing the job 6.10s
   ▸ Processed records: ◜
   ▸ Successful records: ◜
   ▸ Failed records: ◜

 Status: UploadComplete
 Job Id:
 750ct00000USL0DAAX (https://fortra--mergebuild.sandbox.my.salesforce.com/lightn
 ing/setup/AsyncApiJobStatus/page?address=%2F750ct00000USL0DAAX)
 Elapsed Time: 10.65s

[2K[1A[2K[1A[2K[1A[2K[1A[2K[1A[2K[1A[2K[1A[2K[1A[2K[1A[2K[1A[2K[1A[2K[1A[2K[1A[2K[1A[2K[1A[2K[G
 ───────────────── Importing data ─────────────────

 ✔ Creating ingest job 4.37s
 ⢿ Processing the job 6.13s
   ▸ Processed records: ◜
   ▸ Successful records: ◜
   ▸ Failed records: ◜

 Status: UploadComplete
 Job Id:
 750ct00000USL0DAAX (https://fortra--mergebuild.sandbox.my.salesforce.com/lightn
 ing/setup/AsyncApiJobStatus/page?address=%2F750ct00000USL0DAAX)
 Elapsed Time: 10.68s

[2K[1A[2K[1A[2K[1A[2K[1A[2K[1A[2K[1A[2K[1A[2K[1A[2K[1A[2K[1A[2K[1A[2K[1A[2K[1A[2K[1A[2K[1A[2K[G
 ───────────────── Importing data ─────────────────

 ✔ Creating ingest job 4.37s
 ⢿ Processing the job 6.16s
   ▸ Processed records: ◜
   ▸ Successful records: ◜
   ▸ Failed records: ◜

 Status: UploadComplete
 Job Id:
 750ct00000USL0DAAX (https://fortra--mergebuild.sandbox.my.salesforce.com/lightn
 ing/setup/AsyncApiJobStatus/page?address=%2F750ct00000USL0DAAX)
 Elapsed Time: 10.71s

[2K[1A[2K[1A[2K[1A[2K[1A[2K[1A[2K[1A[2K[1A[2K[1A[2K[1A[2K[1A[2K[1A[2K[1A[2K[1A[2K[1A[2K[1A[2K[G
 ───────────────── Importing data ─────────────────

 ✔ Creating ingest job 4.37s
 ⢿ Processing the job 6.19s
   ▸ Processed records: ◠
   ▸ Successful records: ◠
   ▸ Failed records: ◠

 Status: UploadComplete
 Job Id:
 750ct00000USL0DAAX (https://fortra--mergebuild.sandbox.my.salesforce.com/lightn
 ing/setup/AsyncApiJobStatus/page?address=%2F750ct00000USL0DAAX)
 Elapsed Time: 10.74s

[2K[1A[2K[1A[2K[1A[2K[1A[2K[1A[2K[1A[2K[1A[2K[1A[2K[1A[2K[1A[2K[1A[2K[1A[2K[1A[2K[1A[2K[1A[2K[G
 ───────────────── Importing data ─────────────────

 ✔ Creating ingest job 4.37s
 ⡿ Processing the job 6.22s
   ▸ Processed records: ◠
   ▸ Successful records: ◠
   ▸ Failed records: ◠

 Status: UploadComplete
 Job Id:
 750ct00000USL0DAAX (https://fortra--mergebuild.sandbox.my.salesforce.com/lightn
 ing/setup/AsyncApiJobStatus/page?address=%2F750ct00000USL0DAAX)
 Elapsed Time: 10.76s

[2K[1A[2K[1A[2K[1A[2K[1A[2K[1A[2K[1A[2K[1A[2K[1A[2K[1A[2K[1A[2K[1A[2K[1A[2K[1A[2K[1A[2K[1A[2K[G
 ───────────────── Importing data ─────────────────

 ✔ Creating ingest job 4.37s
 ⡿ Processing the job 6.25s
   ▸ Processed records: ◠
   ▸ Successful records: ◠
   ▸ Failed records: ◠

 Status: UploadComplete
 Job Id:
 750ct00000USL0DAAX (https://fortra--mergebuild.sandbox.my.salesforce.com/lightn
 ing/setup/AsyncApiJobStatus/page?address=%2F750ct00000USL0DAAX)
 Elapsed Time: 10.79s

[2K[1A[2K[1A[2K[1A[2K[1A[2K[1A[2K[1A[2K[1A[2K[1A[2K[1A[2K[1A[2K[1A[2K[1A[2K[1A[2K[1A[2K[1A[2K[G
 ───────────────── Importing data ─────────────────

 ✔ Creating ingest job 4.37s
 ⣟ Processing the job 6.28s
   ▸ Processed records: ◝
   ▸ Successful records: ◝
   ▸ Failed records: ◝

 Status: UploadComplete
 Job Id:
 750ct00000USL0DAAX (https://fortra--mergebuild.sandbox.my.salesforce.com/lightn
 ing/setup/AsyncApiJobStatus/page?address=%2F750ct00000USL0DAAX)
 Elapsed Time: 10.82s

[2K[1A[2K[1A[2K[1A[2K[1A[2K[1A[2K[1A[2K[1A[2K[1A[2K[1A[2K[1A[2K[1A[2K[1A[2K[1A[2K[1A[2K[1A[2K[G
 ───────────────── Importing data ─────────────────

 ✔ Creating ingest job 4.37s
 ⣟ Processing the job 6.31s
   ▸ Processed records: ◝
   ▸ Successful records: ◝
   ▸ Failed records: ◝

 Status: UploadComplete
 Job Id:
 750ct00000USL0DAAX (https://fortra--mergebuild.sandbox.my.salesforce.com/lightn
 ing/setup/AsyncApiJobStatus/page?address=%2F750ct00000USL0DAAX)
 Elapsed Time: 10.85s

[2K[1A[2K[1A[2K[1A[2K[1A[2K[1A[2K[1A[2K[1A[2K[1A[2K[1A[2K[1A[2K[1A[2K[1A[2K[1A[2K[1A[2K[1A[2K[G
 ───────────────── Importing data ─────────────────

 ✔ Creating ingest job 4.37s
 ⣟ Processing the job 6.33s
   ▸ Processed records: ◝
   ▸ Successful records: ◝
   ▸ Failed records: ◝

 Status: UploadComplete
 Job Id:
 750ct00000USL0DAAX (https://fortra--mergebuild.sandbox.my.salesforce.com/lightn
 ing/setup/AsyncApiJobStatus/page?address=%2F750ct00000USL0DAAX)
 Elapsed Time: 10.88s

[2K[1A[2K[1A[2K[1A[2K[1A[2K[1A[2K[1A[2K[1A[2K[1A[2K[1A[2K[1A[2K[1A[2K[1A[2K[1A[2K[1A[2K[1A[2K[G
 ───────────────── Importing data ─────────────────

 ✔ Creating ingest job 4.37s
 ⣯ Processing the job 6.37s
   ▸ Processed records: ◞
   ▸ Successful records: ◞
   ▸ Failed records: ◞

 Status: UploadComplete
 Job Id:
 750ct00000USL0DAAX (https://fortra--mergebuild.sandbox.my.salesforce.com/lightn
 ing/setup/AsyncApiJobStatus/page?address=%2F750ct00000USL0DAAX)
 Elapsed Time: 10.91s

[2K[1A[2K[1A[2K[1A[2K[1A[2K[1A[2K[1A[2K[1A[2K[1A[2K[1A[2K[1A[2K[1A[2K[1A[2K[1A[2K[1A[2K[1A[2K[G
 ───────────────── Importing data ─────────────────

 ✔ Creating ingest job 4.37s
 ⣯ Processing the job 6.39s
   ▸ Processed records: ◞
   ▸ Successful records: ◞
   ▸ Failed records: ◞

 Status: UploadComplete
 Job Id:
 750ct00000USL0DAAX (https://fortra--mergebuild.sandbox.my.salesforce.com/lightn
 ing/setup/AsyncApiJobStatus/page?address=%2F750ct00000USL0DAAX)
 Elapsed Time: 10.95s

[2K[1A[2K[1A[2K[1A[2K[1A[2K[1A[2K[1A[2K[1A[2K[1A[2K[1A[2K[1A[2K[1A[2K[1A[2K[1A[2K[1A[2K[1A[2K[G
 ───────────────── Importing data ─────────────────

 ✔ Creating ingest job 4.37s
 ⣷ Processing the job 6.42s
   ▸ Processed records: ◞
   ▸ Successful records: ◞
   ▸ Failed records: ◞

 Status: UploadComplete
 Job Id:
 750ct00000USL0DAAX (https://fortra--mergebuild.sandbox.my.salesforce.com/lightn
 ing/setup/AsyncApiJobStatus/page?address=%2F750ct00000USL0DAAX)
 Elapsed Time: 10.98s

[2K[1A[2K[1A[2K[1A[2K[1A[2K[1A[2K[1A[2K[1A[2K[1A[2K[1A[2K[1A[2K[1A[2K[1A[2K[1A[2K[1A[2K[1A[2K[G
 ───────────────── Importing data ─────────────────

 ✔ Creating ingest job 4.37s
 ⣷ Processing the job 6.45s
   ▸ Processed records: ◡
   ▸ Successful records: ◡
   ▸ Failed records: ◡

 Status: UploadComplete
 Job Id:
 750ct00000USL0DAAX (https://fortra--mergebuild.sandbox.my.salesforce.com/lightn
 ing/setup/AsyncApiJobStatus/page?address=%2F750ct00000USL0DAAX)
 Elapsed Time: 11.01s

[2K[1A[2K[1A[2K[1A[2K[1A[2K[1A[2K[1A[2K[1A[2K[1A[2K[1A[2K[1A[2K[1A[2K[1A[2K[1A[2K[1A[2K[1A[2K[G
 ───────────────── Importing data ─────────────────

 ✔ Creating ingest job 4.37s
 ⣷ Processing the job 6.48s
   ▸ Processed records: ◡
   ▸ Successful records: ◡
   ▸ Failed records: ◡

 Status: UploadComplete
 Job Id:
 750ct00000USL0DAAX (https://fortra--mergebuild.sandbox.my.salesforce.com/lightn
 ing/setup/AsyncApiJobStatus/page?address=%2F750ct00000USL0DAAX)
 Elapsed Time: 11.04s

[2K[1A[2K[1A[2K[1A[2K[1A[2K[1A[2K[1A[2K[1A[2K[1A[2K[1A[2K[1A[2K[1A[2K[1A[2K[1A[2K[1A[2K[1A[2K[G
 ───────────────── Importing data ─────────────────

 ✔ Creating ingest job 4.37s
 ⣾ Processing the job 6.51s
   ▸ Processed records: ◡
   ▸ Successful records: ◡
   ▸ Failed records: ◡

 Status: UploadComplete
 Job Id:
 750ct00000USL0DAAX (https://fortra--mergebuild.sandbox.my.salesforce.com/lightn
 ing/setup/AsyncApiJobStatus/page?address=%2F750ct00000USL0DAAX)
 Elapsed Time: 11.07s

[2K[1A[2K[1A[2K[1A[2K[1A[2K[1A[2K[1A[2K[1A[2K[1A[2K[1A[2K[1A[2K[1A[2K[1A[2K[1A[2K[1A[2K[1A[2K[G
 ───────────────── Importing data ─────────────────

 ✔ Creating ingest job 4.37s
 ⣾ Processing the job 6.54s
   ▸ Processed records: ◟
   ▸ Successful records: ◡
   ▸ Failed records: ◡

 Status: UploadComplete
 Job Id:
 750ct00000USL0DAAX (https://fortra--mergebuild.sandbox.my.salesforce.com/lightn
 ing/setup/AsyncApiJobStatus/page?address=%2F750ct00000USL0DAAX)
 Elapsed Time: 11.10s

[2K[1A[2K[1A[2K[1A[2K[1A[2K[1A[2K[1A[2K[1A[2K[1A[2K[1A[2K[1A[2K[1A[2K[1A[2K[1A[2K[1A[2K[1A[2K[G
 ───────────────── Importing data ─────────────────

 ✔ Creating ingest job 4.37s
 ⣽ Processing the job 6.57s
   ▸ Processed records: 1000
   ▸ Successful records: 1000
   ▸ Failed records: 0

 Status: InProgress
 Job Id:
 750ct00000USL0DAAX (https://fortra--mergebuild.sandbox.my.salesforce.com/lightn
 ing/setup/AsyncApiJobStatus/page?address=%2F750ct00000USL0DAAX)
 Elapsed Time: 11.13s

[2K[1A[2K[1A[2K[1A[2K[1A[2K[1A[2K[1A[2K[1A[2K[1A[2K[1A[2K[1A[2K[1A[2K[1A[2K[1A[2K[1A[2K[1A[2K[G
 ───────────────── Importing data ─────────────────

 ✔ Creating ingest job 4.37s
 ⣽ Processing the job 6.60s
   ▸ Processed records: 1000
   ▸ Successful records: 1000
   ▸ Failed records: 0

 Status: InProgress
 Job Id:
 750ct00000USL0DAAX (https://fortra--mergebuild.sandbox.my.salesforce.com/lightn
 ing/setup/AsyncApiJobStatus/page?address=%2F750ct00000USL0DAAX)
 Elapsed Time: 11.16s

[2K[1A[2K[1A[2K[1A[2K[1A[2K[1A[2K[1A[2K[1A[2K[1A[2K[1A[2K[1A[2K[1A[2K[1A[2K[1A[2K[1A[2K[1A[2K[G
 ───────────────── Importing data ─────────────────

 ✔ Creating ingest job 4.37s
 ⣽ Processing the job 6.62s
   ▸ Processed records: 1000
   ▸ Successful records: 1000
   ▸ Failed records: 0

 Status: InProgress
 Job Id:
 750ct00000USL0DAAX (https://fortra--mergebuild.sandbox.my.salesforce.com/lightn
 ing/setup/AsyncApiJobStatus/page?address=%2F750ct00000USL0DAAX)
 Elapsed Time: 11.19s

[2K[1A[2K[1A[2K[1A[2K[1A[2K[1A[2K[1A[2K[1A[2K[1A[2K[1A[2K[1A[2K[1A[2K[1A[2K[1A[2K[1A[2K[1A[2K[G
 ───────────────── Importing data ─────────────────

 ✔ Creating ingest job 4.37s
 ⣻ Processing the job 6.66s
   ▸ Processed records: 1000
   ▸ Successful records: 1000
   ▸ Failed records: 0

 Status: InProgress
 Job Id:
 750ct00000USL0DAAX (https://fortra--mergebuild.sandbox.my.salesforce.com/lightn
 ing/setup/AsyncApiJobStatus/page?address=%2F750ct00000USL0DAAX)
 Elapsed Time: 11.22s

[2K[1A[2K[1A[2K[1A[2K[1A[2K[1A[2K[1A[2K[1A[2K[1A[2K[1A[2K[1A[2K[1A[2K[1A[2K[1A[2K[1A[2K[1A[2K[G
 ───────────────── Importing data ─────────────────

 ✔ Creating ingest job 4.37s
 ⣻ Processing the job 6.69s
   ▸ Processed records: 1000
   ▸ Successful records: 1000
   ▸ Failed records: 0

 Status: InProgress
 Job Id:
 750ct00000USL0DAAX (https://fortra--mergebuild.sandbox.my.salesforce.com/lightn
 ing/setup/AsyncApiJobStatus/page?address=%2F750ct00000USL0DAAX)
 Elapsed Time: 11.25s

[2K[1A[2K[1A[2K[1A[2K[1A[2K[1A[2K[1A[2K[1A[2K[1A[2K[1A[2K[1A[2K[1A[2K[1A[2K[1A[2K[1A[2K[1A[2K[G
 ───────────────── Importing data ─────────────────

 ✔ Creating ingest job 4.37s
 ⢿ Processing the job 6.72s
   ▸ Processed records: 1000
   ▸ Successful records: 1000
   ▸ Failed records: 0

 Status: InProgress
 Job Id:
 750ct00000USL0DAAX (https://fortra--mergebuild.sandbox.my.salesforce.com/lightn
 ing/setup/AsyncApiJobStatus/page?address=%2F750ct00000USL0DAAX)
 Elapsed Time: 11.28s

[2K[1A[2K[1A[2K[1A[2K[1A[2K[1A[2K[1A[2K[1A[2K[1A[2K[1A[2K[1A[2K[1A[2K[1A[2K[1A[2K[1A[2K[1A[2K[G
 ───────────────── Importing data ─────────────────

 ✔ Creating ingest job 4.37s
 ⢿ Processing the job 6.75s
   ▸ Processed records: 1000
   ▸ Successful records: 1000
   ▸ Failed records: 0

 Status: InProgress
 Job Id:
 750ct00000USL0DAAX (https://fortra--mergebuild.sandbox.my.salesforce.com/lightn
 ing/setup/AsyncApiJobStatus/page?address=%2F750ct00000USL0DAAX)
 Elapsed Time: 11.31s

[2K[1A[2K[1A[2K[1A[2K[1A[2K[1A[2K[1A[2K[1A[2K[1A[2K[1A[2K[1A[2K[1A[2K[1A[2K[1A[2K[1A[2K[1A[2K[G
 ───────────────── Importing data ─────────────────

 ✔ Creating ingest job 4.37s
 ⢿ Processing the job 6.77s
   ▸ Processed records: 1000
   ▸ Successful records: 1000
   ▸ Failed records: 0

 Status: InProgress
 Job Id:
 750ct00000USL0DAAX (https://fortra--mergebuild.sandbox.my.salesforce.com/lightn
 ing/setup/AsyncApiJobStatus/page?address=%2F750ct00000USL0DAAX)
 Elapsed Time: 11.34s

[2K[1A[2K[1A[2K[1A[2K[1A[2K[1A[2K[1A[2K[1A[2K[1A[2K[1A[2K[1A[2K[1A[2K[1A[2K[1A[2K[1A[2K[1A[2K[G
 ───────────────── Importing data ─────────────────

 ✔ Creating ingest job 4.37s
 ⡿ Processing the job 6.80s
   ▸ Processed records: 1000
   ▸ Successful records: 1000
   ▸ Failed records: 0

 Status: InProgress
 Job Id:
 750ct00000USL0DAAX (https://fortra--mergebuild.sandbox.my.salesforce.com/lightn
 ing/setup/AsyncApiJobStatus/page?address=%2F750ct00000USL0DAAX)
 Elapsed Time: 11.37s

[2K[1A[2K[1A[2K[1A[2K[1A[2K[1A[2K[1A[2K[1A[2K[1A[2K[1A[2K[1A[2K[1A[2K[1A[2K[1A[2K[1A[2K[1A[2K[G
 ───────────────── Importing data ─────────────────

 ✔ Creating ingest job 4.37s
 ⡿ Processing the job 6.83s
   ▸ Processed records: 1000
   ▸ Successful records: 1000
   ▸ Failed records: 0

 Status: InProgress
 Job Id:
 750ct00000USL0DAAX (https://fortra--mergebuild.sandbox.my.salesforce.com/lightn
 ing/setup/AsyncApiJobStatus/page?address=%2F750ct00000USL0DAAX)
 Elapsed Time: 11.40s

[2K[1A[2K[1A[2K[1A[2K[1A[2K[1A[2K[1A[2K[1A[2K[1A[2K[1A[2K[1A[2K[1A[2K[1A[2K[1A[2K[1A[2K[1A[2K[G
 ───────────────── Importing data ─────────────────

 ✔ Creating ingest job 4.37s
 ⣟ Processing the job 6.86s
   ▸ Processed records: 1000
   ▸ Successful records: 1000
   ▸ Failed records: 0

 Status: InProgress
 Job Id:
 750ct00000USL0DAAX (https://fortra--mergebuild.sandbox.my.salesforce.com/lightn
 ing/setup/AsyncApiJobStatus/page?address=%2F750ct00000USL0DAAX)
 Elapsed Time: 11.43s

[2K[1A[2K[1A[2K[1A[2K[1A[2K[1A[2K[1A[2K[1A[2K[1A[2K[1A[2K[1A[2K[1A[2K[1A[2K[1A[2K[1A[2K[1A[2K[G
 ───────────────── Importing data ─────────────────

 ✔ Creating ingest job 4.37s
 ⣟ Processing the job 6.90s
   ▸ Processed records: 1000
   ▸ Successful records: 1000
   ▸ Failed records: 0

 Status: InProgress
 Job Id:
 750ct00000USL0DAAX (https://fortra--mergebuild.sandbox.my.salesforce.com/lightn
 ing/setup/AsyncApiJobStatus/page?address=%2F750ct00000USL0DAAX)
 Elapsed Time: 11.46s

[2K[1A[2K[1A[2K[1A[2K[1A[2K[1A[2K[1A[2K[1A[2K[1A[2K[1A[2K[1A[2K[1A[2K[1A[2K[1A[2K[1A[2K[1A[2K[G
 ───────────────── Importing data ─────────────────

 ✔ Creating ingest job 4.37s
 ⣟ Processing the job 6.93s
   ▸ Processed records: 1000
   ▸ Successful records: 1000
   ▸ Failed records: 0

 Status: InProgress
 Job Id:
 750ct00000USL0DAAX (https://fortra--mergebuild.sandbox.my.salesforce.com/lightn
 ing/setup/AsyncApiJobStatus/page?address=%2F750ct00000USL0DAAX)
 Elapsed Time: 11.49s

[2K[1A[2K[1A[2K[1A[2K[1A[2K[1A[2K[1A[2K[1A[2K[1A[2K[1A[2K[1A[2K[1A[2K[1A[2K[1A[2K[1A[2K[1A[2K[G
 ───────────────── Importing data ─────────────────

 ✔ Creating ingest job 4.37s
 ⣯ Processing the job 6.96s
   ▸ Processed records: 1000
   ▸ Successful records: 1000
   ▸ Failed records: 0

 Status: InProgress
 Job Id:
 750ct00000USL0DAAX (https://fortra--mergebuild.sandbox.my.salesforce.com/lightn
 ing/setup/AsyncApiJobStatus/page?address=%2F750ct00000USL0DAAX)
 Elapsed Time: 11.53s

[2K[1A[2K[1A[2K[1A[2K[1A[2K[1A[2K[1A[2K[1A[2K[1A[2K[1A[2K[1A[2K[1A[2K[1A[2K[1A[2K[1A[2K[1A[2K[G
 ───────────────── Importing data ─────────────────

 ✔ Creating ingest job 4.37s
 ⣯ Processing the job 6.99s
   ▸ Processed records: 1000
   ▸ Successful records: 1000
   ▸ Failed records: 0

 Status: InProgress
 Job Id:
 750ct00000USL0DAAX (https://fortra--mergebuild.sandbox.my.salesforce.com/lightn
 ing/setup/AsyncApiJobStatus/page?address=%2F750ct00000USL0DAAX)
 Elapsed Time: 11.56s

[2K[1A[2K[1A[2K[1A[2K[1A[2K[1A[2K[1A[2K[1A[2K[1A[2K[1A[2K[1A[2K[1A[2K[1A[2K[1A[2K[1A[2K[1A[2K[G
 ───────────────── Importing data ─────────────────

 ✔ Creating ingest job 4.37s
 ⣷ Processing the job 7.02s
   ▸ Processed records: 1000
   ▸ Successful records: 1000
   ▸ Failed records: 0

 Status: InProgress
 Job Id:
 750ct00000USL0DAAX (https://fortra--mergebuild.sandbox.my.salesforce.com/lightn
 ing/setup/AsyncApiJobStatus/page?address=%2F750ct00000USL0DAAX)
 Elapsed Time: 11.59s

[2K[1A[2K[1A[2K[1A[2K[1A[2K[1A[2K[1A[2K[1A[2K[1A[2K[1A[2K[1A[2K[1A[2K[1A[2K[1A[2K[1A[2K[1A[2K[G
 ───────────────── Importing data ─────────────────

 ✔ Creating ingest job 4.37s
 ⣷ Processing the job 7.05s
   ▸ Processed records: 1000
   ▸ Successful records: 1000
   ▸ Failed records: 0

 Status: InProgress
 Job Id:
 750ct00000USL0DAAX (https://fortra--mergebuild.sandbox.my.salesforce.com/lightn
 ing/setup/AsyncApiJobStatus/page?address=%2F750ct00000USL0DAAX)
 Elapsed Time: 11.62s

[2K[1A[2K[1A[2K[1A[2K[1A[2K[1A[2K[1A[2K[1A[2K[1A[2K[1A[2K[1A[2K[1A[2K[1A[2K[1A[2K[1A[2K[1A[2K[G
 ───────────────── Importing data ─────────────────

 ✔ Creating ingest job 4.37s
 ⣷ Processing the job 7.08s
   ▸ Processed records: 1000
   ▸ Successful records: 1000
   ▸ Failed records: 0

 Status: InProgress
 Job Id:
 750ct00000USL0DAAX (https://fortra--mergebuild.sandbox.my.salesforce.com/lightn
 ing/setup/AsyncApiJobStatus/page?address=%2F750ct00000USL0DAAX)
 Elapsed Time: 11.65s

[2K[1A[2K[1A[2K[1A[2K[1A[2K[1A[2K[1A[2K[1A[2K[1A[2K[1A[2K[1A[2K[1A[2K[1A[2K[1A[2K[1A[2K[1A[2K[G
 ───────────────── Importing data ─────────────────

 ✔ Creating ingest job 4.37s
 ⣾ Processing the job 7.11s
   ▸ Processed records: 1000
   ▸ Successful records: 1000
   ▸ Failed records: 0

 Status: InProgress
 Job Id:
 750ct00000USL0DAAX (https://fortra--mergebuild.sandbox.my.salesforce.com/lightn
 ing/setup/AsyncApiJobStatus/page?address=%2F750ct00000USL0DAAX)
 Elapsed Time: 11.68s

[2K[1A[2K[1A[2K[1A[2K[1A[2K[1A[2K[1A[2K[1A[2K[1A[2K[1A[2K[1A[2K[1A[2K[1A[2K[1A[2K[1A[2K[1A[2K[G
 ───────────────── Importing data ─────────────────

 ✔ Creating ingest job 4.37s
 ⣾ Processing the job 7.14s
   ▸ Processed records: 1000
   ▸ Successful records: 1000
   ▸ Failed records: 0

 Status: InProgress
 Job Id:
 750ct00000USL0DAAX (https://fortra--mergebuild.sandbox.my.salesforce.com/lightn
 ing/setup/AsyncApiJobStatus/page?address=%2F750ct00000USL0DAAX)
 Elapsed Time: 11.71s

[2K[1A[2K[1A[2K[1A[2K[1A[2K[1A[2K[1A[2K[1A[2K[1A[2K[1A[2K[1A[2K[1A[2K[1A[2K[1A[2K[1A[2K[1A[2K[G
 ───────────────── Importing data ─────────────────

 ✔ Creating ingest job 4.37s
 ⣽ Processing the job 7.17s
   ▸ Processed records: 1000
   ▸ Successful records: 1000
   ▸ Failed records: 0

 Status: InProgress
 Job Id:
 750ct00000USL0DAAX (https://fortra--mergebuild.sandbox.my.salesforce.com/lightn
 ing/setup/AsyncApiJobStatus/page?address=%2F750ct00000USL0DAAX)
 Elapsed Time: 11.74s

[2K[1A[2K[1A[2K[1A[2K[1A[2K[1A[2K[1A[2K[1A[2K[1A[2K[1A[2K[1A[2K[1A[2K[1A[2K[1A[2K[1A[2K[1A[2K[G
 ───────────────── Importing data ─────────────────

 ✔ Creating ingest job 4.37s
 ⣽ Processing the job 7.20s
   ▸ Processed records: 1000
   ▸ Successful records: 1000
   ▸ Failed records: 0

 Status: InProgress
 Job Id:
 750ct00000USL0DAAX (https://fortra--mergebuild.sandbox.my.salesforce.com/lightn
 ing/setup/AsyncApiJobStatus/page?address=%2F750ct00000USL0DAAX)
 Elapsed Time: 11.77s

[2K[1A[2K[1A[2K[1A[2K[1A[2K[1A[2K[1A[2K[1A[2K[1A[2K[1A[2K[1A[2K[1A[2K[1A[2K[1A[2K[1A[2K[1A[2K[G
 ───────────────── Importing data ─────────────────

 ✔ Creating ingest job 4.37s
 ⣽ Processing the job 7.24s
   ▸ Processed records: 1000
   ▸ Successful records: 1000
   ▸ Failed records: 0

 Status: InProgress
 Job Id:
 750ct00000USL0DAAX (https://fortra--mergebuild.sandbox.my.salesforce.com/lightn
 ing/setup/AsyncApiJobStatus/page?address=%2F750ct00000USL0DAAX)
 Elapsed Time: 11.80s

[2K[1A[2K[1A[2K[1A[2K[1A[2K[1A[2K[1A[2K[1A[2K[1A[2K[1A[2K[1A[2K[1A[2K[1A[2K[1A[2K[1A[2K[1A[2K[G
 ───────────────── Importing data ─────────────────

 ✔ Creating ingest job 4.37s
 ⣻ Processing the job 7.26s
   ▸ Processed records: 1000
   ▸ Successful records: 1000
   ▸ Failed records: 0

 Status: InProgress
 Job Id:
 750ct00000USL0DAAX (https://fortra--mergebuild.sandbox.my.salesforce.com/lightn
 ing/setup/AsyncApiJobStatus/page?address=%2F750ct00000USL0DAAX)
 Elapsed Time: 11.83s

[2K[1A[2K[1A[2K[1A[2K[1A[2K[1A[2K[1A[2K[1A[2K[1A[2K[1A[2K[1A[2K[1A[2K[1A[2K[1A[2K[1A[2K[1A[2K[G
 ───────────────── Importing data ─────────────────

 ✔ Creating ingest job 4.37s
 ⣻ Processing the job 7.30s
   ▸ Processed records: 1000
   ▸ Successful records: 1000
   ▸ Failed records: 0

 Status: InProgress
 Job Id:
 750ct00000USL0DAAX (https://fortra--mergebuild.sandbox.my.salesforce.com/lightn
 ing/setup/AsyncApiJobStatus/page?address=%2F750ct00000USL0DAAX)
 Elapsed Time: 11.87s

[2K[1A[2K[1A[2K[1A[2K[1A[2K[1A[2K[1A[2K[1A[2K[1A[2K[1A[2K[1A[2K[1A[2K[1A[2K[1A[2K[1A[2K[1A[2K[G
 ───────────────── Importing data ─────────────────

 ✔ Creating ingest job 4.37s
 ⢿ Processing the job 7.33s
   ▸ Processed records: 1000
   ▸ Successful records: 1000
   ▸ Failed records: 0

 Status: InProgress
 Job Id:
 750ct00000USL0DAAX (https://fortra--mergebuild.sandbox.my.salesforce.com/lightn
 ing/setup/AsyncApiJobStatus/page?address=%2F750ct00000USL0DAAX)
 Elapsed Time: 11.90s

[2K[1A[2K[1A[2K[1A[2K[1A[2K[1A[2K[1A[2K[1A[2K[1A[2K[1A[2K[1A[2K[1A[2K[1A[2K[1A[2K[1A[2K[1A[2K[G
 ───────────────── Importing data ─────────────────

 ✔ Creating ingest job 4.37s
 ⢿ Processing the job 7.36s
   ▸ Processed records: 1000
   ▸ Successful records: 1000
   ▸ Failed records: 0

 Status: InProgress
 Job Id:
 750ct00000USL0DAAX (https://fortra--mergebuild.sandbox.my.salesforce.com/lightn
 ing/setup/AsyncApiJobStatus/page?address=%2F750ct00000USL0DAAX)
 Elapsed Time: 11.93s

[2K[1A[2K[1A[2K[1A[2K[1A[2K[1A[2K[1A[2K[1A[2K[1A[2K[1A[2K[1A[2K[1A[2K[1A[2K[1A[2K[1A[2K[1A[2K[G
 ───────────────── Importing data ─────────────────

 ✔ Creating ingest job 4.37s
 ⢿ Processing the job 7.39s
   ▸ Processed records: 1000
   ▸ Successful records: 1000
   ▸ Failed records: 0

 Status: InProgress
 Job Id:
 750ct00000USL0DAAX (https://fortra--mergebuild.sandbox.my.salesforce.com/lightn
 ing/setup/AsyncApiJobStatus/page?address=%2F750ct00000USL0DAAX)
 Elapsed Time: 11.96s

[2K[1A[2K[1A[2K[1A[2K[1A[2K[1A[2K[1A[2K[1A[2K[1A[2K[1A[2K[1A[2K[1A[2K[1A[2K[1A[2K[1A[2K[1A[2K[G
 ───────────────── Importing data ─────────────────

 ✔ Creating ingest job 4.37s
 ⡿ Processing the job 7.42s
   ▸ Processed records: 1000
   ▸ Successful records: 1000
   ▸ Failed records: 0

 Status: InProgress
 Job Id:
 750ct00000USL0DAAX (https://fortra--mergebuild.sandbox.my.salesforce.com/lightn
 ing/setup/AsyncApiJobStatus/page?address=%2F750ct00000USL0DAAX)
 Elapsed Time: 11.99s

[2K[1A[2K[1A[2K[1A[2K[1A[2K[1A[2K[1A[2K[1A[2K[1A[2K[1A[2K[1A[2K[1A[2K[1A[2K[1A[2K[1A[2K[1A[2K[G
 ───────────────── Importing data ─────────────────

 ✔ Creating ingest job 4.37s
 ⡿ Processing the job 7.45s
   ▸ Processed records: 1000
   ▸ Successful records: 1000
   ▸ Failed records: 0

 Status: InProgress
 Job Id:
 750ct00000USL0DAAX (https://fortra--mergebuild.sandbox.my.salesforce.com/lightn
 ing/setup/AsyncApiJobStatus/page?address=%2F750ct00000USL0DAAX)
 Elapsed Time: 12.02s

[2K[1A[2K[1A[2K[1A[2K[1A[2K[1A[2K[1A[2K[1A[2K[1A[2K[1A[2K[1A[2K[1A[2K[1A[2K[1A[2K[1A[2K[1A[2K[G
 ───────────────── Importing data ─────────────────

 ✔ Creating ingest job 4.37s
 ⣟ Processing the job 7.48s
   ▸ Processed records: 1000
   ▸ Successful records: 1000
   ▸ Failed records: 0

 Status: InProgress
 Job Id:
 750ct00000USL0DAAX (https://fortra--mergebuild.sandbox.my.salesforce.com/lightn
 ing/setup/AsyncApiJobStatus/page?address=%2F750ct00000USL0DAAX)
 Elapsed Time: 12.05s

[2K[1A[2K[1A[2K[1A[2K[1A[2K[1A[2K[1A[2K[1A[2K[1A[2K[1A[2K[1A[2K[1A[2K[1A[2K[1A[2K[1A[2K[1A[2K[G
 ───────────────── Importing data ─────────────────

 ✔ Creating ingest job 4.37s
 ⣟ Processing the job 7.51s
   ▸ Processed records: 1000
   ▸ Successful records: 1000
   ▸ Failed records: 0

 Status: InProgress
 Job Id:
 750ct00000USL0DAAX (https://fortra--mergebuild.sandbox.my.salesforce.com/lightn
 ing/setup/AsyncApiJobStatus/page?address=%2F750ct00000USL0DAAX)
 Elapsed Time: 12.08s

[2K[1A[2K[1A[2K[1A[2K[1A[2K[1A[2K[1A[2K[1A[2K[1A[2K[1A[2K[1A[2K[1A[2K[1A[2K[1A[2K[1A[2K[1A[2K[G
 ───────────────── Importing data ─────────────────

 ✔ Creating ingest job 4.37s
 ⣟ Processing the job 7.54s
   ▸ Processed records: 1000
   ▸ Successful records: 1000
   ▸ Failed records: 0

 Status: InProgress
 Job Id:
 750ct00000USL0DAAX (https://fortra--mergebuild.sandbox.my.salesforce.com/lightn
 ing/setup/AsyncApiJobStatus/page?address=%2F750ct00000USL0DAAX)
 Elapsed Time: 12.11s

[2K[1A[2K[1A[2K[1A[2K[1A[2K[1A[2K[1A[2K[1A[2K[1A[2K[1A[2K[1A[2K[1A[2K[1A[2K[1A[2K[1A[2K[1A[2K[G
 ───────────────── Importing data ─────────────────

 ✔ Creating ingest job 4.37s
 ⣯ Processing the job 7.57s
   ▸ Processed records: 1000
   ▸ Successful records: 1000
   ▸ Failed records: 0

 Status: InProgress
 Job Id:
 750ct00000USL0DAAX (https://fortra--mergebuild.sandbox.my.salesforce.com/lightn
 ing/setup/AsyncApiJobStatus/page?address=%2F750ct00000USL0DAAX)
 Elapsed Time: 12.14s

[2K[1A[2K[1A[2K[1A[2K[1A[2K[1A[2K[1A[2K[1A[2K[1A[2K[1A[2K[1A[2K[1A[2K[1A[2K[1A[2K[1A[2K[1A[2K[G
 ───────────────── Importing data ─────────────────

 ✔ Creating ingest job 4.37s
 ⣯ Processing the job 7.60s
   ▸ Processed records: 1000
   ▸ Successful records: 1000
   ▸ Failed records: 0

 Status: InProgress
 Job Id:
 750ct00000USL0DAAX (https://fortra--mergebuild.sandbox.my.salesforce.com/lightn
 ing/setup/AsyncApiJobStatus/page?address=%2F750ct00000USL0DAAX)
 Elapsed Time: 12.17s

[2K[1A[2K[1A[2K[1A[2K[1A[2K[1A[2K[1A[2K[1A[2K[1A[2K[1A[2K[1A[2K[1A[2K[1A[2K[1A[2K[1A[2K[1A[2K[G
 ───────────────── Importing data ─────────────────

 ✔ Creating ingest job 4.37s
 ⣷ Processing the job 7.63s
   ▸ Processed records: 1000
   ▸ Successful records: 1000
   ▸ Failed records: 0

 Status: InProgress
 Job Id:
 750ct00000USL0DAAX (https://fortra--mergebuild.sandbox.my.salesforce.com/lightn
 ing/setup/AsyncApiJobStatus/page?address=%2F750ct00000USL0DAAX)
 Elapsed Time: 12.20s

[2K[1A[2K[1A[2K[1A[2K[1A[2K[1A[2K[1A[2K[1A[2K[1A[2K[1A[2K[1A[2K[1A[2K[1A[2K[1A[2K[1A[2K[1A[2K[G
 ───────────────── Importing data ─────────────────

 ✔ Creating ingest job 4.37s
 ⣷ Processing the job 7.66s
   ▸ Processed records: 1000
   ▸ Successful records: 1000
   ▸ Failed records: 0

 Status: InProgress
 Job Id:
 750ct00000USL0DAAX (https://fortra--mergebuild.sandbox.my.salesforce.com/lightn
 ing/setup/AsyncApiJobStatus/page?address=%2F750ct00000USL0DAAX)
 Elapsed Time: 12.23s

[2K[1A[2K[1A[2K[1A[2K[1A[2K[1A[2K[1A[2K[1A[2K[1A[2K[1A[2K[1A[2K[1A[2K[1A[2K[1A[2K[1A[2K[1A[2K[G
 ───────────────── Importing data ─────────────────

 ✔ Creating ingest job 4.37s
 ⣷ Processing the job 7.69s
   ▸ Processed records: 1000
   ▸ Successful records: 1000
   ▸ Failed records: 0

 Status: InProgress
 Job Id:
 750ct00000USL0DAAX (https://fortra--mergebuild.sandbox.my.salesforce.com/lightn
 ing/setup/AsyncApiJobStatus/page?address=%2F750ct00000USL0DAAX)
 Elapsed Time: 12.26s

[2K[1A[2K[1A[2K[1A[2K[1A[2K[1A[2K[1A[2K[1A[2K[1A[2K[1A[2K[1A[2K[1A[2K[1A[2K[1A[2K[1A[2K[1A[2K[G
 ───────────────── Importing data ─────────────────

 ✔ Creating ingest job 4.37s
 ⣾ Processing the job 7.72s
   ▸ Processed records: 1000
   ▸ Successful records: 1000
   ▸ Failed records: 0

 Status: InProgress
 Job Id:
 750ct00000USL0DAAX (https://fortra--mergebuild.sandbox.my.salesforce.com/lightn
 ing/setup/AsyncApiJobStatus/page?address=%2F750ct00000USL0DAAX)
 Elapsed Time: 12.30s

[2K[1A[2K[1A[2K[1A[2K[1A[2K[1A[2K[1A[2K[1A[2K[1A[2K[1A[2K[1A[2K[1A[2K[1A[2K[1A[2K[1A[2K[1A[2K[G
 ───────────────── Importing data ─────────────────

 ✔ Creating ingest job 4.37s
 ⣾ Processing the job 7.75s
   ▸ Processed records: 1000
   ▸ Successful records: 1000
   ▸ Failed records: 0

 Status: InProgress
 Job Id:
 750ct00000USL0DAAX (https://fortra--mergebuild.sandbox.my.salesforce.com/lightn
 ing/setup/AsyncApiJobStatus/page?address=%2F750ct00000USL0DAAX)
 Elapsed Time: 12.33s

[2K[1A[2K[1A[2K[1A[2K[1A[2K[1A[2K[1A[2K[1A[2K[1A[2K[1A[2K[1A[2K[1A[2K[1A[2K[1A[2K[1A[2K[1A[2K[G
 ───────────────── Importing data ─────────────────

 ✔ Creating ingest job 4.37s
 ⣽ Processing the job 7.78s
   ▸ Processed records: 1000
   ▸ Successful records: 1000
   ▸ Failed records: 0

 Status: InProgress
 Job Id:
 750ct00000USL0DAAX (https://fortra--mergebuild.sandbox.my.salesforce.com/lightn
 ing/setup/AsyncApiJobStatus/page?address=%2F750ct00000USL0DAAX)
 Elapsed Time: 12.36s

[2K[1A[2K[1A[2K[1A[2K[1A[2K[1A[2K[1A[2K[1A[2K[1A[2K[1A[2K[1A[2K[1A[2K[1A[2K[1A[2K[1A[2K[1A[2K[G
 ───────────────── Importing data ─────────────────

 ✔ Creating ingest job 4.37s
 ⣽ Processing the job 7.81s
   ▸ Processed records: 1000
   ▸ Successful records: 1000
   ▸ Failed records: 0

 Status: InProgress
 Job Id:
 750ct00000USL0DAAX (https://fortra--mergebuild.sandbox.my.salesforce.com/lightn
 ing/setup/AsyncApiJobStatus/page?address=%2F750ct00000USL0DAAX)
 Elapsed Time: 12.39s

[2K[1A[2K[1A[2K[1A[2K[1A[2K[1A[2K[1A[2K[1A[2K[1A[2K[1A[2K[1A[2K[1A[2K[1A[2K[1A[2K[1A[2K[1A[2K[G
 ───────────────── Importing data ─────────────────

 ✔ Creating ingest job 4.37s
 ⣽ Processing the job 7.84s
   ▸ Processed records: 1000
   ▸ Successful records: 1000
   ▸ Failed records: 0

 Status: InProgress
 Job Id:
 750ct00000USL0DAAX (https://fortra--mergebuild.sandbox.my.salesforce.com/lightn
 ing/setup/AsyncApiJobStatus/page?address=%2F750ct00000USL0DAAX)
 Elapsed Time: 12.42s

[2K[1A[2K[1A[2K[1A[2K[1A[2K[1A[2K[1A[2K[1A[2K[1A[2K[1A[2K[1A[2K[1A[2K[1A[2K[1A[2K[1A[2K[1A[2K[G
 ───────────────── Importing data ─────────────────

 ✔ Creating ingest job 4.37s
 ⣻ Processing the job 7.87s
   ▸ Processed records: 1000
   ▸ Successful records: 1000
   ▸ Failed records: 0

 Status: InProgress
 Job Id:
 750ct00000USL0DAAX (https://fortra--mergebuild.sandbox.my.salesforce.com/lightn
 ing/setup/AsyncApiJobStatus/page?address=%2F750ct00000USL0DAAX)
 Elapsed Time: 12.45s

[2K[1A[2K[1A[2K[1A[2K[1A[2K[1A[2K[1A[2K[1A[2K[1A[2K[1A[2K[1A[2K[1A[2K[1A[2K[1A[2K[1A[2K[1A[2K[G
 ───────────────── Importing data ─────────────────

 ✔ Creating ingest job 4.37s
 ⣻ Processing the job 7.90s
   ▸ Processed records: 1000
   ▸ Successful records: 1000
   ▸ Failed records: 0

 Status: InProgress
 Job Id:
 750ct00000USL0DAAX (https://fortra--mergebuild.sandbox.my.salesforce.com/lightn
 ing/setup/AsyncApiJobStatus/page?address=%2F750ct00000USL0DAAX)
 Elapsed Time: 12.48s

[2K[1A[2K[1A[2K[1A[2K[1A[2K[1A[2K[1A[2K[1A[2K[1A[2K[1A[2K[1A[2K[1A[2K[1A[2K[1A[2K[1A[2K[1A[2K[G
 ───────────────── Importing data ─────────────────

 ✔ Creating ingest job 4.37s
 ⢿ Processing the job 7.93s
   ▸ Processed records: 1000
   ▸ Successful records: 1000
   ▸ Failed records: 0

 Status: InProgress
 Job Id:
 750ct00000USL0DAAX (https://fortra--mergebuild.sandbox.my.salesforce.com/lightn
 ing/setup/AsyncApiJobStatus/page?address=%2F750ct00000USL0DAAX)
 Elapsed Time: 12.51s

[2K[1A[2K[1A[2K[1A[2K[1A[2K[1A[2K[1A[2K[1A[2K[1A[2K[1A[2K[1A[2K[1A[2K[1A[2K[1A[2K[1A[2K[1A[2K[G
 ───────────────── Importing data ─────────────────

 ✔ Creating ingest job 4.37s
 ⢿ Processing the job 7.96s
   ▸ Processed records: 1000
   ▸ Successful records: 1000
   ▸ Failed records: 0

 Status: InProgress
 Job Id:
 750ct00000USL0DAAX (https://fortra--mergebuild.sandbox.my.salesforce.com/lightn
 ing/setup/AsyncApiJobStatus/page?address=%2F750ct00000USL0DAAX)
 Elapsed Time: 12.54s

[2K[1A[2K[1A[2K[1A[2K[1A[2K[1A[2K[1A[2K[1A[2K[1A[2K[1A[2K[1A[2K[1A[2K[1A[2K[1A[2K[1A[2K[1A[2K[G
 ───────────────── Importing data ─────────────────

 ✔ Creating ingest job 4.37s
 ⢿ Processing the job 7.99s
   ▸ Processed records: 1000
   ▸ Successful records: 1000
   ▸ Failed records: 0

 Status: InProgress
 Job Id:
 750ct00000USL0DAAX (https://fortra--mergebuild.sandbox.my.salesforce.com/lightn
 ing/setup/AsyncApiJobStatus/page?address=%2F750ct00000USL0DAAX)
 Elapsed Time: 12.57s

[2K[1A[2K[1A[2K[1A[2K[1A[2K[1A[2K[1A[2K[1A[2K[1A[2K[1A[2K[1A[2K[1A[2K[1A[2K[1A[2K[1A[2K[1A[2K[G
 ───────────────── Importing data ─────────────────

 ✔ Creating ingest job 4.37s
 ⡿ Processing the job 8.02s
   ▸ Processed records: 1000
   ▸ Successful records: 1000
   ▸ Failed records: 0

 Status: InProgress
 Job Id:
 750ct00000USL0DAAX (https://fortra--mergebuild.sandbox.my.salesforce.com/lightn
 ing/setup/AsyncApiJobStatus/page?address=%2F750ct00000USL0DAAX)
 Elapsed Time: 12.60s

[2K[1A[2K[1A[2K[1A[2K[1A[2K[1A[2K[1A[2K[1A[2K[1A[2K[1A[2K[1A[2K[1A[2K[1A[2K[1A[2K[1A[2K[1A[2K[G
 ───────────────── Importing data ─────────────────

 ✔ Creating ingest job 4.37s
 ⡿ Processing the job 8.05s
   ▸ Processed records: 1000
   ▸ Successful records: 1000
   ▸ Failed records: 0

 Status: InProgress
 Job Id:
 750ct00000USL0DAAX (https://fortra--mergebuild.sandbox.my.salesforce.com/lightn
 ing/setup/AsyncApiJobStatus/page?address=%2F750ct00000USL0DAAX)
 Elapsed Time: 12.63s

[2K[1A[2K[1A[2K[1A[2K[1A[2K[1A[2K[1A[2K[1A[2K[1A[2K[1A[2K[1A[2K[1A[2K[1A[2K[1A[2K[1A[2K[1A[2K[G
 ───────────────── Importing data ─────────────────

 ✔ Creating ingest job 4.37s
 ⣟ Processing the job 8.08s
   ▸ Processed records: 1000
   ▸ Successful records: 1000
   ▸ Failed records: 0

 Status: InProgress
 Job Id:
 750ct00000USL0DAAX (https://fortra--mergebuild.sandbox.my.salesforce.com/lightn
 ing/setup/AsyncApiJobStatus/page?address=%2F750ct00000USL0DAAX)
 Elapsed Time: 12.66s

[2K[1A[2K[1A[2K[1A[2K[1A[2K[1A[2K[1A[2K[1A[2K[1A[2K[1A[2K[1A[2K[1A[2K[1A[2K[1A[2K[1A[2K[1A[2K[G
 ───────────────── Importing data ─────────────────

 ✔ Creating ingest job 4.37s
 ⣟ Processing the job 8.11s
   ▸ Processed records: 1000
   ▸ Successful records: 1000
   ▸ Failed records: 0

 Status: InProgress
 Job Id:
 750ct00000USL0DAAX (https://fortra--mergebuild.sandbox.my.salesforce.com/lightn
 ing/setup/AsyncApiJobStatus/page?address=%2F750ct00000USL0DAAX)
 Elapsed Time: 12.68s

[2K[1A[2K[1A[2K[1A[2K[1A[2K[1A[2K[1A[2K[1A[2K[1A[2K[1A[2K[1A[2K[1A[2K[1A[2K[1A[2K[1A[2K[1A[2K[G
 ───────────────── Importing data ─────────────────

 ✔ Creating ingest job 4.37s
 ⣟ Processing the job 8.13s
   ▸ Processed records: 1000
   ▸ Successful records: 1000
   ▸ Failed records: 0

 Status: InProgress
 Job Id:
 750ct00000USL0DAAX (https://fortra--mergebuild.sandbox.my.salesforce.com/lightn
 ing/setup/AsyncApiJobStatus/page?address=%2F750ct00000USL0DAAX)
 Elapsed Time: 12.71s

[2K[1A[2K[1A[2K[1A[2K[1A[2K[1A[2K[1A[2K[1A[2K[1A[2K[1A[2K[1A[2K[1A[2K[1A[2K[1A[2K[1A[2K[1A[2K[G
 ───────────────── Importing data ─────────────────

 ✔ Creating ingest job 4.37s
 ⣯ Processing the job 8.16s
   ▸ Processed records: 1000
   ▸ Successful records: 1000
   ▸ Failed records: 0

 Status: InProgress
 Job Id:
 750ct00000USL0DAAX (https://fortra--mergebuild.sandbox.my.salesforce.com/lightn
 ing/setup/AsyncApiJobStatus/page?address=%2F750ct00000USL0DAAX)
 Elapsed Time: 12.74s

[2K[1A[2K[1A[2K[1A[2K[1A[2K[1A[2K[1A[2K[1A[2K[1A[2K[1A[2K[1A[2K[1A[2K[1A[2K[1A[2K[1A[2K[1A[2K[G
 ───────────────── Importing data ─────────────────

 ✔ Creating ingest job 4.37s
 ⣯ Processing the job 8.19s
   ▸ Processed records: 1000
   ▸ Successful records: 1000
   ▸ Failed records: 0

 Status: InProgress
 Job Id:
 750ct00000USL0DAAX (https://fortra--mergebuild.sandbox.my.salesforce.com/lightn
 ing/setup/AsyncApiJobStatus/page?address=%2F750ct00000USL0DAAX)
 Elapsed Time: 12.77s

[2K[1A[2K[1A[2K[1A[2K[1A[2K[1A[2K[1A[2K[1A[2K[1A[2K[1A[2K[1A[2K[1A[2K[1A[2K[1A[2K[1A[2K[1A[2K[G
 ───────────────── Importing data ─────────────────

 ✔ Creating ingest job 4.37s
 ⣷ Processing the job 8.22s
   ▸ Processed records: 1000
   ▸ Successful records: 1000
   ▸ Failed records: 0

 Status: InProgress
 Job Id:
 750ct00000USL0DAAX (https://fortra--mergebuild.sandbox.my.salesforce.com/lightn
 ing/setup/AsyncApiJobStatus/page?address=%2F750ct00000USL0DAAX)
 Elapsed Time: 12.80s

[2K[1A[2K[1A[2K[1A[2K[1A[2K[1A[2K[1A[2K[1A[2K[1A[2K[1A[2K[1A[2K[1A[2K[1A[2K[1A[2K[1A[2K[1A[2K[G
 ───────────────── Importing data ─────────────────

 ✔ Creating ingest job 4.37s
 ⣷ Processing the job 8.25s
   ▸ Processed records: 1000
   ▸ Successful records: 1000
   ▸ Failed records: 0

 Status: InProgress
 Job Id:
 750ct00000USL0DAAX (https://fortra--mergebuild.sandbox.my.salesforce.com/lightn
 ing/setup/AsyncApiJobStatus/page?address=%2F750ct00000USL0DAAX)
 Elapsed Time: 12.83s

[2K[1A[2K[1A[2K[1A[2K[1A[2K[1A[2K[1A[2K[1A[2K[1A[2K[1A[2K[1A[2K[1A[2K[1A[2K[1A[2K[1A[2K[1A[2K[G
 ───────────────── Importing data ─────────────────

 ✔ Creating ingest job 4.37s
 ⣷ Processing the job 8.28s
   ▸ Processed records: 1000
   ▸ Successful records: 1000
   ▸ Failed records: 0

 Status: InProgress
 Job Id:
 750ct00000USL0DAAX (https://fortra--mergebuild.sandbox.my.salesforce.com/lightn
 ing/setup/AsyncApiJobStatus/page?address=%2F750ct00000USL0DAAX)
 Elapsed Time: 12.86s

[2K[1A[2K[1A[2K[1A[2K[1A[2K[1A[2K[1A[2K[1A[2K[1A[2K[1A[2K[1A[2K[1A[2K[1A[2K[1A[2K[1A[2K[1A[2K[G
 ───────────────── Importing data ─────────────────

 ✔ Creating ingest job 4.37s
 ⣾ Processing the job 8.31s
   ▸ Processed records: 1000
   ▸ Successful records: 1000
   ▸ Failed records: 0

 Status: InProgress
 Job Id:
 750ct00000USL0DAAX (https://fortra--mergebuild.sandbox.my.salesforce.com/lightn
 ing/setup/AsyncApiJobStatus/page?address=%2F750ct00000USL0DAAX)
 Elapsed Time: 12.89s

[2K[1A[2K[1A[2K[1A[2K[1A[2K[1A[2K[1A[2K[1A[2K[1A[2K[1A[2K[1A[2K[1A[2K[1A[2K[1A[2K[1A[2K[1A[2K[G
 ───────────────── Importing data ─────────────────

 ✔ Creating ingest job 4.37s
 ⣾ Processing the job 8.33s
   ▸ Processed records: 1000
   ▸ Successful records: 1000
   ▸ Failed records: 0

 Status: InProgress
 Job Id:
 750ct00000USL0DAAX (https://fortra--mergebuild.sandbox.my.salesforce.com/lightn
 ing/setup/AsyncApiJobStatus/page?address=%2F750ct00000USL0DAAX)
 Elapsed Time: 12.92s

[2K[1A[2K[1A[2K[1A[2K[1A[2K[1A[2K[1A[2K[1A[2K[1A[2K[1A[2K[1A[2K[1A[2K[1A[2K[1A[2K[1A[2K[1A[2K[G
 ───────────────── Importing data ─────────────────

 ✔ Creating ingest job 4.37s
 ⣽ Processing the job 8.36s
   ▸ Processed records: 1000
   ▸ Successful records: 1000
   ▸ Failed records: 0

 Status: InProgress
 Job Id:
 750ct00000USL0DAAX (https://fortra--mergebuild.sandbox.my.salesforce.com/lightn
 ing/setup/AsyncApiJobStatus/page?address=%2F750ct00000USL0DAAX)
 Elapsed Time: 12.95s

[2K[1A[2K[1A[2K[1A[2K[1A[2K[1A[2K[1A[2K[1A[2K[1A[2K[1A[2K[1A[2K[1A[2K[1A[2K[1A[2K[1A[2K[1A[2K[G
 ───────────────── Importing data ─────────────────

 ✔ Creating ingest job 4.37s
 ⣽ Processing the job 8.39s
   ▸ Processed records: 1000
   ▸ Successful records: 1000
   ▸ Failed records: 0

 Status: InProgress
 Job Id:
 750ct00000USL0DAAX (https://fortra--mergebuild.sandbox.my.salesforce.com/lightn
 ing/setup/AsyncApiJobStatus/page?address=%2F750ct00000USL0DAAX)
 Elapsed Time: 12.98s

[2K[1A[2K[1A[2K[1A[2K[1A[2K[1A[2K[1A[2K[1A[2K[1A[2K[1A[2K[1A[2K[1A[2K[1A[2K[1A[2K[1A[2K[1A[2K[G
 ───────────────── Importing data ─────────────────

 ✔ Creating ingest job 4.37s
 ⣽ Processing the job 8.42s
   ▸ Processed records: 1000
   ▸ Successful records: 1000
   ▸ Failed records: 0

 Status: InProgress
 Job Id:
 750ct00000USL0DAAX (https://fortra--mergebuild.sandbox.my.salesforce.com/lightn
 ing/setup/AsyncApiJobStatus/page?address=%2F750ct00000USL0DAAX)
 Elapsed Time: 13.01s

[2K[1A[2K[1A[2K[1A[2K[1A[2K[1A[2K[1A[2K[1A[2K[1A[2K[1A[2K[1A[2K[1A[2K[1A[2K[1A[2K[1A[2K[1A[2K[G
 ───────────────── Importing data ─────────────────

 ✔ Creating ingest job 4.37s
 ⣻ Processing the job 8.44s
   ▸ Processed records: 1000
   ▸ Successful records: 1000
   ▸ Failed records: 0

 Status: InProgress
 Job Id:
 750ct00000USL0DAAX (https://fortra--mergebuild.sandbox.my.salesforce.com/lightn
 ing/setup/AsyncApiJobStatus/page?address=%2F750ct00000USL0DAAX)
 Elapsed Time: 13.04s

[2K[1A[2K[1A[2K[1A[2K[1A[2K[1A[2K[1A[2K[1A[2K[1A[2K[1A[2K[1A[2K[1A[2K[1A[2K[1A[2K[1A[2K[1A[2K[G
 ───────────────── Importing data ─────────────────

 ✔ Creating ingest job 4.37s
 ⣻ Processing the job 8.47s
   ▸ Processed records: 1000
   ▸ Successful records: 1000
   ▸ Failed records: 0

 Status: InProgress
 Job Id:
 750ct00000USL0DAAX (https://fortra--mergebuild.sandbox.my.salesforce.com/lightn
 ing/setup/AsyncApiJobStatus/page?address=%2F750ct00000USL0DAAX)
 Elapsed Time: 13.07s

[2K[1A[2K[1A[2K[1A[2K[1A[2K[1A[2K[1A[2K[1A[2K[1A[2K[1A[2K[1A[2K[1A[2K[1A[2K[1A[2K[1A[2K[1A[2K[G
 ───────────────── Importing data ─────────────────

 ✔ Creating ingest job 4.37s
 ⢿ Processing the job 8.50s
   ▸ Processed records: 1000
   ▸ Successful records: 1000
   ▸ Failed records: 0

 Status: InProgress
 Job Id:
 750ct00000USL0DAAX (https://fortra--mergebuild.sandbox.my.salesforce.com/lightn
 ing/setup/AsyncApiJobStatus/page?address=%2F750ct00000USL0DAAX)
 Elapsed Time: 13.10s

[2K[1A[2K[1A[2K[1A[2K[1A[2K[1A[2K[1A[2K[1A[2K[1A[2K[1A[2K[1A[2K[1A[2K[1A[2K[1A[2K[1A[2K[1A[2K[G
 ───────────────── Importing data ─────────────────

 ✔ Creating ingest job 4.37s
 ⢿ Processing the job 8.53s
   ▸ Processed records: 1000
   ▸ Successful records: 1000
   ▸ Failed records: 0

 Status: InProgress
 Job Id:
 750ct00000USL0DAAX (https://fortra--mergebuild.sandbox.my.salesforce.com/lightn
 ing/setup/AsyncApiJobStatus/page?address=%2F750ct00000USL0DAAX)
 Elapsed Time: 13.13s

[2K[1A[2K[1A[2K[1A[2K[1A[2K[1A[2K[1A[2K[1A[2K[1A[2K[1A[2K[1A[2K[1A[2K[1A[2K[1A[2K[1A[2K[1A[2K[G
 ───────────────── Importing data ─────────────────

 ✔ Creating ingest job 4.37s
 ⢿ Processing the job 8.56s
   ▸ Processed records: 1000
   ▸ Successful records: 1000
   ▸ Failed records: 0

 Status: InProgress
 Job Id:
 750ct00000USL0DAAX (https://fortra--mergebuild.sandbox.my.salesforce.com/lightn
 ing/setup/AsyncApiJobStatus/page?address=%2F750ct00000USL0DAAX)
 Elapsed Time: 13.16s

[2K[1A[2K[1A[2K[1A[2K[1A[2K[1A[2K[1A[2K[1A[2K[1A[2K[1A[2K[1A[2K[1A[2K[1A[2K[1A[2K[1A[2K[1A[2K[G
 ───────────────── Importing data ─────────────────

 ✔ Creating ingest job 4.37s
 ⡿ Processing the job 8.58s
   ▸ Processed records: 1000
   ▸ Successful records: 1000
   ▸ Failed records: 0

 Status: InProgress
 Job Id:
 750ct00000USL0DAAX (https://fortra--mergebuild.sandbox.my.salesforce.com/lightn
 ing/setup/AsyncApiJobStatus/page?address=%2F750ct00000USL0DAAX)
 Elapsed Time: 13.19s

[2K[1A[2K[1A[2K[1A[2K[1A[2K[1A[2K[1A[2K[1A[2K[1A[2K[1A[2K[1A[2K[1A[2K[1A[2K[1A[2K[1A[2K[1A[2K[G
 ───────────────── Importing data ─────────────────

 ✔ Creating ingest job 4.37s
 ⡿ Processing the job 8.62s
   ▸ Processed records: 1000
   ▸ Successful records: 1000
   ▸ Failed records: 0

 Status: InProgress
 Job Id:
 750ct00000USL0DAAX (https://fortra--mergebuild.sandbox.my.salesforce.com/lightn
 ing/setup/AsyncApiJobStatus/page?address=%2F750ct00000USL0DAAX)
 Elapsed Time: 13.22s

[2K[1A[2K[1A[2K[1A[2K[1A[2K[1A[2K[1A[2K[1A[2K[1A[2K[1A[2K[1A[2K[1A[2K[1A[2K[1A[2K[1A[2K[1A[2K[G
 ───────────────── Importing data ─────────────────

 ✔ Creating ingest job 4.37s
 ⣟ Processing the job 8.64s
   ▸ Processed records: 1000
   ▸ Successful records: 1000
   ▸ Failed records: 0

 Status: InProgress
 Job Id:
 750ct00000USL0DAAX (https://fortra--mergebuild.sandbox.my.salesforce.com/lightn
 ing/setup/AsyncApiJobStatus/page?address=%2F750ct00000USL0DAAX)
 Elapsed Time: 13.25s

[2K[1A[2K[1A[2K[1A[2K[1A[2K[1A[2K[1A[2K[1A[2K[1A[2K[1A[2K[1A[2K[1A[2K[1A[2K[1A[2K[1A[2K[1A[2K[G
 ───────────────── Importing data ─────────────────

 ✔ Creating ingest job 4.37s
 ⣟ Processing the job 8.67s
   ▸ Processed records: 1000
   ▸ Successful records: 1000
   ▸ Failed records: 0

 Status: InProgress
 Job Id:
 750ct00000USL0DAAX (https://fortra--mergebuild.sandbox.my.salesforce.com/lightn
 ing/setup/AsyncApiJobStatus/page?address=%2F750ct00000USL0DAAX)
 Elapsed Time: 13.29s

[2K[1A[2K[1A[2K[1A[2K[1A[2K[1A[2K[1A[2K[1A[2K[1A[2K[1A[2K[1A[2K[1A[2K[1A[2K[1A[2K[1A[2K[1A[2K[G
 ───────────────── Importing data ─────────────────

 ✔ Creating ingest job 4.37s
 ⣟ Processing the job 8.70s
   ▸ Processed records: 1000
   ▸ Successful records: 1000
   ▸ Failed records: 0

 Status: InProgress
 Job Id:
 750ct00000USL0DAAX (https://fortra--mergebuild.sandbox.my.salesforce.com/lightn
 ing/setup/AsyncApiJobStatus/page?address=%2F750ct00000USL0DAAX)
 Elapsed Time: 13.31s

[2K[1A[2K[1A[2K[1A[2K[1A[2K[1A[2K[1A[2K[1A[2K[1A[2K[1A[2K[1A[2K[1A[2K[1A[2K[1A[2K[1A[2K[1A[2K[G
 ───────────────── Importing data ─────────────────

 ✔ Creating ingest job 4.37s
 ⣯ Processing the job 8.73s
   ▸ Processed records: 1000
   ▸ Successful records: 1000
   ▸ Failed records: 0

 Status: InProgress
 Job Id:
 750ct00000USL0DAAX (https://fortra--mergebuild.sandbox.my.salesforce.com/lightn
 ing/setup/AsyncApiJobStatus/page?address=%2F750ct00000USL0DAAX)
 Elapsed Time: 13.34s

[2K[1A[2K[1A[2K[1A[2K[1A[2K[1A[2K[1A[2K[1A[2K[1A[2K[1A[2K[1A[2K[1A[2K[1A[2K[1A[2K[1A[2K[1A[2K[G
 ───────────────── Importing data ─────────────────

 ✔ Creating ingest job 4.37s
 ⣯ Processing the job 8.76s
   ▸ Processed records: 1000
   ▸ Successful records: 1000
   ▸ Failed records: 0

 Status: InProgress
 Job Id:
 750ct00000USL0DAAX (https://fortra--mergebuild.sandbox.my.salesforce.com/lightn
 ing/setup/AsyncApiJobStatus/page?address=%2F750ct00000USL0DAAX)
 Elapsed Time: 13.37s

[2K[1A[2K[1A[2K[1A[2K[1A[2K[1A[2K[1A[2K[1A[2K[1A[2K[1A[2K[1A[2K[1A[2K[1A[2K[1A[2K[1A[2K[1A[2K[G
 ───────────────── Importing data ─────────────────

 ✔ Creating ingest job 4.37s
 ⣷ Processing the job 8.79s
   ▸ Processed records: 1000
   ▸ Successful records: 1000
   ▸ Failed records: 0

 Status: InProgress
 Job Id:
 750ct00000USL0DAAX (https://fortra--mergebuild.sandbox.my.salesforce.com/lightn
 ing/setup/AsyncApiJobStatus/page?address=%2F750ct00000USL0DAAX)
 Elapsed Time: 13.41s

[2K[1A[2K[1A[2K[1A[2K[1A[2K[1A[2K[1A[2K[1A[2K[1A[2K[1A[2K[1A[2K[1A[2K[1A[2K[1A[2K[1A[2K[1A[2K[G
 ───────────────── Importing data ─────────────────

 ✔ Creating ingest job 4.37s
 ⣷ Processing the job 8.82s
   ▸ Processed records: 1000
   ▸ Successful records: 1000
   ▸ Failed records: 0

 Status: InProgress
 Job Id:
 750ct00000USL0DAAX (https://fortra--mergebuild.sandbox.my.salesforce.com/lightn
 ing/setup/AsyncApiJobStatus/page?address=%2F750ct00000USL0DAAX)
 Elapsed Time: 13.44s

[2K[1A[2K[1A[2K[1A[2K[1A[2K[1A[2K[1A[2K[1A[2K[1A[2K[1A[2K[1A[2K[1A[2K[1A[2K[1A[2K[1A[2K[1A[2K[G
 ───────────────── Importing data ─────────────────

 ✔ Creating ingest job 4.37s
 ⣷ Processing the job 8.85s
   ▸ Processed records: 1000
   ▸ Successful records: 1000
   ▸ Failed records: 0

 Status: InProgress
 Job Id:
 750ct00000USL0DAAX (https://fortra--mergebuild.sandbox.my.salesforce.com/lightn
 ing/setup/AsyncApiJobStatus/page?address=%2F750ct00000USL0DAAX)
 Elapsed Time: 13.46s

[2K[1A[2K[1A[2K[1A[2K[1A[2K[1A[2K[1A[2K[1A[2K[1A[2K[1A[2K[1A[2K[1A[2K[1A[2K[1A[2K[1A[2K[1A[2K[G
 ───────────────── Importing data ─────────────────

 ✔ Creating ingest job 4.37s
 ⣾ Processing the job 8.88s
   ▸ Processed records: 1000
   ▸ Successful records: 1000
   ▸ Failed records: 0

 Status: InProgress
 Job Id:
 750ct00000USL0DAAX (https://fortra--mergebuild.sandbox.my.salesforce.com/lightn
 ing/setup/AsyncApiJobStatus/page?address=%2F750ct00000USL0DAAX)
 Elapsed Time: 13.49s

[2K[1A[2K[1A[2K[1A[2K[1A[2K[1A[2K[1A[2K[1A[2K[1A[2K[1A[2K[1A[2K[1A[2K[1A[2K[1A[2K[1A[2K[1A[2K[G
 ───────────────── Importing data ─────────────────

 ✔ Creating ingest job 4.37s
 ⣾ Processing the job 8.91s
   ▸ Processed records: 1000
   ▸ Successful records: 1000
   ▸ Failed records: 0

 Status: InProgress
 Job Id:
 750ct00000USL0DAAX (https://fortra--mergebuild.sandbox.my.salesforce.com/lightn
 ing/setup/AsyncApiJobStatus/page?address=%2F750ct00000USL0DAAX)
 Elapsed Time: 13.52s

[2K[1A[2K[1A[2K[1A[2K[1A[2K[1A[2K[1A[2K[1A[2K[1A[2K[1A[2K[1A[2K[1A[2K[1A[2K[1A[2K[1A[2K[1A[2K[G
 ───────────────── Importing data ─────────────────

 ✔ Creating ingest job 4.37s
 ⣽ Processing the job 8.94s
   ▸ Processed records: 1000
   ▸ Successful records: 1000
   ▸ Failed records: 0

 Status: InProgress
 Job Id:
 750ct00000USL0DAAX (https://fortra--mergebuild.sandbox.my.salesforce.com/lightn
 ing/setup/AsyncApiJobStatus/page?address=%2F750ct00000USL0DAAX)
 Elapsed Time: 13.55s

[2K[1A[2K[1A[2K[1A[2K[1A[2K[1A[2K[1A[2K[1A[2K[1A[2K[1A[2K[1A[2K[1A[2K[1A[2K[1A[2K[1A[2K[1A[2K[G
 ───────────────── Importing data ─────────────────

 ✔ Creating ingest job 4.37s
 ⣽ Processing the job 8.97s
   ▸ Processed records: 1000
   ▸ Successful records: 1000
   ▸ Failed records: 0

 Status: InProgress
 Job Id:
 750ct00000USL0DAAX (https://fortra--mergebuild.sandbox.my.salesforce.com/lightn
 ing/setup/AsyncApiJobStatus/page?address=%2F750ct00000USL0DAAX)
 Elapsed Time: 13.58s

[2K[1A[2K[1A[2K[1A[2K[1A[2K[1A[2K[1A[2K[1A[2K[1A[2K[1A[2K[1A[2K[1A[2K[1A[2K[1A[2K[1A[2K[1A[2K[G
 ───────────────── Importing data ─────────────────

 ✔ Creating ingest job 4.37s
 ⣽ Processing the job 8.99s
   ▸ Processed records: 1000
   ▸ Successful records: 1000
   ▸ Failed records: 0

 Status: InProgress
 Job Id:
 750ct00000USL0DAAX (https://fortra--mergebuild.sandbox.my.salesforce.com/lightn
 ing/setup/AsyncApiJobStatus/page?address=%2F750ct00000USL0DAAX)
 Elapsed Time: 13.61s

[2K[1A[2K[1A[2K[1A[2K[1A[2K[1A[2K[1A[2K[1A[2K[1A[2K[1A[2K[1A[2K[1A[2K[1A[2K[1A[2K[1A[2K[1A[2K[G
 ───────────────── Importing data ─────────────────

 ✔ Creating ingest job 4.37s
 ⣻ Processing the job 9.02s
   ▸ Processed records: 1000
   ▸ Successful records: 1000
   ▸ Failed records: 0

 Status: InProgress
 Job Id:
 750ct00000USL0DAAX (https://fortra--mergebuild.sandbox.my.salesforce.com/lightn
 ing/setup/AsyncApiJobStatus/page?address=%2F750ct00000USL0DAAX)
 Elapsed Time: 13.65s

[2K[1A[2K[1A[2K[1A[2K[1A[2K[1A[2K[1A[2K[1A[2K[1A[2K[1A[2K[1A[2K[1A[2K[1A[2K[1A[2K[1A[2K[1A[2K[G
 ───────────────── Importing data ─────────────────

 ✔ Creating ingest job 4.37s
 ⣻ Processing the job 9.05s
   ▸ Processed records: 1000
   ▸ Successful records: 1000
   ▸ Failed records: 0

 Status: InProgress
 Job Id:
 750ct00000USL0DAAX (https://fortra--mergebuild.sandbox.my.salesforce.com/lightn
 ing/setup/AsyncApiJobStatus/page?address=%2F750ct00000USL0DAAX)
 Elapsed Time: 13.68s

[2K[1A[2K[1A[2K[1A[2K[1A[2K[1A[2K[1A[2K[1A[2K[1A[2K[1A[2K[1A[2K[1A[2K[1A[2K[1A[2K[1A[2K[1A[2K[G
 ───────────────── Importing data ─────────────────

 ✔ Creating ingest job 4.37s
 ⢿ Processing the job 9.08s
   ▸ Processed records: 1000
   ▸ Successful records: 1000
   ▸ Failed records: 0

 Status: InProgress
 Job Id:
 750ct00000USL0DAAX (https://fortra--mergebuild.sandbox.my.salesforce.com/lightn
 ing/setup/AsyncApiJobStatus/page?address=%2F750ct00000USL0DAAX)
 Elapsed Time: 13.70s

[2K[1A[2K[1A[2K[1A[2K[1A[2K[1A[2K[1A[2K[1A[2K[1A[2K[1A[2K[1A[2K[1A[2K[1A[2K[1A[2K[1A[2K[1A[2K[G
 ───────────────── Importing data ─────────────────

 ✔ Creating ingest job 4.37s
 ⢿ Processing the job 9.11s
   ▸ Processed records: 1000
   ▸ Successful records: 1000
   ▸ Failed records: 0

 Status: InProgress
 Job Id:
 750ct00000USL0DAAX (https://fortra--mergebuild.sandbox.my.salesforce.com/lightn
 ing/setup/AsyncApiJobStatus/page?address=%2F750ct00000USL0DAAX)
 Elapsed Time: 13.73s

[2K[1A[2K[1A[2K[1A[2K[1A[2K[1A[2K[1A[2K[1A[2K[1A[2K[1A[2K[1A[2K[1A[2K[1A[2K[1A[2K[1A[2K[1A[2K[G
 ───────────────── Importing data ─────────────────

 ✔ Creating ingest job 4.37s
 ⢿ Processing the job 9.14s
   ▸ Processed records: 1000
   ▸ Successful records: 1000
   ▸ Failed records: 0

 Status: InProgress
 Job Id:
 750ct00000USL0DAAX (https://fortra--mergebuild.sandbox.my.salesforce.com/lightn
 ing/setup/AsyncApiJobStatus/page?address=%2F750ct00000USL0DAAX)
 Elapsed Time: 13.76s

[2K[1A[2K[1A[2K[1A[2K[1A[2K[1A[2K[1A[2K[1A[2K[1A[2K[1A[2K[1A[2K[1A[2K[1A[2K[1A[2K[1A[2K[1A[2K[G
 ───────────────── Importing data ─────────────────

 ✔ Creating ingest job 4.37s
 ⡿ Processing the job 9.17s
   ▸ Processed records: 1000
   ▸ Successful records: 1000
   ▸ Failed records: 0

 Status: InProgress
 Job Id:
 750ct00000USL0DAAX (https://fortra--mergebuild.sandbox.my.salesforce.com/lightn
 ing/setup/AsyncApiJobStatus/page?address=%2F750ct00000USL0DAAX)
 Elapsed Time: 13.79s

[2K[1A[2K[1A[2K[1A[2K[1A[2K[1A[2K[1A[2K[1A[2K[1A[2K[1A[2K[1A[2K[1A[2K[1A[2K[1A[2K[1A[2K[1A[2K[G
 ───────────────── Importing data ─────────────────

 ✔ Creating ingest job 4.37s
 ⡿ Processing the job 9.20s
   ▸ Processed records: 1000
   ▸ Successful records: 1000
   ▸ Failed records: 0

 Status: InProgress
 Job Id:
 750ct00000USL0DAAX (https://fortra--mergebuild.sandbox.my.salesforce.com/lightn
 ing/setup/AsyncApiJobStatus/page?address=%2F750ct00000USL0DAAX)
 Elapsed Time: 13.82s

[2K[1A[2K[1A[2K[1A[2K[1A[2K[1A[2K[1A[2K[1A[2K[1A[2K[1A[2K[1A[2K[1A[2K[1A[2K[1A[2K[1A[2K[1A[2K[G
 ───────────────── Importing data ─────────────────

 ✔ Creating ingest job 4.37s
 ⣟ Processing the job 9.23s
   ▸ Processed records: 1000
   ▸ Successful records: 1000
   ▸ Failed records: 0

 Status: InProgress
 Job Id:
 750ct00000USL0DAAX (https://fortra--mergebuild.sandbox.my.salesforce.com/lightn
 ing/setup/AsyncApiJobStatus/page?address=%2F750ct00000USL0DAAX)
 Elapsed Time: 13.85s

[2K[1A[2K[1A[2K[1A[2K[1A[2K[1A[2K[1A[2K[1A[2K[1A[2K[1A[2K[1A[2K[1A[2K[1A[2K[1A[2K[1A[2K[1A[2K[G
 ───────────────── Importing data ─────────────────

 ✔ Creating ingest job 4.37s
 ⣟ Processing the job 9.26s
   ▸ Processed records: 1000
   ▸ Successful records: 1000
   ▸ Failed records: 0

 Status: InProgress
 Job Id:
 750ct00000USL0DAAX (https://fortra--mergebuild.sandbox.my.salesforce.com/lightn
 ing/setup/AsyncApiJobStatus/page?address=%2F750ct00000USL0DAAX)
 Elapsed Time: 13.88s

[2K[1A[2K[1A[2K[1A[2K[1A[2K[1A[2K[1A[2K[1A[2K[1A[2K[1A[2K[1A[2K[1A[2K[1A[2K[1A[2K[1A[2K[1A[2K[G
 ───────────────── Importing data ─────────────────

 ✔ Creating ingest job 4.37s
 ⣟ Processing the job 9.28s
   ▸ Processed records: 1000
   ▸ Successful records: 1000
   ▸ Failed records: 0

 Status: InProgress
 Job Id:
 750ct00000USL0DAAX (https://fortra--mergebuild.sandbox.my.salesforce.com/lightn
 ing/setup/AsyncApiJobStatus/page?address=%2F750ct00000USL0DAAX)
 Elapsed Time: 13.91s

[2K[1A[2K[1A[2K[1A[2K[1A[2K[1A[2K[1A[2K[1A[2K[1A[2K[1A[2K[1A[2K[1A[2K[1A[2K[1A[2K[1A[2K[1A[2K[G
 ───────────────── Importing data ─────────────────

 ✔ Creating ingest job 4.37s
 ⣯ Processing the job 9.32s
   ▸ Processed records: 1000
   ▸ Successful records: 1000
   ▸ Failed records: 0

 Status: InProgress
 Job Id:
 750ct00000USL0DAAX (https://fortra--mergebuild.sandbox.my.salesforce.com/lightn
 ing/setup/AsyncApiJobStatus/page?address=%2F750ct00000USL0DAAX)
 Elapsed Time: 13.94s

[2K[1A[2K[1A[2K[1A[2K[1A[2K[1A[2K[1A[2K[1A[2K[1A[2K[1A[2K[1A[2K[1A[2K[1A[2K[1A[2K[1A[2K[1A[2K[G
 ───────────────── Importing data ─────────────────

 ✔ Creating ingest job 4.37s
 ⣯ Processing the job 9.34s
   ▸ Processed records: 1000
   ▸ Successful records: 1000
   ▸ Failed records: 0

 Status: InProgress
 Job Id:
 750ct00000USL0DAAX (https://fortra--mergebuild.sandbox.my.salesforce.com/lightn
 ing/setup/AsyncApiJobStatus/page?address=%2F750ct00000USL0DAAX)
 Elapsed Time: 13.97s

[2K[1A[2K[1A[2K[1A[2K[1A[2K[1A[2K[1A[2K[1A[2K[1A[2K[1A[2K[1A[2K[1A[2K[1A[2K[1A[2K[1A[2K[1A[2K[G
 ───────────────── Importing data ─────────────────

 ✔ Creating ingest job 4.37s
 ⣷ Processing the job 9.37s
   ▸ Processed records: 1000
   ▸ Successful records: 1000
   ▸ Failed records: 0

 Status: InProgress
 Job Id:
 750ct00000USL0DAAX (https://fortra--mergebuild.sandbox.my.salesforce.com/lightn
 ing/setup/AsyncApiJobStatus/page?address=%2F750ct00000USL0DAAX)
 Elapsed Time: 14.00s

[2K[1A[2K[1A[2K[1A[2K[1A[2K[1A[2K[1A[2K[1A[2K[1A[2K[1A[2K[1A[2K[1A[2K[1A[2K[1A[2K[1A[2K[1A[2K[G
 ───────────────── Importing data ─────────────────

 ✔ Creating ingest job 4.37s
 ⣷ Processing the job 9.40s
   ▸ Processed records: 1000
   ▸ Successful records: 1000
   ▸ Failed records: 0

 Status: InProgress
 Job Id:
 750ct00000USL0DAAX (https://fortra--mergebuild.sandbox.my.salesforce.com/lightn
 ing/setup/AsyncApiJobStatus/page?address=%2F750ct00000USL0DAAX)
 Elapsed Time: 14.03s

[2K[1A[2K[1A[2K[1A[2K[1A[2K[1A[2K[1A[2K[1A[2K[1A[2K[1A[2K[1A[2K[1A[2K[1A[2K[1A[2K[1A[2K[1A[2K[G
 ───────────────── Importing data ─────────────────

 ✔ Creating ingest job 4.37s
 ⣷ Processing the job 9.42s
   ▸ Processed records: 1000
   ▸ Successful records: 1000
   ▸ Failed records: 0

 Status: InProgress
 Job Id:
 750ct00000USL0DAAX (https://fortra--mergebuild.sandbox.my.salesforce.com/lightn
 ing/setup/AsyncApiJobStatus/page?address=%2F750ct00000USL0DAAX)
 Elapsed Time: 14.06s

[2K[1A[2K[1A[2K[1A[2K[1A[2K[1A[2K[1A[2K[1A[2K[1A[2K[1A[2K[1A[2K[1A[2K[1A[2K[1A[2K[1A[2K[1A[2K[G
 ───────────────── Importing data ─────────────────

 ✔ Creating ingest job 4.37s
 ⣾ Processing the job 9.45s
   ▸ Processed records: 1000
   ▸ Successful records: 1000
   ▸ Failed records: 0

 Status: InProgress
 Job Id:
 750ct00000USL0DAAX (https://fortra--mergebuild.sandbox.my.salesforce.com/lightn
 ing/setup/AsyncApiJobStatus/page?address=%2F750ct00000USL0DAAX)
 Elapsed Time: 14.08s

[2K[1A[2K[1A[2K[1A[2K[1A[2K[1A[2K[1A[2K[1A[2K[1A[2K[1A[2K[1A[2K[1A[2K[1A[2K[1A[2K[1A[2K[1A[2K[G
 ───────────────── Importing data ─────────────────

 ✔ Creating ingest job 4.37s
 ⣾ Processing the job 9.48s
   ▸ Processed records: 1000
   ▸ Successful records: 1000
   ▸ Failed records: 0

 Status: InProgress
 Job Id:
 750ct00000USL0DAAX (https://fortra--mergebuild.sandbox.my.salesforce.com/lightn
 ing/setup/AsyncApiJobStatus/page?address=%2F750ct00000USL0DAAX)
 Elapsed Time: 14.11s

[2K[1A[2K[1A[2K[1A[2K[1A[2K[1A[2K[1A[2K[1A[2K[1A[2K[1A[2K[1A[2K[1A[2K[1A[2K[1A[2K[1A[2K[1A[2K[G
 ───────────────── Importing data ─────────────────

 ✔ Creating ingest job 4.37s
 ⣽ Processing the job 9.51s
   ▸ Processed records: 1000
   ▸ Successful records: 1000
   ▸ Failed records: 0

 Status: InProgress
 Job Id:
 750ct00000USL0DAAX (https://fortra--mergebuild.sandbox.my.salesforce.com/lightn
 ing/setup/AsyncApiJobStatus/page?address=%2F750ct00000USL0DAAX)
 Elapsed Time: 14.15s

[2K[1A[2K[1A[2K[1A[2K[1A[2K[1A[2K[1A[2K[1A[2K[1A[2K[1A[2K[1A[2K[1A[2K[1A[2K[1A[2K[1A[2K[1A[2K[G
 ───────────────── Importing data ─────────────────

 ✔ Creating ingest job 4.37s
 ⣽ Processing the job 9.54s
   ▸ Processed records: 1000
   ▸ Successful records: 1000
   ▸ Failed records: 0

 Status: InProgress
 Job Id:
 750ct00000USL0DAAX (https://fortra--mergebuild.sandbox.my.salesforce.com/lightn
 ing/setup/AsyncApiJobStatus/page?address=%2F750ct00000USL0DAAX)
 Elapsed Time: 14.18s

[2K[1A[2K[1A[2K[1A[2K[1A[2K[1A[2K[1A[2K[1A[2K[1A[2K[1A[2K[1A[2K[1A[2K[1A[2K[1A[2K[1A[2K[1A[2K[G
 ───────────────── Importing data ─────────────────

 ✔ Creating ingest job 4.37s
 ⣽ Processing the job 9.57s
   ▸ Processed records: 1000
   ▸ Successful records: 1000
   ▸ Failed records: 0

 Status: InProgress
 Job Id:
 750ct00000USL0DAAX (https://fortra--mergebuild.sandbox.my.salesforce.com/lightn
 ing/setup/AsyncApiJobStatus/page?address=%2F750ct00000USL0DAAX)
 Elapsed Time: 14.21s

[2K[1A[2K[1A[2K[1A[2K[1A[2K[1A[2K[1A[2K[1A[2K[1A[2K[1A[2K[1A[2K[1A[2K[1A[2K[1A[2K[1A[2K[1A[2K[G
 ───────────────── Importing data ─────────────────

 ✔ Creating ingest job 4.37s
 ⣻ Processing the job 9.60s
   ▸ Processed records: 1000
   ▸ Successful records: 1000
   ▸ Failed records: 0

 Status: InProgress
 Job Id:
 750ct00000USL0DAAX (https://fortra--mergebuild.sandbox.my.salesforce.com/lightn
 ing/setup/AsyncApiJobStatus/page?address=%2F750ct00000USL0DAAX)
 Elapsed Time: 14.24s

[2K[1A[2K[1A[2K[1A[2K[1A[2K[1A[2K[1A[2K[1A[2K[1A[2K[1A[2K[1A[2K[1A[2K[1A[2K[1A[2K[1A[2K[1A[2K[G
 ───────────────── Importing data ─────────────────

 ✔ Creating ingest job 4.37s
 ⣻ Processing the job 9.63s
   ▸ Processed records: 1000
   ▸ Successful records: 1000
   ▸ Failed records: 0

 Status: InProgress
 Job Id:
 750ct00000USL0DAAX (https://fortra--mergebuild.sandbox.my.salesforce.com/lightn
 ing/setup/AsyncApiJobStatus/page?address=%2F750ct00000USL0DAAX)
 Elapsed Time: 14.27s

[2K[1A[2K[1A[2K[1A[2K[1A[2K[1A[2K[1A[2K[1A[2K[1A[2K[1A[2K[1A[2K[1A[2K[1A[2K[1A[2K[1A[2K[1A[2K[G
 ───────────────── Importing data ─────────────────

 ✔ Creating ingest job 4.37s
 ⢿ Processing the job 9.66s
   ▸ Processed records: 1000
   ▸ Successful records: 1000
   ▸ Failed records: 0

 Status: InProgress
 Job Id:
 750ct00000USL0DAAX (https://fortra--mergebuild.sandbox.my.salesforce.com/lightn
 ing/setup/AsyncApiJobStatus/page?address=%2F750ct00000USL0DAAX)
 Elapsed Time: 14.30s

[2K[1A[2K[1A[2K[1A[2K[1A[2K[1A[2K[1A[2K[1A[2K[1A[2K[1A[2K[1A[2K[1A[2K[1A[2K[1A[2K[1A[2K[1A[2K[G
 ───────────────── Importing data ─────────────────

 ✔ Creating ingest job 4.37s
 ⢿ Processing the job 9.69s
   ▸ Processed records: 1000
   ▸ Successful records: 1000
   ▸ Failed records: 0

 Status: InProgress
 Job Id:
 750ct00000USL0DAAX (https://fortra--mergebuild.sandbox.my.salesforce.com/lightn
 ing/setup/AsyncApiJobStatus/page?address=%2F750ct00000USL0DAAX)
 Elapsed Time: 14.33s

[2K[1A[2K[1A[2K[1A[2K[1A[2K[1A[2K[1A[2K[1A[2K[1A[2K[1A[2K[1A[2K[1A[2K[1A[2K[1A[2K[1A[2K[1A[2K[G
 ───────────────── Importing data ─────────────────

 ✔ Creating ingest job 4.37s
 ⢿ Processing the job 9.72s
   ▸ Processed records: 1000
   ▸ Successful records: 1000
   ▸ Failed records: 0

 Status: InProgress
 Job Id:
 750ct00000USL0DAAX (https://fortra--mergebuild.sandbox.my.salesforce.com/lightn
 ing/setup/AsyncApiJobStatus/page?address=%2F750ct00000USL0DAAX)
 Elapsed Time: 14.36s

[2K[1A[2K[1A[2K[1A[2K[1A[2K[1A[2K[1A[2K[1A[2K[1A[2K[1A[2K[1A[2K[1A[2K[1A[2K[1A[2K[1A[2K[1A[2K[G
 ───────────────── Importing data ─────────────────

 ✔ Creating ingest job 4.37s
 ⡿ Processing the job 9.75s
   ▸ Processed records: 1000
   ▸ Successful records: 1000
   ▸ Failed records: 0

 Status: InProgress
 Job Id:
 750ct00000USL0DAAX (https://fortra--mergebuild.sandbox.my.salesforce.com/lightn
 ing/setup/AsyncApiJobStatus/page?address=%2F750ct00000USL0DAAX)
 Elapsed Time: 14.39s

[2K[1A[2K[1A[2K[1A[2K[1A[2K[1A[2K[1A[2K[1A[2K[1A[2K[1A[2K[1A[2K[1A[2K[1A[2K[1A[2K[1A[2K[1A[2K[G
 ───────────────── Importing data ─────────────────

 ✔ Creating ingest job 4.37s
 ⡿ Processing the job 9.78s
   ▸ Processed records: 1000
   ▸ Successful records: 1000
   ▸ Failed records: 0

 Status: InProgress
 Job Id:
 750ct00000USL0DAAX (https://fortra--mergebuild.sandbox.my.salesforce.com/lightn
 ing/setup/AsyncApiJobStatus/page?address=%2F750ct00000USL0DAAX)
 Elapsed Time: 14.42s

[2K[1A[2K[1A[2K[1A[2K[1A[2K[1A[2K[1A[2K[1A[2K[1A[2K[1A[2K[1A[2K[1A[2K[1A[2K[1A[2K[1A[2K[1A[2K[G
 ───────────────── Importing data ─────────────────

 ✔ Creating ingest job 4.37s
 ⣟ Processing the job 9.81s
   ▸ Processed records: 1000
   ▸ Successful records: 1000
   ▸ Failed records: 0

 Status: InProgress
 Job Id:
 750ct00000USL0DAAX (https://fortra--mergebuild.sandbox.my.salesforce.com/lightn
 ing/setup/AsyncApiJobStatus/page?address=%2F750ct00000USL0DAAX)
 Elapsed Time: 14.45s

[2K[1A[2K[1A[2K[1A[2K[1A[2K[1A[2K[1A[2K[1A[2K[1A[2K[1A[2K[1A[2K[1A[2K[1A[2K[1A[2K[1A[2K[1A[2K[G
 ───────────────── Importing data ─────────────────

 ✔ Creating ingest job 4.37s
 ⣟ Processing the job 9.84s
   ▸ Processed records: 1000
   ▸ Successful records: 1000
   ▸ Failed records: 0

 Status: InProgress
 Job Id:
 750ct00000USL0DAAX (https://fortra--mergebuild.sandbox.my.salesforce.com/lightn
 ing/setup/AsyncApiJobStatus/page?address=%2F750ct00000USL0DAAX)
 Elapsed Time: 14.48s

[2K[1A[2K[1A[2K[1A[2K[1A[2K[1A[2K[1A[2K[1A[2K[1A[2K[1A[2K[1A[2K[1A[2K[1A[2K[1A[2K[1A[2K[1A[2K[G
 ───────────────── Importing data ─────────────────

 ✔ Creating ingest job 4.37s
 ⣟ Processing the job 9.87s
   ▸ Processed records: 1000
   ▸ Successful records: 1000
   ▸ Failed records: 0

 Status: InProgress
 Job Id:
 750ct00000USL0DAAX (https://fortra--mergebuild.sandbox.my.salesforce.com/lightn
 ing/setup/AsyncApiJobStatus/page?address=%2F750ct00000USL0DAAX)
 Elapsed Time: 14.51s

[2K[1A[2K[1A[2K[1A[2K[1A[2K[1A[2K[1A[2K[1A[2K[1A[2K[1A[2K[1A[2K[1A[2K[1A[2K[1A[2K[1A[2K[1A[2K[G
 ───────────────── Importing data ─────────────────

 ✔ Creating ingest job 4.37s
 ⣯ Processing the job 9.90s
   ▸ Processed records: 1000
   ▸ Successful records: 1000
   ▸ Failed records: 0

 Status: InProgress
 Job Id:
 750ct00000USL0DAAX (https://fortra--mergebuild.sandbox.my.salesforce.com/lightn
 ing/setup/AsyncApiJobStatus/page?address=%2F750ct00000USL0DAAX)
 Elapsed Time: 14.55s

[2K[1A[2K[1A[2K[1A[2K[1A[2K[1A[2K[1A[2K[1A[2K[1A[2K[1A[2K[1A[2K[1A[2K[1A[2K[1A[2K[1A[2K[1A[2K[G
 ───────────────── Importing data ─────────────────

 ✔ Creating ingest job 4.37s
 ⣯ Processing the job 9.93s
   ▸ Processed records: 1000
   ▸ Successful records: 1000
   ▸ Failed records: 0

 Status: InProgress
 Job Id:
 750ct00000USL0DAAX (https://fortra--mergebuild.sandbox.my.salesforce.com/lightn
 ing/setup/AsyncApiJobStatus/page?address=%2F750ct00000USL0DAAX)
 Elapsed Time: 14.58s

[2K[1A[2K[1A[2K[1A[2K[1A[2K[1A[2K[1A[2K[1A[2K[1A[2K[1A[2K[1A[2K[1A[2K[1A[2K[1A[2K[1A[2K[1A[2K[G
 ───────────────── Importing data ─────────────────

 ✔ Creating ingest job 4.37s
 ⣷ Processing the job 9.96s
   ▸ Processed records: 1000
   ▸ Successful records: 1000
   ▸ Failed records: 0

 Status: InProgress
 Job Id:
 750ct00000USL0DAAX (https://fortra--mergebuild.sandbox.my.salesforce.com/lightn
 ing/setup/AsyncApiJobStatus/page?address=%2F750ct00000USL0DAAX)
 Elapsed Time: 14.61s

[2K[1A[2K[1A[2K[1A[2K[1A[2K[1A[2K[1A[2K[1A[2K[1A[2K[1A[2K[1A[2K[1A[2K[1A[2K[1A[2K[1A[2K[1A[2K[G
 ───────────────── Importing data ─────────────────

 ✔ Creating ingest job 4.37s
 ⣷ Processing the job 10.00s
   ▸ Processed records: 1000
   ▸ Successful records: 1000
   ▸ Failed records: 0

 Status: InProgress
 Job Id:
 750ct00000USL0DAAX (https://fortra--mergebuild.sandbox.my.salesforce.com/lightn
 ing/setup/AsyncApiJobStatus/page?address=%2F750ct00000USL0DAAX)
 Elapsed Time: 14.64s

[2K[1A[2K[1A[2K[1A[2K[1A[2K[1A[2K[1A[2K[1A[2K[1A[2K[1A[2K[1A[2K[1A[2K[1A[2K[1A[2K[1A[2K[1A[2K[G
 ───────────────── Importing data ─────────────────

 ✔ Creating ingest job 4.37s
 ⣷ Processing the job 10.03s
   ▸ Processed records: 1000
   ▸ Successful records: 1000
   ▸ Failed records: 0

 Status: InProgress
 Job Id:
 750ct00000USL0DAAX (https://fortra--mergebuild.sandbox.my.salesforce.com/lightn
 ing/setup/AsyncApiJobStatus/page?address=%2F750ct00000USL0DAAX)
 Elapsed Time: 14.67s

[2K[1A[2K[1A[2K[1A[2K[1A[2K[1A[2K[1A[2K[1A[2K[1A[2K[1A[2K[1A[2K[1A[2K[1A[2K[1A[2K[1A[2K[1A[2K[G
 ───────────────── Importing data ─────────────────

 ✔ Creating ingest job 4.37s
 ⣾ Processing the job 10.06s
   ▸ Processed records: 1000
   ▸ Successful records: 1000
   ▸ Failed records: 0

 Status: InProgress
 Job Id:
 750ct00000USL0DAAX (https://fortra--mergebuild.sandbox.my.salesforce.com/lightn
 ing/setup/AsyncApiJobStatus/page?address=%2F750ct00000USL0DAAX)
 Elapsed Time: 14.70s

[2K[1A[2K[1A[2K[1A[2K[1A[2K[1A[2K[1A[2K[1A[2K[1A[2K[1A[2K[1A[2K[1A[2K[1A[2K[1A[2K[1A[2K[1A[2K[G
 ───────────────── Importing data ─────────────────

 ✔ Creating ingest job 4.37s
 ⣾ Processing the job 10.09s
   ▸ Processed records: 1000
   ▸ Successful records: 1000
   ▸ Failed records: 0

 Status: InProgress
 Job Id:
 750ct00000USL0DAAX (https://fortra--mergebuild.sandbox.my.salesforce.com/lightn
 ing/setup/AsyncApiJobStatus/page?address=%2F750ct00000USL0DAAX)
 Elapsed Time: 14.73s

[2K[1A[2K[1A[2K[1A[2K[1A[2K[1A[2K[1A[2K[1A[2K[1A[2K[1A[2K[1A[2K[1A[2K[1A[2K[1A[2K[1A[2K[1A[2K[G
 ───────────────── Importing data ─────────────────

 ✔ Creating ingest job 4.37s
 ⣽ Processing the job 10.12s
   ▸ Processed records: 1000
   ▸ Successful records: 1000
   ▸ Failed records: 0

 Status: InProgress
 Job Id:
 750ct00000USL0DAAX (https://fortra--mergebuild.sandbox.my.salesforce.com/lightn
 ing/setup/AsyncApiJobStatus/page?address=%2F750ct00000USL0DAAX)
 Elapsed Time: 14.76s

[2K[1A[2K[1A[2K[1A[2K[1A[2K[1A[2K[1A[2K[1A[2K[1A[2K[1A[2K[1A[2K[1A[2K[1A[2K[1A[2K[1A[2K[1A[2K[G
 ───────────────── Importing data ─────────────────

 ✔ Creating ingest job 4.37s
 ⣽ Processing the job 10.16s
   ▸ Processed records: 1000
   ▸ Successful records: 1000
   ▸ Failed records: 0

 Status: InProgress
 Job Id:
 750ct00000USL0DAAX (https://fortra--mergebuild.sandbox.my.salesforce.com/lightn
 ing/setup/AsyncApiJobStatus/page?address=%2F750ct00000USL0DAAX)
 Elapsed Time: 14.79s

[2K[1A[2K[1A[2K[1A[2K[1A[2K[1A[2K[1A[2K[1A[2K[1A[2K[1A[2K[1A[2K[1A[2K[1A[2K[1A[2K[1A[2K[1A[2K[G
 ───────────────── Importing data ─────────────────

 ✔ Creating ingest job 4.37s
 ⣽ Processing the job 10.19s
   ▸ Processed records: 1000
   ▸ Successful records: 1000
   ▸ Failed records: 0

 Status: InProgress
 Job Id:
 750ct00000USL0DAAX (https://fortra--mergebuild.sandbox.my.salesforce.com/lightn
 ing/setup/AsyncApiJobStatus/page?address=%2F750ct00000USL0DAAX)
 Elapsed Time: 14.83s

[2K[1A[2K[1A[2K[1A[2K[1A[2K[1A[2K[1A[2K[1A[2K[1A[2K[1A[2K[1A[2K[1A[2K[1A[2K[1A[2K[1A[2K[1A[2K[G
 ───────────────── Importing data ─────────────────

 ✔ Creating ingest job 4.37s
 ⣻ Processing the job 10.22s
   ▸ Processed records: 1000
   ▸ Successful records: 1000
   ▸ Failed records: 0

 Status: InProgress
 Job Id:
 750ct00000USL0DAAX (https://fortra--mergebuild.sandbox.my.salesforce.com/lightn
 ing/setup/AsyncApiJobStatus/page?address=%2F750ct00000USL0DAAX)
 Elapsed Time: 14.86s

[2K[1A[2K[1A[2K[1A[2K[1A[2K[1A[2K[1A[2K[1A[2K[1A[2K[1A[2K[1A[2K[1A[2K[1A[2K[1A[2K[1A[2K[1A[2K[G
 ───────────────── Importing data ─────────────────

 ✔ Creating ingest job 4.37s
 ⣻ Processing the job 10.25s
   ▸ Processed records: 1000
   ▸ Successful records: 1000
   ▸ Failed records: 0

 Status: InProgress
 Job Id:
 750ct00000USL0DAAX (https://fortra--mergebuild.sandbox.my.salesforce.com/lightn
 ing/setup/AsyncApiJobStatus/page?address=%2F750ct00000USL0DAAX)
 Elapsed Time: 14.89s

[2K[1A[2K[1A[2K[1A[2K[1A[2K[1A[2K[1A[2K[1A[2K[1A[2K[1A[2K[1A[2K[1A[2K[1A[2K[1A[2K[1A[2K[1A[2K[G
 ───────────────── Importing data ─────────────────

 ✔ Creating ingest job 4.37s
 ⢿ Processing the job 10.28s
   ▸ Processed records: 1000
   ▸ Successful records: 1000
   ▸ Failed records: 0

 Status: InProgress
 Job Id:
 750ct00000USL0DAAX (https://fortra--mergebuild.sandbox.my.salesforce.com/lightn
 ing/setup/AsyncApiJobStatus/page?address=%2F750ct00000USL0DAAX)
 Elapsed Time: 14.92s

[2K[1A[2K[1A[2K[1A[2K[1A[2K[1A[2K[1A[2K[1A[2K[1A[2K[1A[2K[1A[2K[1A[2K[1A[2K[1A[2K[1A[2K[1A[2K[G
 ───────────────── Importing data ─────────────────

 ✔ Creating ingest job 4.37s
 ⢿ Processing the job 10.31s
   ▸ Processed records: 1000
   ▸ Successful records: 1000
   ▸ Failed records: 0

 Status: InProgress
 Job Id:
 750ct00000USL0DAAX (https://fortra--mergebuild.sandbox.my.salesforce.com/lightn
 ing/setup/AsyncApiJobStatus/page?address=%2F750ct00000USL0DAAX)
 Elapsed Time: 14.95s

[2K[1A[2K[1A[2K[1A[2K[1A[2K[1A[2K[1A[2K[1A[2K[1A[2K[1A[2K[1A[2K[1A[2K[1A[2K[1A[2K[1A[2K[1A[2K[G
 ───────────────── Importing data ─────────────────

 ✔ Creating ingest job 4.37s
 ⢿ Processing the job 10.34s
   ▸ Processed records: 1000
   ▸ Successful records: 1000
   ▸ Failed records: 0

 Status: InProgress
 Job Id:
 750ct00000USL0DAAX (https://fortra--mergebuild.sandbox.my.salesforce.com/lightn
 ing/setup/AsyncApiJobStatus/page?address=%2F750ct00000USL0DAAX)
 Elapsed Time: 14.98s

[2K[1A[2K[1A[2K[1A[2K[1A[2K[1A[2K[1A[2K[1A[2K[1A[2K[1A[2K[1A[2K[1A[2K[1A[2K[1A[2K[1A[2K[1A[2K[G
 ───────────────── Importing data ─────────────────

 ✔ Creating ingest job 4.37s
 ⡿ Processing the job 10.37s
   ▸ Processed records: 1000
   ▸ Successful records: 1000
   ▸ Failed records: 0

 Status: InProgress
 Job Id:
 750ct00000USL0DAAX (https://fortra--mergebuild.sandbox.my.salesforce.com/lightn
 ing/setup/AsyncApiJobStatus/page?address=%2F750ct00000USL0DAAX)
 Elapsed Time: 15.01s

[2K[1A[2K[1A[2K[1A[2K[1A[2K[1A[2K[1A[2K[1A[2K[1A[2K[1A[2K[1A[2K[1A[2K[1A[2K[1A[2K[1A[2K[1A[2K[G
 ───────────────── Importing data ─────────────────

 ✔ Creating ingest job 4.37s
 ⡿ Processing the job 10.40s
   ▸ Processed records: 1000
   ▸ Successful records: 1000
   ▸ Failed records: 0

 Status: InProgress
 Job Id:
 750ct00000USL0DAAX (https://fortra--mergebuild.sandbox.my.salesforce.com/lightn
 ing/setup/AsyncApiJobStatus/page?address=%2F750ct00000USL0DAAX)
 Elapsed Time: 15.05s

[2K[1A[2K[1A[2K[1A[2K[1A[2K[1A[2K[1A[2K[1A[2K[1A[2K[1A[2K[1A[2K[1A[2K[1A[2K[1A[2K[1A[2K[1A[2K[G
 ───────────────── Importing data ─────────────────

 ✔ Creating ingest job 4.37s
 ⣟ Processing the job 10.43s
   ▸ Processed records: 1000
   ▸ Successful records: 1000
   ▸ Failed records: 0

 Status: InProgress
 Job Id:
 750ct00000USL0DAAX (https://fortra--mergebuild.sandbox.my.salesforce.com/lightn
 ing/setup/AsyncApiJobStatus/page?address=%2F750ct00000USL0DAAX)
 Elapsed Time: 15.07s

[2K[1A[2K[1A[2K[1A[2K[1A[2K[1A[2K[1A[2K[1A[2K[1A[2K[1A[2K[1A[2K[1A[2K[1A[2K[1A[2K[1A[2K[1A[2K[G
 ───────────────── Importing data ─────────────────

 ✔ Creating ingest job 4.37s
 ⣟ Processing the job 10.46s
   ▸ Processed records: 1000
   ▸ Successful records: 1000
   ▸ Failed records: 0

 Status: InProgress
 Job Id:
 750ct00000USL0DAAX (https://fortra--mergebuild.sandbox.my.salesforce.com/lightn
 ing/setup/AsyncApiJobStatus/page?address=%2F750ct00000USL0DAAX)
 Elapsed Time: 15.11s

[2K[1A[2K[1A[2K[1A[2K[1A[2K[1A[2K[1A[2K[1A[2K[1A[2K[1A[2K[1A[2K[1A[2K[1A[2K[1A[2K[1A[2K[1A[2K[G
 ───────────────── Importing data ─────────────────

 ✔ Creating ingest job 4.37s
 ⣟ Processing the job 10.49s
   ▸ Processed records: 1000
   ▸ Successful records: 1000
   ▸ Failed records: 0

 Status: InProgress
 Job Id:
 750ct00000USL0DAAX (https://fortra--mergebuild.sandbox.my.salesforce.com/lightn
 ing/setup/AsyncApiJobStatus/page?address=%2F750ct00000USL0DAAX)
 Elapsed Time: 15.14s

[2K[1A[2K[1A[2K[1A[2K[1A[2K[1A[2K[1A[2K[1A[2K[1A[2K[1A[2K[1A[2K[1A[2K[1A[2K[1A[2K[1A[2K[1A[2K[G
 ───────────────── Importing data ─────────────────

 ✔ Creating ingest job 4.37s
 ⣯ Processing the job 10.52s
   ▸ Processed records: 1000
   ▸ Successful records: 1000
   ▸ Failed records: 0

 Status: InProgress
 Job Id:
 750ct00000USL0DAAX (https://fortra--mergebuild.sandbox.my.salesforce.com/lightn
 ing/setup/AsyncApiJobStatus/page?address=%2F750ct00000USL0DAAX)
 Elapsed Time: 15.17s

[2K[1A[2K[1A[2K[1A[2K[1A[2K[1A[2K[1A[2K[1A[2K[1A[2K[1A[2K[1A[2K[1A[2K[1A[2K[1A[2K[1A[2K[1A[2K[G
 ───────────────── Importing data ─────────────────

 ✔ Creating ingest job 4.37s
 ⣯ Processing the job 10.55s
   ▸ Processed records: 1000
   ▸ Successful records: 1000
   ▸ Failed records: 0

 Status: InProgress
 Job Id:
 750ct00000USL0DAAX (https://fortra--mergebuild.sandbox.my.salesforce.com/lightn
 ing/setup/AsyncApiJobStatus/page?address=%2F750ct00000USL0DAAX)
 Elapsed Time: 15.20s

[2K[1A[2K[1A[2K[1A[2K[1A[2K[1A[2K[1A[2K[1A[2K[1A[2K[1A[2K[1A[2K[1A[2K[1A[2K[1A[2K[1A[2K[1A[2K[G
 ───────────────── Importing data ─────────────────

 ✔ Creating ingest job 4.37s
 ⣷ Processing the job 10.58s
   ▸ Processed records: 1000
   ▸ Successful records: 1000
   ▸ Failed records: 0

 Status: InProgress
 Job Id:
 750ct00000USL0DAAX (https://fortra--mergebuild.sandbox.my.salesforce.com/lightn
 ing/setup/AsyncApiJobStatus/page?address=%2F750ct00000USL0DAAX)
 Elapsed Time: 15.23s

[2K[1A[2K[1A[2K[1A[2K[1A[2K[1A[2K[1A[2K[1A[2K[1A[2K[1A[2K[1A[2K[1A[2K[1A[2K[1A[2K[1A[2K[1A[2K[G
 ───────────────── Importing data ─────────────────

 ✔ Creating ingest job 4.37s
 ⣷ Processing the job 10.61s
   ▸ Processed records: 1000
   ▸ Successful records: 1000
   ▸ Failed records: 0

 Status: InProgress
 Job Id:
 750ct00000USL0DAAX (https://fortra--mergebuild.sandbox.my.salesforce.com/lightn
 ing/setup/AsyncApiJobStatus/page?address=%2F750ct00000USL0DAAX)
 Elapsed Time: 15.26s

[2K[1A[2K[1A[2K[1A[2K[1A[2K[1A[2K[1A[2K[1A[2K[1A[2K[1A[2K[1A[2K[1A[2K[1A[2K[1A[2K[1A[2K[1A[2K[G
 ───────────────── Importing data ─────────────────

 ✔ Creating ingest job 4.37s
 ⣷ Processing the job 10.64s
   ▸ Processed records: 1000
   ▸ Successful records: 1000
   ▸ Failed records: 0

 Status: InProgress
 Job Id:
 750ct00000USL0DAAX (https://fortra--mergebuild.sandbox.my.salesforce.com/lightn
 ing/setup/AsyncApiJobStatus/page?address=%2F750ct00000USL0DAAX)
 Elapsed Time: 15.28s

[2K[1A[2K[1A[2K[1A[2K[1A[2K[1A[2K[1A[2K[1A[2K[1A[2K[1A[2K[1A[2K[1A[2K[1A[2K[1A[2K[1A[2K[1A[2K[G
 ───────────────── Importing data ─────────────────

 ✔ Creating ingest job 4.37s
 ⣾ Processing the job 10.66s
   ▸ Processed records: 1000
   ▸ Successful records: 1000
   ▸ Failed records: 0

 Status: InProgress
 Job Id:
 750ct00000USL0DAAX (https://fortra--mergebuild.sandbox.my.salesforce.com/lightn
 ing/setup/AsyncApiJobStatus/page?address=%2F750ct00000USL0DAAX)
 Elapsed Time: 15.32s

[2K[1A[2K[1A[2K[1A[2K[1A[2K[1A[2K[1A[2K[1A[2K[1A[2K[1A[2K[1A[2K[1A[2K[1A[2K[1A[2K[1A[2K[1A[2K[G
 ───────────────── Importing data ─────────────────

 ✔ Creating ingest job 4.37s
 ⣾ Processing the job 10.69s
   ▸ Processed records: 1000
   ▸ Successful records: 1000
   ▸ Failed records: 0

 Status: InProgress
 Job Id:
 750ct00000USL0DAAX (https://fortra--mergebuild.sandbox.my.salesforce.com/lightn
 ing/setup/AsyncApiJobStatus/page?address=%2F750ct00000USL0DAAX)
 Elapsed Time: 15.35s

[2K[1A[2K[1A[2K[1A[2K[1A[2K[1A[2K[1A[2K[1A[2K[1A[2K[1A[2K[1A[2K[1A[2K[1A[2K[1A[2K[1A[2K[1A[2K[G
 ───────────────── Importing data ─────────────────

 ✔ Creating ingest job 4.37s
 ⣽ Processing the job 10.73s
   ▸ Processed records: 1000
   ▸ Successful records: 1000
   ▸ Failed records: 0

 Status: InProgress
 Job Id:
 750ct00000USL0DAAX (https://fortra--mergebuild.sandbox.my.salesforce.com/lightn
 ing/setup/AsyncApiJobStatus/page?address=%2F750ct00000USL0DAAX)
 Elapsed Time: 15.38s

[2K[1A[2K[1A[2K[1A[2K[1A[2K[1A[2K[1A[2K[1A[2K[1A[2K[1A[2K[1A[2K[1A[2K[1A[2K[1A[2K[1A[2K[1A[2K[G
 ───────────────── Importing data ─────────────────

 ✔ Creating ingest job 4.37s
 ⣽ Processing the job 10.75s
   ▸ Processed records: 1000
   ▸ Successful records: 1000
   ▸ Failed records: 0

 Status: InProgress
 Job Id:
 750ct00000USL0DAAX (https://fortra--mergebuild.sandbox.my.salesforce.com/lightn
 ing/setup/AsyncApiJobStatus/page?address=%2F750ct00000USL0DAAX)
 Elapsed Time: 15.41s

[2K[1A[2K[1A[2K[1A[2K[1A[2K[1A[2K[1A[2K[1A[2K[1A[2K[1A[2K[1A[2K[1A[2K[1A[2K[1A[2K[1A[2K[1A[2K[G
 ───────────────── Importing data ─────────────────

 ✔ Creating ingest job 4.37s
 ⣽ Processing the job 10.78s
   ▸ Processed records: 1000
   ▸ Successful records: 1000
   ▸ Failed records: 0

 Status: InProgress
 Job Id:
 750ct00000USL0DAAX (https://fortra--mergebuild.sandbox.my.salesforce.com/lightn
 ing/setup/AsyncApiJobStatus/page?address=%2F750ct00000USL0DAAX)
 Elapsed Time: 15.44s

[2K[1A[2K[1A[2K[1A[2K[1A[2K[1A[2K[1A[2K[1A[2K[1A[2K[1A[2K[1A[2K[1A[2K[1A[2K[1A[2K[1A[2K[1A[2K[G
 ───────────────── Importing data ─────────────────

 ✔ Creating ingest job 4.37s
 ⣻ Processing the job 10.81s
   ▸ Processed records: 1000
   ▸ Successful records: 1000
   ▸ Failed records: 0

 Status: InProgress
 Job Id:
 750ct00000USL0DAAX (https://fortra--mergebuild.sandbox.my.salesforce.com/lightn
 ing/setup/AsyncApiJobStatus/page?address=%2F750ct00000USL0DAAX)
 Elapsed Time: 15.47s

[2K[1A[2K[1A[2K[1A[2K[1A[2K[1A[2K[1A[2K[1A[2K[1A[2K[1A[2K[1A[2K[1A[2K[1A[2K[1A[2K[1A[2K[1A[2K[G
 ───────────────── Importing data ─────────────────

 ✔ Creating ingest job 4.37s
 ⣻ Processing the job 10.84s
   ▸ Processed records: 1000
   ▸ Successful records: 1000
   ▸ Failed records: 0

 Status: InProgress
 Job Id:
 750ct00000USL0DAAX (https://fortra--mergebuild.sandbox.my.salesforce.com/lightn
 ing/setup/AsyncApiJobStatus/page?address=%2F750ct00000USL0DAAX)
 Elapsed Time: 15.50s

[2K[1A[2K[1A[2K[1A[2K[1A[2K[1A[2K[1A[2K[1A[2K[1A[2K[1A[2K[1A[2K[1A[2K[1A[2K[1A[2K[1A[2K[1A[2K[G
 ───────────────── Importing data ─────────────────

 ✔ Creating ingest job 4.37s
 ⢿ Processing the job 10.87s
   ▸ Processed records: 1000
   ▸ Successful records: 1000
   ▸ Failed records: 0

 Status: InProgress
 Job Id:
 750ct00000USL0DAAX (https://fortra--mergebuild.sandbox.my.salesforce.com/lightn
 ing/setup/AsyncApiJobStatus/page?address=%2F750ct00000USL0DAAX)
 Elapsed Time: 15.52s

[2K[1A[2K[1A[2K[1A[2K[1A[2K[1A[2K[1A[2K[1A[2K[1A[2K[1A[2K[1A[2K[1A[2K[1A[2K[1A[2K[1A[2K[1A[2K[G
 ───────────────── Importing data ─────────────────

 ✔ Creating ingest job 4.37s
 ⢿ Processing the job 10.90s
   ▸ Processed records: 1000
   ▸ Successful records: 1000
   ▸ Failed records: 0

 Status: InProgress
 Job Id:
 750ct00000USL0DAAX (https://fortra--mergebuild.sandbox.my.salesforce.com/lightn
 ing/setup/AsyncApiJobStatus/page?address=%2F750ct00000USL0DAAX)
 Elapsed Time: 15.56s

[2K[1A[2K[1A[2K[1A[2K[1A[2K[1A[2K[1A[2K[1A[2K[1A[2K[1A[2K[1A[2K[1A[2K[1A[2K[1A[2K[1A[2K[1A[2K[G
 ───────────────── Importing data ─────────────────

 ✔ Creating ingest job 4.37s
 ⢿ Processing the job 10.93s
   ▸ Processed records: 1000
   ▸ Successful records: 1000
   ▸ Failed records: 0

 Status: InProgress
 Job Id:
 750ct00000USL0DAAX (https://fortra--mergebuild.sandbox.my.salesforce.com/lightn
 ing/setup/AsyncApiJobStatus/page?address=%2F750ct00000USL0DAAX)
 Elapsed Time: 15.58s

[2K[1A[2K[1A[2K[1A[2K[1A[2K[1A[2K[1A[2K[1A[2K[1A[2K[1A[2K[1A[2K[1A[2K[1A[2K[1A[2K[1A[2K[1A[2K[G
 ───────────────── Importing data ─────────────────

 ✔ Creating ingest job 4.37s
 ⡿ Processing the job 10.96s
   ▸ Processed records: 1000
   ▸ Successful records: 1000
   ▸ Failed records: 0

 Status: InProgress
 Job Id:
 750ct00000USL0DAAX (https://fortra--mergebuild.sandbox.my.salesforce.com/lightn
 ing/setup/AsyncApiJobStatus/page?address=%2F750ct00000USL0DAAX)
 Elapsed Time: 15.61s

[2K[1A[2K[1A[2K[1A[2K[1A[2K[1A[2K[1A[2K[1A[2K[1A[2K[1A[2K[1A[2K[1A[2K[1A[2K[1A[2K[1A[2K[1A[2K[G
 ───────────────── Importing data ─────────────────

 ✔ Creating ingest job 4.37s
 ⡿ Processing the job 10.98s
   ▸ Processed records: 1000
   ▸ Successful records: 1000
   ▸ Failed records: 0

 Status: InProgress
 Job Id:
 750ct00000USL0DAAX (https://fortra--mergebuild.sandbox.my.salesforce.com/lightn
 ing/setup/AsyncApiJobStatus/page?address=%2F750ct00000USL0DAAX)
 Elapsed Time: 15.64s

[2K[1A[2K[1A[2K[1A[2K[1A[2K[1A[2K[1A[2K[1A[2K[1A[2K[1A[2K[1A[2K[1A[2K[1A[2K[1A[2K[1A[2K[1A[2K[G
 ───────────────── Importing data ─────────────────

 ✔ Creating ingest job 4.37s
 ⣟ Processing the job 11.01s
   ▸ Processed records: 1000
   ▸ Successful records: 1000
   ▸ Failed records: 0

 Status: InProgress
 Job Id:
 750ct00000USL0DAAX (https://fortra--mergebuild.sandbox.my.salesforce.com/lightn
 ing/setup/AsyncApiJobStatus/page?address=%2F750ct00000USL0DAAX)
 Elapsed Time: 15.67s

[2K[1A[2K[1A[2K[1A[2K[1A[2K[1A[2K[1A[2K[1A[2K[1A[2K[1A[2K[1A[2K[1A[2K[1A[2K[1A[2K[1A[2K[1A[2K[G
 ───────────────── Importing data ─────────────────

 ✔ Creating ingest job 4.37s
 ⣟ Processing the job 11.04s
   ▸ Processed records: 1000
   ▸ Successful records: 1000
   ▸ Failed records: 0

 Status: InProgress
 Job Id:
 750ct00000USL0DAAX (https://fortra--mergebuild.sandbox.my.salesforce.com/lightn
 ing/setup/AsyncApiJobStatus/page?address=%2F750ct00000USL0DAAX)
 Elapsed Time: 15.70s

[2K[1A[2K[1A[2K[1A[2K[1A[2K[1A[2K[1A[2K[1A[2K[1A[2K[1A[2K[1A[2K[1A[2K[1A[2K[1A[2K[1A[2K[1A[2K[G
 ───────────────── Importing data ─────────────────

 ✔ Creating ingest job 4.37s
 ⣟ Processing the job 11.07s
   ▸ Processed records: 1000
   ▸ Successful records: 1000
   ▸ Failed records: 0

 Status: InProgress
 Job Id:
 750ct00000USL0DAAX (https://fortra--mergebuild.sandbox.my.salesforce.com/lightn
 ing/setup/AsyncApiJobStatus/page?address=%2F750ct00000USL0DAAX)
 Elapsed Time: 15.72s

[2K[1A[2K[1A[2K[1A[2K[1A[2K[1A[2K[1A[2K[1A[2K[1A[2K[1A[2K[1A[2K[1A[2K[1A[2K[1A[2K[1A[2K[1A[2K[G
 ───────────────── Importing data ─────────────────

 ✔ Creating ingest job 4.37s
 ⣯ Processing the job 11.10s
   ▸ Processed records: 1000
   ▸ Successful records: 1000
   ▸ Failed records: 0

 Status: InProgress
 Job Id:
 750ct00000USL0DAAX (https://fortra--mergebuild.sandbox.my.salesforce.com/lightn
 ing/setup/AsyncApiJobStatus/page?address=%2F750ct00000USL0DAAX)
 Elapsed Time: 15.75s

[2K[1A[2K[1A[2K[1A[2K[1A[2K[1A[2K[1A[2K[1A[2K[1A[2K[1A[2K[1A[2K[1A[2K[1A[2K[1A[2K[1A[2K[1A[2K[G
 ───────────────── Importing data ─────────────────

 ✔ Creating ingest job 4.37s
 ⣯ Processing the job 11.13s
   ▸ Processed records: 1000
   ▸ Successful records: 1000
   ▸ Failed records: 0

 Status: InProgress
 Job Id:
 750ct00000USL0DAAX (https://fortra--mergebuild.sandbox.my.salesforce.com/lightn
 ing/setup/AsyncApiJobStatus/page?address=%2F750ct00000USL0DAAX)
 Elapsed Time: 15.79s

[2K[1A[2K[1A[2K[1A[2K[1A[2K[1A[2K[1A[2K[1A[2K[1A[2K[1A[2K[1A[2K[1A[2K[1A[2K[1A[2K[1A[2K[1A[2K[G
 ───────────────── Importing data ─────────────────

 ✔ Creating ingest job 4.37s
 ⣷ Processing the job 11.16s
   ▸ Processed records: 1000
   ▸ Successful records: 1000
   ▸ Failed records: 0

 Status: InProgress
 Job Id:
 750ct00000USL0DAAX (https://fortra--mergebuild.sandbox.my.salesforce.com/lightn
 ing/setup/AsyncApiJobStatus/page?address=%2F750ct00000USL0DAAX)
 Elapsed Time: 15.82s

[2K[1A[2K[1A[2K[1A[2K[1A[2K[1A[2K[1A[2K[1A[2K[1A[2K[1A[2K[1A[2K[1A[2K[1A[2K[1A[2K[1A[2K[1A[2K[G
 ───────────────── Importing data ─────────────────

 ✔ Creating ingest job 4.37s
 ⣷ Processing the job 11.18s
   ▸ Processed records: 1000
   ▸ Successful records: 1000
   ▸ Failed records: 0

 Status: InProgress
 Job Id:
 750ct00000USL0DAAX (https://fortra--mergebuild.sandbox.my.salesforce.com/lightn
 ing/setup/AsyncApiJobStatus/page?address=%2F750ct00000USL0DAAX)
 Elapsed Time: 15.84s

[2K[1A[2K[1A[2K[1A[2K[1A[2K[1A[2K[1A[2K[1A[2K[1A[2K[1A[2K[1A[2K[1A[2K[1A[2K[1A[2K[1A[2K[1A[2K[G
 ───────────────── Importing data ─────────────────

 ✔ Creating ingest job 4.37s
 ⣷ Processing the job 11.22s
   ▸ Processed records: 1000
   ▸ Successful records: 1000
   ▸ Failed records: 0

 Status: InProgress
 Job Id:
 750ct00000USL0DAAX (https://fortra--mergebuild.sandbox.my.salesforce.com/lightn
 ing/setup/AsyncApiJobStatus/page?address=%2F750ct00000USL0DAAX)
 Elapsed Time: 15.87s

[2K[1A[2K[1A[2K[1A[2K[1A[2K[1A[2K[1A[2K[1A[2K[1A[2K[1A[2K[1A[2K[1A[2K[1A[2K[1A[2K[1A[2K[1A[2K[G
 ───────────────── Importing data ─────────────────

 ✔ Creating ingest job 4.37s
 ⣾ Processing the job 11.25s
   ▸ Processed records: 1000
   ▸ Successful records: 1000
   ▸ Failed records: 0

 Status: InProgress
 Job Id:
 750ct00000USL0DAAX (https://fortra--mergebuild.sandbox.my.salesforce.com/lightn
 ing/setup/AsyncApiJobStatus/page?address=%2F750ct00000USL0DAAX)
 Elapsed Time: 15.91s

[2K[1A[2K[1A[2K[1A[2K[1A[2K[1A[2K[1A[2K[1A[2K[1A[2K[1A[2K[1A[2K[1A[2K[1A[2K[1A[2K[1A[2K[1A[2K[G
 ───────────────── Importing data ─────────────────

 ✔ Creating ingest job 4.37s
 ⣾ Processing the job 11.28s
   ▸ Processed records: 1000
   ▸ Successful records: 1000
   ▸ Failed records: 0

 Status: InProgress
 Job Id:
 750ct00000USL0DAAX (https://fortra--mergebuild.sandbox.my.salesforce.com/lightn
 ing/setup/AsyncApiJobStatus/page?address=%2F750ct00000USL0DAAX)
 Elapsed Time: 15.94s

[2K[1A[2K[1A[2K[1A[2K[1A[2K[1A[2K[1A[2K[1A[2K[1A[2K[1A[2K[1A[2K[1A[2K[1A[2K[1A[2K[1A[2K[1A[2K[G
 ───────────────── Importing data ─────────────────

 ✔ Creating ingest job 4.37s
 ⣽ Processing the job 11.31s
   ▸ Processed records: 1000
   ▸ Successful records: 1000
   ▸ Failed records: 0

 Status: InProgress
 Job Id:
 750ct00000USL0DAAX (https://fortra--mergebuild.sandbox.my.salesforce.com/lightn
 ing/setup/AsyncApiJobStatus/page?address=%2F750ct00000USL0DAAX)
 Elapsed Time: 15.97s

[2K[1A[2K[1A[2K[1A[2K[1A[2K[1A[2K[1A[2K[1A[2K[1A[2K[1A[2K[1A[2K[1A[2K[1A[2K[1A[2K[1A[2K[1A[2K[G
 ───────────────── Importing data ─────────────────

 ✔ Creating ingest job 4.37s
 ⣽ Processing the job 11.34s
   ▸ Processed records: 1000
   ▸ Successful records: 1000
   ▸ Failed records: 0

 Status: InProgress
 Job Id:
 750ct00000USL0DAAX (https://fortra--mergebuild.sandbox.my.salesforce.com/lightn
 ing/setup/AsyncApiJobStatus/page?address=%2F750ct00000USL0DAAX)
 Elapsed Time: 16.00s

[2K[1A[2K[1A[2K[1A[2K[1A[2K[1A[2K[1A[2K[1A[2K[1A[2K[1A[2K[1A[2K[1A[2K[1A[2K[1A[2K[1A[2K[1A[2K[G
 ───────────────── Importing data ─────────────────

 ✔ Creating ingest job 4.37s
 ⣽ Processing the job 11.37s
   ▸ Processed records: 1000
   ▸ Successful records: 1000
   ▸ Failed records: 0

 Status: InProgress
 Job Id:
 750ct00000USL0DAAX (https://fortra--mergebuild.sandbox.my.salesforce.com/lightn
 ing/setup/AsyncApiJobStatus/page?address=%2F750ct00000USL0DAAX)
 Elapsed Time: 16.03s

[2K[1A[2K[1A[2K[1A[2K[1A[2K[1A[2K[1A[2K[1A[2K[1A[2K[1A[2K[1A[2K[1A[2K[1A[2K[1A[2K[1A[2K[1A[2K[G
 ───────────────── Importing data ─────────────────

 ✔ Creating ingest job 4.37s
 ⣻ Processing the job 11.41s
   ▸ Processed records: 1000
   ▸ Successful records: 1000
   ▸ Failed records: 0

 Status: InProgress
 Job Id:
 750ct00000USL0DAAX (https://fortra--mergebuild.sandbox.my.salesforce.com/lightn
 ing/setup/AsyncApiJobStatus/page?address=%2F750ct00000USL0DAAX)
 Elapsed Time: 16.07s

[2K[1A[2K[1A[2K[1A[2K[1A[2K[1A[2K[1A[2K[1A[2K[1A[2K[1A[2K[1A[2K[1A[2K[1A[2K[1A[2K[1A[2K[1A[2K[G
 ───────────────── Importing data ─────────────────

 ✔ Creating ingest job 4.37s
 ⣻ Processing the job 11.44s
   ▸ Processed records: 1000
   ▸ Successful records: 1000
   ▸ Failed records: 0

 Status: InProgress
 Job Id:
 750ct00000USL0DAAX (https://fortra--mergebuild.sandbox.my.salesforce.com/lightn
 ing/setup/AsyncApiJobStatus/page?address=%2F750ct00000USL0DAAX)
 Elapsed Time: 16.09s

[2K[1A[2K[1A[2K[1A[2K[1A[2K[1A[2K[1A[2K[1A[2K[1A[2K[1A[2K[1A[2K[1A[2K[1A[2K[1A[2K[1A[2K[1A[2K[G
 ───────────────── Importing data ─────────────────

 ✔ Creating ingest job 4.37s
 ⢿ Processing the job 11.47s
   ▸ Processed records: 1000
   ▸ Successful records: 1000
   ▸ Failed records: 0

 Status: InProgress
 Job Id:
 750ct00000USL0DAAX (https://fortra--mergebuild.sandbox.my.salesforce.com/lightn
 ing/setup/AsyncApiJobStatus/page?address=%2F750ct00000USL0DAAX)
 Elapsed Time: 16.13s

[2K[1A[2K[1A[2K[1A[2K[1A[2K[1A[2K[1A[2K[1A[2K[1A[2K[1A[2K[1A[2K[1A[2K[1A[2K[1A[2K[1A[2K[1A[2K[G
 ───────────────── Importing data ─────────────────

 ✔ Creating ingest job 4.37s
 ⢿ Processing the job 11.50s
   ▸ Processed records: 1000
   ▸ Successful records: 1000
   ▸ Failed records: 0

 Status: InProgress
 Job Id:
 750ct00000USL0DAAX (https://fortra--mergebuild.sandbox.my.salesforce.com/lightn
 ing/setup/AsyncApiJobStatus/page?address=%2F750ct00000USL0DAAX)
 Elapsed Time: 16.16s

[2K[1A[2K[1A[2K[1A[2K[1A[2K[1A[2K[1A[2K[1A[2K[1A[2K[1A[2K[1A[2K[1A[2K[1A[2K[1A[2K[1A[2K[1A[2K[G
 ───────────────── Importing data ─────────────────

 ✔ Creating ingest job 4.37s
 ⢿ Processing the job 11.53s
   ▸ Processed records: 1000
   ▸ Successful records: 1000
   ▸ Failed records: 0

 Status: InProgress
 Job Id:
 750ct00000USL0DAAX (https://fortra--mergebuild.sandbox.my.salesforce.com/lightn
 ing/setup/AsyncApiJobStatus/page?address=%2F750ct00000USL0DAAX)
 Elapsed Time: 16.19s

[2K[1A[2K[1A[2K[1A[2K[1A[2K[1A[2K[1A[2K[1A[2K[1A[2K[1A[2K[1A[2K[1A[2K[1A[2K[1A[2K[1A[2K[1A[2K[G
 ───────────────── Importing data ─────────────────

 ✔ Creating ingest job 4.37s
 ⡿ Processing the job 11.56s
   ▸ Processed records: 1000
   ▸ Successful records: 1000
   ▸ Failed records: 0

 Status: InProgress
 Job Id:
 750ct00000USL0DAAX (https://fortra--mergebuild.sandbox.my.salesforce.com/lightn
 ing/setup/AsyncApiJobStatus/page?address=%2F750ct00000USL0DAAX)
 Elapsed Time: 16.22s

[2K[1A[2K[1A[2K[1A[2K[1A[2K[1A[2K[1A[2K[1A[2K[1A[2K[1A[2K[1A[2K[1A[2K[1A[2K[1A[2K[1A[2K[1A[2K[G
 ───────────────── Importing data ─────────────────

 ✔ Creating ingest job 4.37s
 ⡿ Processing the job 11.59s
   ▸ Processed records: 1000
   ▸ Successful records: 1000
   ▸ Failed records: 0

 Status: InProgress
 Job Id:
 750ct00000USL0DAAX (https://fortra--mergebuild.sandbox.my.salesforce.com/lightn
 ing/setup/AsyncApiJobStatus/page?address=%2F750ct00000USL0DAAX)
 Elapsed Time: 16.25s

[2K[1A[2K[1A[2K[1A[2K[1A[2K[1A[2K[1A[2K[1A[2K[1A[2K[1A[2K[1A[2K[1A[2K[1A[2K[1A[2K[1A[2K[1A[2K[G
 ───────────────── Importing data ─────────────────

 ✔ Creating ingest job 4.37s
 ⣟ Processing the job 11.62s
   ▸ Processed records: 1000
   ▸ Successful records: 1000
   ▸ Failed records: 0

 Status: InProgress
 Job Id:
 750ct00000USL0DAAX (https://fortra--mergebuild.sandbox.my.salesforce.com/lightn
 ing/setup/AsyncApiJobStatus/page?address=%2F750ct00000USL0DAAX)
 Elapsed Time: 16.28s

[2K[1A[2K[1A[2K[1A[2K[1A[2K[1A[2K[1A[2K[1A[2K[1A[2K[1A[2K[1A[2K[1A[2K[1A[2K[1A[2K[1A[2K[1A[2K[G
 ───────────────── Importing data ─────────────────

 ✔ Creating ingest job 4.37s
 ⣟ Processing the job 11.66s
   ▸ Processed records: 1000
   ▸ Successful records: 1000
   ▸ Failed records: 0

 Status: InProgress
 Job Id:
 750ct00000USL0DAAX (https://fortra--mergebuild.sandbox.my.salesforce.com/lightn
 ing/setup/AsyncApiJobStatus/page?address=%2F750ct00000USL0DAAX)
 Elapsed Time: 16.31s

[2K[1A[2K[1A[2K[1A[2K[1A[2K[1A[2K[1A[2K[1A[2K[1A[2K[1A[2K[1A[2K[1A[2K[1A[2K[1A[2K[1A[2K[1A[2K[G
 ───────────────── Importing data ─────────────────

 ✔ Creating ingest job 4.37s
 ⣯ Processing the job 11.69s
   ▸ Processed records: 1000
   ▸ Successful records: 1000
   ▸ Failed records: 0

 Status: InProgress
 Job Id:
 750ct00000USL0DAAX (https://fortra--mergebuild.sandbox.my.salesforce.com/lightn
 ing/setup/AsyncApiJobStatus/page?address=%2F750ct00000USL0DAAX)
 Elapsed Time: 16.35s

[2K[1A[2K[1A[2K[1A[2K[1A[2K[1A[2K[1A[2K[1A[2K[1A[2K[1A[2K[1A[2K[1A[2K[1A[2K[1A[2K[1A[2K[1A[2K[G
 ───────────────── Importing data ─────────────────

 ✔ Creating ingest job 4.37s
 ⣯ Processing the job 11.72s
   ▸ Processed records: 1000
   ▸ Successful records: 1000
   ▸ Failed records: 0

 Status: InProgress
 Job Id:
 750ct00000USL0DAAX (https://fortra--mergebuild.sandbox.my.salesforce.com/lightn
 ing/setup/AsyncApiJobStatus/page?address=%2F750ct00000USL0DAAX)
 Elapsed Time: 16.38s

[2K[1A[2K[1A[2K[1A[2K[1A[2K[1A[2K[1A[2K[1A[2K[1A[2K[1A[2K[1A[2K[1A[2K[1A[2K[1A[2K[1A[2K[1A[2K[G
 ───────────────── Importing data ─────────────────

 ✔ Creating ingest job 4.37s
 ⣯ Processing the job 11.75s
   ▸ Processed records: 2600
   ▸ Successful records: 2600
   ▸ Failed records: 0

 Status: InProgress
 Job Id:
 750ct00000USL0DAAX (https://fortra--mergebuild.sandbox.my.salesforce.com/lightn
 ing/setup/AsyncApiJobStatus/page?address=%2F750ct00000USL0DAAX)
 Elapsed Time: 16.41s

[2K[1A[2K[1A[2K[1A[2K[1A[2K[1A[2K[1A[2K[1A[2K[1A[2K[1A[2K[1A[2K[1A[2K[1A[2K[1A[2K[1A[2K[1A[2K[G
 ───────────────── Importing data ─────────────────

 ✔ Creating ingest job 4.37s
 ⣷ Processing the job 11.78s
   ▸ Processed records: 2600
   ▸ Successful records: 2600
   ▸ Failed records: 0

 Status: InProgress
 Job Id:
 750ct00000USL0DAAX (https://fortra--mergebuild.sandbox.my.salesforce.com/lightn
 ing/setup/AsyncApiJobStatus/page?address=%2F750ct00000USL0DAAX)
 Elapsed Time: 16.44s

[2K[1A[2K[1A[2K[1A[2K[1A[2K[1A[2K[1A[2K[1A[2K[1A[2K[1A[2K[1A[2K[1A[2K[1A[2K[1A[2K[1A[2K[1A[2K[G
 ───────────────── Importing data ─────────────────

 ✔ Creating ingest job 4.37s
 ⣷ Processing the job 11.81s
   ▸ Processed records: 2600
   ▸ Successful records: 2600
   ▸ Failed records: 0

 Status: InProgress
 Job Id:
 750ct00000USL0DAAX (https://fortra--mergebuild.sandbox.my.salesforce.com/lightn
 ing/setup/AsyncApiJobStatus/page?address=%2F750ct00000USL0DAAX)
 Elapsed Time: 16.47s

[2K[1A[2K[1A[2K[1A[2K[1A[2K[1A[2K[1A[2K[1A[2K[1A[2K[1A[2K[1A[2K[1A[2K[1A[2K[1A[2K[1A[2K[1A[2K[G
 ───────────────── Importing data ─────────────────

 ✔ Creating ingest job 4.37s
 ⣾ Processing the job 11.84s
   ▸ Processed records: 2600
   ▸ Successful records: 2600
   ▸ Failed records: 0

 Status: InProgress
 Job Id:
 750ct00000USL0DAAX (https://fortra--mergebuild.sandbox.my.salesforce.com/lightn
 ing/setup/AsyncApiJobStatus/page?address=%2F750ct00000USL0DAAX)
 Elapsed Time: 16.50s

[2K[1A[2K[1A[2K[1A[2K[1A[2K[1A[2K[1A[2K[1A[2K[1A[2K[1A[2K[1A[2K[1A[2K[1A[2K[1A[2K[1A[2K[1A[2K[G
 ───────────────── Importing data ─────────────────

 ✔ Creating ingest job 4.37s
 ⣾ Processing the job 11.88s
   ▸ Processed records: 2600
   ▸ Successful records: 2600
   ▸ Failed records: 0

 Status: InProgress
 Job Id:
 750ct00000USL0DAAX (https://fortra--mergebuild.sandbox.my.salesforce.com/lightn
 ing/setup/AsyncApiJobStatus/page?address=%2F750ct00000USL0DAAX)
 Elapsed Time: 16.53s

[2K[1A[2K[1A[2K[1A[2K[1A[2K[1A[2K[1A[2K[1A[2K[1A[2K[1A[2K[1A[2K[1A[2K[1A[2K[1A[2K[1A[2K[1A[2K[G
 ───────────────── Importing data ─────────────────

 ✔ Creating ingest job 4.37s
 ⣾ Processing the job 11.90s
   ▸ Processed records: 2600
   ▸ Successful records: 2600
   ▸ Failed records: 0

 Status: InProgress
 Job Id:
 750ct00000USL0DAAX (https://fortra--mergebuild.sandbox.my.salesforce.com/lightn
 ing/setup/AsyncApiJobStatus/page?address=%2F750ct00000USL0DAAX)
 Elapsed Time: 16.56s

[2K[1A[2K[1A[2K[1A[2K[1A[2K[1A[2K[1A[2K[1A[2K[1A[2K[1A[2K[1A[2K[1A[2K[1A[2K[1A[2K[1A[2K[1A[2K[G
 ───────────────── Importing data ─────────────────

 ✔ Creating ingest job 4.37s
 ⣽ Processing the job 11.93s
   ▸ Processed records: 2600
   ▸ Successful records: 2600
   ▸ Failed records: 0

 Status: InProgress
 Job Id:
 750ct00000USL0DAAX (https://fortra--mergebuild.sandbox.my.salesforce.com/lightn
 ing/setup/AsyncApiJobStatus/page?address=%2F750ct00000USL0DAAX)
 Elapsed Time: 16.59s

[2K[1A[2K[1A[2K[1A[2K[1A[2K[1A[2K[1A[2K[1A[2K[1A[2K[1A[2K[1A[2K[1A[2K[1A[2K[1A[2K[1A[2K[1A[2K[G
 ───────────────── Importing data ─────────────────

 ✔ Creating ingest job 4.37s
 ⣽ Processing the job 11.96s
   ▸ Processed records: 2600
   ▸ Successful records: 2600
   ▸ Failed records: 0

 Status: InProgress
 Job Id:
 750ct00000USL0DAAX (https://fortra--mergebuild.sandbox.my.salesforce.com/lightn
 ing/setup/AsyncApiJobStatus/page?address=%2F750ct00000USL0DAAX)
 Elapsed Time: 16.62s

[2K[1A[2K[1A[2K[1A[2K[1A[2K[1A[2K[1A[2K[1A[2K[1A[2K[1A[2K[1A[2K[1A[2K[1A[2K[1A[2K[1A[2K[1A[2K[G
 ───────────────── Importing data ─────────────────

 ✔ Creating ingest job 4.37s
 ⣻ Processing the job 11.99s
   ▸ Processed records: 2600
   ▸ Successful records: 2600
   ▸ Failed records: 0

 Status: InProgress
 Job Id:
 750ct00000USL0DAAX (https://fortra--mergebuild.sandbox.my.salesforce.com/lightn
 ing/setup/AsyncApiJobStatus/page?address=%2F750ct00000USL0DAAX)
 Elapsed Time: 16.66s

[2K[1A[2K[1A[2K[1A[2K[1A[2K[1A[2K[1A[2K[1A[2K[1A[2K[1A[2K[1A[2K[1A[2K[1A[2K[1A[2K[1A[2K[1A[2K[G
 ───────────────── Importing data ─────────────────

 ✔ Creating ingest job 4.37s
 ⣻ Processing the job 12.02s
   ▸ Processed records: 2600
   ▸ Successful records: 2600
   ▸ Failed records: 0

 Status: InProgress
 Job Id:
 750ct00000USL0DAAX (https://fortra--mergebuild.sandbox.my.salesforce.com/lightn
 ing/setup/AsyncApiJobStatus/page?address=%2F750ct00000USL0DAAX)
 Elapsed Time: 16.68s

[2K[1A[2K[1A[2K[1A[2K[1A[2K[1A[2K[1A[2K[1A[2K[1A[2K[1A[2K[1A[2K[1A[2K[1A[2K[1A[2K[1A[2K[1A[2K[G
 ───────────────── Importing data ─────────────────

 ✔ Creating ingest job 4.37s
 ⣻ Processing the job 12.05s
   ▸ Processed records: 2600
   ▸ Successful records: 2600
   ▸ Failed records: 0

 Status: InProgress
 Job Id:
 750ct00000USL0DAAX (https://fortra--mergebuild.sandbox.my.salesforce.com/lightn
 ing/setup/AsyncApiJobStatus/page?address=%2F750ct00000USL0DAAX)
 Elapsed Time: 16.70s

[2K[1A[2K[1A[2K[1A[2K[1A[2K[1A[2K[1A[2K[1A[2K[1A[2K[1A[2K[1A[2K[1A[2K[1A[2K[1A[2K[1A[2K[1A[2K[G
 ───────────────── Importing data ─────────────────

 ✔ Creating ingest job 4.37s
 ⢿ Processing the job 12.08s
   ▸ Processed records: 2600
   ▸ Successful records: 2600
   ▸ Failed records: 0

 Status: InProgress
 Job Id:
 750ct00000USL0DAAX (https://fortra--mergebuild.sandbox.my.salesforce.com/lightn
 ing/setup/AsyncApiJobStatus/page?address=%2F750ct00000USL0DAAX)
 Elapsed Time: 16.73s

[2K[1A[2K[1A[2K[1A[2K[1A[2K[1A[2K[1A[2K[1A[2K[1A[2K[1A[2K[1A[2K[1A[2K[1A[2K[1A[2K[1A[2K[1A[2K[G
 ───────────────── Importing data ─────────────────

 ✔ Creating ingest job 4.37s
 ⢿ Processing the job 12.11s
   ▸ Processed records: 2600
   ▸ Successful records: 2600
   ▸ Failed records: 0

 Status: InProgress
 Job Id:
 750ct00000USL0DAAX (https://fortra--mergebuild.sandbox.my.salesforce.com/lightn
 ing/setup/AsyncApiJobStatus/page?address=%2F750ct00000USL0DAAX)
 Elapsed Time: 16.76s

[2K[1A[2K[1A[2K[1A[2K[1A[2K[1A[2K[1A[2K[1A[2K[1A[2K[1A[2K[1A[2K[1A[2K[1A[2K[1A[2K[1A[2K[1A[2K[G
 ───────────────── Importing data ─────────────────

 ✔ Creating ingest job 4.37s
 ⡿ Processing the job 12.14s
   ▸ Processed records: 2600
   ▸ Successful records: 2600
   ▸ Failed records: 0

 Status: InProgress
 Job Id:
 750ct00000USL0DAAX (https://fortra--mergebuild.sandbox.my.salesforce.com/lightn
 ing/setup/AsyncApiJobStatus/page?address=%2F750ct00000USL0DAAX)
 Elapsed Time: 16.79s

[2K[1A[2K[1A[2K[1A[2K[1A[2K[1A[2K[1A[2K[1A[2K[1A[2K[1A[2K[1A[2K[1A[2K[1A[2K[1A[2K[1A[2K[1A[2K[G
 ───────────────── Importing data ─────────────────

 ✔ Creating ingest job 4.37s
 ⡿ Processing the job 12.17s
   ▸ Processed records: 2600
   ▸ Successful records: 2600
   ▸ Failed records: 0

 Status: InProgress
 Job Id:
 750ct00000USL0DAAX (https://fortra--mergebuild.sandbox.my.salesforce.com/lightn
 ing/setup/AsyncApiJobStatus/page?address=%2F750ct00000USL0DAAX)
 Elapsed Time: 16.82s

[2K[1A[2K[1A[2K[1A[2K[1A[2K[1A[2K[1A[2K[1A[2K[1A[2K[1A[2K[1A[2K[1A[2K[1A[2K[1A[2K[1A[2K[1A[2K[G
 ───────────────── Importing data ─────────────────

 ✔ Creating ingest job 4.37s
 ⡿ Processing the job 12.19s
   ▸ Processed records: 2600
   ▸ Successful records: 2600
   ▸ Failed records: 0

 Status: InProgress
 Job Id:
 750ct00000USL0DAAX (https://fortra--mergebuild.sandbox.my.salesforce.com/lightn
 ing/setup/AsyncApiJobStatus/page?address=%2F750ct00000USL0DAAX)
 Elapsed Time: 16.85s

[2K[1A[2K[1A[2K[1A[2K[1A[2K[1A[2K[1A[2K[1A[2K[1A[2K[1A[2K[1A[2K[1A[2K[1A[2K[1A[2K[1A[2K[1A[2K[G
 ───────────────── Importing data ─────────────────

 ✔ Creating ingest job 4.37s
 ⣟ Processing the job 12.22s
   ▸ Processed records: 2600
   ▸ Successful records: 2600
   ▸ Failed records: 0

 Status: InProgress
 Job Id:
 750ct00000USL0DAAX (https://fortra--mergebuild.sandbox.my.salesforce.com/lightn
 ing/setup/AsyncApiJobStatus/page?address=%2F750ct00000USL0DAAX)
 Elapsed Time: 16.89s

[2K[1A[2K[1A[2K[1A[2K[1A[2K[1A[2K[1A[2K[1A[2K[1A[2K[1A[2K[1A[2K[1A[2K[1A[2K[1A[2K[1A[2K[1A[2K[G
 ───────────────── Importing data ─────────────────

 ✔ Creating ingest job 4.37s
 ⣟ Processing the job 12.24s
   ▸ Processed records: 2600
   ▸ Successful records: 2600
   ▸ Failed records: 0

 Status: InProgress
 Job Id:
 750ct00000USL0DAAX (https://fortra--mergebuild.sandbox.my.salesforce.com/lightn
 ing/setup/AsyncApiJobStatus/page?address=%2F750ct00000USL0DAAX)
 Elapsed Time: 16.91s

[2K[1A[2K[1A[2K[1A[2K[1A[2K[1A[2K[1A[2K[1A[2K[1A[2K[1A[2K[1A[2K[1A[2K[1A[2K[1A[2K[1A[2K[1A[2K[G
 ───────────────── Importing data ─────────────────

 ✔ Creating ingest job 4.37s
 ⣯ Processing the job 12.27s
   ▸ Processed records: 2600
   ▸ Successful records: 2600
   ▸ Failed records: 0

 Status: InProgress
 Job Id:
 750ct00000USL0DAAX (https://fortra--mergebuild.sandbox.my.salesforce.com/lightn
 ing/setup/AsyncApiJobStatus/page?address=%2F750ct00000USL0DAAX)
 Elapsed Time: 16.94s

[2K[1A[2K[1A[2K[1A[2K[1A[2K[1A[2K[1A[2K[1A[2K[1A[2K[1A[2K[1A[2K[1A[2K[1A[2K[1A[2K[1A[2K[1A[2K[G
 ───────────────── Importing data ─────────────────

 ✔ Creating ingest job 4.37s
 ⣯ Processing the job 12.30s
   ▸ Processed records: 2600
   ▸ Successful records: 2600
   ▸ Failed records: 0

 Status: InProgress
 Job Id:
 750ct00000USL0DAAX (https://fortra--mergebuild.sandbox.my.salesforce.com/lightn
 ing/setup/AsyncApiJobStatus/page?address=%2F750ct00000USL0DAAX)
 Elapsed Time: 16.97s

[2K[1A[2K[1A[2K[1A[2K[1A[2K[1A[2K[1A[2K[1A[2K[1A[2K[1A[2K[1A[2K[1A[2K[1A[2K[1A[2K[1A[2K[1A[2K[G
 ───────────────── Importing data ─────────────────

 ✔ Creating ingest job 4.37s
 ⣯ Processing the job 12.33s
   ▸ Processed records: 2600
   ▸ Successful records: 2600
   ▸ Failed records: 0

 Status: InProgress
 Job Id:
 750ct00000USL0DAAX (https://fortra--mergebuild.sandbox.my.salesforce.com/lightn
 ing/setup/AsyncApiJobStatus/page?address=%2F750ct00000USL0DAAX)
 Elapsed Time: 17.01s

[2K[1A[2K[1A[2K[1A[2K[1A[2K[1A[2K[1A[2K[1A[2K[1A[2K[1A[2K[1A[2K[1A[2K[1A[2K[1A[2K[1A[2K[1A[2K[G
 ───────────────── Importing data ─────────────────

 ✔ Creating ingest job 4.37s
 ⣷ Processing the job 12.36s
   ▸ Processed records: 2600
   ▸ Successful records: 2600
   ▸ Failed records: 0

 Status: InProgress
 Job Id:
 750ct00000USL0DAAX (https://fortra--mergebuild.sandbox.my.salesforce.com/lightn
 ing/setup/AsyncApiJobStatus/page?address=%2F750ct00000USL0DAAX)
 Elapsed Time: 17.03s

[2K[1A[2K[1A[2K[1A[2K[1A[2K[1A[2K[1A[2K[1A[2K[1A[2K[1A[2K[1A[2K[1A[2K[1A[2K[1A[2K[1A[2K[1A[2K[G
 ───────────────── Importing data ─────────────────

 ✔ Creating ingest job 4.37s
 ⣷ Processing the job 12.39s
   ▸ Processed records: 2600
   ▸ Successful records: 2600
   ▸ Failed records: 0

 Status: InProgress
 Job Id:
 750ct00000USL0DAAX (https://fortra--mergebuild.sandbox.my.salesforce.com/lightn
 ing/setup/AsyncApiJobStatus/page?address=%2F750ct00000USL0DAAX)
 Elapsed Time: 17.06s

[2K[1A[2K[1A[2K[1A[2K[1A[2K[1A[2K[1A[2K[1A[2K[1A[2K[1A[2K[1A[2K[1A[2K[1A[2K[1A[2K[1A[2K[1A[2K[G
 ───────────────── Importing data ─────────────────

 ✔ Creating ingest job 4.37s
 ⣾ Processing the job 12.42s
   ▸ Processed records: 2600
   ▸ Successful records: 2600
   ▸ Failed records: 0

 Status: InProgress
 Job Id:
 750ct00000USL0DAAX (https://fortra--mergebuild.sandbox.my.salesforce.com/lightn
 ing/setup/AsyncApiJobStatus/page?address=%2F750ct00000USL0DAAX)
 Elapsed Time: 17.08s

[2K[1A[2K[1A[2K[1A[2K[1A[2K[1A[2K[1A[2K[1A[2K[1A[2K[1A[2K[1A[2K[1A[2K[1A[2K[1A[2K[1A[2K[1A[2K[G
 ───────────────── Importing data ─────────────────

 ✔ Creating ingest job 4.37s
 ⣾ Processing the job 12.45s
   ▸ Processed records: 2600
   ▸ Successful records: 2600
   ▸ Failed records: 0

 Status: InProgress
 Job Id:
 750ct00000USL0DAAX (https://fortra--mergebuild.sandbox.my.salesforce.com/lightn
 ing/setup/AsyncApiJobStatus/page?address=%2F750ct00000USL0DAAX)
 Elapsed Time: 17.12s

[2K[1A[2K[1A[2K[1A[2K[1A[2K[1A[2K[1A[2K[1A[2K[1A[2K[1A[2K[1A[2K[1A[2K[1A[2K[1A[2K[1A[2K[1A[2K[G
 ───────────────── Importing data ─────────────────

 ✔ Creating ingest job 4.37s
 ⣾ Processing the job 12.48s
   ▸ Processed records: 2600
   ▸ Successful records: 2600
   ▸ Failed records: 0

 Status: InProgress
 Job Id:
 750ct00000USL0DAAX (https://fortra--mergebuild.sandbox.my.salesforce.com/lightn
 ing/setup/AsyncApiJobStatus/page?address=%2F750ct00000USL0DAAX)
 Elapsed Time: 17.15s

[2K[1A[2K[1A[2K[1A[2K[1A[2K[1A[2K[1A[2K[1A[2K[1A[2K[1A[2K[1A[2K[1A[2K[1A[2K[1A[2K[1A[2K[1A[2K[G
 ───────────────── Importing data ─────────────────

 ✔ Creating ingest job 4.37s
 ⣽ Processing the job 12.50s
   ▸ Processed records: 2600
   ▸ Successful records: 2600
   ▸ Failed records: 0

 Status: InProgress
 Job Id:
 750ct00000USL0DAAX (https://fortra--mergebuild.sandbox.my.salesforce.com/lightn
 ing/setup/AsyncApiJobStatus/page?address=%2F750ct00000USL0DAAX)
 Elapsed Time: 17.18s

[2K[1A[2K[1A[2K[1A[2K[1A[2K[1A[2K[1A[2K[1A[2K[1A[2K[1A[2K[1A[2K[1A[2K[1A[2K[1A[2K[1A[2K[1A[2K[G
 ───────────────── Importing data ─────────────────

 ✔ Creating ingest job 4.37s
 ⣽ Processing the job 12.53s
   ▸ Processed records: 2600
   ▸ Successful records: 2600
   ▸ Failed records: 0

 Status: InProgress
 Job Id:
 750ct00000USL0DAAX (https://fortra--mergebuild.sandbox.my.salesforce.com/lightn
 ing/setup/AsyncApiJobStatus/page?address=%2F750ct00000USL0DAAX)
 Elapsed Time: 17.21s

[2K[1A[2K[1A[2K[1A[2K[1A[2K[1A[2K[1A[2K[1A[2K[1A[2K[1A[2K[1A[2K[1A[2K[1A[2K[1A[2K[1A[2K[1A[2K[G
 ───────────────── Importing data ─────────────────

 ✔ Creating ingest job 4.37s
 ⣻ Processing the job 12.57s
   ▸ Processed records: 2600
   ▸ Successful records: 2600
   ▸ Failed records: 0

 Status: InProgress
 Job Id:
 750ct00000USL0DAAX (https://fortra--mergebuild.sandbox.my.salesforce.com/lightn
 ing/setup/AsyncApiJobStatus/page?address=%2F750ct00000USL0DAAX)
 Elapsed Time: 17.24s

[2K[1A[2K[1A[2K[1A[2K[1A[2K[1A[2K[1A[2K[1A[2K[1A[2K[1A[2K[1A[2K[1A[2K[1A[2K[1A[2K[1A[2K[1A[2K[G
 ───────────────── Importing data ─────────────────

 ✔ Creating ingest job 4.37s
 ⣻ Processing the job 12.60s
   ▸ Processed records: 2600
   ▸ Successful records: 2600
   ▸ Failed records: 0

 Status: InProgress
 Job Id:
 750ct00000USL0DAAX (https://fortra--mergebuild.sandbox.my.salesforce.com/lightn
 ing/setup/AsyncApiJobStatus/page?address=%2F750ct00000USL0DAAX)
 Elapsed Time: 17.27s

[2K[1A[2K[1A[2K[1A[2K[1A[2K[1A[2K[1A[2K[1A[2K[1A[2K[1A[2K[1A[2K[1A[2K[1A[2K[1A[2K[1A[2K[1A[2K[G
 ───────────────── Importing data ─────────────────

 ✔ Creating ingest job 4.37s
 ⣻ Processing the job 12.63s
   ▸ Processed records: 2600
   ▸ Successful records: 2600
   ▸ Failed records: 0

 Status: InProgress
 Job Id:
 750ct00000USL0DAAX (https://fortra--mergebuild.sandbox.my.salesforce.com/lightn
 ing/setup/AsyncApiJobStatus/page?address=%2F750ct00000USL0DAAX)
 Elapsed Time: 17.30s

[2K[1A[2K[1A[2K[1A[2K[1A[2K[1A[2K[1A[2K[1A[2K[1A[2K[1A[2K[1A[2K[1A[2K[1A[2K[1A[2K[1A[2K[1A[2K[G
 ───────────────── Importing data ─────────────────

 ✔ Creating ingest job 4.37s
 ⢿ Processing the job 12.66s
   ▸ Processed records: 2600
   ▸ Successful records: 2600
   ▸ Failed records: 0

 Status: InProgress
 Job Id:
 750ct00000USL0DAAX (https://fortra--mergebuild.sandbox.my.salesforce.com/lightn
 ing/setup/AsyncApiJobStatus/page?address=%2F750ct00000USL0DAAX)
 Elapsed Time: 17.33s

[2K[1A[2K[1A[2K[1A[2K[1A[2K[1A[2K[1A[2K[1A[2K[1A[2K[1A[2K[1A[2K[1A[2K[1A[2K[1A[2K[1A[2K[1A[2K[G
 ───────────────── Importing data ─────────────────

 ✔ Creating ingest job 4.37s
 ⢿ Processing the job 12.69s
   ▸ Processed records: 2600
   ▸ Successful records: 2600
   ▸ Failed records: 0

 Status: InProgress
 Job Id:
 750ct00000USL0DAAX (https://fortra--mergebuild.sandbox.my.salesforce.com/lightn
 ing/setup/AsyncApiJobStatus/page?address=%2F750ct00000USL0DAAX)
 Elapsed Time: 17.36s

[2K[1A[2K[1A[2K[1A[2K[1A[2K[1A[2K[1A[2K[1A[2K[1A[2K[1A[2K[1A[2K[1A[2K[1A[2K[1A[2K[1A[2K[1A[2K[G
 ───────────────── Importing data ─────────────────

 ✔ Creating ingest job 4.37s
 ⡿ Processing the job 12.72s
   ▸ Processed records: 2600
   ▸ Successful records: 2600
   ▸ Failed records: 0

 Status: InProgress
 Job Id:
 750ct00000USL0DAAX (https://fortra--mergebuild.sandbox.my.salesforce.com/lightn
 ing/setup/AsyncApiJobStatus/page?address=%2F750ct00000USL0DAAX)
 Elapsed Time: 17.40s

[2K[1A[2K[1A[2K[1A[2K[1A[2K[1A[2K[1A[2K[1A[2K[1A[2K[1A[2K[1A[2K[1A[2K[1A[2K[1A[2K[1A[2K[1A[2K[G
 ───────────────── Importing data ─────────────────

 ✔ Creating ingest job 4.37s
 ⡿ Processing the job 12.75s
   ▸ Processed records: 2600
   ▸ Successful records: 2600
   ▸ Failed records: 0

 Status: InProgress
 Job Id:
 750ct00000USL0DAAX (https://fortra--mergebuild.sandbox.my.salesforce.com/lightn
 ing/setup/AsyncApiJobStatus/page?address=%2F750ct00000USL0DAAX)
 Elapsed Time: 17.43s

[2K[1A[2K[1A[2K[1A[2K[1A[2K[1A[2K[1A[2K[1A[2K[1A[2K[1A[2K[1A[2K[1A[2K[1A[2K[1A[2K[1A[2K[1A[2K[G
 ───────────────── Importing data ─────────────────

 ✔ Creating ingest job 4.37s
 ⡿ Processing the job 12.78s
   ▸ Processed records: 2600
   ▸ Successful records: 2600
   ▸ Failed records: 0

 Status: InProgress
 Job Id:
 750ct00000USL0DAAX (https://fortra--mergebuild.sandbox.my.salesforce.com/lightn
 ing/setup/AsyncApiJobStatus/page?address=%2F750ct00000USL0DAAX)
 Elapsed Time: 17.46s

[2K[1A[2K[1A[2K[1A[2K[1A[2K[1A[2K[1A[2K[1A[2K[1A[2K[1A[2K[1A[2K[1A[2K[1A[2K[1A[2K[1A[2K[1A[2K[G
 ───────────────── Importing data ─────────────────

 ✔ Creating ingest job 4.37s
 ⣟ Processing the job 12.81s
   ▸ Processed records: 2600
   ▸ Successful records: 2600
   ▸ Failed records: 0

 Status: InProgress
 Job Id:
 750ct00000USL0DAAX (https://fortra--mergebuild.sandbox.my.salesforce.com/lightn
 ing/setup/AsyncApiJobStatus/page?address=%2F750ct00000USL0DAAX)
 Elapsed Time: 17.49s

[2K[1A[2K[1A[2K[1A[2K[1A[2K[1A[2K[1A[2K[1A[2K[1A[2K[1A[2K[1A[2K[1A[2K[1A[2K[1A[2K[1A[2K[1A[2K[G
 ───────────────── Importing data ─────────────────

 ✔ Creating ingest job 4.37s
 ⣟ Processing the job 12.84s
   ▸ Processed records: 2600
   ▸ Successful records: 2600
   ▸ Failed records: 0

 Status: InProgress
 Job Id:
 750ct00000USL0DAAX (https://fortra--mergebuild.sandbox.my.salesforce.com/lightn
 ing/setup/AsyncApiJobStatus/page?address=%2F750ct00000USL0DAAX)
 Elapsed Time: 17.52s

[2K[1A[2K[1A[2K[1A[2K[1A[2K[1A[2K[1A[2K[1A[2K[1A[2K[1A[2K[1A[2K[1A[2K[1A[2K[1A[2K[1A[2K[1A[2K[G
 ───────────────── Importing data ─────────────────

 ✔ Creating ingest job 4.37s
 ⣯ Processing the job 12.87s
   ▸ Processed records: 2600
   ▸ Successful records: 2600
   ▸ Failed records: 0

 Status: InProgress
 Job Id:
 750ct00000USL0DAAX (https://fortra--mergebuild.sandbox.my.salesforce.com/lightn
 ing/setup/AsyncApiJobStatus/page?address=%2F750ct00000USL0DAAX)
 Elapsed Time: 17.55s

[2K[1A[2K[1A[2K[1A[2K[1A[2K[1A[2K[1A[2K[1A[2K[1A[2K[1A[2K[1A[2K[1A[2K[1A[2K[1A[2K[1A[2K[1A[2K[G
 ───────────────── Importing data ─────────────────

 ✔ Creating ingest job 4.37s
 ⣯ Processing the job 12.91s
   ▸ Processed records: 2600
   ▸ Successful records: 2600
   ▸ Failed records: 0

 Status: InProgress
 Job Id:
 750ct00000USL0DAAX (https://fortra--mergebuild.sandbox.my.salesforce.com/lightn
 ing/setup/AsyncApiJobStatus/page?address=%2F750ct00000USL0DAAX)
 Elapsed Time: 17.58s

[2K[1A[2K[1A[2K[1A[2K[1A[2K[1A[2K[1A[2K[1A[2K[1A[2K[1A[2K[1A[2K[1A[2K[1A[2K[1A[2K[1A[2K[1A[2K[G
 ───────────────── Importing data ─────────────────

 ✔ Creating ingest job 4.37s
 ⣯ Processing the job 12.94s
   ▸ Processed records: 2600
   ▸ Successful records: 2600
   ▸ Failed records: 0

 Status: InProgress
 Job Id:
 750ct00000USL0DAAX (https://fortra--mergebuild.sandbox.my.salesforce.com/lightn
 ing/setup/AsyncApiJobStatus/page?address=%2F750ct00000USL0DAAX)
 Elapsed Time: 17.61s

[2K[1A[2K[1A[2K[1A[2K[1A[2K[1A[2K[1A[2K[1A[2K[1A[2K[1A[2K[1A[2K[1A[2K[1A[2K[1A[2K[1A[2K[1A[2K[G
 ───────────────── Importing data ─────────────────

 ✔ Creating ingest job 4.37s
 ⣷ Processing the job 12.97s
   ▸ Processed records: 2600
   ▸ Successful records: 2600
   ▸ Failed records: 0

 Status: InProgress
 Job Id:
 750ct00000USL0DAAX (https://fortra--mergebuild.sandbox.my.salesforce.com/lightn
 ing/setup/AsyncApiJobStatus/page?address=%2F750ct00000USL0DAAX)
 Elapsed Time: 17.64s

[2K[1A[2K[1A[2K[1A[2K[1A[2K[1A[2K[1A[2K[1A[2K[1A[2K[1A[2K[1A[2K[1A[2K[1A[2K[1A[2K[1A[2K[1A[2K[G
 ───────────────── Importing data ─────────────────

 ✔ Creating ingest job 4.37s
 ⣷ Processing the job 13.00s
   ▸ Processed records: 2600
   ▸ Successful records: 2600
   ▸ Failed records: 0

 Status: InProgress
 Job Id:
 750ct00000USL0DAAX (https://fortra--mergebuild.sandbox.my.salesforce.com/lightn
 ing/setup/AsyncApiJobStatus/page?address=%2F750ct00000USL0DAAX)
 Elapsed Time: 17.67s

[2K[1A[2K[1A[2K[1A[2K[1A[2K[1A[2K[1A[2K[1A[2K[1A[2K[1A[2K[1A[2K[1A[2K[1A[2K[1A[2K[1A[2K[1A[2K[G
 ───────────────── Importing data ─────────────────

 ✔ Creating ingest job 4.37s
 ⣾ Processing the job 13.03s
   ▸ Processed records: 2600
   ▸ Successful records: 2600
   ▸ Failed records: 0

 Status: InProgress
 Job Id:
 750ct00000USL0DAAX (https://fortra--mergebuild.sandbox.my.salesforce.com/lightn
 ing/setup/AsyncApiJobStatus/page?address=%2F750ct00000USL0DAAX)
 Elapsed Time: 17.70s

[2K[1A[2K[1A[2K[1A[2K[1A[2K[1A[2K[1A[2K[1A[2K[1A[2K[1A[2K[1A[2K[1A[2K[1A[2K[1A[2K[1A[2K[1A[2K[G
 ───────────────── Importing data ─────────────────

 ✔ Creating ingest job 4.37s
 ⣾ Processing the job 13.06s
   ▸ Processed records: 2600
   ▸ Successful records: 2600
   ▸ Failed records: 0

 Status: InProgress
 Job Id:
 750ct00000USL0DAAX (https://fortra--mergebuild.sandbox.my.salesforce.com/lightn
 ing/setup/AsyncApiJobStatus/page?address=%2F750ct00000USL0DAAX)
 Elapsed Time: 17.73s

[2K[1A[2K[1A[2K[1A[2K[1A[2K[1A[2K[1A[2K[1A[2K[1A[2K[1A[2K[1A[2K[1A[2K[1A[2K[1A[2K[1A[2K[1A[2K[G
 ───────────────── Importing data ─────────────────

 ✔ Creating ingest job 4.37s
 ⣾ Processing the job 13.09s
   ▸ Processed records: 2600
   ▸ Successful records: 2600
   ▸ Failed records: 0

 Status: InProgress
 Job Id:
 750ct00000USL0DAAX (https://fortra--mergebuild.sandbox.my.salesforce.com/lightn
 ing/setup/AsyncApiJobStatus/page?address=%2F750ct00000USL0DAAX)
 Elapsed Time: 17.77s

[2K[1A[2K[1A[2K[1A[2K[1A[2K[1A[2K[1A[2K[1A[2K[1A[2K[1A[2K[1A[2K[1A[2K[1A[2K[1A[2K[1A[2K[1A[2K[G
 ───────────────── Importing data ─────────────────

 ✔ Creating ingest job 4.37s
 ⣽ Processing the job 13.12s
   ▸ Processed records: 2600
   ▸ Successful records: 2600
   ▸ Failed records: 0

 Status: InProgress
 Job Id:
 750ct00000USL0DAAX (https://fortra--mergebuild.sandbox.my.salesforce.com/lightn
 ing/setup/AsyncApiJobStatus/page?address=%2F750ct00000USL0DAAX)
 Elapsed Time: 17.80s

[2K[1A[2K[1A[2K[1A[2K[1A[2K[1A[2K[1A[2K[1A[2K[1A[2K[1A[2K[1A[2K[1A[2K[1A[2K[1A[2K[1A[2K[1A[2K[G
 ───────────────── Importing data ─────────────────

 ✔ Creating ingest job 4.37s
 ⣽ Processing the job 13.15s
   ▸ Processed records: 2600
   ▸ Successful records: 2600
   ▸ Failed records: 0

 Status: InProgress
 Job Id:
 750ct00000USL0DAAX (https://fortra--mergebuild.sandbox.my.salesforce.com/lightn
 ing/setup/AsyncApiJobStatus/page?address=%2F750ct00000USL0DAAX)
 Elapsed Time: 17.82s

[2K[1A[2K[1A[2K[1A[2K[1A[2K[1A[2K[1A[2K[1A[2K[1A[2K[1A[2K[1A[2K[1A[2K[1A[2K[1A[2K[1A[2K[1A[2K[G
 ───────────────── Importing data ─────────────────

 ✔ Creating ingest job 4.37s
 ⣻ Processing the job 13.18s
   ▸ Processed records: 2600
   ▸ Successful records: 2600
   ▸ Failed records: 0

 Status: InProgress
 Job Id:
 750ct00000USL0DAAX (https://fortra--mergebuild.sandbox.my.salesforce.com/lightn
 ing/setup/AsyncApiJobStatus/page?address=%2F750ct00000USL0DAAX)
 Elapsed Time: 17.86s

[2K[1A[2K[1A[2K[1A[2K[1A[2K[1A[2K[1A[2K[1A[2K[1A[2K[1A[2K[1A[2K[1A[2K[1A[2K[1A[2K[1A[2K[1A[2K[G
 ───────────────── Importing data ─────────────────

 ✔ Creating ingest job 4.37s
 ⣻ Processing the job 13.21s
   ▸ Processed records: 2600
   ▸ Successful records: 2600
   ▸ Failed records: 0

 Status: InProgress
 Job Id:
 750ct00000USL0DAAX (https://fortra--mergebuild.sandbox.my.salesforce.com/lightn
 ing/setup/AsyncApiJobStatus/page?address=%2F750ct00000USL0DAAX)
 Elapsed Time: 17.88s

[2K[1A[2K[1A[2K[1A[2K[1A[2K[1A[2K[1A[2K[1A[2K[1A[2K[1A[2K[1A[2K[1A[2K[1A[2K[1A[2K[1A[2K[1A[2K[G
 ───────────────── Importing data ─────────────────

 ✔ Creating ingest job 4.37s
 ⣻ Processing the job 13.24s
   ▸ Processed records: 2600
   ▸ Successful records: 2600
   ▸ Failed records: 0

 Status: InProgress
 Job Id:
 750ct00000USL0DAAX (https://fortra--mergebuild.sandbox.my.salesforce.com/lightn
 ing/setup/AsyncApiJobStatus/page?address=%2F750ct00000USL0DAAX)
 Elapsed Time: 17.92s

[2K[1A[2K[1A[2K[1A[2K[1A[2K[1A[2K[1A[2K[1A[2K[1A[2K[1A[2K[1A[2K[1A[2K[1A[2K[1A[2K[1A[2K[1A[2K[G
 ───────────────── Importing data ─────────────────

 ✔ Creating ingest job 4.37s
 ⢿ Processing the job 13.27s
   ▸ Processed records: 2600
   ▸ Successful records: 2600
   ▸ Failed records: 0

 Status: InProgress
 Job Id:
 750ct00000USL0DAAX (https://fortra--mergebuild.sandbox.my.salesforce.com/lightn
 ing/setup/AsyncApiJobStatus/page?address=%2F750ct00000USL0DAAX)
 Elapsed Time: 17.94s

[2K[1A[2K[1A[2K[1A[2K[1A[2K[1A[2K[1A[2K[1A[2K[1A[2K[1A[2K[1A[2K[1A[2K[1A[2K[1A[2K[1A[2K[1A[2K[G
 ───────────────── Importing data ─────────────────

 ✔ Creating ingest job 4.37s
 ⢿ Processing the job 13.31s
   ▸ Processed records: 2600
   ▸ Successful records: 2600
   ▸ Failed records: 0

 Status: InProgress
 Job Id:
 750ct00000USL0DAAX (https://fortra--mergebuild.sandbox.my.salesforce.com/lightn
 ing/setup/AsyncApiJobStatus/page?address=%2F750ct00000USL0DAAX)
 Elapsed Time: 17.97s

[2K[1A[2K[1A[2K[1A[2K[1A[2K[1A[2K[1A[2K[1A[2K[1A[2K[1A[2K[1A[2K[1A[2K[1A[2K[1A[2K[1A[2K[1A[2K[G
 ───────────────── Importing data ─────────────────

 ✔ Creating ingest job 4.37s
 ⡿ Processing the job 13.33s
   ▸ Processed records: 2600
   ▸ Successful records: 2600
   ▸ Failed records: 0

 Status: InProgress
 Job Id:
 750ct00000USL0DAAX (https://fortra--mergebuild.sandbox.my.salesforce.com/lightn
 ing/setup/AsyncApiJobStatus/page?address=%2F750ct00000USL0DAAX)
 Elapsed Time: 18.01s

[2K[1A[2K[1A[2K[1A[2K[1A[2K[1A[2K[1A[2K[1A[2K[1A[2K[1A[2K[1A[2K[1A[2K[1A[2K[1A[2K[1A[2K[1A[2K[G
 ───────────────── Importing data ─────────────────

 ✔ Creating ingest job 4.37s
 ⡿ Processing the job 13.36s
   ▸ Processed records: 2600
   ▸ Successful records: 2600
   ▸ Failed records: 0

 Status: InProgress
 Job Id:
 750ct00000USL0DAAX (https://fortra--mergebuild.sandbox.my.salesforce.com/lightn
 ing/setup/AsyncApiJobStatus/page?address=%2F750ct00000USL0DAAX)
 Elapsed Time: 18.04s

[2K[1A[2K[1A[2K[1A[2K[1A[2K[1A[2K[1A[2K[1A[2K[1A[2K[1A[2K[1A[2K[1A[2K[1A[2K[1A[2K[1A[2K[1A[2K[G
 ───────────────── Importing data ─────────────────

 ✔ Creating ingest job 4.37s
 ⡿ Processing the job 13.39s
   ▸ Processed records: 2600
   ▸ Successful records: 2600
   ▸ Failed records: 0

 Status: InProgress
 Job Id:
 750ct00000USL0DAAX (https://fortra--mergebuild.sandbox.my.salesforce.com/lightn
 ing/setup/AsyncApiJobStatus/page?address=%2F750ct00000USL0DAAX)
 Elapsed Time: 18.07s

[2K[1A[2K[1A[2K[1A[2K[1A[2K[1A[2K[1A[2K[1A[2K[1A[2K[1A[2K[1A[2K[1A[2K[1A[2K[1A[2K[1A[2K[1A[2K[G
 ───────────────── Importing data ─────────────────

 ✔ Creating ingest job 4.37s
 ⣟ Processing the job 13.42s
   ▸ Processed records: 2600
   ▸ Successful records: 2600
   ▸ Failed records: 0

 Status: InProgress
 Job Id:
 750ct00000USL0DAAX (https://fortra--mergebuild.sandbox.my.salesforce.com/lightn
 ing/setup/AsyncApiJobStatus/page?address=%2F750ct00000USL0DAAX)
 Elapsed Time: 18.10s

[2K[1A[2K[1A[2K[1A[2K[1A[2K[1A[2K[1A[2K[1A[2K[1A[2K[1A[2K[1A[2K[1A[2K[1A[2K[1A[2K[1A[2K[1A[2K[G
 ───────────────── Importing data ─────────────────

 ✔ Creating ingest job 4.37s
 ⣟ Processing the job 13.45s
   ▸ Processed records: 2600
   ▸ Successful records: 2600
   ▸ Failed records: 0

 Status: InProgress
 Job Id:
 750ct00000USL0DAAX (https://fortra--mergebuild.sandbox.my.salesforce.com/lightn
 ing/setup/AsyncApiJobStatus/page?address=%2F750ct00000USL0DAAX)
 Elapsed Time: 18.13s

[2K[1A[2K[1A[2K[1A[2K[1A[2K[1A[2K[1A[2K[1A[2K[1A[2K[1A[2K[1A[2K[1A[2K[1A[2K[1A[2K[1A[2K[1A[2K[G
 ───────────────── Importing data ─────────────────

 ✔ Creating ingest job 4.37s
 ⣯ Processing the job 13.47s
   ▸ Processed records: 2600
   ▸ Successful records: 2600
   ▸ Failed records: 0

 Status: InProgress
 Job Id:
 750ct00000USL0DAAX (https://fortra--mergebuild.sandbox.my.salesforce.com/lightn
 ing/setup/AsyncApiJobStatus/page?address=%2F750ct00000USL0DAAX)
 Elapsed Time: 18.16s

[2K[1A[2K[1A[2K[1A[2K[1A[2K[1A[2K[1A[2K[1A[2K[1A[2K[1A[2K[1A[2K[1A[2K[1A[2K[1A[2K[1A[2K[1A[2K[G
 ───────────────── Importing data ─────────────────

 ✔ Creating ingest job 4.37s
 ⣯ Processing the job 13.51s
   ▸ Processed records: 2600
   ▸ Successful records: 2600
   ▸ Failed records: 0

 Status: InProgress
 Job Id:
 750ct00000USL0DAAX (https://fortra--mergebuild.sandbox.my.salesforce.com/lightn
 ing/setup/AsyncApiJobStatus/page?address=%2F750ct00000USL0DAAX)
 Elapsed Time: 18.18s

[2K[1A[2K[1A[2K[1A[2K[1A[2K[1A[2K[1A[2K[1A[2K[1A[2K[1A[2K[1A[2K[1A[2K[1A[2K[1A[2K[1A[2K[1A[2K[G
 ───────────────── Importing data ─────────────────

 ✔ Creating ingest job 4.37s
 ⣯ Processing the job 13.54s
   ▸ Processed records: 2600
   ▸ Successful records: 2600
   ▸ Failed records: 0

 Status: InProgress
 Job Id:
 750ct00000USL0DAAX (https://fortra--mergebuild.sandbox.my.salesforce.com/lightn
 ing/setup/AsyncApiJobStatus/page?address=%2F750ct00000USL0DAAX)
 Elapsed Time: 18.21s

[2K[1A[2K[1A[2K[1A[2K[1A[2K[1A[2K[1A[2K[1A[2K[1A[2K[1A[2K[1A[2K[1A[2K[1A[2K[1A[2K[1A[2K[1A[2K[G
 ───────────────── Importing data ─────────────────

 ✔ Creating ingest job 4.37s
 ⣷ Processing the job 13.57s
   ▸ Processed records: 2600
   ▸ Successful records: 2600
   ▸ Failed records: 0

 Status: InProgress
 Job Id:
 750ct00000USL0DAAX (https://fortra--mergebuild.sandbox.my.salesforce.com/lightn
 ing/setup/AsyncApiJobStatus/page?address=%2F750ct00000USL0DAAX)
 Elapsed Time: 18.25s

[2K[1A[2K[1A[2K[1A[2K[1A[2K[1A[2K[1A[2K[1A[2K[1A[2K[1A[2K[1A[2K[1A[2K[1A[2K[1A[2K[1A[2K[1A[2K[G
 ───────────────── Importing data ─────────────────

 ✔ Creating ingest job 4.37s
 ⣷ Processing the job 13.59s
   ▸ Processed records: 2600
   ▸ Successful records: 2600
   ▸ Failed records: 0

 Status: InProgress
 Job Id:
 750ct00000USL0DAAX (https://fortra--mergebuild.sandbox.my.salesforce.com/lightn
 ing/setup/AsyncApiJobStatus/page?address=%2F750ct00000USL0DAAX)
 Elapsed Time: 18.28s

[2K[1A[2K[1A[2K[1A[2K[1A[2K[1A[2K[1A[2K[1A[2K[1A[2K[1A[2K[1A[2K[1A[2K[1A[2K[1A[2K[1A[2K[1A[2K[G
 ───────────────── Importing data ─────────────────

 ✔ Creating ingest job 4.37s
 ⣾ Processing the job 13.62s
   ▸ Processed records: 2600
   ▸ Successful records: 2600
   ▸ Failed records: 0

 Status: InProgress
 Job Id:
 750ct00000USL0DAAX (https://fortra--mergebuild.sandbox.my.salesforce.com/lightn
 ing/setup/AsyncApiJobStatus/page?address=%2F750ct00000USL0DAAX)
 Elapsed Time: 18.31s

[2K[1A[2K[1A[2K[1A[2K[1A[2K[1A[2K[1A[2K[1A[2K[1A[2K[1A[2K[1A[2K[1A[2K[1A[2K[1A[2K[1A[2K[1A[2K[G
 ───────────────── Importing data ─────────────────

 ✔ Creating ingest job 4.37s
 ⣾ Processing the job 13.66s
   ▸ Processed records: 2600
   ▸ Successful records: 2600
   ▸ Failed records: 0

 Status: InProgress
 Job Id:
 750ct00000USL0DAAX (https://fortra--mergebuild.sandbox.my.salesforce.com/lightn
 ing/setup/AsyncApiJobStatus/page?address=%2F750ct00000USL0DAAX)
 Elapsed Time: 18.34s

[2K[1A[2K[1A[2K[1A[2K[1A[2K[1A[2K[1A[2K[1A[2K[1A[2K[1A[2K[1A[2K[1A[2K[1A[2K[1A[2K[1A[2K[1A[2K[G
 ───────────────── Importing data ─────────────────

 ✔ Creating ingest job 4.37s
 ⣾ Processing the job 13.68s
   ▸ Processed records: 2600
   ▸ Successful records: 2600
   ▸ Failed records: 0

 Status: InProgress
 Job Id:
 750ct00000USL0DAAX (https://fortra--mergebuild.sandbox.my.salesforce.com/lightn
 ing/setup/AsyncApiJobStatus/page?address=%2F750ct00000USL0DAAX)
 Elapsed Time: 18.37s

[2K[1A[2K[1A[2K[1A[2K[1A[2K[1A[2K[1A[2K[1A[2K[1A[2K[1A[2K[1A[2K[1A[2K[1A[2K[1A[2K[1A[2K[1A[2K[G
 ───────────────── Importing data ─────────────────

 ✔ Creating ingest job 4.37s
 ⣽ Processing the job 13.72s
   ▸ Processed records: 2600
   ▸ Successful records: 2600
   ▸ Failed records: 0

 Status: InProgress
 Job Id:
 750ct00000USL0DAAX (https://fortra--mergebuild.sandbox.my.salesforce.com/lightn
 ing/setup/AsyncApiJobStatus/page?address=%2F750ct00000USL0DAAX)
 Elapsed Time: 18.39s

[2K[1A[2K[1A[2K[1A[2K[1A[2K[1A[2K[1A[2K[1A[2K[1A[2K[1A[2K[1A[2K[1A[2K[1A[2K[1A[2K[1A[2K[1A[2K[G
 ───────────────── Importing data ─────────────────

 ✔ Creating ingest job 4.37s
 ⣽ Processing the job 13.75s
   ▸ Processed records: 2600
   ▸ Successful records: 2600
   ▸ Failed records: 0

 Status: InProgress
 Job Id:
 750ct00000USL0DAAX (https://fortra--mergebuild.sandbox.my.salesforce.com/lightn
 ing/setup/AsyncApiJobStatus/page?address=%2F750ct00000USL0DAAX)
 Elapsed Time: 18.43s

[2K[1A[2K[1A[2K[1A[2K[1A[2K[1A[2K[1A[2K[1A[2K[1A[2K[1A[2K[1A[2K[1A[2K[1A[2K[1A[2K[1A[2K[1A[2K[G
 ───────────────── Importing data ─────────────────

 ✔ Creating ingest job 4.37s
 ⣻ Processing the job 13.77s
   ▸ Processed records: 2600
   ▸ Successful records: 2600
   ▸ Failed records: 0

 Status: InProgress
 Job Id:
 750ct00000USL0DAAX (https://fortra--mergebuild.sandbox.my.salesforce.com/lightn
 ing/setup/AsyncApiJobStatus/page?address=%2F750ct00000USL0DAAX)
 Elapsed Time: 18.45s

[2K[1A[2K[1A[2K[1A[2K[1A[2K[1A[2K[1A[2K[1A[2K[1A[2K[1A[2K[1A[2K[1A[2K[1A[2K[1A[2K[1A[2K[1A[2K[G
 ───────────────── Importing data ─────────────────

 ✔ Creating ingest job 4.37s
 ⣻ Processing the job 13.81s
   ▸ Processed records: 2600
   ▸ Successful records: 2600
   ▸ Failed records: 0

 Status: InProgress
 Job Id:
 750ct00000USL0DAAX (https://fortra--mergebuild.sandbox.my.salesforce.com/lightn
 ing/setup/AsyncApiJobStatus/page?address=%2F750ct00000USL0DAAX)
 Elapsed Time: 18.48s

[2K[1A[2K[1A[2K[1A[2K[1A[2K[1A[2K[1A[2K[1A[2K[1A[2K[1A[2K[1A[2K[1A[2K[1A[2K[1A[2K[1A[2K[1A[2K[G
 ───────────────── Importing data ─────────────────

 ✔ Creating ingest job 4.37s
 ⣻ Processing the job 13.84s
   ▸ Processed records: 2600
   ▸ Successful records: 2600
   ▸ Failed records: 0

 Status: InProgress
 Job Id:
 750ct00000USL0DAAX (https://fortra--mergebuild.sandbox.my.salesforce.com/lightn
 ing/setup/AsyncApiJobStatus/page?address=%2F750ct00000USL0DAAX)
 Elapsed Time: 18.52s

[2K[1A[2K[1A[2K[1A[2K[1A[2K[1A[2K[1A[2K[1A[2K[1A[2K[1A[2K[1A[2K[1A[2K[1A[2K[1A[2K[1A[2K[1A[2K[G
 ───────────────── Importing data ─────────────────

 ✔ Creating ingest job 4.37s
 ⢿ Processing the job 13.87s
   ▸ Processed records: 2600
   ▸ Successful records: 2600
   ▸ Failed records: 0

 Status: InProgress
 Job Id:
 750ct00000USL0DAAX (https://fortra--mergebuild.sandbox.my.salesforce.com/lightn
 ing/setup/AsyncApiJobStatus/page?address=%2F750ct00000USL0DAAX)
 Elapsed Time: 18.55s

[2K[1A[2K[1A[2K[1A[2K[1A[2K[1A[2K[1A[2K[1A[2K[1A[2K[1A[2K[1A[2K[1A[2K[1A[2K[1A[2K[1A[2K[1A[2K[G
 ───────────────── Importing data ─────────────────

 ✔ Creating ingest job 4.37s
 ⢿ Processing the job 13.90s
   ▸ Processed records: 2600
   ▸ Successful records: 2600
   ▸ Failed records: 0

 Status: InProgress
 Job Id:
 750ct00000USL0DAAX (https://fortra--mergebuild.sandbox.my.salesforce.com/lightn
 ing/setup/AsyncApiJobStatus/page?address=%2F750ct00000USL0DAAX)
 Elapsed Time: 18.58s

[2K[1A[2K[1A[2K[1A[2K[1A[2K[1A[2K[1A[2K[1A[2K[1A[2K[1A[2K[1A[2K[1A[2K[1A[2K[1A[2K[1A[2K[1A[2K[G
 ───────────────── Importing data ─────────────────

 ✔ Creating ingest job 4.37s
 ⡿ Processing the job 13.92s
   ▸ Processed records: 2600
   ▸ Successful records: 2600
   ▸ Failed records: 0

 Status: InProgress
 Job Id:
 750ct00000USL0DAAX (https://fortra--mergebuild.sandbox.my.salesforce.com/lightn
 ing/setup/AsyncApiJobStatus/page?address=%2F750ct00000USL0DAAX)
 Elapsed Time: 18.61s

[2K[1A[2K[1A[2K[1A[2K[1A[2K[1A[2K[1A[2K[1A[2K[1A[2K[1A[2K[1A[2K[1A[2K[1A[2K[1A[2K[1A[2K[1A[2K[G
 ───────────────── Importing data ─────────────────

 ✔ Creating ingest job 4.37s
 ⡿ Processing the job 13.96s
   ▸ Processed records: 2600
   ▸ Successful records: 2600
   ▸ Failed records: 0

 Status: InProgress
 Job Id:
 750ct00000USL0DAAX (https://fortra--mergebuild.sandbox.my.salesforce.com/lightn
 ing/setup/AsyncApiJobStatus/page?address=%2F750ct00000USL0DAAX)
 Elapsed Time: 18.63s

[2K[1A[2K[1A[2K[1A[2K[1A[2K[1A[2K[1A[2K[1A[2K[1A[2K[1A[2K[1A[2K[1A[2K[1A[2K[1A[2K[1A[2K[1A[2K[G
 ───────────────── Importing data ─────────────────

 ✔ Creating ingest job 4.37s
 ⡿ Processing the job 13.99s
   ▸ Processed records: 2600
   ▸ Successful records: 2600
   ▸ Failed records: 0

 Status: InProgress
 Job Id:
 750ct00000USL0DAAX (https://fortra--mergebuild.sandbox.my.salesforce.com/lightn
 ing/setup/AsyncApiJobStatus/page?address=%2F750ct00000USL0DAAX)
 Elapsed Time: 18.67s

[2K[1A[2K[1A[2K[1A[2K[1A[2K[1A[2K[1A[2K[1A[2K[1A[2K[1A[2K[1A[2K[1A[2K[1A[2K[1A[2K[1A[2K[1A[2K[G
 ───────────────── Importing data ─────────────────

 ✔ Creating ingest job 4.37s
 ⣟ Processing the job 14.01s
   ▸ Processed records: 2600
   ▸ Successful records: 2600
   ▸ Failed records: 0

 Status: InProgress
 Job Id:
 750ct00000USL0DAAX (https://fortra--mergebuild.sandbox.my.salesforce.com/lightn
 ing/setup/AsyncApiJobStatus/page?address=%2F750ct00000USL0DAAX)
 Elapsed Time: 18.69s

[2K[1A[2K[1A[2K[1A[2K[1A[2K[1A[2K[1A[2K[1A[2K[1A[2K[1A[2K[1A[2K[1A[2K[1A[2K[1A[2K[1A[2K[1A[2K[G
 ───────────────── Importing data ─────────────────

 ✔ Creating ingest job 4.37s
 ⣟ Processing the job 14.04s
   ▸ Processed records: 2600
   ▸ Successful records: 2600
   ▸ Failed records: 0

 Status: InProgress
 Job Id:
 750ct00000USL0DAAX (https://fortra--mergebuild.sandbox.my.salesforce.com/lightn
 ing/setup/AsyncApiJobStatus/page?address=%2F750ct00000USL0DAAX)
 Elapsed Time: 18.72s

[2K[1A[2K[1A[2K[1A[2K[1A[2K[1A[2K[1A[2K[1A[2K[1A[2K[1A[2K[1A[2K[1A[2K[1A[2K[1A[2K[1A[2K[1A[2K[G
 ───────────────── Importing data ─────────────────

 ✔ Creating ingest job 4.37s
 ⣯ Processing the job 14.07s
   ▸ Processed records: 2600
   ▸ Successful records: 2600
   ▸ Failed records: 0

 Status: InProgress
 Job Id:
 750ct00000USL0DAAX (https://fortra--mergebuild.sandbox.my.salesforce.com/lightn
 ing/setup/AsyncApiJobStatus/page?address=%2F750ct00000USL0DAAX)
 Elapsed Time: 18.75s

[2K[1A[2K[1A[2K[1A[2K[1A[2K[1A[2K[1A[2K[1A[2K[1A[2K[1A[2K[1A[2K[1A[2K[1A[2K[1A[2K[1A[2K[1A[2K[G
 ───────────────── Importing data ─────────────────

 ✔ Creating ingest job 4.37s
 ⣯ Processing the job 14.10s
   ▸ Processed records: 2600
   ▸ Successful records: 2600
   ▸ Failed records: 0

 Status: InProgress
 Job Id:
 750ct00000USL0DAAX (https://fortra--mergebuild.sandbox.my.salesforce.com/lightn
 ing/setup/AsyncApiJobStatus/page?address=%2F750ct00000USL0DAAX)
 Elapsed Time: 18.78s

[2K[1A[2K[1A[2K[1A[2K[1A[2K[1A[2K[1A[2K[1A[2K[1A[2K[1A[2K[1A[2K[1A[2K[1A[2K[1A[2K[1A[2K[1A[2K[G
 ───────────────── Importing data ─────────────────

 ✔ Creating ingest job 4.37s
 ⣯ Processing the job 14.13s
   ▸ Processed records: 2600
   ▸ Successful records: 2600
   ▸ Failed records: 0

 Status: InProgress
 Job Id:
 750ct00000USL0DAAX (https://fortra--mergebuild.sandbox.my.salesforce.com/lightn
 ing/setup/AsyncApiJobStatus/page?address=%2F750ct00000USL0DAAX)
 Elapsed Time: 18.81s

[2K[1A[2K[1A[2K[1A[2K[1A[2K[1A[2K[1A[2K[1A[2K[1A[2K[1A[2K[1A[2K[1A[2K[1A[2K[1A[2K[1A[2K[1A[2K[G
 ───────────────── Importing data ─────────────────

 ✔ Creating ingest job 4.37s
 ⣷ Processing the job 14.16s
   ▸ Processed records: 2600
   ▸ Successful records: 2600
   ▸ Failed records: 0

 Status: InProgress
 Job Id:
 750ct00000USL0DAAX (https://fortra--mergebuild.sandbox.my.salesforce.com/lightn
 ing/setup/AsyncApiJobStatus/page?address=%2F750ct00000USL0DAAX)
 Elapsed Time: 18.84s

[2K[1A[2K[1A[2K[1A[2K[1A[2K[1A[2K[1A[2K[1A[2K[1A[2K[1A[2K[1A[2K[1A[2K[1A[2K[1A[2K[1A[2K[1A[2K[G
 ───────────────── Importing data ─────────────────

 ✔ Creating ingest job 4.37s
 ⣷ Processing the job 14.19s
   ▸ Processed records: 2600
   ▸ Successful records: 2600
   ▸ Failed records: 0

 Status: InProgress
 Job Id:
 750ct00000USL0DAAX (https://fortra--mergebuild.sandbox.my.salesforce.com/lightn
 ing/setup/AsyncApiJobStatus/page?address=%2F750ct00000USL0DAAX)
 Elapsed Time: 18.87s

[2K[1A[2K[1A[2K[1A[2K[1A[2K[1A[2K[1A[2K[1A[2K[1A[2K[1A[2K[1A[2K[1A[2K[1A[2K[1A[2K[1A[2K[1A[2K[G
 ───────────────── Importing data ─────────────────

 ✔ Creating ingest job 4.37s
 ⣾ Processing the job 14.21s
   ▸ Processed records: 2600
   ▸ Successful records: 2600
   ▸ Failed records: 0

 Status: InProgress
 Job Id:
 750ct00000USL0DAAX (https://fortra--mergebuild.sandbox.my.salesforce.com/lightn
 ing/setup/AsyncApiJobStatus/page?address=%2F750ct00000USL0DAAX)
 Elapsed Time: 18.90s

[2K[1A[2K[1A[2K[1A[2K[1A[2K[1A[2K[1A[2K[1A[2K[1A[2K[1A[2K[1A[2K[1A[2K[1A[2K[1A[2K[1A[2K[1A[2K[G
 ───────────────── Importing data ─────────────────

 ✔ Creating ingest job 4.37s
 ⣾ Processing the job 14.24s
   ▸ Processed records: 2600
   ▸ Successful records: 2600
   ▸ Failed records: 0

 Status: InProgress
 Job Id:
 750ct00000USL0DAAX (https://fortra--mergebuild.sandbox.my.salesforce.com/lightn
 ing/setup/AsyncApiJobStatus/page?address=%2F750ct00000USL0DAAX)
 Elapsed Time: 18.93s

[2K[1A[2K[1A[2K[1A[2K[1A[2K[1A[2K[1A[2K[1A[2K[1A[2K[1A[2K[1A[2K[1A[2K[1A[2K[1A[2K[1A[2K[1A[2K[G
 ───────────────── Importing data ─────────────────

 ✔ Creating ingest job 4.37s
 ⣾ Processing the job 14.27s
   ▸ Processed records: 2600
   ▸ Successful records: 2600
   ▸ Failed records: 0

 Status: InProgress
 Job Id:
 750ct00000USL0DAAX (https://fortra--mergebuild.sandbox.my.salesforce.com/lightn
 ing/setup/AsyncApiJobStatus/page?address=%2F750ct00000USL0DAAX)
 Elapsed Time: 18.96s

[2K[1A[2K[1A[2K[1A[2K[1A[2K[1A[2K[1A[2K[1A[2K[1A[2K[1A[2K[1A[2K[1A[2K[1A[2K[1A[2K[1A[2K[1A[2K[G
 ───────────────── Importing data ─────────────────

 ✔ Creating ingest job 4.37s
 ⣽ Processing the job 14.31s
   ▸ Processed records: 2600
   ▸ Successful records: 2600
   ▸ Failed records: 0

 Status: InProgress
 Job Id:
 750ct00000USL0DAAX (https://fortra--mergebuild.sandbox.my.salesforce.com/lightn
 ing/setup/AsyncApiJobStatus/page?address=%2F750ct00000USL0DAAX)
 Elapsed Time: 18.99s

[2K[1A[2K[1A[2K[1A[2K[1A[2K[1A[2K[1A[2K[1A[2K[1A[2K[1A[2K[1A[2K[1A[2K[1A[2K[1A[2K[1A[2K[1A[2K[G
 ───────────────── Importing data ─────────────────

 ✔ Creating ingest job 4.37s
 ⣽ Processing the job 14.33s
   ▸ Processed records: 2600
   ▸ Successful records: 2600
   ▸ Failed records: 0

 Status: InProgress
 Job Id:
 750ct00000USL0DAAX (https://fortra--mergebuild.sandbox.my.salesforce.com/lightn
 ing/setup/AsyncApiJobStatus/page?address=%2F750ct00000USL0DAAX)
 Elapsed Time: 19.02s

[2K[1A[2K[1A[2K[1A[2K[1A[2K[1A[2K[1A[2K[1A[2K[1A[2K[1A[2K[1A[2K[1A[2K[1A[2K[1A[2K[1A[2K[1A[2K[G
 ───────────────── Importing data ─────────────────

 ✔ Creating ingest job 4.37s
 ⣻ Processing the job 14.36s
   ▸ Processed records: 2600
   ▸ Successful records: 2600
   ▸ Failed records: 0

 Status: InProgress
 Job Id:
 750ct00000USL0DAAX (https://fortra--mergebuild.sandbox.my.salesforce.com/lightn
 ing/setup/AsyncApiJobStatus/page?address=%2F750ct00000USL0DAAX)
 Elapsed Time: 19.05s

[2K[1A[2K[1A[2K[1A[2K[1A[2K[1A[2K[1A[2K[1A[2K[1A[2K[1A[2K[1A[2K[1A[2K[1A[2K[1A[2K[1A[2K[1A[2K[G
 ───────────────── Importing data ─────────────────

 ✔ Creating ingest job 4.37s
 ⣻ Processing the job 14.39s
   ▸ Processed records: 2600
   ▸ Successful records: 2600
   ▸ Failed records: 0

 Status: InProgress
 Job Id:
 750ct00000USL0DAAX (https://fortra--mergebuild.sandbox.my.salesforce.com/lightn
 ing/setup/AsyncApiJobStatus/page?address=%2F750ct00000USL0DAAX)
 Elapsed Time: 19.08s

[2K[1A[2K[1A[2K[1A[2K[1A[2K[1A[2K[1A[2K[1A[2K[1A[2K[1A[2K[1A[2K[1A[2K[1A[2K[1A[2K[1A[2K[1A[2K[G
 ───────────────── Importing data ─────────────────

 ✔ Creating ingest job 4.37s
 ⣻ Processing the job 14.41s
   ▸ Processed records: 2600
   ▸ Successful records: 2600
   ▸ Failed records: 0

 Status: InProgress
 Job Id:
 750ct00000USL0DAAX (https://fortra--mergebuild.sandbox.my.salesforce.com/lightn
 ing/setup/AsyncApiJobStatus/page?address=%2F750ct00000USL0DAAX)
 Elapsed Time: 19.11s

[2K[1A[2K[1A[2K[1A[2K[1A[2K[1A[2K[1A[2K[1A[2K[1A[2K[1A[2K[1A[2K[1A[2K[1A[2K[1A[2K[1A[2K[1A[2K[G
 ───────────────── Importing data ─────────────────

 ✔ Creating ingest job 4.37s
 ⢿ Processing the job 14.44s
   ▸ Processed records: 2600
   ▸ Successful records: 2600
   ▸ Failed records: 0

 Status: InProgress
 Job Id:
 750ct00000USL0DAAX (https://fortra--mergebuild.sandbox.my.salesforce.com/lightn
 ing/setup/AsyncApiJobStatus/page?address=%2F750ct00000USL0DAAX)
 Elapsed Time: 19.14s

[2K[1A[2K[1A[2K[1A[2K[1A[2K[1A[2K[1A[2K[1A[2K[1A[2K[1A[2K[1A[2K[1A[2K[1A[2K[1A[2K[1A[2K[1A[2K[G
 ───────────────── Importing data ─────────────────

 ✔ Creating ingest job 4.37s
 ⢿ Processing the job 14.47s
   ▸ Processed records: 2600
   ▸ Successful records: 2600
   ▸ Failed records: 0

 Status: InProgress
 Job Id:
 750ct00000USL0DAAX (https://fortra--mergebuild.sandbox.my.salesforce.com/lightn
 ing/setup/AsyncApiJobStatus/page?address=%2F750ct00000USL0DAAX)
 Elapsed Time: 19.17s

[2K[1A[2K[1A[2K[1A[2K[1A[2K[1A[2K[1A[2K[1A[2K[1A[2K[1A[2K[1A[2K[1A[2K[1A[2K[1A[2K[1A[2K[1A[2K[G
 ───────────────── Importing data ─────────────────

 ✔ Creating ingest job 4.37s
 ⡿ Processing the job 14.50s
   ▸ Processed records: 2600
   ▸ Successful records: 2600
   ▸ Failed records: 0

 Status: InProgress
 Job Id:
 750ct00000USL0DAAX (https://fortra--mergebuild.sandbox.my.salesforce.com/lightn
 ing/setup/AsyncApiJobStatus/page?address=%2F750ct00000USL0DAAX)
 Elapsed Time: 19.20s

[2K[1A[2K[1A[2K[1A[2K[1A[2K[1A[2K[1A[2K[1A[2K[1A[2K[1A[2K[1A[2K[1A[2K[1A[2K[1A[2K[1A[2K[1A[2K[G
 ───────────────── Importing data ─────────────────

 ✔ Creating ingest job 4.37s
 ⡿ Processing the job 14.52s
   ▸ Processed records: 2600
   ▸ Successful records: 2600
   ▸ Failed records: 0

 Status: InProgress
 Job Id:
 750ct00000USL0DAAX (https://fortra--mergebuild.sandbox.my.salesforce.com/lightn
 ing/setup/AsyncApiJobStatus/page?address=%2F750ct00000USL0DAAX)
 Elapsed Time: 19.23s

[2K[1A[2K[1A[2K[1A[2K[1A[2K[1A[2K[1A[2K[1A[2K[1A[2K[1A[2K[1A[2K[1A[2K[1A[2K[1A[2K[1A[2K[1A[2K[G
 ───────────────── Importing data ─────────────────

 ✔ Creating ingest job 4.37s
 ⡿ Processing the job 14.56s
   ▸ Processed records: 2600
   ▸ Successful records: 2600
   ▸ Failed records: 0

 Status: InProgress
 Job Id:
 750ct00000USL0DAAX (https://fortra--mergebuild.sandbox.my.salesforce.com/lightn
 ing/setup/AsyncApiJobStatus/page?address=%2F750ct00000USL0DAAX)
 Elapsed Time: 19.26s

[2K[1A[2K[1A[2K[1A[2K[1A[2K[1A[2K[1A[2K[1A[2K[1A[2K[1A[2K[1A[2K[1A[2K[1A[2K[1A[2K[1A[2K[1A[2K[G
 ───────────────── Importing data ─────────────────

 ✔ Creating ingest job 4.37s
 ⣟ Processing the job 14.59s
   ▸ Processed records: 2600
   ▸ Successful records: 2600
   ▸ Failed records: 0

 Status: InProgress
 Job Id:
 750ct00000USL0DAAX (https://fortra--mergebuild.sandbox.my.salesforce.com/lightn
 ing/setup/AsyncApiJobStatus/page?address=%2F750ct00000USL0DAAX)
 Elapsed Time: 19.29s

[2K[1A[2K[1A[2K[1A[2K[1A[2K[1A[2K[1A[2K[1A[2K[1A[2K[1A[2K[1A[2K[1A[2K[1A[2K[1A[2K[1A[2K[1A[2K[G
 ───────────────── Importing data ─────────────────

 ✔ Creating ingest job 4.37s
 ⣟ Processing the job 14.61s
   ▸ Processed records: 2600
   ▸ Successful records: 2600
   ▸ Failed records: 0

 Status: InProgress
 Job Id:
 750ct00000USL0DAAX (https://fortra--mergebuild.sandbox.my.salesforce.com/lightn
 ing/setup/AsyncApiJobStatus/page?address=%2F750ct00000USL0DAAX)
 Elapsed Time: 19.32s

[2K[1A[2K[1A[2K[1A[2K[1A[2K[1A[2K[1A[2K[1A[2K[1A[2K[1A[2K[1A[2K[1A[2K[1A[2K[1A[2K[1A[2K[1A[2K[G
 ───────────────── Importing data ─────────────────

 ✔ Creating ingest job 4.37s
 ⣯ Processing the job 14.64s
   ▸ Processed records: 2600
   ▸ Successful records: 2600
   ▸ Failed records: 0

 Status: InProgress
 Job Id:
 750ct00000USL0DAAX (https://fortra--mergebuild.sandbox.my.salesforce.com/lightn
 ing/setup/AsyncApiJobStatus/page?address=%2F750ct00000USL0DAAX)
 Elapsed Time: 19.35s

[2K[1A[2K[1A[2K[1A[2K[1A[2K[1A[2K[1A[2K[1A[2K[1A[2K[1A[2K[1A[2K[1A[2K[1A[2K[1A[2K[1A[2K[1A[2K[G
 ───────────────── Importing data ─────────────────

 ✔ Creating ingest job 4.37s
 ⣯ Processing the job 14.67s
   ▸ Processed records: 2600
   ▸ Successful records: 2600
   ▸ Failed records: 0

 Status: InProgress
 Job Id:
 750ct00000USL0DAAX (https://fortra--mergebuild.sandbox.my.salesforce.com/lightn
 ing/setup/AsyncApiJobStatus/page?address=%2F750ct00000USL0DAAX)
 Elapsed Time: 19.38s

[2K[1A[2K[1A[2K[1A[2K[1A[2K[1A[2K[1A[2K[1A[2K[1A[2K[1A[2K[1A[2K[1A[2K[1A[2K[1A[2K[1A[2K[1A[2K[G
 ───────────────── Importing data ─────────────────

 ✔ Creating ingest job 4.37s
 ⣯ Processing the job 14.70s
   ▸ Processed records: 2600
   ▸ Successful records: 2600
   ▸ Failed records: 0

 Status: InProgress
 Job Id:
 750ct00000USL0DAAX (https://fortra--mergebuild.sandbox.my.salesforce.com/lightn
 ing/setup/AsyncApiJobStatus/page?address=%2F750ct00000USL0DAAX)
 Elapsed Time: 19.41s

[2K[1A[2K[1A[2K[1A[2K[1A[2K[1A[2K[1A[2K[1A[2K[1A[2K[1A[2K[1A[2K[1A[2K[1A[2K[1A[2K[1A[2K[1A[2K[G
 ───────────────── Importing data ─────────────────

 ✔ Creating ingest job 4.37s
 ⣷ Processing the job 14.73s
   ▸ Processed records: 2600
   ▸ Successful records: 2600
   ▸ Failed records: 0

 Status: InProgress
 Job Id:
 750ct00000USL0DAAX (https://fortra--mergebuild.sandbox.my.salesforce.com/lightn
 ing/setup/AsyncApiJobStatus/page?address=%2F750ct00000USL0DAAX)
 Elapsed Time: 19.44s

[2K[1A[2K[1A[2K[1A[2K[1A[2K[1A[2K[1A[2K[1A[2K[1A[2K[1A[2K[1A[2K[1A[2K[1A[2K[1A[2K[1A[2K[1A[2K[G
 ───────────────── Importing data ─────────────────

 ✔ Creating ingest job 4.37s
 ⣷ Processing the job 14.76s
   ▸ Processed records: 2600
   ▸ Successful records: 2600
   ▸ Failed records: 0

 Status: InProgress
 Job Id:
 750ct00000USL0DAAX (https://fortra--mergebuild.sandbox.my.salesforce.com/lightn
 ing/setup/AsyncApiJobStatus/page?address=%2F750ct00000USL0DAAX)
 Elapsed Time: 19.47s

[2K[1A[2K[1A[2K[1A[2K[1A[2K[1A[2K[1A[2K[1A[2K[1A[2K[1A[2K[1A[2K[1A[2K[1A[2K[1A[2K[1A[2K[1A[2K[G
 ───────────────── Importing data ─────────────────

 ✔ Creating ingest job 4.37s
 ⣾ Processing the job 14.79s
   ▸ Processed records: 2600
   ▸ Successful records: 2600
   ▸ Failed records: 0

 Status: InProgress
 Job Id:
 750ct00000USL0DAAX (https://fortra--mergebuild.sandbox.my.salesforce.com/lightn
 ing/setup/AsyncApiJobStatus/page?address=%2F750ct00000USL0DAAX)
 Elapsed Time: 19.50s

[2K[1A[2K[1A[2K[1A[2K[1A[2K[1A[2K[1A[2K[1A[2K[1A[2K[1A[2K[1A[2K[1A[2K[1A[2K[1A[2K[1A[2K[1A[2K[G
 ───────────────── Importing data ─────────────────

 ✔ Creating ingest job 4.37s
 ⣾ Processing the job 14.82s
   ▸ Processed records: 2600
   ▸ Successful records: 2600
   ▸ Failed records: 0

 Status: InProgress
 Job Id:
 750ct00000USL0DAAX (https://fortra--mergebuild.sandbox.my.salesforce.com/lightn
 ing/setup/AsyncApiJobStatus/page?address=%2F750ct00000USL0DAAX)
 Elapsed Time: 19.53s

[2K[1A[2K[1A[2K[1A[2K[1A[2K[1A[2K[1A[2K[1A[2K[1A[2K[1A[2K[1A[2K[1A[2K[1A[2K[1A[2K[1A[2K[1A[2K[G
 ───────────────── Importing data ─────────────────

 ✔ Creating ingest job 4.37s
 ⣾ Processing the job 14.85s
   ▸ Processed records: 2600
   ▸ Successful records: 2600
   ▸ Failed records: 0

 Status: InProgress
 Job Id:
 750ct00000USL0DAAX (https://fortra--mergebuild.sandbox.my.salesforce.com/lightn
 ing/setup/AsyncApiJobStatus/page?address=%2F750ct00000USL0DAAX)
 Elapsed Time: 19.56s

[2K[1A[2K[1A[2K[1A[2K[1A[2K[1A[2K[1A[2K[1A[2K[1A[2K[1A[2K[1A[2K[1A[2K[1A[2K[1A[2K[1A[2K[1A[2K[G
 ───────────────── Importing data ─────────────────

 ✔ Creating ingest job 4.37s
 ⣽ Processing the job 14.88s
   ▸ Processed records: 2600
   ▸ Successful records: 2600
   ▸ Failed records: 0

 Status: InProgress
 Job Id:
 750ct00000USL0DAAX (https://fortra--mergebuild.sandbox.my.salesforce.com/lightn
 ing/setup/AsyncApiJobStatus/page?address=%2F750ct00000USL0DAAX)
 Elapsed Time: 19.59s

[2K[1A[2K[1A[2K[1A[2K[1A[2K[1A[2K[1A[2K[1A[2K[1A[2K[1A[2K[1A[2K[1A[2K[1A[2K[1A[2K[1A[2K[1A[2K[G
 ───────────────── Importing data ─────────────────

 ✔ Creating ingest job 4.37s
 ⣽ Processing the job 14.91s
   ▸ Processed records: 2600
   ▸ Successful records: 2600
   ▸ Failed records: 0

 Status: InProgress
 Job Id:
 750ct00000USL0DAAX (https://fortra--mergebuild.sandbox.my.salesforce.com/lightn
 ing/setup/AsyncApiJobStatus/page?address=%2F750ct00000USL0DAAX)
 Elapsed Time: 19.62s

[2K[1A[2K[1A[2K[1A[2K[1A[2K[1A[2K[1A[2K[1A[2K[1A[2K[1A[2K[1A[2K[1A[2K[1A[2K[1A[2K[1A[2K[1A[2K[G
 ───────────────── Importing data ─────────────────

 ✔ Creating ingest job 4.37s
 ⣻ Processing the job 14.94s
   ▸ Processed records: 2600
   ▸ Successful records: 2600
   ▸ Failed records: 0

 Status: InProgress
 Job Id:
 750ct00000USL0DAAX (https://fortra--mergebuild.sandbox.my.salesforce.com/lightn
 ing/setup/AsyncApiJobStatus/page?address=%2F750ct00000USL0DAAX)
 Elapsed Time: 19.65s

[2K[1A[2K[1A[2K[1A[2K[1A[2K[1A[2K[1A[2K[1A[2K[1A[2K[1A[2K[1A[2K[1A[2K[1A[2K[1A[2K[1A[2K[1A[2K[G
 ───────────────── Importing data ─────────────────

 ✔ Creating ingest job 4.37s
 ⣻ Processing the job 14.97s
   ▸ Processed records: 2600
   ▸ Successful records: 2600
   ▸ Failed records: 0

 Status: InProgress
 Job Id:
 750ct00000USL0DAAX (https://fortra--mergebuild.sandbox.my.salesforce.com/lightn
 ing/setup/AsyncApiJobStatus/page?address=%2F750ct00000USL0DAAX)
 Elapsed Time: 19.68s

[2K[1A[2K[1A[2K[1A[2K[1A[2K[1A[2K[1A[2K[1A[2K[1A[2K[1A[2K[1A[2K[1A[2K[1A[2K[1A[2K[1A[2K[1A[2K[G
 ───────────────── Importing data ─────────────────

 ✔ Creating ingest job 4.37s
 ⣻ Processing the job 14.99s
   ▸ Processed records: 2600
   ▸ Successful records: 2600
   ▸ Failed records: 0

 Status: InProgress
 Job Id:
 750ct00000USL0DAAX (https://fortra--mergebuild.sandbox.my.salesforce.com/lightn
 ing/setup/AsyncApiJobStatus/page?address=%2F750ct00000USL0DAAX)
 Elapsed Time: 19.71s

[2K[1A[2K[1A[2K[1A[2K[1A[2K[1A[2K[1A[2K[1A[2K[1A[2K[1A[2K[1A[2K[1A[2K[1A[2K[1A[2K[1A[2K[1A[2K[G
 ───────────────── Importing data ─────────────────

 ✔ Creating ingest job 4.37s
 ⢿ Processing the job 15.03s
   ▸ Processed records: 2600
   ▸ Successful records: 2600
   ▸ Failed records: 0

 Status: InProgress
 Job Id:
 750ct00000USL0DAAX (https://fortra--mergebuild.sandbox.my.salesforce.com/lightn
 ing/setup/AsyncApiJobStatus/page?address=%2F750ct00000USL0DAAX)
 Elapsed Time: 19.74s

[2K[1A[2K[1A[2K[1A[2K[1A[2K[1A[2K[1A[2K[1A[2K[1A[2K[1A[2K[1A[2K[1A[2K[1A[2K[1A[2K[1A[2K[1A[2K[G
 ───────────────── Importing data ─────────────────

 ✔ Creating ingest job 4.37s
 ⢿ Processing the job 15.06s
   ▸ Processed records: 2600
   ▸ Successful records: 2600
   ▸ Failed records: 0

 Status: InProgress
 Job Id:
 750ct00000USL0DAAX (https://fortra--mergebuild.sandbox.my.salesforce.com/lightn
 ing/setup/AsyncApiJobStatus/page?address=%2F750ct00000USL0DAAX)
 Elapsed Time: 19.78s

[2K[1A[2K[1A[2K[1A[2K[1A[2K[1A[2K[1A[2K[1A[2K[1A[2K[1A[2K[1A[2K[1A[2K[1A[2K[1A[2K[1A[2K[1A[2K[G
 ───────────────── Importing data ─────────────────

 ✔ Creating ingest job 4.37s
 ⡿ Processing the job 15.08s
   ▸ Processed records: 2600
   ▸ Successful records: 2600
   ▸ Failed records: 0

 Status: InProgress
 Job Id:
 750ct00000USL0DAAX (https://fortra--mergebuild.sandbox.my.salesforce.com/lightn
 ing/setup/AsyncApiJobStatus/page?address=%2F750ct00000USL0DAAX)
 Elapsed Time: 19.81s

[2K[1A[2K[1A[2K[1A[2K[1A[2K[1A[2K[1A[2K[1A[2K[1A[2K[1A[2K[1A[2K[1A[2K[1A[2K[1A[2K[1A[2K[1A[2K[G
 ───────────────── Importing data ─────────────────

 ✔ Creating ingest job 4.37s
 ⡿ Processing the job 15.11s
   ▸ Processed records: 2600
   ▸ Successful records: 2600
   ▸ Failed records: 0

 Status: InProgress
 Job Id:
 750ct00000USL0DAAX (https://fortra--mergebuild.sandbox.my.salesforce.com/lightn
 ing/setup/AsyncApiJobStatus/page?address=%2F750ct00000USL0DAAX)
 Elapsed Time: 19.84s

[2K[1A[2K[1A[2K[1A[2K[1A[2K[1A[2K[1A[2K[1A[2K[1A[2K[1A[2K[1A[2K[1A[2K[1A[2K[1A[2K[1A[2K[1A[2K[G
 ───────────────── Importing data ─────────────────

 ✔ Creating ingest job 4.37s
 ⡿ Processing the job 15.14s
   ▸ Processed records: 2600
   ▸ Successful records: 2600
   ▸ Failed records: 0

 Status: InProgress
 Job Id:
 750ct00000USL0DAAX (https://fortra--mergebuild.sandbox.my.salesforce.com/lightn
 ing/setup/AsyncApiJobStatus/page?address=%2F750ct00000USL0DAAX)
 Elapsed Time: 19.87s

[2K[1A[2K[1A[2K[1A[2K[1A[2K[1A[2K[1A[2K[1A[2K[1A[2K[1A[2K[1A[2K[1A[2K[1A[2K[1A[2K[1A[2K[1A[2K[G
 ───────────────── Importing data ─────────────────

 ✔ Creating ingest job 4.37s
 ⣟ Processing the job 15.17s
   ▸ Processed records: 2600
   ▸ Successful records: 2600
   ▸ Failed records: 0

 Status: InProgress
 Job Id:
 750ct00000USL0DAAX (https://fortra--mergebuild.sandbox.my.salesforce.com/lightn
 ing/setup/AsyncApiJobStatus/page?address=%2F750ct00000USL0DAAX)
 Elapsed Time: 19.90s

[2K[1A[2K[1A[2K[1A[2K[1A[2K[1A[2K[1A[2K[1A[2K[1A[2K[1A[2K[1A[2K[1A[2K[1A[2K[1A[2K[1A[2K[1A[2K[G
 ───────────────── Importing data ─────────────────

 ✔ Creating ingest job 4.37s
 ⣟ Processing the job 15.19s
   ▸ Processed records: 2600
   ▸ Successful records: 2600
   ▸ Failed records: 0

 Status: InProgress
 Job Id:
 750ct00000USL0DAAX (https://fortra--mergebuild.sandbox.my.salesforce.com/lightn
 ing/setup/AsyncApiJobStatus/page?address=%2F750ct00000USL0DAAX)
 Elapsed Time: 19.93s

[2K[1A[2K[1A[2K[1A[2K[1A[2K[1A[2K[1A[2K[1A[2K[1A[2K[1A[2K[1A[2K[1A[2K[1A[2K[1A[2K[1A[2K[1A[2K[G
 ───────────────── Importing data ─────────────────

 ✔ Creating ingest job 4.37s
 ⣯ Processing the job 15.22s
   ▸ Processed records: 2600
   ▸ Successful records: 2600
   ▸ Failed records: 0

 Status: InProgress
 Job Id:
 750ct00000USL0DAAX (https://fortra--mergebuild.sandbox.my.salesforce.com/lightn
 ing/setup/AsyncApiJobStatus/page?address=%2F750ct00000USL0DAAX)
 Elapsed Time: 19.96s

[2K[1A[2K[1A[2K[1A[2K[1A[2K[1A[2K[1A[2K[1A[2K[1A[2K[1A[2K[1A[2K[1A[2K[1A[2K[1A[2K[1A[2K[1A[2K[G
 ───────────────── Importing data ─────────────────

 ✔ Creating ingest job 4.37s
 ⣯ Processing the job 15.25s
   ▸ Processed records: 2600
   ▸ Successful records: 2600
   ▸ Failed records: 0

 Status: InProgress
 Job Id:
 750ct00000USL0DAAX (https://fortra--mergebuild.sandbox.my.salesforce.com/lightn
 ing/setup/AsyncApiJobStatus/page?address=%2F750ct00000USL0DAAX)
 Elapsed Time: 19.99s

[2K[1A[2K[1A[2K[1A[2K[1A[2K[1A[2K[1A[2K[1A[2K[1A[2K[1A[2K[1A[2K[1A[2K[1A[2K[1A[2K[1A[2K[1A[2K[G
 ───────────────── Importing data ─────────────────

 ✔ Creating ingest job 4.37s
 ⣯ Processing the job 15.28s
   ▸ Processed records: 2600
   ▸ Successful records: 2600
   ▸ Failed records: 0

 Status: InProgress
 Job Id:
 750ct00000USL0DAAX (https://fortra--mergebuild.sandbox.my.salesforce.com/lightn
 ing/setup/AsyncApiJobStatus/page?address=%2F750ct00000USL0DAAX)
 Elapsed Time: 20.01s

[2K[1A[2K[1A[2K[1A[2K[1A[2K[1A[2K[1A[2K[1A[2K[1A[2K[1A[2K[1A[2K[1A[2K[1A[2K[1A[2K[1A[2K[1A[2K[G
 ───────────────── Importing data ─────────────────

 ✔ Creating ingest job 4.37s
 ⣷ Processing the job 15.31s
   ▸ Processed records: 2600
   ▸ Successful records: 2600
   ▸ Failed records: 0

 Status: InProgress
 Job Id:
 750ct00000USL0DAAX (https://fortra--mergebuild.sandbox.my.salesforce.com/lightn
 ing/setup/AsyncApiJobStatus/page?address=%2F750ct00000USL0DAAX)
 Elapsed Time: 20.04s

[2K[1A[2K[1A[2K[1A[2K[1A[2K[1A[2K[1A[2K[1A[2K[1A[2K[1A[2K[1A[2K[1A[2K[1A[2K[1A[2K[1A[2K[1A[2K[G
 ───────────────── Importing data ─────────────────

 ✔ Creating ingest job 4.37s
 ⣷ Processing the job 15.33s
   ▸ Processed records: 2600
   ▸ Successful records: 2600
   ▸ Failed records: 0

 Status: InProgress
 Job Id:
 750ct00000USL0DAAX (https://fortra--mergebuild.sandbox.my.salesforce.com/lightn
 ing/setup/AsyncApiJobStatus/page?address=%2F750ct00000USL0DAAX)
 Elapsed Time: 20.07s

[2K[1A[2K[1A[2K[1A[2K[1A[2K[1A[2K[1A[2K[1A[2K[1A[2K[1A[2K[1A[2K[1A[2K[1A[2K[1A[2K[1A[2K[1A[2K[G
 ───────────────── Importing data ─────────────────

 ✔ Creating ingest job 4.37s
 ⣾ Processing the job 15.36s
   ▸ Processed records: 2600
   ▸ Successful records: 2600
   ▸ Failed records: 0

 Status: InProgress
 Job Id:
 750ct00000USL0DAAX (https://fortra--mergebuild.sandbox.my.salesforce.com/lightn
 ing/setup/AsyncApiJobStatus/page?address=%2F750ct00000USL0DAAX)
 Elapsed Time: 20.10s

[2K[1A[2K[1A[2K[1A[2K[1A[2K[1A[2K[1A[2K[1A[2K[1A[2K[1A[2K[1A[2K[1A[2K[1A[2K[1A[2K[1A[2K[1A[2K[G
 ───────────────── Importing data ─────────────────

 ✔ Creating ingest job 4.37s
 ⣾ Processing the job 15.39s
   ▸ Processed records: 2600
   ▸ Successful records: 2600
   ▸ Failed records: 0

 Status: InProgress
 Job Id:
 750ct00000USL0DAAX (https://fortra--mergebuild.sandbox.my.salesforce.com/lightn
 ing/setup/AsyncApiJobStatus/page?address=%2F750ct00000USL0DAAX)
 Elapsed Time: 20.12s

[2K[1A[2K[1A[2K[1A[2K[1A[2K[1A[2K[1A[2K[1A[2K[1A[2K[1A[2K[1A[2K[1A[2K[1A[2K[1A[2K[1A[2K[1A[2K[G
 ───────────────── Importing data ─────────────────

 ✔ Creating ingest job 4.37s
 ⣾ Processing the job 15.42s
   ▸ Processed records: 2600
   ▸ Successful records: 2600
   ▸ Failed records: 0

 Status: InProgress
 Job Id:
 750ct00000USL0DAAX (https://fortra--mergebuild.sandbox.my.salesforce.com/lightn
 ing/setup/AsyncApiJobStatus/page?address=%2F750ct00000USL0DAAX)
 Elapsed Time: 20.16s

[2K[1A[2K[1A[2K[1A[2K[1A[2K[1A[2K[1A[2K[1A[2K[1A[2K[1A[2K[1A[2K[1A[2K[1A[2K[1A[2K[1A[2K[1A[2K[G
 ───────────────── Importing data ─────────────────

 ✔ Creating ingest job 4.37s
 ⣽ Processing the job 15.45s
   ▸ Processed records: 2600
   ▸ Successful records: 2600
   ▸ Failed records: 0

 Status: InProgress
 Job Id:
 750ct00000USL0DAAX (https://fortra--mergebuild.sandbox.my.salesforce.com/lightn
 ing/setup/AsyncApiJobStatus/page?address=%2F750ct00000USL0DAAX)
 Elapsed Time: 20.19s

[2K[1A[2K[1A[2K[1A[2K[1A[2K[1A[2K[1A[2K[1A[2K[1A[2K[1A[2K[1A[2K[1A[2K[1A[2K[1A[2K[1A[2K[1A[2K[G
 ───────────────── Importing data ─────────────────

 ✔ Creating ingest job 4.37s
 ⣽ Processing the job 15.48s
   ▸ Processed records: 2600
   ▸ Successful records: 2600
   ▸ Failed records: 0

 Status: InProgress
 Job Id:
 750ct00000USL0DAAX (https://fortra--mergebuild.sandbox.my.salesforce.com/lightn
 ing/setup/AsyncApiJobStatus/page?address=%2F750ct00000USL0DAAX)
 Elapsed Time: 20.22s

[2K[1A[2K[1A[2K[1A[2K[1A[2K[1A[2K[1A[2K[1A[2K[1A[2K[1A[2K[1A[2K[1A[2K[1A[2K[1A[2K[1A[2K[1A[2K[G
 ───────────────── Importing data ─────────────────

 ✔ Creating ingest job 4.37s
 ⣻ Processing the job 15.51s
   ▸ Processed records: 2600
   ▸ Successful records: 2600
   ▸ Failed records: 0

 Status: InProgress
 Job Id:
 750ct00000USL0DAAX (https://fortra--mergebuild.sandbox.my.salesforce.com/lightn
 ing/setup/AsyncApiJobStatus/page?address=%2F750ct00000USL0DAAX)
 Elapsed Time: 20.25s

[2K[1A[2K[1A[2K[1A[2K[1A[2K[1A[2K[1A[2K[1A[2K[1A[2K[1A[2K[1A[2K[1A[2K[1A[2K[1A[2K[1A[2K[1A[2K[G
 ───────────────── Importing data ─────────────────

 ✔ Creating ingest job 4.37s
 ⣻ Processing the job 15.53s
   ▸ Processed records: 2600
   ▸ Successful records: 2600
   ▸ Failed records: 0

 Status: InProgress
 Job Id:
 750ct00000USL0DAAX (https://fortra--mergebuild.sandbox.my.salesforce.com/lightn
 ing/setup/AsyncApiJobStatus/page?address=%2F750ct00000USL0DAAX)
 Elapsed Time: 20.28s

[2K[1A[2K[1A[2K[1A[2K[1A[2K[1A[2K[1A[2K[1A[2K[1A[2K[1A[2K[1A[2K[1A[2K[1A[2K[1A[2K[1A[2K[1A[2K[G
 ───────────────── Importing data ─────────────────

 ✔ Creating ingest job 4.37s
 ⣻ Processing the job 15.56s
   ▸ Processed records: 2600
   ▸ Successful records: 2600
   ▸ Failed records: 0

 Status: InProgress
 Job Id:
 750ct00000USL0DAAX (https://fortra--mergebuild.sandbox.my.salesforce.com/lightn
 ing/setup/AsyncApiJobStatus/page?address=%2F750ct00000USL0DAAX)
 Elapsed Time: 20.31s

[2K[1A[2K[1A[2K[1A[2K[1A[2K[1A[2K[1A[2K[1A[2K[1A[2K[1A[2K[1A[2K[1A[2K[1A[2K[1A[2K[1A[2K[1A[2K[G
 ───────────────── Importing data ─────────────────

 ✔ Creating ingest job 4.37s
 ⢿ Processing the job 15.59s
   ▸ Processed records: 2600
   ▸ Successful records: 2600
   ▸ Failed records: 0

 Status: InProgress
 Job Id:
 750ct00000USL0DAAX (https://fortra--mergebuild.sandbox.my.salesforce.com/lightn
 ing/setup/AsyncApiJobStatus/page?address=%2F750ct00000USL0DAAX)
 Elapsed Time: 20.33s

[2K[1A[2K[1A[2K[1A[2K[1A[2K[1A[2K[1A[2K[1A[2K[1A[2K[1A[2K[1A[2K[1A[2K[1A[2K[1A[2K[1A[2K[1A[2K[G
 ───────────────── Importing data ─────────────────

 ✔ Creating ingest job 4.37s
 ⢿ Processing the job 15.62s
   ▸ Processed records: 2600
   ▸ Successful records: 2600
   ▸ Failed records: 0

 Status: InProgress
 Job Id:
 750ct00000USL0DAAX (https://fortra--mergebuild.sandbox.my.salesforce.com/lightn
 ing/setup/AsyncApiJobStatus/page?address=%2F750ct00000USL0DAAX)
 Elapsed Time: 20.36s

[2K[1A[2K[1A[2K[1A[2K[1A[2K[1A[2K[1A[2K[1A[2K[1A[2K[1A[2K[1A[2K[1A[2K[1A[2K[1A[2K[1A[2K[1A[2K[G
 ───────────────── Importing data ─────────────────

 ✔ Creating ingest job 4.37s
 ⡿ Processing the job 15.65s
   ▸ Processed records: 2600
   ▸ Successful records: 2600
   ▸ Failed records: 0

 Status: InProgress
 Job Id:
 750ct00000USL0DAAX (https://fortra--mergebuild.sandbox.my.salesforce.com/lightn
 ing/setup/AsyncApiJobStatus/page?address=%2F750ct00000USL0DAAX)
 Elapsed Time: 20.39s

[2K[1A[2K[1A[2K[1A[2K[1A[2K[1A[2K[1A[2K[1A[2K[1A[2K[1A[2K[1A[2K[1A[2K[1A[2K[1A[2K[1A[2K[1A[2K[G
 ───────────────── Importing data ─────────────────

 ✔ Creating ingest job 4.37s
 ⡿ Processing the job 15.68s
   ▸ Processed records: 2600
   ▸ Successful records: 2600
   ▸ Failed records: 0

 Status: InProgress
 Job Id:
 750ct00000USL0DAAX (https://fortra--mergebuild.sandbox.my.salesforce.com/lightn
 ing/setup/AsyncApiJobStatus/page?address=%2F750ct00000USL0DAAX)
 Elapsed Time: 20.42s

[2K[1A[2K[1A[2K[1A[2K[1A[2K[1A[2K[1A[2K[1A[2K[1A[2K[1A[2K[1A[2K[1A[2K[1A[2K[1A[2K[1A[2K[1A[2K[G
 ───────────────── Importing data ─────────────────

 ✔ Creating ingest job 4.37s
 ⡿ Processing the job 15.70s
   ▸ Processed records: 2600
   ▸ Successful records: 2600
   ▸ Failed records: 0

 Status: InProgress
 Job Id:
 750ct00000USL0DAAX (https://fortra--mergebuild.sandbox.my.salesforce.com/lightn
 ing/setup/AsyncApiJobStatus/page?address=%2F750ct00000USL0DAAX)
 Elapsed Time: 20.46s

[2K[1A[2K[1A[2K[1A[2K[1A[2K[1A[2K[1A[2K[1A[2K[1A[2K[1A[2K[1A[2K[1A[2K[1A[2K[1A[2K[1A[2K[1A[2K[G
 ───────────────── Importing data ─────────────────

 ✔ Creating ingest job 4.37s
 ⣟ Processing the job 15.73s
   ▸ Processed records: 2600
   ▸ Successful records: 2600
   ▸ Failed records: 0

 Status: InProgress
 Job Id:
 750ct00000USL0DAAX (https://fortra--mergebuild.sandbox.my.salesforce.com/lightn
 ing/setup/AsyncApiJobStatus/page?address=%2F750ct00000USL0DAAX)
 Elapsed Time: 20.49s

[2K[1A[2K[1A[2K[1A[2K[1A[2K[1A[2K[1A[2K[1A[2K[1A[2K[1A[2K[1A[2K[1A[2K[1A[2K[1A[2K[1A[2K[1A[2K[G
 ───────────────── Importing data ─────────────────

 ✔ Creating ingest job 4.37s
 ⣟ Processing the job 15.76s
   ▸ Processed records: 2600
   ▸ Successful records: 2600
   ▸ Failed records: 0

 Status: InProgress
 Job Id:
 750ct00000USL0DAAX (https://fortra--mergebuild.sandbox.my.salesforce.com/lightn
 ing/setup/AsyncApiJobStatus/page?address=%2F750ct00000USL0DAAX)
 Elapsed Time: 20.52s

[2K[1A[2K[1A[2K[1A[2K[1A[2K[1A[2K[1A[2K[1A[2K[1A[2K[1A[2K[1A[2K[1A[2K[1A[2K[1A[2K[1A[2K[1A[2K[G
 ───────────────── Importing data ─────────────────

 ✔ Creating ingest job 4.37s
 ⣯ Processing the job 15.79s
   ▸ Processed records: 2600
   ▸ Successful records: 2600
   ▸ Failed records: 0

 Status: InProgress
 Job Id:
 750ct00000USL0DAAX (https://fortra--mergebuild.sandbox.my.salesforce.com/lightn
 ing/setup/AsyncApiJobStatus/page?address=%2F750ct00000USL0DAAX)
 Elapsed Time: 20.55s

[2K[1A[2K[1A[2K[1A[2K[1A[2K[1A[2K[1A[2K[1A[2K[1A[2K[1A[2K[1A[2K[1A[2K[1A[2K[1A[2K[1A[2K[1A[2K[G
 ───────────────── Importing data ─────────────────

 ✔ Creating ingest job 4.37s
 ⣯ Processing the job 15.82s
   ▸ Processed records: 2600
   ▸ Successful records: 2600
   ▸ Failed records: 0

 Status: InProgress
 Job Id:
 750ct00000USL0DAAX (https://fortra--mergebuild.sandbox.my.salesforce.com/lightn
 ing/setup/AsyncApiJobStatus/page?address=%2F750ct00000USL0DAAX)
 Elapsed Time: 20.58s

[2K[1A[2K[1A[2K[1A[2K[1A[2K[1A[2K[1A[2K[1A[2K[1A[2K[1A[2K[1A[2K[1A[2K[1A[2K[1A[2K[1A[2K[1A[2K[G
 ───────────────── Importing data ─────────────────

 ✔ Creating ingest job 4.37s
 ⣯ Processing the job 15.84s
   ▸ Processed records: 2600
   ▸ Successful records: 2600
   ▸ Failed records: 0

 Status: InProgress
 Job Id:
 750ct00000USL0DAAX (https://fortra--mergebuild.sandbox.my.salesforce.com/lightn
 ing/setup/AsyncApiJobStatus/page?address=%2F750ct00000USL0DAAX)
 Elapsed Time: 20.61s

[2K[1A[2K[1A[2K[1A[2K[1A[2K[1A[2K[1A[2K[1A[2K[1A[2K[1A[2K[1A[2K[1A[2K[1A[2K[1A[2K[1A[2K[1A[2K[G
 ───────────────── Importing data ─────────────────

 ✔ Creating ingest job 4.37s
 ⣷ Processing the job 15.87s
   ▸ Processed records: 2600
   ▸ Successful records: 2600
   ▸ Failed records: 0

 Status: InProgress
 Job Id:
 750ct00000USL0DAAX (https://fortra--mergebuild.sandbox.my.salesforce.com/lightn
 ing/setup/AsyncApiJobStatus/page?address=%2F750ct00000USL0DAAX)
 Elapsed Time: 20.64s

[2K[1A[2K[1A[2K[1A[2K[1A[2K[1A[2K[1A[2K[1A[2K[1A[2K[1A[2K[1A[2K[1A[2K[1A[2K[1A[2K[1A[2K[1A[2K[G
 ───────────────── Importing data ─────────────────

 ✔ Creating ingest job 4.37s
 ⣷ Processing the job 15.91s
   ▸ Processed records: 2600
   ▸ Successful records: 2600
   ▸ Failed records: 0

 Status: InProgress
 Job Id:
 750ct00000USL0DAAX (https://fortra--mergebuild.sandbox.my.salesforce.com/lightn
 ing/setup/AsyncApiJobStatus/page?address=%2F750ct00000USL0DAAX)
 Elapsed Time: 20.67s

[2K[1A[2K[1A[2K[1A[2K[1A[2K[1A[2K[1A[2K[1A[2K[1A[2K[1A[2K[1A[2K[1A[2K[1A[2K[1A[2K[1A[2K[1A[2K[G
 ───────────────── Importing data ─────────────────

 ✔ Creating ingest job 4.37s
 ⣾ Processing the job 15.94s
   ▸ Processed records: 2600
   ▸ Successful records: 2600
   ▸ Failed records: 0

 Status: InProgress
 Job Id:
 750ct00000USL0DAAX (https://fortra--mergebuild.sandbox.my.salesforce.com/lightn
 ing/setup/AsyncApiJobStatus/page?address=%2F750ct00000USL0DAAX)
 Elapsed Time: 20.71s

[2K[1A[2K[1A[2K[1A[2K[1A[2K[1A[2K[1A[2K[1A[2K[1A[2K[1A[2K[1A[2K[1A[2K[1A[2K[1A[2K[1A[2K[1A[2K[G
 ───────────────── Importing data ─────────────────

 ✔ Creating ingest job 4.37s
 ⣾ Processing the job 15.97s
   ▸ Processed records: 2600
   ▸ Successful records: 2600
   ▸ Failed records: 0

 Status: InProgress
 Job Id:
 750ct00000USL0DAAX (https://fortra--mergebuild.sandbox.my.salesforce.com/lightn
 ing/setup/AsyncApiJobStatus/page?address=%2F750ct00000USL0DAAX)
 Elapsed Time: 20.74s

[2K[1A[2K[1A[2K[1A[2K[1A[2K[1A[2K[1A[2K[1A[2K[1A[2K[1A[2K[1A[2K[1A[2K[1A[2K[1A[2K[1A[2K[1A[2K[G
 ───────────────── Importing data ─────────────────

 ✔ Creating ingest job 4.37s
 ⣾ Processing the job 16.00s
   ▸ Processed records: 2600
   ▸ Successful records: 2600
   ▸ Failed records: 0

 Status: InProgress
 Job Id:
 750ct00000USL0DAAX (https://fortra--mergebuild.sandbox.my.salesforce.com/lightn
 ing/setup/AsyncApiJobStatus/page?address=%2F750ct00000USL0DAAX)
 Elapsed Time: 20.77s

[2K[1A[2K[1A[2K[1A[2K[1A[2K[1A[2K[1A[2K[1A[2K[1A[2K[1A[2K[1A[2K[1A[2K[1A[2K[1A[2K[1A[2K[1A[2K[G
 ───────────────── Importing data ─────────────────

 ✔ Creating ingest job 4.37s
 ⣽ Processing the job 16.03s
   ▸ Processed records: 2600
   ▸ Successful records: 2600
   ▸ Failed records: 0

 Status: InProgress
 Job Id:
 750ct00000USL0DAAX (https://fortra--mergebuild.sandbox.my.salesforce.com/lightn
 ing/setup/AsyncApiJobStatus/page?address=%2F750ct00000USL0DAAX)
 Elapsed Time: 20.80s

[2K[1A[2K[1A[2K[1A[2K[1A[2K[1A[2K[1A[2K[1A[2K[1A[2K[1A[2K[1A[2K[1A[2K[1A[2K[1A[2K[1A[2K[1A[2K[G
 ───────────────── Importing data ─────────────────

 ✔ Creating ingest job 4.37s
 ⣽ Processing the job 16.06s
   ▸ Processed records: 2600
   ▸ Successful records: 2600
   ▸ Failed records: 0

 Status: InProgress
 Job Id:
 750ct00000USL0DAAX (https://fortra--mergebuild.sandbox.my.salesforce.com/lightn
 ing/setup/AsyncApiJobStatus/page?address=%2F750ct00000USL0DAAX)
 Elapsed Time: 20.83s

[2K[1A[2K[1A[2K[1A[2K[1A[2K[1A[2K[1A[2K[1A[2K[1A[2K[1A[2K[1A[2K[1A[2K[1A[2K[1A[2K[1A[2K[1A[2K[G
 ───────────────── Importing data ─────────────────

 ✔ Creating ingest job 4.37s
 ⣻ Processing the job 16.10s
   ▸ Processed records: 2600
   ▸ Successful records: 2600
   ▸ Failed records: 0

 Status: InProgress
 Job Id:
 750ct00000USL0DAAX (https://fortra--mergebuild.sandbox.my.salesforce.com/lightn
 ing/setup/AsyncApiJobStatus/page?address=%2F750ct00000USL0DAAX)
 Elapsed Time: 20.86s

[2K[1A[2K[1A[2K[1A[2K[1A[2K[1A[2K[1A[2K[1A[2K[1A[2K[1A[2K[1A[2K[1A[2K[1A[2K[1A[2K[1A[2K[1A[2K[G
 ───────────────── Importing data ─────────────────

 ✔ Creating ingest job 4.37s
 ⣻ Processing the job 16.13s
   ▸ Processed records: 2600
   ▸ Successful records: 2600
   ▸ Failed records: 0

 Status: InProgress
 Job Id:
 750ct00000USL0DAAX (https://fortra--mergebuild.sandbox.my.salesforce.com/lightn
 ing/setup/AsyncApiJobStatus/page?address=%2F750ct00000USL0DAAX)
 Elapsed Time: 20.90s

[2K[1A[2K[1A[2K[1A[2K[1A[2K[1A[2K[1A[2K[1A[2K[1A[2K[1A[2K[1A[2K[1A[2K[1A[2K[1A[2K[1A[2K[1A[2K[G
 ───────────────── Importing data ─────────────────

 ✔ Creating ingest job 4.37s
 ⣻ Processing the job 16.16s
   ▸ Processed records: 2600
   ▸ Successful records: 2600
   ▸ Failed records: 0

 Status: InProgress
 Job Id:
 750ct00000USL0DAAX (https://fortra--mergebuild.sandbox.my.salesforce.com/lightn
 ing/setup/AsyncApiJobStatus/page?address=%2F750ct00000USL0DAAX)
 Elapsed Time: 20.92s

[2K[1A[2K[1A[2K[1A[2K[1A[2K[1A[2K[1A[2K[1A[2K[1A[2K[1A[2K[1A[2K[1A[2K[1A[2K[1A[2K[1A[2K[1A[2K[G
 ───────────────── Importing data ─────────────────

 ✔ Creating ingest job 4.37s
 ⢿ Processing the job 16.19s
   ▸ Processed records: 2600
   ▸ Successful records: 2600
   ▸ Failed records: 0

 Status: InProgress
 Job Id:
 750ct00000USL0DAAX (https://fortra--mergebuild.sandbox.my.salesforce.com/lightn
 ing/setup/AsyncApiJobStatus/page?address=%2F750ct00000USL0DAAX)
 Elapsed Time: 20.96s

[2K[1A[2K[1A[2K[1A[2K[1A[2K[1A[2K[1A[2K[1A[2K[1A[2K[1A[2K[1A[2K[1A[2K[1A[2K[1A[2K[1A[2K[1A[2K[G
 ───────────────── Importing data ─────────────────

 ✔ Creating ingest job 4.37s
 ⢿ Processing the job 16.22s
   ▸ Processed records: 2600
   ▸ Successful records: 2600
   ▸ Failed records: 0

 Status: InProgress
 Job Id:
 750ct00000USL0DAAX (https://fortra--mergebuild.sandbox.my.salesforce.com/lightn
 ing/setup/AsyncApiJobStatus/page?address=%2F750ct00000USL0DAAX)
 Elapsed Time: 20.99s

[2K[1A[2K[1A[2K[1A[2K[1A[2K[1A[2K[1A[2K[1A[2K[1A[2K[1A[2K[1A[2K[1A[2K[1A[2K[1A[2K[1A[2K[1A[2K[G
 ───────────────── Importing data ─────────────────

 ✔ Creating ingest job 4.37s
 ⡿ Processing the job 16.25s
   ▸ Processed records: 2600
   ▸ Successful records: 2600
   ▸ Failed records: 0

 Status: InProgress
 Job Id:
 750ct00000USL0DAAX (https://fortra--mergebuild.sandbox.my.salesforce.com/lightn
 ing/setup/AsyncApiJobStatus/page?address=%2F750ct00000USL0DAAX)
 Elapsed Time: 21.02s

[2K[1A[2K[1A[2K[1A[2K[1A[2K[1A[2K[1A[2K[1A[2K[1A[2K[1A[2K[1A[2K[1A[2K[1A[2K[1A[2K[1A[2K[1A[2K[G
 ───────────────── Importing data ─────────────────

 ✔ Creating ingest job 4.37s
 ⡿ Processing the job 16.28s
   ▸ Processed records: 2600
   ▸ Successful records: 2600
   ▸ Failed records: 0

 Status: InProgress
 Job Id:
 750ct00000USL0DAAX (https://fortra--mergebuild.sandbox.my.salesforce.com/lightn
 ing/setup/AsyncApiJobStatus/page?address=%2F750ct00000USL0DAAX)
 Elapsed Time: 21.05s

[2K[1A[2K[1A[2K[1A[2K[1A[2K[1A[2K[1A[2K[1A[2K[1A[2K[1A[2K[1A[2K[1A[2K[1A[2K[1A[2K[1A[2K[1A[2K[G
 ───────────────── Importing data ─────────────────

 ✔ Creating ingest job 4.37s
 ⡿ Processing the job 16.31s
   ▸ Processed records: 2600
   ▸ Successful records: 2600
   ▸ Failed records: 0

 Status: InProgress
 Job Id:
 750ct00000USL0DAAX (https://fortra--mergebuild.sandbox.my.salesforce.com/lightn
 ing/setup/AsyncApiJobStatus/page?address=%2F750ct00000USL0DAAX)
 Elapsed Time: 21.07s

[2K[1A[2K[1A[2K[1A[2K[1A[2K[1A[2K[1A[2K[1A[2K[1A[2K[1A[2K[1A[2K[1A[2K[1A[2K[1A[2K[1A[2K[1A[2K[G
 ───────────────── Importing data ─────────────────

 ✔ Creating ingest job 4.37s
 ⣟ Processing the job 16.34s
   ▸ Processed records: 2600
   ▸ Successful records: 2600
   ▸ Failed records: 0

 Status: InProgress
 Job Id:
 750ct00000USL0DAAX (https://fortra--mergebuild.sandbox.my.salesforce.com/lightn
 ing/setup/AsyncApiJobStatus/page?address=%2F750ct00000USL0DAAX)
 Elapsed Time: 21.10s

[2K[1A[2K[1A[2K[1A[2K[1A[2K[1A[2K[1A[2K[1A[2K[1A[2K[1A[2K[1A[2K[1A[2K[1A[2K[1A[2K[1A[2K[1A[2K[G
 ───────────────── Importing data ─────────────────

 ✔ Creating ingest job 4.37s
 ⣟ Processing the job 16.37s
   ▸ Processed records: 2600
   ▸ Successful records: 2600
   ▸ Failed records: 0

 Status: InProgress
 Job Id:
 750ct00000USL0DAAX (https://fortra--mergebuild.sandbox.my.salesforce.com/lightn
 ing/setup/AsyncApiJobStatus/page?address=%2F750ct00000USL0DAAX)
 Elapsed Time: 21.13s

[2K[1A[2K[1A[2K[1A[2K[1A[2K[1A[2K[1A[2K[1A[2K[1A[2K[1A[2K[1A[2K[1A[2K[1A[2K[1A[2K[1A[2K[1A[2K[G
 ───────────────── Importing data ─────────────────

 ✔ Creating ingest job 4.37s
 ⣯ Processing the job 16.40s
   ▸ Processed records: 2600
   ▸ Successful records: 2600
   ▸ Failed records: 0

 Status: InProgress
 Job Id:
 750ct00000USL0DAAX (https://fortra--mergebuild.sandbox.my.salesforce.com/lightn
 ing/setup/AsyncApiJobStatus/page?address=%2F750ct00000USL0DAAX)
 Elapsed Time: 21.16s

[2K[1A[2K[1A[2K[1A[2K[1A[2K[1A[2K[1A[2K[1A[2K[1A[2K[1A[2K[1A[2K[1A[2K[1A[2K[1A[2K[1A[2K[1A[2K[G
 ───────────────── Importing data ─────────────────

 ✔ Creating ingest job 4.37s
 ⣯ Processing the job 16.43s
   ▸ Processed records: 2600
   ▸ Successful records: 2600
   ▸ Failed records: 0

 Status: InProgress
 Job Id:
 750ct00000USL0DAAX (https://fortra--mergebuild.sandbox.my.salesforce.com/lightn
 ing/setup/AsyncApiJobStatus/page?address=%2F750ct00000USL0DAAX)
 Elapsed Time: 21.19s

[2K[1A[2K[1A[2K[1A[2K[1A[2K[1A[2K[1A[2K[1A[2K[1A[2K[1A[2K[1A[2K[1A[2K[1A[2K[1A[2K[1A[2K[1A[2K[G
 ───────────────── Importing data ─────────────────

 ✔ Creating ingest job 4.37s
 ⣯ Processing the job 16.46s
   ▸ Processed records: 2600
   ▸ Successful records: 2600
   ▸ Failed records: 0

 Status: InProgress
 Job Id:
 750ct00000USL0DAAX (https://fortra--mergebuild.sandbox.my.salesforce.com/lightn
 ing/setup/AsyncApiJobStatus/page?address=%2F750ct00000USL0DAAX)
 Elapsed Time: 21.22s

[2K[1A[2K[1A[2K[1A[2K[1A[2K[1A[2K[1A[2K[1A[2K[1A[2K[1A[2K[1A[2K[1A[2K[1A[2K[1A[2K[1A[2K[1A[2K[G
 ───────────────── Importing data ─────────────────

 ✔ Creating ingest job 4.37s
 ⣷ Processing the job 16.49s
   ▸ Processed records: 2600
   ▸ Successful records: 2600
   ▸ Failed records: 0

 Status: InProgress
 Job Id:
 750ct00000USL0DAAX (https://fortra--mergebuild.sandbox.my.salesforce.com/lightn
 ing/setup/AsyncApiJobStatus/page?address=%2F750ct00000USL0DAAX)
 Elapsed Time: 21.25s

[2K[1A[2K[1A[2K[1A[2K[1A[2K[1A[2K[1A[2K[1A[2K[1A[2K[1A[2K[1A[2K[1A[2K[1A[2K[1A[2K[1A[2K[1A[2K[G
 ───────────────── Importing data ─────────────────

 ✔ Creating ingest job 4.37s
 ⣷ Processing the job 16.51s
   ▸ Processed records: 2600
   ▸ Successful records: 2600
   ▸ Failed records: 0

 Status: InProgress
 Job Id:
 750ct00000USL0DAAX (https://fortra--mergebuild.sandbox.my.salesforce.com/lightn
 ing/setup/AsyncApiJobStatus/page?address=%2F750ct00000USL0DAAX)
 Elapsed Time: 21.28s

[2K[1A[2K[1A[2K[1A[2K[1A[2K[1A[2K[1A[2K[1A[2K[1A[2K[1A[2K[1A[2K[1A[2K[1A[2K[1A[2K[1A[2K[1A[2K[G
 ───────────────── Importing data ─────────────────

 ✔ Creating ingest job 4.37s
 ⣾ Processing the job 16.55s
   ▸ Processed records: 2600
   ▸ Successful records: 2600
   ▸ Failed records: 0

 Status: InProgress
 Job Id:
 750ct00000USL0DAAX (https://fortra--mergebuild.sandbox.my.salesforce.com/lightn
 ing/setup/AsyncApiJobStatus/page?address=%2F750ct00000USL0DAAX)
 Elapsed Time: 21.31s

[2K[1A[2K[1A[2K[1A[2K[1A[2K[1A[2K[1A[2K[1A[2K[1A[2K[1A[2K[1A[2K[1A[2K[1A[2K[1A[2K[1A[2K[1A[2K[G
 ───────────────── Importing data ─────────────────

 ✔ Creating ingest job 4.37s
 ⣾ Processing the job 16.58s
   ▸ Processed records: 2600
   ▸ Successful records: 2600
   ▸ Failed records: 0

 Status: InProgress
 Job Id:
 750ct00000USL0DAAX (https://fortra--mergebuild.sandbox.my.salesforce.com/lightn
 ing/setup/AsyncApiJobStatus/page?address=%2F750ct00000USL0DAAX)
 Elapsed Time: 21.34s

[2K[1A[2K[1A[2K[1A[2K[1A[2K[1A[2K[1A[2K[1A[2K[1A[2K[1A[2K[1A[2K[1A[2K[1A[2K[1A[2K[1A[2K[1A[2K[G
 ───────────────── Importing data ─────────────────

 ✔ Creating ingest job 4.37s
 ⣾ Processing the job 16.60s
   ▸ Processed records: 2600
   ▸ Successful records: 2600
   ▸ Failed records: 0

 Status: InProgress
 Job Id:
 750ct00000USL0DAAX (https://fortra--mergebuild.sandbox.my.salesforce.com/lightn
 ing/setup/AsyncApiJobStatus/page?address=%2F750ct00000USL0DAAX)
 Elapsed Time: 21.37s

[2K[1A[2K[1A[2K[1A[2K[1A[2K[1A[2K[1A[2K[1A[2K[1A[2K[1A[2K[1A[2K[1A[2K[1A[2K[1A[2K[1A[2K[1A[2K[G
 ───────────────── Importing data ─────────────────

 ✔ Creating ingest job 4.37s
 ⣽ Processing the job 16.63s
   ▸ Processed records: 2600
   ▸ Successful records: 2600
   ▸ Failed records: 0

 Status: InProgress
 Job Id:
 750ct00000USL0DAAX (https://fortra--mergebuild.sandbox.my.salesforce.com/lightn
 ing/setup/AsyncApiJobStatus/page?address=%2F750ct00000USL0DAAX)
 Elapsed Time: 21.40s

[2K[1A[2K[1A[2K[1A[2K[1A[2K[1A[2K[1A[2K[1A[2K[1A[2K[1A[2K[1A[2K[1A[2K[1A[2K[1A[2K[1A[2K[1A[2K[G
 ───────────────── Importing data ─────────────────

 ✔ Creating ingest job 4.37s
 ⣽ Processing the job 16.66s
   ▸ Processed records: 2600
   ▸ Successful records: 2600
   ▸ Failed records: 0

 Status: InProgress
 Job Id:
 750ct00000USL0DAAX (https://fortra--mergebuild.sandbox.my.salesforce.com/lightn
 ing/setup/AsyncApiJobStatus/page?address=%2F750ct00000USL0DAAX)
 Elapsed Time: 21.43s

[2K[1A[2K[1A[2K[1A[2K[1A[2K[1A[2K[1A[2K[1A[2K[1A[2K[1A[2K[1A[2K[1A[2K[1A[2K[1A[2K[1A[2K[1A[2K[G
 ───────────────── Importing data ─────────────────

 ✔ Creating ingest job 4.37s
 ⣻ Processing the job 16.69s
   ▸ Processed records: 2600
   ▸ Successful records: 2600
   ▸ Failed records: 0

 Status: InProgress
 Job Id:
 750ct00000USL0DAAX (https://fortra--mergebuild.sandbox.my.salesforce.com/lightn
 ing/setup/AsyncApiJobStatus/page?address=%2F750ct00000USL0DAAX)
 Elapsed Time: 21.46s

[2K[1A[2K[1A[2K[1A[2K[1A[2K[1A[2K[1A[2K[1A[2K[1A[2K[1A[2K[1A[2K[1A[2K[1A[2K[1A[2K[1A[2K[1A[2K[G
 ───────────────── Importing data ─────────────────

 ✔ Creating ingest job 4.37s
 ⣻ Processing the job 16.72s
   ▸ Processed records: 2600
   ▸ Successful records: 2600
   ▸ Failed records: 0

 Status: InProgress
 Job Id:
 750ct00000USL0DAAX (https://fortra--mergebuild.sandbox.my.salesforce.com/lightn
 ing/setup/AsyncApiJobStatus/page?address=%2F750ct00000USL0DAAX)
 Elapsed Time: 21.49s

[2K[1A[2K[1A[2K[1A[2K[1A[2K[1A[2K[1A[2K[1A[2K[1A[2K[1A[2K[1A[2K[1A[2K[1A[2K[1A[2K[1A[2K[1A[2K[G
 ───────────────── Importing data ─────────────────

 ✔ Creating ingest job 4.37s
 ⣻ Processing the job 16.75s
   ▸ Processed records: 2600
   ▸ Successful records: 2600
   ▸ Failed records: 0

 Status: InProgress
 Job Id:
 750ct00000USL0DAAX (https://fortra--mergebuild.sandbox.my.salesforce.com/lightn
 ing/setup/AsyncApiJobStatus/page?address=%2F750ct00000USL0DAAX)
 Elapsed Time: 21.51s

[2K[1A[2K[1A[2K[1A[2K[1A[2K[1A[2K[1A[2K[1A[2K[1A[2K[1A[2K[1A[2K[1A[2K[1A[2K[1A[2K[1A[2K[1A[2K[G
 ───────────────── Importing data ─────────────────

 ✔ Creating ingest job 4.37s
 ⢿ Processing the job 16.78s
   ▸ Processed records: 2600
   ▸ Successful records: 2600
   ▸ Failed records: 0

 Status: InProgress
 Job Id:
 750ct00000USL0DAAX (https://fortra--mergebuild.sandbox.my.salesforce.com/lightn
 ing/setup/AsyncApiJobStatus/page?address=%2F750ct00000USL0DAAX)
 Elapsed Time: 21.55s

[2K[1A[2K[1A[2K[1A[2K[1A[2K[1A[2K[1A[2K[1A[2K[1A[2K[1A[2K[1A[2K[1A[2K[1A[2K[1A[2K[1A[2K[1A[2K[G
 ───────────────── Importing data ─────────────────

 ✔ Creating ingest job 4.37s
 ⢿ Processing the job 16.81s
   ▸ Processed records: 2600
   ▸ Successful records: 2600
   ▸ Failed records: 0

 Status: InProgress
 Job Id:
 750ct00000USL0DAAX (https://fortra--mergebuild.sandbox.my.salesforce.com/lightn
 ing/setup/AsyncApiJobStatus/page?address=%2F750ct00000USL0DAAX)
 Elapsed Time: 21.58s

[2K[1A[2K[1A[2K[1A[2K[1A[2K[1A[2K[1A[2K[1A[2K[1A[2K[1A[2K[1A[2K[1A[2K[1A[2K[1A[2K[1A[2K[1A[2K[G
 ───────────────── Importing data ─────────────────

 ✔ Creating ingest job 4.37s
 ⡿ Processing the job 16.84s
   ▸ Processed records: 2600
   ▸ Successful records: 2600
   ▸ Failed records: 0

 Status: InProgress
 Job Id:
 750ct00000USL0DAAX (https://fortra--mergebuild.sandbox.my.salesforce.com/lightn
 ing/setup/AsyncApiJobStatus/page?address=%2F750ct00000USL0DAAX)
 Elapsed Time: 21.60s

[2K[1A[2K[1A[2K[1A[2K[1A[2K[1A[2K[1A[2K[1A[2K[1A[2K[1A[2K[1A[2K[1A[2K[1A[2K[1A[2K[1A[2K[1A[2K[G
 ───────────────── Importing data ─────────────────

 ✔ Creating ingest job 4.37s
 ⡿ Processing the job 16.87s
   ▸ Processed records: 2600
   ▸ Successful records: 2600
   ▸ Failed records: 0

 Status: InProgress
 Job Id:
 750ct00000USL0DAAX (https://fortra--mergebuild.sandbox.my.salesforce.com/lightn
 ing/setup/AsyncApiJobStatus/page?address=%2F750ct00000USL0DAAX)
 Elapsed Time: 21.63s

[2K[1A[2K[1A[2K[1A[2K[1A[2K[1A[2K[1A[2K[1A[2K[1A[2K[1A[2K[1A[2K[1A[2K[1A[2K[1A[2K[1A[2K[1A[2K[G
 ───────────────── Importing data ─────────────────

 ✔ Creating ingest job 4.37s
 ⡿ Processing the job 16.90s
   ▸ Processed records: 2600
   ▸ Successful records: 2600
   ▸ Failed records: 0

 Status: InProgress
 Job Id:
 750ct00000USL0DAAX (https://fortra--mergebuild.sandbox.my.salesforce.com/lightn
 ing/setup/AsyncApiJobStatus/page?address=%2F750ct00000USL0DAAX)
 Elapsed Time: 21.66s

[2K[1A[2K[1A[2K[1A[2K[1A[2K[1A[2K[1A[2K[1A[2K[1A[2K[1A[2K[1A[2K[1A[2K[1A[2K[1A[2K[1A[2K[1A[2K[G
 ───────────────── Importing data ─────────────────

 ✔ Creating ingest job 4.37s
 ⣟ Processing the job 16.93s
   ▸ Processed records: 2600
   ▸ Successful records: 2600
   ▸ Failed records: 0

 Status: InProgress
 Job Id:
 750ct00000USL0DAAX (https://fortra--mergebuild.sandbox.my.salesforce.com/lightn
 ing/setup/AsyncApiJobStatus/page?address=%2F750ct00000USL0DAAX)
 Elapsed Time: 21.69s

[2K[1A[2K[1A[2K[1A[2K[1A[2K[1A[2K[1A[2K[1A[2K[1A[2K[1A[2K[1A[2K[1A[2K[1A[2K[1A[2K[1A[2K[1A[2K[G
 ───────────────── Importing data ─────────────────

 ✔ Creating ingest job 4.37s
 ⣟ Processing the job 16.95s
   ▸ Processed records: 2600
   ▸ Successful records: 2600
   ▸ Failed records: 0

 Status: InProgress
 Job Id:
 750ct00000USL0DAAX (https://fortra--mergebuild.sandbox.my.salesforce.com/lightn
 ing/setup/AsyncApiJobStatus/page?address=%2F750ct00000USL0DAAX)
 Elapsed Time: 21.72s

[2K[1A[2K[1A[2K[1A[2K[1A[2K[1A[2K[1A[2K[1A[2K[1A[2K[1A[2K[1A[2K[1A[2K[1A[2K[1A[2K[1A[2K[1A[2K[G
 ───────────────── Importing data ─────────────────

 ✔ Creating ingest job 4.37s
 ⣯ Processing the job 16.98s
   ▸ Processed records: 2600
   ▸ Successful records: 2600
   ▸ Failed records: 0

 Status: InProgress
 Job Id:
 750ct00000USL0DAAX (https://fortra--mergebuild.sandbox.my.salesforce.com/lightn
 ing/setup/AsyncApiJobStatus/page?address=%2F750ct00000USL0DAAX)
 Elapsed Time: 21.75s

[2K[1A[2K[1A[2K[1A[2K[1A[2K[1A[2K[1A[2K[1A[2K[1A[2K[1A[2K[1A[2K[1A[2K[1A[2K[1A[2K[1A[2K[1A[2K[G
 ───────────────── Importing data ─────────────────

 ✔ Creating ingest job 4.37s
 ⣯ Processing the job 17.01s
   ▸ Processed records: 2600
   ▸ Successful records: 2600
   ▸ Failed records: 0

 Status: InProgress
 Job Id:
 750ct00000USL0DAAX (https://fortra--mergebuild.sandbox.my.salesforce.com/lightn
 ing/setup/AsyncApiJobStatus/page?address=%2F750ct00000USL0DAAX)
 Elapsed Time: 21.78s

[2K[1A[2K[1A[2K[1A[2K[1A[2K[1A[2K[1A[2K[1A[2K[1A[2K[1A[2K[1A[2K[1A[2K[1A[2K[1A[2K[1A[2K[1A[2K[G
 ───────────────── Importing data ─────────────────

 ✔ Creating ingest job 4.37s
 ⣯ Processing the job 17.03s
   ▸ Processed records: 2600
   ▸ Successful records: 2600
   ▸ Failed records: 0

 Status: InProgress
 Job Id:
 750ct00000USL0DAAX (https://fortra--mergebuild.sandbox.my.salesforce.com/lightn
 ing/setup/AsyncApiJobStatus/page?address=%2F750ct00000USL0DAAX)
 Elapsed Time: 21.82s

[2K[1A[2K[1A[2K[1A[2K[1A[2K[1A[2K[1A[2K[1A[2K[1A[2K[1A[2K[1A[2K[1A[2K[1A[2K[1A[2K[1A[2K[1A[2K[G
 ───────────────── Importing data ─────────────────

 ✔ Creating ingest job 4.37s
 ✔ Processing the job 17.04s
   ▸ Processed records: 4020
   ▸ Successful records: 4020
   ▸ Failed records: 0

 Status: JobComplete
 Job Id:
 750ct00000USL0DAAX (https://fortra--mergebuild.sandbox.my.salesforce.com/lightn
 ing/setup/AsyncApiJobStatus/page?address=%2F750ct00000USL0DAAX)
 Elapsed Time: 21.82s

