Id,Name,ProductCode
01tWC000008rEWTYA2,AB Test Product,
01tWC000009oPywYAE,Data Detection Engine,CYB-DCS-DDE-CMP
01tWC000009oPyxYAE,Unlimited Classification,CYB-DCS-UC-CMP
01tWC000009oPyyYAE,DCS Analysis Collector,CYB-DCS-ACOL-CMP
01tWC000009oPyzYAE,DCS Admin Console,CYB-DCS-ACON-CMP
01tWC000009oPz0YAE,DCS for Windows,CYB-DCS-FW-CMP
01tWC000009oPz1YAE,DCS for OWA,CYB-DCS-OWA-CMP
01tWC000009oPz2YAE,DCS Software Development Kit,CYB-DCS-SDK-CMP
01tWC000009oPz3YAE,DCS Getting Started Package,CYB-DCS-QS-CMP
01tWC000009oPz4YAE,DCS Mail for iOS,CYB-DCS-MAIL-ADD
01tWC000009oPz5YAE,DCS Cloud Policy Manager for Desktop,CYB-DCS-PMD-ADD
01tWC000009oPz6YAE,DCS Policy Manager M365,CYB-DCS-PM365-ADD
01tWC000009oPz7YAE,Professional Services Hourly (Pre Paid),CYB-DP-PS1-SVC
01tWC000009oPz8YAE,Professional Services Package 2,CYB-DP-PS2-SVC
01tWC000009oPz9YAE,Professional Services Package 3,CYB-DP-PS3-SVC
01tWC000009oPzAYAU,Training Public,CYB-DP-TRN-SVC
01tWC000009oPzBYAU,Fortra Standard Support,CYB-SUP-T1-SVC
01tWC000009oPzCYAU,Fortra Enterprise Support,CYB-SUP-T2-SVC
01tWC000009oPzDYAU,DCS Advanced Bundle,CYB-DCS-ADV-BUN-V2
01tWC000009oPzEYAU,DCS Elite Bundle,CYB-DCS-ELITE-BUN-V2
01tWC000009oPzFYAU,DCS Essentials Bundle,CYB-DCS-ESS-BUN-V2
01tWC000009oPzGYAU,HRM Essentials Bundle,CYB-HRM-ESS-BUN
01tWC000009oPzHYAU,Data at Rest,CYB-DCS-DARE-CMP
01tWC000009oPzIYAU,DCS Cloud,CYB-DCS-CLOUD-BUN
01tWC000009oPzJYAU,HRM Managed Service -Awareness Campaigns,CYB-HRM-AWC-SVC
01tWC000009oPzKYAU,HRM Managed Service-Phishing Campaigns,CYB-HRM-PHC-SVC
01tWC000009oPzLYAU,HRM Managed Service-Post Quiz,CYB-HRM-PQZ-SVC
01tWC000009oPzMYAU,HRM Security Advisory Services,CYB-HRM-SAS-SVC
01tWC000009oPzNYAU,HRM Hourly Services,CYB-HRM-PS1-SVC
01tWC000009oPzOYAU,HRM Advanced Bundle,CYB-HRM-ADV-BUN
01tWC000009oPzPYAU,HRM Elite Bundle,CYB-HRM-ELT-BUN
01tWC000009q70DYAQ,validation test,
01tWC000009wy6fYAA,DCS Essentials Bundle - Updated for Testing,CYB-DCS-ESS-BUN
01tWC000009wy6hYAA,HRM Managed Service Starter Pack,CYB-HRM-MSSP-BUN
01tWC000009wy6iYAA,Quick Start Implementation Package,CYB-CYB-QSI-CMP
01tWC000009wy6jYAA,Expert Services -Core,CYB-CYB-ESC-SVC
01tWC000009wy6kYAA,Expert Services -Standard,CYB-CYB-ESS-SVC
01tWC000009wy6lYAA,Expert Services -Enterprise,CYB-CYB-ESE-SVC
01tWC000009wy6mYAA,Resident Engineer,CYB-CYB-REEN-CMP
01tWC000009wy6nYAA,Training Private (5 Students),CYB-CYB-TP5S-CMP
01tWC000009wy6oYAA,Training Self Paced,CYB-CYB-TSP-CMP
01tWC000009wy6pYAA,Human Risk Management Software Platform,CYB-CYB-HRMS-CMP
01tWC000009wy6qYAA,HRM Getting Started Implementation Package,CYB-HRM-HGSI-CMP
01tWC000009wy6rYAA,Vishing Services,CYB-CYB-VISE-SVC
01tWC000009wy6sYAA,Smishing Services,CYB-CYB-SMSE-SVC
01tWC000009wy6tYAA,sc-608 test,GEN--SC608T-OTH
01tWC000009x1KfYAI,DCS Advanced Bundle,CYB-DCS-ADV-BUN
01tWC000009x1KgYAI,DCS Elite Bundle,CYB-DCS-ELITE-BUN
01tWC000009x1KhYAI,testing evergreen,
01tWC000009x1KiYAI,test,
01tWC00000DCwVPYA1,iForms,DM-IFO-NRPS-IFORPE
01tWC00000DCwVQYA1,iForms-RenewalMaintenance,DM-IFO-RRM-IFORRE
01tWC00000DCwVRYA1,iForms,DM-IFO-RSS-IFORSU
01tWC00000DCwVSYA1,iForms Electronic Forms and Report Writer - Legacy-NewMaintenance,DM-IFO-RNM-IFOREF
01tWC00000DCwVTYA1,iForms Electronic Forms and Report Writer - Legacy,DM-IFO-NRPS-IFOREL
01tWC00000DCwVUYA1,iForms Electronic Forms and Report Writer - Legacy-RenewalMaintenance,DM-IFO-RRM-IFORFA
01tWC00000DCwVVYA1,IFS Tools-NewMaintenance,DM-IBM-RNM-IFSTNE
01tWC00000DCwVWYA1,IFS Tools,DM-IBM-NRPS-IFSTPE
01tWC00000DCwVXYA1,IFS Tools-RenewalMaintenance,DM-IBM-RRM-IFSTRE
01tWC00000DCwVYYA1,IFS Tools,DM-IBM-RSS-IFSTSU
01tWC00000DCwVZYA1,Image Viewer - Legacy-NewMaintenance,DM-WCU-RNM-IVLNEW
01tWC00000DCwVaYAL,Image Viewer - Legacy,DM-WCU-NRPS-IVLPER
01tWC00000DCwVbYAL,Image Viewer - Legacy-RenewalMaintenance,DM-WCU-RRM-IVLREN
01tWC00000DCwVcYAL,Imaging Barcode/OCR-NewMaintenance,DM-WCU-RNM-IBONEW
01tWC00000DCwVdYAL,Imaging Barcode/OCR,DM-WCU-NRPS-IBOPER
01tWC00000DCwVeYAL,Imaging Barcode/OCR-RenewalMaintenance,DM-WCU-RRM-IBOREN
01tWC00000DCwVfYAL,Imaging Barcode/OCR,DM-WCU-RSS-IBOSUB
01tWC00000DCwVgYAL,Implementation Partner Certification Fee,FIM-FIM-NRST-IPCF
01tWC00000DCwVhYAL,Info Print Integrator/400-NewMaintenance,DM-DML-RNM-IPI4NE
01tWC00000DCwViYAL,Info Print Integrator/400,DM-DML-NRPS-IPI4PE
01tWC00000DCwVjYAL,Info Print Integrator/400-RenewalMaintenance,DM-DML-RRM-IPI4RE
01tWC00000DCwVkYAL,Information Governance Server,ES-SEG-RSS-IGSSUB
01tWC00000DCwVlYAL,Information Governance Server (Registrars)-NewMaintenance,ES-SEG-RNM-IGSRNM
01tWC00000DCwVmYAL,Information Governance Server (Registrars),ES-SEG-NRPS-IGSREG
01tWC00000DCwVnYAL,Information Governance Server (Registrars)-RenewalMaintenance,ES-SEG-RRM-IGSRRM
01tWC00000DCwVoYAL,Information Governance Server (Registrars),ES-SEG-RSS-IGSRES
01tWC00000DCwVpYAL,Insite Analytics-NewMaintenance,BI-ISA-RNM-INSINE
01tWC00000DCwVqYAL,Insite Analytics,BI-ISA-NRPS-INSIPE
01tWC00000DCwVrYAL,Insite Analytics - Core,BI-ISA-NRPS-IACP
01tWC00000DCwVsYAL,Insite Analytics - Pro,BI-ISA-NRPS-IAPROP
01tWC00000DCwVtYAL,Insite Analytics - Premium,BI-ISA-NRPS-IAPP
01tWC00000DCwVuYAL,Insite Analytics - Starter Package,BI-ISA-NRPS-IASPP
01tWC00000DCwVvYAL,Insite Analytics-RenewalMaintenance,BI-ISA-RRM-INSIRE
01tWC00000DCwVwYAL,Insite Analytics,BI-ISA-RSS-INSISU
01tWC00000DCwVxYAL,Insite Analytics - Core,BI-ISA-RSS-IACS
01tWC00000DCwVyYAL,Insite Analytics - Pro,BI-ISA-RSS-IAPROS
01tWC00000DCwVzYAL,Insite Analytics - Premium,BI-ISA-RSS-IAPS
01tWC00000DCwW0YAL,Insite Analytics - Starter Package,BI-ISA-RSS-IASPS
01tWC00000DCwW1YAL,Integrated Access Control (IAC) Option - DATA CONN-NewMaintenance,CM-TQO-RNM-IACINE
01tWC00000DCwW2YAL,Integrated Access Control (IAC) Option - DATA CONN,CM-TQO-NRPS-IACIPE
01tWC00000DCwW3YAL,Integrated Access Control (IAC) Option - DATA CONN-RenewalMaintenance,CM-TQO-RRM-IACIRE
01tWC00000DCwW4YAL,Integration Toolkit-NewMaintenance,DM-WFM-RNM-INTENE
01tWC00000DCwW5YAL,Integration Toolkit,DM-WFM-NRPS-INTEPE
01tWC00000DCwW6YAL,Integration Toolkit-RenewalMaintenance,DM-WFM-RRM-INTERE
01tWC00000DCwW7YAL,Integration Toolkit,DM-WFM-RSS-INTESU
01tWC00000DCwW8YAL,Intermapper Server - Freeware-NewMaintenance,NW-INT-RNM-ISFNM
01tWC00000DCwW9YAL,Intermapper Server - Freeware,NW-INT-NRPS-ISFP
01tWC00000DCwWAYA1,Intermapper Server - Freeware-RenewalMaintenance,NW-INT-RRM-ISFRM
01tWC00000DCwWBYA1,Intermapper Server-NewMaintenance,NW-INT-RNM-ISNM
01tWC00000DCwWCYA1,Intermapper Server,NW-INT-NRPS-ISP
01tWC00000DCwWDYA1,Intermapper Server-RenewalMaintenance,NW-INT-RRM-ISRM
01tWC00000DCwWEYA1,Intermapper Server,NW-INT-RSS-ISS
01tWC00000DCwWFYA1,Intermapper Server (Legacy)-NewMaintenance,NW-INT-RNM-ISLNM
01tWC00000DCwWGYA1,Intermapper Server (Legacy),NW-INT-NRPS-ISLP
01tWC00000DCwWHYA1,Intermapper Server (Legacy)-RenewalMaintenance,NW-INT-RRM-ISLRM
01tWC00000DCwWIYA1,Intermapper Server (Legacy),NW-INT-RSS-ISLS
01tWC00000DCwWJYA1,Intermapper Server Bundle-NewMaintenance,NW-INT-RNM-ISBNM
01tWC00000DCwWKYA1,Intermapper Server Bundle,NW-INT-NRPS-ISBP
01tWC00000DCwWLYA1,Intermapper Server Bundle-RenewalMaintenance,NW-INT-RRM-ISBRM
01tWC00000DCwWMYA1,Intermapper Server Bundle,NW-INT-RSS-ISBS
01tWC00000DCwWNYA1,Intermapper Services,NW-INT-NRPS-INTERM
01tWC00000DCwWOYA1,Investigation Module-NewMaintenance,DP-DLP-RNM-INVENE
01tWC00000DCwWPYA1,Investigation Module,DP-DLP-NRPS-INVEPE
01tWC00000DCwWQYA1,Investigation Module-RenewalMaintenance,DP-DLP-RRM-INVERE
01tWC00000DCwWRYA1,Investigation Module,DP-DLP-RMS-INVESU
01tWC00000DCwWSYA1,IP360 - EVAL,FIM-FIM-NRPS-IP36EV
01tWC00000DCwWTYA1,IP360 - License Usage Fee,FIM-FIM-NROR-ILUFO
01tWC00000DCwWUYA1,IP360-NewMaintenance,FIM-FIM-RNM-IP36NE
01tWC00000DCwWVYA1,IP360,FIM-FML-NRPS-IP36PE
01tWC00000DCwWWYA1,IP360-RenewalMaintenance,FIM-FIM-RRM-IP36RE
01tWC00000DCwWXYA1,IP360,FIM-FIM-RSS-IP36SU
01tWC00000DCwWYYA1,IP360 - Term Based-NewMaintenance,FIM-FIM-RNM-IP36TB
01tWC00000DCwWZYA1,IP360 - Term Based,FIM-FML-NRPS-IP36TE
01tWC00000DCwWaYAL,IP360 - Term Based-RenewalMaintenance,FIM-FIM-RRM-IP36FA
01tWC00000DCwWbYAL,IP360 Mobile,FIM-FML-RSS-IP36MO
01tWC00000DCwWcYAL,iPhone/iPad PMM Feature For SECURE Email Gateway-NewMaintenance,ES-SEG-RNM-IPIPNE
01tWC00000DCwWdYAL,iPhone/iPad PMM Feature For SECURE Email Gateway,ES-SEG-NRPS-IPIPPE
01tWC00000DCwWeYAL,iPhone/iPad PMM Feature For SECURE Email Gateway-RenewalMaintenance,ES-SEG-RRM-IPIPRE
01tWC00000DCwWfYAL,iPhone/iPad PMM Feature For SECURE Email Gateway,ES-SEG-RSS-IPIPSU
01tWC00000DCwWgYAL,IPP-NewMaintenance,IPP-IPP-RNM-IPPNEW
01tWC00000DCwWhYAL,IPP-RenewalMaintenance,IPP-IPP-RRM-IPPREN
01tWC00000DCwWiYAL,iSeries Data Access-NewMaintenance,DM-DML-RNM-ISDANM
01tWC00000DCwWjYAL,iSeries Data Access,DM-DML-NRPS-ISDAP
01tWC00000DCwWkYAL,iSeries Data Access-RenewalMaintenance,DM-DML-RRM-ISDARM
01tWC00000DCwWlYAL,iSeries Office Integrator-NewMaintenance,DM-IBM-RNM-ISOINM
01tWC00000DCwWmYAL,iSeries Office Integrator,DM-IBM-NRPS-ISOIP
01tWC00000DCwWnYAL,iSeries Office Integrator-RenewalMaintenance,DM-IBM-RRM-ISOIRM
01tWC00000DCwWoYAL,iSeries Office Integrator,DM-IBM-RSS-ISOIS
01tWC00000DCwWpYAL,iSeries PDF and TIFF-NewMaintenance,DM-DML-RNM-ISPTNM
01tWC00000DCwWqYAL,iSeries PDF and TIFF,DM-DML-NRPS-ISPTP
01tWC00000DCwWrYAL,iSeries PDF and TIFF-RenewalMaintenance,DM-DML-RRM-ISPTRM
01tWC00000DCwWsYAL,JDA Bundle-NewMaintenance,DM-DOE-RNM-JDABNE
01tWC00000DCwWtYAL,JDA Bundle,DM-DOE-NRPS-JDABPE
01tWC00000DCwWuYAL,JDA Bundle-RenewalMaintenance,DM-DOE-RRM-JDABRE
01tWC00000DCwWvYAL,Knowledge Classifier,DP-DC-RSS-KCS
01tWC00000DCwWwYAL,Linux on Power-NewMaintenance,SM-NSS-RNM-LOPNEW
01tWC00000DCwWxYAL,Linux on Power,SM-NSS-NRPS-LOPPER
01tWC00000DCwWyYAL,Linux on Power-RenewalMaintenance,SM-NSS-RRM-LOPREN
01tWC00000DCxkoYAD,TE Academic Institution Site License - Directory Services,FIM-FIM-NRPS-TESP
01tWC00000DCxkpYAD,TE Academic Institution Site License - Directory Services-RenewalMaintenance,FIM-FIM-RRM-TEACA
01tWC00000DCxkqYAD,TE Academic Institution Site License - File Systems-NewMaintenance,FIM-FIM-RNM-TACADE
01tWC00000DCxkrYAD,TE Academic Institution Site License - File Systems,FIM-FIM-NRPS-TEAI
01tWC00000DCxksYAD,Tripwire Enterprise for VMware ESX-NewMaintenance,FIM-FIM-RNM-TEVENM
01tWC00000DCxktYAD,TE Academic Institution Site License - File Systems-RenewalMaintenance,FIM-FIM-RRM-TEACI
01tWC00000DCxkuYAD,TE Academic Institution Site License - Network Device-NewMaintenance,FIM-FIM-RNM-TEAIN
01tWC00000DCxkvYAD,TE Academic Institution Site License - Network Device,FIM-FIM-NRPS-TEDP
01tWC00000DCxkwYAD,TE Academic Institution Site License - Network Device-RenewalMaintenance,FIM-FIM-RRM-TEACAI
01tWC00000DCxkxYAD,TE Academic Institution Site License - VMWare ESX-NewMaintenance,FIM-FIM-RNM-TEAINS
01tWC00000DCxkyYAD,TE Academic Institution Site License - VMWare ESX,FIM-FIM-NRPS-TEEP
01tWC00000DCxkzYAD,TE Academic Institution Site License - VMWare ESX-RenewalMaintenance,FIM-FIM-RRM-TACAIN
01tWC00000DCxl0YAD,TE Reinstatement Fee-RenewalMaintenance,FIM-FIM-RRM-TER
01tWC00000DCxl1YAD,TeamQuest Analyzer & CMIS for Systems-NewMaintenance,CM-TQO-RNM-TQACSN
01tWC00000DCxl2YAD,TeamQuest Analyzer & CMIS for Systems,CM-TQO-NRPS-TQACSP
01tWC00000DCxl3YAD,TeamQuest Analyzer & CMIS for Systems-RenewalMaintenance,CM-TQO-RRM-TQACSR
01tWC00000DCxl4YAD,TeamQuest Analyzer & CMIS for Systems,CM-TQO-RSS-TQACSS
01tWC00000DCxl5YAD,TeamQuest Analyzer & Predictor & CMIS for Systems-NewMaintenance,CM-TQO-RNM-TQAPCS
01tWC00000DCxl6YAD,TeamQuest Analyzer & Predictor & CMIS for Systems,CM-TQO-NRPS-TEAM
01tWC00000DCxl7YAD,TeamQuest Analyzer & Predictor & CMIS for Systems-RenewalMaintenance,CM-TQO-RRM-TQAM
01tWC00000DCxl8YAD,TeamQuest Analyzer & Predictor & CMIS for Systems,CM-TQO-RSS-TQAS
01tWC00000DCxl9YAD,TeamQuest Analyzer & Predictor & Surveyor & CMIS for Systems-NewMaintenance,CM-TQO-RNM-TQAPSC
01tWC00000DCxlAYAT,TeamQuest Analyzer & Predictor & Surveyor & CMIS for Systems,CM-TQO-NRPS-TQAP
01tWC00000DCxlBYAT,TeamQuest Analyzer & Predictor & Surveyor & CMIS for Systems-RenewalMaintenance,CM-TQO-RRM-TEQU
01tWC00000DCxlCYAT,TeamQuest Analyzer & Predictor & Surveyor & CMIS for Systems,CM-TQO-RSS-TESS
01tWC00000DCxlDYAT,Tripwire State Analyzer Upgrade,FIM-FML-NRPS-TSAUP
01tWC00000DCxlEYAT,TeamQuest Analyzer & Surveyor & CMIS for Systems-NewMaintenance,CM-TQO-RNM-TQASCS
01tWC00000DCxlFYAT,TeamQuest Analyzer & Surveyor & CMIS for Systems,CM-TQO-NRPS-TEAMQ
01tWC00000DCxlGYAT,TeamQuest Analyzer & Surveyor & CMIS for Systems-RenewalMaintenance,CM-TQO-RRM-TEAMQU
01tWC00000DCxlHYAT,TeamQuest Analyzer & Surveyor & CMIS for Systems,CM-TQO-RSS-TEAQUE
01tWC00000DCxlIYAT,TeamQuest Getting Started Services,CM-TQO-NRSU-TQGSS
01tWC00000DCxlJYAT,TeamQuest Global Services,CM-TQO-NRSU-TQGS
01tWC00000DCxlKYAT,TeamQuest Professional Services,CM-TQO-NRST-TQPS
01tWC00000DCxlLYAT,TeamQuest Services,CM-TQO-NRST-TEQS
01tWC00000DCxlMYAT,TeamQuest Surveyor for Systems-NewMaintenance,CM-TQR-RNM-TQSSNM
01tWC00000DCxlNYAT,TeamQuest Surveyor for Systems,CM-TQR-NRPS-TQSSP
01tWC00000DCxlOYAT,TeamQuest Surveyor for Systems-RenewalMaintenance,CM-TQR-RRM-TQSSRM
01tWC00000DCxlPYAT,TeamQuest Surveyor for Systems,CM-TQR-RSS-TQSSS
01tWC00000DCxlQYAT,TeamQuest Travel Expense,CM-TQO-NRSE-TQTE
01tWC00000DCxlRYAT,Technical Account Manager,FIM-FIM-RSP-TECHNI
01tWC00000DCxlSYAT,Data Protection Technical Account Manager,DP-DLP-RSP-DPTAMS
01tWC00000DCxlTYAT,Terranova - Getting Started Setup,HRM-HRM-NRST-TGSSS
01tWC00000DCxlUYAT,Terranova - Security Advisory Lunch & Learn (Remote),HRM-HRM-NRST-TSALLS
01tWC00000DCxlVYAT,Text Report Converter (ASCII/ANSI/TXT/PRN)-NewMaintenance,DM-IRC-RNM-TRCANE
01tWC00000DCxlWYAT,Text Report Converter (ASCII/ANSI/TXT/PRN),DM-IRC-NRPS-TRCAPE
01tWC00000DCxlXYAT,Text Report Converter (ASCII/ANSI/TXT/PRN)-RenewalMaintenance,DM-IRC-RRM-TRCARE
01tWC00000DCxlYYAT,Text Report Converter (ASCII/ANSI/TXT/PRN),DM-IRC-RSS-TRCASU
01tWC00000DCxlZYAT,TFS for Workstations-NewMaintenance,FIM-FIM-RNM-TFSWNM
01tWC00000DCxlaYAD,TFS for Workstations,FIM-FML-NRPS-TFSWOR
01tWC00000DCxlbYAD,TFS for Workstations-RenewalMaintenance,FIM-FIM-RRM-TFSWRM
01tWC00000DCxlcYAD,TFS/TM Reinstatement Fee-RenewalMaintenance,FIM-FIM-RRM-TFSTMR
01tWC00000DCxldYAD,Threat Aware-NewMaintenance,DP-DLP-RNM-THRENE
01tWC00000DCxleYAD,Threat Aware,DP-DLP-NRPS-THREPE
01tWC00000DCxlfYAD,Threat Aware-RenewalMaintenance,DP-DLP-RRM-THRERE
01tWC00000DCxlgYAD,Threat Aware,DP-DLP-RSS-THRESU
01tWC00000DCxlhYAD,Titus-NewMaintenance,DP-DC-RNM-TNM
01tWC00000DCxliYAD,Titus,DP-DC-NRPS-TITUSP
01tWC00000DCxljYAD,Titus-RenewalMaintenance,DP-DC-RRM-TRM
01tWC00000DCxlkYAD,Titus Accelerator for Privacy (includes T1 Classification Suite),DP-DC-RSS-TAPITC
01tWC00000DCxllYAD,Titus Classification Enterprise Suite-NewMaintenance,DP-DC-RNM-TCESNM
01tWC00000DCxlmYAD,Titus Classification Enterprise Suite,DP-DC-NRPS-TCESP
01tWC00000DCxlnYAD,Titus Classification Enterprise Suite-RenewalMaintenance,DP-DC-RRM-TCESRM
01tWC00000DCxloYAD,Titus Classification for Mobile-NewMaintenance,DP-DC-RNM-TCMNM
01tWC00000DCxlpYAD,Titus Classification for Mobile,DP-DC-NRPS-TCMP
01tWC00000DCxlqYAD,Titus Classification for Mobile-RenewalMaintenance,DP-DC-RRM-TCMRM
01tWC00000DCxlrYAD,Titus Classification for Mobile,DP-DC-RSS-TCMS
01tWC00000DCxlsYAD,Titus Classification for Office and Files-NewMaintenance,DP-DC-RNM-TCOFNM
01tWC00000DCxltYAD,Titus Classification for Office and Files,DP-DC-NRPS-TCOFP
01tWC00000DCxluYAD,Titus Classification for Office and Files-RenewalMaintenance,DP-DC-RRM-TCOFRM
01tWC00000DCxlvYAD,Titus Classification Suite-NewMaintenance,DP-DC-RNM-TCSNM
01tWC00000DCxlwYAD,Titus Classification Suite,DP-DC-NRPS-TCSP
01tWC00000DCxlxYAD,"Titus Classification Suite, Illuminate and Ionic Connector",DP-DC-NRPS-TCSIICP
01tWC00000DCxlyYAD,Titus Classification Suite-RenewalMaintenance,DP-DC-RRM-TCSRM
01tWC00000DCxlzYAD,Titus Classification Suite,DP-DC-RSS-TCSS
01tWC00000DCxm0YAD,Titus Data Classification,DP-DC-RSL-TDCS
01tWC00000DCxm1YAD,Titus for Lotus Notes-NewMaintenance,DP-DC-RNM-TLNNM
01tWC00000DCxm2YAD,Titus for Lotus Notes,DP-DC-NRPS-TLNP
01tWC00000DCxm3YAD,Titus for Lotus Notes-RenewalMaintenance,DP-DC-RRM-TLNRM
01tWC00000DCxm4YAD,Titus Message Classification-NewMaintenance,DP-DC-RNM-TMCNM
01tWC00000DCxm5YAD,Titus Message Classification,DP-DC-NRPS-TMCP
01tWC00000DCxm6YAD,Titus Message Classification-RenewalMaintenance,DP-DC-RRM-TMCRM
01tWC00000DCxm7YAD,Titus Message Classification,DP-DC-RSS-TMCS
01tWC00000DCxm8YAD,TLC Reinstatement Fee-RenewalMaintenance,FIM-FIM-RRM-TLCR
01tWC00000DCxm9YAD,Training - Data Classification - Boldon James,DP-DC-NRST-TDCBJS
01tWC00000DCxmAYAT,Training - Data Classification - Titus,DP-DC-NRST-TDCTS
01tWC00000DCxmBYAT,Training - Data Loss Prevention - DG,DP-DLP-NRST-TDLPDS
01tWC00000DCxmCYAT,Training - Secure Collaboration - Vera,DP-SC-NRST-TSCVS
01tWC00000DCxmDYAT,Training Platform,HRM-HRM-RSL-TRAIPL
01tWC00000DCxmEYAT,Transfer Actions-NewMaintenance,GS-GSE-RNM-TRANNE
01tWC00000DCxmFYAT,Transfer Actions,GS-GSE-NRPS-TRANPE
01tWC00000DCxmGYAT,Transfer Actions - Yearly,GS-GSE-RSS-TRANYE
01tWC00000DCxmHYAT,Transfer Actions - Yearly-NewMaintenance,GS-GSE-RNM-TAYNM
01tWC00000DCxmIYAT,Travel & Expenses,FIM-FIM-NRSE-TRAVEL
01tWC00000DCxmJYAT,Trend Tables-NewMaintenance,BI-SDW-RNM-TRENNE
01tWC00000DCxmKYAT,Trend Tables,BI-SDW-NRPS-TRENPE
01tWC00000DCxmLYAT,Trend Tables-RenewalMaintenance,BI-SDW-RRM-TRENRE
01tWC00000DCxmMYAT,Trend Tables,BI-SDW-RSS-TRENSU
01tWC00000DCxmNYAT,Tripwire - Term Based Enterprise License-NewMaintenance,FIM-FIM-RNM-TTBELN
01tWC00000DCxmOYAT,Tripwire - Term Based Enterprise License,FIM-FIM-NRPS-TTBELP
01tWC00000DCxzKYAT,SECURE Exchange Gateway Advanced Security Package,ES-SXG-RSS-SEEGAT_LIC
01tWC00000DCxzLYAT,SECURE Exchange Gateway Elite Security Package,ES-SXG-RSS-SEEXGE_LIC
01tWC00000DCxzMYAT,SECURE Exchange Gateway Essential Security Package,ES-SXG-RSS-SEEGES_LIC
01tWC00000DCxzNYAT,Secure Forms - Yearly,GS-GSE-RSS-SFYS_LIC
01tWC00000DCxzOYAT,SECURE ICAP Gateway,ES-SIG-RSS-SIGS_LIC
01tWC00000DCxzPYAT,SECURE ICAP Gateway Advanced Security Package Per Instance,ES-SIG-RSS-SEIS_LIC
01tWC00000DCxzQYAT,SECURE ICAP Gateway Advanced Security Package Per User,ES-SIG-RSS-SEUS_LIC
01tWC00000DCxzRYAT,SECURE ICAP Gateway Elite Security Package Per Instance,ES-SIG-RSS-SECIGA_LIC
01tWC00000DCxzSYAT,SECURE ICAP Gateway Elite Security Package Per User,ES-SIG-RSS-SICGAT_LIC
01tWC00000DCxzTYAT,SECURE ICAP Gateway Essential Security Package Per Instance,ES-SIG-RSS-SICGAE_LIC
01tWC00000DCxzUYAT,SECURE ICAP Gateway Essential Security Package Per User,ES-SIG-RSS-SIGESS_LIC
01tWC00000DCxzVYAT,SECURE ICAP Gateway Per Instance,ES-SIG-RSS-SICGPE_LIC
01tWC00000DCxzWYAT,SECURE Web Gateway,ES-SWG-RSS-SWGS_LIC
01tWC00000DCxzXYAT,SECURE Web Gateway Advanced Security Package,ES-SWG-RSS-SEWEB_LIC
01tWC00000DCxzYYAT,SECURE Web Gateway Elite Security Package,ES-SWG-RSS-SECWGA_LIC
01tWC00000DCxzZYAT,SECURE Web Gateway Essential Security Package,ES-SWG-RSS-SWEGAT_LIC
01tWC00000DCxzaYAD,SecureReset,IGA-AAS-RSS-SECUSU_LIC
01tWC00000DCxzbYAD,Security,SM-SYM-RSS-SESU_LIC
01tWC00000DCxzcYAD,Security Audit,CS-SA-RSS-SAS_LIC
01tWC00000DCxzdYAD,Security Audit & Detection,CS-DFT-RSS-SADS_LIC
01tWC00000DCxzeYAD,Security KM Events,SM-VMC-RSS-SKES_LIC
01tWC00000DCxzfYAD,Security KM Incidents,SM-VMC-RSS-SKIS_LIC
01tWC00000DCxzgYAD,Security Knowledge Module,SM-VMC-RSS-SKMS_LIC
01tWC00000DCxzhYAD,Security Scan - Cross Platform,CS-PSS-RSS-SSCPS_LIC
01tWC00000DCxziYAD,Security Scan - i,CS-PSS-RSS-SSIS_LIC
01tWC00000DCxzjYAD,Sequel,BI-SQ-RSS-SEQUES_LIC
01tWC00000DCxzkYAD,Sequel - User Based,BI-SQ-RSS-SUBS_LIC
01tWC00000DCxzlYAD,SEQUEL Client Report Option,BI-CRO-RSS-SCRS_LIC
01tWC00000DCxzmYAD,Sequel Data Warehouse,BI-SDW-RSS-SDWS_LIC
01tWC00000DCxznYAD,Sequel Data Warehouse (RODIN) Select License - Bronze Edition,BI-SDW-RSS-SDWSLBES_LIC
01tWC00000DCxzoYAD,Sequel Data Warehouse (RODIN) Select License - Silver Edition,BI-SDW-RSS-SDWSLSES_LIC
01tWC00000DCxzpYAD,Sequel Data Warehouse (RODIN) Select License - Gold Edition,BI-SDW-RSS-SDWSLGES_LIC
01tWC00000DCxzqYAD,Sequel Data Warehouse (RODIN) Select License - Platinum Edition,BI-SDW-RSS-SDWSLPES_LIC
01tWC00000DCxzrYAD,SEQUEL Data Warehouse Bundle - Bronze Edition,BI-SDW-RSS-SDWBBES_LIC
01tWC00000DCxzsYAD,SEQUEL Data Warehouse Bundle - Silver Edition,BI-SDW-RSS-SDWBSES_LIC
01tWC00000DCxztYAD,SEQUEL Data Warehouse Bundle - Gold Edition,BI-SDW-RSS-SDWBGES_LIC
01tWC00000DCxzuYAD,SEQUEL Data Warehouse Bundle - Platinum Edition,BI-SDW-RSS-SDWBPES_LIC
01tWC00000DCxzvYAD,Sequel Repository Designer,BI-SQ-RSS-SRDS_LIC
01tWC00000DCxzwYAD,SEQUEL SMB Bundle - Primary,BI-SQ-RSS-SSMBPS_LIC
01tWC00000DCxzxYAD,SEQUEL SMB Bundle - Secondary,BI-SQ-RSS-SSMBSS_LIC
01tWC00000DCxzyYAD,SEQUEL SMB Bundle Additional User,BI-SQ-RSS-SSMB_LIC
01tWC00000DCxzzYAD,SEQUEL SMB Bundle Included Users,BI-SQ-RSS-SESBUN_LIC
01tWC00000DCy00YAD,SEQUEL Solution Bundle,BI-SQ-RSS-SESOLU_LIC
01tWC00000DCy01YAD,SEQUEL Web Interface,BI-SWI-RSS-SWIS_LIC
01tWC00000DCy02YAD,SFTP Server - Yearly,GS-GSE-RSS-SFTPYE_LIC
01tWC00000DCy03YAD,SharePoint Classifier,DP-DC-RSS-SHARCS_LIC
01tWC00000DCy04YAD,Showcase Client Reporting,BI-CRO-RSS-SHCL_LIC
01tWC00000DCy05YAD,Sequel Repository,BI-QRW-RSS-SREPS_LIC
01tWC00000DCy06YAD,SignHere,DM-SH-RSS-SIGNSU_LIC
01tWC00000DCy07YAD,Single-site Gateway - Yearly,GS-GSE-RSS-SINGFA_LIC
01tWC00000DCy08YAD,SMTP/400 Email Send API,DM-EU-RSS-SMTPSU_LIC
01tWC00000DCy09YAD,Spooled File Manager,SM-SFM-RSS-SFMS_LIC
01tWC00000DCy0AYAT,Spooled File Mgr-DMS,SM-SFM-RSS-SFMDS_LIC
01tWC00000DCy0BYAT,Standard Core Connectors - In Product,IGA-AAS-RSS-SCCIPS_LIC
01tWC00000DCy0CYAT,Standard Core Connectors - Standard Delivery,IGA-AAS-RSS-SCCSDS_LIC
01tWC00000DCy0DYAT,Structural Sanitization For SECURE Email Gateway,ES-SEG-RSS-SSSEGS_LIC
01tWC00000DCy0EYAT,Structural Sanitization For SECURE Exchange Gateway,ES-SXG-RSS-SSSEGA_LIC
01tWC00000DCy0FYAT,Structural Sanitization For SECURE ICAP Gateway,ES-SIG-RSS-SSSIGS_LIC
01tWC00000DCy0GYAT,Structural Sanitization For SECURE Web Gateway,ES-SWG-RSS-SSSWGS_LIC
01tWC00000DCy0HYAT,Surveyor/400 - Single User Price,DM-SV4-RSS-S4SUPS_LIC
01tWC00000DCy0IYAT,Surveyor/400 - Single User Price - Unlimited Partitions,DM-SV4-RSS-S4SS_LIC
01tWC00000DCy0JYAT,Surveyor/400,DM-SV4-RSS-S4S_LIC
01tWC00000DCy0KYAT,Surveyor/400 - Unlimited Partitions,DM-SV4-RSS-S4UPS_LIC
01tWC00000DCy0LYAT,Tango/04 Portal User,SM-VMC-RSS-T0PUS_LIC
01tWC00000DCy0MYAT,Task Supervisor,SM-TSK-RSS-TASKSU_LIC
01tWC00000DCy0NYAT,TeamQuest Analyzer & CMIS for Systems,CM-TQO-RSS-TQACSS_LIC
01tWC00000DCy0OYAT,TeamQuest Analyzer & Predictor & CMIS for Systems,CM-TQO-RSS-TQAS_LIC
01tWC00000DCy0PYAT,TeamQuest Analyzer & Predictor & Surveyor & CMIS for Systems,CM-TQO-RSS-TESS_LIC
01tWC00000DCy0QYAT,TeamQuest Analyzer & Surveyor & CMIS for Systems,CM-TQO-RSS-TEAQUE_LIC
01tWC00000DCy0RYAT,TeamQuest Surveyor for Systems,CM-TQR-RSS-TQSSS_LIC
01tWC00000DCy0SYAT,Text Report Converter (ASCII/ANSI/TXT/PRN),DM-IRC-RSS-TRCASU_LIC
01tWC00000DCy0TYAT,Threat Aware,DP-DLP-RSS-THRESU_LIC
01tWC00000DCy0UYAT,Titus Accelerator for Privacy (includes T1 Classification Suite),DP-DC-RSS-TAPITC_LIC
01tWC00000DCy0VYAT,Titus Classification for Mobile,DP-DC-RSS-TCMS_LIC
01tWC00000DCy0WYAT,Titus Classification Suite,DP-DC-RSS-TCSS_LIC
01tWC00000DCy0XYAT,Titus Message Classification,DP-DC-RSS-TMCS_LIC
01tWC00000DCy0YYAT,Transfer Actions - Yearly,GS-GSE-RSS-TRANYE_LIC
01tWC00000DCy0ZYAT,Trend Tables,BI-SDW-RSS-TRENSU_LIC
01tWC00000DCy0aYAD,Tripwire App - Custom Workflow Integration for Nozomi - Utility,FIM-FIM-RSS-TACS_LIC
01tWC00000DCy0bYAD,Tripwire App - Dynamic Software Reconciliation - Utility,FIM-FIM-RSS-TADS_LIC
01tWC00000DCy0cYAD,Tripwire App - Dynamic Software Reconciliation Express - Utility,FIM-FIM-RSS-TRUS_LIC
01tWC00000DCy0dYAD,Tripwire App - Event Sender - Utility,FIM-FIM-RSS-TAESUS_LIC
01tWC00000DCy0eYAD,Tripwire App - TE Integration Framework - CA Service Desk - Utility,FIM-FIM-RSS-TATS_LIC
01tWC00000DCy0fYAD,Tripwire App - TE Integration Framework - ChangeGear - Utility,FIM-FIM-RSS-TAPP_LIC
01tWC00000DCy0gYAD,Tripwire App - TE Integration Framework - Cherwell - Utility,FIM-FIM-RSS-TRIATE_LIC
01tWC00000DCy0hYAD,Tripwire App - TE Integration Framework - Flex - Utility,FIM-FIM-RSS-TAPPTE_LIC
01tWC00000DCy0iYAD,Tripwire App - TE Integration Framework - Jira - Utility,FIM-FIM-RSS-TRATEI_LIC
01tWC00000DCy0jYAD,Tripwire App - TE Integration Framework - Remedy - Utility,FIM-FIM-RSS-TRATIF_LIC
01tWC00000DCy0kYAD,Tripwire App - TE Integration Framework - ServiceNow - Utility,FIM-FIM-RSS-TATSNS_LIC
01tWC00000DCy0lYAD,Tripwire App - Whitelist Profiler - Utility,FIM-FIM-RSS-TAWPUS_LIC
01tWC00000DCy0mYAD,Tripwire CCM Unlimited Use,FIM-FIM-RSS-TCUUS_LIC
01tWC00000DCy0nYAD,Tripwire Enterprise,FIM-FIM-RSS-TES_LIC
01tWC00000DCy0oYAD,Tripwire Enterprise Console,FIM-FIM-RSS-TECS_LIC
01tWC00000DCy0pYAD,Tripwire Enterprise Express Console,FIM-FIM-RSS-TEECS_LIC
01tWC00000DCy0qYAD,Tripwire Enterprise for Desktops,FIM-FIM-RSS-TEDS_LIC
01tWC00000DCy0rYAD,Tripwire Enterprise for File Systems,FIM-FIM-RSS-TEFSS_LIC
01tWC00000DCy0sYAD,Tripwire Enterprise for Industrial Devices,FIM-FIM-RSS-TEIDS_LIC
01tWC00000DCy0tYAD,Tripwire Enterprise for Microsoft Exchange,FIM-FIM-RSS-TEMES_LIC
01tWC00000DCy0uYAD,Tripwire Enterprise for Microsoft IIS,FIM-FIM-RSS-TEMIS_LIC
01tWC00000DCyP8YAL,DP Select - Essentials,DP-DLP-RSS-DPSELES_MAINT
01tWC00000DCyP9YAL,DP Select - Plus,DP-DLP-RSS-DPSELPS_MAINT
01tWC00000DCyPAYA1,DP Select - Advanced,DP-DLP-RSS-DPSELAS_MAINT
01tWC00000DCyPBYA1,DV&C,DP-DLP-RSS-DVCSUB_MAINT
01tWC00000DCyPCYA1,Easy View,SM-EV-RSS-EASYSU_MAINT
01tWC00000DCyPDYA1,Echoworx Email Encryption Platform For SECURE Email Gateway,ES-SEG-RSS-EEEPSE_MAINT
01tWC00000DCyPEYA1,EDR,DP-DLP-RSS-EDRS_MAINT
01tWC00000DCyPFYA1,EFT 8 Continuum,GS-GSE-RSS-E8CS_MAINT
01tWC00000DCyPGYA1,EFT 8 Enterprise,GS-GSE-RSS-E8ES_MAINT
01tWC00000DCyPHYA1,EFT 8 Express,GS-GSE-RSS-EFES_MAINT
01tWC00000DCyPIYA1,EFT Advanced Workflow Engine,GS-GSE-RSS-EAWS_MAINT
01tWC00000DCyPJYA1,EFT AS2 Module,GS-GSE-RSS-EAMS_MAINT
01tWC00000DCyPKYA1,EFT Auditing & Reporting Module,GS-GSE-RSS-EARS_MAINT
01tWC00000DCyPLYA1,EFT BAM Portal,GS-GSE-RSS-EBPS_MAINT
01tWC00000DCyPMYA1,EFT Business Activity Monitor BAM,GS-GSE-RSS-EBAS_MAINT
01tWC00000DCyPNYA1,EFT Express Auditing & Reporting Module ARM,GS-GSE-RSS-EEAS_MAINT
01tWC00000DCyPOYA1,EFT Express DMZ Gateway,GS-GSE-RSS-EEDS_MAINT
01tWC00000DCyPPYA1,EFT Express OpenPGP Module,GS-GSE-RSS-EEOS_MAINT
01tWC00000DCyPQYA1,EFT Express Security Module ESM,GS-GSE-RSS-EFTES_MAINT
01tWC00000DCyPRYA1,EFT Express Workspaces,GS-GSE-RSS-EEWS_MAINT
01tWC00000DCyPSYA1,EFT File Transfer Client Module FTC,GS-GSE-RSS-EFTS_MAINT
01tWC00000DCyPTYA1,EFT Folder Monitor Module FMM,GS-GSE-RSS-EFMS_MAINT
01tWC00000DCyPUYA1,EFT HTTP/S Module,GS-GSE-RSS-EHSS_MAINT
01tWC00000DCyPVYA1,EFT OpenPGP Module,GS-GSE-RSS-EOPS_MAINT
01tWC00000DCyPWYA1,EFT Remote Agent Module,GS-GSE-RSS-ERAS_MAINT
01tWC00000DCyPXYA1,EFT SFTP SSH2 Module,GS-GSE-RSS-ESSS_MAINT
01tWC00000DCyPYYA1,EFT Timer Event Module TEM,GS-GSE-RSS-ETES_MAINT
01tWC00000DCyPZYA1,EFT Workspaces,GS-GSE-RSS-EWS_MAINT
01tWC00000DCyPaYAL,Email Archiving For SECURE Email Gateway,ES-SEG-RSS-EASEGS_MAINT
01tWC00000DCyPbYAL,Email Monitor,DM-WCU-RSS-EMMO_MAINT
01tWC00000DCyPcYAL,Email Report Server,DM-EU-RSS-ERSS_MAINT
01tWC00000DCyPdYAL,Email Security Bundle - Core,ES-CEP-RSS-ESBCS_MAINT
01tWC00000DCyPeYAL,Email Security Bundle - Advanced,ES-CEP-RSS-ESBAS_MAINT
01tWC00000DCyPfYAL,Email Security Bundle - Elite,ES-CEP-RSS-ESBES_MAINT
01tWC00000DCyPgYAL,Email Security Bundle (Click & Launch) - Core,ES-CEP-RSS-ESBCLCS_MAINT
01tWC00000DCyPhYAL,Email Security Bundle (Click & Launch) - Advanced,ES-CEP-RSS-ESBCLAS_MAINT
01tWC00000DCyPiYAL,Email Security Bundle (Click & Launch) - Elite,ES-CEP-RSS-ESBCLES_MAINT
01tWC00000DCyPjYAL,Encryption Feature For SECURE Email Gateway,ES-SEG-RSS-ENCRFS_MAINT
01tWC00000DCyPkYAL,Encryption Portal For SECURE Email Gateway- Perpetual,ES-SEG-RSS-ENCRPS_MAINT
01tWC00000DCyPlYAL,Endpoint DLP,DP-DLP-RSS-EDS_MAINT
01tWC00000DCyPmYAL,Enhanced Data Sources,BI-SDW-RSS-EDSS_MAINT
01tWC00000DCyPnYAL,Enhanced ESEND for SMB Pricing - Per User,BI-ESN-RSS-ENUS_MAINT
01tWC00000DCyPoYAL,Enhanced ETL,BI-SDW-RSS-EES_MAINT
01tWC00000DCyPpYAL,Enhanced Metadata Management,BI-SDW-RSS-EMMS_MAINT
01tWC00000DCyPqYAL,Enterprise Actions - Yearly,GS-GSE-RSS-EAYS_MAINT
01tWC00000DCyPrYAL,Enterprise Console,SM-EC-RSS-ENTERP_MAINT
01tWC00000DCyPsYAL,Enterprise Fax,DM-IRM-RSS-EFS_MAINT
01tWC00000DCyPtYAL,Esend,BI-ESN-RSS-ESENSU_MAINT
01tWC00000DCyPuYAL,Esend Full,BI-ESN-RSS-ESENFU_MAINT
01tWC00000DCyPvYAL,File Integrity Manager for Desktops,FIM-FIM-RSS-FIMDSU_MAINT
01tWC00000DCyPwYAL,File Integrity Manager for File Systems,FIM-FIM-RSS-FIMFSS_MAINT
01tWC00000DCyPxYAL,File Integrity Manager for Network Devices,FIM-FIM-RSS-FIMNDS_MAINT
01tWC00000DCyPyYAL,File Integrity Manager for POS End Point Systems,FIM-FIM-RSS-FIMPEN_MAINT
01tWC00000DCyPzYAL,File Integrity Manager for POS Servers,FIM-FIM-RSS-FIMPSS_MAINT
01tWC00000DCyQ0YAL,File Integrity Manager for VMware ESX,FIM-FIM-RSS-FIMVES_MAINT
01tWC00000DCyQ1YAL,FileCatalyst Central,GOA-FIL-RSS-FCCS_MAINT
01tWC00000DCyQ2YAL,FileCatalyst Central Additional Nodes,GOA-FIL-RSS-FCCANS_MAINT
01tWC00000DCyQ3YAL,FileCatalyst Cloud Consumption Based Billing,GOA-FIL-RSS-FCCCBB_MAINT
01tWC00000DCyQ4YAL,FileCatalyst Cloud Consumption Support,GOA-FIL-RSS-FCCCSS_MAINT
01tWC00000DCyQ5YAL,FileCatalyst Concurrent Connections,GOA-FIL-RSS-FCCCS_MAINT
01tWC00000DCyQ6YAL,FileCatalyst Concurrent Connections Additional,GOA-FIL-RSS-FCCCAS_MAINT
01tWC00000DCyQ7YAL,FileCatalyst Development Kit,GOA-FIL-RSS-FCDKS_MAINT
01tWC00000DCyQ8YAL,FileCatalyst Direct,GOA-FIL-RSS-FCDS_MAINT
01tWC00000DCyQ9YAL,FileCatalyst Hotfolder for Automation,GOA-FIL-RSS-FCHAS_MAINT
01tWC00000DCyQAYA1,FileCatalyst Legacy Product,GOA-FIL-RSS-FCLPS_MAINT
01tWC00000DCyQBYA1,FileCatalyst Load Balancer,GOA-FIL-RSS-FCLBS_MAINT
01tWC00000DCyQCYA1,FileCatalyst Reverse Proxy,GOA-FIL-RSS-FCRPS_MAINT
01tWC00000DCyQDYA1,FileCatalyst TransferAgent - Web Integration Kit,GOA-FIL-RSS-FCTS_MAINT
01tWC00000DCyQEYA1,FileCatalyst Workflow,GOA-FIL-RSS-FCWS_MAINT
01tWC00000DCyQFYA1,FileCatalyst Workflow Acceleration,GOA-FIL-RSS-FCWAS_MAINT
01tWC00000DCyQGYA1,Flow Exporters,NW-AA-RSS-FLOWSU_MAINT
01tWC00000DCyQHYA1,Folder Monitor - Yearly,GS-GSE-RSS-FOLDYE_MAINT
01tWC00000DCyQIYA1,Fortra Classifier SDK - Standalone,DP-DC-RSS-FCSSS_MAINT
01tWC00000DCyQJYA1,Fortra Classifier Suite Essentials,DP-DC-RSS-FCSES_MAINT
01tWC00000DCyQKYA1,Fortra Classifier Suite Plus,DP-DC-RSS-FCSPS_MAINT
01tWC00000DCyQLYA1,"Fortra DCS ""Advance"" ULTRA Package",DP-DC-RSS-FDUAPS_MAINT
01tWC00000DCyQMYA1,"Fortra DCS ""Advance"" ULTRA Package - Government",DP-DC-RSS-FDCSGS_MAINT
01tWC00000DCyQNYA1,"Fortra DCS ""Plus"" ULTRA Package - Government",DP-DC-RSS-FDCSUGS_MAINT
01tWC00000DCyQOYA1,"Fortra DCS ""Plus"" ULTRA Package",DP-DC-RSS-FDUPPS_MAINT
01tWC00000DCyQPYA1,Fortra DCS Advanced Package,DP-DC-RSS-FDAPS_MAINT
01tWC00000DCyQQYA1,Fortra DCS Essential Package,DP-DC-RSS-FDEPS_MAINT
01tWC00000DCyQRYA1,Fortra DCS ESSENTIALS ULTRA PACKAGE,DP-DC-RSS-FDEUPS_MAINT
01tWC00000DCyQSYA1,Fortra DCS for DaR (Data at rest) with DCS INTELLIGENT PROTECTION,DP-DC-RSS-FDDS_MAINT
01tWC00000DCyQTYA1,Fortra DCS for DaR (Data at rest) with DCS INTELLIGENT PROTECTION - Government,DP-DC-RSS-FDCSDGS_MAINT
01tWC00000DCyQUYA1,Fortra Mail for iOS,DP-DC-RSS-FMIOS_MAINT
01tWC00000DCyQVYA1,FTPS Server - Yearly,GS-GSE-RSS-FTPSYE_MAINT
01tWC00000DCyQWYA1,GoAnywhere Accelerated File Transfer,GOA-GAM-RSS-GAAFTS_MAINT
01tWC00000DCyQXYA1,GoAnywhere Accelerated File Transfer Per Gbps,GOA-GAM-RSS-GAAS_MAINT
01tWC00000DCyQYYA1,GoAnywhere Advanced Agent,GOA-GAM-RSS-GAAAS_MAINT
01tWC00000DCyQZYA1,GoAnywhere Advanced Reporting,GOA-GAM-RSS-GAARS_MAINT
01tWC00000DCyQaYAL,GoAnywhere Advanced Workflows,GOA-GAM-RSS-GAAWS_MAINT
01tWC00000DCyQbYAL,GoAnywhere Advanced Workflows and Reporting,GOA-GAM-RSS-GAAWRS_MAINT
01tWC00000DCyQcYAL,GoAnywhere Agent,GOA-GAM-RSS-GOAS_MAINT
01tWC00000DCyQdYAL,GoAnywhere AS2 Send/Receive,GOA-GAM-RSS-GAASRS_MAINT
01tWC00000DCyQeYAL,GoAnywhere AS3 Send/Receive,GOA-GAM-RSS-GORS_MAINT
01tWC00000DCyQfYAL,GoAnywhere AS4 Send/Receive,GOA-GAM-RSS-GOANA_MAINT
01tWC00000DCyQgYAL,GoAnywhere Basic Agent,GOA-GAM-RSS-GABAS_MAINT
01tWC00000DCyQhYAL,GoAnywhere Business Activity Monitor,GOA-GAM-RSS-GABAMS_MAINT
01tWC00000DCyQiYAL,GoAnywhere Cloud Connector Premium,GOA-GAM-RSS-GACCPS_MAINT
01tWC00000DCyTyYAL,CCM for Network Devices,FIM-FIM-RSS-CCMNDS_LIC
01tWC00000DCyTzYAL,CCM for Servers - FIM Only,FIM-FIM-RSS-CCMSFO_LIC
01tWC00000DCyU0YAL,CCM for Servers,FIM-FIM-RSS-CCMSES_LIC
01tWC00000DCyU1YAL,CCM for Single Purpose Devices - FIM Only,FIM-FIM-RSS-CCMSPD_LIC
01tWC00000DCyU2YAL,CCM for Single Purpose Devices,FIM-FIM-RSS-CCMSID_LIC
01tWC00000DCyU3YAL,CCM for Workstations - FIM Only,FIM-FIM-RSS-CCMWFO_LIC
01tWC00000DCyU4YAL,CCM for Workstations,FIM-FIM-RSS-CCMWOS_LIC
01tWC00000DCyU5YAL,CCM Limited Management Server,FIM-FIM-RSS-CCMLIS_LIC
01tWC00000DCyU6YAL,CCM Management Server - FIM Only,FIM-FIM-RSS-CCMMSF_LIC
01tWC00000DCyU7YAL,CCM Management Server,FIM-FIM-RSS-CCMMSS_LIC
01tWC00000DCyU8YAL,CCM Windows Limited Scan Engine,FIM-FIM-RSS-CCMWLS_LIC
01tWC00000DCyU9YAL,CCM Windows Scan Engine - FIM Only,FIM-FIM-RSS-CCMWSE_LIC
01tWC00000DCyUAYA1,CCM Windows Scan Engine,FIM-FIM-RSS-CCMWIN_LIC
01tWC00000DCyUBYA1,CD Builder,SM-ROT-RSS-CDBSUB_LIC
01tWC00000DCyUCYA1,CGI Suite,SM-HCS-RSS-CGISSU_LIC
01tWC00000DCyUDYA1,Change Data Capture Module,BI-SDW-RSS-CDCMS_LIC
01tWC00000DCyUEYA1,Change Management,BI-SDW-RSS-CMS_LIC
01tWC00000DCyUFYA1,Classification for Desktop & Message Classification Ultra & Classification for Office Ultra Bundle,DP-DC-RSS-CDMUC_LIC
01tWC00000DCyUGYA1,Classifier Enterprise Suite (Legacy Forcepoint Customer),DP-DC-RSS-CESLFC_LIC
01tWC00000DCyUHYA1,Classifier Essentials,DP-DC-RSS-CES_LIC
01tWC00000DCyUIYA1,Classifier Exchange,DP-DC-RSS-CLEX_LIC
01tWC00000DCyUJYA1,Classifier for McAfee ePO and DXL,DP-DC-RSS-CMAEPD_LIC
01tWC00000DCyUKYA1,Classifier Reporting Console,DP-DC-RSS-CRCS_LIC
01tWC00000DCyULYA1,Cloud Connector Actions - Yearly,GS-GSE-RSS-CCAYS_LIC
01tWC00000DCyUMYA1,Cloud Connector Module CCM,GS-GSE-RSS-CCMCS_LIC
01tWC00000DCyUNYA1,Cobalt Strike,OS-COS-RSS-COBASU_LIC
01tWC00000DCyUOYA1,Offensive Security Advanced bundle - Named User,OS-CI-RSS-OSABNUS_LIC
01tWC00000DCyUPYA1,Cobalt Strike and Core Impact Bundle - Basic,OS-CI-RSS-COBCIBB_LIC
01tWC00000DCyUQYA1,Cobalt Strike and Core Impact Bundle - Pro,OS-CI-RSS-COBCIBP_LIC
01tWC00000DCyURYA1,Compliance Center for i,CS-DFT-RSS-CCIS_LIC
01tWC00000DCyUSYA1,Compliance Endpoint,DP-DLP-RSS-COMPLI_LIC
01tWC00000DCyUTYA1,Comprehensive i Bundle,DM-DML-RSS-CIBS_LIC
01tWC00000DCyUUYA1,Core Access,IGA-AAS-RSS-CAS_LIC
01tWC00000DCyUVYA1,Core Access Assurance Suite,IGA-AAS-RSS-CAASS_LIC
01tWC00000DCyUWYA1,Core Compliance,IGA-AAS-RSS-CCS_LIC
01tWC00000DCyUXYA1,Core Connector Framework (RDK),IGA-AAS-RSS-CCFRS_LIC
01tWC00000DCyUYYA1,Core Connector Library,IGA-AAS-RSS-CCLS_LIC
01tWC00000DCyUZYA1,Core Password,IGA-AAS-RSS-CPS_LIC
01tWC00000DCyUaYAL,Core Provisioning,IGA-AAS-RSS-COPS_LIC
01tWC00000DCyUbYAL,Core Role Designer,IGA-VIS-RSS-CRDS_LIC
01tWC00000DCyUcYAL,CSV Converter,DM-IRC-RSS-CSVCSU_LIC
01tWC00000DCyUdYAL,Custom Bundle,DM-DML-RSS-CUSTSU_LIC
01tWC00000DCyUeYAL,Data Acquisition,BI-SDW-RSS-DATA_LIC
01tWC00000DCyUfYAL,Data Detection Engine,DP-DC-RSS-DDES_LIC
01tWC00000DCyUgYAL,Data Monitor for iSeries Base,SM-VMC-RSS-DMISBS_LIC
01tWC00000DCyUhYAL,Data Monitor for iSeries Base (Changes),SM-VMC-RSS-DMIS_LIC
01tWC00000DCyUiYAL,Data Monitor for iSeries Base Changes,SM-VMC-RSS-DACS_LIC
01tWC00000DCyUjYAL,Data Monitor for iSeries Reads,SM-VMC-RSS-DMISRS_LIC
01tWC00000DCyUkYAL,Data Protection,DP-DLP-RSS-DPS_LIC
01tWC00000DCyUlYAL,Data Protection Suite,DP-DLP-RSS-DPSS_LIC
01tWC00000DCyUmYAL,Data Redaction For Secure Email Gateway,ES-SEG-RSS-DRSEGS_LIC
01tWC00000DCyUnYAL,Data Redaction For SECURE Exchange Gateway,ES-SXG-RSS-DRSS_LIC
01tWC00000DCyUoYAL,Data Redaction For SECURE ICAP Gateway,ES-SIG-RSS-DRSIGS_LIC
01tWC00000DCyUpYAL,Data Redaction For SECURE ICAP Gateway Per Instance,ES-SIG-RSS-DAIS_LIC
01tWC00000DCyUqYAL,Data Redaction For SECURE Web Gateway,ES-SWG-RSS-DRSWGS_LIC
01tWC00000DCyUrYAL,Data Set View Builder,BI-SDW-RSS-DSVBS_LIC
01tWC00000DCyUsYAL,DataImport,DM-IBM-RSS-DATASU_LIC
01tWC00000DCyUtYAL,DCS for Data at Rest,DP-DC-RSS-DCSDAR_LIC
01tWC00000DCyUuYAL,DCS Plus,DP-DC-RSS-DCSPLS_LIC
01tWC00000DCyUvYAL,DCS SDK,DP-DC-RSS-DCSSDK_LIC
01tWC00000DCyUwYAL,DeliverNow Base,DM-DLN-RSS-DELIBA_LIC
01tWC00000DCyUxYAL,DeliverNow iSeries Monitor,DM-DLN-RSS-DELIIS_LIC
01tWC00000DCyUyYAL,DeliverNow Sharepoint,DM-DLN-RSS-DELISH_LIC
01tWC00000DCyUzYAL,DeliverNow Windows Monitor,DM-DLN-RSS-DELIWM_LIC
01tWC00000DCyV0YAL,Deployment Bundle,BI-DB-RSS-DEPLSU_LIC
01tWC00000DCyV1YAL,DetectIT,CS-DFT-RSS-DETESU_LIC
01tWC00000DCyV2YAL,Device Profiler Ev,FIM-FIM-RSS-DPESUB_LIC
01tWC00000DCyV3YAL,Device Profiler Ev Express,FIM-FIM-RSS-DPEEXS_LIC
01tWC00000DCyV4YAL,Device Profiler Ev Limited,FIM-FIM-RSS-DPELIS_LIC
01tWC00000DCyV5YAL,DG Management Console,DP-DLP-RSS-DGDMCS_LIC
01tWC00000DCyV6YAL,DGMC On Prem,DP-DLP-RSS-DGMCO_LIC
01tWC00000DCyV7YAL,Digital Guardian Royalty,DP-DLP-RSS-DGRS_LIC
01tWC00000DCyV8YAL,Digital Rights Management for Email Gateway (Powered by Seclore),ES-SEG-RSS-DRMS_LIC
01tWC00000DCyV9YAL,Discovery DLP,DP-DLP-RSS-DISCSU_LIC
01tWC00000DCyVAYA1,Disk Space Manager,SM-DSM-RSS-DSMSUB_LIC
01tWC00000DCyVBYA1,DLP,DP-DLP-RSS-DLPSUB_LIC
01tWC00000DCyVCYA1,DMZ Gateway 3 Multi-Site,GS-GSE-RSS-DMZ_LIC
01tWC00000DCyVDYA1,DMZ Gateway 3 Single Site,GS-GSE-RSS-DG3S_LIC
01tWC00000DCyVEYA1,Doc Management Legacy Product,DM-DML-RSS-DMLPS_LIC
01tWC00000DCyVFYA1,DocAlpha (Artsyl),DM-DA-RSS-DAAS_LIC
01tWC00000DCyVGYA1,Document Management,DM-DML-RSS-DOCUME_LIC
01tWC00000DCyVHYA1,Document Management System,SM-SYM-RSS-DMSS_LIC
01tWC00000DCyVIYA1,Document Sanitization For SECURE Email Gateway,ES-SEG-RSS-DSSEGS_LIC
01tWC00000DCyVJYA1,Document Sanitization For SECURE Exchange Gateway,ES-SXG-RSS-DSSS_LIC
01tWC00000DCyVKYA1,Document Sanitization For SECURE ICAP Gateway,ES-SIG-RSS-DSSIGS_LIC
01tWC00000DCyVLYA1,Document Sanitization For SECURE Web Gateway,ES-SWG-RSS-DSSWGS_LIC
01tWC00000DCyVMYA1,Domino Report Server,DM-IRM-RSS-DRSSUB_LIC
01tWC00000DCyVNYA1,DP Select - Essentials,DP-DLP-RSS-DPSELES_LIC
01tWC00000DCyVOYA1,DP Select - Plus,DP-DLP-RSS-DPSELPS_LIC
01tWC00000DCyVPYA1,DP Select - Advanced,DP-DLP-RSS-DPSELAS_LIC
01tWC00000DCyVQYA1,DV&C,DP-DLP-RSS-DVCSUB_LIC
01tWC00000DCyVRYA1,Easy View,SM-EV-RSS-EASYSU_LIC
01tWC00000DCyVSYA1,Echoworx Email Encryption Platform For SECURE Email Gateway,ES-SEG-RSS-EEEPSE_LIC
01tWC00000DCyVTYA1,EDR,DP-DLP-RSS-EDRS_LIC
01tWC00000DCyVUYA1,EFT 8 Continuum,GS-GSE-RSS-E8CS_LIC
01tWC00000DCyVVYA1,EFT 8 Enterprise,GS-GSE-RSS-E8ES_LIC
01tWC00000DCyVWYA1,EFT 8 Express,GS-GSE-RSS-EFES_LIC
01tWC00000DCyVXYA1,EFT Advanced Workflow Engine,GS-GSE-RSS-EAWS_LIC
01tWC00000DCyVYYA1,EFT AS2 Module,GS-GSE-RSS-EAMS_LIC
01tWC00000DCyvRYAT,OCR Feature For SECURE Exchange Gateway,ES-SXG-RSS-OCGS_MAINT
01tWC00000DCyvSYAT,OCR Feature For SECURE ICAP Gateway,ES-SIG-RSS-OFEATU_MAINT
01tWC00000DCyvTYAT,OCR Feature For SECURE Web Gateway,ES-SWG-RSS-OCFEAS_MAINT
01tWC00000DCyvUYAT,OCR For SECURE ICAP Gateway Per Instance,ES-SIG-RSS-OSIS_MAINT
01tWC00000DCyvVYAT,OnPremise Encryption Portal For SECURE Email Gateway,ES-SEG-RSS-OPEPSE_MAINT
01tWC00000DCyvWYAT,OWA Classifier,DP-DC-RSS-OWACSU_MAINT
01tWC00000DCyvXYAT,Paragon Suite,SM-HCS-RSS-PARASU_MAINT
01tWC00000DCyvYYAT,Parallel Loading,BI-SDW-RSS-PLS_MAINT
01tWC00000DCyvZYAT,Password Reset,SM-PRM-RSS-PASSSU_MAINT
01tWC00000DCyvaYAD,PCL to PDF Converter,DM-IBM-RSS-PCLTSU_MAINT
01tWC00000DCyvbYAD,PDF Converter,DM-IRC-RSS-PDFCOS_MAINT
01tWC00000DCyvcYAD,PDF Splitter,DM-PCR-RSS-PDFSPS_MAINT
01tWC00000DCyvdYAD,PeekPlus,SM-PKP-RSS-PEEKSU_MAINT
01tWC00000DCyveYAD,Perf Analyzer GUI,SM-PFA-RSS-PAGSUB_MAINT
01tWC00000DCyvfYAD,Performance Analyzer,SM-PFA-RSS-PAS_MAINT
01tWC00000DCyvgYAD,Performance Monitor,SM-SYM-RSS-PMS_MAINT
01tWC00000DCyvhYAD,Performance Navigator,SM-PN-RSS-PNS_MAINT
01tWC00000DCyviYAD,PGP Actions - Yearly,GS-GSE-RSS-PGPAYE_MAINT
01tWC00000DCyvjYAD,PMPlus OS2200-1-Year-Tier10-Mainframe,CM-TQO-RSS-PO1YSU_MAINT
01tWC00000DCyvkYAD,Policy Manager for Desktops,FIM-FIM-RSS-PMDS_MAINT
01tWC00000DCyvlYAD,Policy Manager for File Systems,FIM-FIM-RSS-PMFSS_MAINT
01tWC00000DCyvmYAD,Policy Manager for Network Devices,FIM-FIM-RSS-PMNDS_MAINT
01tWC00000DCyvnYAD,Policy Manager for POS End Point Systems,FIM-FIM-RSS-PMPS_MAINT
01tWC00000DCyvoYAD,Policy Manager for POS Servers,FIM-FIM-RSS-PMPSS_MAINT
01tWC00000DCyvpYAD,Policy Manager for VMware ESX,FIM-FIM-RSS-PMVES_MAINT
01tWC00000DCyvqYAD,POP/400 Email Retrieval API,DM-EU-RSS-POP4SU_MAINT
01tWC00000DCyvrYAD,Powerful User Passport,CS-DFT-RSS-PUPSUB_MAINT
01tWC00000DCyvsYAD,Powertech Antivirus - Linux / AIX,CS-PTA-RSS-PALAS_MAINT
01tWC00000DCyvtYAD,Powertech Antivirus - Solaris,CS-PTA-RSS-PASS_MAINT
01tWC00000DCyvuYAD,Powertech Antivirus - x86 Linux,CS-PTA-RSS-PAXLS_MAINT
01tWC00000DCyvvYAD,Powertech Antivirus for IBM i - Domino,CS-PTA-RSS-PAIIDS_MAINT
01tWC00000DCyvwYAD,Powertech Antivirus for IBM i,CS-PTA-RSS-PAIIS_MAINT
01tWC00000DCyvxYAD,Powertech Antivirus,CS-PTA-RSS-PTAVS_MAINT
01tWC00000DCyvyYAD,Powertech Authority Broker for IBM i,CS-PAB-RSS-PABIIS_MAINT
01tWC00000DCyvzYAD,PowerTech Central Admin,CS-CLP-RSS-PTCAS_MAINT
01tWC00000DCyw0YAD,Powertech Command Security,CS-PCS-RSS-PCMDSS_MAINT
01tWC00000DCyw1YAD,Powertech Compliance Monitor Consolidator for IBM i,CS-PCM-RSS-PCMS_MAINT
01tWC00000DCyw2YAD,Powertech Compliance Monitor Endpoint for IBM i,CS-PCM-RSS-POIS_MAINT
01tWC00000DCyw3YAD,Powertech Compliance Monitor for IBM i,CS-PCM-RSS-PCMIIS_MAINT
01tWC00000DCyw4YAD,Powertech Compliance Suite,CS-CLP-RSS-PCSS_MAINT
01tWC00000DCyw5YAD,Powertech Database Monitor for IBM i - PMRT,CS-PDM-RSS-PDMS_MAINT
01tWC00000DCyw6YAD,Powertech Database Monitor for IBM i - Rapid Validation,CS-PDM-RSS-POVS_MAINT
01tWC00000DCyw7YAD,Powertech Database Monitor for IBM i - Read,CS-PDM-RSS-PORS_MAINT
01tWC00000DCyw8YAD,Powertech Database Monitor for IBM i,CS-PDM-RSS-PDMIIS_MAINT
01tWC00000DCyw9YAD,Powertech Encryption for IBM i,CS-PEI-RSS-PEIIS_MAINT
01tWC00000DCywAYAT,Powertech Encryption for IBM i (Auto IFS Encryption Module),CS-PEI-RSS-PEIS_MAINT
01tWC00000DCywBYAT,Powertech Encryption for IBM i (Backup Encryption Module),CS-PEI-RSS-POMS_MAINT
01tWC00000DCywCYAT,Powertech Encryption for IBM i (Field Encryption Module),CS-PEI-RSS-POWENC_MAINT
01tWC00000DCywDYAT,Powertech Event Manager,CS-PEM-RSS-PEMS_MAINT
01tWC00000DCywEYAT,Powertech Exit Point Manager for IBM i,CS-PEP-RSS-PEPS_MAINT
01tWC00000DCywFYAT,Powertech Identity & Access Manager (BoKS),PIA-PIA-RSS-PIAS_MAINT
01tWC00000DCywGYAT,Powertech Identity Manager for IBM i,CS-PIM-RSS-PIMIIS_MAINT
01tWC00000DCywHYAT,Powertech Multi-Factor Authentication for IBM i,CS-PMF-RSS-PMFS_MAINT
01tWC00000DCywIYAT,Powertech Password Self Help for IBM i,CS-PPS-RSS-PPSS_MAINT
01tWC00000DCywJYAT,Powertech Policy Minder for IBM i,CS-PPM-RSS-PPMIIS_MAINT
01tWC00000DCywKYAT,Powertech Risk Assessor for IBM i,CS-PRA-RSS-PRAIIS_MAINT
01tWC00000DCywLYAT,Powertech RSA SecurID Agent for IBM i,CS-RSA-RSS-PRSS_MAINT
01tWC00000DCywMYAT,Powertech Security Auditor,CS-PSA-RSS-PSAS_MAINT
01tWC00000DCywNYAT,QMessage Monitor,SM-QMM-RSS-QMESSU_MAINT
01tWC00000DCywOYAT,QRemote Control,SM-QRC-RSS-QREMSU_MAINT
01tWC00000DCywPYAT,QSystem Monitor,SM-QSM-RSS-QSYSSU_MAINT
01tWC00000DCywQYAT,Query & Report Writer,BI-QRW-RSS-QRWSUB_MAINT
01tWC00000DCywRYAT,RAW Report Converter,DM-IRC-RSS-RAWRSU_MAINT
01tWC00000DCywSYAT,Record and Playback,SM-RAP-RSS-RECOSU_MAINT
01tWC00000DCywTYAT,Regulatory Compliance - Yearly,GS-GSE-RSS-REGUYE_MAINT
01tWC00000DCywUYAT,Remote Automation Agent - Yearly,GS-GSE-RSS-RAAYS_MAINT
01tWC00000DCywVYAT,Remote Client For SECURE Web Gateway,ES-SWG-RSS-RCSWGS_MAINT
01tWC00000DCywWYAT,Remote Data Push,BI-SDW-RSS-RDPS_MAINT
01tWC00000DCywXYAT,Remote Data Sourcing,BI-SDW-RSS-RDSS_MAINT
01tWC00000DCywYYAT,RemoteAccess - Individual,NW-IRA-RSS-RAIS_MAINT
01tWC00000DCywZYAT,RemoteAccess - Pooled,NW-INT-RSS-RAPS_MAINT
01tWC00000DCywaYAD,RemoteAccess Server Fee,NW-INT-RSS-RASFS_MAINT
01tWC00000DCywbYAD,Report Splitter,DM-IBM-RSS-REPOSS_MAINT
01tWC00000DCywcYAD,Restricted Tasks Manager,SM-SYM-RSS-RTMSUB_MAINT
01tWC00000DCywdYAD,Risk & Compliance Monitor,CS-DFT-RSS-RCMSUB_MAINT
01tWC00000DCyweYAD,Robot Alert,SM-ROA-RSS-RAS_MAINT
01tWC00000DCywfYAD,Robot Autotune,SM-RAT-RSS-ROAS_MAINT
01tWC00000DCywgYAD,Robot Bundle - Schedule & Alert,SM-ROB-RSS-RBSAS_MAINT
01tWC00000DCywhYAD,Robot Bundle - Console & Alert,SM-ROB-RSS-RBCAS_MAINT
01tWC00000DCywiYAD,"Robot Bundle - Console, Alert, Network",SM-ROB-RSS-RBCANS_MAINT
01tWC00000DCywjYAD,"Robot Bundle - Schedule, Alert, Network",SM-ROB-RSS-RBSANS_MAINT
01tWC00000DCywkYAD,"Robot Bundle - Schedule, Alert, Replay",SM-ROB-RSS-RBSARS_MAINT
01tWC00000DCywlYAD,Robot Client,SM-SYM-RSS-RCS_MAINT
01tWC00000DCywmYAD,Robot Console,SM-ROC-RSS-ROCS_MAINT
01tWC00000DCywnYAD,Robot CPA,SM-RCP-RSS-ROCPA_MAINT
01tWC00000DCywoYAD,Robot HA,SM-RHA-RSS-RHS_MAINT
01tWC00000DCywpYAD,Robot Monitor - AIX,SM-ROM-RSS-RMAS_MAINT
01tWC00000DCywqYAD,Robot Monitor,SM-ROM-RSS-RMSUB_MAINT
01tWC00000DCywrYAD,Robot Monitor - VIOS,SM-ROM-RSS-RMVS_MAINT
01tWC00000DCywsYAD,Robot Replay,SM-ROR-RSS-RRS_MAINT
01tWC00000DCywtYAD,Robot Reports,SM-RRE-RSS-RORS_MAINT
01tWC00000DCywuYAD,Robot Save,SM-ROS-RSS-RSS_MAINT
01tWC00000DCywvYAD,Robot Schedule,SM-RSC-RSS-ROSS_MAINT
01tWC00000DCywwYAD,Robot Schedule Enterprise,SM-RSE-RSS-RSES_MAINT
01tWC00000DCywxYAD,Robot Schedule EnterpriseOne Interface,SM-RSI-RSS-RSEOIS_MAINT
01tWC00000DCywyYAD,Robot Space,SM-RSP-RSS-RSPACE_MAINT
01tWC00000DCyxlYAD,VMC - Windows Performance Agent-NewMaintenance,SM-VMC-RNM-VWPM
01tWC00000DCyxmYAD,VMC - Windows Performance Agent,SM-VMC-NRPS-VWPP
01tWC00000DCyxnYAD,VMC - Windows Performance Agent-RenewalMaintenance,SM-VMC-RRM-VMCWI
01tWC00000DCyxoYAD,VMC - Windows Performance Agent,SM-VMC-RSS-VWPS
01tWC00000DCyxpYAD,VMC - Windows Security Agent - 10 Units Package-NewMaintenance,SM-VMC-RNM-VMCWIN
01tWC00000DCyxqYAD,VMC - Windows Security Agent - 10 Units Package,SM-VMC-NRPS-VMPP
01tWC00000DCyxrYAD,VMC - Windows Security Agent - 10 Units Package-RenewalMaintenance,SM-VMC-RRM-VMWIND
01tWC00000DCyxsYAD,VMC - Windows Security Agent - 10 Units Package,SM-VMC-RSS-VMPS
01tWC00000DCyxtYAD,VMC - Windows Security Agent-NewMaintenance,SM-VMC-RNM-VWINDO
01tWC00000DCyxuYAD,VMC - Windows Security Agent,SM-VMC-NRPS-VMCWS
01tWC00000DCyxvYAD,VMC - Windows Security Agent-RenewalMaintenance,SM-VMC-RRM-VMCWIS
01tWC00000DCyxwYAD,VMC - Windows Security Agent,SM-VMC-RSS-VMCWSE
01tWC00000DCyxxYAD,VMC iSeries Performance Agent-NewMaintenance,SM-VMC-RNM-VISEP
01tWC00000DCyxyYAD,VMC iSeries Performance Agent,SM-VMC-NRPS-VISPE
01tWC00000DCyxzYAD,VMC iSeries Performance Agent-RenewalMaintenance,SM-VMC-RRM-VMISPA
01tWC00000DCyy0YAD,VMC iSeries Performance Agent,SM-VMC-RSS-VISPA
01tWC00000DCyy1YAD,VMC Monitoring Engine-NewMaintenance,SM-VMC-RNM-VMEM
01tWC00000DCyy2YAD,VMC Monitoring Engine,SM-VMC-NRPS-VMEP
01tWC00000DCyy3YAD,VMC Monitoring Engine-RenewalMaintenance,SM-VMC-RRM-VMMO
01tWC00000DCyy4YAD,VMC Monitoring Engine - Security-NewMaintenance,SM-VMC-RNM-VMCMO
01tWC00000DCyy5YAD,VMC Monitoring Engine - Security,SM-VMC-NRPS-VMSP
01tWC00000DCyy6YAD,VMC Monitoring Engine - Security-RenewalMaintenance,SM-VMC-RRM-VMCMON
01tWC00000DCyy7YAD,VMC Monitoring Engine - Security,SM-VMC-RSS-VMES
01tWC00000DCyy8YAD,VMC Monitoring Engine,SM-VMC-RSS-VMMONI
01tWC00000DCyy9YAD,VnE Manager - EVAL,FIM-FML-NRPS-VEMEVA
01tWC00000DCyyAYAT,VnE Manager Ev - License Usage Fee,FIM-FIM-NROR-VMELUFO
01tWC00000DCyyBYAT,VnE Manager Ev-NewMaintenance,FIM-FIM-RNM-VEMENM
01tWC00000DCyyCYAT,VnE Manager Ev,FIM-FML-NRPS-VEMEVP
01tWC00000DCyyDYAT,VnE Manager Ev-RenewalMaintenance,FIM-FIM-RRM-VEMERM
01tWC00000DCyyEYAT,VnE Manager Ev,FIM-FIM-RSS-VEMEVS
01tWC00000DCyyFYAT,VnE Manager Ev & Device Profiler Ev-NewMaintenance,FIM-FIM-RNM-VEMEDP
01tWC00000DCyyGYAT,VnE Manager Ev & Device Profiler Ev,FIM-FIM-NRPS-VEMEVD
01tWC00000DCyyHYAT,VnE Manager Ev & Device Profiler Ev-RenewalMaintenance,FIM-FIM-RRM-VEMEVR
01tWC00000DCyyIYAT,VnE Manager Ev Express-NewMaintenance,FIM-FIM-RNM-VEMEEN
01tWC00000DCyyJYAT,VnE Manager Ev Express,FIM-FIM-RSS-VEMEES
01tWC00000DCyyKYAT,VnE Manager Ev Limited-NewMaintenance,FIM-FIM-RNM-VEMELN
01tWC00000DCyyLYAT,VnE Manager Ev Limited,FIM-FIM-NRPS-VEMELP
01tWC00000DCyyMYAT,VnE Manager Ev Limited-RenewalMaintenance,FIM-FIM-RRM-VEMELR
01tWC00000DCyyNYAT,VnE Manager Ev Limited,FIM-FIM-RSS-VEMELS
01tWC00000DCyyOYAT,Volvo - Security Awareness Training and Phishing Simulations,HRM-HRM-RSL-VOLVSA
01tWC00000DCyyPYAT,Volvo - Suspicious Email Analysis,ES-ETM-RMS-VOLVSE
01tWC00000DCyyQYAT,Volvo BeAware bundle – fully managed,HRM-HRM-RSL-VOLVBA
01tWC00000DCyyRYAT,Vulnerability Management-NewMaintenance,VM-DDL-RNM-VULNNE
01tWC00000DCyySYAT,Vulnerability Management-RenewalMaintenance,VM-DDL-RRM-VULNRE
01tWC00000DCyyTYAT,Warehouse Builder-NewMaintenance,BI-WB-RNM-WAREBN
01tWC00000DCyyUYAT,Warehouse Builder,BI-WB-NRPS-WAREBU
01tWC00000DCyyVYAT,Warehouse Builder-RenewalMaintenance,BI-WB-RRM-WAREBR
01tWC00000DCyyWYAT,Warehouse Builder,BI-WB-RSS-WAREBS
01tWC00000DCyyXYAT,Warehouse Manager-NewMaintenance,BI-WM-RNM-WAREMN
01tWC00000DCyyYYAT,Warehouse Manager,BI-WM-NRPS-WAREMA
01tWC00000DCyyZYAT,Warehouse Manager-RenewalMaintenance,BI-WM-RRM-WAREMR
01tWC00000DCyyaYAD,Warehouse Manager,BI-WM-RSS-WAREMS
01tWC00000DCzGGYA1,Tripwire Enterprise for File Systems-RenewalMaintenance,FIM-FIM-RRM-TEFSRM
01tWC00000DCzGHYA1,Tripwire Enterprise for File Systems,FIM-FIM-RSS-TEFSS
01tWC00000DCzGIYA1,Tripwire Enterprise for File Systems (17+ Processors)-RenewalMaintenance,FIM-FML-RRM-TEFS1P
01tWC00000DCzGJYA1,Tripwire Enterprise for Industrial Devices,FIM-FIM-NRPS-TEIDP
01tWC00000DCzGKYA1,Tripwire Enterprise for Industrial Devices-RenewalMaintenance,FIM-FIM-RRM-TEIDRM
01tWC00000DCzhLYAT,GoAnywhere Collaboration Bundle with Gateway-NewMaintenance,GOA-GAM-RNM-GCBGNM
01tWC00000DCzhMYAT,GoAnywhere Premium Bundle - Clustered-RenewalMaintenance,GOA-GAM-RRM-GPBCRM
01tWC00000DCzhNYAT,GoAnywhere Premium Bundle - Clustered-NewMaintenance,GOA-GAM-RNM-GPBCNM
01tWC00000DCzhOYAT,GoAnywhere Premium Bundle with Threat Protection-RenewalMaintenance,GOA-GAM-RRM-GPBTPRM
01tWC00000DCzhPYAT,GoAnywhere Premium Bundle with Threat Protection-NewMaintenance,GOA-GAM-RNM-GPBTPNM
01tWC00000DCzhQYAT,GoAnywhere Starter Bundle with Gateway-RenewalMaintenance,GOA-GAM-RRM-GSBGRM
01tWC00000DCzhRYAT,GoAnywhere Starter Bundle with Gateway-NewMaintenance,GOA-GAM-RNM-GSBGNM
01tWC00000DCzhSYAT,GoAnywhere Starter Bundle with Gateway and Threat Protection-RenewalMaintenance,GOA-GAM-RRM-GSBGTPRM
01tWC00000DCzhTYAT,GoAnywhere Starter Bundle with Gateway and Threat Protection-NewMaintenance,GOA-GAM-RNM-GSBGTPNM
01tWC00000DCzhUYAT,Insite Analytics - Core-RenewalMaintenance,BI-ISA-RRM-IACRM
01tWC00000DCzhVYAT,Insite Analytics - Core-NewMaintenance,BI-ISA-RNM-IACNM
01tWC00000DCzhWYAT,Insite Analytics - Premium-RenewalMaintenance,BI-ISA-RRM-IAPRMRM
01tWC00000DCzhXYAT,Insite Analytics - Premium-NewMaintenance,BI-ISA-RNM-IAPRMNM
01tWC00000DCzhYYAT,Insite Analytics - Pro-RenewalMaintenance,BI-ISA-RRM-IAPROM
01tWC00000DCzhZYAT,Insite Analytics - Pro-NewMaintenance,BI-ISA-RNM-IAPRONM
01tWC00000DCzhaYAD,Insite Analytics - Starter Package-RenewalMaintenance,BI-ISA-RRM-IASPRM
01tWC00000DCzhbYAD,Insite Analytics - Starter Package-NewMaintenance,BI-ISA-RNM-IASPNM
01tWC00000DCzhcYAD,SEQUEL SMB Bundle - Primary-RenewalMaintenance,BI-SQ-RRM-SSBPRM
01tWC00000DCzhdYAD,SEQUEL SMB Bundle - Primary-NewMaintenance,BI-SQ-RNM-SSBPNM
01tWC00000DCzheYAD,SEQUEL SMB Bundle - Secondary-RenewalMaintenance,BI-SQ-RRM-SSBSRM
01tWC00000DCzhfYAD,SEQUEL SMB Bundle - Secondary-NewMaintenance,BI-SQ-RNM-SSBSNM
01tWC00000DCzhgYAD,Sequel Data Warehouse (RODIN) Select License - Bronze Edition-RenewalMaintenance,BI-SDW-RRM-SDWSBERM
01tWC00000DCzhhYAD,Sequel Data Warehouse (RODIN) Select License - Bronze Edition-NewMaintenance,BI-SDW-RNM-SDWSBENM
01tWC00000DCzhiYAD,Sequel Data Warehouse (RODIN) Select License - Gold Edition-RenewalMaintenance,BI-SDW-RRM-SDWSGERM
01tWC00000DCzhjYAD,Sequel Data Warehouse (RODIN) Select License - Gold Edition-NewMaintenance,BI-SDW-RNM-SDWSGENM
01tWC00000DCzhkYAD,Sequel Data Warehouse (RODIN) Select License - Platinum Edition-RenewalMaintenance,BI-SDW-RRM-SDWSPERM
01tWC00000DD09LYAT,Native AFP to PDF Report-RenewalMaintenance,DM-DML-RRM-NATPRR
01tWC00000DD09MYAT,Native AFP to TIFF Report-NewMaintenance,DM-DML-RNM-NATTRN
01tWC00000DD09NYAT,Native AFP to TIFF Report,DM-DML-NRPS-NATTRP
01tWC00000DD09OYAT,Native AFP to TIFF Report-RenewalMaintenance,DM-DML-RRM-NATTRR
01tWC00000DD09PYAT,Native Converters-NewMaintenance,DM-DML-RNM-NCNM
01tWC00000DD09QYAT,Native Converters,DM-DML-NRPS-NCP
01tWC00000DD09RYAT,Native Converters-RenewalMaintenance,DM-DML-RRM-NCRM
01tWC00000DD09SYAT,Native DataImport Report Converter-NewMaintenance,DM-DML-RNM-NDIRCN
01tWC00000DD09TYAT,Native DataImport Report Converter,DM-DML-NRPS-NDIRCP
01tWC00000DD09UYAT,Native DataImport Report Converter-RenewalMaintenance,DM-DML-RRM-NDIRCR
01tWC00000DD09VYAT,Native Host Print Transform Converter-NewMaintenance,DM-DML-RNM-NHPTCN
01tWC00000DD09WYAT,Native Host Print Transform Converter,DM-DML-NRPS-NHPTCP
01tWC00000DD09XYAT,Native Host Print Transform Converter-RenewalMaintenance,DM-DML-RRM-NHPTCR
01tWC00000DD09YYAT,Native PCL to PDF Converter - Legacy-NewMaintenance,DM-IBM-RNM-NPTPCL
01tWC00000DD09ZYAT,Native PCL to PDF Converter - Legacy,DM-IBM-NRPS-NATIVE
01tWC00000DD09aYAD,Native PCL to PDF Converter - Legacy-RenewalMaintenance,DM-IBM-RRM-NPTM
01tWC00000DD09bYAD,Native Text to CSV Converter-NewMaintenance,DM-DML-RNM-NTTCCN
01tWC00000DD09cYAD,Native Text to CSV Converter,DM-DML-NRPS-NTTCCP
01tWC00000DD09dYAD,Native Text to CSV Converter-RenewalMaintenance,DM-DML-RRM-NTTCCR
01tWC00000DD09eYAD,Native Text to PDF Converter-NewMaintenance,DM-DML-RNM-NTTPCN
01tWC00000DD09fYAD,Native Text to PDF Converter,DM-DML-NRPS-NTTPCP
01tWC00000DD09gYAD,Native Text to PDF Converter-RenewalMaintenance,DM-DML-RRM-NTTPCR
01tWC00000DD09hYAD,NDLP,DP-DLP-RSS-NDLPS
01tWC00000DD09iYAD,Network Discovery,DP-DLP-RSL-NDS
01tWC00000DD09jYAD,Network DLP - Web & Email,DP-DLP-RSS-NDWES
01tWC00000DD09kYAD,Network Monitoring-NewMaintenance,NW-INT-RNM-NMNM
01tWC00000DD09lYAD,Network Monitoring-RenewalMaintenance,NW-INT-RRM-NMRM
01tWC00000DD09mYAD,Network Traffic Controller-NewMaintenance,CS-DFT-RNM-NTCNM
01tWC00000DD09nYAD,Network Traffic Controller,CS-DFT-NRPS-NTCP
01tWC00000DD09oYAD,Network Traffic Controller-RenewalMaintenance,CS-DFT-RRM-NTCRM
01tWC00000DD09pYAD,Network Traffic Controller,CS-DFT-RSS-NTCS
01tWC00000DD09qYAD,NETWORK-Alternative Host-NewMaintenance,SM-RON-RNM-NAHNM
01tWC00000DD09rYAD,NETWORK-Alternative Host,SM-RON-NRPS-NAHP
01tWC00000DD09sYAD,NETWORK-Alternative Host-RenewalMaintenance,SM-RON-RRM-NAHRM
01tWC00000DD09tYAD,NETWORK-Alternative Host,SM-RON-RSS-NAHS
01tWC00000DD09uYAD,NETWORK-Host-NewMaintenance,SM-RON-RNM-NHNM
01tWC00000DD09vYAD,NETWORK-Host,SM-RON-NRPS-NHP
01tWC00000DD09wYAD,NETWORK-Host-RenewalMaintenance,SM-RON-RRM-NHRM
01tWC00000DD09xYAD,NETWORK-Host,SM-RON-RSS-NHS
01tWC00000DD09yYAD,NETWORK-Node-NewMaintenance,SM-RON-RNM-NNNM
01tWC00000DD09zYAD,NETWORK-Node,SM-RON-NRPS-NNP
01tWC00000DD0A0YAL,NETWORK-Node-RenewalMaintenance,SM-RON-RRM-NNRM
01tWC00000DD0A1YAL,NETWORK-Node,SM-RON-RSS-NNS
01tWC00000DD0A2YAL,Non-Standard Core Connectors-NewMaintenance,IGA-AAS-RNM-NSCCNE
01tWC00000DD0A3YAL,Non-Standard Core Connectors,IGA-AAS-NRPS-NSCCPE
01tWC00000DD0A4YAL,Non-Standard Core Connectors-RenewalMaintenance,IGA-AAS-RRM-NSCCRE
01tWC00000DD0A5YAL,Non-Standard Core Connectors,IGA-AAS-RSS-NSCCSU
01tWC00000DD0A6YAL,Notes Classifier-NewMaintenance,DP-DC-RNM-NOTENE
01tWC00000DD0A7YAL,Notes Classifier,DP-DC-NRPS-NOTEPE
01tWC00000DD0A8YAL,Notes Classifier-RenewalMaintenance,DP-DC-RRM-NOTERE
01tWC00000DD0A9YAL,Nport 5110-UK-NewMaintenance,SM-SYM-RNM-N5UNEW
01tWC00000DD0AAYA1,Nport 5110-UK,SM-SYM-NRPS-N5UPER
01tWC00000DD0ABYA1,Nport 5110-UK-RenewalMaintenance,SM-SYM-RRM-N5UREN
01tWC00000DD0ACYA1,Nport 5110-UK,SM-SYM-RSS-N5USUB
01tWC00000DD0ADYA1,NSS - AIX-NewMaintenance,SM-NSS-RNM-NSSAIX
01tWC00000DD0AEYA1,NSS - AIX,SM-NSS-NRPS-NSSAIP
01tWC00000DD0AFYA1,NSS - AIX-RenewalMaintenance,SM-NSS-RRM-NSSARM
01tWC00000DD0AGYA1,NSS - AIX,SM-NSS-RSS-NSSAIS
01tWC00000DD0AHYA1,NSS - Linux-NewMaintenance,SM-NSS-RNM-NSSLNM
01tWC00000DD0AIYA1,NSS - Linux,SM-NSS-NRPS-NSSLIN
01tWC00000DD0AJYA1,NSS - Linux-RenewalMaintenance,SM-NSS-RRM-NSSLRM
01tWC00000DD0AKYA1,NSS - Linux,SM-NSS-RSS-NSSLIS
01tWC00000DD0ALYA1,NSS - SNMP Trap Receiver-NewMaintenance,SM-NSS-RNM-NSSSNM
01tWC00000DD0AMYA1,NSS - SNMP Trap Receiver,SM-NSS-NRPS-NSSSTR
01tWC00000DD0ANYA1,NSS - SNMP Trap Receiver-RenewalMaintenance,SM-NSS-RRM-NSSSNT
01tWC00000DD0AOYA1,NSS - SNMP Trap Receiver,SM-NSS-RSS-NSSSNR
01tWC00000DD0APYA1,NSS - VIOS-NewMaintenance,SM-NSS-RNM-NSSVIO
01tWC00000DD0AQYA1,NSS - VIOS,SM-NSS-NRPS-NSSVIP
01tWC00000DD0ARYA1,NSS - VIOS-RenewalMaintenance,SM-NSS-RRM-NSSVRM
01tWC00000DD0ASYA1,NSS - VIOS,SM-NSS-RSS-NSSVIS
01tWC00000DD0ATYA1,NSS - Web Application Monitor-NewMaintenance,SM-NSS-RNM-NSSWAM
01tWC00000DD0AUYA1,NSS - Web Application Monitor,SM-NSS-NRPS-NSSWEB
01tWC00000DD0AVYA1,NSS - Web Application Monitor-RenewalMaintenance,SM-NSS-RRM-NSSWEA
01tWC00000DD0AWYA1,NSS - Web Application Monitor,SM-NSS-RSS-NSSWEM
01tWC00000DD0AXYA1,NSS - Windows-NewMaintenance,SM-NSS-RNM-NSSWNM
01tWC00000DD0AYYA1,NSS - Windows,SM-NSS-NRPS-NSSWIN
01tWC00000DD0AZYA1,NSS - Windows-RenewalMaintenance,SM-NSS-RRM-NSSWRM
01tWC00000DD0AaYAL,NSS - Windows,SM-NSS-RSS-NSSWIS
01tWC00000DD0AbYAL,OCR Feature For Information Governance Server-NewMaintenance,ES-SEG-RNM-OCRF
01tWC00000DD0AcYAL,OCR Feature For Information Governance Server,ES-SEG-NRPS-OCR
01tWC00000DD0AdYAL,OCR Feature For Information Governance Server-RenewalMaintenance,ES-SEG-RRM-OFIM
01tWC00000DD0AeYAL,OCR Feature For Information Governance Server,ES-SEG-RSS-OFIS
01tWC00000DD0AfYAL,OCR Feature For SECURE Email Gateway-NewMaintenance,ES-SEG-RNM-OFSM
01tWC00000DD0AgYAL,OCR Feature For SECURE Email Gateway,ES-SEG-NRPS-OFSP
01tWC00000DD0AhYAL,OCR Feature For SECURE Email Gateway-RenewalMaintenance,ES-SEG-RRM-OCFE
01tWC00000DD0AiYAL,OCR Feature For SECURE Email Gateway,ES-SEG-RSS-OFSS
01tWC00000DD0AjYAL,OCR Feature For SECURE Exchange Gateway-NewMaintenance,ES-SXG-RNM-OCNM
01tWC00000DD0AkYAL,OCR Feature For SECURE Exchange Gateway,ES-SXG-NRPS-OCGP
01tWC00000DD0AlYAL,OCR Feature For SECURE Exchange Gateway-RenewalMaintenance,ES-SXG-RRM-OCRM
01tWC00000DD0AmYAL,OCR Feature For SECURE Exchange Gateway,ES-SXG-RSS-OCGS
01tWC00000DD10PYAT,GoAnywhere Services,GOA-GAM-NRST-GAS
01tWC00000DD10QYAT,GoAnywhere Certification Exam,GOA-GAM-NRST-GACE
01tWC00000DD10RYAT,Ops Services,IGA-AAS-RSP-OPSSRV
01tWC00000DD10SYAT,Domain Monitoring,BP-ETM-RSSH-OSDMON
01tWC00000DD10TYAT,MSOAR,ES-MSO-RSSH-MSOARS
01tWC00000DD10UYAT,DG Online Storage,DP-DLP-RSL-DGOSS
01tWC00000DD10VYAT,Digital Guardian Software-NewMaintenance,DP-DLP-RNM-DGSNM
01tWC00000DD10WYAT,Digital Guardian Software-RenewalMaintenance,DP-DLP-RRM-DGSRM
01tWC00000DD10XYAT,Clearswift SECURE Email Gateway (Kaspersky AV)-NewMaintenance,ES-SEG-RNM-CSEGANM
01tWC00000DD10YYAT,Clearswift SECURE Email Gateway (Kaspersky AV)-RenewalMaintenance,ES-SEG-RRM-CSEGARM
01tWC00000DD10ZYAT,Premium Services (12 Months) Basic Cost,ES-SEG-RSP-PREMS1
01tWC00000DD10aYAD,Clearswift SECURE Email Gateway (Kaspersky AV),ES-SEG-RSS-CSEGKS
01tWC00000DD10bYAD,ARgon for Email,ES-SEG-RSS-A4ESUB
01tWC00000DD10cYAD,GoAnywhere Ultimate,GOA-GAM-RSS-GAULTS
01tWC00000DD10dYAD,GoAnywhere SFTP Server and DMZ Gateway Manager Bundle,GOA-GAM-RSS-GSSDGMBS
01tWC00000DD10eYAD,GoAnywhere EDI X12,GOA-GAM-RSS-GAEX12S
01tWC00000DD10fYAD,Terranova Services,HRM-HRM-NRST-TERRSE
01tWC00000DD10gYAD,Managed Services - Phishing Simulation,HRM-HRM-NRST-MSPSS
01tWC00000DD10hYAD,Phishing Platform,HRM-HRM-RSL-PHISPL
01tWC00000DD10iYAD,Security Awareness Program,HRM-HRM-RSL-SAPS
01tWC00000DD10jYAD,Human Risk Management,HRM-HRM-RSP-HRMGMT
01tWC00000DD10kYAD,TeamQuest Surveyor,CM-TQR-RSS-TQSURV
01tWC00000DD10lYAD,VCM Starter Pack,CM-VCM-RSS-VCMSPS
01tWC00000DD10mYAD,Cobalt Strike-NewMaintenance,OS-COS-RNM-CSNM
01tWC00000DD10nYAD,Cobalt Strike-RenewalMaintenance,OS-COS-RRM-CSRM
01tWC00000DD10oYAD,Core Impact,OS-CI-RSS-CIS
01tWC00000DD10pYAD,CTS Services,OS-CI-NRST-CTSSER
01tWC00000DD10qYAD,Business Intelligence Legacy Upgrade Fee,BI-QRW-CHNG-BIILUFCF
01tWC00000DD10rYAD,Systems Management Legacy Upgrade Fee,SM-QMM-CHNG-SMLUFCF
01tWC00000DD10sYAD,Powertech SIEM Agent for IBM i,CS-PSI-RSS-PSAIIS
01tWC00000DD10tYAD,Powertech Command Security for IBM i,CS-PCS-RSS-PCSIIS
01tWC00000DD10uYAD,Standguard Network Security,CS-CLP-RSS-SGNETS
01tWC00000DD10vYAD,Cybersecurity Legacy Upgrade Fee,CS-CLP-CHNG-CLUFCF
01tWC00000DD10wYAD,Web Application Scanning - Cloud-Based,VM-BSL-RSL-WASCBS
01tWC00000DD10xYAD,Fortra PCI Scanning,VM-BSL-RSL-FPSS
01tWC00000DD10yYAD,beSecure,VM-BSL-RSL-BESECS
01tWC00000DD10zYAD,beSECURE - Cloud-Based,VM-BSL-RSL-BESECB
01tWC00000DD110YAD,Frontline PCI-ASV Scanning - External Only,VM-DDL-RSL-FPCIAS
01tWC00000DD111YAD,Frontline Active Threat Sweep,VM-DDL-RSL-FATSWP
01tWC00000DD112YAD,DuoSec MFA Licenses,VM-DDL-RSL-DSMFAL
01tWC00000DD113YAD,TEAM Services,VM-DDL-RSL-TEAMSS
01tWC00000DD114YAD,Virtual RNA,VM-DDL-RSL-VRNASS
01tWC00000DD115YAD,24 X 7 X 365 Monitoring,VM-DDL-NRSU-2X7X3M
01tWC00000DD116YAD,5250 Integrator-NewMaintenance,DM-WCU-RNM-5250NE
01tWC00000DD117YAD,5250 Integrator,DM-WCU-NRPS-5250PE
01tWC00000DD118YAD,5250 Integrator-RenewalMaintenance,DM-WCU-RRM-5250RE
01tWC00000DD119YAD,5250 Integrator,DM-WCU-RSS-5250SU
01tWC00000DD11AYAT,A la Carte Menu and Security System-NewMaintenance,SM-SYM-RNM-ALCMNE
01tWC00000DD11BYAT,A la Carte Menu and Security System,SM-SYM-NRPS-ALCMPE
01tWC00000DD11CYAT,A la Carte Menu and Security System-RenewalMaintenance,SM-SYM-RRM-ALCMRE
01tWC00000DD11DYAT,Abstract-NewMaintenance,BI-ABS-RNM-ABSTNE
01tWC00000DD11EYAT,Abstract,BI-ABS-NRPS-ABSTPE
01tWC00000DD11FYAT,Abstract-RenewalMaintenance,BI-ABS-RRM-ABSTRE
01tWC00000DD11GYAT,Abstract,BI-ABS-RSS-ABSTSU
01tWC00000DD11HYAT,Accelerated,GS-GSE-NRST-ACCELE
01tWC00000DD11IYAT,Arcus Hosting,GS-EFA-RSSH-ARCUS
01tWC00000DD11JYAT,Active Defense BEC Threat Intelligence Service,ES-CEP-RSL-ACTIDB
01tWC00000DD11KYAT,Active Threat Sweep - Per Windows Device,VM-DDL-NRST-ATSPWDS
01tWC00000DD11LYAT,Active Threat Sweep - Per Windows Device,VM-DDL-RSL-ACTITH
01tWC00000DD11MYAT,ActiveMetrics Enterprise Edition-NewMaintenance,CM-TQO-RNM-AMEENM
01tWC00000DD11NYAT,ActiveMetrics Enterprise Edition,CM-TQO-NRPS-AMEEDI
01tWC00000DD11OYAT,ActiveMetrics Enterprise Edition-RenewalMaintenance,CM-TQO-RRM-AMEERM
01tWC00000DD11PYAT,ActiveMetrics Enterprise Plus Edition-NewMaintenance,CM-TQO-RNM-AMEPEN
01tWC00000DD11QYAT,ActiveMetrics Enterprise Plus Edition,CM-TQO-NRPS-AMEPEP
01tWC00000DD11RYAT,ActiveMetrics Enterprise Plus Edition-RenewalMaintenance,CM-TQO-RRM-AMEPER
01tWC00000DD11SYAT,Additional Threat Assessments,BP-ETM-RMS-ADDITH
01tWC00000DD11TYAT,Additional User License,DP-SC-RSL-ADDIUL
01tWC00000DD11UYAT,Administering Access Assurance Suite,IGA-AAS-NRST-ADMIAA
01tWC00000DD11VYAT,Administering Automated Password Management,IGA-AAS-NRST-ADMIAP
01tWC00000DD11WYAT,Administering Rapid Development Toolkit,IGA-AAS-NRST-ADMIRD
01tWC00000DD11XYAT,Advanced Authentication Modes-NewMaintenance,GS-GSE-RNM-AAMNM
01tWC00000DD11YYAT,Advanced Authentication Modes,GS-GSE-NRPS-AAMP
01tWC00000DD11ZYAT,Advanced Authentication Modes - Yearly,GS-GSE-RSS-AAMYS
01tWC00000DD11aYAD,Advanced Authentication Modes - Yearly-NewMaintenance,GS-GSE-RNM-AAMYNM
01tWC00000DD11bYAD,Advanced Job Scheduler-NewMaintenance,SM-AJS-RNM-AJSNM
01tWC00000DD11cYAD,Advanced Job Scheduler,SM-AJS-NRPS-AJSP
01tWC00000DD11dYAD,Advanced Job Scheduler-RenewalMaintenance,SM-AJS-RRM-AJSRM
01tWC00000DD11eYAD,Advanced Job Scheduler,SM-AJS-RSS-AJSS
01tWC00000DD11fYAD,Advanced Reporting Suite-NewMaintenance,SM-ARS-RNM-ARSNM
01tWC00000DD11gYAD,Advanced Reporting Suite,SM-ARS-NRPS-ARSP
01tWC00000DD11hYAD,Advanced Reporting Suite-RenewalMaintenance,SM-ARS-RRM-ARSRM
01tWC00000DD11iYAD,Advanced Reporting Suite,SM-ARS-RSS-ARSS
01tWC00000DD11jYAD,Advanced Reporting Suite License-NewMaintenance,SM-ARS-RNM-ARSLNM
01tWC00000DD11kYAD,Advanced Reporting Suite License,SM-ARS-NRPS-ARSLP
01tWC00000DD11lYAD,Advanced Reporting Suite License-RenewalMaintenance,SM-ARS-RRM-ARSLRM
01tWC00000DD11mYAD,Advanced Reporting Suite License,SM-ARS-RSS-ARSLS
01tWC00000DD11nYAD,Advanced Security Module ASM,GS-GSE-RSS-ASMS
01tWC00000DD11oYAD,Advanced Security Module ASM-NewMaintenance,GS-GSE-RNM-ASMANM
01tWC00000DD11pYAD,Advanced Workflow Engine-NewMaintenance,GS-GSE-RNM-AWENM
01tWC00000DD11qYAD,Advanced Workflow Engine,GS-GSE-NRPS-AWEP
01tWC00000DD11rYAD,Advanced Workflow Engine - Yearly,GS-GSE-RSS-AWEYS
01tWC00000DD11sYAD,Advanced Workflow Engine - Yearly-NewMaintenance,GS-GSE-RNM-AWEYNM
01tWC00000DD11tYAD,AFP Converter-NewMaintenance,DM-IRC-RNM-AFPCNE
01tWC00000DD11uYAD,AFP Converter,DM-IRC-NRPS-AFPCPE
01tWC00000DD11vYAD,AFP Converter-RenewalMaintenance,DM-IRC-RRM-AFPCRE
01tWC00000DD11wYAD,AFP Converter,DM-IRC-RSS-AFPCSU
01tWC00000DD11xYAD,AIC Expert Services,RPA-AUT-RSP-AICEXP
01tWC00000DD11yYAD,AIC Quickstart Services,RPA-AUT-NRSU-AICQUI
01tWC00000DD11zYAD,AIC Resident Engineer,RPA-AUT-NRST-AICRES
01tWC00000DD120YAD,AIC Training,RPA-AUT-NRST-AICTRA
01tWC00000DD121YAD,AIX on Power-NewMaintenance,SM-NSS-RNM-AIXOPN
01tWC00000DD122YAD,AIX on Power,SM-NSS-NRPS-AIXOPP
01tWC00000DD123YAD,AIX on Power-RenewalMaintenance,SM-NSS-RRM-AIXOPR
01tWC00000DD124YAD,AIX on Power,SM-NSS-RSS-AIXOPS
01tWC00000DD125YAD,AIX STD-NewMaintenance,SM-PN-RNM-AIXSTD
01tWC00000DD126YAD,AIX STD,SM-PN-NRPS-AIXSTP
01tWC00000DD127YAD,AIX STD-RenewalMaintenance,SM-PN-RRM-AIXSRM
01tWC00000DD128YAD,Alert Intelligence-NewMaintenance,SM-AI-RNM-ALERNE
01tWC00000DD129YAD,Alert Intelligence,SM-AI-NRPS-ALERPE
01tWC00000DD12AYAT,Alert Intelligence-RenewalMaintenance,SM-AI-RRM-ALERRE
01tWC00000DD12BYAT,Alert Intelligence,SM-AI-RSS-ALERSU
01tWC00000DD12CYAT,Alignia - Batch Process-NewMaintenance,SM-VIT-RNM-ABPNM
01tWC00000DD12DYAT,Alignia - Batch Process,SM-VIT-NRPS-ABPP
01tWC00000DD12EYAT,Alignia - Batch Process-RenewalMaintenance,SM-VIT-RRM-ABPRM
01tWC00000DD12FYAT,Alignia - Batch Process,SM-VIT-RSS-ABPS
01tWC00000DD12GYAT,Alignia - Business Application-NewMaintenance,SM-VIT-RNM-ABANM
01tWC00000DD12HYAT,Alignia - Business Application,SM-VIT-NRPS-ABAP
01tWC00000DD12IYAT,Alignia - Business Application-RenewalMaintenance,SM-VIT-RRM-ABARM
01tWC00000DD12JYAT,Alignia - Business Application,SM-VIT-RSS-ABAS
01tWC00000DD12KYAT,Alignia - Business Consumers-NewMaintenance,SM-VIT-RNM-ABCNM
01tWC00000DD12LYAT,Alignia - Business Consumers,SM-VIT-NRPS-ABCP
01tWC00000DD12MYAT,Alignia - Business Consumers-RenewalMaintenance,SM-VIT-RRM-ABCRM
01tWC00000DD12NYAT,Alignia - Business Consumers,SM-VIT-RSS-ABCS
01tWC00000DD12OYAT,Alignia - Business Process-NewMaintenance,SM-VIT-RNM-ALIGNI
01tWC00000DD12PYAT,Alignia - Business Process,SM-VIT-NRPS-ALBU
01tWC00000DD12QYAT,Alignia - Business Process-RenewalMaintenance,SM-VIT-RRM-ABPM
01tWC00000DD12RYAT,Alignia - Business Process,SM-VIT-RSS-ALPS
01tWC00000DD12SYAT,Alignia - Business Service Instance-NewMaintenance,SM-VIT-RNM-ABSINM
01tWC00000DD12TYAT,Alignia - Business Service Instance,SM-VIT-NRPS-ABSIP
01tWC00000DD12UYAT,Alignia - Business Service Instance-RenewalMaintenance,SM-VIT-RRM-ABSIRM
01tWC00000DD12VYAT,Alignia - Business Service Instance,SM-VIT-RSS-ABSIS
01tWC00000DD12WYAT,Alignia - Continuous Process-NewMaintenance,SM-VIT-RNM-ACPNM
01tWC00000DD12XYAT,Alignia - Continuous Process,SM-VIT-NRPS-ACPP
01tWC00000DD12YYAT,Alignia - Continuous Process-RenewalMaintenance,SM-VIT-RRM-ACPRM
01tWC00000DD12ZYAT,Alignia - Continuous Process,SM-VIT-RSS-ACPS
01tWC00000DD12aYAD,Alignia - Control Point-NewMaintenance,SM-VIT-RNM-ACPM
01tWC00000DD12bYAD,Alignia - Control Point,SM-VIT-NRPS-ALCO
01tWC00000DD12cYAD,Alignia - Control Point-RenewalMaintenance,SM-VIT-RRM-ALRM
01tWC00000DD12dYAD,Alignia - Control Point,SM-VIT-RSS-ALIGNC
01tWC00000DD12eYAD,Alignia - Core-NewMaintenance,SM-VIT-RNM-ACNM
01tWC00000DD12fYAD,Alignia - Core,SM-VIT-NRPS-ACP
01tWC00000DD12gYAD,Alignia - Core-RenewalMaintenance,SM-VIT-RRM-ACRM
01tWC00000DD12hYAD,Alignia - Core,SM-VIT-RSS-ACS
01tWC00000DD12iYAD,Alignia - Engine - APM,SM-VIT-RSS-AEAS
01tWC00000DD12jYAD,Alignia - Engine-NewMaintenance,SM-VIT-RNM-AENM
01tWC00000DD12kYAD,Alignia - Engine,SM-VIT-NRPS-AEP
01tWC00000DD12lYAD,Alignia - Engine-RenewalMaintenance,SM-VIT-RRM-AERM
01tWC00000DD12mYAD,Alignia - Engine,SM-VIT-RSS-AES
01tWC00000DD12nYAD,Alignia - External Service-NewMaintenance,SM-VIT-RNM-AESNM
01tWC00000DD12oYAD,Alignia - External Service,SM-VIT-NRPS-AESP
01tWC00000DD12pYAD,Alignia - External Service-RenewalMaintenance,SM-VIT-RRM-AESRM
01tWC00000DD12qYAD,Alignia - External Service,SM-VIT-RSS-AESS
01tWC00000DD12rYAD,Alignia - Internal Service-NewMaintenance,SM-VIT-RNM-AISNM
01tWC00000DD12sYAD,Alignia - Internal Service,SM-VIT-NRPS-AISP
01tWC00000DD12tYAD,Alignia - Internal Service-RenewalMaintenance,SM-VIT-RRM-AISRM
01tWC00000DD12uYAD,Alignia - Internal Service,SM-VIT-RSS-AISS
01tWC00000DD12vYAD,Alignia - Online Business Service-NewMaintenance,SM-VIT-RNM-AOBSNM
01tWC00000DD12wYAD,Alignia - Online Business Service,SM-VIT-NRPS-AOBSP
01tWC00000DD12xYAD,Alignia - Online Business Service-RenewalMaintenance,SM-VIT-RRM-AOBSRM
01tWC00000DD12yYAD,Alignia - Online Business Service,SM-VIT-RSS-AOBSS
01tWC00000DD12zYAD,Alignia - Task-NewMaintenance,SM-VIT-RNM-ATNM
01tWC00000DD130YAD,Alignia - Task,SM-VIT-NRPS-ATP
01tWC00000DD131YAD,Alignia - Task-RenewalMaintenance,SM-VIT-RRM-ATRM
01tWC00000DD132YAD,Alignia - Task,SM-VIT-RSS-ATS
01tWC00000DD133YAD,Alignia - Task Instance-NewMaintenance,SM-VIT-RNM-ATINM
01tWC00000DD134YAD,Alignia - Task Instance,SM-VIT-NRPS-ATIP
01tWC00000DD135YAD,Alignia - Task Instance-RenewalMaintenance,SM-VIT-RRM-ATIRM
01tWC00000DD136YAD,Alignia - Task Instance,SM-VIT-RSS-ATIS
01tWC00000DD137YAD,Alignia Core-NewMaintenance,SM-VIT-RNM-ALNM
01tWC00000DD138YAD,Alignia Core,SM-VIT-NRPS-ALCP
01tWC00000DD139YAD,Alignia Core-RenewalMaintenance,SM-VIT-RRM-ALIGCO
01tWC00000DD13AYAT,Alignia Core,SM-VIT-RSS-ALCS
01tWC00000DD13BYAT,AnyDate-NewMaintenance,BI-AD-RNM-ANYDNE
01tWC00000DD13CYAT,AnyDate,BI-AD-NRPS-ANYDPE
01tWC00000DD13DYAT,AnyDate-RenewalMaintenance,BI-AD-RRM-ANYDRE
01tWC00000DD13EYAT,AnyDate,BI-AD-RSS-ANYDSU
01tWC00000DD13FYAT,APP  - Cisco (Phishing Defense),ES-SEA-RSL-APPC
01tWC00000DD13GYAT,Application Portal add-on,ES-DMP-RSL-APAOS
01tWC00000DD13HYAT,Application System & Object Control-NewMaintenance,CS-DFT-RNM-ASOCNM
01tWC00000DD13IYAT,Application System & Object Control,CS-DFT-NRPS-ASOCP
01tWC00000DD13JYAT,Application System & Object Control-RenewalMaintenance,CS-DFT-RRM-ASOCRM
01tWC00000DD13KYAT,Application System & Object Control,CS-DFT-RSS-ASOCS
01tWC00000DD13LYAT,ARC for On Prem DLP,DP-DLP-RSL-ARCO
01tWC00000DD13MYAT,AS2 Client/Server-NewMaintenance,GS-GSE-RNM-ACSNEW
01tWC00000DD13NYAT,AS2 Client/Server,GS-GSE-NRPS-ACSPER
01tWC00000DD13OYAT,AS2 Client/Server - Yearly-NewMaintenance,GS-GSE-RNM-ACSYNM
01tWC00000DD13PYAT,AS2 Client/Server - Yearly,GS-GSE-RSS-ACSYEA
01tWC00000DD13QYAT,Aspect Communications IVR Software-NewMaintenance,IGA-AAS-RNM-ACISNE
01tWC00000DD13RYAT,Aspect Communications IVR Software,IGA-AAS-NRPS-ACISPE
01tWC00000DD13SYAT,Aspect Communications IVR Software-RenewalMaintenance,IGA-AAS-RRM-ACISRE
01tWC00000DD13TYAT,Aspect Communications IVR Software,IGA-AAS-RSS-ACISSU
01tWC00000DD13UYAT,AT&T - SecED ISA,HRM-HRM-RSL-ATT
01tWC00000DD13VYAT,ATP-NewMaintenance,DP-DLP-RNM-ATPNEW
01tWC00000DD13WYAT,ATP,DP-DLP-NRPS-ATPPER
01tWC00000DD13XYAT,ATP-RenewalMaintenance,DP-DLP-RRM-ATPREN
01tWC00000DD13YYAT,ATP,DP-DLP-RSS-ATPSUB
01tWC00000DD13ZYAT,Audit & Reporting-NewMaintenance,GS-GSE-RNM-ARNM
01tWC00000DD13aYAD,Flow Exporters-RenewalMaintenance,NW-AA-RRM-FLOWRE
01tWC00000DD13bYAD,Flow Exporters,NW-AA-RSS-FLOWSU
01tWC00000DD13cYAD,Folder Monitor-NewMaintenance,GS-GSE-RNM-FOLDNE
01tWC00000DD13dYAD,Audit & Reporting,GS-GSE-NRPS-ARP
01tWC00000DD13eYAD,Audit & Reporting - Yearly,GS-GSE-RSS-ARYS
01tWC00000DD13fYAD,Audit & Reporting - Yearly-NewMaintenance,GS-GSE-RNM-ARYNM
01tWC00000DD13gYAD,Audit Journal Manager-NewMaintenance,SM-AJM-RNM-AJMNM
01tWC00000DD13hYAD,Audit Journal Manager,SM-AJM-NRPS-AJMP
01tWC00000DD13iYAD,Audit Journal Manager-RenewalMaintenance,SM-AJM-RRM-AJMRM
01tWC00000DD13jYAD,Audit Journal Manager,SM-AJM-RSS-AJMS
01tWC00000DD13kYAD,Authority Swapper-NewMaintenance,SM-AUS-RNM-AUTHNE
01tWC00000DD13lYAD,Authority Swapper,SM-AUS-NRPS-AUTHPE
01tWC00000DD13mYAD,Authority Swapper-RenewalMaintenance,SM-AUS-RRM-AUTHRE
01tWC00000DD13nYAD,Authority Swapper,SM-AUS-RSS-AUTHSU
01tWC00000DD13oYAD,Automate Administration License Fee,RPA-AUT-NROR-AALF
01tWC00000DD13pYAD,Automate Desktop-NewMaintenance,RPA-AUD-RNM-ADNM
01tWC00000DD13qYAD,Automate Desktop,RPA-AUD-NRPS-ADP
01tWC00000DD13rYAD,Automate Desktop-RenewalMaintenance,RPA-AUD-RRM-ADRM
01tWC00000DD13sYAD,Automate Desktop,RPA-AUD-RSS-ADS
01tWC00000DD13tYAD,Automate Desktop Developer Training,RPA-AUT-NRST-ADDT
01tWC00000DD13uYAD,Automate Desktop Fundamentals Training,RPA-AUT-NRST-ADFT
01tWC00000DD13vYAD,Automate Desktop to Plus Training,RPA-AUT-NRST-ADTPT
01tWC00000DD13wYAD,Automate Enterprise-NewMaintenance,RPA-AUT-RNM-AUTOMA
01tWC00000DD13xYAD,Automate Enterprise,RPA-AUT-NRPS-AUEN
01tWC00000DD13yYAD,Automate Enterprise-RenewalMaintenance,RPA-AUT-RRM-AURM
01tWC00000DD13zYAD,Automate Enterprise,RPA-AUT-RSS-AUES
01tWC00000DD140YAD,Automate Enterprise Agent-NewMaintenance,RPA-AUT-RNM-AEANM
01tWC00000DD141YAD,Automate Enterprise Agent,RPA-AUT-NRPS-AEAP
01tWC00000DD142YAD,Automate Enterprise Agent-RenewalMaintenance,RPA-AUT-RRM-AEARM
01tWC00000DD143YAD,Automate Enterprise Agent,RPA-AUT-RSS-AUAS
01tWC00000DD144YAD,Automate Enterprise Developer Tools-NewMaintenance,RPA-AUT-RNM-AEDTNM
01tWC00000DD145YAD,Automate Enterprise Developer Tools,RPA-AUT-NRPS-AEDTP
01tWC00000DD146YAD,Automate Enterprise Developer Tools-RenewalMaintenance,RPA-AUT-RRM-AEDTRM
01tWC00000DD147YAD,Automate Enterprise Developer Tools,RPA-AUT-RSS-AEDTS
01tWC00000DD148YAD,Automate Expert Services,RPA-AUT-RSP-AUEX
01tWC00000DD149YAD,Automate Expert Training,RPA-AUT-NRST-AET
01tWC00000DD14AYAT,Automate Full/Premium-NewMaintenance,RPA-AUD-RNM-AFPNM
01tWC00000DD14BYAT,Automate Full/Premium,RPA-AUD-NRPS-AFPP
01tWC00000DD14CYAT,Automate Full/Premium-RenewalMaintenance,RPA-AUD-RRM-AFPRM
01tWC00000DD14DYAT,Automate Full/Premium,RPA-AUD-RSS-AFPS
01tWC00000DD14EYAT,Automate Health Check,RPA-AUT-NRST-AHC
01tWC00000DD14FYAT,Automate Hourly Services,RPA-AUT-NRST-AUHO
01tWC00000DD14GYAT,Automate Intelligent Capture-NewMaintenance,RPA-AIC-RNM-AICNM
01tWC00000DD14HYAT,Automate Intelligent Capture,RPA-AIC-NRPS-AICP
01tWC00000DD14IYAT,Automate Intelligent Capture-RenewalMaintenance,RPA-AIC-RRM-AICRM
01tWC00000DD14JYAT,Automate Intelligent Capture,RPA-AIC-RSS-AICS
01tWC00000DD14KYAT,Automate Maintenance Add Ons-NewMaintenance,RPA-AUT-RNM-AMAONM
01tWC00000DD14LYAT,Automate Maintenance Add Ons,RPA-AUT-NRPS-AMAOP
01tWC00000DD14MYAT,Automate Maintenance Add Ons-RenewalMaintenance,RPA-AUT-RRM-AMAORM
01tWC00000DD14NYAT,Automate Maintenance Add Ons,RPA-AUT-RSS-AMAOS
01tWC00000DD14OYAT,Automate Migration Services,RPA-AUT-NRST-AMS
01tWC00000DD14PYAT,Automate OEM Royalty-NewMaintenance,RPA-AUT-RNM-AORNM
01tWC00000DD14QYAT,Automate OEM Royalty,RPA-AUT-NRPS-AORP
01tWC00000DD14RYAT,Automate OEM Royalty-RenewalMaintenance,RPA-AUT-RRM-AORRM
01tWC00000DD14SYAT,Automate On-site Services,RPA-AUT-NRST-AOSSS
01tWC00000DD14TYAT,Automate Online Services,RPA-AUT-NRST-AOS
01tWC00000DD14UYAT,Automate Online Training,RPA-AUT-NRST-AOT
01tWC00000DD14VYAT,Automate Ops Console-NewMaintenance,RPA-AUT-RNM-AOCNM
01tWC00000DD14WYAT,Automate Ops Console,RPA-AUT-NRPS-AOCP
01tWC00000DD14XYAT,Automate Ops Console-RenewalMaintenance,RPA-AUT-RRM-AOCRM
01tWC00000DD14YYAT,Automate Ops Console,RPA-AUT-RSS-AOCS
01tWC00000DD14ZYAT,Automate Plus-NewMaintenance,RPA-AUT-RNM-APNM
01tWC00000DD14aYAD,Automate Plus,RPA-AUT-NRPS-APP
01tWC00000DD14bYAD,Automate Plus-RenewalMaintenance,RPA-AUT-RRM-APRM
01tWC00000DD14cYAD,Automate Plus,RPA-AUT-RSS-AUPL
01tWC00000DD14dYAD,Automate Plus - Multi-Deployment Pack,RPA-AUT-RSS-APMDP
01tWC00000DD14eYAD,Automate Plus Certification,RPA-AUT-NRST-APC
01tWC00000DD14fYAD,Automate Plus Developer Training,RPA-AUT-NRST-APDT
01tWC00000DD14gYAD,Automate Plus Fundamentals Training,RPA-AUT-NRST-APFT
01tWC00000DD14hYAD,Automate POC Services,RPA-AUT-NRST-AUPO
01tWC00000DD14iYAD,Automate Professional-NewMaintenance,RPA-AUD-RNM-AUPR
01tWC00000DD14jYAD,Automate Professional,RPA-AUD-NRPS-AUPP
01tWC00000DD14kYAD,Automate Professional-RenewalMaintenance,RPA-AUD-RRM-AUTOMP
01tWC00000DD14lYAD,Automate Professional,RPA-AUD-RSS-AUPS
01tWC00000DD14mYAD,Automate Professional Action Pack-NewMaintenance,RPA-AUD-RNM-APAPNM
01tWC00000DD14nYAD,Automate Professional Action Pack,RPA-AUD-NRPS-APAPP
01tWC00000DD14oYAD,Automate Professional Action Pack-RenewalMaintenance,RPA-AUD-RRM-APAPRM
01tWC00000DD14pYAD,Automate Professional Action Pack,RPA-AUD-RSS-APAPS
01tWC00000DD14qYAD,Automate Quickstart Services,RPA-AUT-NRSU-AQS
01tWC00000DD14rYAD,Automate Remote Services,RPA-AUT-NRSU-AURE
01tWC00000DD14sYAD,Automate Resident Engineer,RPA-AUT-NRST-ARE
01tWC00000DD14tYAD,Automate Runtime-NewMaintenance,RPA-AUD-RNM-AURU
01tWC00000DD14uYAD,Automate Runtime,RPA-AUD-NRPS-AURP
01tWC00000DD14vYAD,Automate Runtime-RenewalMaintenance,RPA-AUD-RRM-ARRM
01tWC00000DD14wYAD,Automate Services-RenewalMaintenance,RPA-AUT-RRM-ASRM
01tWC00000DD14xYAD,Automate Services Expense,RPA-AUT-NRSE-AUSE
01tWC00000DD14yYAD,Automate Ultimate-NewMaintenance,RPA-AUT-RNM-AUNM
01tWC00000DD14zYAD,Automate Ultimate,RPA-AUT-NRPS-AUP
01tWC00000DD150YAD,Automate Ultimate-RenewalMaintenance,RPA-AUT-RRM-AUUL
01tWC00000DD151YAD,Automate Ultimate,RPA-AUT-RSS-AUUS
01tWC00000DD152YAD,Automate Upgrade Services,RPA-AUT-NRST-AUUP
01tWC00000DD153YAD,Automated Analytics Getting Started Services,NW-INT-NRST-AAGSS
01tWC00000DD154YAD,Automation Audit,RPA-AUT-NRST-AUAU
01tWC00000DD155YAD,Basic Information Security Policy Handbook,VM-DDL-RSL-BISPHS
01tWC00000DD156YAD,Batch Import Utility-NewMaintenance,DM-WCU-RNM-BIUNM
01tWC00000DD157YAD,Batch Import Utility,DM-WCU-NRPS-BIUP
01tWC00000DD158YAD,Batch Import Utility-RenewalMaintenance,DM-WCU-RRM-BIURM
01tWC00000DD159YAD,Batch Import Utility,DM-WCU-RSS-BIUS
01tWC00000DD15AYAT,Batch Report Server-NewMaintenance,DM-IRM-RNM-BRSNM
01tWC00000DD15BYAT,Batch Report Server,DM-IRM-NRPS-BRSP
01tWC00000DD15CYAT,Batch Report Server-RenewalMaintenance,DM-IRM-RRM-BRSRM
01tWC00000DD15DYAT,Batch Report Server,DM-IRM-RSS-BRSS
01tWC00000DD15EYAT,BEC Engagement,ES-DMP-RMS-BECE
01tWC00000DD15FYAT,beSECURE - Premise-Based,VM-BSL-RSL-BESEPB
01tWC00000DD15GYAT,beSTORM - Black Box Fuzzing,VM-BSL-RSL-BESTBB
01tWC00000DD15HYAT,beSTORM,VM-APS-RSL-BESTSU
01tWC00000DD15IYAT,BoKS Administration License Fee,PIA-PIA-NROR-BOKSAL
01tWC00000DD15JYAT,BoKS Certification Test,PIA-PIA-NROR-BOKSCE
01tWC00000DD15KYAT,Box Classifier,DP-DC-RSS-BCS
01tWC00000DD15LYAT,Build-A-Bot Workshop,RPA-AUT-NRST-BABWS
01tWC00000DD15MYAT,"BUNDLE - Message, Monitor, Remote Control-NewMaintenance",SM-SMB-RNM-BUNDLE
01tWC00000DD15NYAT,"BUNDLE - Message, Monitor, Remote Control",SM-SMB-NRPS-BMMP
01tWC00000DD15OYAT,"BUNDLE - Message, Monitor, Remote Control-RenewalMaintenance",SM-SMB-RRM-BMMM
01tWC00000DD15PYAT,"BUNDLE - Message, Monitor, Remote Control",SM-SMB-RSS-BMMS
01tWC00000DD15QYAT,"Bundle 1 (Includes APD, APR, BP)",ES-SEA-RSL-B1IAAB
01tWC00000DD15RYAT,Business Continuity Architecture Consulting,SM-SYM-NRST-BUSICA
01tWC00000DD15SYAT,Business Intelligence - New Maintenance-NewMaintenance,BI-SQ-RNM-BUSIIN
01tWC00000DD15TYAT,Business Intelligence-RenewalMaintenance,BI-SQ-RRM-BUSIIR
01tWC00000DD15UYAT,Bytware Services,SM-SYM-NRST-BYTWSE
01tWC00000DD15VYAT,Bytware Travel Expense,SM-SYM-NRSE-BYTWTR
01tWC00000DD15WYAT,CAD Classifier-NewMaintenance,DP-DC-RNM-CADCNE
01tWC00000DD15XYAT,CAD Classifier,DP-DC-NRPS-CADCPE
01tWC00000DD15YYAT,CAD Classifier-RenewalMaintenance,DP-DC-RRM-CADCRE
01tWC00000DD15ZYAT,CAD Classifier,DP-DC-RSS-CADCSU
01tWC00000DD15aYAD,Capability Checker-NewMaintenance,DP-DCL-RNM-CAPANE
01tWC00000DD15bYAD,Capability Checker,DP-DCL-NRPS-CAPAPE
01tWC00000DD15cYAD,Capability Checker-RenewalMaintenance,DP-DCL-RRM-CAPARE
01tWC00000DD15dYAD,Capacity Management - New Maintenance-NewMaintenance,CM-TQO-RNM-CMNMNM
01tWC00000DD15eYAD,Capacity Management-RenewalMaintenance,CM-TQO-RRM-CMRM
01tWC00000DD15fYAD,Capacity Planning with Performance Navigator-NewMaintenance,SM-PN-RNM-CPWPNN
01tWC00000DD15gYAD,Capacity Planning with Performance Navigator,SM-PN-NRPS-CPWPNP
01tWC00000DD15hYAD,Capacity Planning with Performance Navigator-RenewalMaintenance,SM-PN-RRM-CPWPNR
01tWC00000DD15iYAD,Capacity Planning with Performance Navigator Services,SM-PN-NRST-CPWPNS
01tWC00000DD15jYAD,CASB Advanced Bundle,CDP-CSB-RSL-CASBAB
01tWC00000DD15kYAD,CASB Essentials Bundle,CDP-CSB-RSL-CASBEB
01tWC00000DD15lYAD,CASB Premium Bundle,CDP-CSB-RSL-CASBPB
01tWC00000DD15mYAD,CASB ServiceNow (field-level encryption) Feature Pack,CDP-CSB-RSL-CASBSN
01tWC00000DD15nYAD,CASB Showdow IT,CDP-CSB-RSL-CASBSI
01tWC00000DD15oYAD,CASB SuccessFactors (field-level encryption) Feature Pack,CDP-CSB-RSL-CASBSF
01tWC00000DD15pYAD,CCM - EVAL,FIM-FIM-NRPS-CCMEVA
01tWC00000DD15qYAD,CCM - Scan Engine - EVAL,FIM-FIM-NRPS-CCMSEE
01tWC00000DD15rYAD,CCM for Network Devices-NewMaintenance,FIM-FIM-RNM-CCMNDN
01tWC00000DD15sYAD,CCM for Network Devices,FIM-FML-NRPS-CCMNDP
01tWC00000DD15tYAD,CCM for Network Devices-RenewalMaintenance,FIM-FIM-RRM-CCMNDR
01tWC00000DD15uYAD,CCM for Network Devices,FIM-FIM-RSS-CCMNDS
01tWC00000DD15vYAD,CCM for Servers - FIM Only,FIM-FIM-RSS-CCMSFO
01tWC00000DD15wYAD,CCM for Servers-NewMaintenance,FIM-FIM-RNM-CCMSNM
01tWC00000DD15xYAD,CCM for Servers,FIM-FML-NRPS-CCMSER
01tWC00000DD15yYAD,CCM for Servers-RenewalMaintenance,FIM-FIM-RRM-CCMSRM
01tWC00000DD15zYAD,CCM for Servers,FIM-FIM-RSS-CCMSES
01tWC00000DD160YAD,CCM for Single Purpose Devices - FIM Only,FIM-FIM-RSS-CCMSPD
01tWC00000DD161YAD,CCM for Single Purpose Devices-NewMaintenance,FIM-FIM-RNM-CCMSIN
01tWC00000DD162YAD,CCM for Single Purpose Devices,FIM-FML-NRPS-CCMSIP
01tWC00000DD163YAD,CCM for Single Purpose Devices-RenewalMaintenance,FIM-FIM-RRM-CCMSIR
01tWC00000DD164YAD,CCM for Single Purpose Devices,FIM-FIM-RSS-CCMSID
01tWC00000DD165YAD,CCM for Workstations - FIM Only,FIM-FIM-RSS-CCMWFO
01tWC00000DD166YAD,CCM for Workstations-NewMaintenance,FIM-FIM-RNM-CCMWNM
01tWC00000DD167YAD,CCM for Workstations,FIM-FIM-NRPS-CCMWOR
01tWC00000DD168YAD,CCM for Workstations-RenewalMaintenance,FIM-FIM-RRM-CCMWRM
01tWC00000DD169YAD,CCM for Workstations,FIM-FIM-RSS-CCMWOS
01tWC00000DD16AYAT,CCM Level 1 - PS APP MODULE-NewMaintenance,CM-TQO-RNM-CCML1P
01tWC00000DD16BYAT,CCM Level 1 - PS APP MODULE,CM-TQO-NRPS-CCMLEV
01tWC00000DD16CYAT,CCM Level 1 - PS APP MODULE-RenewalMaintenance,CM-TQO-RRM-CCMLE1
01tWC00000DD16DYAT,CCM Limited Management Server-NewMaintenance,FIM-FIM-RNM-CCMLMS
01tWC00000DD16EYAT,CCM Limited Management Server,FIM-FIM-NRPS-CCMLIM
01tWC00000DD16FYAT,CCM Limited Management Server-RenewalMaintenance,FIM-FIM-RRM-CCMLIR
01tWC00000DD16GYAT,CCM Limited Management Server,FIM-FIM-RSS-CCMLIS
01tWC00000DD16HYAT,CCM Limited Scan Engine-NewMaintenance,FIM-FIM-RNM-CCMLSE
01tWC00000DD16IYAT,CCM Limited Scan Engine,FIM-FIM-NRPS-CCMLIE
01tWC00000DD16JYAT,CCM Limited Scan Engine-RenewalMaintenance,FIM-FIM-RRM-CCMLSC
01tWC00000DD16KYAT,CCM Management Server - FIM Only,FIM-FIM-RSS-CCMMSF
01tWC00000DD16LYAT,CCM Management Server-NewMaintenance,FIM-FIM-RNM-CCMMSN
01tWC00000DD16MYAT,CCM Management Server,FIM-FIM-NRPS-CCMMSP
01tWC00000DD16NYAT,CCM Management Server-RenewalMaintenance,FIM-FIM-RRM-CCMMSR
01tWC00000DD16OYAT,CCM Management Server,FIM-FIM-RSS-CCMMSS
01tWC00000DD16PYAT,CCM Reinstatement Fee-RenewalMaintenance,FIM-FIM-RRM-CCMRFR
01tWC00000DD16QYAT,CCM Scan Engine-NewMaintenance,FIM-FIM-RNM-CCMSEN
01tWC00000DD16RYAT,CCM Scan Engine,FIM-FIM-NRPS-CCMSEP
01tWC00000DD16SYAT,CCM Scan Engine-RenewalMaintenance,FIM-FIM-RRM-CCMSCA
01tWC00000DD16TYAT,CCM Windows Limited Scan Engine,FIM-FIM-RSS-CCMWLS
01tWC00000DD16UYAT,CCM Windows Scan Engine - FIM Only,FIM-FIM-RSS-CCMWSE
01tWC00000DD16VYAT,CCM Windows Scan Engine,FIM-FIM-RSS-CCMWIN
01tWC00000DD16WYAT,CCSS Services,SM-QMM-NRST-CCSSSE
01tWC00000DD16XYAT,CCSS Training,SM-QMM-NROR-CCSSTR
01tWC00000DD16YYAT,CCSS Travel Expense,SM-SYM-NRSE-CCSSTE
01tWC00000DD16ZYAT,CD Builder-NewMaintenance,SM-ROT-RNM-CDBNEW
01tWC00000DD16aYAD,CD Builder,SM-ROT-NRPS-CDBPER
01tWC00000DD16bYAD,CD Builder-RenewalMaintenance,SM-ROT-RRM-CDBREN
01tWC00000DD16cYAD,CD Builder,SM-ROT-RSS-CDBSUB
01tWC00000DD16dYAD,CDP Add Agent-RenewalMaintenance,GS-GSE-RRM-CDPA
01tWC00000DD16eYAD,CGI Suite-NewMaintenance,SM-HCS-RNM-CGISNE
01tWC00000DD16fYAD,CGI Suite,SM-HCS-NRPS-CGISPE
01tWC00000DD16gYAD,CGI Suite-RenewalMaintenance,SM-HCS-RRM-CGISRE
01tWC00000DD16hYAD,CGI Suite,SM-HCS-RSS-CGISSU
01tWC00000DD16iYAD,Change Data Capture Module-NewMaintenance,BI-SDW-RNM-CDCMNM
01tWC00000DD16jYAD,Change Data Capture Module,BI-SDW-NRPS-CDCMP
01tWC00000DD16kYAD,Change Data Capture Module-RenewalMaintenance,BI-SDW-RRM-CDCMRM
01tWC00000DD16lYAD,Change Data Capture Module,BI-SDW-RSS-CDCMS
01tWC00000DD16mYAD,Change Management-NewMaintenance,BI-SDW-RNM-CMNM
01tWC00000DD16nYAD,Change Management,BI-SDW-NRPS-CMP
01tWC00000DD16oYAD,Change Management-RenewalMaintenance,BI-SDW-RRM-CHANGE
01tWC00000DD16pYAD,Change Management,BI-SDW-RSS-CMS
01tWC00000DD16qYAD,Channel PS Certification Program,FIM-FIM-NRST-CPCP
01tWC00000DD16rYAD,CIC Module-RenewalMaintenance,GS-GSE-RRM-CICM
01tWC00000DD16sYAD,Claims Metrics-NewMaintenance,CM-TQO-RNM-CLAINE
01tWC00000DD16tYAD,Claims Metrics,CM-TQO-NRPS-CLAIPE
01tWC00000DD16uYAD,Claims Metrics-RenewalMaintenance,CM-TQO-RRM-CLAIRE
01tWC00000DD16vYAD,Classification for Desktop-NewMaintenance,DP-DC-RNM-CDNM
01tWC00000DD16wYAD,Classification for Desktop,DP-DC-NRPS-CLASSI
01tWC00000DD16xYAD,Classification for Desktop-RenewalMaintenance,DP-DC-RRM-CDRM
01tWC00000DD16yYAD,Classification for Desktop & Message Classification & Classification for Office Bundle-NewMaintenance,DP-DC-RNM-CDMCCO
01tWC00000DD16zYAD,Classification for Desktop & Message Classification Enterprise & Classification for Office Enterprise Bundle,DP-DC-NRPS-CDMDEC
01tWC00000DD170YAD,Classification for Desktop & Message Classification & Classification for Office Bundle-RenewalMaintenance,DP-DC-RRM-CDMM
01tWC00000DD171YAD,Classification for Desktop & Message Classification Ultra & Classification for Office Ultra Bundle,DP-DC-RSS-CDMUC
01tWC00000DD172YAD,Classification for Office-NewMaintenance,DP-DC-RNM-CONM
01tWC00000DD173YAD,Classification for Office,DP-DC-NRPS-COP
01tWC00000DD174YAD,Classification for Office-RenewalMaintenance,DP-DC-RRM-CORM
01tWC00000DD175YAD,Classification for Office & Classification for Desktop Bundle-NewMaintenance,DP-DC-RNM-COCDBN
01tWC00000DD176YAD,Classification for Office & Classification for Desktop Bundle,DP-DC-NRPS-COCDBP
01tWC00000DD177YAD,Classification for Office & Classification for Desktop Bundle-RenewalMaintenance,DP-DC-RRM-COCDBR
01tWC00000DD178YAD,Classification for Office Ultra & Message Classification Ultra Bundle-NewMaintenance,DP-DC-RNM-COUMCU
01tWC00000DD179YAD,Classification for Office Ultra & Message Classification Bundle,DP-DC-NRPS-COUMCB
01tWC00000DD17AYAT,Classification for Office Ultra & Message Classification Ultra Bundle-RenewalMaintenance,DP-DC-RRM-COUM
01tWC00000DD17BYAT,Classifier Enterprise Suite (Legacy Forcepoint Customer),DP-DC-RSS-CESLFC
01tWC00000DD17CYAT,Classifier Essentials-NewMaintenance,DP-DC-RNM-CENM
01tWC00000DD17DYAT,Classifier Essentials,DP-DC-NRPS-CLES
01tWC00000DD17EYAT,Classifier Essentials-RenewalMaintenance,DP-DC-RRM-CERM
01tWC00000DD17FYAT,Classifier Essentials,DP-DC-RSS-CES
01tWC00000DD17GYAT,Classifier Exchange,DP-DC-RSS-CLEX
01tWC00000DD17HYAT,Classifier for McAfee-NewMaintenance,DP-DC-RNM-CMANM
01tWC00000DD17IYAT,Classifier for McAfee,DP-DC-NRPS-CMAP
01tWC00000DD17JYAT,Classifier for McAfee-RenewalMaintenance,DP-DC-RRM-CMARM
01tWC00000DD17KYAT,Classifier for McAfee ePO and DXL,DP-DC-RSS-CMAEPD
01tWC00000DD17LYAT,Classifier Reporting-NewMaintenance,DP-DC-RNM-CRNM
01tWC00000DD17MYAT,Classifier Reporting,DP-DC-NRPS-CRP
01tWC00000DD17NYAT,Classifier Reporting-RenewalMaintenance,DP-DC-RRM-CRRM
01tWC00000DD17OYAT,Classifier Reporting Console,DP-DC-RSS-CRCS
01tWC00000DD17PYAT,Click and Launch Security Awareness Training - All Star,HRM-HRM-RSL-CLSAAS
01tWC00000DD17QYAT,Click and Launch Security Awareness Training - Champion,HRM-HRM-RSL-CLSACH
01tWC00000DD17RYAT,Client Courses hosted on Platerra,HRM-HRM-RSL-CCHOPS
01tWC00000DD17SYAT,Cloud Connector Actions-NewMaintenance,GS-GSE-RNM-CCANM
01tWC00000DD17TYAT,Cloud Connector Actions,GS-GSE-NRPS-CCAP
01tWC00000DD17UYAT,Cloud Connector Actions - Yearly,GS-GSE-RSS-CCAYS
01tWC00000DD17VYAT,Cloud Connector Actions - Yearly-NewMaintenance,GS-GSE-RNM-CCAYNM
01tWC00000DD17WYAT,Cloud Connector Module CCM-NewMaintenance,GS-GSE-RNM-CCMCNM
01tWC00000DD17XYAT,Cloud Connector Module CCM,GS-GSE-NRPS-CCMCP
01tWC00000DD17YYAT,Cloud Connector Module CCM-RenewalMaintenance,GS-GSE-RRM-CCMCRM
01tWC00000DD17ZYAT,Cloud Connector Module CCM,GS-GSE-RSS-CCMCS
01tWC00000DD17aYAD,Cloud Email Protection,ES-CEP-RSL-CEPS
01tWC00000DD17bYAD,Cloud Security Posture Management,CDP-CSB-RSL-CSPMS
01tWC00000DD17cYAD,Cobalt Strike,OS-COS-RSS-COBASU
01tWC00000DD17dYAD,Offensive Security Advanced bundle - Named User,OS-CI-RSS-OSABNUS
01tWC00000DD17eYAD,Cobalt Strike and Core Impact Bundle - Basic,OS-CI-RSS-COBCIBB
01tWC00000DD17fYAD,Cobalt Strike and Core Impact Bundle - Pro,OS-CI-RSS-COBCIBP
01tWC00000DD17gYAD,CSCO I Course,OS-COS-NRST-CIC1S
01tWC00000DD17hYAD,CSCO I & II Course,OS-COS-NRST-CIICS
01tWC00000DD17iYAD,CSCO II Course,OS-COS-NRST-CIC2S
01tWC00000DD17jYAD,Collaboration Bundle,GS-GSE-NRPS-CBP
01tWC00000DD17kYAD,Compliance Center for i-NewMaintenance,CS-DFT-RNM-CCINM
01tWC00000DD17lYAD,Compliance Center for i,CS-DFT-NRPS-CCIP
01tWC00000DD17mYAD,Compliance Center for i-RenewalMaintenance,CS-DFT-RRM-CCIRM
01tWC00000DD17nYAD,Compliance Center for i,CS-DFT-RSS-CCIS
01tWC00000DD17oYAD,Compliance Endpoint,DP-DLP-RSS-COMPLI
01tWC00000DD17pYAD,Comprehensive Bundle-NewMaintenance,DM-DML-RNM-CBNM
01tWC00000DD17qYAD,Comprehensive Bundle,DM-DML-NRPS-COMPRE
01tWC00000DD17rYAD,Comprehensive Bundle-RenewalMaintenance,DM-DML-RRM-CBRM
01tWC00000DD17sYAD,Comprehensive i Bundle-NewMaintenance,DM-DML-RNM-CIBNM
01tWC00000DD17tYAD,Comprehensive i Bundle,DM-DML-NRPS-CIBP
01tWC00000DD17uYAD,Comprehensive i Bundle-RenewalMaintenance,DM-DML-RRM-CIBRM
01tWC00000DD17vYAD,Comprehensive i Bundle,DM-DML-RSS-CIBS
01tWC00000DD17wYAD,Config - CCM,FIM-FIM-NROR-CCO
01tWC00000DD17xYAD,Config - CCM FIM,FIM-FIM-NROR-CCFO
01tWC00000DD17yYAD,Config - FIM,FIM-FIM-NROR-CFO
01tWC00000DD17zYAD,Config - IP360,FIM-FIM-NROR-CIO
01tWC00000DD180YAD,Config - PM,FIM-FIM-NROR-CPO
01tWC00000DD181YAD,Config - PM FS,FIM-FIM-NROR-CPFO
01tWC00000DD182YAD,Config - PM ND,FIM-FIM-NROR-CPNO
01tWC00000DD183YAD,Config - PM VMware ESX,FIM-FIM-NROR-CPVEO
01tWC00000DD184YAD,Config - TE,FIM-FIM-NROR-CTEO
01tWC00000DD185YAD,Config - TE Console,FIM-FIM-NROR-CTCO
01tWC00000DD186YAD,Config - TE DB,FIM-FIM-NROR-CTEDBO
01tWC00000DD187YAD,Config - TE Desktop,FIM-FIM-NROR-CTEDTO
01tWC00000DD188YAD,Config - TE DS,FIM-FIM-NROR-CTEDSO
01tWC00000DD189YAD,Config - TE Express Console,FIM-FIM-NROR-CTECO
01tWC00000DD18AYAT,Config - TLC,FIM-TLC-NROR-CTLCO
01tWC00000DD18BYAT,Config - Tripwire App,FIM-FIM-NROR-CTAO
01tWC00000DD18CYAT,Config - Tripwire App - TE Integration Framework,FIM-FIM-NROR-CTATIFO
01tWC00000DD18DYAT,Config - Tripwire State Analyzer,FIM-FIM-NROR-CTSAO
01tWC00000DD18EYAT,Content Inspection Sample Match,DP-DLP-RSL-CISMS
01tWC00000DD18FYAT,Core Access-NewMaintenance,IGA-AAS-RNM-CANM
01tWC00000DD18GYAT,Core Access,IGA-AAS-NRPS-CAP
01tWC00000DD18HYAT,Core Access-RenewalMaintenance,IGA-AAS-RRM-CARM
01tWC00000DD18IYAT,Core Access,IGA-AAS-RSS-CAS
01tWC00000DD18JYAT,Core Access Assurance Suite-NewMaintenance,IGA-AAS-RNM-CAASNM
01tWC00000DD18KYAT,Core Access Assurance Suite,IGA-AAS-NRPS-CAASP
01tWC00000DD18LYAT,Core Access Assurance Suite-RenewalMaintenance,IGA-AAS-RRM-CAASRM
01tWC00000DD18MYAT,Core Access Assurance Suite,IGA-AAS-RSS-CAASS
01tWC00000DD18NYAT,Core Access Insight-NewMaintenance,IGA-CAI-RNM-CAINM
01tWC00000DD18OYAT,Core Access Insight,IGA-CAI-NRPS-CAIP
01tWC00000DD18PYAT,Core Access Insight-RenewalMaintenance,IGA-CAI-RRM-CAIRM
01tWC00000DD18QYAT,Core Certify-NewMaintenance,IGA-VIS-RNM-CCNM
01tWC00000DD18RYAT,Core Certify,IGA-VIS-NRPS-CCP
01tWC00000DD18SYAT,Core Certify-RenewalMaintenance,IGA-VIS-RRM-CCRM
01tWC00000DD18TYAT,Core Compliance-NewMaintenance,IGA-AAS-RNM-CORE
01tWC00000DD18UYAT,Core Compliance,IGA-AAS-NRPS-COCO
01tWC00000DD18VYAT,Core Compliance-RenewalMaintenance,IGA-AAS-RRM-COREC
01tWC00000DD18WYAT,Core Compliance,IGA-AAS-RSS-CCS
01tWC00000DD18XYAT,Core Connector Framework (RDK)-NewMaintenance,IGA-AAS-RNM-CCFRNM
01tWC00000DD18YYAT,Core Connector Framework (RDK),IGA-AAS-NRPS-CCFRP
01tWC00000DD18ZYAT,Core Connector Framework (RDK)-RenewalMaintenance,IGA-AAS-RRM-CCFRRM
01tWC00000DD18aYAD,Core Connector Framework (RDK),IGA-AAS-RSS-CCFRS
01tWC00000DD18bYAD,Core Connector Library-NewMaintenance,IGA-AAS-RNM-CCLNM
01tWC00000DD18cYAD,Core Connector Library,IGA-AAS-NRPS-CCLP
01tWC00000DD18dYAD,Core Connector Library-RenewalMaintenance,IGA-AAS-RRM-CCLRM
01tWC00000DD18eYAD,Core Connector Library,IGA-AAS-RSS-CCLS
01tWC00000DD18fYAD,Core IGA-NewMaintenance,IGA-AAS-RNM-CINM
01tWC00000DD18gYAD,Core IGA-RenewalMaintenance,IGA-AAS-RRM-CIRM
01tWC00000DD18hYAD,Core IGA Basic Ops Services,IGA-AAS-NRSU-CIBOS
01tWC00000DD18iYAD,Core IGA Flexible Ops Services,IGA-AAS-NRSU-CIFOS
01tWC00000DD18jYAD,Core IGA Hourly Services,IGA-AAS-NRST-CIHS
01tWC00000DD18kYAD,Core IGA On-site Services,IGA-AAS-NRST-CIOSSS
01tWC00000DD18lYAD,Core IGA Online Services,IGA-AAS-NRST-CIOS
01tWC00000DD18mYAD,Core IGA Quickstart Services,IGA-AAS-NRSU-CIQS
01tWC00000DD18nYAD,Core IGA Recurring Ops Services,IGA-AAS-RSP-CIROS
01tWC00000DD18oYAD,Core IGA Travel Expense,IGA-AAS-NRSE-CITE
01tWC00000DD18pYAD,Core Impact-NewMaintenance,OS-CI-RNM-COIM
01tWC00000DD18qYAD,Core Impact,OS-CI-NRPS-CIP
01tWC00000DD18rYAD,Core Impact-RenewalMaintenance,OS-CI-RRM-COREI
01tWC00000DD18sYAD,Core Password-NewMaintenance,IGA-AAS-RNM-CPNM
01tWC00000DD18tYAD,Core Password,IGA-AAS-NRPS-CPP
01tWC00000DD18uYAD,Core Password-RenewalMaintenance,IGA-AAS-RRM-CPRM
01tWC00000DD18vYAD,Core Password,IGA-AAS-RSS-CPS
01tWC00000DD18wYAD,Core Provisioning-NewMaintenance,IGA-AAS-RNM-COPR
01tWC00000DD18xYAD,Core Provisioning,IGA-AAS-NRPS-COPP
01tWC00000DD18yYAD,Core Provisioning-RenewalMaintenance,IGA-AAS-RRM-COREP
01tWC00000DD18zYAD,Core Provisioning,IGA-AAS-RSS-COPS
01tWC00000DD190YAD,Core Role Designer-NewMaintenance,IGA-VIS-RNM-CRDNM
01tWC00000DD191YAD,Core Role Designer,IGA-VIS-NRPS-CRDP
01tWC00000DD192YAD,Core Role Designer-RenewalMaintenance,IGA-VIS-RRM-CRDRM
01tWC00000DD193YAD,Core Role Designer,IGA-VIS-RSS-CRDS
01tWC00000DD194YAD,Core Server Bundle-NewMaintenance,GS-GSE-RNM-CSBNM
01tWC00000DD195YAD,Core Server Bundle,GS-GSE-NRPS-CSBP
01tWC00000DD196YAD,Costco Suite-NewMaintenance,SM-HCS-RNM-COSTNE
01tWC00000DD197YAD,Costco Suite,SM-HCS-NRPS-COSTPE
01tWC00000DD198YAD,Costco Suite-RenewalMaintenance,SM-HCS-RRM-COSTRE
01tWC00000DD199YAD,Counterfelt Intelligence,BP-ETM-RMS-COUNTE
01tWC00000DD19AYAT,Credential Baiting,BP-ETM-RMS-CREDBA
01tWC00000DD19BYAT,Credential Theft,BP-ETM-RMS-CREDTH
01tWC00000DD19CYAT,Credential Theft Intelligence,BP-ETM-RMS-CREDTI
01tWC00000DD19DYAT,Crimeware,BP-ETM-RMS-CRIMEW
01tWC00000DD19EYAT,CSV Converter-NewMaintenance,DM-IRC-RNM-CSVCNE
01tWC00000DD19FYAT,CSV Converter,DM-IRC-NRPS-CSVCPE
01tWC00000DD19GYAT,CSV Converter-RenewalMaintenance,DM-IRC-RRM-CSVCRE
01tWC00000DD19HYAT,CSV Converter,DM-IRC-RSS-CSVCSU
01tWC00000DD19IYAT,CTS Training,OS-CI-NRST-CTSTRA
01tWC00000DD19JYAT,Powertech Training,CS-CLP-NRST-POTR
01tWC00000DD19KYAT,CTS Travel Expense,OS-CI-NRSE-CTSTRE
01tWC00000DD19LYAT,Custom Bundle-NewMaintenance,DM-DML-RNM-CUSTNE
01tWC00000DD19MYAT,Custom Bundle,DM-DML-NRPS-CUSTPE
01tWC00000DD19NYAT,Custom Bundle-RenewalMaintenance,DM-DML-RRM-CUSTRE
01tWC00000DD19OYAT,Custom Bundle,DM-DML-RSS-CUSTSU
01tWC00000DD19PYAT,Customization (Hourly),HRM-HRM-NRST-CUSTOM
01tWC00000DD19QYAT,CuteFTP 9-NewMaintenance,GS-CFT-RNM-CF9NEW
01tWC00000DD19RYAT,CuteFTP 9,GS-CFT-NRPS-CF9PER
01tWC00000DD19SYAT,CuteFTP 9-RenewalMaintenance,GS-CFT-RRM-CF9REN
01tWC00000DD19TYAT,Cybersecurity-NewMaintenance,CS-CLP-RNM-CYBENE
01tWC00000DD19UYAT,Cybersecurity-RenewalMaintenance,CS-CLP-RRM-CYBERE
01tWC00000DD19VYAT,Cybersecurity Services,CS-CLP-NRST-CYBESE
01tWC00000DD19WYAT,Dark Web Brand Monitoring,BP-TSE-RMS-DARKBM
01tWC00000DD19XYAT,Dark Web Compromised Credential Monitoring,BP-TSE-RMS-DARKCC
01tWC00000DD19YYAT,Data Acquisition-NewMaintenance,BI-SDW-RNM-DANM
01tWC00000DD19ZYAT,Data Acquisition,BI-SDW-NRPS-DAP
01tWC00000DD19aYAD,Data Acquisition-RenewalMaintenance,BI-SDW-RRM-DARM
01tWC00000DD19bYAD,Data Acquisition,BI-SDW-RSS-DATA
01tWC00000DD19cYAD,Data Classification-NewMaintenance,DP-DC-RNM-DCNM
01tWC00000DD19dYAD,Data Classification,DP-DC-NRPS-DCP
01tWC00000DD19eYAD,Data Classification-RenewalMaintenance,DP-DC-RRM-DCRM
01tWC00000DD19fYAD,Data Classification Services,DP-DC-RSP-DCS
01tWC00000DD19gYAD,Data Classification Travel Expense,DP-DC-NRSE-DCTE
01tWC00000DD19hYAD,Data Detection Engine,DP-DC-RSS-DDES
01tWC00000DD19iYAD,Data Export/400 - Legacy-NewMaintenance,DM-EU-RNM-DE4LNM
01tWC00000DD19jYAD,Data Export/400 - Legacy,DM-EU-NRPS-DE4LP
01tWC00000DD19kYAD,Data Export/400 - Legacy-RenewalMaintenance,DM-EU-RRM-DE4LRM
01tWC00000DD19lYAD,Data Loss Prevention Services Hourly,DP-DLP-NRST-DLPSH
01tWC00000DD19mYAD,Data Loss Prevention Services,DP-DLP-RSP-DLPS
01tWC00000DD19nYAD,Data Loss Prevention Travel Expense,DP-DLP-NRSE-DLPTE
01tWC00000DD19oYAD,Data Monitor for iSeries Base-NewMaintenance,SM-VMC-RNM-DMISBN
01tWC00000DD19pYAD,Data Monitor for iSeries Base,SM-VMC-NRPS-DMISBP
01tWC00000DD19qYAD,Data Monitor for iSeries Base-RenewalMaintenance,SM-VMC-RRM-DMISBR
01tWC00000DD19rYAD,Data Monitor for iSeries Base,SM-VMC-RSS-DMISBS
01tWC00000DD19sYAD,Data Monitor for iSeries Base (Changes)-NewMaintenance,SM-VMC-RNM-DMISBC
01tWC00000DD19tYAD,Data Monitor for iSeries Base (Changes),SM-VMC-NRPS-DMIP
01tWC00000DD19uYAD,Data Monitor for iSeries Base (Changes)-RenewalMaintenance,SM-VMC-RRM-DMIM
01tWC00000DD19vYAD,Data Monitor for iSeries Base (Changes),SM-VMC-RSS-DMIS
01tWC00000DD19wYAD,Data Monitor for iSeries Base Changes-NewMaintenance,SM-VMC-RNM-DAMO
01tWC00000DD19xYAD,Data Monitor for iSeries Base Changes,SM-VMC-NRPS-DACP
01tWC00000DD19yYAD,Data Monitor for iSeries Base Changes-RenewalMaintenance,SM-VMC-RRM-DATAM
01tWC00000DD19zYAD,Data Monitor for iSeries Base Changes,SM-VMC-RSS-DACS
01tWC00000DD1A0YAL,Data Monitor for iSeries Reads-NewMaintenance,SM-VMC-RNM-DMISRN
01tWC00000DD1A1YAL,Data Monitor for iSeries Reads,SM-VMC-NRPS-DMISRP
01tWC00000DD1A2YAL,Data Monitor for iSeries Reads-RenewalMaintenance,SM-VMC-RRM-DMISRR
01tWC00000DD1A3YAL,Data Monitor for iSeries Reads,SM-VMC-RSS-DMISRS
01tWC00000DD1A4YAL,Data Protection-NewMaintenance,DP-DLP-RNM-DPNM
01tWC00000DD1A5YAL,Data Protection-RenewalMaintenance,DP-DLP-RRM-DPRM
01tWC00000DD1A6YAL,Data Protection,DP-DLP-RSS-DPS
01tWC00000DD1A7YAL,Data Protection Platform,DP-DLP-RSL-DPPS
01tWC00000DD1A8YAL,Data Protection Suite,DP-DLP-RSS-DPSS
01tWC00000DD1A9YAL,Data Redaction For Secure Email Gateway-NewMaintenance,ES-SEG-RNM-DRSEGN
01tWC00000DD1AAYA1,Data Redaction For Secure Email Gateway,ES-SEG-NRPS-DRSEGP
01tWC00000DD1ABYA1,Data Redaction For Secure Email Gateway-RenewalMaintenance,ES-SEG-RRM-DRSEGR
01tWC00000DD1ACYA1,Data Redaction For Secure Email Gateway,ES-SEG-RSS-DRSEGS
01tWC00000DD1ADYA1,Data Redaction For SECURE Exchange Gateway-NewMaintenance,ES-SXG-RNM-DRSM
01tWC00000DD1AEYA1,Data Redaction For SECURE Exchange Gateway,ES-SXG-NRPS-DRSP
01tWC00000DD1AFYA1,Data Redaction For SECURE Exchange Gateway-RenewalMaintenance,ES-SXG-RRM-DARE
01tWC00000DD1AGYA1,Data Redaction For SECURE Exchange Gateway,ES-SXG-RSS-DRSS
01tWC00000DD1AHYA1,Data Redaction For SECURE ICAP Gateway-NewMaintenance,ES-SIG-RNM-DRSIGN
01tWC00000DD1AIYA1,Data Redaction For SECURE ICAP Gateway,ES-SIG-NRPS-DRSIGP
01tWC00000DD1AJYA1,Data Redaction For SECURE ICAP Gateway-RenewalMaintenance,ES-SIG-RRM-DRSIGR
01tWC00000DD1AKYA1,Data Redaction For SECURE ICAP Gateway,ES-SIG-RSS-DRSIGS
01tWC00000DD1ALYA1,Data Redaction For SECURE ICAP Gateway Per Instance-NewMaintenance,ES-SIG-RNM-DATAR
01tWC00000DD1AMYA1,Data Redaction For SECURE ICAP Gateway Per Instance,ES-SIG-NRPS-DAIP
01tWC00000DD1ANYA1,Data Redaction For SECURE ICAP Gateway Per Instance-RenewalMaintenance,ES-SIG-RRM-DATARE
01tWC00000DD1AOYA1,Data Redaction For SECURE ICAP Gateway Per Instance,ES-SIG-RSS-DAIS
01tWC00000DD1APYA1,Data Redaction For SECURE Web Gateway-NewMaintenance,ES-SWG-RNM-DRSWGN
01tWC00000DD1AQYA1,Data Redaction For SECURE Web Gateway,ES-SWG-NRPS-DRSWGP
01tWC00000DD1ARYA1,Data Redaction For SECURE Web Gateway-RenewalMaintenance,ES-SWG-RRM-DRSWGR
01tWC00000DD1ASYA1,Data Redaction For SECURE Web Gateway,ES-SWG-RSS-DRSWGS
01tWC00000DD1ATYA1,Data Set View Builder-NewMaintenance,BI-SDW-RNM-DSVBNM
01tWC00000DD1AUYA1,Data Set View Builder,BI-SDW-NRPS-DSVBP
01tWC00000DD1AVYA1,Data Set View Builder-RenewalMaintenance,BI-SDW-RRM-DSVBRM
01tWC00000DD1AWYA1,Data Set View Builder,BI-SDW-RSS-DSVBS
01tWC00000DD1AXYA1,Data Transfer/400 - Legacy-NewMaintenance,DM-DML-RNM-DT4LNM
01tWC00000DD1AYYA1,Data Transfer/400 - Legacy,DM-DML-NRPS-DT4LP
01tWC00000DD1AZYA1,Data Transfer/400 - Legacy-RenewalMaintenance,DM-DML-RRM-DT4LRM
01tWC00000DD1AaYAL,DataImport-NewMaintenance,DM-IBM-RNM-DATANE
01tWC00000DD1AbYAL,DataImport,DM-IBM-NRPS-DATAPE
01tWC00000DD1AcYAL,DataImport-RenewalMaintenance,DM-IBM-RRM-DATARM
01tWC00000DD1AdYAL,DataImport,DM-IBM-RSS-DATASU
01tWC00000DD1AeYAL,DC Expert Services,DP-DC-RSP-DCDEXP
01tWC00000DD1AfYAL,DC TAM,DP-DC-RSP-DCDTAM
01tWC00000DD1AgYAL,DCS Cloud - Core,DP-DC-RSL-DCSCS
01tWC00000DD1AhYAL,DCS Cloud - Business,DP-DC-RSL-DCCSCB
01tWC00000DD1AiYAL,DCS Cloud - Enterprise,DP-DC-RSL-DCSES
01tWC00000DD1AjYAL,DCS Cloud - Enterprise+,DP-DC-RSL-DCSEP
01tWC00000DD1AkYAL,DCS for Data at Rest,DP-DC-RSS-DCSDAR
01tWC00000DD1AlYAL,DCS for Windows and OWA-NewMaintenance,DP-DC-RNM-DCSWON
01tWC00000DD1AmYAL,DCS for Windows and OWA,DP-DC-NRPS-DCSWOP
01tWC00000DD1AnYAL,DCS for Windows and OWA-RenewalMaintenance,DP-DC-RRM-DCSWOR
01tWC00000DD1AoYAL,DCS for Windows and SharePoint MDS-NewMaintenance,DP-DC-RNM-DCSWSP
01tWC00000DD1ApYAL,DCS for Windows and SharePoint MDS,DP-DC-NRPS-DCSWIN
01tWC00000DD1AqYAL,DCS for Windows and SharePoint MDS-RenewalMaintenance,DP-DC-RRM-DCSWIS
01tWC00000DD1ArYAL,DCS Plus-NewMaintenance,DP-DC-RNM-DCSPNM
01tWC00000DD1AsYAL,DCS Plus,DP-DC-NRPS-DCSPLU
01tWC00000DD1AtYAL,DCS Plus-RenewalMaintenance,DP-DC-RRM-DCSPRM
01tWC00000DD1AuYAL,DCS Plus,DP-DC-RSS-DCSPLS
01tWC00000DD1AvYAL,DCS Policy Manager on Cloud,DP-DC-RSL-DCSPMO
01tWC00000DD1AwYAL,DCS SDK,DP-DC-RSS-DCSSDK
01tWC00000DD1AxYAL,DealerTrack Bundle - Legacy-NewMaintenance,DM-DML-RNM-DTBLNM
01tWC00000DD1AyYAL,DealerTrack Bundle - Legacy,DM-DML-NRPS-DTBLEG
01tWC00000DD1AzYAL,DealerTrack Bundle - Legacy-RenewalMaintenance,DM-DML-RRM-DTBLRM
01tWC00000DD1B0YAL,DealerTrack Bundle-NewMaintenance,DM-DOE-RNM-DTBNEW
01tWC00000DD1B1YAL,DealerTrack Bundle,DM-DOE-NRPS-DTBPER
01tWC00000DD1B2YAL,DealerTrack Bundle-RenewalMaintenance,DM-DOE-RRM-DTBREN
01tWC00000DD1B3YAL,DeliverNow - Legacy-NewMaintenance,DM-DLN-RNM-DELILN
01tWC00000DD1B4YAL,DeliverNow - Legacy,DM-DLN-NRPS-DELILE
01tWC00000DD1B5YAL,DeliverNow - Legacy-RenewalMaintenance,DM-DLN-RRM-DELILR
01tWC00000DD1B6YAL,DeliverNow-NewMaintenance,DM-DLN-RNM-DELINE
01tWC00000DD1B7YAL,DeliverNow,DM-DLN-NRPS-DELIPE
01tWC00000DD1B8YAL,DeliverNow-RenewalMaintenance,DM-DLN-RRM-DELIRE
01tWC00000DD1B9YAL,DeliverNow Base,DM-DLN-RSS-DELIBA
01tWC00000DD1BAYA1,DeliverNow iSeries Monitor,DM-DLN-RSS-DELIIS
01tWC00000DD1BBYA1,DeliverNow Sharepoint,DM-DLN-RSS-DELISH
01tWC00000DD1BCYA1,DeliverNow Windows Monitor,DM-DLN-RSS-DELIWM
01tWC00000DD1BDYA1,Deployment Bundle-NewMaintenance,BI-DB-RNM-DEPLNE
01tWC00000DD1BEYA1,Deployment Bundle,BI-DB-NRPS-DEPLPE
01tWC00000DD1BFYA1,Deployment Bundle-RenewalMaintenance,BI-DB-RRM-DEPLRE
01tWC00000DD1BGYA1,Deployment Bundle,BI-DB-RSS-DEPLSU
01tWC00000DD1BHYA1,Desktop Transfer Client DTC-RenewalMaintenance,GS-GSE-RRM-DTCDRM
01tWC00000DD1BIYA1,DetectIT-NewMaintenance,CS-DFT-RNM-DETENE
01tWC00000DD1BJYA1,DetectIT,CS-DFT-NRPS-DETEPE
01tWC00000DD1BKYA1,DetectIT-RenewalMaintenance,CS-DFT-RRM-DETERE
01tWC00000DD1BLYA1,DetectIT,CS-DFT-RSS-DETESU
01tWC00000DD1BMYA1,Device Profiler Ev,FIM-FIM-NROR-DPE
01tWC00000DD1BNYA1,Device Profiler Ev-NewMaintenance,FIM-FIM-RNM-DPENEW
01tWC00000DD1BOYA1,Device Profiler Ev,FIM-FIM-NRPS-DPEPER
01tWC00000DD1BPYA1,Device Profiler Ev-RenewalMaintenance,FIM-FIM-RRM-DPEREN
01tWC00000DD1BQYA1,Device Profiler Ev,FIM-FIM-RSS-DPESUB
01tWC00000DD1BRYA1,Device Profiler Ev Express-NewMaintenance,FIM-FIM-RNM-DPEENM
01tWC00000DD1BSYA1,Device Profiler Ev Express,FIM-FIM-NRPS-DPEEXP
01tWC00000DD1BTYA1,Device Profiler Ev Express-RenewalMaintenance,FIM-FIM-RRM-DPEERM
01tWC00000DD1BUYA1,Device Profiler Ev Express,FIM-FIM-RSS-DPEEXS
01tWC00000DD1BVYA1,Device Profiler Ev Limited-NewMaintenance,FIM-FIM-RNM-DPELNM
01tWC00000DD1BWYA1,Device Profiler Ev Limited,FIM-FIM-NRPS-DPELIM
01tWC00000DD1BXYA1,Device Profiler Ev Limited-RenewalMaintenance,FIM-FIM-RRM-DPELRM
01tWC00000DD1BYYA1,Device Profiler Ev Limited,FIM-FIM-RSS-DPELIS
01tWC00000DD1BZYA1,Device Profiler Ev Non-Transferable Unlimited Use-NewMaintenance,FIM-FIM-RNM-DPENTU
01tWC00000DD1BaYAL,Device Profiler Ev Non-Transferable Unlimited Use,FIM-FIM-NRPS-DPENON
01tWC00000DD1BbYAL,Device Profiler Ev Non-Transferable Unlimited Use-RenewalMaintenance,FIM-FIM-RRM-DPENOT
01tWC00000DD1BcYAL,DG Additional Online Storage,DP-DLP-RSL-DGDAOS
01tWC00000DD1BdYAL,DG Appliance,DP-DLP-NROR-DGDAPP
01tWC00000DD1BeYAL,DG Expert Services,DP-DLP-RSP-DGDEXP
01tWC00000DD1BfYAL,DG Hosting Fee for TADP License,DP-DLP-RSL-DGDHFT
01tWC00000DD1BgYAL,DG Managed Service,DP-DLP-RMS-DGDMSS
01tWC00000DD1BhYAL,DG Management Console-NewMaintenance,DP-DLP-RNM-DGDMCN
01tWC00000DD1BiYAL,DG Management Console,DP-DLP-NRPS-DGDMCP
01tWC00000DD1BjYAL,DG Management Console-RenewalMaintenance,DP-DLP-RRM-DGDMCR
01tWC00000DD1BkYAL,DG Management Console,DP-DLP-RSS-DGDMCS
01tWC00000DD1BlYAL,DG NDLP Appliance-NewMaintenance,DP-DLP-RNM-DGDNDL
01tWC00000DD1BmYAL,DG NDLP Appliance,DP-DLP-RMS-DNAS
01tWC00000DD1BnYAL,DG SaaS EDR Add on for TADP,DP-DLP-RSL-DGDSSE
01tWC00000DD1BoYAL,DG SaaS Upgrade,DP-DLP-RSL-DGDSSU
01tWC00000DD1BpYAL,DG VM-NewMaintenance,DP-DLP-RNM-DGDVMN
01tWC00000DD1BqYAL,DG VM,DP-DLP-NRPS-DGDVMP
01tWC00000DD1BrYAL,DG VM-RenewalMaintenance,DP-DLP-RRM-DGDVMR
01tWC00000DD1BsYAL,DGMC On Prem,DP-DLP-RSS-DGMCO
01tWC00000DD1BtYAL,Digital Defense Services,VM-DDL-NRSE-DDS
01tWC00000DD1BuYAL,Digital Guardian Platinum-NewMaintenance,DP-DLP-RNM-DGPNM
01tWC00000DD1BvYAL,Digital Guardian Platinum,DP-DLP-NRPS-DGPP
01tWC00000DD1BwYAL,Digital Guardian Platinum-RenewalMaintenance,DP-DLP-RRM-DGPRM
01tWC00000DD1BxYAL,Digital Guardian Royalty,DP-DLP-RSS-DGRS
01tWC00000DD1ByYAL,Digital Rights Management for Email Gateway (Powered by Seclore)-NewMaintenance,ES-SEG-RNM-DRMEGP
01tWC00000DD1BzYAL,Digital Rights Management for Email Gateway (Powered by Seclore),ES-SEG-NRPS-DIGITA
01tWC00000DD1C0YAL,Digital Rights Management for Email Gateway (Powered by Seclore)-RenewalMaintenance,ES-SEG-RRM-DRMM
01tWC00000DD1C1YAL,Digital Rights Management for Email Gateway (Powered by Seclore),ES-SEG-RSS-DRMS
01tWC00000DD1C2YAL,Digital Risk Protection Solution,BP-ETM-RMS-DRPSS
01tWC00000DD1C3YAL,Directory Connector,DP-SC-RSL-DIRECT
01tWC00000DD1C4YAL,Discovery DLP,DP-DLP-RSS-DISCSU
01tWC00000DD1C5YAL,Discovery DLP Gold,DP-DLP-RMS-DISCGO
01tWC00000DD1C6YAL,Disk Space Manager-NewMaintenance,SM-DSM-RNM-DSMNEW
01tWC00000DD1C7YAL,Disk Space Manager,SM-DSM-NRPS-DSMPER
01tWC00000DD1C8YAL,Disk Space Manager-RenewalMaintenance,SM-DSM-RRM-DSMREN
01tWC00000DD1C9YAL,Disk Space Manager,SM-DSM-RSS-DSMSUB
01tWC00000DD1CAYA1,DLP-NewMaintenance,DP-DLP-RNM-DLPNEW
01tWC00000DD1CBYA1,DLP,DP-DLP-NRPS-DLPPER
01tWC00000DD1CCYA1,DLP-RenewalMaintenance,DP-DLP-RRM-DLPREN
01tWC00000DD1CDYA1,DLP,DP-DLP-RSS-DLPSUB
01tWC00000DD1CEYA1,DMARC Protection,ES-DMP-RSL-DMARPR
01tWC00000DD1CFYA1,DMARC Training,ES-DMP-NRST-DMARTR
01tWC00000DD1CGYA1,DMP - Cisco (DMARC Protection),ES-DMP-RSL-DMPC
01tWC00000DD1CHYA1,DMZ Gateway 3 - Single Site,GS-GSE-NRPS-DMZG
01tWC00000DD1CIYA1,DMZ Gateway 3 Multi-Site,GS-GSE-RSS-DMZ
01tWC00000DD1CJYA1,DMZ Gateway 3 Single Site-NewMaintenance,GS-GSE-RNM-DG3M
01tWC00000DD1CKYA1,DMZ Gateway 3 Single Site,GS-GSE-RSS-DG3S
01tWC00000DD1CLYA1,DMZ Gateway Enterprise-NewMaintenance,GS-GSE-RNM-DGEM
01tWC00000DD1CMYA1,DMZ Gateway Enterprise-RenewalMaintenance,GS-GSE-RRM-DMGA
01tWC00000DD1CNYA1,DMZ Gateway Enterprise 3 - Multi-Site,GS-GSE-NRPS-DGEP
01tWC00000DD1COYA1,DMZ Gateway Enterprise 3 - Multi-Site Upgrade,GS-GSE-NRPS-DMUP
01tWC00000DD1CPYA1,DMZ Gateway Enterprise 3-NewMaintenance,GS-GSE-RNM-DMNM
01tWC00000DD1CQYA1,DMZ Gateway Single Site-NewMaintenance,GS-GSE-RNM-DGSM
01tWC00000DD1CRYA1,DMZ Gateway Single Site-RenewalMaintenance,GS-GSE-RRM-DMRM
01tWC00000DD1CSYA1,Doc Management-NewMaintenance,DM-DML-RNM-DOC
01tWC00000DD1CTYA1,Doc Management-RenewalMaintenance,DM-DML-RRM-DOMA
01tWC00000DD1CUYA1,Doc Management Bundle-NewMaintenance,DM-DML-RNM-DMBNM
01tWC00000DD1CVYA1,Doc Management Bundle,DM-DML-NRPS-DMBP
01tWC00000DD1CWYA1,Doc Management Bundle-RenewalMaintenance,DM-DML-RRM-DMBRM
01tWC00000DD1CXYA1,Doc Management Legacy Product-NewMaintenance,DM-DML-RNM-DMLPNM
01tWC00000DD1CYYA1,Doc Management Legacy Product,DM-DML-NRPS-DMLPP
01tWC00000DD1CZYA1,Doc Management Legacy Product-RenewalMaintenance,DM-DML-RRM-DMLPRM
01tWC00000DD1CaYAL,Doc Management Legacy Product,DM-DML-RSS-DMLPS
01tWC00000DD1CbYAL,Doc Management Service Pack,DM-DML-NRSU-DMSP
01tWC00000DD1CcYAL,Doc Management Services,DM-DML-NRST-DOMS
01tWC00000DD1CdYAL,Doc Management Training,DM-DML-NRST-DMT
01tWC00000DD1CeYAL,Doc Management Travel Expense,DM-DML-NRSE-DMTE
01tWC00000DD1CfYAL,Doc Management Upgrade,DM-WEB-NRST-DMU
01tWC00000DD1CgYAL,DocAlpha (Artsyl),DM-DA-RSS-DAAS
01tWC00000DD1ChYAL,DocAlpha Advanced Capture - Header Footer-NewMaintenance,DM-WCU-RNM-DAACHF
01tWC00000DD1CiYAL,DocAlpha Advanced Capture - Header Footer,DM-WCU-NRPS-DAAP
01tWC00000DD1CjYAL,DocAlpha Advanced Capture - Header Footer-RenewalMaintenance,DM-WCU-RRM-DAAM
01tWC00000DD1CkYAL,DocAlpha Advanced Capture - Line Item-NewMaintenance,DM-WCU-RNM-DAACLI
01tWC00000DD1ClYAL,DocAlpha Advanced Capture - Line Item,DM-WCU-NRPS-DOAL
01tWC00000DD1CmYAL,DocAlpha Advanced Capture - Line Item-RenewalMaintenance,DM-WCU-RRM-DORM
01tWC00000DD1CnYAL,DocAlpha Concurrent Seat License-NewMaintenance,DM-WCU-RNM-DACSLN
01tWC00000DD1CoYAL,DocAlpha Concurrent Seat License,DM-WCU-NRPS-DACSLP
01tWC00000DD1CpYAL,DocAlpha Concurrent Seat License-RenewalMaintenance,DM-WCU-RRM-DACSLR
01tWC00000DD1CqYAL,DocAlpha Invoice Capture Header/Footer-NewMaintenance,DM-WCU-RNM-DAICHF
01tWC00000DD1CrYAL,DocAlpha Invoice Capture Header/Footer,DM-WCU-NRPS-DOFP
01tWC00000DD1CsYAL,DocAlpha Invoice Capture Header/Footer-RenewalMaintenance,DM-WCU-RRM-DAIM
01tWC00000DD1CtYAL,DocAlpha Invoice Capture Line Item-NewMaintenance,DM-WCU-RNM-DAICLI
01tWC00000DD1CuYAL,DocAlpha Invoice Capture Line Item,DM-WCU-NRPS-DOIP
01tWC00000DD1CvYAL,DocAlpha Invoice Capture Line Item-RenewalMaintenance,DM-WCU-RRM-DOCA
01tWC00000DD1CwYAL,DocAlpha Output Connector-NewMaintenance,DM-WCU-RNM-DAOCNM
01tWC00000DD1CxYAL,DocAlpha Output Connector,DM-WCU-NRPS-DAOCP
01tWC00000DD1CyYAL,DocAlpha Output Connector-RenewalMaintenance,DM-WCU-RRM-DAOCRM
01tWC00000DD1CzYAL,docAlpha(Artsyl)-NewMaintenance,DM-WCU-RNM-DAANM
01tWC00000DD1D0YAL,docAlpha(Artsyl),DM-WCU-NRPS-DOAP
01tWC00000DD1D1YAL,docAlpha(Artsyl)-RenewalMaintenance,DM-WCU-RRM-DAARM
01tWC00000DD1D2YAL,Document Management,DM-DML-RSS-DOCUME
01tWC00000DD1D3YAL,Document Management Administration License Fee,DM-DML-NROR-DMALF
01tWC00000DD1D4YAL,Document Management System-NewMaintenance,SM-SYM-RNM-DMSNM
01tWC00000DD1D5YAL,Document Management System,SM-SYM-NRPS-DOSP
01tWC00000DD1D6YAL,Document Management System-RenewalMaintenance,SM-SYM-RRM-DMSRM
01tWC00000DD1D7YAL,Document Management System,SM-SYM-RSS-DMSS
01tWC00000DD1D8YAL,Document Sanitization For SECURE Email Gateway-NewMaintenance,ES-SEG-RNM-DSSEGN
01tWC00000DD1D9YAL,Document Sanitization For SECURE Email Gateway,ES-SEG-NRPS-DSSEGP
01tWC00000DD1DAYA1,Document Sanitization For SECURE Email Gateway-RenewalMaintenance,ES-SEG-RRM-DSSEGR
01tWC00000DD1DBYA1,Document Sanitization For SECURE Email Gateway,ES-SEG-RSS-DSSEGS
01tWC00000DD1DCYA1,Document Sanitization For SECURE Exchange Gateway-NewMaintenance,ES-SXG-RNM-DSSM
01tWC00000DD1DDYA1,Document Sanitization For SECURE Exchange Gateway,ES-SXG-NRPS-DSSP
01tWC00000DD1DEYA1,Document Sanitization For SECURE Exchange Gateway-RenewalMaintenance,ES-SXG-RRM-DOSA
01tWC00000DD1DFYA1,Document Sanitization For SECURE Exchange Gateway,ES-SXG-RSS-DSSS
01tWC00000DD1DGYA1,Document Sanitization For SECURE ICAP Gateway-NewMaintenance,ES-SIG-RNM-DSSIGN
01tWC00000DD1DHYA1,Document Sanitization For SECURE ICAP Gateway,ES-SIG-NRPS-DSSIGP
01tWC00000DD1DIYA1,Document Sanitization For SECURE ICAP Gateway-RenewalMaintenance,ES-SIG-RRM-DSSIGR
01tWC00000DD1DJYA1,Document Sanitization For SECURE ICAP Gateway,ES-SIG-RSS-DSSIGS
01tWC00000DD1DKYA1,Document Sanitization For SECURE ICAP Gateway Per Instance-NewMaintenance,ES-SIG-RNM-DONM
01tWC00000DD1DLYA1,Document Sanitization For SECURE ICAP Gateway Per Instance-RenewalMaintenance,ES-SIG-RRM-DOCUMS
01tWC00000DD1DMYA1,Document Sanitization For SECURE Web Gateway-NewMaintenance,ES-SWG-RNM-DSSWGN
01tWC00000DD1DNYA1,Document Sanitization For SECURE Web Gateway,ES-SWG-NRPS-DSSWGP
01tWC00000DD1DOYA1,Document Sanitization For SECURE Web Gateway-RenewalMaintenance,ES-SWG-RRM-DSSWGR
01tWC00000DD1DPYA1,Document Sanitization For SECURE Web Gateway,ES-SWG-RSS-DSSWGS
01tWC00000DD1DQYA1,Domain Protection,BP-ETM-RMS-DOMAIN
01tWC00000DD1DRYA1,Domino Report Server-NewMaintenance,DM-IRM-RNM-DRSNEW
01tWC00000DD1DSYA1,Domino Report Server,DM-IRM-NRPS-DRSPER
01tWC00000DD1DTYA1,Domino Report Server-RenewalMaintenance,DM-IRM-RRM-DRSREN
01tWC00000DD1DUYA1,Domino Report Server,DM-IRM-RSS-DRSSUB
01tWC00000DD1DVYA1,Download Conv Bund Basic-NewMaintenance,DM-DML-RNM-DCBBNE
01tWC00000DD1DWYA1,Download Conv Bund Basic,DM-DML-NRPS-DCBBPE
01tWC00000DD1DXYA1,Download Conv Bund Basic-RenewalMaintenance,DM-DML-RRM-DCBBRE
01tWC00000DD1DYYA1,DP Ev - EVAL,FIM-FIM-NRPS-DPDEEP
01tWC00000DD1DZYA1,DP Select - Essentials,DP-DLP-RSS-DPSELES
01tWC00000DD1DaYAL,DP Select - Plus,DP-DLP-RSS-DPSELPS
01tWC00000DD1DbYAL,DP Select - Advanced,DP-DLP-RSS-DPSELAS
01tWC00000DD1DcYAL,Draft & Release-NewMaintenance,DP-DCL-RNM-DRAFNE
01tWC00000DD1DdYAL,Draft & Release,DP-DCL-NRPS-DRAFPE
01tWC00000DD1DeYAL,Draft & Release-RenewalMaintenance,DP-DCL-RRM-DRAFRE
01tWC00000DD1DfYAL,DSPM Historical Data Discovery Service,CDP-DPM-RSL-DSPMH
01tWC00000DD1DgYAL,DV&C-NewMaintenance,DP-DLP-RNM-DVCNEW
01tWC00000DD1DhYAL,DV&C,DP-DLP-NRPS-DVCPER
01tWC00000DD1DiYAL,DV&C-RenewalMaintenance,DP-DLP-RRM-DVCREN
01tWC00000DD1DjYAL,DV&C,DP-DLP-RSS-DVCSUB
01tWC00000DD1DkYAL,E-tracker-NewMaintenance,DP-DCL-RNM-ETRANE
01tWC00000DD1DlYAL,E-tracker,DP-DCL-NRPS-ETRAPE
01tWC00000DD1DmYAL,E-tracker-RenewalMaintenance,DP-DCL-RRM-ETRARE
01tWC00000DD1DnYAL,Easy View-NewMaintenance,SM-EV-RNM-EASYNE
01tWC00000DD1DoYAL,Easy View,SM-EV-NRPS-EASYPE
01tWC00000DD1DpYAL,Easy View-RenewalMaintenance,SM-EV-RRM-EASYRE
01tWC00000DD1DqYAL,Easy View,SM-EV-RSS-EASYSU
01tWC00000DD1DrYAL,Echoworx Email Encryption Platform For SECURE Email Gateway,ES-SEG-RSS-EEEPSE
01tWC00000DD1DsYAL,EDR,DP-DLP-RSS-EDRS
01tWC00000DD1DtYAL,EFT 7 Enterprise,GS-GSE-NRPS-EFT7
01tWC00000DD1DuYAL,EFT 7 Express,GS-GSE-NRPS-EFT
01tWC00000DD1DvYAL,EFT 7 Express Upgrade,GS-GSE-NRPS-E7EP
01tWC00000DD1DwYAL,EFT 8 Continuum-NewMaintenance,GS-GSE-RNM-EFT8
01tWC00000DD1DxYAL,EFT 8 Continuum,GS-GSE-NRPS-E8CP
01tWC00000DD1DyYAL,EFT 8 Continuum,GS-GSE-RSS-E8CS
01tWC00000DD1DzYAL,EFT 8 Enterprise-NewMaintenance,GS-GSE-RNM-E8EM
01tWC00000DD1E0YAL,EFT 8 Enterprise,GS-GSE-NRPS-E8EP
01tWC00000DD1E1YAL,EFT 8 Enterprise,GS-GSE-RSS-E8ES
01tWC00000DD1E2YAL,EFT 8 Express-NewMaintenance,GS-GSE-RNM-EF8
01tWC00000DD1E3YAL,EFT 8 Express,GS-GSE-NRPS-EFEP
01tWC00000DD1E4YAL,EFT 8 Express,GS-GSE-RSS-EFES
01tWC00000DD1E5YAL,EFT Accelerate,GS-GSE-NRPS-EFTA
01tWC00000DD1E6YAL,EFT Accelerate-RenewalMaintenance,GS-GSE-RRM-EARM
01tWC00000DD1E7YAL,EFT Advanced Auth Module (AAM)-RenewalMaintenance,GS-GSE-RRM-EAAM
01tWC00000DD1E8YAL,EFT Advanced Workflow Engine,GS-GSE-RSS-EAWS
01tWC00000DD1E9YAL,EFT Advanced Workflow Engine (AWE) Module-NewMaintenance,GS-GSE-RNM-EAWM
01tWC00000DD1EAYA1,EFT Advanced Workflow Engine (AWE) Module,GS-GSE-NRPS-EAWP
01tWC00000DD1EBYA1,EFT Advanced Workflow Engine AWE Module-NewMaintenance,GS-GSE-RNM-EFAD
01tWC00000DD1ECYA1,EFT Arcus,GS-EFA-RSL-EAS
01tWC00000DD1EDYA1,EFT Arcus Quick Start Service,GS-GSE-NRST-EAQS
01tWC00000DD1EEYA1,EFT ARM Module-NewMaintenance,GS-GSE-RNM-EAMM
01tWC00000DD1EFYA1,EFT ARM Module-RenewalMaintenance,GS-GSE-RRM-EFAR
01tWC00000DD1EGYA1,EFT AS2 Module-NewMaintenance,GS-GSE-RNM-EFAS
01tWC00000DD1EHYA1,EFT AS2 Module,GS-GSE-NRPS-EAMP
01tWC00000DD1EIYA1,EFT AS2 Module-RenewalMaintenance,GS-GSE-RRM-EFRM
01tWC00000DD1EJYA1,EFT AS2 Module,GS-GSE-RSS-EAMS
01tWC00000DD1EKYA1,EFT ASM Module-NewMaintenance,GS-GSE-RNM-EFNM
01tWC00000DD1ELYA1,EFT ASM Module-RenewalMaintenance,GS-GSE-RRM-EFTAS
01tWC00000DD1EMYA1,EFT Auditing & Reporting Module,GS-GSE-RSS-EARS
01tWC00000DD1ENYA1,EFT Auditing & Reporting Module (ARM)-NewMaintenance,GS-GSE-RNM-EFAU
01tWC00000DD1EOYA1,EFT Auditing & Reporting Module (ARM),GS-GSE-NRPS-EARP
01tWC00000DD1EPYA1,EFT Auditing & Reporting Module ARM-NewMaintenance,GS-GSE-RNM-EFTAU
01tWC00000DD1EQYA1,EFT Automation Assessment REMOTE,GS-GSE-NRST-EAAR
01tWC00000DD1ERYA1,EFT AWE Module-NewMaintenance,GS-GSE-RNM-EFAW
01tWC00000DD1ESYA1,EFT AWE Module-RenewalMaintenance,GS-GSE-RRM-EFTAW
01tWC00000DD1ETYA1,EFT BAM Module-NewMaintenance,GS-GSE-RNM-EFTB
01tWC00000DD1EUYA1,EFT BAM Module-RenewalMaintenance,GS-GSE-RRM-EBMM
01tWC00000DD1EVYA1,EFT BAM Portal-NewMaintenance,GS-GSE-RNM-EBPM
01tWC00000DD1EWYA1,EFT BAM Portal,GS-GSE-NRPS-EBPP
01tWC00000DD1EXYA1,EFT BAM Portal-RenewalMaintenance,GS-GSE-RRM-EFBA
01tWC00000DD1EYYA1,EFT BAM Portal,GS-GSE-RSS-EBPS
01tWC00000DD1EZYA1,EFT Business Activity Monitor (BAM),GS-GSE-NRPS-EBAP
01tWC00000DD1EaYAL,EFT Business Activity Monitor BAM-NewMaintenance,GS-GSE-RNM-EBAM
01tWC00000DD1EbYAL,EFT Business Activity Monitor BAM,GS-GSE-RSS-EBAS
01tWC00000DD1EcYAL,EFT Continuum BAM Portal-NewMaintenance,GS-GSE-RNM-EFTC
01tWC00000DD1EdYAL,EFT Continuum BAM Portal,GS-GSE-NRPS-ECBP
01tWC00000DD1EeYAL,EFT Continuum Business Activity Monitor (BAM)-NewMaintenance,GS-GSE-RNM-ECBM
01tWC00000DD1EfYAL,EFT Continuum Business Activity Monitor (BAM),GS-GSE-NRPS-EFCO
01tWC00000DD1EgYAL,EFT Cutover Basic Assistance REMOTE,GS-GSE-NRST-ECBR
01tWC00000DD1EhYAL,EFT Cutover Standard Assistance REMOTE,GS-GSE-NRST-ECSR
01tWC00000DD1EiYAL,EFT Enterprise-NewMaintenance,GS-GSE-RNM-EFTE
01tWC00000DD1EjYAL,EFT Enterprise-RenewalMaintenance,GS-GSE-RRM-EERM
01tWC00000DD1EkYAL,EFT Expert Service Basic,GS-GSE-NRST-EESB
01tWC00000DD1ElYAL,EFT Expert Service Enterprise,GS-GSE-NRST-EESE
01tWC00000DD1EmYAL,EFT Expert Service Standard,GS-GSE-NRST-EESS
01tWC00000DD1EnYAL,EFT Express-NewMaintenance,GS-GSE-RNM-EENM
01tWC00000DD1EoYAL,EFT Express-RenewalMaintenance,GS-GSE-RRM-EFEX
01tWC00000DD1EpYAL,EFT Express ARM-NewMaintenance,GS-GSE-RNM-EEAM
01tWC00000DD1EqYAL,EFT Express ARM-RenewalMaintenance,GS-GSE-RRM-EFTEX
01tWC00000DD1ErYAL,EFT Express Auditing & Reporting Module ARM-NewMaintenance,GS-GSE-RNM-EFTEXP
01tWC00000DD1EsYAL,EFT Express Auditing & Reporting Module ARM,GS-GSE-NRPS-EEAP
01tWC00000DD1EtYAL,EFT Express Auditing & Reporting Module ARM,GS-GSE-RSS-EEAS
01tWC00000DD1EuYAL,EFT Express DMZ Gateway-NewMaintenance,GS-GSE-RNM-EEDM
01tWC00000DD1EvYAL,EFT Express DMZ Gateway,GS-GSE-NRPS-EEDP
01tWC00000DD1EwYAL,EFT Express DMZ Gateway-RenewalMaintenance,GS-GSE-RRM-EFEXPR
01tWC00000DD1ExYAL,EFT Express DMZ Gateway,GS-GSE-RSS-EEDS
01tWC00000DD1EyYAL,EFT Express DMZ Gateway Multi-Site-NewMaintenance,GS-GSE-RNM-EEXPRE
01tWC00000DD1EzYAL,EFT Express DMZ Gateway Multi-Site,GS-GSE-NRPS-EFSP
01tWC00000DD1F0YAL,EFT Express DMZ Gateway Multi-Site-RenewalMaintenance,GS-GSE-RRM-EFTED
01tWC00000DD1F1YAL,EFT Express ESM-NewMaintenance,GS-GSE-RNM-EEEM
01tWC00000DD1F2YAL,EFT Express ESM-RenewalMaintenance,GS-GSE-RRM-EFTEE
01tWC00000DD1F3YAL,EFT Express Mobile Transfer Client,GS-GSE-NRPS-EEMP
01tWC00000DD1F4YAL,EFT Express MTC-NewMaintenance,GS-GSE-RNM-EEMM
01tWC00000DD1F5YAL,EFT Express MTC-RenewalMaintenance,GS-GSE-RRM-EFTEM
01tWC00000DD1F6YAL,EFT Express OpenPGP Module-NewMaintenance,GS-GSE-RNM-EEOM
01tWC00000DD1F7YAL,EFT Express OpenPGP Module,GS-GSE-NRPS-EEOP
01tWC00000DD1F8YAL,EFT Express OpenPGP Module-RenewalMaintenance,GS-GSE-RRM-EFTEO
01tWC00000DD1F9YAL,EFT Express OpenPGP Module,GS-GSE-RSS-EEOS
01tWC00000DD1FAYA1,EFT Express Security Module ESM-NewMaintenance,GS-GSE-RNM-EESM
01tWC00000DD1FBYA1,EFT Express Security Module ESM,GS-GSE-NRPS-EESP
01tWC00000DD1FCYA1,EFT Express Security Module ESM,GS-GSE-RSS-EFTES
01tWC00000DD1FDYA1,EFT Express Workspaces-NewMaintenance,GS-GSE-RNM-EEWM
01tWC00000DD1FEYA1,EFT Express Workspaces,GS-GSE-NRPS-EEWP
01tWC00000DD1FFYA1,EFT Express Workspaces-RenewalMaintenance,GS-GSE-RRM-EFTEW
01tWC00000DD1FGYA1,EFT Express Workspaces,GS-GSE-RSS-EEWS
01tWC00000DD1FHYA1,EFT Express WSM Module-NewMaintenance,GS-GSE-RNM-EFTEXW
01tWC00000DD1FIYA1,EFT Express WSM Module-RenewalMaintenance,GS-GSE-RRM-EFTEWS
01tWC00000DD1FJYA1,EFT File Transfer Client Module FTC-NewMaintenance,GS-GSE-RNM-EFTF
01tWC00000DD1FKYA1,EFT File Transfer Client Module FTC,GS-GSE-NRPS-EFTP
01tWC00000DD1FLYA1,EFT File Transfer Client Module FTC,GS-GSE-RSS-EFTS
01tWC00000DD1FMYA1,EFT FM Module-NewMaintenance,GS-GSE-RNM-EFMM
01tWC00000DD1FNYA1,EFT FM Module-RenewalMaintenance,GS-GSE-RRM-EFFM
01tWC00000DD1FOYA1,EFT Folder Monitor Module FMM-NewMaintenance,GS-GSE-RNM-EFFO
01tWC00000DD1FPYA1,EFT Folder Monitor Module FMM,GS-GSE-NRPS-EFMP
01tWC00000DD1FQYA1,EFT Folder Monitor Module FMM,GS-GSE-RSS-EFMS
01tWC00000DD1FRYA1,EFT FTC Module-NewMaintenance,GS-GSE-RNM-EFFT
01tWC00000DD1FSYA1,EFT FTC Module-RenewalMaintenance,GS-GSE-RRM-EFTFT
01tWC00000DD1FTYA1,EFT HSM Module-NewMaintenance,GS-GSE-RNM-EFTH
01tWC00000DD1FUYA1,EFT HTTP/S Module-NewMaintenance,GS-GSE-RNM-EHSM
01tWC00000DD1FVYA1,EFT HTTP/S Module,GS-GSE-NRPS-EHSP
01tWC00000DD1FWYA1,EFT HTTP/S Module-RenewalMaintenance,GS-GSE-RRM-EFHT
01tWC00000DD1FXYA1,EFT HTTP/S Module,GS-GSE-RSS-EHSS
01tWC00000DD1FYYA1,EFT Insight Module,GS-GSE-NRPS-EFTI
01tWC00000DD1FZYA1,EFT Insight Module-RenewalMaintenance,GS-GSE-RRM-EIMM
01tWC00000DD1FaYAL,EFT Installation REMOTE,GS-GSE-NRST-EIR
01tWC00000DD1FbYAL,EFT MTC-NewMaintenance,GS-GSE-RNM-EFTM
01tWC00000DD1FcYAL,EFT MTC-RenewalMaintenance,GS-GSE-RRM-EMRM
01tWC00000DD1FdYAL,EFT OpenPGP Module-NewMaintenance,GS-GSE-RNM-EFTO
01tWC00000DD1FeYAL,EFT OpenPGP Module,GS-GSE-NRPS-EOPP
01tWC00000DD1FfYAL,EFT OpenPGP Module-RenewalMaintenance,GS-GSE-RRM-EOPM
01tWC00000DD1FgYAL,EFT OpenPGP Module,GS-GSE-RSS-EOPS
01tWC00000DD1FhYAL,EFT Platform Assessment REMOTE,GS-GSE-NRST-EPAR
01tWC00000DD1FiYAL,EFT Remote Agent Module-NewMaintenance,GS-GSE-RNM-EFTR
01tWC00000DD1FjYAL,EFT Remote Agent Module-RenewalMaintenance,GS-GSE-RRM-ERAM
01tWC00000DD1FkYAL,EFT Remote Agent Module,GS-GSE-RSS-ERAS
01tWC00000DD1FlYAL,EFT Remote Agent Module (RAM),GS-GSE-NRPS-ERAP
01tWC00000DD1FmYAL,EFT Remote Agent Module RAM-NewMaintenance,GS-GSE-RNM-EFRE
01tWC00000DD1FnYAL,EFT SAT Module-NewMaintenance,GS-GSE-RNM-ESMM
01tWC00000DD1FoYAL,EFT SAT Module,GS-GSE-NRPS-ESMP
01tWC00000DD1FpYAL,Advanced Security Module ASM,GS-GSE-NRPS-ASMP
01tWC00000DD1FqYAL,EFT SAT Module-RenewalMaintenance,GS-GSE-RRM-EFSA
01tWC00000DD1FrYAL,EFT Secure Mobile Access Module (SMAM),GS-GSE-NRPS-EFSE
01tWC00000DD1FsYAL,EFT Server Admin Web Service Custom Solution-RenewalMaintenance,GS-GSE-RRM-ESAM
01tWC00000DD1FtYAL,EFT Server Migration Tools Custom Solution-NewMaintenance,GS-GSE-RNM-EFTSE
01tWC00000DD1FuYAL,EFT Server Migration Tools Custom Solution,GS-GSE-NRPS-EFTSER
01tWC00000DD1FvYAL,EFT Server Migration Tools Custom Solution-RenewalMaintenance,GS-GSE-RRM-EFSERV
01tWC00000DD1FwYAL,EFT Server WebBasiced Admin-RenewalMaintenance,GS-GSE-RRM-ESWM
01tWC00000DD1FxYAL,EFT SFTP Module-NewMaintenance,GS-GSE-RNM-EFSF
01tWC00000DD1FyYAL,EFT SFTP Module-RenewalMaintenance,GS-GSE-RRM-EFTSF
01tWC00000DD1FzYAL,EFT SFTP SSH2 Module-NewMaintenance,GS-GSE-RNM-ESSM
01tWC00000DD1G0YAL,EFT SFTP SSH2 Module,GS-GSE-NRPS-ESSP
01tWC00000DD1G1YAL,EFT SFTP SSH2 Module,GS-GSE-RSS-ESSS
01tWC00000DD1G2YAL,EFT Site Migration REMOTE,GS-GSE-NRST-ESMR
01tWC00000DD1G3YAL,EFT SMB Web Client-NewMaintenance,GS-GSE-RNM-EFSM
01tWC00000DD1G4YAL,EFT SMB Web Client-RenewalMaintenance,GS-GSE-RRM-EFTSM
01tWC00000DD1G5YAL,EFT SMB Web Client WTC 10 Seats,GS-GSE-NRPS-ESWP
01tWC00000DD1G6YAL,EFT SMB Web Client WTC 50 Seats,GS-GSE-NRPS-EFTSMB
01tWC00000DD1G7YAL,EFT SMB WSM Module 25 Users-RenewalMaintenance,GS-GSE-RRM-EFSMB
01tWC00000DD1G8YAL,EFT TE Module-NewMaintenance,GS-GSE-RNM-EFTT
01tWC00000DD1G9YAL,EFT TE Module-RenewalMaintenance,GS-GSE-RRM-ETMM
01tWC00000DD1GAYA1,EFT Timer Event Module TEM-NewMaintenance,GS-GSE-RNM-ETEM
01tWC00000DD1GBYA1,EFT Timer Event Module TEM,GS-GSE-NRPS-ETEP
01tWC00000DD1GCYA1,EFT Timer Event Module TEM,GS-GSE-RSS-ETES
01tWC00000DD1GDYA1,EFT Upgrade InPlace REMOTE,GS-GSE-NRST-EFTU
01tWC00000DD1GEYA1,EFT Upgrade New OS REMOTE,GS-GSE-NRST-EUNR
01tWC00000DD1GFYA1,EFT Workspaces-NewMaintenance,GS-GSE-RNM-EFTW
01tWC00000DD1GGYA1,EFT Workspaces,GS-GSE-NRPS-EWP
01tWC00000DD1GHYA1,EFT Workspaces-RenewalMaintenance,GS-GSE-RRM-EWRM
01tWC00000DD1GIYA1,EFT Workspaces,GS-GSE-RSS-EWS
01tWC00000DD1GJYA1,EFT Workspaces (WSM)-NewMaintenance,GS-GSE-RNM-EWWM
01tWC00000DD1GKYA1,EFT Workspaces (WSM),GS-GSE-NRPS-EWWP
01tWC00000DD1GLYA1,EFT Workspaces (WSM)-RenewalMaintenance,GS-GSE-RRM-EFWO
01tWC00000DD1GMYA1,EFT WTC-NewMaintenance,GS-GSE-RNM-EWNM
01tWC00000DD1GNYA1,Electronic Forms Designer-NewMaintenance,DM-DML-RNM-ELECDN
01tWC00000DD1GOYA1,Electronic Forms Designer,DM-DML-NRPS-ELECDE
01tWC00000DD1GPYA1,Electronic Forms Designer-RenewalMaintenance,DM-DML-RRM-ELECDR
01tWC00000DD1GQYA1,Electronic Forms License-NewMaintenance,DM-DML-RNM-ELECLN
01tWC00000DD1GRYA1,Electronic Forms License,DM-DML-NRPS-ELECLI
01tWC00000DD1GSYA1,Electronic Forms License-RenewalMaintenance,DM-DML-RRM-ELECLR
01tWC00000DD1GTYA1,Email Archiving For SECURE Email Gateway,ES-SEG-RSS-EASEGS
01tWC00000DD1GUYA1,Email Connector,DP-SC-RSL-ECS
01tWC00000DD1GVYA1,Email Dist Bundle Basic-NewMaintenance,DM-DML-RNM-EDBBNM
01tWC00000DD1GWYA1,Email Dist Bundle Basic,DM-DML-NRPS-EDBBP
01tWC00000DD1GXYA1,Email Dist Bundle Basic-RenewalMaintenance,DM-DML-RRM-EDBBRM
01tWC00000DD1GYYA1,Email File Server - Legacy-NewMaintenance,DM-DML-RNM-EFSLNM
01tWC00000DD1GZYA1,Email File Server - Legacy,DM-DML-NRPS-EFSLP
01tWC00000DD1GaYAL,Email File Server - Legacy-RenewalMaintenance,DM-DML-RRM-EFSLRM
01tWC00000DD1GbYAL,Email Monitor-NewMaintenance,DM-WCU-RNM-EMNM
01tWC00000DD1GcYAL,Email Monitor,DM-WCU-NRPS-EMP
01tWC00000DD1GdYAL,Email Monitor-RenewalMaintenance,DM-WCU-RRM-EMAIL
01tWC00000DD1GeYAL,Email Monitor,DM-WCU-RSS-EMMO
01tWC00000DD1GfYAL,Email Report Distribution Bundle PC-NewMaintenance,DM-DML-RNM-ERDBPN
01tWC00000DD1GgYAL,Email Report Distribution Bundle PC,DM-DML-NRPS-ERDBPP
01tWC00000DD1GhYAL,Email Report Distribution Bundle PC-RenewalMaintenance,DM-DML-RRM-ERDBPR
01tWC00000DD1GiYAL,Email Report Server-NewMaintenance,DM-EU-RNM-ERSNM
01tWC00000DD1GjYAL,Email Report Server,DM-EU-NRPS-ERSP
01tWC00000DD1GkYAL,Email Report Server-RenewalMaintenance,DM-EU-RRM-ERSRM
01tWC00000DD1GlYAL,Email Report Server,DM-EU-RSS-ERSS
01tWC00000DD1GmYAL,Email Security-NewMaintenance,ES-SEG-RNM-ESNM
01tWC00000DD1GnYAL,Email Security-RenewalMaintenance,ES-SEG-RRM-ESRM
01tWC00000DD1GoYAL,Email Security Architect (Services) Per Day,ES-SEG-NRST-ESASPD
01tWC00000DD1GpYAL,Email Security Bundle - Core,ES-CEP-RSS-ESBCS
01tWC00000DD1GqYAL,Email Security Bundle - Advanced,ES-CEP-RSS-ESBAS
01tWC00000DD1GrYAL,Email Security Bundle - Elite,ES-CEP-RSS-ESBES
01tWC00000DD1GsYAL,Email Security Bundle (Click & Launch) - Core,ES-CEP-RSS-ESBCLCS
01tWC00000DD1GtYAL,Email Security Bundle (Click & Launch) - Advanced,ES-CEP-RSS-ESBCLAS
01tWC00000DD1GuYAL,Email Security Bundle (Click & Launch) - Elite,ES-CEP-RSS-ESBCLES
01tWC00000DD1GvYAL,Email Security Expert Services,ES-SEG-RSP-EMSES
01tWC00000DD1GwYAL,Email Security Recurring Services,ES-SEG-RSP-ESRS
01tWC00000DD1GxYAL,Email Security Services,ES-SEG-NRST-EMSE
01tWC00000DD1GyYAL,Email Security Solution,ES-ETM-RMS-EMSS
01tWC00000DD1GzYAL,Email Security Training,ES-SEG-NRST-EST
01tWC00000DD1H0YAL,Email Security Travel Expense,ES-SEG-NRSE-ESTE
01tWC00000DD1H1YAL,Email Threat Indicators,ES-ESO-RMS-ETIS
01tWC00000DD1H2YAL,Encryption Feature For SECURE Email Gateway,ES-SEG-RSS-ENCRFS
01tWC00000DD1H3YAL,Encryption Portal For SECURE Email Gateway- Perpetual,ES-SEG-RSS-ENCRPS
01tWC00000DD1H4YAL,Endpoint DLP,DP-DLP-RSS-EDS
01tWC00000DD1H5YAL,Enhanced Data Sources-NewMaintenance,BI-SDW-RNM-EDSNM
01tWC00000DD1H6YAL,Enhanced Data Sources,BI-SDW-NRPS-EDSP
01tWC00000DD1H7YAL,Enhanced Data Sources-RenewalMaintenance,BI-SDW-RRM-EDSRM
01tWC00000DD1H8YAL,Enhanced Data Sources,BI-SDW-RSS-EDSS
01tWC00000DD1H9YAL,Enhanced ESEND for SMB Pricing - Per User-NewMaintenance,BI-ESN-RNM-EESPPU
01tWC00000DD1HAYA1,Enhanced ESEND for SMB Pricing - Per User,BI-ESN-NRPS-ENHANC
01tWC00000DD1HBYA1,Enhanced ESEND for SMB Pricing - Per User-RenewalMaintenance,BI-ESN-RRM-ENES
01tWC00000DD1HCYA1,Enhanced ESEND for SMB Pricing - Per User,BI-ESN-RSS-ENUS
01tWC00000DD1HDYA1,Enhanced ETL-NewMaintenance,BI-SDW-RNM-ENET
01tWC00000DD1HEYA1,Enhanced ETL,BI-SDW-NRPS-EEP
01tWC00000DD1HFYA1,Enhanced ETL-RenewalMaintenance,BI-SDW-RRM-ENRM
01tWC00000DD1HGYA1,Enhanced ETL,BI-SDW-RSS-EES
01tWC00000DD1HHYA1,Enhanced Metadata Management-NewMaintenance,BI-SDW-RNM-EMMNM
01tWC00000DD1HIYA1,Enhanced Metadata Management,BI-SDW-NRPS-EMMP
01tWC00000DD1HJYA1,Enhanced Metadata Management-RenewalMaintenance,BI-SDW-RRM-EMMRM
01tWC00000DD1HKYA1,Enhanced Metadata Management,BI-SDW-RSS-EMMS
01tWC00000DD1HLYA1,Enterprise Actions-NewMaintenance,GS-GSE-RNM-EANM
01tWC00000DD1HMYA1,Enterprise Actions,GS-GSE-NRPS-EAP
01tWC00000DD1HNYA1,Enterprise Actions - Yearly,GS-GSE-RSS-EAYS
01tWC00000DD1HOYA1,Enterprise Actions - Yearly-NewMaintenance,GS-GSE-RNM-EAYNM
01tWC00000DD1HPYA1,Enterprise Console-NewMaintenance,SM-EC-RNM-ECNM
01tWC00000DD1HQYA1,Enterprise Console,SM-EC-NRPS-ECP
01tWC00000DD1HRYA1,Enterprise Console-RenewalMaintenance,SM-EC-RRM-ECRM
01tWC00000DD1HSYA1,Enterprise Console,SM-EC-RSS-ENTERP
01tWC00000DD1HTYA1,Enterprise Fax-NewMaintenance,DM-IRM-RNM-ENFA
01tWC00000DD1HUYA1,Enterprise Fax,DM-IRM-NRPS-EFP
01tWC00000DD1HVYA1,Enterprise Fax-RenewalMaintenance,DM-IRM-RRM-ENTERF
01tWC00000DD1HWYA1,Enterprise Fax,DM-IRM-RSS-EFS
01tWC00000DD1HXYA1,Enterprise SASE Support Premium,CDP-CSB-RSL-ESSPS
01tWC00000DD1HYYA1,Enterprise SSE Support Permium Plus,CDP-CSB-RSL-ESSPPS
01tWC00000DD1HZYA1,Enterprise SSE Support Premium,CDP-CSB-RSL-ENSS
01tWC00000DD1HaYAL,Enterprise Workflow - Legacy-NewMaintenance,DM-EW-RNM-EWLNM
01tWC00000DD1HbYAL,Enterprise Workflow - Legacy,DM-EW-NRPS-EWLP
01tWC00000DD1HcYAL,Enterprise Workflow - Legacy-RenewalMaintenance,DM-EW-RRM-EWLRM
01tWC00000DD1HdYAL,Enterprise Workflow Lite - Legacy-NewMaintenance,DM-EW-RNM-EWLLNM
01tWC00000DD1HeYAL,Enterprise Workflow Lite - Legacy,DM-EW-NRPS-EWLLP
01tWC00000DD1HfYAL,Enterprise Workflow Lite - Legacy-RenewalMaintenance,DM-EW-RRM-EWLLRM
01tWC00000DD1HgYAL,Esend-NewMaintenance,BI-ESN-RNM-ESENNE
01tWC00000DD1HhYAL,Esend,BI-ESN-NRPS-ESENPE
01tWC00000DD1HiYAL,Esend-RenewalMaintenance,BI-ESN-RRM-ESENRE
01tWC00000DD1HjYAL,Esend,BI-ESN-RSS-ESENSU
01tWC00000DD1HkYAL,Esend Full,BI-ESN-RSS-ESENFU
01tWC00000DD1HlYAL,ESP,ES-DMP-RSP-ESP
01tWC00000DD1HmYAL,Exchange Capability Checker-NewMaintenance,DP-DCL-RNM-EXCHNM
01tWC00000DD1HnYAL,Exchange Capability Checker,DP-DCL-NRPS-EXCHCA
01tWC00000DD1HoYAL,Exchange Capability Checker-RenewalMaintenance,DP-DCL-RRM-EXCHFA
01tWC00000DD1HpYAL,Exchange Classifier-NewMaintenance,DP-DC-RNM-EXCHCN
01tWC00000DD1HqYAL,Exchange Classifier,DP-DC-NRPS-EXCHCL
01tWC00000DD1HrYAL,Exchange Classifier-RenewalMaintenance,DP-DC-RRM-EXCHCR
01tWC00000DD1HsYAL,File Integrity Manager for Databases-NewMaintenance,FIM-FIM-RNM-FIMDNM
01tWC00000DD1HtYAL,File Integrity Manager for Databases,FIM-FIM-NRPS-FIMDAT
01tWC00000DD1HuYAL,File Integrity Manager for Databases-RenewalMaintenance,FIM-FIM-RRM-FIMDRM
01tWC00000DD1HvYAL,File Integrity Manager for Desktops - License Usage Fee,FIM-FIM-NROR-FIMDKLF
01tWC00000DD1HwYAL,File Integrity Manager for Desktops-NewMaintenance,FIM-FIM-RNM-FIMDES
01tWC00000DD1HxYAL,File Integrity Manager for Desktops,FIM-FIM-NRPS-FIMDEP
01tWC00000DD1HyYAL,File Integrity Manager for Desktops-RenewalMaintenance,FIM-FIM-RRM-FIMDER
01tWC00000DD1HzYAL,File Integrity Manager for Desktops,FIM-FIM-RSS-FIMDSU
01tWC00000DD1I0YAL,File Integrity Manager for Directory Services-NewMaintenance,FIM-FIM-RNM-FIMDSN
01tWC00000DD1I1YAL,File Integrity Manager for Directory Services,FIM-FIM-NRPS-FIMDSP
01tWC00000DD1I2YAL,File Integrity Manager for Directory Services-RenewalMaintenance,FIM-FIM-RRM-FIMDSR
01tWC00000DD1I3YAL,File Integrity Manager for File Systems - License Usage Fee,FIM-FIM-NROR-FIMFSLF
01tWC00000DD1I4YAL,File Integrity Manager for File Systems-NewMaintenance,FIM-FIM-RNM-FIMFSN
01tWC00000DD1I5YAL,File Integrity Manager for File Systems,FIM-FIM-NRPS-FIMFSP
01tWC00000DD1I6YAL,File Integrity Manager for File Systems-RenewalMaintenance,FIM-FIM-RRM-FIMFSR
01tWC00000DD1I7YAL,File Integrity Manager for File Systems,FIM-FIM-RSS-FIMFSS
01tWC00000DD1I8YAL,File Integrity Manager for Large Stores (up to 75 FIM-FS)-NewMaintenance,FIM-FIM-RNM-FIMLSU
01tWC00000DD1I9YAL,File Integrity Manager for Large Stores (up to 75 FIM-FS),FIM-FIM-NRPS-FIMLAR
01tWC00000DD1IAYA1,File Integrity Manager for Large Stores (up to 75 FIM-FS)-RenewalMaintenance,FIM-FIM-RRM-FIMLAS
01tWC00000DD1IBYA1,"File Integrity Manager for Large Stores w/ND & DB (up to 75 FS, 75 ND & 1 DB)-NewMaintenance",FIM-FIM-RNM-FIMLSW
01tWC00000DD1ICYA1,"File Integrity Manager for Large Stores w/ND & DB (up to 75 FS, 75 ND & 1 DB)",FIM-FIM-NRPS-FIMLAD
01tWC00000DD1IDYA1,"File Integrity Manager for Large Stores w/ND & DB (up to 75 FS, 75 ND & 1 DB)-RenewalMaintenance",FIM-FIM-RRM-FIMLST
01tWC00000DD1IEYA1,File Integrity Manager for Mid-Size Stores (up to 20 FS)-NewMaintenance,FIM-FIM-RNM-FIMMSS
01tWC00000DD1IFYA1,File Integrity Manager for Mid-Size Stores (up to 20 FS),FIM-FIM-NRPS-FIMMID
01tWC00000DD1IGYA1,File Integrity Manager for Mid-Size Stores (up to 20 FS)-RenewalMaintenance,FIM-FIM-RRM-FIMMIS
01tWC00000DD1IHYA1,File Integrity Manager for Network Devices - License Usage Fee,FIM-FIM-NROR-FIMNWLF
01tWC00000DD1IIYA1,File Integrity Manager for Network Devices-NewMaintenance,FIM-FIM-RNM-FIMNDN
01tWC00000DD1IJYA1,File Integrity Manager for Network Devices,FIM-FIM-NRPS-FIMNDP
01tWC00000DD1IKYA1,File Integrity Manager for Network Devices-RenewalMaintenance,FIM-FIM-RRM-FIMNDR
01tWC00000DD1ILYA1,File Integrity Manager for Network Devices,FIM-FIM-RSS-FIMNDS
01tWC00000DD1IMYA1,File Integrity Manager for POS End Point Systems - License Usage Fee,FIM-FIM-NROR-FIMPOSLF
01tWC00000DD1INYA1,File Integrity Manager for POS End Point Systems-NewMaintenance,FIM-FIM-RNM-FIMPEP
01tWC00000DD1IOYA1,File Integrity Manager for POS End Point Systems,FIM-FIM-NRPS-FIMPOE
01tWC00000DD1IPYA1,File Integrity Manager for POS End Point Systems-RenewalMaintenance,FIM-FIM-RRM-FIMPOR
01tWC00000DD1IQYA1,File Integrity Manager for POS End Point Systems,FIM-FIM-RSS-FIMPEN
01tWC00000DD1IRYA1,File Integrity Manager for POS Servers - License Usage Fee,FIM-FIM-NROR-FIMPSVLF
01tWC00000DD1ISYA1,File Integrity Manager for POS Servers-NewMaintenance,FIM-FIM-RNM-FIMPSN
01tWC00000DD1ITYA1,File Integrity Manager for POS Servers,FIM-FIM-NRPS-FIMPSP
01tWC00000DD1IUYA1,File Integrity Manager for POS Servers-RenewalMaintenance,FIM-FIM-RRM-FIMPSR
01tWC00000DD1IVYA1,File Integrity Manager for POS Servers,FIM-FIM-RSS-FIMPSS
01tWC00000DD1IWYA1,File Integrity Manager for Small Stores (up to 5 FIM-FS)-NewMaintenance,FIM-FIM-RNM-FIMSSU
01tWC00000DD1IXYA1,File Integrity Manager for Small Stores (up to 5 FIM-FS),FIM-FIM-NRPS-FIMSMA
01tWC00000DD1IYYA1,File Integrity Manager for Small Stores (up to 5 FIM-FS)-RenewalMaintenance,FIM-FIM-RRM-FIMSMS
01tWC00000DD1IZYA1,"File Integrity Manager for Small Stores w/ND & DB (up to 5 FS, 5 ND & 1 DB)-NewMaintenance",FIM-FIM-RNM-FIMSSW
01tWC00000DD1IaYAL,"File Integrity Manager for Small Stores w/ND & DB (up to 5 FS, 5 ND & 1 DB)",FIM-FIM-NRPS-FIMSMD
01tWC00000DD1IbYAL,"File Integrity Manager for Small Stores w/ND & DB (up to 5 FS, 5 ND & 1 DB)-RenewalMaintenance",FIM-FIM-RRM-FIMSMR
01tWC00000DD1IcYAL,File Integrity Manager for VMware ESX - License Usage Fee,FIM-FIM-NROR-FIMVMLF
01tWC00000DD1IdYAL,File Integrity Manager for VMware ESX-NewMaintenance,FIM-FIM-RNM-FIMVEN
01tWC00000DD1IeYAL,File Integrity Manager for VMware ESX,FIM-FIM-NRPS-FIMVEP
01tWC00000DD1IfYAL,File Integrity Manager for VMware ESX-RenewalMaintenance,FIM-FIM-RRM-FIMVER
01tWC00000DD1IgYAL,File Integrity Manager for VMware ESX,FIM-FIM-RSS-FIMVES
01tWC00000DD1IhYAL,FileCatalyst-NewMaintenance,GOA-FIL-RNM-FCNM
01tWC00000DD1IiYAL,FIleCatalyst-RenewalMaintenance,GOA-FIL-RRM-FCRM
01tWC00000DD1IjYAL,FileCatalyst Central-NewMaintenance,GOA-FIL-RNM-FCCNM
01tWC00000DD1IkYAL,FileCatalyst Central,GOA-FIL-NRPS-FCCP
01tWC00000DD1IlYAL,FileCatalyst Central-RenewalMaintenance,GOA-FIL-RRM-FCCRM
01tWC00000DD1ImYAL,FileCatalyst Central,GOA-FIL-RSS-FCCS
01tWC00000DD1InYAL,FileCatalyst Central Additional Nodes-NewMaintenance,GOA-FIL-RNM-FCCANN
01tWC00000DD1IoYAL,FileCatalyst Central Additional Nodes,GOA-FIL-NRPS-FCCANP
01tWC00000DD1IpYAL,FileCatalyst Central Additional Nodes-RenewalMaintenance,GOA-FIL-RRM-FCCANR
01tWC00000DD1IqYAL,FileCatalyst Central Additional Nodes,GOA-FIL-RSS-FCCANS
01tWC00000DD1IrYAL,FileCatalyst Central Services,GOA-FIL-NRSU-FILE
01tWC00000DD1IsYAL,FileCatalyst Cloud Consumption Based Billing,GOA-FIL-RSS-FCCCBB
01tWC00000DD1ItYAL,FileCatalyst Cloud Consumption Support,GOA-FIL-RSS-FCCCSS
01tWC00000DD1IuYAL,FileCatalyst Concurrent Connections-NewMaintenance,GOA-FIL-RNM-FCCCNM
01tWC00000DD1IvYAL,FileCatalyst Concurrent Connections,GOA-FIL-NRPS-FCCCP
01tWC00000DD1IwYAL,FileCatalyst Concurrent Connections-RenewalMaintenance,GOA-FIL-RRM-FCCCRM
01tWC00000DD1IxYAL,FileCatalyst Concurrent Connections,GOA-FIL-RSS-FCCCS
01tWC00000DD1IyYAL,FileCatalyst Concurrent Connections Additional-NewMaintenance,GOA-FIL-RNM-FCCCAN
01tWC00000DD1IzYAL,FileCatalyst Concurrent Connections Additional,GOA-FIL-NRPS-FCCCAP
01tWC00000DD1J0YAL,FileCatalyst Concurrent Connections Additional-RenewalMaintenance,GOA-FIL-RRM-FCCCAR
01tWC00000DD1J1YAL,FileCatalyst Concurrent Connections Additional,GOA-FIL-RSS-FCCCAS
01tWC00000DD1J2YAL,FileCatalyst Development Kit-NewMaintenance,GOA-FIL-RNM-FCDKNM
01tWC00000DD1J3YAL,FileCatalyst Development Kit,GOA-FIL-NRPS-FCDKP
01tWC00000DD1J4YAL,FileCatalyst Development Kit-RenewalMaintenance,GOA-FIL-RRM-FCDKRM
01tWC00000DD1J5YAL,FileCatalyst Development Kit,GOA-FIL-RSS-FCDKS
01tWC00000DD1J6YAL,FileCatalyst Direct-NewMaintenance,GOA-FIL-RNM-FCDNM
01tWC00000DD1J7YAL,FileCatalyst Direct,GOA-FIL-NRPS-FCDP
01tWC00000DD1J8YAL,FileCatalyst Direct-RenewalMaintenance,GOA-FIL-RRM-FCDRM
01tWC00000DD1J9YAL,FileCatalyst Direct,GOA-FIL-RSS-FCDS
01tWC00000DD1JAYA1,FileCatalyst Direct Services,GOA-FIL-NRST-FICA
01tWC00000DD1JBYA1,FileCatalyst Direct Short Term,GOA-FIL-NRPS-FCDSTS
01tWC00000DD1JCYA1,FileCatalyst Hotfolder for Automation-NewMaintenance,GOA-FIL-RNM-FCHANM
01tWC00000DD1JDYA1,FileCatalyst Hotfolder for Automation,GOA-FIL-NRPS-FCHAP
01tWC00000DD1JEYA1,FileCatalyst Hotfolder for Automation-RenewalMaintenance,GOA-FIL-RRM-FCHARM
01tWC00000DD1JFYA1,FileCatalyst Hotfolder for Automation,GOA-FIL-RSS-FCHAS
01tWC00000DD1JGYA1,FileCatalyst Legacy Product,GOA-FIL-RSS-FCLPS
01tWC00000DD1JHYA1,FileCatalyst Load Balancer-NewMaintenance,GOA-FIL-RNM-FCLBNM
01tWC00000DD1JIYA1,FileCatalyst Load Balancer,GOA-FIL-NRPS-FCLBP
01tWC00000DD1JJYA1,FileCatalyst Load Balancer-RenewalMaintenance,GOA-FIL-RRM-FCLBRM
01tWC00000DD1JKYA1,FileCatalyst Load Balancer,GOA-FIL-RSS-FCLBS
01tWC00000DD1JLYA1,FileCatalyst Reverse Proxy-NewMaintenance,GOA-FIL-RNM-FCRPNM
01tWC00000DD1JMYA1,FileCatalyst Reverse Proxy,GOA-FIL-NRPS-FCRPP
01tWC00000DD1JNYA1,FileCatalyst Reverse Proxy-RenewalMaintenance,GOA-FIL-RRM-FCRPRM
01tWC00000DD1JOYA1,FileCatalyst Reverse Proxy,GOA-FIL-RSS-FCRPS
01tWC00000DD1JPYA1,FileCatalyst Services,GOA-FIL-NRST-FCS
01tWC00000DD1JQYA1,FileCatalyst TransferAgent - Web Integration Kit-NewMaintenance,GOA-FIL-RNM-FCTAWI
01tWC00000DD1JRYA1,FileCatalyst TransferAgent - Web Integration Kit,GOA-FIL-NRPS-FCTP
01tWC00000DD1JSYA1,FileCatalyst TransferAgent - Web Integration Kit-RenewalMaintenance,GOA-FIL-RRM-FCTM
01tWC00000DD1JTYA1,FileCatalyst TransferAgent - Web Integration Kit,GOA-FIL-RSS-FCTS
01tWC00000DD1JUYA1,FileCatalyst Workflow-NewMaintenance,GOA-FIL-RNM-FCWNM
01tWC00000DD1JVYA1,FileCatalyst Workflow,GOA-FIL-NRPS-FCWP
01tWC00000DD1JWYA1,FileCatalyst Workflow-RenewalMaintenance,GOA-FIL-RRM-FCWRM
01tWC00000DD1JXYA1,FileCatalyst Workflow,GOA-FIL-RSS-FCWS
01tWC00000DD1JYYA1,FileCatalyst Workflow Acceleration-NewMaintenance,GOA-FIL-RNM-FCWANM
01tWC00000DD1JZYA1,FileCatalyst Workflow Acceleration,GOA-FIL-NRPS-FCWAP
01tWC00000DD1JaYAL,FileCatalyst Workflow Acceleration-RenewalMaintenance,GOA-FIL-RRM-FCWARM
01tWC00000DD1JbYAL,FileCatalyst Workflow Acceleration,GOA-FIL-RSS-FCWAS
01tWC00000DD1JcYAL,FileCatalyst Workflow Services,GOA-FIL-NRST-FIWS
01tWC00000DD1JdYAL,"FIM for Mid-Size Stores w/ND & DB (up to 20 FS, 20 ND & 1 DB)-NewMaintenance",FIM-FIM-RNM-FIMMNE
01tWC00000DD1JeYAL,"FIM for Mid-Size Stores w/ND & DB (up to 20 FS, 20 ND & 1 DB)",FIM-FIM-NRPS-FIMMPE
01tWC00000DD1JfYAL,"FIM for Mid-Size Stores w/ND & DB (up to 20 FS, 20 ND & 1 DB)-RenewalMaintenance",FIM-FIM-RRM-FIMMRE
01tWC00000DD1JgYAL,Fire and Forget-NewMaintenance,DP-DCL-RNM-FIRENE
01tWC00000DD1JhYAL,Fire and Forget,DP-DCL-NRPS-FIREPE
01tWC00000DD1JiYAL,Fire and Forget-RenewalMaintenance,DP-DCL-RRM-FIRERE
01tWC00000DD1JjYAL,Flow Exporters-NewMaintenance,NW-INT-RNM-FLOWNE
01tWC00000DD1JkYAL,Flow Exporters,NW-AA-NRPS-FLOWPE
01tWC00000DD1JlYAL,Folder Monitor,GS-GSE-NRPS-FOLDPE
01tWC00000DD1JmYAL,Folder Monitor - Yearly,GS-GSE-RSS-FOLDYE
01tWC00000DD1JnYAL,Folder Monitor - Yearly-NewMaintenance,GS-GSE-RNM-FMYNM
01tWC00000DD1JoYAL,Formdocs License-NewMaintenance,DM-DML-RNM-FORMNE
01tWC00000DD1JpYAL,Formdocs License,DM-DML-NRPS-FORMPE
01tWC00000DD1JqYAL,Formdocs License-RenewalMaintenance,DM-DML-RRM-FORMRE
01tWC00000DD1JrYAL,Forms-NewMaintenance,DP-DCL-RNM-FORMNM
01tWC00000DD1JsYAL,Forms,DP-DCL-NRPS-FORMFA
01tWC00000DD1JtYAL,Forms-RenewalMaintenance,DP-DCL-RRM-FORMRM
01tWC00000DD1JuYAL,Fortra Cares - Digital Guardian,DP-DLP-NRST-FCDGS
01tWC00000DD1JvYAL,Fortra Classifier SDK - Standalone,DP-DC-RSS-FCSSS
01tWC00000DD1JwYAL,Fortra Classifier Suite Essentials-NewMaintenance,DP-DC-RNM-FCSENM
01tWC00000DD1JxYAL,Fortra Classifier Suite Essentials,DP-DC-NRPS-FCSEP
01tWC00000DD1JyYAL,Fortra Classifier Suite Essentials-RenewalMaintenance,DP-DC-RRM-FCSERM
01tWC00000DD1JzYAL,Fortra Classifier Suite Essentials,DP-DC-RSS-FCSES
01tWC00000DD1K0YAL,Fortra Classifier Suite Plus-NewMaintenance,DP-DC-RNM-FCSPNM
01tWC00000DD1K1YAL,Fortra Classifier Suite Plus,DP-DC-NRPS-FCSPP
01tWC00000DD1K2YAL,Fortra Classifier Suite Plus-RenewalMaintenance,DP-DC-RRM-FCSPRM
01tWC00000DD1K3YAL,Fortra Classifier Suite Plus,DP-DC-RSS-FCSPS
01tWC00000DD1K4YAL,"Fortra DCS ""Advance"" ULTRA Package-NewMaintenance",DP-DC-RNM-FDUPN
01tWC00000DD1K5YAL,"Fortra DCS ""Advance"" ULTRA Package",DP-DC-NRPS-FDUPP
01tWC00000DD1K6YAL,"Fortra DCS ""Advance"" ULTRA Package - Government",DP-DC-NRPS-FDCSGP
01tWC00000DD1K7YAL,"Fortra DCS ""Advance"" ULTRA Package-RenewalMaintenance",DP-DC-RRM-FDUPR
01tWC00000DD1K8YAL,"Fortra DCS ""Advance"" ULTRA Package",DP-DC-RSS-FDUAPS
01tWC00000DD1K9YAL,"Fortra DCS ""Advance"" ULTRA Package - Government",DP-DC-RSS-FDCSGS
01tWC00000DD1KAYA1,"Fortra DCS ""Plus"" ULTRA Package - Government",DP-DC-RSS-FDCSUGS
01tWC00000DD1KBYA1,"Fortra DCS ""Plus"" ULTRA Package-NewMaintenance",DP-DC-RNM-FDPUPN
01tWC00000DD1KCYA1,"Fortra DCS ""Plus"" ULTRA Package",DP-DC-NRPS-FDPUPP
01tWC00000DD1KDYA1,"Fortra DCS ""Plus"" ULTRA Package - Government",DP-DC-NRPS-FDCSUGP
01tWC00000DD1KEYA1,"Fortra DCS ""Plus"" ULTRA Package-RenewalMaintenance",DP-DC-RRM-FDPUPR
01tWC00000DD1KFYA1,"Fortra DCS ""Plus"" ULTRA Package",DP-DC-RSS-FDUPPS
01tWC00000DD1KGYA1,Fortra DCS Advanced Package,DP-DC-RSS-FDAPS
01tWC00000DD1KHYA1,Fortra DCS Advanced Package-NewMaintenance,DP-DC-RNM-FDAPNM
01tWC00000DD1KIYA1,Fortra DCS Advanced Package,DP-DC-NRPS-FDAPP
01tWC00000DD1KJYA1,Fortra DCS Advanced Package-RenewalMaintenance,DP-DC-RRM-FDAPRM
01tWC00000DD1KKYA1,Fortra DCS Essential Package-NewMaintenance,DP-DC-RNM-FDEPNM
01tWC00000DD1KLYA1,Fortra DCS Essential Package,DP-DC-NRPS-FDEPP
01tWC00000DD1KMYA1,Fortra DCS Essential Package-RenewalMaintenance,DP-DC-RRM-FDEPRM
01tWC00000DD1KNYA1,Fortra DCS Essential Package,DP-DC-RSS-FDEPS
01tWC00000DD1KOYA1,Fortra DCS ESSENTIALS ULTRA PACKAGE-NewMaintenance,DP-DC-RNM-FDEUPN
01tWC00000DD1KPYA1,Fortra DCS ESSENTIALS ULTRA PACKAGE,DP-DC-NRPS-FDEUPP
01tWC00000DD1KQYA1,Fortra DCS ESSENTIALS ULTRA PACKAGE-RenewalMaintenance,DP-DC-RRM-FDEUPR
01tWC00000DD1KRYA1,Fortra DCS ESSENTIALS ULTRA PACKAGE,DP-DC-RSS-FDEUPS
01tWC00000DD1KSYA1,Fortra DCS for DaR (Data at rest) with DCS INTELLIGENT PROTECTION-NewMaintenance,DP-DC-RNM-FDDRDA
01tWC00000DD1KTYA1,Fortra DCS for DaR (Data at rest) with DCS INTELLIGENT PROTECTION,DP-DC-NRPS-FORTRA
01tWC00000DD1KUYA1,Fortra DCS for DaR (Data at rest) with DCS INTELLIGENT PROTECTION - Government,DP-DC-NRPS-FDCSDGP
01tWC00000DD1KVYA1,Fortra DCS for DaR (Data at rest) with DCS INTELLIGENT PROTECTION-RenewalMaintenance,DP-DC-RRM-FDDM
01tWC00000DD1KWYA1,Fortra DCS for DaR (Data at rest) with DCS INTELLIGENT PROTECTION,DP-DC-RSS-FDDS
01tWC00000DD1KXYA1,Fortra DCS for DaR (Data at rest) with DCS INTELLIGENT PROTECTION - Government,DP-DC-RSS-FDCSDGS
01tWC00000DD1KYYA1,Fortra DCS for Data at Rest-NewMaintenance,DP-DC-RNM-FDDARN
01tWC00000DD1KZYA1,Fortra DCS for Data at Rest,DP-DC-NRPS-FDDARP
01tWC00000DD1KaYAL,Fortra DCS for Data at Rest-RenewalMaintenance,DP-DC-RRM-FDDARR
01tWC00000DD1KbYAL,Fortra Mail for iOS-NewMaintenance,DP-DC-RNM-FMIONM
01tWC00000DD1KcYAL,Fortra Mail for iOS,DP-DC-NRPS-FMIOP
01tWC00000DD1KdYAL,Fortra Mail for iOS-RenewalMaintenance,DP-DC-RRM-FMIORM
01tWC00000DD1KeYAL,Fortra Mail for iOS,DP-DC-RSS-FMIOS
01tWC00000DD1KfYAL,Fortra Managed PCI,VM-VLM-RSL-FMPS
01tWC00000DD1KgYAL,Fortra MSP VM,VM-VLM-RSL-FMVS
01tWC00000DD1KhYAL,Fortra MSP VM Additional,VM-VLM-RSL-FMVAS
01tWC00000DD1KiYAL,Fortra Penetration Assessment - External,VM-DDL-RSL-FPAES
01tWC00000DD1KjYAL,Fortra Penetration Assessment - Internal,VM-DDL-RSL-FPAIS
01tWC00000DD1KkYAL,Fortra Penetration Assessment - Internal & External,VM-DDL-RSL-FPAIES
01tWC00000DD1KlYAL,Fortra Penetration Test - External,VM-DDL-RSL-FPTES
01tWC00000DD1KmYAL,Fortra Penetration Test - Internal,VM-VLM-RSL-FPTIS
01tWC00000DD1KnYAL,Fortra Security Assessment,VM-DDL-RSP-FSA
01tWC00000DD1KoYAL,Fortra Security Services,CS-CLP-NRST-FSS
01tWC00000DD1KpYAL,Fortra Security Recurring Services,CS-CLP-RSP-FSRS
01tWC00000DD1KqYAL,Fortra Security Training,CS-CLP-NRST-FST
01tWC00000DD1KrYAL,Fortra Security Travel Expense,CS-CLP-NRSE-FSTE
01tWC00000DD1KsYAL,Fortra VM and Cobalt Bundle,VM-DDL-RSL-FVMCBS
01tWC00000DD1KtYAL,Fortra VM and Core Impact Bundle,VM-DDL-RSL-FVCIBS
01tWC00000DD1KuYAL,Fortra VM Basic,VM-VLM-RSL-FVBS
01tWC00000DD1KvYAL,Fortra VM Managed,VM-VLM-RSL-FVMS
01tWC00000DD1KwYAL,Fortra VM Standard,VM-VLM-RSL-FVSS
01tWC00000DD1KxYAL,"Fortra VM, Core Impact Basic, Cobalt Strike Large Bundle",VM-DDL-RSL-FVCIBC
01tWC00000DD1KyYAL,"Fortra VM, Core Impact Basic, Cobalt Strike Medium Bundle",VM-DDL-RSL-FVCS
01tWC00000DD1KzYAL,"Fortra VM, Core Impact Basic, Cobalt Strike Small Bundle",VM-DDL-RSL-FOVM
01tWC00000DD1L0YAL,"Fortra VM, Core Impact Enterprise, Cobalt Strike Large Bundle",VM-DDL-RSL-FVCIEC
01tWC00000DD1L1YAL,"Fortra VM, Core Impact Enterprise, Cobalt Strike Medium Bundle",VM-DDL-RSL-FOBS
01tWC00000DD1L2YAL,"Fortra VM, Core Impact Enterprise, Cobalt Strike Small Bundle",VM-DDL-RSL-FORTRV
01tWC00000DD1L3YAL,"Fortra VM, Core Impact Enterprise, Outflank Security Tooling Bundle",VM-DDL-RSL-FVCIEO
01tWC00000DD1L4YAL,"Fortra VM, Core Impact Pro, Cobalt Strike Large Bundle",VM-DDL-RSL-FVCIPC
01tWC00000DD1L5YAL,"Fortra VM, Core Impact Pro, Cobalt Strike Medium Bundle",VM-DDL-RSL-FORTVM
01tWC00000DD1L6YAL,"Fortra VM, Core Impact Pro, Cobalt Strike Small Bundle","VM-DDL-RSL-FORVM,"
01tWC00000DD1L7YAL,"Fortra VM, Core Impact Pro, Outflank Security Tooling Bundle",VM-DDL-RSL-FVCIPO
01tWC00000DD1L8YAL,Fortra Web Application Penetration Test - API Assessment,VM-DDL-RSL-FWAPTA
01tWC00000DD1L9YAL,Fortra Web Application Penetration Test - Per Added 25 Pages,VM-DDL-RSL-FWAPTP
01tWC00000DD1LAYA1,Fortra Web Application Penetration Test,VM-DDL-RSL-FWAPTS
01tWC00000DD1LBYA1,Fortra Web Application Scanning,VM-DDL-RSL-FWASS
01tWC00000DD1LCYA1,FORTRAVM - EVAL,FIM-FIM-NRPS-FEP
01tWC00000DD1LDYA1,Fraud Intelligence On-Demand,BP-ETI-RMS-FIOD
01tWC00000DD1LEYA1,Frontline Advanced - Self Directed Scanning,VM-DDL-NRST-FASDSS
01tWC00000DD1LFYA1,Frontline Basic - Vulnerability Scanning,VM-DDL-NRST-FBVSS
01tWC00000DD1LGYA1,Frontline Cyber Threat Assessment,VM-DDL-NRST-FCTA
01tWC00000DD1LHYA1,Frontline Cyber Threat Monitoring,VM-DDL-RSL-FCTMS
01tWC00000DD1LIYA1,Frontline Cyber Threat Risk Report Card,VM-DDL-NRST-FCTRRC
01tWC00000DD1LJYA1,Frontline PCI Pro - Fully Managed Scanning - Internal and/or External,VM-DDL-NRST-FPPFSIES
01tWC00000DD1LKYA1,Frontline PCI-ASV Scanning - External Only,VM-DDL-NRST-FPASEOS
01tWC00000DD1LLYA1,Frontline Pen Assessment - External-Only Testing,VM-DDL-NRST-FPAEOTS
01tWC00000DD1LMYA1,Frontline Pen Assessment - Internal & External Testing,VM-DDL-NRST-FPAIETS
01tWC00000DD1LNYA1,Frontline Pen Assessment - Internal-Only Testing,VM-DDL-NRST-FPAIOTS
01tWC00000DD1LOYA1,Frontline Pen Test - External-Only,VM-DDL-NRST-FPTEOS
01tWC00000DD1LPYA1,Frontline Pen Test - Internal-Only,VM-DDL-NRST-FPTIOS
01tWC00000DD1LQYA1,Frontline Professional - Fully Managed Scanning,VM-DDL-NRST-FPFMSS
01tWC00000DD1LRYA1,Frontline Web Application Penetration Testing,VM-DDL-NRST-FLWAPTS
01tWC00000DD1LSYA1,Frontline Web Application Penetration Testing - API Assesssment,VM-DDL-NRST-FWAPTAAS
01tWC00000DD1LTYA1,Frontline Web Application Penetration Testing - Per Added 25 Pages,VM-DDL-NRST-FWAPTPAP
01tWC00000DD1LUYA1,Frontline Web Application Scanning,VM-DDL-NRST-FWAS
01tWC00000DD1LVYA1,FTP/400-NewMaintenance,DM-DML-RNM-FTP4
01tWC00000DD1LWYA1,FTP/400,DM-DML-NRPS-FTP
01tWC00000DD1LXYA1,FTP/400-RenewalMaintenance,DM-DML-RRM-F4RM
01tWC00000DD1LYYA1,FTP/400 Remote Comma-NewMaintenance,DM-DML-RNM-FT40
01tWC00000DD1LZYA1,FTP/400 Remote Comma,DM-DML-NRPS-F4RP
01tWC00000DD1LaYAL,FTP/400 Remote Comma-RenewalMaintenance,DM-DML-RRM-FTRM
01tWC00000DD1LbYAL,FTPS Server-NewMaintenance,GS-GSE-RNM-FTPSNE
01tWC00000DD1LcYAL,FTPS Server,GS-GSE-NRPS-FTPSPE
01tWC00000DD1LdYAL,FTPS Server - Yearly,GS-GSE-RSS-FTPSYE
01tWC00000DD1LeYAL,FTPS Server - Yearly-NewMaintenance,GS-GSE-RNM-FSYNM
01tWC00000DD1LfYAL,Gannett Suite-NewMaintenance,SM-HCS-RNM-GANNNE
01tWC00000DD1LgYAL,Gannett Suite,SM-HCS-NRPS-GANNPE
01tWC00000DD1LhYAL,Gannett Suite-RenewalMaintenance,SM-HCS-RRM-GANNRE
01tWC00000DD1LiYAL,GDPR,HRM-HRM-RSL-GDPRS
01tWC00000DD1LjYAL,Getting Started Services,NW-INT-NRSU-GETTSE
01tWC00000DD1LkYAL,Getting Started with Powertech,CS-PTA-NRSU-GETTWI
01tWC00000DD1LlYAL,GoAnywhere-NewMaintenance,GOA-GAM-RNM-GANM
01tWC00000DD1LmYAL,GoAnywhere-RenewalMaintenance,GOA-GAM-RRM-GARM
01tWC00000DD1LnYAL,GoAnywhere Accelerated File Transfer-NewMaintenance,GOA-GAM-RNM-GAAFTN
01tWC00000DD1LoYAL,GoAnywhere Accelerated File Transfer,GOA-GAM-NRPS-GAAFTP
01tWC00000DD1LpYAL,GoAnywhere Accelerated File Transfer-RenewalMaintenance,GOA-GAM-RRM-GAAFTR
01tWC00000DD1LqYAL,GoAnywhere Accelerated File Transfer,GOA-GAM-RSS-GAAFTS
01tWC00000DD1LrYAL,GoAnywhere Accelerated File Transfer Per Gbps-NewMaintenance,GOA-GAM-RNM-GOANYW
01tWC00000DD1LsYAL,GoAnywhere Accelerated File Transfer Per Gbps,GOA-GAM-NRPS-GAAP
01tWC00000DD1LtYAL,GoAnywhere Accelerated File Transfer Per Gbps-RenewalMaintenance,GOA-GAM-RRM-GAAM
01tWC00000DD1LuYAL,GoAnywhere Accelerated File Transfer Per Gbps,GOA-GAM-RSS-GAAS
01tWC00000DD1LvYAL,GoAnywhere Advanced Agent-NewMaintenance,GOA-GAM-RNM-GAAANM
01tWC00000DD1LwYAL,GoAnywhere Advanced Agent,GOA-GAM-NRPS-GAAAP
01tWC00000DD1LxYAL,GoAnywhere Advanced Agent-RenewalMaintenance,GOA-GAM-RRM-GAAARM
01tWC00000DD1LyYAL,GoAnywhere Advanced Agent,GOA-GAM-RSS-GAAAS
01tWC00000DD1LzYAL,GoAnywhere Advanced Reporting-NewMaintenance,GOA-GAM-RNM-GAARNM
01tWC00000DD1M0YAL,GoAnywhere Advanced Reporting,GOA-GAM-NRPS-GAARP
01tWC00000DD1M1YAL,GoAnywhere Advanced Reporting-RenewalMaintenance,GOA-GAM-RRM-GAARRM
01tWC00000DD1M2YAL,GoAnywhere Advanced Reporting,GOA-GAM-RSS-GAARS
01tWC00000DD1M3YAL,GoAnywhere Advanced Workflows-NewMaintenance,GOA-GAM-RNM-GAAWNM
01tWC00000DD1M4YAL,GoAnywhere Advanced Workflows,GOA-GAM-NRPS-GAAWP
01tWC00000DD1M5YAL,GoAnywhere Advanced Workflows-RenewalMaintenance,GOA-GAM-RRM-GAAWRM
01tWC00000DD1M6YAL,GoAnywhere Advanced Workflows,GOA-GAM-RSS-GAAWS
01tWC00000DD1M7YAL,GoAnywhere Advanced Workflows and Reporting-NewMaintenance,GOA-GAM-RNM-GAAWRN
01tWC00000DD1M8YAL,GoAnywhere Advanced Workflows and Reporting,GOA-GAM-NRPS-GAAWRP
01tWC00000DD1M9YAL,GoAnywhere Advanced Workflows and Reporting-RenewalMaintenance,GOA-GAM-RRM-GAAWRR
01tWC00000DD1MAYA1,GoAnywhere Advanced Workflows and Reporting,GOA-GAM-RSS-GAAWRS
01tWC00000DD1MBYA1,GoAnywhere Agent-NewMaintenance,GOA-GAM-RNM-GAANM
01tWC00000DD1MCYA1,GoAnywhere Agent,GOA-GAM-NRPS-GOAN
01tWC00000DD1MDYA1,GoAnywhere Agent-RenewalMaintenance,GOA-GAM-RRM-GAARM
01tWC00000DD1MEYA1,GoAnywhere Agent,GOA-GAM-RSS-GOAS
01tWC00000DD1MFYA1,GoAnywhere AS2 Send/Receive-NewMaintenance,GOA-GAM-RNM-GAASRN
01tWC00000DD1MGYA1,GoAnywhere AS2 Send/Receive,GOA-GAM-NRPS-GAASRP
01tWC00000DD1MHYA1,GoAnywhere AS2 Send/Receive-RenewalMaintenance,GOA-GAM-RRM-GAASRR
01tWC00000DD1MIYA1,GoAnywhere AS2 Send/Receive,GOA-GAM-RSS-GAASRS
01tWC00000DD1MJYA1,GoAnywhere AS3 Send/Receive-NewMaintenance,GOA-GAM-RNM-GONM
01tWC00000DD1MKYA1,GoAnywhere AS3 Send/Receive,GOA-GAM-NRPS-GORP
01tWC00000DD1MLYA1,GoAnywhere AS3 Send/Receive-RenewalMaintenance,GOA-GAM-RRM-GORM
01tWC00000DD1MMYA1,GoAnywhere AS3 Send/Receive,GOA-GAM-RSS-GORS
01tWC00000DD1MNYA1,GoAnywhere AS4 Send/Receive-NewMaintenance,GOA-GAM-RNM-GOANY
01tWC00000DD1MOYA1,GoAnywhere AS4 Send/Receive,GOA-GAM-NRPS-GANYWH
01tWC00000DD1MPYA1,GoAnywhere AS4 Send/Receive-RenewalMaintenance,GOA-GAM-RRM-GOAA
01tWC00000DD1MQYA1,GoAnywhere AS4 Send/Receive,GOA-GAM-RSS-GOANA
01tWC00000DD1MRYA1,GoAnywhere Basic Agent-NewMaintenance,GOA-GAM-RNM-GABANM
01tWC00000DD1MSYA1,GoAnywhere Basic Agent,GOA-GAM-NRPS-GABAP
01tWC00000DD1MTYA1,GoAnywhere Basic Agent-RenewalMaintenance,GOA-GAM-RRM-GABARM
01tWC00000DD1MUYA1,GoAnywhere Basic Agent,GOA-GAM-RSS-GABAS
01tWC00000DD1MVYA1,GoAnywhere Business Activity Monitor-NewMaintenance,GOA-GAM-RNM-GABAMN
01tWC00000DD1MWYA1,GoAnywhere Business Activity Monitor,GOA-GAM-NRPS-GABAMP
01tWC00000DD1MXYA1,GoAnywhere Business Activity Monitor-RenewalMaintenance,GOA-GAM-RRM-GABAMR
01tWC00000DD1MYYA1,GoAnywhere Business Activity Monitor,GOA-GAM-RSS-GABAMS
01tWC00000DD1MZYA1,GoAnywhere Cloud Connector Premium-NewMaintenance,GOA-GAM-RNM-GACCPN
01tWC00000DD1MaYAL,GoAnywhere Cloud Connector Premium,GOA-GAM-NRPS-GACCPP
01tWC00000DD1MbYAL,GoAnywhere Cloud Connector Premium-RenewalMaintenance,GOA-GAM-RRM-GACCPR
01tWC00000DD1McYAL,GoAnywhere Cloud Connector Premium,GOA-GAM-RSS-GACCPS
01tWC00000DD1MdYAL,GoAnywhere Cloud Connector Standard-NewMaintenance,GOA-GAM-RNM-GACCSN
01tWC00000DD1MeYAL,GoAnywhere Cloud Connector Standard,GOA-GAM-NRPS-GACCSP
01tWC00000DD1MfYAL,GoAnywhere Cloud Connector Standard-RenewalMaintenance,GOA-GAM-RRM-GACCSR
01tWC00000DD1MgYAL,GoAnywhere Cloud Connector Standard,GOA-GAM-RSS-GACCSS
01tWC00000DD1MhYAL,GoAnywhere Cloud Connector Standard Pack-NewMaintenance,GOA-GAM-RNM-GACM
01tWC00000DD1MiYAL,GoAnywhere Cloud Connector Standard Pack,GOA-GAM-NRPS-GACP
01tWC00000DD1MjYAL,GoAnywhere Cloud Connector Standard Pack-RenewalMaintenance,GOA-GAM-RRM-GOAC
01tWC00000DD1MkYAL,GoAnywhere Cloud Connector Standard Pack,GOA-GAM-RSS-GACS
01tWC00000DD1MlYAL,GoAnywhere Collaboration Bundle-NewMaintenance,GOA-GAM-RNM-GACBNM
01tWC00000DD1MmYAL,GoAnywhere Collaboration Bundle,GOA-GAM-NRPS-GACBP
01tWC00000DD1MnYAL,GoAnywhere Collaboration Bundle with Gateway,GOA-GAM-NRPS-GACBGP
01tWC00000DD1MoYAL,GoAnywhere Collaboration Bundle with Gateway and Threat Protection,GOA-GAM-NRPS-GACBGTPP
01tWC00000DD1MpYAL,GoAnywhere Collaboration Bundle-RenewalMaintenance,GOA-GAM-RRM-GACBRM
01tWC00000DD1MqYAL,GoAnywhere Collaboration Bundle,GOA-GAM-RSS-GACBS
01tWC00000DD1MrYAL,GoAnywhere Collaboration Bundle with Gateway,GOA-GAM-RSS-GACBGS
01tWC00000DD1MsYAL,GoAnywhere Collaboration Bundle with Gateway and Threat Protection,GOA-GAM-RSS-GACBGTPS
01tWC00000DD1MtYAL,GoAnywhere Contract Development,GOA-GAM-NRST-GACD
01tWC00000DD1MuYAL,GoAnywhere Core Server Bundle-NewMaintenance,GOA-GAM-RNM-GACSBN
01tWC00000DD1MvYAL,GoAnywhere Core Server Bundle,GOA-GAM-NRPS-GACSBP
01tWC00000DD1MwYAL,SEQUEL Client Report Option,BI-CRO-RSS-SCRS
01tWC00000DD1MxYAL,Sequel Data Warehouse-NewMaintenance,BI-SDW-RNM-SDWNM
01tWC00000DD1MyYAL,Sequel Data Warehouse,BI-SDW-NRPS-SDWP
01tWC00000DD1MzYAL,GoAnywhere Core Server Bundle with Gateway,GOA-GAM-NRPS-GACSBGP
01tWC00000DD1N0YAL,GoAnywhere Core Server Bundle with Gateway and Threat Protection,GOA-GAM-NRPS-GACSBGTP
01tWC00000DD1N1YAL,GoAnywhere Core Server Bundle-RenewalMaintenance,GOA-GAM-RRM-GACSBR
01tWC00000DD1N2YAL,GoAnywhere Core Server Bundle,GOA-GAM-RSS-GACSBS
01tWC00000DD1N3YAL,GoAnywhere Core Server Bundle with Gateway,GOA-GAM-RSS-GACSBGS
01tWC00000DD1N4YAL,GoAnywhere Core Server Bundle with Gateway and Threat Protection,GOA-GAM-RSS-GACSBGTS
01tWC00000DD1N5YAL,GoAnywhere Custom Bundle Training,GOA-GAM-NRST-GACBT
01tWC00000DD1N6YAL,GoAnywhere Enterprise Bundle-NewMaintenance,GOA-GAM-RNM-GAEBNM
01tWC00000DD1N7YAL,GoAnywhere Enterprise Bundle,GOA-GAM-NRPS-GAEBP
01tWC00000DD1N8YAL,GoAnywhere Enterprise Bundle-RenewalMaintenance,GOA-GAM-RRM-GAEBRM
01tWC00000DD1N9YAL,GoAnywhere Enterprise Bundle,GOA-GAM-RSS-GAEBS
01tWC00000DD1NAYA1,GoAnywhere Expert Services,GOA-GAM-RSP-GAES
01tWC00000DD1NBYA1,GoAnywhere FTP Client & Server-NewMaintenance,GOA-GAM-RNM-GAFCSN
01tWC00000DD1NCYA1,GoAnywhere FTP Client & Server,GOA-GAM-NRPS-GAFCSP
01tWC00000DD1NDYA1,GoAnywhere FTP Client & Server-RenewalMaintenance,GOA-GAM-RRM-GAFCSR
01tWC00000DD1NEYA1,GoAnywhere FTP Client & Server,GOA-GAM-RSS-GAFCSS
01tWC00000DD1NFYA1,GoAnywhere FTPS Server-NewMaintenance,GOA-GAM-RNM-GAFSNM
01tWC00000DD1NGYA1,GoAnywhere FTPS Server,GOA-GAM-NRPS-GAFSP
01tWC00000DD1NHYA1,GoAnywhere FTPS Server-RenewalMaintenance,GOA-GAM-RRM-GAFSRM
01tWC00000DD1NIYA1,GoAnywhere FTPS Server,GOA-GAM-RSS-GAFSS
01tWC00000DD1NJYA1,GoAnywhere Gateway-NewMaintenance,GOA-GAM-RNM-GAGNM
01tWC00000DD1NKYA1,GoAnywhere Gateway,GOA-GAM-NRPS-GAGP
01tWC00000DD1NLYA1,GoAnywhere Gateway-RenewalMaintenance,GOA-GAM-RRM-GAGRM
01tWC00000DD1NMYA1,GoAnywhere Gateway,GOA-GAM-RSS-GAGS
01tWC00000DD1NNYA1,GoAnywhere Gateway and Load Balancer-NewMaintenance,GOA-GAM-RNM-GAGLBN
01tWC00000DD1NOYA1,GoAnywhere Gateway and Load Balancer,GOA-GAM-NRPS-GAGLBP
01tWC00000DD1NPYA1,GoAnywhere Gateway and Load Balancer-RenewalMaintenance,GOA-GAM-RRM-GAGLBR
01tWC00000DD1NQYA1,GoAnywhere Gateway and Load Balancer,GOA-GAM-RSS-GAGLBS
01tWC00000DD1NRYA1,GoAnywhere Gateway Load Balancer-NewMaintenance,GOA-GAM-RNM-GAGM
01tWC00000DD1NSYA1,GoAnywhere Gateway Load Balancer,GOA-GAM-NRPS-GOBP
01tWC00000DD1NTYA1,GoAnywhere Gateway Load Balancer-RenewalMaintenance,GOA-GAM-RRM-GOAG
01tWC00000DD1NUYA1,GoAnywhere Gateway Load Balancer,GOA-GAM-RSS-GOBS
01tWC00000DD1NVYA1,GoAnywhere GoDrive-NewMaintenance,GOA-GAM-RNM-GAGDNM
01tWC00000DD1NWYA1,GoAnywhere GoDrive,GOA-GAM-NRPS-GAGDP
01tWC00000DD1NXYA1,GoAnywhere GoDrive-RenewalMaintenance,GOA-GAM-RRM-GAGDRM
01tWC00000DD1NYYA1,GoAnywhere GoDrive,GOA-GAM-RSS-GAGDS
01tWC00000DD1NZYA1,GoAnywhere GoFast Server-NewMaintenance,GOA-GAM-RNM-GAGFSN
01tWC00000DD1NaYAL,GoAnywhere GoFast Server,GOA-GAM-NRPS-GAGFSP
01tWC00000DD1NbYAL,GoAnywhere GoFast Server-RenewalMaintenance,GOA-GAM-RRM-GAGFSR
01tWC00000DD1NcYAL,GoAnywhere GoFast Server,GOA-GAM-RSS-GAGFSS
01tWC00000DD1NdYAL,GoAnywhere Health Check,GOA-GAM-NRST-GAHC
01tWC00000DD1NeYAL,GoAnywhere MFTaaS Additional Bandwidth,GOA-GMA-RSSH-GAMSAB
01tWC00000DD1NfYAL,GoAnywhere MFTaaS Additional Disk Usage,GOA-GMA-RSSH-GAMSAD
01tWC00000DD1NgYAL,GoAnywhere MFTaaS Additional Storage,GOA-GMA-RSSH-GAMSAS
01tWC00000DD1NhYAL,GoAnywhere MFTaaS Annual Infrastructure Fees,GOA-GMA-RSSH-GAMSAI
01tWC00000DD1NiYAL,GoAnywhere MFTaaS Hosting - Cloud Operations Annual Fee,GOA-GMA-RSL-GAMSHC
01tWC00000DD1NjYAL,GoAnywhere MFTaaS Hosting Management & Annual Infrastructure Fees,GOA-GMA-RSL-GAMSHM
01tWC00000DD1NkYAL,GoAnywhere MFTaaS ICAP - Infrastructure Setup,GOA-GMA-RSSH-GAMSII
01tWC00000DD1NlYAL,GoAnywhere PeSIT Client-NewMaintenance,GOA-GAM-RNM-GAPSCN
01tWC00000DD1NmYAL,GoAnywhere PeSIT Client,GOA-GAM-NRPS-GAPSCP
01tWC00000DD1NnYAL,GoAnywhere PeSIT Client-RenewalMaintenance,GOA-GAM-RRM-GAPSCR
01tWC00000DD1NoYAL,GoAnywhere PeSIT Client,GOA-GAM-RSS-GAPSCS
01tWC00000DD1NpYAL,GoAnywhere PeSIT Express Bundle-NewMaintenance,GOA-GAM-RNM-GAPSEB
01tWC00000DD1NqYAL,GoAnywhere PeSIT Express Bundle,GOA-GAM-NRPS-GAPP
01tWC00000DD1NrYAL,GoAnywhere PeSIT Express Bundle with Gateway,GOA-GAM-NRPS-GAPESTGP
01tWC00000DD1NsYAL,GoAnywhere PeSIT Express Bundle-RenewalMaintenance,GOA-GAM-RRM-GAPM
01tWC00000DD1NtYAL,GoAnywhere PeSIT Express Bundle,GOA-GAM-RSS-GAPS
01tWC00000DD1NuYAL,GoAnywhere PeSIT Express Bundle with Gateway,GOA-GAM-RSS-GAPESTGS
01tWC00000DD1NvYAL,GoAnywhere PeSIT Premium Bundle-NewMaintenance,GOA-GAM-RNM-GAPSPB
01tWC00000DD1NwYAL,GoAnywhere PeSIT Premium Bundle,GOA-GAM-NRPS-GOAP
01tWC00000DD1NxYAL,GoAnywhere PeSIT Premium Bundle-RenewalMaintenance,GOA-GAM-RRM-GOANP
01tWC00000DD1NyYAL,GoAnywhere PeSIT Premium Bundle,GOA-GAM-RSS-GOAPE
01tWC00000DD1NzYAL,GoAnywhere PeSIT Server-NewMaintenance,GOA-GAM-RNM-GAPSSN
01tWC00000DD1O0YAL,GoAnywhere PeSIT Server,GOA-GAM-NRPS-GAPSSP
01tWC00000DD1O1YAL,GoAnywhere PeSIT Server-RenewalMaintenance,GOA-GAM-RRM-GAPSSR
01tWC00000DD1O2YAL,GoAnywhere PeSIT Server,GOA-GAM-RSS-GAPSSS
01tWC00000DD1O3YAL,GoAnywhere PeSIT Starter Bundle-NewMaintenance,GOA-GAM-RNM-GAPSSB
01tWC00000DD1O4YAL,GoAnywhere PeSIT Starter Bundle,GOA-GAM-NRPS-GOANYP
01tWC00000DD1O5YAL,GoAnywhere PeSIT Starter Bundle with Gateway,GOA-GAM-NRPS-GAPESBGP
01tWC00000DD1O6YAL,GoAnywhere PeSIT Starter Bundle-RenewalMaintenance,GOA-GAM-RRM-GANYPE
01tWC00000DD1O7YAL,GoAnywhere PeSIT Starter Bundle,GOA-GAM-RSS-GANPE
01tWC00000DD1O8YAL,GoAnywhere PeSIT Starter Bundle with Gateway,GOA-GAM-RSS-GAPESBGS
01tWC00000DD1O9YAL,GoAnywhere Premium AS2-NewMaintenance,GOA-GAM-RNM-GAPANM
01tWC00000DD1OAYA1,GoAnywhere Premium AS2,GOA-GAM-NRPS-GAPAP
01tWC00000DD1OBYA1,GoAnywhere Premium AS2-RenewalMaintenance,GOA-GAM-RRM-GAPARM
01tWC00000DD1OCYA1,GoAnywhere Premium AS2,GOA-GAM-RSS-GAPAS
01tWC00000DD1ODYA1,GoAnywhere Premium Bundle-NewMaintenance,GOA-GAM-RNM-GAPBNM
01tWC00000DD1OEYA1,GoAnywhere Premium Bundle,GOA-GAM-NRPS-GAPBP
01tWC00000DD1OFYA1,GoAnywhere Premium Bundle - Clustered,GOA-GAM-NRPS-GAPBCP
01tWC00000DD1OGYA1,GoAnywhere Premium Bundle with Threat Protection,GOA-GAM-NRPS-GAPBTPCP
01tWC00000DD1OHYA1,GoAnywhere Premium Bundle-RenewalMaintenance,GOA-GAM-RRM-GAPBRM
01tWC00000DD1OIYA1,GoAnywhere Premium Bundle,GOA-GAM-RSS-GAPBS
01tWC00000DD1OJYA1,GoAnywhere Premium Bundle - Clustered,GOA-GAM-RSS-GAPBCS
01tWC00000DD1OKYA1,GoAnywhere Premium Bundle with Threat Protection,GOA-GAM-RSS-GAPBTPCS
01tWC00000DD1OLYA1,GoAnywhere QuickStart Services,GOA-GAM-NRSU-GAQSS
01tWC00000DD1OMYA1,GoAnywhere Secure Folders-NewMaintenance,GOA-GAM-RNM-GASFNM
01tWC00000DD1ONYA1,GoAnywhere Secure Folders,GOA-GAM-NRPS-GASFP
01tWC00000DD1OOYA1,GoAnywhere Secure Folders-RenewalMaintenance,GOA-GAM-RRM-GASFRM
01tWC00000DD1OPYA1,GoAnywhere Secure Folders,GOA-GAM-RSS-GASFS
01tWC00000DD1OQYA1,GoAnywhere Secure Forms-NewMaintenance,GOA-GAM-RNM-GASM
01tWC00000DD1ORYA1,GoAnywhere Secure Forms,GOA-GAM-NRPS-GASP
01tWC00000DD1OSYA1,GoAnywhere Secure Forms-RenewalMaintenance,GOA-GAM-RRM-GOANS
01tWC00000DD1OTYA1,GoAnywhere Secure Forms,GOA-GAM-RSS-GASS
01tWC00000DD1OUYA1,GoAnywhere Secure Mail-NewMaintenance,GOA-GAM-RNM-GASMNM
01tWC00000DD1OVYA1,GoAnywhere Secure Mail,GOA-GAM-NRPS-GASMP
01tWC00000DD1OWYA1,GoAnywhere Secure Mail-RenewalMaintenance,GOA-GAM-RRM-GASMRM
01tWC00000DD1OXYA1,GoAnywhere Secure Mail,GOA-GAM-RSS-GASMS
01tWC00000DD1OYYA1,GoAnywhere Security Domains-NewMaintenance,GOA-GAM-RNM-GASDNM
01tWC00000DD1OZYA1,GoAnywhere Security Domains,GOA-GAM-NRPS-GASDP
01tWC00000DD1OaYAL,GoAnywhere Security Domains-RenewalMaintenance,GOA-GAM-RRM-GASDRM
01tWC00000DD1ObYAL,GoAnywhere Security Domains,GOA-GAM-RSS-GASDS
01tWC00000DD1OcYAL,GoAnywhere Service Delivery Partner Training,GOA-GAM-NRST-GADPT
01tWC00000DD1OdYAL,GoAnywhere Services (legacy)-NewMaintenance,GOA-GAM-RNM-GASLNM
01tWC00000DD1OeYAL,GoAnywhere Services (legacy),GOA-GAM-NRPS-GASLP
01tWC00000DD1OfYAL,GoAnywhere Services (legacy)-RenewalMaintenance,GOA-GAM-RRM-GASLRM
01tWC00000DD1OgYAL,GoAnywhere SFTP Server-NewMaintenance,GOA-GAM-RNM-GASSNM
01tWC00000DD1OhYAL,GoAnywhere SFTP Server,GOA-GAM-NRPS-GASSP
01tWC00000DD1OiYAL,GoAnywhere SFTP Server-RenewalMaintenance,GOA-GAM-RRM-GASSRM
01tWC00000DD1OjYAL,GoAnywhere SFTP Server,GOA-GAM-RSS-GASSS
01tWC00000DD1OkYAL,GoAnywhere Standard Agent-NewMaintenance,GOA-GAM-RNM-GASANM
01tWC00000DD1OlYAL,GoAnywhere Standard Agent,GOA-GAM-NRPS-GASAP
01tWC00000DD1OmYAL,GoAnywhere Standard Agent-RenewalMaintenance,GOA-GAM-RRM-GASARM
01tWC00000DD1OnYAL,GoAnywhere Standard Agent,GOA-GAM-RSS-GASAS
01tWC00000DD1OoYAL,GoAnywhere Starter Bundle-NewMaintenance,GOA-GAM-RNM-GASBNM
01tWC00000DD1OpYAL,GoAnywhere Starter Bundle,GOA-GAM-NRPS-GASBP
01tWC00000DD1OqYAL,GoAnywhere Starter Bundle with Gateway,GOA-GAM-NRPS-GASBGP
01tWC00000DD1OrYAL,GoAnywhere Starter Bundle with Gateway and Threat Protection,GOA-GAM-NRPS-GASBGTPP
01tWC00000DD1OsYAL,GoAnywhere Starter Bundle-RenewalMaintenance,GOA-GAM-RRM-GASBRM
01tWC00000DD1OtYAL,GoAnywhere Starter Bundle,GOA-GAM-RSS-GASBS
01tWC00000DD1OuYAL,GoAnywhere Starter Bundle with Gateway,GOA-GAM-RSS-GASBGS
01tWC00000DD1OvYAL,GoAnywhere Starter Bundle with Gateway and Threat Protection,GOA-GAM-RSS-GASBGTPS
01tWC00000DD1OwYAL,GoAnywhere Support +,GOA-GAM-RSS-GO+S
01tWC00000DD1OxYAL,GoAnywhere Training,GOA-GAM-NRST-GAT
01tWC00000DD1OyYAL,GoAnywhere Travel Expense,GOA-GAM-NRSE-GATE
01tWC00000DD1OzYAL,GoAnywhere Ultimate AS2-NewMaintenance,GOA-GAM-RNM-GAUANM
01tWC00000DD1P0YAL,GoAnywhere Ultimate AS2,GOA-GAM-NRPS-GAUAP
01tWC00000DD1P1YAL,GoAnywhere Ultimate AS2-RenewalMaintenance,GOA-GAM-RRM-GAUARM
01tWC00000DD1P2YAL,GoAnywhere Ultimate AS2,GOA-GAM-RSS-GAUAS
01tWC00000DD1P3YAL,GoAnywhere Workflows Basic-NewMaintenance,GOA-GAM-RNM-GAWBNM
01tWC00000DD1P4YAL,GoAnywhere Workflows Basic,GOA-GAM-NRPS-GAWBP
01tWC00000DD1P5YAL,GoAnywhere Workflows Basic-RenewalMaintenance,GOA-GAM-RRM-GAWBRM
01tWC00000DD1P6YAL,GoAnywhere Workflows Basic,GOA-GAM-RSS-GAWBS
01tWC00000DD1P7YAL,GoAnywhere Workflows Express-NewMaintenance,GOA-GAM-RNM-GAWENM
01tWC00000DD1P8YAL,GoAnywhere Workflows Express,GOA-GAM-NRPS-GAWEP
01tWC00000DD1P9YAL,GoAnywhere Workflows Express-RenewalMaintenance,GOA-GAM-RRM-GAWERM
01tWC00000DD1PAYA1,GoAnywhere Workflows Express,GOA-GAM-RSS-GAWES
01tWC00000DD1PBYA1,GoAnywhere Workflows Restricted-NewMaintenance,GOA-GAM-RNM-GAWRNM
01tWC00000DD1PCYA1,GoAnywhere Workflows Restricted,GOA-GAM-NRPS-GAWRP
01tWC00000DD1PDYA1,GoAnywhere Workflows Restricted-RenewalMaintenance,GOA-GAM-RRM-GAWRRM
01tWC00000DD1PEYA1,GoAnywhere Workflows Restricted,GOA-GAM-RSS-GAWRS
01tWC00000DD1PFYA1,Green Screen-NewMaintenance,BI-SQ-RNM-GREENE
01tWC00000DD1PGYA1,Green Screen,BI-SQ-NRPS-GREEPE
01tWC00000DD1PHYA1,Green Screen-RenewalMaintenance,BI-SQ-RRM-GREERE
01tWC00000DD1PIYA1,GSM TC35 Terminal Ph-NewMaintenance,SM-SYM-RNM-GSMTTP
01tWC00000DD1PJYA1,GSM TC35 Terminal Ph,SM-SYM-NRPS-GSMTC3
01tWC00000DD1PKYA1,GSM TC35 Terminal Ph-RenewalMaintenance,SM-SYM-RRM-GSMTCT
01tWC00000DD1PLYA1,GSM TC65 Terminal Ph-NewMaintenance,SM-SYM-RNM-GSMTC6
01tWC00000DD1PMYA1,GSM TC65 Terminal Ph,SM-SYM-NRPS-GSMTCP
01tWC00000DD1PNYA1,GSM TC65 Terminal Ph-RenewalMaintenance,SM-SYM-RRM-GSMTCR
01tWC00000DD1POYA1,HA-MX Monitor-NewMaintenance,SM-HAM-RNM-HAMNEW
01tWC00000DD1PPYA1,HA-MX Monitor,SM-HAM-NRPS-HAMPER
01tWC00000DD1PQYA1,HA-MX Monitor-RenewalMaintenance,SM-HAM-RRM-HAMREN
01tWC00000DD1PRYA1,HA-MX Monitor,SM-HAM-RSS-HAMSUB
01tWC00000DD1PSYA1,Halcyon Exit Point Manager-NewMaintenance,SM-HEP-RNM-HEPMNM
01tWC00000DD1PTYA1,Halcyon Exit Point Manager,SM-HEP-NRPS-HEPMP
01tWC00000DD1PUYA1,Halcyon Exit Point Manager-RenewalMaintenance,SM-HEP-RRM-HEPMRM
01tWC00000DD1PVYA1,Halcyon Exit Point Manager,SM-HEP-RSS-HEPMS
01tWC00000DD1PWYA1,Halcyon Services,SM-HEP-NRST-HALCYO
01tWC00000DD1PXYA1,Halcyon Recuring Services,SM-HEP-RSP-HLRS
01tWC00000DD1PYYA1,Halcyon Travel Expense,SM-HEP-NRSE-HTE
01tWC00000DD1PZYA1,Hardware,ES-SEG-NROR-HARDWA
01tWC00000DD1PaYAL,Health Check,ES-DMP-NRST-HEALTH
01tWC00000DD1PbYAL,HIPAA/HITECH Awareness,HRM-HRM-RSL-HIPAAH
01tWC00000DD1PcYAL,"HMM, HEP, HPM-NewMaintenance",SM-SYM-RNM-HHHNEW
01tWC00000DD1PdYAL,"HMM, HEP, HPM",SM-SYM-NRPS-HHHPER
01tWC00000DD1PeYAL,"HMM, HEP, HPM-RenewalMaintenance",SM-SYM-RRM-HHHREN
01tWC00000DD1PfYAL,"HMM, HEP, HPM",SM-SYM-RSS-HHHSUB
01tWC00000DD1PgYAL,Hosting Service For SECURE Web Gateway,ES-SEG-RSS-HOSTSS
01tWC00000DD1PhYAL,Hosting Services for SECURE Email Gateway,ES-SEG-RSS-HOSTSE
01tWC00000DD1PiYAL,Hourly Rate AfterHours Fee Upcharge T&M,GS-GSE-NRST-HRAHFU
01tWC00000DD1PjYAL,Hourly Rate Sr Project Manager PrePaid,GS-GSE-NRST-HRSPMP
01tWC00000DD1PkYAL,Hourly Rate Sr Project Manager T&M,GS-GSE-NRST-HRSPMT
01tWC00000DD1PlYAL,Hourly Rate Sr. Consultant PrePaid,GS-GSE-NRST-HRSCPP
01tWC00000DD1PmYAL,Hourly Rate Sr. Consultant T&M,GS-GSE-NRST-HRSCTM
01tWC00000DD1PnYAL,Hourly Rate Sr. Developer PrePaid,GS-GSE-NRST-HRSDPP
01tWC00000DD1PoYAL,Hourly Rate Sr. Developer T&M,GS-GSE-NRST-HRSDTM
01tWC00000DD1PpYAL,Hourly Services,NW-INT-NRST-HOURLY
01tWC00000DD1PqYAL,HTML Report Converter-NewMaintenance,DM-IRC-RNM-HTMLNE
01tWC00000DD1PrYAL,HTML Report Converter,DM-IRC-NRPS-HTMLPE
01tWC00000DD1PsYAL,HTML Report Converter-RenewalMaintenance,DM-IRC-RRM-HTMLRE
01tWC00000DD1PtYAL,HTML Report Converter,DM-IRC-RSS-HTMLSU
01tWC00000DD1PuYAL,HTTPS Feature for SECURE Web Gateway-NewMaintenance,ES-SWG-RNM-HTTPSF
01tWC00000DD1PvYAL,HTTPS Feature for SECURE Web Gateway,ES-SWG-NRPS-HTTPS
01tWC00000DD1PwYAL,HTTPS Feature for SECURE Web Gateway-RenewalMaintenance,ES-SWG-RRM-HFSM
01tWC00000DD1PxYAL,HTTPS Server (includes Web client)-NewMaintenance,GS-GSE-RNM-HTTPSS
01tWC00000DD1PyYAL,HTTPS Server (includes Web client),GS-GSE-NRPS-HSIP
01tWC00000DD1PzYAL,HTTPS Server (includes Web client) - Yearly,GS-GSE-RSS-HSIS
01tWC00000DD1Q0YAL,HTTPS Server (includes Web client) - Yearly-NewMaintenance,GS-GSE-RNM-HSWCYNM
01tWC00000DD1Q1YAL,Human Risk Management-RenewalMaintenance,HRM-HRM-RRM-HRMRM
01tWC00000DD1Q2YAL,ICAP MFTaaS Hosting Fees,ES-SEG-RSSH-ICAPHF
01tWC00000DD1Q3YAL,"ICAP MFTaaS Hosting, Management & Infrastructure Fees",ES-SEG-RSL-ICAPHM
01tWC00000DD1Q4YAL,ICAP MFTaaS Management Fees,ES-SEG-RSL-ICAPMF
01tWC00000DD1Q5YAL,iEncrypt-NewMaintenance,DM-IBM-RNM-IENCNE
01tWC00000DD1Q6YAL,iEncrypt,DM-IBM-NRPS-IENCPE
01tWC00000DD1Q7YAL,iEncrypt-RenewalMaintenance,DM-IBM-RRM-IENCRE
01tWC00000DD1Q8YAL,iEncrypt,DM-IBM-RSS-IENCSU
01tWC00000DD1Q9YAL,IFDS Suite-NewMaintenance,SM-HCS-RNM-IFDSNE
01tWC00000DD1QAYA1,IFDS Suite,SM-HCS-NRPS-IFDSPE
01tWC00000DD1QBYA1,IFDS Suite-RenewalMaintenance,SM-HCS-RRM-IFDSRE
01tWC00000DD1QCYA1,iForms-NewMaintenance,DM-IFO-RNM-IFORNE
01tWC00000DD1QDYA1,Linux on Power,SM-NSS-RSS-LOPSUB
01tWC00000DD1QEYA1,Local Key Store Connector,DP-SC-RSL-LKSCS
01tWC00000DD1QFYA1,LPAR-NewMaintenance,SM-RLP-RNM-LPARNE
01tWC00000DD1QGYA1,LPAR,SM-RLP-NRPS-LPARPE
01tWC00000DD1QHYA1,LPAR-RenewalMaintenance,SM-RLP-RRM-LPARRE
01tWC00000DD1QIYA1,LPAR,SM-RLP-RSS-LPARSU
01tWC00000DD1QJYA1,Lvl1: Message Management Suite-NewMaintenance,SM-LMM-RNM-LMMSNE
01tWC00000DD1QKYA1,Lvl1: Message Management Suite,SM-LMM-NRPS-LMMSPE
01tWC00000DD1QLYA1,Lvl1: Message Management Suite-RenewalMaintenance,SM-LMM-RRM-LMMSRE
01tWC00000DD1QMYA1,Lvl1: Message Management Suite,SM-LMM-RSS-LMMSSU
01tWC00000DD1QNYA1,Lvl2: Systems Operations Suite-NewMaintenance,SM-LSO-RNM-LSOSNE
01tWC00000DD1QOYA1,Lvl2: Systems Operations Suite,SM-LSO-NRPS-LSOSPE
01tWC00000DD1QPYA1,Lvl2: Systems Operations Suite-RenewalMaintenance,SM-LSO-RRM-LSOSRE
01tWC00000DD1QQYA1,Lvl2: Systems Operations Suite,SM-LSO-RSS-LSOSSU
01tWC00000DD1QRYA1,Lvl3: Advanced Automation Suite-NewMaintenance,SM-LAA-RNM-LAASNE
01tWC00000DD1QSYA1,Lvl3: Advanced Automation Suite,SM-LAA-NRPS-LAASPE
01tWC00000DD1QTYA1,Lvl3: Advanced Automation Suite-RenewalMaintenance,SM-LAA-RRM-LAASRE
01tWC00000DD1QUYA1,Lvl3: Advanced Automation Suite,SM-LAA-RSS-LAASSU
01tWC00000DD1QVYA1,Lvl4: Operations Center Suite-NewMaintenance,SM-LOC-RNM-LOCSNE
01tWC00000DD1QWYA1,Lvl4: Operations Center Suite,SM-LOC-NRPS-LOCSPE
01tWC00000DD1QXYA1,Lvl4: Operations Center Suite-RenewalMaintenance,SM-LOC-RRM-LOCSRE
01tWC00000DD1QYYA1,Lvl4: Operations Center Suite,SM-LOC-RSS-LOCSSU
01tWC00000DD1QZYA1,Mac Classifier-NewMaintenance,DP-DC-RNM-MACCNE
01tWC00000DD1QaYAL,Mac Classifier,DP-DC-NRPS-MACCPE
01tWC00000DD1QbYAL,Mac Classifier-RenewalMaintenance,DP-DC-RRM-MACCRE
01tWC00000DD1QcYAL,Mail Hosting,DM-WCU-RSS-MHS
01tWC00000DD1QdYAL,Malware Feed,BP-ETM-RMS-MFS
01tWC00000DD1QeYAL,SecureCare,CS-SEC-RSP-SCSVC
01tWC00000DD1QfYAL,Managed Service,DP-DLP-RMS-MSS
01tWC00000DD1QgYAL,Managed Service For SECURE Email Gateway,ES-SEG-RSP-MSSEG
01tWC00000DD1QhYAL,Managed Services - Security Awareness training campaign,HRM-HRM-NRST-MSSATCS
01tWC00000DD1QiYAL,Managed Services,DP-DLP-RMS-MANAGE
01tWC00000DD1QjYAL,MCP Remote Support-NewMaintenance,SM-PN-RNM-MCPRNE
01tWC00000DD1QkYAL,MCP Remote Support,SM-PN-NRPS-MCPRPE
01tWC00000DD1QlYAL,MCP Remote Support-RenewalMaintenance,SM-PN-RRM-MCPRRE
01tWC00000DD1QmYAL,Menu & Application Program-NewMaintenance,CS-DFT-RNM-MAPNEW
01tWC00000DD1QnYAL,Menu & Application Program,CS-DFT-NRPS-MAPPER
01tWC00000DD1QoYAL,Menu & Application Program-RenewalMaintenance,CS-DFT-RRM-MAPREN
01tWC00000DD1QpYAL,Menu & Application Program,CS-DFT-RSS-MAPSUB
01tWC00000DD1QqYAL,Message Classification-NewMaintenance,DP-DC-RNM-MCNM
01tWC00000DD1QrYAL,Message Classification,DP-DC-NRPS-MCP
01tWC00000DD1QsYAL,Message Classification-RenewalMaintenance,DP-DC-RRM-MCRM
01tWC00000DD1QtYAL,Message Classification & Classification for Office & Classification for Desktop Bundle-NewMaintenance,DP-DC-RNM-MCCOCD
01tWC00000DD1QuYAL,Message Classification & Classification for Office & Classification for Desktop Bundle - Enterprise,DP-DC-NRPS-MCOCDBEP
01tWC00000DD1QvYAL,Message Classification & Classification for Office & Classification for Desktop Bundle - Standard,DP-DC-NRPS-MCOCDBSP
01tWC00000DD1QwYAL,Message Classification & Classification for Office & Classification for Desktop Bundle-RenewalMaintenance,DP-DC-RRM-MCCM
01tWC00000DD1QxYAL,Message Classification & Classification for Office Enterprise Bundle-NewMaintenance,DP-DC-RNM-MCCOEB
01tWC00000DD1QyYAL,Message Classification & Classification for Office Enterprise Bundle,DP-DC-NRPS-MCCP
01tWC00000DD1QzYAL,Message Classification & Classification for Office Enterprise Bundle-RenewalMaintenance,DP-DC-RRM-MECL
01tWC00000DD1R0YAL,Message Communicator-NewMaintenance,SM-SYM-RNM-MECO
01tWC00000DD1R1YAL,Message Communicator,SM-SYM-NRPS-MECP
01tWC00000DD1R2YAL,Message Communicator-RenewalMaintenance,SM-SYM-RRM-MERM
01tWC00000DD1R3YAL,Message Communicator,SM-SYM-RSS-MCS
01tWC00000DD1R4YAL,Message Manager-NewMaintenance,SM-SYM-RNM-MMNM
01tWC00000DD1R5YAL,Message Manager,SM-SYM-NRPS-MMP
01tWC00000DD1R6YAL,Message Manager-RenewalMaintenance,SM-SYM-RRM-MMRM
01tWC00000DD1R7YAL,Message Manager,SM-SYM-RSS-MMS
01tWC00000DD1R8YAL,MessengerConsole-NewMaintenance,SM-MES-RNM-MESSNE
01tWC00000DD1R9YAL,MessengerConsole,SM-MES-NRPS-MESSPE
01tWC00000DD1RAYA1,MessengerConsole-RenewalMaintenance,SM-MES-RRM-MESSRE
01tWC00000DD1RBYA1,MessengerConsole,SM-MES-RSS-MESSSU
01tWC00000DD1RCYA1,MessengerPlus-NewMaintenance,SM-MP-RNM-MPNM
01tWC00000DD1RDYA1,MessengerPlus,SM-MP-NRPS-MPP
01tWC00000DD1REYA1,MessengerPlus-RenewalMaintenance,SM-MP-RRM-MPRM
01tWC00000DD1RFYA1,MessengerPlus,SM-MP-RSS-MPS
01tWC00000DD1RGYA1,Metrics Catalog - PS-AM-NewMaintenance,CM-TQO-RNM-MCPANE
01tWC00000DD1RHYA1,Metrics Catalog - PS-AM,CM-TQO-NRPS-MCPAPE
01tWC00000DD1RIYA1,Metrics Catalog - PS-AM-RenewalMaintenance,CM-TQO-RRM-MCPARE
01tWC00000DD1RJYA1,Microlearning,HRM-HRM-RSL-MICROL
01tWC00000DD1RKYA1,Microsoft Office Add-Ins-NewMaintenance,DM-DML-RNM-MOAINE
01tWC00000DD1RLYA1,Microsoft Office Add-Ins,DM-DML-NRPS-MOAIPE
01tWC00000DD1RMYA1,Microsoft Office Add-Ins-RenewalMaintenance,DM-DML-RRM-MOAIRE
01tWC00000DD1RNYA1,Mizuno Suite-NewMaintenance,SM-HCS-RNM-MIZUNE
01tWC00000DD1ROYA1,Mizuno Suite,SM-HCS-NRPS-MIZUPE
01tWC00000DD1RPYA1,Mizuno Suite-RenewalMaintenance,SM-HCS-RRM-MIZURE
01tWC00000DD1RQYA1,Mobile,BP-ETM-RMS-MOBISU
01tWC00000DD1RRYA1,Mobile Classifier-NewMaintenance,DP-DC-RNM-MOBICN
01tWC00000DD1RSYA1,Mobile Classifier,DP-DC-NRPS-MOBICL
01tWC00000DD1RTYA1,Mobile Classifier-RenewalMaintenance,DP-DC-RRM-MOBICR
01tWC00000DD1RUYA1,Mobile Classifier,DP-DC-RSS-MOBICS
01tWC00000DD1RVYA1,Money Mule Account Feed,ES-DMP-RMS-MMAFS
01tWC00000DD1RWYA1,Monitor-NewMaintenance,SM-ROM-RNM-MONINE
01tWC00000DD1RXYA1,Monitor,SM-ROM-NRPS-MONIPE
01tWC00000DD1RYYA1,Monitor-RenewalMaintenance,SM-ROM-RRM-MONIRE
01tWC00000DD1RZYA1,Monitor,SM-ROM-RSS-MONISU
01tWC00000DD1RaYAL,MPG Capacity Planning with Performance Navigator,SM-PN-NRST-MPGC
01tWC00000DD1RbYAL,MQ Manager-NewMaintenance,SM-MQM-RNM-MQMNEW
01tWC00000DD1RcYAL,MQ Manager,SM-MQM-NRPS-MQMPER
01tWC00000DD1RdYAL,MQ Manager-RenewalMaintenance,SM-MQM-RRM-MQMREN
01tWC00000DD1ReYAL,MQ Manager,SM-MQM-RSS-MQMSUB
01tWC00000DD1RfYAL,MSSP,HRM-HRM-RSL-MSSPS
01tWC00000DD1RgYAL,Multi-site Gateway-NewMaintenance,GS-GSE-RNM-MSGNEW
01tWC00000DD1RhYAL,Multi-site Gateway,GS-GSE-NRPS-MSGPER
01tWC00000DD1RiYAL,Multi-site Gateway - Yearly,GS-GSE-RSS-MSGYEA
01tWC00000DD1RjYAL,Multi-site Gateway - Yearly-NewMaintenance,GS-GSE-RNM-MSGYNM
01tWC00000DD1RkYAL,Multiple System Administrator-NewMaintenance,CS-DFT-RNM-MSANEW
01tWC00000DD1RlYAL,Multiple System Administrator,CS-DFT-NRPS-MSAPER
01tWC00000DD1RmYAL,Multiple System Administrator-RenewalMaintenance,CS-DFT-RRM-MSAREN
01tWC00000DD1RnYAL,Multiple System Administrator,CS-DFT-RSS-MSASUB
01tWC00000DD1RoYAL,Nanolearning,HRM-HRM-RSL-NANOLE
01tWC00000DD1RpYAL,Native AFP to PDF Report-NewMaintenance,DM-DML-RNM-NATPRN
01tWC00000DD1RqYAL,Native AFP to PDF Report,DM-DML-NRPS-NATPRP
01tWC00000DD1TRYA1,OCR Feature For SECURE ICAP Gateway-NewMaintenance,ES-SIG-RNM-OCRFE
01tWC00000DD1TSYA1,OCR Feature For SECURE ICAP Gateway,ES-SIG-NRPS-OCRFEA
01tWC00000DD1TTYA1,OCR Feature For SECURE ICAP Gateway-RenewalMaintenance,ES-SIG-RRM-OCFEAT
01tWC00000DD1TUYA1,OCR Feature For SECURE ICAP Gateway,ES-SIG-RSS-OFEATU
01tWC00000DD1TVYA1,OCR Feature For SECURE Web Gateway-NewMaintenance,ES-SWG-RNM-OCRFS
01tWC00000DD1TWYA1,OCR Feature For SECURE Web Gateway,ES-SWG-NRPS-OCRFES
01tWC00000DD1TXYA1,OCR Feature For SECURE Web Gateway-RenewalMaintenance,ES-SWG-RRM-OCRFSE
01tWC00000DD1TYYA1,OCR Feature For SECURE Web Gateway,ES-SWG-RSS-OCFEAS
01tWC00000DD1TZYA1,OCR For SECURE ICAP Gateway Per Instance-NewMaintenance,ES-SIG-RNM-OCRS
01tWC00000DD1TaYAL,OCR For SECURE ICAP Gateway Per Instance,ES-SIG-NRPS-OSIP
01tWC00000DD1TbYAL,OCR For SECURE ICAP Gateway Per Instance-RenewalMaintenance,ES-SIG-RRM-OSIM
01tWC00000DD1TcYAL,OCR For SECURE ICAP Gateway Per Instance,ES-SIG-RSS-OSIS
01tWC00000DD1TdYAL,Offensive Security-NewMaintenance,OS-CI-RNM-OFFENE
01tWC00000DD1TeYAL,Offensive Security-RenewalMaintenance,OS-CI-RRM-OFFERE
01tWC00000DD1TfYAL,Offensive Security Services,OS-OFS-NRST-OFFESE
01tWC00000DD1TgYAL,On-Prem CASB Premium Support,CDP-CSB-RSL-OPCPSS
01tWC00000DD1ThYAL,On-Prem CASB Professional Services,CDP-CSB-RSL-OPCPRO
01tWC00000DD1TiYAL,On-Prem CASB Software,CDP-CSB-RSL-OPCSOF
01tWC00000DD1TjYAL,Onboarding,ES-DMP-NRST-ONBOAR
01tWC00000DD1TkYAL,OnPremise Encryption Portal For SECURE Email Gateway,ES-SEG-RSS-OPEPSE
01tWC00000DD1TlYAL,Open Web,BP-ETM-RMS-OPENSU
01tWC00000DD1TmYAL,Open Web Application Security Project (OWASP),HRM-HRM-RSL-OPENAS
01tWC00000DD1TnYAL,ORG PERP SECURE Email Gateway-NewMaintenance,ES-SEG-RNM-ORGPNE
01tWC00000DD1ToYAL,ORG PERP SECURE Email Gateway,ES-SEG-NRPS-ORGPPE
01tWC00000DD1TpYAL,ORG PERP SECURE Email Gateway-RenewalMaintenance,ES-SEG-RRM-ORGPRE
01tWC00000DD1TqYAL,Red Team Suite Named User,OS-OFS-RSL-RTSNUS
01tWC00000DD1TrYAL,OST & Cobalt Bundle,OS-OFS-RSL-OSTC
01tWC00000DD1TsYAL,Offensive Secutity Suite - Named User,OS-CI-RSL-OSBNUS
01tWC00000DD1TtYAL,Core Impact Enterprise & 5 seats each OST & Cobalt Strike Bundle,OS-CI-RSL-CIEOST5
01tWC00000DD1TuYAL,Core Impact Enterprise & 10 seats each OST & Cobalt Strike Bundle,OS-CI-RSL-CIEOST10
01tWC00000DD1TvYAL,Outflank Security Tooling (OST),OS-OFS-RSL-OSTOS
01tWC00000DD1TwYAL,OWA Classifier-NewMaintenance,DP-DC-RNM-OWACNE
01tWC00000DD1TxYAL,OWA Classifier,DP-DC-NRPS-OWACPE
01tWC00000DD1TyYAL,OWA Classifier-RenewalMaintenance,DP-DC-RRM-OWACRE
01tWC00000DD1TzYAL,OWA Classifier,DP-DC-RSS-OWACSU
01tWC00000DD1U0YAL,Paragon Suite-NewMaintenance,SM-HCS-RNM-PARANE
01tWC00000DD1U1YAL,Paragon Suite,SM-HCS-NRPS-PARAPE
01tWC00000DD1U2YAL,Paragon Suite-RenewalMaintenance,SM-HCS-RRM-PARARE
01tWC00000DD1U3YAL,Paragon Suite,SM-HCS-RSS-PARASU
01tWC00000DD1U4YAL,Parallel Loading-NewMaintenance,BI-SDW-RNM-PLNM
01tWC00000DD1U5YAL,Parallel Loading,BI-SDW-NRPS-PLP
01tWC00000DD1U6YAL,Parallel Loading-RenewalMaintenance,BI-SDW-RRM-PLRM
01tWC00000DD1U7YAL,Parallel Loading,BI-SDW-RSS-PLS
01tWC00000DD1U8YAL,Partner Exclusive : Phishing Simulation Starter Kit,HRM-HRM-RSL-PE:PSS
01tWC00000DD1U9YAL,Password Reset-NewMaintenance,SM-PRM-RNM-PASSNE
01tWC00000DD1UAYA1,Password Reset,SM-PRM-NRPS-PASSPE
01tWC00000DD1UBYA1,Password Reset-RenewalMaintenance,SM-PRM-RRM-PASSRE
01tWC00000DD1UCYA1,Password Reset,SM-PRM-RSS-PASSSU
01tWC00000DD1UDYA1,PCI DSS Awareness,HRM-HRM-RSL-PCIDSS
01tWC00000DD1UEYA1,PCI Pro - Fully Managed,VM-VLM-RSL-PCIPFM
01tWC00000DD1UFYA1,PCI-ASV Scanning - External Only,VM-VLM-RSL-PCIASV
01tWC00000DD1UGYA1,PCL to PDF Converter-NewMaintenance,DM-IBM-RNM-PCLTNE
01tWC00000DD1UHYA1,PCL to PDF Converter,DM-IBM-NRPS-PCLTPE
01tWC00000DD1UIYA1,PCL to PDF Converter-RenewalMaintenance,DM-IBM-RRM-PCLTRE
01tWC00000DD1UJYA1,PCL to PDF Converter,DM-IBM-RSS-PCLTSU
01tWC00000DD1UKYA1,PDF Converter-NewMaintenance,DM-IRC-RNM-PDFCNM
01tWC00000DD1ULYA1,PDF Converter,DM-IRC-NRPS-PDFCON
01tWC00000DD1UMYA1,PDF Converter-RenewalMaintenance,DM-IRC-RRM-PDFCRM
01tWC00000DD1UNYA1,PDF Converter,DM-IRC-RSS-PDFCOS
01tWC00000DD1UOYA1,PDF Splitter-NewMaintenance,DM-PCR-RNM-PDFSNM
01tWC00000DD1UPYA1,PDF Splitter,DM-PCR-NRPS-PDFSPL
01tWC00000DD1UQYA1,PDF Splitter-RenewalMaintenance,DM-PCR-RRM-PDFSRM
01tWC00000DD1URYA1,PDF Splitter,DM-PCR-RSS-PDFSPS
01tWC00000DD1USYA1,PeekPlus-NewMaintenance,SM-PKP-RNM-PEEKNE
01tWC00000DD1UTYA1,PeekPlus,SM-PKP-NRPS-PEEKPE
01tWC00000DD1UUYA1,PeekPlus-RenewalMaintenance,SM-PKP-RRM-PEEKRE
01tWC00000DD1UVYA1,PeekPlus,SM-PKP-RSS-PEEKSU
01tWC00000DD1UWYA1,Perf Analyzer GUI-NewMaintenance,SM-PFA-RNM-PAGNEW
01tWC00000DD1UXYA1,Perf Analyzer GUI,SM-PFA-NRPS-PAGPER
01tWC00000DD1UYYA1,Perf Analyzer GUI-RenewalMaintenance,SM-PFA-RRM-PAGREN
01tWC00000DD1UZYA1,Perf Analyzer GUI,SM-PFA-RSS-PAGSUB
01tWC00000DD1UaYAL,Performance Analyzer-NewMaintenance,SM-PFA-RNM-PANM
01tWC00000DD1UbYAL,Performance Analyzer,SM-PFA-NRPS-PAP
01tWC00000DD1UcYAL,Performance Analyzer-RenewalMaintenance,SM-PFA-RRM-PARM
01tWC00000DD1UdYAL,Performance Analyzer,SM-PFA-RSS-PAS
01tWC00000DD1UeYAL,Performance Monitor-NewMaintenance,SM-SYM-RNM-PMNM
01tWC00000DD1UfYAL,Performance Monitor,SM-SYM-NRPS-PMP
01tWC00000DD1UgYAL,Performance Monitor-RenewalMaintenance,SM-SYM-RRM-PMRM
01tWC00000DD1UhYAL,Performance Monitor,SM-SYM-RSS-PMS
01tWC00000DD1UiYAL,Performance Navigator-NewMaintenance,SM-PN-RNM-PNNM
01tWC00000DD1UjYAL,Performance Navigator,SM-PN-NRPS-PNP
01tWC00000DD1UkYAL,Performance Navigator-RenewalMaintenance,SM-PN-RRM-PNRM
01tWC00000DD1UlYAL,Performance Navigator,SM-PN-RSS-PNS
01tWC00000DD1UmYAL,Performance Navigator for IBM i-NewMaintenance,SM-PN-RNM-PNIINM
01tWC00000DD1UnYAL,Performance Navigator for IBM i-RenewalMaintenance,SM-PN-RRM-PNIIRM
01tWC00000DD1UoYAL,Personally Identifiable Information (PII),HRM-HRM-RSL-PIIPS
01tWC00000DD1UpYAL,PGP Actions-NewMaintenance,GS-GSE-RNM-PGPANE
01tWC00000DD1UqYAL,PGP Actions,GS-GSE-NRPS-PGPAPE
01tWC00000DD1UrYAL,PGP Actions - Yearly,GS-GSE-RSS-PGPAYE
01tWC00000DD1UsYAL,PGP Actions - Yearly-NewMaintenance,GS-GSE-RNM-PAYNM
01tWC00000DD1UtYAL,Phishing and Internet Fraud Prevention Services,VM-DDL-RMS-PHISIF
01tWC00000DD1UuYAL,Phishing Defense,ES-CEP-RSL-PHISDE
01tWC00000DD1UvYAL,Phishing Feed,BP-ETM-RMS-PHISFE
01tWC00000DD1UwYAL,Phishing Response,ES-SEA-RSL-PHISRE
01tWC00000DD1UxYAL,Phishing Threat Forensics,BP-ETM-RMS-PHISTH
01tWC00000DD1UyYAL,Physical Security Site Review - Project,VM-VLM-NRST-PSSRPS
01tWC00000DD1UzYAL,Physical Security Site Review - Recurring,VM-VLM-RSP-PSSRRS
01tWC00000DD1V0YAL,PMPlus OS2200-1-Year-Tier10-Mainframe-NewMaintenance,CM-TQO-RNM-PO1YNE
01tWC00000DD1V1YAL,PMPlus OS2200-1-Year-Tier10-Mainframe,CM-TQO-NRPS-PO1YPE
01tWC00000DD1V2YAL,PMPlus OS2200-1-Year-Tier10-Mainframe-RenewalMaintenance,CM-TQO-RRM-PO1YRE
01tWC00000DD1V3YAL,PMPlus OS2200-1-Year-Tier10-Mainframe,CM-TQO-RSS-PO1YSU
01tWC00000DD1V4YAL,Policy Manager for Desktops - License Usage Fee,FIM-FIM-NROR-PMFDLUFO
01tWC00000DD1V5YAL,Policy Manager for Desktops-NewMaintenance,FIM-FIM-RNM-PMDNM
01tWC00000DD1V6YAL,Policy Manager for Desktops,FIM-FIM-NRPS-PMDP
01tWC00000DD1V7YAL,Policy Manager for Desktops-RenewalMaintenance,FIM-FIM-RRM-PMDRM
01tWC00000DD1V8YAL,Policy Manager for Desktops,FIM-FIM-RSS-PMDS
01tWC00000DD1V9YAL,Policy Manager for File Systems - License Usage Fee,FIM-FIM-NROR-PMFSLF
01tWC00000DD1VAYA1,Policy Manager for File Systems-NewMaintenance,FIM-FIM-RNM-PMFSNM
01tWC00000DD1VBYA1,Policy Manager for File Systems,FIM-FIM-NRPS-PMFSP
01tWC00000DD1VCYA1,Policy Manager for File Systems-RenewalMaintenance,FIM-FIM-RRM-PMFSRM
01tWC00000DD1WfYAL,PS EFT Server Integration Course (REMOTE),GS-GSE-NRST-PEFT
01tWC00000DD1WgYAL,PS EFT Server Platinum Quick Start Service,GS-GSE-NRST-PSSS
01tWC00000DD1WhYAL,PS EFT Server Professional Certification Exam,GS-GSE-NRST-PSCE
01tWC00000DD1WiYAL,PS EFT Server Professional Certification Package (REMOTE),GS-GSE-NRST-PSPR
01tWC00000DD1WjYAL,PS EFT Server Standard Quick Start Service (REMOTE),GS-GSE-NRST-PSES
01tWC00000DD1WkYAL,PS EFT Server Web-based Admin Essentials Course (REMOTE),GS-GSE-NRST-PEFTSECS
01tWC00000DD1WlYAL,PS EFT Server WTC Branding Service Concurrent,GS-GSE-NRST-PESC
01tWC00000DD1WmYAL,PS ONSITE Travel,GS-GSE-NRSE-PSO
01tWC00000DD1WnYAL,QMessage Monitor-NewMaintenance,SM-QMM-RNM-QMESNE
01tWC00000DD1WoYAL,QMessage Monitor,SM-QMM-NRPS-QMESPE
01tWC00000DD1WpYAL,QMessage Monitor-RenewalMaintenance,SM-QMM-RRM-QMESRE
01tWC00000DD1WqYAL,QMessage Monitor,SM-QMM-RSS-QMESSU
01tWC00000DD1WrYAL,QRemote Control-NewMaintenance,SM-QRC-RNM-QREMNE
01tWC00000DD1WsYAL,QRemote Control,SM-QRC-NRPS-QREMPE
01tWC00000DD1WtYAL,QRemote Control-RenewalMaintenance,SM-QRC-RRM-QREMRE
01tWC00000DD1WuYAL,QRemote Control,SM-QRC-RSS-QREMSU
01tWC00000DD1WvYAL,QSystem Monitor-NewMaintenance,SM-QSM-RNM-QSYSNE
01tWC00000DD1WwYAL,QSystem Monitor,SM-QSM-NRPS-QSYSPE
01tWC00000DD1WxYAL,QSystem Monitor-RenewalMaintenance,SM-QSM-RRM-QSYSRE
01tWC00000DD1WyYAL,QSystem Monitor,SM-QSM-RSS-QSYSSU
01tWC00000DD1WzYAL,Query & Report Writer-NewMaintenance,BI-QRW-RNM-QRWNEW
01tWC00000DD1X0YAL,Query & Report Writer,BI-QRW-NRPS-QRWPER
01tWC00000DD1X1YAL,Query & Report Writer-RenewalMaintenance,BI-QRW-RRM-QRWREN
01tWC00000DD1X2YAL,Query & Report Writer,BI-QRW-RSS-QRWSUB
01tWC00000DD1X3YAL,Quiz,HRM-HRM-RSL-QUIZSU
01tWC00000DD1X4YAL,RAW Report Converter-NewMaintenance,DM-IRC-RNM-RAWRNE
01tWC00000DD1X5YAL,RAW Report Converter,DM-IRC-NRPS-RAWRPE
01tWC00000DD1X6YAL,RAW Report Converter-RenewalMaintenance,DM-IRC-RRM-RAWRRE
01tWC00000DD1X7YAL,RAW Report Converter,DM-IRC-RSS-RAWRSU
01tWC00000DD1X8YAL,Reconnect-NewMaintenance,GS-GSE-RNM-RNM
01tWC00000DD1X9YAL,Record and Playback-NewMaintenance,SM-RAP-RNM-RECONE
01tWC00000DD1XAYA1,Record and Playback,SM-RAP-NRPS-RECOPE
01tWC00000DD1XBYA1,Record and Playback-RenewalMaintenance,SM-RAP-RRM-RECORE
01tWC00000DD1XCYA1,Record and Playback,SM-RAP-RSS-RECOSU
01tWC00000DD1XDYA1,Red Team Pen Test,VM-VLM-NRST-RTPT
01tWC00000DD1XEYA1,Red Team Pen Test Recurring Service,VM-VLM-RSP-RTPTRS
01tWC00000DD1XFYA1,RedShield,VM-DDL-RSP-REDSHI
01tWC00000DD1XGYA1,Referral Fee,SM-RHA-RSSR-RFS
01tWC00000DD1XHYA1,Regulatory Compliance-NewMaintenance,GS-GSE-RNM-REGUNE
01tWC00000DD1XIYA1,Regulatory Compliance,GS-GSE-NRPS-REGUPE
01tWC00000DD1XJYA1,Regulatory Compliance - Yearly,GS-GSE-RSS-REGUYE
01tWC00000DD1XKYA1,Regulatory Compliance - Yearly-NewMaintenance,GS-GSE-RNM-RCYNM
01tWC00000DD1XLYA1,Remote Agent Module-NewMaintenance,GS-GSE-RNM-RAMNM
01tWC00000DD1XMYA1,Remote Agent Module-RenewalMaintenance,GS-GSE-RRM-RAMRM
01tWC00000DD1XNYA1,Remote Automation Agent-NewMaintenance,GS-GSE-RNM-RAANM
01tWC00000DD1XOYA1,Remote Automation Agent,GS-GSE-NRPS-RAAP
01tWC00000DD1XPYA1,Remote Automation Agent - Yearly,GS-GSE-RSS-RAAYS
01tWC00000DD1XQYA1,Remote Automation Agent - Yearly-NewMaintenance,GS-GSE-RNM-RAAYNM
01tWC00000DD1XRYA1,Remote Browser Isolation,CDP-CSB-RSL-RBIS
01tWC00000DD1XSYA1,Remote Client For SECURE Web Gateway,ES-SWG-RSS-RCSWGS
01tWC00000DD1XTYA1,Remote Data Push-NewMaintenance,BI-SDW-RNM-RDPNM
01tWC00000DD1XUYA1,Remote Data Push,BI-SDW-NRPS-RDPP
01tWC00000DD1XVYA1,Remote Data Push-RenewalMaintenance,BI-SDW-RRM-RDPRM
01tWC00000DD1XWYA1,Remote Data Push,BI-SDW-RSS-RDPS
01tWC00000DD1XXYA1,Remote Data Sourcing-NewMaintenance,BI-SDW-RNM-RDSNM
01tWC00000DD1XYYA1,Remote Data Sourcing,BI-SDW-NRPS-RDSP
01tWC00000DD1XZYA1,Remote Data Sourcing-RenewalMaintenance,BI-SDW-RRM-RDSRM
01tWC00000DD1XaYAL,Remote Data Sourcing,BI-SDW-RSS-RDSS
01tWC00000DD1XbYAL,RemoteAccess - Individual-NewMaintenance,NW-IRA-RNM-RAINM
01tWC00000DD1XcYAL,RemoteAccess - Individual,NW-IRA-NRPS-RAIP
01tWC00000DD1XdYAL,RemoteAccess - Individual-RenewalMaintenance,NW-IRA-RRM-RAIRM
01tWC00000DD1XeYAL,RemoteAccess - Individual,NW-IRA-RSS-RAIS
01tWC00000DD1XfYAL,RemoteAccess - Individual (Legacy)-NewMaintenance,NW-IRA-RNM-RAILNM
01tWC00000DD1XgYAL,RemoteAccess - Individual (Legacy),NW-IRA-NRPS-RAILP
01tWC00000DD1XhYAL,RemoteAccess - Individual (Legacy)-RenewalMaintenance,NW-IRA-RRM-RAILRM
01tWC00000DD1XiYAL,RemoteAccess - Pooled - Freeware-NewMaintenance,NW-INT-RNM-RAPFNM
01tWC00000DD1XjYAL,RemoteAccess - Pooled - Freeware,NW-INT-NRPS-RAPFP
01tWC00000DD1XkYAL,RemoteAccess - Pooled - Freeware-RenewalMaintenance,NW-INT-RRM-RAPFRM
01tWC00000DD1XlYAL,RemoteAccess - Pooled-NewMaintenance,NW-INT-RNM-RAPNM
01tWC00000DD1XmYAL,RemoteAccess - Pooled,NW-INT-NRPS-RAPP
01tWC00000DD1XnYAL,RemoteAccess - Pooled-RenewalMaintenance,NW-INT-RRM-RAPRM
01tWC00000DD1XoYAL,RemoteAccess - Pooled,NW-INT-RSS-RAPS
01tWC00000DD1XpYAL,RemoteAccess - Pooled (Legacy)-NewMaintenance,NW-INT-RNM-RAPLNM
01tWC00000DD1XqYAL,RemoteAccess - Pooled (Legacy),NW-INT-NRPS-RAPLP
01tWC00000DD1XrYAL,RemoteAccess - Pooled (Legacy)-RenewalMaintenance,NW-INT-RRM-RAPLRM
01tWC00000DD1XsYAL,RemoteAccess Server Fee-NewMaintenance,NW-INT-RNM-RASFNM
01tWC00000DD1XtYAL,RemoteAccess Server Fee,NW-INT-NRPS-RASFP
01tWC00000DD1XuYAL,RemoteAccess Server Fee-RenewalMaintenance,NW-INT-RRM-RASFRM
01tWC00000DD1XvYAL,RemoteAccess Server Fee,NW-INT-RSS-RASFS
01tWC00000DD1XwYAL,Report Archive Bundle iSeries - Legacy-NewMaintenance,DM-DOE-RNM-REPOAB
01tWC00000DD1XxYAL,Report Archive Bundle iSeries - Legacy,DM-DOE-NRPS-REPOAR
01tWC00000DD1XyYAL,Report Archive Bundle iSeries - Legacy-RenewalMaintenance,DM-DOE-RRM-REPOFA
01tWC00000DD1XzYAL,Report Splitter-NewMaintenance,DM-IBM-RNM-REPOSN
01tWC00000DD1Y0YAL,Report Splitter,DM-IBM-NRPS-REPOSP
01tWC00000DD1Y1YAL,Report Splitter-RenewalMaintenance,DM-IBM-RRM-REPOSR
01tWC00000DD1Y2YAL,Report Splitter,DM-IBM-RSS-REPOSS
01tWC00000DD1Y3YAL,Resource Accountant-NewMaintenance,BI-SL-RNM-RESONE
01tWC00000DD1Y4YAL,Resource Accountant,BI-SL-NRPS-RESOPE
01tWC00000DD1Y5YAL,Resource Accountant-RenewalMaintenance,BI-SL-RRM-RESORE
01tWC00000DD1Y6YAL,Restricted Tasks Manager-NewMaintenance,SM-SYM-RNM-RTMNEW
01tWC00000DD1Y7YAL,Restricted Tasks Manager,SM-SYM-NRPS-RTMPER
01tWC00000DD1Y8YAL,Restricted Tasks Manager-RenewalMaintenance,SM-SYM-RRM-RTMREN
01tWC00000DD1Y9YAL,Restricted Tasks Manager,SM-SYM-RSS-RTMSUB
01tWC00000DD1YAYA1,Review Services - Data Classification - Boldon James,DP-DC-NRST-RSDCBJS
01tWC00000DD1YBYA1,Review Services - Data Classification - TItus,DP-DC-NRST-RSDCTS
01tWC00000DD1YCYA1,Risk & Compliance Monitor-NewMaintenance,CS-DFT-RNM-RCMNEW
01tWC00000DD1YDYA1,Risk & Compliance Monitor,CS-DFT-NRPS-RCMPER
01tWC00000DD1YEYA1,Risk & Compliance Monitor-RenewalMaintenance,CS-DFT-RRM-RCMREN
01tWC00000DD1YFYA1,Risk & Compliance Monitor,CS-DFT-RSS-RCMSUB
01tWC00000DD1YGYA1,RJS PDF API-NewMaintenance,DM-DML-RNM-RJSPNE
01tWC00000DD1YHYA1,RJS PDF API,DM-DML-NRPS-RJSPPE
01tWC00000DD1YIYA1,RJS PDF API-RenewalMaintenance,DM-DML-RRM-RJSPRE
01tWC00000DD1YJYA1,Robot (MPG) Services,SM-PN-NRST-RMS
01tWC00000DD1YKYA1,Robot (MPG) Recurring Services,SM-PN-RSP-RMPGRS
01tWC00000DD1YLYA1,Robot Alert-NewMaintenance,SM-ROA-RNM-RANM
01tWC00000DD1YMYA1,Robot Alert,SM-ROA-NRPS-ROBOT
01tWC00000DD1YNYA1,Robot Alert-RenewalMaintenance,SM-ROA-RRM-RARM
01tWC00000DD1YOYA1,Robot Alert,SM-ROA-RSS-RAS
01tWC00000DD1YPYA1,Robot Autotune-NewMaintenance,SM-RAT-RNM-ROAU
01tWC00000DD1YQYA1,Robot Autotune,SM-RAT-NRPS-ROAP
01tWC00000DD1YRYA1,Robot Autotune-RenewalMaintenance,SM-RAT-RRM-RORM
01tWC00000DD1YSYA1,Robot Autotune,SM-RAT-RSS-ROAS
01tWC00000DD1YTYA1,Robot Bundle-NewMaintenance,SM-ROB-RNM-RBNM
01tWC00000DD1YUYA1,Robot Bundle - Schedule & Alert,SM-ROB-NRPS-RBSAP
01tWC00000DD1YVYA1,Robot Bundle - Console & Alert,SM-ROB-NRPS-RBCAP
01tWC00000DD1YWYA1,"Robot Bundle - Console, Alert, Network",SM-ROB-NRPS-RBCANP
01tWC00000DD1YXYA1,"Robot Bundle - Schedule, Alert, Network",SM-ROB-NRPS-RBSANP
01tWC00000DD1YYYA1,"Robot Bundle - Schedule, Alert, Replay",SM-ROB-NRPS-RBSARP
01tWC00000DD1YZYA1,Robot Bundle-RenewalMaintenance,SM-ROB-RRM-RBRM
01tWC00000DD1YaYAL,Robot Bundle - Schedule & Alert,SM-ROB-RSS-RBSAS
01tWC00000DD1YbYAL,Robot Bundle - Console & Alert,SM-ROB-RSS-RBCAS
01tWC00000DD1YcYAL,"Robot Bundle - Console, Alert, Network",SM-ROB-RSS-RBCANS
01tWC00000DD1YdYAL,"Robot Bundle - Schedule, Alert, Network",SM-ROB-RSS-RBSANS
01tWC00000DD1YeYAL,"Robot Bundle - Schedule, Alert, Replay",SM-ROB-RSS-RBSARS
01tWC00000DD1YfYAL,Robot Client-NewMaintenance,SM-SYM-RNM-RCNM
01tWC00000DD1YgYAL,Robot Client,SM-SYM-NRPS-ROCL
01tWC00000DD1YhYAL,Robot Client-RenewalMaintenance,SM-SYM-RRM-RCRM
01tWC00000DD1YiYAL,Robot Client,SM-SYM-RSS-RCS
01tWC00000DD1YjYAL,Robot Console-NewMaintenance,SM-ROC-RNM-ROCO
01tWC00000DD1YkYAL,Robot Console,SM-ROC-NRPS-ROCP
01tWC00000DD1YlYAL,Robot Console-RenewalMaintenance,SM-ROC-RRM-ROBOTC
01tWC00000DD1YmYAL,Robot Console,SM-ROC-RSS-ROCS
01tWC00000DD1YnYAL,Robot CPA-NewMaintenance,SM-RCP-RNM-RONM
01tWC00000DD1YoYAL,Robot CPA,SM-RCP-NRPS-ROBOCP
01tWC00000DD1YpYAL,Robot CPA-RenewalMaintenance,SM-RCP-RRM-ROBCPA
01tWC00000DD1YqYAL,Robot CPA,SM-RCP-RSS-ROCPA
01tWC00000DD1YrYAL,Robot HA-NewMaintenance,SM-RHA-RNM-RHNM
01tWC00000DD1YsYAL,Robot HA,SM-RHA-NRPS-RHP
01tWC00000DD1YtYAL,Robot HA-RenewalMaintenance,SM-RHA-RRM-RHRM
01tWC00000DD1YuYAL,Robot HA,SM-RHA-RSS-RHS
01tWC00000DD1YvYAL,Robot Monitor - AIX-NewMaintenance,SM-ROM-RNM-RMANM
01tWC00000DD1YwYAL,Robot Monitor - AIX,SM-ROM-NRPS-RMAP
01tWC00000DD1YxYAL,Robot Monitor - AIX-RenewalMaintenance,SM-ROM-RRM-RMARM
01tWC00000DD1YyYAL,Robot Monitor - AIX,SM-ROM-RSS-RMAS
01tWC00000DD1YzYAL,Robot Monitor - Linux-NewMaintenance,SM-ROM-RNM-RMLNM
01tWC00000DD1Z0YAL,Robot Monitor - Linux,SM-ROM-NRPS-RMLP
01tWC00000DD1Z1YAL,Robot Monitor - Linux-RenewalMaintenance,SM-ROM-RRM-RMLRM
01tWC00000DD1Z2YAL,Robot Monitor,SM-ROM-RSS-RMSUB
01tWC00000DD1Z3YAL,Robot Monitor - VIOS-NewMaintenance,SM-ROM-RNM-RMVNM
01tWC00000DD1Z4YAL,Robot Monitor - VIOS,SM-ROM-NRPS-RMVP
01tWC00000DD1Z5YAL,Robot Monitor - VIOS-RenewalMaintenance,SM-ROM-RRM-RMVRM
01tWC00000DD1Z6YAL,Robot Monitor - VIOS,SM-ROM-RSS-RMVS
01tWC00000DD1Z7YAL,Robot Replay-NewMaintenance,SM-ROR-RNM-RRNM
01tWC00000DD1Z8YAL,Robot Replay,SM-ROR-NRPS-RRP
01tWC00000DD1Z9YAL,Robot Replay-RenewalMaintenance,SM-ROR-RRM-RRRM
01tWC00000DD1ZAYA1,Robot Replay,SM-ROR-RSS-RRS
01tWC00000DD1ZBYA1,Robot Reports-NewMaintenance,SM-RRE-RNM-RORE
01tWC00000DD1ZCYA1,Robot Reports,SM-RRE-NRPS-RORP
01tWC00000DD1ZDYA1,Robot Reports-RenewalMaintenance,SM-RRE-RRM-ROBOTR
01tWC00000DD1ZEYA1,Robot Reports,SM-RRE-RSS-RORS
01tWC00000DD1ZFYA1,Robot Save-NewMaintenance,SM-ROS-RNM-RSNM
01tWC00000DD1ZGYA1,Robot Save,SM-ROS-NRPS-ROSA
01tWC00000DD1ZHYA1,Robot Save-RenewalMaintenance,SM-ROS-RRM-RSRM
01tWC00000DD1ZIYA1,Robot Save,SM-ROS-RSS-RSS
01tWC00000DD1ZJYA1,Robot Schedule-NewMaintenance,SM-RSC-RNM-ROSC
01tWC00000DD1ZKYA1,Robot Schedule,SM-RSC-NRPS-ROSP
01tWC00000DD1ZLYA1,Robot Schedule-RenewalMaintenance,SM-RSC-RRM-ROBOTS
01tWC00000DD1ZMYA1,Robot Schedule,SM-RSC-RSS-ROSS
01tWC00000DD1ZNYA1,Robot Schedule Enterprise-NewMaintenance,SM-RSE-RNM-RSENM
01tWC00000DD1ZOYA1,Robot Schedule Enterprise,SM-RSE-NRPS-RSEP
01tWC00000DD1ZPYA1,Robot Schedule Enterprise-RenewalMaintenance,SM-RSE-RRM-RSERM
01tWC00000DD1ZQYA1,Robot Schedule Enterprise,SM-RSE-RSS-RSES
01tWC00000DD1ZRYA1,Robot Schedule Enterprise Agent-NewMaintenance,SM-RSE-RNM-RSEANM
01tWC00000DD1ZSYA1,Robot Schedule Enterprise Agent,SM-RSE-NRPS-RSEAP
01tWC00000DD1ZTYA1,Robot Schedule Enterprise Agent-RenewalMaintenance,SM-RSE-RRM-RSEARM
01tWC00000DD1ZUYA1,Robot Schedule EnterpriseOne Interface-NewMaintenance,SM-RSI-RNM-RSEOIN
01tWC00000DD1ZVYA1,Robot Schedule EnterpriseOne Interface,SM-RSI-NRPS-RSEOIP
01tWC00000DD1ZWYA1,Robot Schedule EnterpriseOne Interface-RenewalMaintenance,SM-RSI-RRM-RSEOIR
01tWC00000DD1ZXYA1,Robot Schedule EnterpriseOne Interface,SM-RSI-RSS-RSEOIS
01tWC00000DD1ZYYA1,Robot Services,SM-SYM-NRST-ROSE
01tWC00000DD1ZZYA1,Robot Recurring Services,SM-SYM-RSP-RBSH
01tWC00000DD1ZaYAL,Robot Services Expense,SM-SYM-NRSE-RSERVI
01tWC00000DD1ZbYAL,Robot Services-NewMaintenance,SM-SYM-RNM-ROBOSE
01tWC00000DD1ZcYAL,Robot Services,SM-SYM-NRPS-ROBSER
01tWC00000DD1ZdYAL,Robot Services-RenewalMaintenance,SM-SYM-RRM-ROSERV
01tWC00000DD1ZeYAL,Robot Space-NewMaintenance,SM-RSP-RNM-ROBOSP
01tWC00000DD1ZfYAL,Robot Space,SM-RSP-NRPS-ROBSPA
01tWC00000DD1ZgYAL,Robot Space-RenewalMaintenance,SM-RSP-RRM-ROSPAC
01tWC00000DD1ZhYAL,Robot Space,SM-RSP-RSS-RSPACE
01tWC00000DD1ZiYAL,Robot Training,SM-PN-NRST-ROBOTT
01tWC00000DD1ZjYAL,Robot Transform-NewMaintenance,SM-ROT-RNM-RTNM
01tWC00000DD1ZkYAL,Robot Transform,SM-ROT-NRPS-RTP
01tWC00000DD1ZlYAL,Robot Transform-RenewalMaintenance,SM-ROT-RRM-RTRM
01tWC00000DD1ZmYAL,Robot Transform,SM-ROT-RSS-RTS
01tWC00000DD1ZnYAL,Robot Trapper-NewMaintenance,SM-SYM-RNM-ROTR
01tWC00000DD1ZoYAL,Robot Trapper,SM-SYM-NRPS-ROTP
01tWC00000DD1ZpYAL,Robot Trapper-RenewalMaintenance,SM-SYM-RRM-ROBTRA
01tWC00000DD1ZqYAL,Robot Trapper,SM-SYM-RSS-ROTS
01tWC00000DD1ZrYAL,Robot UPS-NewMaintenance,SM-SYM-RNM-RUNM
01tWC00000DD1ZsYAL,Robot UPS,SM-SYM-NRPS-RUP
01tWC00000DD1ZtYAL,Policy Manager for File Systems,FIM-FIM-RSS-PMFSS
01tWC00000DD1ZuYAL,Policy Manager for Network Devices - License Usage Fee,FIM-FIM-NROR-PMNDLF
01tWC00000DD1ZvYAL,Policy Manager for Network Devices-NewMaintenance,FIM-FIM-RNM-PMNDNM
01tWC00000DD1ZwYAL,Policy Manager for Network Devices,FIM-FIM-NRPS-PMNDP
01tWC00000DD1ZxYAL,Policy Manager for Network Devices-RenewalMaintenance,FIM-FIM-RRM-PMNDRM
01tWC00000DD1ZyYAL,Policy Manager for Network Devices,FIM-FIM-RSS-PMNDS
01tWC00000DD1ZzYAL,Policy Manager for POS End Point Systems - License Usage Fee,FIM-FIM-NROR-PMPEPSLF
01tWC00000DD1a0YAD,Policy Manager for POS End Point Systems-NewMaintenance,FIM-FIM-RNM-POLICY
01tWC00000DD1a1YAD,Policy Manager for POS End Point Systems,FIM-FIM-NRPS-PMPP
01tWC00000DD1a2YAD,Policy Manager for POS End Point Systems-RenewalMaintenance,FIM-FIM-RRM-PMPM
01tWC00000DD1a3YAD,Policy Manager for POS End Point Systems,FIM-FIM-RSS-PMPS
01tWC00000DD1a4YAD,Policy Manager for POS Servers - License Usage Fee,FIM-FIM-NROR-PMPSLF
01tWC00000DD1a5YAD,Policy Manager for POS Servers-NewMaintenance,FIM-FIM-RNM-PMPSNM
01tWC00000DD1a6YAD,Policy Manager for POS Servers,FIM-FIM-NRPS-PMPSP
01tWC00000DD1a7YAD,Policy Manager for POS Servers-RenewalMaintenance,FIM-FIM-RRM-PMPSRM
01tWC00000DD1a8YAD,Policy Manager for POS Servers,FIM-FIM-RSS-PMPSS
01tWC00000DD1a9YAD,Policy Manager for VMware ESX - License Usage Fee,FIM-FIM-NROR-PMVMLF
01tWC00000DD1aAYAT,Policy Manager for VMware ESX-NewMaintenance,FIM-FIM-RNM-PMVENM
01tWC00000DD1aBYAT,Policy Manager for VMware ESX,FIM-FIM-NRPS-PMVEP
01tWC00000DD1aCYAT,Policy Manager for VMware ESX-RenewalMaintenance,FIM-FIM-RRM-PMVERM
01tWC00000DD1aDYAT,Policy Manager for VMware ESX,FIM-FIM-RSS-PMVES
01tWC00000DD1aEYAT,POP/400 Email Retrieval API-NewMaintenance,DM-EU-RNM-POP4NE
01tWC00000DD1aFYAT,POP/400 Email Retrieval API,DM-EU-NRPS-POP4PE
01tWC00000DD1aGYAT,POP/400 Email Retrieval API-RenewalMaintenance,DM-EU-RRM-POP4RE
01tWC00000DD1aHYAT,POP/400 Email Retrieval API,DM-EU-RSS-POP4SU
01tWC00000DD1aIYAT,Power Classifier for Admin-NewMaintenance,DP-DC-RNM-PCANEW
01tWC00000DD1aJYAT,Power Classifier for Admin,DP-DC-NRPS-PCAPER
01tWC00000DD1aKYAT,Power Classifier for Admin-RenewalMaintenance,DP-DC-RRM-PCAREN
01tWC00000DD1aLYAT,Powerful User Passport-NewMaintenance,CS-DFT-RNM-PUPNEW
01tWC00000DD1aMYAT,Powerful User Passport,CS-DFT-NRPS-PUPPER
01tWC00000DD1aNYAT,Powerful User Passport-RenewalMaintenance,CS-DFT-RRM-PUPREN
01tWC00000DD1aOYAT,Powerful User Passport,CS-DFT-RSS-PUPSUB
01tWC00000DD1aPYAT,Powertech Antivirus - Linux / AIX-NewMaintenance,CS-PTA-RNM-PALANM
01tWC00000DD1aQYAT,Powertech Antivirus - Linux / AIX,CS-PTA-NRPS-PALAP
01tWC00000DD1aRYAT,Powertech Antivirus - Linux / AIX-RenewalMaintenance,CS-PTA-RRM-PALARM
01tWC00000DD1aSYAT,Powertech Antivirus - Linux / AIX,CS-PTA-RSS-PALAS
01tWC00000DD1aTYAT,Powertech Antivirus - Solaris-NewMaintenance,CS-PTA-RNM-PASNM
01tWC00000DD1aUYAT,Powertech Antivirus - Solaris,CS-PTA-NRPS-PASP
01tWC00000DD1aVYAT,Powertech Antivirus - Solaris-RenewalMaintenance,CS-PTA-RRM-PASRM
01tWC00000DD1aWYAT,Powertech Antivirus - Solaris,CS-PTA-RSS-PASS
01tWC00000DD1aXYAT,Powertech Antivirus - x86 Linux-NewMaintenance,CS-PTA-RNM-PAXLNM
01tWC00000DD1aYYAT,Powertech Antivirus - x86 Linux,CS-PTA-NRPS-PAXLP
01tWC00000DD1aZYAT,Powertech Antivirus - x86 Linux-RenewalMaintenance,CS-PTA-RRM-PAXLRM
01tWC00000DD1aaYAD,Powertech Antivirus - x86 Linux,CS-PTA-RSS-PAXLS
01tWC00000DD1abYAD,Powertech Antivirus for IBM i - Domino-NewMaintenance,CS-PTA-RNM-PAIIDN
01tWC00000DD1acYAD,Powertech Antivirus for IBM i - Domino,CS-PTA-NRPS-PAIIDP
01tWC00000DD1adYAD,Powertech Antivirus for IBM i - Domino-RenewalMaintenance,CS-PTA-RRM-PAIIDR
01tWC00000DD1aeYAD,Powertech Antivirus for IBM i - Domino,CS-PTA-RSS-PAIIDS
01tWC00000DD1afYAD,Powertech Antivirus for IBM i-NewMaintenance,CS-PTA-RNM-PAIINM
01tWC00000DD1agYAD,Powertech Antivirus for IBM i,CS-PTA-NRPS-PAIIP
01tWC00000DD1ahYAD,Powertech Antivirus for IBM i-RenewalMaintenance,CS-PTA-RRM-PAIIRM
01tWC00000DD1aiYAD,Powertech Antivirus for IBM i,CS-PTA-RSS-PAIIS
01tWC00000DD1ajYAD,Powertech Antivirus,CS-PTA-RSS-PTAVS
01tWC00000DD1akYAD,Powertech Authority Broker Comprehensive Implementation,CS-PAB-NRSU-PABCI
01tWC00000DD1alYAD,Powertech Authority Broker for IBM i-NewMaintenance,CS-PAB-RNM-PABIIN
01tWC00000DD1amYAD,Powertech Authority Broker for IBM i,CS-PAB-NRPS-PABIIP
01tWC00000DD1anYAD,Powertech Authority Broker for IBM i-RenewalMaintenance,CS-PAB-RRM-PABIIR
01tWC00000DD1aoYAD,Powertech Authority Broker for IBM i,CS-PAB-RSS-PABIIS
01tWC00000DD1apYAD,PowerTech Central Admin-NewMaintenance,CS-CLP-RNM-PTCANM
01tWC00000DD1aqYAD,PowerTech Central Admin,CS-CLP-NRPS-PTCAP
01tWC00000DD1arYAD,PowerTech Central Admin-RenewalMaintenance,CS-CLP-RRM-PTCARM
01tWC00000DD1asYAD,PowerTech Central Admin,CS-CLP-RSS-PTCAS
01tWC00000DD1atYAD,Powertech Command Security for IBM i-NewMaintenance,CS-PCS-RNM-PCSIIN
01tWC00000DD1auYAD,Powertech Command Security for IBM i,CS-PCS-NRPS-PCSIIP
01tWC00000DD1avYAD,Powertech Command Security for IBM i-RenewalMaintenance,CS-PCS-RRM-PCSIIR
01tWC00000DD1awYAD,Powertech Command Security,CS-PCS-RSS-PCMDSS
01tWC00000DD1axYAD,Powertech Compliance Monitor Comprehensive Implementation,CS-PCM-NRSU-PCMCI
01tWC00000DD1ayYAD,Powertech Compliance Monitor Consolidator for IBM i-NewMaintenance,CS-PCM-RNM-PCMCII
01tWC00000DD1azYAD,Powertech Compliance Monitor Consolidator for IBM i,CS-PCM-NRPS-POWERT
01tWC00000DD1b0YAD,Powertech Compliance Monitor Consolidator for IBM i-RenewalMaintenance,CS-PCM-RRM-PCMM
01tWC00000DD1b1YAD,Powertech Compliance Monitor Consolidator for IBM i,CS-PCM-RSS-PCMS
01tWC00000DD1b2YAD,Powertech Compliance Monitor Endpoint for IBM i-NewMaintenance,CS-PCM-RNM-PCMEII
01tWC00000DD1b3YAD,Powertech Compliance Monitor Endpoint for IBM i,CS-PCM-NRPS-PCMP
01tWC00000DD1b4YAD,Powertech Compliance Monitor Endpoint for IBM i-RenewalMaintenance,CS-PCM-RRM-POCO
01tWC00000DD1b5YAD,Powertech Compliance Monitor Endpoint for IBM i,CS-PCM-RSS-POIS
01tWC00000DD1b6YAD,Powertech Compliance Monitor for IBM i-NewMaintenance,CS-PCM-RNM-PCMIIN
01tWC00000DD1b7YAD,Powertech Compliance Monitor for IBM i,CS-PCM-NRPS-PCMIIP
01tWC00000DD1b8YAD,Powertech Compliance Monitor for IBM i-RenewalMaintenance,CS-PCM-RRM-PCMIIR
01tWC00000DD1b9YAD,Powertech Compliance Monitor for IBM i,CS-PCM-RSS-PCMIIS
01tWC00000DD1bAYAT,Powertech Compliance Suite-NewMaintenance,CS-CLP-RNM-PCSNM
01tWC00000DD1bBYAT,Powertech Compliance Suite,CS-CLP-NRPS-PCSP
01tWC00000DD1bCYAT,Powertech Compliance Suite-RenewalMaintenance,CS-CLP-RRM-PCSRM
01tWC00000DD1bDYAT,Powertech Compliance Suite,CS-CLP-RSS-PCSS
01tWC00000DD1bEYAT,Powertech Database Monitor for IBM i-NewMaintenance,CS-PDM-RNM-PDMIIN
01tWC00000DD1bFYAT,Powertech Database Monitor for IBM i,CS-PDM-NRPS-PDMIIP
01tWC00000DD1bGYAT,Powertech Database Monitor for IBM i - PMRT-NewMaintenance,CS-PDM-RNM-PDMM
01tWC00000DD1bHYAT,Powertech Database Monitor for IBM i - PMRT,CS-PDM-NRPS-PDMP
01tWC00000DD1bIYAT,Powertech Database Monitor for IBM i - PMRT-RenewalMaintenance,CS-PDM-RRM-PODA
01tWC00000DD1bJYAT,Powertech Database Monitor for IBM i - PMRT,CS-PDM-RSS-PDMS
01tWC00000DD1bKYAT,Powertech Database Monitor for IBM i - Rapid Validation-NewMaintenance,CS-PDM-RNM-PDMIIR
01tWC00000DD1bLYAT,Powertech Database Monitor for IBM i - Rapid Validation,CS-PDM-NRPS-POVP
01tWC00000DD1bMYAT,Powertech Database Monitor for IBM i - Rapid Validation-RenewalMaintenance,CS-PDM-RRM-PORM
01tWC00000DD1bNYAT,Powertech Database Monitor for IBM i - Rapid Validation,CS-PDM-RSS-POVS
01tWC00000DD1bOYAT,Powertech Database Monitor for IBM i - Read-NewMaintenance,CS-PDM-RNM-PONM
01tWC00000DD1bPYAT,Powertech Database Monitor for IBM i - Read,CS-PDM-NRPS-PORP
01tWC00000DD1bQYAT,Powertech Database Monitor for IBM i - Read-RenewalMaintenance,CS-PDM-RRM-POWERD
01tWC00000DD1bRYAT,Powertech Database Monitor for IBM i - Read,CS-PDM-RSS-PORS
01tWC00000DD1bSYAT,Powertech Database Monitor for IBM i-RenewalMaintenance,CS-PDM-RRM-POWEDA
01tWC00000DD1bTYAT,Powertech Database Monitor for IBM i,CS-PDM-RSS-PDMIIS
01tWC00000DD1bUYAT,Powertech Encryption for IBM i-NewMaintenance,CS-PEI-RNM-PEIINM
01tWC00000DD1bVYAT,Powertech Encryption for IBM i,CS-PEI-NRPS-PEIIP
01tWC00000DD1bWYAT,Powertech Encryption for IBM i-RenewalMaintenance,CS-PEI-RRM-PEIIRM
01tWC00000DD1bXYAT,Powertech Encryption for IBM i,CS-PEI-RSS-PEIIS
01tWC00000DD1bYYAT,Powertech Encryption for IBM i (Auto IFS Encryption Module)-NewMaintenance,CS-PEI-RNM-PEIIAI
01tWC00000DD1bZYAT,Powertech Encryption for IBM i (Auto IFS Encryption Module),CS-PEI-NRPS-PEIP
01tWC00000DD1baYAD,Powertech Encryption for IBM i (Auto IFS Encryption Module)-RenewalMaintenance,CS-PEI-RRM-PEIM
01tWC00000DD1bbYAD,Powertech Encryption for IBM i (Auto IFS Encryption Module),CS-PEI-RSS-PEIS
01tWC00000DD1bcYAD,Powertech Encryption for IBM i (Backup Encryption Module)-NewMaintenance,CS-PEI-RNM-PEIIBE
01tWC00000DD1bdYAD,Powertech Encryption for IBM i (Backup Encryption Module),CS-PEI-NRPS-POEN
01tWC00000DD1beYAD,Powertech Encryption for IBM i (Backup Encryption Module)-RenewalMaintenance,CS-PEI-RRM-POWERE
01tWC00000DD1bfYAD,Powertech Encryption for IBM i (Backup Encryption Module),CS-PEI-RSS-POMS
01tWC00000DD1bgYAD,Powertech Encryption for IBM i (Field Encryption Module)-NewMaintenance,CS-PEI-RNM-PEIIFE
01tWC00000DD1bhYAD,Powertech Encryption for IBM i (Field Encryption Module),CS-PEI-NRPS-POMP
01tWC00000DD1biYAD,Powertech Encryption for IBM i (Field Encryption Module)-RenewalMaintenance,CS-PEI-RRM-POWEEN
01tWC00000DD1bjYAD,Powertech Encryption for IBM i (Field Encryption Module),CS-PEI-RSS-POWENC
01tWC00000DD1bkYAD,Powertech Event Manager-NewMaintenance,CS-PEM-RNM-PEMNM
01tWC00000DD1blYAD,Powertech Event Manager,CS-PEM-NRPS-PEMP
01tWC00000DD1bmYAD,Powertech Event Manager-RenewalMaintenance,CS-PEM-RRM-PEMRM
01tWC00000DD1bnYAD,Powertech Event Manager,CS-PEM-RSS-PEMS
01tWC00000DD1boYAD,Powertech Exit Point Manager for IBM i-NewMaintenance,CS-PEP-RNM-PEPMII
01tWC00000DD1bpYAD,Powertech Exit Point Manager for IBM i,CS-PEP-NRPS-PEPP
01tWC00000DD1bqYAD,Powertech Exit Point Manager for IBM i-RenewalMaintenance,CS-PEP-RRM-PEPM
01tWC00000DD1brYAD,Powertech Exit Point Manager for IBM i,CS-PEP-RSS-PEPS
01tWC00000DD1bsYAD,Powertech Identity & Access Manager (BoKS)-NewMaintenance,PIA-PIA-RNM-PIAMBK
01tWC00000DD1btYAD,Powertech Identity & Access Manager (BoKS),PIA-PIA-NRPS-PIAP
01tWC00000DD1buYAD,Powertech Identity & Access Manager (BoKS)-RenewalMaintenance,PIA-PIA-RRM-PIAM
01tWC00000DD1bvYAD,Powertech Identity & Access Manager (BoKS),PIA-PIA-RSS-PIAS
01tWC00000DD1bwYAD,Powertech Identity & Access Manager (BoKS) Services,PIA-PIA-NRST-POID
01tWC00000DD1bxYAD,Powertech Identity & Access Manager (BoKS) Services Expense,PIA-PIA-NRSE-PIAMSE
01tWC00000DD1byYAD,Powertech Identity Manager for IBM i-NewMaintenance,CS-PIM-RNM-PIMIIN
01tWC00000DD1bzYAD,Powertech Identity Manager for IBM i,CS-PIM-NRPS-PIMIIP
01tWC00000DD1c0YAD,Powertech Identity Manager for IBM i-RenewalMaintenance,CS-PIM-RRM-PIMIIR
01tWC00000DD1c1YAD,Powertech Identity Manager for IBM i,CS-PIM-RSS-PIMIIS
01tWC00000DD1c2YAD,Powertech Multi-Factor Authentication for IBM i-NewMaintenance,CS-PMF-RNM-PMFAII
01tWC00000DD1c3YAD,Powertech Multi-Factor Authentication for IBM i,CS-PMF-NRPS-PMFP
01tWC00000DD1c4YAD,Powertech Multi-Factor Authentication for IBM i-RenewalMaintenance,CS-PMF-RRM-PMFM
01tWC00000DD1c5YAD,Powertech Multi-Factor Authentication for IBM i,CS-PMF-RSS-PMFS
01tWC00000DD1c6YAD,Powertech Password Self Help for IBM i-NewMaintenance,CS-PPS-RNM-PPSHII
01tWC00000DD1c7YAD,Powertech Password Self Help for IBM i,CS-PPS-NRPS-PPSP
01tWC00000DD1c8YAD,Powertech Password Self Help for IBM i-RenewalMaintenance,CS-PPS-RRM-PPSM
01tWC00000DD1c9YAD,Powertech Password Self Help for IBM i,CS-PPS-RSS-PPSS
01tWC00000DD1cAYAT,Powertech Policy Minder for IBM i-NewMaintenance,CS-PPM-RNM-PPMIIN
01tWC00000DD1cBYAT,Powertech Policy Minder for IBM i,CS-PPM-NRPS-PPMIIP
01tWC00000DD1cCYAT,Powertech Policy Minder for IBM i-RenewalMaintenance,CS-PPM-RRM-PPMIIR
01tWC00000DD1cDYAT,Powertech Policy Minder for IBM i,CS-PPM-RSS-PPMIIS
01tWC00000DD1cEYAT,Powertech Risk Assessor for IBM i-NewMaintenance,CS-PRA-RNM-PRAIIN
01tWC00000DD1cFYAT,Powertech Risk Assessor for IBM i,CS-PRA-NRPS-PRAIIP
01tWC00000DD1cGYAT,Powertech Risk Assessor for IBM i-RenewalMaintenance,CS-PRA-RRM-PRAIIR
01tWC00000DD1cHYAT,Powertech Risk Assessor for IBM i,CS-PRA-RSS-PRAIIS
01tWC00000DD1cIYAT,Powertech RSA SecurID Agent for IBM i-NewMaintenance,CS-RSA-RNM-PRSIAI
01tWC00000DD1cJYAT,Powertech RSA SecurID Agent for IBM i,CS-RSA-NRPS-PRSP
01tWC00000DD1cKYAT,Powertech RSA SecurID Agent for IBM i-RenewalMaintenance,CS-RSA-RRM-PRSM
01tWC00000DD1cLYAT,Powertech RSA SecurID Agent for IBM i,CS-RSA-RSS-PRSS
01tWC00000DD1cMYAT,Powertech Security Auditor-NewMaintenance,CS-PSA-RNM-PSANM
01tWC00000DD1cNYAT,Powertech Security Auditor,CS-PSA-NRPS-PSAP
01tWC00000DD1cOYAT,Powertech Security Auditor-RenewalMaintenance,CS-PSA-RRM-PSARM
01tWC00000DD1cPYAT,Powertech Security Auditor,CS-PSA-RSS-PSAS
01tWC00000DD1cQYAT,Powertech Services,CS-CLP-NRST-POSE
01tWC00000DD1cRYAT,Powertech Recurring Services,CS-CLP-RSP-PTRS
01tWC00000DD1cSYAT,Powertech Services Expense,CS-CLP-NRSE-POWERS
01tWC00000DD1cTYAT,Powertech SIEM Agent for IBM i-NewMaintenance,CS-PSI-RNM-PSAIIN
01tWC00000DD1cUYAT,Powertech SIEM Agent for IBM i,CS-PSI-NRPS-PSAIIP
01tWC00000DD1cVYAT,Powertech SIEM Agent for IBM i-RenewalMaintenance,CS-PSI-RRM-PSAIIR
01tWC00000DD1cWYAT,Powertech Travel Expense,CS-CLP-NRST-PTE
01tWC00000DD1cXYAT,PowertechX Services,SM-SYM-NRST-PXS
01tWC00000DD1cYYAT,PowertechX Services Expense,SM-SYM-NRSE-PXSEXP
01tWC00000DD1cZYAT,PowerVM-NewMaintenance,SM-PN-RNM-POWENE
01tWC00000DD1caYAD,PowerVM,SM-PN-NRPS-POWEPE
01tWC00000DD1cbYAD,PowerVM-RenewalMaintenance,SM-PN-RRM-POWERM
01tWC00000DD1ccYAD,Pre-paid Tripwire Advisory Recurring Services,FIM-FIM-RSP-PPTARS
01tWC00000DD1cdYAD,Pre-paid Tripwire Resident Engineer,FIM-FIM-RSP-PPTRES
01tWC00000DD1ceYAD,Pre-paid Tripwire Resident Engineer (Remote),FIM-FIM-RSP-PPTRERS
01tWC00000DD1cfYAD,Pre-paid Tripwire Resident Engineer (Remote) - Renewal,FIM-FIM-RSP-PPTRERRS
01tWC00000DD1cgYAD,Pre-paid Tripwire Services,FIM-FIM-NRST-PPTSS
01tWC00000DD1chYAD,Pre-paid Tripwire Training,FIM-FIM-NRST-PPTTS
01tWC00000DD1ciYAD,Premium Bundle,GS-GSE-NRPS-PREMBU
01tWC00000DD1cjYAD,Privacy Awareness,HRM-HRM-RSL-PRIVAC
01tWC00000DD1ckYAD,Productivity Enablement-NewMaintenance,BI-SQ-RNM-PRODNE
01tWC00000DD1clYAD,Productivity Enablement,BI-SQ-NRPS-PRODPE
01tWC00000DD1cmYAD,Productivity Enablement-RenewalMaintenance,BI-SQ-RRM-PRODRE
01tWC00000DD1cnYAD,Profesional Services - Data Classification,DP-DC-NRST-PSDCS
01tWC00000DD1coYAD,Profesional Services - Data Classification - Titus,DP-DC-NRST-PSDCTS
01tWC00000DD1cpYAD,Profesional Services - Data Loss Prevention,DP-DLP-NRST-PSDLPS
01tWC00000DD1cqYAD,Profesional Services - Data Loss Prevention- DG,DP-DLP-NRST-PSDLPDS
01tWC00000DD1crYAD,Professional Services Per Day,ES-SEG-NRST-PSPD
01tWC00000DD1csYAD,Project Milestone,GS-GSE-NRST-PROJEC
01tWC00000DD1ctYAD,Protected Health Information (PHI),HRM-HRM-RSL-PHIPS
01tWC00000DD1cuYAD,PS EFT Administrator Course (REMOTE),GS-GSE-NRST-PSEFTA
01tWC00000DD1cvYAD,PS EFT Automation Course (REMOTE),GS-GSE-NRST-PEAR
01tWC00000DD1cwYAD,PS EFT AWE Advanced Course (REMOTE),GS-GSE-NRST-PSEF
01tWC00000DD1cxYAD,PS EFT Security Course (REMOTE),GS-GSE-NRST-PSEFTS
01tWC00000DD1cyYAD,PS EFT Server Administrator Certification Exam,GS-GSE-NRST-PESE
01tWC00000DD1czYAD,PS EFT Server Administrator Certification Package (REMOTE),GS-GSE-NRST-PESR
01tWC00000DD1d0YAD,PS EFT Server Arcus Migration (REMOTE),GS-GSE-NRST-PSMR
01tWC00000DD1d1YAD,PS EFT Server AWE Essentials Course (REMOTE),GS-GSE-NRST-PSCR
01tWC00000DD1d2YAD,PS EFT Server Basic Quick Start Service,GS-GSE-NRST-PESS
01tWC00000DD1d3YAD,PS EFT Server Cut over (REMOTE),GS-GSE-NRST-PSOR
01tWC00000DD1d4YAD,PS EFT Server Essentials Course (REMOTE),GS-GSE-NRST-PSEFT
01tWC00000DD1d5YAD,PS EFT Server Health Check Service (REMOTE),GS-GSE-NRST-PSSR
01tWC00000DD1d6YAD,PS EFT Server In-Place Upgrade (REMOTE),GS-GSE-NRST-PESIPUS
01tWC00000DD1d7YAD,Robot UPS-RenewalMaintenance,SM-SYM-RRM-RURM
01tWC00000DD1d8YAD,Robot UPS,SM-SYM-RSS-RUS
01tWC00000DD1d9YAD,Robotic Process Automation-NewMaintenance,RPA-AUT-RNM-RPANEW
01tWC00000DD1dAYAT,Robotic Process Automation-RenewalMaintenance,RPA-AUT-RRM-RPAREN
01tWC00000DD1dBYAT,Rodin Enterprise - Legacy-NewMaintenance,BI-SDW-RNM-RELNM
01tWC00000DD1dCYAT,Rodin Enterprise - Legacy,BI-SDW-NRPS-RELP
01tWC00000DD1dDYAT,Rodin Enterprise - Legacy-RenewalMaintenance,BI-SDW-RRM-RELRM
01tWC00000DD1dEYAT,Rodin Runtime - Legacy-NewMaintenance,BI-SDW-RNM-RRLNM
01tWC00000DD1dFYAT,Rodin Runtime - Legacy,BI-SDW-NRPS-RRLP
01tWC00000DD1dGYAT,Rodin Runtime - Legacy-RenewalMaintenance,BI-SDW-RRM-RRLRM
01tWC00000DD1dHYAT,RoleCourier-NewMaintenance,IGA-AAS-RNM-ROLENE
01tWC00000DD1dIYAT,RoleCourier,IGA-AAS-NRPS-ROLEPE
01tWC00000DD1dJYAT,RoleCourier-RenewalMaintenance,IGA-AAS-RRM-ROLERE
01tWC00000DD1dKYAT,RPG Toolbox-NewMaintenance,DM-RPG-RNM-RPGTNE
01tWC00000DD1dLYAT,RPG Toolbox,DM-RPG-NRPS-RPGTPE
01tWC00000DD1dMYAT,RPG Toolbox-RenewalMaintenance,DM-RPG-RRM-RPGTRE
01tWC00000DD1dNYAT,RPG Toolbox,DM-RPG-RSS-RPGTSU
01tWC00000DD1dOYAT,RPG2SQL Integrator-NewMaintenance,DM-IBM-RNM-RPG2NE
01tWC00000DD1dPYAT,RPG2SQL Integrator,DM-IBM-NRPS-RPG2PE
01tWC00000DD1dQYAT,RPG2SQL Integrator-RenewalMaintenance,DM-IBM-RRM-RPG2RE
01tWC00000DD1dRYAT,RPG2SQL Integrator,DM-IBM-RSS-RPG2SU
01tWC00000DD1dSYAT,RTF Report Converter-NewMaintenance,DM-IRC-RNM-RTFRNE
01tWC00000DD1dTYAT,RTF Report Converter,DM-IRC-NRPS-RTFRPE
01tWC00000DD1dUYAT,RTF Report Converter-RenewalMaintenance,DM-IRC-RRM-RTFRRE
01tWC00000DD1dVYAT,RTF Report Converter,DM-IRC-RSS-RTFRSU
01tWC00000DD1dWYAT,SaaS Service,DP-DLP-RSL-SSSS
01tWC00000DD1dXYAT,SAFEmail Suite-NewMaintenance,DP-DCL-RNM-SAFENE
01tWC00000DD1dYYAT,SAFEmail Suite,DP-DCL-NRPS-SAFEPE
01tWC00000DD1dZYAT,SAFEmail Suite-RenewalMaintenance,DP-DCL-RRM-SAFERE
01tWC00000DD1daYAD,Safestone Password Self Help-NewMaintenance,CS-SPS-RNM-SPSHNM
01tWC00000DD1dbYAD,Safestone Password Self Help,CS-SPS-NRPS-SPSHP
01tWC00000DD1dcYAD,Safestone Password Self Help-RenewalMaintenance,CS-SPS-RRM-SPSHRM
01tWC00000DD1ddYAD,Safestone Password Self Help,CS-SPS-RSS-SPSHS
01tWC00000DD1deYAD,Safestone Password Self Help Users-NewMaintenance,CS-SPS-RNM-SPSHUN
01tWC00000DD1dfYAD,Safestone Password Self Help Users,CS-SPS-NRPS-SPSHUP
01tWC00000DD1dgYAD,Safestone Password Self Help Users-RenewalMaintenance,CS-SPS-RRM-SPSHUR
01tWC00000DD1dhYAD,Safestone Password Self Help Users,CS-SPS-RSS-SPSHUS
01tWC00000DD1diYAD,Safestone Services,CS-CLP-NRSU-SAFEST
01tWC00000DD1djYAD,Safestone Travel Expense,CS-CLP-NRSE-STE
01tWC00000DD1dkYAD,Sandbox for SECURE Email Gateway,ES-SEG-RSS-SSEGS
01tWC00000DD1dlYAD,SAP Interface-NewMaintenance,SM-SAP-RNM-SAPINE
01tWC00000DD1dmYAD,SAP Interface,SM-SAP-NRPS-SAPIPE
01tWC00000DD1dnYAD,SAP Interface-RenewalMaintenance,SM-SAP-RRM-SAPIRE
01tWC00000DD1doYAD,SAP Interface,SM-SAP-RSS-SAPISU
01tWC00000DD1dpYAD,SASE Integration Service Fee,CDP-CSB-NRSU-SASEIS
01tWC00000DD1dqYAD,SASE Quick Start Onboarding fee,CDP-CSB-NRSU-SASEQS
01tWC00000DD1drYAD,Scan Workstation - Legacy-NewMaintenance,DM-WCU-RNM-SCANLN
01tWC00000DD1dsYAD,Scan Workstation - Legacy,DM-WCU-NRPS-SCANLE
01tWC00000DD1dtYAD,Scan Workstation - Legacy-RenewalMaintenance,DM-WCU-RRM-SCANLR
01tWC00000DD1duYAD,Scan Workstation-NewMaintenance,DM-WCU-RNM-SCANNE
01tWC00000DD1dvYAD,Scan Workstation,DM-WCU-NRPS-SCANPE
01tWC00000DD1dwYAD,Scan Workstation-RenewalMaintenance,DM-WCU-RRM-SCANRE
01tWC00000DD1dxYAD,Scan Workstation,DM-WCU-RSS-SCANSU
01tWC00000DD1dyYAD,Scheduler-NewMaintenance,GS-GSE-RNM-SCHENE
01tWC00000DD1dzYAD,Scheduler,GS-GSE-NRPS-SCHEPE
01tWC00000DD1e0YAD,Scheduler - Yearly,GS-GSE-RSS-SCHEYE
01tWC00000DD1e1YAD,Scheduler - Yearly-NewMaintenance,GS-GSE-RNM-SYNM
01tWC00000DD1e2YAD,SCS Services,OS-CI-NRST-SCSS
01tWC00000DD1e3YAD,SDK/Rest API,DP-SC-RSL-SDKR
01tWC00000DD1e4YAD,"Secure Collaboration Platform: Includes Up to 500 Users, 100,000 Documents, Unlimited Connectors, SDK-API - 1 license free",DP-SC-RSL-SCPIUT
01tWC00000DD1e5YAD,SECURE Email Gateway-NewMaintenance,ES-SEG-RNM-SECURE
01tWC00000DD1e6YAD,SECURE Email Gateway,ES-SEG-NRPS-SEGP
01tWC00000DD1e7YAD,SECURE Email Gateway-RenewalMaintenance,ES-SEG-RRM-SEGM
01tWC00000DD1e8YAD,SECURE Email Gateway,ES-SEG-RSS-SEGS
01tWC00000DD1e9YAD,SECURE Email Gateway Advanced Security Package-NewMaintenance,ES-SEG-RNM-SEEM
01tWC00000DD1eAYAT,SECURE Email Gateway Advanced Security Package,ES-SEG-NRPS-SEPP
01tWC00000DD1eBYAT,SECURE Email Gateway Advanced Security Package-RenewalMaintenance,ES-SEG-RRM-SERM
01tWC00000DD1eCYAT,SECURE Email Gateway Advanced Security Package,ES-SEG-RSS-SEPS
01tWC00000DD1eDYAT,SECURE Email Gateway Elite Security Package-NewMaintenance,ES-SEG-RNM-SENM
01tWC00000DD1eEYAT,SECURE Email Gateway Elite Security Package,ES-SEG-NRPS-SECUEM
01tWC00000DD1eFYAT,SECURE Email Gateway Elite Security Package-RenewalMaintenance,ES-SEG-RRM-SECEMA
01tWC00000DD1eGYAT,SECURE Email Gateway Elite Security Package,ES-SEG-RSS-SEEMAI
01tWC00000DD1eHYAT,SECURE Email Gateway Essential Security Package-NewMaintenance,ES-SEG-RNM-SEMAIL
01tWC00000DD1eIYAT,SECURE Email Gateway Essential Security Package,ES-SEG-NRPS-SECUEG
01tWC00000DD1eJYAT,SECURE Email Gateway Essential Security Package-RenewalMaintenance,ES-SEG-RRM-SECEMG
01tWC00000DD1eKYAT,SECURE Email Gateway Essential Security Package,ES-SEG-RSS-SECEGA
01tWC00000DD1eLYAT,SECURE Exchange Gateway-NewMaintenance,ES-SXG-RNM-SEEX
01tWC00000DD1eMYAT,SECURE Exchange Gateway,ES-SXG-NRPS-SECUEX
01tWC00000DD1eNYAT,SECURE Exchange Gateway-RenewalMaintenance,ES-SXG-RRM-SECEXC
01tWC00000DD1eOYAT,SECURE Exchange Gateway,ES-SXG-RSS-SEEXCH
01tWC00000DD1ePYAT,SECURE Exchange Gateway Advanced Security Package-NewMaintenance,ES-SXG-RNM-SEXCHA
01tWC00000DD1eQYAT,SECURE Exchange Gateway Advanced Security Package,ES-SXG-NRPS-SECEXG
01tWC00000DD1eRYAT,SECURE Exchange Gateway Advanced Security Package-RenewalMaintenance,ES-SXG-RRM-SEEXCG
01tWC00000DD1eSYAT,SECURE Exchange Gateway Advanced Security Package,ES-SXG-RSS-SEEGAT
01tWC00000DD1eTYAT,SECURE Exchange Gateway Elite Security Package-NewMaintenance,ES-SXG-RNM-SEXCGA
01tWC00000DD1eUYAT,SECURE Exchange Gateway Elite Security Package,ES-SXG-NRPS-SEXGAT
01tWC00000DD1eVYAT,SECURE Exchange Gateway Elite Security Package-RenewalMaintenance,ES-SXG-RRM-SEEXGA
01tWC00000DD1eWYAT,SECURE Exchange Gateway Elite Security Package,ES-SXG-RSS-SEEXGE
01tWC00000DD1eXYAT,SECURE Exchange Gateway Essential Security Package-NewMaintenance,ES-SXG-RNM-SEEGAE
01tWC00000DD1eYYAT,SECURE Exchange Gateway Essential Security Package,ES-SXG-NRPS-SEXGAE
01tWC00000DD1eZYAT,SECURE Exchange Gateway Essential Security Package-RenewalMaintenance,ES-SXG-RRM-SEXGES
01tWC00000DD1eaYAD,SECURE Exchange Gateway Essential Security Package,ES-SXG-RSS-SEEGES
01tWC00000DD1ebYAD,Secure Forms-NewMaintenance,GS-GSE-RNM-SFNM
01tWC00000DD1ecYAD,Secure Forms,GS-GSE-NRPS-SFP
01tWC00000DD1edYAD,Secure Forms - Yearly,GS-GSE-RSS-SFYS
01tWC00000DD1eeYAD,Secure Forms - Yearly-NewMaintenance,GS-GSE-RNM-SFYNM
01tWC00000DD1efYAD,SECURE ICAP Gateway-NewMaintenance,ES-SIG-RNM-SIGM
01tWC00000DD1egYAD,SECURE ICAP Gateway,ES-SIG-NRPS-SIGP
01tWC00000DD1ehYAD,SECURE ICAP Gateway-RenewalMaintenance,ES-SIG-RRM-SEIC
01tWC00000DD1eiYAD,SECURE ICAP Gateway,ES-SIG-RSS-SIGS
01tWC00000DD1ejYAD,SECURE ICAP Gateway Advanced Security Package Per Instance-NewMaintenance,ES-SIG-RNM-SECURI
01tWC00000DD1ekYAD,SECURE ICAP Gateway Advanced Security Package Per Instance,ES-SIG-NRPS-SEIP
01tWC00000DD1elYAD,SECURE ICAP Gateway Advanced Security Package Per Instance-RenewalMaintenance,ES-SIG-RRM-SECUIC
01tWC00000DD1emYAD,SECURE ICAP Gateway Advanced Security Package Per Instance,ES-SIG-RSS-SEIS
01tWC00000DD1enYAD,SECURE ICAP Gateway Advanced Security Package Per User-NewMaintenance,ES-SIG-RNM-SECICA
01tWC00000DD1eoYAD,SECURE ICAP Gateway Advanced Security Package Per User,ES-SIG-NRPS-SEUP
01tWC00000DD1epYAD,SECURE ICAP Gateway Advanced Security Package Per User-RenewalMaintenance,ES-SIG-RRM-SEICAP
01tWC00000DD1eqYAD,SECURE ICAP Gateway Advanced Security Package Per User,ES-SIG-RSS-SEUS
01tWC00000DD1erYAD,SECURE ICAP Gateway Elite Security Package Per Instance-NewMaintenance,ES-SIG-RNM-SICAP
01tWC00000DD1esYAD,SECURE ICAP Gateway Elite Security Package Per Instance,ES-SIG-NRPS-SECUIG
01tWC00000DD1etYAD,SECURE ICAP Gateway Elite Security Package Per Instance-RenewalMaintenance,ES-SIG-RRM-SECICG
01tWC00000DD1euYAD,SECURE ICAP Gateway Elite Security Package Per Instance,ES-SIG-RSS-SECIGA
01tWC00000DD1evYAD,SECURE ICAP Gateway Elite Security Package Per User-NewMaintenance,ES-SIG-RNM-SEICAG
01tWC00000DD1ewYAD,SECURE ICAP Gateway Elite Security Package Per User,ES-SIG-NRPS-SEIGAT
01tWC00000DD1exYAD,SECURE ICAP Gateway Elite Security Package Per User-RenewalMaintenance,ES-SIG-RRM-SICAGA
01tWC00000DD1eyYAD,SECURE ICAP Gateway Elite Security Package Per User,ES-SIG-RSS-SICGAT
01tWC00000DD1ezYAD,SECURE ICAP Gateway Essential Security Package Per Instance-NewMaintenance,ES-SIG-RNM-SEICGA
01tWC00000DD1f0YAD,SECURE ICAP Gateway Essential Security Package Per Instance,ES-SIG-NRPS-SEICGE
01tWC00000DD1f1YAD,SECURE ICAP Gateway Essential Security Package Per Instance-RenewalMaintenance,ES-SIG-RRM-SEIGAE
01tWC00000DD1f2YAD,SECURE ICAP Gateway Essential Security Package Per Instance,ES-SIG-RSS-SICGAE
01tWC00000DD1f3YAD,SECURE ICAP Gateway Essential Security Package Per User-NewMaintenance,ES-SIG-RNM-SICGES
01tWC00000DD1f4YAD,SECURE ICAP Gateway Essential Security Package Per User,ES-SIG-NRPS-SEIGES
01tWC00000DD1f5YAD,SECURE ICAP Gateway Essential Security Package Per User-RenewalMaintenance,ES-SIG-RRM-SIGAES
01tWC00000DD1f6YAD,SECURE ICAP Gateway Essential Security Package Per User,ES-SIG-RSS-SIGESS
01tWC00000DD1f7YAD,SECURE ICAP Gateway Per Instance-NewMaintenance,ES-SIG-RNM-SEICGP
01tWC00000DD1f8YAD,SECURE ICAP Gateway Per Instance,ES-SIG-NRPS-SEIGAP
01tWC00000DD1f9YAD,SECURE ICAP Gateway Per Instance-RenewalMaintenance,ES-SIG-RRM-SICGAP
01tWC00000DD1fAYAT,SECURE ICAP Gateway Per Instance,ES-SIG-RSS-SICGPE
01tWC00000DD1fBYAT,SECURE Web Gateway-NewMaintenance,ES-SWG-RNM-SWGM
01tWC00000DD1fCYAT,SECURE Web Gateway,ES-SWG-NRPS-SWGP
01tWC00000DD1fDYAT,SECURE Web Gateway-RenewalMaintenance,ES-SWG-RRM-SEWE
01tWC00000DD1fEYAT,SECURE Web Gateway,ES-SWG-RSS-SWGS
01tWC00000DD1fFYAT,SECURE Web Gateway Advanced Security Package-NewMaintenance,ES-SWG-RNM-SECURW
01tWC00000DD1fGYAT,SECURE Web Gateway Advanced Security Package,ES-SWG-NRPS-SECUWE
01tWC00000DD1fHYAT,SECURE Web Gateway Advanced Security Package-RenewalMaintenance,ES-SWG-RRM-SECWEB
01tWC00000DD1fIYAT,SECURE Web Gateway Advanced Security Package,ES-SWG-RSS-SEWEB
01tWC00000DD1fJYAT,SECURE Web Gateway Elite Security Package-NewMaintenance,ES-SWG-RNM-SWEB
01tWC00000DD1fKYAT,SECURE Web Gateway Elite Security Package,ES-SWG-NRPS-SECUWG
01tWC00000DD1fLYAT,SECURE Web Gateway Elite Security Package-RenewalMaintenance,ES-SWG-RRM-SECWEG
01tWC00000DD1fMYAT,SECURE Web Gateway Elite Security Package,ES-SWG-RSS-SECWGA
01tWC00000DD1fNYAT,SECURE Web Gateway Essential Security Package-NewMaintenance,ES-SWG-RNM-SEWEBG
01tWC00000DD1fOYAT,SECURE Web Gateway Essential Security Package,ES-SWG-NRPS-SEWGAT
01tWC00000DD1fPYAT,SECURE Web Gateway Essential Security Package-RenewalMaintenance,ES-SWG-RRM-SWEBGA
01tWC00000DD1fQYAT,SECURE Web Gateway Essential Security Package,ES-SWG-RSS-SWEGAT
01tWC00000DD1fRYAT,SecureReset-NewMaintenance,IGA-AAS-RNM-SECUNE
01tWC00000DD1fSYAT,SecureReset,IGA-AAS-NRPS-SECUPE
01tWC00000DD1fTYAT,SecureReset-RenewalMaintenance,IGA-AAS-RRM-SECURM
01tWC00000DD1fUYAT,SecureReset,IGA-AAS-RSS-SECUSU
01tWC00000DD1fVYAT,Security-NewMaintenance,SM-SYM-RNM-SNM
01tWC00000DD1fWYAT,Security,SM-SYM-NRPS-SEPE
01tWC00000DD1fXYAT,Security-RenewalMaintenance,SM-SYM-RRM-SRM
01tWC00000DD1fYYAT,Security,SM-SYM-RSS-SESU
01tWC00000DD1fZYAT,Security Advisory,HRM-HRM-RSP-SEAD
01tWC00000DD1faYAD,Security Audit-NewMaintenance,CS-SA-RNM-SANM
01tWC00000DD1fbYAD,Security Audit,CS-SA-NRPS-SEAU
01tWC00000DD1fcYAD,Security Audit-RenewalMaintenance,CS-SA-RRM-SARM
01tWC00000DD1fdYAD,Security Audit,CS-SA-RSS-SAS
01tWC00000DD1feYAD,Security Audit & Detection-NewMaintenance,CS-DFT-RNM-SADNM
01tWC00000DD1ffYAD,Security Audit & Detection,CS-DFT-NRPS-SADP
01tWC00000DD1fgYAD,Security Audit & Detection-RenewalMaintenance,CS-DFT-RRM-SADRM
01tWC00000DD1fhYAD,Security Audit & Detection,CS-DFT-RSS-SADS
01tWC00000DD1fiYAD,Security Awareness,HRM-HRM-RSL-SEAW
01tWC00000DD1fjYAD,Security Awareness Library - Classic Bundle,HRM-HRM-RSL-SALCBS
01tWC00000DD1fkYAD,Security Awareness Library - Selection Bundle,HRM-HRM-RSL-SALSBS
01tWC00000DD1flYAD,Security Awareness Library - Ultimate Bundle,HRM-HRM-RSL-SALUBS
01tWC00000DD1fmYAD,Security Awareness ProgramClassic Bundle (without Phishing),HRM-HRM-RSL-SAPCBWPS
01tWC00000DD1fnYAD,Security Awareness Program - Classic Bundle - Self Managed,HRM-HRM-RSL-SAPCBSMS
01tWC00000DD1foYAD,Security Awareness Program - Selection Bundle - Self Managed,HRM-HRM-RSL-SAPSBSMS
01tWC00000DD1fpYAD,Security Awareness Program - Ultimate Bundle - Self Managed,HRM-HRM-RSL-SAPUBSMS
01tWC00000DD1fqYAD,Security KM Events-NewMaintenance,SM-VMC-RNM-SKENM
01tWC00000DD1frYAD,Security KM Events,SM-VMC-NRPS-SKEP
01tWC00000DD1fsYAD,Security KM Events-RenewalMaintenance,SM-VMC-RRM-SKERM
01tWC00000DD1ftYAD,Security KM Events,SM-VMC-RSS-SKES
01tWC00000DD1fuYAD,Security KM Incidents-NewMaintenance,SM-VMC-RNM-SKINM
01tWC00000DD1fvYAD,Security KM Incidents,SM-VMC-NRPS-SKIP
01tWC00000DD1fwYAD,Security KM Incidents-RenewalMaintenance,SM-VMC-RRM-SKIRM
01tWC00000DD1fxYAD,Security KM Incidents,SM-VMC-RSS-SKIS
01tWC00000DD1fyYAD,Security Knowledge Module-NewMaintenance,SM-VMC-RNM-SKMNM
01tWC00000DD1fzYAD,Security Knowledge Module,SM-VMC-NRPS-SKMP
01tWC00000DD1g0YAD,Security Knowledge Module-RenewalMaintenance,SM-VMC-RRM-SKMRM
01tWC00000DD1g1YAD,Security Knowledge Module,SM-VMC-RSS-SKMS
01tWC00000DD1g2YAD,Security Scan - Cross Platform-NewMaintenance,CS-PSS-RNM-SSCPNM
01tWC00000DD1g3YAD,Security Scan - Cross Platform,CS-PSS-NRPS-SSCPP
01tWC00000DD1g4YAD,Security Scan - Cross Platform-RenewalMaintenance,CS-PSS-RRM-SSCPRM
01tWC00000DD1g5YAD,Security Scan - Cross Platform,CS-PSS-RSS-SSCPS
01tWC00000DD1g6YAD,Security Scan - i-NewMaintenance,CS-PSS-RNM-SSINM
01tWC00000DD1g7YAD,Security Scan - i,CS-PSS-NRPS-SSIP
01tWC00000DD1g8YAD,Security Scan - i-RenewalMaintenance,CS-PSS-RRM-SSIRM
01tWC00000DD1g9YAD,Security Scan - i,CS-PSS-RSS-SSIS
01tWC00000DD1gAYAT,Sequel-NewMaintenance,BI-SQ-RNM-SEQUEL
01tWC00000DD1gBYAT,Sequel,BI-SQ-NRPS-SEQUEP
01tWC00000DD1gCYAT,Sequel-RenewalMaintenance,BI-SQ-RRM-SERE
01tWC00000DD1gDYAT,Sequel,BI-SQ-RSS-SEQUES
01tWC00000DD1gEYAT,Sequel - User Based-NewMaintenance,BI-SQ-RNM-SUBNM
01tWC00000DD1gFYAT,Sequel - User Based,BI-SQ-NRPS-SUBP
01tWC00000DD1gGYAT,Sequel - User Based-RenewalMaintenance,BI-SQ-RRM-SUBRM
01tWC00000DD1gHYAT,Sequel - User Based,BI-SQ-RSS-SUBS
01tWC00000DD1gIYAT,SEQUEL Client Report Option-NewMaintenance,BI-CRO-RNM-SCRM
01tWC00000DD1gJYAT,SEQUEL Client Report Option,BI-CRO-NRPS-SCRP
01tWC00000DD1gKYAT,SEQUEL Client Report Option-RenewalMaintenance,BI-CRO-RRM-SECL
01tWC00000DD1gLYAT,Tripwire App - Custom Workflow Integration for Nozomi - Utility-NewMaintenance,FIM-FIM-RNM-TACWIN
01tWC00000DD1gMYAT,Tripwire App - Custom Workflow Integration for Nozomi - Utility,FIM-FIM-NRPS-TRIPWI
01tWC00000DD1gNYAT,Tripwire App - Custom Workflow Integration for Nozomi - Utility-RenewalMaintenance,FIM-FIM-RRM-TACM
01tWC00000DD1gOYAT,Tripwire App - Custom Workflow Integration for Nozomi - Utility,FIM-FIM-RSS-TACS
01tWC00000DD1gPYAT,Tripwire App - Dynamic Software Reconciliation - License Usage Fee,FIM-FIM-NROR-TADSFLF
01tWC00000DD1gQYAT,Tripwire App - Dynamic Software Reconciliation - Utility,FIM-FIM-NROR-TADSRUO
01tWC00000DD1gRYAT,Tripwire App - Dynamic Software Reconciliation - Utility-NewMaintenance,FIM-FIM-RNM-TADM
01tWC00000DD1gSYAT,Tripwire App - Dynamic Software Reconciliation - Utility-RenewalMaintenance,FIM-FIM-RRM-TRAP
01tWC00000DD1gTYAT,Tripwire App - Dynamic Software Reconciliation - Utility,FIM-FIM-RSS-TADS
01tWC00000DD1gUYAT,Tripwire App - Dynamic Software Reconciliation - Utility & Implementation-RenewalMaintenance,FIM-FML-RRM-TRRM
01tWC00000DD1gVYAT,Tripwire App - Dynamic Software Reconciliation Express - Utility,FIM-FIM-NROR-TADSREUO
01tWC00000DD1gWYAT,Tripwire App - Dynamic Software Reconciliation Express - Utility-NewMaintenance,FIM-FIM-RNM-TRNM
01tWC00000DD1gXYAT,Tripwire App - Dynamic Software Reconciliation Express - Utility-RenewalMaintenance,FIM-FIM-RRM-TRIPWA
01tWC00000DD1gYYAT,Tripwire App - Dynamic Software Reconciliation Express - Utility,FIM-FIM-RSS-TRUS
01tWC00000DD1gZYAT,Tripwire App - Event Sender - License Usage Fee,FIM-FIM-NROR-TAESLUFO
01tWC00000DD1gaYAD,Tripwire App - Event Sender - Utility,FIM-FIM-NROR-TAESUO
01tWC00000DD1gbYAD,Tripwire App - Event Sender - Utility-NewMaintenance,FIM-FIM-RNM-TAESUN
01tWC00000DD1gcYAD,Tripwire App - Event Sender - Utility-RenewalMaintenance,FIM-FIM-RRM-TAESUR
01tWC00000DD1gdYAD,Tripwire App - Event Sender - Utility,FIM-FIM-RSS-TAESUS
01tWC00000DD1geYAD,Tripwire App - Event Sender - Utility & Implementation-RenewalMaintenance,FIM-FML-RRM-TAESUI
01tWC00000DD1gfYAD,Tripwire App - TE Integration Framework - CA Service Desk - Utility,FIM-FIM-NROR-TAEDSLF
01tWC00000DD1ggYAD,Tripwire App - TE Integration Framework - CA Service Desk - Utility-NewMaintenance,FIM-FIM-RNM-TATM
01tWC00000DD1ghYAD,Tripwire App - TE Integration Framework - CA Service Desk - Utility-RenewalMaintenance,FIM-FIM-RRM-TRIPAP
01tWC00000DD1giYAD,Tripwire App - TE Integration Framework - CA Service Desk - Utility,FIM-FIM-RSS-TATS
01tWC00000DD1gjYAD,Tripwire App - TE Integration Framework - ChangeGear - Utility,FIM-FIM-NROR-TATIFCGU
01tWC00000DD1gkYAD,Tripwire App - TE Integration Framework - ChangeGear - Utility-NewMaintenance,FIM-FIM-RNM-TRIAPP
01tWC00000DD1glYAD,Tripwire App - TE Integration Framework - ChangeGear - Utility-RenewalMaintenance,FIM-FIM-RRM-TRAPP
01tWC00000DD1gmYAD,Tripwire App - TE Integration Framework - ChangeGear - Utility,FIM-FIM-RSS-TAPP
01tWC00000DD1gnYAD,Tripwire App - TE Integration Framework - Cherwell - Utility,FIM-FIM-NROR-TATIFCHU
01tWC00000DD1goYAD,Tripwire App - TE Integration Framework - Cherwell - Utility-NewMaintenance,FIM-FIM-RNM-TRIPAT
01tWC00000DD1gpYAD,Tripwire App - TE Integration Framework - Cherwell - Utility-RenewalMaintenance,FIM-FIM-RRM-TRIAPT
01tWC00000DD1gqYAD,Tripwire App - TE Integration Framework - Cherwell - Utility,FIM-FIM-RSS-TRIATE
01tWC00000DD1grYAD,Tripwire App - TE Integration Framework - Flex - Utility,FIM-FIM-NROR-TATIFFUO
01tWC00000DD1gsYAD,Tripwire App - TE Integration Framework - Flex - Utility-NewMaintenance,FIM-FIM-RNM-TRAPPT
01tWC00000DD1gtYAD,Tripwire App - TE Integration Framework - Flex - Utility-RenewalMaintenance,FIM-FIM-RRM-TRATE
01tWC00000DD1guYAD,Tripwire App - TE Integration Framework - Flex - Utility,FIM-FIM-RSS-TAPPTE
01tWC00000DD1gvYAD,Tripwire App - TE Integration Framework - Flex - Utility & Implementation-RenewalMaintenance,FIM-FML-RRM-TAPTE
01tWC00000DD1gwYAD,Tripwire App - TE Integration Framework - Jira - Utility,FIM-FIM-NROR-TATIFJUO
01tWC00000DD1gxYAD,Tripwire App - TE Integration Framework - Jira - Utility-NewMaintenance,FIM-FIM-RNM-TRAPTE
01tWC00000DD1gyYAD,TE University Site License-File Systems Monitoring-Tier 1-RenewalMaintenance,FIM-FIM-RRM-TEUSLFRM
01tWC00000DD1gzYAD,Tripwire App - TE Integration Framework - Jira - Utility-RenewalMaintenance,FIM-FIM-RRM-TRAPTI
01tWC00000DD1h0YAD,Tripwire App - TE Integration Framework - Jira - Utility,FIM-FIM-RSS-TRATEI
01tWC00000DD1h1YAD,Tripwire App - TE Integration Framework - Remedy - Utility,FIM-FIM-NROR-TATIFRUO
01tWC00000DD1h2YAD,Tripwire App - TE Integration Framework - Remedy - Utility-NewMaintenance,FIM-FIM-RNM-TAPTEI
01tWC00000DD1h3YAD,Tripwire App - TE Integration Framework - Remedy - Utility-RenewalMaintenance,FIM-FIM-RRM-TAPTIN
01tWC00000DD1h4YAD,Tripwire App - TE Integration Framework - Remedy - Utility,FIM-FIM-RSS-TRATIF
01tWC00000DD1h5YAD,Tripwire App - TE Integration Framework - Remedy - Utility & Implementation-RenewalMaintenance,FIM-FML-RRM-TAPTIF
01tWC00000DD1h6YAD,Tripwire App - TE Integration Framework - ServiceNow - Utility,FIM-FIM-NROR-TATIFSUO
01tWC00000DD1h7YAD,Tripwire App - TE Integration Framework - ServiceNow - Utility-NewMaintenance,FIM-FIM-RNM-TATEIF
01tWC00000DD1h8YAD,Tripwire App - TE Integration Framework - ServiceNow - Utility-RenewalMaintenance,FIM-FIM-RRM-TATINF
01tWC00000DD1h9YAD,Tripwire App - TE Integration Framework - ServiceNow - Utility,FIM-FIM-RSS-TATSNS
01tWC00000DD1hAYAT,Tripwire App - TE Integration Framework - ServiceNow - Utility & Implementation-RenewalMaintenance,FIM-FML-RRM-TATSNR
01tWC00000DD1hBYAT,Tripwire App - Term Based Enterprise Utility License-NewMaintenance,FIM-FIM-RNM-TATBEU
01tWC00000DD1hCYAT,Tripwire App - Term Based Enterprise Utility License,FIM-FIM-NRPS-TATP
01tWC00000DD1hDYAT,Tripwire App - Term Based Enterprise Utility License-RenewalMaintenance,FIM-FIM-RRM-TRATER
01tWC00000DD1hEYAT,Tripwire App - Whitelist Profiler - License Usage Fee,FIM-FIM-NROR-TAWPLUFO
01tWC00000DD1hFYAT,Tripwire App - Whitelist Profiler - Utility,FIM-FIM-NROR-TAWPUO
01tWC00000DD1hGYAT,Tripwire App - Whitelist Profiler - Utility-NewMaintenance,FIM-FIM-RNM-TAWPUN
01tWC00000DD1hHYAT,Tripwire App - Whitelist Profiler - Utility-RenewalMaintenance,FIM-FIM-RRM-TAWPUR
01tWC00000DD1hIYAT,Tripwire App - Whitelist Profiler - Utility,FIM-FIM-RSS-TAWPUS
01tWC00000DD1hJYAT,Tripwire CCM Unlimited Use-NewMaintenance,FIM-FIM-RNM-TCUUNM
01tWC00000DD1hKYAT,Tripwire CCM Unlimited Use,FIM-FML-NRPS-TCUUP
01tWC00000DD1hLYAT,Tripwire CCM Unlimited Use-RenewalMaintenance,FIM-FIM-RRM-TCUURM
01tWC00000DD1hMYAT,Tripwire CCM Unlimited Use,FIM-FIM-RSS-TCUUS
01tWC00000DD1hNYAT,Tripwire Enterprise-NewMaintenance,FIM-FIM-RNM-TREN
01tWC00000DD1hOYAT,Tripwire Enterprise,FIM-FIM-NRPS-TEP
01tWC00000DD1hPYAT,Tripwire Enterprise-RenewalMaintenance,FIM-FIM-RRM-TRIPWE
01tWC00000DD1hQYAT,Tripwire Enterprise,FIM-FIM-RSS-TES
01tWC00000DD1hRYAT,Tripwire Enterprise Console - License Usage Fee,FIM-FIM-NROR-TECLUFO
01tWC00000DD1hSYAT,Tripwire Enterprise Console - MS SQL-RenewalMaintenance,FIM-FIM-RRM-TECMSR
01tWC00000DD1hTYAT,Tripwire Enterprise Console - MySQL Backend - EVAL,FIM-FIM-NRPS-TECMSB
01tWC00000DD1hUYAT,Tripwire Enterprise Console-NewMaintenance,FIM-FIM-RNM-TECNM
01tWC00000DD1hVYAT,Tripwire Enterprise Console - Oracle-RenewalMaintenance,FIM-FIM-RRM-TECORM
01tWC00000DD1hWYAT,Tripwire Enterprise Console,FIM-FIM-NRPS-TECP
01tWC00000DD1hXYAT,Tripwire Enterprise Console-RenewalMaintenance,FIM-FIM-RRM-TECRM
01tWC00000DD1hYYAT,Tripwire Enterprise Console,FIM-FIM-RSS-TECS
01tWC00000DD1hZYAT,Tripwire Enterprise Express Console-NewMaintenance,FIM-FIM-RNM-TEECNM
01tWC00000DD1haYAD,Tripwire Enterprise Express Console,FIM-FIM-NRPS-TEECP
01tWC00000DD1hbYAD,Tripwire Enterprise Express Console-RenewalMaintenance,FIM-FIM-RRM-TEECRM
01tWC00000DD1hcYAD,Tripwire Enterprise Express Console,FIM-FIM-RSS-TEECS
01tWC00000DD1hdYAD,Tripwire Enterprise Extra Extended Support Fee-RenewalMaintenance,FIM-FIM-RRM-TEEESF
01tWC00000DD1heYAD,Tripwire Enterprise for Databases-NewMaintenance,FIM-FIM-RNM-TEDNM
01tWC00000DD1hfYAD,Tripwire Enterprise for Databases,FIM-FIM-NRPS-TRDP
01tWC00000DD1hgYAD,Tripwire Enterprise for Databases-RenewalMaintenance,FIM-FIM-RRM-TEDRM
01tWC00000DD1hhYAD,Tripwire Enterprise for Databases - EVAL,FIM-FIM-NRPS-TEDEP
01tWC00000DD1hiYAD,Tripwire Enterprise for Databases - License Usage Fee,FIM-FIM-NROR-TEDBLUF
01tWC00000DD1hjYAD,Tripwire Enterprise for Desktops - EVAL,FIM-FIM-NRPS-TREP
01tWC00000DD1hkYAD,Tripwire Enterprise for Desktops - License Usage Fee,FIM-FIM-NROR-TEDTLUF
01tWC00000DD1hlYAD,Tripwire Enterprise for Desktops-NewMaintenance,FIM-FIM-RNM-TEDM
01tWC00000DD1hmYAD,Tripwire Enterprise for Desktops,FIM-FIM-NRPS-TRIPEN
01tWC00000DD1hnYAD,Tripwire Enterprise for Desktops-RenewalMaintenance,FIM-FIM-RRM-TRIENT
01tWC00000DD1hoYAD,Tripwire Enterprise for Desktops,FIM-FIM-RSS-TEDS
01tWC00000DD1hpYAD,Tripwire Enterprise for Directory Services-NewMaintenance,FIM-FIM-RNM-TEDSNM
01tWC00000DD1hqYAD,Tripwire Enterprise for Directory Services,FIM-FIM-NRPS-TEDSP
01tWC00000DD1hrYAD,Tripwire Enterprise for Directory Services-RenewalMaintenance,FIM-FIM-RRM-TEDSRM
01tWC00000DD1hsYAD,Tripwire Enterprise for Directory Services - EVAL,FIM-FIM-NRPS-TEDSEP
01tWC00000DD1htYAD,Tripwire Enterprise for Directory Services - License Usage Fee,FIM-FIM-NROR-TEDSLF
01tWC00000DD1huYAD,Tripwire Enterprise for File Systems - EVAL,FIM-FIM-NRPS-TEFSEP
01tWC00000DD1hvYAD,Tripwire Enterprise for File Systems - License Usage Fee,FIM-FIM-NROR-TEFSLF
01tWC00000DD1hwYAD,Tripwire Enterprise for File Systems-NewMaintenance,FIM-FIM-RNM-TEFSNM
01tWC00000DD1hxYAD,Tripwire Enterprise for File Systems,FIM-FIM-NRPS-TEFSP
01tWC00000DD1jZYAT,Sequel Data Warehouse-RenewalMaintenance,BI-SDW-RRM-SDWRM
01tWC00000DD1jaYAD,Sequel Data Warehouse,BI-SDW-RSS-SDWS
01tWC00000DD1jbYAD,Sequel Data Warehouse (RODIN) Select License-NewMaintenance,BI-SDW-RNM-SDWRSL
01tWC00000DD1jcYAD,Sequel Data Warehouse (RODIN) Select License - Bronze Edition,BI-SDW-NRPS-SDWSLBEP
01tWC00000DD1jdYAD,Sequel Data Warehouse (RODIN) Select License - Silver Edition,BI-SDW-NRPS-SDWSLSEP
01tWC00000DD1jeYAD,Sequel Data Warehouse (RODIN) Select License - Gold Edition,BI-SDW-NRPS-SDWSLGEP
01tWC00000DD1jfYAD,Sequel Data Warehouse (RODIN) Select License - Platinum Edition,BI-SDW-NRPS-SDWSLPEP
01tWC00000DD1jgYAD,Sequel Data Warehouse (RODIN) Select License-RenewalMaintenance,BI-SDW-RRM-SDWM
01tWC00000DD1jhYAD,Sequel Data Warehouse (RODIN) Select License - Bronze Edition,BI-SDW-RSS-SDWSLBES
01tWC00000DD1jiYAD,Sequel Data Warehouse (RODIN) Select License - Silver Edition,BI-SDW-RSS-SDWSLSES
01tWC00000DD1jjYAD,Sequel Data Warehouse (RODIN) Select License - Gold Edition,BI-SDW-RSS-SDWSLGES
01tWC00000DD1jkYAD,Sequel Data Warehouse (RODIN) Select License - Platinum Edition,BI-SDW-RSS-SDWSLPES
01tWC00000DD1jlYAD,SEQUEL Data Warehouse Bundle-NewMaintenance,BI-SDW-RNM-SEQUED
01tWC00000DD1jmYAD,SEQUEL Data Warehouse Bundle - Bronze Edition,BI-SDW-NRPS-SDWBBEP
01tWC00000DD1jnYAD,SEQUEL Data Warehouse Bundle - Silver Edition,BI-SDW-NRPS-SDWBSEP
01tWC00000DD1joYAD,SEQUEL Data Warehouse Bundle - Gold Edition,BI-SDW-NRPS-SDWBGEP
01tWC00000DD1jpYAD,SEQUEL Data Warehouse Bundle - Platinum Edition,BI-SDW-NRPS-SDWBPEP
01tWC00000DD1jqYAD,SEQUEL Data Warehouse Bundle-RenewalMaintenance,BI-SDW-RRM-SEQUDA
01tWC00000DD1jrYAD,SEQUEL Data Warehouse Bundle - Bronze Edition,BI-SDW-RSS-SDWBBES
01tWC00000DD1jsYAD,SEQUEL Data Warehouse Bundle - Silver Edition,BI-SDW-RSS-SDWBSES
01tWC00000DD1jtYAD,SEQUEL Data Warehouse Bundle - Gold Edition,BI-SDW-RSS-SDWBGES
01tWC00000DD1juYAD,SEQUEL Data Warehouse Bundle - Platinum Edition,BI-SDW-RSS-SDWBPES
01tWC00000DD1jvYAD,SEQUEL FYI-NewMaintenance,BI-SL-RNM-SEFY
01tWC00000DD1jwYAD,SEQUEL FYI,BI-SL-NRPS-SEFP
01tWC00000DD1jxYAD,SEQUEL FYI-RenewalMaintenance,BI-SL-RRM-SFRM
01tWC00000DD1jyYAD,Sequel Repository Designer-NewMaintenance,BI-SQ-RNM-SRDNM
01tWC00000DD1jzYAD,Sequel Repository Designer,BI-SQ-NRPS-SRDP
01tWC00000DD1k0YAD,Sequel Repository Designer-RenewalMaintenance,BI-SQ-RRM-SRDRM
01tWC00000DD1k1YAD,Sequel Repository Designer,BI-SQ-RSS-SRDS
01tWC00000DD1k2YAD,SEQUEL Services,BI-SQ-NRST-SESE
01tWC00000DD1k3YAD,SEQUEL Recurring Services,BI-SQ-RSP-SQLRS
01tWC00000DD1k4YAD,SEQUEL SMB Bundle-NewMaintenance,BI-SQ-RNM-SSBM
01tWC00000DD1k5YAD,SEQUEL SMB Bundle - Primary,BI-SQ-NRPS-SSMBPP
01tWC00000DD1k6YAD,SEQUEL SMB Bundle - Secondary,BI-SQ-NRPS-SSMBSP
01tWC00000DD1k7YAD,SEQUEL SMB Bundle-RenewalMaintenance,BI-SQ-RRM-SESM
01tWC00000DD1k8YAD,SEQUEL SMB Bundle - Primary,BI-SQ-RSS-SSMBPS
01tWC00000DD1k9YAD,SEQUEL SMB Bundle - Secondary,BI-SQ-RSS-SSMBSS
01tWC00000DD1kAYAT,SEQUEL SMB Bundle Additional User-NewMaintenance,BI-SQ-RNM-SEQUSM
01tWC00000DD1kBYAT,SEQUEL SMB Bundle Additional User,BI-SQ-NRPS-SEQSMB
01tWC00000DD1kCYAT,SEQUEL SMB Bundle Additional User-RenewalMaintenance,BI-SQ-RRM-SESMB
01tWC00000DD1kDYAT,SEQUEL SMB Bundle Additional User,BI-SQ-RSS-SSMB
01tWC00000DD1kEYAT,SEQUEL SMB Bundle Included Users-NewMaintenance,BI-SQ-RNM-SEQUSB
01tWC00000DD1kFYAT,SEQUEL SMB Bundle Included Users,BI-SQ-NRPS-SEQSBU
01tWC00000DD1kGYAT,SEQUEL SMB Bundle Included Users-RenewalMaintenance,BI-SQ-RRM-SESMBB
01tWC00000DD1kHYAT,SEQUEL SMB Bundle Included Users,BI-SQ-RSS-SESBUN
01tWC00000DD1kIYAT,SEQUEL Solution Bundle-NewMaintenance,BI-SQ-RNM-SESO
01tWC00000DD1kJYAT,SEQUEL Solution Bundle,BI-SQ-NRPS-SEQUSO
01tWC00000DD1kKYAT,SEQUEL Solution Bundle-RenewalMaintenance,BI-SQ-RRM-SEQSOL
01tWC00000DD1kLYAT,SEQUEL Solution Bundle,BI-SQ-RSS-SESOLU
01tWC00000DD1kMYAT,SEQUEL Training,BI-SQ-NRST-SETR
01tWC00000DD1kNYAT,SEQUEL Travel Expense,BI-SQ-NRSE-SETE
01tWC00000DD1kOYAT,SEQUEL Web Interface-NewMaintenance,BI-SWI-RNM-SWIM
01tWC00000DD1kPYAT,SEQUEL Web Interface,BI-SWI-NRPS-SWIP
01tWC00000DD1kQYAT,SEQUEL Web Interface-RenewalMaintenance,BI-SWI-RRM-SEQUEW
01tWC00000DD1kRYAT,SEQUEL Web Interface,BI-SWI-RSS-SWIS
01tWC00000DD1kSYAT,Serious Game,HRM-HRM-RSL-SGS
01tWC00000DD1kTYAT,Set up - Data Classification - Boldon James,DP-DC-NRSU-SUDCBJS
01tWC00000DD1kUYAT,Set up - Data Classification - Titus,DP-DC-NRSU-SUDCTS
01tWC00000DD1kVYAT,Set Up - Data Loss Prevention - DG,DP-DLP-NRSU-SUDLPDS
01tWC00000DD1kWYAT,Setup - Secure Collaboration - Vera,DP-SC-NRSU-SSCVS
01tWC00000DD1kXYAT,Defensive Security Setup Fee,BP-ETM-NRSU-DSSFS
01tWC00000DD1kYYAT,SFTP Server-NewMaintenance,GS-GSE-RNM-SFTPNE
01tWC00000DD1kZYAT,SFTP Server,GS-GSE-NRPS-SFTPPE
01tWC00000DD1kaYAD,SFTP Server - Yearly,GS-GSE-RSS-SFTPYE
01tWC00000DD1kbYAD,SFTP Server - Yearly-NewMaintenance,GS-GSE-RNM-SSYNM
01tWC00000DD1kcYAD,SFTP Server Bundle-NewMaintenance,GS-GSE-RNM-SFTPBN
01tWC00000DD1kdYAD,SFTP Server Bundle,GS-GSE-NRPS-SFTPBU
01tWC00000DD1keYAD,SharePoint Classifier-NewMaintenance,DP-DC-RNM-SHARCN
01tWC00000DD1kfYAD,SharePoint Classifier,DP-DC-NRPS-SHARCL
01tWC00000DD1kgYAD,SharePoint Classifier-RenewalMaintenance,DP-DC-RRM-SHARCR
01tWC00000DD1khYAD,SharePoint Classifier,DP-DC-RSS-SHARCS
01tWC00000DD1kiYAD,SharePoint MDS-NewMaintenance,DP-DC-RNM-SHARMD
01tWC00000DD1kjYAD,SharePoint MDS,DP-DC-NRPS-SHARMP
01tWC00000DD1kkYAD,SharePoint MDS-RenewalMaintenance,DP-DC-RRM-SHARMR
01tWC00000DD1klYAD,Showcase Client Reporting-NewMaintenance,BI-CRO-RNM-SCRNM
01tWC00000DD1kmYAD,Showcase Client Reporting,BI-CRO-NRPS-SHOWCA
01tWC00000DD1knYAD,Showcase Client Reporting-RenewalMaintenance,BI-CRO-RRM-SCRRM
01tWC00000DD1koYAD,Showcase Client Reporting,BI-CRO-RSS-SHCL
01tWC00000DD1kpYAD,Sequel Repository-NewMaintenance,BI-QRW-RNM-SREPNM
01tWC00000DD1kqYAD,Sequel Repository,BI-QRW-NRPS-SREPP
01tWC00000DD1krYAD,Sequel Repository-RenewalMaintenance,BI-QRW-RRM-SREPRM
01tWC00000DD1ksYAD,Sequel Repository,BI-QRW-RSS-SREPS
01tWC00000DD1ktYAD,ShowCase Services,BI-QRW-NRST-SHOW
01tWC00000DD1kuYAD,ShowCase Recurring Services,BI-QRW-RSP-SHCRS
01tWC00000DD1kvYAD,ShowCase Training,BI-QRW-NRST-SCT
01tWC00000DD1kwYAD,ShowCase Travel Expense,BI-QRW-NRSE-SCTE
01tWC00000DD1kxYAD,SignHere-NewMaintenance,DM-SH-RNM-SIGNNE
01tWC00000DD1kyYAD,SignHere,DM-SH-NRPS-SIGNPE
01tWC00000DD1kzYAD,SignHere-RenewalMaintenance,DM-SH-RRM-SIGNRE
01tWC00000DD1l0YAD,SignHere,DM-SH-RSS-SIGNSU
01tWC00000DD1l1YAD,SignHere Legacy-NewMaintenance,DM-SH-RNM-SIGNLN
01tWC00000DD1l2YAD,SignHere Legacy,DM-SH-NRPS-SIGNLE
01tWC00000DD1l3YAD,SignHere Legacy-RenewalMaintenance,DM-SH-RRM-SIGNLR
01tWC00000DD1l4YAD,Single Sign On Managed Services – IBM I,CS-SSO-RSP-SINGSO
01tWC00000DD1l5YAD,Single-site Gateway-NewMaintenance,GS-GSE-RNM-SINGSG
01tWC00000DD1l6YAD,Single-site Gateway,GS-GSE-NRPS-SINGSI
01tWC00000DD1l7YAD,Single-site Gateway - Yearly,GS-GSE-RSS-SINGFA
01tWC00000DD1l8YAD,Single-site Gateway - Yearly-NewMaintenance,GS-GSE-RNM-SSGYNM
01tWC00000DD1l9YAD,Smishing Bundle,HRM-HRM-RSL-SBS
01tWC00000DD1lAYAT,SMTP/400 Email Send API-NewMaintenance,DM-EU-RNM-SMTPNE
01tWC00000DD1lBYAT,SMTP/400 Email Send API,DM-EU-NRPS-SMTPPE
01tWC00000DD1lCYAT,SMTP/400 Email Send API-RenewalMaintenance,DM-EU-RRM-SMTPRE
01tWC00000DD1lDYAT,SMTP/400 Email Send API,DM-EU-RSS-SMTPSU
01tWC00000DD1lEYAT,Snapshot/TSC-NewMaintenance,SM-SNP-RNM-SNAPNE
01tWC00000DD1lFYAT,Snapshot/TSC,SM-SNP-NRPS-SNAPPE
01tWC00000DD1lGYAT,Snapshot/TSC-RenewalMaintenance,SM-SNP-RRM-SNAPRE
01tWC00000DD1lHYAT,Social Media - Cyber,BP-TSE-RMS-SOCIMC
01tWC00000DD1lIYAT,Social Media - Executive,BP-TSE-RMS-SOCIME
01tWC00000DD1lJYAT,Social Media - Physical,BP-TSE-RMS-SOCIMP
01tWC00000DD1lKYAT,Social Media - Reputational,BP-TSE-RMS-SOCIMR
01tWC00000DD1lLYAT,Social Media - Source Code,BP-TSE-RMS-SOCIMS
01tWC00000DD1lMYAT,Social Test - Project,VM-VLM-NRST-STPS
01tWC00000DD1lNYAT,Social Test - Recurring,VM-VLM-RSP-STRS
01tWC00000DD1lOYAT,Social Test,VM-VLM-RMS-SOCITS
01tWC00000DD1lPYAT,Software - Misc-NewMaintenance,DM-DML-RNM-SOFTNE
01tWC00000DD1lQYAT,Software - Misc,DM-DML-NRPS-SOFTPE
01tWC00000DD1lRYAT,Software - Misc-RenewalMaintenance,DM-DML-RRM-SOFTRE
01tWC00000DD1lSYAT,Spooled File Manager-NewMaintenance,SM-SFM-RNM-SFMNM
01tWC00000DD1lTYAT,Spooled File Manager,SM-SFM-NRPS-SFMP
01tWC00000DD1lUYAT,Spooled File Manager-RenewalMaintenance,SM-SFM-RRM-SFMRM
01tWC00000DD1lVYAT,Spooled File Manager,SM-SFM-RSS-SFMS
01tWC00000DD1lWYAT,Spooled File Mgr-DMS-NewMaintenance,SM-SFM-RNM-SFMDNM
01tWC00000DD1lXYAT,Spooled File Mgr-DMS,SM-SFM-NRPS-SFMDP
01tWC00000DD1lYYAT,Spooled File Mgr-DMS-RenewalMaintenance,SM-SFM-RRM-SFMDRM
01tWC00000DD1lZYAT,Spooled File Mgr-DMS,SM-SFM-RSS-SFMDS
01tWC00000DD1laYAD,Spreadsheet Conv Bundle-NewMaintenance,DM-DML-RNM-SCBNEW
01tWC00000DD1lbYAD,Spreadsheet Conv Bundle,DM-DML-NRPS-SCBPER
01tWC00000DD1lcYAD,Spreadsheet Conv Bundle-RenewalMaintenance,DM-DML-RRM-SCBREN
01tWC00000DD1ldYAD,SSE Test Tenant Bundle,CDP-CSB-RSL-SSET
01tWC00000DD1leYAD,Standard Core Connectors - In Product-NewMaintenance,IGA-AAS-RNM-SCCIPN
01tWC00000DD1lfYAD,Standard Core Connectors - In Product,IGA-AAS-NRPS-SCCIPP
01tWC00000DD1lgYAD,Standard Core Connectors - In Product-RenewalMaintenance,IGA-AAS-RRM-SCCIPR
01tWC00000DD1lhYAD,Standard Core Connectors - In Product,IGA-AAS-RSS-SCCIPS
01tWC00000DD1liYAD,Standard Core Connectors - Standard Delivery-NewMaintenance,IGA-AAS-RNM-SCCSDN
01tWC00000DD1ljYAD,Standard Core Connectors - Standard Delivery,IGA-AAS-NRPS-SCCSDP
01tWC00000DD1lkYAD,Standard Core Connectors - Standard Delivery-RenewalMaintenance,IGA-AAS-RRM-SCCSDR
01tWC00000DD1llYAD,Standard Core Connectors - Standard Delivery,IGA-AAS-RSS-SCCSDS
01tWC00000DD1lmYAD,Standard TAM,DP-DC-RSP-STANDA
01tWC00000DD1lnYAD,Starter Bundle,GS-GSE-NRPS-SBP
01tWC00000DD1loYAD,Structural Sanitization For SECURE Email Gateway-NewMaintenance,ES-SEG-RNM-SSSEGN
01tWC00000DD1lpYAD,Structural Sanitization For SECURE Email Gateway,ES-SEG-NRPS-SSSEGP
01tWC00000DD1lqYAD,Structural Sanitization For SECURE Email Gateway-RenewalMaintenance,ES-SEG-RRM-SSSEGR
01tWC00000DD1lrYAD,Structural Sanitization For SECURE Email Gateway,ES-SEG-RSS-SSSEGS
01tWC00000DD1lsYAD,Structural Sanitization For SECURE Exchange Gateway-NewMaintenance,ES-SXG-RNM-SSSEXC
01tWC00000DD1ltYAD,Structural Sanitization For SECURE Exchange Gateway,ES-SXG-NRPS-SSSEXG
01tWC00000DD1luYAD,Structural Sanitization For SECURE Exchange Gateway-RenewalMaintenance,ES-SXG-RRM-SSSEXR
01tWC00000DD1lvYAD,Structural Sanitization For SECURE Exchange Gateway,ES-SXG-RSS-SSSEGA
01tWC00000DD1lwYAD,Structural Sanitization For SECURE ICAP Gateway-NewMaintenance,ES-SIG-RNM-SSSICA
01tWC00000DD1lxYAD,Structural Sanitization For SECURE ICAP Gateway,ES-SIG-NRPS-SSSIGP
01tWC00000DD1lyYAD,Structural Sanitization For SECURE ICAP Gateway-RenewalMaintenance,ES-SIG-RRM-SSSIGR
01tWC00000DD1lzYAD,Structural Sanitization For SECURE ICAP Gateway,ES-SIG-RSS-SSSIGS
01tWC00000DD1m0YAD,Structural Sanitization For SECURE ICAP Gateway Per Instance-NewMaintenance,ES-SIG-RNM-SSSICG
01tWC00000DD1m1YAD,Structural Sanitization For SECURE ICAP Gateway Per Instance-RenewalMaintenance,ES-SIG-RRM-SSSICR
01tWC00000DD1m2YAD,Structural Sanitization For SECURE Web Gateway-NewMaintenance,ES-SWG-RNM-SSSWGN
01tWC00000DD1m3YAD,Structural Sanitization For SECURE Web Gateway,ES-SWG-NRPS-SSSWGP
01tWC00000DD1m4YAD,Structural Sanitization For SECURE Web Gateway-RenewalMaintenance,ES-SWG-RRM-SSSWGR
01tWC00000DD1m5YAD,Structural Sanitization For SECURE Web Gateway,ES-SWG-RSS-SSSWGS
01tWC00000DD1m6YAD,Surveyor/400-NewMaintenance,DM-SV4-RNM-S4NM
01tWC00000DD1m7YAD,Surveyor/400,DM-SV4-NRPS-S4P
01tWC00000DD1m8YAD,Surveyor/400-RenewalMaintenance,DM-SV4-RRM-S4RM
01tWC00000DD1m9YAD,Surveyor/400 - Single User Price-NewMaintenance,DM-SV4-RNM-S4SUPN
01tWC00000DD1mAYAT,Surveyor/400 - Single User Price,DM-SV4-NRPS-S4SUPP
01tWC00000DD1mBYAT,Surveyor/400 - Single User Price-RenewalMaintenance,DM-SV4-RRM-S4SUPR
01tWC00000DD1mCYAT,Surveyor/400 - Single User Price,DM-SV4-RSS-S4SUPS
01tWC00000DD1mDYAT,Surveyor/400 - Single User Price - Unlimited Partitions-NewMaintenance,DM-SV4-RNM-S4SUPU
01tWC00000DD1mEYAT,Surveyor/400 - Single User Price - Unlimited Partitions,DM-SV4-NRPS-SURVEY
01tWC00000DD1mFYAT,Surveyor/400 - Single User Price - Unlimited Partitions-RenewalMaintenance,DM-SV4-RRM-S4SM
01tWC00000DD1mGYAT,Surveyor/400 - Single User Price - Unlimited Partitions,DM-SV4-RSS-S4SS
01tWC00000DD1mHYAT,Surveyor/400,DM-SV4-RSS-S4S
01tWC00000DD1mIYAT,Surveyor/400 - Unlimited Partitions-NewMaintenance,DM-SV4-RNM-S4UPNM
01tWC00000DD1mJYAT,Surveyor/400 - Unlimited Partitions,DM-SV4-NRPS-S4UPP
01tWC00000DD1mKYAT,Surveyor/400 - Unlimited Partitions-RenewalMaintenance,DM-SV4-RRM-S4UPRM
01tWC00000DD1mLYAT,Surveyor/400 - Unlimited Partitions,DM-SV4-RSS-S4UPS
01tWC00000DD1mMYAT,Suspicious Email Analysis,ES-ETM-RMS-SUSPAN
01tWC00000DD1mNYAT,Suspicious Email Intelligence,ES-ETM-RMS-SUSPIN
01tWC00000DD1mOYAT,SWG Bundle,CDP-SG-RSL-SWGB
01tWC00000DD1mPYAT,Systems Management-NewMaintenance,SM-SYM-RNM-SYSTNE
01tWC00000DD1mQYAT,Systems Management-RenewalMaintenance,SM-SYM-RRM-SYSTRE
01tWC00000DD1mRYAT,TADP,DP-DLP-RSL-TADPS
01tWC00000DD1mSYAT,Take-Down Only,BP-ETM-RMS-TDOS
01tWC00000DD1mTYAT,Tango Services,SM-DM-NRST-TANGOS
01tWC00000DD1mUYAT,Tango Travel Expense,SM-DM-NRSE-TTE
01tWC00000DD1mVYAT,Tango/04 Portal User-NewMaintenance,SM-VMC-RNM-T0PUNM
01tWC00000DD1mWYAT,Tango/04 Portal User,SM-VMC-NRPS-T0PUP
01tWC00000DD1mXYAT,Tango/04 Portal User-RenewalMaintenance,SM-VMC-RRM-T0PURM
01tWC00000DD1mYYAT,Tango/04 Portal User,SM-VMC-RSS-T0PUS
01tWC00000DD1mZYAT,Task Supervisor-NewMaintenance,SM-TSK-RNM-TASKNE
01tWC00000DD1maYAD,Task Supervisor,SM-TSK-NRPS-TASKPE
01tWC00000DD1mbYAD,Task Supervisor-RenewalMaintenance,SM-TSK-RRM-TASKRE
01tWC00000DD1mcYAD,Task Supervisor,SM-TSK-RSS-TASKSU
01tWC00000DD1mdYAD,TE Academic Institution Site License - Database-NewMaintenance,FIM-FIM-RNM-TEA
01tWC00000DD1meYAD,TE Academic Institution Site License - Database,FIM-FIM-NRPS-TEACAD
01tWC00000DD1mfYAD,TE Academic Institution Site License - Database-RenewalMaintenance,FIM-FIM-RRM-TAIM
01tWC00000DD1mgYAD,TE Academic Institution Site License - Desktop-NewMaintenance,FIM-FIM-RNM-TEAC
01tWC00000DD1mhYAD,TE Academic Institution Site License - Desktop,FIM-FIM-NRPS-TAIP
01tWC00000DD1miYAD,TE Academic Institution Site License - Desktop-RenewalMaintenance,FIM-FIM-RRM-TERM
01tWC00000DD1mjYAD,TE Academic Institution Site License - Directory Services-NewMaintenance,FIM-FIM-RNM-TENM
01tWC00000DD1mnYAD,Tripwire Enterprise for Industrial Devices,FIM-FIM-RSS-TEIDS
01tWC00000DD1moYAD,Tripwire Enterprise for Large Stores (up to 75 FS)-NewMaintenance,FIM-FIM-RNM-TELSUT
01tWC00000DD1mpYAD,Tripwire Enterprise for Large Stores (up to 75 FS),FIM-FIM-NRPS-TELP
01tWC00000DD1mqYAD,Tripwire Enterprise for Large Stores (up to 75 FS)-RenewalMaintenance,FIM-FIM-RRM-TELM
01tWC00000DD1mrYAD,"Tripwire Enterprise for Large Stores w/ ND & DB (up to 75 FS, 75 ND & 1 DB)-NewMaintenance",FIM-FIM-RNM-TELSWN
01tWC00000DD1msYAD,"Tripwire Enterprise for Large Stores w/ ND & DB (up to 75 FS, 75 ND & 1 DB)",FIM-FIM-NRPS-TRENTE
01tWC00000DD1mtYAD,"Tripwire Enterprise for Large Stores w/ ND & DB (up to 75 FS, 75 ND & 1 DB)-RenewalMaintenance",FIM-FIM-RRM-TENTER
01tWC00000DD1muYAD,Tripwire Enterprise for Microsoft Exchange-NewMaintenance,FIM-FIM-RNM-TEMENM
01tWC00000DD1mvYAD,Tripwire Enterprise for Microsoft Exchange,FIM-FIM-NRPS-TEMEP
01tWC00000DD1mwYAD,Tripwire Enterprise for Microsoft Exchange-RenewalMaintenance,FIM-FIM-RRM-TEMERM
01tWC00000DD1mxYAD,Tripwire Enterprise for Microsoft Exchange,FIM-FIM-RSS-TEMES
01tWC00000DD1myYAD,Tripwire Enterprise for Microsoft Exchange - License Usage Fee,FIM-FIM-NROR-TEMSLF
01tWC00000DD1mzYAD,Tripwire Enterprise for Microsoft IIS - License Usage Fee,FIM-FIM-NROR-TEMSILF
01tWC00000DD1n0YAD,Tripwire Enterprise for Microsoft IIS-NewMaintenance,FIM-FIM-RNM-TEMINM
01tWC00000DD1n1YAD,Tripwire Enterprise for Microsoft IIS,FIM-FIM-NRPS-TEMIP
01tWC00000DD1n2YAD,Tripwire Enterprise for Microsoft IIS-RenewalMaintenance,FIM-FIM-RRM-TEMIRM
01tWC00000DD1n3YAD,Tripwire Enterprise for Microsoft IIS,FIM-FIM-RSS-TEMIS
01tWC00000DD1n4YAD,Tripwire Enterprise for Mid-Size Stores (Up to 20 FS)-NewMaintenance,FIM-FIM-RNM-TEMSSU
01tWC00000DD1n5YAD,Tripwire Enterprise for Mid-Size Stores (Up to 20 FS),FIM-FIM-NRPS-TEMP
01tWC00000DD1n6YAD,Tripwire Enterprise for Mid-Size Stores (Up to 20 FS)-RenewalMaintenance,FIM-FIM-RRM-TEMM
01tWC00000DD1n7YAD,"Tripwire Enterprise for Mid-Size Stores w/ ND & DB (up to 20 FS, 20 ND & 1 DB)-NewMaintenance",FIM-FIM-RNM-TEMSSW
01tWC00000DD1n8YAD,Tripwire Log Center 1500-RenewalMaintenance,FIM-FML-RRM-TLC15RE
01tWC00000DD1n9YAD,"Tripwire Enterprise for Mid-Size Stores w/ ND & DB (up to 20 FS, 20 ND & 1 DB)",FIM-FIM-NRPS-TRIPEM
01tWC00000DD1nAYAT,"Tripwire Enterprise for Mid-Size Stores w/ ND & DB (up to 20 FS, 20 ND & 1 DB)-RenewalMaintenance",FIM-FIM-RRM-TRIENM
01tWC00000DD1nBYAT,Tripwire Enterprise for Network Devices - EVAL,FIM-FIM-NRPS-TENDEP
01tWC00000DD1nCYAT,Tripwire Enterprise for Network Devices - License Usage Fee,FIM-FIM-NROR-TENDLF
01tWC00000DD1nDYAT,Tripwire Enterprise for Network Devices-NewMaintenance,FIM-FIM-RNM-TENDNM
01tWC00000DD1nEYAT,Tripwire Enterprise for Network Devices,FIM-FIM-NRPS-TENDP
01tWC00000DD1nFYAT,Tripwire Enterprise for Network Devices-RenewalMaintenance,FIM-FIM-RRM-TENDRM
01tWC00000DD1nGYAT,Tripwire Enterprise for Network Devices,FIM-FIM-RSS-TENDS
01tWC00000DD1nHYAT,Tripwire Enterprise for POS End Point Systems - LIcense Usage Fee,FIM-FIM-NROR-TEPOSELF
01tWC00000DD1nIYAT,Tripwire Enterprise for POS End Point Systems-NewMaintenance,FIM-FIM-RNM-TEPM
01tWC00000DD1nJYAT,Tripwire Enterprise for POS End Point Systems,FIM-FIM-NRPS-TEPP
01tWC00000DD1nKYAT,Tripwire Enterprise for POS End Point Systems-RenewalMaintenance,FIM-FIM-RRM-TRIPEP
01tWC00000DD1nLYAT,Tripwire Enterprise for POS End Point Systems,FIM-FIM-RSS-TEPS
01tWC00000DD1nMYAT,Tripwire Enterprise for POS Servers - LIcense Usage Fee,FIM-FIM-NROR-TEPOSSLF
01tWC00000DD1nNYAT,Tripwire Enterprise for POS Servers-NewMaintenance,FIM-FIM-RNM-TEPSNM
01tWC00000DD1nOYAT,Tripwire Enterprise for POS Servers,FIM-FIM-NRPS-TEPSP
01tWC00000DD1nPYAT,Tripwire Enterprise for POS Servers-RenewalMaintenance,FIM-FIM-RRM-TEPSRM
01tWC00000DD1nQYAT,Tripwire Enterprise for POS Servers,FIM-FIM-RSS-TEPSS
01tWC00000DD1nRYAT,Tripwire Enterprise for Small Stores (up to 5 FS)-NewMaintenance,FIM-FIM-RNM-TESSUT
01tWC00000DD1nSYAT,Tripwire Enterprise for Small Stores (up to 5 FS),FIM-FIM-NRPS-TRFP
01tWC00000DD1nTYAT,Tripwire Enterprise for Small Stores (up to 5 FS)-RenewalMaintenance,FIM-FIM-RRM-TESM
01tWC00000DD1nUYAT,"Tripwire Enterprise for Small Stores w/ ND & DB (up to 5 FS, 5 ND & 1 DB)-NewMaintenance",FIM-FIM-RNM-TESSWN
01tWC00000DD1nVYAT,"Tripwire Enterprise for Small Stores w/ ND & DB (up to 5 FS, 5 ND & 1 DB)",FIM-FIM-NRPS-TRIPES
01tWC00000DD1nWYAT,"Tripwire Enterprise for Small Stores w/ ND & DB (up to 5 FS, 5 ND & 1 DB)-RenewalMaintenance",FIM-FIM-RRM-TRIENS
01tWC00000DD1nXYAT,Tripwire Enterprise for TIV,FIM-FIM-NRPS-TETP
01tWC00000DD1nYYAT,Tripwire Enterprise for VMware ESX,FIM-FIM-NRPS-TEVEP
01tWC00000DD1nZYAT,Tripwire Enterprise for VMware ESX-RenewalMaintenance,FIM-FIM-RRM-TEVERM
01tWC00000DD1naYAD,Tripwire Enterprise for VMware ESX,FIM-FIM-RSS-TEVES
01tWC00000DD1nbYAD,Tripwire Enterprise for VMware ESX - EVAL,FIM-FIM-NRPS-TEVEEP
01tWC00000DD1ncYAD,Tripwire Enterprise for VMware ESX - License Usage Fee,FIM-FIM-NROR-TEVMLF
01tWC00000DD1ndYAD,Tripwire Enterprise/DB-NewMaintenance,FIM-FIM-RNM-TRIPED
01tWC00000DD1neYAD,Tripwire Enterprise/DS-NewMaintenance,FIM-FIM-RNM-TRIEND
01tWC00000DD1nfYAD,Tripwire ExpertOps - Base Fee,FIM-FIM-RSP-TEBFS
01tWC00000DD1ngYAD,Tripwire ExpertOps FIM & SCM Additional Console,FIM-FIM-RSP-TEOFSA
01tWC00000DD1nhYAD,Tripwire ExpertOps FIM & SCM for Desktop,FIM-FIM-RSP-TEOFSD
01tWC00000DD1niYAD,Tripwire ExpertOps FIM & SCM for Non-Servers,FIM-FIM-RSP-TEFSFNSS
01tWC00000DD1njYAD,Tripwire ExpertOps FIM & SCM for Retail,FIM-FIM-RSP-TEPFSRS
01tWC00000DD1nkYAD,Tripwire ExpertOps FIM & SCM for Servers,FIM-FIM-RSP-TEOFSS
01tWC00000DD1nlYAD,Tripwire ExpertOps Non-transferable Unlimited Use Fee,FIM-FIM-RSP-TENTUUFS
01tWC00000DD1nmYAD,Tripwire ExpertOps Remote Operations,FIM-FML-RSP-TEORO
01tWC00000DD1nnYAD,Tripwire ExpertOps Remote Operations Advanced,FIM-FML-RSP-TEOROA
01tWC00000DD1noYAD,Tripwire for Databases-NewMaintenance,FIM-FIM-RNM-TDNM
01tWC00000DD1npYAD,Tripwire for Databases,FIM-FIM-NRPS-TDP
01tWC00000DD1nqYAD,Tripwire for Databases-RenewalMaintenance,FIM-FIM-RRM-TDRM
01tWC00000DD1nrYAD,Tripwire for Databases,FIM-FIM-RSS-TDS
01tWC00000DD1nsYAD,Tripwire for Directory Services-NewMaintenance,FIM-FIM-RNM-TDSNM
01tWC00000DD1ntYAD,Tripwire for Directory Services,FIM-FIM-NRPS-TDSP
01tWC00000DD1nuYAD,Tripwire for Directory Services-RenewalMaintenance,FIM-FIM-RRM-TDSRM
01tWC00000DD1nvYAD,Tripwire for Directory Services,FIM-FIM-RSS-TDSS
01tWC00000DD1nwYAD,Tripwire for Net Devices-NewMaintenance,FIM-FIM-RNM-TNDNM
01tWC00000DD1nxYAD,Tripwire for Server-SUL-Lic,FIM-FML-NRPS-TSSLP
01tWC00000DD1nyYAD,Tripwire VIA for File Systems-RenewalMaintenance,FIM-FML-RRM-TVFFRM
01tWC00000DD1nzYAD,Tripwire VIA for Network Devices-RenewalMaintenance,FIM-FML-RRM-TVFNDRM
01tWC00000DD1o0YAD,Tripwire for Servers - EVAL,FIM-FIM-NRPS-TSEP
01tWC00000DD1o1YAD,Tripwire for Servers-NewMaintenance,FIM-FIM-RNM-TSNM
01tWC00000DD1o2YAD,Tripwire for Servers,FIM-FML-NRPS-TSP
01tWC00000DD1o3YAD,Tripwire VIA Console-RenewalMaintenance,FIM-FML-RRM-TVCRM
01tWC00000DD1o4YAD,Tripwire for Servers-RenewalMaintenance,FIM-FIM-RRM-TSRM
01tWC00000DD1o5YAD,Tripwire Connect Local,FIM-FIM-RRM-TCLS
01tWC00000DD1o6YAD,Tripwire Connect Local-RenewalMaintenance,FIM-FIM-RRM-TCLRM
01tWC00000DD1o7YAD,Tripwire Connect Local,FIM-FIM-NRPS-TCLP
01tWC00000DD1o8YAD,Tripwire Connect Cloud,FIM-FIM-RSL-TCCS
01tWC00000DD1o9YAD,Tripwire Configuration Manager,FIM-FIM-RSL-TRCMS
01tWC00000DD1oAYAT,Tripwire Industrial Suite,FIM-FIM-RSS-TISS
01tWC00000DD1oBYAT,Tripwire Industrial Visibility Threat Detection Console,FIM-FIM-NRPS-TIVTDCP
01tWC00000DD1oCYAT,Tripwire Industrial Visibility Threat Detection Console,FIM-FIM-RSS-TIVTDCS
01tWC00000DD1oDYAT,Tripwire Industrial Visibility Sensor Light,FIM-FIM-RSS-TIVSLS
01tWC00000DD1oEYAT,Tripwire Industrial Visibility Small Sensor,FIM-FIM-NRPS-TIVSSP
01tWC00000DD1oFYAT,Tripwire Industrial Visibility Small Sensor,FIM-FIM-RSS-TIVSSS
01tWC00000DD1oGYAT,"Tripwire IP360 Non-transferable Unlimited Use (IP360, VnE-Ev, DP-Ev)-NewMaintenance",FIM-FIM-RNM-TINTUU
01tWC00000DD1oHYAT,"Tripwire IP360 Non-transferable Unlimited Use (IP360, VnE-Ev, DP-Ev)",FIM-FML-NRPS-TINP
01tWC00000DD1oIYAT,"Tripwire IP360 Non-transferable Unlimited Use (IP360, VnE-Ev, DP-Ev)-RenewalMaintenance",FIM-FML-RRM-TINM
01tWC00000DD1oJYAT,Tripwire Log Center - EVAL,FIM-TLC-NRPS-TLCEP
01tWC00000DD1oKYAT,Tripwire Log Center - Term Based-NewMaintenance,FIM-TLC-RNM-TLCTBN
01tWC00000DD1oLYAT,Tripwire Log Center - Term Based,FIM-TLC-NRPS-TLCTBP
01tWC00000DD1oMYAT,Tripwire Log Center - Term Based-RenewalMaintenance,FIM-TLC-RRM-TLCTBR
01tWC00000DD1oNYAT,Tripwire Log Center - Term Based,FIM-TLC-RSS-TLCTBS
01tWC00000DD1oOYAT,Tripwire Log Center 500-RenewalMaintenance,FIM-FML-RRM-TLC5RM
01tWC00000DD1oPYAT,Tripwire Log Center Advanced Log Collector - License Usage Fee,FIM-TLC-NROR-TLCALCLF
01tWC00000DD1oQYAT,Tripwire Log Center Advanced Log Collector-NewMaintenance,FIM-TLC-RNM-TLCM
01tWC00000DD1oRYAT,IP360 - Term Based,FIM-FIM-RSS-IP36TBS
01tWC00000DD1oSYAT,Tripwire Log Center Advanced Log Collector,FIM-TLC-NRPS-TLCP
01tWC00000DD1oTYAT,Tripwire Log Center Advanced Log Collector-RenewalMaintenance,FIM-TLC-RRM-TRLO
01tWC00000DD1oUYAT,IP360 Federal-RenewalMaintenance,FIM-FIM-RRM-IP36FRM
01tWC00000DD1oVYAT,Tripwire Log Center Advanced Log Collector,FIM-TLC-RSS-TLCS
01tWC00000DD1oWYAT,Tripwire Log Center Console-NewMaintenance,FIM-TLC-RNM-TLCCNM
01tWC00000DD1oXYAT,Tripwire Log Center Console,FIM-TLC-NRPS-TLCCP
01tWC00000DD1oYYAT,Tripwire Log Center Console-RenewalMaintenance,FIM-TLC-RRM-TLCCRM
01tWC00000DD1oZYAT,Tripwire Log Center Console,FIM-TLC-RSS-TLCCS
01tWC00000DD1oaYAD,Tripwire Log Center for Databases (includes Remote Log Collector),FIM-TLC-RSS-TLCDIR
01tWC00000DD1obYAD,Tripwire Log Center for Databases (includes Remote Log Collector)-NewMaintenance,FIM-TLC-RNM-TRIPWL
01tWC00000DD1ocYAD,Tripwire Log Center for Databases (includes Remote Log Collector),FIM-TLC-NRPS-TRCP
01tWC00000DD1odYAD,Tripwire Log Center for Databases (includes Remote Log Collector)-RenewalMaintenance,FIM-TLC-RRM-TRIPLO
01tWC00000DD1oeYAD,Tripwire Log Center for Desktops - EVAL,FIM-TLC-NRPS-TLCDEP
01tWC00000DD1ofYAD,Tripwire Log Center for Desktops - License Usage Fee,FIM-TLC-NROR-TLCDKLF
01tWC00000DD1ogYAD,Tripwire Log Center for Desktops,FIM-TLC-NRPS-TLCDP
01tWC00000DD1ohYAD,Tripwire Log Center for Desktops-RenewalMaintenance,FIM-TLC-RRM-TLCDRM
01tWC00000DD1oiYAD,Tripwire Log Center for Desktops (includes Advanced Log Collector Agent)-NewMaintenance,FIM-TLC-RNM-TLCDIA
01tWC00000DD1ojYAD,Tripwire Log Center for Desktops (includes Advanced Log Collector Agent),FIM-TLC-NRPS-TRILOG
01tWC00000DD1okYAD,Tripwire Log Center for Desktops (includes Advanced Log Collector Agent)-RenewalMaintenance,FIM-TLC-RRM-TRLOG
01tWC00000DD1olYAD,Tripwire Log Center for Desktops (includes Advanced Log Collector Agent),FIM-TLC-RSS-TRAS
01tWC00000DD1omYAD,Tripwire Log Center for Directory Services (includes Advanced Log Collector Agent)-NewMaintenance,FIM-TLC-RNM-TLCDSI
01tWC00000DD1onYAD,Tripwire Log Center for Directory Services (includes Advanced Log Collector Agent),FIM-TLC-NRPS-TLOG
01tWC00000DD1ooYAD,Tripwire Log Center for Directory Services (includes Advanced Log Collector Agent)-RenewalMaintenance,FIM-TLC-RRM-TRIPLC
01tWC00000DD1opYAD,Tripwire Log Center for Directory Services (includes Advanced Log Collector Agent),FIM-TLC-RSS-TRILOC
01tWC00000DD1oqYAD,Tripwire Log Center for File Systems  (includes Advanced Log Collector Agent)-NewMaintenance,FIM-TLC-RNM-TLCFSI
01tWC00000DD1orYAD,VnE Manager 1800-RenewalMaintenance,FIM-FIM-RRM-VM18RE
01tWC00000DD1osYAD,Tripwire Log Center for File Systems  (includes Advanced Log Collector Agent),FIM-TLC-NRPS-TRILCE
01tWC00000DD1otYAD,VnE Manager Ev Express,FIM-FIM-NRPS-VEMEEP
01tWC00000DD1ouYAD,VnE Manager Ev Express-RenewalMaintenance,FIM-FIM-RRM-VEMEER
01tWC00000DD1ovYAD,Tripwire Log Center for File Systems  (includes Advanced Log Collector Agent)-RenewalMaintenance,FIM-TLC-RRM-TRLOGC
01tWC00000DD1owYAD,Tripwire Log Center for File Systems  (includes Advanced Log Collector Agent),FIM-TLC-RSS-TRLCEN
01tWC00000DD1oxYAD,Tripwire Log Center for File Systems - EVAL,FIM-TLC-NRPS-TLCFSE
01tWC00000DD1oyYAD,Tripwire Log Center for File Systems - License Usage Fee,FIM-TLC-NROR-TLCFSLF
01tWC00000DD1ozYAD,Tripwire Log Center for File Systems-NewMaintenance,FIM-TLC-RNM-TLCFSN
01tWC00000DD1p0YAD,Tripwire Log Center for File Systems,FIM-TLC-NRPS-TLCFSP
01tWC00000DD1p1YAD,Tripwire Log Center for File Systems-RenewalMaintenance,FIM-TLC-RRM-TLCFSR
01tWC00000DD1p2YAD,Tripwire Log Center for Industrial Environments-NewMaintenance,FIM-TLC-RNM-TLCIEN
01tWC00000DD1p3YAD,Tripwire Log Center for Industrial Environments,FIM-TLC-NRPS-TLCIEP
01tWC00000DD1p4YAD,Tripwire Log Center for Industrial Environments-RenewalMaintenance,FIM-TLC-RRM-TLCIER
01tWC00000DD1p5YAD,Tripwire Log Center for Industrial Environments,FIM-TLC-RSS-TLCIES
01tWC00000DD1p6YAD,Tripwire Log Center for Microsoft Exchange (includes Advanced Log Collector Agent)-NewMaintenance,FIM-TLC-RNM-TLCMEI
01tWC00000DD1p7YAD,VnE Manager 1800,FIM-FML-NRPS-VM18P
01tWC00000DD1p8YAD,Tripwire Asset Discovery Manager Ev Express-RenewalMaintenance,FIM-FIM-RRM-TADMEERM
01tWC00000DD1p9YAD,Tripwire Asset Discovery Profiler Ev Limited-RenewalMaintenance,FIM-FIM-RRM-TADPELRM
01tWC00000DD1pAYAT,Tripwire Log Center for Microsoft Exchange (includes Advanced Log Collector Agent),FIM-TLC-NRPS-TLOGCE
01tWC00000DD1pBYAT,Tripwire Log Center for Microsoft Exchange (includes Advanced Log Collector Agent)-RenewalMaintenance,FIM-TLC-RRM-TLOCEN
01tWC00000DD1pCYAT,Tripwire Log Center for Microsoft Exchange (includes Advanced Log Collector Agent),FIM-TLC-RSS-TRLOCE
01tWC00000DD1pDYAT,Device Profiler 700,FIM-FIM-NRPS-DP700P
01tWC00000DD1pEYAT,Device Profiler 700-RenewalMaintenance,FIM-FIM-RRM-DP700RM
01tWC00000DD1pFYAT,Device Profiler 700,FIM-FIM-RSS-DP700S
01tWC00000DD1pGYAT,Tripwire Log Center for Microsoft IIS (includes Advanced Log Collector Agent)-NewMaintenance,FIM-TLC-RNM-TLCMII
01tWC00000DD1pHYAT,Tripwire Log Center for Microsoft IIS (includes Advanced Log Collector Agent),FIM-TLC-NRPS-TRLOCM
01tWC00000DD1pIYAT,Tripwire Log Center for Microsoft IIS (includes Advanced Log Collector Agent)-RenewalMaintenance,FIM-TLC-RRM-TRLCEM
01tWC00000DD1pJYAT,Tripwire Log Center for Microsoft IIS (includes Advanced Log Collector Agent),FIM-TLC-RSS-TLOCEM
01tWC00000DD1pKYAT,Tripwire Log Center for Network Devices - EVAL,FIM-TLC-NRPS-TLCNDE
01tWC00000DD1pLYAT,Tripwire Log Center for Network Devices - License Usage Fee,FIM-TLC-NROR-TLCNDLF
01tWC00000DD1pMYAT,Tripwire Log Center for Network Devices-NewMaintenance,FIM-TLC-RNM-TLCNDN
01tWC00000DD1pNYAT,Tripwire Log Center for Network Devices,FIM-TLC-NRPS-TLCNDP
01tWC00000DD1pOYAT,Tripwire Log Center for Network Devices-RenewalMaintenance,FIM-TLC-RRM-TLCNDR
01tWC00000DD1pPYAT,Tripwire Log Center for Network Devices (includes Remote Collector)-NewMaintenance,FIM-TLC-RNM-TLCNDI
01tWC00000DD1pQYAT,Tripwire Log Center for Network Devices (includes Remote Collector),FIM-TLC-NRPS-TRLOCN
01tWC00000DD1pRYAT,Tripwire Log Center for Network Devices (includes Remote Collector)-RenewalMaintenance,FIM-TLC-RRM-TLOCNE
01tWC00000DD1pSYAT,Tripwire Log Center for Network Devices (includes Remote Collector),FIM-TLC-RSS-TRCS
01tWC00000DD1pTYAT,Tripwire Log Center for POS End Point Systems (includes Advanced Log Collector Agent)-NewMaintenance,FIM-TLC-RNM-TLCPEP
01tWC00000DD1pUYAT,Tripwire Log Center for POS End Point Systems (includes Advanced Log Collector Agent),FIM-TLC-NRPS-TRLOCP
01tWC00000DD1pVYAT,Tripwire Log Center for POS End Point Systems (includes Advanced Log Collector Agent)-RenewalMaintenance,FIM-TLC-RRM-TRLCEP
01tWC00000DD1pWYAT,Tripwire Log Center for POS End Point Systems (includes Advanced Log Collector Agent),FIM-TLC-RSS-TLOCEP
01tWC00000DD1pXYAT,Tripwire Log Center for POS Servers (includes Advanced Log Collector Agent)-NewMaintenance,FIM-TLC-RNM-TLCPSI
01tWC00000DD1pYYAT,Tripwire Log Center for POS Servers (includes Advanced Log Collector Agent),FIM-TLC-NRPS-TLOCPO
01tWC00000DD1pZYAT,Tripwire Log Center for POS Servers (includes Advanced Log Collector Agent)-RenewalMaintenance,FIM-TLC-RRM-TRLCPS
01tWC00000DD1paYAD,Tripwire Log Center for POS Servers (includes Advanced Log Collector Agent),FIM-TLC-RSS-TLOCPS
01tWC00000DD1pbYAD,Tripwire Log Center for Security Devices - EVAL,FIM-TLC-NRPS-TLCSDE
01tWC00000DD1pcYAD,Tripwire Log Center for Security Devices - License Usage Fee,FIM-TLC-NROR-TLCSDLF
01tWC00000DD1pdYAD,Tripwire Log Center for Security Devices-NewMaintenance,FIM-TLC-RNM-TLCSDN
01tWC00000DD1peYAD,Tripwire Log Center for Security Devices,FIM-TLC-NRPS-TLCSDP
01tWC00000DD1pfYAD,Tripwire Log Center for Security Devices-RenewalMaintenance,FIM-TLC-RRM-TLCSDR
01tWC00000DD1pgYAD,Tripwire Log Center for VMware ESX (includes Advanced Log Collector Agent)-NewMaintenance,FIM-TLC-RNM-TLCVEI
01tWC00000DD1phYAD,Tripwire Log Center for VMware ESX (includes Advanced Log Collector Agent),FIM-TLC-NRPS-TRLOCV
01tWC00000DD1piYAD,Tripwire Log Center for VMware ESX (includes Advanced Log Collector Agent)-RenewalMaintenance,FIM-TLC-RRM-TRLCEV
01tWC00000DD1pjYAD,Tripwire Log Center for VMware ESX (includes Remote Collector)-NewMaintenance,FIM-TLC-RNM-TLOCEV
01tWC00000DD1pkYAD,Tripwire Log Center for VMware ESX (includes Remote Collector),FIM-TLC-NRPS-TLOCVM
01tWC00000DD1plYAD,Tripwire Log Center for VMware ESX (includes Remote Collector)-RenewalMaintenance,FIM-TLC-RRM-TRLCVE
01tWC00000DD1pmYAD,Tripwire Log Center for VMware ESX (includes Remote Collector),FIM-TLC-RSS-TLOCVE
01tWC00000DD1pnYAD,Tripwire Log Center Forwarding Manager-RenewalMaintenance,FIM-TLC-RRM-TLCFMR
01tWC00000DD1poYAD,Tripwire Log Center Forwarding Manager,FIM-TLC-RSS-TLCFMS
01tWC00000DD1ppYAD,Tripwire Log Center Manager-NewMaintenance,FIM-TLC-RNM-TLCMNM
01tWC00000DD1pqYAD,Pre-paid Tripwire Advisory Services,FIM-FIM-NRST-PPTASS
01tWC00000DD1prYAD,Tripwire Log Center Manager,FIM-TLC-NRPS-TLCMP
01tWC00000DD1psYAD,Post-paid Tripwire Services,FIM-FIM-NRST-POPTSS
01tWC00000DD1ptYAD,Tripwire Log Center Manager-RenewalMaintenance,FIM-TLC-RRM-TLCMRM
01tWC00000DD1puYAD,Tripwire Training,FIM-FIM-NRST-TRTR
01tWC00000DD1pvYAD,Tripwire Log Center Manager,FIM-TLC-RSS-TLCMS
01tWC00000DD1q1YAD,VISUAL Message Center - Full Pack,SM-VMC-RSS-VMCS
01tWC00000DD1q2YAD,VISUAL Message Center Dashboards-NewMaintenance,SM-VIT-RNM-VISUAM
01tWC00000DD1q3YAD,VISUAL Message Center Dashboards,SM-VIT-NRPS-VIDP
01tWC00000DD1q4YAD,VISUAL Message Center Dashboards-RenewalMaintenance,SM-VIT-RRM-VISUME
01tWC00000DD1q5YAD,VISUAL Message Center Dashboards,SM-VIT-RSS-VIDS
01tWC00000DD1q6YAD,VISUAL Message Center iSeries Base-NewMaintenance,SM-VMC-RNM-VISMES
01tWC00000DD1q7YAD,VISUAL Message Center iSeries Base,SM-VMC-NRPS-VIBP
01tWC00000DD1q8YAD,VISUAL Message Center iSeries Base-RenewalMaintenance,SM-VMC-RRM-VIMESS
01tWC00000DD1q9YAD,VISUAL Message Center iSeries Base,SM-VMC-RSS-VIBS
01tWC00000DD1qAYAT,VISUAL Message Center Suite for Operations-NewMaintenance,SM-VMC-RNM-VMESSA
01tWC00000DD1qBYAT,VISUAL Message Center Suite for Operations,SM-VMC-NRPS-VIOP
01tWC00000DD1qCYAT,VISUAL Message Center Suite for Operations-RenewalMaintenance,SM-VMC-RRM-VISUMC
01tWC00000DD1qDYAT,VISUAL Message Center Suite for Operations,SM-VMC-RSS-VIOS
01tWC00000DD1qEYAT,VISUAL Remote Control-NewMaintenance,SM-VMC-RNM-VRCM
01tWC00000DD1qFYAT,VISUAL Remote Control,SM-VMC-NRPS-VRCP
01tWC00000DD1qGYAT,VISUAL Remote Control-RenewalMaintenance,SM-VMC-RRM-VIRE
01tWC00000DD1qHYAT,VISUAL Remote Control,SM-VMC-RSS-VRCS
01tWC00000DD1qIYAT,VISUAL Remote Control (add-on to VSP)-NewMaintenance,SM-VMC-RNM-VISUAR
01tWC00000DD1qJYAT,VISUAL Remote Control (add-on to VSP),SM-VMC-NRPS-VIVP
01tWC00000DD1qKYAT,VISUAL Remote Control (add-on to VSP)-RenewalMaintenance,SM-VMC-RRM-VISURE
01tWC00000DD1qLYAT,VISUAL Remote Control (add-on to VSP),SM-VMC-RSS-VIVS
01tWC00000DD1qMYAT,VISUAL Security Suite - Security Package-NewMaintenance,SM-VMC-RNM-VSSM
01tWC00000DD1qNYAT,VISUAL Security Suite - Security Package,SM-VMC-NRPS-VSSP
01tWC00000DD1qOYAT,VISUAL Security Suite - Security Package-RenewalMaintenance,SM-VMC-RRM-VISE
01tWC00000DD1qPYAT,VISUAL Security Suite - Security Package,SM-VMC-RSS-VSSS
01tWC00000DD1qQYAT,Vityl Capacity Management-NewMaintenance,CM-VCM-RNM-VCMNM
01tWC00000DD1qRYAT,Vityl Capacity Management,CM-VCM-NRPS-VCMP
01tWC00000DD1qSYAT,Vityl Capacity Management-RenewalMaintenance,CM-VCM-RRM-VCMRM
01tWC00000DD1qTYAT,Vityl Capacity Management,CM-VCM-RSS-VCMS
01tWC00000DD1qUYAT,Vityl Capacity Management Enterprise-NewMaintenance,CM-VCM-RNM-VCMENM
01tWC00000DD1qVYAT,Vityl Capacity Management Enterprise,CM-VCM-NRPS-VCMEP
01tWC00000DD1qWYAT,Vityl Capacity Management Enterprise-RenewalMaintenance,CM-VCM-RRM-VCMERM
01tWC00000DD1qXYAT,Vityl Capacity Management Enterprise,CM-VCM-RSS-VCMES
01tWC00000DD1qYYAT,Vityl Capacity Management License Fee-NewMaintenance,CM-VCM-RNM-VCMLFN
01tWC00000DD1qZYAT,Vityl Capacity Management License Fee,CM-VCM-NROR-VCMLFO
01tWC00000DD1qaYAD,Vityl Capacity Management License Fee-RenewalMaintenance,CM-VCM-RRM-VCMLFR
01tWC00000DD1qbYAD,Vityl IT & Business Monitoring-NewMaintenance,SM-VIT-RNM-VIBMNM
01tWC00000DD1qcYAD,Vityl IT & Business Monitoring,SM-VIT-NRPS-VIBMP
01tWC00000DD1qdYAD,Vityl IT & Business Monitoring-RenewalMaintenance,SM-VIT-RRM-VIBMRM
01tWC00000DD1qeYAD,Vityl IT & Business Monitoring,SM-VIT-RSS-VIBMS
01tWC00000DD1qfYAD,Vityl Monitor-NewMaintenance,CM-VIM-RNM-VMNM
01tWC00000DD1qgYAD,Vityl Monitor,CM-VIM-NRPS-VMP
01tWC00000DD1qhYAD,Vityl Monitor-RenewalMaintenance,CM-VIM-RRM-VMRM
01tWC00000DD1qiYAD,Vityl Monitor,CM-VIM-RSS-VMS
01tWC00000DD1qjYAD,Vityl Monitor & Predictor for Physical Systems-NewMaintenance,CM-VIM-RNM-VMPPSN
01tWC00000DD1qkYAD,Vityl Monitor & Predictor for Physical Systems,CM-VIM-NRPS-VMPPSP
01tWC00000DD1qlYAD,Vityl Monitor & Predictor for Physical Systems-RenewalMaintenance,CM-VIM-RRM-VMPPSR
01tWC00000DD1qmYAD,Vityl Monitor & Predictor for Physical Systems,CM-VIM-RSS-VMPPSS
01tWC00000DD1qnYAD,VM Analyst,VM-VLM-NRSU-VMA
01tWC00000DD1qoYAD,VM Analyst Recurring,VM-VLM-RSP-VMARS
01tWC00000DD1qpYAD,VMC - Additional ThinkServer-NewMaintenance,SM-VMC-RNM-VMCA
01tWC00000DD1qqYAD,VMC - Additional ThinkServer,SM-VMC-NRPS-VATP
01tWC00000DD1qrYAD,VMC - Additional ThinkServer-RenewalMaintenance,SM-VMC-RRM-VATM
01tWC00000DD1qsYAD,VMC - Additional ThinkServer,SM-VMC-RSS-VATS
01tWC00000DD1qtYAD,VMC - Cisco PIX/ASA Security Agent-NewMaintenance,SM-VMC-RNM-VMCC
01tWC00000DD1quYAD,VMC - Cisco PIX/ASA Security Agent,SM-VMC-NRPS-VMCI
01tWC00000DD1qvYAD,VMC - Cisco PIX/ASA Security Agent-RenewalMaintenance,SM-VMC-RRM-VMCCI
01tWC00000DD1qwYAD,VMC - Cisco PIX/ASA Security Agent,SM-VMC-RSS-VMAS
01tWC00000DD1qxYAD,VMC - Debugging Agent-NewMaintenance,SM-VMC-RNM-VMCD
01tWC00000DD1qyYAD,VMC - Debugging Agent,SM-VMC-NRPS-VDAP
01tWC00000DD1qzYAD,VMC - Debugging Agent-RenewalMaintenance,SM-VMC-RRM-VDAM
01tWC00000DD1r0YAD,VMC - Debugging Agent,SM-VMC-RSS-VDAS
01tWC00000DD1r1YAD,VMC - Debugging Agent (Powered by VDW)-NewMaintenance,SM-VMC-RNM-VMDE
01tWC00000DD1r2YAD,VMC - Debugging Agent (Powered by VDW),SM-VMC-NRPS-VMVP
01tWC00000DD1r3YAD,VMC - Debugging Agent (Powered by VDW)-RenewalMaintenance,SM-VMC-RRM-VMCDE
01tWC00000DD1r4YAD,VMC - Debugging Agent (Powered by VDW),SM-VMC-RSS-VMVS
01tWC00000DD1r5YAD,VMC - Exchange Server Operations Agent-NewMaintenance,SM-VMC-RNM-VMCE
01tWC00000DD1r6YAD,VMC - Exchange Server Operations Agent,SM-VMC-NRPS-VESP
01tWC00000DD1r7YAD,VMC - Exchange Server Operations Agent-RenewalMaintenance,SM-VMC-RRM-VESM
01tWC00000DD1r8YAD,VMC - Exchange Server Operations Agent,SM-VMC-RSS-VESS
01tWC00000DD1r9YAD,VMC - Hub Option-NewMaintenance,SM-VMC-RNM-VMCH
01tWC00000DD1rAYAT,VMC - Hub Option,SM-VMC-NRPS-VHOP
01tWC00000DD1rBYAT,VMC - Hub Option-RenewalMaintenance,SM-VMC-RRM-VHOM
01tWC00000DD1rCYAT,VMC - Hub Option,SM-VMC-RSS-VHOS
01tWC00000DD1rDYAT,VMC - iSeries Performance Agent (Powered by VCW)-NewMaintenance,SM-VMC-RNM-VISM
01tWC00000DD1rEYAT,VMC - iSeries Performance Agent (Powered by VCW),SM-VMC-NRPS-VMI
01tWC00000DD1rFYAT,VMC - iSeries Performance Agent (Powered by VCW)-RenewalMaintenance,SM-VMC-RRM-VMCISE
01tWC00000DD1rGYAT,VMC - iSeries Performance Agent (Powered by VCW),SM-VMC-RSS-VMCIS
01tWC00000DD1rHYAT,VMC - iSeries Performance Manager-NewMaintenance,SM-VMC-RNM-VMIS
01tWC00000DD1rIYAT,VMC - iSeries Performance Manager,SM-VMC-NRPS-VMMP
01tWC00000DD1rJYAT,VMC - iSeries Performance Manager-RenewalMaintenance,SM-VMC-RRM-VMISER
01tWC00000DD1rKYAT,VMC - iSeries Performance Manager,SM-VMC-RSS-VMMS
01tWC00000DD1rLYAT,VMC - iSeries Performance Manager (VCJ & VCP)-NewMaintenance,SM-VMC-RNM-VISER
01tWC00000DD1rMYAT,VMC - iSeries Performance Manager (VCJ & VCP),SM-VMC-NRPS-VMISE
01tWC00000DD1rNYAT,VMC - iSeries Performance Manager (VCJ & VCP)-RenewalMaintenance,SM-VMC-RRM-VMISP
01tWC00000DD1rOYAT,VMC - iSeries Performance Manager (VCJ & VCP),SM-VMC-RSS-VMISEP
01tWC00000DD1rPYAT,VMC - iSeries Security Agent-NewMaintenance,SM-VMC-RNM-VMISS
01tWC00000DD1rQYAT,VMC - iSeries Security Agent,SM-VMC-NRPS-VMAP
01tWC00000DD1rRYAT,VMC - iSeries Security Agent-RenewalMaintenance,SM-VMC-RRM-VMISES
01tWC00000DD1rSYAT,VMC - iSeries Security Agent,SM-VMC-RSS-VISES
01tWC00000DD1rTYAT,VMC - iSeries SQL Agent-NewMaintenance,SM-VMC-RNM-VISSQ
01tWC00000DD1rUYAT,VMC - iSeries SQL Agent,SM-VMC-NRPS-VMISSA
01tWC00000DD1rVYAT,VMC - iSeries SQL Agent-RenewalMaintenance,SM-VMC-RRM-VISSA
01tWC00000DD1rWYAT,VMC - iSeries SQL Agent,SM-VMC-RSS-VISESA
01tWC00000DD1rXYAT,VMC - iSeries Support Agent-NewMaintenance,SM-VMC-RNM-VISSU
01tWC00000DD1rYYAT,VMC - iSeries Support Agent,SM-VMC-NRPS-VISSUA
01tWC00000DD1rZYAT,VMC - iSeries Support Agent-RenewalMaintenance,SM-VMC-RRM-VISSAG
01tWC00000DD1raYAD,VMC - iSeries Support Agent,SM-VMC-RSS-VISSAS
01tWC00000DD1rbYAD,VMC - iSeries Support Agent (Powered by VSP)-NewMaintenance,SM-VMC-RNM-VMCSAN
01tWC00000DD1rcYAD,VMC - iSeries Support Agent (Powered by VSP),SM-VMC-NRPS-VMCSAP
01tWC00000DD1rdYAD,VMC - iSeries Support Agent (Powered by VSP)-RenewalMaintenance,SM-VMC-RRM-VMCSAR
01tWC00000DD1reYAD,VMC - iSeries Support Agent (Powered by VSP),SM-VMC-RSS-VMCSAS
01tWC00000DD1rfYAD,VMC - iSeries VISION/Orion Agent-NewMaintenance,SM-VMC-RNM-VMISV
01tWC00000DD1rgYAD,VMC - iSeries VISION/Orion Agent,SM-VMC-NRPS-VMISEV
01tWC00000DD1rhYAD,VMC - iSeries VISION/Orion Agent-RenewalMaintenance,SM-VMC-RRM-VISEV
01tWC00000DD1riYAD,VMC - iSeries VISION/Orion Agent,SM-VMC-RSS-VISVI
01tWC00000DD1rjYAD,VMC - Linux Operations Agent-NewMaintenance,SM-VMC-RNM-VMCL
01tWC00000DD1rkYAD,VMC - Linux Operations Agent,SM-VMC-NRPS-VLOP
01tWC00000DD1rlYAD,VMC - Linux Operations Agent-RenewalMaintenance,SM-VMC-RRM-VLOM
01tWC00000DD1rmYAD,VMC - Linux Operations Agent,SM-VMC-RSS-VLOS
01tWC00000DD1rnYAD,VMC - Linux Security Agent-NewMaintenance,SM-VMC-RNM-VLSM
01tWC00000DD1roYAD,VMC - Security Agent,SM-VMC-NRPS-VMCSCAP
01tWC00000DD1rpYAD,VMC - Linux Security Agent-RenewalMaintenance,SM-VMC-RRM-VMLI
01tWC00000DD1rqYAD,VMC - Security Agent,SM-VMC-RSS-VMCSCAS
01tWC00000DD1rrYAD,VMC - Network Operations Agent-NewMaintenance,SM-VMC-RNM-VMCN
01tWC00000DD1rsYAD,VMC - Network Operations Agent,SM-VMC-NRPS-VNOP
01tWC00000DD1rtYAD,VMC - Network Operations Agent-RenewalMaintenance,SM-VMC-RRM-VNOM
01tWC00000DD1ruYAD,VMC - Network Operations Agent,SM-VMC-RSS-VNOS
01tWC00000DD1rvYAD,VMC - Network Syslog Agent-NewMaintenance,SM-VMC-RNM-VNSM
01tWC00000DD1rwYAD,VMC - Network Syslog Agent,SM-VMC-NRPS-VNSP
01tWC00000DD1rxYAD,VMC - Network Syslog Agent-RenewalMaintenance,SM-VMC-RRM-VMNE
01tWC00000DD1ryYAD,VMC - Network Syslog Agent,SM-VMC-RSS-VNSS
01tWC00000DD1rzYAD,VMC - Oracle Operations Agent-NewMaintenance,SM-VMC-RNM-VMCO
01tWC00000DD1s0YAD,VMC - Oracle Operations Agent,SM-VMC-NRPS-VOOP
01tWC00000DD1s1YAD,VMC - Oracle Operations Agent-RenewalMaintenance,SM-VMC-RRM-VOOM
01tWC00000DD1s2YAD,VMC - Oracle Operations Agent,SM-VMC-RSS-VOOS
01tWC00000DD1s3YAD,VMC - Oracle Security Agent-NewMaintenance,SM-VMC-RNM-VOSM
01tWC00000DD1s4YAD,VMC - Oracle Security Agent,SM-VMC-NRPS-VOSP
01tWC00000DD1s5YAD,VMC - Oracle Security Agent-RenewalMaintenance,SM-VMC-RRM-VMOR
01tWC00000DD1s6YAD,VMC - Oracle Security Agent,SM-VMC-RSS-VOSS
01tWC00000DD1s7YAD,VMC - Policy Compliance for Windows-NewMaintenance,SM-VMC-RNM-VPCM
01tWC00000DD1s8YAD,VMC - Policy Compliance for Windows,SM-VMC-NRPS-VPCP
01tWC00000DD1s9YAD,VMC - Policy Compliance for Windows-RenewalMaintenance,SM-VMC-RRM-VMPO
01tWC00000DD1sAYAT,VMC - Policy Compliance for Windows,SM-VMC-RSS-VPCS
01tWC00000DD1sBYAT,VMC - Portal Users-NewMaintenance,SM-VMC-RNM-VPUM
01tWC00000DD1sCYAT,VMC - Portal Users,SM-VMC-NRPS-VPUP
01tWC00000DD1sDYAT,VMC - Portal Users-RenewalMaintenance,SM-VMC-RRM-VMCPO
01tWC00000DD1sEYAT,VMC - Portal Users,SM-VMC-RSS-VPUS
01tWC00000DD1sFYAT,VMC - SLA Analytics-NewMaintenance,SM-VMC-RNM-VSAM
01tWC00000DD1sGYAT,VMC - SLA Analytics,SM-VMC-NRPS-VSAP
01tWC00000DD1sHYAT,VMC - SLA Analytics-RenewalMaintenance,SM-VMC-RRM-VMSL
01tWC00000DD1sIYAT,VMC - SLA Analytics,SM-VMC-RSS-VSAS
01tWC00000DD1sJYAT,VMC - SQL Server Operations Agent-NewMaintenance,SM-VMC-RNM-VMSQ
01tWC00000DD1sKYAT,VMC - SQL Server Operations Agent,SM-VMC-NRPS-VMCSQ
01tWC00000DD1sLYAT,VMC - SQL Server Operations Agent-RenewalMaintenance,SM-VMC-RRM-VMCSQL
01tWC00000DD1sMYAT,VMC - SQL Server Operations Agent,SM-VMC-RSS-VMSQL
01tWC00000DD1sNYAT,VMC - SQL Server Security Agent-NewMaintenance,SM-VMC-RNM-VSQL
01tWC00000DD1sOYAT,VMC - SQL Server Security Agent,SM-VMC-NRPS-VMCSS
01tWC00000DD1sPYAT,VMC - SQL Server Security Agent-RenewalMaintenance,SM-VMC-RRM-VMCSQS
01tWC00000DD1sQYAT,VMC - SQL Server Security Agent,SM-VMC-RSS-VMCSSE
01tWC00000DD1sRYAT,VMC - Universal Transaction Agent - 5 Script Runners-NewMaintenance,SM-VMC-RNM-VMCU
01tWC00000DD1sSYAT,VMC - Universal Transaction Agent - 5 Script Runners,SM-VMC-NRPS-VUTP
01tWC00000DD1sTYAT,VMC - Universal Transaction Agent - 5 Script Runners-RenewalMaintenance,SM-VMC-RRM-VUTM
01tWC00000DD1sUYAT,VMC - Universal Transaction Agent - 5 Script Runners,SM-VMC-RSS-VUTS
01tWC00000DD1sVYAT,VMC - Universal Transaction Agent - Additional Script Runners-NewMaintenance,SM-VMC-RNM-VMUN
01tWC00000DD1sWYAT,VMC - Universal Transaction Agent - Additional Script Runners,SM-VMC-NRPS-VMRP
01tWC00000DD1sXYAT,VMC - Universal Transaction Agent - Additional Script Runners-RenewalMaintenance,SM-VMC-RRM-VMCUN
01tWC00000DD1sYYAT,VMC - Universal Transaction Agent - Additional Script Runners,SM-VMC-RSS-VMRS
01tWC00000DD1sZYAT,VMC - Unix Operations Agent-NewMaintenance,SM-VMC-RNM-VUOM
01tWC00000DD1saYAD,VMC - Unix Operations Agent,SM-VMC-NRPS-VUOP
01tWC00000DD1sbYAD,VMC - Unix Operations Agent-RenewalMaintenance,SM-VMC-RRM-VMCUNI
01tWC00000DD1scYAD,VMC - Unix Operations Agent,SM-VMC-RSS-VUOS
01tWC00000DD1sdYAD,VMC - Unix Security Agent-NewMaintenance,SM-VMC-RNM-VUSM
01tWC00000DD1seYAD,VMC - Unix Security Agent,SM-VMC-NRPS-VUSP
01tWC00000DD1sfYAD,VMC - Unix Security Agent-RenewalMaintenance,SM-VMC-RRM-VMUNIX
01tWC00000DD1sgYAD,VMC - Unix Security Agent,SM-VMC-RSS-VUSS
01tWC00000DD1shYAD,VMC - Visual Message Center Dashboards-NewMaintenance,SM-VMC-RNM-VMCV
01tWC00000DD1siYAD,VMC - Visual Message Center Dashboards,SM-VMC-NRPS-VVMP
01tWC00000DD1sjYAD,VMC - Visual Message Center Dashboards-RenewalMaintenance,SM-VMC-RRM-VVMM
01tWC00000DD1skYAD,VMC - Visual Message Center Dashboards,SM-VMC-RSS-VVMS
01tWC00000DD1slYAD,VMC - Visual Message Center Goals-NewMaintenance,SM-VMC-RNM-VMVI
01tWC00000DD1smYAD,VMC - Visual Message Center Goals,SM-VMC-NRPS-VMGP
01tWC00000DD1snYAD,VMC - Visual Message Center Goals-RenewalMaintenance,SM-VMC-RRM-VMCVI
01tWC00000DD1soYAD,VMC - Visual Message Center Goals,SM-VMC-RSS-VMGS
01tWC00000DD1spYAD,VMC - VMware Operations Agent-NewMaintenance,SM-VMC-RNM-VVOM
01tWC00000DD1sqYAD,VMC - VMware Operations Agent,SM-VMC-NRPS-VVOP
01tWC00000DD1srYAD,VMC - VMware Operations Agent-RenewalMaintenance,SM-VMC-RRM-VMVM
01tWC00000DD1ssYAD,VMC - VMware Operations Agent,SM-VMC-RSS-VVOS
01tWC00000DD1stYAD,VMC - VMware Security Agent-NewMaintenance,SM-VMC-RNM-VVSM
01tWC00000DD1suYAD,VMC - VMware Security Agent,SM-VMC-NRPS-VVSP
01tWC00000DD1svYAD,VMC - VMware Security Agent-RenewalMaintenance,SM-VMC-RRM-VMCVM
01tWC00000DD1swYAD,VMC - VMware Security Agent,SM-VMC-RSS-VVSS
01tWC00000DD1sxYAD,VMC - Web Availability & Response Time Agent-NewMaintenance,SM-VMC-RNM-VMCW
01tWC00000DD1syYAD,VMC - Web Availability & Response Time Agent,SM-VMC-NRPS-VWAP
01tWC00000DD1szYAD,VMC - Web Availability & Response Time Agent-RenewalMaintenance,SM-VMC-RRM-VWAM
01tWC00000DD1t0YAD,VMC - Web Availability & Response Time Agent,SM-VMC-RSS-VWAS
01tWC00000DD1t1YAD,VMC - WebSphere Application Server Operations Agent-NewMaintenance,SM-VMC-RNM-VWSM
01tWC00000DD1t2YAD,VMC - WebSphere Application Server Operations Agent,SM-VMC-NRPS-VWSP
01tWC00000DD1t3YAD,VMC - WebSphere Application Server Operations Agent-RenewalMaintenance,SM-VMC-RRM-VMWE
01tWC00000DD1t4YAD,VMC - WebSphere Application Server Operations Agent,SM-VMC-RSS-VWSS
01tWC00000DD1t5YAD,VMC - WebSphere MQ Operations Agent-NewMaintenance,SM-VMC-RNM-VMCWE
01tWC00000DD1t6YAD,VMC - WebSphere MQ Operations Agent,SM-VMC-NRPS-VMCWEB
01tWC00000DD1t7YAD,VMC - WebSphere MQ Operations Agent-RenewalMaintenance,SM-VMC-RRM-VMWEB
01tWC00000DD1t8YAD,VMC - WebSphere MQ Operations Agent,SM-VMC-RSS-VWEB
01tWC00000DD1t9YAD,VMC - Windows Operations Agent-NewMaintenance,SM-VMC-RNM-VWOM
01tWC00000DD1tAYAT,VMC - Windows Operations Agent,SM-VMC-NRPS-VWOP
01tWC00000DD1tBYAT,VMC - Operations Agent,SM-VMC-NRPS-VMCOAP
01tWC00000DD1tCYAT,VMC - Windows Operations Agent-RenewalMaintenance,SM-VMC-RRM-VMWI
01tWC00000DD1tDYAT,VMC - Windows Operations Agent,SM-VMC-RSS-VWOS
01tWC00000DD1tEYAT,VMC - Operations Agent,SM-VMC-RSS-VMCOAS
01tWC00000DD1tFYAT,Tripwire Log Center Manager License - EVAL,FIM-TLC-NRPS-TLCMLE
01tWC00000DD1tGYAT,Tripwire Log Center Manager License - License Usage Fee,FIM-TLC-NROR-TLCMLLF
01tWC00000DD1tHYAT,Tripwire Log Center Manager License-NewMaintenance,FIM-TLC-RNM-TLCMLN
01tWC00000DD1tIYAT,Tripwire Log Center Manager License,FIM-TLC-NRPS-TLCMLP
01tWC00000DD1tJYAT,Tripwire Log Center Manager License-RenewalMaintenance,FIM-TLC-RRM-TLCMLR
01tWC00000DD1tKYAT,Tripwire Log Center Remote Log Collector-NewMaintenance,FIM-TLC-RNM-TLCRLC
01tWC00000DD1tLYAT,Tripwire Log Center Remote Log Collector,FIM-TLC-NRPS-TRLOCR
01tWC00000DD1tMYAT,Tripwire Log Center Remote Log Collector-RenewalMaintenance,FIM-TLC-RRM-TRLCER
01tWC00000DD1tNYAT,Tripwire Log Center Remote Log Collector,FIM-TLC-RSS-TLOCER
01tWC00000DD1tOYAT,Tripwire Log Center VIA Agent-RenewalMaintenance,FIM-FML-RRM-TLCVAR
01tWC00000DD1tPYAT,Tripwire Manager - EVAL,FIM-FIM-NRPS-TMEP
01tWC00000DD1tQYAT,Tripwire Manager-NewMaintenance,FIM-FIM-RNM-TMNM
01tWC00000DD1tRYAT,Tripwire Manager,FIM-FML-NRPS-TMP
01tWC00000DD1tSYAT,Tripwire Manager-RenewalMaintenance,FIM-FIM-RRM-TMRM
01tWC00000DD1tTYAT,Tripwire Remote Operations,FIM-FML-RSP-TRO
01tWC00000DD1tUYAT,Tripwire Resident Engineer,FIM-FIM-RSP-TRE
01tWC00000DD1tVYAT,Tripwire Services (Custom Fixed fee),FIM-FIM-NRST-TSCFF
01tWC00000DD1tWYAT,"Tripwire Services (per day, T&E add'l)",FIM-FIM-NRST-TSPDTE
01tWC00000DD1tXYAT,Tripwire State Analyzer - EVAL,FIM-FIM-NRPS-TSAEP
01tWC00000DD1tYYAT,Tripwire State Analyzer-NewMaintenance,FIM-FIM-RNM-TSANM
01tWC00000DD1tZYAT,Tripwire State Analyzer,FIM-FIM-NRPS-TSAP
01tWC00000DD1taYAD,Tripwire State Analyzer-RenewalMaintenance,FIM-FIM-RRM-TSARM
01tWC00000DD1tbYAD,Tripwire State Analyzer,FIM-FIM-RSS-TSAS
01tWC00000DD1tcYAD,Tripwire State Analyzer Express-NewMaintenance,FIM-FIM-RNM-TSAENM
01tWC00000DD1tdYAD,Tripwire State Analyzer Express,FIM-FIM-NRPS-TRST
01tWC00000DD1teYAD,Tripwire Console Orchestrator-RenewalMaintenance,FIM-FIM-RNM-TCORM
01tWC00000DD1tfYAD,Tripwire State Analyzer Express-RenewalMaintenance,FIM-FIM-RRM-TSAERM
01tWC00000DD1tgYAD,Tripwire State Analyzer Express,FIM-FIM-RSS-TSAES
01tWC00000DD1thYAD,Tripwire VIA Express Console-RenewalMaintenance,FIM-FML-RRM-TVECRM
01tWC00000DD1tiYAD,Tripwire VIA for Desktop-RenewalMaintenance,FIM-FML-RRM-TVDRM
01tWC00000DD1tjYAD,Tripwire VIA for Large Stores-RenewalMaintenance,FIM-FML-RRM-TVLSRM
01tWC00000DD1tkYAD,Tripwire VIA for Security Devices-RenewalMaintenance,FIM-FML-RRM-TVSDRM
01tWC00000DD1tlYAD,Tripwire VIA for Small Stores-RenewalMaintenance,FIM-FML-RRM-TVSSRM
01tWC00000DD1tmYAD,Tripwire VIA for VMware ESX-RenewalMaintenance,FIM-FML-RRM-TVVERM
01tWC00000DD1tnYAD,Tripwire ExportOps - Node Fee,FIM-FIM-RSP-TENFS
01tWC00000DD1toYAD,Tripwire ExpertOps VM - IP Fee,FIM-FIM-RSP-TEVIFS
01tWC00000DD1tpYAD,TrustCenter For SECURE Email Gateway-NewMaintenance,ES-SEG-RNM-TCSENE
01tWC00000DD1tqYAD,TrustCenter For SECURE Email Gateway,ES-SEG-NRPS-TCSEPE
01tWC00000DD1trYAD,TrustCenter For SECURE Email Gateway-RenewalMaintenance,ES-SEG-RRM-TCSERE
01tWC00000DD1tsYAD,TrustCenter For SECURE Email Gateway,ES-SEG-RSS-TCSESU
01tWC00000DD1ttYAD,TW Advisory Services 4hrs/month,FIM-FIM-RSP-TWTAS4
01tWC00000DD1tuYAD,TW Manager/Server University Site Licenses-RenewalMaintenance,FIM-FML-RRM-TWTMSU
01tWC00000DD1tvYAD,Unisys - TeamQuest Baseline OS2200-OTC-NewMaintenance,CM-TQU-RNM-UTQBOO
01tWC00000DD1twYAD,Unisys - TeamQuest Baseline OS2200-OTC,CM-TQU-NRPS-UNISYS
01tWC00000DD1txYAD,Unisys - TeamQuest Baseline OS2200-OTC-RenewalMaintenance,CM-TQU-RRM-UTQM
01tWC00000DD1tyYAD,Unisys - TeamQuest Baseline OS2200-OTC,CM-TQU-RSUS-UTQS
01tWC00000DD1tzYAD,Unisys - TeamQuest CULL OS2200-OTC-NewMaintenance,CM-TQU-RNM-UTQCOO
01tWC00000DD1u0YAD,Unisys - TeamQuest CULL OS2200-OTC,CM-TQU-NRPS-UTQP
01tWC00000DD1u1YAD,Unisys - TeamQuest CULL OS2200-OTC-RenewalMaintenance,CM-TQU-RRM-UNTE
01tWC00000DD1u2YAD,Unisys - TeamQuest CULL OS2200-OTC,CM-TQU-RSUS-UNOS
01tWC00000DD1u3YAD,Tripwire Managed Services - Consulting Services,FIM-FIM-NRST-TMSCSS
01tWC00000DD1u4YAD,Unisys - TeamQuest D-Fragger OS2200-OTC-NewMaintenance,CM-TQU-RNM-UTQDFO
01tWC00000DD1u5YAD,Unisys - TeamQuest D-Fragger OS2200-OTC,CM-TQU-NRPS-UNOP
01tWC00000DD1u6YAD,Unisys - TeamQuest D-Fragger OS2200-OTC-RenewalMaintenance,CM-TQU-RRM-UNRM
01tWC00000DD1u7YAD,Unisys - TeamQuest D-Fragger OS2200-OTC,CM-TQU-RSUS-UNISYT
01tWC00000DD1u8YAD,Unisys - TeamQuest Harvest MCP-OTC-NewMaintenance,CM-TQU-RNM-UTQHMO
01tWC00000DD1u9YAD,Unisys - TeamQuest Harvest MCP-OTC,CM-TQU-NRPS-UNISTE
01tWC00000DD1uAYAT,Unisys - TeamQuest Harvest MCP-OTC-RenewalMaintenance,CM-TQU-RRM-UNITEA
01tWC00000DD1uBYAT,Unisys - TeamQuest Harvest MCP-OTC,CM-TQU-RSUS-UNTEAM
01tWC00000DD1uCYAT,Config - Tripwire App - TE Console Orchestrator,FIM-FIM-NROR-CTATCOO
01tWC00000DD1uDYAT,Unisys - TeamQuest IACULL OS2200-OTC-NewMaintenance,CM-TQU-RNM-UTQIOO
01tWC00000DD1uEYAT,Unisys - TeamQuest IACULL OS2200-OTC,CM-TQU-NRPS-UTEAM
01tWC00000DD1uFYAT,Unisys - TeamQuest IACULL OS2200-OTC-RenewalMaintenance,CM-TQU-RRM-UNISTQ
01tWC00000DD1uGYAT,Unisys - TeamQuest IACULL OS2200-OTC,CM-TQU-RSUS-UNITEQ
01tWC00000DD1uHYAT,Tripwire Industrial Appliance,FIM-FIM-NRPS-TIAP
01tWC00000DD1uIYAT,Unisys - TeamQuest LA OS2200-OTC-NewMaintenance,CM-TQU-RNM-UTQLOO
01tWC00000DD1uJYAT,Unisys - TeamQuest LA OS2200-OTC,CM-TQU-NRPS-UNITQU
01tWC00000DD1uKYAT,Unisys - TeamQuest LA OS2200-OTC-RenewalMaintenance,CM-TQU-RRM-UNTEAQ
01tWC00000DD1uLYAT,Unisys - TeamQuest LA OS2200-OTC,CM-TQU-RSUS-UNTQUE
01tWC00000DD1uMYAT,Unisys - TeamQuest MS2200 OS2200-OTC-NewMaintenance,CM-TQU-RNM-UTQMOO
01tWC00000DD1uNYAT,Unisys - TeamQuest MS2200 OS2200-OTC,CM-TQU-NRPS-UTEAQU
01tWC00000DD1uOYAT,Unisys - TeamQuest MS2200 OS2200-OTC-RenewalMaintenance,CM-TQU-RRM-UTEQUE
01tWC00000DD1uPYAT,Unisys - TeamQuest MS2200 OS2200-OTC,CM-TQU-RSUS-UNTEQU
01tWC00000DD1uQYAT,Unisys - TeamQuest MSAR OS2200-OTC-NewMaintenance,CM-TQU-RNM-UNNM
01tWC00000DD1uRYAT,Unisys - TeamQuest MSAR OS2200-OTC,CM-TQU-NRPS-UNTEQM
01tWC00000DD1uSYAT,Unisys - TeamQuest MSAR OS2200-OTC-RenewalMaintenance,CM-TQU-RRM-UNTQUM
01tWC00000DD1uTYAT,Unisys - TeamQuest MSAR OS2200-OTC,CM-TQU-RSUS-UTEQUM
01tWC00000DD1uUYAT,Unisys - TeamQuest MSManager OS2200-OTC-NewMaintenance,CM-TQU-RNM-UTEQMS
01tWC00000DD1uVYAT,Unisys - TeamQuest MSManager OS2200-OTC,CM-TQU-NRPS-UNTQMO
01tWC00000DD1uWYAT,Unisys - TeamQuest MSManager OS2200-OTC-RenewalMaintenance,CM-TQU-RRM-UTEQMO
01tWC00000DD1uXYAT,Unisys - TeamQuest MSManager OS2200-OTC,CM-TQU-RSUS-UTQUMO
01tWC00000DD1uYYAT,Unisys - TeamQuest OEM Fixed Fee - Monthly - Mainframe - Unisys OEM-NewMaintenance,CM-TQU-RNM-UTQOFF
01tWC00000DD1uZYAT,Unisys - TeamQuest OEM Fixed Fee - Monthly - Mainframe - Unisys OEM,CM-TQU-NRPS-UNTEQO
01tWC00000DD1uaYAD,Unisys - TeamQuest OEM Fixed Fee - Monthly - Mainframe - Unisys OEM-RenewalMaintenance,CM-TQU-RRM-UNTQUO
01tWC00000DD1ubYAD,Unisys - TeamQuest OEM Fixed Fee - Monthly - Mainframe - Unisys OEM,CM-TQU-RSUM-UTEQUO
01tWC00000DD1ucYAD,Unisys - TeamQuest Online MCP-OTC-NewMaintenance,CM-TQU-RNM-UTQOMO
01tWC00000DD1udYAD,Unisys - TeamQuest Online MCP-OTC,CM-TQU-NRPS-UTEQON
01tWC00000DD1ueYAD,Unisys - TeamQuest Online MCP-OTC-RenewalMaintenance,CM-TQU-RRM-UNTQOM
01tWC00000DD1ufYAD,Unisys - TeamQuest Online MCP-OTC,CM-TQU-RSUS-UTEQOM
01tWC00000DD1ugYAD,Unisys - TeamQuest Online OS2200-OTC-NewMaintenance,CM-TQU-RNM-UTQOOO
01tWC00000DD1uhYAD,Unisys - TeamQuest Online OS2200-OTC,CM-TQU-NRPS-UNTQOO
01tWC00000DD1uiYAD,Unisys - TeamQuest Online OS2200-OTC-RenewalMaintenance,CM-TQU-RRM-UTEQOO
01tWC00000DD1ujYAD,Unisys - TeamQuest Online OS2200-OTC,CM-TQU-RSUS-UTQUOO
01tWC00000DD1ukYAD,Unisys - TeamQuest OSAM OS2200-OTC-NewMaintenance,CM-TQU-RNM-UTEQOS
01tWC00000DD1ulYAD,Unisys - TeamQuest OSAM OS2200-OTC,CM-TQU-NRPS-UTQOSO
01tWC00000DD1umYAD,Unisys - TeamQuest OSAM OS2200-OTC-RenewalMaintenance,CM-TQU-RRM-UTQOOS
01tWC00000DD1unYAD,Unisys - TeamQuest OSAM OS2200-OTC,CM-TQU-RSUS-UTQOSB
01tWC00000DD1uoYAD,Unisys - TeamQuest PAR OS2200-OTC-NewMaintenance,CM-TQU-RNM-UTQPOO
01tWC00000DD1upYAD,Unisys - TeamQuest PAR OS2200-OTC,CM-TQU-NRPS-UNTEQP
01tWC00000DD1uqYAD,Unisys - TeamQuest PAR OS2200-OTC-RenewalMaintenance,CM-TQU-RRM-UNTQUP
01tWC00000DD1urYAD,Unisys - TeamQuest PAR OS2200-OTC,CM-TQU-RSUS-UTEQUP
01tWC00000DD1usYAD,Unisys - TeamQuest PM2200 OS2200-OTC-NewMaintenance,CM-TQU-RNM-UTEQPM
01tWC00000DD1utYAD,Unisys - TeamQuest PM2200 OS2200-OTC,CM-TQU-NRPS-UNTQPO
01tWC00000DD1uuYAD,Unisys - TeamQuest PM2200 OS2200-OTC-RenewalMaintenance,CM-TQU-RRM-UTEQPO
01tWC00000DD1uvYAD,Unisys - TeamQuest PM2200 OS2200-OTC,CM-TQU-RSUS-UTQUPO
01tWC00000DD1uwYAD,Unisys - TeamQuest PMLog OS2200-OTC-NewMaintenance,CM-TQU-RNM-UTQPMO
01tWC00000DD1uxYAD,Unisys - TeamQuest PMLog OS2200-OTC,CM-TQU-NRPS-UTQPOS
01tWC00000DD1uyYAD,Unisys - TeamQuest PMLog OS2200-OTC-RenewalMaintenance,CM-TQU-RRM-UTQORM
01tWC00000DD1uzYAD,Unisys - TeamQuest PMLog OS2200-OTC,CM-TQU-RSUS-UTQOS
01tWC00000DD1v0YAD,Unisys - TeamQuest PMPlus MCP-OTC-NewMaintenance,CM-TQU-RNM-UNTQPM
01tWC00000DD1v1YAD,Unisys - TeamQuest PMPlus MCP-OTC,CM-TQU-NRPS-UTQUPM
01tWC00000DD1v2YAD,Unisys - TeamQuest PMPlus MCP-OTC-RenewalMaintenance,CM-TQU-RRM-UTQPMM
01tWC00000DD1v3YAD,Unisys - TeamQuest PMPlus MCP-OTC,CM-TQU-RSUS-UTQPMC
01tWC00000DD1v4YAD,Unisys - TeamQuest PMPlus OS2200-OTC-NewMaintenance,CM-TQU-RNM-UTQONM
01tWC00000DD1v5YAD,Unisys - TeamQuest PMPlus OS2200-OTC,CM-TQU-NRPS-UTQOP
01tWC00000DD1v6YAD,Unisys - TeamQuest PMPlus OS2200-OTC-RenewalMaintenance,CM-TQU-RRM-UTQSRM
01tWC00000DD1v7YAD,Unisys - TeamQuest PMPlus OS2200-OTC,CM-TQU-RSUS-UTQMOS
01tWC00000DD1v8YAD,Unisys - TeamQuest Probes MCP-OTC-NewMaintenance,CM-TQU-RNM-UTEQPR
01tWC00000DD1v9YAD,Unisys - TeamQuest Probes MCP-OTC,CM-TQU-NRPS-UTQPP
01tWC00000DD1vAYAT,Unisys - TeamQuest Probes MCP-OTC-RenewalMaintenance,CM-TQU-RRM-UTQPRM
01tWC00000DD1vBYAT,Unisys - TeamQuest Probes MCP-OTC,CM-TQU-RSUS-UTQPS
01tWC00000DD1vCYAT,Unisys - TeamQuest Probes OS2200-OTC-NewMaintenance,CM-TQU-RNM-UTQPRO
01tWC00000DD1vDYAT,Unisys - TeamQuest Probes OS2200-OTC,CM-TQU-NRPS-UTQPPR
01tWC00000DD1vEYAT,Unisys - TeamQuest Probes OS2200-OTC-RenewalMaintenance,CM-TQU-RRM-UTQRRM
01tWC00000DD1vFYAT,Unisys - TeamQuest Probes OS2200-OTC,CM-TQU-RSUS-UTQRS
01tWC00000DD1vGYAT,Unisys - TeamQuest RemD-Fragger OS2200-OTC-NewMaintenance,CM-TQU-RNM-UTQRDF
01tWC00000DD1vHYAT,Unisys - TeamQuest RemD-Fragger OS2200-OTC,CM-TQU-NRPS-UNTEQR
01tWC00000DD1vIYAT,Unisys - TeamQuest RemD-Fragger OS2200-OTC-RenewalMaintenance,CM-TQU-RRM-UNTQUR
01tWC00000DD1vJYAT,Unisys - TeamQuest RemD-Fragger OS2200-OTC,CM-TQU-RSUS-UTEQUR
01tWC00000DD1vKYAT,Unisys - TeamQuest SAUtilities OS2200 - Unisys OEM-NewMaintenance,CM-TQU-RNM-UTQSOU
01tWC00000DD1vLYAT,Unisys - TeamQuest SAUtilities OS2200 - Unisys OEM,CM-TQU-NRPS-UNTEQS
01tWC00000DD1vMYAT,Unisys - TeamQuest SAUtilities OS2200 - Unisys OEM-RenewalMaintenance,CM-TQU-RRM-UNTQUS
01tWC00000DD1vNYAT,Unisys - TeamQuest SAUtilities OS2200 - Unisys OEM,CM-TQU-RSUS-UTEQUS
01tWC00000DD1vOYAT,Unisys - TeamQuest SAUtilities OS2200-OTC-NewMaintenance,CM-TQU-RNM-UTQSOO
01tWC00000DD1vPYAT,Unisys - TeamQuest SAUtilities OS2200-OTC,CM-TQU-NRPS-UTEQSA
01tWC00000DD1vQYAT,Unisys - TeamQuest SAUtilities OS2200-OTC-RenewalMaintenance,CM-TQU-RRM-UNTQSO
01tWC00000DD1vRYAT,Unisys - TeamQuest SAUtilities OS2200-OTC,CM-TQU-RSUS-UTEQSO
01tWC00000DD1vSYAT,Unisys - TeamQuest SIMAN OS2200-OTC-NewMaintenance,CM-TQU-RNM-UTEQSI
01tWC00000DD1vTYAT,Unisys - TeamQuest SIMAN OS2200-OTC,CM-TQU-NRPS-UTQUSO
01tWC00000DD1vUYAT,Unisys - TeamQuest SIMAN OS2200-OTC-RenewalMaintenance,CM-TQU-RRM-UTQSIO
01tWC00000DD1vVYAT,Unisys - TeamQuest SIMAN OS2200-OTC,CM-TQU-RSUS-UTQSOS
01tWC00000DD1vWYAT,Unisys - TeamQuest SMFII MCP-OTC-NewMaintenance,CM-TQU-RNM-UTQSMO
01tWC00000DD1vXYAT,Unisys - TeamQuest SMFII MCP-OTC,CM-TQU-NRPS-UTEQSM
01tWC00000DD1vYYAT,Unisys - TeamQuest SMFII MCP-OTC-RenewalMaintenance,CM-TQU-RRM-UNTQSM
01tWC00000DD1vZYAT,Unisys - TeamQuest SMFII MCP-OTC,CM-TQU-RSUS-UTQUSM
01tWC00000DD1vaYAD,Unisys - TeamQuest TipLA OS2200-OTC-NewMaintenance,CM-TQU-RNM-UTQTLO
01tWC00000DD1vbYAD,Unisys - TeamQuest TipLA OS2200-OTC,CM-TQU-NRPS-UNTEQT
01tWC00000DD1vcYAD,Unisys - TeamQuest TipLA OS2200-OTC-RenewalMaintenance,CM-TQU-RRM-UNTQUT
01tWC00000DD1vdYAD,Unisys - TeamQuest TipLA OS2200-OTC,CM-TQU-RSUS-UTEQUT
01tWC00000DD1veYAD,Usage Config,FIM-FIM-NROR-USAGEC
01tWC00000DD1vfYAD,User Classification-NewMaintenance,DP-DLP-RNM-UCNM
01tWC00000DD1vgYAD,User Classification,DP-DLP-NRPS-UCP
01tWC00000DD1vhYAD,User Classification-RenewalMaintenance,DP-DLP-RRM-UCRM
01tWC00000DD1viYAD,User Classification Foundation Suite,DP-DLP-RSS-UCFSS
01tWC00000DD1vjYAD,User Classification OWA Classifier,DP-DLP-RSS-UCOCS
01tWC00000DD1vkYAD,User Classification Reporting Classifier,DP-DLP-RSS-UCRCS
01tWC00000DD1vlYAD,User Classification Sharepoint Classifier,DP-DLP-RSS-UCSCS
01tWC00000DD1vmYAD,User Profile Manager-NewMaintenance,CS-DFT-RNM-UPMNM
01tWC00000DD1vnYAD,User Profile Manager,CS-DFT-NRPS-UPMP
01tWC00000DD1voYAD,User Profile Manager-RenewalMaintenance,CS-DFT-RRM-UPMRM
01tWC00000DD1vpYAD,User Profile Manager,CS-DFT-RSS-UPMS
01tWC00000DD1vqYAD,Vanity domains and custom social connectors for Echoworx Email Encryption Platform,ES-SEG-NRPS-VDCSCE
01tWC00000DD1vrYAD,Vera,DP-SC-RSL-VERASU
01tWC00000DD1vsYAD,Vera Cloud User License,DP-SC-RSL-VERACU
01tWC00000DD1vtYAD,Vera Enterprise User Licenses,DP-SC-RSL-VERAEU
01tWC00000DD1vuYAD,VERA File Share Connector,DP-SC-RSL-VERAFS
01tWC00000DD1vvYAD,VERA Local Key Store Connector,DP-SC-RSL-VERALK
01tWC00000DD1vwYAD,Vera Platform,DP-SC-RSL-VERAPL
01tWC00000DD1vxYAD,VERA Premium Support,DP-SC-RSL-VERAPS
01tWC00000DD1vyYAD,VISUAL Control Center-NewMaintenance,SM-VMC-RNM-VISUAL
01tWC00000DD1vzYAD,VISUAL Control Center,SM-VMC-NRPS-VCCP
01tWC00000DD1w0YAD,VISUAL Control Center-RenewalMaintenance,SM-VMC-RRM-VCCM
01tWC00000DD1w1YAD,VISUAL Control Center,SM-VMC-RSS-VCCS
01tWC00000DD1w2YAD,VISUAL Control for Jobs-NewMaintenance,SM-VMC-RNM-VCJM
01tWC00000DD1w3YAD,VISUAL Control for Jobs,SM-VMC-NRPS-VCJP
01tWC00000DD1w4YAD,VISUAL Control for Jobs-RenewalMaintenance,SM-VMC-RRM-VICO
01tWC00000DD1w5YAD,VISUAL Control for Jobs,SM-VMC-RSS-VCJS
01tWC00000DD1w6YAD,VISUAL Control for Pools-NewMaintenance,SM-VMC-RNM-VCPM
01tWC00000DD1w7YAD,VISUAL Control for Pools,SM-VMC-NRPS-VCPP
01tWC00000DD1w8YAD,VISUAL Control for Pools-RenewalMaintenance,SM-VMC-RRM-VIRM
01tWC00000DD1w9YAD,VISUAL Control for Pools,SM-VMC-RSS-VCPS
01tWC00000DD1wAYAT,VISUAL Control Performance Planner - Any Tier- All LPARs-NewMaintenance,SM-PN-RNM-VINM
01tWC00000DD1wBYAT,VISUAL Control Performance Planner - Any Tier- All LPARs,SM-PN-NRPS-VILP
01tWC00000DD1wCYAT,VISUAL Control Performance Planner - Any Tier- All LPARs-RenewalMaintenance,SM-PN-RRM-VISUAC
01tWC00000DD1wDYAT,VISUAL Control Performance Planner - Any Tier- All LPARs,SM-PN-RSS-VILS
01tWC00000DD1wEYAT,VISUAL Control Performance Planner - for iSeries-NewMaintenance,SM-PN-RNM-VISUCO
01tWC00000DD1wFYAT,VISUAL Control Performance Planner,SM-PN-NRPS-VISCPPP
01tWC00000DD1wGYAT,VISUAL Control Performance Planner - for iSeries-RenewalMaintenance,SM-PN-RRM-VISCON
01tWC00000DD1wHYAT,VISUAL Control Performance Planner,SM-PN-RSS-VISCPPS
01tWC00000DD1wIYAT,VISUAL Control/LPAR Tuner-NewMaintenance,SM-VMC-RNM-VCLM
01tWC00000DD1wJYAT,VISUAL Control/LPAR Tuner,SM-VMC-NRPS-VCLP
01tWC00000DD1wKYAT,VISUAL Control/LPAR Tuner-RenewalMaintenance,SM-VMC-RRM-VICONT
01tWC00000DD1wLYAT,VISUAL Control/LPAR Tuner,SM-VMC-RSS-VCLS
01tWC00000DD1wMYAT,VISUAL Debugger 5250-NewMaintenance,SM-VMC-RNM-VD5M
01tWC00000DD1wNYAT,VISUAL Debugger 5250,SM-VMC-NRPS-VD5P
01tWC00000DD1wOYAT,VISUAL Debugger 5250-RenewalMaintenance,SM-VMC-RRM-VIDE
01tWC00000DD1wPYAT,VISUAL Debugger 5250,SM-VMC-RSS-VD5S
01tWC00000DD1wQYAT,VISUAL Message Center - Full Pack-NewMaintenance,SM-VMC-RNM-VMCM
01tWC00000DD1wRYAT,VISUAL Message Center - Full Pack,SM-VMC-NRPS-VMCP
01tWC00000DD1wSYAT,VISUAL Message Center - Full Pack-RenewalMaintenance,SM-VMC-RRM-VIME
01tWC00000DD1wTYAT,Web Enablement (SWI)-NewMaintenance,BI-SQ-RNM-WEBESN
01tWC00000DD1wUYAT,Web Enablement (SWI),BI-SQ-NRPS-WEBESP
01tWC00000DD1wVYAT,Web Enablement (SWI)-RenewalMaintenance,BI-SQ-RRM-WEBESR
01tWC00000DD1wWYAT,Web Enablement (SWI),BI-SQ-RSS-WEBESS
01tWC00000DD1wXYAT,Web Report Server/400 - Legacy-NewMaintenance,DM-IRM-RNM-WEBRS4
01tWC00000DD1wYYAT,Web Report Server/400 - Legacy,DM-IRM-NRPS-WEBREP
01tWC00000DD1wZYAT,Web Report Server/400 - Legacy-RenewalMaintenance,DM-IRM-RRM-WEBRES
01tWC00000DD1waYAD,WebDocs - Legacy,DM-WEB-RSS-WDLS
01tWC00000DD1wbYAD,WebDocs - SMB License - Legacy-NewMaintenance,DM-WEB-RNM-WDSLLN
01tWC00000DD1wcYAD,WebDocs - SMB License - Legacy,DM-WEB-NRPS-WDSLLP
01tWC00000DD1wdYAD,WebDocs - SMB License - Legacy-RenewalMaintenance,DM-WEB-RRM-WDSLLR
01tWC00000DD1weYAD,WebDocs Batch Import-NewMaintenance,DM-DML-RNM-WDBINM
01tWC00000DD1wfYAD,WebDocs Batch Import,DM-DML-NRPS-WDBIP
01tWC00000DD1wgYAD,WebDocs Batch Import-RenewalMaintenance,DM-DML-RRM-WDBIRM
01tWC00000DD1whYAD,WebDocs Cloud Managed Servives,DM-WEB-NROR-WDCMS
01tWC00000DD1wiYAD,WebDocs Document Management-NewMaintenance,DM-WEB-RNM-WDDMNM
01tWC00000DD1wjYAD,WebDocs Document Management,DM-WEB-NRPS-WDDMP
01tWC00000DD1wkYAD,WebDocs Document Management-RenewalMaintenance,DM-WEB-RRM-WDDMRM
01tWC00000DD1wlYAD,WebDocs Document Management,DM-WEB-RSS-WDDMS
01tWC00000DD1wmYAD,WebDocs Express/Cloud,DM-WEB-RSS-WDECS
01tWC00000DD1wnYAD,Webdocs Forms Management-NewMaintenance,DM-WFM-RNM-WFMNM
01tWC00000DD1woYAD,Webdocs Forms Management,DM-WFM-NRPS-WFMP
01tWC00000DD1wpYAD,Webdocs Forms Management-RenewalMaintenance,DM-WFM-RRM-WFMRM
01tWC00000DD1wqYAD,Webdocs Forms Management,DM-WFM-RSS-WFMS
01tWC00000DD1wrYAD,WebDocs Hosting-NewMaintenance,DM-WEB-RNM-WDHNM
01tWC00000DD1wsYAD,WebDocs Hosting,DM-WEB-NRPS-WDHP
01tWC00000DD1wtYAD,WebDocs Hosting-RenewalMaintenance,DM-WEB-RRM-WDHRM
01tWC00000DD1wuYAD,WebDocs Invoice Manager-NewMaintenance,DM-WEB-RNM-WDIMNM
01tWC00000DD1wvYAD,WebDocs Invoice Manager,DM-WEB-NRPS-WDIMP
01tWC00000DD1wwYAD,WebDocs Invoice Manager-RenewalMaintenance,DM-WEB-RRM-WDIMRM
01tWC00000DD1wxYAD,WebDocs Invoice Manager,DM-WEB-RSS-WDIMS
01tWC00000DD1wyYAD,WebDocs Legacy-NewMaintenance,DM-WEB-RNM-WDLNM
01tWC00000DD1wzYAD,WebDocs Legacy,DM-WEB-NRPS-WDLP
01tWC00000DD1x0YAD,WebDocs Legacy-RenewalMaintenance,DM-WEB-RRM-WDLRM
01tWC00000DD1x1YAD,WebDocs Tray Capture-NewMaintenance,DM-DML-RNM-WDTCNM
01tWC00000DD1x2YAD,WebDocs Tray Capture,DM-DML-NRPS-WDTCP
01tWC00000DD1x3YAD,WebDocs Tray Capture-RenewalMaintenance,DM-DML-RRM-WDTCRM
01tWC00000DD1x4YAD,WebDocs- iSeries Edition-NewMaintenance,DM-DML-RNM-WDISEN
01tWC00000DD1x5YAD,WebDocs- iSeries Edition,DM-DML-NRPS-WDISEP
01tWC00000DD1x6YAD,WebDocs- iSeries Edition-RenewalMaintenance,DM-DML-RRM-WDISER
01tWC00000DD1x7YAD,WebForms-NewMaintenance,DM-WFM-RNM-WEBFNE
01tWC00000DD1x8YAD,WebForms,DM-WFM-NRPS-WEBFPE
01tWC00000DD1x9YAD,WebForms-RenewalMaintenance,DM-WFM-RRM-WEBFRE
01tWC00000DD1xAYAT,WebForms,DM-WFM-RSS-WEBFSU
01tWC00000DD1xBYAT,WebForms Hosting-NewMaintenance,DM-WFM-RNM-WEBFHN
01tWC00000DD1xCYAT,WebForms Hosting,DM-WFM-NRPS-WEBFHO
01tWC00000DD1xDYAT,WebForms Hosting-RenewalMaintenance,DM-WFM-RRM-WEBFHR
01tWC00000DD1xEYAT,WebForms Legacy-NewMaintenance,DM-WFM-RNM-WEBFLN
01tWC00000DD1xFYAT,WebForms Legacy,DM-WFM-NRPS-WEBFLE
01tWC00000DD1xGYAT,WebForms Legacy-RenewalMaintenance,DM-WFM-RRM-WEBFLR
01tWC00000DD1xHYAT,WebForms SMB License-NewMaintenance,DM-WFM-RNM-WEBFSM
01tWC00000DD1xIYAT,WebForms SMB License,DM-WFM-NRPS-WEBFSL
01tWC00000DD1xJYAT,WebForms SMB License-RenewalMaintenance,DM-WFM-RRM-WEBFFA
01tWC00000DD1xKYAT,Website Compliance Audit - Financial Institutions - Project,VM-DDL-NRST-WCAFIPS
01tWC00000DD1xLYAT,Website Compliance Audit - Financial Institutions - Recuring,VM-DDL-RSP-WCAFIRS
01tWC00000DD1xMYAT,WebSpool-NewMaintenance,DM-WS-RNM-WEBSNE
01tWC00000DD1xNYAT,WebSpool,DM-WS-NRPS-WEBSPE
01tWC00000DD1xOYAT,WebSpool-RenewalMaintenance,DM-WS-RRM-WEBSRE
01tWC00000DD1xPYAT,WebSpool,DM-WS-RSS-WEBSSU
01tWC00000DD1xQYAT,Windows Application Integrator-NewMaintenance,DM-WCU-RNM-WAINEW
01tWC00000DD1xRYAT,Windows Application Integrator,DM-WCU-NRPS-WAIPER
01tWC00000DD1xSYAT,Windows Application Integrator-RenewalMaintenance,DM-WCU-RRM-WAIREN
01tWC00000DD1xTYAT,Windows Application Integrator,DM-WCU-RSS-WAISUB
01tWC00000DD1xUYAT,WinSpool-NewMaintenance,DM-DLN-RNM-WSNM
01tWC00000DD1xVYAT,WinSpool,DM-DLN-NRPS-WSP
01tWC00000DD1xWYAT,WinSpool-RenewalMaintenance,DM-DLN-RRM-WSRM
01tWC00000DD1xXYAT,WinSpool,DM-DLN-RSS-WSS
01tWC00000DD1xYYAT,WinSpool Batch Report Server-NewMaintenance,DM-DML-RNM-WSBRSN
01tWC00000DD1xZYAT,WinSpool Batch Report Server,DM-DML-NRPS-WSBRSP
01tWC00000DD1xaYAD,WinSpool Batch Report Server-RenewalMaintenance,DM-DML-RRM-WSBRSR
01tWC00000DD1xbYAD,WinSpool Electronic Forms,DM-DLN-RSS-WSEFS
01tWC00000DD1xcYAD,WinSpool Email Report Server-NewMaintenance,DM-DML-RNM-WSERSN
01tWC00000DD1xdYAD,WinSpool Email Report Server,DM-DML-NRPS-WSERSP
01tWC00000DD1xeYAD,WinSpool Email Report Server-RenewalMaintenance,DM-DML-RRM-WSERSR
01tWC00000DD1xfYAD,WinSpool Fax Report Server-NewMaintenance,DM-DML-RNM-WSFRSN
01tWC00000DD1xgYAD,WinSpool Fax Report Server,DM-DML-NRPS-WSFRSP
01tWC00000DD1xhYAD,WinSpool Fax Report Server-RenewalMaintenance,DM-DML-RRM-WSFRSR
01tWC00000DD1xiYAD,WinSpool HTML Report Converter-NewMaintenance,DM-DML-RNM-WSHRCN
01tWC00000DD1xjYAD,WinSpool HTML Report Converter,DM-DML-NRPS-WSHRCP
01tWC00000DD1xkYAD,WinSpool HTML Report Converter-RenewalMaintenance,DM-DML-RRM-WSHRCR
01tWC00000DD1xlYAD,WinSpool Lotus Notes Report Server-NewMaintenance,DM-DML-RNM-WSLNRS
01tWC00000DD1xmYAD,WinSpool Lotus Notes Report Server,DM-DML-NRPS-WIN
01tWC00000DD1xnYAD,WinSpool Lotus Notes Report Server-RenewalMaintenance,DM-DML-RRM-WSLM
01tWC00000DD1xoYAD,WinSpool PCL to PDF Converter-NewMaintenance,DM-DML-RNM-WSPTPC
01tWC00000DD1xpYAD,WinSpool PCL to PDF Converter,DM-DML-NRPS-WSPP
01tWC00000DD1xqYAD,WinSpool PCL to PDF Converter-RenewalMaintenance,DM-DML-RRM-WSPM
01tWC00000DD1xrYAD,WinSpool PDF Report Converter-NewMaintenance,DM-DML-RNM-WSPRCN
01tWC00000DD1xsYAD,WinSpool PDF Report Converter,DM-DML-NRPS-WSPRCP
01tWC00000DD1xtYAD,WinSpool PDF Report Converter-RenewalMaintenance,DM-DML-RRM-WSPRCR
01tWC00000DD1xuYAD,WinSpool Postscript-NewMaintenance,DM-DML-RNM-WSPNM
01tWC00000DD1xvYAD,WinSpool Postscript,DM-DML-NRPS-WISP
01tWC00000DD1xwYAD,WinSpool Postscript-RenewalMaintenance,DM-DML-RRM-WSPRM
01tWC00000DD1xxYAD,WinSpool RTF Report Converter-NewMaintenance,DM-DML-RNM-WSRRCN
01tWC00000DD1xyYAD,WinSpool RTF Report Converter,DM-DML-NRPS-WSRRCP
01tWC00000DD1xzYAD,WinSpool RTF Report Converter-RenewalMaintenance,DM-DML-RRM-WSRRCR
01tWC00000DD1y0YAD,WinSpool Web Report Server-NewMaintenance,DM-DML-RNM-WSWRSN
01tWC00000DD1y1YAD,WinSpool Web Report Server,DM-DML-NRPS-WSWRSP
01tWC00000DD1y2YAD,WinSpool Web Report Server-RenewalMaintenance,DM-DML-RRM-WSWRSR
01tWC00000DD1y3YAD,WinView-NewMaintenance,DM-DML-RNM-WINVNE
01tWC00000DD1y4YAD,WinView,DM-DML-NRPS-WINVPE
01tWC00000DD1y5YAD,WinView-RenewalMaintenance,DM-DML-RRM-WINVRE
01tWC00000DD1y6YAD,Wireless Penetration Test - Project,VM-VLM-NRST-WPTPS
01tWC00000DD1y7YAD,Wireless Penetration Test - Recurring,VM-VLM-RSP-WPTRS
01tWC00000DD1y8YAD,WMS Module-NewMaintenance,GS-GSE-RNM-WMSMNE
01tWC00000DD1y9YAD,WMS Module-RenewalMaintenance,GS-GSE-RRM-WMSMRE
01tWC00000DD1yAYAT,Workspaces-NewMaintenance,GS-GSE-RNM-WORKNE
01tWC00000DD1yBYAT,Workspaces,GS-GSE-NRPS-WORKPE
01tWC00000DD1yCYAT,Workspaces-RenewalMaintenance,GS-GSE-RRM-WORKRE
01tWC00000DD1yDYAT,Workspaces - Yearly,GS-GSE-RSS-WORKYE
01tWC00000DD1yEYAT,Workspaces - Yearly-NewMaintenance,GS-GSE-RNM-WYNM
01tWC00000DD1yFYAT,WSM Module-RenewalMaintenance,GS-GSE-RRM-WSMM
01tWC00000DD1yGYAT,EFT Express Mobile Transfer Client-RenewalMaintenance,GS-GSE-RRM-EEMTCRM
01tWC00000DD1yHYAT,PS EFT Expert Service Upgrade Plus,GS-GSE-NRST-PSEUP
01tWC00000DD1yIYAT,Workspaces - Yearly,GS-GSE-RSS-WORKYE_LIC
01tWC00000DD1yJYAT,Fortra Mail iOS (On Premise),DP-DC-RSS-FMIOSS_LIC
01tWC00000DD1yKYAT,Data at Rest (On Premise),DP-DC-RSS-DAROSS_LIC
01tWC00000DD1yLYAT,DCS Software Development Kit,DP-DC-RSS-DSDKSS_LIC
01tWC00000DD1yMYAT,Data Classification Suite (On Premise),DP-DC-RSS-DCSSS_LIC
01tWC00000DD1yNYAT,WSSA (Website Security Audit),VM-BSL-RSL-WSSAW
01tWC00000DD1yOYAT,Zero Trust Network Access License,CDP-ZTN-RSL-ZTNALS
01tWC00000DD1yPYAT,Fortra Mail iOS (On Premise),DP-DC-RSS-FMIOSS
01tWC00000DD1yQYAT,Data at Rest (On Premise),DP-DC-RSS-DAROSS
01tWC00000DD1yRYAT,DCS Policy Manager for Desktop,DP-DC-RSL-DPMDSS
01tWC00000DD1ySYAT,DCS Software Development Kit,DP-DC-RSS-DSDKSS
01tWC00000DD1yTYAT,Resident Engineer,DP-DLP-RSP-RES
01tWC00000DD1yUYAT,Quick Start Implementation Package - DCS Essentials,DP-DC-NRST-QSIPDCS
01tWC00000DD1yVYAT,Quick Start Implementation Package - DLP Essentials,DP-DLP-NRST-QSIPDLP
01tWC00000DD1yWYAT,Quick Start Implementation Package - DSPM Essentials,CDP-DPM-NRSU-QSIPDSPM
01tWC00000DD1yXYAT,Quick Start Implementation Package - HRM,HRM-HRM-NRST-QSIPHRM
01tWC00000DD1yYYAT,Quick Start Implementation Package - DCS Advanced,DP-DC-NRST-QSIPDCA
01tWC00000DD1yZYAT,Quick Start Implementation Package - DLP Advanced,DP-DLP-NRST-QSIPDLA
01tWC00000DD1yaYAD,Quick Start Implementation Package - DSPM Advanced,CDP-DPM-NRSU-QSIPDSA
01tWC00000DD1ybYAD,Quick Start Implementation Package - DCS Elite,DP-DC-NRST-QSIPDCE
01tWC00000DD1ycYAD,Quick Start Implementation Package - DLP Elite,DP-DLP-NRST-QSIPDLE
01tWC00000DD1ydYAD,Expert Services -Core,DP-DLP-RSP-ESCS
01tWC00000DD1yeYAD,Expert Services -Enterprise,DP-DLP-RSP-ESES
01tWC00000DD1yfYAD,Expert Services -Enhanced,DP-DLP-RSP-EXSEHSS
01tWC00000DD1ygYAD,Professional Services Hourly (Pre Paid),DP-DLP-NRST-PSHPP
01tWC00000DD1yhYAD,Training Self Paced (1 Student),DP-DLP-NRST-TSPOS
01tWC00000DD1yiYAD,Training Private (5 Students),DP-DLP-NRST-TPFSTU
01tWC00000DD1yjYAD,Training Public (1 Student),DP-DLP-NRST-TPOSTU
01tWC00000DD1ykYAD,Fortra Core Support,DP-DC-RSP-FCSS
01tWC00000DD1ylYAD,Fortra Enhanced Support,DP-DLP-RSP-FENHSS
01tWC00000DD1ymYAD,Fortra Enterprise Support,DP-DLP-RSP-FENTSS
01tWC00000DD1ynYAD,Data Classification Suite (On Premise),DP-DC-RSS-DCSSS
01tWC00000DD1yoYAD,DCS Advanced Bundle OLD,
01tWC00000DD1ypYAD,DCS Elite Bundle - OLD,
01tWC00000DD1yqYAD,DCS Essentials Bundle OLD,
01tWC00000DD1zhYAD,Professional Services Hourly (Post Paid),DP-DLP-NRST-PSHPOP
01tWC00000DD1ziYAD,DCS One (SaaS),DP-DC-RSL-DCSAAS
01tWC00000DD1zjYAD,"Analytics & Reporting (ARC 1 year archive, 60 days live)",DP-DLP-RSL-ARARC
01tWC00000DD1zkYAD,"Live Data Retention -30 Day Increments, 120 Days Max",DP-DLP-RSL-LDRDI
01tWC00000DD1zlYAD,DSPM Historical Data Discovery Service per TB,CDP-DPM-RSL-DSHDDS
01tWC00000DD1zmYAD,Network DLP (SaaS),DP-DLP-RSL-NDLPSAA
01tWC00000DD1znYAD,DSPM Advanced,CDP-DPM-RSL-DSPMA
01tWC00000DD1zoYAD,DSPM Elite,CDP-DPM-RSL-DSPME
01tWC00000DD1zpYAD,DSPM Essentials,CDP-DPM-RSL-DSPMES
01tWC00000DD1zqYAD,Optical Character Recognition (OCR) (cDLP) 1M Scans,DP-DLP-RSL-OCRDLP
01tWC00000DD1zrYAD,Archive Data Retention-1 Year Increment,DP-DLP-RSL-ADRICR
01tWC00000DD1zsYAD,DLP Advanced Bundle (SaaS) - OLD,
01tWC00000DD1ztYAD,DLP Elite Bundle (SaaS) - OLD,
01tWC00000DD1zuYAD,DLP Essentials Bundle (SaaS) - OLD,
01tWC00000DD1zvYAD,DSPM Advanced Bundle - OLD,
01tWC00000DD1zwYAD,DSPM Essentials Bundle - OLD,
01tWC00000DD1zxYAD,HRM Hourly Services (Post Paid),HRM-HRM-NRST-HRMHS
01tWC00000DD1zyYAD,HRM Managed Service Starter Pack,HRM-HRM-NRST-HRMMSS
01tWC00000DD1zzYAD,Human Risk Management Software Platform,HRM-HRM-RSL-HRMSP
01tWC00000DD200YAD,HRM Managed Service-Phishing Campaigns,HRM-HRM-RSP-HMSPCS
01tWC00000DD201YAD,HRM Managed Service-Quiz,HRM-HRM-RSP-HMSQS
01tWC00000DD202YAD,HRM Managed Service-Smishing Campaigns,HRM-HRM-RSP-HMSSCS
01tWC00000DD203YAD,HRM Managed Service-Vishing Campaigns (Robo Calls),HRM-HRM-RSP-HMSVCCS
01tWC00000DD204YAD,HRM Managed Service-Smishing Campaigns Set Up,HRM-HRM-RSP-HMSSCSUS
01tWC00000DD205YAD,HRM Managed Service-Vishing Campaigns (Robo Calls) Set Up,HRM-HRM-RSP-HMSVCSUS
01tWC00000DD206YAD,HRM Advanced Bundle - OLD,
01tWC00000DD207YAD,HRM Elite Bundle - OLD,
01tWC00000DD208YAD,HRM Essentials Bundle - OLD,
01tWC00000DD209YAD,HRM Hourly Services (Prepaid),HRM-HRM-NRST-HRMHSPP
01tWC00000DD20AYAT,HRM Managed Service -Awareness Training,HRM-HRM-RSP-HMSATS
01tWC00000DD20BYAT,GoAnywhere MFTaaS Hosting – Annual Infrastructure Fees Tier 1,GOA-GMA-RSSH-GAMHAIO
01tWC00000DD20CYAT,GoAnywhere MFTaaS Hosting – Annual Infrastructure Fees Tier 2,GOA-GMA-RSSH-GAMHAIT
01tWC00000DD20DYAT,GoAnywhere MFTaaS Hosting – Annual Infrastructure Fees Tier 3,GOA-GMA-RSSH-GAMHAIH
01tWC00000DD20EYAT,GoAnywhere MFTaaS Hosting – Annual Infrastructure Fees Tier 1 - LATAM,GOA-GMA-RSSH-GAMHALO
01tWC00000DD20FYAT,GoAnywhere MFTaaS Hosting – Annual Infrastructure Fees Tier 2 - LATAM,GOA-GMA-RSSH-GAMHALT
01tWC00000DD20GYAT,GoAnywhere MFTaaS Hosting – Annual Infrastructure Fees Tier 3 - LATAM,GOA-GMA-RSSH-GAMHALH
01tWC00000DD20HYAT,Travel Expense (billed as incurred),CS-CLP-NRSE-TXBAIS
01tWC00000DD20IYAT,VCM Starter Pack,CM-VCM-NRPS-VCMSPP
01tWC00000DD20JYAT,DLP Managed Service Offering,DP-DLP-RSP-DLPMSO
01tWC00000DD20KYAT,Automate FTP Essentials,RPA-AUD-RSS-AFTPES
01tWC00000DD20LYAT,Automate Desktop Update,RPA-AUD-NRST-ADUS
01tWC00000DD20MYAT,Classification for Desktop & Message Classification Enterprise & Classification for Office Enterprise Bundle-NewMaintenance,DP-DC-RNM-CDMEBNM
01tWC00000DD20NYAT,Classification for Desktop & Message Classification Enterprise & Classification for Office Enterprise Bundle-RenewalMaintenance,DP-DC-RRM-CDMEBRM
01tWC00000DD20OYAT,Classification for Office Ultra & Message Classification Bundle-RenewalMaintenance,DP-DC-RRM-COUMCBRM
01tWC00000DD20PYAT,Classification for Office Ultra & Message Classification Bundle-NewMaintenance,DP-DC-RNM-COUMCBNM
01tWC00000DD20QYAT,"Fortra DCS ""Advance"" ULTRA Package - Government-RenewalMaintenance",DP-DC-RRM-FDAUPGRM
01tWC00000DD20RYAT,"Fortra DCS ""Advance"" ULTRA Package - Government-NewMaintenance",DP-DC-RNM-FDAUPGNM
01tWC00000DD20SYAT,"Fortra DCS ""Plus"" ULTRA Package - Government-RenewalMaintenance",DP-DC-RRM-FDPUPGRM
01tWC00000DD20TYAT,"Fortra DCS ""Plus"" ULTRA Package - Government-NewMaintenance",DP-DC-RNM-FDPUPGNM
01tWC00000DD20UYAT,Message Classification & Classification for Office & Classification for Desktop Bundle - Enterprise-RenewalMaintenance,DP-DC-RRM-MCCDBERM
01tWC00000DD20VYAT,Message Classification & Classification for Office & Classification for Desktop Bundle - Enterprise-NewMaintenance,DP-DC-RNM-MCCDBENM
01tWC00000DD20WYAT,Message Classification & Classification for Office & Classification for Desktop Bundle - Standard-RenewalMaintenance,DP-DC-RRM-MCCDBSRM
01tWC00000DD20XYAT,Message Classification & Classification for Office & Classification for Desktop Bundle - Standard-NewMaintenance,DP-DC-RNM-MCCDBSNM
01tWC00000DD20YYAT,Device Profiler 700-NewMaintenance,FIM-FIM-RNM-DP7NM
01tWC00000DD20ZYAT,DP Ev - EVAL-RenewalMaintenance,FIM-FIM-RRM-DEERM
01tWC00000DD20aYAD,DP Ev - EVAL-NewMaintenance,FIM-FIM-RNM-DEENM
01tWC00000DD20bYAD,IP360 - EVAL-RenewalMaintenance,FIM-FIM-RRM-IERM
01tWC00000DD20cYAD,IP360 - EVAL-NewMaintenance,FIM-FIM-RNM-IENM
01tWC00000DD20dYAD,Tripwire Enterprise Console - MySQL Backend - EVAL-RenewalMaintenance,FIM-FIM-RRM-TECMBERM
01tWC00000DD20eYAD,Tripwire Enterprise Console - MySQL Backend - EVAL-NewMaintenance,FIM-FIM-RNM-TECMBENM
01tWC00000DD20fYAD,Tripwire Enterprise for Databases - EVAL-RenewalMaintenance,FIM-FIM-RRM-TEDEVRM
01tWC00000DD20gYAD,Tripwire Enterprise for Databases - EVAL-NewMaintenance,FIM-FIM-RNM-TEDEVNM
01tWC00000DD20hYAD,Tripwire Enterprise for Directory Services - EVAL-RenewalMaintenance,FIM-FIM-RRM-TEDSERM
01tWC00000DD20iYAD,Tripwire Enterprise for Directory Services - EVAL-NewMaintenance,FIM-FIM-RNM-TEDSENM
01tWC00000DD20jYAD,Tripwire Enterprise for Desktops - EVAL-RenewalMaintenance,FIM-FIM-RRM-TEDERM
01tWC00000DD20kYAD,Tripwire Enterprise for Desktops - EVAL-NewMaintenance,FIM-FIM-RNM-TEDENM
01tWC00000DD20lYAD,Tripwire Enterprise for Industrial Devices-NewMaintenance,FIM-FIM-RNM-TEIDNM
01tWC00000DD20mYAD,Tripwire Enterprise for Network Devices - EVAL-RenewalMaintenance,FIM-FIM-RRM-TENDERM
01tWC00000DD20nYAD,Tripwire Enterprise for Network Devices - EVAL-NewMaintenance,FIM-FIM-RNM-TENDENM
01tWC00000DD20oYAD,Tripwire Enterprise for TIV-RenewalMaintenance,FIM-FIM-RRM-TETRM
01tWC00000DD20pYAD,Tripwire Enterprise for TIV-NewMaintenance,FIM-FIM-RNM-TETNM
01tWC00000DD20qYAD,VMC - Security Agent-RenewalMaintenance,SM-VMC-RRM-VSARM
01tWC00000DD20rYAD,VMC - Security Agent-NewMaintenance,SM-VMC-RNM-VSANM
01tWC00000DD20sYAD,"Robot Bundle - Schedule, Alert, Replay-RenewalMaintenance",SM-ROB-RRM-RBSARRM
01tWC00000DD20tYAD,"Robot Bundle - Schedule, Alert, Replay-NewMaintenance",SM-ROB-RNM-RBSARNM
01tWC00000DD20uYAD,Robot Bundle - Console & Alert-RenewalMaintenance,SM-ROB-RRM-RBCARM
01tWC00000DD20vYAD,Robot Bundle - Console & Alert-NewMaintenance,SM-ROB-RNM-RBCANM
01tWC00000DD20wYAD,Fortra DCS for DaR (Data at rest) with DCS INTELLIGENT PROTECTION - Government-RenewalMaintenance,DP-DC-RRM-DCDARGRM
01tWC00000DD20xYAD,Fortra DCS for DaR (Data at rest) with DCS INTELLIGENT PROTECTION - Government-NewMaintenance,DP-DC-RNM-DCDARGNM
01tWC00000DD20yYAD,"Titus Classification Suite, Illuminate and Ionic Connector-RenewalMaintenance",DP-DC-RRM-TCSIICRM
01tWC00000DD20zYAD,"Titus Classification Suite, Illuminate and Ionic Connector-NewMaintenance",DP-DC-RNM-TCSIICNM
01tWC00000DD210YAD,CCM - EVAL-RenewalMaintenance,FIM-FIM-RRM-CCMEVRM
01tWC00000DD211YAD,CCM - EVAL-NewMaintenance,FIM-FIM-RNM-CCMEVNM
01tWC00000DD212YAD,FORTRAVM - EVAL-RenewalMaintenance,FIM-FIM-RRM-FERM
01tWC00000DD213YAD,FORTRAVM - EVAL-NewMaintenance,FIM-FIM-RNM-FENM
01tWC00000DD214YAD,Tripwire Connect Local-NewMaintenance,FIM-FIM-RNM-TCLNM
01tWC00000DD215YAD,Tripwire Industrial Appliance-RenewalMaintenance,FIM-FIM-RRM-TIARM
01tWC00000DD216YAD,Tripwire Industrial Appliance-NewMaintenance,FIM-FIM-RNM-TIANM
01tWC00000DD217YAD,Tripwire Manager - EVAL-RenewalMaintenance,FIM-FIM-RRM-TMERM
01tWC00000DD218YAD,Tripwire Manager - EVAL-NewMaintenance,FIM-FIM-RNM-TMENM
01tWC00000DD219YAD,Tripwire for Server-SUL-Lic-RenewalMaintenance,FIM-FML-RRM-TSSLRM
01tWC00000DD21AYAT,Tripwire for Server-SUL-Lic-NewMaintenance,FIM-FML-RNM-TSSLNM
01tWC00000DD21BYAT,Tripwire State Analyzer Upgrade-RenewalMaintenance,FIM-FML-RRM-TSAURM
01tWC00000DD21CYAT,Tripwire State Analyzer Upgrade-NewMaintenance,FIM-FML-RNM-TSAUNM
01tWC00000DD21DYAT,Tripwire Log Center - EVAL-RenewalMaintenance,FIM-TLC-RRM-TLCERM
01tWC00000DD21EYAT,Tripwire Log Center - EVAL-NewMaintenance,FIM-TLC-RNM-TLCENM
01tWC00000DD21FYAT,Tripwire Log Center for Desktops - EVAL-RenewalMaintenance,FIM-TLC-RRM-TLCDERM
01tWC00000DD21GYAT,Tripwire Log Center for Desktops - EVAL-NewMaintenance,FIM-TLC-RNM-TLCDENM
01tWC00000DD21HYAT,Tripwire Log Center for File Systems - EVAL-RenewalMaintenance,FIM-TLC-RRM-TLCFSERM
01tWC00000DD21IYAT,Tripwire Log Center for File Systems - EVAL-NewMaintenance,FIM-TLC-RNM-TLCFSENM
01tWC00000DD21JYAT,Advanced Authentication Modes-RenewalMaintenance,GS-GSE-RRM-AAMRM
01tWC00000DD21KYAT,Audit & Reporting-RenewalMaintenance,GS-GSE-RRM-AUDREPRM
01tWC00000DD21LYAT,Cloud Connector Actions-RenewalMaintenance,GS-GSE-RRM-CCARM
01tWC00000DD21MYAT,DMZ Gateway 3 - Single Site-RenewalMaintenance,GS-GSE-RRM-DG3SSRM
01tWC00000DD21NYAT,DMZ Gateway 3 - Single Site-NewMaintenance,GS-GSE-RNM-DG3SSNM
01tWC00000DD21OYAT,EFT 7 Enterprise-NewMaintenance,GS-GSE-RNM-EFT7ENM
01tWC00000DD21PYAT,EFT 7 Enterprise-RenewalMaintenance,GS-GSE-RRM-EFT7ERM
01tWC00000DD21QYAT,EFT 7 Express-NewMaintenance,GS-GSE-RNM-EFT7EXNM
01tWC00000DD21RYAT,EFT 7 Express-RenewalMaintenance,GS-GSE-RRM-EFT7EXRM
01tWC00000DD21SYAT,EFT 7 Express Upgrade-NewMaintenance,GS-GSE-RNM-EFT7EUNM
01tWC00000DD21TYAT,EFT 7 Express Upgrade-RenewalMaintenance,GS-GSE-RRM-E7EURM
01tWC00000DD21UYAT,EFT 8 Express-RenewalMaintenance,GS-GSE-RRM-EFT8EXRM
01tWC00000DD21VYAT,EFT 8 Continuum-RenewalMaintenance,GS-GSE-RRM-EFT8CRM
01tWC00000DD21WYAT,EFT 8 Enterprise-RenewalMaintenance,GS-GSE-RRM-EFT8ERM
01tWC00000DD21XYAT,EFT Advanced Workflow Engine (AWE) Module-RenewalMaintenance,GS-GSE-RRM-EAWEMRM
01tWC00000DD21YYAT,EFT Business Activity Monitor (BAM)-NewMaintenance,GS-GSE-RNM-EBAMNM
01tWC00000DD21ZYAT,EFT Business Activity Monitor (BAM)-RenewalMaintenance,GS-GSE-RRM-EBAMRM
01tWC00000DD21aYAD,EFT Continuum Business Activity Monitor (BAM)-RenewalMaintenance,GS-GSE-RRM-ECBAMRM
01tWC00000DD21bYAD,EFT Express Mobile Transfer Client-NewMaintenance,GS-GSE-RNM-EEMTCNM
01tWC00000DD21cYAD,EFT File Transfer Client Module FTC-RenewalMaintenance,GS-GSE-RRM-EFTCMFRM
01tWC00000DD21dYAD,EFT Insight Module-NewMaintenance,GS-GSE-RNM-EIMNM
01tWC00000DD21eYAD,EFT Folder Monitor Module FMM-RenewalMaintenance,GS-GSE-RRM-EFMMFRM
01tWC00000DD21fYAD,EFT Remote Agent Module (RAM)-NewMaintenance,GS-GSE-RNM-ERAM(NM
01tWC00000DD21gYAD,EFT Remote Agent Module (RAM)-RenewalMaintenance,GS-GSE-RRM-ERAM(RM
01tWC00000DD21hYAD,EFT Secure Mobile Access Module (SMAM)-NewMaintenance,GS-GSE-RNM-ESMAM(NM
01tWC00000DD21iYAD,EFT Secure Mobile Access Module (SMAM)-RenewalMaintenance,GS-GSE-RRM-ESMAM(RM
01tWC00000DD21jYAD,EFT Timer Event Module TEM-RenewalMaintenance,GS-GSE-RRM-ETEMTRM
01tWC00000DD21kYAD,EFT SMB Web Client WTC 10 Seats-NewMaintenance,GS-GSE-RNM-ESW10SNM
01tWC00000DD21lYAD,EFT SMB Web Client WTC 10 Seats-RenewalMaintenance,GS-GSE-RRM-ESW10SRM
01tWC00000DD21mYAD,EFT SMB Web Client WTC 50 Seats-NewMaintenance,GS-GSE-RNM-ESW50SNM
01tWC00000DD21nYAD,EFT SMB Web Client WTC 50 Seats-RenewalMaintenance,GS-GSE-RRM-ESW50SRM
01tWC00000DD21oYAD,FTPS Server-RenewalMaintenance,GS-GSE-RRM-FSRM
01tWC00000DD21pYAD,Transfer Actions-RenewalMaintenance,GS-GSE-RRM-TARM
01tWC00000DD21qYAD,GoAnywhere Collaboration Bundle with Gateway and Threat Protection-NewMaintenance,GOA-GAM-RNM-GCBGTPNM
01tWC00000DD21rYAD,GoAnywhere Collaboration Bundle with Gateway and Threat Protection-RenewalMaintenance,GOA-GAM-RRM-GCBGTPRM
01tWC00000DD21sYAD,GoAnywhere Core Server Bundle with Gateway-NewMaintenance,GOA-GAM-RNM-GCSBWGNM
01tWC00000DD21tYAD,GoAnywhere Core Server Bundle with Gateway-RenewalMaintenance,GOA-GAM-RRM-GCSBWGRM
01tWC00000DD21uYAD,GoAnywhere Core Server Bundle with Gateway and Threat Protection-NewMaintenance,GOA-GAM-RNM-GCSBTPNM
01tWC00000DD21vYAD,GoAnywhere Core Server Bundle with Gateway and Threat Protection-RenewalMaintenance,GOA-GAM-RRM-GCSBTPRM
01tWC00000DD21wYAD,GoAnywhere PeSIT Express Bundle with Gateway-NewMaintenance,GOA-GAM-RNM-GPEBWGNM
01tWC00000DD21xYAD,GoAnywhere PeSIT Express Bundle with Gateway-RenewalMaintenance,GOA-GAM-RRM-GPEBWGRM
01tWC00000DD21yYAD,GoAnywhere PeSIT Starter Bundle with Gateway-NewMaintenance,GOA-GAM-RNM-GPSBWGNM
01tWC00000DD21zYAD,GoAnywhere PeSIT Starter Bundle with Gateway-RenewalMaintenance,GOA-GAM-RRM-GPSBWGRM
01tWC00000DD220YAD,CCM - Scan Engine - EVAL-NewMaintenance,FIM-FIM-RNM-CSEENM
01tWC00000DD221YAD,CCM - Scan Engine - EVAL-RenewalMaintenance,FIM-FIM-RRM-CSEERM
01tWC00000DD222YAD,Tripwire - Term Based Enterprise License-RenewalMaintenance,FIM-FIM-RRM-TTBELRM
01tWC00000DD223YAD,Tripwire Enterprise for File Systems - EVAL-NewMaintenance,FIM-FIM-RNM-TEFSENM
01tWC00000DD224YAD,Tripwire Enterprise for File Systems - EVAL-RenewalMaintenance,FIM-FIM-RRM-TEFSERM
01tWC00000DD225YAD,Tripwire Enterprise for VMware ESX - EVAL-NewMaintenance,FIM-FIM-RNM-TEVEENM
01tWC00000DD226YAD,Tripwire Enterprise for VMware ESX - EVAL-RenewalMaintenance,FIM-FIM-RRM-TEVEERM
01tWC00000DD227YAD,Tripwire for Servers - EVAL-NewMaintenance,FIM-FIM-RNM-TSENM
01tWC00000DD228YAD,Tripwire for Servers - EVAL-RenewalMaintenance,FIM-FIM-RRM-TSERM
01tWC00000DD229YAD,Tripwire Industrial Visibility Small Sensor-NewMaintenance,FIM-FIM-RNM-TIVSSNM
01tWC00000DD22AYAT,Tripwire Industrial Visibility Small Sensor-RenewalMaintenance,FIM-FIM-RRM-TIVSSRM
01tWC00000DD22BYAT,Tripwire Industrial Visibility Threat Detection Console-NewMaintenance,FIM-FIM-RNM-TIVTDCNM
01tWC00000DD22CYAT,Tripwire Industrial Visibility Threat Detection Console-RenewalMaintenance,FIM-FIM-RRM-TIVTDCRM
01tWC00000DD22DYAT,Tripwire State Analyzer - EVAL-NewMaintenance,FIM-FIM-RNM-TSAEVNM
01tWC00000DD22EYAT,Tripwire State Analyzer - EVAL-RenewalMaintenance,FIM-FIM-RRM-TSAEVRM
01tWC00000DD22FYAT,VnE Manager - EVAL-NewMaintenance,FIM-FML-RNM-VMENM
01tWC00000DD22GYAT,VnE Manager - EVAL-RenewalMaintenance,FIM-FML-RRM-VMERM
01tWC00000DD22HYAT,VnE Manager 1800-NewMaintenance,FIM-FML-RNM-VM1NM
01tWC00000DD22IYAT,Tripwire Log Center for Desktops-NewMaintenance,FIM-TLC-RNM-TLCDNM
01tWC00000DD22JYAT,Tripwire Log Center for Network Devices - EVAL-NewMaintenance,FIM-TLC-RNM-TLCNDENM
01tWC00000DD22KYAT,Tripwire Log Center for Network Devices - EVAL-RenewalMaintenance,FIM-TLC-RRM-TLCNDERM
01tWC00000DD22LYAT,Tripwire Log Center for Security Devices - EVAL-NewMaintenance,FIM-TLC-RNM-TLCSDENM
01tWC00000DD22MYAT,Tripwire Log Center for Security Devices - EVAL-RenewalMaintenance,FIM-TLC-RRM-TLCSDERM
01tWC00000DD22NYAT,Tripwire Log Center Manager License - EVAL-NewMaintenance,FIM-TLC-RNM-TLCMLENM
01tWC00000DD22OYAT,Tripwire Log Center Manager License - EVAL-RenewalMaintenance,FIM-TLC-RRM-TLCMLERM
01tWC00000DD22PYAT,Advanced Workflow Engine-RenewalMaintenance,GS-GSE-RRM-AWERM
01tWC00000DD22QYAT,AS2 Client/Server-RenewalMaintenance,GS-GSE-RRM-AS2CRM
01tWC00000DD22RYAT,Collaboration Bundle-NewMaintenance,GS-GSE-RNM-COLBNM
01tWC00000DD22SYAT,Collaboration Bundle-RenewalMaintenance,GS-GSE-RRM-COLBRM
01tWC00000DD22TYAT,Core Server Bundle-RenewalMaintenance,GS-GSE-RRM-CSBRM
01tWC00000DD22UYAT,DMZ Gateway Enterprise 3 - Multi-Site-NewMaintenance,GS-GSE-RNM-DGE3MSNM
01tWC00000DD22VYAT,DMZ Gateway Enterprise 3 - Multi-Site-RenewalMaintenance,GS-GSE-RRM-DGE3MSRM
01tWC00000DD22WYAT,DMZ Gateway Enterprise 3 - Multi-Site Upgrade-NewMaintenance,GS-GSE-RNM-DGE3MUNM
01tWC00000DD22XYAT,DMZ Gateway Enterprise 3 - Multi-Site Upgrade-RenewalMaintenance,GS-GSE-RRM-DGE3MURM
01tWC00000DD22YYAT,EFT Accelerate-NewMaintenance,GS-GSE-RNM-EFTACNM
01tWC00000DD22ZYAT,EFT Auditing & Reporting Module (ARM)-RenewalMaintenance,GS-GSE-RRM-EARMRM
01tWC00000DD22aYAD,EFT Continuum BAM Portal-RenewalMaintenance,GS-GSE-RRM-ECBPRM
01tWC00000DD22bYAD,EFT Express Auditing & Reporting Module ARM-RenewalMaintenance,GS-GSE-RRM-EEARMARM
01tWC00000DD22cYAD,EFT Express Security Module ESM-RenewalMaintenance,GS-GSE-RRM-EESMERM
01tWC00000DD22dYAD,EFT SFTP SSH2 Module-RenewalMaintenance,GS-GSE-RRM-ESSMRM
01tWC00000DD22eYAD,Enterprise Actions-RenewalMaintenance,GS-GSE-RRM-ENTACRM
01tWC00000DD22fYAD,Folder Monitor-RenewalMaintenance,GS-GSE-RRM-FMRM
01tWC00000DD22gYAD,HTTPS Server (includes Web client)-RenewalMaintenance,GS-GSE-RRM-HS(WCRM
01tWC00000DD22hYAD,Multi-site Gateway-RenewalMaintenance,GS-GSE-RRM-MSGRM
01tWC00000DD22iYAD,PGP Actions-RenewalMaintenance,GS-GSE-RRM-PGPARM
01tWC00000DD22jYAD,Premium Bundle-RenewalMaintenance,GS-GSE-RRM-PBRM
01tWC00000DD22kYAD,Premium Bundle-NewMaintenance,GS-GSE-RNM-PBNM
01tWC00000DD22lYAD,Regulatory Compliance-RenewalMaintenance,GS-GSE-RRM-REGCOMRM
01tWC00000DD22mYAD,Remote Automation Agent-RenewalMaintenance,GS-GSE-RRM-RAARM
01tWC00000DD22nYAD,Scheduler-RenewalMaintenance,GS-GSE-RRM-SCHEDRM
01tWC00000DD22oYAD,Secure Forms-RenewalMaintenance,GS-GSE-RRM-SECFRM
01tWC00000DD22pYAD,SFTP Server-RenewalMaintenance,GS-GSE-RRM-SSRM
01tWC00000DD22qYAD,SFTP Server Bundle-RenewalMaintenance,GS-GSE-RRM-SSBRM
01tWC00000DD22rYAD,Single-site Gateway-RenewalMaintenance,GS-GSE-RRM-SSGRM
01tWC00000DD22sYAD,Starter Bundle-RenewalMaintenance,GS-GSE-RRM-SBRM
01tWC00000DD22tYAD,Starter Bundle-NewMaintenance,GS-GSE-RNM-SBNM
01tWC00000DD22uYAD,GoAnywhere Collaboration Bundle with Gateway-RenewalMaintenance,GOA-GAM-RRM-GCBGRM
01tWC00000DD22vYAD,Sequel Data Warehouse (RODIN) Select License - Platinum Edition-NewMaintenance,BI-SDW-RNM-SDWSPENM
01tWC00000DD22wYAD,Sequel Data Warehouse (RODIN) Select License - Silver Edition-RenewalMaintenance,BI-SDW-RRM-SDWSSERM
01tWC00000DD22xYAD,Sequel Data Warehouse (RODIN) Select License - Silver Edition-NewMaintenance,BI-SDW-RNM-SDWSSENM
01tWC00000DD22yYAD,SEQUEL Data Warehouse Bundle - Bronze Edition-RenewalMaintenance,BI-SDW-RRM-SDWBBERM
01tWC00000DD22zYAD,SEQUEL Data Warehouse Bundle - Bronze Edition-NewMaintenance,BI-SDW-RNM-SDWBBENM
01tWC00000DD230YAD,SEQUEL Data Warehouse Bundle - Gold Edition-RenewalMaintenance,BI-SDW-RRM-SDWBGERM
01tWC00000DD231YAD,SEQUEL Data Warehouse Bundle - Gold Edition-NewMaintenance,BI-SDW-RNM-SDWBGENM
01tWC00000DD232YAD,SEQUEL Data Warehouse Bundle - Platinum Edition-RenewalMaintenance,BI-SDW-RRM-SDWBPERM
01tWC00000DD233YAD,SEQUEL Data Warehouse Bundle - Platinum Edition-NewMaintenance,BI-SDW-RNM-SDWBPENM
01tWC00000DD234YAD,SEQUEL Data Warehouse Bundle - Silver Edition-RenewalMaintenance,BI-SDW-RRM-SDWBSERM
01tWC00000DD235YAD,SEQUEL Data Warehouse Bundle - Silver Edition-NewMaintenance,BI-SDW-RNM-SDWBSENM
01tWC00000DD236YAD,VISUAL Control Performance Planner-RenewalMaintenance,SM-PN-RRM-VCPPRM
01tWC00000DD237YAD,VISUAL Control Performance Planner-NewMaintenance,SM-PN-RNM-VCPPNM
01tWC00000DD238YAD,"Robot Bundle - Console, Alert, Network-RenewalMaintenance",SM-ROB-RRM-RBCANRM
01tWC00000DD239YAD,"Robot Bundle - Console, Alert, Network-NewMaintenance",SM-ROB-RNM-RBCANNM
01tWC00000DD23AYAT,Robot Bundle - Schedule & Alert-RenewalMaintenance,SM-ROB-RRM-RBSARM
01tWC00000DD23BYAT,Robot Bundle - Schedule & Alert-NewMaintenance,SM-ROB-RNM-RBSANM
01tWC00000DD23CYAT,"Robot Bundle - Schedule, Alert, Network-RenewalMaintenance",SM-ROB-RRM-RBSANRM
01tWC00000DD23DYAT,"Robot Bundle - Schedule, Alert, Network-NewMaintenance",SM-ROB-RNM-RBSANNM
01tWC00000DD23EYAT,VMC - Operations Agent-RenewalMaintenance,SM-VMC-RRM-VOARM
01tWC00000DD23FYAT,VMC - Operations Agent-NewMaintenance,SM-VMC-RNM-VOANM
01tWC00000DD23GYAT,VCM Starter Pack-RenewalMaintenance,CM-VCM-RRM-VSPRM
01tWC00000DD23HYAT,VCM Starter Pack-NewMaintenance,CM-VCM-RNM-VSPNM
01tWC00000DD23IYAT,Clearswift SECURE Email Gateway (Kaspersky AV),ES-SEG-RSS-CSEGKS_MAINT
01tWC00000DD23JYAT,ARgon for Email,ES-SEG-RSS-A4ESUB_MAINT
01tWC00000DD23KYAT,GoAnywhere Ultimate,GOA-GAM-RSS-GAULTS_MAINT
01tWC00000DD23LYAT,GoAnywhere SFTP Server and DMZ Gateway Manager Bundle,GOA-GAM-RSS-GSSDGMBS_MAINT
01tWC00000DD23MYAT,GoAnywhere EDI X12,GOA-GAM-RSS-GAEX12S_MAINT
01tWC00000DD23NYAT,TeamQuest Surveyor,CM-TQR-RSS-TQSURV_MAINT
01tWC00000DD23OYAT,VCM Starter Pack,CM-VCM-RSS-VCMSPS_MAINT
01tWC00000DD23PYAT,Core Impact,OS-CI-RSS-CIS_MAINT
01tWC00000DD23QYAT,Powertech SIEM Agent for IBM i,CS-PSI-RSS-PSAIIS_MAINT
01tWC00000DD23RYAT,Powertech Command Security for IBM i,CS-PCS-RSS-PCSIIS_MAINT
01tWC00000DD23SYAT,Standguard Network Security,CS-CLP-RSS-SGNETS_MAINT
01tWC00000DD23TYAT,5250 Integrator,DM-WCU-RSS-5250SU_MAINT
01tWC00000DD23UYAT,Abstract,BI-ABS-RSS-ABSTSU_MAINT
01tWC00000DD23VYAT,Advanced Authentication Modes - Yearly,GS-GSE-RSS-AAMYS_MAINT
01tWC00000DD23WYAT,Advanced Job Scheduler,SM-AJS-RSS-AJSS_MAINT
01tWC00000DD23XYAT,Advanced Reporting Suite,SM-ARS-RSS-ARSS_MAINT
01tWC00000DD23YYAT,Advanced Reporting Suite License,SM-ARS-RSS-ARSLS_MAINT
01tWC00000DD23ZYAT,Advanced Security Module ASM,GS-GSE-RSS-ASMS_MAINT
01tWC00000DD23aYAD,Advanced Workflow Engine - Yearly,GS-GSE-RSS-AWEYS_MAINT
01tWC00000DD23bYAD,AFP Converter,DM-IRC-RSS-AFPCSU_MAINT
01tWC00000DD23cYAD,AIX on Power,SM-NSS-RSS-AIXOPS_MAINT
01tWC00000DD23dYAD,Alert Intelligence,SM-AI-RSS-ALERSU_MAINT
01tWC00000DD23eYAD,Alignia - Batch Process,SM-VIT-RSS-ABPS_MAINT
01tWC00000DD23fYAD,Alignia - Business Application,SM-VIT-RSS-ABAS_MAINT
01tWC00000DD23gYAD,Alignia - Business Consumers,SM-VIT-RSS-ABCS_MAINT
01tWC00000DD23hYAD,Alignia - Business Process,SM-VIT-RSS-ALPS_MAINT
01tWC00000DD23iYAD,Alignia - Business Service Instance,SM-VIT-RSS-ABSIS_MAINT
01tWC00000DD23jYAD,Alignia - Continuous Process,SM-VIT-RSS-ACPS_MAINT
01tWC00000DD23kYAD,Alignia - Control Point,SM-VIT-RSS-ALIGNC_MAINT
01tWC00000DD23lYAD,Alignia - Core,SM-VIT-RSS-ACS_MAINT
01tWC00000DD23mYAD,Alignia - Engine - APM,SM-VIT-RSS-AEAS_MAINT
01tWC00000DD23nYAD,Alignia - Engine,SM-VIT-RSS-AES_MAINT
01tWC00000DD23oYAD,Alignia - External Service,SM-VIT-RSS-AESS_MAINT
01tWC00000DD23pYAD,Alignia - Internal Service,SM-VIT-RSS-AISS_MAINT
01tWC00000DD23qYAD,Alignia - Online Business Service,SM-VIT-RSS-AOBSS_MAINT
01tWC00000DD23rYAD,Alignia - Task,SM-VIT-RSS-ATS_MAINT
01tWC00000DD23sYAD,Alignia - Task Instance,SM-VIT-RSS-ATIS_MAINT
01tWC00000DD23tYAD,Alignia Core,SM-VIT-RSS-ALCS_MAINT
01tWC00000DD23uYAD,AnyDate,BI-AD-RSS-ANYDSU_MAINT
01tWC00000DD23vYAD,Application System & Object Control,CS-DFT-RSS-ASOCS_MAINT
01tWC00000DD23wYAD,AS2 Client/Server - Yearly,GS-GSE-RSS-ACSYEA_MAINT
01tWC00000DD23xYAD,Aspect Communications IVR Software,IGA-AAS-RSS-ACISSU_MAINT
01tWC00000DD23yYAD,ATP,DP-DLP-RSS-ATPSUB_MAINT
01tWC00000DD23zYAD,Audit & Reporting - Yearly,GS-GSE-RSS-ARYS_MAINT
01tWC00000DD240YAD,Audit Journal Manager,SM-AJM-RSS-AJMS_MAINT
01tWC00000DD241YAD,Authority Swapper,SM-AUS-RSS-AUTHSU_MAINT
01tWC00000DD242YAD,Automate Desktop,RPA-AUD-RSS-ADS_MAINT
01tWC00000DD243YAD,Automate Enterprise,RPA-AUT-RSS-AUES_MAINT
01tWC00000DD244YAD,Automate Enterprise Agent,RPA-AUT-RSS-AUAS_MAINT
01tWC00000DD245YAD,Automate Enterprise Developer Tools,RPA-AUT-RSS-AEDTS_MAINT
01tWC00000DD246YAD,Automate Full/Premium,RPA-AUD-RSS-AFPS_MAINT
01tWC00000DD247YAD,Automate Intelligent Capture,RPA-AIC-RSS-AICS_MAINT
01tWC00000DD248YAD,Automate Maintenance Add Ons,RPA-AUT-RSS-AMAOS_MAINT
01tWC00000DD249YAD,Automate Ops Console,RPA-AUT-RSS-AOCS_MAINT
01tWC00000DD24AYAT,Automate Plus,RPA-AUT-RSS-AUPL_MAINT
01tWC00000DD24BYAT,Automate Plus - Multi-Deployment Pack,RPA-AUT-RSS-APMDP_MAINT
01tWC00000DD24CYAT,Automate Professional,RPA-AUD-RSS-AUPS_MAINT
01tWC00000DD24DYAT,Automate Professional Action Pack,RPA-AUD-RSS-APAPS_MAINT
01tWC00000DD24EYAT,Automate Ultimate,RPA-AUT-RSS-AUUS_MAINT
01tWC00000DD24FYAT,Batch Import Utility,DM-WCU-RSS-BIUS_MAINT
01tWC00000DD24GYAT,Batch Report Server,DM-IRM-RSS-BRSS_MAINT
01tWC00000DD24HYAT,Box Classifier,DP-DC-RSS-BCS_MAINT
01tWC00000DD24IYAT,"BUNDLE - Message, Monitor, Remote Control",SM-SMB-RSS-BMMS_MAINT
01tWC00000DD24JYAT,CAD Classifier,DP-DC-RSS-CADCSU_MAINT
01tWC00000DD24KYAT,CCM for Network Devices,FIM-FIM-RSS-CCMNDS_MAINT
01tWC00000DD24LYAT,CCM for Servers - FIM Only,FIM-FIM-RSS-CCMSFO_MAINT
01tWC00000DD24MYAT,CCM for Servers,FIM-FIM-RSS-CCMSES_MAINT
01tWC00000DD24NYAT,CCM for Single Purpose Devices - FIM Only,FIM-FIM-RSS-CCMSPD_MAINT
01tWC00000DD24OYAT,CCM for Single Purpose Devices,FIM-FIM-RSS-CCMSID_MAINT
01tWC00000DD24PYAT,CCM for Workstations - FIM Only,FIM-FIM-RSS-CCMWFO_MAINT
01tWC00000DD24QYAT,CCM for Workstations,FIM-FIM-RSS-CCMWOS_MAINT
01tWC00000DD24RYAT,CCM Limited Management Server,FIM-FIM-RSS-CCMLIS_MAINT
01tWC00000DD24SYAT,CCM Management Server - FIM Only,FIM-FIM-RSS-CCMMSF_MAINT
01tWC00000DD24TYAT,CCM Management Server,FIM-FIM-RSS-CCMMSS_MAINT
01tWC00000DD24UYAT,CCM Windows Limited Scan Engine,FIM-FIM-RSS-CCMWLS_MAINT
01tWC00000DD24VYAT,CCM Windows Scan Engine - FIM Only,FIM-FIM-RSS-CCMWSE_MAINT
01tWC00000DD24WYAT,CCM Windows Scan Engine,FIM-FIM-RSS-CCMWIN_MAINT
01tWC00000DD24XYAT,CD Builder,SM-ROT-RSS-CDBSUB_MAINT
01tWC00000DD24YYAT,CGI Suite,SM-HCS-RSS-CGISSU_MAINT
01tWC00000DD24ZYAT,Change Data Capture Module,BI-SDW-RSS-CDCMS_MAINT
01tWC00000DD24aYAD,Change Management,BI-SDW-RSS-CMS_MAINT
01tWC00000DD24bYAD,Classification for Desktop & Message Classification Ultra & Classification for Office Ultra Bundle,DP-DC-RSS-CDMUC_MAINT
01tWC00000DD24cYAD,Classifier Enterprise Suite (Legacy Forcepoint Customer),DP-DC-RSS-CESLFC_MAINT
01tWC00000DD24dYAD,Classifier Essentials,DP-DC-RSS-CES_MAINT
01tWC00000DD24eYAD,Classifier Exchange,DP-DC-RSS-CLEX_MAINT
01tWC00000DD24fYAD,Classifier for McAfee ePO and DXL,DP-DC-RSS-CMAEPD_MAINT
01tWC00000DD24gYAD,Classifier Reporting Console,DP-DC-RSS-CRCS_MAINT
01tWC00000DD24hYAD,Cloud Connector Actions - Yearly,GS-GSE-RSS-CCAYS_MAINT
01tWC00000DD24iYAD,Cloud Connector Module CCM,GS-GSE-RSS-CCMCS_MAINT
01tWC00000DD24jYAD,Cobalt Strike,OS-COS-RSS-COBASU_MAINT
01tWC00000DD24kYAD,Offensive Security Advanced bundle - Named User,OS-CI-RSS-OSABNUS_MAINT
01tWC00000DD24lYAD,Cobalt Strike and Core Impact Bundle - Basic,OS-CI-RSS-COBCIBB_MAINT
01tWC00000DD24mYAD,Cobalt Strike and Core Impact Bundle - Pro,OS-CI-RSS-COBCIBP_MAINT
01tWC00000DD24nYAD,Compliance Center for i,CS-DFT-RSS-CCIS_MAINT
01tWC00000DD24oYAD,Compliance Endpoint,DP-DLP-RSS-COMPLI_MAINT
01tWC00000DD24pYAD,Comprehensive i Bundle,DM-DML-RSS-CIBS_MAINT
01tWC00000DD24qYAD,Core Access,IGA-AAS-RSS-CAS_MAINT
01tWC00000DD24rYAD,Core Access Assurance Suite,IGA-AAS-RSS-CAASS_MAINT
01tWC00000DD24sYAD,Core Compliance,IGA-AAS-RSS-CCS_MAINT
01tWC00000DD24tYAD,Core Connector Framework (RDK),IGA-AAS-RSS-CCFRS_MAINT
01tWC00000DD24uYAD,Core Connector Library,IGA-AAS-RSS-CCLS_MAINT
01tWC00000DD24vYAD,Core Password,IGA-AAS-RSS-CPS_MAINT
01tWC00000DD24wYAD,Core Provisioning,IGA-AAS-RSS-COPS_MAINT
01tWC00000DD24xYAD,Core Role Designer,IGA-VIS-RSS-CRDS_MAINT
01tWC00000DD24yYAD,CSV Converter,DM-IRC-RSS-CSVCSU_MAINT
01tWC00000DD24zYAD,Custom Bundle,DM-DML-RSS-CUSTSU_MAINT
01tWC00000DD250YAD,Data Acquisition,BI-SDW-RSS-DATA_MAINT
01tWC00000DD251YAD,Data Detection Engine,DP-DC-RSS-DDES_MAINT
01tWC00000DD252YAD,Data Monitor for iSeries Base,SM-VMC-RSS-DMISBS_MAINT
01tWC00000DD253YAD,Data Monitor for iSeries Base (Changes),SM-VMC-RSS-DMIS_MAINT
01tWC00000DD254YAD,Data Monitor for iSeries Base Changes,SM-VMC-RSS-DACS_MAINT
01tWC00000DD255YAD,Data Monitor for iSeries Reads,SM-VMC-RSS-DMISRS_MAINT
01tWC00000DD256YAD,Data Protection,DP-DLP-RSS-DPS_MAINT
01tWC00000DD257YAD,Data Protection Suite,DP-DLP-RSS-DPSS_MAINT
01tWC00000DD258YAD,Data Redaction For Secure Email Gateway,ES-SEG-RSS-DRSEGS_MAINT
01tWC00000DD259YAD,Data Redaction For SECURE Exchange Gateway,ES-SXG-RSS-DRSS_MAINT
01tWC00000DD25AYAT,Data Redaction For SECURE ICAP Gateway,ES-SIG-RSS-DRSIGS_MAINT
01tWC00000DD25BYAT,Data Redaction For SECURE ICAP Gateway Per Instance,ES-SIG-RSS-DAIS_MAINT
01tWC00000DD25CYAT,Data Redaction For SECURE Web Gateway,ES-SWG-RSS-DRSWGS_MAINT
01tWC00000DD25DYAT,Data Set View Builder,BI-SDW-RSS-DSVBS_MAINT
01tWC00000DD25EYAT,DataImport,DM-IBM-RSS-DATASU_MAINT
01tWC00000DD25FYAT,DCS for Data at Rest,DP-DC-RSS-DCSDAR_MAINT
01tWC00000DD25GYAT,DCS Plus,DP-DC-RSS-DCSPLS_MAINT
01tWC00000DD25HYAT,DCS SDK,DP-DC-RSS-DCSSDK_MAINT
01tWC00000DD25IYAT,DeliverNow Base,DM-DLN-RSS-DELIBA_MAINT
01tWC00000DD25JYAT,DeliverNow iSeries Monitor,DM-DLN-RSS-DELIIS_MAINT
01tWC00000DD25KYAT,DeliverNow Sharepoint,DM-DLN-RSS-DELISH_MAINT
01tWC00000DD25LYAT,DeliverNow Windows Monitor,DM-DLN-RSS-DELIWM_MAINT
01tWC00000DD25MYAT,Deployment Bundle,BI-DB-RSS-DEPLSU_MAINT
01tWC00000DD25NYAT,DetectIT,CS-DFT-RSS-DETESU_MAINT
01tWC00000DD25OYAT,Device Profiler Ev,FIM-FIM-RSS-DPESUB_MAINT
01tWC00000DD25PYAT,Device Profiler Ev Express,FIM-FIM-RSS-DPEEXS_MAINT
01tWC00000DD25QYAT,Device Profiler Ev Limited,FIM-FIM-RSS-DPELIS_MAINT
01tWC00000DD25RYAT,DG Management Console,DP-DLP-RSS-DGDMCS_MAINT
01tWC00000DD25SYAT,DGMC On Prem,DP-DLP-RSS-DGMCO_MAINT
01tWC00000DD25TYAT,Digital Guardian Royalty,DP-DLP-RSS-DGRS_MAINT
01tWC00000DD25UYAT,Digital Rights Management for Email Gateway (Powered by Seclore),ES-SEG-RSS-DRMS_MAINT
01tWC00000DD25VYAT,Discovery DLP,DP-DLP-RSS-DISCSU_MAINT
01tWC00000DD25WYAT,Disk Space Manager,SM-DSM-RSS-DSMSUB_MAINT
01tWC00000DD25XYAT,DLP,DP-DLP-RSS-DLPSUB_MAINT
01tWC00000DD25YYAT,DMZ Gateway 3 Multi-Site,GS-GSE-RSS-DMZ_MAINT
01tWC00000DD25ZYAT,DMZ Gateway 3 Single Site,GS-GSE-RSS-DG3S_MAINT
01tWC00000DD25aYAD,Doc Management Legacy Product,DM-DML-RSS-DMLPS_MAINT
01tWC00000DD25bYAD,DocAlpha (Artsyl),DM-DA-RSS-DAAS_MAINT
01tWC00000DD25cYAD,Document Management,DM-DML-RSS-DOCUME_MAINT
01tWC00000DD25dYAD,Document Management System,SM-SYM-RSS-DMSS_MAINT
01tWC00000DD25eYAD,Document Sanitization For SECURE Email Gateway,ES-SEG-RSS-DSSEGS_MAINT
01tWC00000DD25fYAD,Document Sanitization For SECURE Exchange Gateway,ES-SXG-RSS-DSSS_MAINT
01tWC00000DD25gYAD,Document Sanitization For SECURE ICAP Gateway,ES-SIG-RSS-DSSIGS_MAINT
01tWC00000DD25hYAD,Document Sanitization For SECURE Web Gateway,ES-SWG-RSS-DSSWGS_MAINT
01tWC00000DD25iYAD,Domino Report Server,DM-IRM-RSS-DRSSUB_MAINT
01tWC00000DD269YAD,GoAnywhere Cloud Connector Standard,GOA-GAM-RSS-GACCSS_MAINT
01tWC00000DD26AYAT,GoAnywhere Cloud Connector Standard Pack,GOA-GAM-RSS-GACS_MAINT
01tWC00000DD26BYAT,GoAnywhere Collaboration Bundle,GOA-GAM-RSS-GACBS_MAINT
01tWC00000DD26CYAT,GoAnywhere Collaboration Bundle with Gateway,GOA-GAM-RSS-GACBGS_MAINT
01tWC00000DD26DYAT,GoAnywhere Collaboration Bundle with Gateway and Threat Protection,GOA-GAM-RSS-GACBGTPS_MAINT
01tWC00000DD26EYAT,GoAnywhere Core Server Bundle,GOA-GAM-RSS-GACSBS_MAINT
01tWC00000DD26FYAT,GoAnywhere Core Server Bundle with Gateway,GOA-GAM-RSS-GACSBGS_MAINT
01tWC00000DD26GYAT,GoAnywhere Core Server Bundle with Gateway and Threat Protection,GOA-GAM-RSS-GACSBGTS_MAINT
01tWC00000DD26HYAT,GoAnywhere Enterprise Bundle,GOA-GAM-RSS-GAEBS_MAINT
01tWC00000DD26IYAT,GoAnywhere FTP Client & Server,GOA-GAM-RSS-GAFCSS_MAINT
01tWC00000DD26JYAT,GoAnywhere FTPS Server,GOA-GAM-RSS-GAFSS_MAINT
01tWC00000DD26KYAT,GoAnywhere Gateway,GOA-GAM-RSS-GAGS_MAINT
01tWC00000DD26LYAT,GoAnywhere Gateway and Load Balancer,GOA-GAM-RSS-GAGLBS_MAINT
01tWC00000DD26MYAT,GoAnywhere Gateway Load Balancer,GOA-GAM-RSS-GOBS_MAINT
01tWC00000DD26NYAT,GoAnywhere GoDrive,GOA-GAM-RSS-GAGDS_MAINT
01tWC00000DD26OYAT,GoAnywhere GoFast Server,GOA-GAM-RSS-GAGFSS_MAINT
01tWC00000DD26PYAT,GoAnywhere PeSIT Client,GOA-GAM-RSS-GAPSCS_MAINT
01tWC00000DD26QYAT,GoAnywhere PeSIT Express Bundle,GOA-GAM-RSS-GAPS_MAINT
01tWC00000DD26RYAT,GoAnywhere PeSIT Express Bundle with Gateway,GOA-GAM-RSS-GAPESTGS_MAINT
01tWC00000DD26SYAT,GoAnywhere PeSIT Premium Bundle,GOA-GAM-RSS-GOAPE_MAINT
01tWC00000DD26TYAT,GoAnywhere PeSIT Server,GOA-GAM-RSS-GAPSSS_MAINT
01tWC00000DD26UYAT,GoAnywhere PeSIT Starter Bundle,GOA-GAM-RSS-GANPE_MAINT
01tWC00000DD26VYAT,GoAnywhere PeSIT Starter Bundle with Gateway,GOA-GAM-RSS-GAPESBGS_MAINT
01tWC00000DD26WYAT,GoAnywhere Premium AS2,GOA-GAM-RSS-GAPAS_MAINT
01tWC00000DD26XYAT,GoAnywhere Premium Bundle,GOA-GAM-RSS-GAPBS_MAINT
01tWC00000DD26YYAT,GoAnywhere Premium Bundle - Clustered,GOA-GAM-RSS-GAPBCS_MAINT
01tWC00000DD26ZYAT,GoAnywhere Premium Bundle with Threat Protection,GOA-GAM-RSS-GAPBTPCS_MAINT
01tWC00000DD26aYAD,GoAnywhere Secure Folders,GOA-GAM-RSS-GASFS_MAINT
01tWC00000DD26bYAD,GoAnywhere Secure Forms,GOA-GAM-RSS-GASS_MAINT
01tWC00000DD26cYAD,GoAnywhere Secure Mail,GOA-GAM-RSS-GASMS_MAINT
01tWC00000DD26dYAD,GoAnywhere Security Domains,GOA-GAM-RSS-GASDS_MAINT
01tWC00000DD26eYAD,GoAnywhere SFTP Server,GOA-GAM-RSS-GASSS_MAINT
01tWC00000DD26fYAD,GoAnywhere Standard Agent,GOA-GAM-RSS-GASAS_MAINT
01tWC00000DD26gYAD,GoAnywhere Starter Bundle,GOA-GAM-RSS-GASBS_MAINT
01tWC00000DD26hYAD,GoAnywhere Starter Bundle with Gateway,GOA-GAM-RSS-GASBGS_MAINT
01tWC00000DD26iYAD,GoAnywhere Starter Bundle with Gateway and Threat Protection,GOA-GAM-RSS-GASBGTPS_MAINT
01tWC00000DD26jYAD,GoAnywhere Support +,GOA-GAM-RSS-GO+S_MAINT
01tWC00000DD26kYAD,GoAnywhere Ultimate AS2,GOA-GAM-RSS-GAUAS_MAINT
01tWC00000DD26lYAD,GoAnywhere Workflows Basic,GOA-GAM-RSS-GAWBS_MAINT
01tWC00000DD26mYAD,GoAnywhere Workflows Express,GOA-GAM-RSS-GAWES_MAINT
01tWC00000DD26nYAD,GoAnywhere Workflows Restricted,GOA-GAM-RSS-GAWRS_MAINT
01tWC00000DD26oYAD,HA-MX Monitor,SM-HAM-RSS-HAMSUB_MAINT
01tWC00000DD26pYAD,Halcyon Exit Point Manager,SM-HEP-RSS-HEPMS_MAINT
01tWC00000DD26qYAD,"HMM, HEP, HPM",SM-SYM-RSS-HHHSUB_MAINT
01tWC00000DD26rYAD,Hosting Service For SECURE Web Gateway,ES-SEG-RSS-HOSTSS_MAINT
01tWC00000DD26sYAD,Hosting Services for SECURE Email Gateway,ES-SEG-RSS-HOSTSE_MAINT
01tWC00000DD26tYAD,HTML Report Converter,DM-IRC-RSS-HTMLSU_MAINT
01tWC00000DD26uYAD,HTTPS Server (includes Web client) - Yearly,GS-GSE-RSS-HSIS_MAINT
01tWC00000DD26vYAD,iEncrypt,DM-IBM-RSS-IENCSU_MAINT
01tWC00000DD26wYAD,iForms,DM-IFO-RSS-IFORSU_MAINT
01tWC00000DD26xYAD,IFS Tools,DM-IBM-RSS-IFSTSU_MAINT
01tWC00000DD26yYAD,Imaging Barcode/OCR,DM-WCU-RSS-IBOSUB_MAINT
01tWC00000DD26zYAD,Information Governance Server,ES-SEG-RSS-IGSSUB_MAINT
01tWC00000DD270YAD,Information Governance Server (Registrars),ES-SEG-RSS-IGSRES_MAINT
01tWC00000DD271YAD,Insite Analytics,BI-ISA-RSS-INSISU_MAINT
01tWC00000DD272YAD,Insite Analytics - Core,BI-ISA-RSS-IACS_MAINT
01tWC00000DD273YAD,Insite Analytics - Pro,BI-ISA-RSS-IAPROS_MAINT
01tWC00000DD274YAD,Insite Analytics - Premium,BI-ISA-RSS-IAPS_MAINT
01tWC00000DD275YAD,Insite Analytics - Starter Package,BI-ISA-RSS-IASPS_MAINT
01tWC00000DD276YAD,Integration Toolkit,DM-WFM-RSS-INTESU_MAINT
01tWC00000DD277YAD,Intermapper Server,NW-INT-RSS-ISS_MAINT
01tWC00000DD278YAD,Intermapper Server (Legacy),NW-INT-RSS-ISLS_MAINT
01tWC00000DD279YAD,Intermapper Server Bundle,NW-INT-RSS-ISBS_MAINT
01tWC00000DD27AYAT,IP360,FIM-FIM-RSS-IP36SU_MAINT
01tWC00000DD27BYAT,IP360 Mobile,FIM-FML-RSS-IP36MO_MAINT
01tWC00000DD27CYAT,iPhone/iPad PMM Feature For SECURE Email Gateway,ES-SEG-RSS-IPIPSU_MAINT
01tWC00000DD27DYAT,iSeries Office Integrator,DM-IBM-RSS-ISOIS_MAINT
01tWC00000DD27EYAT,Knowledge Classifier,DP-DC-RSS-KCS_MAINT
01tWC00000DD27FYAT,Linux on Power,SM-NSS-RSS-LOPSUB_MAINT
01tWC00000DD27GYAT,LPAR,SM-RLP-RSS-LPARSU_MAINT
01tWC00000DD27HYAT,Lvl1: Message Management Suite,SM-LMM-RSS-LMMSSU_MAINT
01tWC00000DD27IYAT,Lvl2: Systems Operations Suite,SM-LSO-RSS-LSOSSU_MAINT
01tWC00000DD27JYAT,Lvl3: Advanced Automation Suite,SM-LAA-RSS-LAASSU_MAINT
01tWC00000DD27KYAT,Lvl4: Operations Center Suite,SM-LOC-RSS-LOCSSU_MAINT
01tWC00000DD27LYAT,Mail Hosting,DM-WCU-RSS-MHS_MAINT
01tWC00000DD27MYAT,Menu & Application Program,CS-DFT-RSS-MAPSUB_MAINT
01tWC00000DD27NYAT,Message Communicator,SM-SYM-RSS-MCS_MAINT
01tWC00000DD27OYAT,Message Manager,SM-SYM-RSS-MMS_MAINT
01tWC00000DD27PYAT,MessengerConsole,SM-MES-RSS-MESSSU_MAINT
01tWC00000DD27QYAT,MessengerPlus,SM-MP-RSS-MPS_MAINT
01tWC00000DD27RYAT,Mobile Classifier,DP-DC-RSS-MOBICS_MAINT
01tWC00000DD27SYAT,Monitor,SM-ROM-RSS-MONISU_MAINT
01tWC00000DD27TYAT,MQ Manager,SM-MQM-RSS-MQMSUB_MAINT
01tWC00000DD27UYAT,Multi-site Gateway - Yearly,GS-GSE-RSS-MSGYEA_MAINT
01tWC00000DD27VYAT,Multiple System Administrator,CS-DFT-RSS-MSASUB_MAINT
01tWC00000DD27WYAT,NDLP,DP-DLP-RSS-NDLPS_MAINT
01tWC00000DD27XYAT,Network DLP - Web & Email,DP-DLP-RSS-NDWES_MAINT
01tWC00000DD27YYAT,Network Traffic Controller,CS-DFT-RSS-NTCS_MAINT
01tWC00000DD27ZYAT,NETWORK-Alternative Host,SM-RON-RSS-NAHS_MAINT
01tWC00000DD27aYAD,NETWORK-Host,SM-RON-RSS-NHS_MAINT
01tWC00000DD27bYAD,NETWORK-Node,SM-RON-RSS-NNS_MAINT
01tWC00000DD27cYAD,Non-Standard Core Connectors,IGA-AAS-RSS-NSCCSU_MAINT
01tWC00000DD27dYAD,Nport 5110-UK,SM-SYM-RSS-N5USUB_MAINT
01tWC00000DD27eYAD,NSS - AIX,SM-NSS-RSS-NSSAIS_MAINT
01tWC00000DD27fYAD,NSS - Linux,SM-NSS-RSS-NSSLIS_MAINT
01tWC00000DD27gYAD,NSS - SNMP Trap Receiver,SM-NSS-RSS-NSSSNR_MAINT
01tWC00000DD27hYAD,NSS - VIOS,SM-NSS-RSS-NSSVIS_MAINT
01tWC00000DD27iYAD,NSS - Web Application Monitor,SM-NSS-RSS-NSSWEM_MAINT
01tWC00000DD27jYAD,NSS - Windows,SM-NSS-RSS-NSSWIS_MAINT
01tWC00000DD27kYAD,OCR Feature For Information Governance Server,ES-SEG-RSS-OFIS_MAINT
01tWC00000DD27lYAD,OCR Feature For SECURE Email Gateway,ES-SEG-RSS-OFSS_MAINT
01tWC00000DD29NYAT,Tripwire App - TE Integration Framework - Remedy - Utility,FIM-FIM-RSS-TRATIF_MAINT
01tWC00000DD29OYAT,Tripwire App - TE Integration Framework - ServiceNow - Utility,FIM-FIM-RSS-TATSNS_MAINT
01tWC00000DD29PYAT,Tripwire App - Whitelist Profiler - Utility,FIM-FIM-RSS-TAWPUS_MAINT
01tWC00000DD29QYAT,Tripwire CCM Unlimited Use,FIM-FIM-RSS-TCUUS_MAINT
01tWC00000DD29RYAT,Tripwire Enterprise,FIM-FIM-RSS-TES_MAINT
01tWC00000DD29SYAT,Tripwire Enterprise Console,FIM-FIM-RSS-TECS_MAINT
01tWC00000DD29TYAT,Tripwire Enterprise Express Console,FIM-FIM-RSS-TEECS_MAINT
01tWC00000DD29UYAT,Tripwire Enterprise for Desktops,FIM-FIM-RSS-TEDS_MAINT
01tWC00000DD29VYAT,Tripwire Enterprise for File Systems,FIM-FIM-RSS-TEFSS_MAINT
01tWC00000DD29WYAT,Tripwire Enterprise for Industrial Devices,FIM-FIM-RSS-TEIDS_MAINT
01tWC00000DD29XYAT,Tripwire Enterprise for Microsoft Exchange,FIM-FIM-RSS-TEMES_MAINT
01tWC00000DD29YYAT,Tripwire Enterprise for Microsoft IIS,FIM-FIM-RSS-TEMIS_MAINT
01tWC00000DD29ZYAT,Tripwire Enterprise for Network Devices,FIM-FIM-RSS-TENDS_MAINT
01tWC00000DD29aYAD,Tripwire Enterprise for POS End Point Systems,FIM-FIM-RSS-TEPS_MAINT
01tWC00000DD29bYAD,Tripwire Enterprise for POS Servers,FIM-FIM-RSS-TEPSS_MAINT
01tWC00000DD29cYAD,Tripwire Enterprise for VMware ESX,FIM-FIM-RSS-TEVES_MAINT
01tWC00000DD29dYAD,Tripwire for Databases,FIM-FIM-RSS-TDS_MAINT
01tWC00000DD29eYAD,Tripwire for Directory Services,FIM-FIM-RSS-TDSS_MAINT
01tWC00000DD29fYAD,Tripwire Industrial Suite,FIM-FIM-RSS-TISS_MAINT
01tWC00000DD29gYAD,Tripwire Industrial Visibility Threat Detection Console,FIM-FIM-RSS-TIVTDCS_MAINT
01tWC00000DD29hYAD,Tripwire Industrial Visibility Sensor Light,FIM-FIM-RSS-TIVSLS_MAINT
01tWC00000DD29iYAD,Tripwire Industrial Visibility Small Sensor,FIM-FIM-RSS-TIVSSS_MAINT
01tWC00000DD29jYAD,Tripwire Log Center - Term Based,FIM-TLC-RSS-TLCTBS_MAINT
01tWC00000DD29kYAD,IP360 - Term Based,FIM-FIM-RSS-IP36TBS_MAINT
01tWC00000DD29lYAD,Tripwire Log Center Advanced Log Collector,FIM-TLC-RSS-TLCS_MAINT
01tWC00000DD29mYAD,Tripwire Log Center Console,FIM-TLC-RSS-TLCCS_MAINT
01tWC00000DD29nYAD,Tripwire Log Center for Databases (includes Remote Log Collector),FIM-TLC-RSS-TLCDIR_MAINT
01tWC00000DD29oYAD,Tripwire Log Center for Desktops (includes Advanced Log Collector Agent),FIM-TLC-RSS-TRAS_MAINT
01tWC00000DD29pYAD,Tripwire Log Center for Directory Services (includes Advanced Log Collector Agent),FIM-TLC-RSS-TRILOC_MAINT
01tWC00000DD29qYAD,Tripwire Log Center for File Systems  (includes Advanced Log Collector Agent),FIM-TLC-RSS-TRLCEN_MAINT
01tWC00000DD29rYAD,Tripwire Log Center for Industrial Environments,FIM-TLC-RSS-TLCIES_MAINT
01tWC00000DD29sYAD,Tripwire Log Center for Microsoft Exchange (includes Advanced Log Collector Agent),FIM-TLC-RSS-TRLOCE_MAINT
01tWC00000DD29tYAD,Device Profiler 700,FIM-FIM-RSS-DP700S_MAINT
01tWC00000DD29uYAD,Tripwire Log Center for Microsoft IIS (includes Advanced Log Collector Agent),FIM-TLC-RSS-TLOCEM_MAINT
01tWC00000DD29vYAD,Tripwire Log Center for Network Devices (includes Remote Collector),FIM-TLC-RSS-TRCS_MAINT
01tWC00000DD29wYAD,Tripwire Log Center for POS End Point Systems (includes Advanced Log Collector Agent),FIM-TLC-RSS-TLOCEP_MAINT
01tWC00000DD29xYAD,Tripwire Log Center for POS Servers (includes Advanced Log Collector Agent),FIM-TLC-RSS-TLOCPS_MAINT
01tWC00000DD29yYAD,Tripwire Log Center for VMware ESX (includes Remote Collector),FIM-TLC-RSS-TLOCVE_MAINT
01tWC00000DD29zYAD,Tripwire Log Center Forwarding Manager,FIM-TLC-RSS-TLCFMS_MAINT
01tWC00000DD2A0YAL,Tripwire Log Center Manager,FIM-TLC-RSS-TLCMS_MAINT
01tWC00000DD2A1YAL,Tripwire Log Center Remote Log Collector,FIM-TLC-RSS-TLOCER_MAINT
01tWC00000DD2A2YAL,Tripwire State Analyzer,FIM-FIM-RSS-TSAS_MAINT
01tWC00000DD2A3YAL,Tripwire State Analyzer Express,FIM-FIM-RSS-TSAES_MAINT
01tWC00000DD2A4YAL,TrustCenter For SECURE Email Gateway,ES-SEG-RSS-TCSESU_MAINT
01tWC00000DD2A5YAL,User Classification Foundation Suite,DP-DLP-RSS-UCFSS_MAINT
01tWC00000DD2A6YAL,User Classification OWA Classifier,DP-DLP-RSS-UCOCS_MAINT
01tWC00000DD2A7YAL,User Classification Reporting Classifier,DP-DLP-RSS-UCRCS_MAINT
01tWC00000DD2A8YAL,User Classification Sharepoint Classifier,DP-DLP-RSS-UCSCS_MAINT
01tWC00000DD2A9YAL,User Profile Manager,CS-DFT-RSS-UPMS_MAINT
01tWC00000DD2AAYA1,VISUAL Control Center,SM-VMC-RSS-VCCS_MAINT
01tWC00000DD2ABYA1,VISUAL Control for Jobs,SM-VMC-RSS-VCJS_MAINT
01tWC00000DD2ACYA1,VISUAL Control for Pools,SM-VMC-RSS-VCPS_MAINT
01tWC00000DD2ADYA1,VISUAL Control Performance Planner - Any Tier- All LPARs,SM-PN-RSS-VILS_MAINT
01tWC00000DD2AEYA1,VISUAL Control Performance Planner,SM-PN-RSS-VISCPPS_MAINT
01tWC00000DD2AFYA1,VISUAL Control/LPAR Tuner,SM-VMC-RSS-VCLS_MAINT
01tWC00000DD2AGYA1,VISUAL Debugger 5250,SM-VMC-RSS-VD5S_MAINT
01tWC00000DD2AHYA1,VISUAL Message Center - Full Pack,SM-VMC-RSS-VMCS_MAINT
01tWC00000DD2AIYA1,VISUAL Message Center Dashboards,SM-VIT-RSS-VIDS_MAINT
01tWC00000DD2AJYA1,VISUAL Message Center iSeries Base,SM-VMC-RSS-VIBS_MAINT
01tWC00000DD2AKYA1,VISUAL Message Center Suite for Operations,SM-VMC-RSS-VIOS_MAINT
01tWC00000DD2ALYA1,VISUAL Remote Control,SM-VMC-RSS-VRCS_MAINT
01tWC00000DD2AMYA1,VISUAL Remote Control (add-on to VSP),SM-VMC-RSS-VIVS_MAINT
01tWC00000DD2ANYA1,VISUAL Security Suite - Security Package,SM-VMC-RSS-VSSS_MAINT
01tWC00000DD2AOYA1,Vityl Capacity Management,CM-VCM-RSS-VCMS_MAINT
01tWC00000DD2APYA1,Vityl Capacity Management Enterprise,CM-VCM-RSS-VCMES_MAINT
01tWC00000DD2AQYA1,Vityl IT & Business Monitoring,SM-VIT-RSS-VIBMS_MAINT
01tWC00000DD2ARYA1,Vityl Monitor,CM-VIM-RSS-VMS_MAINT
01tWC00000DD2ASYA1,Vityl Monitor & Predictor for Physical Systems,CM-VIM-RSS-VMPPSS_MAINT
01tWC00000DD2ATYA1,VMC - Additional ThinkServer,SM-VMC-RSS-VATS_MAINT
01tWC00000DD2AUYA1,VMC - Cisco PIX/ASA Security Agent,SM-VMC-RSS-VMAS_MAINT
01tWC00000DD2AVYA1,VMC - Debugging Agent,SM-VMC-RSS-VDAS_MAINT
01tWC00000DD2AWYA1,VMC - Debugging Agent (Powered by VDW),SM-VMC-RSS-VMVS_MAINT
01tWC00000DD2AXYA1,VMC - Exchange Server Operations Agent,SM-VMC-RSS-VESS_MAINT
01tWC00000DD2AYYA1,VMC - Hub Option,SM-VMC-RSS-VHOS_MAINT
01tWC00000DD2AZYA1,VMC - iSeries Performance Agent (Powered by VCW),SM-VMC-RSS-VMCIS_MAINT
01tWC00000DD2AaYAL,VMC - iSeries Performance Manager,SM-VMC-RSS-VMMS_MAINT
01tWC00000DD2AbYAL,VMC - iSeries Performance Manager (VCJ & VCP),SM-VMC-RSS-VMISEP_MAINT
01tWC00000DD2AcYAL,VMC - iSeries Security Agent,SM-VMC-RSS-VISES_MAINT
01tWC00000DD2AdYAL,VMC - iSeries SQL Agent,SM-VMC-RSS-VISESA_MAINT
01tWC00000DD2AeYAL,VMC - iSeries Support Agent,SM-VMC-RSS-VISSAS_MAINT
01tWC00000DD2AfYAL,VMC - iSeries Support Agent (Powered by VSP),SM-VMC-RSS-VMCSAS_MAINT
01tWC00000DD2AgYAL,VMC - iSeries VISION/Orion Agent,SM-VMC-RSS-VISVI_MAINT
01tWC00000DD2AhYAL,VMC - Linux Operations Agent,SM-VMC-RSS-VLOS_MAINT
01tWC00000DD2AiYAL,VMC - Security Agent,SM-VMC-RSS-VMCSCAS_MAINT
01tWC00000DD2AjYAL,VMC - Network Operations Agent,SM-VMC-RSS-VNOS_MAINT
01tWC00000DD2AkYAL,VMC - Network Syslog Agent,SM-VMC-RSS-VNSS_MAINT
01tWC00000DD2AlYAL,VMC - Oracle Operations Agent,SM-VMC-RSS-VOOS_MAINT
01tWC00000DD2AmYAL,VMC - Oracle Security Agent,SM-VMC-RSS-VOSS_MAINT
01tWC00000DD2AnYAL,VMC - Policy Compliance for Windows,SM-VMC-RSS-VPCS_MAINT
01tWC00000DD2AoYAL,VMC - Portal Users,SM-VMC-RSS-VPUS_MAINT
01tWC00000DD2ApYAL,VMC - SLA Analytics,SM-VMC-RSS-VSAS_MAINT
01tWC00000DD2AqYAL,VMC - SQL Server Operations Agent,SM-VMC-RSS-VMSQL_MAINT
01tWC00000DD2ArYAL,VMC - SQL Server Security Agent,SM-VMC-RSS-VMCSSE_MAINT
01tWC00000DD2AsYAL,VMC - Universal Transaction Agent - 5 Script Runners,SM-VMC-RSS-VUTS_MAINT
01tWC00000DD2AtYAL,VMC - Universal Transaction Agent - Additional Script Runners,SM-VMC-RSS-VMRS_MAINT
01tWC00000DD2AuYAL,VMC - Unix Operations Agent,SM-VMC-RSS-VUOS_MAINT
01tWC00000DD2AvYAL,VMC - Unix Security Agent,SM-VMC-RSS-VUSS_MAINT
01tWC00000DD2AwYAL,VMC - Visual Message Center Dashboards,SM-VMC-RSS-VVMS_MAINT
01tWC00000DD2AxYAL,VMC - Visual Message Center Goals,SM-VMC-RSS-VMGS_MAINT
01tWC00000DD2AyYAL,VMC - VMware Operations Agent,SM-VMC-RSS-VVOS_MAINT
01tWC00000DD2AzYAL,VMC - VMware Security Agent,SM-VMC-RSS-VVSS_MAINT
01tWC00000DD2B0YAL,VMC - Web Availability & Response Time Agent,SM-VMC-RSS-VWAS_MAINT
01tWC00000DD2B1YAL,VMC - WebSphere Application Server Operations Agent,SM-VMC-RSS-VWSS_MAINT
01tWC00000DD2B2YAL,VMC - WebSphere MQ Operations Agent,SM-VMC-RSS-VWEB_MAINT
01tWC00000DD2B3YAL,VMC - Windows Operations Agent,SM-VMC-RSS-VWOS_MAINT
01tWC00000DD2B4YAL,VMC - Operations Agent,SM-VMC-RSS-VMCOAS_MAINT
01tWC00000DD2B5YAL,VMC - Windows Performance Agent,SM-VMC-RSS-VWPS_MAINT
01tWC00000DD2B6YAL,VMC - Windows Security Agent - 10 Units Package,SM-VMC-RSS-VMPS_MAINT
01tWC00000DD2B7YAL,VMC - Windows Security Agent,SM-VMC-RSS-VMCWSE_MAINT
01tWC00000DD2B8YAL,VMC iSeries Performance Agent,SM-VMC-RSS-VISPA_MAINT
01tWC00000DD2B9YAL,VMC Monitoring Engine - Security,SM-VMC-RSS-VMES_MAINT
01tWC00000DD2BAYA1,VMC Monitoring Engine,SM-VMC-RSS-VMMONI_MAINT
01tWC00000DD2BBYA1,VnE Manager Ev,FIM-FIM-RSS-VEMEVS_MAINT
01tWC00000DD2BCYA1,VnE Manager Ev Express,FIM-FIM-RSS-VEMEES_MAINT
01tWC00000DD2BDYA1,VnE Manager Ev Limited,FIM-FIM-RSS-VEMELS_MAINT
01tWC00000DD2BEYA1,Warehouse Builder,BI-WB-RSS-WAREBS_MAINT
01tWC00000DD2BFYA1,Warehouse Manager,BI-WM-RSS-WAREMS_MAINT
01tWC00000DD2BGYA1,Web Enablement (SWI),BI-SQ-RSS-WEBESS_MAINT
01tWC00000DD2BHYA1,WebDocs - Legacy,DM-WEB-RSS-WDLS_MAINT
01tWC00000DD2BIYA1,WebDocs Document Management,DM-WEB-RSS-WDDMS_MAINT
01tWC00000DD2BJYA1,WebDocs Express/Cloud,DM-WEB-RSS-WDECS_MAINT
01tWC00000DD2BKYA1,Webdocs Forms Management,DM-WFM-RSS-WFMS_MAINT
01tWC00000DD2BLYA1,WebDocs Invoice Manager,DM-WEB-RSS-WDIMS_MAINT
01tWC00000DD2BMYA1,WebForms,DM-WFM-RSS-WEBFSU_MAINT
01tWC00000DD2BNYA1,WebSpool,DM-WS-RSS-WEBSSU_MAINT
01tWC00000DD2BOYA1,Windows Application Integrator,DM-WCU-RSS-WAISUB_MAINT
01tWC00000DD2BPYA1,WinSpool,DM-DLN-RSS-WSS_MAINT
01tWC00000DD2BQYA1,WinSpool Electronic Forms,DM-DLN-RSS-WSEFS_MAINT
01tWC00000DD2BRYA1,Workspaces - Yearly,GS-GSE-RSS-WORKYE_MAINT
01tWC00000DD2BSYA1,Fortra Mail iOS (On Premise),DP-DC-RSS-FMIOSS_MAINT
01tWC00000DD2BTYA1,Data at Rest (On Premise),DP-DC-RSS-DAROSS_MAINT
01tWC00000DD2BUYA1,DCS Software Development Kit,DP-DC-RSS-DSDKSS_MAINT
01tWC00000DD2BVYA1,Data Classification Suite (On Premise),DP-DC-RSS-DCSSS_MAINT
01tWC00000DD2BYYA1,Automate FTP Essentials,RPA-AUD-RSS-AFTPES_MAINT
01tWC00000DD2BZYA1,Clearswift SECURE Email Gateway (Kaspersky AV),ES-SEG-RSS-CSEGKS_LIC
01tWC00000DD2BaYAL,ARgon for Email,ES-SEG-RSS-A4ESUB_LIC
01tWC00000DD2BbYAL,GoAnywhere Ultimate,GOA-GAM-RSS-GAULTS_LIC
01tWC00000DD2BcYAL,GoAnywhere SFTP Server and DMZ Gateway Manager Bundle,GOA-GAM-RSS-GSSDGMBS_LIC
01tWC00000DD2BdYAL,GoAnywhere EDI X12,GOA-GAM-RSS-GAEX12S_LIC
01tWC00000DD2BeYAL,TeamQuest Surveyor,CM-TQR-RSS-TQSURV_LIC
01tWC00000DD2BfYAL,VCM Starter Pack,CM-VCM-RSS-VCMSPS_LIC
01tWC00000DD2BgYAL,Core Impact,OS-CI-RSS-CIS_LIC
01tWC00000DD2BhYAL,Powertech SIEM Agent for IBM i,CS-PSI-RSS-PSAIIS_LIC
01tWC00000DD2BiYAL,Powertech Command Security for IBM i,CS-PCS-RSS-PCSIIS_LIC
01tWC00000DD2BjYAL,Standguard Network Security,CS-CLP-RSS-SGNETS_LIC
01tWC00000DD2BkYAL,5250 Integrator,DM-WCU-RSS-5250SU_LIC
01tWC00000DD2BlYAL,Abstract,BI-ABS-RSS-ABSTSU_LIC
01tWC00000DD2BmYAL,Advanced Authentication Modes - Yearly,GS-GSE-RSS-AAMYS_LIC
01tWC00000DD2BnYAL,Advanced Job Scheduler,SM-AJS-RSS-AJSS_LIC
01tWC00000DD2BoYAL,Advanced Reporting Suite,SM-ARS-RSS-ARSS_LIC
01tWC00000DD2BpYAL,Advanced Reporting Suite License,SM-ARS-RSS-ARSLS_LIC
01tWC00000DD2BqYAL,Advanced Security Module ASM,GS-GSE-RSS-ASMS_LIC
01tWC00000DD2BrYAL,Advanced Workflow Engine - Yearly,GS-GSE-RSS-AWEYS_LIC
01tWC00000DD2BsYAL,AFP Converter,DM-IRC-RSS-AFPCSU_LIC
01tWC00000DD2BtYAL,AIX on Power,SM-NSS-RSS-AIXOPS_LIC
01tWC00000DD2BuYAL,Alert Intelligence,SM-AI-RSS-ALERSU_LIC
01tWC00000DD2BvYAL,Alignia - Batch Process,SM-VIT-RSS-ABPS_LIC
01tWC00000DD2BwYAL,Alignia - Business Application,SM-VIT-RSS-ABAS_LIC
01tWC00000DD2BxYAL,Alignia - Business Consumers,SM-VIT-RSS-ABCS_LIC
01tWC00000DD2ByYAL,Alignia - Business Process,SM-VIT-RSS-ALPS_LIC
01tWC00000DD2BzYAL,Alignia - Business Service Instance,SM-VIT-RSS-ABSIS_LIC
01tWC00000DD2C0YAL,Alignia - Continuous Process,SM-VIT-RSS-ACPS_LIC
01tWC00000DD2C1YAL,Alignia - Control Point,SM-VIT-RSS-ALIGNC_LIC
01tWC00000DD2C2YAL,Alignia - Core,SM-VIT-RSS-ACS_LIC
01tWC00000DD2C3YAL,Alignia - Engine - APM,SM-VIT-RSS-AEAS_LIC
01tWC00000DD2C4YAL,Alignia - Engine,SM-VIT-RSS-AES_LIC
01tWC00000DD2C5YAL,Alignia - External Service,SM-VIT-RSS-AESS_LIC
01tWC00000DD2C6YAL,Alignia - Internal Service,SM-VIT-RSS-AISS_LIC
01tWC00000DD2C7YAL,Alignia - Online Business Service,SM-VIT-RSS-AOBSS_LIC
01tWC00000DD2C8YAL,Alignia - Task,SM-VIT-RSS-ATS_LIC
01tWC00000DD2C9YAL,Alignia - Task Instance,SM-VIT-RSS-ATIS_LIC
01tWC00000DD2CAYA1,Alignia Core,SM-VIT-RSS-ALCS_LIC
01tWC00000DD2CBYA1,AnyDate,BI-AD-RSS-ANYDSU_LIC
01tWC00000DD2CCYA1,Application System & Object Control,CS-DFT-RSS-ASOCS_LIC
01tWC00000DD2CDYA1,AS2 Client/Server - Yearly,GS-GSE-RSS-ACSYEA_LIC
01tWC00000DD2CEYA1,Aspect Communications IVR Software,IGA-AAS-RSS-ACISSU_LIC
01tWC00000DD2CFYA1,ATP,DP-DLP-RSS-ATPSUB_LIC
01tWC00000DD2CGYA1,Audit & Reporting - Yearly,GS-GSE-RSS-ARYS_LIC
01tWC00000DD2CHYA1,Audit Journal Manager,SM-AJM-RSS-AJMS_LIC
01tWC00000DD2CIYA1,Authority Swapper,SM-AUS-RSS-AUTHSU_LIC
01tWC00000DD2CJYA1,Automate Desktop,RPA-AUD-RSS-ADS_LIC
01tWC00000DD2CKYA1,Automate Enterprise,RPA-AUT-RSS-AUES_LIC
01tWC00000DD2CLYA1,Automate Enterprise Agent,RPA-AUT-RSS-AUAS_LIC
01tWC00000DD2CMYA1,Automate Enterprise Developer Tools,RPA-AUT-RSS-AEDTS_LIC
01tWC00000DD2CNYA1,Automate Full/Premium,RPA-AUD-RSS-AFPS_LIC
01tWC00000DD2COYA1,Automate Intelligent Capture,RPA-AIC-RSS-AICS_LIC
01tWC00000DD2CPYA1,Automate Maintenance Add Ons,RPA-AUT-RSS-AMAOS_LIC
01tWC00000DD2CQYA1,Automate Ops Console,RPA-AUT-RSS-AOCS_LIC
01tWC00000DD2CRYA1,Automate Plus,RPA-AUT-RSS-AUPL_LIC
01tWC00000DD2CSYA1,Automate Plus - Multi-Deployment Pack,RPA-AUT-RSS-APMDP_LIC
01tWC00000DD2CTYA1,Automate Professional,RPA-AUD-RSS-AUPS_LIC
01tWC00000DD2CUYA1,Automate Professional Action Pack,RPA-AUD-RSS-APAPS_LIC
01tWC00000DD2CVYA1,Automate Ultimate,RPA-AUT-RSS-AUUS_LIC
01tWC00000DD2CWYA1,Batch Import Utility,DM-WCU-RSS-BIUS_LIC
01tWC00000DD2CXYA1,Batch Report Server,DM-IRM-RSS-BRSS_LIC
01tWC00000DD2CYYA1,Box Classifier,DP-DC-RSS-BCS_LIC
01tWC00000DD2CZYA1,"BUNDLE - Message, Monitor, Remote Control",SM-SMB-RSS-BMMS_LIC
01tWC00000DD2CaYAL,CAD Classifier,DP-DC-RSS-CADCSU_LIC
01tWC00000DD2CbYAL,Robot Transform,SM-ROT-RSS-RTS_MAINT
01tWC00000DD2CcYAL,Robot Trapper,SM-SYM-RSS-ROTS_MAINT
01tWC00000DD2CdYAL,Robot UPS,SM-SYM-RSS-RUS_MAINT
01tWC00000DD2CeYAL,RPG Toolbox,DM-RPG-RSS-RPGTSU_MAINT
01tWC00000DD2CfYAL,RPG2SQL Integrator,DM-IBM-RSS-RPG2SU_MAINT
01tWC00000DD2CgYAL,RTF Report Converter,DM-IRC-RSS-RTFRSU_MAINT
01tWC00000DD2ChYAL,Safestone Password Self Help,CS-SPS-RSS-SPSHS_MAINT
01tWC00000DD2CiYAL,Safestone Password Self Help Users,CS-SPS-RSS-SPSHUS_MAINT
01tWC00000DD2CjYAL,Sandbox for SECURE Email Gateway,ES-SEG-RSS-SSEGS_MAINT
01tWC00000DD2CkYAL,SAP Interface,SM-SAP-RSS-SAPISU_MAINT
01tWC00000DD2ClYAL,Scan Workstation,DM-WCU-RSS-SCANSU_MAINT
01tWC00000DD2CmYAL,Scheduler - Yearly,GS-GSE-RSS-SCHEYE_MAINT
01tWC00000DD2CnYAL,SECURE Email Gateway,ES-SEG-RSS-SEGS_MAINT
01tWC00000DD2CoYAL,SECURE Email Gateway Advanced Security Package,ES-SEG-RSS-SEPS_MAINT
01tWC00000DD2CpYAL,SECURE Email Gateway Elite Security Package,ES-SEG-RSS-SEEMAI_MAINT
01tWC00000DD2CqYAL,SECURE Email Gateway Essential Security Package,ES-SEG-RSS-SECEGA_MAINT
01tWC00000DD2CrYAL,SECURE Exchange Gateway,ES-SXG-RSS-SEEXCH_MAINT
01tWC00000DD2CsYAL,SECURE Exchange Gateway Advanced Security Package,ES-SXG-RSS-SEEGAT_MAINT
01tWC00000DD2CtYAL,SECURE Exchange Gateway Elite Security Package,ES-SXG-RSS-SEEXGE_MAINT
01tWC00000DD2CuYAL,SECURE Exchange Gateway Essential Security Package,ES-SXG-RSS-SEEGES_MAINT
01tWC00000DD2CvYAL,Secure Forms - Yearly,GS-GSE-RSS-SFYS_MAINT
01tWC00000DD2CwYAL,SECURE ICAP Gateway,ES-SIG-RSS-SIGS_MAINT
01tWC00000DD2CxYAL,SECURE ICAP Gateway Advanced Security Package Per Instance,ES-SIG-RSS-SEIS_MAINT
01tWC00000DD2CyYAL,SECURE ICAP Gateway Advanced Security Package Per User,ES-SIG-RSS-SEUS_MAINT
01tWC00000DD2CzYAL,SECURE ICAP Gateway Elite Security Package Per Instance,ES-SIG-RSS-SECIGA_MAINT
01tWC00000DD2D0YAL,SECURE ICAP Gateway Elite Security Package Per User,ES-SIG-RSS-SICGAT_MAINT
01tWC00000DD2D1YAL,SECURE ICAP Gateway Essential Security Package Per Instance,ES-SIG-RSS-SICGAE_MAINT
01tWC00000DD2D2YAL,SECURE ICAP Gateway Essential Security Package Per User,ES-SIG-RSS-SIGESS_MAINT
01tWC00000DD2D3YAL,SECURE ICAP Gateway Per Instance,ES-SIG-RSS-SICGPE_MAINT
01tWC00000DD2D4YAL,SECURE Web Gateway,ES-SWG-RSS-SWGS_MAINT
01tWC00000DD2D5YAL,SECURE Web Gateway Advanced Security Package,ES-SWG-RSS-SEWEB_MAINT
01tWC00000DD2D6YAL,SECURE Web Gateway Elite Security Package,ES-SWG-RSS-SECWGA_MAINT
01tWC00000DD2D7YAL,SECURE Web Gateway Essential Security Package,ES-SWG-RSS-SWEGAT_MAINT
01tWC00000DD2D8YAL,SecureReset,IGA-AAS-RSS-SECUSU_MAINT
01tWC00000DD2D9YAL,Security,SM-SYM-RSS-SESU_MAINT
01tWC00000DD2DAYA1,Security Audit,CS-SA-RSS-SAS_MAINT
01tWC00000DD2DBYA1,Security Audit & Detection,CS-DFT-RSS-SADS_MAINT
01tWC00000DD2DCYA1,Security KM Events,SM-VMC-RSS-SKES_MAINT
01tWC00000DD2DDYA1,Security KM Incidents,SM-VMC-RSS-SKIS_MAINT
01tWC00000DD2DEYA1,Security Knowledge Module,SM-VMC-RSS-SKMS_MAINT
01tWC00000DD2DFYA1,Security Scan - Cross Platform,CS-PSS-RSS-SSCPS_MAINT
01tWC00000DD2DGYA1,Security Scan - i,CS-PSS-RSS-SSIS_MAINT
01tWC00000DD2DHYA1,Sequel,BI-SQ-RSS-SEQUES_MAINT
01tWC00000DD2DIYA1,Sequel - User Based,BI-SQ-RSS-SUBS_MAINT
01tWC00000DD2DJYA1,SEQUEL Client Report Option,BI-CRO-RSS-SCRS_MAINT
01tWC00000DD2DKYA1,Sequel Data Warehouse,BI-SDW-RSS-SDWS_MAINT
01tWC00000DD2DLYA1,Sequel Data Warehouse (RODIN) Select License - Bronze Edition,BI-SDW-RSS-SDWSLBES_MAINT
01tWC00000DD2DMYA1,Sequel Data Warehouse (RODIN) Select License - Silver Edition,BI-SDW-RSS-SDWSLSES_MAINT
01tWC00000DD2DNYA1,Sequel Data Warehouse (RODIN) Select License - Gold Edition,BI-SDW-RSS-SDWSLGES_MAINT
01tWC00000DD2DOYA1,Sequel Data Warehouse (RODIN) Select License - Platinum Edition,BI-SDW-RSS-SDWSLPES_MAINT
01tWC00000DD2DPYA1,SEQUEL Data Warehouse Bundle - Bronze Edition,BI-SDW-RSS-SDWBBES_MAINT
01tWC00000DD2DQYA1,SEQUEL Data Warehouse Bundle - Silver Edition,BI-SDW-RSS-SDWBSES_MAINT
01tWC00000DD2DRYA1,SEQUEL Data Warehouse Bundle - Gold Edition,BI-SDW-RSS-SDWBGES_MAINT
01tWC00000DD2DSYA1,SEQUEL Data Warehouse Bundle - Platinum Edition,BI-SDW-RSS-SDWBPES_MAINT
01tWC00000DD2DTYA1,Sequel Repository Designer,BI-SQ-RSS-SRDS_MAINT
01tWC00000DD2DUYA1,SEQUEL SMB Bundle - Primary,BI-SQ-RSS-SSMBPS_MAINT
01tWC00000DD2DVYA1,SEQUEL SMB Bundle - Secondary,BI-SQ-RSS-SSMBSS_MAINT
01tWC00000DD2DWYA1,SEQUEL SMB Bundle Additional User,BI-SQ-RSS-SSMB_MAINT
01tWC00000DD2DXYA1,SEQUEL SMB Bundle Included Users,BI-SQ-RSS-SESBUN_MAINT
01tWC00000DD2DYYA1,SEQUEL Solution Bundle,BI-SQ-RSS-SESOLU_MAINT
01tWC00000DD2DZYA1,SEQUEL Web Interface,BI-SWI-RSS-SWIS_MAINT
01tWC00000DD2DaYAL,SFTP Server - Yearly,GS-GSE-RSS-SFTPYE_MAINT
01tWC00000DD2DbYAL,SharePoint Classifier,DP-DC-RSS-SHARCS_MAINT
01tWC00000DD2DcYAL,Showcase Client Reporting,BI-CRO-RSS-SHCL_MAINT
01tWC00000DD2DdYAL,Sequel Repository,BI-QRW-RSS-SREPS_MAINT
01tWC00000DD2DeYAL,SignHere,DM-SH-RSS-SIGNSU_MAINT
01tWC00000DD2DfYAL,Single-site Gateway - Yearly,GS-GSE-RSS-SINGFA_MAINT
01tWC00000DD2DgYAL,SMTP/400 Email Send API,DM-EU-RSS-SMTPSU_MAINT
01tWC00000DD2DhYAL,Spooled File Manager,SM-SFM-RSS-SFMS_MAINT
01tWC00000DD2DiYAL,Spooled File Mgr-DMS,SM-SFM-RSS-SFMDS_MAINT
01tWC00000DD2DjYAL,Standard Core Connectors - In Product,IGA-AAS-RSS-SCCIPS_MAINT
01tWC00000DD2DkYAL,Standard Core Connectors - Standard Delivery,IGA-AAS-RSS-SCCSDS_MAINT
01tWC00000DD2DlYAL,Structural Sanitization For SECURE Email Gateway,ES-SEG-RSS-SSSEGS_MAINT
01tWC00000DD2DmYAL,Structural Sanitization For SECURE Exchange Gateway,ES-SXG-RSS-SSSEGA_MAINT
01tWC00000DD2DnYAL,Structural Sanitization For SECURE ICAP Gateway,ES-SIG-RSS-SSSIGS_MAINT
01tWC00000DD2DoYAL,Structural Sanitization For SECURE Web Gateway,ES-SWG-RSS-SSSWGS_MAINT
01tWC00000DD2DpYAL,Surveyor/400 - Single User Price,DM-SV4-RSS-S4SUPS_MAINT
01tWC00000DD2DqYAL,Surveyor/400 - Single User Price - Unlimited Partitions,DM-SV4-RSS-S4SS_MAINT
01tWC00000DD2DrYAL,Surveyor/400,DM-SV4-RSS-S4S_MAINT
01tWC00000DD2DsYAL,Surveyor/400 - Unlimited Partitions,DM-SV4-RSS-S4UPS_MAINT
01tWC00000DD2DtYAL,Tango/04 Portal User,SM-VMC-RSS-T0PUS_MAINT
01tWC00000DD2DuYAL,Task Supervisor,SM-TSK-RSS-TASKSU_MAINT
01tWC00000DD2DvYAL,TeamQuest Analyzer & CMIS for Systems,CM-TQO-RSS-TQACSS_MAINT
01tWC00000DD2DwYAL,TeamQuest Analyzer & Predictor & CMIS for Systems,CM-TQO-RSS-TQAS_MAINT
01tWC00000DD2DxYAL,TeamQuest Analyzer & Predictor & Surveyor & CMIS for Systems,CM-TQO-RSS-TESS_MAINT
01tWC00000DD2DyYAL,TeamQuest Analyzer & Surveyor & CMIS for Systems,CM-TQO-RSS-TEAQUE_MAINT
01tWC00000DD2DzYAL,TeamQuest Surveyor for Systems,CM-TQR-RSS-TQSSS_MAINT
01tWC00000DD2E0YAL,Text Report Converter (ASCII/ANSI/TXT/PRN),DM-IRC-RSS-TRCASU_MAINT
01tWC00000DD2E1YAL,Threat Aware,DP-DLP-RSS-THRESU_MAINT
01tWC00000DD2E2YAL,Titus Accelerator for Privacy (includes T1 Classification Suite),DP-DC-RSS-TAPITC_MAINT
01tWC00000DD2E3YAL,Titus Classification for Mobile,DP-DC-RSS-TCMS_MAINT
01tWC00000DD2E4YAL,Titus Classification Suite,DP-DC-RSS-TCSS_MAINT
01tWC00000DD2E5YAL,Titus Message Classification,DP-DC-RSS-TMCS_MAINT
01tWC00000DD2E6YAL,Transfer Actions - Yearly,GS-GSE-RSS-TRANYE_MAINT
01tWC00000DD2E7YAL,Trend Tables,BI-SDW-RSS-TRENSU_MAINT
01tWC00000DD2E8YAL,Tripwire App - Custom Workflow Integration for Nozomi - Utility,FIM-FIM-RSS-TACS_MAINT
01tWC00000DD2E9YAL,Tripwire App - Dynamic Software Reconciliation - Utility,FIM-FIM-RSS-TADS_MAINT
01tWC00000DD2EAYA1,Tripwire App - Dynamic Software Reconciliation Express - Utility,FIM-FIM-RSS-TRUS_MAINT
01tWC00000DD2EBYA1,Tripwire App - Event Sender - Utility,FIM-FIM-RSS-TAESUS_MAINT
01tWC00000DD2ECYA1,Tripwire App - TE Integration Framework - CA Service Desk - Utility,FIM-FIM-RSS-TATS_MAINT
01tWC00000DD2EDYA1,Tripwire App - TE Integration Framework - ChangeGear - Utility,FIM-FIM-RSS-TAPP_MAINT
01tWC00000DD2EEYA1,Tripwire App - TE Integration Framework - Cherwell - Utility,FIM-FIM-RSS-TRIATE_MAINT
01tWC00000DD2EFYA1,Tripwire App - TE Integration Framework - Flex - Utility,FIM-FIM-RSS-TAPPTE_MAINT
01tWC00000DD2EGYA1,Tripwire App - TE Integration Framework - Jira - Utility,FIM-FIM-RSS-TRATEI_MAINT
01tWC00000DD2FpYAL,EFT Auditing & Reporting Module,GS-GSE-RSS-EARS_LIC
01tWC00000DD2FqYAL,EFT BAM Portal,GS-GSE-RSS-EBPS_LIC
01tWC00000DD2FrYAL,EFT Business Activity Monitor BAM,GS-GSE-RSS-EBAS_LIC
01tWC00000DD2FsYAL,EFT Express Auditing & Reporting Module ARM,GS-GSE-RSS-EEAS_LIC
01tWC00000DD2FtYAL,EFT Express DMZ Gateway,GS-GSE-RSS-EEDS_LIC
01tWC00000DD2FuYAL,EFT Express OpenPGP Module,GS-GSE-RSS-EEOS_LIC
01tWC00000DD2FvYAL,EFT Express Security Module ESM,GS-GSE-RSS-EFTES_LIC
01tWC00000DD2FwYAL,EFT Express Workspaces,GS-GSE-RSS-EEWS_LIC
01tWC00000DD2FxYAL,EFT File Transfer Client Module FTC,GS-GSE-RSS-EFTS_LIC
01tWC00000DD2FyYAL,EFT Folder Monitor Module FMM,GS-GSE-RSS-EFMS_LIC
01tWC00000DD2FzYAL,EFT HTTP/S Module,GS-GSE-RSS-EHSS_LIC
01tWC00000DD2G0YAL,EFT OpenPGP Module,GS-GSE-RSS-EOPS_LIC
01tWC00000DD2G1YAL,EFT Remote Agent Module,GS-GSE-RSS-ERAS_LIC
01tWC00000DD2G2YAL,EFT SFTP SSH2 Module,GS-GSE-RSS-ESSS_LIC
01tWC00000DD2G3YAL,EFT Timer Event Module TEM,GS-GSE-RSS-ETES_LIC
01tWC00000DD2G4YAL,EFT Workspaces,GS-GSE-RSS-EWS_LIC
01tWC00000DD2G5YAL,Email Archiving For SECURE Email Gateway,ES-SEG-RSS-EASEGS_LIC
01tWC00000DD2G6YAL,Email Monitor,DM-WCU-RSS-EMMO_LIC
01tWC00000DD2G7YAL,Email Report Server,DM-EU-RSS-ERSS_LIC
01tWC00000DD2G8YAL,Email Security Bundle - Core,ES-CEP-RSS-ESBCS_LIC
01tWC00000DD2G9YAL,Email Security Bundle - Advanced,ES-CEP-RSS-ESBAS_LIC
01tWC00000DD2GAYA1,Email Security Bundle - Elite,ES-CEP-RSS-ESBES_LIC
01tWC00000DD2GBYA1,Email Security Bundle (Click & Launch) - Core,ES-CEP-RSS-ESBCLCS_LIC
01tWC00000DD2GCYA1,Email Security Bundle (Click & Launch) - Advanced,ES-CEP-RSS-ESBCLAS_LIC
01tWC00000DD2GDYA1,Email Security Bundle (Click & Launch) - Elite,ES-CEP-RSS-ESBCLES_LIC
01tWC00000DD2GEYA1,Encryption Feature For SECURE Email Gateway,ES-SEG-RSS-ENCRFS_LIC
01tWC00000DD2GFYA1,Encryption Portal For SECURE Email Gateway- Perpetual,ES-SEG-RSS-ENCRPS_LIC
01tWC00000DD2GGYA1,Endpoint DLP,DP-DLP-RSS-EDS_LIC
01tWC00000DD2GHYA1,Enhanced Data Sources,BI-SDW-RSS-EDSS_LIC
01tWC00000DD2GIYA1,Enhanced ESEND for SMB Pricing - Per User,BI-ESN-RSS-ENUS_LIC
01tWC00000DD2GJYA1,Enhanced ETL,BI-SDW-RSS-EES_LIC
01tWC00000DD2GKYA1,Enhanced Metadata Management,BI-SDW-RSS-EMMS_LIC
01tWC00000DD2GLYA1,Enterprise Actions - Yearly,GS-GSE-RSS-EAYS_LIC
01tWC00000DD2GMYA1,Enterprise Console,SM-EC-RSS-ENTERP_LIC
01tWC00000DD2GNYA1,Enterprise Fax,DM-IRM-RSS-EFS_LIC
01tWC00000DD2GOYA1,Esend,BI-ESN-RSS-ESENSU_LIC
01tWC00000DD2GPYA1,Esend Full,BI-ESN-RSS-ESENFU_LIC
01tWC00000DD2GQYA1,File Integrity Manager for Desktops,FIM-FIM-RSS-FIMDSU_LIC
01tWC00000DD2GRYA1,File Integrity Manager for File Systems,FIM-FIM-RSS-FIMFSS_LIC
01tWC00000DD2GSYA1,File Integrity Manager for Network Devices,FIM-FIM-RSS-FIMNDS_LIC
01tWC00000DD2GTYA1,File Integrity Manager for POS End Point Systems,FIM-FIM-RSS-FIMPEN_LIC
01tWC00000DD2GUYA1,File Integrity Manager for POS Servers,FIM-FIM-RSS-FIMPSS_LIC
01tWC00000DD2GVYA1,File Integrity Manager for VMware ESX,FIM-FIM-RSS-FIMVES_LIC
01tWC00000DD2GWYA1,FileCatalyst Central,GOA-FIL-RSS-FCCS_LIC
01tWC00000DD2GXYA1,FileCatalyst Central Additional Nodes,GOA-FIL-RSS-FCCANS_LIC
01tWC00000DD2GYYA1,FileCatalyst Cloud Consumption Based Billing,GOA-FIL-RSS-FCCCBB_LIC
01tWC00000DD2GZYA1,FileCatalyst Cloud Consumption Support,GOA-FIL-RSS-FCCCSS_LIC
01tWC00000DD2GaYAL,FileCatalyst Concurrent Connections,GOA-FIL-RSS-FCCCS_LIC
01tWC00000DD2GbYAL,FileCatalyst Concurrent Connections Additional,GOA-FIL-RSS-FCCCAS_LIC
01tWC00000DD2GcYAL,FileCatalyst Development Kit,GOA-FIL-RSS-FCDKS_LIC
01tWC00000DD2GdYAL,FileCatalyst Direct,GOA-FIL-RSS-FCDS_LIC
01tWC00000DD2GeYAL,FileCatalyst Hotfolder for Automation,GOA-FIL-RSS-FCHAS_LIC
01tWC00000DD2GfYAL,FileCatalyst Legacy Product,GOA-FIL-RSS-FCLPS_LIC
01tWC00000DD2GgYAL,FileCatalyst Load Balancer,GOA-FIL-RSS-FCLBS_LIC
01tWC00000DD2GhYAL,FileCatalyst Reverse Proxy,GOA-FIL-RSS-FCRPS_LIC
01tWC00000DD2GiYAL,FileCatalyst TransferAgent - Web Integration Kit,GOA-FIL-RSS-FCTS_LIC
01tWC00000DD2GjYAL,FileCatalyst Workflow,GOA-FIL-RSS-FCWS_LIC
01tWC00000DD2GkYAL,FileCatalyst Workflow Acceleration,GOA-FIL-RSS-FCWAS_LIC
01tWC00000DD2GlYAL,Flow Exporters,NW-AA-RSS-FLOWSU_LIC
01tWC00000DD2GmYAL,Folder Monitor - Yearly,GS-GSE-RSS-FOLDYE_LIC
01tWC00000DD2GnYAL,Fortra Classifier SDK - Standalone,DP-DC-RSS-FCSSS_LIC
01tWC00000DD2GoYAL,Fortra Classifier Suite Essentials,DP-DC-RSS-FCSES_LIC
01tWC00000DD2GpYAL,Fortra Classifier Suite Plus,DP-DC-RSS-FCSPS_LIC
01tWC00000DD2GqYAL,"Fortra DCS ""Advance"" ULTRA Package",DP-DC-RSS-FDUAPS_LIC
01tWC00000DD2GrYAL,"Fortra DCS ""Advance"" ULTRA Package - Government",DP-DC-RSS-FDCSGS_LIC
01tWC00000DD2GsYAL,"Fortra DCS ""Plus"" ULTRA Package - Government",DP-DC-RSS-FDCSUGS_LIC
01tWC00000DD2GtYAL,"Fortra DCS ""Plus"" ULTRA Package",DP-DC-RSS-FDUPPS_LIC
01tWC00000DD2GuYAL,Fortra DCS Advanced Package,DP-DC-RSS-FDAPS_LIC
01tWC00000DD2GvYAL,Fortra DCS Essential Package,DP-DC-RSS-FDEPS_LIC
01tWC00000DD2GwYAL,Fortra DCS ESSENTIALS ULTRA PACKAGE,DP-DC-RSS-FDEUPS_LIC
01tWC00000DD2GxYAL,Fortra DCS for DaR (Data at rest) with DCS INTELLIGENT PROTECTION,DP-DC-RSS-FDDS_LIC
01tWC00000DD2GyYAL,Fortra DCS for DaR (Data at rest) with DCS INTELLIGENT PROTECTION - Government,DP-DC-RSS-FDCSDGS_LIC
01tWC00000DD2GzYAL,Fortra Mail for iOS,DP-DC-RSS-FMIOS_LIC
01tWC00000DD2H0YAL,FTPS Server - Yearly,GS-GSE-RSS-FTPSYE_LIC
01tWC00000DD2H1YAL,GoAnywhere Accelerated File Transfer,GOA-GAM-RSS-GAAFTS_LIC
01tWC00000DD2H2YAL,GoAnywhere Accelerated File Transfer Per Gbps,GOA-GAM-RSS-GAAS_LIC
01tWC00000DD2H3YAL,GoAnywhere Advanced Agent,GOA-GAM-RSS-GAAAS_LIC
01tWC00000DD2H4YAL,GoAnywhere Advanced Reporting,GOA-GAM-RSS-GAARS_LIC
01tWC00000DD2H5YAL,GoAnywhere Advanced Workflows,GOA-GAM-RSS-GAAWS_LIC
01tWC00000DD2H6YAL,GoAnywhere Advanced Workflows and Reporting,GOA-GAM-RSS-GAAWRS_LIC
01tWC00000DD2H7YAL,GoAnywhere Agent,GOA-GAM-RSS-GOAS_LIC
01tWC00000DD2H8YAL,GoAnywhere AS2 Send/Receive,GOA-GAM-RSS-GAASRS_LIC
01tWC00000DD2H9YAL,GoAnywhere AS3 Send/Receive,GOA-GAM-RSS-GORS_LIC
01tWC00000DD2HAYA1,GoAnywhere AS4 Send/Receive,GOA-GAM-RSS-GOANA_LIC
01tWC00000DD2HBYA1,GoAnywhere Basic Agent,GOA-GAM-RSS-GABAS_LIC
01tWC00000DD2HCYA1,GoAnywhere Business Activity Monitor,GOA-GAM-RSS-GABAMS_LIC
01tWC00000DD2HDYA1,GoAnywhere Cloud Connector Premium,GOA-GAM-RSS-GACCPS_LIC
01tWC00000DD2HEYA1,GoAnywhere Cloud Connector Standard,GOA-GAM-RSS-GACCSS_LIC
01tWC00000DD2HFYA1,GoAnywhere Cloud Connector Standard Pack,GOA-GAM-RSS-GACS_LIC
01tWC00000DD2HGYA1,GoAnywhere Collaboration Bundle,GOA-GAM-RSS-GACBS_LIC
01tWC00000DD2HHYA1,GoAnywhere Collaboration Bundle with Gateway,GOA-GAM-RSS-GACBGS_LIC
01tWC00000DD2HIYA1,GoAnywhere Collaboration Bundle with Gateway and Threat Protection,GOA-GAM-RSS-GACBGTPS_LIC
01tWC00000DD2HJYA1,GoAnywhere Core Server Bundle,GOA-GAM-RSS-GACSBS_LIC
01tWC00000DD2HKYA1,GoAnywhere Core Server Bundle with Gateway,GOA-GAM-RSS-GACSBGS_LIC
01tWC00000DD2HLYA1,GoAnywhere Core Server Bundle with Gateway and Threat Protection,GOA-GAM-RSS-GACSBGTS_LIC
01tWC00000DD2HMYA1,GoAnywhere Enterprise Bundle,GOA-GAM-RSS-GAEBS_LIC
01tWC00000DD2HNYA1,GoAnywhere FTP Client & Server,GOA-GAM-RSS-GAFCSS_LIC
01tWC00000DD2HOYA1,GoAnywhere FTPS Server,GOA-GAM-RSS-GAFSS_LIC
01tWC00000DD2HPYA1,GoAnywhere Gateway,GOA-GAM-RSS-GAGS_LIC
01tWC00000DD2HQYA1,GoAnywhere Gateway and Load Balancer,GOA-GAM-RSS-GAGLBS_LIC
01tWC00000DD2HRYA1,GoAnywhere Gateway Load Balancer,GOA-GAM-RSS-GOBS_LIC
01tWC00000DD2J3YAL,VnE Manager Ev Express,FIM-FIM-RSS-VEMEES_LIC
01tWC00000DD2J4YAL,VnE Manager Ev Limited,FIM-FIM-RSS-VEMELS_LIC
01tWC00000DD2J5YAL,Warehouse Builder,BI-WB-RSS-WAREBS_LIC
01tWC00000DD2J6YAL,Warehouse Manager,BI-WM-RSS-WAREMS_LIC
01tWC00000DD2J7YAL,Web Enablement (SWI),BI-SQ-RSS-WEBESS_LIC
01tWC00000DD2J8YAL,WebDocs - Legacy,DM-WEB-RSS-WDLS_LIC
01tWC00000DD2J9YAL,WebDocs Document Management,DM-WEB-RSS-WDDMS_LIC
01tWC00000DD2JAYA1,WebDocs Express/Cloud,DM-WEB-RSS-WDECS_LIC
01tWC00000DD2JBYA1,Webdocs Forms Management,DM-WFM-RSS-WFMS_LIC
01tWC00000DD2JCYA1,WebDocs Invoice Manager,DM-WEB-RSS-WDIMS_LIC
01tWC00000DD2JDYA1,WebForms,DM-WFM-RSS-WEBFSU_LIC
01tWC00000DD2JEYA1,WebSpool,DM-WS-RSS-WEBSSU_LIC
01tWC00000DD2JFYA1,Windows Application Integrator,DM-WCU-RSS-WAISUB_LIC
01tWC00000DD2JGYA1,WinSpool,DM-DLN-RSS-WSS_LIC
01tWC00000DD2JHYA1,WinSpool Electronic Forms,DM-DLN-RSS-WSEFS_LIC
01tWC00000DD2JIYA1,DCS Advanced Bundle OLD,
01tWC00000DD2JJYA1,DCS Essentials Bundle OLD,
01tWC00000DD2JKYA1,Automate FTP Essentials,RPA-AUD-RSS-AFTPES_LIC
01tWC00000DD2KfYAL,GoAnywhere GoDrive,GOA-GAM-RSS-GAGDS_LIC
01tWC00000DD2KgYAL,GoAnywhere GoFast Server,GOA-GAM-RSS-GAGFSS_LIC
01tWC00000DD2KhYAL,GoAnywhere PeSIT Client,GOA-GAM-RSS-GAPSCS_LIC
01tWC00000DD2KiYAL,GoAnywhere PeSIT Express Bundle,GOA-GAM-RSS-GAPS_LIC
01tWC00000DD2KjYAL,GoAnywhere PeSIT Express Bundle with Gateway,GOA-GAM-RSS-GAPESTGS_LIC
01tWC00000DD2KkYAL,GoAnywhere PeSIT Premium Bundle,GOA-GAM-RSS-GOAPE_LIC
01tWC00000DD2KlYAL,GoAnywhere PeSIT Server,GOA-GAM-RSS-GAPSSS_LIC
01tWC00000DD2KmYAL,GoAnywhere PeSIT Starter Bundle,GOA-GAM-RSS-GANPE_LIC
01tWC00000DD2KnYAL,GoAnywhere PeSIT Starter Bundle with Gateway,GOA-GAM-RSS-GAPESBGS_LIC
01tWC00000DD2KoYAL,GoAnywhere Premium AS2,GOA-GAM-RSS-GAPAS_LIC
01tWC00000DD2KpYAL,GoAnywhere Premium Bundle,GOA-GAM-RSS-GAPBS_LIC
01tWC00000DD2KqYAL,GoAnywhere Premium Bundle - Clustered,GOA-GAM-RSS-GAPBCS_LIC
01tWC00000DD2KrYAL,GoAnywhere Premium Bundle with Threat Protection,GOA-GAM-RSS-GAPBTPCS_LIC
01tWC00000DD2KsYAL,GoAnywhere Secure Folders,GOA-GAM-RSS-GASFS_LIC
01tWC00000DD2KtYAL,GoAnywhere Secure Forms,GOA-GAM-RSS-GASS_LIC
01tWC00000DD2KuYAL,GoAnywhere Secure Mail,GOA-GAM-RSS-GASMS_LIC
01tWC00000DD2KvYAL,GoAnywhere Security Domains,GOA-GAM-RSS-GASDS_LIC
01tWC00000DD2KwYAL,GoAnywhere SFTP Server,GOA-GAM-RSS-GASSS_LIC
01tWC00000DD2KxYAL,GoAnywhere Standard Agent,GOA-GAM-RSS-GASAS_LIC
01tWC00000DD2KyYAL,GoAnywhere Starter Bundle,GOA-GAM-RSS-GASBS_LIC
01tWC00000DD2KzYAL,GoAnywhere Starter Bundle with Gateway,GOA-GAM-RSS-GASBGS_LIC
01tWC00000DD2L0YAL,GoAnywhere Starter Bundle with Gateway and Threat Protection,GOA-GAM-RSS-GASBGTPS_LIC
01tWC00000DD2L1YAL,GoAnywhere Support +,GOA-GAM-RSS-GO+S_LIC
01tWC00000DD2L2YAL,GoAnywhere Ultimate AS2,GOA-GAM-RSS-GAUAS_LIC
01tWC00000DD2L3YAL,GoAnywhere Workflows Basic,GOA-GAM-RSS-GAWBS_LIC
01tWC00000DD2L4YAL,GoAnywhere Workflows Express,GOA-GAM-RSS-GAWES_LIC
01tWC00000DD2L5YAL,GoAnywhere Workflows Restricted,GOA-GAM-RSS-GAWRS_LIC
01tWC00000DD2L6YAL,HA-MX Monitor,SM-HAM-RSS-HAMSUB_LIC
01tWC00000DD2L7YAL,Halcyon Exit Point Manager,SM-HEP-RSS-HEPMS_LIC
01tWC00000DD2L8YAL,"HMM, HEP, HPM",SM-SYM-RSS-HHHSUB_LIC
01tWC00000DD2L9YAL,Hosting Service For SECURE Web Gateway,ES-SEG-RSS-HOSTSS_LIC
01tWC00000DD2LAYA1,Hosting Services for SECURE Email Gateway,ES-SEG-RSS-HOSTSE_LIC
01tWC00000DD2LBYA1,HTML Report Converter,DM-IRC-RSS-HTMLSU_LIC
01tWC00000DD2LCYA1,HTTPS Server (includes Web client) - Yearly,GS-GSE-RSS-HSIS_LIC
01tWC00000DD2LDYA1,iEncrypt,DM-IBM-RSS-IENCSU_LIC
01tWC00000DD2LEYA1,iForms,DM-IFO-RSS-IFORSU_LIC
01tWC00000DD2LFYA1,IFS Tools,DM-IBM-RSS-IFSTSU_LIC
01tWC00000DD2LGYA1,Imaging Barcode/OCR,DM-WCU-RSS-IBOSUB_LIC
01tWC00000DD2LHYA1,Information Governance Server,ES-SEG-RSS-IGSSUB_LIC
01tWC00000DD2LIYA1,Information Governance Server (Registrars),ES-SEG-RSS-IGSRES_LIC
01tWC00000DD2LJYA1,Insite Analytics,BI-ISA-RSS-INSISU_LIC
01tWC00000DD2LKYA1,Insite Analytics - Core,BI-ISA-RSS-IACS_LIC
01tWC00000DD2LLYA1,Insite Analytics - Pro,BI-ISA-RSS-IAPROS_LIC
01tWC00000DD2LMYA1,Insite Analytics - Premium,BI-ISA-RSS-IAPS_LIC
01tWC00000DD2LNYA1,Insite Analytics - Starter Package,BI-ISA-RSS-IASPS_LIC
01tWC00000DD2LOYA1,Integration Toolkit,DM-WFM-RSS-INTESU_LIC
01tWC00000DD2LPYA1,Intermapper Server,NW-INT-RSS-ISS_LIC
01tWC00000DD2LQYA1,Intermapper Server (Legacy),NW-INT-RSS-ISLS_LIC
01tWC00000DD2LRYA1,Intermapper Server Bundle,NW-INT-RSS-ISBS_LIC
01tWC00000DD2LSYA1,IP360,FIM-FIM-RSS-IP36SU_LIC
01tWC00000DD2LTYA1,IP360 Mobile,FIM-FML-RSS-IP36MO_LIC
01tWC00000DD2LUYA1,iPhone/iPad PMM Feature For SECURE Email Gateway,ES-SEG-RSS-IPIPSU_LIC
01tWC00000DD2LVYA1,iSeries Office Integrator,DM-IBM-RSS-ISOIS_LIC
01tWC00000DD2LWYA1,Knowledge Classifier,DP-DC-RSS-KCS_LIC
01tWC00000DD2LXYA1,Linux on Power,SM-NSS-RSS-LOPSUB_LIC
01tWC00000DD2LYYA1,LPAR,SM-RLP-RSS-LPARSU_LIC
01tWC00000DD2LZYA1,Lvl1: Message Management Suite,SM-LMM-RSS-LMMSSU_LIC
01tWC00000DD2LaYAL,Lvl2: Systems Operations Suite,SM-LSO-RSS-LSOSSU_LIC
01tWC00000DD2LbYAL,Lvl3: Advanced Automation Suite,SM-LAA-RSS-LAASSU_LIC
01tWC00000DD2LcYAL,Lvl4: Operations Center Suite,SM-LOC-RSS-LOCSSU_LIC
01tWC00000DD2LdYAL,Mail Hosting,DM-WCU-RSS-MHS_LIC
01tWC00000DD2LeYAL,Menu & Application Program,CS-DFT-RSS-MAPSUB_LIC
01tWC00000DD2LfYAL,Message Communicator,SM-SYM-RSS-MCS_LIC
01tWC00000DD2LgYAL,Message Manager,SM-SYM-RSS-MMS_LIC
01tWC00000DD2LhYAL,MessengerConsole,SM-MES-RSS-MESSSU_LIC
01tWC00000DD2LiYAL,MessengerPlus,SM-MP-RSS-MPS_LIC
01tWC00000DD2LjYAL,Mobile Classifier,DP-DC-RSS-MOBICS_LIC
01tWC00000DD2LkYAL,Monitor,SM-ROM-RSS-MONISU_LIC
01tWC00000DD2LlYAL,MQ Manager,SM-MQM-RSS-MQMSUB_LIC
01tWC00000DD2LmYAL,Multi-site Gateway - Yearly,GS-GSE-RSS-MSGYEA_LIC
01tWC00000DD2LnYAL,Multiple System Administrator,CS-DFT-RSS-MSASUB_LIC
01tWC00000DD2LoYAL,NDLP,DP-DLP-RSS-NDLPS_LIC
01tWC00000DD2LpYAL,Network DLP - Web & Email,DP-DLP-RSS-NDWES_LIC
01tWC00000DD2LqYAL,Network Traffic Controller,CS-DFT-RSS-NTCS_LIC
01tWC00000DD2LrYAL,NETWORK-Alternative Host,SM-RON-RSS-NAHS_LIC
01tWC00000DD2LsYAL,NETWORK-Host,SM-RON-RSS-NHS_LIC
01tWC00000DD2LtYAL,NETWORK-Node,SM-RON-RSS-NNS_LIC
01tWC00000DD2LuYAL,Non-Standard Core Connectors,IGA-AAS-RSS-NSCCSU_LIC
01tWC00000DD2LvYAL,Nport 5110-UK,SM-SYM-RSS-N5USUB_LIC
01tWC00000DD2LwYAL,NSS - AIX,SM-NSS-RSS-NSSAIS_LIC
01tWC00000DD2LxYAL,NSS - Linux,SM-NSS-RSS-NSSLIS_LIC
01tWC00000DD2LyYAL,NSS - SNMP Trap Receiver,SM-NSS-RSS-NSSSNR_LIC
01tWC00000DD2LzYAL,NSS - VIOS,SM-NSS-RSS-NSSVIS_LIC
01tWC00000DD2M0YAL,NSS - Web Application Monitor,SM-NSS-RSS-NSSWEM_LIC
01tWC00000DD2M1YAL,NSS - Windows,SM-NSS-RSS-NSSWIS_LIC
01tWC00000DD2M2YAL,OCR Feature For Information Governance Server,ES-SEG-RSS-OFIS_LIC
01tWC00000DD2M3YAL,OCR Feature For SECURE Email Gateway,ES-SEG-RSS-OFSS_LIC
01tWC00000DD2M4YAL,OCR Feature For SECURE Exchange Gateway,ES-SXG-RSS-OCGS_LIC
01tWC00000DD2M5YAL,OCR Feature For SECURE ICAP Gateway,ES-SIG-RSS-OFEATU_LIC
01tWC00000DD2M6YAL,OCR Feature For SECURE Web Gateway,ES-SWG-RSS-OCFEAS_LIC
01tWC00000DD2M7YAL,OCR For SECURE ICAP Gateway Per Instance,ES-SIG-RSS-OSIS_LIC
01tWC00000DD2M8YAL,OnPremise Encryption Portal For SECURE Email Gateway,ES-SEG-RSS-OPEPSE_LIC
01tWC00000DD2M9YAL,OWA Classifier,DP-DC-RSS-OWACSU_LIC
01tWC00000DD2MAYA1,Paragon Suite,SM-HCS-RSS-PARASU_LIC
01tWC00000DD2MBYA1,Parallel Loading,BI-SDW-RSS-PLS_LIC
01tWC00000DD2MCYA1,Password Reset,SM-PRM-RSS-PASSSU_LIC
01tWC00000DD2MDYA1,PCL to PDF Converter,DM-IBM-RSS-PCLTSU_LIC
01tWC00000DD2MEYA1,PDF Converter,DM-IRC-RSS-PDFCOS_LIC
01tWC00000DD2MFYA1,PDF Splitter,DM-PCR-RSS-PDFSPS_LIC
01tWC00000DD2MGYA1,PeekPlus,SM-PKP-RSS-PEEKSU_LIC
01tWC00000DD2MHYA1,Perf Analyzer GUI,SM-PFA-RSS-PAGSUB_LIC
01tWC00000DD2MIYA1,Performance Analyzer,SM-PFA-RSS-PAS_LIC
01tWC00000DD2MJYA1,Performance Monitor,SM-SYM-RSS-PMS_LIC
01tWC00000DD2MKYA1,Performance Navigator,SM-PN-RSS-PNS_LIC
01tWC00000DD2MLYA1,PGP Actions - Yearly,GS-GSE-RSS-PGPAYE_LIC
01tWC00000DD2MMYA1,PMPlus OS2200-1-Year-Tier10-Mainframe,CM-TQO-RSS-PO1YSU_LIC
01tWC00000DD2MNYA1,Policy Manager for Desktops,FIM-FIM-RSS-PMDS_LIC
01tWC00000DD2MOYA1,Policy Manager for File Systems,FIM-FIM-RSS-PMFSS_LIC
01tWC00000DD2MPYA1,Policy Manager for Network Devices,FIM-FIM-RSS-PMNDS_LIC
01tWC00000DD2MQYA1,Policy Manager for POS End Point Systems,FIM-FIM-RSS-PMPS_LIC
01tWC00000DD2MRYA1,Policy Manager for POS Servers,FIM-FIM-RSS-PMPSS_LIC
01tWC00000DD2MSYA1,Policy Manager for VMware ESX,FIM-FIM-RSS-PMVES_LIC
01tWC00000DD2MTYA1,POP/400 Email Retrieval API,DM-EU-RSS-POP4SU_LIC
01tWC00000DD2MUYA1,Powerful User Passport,CS-DFT-RSS-PUPSUB_LIC
01tWC00000DD2MVYA1,Powertech Antivirus - Linux / AIX,CS-PTA-RSS-PALAS_LIC
01tWC00000DD2MWYA1,Powertech Antivirus - Solaris,CS-PTA-RSS-PASS_LIC
01tWC00000DD2MXYA1,Powertech Antivirus - x86 Linux,CS-PTA-RSS-PAXLS_LIC
01tWC00000DD2MYYA1,Powertech Antivirus for IBM i - Domino,CS-PTA-RSS-PAIIDS_LIC
01tWC00000DD2MZYA1,Powertech Antivirus for IBM i,CS-PTA-RSS-PAIIS_LIC
01tWC00000DD2MaYAL,Powertech Antivirus,CS-PTA-RSS-PTAVS_LIC
01tWC00000DD2MbYAL,Powertech Authority Broker for IBM i,CS-PAB-RSS-PABIIS_LIC
01tWC00000DD2McYAL,PowerTech Central Admin,CS-CLP-RSS-PTCAS_LIC
01tWC00000DD2MdYAL,Powertech Command Security,CS-PCS-RSS-PCMDSS_LIC
01tWC00000DD2MeYAL,Powertech Compliance Monitor Consolidator for IBM i,CS-PCM-RSS-PCMS_LIC
01tWC00000DD2MfYAL,Powertech Compliance Monitor Endpoint for IBM i,CS-PCM-RSS-POIS_LIC
01tWC00000DD2MgYAL,Powertech Compliance Monitor for IBM i,CS-PCM-RSS-PCMIIS_LIC
01tWC00000DD2MhYAL,Powertech Compliance Suite,CS-CLP-RSS-PCSS_LIC
01tWC00000DD2MiYAL,Powertech Database Monitor for IBM i - PMRT,CS-PDM-RSS-PDMS_LIC
01tWC00000DD2MjYAL,Powertech Database Monitor for IBM i - Rapid Validation,CS-PDM-RSS-POVS_LIC
01tWC00000DD2MkYAL,Powertech Database Monitor for IBM i - Read,CS-PDM-RSS-PORS_LIC
01tWC00000DD2MlYAL,Powertech Database Monitor for IBM i,CS-PDM-RSS-PDMIIS_LIC
01tWC00000DD2MmYAL,Powertech Encryption for IBM i,CS-PEI-RSS-PEIIS_LIC
01tWC00000DD2MnYAL,Powertech Encryption for IBM i (Auto IFS Encryption Module),CS-PEI-RSS-PEIS_LIC
01tWC00000DD2MoYAL,Powertech Encryption for IBM i (Backup Encryption Module),CS-PEI-RSS-POMS_LIC
01tWC00000DD2MpYAL,Powertech Encryption for IBM i (Field Encryption Module),CS-PEI-RSS-POWENC_LIC
01tWC00000DD2MqYAL,Powertech Event Manager,CS-PEM-RSS-PEMS_LIC
01tWC00000DD2MrYAL,Powertech Exit Point Manager for IBM i,CS-PEP-RSS-PEPS_LIC
01tWC00000DD2MsYAL,Powertech Identity & Access Manager (BoKS),PIA-PIA-RSS-PIAS_LIC
01tWC00000DD2MtYAL,Powertech Identity Manager for IBM i,CS-PIM-RSS-PIMIIS_LIC
01tWC00000DD2MuYAL,Powertech Multi-Factor Authentication for IBM i,CS-PMF-RSS-PMFS_LIC
01tWC00000DD2MvYAL,Powertech Password Self Help for IBM i,CS-PPS-RSS-PPSS_LIC
01tWC00000DD2MwYAL,Powertech Policy Minder for IBM i,CS-PPM-RSS-PPMIIS_LIC
01tWC00000DD2MxYAL,Powertech Risk Assessor for IBM i,CS-PRA-RSS-PRAIIS_LIC
01tWC00000DD2MyYAL,Powertech RSA SecurID Agent for IBM i,CS-RSA-RSS-PRSS_LIC
01tWC00000DD2MzYAL,Powertech Security Auditor,CS-PSA-RSS-PSAS_LIC
01tWC00000DD2N0YAL,QMessage Monitor,SM-QMM-RSS-QMESSU_LIC
01tWC00000DD2N1YAL,QRemote Control,SM-QRC-RSS-QREMSU_LIC
01tWC00000DD2N2YAL,QSystem Monitor,SM-QSM-RSS-QSYSSU_LIC
01tWC00000DD2N3YAL,Query & Report Writer,BI-QRW-RSS-QRWSUB_LIC
01tWC00000DD2N4YAL,RAW Report Converter,DM-IRC-RSS-RAWRSU_LIC
01tWC00000DD2N5YAL,Record and Playback,SM-RAP-RSS-RECOSU_LIC
01tWC00000DD2N6YAL,Regulatory Compliance - Yearly,GS-GSE-RSS-REGUYE_LIC
01tWC00000DD2N7YAL,Remote Automation Agent - Yearly,GS-GSE-RSS-RAAYS_LIC
01tWC00000DD2N8YAL,Remote Client For SECURE Web Gateway,ES-SWG-RSS-RCSWGS_LIC
01tWC00000DD2N9YAL,Remote Data Push,BI-SDW-RSS-RDPS_LIC
01tWC00000DD2NAYA1,Remote Data Sourcing,BI-SDW-RSS-RDSS_LIC
01tWC00000DD2NBYA1,RemoteAccess - Individual,NW-IRA-RSS-RAIS_LIC
01tWC00000DD2NCYA1,RemoteAccess - Pooled,NW-INT-RSS-RAPS_LIC
01tWC00000DD2NDYA1,RemoteAccess Server Fee,NW-INT-RSS-RASFS_LIC
01tWC00000DD2NEYA1,Report Splitter,DM-IBM-RSS-REPOSS_LIC
01tWC00000DD2NFYA1,Restricted Tasks Manager,SM-SYM-RSS-RTMSUB_LIC
01tWC00000DD2NGYA1,Risk & Compliance Monitor,CS-DFT-RSS-RCMSUB_LIC
01tWC00000DD2NHYA1,Robot Alert,SM-ROA-RSS-RAS_LIC
01tWC00000DD2NIYA1,Robot Autotune,SM-RAT-RSS-ROAS_LIC
01tWC00000DD2NJYA1,Robot Bundle - Schedule & Alert,SM-ROB-RSS-RBSAS_LIC
01tWC00000DD2NKYA1,Robot Bundle - Console & Alert,SM-ROB-RSS-RBCAS_LIC
01tWC00000DD2NLYA1,"Robot Bundle - Console, Alert, Network",SM-ROB-RSS-RBCANS_LIC
01tWC00000DD2NMYA1,"Robot Bundle - Schedule, Alert, Network",SM-ROB-RSS-RBSANS_LIC
01tWC00000DD2NNYA1,"Robot Bundle - Schedule, Alert, Replay",SM-ROB-RSS-RBSARS_LIC
01tWC00000DD2NOYA1,Robot Client,SM-SYM-RSS-RCS_LIC
01tWC00000DD2NPYA1,Robot Console,SM-ROC-RSS-ROCS_LIC
01tWC00000DD2NQYA1,Robot CPA,SM-RCP-RSS-ROCPA_LIC
01tWC00000DD2NRYA1,Robot HA,SM-RHA-RSS-RHS_LIC
01tWC00000DD2NSYA1,Robot Monitor - AIX,SM-ROM-RSS-RMAS_LIC
01tWC00000DD2NTYA1,Robot Monitor,SM-ROM-RSS-RMSUB_LIC
01tWC00000DD2NUYA1,Robot Monitor - VIOS,SM-ROM-RSS-RMVS_LIC
01tWC00000DD2NVYA1,Robot Replay,SM-ROR-RSS-RRS_LIC
01tWC00000DD2NWYA1,Robot Reports,SM-RRE-RSS-RORS_LIC
01tWC00000DD2NXYA1,Robot Save,SM-ROS-RSS-RSS_LIC
01tWC00000DD2NYYA1,Robot Schedule,SM-RSC-RSS-ROSS_LIC
01tWC00000DD2NZYA1,Robot Schedule Enterprise,SM-RSE-RSS-RSES_LIC
01tWC00000DD2NaYAL,Robot Schedule EnterpriseOne Interface,SM-RSI-RSS-RSEOIS_LIC
01tWC00000DD2NbYAL,Robot Space,SM-RSP-RSS-RSPACE_LIC
01tWC00000DD2NcYAL,Robot Transform,SM-ROT-RSS-RTS_LIC
01tWC00000DD2NdYAL,Robot Trapper,SM-SYM-RSS-ROTS_LIC
01tWC00000DD2NeYAL,Robot UPS,SM-SYM-RSS-RUS_LIC
01tWC00000DD2NfYAL,RPG Toolbox,DM-RPG-RSS-RPGTSU_LIC
01tWC00000DD2NgYAL,RPG2SQL Integrator,DM-IBM-RSS-RPG2SU_LIC
01tWC00000DD2NhYAL,RTF Report Converter,DM-IRC-RSS-RTFRSU_LIC
01tWC00000DD2NiYAL,Safestone Password Self Help,CS-SPS-RSS-SPSHS_LIC
01tWC00000DD2NjYAL,Safestone Password Self Help Users,CS-SPS-RSS-SPSHUS_LIC
01tWC00000DD2NkYAL,Sandbox for SECURE Email Gateway,ES-SEG-RSS-SSEGS_LIC
01tWC00000DD2NlYAL,SAP Interface,SM-SAP-RSS-SAPISU_LIC
01tWC00000DD2NmYAL,Scan Workstation,DM-WCU-RSS-SCANSU_LIC
01tWC00000DD2NnYAL,Scheduler - Yearly,GS-GSE-RSS-SCHEYE_LIC
01tWC00000DD2NoYAL,SECURE Email Gateway,ES-SEG-RSS-SEGS_LIC
01tWC00000DD2NpYAL,SECURE Email Gateway Advanced Security Package,ES-SEG-RSS-SEPS_LIC
01tWC00000DD2NqYAL,SECURE Email Gateway Elite Security Package,ES-SEG-RSS-SEEMAI_LIC
01tWC00000DD2NrYAL,SECURE Email Gateway Essential Security Package,ES-SEG-RSS-SECEGA_LIC
01tWC00000DD2NsYAL,SECURE Exchange Gateway,ES-SXG-RSS-SEEXCH_LIC
01tWC00000DD2NtYAL,Tripwire Enterprise for Network Devices,FIM-FIM-RSS-TENDS_LIC
01tWC00000DD2NuYAL,Tripwire Enterprise for POS End Point Systems,FIM-FIM-RSS-TEPS_LIC
01tWC00000DD2NvYAL,Tripwire Enterprise for POS Servers,FIM-FIM-RSS-TEPSS_LIC
01tWC00000DD2NwYAL,Tripwire Enterprise for VMware ESX,FIM-FIM-RSS-TEVES_LIC
01tWC00000DD2NxYAL,Tripwire for Databases,FIM-FIM-RSS-TDS_LIC
01tWC00000DD2NyYAL,Tripwire for Directory Services,FIM-FIM-RSS-TDSS_LIC
01tWC00000DD2NzYAL,Tripwire Industrial Suite,FIM-FIM-RSS-TISS_LIC
01tWC00000DD2O0YAL,Tripwire Industrial Visibility Threat Detection Console,FIM-FIM-RSS-TIVTDCS_LIC
01tWC00000DD2O1YAL,Tripwire Industrial Visibility Sensor Light,FIM-FIM-RSS-TIVSLS_LIC
01tWC00000DD2O2YAL,Tripwire Industrial Visibility Small Sensor,FIM-FIM-RSS-TIVSSS_LIC
01tWC00000DD2O3YAL,Tripwire Log Center - Term Based,FIM-TLC-RSS-TLCTBS_LIC
01tWC00000DD2O4YAL,IP360 - Term Based,FIM-FIM-RSS-IP36TBS_LIC
01tWC00000DD2O5YAL,Tripwire Log Center Advanced Log Collector,FIM-TLC-RSS-TLCS_LIC
01tWC00000DD2O6YAL,Tripwire Log Center Console,FIM-TLC-RSS-TLCCS_LIC
01tWC00000DD2O7YAL,Tripwire Log Center for Databases (includes Remote Log Collector),FIM-TLC-RSS-TLCDIR_LIC
01tWC00000DD2O8YAL,Tripwire Log Center for Desktops (includes Advanced Log Collector Agent),FIM-TLC-RSS-TRAS_LIC
01tWC00000DD2O9YAL,Tripwire Log Center for Directory Services (includes Advanced Log Collector Agent),FIM-TLC-RSS-TRILOC_LIC
01tWC00000DD2OAYA1,Tripwire Log Center for File Systems  (includes Advanced Log Collector Agent),FIM-TLC-RSS-TRLCEN_LIC
01tWC00000DD2OBYA1,Tripwire Log Center for Industrial Environments,FIM-TLC-RSS-TLCIES_LIC
01tWC00000DD2OCYA1,Tripwire Log Center for Microsoft Exchange (includes Advanced Log Collector Agent),FIM-TLC-RSS-TRLOCE_LIC
01tWC00000DD2ODYA1,Device Profiler 700,FIM-FIM-RSS-DP700S_LIC
01tWC00000DD2OEYA1,Tripwire Log Center for Microsoft IIS (includes Advanced Log Collector Agent),FIM-TLC-RSS-TLOCEM_LIC
01tWC00000DD2OFYA1,Tripwire Log Center for Network Devices (includes Remote Collector),FIM-TLC-RSS-TRCS_LIC
01tWC00000DD2OGYA1,Tripwire Log Center for POS End Point Systems (includes Advanced Log Collector Agent),FIM-TLC-RSS-TLOCEP_LIC
01tWC00000DD2OHYA1,Tripwire Log Center for POS Servers (includes Advanced Log Collector Agent),FIM-TLC-RSS-TLOCPS_LIC
01tWC00000DD2OIYA1,Tripwire Log Center for VMware ESX (includes Remote Collector),FIM-TLC-RSS-TLOCVE_LIC
01tWC00000DD2OJYA1,Tripwire Log Center Forwarding Manager,FIM-TLC-RSS-TLCFMS_LIC
01tWC00000DD2OKYA1,Tripwire Log Center Manager,FIM-TLC-RSS-TLCMS_LIC
01tWC00000DD2OLYA1,Tripwire Log Center Remote Log Collector,FIM-TLC-RSS-TLOCER_LIC
01tWC00000DD2OMYA1,Tripwire State Analyzer,FIM-FIM-RSS-TSAS_LIC
01tWC00000DD2ONYA1,Tripwire State Analyzer Express,FIM-FIM-RSS-TSAES_LIC
01tWC00000DD2OOYA1,TrustCenter For SECURE Email Gateway,ES-SEG-RSS-TCSESU_LIC
01tWC00000DD2OPYA1,User Classification Foundation Suite,DP-DLP-RSS-UCFSS_LIC
01tWC00000DD2OQYA1,User Classification OWA Classifier,DP-DLP-RSS-UCOCS_LIC
01tWC00000DD2ORYA1,User Classification Reporting Classifier,DP-DLP-RSS-UCRCS_LIC
01tWC00000DD2OSYA1,User Classification Sharepoint Classifier,DP-DLP-RSS-UCSCS_LIC
01tWC00000DD2OTYA1,User Profile Manager,CS-DFT-RSS-UPMS_LIC
01tWC00000DD2OUYA1,VISUAL Control Center,SM-VMC-RSS-VCCS_LIC
01tWC00000DD2OVYA1,VISUAL Control for Jobs,SM-VMC-RSS-VCJS_LIC
01tWC00000DD2OWYA1,VISUAL Control for Pools,SM-VMC-RSS-VCPS_LIC
01tWC00000DD2OXYA1,VISUAL Control Performance Planner - Any Tier- All LPARs,SM-PN-RSS-VILS_LIC
01tWC00000DD2OYYA1,VISUAL Control Performance Planner,SM-PN-RSS-VISCPPS_LIC
01tWC00000DD2OZYA1,VISUAL Control/LPAR Tuner,SM-VMC-RSS-VCLS_LIC
01tWC00000DD2OaYAL,VISUAL Debugger 5250,SM-VMC-RSS-VD5S_LIC
01tWC00000DD2ObYAL,VISUAL Message Center - Full Pack,SM-VMC-RSS-VMCS_LIC
01tWC00000DD2OcYAL,VISUAL Message Center Dashboards,SM-VIT-RSS-VIDS_LIC
01tWC00000DD2OdYAL,VISUAL Message Center iSeries Base,SM-VMC-RSS-VIBS_LIC
01tWC00000DD2OeYAL,VISUAL Message Center Suite for Operations,SM-VMC-RSS-VIOS_LIC
01tWC00000DD2OfYAL,VISUAL Remote Control,SM-VMC-RSS-VRCS_LIC
01tWC00000DD2OgYAL,VISUAL Remote Control (add-on to VSP),SM-VMC-RSS-VIVS_LIC
01tWC00000DD2OhYAL,VISUAL Security Suite - Security Package,SM-VMC-RSS-VSSS_LIC
01tWC00000DD2OiYAL,Vityl Capacity Management,CM-VCM-RSS-VCMS_LIC
01tWC00000DD2OjYAL,Vityl Capacity Management Enterprise,CM-VCM-RSS-VCMES_LIC
01tWC00000DD2OkYAL,Vityl IT & Business Monitoring,SM-VIT-RSS-VIBMS_LIC
01tWC00000DD2OlYAL,Vityl Monitor,CM-VIM-RSS-VMS_LIC
01tWC00000DD2OmYAL,Vityl Monitor & Predictor for Physical Systems,CM-VIM-RSS-VMPPSS_LIC
01tWC00000DD2OnYAL,VMC - Additional ThinkServer,SM-VMC-RSS-VATS_LIC
01tWC00000DD2OoYAL,VMC - Cisco PIX/ASA Security Agent,SM-VMC-RSS-VMAS_LIC
01tWC00000DD2OpYAL,VMC - Debugging Agent,SM-VMC-RSS-VDAS_LIC
01tWC00000DD2OqYAL,VMC - Debugging Agent (Powered by VDW),SM-VMC-RSS-VMVS_LIC
01tWC00000DD2OrYAL,VMC - Exchange Server Operations Agent,SM-VMC-RSS-VESS_LIC
01tWC00000DD2OsYAL,VMC - Hub Option,SM-VMC-RSS-VHOS_LIC
01tWC00000DD2OtYAL,VMC - iSeries Performance Agent (Powered by VCW),SM-VMC-RSS-VMCIS_LIC
01tWC00000DD2OuYAL,VMC - iSeries Performance Manager,SM-VMC-RSS-VMMS_LIC
01tWC00000DD2OvYAL,VMC - iSeries Performance Manager (VCJ & VCP),SM-VMC-RSS-VMISEP_LIC
01tWC00000DD2OwYAL,VMC - iSeries Security Agent,SM-VMC-RSS-VISES_LIC
01tWC00000DD2OxYAL,VMC - iSeries SQL Agent,SM-VMC-RSS-VISESA_LIC
01tWC00000DD2OyYAL,VMC - iSeries Support Agent,SM-VMC-RSS-VISSAS_LIC
01tWC00000DD2OzYAL,VMC - iSeries Support Agent (Powered by VSP),SM-VMC-RSS-VMCSAS_LIC
01tWC00000DD2P0YAL,VMC - iSeries VISION/Orion Agent,SM-VMC-RSS-VISVI_LIC
01tWC00000DD2P1YAL,VMC - Linux Operations Agent,SM-VMC-RSS-VLOS_LIC
01tWC00000DD2P2YAL,VMC - Security Agent,SM-VMC-RSS-VMCSCAS_LIC
01tWC00000DD2P3YAL,VMC - Network Operations Agent,SM-VMC-RSS-VNOS_LIC
01tWC00000DD2P4YAL,VMC - Network Syslog Agent,SM-VMC-RSS-VNSS_LIC
01tWC00000DD2P5YAL,VMC - Oracle Operations Agent,SM-VMC-RSS-VOOS_LIC
01tWC00000DD2P6YAL,VMC - Oracle Security Agent,SM-VMC-RSS-VOSS_LIC
01tWC00000DD2P7YAL,VMC - Policy Compliance for Windows,SM-VMC-RSS-VPCS_LIC
01tWC00000DD2P8YAL,VMC - Portal Users,SM-VMC-RSS-VPUS_LIC
01tWC00000DD2P9YAL,VMC - SLA Analytics,SM-VMC-RSS-VSAS_LIC
01tWC00000DD2PAYA1,VMC - SQL Server Operations Agent,SM-VMC-RSS-VMSQL_LIC
01tWC00000DD2PBYA1,VMC - SQL Server Security Agent,SM-VMC-RSS-VMCSSE_LIC
01tWC00000DD2PCYA1,VMC - Universal Transaction Agent - 5 Script Runners,SM-VMC-RSS-VUTS_LIC
01tWC00000DD2PDYA1,VMC - Universal Transaction Agent - Additional Script Runners,SM-VMC-RSS-VMRS_LIC
01tWC00000DD2PEYA1,VMC - Unix Operations Agent,SM-VMC-RSS-VUOS_LIC
01tWC00000DD2PFYA1,VMC - Unix Security Agent,SM-VMC-RSS-VUSS_LIC
01tWC00000DD2PGYA1,VMC - Visual Message Center Dashboards,SM-VMC-RSS-VVMS_LIC
01tWC00000DD2PHYA1,VMC - Visual Message Center Goals,SM-VMC-RSS-VMGS_LIC
01tWC00000DD2PIYA1,VMC - VMware Operations Agent,SM-VMC-RSS-VVOS_LIC
01tWC00000DD2PJYA1,VMC - VMware Security Agent,SM-VMC-RSS-VVSS_LIC
01tWC00000DD2PKYA1,VMC - Web Availability & Response Time Agent,SM-VMC-RSS-VWAS_LIC
01tWC00000DD2PLYA1,VMC - WebSphere Application Server Operations Agent,SM-VMC-RSS-VWSS_LIC
01tWC00000DD2PMYA1,VMC - WebSphere MQ Operations Agent,SM-VMC-RSS-VWEB_LIC
01tWC00000DD2PNYA1,VMC - Windows Operations Agent,SM-VMC-RSS-VWOS_LIC
01tWC00000DD2POYA1,VMC - Operations Agent,SM-VMC-RSS-VMCOAS_LIC
01tWC00000DD2PPYA1,VMC - Windows Performance Agent,SM-VMC-RSS-VWPS_LIC
01tWC00000DD2PQYA1,VMC - Windows Security Agent - 10 Units Package,SM-VMC-RSS-VMPS_LIC
01tWC00000DD2PRYA1,VMC - Windows Security Agent,SM-VMC-RSS-VMCWSE_LIC
01tWC00000DD2PSYA1,VMC iSeries Performance Agent,SM-VMC-RSS-VISPA_LIC
01tWC00000DD2PTYA1,VMC Monitoring Engine - Security,SM-VMC-RSS-VMES_LIC
01tWC00000DD2PUYA1,VMC Monitoring Engine,SM-VMC-RSS-VMMONI_LIC
01tWC00000DD2PVYA1,VnE Manager Ev,FIM-FIM-RSS-VEMEVS_LIC
01tWC00000DD2SjYAL,Digital Guardian Software,DP-DLP-NRPS-DGSWP
01tWC00000DD2SkYAL,Clearswift SECURE Email Gateway (Kaspersky AV),ES-SEG-NRPS-CSEGKP
01tWC00000DD2SlYAL,Cobalt Strike,OS-COS-NRPS-COBSTR
01tWC00000E5JwPYAV,DCS Advanced Bundle,DP-DC-RSS-DCSAB
01tWC00000E5JwQYAV,DCS Advanced Bundle,DP-DC-RSS-DCSAB_LIC
01tWC00000E5JwRYAV,DCS Advanced Bundle,DP-DC-RSS-DCSAB_MAINT
01tWC00000E5JwSYAV,DCS Essentials Bundle,DP-DC-RSS-DCSESB
01tWC00000E5JwTYAV,DCS Essentials Bundle,DP-DC-RSS-DCSESB_LIC
01tWC00000E5JwUYAV,DCS Essentials Bundle,DP-DC-RSS-DCSESB_MAINT
01tWC00000E5JwVYAV,10 Languages and 50 Courses Included,HRM-HRM-RSL-10L50CS
01tWC00000E5JwWYAV,All Languages and Courses Included,HRM-HRM-RSL-ALCIS
01tWC00000E5JwXYAV,3 Languages and 25 Courses Included,HRM-HRM-RSL-3L25CS
01tWC00000E6URZYA3,DSPM Advanced Bundle,CDP-DPM-RSL-DSPMAB
01tWC00000E6URaYAN,DSPM Essentials Bundle,CDP-DPM-RSL-DSPMEB
01tWC00000E6URbYAN,DCS Elite Bundle,DP-DC-RSL-DCSEB
01tWC00000E6URcYAN,DLP Advanced Bundle (SaaS),DP-DLP-RSL-DLPABSA
01tWC00000E6URdYAN,DLP Elite Bundle (SaaS),DP-DLP-RSL-DLPEBSA
01tWC00000E6UReYAN,DLP Essentials Bundle (SaaS),DP-DLP-RSL-DLPESSA
01tWC00000E6URfYAN,HRM Advanced Bundle,HRM-HRM-RSL-HRMADSS
01tWC00000E6URgYAN,HRM Elite Bundle,HRM-HRM-RSL-HRMEBSS
01tWC00000E6URhYAN,HRM Essentials Bundle,HRM-HRM-RSL-HRMESBSS
01tWC00000EBPr3YAH,Vulnerability Management Legacy SKU - Other,VM-VLM-NROR-VMLEGACY
01tWC00000EBPr4YAH,Email Security Legacy SKU - Other,ES-SEG-NROR-ESLEGACY
01tWC00000EBPr5YAH,Brand Protection Legacy SKU - Other,BP-ETM-NROR-BPLS
01tWC00000EBPr6YAH,Human Risk Management Legacy SKU - Other,HRM-HRM-NROR-HRMLEGACY
01tWC00000EBPr7YAH,Data Protection Legacy SKU - Other,DP-DC-NROR-DPLEGACY
01tWC00000EBPr8YAH,Cloud Data Protection Legacy SKU - Other,CDP-CSB-NROR-CDPLEGACY
01tWC00000EBPr9YAH,Offensive Security Legacy SKU - Other,OS-COS-NROR-OSLEGACY
01tWC00000EBPrAYAX,Robotic Process Automation Legacy SKU - Other,RPA-AUT-NROR-RALEGACY
01tWC00000EBPrBYAX,Core IGA Legacy SKU - Other,IGA-AAS-NROR-CIGALEGACY
01tWC00000EBPrCYAX,Network Monitoring Legacy SKU - Other,NW-INT-NROR-NMLEGACY
01tWC00000EBPrDYAX,Powertech Identity & Access Manager (BoKS) Legacy SKU - Other,PIA-PIA-NROR-PIALEGACY
01tWC00000EBPrEYAX,Capacity Management Legacy SKU - Other,CM-TQO-NROR-CMLEGACY
01tWC00000EBPrFYAX,GoAnywhere Legacy SKU - Other,GOA-GAM-NROR-GALEGACY
01tWC00000EBPrGYAX,Business Intelligence Legacy SKU - Other,BI-SQ-NROR-BILEGACY
01tWC00000EBPrHYAX,Doc Management Legacy SKU - Other,DM-DML-NROR-DMLEGACY
01tWC00000EBPrIYAX,Systems Management Legacy SKU - Other,SM-SYM-NROR-SMLEGACY
01tWC00000EBPrJYAX,Cybersecurity Legacy SKU - Other,CS-CLP-NROR-CSLEGACY
01tWC00000EBPrKYAX,IPP Legacy SKU - Other,IPP-IPP-NROR-IPPLEAGCY
01tWC00000EBPrLYAX,Tripwire Legacy SKU - Other,
01tWC00000EBPrMYAX,Globalscape Legacy SKU - Other,GS-GSE-NROR-GSLEGACY
01tWC00000ECGlhYAH,EFT Arcus,GS-GSE-RSL-EAS
01tWC00000ExvlNYAR,workload automation Legacy SKU - Other,
01tWC00000FBK1CYAX,Box Classifier (Technical),DP-DC-RSS-BCS-TECH
01tWC00000FBK1DYAX,CAD Classifier (Technical)-NewMaintenance,DP-DC-RNM-CADCNE-TECH
01tWC00000FBK1EYAX,CAD Classifier (Technical),DP-DC-NRPS-CADCPE-TECH
01tWC00000FBK1FYAX,CAD Classifier (Technical)-RenewalMaintenance,DP-DC-RRM-CADCRE-TECH
01tWC00000FBK1GYAX,CAD Classifier (Technical),DP-DC-RSS-CADCSU-TECH
01tWC00000FBK1HYAX,Classification for Desktop (Technical)-NewMaintenance,DP-DC-RNM-CDNM-TECH
01tWC00000FBK1IYAX,Classification for Desktop (Technical),DP-DC-NRPS-CLASSI-TECH
01tWC00000FBK1JYAX,Classification for Desktop (Technical)-RenewalMaintenance,DP-DC-RRM-CDRM-TECH
01tWC00000FBK1KYAX,Classification for Desktop & Message Classification & Classification for Office Bundle (Technical)-NewMaintenance,DP-DC-RNM-CDMCCO-TECH
01tWC00000FBK1LYAX,Classification for Desktop & Message Classification Enterprise & Classification for Office Enterprise Bundle (Technical),DP-DC-NRPS-CDMDEC-TECH
01tWC00000FBK1MYAX,Classification for Desktop & Message Classification & Classification for Office Bundle (Technical)-RenewalMaintenance,DP-DC-RRM-CDMM-TECH
01tWC00000FBK1NYAX,Classification for Desktop & Message Classification Ultra & Classification for Office Ultra Bundle (Technical),DP-DC-RSS-CDMUC-TECH
01tWC00000FBK1OYAX,Classification for Office (Technical)-NewMaintenance,DP-DC-RNM-CONM-TECH
01tWC00000FBK1PYAX,Classification for Office (Technical),DP-DC-NRPS-COP-TECH
01tWC00000FBK1QYAX,Classification for Office (Technical)-RenewalMaintenance,DP-DC-RRM-CORM-TECH
01tWC00000FBK1RYAX,Classification for Office & Classification for Desktop Bundle (Technical)-NewMaintenance,DP-DC-RNM-COCDBN-TECH
01tWC00000FBK1SYAX,Classification for Office & Classification for Desktop Bundle (Technical),DP-DC-NRPS-COCDBP-TECH
01tWC00000FBK1TYAX,Classification for Office & Classification for Desktop Bundle (Technical)-RenewalMaintenance,DP-DC-RRM-COCDBR-TECH
01tWC00000FBK1UYAX,Classification for Office Ultra & Message Classification Ultra Bundle (Technical)-NewMaintenance,DP-DC-RNM-COUMCU-TECH
01tWC00000FBK1VYAX,Classification for Office Ultra & Message Classification Bundle (Technical),DP-DC-NRPS-COUMCB-TECH
01tWC00000FBK1WYAX,Classification for Office Ultra & Message Classification Ultra Bundle (Technical)-RenewalMaintenance,DP-DC-RRM-COUM-TECH
01tWC00000FBK1XYAX,Classifier Enterprise Suite (Legacy Forcepoint Customer) (Technical),DP-DC-RSS-CESLFC-TECH
01tWC00000FBK1YYAX,Classifier Essentials (Technical)-NewMaintenance,DP-DC-RNM-CENM-TECH
01tWC00000FBK1ZYAX,Classifier Essentials (Technical),DP-DC-NRPS-CLES-TECH
01tWC00000FBK1aYAH,Classifier Essentials (Technical)-RenewalMaintenance,DP-DC-RRM-CERM-TECH
01tWC00000FBK1bYAH,Classifier Essentials (Technical),DP-DC-RSS-CES-TECH
01tWC00000FBK1cYAH,Classifier Exchange (Technical),DP-DC-RSS-CLEX-TECH
01tWC00000FBK1dYAH,Classifier for McAfee (Technical)-NewMaintenance,DP-DC-RNM-CMANM-TECH
01tWC00000FBK1eYAH,Classifier for McAfee (Technical),DP-DC-NRPS-CMAP-TECH
01tWC00000FBK1fYAH,Classifier for McAfee (Technical)-RenewalMaintenance,DP-DC-RRM-CMARM-TECH
01tWC00000FBK1gYAH,Classifier for McAfee ePO and DXL (Technical),DP-DC-RSS-CMAEPD-TECH
01tWC00000FBK1hYAH,Classifier Reporting (Technical)-NewMaintenance,DP-DC-RNM-CRNM-TECH
01tWC00000FBK1iYAH,Classifier Reporting (Technical),DP-DC-NRPS-CRP-TECH
01tWC00000FBK1jYAH,Classifier Reporting (Technical)-RenewalMaintenance,DP-DC-RRM-CRRM-TECH
01tWC00000FBK1kYAH,Classifier Reporting Console (Technical),DP-DC-RSS-CRCS-TECH
01tWC00000FBK1lYAH,Data Classification (Technical)-NewMaintenance,DP-DC-RNM-DCNM-TECH
01tWC00000FBK1mYAH,Data Classification (Technical),DP-DC-NRPS-DCP-TECH
01tWC00000FBK1nYAH,Data Classification (Technical)-RenewalMaintenance,DP-DC-RRM-DCRM-TECH
01tWC00000FBK1oYAH,Data Classification Services (Technical),DP-DC-RSP-DCS-TECH
01tWC00000FBK1pYAH,Data Classification Travel Expense (Technical),DP-DC-NRSE-DCTE-TECH
01tWC00000FBK1qYAH,Data Detection Engine (Technical),DP-DC-RSS-DDES-TECH
01tWC00000FBK1rYAH,DC Expert Services (Technical),DP-DC-RSP-DCDEXP-TECH
01tWC00000FBK1sYAH,DC TAM (Technical),DP-DC-RSP-DCDTAM-TECH
01tWC00000FBK1tYAH,Data at Rest (On Premise) (Technical),DP-DC-RSS-DAROSS-TECH
01tWC00000FBK1uYAH,Data Classification Suite (On Premise) (Technical),DP-DC-RSS-DCSSS-TECH
01tWC00000FBK1vYAH,Classification for Desktop & Message Classification Enterprise & Classification for Office Enterprise Bundle (Technical)-NewMaintenance,DP-DC-RNM-CDMEBNM-TECH
01tWC00000FBK1wYAH,Classification for Desktop & Message Classification Enterprise & Classification for Office Enterprise Bundle (Technical)-RenewalMaintenance,DP-DC-RRM-CDMEBRM-TECH
01tWC00000FBK1xYAH,Classification for Office Ultra & Message Classification Bundle (Technical)-RenewalMaintenance,DP-DC-RRM-COUMCBRM-TECH
01tWC00000FBK1yYAH,Classification for Office Ultra & Message Classification Bundle (Technical)-NewMaintenance,DP-DC-RNM-COUMCBNM-TECH
01tWC00000FBK1zYAH,DCS Advanced Bundle (Technical),DP-DC-RSS-DCSAB-TECH
01tWC00000FBLaUYAX,Cobalt Strike (Technical)-NewMaintenance,OS-COS-RNM-CSNM-TECH
01tWC00000FBLaVYAX,Cobalt Strike (Technical)-RenewalMaintenance,OS-COS-RRM-CSRM-TECH
01tWC00000FBLaWYAX,Core Impact (Technical),OS-CI-RSS-CIS-TECH
01tWC00000FBLaXYAX,CTS Services (Technical),OS-CI-NRST-CTSSER-TECH
01tWC00000FBLaYYAX,Cobalt Strike (Technical),OS-COS-RSS-COBASU-TECH
01tWC00000FBLaZYAX,Offensive Security Advanced bundle - Named User (Technical),OS-CI-RSS-OSABNUS-TECH
01tWC00000FBLaaYAH,Cobalt Strike and Core Impact Bundle - Basic (Technical),OS-CI-RSS-COBCIBB-TECH
01tWC00000FBLabYAH,Cobalt Strike and Core Impact Bundle - Pro (Technical),OS-CI-RSS-COBCIBP-TECH
01tWC00000FBLacYAH,CSCO I Course (Technical),OS-COS-NRST-CIC1S-TECH
01tWC00000FBLadYAH,CSCO I & II Course (Technical),OS-COS-NRST-CIICS-TECH
01tWC00000FBLaeYAH,CSCO II Course (Technical),OS-COS-NRST-CIC2S-TECH
01tWC00000FBLafYAH,Core Impact (Technical)-NewMaintenance,OS-CI-RNM-COIM-TECH
01tWC00000FBLagYAH,Core Impact (Technical),OS-CI-NRPS-CIP-TECH
01tWC00000FBLahYAH,Core Impact (Technical)-RenewalMaintenance,OS-CI-RRM-COREI-TECH
01tWC00000FBLaiYAH,CTS Travel Expense (Technical),OS-CI-NRSE-CTSTRE-TECH
01tWC00000FBLajYAH,Offensive Security (Technical)-NewMaintenance,OS-CI-RNM-OFFENE-TECH
01tWC00000FBLakYAH,Offensive Security (Technical)-RenewalMaintenance,OS-CI-RRM-OFFERE-TECH
01tWC00000FBLalYAH,Offensive Security Services (Technical),OS-OFS-NRST-OFFESE-TECH
01tWC00000FBLamYAH,Red Team Suite Named User (Technical),OS-OFS-RSL-RTSNUS-TECH
01tWC00000FBLanYAH,OST & Cobalt Bundle (Technical),OS-OFS-RSL-OSTC-TECH
01tWC00000FBLaoYAH,Offensive Secutity Suite - Named User (Technical),OS-CI-RSL-OSBNUS-TECH
01tWC00000FBLapYAH,Core Impact Enterprise & 5 seats each OST & Cobalt Strike Bundle (Technical),OS-CI-RSL-CIEOST5-TECH
01tWC00000FBLaqYAH,Core Impact Enterprise & 10 seats each OST & Cobalt Strike Bundle (Technical),OS-CI-RSL-CIEOST10-TECH
01tWC00000FBLarYAH,Outflank Security Tooling (OST) (Technical),OS-OFS-RSL-OSTOS-TECH
01tWC00000FBLasYAH,SCS Services (Technical),OS-CI-NRST-SCSS-TECH
01tWC00000FBLatYAH,Cobalt Strike (Technical),OS-COS-NRPS-COBSTR-TECH
01tWC00000FBRykYAH,beSTORM (Technical),VM-APS-RSL-BESTSU-TECH
01tWC00000FBSjWYAX,Domain Monitoring (Technical),BP-ETM-RSSH-OSDMON-TECH
01tWC00000FBSjXYAX,Additional Threat Assessments (Technical),BP-ETM-RMS-ADDITH-TECH
01tWC00000FBSjYYAX,Counterfelt Intelligence (Technical),BP-ETM-RMS-COUNTE-TECH
01tWC00000FBSjZYAX,Credential Baiting (Technical),BP-ETM-RMS-CREDBA-TECH
01tWC00000FBSjaYAH,Credential Theft (Technical),BP-ETM-RMS-CREDTH-TECH
01tWC00000FBSjbYAH,Credential Theft Intelligence (Technical),BP-ETM-RMS-CREDTI-TECH
01tWC00000FBSjcYAH,Crimeware (Technical),BP-ETM-RMS-CRIMEW-TECH
01tWC00000FBSjdYAH,Dark Web Brand Monitoring (Technical),BP-TSE-RMS-DARKBM-TECH
01tWC00000FBSjeYAH,Dark Web Compromised Credential Monitoring (Technical),BP-TSE-RMS-DARKCC-TECH
01tWC00000FBSjfYAH,Digital Risk Protection Solution (Technical),BP-ETM-RMS-DRPSS-TECH
01tWC00000FBSjgYAH,Domain Protection (Technical),BP-ETM-RMS-DOMAIN-TECH
01tWC00000FBSjhYAH,Fraud Intelligence On-Demand (Technical),BP-ETI-RMS-FIOD-TECH
01tWC00000FBSjiYAH,Malware Feed (Technical),BP-ETM-RMS-MFS-TECH
01tWC00000FBSjjYAH,Mobile (Technical),BP-ETM-RMS-MOBISU-TECH
01tWC00000FBSjkYAH,Open Web (Technical),BP-ETM-RMS-OPENSU-TECH
01tWC00000FBSjlYAH,Phishing Feed (Technical),BP-ETM-RMS-PHISFE-TECH
01tWC00000FBSjmYAH,Phishing Threat Forensics (Technical),BP-ETM-RMS-PHISTH-TECH
01tWC00000FBSjnYAH,Defensive Security Setup Fee (Technical),BP-ETM-NRSU-DSSFS-TECH
01tWC00000FBSjoYAH,Social Media - Cyber (Technical),BP-TSE-RMS-SOCIMC-TECH
01tWC00000FBSjpYAH,Social Media - Executive (Technical),BP-TSE-RMS-SOCIME-TECH
01tWC00000FBSjqYAH,Social Media - Physical (Technical),BP-TSE-RMS-SOCIMP-TECH
01tWC00000FBSjrYAH,Social Media - Reputational (Technical),BP-TSE-RMS-SOCIMR-TECH
01tWC00000FBSjsYAH,Social Media - Source Code (Technical),BP-TSE-RMS-SOCIMS-TECH
01tWC00000FBSjtYAH,Take-Down Only (Technical),BP-ETM-RMS-TDOS-TECH
01tWC00000FBT2tYAH,Terranova - Getting Started Setup (Technical),HRM-HRM-NRST-TGSSS-TECH
01tWC00000FBT2uYAH,Terranova - Security Advisory Lunch & Learn (Remote) (Technical),HRM-HRM-NRST-TSALLS-TECH
01tWC00000FBT2vYAH,Training Platform (Technical),HRM-HRM-RSL-TRAIPL-TECH
01tWC00000FBT2wYAH,Volvo - Security Awareness Training and Phishing Simulations (Technical),HRM-HRM-RSL-VOLVSA-TECH
01tWC00000FBT2xYAH,Volvo BeAware bundle – fully managed (Technical),HRM-HRM-RSL-VOLVBA-TECH
01tWC00000FBT2yYAH,Terranova Services (Technical),HRM-HRM-NRST-TERRSE-TECH
01tWC00000FBT2zYAH,Serious Game (Technical),HRM-HRM-RSL-SGS-TECH
01tWC00000FBT30YAH,Smishing Bundle (Technical),HRM-HRM-RSL-SBS-TECH
01tWC00000FBWTpYAP,GoAnywhere (Technical)-NewMaintenance,GOA-GAM-RNM-GANM-TECH
01tWC00000FBWTqYAP,GoAnywhere (Technical)-RenewalMaintenance,GOA-GAM-RRM-GARM-TECH
01tWC00000FBWTrYAP,GoAnywhere Accelerated File Transfer (Technical)-NewMaintenance,GOA-GAM-RNM-GAAFTN-TECH
01tWC00000FBWTsYAP,GoAnywhere Accelerated File Transfer (Technical),GOA-GAM-NRPS-GAAFTP-TECH
01tWC00000FBWTtYAP,GoAnywhere Accelerated File Transfer (Technical)-RenewalMaintenance,GOA-GAM-RRM-GAAFTR-TECH
01tWC00000FBWTuYAP,GoAnywhere Accelerated File Transfer (Technical),GOA-GAM-RSS-GAAFTS-TECH
01tWC00000FBWTvYAP,GoAnywhere Accelerated File Transfer Per Gbps (Technical)-NewMaintenance,GOA-GAM-RNM-GOANYW-TECH
01tWC00000FBWTwYAP,GoAnywhere Accelerated File Transfer Per Gbps (Technical),GOA-GAM-NRPS-GAAP-TECH
01tWC00000FBWTxYAP,GoAnywhere Accelerated File Transfer Per Gbps (Technical)-RenewalMaintenance,GOA-GAM-RRM-GAAM-TECH
01tWC00000FBWTyYAP,GoAnywhere Accelerated File Transfer Per Gbps (Technical),GOA-GAM-RSS-GAAS-TECH
01tWC00000FBWTzYAP,GoAnywhere Advanced Agent (Technical)-NewMaintenance,GOA-GAM-RNM-GAAANM-TECH
01tWC00000FBWU0YAP,GoAnywhere Advanced Agent (Technical),GOA-GAM-NRPS-GAAAP-TECH
01tWC00000FBWU1YAP,GoAnywhere Advanced Agent (Technical)-RenewalMaintenance,GOA-GAM-RRM-GAAARM-TECH
01tWC00000FBWU2YAP,GoAnywhere Advanced Agent (Technical),GOA-GAM-RSS-GAAAS-TECH
01tWC00000FBWU3YAP,GoAnywhere Advanced Reporting (Technical)-NewMaintenance,GOA-GAM-RNM-GAARNM-TECH
01tWC00000FBWU4YAP,GoAnywhere Advanced Reporting (Technical),GOA-GAM-NRPS-GAARP-TECH
01tWC00000FBWU5YAP,GoAnywhere Advanced Reporting (Technical)-RenewalMaintenance,GOA-GAM-RRM-GAARRM-TECH
01tWC00000FBWU6YAP,GoAnywhere Advanced Reporting (Technical),GOA-GAM-RSS-GAARS-TECH
01tWC00000FBWU7YAP,GoAnywhere Advanced Workflows (Technical)-NewMaintenance,GOA-GAM-RNM-GAAWNM-TECH
01tWC00000FBWU8YAP,GoAnywhere Advanced Workflows (Technical),GOA-GAM-NRPS-GAAWP-TECH
01tWC00000FBWU9YAP,GoAnywhere Advanced Workflows (Technical)-RenewalMaintenance,GOA-GAM-RRM-GAAWRM-TECH
01tWC00000FBWUAYA5,GoAnywhere Advanced Workflows (Technical),GOA-GAM-RSS-GAAWS-TECH
01tWC00000FBWUBYA5,GoAnywhere Advanced Workflows and Reporting (Technical)-NewMaintenance,GOA-GAM-RNM-GAAWRN-TECH
01tWC00000FBWUCYA5,GoAnywhere Advanced Workflows and Reporting (Technical),GOA-GAM-NRPS-GAAWRP-TECH
01tWC00000FBWUDYA5,GoAnywhere Advanced Workflows and Reporting (Technical)-RenewalMaintenance,GOA-GAM-RRM-GAAWRR-TECH
01tWC00000FBWUEYA5,GoAnywhere Advanced Workflows and Reporting (Technical),GOA-GAM-RSS-GAAWRS-TECH
01tWC00000FBWUFYA5,GoAnywhere Agent (Technical)-NewMaintenance,GOA-GAM-RNM-GAANM-TECH
01tWC00000FBWUGYA5,GoAnywhere Agent (Technical),GOA-GAM-NRPS-GOAN-TECH
01tWC00000FBWUHYA5,GoAnywhere Agent (Technical)-RenewalMaintenance,GOA-GAM-RRM-GAARM-TECH
01tWC00000FBWUIYA5,GoAnywhere Agent (Technical),GOA-GAM-RSS-GOAS-TECH
01tWC00000FBWUJYA5,GoAnywhere AS2 Send/Receive (Technical)-NewMaintenance,GOA-GAM-RNM-GAASRN-TECH
01tWC00000FBWUKYA5,GoAnywhere AS2 Send/Receive (Technical),GOA-GAM-NRPS-GAASRP-TECH
01tWC00000FBWULYA5,GoAnywhere AS2 Send/Receive (Technical)-RenewalMaintenance,GOA-GAM-RRM-GAASRR-TECH
01tWC00000FBWUMYA5,GoAnywhere AS2 Send/Receive (Technical),GOA-GAM-RSS-GAASRS-TECH
01tWC00000FBWUNYA5,GoAnywhere AS3 Send/Receive (Technical)-NewMaintenance,GOA-GAM-RNM-GONM-TECH
01tWC00000FBWUOYA5,GoAnywhere AS3 Send/Receive (Technical),GOA-GAM-NRPS-GORP-TECH
01tWC00000FBWUPYA5,GoAnywhere AS3 Send/Receive (Technical)-RenewalMaintenance,GOA-GAM-RRM-GORM-TECH
01tWC00000FBWUQYA5,GoAnywhere AS3 Send/Receive (Technical),GOA-GAM-RSS-GORS-TECH
01tWC00000FBWURYA5,GoAnywhere AS4 Send/Receive (Technical)-NewMaintenance,GOA-GAM-RNM-GOANY-TECH
01tWC00000FBWUSYA5,GoAnywhere AS4 Send/Receive (Technical),GOA-GAM-NRPS-GANYWH-TECH
01tWC00000FBWUTYA5,GoAnywhere AS4 Send/Receive (Technical)-RenewalMaintenance,GOA-GAM-RRM-GOAA-TECH
01tWC00000FBWUUYA5,GoAnywhere AS4 Send/Receive (Technical),GOA-GAM-RSS-GOANA-TECH
01tWC00000FBWUVYA5,GoAnywhere Basic Agent (Technical)-NewMaintenance,GOA-GAM-RNM-GABANM-TECH
01tWC00000FBWUWYA5,GoAnywhere Basic Agent (Technical),GOA-GAM-NRPS-GABAP-TECH
01tWC00000FBWUXYA5,GoAnywhere Basic Agent (Technical)-RenewalMaintenance,GOA-GAM-RRM-GABARM-TECH
01tWC00000FBWUYYA5,GoAnywhere Basic Agent (Technical),GOA-GAM-RSS-GABAS-TECH
01tWC00000FBWUZYA5,GoAnywhere Business Activity Monitor (Technical)-NewMaintenance,GOA-GAM-RNM-GABAMN-TECH
01tWC00000FBWUaYAP,GoAnywhere Business Activity Monitor (Technical),GOA-GAM-NRPS-GABAMP-TECH
01tWC00000FBWUbYAP,GoAnywhere Business Activity Monitor (Technical)-RenewalMaintenance,GOA-GAM-RRM-GABAMR-TECH
01tWC00000FBWUcYAP,GoAnywhere Business Activity Monitor (Technical),GOA-GAM-RSS-GABAMS-TECH
01tWC00000FBWVPYA5,Tripwire Log Center for Industrial Environments (Technical)-RenewalMaintenance,FIM-TLC-RRM-TLCIER-TECH
01tWC00000FBWVQYA5,Tripwire Log Center for Microsoft Exchange (includes Advanced Log Collector Agent) (Technical)-NewMaintenance,FIM-TLC-RNM-TLCMEI-TECH
01tWC00000FBWVRYA5,Tripwire Log Center for Microsoft Exchange (includes Advanced Log Collector Agent) (Technical),FIM-TLC-NRPS-TLOGCE-TECH
01tWC00000FBWVSYA5,Tripwire Log Center for Microsoft Exchange (includes Advanced Log Collector Agent) (Technical)-RenewalMaintenance,FIM-TLC-RRM-TLOCEN-TECH
01tWC00000FBWVTYA5,Tripwire Log Center for Microsoft Exchange (includes Advanced Log Collector Agent) (Technical),FIM-TLC-RSS-TRLOCE-TECH
01tWC00000FBWVUYA5,Tripwire Log Center for Microsoft IIS (includes Advanced Log Collector Agent) (Technical)-NewMaintenance,FIM-TLC-RNM-TLCMII-TECH
01tWC00000FBWVVYA5,Tripwire Log Center for Microsoft IIS (includes Advanced Log Collector Agent) (Technical),FIM-TLC-NRPS-TRLOCM-TECH
01tWC00000FBWVWYA5,Tripwire Log Center for Microsoft IIS (includes Advanced Log Collector Agent) (Technical)-RenewalMaintenance,FIM-TLC-RRM-TRLCEM-TECH
01tWC00000FBWVXYA5,Tripwire Log Center for Microsoft IIS (includes Advanced Log Collector Agent) (Technical),FIM-TLC-RSS-TLOCEM-TECH
01tWC00000FBWVYYA5,Tripwire Log Center for Network Devices - EVAL (Technical),FIM-TLC-NRPS-TLCNDE-TECH
01tWC00000FBWVZYA5,Tripwire Log Center for Network Devices - License Usage Fee (Technical),FIM-TLC-NROR-TLCNDLF-TECH
01tWC00000FBWVaYAP,Tripwire Log Center for Network Devices (Technical)-NewMaintenance,FIM-TLC-RNM-TLCNDN-TECH
01tWC00000FBWVbYAP,Tripwire Log Center for Network Devices (Technical),FIM-TLC-NRPS-TLCNDP-TECH
01tWC00000FBWVcYAP,Tripwire Log Center for Network Devices (Technical)-RenewalMaintenance,FIM-TLC-RRM-TLCNDR-TECH
01tWC00000FBWVdYAP,Tripwire Log Center for Network Devices (includes Remote Collector) (Technical)-NewMaintenance,FIM-TLC-RNM-TLCNDI-TECH
01tWC00000FBWVeYAP,Tripwire Log Center for Network Devices (includes Remote Collector) (Technical),FIM-TLC-NRPS-TRLOCN-TECH
01tWC00000FBWVfYAP,Tripwire Log Center for Network Devices (includes Remote Collector) (Technical)-RenewalMaintenance,FIM-TLC-RRM-TLOCNE-TECH
01tWC00000FBWVgYAP,Tripwire Log Center for Network Devices (includes Remote Collector) (Technical),FIM-TLC-RSS-TRCS-TECH
01tWC00000FBWVhYAP,Tripwire Log Center for POS End Point Systems (includes Advanced Log Collector Agent) (Technical)-NewMaintenance,FIM-TLC-RNM-TLCPEP-TECH
01tWC00000FBWViYAP,Tripwire Log Center for POS End Point Systems (includes Advanced Log Collector Agent) (Technical),FIM-TLC-NRPS-TRLOCP-TECH
01tWC00000FBWVjYAP,Tripwire Log Center for POS End Point Systems (includes Advanced Log Collector Agent) (Technical)-RenewalMaintenance,FIM-TLC-RRM-TRLCEP-TECH
01tWC00000FBWVkYAP,Tripwire Log Center for POS End Point Systems (includes Advanced Log Collector Agent) (Technical),FIM-TLC-RSS-TLOCEP-TECH
01tWC00000FBWVlYAP,Tripwire Log Center for POS Servers (includes Advanced Log Collector Agent) (Technical)-NewMaintenance,FIM-TLC-RNM-TLCPSI-TECH
01tWC00000FBWVmYAP,Tripwire Log Center for POS Servers (includes Advanced Log Collector Agent) (Technical),FIM-TLC-NRPS-TLOCPO-TECH
01tWC00000FBWVnYAP,Tripwire Log Center for POS Servers (includes Advanced Log Collector Agent) (Technical)-RenewalMaintenance,FIM-TLC-RRM-TRLCPS-TECH
01tWC00000FBWVoYAP,Tripwire Log Center for POS Servers (includes Advanced Log Collector Agent) (Technical),FIM-TLC-RSS-TLOCPS-TECH
01tWC00000FBWVpYAP,Tripwire Log Center for Security Devices - EVAL (Technical),FIM-TLC-NRPS-TLCSDE-TECH
01tWC00000FBWVqYAP,Tripwire Log Center for Security Devices - License Usage Fee (Technical),FIM-TLC-NROR-TLCSDLF-TECH
01tWC00000FBWVrYAP,Tripwire Log Center for Security Devices (Technical)-NewMaintenance,FIM-TLC-RNM-TLCSDN-TECH
01tWC00000FBWVsYAP,Tripwire Log Center for Security Devices (Technical),FIM-TLC-NRPS-TLCSDP-TECH
01tWC00000FBWVtYAP,Tripwire Log Center for Security Devices (Technical)-RenewalMaintenance,FIM-TLC-RRM-TLCSDR-TECH
01tWC00000FBWVuYAP,Tripwire Log Center for VMware ESX (includes Advanced Log Collector Agent) (Technical)-NewMaintenance,FIM-TLC-RNM-TLCVEI-TECH
01tWC00000FBWVvYAP,Tripwire Log Center for VMware ESX (includes Advanced Log Collector Agent) (Technical),FIM-TLC-NRPS-TRLOCV-TECH
01tWC00000FBWVwYAP,Tripwire Log Center for VMware ESX (includes Advanced Log Collector Agent) (Technical)-RenewalMaintenance,FIM-TLC-RRM-TRLCEV-TECH
01tWC00000FBWVxYAP,Tripwire Log Center for VMware ESX (includes Remote Collector) (Technical)-NewMaintenance,FIM-TLC-RNM-TLOCEV-TECH
01tWC00000FBWVyYAP,Tripwire Log Center for VMware ESX (includes Remote Collector) (Technical),FIM-TLC-NRPS-TLOCVM-TECH
01tWC00000FBWVzYAP,Tripwire Log Center for VMware ESX (includes Remote Collector) (Technical)-RenewalMaintenance,FIM-TLC-RRM-TRLCVE-TECH
01tWC00000FBWW0YAP,Tripwire Log Center for VMware ESX (includes Remote Collector) (Technical),FIM-TLC-RSS-TLOCVE-TECH
01tWC00000FBWW1YAP,Tripwire Log Center Forwarding Manager (Technical)-RenewalMaintenance,FIM-TLC-RRM-TLCFMR-TECH
01tWC00000FBWW2YAP,Tripwire Log Center Forwarding Manager (Technical),FIM-TLC-RSS-TLCFMS-TECH
01tWC00000FBWW3YAP,Tripwire Log Center Manager (Technical)-NewMaintenance,FIM-TLC-RNM-TLCMNM-TECH
01tWC00000FBWW4YAP,Tripwire Log Center Manager (Technical),FIM-TLC-NRPS-TLCMP-TECH
01tWC00000FBWW5YAP,Tripwire Log Center Manager (Technical)-RenewalMaintenance,FIM-TLC-RRM-TLCMRM-TECH
01tWC00000FBWW6YAP,Tripwire Log Center Manager (Technical),FIM-TLC-RSS-TLCMS-TECH
01tWC00000FBWW7YAP,Tripwire Log Center Manager License (Technical)-NewMaintenance,FIM-TLC-RNM-TLCMLN-TECH
01tWC00000FBWW8YAP,Tripwire Log Center Manager License (Technical),FIM-TLC-NRPS-TLCMLP-TECH
01tWC00000FBWW9YAP,Tripwire Log Center for Network Devices - EVAL (Technical)-NewMaintenance,FIM-TLC-RNM-TLCNDENM-TECH
01tWC00000FBWWAYA5,Tripwire Log Center for Network Devices - EVAL (Technical)-RenewalMaintenance,FIM-TLC-RRM-TLCNDERM-TECH
01tWC00000FBWWBYA5,Tripwire Log Center for Security Devices - EVAL (Technical)-NewMaintenance,FIM-TLC-RNM-TLCSDENM-TECH
01tWC00000FBWWCYA5,Tripwire Log Center for Security Devices - EVAL (Technical)-RenewalMaintenance,FIM-TLC-RRM-TLCSDERM-TECH
01tWC00000FBWaDYAX,CASB Advanced Bundle (Technical),CDP-CSB-RSL-CASBAB-TECH
01tWC00000FBWaEYAX,CASB Essentials Bundle (Technical),CDP-CSB-RSL-CASBEB-TECH
01tWC00000FBWaFYAX,CASB Premium Bundle (Technical),CDP-CSB-RSL-CASBPB-TECH
01tWC00000FBWaGYAX,CASB ServiceNow (field-level encryption) Feature Pack (Technical),CDP-CSB-RSL-CASBSN-TECH
01tWC00000FBWaHYAX,CASB Showdow IT (Technical),CDP-CSB-RSL-CASBSI-TECH
01tWC00000FBWaIYAX,CASB SuccessFactors (field-level encryption) Feature Pack (Technical),CDP-CSB-RSL-CASBSF-TECH
01tWC00000FBWaJYAX,Cloud Security Posture Management (Technical),CDP-CSB-RSL-CSPMS-TECH
01tWC00000FBWaKYAX,DSPM Historical Data Discovery Service (Technical),CDP-DPM-RSL-DSPMH-TECH
01tWC00000FBWaLYAX,Enterprise SASE Support Premium (Technical),CDP-CSB-RSL-ESSPS-TECH
01tWC00000FBWaMYAX,Enterprise SSE Support Permium Plus (Technical),CDP-CSB-RSL-ESSPPS-TECH
01tWC00000FBWaNYAX,Enterprise SSE Support Premium (Technical),CDP-CSB-RSL-ENSS-TECH
01tWC00000FBWaOYAX,On-Prem CASB Premium Support (Technical),CDP-CSB-RSL-OPCPSS-TECH
01tWC00000FBWaPYAX,On-Prem CASB Professional Services (Technical),CDP-CSB-RSL-OPCPRO-TECH
01tWC00000FBWaQYAX,On-Prem CASB Software (Technical),CDP-CSB-RSL-OPCSOF-TECH
01tWC00000FBWaRYAX,Remote Browser Isolation (Technical),CDP-CSB-RSL-RBIS-TECH
01tWC00000FBWaSYAX,SASE Integration Service Fee (Technical),CDP-CSB-NRSU-SASEIS-TECH
01tWC00000FBWaTYAX,SASE Quick Start Onboarding fee (Technical),CDP-CSB-NRSU-SASEQS-TECH
01tWC00000FBWaUYAX,SSE Test Tenant Bundle (Technical),CDP-CSB-RSL-SSET-TECH
01tWC00000FBWaVYAX,SWG Bundle (Technical),CDP-SG-RSL-SWGB-TECH
01tWC00000FBWaWYAX,Zero Trust Network Access License (Technical),CDP-ZTN-RSL-ZTNALS-TECH
01tWC00000FBWaXYAX,Quick Start Implementation Package - DSPM Essentials (Technical),CDP-DPM-NRSU-QSIPDSPM-TECH
01tWC00000FBWaYYAX,Quick Start Implementation Package - DSPM Advanced (Technical),CDP-DPM-NRSU-QSIPDSA-TECH
01tWC00000FBWaZYAX,DSPM Historical Data Discovery Service per TB (Technical),CDP-DPM-RSL-DSHDDS-TECH
01tWC00000FBWaaYAH,DSPM Advanced (Technical),CDP-DPM-RSL-DSPMA-TECH
01tWC00000FBWabYAH,DSPM Elite (Technical),CDP-DPM-RSL-DSPME-TECH
01tWC00000FBWacYAH,DSPM Essentials (Technical),CDP-DPM-RSL-DSPMES-TECH
01tWC00000FBWadYAH,DSPM Advanced Bundle (Technical),CDP-DPM-RSL-DSPMAB-TECH
01tWC00000FBWaeYAH,DSPM Essentials Bundle (Technical),CDP-DPM-RSL-DSPMEB-TECH
01tWC00000FBWf3YAH,Managed Services - Phishing Simulation (Technical),HRM-HRM-NRST-MSPSS-TECH
01tWC00000FBWf4YAH,Phishing Platform (Technical),HRM-HRM-RSL-PHISPL-TECH
01tWC00000FBWf5YAH,Security Awareness Program (Technical),HRM-HRM-RSL-SAPS-TECH
01tWC00000FBWf6YAH,Human Risk Management (Technical),HRM-HRM-RSP-HRMGMT-TECH
01tWC00000FBWf7YAH,AT&T - SecED ISA (Technical),HRM-HRM-RSL-ATT-TECH
01tWC00000FBWf8YAH,Click and Launch Security Awareness Training - All Star (Technical),HRM-HRM-RSL-CLSAAS-TECH
01tWC00000FBWf9YAH,Click and Launch Security Awareness Training - Champion (Technical),HRM-HRM-RSL-CLSACH-TECH
01tWC00000FBWfAYAX,Client Courses hosted on Platerra (Technical),HRM-HRM-RSL-CCHOPS-TECH
01tWC00000FBWfBYAX,Customization (Hourly) (Technical),HRM-HRM-NRST-CUSTOM-TECH
01tWC00000FBWfCYAX,GDPR (Technical),HRM-HRM-RSL-GDPRS-TECH
01tWC00000FBWfDYAX,HIPAA/HITECH Awareness (Technical),HRM-HRM-RSL-HIPAAH-TECH
01tWC00000FBWfEYAX,Human Risk Management (Technical)-RenewalMaintenance,HRM-HRM-RRM-HRMRM-TECH
01tWC00000FBWfFYAX,Managed Services - Security Awareness training campaign (Technical),HRM-HRM-NRST-MSSATCS-TECH
01tWC00000FBWfGYAX,Microlearning (Technical),HRM-HRM-RSL-MICROL-TECH
01tWC00000FBWfHYAX,MSSP (Technical),HRM-HRM-RSL-MSSPS-TECH
01tWC00000FBWfIYAX,Nanolearning (Technical),HRM-HRM-RSL-NANOLE-TECH
01tWC00000FBWfJYAX,Open Web Application Security Project (OWASP) (Technical),HRM-HRM-RSL-OPENAS-TECH
01tWC00000FBWfKYAX,Partner Exclusive : Phishing Simulation Starter Kit (Technical),HRM-HRM-RSL-PE:PSS-TECH
01tWC00000FBWfLYAX,PCI DSS Awareness (Technical),HRM-HRM-RSL-PCIDSS-TECH
01tWC00000FBWfMYAX,Personally Identifiable Information (PII) (Technical),HRM-HRM-RSL-PIIPS-TECH
01tWC00000FBWfNYAX,Quiz (Technical),HRM-HRM-RSL-QUIZSU-TECH
01tWC00000FBWfOYAX,Privacy Awareness (Technical),HRM-HRM-RSL-PRIVAC-TECH
01tWC00000FBWfPYAX,Protected Health Information (PHI) (Technical),HRM-HRM-RSL-PHIPS-TECH
01tWC00000FBWfQYAX,Security Advisory (Technical),HRM-HRM-RSP-SEAD-TECH
01tWC00000FBWfRYAX,Security Awareness (Technical),HRM-HRM-RSL-SEAW-TECH
01tWC00000FBWfSYAX,Security Awareness Library - Classic Bundle (Technical),HRM-HRM-RSL-SALCBS-TECH
01tWC00000FBWfTYAX,Security Awareness Library - Selection Bundle (Technical),HRM-HRM-RSL-SALSBS-TECH
01tWC00000FBWfUYAX,Security Awareness Library - Ultimate Bundle (Technical),HRM-HRM-RSL-SALUBS-TECH
01tWC00000FBWfVYAX,Security Awareness ProgramClassic Bundle (without Phishing) (Technical),HRM-HRM-RSL-SAPCBWPS-TECH
01tWC00000FBWfWYAX,Security Awareness Program - Classic Bundle - Self Managed (Technical),HRM-HRM-RSL-SAPCBSMS-TECH
01tWC00000FBWfXYAX,Security Awareness Program - Selection Bundle - Self Managed (Technical),HRM-HRM-RSL-SAPSBSMS-TECH
01tWC00000FBWfYYAX,Security Awareness Program - Ultimate Bundle - Self Managed (Technical),HRM-HRM-RSL-SAPUBSMS-TECH
01tWC00000FBWfZYAX,Quick Start Implementation Package - HRM (Technical),HRM-HRM-NRST-QSIPHRM-TECH
01tWC00000FBWfaYAH,HRM Hourly Services (Post Paid) (Technical),HRM-HRM-NRST-HRMHS-TECH
01tWC00000FBWfbYAH,HRM Managed Service Starter Pack (Technical),HRM-HRM-NRST-HRMMSS-TECH
01tWC00000FBWfcYAH,Human Risk Management Software Platform (Technical),HRM-HRM-RSL-HRMSP-TECH
01tWC00000FBWfdYAH,HRM Managed Service-Phishing Campaigns (Technical),HRM-HRM-RSP-HMSPCS-TECH
01tWC00000FBWfeYAH,HRM Managed Service-Quiz (Technical),HRM-HRM-RSP-HMSQS-TECH
01tWC00000FBWffYAH,HRM Managed Service-Smishing Campaigns (Technical),HRM-HRM-RSP-HMSSCS-TECH
01tWC00000FBWfgYAH,HRM Managed Service-Vishing Campaigns (Robo Calls) (Technical),HRM-HRM-RSP-HMSVCCS-TECH
01tWC00000FBWfhYAH,HRM Managed Service-Smishing Campaigns Set Up (Technical),HRM-HRM-RSP-HMSSCSUS-TECH
01tWC00000FBWfiYAH,HRM Managed Service-Vishing Campaigns (Robo Calls) Set Up (Technical),HRM-HRM-RSP-HMSVCSUS-TECH
01tWC00000FBWfjYAH,HRM Hourly Services (Prepaid) (Technical),HRM-HRM-NRST-HRMHSPP-TECH
01tWC00000FBWfkYAH,HRM Managed Service -Awareness Training (Technical),HRM-HRM-RSP-HMSATS-TECH
01tWC00000FBWflYAH,10 Languages and 50 Courses Included (Technical),HRM-HRM-RSL-10L50CS-TECH
01tWC00000FBWfmYAH,All Languages and Courses Included (Technical),HRM-HRM-RSL-ALCIS-TECH
01tWC00000FBWfnYAH,3 Languages and 25 Courses Included (Technical),HRM-HRM-RSL-3L25CS-TECH
01tWC00000FBWfoYAH,HRM Advanced Bundle (Technical),HRM-HRM-RSL-HRMADSS-TECH
01tWC00000FBWfpYAH,HRM Elite Bundle (Technical),HRM-HRM-RSL-HRMEBSS-TECH
01tWC00000FBWfqYAH,HRM Essentials Bundle (Technical),HRM-HRM-RSL-HRMESBSS-TECH
01tWC00000FBWn7YAH,Web Application Scanning - Cloud-Based (Technical),VM-BSL-RSL-WASCBS-TECH
01tWC00000FBWn8YAH,Fortra PCI Scanning (Technical),VM-BSL-RSL-FPSS-TECH
01tWC00000FBWn9YAH,beSecure (Technical),VM-BSL-RSL-BESECS-TECH
01tWC00000FBWnAYAX,beSECURE - Cloud-Based (Technical),VM-BSL-RSL-BESECB-TECH
01tWC00000FBWnBYAX,beSECURE - Premise-Based (Technical),VM-BSL-RSL-BESEPB-TECH
01tWC00000FBWnCYAX,beSTORM - Black Box Fuzzing (Technical),VM-BSL-RSL-BESTBB-TECH
01tWC00000FBWnDYAX,WSSA (Website Security Audit) (Technical),VM-BSL-RSL-WSSAW-TECH
01tWC00000FBWojYAH,Frontline PCI-ASV Scanning - External Only (Technical),VM-DDL-RSL-FPCIAS-TECH
01tWC00000FBWokYAH,Frontline Active Threat Sweep (Technical),VM-DDL-RSL-FATSWP-TECH
01tWC00000FBWolYAH,DuoSec MFA Licenses (Technical),VM-DDL-RSL-DSMFAL-TECH
01tWC00000FBWomYAH,TEAM Services (Technical),VM-DDL-RSL-TEAMSS-TECH
01tWC00000FBWonYAH,24 X 7 X 365 Monitoring (Technical),VM-DDL-NRSU-2X7X3M-TECH
01tWC00000FBWooYAH,Active Threat Sweep - Per Windows Device (Technical),VM-DDL-NRST-ATSPWDS-TECH
01tWC00000FBWopYAH,Active Threat Sweep - Per Windows Device (Technical),VM-DDL-RSL-ACTITH-TECH
01tWC00000FBWoqYAH,Basic Information Security Policy Handbook (Technical),VM-DDL-RSL-BISPHS-TECH
01tWC00000FBWorYAH,Digital Defense Services (Technical),VM-DDL-NRSE-DDS-TECH
01tWC00000FBWosYAH,Fortra Penetration Assessment - External (Technical),VM-DDL-RSL-FPAES-TECH
01tWC00000FBWotYAH,Fortra Penetration Assessment - Internal (Technical),VM-DDL-RSL-FPAIS-TECH
01tWC00000FBWouYAH,Fortra Penetration Assessment - Internal & External (Technical),VM-DDL-RSL-FPAIES-TECH
01tWC00000FBWovYAH,Fortra Penetration Test - External (Technical),VM-DDL-RSL-FPTES-TECH
01tWC00000FBWowYAH,Fortra Security Assessment (Technical),VM-DDL-RSP-FSA-TECH
01tWC00000FBWoxYAH,Fortra VM and Cobalt Bundle (Technical),VM-DDL-RSL-FVMCBS-TECH
01tWC00000FBWoyYAH,Fortra VM and Core Impact Bundle (Technical),VM-DDL-RSL-FVCIBS-TECH
01tWC00000FBWozYAH,"Fortra VM, Core Impact Basic, Cobalt Strike Large Bundle (Technical)",VM-DDL-RSL-FVCIBC-TECH
01tWC00000FBWp0YAH,"Fortra VM, Core Impact Basic, Cobalt Strike Medium Bundle (Technical)",VM-DDL-RSL-FVCS-TECH
01tWC00000FBWp1YAH,"Fortra VM, Core Impact Basic, Cobalt Strike Small Bundle (Technical)",VM-DDL-RSL-FOVM-TECH
01tWC00000FBWp2YAH,"Fortra VM, Core Impact Enterprise, Cobalt Strike Large Bundle (Technical)",VM-DDL-RSL-FVCIEC-TECH
01tWC00000FBWp3YAH,"Fortra VM, Core Impact Enterprise, Cobalt Strike Medium Bundle (Technical)",VM-DDL-RSL-FOBS-TECH
01tWC00000FBWp4YAH,"Fortra VM, Core Impact Enterprise, Cobalt Strike Small Bundle (Technical)",VM-DDL-RSL-FORTRV-TECH
01tWC00000FBWp5YAH,"Fortra VM, Core Impact Enterprise, Outflank Security Tooling Bundle (Technical)",VM-DDL-RSL-FVCIEO-TECH
01tWC00000FBWp6YAH,"Fortra VM, Core Impact Pro, Cobalt Strike Large Bundle (Technical)",VM-DDL-RSL-FVCIPC-TECH
01tWC00000FBWp7YAH,"Fortra VM, Core Impact Pro, Cobalt Strike Medium Bundle (Technical)",VM-DDL-RSL-FORTVM-TECH
01tWC00000FBWp8YAH,"Fortra VM, Core Impact Pro, Cobalt Strike Small Bundle (Technical)","VM-DDL-RSL-FORVM,-TECH"
01tWC00000FBWp9YAH,"Fortra VM, Core Impact Pro, Outflank Security Tooling Bundle (Technical)",VM-DDL-RSL-FVCIPO-TECH
01tWC00000FBWpAYAX,Fortra Web Application Penetration Test - API Assessment (Technical),VM-DDL-RSL-FWAPTA-TECH
01tWC00000FBWpBYAX,Fortra Web Application Penetration Test - Per Added 25 Pages (Technical),VM-DDL-RSL-FWAPTP-TECH
01tWC00000FBWpCYAX,Fortra Web Application Penetration Test (Technical),VM-DDL-RSL-FWAPTS-TECH
01tWC00000FBWpDYAX,Fortra Web Application Scanning (Technical),VM-DDL-RSL-FWASS-TECH
01tWC00000FBWpEYAX,Frontline Advanced - Self Directed Scanning (Technical),VM-DDL-NRST-FASDSS-TECH
01tWC00000FBWpFYAX,Frontline Basic - Vulnerability Scanning (Technical),VM-DDL-NRST-FBVSS-TECH
01tWC00000FBWpGYAX,Frontline Cyber Threat Assessment (Technical),VM-DDL-NRST-FCTA-TECH
01tWC00000FBWpHYAX,Frontline Cyber Threat Monitoring (Technical),VM-DDL-RSL-FCTMS-TECH
01tWC00000FBWpIYAX,Frontline Cyber Threat Risk Report Card (Technical),VM-DDL-NRST-FCTRRC-TECH
01tWC00000FBWpJYAX,Frontline PCI Pro - Fully Managed Scanning - Internal and/or External (Technical),VM-DDL-NRST-FPPFSIES-TECH
01tWC00000FBWpKYAX,Frontline PCI-ASV Scanning - External Only (Technical),VM-DDL-NRST-FPASEOS-TECH
01tWC00000FBWpLYAX,Frontline Pen Assessment - External-Only Testing (Technical),VM-DDL-NRST-FPAEOTS-TECH
01tWC00000FBWpMYAX,Frontline Pen Assessment - Internal & External Testing (Technical),VM-DDL-NRST-FPAIETS-TECH
01tWC00000FBWpNYAX,Frontline Pen Assessment - Internal-Only Testing (Technical),VM-DDL-NRST-FPAIOTS-TECH
01tWC00000FBWpOYAX,Frontline Pen Test - External-Only (Technical),VM-DDL-NRST-FPTEOS-TECH
01tWC00000FBWpPYAX,Frontline Pen Test - Internal-Only (Technical),VM-DDL-NRST-FPTIOS-TECH
01tWC00000FBWpQYAX,Frontline Professional - Fully Managed Scanning (Technical),VM-DDL-NRST-FPFMSS-TECH
01tWC00000FBWpRYAX,Frontline Web Application Penetration Testing (Technical),VM-DDL-NRST-FLWAPTS-TECH
01tWC00000FBWpSYAX,Frontline Web Application Penetration Testing - API Assesssment (Technical),VM-DDL-NRST-FWAPTAAS-TECH
01tWC00000FBWpTYAX,Frontline Web Application Penetration Testing - Per Added 25 Pages (Technical),VM-DDL-NRST-FWAPTPAP-TECH
01tWC00000FBWpUYAX,Frontline Web Application Scanning (Technical),VM-DDL-NRST-FWAS-TECH
01tWC00000FBWpVYAX,Phishing and Internet Fraud Prevention Services (Technical),VM-DDL-RMS-PHISIF-TECH
01tWC00000FBWpWYAX,RedShield (Technical),VM-DDL-RSP-REDSHI-TECH
01tWC00000FBWtZYAX,Vulnerability Management (Technical)-NewMaintenance,VM-DDL-RNM-VULNNE-TECH
01tWC00000FBWtaYAH,Vulnerability Management (Technical)-RenewalMaintenance,VM-DDL-RRM-VULNRE-TECH
01tWC00000FBWtbYAH,Virtual RNA (Technical),VM-DDL-RSL-VRNASS-TECH
01tWC00000FBWtcYAH,Website Compliance Audit - Financial Institutions - Project (Technical),VM-DDL-NRST-WCAFIPS-TECH
01tWC00000FBWtdYAH,Website Compliance Audit - Financial Institutions - Recuring (Technical),VM-DDL-RSP-WCAFIRS-TECH
01tWC00000FBWvBYAX,Fortra Managed PCI (Technical),VM-VLM-RSL-FMPS-TECH
01tWC00000FBWvCYAX,Fortra MSP VM (Technical),VM-VLM-RSL-FMVS-TECH
01tWC00000FBWvDYAX,Fortra MSP VM Additional (Technical),VM-VLM-RSL-FMVAS-TECH
01tWC00000FBWvEYAX,Fortra Penetration Test - Internal (Technical),VM-VLM-RSL-FPTIS-TECH
01tWC00000FBWvFYAX,Fortra VM Basic (Technical),VM-VLM-RSL-FVBS-TECH
01tWC00000FBWvGYAX,Fortra VM Managed (Technical),VM-VLM-RSL-FVMS-TECH
01tWC00000FBWvHYAX,Fortra VM Standard (Technical),VM-VLM-RSL-FVSS-TECH
01tWC00000FBWvIYAX,PCI Pro - Fully Managed (Technical),VM-VLM-RSL-PCIPFM-TECH
01tWC00000FBWvJYAX,PCI-ASV Scanning - External Only (Technical),VM-VLM-RSL-PCIASV-TECH
01tWC00000FBWvKYAX,Physical Security Site Review - Project (Technical),VM-VLM-NRST-PSSRPS-TECH
01tWC00000FBWvLYAX,Physical Security Site Review - Recurring (Technical),VM-VLM-RSP-PSSRRS-TECH
01tWC00000FBWvMYAX,Red Team Pen Test (Technical),VM-VLM-NRST-RTPT-TECH
01tWC00000FBWvNYAX,Red Team Pen Test Recurring Service (Technical),VM-VLM-RSP-RTPTRS-TECH
01tWC00000FBWvOYAX,Social Test - Project (Technical),VM-VLM-NRST-STPS-TECH
01tWC00000FBWvPYAX,Social Test - Recurring (Technical),VM-VLM-RSP-STRS-TECH
01tWC00000FBWvQYAX,Social Test (Technical),VM-VLM-RMS-SOCITS-TECH
01tWC00000FBWvRYAX,VM Analyst (Technical),VM-VLM-NRSU-VMA-TECH
01tWC00000FBWvSYAX,VM Analyst Recurring (Technical),VM-VLM-RSP-VMARS-TECH
01tWC00000FBWvTYAX,Wireless Penetration Test - Project (Technical),VM-VLM-NRST-WPTPS-TECH
01tWC00000FBWvUYAX,Wireless Penetration Test - Recurring (Technical),VM-VLM-RSP-WPTRS-TECH
01tWC00000FBX3FYAX,DCS Cloud - Core (Technical),DP-DC-RSL-DCSCS-TECH
01tWC00000FBX3GYAX,DCS Cloud - Business (Technical),DP-DC-RSL-DCCSCB-TECH
01tWC00000FBX3HYAX,DCS Cloud - Enterprise (Technical),DP-DC-RSL-DCSES-TECH
01tWC00000FBX3IYAX,DCS Cloud - Enterprise+ (Technical),DP-DC-RSL-DCSEP-TECH
01tWC00000FBX3JYAX,DCS for Data at Rest (Technical),DP-DC-RSS-DCSDAR-TECH
01tWC00000FBX3KYAX,DCS for Windows and OWA (Technical)-NewMaintenance,DP-DC-RNM-DCSWON-TECH
01tWC00000FBX3LYAX,DCS for Windows and OWA (Technical),DP-DC-NRPS-DCSWOP-TECH
01tWC00000FBX3MYAX,DCS for Windows and OWA (Technical)-RenewalMaintenance,DP-DC-RRM-DCSWOR-TECH
01tWC00000FBX3NYAX,DCS for Windows and SharePoint MDS (Technical)-NewMaintenance,DP-DC-RNM-DCSWSP-TECH
01tWC00000FBX3OYAX,DCS for Windows and SharePoint MDS (Technical),DP-DC-NRPS-DCSWIN-TECH
01tWC00000FBX3PYAX,DCS for Windows and SharePoint MDS (Technical)-RenewalMaintenance,DP-DC-RRM-DCSWIS-TECH
01tWC00000FBX3QYAX,DCS Plus (Technical)-NewMaintenance,DP-DC-RNM-DCSPNM-TECH
01tWC00000FBX3RYAX,DCS Plus (Technical),DP-DC-NRPS-DCSPLU-TECH
01tWC00000FBX3SYAX,DCS Plus (Technical)-RenewalMaintenance,DP-DC-RRM-DCSPRM-TECH
01tWC00000FBX3TYAX,DCS Plus (Technical),DP-DC-RSS-DCSPLS-TECH
01tWC00000FBX3UYAX,DCS Policy Manager on Cloud (Technical),DP-DC-RSL-DCSPMO-TECH
01tWC00000FBX3VYAX,DCS SDK (Technical),DP-DC-RSS-DCSSDK-TECH
01tWC00000FBX3WYAX,Exchange Classifier (Technical)-NewMaintenance,DP-DC-RNM-EXCHCN-TECH
01tWC00000FBX3XYAX,Exchange Classifier (Technical),DP-DC-NRPS-EXCHCL-TECH
01tWC00000FBX3YYAX,Exchange Classifier (Technical)-RenewalMaintenance,DP-DC-RRM-EXCHCR-TECH
01tWC00000FBX3ZYAX,Fortra Classifier SDK - Standalone (Technical),DP-DC-RSS-FCSSS-TECH
01tWC00000FBX3aYAH,Fortra Classifier Suite Essentials (Technical)-NewMaintenance,DP-DC-RNM-FCSENM-TECH
01tWC00000FBX3bYAH,Fortra Classifier Suite Essentials (Technical),DP-DC-NRPS-FCSEP-TECH
01tWC00000FBX3cYAH,Fortra Classifier Suite Essentials (Technical)-RenewalMaintenance,DP-DC-RRM-FCSERM-TECH
01tWC00000FBX3dYAH,Fortra Classifier Suite Essentials (Technical),DP-DC-RSS-FCSES-TECH
01tWC00000FBX3eYAH,Fortra Classifier Suite Plus (Technical)-NewMaintenance,DP-DC-RNM-FCSPNM-TECH
01tWC00000FBX3fYAH,Fortra Classifier Suite Plus (Technical),DP-DC-NRPS-FCSPP-TECH
01tWC00000FBX3gYAH,Fortra Classifier Suite Plus (Technical)-RenewalMaintenance,DP-DC-RRM-FCSPRM-TECH
01tWC00000FBX3hYAH,Fortra Classifier Suite Plus (Technical),DP-DC-RSS-FCSPS-TECH
01tWC00000FBX3iYAH,"Fortra DCS ""Advance"" ULTRA Package (Technical)-NewMaintenance",DP-DC-RNM-FDUPN-TECH
01tWC00000FBX3jYAH,"Fortra DCS ""Advance"" ULTRA Package (Technical)",DP-DC-NRPS-FDUPP-TECH
01tWC00000FBX3kYAH,"Fortra DCS ""Advance"" ULTRA Package - Government (Technical)",DP-DC-NRPS-FDCSGP-TECH
01tWC00000FBX3lYAH,"Fortra DCS ""Advance"" ULTRA Package (Technical)-RenewalMaintenance",DP-DC-RRM-FDUPR-TECH
01tWC00000FBX3mYAH,"Fortra DCS ""Advance"" ULTRA Package (Technical)",DP-DC-RSS-FDUAPS-TECH
01tWC00000FBX3nYAH,"Fortra DCS ""Advance"" ULTRA Package - Government (Technical)",DP-DC-RSS-FDCSGS-TECH
01tWC00000FBX3oYAH,"Fortra DCS ""Plus"" ULTRA Package (Technical)-NewMaintenance",DP-DC-RNM-FDPUPN-TECH
01tWC00000FBX3pYAH,"Fortra DCS ""Plus"" ULTRA Package (Technical)",DP-DC-NRPS-FDPUPP-TECH
01tWC00000FBX3qYAH,"Fortra DCS ""Plus"" ULTRA Package - Government (Technical)",DP-DC-NRPS-FDCSUGP-TECH
01tWC00000FBX3rYAH,"Fortra DCS ""Plus"" ULTRA Package (Technical)-RenewalMaintenance",DP-DC-RRM-FDPUPR-TECH
01tWC00000FBX3sYAH,"Fortra DCS ""Plus"" ULTRA Package (Technical)",DP-DC-RSS-FDUPPS-TECH
01tWC00000FBX3tYAH,DCS Policy Manager for Desktop (Technical),DP-DC-RSL-DPMDSS-TECH
01tWC00000FBX3uYAH,DCS Software Development Kit (Technical),DP-DC-RSS-DSDKSS-TECH
01tWC00000FBX3vYAH,Fortra Core Support (Technical),DP-DC-RSP-FCSS-TECH
01tWC00000FBX3wYAH,DCS One (SaaS) (Technical),DP-DC-RSL-DCSAAS-TECH
01tWC00000FBX3xYAH,"Fortra DCS ""Advance"" ULTRA Package - Government (Technical)-RenewalMaintenance",DP-DC-RRM-FDAUPGRM-TECH
01tWC00000FBX3yYAH,"Fortra DCS ""Advance"" ULTRA Package - Government (Technical)-NewMaintenance",DP-DC-RNM-FDAUPGNM-TECH
01tWC00000FBX3zYAH,"Fortra DCS ""Plus"" ULTRA Package - Government (Technical)-RenewalMaintenance",DP-DC-RRM-FDPUPGRM-TECH
01tWC00000FBX40YAH,"Fortra DCS ""Plus"" ULTRA Package - Government (Technical)-NewMaintenance",DP-DC-RNM-FDPUPGNM-TECH
01tWC00000FBX41YAH,DCS Essentials Bundle (Technical),DP-DC-RSS-DCSESB-TECH
01tWC00000FBX42YAH,DCS Elite Bundle (Technical),DP-DC-RSL-DCSEB-TECH
01tWC00000FBX85YAH,Knowledge Classifier (Technical),DP-DC-RSS-KCS-TECH
01tWC00000FBX86YAH,"Fortra DCS ""Plus"" ULTRA Package - Government (Technical)",DP-DC-RSS-FDCSUGS-TECH
01tWC00000FBX87YAH,Fortra DCS Advanced Package (Technical),DP-DC-RSS-FDAPS-TECH
01tWC00000FBX88YAH,Fortra DCS Advanced Package (Technical)-NewMaintenance,DP-DC-RNM-FDAPNM-TECH
01tWC00000FBX89YAH,Fortra DCS Advanced Package (Technical),DP-DC-NRPS-FDAPP-TECH
01tWC00000FBX8AYAX,Fortra DCS Advanced Package (Technical)-RenewalMaintenance,DP-DC-RRM-FDAPRM-TECH
01tWC00000FBX8BYAX,Fortra DCS Essential Package (Technical)-NewMaintenance,DP-DC-RNM-FDEPNM-TECH
01tWC00000FBX8CYAX,Fortra DCS Essential Package (Technical),DP-DC-NRPS-FDEPP-TECH
01tWC00000FBX8DYAX,Fortra DCS Essential Package (Technical)-RenewalMaintenance,DP-DC-RRM-FDEPRM-TECH
01tWC00000FBX8EYAX,Fortra DCS Essential Package (Technical),DP-DC-RSS-FDEPS-TECH
01tWC00000FBX8FYAX,Fortra DCS ESSENTIALS ULTRA PACKAGE (Technical)-NewMaintenance,DP-DC-RNM-FDEUPN-TECH
01tWC00000FBX8GYAX,Fortra DCS ESSENTIALS ULTRA PACKAGE (Technical),DP-DC-NRPS-FDEUPP-TECH
01tWC00000FBX8HYAX,Fortra DCS ESSENTIALS ULTRA PACKAGE (Technical)-RenewalMaintenance,DP-DC-RRM-FDEUPR-TECH
01tWC00000FBX8IYAX,Fortra DCS ESSENTIALS ULTRA PACKAGE (Technical),DP-DC-RSS-FDEUPS-TECH
01tWC00000FBX8JYAX,Fortra DCS for DaR (Data at rest) with DCS INTELLIGENT PROTECTION (Technical)-NewMaintenance,DP-DC-RNM-FDDRDA-TECH
01tWC00000FBX8KYAX,Fortra DCS for DaR (Data at rest) with DCS INTELLIGENT PROTECTION (Technical),DP-DC-NRPS-FORTRA-TECH
01tWC00000FBX8LYAX,Fortra DCS for DaR (Data at rest) with DCS INTELLIGENT PROTECTION - Government (Technical),DP-DC-NRPS-FDCSDGP-TECH
01tWC00000FBX8MYAX,Fortra DCS for DaR (Data at rest) with DCS INTELLIGENT PROTECTION (Technical)-RenewalMaintenance,DP-DC-RRM-FDDM-TECH
01tWC00000FBX8NYAX,Fortra DCS for DaR (Data at rest) with DCS INTELLIGENT PROTECTION (Technical),DP-DC-RSS-FDDS-TECH
01tWC00000FBX8OYAX,Fortra DCS for DaR (Data at rest) with DCS INTELLIGENT PROTECTION - Government (Technical),DP-DC-RSS-FDCSDGS-TECH
01tWC00000FBX8PYAX,Fortra DCS for Data at Rest (Technical)-NewMaintenance,DP-DC-RNM-FDDARN-TECH
01tWC00000FBX8QYAX,Fortra DCS for Data at Rest (Technical),DP-DC-NRPS-FDDARP-TECH
01tWC00000FBX8RYAX,Fortra DCS for Data at Rest (Technical)-RenewalMaintenance,DP-DC-RRM-FDDARR-TECH
01tWC00000FBX8SYAX,Fortra Mail for iOS (Technical)-NewMaintenance,DP-DC-RNM-FMIONM-TECH
01tWC00000FBX8TYAX,Fortra Mail for iOS (Technical),DP-DC-NRPS-FMIOP-TECH
01tWC00000FBX8UYAX,Fortra Mail for iOS (Technical)-RenewalMaintenance,DP-DC-RRM-FMIORM-TECH
01tWC00000FBX8VYAX,Fortra Mail for iOS (Technical),DP-DC-RSS-FMIOS-TECH
01tWC00000FBX8WYAX,Mac Classifier (Technical)-NewMaintenance,DP-DC-RNM-MACCNE-TECH
01tWC00000FBX8XYAX,Mac Classifier (Technical),DP-DC-NRPS-MACCPE-TECH
01tWC00000FBX8YYAX,Mac Classifier (Technical)-RenewalMaintenance,DP-DC-RRM-MACCRE-TECH
01tWC00000FBX8ZYAX,Message Classification (Technical)-NewMaintenance,DP-DC-RNM-MCNM-TECH
01tWC00000FBX8aYAH,Message Classification (Technical),DP-DC-NRPS-MCP-TECH
01tWC00000FBX8bYAH,Message Classification (Technical)-RenewalMaintenance,DP-DC-RRM-MCRM-TECH
01tWC00000FBX8cYAH,Message Classification & Classification for Office & Classification for Desktop Bundle (Technical)-NewMaintenance,DP-DC-RNM-MCCOCD-TECH
01tWC00000FBX8dYAH,Message Classification & Classification for Office & Classification for Desktop Bundle - Enterprise (Technical),DP-DC-NRPS-MCOCDBEP-TECH
01tWC00000FBX8eYAH,Message Classification & Classification for Office & Classification for Desktop Bundle - Standard (Technical),DP-DC-NRPS-MCOCDBSP-TECH
01tWC00000FBX8fYAH,Message Classification & Classification for Office & Classification for Desktop Bundle (Technical)-RenewalMaintenance,DP-DC-RRM-MCCM-TECH
01tWC00000FBX8gYAH,Message Classification & Classification for Office Enterprise Bundle (Technical)-NewMaintenance,DP-DC-RNM-MCCOEB-TECH
01tWC00000FBX8hYAH,Message Classification & Classification for Office Enterprise Bundle (Technical),DP-DC-NRPS-MCCP-TECH
01tWC00000FBX8iYAH,Message Classification & Classification for Office Enterprise Bundle (Technical)-RenewalMaintenance,DP-DC-RRM-MECL-TECH
01tWC00000FBX8jYAH,Mobile Classifier (Technical)-NewMaintenance,DP-DC-RNM-MOBICN-TECH
01tWC00000FBX8kYAH,Mobile Classifier (Technical)-RenewalMaintenance,DP-DC-RRM-MOBICR-TECH
01tWC00000FBX8lYAH,Mobile Classifier (Technical),DP-DC-RSS-MOBICS-TECH
01tWC00000FBX8mYAH,Fortra Mail iOS (On Premise) (Technical),DP-DC-RSS-FMIOSS-TECH
01tWC00000FBX8nYAH,Message Classification & Classification for Office & Classification for Desktop Bundle - Enterprise (Technical)-RenewalMaintenance,DP-DC-RRM-MCCDBERM-TECH
01tWC00000FBX8oYAH,Message Classification & Classification for Office & Classification for Desktop Bundle - Enterprise (Technical)-NewMaintenance,DP-DC-RNM-MCCDBENM-TECH
01tWC00000FBX8pYAH,Message Classification & Classification for Office & Classification for Desktop Bundle - Standard (Technical)-RenewalMaintenance,DP-DC-RRM-MCCDBSRM-TECH
01tWC00000FBX8qYAH,Message Classification & Classification for Office & Classification for Desktop Bundle - Standard (Technical)-NewMaintenance,DP-DC-RNM-MCCDBSNM-TECH
01tWC00000FBX8rYAH,Fortra DCS for DaR (Data at rest) with DCS INTELLIGENT PROTECTION - Government (Technical)-RenewalMaintenance,DP-DC-RRM-DCDARGRM-TECH
01tWC00000FBX8sYAH,Fortra DCS for DaR (Data at rest) with DCS INTELLIGENT PROTECTION - Government (Technical)-NewMaintenance,DP-DC-RNM-DCDARGNM-TECH
01tWC00000FBXBJYA5,Titus (Technical)-NewMaintenance,DP-DC-RNM-TNM-TECH
01tWC00000FBXBKYA5,Titus (Technical),DP-DC-NRPS-TITUSP-TECH
01tWC00000FBXBLYA5,Titus (Technical)-RenewalMaintenance,DP-DC-RRM-TRM-TECH
01tWC00000FBXBMYA5,Titus Accelerator for Privacy (includes T1 Classification Suite) (Technical),DP-DC-RSS-TAPITC-TECH
01tWC00000FBXBNYA5,Titus Classification Enterprise Suite (Technical)-NewMaintenance,DP-DC-RNM-TCESNM-TECH
01tWC00000FBXBOYA5,Titus Classification Enterprise Suite (Technical),DP-DC-NRPS-TCESP-TECH
01tWC00000FBXBPYA5,Titus Classification Enterprise Suite (Technical)-RenewalMaintenance,DP-DC-RRM-TCESRM-TECH
01tWC00000FBXBQYA5,Titus Classification for Mobile (Technical)-NewMaintenance,DP-DC-RNM-TCMNM-TECH
01tWC00000FBXBRYA5,Titus Classification for Mobile (Technical),DP-DC-NRPS-TCMP-TECH
01tWC00000FBXBSYA5,Titus Classification for Mobile (Technical)-RenewalMaintenance,DP-DC-RRM-TCMRM-TECH
01tWC00000FBXBTYA5,Titus Classification for Mobile (Technical),DP-DC-RSS-TCMS-TECH
01tWC00000FBXBUYA5,Titus Classification for Office and Files (Technical)-NewMaintenance,DP-DC-RNM-TCOFNM-TECH
01tWC00000FBXBVYA5,Titus Classification for Office and Files (Technical),DP-DC-NRPS-TCOFP-TECH
01tWC00000FBXBWYA5,Titus Classification for Office and Files (Technical)-RenewalMaintenance,DP-DC-RRM-TCOFRM-TECH
01tWC00000FBXBXYA5,Titus Classification Suite (Technical)-NewMaintenance,DP-DC-RNM-TCSNM-TECH
01tWC00000FBXBYYA5,Titus Classification Suite (Technical),DP-DC-NRPS-TCSP-TECH
01tWC00000FBXBZYA5,"Titus Classification Suite, Illuminate and Ionic Connector (Technical)",DP-DC-NRPS-TCSIICP-TECH
01tWC00000FBXBaYAP,Titus Classification Suite (Technical)-RenewalMaintenance,DP-DC-RRM-TCSRM-TECH
01tWC00000FBXBbYAP,Titus Classification Suite (Technical),DP-DC-RSS-TCSS-TECH
01tWC00000FBXBcYAP,Titus Data Classification (Technical),DP-DC-RSL-TDCS-TECH
01tWC00000FBXBdYAP,Notes Classifier (Technical)-NewMaintenance,DP-DC-RNM-NOTENE-TECH
01tWC00000FBXBeYAP,Notes Classifier (Technical),DP-DC-NRPS-NOTEPE-TECH
01tWC00000FBXBfYAP,Notes Classifier (Technical)-RenewalMaintenance,DP-DC-RRM-NOTERE-TECH
01tWC00000FBXBgYAP,Mobile Classifier (Technical),DP-DC-NRPS-MOBICL-TECH
01tWC00000FBXBhYAP,OWA Classifier (Technical)-NewMaintenance,DP-DC-RNM-OWACNE-TECH
01tWC00000FBXBiYAP,OWA Classifier (Technical),DP-DC-NRPS-OWACPE-TECH
01tWC00000FBXBjYAP,OWA Classifier (Technical)-RenewalMaintenance,DP-DC-RRM-OWACRE-TECH
01tWC00000FBXBkYAP,OWA Classifier (Technical),DP-DC-RSS-OWACSU-TECH
01tWC00000FBXBlYAP,Review Services - Data Classification - Boldon James (Technical),DP-DC-NRST-RSDCBJS-TECH
01tWC00000FBXBmYAP,Review Services - Data Classification - TItus (Technical),DP-DC-NRST-RSDCTS-TECH
01tWC00000FBXBnYAP,Power Classifier for Admin (Technical)-NewMaintenance,DP-DC-RNM-PCANEW-TECH
01tWC00000FBXBoYAP,Power Classifier for Admin (Technical),DP-DC-NRPS-PCAPER-TECH
01tWC00000FBXBpYAP,Power Classifier for Admin (Technical)-RenewalMaintenance,DP-DC-RRM-PCAREN-TECH
01tWC00000FBXBqYAP,Profesional Services - Data Classification (Technical),DP-DC-NRST-PSDCS-TECH
01tWC00000FBXBrYAP,Profesional Services - Data Classification - Titus (Technical),DP-DC-NRST-PSDCTS-TECH
01tWC00000FBXBsYAP,Set up - Data Classification - Boldon James (Technical),DP-DC-NRSU-SUDCBJS-TECH
01tWC00000FBXBtYAP,Set up - Data Classification - Titus (Technical),DP-DC-NRSU-SUDCTS-TECH
01tWC00000FBXBuYAP,SharePoint Classifier (Technical)-NewMaintenance,DP-DC-RNM-SHARCN-TECH
01tWC00000FBXBvYAP,SharePoint Classifier (Technical),DP-DC-NRPS-SHARCL-TECH
01tWC00000FBXBwYAP,SharePoint Classifier (Technical)-RenewalMaintenance,DP-DC-RRM-SHARCR-TECH
01tWC00000FBXBxYAP,SharePoint Classifier (Technical),DP-DC-RSS-SHARCS-TECH
01tWC00000FBXByYAP,SharePoint MDS (Technical)-NewMaintenance,DP-DC-RNM-SHARMD-TECH
01tWC00000FBXBzYAP,SharePoint MDS (Technical),DP-DC-NRPS-SHARMP-TECH
01tWC00000FBXC0YAP,SharePoint MDS (Technical)-RenewalMaintenance,DP-DC-RRM-SHARMR-TECH
01tWC00000FBXC1YAP,Standard TAM (Technical),DP-DC-RSP-STANDA-TECH
01tWC00000FBXC2YAP,Quick Start Implementation Package - DCS Essentials (Technical),DP-DC-NRST-QSIPDCS-TECH
01tWC00000FBXC3YAP,Quick Start Implementation Package - DCS Advanced (Technical),DP-DC-NRST-QSIPDCA-TECH
01tWC00000FBXC4YAP,Quick Start Implementation Package - DCS Elite (Technical),DP-DC-NRST-QSIPDCE-TECH
01tWC00000FBXC5YAP,"Titus Classification Suite, Illuminate and Ionic Connector (Technical)-RenewalMaintenance",DP-DC-RRM-TCSIICRM-TECH
01tWC00000FBXC6YAP,"Titus Classification Suite, Illuminate and Ionic Connector (Technical)-NewMaintenance",DP-DC-RNM-TCSIICNM-TECH
01tWC00000FBXLnYAP,Trend Tables (Technical)-NewMaintenance,BI-SDW-RNM-TRENNE-TECH
01tWC00000FBXLoYAP,Trend Tables (Technical),BI-SDW-NRPS-TRENPE-TECH
01tWC00000FBXLpYAP,Trend Tables (Technical)-RenewalMaintenance,BI-SDW-RRM-TRENRE-TECH
01tWC00000FBXLqYAP,Trend Tables (Technical),BI-SDW-RSS-TRENSU-TECH
01tWC00000FBXLrYAP,Warehouse Builder (Technical)-NewMaintenance,BI-WB-RNM-WAREBN-TECH
01tWC00000FBXLsYAP,Warehouse Builder (Technical),BI-WB-NRPS-WAREBU-TECH
01tWC00000FBXLtYAP,Warehouse Builder (Technical)-RenewalMaintenance,BI-WB-RRM-WAREBR-TECH
01tWC00000FBXLuYAP,Warehouse Builder (Technical),BI-WB-RSS-WAREBS-TECH
01tWC00000FBXLvYAP,Warehouse Manager (Technical)-NewMaintenance,BI-WM-RNM-WAREMN-TECH
01tWC00000FBXLwYAP,Warehouse Manager (Technical),BI-WM-NRPS-WAREMA-TECH
01tWC00000FBXLxYAP,Warehouse Manager (Technical)-RenewalMaintenance,BI-WM-RRM-WAREMR-TECH
01tWC00000FBXLyYAP,Warehouse Manager (Technical),BI-WM-RSS-WAREMS-TECH
01tWC00000FBXLzYAP,SEQUEL SMB Bundle - Primary (Technical)-RenewalMaintenance,BI-SQ-RRM-SSBPRM-TECH
01tWC00000FBXM0YAP,SEQUEL SMB Bundle - Primary (Technical)-NewMaintenance,BI-SQ-RNM-SSBPNM-TECH
01tWC00000FBXM1YAP,SEQUEL SMB Bundle - Secondary (Technical)-RenewalMaintenance,BI-SQ-RRM-SSBSRM-TECH
01tWC00000FBXM2YAP,SEQUEL SMB Bundle - Secondary (Technical)-NewMaintenance,BI-SQ-RNM-SSBSNM-TECH
01tWC00000FBXM3YAP,SEQUEL SMB Bundle - Primary (Technical),BI-SQ-NRPS-SSMBPP-TECH
01tWC00000FBXM4YAP,SEQUEL SMB Bundle - Secondary (Technical),BI-SQ-NRPS-SSMBSP-TECH
01tWC00000FBXM5YAP,SEQUEL SMB Bundle - Primary (Technical),BI-SQ-RSS-SSMBPS-TECH
01tWC00000FBXM6YAP,SEQUEL SMB Bundle - Secondary (Technical),BI-SQ-RSS-SSMBSS-TECH
01tWC00000FBXM7YAP,SEQUEL SMB Bundle Additional User (Technical)-NewMaintenance,BI-SQ-RNM-SEQUSM-TECH
01tWC00000FBXM8YAP,SEQUEL SMB Bundle Additional User (Technical),BI-SQ-NRPS-SEQSMB-TECH
01tWC00000FBXM9YAP,SEQUEL SMB Bundle Additional User (Technical)-RenewalMaintenance,BI-SQ-RRM-SESMB-TECH
01tWC00000FBXMAYA5,SEQUEL SMB Bundle Additional User (Technical),BI-SQ-RSS-SSMB-TECH
01tWC00000FBXMBYA5,SEQUEL SMB Bundle Included Users (Technical)-NewMaintenance,BI-SQ-RNM-SEQUSB-TECH
01tWC00000FBXMCYA5,SEQUEL SMB Bundle Included Users (Technical),BI-SQ-NRPS-SEQSBU-TECH
01tWC00000FBXMDYA5,SEQUEL SMB Bundle Included Users (Technical)-RenewalMaintenance,BI-SQ-RRM-SESMBB-TECH
01tWC00000FBXMEYA5,SEQUEL SMB Bundle Included Users (Technical),BI-SQ-RSS-SESBUN-TECH
01tWC00000FBXMFYA5,SEQUEL Solution Bundle (Technical)-NewMaintenance,BI-SQ-RNM-SESO-TECH
01tWC00000FBXMGYA5,SEQUEL Solution Bundle (Technical),BI-SQ-NRPS-SEQUSO-TECH
01tWC00000FBXMHYA5,SEQUEL Solution Bundle (Technical)-RenewalMaintenance,BI-SQ-RRM-SEQSOL-TECH
01tWC00000FBXMIYA5,SEQUEL Solution Bundle (Technical),BI-SQ-RSS-SESOLU-TECH
01tWC00000FBXMJYA5,SEQUEL Travel Expense (Technical),BI-SQ-NRSE-SETE-TECH
01tWC00000FBXMKYA5,SEQUEL Web Interface (Technical)-NewMaintenance,BI-SWI-RNM-SWIM-TECH
01tWC00000FBXMLYA5,SEQUEL Web Interface (Technical),BI-SWI-NRPS-SWIP-TECH
01tWC00000FBXMMYA5,SEQUEL Web Interface (Technical)-RenewalMaintenance,BI-SWI-RRM-SEQUEW-TECH
01tWC00000FBXMNYA5,SEQUEL Web Interface (Technical),BI-SWI-RSS-SWIS-TECH
01tWC00000FBXMOYA5,Showcase Client Reporting (Technical)-NewMaintenance,BI-CRO-RNM-SCRNM-TECH
01tWC00000FBXMPYA5,Showcase Client Reporting (Technical),BI-CRO-NRPS-SHOWCA-TECH
01tWC00000FBXMQYA5,Showcase Client Reporting (Technical)-RenewalMaintenance,BI-CRO-RRM-SCRRM-TECH
01tWC00000FBXMRYA5,Showcase Client Reporting (Technical),BI-CRO-RSS-SHCL-TECH
01tWC00000FBXMSYA5,ShowCase Services (Technical),BI-QRW-NRST-SHOW-TECH
01tWC00000FBXMTYA5,ShowCase Recurring Services (Technical),BI-QRW-RSP-SHCRS-TECH
01tWC00000FBXMUYA5,ShowCase Travel Expense (Technical),BI-QRW-NRSE-SCTE-TECH
01tWC00000FBXMVYA5,Web Enablement (SWI) (Technical)-NewMaintenance,BI-SQ-RNM-WEBESN-TECH
01tWC00000FBXMWYA5,Web Enablement (SWI) (Technical),BI-SQ-NRPS-WEBESP-TECH
01tWC00000FBXMXYA5,Web Enablement (SWI) (Technical)-RenewalMaintenance,BI-SQ-RRM-WEBESR-TECH
01tWC00000FBXMYYA5,Web Enablement (SWI) (Technical),BI-SQ-RSS-WEBESS-TECH
01tWC00000FBXmXYAX,Unlimited Classification (Technical),CYB-DCS-UC-CMP-TECH
01tWC00000FBXmYYAX,Titus for Lotus Notes (Technical)-NewMaintenance,DP-DC-RNM-TLNNM-TECH
01tWC00000FBXmZYAX,Titus for Lotus Notes (Technical),DP-DC-NRPS-TLNP-TECH
01tWC00000FBXmaYAH,Titus for Lotus Notes (Technical)-RenewalMaintenance,DP-DC-RRM-TLNRM-TECH
01tWC00000FBXmbYAH,Titus Message Classification (Technical)-NewMaintenance,DP-DC-RNM-TMCNM-TECH
01tWC00000FBXmcYAH,Titus Message Classification (Technical),DP-DC-NRPS-TMCP-TECH
01tWC00000FBXmdYAH,Titus Message Classification (Technical)-RenewalMaintenance,DP-DC-RRM-TMCRM-TECH
01tWC00000FBXmeYAH,Titus Message Classification (Technical),DP-DC-RSS-TMCS-TECH
01tWC00000FBXuTYAX,Capability Checker (Technical)-NewMaintenance,DP-DCL-RNM-CAPANE-TECH
01tWC00000FBXuUYAX,Capability Checker (Technical),DP-DCL-NRPS-CAPAPE-TECH
01tWC00000FBXuVYAX,Capability Checker (Technical)-RenewalMaintenance,DP-DCL-RRM-CAPARE-TECH
01tWC00000FBXuWYAX,Draft & Release (Technical)-NewMaintenance,DP-DCL-RNM-DRAFNE-TECH
01tWC00000FBXuXYAX,Draft & Release (Technical),DP-DCL-NRPS-DRAFPE-TECH
01tWC00000FBXuYYAX,Draft & Release (Technical)-RenewalMaintenance,DP-DCL-RRM-DRAFRE-TECH
01tWC00000FBXuZYAX,E-tracker (Technical)-NewMaintenance,DP-DCL-RNM-ETRANE-TECH
01tWC00000FBXuaYAH,E-tracker (Technical),DP-DCL-NRPS-ETRAPE-TECH
01tWC00000FBXubYAH,E-tracker (Technical)-RenewalMaintenance,DP-DCL-RRM-ETRARE-TECH
01tWC00000FBXucYAH,Exchange Capability Checker (Technical)-NewMaintenance,DP-DCL-RNM-EXCHNM-TECH
01tWC00000FBXudYAH,Exchange Capability Checker (Technical),DP-DCL-NRPS-EXCHCA-TECH
01tWC00000FBXueYAH,Exchange Capability Checker (Technical)-RenewalMaintenance,DP-DCL-RRM-EXCHFA-TECH
01tWC00000FBXufYAH,Fire and Forget (Technical)-NewMaintenance,DP-DCL-RNM-FIRENE-TECH
01tWC00000FBXugYAH,Fire and Forget (Technical),DP-DCL-NRPS-FIREPE-TECH
01tWC00000FBXuhYAH,Fire and Forget (Technical)-RenewalMaintenance,DP-DCL-RRM-FIRERE-TECH
01tWC00000FBXuiYAH,Forms (Technical)-NewMaintenance,DP-DCL-RNM-FORMNM-TECH
01tWC00000FBXujYAH,Forms (Technical),DP-DCL-NRPS-FORMFA-TECH
01tWC00000FBXukYAH,Forms (Technical)-RenewalMaintenance,DP-DCL-RRM-FORMRM-TECH
01tWC00000FBXulYAH,SAFEmail Suite (Technical)-NewMaintenance,DP-DCL-RNM-SAFENE-TECH
01tWC00000FBXumYAH,SAFEmail Suite (Technical),DP-DCL-NRPS-SAFEPE-TECH
01tWC00000FBXunYAH,SAFEmail Suite (Technical)-RenewalMaintenance,DP-DCL-RRM-SAFERE-TECH
01tWC00000FBXxhYAH,Data Protection Technical Account Manager (Technical),DP-DLP-RSP-DPTAMS-TECH
01tWC00000FBXxiYAH,DG Online Storage (Technical),DP-DLP-RSL-DGOSS-TECH
01tWC00000FBXxjYAH,Digital Guardian Software (Technical)-NewMaintenance,DP-DLP-RNM-DGSNM-TECH
01tWC00000FBXxkYAH,Digital Guardian Software (Technical)-RenewalMaintenance,DP-DLP-RRM-DGSRM-TECH
01tWC00000FBXxlYAH,ARC for On Prem DLP (Technical),DP-DLP-RSL-ARCO-TECH
01tWC00000FBXxmYAH,ATP (Technical)-NewMaintenance,DP-DLP-RNM-ATPNEW-TECH
01tWC00000FBXxnYAH,ATP (Technical),DP-DLP-NRPS-ATPPER-TECH
01tWC00000FBXxoYAH,ATP (Technical)-RenewalMaintenance,DP-DLP-RRM-ATPREN-TECH
01tWC00000FBXxpYAH,ATP (Technical),DP-DLP-RSS-ATPSUB-TECH
01tWC00000FBXxqYAH,Compliance Endpoint (Technical),DP-DLP-RSS-COMPLI-TECH
01tWC00000FBXxrYAH,Content Inspection Sample Match (Technical),DP-DLP-RSL-CISMS-TECH
01tWC00000FBXxsYAH,Data Loss Prevention Services Hourly (Technical),DP-DLP-NRST-DLPSH-TECH
01tWC00000FBXxtYAH,Data Loss Prevention Services (Technical),DP-DLP-RSP-DLPS-TECH
01tWC00000FBXxuYAH,Data Loss Prevention Travel Expense (Technical),DP-DLP-NRSE-DLPTE-TECH
01tWC00000FBXxvYAH,Data Protection (Technical)-NewMaintenance,DP-DLP-RNM-DPNM-TECH
01tWC00000FBXxwYAH,Data Protection (Technical)-RenewalMaintenance,DP-DLP-RRM-DPRM-TECH
01tWC00000FBXxxYAH,Data Protection (Technical),DP-DLP-RSS-DPS-TECH
01tWC00000FBXxyYAH,Data Protection Platform (Technical),DP-DLP-RSL-DPPS-TECH
01tWC00000FBXxzYAH,Data Protection Suite (Technical),DP-DLP-RSS-DPSS-TECH
01tWC00000FBXy0YAH,DG Additional Online Storage (Technical),DP-DLP-RSL-DGDAOS-TECH
01tWC00000FBXy1YAH,DG Appliance (Technical),DP-DLP-NROR-DGDAPP-TECH
01tWC00000FBXy2YAH,DG Expert Services (Technical),DP-DLP-RSP-DGDEXP-TECH
01tWC00000FBXy3YAH,DG Hosting Fee for TADP License (Technical),DP-DLP-RSL-DGDHFT-TECH
01tWC00000FBXy4YAH,DG Managed Service (Technical),DP-DLP-RMS-DGDMSS-TECH
01tWC00000FBXy5YAH,DG Management Console (Technical)-NewMaintenance,DP-DLP-RNM-DGDMCN-TECH
01tWC00000FBXy6YAH,DG Management Console (Technical),DP-DLP-NRPS-DGDMCP-TECH
01tWC00000FBXy7YAH,DG Management Console (Technical)-RenewalMaintenance,DP-DLP-RRM-DGDMCR-TECH
01tWC00000FBXy8YAH,DG Management Console (Technical),DP-DLP-RSS-DGDMCS-TECH
01tWC00000FBXy9YAH,DG NDLP Appliance (Technical)-NewMaintenance,DP-DLP-RNM-DGDNDL-TECH
01tWC00000FBXyAYAX,DG NDLP Appliance (Technical),DP-DLP-RMS-DNAS-TECH
01tWC00000FBXyBYAX,DG SaaS EDR Add on for TADP (Technical),DP-DLP-RSL-DGDSSE-TECH
01tWC00000FBXyCYAX,DG SaaS Upgrade (Technical),DP-DLP-RSL-DGDSSU-TECH
01tWC00000FBXyDYAX,DG VM (Technical)-NewMaintenance,DP-DLP-RNM-DGDVMN-TECH
01tWC00000FBXyEYAX,DG VM (Technical),DP-DLP-NRPS-DGDVMP-TECH
01tWC00000FBXyFYAX,DG VM (Technical)-RenewalMaintenance,DP-DLP-RRM-DGDVMR-TECH
01tWC00000FBXyGYAX,DGMC On Prem (Technical),DP-DLP-RSS-DGMCO-TECH
01tWC00000FBXyHYAX,Digital Guardian Platinum (Technical)-NewMaintenance,DP-DLP-RNM-DGPNM-TECH
01tWC00000FBXyIYAX,Digital Guardian Platinum (Technical),DP-DLP-NRPS-DGPP-TECH
01tWC00000FBXyJYAX,Digital Guardian Platinum (Technical)-RenewalMaintenance,DP-DLP-RRM-DGPRM-TECH
01tWC00000FBXyKYAX,Digital Guardian Royalty (Technical),DP-DLP-RSS-DGRS-TECH
01tWC00000FBXyLYAX,Discovery DLP (Technical),DP-DLP-RSS-DISCSU-TECH
01tWC00000FBXyMYAX,Discovery DLP Gold (Technical),DP-DLP-RMS-DISCGO-TECH
01tWC00000FBXyNYAX,DLP (Technical)-NewMaintenance,DP-DLP-RNM-DLPNEW-TECH
01tWC00000FBXyOYAX,DLP (Technical),DP-DLP-NRPS-DLPPER-TECH
01tWC00000FBXyPYAX,DLP (Technical)-RenewalMaintenance,DP-DLP-RRM-DLPREN-TECH
01tWC00000FBXyQYAX,DLP (Technical),DP-DLP-RSS-DLPSUB-TECH
01tWC00000FBXyRYAX,"Analytics & Reporting (ARC 1 year archive, 60 days live) (Technical)",DP-DLP-RSL-ARARC-TECH
01tWC00000FBXySYAX,Archive Data Retention-1 Year Increment (Technical),DP-DLP-RSL-ADRICR-TECH
01tWC00000FBXyTYAX,Digital Guardian Software (Technical),DP-DLP-NRPS-DGSWP-TECH
01tWC00000FBXyUYAX,DLP Advanced Bundle (SaaS) (Technical),DP-DLP-RSL-DLPABSA-TECH
01tWC00000FBY06YAH,Investigation Module (Technical)-NewMaintenance,DP-DLP-RNM-INVENE-TECH
01tWC00000FBY07YAH,Investigation Module (Technical),DP-DLP-NRPS-INVEPE-TECH
01tWC00000FBY08YAH,Investigation Module (Technical)-RenewalMaintenance,DP-DLP-RRM-INVERE-TECH
01tWC00000FBY09YAH,Investigation Module (Technical),DP-DLP-RMS-INVESU-TECH
01tWC00000FBY0AYAX,Threat Aware (Technical)-NewMaintenance,DP-DLP-RNM-THRENE-TECH
01tWC00000FBY0BYAX,Threat Aware (Technical),DP-DLP-NRPS-THREPE-TECH
01tWC00000FBY0CYAX,Threat Aware (Technical)-RenewalMaintenance,DP-DLP-RRM-THRERE-TECH
01tWC00000FBY0DYAX,Threat Aware (Technical),DP-DLP-RSS-THRESU-TECH
01tWC00000FBY0EYAX,NDLP (Technical),DP-DLP-RSS-NDLPS-TECH
01tWC00000FBY0FYAX,Network Discovery (Technical),DP-DLP-RSL-NDS-TECH
01tWC00000FBY0GYAX,Network DLP - Web & Email (Technical),DP-DLP-RSS-NDWES-TECH
01tWC00000FBY0HYAX,DP Select - Essentials (Technical),DP-DLP-RSS-DPSELES-TECH
01tWC00000FBY0IYAX,DP Select - Plus (Technical),DP-DLP-RSS-DPSELPS-TECH
01tWC00000FBY0JYAX,DP Select - Advanced (Technical),DP-DLP-RSS-DPSELAS-TECH
01tWC00000FBY0KYAX,DV&C (Technical)-NewMaintenance,DP-DLP-RNM-DVCNEW-TECH
01tWC00000FBY0LYAX,DV&C (Technical),DP-DLP-NRPS-DVCPER-TECH
01tWC00000FBY0MYAX,DV&C (Technical)-RenewalMaintenance,DP-DLP-RRM-DVCREN-TECH
01tWC00000FBY0NYAX,DV&C (Technical),DP-DLP-RSS-DVCSUB-TECH
01tWC00000FBY0OYAX,EDR (Technical),DP-DLP-RSS-EDRS-TECH
01tWC00000FBY0PYAX,Endpoint DLP (Technical),DP-DLP-RSS-EDS-TECH
01tWC00000FBY0QYAX,Fortra Cares - Digital Guardian (Technical),DP-DLP-NRST-FCDGS-TECH
01tWC00000FBY0RYAX,Managed Service (Technical),DP-DLP-RMS-MSS-TECH
01tWC00000FBY0SYAX,Managed Services (Technical),DP-DLP-RMS-MANAGE-TECH
01tWC00000FBY0TYAX,Profesional Services - Data Loss Prevention (Technical),DP-DLP-NRST-PSDLPS-TECH
01tWC00000FBY0UYAX,Profesional Services - Data Loss Prevention- DG (Technical),DP-DLP-NRST-PSDLPDS-TECH
01tWC00000FBY0VYAX,SaaS Service (Technical),DP-DLP-RSL-SSSS-TECH
01tWC00000FBY0WYAX,Set Up - Data Loss Prevention - DG (Technical),DP-DLP-NRSU-SUDLPDS-TECH
01tWC00000FBY0XYAX,TADP (Technical),DP-DLP-RSL-TADPS-TECH
01tWC00000FBY0YYAX,Resident Engineer (Technical),DP-DLP-RSP-RES-TECH
01tWC00000FBY0ZYAX,Quick Start Implementation Package - DLP Essentials (Technical),DP-DLP-NRST-QSIPDLP-TECH
01tWC00000FBY0aYAH,Quick Start Implementation Package - DLP Advanced (Technical),DP-DLP-NRST-QSIPDLA-TECH
01tWC00000FBY0bYAH,Quick Start Implementation Package - DLP Elite (Technical),DP-DLP-NRST-QSIPDLE-TECH
01tWC00000FBY0cYAH,Expert Services -Core (Technical),DP-DLP-RSP-ESCS-TECH
01tWC00000FBY0dYAH,Expert Services -Enterprise (Technical),DP-DLP-RSP-ESES-TECH
01tWC00000FBY0eYAH,Expert Services -Enhanced (Technical),DP-DLP-RSP-EXSEHSS-TECH
01tWC00000FBY0fYAH,Professional Services Hourly (Pre Paid) (Technical),DP-DLP-NRST-PSHPP-TECH
01tWC00000FBY0gYAH,Training Self Paced (1 Student) (Technical),DP-DLP-NRST-TSPOS-TECH
01tWC00000FBY0hYAH,Training Private (5 Students) (Technical),DP-DLP-NRST-TPFSTU-TECH
01tWC00000FBY0iYAH,Training Public (1 Student) (Technical),DP-DLP-NRST-TPOSTU-TECH
01tWC00000FBY0jYAH,Fortra Enhanced Support (Technical),DP-DLP-RSP-FENHSS-TECH
01tWC00000FBY0kYAH,Fortra Enterprise Support (Technical),DP-DLP-RSP-FENTSS-TECH
01tWC00000FBY0lYAH,Professional Services Hourly (Post Paid) (Technical),DP-DLP-NRST-PSHPOP-TECH
01tWC00000FBY0mYAH,"Live Data Retention -30 Day Increments, 120 Days Max (Technical)",DP-DLP-RSL-LDRDI-TECH
01tWC00000FBY0nYAH,Network DLP (SaaS) (Technical),DP-DLP-RSL-NDLPSAA-TECH
01tWC00000FBY0oYAH,Optical Character Recognition (OCR) (cDLP) 1M Scans (Technical),DP-DLP-RSL-OCRDLP-TECH
01tWC00000FBY0pYAH,DLP Managed Service Offering (Technical),DP-DLP-RSP-DLPMSO-TECH
01tWC00000FBY0rYAH,DLP Elite Bundle (SaaS) (Technical),DP-DLP-RSL-DLPEBSA-TECH
01tWC00000FBY0sYAH,DLP Essentials Bundle (SaaS) (Technical),DP-DLP-RSL-DLPESSA-TECH
01tWC00000FBY0vYAH,User Classification (Technical)-NewMaintenance,DP-DLP-RNM-UCNM-TECH
01tWC00000FBY0wYAH,User Classification (Technical),DP-DLP-NRPS-UCP-TECH
01tWC00000FBY0xYAH,User Classification (Technical)-RenewalMaintenance,DP-DLP-RRM-UCRM-TECH
01tWC00000FBY0yYAH,User Classification Foundation Suite (Technical),DP-DLP-RSS-UCFSS-TECH
01tWC00000FBY0zYAH,User Classification OWA Classifier (Technical),DP-DLP-RSS-UCOCS-TECH
01tWC00000FBY10YAH,User Classification Reporting Classifier (Technical),DP-DLP-RSS-UCRCS-TECH
01tWC00000FBY11YAH,User Classification Sharepoint Classifier (Technical),DP-DLP-RSS-UCSCS-TECH
01tWC00000FBY5zYAH,Additional User License (Technical),DP-SC-RSL-ADDIUL-TECH
01tWC00000FBY60YAH,Directory Connector (Technical),DP-SC-RSL-DIRECT-TECH
01tWC00000FBY61YAH,Email Connector (Technical),DP-SC-RSL-ECS-TECH
01tWC00000FBY62YAH,Local Key Store Connector (Technical),DP-SC-RSL-LKSCS-TECH
01tWC00000FBY63YAH,SDK/Rest API (Technical),DP-SC-RSL-SDKR-TECH
01tWC00000FBY64YAH,"Secure Collaboration Platform: Includes Up to 500 Users, 100,000 Documents, Unlimited Connectors, SDK-API - 1 license free (Technical)",DP-SC-RSL-SCPIUT-TECH
01tWC00000FBY65YAH,Setup - Secure Collaboration - Vera (Technical),DP-SC-NRSU-SSCVS-TECH
01tWC00000FBY66YAH,Vera (Technical),DP-SC-RSL-VERASU-TECH
01tWC00000FBY67YAH,Vera Cloud User License (Technical),DP-SC-RSL-VERACU-TECH
01tWC00000FBY68YAH,Vera Enterprise User Licenses (Technical),DP-SC-RSL-VERAEU-TECH
01tWC00000FBY69YAH,VERA File Share Connector (Technical),DP-SC-RSL-VERAFS-TECH
01tWC00000FBY6AYAX,VERA Local Key Store Connector (Technical),DP-SC-RSL-VERALK-TECH
01tWC00000FBY6BYAX,Vera Platform (Technical),DP-SC-RSL-VERAPL-TECH
01tWC00000FBY6CYAX,VERA Premium Support (Technical),DP-SC-RSL-VERAPS-TECH
01tWC00000FBYAbYAP,Active Defense BEC Threat Intelligence Service (Technical),ES-CEP-RSL-ACTIDB-TECH
01tWC00000FBYAcYAP,Cloud Email Protection (Technical),ES-CEP-RSL-CEPS-TECH
01tWC00000FBYAdYAP,Email Security Bundle - Core (Technical),ES-CEP-RSS-ESBCS-TECH
01tWC00000FBYAeYAP,Email Security Bundle - Advanced (Technical),ES-CEP-RSS-ESBAS-TECH
01tWC00000FBYAfYAP,Email Security Bundle - Elite (Technical),ES-CEP-RSS-ESBES-TECH
01tWC00000FBYAgYAP,Email Security Bundle (Click & Launch) - Core (Technical),ES-CEP-RSS-ESBCLCS-TECH
01tWC00000FBYAhYAP,Email Security Bundle (Click & Launch) - Advanced (Technical),ES-CEP-RSS-ESBCLAS-TECH
01tWC00000FBYAiYAP,Email Security Bundle (Click & Launch) - Elite (Technical),ES-CEP-RSS-ESBCLES-TECH
01tWC00000FBYAjYAP,Phishing Defense (Technical),ES-CEP-RSL-PHISDE-TECH
01tWC00000FBYDpYAP,Application Portal add-on (Technical),ES-DMP-RSL-APAOS-TECH
01tWC00000FBYDqYAP,BEC Engagement (Technical),ES-DMP-RMS-BECE-TECH
01tWC00000FBYDrYAP,DMARC Protection (Technical),ES-DMP-RSL-DMARPR-TECH
01tWC00000FBYDsYAP,DMARC Training (Technical),ES-DMP-NRST-DMARTR-TECH
01tWC00000FBYDtYAP,DMP - Cisco (DMARC Protection) (Technical),ES-DMP-RSL-DMPC-TECH
01tWC00000FBYDuYAP,ESP (Technical),ES-DMP-RSP-ESP-TECH
01tWC00000FBYDvYAP,Health Check (Technical),ES-DMP-NRST-HEALTH-TECH
01tWC00000FBYDwYAP,Money Mule Account Feed (Technical),ES-DMP-RMS-MMAFS-TECH
01tWC00000FBYDxYAP,Onboarding (Technical),ES-DMP-NRST-ONBOAR-TECH
01tWC00000FBYFRYA5,Email Threat Indicators (Technical),ES-ESO-RMS-ETIS-TECH
01tWC00000FBYLtYAP,Volvo - Suspicious Email Analysis (Technical),ES-ETM-RMS-VOLVSE-TECH
01tWC00000FBYLuYAP,Email Security Solution (Technical),ES-ETM-RMS-EMSS-TECH
01tWC00000FBYLvYAP,Suspicious Email Analysis (Technical),ES-ETM-RMS-SUSPAN-TECH
01tWC00000FBYLwYAP,Suspicious Email Intelligence (Technical),ES-ETM-RMS-SUSPIN-TECH
01tWC00000FBYP7YAP,MSOAR (Technical),ES-MSO-RSSH-MSOARS-TECH
01tWC00000FBYSLYA5,Information Governance Server (Technical),ES-SEG-RSS-IGSSUB-TECH
01tWC00000FBYSMYA5,Information Governance Server (Registrars) (Technical)-NewMaintenance,ES-SEG-RNM-IGSRNM-TECH
01tWC00000FBYSNYA5,Information Governance Server (Registrars) (Technical),ES-SEG-NRPS-IGSREG-TECH
01tWC00000FBYSOYA5,Information Governance Server (Registrars) (Technical)-RenewalMaintenance,ES-SEG-RRM-IGSRRM-TECH
01tWC00000FBYSPYA5,Information Governance Server (Registrars) (Technical),ES-SEG-RSS-IGSRES-TECH
01tWC00000FBYSQYA5,iPhone/iPad PMM Feature For SECURE Email Gateway (Technical)-NewMaintenance,ES-SEG-RNM-IPIPNE-TECH
01tWC00000FBYSRYA5,iPhone/iPad PMM Feature For SECURE Email Gateway (Technical),ES-SEG-NRPS-IPIPPE-TECH
01tWC00000FBYSSYA5,iPhone/iPad PMM Feature For SECURE Email Gateway (Technical)-RenewalMaintenance,ES-SEG-RRM-IPIPRE-TECH
01tWC00000FBYSTYA5,iPhone/iPad PMM Feature For SECURE Email Gateway (Technical),ES-SEG-RSS-IPIPSU-TECH
01tWC00000FBYSUYA5,OCR Feature For Information Governance Server (Technical)-NewMaintenance,ES-SEG-RNM-OCRF-TECH
01tWC00000FBYSVYA5,OCR Feature For Information Governance Server (Technical),ES-SEG-NRPS-OCR-TECH
01tWC00000FBYSWYA5,OCR Feature For Information Governance Server (Technical)-RenewalMaintenance,ES-SEG-RRM-OFIM-TECH
01tWC00000FBYSXYA5,OCR Feature For Information Governance Server (Technical),ES-SEG-RSS-OFIS-TECH
01tWC00000FBYSYYA5,OCR Feature For SECURE Email Gateway (Technical)-NewMaintenance,ES-SEG-RNM-OFSM-TECH
01tWC00000FBYSZYA5,Clearswift SECURE Email Gateway (Kaspersky AV) (Technical)-NewMaintenance,ES-SEG-RNM-CSEGANM-TECH
01tWC00000FBYSaYAP,Clearswift SECURE Email Gateway (Kaspersky AV) (Technical)-RenewalMaintenance,ES-SEG-RRM-CSEGARM-TECH
01tWC00000FBYSbYAP,Clearswift SECURE Email Gateway (Kaspersky AV) (Technical),ES-SEG-RSS-CSEGKS-TECH
01tWC00000FBYScYAP,ARgon for Email (Technical),ES-SEG-RSS-A4ESUB-TECH
01tWC00000FBYSdYAP,Data Redaction For Secure Email Gateway (Technical)-NewMaintenance,ES-SEG-RNM-DRSEGN-TECH
01tWC00000FBYSeYAP,Data Redaction For Secure Email Gateway (Technical),ES-SEG-NRPS-DRSEGP-TECH
01tWC00000FBYSfYAP,Data Redaction For Secure Email Gateway (Technical)-RenewalMaintenance,ES-SEG-RRM-DRSEGR-TECH
01tWC00000FBYSgYAP,Data Redaction For Secure Email Gateway (Technical),ES-SEG-RSS-DRSEGS-TECH
01tWC00000FBYShYAP,Digital Rights Management for Email Gateway (Powered by Seclore) (Technical)-NewMaintenance,ES-SEG-RNM-DRMEGP-TECH
01tWC00000FBYSiYAP,Digital Rights Management for Email Gateway (Powered by Seclore) (Technical),ES-SEG-NRPS-DIGITA-TECH
01tWC00000FBYSjYAP,Digital Rights Management for Email Gateway (Powered by Seclore) (Technical)-RenewalMaintenance,ES-SEG-RRM-DRMM-TECH
01tWC00000FBYSkYAP,Digital Rights Management for Email Gateway (Powered by Seclore) (Technical),ES-SEG-RSS-DRMS-TECH
01tWC00000FBYSlYAP,Document Sanitization For SECURE Email Gateway (Technical)-NewMaintenance,ES-SEG-RNM-DSSEGN-TECH
01tWC00000FBYSmYAP,Document Sanitization For SECURE Email Gateway (Technical),ES-SEG-NRPS-DSSEGP-TECH
01tWC00000FBYSnYAP,Document Sanitization For SECURE Email Gateway (Technical)-RenewalMaintenance,ES-SEG-RRM-DSSEGR-TECH
01tWC00000FBYSoYAP,Document Sanitization For SECURE Email Gateway (Technical),ES-SEG-RSS-DSSEGS-TECH
01tWC00000FBYSpYAP,Echoworx Email Encryption Platform For SECURE Email Gateway (Technical),ES-SEG-RSS-EEEPSE-TECH
01tWC00000FBYSqYAP,Email Archiving For SECURE Email Gateway (Technical),ES-SEG-RSS-EASEGS-TECH
01tWC00000FBYSrYAP,Email Security (Technical)-NewMaintenance,ES-SEG-RNM-ESNM-TECH
01tWC00000FBYSsYAP,Email Security (Technical)-RenewalMaintenance,ES-SEG-RRM-ESRM-TECH
01tWC00000FBYStYAP,Email Security Architect (Services) Per Day (Technical),ES-SEG-NRST-ESASPD-TECH
01tWC00000FBYSuYAP,Email Security Expert Services (Technical),ES-SEG-RSP-EMSES-TECH
01tWC00000FBYSvYAP,Email Security Recurring Services (Technical),ES-SEG-RSP-ESRS-TECH
01tWC00000FBYSwYAP,Email Security Services (Technical),ES-SEG-NRST-EMSE-TECH
01tWC00000FBYSxYAP,Email Security Training (Technical),ES-SEG-NRST-EST-TECH
01tWC00000FBYSyYAP,Email Security Travel Expense (Technical),ES-SEG-NRSE-ESTE-TECH
01tWC00000FBYSzYAP,Encryption Feature For SECURE Email Gateway (Technical),ES-SEG-RSS-ENCRFS-TECH
01tWC00000FBYT0YAP,Encryption Portal For SECURE Email Gateway- Perpetual (Technical),ES-SEG-RSS-ENCRPS-TECH
01tWC00000FBYT1YAP,Hardware (Technical),ES-SEG-NROR-HARDWA-TECH
01tWC00000FBYT2YAP,Hosting Service For SECURE Web Gateway (Technical),ES-SEG-RSS-HOSTSS-TECH
01tWC00000FBYT3YAP,Hosting Services for SECURE Email Gateway (Technical),ES-SEG-RSS-HOSTSE-TECH
01tWC00000FBYT4YAP,ICAP MFTaaS Hosting Fees (Technical),ES-SEG-RSSH-ICAPHF-TECH
01tWC00000FBYT5YAP,"ICAP MFTaaS Hosting, Management & Infrastructure Fees (Technical)",ES-SEG-RSL-ICAPHM-TECH
01tWC00000FBYT6YAP,ICAP MFTaaS Management Fees (Technical),ES-SEG-RSL-ICAPMF-TECH
01tWC00000FBYT7YAP,Managed Service For SECURE Email Gateway (Technical),ES-SEG-RSP-MSSEG-TECH
01tWC00000FBYT8YAP,Clearswift SECURE Email Gateway (Kaspersky AV) (Technical),ES-SEG-NRPS-CSEGKP-TECH
01tWC00000FBYT9YAP,CuteFTP 9 (Technical)-NewMaintenance,GS-CFT-RNM-CF9NEW-TECH
01tWC00000FBYTAYA5,CuteFTP 9 (Technical),GS-CFT-NRPS-CF9PER-TECH
01tWC00000FBYTBYA5,CuteFTP 9 (Technical)-RenewalMaintenance,GS-CFT-RRM-CF9REN-TECH
01tWC00000FBYXBYA5,Structural Sanitization For SECURE ICAP Gateway (Technical),ES-SIG-RSS-SSSIGS_LIC-TECH
01tWC00000FBYXCYA5,OCR Feature For SECURE Email Gateway (Technical),ES-SEG-NRPS-OFSP-TECH
01tWC00000FBYXDYA5,OCR Feature For SECURE Email Gateway (Technical)-RenewalMaintenance,ES-SEG-RRM-OCFE-TECH
01tWC00000FBYXEYA5,OCR Feature For SECURE Email Gateway (Technical),ES-SEG-RSS-OFSS-TECH
01tWC00000FBYXFYA5,Premium Services (12 Months) Basic Cost (Technical),ES-SEG-RSP-PREMS1-TECH
01tWC00000FBYXGYA5,OnPremise Encryption Portal For SECURE Email Gateway (Technical),ES-SEG-RSS-OPEPSE-TECH
01tWC00000FBYXHYA5,ORG PERP SECURE Email Gateway (Technical)-NewMaintenance,ES-SEG-RNM-ORGPNE-TECH
01tWC00000FBYXIYA5,ORG PERP SECURE Email Gateway (Technical),ES-SEG-NRPS-ORGPPE-TECH
01tWC00000FBYXJYA5,ORG PERP SECURE Email Gateway (Technical)-RenewalMaintenance,ES-SEG-RRM-ORGPRE-TECH
01tWC00000FBYXKYA5,Professional Services Per Day (Technical),ES-SEG-NRST-PSPD-TECH
01tWC00000FBYXLYA5,Sandbox for SECURE Email Gateway (Technical),ES-SEG-RSS-SSEGS-TECH
01tWC00000FBYXMYA5,SECURE Email Gateway (Technical)-NewMaintenance,ES-SEG-RNM-SECURE-TECH
01tWC00000FBYXNYA5,SECURE Email Gateway (Technical),ES-SEG-NRPS-SEGP-TECH
01tWC00000FBYXOYA5,SECURE Email Gateway (Technical)-RenewalMaintenance,ES-SEG-RRM-SEGM-TECH
01tWC00000FBYXPYA5,SECURE Email Gateway (Technical),ES-SEG-RSS-SEGS-TECH
01tWC00000FBYXQYA5,SECURE Email Gateway Advanced Security Package (Technical)-NewMaintenance,ES-SEG-RNM-SEEM-TECH
01tWC00000FBYXRYA5,SECURE Email Gateway Advanced Security Package (Technical),ES-SEG-NRPS-SEPP-TECH
01tWC00000FBYXSYA5,SECURE Email Gateway Advanced Security Package (Technical)-RenewalMaintenance,ES-SEG-RRM-SERM-TECH
01tWC00000FBYXTYA5,SECURE Email Gateway Advanced Security Package (Technical),ES-SEG-RSS-SEPS-TECH
01tWC00000FBYXUYA5,SECURE Email Gateway Elite Security Package (Technical)-NewMaintenance,ES-SEG-RNM-SENM-TECH
01tWC00000FBYXVYA5,SECURE Email Gateway Elite Security Package (Technical),ES-SEG-NRPS-SECUEM-TECH
01tWC00000FBYXWYA5,SECURE Email Gateway Elite Security Package (Technical)-RenewalMaintenance,ES-SEG-RRM-SECEMA-TECH
01tWC00000FBYXXYA5,SECURE Email Gateway Elite Security Package (Technical),ES-SEG-RSS-SEEMAI-TECH
01tWC00000FBYXYYA5,SECURE Email Gateway Essential Security Package (Technical)-NewMaintenance,ES-SEG-RNM-SEMAIL-TECH
01tWC00000FBYXZYA5,SECURE Email Gateway Essential Security Package (Technical),ES-SEG-NRPS-SECUEG-TECH
01tWC00000FBYXaYAP,SECURE Email Gateway Essential Security Package (Technical)-RenewalMaintenance,ES-SEG-RRM-SECEMG-TECH
01tWC00000FBYXbYAP,SECURE Email Gateway Essential Security Package (Technical),ES-SEG-RSS-SECEGA-TECH
01tWC00000FBYXcYAP,Structural Sanitization For SECURE Email Gateway (Technical)-NewMaintenance,ES-SEG-RNM-SSSEGN-TECH
01tWC00000FBYXdYAP,Structural Sanitization For SECURE Email Gateway (Technical),ES-SEG-NRPS-SSSEGP-TECH
01tWC00000FBYXeYAP,Structural Sanitization For SECURE Email Gateway (Technical)-RenewalMaintenance,ES-SEG-RRM-SSSEGR-TECH
01tWC00000FBYXfYAP,Structural Sanitization For SECURE Email Gateway (Technical),ES-SEG-RSS-SSSEGS-TECH
01tWC00000FBYXgYAP,TrustCenter For SECURE Email Gateway (Technical)-NewMaintenance,ES-SEG-RNM-TCSENE-TECH
01tWC00000FBYXhYAP,TrustCenter For SECURE Email Gateway (Technical),ES-SEG-NRPS-TCSEPE-TECH
01tWC00000FBYXiYAP,TrustCenter For SECURE Email Gateway (Technical)-RenewalMaintenance,ES-SEG-RRM-TCSERE-TECH
01tWC00000FBYXjYAP,TrustCenter For SECURE Email Gateway (Technical),ES-SEG-RSS-TCSESU-TECH
01tWC00000FBYXkYAP,Vanity domains and custom social connectors for Echoworx Email Encryption Platform (Technical),ES-SEG-NRPS-VDCSCE-TECH
01tWC00000FBYYnYAP,OCR Feature For SECURE Exchange Gateway (Technical)-NewMaintenance,ES-SXG-RNM-OCNM-TECH
01tWC00000FBYYoYAP,OCR Feature For SECURE Exchange Gateway (Technical),ES-SXG-NRPS-OCGP-TECH
01tWC00000FBYYpYAP,OCR Feature For SECURE Exchange Gateway (Technical)-RenewalMaintenance,ES-SXG-RRM-OCRM-TECH
01tWC00000FBYYqYAP,OCR Feature For SECURE Exchange Gateway (Technical),ES-SXG-RSS-OCGS-TECH
01tWC00000FBYYrYAP,Data Redaction For SECURE Exchange Gateway (Technical)-NewMaintenance,ES-SXG-RNM-DRSM-TECH
01tWC00000FBYYsYAP,Data Redaction For SECURE Exchange Gateway (Technical),ES-SXG-NRPS-DRSP-TECH
01tWC00000FBYYtYAP,Data Redaction For SECURE Exchange Gateway (Technical)-RenewalMaintenance,ES-SXG-RRM-DARE-TECH
01tWC00000FBYYuYAP,Data Redaction For SECURE Exchange Gateway (Technical),ES-SXG-RSS-DRSS-TECH
01tWC00000FBYYvYAP,Document Sanitization For SECURE Exchange Gateway (Technical)-NewMaintenance,ES-SXG-RNM-DSSM-TECH
01tWC00000FBYYwYAP,Document Sanitization For SECURE Exchange Gateway (Technical),ES-SXG-NRPS-DSSP-TECH
01tWC00000FBYYxYAP,Document Sanitization For SECURE Exchange Gateway (Technical)-RenewalMaintenance,ES-SXG-RRM-DOSA-TECH
01tWC00000FBYYyYAP,Document Sanitization For SECURE Exchange Gateway (Technical),ES-SXG-RSS-DSSS-TECH
01tWC00000FBYYzYAP,SECURE Exchange Gateway (Technical)-NewMaintenance,ES-SXG-RNM-SEEX-TECH
01tWC00000FBYZ0YAP,SECURE Exchange Gateway (Technical),ES-SXG-NRPS-SECUEX-TECH
01tWC00000FBYZ1YAP,SECURE Exchange Gateway (Technical)-RenewalMaintenance,ES-SXG-RRM-SECEXC-TECH
01tWC00000FBYZ2YAP,SECURE Exchange Gateway (Technical),ES-SXG-RSS-SEEXCH-TECH
01tWC00000FBYZ3YAP,SECURE Exchange Gateway Advanced Security Package (Technical)-NewMaintenance,ES-SXG-RNM-SEXCHA-TECH
01tWC00000FBYZ4YAP,SECURE Exchange Gateway Advanced Security Package (Technical),ES-SXG-NRPS-SECEXG-TECH
01tWC00000FBYZ5YAP,SECURE Exchange Gateway Advanced Security Package (Technical)-RenewalMaintenance,ES-SXG-RRM-SEEXCG-TECH
01tWC00000FBYZ6YAP,SECURE Exchange Gateway Advanced Security Package (Technical),ES-SXG-RSS-SEEGAT-TECH
01tWC00000FBYZ7YAP,SECURE Exchange Gateway Elite Security Package (Technical)-NewMaintenance,ES-SXG-RNM-SEXCGA-TECH
01tWC00000FBYZ8YAP,SECURE Exchange Gateway Elite Security Package (Technical),ES-SXG-NRPS-SEXGAT-TECH
01tWC00000FBYZ9YAP,SECURE Exchange Gateway Elite Security Package (Technical)-RenewalMaintenance,ES-SXG-RRM-SEEXGA-TECH
01tWC00000FBYZAYA5,SECURE Exchange Gateway Elite Security Package (Technical),ES-SXG-RSS-SEEXGE-TECH
01tWC00000FBYZBYA5,SECURE Exchange Gateway Essential Security Package (Technical)-NewMaintenance,ES-SXG-RNM-SEEGAE-TECH
01tWC00000FBYZCYA5,SECURE Exchange Gateway Essential Security Package (Technical),ES-SXG-NRPS-SEXGAE-TECH
01tWC00000FBYZDYA5,SECURE Exchange Gateway Essential Security Package (Technical)-RenewalMaintenance,ES-SXG-RRM-SEXGES-TECH
01tWC00000FBYZEYA5,SECURE Exchange Gateway Essential Security Package (Technical),ES-SXG-RSS-SEEGES-TECH
01tWC00000FBYZFYA5,Structural Sanitization For SECURE Exchange Gateway (Technical)-NewMaintenance,ES-SXG-RNM-SSSEXC-TECH
01tWC00000FBYZGYA5,Structural Sanitization For SECURE Exchange Gateway (Technical),ES-SXG-NRPS-SSSEXG-TECH
01tWC00000FBYZHYA5,Structural Sanitization For SECURE Exchange Gateway (Technical)-RenewalMaintenance,ES-SXG-RRM-SSSEXR-TECH
01tWC00000FBYZIYA5,Structural Sanitization For SECURE Exchange Gateway (Technical),ES-SXG-RSS-SSSEGA-TECH
01tWC00000FBYddYAH,Data Redaction For SECURE ICAP Gateway (Technical)-NewMaintenance,ES-SIG-RNM-DRSIGN-TECH
01tWC00000FBYdeYAH,Data Redaction For SECURE ICAP Gateway (Technical),ES-SIG-NRPS-DRSIGP-TECH
01tWC00000FBYdfYAH,Data Redaction For SECURE ICAP Gateway (Technical)-RenewalMaintenance,ES-SIG-RRM-DRSIGR-TECH
01tWC00000FBYdgYAH,Data Redaction For SECURE ICAP Gateway (Technical),ES-SIG-RSS-DRSIGS-TECH
01tWC00000FBYdhYAH,Data Redaction For SECURE ICAP Gateway Per Instance (Technical)-NewMaintenance,ES-SIG-RNM-DATAR-TECH
01tWC00000FBYdiYAH,Data Redaction For SECURE ICAP Gateway Per Instance (Technical),ES-SIG-NRPS-DAIP-TECH
01tWC00000FBYdjYAH,Data Redaction For SECURE ICAP Gateway Per Instance (Technical)-RenewalMaintenance,ES-SIG-RRM-DATARE-TECH
01tWC00000FBYdkYAH,Data Redaction For SECURE ICAP Gateway Per Instance (Technical),ES-SIG-RSS-DAIS-TECH
01tWC00000FBYdlYAH,Document Sanitization For SECURE ICAP Gateway (Technical)-NewMaintenance,ES-SIG-RNM-DSSIGN-TECH
01tWC00000FBYdmYAH,Document Sanitization For SECURE ICAP Gateway (Technical),ES-SIG-NRPS-DSSIGP-TECH
01tWC00000FBYdnYAH,Document Sanitization For SECURE ICAP Gateway (Technical)-RenewalMaintenance,ES-SIG-RRM-DSSIGR-TECH
01tWC00000FBYdoYAH,Document Sanitization For SECURE ICAP Gateway (Technical),ES-SIG-RSS-DSSIGS-TECH
01tWC00000FBYdpYAH,Document Sanitization For SECURE ICAP Gateway Per Instance (Technical)-NewMaintenance,ES-SIG-RNM-DONM-TECH
01tWC00000FBYdqYAH,Document Sanitization For SECURE ICAP Gateway Per Instance (Technical)-RenewalMaintenance,ES-SIG-RRM-DOCUMS-TECH
01tWC00000FBYdrYAH,OCR Feature For SECURE ICAP Gateway (Technical)-NewMaintenance,ES-SIG-RNM-OCRFE-TECH
01tWC00000FBYdsYAH,OCR Feature For SECURE ICAP Gateway (Technical),ES-SIG-NRPS-OCRFEA-TECH
01tWC00000FBYdtYAH,OCR Feature For SECURE ICAP Gateway (Technical)-RenewalMaintenance,ES-SIG-RRM-OCFEAT-TECH
01tWC00000FBYduYAH,OCR Feature For SECURE ICAP Gateway (Technical),ES-SIG-RSS-OFEATU-TECH
01tWC00000FBYdvYAH,OCR For SECURE ICAP Gateway Per Instance (Technical)-NewMaintenance,ES-SIG-RNM-OCRS-TECH
01tWC00000FBYdwYAH,OCR For SECURE ICAP Gateway Per Instance (Technical),ES-SIG-NRPS-OSIP-TECH
01tWC00000FBYdxYAH,OCR For SECURE ICAP Gateway Per Instance (Technical)-RenewalMaintenance,ES-SIG-RRM-OSIM-TECH
01tWC00000FBYdyYAH,OCR For SECURE ICAP Gateway Per Instance (Technical),ES-SIG-RSS-OSIS-TECH
01tWC00000FBYdzYAH,SECURE ICAP Gateway (Technical)-NewMaintenance,ES-SIG-RNM-SIGM-TECH
01tWC00000FBYe0YAH,SECURE ICAP Gateway (Technical),ES-SIG-NRPS-SIGP-TECH
01tWC00000FBYe1YAH,SECURE ICAP Gateway (Technical)-RenewalMaintenance,ES-SIG-RRM-SEIC-TECH
01tWC00000FBYe2YAH,SECURE ICAP Gateway (Technical),ES-SIG-RSS-SIGS-TECH
01tWC00000FBYe3YAH,SECURE ICAP Gateway Advanced Security Package Per Instance (Technical)-NewMaintenance,ES-SIG-RNM-SECURI-TECH
01tWC00000FBYe4YAH,SECURE ICAP Gateway Advanced Security Package Per Instance (Technical),ES-SIG-NRPS-SEIP-TECH
01tWC00000FBYe5YAH,SECURE ICAP Gateway Advanced Security Package Per Instance (Technical)-RenewalMaintenance,ES-SIG-RRM-SECUIC-TECH
01tWC00000FBYe6YAH,SECURE ICAP Gateway Advanced Security Package Per Instance (Technical),ES-SIG-RSS-SEIS-TECH
01tWC00000FBYe7YAH,SECURE ICAP Gateway Advanced Security Package Per User (Technical)-NewMaintenance,ES-SIG-RNM-SECICA-TECH
01tWC00000FBYe8YAH,SECURE ICAP Gateway Advanced Security Package Per User (Technical),ES-SIG-NRPS-SEUP-TECH
01tWC00000FBYe9YAH,SECURE ICAP Gateway Advanced Security Package Per User (Technical)-RenewalMaintenance,ES-SIG-RRM-SEICAP-TECH
01tWC00000FBYeAYAX,SECURE ICAP Gateway Advanced Security Package Per User (Technical),ES-SIG-RSS-SEUS-TECH
01tWC00000FBYeBYAX,SECURE ICAP Gateway Elite Security Package Per Instance (Technical)-NewMaintenance,ES-SIG-RNM-SICAP-TECH
01tWC00000FBYeCYAX,SECURE ICAP Gateway Elite Security Package Per Instance (Technical),ES-SIG-NRPS-SECUIG-TECH
01tWC00000FBYeDYAX,SECURE ICAP Gateway Elite Security Package Per Instance (Technical)-RenewalMaintenance,ES-SIG-RRM-SECICG-TECH
01tWC00000FBYeEYAX,SECURE ICAP Gateway Elite Security Package Per Instance (Technical),ES-SIG-RSS-SECIGA-TECH
01tWC00000FBYeFYAX,SECURE ICAP Gateway Elite Security Package Per User (Technical)-NewMaintenance,ES-SIG-RNM-SEICAG-TECH
01tWC00000FBYeGYAX,SECURE ICAP Gateway Elite Security Package Per User (Technical),ES-SIG-NRPS-SEIGAT-TECH
01tWC00000FBYeHYAX,SECURE ICAP Gateway Elite Security Package Per User (Technical)-RenewalMaintenance,ES-SIG-RRM-SICAGA-TECH
01tWC00000FBYeIYAX,SECURE ICAP Gateway Elite Security Package Per User (Technical),ES-SIG-RSS-SICGAT-TECH
01tWC00000FBYeJYAX,SECURE ICAP Gateway Essential Security Package Per Instance (Technical)-NewMaintenance,ES-SIG-RNM-SEICGA-TECH
01tWC00000FBYeKYAX,SECURE ICAP Gateway Essential Security Package Per Instance (Technical),ES-SIG-NRPS-SEICGE-TECH
01tWC00000FBYeLYAX,SECURE ICAP Gateway Essential Security Package Per Instance (Technical)-RenewalMaintenance,ES-SIG-RRM-SEIGAE-TECH
01tWC00000FBYeMYAX,SECURE ICAP Gateway Essential Security Package Per Instance (Technical),ES-SIG-RSS-SICGAE-TECH
01tWC00000FBYeNYAX,SECURE ICAP Gateway Essential Security Package Per User (Technical)-NewMaintenance,ES-SIG-RNM-SICGES-TECH
01tWC00000FBYeOYAX,SECURE ICAP Gateway Essential Security Package Per User (Technical),ES-SIG-NRPS-SEIGES-TECH
01tWC00000FBYePYAX,SECURE ICAP Gateway Essential Security Package Per User (Technical)-RenewalMaintenance,ES-SIG-RRM-SIGAES-TECH
01tWC00000FBYeQYAX,SECURE ICAP Gateway Essential Security Package Per User (Technical),ES-SIG-RSS-SIGESS-TECH
01tWC00000FBYiTYAX,SECURE ICAP Gateway Per Instance (Technical)-NewMaintenance,ES-SIG-RNM-SEICGP-TECH
01tWC00000FBYiUYAX,SECURE ICAP Gateway Per Instance (Technical),ES-SIG-NRPS-SEIGAP-TECH
01tWC00000FBYiVYAX,SECURE ICAP Gateway Per Instance (Technical)-RenewalMaintenance,ES-SIG-RRM-SICGAP-TECH
01tWC00000FBYiWYAX,SECURE ICAP Gateway Per Instance (Technical),ES-SIG-RSS-SICGPE-TECH
01tWC00000FBYiXYAX,Structural Sanitization For SECURE ICAP Gateway (Technical)-NewMaintenance,ES-SIG-RNM-SSSICA-TECH
01tWC00000FBYiYYAX,Structural Sanitization For SECURE ICAP Gateway (Technical),ES-SIG-NRPS-SSSIGP-TECH
01tWC00000FBYiZYAX,Structural Sanitization For SECURE ICAP Gateway (Technical)-RenewalMaintenance,ES-SIG-RRM-SSSIGR-TECH
01tWC00000FBYiaYAH,Structural Sanitization For SECURE ICAP Gateway (Technical),ES-SIG-RSS-SSSIGS-TECH
01tWC00000FBYibYAH,Structural Sanitization For SECURE ICAP Gateway Per Instance (Technical)-NewMaintenance,ES-SIG-RNM-SSSICG-TECH
01tWC00000FBYicYAH,Structural Sanitization For SECURE ICAP Gateway Per Instance (Technical)-RenewalMaintenance,ES-SIG-RRM-SSSICR-TECH
01tWC00000FBYidYAH,TE Academic Institution Site License - Network Device (Technical)-NewMaintenance,FIM-FIM-RNM-TEAIN-TECH
01tWC00000FBYieYAH,TE Academic Institution Site License - Network Device (Technical),FIM-FIM-NRPS-TEDP-TECH
01tWC00000FBYifYAH,TE Academic Institution Site License - Network Device (Technical)-RenewalMaintenance,FIM-FIM-RRM-TEACAI-TECH
01tWC00000FBYigYAH,TE Academic Institution Site License - VMWare ESX (Technical)-NewMaintenance,FIM-FIM-RNM-TEAINS-TECH
01tWC00000FBYihYAH,TE Academic Institution Site License - VMWare ESX (Technical),FIM-FIM-NRPS-TEEP-TECH
01tWC00000FBYiiYAH,TE Academic Institution Site License - VMWare ESX (Technical)-RenewalMaintenance,FIM-FIM-RRM-TACAIN-TECH
01tWC00000FBYijYAH,TE Reinstatement Fee (Technical)-RenewalMaintenance,FIM-FIM-RRM-TER-TECH
01tWC00000FBYikYAH,Technical Account Manager (Technical),FIM-FIM-RSP-TECHNI-TECH
01tWC00000FBYilYAH,TFS for Workstations (Technical)-NewMaintenance,FIM-FIM-RNM-TFSWNM-TECH
01tWC00000FBYimYAH,TFS for Workstations (Technical)-RenewalMaintenance,FIM-FIM-RRM-TFSWRM-TECH
01tWC00000FBYinYAH,TFS/TM Reinstatement Fee (Technical)-RenewalMaintenance,FIM-FIM-RRM-TFSTMR-TECH
01tWC00000FBYioYAH,TLC Reinstatement Fee (Technical)-RenewalMaintenance,FIM-FIM-RRM-TLCR-TECH
01tWC00000FBYipYAH,Travel & Expenses (Technical),FIM-FIM-NRSE-TRAVEL-TECH
01tWC00000FBYiqYAH,Tripwire - Term Based Enterprise License (Technical)-NewMaintenance,FIM-FIM-RNM-TTBELN-TECH
01tWC00000FBYirYAH,Tripwire - Term Based Enterprise License (Technical),FIM-FIM-NRPS-TTBELP-TECH
01tWC00000FBYisYAH,Tripwire App - Custom Workflow Integration for Nozomi - Utility (Technical)-NewMaintenance,FIM-FIM-RNM-TACWIN-TECH
01tWC00000FBYitYAH,Tripwire App - Custom Workflow Integration for Nozomi - Utility (Technical),FIM-FIM-NRPS-TRIPWI-TECH
01tWC00000FBYiuYAH,Tripwire App - Custom Workflow Integration for Nozomi - Utility (Technical)-RenewalMaintenance,FIM-FIM-RRM-TACM-TECH
01tWC00000FBYivYAH,Tripwire App - Custom Workflow Integration for Nozomi - Utility (Technical),FIM-FIM-RSS-TACS-TECH
01tWC00000FBYiwYAH,Tripwire App - Dynamic Software Reconciliation - License Usage Fee (Technical),FIM-FIM-NROR-TADSFLF-TECH
01tWC00000FBYixYAH,Tripwire App - Dynamic Software Reconciliation - Utility (Technical),FIM-FIM-NROR-TADSRUO-TECH
01tWC00000FBYiyYAH,Tripwire App - Dynamic Software Reconciliation - Utility (Technical)-NewMaintenance,FIM-FIM-RNM-TADM-TECH
01tWC00000FBYizYAH,Tripwire App - Dynamic Software Reconciliation - Utility (Technical)-RenewalMaintenance,FIM-FIM-RRM-TRAP-TECH
01tWC00000FBYj0YAH,Tripwire App - Dynamic Software Reconciliation - Utility (Technical),FIM-FIM-RSS-TADS-TECH
01tWC00000FBYj1YAH,Tripwire App - Dynamic Software Reconciliation Express - Utility (Technical),FIM-FIM-NROR-TADSREUO-TECH
01tWC00000FBYj2YAH,Tripwire App - Dynamic Software Reconciliation Express - Utility (Technical)-NewMaintenance,FIM-FIM-RNM-TRNM-TECH
01tWC00000FBYj3YAH,Tripwire App - Dynamic Software Reconciliation Express - Utility (Technical)-RenewalMaintenance,FIM-FIM-RRM-TRIPWA-TECH
01tWC00000FBYj4YAH,Tripwire App - Dynamic Software Reconciliation Express - Utility (Technical),FIM-FIM-RSS-TRUS-TECH
01tWC00000FBYj5YAH,Tripwire App - Event Sender - License Usage Fee (Technical),FIM-FIM-NROR-TAESLUFO-TECH
01tWC00000FBYj6YAH,Tripwire App - Event Sender - Utility (Technical),FIM-FIM-NROR-TAESUO-TECH
01tWC00000FBYj7YAH,Tripwire App - Event Sender - Utility (Technical)-NewMaintenance,FIM-FIM-RNM-TAESUN-TECH
01tWC00000FBYj8YAH,Tripwire App - Event Sender - Utility (Technical)-RenewalMaintenance,FIM-FIM-RRM-TAESUR-TECH
01tWC00000FBYj9YAH,Tripwire App - Event Sender - Utility (Technical),FIM-FIM-RSS-TAESUS-TECH
01tWC00000FBYjAYAX,Tripwire App - TE Integration Framework - CA Service Desk - Utility (Technical),FIM-FIM-NROR-TAEDSLF-TECH
01tWC00000FBYjBYAX,Tripwire App - TE Integration Framework - CA Service Desk - Utility (Technical)-NewMaintenance,FIM-FIM-RNM-TATM-TECH
01tWC00000FBYjCYAX,Tripwire App - TE Integration Framework - CA Service Desk - Utility (Technical)-RenewalMaintenance,FIM-FIM-RRM-TRIPAP-TECH
01tWC00000FBYjDYAX,Tripwire App - TE Integration Framework - CA Service Desk - Utility (Technical),FIM-FIM-RSS-TATS-TECH
01tWC00000FBYjEYAX,Tripwire App - TE Integration Framework - ChangeGear - Utility (Technical),FIM-FIM-NROR-TATIFCGU-TECH
01tWC00000FBYjFYAX,Tripwire App - TE Integration Framework - ChangeGear - Utility (Technical)-NewMaintenance,FIM-FIM-RNM-TRIAPP-TECH
01tWC00000FBYjGYAX,Tripwire App - TE Integration Framework - ChangeGear - Utility (Technical)-RenewalMaintenance,FIM-FIM-RRM-TRAPP-TECH
01tWC00000FBYjHYAX,Tripwire App - TE Integration Framework - ChangeGear - Utility (Technical),FIM-FIM-RSS-TAPP-TECH
01tWC00000FBYjIYAX,Tripwire App - TE Integration Framework - Cherwell - Utility (Technical),FIM-FIM-NROR-TATIFCHU-TECH
01tWC00000FBYjJYAX,Tripwire App - TE Integration Framework - Cherwell - Utility (Technical)-NewMaintenance,FIM-FIM-RNM-TRIPAT-TECH
01tWC00000FBYjKYAX,Tripwire App - TE Integration Framework - Cherwell - Utility (Technical)-RenewalMaintenance,FIM-FIM-RRM-TRIAPT-TECH
01tWC00000FBYjLYAX,Tripwire App - TE Integration Framework - Cherwell - Utility (Technical),FIM-FIM-RSS-TRIATE-TECH
01tWC00000FBYjMYAX,Tripwire App - TE Integration Framework - Flex - Utility (Technical),FIM-FIM-NROR-TATIFFUO-TECH
01tWC00000FBYjNYAX,Tripwire App - TE Integration Framework - Flex - Utility (Technical)-NewMaintenance,FIM-FIM-RNM-TRAPPT-TECH
01tWC00000FBYjOYAX,Tripwire App - TE Integration Framework - Flex - Utility (Technical),FIM-FIM-RSS-TAPPTE-TECH
01tWC00000FBYjPYAX,TE University Site License-File Systems Monitoring-Tier 1 (Technical)-RenewalMaintenance,FIM-FIM-RRM-TEUSLFRM-TECH
01tWC00000FBYjQYAX,Tripwire - Term Based Enterprise License (Technical)-RenewalMaintenance,FIM-FIM-RRM-TTBELRM-TECH
01tWC00000FBYjRYAX,DMZ Gateway Enterprise 3 - Multi-Site (Technical),GS-GSE-NRPS-DGEP-TECH
01tWC00000FBYjSYAX,DMZ Gateway Enterprise 3 - Multi-Site Upgrade (Technical),GS-GSE-NRPS-DMUP-TECH
01tWC00000FBYjTYAX,DMZ Gateway Enterprise 3 (Technical)-NewMaintenance,GS-GSE-RNM-DMNM-TECH
01tWC00000FBYjUYAX,DMZ Gateway Single Site (Technical)-NewMaintenance,GS-GSE-RNM-DGSM-TECH
01tWC00000FBYjVYAX,DMZ Gateway Single Site (Technical)-RenewalMaintenance,GS-GSE-RRM-DMRM-TECH
01tWC00000FBYjWYAX,EFT 7 Enterprise (Technical),GS-GSE-NRPS-EFT7-TECH
01tWC00000FBYjXYAX,EFT 7 Express (Technical),GS-GSE-NRPS-EFT-TECH
01tWC00000FBYjYYAX,EFT 7 Express Upgrade (Technical),GS-GSE-NRPS-E7EP-TECH
01tWC00000FBYjZYAX,EFT 8 Continuum (Technical)-NewMaintenance,GS-GSE-RNM-EFT8-TECH
01tWC00000FBYjaYAH,EFT 8 Continuum (Technical),GS-GSE-NRPS-E8CP-TECH
01tWC00000FBYjbYAH,EFT 8 Continuum (Technical),GS-GSE-RSS-E8CS-TECH
01tWC00000FBYjcYAH,EFT 8 Enterprise (Technical)-NewMaintenance,GS-GSE-RNM-E8EM-TECH
01tWC00000FBYjdYAH,EFT 8 Enterprise (Technical),GS-GSE-NRPS-E8EP-TECH
01tWC00000FBYjeYAH,EFT 8 Enterprise (Technical),GS-GSE-RSS-E8ES-TECH
01tWC00000FBYjfYAH,EFT 8 Express (Technical)-NewMaintenance,GS-GSE-RNM-EF8-TECH
01tWC00000FBYjgYAH,EFT 8 Express (Technical),GS-GSE-NRPS-EFEP-TECH
01tWC00000FBYjhYAH,EFT 8 Express (Technical),GS-GSE-RSS-EFES-TECH
01tWC00000FBYjiYAH,EFT Accelerate (Technical),GS-GSE-NRPS-EFTA-TECH
01tWC00000FBYjjYAH,EFT Accelerate (Technical)-RenewalMaintenance,GS-GSE-RRM-EARM-TECH
01tWC00000FBYjkYAH,EFT Advanced Auth Module (AAM) (Technical)-RenewalMaintenance,GS-GSE-RRM-EAAM-TECH
01tWC00000FBYjlYAH,EFT Advanced Workflow Engine (Technical),GS-GSE-RSS-EAWS-TECH
01tWC00000FBYjmYAH,EFT Advanced Workflow Engine (AWE) Module (Technical)-NewMaintenance,GS-GSE-RNM-EAWM-TECH
01tWC00000FBYjnYAH,EFT Advanced Workflow Engine (AWE) Module (Technical),GS-GSE-NRPS-EAWP-TECH
01tWC00000FBYjoYAH,EFT Advanced Workflow Engine AWE Module (Technical)-NewMaintenance,GS-GSE-RNM-EFAD-TECH
01tWC00000FBYjpYAH,EFT Arcus Quick Start Service (Technical),GS-GSE-NRST-EAQS-TECH
01tWC00000FBYjqYAH,EFT ARM Module (Technical)-NewMaintenance,GS-GSE-RNM-EAMM-TECH
01tWC00000FBYjrYAH,EFT ARM Module (Technical)-RenewalMaintenance,GS-GSE-RRM-EFAR-TECH
01tWC00000FBYjsYAH,EFT AS2 Module (Technical)-NewMaintenance,GS-GSE-RNM-EFAS-TECH
01tWC00000FBYjtYAH,EFT AS2 Module (Technical),GS-GSE-NRPS-EAMP-TECH
01tWC00000FBYjuYAH,EFT AS2 Module (Technical)-RenewalMaintenance,GS-GSE-RRM-EFRM-TECH
01tWC00000FBYjvYAH,EFT AS2 Module (Technical),GS-GSE-RSS-EAMS-TECH
01tWC00000FBYjwYAH,EFT ASM Module (Technical)-NewMaintenance,GS-GSE-RNM-EFNM-TECH
01tWC00000FBYjxYAH,EFT ASM Module (Technical)-RenewalMaintenance,GS-GSE-RRM-EFTAS-TECH
01tWC00000FBYjyYAH,EFT Auditing & Reporting Module (Technical),GS-GSE-RSS-EARS-TECH
01tWC00000FBYjzYAH,EFT 7 Enterprise (Technical)-NewMaintenance,GS-GSE-RNM-EFT7ENM-TECH
01tWC00000FBYk0YAH,EFT 7 Enterprise (Technical)-RenewalMaintenance,GS-GSE-RRM-EFT7ERM-TECH
01tWC00000FBYk1YAH,EFT 7 Express (Technical)-NewMaintenance,GS-GSE-RNM-EFT7EXNM-TECH
01tWC00000FBYk2YAH,EFT 7 Express (Technical)-RenewalMaintenance,GS-GSE-RRM-EFT7EXRM-TECH
01tWC00000FBYk3YAH,EFT 7 Express Upgrade (Technical)-NewMaintenance,GS-GSE-RNM-EFT7EUNM-TECH
01tWC00000FBYk4YAH,EFT 7 Express Upgrade (Technical)-RenewalMaintenance,GS-GSE-RRM-E7EURM-TECH
01tWC00000FBYk5YAH,Data Redaction For SECURE Web Gateway (Technical)-NewMaintenance,ES-SWG-RNM-DRSWGN-TECH
01tWC00000FBYk6YAH,Data Redaction For SECURE Web Gateway (Technical),ES-SWG-NRPS-DRSWGP-TECH
01tWC00000FBYk7YAH,Data Redaction For SECURE Web Gateway (Technical)-RenewalMaintenance,ES-SWG-RRM-DRSWGR-TECH
01tWC00000FBYk8YAH,Data Redaction For SECURE Web Gateway (Technical),ES-SWG-RSS-DRSWGS-TECH
01tWC00000FBYk9YAH,Document Sanitization For SECURE Web Gateway (Technical)-NewMaintenance,ES-SWG-RNM-DSSWGN-TECH
01tWC00000FBYkAYAX,Document Sanitization For SECURE Web Gateway (Technical),ES-SWG-NRPS-DSSWGP-TECH
01tWC00000FBYkBYAX,Document Sanitization For SECURE Web Gateway (Technical)-RenewalMaintenance,ES-SWG-RRM-DSSWGR-TECH
01tWC00000FBYkCYAX,Document Sanitization For SECURE Web Gateway (Technical),ES-SWG-RSS-DSSWGS-TECH
01tWC00000FBYkDYAX,HTTPS Feature for SECURE Web Gateway (Technical)-NewMaintenance,ES-SWG-RNM-HTTPSF-TECH
01tWC00000FBYkEYAX,HTTPS Feature for SECURE Web Gateway (Technical),ES-SWG-NRPS-HTTPS-TECH
01tWC00000FBYkFYAX,HTTPS Feature for SECURE Web Gateway (Technical)-RenewalMaintenance,ES-SWG-RRM-HFSM-TECH
01tWC00000FBYkGYAX,OCR Feature For SECURE Web Gateway (Technical)-NewMaintenance,ES-SWG-RNM-OCRFS-TECH
01tWC00000FBYkHYAX,OCR Feature For SECURE Web Gateway (Technical),ES-SWG-NRPS-OCRFES-TECH
01tWC00000FBYkIYAX,OCR Feature For SECURE Web Gateway (Technical)-RenewalMaintenance,ES-SWG-RRM-OCRFSE-TECH
01tWC00000FBYkJYAX,OCR Feature For SECURE Web Gateway (Technical),ES-SWG-RSS-OCFEAS-TECH
01tWC00000FBYkKYAX,Remote Client For SECURE Web Gateway (Technical),ES-SWG-RSS-RCSWGS-TECH
01tWC00000FBYkLYAX,SECURE Web Gateway (Technical)-NewMaintenance,ES-SWG-RNM-SWGM-TECH
01tWC00000FBYkMYAX,SECURE Web Gateway (Technical),ES-SWG-NRPS-SWGP-TECH
01tWC00000FBYkNYAX,SECURE Web Gateway (Technical)-RenewalMaintenance,ES-SWG-RRM-SEWE-TECH
01tWC00000FBYkOYAX,SECURE Web Gateway (Technical),ES-SWG-RSS-SWGS-TECH
01tWC00000FBYkPYAX,SECURE Web Gateway Advanced Security Package (Technical)-NewMaintenance,ES-SWG-RNM-SECURW-TECH
01tWC00000FBYkQYAX,SECURE Web Gateway Advanced Security Package (Technical),ES-SWG-NRPS-SECUWE-TECH
01tWC00000FBYkRYAX,SECURE Web Gateway Advanced Security Package (Technical)-RenewalMaintenance,ES-SWG-RRM-SECWEB-TECH
01tWC00000FBYkSYAX,SECURE Web Gateway Advanced Security Package (Technical),ES-SWG-RSS-SEWEB-TECH
01tWC00000FBYkTYAX,SECURE Web Gateway Elite Security Package (Technical)-NewMaintenance,ES-SWG-RNM-SWEB-TECH
01tWC00000FBYkUYAX,SECURE Web Gateway Elite Security Package (Technical),ES-SWG-NRPS-SECUWG-TECH
01tWC00000FBYkVYAX,SECURE Web Gateway Elite Security Package (Technical)-RenewalMaintenance,ES-SWG-RRM-SECWEG-TECH
01tWC00000FBYkWYAX,SECURE Web Gateway Elite Security Package (Technical),ES-SWG-RSS-SECWGA-TECH
01tWC00000FBYkXYAX,SECURE Web Gateway Essential Security Package (Technical)-NewMaintenance,ES-SWG-RNM-SEWEBG-TECH
01tWC00000FBYkYYAX,SECURE Web Gateway Essential Security Package (Technical),ES-SWG-NRPS-SEWGAT-TECH
01tWC00000FBYkZYAX,SECURE Web Gateway Essential Security Package (Technical)-RenewalMaintenance,ES-SWG-RRM-SWEBGA-TECH
01tWC00000FBYkaYAH,SECURE Web Gateway Essential Security Package (Technical),ES-SWG-RSS-SWEGAT-TECH
01tWC00000FBYkbYAH,Structural Sanitization For SECURE Web Gateway (Technical)-NewMaintenance,ES-SWG-RNM-SSSWGN-TECH
01tWC00000FBYkcYAH,Structural Sanitization For SECURE Web Gateway (Technical),ES-SWG-NRPS-SSSWGP-TECH
01tWC00000FBYkdYAH,Structural Sanitization For SECURE Web Gateway (Technical)-RenewalMaintenance,ES-SWG-RRM-SSSWGR-TECH
01tWC00000FBYkeYAH,Structural Sanitization For SECURE Web Gateway (Technical),ES-SWG-RSS-SSSWGS-TECH
01tWC00000FBYnJYAX,APP  - Cisco (Phishing Defense) (Technical),ES-SEA-RSL-APPC-TECH
01tWC00000FBYnKYAX,"Bundle 1 (Includes APD, APR, BP) (Technical)",ES-SEA-RSL-B1IAAB-TECH
01tWC00000FBYnLYAX,Phishing Response (Technical),ES-SEA-RSL-PHISRE-TECH
01tWC00000FBYs9YAH,CCM - EVAL (Technical),FIM-FIM-NRPS-CCMEVA-TECH
01tWC00000FBYsAYAX,CCM - Scan Engine - EVAL (Technical),FIM-FIM-NRPS-CCMSEE-TECH
01tWC00000FBYsBYAX,CCM for Network Devices (Technical)-NewMaintenance,FIM-FIM-RNM-CCMNDN-TECH
01tWC00000FBYsCYAX,CCM for Network Devices (Technical)-RenewalMaintenance,FIM-FIM-RRM-CCMNDR-TECH
01tWC00000FBYsDYAX,CCM for Network Devices (Technical),FIM-FIM-RSS-CCMNDS-TECH
01tWC00000FBYsEYAX,CCM for Servers - FIM Only (Technical),FIM-FIM-RSS-CCMSFO-TECH
01tWC00000FBYsFYAX,CCM for Servers (Technical)-NewMaintenance,FIM-FIM-RNM-CCMSNM-TECH
01tWC00000FBYsGYAX,CCM for Servers (Technical)-RenewalMaintenance,FIM-FIM-RRM-CCMSRM-TECH
01tWC00000FBYsHYAX,CCM for Servers (Technical),FIM-FIM-RSS-CCMSES-TECH
01tWC00000FBYsIYAX,CCM for Single Purpose Devices - FIM Only (Technical),FIM-FIM-RSS-CCMSPD-TECH
01tWC00000FBYsJYAX,CCM for Single Purpose Devices (Technical)-NewMaintenance,FIM-FIM-RNM-CCMSIN-TECH
01tWC00000FBYsKYAX,CCM for Single Purpose Devices (Technical)-RenewalMaintenance,FIM-FIM-RRM-CCMSIR-TECH
01tWC00000FBYsLYAX,CCM for Single Purpose Devices (Technical),FIM-FIM-RSS-CCMSID-TECH
01tWC00000FBYsMYAX,CCM for Workstations - FIM Only (Technical),FIM-FIM-RSS-CCMWFO-TECH
01tWC00000FBYsNYAX,CCM for Workstations (Technical)-NewMaintenance,FIM-FIM-RNM-CCMWNM-TECH
01tWC00000FBYsOYAX,CCM for Workstations (Technical),FIM-FIM-NRPS-CCMWOR-TECH
01tWC00000FBYsPYAX,CCM for Workstations (Technical)-RenewalMaintenance,FIM-FIM-RRM-CCMWRM-TECH
01tWC00000FBYsQYAX,CCM for Workstations (Technical),FIM-FIM-RSS-CCMWOS-TECH
01tWC00000FBYsRYAX,CCM Limited Management Server (Technical)-NewMaintenance,FIM-FIM-RNM-CCMLMS-TECH
01tWC00000FBYsSYAX,CCM Limited Management Server (Technical),FIM-FIM-NRPS-CCMLIM-TECH
01tWC00000FBYsTYAX,CCM Limited Management Server (Technical)-RenewalMaintenance,FIM-FIM-RRM-CCMLIR-TECH
01tWC00000FBYsUYAX,CCM Limited Management Server (Technical),FIM-FIM-RSS-CCMLIS-TECH
01tWC00000FBYsVYAX,CCM Limited Scan Engine (Technical)-NewMaintenance,FIM-FIM-RNM-CCMLSE-TECH
01tWC00000FBYsWYAX,CCM Limited Scan Engine (Technical),FIM-FIM-NRPS-CCMLIE-TECH
01tWC00000FBYsXYAX,CCM Limited Scan Engine (Technical)-RenewalMaintenance,FIM-FIM-RRM-CCMLSC-TECH
01tWC00000FBYsYYAX,CCM Management Server - FIM Only (Technical),FIM-FIM-RSS-CCMMSF-TECH
01tWC00000FBYsZYAX,CCM Management Server (Technical)-NewMaintenance,FIM-FIM-RNM-CCMMSN-TECH
01tWC00000FBYsaYAH,CCM Management Server (Technical),FIM-FIM-NRPS-CCMMSP-TECH
01tWC00000FBYsbYAH,CCM Management Server (Technical)-RenewalMaintenance,FIM-FIM-RRM-CCMMSR-TECH
01tWC00000FBYscYAH,CCM Management Server (Technical),FIM-FIM-RSS-CCMMSS-TECH
01tWC00000FBYsdYAH,CCM Reinstatement Fee (Technical)-RenewalMaintenance,FIM-FIM-RRM-CCMRFR-TECH
01tWC00000FBYseYAH,CCM Scan Engine (Technical)-NewMaintenance,FIM-FIM-RNM-CCMSEN-TECH
01tWC00000FBYsfYAH,CCM Scan Engine (Technical),FIM-FIM-NRPS-CCMSEP-TECH
01tWC00000FBYsgYAH,CCM Scan Engine (Technical)-RenewalMaintenance,FIM-FIM-RRM-CCMSCA-TECH
01tWC00000FBYshYAH,CCM Windows Limited Scan Engine (Technical),FIM-FIM-RSS-CCMWLS-TECH
01tWC00000FBYsiYAH,CCM Windows Scan Engine - FIM Only (Technical),FIM-FIM-RSS-CCMWSE-TECH
01tWC00000FBYsjYAH,CCM Windows Scan Engine (Technical),FIM-FIM-RSS-CCMWIN-TECH
01tWC00000FBYskYAH,Channel PS Certification Program (Technical),FIM-FIM-NRST-CPCP-TECH
01tWC00000FBYslYAH,Config - CCM (Technical),FIM-FIM-NROR-CCO-TECH
01tWC00000FBYsmYAH,Config - CCM FIM (Technical),FIM-FIM-NROR-CCFO-TECH
01tWC00000FBYsnYAH,Config - FIM (Technical),FIM-FIM-NROR-CFO-TECH
01tWC00000FBYsoYAH,Config - IP360 (Technical),FIM-FIM-NROR-CIO-TECH
01tWC00000FBYspYAH,Config - PM (Technical),FIM-FIM-NROR-CPO-TECH
01tWC00000FBYsqYAH,Config - PM FS (Technical),FIM-FIM-NROR-CPFO-TECH
01tWC00000FBYsrYAH,Config - PM ND (Technical),FIM-FIM-NROR-CPNO-TECH
01tWC00000FBYssYAH,Config - PM VMware ESX (Technical),FIM-FIM-NROR-CPVEO-TECH
01tWC00000FBYstYAH,CCM - EVAL (Technical)-RenewalMaintenance,FIM-FIM-RRM-CCMEVRM-TECH
01tWC00000FBYsuYAH,CCM - EVAL (Technical)-NewMaintenance,FIM-FIM-RNM-CCMEVNM-TECH
01tWC00000FBYsvYAH,CCM - Scan Engine - EVAL (Technical)-NewMaintenance,FIM-FIM-RNM-CSEENM-TECH
01tWC00000FBYswYAH,CCM - Scan Engine - EVAL (Technical)-RenewalMaintenance,FIM-FIM-RRM-CSEERM-TECH
01tWC00000FBZD7YAP,Config - TE (Technical),FIM-FIM-NROR-CTEO-TECH
01tWC00000FBZD8YAP,Config - TE Console (Technical),FIM-FIM-NROR-CTCO-TECH
01tWC00000FBZD9YAP,Config - TE DB (Technical),FIM-FIM-NROR-CTEDBO-TECH
01tWC00000FBZDAYA5,Config - TE Desktop (Technical),FIM-FIM-NROR-CTEDTO-TECH
01tWC00000FBZDBYA5,Config - TE DS (Technical),FIM-FIM-NROR-CTEDSO-TECH
01tWC00000FBZDCYA5,Config - TE Express Console (Technical),FIM-FIM-NROR-CTECO-TECH
01tWC00000FBZDDYA5,Config - Tripwire App (Technical),FIM-FIM-NROR-CTAO-TECH
01tWC00000FBZDEYA5,Config - Tripwire App - TE Integration Framework (Technical),FIM-FIM-NROR-CTATIFO-TECH
01tWC00000FBZDFYA5,Config - Tripwire State Analyzer (Technical),FIM-FIM-NROR-CTSAO-TECH
01tWC00000FBZDGYA5,Device Profiler Ev (Technical),FIM-FIM-NROR-DPE-TECH
01tWC00000FBZDHYA5,Device Profiler Ev (Technical)-NewMaintenance,FIM-FIM-RNM-DPENEW-TECH
01tWC00000FBZDIYA5,Device Profiler Ev (Technical),FIM-FIM-NRPS-DPEPER-TECH
01tWC00000FBZDJYA5,Device Profiler Ev (Technical)-RenewalMaintenance,FIM-FIM-RRM-DPEREN-TECH
01tWC00000FBZDKYA5,Device Profiler Ev (Technical),FIM-FIM-RSS-DPESUB-TECH
01tWC00000FBZDLYA5,Device Profiler Ev Express (Technical)-NewMaintenance,FIM-FIM-RNM-DPEENM-TECH
01tWC00000FBZDMYA5,Device Profiler Ev Express (Technical),FIM-FIM-NRPS-DPEEXP-TECH
01tWC00000FBZDNYA5,Device Profiler Ev Express (Technical)-RenewalMaintenance,FIM-FIM-RRM-DPEERM-TECH
01tWC00000FBZDOYA5,Device Profiler Ev Express (Technical),FIM-FIM-RSS-DPEEXS-TECH
01tWC00000FBZDPYA5,Device Profiler Ev Limited (Technical)-NewMaintenance,FIM-FIM-RNM-DPELNM-TECH
01tWC00000FBZDQYA5,Device Profiler Ev Limited (Technical),FIM-FIM-NRPS-DPELIM-TECH
01tWC00000FBZDRYA5,Device Profiler Ev Limited (Technical)-RenewalMaintenance,FIM-FIM-RRM-DPELRM-TECH
01tWC00000FBZDSYA5,Device Profiler Ev Limited (Technical),FIM-FIM-RSS-DPELIS-TECH
01tWC00000FBZDTYA5,Device Profiler Ev Non-Transferable Unlimited Use (Technical)-NewMaintenance,FIM-FIM-RNM-DPENTU-TECH
01tWC00000FBZDUYA5,Device Profiler Ev Non-Transferable Unlimited Use (Technical),FIM-FIM-NRPS-DPENON-TECH
01tWC00000FBZDVYA5,Device Profiler Ev Non-Transferable Unlimited Use (Technical)-RenewalMaintenance,FIM-FIM-RRM-DPENOT-TECH
01tWC00000FBZDWYA5,DP Ev - EVAL (Technical),FIM-FIM-NRPS-DPDEEP-TECH
01tWC00000FBZDXYA5,File Integrity Manager for Databases (Technical)-NewMaintenance,FIM-FIM-RNM-FIMDNM-TECH
01tWC00000FBZDYYA5,File Integrity Manager for Databases (Technical),FIM-FIM-NRPS-FIMDAT-TECH
01tWC00000FBZDZYA5,File Integrity Manager for Databases (Technical)-RenewalMaintenance,FIM-FIM-RRM-FIMDRM-TECH
01tWC00000FBZDaYAP,File Integrity Manager for Desktops - License Usage Fee (Technical),FIM-FIM-NROR-FIMDKLF-TECH
01tWC00000FBZDbYAP,File Integrity Manager for Desktops (Technical)-NewMaintenance,FIM-FIM-RNM-FIMDES-TECH
01tWC00000FBZDcYAP,File Integrity Manager for Desktops (Technical),FIM-FIM-NRPS-FIMDEP-TECH
01tWC00000FBZDdYAP,File Integrity Manager for Desktops (Technical)-RenewalMaintenance,FIM-FIM-RRM-FIMDER-TECH
01tWC00000FBZDeYAP,File Integrity Manager for Desktops (Technical),FIM-FIM-RSS-FIMDSU-TECH
01tWC00000FBZDfYAP,File Integrity Manager for Directory Services (Technical)-NewMaintenance,FIM-FIM-RNM-FIMDSN-TECH
01tWC00000FBZDgYAP,File Integrity Manager for Directory Services (Technical),FIM-FIM-NRPS-FIMDSP-TECH
01tWC00000FBZDhYAP,File Integrity Manager for Directory Services (Technical)-RenewalMaintenance,FIM-FIM-RRM-FIMDSR-TECH
01tWC00000FBZDiYAP,File Integrity Manager for File Systems - License Usage Fee (Technical),FIM-FIM-NROR-FIMFSLF-TECH
01tWC00000FBZDjYAP,File Integrity Manager for File Systems (Technical)-NewMaintenance,FIM-FIM-RNM-FIMFSN-TECH
01tWC00000FBZDkYAP,File Integrity Manager for File Systems (Technical),FIM-FIM-NRPS-FIMFSP-TECH
01tWC00000FBZDlYAP,File Integrity Manager for File Systems (Technical)-RenewalMaintenance,FIM-FIM-RRM-FIMFSR-TECH
01tWC00000FBZDmYAP,File Integrity Manager for File Systems (Technical),FIM-FIM-RSS-FIMFSS-TECH
01tWC00000FBZDnYAP,File Integrity Manager for Large Stores (up to 75 FIM-FS) (Technical)-RenewalMaintenance,FIM-FIM-RRM-FIMLAS-TECH
01tWC00000FBZDoYAP,Device Profiler 700 (Technical),FIM-FIM-NRPS-DP700P-TECH
01tWC00000FBZDpYAP,Device Profiler 700 (Technical)-RenewalMaintenance,FIM-FIM-RRM-DP700RM-TECH
01tWC00000FBZDqYAP,Device Profiler 700 (Technical),FIM-FIM-RSS-DP700S-TECH
01tWC00000FBZDrYAP,Config - Tripwire App - TE Console Orchestrator (Technical),FIM-FIM-NROR-CTATCOO-TECH
01tWC00000FBZDsYAP,Device Profiler 700 (Technical)-NewMaintenance,FIM-FIM-RNM-DP7NM-TECH
01tWC00000FBZDtYAP,DP Ev - EVAL (Technical)-RenewalMaintenance,FIM-FIM-RRM-DEERM-TECH
01tWC00000FBZDuYAP,DP Ev - EVAL (Technical)-NewMaintenance,FIM-FIM-RNM-DEENM-TECH
01tWC00000FBZPAYA5,IP360 - EVAL (Technical),FIM-FIM-NRPS-IP36EV-TECH
01tWC00000FBZPBYA5,IP360 - License Usage Fee (Technical),FIM-FIM-NROR-ILUFO-TECH
01tWC00000FBZPCYA5,IP360 (Technical)-NewMaintenance,FIM-FIM-RNM-IP36NE-TECH
01tWC00000FBZPDYA5,IP360 (Technical)-RenewalMaintenance,FIM-FIM-RRM-IP36RE-TECH
01tWC00000FBZPEYA5,IP360 (Technical),FIM-FIM-RSS-IP36SU-TECH
01tWC00000FBZPFYA5,IP360 - Term Based (Technical)-RenewalMaintenance,FIM-FIM-RRM-IP36FA-TECH
01tWC00000FBZPGYA5,"File Integrity Manager for Large Stores w/ND & DB (up to 75 FS, 75 ND & 1 DB) (Technical)-NewMaintenance",FIM-FIM-RNM-FIMLSW-TECH
01tWC00000FBZPHYA5,"File Integrity Manager for Large Stores w/ND & DB (up to 75 FS, 75 ND & 1 DB) (Technical)",FIM-FIM-NRPS-FIMLAD-TECH
01tWC00000FBZPIYA5,"File Integrity Manager for Large Stores w/ND & DB (up to 75 FS, 75 ND & 1 DB) (Technical)-RenewalMaintenance",FIM-FIM-RRM-FIMLST-TECH
01tWC00000FBZPJYA5,File Integrity Manager for Mid-Size Stores (up to 20 FS) (Technical)-NewMaintenance,FIM-FIM-RNM-FIMMSS-TECH
01tWC00000FBZPKYA5,File Integrity Manager for Mid-Size Stores (up to 20 FS) (Technical),FIM-FIM-NRPS-FIMMID-TECH
01tWC00000FBZPLYA5,File Integrity Manager for Mid-Size Stores (up to 20 FS) (Technical)-RenewalMaintenance,FIM-FIM-RRM-FIMMIS-TECH
01tWC00000FBZPMYA5,File Integrity Manager for Network Devices - License Usage Fee (Technical),FIM-FIM-NROR-FIMNWLF-TECH
01tWC00000FBZPNYA5,File Integrity Manager for Network Devices (Technical)-NewMaintenance,FIM-FIM-RNM-FIMNDN-TECH
01tWC00000FBZPOYA5,File Integrity Manager for Network Devices (Technical),FIM-FIM-NRPS-FIMNDP-TECH
01tWC00000FBZPPYA5,File Integrity Manager for Network Devices (Technical)-RenewalMaintenance,FIM-FIM-RRM-FIMNDR-TECH
01tWC00000FBZPQYA5,File Integrity Manager for Network Devices (Technical),FIM-FIM-RSS-FIMNDS-TECH
01tWC00000FBZPRYA5,File Integrity Manager for POS End Point Systems - License Usage Fee (Technical),FIM-FIM-NROR-FIMPOSLF-TECH
01tWC00000FBZPSYA5,File Integrity Manager for POS End Point Systems (Technical)-NewMaintenance,FIM-FIM-RNM-FIMPEP-TECH
01tWC00000FBZPTYA5,File Integrity Manager for POS End Point Systems (Technical),FIM-FIM-NRPS-FIMPOE-TECH
01tWC00000FBZPUYA5,File Integrity Manager for POS End Point Systems (Technical)-RenewalMaintenance,FIM-FIM-RRM-FIMPOR-TECH
01tWC00000FBZPVYA5,File Integrity Manager for POS End Point Systems (Technical),FIM-FIM-RSS-FIMPEN-TECH
01tWC00000FBZPWYA5,File Integrity Manager for POS Servers - License Usage Fee (Technical),FIM-FIM-NROR-FIMPSVLF-TECH
01tWC00000FBZPXYA5,File Integrity Manager for POS Servers (Technical)-NewMaintenance,FIM-FIM-RNM-FIMPSN-TECH
01tWC00000FBZPYYA5,File Integrity Manager for POS Servers (Technical),FIM-FIM-NRPS-FIMPSP-TECH
01tWC00000FBZPZYA5,File Integrity Manager for POS Servers (Technical)-RenewalMaintenance,FIM-FIM-RRM-FIMPSR-TECH
01tWC00000FBZPaYAP,File Integrity Manager for POS Servers (Technical),FIM-FIM-RSS-FIMPSS-TECH
01tWC00000FBZPbYAP,File Integrity Manager for Small Stores (up to 5 FIM-FS) (Technical)-NewMaintenance,FIM-FIM-RNM-FIMSSU-TECH
01tWC00000FBZPcYAP,File Integrity Manager for Small Stores (up to 5 FIM-FS) (Technical),FIM-FIM-NRPS-FIMSMA-TECH
01tWC00000FBZPdYAP,File Integrity Manager for Small Stores (up to 5 FIM-FS) (Technical)-RenewalMaintenance,FIM-FIM-RRM-FIMSMS-TECH
01tWC00000FBZPeYAP,"File Integrity Manager for Small Stores w/ND & DB (up to 5 FS, 5 ND & 1 DB) (Technical)-NewMaintenance",FIM-FIM-RNM-FIMSSW-TECH
01tWC00000FBZPfYAP,"File Integrity Manager for Small Stores w/ND & DB (up to 5 FS, 5 ND & 1 DB) (Technical)",FIM-FIM-NRPS-FIMSMD-TECH
01tWC00000FBZPgYAP,"File Integrity Manager for Small Stores w/ND & DB (up to 5 FS, 5 ND & 1 DB) (Technical)-RenewalMaintenance",FIM-FIM-RRM-FIMSMR-TECH
01tWC00000FBZPhYAP,File Integrity Manager for VMware ESX - License Usage Fee (Technical),FIM-FIM-NROR-FIMVMLF-TECH
01tWC00000FBZPiYAP,File Integrity Manager for VMware ESX (Technical)-NewMaintenance,FIM-FIM-RNM-FIMVEN-TECH
01tWC00000FBZPjYAP,File Integrity Manager for VMware ESX (Technical),FIM-FIM-NRPS-FIMVEP-TECH
01tWC00000FBZPkYAP,File Integrity Manager for VMware ESX (Technical)-RenewalMaintenance,FIM-FIM-RRM-FIMVER-TECH
01tWC00000FBZPlYAP,File Integrity Manager for VMware ESX (Technical),FIM-FIM-RSS-FIMVES-TECH
01tWC00000FBZPmYAP,"FIM for Mid-Size Stores w/ND & DB (up to 20 FS, 20 ND & 1 DB) (Technical)-NewMaintenance",FIM-FIM-RNM-FIMMNE-TECH
01tWC00000FBZPnYAP,"FIM for Mid-Size Stores w/ND & DB (up to 20 FS, 20 ND & 1 DB) (Technical)",FIM-FIM-NRPS-FIMMPE-TECH
01tWC00000FBZPoYAP,"FIM for Mid-Size Stores w/ND & DB (up to 20 FS, 20 ND & 1 DB) (Technical)-RenewalMaintenance",FIM-FIM-RRM-FIMMRE-TECH
01tWC00000FBZPpYAP,FORTRAVM - EVAL (Technical),FIM-FIM-NRPS-FEP-TECH
01tWC00000FBZPqYAP,IP360 - Term Based (Technical),FIM-FIM-RSS-IP36TBS-TECH
01tWC00000FBZPrYAP,IP360 - EVAL (Technical)-RenewalMaintenance,FIM-FIM-RRM-IERM-TECH
01tWC00000FBZPsYAP,IP360 - EVAL (Technical)-NewMaintenance,FIM-FIM-RNM-IENM-TECH
01tWC00000FBZPtYAP,FORTRAVM - EVAL (Technical)-RenewalMaintenance,FIM-FIM-RRM-FERM-TECH
01tWC00000FBZPuYAP,FORTRAVM - EVAL (Technical)-NewMaintenance,FIM-FIM-RNM-FENM-TECH
01tWC00000FBZYsYAP,IP360 - Term Based (Technical)-NewMaintenance,FIM-FIM-RNM-IP36TB-TECH
01tWC00000FBZYtYAP,TE Academic Institution Site License - Directory Services (Technical),FIM-FIM-NRPS-TESP-TECH
01tWC00000FBZYuYAP,TE Academic Institution Site License - Directory Services (Technical)-RenewalMaintenance,FIM-FIM-RRM-TEACA-TECH
01tWC00000FBZYvYAP,TE Academic Institution Site License - File Systems (Technical)-RenewalMaintenance,FIM-FIM-RRM-TEACI-TECH
01tWC00000FBZYwYAP,Policy Manager for Desktops - License Usage Fee (Technical),FIM-FIM-NROR-PMFDLUFO-TECH
01tWC00000FBZYxYAP,Policy Manager for Desktops (Technical)-NewMaintenance,FIM-FIM-RNM-PMDNM-TECH
01tWC00000FBZYyYAP,Policy Manager for Desktops (Technical),FIM-FIM-NRPS-PMDP-TECH
01tWC00000FBZYzYAP,Policy Manager for Desktops (Technical)-RenewalMaintenance,FIM-FIM-RRM-PMDRM-TECH
01tWC00000FBZZ0YAP,Policy Manager for Desktops (Technical),FIM-FIM-RSS-PMDS-TECH
01tWC00000FBZZ1YAP,Policy Manager for File Systems - License Usage Fee (Technical),FIM-FIM-NROR-PMFSLF-TECH
01tWC00000FBZZ2YAP,Policy Manager for File Systems (Technical)-NewMaintenance,FIM-FIM-RNM-PMFSNM-TECH
01tWC00000FBZZ3YAP,Policy Manager for File Systems (Technical),FIM-FIM-NRPS-PMFSP-TECH
01tWC00000FBZZ4YAP,Policy Manager for File Systems (Technical)-RenewalMaintenance,FIM-FIM-RRM-PMFSRM-TECH
01tWC00000FBZZ5YAP,Policy Manager for File Systems (Technical),FIM-FIM-RSS-PMFSS-TECH
01tWC00000FBZZ6YAP,Policy Manager for Network Devices - License Usage Fee (Technical),FIM-FIM-NROR-PMNDLF-TECH
01tWC00000FBZZ7YAP,Policy Manager for Network Devices (Technical)-NewMaintenance,FIM-FIM-RNM-PMNDNM-TECH
01tWC00000FBZZ8YAP,Policy Manager for Network Devices (Technical),FIM-FIM-NRPS-PMNDP-TECH
01tWC00000FBZZ9YAP,Policy Manager for Network Devices (Technical)-RenewalMaintenance,FIM-FIM-RRM-PMNDRM-TECH
01tWC00000FBZZAYA5,Policy Manager for Network Devices (Technical),FIM-FIM-RSS-PMNDS-TECH
01tWC00000FBZZBYA5,Policy Manager for POS End Point Systems - License Usage Fee (Technical),FIM-FIM-NROR-PMPEPSLF-TECH
01tWC00000FBZZCYA5,Policy Manager for POS End Point Systems (Technical)-NewMaintenance,FIM-FIM-RNM-POLICY-TECH
01tWC00000FBZZDYA5,Policy Manager for POS End Point Systems (Technical),FIM-FIM-NRPS-PMPP-TECH
01tWC00000FBZZEYA5,Policy Manager for POS End Point Systems (Technical)-RenewalMaintenance,FIM-FIM-RRM-PMPM-TECH
01tWC00000FBZZFYA5,Policy Manager for POS End Point Systems (Technical),FIM-FIM-RSS-PMPS-TECH
01tWC00000FBZZGYA5,Policy Manager for POS Servers - License Usage Fee (Technical),FIM-FIM-NROR-PMPSLF-TECH
01tWC00000FBZZHYA5,Policy Manager for POS Servers (Technical)-NewMaintenance,FIM-FIM-RNM-PMPSNM-TECH
01tWC00000FBZZIYA5,Policy Manager for POS Servers (Technical),FIM-FIM-NRPS-PMPSP-TECH
01tWC00000FBZZJYA5,Policy Manager for POS Servers (Technical)-RenewalMaintenance,FIM-FIM-RRM-PMPSRM-TECH
01tWC00000FBZZKYA5,Policy Manager for POS Servers (Technical),FIM-FIM-RSS-PMPSS-TECH
01tWC00000FBZZLYA5,Policy Manager for VMware ESX - License Usage Fee (Technical),FIM-FIM-NROR-PMVMLF-TECH
01tWC00000FBZZMYA5,Policy Manager for VMware ESX (Technical)-NewMaintenance,FIM-FIM-RNM-PMVENM-TECH
01tWC00000FBZZNYA5,Policy Manager for VMware ESX (Technical),FIM-FIM-NRPS-PMVEP-TECH
01tWC00000FBZZOYA5,Policy Manager for VMware ESX (Technical)-RenewalMaintenance,FIM-FIM-RRM-PMVERM-TECH
01tWC00000FBZZPYA5,Policy Manager for VMware ESX (Technical),FIM-FIM-RSS-PMVES-TECH
01tWC00000FBZZQYA5,Pre-paid Tripwire Advisory Recurring Services (Technical),FIM-FIM-RSP-PPTARS-TECH
01tWC00000FBZZRYA5,Pre-paid Tripwire Resident Engineer (Technical),FIM-FIM-RSP-PPTRES-TECH
01tWC00000FBZZSYA5,Pre-paid Tripwire Resident Engineer (Remote) (Technical),FIM-FIM-RSP-PPTRERS-TECH
01tWC00000FBZZTYA5,Pre-paid Tripwire Resident Engineer (Remote) - Renewal (Technical),FIM-FIM-RSP-PPTRERRS-TECH
01tWC00000FBZZUYA5,Pre-paid Tripwire Services (Technical),FIM-FIM-NRST-PPTSS-TECH
01tWC00000FBZZVYA5,TE Academic Institution Site License - Database (Technical)-NewMaintenance,FIM-FIM-RNM-TEA-TECH
01tWC00000FBZZWYA5,TE Academic Institution Site License - Database (Technical),FIM-FIM-NRPS-TEACAD-TECH
01tWC00000FBZZXYA5,TE Academic Institution Site License - Database (Technical)-RenewalMaintenance,FIM-FIM-RRM-TAIM-TECH
01tWC00000FBZZYYA5,TE Academic Institution Site License - Desktop (Technical)-NewMaintenance,FIM-FIM-RNM-TEAC-TECH
01tWC00000FBZZZYA5,TE Academic Institution Site License - Desktop (Technical),FIM-FIM-NRPS-TAIP-TECH
01tWC00000FBZZaYAP,TE Academic Institution Site License - Desktop (Technical)-RenewalMaintenance,FIM-FIM-RRM-TERM-TECH
01tWC00000FBZZbYAP,TE Academic Institution Site License - Directory Services (Technical)-NewMaintenance,FIM-FIM-RNM-TENM-TECH
01tWC00000FBZZcYAP,IP360 Federal (Technical)-RenewalMaintenance,FIM-FIM-RRM-IP36FRM-TECH
01tWC00000FBZZdYAP,Pre-paid Tripwire Advisory Services (Technical),FIM-FIM-NRST-PPTASS-TECH
01tWC00000FBZZeYAP,Post-paid Tripwire Services (Technical),FIM-FIM-NRST-POPTSS-TECH
01tWC00000FBZoDYAX,IP360 (Technical),FIM-FML-NRPS-IP36PE-TECH
01tWC00000FBZoEYAX,IP360 - Term Based (Technical),FIM-FML-NRPS-IP36TE-TECH
01tWC00000FBZoFYAX,IP360 Mobile (Technical),FIM-FML-RSS-IP36MO-TECH
01tWC00000FBZoGYAX,Tripwire State Analyzer Upgrade (Technical),FIM-FML-NRPS-TSAUP-TECH
01tWC00000FBZoHYAX,TFS for Workstations (Technical),FIM-FML-NRPS-TFSWOR-TECH
01tWC00000FBZoIYAX,VnE Manager - EVAL (Technical),FIM-FML-NRPS-VEMEVA-TECH
01tWC00000FBZoJYAX,VnE Manager Ev (Technical),FIM-FML-NRPS-VEMEVP-TECH
01tWC00000FBZoKYAX,Tripwire Enterprise for File Systems (17+ Processors) (Technical)-RenewalMaintenance,FIM-FML-RRM-TEFS1P-TECH
01tWC00000FBZoLYAX,CCM for Network Devices (Technical),FIM-FML-NRPS-CCMNDP-TECH
01tWC00000FBZoMYAX,CCM for Servers (Technical),FIM-FML-NRPS-CCMSER-TECH
01tWC00000FBZoNYAX,CCM for Single Purpose Devices (Technical),FIM-FML-NRPS-CCMSIP-TECH
01tWC00000FBZoOYAX,Tripwire App - Dynamic Software Reconciliation - Utility & Implementation (Technical)-RenewalMaintenance,FIM-FML-RRM-TRRM-TECH
01tWC00000FBZoPYAX,Tripwire App - Event Sender - Utility & Implementation (Technical)-RenewalMaintenance,FIM-FML-RRM-TAESUI-TECH
01tWC00000FBZoQYAX,Tripwire App - TE Integration Framework - Flex - Utility & Implementation (Technical)-RenewalMaintenance,FIM-FML-RRM-TAPTE-TECH
01tWC00000FBZoRYAX,Tripwire App - TE Integration Framework - Remedy - Utility & Implementation (Technical)-RenewalMaintenance,FIM-FML-RRM-TAPTIF-TECH
01tWC00000FBZoSYAX,Tripwire App - TE Integration Framework - ServiceNow - Utility & Implementation (Technical)-RenewalMaintenance,FIM-FML-RRM-TATSNR-TECH
01tWC00000FBZoTYAX,Tripwire CCM Unlimited Use (Technical),FIM-FML-NRPS-TCUUP-TECH
01tWC00000FBZoUYAX,Tripwire Log Center 1500 (Technical)-RenewalMaintenance,FIM-FML-RRM-TLC15RE-TECH
01tWC00000FBZoVYAX,Tripwire ExpertOps Remote Operations (Technical),FIM-FML-RSP-TEORO-TECH
01tWC00000FBZoWYAX,Tripwire ExpertOps Remote Operations Advanced (Technical),FIM-FML-RSP-TEOROA-TECH
01tWC00000FBZoXYAX,Tripwire for Server-SUL-Lic (Technical),FIM-FML-NRPS-TSSLP-TECH
01tWC00000FBZoYYAX,Tripwire VIA for File Systems (Technical)-RenewalMaintenance,FIM-FML-RRM-TVFFRM-TECH
01tWC00000FBZoZYAX,Tripwire VIA for Network Devices (Technical)-RenewalMaintenance,FIM-FML-RRM-TVFNDRM-TECH
01tWC00000FBZoaYAH,Tripwire for Servers (Technical),FIM-FML-NRPS-TSP-TECH
01tWC00000FBZobYAH,Tripwire VIA Console (Technical)-RenewalMaintenance,FIM-FML-RRM-TVCRM-TECH
01tWC00000FBZocYAH,"Tripwire IP360 Non-transferable Unlimited Use (IP360, VnE-Ev, DP-Ev) (Technical)",FIM-FML-NRPS-TINP-TECH
01tWC00000FBZodYAH,"Tripwire IP360 Non-transferable Unlimited Use (IP360, VnE-Ev, DP-Ev) (Technical)-RenewalMaintenance",FIM-FML-RRM-TINM-TECH
01tWC00000FBZoeYAH,Tripwire Log Center 500 (Technical)-RenewalMaintenance,FIM-FML-RRM-TLC5RM-TECH
01tWC00000FBZofYAH,VnE Manager 1800 (Technical),FIM-FML-NRPS-VM18P-TECH
01tWC00000FBZogYAH,Tripwire Log Center VIA Agent (Technical)-RenewalMaintenance,FIM-FML-RRM-TLCVAR-TECH
01tWC00000FBZohYAH,Tripwire Manager (Technical),FIM-FML-NRPS-TMP-TECH
01tWC00000FBZoiYAH,Tripwire Remote Operations (Technical),FIM-FML-RSP-TRO-TECH
01tWC00000FBZojYAH,Tripwire VIA Express Console (Technical)-RenewalMaintenance,FIM-FML-RRM-TVECRM-TECH
01tWC00000FBZokYAH,Tripwire VIA for Desktop (Technical)-RenewalMaintenance,FIM-FML-RRM-TVDRM-TECH
01tWC00000FBZolYAH,Tripwire VIA for Large Stores (Technical)-RenewalMaintenance,FIM-FML-RRM-TVLSRM-TECH
01tWC00000FBZomYAH,Tripwire VIA for Security Devices (Technical)-RenewalMaintenance,FIM-FML-RRM-TVSDRM-TECH
01tWC00000FBZonYAH,Tripwire VIA for Small Stores (Technical)-RenewalMaintenance,FIM-FML-RRM-TVSSRM-TECH
01tWC00000FBZooYAH,Tripwire VIA for VMware ESX (Technical)-RenewalMaintenance,FIM-FML-RRM-TVVERM-TECH
01tWC00000FBZopYAH,TW Manager/Server University Site Licenses (Technical)-RenewalMaintenance,FIM-FML-RRM-TWTMSU-TECH
01tWC00000FBZoqYAH,Tripwire for Server-SUL-Lic (Technical)-RenewalMaintenance,FIM-FML-RRM-TSSLRM-TECH
01tWC00000FBZorYAH,Tripwire for Server-SUL-Lic (Technical)-NewMaintenance,FIM-FML-RNM-TSSLNM-TECH
01tWC00000FBZosYAH,Tripwire State Analyzer Upgrade (Technical)-RenewalMaintenance,FIM-FML-RRM-TSAURM-TECH
01tWC00000FBZotYAH,Tripwire State Analyzer Upgrade (Technical)-NewMaintenance,FIM-FML-RNM-TSAUNM-TECH
01tWC00000FBZouYAH,VnE Manager - EVAL (Technical)-NewMaintenance,FIM-FML-RNM-VMENM-TECH
01tWC00000FBZovYAH,VnE Manager - EVAL (Technical)-RenewalMaintenance,FIM-FML-RRM-VMERM-TECH
01tWC00000FBZowYAH,VnE Manager 1800 (Technical)-NewMaintenance,FIM-FML-RNM-VM1NM-TECH
01tWC00000FBZt3YAH,Config - TLC (Technical),FIM-TLC-NROR-CTLCO-TECH
01tWC00000FBZt4YAH,Tripwire Log Center - EVAL (Technical),FIM-TLC-NRPS-TLCEP-TECH
01tWC00000FBZt5YAH,Tripwire Log Center - Term Based (Technical)-NewMaintenance,FIM-TLC-RNM-TLCTBN-TECH
01tWC00000FBZt6YAH,Tripwire Log Center - Term Based (Technical),FIM-TLC-NRPS-TLCTBP-TECH
01tWC00000FBZt7YAH,Tripwire Log Center - Term Based (Technical)-RenewalMaintenance,FIM-TLC-RRM-TLCTBR-TECH
01tWC00000FBZt8YAH,Tripwire Log Center - Term Based (Technical),FIM-TLC-RSS-TLCTBS-TECH
01tWC00000FBZt9YAH,Tripwire Log Center Advanced Log Collector - License Usage Fee (Technical),FIM-TLC-NROR-TLCALCLF-TECH
01tWC00000FBZtAYAX,Tripwire Log Center Advanced Log Collector (Technical)-NewMaintenance,FIM-TLC-RNM-TLCM-TECH
01tWC00000FBZtBYAX,Tripwire Log Center Advanced Log Collector (Technical),FIM-TLC-NRPS-TLCP-TECH
01tWC00000FBZtCYAX,Tripwire Log Center Advanced Log Collector (Technical)-RenewalMaintenance,FIM-TLC-RRM-TRLO-TECH
01tWC00000FBZtDYAX,Tripwire Log Center Advanced Log Collector (Technical),FIM-TLC-RSS-TLCS-TECH
01tWC00000FBZtEYAX,Tripwire Log Center Console (Technical)-NewMaintenance,FIM-TLC-RNM-TLCCNM-TECH
01tWC00000FBZtFYAX,Tripwire Log Center Console (Technical),FIM-TLC-NRPS-TLCCP-TECH
01tWC00000FBZtGYAX,Tripwire Log Center Console (Technical)-RenewalMaintenance,FIM-TLC-RRM-TLCCRM-TECH
01tWC00000FBZtHYAX,Tripwire Log Center Console (Technical),FIM-TLC-RSS-TLCCS-TECH
01tWC00000FBZtIYAX,Tripwire Log Center for Databases (includes Remote Log Collector) (Technical),FIM-TLC-RSS-TLCDIR-TECH
01tWC00000FBZtJYAX,Tripwire Log Center for Databases (includes Remote Log Collector) (Technical)-NewMaintenance,FIM-TLC-RNM-TRIPWL-TECH
01tWC00000FBZtKYAX,Tripwire Log Center for Databases (includes Remote Log Collector) (Technical),FIM-TLC-NRPS-TRCP-TECH
01tWC00000FBZtLYAX,Tripwire Log Center for Databases (includes Remote Log Collector) (Technical)-RenewalMaintenance,FIM-TLC-RRM-TRIPLO-TECH
01tWC00000FBZtMYAX,Tripwire Log Center for Desktops - EVAL (Technical),FIM-TLC-NRPS-TLCDEP-TECH
01tWC00000FBZtNYAX,Tripwire Log Center for Desktops - License Usage Fee (Technical),FIM-TLC-NROR-TLCDKLF-TECH
01tWC00000FBZtOYAX,Tripwire Log Center for Desktops (Technical),FIM-TLC-NRPS-TLCDP-TECH
01tWC00000FBZtPYAX,Tripwire Log Center for Desktops (Technical)-RenewalMaintenance,FIM-TLC-RRM-TLCDRM-TECH
01tWC00000FBZtQYAX,Tripwire Log Center for Desktops (includes Advanced Log Collector Agent) (Technical)-NewMaintenance,FIM-TLC-RNM-TLCDIA-TECH
01tWC00000FBZtRYAX,Tripwire Log Center for Desktops (includes Advanced Log Collector Agent) (Technical),FIM-TLC-NRPS-TRILOG-TECH
01tWC00000FBZtSYAX,Tripwire Log Center for Desktops (includes Advanced Log Collector Agent) (Technical)-RenewalMaintenance,FIM-TLC-RRM-TRLOG-TECH
01tWC00000FBZtTYAX,Tripwire Log Center for Desktops (includes Advanced Log Collector Agent) (Technical),FIM-TLC-RSS-TRAS-TECH
01tWC00000FBZtUYAX,Tripwire Log Center for Directory Services (includes Advanced Log Collector Agent) (Technical)-NewMaintenance,FIM-TLC-RNM-TLCDSI-TECH
01tWC00000FBZtVYAX,Tripwire Log Center for Directory Services (includes Advanced Log Collector Agent) (Technical),FIM-TLC-NRPS-TLOG-TECH
01tWC00000FBZtWYAX,Tripwire Log Center for Directory Services (includes Advanced Log Collector Agent) (Technical)-RenewalMaintenance,FIM-TLC-RRM-TRIPLC-TECH
01tWC00000FBZtXYAX,Tripwire Log Center for Directory Services (includes Advanced Log Collector Agent) (Technical),FIM-TLC-RSS-TRILOC-TECH
01tWC00000FBZtYYAX,Tripwire Log Center for File Systems  (includes Advanced Log Collector Agent) (Technical)-NewMaintenance,FIM-TLC-RNM-TLCFSI-TECH
01tWC00000FBZtZYAX,Tripwire Log Center for File Systems  (includes Advanced Log Collector Agent) (Technical),FIM-TLC-NRPS-TRILCE-TECH
01tWC00000FBZtaYAH,Tripwire Log Center for File Systems  (includes Advanced Log Collector Agent) (Technical)-RenewalMaintenance,FIM-TLC-RRM-TRLOGC-TECH
01tWC00000FBZtbYAH,Tripwire Log Center for File Systems  (includes Advanced Log Collector Agent) (Technical),FIM-TLC-RSS-TRLCEN-TECH
01tWC00000FBZtcYAH,Tripwire Log Center for File Systems - EVAL (Technical),FIM-TLC-NRPS-TLCFSE-TECH
01tWC00000FBZtdYAH,Tripwire Log Center for File Systems - License Usage Fee (Technical),FIM-TLC-NROR-TLCFSLF-TECH
01tWC00000FBZteYAH,Tripwire Log Center for File Systems (Technical)-NewMaintenance,FIM-TLC-RNM-TLCFSN-TECH
01tWC00000FBZtfYAH,Tripwire Log Center for File Systems (Technical),FIM-TLC-NRPS-TLCFSP-TECH
01tWC00000FBZtgYAH,Tripwire Log Center for File Systems (Technical)-RenewalMaintenance,FIM-TLC-RRM-TLCFSR-TECH
01tWC00000FBZthYAH,Tripwire Log Center for Industrial Environments (Technical)-NewMaintenance,FIM-TLC-RNM-TLCIEN-TECH
01tWC00000FBZtiYAH,Tripwire Log Center for Industrial Environments (Technical),FIM-TLC-NRPS-TLCIEP-TECH
01tWC00000FBZtjYAH,Tripwire Log Center for Industrial Environments (Technical),FIM-TLC-RSS-TLCIES-TECH
01tWC00000FBZtkYAH,Tripwire Log Center - EVAL (Technical)-RenewalMaintenance,FIM-TLC-RRM-TLCERM-TECH
01tWC00000FBZtlYAH,Tripwire Log Center - EVAL (Technical)-NewMaintenance,FIM-TLC-RNM-TLCENM-TECH
01tWC00000FBZtmYAH,Tripwire Log Center for Desktops - EVAL (Technical)-RenewalMaintenance,FIM-TLC-RRM-TLCDERM-TECH
01tWC00000FBZtnYAH,Tripwire Log Center for Desktops - EVAL (Technical)-NewMaintenance,FIM-TLC-RNM-TLCDENM-TECH
01tWC00000FBZtoYAH,Tripwire Log Center for File Systems - EVAL (Technical)-RenewalMaintenance,FIM-TLC-RRM-TLCFSERM-TECH
01tWC00000FBZtpYAH,Tripwire Log Center for File Systems - EVAL (Technical)-NewMaintenance,FIM-TLC-RNM-TLCFSENM-TECH
01tWC00000FBZtqYAH,Tripwire Log Center for Desktops (Technical)-NewMaintenance,FIM-TLC-RNM-TLCDNM-TECH
01tWC00000FBa2jYAD,Tripwire Log Center Manager License - EVAL (Technical),FIM-TLC-NRPS-TLCMLE-TECH
01tWC00000FBa2kYAD,Tripwire Log Center Manager License - License Usage Fee (Technical),FIM-TLC-NROR-TLCMLLF-TECH
01tWC00000FBa2lYAD,Tripwire Log Center Manager License (Technical)-RenewalMaintenance,FIM-TLC-RRM-TLCMLR-TECH
01tWC00000FBa2mYAD,Tripwire Log Center Remote Log Collector (Technical)-NewMaintenance,FIM-TLC-RNM-TLCRLC-TECH
01tWC00000FBa2nYAD,Tripwire Log Center Remote Log Collector (Technical),FIM-TLC-NRPS-TRLOCR-TECH
01tWC00000FBa2oYAD,Tripwire Log Center Remote Log Collector (Technical)-RenewalMaintenance,FIM-TLC-RRM-TRLCER-TECH
01tWC00000FBa2pYAD,Tripwire Log Center Remote Log Collector (Technical),FIM-TLC-RSS-TLOCER-TECH
01tWC00000FBa2qYAD,Tripwire Log Center Manager License - EVAL (Technical)-NewMaintenance,FIM-TLC-RNM-TLCMLENM-TECH
01tWC00000FBa2rYAD,Tripwire Log Center Manager License - EVAL (Technical)-RenewalMaintenance,FIM-TLC-RRM-TLCMLERM-TECH
01tWC00000FBaM5YAL,Arcus Hosting (Technical),GS-EFA-RSSH-ARCUS-TECH
01tWC00000FBaM6YAL,EFT Arcus (Technical),GS-EFA-RSL-EAS-TECH
01tWC00000FBb5FYAT,Accelerated (Technical),GS-GSE-NRST-ACCELE-TECH
01tWC00000FBb5GYAT,Advanced Authentication Modes (Technical)-NewMaintenance,GS-GSE-RNM-AAMNM-TECH
01tWC00000FBb5HYAT,Advanced Authentication Modes (Technical),GS-GSE-NRPS-AAMP-TECH
01tWC00000FBb5IYAT,Advanced Authentication Modes - Yearly (Technical),GS-GSE-RSS-AAMYS-TECH
01tWC00000FBb5JYAT,Advanced Authentication Modes - Yearly (Technical)-NewMaintenance,GS-GSE-RNM-AAMYNM-TECH
01tWC00000FBb5KYAT,Advanced Security Module ASM (Technical),GS-GSE-RSS-ASMS-TECH
01tWC00000FBb5LYAT,Advanced Security Module ASM (Technical)-NewMaintenance,GS-GSE-RNM-ASMANM-TECH
01tWC00000FBb5MYAT,Advanced Workflow Engine (Technical)-NewMaintenance,GS-GSE-RNM-AWENM-TECH
01tWC00000FBb5NYAT,Advanced Workflow Engine (Technical),GS-GSE-NRPS-AWEP-TECH
01tWC00000FBb5OYAT,Advanced Workflow Engine - Yearly (Technical),GS-GSE-RSS-AWEYS-TECH
01tWC00000FBb5PYAT,Advanced Workflow Engine - Yearly (Technical)-NewMaintenance,GS-GSE-RNM-AWEYNM-TECH
01tWC00000FBb5QYAT,AS2 Client/Server (Technical)-NewMaintenance,GS-GSE-RNM-ACSNEW-TECH
01tWC00000FBb5RYAT,AS2 Client/Server (Technical),GS-GSE-NRPS-ACSPER-TECH
01tWC00000FBb5SYAT,AS2 Client/Server - Yearly (Technical)-NewMaintenance,GS-GSE-RNM-ACSYNM-TECH
01tWC00000FBb5TYAT,AS2 Client/Server - Yearly (Technical),GS-GSE-RSS-ACSYEA-TECH
01tWC00000FBb5UYAT,Audit & Reporting (Technical)-NewMaintenance,GS-GSE-RNM-ARNM-TECH
01tWC00000FBb5VYAT,Audit & Reporting (Technical),GS-GSE-NRPS-ARP-TECH
01tWC00000FBb5WYAT,Audit & Reporting - Yearly (Technical),GS-GSE-RSS-ARYS-TECH
01tWC00000FBb5XYAT,Audit & Reporting - Yearly (Technical)-NewMaintenance,GS-GSE-RNM-ARYNM-TECH
01tWC00000FBb5YYAT,CDP Add Agent (Technical)-RenewalMaintenance,GS-GSE-RRM-CDPA-TECH
01tWC00000FBb5ZYAT,CIC Module (Technical)-RenewalMaintenance,GS-GSE-RRM-CICM-TECH
01tWC00000FBb5aYAD,Cloud Connector Actions (Technical)-NewMaintenance,GS-GSE-RNM-CCANM-TECH
01tWC00000FBb5bYAD,Cloud Connector Actions (Technical),GS-GSE-NRPS-CCAP-TECH
01tWC00000FBb5cYAD,Cloud Connector Actions - Yearly (Technical),GS-GSE-RSS-CCAYS-TECH
01tWC00000FBb5dYAD,Cloud Connector Actions - Yearly (Technical)-NewMaintenance,GS-GSE-RNM-CCAYNM-TECH
01tWC00000FBb5eYAD,Cloud Connector Module CCM (Technical)-NewMaintenance,GS-GSE-RNM-CCMCNM-TECH
01tWC00000FBb5fYAD,Cloud Connector Module CCM (Technical),GS-GSE-NRPS-CCMCP-TECH
01tWC00000FBb5gYAD,Cloud Connector Module CCM (Technical)-RenewalMaintenance,GS-GSE-RRM-CCMCRM-TECH
01tWC00000FBb5hYAD,Cloud Connector Module CCM (Technical),GS-GSE-RSS-CCMCS-TECH
01tWC00000FBb5iYAD,Collaboration Bundle (Technical),GS-GSE-NRPS-CBP-TECH
01tWC00000FBb5jYAD,Core Server Bundle (Technical)-NewMaintenance,GS-GSE-RNM-CSBNM-TECH
01tWC00000FBb5kYAD,Core Server Bundle (Technical),GS-GSE-NRPS-CSBP-TECH
01tWC00000FBb5lYAD,Desktop Transfer Client DTC (Technical)-RenewalMaintenance,GS-GSE-RRM-DTCDRM-TECH
01tWC00000FBb5mYAD,DMZ Gateway 3 - Single Site (Technical),GS-GSE-NRPS-DMZG-TECH
01tWC00000FBb5nYAD,DMZ Gateway 3 Multi-Site (Technical),GS-GSE-RSS-DMZ-TECH
01tWC00000FBb5oYAD,DMZ Gateway 3 Single Site (Technical)-NewMaintenance,GS-GSE-RNM-DG3M-TECH
01tWC00000FBb5pYAD,DMZ Gateway 3 Single Site (Technical),GS-GSE-RSS-DG3S-TECH
01tWC00000FBb5qYAD,DMZ Gateway Enterprise (Technical)-NewMaintenance,GS-GSE-RNM-DGEM-TECH
01tWC00000FBb5rYAD,DMZ Gateway Enterprise (Technical)-RenewalMaintenance,GS-GSE-RRM-DMGA-TECH
01tWC00000FBb5sYAD,Advanced Security Module ASM (Technical),GS-GSE-NRPS-ASMP-TECH
01tWC00000FBb5tYAD,Advanced Authentication Modes (Technical)-RenewalMaintenance,GS-GSE-RRM-AAMRM-TECH
01tWC00000FBb5uYAD,Audit & Reporting (Technical)-RenewalMaintenance,GS-GSE-RRM-AUDREPRM-TECH
01tWC00000FBb5vYAD,Cloud Connector Actions (Technical)-RenewalMaintenance,GS-GSE-RRM-CCARM-TECH
01tWC00000FBb5wYAD,DMZ Gateway 3 - Single Site (Technical)-RenewalMaintenance,GS-GSE-RRM-DG3SSRM-TECH
01tWC00000FBb5xYAD,DMZ Gateway 3 - Single Site (Technical)-NewMaintenance,GS-GSE-RNM-DG3SSNM-TECH
01tWC00000FBb5yYAD,Advanced Workflow Engine (Technical)-RenewalMaintenance,GS-GSE-RRM-AWERM-TECH
01tWC00000FBb5zYAD,AS2 Client/Server (Technical)-RenewalMaintenance,GS-GSE-RRM-AS2CRM-TECH
01tWC00000FBb60YAD,Collaboration Bundle (Technical)-NewMaintenance,GS-GSE-RNM-COLBNM-TECH
01tWC00000FBb61YAD,Collaboration Bundle (Technical)-RenewalMaintenance,GS-GSE-RRM-COLBRM-TECH
01tWC00000FBb62YAD,Core Server Bundle (Technical)-RenewalMaintenance,GS-GSE-RRM-CSBRM-TECH
01tWC00000FBbA5YAL,EFT 8 Express (Technical)-RenewalMaintenance,GS-GSE-RRM-EFT8EXRM-TECH
01tWC00000FBbA6YAL,EFT 8 Continuum (Technical)-RenewalMaintenance,GS-GSE-RRM-EFT8CRM-TECH
01tWC00000FBbA7YAL,EFT 8 Enterprise (Technical)-RenewalMaintenance,GS-GSE-RRM-EFT8ERM-TECH
01tWC00000FBbA8YAL,EFT Advanced Workflow Engine (AWE) Module (Technical)-RenewalMaintenance,GS-GSE-RRM-EAWEMRM-TECH
01tWC00000FBbA9YAL,DMZ Gateway Enterprise 3 - Multi-Site (Technical)-NewMaintenance,GS-GSE-RNM-DGE3MSNM-TECH
01tWC00000FBbAAYA1,DMZ Gateway Enterprise 3 - Multi-Site (Technical)-RenewalMaintenance,GS-GSE-RRM-DGE3MSRM-TECH
01tWC00000FBbABYA1,DMZ Gateway Enterprise 3 - Multi-Site Upgrade (Technical)-NewMaintenance,GS-GSE-RNM-DGE3MUNM-TECH
01tWC00000FBbACYA1,DMZ Gateway Enterprise 3 - Multi-Site Upgrade (Technical)-RenewalMaintenance,GS-GSE-RRM-DGE3MURM-TECH
01tWC00000FBbADYA1,EFT Accelerate (Technical)-NewMaintenance,GS-GSE-RNM-EFTACNM-TECH
01tWC00000FBbAEYA1,EFT Arcus (Technical),GS-GSE-RSL-EAS-TECH
01tWC00000FBbhxYAD,EFT Auditing & Reporting Module (ARM) (Technical)-NewMaintenance,GS-GSE-RNM-EFAU-TECH
01tWC00000FBbhyYAD,EFT Auditing & Reporting Module (ARM) (Technical),GS-GSE-NRPS-EARP-TECH
01tWC00000FBbhzYAD,EFT Auditing & Reporting Module ARM (Technical)-NewMaintenance,GS-GSE-RNM-EFTAU-TECH
01tWC00000FBbi0YAD,EFT Automation Assessment REMOTE (Technical),GS-GSE-NRST-EAAR-TECH
01tWC00000FBbi1YAD,EFT AWE Module (Technical)-NewMaintenance,GS-GSE-RNM-EFAW-TECH
01tWC00000FBbi2YAD,EFT AWE Module (Technical)-RenewalMaintenance,GS-GSE-RRM-EFTAW-TECH
01tWC00000FBbi3YAD,EFT BAM Module (Technical)-NewMaintenance,GS-GSE-RNM-EFTB-TECH
01tWC00000FBbi4YAD,EFT BAM Module (Technical)-RenewalMaintenance,GS-GSE-RRM-EBMM-TECH
01tWC00000FBbi5YAD,EFT BAM Portal (Technical)-NewMaintenance,GS-GSE-RNM-EBPM-TECH
01tWC00000FBbi6YAD,EFT BAM Portal (Technical),GS-GSE-NRPS-EBPP-TECH
01tWC00000FBbi7YAD,EFT BAM Portal (Technical)-RenewalMaintenance,GS-GSE-RRM-EFBA-TECH
01tWC00000FBbi8YAD,EFT BAM Portal (Technical),GS-GSE-RSS-EBPS-TECH
01tWC00000FBbi9YAD,EFT Business Activity Monitor (BAM) (Technical),GS-GSE-NRPS-EBAP-TECH
01tWC00000FBbiAYAT,EFT Business Activity Monitor BAM (Technical)-NewMaintenance,GS-GSE-RNM-EBAM-TECH
01tWC00000FBbiBYAT,EFT Business Activity Monitor BAM (Technical),GS-GSE-RSS-EBAS-TECH
01tWC00000FBbiCYAT,EFT Continuum BAM Portal (Technical)-NewMaintenance,GS-GSE-RNM-EFTC-TECH
01tWC00000FBbiDYAT,EFT Continuum BAM Portal (Technical),GS-GSE-NRPS-ECBP-TECH
01tWC00000FBbiEYAT,EFT Continuum Business Activity Monitor (BAM) (Technical)-NewMaintenance,GS-GSE-RNM-ECBM-TECH
01tWC00000FBbiFYAT,EFT Continuum Business Activity Monitor (BAM) (Technical),GS-GSE-NRPS-EFCO-TECH
01tWC00000FBbiGYAT,EFT Cutover Basic Assistance REMOTE (Technical),GS-GSE-NRST-ECBR-TECH
01tWC00000FBbiHYAT,EFT Cutover Standard Assistance REMOTE (Technical),GS-GSE-NRST-ECSR-TECH
01tWC00000FBbiIYAT,EFT Enterprise (Technical)-NewMaintenance,GS-GSE-RNM-EFTE-TECH
01tWC00000FBbiJYAT,EFT Enterprise (Technical)-RenewalMaintenance,GS-GSE-RRM-EERM-TECH
01tWC00000FBbiKYAT,EFT Expert Service Basic (Technical),GS-GSE-NRST-EESB-TECH
01tWC00000FBbiLYAT,EFT Expert Service Enterprise (Technical),GS-GSE-NRST-EESE-TECH
01tWC00000FBbiMYAT,EFT Expert Service Standard (Technical),GS-GSE-NRST-EESS-TECH
01tWC00000FBbiNYAT,EFT Express (Technical)-NewMaintenance,GS-GSE-RNM-EENM-TECH
01tWC00000FBbiOYAT,EFT Express (Technical)-RenewalMaintenance,GS-GSE-RRM-EFEX-TECH
01tWC00000FBbiPYAT,EFT Express ARM (Technical)-NewMaintenance,GS-GSE-RNM-EEAM-TECH
01tWC00000FBbiQYAT,EFT Express ARM (Technical)-RenewalMaintenance,GS-GSE-RRM-EFTEX-TECH
01tWC00000FBbiRYAT,EFT Express Auditing & Reporting Module ARM (Technical)-NewMaintenance,GS-GSE-RNM-EFTEXP-TECH
01tWC00000FBbiSYAT,EFT Express Auditing & Reporting Module ARM (Technical),GS-GSE-NRPS-EEAP-TECH
01tWC00000FBbiTYAT,EFT Express Auditing & Reporting Module ARM (Technical),GS-GSE-RSS-EEAS-TECH
01tWC00000FBbiUYAT,EFT Express DMZ Gateway (Technical)-NewMaintenance,GS-GSE-RNM-EEDM-TECH
01tWC00000FBbiVYAT,EFT Express DMZ Gateway (Technical),GS-GSE-NRPS-EEDP-TECH
01tWC00000FBbiWYAT,EFT Express DMZ Gateway (Technical)-RenewalMaintenance,GS-GSE-RRM-EFEXPR-TECH
01tWC00000FBbiXYAT,EFT Express DMZ Gateway (Technical),GS-GSE-RSS-EEDS-TECH
01tWC00000FBbiYYAT,EFT Express DMZ Gateway Multi-Site (Technical)-NewMaintenance,GS-GSE-RNM-EEXPRE-TECH
01tWC00000FBbiZYAT,EFT Express DMZ Gateway Multi-Site (Technical),GS-GSE-NRPS-EFSP-TECH
01tWC00000FBbiaYAD,EFT Express DMZ Gateway Multi-Site (Technical)-RenewalMaintenance,GS-GSE-RRM-EFTED-TECH
01tWC00000FBbibYAD,EFT Express ESM (Technical)-NewMaintenance,GS-GSE-RNM-EEEM-TECH
01tWC00000FBbicYAD,EFT Express ESM (Technical)-RenewalMaintenance,GS-GSE-RRM-EFTEE-TECH
01tWC00000FBbidYAD,EFT Express Mobile Transfer Client (Technical),GS-GSE-NRPS-EEMP-TECH
01tWC00000FBbieYAD,EFT Express Mobile Transfer Client (Technical)-RenewalMaintenance,GS-GSE-RRM-EEMTCRM-TECH
01tWC00000FBbifYAD,EFT Business Activity Monitor (BAM) (Technical)-NewMaintenance,GS-GSE-RNM-EBAMNM-TECH
01tWC00000FBbigYAD,EFT Business Activity Monitor (BAM) (Technical)-RenewalMaintenance,GS-GSE-RRM-EBAMRM-TECH
01tWC00000FBbihYAD,EFT Continuum Business Activity Monitor (BAM) (Technical)-RenewalMaintenance,GS-GSE-RRM-ECBAMRM-TECH
01tWC00000FBbiiYAD,EFT Auditing & Reporting Module (ARM) (Technical)-RenewalMaintenance,GS-GSE-RRM-EARMRM-TECH
01tWC00000FBbijYAD,EFT Continuum BAM Portal (Technical)-RenewalMaintenance,GS-GSE-RRM-ECBPRM-TECH
01tWC00000FBbikYAD,EFT Express Auditing & Reporting Module ARM (Technical)-RenewalMaintenance,GS-GSE-RRM-EEARMARM-TECH
01tWC00000FBcqvYAD,EFT Express MTC (Technical)-NewMaintenance,GS-GSE-RNM-EEMM-TECH
01tWC00000FBcqwYAD,EFT Express MTC (Technical)-RenewalMaintenance,GS-GSE-RRM-EFTEM-TECH
01tWC00000FBcqxYAD,EFT Express OpenPGP Module (Technical)-NewMaintenance,GS-GSE-RNM-EEOM-TECH
01tWC00000FBcqyYAD,EFT Express OpenPGP Module (Technical),GS-GSE-NRPS-EEOP-TECH
01tWC00000FBcqzYAD,EFT Express OpenPGP Module (Technical)-RenewalMaintenance,GS-GSE-RRM-EFTEO-TECH
01tWC00000FBcr0YAD,EFT Express OpenPGP Module (Technical),GS-GSE-RSS-EEOS-TECH
01tWC00000FBcr1YAD,EFT Express Security Module ESM (Technical)-NewMaintenance,GS-GSE-RNM-EESM-TECH
01tWC00000FBcr2YAD,EFT Express Security Module ESM (Technical),GS-GSE-NRPS-EESP-TECH
01tWC00000FBcr3YAD,EFT Express Security Module ESM (Technical),GS-GSE-RSS-EFTES-TECH
01tWC00000FBcr4YAD,EFT Express Workspaces (Technical)-NewMaintenance,GS-GSE-RNM-EEWM-TECH
01tWC00000FBcr5YAD,EFT Express Workspaces (Technical),GS-GSE-NRPS-EEWP-TECH
01tWC00000FBcr6YAD,EFT Express Workspaces (Technical)-RenewalMaintenance,GS-GSE-RRM-EFTEW-TECH
01tWC00000FBcr7YAD,EFT Express Workspaces (Technical),GS-GSE-RSS-EEWS-TECH
01tWC00000FBcr8YAD,EFT Express WSM Module (Technical)-NewMaintenance,GS-GSE-RNM-EFTEXW-TECH
01tWC00000FBcr9YAD,EFT Express WSM Module (Technical)-RenewalMaintenance,GS-GSE-RRM-EFTEWS-TECH
01tWC00000FBcrAYAT,EFT File Transfer Client Module FTC (Technical)-NewMaintenance,GS-GSE-RNM-EFTF-TECH
01tWC00000FBcrBYAT,EFT File Transfer Client Module FTC (Technical),GS-GSE-NRPS-EFTP-TECH
01tWC00000FBcrCYAT,EFT File Transfer Client Module FTC (Technical),GS-GSE-RSS-EFTS-TECH
01tWC00000FBcrDYAT,EFT FM Module (Technical)-NewMaintenance,GS-GSE-RNM-EFMM-TECH
01tWC00000FBcrEYAT,EFT FM Module (Technical)-RenewalMaintenance,GS-GSE-RRM-EFFM-TECH
01tWC00000FBcrFYAT,EFT Folder Monitor Module FMM (Technical)-NewMaintenance,GS-GSE-RNM-EFFO-TECH
01tWC00000FBcrGYAT,EFT Folder Monitor Module FMM (Technical),GS-GSE-NRPS-EFMP-TECH
01tWC00000FBcrHYAT,EFT Folder Monitor Module FMM (Technical),GS-GSE-RSS-EFMS-TECH
01tWC00000FBcrIYAT,EFT FTC Module (Technical)-NewMaintenance,GS-GSE-RNM-EFFT-TECH
01tWC00000FBcrJYAT,EFT FTC Module (Technical)-RenewalMaintenance,GS-GSE-RRM-EFTFT-TECH
01tWC00000FBcrKYAT,EFT HSM Module (Technical)-NewMaintenance,GS-GSE-RNM-EFTH-TECH
01tWC00000FBcrLYAT,EFT HTTP/S Module (Technical)-NewMaintenance,GS-GSE-RNM-EHSM-TECH
01tWC00000FBcrMYAT,EFT HTTP/S Module (Technical),GS-GSE-NRPS-EHSP-TECH
01tWC00000FBcrNYAT,EFT HTTP/S Module (Technical)-RenewalMaintenance,GS-GSE-RRM-EFHT-TECH
01tWC00000FBcrOYAT,EFT HTTP/S Module (Technical),GS-GSE-RSS-EHSS-TECH
01tWC00000FBcrPYAT,EFT Insight Module (Technical),GS-GSE-NRPS-EFTI-TECH
01tWC00000FBcrQYAT,EFT Insight Module (Technical)-RenewalMaintenance,GS-GSE-RRM-EIMM-TECH
01tWC00000FBcrRYAT,EFT Installation REMOTE (Technical),GS-GSE-NRST-EIR-TECH
01tWC00000FBcrSYAT,EFT MTC (Technical)-NewMaintenance,GS-GSE-RNM-EFTM-TECH
01tWC00000FBcrTYAT,EFT MTC (Technical)-RenewalMaintenance,GS-GSE-RRM-EMRM-TECH
01tWC00000FBcrUYAT,EFT OpenPGP Module (Technical)-NewMaintenance,GS-GSE-RNM-EFTO-TECH
01tWC00000FBcrVYAT,EFT OpenPGP Module (Technical),GS-GSE-NRPS-EOPP-TECH
01tWC00000FBcrWYAT,EFT OpenPGP Module (Technical)-RenewalMaintenance,GS-GSE-RRM-EOPM-TECH
01tWC00000FBcrXYAT,EFT OpenPGP Module (Technical),GS-GSE-RSS-EOPS-TECH
01tWC00000FBcrYYAT,EFT Platform Assessment REMOTE (Technical),GS-GSE-NRST-EPAR-TECH
01tWC00000FBcrZYAT,EFT Remote Agent Module (Technical)-NewMaintenance,GS-GSE-RNM-EFTR-TECH
01tWC00000FBcraYAD,EFT Remote Agent Module (Technical)-RenewalMaintenance,GS-GSE-RRM-ERAM-TECH
01tWC00000FBcrbYAD,EFT Remote Agent Module (Technical),GS-GSE-RSS-ERAS-TECH
01tWC00000FBcrcYAD,EFT Remote Agent Module (RAM) (Technical),GS-GSE-NRPS-ERAP-TECH
01tWC00000FBcrdYAD,EFT File Transfer Client Module FTC (Technical)-RenewalMaintenance,GS-GSE-RRM-EFTCMFRM-TECH
01tWC00000FBcreYAD,EFT Insight Module (Technical)-NewMaintenance,GS-GSE-RNM-EIMNM-TECH
01tWC00000FBcrfYAD,EFT Folder Monitor Module FMM (Technical)-RenewalMaintenance,GS-GSE-RRM-EFMMFRM-TECH
01tWC00000FBcrgYAD,EFT Remote Agent Module (RAM) (Technical)-NewMaintenance,GS-GSE-RNM-ERAM(NM-TECH
01tWC00000FBcrhYAD,EFT Remote Agent Module (RAM) (Technical)-RenewalMaintenance,GS-GSE-RRM-ERAM(RM-TECH
01tWC00000FBcriYAD,EFT Express Security Module ESM (Technical)-RenewalMaintenance,GS-GSE-RRM-EESMERM-TECH
01tWC00000FBcuvYAD,Powertech SIEM Agent for IBM i (Technical),CS-PSI-RSS-PSAIIS-TECH
01tWC00000FBcuwYAD,Standguard Network Security (Technical),CS-CLP-RSS-SGNETS-TECH
01tWC00000FBcuxYAD,SecureCare (Technical),CS-SEC-RSP-SCSVC-TECH
01tWC00000FBcuyYAD,Risk & Compliance Monitor (Technical)-NewMaintenance,CS-DFT-RNM-RCMNEW-TECH
01tWC00000FBcuzYAD,Risk & Compliance Monitor (Technical),CS-DFT-NRPS-RCMPER-TECH
01tWC00000FBcv0YAD,Risk & Compliance Monitor (Technical)-RenewalMaintenance,CS-DFT-RRM-RCMREN-TECH
01tWC00000FBcv1YAD,Risk & Compliance Monitor (Technical),CS-DFT-RSS-RCMSUB-TECH
01tWC00000FBcv2YAD,Powertech Security Auditor (Technical)-NewMaintenance,CS-PSA-RNM-PSANM-TECH
01tWC00000FBcv3YAD,Powertech Security Auditor (Technical),CS-PSA-NRPS-PSAP-TECH
01tWC00000FBcv4YAD,Powertech Services (Technical),CS-CLP-NRST-POSE-TECH
01tWC00000FBcv5YAD,Powertech Services Expense (Technical),CS-CLP-NRSE-POWERS-TECH
01tWC00000FBcv6YAD,Powertech SIEM Agent for IBM i (Technical)-NewMaintenance,CS-PSI-RNM-PSAIIN-TECH
01tWC00000FBcv7YAD,Powertech SIEM Agent for IBM i (Technical),CS-PSI-NRPS-PSAIIP-TECH
01tWC00000FBcv8YAD,Powertech SIEM Agent for IBM i (Technical)-RenewalMaintenance,CS-PSI-RRM-PSAIIR-TECH
01tWC00000FBcv9YAD,Powertech Travel Expense (Technical),CS-CLP-NRST-PTE-TECH
01tWC00000FBcvAYAT,Safestone Password Self Help (Technical)-NewMaintenance,CS-SPS-RNM-SPSHNM-TECH
01tWC00000FBcvBYAT,Safestone Password Self Help (Technical),CS-SPS-NRPS-SPSHP-TECH
01tWC00000FBcvCYAT,Safestone Password Self Help (Technical)-RenewalMaintenance,CS-SPS-RRM-SPSHRM-TECH
01tWC00000FBcvDYAT,Safestone Password Self Help (Technical),CS-SPS-RSS-SPSHS-TECH
01tWC00000FBcvEYAT,Safestone Password Self Help Users (Technical)-NewMaintenance,CS-SPS-RNM-SPSHUN-TECH
01tWC00000FBcvFYAT,Safestone Password Self Help Users (Technical),CS-SPS-NRPS-SPSHUP-TECH
01tWC00000FBcvGYAT,Safestone Password Self Help Users (Technical)-RenewalMaintenance,CS-SPS-RRM-SPSHUR-TECH
01tWC00000FBcvHYAT,Safestone Password Self Help Users (Technical),CS-SPS-RSS-SPSHUS-TECH
01tWC00000FBcvIYAT,Safestone Services (Technical),CS-CLP-NRSU-SAFEST-TECH
01tWC00000FBcvJYAT,Safestone Travel Expense (Technical),CS-CLP-NRSE-STE-TECH
01tWC00000FBcvKYAT,Security Audit (Technical)-NewMaintenance,CS-SA-RNM-SANM-TECH
01tWC00000FBcvLYAT,Security Audit (Technical),CS-SA-NRPS-SEAU-TECH
01tWC00000FBcvMYAT,Security Audit (Technical)-RenewalMaintenance,CS-SA-RRM-SARM-TECH
01tWC00000FBcvNYAT,Security Audit (Technical),CS-SA-RSS-SAS-TECH
01tWC00000FBcvOYAT,Security Audit & Detection (Technical)-NewMaintenance,CS-DFT-RNM-SADNM-TECH
01tWC00000FBcvPYAT,Security Audit & Detection (Technical),CS-DFT-NRPS-SADP-TECH
01tWC00000FBcvQYAT,Security Audit & Detection (Technical)-RenewalMaintenance,CS-DFT-RRM-SADRM-TECH
01tWC00000FBcvRYAT,Security Audit & Detection (Technical),CS-DFT-RSS-SADS-TECH
01tWC00000FBcvSYAT,Security Scan - Cross Platform (Technical)-NewMaintenance,CS-PSS-RNM-SSCPNM-TECH
01tWC00000FBcvTYAT,Security Scan - Cross Platform (Technical),CS-PSS-NRPS-SSCPP-TECH
01tWC00000FBcvUYAT,Security Scan - Cross Platform (Technical)-RenewalMaintenance,CS-PSS-RRM-SSCPRM-TECH
01tWC00000FBcvVYAT,Security Scan - Cross Platform (Technical),CS-PSS-RSS-SSCPS-TECH
01tWC00000FBcvWYAT,Security Scan - i (Technical)-NewMaintenance,CS-PSS-RNM-SSINM-TECH
01tWC00000FBcvXYAT,Security Scan - i (Technical),CS-PSS-NRPS-SSIP-TECH
01tWC00000FBcvYYAT,Security Scan - i (Technical)-RenewalMaintenance,CS-PSS-RRM-SSIRM-TECH
01tWC00000FBcvZYAT,Security Scan - i (Technical),CS-PSS-RSS-SSIS-TECH
01tWC00000FBcvaYAD,Single Sign On Managed Services – IBM I (Technical),CS-SSO-RSP-SINGSO-TECH
01tWC00000FBcvbYAD,User Profile Manager (Technical)-NewMaintenance,CS-DFT-RNM-UPMNM-TECH
01tWC00000FBcvcYAD,User Profile Manager (Technical),CS-DFT-NRPS-UPMP-TECH
01tWC00000FBcvdYAD,User Profile Manager (Technical)-RenewalMaintenance,CS-DFT-RRM-UPMRM-TECH
01tWC00000FBcveYAD,User Profile Manager (Technical),CS-DFT-RSS-UPMS-TECH
01tWC00000FBcvfYAD,Travel Expense (billed as incurred) (Technical),CS-CLP-NRSE-TXBAIS-TECH
01tWC00000FBd0bYAD,EFT Remote Agent Module RAM (Technical)-NewMaintenance,GS-GSE-RNM-EFRE-TECH
01tWC00000FBd0cYAD,EFT SAT Module (Technical)-NewMaintenance,GS-GSE-RNM-ESMM-TECH
01tWC00000FBd0dYAD,EFT SAT Module (Technical),GS-GSE-NRPS-ESMP-TECH
01tWC00000FBd0eYAD,EFT SAT Module (Technical)-RenewalMaintenance,GS-GSE-RRM-EFSA-TECH
01tWC00000FBd0fYAD,EFT Secure Mobile Access Module (SMAM) (Technical),GS-GSE-NRPS-EFSE-TECH
01tWC00000FBd0gYAD,EFT Server Admin Web Service Custom Solution (Technical)-RenewalMaintenance,GS-GSE-RRM-ESAM-TECH
01tWC00000FBd0hYAD,EFT Server Migration Tools Custom Solution (Technical)-NewMaintenance,GS-GSE-RNM-EFTSE-TECH
01tWC00000FBd0iYAD,EFT Server Migration Tools Custom Solution (Technical),GS-GSE-NRPS-EFTSER-TECH
01tWC00000FBd0jYAD,EFT Server Migration Tools Custom Solution (Technical)-RenewalMaintenance,GS-GSE-RRM-EFSERV-TECH
01tWC00000FBd0kYAD,EFT Server WebBasiced Admin (Technical)-RenewalMaintenance,GS-GSE-RRM-ESWM-TECH
01tWC00000FBd0lYAD,EFT SFTP Module (Technical)-NewMaintenance,GS-GSE-RNM-EFSF-TECH
01tWC00000FBd0mYAD,EFT SFTP Module (Technical)-RenewalMaintenance,GS-GSE-RRM-EFTSF-TECH
01tWC00000FBd0nYAD,EFT SFTP SSH2 Module (Technical)-NewMaintenance,GS-GSE-RNM-ESSM-TECH
01tWC00000FBd0oYAD,EFT SFTP SSH2 Module (Technical),GS-GSE-NRPS-ESSP-TECH
01tWC00000FBd0pYAD,EFT SFTP SSH2 Module (Technical),GS-GSE-RSS-ESSS-TECH
01tWC00000FBd0qYAD,EFT Site Migration REMOTE (Technical),GS-GSE-NRST-ESMR-TECH
01tWC00000FBd0rYAD,EFT SMB Web Client (Technical)-NewMaintenance,GS-GSE-RNM-EFSM-TECH
01tWC00000FBd0sYAD,EFT SMB Web Client (Technical)-RenewalMaintenance,GS-GSE-RRM-EFTSM-TECH
01tWC00000FBd0tYAD,EFT SMB Web Client WTC 10 Seats (Technical),GS-GSE-NRPS-ESWP-TECH
01tWC00000FBd0uYAD,EFT SMB Web Client WTC 50 Seats (Technical),GS-GSE-NRPS-EFTSMB-TECH
01tWC00000FBd0vYAD,EFT SMB WSM Module 25 Users (Technical)-RenewalMaintenance,GS-GSE-RRM-EFSMB-TECH
01tWC00000FBd0wYAD,EFT TE Module (Technical)-NewMaintenance,GS-GSE-RNM-EFTT-TECH
01tWC00000FBd0xYAD,EFT TE Module (Technical)-RenewalMaintenance,GS-GSE-RRM-ETMM-TECH
01tWC00000FBd0yYAD,EFT Timer Event Module TEM (Technical)-NewMaintenance,GS-GSE-RNM-ETEM-TECH
01tWC00000FBd0zYAD,EFT Timer Event Module TEM (Technical),GS-GSE-NRPS-ETEP-TECH
01tWC00000FBd10YAD,EFT Timer Event Module TEM (Technical),GS-GSE-RSS-ETES-TECH
01tWC00000FBd11YAD,EFT Upgrade InPlace REMOTE (Technical),GS-GSE-NRST-EFTU-TECH
01tWC00000FBd12YAD,EFT Upgrade New OS REMOTE (Technical),GS-GSE-NRST-EUNR-TECH
01tWC00000FBd13YAD,EFT Workspaces (Technical)-NewMaintenance,GS-GSE-RNM-EFTW-TECH
01tWC00000FBd14YAD,EFT Workspaces (Technical),GS-GSE-NRPS-EWP-TECH
01tWC00000FBd15YAD,EFT Workspaces (Technical)-RenewalMaintenance,GS-GSE-RRM-EWRM-TECH
01tWC00000FBd16YAD,EFT Workspaces (Technical),GS-GSE-RSS-EWS-TECH
01tWC00000FBd17YAD,EFT Workspaces (WSM) (Technical)-NewMaintenance,GS-GSE-RNM-EWWM-TECH
01tWC00000FBd18YAD,EFT Workspaces (WSM) (Technical),GS-GSE-NRPS-EWWP-TECH
01tWC00000FBd19YAD,EFT Workspaces (WSM) (Technical)-RenewalMaintenance,GS-GSE-RRM-EFWO-TECH
01tWC00000FBd1AYAT,EFT WTC (Technical)-NewMaintenance,GS-GSE-RNM-EWNM-TECH
01tWC00000FBd1BYAT,Enterprise Actions (Technical)-NewMaintenance,GS-GSE-RNM-EANM-TECH
01tWC00000FBd1CYAT,Enterprise Actions (Technical),GS-GSE-NRPS-EAP-TECH
01tWC00000FBd1DYAT,Enterprise Actions - Yearly (Technical),GS-GSE-RSS-EAYS-TECH
01tWC00000FBd1EYAT,Enterprise Actions - Yearly (Technical)-NewMaintenance,GS-GSE-RNM-EAYNM-TECH
01tWC00000FBd1FYAT,EFT Secure Mobile Access Module (SMAM) (Technical)-NewMaintenance,GS-GSE-RNM-ESMAM(NM-TECH
01tWC00000FBd1GYAT,EFT Secure Mobile Access Module (SMAM) (Technical)-RenewalMaintenance,GS-GSE-RRM-ESMAM(RM-TECH
01tWC00000FBd1HYAT,EFT Timer Event Module TEM (Technical)-RenewalMaintenance,GS-GSE-RRM-ETEMTRM-TECH
01tWC00000FBd1IYAT,EFT SMB Web Client WTC 10 Seats (Technical)-NewMaintenance,GS-GSE-RNM-ESW10SNM-TECH
01tWC00000FBd1JYAT,EFT SMB Web Client WTC 10 Seats (Technical)-RenewalMaintenance,GS-GSE-RRM-ESW10SRM-TECH
01tWC00000FBd1KYAT,EFT SMB Web Client WTC 50 Seats (Technical)-NewMaintenance,GS-GSE-RNM-ESW50SNM-TECH
01tWC00000FBd1LYAT,EFT SMB Web Client WTC 50 Seats (Technical)-RenewalMaintenance,GS-GSE-RRM-ESW50SRM-TECH
01tWC00000FBd1MYAT,EFT SFTP SSH2 Module (Technical)-RenewalMaintenance,GS-GSE-RRM-ESSMRM-TECH
01tWC00000FBd1NYAT,Enterprise Actions (Technical)-RenewalMaintenance,GS-GSE-RRM-ENTACRM-TECH
01tWC00000FBd1OYAT,Folder Monitor (Technical)-RenewalMaintenance,GS-GSE-RRM-FMRM-TECH
01tWC00000FBd5RYAT,Folder Monitor (Technical)-NewMaintenance,GS-GSE-RNM-FOLDNE-TECH
01tWC00000FBd5SYAT,Folder Monitor (Technical),GS-GSE-NRPS-FOLDPE-TECH
01tWC00000FBd5TYAT,Folder Monitor - Yearly (Technical),GS-GSE-RSS-FOLDYE-TECH
01tWC00000FBd5UYAT,Folder Monitor - Yearly (Technical)-NewMaintenance,GS-GSE-RNM-FMYNM-TECH
01tWC00000FBd5VYAT,FTPS Server (Technical)-NewMaintenance,GS-GSE-RNM-FTPSNE-TECH
01tWC00000FBd5WYAT,FTPS Server (Technical),GS-GSE-NRPS-FTPSPE-TECH
01tWC00000FBd5XYAT,FTPS Server - Yearly (Technical),GS-GSE-RSS-FTPSYE-TECH
01tWC00000FBd5YYAT,FTPS Server - Yearly (Technical)-NewMaintenance,GS-GSE-RNM-FSYNM-TECH
01tWC00000FBd5ZYAT,Hourly Rate AfterHours Fee Upcharge T&M (Technical),GS-GSE-NRST-HRAHFU-TECH
01tWC00000FBd5aYAD,Hourly Rate Sr Project Manager PrePaid (Technical),GS-GSE-NRST-HRSPMP-TECH
01tWC00000FBd5bYAD,Hourly Rate Sr Project Manager T&M (Technical),GS-GSE-NRST-HRSPMT-TECH
01tWC00000FBd5cYAD,Hourly Rate Sr. Consultant PrePaid (Technical),GS-GSE-NRST-HRSCPP-TECH
01tWC00000FBd5dYAD,Hourly Rate Sr. Consultant T&M (Technical),GS-GSE-NRST-HRSCTM-TECH
01tWC00000FBd5eYAD,Hourly Rate Sr. Developer PrePaid (Technical),GS-GSE-NRST-HRSDPP-TECH
01tWC00000FBd5fYAD,Hourly Rate Sr. Developer T&M (Technical),GS-GSE-NRST-HRSDTM-TECH
01tWC00000FBd5gYAD,HTTPS Server (includes Web client) (Technical)-NewMaintenance,GS-GSE-RNM-HTTPSS-TECH
01tWC00000FBd5hYAD,HTTPS Server (includes Web client) (Technical),GS-GSE-NRPS-HSIP-TECH
01tWC00000FBd5iYAD,HTTPS Server (includes Web client) - Yearly (Technical),GS-GSE-RSS-HSIS-TECH
01tWC00000FBd5jYAD,HTTPS Server (includes Web client) - Yearly (Technical)-NewMaintenance,GS-GSE-RNM-HSWCYNM-TECH
01tWC00000FBd5kYAD,Multi-site Gateway (Technical)-NewMaintenance,GS-GSE-RNM-MSGNEW-TECH
01tWC00000FBd5lYAD,Multi-site Gateway (Technical),GS-GSE-NRPS-MSGPER-TECH
01tWC00000FBd5mYAD,Multi-site Gateway - Yearly (Technical),GS-GSE-RSS-MSGYEA-TECH
01tWC00000FBd5nYAD,Multi-site Gateway - Yearly (Technical)-NewMaintenance,GS-GSE-RNM-MSGYNM-TECH
01tWC00000FBd5oYAD,PGP Actions (Technical)-NewMaintenance,GS-GSE-RNM-PGPANE-TECH
01tWC00000FBd5pYAD,PGP Actions (Technical),GS-GSE-NRPS-PGPAPE-TECH
01tWC00000FBd5qYAD,PGP Actions - Yearly (Technical),GS-GSE-RSS-PGPAYE-TECH
01tWC00000FBd5rYAD,PGP Actions - Yearly (Technical)-NewMaintenance,GS-GSE-RNM-PAYNM-TECH
01tWC00000FBd5sYAD,Premium Bundle (Technical),GS-GSE-NRPS-PREMBU-TECH
01tWC00000FBd5tYAD,Project Milestone (Technical),GS-GSE-NRST-PROJEC-TECH
01tWC00000FBd5uYAD,PS EFT Administrator Course (REMOTE) (Technical),GS-GSE-NRST-PSEFTA-TECH
01tWC00000FBd5vYAD,PS EFT Automation Course (REMOTE) (Technical),GS-GSE-NRST-PEAR-TECH
01tWC00000FBd5wYAD,PS EFT AWE Advanced Course (REMOTE) (Technical),GS-GSE-NRST-PSEF-TECH
01tWC00000FBd5xYAD,PS EFT Security Course (REMOTE) (Technical),GS-GSE-NRST-PSEFTS-TECH
01tWC00000FBd5yYAD,PS EFT Server Administrator Certification Exam (Technical),GS-GSE-NRST-PESE-TECH
01tWC00000FBd5zYAD,PS EFT Server Administrator Certification Package (REMOTE) (Technical),GS-GSE-NRST-PESR-TECH
01tWC00000FBd60YAD,PS EFT Server Arcus Migration (REMOTE) (Technical),GS-GSE-NRST-PSMR-TECH
01tWC00000FBd61YAD,PS EFT Server AWE Essentials Course (REMOTE) (Technical),GS-GSE-NRST-PSCR-TECH
01tWC00000FBd62YAD,PS EFT Server Basic Quick Start Service (Technical),GS-GSE-NRST-PESS-TECH
01tWC00000FBd63YAD,PS EFT Server Cut over (REMOTE) (Technical),GS-GSE-NRST-PSOR-TECH
01tWC00000FBd64YAD,PS EFT Server Essentials Course (REMOTE) (Technical),GS-GSE-NRST-PSEFT-TECH
01tWC00000FBd65YAD,PS EFT Server Health Check Service (REMOTE) (Technical),GS-GSE-NRST-PSSR-TECH
01tWC00000FBd66YAD,PS EFT Server In-Place Upgrade (REMOTE) (Technical),GS-GSE-NRST-PESIPUS-TECH
01tWC00000FBd67YAD,PS EFT Expert Service Upgrade Plus (Technical),GS-GSE-NRST-PSEUP-TECH
01tWC00000FBd68YAD,FTPS Server (Technical)-RenewalMaintenance,GS-GSE-RRM-FSRM-TECH
01tWC00000FBd69YAD,HTTPS Server (includes Web client) (Technical)-RenewalMaintenance,GS-GSE-RRM-HS(WCRM-TECH
01tWC00000FBd6AYAT,Multi-site Gateway (Technical)-RenewalMaintenance,GS-GSE-RRM-MSGRM-TECH
01tWC00000FBd6BYAT,PGP Actions (Technical)-RenewalMaintenance,GS-GSE-RRM-PGPARM-TECH
01tWC00000FBd6CYAT,Premium Bundle (Technical)-RenewalMaintenance,GS-GSE-RRM-PBRM-TECH
01tWC00000FBd6DYAT,Premium Bundle (Technical)-NewMaintenance,GS-GSE-RNM-PBNM-TECH
01tWC00000FBdDVYA1,FileCatalyst (Technical)-NewMaintenance,GOA-FIL-RNM-FCNM-TECH
01tWC00000FBdDWYA1,FIleCatalyst (Technical)-RenewalMaintenance,GOA-FIL-RRM-FCRM-TECH
01tWC00000FBdDXYA1,FileCatalyst Central (Technical)-NewMaintenance,GOA-FIL-RNM-FCCNM-TECH
01tWC00000FBdDYYA1,FileCatalyst Central (Technical),GOA-FIL-NRPS-FCCP-TECH
01tWC00000FBdDZYA1,FileCatalyst Central (Technical)-RenewalMaintenance,GOA-FIL-RRM-FCCRM-TECH
01tWC00000FBdDaYAL,FileCatalyst Central (Technical),GOA-FIL-RSS-FCCS-TECH
01tWC00000FBdDbYAL,FileCatalyst Central Additional Nodes (Technical)-NewMaintenance,GOA-FIL-RNM-FCCANN-TECH
01tWC00000FBdDcYAL,FileCatalyst Central Additional Nodes (Technical),GOA-FIL-NRPS-FCCANP-TECH
01tWC00000FBdDdYAL,FileCatalyst Central Additional Nodes (Technical)-RenewalMaintenance,GOA-FIL-RRM-FCCANR-TECH
01tWC00000FBdDeYAL,FileCatalyst Central Additional Nodes (Technical),GOA-FIL-RSS-FCCANS-TECH
01tWC00000FBdDfYAL,FileCatalyst Central Services (Technical),GOA-FIL-NRSU-FILE-TECH
01tWC00000FBdDgYAL,FileCatalyst Cloud Consumption Based Billing (Technical),GOA-FIL-RSS-FCCCBB-TECH
01tWC00000FBdDhYAL,FileCatalyst Cloud Consumption Support (Technical),GOA-FIL-RSS-FCCCSS-TECH
01tWC00000FBdDiYAL,FileCatalyst Concurrent Connections (Technical)-NewMaintenance,GOA-FIL-RNM-FCCCNM-TECH
01tWC00000FBdDjYAL,FileCatalyst Concurrent Connections (Technical),GOA-FIL-NRPS-FCCCP-TECH
01tWC00000FBdDkYAL,FileCatalyst Concurrent Connections (Technical)-RenewalMaintenance,GOA-FIL-RRM-FCCCRM-TECH
01tWC00000FBdDlYAL,FileCatalyst Concurrent Connections (Technical),GOA-FIL-RSS-FCCCS-TECH
01tWC00000FBdDmYAL,FileCatalyst Concurrent Connections Additional (Technical)-NewMaintenance,GOA-FIL-RNM-FCCCAN-TECH
01tWC00000FBdDnYAL,FileCatalyst Concurrent Connections Additional (Technical),GOA-FIL-NRPS-FCCCAP-TECH
01tWC00000FBdDoYAL,FileCatalyst Concurrent Connections Additional (Technical)-RenewalMaintenance,GOA-FIL-RRM-FCCCAR-TECH
01tWC00000FBdDpYAL,FileCatalyst Concurrent Connections Additional (Technical),GOA-FIL-RSS-FCCCAS-TECH
01tWC00000FBdDqYAL,FileCatalyst Development Kit (Technical)-NewMaintenance,GOA-FIL-RNM-FCDKNM-TECH
01tWC00000FBdDrYAL,FileCatalyst Development Kit (Technical),GOA-FIL-NRPS-FCDKP-TECH
01tWC00000FBdDsYAL,FileCatalyst Development Kit (Technical)-RenewalMaintenance,GOA-FIL-RRM-FCDKRM-TECH
01tWC00000FBdDtYAL,FileCatalyst Development Kit (Technical),GOA-FIL-RSS-FCDKS-TECH
01tWC00000FBdDuYAL,FileCatalyst Direct (Technical)-NewMaintenance,GOA-FIL-RNM-FCDNM-TECH
01tWC00000FBdDvYAL,FileCatalyst Direct (Technical),GOA-FIL-NRPS-FCDP-TECH
01tWC00000FBdDwYAL,FileCatalyst Direct (Technical)-RenewalMaintenance,GOA-FIL-RRM-FCDRM-TECH
01tWC00000FBdDxYAL,FileCatalyst Direct (Technical),GOA-FIL-RSS-FCDS-TECH
01tWC00000FBdDyYAL,FileCatalyst Direct Services (Technical),GOA-FIL-NRST-FICA-TECH
01tWC00000FBdDzYAL,FileCatalyst Direct Short Term (Technical),GOA-FIL-NRPS-FCDSTS-TECH
01tWC00000FBdE0YAL,FileCatalyst Hotfolder for Automation (Technical)-NewMaintenance,GOA-FIL-RNM-FCHANM-TECH
01tWC00000FBdE1YAL,FileCatalyst Hotfolder for Automation (Technical),GOA-FIL-NRPS-FCHAP-TECH
01tWC00000FBdE2YAL,FileCatalyst Hotfolder for Automation (Technical)-RenewalMaintenance,GOA-FIL-RRM-FCHARM-TECH
01tWC00000FBdE3YAL,FileCatalyst Hotfolder for Automation (Technical),GOA-FIL-RSS-FCHAS-TECH
01tWC00000FBdE4YAL,FileCatalyst Legacy Product (Technical),GOA-FIL-RSS-FCLPS-TECH
01tWC00000FBdE5YAL,FileCatalyst Load Balancer (Technical)-NewMaintenance,GOA-FIL-RNM-FCLBNM-TECH
01tWC00000FBdE6YAL,FileCatalyst Load Balancer (Technical),GOA-FIL-NRPS-FCLBP-TECH
01tWC00000FBdE7YAL,FileCatalyst Load Balancer (Technical)-RenewalMaintenance,GOA-FIL-RRM-FCLBRM-TECH
01tWC00000FBdE8YAL,FileCatalyst Load Balancer (Technical),GOA-FIL-RSS-FCLBS-TECH
01tWC00000FBdE9YAL,FileCatalyst Reverse Proxy (Technical)-NewMaintenance,GOA-FIL-RNM-FCRPNM-TECH
01tWC00000FBdEAYA1,FileCatalyst Reverse Proxy (Technical),GOA-FIL-NRPS-FCRPP-TECH
01tWC00000FBdEBYA1,FileCatalyst Reverse Proxy (Technical)-RenewalMaintenance,GOA-FIL-RRM-FCRPRM-TECH
01tWC00000FBdECYA1,FileCatalyst Reverse Proxy (Technical),GOA-FIL-RSS-FCRPS-TECH
01tWC00000FBdEDYA1,FileCatalyst Services (Technical),GOA-FIL-NRST-FCS-TECH
01tWC00000FBdEEYA1,FileCatalyst TransferAgent - Web Integration Kit (Technical)-NewMaintenance,GOA-FIL-RNM-FCTAWI-TECH
01tWC00000FBdEFYA1,FileCatalyst TransferAgent - Web Integration Kit (Technical),GOA-FIL-NRPS-FCTP-TECH
01tWC00000FBdEGYA1,FileCatalyst TransferAgent - Web Integration Kit (Technical)-RenewalMaintenance,GOA-FIL-RRM-FCTM-TECH
01tWC00000FBdEHYA1,FileCatalyst TransferAgent - Web Integration Kit (Technical),GOA-FIL-RSS-FCTS-TECH
01tWC00000FBdEIYA1,FileCatalyst Workflow (Technical),GOA-FIL-NRPS-FCWP-TECH
01tWC00000FBdqDYAT,FileCatalyst Workflow (Technical)-NewMaintenance,GOA-FIL-RNM-FCWNM-TECH
01tWC00000FBdqEYAT,FileCatalyst Workflow (Technical),GOA-FIL-NRPS-FCWP-TECH-2
01tWC00000FBdqFYAT,FileCatalyst Workflow (Technical)-RenewalMaintenance,GOA-FIL-RRM-FCWRM-TECH
01tWC00000FBdqGYAT,FileCatalyst Workflow (Technical),GOA-FIL-RSS-FCWS-TECH
01tWC00000FBdqHYAT,FileCatalyst Workflow Acceleration (Technical)-NewMaintenance,GOA-FIL-RNM-FCWANM-TECH
01tWC00000FBdqIYAT,FileCatalyst Workflow Acceleration (Technical),GOA-FIL-NRPS-FCWAP-TECH
01tWC00000FBdqJYAT,FileCatalyst Workflow Acceleration (Technical)-RenewalMaintenance,GOA-FIL-RRM-FCWARM-TECH
01tWC00000FBdqKYAT,FileCatalyst Workflow Acceleration (Technical),GOA-FIL-RSS-FCWAS-TECH
01tWC00000FBdqLYAT,FileCatalyst Workflow Services (Technical),GOA-FIL-NRST-FIWS-TECH
01tWC00000FBeDaYAL,GoAnywhere Collaboration Bundle with Gateway (Technical)-NewMaintenance,GOA-GAM-RNM-GCBGNM-TECH
01tWC00000FBeDbYAL,GoAnywhere Certification Exam (Technical),GOA-GAM-NRST-GACE-TECH
01tWC00000FBeDcYAL,GoAnywhere EDI X12 (Technical),GOA-GAM-RSS-GAEX12S-TECH
01tWC00000FBeDdYAL,GoAnywhere Cloud Connector Premium (Technical)-NewMaintenance,GOA-GAM-RNM-GACCPN-TECH
01tWC00000FBeDeYAL,GoAnywhere Cloud Connector Premium (Technical),GOA-GAM-NRPS-GACCPP-TECH
01tWC00000FBeDfYAL,GoAnywhere Cloud Connector Premium (Technical)-RenewalMaintenance,GOA-GAM-RRM-GACCPR-TECH
01tWC00000FBeDgYAL,GoAnywhere Cloud Connector Premium (Technical),GOA-GAM-RSS-GACCPS-TECH
01tWC00000FBeDhYAL,GoAnywhere Cloud Connector Standard (Technical)-NewMaintenance,GOA-GAM-RNM-GACCSN-TECH
01tWC00000FBeDiYAL,GoAnywhere Cloud Connector Standard (Technical),GOA-GAM-NRPS-GACCSP-TECH
01tWC00000FBeDjYAL,GoAnywhere Cloud Connector Standard (Technical)-RenewalMaintenance,GOA-GAM-RRM-GACCSR-TECH
01tWC00000FBeDkYAL,GoAnywhere Cloud Connector Standard (Technical),GOA-GAM-RSS-GACCSS-TECH
01tWC00000FBeDlYAL,GoAnywhere Cloud Connector Standard Pack (Technical)-NewMaintenance,GOA-GAM-RNM-GACM-TECH
01tWC00000FBeDmYAL,GoAnywhere Cloud Connector Standard Pack (Technical),GOA-GAM-NRPS-GACP-TECH
01tWC00000FBeDnYAL,GoAnywhere Cloud Connector Standard Pack (Technical)-RenewalMaintenance,GOA-GAM-RRM-GOAC-TECH
01tWC00000FBeDoYAL,GoAnywhere Cloud Connector Standard Pack (Technical),GOA-GAM-RSS-GACS-TECH
01tWC00000FBeDpYAL,GoAnywhere Collaboration Bundle (Technical)-NewMaintenance,GOA-GAM-RNM-GACBNM-TECH
01tWC00000FBeDqYAL,GoAnywhere Collaboration Bundle (Technical),GOA-GAM-NRPS-GACBP-TECH
01tWC00000FBeDrYAL,GoAnywhere Collaboration Bundle with Gateway (Technical),GOA-GAM-NRPS-GACBGP-TECH
01tWC00000FBeDsYAL,GoAnywhere Collaboration Bundle with Gateway and Threat Protection (Technical),GOA-GAM-NRPS-GACBGTPP-TECH
01tWC00000FBeDtYAL,GoAnywhere Collaboration Bundle (Technical)-RenewalMaintenance,GOA-GAM-RRM-GACBRM-TECH
01tWC00000FBeDuYAL,GoAnywhere Collaboration Bundle (Technical),GOA-GAM-RSS-GACBS-TECH
01tWC00000FBeDvYAL,GoAnywhere Collaboration Bundle with Gateway (Technical),GOA-GAM-RSS-GACBGS-TECH
01tWC00000FBeDwYAL,GoAnywhere Collaboration Bundle with Gateway and Threat Protection (Technical),GOA-GAM-RSS-GACBGTPS-TECH
01tWC00000FBeDxYAL,GoAnywhere Contract Development (Technical),GOA-GAM-NRST-GACD-TECH
01tWC00000FBeDyYAL,GoAnywhere Core Server Bundle (Technical)-NewMaintenance,GOA-GAM-RNM-GACSBN-TECH
01tWC00000FBeDzYAL,GoAnywhere Core Server Bundle (Technical),GOA-GAM-NRPS-GACSBP-TECH
01tWC00000FBeE0YAL,GoAnywhere Core Server Bundle with Gateway (Technical),GOA-GAM-NRPS-GACSBGP-TECH
01tWC00000FBeE1YAL,GoAnywhere Core Server Bundle with Gateway and Threat Protection (Technical),GOA-GAM-NRPS-GACSBGTP-TECH
01tWC00000FBeE2YAL,GoAnywhere Core Server Bundle (Technical)-RenewalMaintenance,GOA-GAM-RRM-GACSBR-TECH
01tWC00000FBeE3YAL,GoAnywhere Core Server Bundle (Technical),GOA-GAM-RSS-GACSBS-TECH
01tWC00000FBeE4YAL,GoAnywhere Core Server Bundle with Gateway (Technical),GOA-GAM-RSS-GACSBGS-TECH
01tWC00000FBeE5YAL,GoAnywhere Core Server Bundle with Gateway and Threat Protection (Technical),GOA-GAM-RSS-GACSBGTS-TECH
01tWC00000FBeE6YAL,GoAnywhere Enterprise Bundle (Technical)-NewMaintenance,GOA-GAM-RNM-GAEBNM-TECH
01tWC00000FBeE7YAL,GoAnywhere Enterprise Bundle (Technical),GOA-GAM-NRPS-GAEBP-TECH
01tWC00000FBeE8YAL,GoAnywhere Enterprise Bundle (Technical)-RenewalMaintenance,GOA-GAM-RRM-GAEBRM-TECH
01tWC00000FBeE9YAL,GoAnywhere Enterprise Bundle (Technical),GOA-GAM-RSS-GAEBS-TECH
01tWC00000FBeEAYA1,GoAnywhere Expert Services (Technical),GOA-GAM-RSP-GAES-TECH
01tWC00000FBeEBYA1,GoAnywhere FTP Client & Server (Technical)-NewMaintenance,GOA-GAM-RNM-GAFCSN-TECH
01tWC00000FBeECYA1,GoAnywhere FTP Client & Server (Technical),GOA-GAM-NRPS-GAFCSP-TECH
01tWC00000FBeEDYA1,GoAnywhere FTP Client & Server (Technical)-RenewalMaintenance,GOA-GAM-RRM-GAFCSR-TECH
01tWC00000FBeEEYA1,GoAnywhere FTP Client & Server (Technical),GOA-GAM-RSS-GAFCSS-TECH
01tWC00000FBeEFYA1,GoAnywhere FTPS Server (Technical)-NewMaintenance,GOA-GAM-RNM-GAFSNM-TECH
01tWC00000FBeEGYA1,GoAnywhere Collaboration Bundle with Gateway and Threat Protection (Technical)-NewMaintenance,GOA-GAM-RNM-GCBGTPNM-TECH
01tWC00000FBeEHYA1,GoAnywhere Collaboration Bundle with Gateway and Threat Protection (Technical)-RenewalMaintenance,GOA-GAM-RRM-GCBGTPRM-TECH
01tWC00000FBeEIYA1,GoAnywhere Core Server Bundle with Gateway (Technical)-NewMaintenance,GOA-GAM-RNM-GCSBWGNM-TECH
01tWC00000FBeEJYA1,GoAnywhere Core Server Bundle with Gateway (Technical)-RenewalMaintenance,GOA-GAM-RRM-GCSBWGRM-TECH
01tWC00000FBeEKYA1,GoAnywhere Core Server Bundle with Gateway and Threat Protection (Technical)-NewMaintenance,GOA-GAM-RNM-GCSBTPNM-TECH
01tWC00000FBeELYA1,GoAnywhere Core Server Bundle with Gateway and Threat Protection (Technical)-RenewalMaintenance,GOA-GAM-RRM-GCSBTPRM-TECH
01tWC00000FBeEMYA1,GoAnywhere Collaboration Bundle with Gateway (Technical)-RenewalMaintenance,GOA-GAM-RRM-GCBGRM-TECH
01tWC00000FBeazYAD,GoAnywhere FTPS Server (Technical),GOA-GAM-NRPS-GAFSP-TECH
01tWC00000FBeb0YAD,GoAnywhere FTPS Server (Technical)-RenewalMaintenance,GOA-GAM-RRM-GAFSRM-TECH
01tWC00000FBeb1YAD,GoAnywhere FTPS Server (Technical),GOA-GAM-RSS-GAFSS-TECH
01tWC00000FBeb2YAD,GoAnywhere Gateway (Technical)-NewMaintenance,GOA-GAM-RNM-GAGNM-TECH
01tWC00000FBeb3YAD,GoAnywhere Gateway (Technical),GOA-GAM-NRPS-GAGP-TECH
01tWC00000FBeb4YAD,GoAnywhere Gateway (Technical)-RenewalMaintenance,GOA-GAM-RRM-GAGRM-TECH
01tWC00000FBeb5YAD,GoAnywhere Gateway (Technical),GOA-GAM-RSS-GAGS-TECH
01tWC00000FBeb6YAD,GoAnywhere Gateway and Load Balancer (Technical)-NewMaintenance,GOA-GAM-RNM-GAGLBN-TECH
01tWC00000FBeb7YAD,GoAnywhere Gateway and Load Balancer (Technical),GOA-GAM-NRPS-GAGLBP-TECH
01tWC00000FBeb8YAD,GoAnywhere Gateway and Load Balancer (Technical)-RenewalMaintenance,GOA-GAM-RRM-GAGLBR-TECH
01tWC00000FBeb9YAD,GoAnywhere Gateway and Load Balancer (Technical),GOA-GAM-RSS-GAGLBS-TECH
01tWC00000FBebAYAT,GoAnywhere Gateway Load Balancer (Technical)-NewMaintenance,GOA-GAM-RNM-GAGM-TECH
01tWC00000FBebBYAT,GoAnywhere Gateway Load Balancer (Technical),GOA-GAM-NRPS-GOBP-TECH
01tWC00000FBebCYAT,GoAnywhere Gateway Load Balancer (Technical)-RenewalMaintenance,GOA-GAM-RRM-GOAG-TECH
01tWC00000FBebDYAT,GoAnywhere Gateway Load Balancer (Technical),GOA-GAM-RSS-GOBS-TECH
01tWC00000FBebEYAT,GoAnywhere GoDrive (Technical)-NewMaintenance,GOA-GAM-RNM-GAGDNM-TECH
01tWC00000FBebFYAT,GoAnywhere GoDrive (Technical),GOA-GAM-NRPS-GAGDP-TECH
01tWC00000FBebGYAT,GoAnywhere GoDrive (Technical)-RenewalMaintenance,GOA-GAM-RRM-GAGDRM-TECH
01tWC00000FBebHYAT,GoAnywhere GoDrive (Technical),GOA-GAM-RSS-GAGDS-TECH
01tWC00000FBebIYAT,GoAnywhere GoFast Server (Technical)-NewMaintenance,GOA-GAM-RNM-GAGFSN-TECH
01tWC00000FBebJYAT,GoAnywhere GoFast Server (Technical),GOA-GAM-NRPS-GAGFSP-TECH
01tWC00000FBebKYAT,GoAnywhere GoFast Server (Technical)-RenewalMaintenance,GOA-GAM-RRM-GAGFSR-TECH
01tWC00000FBebLYAT,GoAnywhere GoFast Server (Technical),GOA-GAM-RSS-GAGFSS-TECH
01tWC00000FBebMYAT,GoAnywhere Health Check (Technical),GOA-GAM-NRST-GAHC-TECH
01tWC00000FBebNYAT,GoAnywhere PeSIT Client (Technical)-NewMaintenance,GOA-GAM-RNM-GAPSCN-TECH
01tWC00000FBebOYAT,GoAnywhere PeSIT Client (Technical),GOA-GAM-NRPS-GAPSCP-TECH
01tWC00000FBebPYAT,GoAnywhere PeSIT Client (Technical)-RenewalMaintenance,GOA-GAM-RRM-GAPSCR-TECH
01tWC00000FBebQYAT,GoAnywhere PeSIT Client (Technical),GOA-GAM-RSS-GAPSCS-TECH
01tWC00000FBebRYAT,GoAnywhere PeSIT Express Bundle (Technical)-NewMaintenance,GOA-GAM-RNM-GAPSEB-TECH
01tWC00000FBebSYAT,GoAnywhere PeSIT Express Bundle (Technical),GOA-GAM-NRPS-GAPP-TECH
01tWC00000FBebTYAT,GoAnywhere PeSIT Express Bundle with Gateway (Technical),GOA-GAM-NRPS-GAPESTGP-TECH
01tWC00000FBebUYAT,GoAnywhere PeSIT Express Bundle (Technical)-RenewalMaintenance,GOA-GAM-RRM-GAPM-TECH
01tWC00000FBebVYAT,GoAnywhere PeSIT Express Bundle (Technical),GOA-GAM-RSS-GAPS-TECH
01tWC00000FBebWYAT,GoAnywhere PeSIT Express Bundle with Gateway (Technical),GOA-GAM-RSS-GAPESTGS-TECH
01tWC00000FBebXYAT,GoAnywhere PeSIT Premium Bundle (Technical)-NewMaintenance,GOA-GAM-RNM-GAPSPB-TECH
01tWC00000FBebYYAT,GoAnywhere PeSIT Premium Bundle (Technical),GOA-GAM-NRPS-GOAP-TECH
01tWC00000FBebZYAT,GoAnywhere PeSIT Premium Bundle (Technical)-RenewalMaintenance,GOA-GAM-RRM-GOANP-TECH
01tWC00000FBebaYAD,GoAnywhere PeSIT Premium Bundle (Technical),GOA-GAM-RSS-GOAPE-TECH
01tWC00000FBebbYAD,GoAnywhere PeSIT Server (Technical)-NewMaintenance,GOA-GAM-RNM-GAPSSN-TECH
01tWC00000FBebcYAD,GoAnywhere PeSIT Server (Technical),GOA-GAM-NRPS-GAPSSP-TECH
01tWC00000FBebdYAD,GoAnywhere PeSIT Server (Technical)-RenewalMaintenance,GOA-GAM-RRM-GAPSSR-TECH
01tWC00000FBebeYAD,GoAnywhere PeSIT Server (Technical),GOA-GAM-RSS-GAPSSS-TECH
01tWC00000FBebfYAD,GoAnywhere PeSIT Starter Bundle (Technical)-NewMaintenance,GOA-GAM-RNM-GAPSSB-TECH
01tWC00000FBebgYAD,GoAnywhere PeSIT Starter Bundle (Technical),GOA-GAM-NRPS-GOANYP-TECH
01tWC00000FBebhYAD,GoAnywhere PeSIT Starter Bundle (Technical)-RenewalMaintenance,GOA-GAM-RRM-GANYPE-TECH
01tWC00000FBebiYAD,GoAnywhere PeSIT Starter Bundle (Technical),GOA-GAM-RSS-GANPE-TECH
01tWC00000FBebjYAD,GoAnywhere PeSIT Starter Bundle with Gateway (Technical),GOA-GAM-RSS-GAPESBGS-TECH
01tWC00000FBebkYAD,GoAnywhere PeSIT Express Bundle with Gateway (Technical)-NewMaintenance,GOA-GAM-RNM-GPEBWGNM-TECH
01tWC00000FBeblYAD,GoAnywhere PeSIT Express Bundle with Gateway (Technical)-RenewalMaintenance,GOA-GAM-RRM-GPEBWGRM-TECH
01tWC00000FBebmYAD,GoAnywhere PeSIT Starter Bundle with Gateway (Technical)-NewMaintenance,GOA-GAM-RNM-GPSBWGNM-TECH
01tWC00000FBentYAD,GoAnywhere Premium Bundle - Clustered (Technical)-RenewalMaintenance,GOA-GAM-RRM-GPBCRM-TECH
01tWC00000FBenuYAD,GoAnywhere Premium Bundle - Clustered (Technical)-NewMaintenance,GOA-GAM-RNM-GPBCNM-TECH
01tWC00000FBenvYAD,GoAnywhere Premium Bundle with Threat Protection (Technical)-RenewalMaintenance,GOA-GAM-RRM-GPBTPRM-TECH
01tWC00000FBenwYAD,GoAnywhere Premium Bundle with Threat Protection (Technical)-NewMaintenance,GOA-GAM-RNM-GPBTPNM-TECH
01tWC00000FBenxYAD,GoAnywhere Services (Technical),GOA-GAM-NRST-GAS-TECH
01tWC00000FBenyYAD,GoAnywhere SFTP Server and DMZ Gateway Manager Bundle (Technical),GOA-GAM-RSS-GSSDGMBS-TECH
01tWC00000FBenzYAD,GoAnywhere Premium AS2 (Technical)-NewMaintenance,GOA-GAM-RNM-GAPANM-TECH
01tWC00000FBeo0YAD,GoAnywhere Premium AS2 (Technical),GOA-GAM-NRPS-GAPAP-TECH
01tWC00000FBeo1YAD,GoAnywhere Premium AS2 (Technical)-RenewalMaintenance,GOA-GAM-RRM-GAPARM-TECH
01tWC00000FBeo2YAD,GoAnywhere Premium AS2 (Technical),GOA-GAM-RSS-GAPAS-TECH
01tWC00000FBeo3YAD,GoAnywhere Premium Bundle (Technical)-NewMaintenance,GOA-GAM-RNM-GAPBNM-TECH
01tWC00000FBeo4YAD,GoAnywhere Premium Bundle (Technical),GOA-GAM-NRPS-GAPBP-TECH
01tWC00000FBeo5YAD,GoAnywhere Premium Bundle - Clustered (Technical),GOA-GAM-NRPS-GAPBCP-TECH
01tWC00000FBeo6YAD,GoAnywhere Premium Bundle with Threat Protection (Technical),GOA-GAM-NRPS-GAPBTPCP-TECH
01tWC00000FBeo7YAD,GoAnywhere Premium Bundle (Technical)-RenewalMaintenance,GOA-GAM-RRM-GAPBRM-TECH
01tWC00000FBeo8YAD,GoAnywhere Premium Bundle (Technical),GOA-GAM-RSS-GAPBS-TECH
01tWC00000FBeo9YAD,GoAnywhere Premium Bundle - Clustered (Technical),GOA-GAM-RSS-GAPBCS-TECH
01tWC00000FBeoAYAT,GoAnywhere Premium Bundle with Threat Protection (Technical),GOA-GAM-RSS-GAPBTPCS-TECH
01tWC00000FBeoBYAT,GoAnywhere QuickStart Services (Technical),GOA-GAM-NRSU-GAQSS-TECH
01tWC00000FBeoCYAT,GoAnywhere Secure Folders (Technical)-NewMaintenance,GOA-GAM-RNM-GASFNM-TECH
01tWC00000FBeoDYAT,GoAnywhere Secure Folders (Technical),GOA-GAM-NRPS-GASFP-TECH
01tWC00000FBeoEYAT,GoAnywhere Secure Folders (Technical)-RenewalMaintenance,GOA-GAM-RRM-GASFRM-TECH
01tWC00000FBeoFYAT,GoAnywhere Secure Folders (Technical),GOA-GAM-RSS-GASFS-TECH
01tWC00000FBeoGYAT,GoAnywhere Secure Forms (Technical)-NewMaintenance,GOA-GAM-RNM-GASM-TECH
01tWC00000FBeoHYAT,GoAnywhere Secure Forms (Technical),GOA-GAM-NRPS-GASP-TECH
01tWC00000FBeoIYAT,GoAnywhere Secure Forms (Technical)-RenewalMaintenance,GOA-GAM-RRM-GOANS-TECH
01tWC00000FBeoJYAT,GoAnywhere Secure Forms (Technical),GOA-GAM-RSS-GASS-TECH
01tWC00000FBeoKYAT,GoAnywhere Secure Mail (Technical)-NewMaintenance,GOA-GAM-RNM-GASMNM-TECH
01tWC00000FBeoLYAT,GoAnywhere Secure Mail (Technical),GOA-GAM-NRPS-GASMP-TECH
01tWC00000FBeoMYAT,GoAnywhere Secure Mail (Technical)-RenewalMaintenance,GOA-GAM-RRM-GASMRM-TECH
01tWC00000FBeoNYAT,GoAnywhere Secure Mail (Technical),GOA-GAM-RSS-GASMS-TECH
01tWC00000FBeoOYAT,GoAnywhere Security Domains (Technical)-NewMaintenance,GOA-GAM-RNM-GASDNM-TECH
01tWC00000FBeoPYAT,GoAnywhere Security Domains (Technical),GOA-GAM-NRPS-GASDP-TECH
01tWC00000FBeoQYAT,GoAnywhere Security Domains (Technical)-RenewalMaintenance,GOA-GAM-RRM-GASDRM-TECH
01tWC00000FBeoRYAT,GoAnywhere Security Domains (Technical),GOA-GAM-RSS-GASDS-TECH
01tWC00000FBeoSYAT,GoAnywhere Services (legacy) (Technical)-NewMaintenance,GOA-GAM-RNM-GASLNM-TECH
01tWC00000FBeoTYAT,GoAnywhere Services (legacy) (Technical),GOA-GAM-NRPS-GASLP-TECH
01tWC00000FBeoUYAT,GoAnywhere Services (legacy) (Technical)-RenewalMaintenance,GOA-GAM-RRM-GASLRM-TECH
01tWC00000FBeoVYAT,GoAnywhere SFTP Server (Technical)-NewMaintenance,GOA-GAM-RNM-GASSNM-TECH
01tWC00000FBeoWYAT,GoAnywhere SFTP Server (Technical),GOA-GAM-NRPS-GASSP-TECH
01tWC00000FBeoXYAT,GoAnywhere SFTP Server (Technical)-RenewalMaintenance,GOA-GAM-RRM-GASSRM-TECH
01tWC00000FBeoYYAT,GoAnywhere SFTP Server (Technical),GOA-GAM-RSS-GASSS-TECH
01tWC00000FBeoZYAT,GoAnywhere Standard Agent (Technical)-NewMaintenance,GOA-GAM-RNM-GASANM-TECH
01tWC00000FBeoaYAD,GoAnywhere Standard Agent (Technical),GOA-GAM-NRPS-GASAP-TECH
01tWC00000FBeobYAD,GoAnywhere Standard Agent (Technical)-RenewalMaintenance,GOA-GAM-RRM-GASARM-TECH
01tWC00000FBeocYAD,GoAnywhere Standard Agent (Technical),GOA-GAM-RSS-GASAS-TECH
01tWC00000FBeodYAD,GoAnywhere Starter Bundle (Technical)-NewMaintenance,GOA-GAM-RNM-GASBNM-TECH
01tWC00000FBeoeYAD,GoAnywhere Starter Bundle (Technical),GOA-GAM-NRPS-GASBP-TECH
01tWC00000FBeofYAD,GoAnywhere Starter Bundle (Technical),GOA-GAM-RSS-GASBS-TECH
01tWC00000FBeogYAD,GoAnywhere PeSIT Starter Bundle with Gateway (Technical)-RenewalMaintenance,GOA-GAM-RRM-GPSBWGRM-TECH
01tWC00000FBeumYAD,GoAnywhere Starter Bundle with Gateway (Technical)-RenewalMaintenance,GOA-GAM-RRM-GSBGRM-TECH
01tWC00000FBeunYAD,GoAnywhere Starter Bundle with Gateway (Technical)-NewMaintenance,GOA-GAM-RNM-GSBGNM-TECH
01tWC00000FBeuoYAD,GoAnywhere Starter Bundle with Gateway and Threat Protection (Technical)-RenewalMaintenance,GOA-GAM-RRM-GSBGTPRM-TECH
01tWC00000FBeupYAD,GoAnywhere Starter Bundle with Gateway and Threat Protection (Technical)-NewMaintenance,GOA-GAM-RNM-GSBGTPNM-TECH
01tWC00000FBeuqYAD,GoAnywhere Ultimate (Technical),GOA-GAM-RSS-GAULTS-TECH
01tWC00000FBeurYAD,GoAnywhere Starter Bundle with Gateway (Technical),GOA-GAM-NRPS-GASBGP-TECH
01tWC00000FBeusYAD,GoAnywhere Starter Bundle with Gateway and Threat Protection (Technical),GOA-GAM-NRPS-GASBGTPP-TECH
01tWC00000FBeutYAD,GoAnywhere Starter Bundle with Gateway (Technical),GOA-GAM-RSS-GASBGS-TECH
01tWC00000FBeuuYAD,GoAnywhere Starter Bundle with Gateway and Threat Protection (Technical),GOA-GAM-RSS-GASBGTPS-TECH
01tWC00000FBeuvYAD,GoAnywhere Support + (Technical),GOA-GAM-RSS-GO+S-TECH
01tWC00000FBeuwYAD,GoAnywhere Travel Expense (Technical),GOA-GAM-NRSE-GATE-TECH
01tWC00000FBeuxYAD,GoAnywhere Ultimate AS2 (Technical)-NewMaintenance,GOA-GAM-RNM-GAUANM-TECH
01tWC00000FBeuyYAD,GoAnywhere Ultimate AS2 (Technical),GOA-GAM-NRPS-GAUAP-TECH
01tWC00000FBeuzYAD,GoAnywhere Ultimate AS2 (Technical)-RenewalMaintenance,GOA-GAM-RRM-GAUARM-TECH
01tWC00000FBev0YAD,GoAnywhere Ultimate AS2 (Technical),GOA-GAM-RSS-GAUAS-TECH
01tWC00000FBev1YAD,GoAnywhere Workflows Basic (Technical)-NewMaintenance,GOA-GAM-RNM-GAWBNM-TECH
01tWC00000FBev2YAD,GoAnywhere Workflows Basic (Technical),GOA-GAM-NRPS-GAWBP-TECH
01tWC00000FBev3YAD,GoAnywhere Workflows Basic (Technical)-RenewalMaintenance,GOA-GAM-RRM-GAWBRM-TECH
01tWC00000FBev4YAD,GoAnywhere Workflows Basic (Technical),GOA-GAM-RSS-GAWBS-TECH
01tWC00000FBev5YAD,GoAnywhere Workflows Express (Technical)-NewMaintenance,GOA-GAM-RNM-GAWENM-TECH
01tWC00000FBev6YAD,GoAnywhere Workflows Express (Technical),GOA-GAM-NRPS-GAWEP-TECH
01tWC00000FBev7YAD,GoAnywhere Workflows Express (Technical)-RenewalMaintenance,GOA-GAM-RRM-GAWERM-TECH
01tWC00000FBev8YAD,GoAnywhere Workflows Express (Technical),GOA-GAM-RSS-GAWES-TECH
01tWC00000FBev9YAD,GoAnywhere Workflows Restricted (Technical)-NewMaintenance,GOA-GAM-RNM-GAWRNM-TECH
01tWC00000FBevAYAT,GoAnywhere Workflows Restricted (Technical),GOA-GAM-NRPS-GAWRP-TECH
01tWC00000FBevBYAT,GoAnywhere Workflows Restricted (Technical)-RenewalMaintenance,GOA-GAM-RRM-GAWRRM-TECH
01tWC00000FBevCYAT,GoAnywhere Workflows Restricted (Technical),GOA-GAM-RSS-GAWRS-TECH
01tWC00000FBexZYAT,GoAnywhere MFTaaS Additional Bandwidth (Technical),GOA-GMA-RSSH-GAMSAB-TECH
01tWC00000FBexaYAD,GoAnywhere MFTaaS Additional Disk Usage (Technical),GOA-GMA-RSSH-GAMSAD-TECH
01tWC00000FBexbYAD,GoAnywhere MFTaaS Additional Storage (Technical),GOA-GMA-RSSH-GAMSAS-TECH
01tWC00000FBexcYAD,GoAnywhere MFTaaS Annual Infrastructure Fees (Technical),GOA-GMA-RSSH-GAMSAI-TECH
01tWC00000FBexdYAD,GoAnywhere MFTaaS Hosting - Cloud Operations Annual Fee (Technical),GOA-GMA-RSL-GAMSHC-TECH
01tWC00000FBexeYAD,GoAnywhere MFTaaS Hosting Management & Annual Infrastructure Fees (Technical),GOA-GMA-RSL-GAMSHM-TECH
01tWC00000FBexfYAD,GoAnywhere MFTaaS ICAP - Infrastructure Setup (Technical),GOA-GMA-RSSH-GAMSII-TECH
01tWC00000FBexgYAD,GoAnywhere MFTaaS Hosting – Annual Infrastructure Fees Tier 1 (Technical),GOA-GMA-RSSH-GAMHAIO-TECH
01tWC00000FBexhYAD,GoAnywhere MFTaaS Hosting – Annual Infrastructure Fees Tier 2 (Technical),GOA-GMA-RSSH-GAMHAIT-TECH
01tWC00000FBexiYAD,GoAnywhere MFTaaS Hosting – Annual Infrastructure Fees Tier 3 (Technical),GOA-GMA-RSSH-GAMHAIH-TECH
01tWC00000FBexjYAD,GoAnywhere MFTaaS Hosting – Annual Infrastructure Fees Tier 1 - LATAM (Technical),GOA-GMA-RSSH-GAMHALO-TECH
01tWC00000FBexkYAD,GoAnywhere MFTaaS Hosting – Annual Infrastructure Fees Tier 2 - LATAM (Technical),GOA-GMA-RSSH-GAMHALT-TECH
01tWC00000FBexlYAD,GoAnywhere MFTaaS Hosting – Annual Infrastructure Fees Tier 3 - LATAM (Technical),GOA-GMA-RSSH-GAMHALH-TECH
01tWC00000FBezBYAT,Business Intelligence Legacy Upgrade Fee (Technical),BI-QRW-CHNG-BIILUFCF-TECH
01tWC00000FBezCYAT,Abstract (Technical)-NewMaintenance,BI-ABS-RNM-ABSTNE-TECH
01tWC00000FBezDYAT,Abstract (Technical),BI-ABS-NRPS-ABSTPE-TECH
01tWC00000FBezEYAT,Abstract (Technical)-RenewalMaintenance,BI-ABS-RRM-ABSTRE-TECH
01tWC00000FBezFYAT,Abstract (Technical),BI-ABS-RSS-ABSTSU-TECH
01tWC00000FBezGYAT,AnyDate (Technical)-NewMaintenance,BI-AD-RNM-ANYDNE-TECH
01tWC00000FBezHYAT,AnyDate (Technical),BI-AD-NRPS-ANYDPE-TECH
01tWC00000FBezIYAT,AnyDate (Technical)-RenewalMaintenance,BI-AD-RRM-ANYDRE-TECH
01tWC00000FBezJYAT,AnyDate (Technical),BI-AD-RSS-ANYDSU-TECH
01tWC00000FBezKYAT,Business Intelligence - New Maintenance (Technical)-NewMaintenance,BI-SQ-RNM-BUSIIN-TECH
01tWC00000FBezLYAT,Business Intelligence (Technical)-RenewalMaintenance,BI-SQ-RRM-BUSIIR-TECH
01tWC00000FBezMYAT,Change Data Capture Module (Technical)-NewMaintenance,BI-SDW-RNM-CDCMNM-TECH
01tWC00000FBezNYAT,Change Data Capture Module (Technical),BI-SDW-NRPS-CDCMP-TECH
01tWC00000FBezOYAT,Change Data Capture Module (Technical)-RenewalMaintenance,BI-SDW-RRM-CDCMRM-TECH
01tWC00000FBezPYAT,Change Data Capture Module (Technical),BI-SDW-RSS-CDCMS-TECH
01tWC00000FBezQYAT,Change Management (Technical)-NewMaintenance,BI-SDW-RNM-CMNM-TECH
01tWC00000FBezRYAT,Change Management (Technical),BI-SDW-NRPS-CMP-TECH
01tWC00000FBezSYAT,Change Management (Technical)-RenewalMaintenance,BI-SDW-RRM-CHANGE-TECH
01tWC00000FBezTYAT,Change Management (Technical),BI-SDW-RSS-CMS-TECH
01tWC00000FBezUYAT,Data Acquisition (Technical)-NewMaintenance,BI-SDW-RNM-DANM-TECH
01tWC00000FBezVYAT,Data Acquisition (Technical),BI-SDW-NRPS-DAP-TECH
01tWC00000FBezWYAT,Data Acquisition (Technical)-RenewalMaintenance,BI-SDW-RRM-DARM-TECH
01tWC00000FBezXYAT,Data Acquisition (Technical),BI-SDW-RSS-DATA-TECH
01tWC00000FBezYYAT,Data Set View Builder (Technical)-NewMaintenance,BI-SDW-RNM-DSVBNM-TECH
01tWC00000FBezZYAT,Data Set View Builder (Technical),BI-SDW-NRPS-DSVBP-TECH
01tWC00000FBezaYAD,Data Set View Builder (Technical)-RenewalMaintenance,BI-SDW-RRM-DSVBRM-TECH
01tWC00000FBezbYAD,Data Set View Builder (Technical),BI-SDW-RSS-DSVBS-TECH
01tWC00000FBezcYAD,Deployment Bundle (Technical)-NewMaintenance,BI-DB-RNM-DEPLNE-TECH
01tWC00000FBezdYAD,Deployment Bundle (Technical),BI-DB-NRPS-DEPLPE-TECH
01tWC00000FBezeYAD,Deployment Bundle (Technical)-RenewalMaintenance,BI-DB-RRM-DEPLRE-TECH
01tWC00000FBezfYAD,Deployment Bundle (Technical),BI-DB-RSS-DEPLSU-TECH
01tWC00000FBezgYAD,Enhanced Data Sources (Technical)-NewMaintenance,BI-SDW-RNM-EDSNM-TECH
01tWC00000FBezhYAD,Enhanced Data Sources (Technical),BI-SDW-NRPS-EDSP-TECH
01tWC00000FBeziYAD,Enhanced Data Sources (Technical)-RenewalMaintenance,BI-SDW-RRM-EDSRM-TECH
01tWC00000FBezjYAD,Enhanced Data Sources (Technical),BI-SDW-RSS-EDSS-TECH
01tWC00000FBezkYAD,Enhanced ESEND for SMB Pricing - Per User (Technical)-NewMaintenance,BI-ESN-RNM-EESPPU-TECH
01tWC00000FBezlYAD,Enhanced ESEND for SMB Pricing - Per User (Technical),BI-ESN-NRPS-ENHANC-TECH
01tWC00000FBezmYAD,Enhanced ESEND for SMB Pricing - Per User (Technical)-RenewalMaintenance,BI-ESN-RRM-ENES-TECH
01tWC00000FBeznYAD,Enhanced ESEND for SMB Pricing - Per User (Technical),BI-ESN-RSS-ENUS-TECH
01tWC00000FBezoYAD,Enhanced ETL (Technical)-NewMaintenance,BI-SDW-RNM-ENET-TECH
01tWC00000FBezpYAD,Enhanced ETL (Technical),BI-SDW-NRPS-EEP-TECH
01tWC00000FBezqYAD,Enhanced ETL (Technical)-RenewalMaintenance,BI-SDW-RRM-ENRM-TECH
01tWC00000FBezrYAD,Enhanced ETL (Technical),BI-SDW-RSS-EES-TECH
01tWC00000FBezsYAD,Enhanced Metadata Management (Technical)-NewMaintenance,BI-SDW-RNM-EMMNM-TECH
01tWC00000FBeztYAD,Enhanced Metadata Management (Technical),BI-SDW-NRPS-EMMP-TECH
01tWC00000FBezuYAD,Enhanced Metadata Management (Technical)-RenewalMaintenance,BI-SDW-RRM-EMMRM-TECH
01tWC00000FBezvYAD,Enhanced Metadata Management (Technical),BI-SDW-RSS-EMMS-TECH
01tWC00000FBezwYAD,Esend (Technical)-NewMaintenance,BI-ESN-RNM-ESENNE-TECH
01tWC00000FBezxYAD,Esend (Technical)-RenewalMaintenance,BI-ESN-RRM-ESENRE-TECH
01tWC00000FBezyYAD,Esend (Technical),BI-ESN-RSS-ESENSU-TECH
01tWC00000FBfGvYAL,Insite Analytics (Technical)-NewMaintenance,BI-ISA-RNM-INSINE-TECH
01tWC00000FBfGwYAL,Insite Analytics (Technical),BI-ISA-NRPS-INSIPE-TECH
01tWC00000FBfGxYAL,Insite Analytics - Core (Technical),BI-ISA-NRPS-IACP-TECH
01tWC00000FBfGyYAL,Insite Analytics - Pro (Technical),BI-ISA-NRPS-IAPROP-TECH
01tWC00000FBfGzYAL,Insite Analytics - Premium (Technical),BI-ISA-NRPS-IAPP-TECH
01tWC00000FBfH0YAL,Insite Analytics - Starter Package (Technical),BI-ISA-NRPS-IASPP-TECH
01tWC00000FBfH1YAL,Insite Analytics (Technical)-RenewalMaintenance,BI-ISA-RRM-INSIRE-TECH
01tWC00000FBfH2YAL,Insite Analytics (Technical),BI-ISA-RSS-INSISU-TECH
01tWC00000FBfH3YAL,Insite Analytics - Core (Technical),BI-ISA-RSS-IACS-TECH
01tWC00000FBfH4YAL,Insite Analytics - Pro (Technical),BI-ISA-RSS-IAPROS-TECH
01tWC00000FBfH5YAL,Insite Analytics - Premium (Technical),BI-ISA-RSS-IAPS-TECH
01tWC00000FBfH6YAL,Insite Analytics - Starter Package (Technical),BI-ISA-RSS-IASPS-TECH
01tWC00000FBfH7YAL,Insite Analytics - Core (Technical)-RenewalMaintenance,BI-ISA-RRM-IACRM-TECH
01tWC00000FBfH8YAL,Insite Analytics - Core (Technical)-NewMaintenance,BI-ISA-RNM-IACNM-TECH
01tWC00000FBfH9YAL,Insite Analytics - Premium (Technical)-RenewalMaintenance,BI-ISA-RRM-IAPRMRM-TECH
01tWC00000FBfHAYA1,Insite Analytics - Premium (Technical)-NewMaintenance,BI-ISA-RNM-IAPRMNM-TECH
01tWC00000FBfHBYA1,Insite Analytics - Pro (Technical)-RenewalMaintenance,BI-ISA-RRM-IAPROM-TECH
01tWC00000FBfHCYA1,Insite Analytics - Pro (Technical)-NewMaintenance,BI-ISA-RNM-IAPRONM-TECH
01tWC00000FBfHDYA1,Insite Analytics - Starter Package (Technical)-RenewalMaintenance,BI-ISA-RRM-IASPRM-TECH
01tWC00000FBfHEYA1,Insite Analytics - Starter Package (Technical)-NewMaintenance,BI-ISA-RNM-IASPNM-TECH
01tWC00000FBfHFYA1,Esend (Technical),BI-ESN-NRPS-ESENPE-TECH
01tWC00000FBfHGYA1,Esend Full (Technical),BI-ESN-RSS-ESENFU-TECH
01tWC00000FBfHHYA1,Green Screen (Technical)-NewMaintenance,BI-SQ-RNM-GREENE-TECH
01tWC00000FBfHIYA1,Green Screen (Technical),BI-SQ-NRPS-GREEPE-TECH
01tWC00000FBfHJYA1,Green Screen (Technical)-RenewalMaintenance,BI-SQ-RRM-GREERE-TECH
01tWC00000FBfHKYA1,Parallel Loading (Technical)-NewMaintenance,BI-SDW-RNM-PLNM-TECH
01tWC00000FBfHLYA1,Parallel Loading (Technical),BI-SDW-NRPS-PLP-TECH
01tWC00000FBfHMYA1,Parallel Loading (Technical)-RenewalMaintenance,BI-SDW-RRM-PLRM-TECH
01tWC00000FBfHNYA1,Parallel Loading (Technical),BI-SDW-RSS-PLS-TECH
01tWC00000FBfHOYA1,Query & Report Writer (Technical)-NewMaintenance,BI-QRW-RNM-QRWNEW-TECH
01tWC00000FBfHPYA1,Query & Report Writer (Technical),BI-QRW-NRPS-QRWPER-TECH
01tWC00000FBfHQYA1,Query & Report Writer (Technical)-RenewalMaintenance,BI-QRW-RRM-QRWREN-TECH
01tWC00000FBfHRYA1,Query & Report Writer (Technical),BI-QRW-RSS-QRWSUB-TECH
01tWC00000FBfHSYA1,Remote Data Push (Technical)-NewMaintenance,BI-SDW-RNM-RDPNM-TECH
01tWC00000FBfHTYA1,Remote Data Push (Technical),BI-SDW-NRPS-RDPP-TECH
01tWC00000FBfHUYA1,Remote Data Push (Technical)-RenewalMaintenance,BI-SDW-RRM-RDPRM-TECH
01tWC00000FBfHVYA1,Remote Data Push (Technical),BI-SDW-RSS-RDPS-TECH
01tWC00000FBfHWYA1,Remote Data Sourcing (Technical)-NewMaintenance,BI-SDW-RNM-RDSNM-TECH
01tWC00000FBfHXYA1,Remote Data Sourcing (Technical),BI-SDW-NRPS-RDSP-TECH
01tWC00000FBfHYYA1,Remote Data Sourcing (Technical)-RenewalMaintenance,BI-SDW-RRM-RDSRM-TECH
01tWC00000FBfHZYA1,Remote Data Sourcing (Technical),BI-SDW-RSS-RDSS-TECH
01tWC00000FBfHaYAL,Resource Accountant (Technical)-NewMaintenance,BI-SL-RNM-RESONE-TECH
01tWC00000FBfHbYAL,Resource Accountant (Technical),BI-SL-NRPS-RESOPE-TECH
01tWC00000FBfHcYAL,Resource Accountant (Technical)-RenewalMaintenance,BI-SL-RRM-RESORE-TECH
01tWC00000FBfHdYAL,Productivity Enablement (Technical)-NewMaintenance,BI-SQ-RNM-PRODNE-TECH
01tWC00000FBfHeYAL,Productivity Enablement (Technical),BI-SQ-NRPS-PRODPE-TECH
01tWC00000FBfHfYAL,Productivity Enablement (Technical)-RenewalMaintenance,BI-SQ-RRM-PRODRE-TECH
01tWC00000FBfHgYAL,Rodin Enterprise - Legacy (Technical)-NewMaintenance,BI-SDW-RNM-RELNM-TECH
01tWC00000FBfHhYAL,Rodin Enterprise - Legacy (Technical),BI-SDW-NRPS-RELP-TECH
01tWC00000FBfHiYAL,Rodin Enterprise - Legacy (Technical)-RenewalMaintenance,BI-SDW-RRM-RELRM-TECH
01tWC00000FBfLlYAL,Sequel Data Warehouse (RODIN) Select License - Bronze Edition (Technical)-RenewalMaintenance,BI-SDW-RRM-SDWSBERM-TECH
01tWC00000FBfLmYAL,Sequel Data Warehouse (RODIN) Select License - Bronze Edition (Technical)-NewMaintenance,BI-SDW-RNM-SDWSBENM-TECH
01tWC00000FBfLnYAL,Sequel Data Warehouse (RODIN) Select License - Gold Edition (Technical)-RenewalMaintenance,BI-SDW-RRM-SDWSGERM-TECH
01tWC00000FBfLoYAL,Sequel Data Warehouse (RODIN) Select License - Gold Edition (Technical)-NewMaintenance,BI-SDW-RNM-SDWSGENM-TECH
01tWC00000FBfLpYAL,Sequel Data Warehouse (RODIN) Select License - Platinum Edition (Technical)-RenewalMaintenance,BI-SDW-RRM-SDWSPERM-TECH
01tWC00000FBfLqYAL,SEQUEL Client Report Option (Technical),BI-CRO-RSS-SCRS-TECH
01tWC00000FBfLrYAL,Sequel Data Warehouse (Technical)-NewMaintenance,BI-SDW-RNM-SDWNM-TECH
01tWC00000FBfLsYAL,Sequel Data Warehouse (Technical),BI-SDW-NRPS-SDWP-TECH
01tWC00000FBfLtYAL,Rodin Runtime - Legacy (Technical)-NewMaintenance,BI-SDW-RNM-RRLNM-TECH
01tWC00000FBfLuYAL,Rodin Runtime - Legacy (Technical),BI-SDW-NRPS-RRLP-TECH
01tWC00000FBfLvYAL,Rodin Runtime - Legacy (Technical)-RenewalMaintenance,BI-SDW-RRM-RRLRM-TECH
01tWC00000FBfLwYAL,Sequel (Technical)-NewMaintenance,BI-SQ-RNM-SEQUEL-TECH
01tWC00000FBfLxYAL,Sequel (Technical),BI-SQ-NRPS-SEQUEP-TECH
01tWC00000FBfLyYAL,Sequel (Technical)-RenewalMaintenance,BI-SQ-RRM-SERE-TECH
01tWC00000FBfLzYAL,Sequel (Technical),BI-SQ-RSS-SEQUES-TECH
01tWC00000FBfM0YAL,Sequel - User Based (Technical)-NewMaintenance,BI-SQ-RNM-SUBNM-TECH
01tWC00000FBfM1YAL,Sequel - User Based (Technical),BI-SQ-NRPS-SUBP-TECH
01tWC00000FBfM2YAL,Sequel - User Based (Technical)-RenewalMaintenance,BI-SQ-RRM-SUBRM-TECH
01tWC00000FBfM3YAL,Sequel - User Based (Technical),BI-SQ-RSS-SUBS-TECH
01tWC00000FBfM4YAL,SEQUEL Client Report Option (Technical)-NewMaintenance,BI-CRO-RNM-SCRM-TECH
01tWC00000FBfM5YAL,SEQUEL Client Report Option (Technical),BI-CRO-NRPS-SCRP-TECH
01tWC00000FBfM6YAL,SEQUEL Client Report Option (Technical)-RenewalMaintenance,BI-CRO-RRM-SECL-TECH
01tWC00000FBfM7YAL,Sequel Data Warehouse (Technical)-RenewalMaintenance,BI-SDW-RRM-SDWRM-TECH
01tWC00000FBfM8YAL,Sequel Data Warehouse (Technical),BI-SDW-RSS-SDWS-TECH
01tWC00000FBfM9YAL,Sequel Data Warehouse (RODIN) Select License (Technical)-NewMaintenance,BI-SDW-RNM-SDWRSL-TECH
01tWC00000FBfMAYA1,Sequel Data Warehouse (RODIN) Select License - Bronze Edition (Technical),BI-SDW-NRPS-SDWSLBEP-TECH
01tWC00000FBfMBYA1,Sequel Data Warehouse (RODIN) Select License - Silver Edition (Technical),BI-SDW-NRPS-SDWSLSEP-TECH
01tWC00000FBfMCYA1,Sequel Data Warehouse (RODIN) Select License - Gold Edition (Technical),BI-SDW-NRPS-SDWSLGEP-TECH
01tWC00000FBfMDYA1,Sequel Data Warehouse (RODIN) Select License - Platinum Edition (Technical),BI-SDW-NRPS-SDWSLPEP-TECH
01tWC00000FBfMEYA1,Sequel Data Warehouse (RODIN) Select License (Technical)-RenewalMaintenance,BI-SDW-RRM-SDWM-TECH
01tWC00000FBfMFYA1,Sequel Data Warehouse (RODIN) Select License - Bronze Edition (Technical),BI-SDW-RSS-SDWSLBES-TECH
01tWC00000FBfMGYA1,Sequel Data Warehouse (RODIN) Select License - Silver Edition (Technical),BI-SDW-RSS-SDWSLSES-TECH
01tWC00000FBfMHYA1,Sequel Data Warehouse (RODIN) Select License - Gold Edition (Technical),BI-SDW-RSS-SDWSLGES-TECH
01tWC00000FBfMIYA1,Sequel Data Warehouse (RODIN) Select License - Platinum Edition (Technical),BI-SDW-RSS-SDWSLPES-TECH
01tWC00000FBfMJYA1,SEQUEL Data Warehouse Bundle (Technical)-NewMaintenance,BI-SDW-RNM-SEQUED-TECH
01tWC00000FBfMKYA1,SEQUEL Data Warehouse Bundle - Bronze Edition (Technical),BI-SDW-NRPS-SDWBBEP-TECH
01tWC00000FBfMLYA1,SEQUEL Data Warehouse Bundle - Gold Edition (Technical),BI-SDW-NRPS-SDWBGEP-TECH
01tWC00000FBfMMYA1,SEQUEL Data Warehouse Bundle - Platinum Edition (Technical),BI-SDW-NRPS-SDWBPEP-TECH
01tWC00000FBfMNYA1,SEQUEL Data Warehouse Bundle (Technical)-RenewalMaintenance,BI-SDW-RRM-SEQUDA-TECH
01tWC00000FBfMOYA1,SEQUEL Data Warehouse Bundle - Bronze Edition (Technical),BI-SDW-RSS-SDWBBES-TECH
01tWC00000FBfMPYA1,SEQUEL Data Warehouse Bundle - Gold Edition (Technical),BI-SDW-RSS-SDWBGES-TECH
01tWC00000FBfMQYA1,Sequel Data Warehouse (RODIN) Select License - Platinum Edition (Technical)-NewMaintenance,BI-SDW-RNM-SDWSPENM-TECH
01tWC00000FBfMRYA1,Sequel Data Warehouse (RODIN) Select License - Silver Edition (Technical)-RenewalMaintenance,BI-SDW-RRM-SDWSSERM-TECH
01tWC00000FBfMSYA1,Sequel Data Warehouse (RODIN) Select License - Silver Edition (Technical)-NewMaintenance,BI-SDW-RNM-SDWSSENM-TECH
01tWC00000FBfMTYA1,SEQUEL Data Warehouse Bundle - Bronze Edition (Technical)-RenewalMaintenance,BI-SDW-RRM-SDWBBERM-TECH
01tWC00000FBfMUYA1,SEQUEL Data Warehouse Bundle - Bronze Edition (Technical)-NewMaintenance,BI-SDW-RNM-SDWBBENM-TECH
01tWC00000FBfMVYA1,SEQUEL Data Warehouse Bundle - Gold Edition (Technical)-RenewalMaintenance,BI-SDW-RRM-SDWBGERM-TECH
01tWC00000FBfMWYA1,SEQUEL Data Warehouse Bundle - Gold Edition (Technical)-NewMaintenance,BI-SDW-RNM-SDWBGENM-TECH
01tWC00000FBfMXYA1,SEQUEL Data Warehouse Bundle - Platinum Edition (Technical)-RenewalMaintenance,BI-SDW-RRM-SDWBPERM-TECH
01tWC00000FBfMYYA1,SEQUEL Data Warehouse Bundle - Platinum Edition (Technical)-NewMaintenance,BI-SDW-RNM-SDWBPENM-TECH
01tWC00000FBfcfYAD,Network Traffic Controller (Technical)-NewMaintenance,CS-DFT-RNM-NTCNM-TECH
01tWC00000FBfcgYAD,Network Traffic Controller (Technical),CS-DFT-NRPS-NTCP-TECH
01tWC00000FBfchYAD,Network Traffic Controller (Technical)-RenewalMaintenance,CS-DFT-RRM-NTCRM-TECH
01tWC00000FBfciYAD,Network Traffic Controller (Technical),CS-DFT-RSS-NTCS-TECH
01tWC00000FBfcjYAD,Cybersecurity Legacy Upgrade Fee (Technical),CS-CLP-CHNG-CLUFCF-TECH
01tWC00000FBfckYAD,Application System & Object Control (Technical)-NewMaintenance,CS-DFT-RNM-ASOCNM-TECH
01tWC00000FBfclYAD,Application System & Object Control (Technical),CS-DFT-NRPS-ASOCP-TECH
01tWC00000FBfcmYAD,Application System & Object Control (Technical)-RenewalMaintenance,CS-DFT-RRM-ASOCRM-TECH
01tWC00000FBfcnYAD,Application System & Object Control (Technical),CS-DFT-RSS-ASOCS-TECH
01tWC00000FBfcoYAD,Compliance Center for i (Technical)-NewMaintenance,CS-DFT-RNM-CCINM-TECH
01tWC00000FBfcpYAD,Compliance Center for i (Technical),CS-DFT-NRPS-CCIP-TECH
01tWC00000FBfcqYAD,Compliance Center for i (Technical)-RenewalMaintenance,CS-DFT-RRM-CCIRM-TECH
01tWC00000FBfcrYAD,Compliance Center for i (Technical),CS-DFT-RSS-CCIS-TECH
01tWC00000FBfcsYAD,Cybersecurity (Technical)-NewMaintenance,CS-CLP-RNM-CYBENE-TECH
01tWC00000FBfctYAD,Cybersecurity (Technical)-RenewalMaintenance,CS-CLP-RRM-CYBERE-TECH
01tWC00000FBfcuYAD,Cybersecurity Services (Technical),CS-CLP-NRST-CYBESE-TECH
01tWC00000FBfcvYAD,DetectIT (Technical)-NewMaintenance,CS-DFT-RNM-DETENE-TECH
01tWC00000FBfcwYAD,DetectIT (Technical),CS-DFT-NRPS-DETEPE-TECH
01tWC00000FBfcxYAD,DetectIT (Technical)-RenewalMaintenance,CS-DFT-RRM-DETERE-TECH
01tWC00000FBfcyYAD,DetectIT (Technical),CS-DFT-RSS-DETESU-TECH
01tWC00000FBfczYAD,Fortra Security Services (Technical),CS-CLP-NRST-FSS-TECH
01tWC00000FBfd0YAD,Fortra Security Recurring Services (Technical),CS-CLP-RSP-FSRS-TECH
01tWC00000FBfd1YAD,Fortra Security Travel Expense (Technical),CS-CLP-NRSE-FSTE-TECH
01tWC00000FBfd2YAD,Menu & Application Program (Technical)-NewMaintenance,CS-DFT-RNM-MAPNEW-TECH
01tWC00000FBfd3YAD,Menu & Application Program (Technical),CS-DFT-NRPS-MAPPER-TECH
01tWC00000FBfd4YAD,Menu & Application Program (Technical)-RenewalMaintenance,CS-DFT-RRM-MAPREN-TECH
01tWC00000FBfd5YAD,Menu & Application Program (Technical),CS-DFT-RSS-MAPSUB-TECH
01tWC00000FBfd6YAD,Multiple System Administrator (Technical)-NewMaintenance,CS-DFT-RNM-MSANEW-TECH
01tWC00000FBfd7YAD,Multiple System Administrator (Technical),CS-DFT-NRPS-MSAPER-TECH
01tWC00000FBfd8YAD,Multiple System Administrator (Technical)-RenewalMaintenance,CS-DFT-RRM-MSAREN-TECH
01tWC00000FBfd9YAD,Multiple System Administrator (Technical),CS-DFT-RSS-MSASUB-TECH
01tWC00000FBfdAYAT,Powerful User Passport (Technical)-NewMaintenance,CS-DFT-RNM-PUPNEW-TECH
01tWC00000FBfdBYAT,Powerful User Passport (Technical),CS-DFT-NRPS-PUPPER-TECH
01tWC00000FBfdCYAT,Powerful User Passport (Technical)-RenewalMaintenance,CS-DFT-RRM-PUPREN-TECH
01tWC00000FBfdDYAT,Powerful User Passport (Technical),CS-DFT-RSS-PUPSUB-TECH
01tWC00000FBfdEYAT,Powertech Antivirus - Linux / AIX (Technical)-NewMaintenance,CS-PTA-RNM-PALANM-TECH
01tWC00000FBfdFYAT,Powertech Antivirus - Linux / AIX (Technical),CS-PTA-NRPS-PALAP-TECH
01tWC00000FBfdGYAT,Powertech Antivirus - Linux / AIX (Technical)-RenewalMaintenance,CS-PTA-RRM-PALARM-TECH
01tWC00000FBfdHYAT,Powertech Antivirus - Linux / AIX (Technical),CS-PTA-RSS-PALAS-TECH
01tWC00000FBfdIYAT,Powertech Antivirus - Solaris (Technical)-NewMaintenance,CS-PTA-RNM-PASNM-TECH
01tWC00000FBfdJYAT,Powertech Antivirus - Solaris (Technical),CS-PTA-NRPS-PASP-TECH
01tWC00000FBfdKYAT,Powertech Antivirus - Solaris (Technical)-RenewalMaintenance,CS-PTA-RRM-PASRM-TECH
01tWC00000FBfdLYAT,Powertech Antivirus - Solaris (Technical),CS-PTA-RSS-PASS-TECH
01tWC00000FBfdMYAT,Powertech Antivirus - x86 Linux (Technical)-NewMaintenance,CS-PTA-RNM-PAXLNM-TECH
01tWC00000FBfdNYAT,Powertech Antivirus - x86 Linux (Technical),CS-PTA-NRPS-PAXLP-TECH
01tWC00000FBfdOYAT,Powertech Antivirus - x86 Linux (Technical)-RenewalMaintenance,CS-PTA-RRM-PAXLRM-TECH
01tWC00000FBfdPYAT,Powertech Antivirus - x86 Linux (Technical),CS-PTA-RSS-PAXLS-TECH
01tWC00000FBfdQYAT,Powertech Antivirus (Technical),CS-PTA-RSS-PTAVS-TECH
01tWC00000FBg3KYAT,Powertech Command Security for IBM i (Technical),CS-PCS-RSS-PCSIIS-TECH
01tWC00000FBg3LYAT,Powertech Antivirus - x86 Linux (Technical)-RenewalMaintenance,CS-PTA-RRM-PAXLRM-TECH-2
01tWC00000FBg3MYAT,Powertech Antivirus for IBM i - Domino (Technical)-NewMaintenance,CS-PTA-RNM-PAIIDN-TECH
01tWC00000FBg3NYAT,Powertech Antivirus for IBM i - Domino (Technical),CS-PTA-NRPS-PAIIDP-TECH
01tWC00000FBg3OYAT,Powertech Antivirus for IBM i - Domino (Technical)-RenewalMaintenance,CS-PTA-RRM-PAIIDR-TECH
01tWC00000FBg3PYAT,Powertech Antivirus for IBM i - Domino (Technical),CS-PTA-RSS-PAIIDS-TECH
01tWC00000FBg3QYAT,Powertech Antivirus for IBM i (Technical)-NewMaintenance,CS-PTA-RNM-PAIINM-TECH
01tWC00000FBg3RYAT,Powertech Antivirus for IBM i (Technical),CS-PTA-NRPS-PAIIP-TECH
01tWC00000FBg3SYAT,Powertech Antivirus for IBM i (Technical)-RenewalMaintenance,CS-PTA-RRM-PAIIRM-TECH
01tWC00000FBg3TYAT,Powertech Antivirus for IBM i (Technical),CS-PTA-RSS-PAIIS-TECH
01tWC00000FBg3UYAT,Powertech Authority Broker Comprehensive Implementation (Technical),CS-PAB-NRSU-PABCI-TECH
01tWC00000FBg3VYAT,Powertech Authority Broker for IBM i (Technical)-NewMaintenance,CS-PAB-RNM-PABIIN-TECH
01tWC00000FBg3WYAT,Powertech Authority Broker for IBM i (Technical),CS-PAB-NRPS-PABIIP-TECH
01tWC00000FBg3XYAT,Powertech Authority Broker for IBM i (Technical)-RenewalMaintenance,CS-PAB-RRM-PABIIR-TECH
01tWC00000FBg3YYAT,Powertech Authority Broker for IBM i (Technical),CS-PAB-RSS-PABIIS-TECH
01tWC00000FBg3ZYAT,PowerTech Central Admin (Technical)-NewMaintenance,CS-CLP-RNM-PTCANM-TECH
01tWC00000FBg3aYAD,PowerTech Central Admin (Technical),CS-CLP-NRPS-PTCAP-TECH
01tWC00000FBg3bYAD,PowerTech Central Admin (Technical)-RenewalMaintenance,CS-CLP-RRM-PTCARM-TECH
01tWC00000FBg3cYAD,PowerTech Central Admin (Technical),CS-CLP-RSS-PTCAS-TECH
01tWC00000FBg3dYAD,Powertech Command Security for IBM i (Technical)-NewMaintenance,CS-PCS-RNM-PCSIIN-TECH
01tWC00000FBg3eYAD,Powertech Command Security for IBM i (Technical),CS-PCS-NRPS-PCSIIP-TECH
01tWC00000FBg3fYAD,Powertech Command Security for IBM i (Technical)-RenewalMaintenance,CS-PCS-RRM-PCSIIR-TECH
01tWC00000FBg3gYAD,Powertech Command Security (Technical),CS-PCS-RSS-PCMDSS-TECH
01tWC00000FBg3hYAD,Powertech Compliance Monitor Comprehensive Implementation (Technical),CS-PCM-NRSU-PCMCI-TECH
01tWC00000FBg3iYAD,Powertech Compliance Monitor Consolidator for IBM i (Technical)-NewMaintenance,CS-PCM-RNM-PCMCII-TECH
01tWC00000FBg3jYAD,Powertech Compliance Monitor Consolidator for IBM i (Technical),CS-PCM-NRPS-POWERT-TECH
01tWC00000FBg3kYAD,Powertech Compliance Monitor Consolidator for IBM i (Technical)-RenewalMaintenance,CS-PCM-RRM-PCMM-TECH
01tWC00000FBg3lYAD,Powertech Compliance Monitor Consolidator for IBM i (Technical),CS-PCM-RSS-PCMS-TECH
01tWC00000FBg3mYAD,Powertech Compliance Monitor Endpoint for IBM i (Technical)-NewMaintenance,CS-PCM-RNM-PCMEII-TECH
01tWC00000FBg3nYAD,Powertech Compliance Monitor Endpoint for IBM i (Technical),CS-PCM-NRPS-PCMP-TECH
01tWC00000FBg3oYAD,Powertech Compliance Monitor Endpoint for IBM i (Technical)-RenewalMaintenance,CS-PCM-RRM-POCO-TECH
01tWC00000FBg3pYAD,Powertech Compliance Monitor Endpoint for IBM i (Technical),CS-PCM-RSS-POIS-TECH
01tWC00000FBg3qYAD,Powertech Compliance Monitor for IBM i (Technical)-NewMaintenance,CS-PCM-RNM-PCMIIN-TECH
01tWC00000FBg3rYAD,Powertech Compliance Monitor for IBM i (Technical),CS-PCM-NRPS-PCMIIP-TECH
01tWC00000FBg3sYAD,Powertech Compliance Monitor for IBM i (Technical)-RenewalMaintenance,CS-PCM-RRM-PCMIIR-TECH
01tWC00000FBg3tYAD,Powertech Compliance Monitor for IBM i (Technical),CS-PCM-RSS-PCMIIS-TECH
01tWC00000FBg3uYAD,Powertech Compliance Suite (Technical)-NewMaintenance,CS-CLP-RNM-PCSNM-TECH
01tWC00000FBg3vYAD,Powertech Compliance Suite (Technical),CS-CLP-NRPS-PCSP-TECH
01tWC00000FBg3wYAD,Powertech Compliance Suite (Technical)-RenewalMaintenance,CS-CLP-RRM-PCSRM-TECH
01tWC00000FBg3xYAD,Powertech Compliance Suite (Technical),CS-CLP-RSS-PCSS-TECH
01tWC00000FBg3yYAD,Powertech Database Monitor for IBM i (Technical)-NewMaintenance,CS-PDM-RNM-PDMIIN-TECH
01tWC00000FBg3zYAD,Powertech Database Monitor for IBM i (Technical),CS-PDM-NRPS-PDMIIP-TECH
01tWC00000FBg40YAD,Powertech Database Monitor for IBM i - PMRT (Technical)-NewMaintenance,CS-PDM-RNM-PDMM-TECH
01tWC00000FBg41YAD,Powertech Database Monitor for IBM i - PMRT (Technical),CS-PDM-NRPS-PDMP-TECH
01tWC00000FBg42YAD,Powertech Database Monitor for IBM i - PMRT (Technical)-RenewalMaintenance,CS-PDM-RRM-PODA-TECH
01tWC00000FBg43YAD,Powertech Database Monitor for IBM i - PMRT (Technical),CS-PDM-RSS-PDMS-TECH
01tWC00000FBg44YAD,Powertech Database Monitor for IBM i - Rapid Validation (Technical),CS-PDM-NRPS-POVP-TECH
01tWC00000FBg45YAD,Powertech Database Monitor for IBM i - Rapid Validation (Technical),CS-PDM-RSS-POVS-TECH
01tWC00000FBg46YAD,Powertech Database Monitor for IBM i (Technical)-RenewalMaintenance,CS-PDM-RRM-POWEDA-TECH
01tWC00000FBg47YAD,Powertech Database Monitor for IBM i (Technical),CS-PDM-RSS-PDMIIS-TECH
01tWC00000FBgUjYAL,Powertech Encryption for IBM i (Technical)-NewMaintenance,CS-PEI-RNM-PEIINM-TECH
01tWC00000FBgUkYAL,Powertech Encryption for IBM i (Technical),CS-PEI-NRPS-PEIIP-TECH
01tWC00000FBgUlYAL,Powertech Encryption for IBM i (Technical)-RenewalMaintenance,CS-PEI-RRM-PEIIRM-TECH
01tWC00000FBgUmYAL,Powertech Encryption for IBM i (Technical),CS-PEI-RSS-PEIIS-TECH
01tWC00000FBgUnYAL,Powertech Encryption for IBM i (Auto IFS Encryption Module) (Technical)-NewMaintenance,CS-PEI-RNM-PEIIAI-TECH
01tWC00000FBgUoYAL,Powertech Encryption for IBM i (Auto IFS Encryption Module) (Technical),CS-PEI-NRPS-PEIP-TECH
01tWC00000FBgUpYAL,Powertech Encryption for IBM i (Auto IFS Encryption Module) (Technical)-RenewalMaintenance,CS-PEI-RRM-PEIM-TECH
01tWC00000FBgUqYAL,Powertech Encryption for IBM i (Auto IFS Encryption Module) (Technical),CS-PEI-RSS-PEIS-TECH
01tWC00000FBgUrYAL,Powertech Encryption for IBM i (Backup Encryption Module) (Technical)-NewMaintenance,CS-PEI-RNM-PEIIBE-TECH
01tWC00000FBgUsYAL,Powertech Encryption for IBM i (Backup Encryption Module) (Technical),CS-PEI-NRPS-POEN-TECH
01tWC00000FBgUtYAL,Powertech Encryption for IBM i (Backup Encryption Module) (Technical)-RenewalMaintenance,CS-PEI-RRM-POWERE-TECH
01tWC00000FBgUuYAL,Powertech Encryption for IBM i (Backup Encryption Module) (Technical),CS-PEI-RSS-POMS-TECH
01tWC00000FBgUvYAL,Powertech Encryption for IBM i (Field Encryption Module) (Technical)-NewMaintenance,CS-PEI-RNM-PEIIFE-TECH
01tWC00000FBgUwYAL,Powertech Encryption for IBM i (Field Encryption Module) (Technical),CS-PEI-NRPS-POMP-TECH
01tWC00000FBgUxYAL,Powertech Encryption for IBM i (Field Encryption Module) (Technical)-RenewalMaintenance,CS-PEI-RRM-POWEEN-TECH
01tWC00000FBgUyYAL,Powertech Encryption for IBM i (Field Encryption Module) (Technical),CS-PEI-RSS-POWENC-TECH
01tWC00000FBgUzYAL,Powertech Event Manager (Technical)-NewMaintenance,CS-PEM-RNM-PEMNM-TECH
01tWC00000FBgV0YAL,Powertech Event Manager (Technical),CS-PEM-NRPS-PEMP-TECH
01tWC00000FBgV1YAL,Powertech Event Manager (Technical)-RenewalMaintenance,CS-PEM-RRM-PEMRM-TECH
01tWC00000FBgV2YAL,Powertech Event Manager (Technical),CS-PEM-RSS-PEMS-TECH
01tWC00000FBgV3YAL,Powertech Exit Point Manager for IBM i (Technical)-NewMaintenance,CS-PEP-RNM-PEPMII-TECH
01tWC00000FBgV4YAL,Powertech Exit Point Manager for IBM i (Technical),CS-PEP-NRPS-PEPP-TECH
01tWC00000FBgV5YAL,Powertech Exit Point Manager for IBM i (Technical)-RenewalMaintenance,CS-PEP-RRM-PEPM-TECH
01tWC00000FBgV6YAL,Powertech Exit Point Manager for IBM i (Technical),CS-PEP-RSS-PEPS-TECH
01tWC00000FBgV7YAL,Powertech Identity Manager for IBM i (Technical)-NewMaintenance,CS-PIM-RNM-PIMIIN-TECH
01tWC00000FBgV8YAL,Powertech Identity Manager for IBM i (Technical),CS-PIM-NRPS-PIMIIP-TECH
01tWC00000FBgV9YAL,Powertech Identity Manager for IBM i (Technical)-RenewalMaintenance,CS-PIM-RRM-PIMIIR-TECH
01tWC00000FBgVAYA1,Powertech Identity Manager for IBM i (Technical),CS-PIM-RSS-PIMIIS-TECH
01tWC00000FBgVBYA1,Powertech Multi-Factor Authentication for IBM i (Technical)-NewMaintenance,CS-PMF-RNM-PMFAII-TECH
01tWC00000FBgVCYA1,Powertech Multi-Factor Authentication for IBM i (Technical),CS-PMF-NRPS-PMFP-TECH
01tWC00000FBgVDYA1,Powertech Multi-Factor Authentication for IBM i (Technical)-RenewalMaintenance,CS-PMF-RRM-PMFM-TECH
01tWC00000FBgVEYA1,Powertech Multi-Factor Authentication for IBM i (Technical),CS-PMF-RSS-PMFS-TECH
01tWC00000FBgVFYA1,Powertech Password Self Help for IBM i (Technical)-NewMaintenance,CS-PPS-RNM-PPSHII-TECH
01tWC00000FBgVGYA1,Powertech Password Self Help for IBM i (Technical),CS-PPS-NRPS-PPSP-TECH
01tWC00000FBgVHYA1,Powertech Password Self Help for IBM i (Technical)-RenewalMaintenance,CS-PPS-RRM-PPSM-TECH
01tWC00000FBgVIYA1,Powertech Password Self Help for IBM i (Technical),CS-PPS-RSS-PPSS-TECH
01tWC00000FBgVJYA1,Powertech Policy Minder for IBM i (Technical)-NewMaintenance,CS-PPM-RNM-PPMIIN-TECH
01tWC00000FBgVKYA1,Powertech Policy Minder for IBM i (Technical),CS-PPM-NRPS-PPMIIP-TECH
01tWC00000FBgVLYA1,Powertech Policy Minder for IBM i (Technical)-RenewalMaintenance,CS-PPM-RRM-PPMIIR-TECH
01tWC00000FBgVMYA1,Powertech Policy Minder for IBM i (Technical),CS-PPM-RSS-PPMIIS-TECH
01tWC00000FBgVNYA1,Powertech Risk Assessor for IBM i (Technical)-NewMaintenance,CS-PRA-RNM-PRAIIN-TECH
01tWC00000FBgVOYA1,Powertech Risk Assessor for IBM i (Technical),CS-PRA-NRPS-PRAIIP-TECH
01tWC00000FBgVPYA1,Powertech Risk Assessor for IBM i (Technical)-RenewalMaintenance,CS-PRA-RRM-PRAIIR-TECH
01tWC00000FBgVQYA1,Powertech Risk Assessor for IBM i (Technical),CS-PRA-RSS-PRAIIS-TECH
01tWC00000FBgVRYA1,Powertech RSA SecurID Agent for IBM i (Technical)-NewMaintenance,CS-RSA-RNM-PRSIAI-TECH
01tWC00000FBgVSYA1,Powertech RSA SecurID Agent for IBM i (Technical),CS-RSA-NRPS-PRSP-TECH
01tWC00000FBgVTYA1,Powertech RSA SecurID Agent for IBM i (Technical)-RenewalMaintenance,CS-RSA-RRM-PRSM-TECH
01tWC00000FBgVUYA1,Powertech RSA SecurID Agent for IBM i (Technical),CS-RSA-RSS-PRSS-TECH
01tWC00000FBgVVYA1,Powertech Security Auditor (Technical)-RenewalMaintenance,CS-PSA-RRM-PSARM-TECH
01tWC00000FBgVWYA1,Powertech Recurring Services (Technical),CS-CLP-RSP-PTRS-TECH
01tWC00000FBhH7YAL,5250 Integrator (Technical)-NewMaintenance,DM-WCU-RNM-5250NE-TECH
01tWC00000FBhH8YAL,5250 Integrator (Technical),DM-WCU-NRPS-5250PE-TECH
01tWC00000FBhH9YAL,5250 Integrator (Technical)-RenewalMaintenance,DM-WCU-RRM-5250RE-TECH
01tWC00000FBhHAYA1,5250 Integrator (Technical),DM-WCU-RSS-5250SU-TECH
01tWC00000FBhHBYA1,AFP Converter (Technical)-NewMaintenance,DM-IRC-RNM-AFPCNE-TECH
01tWC00000FBhHCYA1,AFP Converter (Technical),DM-IRC-NRPS-AFPCPE-TECH
01tWC00000FBhHDYA1,AFP Converter (Technical)-RenewalMaintenance,DM-IRC-RRM-AFPCRE-TECH
01tWC00000FBhHEYA1,AFP Converter (Technical),DM-IRC-RSS-AFPCSU-TECH
01tWC00000FBhHFYA1,Batch Import Utility (Technical)-NewMaintenance,DM-WCU-RNM-BIUNM-TECH
01tWC00000FBhHGYA1,Batch Import Utility (Technical),DM-WCU-NRPS-BIUP-TECH
01tWC00000FBhHHYA1,Batch Import Utility (Technical)-RenewalMaintenance,DM-WCU-RRM-BIURM-TECH
01tWC00000FBhHIYA1,Batch Import Utility (Technical),DM-WCU-RSS-BIUS-TECH
01tWC00000FBhHJYA1,Batch Report Server (Technical)-NewMaintenance,DM-IRM-RNM-BRSNM-TECH
01tWC00000FBhHKYA1,Batch Report Server (Technical),DM-IRM-NRPS-BRSP-TECH
01tWC00000FBhHLYA1,Batch Report Server (Technical)-RenewalMaintenance,DM-IRM-RRM-BRSRM-TECH
01tWC00000FBhHMYA1,Batch Report Server (Technical),DM-IRM-RSS-BRSS-TECH
01tWC00000FBhHNYA1,Comprehensive Bundle (Technical)-NewMaintenance,DM-DML-RNM-CBNM-TECH
01tWC00000FBhHOYA1,Comprehensive Bundle (Technical),DM-DML-NRPS-COMPRE-TECH
01tWC00000FBhHPYA1,Comprehensive Bundle (Technical)-RenewalMaintenance,DM-DML-RRM-CBRM-TECH
01tWC00000FBhHQYA1,Comprehensive i Bundle (Technical)-NewMaintenance,DM-DML-RNM-CIBNM-TECH
01tWC00000FBhHRYA1,Comprehensive i Bundle (Technical),DM-DML-NRPS-CIBP-TECH
01tWC00000FBhHSYA1,Comprehensive i Bundle (Technical)-RenewalMaintenance,DM-DML-RRM-CIBRM-TECH
01tWC00000FBhHTYA1,Comprehensive i Bundle (Technical),DM-DML-RSS-CIBS-TECH
01tWC00000FBhHUYA1,CSV Converter (Technical)-NewMaintenance,DM-IRC-RNM-CSVCNE-TECH
01tWC00000FBhHVYA1,CSV Converter (Technical),DM-IRC-NRPS-CSVCPE-TECH
01tWC00000FBhHWYA1,CSV Converter (Technical)-RenewalMaintenance,DM-IRC-RRM-CSVCRE-TECH
01tWC00000FBhHXYA1,CSV Converter (Technical),DM-IRC-RSS-CSVCSU-TECH
01tWC00000FBhHYYA1,Custom Bundle (Technical)-NewMaintenance,DM-DML-RNM-CUSTNE-TECH
01tWC00000FBhHZYA1,Custom Bundle (Technical),DM-DML-NRPS-CUSTPE-TECH
01tWC00000FBhHaYAL,Custom Bundle (Technical)-RenewalMaintenance,DM-DML-RRM-CUSTRE-TECH
01tWC00000FBhHbYAL,Custom Bundle (Technical),DM-DML-RSS-CUSTSU-TECH
01tWC00000FBhHcYAL,Data Export/400 - Legacy (Technical)-NewMaintenance,DM-EU-RNM-DE4LNM-TECH
01tWC00000FBhHdYAL,Data Export/400 - Legacy (Technical),DM-EU-NRPS-DE4LP-TECH
01tWC00000FBhHeYAL,Data Export/400 - Legacy (Technical)-RenewalMaintenance,DM-EU-RRM-DE4LRM-TECH
01tWC00000FBhHfYAL,Data Transfer/400 - Legacy (Technical)-NewMaintenance,DM-DML-RNM-DT4LNM-TECH
01tWC00000FBhHgYAL,Data Transfer/400 - Legacy (Technical),DM-DML-NRPS-DT4LP-TECH
01tWC00000FBhHhYAL,Data Transfer/400 - Legacy (Technical)-RenewalMaintenance,DM-DML-RRM-DT4LRM-TECH
01tWC00000FBhHiYAL,DataImport (Technical)-NewMaintenance,DM-IBM-RNM-DATANE-TECH
01tWC00000FBhHjYAL,DataImport (Technical),DM-IBM-NRPS-DATAPE-TECH
01tWC00000FBhHkYAL,DataImport (Technical)-RenewalMaintenance,DM-IBM-RRM-DATARM-TECH
01tWC00000FBhHlYAL,DataImport (Technical),DM-IBM-RSS-DATASU-TECH
01tWC00000FBhHmYAL,DealerTrack Bundle - Legacy (Technical)-NewMaintenance,DM-DML-RNM-DTBLNM-TECH
01tWC00000FBhHnYAL,DealerTrack Bundle - Legacy (Technical),DM-DML-NRPS-DTBLEG-TECH
01tWC00000FBhHoYAL,DealerTrack Bundle - Legacy (Technical)-RenewalMaintenance,DM-DML-RRM-DTBLRM-TECH
01tWC00000FBhHpYAL,DealerTrack Bundle (Technical)-NewMaintenance,DM-DOE-RNM-DTBNEW-TECH
01tWC00000FBhHqYAL,DealerTrack Bundle (Technical),DM-DOE-NRPS-DTBPER-TECH
01tWC00000FBhHrYAL,DealerTrack Bundle (Technical)-RenewalMaintenance,DM-DOE-RRM-DTBREN-TECH
01tWC00000FBhHsYAL,DeliverNow (Technical)-NewMaintenance,DM-DLN-RNM-DELINE-TECH
01tWC00000FBhHtYAL,DeliverNow (Technical),DM-DLN-NRPS-DELIPE-TECH
01tWC00000FBhHuYAL,DeliverNow (Technical)-RenewalMaintenance,DM-DLN-RRM-DELIRE-TECH
01tWC00000FBhx3YAD,DeliverNow Base (Technical),DM-DLN-RSS-DELIBA-TECH
01tWC00000FBhx4YAD,DeliverNow iSeries Monitor (Technical),DM-DLN-RSS-DELIIS-TECH
01tWC00000FBhx5YAD,DeliverNow Sharepoint (Technical),DM-DLN-RSS-DELISH-TECH
01tWC00000FBhx6YAD,DeliverNow Windows Monitor (Technical),DM-DLN-RSS-DELIWM-TECH
01tWC00000FBhx7YAD,Doc Management (Technical)-NewMaintenance,DM-DML-RNM-DOC-TECH
01tWC00000FBhx8YAD,Doc Management (Technical)-RenewalMaintenance,DM-DML-RRM-DOMA-TECH
01tWC00000FBhx9YAD,Doc Management Bundle (Technical)-NewMaintenance,DM-DML-RNM-DMBNM-TECH
01tWC00000FBhxAYAT,Doc Management Bundle (Technical),DM-DML-NRPS-DMBP-TECH
01tWC00000FBhxBYAT,Doc Management Bundle (Technical)-RenewalMaintenance,DM-DML-RRM-DMBRM-TECH
01tWC00000FBhxCYAT,Doc Management Legacy Product (Technical)-NewMaintenance,DM-DML-RNM-DMLPNM-TECH
01tWC00000FBhxDYAT,Doc Management Legacy Product (Technical),DM-DML-NRPS-DMLPP-TECH
01tWC00000FBhxEYAT,Doc Management Legacy Product (Technical)-RenewalMaintenance,DM-DML-RRM-DMLPRM-TECH
01tWC00000FBhxFYAT,Doc Management Legacy Product (Technical),DM-DML-RSS-DMLPS-TECH
01tWC00000FBhxGYAT,Doc Management Service Pack (Technical),DM-DML-NRSU-DMSP-TECH
01tWC00000FBhxHYAT,Doc Management Services (Technical),DM-DML-NRST-DOMS-TECH
01tWC00000FBhxIYAT,Doc Management Training (Technical),DM-DML-NRST-DMT-TECH
01tWC00000FBhxJYAT,Doc Management Travel Expense (Technical),DM-DML-NRSE-DMTE-TECH
01tWC00000FBhxKYAT,Doc Management Upgrade (Technical),DM-WEB-NRST-DMU-TECH
01tWC00000FBhxLYAT,DocAlpha (Artsyl) (Technical),DM-DA-RSS-DAAS-TECH
01tWC00000FBhxMYAT,DocAlpha Advanced Capture - Header Footer (Technical)-NewMaintenance,DM-WCU-RNM-DAACHF-TECH
01tWC00000FBhxNYAT,DocAlpha Advanced Capture - Header Footer (Technical),DM-WCU-NRPS-DAAP-TECH
01tWC00000FBhxOYAT,DocAlpha Advanced Capture - Header Footer (Technical)-RenewalMaintenance,DM-WCU-RRM-DAAM-TECH
01tWC00000FBhxPYAT,DocAlpha Advanced Capture - Line Item (Technical)-NewMaintenance,DM-WCU-RNM-DAACLI-TECH
01tWC00000FBhxQYAT,DocAlpha Advanced Capture - Line Item (Technical),DM-WCU-NRPS-DOAL-TECH
01tWC00000FBhxRYAT,DocAlpha Advanced Capture - Line Item (Technical)-RenewalMaintenance,DM-WCU-RRM-DORM-TECH
01tWC00000FBhxSYAT,DocAlpha Concurrent Seat License (Technical)-NewMaintenance,DM-WCU-RNM-DACSLN-TECH
01tWC00000FBhxTYAT,DocAlpha Concurrent Seat License (Technical),DM-WCU-NRPS-DACSLP-TECH
01tWC00000FBhxUYAT,DocAlpha Concurrent Seat License (Technical)-RenewalMaintenance,DM-WCU-RRM-DACSLR-TECH
01tWC00000FBhxVYAT,DocAlpha Invoice Capture Header/Footer (Technical)-NewMaintenance,DM-WCU-RNM-DAICHF-TECH
01tWC00000FBhxWYAT,DocAlpha Invoice Capture Header/Footer (Technical),DM-WCU-NRPS-DOFP-TECH
01tWC00000FBhxXYAT,DocAlpha Invoice Capture Header/Footer (Technical)-RenewalMaintenance,DM-WCU-RRM-DAIM-TECH
01tWC00000FBhxYYAT,DocAlpha Invoice Capture Line Item (Technical)-NewMaintenance,DM-WCU-RNM-DAICLI-TECH
01tWC00000FBhxZYAT,DocAlpha Invoice Capture Line Item (Technical),DM-WCU-NRPS-DOIP-TECH
01tWC00000FBhxaYAD,DocAlpha Invoice Capture Line Item (Technical)-RenewalMaintenance,DM-WCU-RRM-DOCA-TECH
01tWC00000FBhxbYAD,DocAlpha Output Connector (Technical)-NewMaintenance,DM-WCU-RNM-DAOCNM-TECH
01tWC00000FBhxcYAD,DocAlpha Output Connector (Technical),DM-WCU-NRPS-DAOCP-TECH
01tWC00000FBhxdYAD,DocAlpha Output Connector (Technical)-RenewalMaintenance,DM-WCU-RRM-DAOCRM-TECH
01tWC00000FBhxeYAD,docAlpha(Artsyl) (Technical)-NewMaintenance,DM-WCU-RNM-DAANM-TECH
01tWC00000FBhxfYAD,docAlpha(Artsyl) (Technical),DM-WCU-NRPS-DOAP-TECH
01tWC00000FBhxgYAD,docAlpha(Artsyl) (Technical)-RenewalMaintenance,DM-WCU-RRM-DAARM-TECH
01tWC00000FBhxhYAD,Document Management (Technical),DM-DML-RSS-DOCUME-TECH
01tWC00000FBhxiYAD,Document Management Administration License Fee (Technical),DM-DML-NROR-DMALF-TECH
01tWC00000FBhxjYAD,Domino Report Server (Technical)-NewMaintenance,DM-IRM-RNM-DRSNEW-TECH
01tWC00000FBhxkYAD,Domino Report Server (Technical),DM-IRM-NRPS-DRSPER-TECH
01tWC00000FBhxlYAD,Domino Report Server (Technical)-RenewalMaintenance,DM-IRM-RRM-DRSREN-TECH
01tWC00000FBhxmYAD,Domino Report Server (Technical),DM-IRM-RSS-DRSSUB-TECH
01tWC00000FBhxnYAD,Download Conv Bund Basic (Technical)-NewMaintenance,DM-DML-RNM-DCBBNE-TECH
01tWC00000FBhxoYAD,Download Conv Bund Basic (Technical),DM-DML-NRPS-DCBBPE-TECH
01tWC00000FBhxpYAD,Download Conv Bund Basic (Technical)-RenewalMaintenance,DM-DML-RRM-DCBBRE-TECH
01tWC00000FBhxqYAD,Electronic Forms Designer (Technical)-RenewalMaintenance,DM-DML-RRM-ELECDR-TECH
01tWC00000FBiBZYA1,JDA Bundle (Technical)-NewMaintenance,DM-DOE-RNM-JDABNE-TECH
01tWC00000FBiBaYAL,JDA Bundle (Technical),DM-DOE-NRPS-JDABPE-TECH
01tWC00000FBiBbYAL,JDA Bundle (Technical)-RenewalMaintenance,DM-DOE-RRM-JDABRE-TECH
01tWC00000FBiBcYAL,Report Archive Bundle iSeries - Legacy (Technical)-NewMaintenance,DM-DOE-RNM-REPOAB-TECH
01tWC00000FBiBdYAL,Report Archive Bundle iSeries - Legacy (Technical),DM-DOE-NRPS-REPOAR-TECH
01tWC00000FBiBeYAL,Report Archive Bundle iSeries - Legacy (Technical)-RenewalMaintenance,DM-DOE-RRM-REPOFA-TECH
01tWC00000FCC84YAH,VMC - Windows Security Agent - 10 Units Package (Technical)-NewMaintenance,SM-VMC-RNM-VMCWIN-TECH
01tWC00000FCC85YAH,VMC - Windows Security Agent - 10 Units Package (Technical),SM-VMC-NRPS-VMPP-TECH
01tWC00000FCC86YAH,VMC - Windows Security Agent - 10 Units Package (Technical)-RenewalMaintenance,SM-VMC-RRM-VMWIND-TECH
01tWC00000FCC87YAH,VMC - Windows Security Agent - 10 Units Package (Technical),SM-VMC-RSS-VMPS-TECH
01tWC00000FCC88YAH,VMC - Windows Security Agent (Technical)-NewMaintenance,SM-VMC-RNM-VWINDO-TECH
01tWC00000FCC89YAH,VMC - Windows Security Agent (Technical),SM-VMC-NRPS-VMCWS-TECH
01tWC00000FCC8AYAX,VMC - Windows Security Agent (Technical)-RenewalMaintenance,SM-VMC-RRM-VMCWIS-TECH
01tWC00000FCC8BYAX,VMC - Windows Security Agent (Technical),SM-VMC-RSS-VMCWSE-TECH
01tWC00000FCC8CYAX,VMC iSeries Performance Agent (Technical)-NewMaintenance,SM-VMC-RNM-VISEP-TECH
01tWC00000FCC8DYAX,VMC iSeries Performance Agent (Technical),SM-VMC-NRPS-VISPE-TECH
01tWC00000FCC8EYAX,VMC iSeries Performance Agent (Technical)-RenewalMaintenance,SM-VMC-RRM-VMISPA-TECH
01tWC00000FCC8FYAX,VMC iSeries Performance Agent (Technical),SM-VMC-RSS-VISPA-TECH
01tWC00000FCC8GYAX,VMC Monitoring Engine (Technical)-NewMaintenance,SM-VMC-RNM-VMEM-TECH
01tWC00000FCC8HYAX,VMC Monitoring Engine (Technical),SM-VMC-NRPS-VMEP-TECH
01tWC00000FCC8IYAX,VMC Monitoring Engine (Technical)-RenewalMaintenance,SM-VMC-RRM-VMMO-TECH
01tWC00000FCC8JYAX,VMC Monitoring Engine - Security (Technical)-NewMaintenance,SM-VMC-RNM-VMCMO-TECH
01tWC00000FCC8KYAX,VMC Monitoring Engine - Security (Technical),SM-VMC-NRPS-VMSP-TECH
01tWC00000FCC8LYAX,VMC Monitoring Engine - Security (Technical)-RenewalMaintenance,SM-VMC-RRM-VMCMON-TECH
01tWC00000FCC8MYAX,VMC Monitoring Engine - Security (Technical),SM-VMC-RSS-VMES-TECH
01tWC00000FCC8NYAX,VMC Monitoring Engine (Technical),SM-VMC-RSS-VMMONI-TECH
01tWC00000FCD0sYAH,Linux on Power (Technical)-NewMaintenance,SM-NSS-RNM-LOPNEW-TECH
01tWC00000FCD0tYAH,Linux on Power (Technical),SM-NSS-NRPS-LOPPER-TECH
01tWC00000FCD0uYAH,Linux on Power (Technical)-RenewalMaintenance,SM-NSS-RRM-LOPREN-TECH
01tWC00000FCD0vYAH,Enterprise Console (Technical)-NewMaintenance,SM-EC-RNM-ECNM-TECH
01tWC00000FCD0wYAH,Enterprise Console (Technical)-RenewalMaintenance,SM-EC-RRM-ECRM-TECH
01tWC00000FCD0xYAH,Gannett Suite (Technical)-NewMaintenance,SM-HCS-RNM-GANNNE-TECH
01tWC00000FCD0yYAH,Gannett Suite (Technical),SM-HCS-NRPS-GANNPE-TECH
01tWC00000FCD0zYAH,Gannett Suite (Technical)-RenewalMaintenance,SM-HCS-RRM-GANNRE-TECH
01tWC00000FCD10YAH,GSM TC35 Terminal Ph (Technical)-NewMaintenance,SM-SYM-RNM-GSMTTP-TECH
01tWC00000FCD11YAH,GSM TC35 Terminal Ph (Technical),SM-SYM-NRPS-GSMTC3-TECH
01tWC00000FCD12YAH,GSM TC35 Terminal Ph (Technical)-RenewalMaintenance,SM-SYM-RRM-GSMTCT-TECH
01tWC00000FCD13YAH,GSM TC65 Terminal Ph (Technical)-NewMaintenance,SM-SYM-RNM-GSMTC6-TECH
01tWC00000FCD14YAH,GSM TC65 Terminal Ph (Technical),SM-SYM-NRPS-GSMTCP-TECH
01tWC00000FCD15YAH,GSM TC65 Terminal Ph (Technical)-RenewalMaintenance,SM-SYM-RRM-GSMTCR-TECH
01tWC00000FCD16YAH,HA-MX Monitor (Technical)-NewMaintenance,SM-HAM-RNM-HAMNEW-TECH
01tWC00000FCD17YAH,HA-MX Monitor (Technical),SM-HAM-NRPS-HAMPER-TECH
01tWC00000FCD18YAH,HA-MX Monitor (Technical)-RenewalMaintenance,SM-HAM-RRM-HAMREN-TECH
01tWC00000FCD19YAH,HA-MX Monitor (Technical),SM-HAM-RSS-HAMSUB-TECH
01tWC00000FCD1AYAX,Halcyon Exit Point Manager (Technical)-NewMaintenance,SM-HEP-RNM-HEPMNM-TECH
01tWC00000FCD1BYAX,Halcyon Exit Point Manager (Technical),SM-HEP-NRPS-HEPMP-TECH
01tWC00000FCD1CYAX,Halcyon Exit Point Manager (Technical)-RenewalMaintenance,SM-HEP-RRM-HEPMRM-TECH
01tWC00000FCD1DYAX,Halcyon Exit Point Manager (Technical),SM-HEP-RSS-HEPMS-TECH
01tWC00000FCD1EYAX,Halcyon Services (Technical),SM-HEP-NRST-HALCYO-TECH
01tWC00000FCD1FYAX,Halcyon Recuring Services (Technical),SM-HEP-RSP-HLRS-TECH
01tWC00000FCD1GYAX,Halcyon Travel Expense (Technical),SM-HEP-NRSE-HTE-TECH
01tWC00000FCD1HYAX,"HMM, HEP, HPM (Technical)-NewMaintenance",SM-SYM-RNM-HHHNEW-TECH
01tWC00000FCD1IYAX,"HMM, HEP, HPM (Technical)",SM-SYM-NRPS-HHHPER-TECH
01tWC00000FCD1JYAX,"HMM, HEP, HPM (Technical)-RenewalMaintenance",SM-SYM-RRM-HHHREN-TECH
01tWC00000FCD1KYAX,"HMM, HEP, HPM (Technical)",SM-SYM-RSS-HHHSUB-TECH
01tWC00000FCD1LYAX,IFDS Suite (Technical),SM-HCS-NRPS-IFDSPE-TECH
01tWC00000FCD1MYAX,IFDS Suite (Technical)-RenewalMaintenance,SM-HCS-RRM-IFDSRE-TECH
01tWC00000FCD1NYAX,Linux on Power (Technical),SM-NSS-RSS-LOPSUB-TECH
01tWC00000FCD1OYAX,LPAR (Technical)-NewMaintenance,SM-RLP-RNM-LPARNE-TECH
01tWC00000FCD1PYAX,LPAR (Technical),SM-RLP-NRPS-LPARPE-TECH
01tWC00000FCD1QYAX,LPAR (Technical)-RenewalMaintenance,SM-RLP-RRM-LPARRE-TECH
01tWC00000FCD1RYAX,LPAR (Technical),SM-RLP-RSS-LPARSU-TECH
01tWC00000FCD1SYAX,Lvl1: Message Management Suite (Technical)-NewMaintenance,SM-LMM-RNM-LMMSNE-TECH
01tWC00000FCD1TYAX,Lvl1: Message Management Suite (Technical),SM-LMM-NRPS-LMMSPE-TECH
01tWC00000FCD1UYAX,Lvl1: Message Management Suite (Technical)-RenewalMaintenance,SM-LMM-RRM-LMMSRE-TECH
01tWC00000FCD1VYAX,Lvl1: Message Management Suite (Technical),SM-LMM-RSS-LMMSSU-TECH
01tWC00000FCD1WYAX,Lvl2: Systems Operations Suite (Technical)-NewMaintenance,SM-LSO-RNM-LSOSNE-TECH
01tWC00000FCD1XYAX,Lvl2: Systems Operations Suite (Technical),SM-LSO-NRPS-LSOSPE-TECH
01tWC00000FCD1YYAX,Lvl2: Systems Operations Suite (Technical)-RenewalMaintenance,SM-LSO-RRM-LSOSRE-TECH
01tWC00000FCD1ZYAX,Lvl2: Systems Operations Suite (Technical),SM-LSO-RSS-LSOSSU-TECH
01tWC00000FCD1aYAH,Lvl3: Advanced Automation Suite (Technical)-NewMaintenance,SM-LAA-RNM-LAASNE-TECH
01tWC00000FCD1bYAH,Lvl3: Advanced Automation Suite (Technical),SM-LAA-NRPS-LAASPE-TECH
01tWC00000FCD1cYAH,Lvl3: Advanced Automation Suite (Technical)-RenewalMaintenance,SM-LAA-RRM-LAASRE-TECH
01tWC00000FCD1dYAH,Lvl3: Advanced Automation Suite (Technical),SM-LAA-RSS-LAASSU-TECH
01tWC00000FCD1eYAH,Lvl4: Operations Center Suite (Technical),SM-LOC-NRPS-LOCSPE-TECH
01tWC00000FCD1fYAH,Lvl4: Operations Center Suite (Technical),SM-LOC-RSS-LOCSSU-TECH
01tWC00000FCDleYAH,Alignia - Control Point (Technical)-NewMaintenance,SM-VIT-RNM-ACPM-TECH
01tWC00000FCDlfYAH,Alignia - Control Point (Technical),SM-VIT-NRPS-ALCO-TECH
01tWC00000FCDlgYAH,Alignia - Control Point (Technical)-RenewalMaintenance,SM-VIT-RRM-ALRM-TECH
01tWC00000FCDlhYAH,Alignia - Control Point (Technical),SM-VIT-RSS-ALIGNC-TECH
01tWC00000FCDliYAH,Alignia - Core (Technical)-NewMaintenance,SM-VIT-RNM-ACNM-TECH
01tWC00000FCDljYAH,Alignia - Core (Technical),SM-VIT-NRPS-ACP-TECH
01tWC00000FCDlkYAH,Alignia - Core (Technical)-RenewalMaintenance,SM-VIT-RRM-ACRM-TECH
01tWC00000FCDllYAH,Alignia - Core (Technical),SM-VIT-RSS-ACS-TECH
01tWC00000FCDlmYAH,Alignia - Engine - APM (Technical),SM-VIT-RSS-AEAS-TECH
01tWC00000FCDlnYAH,Alignia - Engine (Technical)-NewMaintenance,SM-VIT-RNM-AENM-TECH
01tWC00000FCDloYAH,Alignia - Engine (Technical),SM-VIT-NRPS-AEP-TECH
01tWC00000FCDlpYAH,Alignia - Engine (Technical)-RenewalMaintenance,SM-VIT-RRM-AERM-TECH
01tWC00000FCDlqYAH,Alignia - Engine (Technical),SM-VIT-RSS-AES-TECH
01tWC00000FCDlrYAH,Alignia - External Service (Technical)-NewMaintenance,SM-VIT-RNM-AESNM-TECH
01tWC00000FCDlsYAH,Alignia - External Service (Technical),SM-VIT-NRPS-AESP-TECH
01tWC00000FCDltYAH,Alignia - External Service (Technical)-RenewalMaintenance,SM-VIT-RRM-AESRM-TECH
01tWC00000FCDluYAH,Alignia - External Service (Technical),SM-VIT-RSS-AESS-TECH
01tWC00000FCDlvYAH,Alignia - Internal Service (Technical)-NewMaintenance,SM-VIT-RNM-AISNM-TECH
01tWC00000FCDlwYAH,Alignia - Internal Service (Technical),SM-VIT-NRPS-AISP-TECH
01tWC00000FCDlxYAH,Alignia - Internal Service (Technical)-RenewalMaintenance,SM-VIT-RRM-AISRM-TECH
01tWC00000FCDlyYAH,Alignia - Internal Service (Technical),SM-VIT-RSS-AISS-TECH
01tWC00000FCDlzYAH,Alignia - Online Business Service (Technical)-NewMaintenance,SM-VIT-RNM-AOBSNM-TECH
01tWC00000FCDm0YAH,Alignia - Online Business Service (Technical),SM-VIT-NRPS-AOBSP-TECH
01tWC00000FCDm1YAH,Alignia - Online Business Service (Technical)-RenewalMaintenance,SM-VIT-RRM-AOBSRM-TECH
01tWC00000FCDm2YAH,Alignia - Online Business Service (Technical),SM-VIT-RSS-AOBSS-TECH
01tWC00000FCDm3YAH,Alignia - Task (Technical)-NewMaintenance,SM-VIT-RNM-ATNM-TECH
01tWC00000FCDm4YAH,Alignia - Task (Technical),SM-VIT-NRPS-ATP-TECH
01tWC00000FCDm5YAH,Alignia - Task (Technical)-RenewalMaintenance,SM-VIT-RRM-ATRM-TECH
01tWC00000FCDm6YAH,Alignia - Task (Technical),SM-VIT-RSS-ATS-TECH
01tWC00000FCDm7YAH,Alignia - Task Instance (Technical)-NewMaintenance,SM-VIT-RNM-ATINM-TECH
01tWC00000FCDm8YAH,Alignia - Task Instance (Technical),SM-VIT-NRPS-ATIP-TECH
01tWC00000FCDm9YAH,Alignia - Task Instance (Technical)-RenewalMaintenance,SM-VIT-RRM-ATIRM-TECH
01tWC00000FCDmAYAX,Alignia - Task Instance (Technical),SM-VIT-RSS-ATIS-TECH
01tWC00000FCDmBYAX,Alignia Core (Technical)-NewMaintenance,SM-VIT-RNM-ALNM-TECH
01tWC00000FCDmCYAX,Alignia Core (Technical),SM-VIT-NRPS-ALCP-TECH
01tWC00000FCDmDYAX,Alignia Core (Technical)-RenewalMaintenance,SM-VIT-RRM-ALIGCO-TECH
01tWC00000FCDmEYAX,Alignia Core (Technical),SM-VIT-RSS-ALCS-TECH
01tWC00000FCDmFYAX,Audit Journal Manager (Technical)-NewMaintenance,SM-AJM-RNM-AJMNM-TECH
01tWC00000FCDmGYAX,Audit Journal Manager (Technical),SM-AJM-NRPS-AJMP-TECH
01tWC00000FCDmHYAX,Audit Journal Manager (Technical)-RenewalMaintenance,SM-AJM-RRM-AJMRM-TECH
01tWC00000FCDmIYAX,Audit Journal Manager (Technical),SM-AJM-RSS-AJMS-TECH
01tWC00000FCDmJYAX,Authority Swapper (Technical)-NewMaintenance,SM-AUS-RNM-AUTHNE-TECH
01tWC00000FCDmKYAX,Authority Swapper (Technical),SM-AUS-NRPS-AUTHPE-TECH
01tWC00000FCDmLYAX,Authority Swapper (Technical)-RenewalMaintenance,SM-AUS-RRM-AUTHRE-TECH
01tWC00000FCDmMYAX,Authority Swapper (Technical),SM-AUS-RSS-AUTHSU-TECH
01tWC00000FCDmNYAX,"BUNDLE - Message, Monitor, Remote Control (Technical)-NewMaintenance",SM-SMB-RNM-BUNDLE-TECH
01tWC00000FCDmOYAX,"BUNDLE - Message, Monitor, Remote Control (Technical)",SM-SMB-NRPS-BMMP-TECH
01tWC00000FCDmPYAX,"BUNDLE - Message, Monitor, Remote Control (Technical)-RenewalMaintenance",SM-SMB-RRM-BMMM-TECH
01tWC00000FCDmQYAX,"BUNDLE - Message, Monitor, Remote Control (Technical)",SM-SMB-RSS-BMMS-TECH
01tWC00000FCDmRYAX,Business Continuity Architecture Consulting (Technical),SM-SYM-NRST-BUSICA-TECH
01tWC00000FCEGJYA5,VISUAL Message Center - Full Pack (Technical),SM-VMC-RSS-VMCS-TECH
01tWC00000FCEGKYA5,VISUAL Message Center iSeries Base (Technical)-NewMaintenance,SM-VMC-RNM-VISMES-TECH
01tWC00000FCEGLYA5,VISUAL Message Center iSeries Base (Technical),SM-VMC-NRPS-VIBP-TECH
01tWC00000FCEGMYA5,VISUAL Message Center iSeries Base (Technical)-RenewalMaintenance,SM-VMC-RRM-VIMESS-TECH
01tWC00000FCEGNYA5,VISUAL Message Center iSeries Base (Technical),SM-VMC-RSS-VIBS-TECH
01tWC00000FCEGOYA5,VISUAL Message Center Suite for Operations (Technical)-NewMaintenance,SM-VMC-RNM-VMESSA-TECH
01tWC00000FCEGPYA5,VISUAL Message Center Suite for Operations (Technical),SM-VMC-NRPS-VIOP-TECH
01tWC00000FCEGQYA5,VISUAL Message Center Suite for Operations (Technical)-RenewalMaintenance,SM-VMC-RRM-VISUMC-TECH
01tWC00000FCEGRYA5,VISUAL Message Center Suite for Operations (Technical),SM-VMC-RSS-VIOS-TECH
01tWC00000FCEGSYA5,VISUAL Remote Control (Technical)-NewMaintenance,SM-VMC-RNM-VRCM-TECH
01tWC00000FCEGTYA5,VISUAL Remote Control (Technical),SM-VMC-NRPS-VRCP-TECH
01tWC00000FCEGUYA5,VISUAL Remote Control (Technical)-RenewalMaintenance,SM-VMC-RRM-VIRE-TECH
01tWC00000FCEGVYA5,VISUAL Remote Control (Technical),SM-VMC-RSS-VRCS-TECH
01tWC00000FCEGWYA5,VISUAL Remote Control (add-on to VSP) (Technical)-NewMaintenance,SM-VMC-RNM-VISUAR-TECH
01tWC00000FCEGXYA5,VISUAL Remote Control (add-on to VSP) (Technical),SM-VMC-NRPS-VIVP-TECH
01tWC00000FCEGYYA5,VISUAL Remote Control (add-on to VSP) (Technical)-RenewalMaintenance,SM-VMC-RRM-VISURE-TECH
01tWC00000FCEGZYA5,VISUAL Remote Control (add-on to VSP) (Technical),SM-VMC-RSS-VIVS-TECH
01tWC00000FCEGaYAP,VISUAL Security Suite - Security Package (Technical)-NewMaintenance,SM-VMC-RNM-VSSM-TECH
01tWC00000FCEGbYAP,VISUAL Security Suite - Security Package (Technical),SM-VMC-NRPS-VSSP-TECH
01tWC00000FCEGcYAP,VISUAL Security Suite - Security Package (Technical)-RenewalMaintenance,SM-VMC-RRM-VISE-TECH
01tWC00000FCEGdYAP,VISUAL Security Suite - Security Package (Technical),SM-VMC-RSS-VSSS-TECH
01tWC00000FCEGeYAP,VMC - Additional ThinkServer (Technical)-NewMaintenance,SM-VMC-RNM-VMCA-TECH
01tWC00000FCEGfYAP,VMC - Additional ThinkServer (Technical),SM-VMC-NRPS-VATP-TECH
01tWC00000FCEGgYAP,VMC - Additional ThinkServer (Technical)-RenewalMaintenance,SM-VMC-RRM-VATM-TECH
01tWC00000FCEGhYAP,VMC - Additional ThinkServer (Technical),SM-VMC-RSS-VATS-TECH
01tWC00000FCEGiYAP,VMC - Cisco PIX/ASA Security Agent (Technical)-NewMaintenance,SM-VMC-RNM-VMCC-TECH
01tWC00000FCEGjYAP,VMC - Cisco PIX/ASA Security Agent (Technical),SM-VMC-NRPS-VMCI-TECH
01tWC00000FCEGkYAP,VMC - Cisco PIX/ASA Security Agent (Technical)-RenewalMaintenance,SM-VMC-RRM-VMCCI-TECH
01tWC00000FCEGlYAP,VMC - Cisco PIX/ASA Security Agent (Technical),SM-VMC-RSS-VMAS-TECH
01tWC00000FCEGmYAP,VISUAL Control Center (Technical)-NewMaintenance,SM-VMC-RNM-VISUAL-TECH
01tWC00000FCEGnYAP,VISUAL Control Center (Technical)-RenewalMaintenance,SM-VMC-RRM-VCCM-TECH
01tWC00000FCEGoYAP,VISUAL Control for Jobs (Technical)-NewMaintenance,SM-VMC-RNM-VCJM-TECH
01tWC00000FCEGpYAP,VISUAL Control for Jobs (Technical),SM-VMC-NRPS-VCJP-TECH
01tWC00000FCEGqYAP,VISUAL Control for Jobs (Technical)-RenewalMaintenance,SM-VMC-RRM-VICO-TECH
01tWC00000FCEGrYAP,VISUAL Control for Jobs (Technical),SM-VMC-RSS-VCJS-TECH
01tWC00000FCEGsYAP,VISUAL Control for Pools (Technical)-NewMaintenance,SM-VMC-RNM-VCPM-TECH
01tWC00000FCEGtYAP,VISUAL Control for Pools (Technical),SM-VMC-NRPS-VCPP-TECH
01tWC00000FCEGuYAP,VISUAL Control for Pools (Technical)-RenewalMaintenance,SM-VMC-RRM-VIRM-TECH
01tWC00000FCEGvYAP,VISUAL Control for Pools (Technical),SM-VMC-RSS-VCPS-TECH
01tWC00000FCEGwYAP,VISUAL Control/LPAR Tuner (Technical)-NewMaintenance,SM-VMC-RNM-VCLM-TECH
01tWC00000FCEGxYAP,VISUAL Control/LPAR Tuner (Technical),SM-VMC-NRPS-VCLP-TECH
01tWC00000FCEGyYAP,VISUAL Control/LPAR Tuner (Technical)-RenewalMaintenance,SM-VMC-RRM-VICONT-TECH
01tWC00000FCEGzYAP,VISUAL Control/LPAR Tuner (Technical),SM-VMC-RSS-VCLS-TECH
01tWC00000FCEH0YAP,VISUAL Debugger 5250 (Technical)-NewMaintenance,SM-VMC-RNM-VD5M-TECH
01tWC00000FCEH1YAP,VISUAL Debugger 5250 (Technical),SM-VMC-NRPS-VD5P-TECH
01tWC00000FCEH2YAP,VISUAL Debugger 5250 (Technical)-RenewalMaintenance,SM-VMC-RRM-VIDE-TECH
01tWC00000FCEH3YAP,VISUAL Debugger 5250 (Technical),SM-VMC-RSS-VD5S-TECH
01tWC00000FCEH4YAP,VISUAL Message Center - Full Pack (Technical)-NewMaintenance,SM-VMC-RNM-VMCM-TECH
01tWC00000FCEH5YAP,VISUAL Message Center - Full Pack (Technical),SM-VMC-NRPS-VMCP-TECH
01tWC00000FCEH6YAP,VISUAL Message Center - Full Pack (Technical)-RenewalMaintenance,SM-VMC-RRM-VIME-TECH
01tWC00000FCEzSYAX,Native AFP to PDF Report (Technical)-RenewalMaintenance,DM-DML-RRM-NATPRR-TECH
01tWC00000FCEzTYAX,Native AFP to TIFF Report (Technical)-NewMaintenance,DM-DML-RNM-NATTRN-TECH
01tWC00000FCEzUYAX,Native AFP to TIFF Report (Technical),DM-DML-NRPS-NATTRP-TECH
01tWC00000FCEzVYAX,Native AFP to TIFF Report (Technical)-RenewalMaintenance,DM-DML-RRM-NATTRR-TECH
01tWC00000FCEzWYAX,Native Converters (Technical)-NewMaintenance,DM-DML-RNM-NCNM-TECH
01tWC00000FCEzXYAX,Native Converters (Technical),DM-DML-NRPS-NCP-TECH
01tWC00000FCEzYYAX,Native Converters (Technical)-RenewalMaintenance,DM-DML-RRM-NCRM-TECH
01tWC00000FCEzZYAX,Native DataImport Report Converter (Technical)-NewMaintenance,DM-DML-RNM-NDIRCN-TECH
01tWC00000FCEzaYAH,Native DataImport Report Converter (Technical),DM-DML-NRPS-NDIRCP-TECH
01tWC00000FCEzbYAH,Native DataImport Report Converter (Technical)-RenewalMaintenance,DM-DML-RRM-NDIRCR-TECH
01tWC00000FCEzcYAH,Native Host Print Transform Converter (Technical)-NewMaintenance,DM-DML-RNM-NHPTCN-TECH
01tWC00000FCEzdYAH,Native Host Print Transform Converter (Technical),DM-DML-NRPS-NHPTCP-TECH
01tWC00000FCEzeYAH,Native Host Print Transform Converter (Technical)-RenewalMaintenance,DM-DML-RRM-NHPTCR-TECH
01tWC00000FCEzfYAH,Native PCL to PDF Converter - Legacy (Technical)-NewMaintenance,DM-IBM-RNM-NPTPCL-TECH
01tWC00000FCEzgYAH,Native PCL to PDF Converter - Legacy (Technical),DM-IBM-NRPS-NATIVE-TECH
01tWC00000FCEzhYAH,Native PCL to PDF Converter - Legacy (Technical)-RenewalMaintenance,DM-IBM-RRM-NPTM-TECH
01tWC00000FCEziYAH,Native Text to CSV Converter (Technical)-NewMaintenance,DM-DML-RNM-NTTCCN-TECH
01tWC00000FCEzjYAH,Native Text to CSV Converter (Technical),DM-DML-NRPS-NTTCCP-TECH
01tWC00000FCEzkYAH,Native Text to CSV Converter (Technical)-RenewalMaintenance,DM-DML-RRM-NTTCCR-TECH
01tWC00000FCEzlYAH,Native Text to PDF Converter (Technical)-NewMaintenance,DM-DML-RNM-NTTPCN-TECH
01tWC00000FCEzmYAH,Native Text to PDF Converter (Technical),DM-DML-NRPS-NTTPCP-TECH
01tWC00000FCEznYAH,Native Text to PDF Converter (Technical)-RenewalMaintenance,DM-DML-RRM-NTTPCR-TECH
01tWC00000FCEzoYAH,Mail Hosting (Technical),DM-WCU-RSS-MHS-TECH
01tWC00000FCEzpYAH,Microsoft Office Add-Ins (Technical)-NewMaintenance,DM-DML-RNM-MOAINE-TECH
01tWC00000FCEzqYAH,Microsoft Office Add-Ins (Technical),DM-DML-NRPS-MOAIPE-TECH
01tWC00000FCEzrYAH,Microsoft Office Add-Ins (Technical)-RenewalMaintenance,DM-DML-RRM-MOAIRE-TECH
01tWC00000FCEzsYAH,Native AFP to PDF Report (Technical)-NewMaintenance,DM-DML-RNM-NATPRN-TECH
01tWC00000FCEztYAH,Native AFP to PDF Report (Technical),DM-DML-NRPS-NATPRP-TECH
01tWC00000FCEzuYAH,PCL to PDF Converter (Technical)-NewMaintenance,DM-IBM-RNM-PCLTNE-TECH
01tWC00000FCEzvYAH,PCL to PDF Converter (Technical),DM-IBM-NRPS-PCLTPE-TECH
01tWC00000FCEzwYAH,PCL to PDF Converter (Technical)-RenewalMaintenance,DM-IBM-RRM-PCLTRE-TECH
01tWC00000FCEzxYAH,PCL to PDF Converter (Technical),DM-IBM-RSS-PCLTSU-TECH
01tWC00000FCEzyYAH,PDF Converter (Technical)-NewMaintenance,DM-IRC-RNM-PDFCNM-TECH
01tWC00000FCEzzYAH,PDF Converter (Technical),DM-IRC-NRPS-PDFCON-TECH
01tWC00000FCF00YAH,PDF Converter (Technical)-RenewalMaintenance,DM-IRC-RRM-PDFCRM-TECH
01tWC00000FCF01YAH,PDF Converter (Technical),DM-IRC-RSS-PDFCOS-TECH
01tWC00000FCF02YAH,PDF Splitter (Technical)-NewMaintenance,DM-PCR-RNM-PDFSNM-TECH
01tWC00000FCF03YAH,PDF Splitter (Technical),DM-PCR-NRPS-PDFSPL-TECH
01tWC00000FCF04YAH,PDF Splitter (Technical)-RenewalMaintenance,DM-PCR-RRM-PDFSRM-TECH
01tWC00000FCF05YAH,PDF Splitter (Technical),DM-PCR-RSS-PDFSPS-TECH
01tWC00000FCF06YAH,RAW Report Converter (Technical)-NewMaintenance,DM-IRC-RNM-RAWRNE-TECH
01tWC00000FCF07YAH,RAW Report Converter (Technical),DM-IRC-NRPS-RAWRPE-TECH
01tWC00000FCF08YAH,RAW Report Converter (Technical)-RenewalMaintenance,DM-IRC-RRM-RAWRRE-TECH
01tWC00000FCF09YAH,RAW Report Converter (Technical),DM-IRC-RSS-RAWRSU-TECH
01tWC00000FCF0AYAX,Report Archive Bundle iSeries - Legacy (Technical)-NewMaintenance,DM-DOE-RNM-REPOAB-TECH-2
01tWC00000FCF0BYAX,Report Archive Bundle iSeries - Legacy (Technical)-RenewalMaintenance,DM-DOE-RRM-REPOFA-TECH-2
01tWC00000FCF0CYAX,POP/400 Email Retrieval API (Technical)-NewMaintenance,DM-EU-RNM-POP4NE-TECH
01tWC00000FCF0DYAX,POP/400 Email Retrieval API (Technical),DM-EU-NRPS-POP4PE-TECH
01tWC00000FCF0EYAX,POP/400 Email Retrieval API (Technical)-RenewalMaintenance,DM-EU-RRM-POP4RE-TECH
01tWC00000FCF0FYAX,POP/400 Email Retrieval API (Technical),DM-EU-RSS-POP4SU-TECH
01tWC00000FCFYvYAP,iForms (Technical),DM-IFO-NRPS-IFORPE-TECH
01tWC00000FCFYwYAP,iForms (Technical),DM-IFO-RSS-IFORSU-TECH
01tWC00000FCFYxYAP,Electronic Forms License (Technical)-NewMaintenance,DM-DML-RNM-ELECLN-TECH
01tWC00000FCFYyYAP,Electronic Forms License (Technical),DM-DML-NRPS-ELECLI-TECH
01tWC00000FCFYzYAP,Electronic Forms License (Technical)-RenewalMaintenance,DM-DML-RRM-ELECLR-TECH
01tWC00000FCFZ0YAP,Email Dist Bundle Basic (Technical)-NewMaintenance,DM-DML-RNM-EDBBNM-TECH
01tWC00000FCFZ1YAP,Email Dist Bundle Basic (Technical),DM-DML-NRPS-EDBBP-TECH
01tWC00000FCFZ2YAP,Email Dist Bundle Basic (Technical)-RenewalMaintenance,DM-DML-RRM-EDBBRM-TECH
01tWC00000FCFZ3YAP,Email File Server - Legacy (Technical)-NewMaintenance,DM-DML-RNM-EFSLNM-TECH
01tWC00000FCFZ4YAP,Email File Server - Legacy (Technical),DM-DML-NRPS-EFSLP-TECH
01tWC00000FCFZ5YAP,Email File Server - Legacy (Technical)-RenewalMaintenance,DM-DML-RRM-EFSLRM-TECH
01tWC00000FCFZ6YAP,Email Monitor (Technical)-NewMaintenance,DM-WCU-RNM-EMNM-TECH
01tWC00000FCFZ7YAP,Email Monitor (Technical),DM-WCU-NRPS-EMP-TECH
01tWC00000FCFZ8YAP,Email Monitor (Technical)-RenewalMaintenance,DM-WCU-RRM-EMAIL-TECH
01tWC00000FCFZ9YAP,Email Monitor (Technical),DM-WCU-RSS-EMMO-TECH
01tWC00000FCFZAYA5,Email Report Distribution Bundle PC (Technical)-NewMaintenance,DM-DML-RNM-ERDBPN-TECH
01tWC00000FCFZBYA5,Email Report Distribution Bundle PC (Technical),DM-DML-NRPS-ERDBPP-TECH
01tWC00000FCFZCYA5,Email Report Distribution Bundle PC (Technical)-RenewalMaintenance,DM-DML-RRM-ERDBPR-TECH
01tWC00000FCFZDYA5,Email Report Server (Technical)-NewMaintenance,DM-EU-RNM-ERSNM-TECH
01tWC00000FCFZEYA5,Email Report Server (Technical),DM-EU-NRPS-ERSP-TECH
01tWC00000FCFZFYA5,Email Report Server (Technical)-RenewalMaintenance,DM-EU-RRM-ERSRM-TECH
01tWC00000FCFZGYA5,Email Report Server (Technical),DM-EU-RSS-ERSS-TECH
01tWC00000FCFZHYA5,Enterprise Fax (Technical)-NewMaintenance,DM-IRM-RNM-ENFA-TECH
01tWC00000FCFZIYA5,Enterprise Fax (Technical),DM-IRM-NRPS-EFP-TECH
01tWC00000FCFZJYA5,Enterprise Fax (Technical)-RenewalMaintenance,DM-IRM-RRM-ENTERF-TECH
01tWC00000FCFZKYA5,Enterprise Fax (Technical),DM-IRM-RSS-EFS-TECH
01tWC00000FCFZLYA5,Enterprise Workflow - Legacy (Technical)-NewMaintenance,DM-EW-RNM-EWLNM-TECH
01tWC00000FCFZMYA5,Enterprise Workflow - Legacy (Technical),DM-EW-NRPS-EWLP-TECH
01tWC00000FCFZNYA5,Enterprise Workflow - Legacy (Technical)-RenewalMaintenance,DM-EW-RRM-EWLRM-TECH
01tWC00000FCFZOYA5,Enterprise Workflow Lite - Legacy (Technical)-NewMaintenance,DM-EW-RNM-EWLLNM-TECH
01tWC00000FCFZPYA5,Enterprise Workflow Lite - Legacy (Technical),DM-EW-NRPS-EWLLP-TECH
01tWC00000FCFZQYA5,Enterprise Workflow Lite - Legacy (Technical)-RenewalMaintenance,DM-EW-RRM-EWLLRM-TECH
01tWC00000FCFZRYA5,Formdocs License (Technical)-NewMaintenance,DM-DML-RNM-FORMNE-TECH
01tWC00000FCFZSYA5,Formdocs License (Technical),DM-DML-NRPS-FORMPE-TECH
01tWC00000FCFZTYA5,Formdocs License (Technical)-RenewalMaintenance,DM-DML-RRM-FORMRE-TECH
01tWC00000FCFZUYA5,FTP/400 (Technical)-NewMaintenance,DM-DML-RNM-FTP4-TECH
01tWC00000FCFZVYA5,FTP/400 (Technical),DM-DML-NRPS-FTP-TECH
01tWC00000FCFZWYA5,FTP/400 (Technical)-RenewalMaintenance,DM-DML-RRM-F4RM-TECH
01tWC00000FCFZXYA5,FTP/400 Remote Comma (Technical)-NewMaintenance,DM-DML-RNM-FT40-TECH
01tWC00000FCFZYYA5,FTP/400 Remote Comma (Technical),DM-DML-NRPS-F4RP-TECH
01tWC00000FCFZZYA5,FTP/400 Remote Comma (Technical)-RenewalMaintenance,DM-DML-RRM-FTRM-TECH
01tWC00000FCFZaYAP,HTML Report Converter (Technical)-NewMaintenance,DM-IRC-RNM-HTMLNE-TECH
01tWC00000FCFZbYAP,HTML Report Converter (Technical),DM-IRC-NRPS-HTMLPE-TECH
01tWC00000FCFZcYAP,HTML Report Converter (Technical)-RenewalMaintenance,DM-IRC-RRM-HTMLRE-TECH
01tWC00000FCFZdYAP,HTML Report Converter (Technical),DM-IRC-RSS-HTMLSU-TECH
01tWC00000FCFZeYAP,iEncrypt (Technical)-NewMaintenance,DM-IBM-RNM-IENCNE-TECH
01tWC00000FCFZfYAP,iEncrypt (Technical),DM-IBM-NRPS-IENCPE-TECH
01tWC00000FCFZgYAP,iEncrypt (Technical)-RenewalMaintenance,DM-IBM-RRM-IENCRE-TECH
01tWC00000FCFZhYAP,iEncrypt (Technical),DM-IBM-RSS-IENCSU-TECH
01tWC00000FCFZiYAP,iForms (Technical)-NewMaintenance,DM-IFO-RNM-IFORNE-TECH
01tWC00000FCFp3YAH,iForms Electronic Forms and Report Writer - Legacy (Technical)-NewMaintenance,DM-IFO-RNM-IFOREF-TECH
01tWC00000FCFp4YAH,iForms Electronic Forms and Report Writer - Legacy (Technical),DM-IFO-NRPS-IFOREL-TECH
01tWC00000FCFp5YAH,iForms Electronic Forms and Report Writer - Legacy (Technical)-RenewalMaintenance,DM-IFO-RRM-IFORFA-TECH
01tWC00000FCFp6YAH,IFS Tools (Technical)-NewMaintenance,DM-IBM-RNM-IFSTNE-TECH
01tWC00000FCFp7YAH,IFS Tools (Technical),DM-IBM-NRPS-IFSTPE-TECH
01tWC00000FCFp8YAH,IFS Tools (Technical)-RenewalMaintenance,DM-IBM-RRM-IFSTRE-TECH
01tWC00000FCFp9YAH,IFS Tools (Technical),DM-IBM-RSS-IFSTSU-TECH
01tWC00000FCFpAYAX,Image Viewer - Legacy (Technical)-NewMaintenance,DM-WCU-RNM-IVLNEW-TECH
01tWC00000FCFpBYAX,Image Viewer - Legacy (Technical),DM-WCU-NRPS-IVLPER-TECH
01tWC00000FCFpCYAX,Image Viewer - Legacy (Technical)-RenewalMaintenance,DM-WCU-RRM-IVLREN-TECH
01tWC00000FCFpDYAX,Imaging Barcode/OCR (Technical)-NewMaintenance,DM-WCU-RNM-IBONEW-TECH
01tWC00000FCFpEYAX,Imaging Barcode/OCR (Technical),DM-WCU-NRPS-IBOPER-TECH
01tWC00000FCFpFYAX,Imaging Barcode/OCR (Technical)-RenewalMaintenance,DM-WCU-RRM-IBOREN-TECH
01tWC00000FCFpGYAX,Imaging Barcode/OCR (Technical),DM-WCU-RSS-IBOSUB-TECH
01tWC00000FCFpHYAX,Info Print Integrator/400 (Technical)-NewMaintenance,DM-DML-RNM-IPI4NE-TECH
01tWC00000FCFpIYAX,Info Print Integrator/400 (Technical),DM-DML-NRPS-IPI4PE-TECH
01tWC00000FCFpJYAX,Info Print Integrator/400 (Technical)-RenewalMaintenance,DM-DML-RRM-IPI4RE-TECH
01tWC00000FCFpKYAX,Integration Toolkit (Technical)-NewMaintenance,DM-WFM-RNM-INTENE-TECH
01tWC00000FCFpLYAX,Integration Toolkit (Technical),DM-WFM-NRPS-INTEPE-TECH
01tWC00000FCFpMYAX,Integration Toolkit (Technical)-RenewalMaintenance,DM-WFM-RRM-INTERE-TECH
01tWC00000FCFpNYAX,Integration Toolkit (Technical),DM-WFM-RSS-INTESU-TECH
01tWC00000FCFpOYAX,iSeries Data Access (Technical)-NewMaintenance,DM-DML-RNM-ISDANM-TECH
01tWC00000FCFpPYAX,iSeries Data Access (Technical),DM-DML-NRPS-ISDAP-TECH
01tWC00000FCFpQYAX,iSeries Data Access (Technical)-RenewalMaintenance,DM-DML-RRM-ISDARM-TECH
01tWC00000FCFpRYAX,iSeries Office Integrator (Technical)-NewMaintenance,DM-IBM-RNM-ISOINM-TECH
01tWC00000FCFpSYAX,iSeries Office Integrator (Technical),DM-IBM-NRPS-ISOIP-TECH
01tWC00000FCFpTYAX,iSeries Office Integrator (Technical)-RenewalMaintenance,DM-IBM-RRM-ISOIRM-TECH
01tWC00000FCFpUYAX,iSeries Office Integrator (Technical),DM-IBM-RSS-ISOIS-TECH
01tWC00000FCFpVYAX,iSeries PDF and TIFF (Technical)-NewMaintenance,DM-DML-RNM-ISPTNM-TECH
01tWC00000FCFpWYAX,iSeries PDF and TIFF (Technical),DM-DML-NRPS-ISPTP-TECH
01tWC00000FCFpXYAX,iSeries PDF and TIFF (Technical)-RenewalMaintenance,DM-DML-RRM-ISPTRM-TECH
01tWC00000FCFpYYAX,JDA Bundle (Technical)-NewMaintenance,DM-DOE-RNM-JDABNE-TECH-2
01tWC00000FCFpZYAX,JDA Bundle (Technical),DM-DOE-NRPS-JDABPE-TECH-2
01tWC00000FCFpaYAH,JDA Bundle (Technical)-RenewalMaintenance,DM-DOE-RRM-JDABRE-TECH-2
01tWC00000FCFpbYAH,Native AFP to PDF Report (Technical)-RenewalMaintenance,DM-DML-RRM-NATPRR-TECH-2
01tWC00000FCFpcYAH,Native AFP to TIFF Report (Technical)-NewMaintenance,DM-DML-RNM-NATTRN-TECH-2
01tWC00000FCFpdYAH,Native AFP to TIFF Report (Technical),DM-DML-NRPS-NATTRP-TECH-2
01tWC00000FCFpeYAH,Native AFP to TIFF Report (Technical)-RenewalMaintenance,DM-DML-RRM-NATTRR-TECH-2
01tWC00000FCFpfYAH,Native Converters (Technical)-NewMaintenance,DM-DML-RNM-NCNM-TECH-2
01tWC00000FCFpgYAH,Native Converters (Technical),DM-DML-NRPS-NCP-TECH-2
01tWC00000FCFphYAH,Native Converters (Technical)-RenewalMaintenance,DM-DML-RRM-NCRM-TECH-2
01tWC00000FCFpiYAH,Native DataImport Report Converter (Technical)-NewMaintenance,DM-DML-RNM-NDIRCN-TECH-2
01tWC00000FCFpjYAH,Native DataImport Report Converter (Technical),DM-DML-NRPS-NDIRCP-TECH-2
01tWC00000FCFpkYAH,Native DataImport Report Converter (Technical)-RenewalMaintenance,DM-DML-RRM-NDIRCR-TECH-2
01tWC00000FCFplYAH,Mail Hosting (Technical),DM-WCU-RSS-MHS-TECH-2
01tWC00000FCFpmYAH,Microsoft Office Add-Ins (Technical)-NewMaintenance,DM-DML-RNM-MOAINE-TECH-2
01tWC00000FCFpnYAH,Microsoft Office Add-Ins (Technical),DM-DML-NRPS-MOAIPE-TECH-2
01tWC00000FCFpoYAH,Microsoft Office Add-Ins (Technical)-RenewalMaintenance,DM-DML-RRM-MOAIRE-TECH-2
01tWC00000FCFppYAH,Native AFP to PDF Report (Technical)-NewMaintenance,DM-DML-RNM-NATPRN-TECH-2
01tWC00000FCFpqYAH,Native AFP to PDF Report (Technical),DM-DML-NRPS-NATPRP-TECH-2
01tWC00000FCFyjYAH,Report Splitter (Technical)-NewMaintenance,DM-IBM-RNM-REPOSN-TECH
01tWC00000FCFykYAH,Report Splitter (Technical),DM-IBM-NRPS-REPOSP-TECH
01tWC00000FCFylYAH,Report Splitter (Technical)-RenewalMaintenance,DM-IBM-RRM-REPOSR-TECH
01tWC00000FCG0LYAX,IPP (Technical)-NewMaintenance,IPP-IPP-RNM-IPPNEW-TECH
01tWC00000FCG0MYAX,IPP (Technical)-RenewalMaintenance,IPP-IPP-RRM-IPPREN-TECH
01tWC00000FCG1xYAH,A la Carte Menu and Security System (Technical)-NewMaintenance,SM-SYM-RNM-ALCMNE-TECH
01tWC00000FCG1yYAH,A la Carte Menu and Security System (Technical),SM-SYM-NRPS-ALCMPE-TECH
01tWC00000FCG1zYAH,A la Carte Menu and Security System (Technical)-RenewalMaintenance,SM-SYM-RRM-ALCMRE-TECH
01tWC00000FCG20YAH,Advanced Job Scheduler (Technical)-NewMaintenance,SM-AJS-RNM-AJSNM-TECH
01tWC00000FCG21YAH,Advanced Job Scheduler (Technical),SM-AJS-NRPS-AJSP-TECH
01tWC00000FCG22YAH,Advanced Job Scheduler (Technical)-RenewalMaintenance,SM-AJS-RRM-AJSRM-TECH
01tWC00000FCG23YAH,Advanced Job Scheduler (Technical),SM-AJS-RSS-AJSS-TECH
01tWC00000FCG24YAH,Advanced Reporting Suite (Technical)-NewMaintenance,SM-ARS-RNM-ARSNM-TECH
01tWC00000FCG25YAH,Advanced Reporting Suite (Technical),SM-ARS-NRPS-ARSP-TECH
01tWC00000FCG26YAH,Advanced Reporting Suite (Technical)-RenewalMaintenance,SM-ARS-RRM-ARSRM-TECH
01tWC00000FCG27YAH,Advanced Reporting Suite (Technical),SM-ARS-RSS-ARSS-TECH
01tWC00000FCG28YAH,Advanced Reporting Suite License (Technical)-NewMaintenance,SM-ARS-RNM-ARSLNM-TECH
01tWC00000FCG29YAH,Advanced Reporting Suite License (Technical),SM-ARS-NRPS-ARSLP-TECH
01tWC00000FCG2AYAX,Advanced Reporting Suite License (Technical)-RenewalMaintenance,SM-ARS-RRM-ARSLRM-TECH
01tWC00000FCG2BYAX,Advanced Reporting Suite License (Technical),SM-ARS-RSS-ARSLS-TECH
01tWC00000FCG2CYAX,AIX on Power (Technical)-NewMaintenance,SM-NSS-RNM-AIXOPN-TECH
01tWC00000FCG2DYAX,AIX on Power (Technical),SM-NSS-NRPS-AIXOPP-TECH
01tWC00000FCG2EYAX,AIX on Power (Technical)-RenewalMaintenance,SM-NSS-RRM-AIXOPR-TECH
01tWC00000FCG2FYAX,AIX on Power (Technical),SM-NSS-RSS-AIXOPS-TECH
01tWC00000FCG2GYAX,AIX STD (Technical)-NewMaintenance,SM-PN-RNM-AIXSTD-TECH
01tWC00000FCG2HYAX,AIX STD (Technical),SM-PN-NRPS-AIXSTP-TECH
01tWC00000FCG2IYAX,AIX STD (Technical)-RenewalMaintenance,SM-PN-RRM-AIXSRM-TECH
01tWC00000FCG2JYAX,Alert Intelligence (Technical)-NewMaintenance,SM-AI-RNM-ALERNE-TECH
01tWC00000FCG2KYAX,Alert Intelligence (Technical),SM-AI-NRPS-ALERPE-TECH
01tWC00000FCG2LYAX,Alert Intelligence (Technical)-RenewalMaintenance,SM-AI-RRM-ALERRE-TECH
01tWC00000FCG2MYAX,Alert Intelligence (Technical),SM-AI-RSS-ALERSU-TECH
01tWC00000FCG2NYAX,Alignia - Batch Process (Technical)-NewMaintenance,SM-VIT-RNM-ABPNM-TECH
01tWC00000FCG2OYAX,Alignia - Batch Process (Technical),SM-VIT-NRPS-ABPP-TECH
01tWC00000FCG2PYAX,Alignia - Batch Process (Technical)-RenewalMaintenance,SM-VIT-RRM-ABPRM-TECH
01tWC00000FCG2QYAX,Alignia - Batch Process (Technical),SM-VIT-RSS-ABPS-TECH
01tWC00000FCG2RYAX,Alignia - Business Application (Technical)-NewMaintenance,SM-VIT-RNM-ABANM-TECH
01tWC00000FCG2SYAX,Alignia - Business Application (Technical),SM-VIT-NRPS-ABAP-TECH
01tWC00000FCG2TYAX,Alignia - Business Application (Technical)-RenewalMaintenance,SM-VIT-RRM-ABARM-TECH
01tWC00000FCG2UYAX,Alignia - Business Application (Technical),SM-VIT-RSS-ABAS-TECH
01tWC00000FCG2VYAX,Alignia - Business Consumers (Technical)-NewMaintenance,SM-VIT-RNM-ABCNM-TECH
01tWC00000FCG2WYAX,Alignia - Business Consumers (Technical),SM-VIT-NRPS-ABCP-TECH
01tWC00000FCG2XYAX,Alignia - Business Consumers (Technical)-RenewalMaintenance,SM-VIT-RRM-ABCRM-TECH
01tWC00000FCG2YYAX,Alignia - Business Consumers (Technical),SM-VIT-RSS-ABCS-TECH
01tWC00000FCG2ZYAX,Alignia - Business Process (Technical)-NewMaintenance,SM-VIT-RNM-ALIGNI-TECH
01tWC00000FCG2aYAH,Alignia - Business Process (Technical),SM-VIT-NRPS-ALBU-TECH
01tWC00000FCG2bYAH,Alignia - Business Process (Technical)-RenewalMaintenance,SM-VIT-RRM-ABPM-TECH
01tWC00000FCG2cYAH,Alignia - Business Process (Technical),SM-VIT-RSS-ALPS-TECH
01tWC00000FCG2dYAH,Alignia - Business Service Instance (Technical)-NewMaintenance,SM-VIT-RNM-ABSINM-TECH
01tWC00000FCG2eYAH,Alignia - Business Service Instance (Technical),SM-VIT-NRPS-ABSIP-TECH
01tWC00000FCG2fYAH,Alignia - Business Service Instance (Technical)-RenewalMaintenance,SM-VIT-RRM-ABSIRM-TECH
01tWC00000FCG2gYAH,Alignia - Business Service Instance (Technical),SM-VIT-RSS-ABSIS-TECH
01tWC00000FCG2hYAH,Alignia - Continuous Process (Technical)-NewMaintenance,SM-VIT-RNM-ACPNM-TECH
01tWC00000FCG2iYAH,Alignia - Continuous Process (Technical),SM-VIT-NRPS-ACPP-TECH
01tWC00000FCG2jYAH,Alignia - Continuous Process (Technical)-RenewalMaintenance,SM-VIT-RRM-ACPRM-TECH
01tWC00000FCG2kYAH,Alignia - Continuous Process (Technical),SM-VIT-RSS-ACPS-TECH
01tWC00000FCGCQYA5,Bytware Services (Technical),SM-SYM-NRST-BYTWSE-TECH
01tWC00000FCGCRYA5,Bytware Travel Expense (Technical),SM-SYM-NRSE-BYTWTR-TECH
01tWC00000FCGCSYA5,Capacity Planning with Performance Navigator (Technical)-NewMaintenance,SM-PN-RNM-CPWPNN-TECH
01tWC00000FCGCTYA5,Capacity Planning with Performance Navigator (Technical),SM-PN-NRPS-CPWPNP-TECH
01tWC00000FCGCUYA5,Capacity Planning with Performance Navigator (Technical)-RenewalMaintenance,SM-PN-RRM-CPWPNR-TECH
01tWC00000FCGCVYA5,Capacity Planning with Performance Navigator Services (Technical),SM-PN-NRST-CPWPNS-TECH
01tWC00000FCGCWYA5,CCSS Services (Technical),SM-QMM-NRST-CCSSSE-TECH
01tWC00000FCGCXYA5,CCSS Travel Expense (Technical),SM-SYM-NRSE-CCSSTE-TECH
01tWC00000FCGCYYA5,CD Builder (Technical)-NewMaintenance,SM-ROT-RNM-CDBNEW-TECH
01tWC00000FCGCZYA5,CD Builder (Technical),SM-ROT-NRPS-CDBPER-TECH
01tWC00000FCGCaYAP,CD Builder (Technical)-RenewalMaintenance,SM-ROT-RRM-CDBREN-TECH
01tWC00000FCGCbYAP,CD Builder (Technical),SM-ROT-RSS-CDBSUB-TECH
01tWC00000FCGCcYAP,CGI Suite (Technical)-NewMaintenance,SM-HCS-RNM-CGISNE-TECH
01tWC00000FCGCdYAP,CGI Suite (Technical),SM-HCS-NRPS-CGISPE-TECH
01tWC00000FCGCeYAP,CGI Suite (Technical)-RenewalMaintenance,SM-HCS-RRM-CGISRE-TECH
01tWC00000FCGCfYAP,CGI Suite (Technical),SM-HCS-RSS-CGISSU-TECH
01tWC00000FCGCgYAP,Costco Suite (Technical)-NewMaintenance,SM-HCS-RNM-COSTNE-TECH
01tWC00000FCGChYAP,Costco Suite (Technical),SM-HCS-NRPS-COSTPE-TECH
01tWC00000FCGCiYAP,Costco Suite (Technical)-RenewalMaintenance,SM-HCS-RRM-COSTRE-TECH
01tWC00000FCGCjYAP,Data Monitor for iSeries Base (Technical)-NewMaintenance,SM-VMC-RNM-DMISBN-TECH
01tWC00000FCGCkYAP,Data Monitor for iSeries Base (Technical),SM-VMC-NRPS-DMISBP-TECH
01tWC00000FCGClYAP,Data Monitor for iSeries Base (Technical)-RenewalMaintenance,SM-VMC-RRM-DMISBR-TECH
01tWC00000FCGCmYAP,Data Monitor for iSeries Base (Technical),SM-VMC-RSS-DMISBS-TECH
01tWC00000FCGCnYAP,Data Monitor for iSeries Base (Changes) (Technical)-NewMaintenance,SM-VMC-RNM-DMISBC-TECH
01tWC00000FCGCoYAP,Data Monitor for iSeries Base (Changes) (Technical),SM-VMC-NRPS-DMIP-TECH
01tWC00000FCGCpYAP,Data Monitor for iSeries Base (Changes) (Technical)-RenewalMaintenance,SM-VMC-RRM-DMIM-TECH
01tWC00000FCGCqYAP,Data Monitor for iSeries Base (Changes) (Technical),SM-VMC-RSS-DMIS-TECH
01tWC00000FCGCrYAP,Data Monitor for iSeries Base Changes (Technical)-NewMaintenance,SM-VMC-RNM-DAMO-TECH
01tWC00000FCGCsYAP,Data Monitor for iSeries Base Changes (Technical),SM-VMC-NRPS-DACP-TECH
01tWC00000FCGCtYAP,Data Monitor for iSeries Base Changes (Technical)-RenewalMaintenance,SM-VMC-RRM-DATAM-TECH
01tWC00000FCGCuYAP,Data Monitor for iSeries Base Changes (Technical),SM-VMC-RSS-DACS-TECH
01tWC00000FCGCvYAP,Data Monitor for iSeries Reads (Technical)-NewMaintenance,SM-VMC-RNM-DMISRN-TECH
01tWC00000FCGCwYAP,Data Monitor for iSeries Reads (Technical),SM-VMC-NRPS-DMISRP-TECH
01tWC00000FCGCxYAP,Data Monitor for iSeries Reads (Technical)-RenewalMaintenance,SM-VMC-RRM-DMISRR-TECH
01tWC00000FCGCyYAP,Data Monitor for iSeries Reads (Technical),SM-VMC-RSS-DMISRS-TECH
01tWC00000FCGCzYAP,Disk Space Manager (Technical)-NewMaintenance,SM-DSM-RNM-DSMNEW-TECH
01tWC00000FCGD0YAP,Disk Space Manager (Technical),SM-DSM-NRPS-DSMPER-TECH
01tWC00000FCGD1YAP,Disk Space Manager (Technical)-RenewalMaintenance,SM-DSM-RRM-DSMREN-TECH
01tWC00000FCGD2YAP,Disk Space Manager (Technical),SM-DSM-RSS-DSMSUB-TECH
01tWC00000FCGD3YAP,Document Management System (Technical)-NewMaintenance,SM-SYM-RNM-DMSNM-TECH
01tWC00000FCGD4YAP,Document Management System (Technical),SM-SYM-NRPS-DOSP-TECH
01tWC00000FCGD5YAP,Document Management System (Technical)-RenewalMaintenance,SM-SYM-RRM-DMSRM-TECH
01tWC00000FCGD6YAP,Document Management System (Technical),SM-SYM-RSS-DMSS-TECH
01tWC00000FCGD7YAP,Easy View (Technical)-NewMaintenance,SM-EV-RNM-EASYNE-TECH
01tWC00000FCGD8YAP,Easy View (Technical),SM-EV-NRPS-EASYPE-TECH
01tWC00000FCGD9YAP,Easy View (Technical)-RenewalMaintenance,SM-EV-RRM-EASYRE-TECH
01tWC00000FCGDAYA5,Easy View (Technical),SM-EV-RSS-EASYSU-TECH
01tWC00000FCGDBYA5,Enterprise Console (Technical),SM-EC-NRPS-ECP-TECH
01tWC00000FCGDCYA5,Enterprise Console (Technical),SM-EC-RSS-ENTERP-TECH
01tWC00000FCGbsYAH,Task Supervisor (Technical)-NewMaintenance,SM-TSK-RNM-TASKNE-TECH
01tWC00000FCGbtYAH,Task Supervisor (Technical),SM-TSK-NRPS-TASKPE-TECH
01tWC00000FCGbuYAH,Task Supervisor (Technical)-RenewalMaintenance,SM-TSK-RRM-TASKRE-TECH
01tWC00000FCGbvYAH,Task Supervisor (Technical),SM-TSK-RSS-TASKSU-TECH
01tWC00000FCI5PYAX,Data Monitor for iSeries Base (Technical)-NewMaintenance,SM-VMC-RNM-DMISBN-TECH-2
01tWC00000FCI5QYAX,Data Monitor for iSeries Base (Technical),SM-VMC-NRPS-DMISBP-TECH-2
01tWC00000FCI5RYAX,Data Monitor for iSeries Base (Technical)-RenewalMaintenance,SM-VMC-RRM-DMISBR-TECH-2
01tWC00000FCI5SYAX,Data Monitor for iSeries Base (Technical),SM-VMC-RSS-DMISBS-TECH-2
01tWC00000FCI5TYAX,Data Monitor for iSeries Base (Changes) (Technical)-NewMaintenance,SM-VMC-RNM-DMISBC-TECH-2
01tWC00000FCI5UYAX,Data Monitor for iSeries Base (Changes) (Technical),SM-VMC-NRPS-DMIP-TECH-2
01tWC00000FCI5VYAX,Data Monitor for iSeries Base (Changes) (Technical)-RenewalMaintenance,SM-VMC-RRM-DMIM-TECH-2
01tWC00000FCI5WYAX,Data Monitor for iSeries Base (Changes) (Technical),SM-VMC-RSS-DMIS-TECH-2
01tWC00000FCI5XYAX,Data Monitor for iSeries Base Changes (Technical)-NewMaintenance,SM-VMC-RNM-DAMO-TECH-2
01tWC00000FCI5YYAX,Data Monitor for iSeries Base Changes (Technical),SM-VMC-NRPS-DACP-TECH-2
01tWC00000FCI5ZYAX,Data Monitor for iSeries Base Changes (Technical)-RenewalMaintenance,SM-VMC-RRM-DATAM-TECH-2
01tWC00000FCI5aYAH,Data Monitor for iSeries Base Changes (Technical),SM-VMC-RSS-DACS-TECH-2
01tWC00000FCI5bYAH,Data Monitor for iSeries Reads (Technical)-NewMaintenance,SM-VMC-RNM-DMISRN-TECH-2
01tWC00000FCI5cYAH,Data Monitor for iSeries Reads (Technical),SM-VMC-NRPS-DMISRP-TECH-2
01tWC00000FCI5dYAH,Data Monitor for iSeries Reads (Technical)-RenewalMaintenance,SM-VMC-RRM-DMISRR-TECH-2
01tWC00000FCI5eYAH,Data Monitor for iSeries Reads (Technical),SM-VMC-RSS-DMISRS-TECH-2
01tWC00000FCI5fYAH,Security KM Events (Technical)-NewMaintenance,SM-VMC-RNM-SKENM-TECH
01tWC00000FCI5gYAH,Security KM Events (Technical),SM-VMC-NRPS-SKEP-TECH
01tWC00000FCI5hYAH,Security KM Events (Technical)-RenewalMaintenance,SM-VMC-RRM-SKERM-TECH
01tWC00000FCI5iYAH,Security KM Events (Technical),SM-VMC-RSS-SKES-TECH
01tWC00000FCI5jYAH,Security KM Incidents (Technical)-NewMaintenance,SM-VMC-RNM-SKINM-TECH
01tWC00000FCI5kYAH,Security KM Incidents (Technical),SM-VMC-NRPS-SKIP-TECH
01tWC00000FCI5lYAH,Security KM Incidents (Technical)-RenewalMaintenance,SM-VMC-RRM-SKIRM-TECH
01tWC00000FCI5mYAH,Security KM Incidents (Technical),SM-VMC-RSS-SKIS-TECH
01tWC00000FCI5nYAH,Security Knowledge Module (Technical)-NewMaintenance,SM-VMC-RNM-SKMNM-TECH
01tWC00000FCI5oYAH,Security Knowledge Module (Technical),SM-VMC-NRPS-SKMP-TECH
01tWC00000FCI5pYAH,Security Knowledge Module (Technical)-RenewalMaintenance,SM-VMC-RRM-SKMRM-TECH
01tWC00000FCI5qYAH,Security Knowledge Module (Technical),SM-VMC-RSS-SKMS-TECH
01tWC00000FCI5rYAH,Tango/04 Portal User (Technical)-NewMaintenance,SM-VMC-RNM-T0PUNM-TECH
01tWC00000FCI5sYAH,Tango/04 Portal User (Technical),SM-VMC-NRPS-T0PUP-TECH
01tWC00000FCI5tYAH,Tango/04 Portal User (Technical)-RenewalMaintenance,SM-VMC-RRM-T0PURM-TECH
01tWC00000FCI5uYAH,Tango/04 Portal User (Technical),SM-VMC-RSS-T0PUS-TECH
01tWC00000FCI5vYAH,VISUAL Control Center (Technical),SM-VMC-NRPS-VCCP-TECH
01tWC00000FCI5wYAH,VISUAL Control Center (Technical),SM-VMC-RSS-VCCS-TECH
01tWC00000FCI5xYAH,Data Monitor for iSeries Base (Technical) (Technical)-NewMaintenance,SM-VMC-RNM-DMISBN-TECH-TECH
01tWC00000FCI5yYAH,Data Monitor for iSeries Base (Technical) (Technical),SM-VMC-NRPS-DMISBP-TECH-TECH
01tWC00000FCI5zYAH,Data Monitor for iSeries Base (Technical) (Technical)-RenewalMaintenance,SM-VMC-RRM-DMISBR-TECH-TECH
01tWC00000FCI60YAH,Data Monitor for iSeries Base (Technical) (Technical),SM-VMC-RSS-DMISBS-TECH-TECH
01tWC00000FCI61YAH,Data Monitor for iSeries Base (Changes) (Technical) (Technical)-NewMaintenance,SM-VMC-RNM-DMISBC-TECH-TECH
01tWC00000FCI62YAH,Data Monitor for iSeries Base (Changes) (Technical) (Technical),SM-VMC-NRPS-DMIP-TECH-TECH
01tWC00000FCI63YAH,Data Monitor for iSeries Base (Changes) (Technical) (Technical)-RenewalMaintenance,SM-VMC-RRM-DMIM-TECH-TECH
01tWC00000FCI64YAH,Data Monitor for iSeries Base (Changes) (Technical) (Technical),SM-VMC-RSS-DMIS-TECH-TECH
01tWC00000FCI65YAH,Data Monitor for iSeries Base Changes (Technical) (Technical)-NewMaintenance,SM-VMC-RNM-DAMO-TECH-TECH
01tWC00000FCI66YAH,Data Monitor for iSeries Base Changes (Technical) (Technical),SM-VMC-NRPS-DACP-TECH-TECH
01tWC00000FCI67YAH,Data Monitor for iSeries Base Changes (Technical) (Technical)-RenewalMaintenance,SM-VMC-RRM-DATAM-TECH-TECH
01tWC00000FCI68YAH,Data Monitor for iSeries Base Changes (Technical) (Technical),SM-VMC-RSS-DACS-TECH-TECH
01tWC00000FCI69YAH,Data Monitor for iSeries Reads (Technical) (Technical)-NewMaintenance,SM-VMC-RNM-DMISRN-TECH-TECH
01tWC00000FCI6AYAX,Data Monitor for iSeries Reads (Technical) (Technical),SM-VMC-NRPS-DMISRP-TECH-TECH
01tWC00000FCI6BYAX,Data Monitor for iSeries Reads (Technical) (Technical)-RenewalMaintenance,SM-VMC-RRM-DMISRR-TECH-TECH
01tWC00000FCI6CYAX,Data Monitor for iSeries Reads (Technical) (Technical),SM-VMC-RSS-DMISRS-TECH-TECH
01tWC00000FCJ7uYAH,Restricted Tasks Manager (Technical)-NewMaintenance,SM-SYM-RNM-RTMNEW-TECH
01tWC00000FCJ7vYAH,Restricted Tasks Manager (Technical),SM-SYM-NRPS-RTMPER-TECH
01tWC00000FCJ7wYAH,Restricted Tasks Manager (Technical)-RenewalMaintenance,SM-SYM-RRM-RTMREN-TECH
01tWC00000FCJ7xYAH,Restricted Tasks Manager (Technical),SM-SYM-RSS-RTMSUB-TECH
01tWC00000FCJ7yYAH,Robot Client (Technical)-NewMaintenance,SM-SYM-RNM-RCNM-TECH
01tWC00000FCJ7zYAH,Robot Client (Technical),SM-SYM-NRPS-ROCL-TECH
01tWC00000FCJ80YAH,Robot Client (Technical)-RenewalMaintenance,SM-SYM-RRM-RCRM-TECH
01tWC00000FCJ81YAH,Robot Client (Technical),SM-SYM-RSS-RCS-TECH
01tWC00000FCJ82YAH,Robot Services (Technical),SM-SYM-NRST-ROSE-TECH
01tWC00000FCJ83YAH,Robot Recurring Services (Technical),SM-SYM-RSP-RBSH-TECH
01tWC00000FCJ84YAH,Robot Services Expense (Technical),SM-SYM-NRSE-RSERVI-TECH
01tWC00000FCJ85YAH,Robot Services (Technical)-NewMaintenance,SM-SYM-RNM-ROBOSE-TECH
01tWC00000FCJ86YAH,Robot Services (Technical),SM-SYM-NRPS-ROBSER-TECH
01tWC00000FCJ87YAH,Robot Services (Technical)-RenewalMaintenance,SM-SYM-RRM-ROSERV-TECH
01tWC00000FCJ88YAH,Robot Trapper (Technical)-NewMaintenance,SM-SYM-RNM-ROTR-TECH
01tWC00000FCJ89YAH,Robot Trapper (Technical),SM-SYM-NRPS-ROTP-TECH
01tWC00000FCJ8AYAX,Robot Trapper (Technical)-RenewalMaintenance,SM-SYM-RRM-ROBTRA-TECH
01tWC00000FCJ8BYAX,Robot Trapper (Technical),SM-SYM-RSS-ROTS-TECH
01tWC00000FCJ8CYAX,Robot UPS (Technical)-NewMaintenance,SM-SYM-RNM-RUNM-TECH
01tWC00000FCJ8DYAX,Robot UPS (Technical),SM-SYM-NRPS-RUP-TECH
01tWC00000FCJ8EYAX,PowertechX Services (Technical),SM-SYM-NRST-PXS-TECH
01tWC00000FCJ8FYAX,PowertechX Services Expense (Technical),SM-SYM-NRSE-PXSEXP-TECH
01tWC00000FCJ8GYAX,Robot UPS (Technical)-RenewalMaintenance,SM-SYM-RRM-RURM-TECH
01tWC00000FCJ8HYAX,Robot UPS (Technical),SM-SYM-RSS-RUS-TECH
01tWC00000FCJ8IYAX,Security (Technical)-NewMaintenance,SM-SYM-RNM-SNM-TECH
01tWC00000FCJ8JYAX,Security (Technical),SM-SYM-NRPS-SEPE-TECH
01tWC00000FCJ8KYAX,Security (Technical)-RenewalMaintenance,SM-SYM-RRM-SRM-TECH
01tWC00000FCJ8LYAX,Security (Technical),SM-SYM-RSS-SESU-TECH
01tWC00000FCJ8MYAX,Systems Management (Technical)-NewMaintenance,SM-SYM-RNM-SYSTNE-TECH
01tWC00000FCJ8NYAX,Systems Management (Technical)-RenewalMaintenance,SM-SYM-RRM-SYSTRE-TECH
01tWC00000FCKK7YAP,TeamQuest Analyzer & CMIS for Systems (Technical)-NewMaintenance,CM-TQO-RNM-TQACSN-TECH
01tWC00000FCKK8YAP,TeamQuest Analyzer & CMIS for Systems (Technical),CM-TQO-NRPS-TQACSP-TECH
01tWC00000FCKK9YAP,TeamQuest Analyzer & CMIS for Systems (Technical)-RenewalMaintenance,CM-TQO-RRM-TQACSR-TECH
01tWC00000FCKKAYA5,TeamQuest Analyzer & CMIS for Systems (Technical),CM-TQO-RSS-TQACSS-TECH
01tWC00000FCKKBYA5,TeamQuest Analyzer & Predictor & CMIS for Systems (Technical)-NewMaintenance,CM-TQO-RNM-TQAPCS-TECH
01tWC00000FCKKCYA5,TeamQuest Analyzer & Predictor & CMIS for Systems (Technical),CM-TQO-NRPS-TEAM-TECH
01tWC00000FCKKDYA5,TeamQuest Analyzer & Predictor & CMIS for Systems (Technical)-RenewalMaintenance,CM-TQO-RRM-TQAM-TECH
01tWC00000FCKKEYA5,TeamQuest Analyzer & Predictor & CMIS for Systems (Technical),CM-TQO-RSS-TQAS-TECH
01tWC00000FCKKFYA5,TeamQuest Analyzer & Predictor & Surveyor & CMIS for Systems (Technical),CM-TQO-RSS-TESS-TECH
01tWC00000FCKKGYA5,RemoteAccess - Individual (Technical)-NewMaintenance,NW-IRA-RNM-RAINM-TECH
01tWC00000FCKKHYA5,RemoteAccess - Individual (Technical),NW-IRA-NRPS-RAIP-TECH
01tWC00000FCKKIYA5,RemoteAccess - Individual (Technical)-RenewalMaintenance,NW-IRA-RRM-RAIRM-TECH
01tWC00000FCKKJYA5,RemoteAccess - Individual (Technical),NW-IRA-RSS-RAIS-TECH
01tWC00000FCKKKYA5,RemoteAccess - Individual (Legacy) (Technical)-NewMaintenance,NW-IRA-RNM-RAILNM-TECH
01tWC00000FCKKLYA5,RemoteAccess - Individual (Legacy) (Technical),NW-IRA-NRPS-RAILP-TECH
01tWC00000FCKKMYA5,RemoteAccess - Individual (Legacy) (Technical)-RenewalMaintenance,NW-IRA-RRM-RAILRM-TECH
01tWC00000FCKKNYA5,RemoteAccess - Pooled - Freeware (Technical)-NewMaintenance,NW-INT-RNM-RAPFNM-TECH
01tWC00000FCKKOYA5,RemoteAccess - Pooled - Freeware (Technical),NW-INT-NRPS-RAPFP-TECH
01tWC00000FCKKPYA5,RemoteAccess - Pooled - Freeware (Technical)-RenewalMaintenance,NW-INT-RRM-RAPFRM-TECH
01tWC00000FCKKQYA5,RemoteAccess - Pooled (Technical)-NewMaintenance,NW-INT-RNM-RAPNM-TECH
01tWC00000FCKKRYA5,RemoteAccess - Pooled (Technical),NW-INT-NRPS-RAPP-TECH
01tWC00000FCKKSYA5,RemoteAccess - Pooled (Technical)-RenewalMaintenance,NW-INT-RRM-RAPRM-TECH
01tWC00000FCKKTYA5,RemoteAccess - Pooled (Technical),NW-INT-RSS-RAPS-TECH
01tWC00000FCKKUYA5,RemoteAccess - Pooled (Legacy) (Technical)-NewMaintenance,NW-INT-RNM-RAPLNM-TECH
01tWC00000FCKKVYA5,RemoteAccess - Pooled (Legacy) (Technical),NW-INT-NRPS-RAPLP-TECH
01tWC00000FCKKWYA5,RemoteAccess - Pooled (Legacy) (Technical)-RenewalMaintenance,NW-INT-RRM-RAPLRM-TECH
01tWC00000FCKKXYA5,RemoteAccess Server Fee (Technical)-NewMaintenance,NW-INT-RNM-RASFNM-TECH
01tWC00000FCKKYYA5,RemoteAccess Server Fee (Technical),NW-INT-NRPS-RASFP-TECH
01tWC00000FCKKZYA5,RemoteAccess Server Fee (Technical)-RenewalMaintenance,NW-INT-RRM-RASFRM-TECH
01tWC00000FCKKaYAP,RemoteAccess Server Fee (Technical),NW-INT-RSS-RASFS-TECH
01tWC00000FCKKbYAP,Powertech Identity & Access Manager (BoKS) (Technical)-RenewalMaintenance,PIA-PIA-RRM-PIAM-TECH
01tWC00000FCKKcYAP,Powertech Identity & Access Manager (BoKS) Services (Technical),PIA-PIA-NRST-POID-TECH
01tWC00000FCKKdYAP,Powertech Identity & Access Manager (BoKS) Services Expense (Technical),PIA-PIA-NRSE-PIAMSE-TECH
01tWC00000FCKKeYAP,Robotic Process Automation (Technical)-NewMaintenance,RPA-AUT-RNM-RPANEW-TECH
01tWC00000FCKKfYAP,Robotic Process Automation (Technical)-RenewalMaintenance,RPA-AUT-RRM-RPAREN-TECH
01tWC00000FCKKgYAP,RoleCourier (Technical)-NewMaintenance,IGA-AAS-RNM-ROLENE-TECH
01tWC00000FCKKhYAP,RoleCourier (Technical),IGA-AAS-NRPS-ROLEPE-TECH
01tWC00000FCKKiYAP,RoleCourier (Technical)-RenewalMaintenance,IGA-AAS-RRM-ROLERE-TECH
01tWC00000FCKKjYAP,SecureReset (Technical)-NewMaintenance,IGA-AAS-RNM-SECUNE-TECH
01tWC00000FCKKkYAP,SecureReset (Technical),IGA-AAS-NRPS-SECUPE-TECH
01tWC00000FCKKlYAP,SecureReset (Technical)-RenewalMaintenance,IGA-AAS-RRM-SECURM-TECH
01tWC00000FCKKmYAP,SecureReset (Technical),IGA-AAS-RSS-SECUSU-TECH
01tWC00000FCKKnYAP,Standard Core Connectors - In Product (Technical)-NewMaintenance,IGA-AAS-RNM-SCCIPN-TECH
01tWC00000FCKKoYAP,Standard Core Connectors - In Product (Technical),IGA-AAS-NRPS-SCCIPP-TECH
01tWC00000FCKKpYAP,Standard Core Connectors - In Product (Technical)-RenewalMaintenance,IGA-AAS-RRM-SCCIPR-TECH
01tWC00000FCKKqYAP,Standard Core Connectors - In Product (Technical),IGA-AAS-RSS-SCCIPS-TECH
01tWC00000FCKKrYAP,Standard Core Connectors - Standard Delivery (Technical)-NewMaintenance,IGA-AAS-RNM-SCCSDN-TECH
01tWC00000FCKKsYAP,Standard Core Connectors - Standard Delivery (Technical),IGA-AAS-NRPS-SCCSDP-TECH
01tWC00000FCKKtYAP,Standard Core Connectors - Standard Delivery (Technical)-RenewalMaintenance,IGA-AAS-RRM-SCCSDR-TECH
01tWC00000FCKKuYAP,Standard Core Connectors - Standard Delivery (Technical),IGA-AAS-RSS-SCCSDS-TECH
01tWC00000FCKSBYA5,NETWORK-Alternative Host (Technical)-NewMaintenance,SM-RON-RNM-NAHNM-TECH
01tWC00000FCKSCYA5,NETWORK-Alternative Host (Technical),SM-RON-NRPS-NAHP-TECH
01tWC00000FCKSDYA5,NETWORK-Alternative Host (Technical)-RenewalMaintenance,SM-RON-RRM-NAHRM-TECH
01tWC00000FCKSEYA5,NETWORK-Alternative Host (Technical),SM-RON-RSS-NAHS-TECH
01tWC00000FCKSFYA5,NETWORK-Host (Technical)-NewMaintenance,SM-RON-RNM-NHNM-TECH
01tWC00000FCKSGYA5,NETWORK-Host (Technical),SM-RON-NRPS-NHP-TECH
01tWC00000FCKSHYA5,NETWORK-Host (Technical)-RenewalMaintenance,SM-RON-RRM-NHRM-TECH
01tWC00000FCKSIYA5,NETWORK-Host (Technical),SM-RON-RSS-NHS-TECH
01tWC00000FCKSJYA5,NETWORK-Node (Technical)-NewMaintenance,SM-RON-RNM-NNNM-TECH
01tWC00000FCKSKYA5,NETWORK-Node (Technical),SM-RON-NRPS-NNP-TECH
01tWC00000FCKSLYA5,NETWORK-Node (Technical)-RenewalMaintenance,SM-RON-RRM-NNRM-TECH
01tWC00000FCKSMYA5,NETWORK-Node (Technical),SM-RON-RSS-NNS-TECH
01tWC00000FCKSNYA5,Nport 5110-UK (Technical)-NewMaintenance,SM-SYM-RNM-N5UNEW-TECH
01tWC00000FCKSOYA5,Nport 5110-UK (Technical),SM-SYM-NRPS-N5UPER-TECH
01tWC00000FCKSPYA5,Nport 5110-UK (Technical)-RenewalMaintenance,SM-SYM-RRM-N5UREN-TECH
01tWC00000FCKSQYA5,Nport 5110-UK (Technical),SM-SYM-RSS-N5USUB-TECH
01tWC00000FCKSRYA5,NSS - AIX (Technical)-NewMaintenance,SM-NSS-RNM-NSSAIX-TECH
01tWC00000FCKSSYA5,NSS - AIX (Technical)-RenewalMaintenance,SM-NSS-RRM-NSSARM-TECH
01tWC00000FCKSTYA5,NSS - AIX (Technical),SM-NSS-RSS-NSSAIS-TECH
01tWC00000FCKSUYA5,MCP Remote Support (Technical)-NewMaintenance,SM-PN-RNM-MCPRNE-TECH
01tWC00000FCKSVYA5,MCP Remote Support (Technical),SM-PN-NRPS-MCPRPE-TECH
01tWC00000FCKSWYA5,MCP Remote Support (Technical)-RenewalMaintenance,SM-PN-RRM-MCPRRE-TECH
01tWC00000FCKSXYA5,Message Communicator (Technical)-NewMaintenance,SM-SYM-RNM-MECO-TECH
01tWC00000FCKSYYA5,Message Communicator (Technical),SM-SYM-NRPS-MECP-TECH
01tWC00000FCKSZYA5,Message Communicator (Technical)-RenewalMaintenance,SM-SYM-RRM-MERM-TECH
01tWC00000FCKSaYAP,Message Communicator (Technical),SM-SYM-RSS-MCS-TECH
01tWC00000FCKSbYAP,Message Manager (Technical)-NewMaintenance,SM-SYM-RNM-MMNM-TECH
01tWC00000FCKScYAP,Message Manager (Technical),SM-SYM-NRPS-MMP-TECH
01tWC00000FCKSdYAP,Message Manager (Technical)-RenewalMaintenance,SM-SYM-RRM-MMRM-TECH
01tWC00000FCKSeYAP,Message Manager (Technical),SM-SYM-RSS-MMS-TECH
01tWC00000FCKSfYAP,MessengerConsole (Technical)-NewMaintenance,SM-MES-RNM-MESSNE-TECH
01tWC00000FCKSgYAP,MessengerConsole (Technical),SM-MES-NRPS-MESSPE-TECH
01tWC00000FCKShYAP,MessengerConsole (Technical)-RenewalMaintenance,SM-MES-RRM-MESSRE-TECH
01tWC00000FCKSiYAP,MessengerConsole (Technical),SM-MES-RSS-MESSSU-TECH
01tWC00000FCKSjYAP,MessengerPlus (Technical)-NewMaintenance,SM-MP-RNM-MPNM-TECH
01tWC00000FCKSkYAP,MessengerPlus (Technical),SM-MP-NRPS-MPP-TECH
01tWC00000FCKSlYAP,MessengerPlus (Technical)-RenewalMaintenance,SM-MP-RRM-MPRM-TECH
01tWC00000FCKSmYAP,MessengerPlus (Technical),SM-MP-RSS-MPS-TECH
01tWC00000FCKSnYAP,Mizuno Suite (Technical)-NewMaintenance,SM-HCS-RNM-MIZUNE-TECH
01tWC00000FCKSoYAP,Mizuno Suite (Technical),SM-HCS-NRPS-MIZUPE-TECH
01tWC00000FCKSpYAP,Mizuno Suite (Technical)-RenewalMaintenance,SM-HCS-RRM-MIZURE-TECH
01tWC00000FCKSqYAP,Monitor (Technical)-NewMaintenance,SM-ROM-RNM-MONINE-TECH
01tWC00000FCKSrYAP,Monitor (Technical),SM-ROM-NRPS-MONIPE-TECH
01tWC00000FCKSsYAP,Monitor (Technical)-RenewalMaintenance,SM-ROM-RRM-MONIRE-TECH
01tWC00000FCKStYAP,Monitor (Technical),SM-ROM-RSS-MONISU-TECH
01tWC00000FCKSuYAP,MPG Capacity Planning with Performance Navigator (Technical),SM-PN-NRST-MPGC-TECH
01tWC00000FCKSvYAP,MQ Manager (Technical)-NewMaintenance,SM-MQM-RNM-MQMNEW-TECH
01tWC00000FCKSwYAP,MQ Manager (Technical),SM-MQM-NRPS-MQMPER-TECH
01tWC00000FCKSxYAP,MQ Manager (Technical)-RenewalMaintenance,SM-MQM-RRM-MQMREN-TECH
01tWC00000FCKSyYAP,MQ Manager (Technical),SM-MQM-RSS-MQMSUB-TECH
01tWC00000FCLxhYAH,NSS - AIX (Technical)-NewMaintenance,SM-NSS-RNM-NSSAIX-TECH-2
01tWC00000FCLxiYAH,NSS - AIX (Technical),SM-NSS-NRPS-NSSAIP-TECH
01tWC00000FCLxjYAH,NSS - AIX (Technical),SM-NSS-RSS-NSSAIS-TECH-2
01tWC00000FCLxkYAH,NSS - Linux (Technical)-NewMaintenance,SM-NSS-RNM-NSSLNM-TECH
01tWC00000FCLxlYAH,NSS - Linux (Technical),SM-NSS-NRPS-NSSLIN-TECH
01tWC00000FCLxmYAH,NSS - Linux (Technical)-RenewalMaintenance,SM-NSS-RRM-NSSLRM-TECH
01tWC00000FCLxnYAH,NSS - Linux (Technical),SM-NSS-RSS-NSSLIS-TECH
01tWC00000FCLxoYAH,NSS - SNMP Trap Receiver (Technical)-NewMaintenance,SM-NSS-RNM-NSSSNM-TECH
01tWC00000FCLxpYAH,NSS - SNMP Trap Receiver (Technical),SM-NSS-NRPS-NSSSTR-TECH
01tWC00000FCLxqYAH,NSS - SNMP Trap Receiver (Technical)-RenewalMaintenance,SM-NSS-RRM-NSSSNT-TECH
01tWC00000FCLxrYAH,NSS - SNMP Trap Receiver (Technical),SM-NSS-RSS-NSSSNR-TECH
01tWC00000FCLxsYAH,NSS - VIOS (Technical)-NewMaintenance,SM-NSS-RNM-NSSVIO-TECH
01tWC00000FCLxtYAH,NSS - VIOS (Technical),SM-NSS-NRPS-NSSVIP-TECH
01tWC00000FCLxuYAH,NSS - VIOS (Technical)-RenewalMaintenance,SM-NSS-RRM-NSSVRM-TECH
01tWC00000FCLxvYAH,NSS - VIOS (Technical),SM-NSS-RSS-NSSVIS-TECH
01tWC00000FCLxwYAH,NSS - Web Application Monitor (Technical)-NewMaintenance,SM-NSS-RNM-NSSWAM-TECH
01tWC00000FCLxxYAH,NSS - Web Application Monitor (Technical),SM-NSS-NRPS-NSSWEB-TECH
01tWC00000FCLxyYAH,NSS - Web Application Monitor (Technical)-RenewalMaintenance,SM-NSS-RRM-NSSWEA-TECH
01tWC00000FCLxzYAH,NSS - Web Application Monitor (Technical),SM-NSS-RSS-NSSWEM-TECH
01tWC00000FCLy0YAH,NSS - Windows (Technical)-NewMaintenance,SM-NSS-RNM-NSSWNM-TECH
01tWC00000FCLy1YAH,NSS - Windows (Technical),SM-NSS-NRPS-NSSWIN-TECH
01tWC00000FCLy2YAH,NSS - Windows (Technical)-RenewalMaintenance,SM-NSS-RRM-NSSWRM-TECH
01tWC00000FCLy3YAH,NSS - Windows (Technical),SM-NSS-RSS-NSSWIS-TECH
01tWC00000FCLy4YAH,Paragon Suite (Technical)-NewMaintenance,SM-HCS-RNM-PARANE-TECH
01tWC00000FCLy5YAH,Paragon Suite (Technical),SM-HCS-NRPS-PARAPE-TECH
01tWC00000FCLy6YAH,Paragon Suite (Technical)-RenewalMaintenance,SM-HCS-RRM-PARARE-TECH
01tWC00000FCLy7YAH,Paragon Suite (Technical),SM-HCS-RSS-PARASU-TECH
01tWC00000FCLy8YAH,Password Reset (Technical)-NewMaintenance,SM-PRM-RNM-PASSNE-TECH
01tWC00000FCLy9YAH,Password Reset (Technical),SM-PRM-NRPS-PASSPE-TECH
01tWC00000FCLyAYAX,Password Reset (Technical)-RenewalMaintenance,SM-PRM-RRM-PASSRE-TECH
01tWC00000FCLyBYAX,Password Reset (Technical),SM-PRM-RSS-PASSSU-TECH
01tWC00000FCLyCYAX,PeekPlus (Technical)-NewMaintenance,SM-PKP-RNM-PEEKNE-TECH
01tWC00000FCLyDYAX,PeekPlus (Technical),SM-PKP-NRPS-PEEKPE-TECH
01tWC00000FCLyEYAX,PeekPlus (Technical)-RenewalMaintenance,SM-PKP-RRM-PEEKRE-TECH
01tWC00000FCLyFYAX,PeekPlus (Technical),SM-PKP-RSS-PEEKSU-TECH
01tWC00000FCLyGYAX,Perf Analyzer GUI (Technical)-NewMaintenance,SM-PFA-RNM-PAGNEW-TECH
01tWC00000FCLyHYAX,Perf Analyzer GUI (Technical),SM-PFA-NRPS-PAGPER-TECH
01tWC00000FCLyIYAX,Perf Analyzer GUI (Technical)-RenewalMaintenance,SM-PFA-RRM-PAGREN-TECH
01tWC00000FCLyJYAX,Perf Analyzer GUI (Technical),SM-PFA-RSS-PAGSUB-TECH
01tWC00000FCLyKYAX,Performance Analyzer (Technical)-NewMaintenance,SM-PFA-RNM-PANM-TECH
01tWC00000FCLyLYAX,Performance Analyzer (Technical),SM-PFA-NRPS-PAP-TECH
01tWC00000FCLyMYAX,Performance Analyzer (Technical)-RenewalMaintenance,SM-PFA-RRM-PARM-TECH
01tWC00000FCLyNYAX,Performance Analyzer (Technical),SM-PFA-RSS-PAS-TECH
01tWC00000FCLyOYAX,Performance Monitor (Technical)-NewMaintenance,SM-SYM-RNM-PMNM-TECH
01tWC00000FCLyPYAX,Performance Monitor (Technical),SM-SYM-NRPS-PMP-TECH
01tWC00000FCLyQYAX,Performance Monitor (Technical)-RenewalMaintenance,SM-SYM-RRM-PMRM-TECH
01tWC00000FCLyRYAX,Performance Monitor (Technical),SM-SYM-RSS-PMS-TECH
01tWC00000FCLySYAX,Performance Navigator (Technical),SM-PN-NRPS-PNP-TECH
01tWC00000FCLyTYAX,Performance Navigator (Technical)-RenewalMaintenance,SM-PN-RRM-PNRM-TECH
01tWC00000FCLyUYAX,Performance Navigator (Technical),SM-PN-RSS-PNS-TECH
01tWC00000FCN3kYAH,Performance Navigator for IBM i (Technical)-NewMaintenance,SM-PN-RNM-PNIINM-TECH
01tWC00000FCN3lYAH,Performance Navigator for IBM i (Technical)-RenewalMaintenance,SM-PN-RRM-PNIIRM-TECH
01tWC00000FCN3mYAH,Robot (MPG) Services (Technical),SM-PN-NRST-RMS-TECH
01tWC00000FCN3nYAH,Robot (MPG) Recurring Services (Technical),SM-PN-RSP-RMPGRS-TECH
01tWC00000FCN3oYAH,PowerVM (Technical)-NewMaintenance,SM-PN-RNM-POWENE-TECH
01tWC00000FCN3pYAH,PowerVM (Technical),SM-PN-NRPS-POWEPE-TECH
01tWC00000FCN3qYAH,PowerVM (Technical)-RenewalMaintenance,SM-PN-RRM-POWERM-TECH
01tWC00000FCN3rYAH,VISUAL Control Performance Planner - Any Tier- All LPARs (Technical)-NewMaintenance,SM-PN-RNM-VINM-TECH
01tWC00000FCN3sYAH,VISUAL Control Performance Planner - Any Tier- All LPARs (Technical),SM-PN-NRPS-VILP-TECH
01tWC00000FCN3tYAH,VISUAL Control Performance Planner - Any Tier- All LPARs (Technical)-RenewalMaintenance,SM-PN-RRM-VISUAC-TECH
01tWC00000FCN3uYAH,VISUAL Control Performance Planner - Any Tier- All LPARs (Technical),SM-PN-RSS-VILS-TECH
01tWC00000FCN3vYAH,VISUAL Control Performance Planner - for iSeries (Technical)-NewMaintenance,SM-PN-RNM-VISUCO-TECH
01tWC00000FCN3wYAH,VISUAL Control Performance Planner (Technical),SM-PN-NRPS-VISCPPP-TECH
01tWC00000FCN3xYAH,VISUAL Control Performance Planner - for iSeries (Technical)-RenewalMaintenance,SM-PN-RRM-VISCON-TECH
01tWC00000FCN3yYAH,VISUAL Control Performance Planner (Technical),SM-PN-RSS-VISCPPS-TECH
01tWC00000FCN3zYAH,VISUAL Control Performance Planner (Technical)-RenewalMaintenance,SM-PN-RRM-VCPPRM-TECH
01tWC00000FCN40YAH,VISUAL Control Performance Planner (Technical)-NewMaintenance,SM-PN-RNM-VCPPNM-TECH
01tWC00000FCNYrYAP,Capacity Management - New Maintenance (Technical)-NewMaintenance,CM-TQO-RNM-CMNMNM-TECH
01tWC00000FCNYsYAP,Capacity Management (Technical)-RenewalMaintenance,CM-TQO-RRM-CMRM-TECH
01tWC00000FCNYtYAP,CCM Level 1 - PS APP MODULE (Technical)-NewMaintenance,CM-TQO-RNM-CCML1P-TECH
01tWC00000FCNYuYAP,CCM Level 1 - PS APP MODULE (Technical),CM-TQO-NRPS-CCMLEV-TECH
01tWC00000FCNYvYAP,CCM Level 1 - PS APP MODULE (Technical)-RenewalMaintenance,CM-TQO-RRM-CCMLE1-TECH
01tWC00000FCNYwYAP,Claims Metrics (Technical)-NewMaintenance,CM-TQO-RNM-CLAINE-TECH
01tWC00000FCNYxYAP,Claims Metrics (Technical),CM-TQO-NRPS-CLAIPE-TECH
01tWC00000FCNYyYAP,Claims Metrics (Technical)-RenewalMaintenance,CM-TQO-RRM-CLAIRE-TECH
01tWC00000FCNYzYAP,Core Access (Technical)-NewMaintenance,IGA-AAS-RNM-CANM-TECH
01tWC00000FCNZ0YAP,Core Access (Technical),IGA-AAS-NRPS-CAP-TECH
01tWC00000FCNZ1YAP,Core Access (Technical)-RenewalMaintenance,IGA-AAS-RRM-CARM-TECH
01tWC00000FCNZ2YAP,Core Access (Technical),IGA-AAS-RSS-CAS-TECH
01tWC00000FCNZ3YAP,Core Access Assurance Suite (Technical)-NewMaintenance,IGA-AAS-RNM-CAASNM-TECH
01tWC00000FCNZ4YAP,Core Access Assurance Suite (Technical),IGA-AAS-NRPS-CAASP-TECH
01tWC00000FCNZ5YAP,Core Access Assurance Suite (Technical)-RenewalMaintenance,IGA-AAS-RRM-CAASRM-TECH
01tWC00000FCNZ6YAP,Core Access Assurance Suite (Technical),IGA-AAS-RSS-CAASS-TECH
01tWC00000FCNZ7YAP,Core Access Insight (Technical)-NewMaintenance,IGA-CAI-RNM-CAINM-TECH
01tWC00000FCNZ8YAP,Core Access Insight (Technical),IGA-CAI-NRPS-CAIP-TECH
01tWC00000FCNZ9YAP,Core Access Insight (Technical)-RenewalMaintenance,IGA-CAI-RRM-CAIRM-TECH
01tWC00000FCNZAYA5,Core Certify (Technical)-NewMaintenance,IGA-VIS-RNM-CCNM-TECH
01tWC00000FCNZBYA5,Core Certify (Technical),IGA-VIS-NRPS-CCP-TECH
01tWC00000FCNZCYA5,Core Certify (Technical)-RenewalMaintenance,IGA-VIS-RRM-CCRM-TECH
01tWC00000FCNZDYA5,Core Compliance (Technical)-NewMaintenance,IGA-AAS-RNM-CORE-TECH
01tWC00000FCNZEYA5,Core Compliance (Technical),IGA-AAS-NRPS-COCO-TECH
01tWC00000FCNZFYA5,Core Compliance (Technical)-RenewalMaintenance,IGA-AAS-RRM-COREC-TECH
01tWC00000FCNZGYA5,Core Compliance (Technical),IGA-AAS-RSS-CCS-TECH
01tWC00000FCNZHYA5,Core Connector Framework (RDK) (Technical)-NewMaintenance,IGA-AAS-RNM-CCFRNM-TECH
01tWC00000FCNZIYA5,Core Connector Framework (RDK) (Technical),IGA-AAS-NRPS-CCFRP-TECH
01tWC00000FCNZJYA5,Core Connector Framework (RDK) (Technical)-RenewalMaintenance,IGA-AAS-RRM-CCFRRM-TECH
01tWC00000FCNZKYA5,Core Connector Framework (RDK) (Technical),IGA-AAS-RSS-CCFRS-TECH
01tWC00000FCNZLYA5,Core Connector Library (Technical)-NewMaintenance,IGA-AAS-RNM-CCLNM-TECH
01tWC00000FCNZMYA5,Core Connector Library (Technical),IGA-AAS-NRPS-CCLP-TECH
01tWC00000FCNZNYA5,Core Connector Library (Technical)-RenewalMaintenance,IGA-AAS-RRM-CCLRM-TECH
01tWC00000FCNZOYA5,Core Connector Library (Technical),IGA-AAS-RSS-CCLS-TECH
01tWC00000FCNZPYA5,Core IGA (Technical)-NewMaintenance,IGA-AAS-RNM-CINM-TECH
01tWC00000FCNZQYA5,Core IGA (Technical)-RenewalMaintenance,IGA-AAS-RRM-CIRM-TECH
01tWC00000FCNZRYA5,Core IGA Basic Ops Services (Technical),IGA-AAS-NRSU-CIBOS-TECH
01tWC00000FCNZSYA5,Core IGA Flexible Ops Services (Technical),IGA-AAS-NRSU-CIFOS-TECH
01tWC00000FCNZTYA5,Core IGA Hourly Services (Technical),IGA-AAS-NRST-CIHS-TECH
01tWC00000FCNZUYA5,Core IGA On-site Services (Technical),IGA-AAS-NRST-CIOSSS-TECH
01tWC00000FCNZVYA5,Core IGA Online Services (Technical),IGA-AAS-NRST-CIOS-TECH
01tWC00000FCNZWYA5,Core IGA Recurring Ops Services (Technical),IGA-AAS-RSP-CIROS-TECH
01tWC00000FCNZXYA5,Core IGA Travel Expense (Technical),IGA-AAS-NRSE-CITE-TECH
01tWC00000FCNZYYA5,Core Password (Technical)-NewMaintenance,IGA-AAS-RNM-CPNM-TECH
01tWC00000FCNZZYA5,Core Password (Technical),IGA-AAS-NRPS-CPP-TECH
01tWC00000FCNZaYAP,Core Password (Technical)-RenewalMaintenance,IGA-AAS-RRM-CPRM-TECH
01tWC00000FCNZbYAP,Core Password (Technical),IGA-AAS-RSS-CPS-TECH
01tWC00000FCPSZYA5,Automate Intelligent Capture (Technical)-NewMaintenance,RPA-AIC-RNM-AICNM-TECH
01tWC00000FCPSaYAP,Automate Maintenance Add Ons (Technical)-NewMaintenance,RPA-AUT-RNM-AMAONM-TECH
01tWC00000FCPSbYAP,Automate Maintenance Add Ons (Technical),RPA-AUT-NRPS-AMAOP-TECH
01tWC00000FCPScYAP,Automate Maintenance Add Ons (Technical)-RenewalMaintenance,RPA-AUT-RRM-AMAORM-TECH
01tWC00000FCPSdYAP,Automate Maintenance Add Ons (Technical),RPA-AUT-RSS-AMAOS-TECH
01tWC00000FCPSeYAP,Automate Migration Services (Technical),RPA-AUT-NRST-AMS-TECH
01tWC00000FCPSfYAP,Automate OEM Royalty (Technical)-NewMaintenance,RPA-AUT-RNM-AORNM-TECH
01tWC00000FCPSgYAP,Automate OEM Royalty (Technical),RPA-AUT-NRPS-AORP-TECH
01tWC00000FCPShYAP,Automate OEM Royalty (Technical)-RenewalMaintenance,RPA-AUT-RRM-AORRM-TECH
01tWC00000FCPSiYAP,Automate On-site Services (Technical),RPA-AUT-NRST-AOSSS-TECH
01tWC00000FCPSjYAP,Automate Online Services (Technical),RPA-AUT-NRST-AOS-TECH
01tWC00000FCPSkYAP,Automate Ops Console (Technical)-NewMaintenance,RPA-AUT-RNM-AOCNM-TECH
01tWC00000FCPSlYAP,Automate Ops Console (Technical),RPA-AUT-NRPS-AOCP-TECH
01tWC00000FCPSmYAP,Automate Ops Console (Technical)-RenewalMaintenance,RPA-AUT-RRM-AOCRM-TECH
01tWC00000FCPSnYAP,Automate Ops Console (Technical),RPA-AUT-RSS-AOCS-TECH
01tWC00000FCPSoYAP,Automate Plus (Technical)-NewMaintenance,RPA-AUT-RNM-APNM-TECH
01tWC00000FCPSpYAP,Automate Plus (Technical),RPA-AUT-NRPS-APP-TECH
01tWC00000FCPSqYAP,Automate Plus (Technical)-RenewalMaintenance,RPA-AUT-RRM-APRM-TECH
01tWC00000FCPSrYAP,Automate Plus (Technical),RPA-AUT-RSS-AUPL-TECH
01tWC00000FCPSsYAP,Automate Plus - Multi-Deployment Pack (Technical),RPA-AUT-RSS-APMDP-TECH
01tWC00000FCPStYAP,Automate POC Services (Technical),RPA-AUT-NRST-AUPO-TECH
01tWC00000FCPSuYAP,Automate Professional (Technical)-NewMaintenance,RPA-AUD-RNM-AUPR-TECH
01tWC00000FCPSvYAP,Automate Professional (Technical),RPA-AUD-NRPS-AUPP-TECH
01tWC00000FCPSwYAP,Automate Professional (Technical)-RenewalMaintenance,RPA-AUD-RRM-AUTOMP-TECH
01tWC00000FCPSxYAP,Automate Professional (Technical),RPA-AUD-RSS-AUPS-TECH
01tWC00000FCPSyYAP,Automate Professional Action Pack (Technical)-NewMaintenance,RPA-AUD-RNM-APAPNM-TECH
01tWC00000FCPSzYAP,Automate Professional Action Pack (Technical),RPA-AUD-NRPS-APAPP-TECH
01tWC00000FCPT0YAP,Automate Professional Action Pack (Technical)-RenewalMaintenance,RPA-AUD-RRM-APAPRM-TECH
01tWC00000FCPT1YAP,Automate Professional Action Pack (Technical),RPA-AUD-RSS-APAPS-TECH
01tWC00000FCPT2YAP,Automate Quickstart Services (Technical),RPA-AUT-NRSU-AQS-TECH
01tWC00000FCPT3YAP,Automate Remote Services (Technical),RPA-AUT-NRSU-AURE-TECH
01tWC00000FCPT4YAP,Automate Resident Engineer (Technical),RPA-AUT-NRST-ARE-TECH
01tWC00000FCPT5YAP,Automate Runtime (Technical)-NewMaintenance,RPA-AUD-RNM-AURU-TECH
01tWC00000FCPT6YAP,Automate Runtime (Technical),RPA-AUD-NRPS-AURP-TECH
01tWC00000FCPT7YAP,Automate Runtime (Technical)-RenewalMaintenance,RPA-AUD-RRM-ARRM-TECH
01tWC00000FCPT8YAP,Automate Services (Technical)-RenewalMaintenance,RPA-AUT-RRM-ASRM-TECH
01tWC00000FCPT9YAP,Automate Services Expense (Technical),RPA-AUT-NRSE-AUSE-TECH
01tWC00000FCPTAYA5,Automate Ultimate (Technical)-NewMaintenance,RPA-AUT-RNM-AUNM-TECH
01tWC00000FCPTBYA5,Automate Ultimate (Technical),RPA-AUT-NRPS-AUP-TECH
01tWC00000FCPTCYA5,Automate Ultimate (Technical)-RenewalMaintenance,RPA-AUT-RRM-AUUL-TECH
01tWC00000FCPTDYA5,Automate Ultimate (Technical),RPA-AUT-RSS-AUUS-TECH
01tWC00000FCPTEYA5,Automate Upgrade Services (Technical),RPA-AUT-NRST-AUUP-TECH
01tWC00000FCPTFYA5,Automated Analytics Getting Started Services (Technical),NW-INT-NRST-AAGSS-TECH
01tWC00000FCPTGYA5,Automation Audit (Technical),RPA-AUT-NRST-AUAU-TECH
01tWC00000FCPTHYA5,BoKS Administration License Fee (Technical),PIA-PIA-NROR-BOKSAL-TECH
01tWC00000FCPV3YAP,VMC - Debugging Agent (Technical)-NewMaintenance,SM-VMC-RNM-VMCD-TECH
01tWC00000FCPV4YAP,VMC - Debugging Agent (Technical),SM-VMC-NRPS-VDAP-TECH
01tWC00000FCPV5YAP,VMC - Debugging Agent (Technical)-RenewalMaintenance,SM-VMC-RRM-VDAM-TECH
01tWC00000FCPV6YAP,VMC - Debugging Agent (Technical),SM-VMC-RSS-VDAS-TECH
01tWC00000FCPV7YAP,VMC - Debugging Agent (Powered by VDW) (Technical)-NewMaintenance,SM-VMC-RNM-VMDE-TECH
01tWC00000FCPV8YAP,VMC - Debugging Agent (Powered by VDW) (Technical),SM-VMC-NRPS-VMVP-TECH
01tWC00000FCPV9YAP,VMC - Debugging Agent (Powered by VDW) (Technical)-RenewalMaintenance,SM-VMC-RRM-VMCDE-TECH
01tWC00000FCPVAYA5,VMC - Debugging Agent (Powered by VDW) (Technical),SM-VMC-RSS-VMVS-TECH
01tWC00000FCPVBYA5,VMC - Exchange Server Operations Agent (Technical)-NewMaintenance,SM-VMC-RNM-VMCE-TECH
01tWC00000FCPVCYA5,VMC - Exchange Server Operations Agent (Technical),SM-VMC-NRPS-VESP-TECH
01tWC00000FCPVDYA5,VMC - Exchange Server Operations Agent (Technical)-RenewalMaintenance,SM-VMC-RRM-VESM-TECH
01tWC00000FCPVEYA5,VMC - Exchange Server Operations Agent (Technical),SM-VMC-RSS-VESS-TECH
01tWC00000FCPVFYA5,VMC - Hub Option (Technical)-NewMaintenance,SM-VMC-RNM-VMCH-TECH
01tWC00000FCPVGYA5,VMC - Hub Option (Technical),SM-VMC-NRPS-VHOP-TECH
01tWC00000FCPVHYA5,VMC - Hub Option (Technical)-RenewalMaintenance,SM-VMC-RRM-VHOM-TECH
01tWC00000FCPVIYA5,VMC - Hub Option (Technical),SM-VMC-RSS-VHOS-TECH
01tWC00000FCPVJYA5,VMC - iSeries Performance Agent (Powered by VCW) (Technical)-NewMaintenance,SM-VMC-RNM-VISM-TECH
01tWC00000FCPVKYA5,VMC - iSeries Performance Agent (Powered by VCW) (Technical),SM-VMC-NRPS-VMI-TECH
01tWC00000FCPVLYA5,VMC - iSeries Performance Agent (Powered by VCW) (Technical)-RenewalMaintenance,SM-VMC-RRM-VMCISE-TECH
01tWC00000FCPVMYA5,VMC - iSeries Performance Agent (Powered by VCW) (Technical),SM-VMC-RSS-VMCIS-TECH
01tWC00000FCPVNYA5,VMC - iSeries Performance Manager (Technical)-NewMaintenance,SM-VMC-RNM-VMIS-TECH
01tWC00000FCPVOYA5,VMC - iSeries Performance Manager (Technical),SM-VMC-NRPS-VMMP-TECH
01tWC00000FCPVPYA5,VMC - iSeries Performance Manager (Technical)-RenewalMaintenance,SM-VMC-RRM-VMISER-TECH
01tWC00000FCPVQYA5,VMC - iSeries Performance Manager (Technical),SM-VMC-RSS-VMMS-TECH
01tWC00000FCPVRYA5,VMC - iSeries Performance Manager (VCJ & VCP) (Technical)-NewMaintenance,SM-VMC-RNM-VISER-TECH
01tWC00000FCPVSYA5,VMC - iSeries Performance Manager (VCJ & VCP) (Technical),SM-VMC-NRPS-VMISE-TECH
01tWC00000FCPVTYA5,VMC - iSeries Performance Manager (VCJ & VCP) (Technical)-RenewalMaintenance,SM-VMC-RRM-VMISP-TECH
01tWC00000FCPVUYA5,VMC - iSeries Performance Manager (VCJ & VCP) (Technical),SM-VMC-RSS-VMISEP-TECH
01tWC00000FCPVVYA5,VMC - iSeries Security Agent (Technical)-NewMaintenance,SM-VMC-RNM-VMISS-TECH
01tWC00000FCPVWYA5,VMC - iSeries Security Agent (Technical),SM-VMC-NRPS-VMAP-TECH
01tWC00000FCPVXYA5,VMC - iSeries Security Agent (Technical)-RenewalMaintenance,SM-VMC-RRM-VMISES-TECH
01tWC00000FCPVYYA5,VMC - iSeries Security Agent (Technical),SM-VMC-RSS-VISES-TECH
01tWC00000FCPVZYA5,VMC - iSeries SQL Agent (Technical)-NewMaintenance,SM-VMC-RNM-VISSQ-TECH
01tWC00000FCPVaYAP,VMC - iSeries SQL Agent (Technical),SM-VMC-NRPS-VMISSA-TECH
01tWC00000FCPVbYAP,VMC - iSeries SQL Agent (Technical)-RenewalMaintenance,SM-VMC-RRM-VISSA-TECH
01tWC00000FCPVcYAP,VMC - iSeries SQL Agent (Technical),SM-VMC-RSS-VISESA-TECH
01tWC00000FCPVdYAP,VMC - iSeries Support Agent (Technical)-NewMaintenance,SM-VMC-RNM-VISSU-TECH
01tWC00000FCPVeYAP,VMC - iSeries Support Agent (Technical),SM-VMC-NRPS-VISSUA-TECH
01tWC00000FCPVfYAP,VMC - iSeries Support Agent (Technical)-RenewalMaintenance,SM-VMC-RRM-VISSAG-TECH
01tWC00000FCPVgYAP,VMC - iSeries Support Agent (Technical),SM-VMC-RSS-VISSAS-TECH
01tWC00000FCPVhYAP,VMC - iSeries Support Agent (Powered by VSP) (Technical)-NewMaintenance,SM-VMC-RNM-VMCSAN-TECH
01tWC00000FCPViYAP,VMC - iSeries Support Agent (Powered by VSP) (Technical),SM-VMC-NRPS-VMCSAP-TECH
01tWC00000FCPVjYAP,VMC - iSeries Support Agent (Powered by VSP) (Technical)-RenewalMaintenance,SM-VMC-RRM-VMCSAR-TECH
01tWC00000FCPVkYAP,VMC - iSeries Support Agent (Powered by VSP) (Technical),SM-VMC-RSS-VMCSAS-TECH
01tWC00000FCPVlYAP,VMC - iSeries VISION/Orion Agent (Technical)-NewMaintenance,SM-VMC-RNM-VMISV-TECH
01tWC00000FCPVmYAP,VMC - iSeries VISION/Orion Agent (Technical),SM-VMC-NRPS-VMISEV-TECH
01tWC00000FCPVnYAP,VMC - iSeries VISION/Orion Agent (Technical)-RenewalMaintenance,SM-VMC-RRM-VISEV-TECH
01tWC00000FCPVoYAP,VMC - iSeries VISION/Orion Agent (Technical),SM-VMC-RSS-VISVI-TECH
01tWC00000FCPVpYAP,VMC - Linux Operations Agent (Technical)-RenewalMaintenance,SM-VMC-RRM-VLOM-TECH
01tWC00000FCPVqYAP,VMC - Linux Operations Agent (Technical),SM-VMC-RSS-VLOS-TECH
01tWC00000FCPq3YAH,VISUAL Message Center Dashboards (Technical)-NewMaintenance,SM-VIT-RNM-VISUAM-TECH
01tWC00000FCPq4YAH,VISUAL Message Center Dashboards (Technical),SM-VIT-NRPS-VIDP-TECH
01tWC00000FCPq5YAH,VISUAL Message Center Dashboards (Technical)-RenewalMaintenance,SM-VIT-RRM-VISUME-TECH
01tWC00000FCPq6YAH,VISUAL Message Center Dashboards (Technical),SM-VIT-RSS-VIDS-TECH
01tWC00000FCPq7YAH,Vityl IT & Business Monitoring (Technical)-NewMaintenance,SM-VIT-RNM-VIBMNM-TECH
01tWC00000FCPq8YAH,Vityl IT & Business Monitoring (Technical),SM-VIT-NRPS-VIBMP-TECH
01tWC00000FCPq9YAH,Vityl IT & Business Monitoring (Technical)-RenewalMaintenance,SM-VIT-RRM-VIBMRM-TECH
01tWC00000FCPqAYAX,Vityl IT & Business Monitoring (Technical),SM-VIT-RSS-VIBMS-TECH
01tWC00000FCPzhYAH,VMC - Linux Security Agent (Technical)-NewMaintenance,SM-VMC-RNM-VLSM-TECH
01tWC00000FCPziYAH,VMC - Security Agent (Technical),SM-VMC-NRPS-VMCSCAP-TECH
01tWC00000FCPzjYAH,VMC - Linux Security Agent (Technical)-RenewalMaintenance,SM-VMC-RRM-VMLI-TECH
01tWC00000FCPzkYAH,VMC - Security Agent (Technical),SM-VMC-RSS-VMCSCAS-TECH
01tWC00000FCPzlYAH,VMC - Network Operations Agent (Technical)-NewMaintenance,SM-VMC-RNM-VMCN-TECH
01tWC00000FCPzmYAH,VMC - Network Operations Agent (Technical),SM-VMC-NRPS-VNOP-TECH
01tWC00000FCPznYAH,VMC - Network Operations Agent (Technical)-RenewalMaintenance,SM-VMC-RRM-VNOM-TECH
01tWC00000FCPzoYAH,VMC - Network Operations Agent (Technical),SM-VMC-RSS-VNOS-TECH
01tWC00000FCPzpYAH,VMC - Network Syslog Agent (Technical)-NewMaintenance,SM-VMC-RNM-VNSM-TECH
01tWC00000FCPzqYAH,VMC - Network Syslog Agent (Technical),SM-VMC-NRPS-VNSP-TECH
01tWC00000FCPzrYAH,VMC - Network Syslog Agent (Technical)-RenewalMaintenance,SM-VMC-RRM-VMNE-TECH
01tWC00000FCPzsYAH,VMC - Network Syslog Agent (Technical),SM-VMC-RSS-VNSS-TECH
01tWC00000FCPztYAH,VMC - Oracle Operations Agent (Technical)-NewMaintenance,SM-VMC-RNM-VMCO-TECH
01tWC00000FCPzuYAH,VMC - Oracle Operations Agent (Technical),SM-VMC-NRPS-VOOP-TECH
01tWC00000FCPzvYAH,VMC - Oracle Operations Agent (Technical)-RenewalMaintenance,SM-VMC-RRM-VOOM-TECH
01tWC00000FCPzwYAH,VMC - Oracle Operations Agent (Technical),SM-VMC-RSS-VOOS-TECH
01tWC00000FCPzxYAH,VMC - Oracle Security Agent (Technical)-NewMaintenance,SM-VMC-RNM-VOSM-TECH
01tWC00000FCPzyYAH,VMC - Oracle Security Agent (Technical),SM-VMC-NRPS-VOSP-TECH
01tWC00000FCPzzYAH,VMC - Oracle Security Agent (Technical)-RenewalMaintenance,SM-VMC-RRM-VMOR-TECH
01tWC00000FCQ00YAH,VMC - Oracle Security Agent (Technical),SM-VMC-RSS-VOSS-TECH
01tWC00000FCQ01YAH,VMC - Policy Compliance for Windows (Technical)-NewMaintenance,SM-VMC-RNM-VPCM-TECH
01tWC00000FCQ02YAH,VMC - Policy Compliance for Windows (Technical),SM-VMC-NRPS-VPCP-TECH
01tWC00000FCQ03YAH,VMC - Policy Compliance for Windows (Technical)-RenewalMaintenance,SM-VMC-RRM-VMPO-TECH
01tWC00000FCQ04YAH,VMC - Policy Compliance for Windows (Technical),SM-VMC-RSS-VPCS-TECH
01tWC00000FCQ05YAH,VMC - Portal Users (Technical)-NewMaintenance,SM-VMC-RNM-VPUM-TECH
01tWC00000FCQ06YAH,VMC - Portal Users (Technical),SM-VMC-NRPS-VPUP-TECH
01tWC00000FCQ07YAH,VMC - Portal Users (Technical)-RenewalMaintenance,SM-VMC-RRM-VMCPO-TECH
01tWC00000FCQ08YAH,VMC - Portal Users (Technical),SM-VMC-RSS-VPUS-TECH
01tWC00000FCQ09YAH,VMC - SLA Analytics (Technical)-NewMaintenance,SM-VMC-RNM-VSAM-TECH
01tWC00000FCQ0AYAX,VMC - SLA Analytics (Technical),SM-VMC-NRPS-VSAP-TECH
01tWC00000FCQ0BYAX,VMC - SLA Analytics (Technical)-RenewalMaintenance,SM-VMC-RRM-VMSL-TECH
01tWC00000FCQ0CYAX,VMC - SLA Analytics (Technical),SM-VMC-RSS-VSAS-TECH
01tWC00000FCQ0DYAX,VMC - SQL Server Operations Agent (Technical)-NewMaintenance,SM-VMC-RNM-VMSQ-TECH
01tWC00000FCQ0EYAX,VMC - SQL Server Operations Agent (Technical),SM-VMC-NRPS-VMCSQ-TECH
01tWC00000FCQ0FYAX,VMC - SQL Server Operations Agent (Technical)-RenewalMaintenance,SM-VMC-RRM-VMCSQL-TECH
01tWC00000FCQ0GYAX,VMC - SQL Server Operations Agent (Technical),SM-VMC-RSS-VMSQL-TECH
01tWC00000FCQ0HYAX,VMC - SQL Server Security Agent (Technical)-NewMaintenance,SM-VMC-RNM-VSQL-TECH
01tWC00000FCQ0IYAX,VMC - SQL Server Security Agent (Technical),SM-VMC-NRPS-VMCSS-TECH
01tWC00000FCQ0JYAX,VMC - SQL Server Security Agent (Technical)-RenewalMaintenance,SM-VMC-RRM-VMCSQS-TECH
01tWC00000FCQ0KYAX,VMC - SQL Server Security Agent (Technical),SM-VMC-RSS-VMCSSE-TECH
01tWC00000FCQ0LYAX,VMC - Universal Transaction Agent - 5 Script Runners (Technical)-NewMaintenance,SM-VMC-RNM-VMCU-TECH
01tWC00000FCQ0MYAX,VMC - Universal Transaction Agent - 5 Script Runners (Technical),SM-VMC-NRPS-VUTP-TECH
01tWC00000FCQ0NYAX,VMC - Universal Transaction Agent - 5 Script Runners (Technical)-RenewalMaintenance,SM-VMC-RRM-VUTM-TECH
01tWC00000FCQ0OYAX,VMC - Universal Transaction Agent - 5 Script Runners (Technical),SM-VMC-RSS-VUTS-TECH
01tWC00000FCQ0PYAX,VMC - Operations Agent (Technical),SM-VMC-NRPS-VMCOAP-TECH
01tWC00000FCQ0QYAX,VMC - Operations Agent (Technical),SM-VMC-RSS-VMCOAS-TECH
01tWC00000FCQ0RYAX,VMC - Security Agent (Technical)-RenewalMaintenance,SM-VMC-RRM-VSARM-TECH
01tWC00000FCQ0SYAX,VMC - Security Agent (Technical)-NewMaintenance,SM-VMC-RNM-VSANM-TECH
01tWC00000FCQ0TYAX,VMC - Operations Agent (Technical)-RenewalMaintenance,SM-VMC-RRM-VOARM-TECH
01tWC00000FCQ0UYAX,VMC - Operations Agent (Technical)-NewMaintenance,SM-VMC-RNM-VOANM-TECH
01tWC00000FCQQBYA5,ActiveMetrics Enterprise Edition (Technical)-NewMaintenance,CM-TQO-RNM-AMEENM-TECH
01tWC00000FCQQCYA5,ActiveMetrics Enterprise Edition (Technical),CM-TQO-NRPS-AMEEDI-TECH
01tWC00000FCQQDYA5,ActiveMetrics Enterprise Edition (Technical)-RenewalMaintenance,CM-TQO-RRM-AMEERM-TECH
01tWC00000FCQQEYA5,ActiveMetrics Enterprise Plus Edition (Technical)-NewMaintenance,CM-TQO-RNM-AMEPEN-TECH
01tWC00000FCQQFYA5,ActiveMetrics Enterprise Plus Edition (Technical),CM-TQO-NRPS-AMEPEP-TECH
01tWC00000FCQQGYA5,ActiveMetrics Enterprise Plus Edition (Technical)-RenewalMaintenance,CM-TQO-RRM-AMEPER-TECH
01tWC00000FCQQHYA5,AIC Expert Services (Technical),RPA-AUT-RSP-AICEXP-TECH
01tWC00000FCQQIYA5,AIC Quickstart Services (Technical),RPA-AUT-NRSU-AICQUI-TECH
01tWC00000FCQQJYA5,AIC Resident Engineer (Technical),RPA-AUT-NRST-AICRES-TECH
01tWC00000FCQQKYA5,Aspect Communications IVR Software (Technical)-NewMaintenance,IGA-AAS-RNM-ACISNE-TECH
01tWC00000FCQQLYA5,Aspect Communications IVR Software (Technical),IGA-AAS-NRPS-ACISPE-TECH
01tWC00000FCQQMYA5,Aspect Communications IVR Software (Technical)-RenewalMaintenance,IGA-AAS-RRM-ACISRE-TECH
01tWC00000FCQQNYA5,Aspect Communications IVR Software (Technical),IGA-AAS-RSS-ACISSU-TECH
01tWC00000FCQQOYA5,Automate Administration License Fee (Technical),RPA-AUT-NROR-AALF-TECH
01tWC00000FCQQPYA5,Automate Desktop (Technical)-NewMaintenance,RPA-AUD-RNM-ADNM-TECH
01tWC00000FCQQQYA5,Automate Desktop (Technical),RPA-AUD-NRPS-ADP-TECH
01tWC00000FCQQRYA5,Automate Desktop (Technical)-RenewalMaintenance,RPA-AUD-RRM-ADRM-TECH
01tWC00000FCQQSYA5,Automate Desktop (Technical),RPA-AUD-RSS-ADS-TECH
01tWC00000FCQQTYA5,Automate Enterprise (Technical)-NewMaintenance,RPA-AUT-RNM-AUTOMA-TECH
01tWC00000FCQQUYA5,Automate Enterprise (Technical),RPA-AUT-NRPS-AUEN-TECH
01tWC00000FCQQVYA5,Automate Enterprise (Technical)-RenewalMaintenance,RPA-AUT-RRM-AURM-TECH
01tWC00000FCQQWYA5,Automate Enterprise (Technical),RPA-AUT-RSS-AUES-TECH
01tWC00000FCQQXYA5,Automate Enterprise Agent (Technical)-NewMaintenance,RPA-AUT-RNM-AEANM-TECH
01tWC00000FCQQYYA5,Automate Enterprise Agent (Technical),RPA-AUT-NRPS-AEAP-TECH
01tWC00000FCQQZYA5,Automate Enterprise Agent (Technical)-RenewalMaintenance,RPA-AUT-RRM-AEARM-TECH
01tWC00000FCQQaYAP,Automate Enterprise Agent (Technical),RPA-AUT-RSS-AUAS-TECH
01tWC00000FCQQbYAP,Automate Enterprise Developer Tools (Technical)-NewMaintenance,RPA-AUT-RNM-AEDTNM-TECH
01tWC00000FCQQcYAP,Automate Enterprise Developer Tools (Technical),RPA-AUT-NRPS-AEDTP-TECH
01tWC00000FCQQdYAP,Automate Enterprise Developer Tools (Technical)-RenewalMaintenance,RPA-AUT-RRM-AEDTRM-TECH
01tWC00000FCQQeYAP,Automate Enterprise Developer Tools (Technical),RPA-AUT-RSS-AEDTS-TECH
01tWC00000FCQQfYAP,Automate Expert Services (Technical),RPA-AUT-RSP-AUEX-TECH
01tWC00000FCQQgYAP,Automate Full/Premium (Technical)-NewMaintenance,RPA-AUD-RNM-AFPNM-TECH
01tWC00000FCQQhYAP,Automate Full/Premium (Technical),RPA-AUD-NRPS-AFPP-TECH
01tWC00000FCQQiYAP,Automate Full/Premium (Technical)-RenewalMaintenance,RPA-AUD-RRM-AFPRM-TECH
01tWC00000FCQQjYAP,Automate Full/Premium (Technical),RPA-AUD-RSS-AFPS-TECH
01tWC00000FCQQkYAP,Automate Health Check (Technical),RPA-AUT-NRST-AHC-TECH
01tWC00000FCQQlYAP,Automate Hourly Services (Technical),RPA-AUT-NRST-AUHO-TECH
01tWC00000FCQQmYAP,Automate Intelligent Capture (Technical),RPA-AIC-NRPS-AICP-TECH
01tWC00000FCQQnYAP,Automate Intelligent Capture (Technical)-RenewalMaintenance,RPA-AIC-RRM-AICRM-TECH
01tWC00000FCQQoYAP,Automate Intelligent Capture (Technical),RPA-AIC-RSS-AICS-TECH
01tWC00000FCQQpYAP,Automate FTP Essentials (Technical),RPA-AUD-RSS-AFTPES-TECH
01tWC00000FCQQqYAP,Automate Desktop Update (Technical),RPA-AUD-NRST-ADUS-TECH
01tWC00000FCUePYAX,Integrated Access Control (IAC) Option - DATA CONN (Technical)-NewMaintenance,CM-TQO-RNM-IACINE-TECH
01tWC00000FCUeQYAX,Integrated Access Control (IAC) Option - DATA CONN (Technical),CM-TQO-NRPS-IACIPE-TECH
01tWC00000FCUeRYAX,Integrated Access Control (IAC) Option - DATA CONN (Technical)-RenewalMaintenance,CM-TQO-RRM-IACIRE-TECH
01tWC00000FCUeSYAX,Intermapper Server - Freeware (Technical)-NewMaintenance,NW-INT-RNM-ISFNM-TECH
01tWC00000FCUeTYAX,Intermapper Server - Freeware (Technical),NW-INT-NRPS-ISFP-TECH
01tWC00000FCUeUYAX,Intermapper Server - Freeware (Technical)-RenewalMaintenance,NW-INT-RRM-ISFRM-TECH
01tWC00000FCUeVYAX,Intermapper Server (Technical)-NewMaintenance,NW-INT-RNM-ISNM-TECH
01tWC00000FCUeWYAX,Intermapper Server (Technical),NW-INT-NRPS-ISP-TECH
01tWC00000FCUeXYAX,Intermapper Server (Technical)-RenewalMaintenance,NW-INT-RRM-ISRM-TECH
01tWC00000FCUeYYAX,Intermapper Server (Technical),NW-INT-RSS-ISS-TECH
01tWC00000FCUeZYAX,Intermapper Server (Legacy) (Technical)-NewMaintenance,NW-INT-RNM-ISLNM-TECH
01tWC00000FCUeaYAH,Intermapper Server (Legacy) (Technical),NW-INT-NRPS-ISLP-TECH
01tWC00000FCUebYAH,Intermapper Server (Legacy) (Technical)-RenewalMaintenance,NW-INT-RRM-ISLRM-TECH
01tWC00000FCUecYAH,Intermapper Server (Legacy) (Technical),NW-INT-RSS-ISLS-TECH
01tWC00000FCUedYAH,Intermapper Server Bundle (Technical)-NewMaintenance,NW-INT-RNM-ISBNM-TECH
01tWC00000FCUeeYAH,Intermapper Server Bundle (Technical),NW-INT-NRPS-ISBP-TECH
01tWC00000FCUefYAH,Intermapper Server Bundle (Technical)-RenewalMaintenance,NW-INT-RRM-ISBRM-TECH
01tWC00000FCUegYAH,Intermapper Server Bundle (Technical),NW-INT-RSS-ISBS-TECH
01tWC00000FCUehYAH,Intermapper Services (Technical),NW-INT-NRPS-INTERM-TECH
01tWC00000FCUeiYAH,Network Monitoring (Technical)-NewMaintenance,NW-INT-RNM-NMNM-TECH
01tWC00000FCUejYAH,Network Monitoring (Technical)-RenewalMaintenance,NW-INT-RRM-NMRM-TECH
01tWC00000FCUekYAH,Non-Standard Core Connectors (Technical)-NewMaintenance,IGA-AAS-RNM-NSCCNE-TECH
01tWC00000FCUelYAH,Non-Standard Core Connectors (Technical),IGA-AAS-NRPS-NSCCPE-TECH
01tWC00000FCUemYAH,Non-Standard Core Connectors (Technical)-RenewalMaintenance,IGA-AAS-RRM-NSCCRE-TECH
01tWC00000FCUenYAH,Non-Standard Core Connectors (Technical),IGA-AAS-RSS-NSCCSU-TECH
01tWC00000FCUeoYAH,Ops Services (Technical),IGA-AAS-RSP-OPSSRV-TECH
01tWC00000FCUepYAH,Flow Exporters (Technical)-RenewalMaintenance,NW-AA-RRM-FLOWRE-TECH
01tWC00000FCUeqYAH,Flow Exporters (Technical),NW-AA-RSS-FLOWSU-TECH
01tWC00000FCUerYAH,Core Provisioning (Technical)-NewMaintenance,IGA-AAS-RNM-COPR-TECH
01tWC00000FCUesYAH,Core Provisioning (Technical),IGA-AAS-NRPS-COPP-TECH
01tWC00000FCUetYAH,Core Provisioning (Technical)-RenewalMaintenance,IGA-AAS-RRM-COREP-TECH
01tWC00000FCUeuYAH,Core Provisioning (Technical),IGA-AAS-RSS-COPS-TECH
01tWC00000FCUevYAH,Core Role Designer (Technical)-NewMaintenance,IGA-VIS-RNM-CRDNM-TECH
01tWC00000FCUewYAH,Core Role Designer (Technical),IGA-VIS-NRPS-CRDP-TECH
01tWC00000FCUexYAH,Core Role Designer (Technical)-RenewalMaintenance,IGA-VIS-RRM-CRDRM-TECH
01tWC00000FCUeyYAH,Core Role Designer (Technical),IGA-VIS-RSS-CRDS-TECH
01tWC00000FCUezYAH,Flow Exporters (Technical)-NewMaintenance,NW-INT-RNM-FLOWNE-TECH
01tWC00000FCUf0YAH,Flow Exporters (Technical),NW-AA-NRPS-FLOWPE-TECH
01tWC00000FCUf1YAH,Getting Started Services (Technical),NW-INT-NRSU-GETTSE-TECH
01tWC00000FCUf2YAH,Hourly Services (Technical),NW-INT-NRST-HOURLY-TECH
01tWC00000FCUf3YAH,Metrics Catalog - PS-AM (Technical)-NewMaintenance,CM-TQO-RNM-MCPANE-TECH
01tWC00000FCUf4YAH,Metrics Catalog - PS-AM (Technical),CM-TQO-NRPS-MCPAPE-TECH
01tWC00000FCUf5YAH,Metrics Catalog - PS-AM (Technical)-RenewalMaintenance,CM-TQO-RRM-MCPARE-TECH
01tWC00000FCUf6YAH,PMPlus OS2200-1-Year-Tier10-Mainframe (Technical)-NewMaintenance,CM-TQO-RNM-PO1YNE-TECH
01tWC00000FCUf7YAH,PMPlus OS2200-1-Year-Tier10-Mainframe (Technical),CM-TQO-NRPS-PO1YPE-TECH
01tWC00000FCUf8YAH,PMPlus OS2200-1-Year-Tier10-Mainframe (Technical)-RenewalMaintenance,CM-TQO-RRM-PO1YRE-TECH
01tWC00000FCUf9YAH,PMPlus OS2200-1-Year-Tier10-Mainframe (Technical),CM-TQO-RSS-PO1YSU-TECH
01tWC00000FCUfAYAX,Powertech Identity & Access Manager (BoKS) (Technical)-NewMaintenance,PIA-PIA-RNM-PIAMBK-TECH
01tWC00000FCUfBYAX,Powertech Identity & Access Manager (BoKS) (Technical),PIA-PIA-NRPS-PIAP-TECH
01tWC00000FCUfCYAX,Powertech Identity & Access Manager (BoKS) (Technical),PIA-PIA-RSS-PIAS-TECH
01tWC00000FCV4DYAX,TeamQuest Analyzer & Predictor & Surveyor & CMIS for Systems (Technical)-NewMaintenance,CM-TQO-RNM-TQAPSC-TECH
01tWC00000FCV4EYAX,TeamQuest Analyzer & Predictor & Surveyor & CMIS for Systems (Technical),CM-TQO-NRPS-TQAP-TECH
01tWC00000FCV4FYAX,TeamQuest Analyzer & Predictor & Surveyor & CMIS for Systems (Technical)-RenewalMaintenance,CM-TQO-RRM-TEQU-TECH
01tWC00000FCV4GYAX,TeamQuest Analyzer & Surveyor & CMIS for Systems (Technical)-NewMaintenance,CM-TQO-RNM-TQASCS-TECH
01tWC00000FCV4HYAX,TeamQuest Analyzer & Surveyor & CMIS for Systems (Technical),CM-TQO-NRPS-TEAMQ-TECH
01tWC00000FCV4IYAX,TeamQuest Analyzer & Surveyor & CMIS for Systems (Technical)-RenewalMaintenance,CM-TQO-RRM-TEAMQU-TECH
01tWC00000FCV4JYAX,TeamQuest Analyzer & Surveyor & CMIS for Systems (Technical),CM-TQO-RSS-TEAQUE-TECH
01tWC00000FCV4KYAX,TeamQuest Getting Started Services (Technical),CM-TQO-NRSU-TQGSS-TECH
01tWC00000FCV4LYAX,TeamQuest Global Services (Technical),CM-TQO-NRSU-TQGS-TECH
01tWC00000FCV4MYAX,TeamQuest Professional Services (Technical),CM-TQO-NRST-TQPS-TECH
01tWC00000FCV4NYAX,TeamQuest Services (Technical),CM-TQO-NRST-TEQS-TECH
01tWC00000FCV4OYAX,TeamQuest Surveyor for Systems (Technical)-NewMaintenance,CM-TQR-RNM-TQSSNM-TECH
01tWC00000FCV4PYAX,TeamQuest Surveyor for Systems (Technical),CM-TQR-NRPS-TQSSP-TECH
01tWC00000FCV4QYAX,TeamQuest Surveyor for Systems (Technical)-RenewalMaintenance,CM-TQR-RRM-TQSSRM-TECH
01tWC00000FCV4RYAX,TeamQuest Surveyor for Systems (Technical),CM-TQR-RSS-TQSSS-TECH
01tWC00000FCV4SYAX,TeamQuest Travel Expense (Technical),CM-TQO-NRSE-TQTE-TECH
01tWC00000FCV4TYAX,TeamQuest Surveyor (Technical),CM-TQR-RSS-TQSURV-TECH
01tWC00000FCV4UYAX,Unisys - TeamQuest Baseline OS2200-OTC (Technical)-NewMaintenance,CM-TQU-RNM-UTQBOO-TECH
01tWC00000FCV4VYAX,Unisys - TeamQuest Baseline OS2200-OTC (Technical),CM-TQU-NRPS-UNISYS-TECH
01tWC00000FCV4WYAX,Unisys - TeamQuest Baseline OS2200-OTC (Technical)-RenewalMaintenance,CM-TQU-RRM-UTQM-TECH
01tWC00000FCV4XYAX,Unisys - TeamQuest Baseline OS2200-OTC (Technical),CM-TQU-RSUS-UTQS-TECH
01tWC00000FCV4YYAX,Unisys - TeamQuest CULL OS2200-OTC (Technical)-NewMaintenance,CM-TQU-RNM-UTQCOO-TECH
01tWC00000FCV4ZYAX,Unisys - TeamQuest CULL OS2200-OTC (Technical),CM-TQU-NRPS-UTQP-TECH
01tWC00000FCV4aYAH,Unisys - TeamQuest CULL OS2200-OTC (Technical)-RenewalMaintenance,CM-TQU-RRM-UNTE-TECH
01tWC00000FCV4bYAH,Unisys - TeamQuest CULL OS2200-OTC (Technical),CM-TQU-RSUS-UNOS-TECH
01tWC00000FCV4cYAH,Unisys - TeamQuest D-Fragger OS2200-OTC (Technical)-NewMaintenance,CM-TQU-RNM-UTQDFO-TECH
01tWC00000FCV4dYAH,Unisys - TeamQuest D-Fragger OS2200-OTC (Technical),CM-TQU-NRPS-UNOP-TECH
01tWC00000FCV4eYAH,Unisys - TeamQuest D-Fragger OS2200-OTC (Technical)-RenewalMaintenance,CM-TQU-RRM-UNRM-TECH
01tWC00000FCV4fYAH,Unisys - TeamQuest D-Fragger OS2200-OTC (Technical),CM-TQU-RSUS-UNISYT-TECH
01tWC00000FCV4gYAH,Unisys - TeamQuest Harvest MCP-OTC (Technical)-NewMaintenance,CM-TQU-RNM-UTQHMO-TECH
01tWC00000FCV4hYAH,Unisys - TeamQuest Harvest MCP-OTC (Technical),CM-TQU-NRPS-UNISTE-TECH
01tWC00000FCV4iYAH,Unisys - TeamQuest Harvest MCP-OTC (Technical)-RenewalMaintenance,CM-TQU-RRM-UNITEA-TECH
01tWC00000FCV4jYAH,Unisys - TeamQuest Harvest MCP-OTC (Technical),CM-TQU-RSUS-UNTEAM-TECH
01tWC00000FCV4kYAH,Unisys - TeamQuest IACULL OS2200-OTC (Technical)-NewMaintenance,CM-TQU-RNM-UTQIOO-TECH
01tWC00000FCV4lYAH,Unisys - TeamQuest IACULL OS2200-OTC (Technical),CM-TQU-NRPS-UTEAM-TECH
01tWC00000FCV4mYAH,Unisys - TeamQuest IACULL OS2200-OTC (Technical)-RenewalMaintenance,CM-TQU-RRM-UNISTQ-TECH
01tWC00000FCV4nYAH,Unisys - TeamQuest IACULL OS2200-OTC (Technical),CM-TQU-RSUS-UNITEQ-TECH
01tWC00000FCV4oYAH,Unisys - TeamQuest LA OS2200-OTC (Technical)-NewMaintenance,CM-TQU-RNM-UTQLOO-TECH
01tWC00000FCV4pYAH,Unisys - TeamQuest LA OS2200-OTC (Technical),CM-TQU-NRPS-UNITQU-TECH
01tWC00000FCV4qYAH,Unisys - TeamQuest LA OS2200-OTC (Technical)-RenewalMaintenance,CM-TQU-RRM-UNTEAQ-TECH
01tWC00000FCV4rYAH,Unisys - TeamQuest LA OS2200-OTC (Technical),CM-TQU-RSUS-UNTQUE-TECH
01tWC00000FCV4sYAH,Unisys - TeamQuest MS2200 OS2200-OTC (Technical)-NewMaintenance,CM-TQU-RNM-UTQMOO-TECH
01tWC00000FCV4tYAH,Unisys - TeamQuest MS2200 OS2200-OTC (Technical),CM-TQU-NRPS-UTEAQU-TECH
01tWC00000FCV4uYAH,Unisys - TeamQuest MS2200 OS2200-OTC (Technical)-RenewalMaintenance,CM-TQU-RRM-UTEQUE-TECH
01tWC00000FCV4vYAH,Unisys - TeamQuest MS2200 OS2200-OTC (Technical),CM-TQU-RSUS-UNTEQU-TECH
01tWC00000FCV4wYAH,Unisys - TeamQuest MSAR OS2200-OTC (Technical)-NewMaintenance,CM-TQU-RNM-UNNM-TECH
01tWC00000FCV4xYAH,Unisys - TeamQuest MSAR OS2200-OTC (Technical),CM-TQU-NRPS-UNTEQM-TECH
01tWC00000FCV4yYAH,Unisys - TeamQuest MSAR OS2200-OTC (Technical)-RenewalMaintenance,CM-TQU-RRM-UNTQUM-TECH
01tWC00000FCV4zYAH,Unisys - TeamQuest MSAR OS2200-OTC (Technical),CM-TQU-RSUS-UTEQUM-TECH
01tWC00000FCV50YAH,Unisys - TeamQuest MSManager OS2200-OTC (Technical)-RenewalMaintenance,CM-TQU-RRM-UTEQMO-TECH
01tWC00000FiKdVYAV,UAT Power Split Test - Order Line and Hardware --do not delete!,UAT-POWER-OLH-001
01tWC00000Fp0mvYAB,GoAnywhere MFT Enterprise (500 Users),GA-ENT-500-LIC-[FORTRA-DEMO]
01tWC00000Fp0mwYAB,GoAnywhere Agents Bundle - 50 Agents,GA-AGT-050-LIC-[FORTRA-DEMO]
01tWC00000Fp0mxYAB,GoAnywhere Secure Mail Add-On,GA-SMAIL-ADN-LIC-[FORTRA-DEMO]
01tWC00000Fp0myYAB,"Tripwire Enterprise Cloud - 1,000 Assets (Annual)",TW-ENT-CLD-1K-ANN-[FORTRA-DEMO]
01tWC00000Fp0mzYAB,Tripwire Log Center Cloud - 500 GB/day,TW-LC-CLD-500G-ANN-[FORTRA-DEMO]
01tWC00000Fp0n0YAB,Tripwire Connect - Integration Platform (Annual),TW-CONN-SAAS-ANN-[FORTRA-DEMO]
01tWC00000Fp0n1YAB,Core Security ISPF - Annual Maintenance Renewal,CS-ISPF-MAINT-RNW-[FORTRA-DEMO]
01tWC00000Fp0n2YAB,Core Security Access Control - Annual Maintenance Renewal,CS-ACCTRL-MAINT-RNW-[FORTRA-DEMO]
01tWC00000Fp0n3YAB,GoAnywhere MFT - Remote Implementation (Hourly),SVC-GA-IMPL-REM-HR-[FORTRA-DEMO]
01tWC00000Fp0n4YAB,GoAnywhere - Migration Assessment & Planning,SVC-GA-MAP-FIXED-[FORTRA-DEMO]
01tWC00000Fp0n5YAB,GoAnywhere Administrator Training - Virtual (2-Day),SVC-GA-TRN-VIRT-2D-[FORTRA-DEMO]
01tWC00000G3SHtYAN,Fortra Platform - Other,
01tWC00000I6s8DYAR,SC-3339 Conv Product,SC3339-CONV-PROBE
01tWC00000I9PMcYAN,SC3308 Seed Product REPRO,SC3308-SEED-REPRO
01tWC00000IAMWLYA5,Type Probe 2,TYPE-PROBE-2
01tWC00000IAluiYAD,ZZ_E2E_RCA_20260613 Test Product,ZZ_E2E_RCA_20260613
01tWC00000IAqPbYAL,ZZ_E2E_RCA_20260613 Source Product,ZZ_E2E_RCA_20260613-SRC
01tWC00000IAsrBYAT,ZZ_E2E_RCA_Product ZZ_E2E_RCA_20260613,ZZ-E2E-RCA-PRD
01tWC00000IAssnYAD,ZZ_E2E_RCA_Child ZZ_E2E_RCA_20260613,ZZ-E2E-RCA-CHILD
01tWC00000IAt0rYAD,ZZ_E2E_RCA_Bundle ZZ_E2E_RCA_20260613,ZZ-E2E-RCA-BUNDLE
