Product2Id,UnitPrice,Pricebook2.Name,CurrencyIsoCode
01tWC000009oPyxYAE,250,Standard Price Book,USD
01tWC000009oPyyYAE,250,Standard Price Book,USD
01tWC000009oPyzYAE,250,Standard Price Book,USD
01tWC000009oPz0YAE,250,Standard Price Book,USD
01tWC000009oPz1YAE,250,Standard Price Book,USD
01tWC000009oPz2YAE,250,Standard Price Book,USD
01tWC000009oPz3YAE,250,Standard Price Book,USD
01tWC000009oPz4YAE,250,Standard Price Book,USD
01tWC000009oPz5YAE,250,Standard Price Book,USD
01tWC000009oPz6YAE,250,Standard Price Book,USD
01tWC000009oPz7YAE,1200,Standard Price Book,USD
01tWC000009oPz8YAE,1800,Standard Price Book,USD
01tWC000009oPz9YAE,2000,Standard Price Book,USD
01tWC000009oPzAYAU,2500,Standard Price Book,USD
01tWC000009oPzBYAU,1200,Standard Price Book,USD
01tWC000009oPzCYAU,1800,Standard Price Book,USD
01tWC000009oPzDYAU,5000,Standard Price Book,USD
01tWC000009oPzEYAU,5000,Standard Price Book,USD
01tWC000009oPzFYAU,5000,Standard Price Book,USD
01tWC000009oPywYAE,250,Standard Price Book,USD
01tWC000009oPyxYAE,565,Standard Price Book,AUD
01tWC000009oPzFYAU,425,Standard Price Book,AUD
01tWC000009oPzDYAU,1000,Standard Price Book,AUD
01tWC000009oPz2YAE,100,Standard Price Book,AUD
01tWC000009oPywYAE,100,Standard Price Book,AUD
01tWC000009oPyyYAE,100,Standard Price Book,AUD
01tWC000009oPyzYAE,100,Standard Price Book,AUD
01tWC000009oPz1YAE,100,Standard Price Book,AUD
01tWC000009oPz0YAE,100,Standard Price Book,AUD
01tWC000009oPz6YAE,100,Standard Price Book,AUD
01tWC000009oPz5YAE,100,Standard Price Book,AUD
01tWC000009oPz4YAE,100,Standard Price Book,AUD
01tWC000009wy6jYAA,100,Standard Price Book,AUD
01tWC000008rEWTYA2,100,Standard Price Book,USD
01tWC000009oPyxYAE,150,Standard Price Book,USD
01tWC00000DD10PYAT,3750,Standard Price Book,USD
01tWC00000DD10QYAT,2000,Standard Price Book,USD
01tWC00000DD10RYAT,45360,Standard Price Book,USD
01tWC00000DD10TYAT,9200,Standard Price Book,USD
01tWC00000DD10UYAT,120,Standard Price Book,USD
01tWC00000DD2SkYAL,47.27,Standard Price Book,USD
01tWC00000DD10XYAT,47.27,Standard Price Book,USD
01tWC00000DD10YYAT,47.27,Standard Price Book,USD
01tWC00000DD10ZYAT,19500,Standard Price Book,USD
01tWC00000DD10aYAD,26,Standard Price Book,USD
01tWC00000DD10bYAD,19.5,Standard Price Book,USD
01tWC00000DD10cYAD,32051.25,Standard Price Book,USD
01tWC00000DD10dYAD,4070,Standard Price Book,USD
01tWC00000DD10eYAD,2888,Standard Price Book,USD
01tWC00000DD10fYAD,150,Standard Price Book,USD
01tWC00000DD10gYAD,1080,Standard Price Book,USD
01tWC00000DD10jYAD,22500,Standard Price Book,USD
01tWC00000DD10kYAD,166,Standard Price Book,USD
01tWC00000DD10lYAD,137,Standard Price Book,USD
01tWC00000DD2SlYAL,20500,Standard Price Book,USD
01tWC00000DD10oYAD,369,Standard Price Book,USD
01tWC00000DD10pYAD,236.25,Standard Price Book,USD
01tWC00000DD10sYAD,1246,Standard Price Book,USD
01tWC00000DD10tYAD,2615,Standard Price Book,USD
01tWC00000DD10uYAD,5508,Standard Price Book,USD
01tWC00000DD10wYAD,368,Standard Price Book,USD
01tWC00000DD10xYAD,935,Standard Price Book,USD
01tWC00000DD110YAD,935,Standard Price Book,USD
01tWC00000DD111YAD,3,Standard Price Book,USD
01tWC00000DD112YAD,72,Standard Price Book,USD
01tWC00000DD113YAD,300,Standard Price Book,USD
01tWC00000DD115YAD,15000,Standard Price Book,USD
01tWC00000DD116YAD,735,Standard Price Book,USD
01tWC00000DD117YAD,3675,Standard Price Book,USD
01tWC00000DD119YAD,2021.25,Standard Price Book,USD
01tWC00000DD11BYAT,3240,Standard Price Book,USD
01tWC00000DD11EYAT,2200,Standard Price Book,USD
01tWC00000DD11GYAT,46,Standard Price Book,USD
01tWC00000DD11HYAT,1,Standard Price Book,USD
01tWC00000DD11IYAT,3000,Standard Price Book,USD
01tWC00000DD11JYAT,94000,Standard Price Book,USD
01tWC00000DD11KYAT,3,Standard Price Book,USD
01tWC00000DD11LYAT,9,Standard Price Book,USD
01tWC00000DD11SYAT,10000,Standard Price Book,USD
01tWC00000DD11UYAT,41,Standard Price Book,USD
01tWC00000DD11VYAT,2100,Standard Price Book,USD
01tWC00000DD11WYAT,14700,Standard Price Book,USD
01tWC00000DD11YYAT,3150,Standard Price Book,USD
01tWC00000DD11ZYAT,124,Standard Price Book,USD
01tWC00000DD11cYAD,2850,Standard Price Book,USD
01tWC00000DD11eYAD,1568,Standard Price Book,USD
01tWC00000DD11iYAD,15,Standard Price Book,USD
01tWC00000DD11mYAD,41,Standard Price Book,USD
01tWC00000DD11nYAD,5690.4,Standard Price Book,USD
01tWC00000DD11qYAD,8820,Standard Price Book,USD
01tWC00000DD11rYAD,46,Standard Price Book,USD
01tWC00000DD11uYAD,4200,Standard Price Book,USD
01tWC00000DD11wYAD,2310,Standard Price Book,USD
01tWC00000DD11xYAD,12000,Standard Price Book,USD
01tWC00000DD11yYAD,10000,Standard Price Book,USD
01tWC00000DD11zYAD,10000,Standard Price Book,USD
01tWC00000DD120YAD,4500,Standard Price Book,USD
01tWC00000DD122YAD,7000,Standard Price Book,USD
01tWC00000DD124YAD,124,Standard Price Book,USD
01tWC00000DD12BYAT,6000,Standard Price Book,USD
01tWC00000DD12DYAT,5000,Standard Price Book,USD
01tWC00000DD12FYAT,2750,Standard Price Book,USD
01tWC00000DD12JYAT,137,Standard Price Book,USD
01tWC00000DD12LYAT,500,Standard Price Book,USD
01tWC00000DD12NYAT,275,Standard Price Book,USD
01tWC00000DD12RYAT,140,Standard Price Book,USD
01tWC00000DD12TYAT,1000,Standard Price Book,USD
01tWC00000DD12VYAT,550,Standard Price Book,USD
01tWC00000DD12XYAT,500,Standard Price Book,USD
01tWC00000DD12ZYAT,275,Standard Price Book,USD
01tWC00000DD12bYAD,1500,Standard Price Book,USD
01tWC00000DD12dYAD,825,Standard Price Book,USD
01tWC00000DD12fYAD,15000,Standard Price Book,USD
01tWC00000DD12hYAD,8250,Standard Price Book,USD
01tWC00000DD12mYAD,2750,Standard Price Book,USD
01tWC00000DD12oYAD,1000,Standard Price Book,USD
01tWC00000DD12qYAD,550,Standard Price Book,USD
01tWC00000DD12sYAD,500,Standard Price Book,USD
01tWC00000DD12uYAD,275,Standard Price Book,USD
01tWC00000DD12wYAD,500,Standard Price Book,USD
01tWC00000DD12yYAD,275,Standard Price Book,USD
01tWC00000DD130YAD,200,Standard Price Book,USD
01tWC00000DD132YAD,110,Standard Price Book,USD
01tWC00000DD13AYAT,8250,Standard Price Book,USD
01tWC00000DD13CYAT,4915,Standard Price Book,USD
01tWC00000DD13EYAT,2703,Standard Price Book,USD
01tWC00000DD13GYAT,5000,Standard Price Book,USD
01tWC00000DD13IYAT,4088,Standard Price Book,USD
01tWC00000DD13KYAT,2248,Standard Price Book,USD
01tWC00000DD13LYAT,21.6,Standard Price Book,USD
01tWC00000DD13NYAT,13860,Standard Price Book,USD
01tWC00000DD13PYAT,7623,Standard Price Book,USD
01tWC00000DD13RYAT,2100,Standard Price Book,USD
01tWC00000DD13TYAT,1155,Standard Price Book,USD
01tWC00000DD13UYAT,1250,Standard Price Book,USD
01tWC00000DD13WYAT,736,Standard Price Book,USD
01tWC00000DD13YYAT,50.4,Standard Price Book,USD
01tWC00000DD13dYAD,3024,Standard Price Book,USD
01tWC00000DD13eYAD,1663,Standard Price Book,USD
01tWC00000DD13hYAD,1575,Standard Price Book,USD
01tWC00000DD13jYAD,866,Standard Price Book,USD
01tWC00000DD13lYAD,3675,Standard Price Book,USD
01tWC00000DD13nYAD,2021,Standard Price Book,USD
01tWC00000DD13oYAD,1000,Standard Price Book,USD
01tWC00000DD13qYAD,6000,Standard Price Book,USD
01tWC00000DD13sYAD,3600,Standard Price Book,USD
01tWC00000DD13tYAD,3000,Standard Price Book,USD
01tWC00000DD13uYAD,500,Standard Price Book,USD
01tWC00000DD13vYAD,3000,Standard Price Book,USD
01tWC00000DD13xYAD,7000,Standard Price Book,USD
01tWC00000DD13zYAD,3850,Standard Price Book,USD
01tWC00000DD141YAD,1495,Standard Price Book,USD
01tWC00000DD143YAD,822,Standard Price Book,USD
01tWC00000DD145YAD,1500,Standard Price Book,USD
01tWC00000DD147YAD,825,Standard Price Book,USD
01tWC00000DD148YAD,12000,Standard Price Book,USD
01tWC00000DD149YAD,3000,Standard Price Book,USD
01tWC00000DD14BYAT,3495,Standard Price Book,USD
01tWC00000DD14DYAT,1922,Standard Price Book,USD
01tWC00000DD14EYAT,4000,Standard Price Book,USD
01tWC00000DD14FYAT,250,Standard Price Book,USD
01tWC00000DD14HYAT,19305,Standard Price Book,USD
01tWC00000DD14JYAT,21450,Standard Price Book,USD
01tWC00000DD14KYAT,1000,Standard Price Book,USD
01tWC00000DD14MYAT,1000,Standard Price Book,USD
01tWC00000DD14OYAT,4000,Standard Price Book,USD
01tWC00000DD14SYAT,1600,Standard Price Book,USD
01tWC00000DD14TYAT,2000,Standard Price Book,USD
01tWC00000DD14UYAT,2400,Standard Price Book,USD
01tWC00000DD14aYAD,12500,Standard Price Book,USD
01tWC00000DD14cYAD,6875,Standard Price Book,USD
01tWC00000DD14dYAD,58000,Standard Price Book,USD
01tWC00000DD14eYAD,3000,Standard Price Book,USD
01tWC00000DD14fYAD,750,Standard Price Book,USD
01tWC00000DD14gYAD,2000,Standard Price Book,USD
01tWC00000DD14hYAD,500,Standard Price Book,USD
01tWC00000DD14jYAD,4000,Standard Price Book,USD
01tWC00000DD14lYAD,2400,Standard Price Book,USD
01tWC00000DD14nYAD,1200,Standard Price Book,USD
01tWC00000DD14pYAD,660,Standard Price Book,USD
01tWC00000DD14qYAD,5000,Standard Price Book,USD
01tWC00000DD14rYAD,200,Standard Price Book,USD
01tWC00000DD14sYAD,10000,Standard Price Book,USD
01tWC00000DD14uYAD,1495,Standard Price Book,USD
01tWC00000DD14zYAD,275000,Standard Price Book,USD
01tWC00000DD151YAD,150000,Standard Price Book,USD
01tWC00000DD152YAD,4000,Standard Price Book,USD
01tWC00000DD153YAD,500,Standard Price Book,USD
01tWC00000DD154YAD,6600,Standard Price Book,USD
01tWC00000DD155YAD,900,Standard Price Book,USD
01tWC00000DD157YAD,1575,Standard Price Book,USD
01tWC00000DD159YAD,866.25,Standard Price Book,USD
01tWC00000DD15BYAT,5775,Standard Price Book,USD
01tWC00000DD15DYAT,3176.25,Standard Price Book,USD
01tWC00000DD15EYAT,5000,Standard Price Book,USD
01tWC00000DD15FYAT,824,Standard Price Book,USD
01tWC00000DD15GYAT,60000,Standard Price Book,USD
01tWC00000DD15HYAT,60000,Standard Price Book,USD
01tWC00000DD15IYAT,1000,Standard Price Book,USD
01tWC00000DD15JYAT,49,Standard Price Book,USD
01tWC00000DD15LYAT,4000,Standard Price Book,USD
01tWC00000DD15NYAT,5299,Standard Price Book,USD
01tWC00000DD15PYAT,2914,Standard Price Book,USD
01tWC00000DD15QYAT,35.55,Standard Price Book,USD
01tWC00000DD15RYAT,12500,Standard Price Book,USD
01tWC00000DD15UYAT,275,Standard Price Book,USD
01tWC00000DD15gYAD,2000,Standard Price Book,USD
01tWC00000DD15iYAD,500,Standard Price Book,USD
01tWC00000DD15jYAD,26,Standard Price Book,USD
01tWC00000DD15kYAD,14,Standard Price Book,USD
01tWC00000DD15lYAD,50,Standard Price Book,USD
01tWC00000DD15mYAD,50,Standard Price Book,USD
01tWC00000DD15nYAD,14,Standard Price Book,USD
01tWC00000DD15oYAD,50,Standard Price Book,USD
01tWC00000DD15sYAD,149,Standard Price Book,USD
01tWC00000DD15tYAD,34.27,Standard Price Book,USD
01tWC00000DD15uYAD,93,Standard Price Book,USD
01tWC00000DD15vYAD,48,Standard Price Book,USD
01tWC00000DD15xYAD,199,Standard Price Book,USD
01tWC00000DD15yYAD,45.77,Standard Price Book,USD
01tWC00000DD15zYAD,124,Standard Price Book,USD
01tWC00000DD160YAD,10,Standard Price Book,USD
01tWC00000DD162YAD,40,Standard Price Book,USD
01tWC00000DD163YAD,9.2,Standard Price Book,USD
01tWC00000DD164YAD,23,Standard Price Book,USD
01tWC00000DD165YAD,17,Standard Price Book,USD
01tWC00000DD167YAD,69,Standard Price Book,USD
01tWC00000DD168YAD,15.87,Standard Price Book,USD
01tWC00000DD169YAD,42,Standard Price Book,USD
01tWC00000DD16EYAT,12000,Standard Price Book,USD
01tWC00000DD16FYAT,2760,Standard Price Book,USD
01tWC00000DD16GYAT,7440,Standard Price Book,USD
01tWC00000DD16IYAT,2008,Standard Price Book,USD
01tWC00000DD16KYAT,16620,Standard Price Book,USD
01tWC00000DD16MYAT,34750,Standard Price Book,USD
01tWC00000DD16NYAT,7992.5,Standard Price Book,USD
01tWC00000DD16OYAT,21540,Standard Price Book,USD
01tWC00000DD16RYAT,4200,Standard Price Book,USD
01tWC00000DD16SYAT,966,Standard Price Book,USD
01tWC00000DD16TYAT,895,Standard Price Book,USD
01tWC00000DD16UYAT,2340,Standard Price Book,USD
01tWC00000DD16VYAT,2340,Standard Price Book,USD
01tWC00000DD16WYAT,275,Standard Price Book,USD
01tWC00000DD16XYAT,49,Standard Price Book,USD
01tWC00000DD16aYAD,1823,Standard Price Book,USD
01tWC00000DD16cYAD,1003.05,Standard Price Book,USD
01tWC00000DD16dYAD,264,Standard Price Book,USD
01tWC00000DD16jYAD,5000,Standard Price Book,USD
01tWC00000DD16lYAD,2200,Standard Price Book,USD
01tWC00000DD16nYAD,2500,Standard Price Book,USD
01tWC00000DD16pYAD,1000,Standard Price Book,USD
01tWC00000DD17PYAT,2180,Standard Price Book,USD
01tWC00000DD17QYAT,1198.8,Standard Price Book,USD
01tWC00000DD17RYAT,500,Standard Price Book,USD
01tWC00000DD17TYAT,2520,Standard Price Book,USD
01tWC00000DD17UYAT,1386,Standard Price Book,USD
01tWC00000DD17XYAT,2394,Standard Price Book,USD
01tWC00000DD17ZYAT,1476,Standard Price Book,USD
01tWC00000DD17aYAD,2500,Standard Price Book,USD
01tWC00000DD17bYAD,10000,Standard Price Book,USD
01tWC00000DD17cYAD,5900,Standard Price Book,USD
01tWC00000DD17gYAD,600,Standard Price Book,USD
01tWC00000DD17hYAD,850,Standard Price Book,USD
01tWC00000DD17iYAD,350,Standard Price Book,USD
01tWC00000DD17jYAD,10500,Standard Price Book,USD
01tWC00000DD17lYAD,6132,Standard Price Book,USD
01tWC00000DD17nYAD,3373,Standard Price Book,USD
01tWC00000DD17oYAD,39.24,Standard Price Book,USD
01tWC00000DD18GYAT,23.1,Standard Price Book,USD
01tWC00000DD18IYAT,12.71,Standard Price Book,USD
01tWC00000DD18OYAT,23.1,Standard Price Book,USD
01tWC00000DD18RYAT,5.73,Standard Price Book,USD
01tWC00000DD18UYAT,9.45,Standard Price Book,USD
01tWC00000DD18WYAT,5.2,Standard Price Book,USD
01tWC00000DD18YYAT,26250,Standard Price Book,USD
01tWC00000DD18aYAD,14438,Standard Price Book,USD
01tWC00000DD18cYAD,26250,Standard Price Book,USD
01tWC00000DD18eYAD,14438,Standard Price Book,USD
01tWC00000DD18hYAD,25000,Standard Price Book,USD
01tWC00000DD18iYAD,29000,Standard Price Book,USD
01tWC00000DD18jYAD,262.5,Standard Price Book,USD
01tWC00000DD18kYAD,2362.5,Standard Price Book,USD
01tWC00000DD18lYAD,1050,Standard Price Book,USD
01tWC00000DD18mYAD,73500,Standard Price Book,USD
01tWC00000DD18nYAD,138000,Standard Price Book,USD
01tWC00000DD18qYAD,60000,Standard Price Book,USD
01tWC00000DD18tYAD,7.88,Standard Price Book,USD
01tWC00000DD18vYAD,4.33,Standard Price Book,USD
01tWC00000DD191YAD,22.91,Standard Price Book,USD
01tWC00000DD193YAD,12.6,Standard Price Book,USD
01tWC00000DD194YAD,1890,Standard Price Book,USD
01tWC00000DD195YAD,9450,Standard Price Book,USD
01tWC00000DD199YAD,20000,Standard Price Book,USD
01tWC00000DD19AYAT,5000,Standard Price Book,USD
01tWC00000DD19CYAT,20000,Standard Price Book,USD
01tWC00000DD19FYAT,2200,Standard Price Book,USD
01tWC00000DD19HYAT,1210,Standard Price Book,USD
01tWC00000DD19IYAT,1050,Standard Price Book,USD
01tWC00000DD19JYAT,1000,Standard Price Book,USD
01tWC00000DD19PYAT,135,Standard Price Book,USD
01tWC00000DD19RYAT,59.99,Standard Price Book,USD
01tWC00000DD19VYAT,350,Standard Price Book,USD
01tWC00000DD19XYAT,2000,Standard Price Book,USD
01tWC00000DD19ZYAT,2500,Standard Price Book,USD
01tWC00000DD19bYAD,1375,Standard Price Book,USD
01tWC00000DD19fYAD,250,Standard Price Book,USD
01tWC00000DD19lYAD,250,Standard Price Book,USD
01tWC00000DD19mYAD,360000,Standard Price Book,USD
01tWC00000DD19nYAD,3500,Standard Price Book,USD
01tWC00000DD19xYAD,3650,Standard Price Book,USD
01tWC00000DD19zYAD,2008,Standard Price Book,USD
01tWC00000DD1A1YAL,1095,Standard Price Book,USD
01tWC00000DD1A3YAL,602,Standard Price Book,USD
01tWC00000DD1A4YAL,0.2,Standard Price Book,USD
01tWC00000DD1A5YAL,0.2,Standard Price Book,USD
01tWC00000DD1A7YAL,12.1,Standard Price Book,USD
01tWC00000DD1AAYA1,16.55,Standard Price Book,USD
01tWC00000DD1ACYA1,9.1,Standard Price Book,USD
01tWC00000DD1AEYA1,16.55,Standard Price Book,USD
01tWC00000DD1AGYA1,9.1,Standard Price Book,USD
01tWC00000DD1AIYA1,16.55,Standard Price Book,USD
01tWC00000DD1AKYA1,9.1,Standard Price Book,USD
01tWC00000DD1AMYA1,3640,Standard Price Book,USD
01tWC00000DD1AOYA1,2002,Standard Price Book,USD
01tWC00000DD1AQYA1,16.55,Standard Price Book,USD
01tWC00000DD1ASYA1,9.1,Standard Price Book,USD
01tWC00000DD1AUYA1,2500,Standard Price Book,USD
01tWC00000DD1AWYA1,1000,Standard Price Book,USD
01tWC00000DD1AbYAL,2100,Standard Price Book,USD
01tWC00000DD1AdYAL,1155,Standard Price Book,USD
01tWC00000DD1AeYAL,8000,Standard Price Book,USD
01tWC00000DD1AfYAL,99000,Standard Price Book,USD
01tWC00000DD1AgYAL,5000,Standard Price Book,USD
01tWC00000DD1AhYAL,10000,Standard Price Book,USD
01tWC00000DD1AiYAL,25000,Standard Price Book,USD
01tWC00000DD1AjYAL,50000,Standard Price Book,USD
01tWC00000DD1AkYAL,12,Standard Price Book,USD
01tWC00000DD1AsYAL,100,Standard Price Book,USD
01tWC00000DD1AuYAL,42,Standard Price Book,USD
01tWC00000DD1AvYAL,3000,Standard Price Book,USD
01tWC00000DD1AwYAL,50000,Standard Price Book,USD
01tWC00000DD1B1YAL,1629,Standard Price Book,USD
01tWC00000DD1B7YAL,6000,Standard Price Book,USD
01tWC00000DD1B9YAL,3300,Standard Price Book,USD
01tWC00000DD1BAYA1,1237.5,Standard Price Book,USD
01tWC00000DD1BBYA1,577.5,Standard Price Book,USD
01tWC00000DD1BCYA1,1237.5,Standard Price Book,USD
01tWC00000DD1BEYA1,24760,Standard Price Book,USD
01tWC00000DD1BGYA1,13618,Standard Price Book,USD
01tWC00000DD1BOYA1,4495,Standard Price Book,USD
01tWC00000DD1BPYA1,1033.85,Standard Price Book,USD
01tWC00000DD1BQYA1,2340,Standard Price Book,USD
01tWC00000DD1BRYA1,144,Standard Price Book,USD
01tWC00000DD1BSYA1,625,Standard Price Book,USD
01tWC00000DD1BTYA1,144,Standard Price Book,USD
01tWC00000DD1BUYA1,325,Standard Price Book,USD
01tWC00000DD1BWYA1,1645,Standard Price Book,USD
01tWC00000DD1BXYA1,378.35,Standard Price Book,USD
01tWC00000DD1BYYA1,895,Standard Price Book,USD
01tWC00000DD1BcYAL,4.8,Standard Price Book,USD
01tWC00000DD1BdYAL,16900,Standard Price Book,USD
01tWC00000DD1BeYAL,70000,Standard Price Book,USD
01tWC00000DD1BgYAL,3.3,Standard Price Book,USD
01tWC00000DD1BiYAL,50000,Standard Price Book,USD
01tWC00000DD1BkYAL,33200,Standard Price Book,USD
01tWC00000DD1BlYAL,14900,Standard Price Book,USD
01tWC00000DD1BmYAL,19900,Standard Price Book,USD
01tWC00000DD1BnYAL,3.3,Standard Price Book,USD
01tWC00000DD1BoYAL,1.6,Standard Price Book,USD
01tWC00000DD1C1YAL,19.5,Standard Price Book,USD
01tWC00000DD1C7YAL,1930,Standard Price Book,USD
01tWC00000DD1C9YAL,1062,Standard Price Book,USD
01tWC00000DD1CBYA1,360,Standard Price Book,USD
01tWC00000DD1CEYA1,2600,Standard Price Book,USD
01tWC00000DD1CFYA1,1137,Standard Price Book,USD
01tWC00000DD1CHYA1,6594,Standard Price Book,USD
01tWC00000DD1CIYA1,9027.6,Standard Price Book,USD
01tWC00000DD1CKYA1,4066.8,Standard Price Book,USD
01tWC00000DD1CNYA1,14638.8,Standard Price Book,USD
01tWC00000DD1COYA1,8044.8,Standard Price Book,USD
01tWC00000DD1CbYAL,36000,Standard Price Book,USD
01tWC00000DD1CcYAL,225,Standard Price Book,USD
01tWC00000DD1CeYAL,3500,Standard Price Book,USD
01tWC00000DD1CfYAL,975,Standard Price Book,USD
01tWC00000DD1CgYAL,1,Standard Price Book,USD
01tWC00000DD1CiYAL,7731,Standard Price Book,USD
01tWC00000DD1ClYAL,17730,Standard Price Book,USD
01tWC00000DD1CoYAL,1800,Standard Price Book,USD
01tWC00000DD1CrYAL,11802,Standard Price Book,USD
01tWC00000DD1CuYAL,12261,Standard Price Book,USD
01tWC00000DD1CxYAL,995,Standard Price Book,USD
01tWC00000DD1D3YAL,1000,Standard Price Book,USD
01tWC00000DD1D9YAL,16.55,Standard Price Book,USD
01tWC00000DD1DBYA1,9.1,Standard Price Book,USD
01tWC00000DD1DDYA1,16.55,Standard Price Book,USD
01tWC00000DD1DFYA1,9.1,Standard Price Book,USD
01tWC00000DD1DHYA1,16.55,Standard Price Book,USD
01tWC00000DD1DJYA1,9.1,Standard Price Book,USD
01tWC00000DD1DNYA1,16.55,Standard Price Book,USD
01tWC00000DD1DPYA1,9.1,Standard Price Book,USD
01tWC00000DD1DSYA1,7500,Standard Price Book,USD
01tWC00000DD1DUYA1,4125,Standard Price Book,USD
01tWC00000DD1DfYAL,5000,Standard Price Book,USD
01tWC00000DD1DhYAL,240,Standard Price Book,USD
01tWC00000DD1DjYAL,92.4,Standard Price Book,USD
01tWC00000DD1DoYAL,500,Standard Price Book,USD
01tWC00000DD1DqYAL,955.65,Standard Price Book,USD
01tWC00000DD1DrYAL,65,Standard Price Book,USD
01tWC00000DD1DsYAL,61.44,Standard Price Book,USD
01tWC00000DD1DtYAL,27354,Standard Price Book,USD
01tWC00000DD1DuYAL,1554,Standard Price Book,USD
01tWC00000DD1DvYAL,777,Standard Price Book,USD
01tWC00000DD1E0YAL,27354,Standard Price Book,USD
01tWC00000DD1E1YAL,16868.4,Standard Price Book,USD
01tWC00000DD1E3YAL,1554,Standard Price Book,USD
01tWC00000DD1E4YAL,958.8,Standard Price Book,USD
01tWC00000DD1E5YAL,5994,Standard Price Book,USD
01tWC00000DD1E7YAL,1208,Standard Price Book,USD
01tWC00000DD1E8YAL,5176.8,Standard Price Book,USD
01tWC00000DD1EAYA1,8394,Standard Price Book,USD
01tWC00000DD1ECYA1,2999,Standard Price Book,USD
01tWC00000DD1EDYA1,2400,Standard Price Book,USD
01tWC00000DD1EHYA1,9598.8,Standard Price Book,USD
01tWC00000DD1EJYA1,5916,Standard Price Book,USD
01tWC00000DD1EMYA1,1624.8,Standard Price Book,USD
01tWC00000DD1EOYA1,2634,Standard Price Book,USD
01tWC00000DD1EQYA1,15750,Standard Price Book,USD
01tWC00000DD1EWYA1,6000,Standard Price Book,USD
01tWC00000DD1EYYA1,2750,Standard Price Book,USD
01tWC00000DD1EZYA1,11998.8,Standard Price Book,USD
01tWC00000DD1EbYAL,5500,Standard Price Book,USD
01tWC00000DD1EcYAL,1950,Standard Price Book,USD
01tWC00000DD1EdYAL,6500,Standard Price Book,USD
01tWC00000DD1EfYAL,12500,Standard Price Book,USD
01tWC00000DD1EgYAL,2750,Standard Price Book,USD
01tWC00000DD1EhYAL,5935,Standard Price Book,USD
01tWC00000DD1EkYAL,12000,Standard Price Book,USD
01tWC00000DD1ElYAL,55000,Standard Price Book,USD
01tWC00000DD1EmYAL,24000,Standard Price Book,USD
01tWC00000DD1EsYAL,1074,Standard Price Book,USD
01tWC00000DD1EtYAL,662.4,Standard Price Book,USD
01tWC00000DD1EvYAL,2814,Standard Price Book,USD
01tWC00000DD1ExYAL,1735.2,Standard Price Book,USD
01tWC00000DD1EyYAL,958.8,Standard Price Book,USD
01tWC00000DD1EzYAL,4794,Standard Price Book,USD
01tWC00000DD1F3YAL,414,Standard Price Book,USD
01tWC00000DD1F4YAL,82.8,Standard Price Book,USD
01tWC00000DD1F7YAL,1074,Standard Price Book,USD
01tWC00000DD1F9YAL,662.4,Standard Price Book,USD
01tWC00000DD1FBYA1,1194,Standard Price Book,USD
01tWC00000DD1FCYA1,736.8,Standard Price Book,USD
01tWC00000DD1FEYA1,4595,Standard Price Book,USD
01tWC00000DD1FGYA1,1106.4,Standard Price Book,USD
01tWC00000DD1FHYA1,919,Standard Price Book,USD
01tWC00000DD1FKYA1,4794,Standard Price Book,USD
01tWC00000DD1FLYA1,2956.8,Standard Price Book,USD
01tWC00000DD1FPYA1,3995,Standard Price Book,USD
01tWC00000DD1FQYA1,2464,Standard Price Book,USD
01tWC00000DD1FVYA1,1074,Standard Price Book,USD
01tWC00000DD1FXYA1,662.4,Standard Price Book,USD
01tWC00000DD1FYYA1,7995,Standard Price Book,USD
01tWC00000DD1FaYAL,1995,Standard Price Book,USD
01tWC00000DD1FeYAL,2634,Standard Price Book,USD
01tWC00000DD1FgYAL,1624.8,Standard Price Book,USD
01tWC00000DD1FhYAL,15750,Standard Price Book,USD
01tWC00000DD1FkYAL,2211,Standard Price Book,USD
01tWC00000DD1FlYAL,1794,Standard Price Book,USD
01tWC00000DD1FnYAL,1099,Standard Price Book,USD
01tWC00000DD1FoYAL,5495,Standard Price Book,USD
01tWC00000DD1FpYAL,9228,Standard Price Book,USD
01tWC00000DD1FrYAL,2500,Standard Price Book,USD
01tWC00000DD1FtYAL,598.5,Standard Price Book,USD
01tWC00000DD1FuYAL,2992.5,Standard Price Book,USD
01tWC00000DD1G0YAL,1074,Standard Price Book,USD
01tWC00000DD1G1YAL,662.4,Standard Price Book,USD
01tWC00000DD1G2YAL,3515,Standard Price Book,USD
01tWC00000DD1G6YAL,333,Standard Price Book,USD
01tWC00000DD1G7YAL,330,Standard Price Book,USD
01tWC00000DD1GBYA1,3995,Standard Price Book,USD
01tWC00000DD1GCYA1,2464,Standard Price Book,USD
01tWC00000DD1GDYA1,2065,Standard Price Book,USD
01tWC00000DD1GEYA1,3515,Standard Price Book,USD
01tWC00000DD1GGYA1,5495,Standard Price Book,USD
01tWC00000DD1GIYA1,4066.8,Standard Price Book,USD
01tWC00000DD1GKYA1,1497,Standard Price Book,USD
01tWC00000DD1GcYAL,1575,Standard Price Book,USD
01tWC00000DD1GeYAL,866.25,Standard Price Book,USD
01tWC00000DD1GjYAL,5775,Standard Price Book,USD
01tWC00000DD1GlYAL,3176.25,Standard Price Book,USD
01tWC00000DD1GnYAL,0.2,Standard Price Book,USD
01tWC00000DD1GoYAL,2925,Standard Price Book,USD
01tWC00000DD1GvYAL,12000,Standard Price Book,USD
01tWC00000DD1GwYAL,5000,Standard Price Book,USD
01tWC00000DD1GxYAL,1495,Standard Price Book,USD
01tWC00000DD1GzYAL,2275,Standard Price Book,USD
01tWC00000DD1H0YAL,3500,Standard Price Book,USD
01tWC00000DD1H1YAL,4000,Standard Price Book,USD
01tWC00000DD1H2YAL,6.5,Standard Price Book,USD
01tWC00000DD1H3YAL,39,Standard Price Book,USD
01tWC00000DD1H4YAL,15,Standard Price Book,USD
01tWC00000DD1H6YAL,2500,Standard Price Book,USD
01tWC00000DD1H8YAL,1375,Standard Price Book,USD
01tWC00000DD1HAYA1,250,Standard Price Book,USD
01tWC00000DD1HCYA1,138,Standard Price Book,USD
01tWC00000DD1HEYA1,2500,Standard Price Book,USD
01tWC00000DD1HGYA1,1375,Standard Price Book,USD
01tWC00000DD1HIYA1,2500,Standard Price Book,USD
01tWC00000DD1HKYA1,1000,Standard Price Book,USD
01tWC00000DD1HMYA1,2772,Standard Price Book,USD
01tWC00000DD1HNYA1,1525,Standard Price Book,USD
01tWC00000DD1HUYA1,2625,Standard Price Book,USD
01tWC00000DD1HWYA1,1443.75,Standard Price Book,USD
01tWC00000DD1HhYAL,5965,Standard Price Book,USD
01tWC00000DD1HjYAL,3281,Standard Price Book,USD
01tWC00000DD1HkYAL,3314,Standard Price Book,USD
01tWC00000DD1HlYAL,24000,Standard Price Book,USD
01tWC00000DD1HxYAL,66,Standard Price Book,USD
01tWC00000DD1I5YAL,595,Standard Price Book,USD
01tWC00000DD1I9YAL,149,Standard Price Book,USD
01tWC00000DD1ICYA1,199,Standard Price Book,USD
01tWC00000DD1IFYA1,99,Standard Price Book,USD
01tWC00000DD1IGYA1,23,Standard Price Book,USD
01tWC00000DD1IJYA1,199,Standard Price Book,USD
01tWC00000DD1IOYA1,66,Standard Price Book,USD
01tWC00000DD1ITYA1,199,Standard Price Book,USD
01tWC00000DD1IXYA1,49,Standard Price Book,USD
01tWC00000DD1IaYAL,99,Standard Price Book,USD
01tWC00000DD1IbYAL,23,Standard Price Book,USD
01tWC00000DD1IeYAL,595,Standard Price Book,USD
01tWC00000DD1IhYAL,0.2,Standard Price Book,USD
01tWC00000DD1IiYAL,0.2,Standard Price Book,USD
01tWC00000DD1IkYAL,5,Standard Price Book,USD
01tWC00000DD1ImYAL,2888,Standard Price Book,USD
01tWC00000DD1IrYAL,1500,Standard Price Book,USD
01tWC00000DD1IvYAL,5250,Standard Price Book,USD
01tWC00000DD1IxYAL,2888,Standard Price Book,USD
01tWC00000DD1J3YAL,5250,Standard Price Book,USD
01tWC00000DD1J5YAL,2888,Standard Price Book,USD
01tWC00000DD1J7YAL,2160,Standard Price Book,USD
01tWC00000DD1J9YAL,1733,Standard Price Book,USD
01tWC00000DD1JAYA1,2500,Standard Price Book,USD
01tWC00000DD1JBYA1,25000,Standard Price Book,USD
01tWC00000DD1JDYA1,3150,Standard Price Book,USD
01tWC00000DD1JFYA1,1733,Standard Price Book,USD
01tWC00000DD1JIYA1,5250,Standard Price Book,USD
01tWC00000DD1JKYA1,2888,Standard Price Book,USD
01tWC00000DD1JMYA1,5250,Standard Price Book,USD
01tWC00000DD1JOYA1,2888,Standard Price Book,USD
01tWC00000DD1JPYA1,250,Standard Price Book,USD
01tWC00000DD1JRYA1,3150,Standard Price Book,USD
01tWC00000DD1JTYA1,1733,Standard Price Book,USD
01tWC00000DD1JVYA1,11000,Standard Price Book,USD
01tWC00000DD1JXYA1,6050,Standard Price Book,USD
01tWC00000DD1JZYA1,10000,Standard Price Book,USD
01tWC00000DD1JbYAL,5500,Standard Price Book,USD
01tWC00000DD1JcYAL,2000,Standard Price Book,USD
01tWC00000DD1JeYAL,149,Standard Price Book,USD
01tWC00000DD13bYAD,7500,Standard Price Book,USD
01tWC00000DD1JlYAL,2772,Standard Price Book,USD
01tWC00000DD1JmYAL,1525,Standard Price Book,USD
01tWC00000DD1JvYAL,50000,Standard Price Book,USD
01tWC00000DD1JxYAL,75,Standard Price Book,USD
01tWC00000DD1JzYAL,35,Standard Price Book,USD
01tWC00000DD1K1YAL,100,Standard Price Book,USD
01tWC00000DD1K3YAL,40,Standard Price Book,USD
01tWC00000DD1K5YAL,165,Standard Price Book,USD
01tWC00000DD1K6YAL,161.7,Standard Price Book,USD
01tWC00000DD1K8YAL,65,Standard Price Book,USD
01tWC00000DD1K9YAL,63.7,Standard Price Book,USD
01tWC00000DD1KAYA1,54.88,Standard Price Book,USD
01tWC00000DD1KCYA1,132,Standard Price Book,USD
01tWC00000DD1KDYA1,129.36,Standard Price Book,USD
01tWC00000DD1KFYA1,56,Standard Price Book,USD
01tWC00000DD1KGYA1,49,Standard Price Book,USD
01tWC00000DD1KIYA1,125,Standard Price Book,USD
01tWC00000DD1KLYA1,75,Standard Price Book,USD
01tWC00000DD1KNYA1,35,Standard Price Book,USD
01tWC00000DD1KPYA1,105,Standard Price Book,USD
01tWC00000DD1KRYA1,47,Standard Price Book,USD
01tWC00000DD1KTYA1,36,Standard Price Book,USD
01tWC00000DD1KUYA1,35.28,Standard Price Book,USD
01tWC00000DD1KWYA1,14,Standard Price Book,USD
01tWC00000DD1KXYA1,13.72,Standard Price Book,USD
01tWC00000DD1KZYA1,30,Standard Price Book,USD
01tWC00000DD1KcYAL,15,Standard Price Book,USD
01tWC00000DD1KeYAL,6,Standard Price Book,USD
01tWC00000DD1KgYAL,6175,Standard Price Book,USD
01tWC00000DD1KhYAL,3000,Standard Price Book,USD
01tWC00000DD1KiYAL,1469,Standard Price Book,USD
01tWC00000DD1KjYAL,1491,Standard Price Book,USD
01tWC00000DD1KkYAL,2368,Standard Price Book,USD
01tWC00000DD1KlYAL,2054,Standard Price Book,USD
01tWC00000DD1KmYAL,1556,Standard Price Book,USD
01tWC00000DD1KnYAL,2000,Standard Price Book,USD
01tWC00000DD1KoYAL,9500,Standard Price Book,USD
01tWC00000DD1KpYAL,275,Standard Price Book,USD
01tWC00000DD1KqYAL,5600,Standard Price Book,USD
01tWC00000DD1KuYAL,383,Standard Price Book,USD
01tWC00000DD1KvYAL,2479,Standard Price Book,USD
01tWC00000DD1KwYAL,300,Standard Price Book,USD
01tWC00000DD1LAYA1,3150,Standard Price Book,USD
01tWC00000DD1LBYA1,368,Standard Price Book,USD
01tWC00000DD1LEYA1,206,Standard Price Book,USD
01tWC00000DD1LFYA1,192,Standard Price Book,USD
01tWC00000DD1LGYA1,12000,Standard Price Book,USD
01tWC00000DD1LHYA1,48000,Standard Price Book,USD
01tWC00000DD1LIYA1,2500,Standard Price Book,USD
01tWC00000DD1LJYA1,2479,Standard Price Book,USD
01tWC00000DD1LKYA1,935,Standard Price Book,USD
01tWC00000DD1LLYA1,1469,Standard Price Book,USD
01tWC00000DD1LMYA1,2368,Standard Price Book,USD
01tWC00000DD1LNYA1,1491,Standard Price Book,USD
01tWC00000DD1LOYA1,2054,Standard Price Book,USD
01tWC00000DD1LPYA1,1556,Standard Price Book,USD
01tWC00000DD1LQYA1,2479,Standard Price Book,USD
01tWC00000DD1LRYA1,3150,Standard Price Book,USD
01tWC00000DD1LUYA1,368,Standard Price Book,USD
01tWC00000DD1LcYAL,2750,Standard Price Book,USD
01tWC00000DD1LdYAL,1512.5,Standard Price Book,USD
01tWC00000DD1LjYAL,500,Standard Price Book,USD
01tWC00000DD1LkYAL,1650,Standard Price Book,USD
01tWC00000DD1LoYAL,8400,Standard Price Book,USD
01tWC00000DD1LqYAL,4620,Standard Price Book,USD
01tWC00000DD1LsYAL,18173,Standard Price Book,USD
01tWC00000DD1LuYAL,9995,Standard Price Book,USD
01tWC00000DD1LwYAL,8634,Standard Price Book,USD
01tWC00000DD1LyYAL,4130,Standard Price Book,USD
01tWC00000DD1M0YAL,3680,Standard Price Book,USD
01tWC00000DD1M2YAL,1760,Standard Price Book,USD
01tWC00000DD1M4YAL,9995,Standard Price Book,USD
01tWC00000DD1M6YAL,5497.25,Standard Price Book,USD
01tWC00000DD1M8YAL,26450,Standard Price Book,USD
01tWC00000DD1MAYA1,12650,Standard Price Book,USD
01tWC00000DD1MCYA1,495,Standard Price Book,USD
01tWC00000DD1MEYA1,204.6,Standard Price Book,USD
01tWC00000DD1MGYA1,8970,Standard Price Book,USD
01tWC00000DD1MIYA1,4290,Standard Price Book,USD
01tWC00000DD1MKYA1,5520,Standard Price Book,USD
01tWC00000DD1MMYA1,2640,Standard Price Book,USD
01tWC00000DD1MOYA1,5520,Standard Price Book,USD
01tWC00000DD1MQYA1,2640,Standard Price Book,USD
01tWC00000DD1MSYA1,995,Standard Price Book,USD
01tWC00000DD1MUYA1,547.25,Standard Price Book,USD
01tWC00000DD1MWYA1,14375,Standard Price Book,USD
01tWC00000DD1MYYA1,6875,Standard Price Book,USD
01tWC00000DD1MaYAL,5175,Standard Price Book,USD
01tWC00000DD1McYAL,2475,Standard Price Book,USD
01tWC00000DD1MeYAL,3450,Standard Price Book,USD
01tWC00000DD1MgYAL,1650,Standard Price Book,USD
01tWC00000DD1MiYAL,8050,Standard Price Book,USD
01tWC00000DD1MkYAL,3850,Standard Price Book,USD
01tWC00000DD1MmYAL,15904,Standard Price Book,USD
01tWC00000DD1MnYAL,22506,Standard Price Book,USD
01tWC00000DD1MqYAL,7607,Standard Price Book,USD
01tWC00000DD1MrYAL,10764,Standard Price Book,USD
01tWC00000DD1MvYAL,13972,Standard Price Book,USD
01tWC00000DD1MzYAL,21218,Standard Price Book,USD
01tWC00000DD1N2YAL,6683,Standard Price Book,USD
01tWC00000DD1N3YAL,10148,Standard Price Book,USD
01tWC00000DD1N5YAL,2500,Standard Price Book,USD
01tWC00000DD1N7YAL,253293,Standard Price Book,USD
01tWC00000DD1N9YAL,121141,Standard Price Book,USD
01tWC00000DD1NAYA1,12000,Standard Price Book,USD
01tWC00000DD1NGYA1,4025,Standard Price Book,USD
01tWC00000DD1NIYA1,1925,Standard Price Book,USD
01tWC00000DD1NKYA1,3995,Standard Price Book,USD
01tWC00000DD1NMYA1,2197.25,Standard Price Book,USD
01tWC00000DD1NOYA1,8050,Standard Price Book,USD
01tWC00000DD1NQYA1,3850,Standard Price Book,USD
01tWC00000DD1NSYA1,1000,Standard Price Book,USD
01tWC00000DD1NUYA1,550,Standard Price Book,USD
01tWC00000DD1NaYAL,7875,Standard Price Book,USD
01tWC00000DD1NcYAL,4331,Standard Price Book,USD
01tWC00000DD1NdYAL,2495,Standard Price Book,USD
01tWC00000DD1NeYAL,0.2,Standard Price Book,USD
01tWC00000DD1NfYAL,0.6,Standard Price Book,USD
01tWC00000DD1NgYAL,2600,Standard Price Book,USD
01tWC00000DD1NhYAL,4000,Standard Price Book,USD
01tWC00000DD1NiYAL,4050,Standard Price Book,USD
01tWC00000DD1NkYAL,2500,Standard Price Book,USD
01tWC00000DD1NmYAL,7475,Standard Price Book,USD
01tWC00000DD1NoYAL,3575,Standard Price Book,USD
01tWC00000DD1NqYAL,35708,Standard Price Book,USD
01tWC00000DD1NrYAL,42953,Standard Price Book,USD
01tWC00000DD1NtYAL,17078,Standard Price Book,USD
01tWC00000DD1NuYAL,20543,Standard Price Book,USD
01tWC00000DD1NwYAL,107718,Standard Price Book,USD
01tWC00000DD1NyYAL,51558,Standard Price Book,USD
01tWC00000DD1O0YAL,7500,Standard Price Book,USD
01tWC00000DD1O2YAL,4125,Standard Price Book,USD
01tWC00000DD1O4YAL,64400,Standard Price Book,USD
01tWC00000DD1O5YAL,70840,Standard Price Book,USD
01tWC00000DD1O7YAL,30800,Standard Price Book,USD
01tWC00000DD1O8YAL,33830,Standard Price Book,USD
01tWC00000DD1OAYA1,15000,Standard Price Book,USD
01tWC00000DD1OCYA1,8250,Standard Price Book,USD
01tWC00000DD1OEYA1,76702,Standard Price Book,USD
01tWC00000DD1OFYA1,29160,Standard Price Book,USD
01tWC00000DD1OGYA1,84203,Standard Price Book,USD
01tWC00000DD1OIYA1,43158,Standard Price Book,USD
01tWC00000DD1OJYA1,16038,Standard Price Book,USD
01tWC00000DD1OKYA1,44001,Standard Price Book,USD
01tWC00000DD1OLYA1,2000,Standard Price Book,USD
01tWC00000DD1ONYA1,7475,Standard Price Book,USD
01tWC00000DD1OPYA1,3575,Standard Price Book,USD
01tWC00000DD1ORYA1,8395,Standard Price Book,USD
01tWC00000DD1OTYA1,4015,Standard Price Book,USD
01tWC00000DD1OVYA1,2995,Standard Price Book,USD
01tWC00000DD1OXYA1,1647.25,Standard Price Book,USD
01tWC00000DD1OZYA1,4025,Standard Price Book,USD
01tWC00000DD1ObYAL,1925,Standard Price Book,USD
01tWC00000DD1OcYAL,550,Standard Price Book,USD
01tWC00000DD1OhYAL,4025,Standard Price Book,USD
01tWC00000DD1OjYAL,1925,Standard Price Book,USD
01tWC00000DD1OlYAL,495,Standard Price Book,USD
01tWC00000DD1OnYAL,272.25,Standard Price Book,USD
01tWC00000DD1OpYAL,35679,Standard Price Book,USD
01tWC00000DD1OqYAL,42521,Standard Price Book,USD
01tWC00000DD1OrYAL,53420,Standard Price Book,USD
01tWC00000DD1OtYAL,17064,Standard Price Book,USD
01tWC00000DD1OuYAL,20337,Standard Price Book,USD
01tWC00000DD1OvYAL,26410,Standard Price Book,USD
01tWC00000DD1OxYAL,2500,Standard Price Book,USD
01tWC00000DD1P0YAL,9000,Standard Price Book,USD
01tWC00000DD1P2YAL,4950,Standard Price Book,USD
01tWC00000DD1P4YAL,10453.5,Standard Price Book,USD
01tWC00000DD1P6YAL,5000,Standard Price Book,USD
01tWC00000DD1P8YAL,19550,Standard Price Book,USD
01tWC00000DD1PAYA1,9350,Standard Price Book,USD
01tWC00000DD1PCYA1,6000,Standard Price Book,USD
01tWC00000DD1PEYA1,6875,Standard Price Book,USD
01tWC00000DD1PGYA1,2270,Standard Price Book,USD
01tWC00000DD1PPYA1,865,Standard Price Book,USD
01tWC00000DD1PRYA1,476,Standard Price Book,USD
01tWC00000DD1PTYA1,3675,Standard Price Book,USD
01tWC00000DD1PVYA1,2021,Standard Price Book,USD
01tWC00000DD1PWYA1,300,Standard Price Book,USD
01tWC00000DD1PXYA1,275,Standard Price Book,USD
01tWC00000DD1PaYAL,2275,Standard Price Book,USD
01tWC00000DD1PbYAL,2000,Standard Price Book,USD
01tWC00000DD1PiYAL,138,Standard Price Book,USD
01tWC00000DD1PjYAL,200,Standard Price Book,USD
01tWC00000DD1PkYAL,220,Standard Price Book,USD
01tWC00000DD1PlYAL,250,Standard Price Book,USD
01tWC00000DD1PmYAL,275,Standard Price Book,USD
01tWC00000DD1PnYAL,250,Standard Price Book,USD
01tWC00000DD1PoYAL,275,Standard Price Book,USD
01tWC00000DD1PpYAL,250,Standard Price Book,USD
01tWC00000DD1PrYAL,2310,Standard Price Book,USD
01tWC00000DD1PtYAL,1270.5,Standard Price Book,USD
01tWC00000DD1PvYAL,14.66,Standard Price Book,USD
01tWC00000DD1PyYAL,6300,Standard Price Book,USD
01tWC00000DD1PzYAL,3465,Standard Price Book,USD
01tWC00000DD1Q2YAL,1000,Standard Price Book,USD
01tWC00000DD1Q4YAL,3000,Standard Price Book,USD
01tWC00000DD1Q6YAL,2625,Standard Price Book,USD
01tWC00000DD1Q8YAL,1443.75,Standard Price Book,USD
01tWC00000DCwVPYA1,12600,Standard Price Book,USD
01tWC00000DCwVRYA1,6930,Standard Price Book,USD
01tWC00000DCwVWYA1,3000,Standard Price Book,USD
01tWC00000DCwVYYA1,1650,Standard Price Book,USD
01tWC00000DCwVdYAL,630,Standard Price Book,USD
01tWC00000DCwVfYAL,346.5,Standard Price Book,USD
01tWC00000DCwVkYAL,13,Standard Price Book,USD
01tWC00000DCwVmYAL,236.37,Standard Price Book,USD
01tWC00000DCwVoYAL,130,Standard Price Book,USD
01tWC00000DCwVqYAL,650,Standard Price Book,USD
01tWC00000DCwVrYAL,2500,Standard Price Book,USD
01tWC00000DCwVsYAL,8000,Standard Price Book,USD
01tWC00000DCwVtYAL,20000,Standard Price Book,USD
01tWC00000DCwVwYAL,358,Standard Price Book,USD
01tWC00000DCwVxYAL,1375,Standard Price Book,USD
01tWC00000DCwVyYAL,4400,Standard Price Book,USD
01tWC00000DCwVzYAL,11000,Standard Price Book,USD
01tWC00000DCwW5YAL,2000,Standard Price Book,USD
01tWC00000DCwW7YAL,1100,Standard Price Book,USD
01tWC00000DCwWCYA1,3206,Standard Price Book,USD
01tWC00000DCwWEYA1,488,Standard Price Book,USD
01tWC00000DCwWIYA1,259,Standard Price Book,USD
01tWC00000DCwWKYA1,1085,Standard Price Book,USD
01tWC00000DCwWMYA1,1546,Standard Price Book,USD
01tWC00000DCwWNYA1,300,Standard Price Book,USD
01tWC00000DCwWRYA1,50.04,Standard Price Book,USD
01tWC00000DCwWVYA1,35,Standard Price Book,USD
01tWC00000DCwWWYA1,8.05,Standard Price Book,USD
01tWC00000DCwWXYA1,22,Standard Price Book,USD
01tWC00000DCwWbYAL,10000,Standard Price Book,USD
01tWC00000DCwWdYAL,4.73,Standard Price Book,USD
01tWC00000DCwWfYAL,2.6,Standard Price Book,USD
01tWC00000DCwWmYAL,5775,Standard Price Book,USD
01tWC00000DCwWoYAL,3176.25,Standard Price Book,USD
01tWC00000DCwWtYAL,4560,Standard Price Book,USD
01tWC00000DCwWxYAL,7000,Standard Price Book,USD
01tWC00000DD1QDYA1,3850,Standard Price Book,USD
01tWC00000DD1QEYA1,50000,Standard Price Book,USD
01tWC00000DD1QGYA1,3203,Standard Price Book,USD
01tWC00000DD1QIYA1,1761.8,Standard Price Book,USD
01tWC00000DD1QKYA1,6170,Standard Price Book,USD
01tWC00000DD1QMYA1,3394,Standard Price Book,USD
01tWC00000DD1QOYA1,8205,Standard Price Book,USD
01tWC00000DD1QQYA1,4513,Standard Price Book,USD
01tWC00000DD1QSYA1,13540,Standard Price Book,USD
01tWC00000DD1QUYA1,7447,Standard Price Book,USD
01tWC00000DD1QWYA1,22340,Standard Price Book,USD
01tWC00000DD1QYYA1,12287,Standard Price Book,USD
01tWC00000DD1QeYAL,4920,Standard Price Book,USD
01tWC00000DD1QgYAL,2600,Standard Price Book,USD
01tWC00000DD1QhYAL,750,Standard Price Book,USD
01tWC00000DD1QiYAL,29.04,Standard Price Book,USD
01tWC00000DD1QnYAL,4088,Standard Price Book,USD
01tWC00000DD1QpYAL,2248,Standard Price Book,USD
01tWC00000DD1R9YAL,11487,Standard Price Book,USD
01tWC00000DD1RBYA1,6318,Standard Price Book,USD
01tWC00000DD1RDYA1,11487,Standard Price Book,USD
01tWC00000DD1RFYA1,6318,Standard Price Book,USD
01tWC00000DD1RVYA1,4000,Standard Price Book,USD
01tWC00000DD1RXYA1,6239,Standard Price Book,USD
01tWC00000DD1RZYA1,3431.6,Standard Price Book,USD
01tWC00000DD1RaYAL,2500,Standard Price Book,USD
01tWC00000DD1RcYAL,2175,Standard Price Book,USD
01tWC00000DD1ReYAL,1196,Standard Price Book,USD
01tWC00000DD1RhYAL,15372,Standard Price Book,USD
01tWC00000DD1RiYAL,8455,Standard Price Book,USD
01tWC00000DD1RlYAL,819,Standard Price Book,USD
01tWC00000DD1RnYAL,450,Standard Price Book,USD
01tWC00000DD09iYAD,36,Standard Price Book,USD
01tWC00000DD09jYAD,36,Standard Price Book,USD
01tWC00000DD09nYAD,4088,Standard Price Book,USD
01tWC00000DD09pYAD,2248,Standard Price Book,USD
01tWC00000DD09rYAD,3119,Standard Price Book,USD
01tWC00000DD09tYAD,1715.85,Standard Price Book,USD
01tWC00000DD09vYAD,2691,Standard Price Book,USD
01tWC00000DD09xYAD,1480.05,Standard Price Book,USD
01tWC00000DD09zYAD,3119,Standard Price Book,USD
01tWC00000DD0A1YAL,1715.85,Standard Price Book,USD
01tWC00000DD0A3YAL,15750,Standard Price Book,USD
01tWC00000DD0A5YAL,8663,Standard Price Book,USD
01tWC00000DD0AIYA1,1470,Standard Price Book,USD
01tWC00000DD0AKYA1,809,Standard Price Book,USD
01tWC00000DD0AMYA1,2800,Standard Price Book,USD
01tWC00000DD0AOYA1,1540,Standard Price Book,USD
01tWC00000DD0AQYA1,1575,Standard Price Book,USD
01tWC00000DD0ASYA1,866,Standard Price Book,USD
01tWC00000DD0AUYA1,9800,Standard Price Book,USD
01tWC00000DD0AWYA1,5390,Standard Price Book,USD
01tWC00000DD0AYYA1,490,Standard Price Book,USD
01tWC00000DD0AaYAL,270,Standard Price Book,USD
01tWC00000DD0AcYAL,118.18,Standard Price Book,USD
01tWC00000DD0AeYAL,65,Standard Price Book,USD
01tWC00000DD0AgYAL,11.82,Standard Price Book,USD
01tWC00000DD0AiYAL,6.5,Standard Price Book,USD
01tWC00000DD0AkYAL,11.82,Standard Price Book,USD
01tWC00000DD0AmYAL,6.5,Standard Price Book,USD
01tWC00000DD1TSYA1,11.82,Standard Price Book,USD
01tWC00000DD1TUYA1,6.5,Standard Price Book,USD
01tWC00000DD1TWYA1,23.63,Standard Price Book,USD
01tWC00000DD1TYYA1,13,Standard Price Book,USD
01tWC00000DD1TaYAL,2600,Standard Price Book,USD
01tWC00000DD1TcYAL,1430,Standard Price Book,USD
01tWC00000DD1TdYAL,0.2,Standard Price Book,USD
01tWC00000DD1TeYAL,0.2,Standard Price Book,USD
01tWC00000DD1TkYAL,6.5,Standard Price Book,USD
01tWC00000DD1TlYAL,2000,Standard Price Book,USD
01tWC00000DD1TmYAL,2000,Standard Price Book,USD
01tWC00000DD1ToYAL,27.95,Standard Price Book,USD
01tWC00000DD1TvYAL,9500,Standard Price Book,USD
01tWC00000DD1U5YAL,2500,Standard Price Book,USD
01tWC00000DD1U7YAL,1000,Standard Price Book,USD
01tWC00000DD1U8YAL,1000,Standard Price Book,USD
01tWC00000DD1UAYA1,780,Standard Price Book,USD
01tWC00000DD1UCYA1,429,Standard Price Book,USD
01tWC00000DD1UDYA1,2000,Standard Price Book,USD
01tWC00000DD1UEYA1,4957,Standard Price Book,USD
01tWC00000DD1UFYA1,2800,Standard Price Book,USD
01tWC00000DD1UHYA1,4620,Standard Price Book,USD
01tWC00000DD1UJYA1,2541,Standard Price Book,USD
01tWC00000DD1ULYA1,1575,Standard Price Book,USD
01tWC00000DD1UNYA1,866.25,Standard Price Book,USD
01tWC00000DD1UPYA1,3465,Standard Price Book,USD
01tWC00000DD1URYA1,1905.75,Standard Price Book,USD
01tWC00000DD1UTYA1,4172,Standard Price Book,USD
01tWC00000DD1UVYA1,2295,Standard Price Book,USD
01tWC00000DD1UZYA1,2000,Standard Price Book,USD
01tWC00000DD1UbYAL,1405,Standard Price Book,USD
01tWC00000DD1UdYAL,773,Standard Price Book,USD
01tWC00000DD1UjYAL,8504,Standard Price Book,USD
01tWC00000DD1UlYAL,4677.05,Standard Price Book,USD
01tWC00000DD1UoYAL,2000,Standard Price Book,USD
01tWC00000DD1UqYAL,2772,Standard Price Book,USD
01tWC00000DD1UrYAL,1525,Standard Price Book,USD
01tWC00000DD1UtYAL,3600,Standard Price Book,USD
01tWC00000DD1UuYAL,5000,Standard Price Book,USD
01tWC00000DD1UwYAL,2200,Standard Price Book,USD
01tWC00000DD1UyYAL,6000,Standard Price Book,USD
01tWC00000DD1UzYAL,6000,Standard Price Book,USD
01tWC00000DD1V1YAL,8482,Standard Price Book,USD
01tWC00000DD1V3YAL,4665,Standard Price Book,USD
01tWC00000DD1V6YAL,66,Standard Price Book,USD
01tWC00000DD1VBYA1,595,Standard Price Book,USD
01tWC00000DD1ZwYAL,199,Standard Price Book,USD
01tWC00000DD1a1YAD,66,Standard Price Book,USD
01tWC00000DD1a6YAD,199,Standard Price Book,USD
01tWC00000DD1aBYAT,595,Standard Price Book,USD
01tWC00000DD1aFYAT,2200,Standard Price Book,USD
01tWC00000DD1aHYAT,1210,Standard Price Book,USD
01tWC00000DD1aMYAT,4088,Standard Price Book,USD
01tWC00000DD1aOYAT,2248,Standard Price Book,USD
01tWC00000DD1aQYAT,7500,Standard Price Book,USD
01tWC00000DD1aSYAT,550,Standard Price Book,USD
01tWC00000DD1aUYAT,250,Standard Price Book,USD
01tWC00000DD1aWYAT,275,Standard Price Book,USD
01tWC00000DD1aYYAT,20,Standard Price Book,USD
01tWC00000DD1aaYAD,100,Standard Price Book,USD
01tWC00000DD1acYAD,2059,Standard Price Book,USD
01tWC00000DD1aeYAD,1132.75,Standard Price Book,USD
01tWC00000DD1agYAD,8886,Standard Price Book,USD
01tWC00000DD1aiYAD,2536,Standard Price Book,USD
01tWC00000DD1ajYAD,4887.5,Standard Price Book,USD
01tWC00000DD1akYAD,1500,Standard Price Book,USD
01tWC00000DD1amYAD,4226,Standard Price Book,USD
01tWC00000DD1aoYAD,2324.15,Standard Price Book,USD
01tWC00000DD1auYAD,4755,Standard Price Book,USD
01tWC00000DD1awYAD,3852.5,Standard Price Book,USD
01tWC00000DD1axYAD,2000,Standard Price Book,USD
01tWC00000DD1b7YAD,5043,Standard Price Book,USD
01tWC00000DD1b9YAD,2773.8,Standard Price Book,USD
01tWC00000DD1bFYAT,4226,Standard Price Book,USD
01tWC00000DD1bHYAT,4226,Standard Price Book,USD
01tWC00000DD1bJYAT,2324.15,Standard Price Book,USD
01tWC00000DD1bLYAT,65297,Standard Price Book,USD
01tWC00000DD1bNYAT,35913.35,Standard Price Book,USD
01tWC00000DD1bPYAT,4226,Standard Price Book,USD
01tWC00000DD1bRYAT,2324.15,Standard Price Book,USD
01tWC00000DD1bTYAT,48,Standard Price Book,USD
01tWC00000DD1bVYAT,16620,Standard Price Book,USD
01tWC00000DD1bXYAT,2340,Standard Price Book,USD
01tWC00000DD1bZYAT,2294,Standard Price Book,USD
01tWC00000DD1bbYAD,1097.25,Standard Price Book,USD
01tWC00000DD1bdYAD,2294,Standard Price Book,USD
01tWC00000DD1bfYAD,1097.25,Standard Price Book,USD
01tWC00000DD1bhYAD,6894,Standard Price Book,USD
01tWC00000DD1bjYAD,3297.25,Standard Price Book,USD
01tWC00000DD1blYAD,15000,Standard Price Book,USD
01tWC00000DD1bnYAD,8250,Standard Price Book,USD
01tWC00000DD1bpYAD,4226,Standard Price Book,USD
01tWC00000DD1brYAD,1198.8,Standard Price Book,USD
01tWC00000DD1btYAD,355,Standard Price Book,USD
01tWC00000DD1bvYAD,196,Standard Price Book,USD
01tWC00000DD1bwYAD,250,Standard Price Book,USD
01tWC00000DD1bzYAD,3623,Standard Price Book,USD
01tWC00000DD1c1YAD,1992.95,Standard Price Book,USD
01tWC00000DD1c3YAD,2000,Standard Price Book,USD
01tWC00000DD1c5YAD,1100,Standard Price Book,USD
01tWC00000DD1c7YAD,1208,Standard Price Book,USD
01tWC00000DD1c9YAD,664.7,Standard Price Book,USD
01tWC00000DD1cBYAT,3150,Standard Price Book,USD
01tWC00000DD1cDYAT,1733,Standard Price Book,USD
01tWC00000DD1cFYAT,3500,Standard Price Book,USD
01tWC00000DD1cHYAT,2656.5,Standard Price Book,USD
01tWC00000DD1cJYAT,2920,Standard Price Book,USD
01tWC00000DD1cLYAT,1606,Standard Price Book,USD
01tWC00000DD1cNYAT,10000,Standard Price Book,USD
01tWC00000DD1cPYAT,220,Standard Price Book,USD
01tWC00000DD1cQYAT,2200,Standard Price Book,USD
01tWC00000DD1cRYAT,275,Standard Price Book,USD
01tWC00000DD1cUYAT,2265,Standard Price Book,USD
01tWC00000DD1cWYAT,137.5,Standard Price Book,USD
01tWC00000DD1cXYAT,275,Standard Price Book,USD
01tWC00000DD1ccYAD,15000,Standard Price Book,USD
01tWC00000DD1cdYAD,380000,Standard Price Book,USD
01tWC00000DD1ceYAD,215000,Standard Price Book,USD
01tWC00000DD1cfYAD,215000,Standard Price Book,USD
01tWC00000DD1cgYAD,2000,Standard Price Book,USD
01tWC00000DD1chYAD,3450,Standard Price Book,USD
01tWC00000DD1ciYAD,52500,Standard Price Book,USD
01tWC00000DD1cjYAD,2000,Standard Price Book,USD
01tWC00000DD1clYAD,2275,Standard Price Book,USD
01tWC00000DD1cnYAD,6100,Standard Price Book,USD
01tWC00000DD1coYAD,312.5,Standard Price Book,USD
01tWC00000DD1cpYAD,6100,Standard Price Book,USD
01tWC00000DD1cqYAD,250,Standard Price Book,USD
01tWC00000DD1crYAD,2275,Standard Price Book,USD
01tWC00000DD1csYAD,1,Standard Price Book,USD
01tWC00000DD1ctYAD,2400,Standard Price Book,USD
01tWC00000DD1cuYAD,7000,Standard Price Book,USD
01tWC00000DD1cvYAD,3515,Standard Price Book,USD
01tWC00000DD1cwYAD,7000,Standard Price Book,USD
01tWC00000DD1cxYAD,4000,Standard Price Book,USD
01tWC00000DD1cyYAD,250,Standard Price Book,USD
01tWC00000DD1czYAD,10000,Standard Price Book,USD
01tWC00000DD1d0YAD,8355,Standard Price Book,USD
01tWC00000DD1d1YAD,4000,Standard Price Book,USD
01tWC00000DD1d2YAD,4000,Standard Price Book,USD
01tWC00000DD1d3YAD,5935,Standard Price Book,USD
01tWC00000DD1d4YAD,4000,Standard Price Book,USD
01tWC00000DD1d5YAD,7000,Standard Price Book,USD
01tWC00000DD1d6YAD,3515,Standard Price Book,USD
01tWC00000DD1WfYAL,1695,Standard Price Book,USD
01tWC00000DD1WgYAL,15750,Standard Price Book,USD
01tWC00000DD1WhYAL,250,Standard Price Book,USD
01tWC00000DD1WiYAL,15750,Standard Price Book,USD
01tWC00000DD1WjYAL,10000,Standard Price Book,USD
01tWC00000DD1WkYAL,3515,Standard Price Book,USD
01tWC00000DD1WlYAL,1695,Standard Price Book,USD
01tWC00000DD1WmYAL,4000,Standard Price Book,USD
01tWC00000DD1WsYAL,1648,Standard Price Book,USD
01tWC00000DD1X0YAL,2705,Standard Price Book,USD
01tWC00000DD1X2YAL,1488,Standard Price Book,USD
01tWC00000DD1X5YAL,1575,Standard Price Book,USD
01tWC00000DD1X7YAL,866.25,Standard Price Book,USD
01tWC00000DD1X8YAL,1,Standard Price Book,USD
01tWC00000DD1XAYA1,1455,Standard Price Book,USD
01tWC00000DD1XCYA1,800,Standard Price Book,USD
01tWC00000DD1XDYA1,25000,Standard Price Book,USD
01tWC00000DD1XEYA1,25000,Standard Price Book,USD
01tWC00000DD1XIYA1,6300,Standard Price Book,USD
01tWC00000DD1XJYA1,3465,Standard Price Book,USD
01tWC00000DD1XMYA1,962,Standard Price Book,USD
01tWC00000DD1XSYA1,15.6,Standard Price Book,USD
01tWC00000DD1XUYA1,2500,Standard Price Book,USD
01tWC00000DD1XWYA1,1000,Standard Price Book,USD
01tWC00000DD1XYYA1,2500,Standard Price Book,USD
01tWC00000DD1XaYAL,1375,Standard Price Book,USD
01tWC00000DD1XcYAL,593,Standard Price Book,USD
01tWC00000DD1XeYAL,296,Standard Price Book,USD
01tWC00000DD1XmYAL,659,Standard Price Book,USD
01tWC00000DD1XoYAL,329,Standard Price Book,USD
01tWC00000DD1XtYAL,1815,Standard Price Book,USD
01tWC00000DD1XvYAL,908,Standard Price Book,USD
01tWC00000DD1Y0YAL,3465,Standard Price Book,USD
01tWC00000DD1Y2YAL,1905.75,Standard Price Book,USD
01tWC00000DD1YAYA1,8000,Standard Price Book,USD
01tWC00000DD1YBYA1,8000,Standard Price Book,USD
01tWC00000DD1YDYA1,4088,Standard Price Book,USD
01tWC00000DD1YFYA1,2248,Standard Price Book,USD
01tWC00000DD1YJYA1,300,Standard Price Book,USD
01tWC00000DD1YKYA1,300,Standard Price Book,USD
01tWC00000DD1YMYA1,2789,Standard Price Book,USD
01tWC00000DD1YOYA1,1534.1,Standard Price Book,USD
01tWC00000DD1YQYA1,4439,Standard Price Book,USD
01tWC00000DD1YSYA1,2441.45,Standard Price Book,USD
01tWC00000DD1YUYA1,7107,Standard Price Book,USD
01tWC00000DD1YVYA1,7107,Standard Price Book,USD
01tWC00000DD1YWYA1,7107,Standard Price Book,USD
01tWC00000DD1YXYA1,7107,Standard Price Book,USD
01tWC00000DD1YYYA1,7107,Standard Price Book,USD
01tWC00000DD1YaYAL,3908.85,Standard Price Book,USD
01tWC00000DD1YbYAL,3908.85,Standard Price Book,USD
01tWC00000DD1YcYAL,3908.85,Standard Price Book,USD
01tWC00000DD1YdYAL,3908.85,Standard Price Book,USD
01tWC00000DD1YeYAL,3908.85,Standard Price Book,USD
01tWC00000DD1YgYAL,4508,Standard Price Book,USD
01tWC00000DD1YiYAL,2479.4,Standard Price Book,USD
01tWC00000DD1YkYAL,5003,Standard Price Book,USD
01tWC00000DD1YmYAL,2751.95,Standard Price Book,USD
01tWC00000DD1YoYAL,3301,Standard Price Book,USD
01tWC00000DD1YqYAL,1815.85,Standard Price Book,USD
01tWC00000DD1YsYAL,5750,Standard Price Book,USD
01tWC00000DD1YuYAL,3162.5,Standard Price Book,USD
01tWC00000DD1YwYAL,1610,Standard Price Book,USD
01tWC00000DD1YyYAL,885.5,Standard Price Book,USD
01tWC00000DD1Z0YAL,805,Standard Price Book,USD
01tWC00000DD1Z2YAL,442.75,Standard Price Book,USD
01tWC00000DD1Z4YAL,3220,Standard Price Book,USD
01tWC00000DD1Z6YAL,1771,Standard Price Book,USD
01tWC00000DD1Z8YAL,2789,Standard Price Book,USD
01tWC00000DD1ZAYA1,1534.1,Standard Price Book,USD
01tWC00000DD1ZCYA1,4370,Standard Price Book,USD
01tWC00000DD1ZEYA1,2403.5,Standard Price Book,USD
01tWC00000DD1ZGYA1,5060,Standard Price Book,USD
01tWC00000DD1ZIYA1,2783,Standard Price Book,USD
01tWC00000DD1ZKYA1,5537,Standard Price Book,USD
01tWC00000DD1ZMYA1,3045.2,Standard Price Book,USD
01tWC00000DD1ZOYA1,4180,Standard Price Book,USD
01tWC00000DD1ZQYA1,2298.85,Standard Price Book,USD
01tWC00000DD1ZSYA1,207.9,Standard Price Book,USD
01tWC00000DD1ZVYA1,2789,Standard Price Book,USD
01tWC00000DD1ZXYA1,1534.1,Standard Price Book,USD
01tWC00000DD1ZYYA1,1200,Standard Price Book,USD
01tWC00000DD1ZZYA1,275,Standard Price Book,USD
01tWC00000DD1ZfYAL,3703,Standard Price Book,USD
01tWC00000DD1ZhYAL,325,Standard Price Book,USD
01tWC00000DD1ZiYAL,49,Standard Price Book,USD
01tWC00000DD1ZkYAL,2789,Standard Price Book,USD
01tWC00000DD1ZmYAL,1534.1,Standard Price Book,USD
01tWC00000DD1ZoYAL,2651,Standard Price Book,USD
01tWC00000DD1ZqYAL,1458.2,Standard Price Book,USD
01tWC00000DD1ZsYAL,2962,Standard Price Book,USD
01tWC00000DD1d8YAD,1629.55,Standard Price Book,USD
01tWC00000DD1dLYAT,2000,Standard Price Book,USD
01tWC00000DD1dPYAT,7875,Standard Price Book,USD
01tWC00000DD1dRYAT,4331.25,Standard Price Book,USD
01tWC00000DD1dTYAT,1575,Standard Price Book,USD
01tWC00000DD1dVYAT,866.25,Standard Price Book,USD
01tWC00000DD1dbYAD,1208,Standard Price Book,USD
01tWC00000DD1ddYAD,664.7,Standard Price Book,USD
01tWC00000DD1dfYAD,8.6,Standard Price Book,USD
01tWC00000DD1dhYAD,4.73,Standard Price Book,USD
01tWC00000DD1diYAD,275,Standard Price Book,USD
01tWC00000DD1djYAD,3500,Standard Price Book,USD
01tWC00000DD1dkYAD,13,Standard Price Book,USD
01tWC00000DD1dmYAD,2789,Standard Price Book,USD
01tWC00000DD1doYAD,1534.1,Standard Price Book,USD
01tWC00000DD1dpYAD,4125,Standard Price Book,USD
01tWC00000DD1dqYAD,4125,Standard Price Book,USD
01tWC00000DD1dvYAD,1155,Standard Price Book,USD
01tWC00000DD1dxYAD,7000,Standard Price Book,USD
01tWC00000DD1dzYAD,1512,Standard Price Book,USD
01tWC00000DD1e0YAD,3125,Standard Price Book,USD
01tWC00000DD1e2YAD,236.25,Standard Price Book,USD
01tWC00000DD1e3YAD,50000,Standard Price Book,USD
01tWC00000DD1e4YAD,25000,Standard Price Book,USD
01tWC00000DD1e6YAD,47.27,Standard Price Book,USD
01tWC00000DD1e8YAD,1500,Standard Price Book,USD
01tWC00000DD1eAYAT,55.64,Standard Price Book,USD
01tWC00000DD1eCYAT,30.6,Standard Price Book,USD
01tWC00000DD1eEYAT,66.91,Standard Price Book,USD
01tWC00000DD1eGYAT,36.8,Standard Price Book,USD
01tWC00000DD1eIYAT,46.64,Standard Price Book,USD
01tWC00000DD1eKYAT,25.65,Standard Price Book,USD
01tWC00000DD1eMYAT,47.27,Standard Price Book,USD
01tWC00000DD1eOYAT,3125,Standard Price Book,USD
01tWC00000DD1eQYAT,55.64,Standard Price Book,USD
01tWC00000DD1eSYAT,30.6,Standard Price Book,USD
01tWC00000DD1eUYAT,66.91,Standard Price Book,USD
01tWC00000DD1eWYAT,36.8,Standard Price Book,USD
01tWC00000DD1eYYAT,46.64,Standard Price Book,USD
01tWC00000DD1eaYAD,25.65,Standard Price Book,USD
01tWC00000DD1ecYAD,2500,Standard Price Book,USD
01tWC00000DD1edYAD,14062.5,Standard Price Book,USD
01tWC00000DD1egYAD,73.27,Standard Price Book,USD
01tWC00000DD1eiYAD,2625,Standard Price Book,USD
01tWC00000DD1ekYAD,12240,Standard Price Book,USD
01tWC00000DD1emYAD,6732,Standard Price Book,USD
01tWC00000DD1eoYAD,65.64,Standard Price Book,USD
01tWC00000DD1eqYAD,40.5,Standard Price Book,USD
01tWC00000DD1esYAD,14720,Standard Price Book,USD
01tWC00000DD1euYAD,8096,Standard Price Book,USD
01tWC00000DD1ewYAD,82.91,Standard Price Book,USD
01tWC00000DD1eyYAD,45.6,Standard Price Book,USD
01tWC00000DD1f0YAD,10260,Standard Price Book,USD
01tWC00000DD1f2YAD,5643,Standard Price Book,USD
01tWC00000DD1f4YAD,65.64,Standard Price Book,USD
01tWC00000DD1f6YAD,36.1,Standard Price Book,USD
01tWC00000DD1f8YAD,10400,Standard Price Book,USD
01tWC00000DD1fAYAT,2500,Standard Price Book,USD
01tWC00000DD1fCYAT,94.55,Standard Price Book,USD
01tWC00000DD1fEYAT,0.78,Standard Price Book,USD
01tWC00000DD1fGYAT,88.36,Standard Price Book,USD
01tWC00000DD1fIYAT,48.6,Standard Price Book,USD
01tWC00000DD1fKYAT,103.27,Standard Price Book,USD
01tWC00000DD1fMYAT,56.8,Standard Price Book,USD
01tWC00000DD1fOYAT,81.18,Standard Price Book,USD
01tWC00000DD1fQYAT,44.65,Standard Price Book,USD
01tWC00000DD1fSYAT,1.05,Standard Price Book,USD
01tWC00000DD1fUYAT,0.58,Standard Price Book,USD
01tWC00000DD1fZYAT,3200,Standard Price Book,USD
01tWC00000DD1fbYAD,4439,Standard Price Book,USD
01tWC00000DD1fdYAD,2441.45,Standard Price Book,USD
01tWC00000DD1ffYAD,4088,Standard Price Book,USD
01tWC00000DD1fhYAD,2248,Standard Price Book,USD
01tWC00000DD1fjYAD,2400,Standard Price Book,USD
01tWC00000DD1fkYAD,3000,Standard Price Book,USD
01tWC00000DD1flYAD,5000,Standard Price Book,USD
01tWC00000DD1fmYAD,2000,Standard Price Book,USD
01tWC00000DD1fnYAD,3000,Standard Price Book,USD
01tWC00000DD1foYAD,4000,Standard Price Book,USD
01tWC00000DD1fpYAD,6000,Standard Price Book,USD
01tWC00000DD1g7YAD,1080,Standard Price Book,USD
01tWC00000DD1g9YAD,594,Standard Price Book,USD
01tWC00000DD1gBYAT,19885,Standard Price Book,USD
01tWC00000DD1gDYAT,10937,Standard Price Book,USD
01tWC00000DD1gFYAT,4515,Standard Price Book,USD
01tWC00000DD1gHYAT,2483,Standard Price Book,USD
01tWC00000DD1gJYAT,880,Standard Price Book,USD
01tWC00000DD1MwYAL,484,Standard Price Book,USD
01tWC00000DD1MyYAL,19800,Standard Price Book,USD
01tWC00000DD1jaYAD,10890,Standard Price Book,USD
01tWC00000DD1jcYAD,17900,Standard Price Book,USD
01tWC00000DD1jdYAD,27900,Standard Price Book,USD
01tWC00000DD1jeYAD,37900,Standard Price Book,USD
01tWC00000DD1jfYAD,49900,Standard Price Book,USD
01tWC00000DD1jhYAD,9845,Standard Price Book,USD
01tWC00000DD1jiYAD,15345,Standard Price Book,USD
01tWC00000DD1jjYAD,20845,Standard Price Book,USD
01tWC00000DD1jkYAD,27445,Standard Price Book,USD
01tWC00000DD1jmYAD,26900,Standard Price Book,USD
01tWC00000DD1jnYAD,36900,Standard Price Book,USD
01tWC00000DD1joYAD,46900,Standard Price Book,USD
01tWC00000DD1jpYAD,58900,Standard Price Book,USD
01tWC00000DD1jrYAD,14795,Standard Price Book,USD
01tWC00000DD1jsYAD,20295,Standard Price Book,USD
01tWC00000DD1jtYAD,25795,Standard Price Book,USD
01tWC00000DD1juYAD,32395,Standard Price Book,USD
01tWC00000DD1jzYAD,1995,Standard Price Book,USD
01tWC00000DD1k1YAD,1097,Standard Price Book,USD
01tWC00000DD1k2YAD,275,Standard Price Book,USD
01tWC00000DD1k3YAD,275,Standard Price Book,USD
01tWC00000DD1k5YAD,5110,Standard Price Book,USD
01tWC00000DD1k6YAD,3810,Standard Price Book,USD
01tWC00000DD1k8YAD,2811,Standard Price Book,USD
01tWC00000DD1k9YAD,2096,Standard Price Book,USD
01tWC00000DD1kBYAT,1995,Standard Price Book,USD
01tWC00000DD1kDYAT,1097,Standard Price Book,USD
01tWC00000DD1kJYAT,20085,Standard Price Book,USD
01tWC00000DD1kLYAT,11047,Standard Price Book,USD
01tWC00000DD1kMYAT,198,Standard Price Book,USD
01tWC00000DD1kPYAT,6036,Standard Price Book,USD
01tWC00000DD1kRYAT,3320,Standard Price Book,USD
01tWC00000DD1kTYAT,48000,Standard Price Book,USD
01tWC00000DD1kUYAT,48000,Standard Price Book,USD
01tWC00000DD1kVYAT,10000,Standard Price Book,USD
01tWC00000DD1kWYAT,24000,Standard Price Book,USD
01tWC00000DD1kZYAT,6300,Standard Price Book,USD
01tWC00000DD1kaYAD,3465,Standard Price Book,USD
01tWC00000DD1kcYAD,840,Standard Price Book,USD
01tWC00000DD1kdYAD,4200,Standard Price Book,USD
01tWC00000DD1kmYAD,880,Standard Price Book,USD
01tWC00000DD1koYAD,484,Standard Price Book,USD
01tWC00000DD1kqYAD,332.5,Standard Price Book,USD
01tWC00000DD1ksYAD,183,Standard Price Book,USD
01tWC00000DD1ktYAD,275,Standard Price Book,USD
01tWC00000DD1kuYAD,275,Standard Price Book,USD
01tWC00000DD1kvYAD,594,Standard Price Book,USD
01tWC00000DD1kyYAD,525,Standard Price Book,USD
01tWC00000DD1l0YAD,288.75,Standard Price Book,USD
01tWC00000DD1l4YAD,3300,Standard Price Book,USD
01tWC00000DD1l6YAD,6930,Standard Price Book,USD
01tWC00000DD1l7YAD,3812,Standard Price Book,USD
01tWC00000DD1lBYAT,3500,Standard Price Book,USD
01tWC00000DD1lDYAT,1925,Standard Price Book,USD
01tWC00000DD1lMYAT,6000,Standard Price Book,USD
01tWC00000DD1lNYAT,6000,Standard Price Book,USD
01tWC00000DD1lOYAT,6000,Standard Price Book,USD
01tWC00000DD1lTYAT,2280,Standard Price Book,USD
01tWC00000DD1lVYAT,1254,Standard Price Book,USD
01tWC00000DD1ldYAD,5000,Standard Price Book,USD
01tWC00000DD1lfYAD,15750,Standard Price Book,USD
01tWC00000DD1lhYAD,8662.5,Standard Price Book,USD
01tWC00000DD1ljYAD,15750,Standard Price Book,USD
01tWC00000DD1llYAD,41,Standard Price Book,USD
01tWC00000DD1lnYAD,26250,Standard Price Book,USD
01tWC00000DD1lpYAD,16.55,Standard Price Book,USD
01tWC00000DD1lrYAD,9.1,Standard Price Book,USD
01tWC00000DD1ltYAD,16.55,Standard Price Book,USD
01tWC00000DD1lvYAD,9.1,Standard Price Book,USD
01tWC00000DD1lxYAD,16.55,Standard Price Book,USD
01tWC00000DD1lzYAD,369,Standard Price Book,USD
01tWC00000DD1m3YAD,16.55,Standard Price Book,USD
01tWC00000DD1m5YAD,9.1,Standard Price Book,USD
01tWC00000DD1m7YAD,2000,Standard Price Book,USD
01tWC00000DD1mAYAT,500,Standard Price Book,USD
01tWC00000DD1mCYAT,275,Standard Price Book,USD
01tWC00000DD1mEYAT,750,Standard Price Book,USD
01tWC00000DD1mGYAT,412,Standard Price Book,USD
01tWC00000DD1mHYAT,1100,Standard Price Book,USD
01tWC00000DD1mJYAT,3000,Standard Price Book,USD
01tWC00000DD1mLYAT,1650,Standard Price Book,USD
01tWC00000DD1mMYAT,11500,Standard Price Book,USD
01tWC00000DD1mNYAT,20000,Standard Price Book,USD
01tWC00000DD1mOYAT,55,Standard Price Book,USD
01tWC00000DD1mYYAT,8907,Standard Price Book,USD
01tWC00000DD1mcYAD,8907,Standard Price Book,USD
01tWC00000DD1meYAD,7000,Standard Price Book,USD
01tWC00000DD1mhYAD,3360,Standard Price Book,USD
01tWC00000DCxkoYAD,7000,Standard Price Book,USD
01tWC00000DCxkrYAD,21000,Standard Price Book,USD
01tWC00000DCxkvYAD,5880,Standard Price Book,USD
01tWC00000DCxkyYAD,5000,Standard Price Book,USD
01tWC00000DCxl2YAD,338,Standard Price Book,USD
01tWC00000DCxl4YAD,186,Standard Price Book,USD
01tWC00000DCxl6YAD,1092,Standard Price Book,USD
01tWC00000DCxl8YAD,601,Standard Price Book,USD
01tWC00000DCxlAYAT,1461,Standard Price Book,USD
01tWC00000DCxlCYAT,804,Standard Price Book,USD
01tWC00000DCxlDYAT,5000,Standard Price Book,USD
01tWC00000DCxlFYAT,1092,Standard Price Book,USD
01tWC00000DCxlHYAT,601,Standard Price Book,USD
01tWC00000DCxlIYAT,3150,Standard Price Book,USD
01tWC00000DCxlJYAT,263,Standard Price Book,USD
01tWC00000DCxlKYAT,2363,Standard Price Book,USD
01tWC00000DCxlLYAT,263,Standard Price Book,USD
01tWC00000DCxlNYAT,749,Standard Price Book,USD
01tWC00000DCxlPYAT,749,Standard Price Book,USD
01tWC00000DCxlRYAT,60000,Standard Price Book,USD
01tWC00000DCxlSYAT,180000,Standard Price Book,USD
01tWC00000DCxlTYAT,995,Standard Price Book,USD
01tWC00000DCxlUYAT,5000,Standard Price Book,USD
01tWC00000DCxlWYAT,1575,Standard Price Book,USD
01tWC00000DCxlYYAT,866.25,Standard Price Book,USD
01tWC00000DCxlaYAD,150,Standard Price Book,USD
01tWC00000DCxlbYAD,35,Standard Price Book,USD
01tWC00000DCxleYAD,8422,Standard Price Book,USD
01tWC00000DCxlzYAD,8907,Standard Price Book,USD
01tWC00000DCxm7YAD,8907,Standard Price Book,USD
01tWC00000DCxm9YAD,550,Standard Price Book,USD
01tWC00000DCxmAYAT,550,Standard Price Book,USD
01tWC00000DCxmBYAT,550,Standard Price Book,USD
01tWC00000DCxmCYAT,500,Standard Price Book,USD
01tWC00000DCxmDYAT,2000,Standard Price Book,USD
01tWC00000DCxmFYAT,5040,Standard Price Book,USD
01tWC00000DCxmGYAT,8907,Standard Price Book,USD
01tWC00000DCxmIYAT,2950,Standard Price Book,USD
01tWC00000DCxmKYAT,2500,Standard Price Book,USD
01tWC00000DCxmMYAT,8907,Standard Price Book,USD
01tWC00000DD1gMYAT,11500,Standard Price Book,USD
01tWC00000DD1gQYAT,11500,Standard Price Book,USD
01tWC00000DD1gSYAT,2645,Standard Price Book,USD
01tWC00000DD1gVYAT,5500,Standard Price Book,USD
01tWC00000DD1gXYAT,1265,Standard Price Book,USD
01tWC00000DD1gYYAT,3408,Standard Price Book,USD
01tWC00000DD1gaYAD,11500,Standard Price Book,USD
01tWC00000DD1gcYAD,2645,Standard Price Book,USD
01tWC00000DD1gfYAD,14375,Standard Price Book,USD
01tWC00000DD1gjYAD,14375,Standard Price Book,USD
01tWC00000DD1glYAD,3306,Standard Price Book,USD
01tWC00000DD1gmYAD,1609,Standard Price Book,USD
01tWC00000DD1gnYAD,14375,Standard Price Book,USD
01tWC00000DD1gpYAD,3306,Standard Price Book,USD
01tWC00000DD1gqYAD,4335,Standard Price Book,USD
01tWC00000DD1grYAD,14375,Standard Price Book,USD
01tWC00000DD1gtYAD,3306,Standard Price Book,USD
01tWC00000DD1gwYAD,14375,Standard Price Book,USD
01tWC00000DD1gyYAD,9375,Standard Price Book,USD
01tWC00000DD1gzYAD,3306,Standard Price Book,USD
01tWC00000DD1h0YAD,1099,Standard Price Book,USD
01tWC00000DD1h1YAD,14375,Standard Price Book,USD
01tWC00000DD1h3YAD,3306,Standard Price Book,USD
01tWC00000DD1h6YAD,14375,Standard Price Book,USD
01tWC00000DD1h8YAD,3306,Standard Price Book,USD
01tWC00000DD1hWYAT,6995,Standard Price Book,USD
01tWC00000DD1hYYAT,4335,Standard Price Book,USD
01tWC00000DD1haYAD,599,Standard Price Book,USD
01tWC00000DD1hcYAD,1099,Standard Price Book,USD
01tWC00000DD1hmYAD,99,Standard Price Book,USD
01tWC00000DD1hoYAD,23,Standard Price Book,USD
01tWC00000DD1hxYAD,895,Standard Price Book,USD
01tWC00000DCzGHYA1,59,Standard Price Book,USD
01tWC00000DCzGJYA1,299,Standard Price Book,USD
01tWC00000DCzGKYA1,69,Standard Price Book,USD
01tWC00000DD1mnYAD,15,Standard Price Book,USD
01tWC00000DD1mpYAD,299,Standard Price Book,USD
01tWC00000DD1mqYAD,137,Standard Price Book,USD
01tWC00000DD1msYAD,349,Standard Price Book,USD
01tWC00000DD1mtYAD,149,Standard Price Book,USD
01tWC00000DD1mvYAD,299,Standard Price Book,USD
01tWC00000DD1myYAD,46,Standard Price Book,USD
01tWC00000DD1mzYAD,124,Standard Price Book,USD
01tWC00000DD1n1YAD,299,Standard Price Book,USD
01tWC00000DD1n3YAD,15,Standard Price Book,USD
01tWC00000DD1n5YAD,199,Standard Price Book,USD
01tWC00000DD1n6YAD,46,Standard Price Book,USD
01tWC00000DD1n9YAD,249,Standard Price Book,USD
01tWC00000DD1nAYAT,57,Standard Price Book,USD
01tWC00000DD1nCYAT,41,Standard Price Book,USD
01tWC00000DD1nEYAT,299,Standard Price Book,USD
01tWC00000DD1nGYAT,46,Standard Price Book,USD
01tWC00000DD1nHYAT,124,Standard Price Book,USD
01tWC00000DD1nJYAT,99,Standard Price Book,USD
01tWC00000DD1nLYAT,49,Standard Price Book,USD
01tWC00000DD1nOYAT,299,Standard Price Book,USD
01tWC00000DD1nQYAT,137,Standard Price Book,USD
01tWC00000DD1nSYAT,99,Standard Price Book,USD
01tWC00000DD1nVYAT,149,Standard Price Book,USD
01tWC00000DD1naYAD,525,Standard Price Book,USD
01tWC00000DD1nfYAD,19800,Standard Price Book,USD
01tWC00000DD1ngYAD,7000,Standard Price Book,USD
01tWC00000DD1nmYAD,15000,Standard Price Book,USD
01tWC00000DD1npYAD,299,Standard Price Book,USD
01tWC00000DD1nrYAD,186,Standard Price Book,USD
01tWC00000DD1ntYAD,299,Standard Price Book,USD
01tWC00000DD1nxYAD,595,Standard Price Book,USD
01tWC00000DD1o2YAD,595,Standard Price Book,USD
01tWC00000DD1o4YAD,137,Standard Price Book,USD
01tWC00000DD1oSYAT,59,Standard Price Book,USD
01tWC00000DD1oTYAT,13.6,Standard Price Book,USD
01tWC00000DD1oUYAT,10.35,Standard Price Book,USD
01tWC00000DD1oVYAT,299,Standard Price Book,USD
01tWC00000DD1oXYAT,6995,Standard Price Book,USD
01tWC00000DD1oYYAT,1609,Standard Price Book,USD
01tWC00000DD1oZYAT,44544,Standard Price Book,USD
01tWC00000DD1ocYAD,99,Standard Price Book,USD
01tWC00000DD1odYAD,23,Standard Price Book,USD
01tWC00000DD1ojYAD,33,Standard Price Book,USD
01tWC00000DD1okYAD,7.59,Standard Price Book,USD
01tWC00000DD1olYAD,150,Standard Price Book,USD
01tWC00000DD1onYAD,99,Standard Price Book,USD
01tWC00000DD1ooYAD,23,Standard Price Book,USD
01tWC00000DD1osYAD,295,Standard Price Book,USD
01tWC00000DD1otYAD,4795,Standard Price Book,USD
01tWC00000DD1ouYAD,1102.85,Standard Price Book,USD
01tWC00000DD1ovYAD,68,Standard Price Book,USD
01tWC00000DD1owYAD,69,Standard Price Book,USD
01tWC00000DD1p3YAD,99,Standard Price Book,USD
01tWC00000DD1p4YAD,23,Standard Price Book,USD
01tWC00000DD1p5YAD,177,Standard Price Book,USD
01tWC00000DD1p7YAD,15250,Standard Price Book,USD
01tWC00000DD1p8YAD,1102.85,Standard Price Book,USD
01tWC00000DD1pAYAT,99,Standard Price Book,USD
01tWC00000DD1pBYAT,23,Standard Price Book,USD
01tWC00000DD1pCYAT,1848.6,Standard Price Book,USD
01tWC00000DD1pDYAT,5562,Standard Price Book,USD
01tWC00000DD1pEYAT,1279.26,Standard Price Book,USD
01tWC00000DD1pFYAT,3450,Standard Price Book,USD
01tWC00000DD1pHYAT,99,Standard Price Book,USD
01tWC00000DD1pIYAT,23,Standard Price Book,USD
01tWC00000DD1pJYAT,1890,Standard Price Book,USD
01tWC00000DD1pQYAT,99,Standard Price Book,USD
01tWC00000DD1pRYAT,23,Standard Price Book,USD
01tWC00000DD1pSYAT,62,Standard Price Book,USD
01tWC00000DD1pUYAT,33,Standard Price Book,USD
01tWC00000DD1pWYAT,69,Standard Price Book,USD
01tWC00000DD1pYYAT,99,Standard Price Book,USD
01tWC00000DD1paYAD,177,Standard Price Book,USD
01tWC00000DD1pkYAD,295,Standard Price Book,USD
01tWC00000DD1plYAD,68,Standard Price Book,USD
01tWC00000DD1pmYAD,183,Standard Price Book,USD
01tWC00000DD1pnYAD,1609,Standard Price Book,USD
01tWC00000DD1poYAD,4335,Standard Price Book,USD
01tWC00000DD1prYAD,14995,Standard Price Book,USD
01tWC00000DD1pvYAD,69,Standard Price Book,USD
01tWC00000DD1tLYAT,29,Standard Price Book,USD
01tWC00000DD1tMYAT,6.7,Standard Price Book,USD
01tWC00000DD1tNYAT,177,Standard Price Book,USD
01tWC00000DD1tRYAT,6995,Standard Price Book,USD
01tWC00000DD1tSYAT,1609,Standard Price Book,USD
01tWC00000DD1tUYAT,380000,Standard Price Book,USD
01tWC00000DD1tWYAT,2500,Standard Price Book,USD
01tWC00000DD1tZYAT,19000,Standard Price Book,USD
01tWC00000DD1tdYAD,9500,Standard Price Book,USD
01tWC00000DD1tfYAD,40.25,Standard Price Book,USD
01tWC00000DD1tgYAD,23,Standard Price Book,USD
01tWC00000DD1tsYAD,59,Standard Price Book,USD
01tWC00000DD1twYAD,9819,Standard Price Book,USD
01tWC00000DD1tyYAD,3928,Standard Price Book,USD
01tWC00000DD1u0YAD,1613,Standard Price Book,USD
01tWC00000DD1u2YAD,645,Standard Price Book,USD
01tWC00000DD1u5YAD,10289,Standard Price Book,USD
01tWC00000DD1u7YAD,4116,Standard Price Book,USD
01tWC00000DD1u9YAD,629,Standard Price Book,USD
01tWC00000DD1uBYAT,252,Standard Price Book,USD
01tWC00000DD1uEYAT,2150,Standard Price Book,USD
01tWC00000DD1uGYAT,860,Standard Price Book,USD
01tWC00000DD1uJYAT,5889,Standard Price Book,USD
01tWC00000DD1uLYAT,2356,Standard Price Book,USD
01tWC00000DD1uNYAT,18243,Standard Price Book,USD
01tWC00000DD1uPYAT,7297,Standard Price Book,USD
01tWC00000DD1uRYAT,5348,Standard Price Book,USD
01tWC00000DD1uTYAT,2139,Standard Price Book,USD
01tWC00000DD1uVYAT,3600,Standard Price Book,USD
01tWC00000DD1uXYAT,2476,Standard Price Book,USD
01tWC00000DD1uZYAT,340000,Standard Price Book,USD
01tWC00000DD1ubYAD,136000,Standard Price Book,USD
01tWC00000DD1udYAD,548,Standard Price Book,USD
01tWC00000DD1ufYAD,219,Standard Price Book,USD
01tWC00000DD1uhYAD,2946,Standard Price Book,USD
01tWC00000DD1ujYAD,1178,Standard Price Book,USD
01tWC00000DD1ulYAD,12744,Standard Price Book,USD
01tWC00000DD1unYAD,5098,Standard Price Book,USD
01tWC00000DD1upYAD,14469,Standard Price Book,USD
01tWC00000DD1urYAD,5788,Standard Price Book,USD
01tWC00000DD1utYAD,12323,Standard Price Book,USD
01tWC00000DD1uvYAD,4929,Standard Price Book,USD
01tWC00000DD1uxYAD,3227,Standard Price Book,USD
01tWC00000DD1uzYAD,1291,Standard Price Book,USD
01tWC00000DD1v1YAD,2978,Standard Price Book,USD
01tWC00000DD1v3YAD,1191,Standard Price Book,USD
01tWC00000DD1v5YAD,12989,Standard Price Book,USD
01tWC00000DD1v7YAD,5196,Standard Price Book,USD
01tWC00000DD1v9YAD,480,Standard Price Book,USD
01tWC00000DD1vBYAT,192,Standard Price Book,USD
01tWC00000DD1vDYAT,2504,Standard Price Book,USD
01tWC00000DD1vFYAT,1002,Standard Price Book,USD
01tWC00000DD1vHYAT,12495,Standard Price Book,USD
01tWC00000DD1vJYAT,4998,Standard Price Book,USD
01tWC00000DD1vLYAT,2230,Standard Price Book,USD
01tWC00000DD1vNYAT,892,Standard Price Book,USD
01tWC00000DD1vPYAT,4956,Standard Price Book,USD
01tWC00000DD1vRYAT,1982,Standard Price Book,USD
01tWC00000DD1vTYAT,15019,Standard Price Book,USD
01tWC00000DD1vVYAT,6008,Standard Price Book,USD
01tWC00000DD1vXYAT,1798,Standard Price Book,USD
01tWC00000DD1vZYAT,719,Standard Price Book,USD
01tWC00000DD1vbYAD,5889,Standard Price Book,USD
01tWC00000DD1vdYAD,2356,Standard Price Book,USD
01tWC00000DD1viYAD,36.24,Standard Price Book,USD
01tWC00000DD1vjYAD,5.52,Standard Price Book,USD
01tWC00000DD1vkYAD,5.52,Standard Price Book,USD
01tWC00000DD1vlYAD,5.52,Standard Price Book,USD
01tWC00000DD1vnYAD,4088,Standard Price Book,USD
01tWC00000DD1vpYAD,10000,Standard Price Book,USD
01tWC00000DD1vqYAD,4485,Standard Price Book,USD
01tWC00000DD1w1YAD,69,Standard Price Book,USD
01tWC00000DD1w5YAD,177,Standard Price Book,USD
01tWC00000DD1wBYAT,6895,Standard Price Book,USD
01tWC00000DD1wDYAT,3792,Standard Price Book,USD
01tWC00000DD1wHYAT,99,Standard Price Book,USD
01tWC00000DD1q1YAD,149,Standard Price Book,USD
01tWC00000DD1q9YAD,78,Standard Price Book,USD
01tWC00000DD1qDYAT,895,Standard Price Book,USD
01tWC00000DD1qHYAT,206,Standard Price Book,USD
01tWC00000DD1qLYAT,525,Standard Price Book,USD
01tWC00000DD1qTYAT,19800,Standard Price Book,USD
01tWC00000DD1qVYAT,29400,Standard Price Book,USD
01tWC00000DD1qXYAT,63,Standard Price Book,USD
01tWC00000DD1qZYAT,1000,Standard Price Book,USD
01tWC00000DD1qcYAD,15000,Standard Price Book,USD
01tWC00000DD1qeYAD,8250,Standard Price Book,USD
01tWC00000DD1qgYAD,169,Standard Price Book,USD
01tWC00000DD1qiYAD,93,Standard Price Book,USD
01tWC00000DD1qnYAD,500,Standard Price Book,USD
01tWC00000DD1qoYAD,500,Standard Price Book,USD
01tWC00000DD1qqYAD,5000,Standard Price Book,USD
01tWC00000DD1qsYAD,2750,Standard Price Book,USD
01tWC00000DD1quYAD,990,Standard Price Book,USD
01tWC00000DD1qwYAD,191,Standard Price Book,USD
01tWC00000DD1qyYAD,4000,Standard Price Book,USD
01tWC00000DD1r0YAD,63,Standard Price Book,USD
01tWC00000DD1r2YAD,10000,Standard Price Book,USD
01tWC00000DD1r4YAD,559,Standard Price Book,USD
01tWC00000DD1r6YAD,2250,Standard Price Book,USD
01tWC00000DD1r8YAD,1238,Standard Price Book,USD
01tWC00000DD1rAYAT,5000,Standard Price Book,USD
01tWC00000DD1rCYAT,2750,Standard Price Book,USD
01tWC00000DD1rGYAT,15000,Standard Price Book,USD
01tWC00000DD1rIYAT,2000,Standard Price Book,USD
01tWC00000DD1rKYAT,1100,Standard Price Book,USD
01tWC00000DD1rOYAT,69,Standard Price Book,USD
01tWC00000DD1rSYAT,177,Standard Price Book,USD
01tWC00000DD1rWYAT,69,Standard Price Book,USD
01tWC00000DD1rYYAT,1200,Standard Price Book,USD
01tWC00000DD1raYAD,177,Standard Price Book,USD
01tWC00000DD1rkYAD,1500,Standard Price Book,USD
01tWC00000DD1rmYAD,37,Standard Price Book,USD
01tWC00000DD1roYAD,1500,Standard Price Book,USD
01tWC00000DD1rqYAD,4335,Standard Price Book,USD
01tWC00000DD1rsYAD,1500,Standard Price Book,USD
01tWC00000DD1ruYAD,62,Standard Price Book,USD
01tWC00000DD1rwYAD,1500,Standard Price Book,USD
01tWC00000DD1ryYAD,20,Standard Price Book,USD
01tWC00000DD1s0YAD,4500,Standard Price Book,USD
01tWC00000DD1s2YAD,62,Standard Price Book,USD
01tWC00000DD1s4YAD,3000,Standard Price Book,USD
01tWC00000DD1s6YAD,183,Standard Price Book,USD
01tWC00000DD1s8YAD,1500,Standard Price Book,USD
01tWC00000DD1sAYAT,62,Standard Price Book,USD
01tWC00000DD1sCYAT,650,Standard Price Book,USD
01tWC00000DD1sEYAT,62,Standard Price Book,USD
01tWC00000DD1sIYAT,62,Standard Price Book,USD
01tWC00000DD1sKYAT,2250,Standard Price Book,USD
01tWC00000DD1sMYAT,1238,Standard Price Book,USD
01tWC00000DD1sOYAT,2250,Standard Price Book,USD
01tWC00000DD1sQYAT,1238,Standard Price Book,USD
01tWC00000DD1saYAD,2400,Standard Price Book,USD
01tWC00000DD1scYAD,545,Standard Price Book,USD
01tWC00000DD1seYAD,1900,Standard Price Book,USD
01tWC00000DD1sgYAD,1045,Standard Price Book,USD
01tWC00000DD1siYAD,20000,Standard Price Book,USD
01tWC00000DD1skYAD,11000,Standard Price Book,USD
01tWC00000DD1sqYAD,3000,Standard Price Book,USD
01tWC00000DD1ssYAD,1650,Standard Price Book,USD
01tWC00000DD1suYAD,3000,Standard Price Book,USD
01tWC00000DD1swYAD,1650,Standard Price Book,USD
01tWC00000DD1t2YAD,4500,Standard Price Book,USD
01tWC00000DD1t4YAD,2475,Standard Price Book,USD
01tWC00000DD1t6YAD,4500,Standard Price Book,USD
01tWC00000DD1t8YAD,2475,Standard Price Book,USD
01tWC00000DD1tDYAT,11780,Standard Price Book,USD
01tWC00000DCyxoYAD,5890,Standard Price Book,USD
01tWC00000DCyxsYAD,3550,Standard Price Book,USD
01tWC00000DCyxuYAD,1500,Standard Price Book,USD
01tWC00000DCyxwYAD,825,Standard Price Book,USD
01tWC00000DCyxyYAD,1200,Standard Price Book,USD
01tWC00000DCyy0YAD,660,Standard Price Book,USD
01tWC00000DCyyCYAT,34750,Standard Price Book,USD
01tWC00000DCyyDYAT,7992.5,Standard Price Book,USD
01tWC00000DCyyEYAT,20000,Standard Price Book,USD
01tWC00000DCyyJYAT,2995,Standard Price Book,USD
01tWC00000DCyyLYAT,12325,Standard Price Book,USD
01tWC00000DCyyMYAT,2834.75,Standard Price Book,USD
01tWC00000DCyyNYAT,8000,Standard Price Book,USD
01tWC00000DCyyOYAT,1250,Standard Price Book,USD
01tWC00000DCyyPYAT,2500,Standard Price Book,USD
01tWC00000DCyyUYAT,4325,Standard Price Book,USD
01tWC00000DCyyWYAT,2379,Standard Price Book,USD
01tWC00000DCyyYYAT,2165,Standard Price Book,USD
01tWC00000DCyyaYAD,1191,Standard Price Book,USD
01tWC00000DD1wUYAT,565,Standard Price Book,USD
01tWC00000DD1wWYAT,311,Standard Price Book,USD
01tWC00000DD1wcYAD,7875,Standard Price Book,USD
01tWC00000DD1whYAD,760,Standard Price Book,USD
01tWC00000DD1wjYAD,5000,Standard Price Book,USD
01tWC00000DD1wlYAD,2750,Standard Price Book,USD
01tWC00000DD1woYAD,7500,Standard Price Book,USD
01tWC00000DD1wqYAD,4125,Standard Price Book,USD
01tWC00000DD1wsYAD,55,Standard Price Book,USD
01tWC00000DD1wvYAD,7250,Standard Price Book,USD
01tWC00000DD1wxYAD,3987.5,Standard Price Book,USD
01tWC00000DD1x8YAD,10500,Standard Price Book,USD
01tWC00000DD1xAYAT,5775,Standard Price Book,USD
01tWC00000DD1xCYAT,30,Standard Price Book,USD
01tWC00000DD1xIYAT,5250,Standard Price Book,USD
01tWC00000DD1xKYAT,6000,Standard Price Book,USD
01tWC00000DD1xLYAT,6000,Standard Price Book,USD
01tWC00000DD1xNYAT,2625,Standard Price Book,USD
01tWC00000DD1xPYAT,1443.75,Standard Price Book,USD
01tWC00000DD1xRYAT,3675,Standard Price Book,USD
01tWC00000DD1xTYAT,2021.25,Standard Price Book,USD
01tWC00000DD1xVYAT,2100,Standard Price Book,USD
01tWC00000DD1xXYAT,1155,Standard Price Book,USD
01tWC00000DD1xbYAD,3300,Standard Price Book,USD
01tWC00000DD1y6YAD,6000,Standard Price Book,USD
01tWC00000DD1y7YAD,6000,Standard Price Book,USD
01tWC00000DD1yBYAT,2400,Standard Price Book,USD
01tWC00000DD1yCYAT,433,Standard Price Book,USD
01tWC00000DD1yGYAT,414,Standard Price Book,USD
01tWC00000DD1yNYAT,29.95,Standard Price Book,USD
01tWC00000DD1yOYAT,80,Standard Price Book,USD
01tWC00000DD1yPYAT,3.3,Standard Price Book,USD
01tWC00000DD1yRYAT,3000,Standard Price Book,USD
01tWC00000DD1yTYAT,360000,Standard Price Book,USD
01tWC00000DD1yUYAT,24000,Standard Price Book,USD
01tWC00000DD1yVYAT,58250,Standard Price Book,USD
01tWC00000DD1yWYAT,6500,Standard Price Book,USD
01tWC00000DD1yXYAT,500,Standard Price Book,USD
01tWC00000DD1yYYAT,72000,Standard Price Book,USD
01tWC00000DD1yZYAT,93250,Standard Price Book,USD
01tWC00000DD1yaYAD,10500,Standard Price Book,USD
01tWC00000DD1ybYAD,148000,Standard Price Book,USD
01tWC00000DD1ycYAD,153250,Standard Price Book,USD
01tWC00000DD1ydYAD,8000,Standard Price Book,USD
01tWC00000DD1yeYAD,70000,Standard Price Book,USD
01tWC00000DD1yfYAD,26000,Standard Price Book,USD
01tWC00000DD1ygYAD,250,Standard Price Book,USD
01tWC00000DD1yhYAD,875,Standard Price Book,USD
01tWC00000DD1yiYAD,12150,Standard Price Book,USD
01tWC00000DD1yjYAD,2700,Standard Price Book,USD
01tWC00000DD1zhYAD,325,Standard Price Book,USD
01tWC00000DD1zkYAD,4.75,Standard Price Book,USD
01tWC00000DD1zlYAD,5000,Standard Price Book,USD
01tWC00000DD1zqYAD,2000,Standard Price Book,USD
01tWC00000DD1zrYAD,5.75,Standard Price Book,USD
01tWC00000DD1zxYAD,325,Standard Price Book,USD
01tWC00000DD1zyYAD,1000,Standard Price Book,USD
01tWC00000DD200YAD,750,Standard Price Book,USD
01tWC00000DD201YAD,450,Standard Price Book,USD
01tWC00000DD202YAD,1125,Standard Price Book,USD
01tWC00000DD203YAD,1125,Standard Price Book,USD
01tWC00000DD204YAD,0.99,Standard Price Book,USD
01tWC00000DD205YAD,0.99,Standard Price Book,USD
01tWC00000DD209YAD,250,Standard Price Book,USD
01tWC00000DD20AYAT,450,Standard Price Book,USD
01tWC00000DD20BYAT,4000,Standard Price Book,USD
01tWC00000DD20CYAT,9000,Standard Price Book,USD
01tWC00000DD20DYAT,15000,Standard Price Book,USD
01tWC00000DD20EYAT,5500,Standard Price Book,USD
01tWC00000DD20FYAT,11000,Standard Price Book,USD
01tWC00000DD20GYAT,18000,Standard Price Book,USD
01tWC00000DD20KYAT,1000,Standard Price Book,USD
01tWC00000DD20LYAT,1000,Standard Price Book,USD
01tWC00000DD21JYAT,3150,Standard Price Book,USD
01tWC00000DD21NYAT,6594,Standard Price Book,USD
01tWC00000DD21OYAT,27354,Standard Price Book,USD
01tWC00000DD21RYAT,1554,Standard Price Book,USD
01tWC00000DD21UYAT,777,Standard Price Book,USD
01tWC00000DD21WYAT,27354,Standard Price Book,USD
01tWC00000DD21YYAT,11998.8,Standard Price Book,USD
01tWC00000DD22PYAT,8820,Standard Price Book,USD
01tWC00000DD22VYAT,7319.4,Standard Price Book,USD
01tWC00000DD22XYAT,8044.8,Standard Price Book,USD
01tWC00000DD22ZYAT,2634,Standard Price Book,USD
01tWC00000DD13LYAT,32.83,Standard Price Book,AUD
01tWC00000DD13LYAT,29.16,Standard Price Book,CAD
01tWC00000DD13LYAT,19.87,Standard Price Book,EUR
01tWC00000DD13LYAT,17.06,Standard Price Book,GBP
01tWC00000DD1zrYAD,8.74,Standard Price Book,AUD
01tWC00000DD1zrYAD,7.76,Standard Price Book,CAD
01tWC00000DD1zrYAD,5.29,Standard Price Book,EUR
01tWC00000DD1zrYAD,4.54,Standard Price Book,GBP
01tWC00000DD13YYAT,76.61,Standard Price Book,AUD
01tWC00000DD13YYAT,68.04,Standard Price Book,CAD
01tWC00000DD13YYAT,46.37,Standard Price Book,EUR
01tWC00000DD13YYAT,39.82,Standard Price Book,GBP
01tWC00000DD13WYAT,1118.72,Standard Price Book,AUD
01tWC00000DD13WYAT,993.6,Standard Price Book,CAD
01tWC00000DD13WYAT,677.12,Standard Price Book,EUR
01tWC00000DD13WYAT,581.44,Standard Price Book,GBP
01tWC00000DD17oYAD,59.64,Standard Price Book,AUD
01tWC00000DD17oYAD,52.97,Standard Price Book,CAD
01tWC00000DD17oYAD,36.1,Standard Price Book,EUR
01tWC00000DD17oYAD,31,Standard Price Book,GBP
01tWC00000DD19fYAD,380,Standard Price Book,AUD
01tWC00000DD19fYAD,337.5,Standard Price Book,CAD
01tWC00000DD19fYAD,230,Standard Price Book,EUR
01tWC00000DD19fYAD,197.5,Standard Price Book,GBP
01tWC00000DD19lYAD,380,Standard Price Book,AUD
01tWC00000DD19lYAD,337.5,Standard Price Book,CAD
01tWC00000DD19lYAD,230,Standard Price Book,EUR
01tWC00000DD19lYAD,197.5,Standard Price Book,GBP
01tWC00000DD1A7YAL,18.39,Standard Price Book,AUD
01tWC00000DD1A7YAL,16.34,Standard Price Book,CAD
01tWC00000DD1A7YAL,11.13,Standard Price Book,EUR
01tWC00000DD1A7YAL,9.56,Standard Price Book,GBP
01tWC00000DD1AuYAL,63.84,Standard Price Book,AUD
01tWC00000DD1AuYAL,56.7,Standard Price Book,CAD
01tWC00000DD1AuYAL,38.64,Standard Price Book,EUR
01tWC00000DD1AuYAL,33.18,Standard Price Book,GBP
01tWC00000DD1AsYAL,152,Standard Price Book,AUD
01tWC00000DD1AsYAL,135,Standard Price Book,CAD
01tWC00000DD1AsYAL,92,Standard Price Book,EUR
01tWC00000DD1AsYAL,79,Standard Price Book,GBP
01tWC00000DD1yRYAT,4560,Standard Price Book,AUD
01tWC00000DD1yRYAT,4050,Standard Price Book,CAD
01tWC00000DD1yRYAT,2760,Standard Price Book,EUR
01tWC00000DD1yRYAT,2370,Standard Price Book,GBP
01tWC00000DD1BkYAL,50464,Standard Price Book,AUD
01tWC00000DD1BkYAL,44820,Standard Price Book,CAD
01tWC00000DD1BkYAL,30544,Standard Price Book,EUR
01tWC00000DD1BkYAL,26228,Standard Price Book,GBP
01tWC00000DD1BiYAL,76000,Standard Price Book,AUD
01tWC00000DD1BiYAL,67500,Standard Price Book,CAD
01tWC00000DD1BiYAL,46000,Standard Price Book,EUR
01tWC00000DD1BiYAL,39500,Standard Price Book,GBP
01tWC00000DD1BmYAL,30248,Standard Price Book,AUD
01tWC00000DD1BmYAL,26865,Standard Price Book,CAD
01tWC00000DD1BmYAL,18308,Standard Price Book,EUR
01tWC00000DD1BmYAL,15721,Standard Price Book,GBP
01tWC00000DD1BnYAL,5.02,Standard Price Book,AUD
01tWC00000DD1BnYAL,4.46,Standard Price Book,CAD
01tWC00000DD1BnYAL,3.04,Standard Price Book,EUR
01tWC00000DD1BnYAL,2.61,Standard Price Book,GBP
01tWC00000DD1BoYAL,2.43,Standard Price Book,AUD
01tWC00000DD1BoYAL,2.16,Standard Price Book,CAD
01tWC00000DD1BoYAL,1.47,Standard Price Book,EUR
01tWC00000DD1BoYAL,1.26,Standard Price Book,GBP
01tWC00000DD1DjYAL,140.45,Standard Price Book,AUD
01tWC00000DD1DjYAL,124.74,Standard Price Book,CAD
01tWC00000DD1DjYAL,85.01,Standard Price Book,EUR
01tWC00000DD1DjYAL,73,Standard Price Book,GBP
01tWC00000DD1DsYAL,93.39,Standard Price Book,AUD
01tWC00000DD1DsYAL,82.94,Standard Price Book,CAD
01tWC00000DD1DsYAL,56.52,Standard Price Book,EUR
01tWC00000DD1DsYAL,48.54,Standard Price Book,GBP
01tWC00000DD1H4YAL,22.8,Standard Price Book,AUD
01tWC00000DD1H4YAL,20.25,Standard Price Book,CAD
01tWC00000DD1H4YAL,13.8,Standard Price Book,EUR
01tWC00000DD1H4YAL,11.85,Standard Price Book,GBP
01tWC00000DD1ydYAD,12160,Standard Price Book,AUD
01tWC00000DD1ydYAD,10800,Standard Price Book,CAD
01tWC00000DD1ydYAD,7360,Standard Price Book,EUR
01tWC00000DD1ydYAD,6320,Standard Price Book,GBP
01tWC00000DD1yfYAD,39520,Standard Price Book,AUD
01tWC00000DD1yfYAD,35100,Standard Price Book,CAD
01tWC00000DD1yfYAD,23920,Standard Price Book,EUR
01tWC00000DD1yfYAD,20540,Standard Price Book,GBP
01tWC00000DD1yeYAD,106400,Standard Price Book,AUD
01tWC00000DD1yeYAD,94500,Standard Price Book,CAD
01tWC00000DD1yeYAD,64400,Standard Price Book,EUR
01tWC00000DD1yeYAD,55300,Standard Price Book,GBP
01tWC00000DD1JxYAL,114,Standard Price Book,AUD
01tWC00000DD1JxYAL,101.25,Standard Price Book,CAD
01tWC00000DD1JxYAL,69,Standard Price Book,EUR
01tWC00000DD1JxYAL,59.25,Standard Price Book,GBP
01tWC00000DD1JzYAL,53.2,Standard Price Book,AUD
01tWC00000DD1JzYAL,47.25,Standard Price Book,CAD
01tWC00000DD1JzYAL,32.2,Standard Price Book,EUR
01tWC00000DD1JzYAL,27.65,Standard Price Book,GBP
01tWC00000DD1K1YAL,152,Standard Price Book,AUD
01tWC00000DD1K1YAL,135,Standard Price Book,CAD
01tWC00000DD1K1YAL,92,Standard Price Book,EUR
01tWC00000DD1K1YAL,79,Standard Price Book,GBP
01tWC00000DD1K3YAL,60.8,Standard Price Book,AUD
01tWC00000DD1K3YAL,54,Standard Price Book,CAD
01tWC00000DD1K3YAL,36.8,Standard Price Book,EUR
01tWC00000DD1K3YAL,31.6,Standard Price Book,GBP
01tWC00000DD1K5YAL,250.8,Standard Price Book,AUD
01tWC00000DD1K5YAL,222.75,Standard Price Book,CAD
01tWC00000DD1K5YAL,151.8,Standard Price Book,EUR
01tWC00000DD1K5YAL,130.35,Standard Price Book,GBP
01tWC00000DD1K8YAL,98.8,Standard Price Book,AUD
01tWC00000DD1K8YAL,87.75,Standard Price Book,CAD
01tWC00000DD1K8YAL,59.8,Standard Price Book,EUR
01tWC00000DD1K8YAL,51.35,Standard Price Book,GBP
01tWC00000DD1K6YAL,245.78,Standard Price Book,AUD
01tWC00000DD1K6YAL,218.3,Standard Price Book,CAD
01tWC00000DD1K6YAL,148.76,Standard Price Book,EUR
01tWC00000DD1K6YAL,127.74,Standard Price Book,GBP
01tWC00000DD1K9YAL,96.82,Standard Price Book,AUD
01tWC00000DD1K9YAL,86,Standard Price Book,CAD
01tWC00000DD1K9YAL,58.6,Standard Price Book,EUR
01tWC00000DD1K9YAL,50.32,Standard Price Book,GBP
01tWC00000DD1KCYA1,200.64,Standard Price Book,AUD
01tWC00000DD1KCYA1,178.2,Standard Price Book,CAD
01tWC00000DD1KCYA1,121.44,Standard Price Book,EUR
01tWC00000DD1KCYA1,104.28,Standard Price Book,GBP
01tWC00000DD1KFYA1,85.12,Standard Price Book,AUD
01tWC00000DD1KFYA1,75.6,Standard Price Book,CAD
01tWC00000DD1KFYA1,51.52,Standard Price Book,EUR
01tWC00000DD1KFYA1,44.24,Standard Price Book,GBP
01tWC00000DD1KAYA1,83.42,Standard Price Book,AUD
01tWC00000DD1KAYA1,74.09,Standard Price Book,CAD
01tWC00000DD1KAYA1,50.49,Standard Price Book,EUR
01tWC00000DD1KAYA1,43.36,Standard Price Book,GBP
01tWC00000DD1KDYA1,196.63,Standard Price Book,AUD
01tWC00000DD1KDYA1,174.64,Standard Price Book,CAD
01tWC00000DD1KDYA1,119.01,Standard Price Book,EUR
01tWC00000DD1KDYA1,102.19,Standard Price Book,GBP
01tWC00000DD1KGYA1,74.48,Standard Price Book,AUD
01tWC00000DD1KGYA1,66.15,Standard Price Book,CAD
01tWC00000DD1KGYA1,45.08,Standard Price Book,EUR
01tWC00000DD1KGYA1,38.71,Standard Price Book,GBP
01tWC00000DD1KIYA1,190,Standard Price Book,AUD
01tWC00000DD1KIYA1,168.75,Standard Price Book,CAD
01tWC00000DD1KIYA1,115,Standard Price Book,EUR
01tWC00000DD1KIYA1,98.75,Standard Price Book,GBP
01tWC00000DD1KNYA1,53.2,Standard Price Book,AUD
01tWC00000DD1KNYA1,47.25,Standard Price Book,CAD
01tWC00000DD1KNYA1,32.2,Standard Price Book,EUR
01tWC00000DD1KNYA1,27.65,Standard Price Book,GBP
01tWC00000DD1KLYA1,114,Standard Price Book,AUD
01tWC00000DD1KLYA1,101.25,Standard Price Book,CAD
01tWC00000DD1KLYA1,69,Standard Price Book,EUR
01tWC00000DD1KLYA1,59.25,Standard Price Book,GBP
01tWC00000DD1KTYA1,54.72,Standard Price Book,AUD
01tWC00000DD1KTYA1,48.6,Standard Price Book,CAD
01tWC00000DD1KTYA1,33.12,Standard Price Book,EUR
01tWC00000DD1KTYA1,28.44,Standard Price Book,GBP
01tWC00000DD1KWYA1,21.28,Standard Price Book,AUD
01tWC00000DD1KWYA1,18.9,Standard Price Book,CAD
01tWC00000DD1KWYA1,12.88,Standard Price Book,EUR
01tWC00000DD1KWYA1,11.06,Standard Price Book,GBP
01tWC00000DD1KUYA1,53.63,Standard Price Book,AUD
01tWC00000DD1KUYA1,47.63,Standard Price Book,CAD
01tWC00000DD1KUYA1,32.46,Standard Price Book,EUR
01tWC00000DD1KUYA1,27.87,Standard Price Book,GBP
01tWC00000DD1KXYA1,20.85,Standard Price Book,AUD
01tWC00000DD1KXYA1,18.52,Standard Price Book,CAD
01tWC00000DD1KXYA1,12.62,Standard Price Book,EUR
01tWC00000DD1KXYA1,10.84,Standard Price Book,GBP
01tWC00000DD1yPYAT,5.02,Standard Price Book,AUD
01tWC00000DD1yPYAT,4.46,Standard Price Book,CAD
01tWC00000DD1yPYAT,3.04,Standard Price Book,EUR
01tWC00000DD1yPYAT,2.61,Standard Price Book,GBP
01tWC00000DCwWRYA1,76.06,Standard Price Book,AUD
01tWC00000DCwWRYA1,67.55,Standard Price Book,CAD
01tWC00000DCwWRYA1,46.04,Standard Price Book,EUR
01tWC00000DCwWRYA1,39.53,Standard Price Book,GBP
01tWC00000DD1zkYAD,7.22,Standard Price Book,AUD
01tWC00000DD1zkYAD,6.41,Standard Price Book,CAD
01tWC00000DD1zkYAD,4.37,Standard Price Book,EUR
01tWC00000DD1zkYAD,3.75,Standard Price Book,GBP
01tWC00000DD1QiYAL,44.14,Standard Price Book,AUD
01tWC00000DD1QiYAL,39.2,Standard Price Book,CAD
01tWC00000DD1QiYAL,26.72,Standard Price Book,EUR
01tWC00000DD1QiYAL,22.94,Standard Price Book,GBP
01tWC00000DD09iYAD,54.72,Standard Price Book,AUD
01tWC00000DD09iYAD,48.6,Standard Price Book,CAD
01tWC00000DD09iYAD,33.12,Standard Price Book,EUR
01tWC00000DD09iYAD,28.44,Standard Price Book,GBP
01tWC00000DD09jYAD,54.72,Standard Price Book,AUD
01tWC00000DD09jYAD,48.6,Standard Price Book,CAD
01tWC00000DD09jYAD,33.12,Standard Price Book,EUR
01tWC00000DD09jYAD,28.44,Standard Price Book,GBP
01tWC00000DD1zqYAD,3040,Standard Price Book,AUD
01tWC00000DD1zqYAD,2700,Standard Price Book,CAD
01tWC00000DD1zqYAD,1840,Standard Price Book,EUR
01tWC00000DD1zqYAD,1580,Standard Price Book,GBP
01tWC00000DD1coYAD,475,Standard Price Book,AUD
01tWC00000DD1coYAD,421.88,Standard Price Book,CAD
01tWC00000DD1coYAD,287.5,Standard Price Book,EUR
01tWC00000DD1coYAD,246.88,Standard Price Book,GBP
01tWC00000DD1zhYAD,494,Standard Price Book,AUD
01tWC00000DD1zhYAD,438.75,Standard Price Book,CAD
01tWC00000DD1zhYAD,299,Standard Price Book,EUR
01tWC00000DD1zhYAD,256.75,Standard Price Book,GBP
01tWC00000DD1ygYAD,380,Standard Price Book,AUD
01tWC00000DD1ygYAD,337.5,Standard Price Book,CAD
01tWC00000DD1ygYAD,230,Standard Price Book,EUR
01tWC00000DD1ygYAD,197.5,Standard Price Book,GBP
01tWC00000DD1yYYAT,109440,Standard Price Book,AUD
01tWC00000DD1yYYAT,97200,Standard Price Book,CAD
01tWC00000DD1yYYAT,66240,Standard Price Book,EUR
01tWC00000DD1yYYAT,56880,Standard Price Book,GBP
01tWC00000DD1ybYAD,224960,Standard Price Book,AUD
01tWC00000DD1ybYAD,199800,Standard Price Book,CAD
01tWC00000DD1ybYAD,136160,Standard Price Book,EUR
01tWC00000DD1ybYAD,116920,Standard Price Book,GBP
01tWC00000DD1yUYAT,36480,Standard Price Book,AUD
01tWC00000DD1yUYAT,32400,Standard Price Book,CAD
01tWC00000DD1yUYAT,22080,Standard Price Book,EUR
01tWC00000DD1yUYAT,18960,Standard Price Book,GBP
01tWC00000DD1yZYAT,141740,Standard Price Book,AUD
01tWC00000DD1yZYAT,125887.5,Standard Price Book,CAD
01tWC00000DD1yZYAT,85790,Standard Price Book,EUR
01tWC00000DD1yZYAT,73667.5,Standard Price Book,GBP
01tWC00000DD1ycYAD,232940,Standard Price Book,AUD
01tWC00000DD1ycYAD,206887.5,Standard Price Book,CAD
01tWC00000DD1ycYAD,140990,Standard Price Book,EUR
01tWC00000DD1ycYAD,121067.5,Standard Price Book,GBP
01tWC00000DD1yVYAT,88540,Standard Price Book,AUD
01tWC00000DD1yVYAT,78637.5,Standard Price Book,CAD
01tWC00000DD1yVYAT,53590,Standard Price Book,EUR
01tWC00000DD1yVYAT,46017.5,Standard Price Book,GBP
01tWC00000DD1yTYAT,547200,Standard Price Book,AUD
01tWC00000DD1yTYAT,486000,Standard Price Book,CAD
01tWC00000DD1yTYAT,331200,Standard Price Book,EUR
01tWC00000DD1yTYAT,284400,Standard Price Book,GBP
01tWC00000DD1YAYA1,12160,Standard Price Book,AUD
01tWC00000DD1YAYA1,10800,Standard Price Book,CAD
01tWC00000DD1YAYA1,7360,Standard Price Book,EUR
01tWC00000DD1YAYA1,6320,Standard Price Book,GBP
01tWC00000DD1YBYA1,12160,Standard Price Book,AUD
01tWC00000DD1YBYA1,10800,Standard Price Book,CAD
01tWC00000DD1YBYA1,7360,Standard Price Book,EUR
01tWC00000DD1YBYA1,6320,Standard Price Book,GBP
01tWC00000DD1e3YAD,76000,Standard Price Book,AUD
01tWC00000DD1e3YAD,67500,Standard Price Book,CAD
01tWC00000DD1e3YAD,46000,Standard Price Book,EUR
01tWC00000DD1e3YAD,39500,Standard Price Book,GBP
01tWC00000DD1e4YAD,38000,Standard Price Book,AUD
01tWC00000DD1e4YAD,33750,Standard Price Book,CAD
01tWC00000DD1e4YAD,23000,Standard Price Book,EUR
01tWC00000DD1e4YAD,19750,Standard Price Book,GBP
01tWC00000DCxleYAD,12801.44,Standard Price Book,AUD
01tWC00000DCxleYAD,11369.7,Standard Price Book,CAD
01tWC00000DCxleYAD,7748.24,Standard Price Book,EUR
01tWC00000DCxleYAD,6653.38,Standard Price Book,GBP
01tWC00000DCxlzYAD,13538.64,Standard Price Book,AUD
01tWC00000DCxlzYAD,12024.45,Standard Price Book,CAD
01tWC00000DCxlzYAD,8194.44,Standard Price Book,EUR
01tWC00000DCxlzYAD,7036.53,Standard Price Book,GBP
01tWC00000DCxm7YAD,13538.64,Standard Price Book,AUD
01tWC00000DCxm7YAD,12024.45,Standard Price Book,CAD
01tWC00000DCxm7YAD,8194.44,Standard Price Book,EUR
01tWC00000DCxm7YAD,7036.53,Standard Price Book,GBP
01tWC00000DD1yiYAD,18468,Standard Price Book,AUD
01tWC00000DD1yiYAD,16402.5,Standard Price Book,CAD
01tWC00000DD1yiYAD,11178,Standard Price Book,EUR
01tWC00000DD1yiYAD,9598.5,Standard Price Book,GBP
01tWC00000DD1yjYAD,4104,Standard Price Book,AUD
01tWC00000DD1yjYAD,3645,Standard Price Book,CAD
01tWC00000DD1yjYAD,2484,Standard Price Book,EUR
01tWC00000DD1yjYAD,2133,Standard Price Book,GBP
01tWC00000DD1yhYAD,1330,Standard Price Book,AUD
01tWC00000DD1yhYAD,1181.25,Standard Price Book,CAD
01tWC00000DD1yhYAD,805,Standard Price Book,EUR
01tWC00000DD1yhYAD,691.25,Standard Price Book,GBP
01tWC00000DD1viYAD,55.08,Standard Price Book,AUD
01tWC00000DD1viYAD,48.92,Standard Price Book,CAD
01tWC00000DD1viYAD,33.34,Standard Price Book,EUR
01tWC00000DD1viYAD,28.63,Standard Price Book,GBP
01tWC00000DD1vjYAD,8.39,Standard Price Book,AUD
01tWC00000DD1vjYAD,7.45,Standard Price Book,CAD
01tWC00000DD1vjYAD,5.08,Standard Price Book,EUR
01tWC00000DD1vjYAD,4.36,Standard Price Book,GBP
01tWC00000DD1vkYAD,8.39,Standard Price Book,AUD
01tWC00000DD1vkYAD,7.45,Standard Price Book,CAD
01tWC00000DD1vkYAD,5.08,Standard Price Book,EUR
01tWC00000DD1vkYAD,4.36,Standard Price Book,GBP
01tWC00000DD1vlYAD,8.39,Standard Price Book,AUD
01tWC00000DD1vlYAD,7.45,Standard Price Book,CAD
01tWC00000DD1vlYAD,5.08,Standard Price Book,EUR
01tWC00000DD1vlYAD,4.36,Standard Price Book,GBP
01tWC00000DD19VYAT,532,Standard Price Book,AUD
01tWC00000DD19VYAT,472.5,Standard Price Book,CAD
01tWC00000DD19VYAT,322,Standard Price Book,EUR
01tWC00000DD19VYAT,276.5,Standard Price Book,GBP
01tWC00000DD1KpYAL,418,Standard Price Book,AUD
01tWC00000DD1KpYAL,371.25,Standard Price Book,CAD
01tWC00000DD1KpYAL,253,Standard Price Book,EUR
01tWC00000DD1KpYAL,217.25,Standard Price Book,GBP
01tWC00000DD1KoYAL,14440,Standard Price Book,AUD
01tWC00000DD1KoYAL,12825,Standard Price Book,CAD
01tWC00000DD1KoYAL,8740,Standard Price Book,EUR
01tWC00000DD1KoYAL,7505,Standard Price Book,GBP
01tWC00000DD1LkYAL,2508,Standard Price Book,AUD
01tWC00000DD1LkYAL,2227.5,Standard Price Book,CAD
01tWC00000DD1LkYAL,1518,Standard Price Book,EUR
01tWC00000DD1LkYAL,1303.5,Standard Price Book,GBP
01tWC00000DD1ajYAD,7429,Standard Price Book,AUD
01tWC00000DD1ajYAD,6598.13,Standard Price Book,CAD
01tWC00000DD1ajYAD,4496.5,Standard Price Book,EUR
01tWC00000DD1ajYAD,3861.13,Standard Price Book,GBP
01tWC00000DD1aYYAT,30.4,Standard Price Book,AUD
01tWC00000DD1aYYAT,27,Standard Price Book,CAD
01tWC00000DD1aYYAT,18.4,Standard Price Book,EUR
01tWC00000DD1aYYAT,15.8,Standard Price Book,GBP
01tWC00000DD1aaYAD,152,Standard Price Book,AUD
01tWC00000DD1aaYAD,135,Standard Price Book,CAD
01tWC00000DD1aaYAD,92,Standard Price Book,EUR
01tWC00000DD1aaYAD,79,Standard Price Book,GBP
01tWC00000DD1agYAD,13506.72,Standard Price Book,AUD
01tWC00000DD1agYAD,11996.1,Standard Price Book,CAD
01tWC00000DD1agYAD,8175.12,Standard Price Book,EUR
01tWC00000DD1agYAD,7019.94,Standard Price Book,GBP
01tWC00000DD1awYAD,5855.8,Standard Price Book,AUD
01tWC00000DD1awYAD,5200.88,Standard Price Book,CAD
01tWC00000DD1awYAD,3544.3,Standard Price Book,EUR
01tWC00000DD1awYAD,3043.48,Standard Price Book,GBP
01tWC00000DD1axYAD,3040,Standard Price Book,AUD
01tWC00000DD1axYAD,2700,Standard Price Book,CAD
01tWC00000DD1axYAD,1840,Standard Price Book,EUR
01tWC00000DD1axYAD,1580,Standard Price Book,GBP
01tWC00000DD1bTYAT,72.96,Standard Price Book,AUD
01tWC00000DD1bTYAT,64.8,Standard Price Book,CAD
01tWC00000DD1bTYAT,44.16,Standard Price Book,EUR
01tWC00000DD1bTYAT,37.92,Standard Price Book,GBP
01tWC00000DD1bVYAT,25262.4,Standard Price Book,AUD
01tWC00000DD1bVYAT,22437,Standard Price Book,CAD
01tWC00000DD1bVYAT,15290.4,Standard Price Book,EUR
01tWC00000DD1bVYAT,13129.8,Standard Price Book,GBP
01tWC00000DD1bXYAT,3556.8,Standard Price Book,AUD
01tWC00000DD1bXYAT,3159,Standard Price Book,CAD
01tWC00000DD1bXYAT,2152.8,Standard Price Book,EUR
01tWC00000DD1bXYAT,1848.6,Standard Price Book,GBP
01tWC00000DD1brYAD,1822.18,Standard Price Book,AUD
01tWC00000DD1brYAD,1618.38,Standard Price Book,CAD
01tWC00000DD1brYAD,1102.9,Standard Price Book,EUR
01tWC00000DD1brYAD,947.05,Standard Price Book,GBP
01tWC00000DD1cRYAT,418,Standard Price Book,AUD
01tWC00000DD1cRYAT,371.25,Standard Price Book,CAD
01tWC00000DD1cRYAT,253,Standard Price Book,EUR
01tWC00000DD1cRYAT,217.25,Standard Price Book,GBP
01tWC00000DD1cQYAT,3344,Standard Price Book,AUD
01tWC00000DD1cQYAT,2970,Standard Price Book,CAD
01tWC00000DD1cQYAT,2024,Standard Price Book,EUR
01tWC00000DD1cQYAT,1738,Standard Price Book,GBP
01tWC00000DD19JYAT,1520,Standard Price Book,AUD
01tWC00000DD19JYAT,1350,Standard Price Book,CAD
01tWC00000DD19JYAT,920,Standard Price Book,EUR
01tWC00000DD19JYAT,790,Standard Price Book,GBP
01tWC00000DD1cWYAT,209,Standard Price Book,AUD
01tWC00000DD1cWYAT,185.63,Standard Price Book,CAD
01tWC00000DD1cWYAT,126.5,Standard Price Book,EUR
01tWC00000DD1cWYAT,108.63,Standard Price Book,GBP
01tWC00000DD1djYAD,5320,Standard Price Book,AUD
01tWC00000DD1djYAD,4725,Standard Price Book,CAD
01tWC00000DD1djYAD,3220,Standard Price Book,EUR
01tWC00000DD1djYAD,2765,Standard Price Book,GBP
01tWC00000DD1g9YAD,902.88,Standard Price Book,AUD
01tWC00000DD1g9YAD,801.9,Standard Price Book,CAD
01tWC00000DD1g9YAD,546.48,Standard Price Book,EUR
01tWC00000DD1g9YAD,469.26,Standard Price Book,GBP
01tWC00000DD1g7YAD,1641.6,Standard Price Book,AUD
01tWC00000DD1g7YAD,1458,Standard Price Book,CAD
01tWC00000DD1g7YAD,993.6,Standard Price Book,EUR
01tWC00000DD1g7YAD,853.2,Standard Price Book,GBP
01tWC00000DD1l4YAD,5016,Standard Price Book,AUD
01tWC00000DD1l4YAD,4455,Standard Price Book,CAD
01tWC00000DD1l4YAD,3036,Standard Price Book,EUR
01tWC00000DD1l4YAD,2607,Standard Price Book,GBP
01tWC00000DD10uYAD,8372.16,Standard Price Book,AUD
01tWC00000DD10uYAD,7435.8,Standard Price Book,CAD
01tWC00000DD10uYAD,5067.36,Standard Price Book,EUR
01tWC00000DD10uYAD,4351.32,Standard Price Book,GBP
01tWC00000DD1vpYAD,15200,Standard Price Book,AUD
01tWC00000DD1vpYAD,13500,Standard Price Book,CAD
01tWC00000DD1vpYAD,9200,Standard Price Book,EUR
01tWC00000DD1vpYAD,7900,Standard Price Book,GBP
01tWC00000DD1FYYA1,12152.4,Standard Price Book,AUD
01tWC00000DD1FYYA1,10793.25,Standard Price Book,CAD
01tWC00000DD1FYYA1,7355.4,Standard Price Book,EUR
01tWC00000DD1FYYA1,6316.05,Standard Price Book,GBP
01tWC00000DD1EDYA1,3648,Standard Price Book,AUD
01tWC00000DD1EDYA1,3240,Standard Price Book,CAD
01tWC00000DD1EDYA1,2208,Standard Price Book,EUR
01tWC00000DD1EDYA1,1896,Standard Price Book,GBP
01tWC00000DD1EQYA1,23940,Standard Price Book,AUD
01tWC00000DD1EQYA1,21262.5,Standard Price Book,CAD
01tWC00000DD1EQYA1,14490,Standard Price Book,EUR
01tWC00000DD1EQYA1,12442.5,Standard Price Book,GBP
01tWC00000DD1gMYAT,17480,Standard Price Book,AUD
01tWC00000DD1gMYAT,15525,Standard Price Book,CAD
01tWC00000DD1gMYAT,10580,Standard Price Book,EUR
01tWC00000DD1gMYAT,9085,Standard Price Book,GBP
01tWC00000DD1gQYAT,17480,Standard Price Book,AUD
01tWC00000DD1gQYAT,15525,Standard Price Book,CAD
01tWC00000DD1gQYAT,10580,Standard Price Book,EUR
01tWC00000DD1gQYAT,9085,Standard Price Book,GBP
01tWC00000DD1gVYAT,8360,Standard Price Book,AUD
01tWC00000DD1gVYAT,7425,Standard Price Book,CAD
01tWC00000DD1gVYAT,5060,Standard Price Book,EUR
01tWC00000DD1gVYAT,4345,Standard Price Book,GBP
01tWC00000DD1gaYAD,17480,Standard Price Book,AUD
01tWC00000DD1gaYAD,15525,Standard Price Book,CAD
01tWC00000DD1gaYAD,10580,Standard Price Book,EUR
01tWC00000DD1gaYAD,9085,Standard Price Book,GBP
01tWC00000DD1MiYAL,12236,Standard Price Book,AUD
01tWC00000DD1MiYAL,10867.5,Standard Price Book,CAD
01tWC00000DD1MiYAL,7406,Standard Price Book,EUR
01tWC00000DD1MiYAL,6359.5,Standard Price Book,GBP
01tWC00000DD1MkYAL,5852,Standard Price Book,AUD
01tWC00000DD1MkYAL,5197.5,Standard Price Book,CAD
01tWC00000DD1MkYAL,3542,Standard Price Book,EUR
01tWC00000DD1MkYAL,3041.5,Standard Price Book,GBP
01tWC00000DD1MmYAL,24174.08,Standard Price Book,AUD
01tWC00000DD1MmYAL,21470.4,Standard Price Book,CAD
01tWC00000DD1MmYAL,14631.68,Standard Price Book,EUR
01tWC00000DD1MmYAL,12564.16,Standard Price Book,GBP
01tWC00000DD1MqYAL,11562.64,Standard Price Book,AUD
01tWC00000DD1MqYAL,10269.45,Standard Price Book,CAD
01tWC00000DD1MqYAL,6998.44,Standard Price Book,EUR
01tWC00000DD1MqYAL,6009.53,Standard Price Book,GBP
01tWC00000DD1MrYAL,16361.28,Standard Price Book,AUD
01tWC00000DD1MrYAL,14531.4,Standard Price Book,CAD
01tWC00000DD1MrYAL,9902.88,Standard Price Book,EUR
01tWC00000DD1MrYAL,8503.56,Standard Price Book,GBP
01tWC00000DD1MnYAL,34209.12,Standard Price Book,AUD
01tWC00000DD1MnYAL,30383.1,Standard Price Book,CAD
01tWC00000DD1MnYAL,20705.52,Standard Price Book,EUR
01tWC00000DD1MnYAL,17779.74,Standard Price Book,GBP
01tWC00000DD1GeYAL,1316.7,Standard Price Book,AUD
01tWC00000DD1GeYAL,1169.44,Standard Price Book,CAD
01tWC00000DD1GeYAL,796.95,Standard Price Book,EUR
01tWC00000DD1GeYAL,684.34,Standard Price Book,GBP
01tWC00000DD1GcYAL,2394,Standard Price Book,AUD
01tWC00000DD1GcYAL,2126.25,Standard Price Book,CAD
01tWC00000DD1GcYAL,1449,Standard Price Book,EUR
01tWC00000DD1GcYAL,1244.25,Standard Price Book,GBP
01tWC00000DD1GlYAL,4827.9,Standard Price Book,AUD
01tWC00000DD1GlYAL,4287.94,Standard Price Book,CAD
01tWC00000DD1GlYAL,2922.15,Standard Price Book,EUR
01tWC00000DD1GlYAL,2509.24,Standard Price Book,GBP
01tWC00000DD1GnYAL,0.3,Standard Price Book,AUD
01tWC00000DD1GnYAL,0.27,Standard Price Book,CAD
01tWC00000DD1GnYAL,0.18,Standard Price Book,EUR
01tWC00000DD1CEYA1,3952,Standard Price Book,AUD
01tWC00000DD1CEYA1,3510,Standard Price Book,CAD
01tWC00000DD1CEYA1,2392,Standard Price Book,EUR
01tWC00000DD1CEYA1,2054,Standard Price Book,GBP
01tWC00000DD1JKYA1,4389.76,Standard Price Book,AUD
01tWC00000DD1JKYA1,3898.8,Standard Price Book,CAD
01tWC00000DD1JKYA1,2656.96,Standard Price Book,EUR
01tWC00000DD1JKYA1,2281.52,Standard Price Book,GBP
01tWC00000DD1JIYA1,7980,Standard Price Book,AUD
01tWC00000DD1JIYA1,7087.5,Standard Price Book,CAD
01tWC00000DD1JIYA1,4830,Standard Price Book,EUR
01tWC00000DD1JIYA1,4147.5,Standard Price Book,GBP
01tWC00000DD1JMYA1,7980,Standard Price Book,AUD
01tWC00000DD1JMYA1,7087.5,Standard Price Book,CAD
01tWC00000DD1JMYA1,4830,Standard Price Book,EUR
01tWC00000DD1JMYA1,4147.5,Standard Price Book,GBP
01tWC00000DD1JOYA1,4389.76,Standard Price Book,AUD
01tWC00000DD1JOYA1,3898.8,Standard Price Book,CAD
01tWC00000DD1JOYA1,2656.96,Standard Price Book,EUR
01tWC00000DD1JOYA1,2281.52,Standard Price Book,GBP
01tWC00000DD1JPYA1,380,Standard Price Book,AUD
01tWC00000DD1JPYA1,337.5,Standard Price Book,CAD
01tWC00000DD1JPYA1,230,Standard Price Book,EUR
01tWC00000DD1JPYA1,197.5,Standard Price Book,GBP
01tWC00000DD1JRYA1,4788,Standard Price Book,AUD
01tWC00000DD1JRYA1,4252.5,Standard Price Book,CAD
01tWC00000DD1JRYA1,2898,Standard Price Book,EUR
01tWC00000DD1JRYA1,2488.5,Standard Price Book,GBP
01tWC00000DD1JTYA1,2634.16,Standard Price Book,AUD
01tWC00000DD1JTYA1,2339.55,Standard Price Book,CAD
01tWC00000DD1JTYA1,1594.36,Standard Price Book,EUR
01tWC00000DD1JTYA1,1369.07,Standard Price Book,GBP
01tWC00000DD1JXYA1,9196,Standard Price Book,AUD
01tWC00000DD1JXYA1,8167.5,Standard Price Book,CAD
01tWC00000DD1JXYA1,5566,Standard Price Book,EUR
01tWC00000DD1JXYA1,4779.5,Standard Price Book,GBP
01tWC00000DD11SYAT,15200,Standard Price Book,AUD
01tWC00000DD11SYAT,13500,Standard Price Book,CAD
01tWC00000DD11SYAT,9200,Standard Price Book,EUR
01tWC00000DD11SYAT,7900,Standard Price Book,GBP
01tWC00000DD199YAD,30400,Standard Price Book,AUD
01tWC00000DD199YAD,27000,Standard Price Book,CAD
01tWC00000DD199YAD,18400,Standard Price Book,EUR
01tWC00000DD199YAD,15800,Standard Price Book,GBP
01tWC00000DD19AYAT,7600,Standard Price Book,AUD
01tWC00000DD19AYAT,6750,Standard Price Book,CAD
01tWC00000DD19AYAT,4600,Standard Price Book,EUR
01tWC00000DD19AYAT,3950,Standard Price Book,GBP
01tWC00000DD19CYAT,30400,Standard Price Book,AUD
01tWC00000DD19CYAT,27000,Standard Price Book,CAD
01tWC00000DD19CYAT,18400,Standard Price Book,EUR
01tWC00000DD19CYAT,15800,Standard Price Book,GBP
01tWC00000DD19XYAT,3040,Standard Price Book,AUD
01tWC00000DD19XYAT,2700,Standard Price Book,CAD
01tWC00000DD19XYAT,1840,Standard Price Book,EUR
01tWC00000DD19XYAT,1580,Standard Price Book,GBP
01tWC00000DD1TlYAL,3040,Standard Price Book,AUD
01tWC00000DD1TlYAL,2700,Standard Price Book,CAD
01tWC00000DD1TlYAL,1840,Standard Price Book,EUR
01tWC00000DD1TlYAL,1580,Standard Price Book,GBP
01tWC00000DD115YAD,22800,Standard Price Book,AUD
01tWC00000DD115YAD,20250,Standard Price Book,CAD
01tWC00000DD115YAD,13800,Standard Price Book,EUR
01tWC00000DD115YAD,11850,Standard Price Book,GBP
01tWC00000DD119YAD,3072.3,Standard Price Book,AUD
01tWC00000DD119YAD,2728.69,Standard Price Book,CAD
01tWC00000DD119YAD,1859.55,Standard Price Book,EUR
01tWC00000DD119YAD,1596.79,Standard Price Book,GBP
01tWC00000DD117YAD,5586,Standard Price Book,AUD
01tWC00000DD117YAD,4961.25,Standard Price Book,CAD
01tWC00000DD117YAD,3381,Standard Price Book,EUR
01tWC00000DD117YAD,2903.25,Standard Price Book,GBP
01tWC00000DD11BYAT,4924.8,Standard Price Book,AUD
01tWC00000DD11BYAT,4374,Standard Price Book,CAD
01tWC00000DD11BYAT,2980.8,Standard Price Book,EUR
01tWC00000DD11BYAT,2559.6,Standard Price Book,GBP
01tWC00000DD11GYAT,69.92,Standard Price Book,AUD
01tWC00000DD11GYAT,62.1,Standard Price Book,CAD
01tWC00000DD11GYAT,42.32,Standard Price Book,EUR
01tWC00000DD11GYAT,36.34,Standard Price Book,GBP
01tWC00000DD11HYAT,1.52,Standard Price Book,AUD
01tWC00000DD11HYAT,1.35,Standard Price Book,CAD
01tWC00000DD11HYAT,0.92,Standard Price Book,EUR
01tWC00000DD11HYAT,0.79,Standard Price Book,GBP
01tWC00000DD11JYAT,142880,Standard Price Book,AUD
01tWC00000DD11JYAT,126900,Standard Price Book,CAD
01tWC00000DD11JYAT,86480,Standard Price Book,EUR
01tWC00000DD11JYAT,74260,Standard Price Book,GBP
01tWC00000DD11KYAT,4.56,Standard Price Book,AUD
01tWC00000DD11KYAT,4.05,Standard Price Book,CAD
01tWC00000DD11KYAT,2.76,Standard Price Book,EUR
01tWC00000DD11KYAT,2.37,Standard Price Book,GBP
01tWC00000DD11LYAT,13.68,Standard Price Book,AUD
01tWC00000DD11LYAT,12.15,Standard Price Book,CAD
01tWC00000DD11LYAT,8.28,Standard Price Book,EUR
01tWC00000DD11LYAT,7.11,Standard Price Book,GBP
01tWC00000DD11UYAT,62.32,Standard Price Book,AUD
01tWC00000DD11UYAT,55.35,Standard Price Book,CAD
01tWC00000DD11UYAT,37.72,Standard Price Book,EUR
01tWC00000DD11UYAT,32.39,Standard Price Book,GBP
01tWC00000DD11ZYAT,188.48,Standard Price Book,AUD
01tWC00000DD11ZYAT,167.4,Standard Price Book,CAD
01tWC00000DD11ZYAT,114.08,Standard Price Book,EUR
01tWC00000DD11ZYAT,97.96,Standard Price Book,GBP
01tWC00000DD11iYAD,22.8,Standard Price Book,AUD
01tWC00000DD11iYAD,20.25,Standard Price Book,CAD
01tWC00000DD11iYAD,13.8,Standard Price Book,EUR
01tWC00000DD11iYAD,11.85,Standard Price Book,GBP
01tWC00000DD115YAD,15000,Cyber Legacy Products Price Book,USD
01tWC00000DD11JYAT,94000,Cyber Legacy Products Price Book,USD
01tWC00000DD1Y2YAL,2896.74,Standard Price Book,AUD
01tWC00000DD1Y2YAL,2572.76,Standard Price Book,CAD
01tWC00000DD1Y2YAL,1753.29,Standard Price Book,EUR
01tWC00000DD1Y2YAL,1505.54,Standard Price Book,GBP
01tWC00000DD1yTYAT,547200,Standard Price Book,AUD
01tWC00000DD1yTYAT,486000,Standard Price Book,CAD
01tWC00000DD1yTYAT,331200,Standard Price Book,EUR
01tWC00000DD1yTYAT,284400,Standard Price Book,GBP
01tWC00000DD1YAYA1,12160,Standard Price Book,AUD
01tWC00000DD1YAYA1,10800,Standard Price Book,CAD
01tWC00000DD11mYAD,62.32,Standard Price Book,AUD
01tWC00000DD11mYAD,55.35,Standard Price Book,CAD
01tWC00000DD11mYAD,37.72,Standard Price Book,EUR
01tWC00000DD11mYAD,32.39,Standard Price Book,GBP
01tWC00000DD1FpYAL,14026.56,Standard Price Book,AUD
01tWC00000DD1FpYAL,12457.8,Standard Price Book,CAD
01tWC00000DD1FpYAL,8489.76,Standard Price Book,EUR
01tWC00000DD1FpYAL,7290.12,Standard Price Book,GBP
01tWC00000DD11rYAD,69.92,Standard Price Book,AUD
01tWC00000DD11rYAD,62.1,Standard Price Book,CAD
01tWC00000DD11rYAD,42.32,Standard Price Book,EUR
01tWC00000DD11rYAD,36.34,Standard Price Book,GBP
01tWC00000DD11uYAD,6384,Standard Price Book,AUD
01tWC00000DD11uYAD,5670,Standard Price Book,CAD
01tWC00000DD11uYAD,3864,Standard Price Book,EUR
01tWC00000DD11uYAD,3318,Standard Price Book,GBP
01tWC00000DD11wYAD,3511.2,Standard Price Book,AUD
01tWC00000DD11wYAD,3118.5,Standard Price Book,CAD
01tWC00000DD11wYAD,2125.2,Standard Price Book,EUR
01tWC00000DD11wYAD,1824.9,Standard Price Book,GBP
01tWC00000DD11yYAD,15200,Standard Price Book,AUD
01tWC00000DD11yYAD,13500,Standard Price Book,CAD
01tWC00000DD11yYAD,9200,Standard Price Book,EUR
01tWC00000DD11yYAD,7900,Standard Price Book,GBP
01tWC00000DD120YAD,6840,Standard Price Book,AUD
01tWC00000DD120YAD,6075,Standard Price Book,CAD
01tWC00000DD120YAD,4140,Standard Price Book,EUR
01tWC00000DD120YAD,3555,Standard Price Book,GBP
01tWC00000DD124YAD,188.48,Standard Price Book,AUD
01tWC00000DD124YAD,167.4,Standard Price Book,CAD
01tWC00000DD124YAD,114.08,Standard Price Book,EUR
01tWC00000DD124YAD,97.96,Standard Price Book,GBP
01tWC00000DD122YAD,10640,Standard Price Book,AUD
01tWC00000DD122YAD,9450,Standard Price Book,CAD
01tWC00000DD122YAD,6440,Standard Price Book,EUR
01tWC00000DD122YAD,5530,Standard Price Book,GBP
01tWC00000DD12DYAT,7600,Standard Price Book,AUD
01tWC00000DD12DYAT,6750,Standard Price Book,CAD
01tWC00000DD12DYAT,4600,Standard Price Book,EUR
01tWC00000DD12DYAT,3950,Standard Price Book,GBP
01tWC00000DD12FYAT,4180,Standard Price Book,AUD
01tWC00000DD12FYAT,3712.5,Standard Price Book,CAD
01tWC00000DD12FYAT,2530,Standard Price Book,EUR
01tWC00000DD12FYAT,2172.5,Standard Price Book,GBP
01tWC00000DD12JYAT,208.24,Standard Price Book,AUD
01tWC00000DD12JYAT,184.95,Standard Price Book,CAD
01tWC00000DD12JYAT,126.04,Standard Price Book,EUR
01tWC00000DD12JYAT,108.23,Standard Price Book,GBP
01tWC00000DD12NYAT,418,Standard Price Book,AUD
01tWC00000DD12NYAT,371.25,Standard Price Book,CAD
01tWC00000DD12NYAT,253,Standard Price Book,EUR
01tWC00000DD12NYAT,217.25,Standard Price Book,GBP
01tWC00000DD12LYAT,760,Standard Price Book,AUD
01tWC00000DD12LYAT,675,Standard Price Book,CAD
01tWC00000DD12LYAT,460,Standard Price Book,EUR
01tWC00000DD12LYAT,395,Standard Price Book,GBP
01tWC00000DD12RYAT,212.8,Standard Price Book,AUD
01tWC00000DD12RYAT,189,Standard Price Book,CAD
01tWC00000DD12RYAT,128.8,Standard Price Book,EUR
01tWC00000DD12RYAT,110.6,Standard Price Book,GBP
01tWC00000DD12TYAT,1520,Standard Price Book,AUD
01tWC00000DD12TYAT,1350,Standard Price Book,CAD
01tWC00000DD12TYAT,920,Standard Price Book,EUR
01tWC00000DD12TYAT,790,Standard Price Book,GBP
01tWC00000DD12VYAT,836,Standard Price Book,AUD
01tWC00000DD12VYAT,742.5,Standard Price Book,CAD
01tWC00000DD12VYAT,506,Standard Price Book,EUR
01tWC00000DD12VYAT,434.5,Standard Price Book,GBP
01tWC00000DD12XYAT,760,Standard Price Book,AUD
01tWC00000DD12XYAT,675,Standard Price Book,CAD
01tWC00000DD12XYAT,460,Standard Price Book,EUR
01tWC00000DD12XYAT,395,Standard Price Book,GBP
01tWC00000DD12ZYAT,418,Standard Price Book,AUD
01tWC00000DD12ZYAT,371.25,Standard Price Book,CAD
01tWC00000DD12ZYAT,253,Standard Price Book,EUR
01tWC00000DD12ZYAT,217.25,Standard Price Book,GBP
01tWC00000DD12dYAD,1254,Standard Price Book,AUD
01tWC00000DD12dYAD,1113.75,Standard Price Book,CAD
01tWC00000DD12dYAD,759,Standard Price Book,EUR
01tWC00000DD12dYAD,651.75,Standard Price Book,GBP
01tWC00000DD12bYAD,2280,Standard Price Book,AUD
01tWC00000DD12bYAD,2025,Standard Price Book,CAD
01tWC00000DD12bYAD,1380,Standard Price Book,EUR
01tWC00000DD12bYAD,1185,Standard Price Book,GBP
01tWC00000DD12fYAD,22800,Standard Price Book,AUD
01tWC00000DD12fYAD,20250,Standard Price Book,CAD
01tWC00000DD12fYAD,13800,Standard Price Book,EUR
01tWC00000DD12fYAD,11850,Standard Price Book,GBP
01tWC00000DD12hYAD,12540,Standard Price Book,AUD
01tWC00000DD12hYAD,11137.5,Standard Price Book,CAD
01tWC00000DD12hYAD,7590,Standard Price Book,EUR
01tWC00000DD12hYAD,6517.5,Standard Price Book,GBP
01tWC00000DD12oYAD,1520,Standard Price Book,AUD
01tWC00000DD12oYAD,1350,Standard Price Book,CAD
01tWC00000DD12oYAD,920,Standard Price Book,EUR
01tWC00000DD12oYAD,790,Standard Price Book,GBP
01tWC00000DD12qYAD,836,Standard Price Book,AUD
01tWC00000DD12qYAD,742.5,Standard Price Book,CAD
01tWC00000DD12qYAD,506,Standard Price Book,EUR
01tWC00000DD12qYAD,434.5,Standard Price Book,GBP
01tWC00000DD12uYAD,418,Standard Price Book,AUD
01tWC00000DD12uYAD,371.25,Standard Price Book,CAD
01tWC00000DD12uYAD,253,Standard Price Book,EUR
01tWC00000DD12uYAD,217.25,Standard Price Book,GBP
01tWC00000DD12sYAD,760,Standard Price Book,AUD
01tWC00000DD12sYAD,675,Standard Price Book,CAD
01tWC00000DD12sYAD,460,Standard Price Book,EUR
01tWC00000DD12sYAD,395,Standard Price Book,GBP
01tWC00000DD12wYAD,760,Standard Price Book,AUD
01tWC00000DD12wYAD,675,Standard Price Book,CAD
01tWC00000DD12wYAD,460,Standard Price Book,EUR
01tWC00000DD12wYAD,395,Standard Price Book,GBP
01tWC00000DD12yYAD,418,Standard Price Book,AUD
01tWC00000DD12yYAD,371.25,Standard Price Book,CAD
01tWC00000DD12yYAD,253,Standard Price Book,EUR
01tWC00000DD12yYAD,217.25,Standard Price Book,GBP
01tWC00000DD132YAD,167.2,Standard Price Book,AUD
01tWC00000DD132YAD,148.5,Standard Price Book,CAD
01tWC00000DD132YAD,101.2,Standard Price Book,EUR
01tWC00000DD132YAD,86.9,Standard Price Book,GBP
01tWC00000DD130YAD,304,Standard Price Book,AUD
01tWC00000DD130YAD,270,Standard Price Book,CAD
01tWC00000DD130YAD,184,Standard Price Book,EUR
01tWC00000DD130YAD,158,Standard Price Book,GBP
01tWC00000DD13GYAT,7600,Standard Price Book,AUD
01tWC00000DD13GYAT,6750,Standard Price Book,CAD
01tWC00000DD13GYAT,4600,Standard Price Book,EUR
01tWC00000DD13GYAT,3950,Standard Price Book,GBP
01tWC00000DD1UoYAL,3040,Standard Price Book,AUD
01tWC00000DD1UoYAL,2700,Standard Price Book,CAD
01tWC00000DD1UoYAL,1840,Standard Price Book,EUR
01tWC00000DD1UoYAL,1580,Standard Price Book,GBP
01tWC00000DD1UuYAL,7600,Standard Price Book,AUD
01tWC00000DD1UuYAL,6750,Standard Price Book,CAD
01tWC00000DD1UuYAL,4600,Standard Price Book,EUR
01tWC00000DD1UuYAL,3950,Standard Price Book,GBP
01tWC00000DD13LYAT,32.83,Standard Price Book,AUD
01tWC00000DD13LYAT,29.16,Standard Price Book,CAD
01tWC00000DD13LYAT,19.87,Standard Price Book,EUR
01tWC00000DD13LYAT,17.06,Standard Price Book,GBP
01tWC00000DD1zrYAD,8.74,Standard Price Book,AUD
01tWC00000DD1zrYAD,7.76,Standard Price Book,CAD
01tWC00000DD1zrYAD,5.29,Standard Price Book,EUR
01tWC00000DD1zrYAD,4.54,Standard Price Book,GBP
01tWC00000DD11IYAT,4560,Standard Price Book,AUD
01tWC00000DD11IYAT,4050,Standard Price Book,CAD
01tWC00000DD11IYAT,2760,Standard Price Book,EUR
01tWC00000DD11IYAT,2370,Standard Price Book,GBP
01tWC00000DD10bYAD,29.64,Standard Price Book,AUD
01tWC00000DD10bYAD,26.33,Standard Price Book,CAD
01tWC00000DD10bYAD,17.94,Standard Price Book,EUR
01tWC00000DD10bYAD,15.41,Standard Price Book,GBP
01tWC00000DD13RYAT,3192,Standard Price Book,AUD
01tWC00000DD13RYAT,2835,Standard Price Book,CAD
01tWC00000DD13RYAT,1932,Standard Price Book,EUR
01tWC00000DD13RYAT,1659,Standard Price Book,GBP
01tWC00000DD13TYAT,1755.6,Standard Price Book,AUD
01tWC00000DD13TYAT,1559.25,Standard Price Book,CAD
01tWC00000DD13TYAT,1062.6,Standard Price Book,EUR
01tWC00000DD13TYAT,912.45,Standard Price Book,GBP
01tWC00000DD13UYAT,1900,Standard Price Book,AUD
01tWC00000DD13UYAT,1687.5,Standard Price Book,CAD
01tWC00000DD13UYAT,1150,Standard Price Book,EUR
01tWC00000DD13UYAT,987.5,Standard Price Book,GBP
01tWC00000DD13WYAT,1118.72,Standard Price Book,AUD
01tWC00000DD13WYAT,993.6,Standard Price Book,CAD
01tWC00000DD13WYAT,677.12,Standard Price Book,EUR
01tWC00000DD13WYAT,581.44,Standard Price Book,GBP
01tWC00000DD13YYAT,76.61,Standard Price Book,AUD
01tWC00000DD13YYAT,68.04,Standard Price Book,CAD
01tWC00000DD13YYAT,46.37,Standard Price Book,EUR
01tWC00000DD13YYAT,39.82,Standard Price Book,GBP
01tWC00000DD13oYAD,1520,Standard Price Book,AUD
01tWC00000DD13oYAD,1350,Standard Price Book,CAD
01tWC00000DD13oYAD,920,Standard Price Book,EUR
01tWC00000DD13oYAD,790,Standard Price Book,GBP
01tWC00000DD13vYAD,4560,Standard Price Book,AUD
01tWC00000DD13vYAD,4050,Standard Price Book,CAD
01tWC00000DD13vYAD,2760,Standard Price Book,EUR
01tWC00000DD13vYAD,2370,Standard Price Book,GBP
01tWC00000DD20LYAT,1520,Standard Price Book,AUD
01tWC00000DD20LYAT,1350,Standard Price Book,CAD
01tWC00000DD20LYAT,920,Standard Price Book,EUR
01tWC00000DD20LYAT,790,Standard Price Book,GBP
01tWC00000DD149YAD,4560,Standard Price Book,AUD
01tWC00000DD149YAD,4050,Standard Price Book,CAD
01tWC00000DD149YAD,2760,Standard Price Book,EUR
01tWC00000DD149YAD,2370,Standard Price Book,GBP
01tWC00000DD20KYAT,1520,Standard Price Book,AUD
01tWC00000DD20KYAT,1350,Standard Price Book,CAD
01tWC00000DD20KYAT,920,Standard Price Book,EUR
01tWC00000DD20KYAT,790,Standard Price Book,GBP
01tWC00000DD14DYAT,2921.44,Standard Price Book,AUD
01tWC00000DD14DYAT,2594.7,Standard Price Book,CAD
01tWC00000DD14DYAT,1768.24,Standard Price Book,EUR
01tWC00000DD14DYAT,1518.38,Standard Price Book,GBP
01tWC00000DD14EYAT,6080,Standard Price Book,AUD
01tWC00000DD14EYAT,5400,Standard Price Book,CAD
01tWC00000DD14EYAT,3680,Standard Price Book,EUR
01tWC00000DD14EYAT,3160,Standard Price Book,GBP
01tWC00000DD14FYAT,380,Standard Price Book,AUD
01tWC00000DD14FYAT,337.5,Standard Price Book,CAD
01tWC00000DD14FYAT,230,Standard Price Book,EUR
01tWC00000DD14FYAT,197.5,Standard Price Book,GBP
01tWC00000DD14KYAT,790,Standard Price Book,GBP
01tWC00000DD14MYAT,920,Standard Price Book,EUR
01tWC00000DD14MYAT,790,Standard Price Book,GBP
01tWC00000DD14OYAT,6080,Standard Price Book,AUD
01tWC00000DD14OYAT,5400,Standard Price Book,CAD
01tWC00000DD14OYAT,3680,Standard Price Book,EUR
01tWC00000DD14OYAT,3160,Standard Price Book,GBP
01tWC00000DD14SYAT,2432,Standard Price Book,AUD
01tWC00000DD14SYAT,2160,Standard Price Book,CAD
01tWC00000DD14SYAT,1472,Standard Price Book,EUR
01tWC00000DD14SYAT,1264,Standard Price Book,GBP
01tWC00000DD14TYAT,3040,Standard Price Book,AUD
01tWC00000DD14TYAT,2700,Standard Price Book,CAD
01tWC00000DD14TYAT,1840,Standard Price Book,EUR
01tWC00000DD14TYAT,1580,Standard Price Book,GBP
01tWC00000DD14dYAD,88160,Standard Price Book,AUD
01tWC00000DD14dYAD,78300,Standard Price Book,CAD
01tWC00000DD14dYAD,53360,Standard Price Book,EUR
01tWC00000DD14dYAD,45820,Standard Price Book,GBP
01tWC00000DD14hYAD,760,Standard Price Book,AUD
01tWC00000DD14hYAD,675,Standard Price Book,CAD
01tWC00000DD14hYAD,460,Standard Price Book,EUR
01tWC00000DD14hYAD,395,Standard Price Book,GBP
01tWC00000DD14lYAD,3648,Standard Price Book,AUD
01tWC00000DD14lYAD,3240,Standard Price Book,CAD
01tWC00000DD14lYAD,2208,Standard Price Book,EUR
01tWC00000DD14lYAD,1896,Standard Price Book,GBP
01tWC00000DD14jYAD,6080,Standard Price Book,AUD
01tWC00000DD14jYAD,5400,Standard Price Book,CAD
01tWC00000DD14jYAD,3680,Standard Price Book,EUR
01tWC00000DD14jYAD,3160,Standard Price Book,GBP
01tWC00000DD14rYAD,304,Standard Price Book,AUD
01tWC00000DD14rYAD,270,Standard Price Book,CAD
01tWC00000DD14rYAD,184,Standard Price Book,EUR
01tWC00000DD14rYAD,158,Standard Price Book,GBP
01tWC00000DD153YAD,760,Standard Price Book,AUD
01tWC00000DD153YAD,675,Standard Price Book,CAD
01tWC00000DD153YAD,460,Standard Price Book,EUR
01tWC00000DD153YAD,395,Standard Price Book,GBP
01tWC00000DD154YAD,10032,Standard Price Book,AUD
01tWC00000DD154YAD,8910,Standard Price Book,CAD
01tWC00000DD154YAD,6072,Standard Price Book,EUR
01tWC00000DD154YAD,5214,Standard Price Book,GBP
01tWC00000DD159YAD,1316.7,Standard Price Book,AUD
01tWC00000DD159YAD,1169.44,Standard Price Book,CAD
01tWC00000DD159YAD,796.95,Standard Price Book,EUR
01tWC00000DD159YAD,684.34,Standard Price Book,GBP
01tWC00000DD157YAD,2394,Standard Price Book,AUD
01tWC00000DD157YAD,2126.25,Standard Price Book,CAD
01tWC00000DD157YAD,1449,Standard Price Book,EUR
01tWC00000DD157YAD,1244.25,Standard Price Book,GBP
01tWC00000DD15BYAT,8778,Standard Price Book,AUD
01tWC00000DD15BYAT,7796.25,Standard Price Book,CAD
01tWC00000DD15BYAT,5313,Standard Price Book,EUR
01tWC00000DD15BYAT,4562.25,Standard Price Book,GBP
01tWC00000DD15DYAT,4827.9,Standard Price Book,AUD
01tWC00000DD15DYAT,4287.94,Standard Price Book,CAD
01tWC00000DD15DYAT,2922.15,Standard Price Book,EUR
01tWC00000DD15DYAT,2509.24,Standard Price Book,GBP
01tWC00000DD15EYAT,7600,Standard Price Book,AUD
01tWC00000DD15EYAT,6750,Standard Price Book,CAD
01tWC00000DD15EYAT,4600,Standard Price Book,EUR
01tWC00000DD15EYAT,3950,Standard Price Book,GBP
01tWC00000DD15IYAT,1520,Standard Price Book,AUD
01tWC00000DD15IYAT,1350,Standard Price Book,CAD
01tWC00000DD15IYAT,920,Standard Price Book,EUR
01tWC00000DD15IYAT,790,Standard Price Book,GBP
01tWC00000DD15JYAT,74.48,Standard Price Book,AUD
01tWC00000DD15JYAT,66.15,Standard Price Book,CAD
01tWC00000DD15JYAT,45.08,Standard Price Book,EUR
01tWC00000DD15JYAT,38.71,Standard Price Book,GBP
01tWC00000DD15LYAT,6080,Standard Price Book,AUD
01tWC00000DD15LYAT,5400,Standard Price Book,CAD
01tWC00000DD15LYAT,3680,Standard Price Book,EUR
01tWC00000DD15LYAT,3160,Standard Price Book,GBP
01tWC00000DD15QYAT,54.04,Standard Price Book,AUD
01tWC00000DD15QYAT,47.99,Standard Price Book,CAD
01tWC00000DD15QYAT,32.71,Standard Price Book,EUR
01tWC00000DD15QYAT,28.08,Standard Price Book,GBP
01tWC00000DD15RYAT,19000,Standard Price Book,AUD
01tWC00000DD15RYAT,16875,Standard Price Book,CAD
01tWC00000DD15RYAT,11500,Standard Price Book,EUR
01tWC00000DD15RYAT,9875,Standard Price Book,GBP
01tWC00000DD1e0YAD,4750,Standard Price Book,AUD
01tWC00000DD1e0YAD,4218.75,Standard Price Book,CAD
01tWC00000DD1e0YAD,2875,Standard Price Book,EUR
01tWC00000DD1e0YAD,2468.75,Standard Price Book,GBP
01tWC00000DD1e2YAD,359.1,Standard Price Book,AUD
01tWC00000DD1e2YAD,318.94,Standard Price Book,CAD
01tWC00000DD1e2YAD,217.35,Standard Price Book,EUR
01tWC00000DD1e2YAD,186.64,Standard Price Book,GBP
01tWC00000DD1e3YAD,76000,Standard Price Book,AUD
01tWC00000DD1e3YAD,67500,Standard Price Book,CAD
01tWC00000DD1e3YAD,46000,Standard Price Book,EUR
01tWC00000DD1e3YAD,39500,Standard Price Book,GBP
01tWC00000DD1e4YAD,38000,Standard Price Book,AUD
01tWC00000DD1e4YAD,33750,Standard Price Book,CAD
01tWC00000DD1e4YAD,23000,Standard Price Book,EUR
01tWC00000DD1e4YAD,19750,Standard Price Book,GBP
01tWC00000DD1e8YAD,2280,Standard Price Book,AUD
01tWC00000DD1e8YAD,2025,Standard Price Book,CAD
01tWC00000DD15gYAD,3040,Standard Price Book,AUD
01tWC00000DD15gYAD,2700,Standard Price Book,CAD
01tWC00000DD15gYAD,1840,Standard Price Book,EUR
01tWC00000DD15gYAD,1580,Standard Price Book,GBP
01tWC00000DD15mYAD,76,Standard Price Book,AUD
01tWC00000DD15mYAD,67.5,Standard Price Book,CAD
01tWC00000DD15mYAD,46,Standard Price Book,EUR
01tWC00000DD15mYAD,39.5,Standard Price Book,GBP
01tWC00000DD15nYAD,21.28,Standard Price Book,AUD
01tWC00000DD15nYAD,18.9,Standard Price Book,CAD
01tWC00000DD15nYAD,12.88,Standard Price Book,EUR
01tWC00000DD15nYAD,11.06,Standard Price Book,GBP
01tWC00000DD15oYAD,76,Standard Price Book,AUD
01tWC00000DD15oYAD,67.5,Standard Price Book,CAD
01tWC00000DD15oYAD,46,Standard Price Book,EUR
01tWC00000DD15oYAD,39.5,Standard Price Book,GBP
01tWC00000DD15uYAD,141.36,Standard Price Book,AUD
01tWC00000DD15uYAD,125.55,Standard Price Book,CAD
01tWC00000DD15uYAD,85.56,Standard Price Book,EUR
01tWC00000DD15uYAD,73.47,Standard Price Book,GBP
01tWC00000DD15sYAD,226.48,Standard Price Book,AUD
01tWC00000DD15sYAD,201.15,Standard Price Book,CAD
01tWC00000DD15sYAD,137.08,Standard Price Book,EUR
01tWC00000DD15sYAD,117.71,Standard Price Book,GBP
01tWC00000DD15xYAD,302.48,Standard Price Book,AUD
01tWC00000DD15xYAD,268.65,Standard Price Book,CAD
01tWC00000DD15xYAD,183.08,Standard Price Book,EUR
01tWC00000DD15xYAD,157.21,Standard Price Book,GBP
01tWC00000DD15zYAD,188.48,Standard Price Book,AUD
01tWC00000DD15zYAD,167.4,Standard Price Book,CAD
01tWC00000DD15zYAD,114.08,Standard Price Book,EUR
01tWC00000DD15zYAD,97.96,Standard Price Book,GBP
01tWC00000DD15vYAD,72.96,Standard Price Book,AUD
01tWC00000DD15vYAD,64.8,Standard Price Book,CAD
01tWC00000DD15vYAD,44.16,Standard Price Book,EUR
01tWC00000DD15vYAD,37.92,Standard Price Book,GBP
01tWC00000DD162YAD,60.8,Standard Price Book,AUD
01tWC00000DD162YAD,54,Standard Price Book,CAD
01tWC00000DD162YAD,36.8,Standard Price Book,EUR
01tWC00000DD162YAD,31.6,Standard Price Book,GBP
01tWC00000DD164YAD,34.96,Standard Price Book,AUD
01tWC00000DD164YAD,31.05,Standard Price Book,CAD
01tWC00000DD164YAD,21.16,Standard Price Book,EUR
01tWC00000DD164YAD,18.17,Standard Price Book,GBP
01tWC00000DD160YAD,15.2,Standard Price Book,AUD
01tWC00000DD160YAD,13.5,Standard Price Book,CAD
01tWC00000DD160YAD,9.2,Standard Price Book,EUR
01tWC00000DD160YAD,7.9,Standard Price Book,GBP
01tWC00000DD169YAD,63.84,Standard Price Book,AUD
01tWC00000DD169YAD,56.7,Standard Price Book,CAD
01tWC00000DD169YAD,38.64,Standard Price Book,EUR
01tWC00000DD169YAD,33.18,Standard Price Book,GBP
01tWC00000DD167YAD,104.88,Standard Price Book,AUD
01tWC00000DD167YAD,93.15,Standard Price Book,CAD
01tWC00000DD167YAD,63.48,Standard Price Book,EUR
01tWC00000DD167YAD,54.51,Standard Price Book,GBP
01tWC00000DD165YAD,25.84,Standard Price Book,AUD
01tWC00000DD165YAD,22.95,Standard Price Book,CAD
01tWC00000DD165YAD,15.64,Standard Price Book,EUR
01tWC00000DD165YAD,13.43,Standard Price Book,GBP
01tWC00000DD16EYAT,18240,Standard Price Book,AUD
01tWC00000DD16EYAT,16200,Standard Price Book,CAD
01tWC00000DD16EYAT,11040,Standard Price Book,EUR
01tWC00000DD16EYAT,9480,Standard Price Book,GBP
01tWC00000DD16GYAT,11308.8,Standard Price Book,AUD
01tWC00000DD16GYAT,10044,Standard Price Book,CAD
01tWC00000DD16GYAT,6844.8,Standard Price Book,EUR
01tWC00000DD16GYAT,5877.6,Standard Price Book,GBP
01tWC00000DD16IYAT,3052.16,Standard Price Book,AUD
01tWC00000DD16IYAT,2710.8,Standard Price Book,CAD
01tWC00000DD16IYAT,1847.36,Standard Price Book,EUR
01tWC00000DD16IYAT,1586.32,Standard Price Book,GBP
01tWC00000DD16MYAT,52820,Standard Price Book,AUD
01tWC00000DD16MYAT,46912.5,Standard Price Book,CAD
01tWC00000DD16MYAT,31970,Standard Price Book,EUR
01tWC00000DD16MYAT,27452.5,Standard Price Book,GBP
01tWC00000DD16OYAT,32740.8,Standard Price Book,AUD
01tWC00000DD16OYAT,29079,Standard Price Book,CAD
01tWC00000DD16OYAT,19816.8,Standard Price Book,EUR
01tWC00000DD16OYAT,17016.6,Standard Price Book,GBP
01tWC00000DD16KYAT,25262.4,Standard Price Book,AUD
01tWC00000DD16KYAT,22437,Standard Price Book,CAD
01tWC00000DD16KYAT,15290.4,Standard Price Book,EUR
01tWC00000DD16KYAT,13129.8,Standard Price Book,GBP
01tWC00000DD16RYAT,6384,Standard Price Book,AUD
01tWC00000DD16RYAT,5670,Standard Price Book,CAD
01tWC00000DD16RYAT,3864,Standard Price Book,EUR
01tWC00000DD16RYAT,3318,Standard Price Book,GBP
01tWC00000DD16TYAT,1360.4,Standard Price Book,AUD
01tWC00000DD16TYAT,1208.25,Standard Price Book,CAD
01tWC00000DD16TYAT,823.4,Standard Price Book,EUR
01tWC00000DD16TYAT,707.05,Standard Price Book,GBP
01tWC00000DD16VYAT,3556.8,Standard Price Book,AUD
01tWC00000DD16VYAT,3159,Standard Price Book,CAD
01tWC00000DD16VYAT,2152.8,Standard Price Book,EUR
01tWC00000DD16VYAT,1848.6,Standard Price Book,GBP
01tWC00000DD16UYAT,3556.8,Standard Price Book,AUD
01tWC00000DD16UYAT,3159,Standard Price Book,CAD
01tWC00000DD16UYAT,2152.8,Standard Price Book,EUR
01tWC00000DD16UYAT,1848.6,Standard Price Book,GBP
01tWC00000DD16XYAT,74.48,Standard Price Book,AUD
01tWC00000DD16XYAT,66.15,Standard Price Book,CAD
01tWC00000DD16XYAT,45.08,Standard Price Book,EUR
01tWC00000DD16XYAT,38.71,Standard Price Book,GBP
01tWC00000DD16aYAD,2770.96,Standard Price Book,AUD
01tWC00000DD16aYAD,2461.05,Standard Price Book,CAD
01tWC00000DD16aYAD,1677.16,Standard Price Book,EUR
01tWC00000DD16aYAD,1440.17,Standard Price Book,GBP
01tWC00000DD16cYAD,1524.64,Standard Price Book,AUD
01tWC00000DD16cYAD,1354.12,Standard Price Book,CAD
01tWC00000DD16cYAD,922.81,Standard Price Book,EUR
01tWC00000DD16cYAD,792.41,Standard Price Book,GBP
01tWC00000DD2SkYAL,71.85,Standard Price Book,AUD
01tWC00000DD2SkYAL,63.81,Standard Price Book,CAD
01tWC00000DD2SkYAL,43.49,Standard Price Book,EUR
01tWC00000DD2SkYAL,37.34,Standard Price Book,GBP
01tWC00000DD17PYAT,3313.6,Standard Price Book,AUD
01tWC00000DD17PYAT,2943,Standard Price Book,CAD
01tWC00000DD17PYAT,2005.6,Standard Price Book,EUR
01tWC00000DD17PYAT,1722.2,Standard Price Book,GBP
01tWC00000DD17QYAT,1822.18,Standard Price Book,AUD
01tWC00000DD17QYAT,1618.38,Standard Price Book,CAD
01tWC00000DD17QYAT,1102.9,Standard Price Book,EUR
01tWC00000DD17QYAT,947.05,Standard Price Book,GBP
01tWC00000DD17RYAT,760,Standard Price Book,AUD
01tWC00000DD17RYAT,675,Standard Price Book,CAD
01tWC00000DD17RYAT,460,Standard Price Book,EUR
01tWC00000DD17RYAT,395,Standard Price Book,GBP
01tWC00000DD17aYAD,3800,Standard Price Book,AUD
01tWC00000DD17aYAD,3375,Standard Price Book,CAD
01tWC00000DD17aYAD,2300,Standard Price Book,EUR
01tWC00000DD17aYAD,1975,Standard Price Book,GBP
01tWC00000DD17bYAD,15200,Standard Price Book,AUD
01tWC00000DD17bYAD,13500,Standard Price Book,CAD
01tWC00000DD17bYAD,9200,Standard Price Book,EUR
01tWC00000DD17bYAD,7900,Standard Price Book,GBP
01tWC00000DD2SlYAL,31160,Standard Price Book,AUD
01tWC00000DD2SlYAL,27675,Standard Price Book,CAD
01tWC00000DD2SlYAL,18860,Standard Price Book,EUR
01tWC00000DD2SlYAL,16195,Standard Price Book,GBP
01tWC00000DD17oYAD,59.64,Standard Price Book,AUD
01tWC00000DD17oYAD,52.97,Standard Price Book,CAD
01tWC00000DD17oYAD,36.1,Standard Price Book,EUR
01tWC00000DD17oYAD,31,Standard Price Book,GBP
01tWC00000DD18OYAT,35.11,Standard Price Book,AUD
01tWC00000DD18OYAT,31.19,Standard Price Book,CAD
01tWC00000DD18OYAT,21.25,Standard Price Book,EUR
01tWC00000DD18OYAT,18.25,Standard Price Book,GBP
01tWC00000DD18RYAT,8.71,Standard Price Book,AUD
01tWC00000DD18RYAT,7.74,Standard Price Book,CAD
01tWC00000DD18RYAT,5.27,Standard Price Book,EUR
01tWC00000DD18RYAT,4.53,Standard Price Book,GBP
01tWC00000DD18aYAD,21945.76,Standard Price Book,AUD
01tWC00000DD18aYAD,19491.3,Standard Price Book,CAD
01tWC00000DD18aYAD,13282.96,Standard Price Book,EUR
01tWC00000DD18aYAD,11406.02,Standard Price Book,GBP
01tWC00000DD18YYAT,39900,Standard Price Book,AUD
01tWC00000DD18YYAT,35437.5,Standard Price Book,CAD
01tWC00000DD18YYAT,24150,Standard Price Book,EUR
01tWC00000DD18YYAT,20737.5,Standard Price Book,GBP
01tWC00000DD18cYAD,39900,Standard Price Book,AUD
01tWC00000DD18cYAD,35437.5,Standard Price Book,CAD
01tWC00000DD18cYAD,24150,Standard Price Book,EUR
01tWC00000DD18cYAD,20737.5,Standard Price Book,GBP
01tWC00000DD18eYAD,21945.76,Standard Price Book,AUD
01tWC00000DD18eYAD,19491.3,Standard Price Book,CAD
01tWC00000DD18eYAD,13282.96,Standard Price Book,EUR
01tWC00000DD18eYAD,11406.02,Standard Price Book,GBP
01tWC00000DD18kYAD,3591,Standard Price Book,AUD
01tWC00000DD18kYAD,3189.38,Standard Price Book,CAD
01tWC00000DD18kYAD,2173.5,Standard Price Book,EUR
01tWC00000DD18kYAD,1866.38,Standard Price Book,GBP
01tWC00000DD18nYAD,209760,Standard Price Book,AUD
01tWC00000DD18nYAD,186300,Standard Price Book,CAD
01tWC00000DD18nYAD,126960,Standard Price Book,EUR
01tWC00000DD18nYAD,109020,Standard Price Book,GBP
01tWC00000DD10oYAD,560.88,Standard Price Book,AUD
01tWC00000DD10oYAD,498.15,Standard Price Book,CAD
01tWC00000DD10oYAD,339.48,Standard Price Book,EUR
01tWC00000DD10oYAD,291.51,Standard Price Book,GBP
01tWC00000DD1TeYAL,0.18,Standard Price Book,EUR
01tWC00000DD1TeYAL,0.16,Standard Price Book,GBP
01tWC00000DD1TdYAL,0.18,Standard Price Book,EUR
01tWC00000DD193YAD,19.15,Standard Price Book,AUD
01tWC00000DD193YAD,17.01,Standard Price Book,CAD
01tWC00000DD193YAD,11.59,Standard Price Book,EUR
01tWC00000DD193YAD,9.95,Standard Price Book,GBP
01tWC00000DD17hYAD,1292,Standard Price Book,AUD
01tWC00000DD17hYAD,1147.5,Standard Price Book,CAD
01tWC00000DD17hYAD,782,Standard Price Book,EUR
01tWC00000DD17hYAD,671.5,Standard Price Book,GBP
01tWC00000DD17gYAD,912,Standard Price Book,AUD
01tWC00000DD17gYAD,810,Standard Price Book,CAD
01tWC00000DD17gYAD,552,Standard Price Book,EUR
01tWC00000DD17gYAD,474,Standard Price Book,GBP
01tWC00000DD17iYAD,532,Standard Price Book,AUD
01tWC00000DD17iYAD,472.5,Standard Price Book,CAD
01tWC00000DD17iYAD,322,Standard Price Book,EUR
01tWC00000DD17iYAD,276.5,Standard Price Book,GBP
01tWC00000DD19HYAT,1839.2,Standard Price Book,AUD
01tWC00000DD19HYAT,1633.5,Standard Price Book,CAD
01tWC00000DD19HYAT,1113.2,Standard Price Book,EUR
01tWC00000DD19HYAT,955.9,Standard Price Book,GBP
01tWC00000DD10pYAD,359.1,Standard Price Book,AUD
01tWC00000DD10pYAD,318.94,Standard Price Book,CAD
01tWC00000DD10pYAD,217.35,Standard Price Book,EUR
01tWC00000DD10pYAD,186.64,Standard Price Book,GBP
01tWC00000DD19PYAT,205.2,Standard Price Book,AUD
01tWC00000DD19PYAT,182.25,Standard Price Book,CAD
01tWC00000DD19PYAT,124.2,Standard Price Book,EUR
01tWC00000DD19PYAT,106.65,Standard Price Book,GBP
01tWC00000DD19VYAT,532,Standard Price Book,AUD
01tWC00000DD19VYAT,472.5,Standard Price Book,CAD
01tWC00000DD19VYAT,322,Standard Price Book,EUR
01tWC00000DD19VYAT,276.5,Standard Price Book,GBP
01tWC00000DD19fYAD,380,Standard Price Book,AUD
01tWC00000DD19fYAD,337.5,Standard Price Book,CAD
01tWC00000DD19fYAD,230,Standard Price Book,EUR
01tWC00000DD19fYAD,197.5,Standard Price Book,GBP
01tWC00000DD19lYAD,380,Standard Price Book,AUD
01tWC00000DD19lYAD,337.5,Standard Price Book,CAD
01tWC00000DD19lYAD,230,Standard Price Book,EUR
01tWC00000DD19lYAD,197.5,Standard Price Book,GBP
01tWC00000DD1A5YAL,0.3,Standard Price Book,AUD
01tWC00000DD1A5YAL,0.27,Standard Price Book,CAD
01tWC00000DD1A5YAL,0.18,Standard Price Book,EUR
01tWC00000DD1A5YAL,0.16,Standard Price Book,GBP
01tWC00000DD1A4YAL,0.27,Standard Price Book,CAD
01tWC00000DD1A4YAL,0.18,Standard Price Book,EUR
01tWC00000DD1A4YAL,0.16,Standard Price Book,GBP
01tWC00000DD1A7YAL,18.39,Standard Price Book,AUD
01tWC00000DD1A7YAL,16.34,Standard Price Book,CAD
01tWC00000DD1A7YAL,11.13,Standard Price Book,EUR
01tWC00000DD1A7YAL,9.56,Standard Price Book,GBP
01tWC00000DD1AbYAL,3192,Standard Price Book,AUD
01tWC00000DD1AbYAL,2835,Standard Price Book,CAD
01tWC00000DD1AbYAL,1932,Standard Price Book,EUR
01tWC00000DD1AbYAL,1659,Standard Price Book,GBP
01tWC00000DD1AdYAL,1755.6,Standard Price Book,AUD
01tWC00000DD1AdYAL,1559.25,Standard Price Book,CAD
01tWC00000DD1AdYAL,1062.6,Standard Price Book,EUR
01tWC00000DD1AdYAL,912.45,Standard Price Book,GBP
01tWC00000DD1AsYAL,152,Standard Price Book,AUD
01tWC00000DD1AsYAL,135,Standard Price Book,CAD
01tWC00000DD1AsYAL,92,Standard Price Book,EUR
01tWC00000DD1AsYAL,79,Standard Price Book,GBP
01tWC00000DD1AuYAL,63.84,Standard Price Book,AUD
01tWC00000DD1AuYAL,56.7,Standard Price Book,CAD
01tWC00000DD1AuYAL,38.64,Standard Price Book,EUR
01tWC00000DD1AuYAL,33.18,Standard Price Book,GBP
01tWC00000DD1yRYAT,4560,Standard Price Book,AUD
01tWC00000DD1yRYAT,4050,Standard Price Book,CAD
01tWC00000DD1yRYAT,2760,Standard Price Book,EUR
01tWC00000DD1yRYAT,2370,Standard Price Book,GBP
01tWC00000DD1B1YAL,2476.08,Standard Price Book,AUD
01tWC00000DD1B1YAL,2199.15,Standard Price Book,CAD
01tWC00000DD1B1YAL,1498.68,Standard Price Book,EUR
01tWC00000DD1B1YAL,1286.91,Standard Price Book,GBP
01tWC00000DD1B9YAL,5016,Standard Price Book,AUD
01tWC00000DD1B9YAL,4455,Standard Price Book,CAD
01tWC00000DD1B9YAL,3036,Standard Price Book,EUR
01tWC00000DD1B9YAL,2607,Standard Price Book,GBP
01tWC00000DD1BAYA1,1881,Standard Price Book,AUD
01tWC00000DD1BAYA1,1670.63,Standard Price Book,CAD
01tWC00000DD1BAYA1,1138.5,Standard Price Book,EUR
01tWC00000DD1BAYA1,977.63,Standard Price Book,GBP
01tWC00000DD1BBYA1,877.8,Standard Price Book,AUD
01tWC00000DD1BBYA1,779.63,Standard Price Book,CAD
01tWC00000DD1BBYA1,531.3,Standard Price Book,EUR
01tWC00000DD1BBYA1,456.23,Standard Price Book,GBP
01tWC00000DD1BCYA1,1881,Standard Price Book,AUD
01tWC00000DD1BCYA1,1670.63,Standard Price Book,CAD
01tWC00000DD1BCYA1,1138.5,Standard Price Book,EUR
01tWC00000DD1BCYA1,977.63,Standard Price Book,GBP
01tWC00000DD1BEYA1,37635.2,Standard Price Book,AUD
01tWC00000DD1BEYA1,33426,Standard Price Book,CAD
01tWC00000DD1BEYA1,22779.2,Standard Price Book,EUR
01tWC00000DD1BEYA1,19560.4,Standard Price Book,GBP
01tWC00000DD1BGYA1,20699.36,Standard Price Book,AUD
01tWC00000DD1BGYA1,18384.3,Standard Price Book,CAD
01tWC00000DD1BGYA1,12528.56,Standard Price Book,EUR
01tWC00000DD1BGYA1,10758.22,Standard Price Book,GBP
01tWC00000DD1pFYAT,5244,Standard Price Book,AUD
01tWC00000DD1pFYAT,4657.5,Standard Price Book,CAD
01tWC00000DD1pFYAT,3174,Standard Price Book,EUR
01tWC00000DD1pFYAT,2725.5,Standard Price Book,GBP
01tWC00000DD1pDYAT,8454.24,Standard Price Book,AUD
01tWC00000DD1pDYAT,7508.7,Standard Price Book,CAD
01tWC00000DD1pDYAT,5117.04,Standard Price Book,EUR
01tWC00000DD1pDYAT,4393.98,Standard Price Book,GBP
01tWC00000DD1BOYA1,6832.4,Standard Price Book,AUD
01tWC00000DD1BOYA1,6068.25,Standard Price Book,CAD
01tWC00000DD1BOYA1,4135.4,Standard Price Book,EUR
01tWC00000DD1BOYA1,3551.05,Standard Price Book,GBP
01tWC00000DD1BQYA1,3556.8,Standard Price Book,AUD
01tWC00000DD1BQYA1,3159,Standard Price Book,CAD
01tWC00000DD1BQYA1,2152.8,Standard Price Book,EUR
01tWC00000DD1BQYA1,1848.6,Standard Price Book,GBP
01tWC00000DD1BPYA1,951.14,Standard Price Book,EUR
01tWC00000DD1BUYA1,494,Standard Price Book,AUD
01tWC00000DD1BUYA1,438.75,Standard Price Book,CAD
01tWC00000DD1BUYA1,299,Standard Price Book,EUR
01tWC00000DD1BUYA1,256.75,Standard Price Book,GBP
01tWC00000DD1BSYA1,950,Standard Price Book,AUD
01tWC00000DD1BSYA1,843.75,Standard Price Book,CAD
01tWC00000DD1BSYA1,575,Standard Price Book,EUR
01tWC00000DD1BSYA1,493.75,Standard Price Book,GBP
01tWC00000DD1BWYA1,2500.4,Standard Price Book,AUD
01tWC00000DD1BWYA1,2220.75,Standard Price Book,CAD
01tWC00000DD1BWYA1,1513.4,Standard Price Book,EUR
01tWC00000DD1BWYA1,1299.55,Standard Price Book,GBP
01tWC00000DD1BYYA1,1360.4,Standard Price Book,AUD
01tWC00000DD1BYYA1,1208.25,Standard Price Book,CAD
01tWC00000DD1BYYA1,823.4,Standard Price Book,EUR
01tWC00000DD1BYYA1,707.05,Standard Price Book,GBP
01tWC00000DD1BkYAL,50464,Standard Price Book,AUD
01tWC00000DD1BkYAL,44820,Standard Price Book,CAD
01tWC00000DD1BkYAL,30544,Standard Price Book,EUR
01tWC00000DD1BkYAL,26228,Standard Price Book,GBP
01tWC00000DD1BiYAL,76000,Standard Price Book,AUD
01tWC00000DD1BiYAL,67500,Standard Price Book,CAD
01tWC00000DD1BiYAL,46000,Standard Price Book,EUR
01tWC00000DD1BiYAL,39500,Standard Price Book,GBP
01tWC00000DD1BmYAL,30248,Standard Price Book,AUD
01tWC00000DD1BmYAL,26865,Standard Price Book,CAD
01tWC00000DD1BmYAL,18308,Standard Price Book,EUR
01tWC00000DD1BmYAL,15721,Standard Price Book,GBP
01tWC00000DD1BnYAL,5.02,Standard Price Book,AUD
01tWC00000DD1BnYAL,4.46,Standard Price Book,CAD
01tWC00000DD1BnYAL,3.04,Standard Price Book,EUR
01tWC00000DD1BnYAL,2.61,Standard Price Book,GBP
01tWC00000DD1BoYAL,2.43,Standard Price Book,AUD
01tWC00000DD1BoYAL,2.16,Standard Price Book,CAD
01tWC00000DD1BoYAL,1.47,Standard Price Book,EUR
01tWC00000DD1BoYAL,1.26,Standard Price Book,GBP
01tWC00000DD1CgYAL,1.52,Standard Price Book,AUD
01tWC00000DD1CgYAL,1.35,Standard Price Book,CAD
01tWC00000DD1CgYAL,0.92,Standard Price Book,EUR
01tWC00000DD1CgYAL,0.79,Standard Price Book,GBP
01tWC00000DD1D3YAL,1520,Standard Price Book,AUD
01tWC00000DD1D3YAL,1350,Standard Price Book,CAD
01tWC00000DD1D3YAL,920,Standard Price Book,EUR
01tWC00000DD1D3YAL,790,Standard Price Book,GBP
01tWC00000DD1DSYA1,11400,Standard Price Book,AUD
01tWC00000DD1DSYA1,10125,Standard Price Book,CAD
01tWC00000DD1DSYA1,6900,Standard Price Book,EUR
01tWC00000DD1DSYA1,5925,Standard Price Book,GBP
01tWC00000DD1DUYA1,6270,Standard Price Book,AUD
01tWC00000DD1DUYA1,5568.75,Standard Price Book,CAD
01tWC00000DD1DUYA1,3795,Standard Price Book,EUR
01tWC00000DD1DUYA1,3258.75,Standard Price Book,GBP
01tWC00000DD1DfYAL,7600,Standard Price Book,AUD
01tWC00000DD1DfYAL,6750,Standard Price Book,CAD
01tWC00000DD1DfYAL,4600,Standard Price Book,EUR
01tWC00000DD1DfYAL,3950,Standard Price Book,GBP
01tWC00000DD1zlYAD,7600,Standard Price Book,AUD
01tWC00000DD1zlYAD,6750,Standard Price Book,CAD
01tWC00000DD1zlYAD,4600,Standard Price Book,EUR
01tWC00000DD1zlYAD,3950,Standard Price Book,GBP
01tWC00000DD112YAD,109.44,Standard Price Book,AUD
01tWC00000DD112YAD,97.2,Standard Price Book,CAD
01tWC00000DD112YAD,66.24,Standard Price Book,EUR
01tWC00000DD112YAD,56.88,Standard Price Book,GBP
01tWC00000DD1DjYAL,140.45,Standard Price Book,AUD
01tWC00000DD1DjYAL,124.74,Standard Price Book,CAD
01tWC00000DD1DjYAL,85.01,Standard Price Book,EUR
01tWC00000DD1DjYAL,73,Standard Price Book,GBP
01tWC00000DD1DoYAL,760,Standard Price Book,AUD
01tWC00000DD1DoYAL,675,Standard Price Book,CAD
01tWC00000DD1DoYAL,460,Standard Price Book,EUR
01tWC00000DD1DoYAL,395,Standard Price Book,GBP
01tWC00000DD1DsYAL,93.39,Standard Price Book,AUD
01tWC00000DD1DsYAL,82.94,Standard Price Book,CAD
01tWC00000DD1DsYAL,56.52,Standard Price Book,EUR
01tWC00000DD1DsYAL,48.54,Standard Price Book,GBP
01tWC00000DD1DvYAL,1181.04,Standard Price Book,AUD
01tWC00000DD1DvYAL,1048.95,Standard Price Book,CAD
01tWC00000DD1DvYAL,714.84,Standard Price Book,EUR
01tWC00000DD1DvYAL,613.83,Standard Price Book,GBP
01tWC00000DD1E5YAL,9110.88,Standard Price Book,AUD
01tWC00000DD1E5YAL,8091.9,Standard Price Book,CAD
01tWC00000DD1E5YAL,5514.48,Standard Price Book,EUR
01tWC00000DD1E5YAL,4735.26,Standard Price Book,GBP
01tWC00000DD1EYYA1,4180,Standard Price Book,AUD
01tWC00000DD1EYYA1,3712.5,Standard Price Book,CAD
01tWC00000DD1EYYA1,2530,Standard Price Book,EUR
01tWC00000DD1EYYA1,2172.5,Standard Price Book,GBP
01tWC00000DD1EbYAL,8360,Standard Price Book,AUD
01tWC00000DD1EbYAL,7425,Standard Price Book,CAD
01tWC00000DD1EbYAL,5060,Standard Price Book,EUR
01tWC00000DD1EbYAL,4345,Standard Price Book,GBP
01tWC00000DD1EdYAL,9880,Standard Price Book,AUD
01tWC00000DD1EdYAL,8775,Standard Price Book,CAD
01tWC00000DD1EdYAL,5980,Standard Price Book,EUR
01tWC00000DD1EdYAL,5135,Standard Price Book,GBP
01tWC00000DD1EgYAL,4180,Standard Price Book,AUD
01tWC00000DD1EgYAL,3712.5,Standard Price Book,CAD
01tWC00000DD1EgYAL,2530,Standard Price Book,EUR
01tWC00000DD1EgYAL,2172.5,Standard Price Book,GBP
01tWC00000DD1EhYAL,9021.2,Standard Price Book,AUD
01tWC00000DD1EhYAL,8012.25,Standard Price Book,CAD
01tWC00000DD1EhYAL,5460.2,Standard Price Book,EUR
01tWC00000DD1EhYAL,4688.65,Standard Price Book,GBP
01tWC00000DD1EkYAL,18240,Standard Price Book,AUD
01tWC00000DD1EkYAL,16200,Standard Price Book,CAD
01tWC00000DD1EkYAL,11040,Standard Price Book,EUR
01tWC00000DD1EkYAL,9480,Standard Price Book,GBP
01tWC00000DD1ElYAL,83600,Standard Price Book,AUD
01tWC00000DD1ElYAL,74250,Standard Price Book,CAD
01tWC00000DD1ElYAL,50600,Standard Price Book,EUR
01tWC00000DD1ElYAL,43450,Standard Price Book,GBP
01tWC00000DD1EmYAL,36480,Standard Price Book,AUD
01tWC00000DD1EmYAL,32400,Standard Price Book,CAD
01tWC00000DD1EmYAL,22080,Standard Price Book,EUR
01tWC00000DD1EmYAL,18960,Standard Price Book,GBP
01tWC00000DD1EzYAL,7286.88,Standard Price Book,AUD
01tWC00000DD1EzYAL,6471.9,Standard Price Book,CAD
01tWC00000DD1EzYAL,4410.48,Standard Price Book,EUR
01tWC00000DD1EzYAL,3787.26,Standard Price Book,GBP
01tWC00000DD1F3YAL,629.28,Standard Price Book,AUD
01tWC00000DD1F3YAL,558.9,Standard Price Book,CAD
01tWC00000DD1F3YAL,380.88,Standard Price Book,EUR
01tWC00000DD1F3YAL,327.06,Standard Price Book,GBP
01tWC00000DD1FaYAL,3032.4,Standard Price Book,AUD
01tWC00000DD1FaYAL,2693.25,Standard Price Book,CAD
01tWC00000DD1FaYAL,1835.4,Standard Price Book,EUR
01tWC00000DD1FaYAL,1576.05,Standard Price Book,GBP
01tWC00000DD1FhYAL,23940,Standard Price Book,AUD
01tWC00000DD1FhYAL,21262.5,Standard Price Book,CAD
01tWC00000DD1FhYAL,14490,Standard Price Book,EUR
01tWC00000DD1FhYAL,12442.5,Standard Price Book,GBP
01tWC00000DD1FkYAL,3360.72,Standard Price Book,AUD
01tWC00000DD1FkYAL,2984.85,Standard Price Book,CAD
01tWC00000DD1FkYAL,2034.12,Standard Price Book,EUR
01tWC00000DD1FkYAL,1746.69,Standard Price Book,GBP
01tWC00000DD1FrYAL,3800,Standard Price Book,AUD
01tWC00000DD1FrYAL,3375,Standard Price Book,CAD
01tWC00000DD1FrYAL,2300,Standard Price Book,EUR
01tWC00000DD1FrYAL,1975,Standard Price Book,GBP
01tWC00000DD1FuYAL,4548.6,Standard Price Book,AUD
01tWC00000DD1FuYAL,4039.88,Standard Price Book,CAD
01tWC00000DD1FuYAL,2753.1,Standard Price Book,EUR
01tWC00000DD1FuYAL,2364.08,Standard Price Book,GBP
01tWC00000DD1G2YAL,5342.8,Standard Price Book,AUD
01tWC00000DD1G2YAL,4745.25,Standard Price Book,CAD
01tWC00000DD1G2YAL,3233.8,Standard Price Book,EUR
01tWC00000DD1G2YAL,2776.85,Standard Price Book,GBP
01tWC00000DD1G6YAL,506.16,Standard Price Book,AUD
01tWC00000DD1G6YAL,449.55,Standard Price Book,CAD
01tWC00000DD1G6YAL,306.36,Standard Price Book,EUR
01tWC00000DD1G6YAL,263.07,Standard Price Book,GBP
01tWC00000DD1GDYA1,3138.8,Standard Price Book,AUD
01tWC00000DD1GDYA1,2787.75,Standard Price Book,CAD
01tWC00000DD1GDYA1,1899.8,Standard Price Book,EUR
01tWC00000DD1GDYA1,1631.35,Standard Price Book,GBP
01tWC00000DD1GEYA1,5342.8,Standard Price Book,AUD
01tWC00000DD1GEYA1,4745.25,Standard Price Book,CAD
01tWC00000DD1GEYA1,3233.8,Standard Price Book,EUR
01tWC00000DD1GEYA1,2776.85,Standard Price Book,GBP
01tWC00000DD1GnYAL,0.16,Standard Price Book,GBP
01tWC00000DD1GoYAL,4446,Standard Price Book,AUD
01tWC00000DD1GoYAL,3948.75,Standard Price Book,CAD
01tWC00000DD1GoYAL,2691,Standard Price Book,EUR
01tWC00000DD1GoYAL,2310.75,Standard Price Book,GBP
01tWC00000DD1GxYAL,2272.4,Standard Price Book,AUD
01tWC00000DD1GxYAL,2018.25,Standard Price Book,CAD
01tWC00000DD1GxYAL,1375.4,Standard Price Book,EUR
01tWC00000DD1GxYAL,1181.05,Standard Price Book,GBP
01tWC00000DD1H0YAL,5320,Standard Price Book,AUD
01tWC00000DD1H0YAL,4725,Standard Price Book,CAD
01tWC00000DD1H0YAL,3220,Standard Price Book,EUR
01tWC00000DD1H0YAL,2765,Standard Price Book,GBP
01tWC00000DD1H1YAL,6080,Standard Price Book,AUD
01tWC00000DD1H1YAL,5400,Standard Price Book,CAD
01tWC00000DD1H1YAL,3680,Standard Price Book,EUR
01tWC00000DD1H1YAL,3160,Standard Price Book,GBP
01tWC00000DD1H4YAL,22.8,Standard Price Book,AUD
01tWC00000DD1H4YAL,20.25,Standard Price Book,CAD
01tWC00000DD1H4YAL,13.8,Standard Price Book,EUR
01tWC00000DD1H4YAL,11.85,Standard Price Book,GBP
01tWC00000DD1HAYA1,380,Standard Price Book,AUD
01tWC00000DD1HAYA1,337.5,Standard Price Book,CAD
01tWC00000DD1HAYA1,230,Standard Price Book,EUR
01tWC00000DD1HAYA1,197.5,Standard Price Book,GBP
01tWC00000DD1HCYA1,209.76,Standard Price Book,AUD
01tWC00000DD1HCYA1,186.3,Standard Price Book,CAD
01tWC00000DD1HCYA1,126.96,Standard Price Book,EUR
01tWC00000DD1HCYA1,109.02,Standard Price Book,GBP
01tWC00000DD1HWYA1,2194.5,Standard Price Book,AUD
01tWC00000DD1HWYA1,1949.06,Standard Price Book,CAD
01tWC00000DD1HWYA1,1328.25,Standard Price Book,EUR
01tWC00000DD1HWYA1,1140.56,Standard Price Book,GBP
01tWC00000DD1HUYA1,3990,Standard Price Book,AUD
01tWC00000DD1HUYA1,3543.75,Standard Price Book,CAD
01tWC00000DD1HUYA1,2415,Standard Price Book,EUR
01tWC00000DD1HUYA1,2073.75,Standard Price Book,GBP
01tWC00000DD1HkYAL,5037.28,Standard Price Book,AUD
01tWC00000DD1HkYAL,4473.9,Standard Price Book,CAD
01tWC00000DD1HkYAL,3048.88,Standard Price Book,EUR
01tWC00000DD1HkYAL,2618.06,Standard Price Book,GBP
01tWC00000DD1ydYAD,12160,Standard Price Book,AUD
01tWC00000DD1ydYAD,10800,Standard Price Book,CAD
01tWC00000DD1ydYAD,7360,Standard Price Book,EUR
01tWC00000DD1ydYAD,6320,Standard Price Book,GBP
01tWC00000DD1yfYAD,39520,Standard Price Book,AUD
01tWC00000DD1yfYAD,35100,Standard Price Book,CAD
01tWC00000DD1yfYAD,23920,Standard Price Book,EUR
01tWC00000DD1yfYAD,20540,Standard Price Book,GBP
01tWC00000DD1yeYAD,106400,Standard Price Book,AUD
01tWC00000DD1yeYAD,94500,Standard Price Book,CAD
01tWC00000DD1yeYAD,64400,Standard Price Book,EUR
01tWC00000DD1yeYAD,55300,Standard Price Book,GBP
01tWC00000DD1HxYAL,100.32,Standard Price Book,AUD
01tWC00000DD1HxYAL,89.1,Standard Price Book,CAD
01tWC00000DD1HxYAL,60.72,Standard Price Book,EUR
01tWC00000DD1HxYAL,52.14,Standard Price Book,GBP
01tWC00000DD1I5YAL,904.4,Standard Price Book,AUD
01tWC00000DD1I5YAL,803.25,Standard Price Book,CAD
01tWC00000DD1I5YAL,547.4,Standard Price Book,EUR
01tWC00000DD1I5YAL,470.05,Standard Price Book,GBP
01tWC00000DD1ICYA1,302.48,Standard Price Book,AUD
01tWC00000DD1ICYA1,268.65,Standard Price Book,CAD
01tWC00000DD1ICYA1,183.08,Standard Price Book,EUR
01tWC00000DD1ICYA1,157.21,Standard Price Book,GBP
01tWC00000DD1IFYA1,150.48,Standard Price Book,AUD
01tWC00000DD1IFYA1,133.65,Standard Price Book,CAD
01tWC00000DD1IFYA1,91.08,Standard Price Book,EUR
01tWC00000DD1IFYA1,78.21,Standard Price Book,GBP
01tWC00000DD1IJYA1,302.48,Standard Price Book,AUD
01tWC00000DD1IJYA1,268.65,Standard Price Book,CAD
01tWC00000DD1IJYA1,183.08,Standard Price Book,EUR
01tWC00000DD1IJYA1,157.21,Standard Price Book,GBP
01tWC00000DD1IOYA1,100.32,Standard Price Book,AUD
01tWC00000DD1IOYA1,89.1,Standard Price Book,CAD
01tWC00000DD1IOYA1,60.72,Standard Price Book,EUR
01tWC00000DD1IOYA1,52.14,Standard Price Book,GBP
01tWC00000DD1ITYA1,302.48,Standard Price Book,AUD
01tWC00000DD1ITYA1,268.65,Standard Price Book,CAD
01tWC00000DD1ITYA1,183.08,Standard Price Book,EUR
01tWC00000DD1ITYA1,157.21,Standard Price Book,GBP
01tWC00000DD1IaYAL,150.48,Standard Price Book,AUD
01tWC00000DD1IaYAL,133.65,Standard Price Book,CAD
01tWC00000DD1IaYAL,91.08,Standard Price Book,EUR
01tWC00000DD1IaYAL,78.21,Standard Price Book,GBP
01tWC00000DD1IeYAL,904.4,Standard Price Book,AUD
01tWC00000DD1IeYAL,803.25,Standard Price Book,CAD
01tWC00000DD1IeYAL,547.4,Standard Price Book,EUR
01tWC00000DD1IeYAL,470.05,Standard Price Book,GBP
01tWC00000DD1IhYAL,0.27,Standard Price Book,CAD
01tWC00000DD1IhYAL,0.18,Standard Price Book,EUR
01tWC00000DD1IiYAL,0.27,Standard Price Book,CAD
01tWC00000DD1IiYAL,0.18,Standard Price Book,EUR
01tWC00000DD1IiYAL,0.16,Standard Price Book,GBP
01tWC00000DD1IrYAL,2280,Standard Price Book,AUD
01tWC00000DD1IrYAL,2025,Standard Price Book,CAD
01tWC00000DD1IrYAL,1380,Standard Price Book,EUR
01tWC00000DD1IrYAL,1185,Standard Price Book,GBP
01tWC00000DD1J5YAL,4389.76,Standard Price Book,AUD
01tWC00000DD1J5YAL,3898.8,Standard Price Book,CAD
01tWC00000DD1J5YAL,2656.96,Standard Price Book,EUR
01tWC00000DD1J5YAL,2281.52,Standard Price Book,GBP
01tWC00000DD1J3YAL,7980,Standard Price Book,AUD
01tWC00000DD1J3YAL,7087.5,Standard Price Book,CAD
01tWC00000DD1J3YAL,4830,Standard Price Book,EUR
01tWC00000DD1J3YAL,4147.5,Standard Price Book,GBP
01tWC00000DD1J7YAL,3283.2,Standard Price Book,AUD
01tWC00000DD1J7YAL,2916,Standard Price Book,CAD
01tWC00000DD1J7YAL,1987.2,Standard Price Book,EUR
01tWC00000DD1J7YAL,1706.4,Standard Price Book,GBP
01tWC00000DD1JDYA1,4788,Standard Price Book,AUD
01tWC00000DD1JDYA1,4252.5,Standard Price Book,CAD
01tWC00000DD1JDYA1,2898,Standard Price Book,EUR
01tWC00000DD1JDYA1,2488.5,Standard Price Book,GBP
01tWC00000DD1JFYA1,2634.16,Standard Price Book,AUD
01tWC00000DD1JFYA1,2339.55,Standard Price Book,CAD
01tWC00000DD1JFYA1,1594.36,Standard Price Book,EUR
01tWC00000DD1JFYA1,1369.07,Standard Price Book,GBP
01tWC00000DD1JVYA1,16720,Standard Price Book,AUD
01tWC00000DD1JVYA1,14850,Standard Price Book,CAD
01tWC00000DD1JVYA1,10120,Standard Price Book,EUR
01tWC00000DD1JVYA1,8690,Standard Price Book,GBP
01tWC00000DD1JeYAL,226.48,Standard Price Book,AUD
01tWC00000DD1JeYAL,201.15,Standard Price Book,CAD
01tWC00000DD1JeYAL,137.08,Standard Price Book,EUR
01tWC00000DD1JeYAL,117.71,Standard Price Book,GBP
01tWC00000DD1JxYAL,114,Standard Price Book,AUD
01tWC00000DD1JxYAL,101.25,Standard Price Book,CAD
01tWC00000DD1JxYAL,69,Standard Price Book,EUR
01tWC00000DD1JxYAL,59.25,Standard Price Book,GBP
01tWC00000DD1JzYAL,53.2,Standard Price Book,AUD
01tWC00000DD1JzYAL,47.25,Standard Price Book,CAD
01tWC00000DD1JzYAL,32.2,Standard Price Book,EUR
01tWC00000DD1JzYAL,27.65,Standard Price Book,GBP
01tWC00000DD1K3YAL,60.8,Standard Price Book,AUD
01tWC00000DD1K3YAL,54,Standard Price Book,CAD
01tWC00000DD1K3YAL,36.8,Standard Price Book,EUR
01tWC00000DD1K3YAL,31.6,Standard Price Book,GBP
01tWC00000DD1K1YAL,152,Standard Price Book,AUD
01tWC00000DD1K1YAL,135,Standard Price Book,CAD
01tWC00000DD1K1YAL,92,Standard Price Book,EUR
01tWC00000DD1K1YAL,79,Standard Price Book,GBP
01tWC00000DD1K5YAL,250.8,Standard Price Book,AUD
01tWC00000DD1K5YAL,222.75,Standard Price Book,CAD
01tWC00000DD1K5YAL,151.8,Standard Price Book,EUR
01tWC00000DD1K5YAL,130.35,Standard Price Book,GBP
01tWC00000DD1K8YAL,98.8,Standard Price Book,AUD
01tWC00000DD1K8YAL,87.75,Standard Price Book,CAD
01tWC00000DD1K8YAL,59.8,Standard Price Book,EUR
01tWC00000DD1K8YAL,51.35,Standard Price Book,GBP
01tWC00000DD1K6YAL,245.78,Standard Price Book,AUD
01tWC00000DD1K6YAL,218.3,Standard Price Book,CAD
01tWC00000DD1K6YAL,148.76,Standard Price Book,EUR
01tWC00000DD1K6YAL,127.74,Standard Price Book,GBP
01tWC00000DD1K9YAL,96.82,Standard Price Book,AUD
01tWC00000DD1K9YAL,86,Standard Price Book,CAD
01tWC00000DD1K9YAL,58.6,Standard Price Book,EUR
01tWC00000DD1K9YAL,50.32,Standard Price Book,GBP
01tWC00000DD1KFYA1,85.12,Standard Price Book,AUD
01tWC00000DD1KFYA1,75.6,Standard Price Book,CAD
01tWC00000DD1KFYA1,51.52,Standard Price Book,EUR
01tWC00000DD1KFYA1,44.24,Standard Price Book,GBP
01tWC00000DD1KCYA1,200.64,Standard Price Book,AUD
01tWC00000DD1KCYA1,178.2,Standard Price Book,CAD
01tWC00000DD1KCYA1,121.44,Standard Price Book,EUR
01tWC00000DD1KCYA1,104.28,Standard Price Book,GBP
01tWC00000DD1KAYA1,83.42,Standard Price Book,AUD
01tWC00000DD1KAYA1,74.09,Standard Price Book,CAD
01tWC00000DD1KAYA1,50.49,Standard Price Book,EUR
01tWC00000DD1KAYA1,43.36,Standard Price Book,GBP
01tWC00000DD1KDYA1,196.63,Standard Price Book,AUD
01tWC00000DD1KDYA1,174.64,Standard Price Book,CAD
01tWC00000DD1KDYA1,119.01,Standard Price Book,EUR
01tWC00000DD1KDYA1,102.19,Standard Price Book,GBP
01tWC00000DD1KGYA1,74.48,Standard Price Book,AUD
01tWC00000DD1KGYA1,66.15,Standard Price Book,CAD
01tWC00000DD1KGYA1,45.08,Standard Price Book,EUR
01tWC00000DD1KGYA1,38.71,Standard Price Book,GBP
01tWC00000DD1KIYA1,190,Standard Price Book,AUD
01tWC00000DD1KIYA1,168.75,Standard Price Book,CAD
01tWC00000DD1KIYA1,115,Standard Price Book,EUR
01tWC00000DD1KIYA1,98.75,Standard Price Book,GBP
01tWC00000DD1KLYA1,114,Standard Price Book,AUD
01tWC00000DD1KLYA1,101.25,Standard Price Book,CAD
01tWC00000DD1KLYA1,69,Standard Price Book,EUR
01tWC00000DD1KLYA1,59.25,Standard Price Book,GBP
01tWC00000DD1KNYA1,53.2,Standard Price Book,AUD
01tWC00000DD1KNYA1,47.25,Standard Price Book,CAD
01tWC00000DD1KNYA1,32.2,Standard Price Book,EUR
01tWC00000DD1KNYA1,27.65,Standard Price Book,GBP
01tWC00000DD1KWYA1,21.28,Standard Price Book,AUD
01tWC00000DD1KWYA1,18.9,Standard Price Book,CAD
01tWC00000DD1KWYA1,12.88,Standard Price Book,EUR
01tWC00000DD1KWYA1,11.06,Standard Price Book,GBP
01tWC00000DD1KTYA1,54.72,Standard Price Book,AUD
01tWC00000DD1KTYA1,48.6,Standard Price Book,CAD
01tWC00000DD1KTYA1,33.12,Standard Price Book,EUR
01tWC00000DD1KTYA1,28.44,Standard Price Book,GBP
01tWC00000DD1KXYA1,20.85,Standard Price Book,AUD
01tWC00000DD1KXYA1,18.52,Standard Price Book,CAD
01tWC00000DD1KXYA1,12.62,Standard Price Book,EUR
01tWC00000DD1KXYA1,10.84,Standard Price Book,GBP
01tWC00000DD1KUYA1,53.63,Standard Price Book,AUD
01tWC00000DD1KUYA1,47.63,Standard Price Book,CAD
01tWC00000DD1KUYA1,32.46,Standard Price Book,EUR
01tWC00000DD1KUYA1,27.87,Standard Price Book,GBP
01tWC00000DD1yPYAT,5.02,Standard Price Book,AUD
01tWC00000DD1yPYAT,4.46,Standard Price Book,CAD
01tWC00000DD1yPYAT,3.04,Standard Price Book,EUR
01tWC00000DD1yPYAT,2.61,Standard Price Book,GBP
01tWC00000DD1KhYAL,4560,Standard Price Book,AUD
01tWC00000DD1KhYAL,4050,Standard Price Book,CAD
01tWC00000DD1KhYAL,2760,Standard Price Book,EUR
01tWC00000DD1KhYAL,2370,Standard Price Book,GBP
01tWC00000DD1KpYAL,418,Standard Price Book,AUD
01tWC00000DD1KpYAL,371.25,Standard Price Book,CAD
01tWC00000DD1KpYAL,253,Standard Price Book,EUR
01tWC00000DD1KpYAL,217.25,Standard Price Book,GBP
01tWC00000DD1KoYAL,14440,Standard Price Book,AUD
01tWC00000DD1KoYAL,12825,Standard Price Book,CAD
01tWC00000DD1KoYAL,8740,Standard Price Book,EUR
01tWC00000DD1KoYAL,7505,Standard Price Book,GBP
01tWC00000DD1KwYAL,456,Standard Price Book,AUD
01tWC00000DD1KwYAL,405,Standard Price Book,CAD
01tWC00000DD1KwYAL,276,Standard Price Book,EUR
01tWC00000DD1KwYAL,237,Standard Price Book,GBP
01tWC00000DD111YAD,4.56,Standard Price Book,AUD
01tWC00000DD111YAD,4.05,Standard Price Book,CAD
01tWC00000DD111YAD,2.76,Standard Price Book,EUR
01tWC00000DD111YAD,2.37,Standard Price Book,GBP
01tWC00000DD1LIYA1,3800,Standard Price Book,AUD
01tWC00000DD1LIYA1,3375,Standard Price Book,CAD
01tWC00000DD1LIYA1,2300,Standard Price Book,EUR
01tWC00000DD1LIYA1,1975,Standard Price Book,GBP
01tWC00000DD110YAD,1421.2,Standard Price Book,AUD
01tWC00000DD110YAD,1262.25,Standard Price Book,CAD
01tWC00000DD110YAD,860.2,Standard Price Book,EUR
01tWC00000DD110YAD,738.65,Standard Price Book,GBP
01tWC00000DD1LOYA1,3122.08,Standard Price Book,AUD
01tWC00000DD1LOYA1,2772.9,Standard Price Book,CAD
01tWC00000DD1LOYA1,1889.68,Standard Price Book,EUR
01tWC00000DD1LOYA1,1622.66,Standard Price Book,GBP
01tWC00000DD1LjYAL,760,Standard Price Book,AUD
01tWC00000DD1LjYAL,675,Standard Price Book,CAD
01tWC00000DD1LjYAL,460,Standard Price Book,EUR
01tWC00000DD1LjYAL,395,Standard Price Book,GBP
01tWC00000DD1LkYAL,2508,Standard Price Book,AUD
01tWC00000DD1LkYAL,2227.5,Standard Price Book,CAD
01tWC00000DD1LkYAL,1518,Standard Price Book,EUR
01tWC00000DD1LkYAL,1303.5,Standard Price Book,GBP
01tWC00000DD10eYAD,4389.76,Standard Price Book,AUD
01tWC00000DD10eYAD,3898.8,Standard Price Book,CAD
01tWC00000DD10eYAD,2656.96,Standard Price Book,EUR
01tWC00000DD10eYAD,2281.52,Standard Price Book,GBP
01tWC00000DD1N9YAL,184134.32,Standard Price Book,AUD
01tWC00000DD1N9YAL,163540.35,Standard Price Book,CAD
01tWC00000DD1N9YAL,111449.72,Standard Price Book,EUR
01tWC00000DD1N9YAL,95701.39,Standard Price Book,GBP
01tWC00000DD1N7YAL,385005.36,Standard Price Book,AUD
01tWC00000DD1N7YAL,341945.55,Standard Price Book,CAD
01tWC00000DD1N7YAL,233029.56,Standard Price Book,EUR
01tWC00000DD1N7YAL,200101.47,Standard Price Book,GBP
01tWC00000DD1MAYA1,19228,Standard Price Book,AUD
01tWC00000DD1MAYA1,17077.5,Standard Price Book,CAD
01tWC00000DD1MAYA1,11638,Standard Price Book,EUR
01tWC00000DD1MAYA1,9993.5,Standard Price Book,GBP
01tWC00000DD1M8YAL,40204,Standard Price Book,AUD
01tWC00000DD1M8YAL,35707.5,Standard Price Book,CAD
01tWC00000DD1M8YAL,24334,Standard Price Book,EUR
01tWC00000DD1M8YAL,20895.5,Standard Price Book,GBP
01tWC00000DD1MvYAL,21237.44,Standard Price Book,AUD
01tWC00000DD1MvYAL,18862.2,Standard Price Book,CAD
01tWC00000DD1MvYAL,12854.24,Standard Price Book,EUR
01tWC00000DD1MvYAL,11037.88,Standard Price Book,GBP
01tWC00000DD1N2YAL,10158.16,Standard Price Book,AUD
01tWC00000DD1N2YAL,9022.05,Standard Price Book,CAD
01tWC00000DD1N2YAL,6148.36,Standard Price Book,EUR
01tWC00000DD1N2YAL,5279.57,Standard Price Book,GBP
01tWC00000DD1MzYAL,32251.36,Standard Price Book,AUD
01tWC00000DD1MzYAL,28644.3,Standard Price Book,CAD
01tWC00000DD1MzYAL,19520.56,Standard Price Book,EUR
01tWC00000DD1MzYAL,16762.22,Standard Price Book,GBP
01tWC00000DD1N3YAL,15424.96,Standard Price Book,AUD
01tWC00000DD1N3YAL,13699.8,Standard Price Book,CAD
01tWC00000DD1N3YAL,9336.16,Standard Price Book,EUR
01tWC00000DD1N3YAL,8016.92,Standard Price Book,GBP
01tWC00000DD1N5YAL,3800,Standard Price Book,AUD
01tWC00000DD1N5YAL,3375,Standard Price Book,CAD
01tWC00000DD1N5YAL,2300,Standard Price Book,EUR
01tWC00000DD1N5YAL,1975,Standard Price Book,GBP
01tWC00000DD1NOYA1,12236,Standard Price Book,AUD
01tWC00000DD1NOYA1,10867.5,Standard Price Book,CAD
01tWC00000DD1NOYA1,7406,Standard Price Book,EUR
01tWC00000DD1NOYA1,6359.5,Standard Price Book,GBP
01tWC00000DD1NQYA1,5852,Standard Price Book,AUD
01tWC00000DD1NQYA1,5197.5,Standard Price Book,CAD
01tWC00000DD1NQYA1,3542,Standard Price Book,EUR
01tWC00000DD1NQYA1,3041.5,Standard Price Book,GBP
01tWC00000DD1NfYAL,0.91,Standard Price Book,AUD
01tWC00000DD1NfYAL,0.81,Standard Price Book,CAD
01tWC00000DD1NfYAL,0.55,Standard Price Book,EUR
01tWC00000DD1NfYAL,0.47,Standard Price Book,GBP
01tWC00000DD20BYAT,6080,Standard Price Book,AUD
01tWC00000DD20BYAT,5400,Standard Price Book,CAD
01tWC00000DD20BYAT,3680,Standard Price Book,EUR
01tWC00000DD20BYAT,3160,Standard Price Book,GBP
01tWC00000DD20EYAT,8360,Standard Price Book,AUD
01tWC00000DD20EYAT,7425,Standard Price Book,CAD
01tWC00000DD20EYAT,5060,Standard Price Book,EUR
01tWC00000DD20EYAT,4345,Standard Price Book,GBP
01tWC00000DD20CYAT,13680,Standard Price Book,AUD
01tWC00000DD20CYAT,12150,Standard Price Book,CAD
01tWC00000DD20CYAT,8280,Standard Price Book,EUR
01tWC00000DD20CYAT,7110,Standard Price Book,GBP
01tWC00000DD20FYAT,16720,Standard Price Book,AUD
01tWC00000DD20FYAT,14850,Standard Price Book,CAD
01tWC00000DD20FYAT,10120,Standard Price Book,EUR
01tWC00000DD20FYAT,8690,Standard Price Book,GBP
01tWC00000DD20DYAT,22800,Standard Price Book,AUD
01tWC00000DD20DYAT,20250,Standard Price Book,CAD
01tWC00000DD20DYAT,13800,Standard Price Book,EUR
01tWC00000DD20DYAT,11850,Standard Price Book,GBP
01tWC00000DD20GYAT,27360,Standard Price Book,AUD
01tWC00000DD20GYAT,24300,Standard Price Book,CAD
01tWC00000DD20GYAT,16560,Standard Price Book,EUR
01tWC00000DD20GYAT,14220,Standard Price Book,GBP
01tWC00000DD1NkYAL,3800,Standard Price Book,AUD
01tWC00000DD1NkYAL,3375,Standard Price Book,CAD
01tWC00000DD1NkYAL,2300,Standard Price Book,EUR
01tWC00000DD1NkYAL,1975,Standard Price Book,GBP
01tWC00000DD1NqYAL,54276.16,Standard Price Book,AUD
01tWC00000DD1NqYAL,48205.8,Standard Price Book,CAD
01tWC00000DD1NqYAL,32851.36,Standard Price Book,EUR
01tWC00000DD1NqYAL,28209.32,Standard Price Book,GBP
01tWC00000DD1NtYAL,25958.56,Standard Price Book,AUD
01tWC00000DD1NtYAL,23055.3,Standard Price Book,CAD
01tWC00000DD1NtYAL,15711.76,Standard Price Book,EUR
01tWC00000DD1NtYAL,13491.62,Standard Price Book,GBP
01tWC00000DD1NrYAL,65288.56,Standard Price Book,AUD
01tWC00000DD1NrYAL,57986.55,Standard Price Book,CAD
01tWC00000DD1NrYAL,39516.76,Standard Price Book,EUR
01tWC00000DD1NrYAL,33932.87,Standard Price Book,GBP
01tWC00000DD1NuYAL,31225.36,Standard Price Book,AUD
01tWC00000DD1NuYAL,27733.05,Standard Price Book,CAD
01tWC00000DD1NuYAL,18899.56,Standard Price Book,EUR
01tWC00000DD1NuYAL,16228.97,Standard Price Book,GBP
01tWC00000DD1NwYAL,163731.36,Standard Price Book,AUD
01tWC00000DD1NwYAL,145419.3,Standard Price Book,CAD
01tWC00000DD1NwYAL,99100.56,Standard Price Book,EUR
01tWC00000DD1NwYAL,85097.22,Standard Price Book,GBP
01tWC00000DD1NyYAL,78368.16,Standard Price Book,AUD
01tWC00000DD1NyYAL,69603.3,Standard Price Book,CAD
01tWC00000DD1NyYAL,47433.36,Standard Price Book,EUR
01tWC00000DD1NyYAL,40730.82,Standard Price Book,GBP
01tWC00000DD1O7YAL,46816,Standard Price Book,AUD
01tWC00000DD1O7YAL,41580,Standard Price Book,CAD
01tWC00000DD1O7YAL,28336,Standard Price Book,EUR
01tWC00000DD1O7YAL,24332,Standard Price Book,GBP
01tWC00000DD1O4YAL,97888,Standard Price Book,AUD
01tWC00000DD1O4YAL,86940,Standard Price Book,CAD
01tWC00000DD1O4YAL,59248,Standard Price Book,EUR
01tWC00000DD1O4YAL,50876,Standard Price Book,GBP
01tWC00000DD1O5YAL,107676.8,Standard Price Book,AUD
01tWC00000DD1O5YAL,95634,Standard Price Book,CAD
01tWC00000DD1O5YAL,65172.8,Standard Price Book,EUR
01tWC00000DD1O5YAL,55963.6,Standard Price Book,GBP
01tWC00000DD1O8YAL,51421.6,Standard Price Book,AUD
01tWC00000DD1O8YAL,45670.5,Standard Price Book,CAD
01tWC00000DD1O8YAL,31123.6,Standard Price Book,EUR
01tWC00000DD1O8YAL,26725.7,Standard Price Book,GBP
01tWC00000DD1OEYA1,116587.04,Standard Price Book,AUD
01tWC00000DD1OEYA1,103547.7,Standard Price Book,CAD
01tWC00000DD1OEYA1,70565.84,Standard Price Book,EUR
01tWC00000DD1OEYA1,60594.58,Standard Price Book,GBP
01tWC00000DD1OIYA1,65600.16,Standard Price Book,AUD
01tWC00000DD1OIYA1,58263.3,Standard Price Book,CAD
01tWC00000DD1OIYA1,39705.36,Standard Price Book,EUR
01tWC00000DD1OIYA1,34094.82,Standard Price Book,GBP
01tWC00000DD1OFYA1,44323.2,Standard Price Book,AUD
01tWC00000DD1OFYA1,39366,Standard Price Book,CAD
01tWC00000DD1OFYA1,26827.2,Standard Price Book,EUR
01tWC00000DD1OFYA1,23036.4,Standard Price Book,GBP
01tWC00000DD1OJYA1,24377.76,Standard Price Book,AUD
01tWC00000DD1OJYA1,21651.3,Standard Price Book,CAD
01tWC00000DD1OJYA1,14754.96,Standard Price Book,EUR
01tWC00000DD1OJYA1,12670.02,Standard Price Book,GBP
01tWC00000DD1OKYA1,66881.52,Standard Price Book,AUD
01tWC00000DD1OKYA1,59401.35,Standard Price Book,CAD
01tWC00000DD1OKYA1,40480.92,Standard Price Book,EUR
01tWC00000DD1OKYA1,34760.79,Standard Price Book,GBP
01tWC00000DD1OGYA1,127988.56,Standard Price Book,AUD
01tWC00000DD1OGYA1,113674.05,Standard Price Book,CAD
01tWC00000DD1OGYA1,77466.76,Standard Price Book,EUR
01tWC00000DD1OGYA1,66520.37,Standard Price Book,GBP
01tWC00000DD1OLYA1,3040,Standard Price Book,AUD
01tWC00000DD1OLYA1,2700,Standard Price Book,CAD
01tWC00000DD1OLYA1,1840,Standard Price Book,EUR
01tWC00000DD1OLYA1,1580,Standard Price Book,GBP
01tWC00000DD10PYAT,5700,Standard Price Book,AUD
01tWC00000DD10PYAT,5062.5,Standard Price Book,CAD
01tWC00000DD10PYAT,3450,Standard Price Book,EUR
01tWC00000DD10PYAT,2962.5,Standard Price Book,GBP
01tWC00000DD10dYAD,6186.4,Standard Price Book,AUD
01tWC00000DD10dYAD,5494.5,Standard Price Book,CAD
01tWC00000DD10dYAD,3744.4,Standard Price Book,EUR
01tWC00000DD10dYAD,3215.3,Standard Price Book,GBP
01tWC00000DD1OpYAL,54232.08,Standard Price Book,AUD
01tWC00000DD1OpYAL,48166.65,Standard Price Book,CAD
01tWC00000DD1OpYAL,32824.68,Standard Price Book,EUR
01tWC00000DD1OpYAL,28186.41,Standard Price Book,GBP
01tWC00000DD1OtYAL,25937.28,Standard Price Book,AUD
01tWC00000DD1OtYAL,23036.4,Standard Price Book,CAD
01tWC00000DD1OtYAL,15698.88,Standard Price Book,EUR
01tWC00000DD1OtYAL,13480.56,Standard Price Book,GBP
01tWC00000DD1OuYAL,30912.24,Standard Price Book,AUD
01tWC00000DD1OuYAL,27454.95,Standard Price Book,CAD
01tWC00000DD1OuYAL,18710.04,Standard Price Book,EUR
01tWC00000DD1OuYAL,16066.23,Standard Price Book,GBP
01tWC00000DD1OqYAL,64631.92,Standard Price Book,AUD
01tWC00000DD1OqYAL,57403.35,Standard Price Book,CAD
01tWC00000DD1OqYAL,39119.32,Standard Price Book,EUR
01tWC00000DD1OqYAL,33591.59,Standard Price Book,GBP
01tWC00000DD1OrYAL,81198.4,Standard Price Book,AUD
01tWC00000DD1OrYAL,72117,Standard Price Book,CAD
01tWC00000DD1OrYAL,49146.4,Standard Price Book,EUR
01tWC00000DD1OrYAL,42201.8,Standard Price Book,GBP
01tWC00000DD1OvYAL,40143.2,Standard Price Book,AUD
01tWC00000DD1OvYAL,35653.5,Standard Price Book,CAD
01tWC00000DD1OvYAL,24297.2,Standard Price Book,EUR
01tWC00000DD1OvYAL,20863.9,Standard Price Book,GBP
01tWC00000DD10cYAD,48717.9,Standard Price Book,AUD
01tWC00000DD10cYAD,43269.19,Standard Price Book,CAD
01tWC00000DD10cYAD,29487.15,Standard Price Book,EUR
01tWC00000DD10cYAD,25320.49,Standard Price Book,GBP
01tWC00000DD1P6YAL,7600,Standard Price Book,AUD
01tWC00000DD1P6YAL,6750,Standard Price Book,CAD
01tWC00000DD1P6YAL,4600,Standard Price Book,EUR
01tWC00000DD1P6YAL,3950,Standard Price Book,GBP
01tWC00000DD1P4YAL,15889.32,Standard Price Book,AUD
01tWC00000DD1P4YAL,14112.23,Standard Price Book,CAD
01tWC00000DD1P4YAL,9617.22,Standard Price Book,EUR
01tWC00000DD1P4YAL,8258.27,Standard Price Book,GBP
01tWC00000DD1PAYA1,14212,Standard Price Book,AUD
01tWC00000DD1PAYA1,12622.5,Standard Price Book,CAD
01tWC00000DD1PAYA1,8602,Standard Price Book,EUR
01tWC00000DD1PAYA1,7386.5,Standard Price Book,GBP
01tWC00000DD1P8YAL,29716,Standard Price Book,AUD
01tWC00000DD1P8YAL,26392.5,Standard Price Book,CAD
01tWC00000DD1P8YAL,17986,Standard Price Book,EUR
01tWC00000DD1P8YAL,15444.5,Standard Price Book,GBP
01tWC00000DD1PXYA1,418,Standard Price Book,AUD
01tWC00000DD1PXYA1,371.25,Standard Price Book,CAD
01tWC00000DD1PXYA1,253,Standard Price Book,EUR
01tWC00000DD1PXYA1,217.25,Standard Price Book,GBP
01tWC00000DD1PbYAL,3040,Standard Price Book,AUD
01tWC00000DD1PbYAL,2700,Standard Price Book,CAD
01tWC00000DD1PbYAL,1840,Standard Price Book,EUR
01tWC00000DD1PbYAL,1580,Standard Price Book,GBP
01tWC00000DD1PiYAL,209.76,Standard Price Book,AUD
01tWC00000DD1PiYAL,186.3,Standard Price Book,CAD
01tWC00000DD1PiYAL,126.96,Standard Price Book,EUR
01tWC00000DD1PiYAL,109.02,Standard Price Book,GBP
01tWC00000DD1PjYAL,304,Standard Price Book,AUD
01tWC00000DD1PjYAL,270,Standard Price Book,CAD
01tWC00000DD1PjYAL,184,Standard Price Book,EUR
01tWC00000DD1PjYAL,158,Standard Price Book,GBP
01tWC00000DD1PkYAL,334.4,Standard Price Book,AUD
01tWC00000DD1PkYAL,297,Standard Price Book,CAD
01tWC00000DD1PkYAL,202.4,Standard Price Book,EUR
01tWC00000DD1PkYAL,173.8,Standard Price Book,GBP
01tWC00000DD1PlYAL,380,Standard Price Book,AUD
01tWC00000DD1PlYAL,337.5,Standard Price Book,CAD
01tWC00000DD1PlYAL,230,Standard Price Book,EUR
01tWC00000DD1PlYAL,197.5,Standard Price Book,GBP
01tWC00000DD1PmYAL,418,Standard Price Book,AUD
01tWC00000DD1PmYAL,371.25,Standard Price Book,CAD
01tWC00000DD1PmYAL,253,Standard Price Book,EUR
01tWC00000DD1PmYAL,217.25,Standard Price Book,GBP
01tWC00000DD1PnYAL,380,Standard Price Book,AUD
01tWC00000DD1PnYAL,337.5,Standard Price Book,CAD
01tWC00000DD1PnYAL,230,Standard Price Book,EUR
01tWC00000DD1PnYAL,197.5,Standard Price Book,GBP
01tWC00000DD1PoYAL,418,Standard Price Book,AUD
01tWC00000DD1PoYAL,371.25,Standard Price Book,CAD
01tWC00000DD1PoYAL,253,Standard Price Book,EUR
01tWC00000DD1PoYAL,217.25,Standard Price Book,GBP
01tWC00000DD1PpYAL,380,Standard Price Book,AUD
01tWC00000DD1PpYAL,337.5,Standard Price Book,CAD
01tWC00000DD1PpYAL,230,Standard Price Book,EUR
01tWC00000DD1PpYAL,197.5,Standard Price Book,GBP
01tWC00000DD1zxYAD,494,Standard Price Book,AUD
01tWC00000DD1zxYAD,438.75,Standard Price Book,CAD
01tWC00000DD1zxYAD,299,Standard Price Book,EUR
01tWC00000DD1zxYAD,256.75,Standard Price Book,GBP
01tWC00000DD209YAD,380,Standard Price Book,AUD
01tWC00000DD209YAD,337.5,Standard Price Book,CAD
01tWC00000DD209YAD,230,Standard Price Book,EUR
01tWC00000DD209YAD,197.5,Standard Price Book,GBP
01tWC00000DD20AYAT,684,Standard Price Book,AUD
01tWC00000DD20AYAT,607.5,Standard Price Book,CAD
01tWC00000DD20AYAT,414,Standard Price Book,EUR
01tWC00000DD20AYAT,355.5,Standard Price Book,GBP
01tWC00000DD1zyYAD,1520,Standard Price Book,AUD
01tWC00000DD1zyYAD,1350,Standard Price Book,CAD
01tWC00000DD1zyYAD,920,Standard Price Book,EUR
01tWC00000DD1zyYAD,790,Standard Price Book,GBP
01tWC00000DD200YAD,1140,Standard Price Book,AUD
01tWC00000DD200YAD,1012.5,Standard Price Book,CAD
01tWC00000DD200YAD,690,Standard Price Book,EUR
01tWC00000DD200YAD,592.5,Standard Price Book,GBP
01tWC00000DD201YAD,684,Standard Price Book,AUD
01tWC00000DD201YAD,607.5,Standard Price Book,CAD
01tWC00000DD201YAD,414,Standard Price Book,EUR
01tWC00000DD201YAD,355.5,Standard Price Book,GBP
01tWC00000DD202YAD,1710,Standard Price Book,AUD
01tWC00000DD202YAD,1518.75,Standard Price Book,CAD
01tWC00000DD202YAD,1035,Standard Price Book,EUR
01tWC00000DD202YAD,888.75,Standard Price Book,GBP
01tWC00000DD204YAD,1.5,Standard Price Book,AUD
01tWC00000DD204YAD,1.34,Standard Price Book,CAD
01tWC00000DD204YAD,0.91,Standard Price Book,EUR
01tWC00000DD204YAD,0.78,Standard Price Book,GBP
01tWC00000DD203YAD,1710,Standard Price Book,AUD
01tWC00000DD203YAD,1518.75,Standard Price Book,CAD
01tWC00000DD203YAD,1035,Standard Price Book,EUR
01tWC00000DD203YAD,888.75,Standard Price Book,GBP
01tWC00000DD205YAD,1.5,Standard Price Book,AUD
01tWC00000DD205YAD,1.34,Standard Price Book,CAD
01tWC00000DD205YAD,0.91,Standard Price Book,EUR
01tWC00000DD205YAD,0.78,Standard Price Book,GBP
01tWC00000DD1PrYAL,3511.2,Standard Price Book,AUD
01tWC00000DD1PrYAL,3118.5,Standard Price Book,CAD
01tWC00000DD1PrYAL,2125.2,Standard Price Book,EUR
01tWC00000DD1PrYAL,1824.9,Standard Price Book,GBP
01tWC00000DD1PtYAL,1931.16,Standard Price Book,AUD
01tWC00000DD1PtYAL,1715.18,Standard Price Book,CAD
01tWC00000DD1PtYAL,1168.86,Standard Price Book,EUR
01tWC00000DD1PtYAL,1003.7,Standard Price Book,GBP
01tWC00000DD10jYAD,34200,Standard Price Book,AUD
01tWC00000DD10jYAD,30375,Standard Price Book,CAD
01tWC00000DD10jYAD,20700,Standard Price Book,EUR
01tWC00000DD10jYAD,17775,Standard Price Book,GBP
01tWC00000DD1Q6YAL,3990,Standard Price Book,AUD
01tWC00000DD1Q6YAL,3543.75,Standard Price Book,CAD
01tWC00000DD1Q6YAL,2415,Standard Price Book,EUR
01tWC00000DD1Q6YAL,2073.75,Standard Price Book,GBP
01tWC00000DD1Q8YAL,2194.5,Standard Price Book,AUD
01tWC00000DD1Q8YAL,1949.06,Standard Price Book,CAD
01tWC00000DD1Q8YAL,1328.25,Standard Price Book,EUR
01tWC00000DD1Q8YAL,1140.56,Standard Price Book,GBP
01tWC00000DCwVYYA1,2508,Standard Price Book,AUD
01tWC00000DCwVYYA1,2227.5,Standard Price Book,CAD
01tWC00000DCwVYYA1,1518,Standard Price Book,EUR
01tWC00000DCwVYYA1,1303.5,Standard Price Book,GBP
01tWC00000DCwVWYA1,4560,Standard Price Book,AUD
01tWC00000DCwVWYA1,4050,Standard Price Book,CAD
01tWC00000DCwVWYA1,2760,Standard Price Book,EUR
01tWC00000DCwVWYA1,2370,Standard Price Book,GBP
01tWC00000DCwVfYAL,526.68,Standard Price Book,AUD
01tWC00000DCwVfYAL,467.78,Standard Price Book,CAD
01tWC00000DCwVfYAL,318.78,Standard Price Book,EUR
01tWC00000DCwVfYAL,273.74,Standard Price Book,GBP
01tWC00000DCwVdYAL,957.6,Standard Price Book,AUD
01tWC00000DCwVdYAL,850.5,Standard Price Book,CAD
01tWC00000DCwVdYAL,579.6,Standard Price Book,EUR
01tWC00000DCwVdYAL,497.7,Standard Price Book,GBP
01tWC00000DCwVrYAL,3800,Standard Price Book,AUD
01tWC00000DCwVrYAL,3375,Standard Price Book,CAD
01tWC00000DCwVrYAL,2300,Standard Price Book,EUR
01tWC00000DCwVrYAL,1975,Standard Price Book,GBP
01tWC00000DCwVxYAL,2090,Standard Price Book,AUD
01tWC00000DCwVxYAL,1856.25,Standard Price Book,CAD
01tWC00000DCwVxYAL,1265,Standard Price Book,EUR
01tWC00000DCwVxYAL,1086.25,Standard Price Book,GBP
01tWC00000DCwVtYAL,30400,Standard Price Book,AUD
01tWC00000DCwVtYAL,27000,Standard Price Book,CAD
01tWC00000DCwVtYAL,18400,Standard Price Book,EUR
01tWC00000DCwVtYAL,15800,Standard Price Book,GBP
01tWC00000DCwVzYAL,16720,Standard Price Book,AUD
01tWC00000DCwVzYAL,14850,Standard Price Book,CAD
01tWC00000DCwVzYAL,10120,Standard Price Book,EUR
01tWC00000DCwVzYAL,8690,Standard Price Book,GBP
01tWC00000DCwVyYAL,6688,Standard Price Book,AUD
01tWC00000DCwVyYAL,5940,Standard Price Book,CAD
01tWC00000DCwVyYAL,4048,Standard Price Book,EUR
01tWC00000DCwVyYAL,3476,Standard Price Book,GBP
01tWC00000DCwVsYAL,12160,Standard Price Book,AUD
01tWC00000DCwVsYAL,10800,Standard Price Book,CAD
01tWC00000DCwVsYAL,7360,Standard Price Book,EUR
01tWC00000DCwVsYAL,6320,Standard Price Book,GBP
01tWC00000DCwW5YAL,3040,Standard Price Book,AUD
01tWC00000DCwW5YAL,2700,Standard Price Book,CAD
01tWC00000DCwW5YAL,1840,Standard Price Book,EUR
01tWC00000DCwW5YAL,1580,Standard Price Book,GBP
01tWC00000DCwW7YAL,1672,Standard Price Book,AUD
01tWC00000DCwW7YAL,1485,Standard Price Book,CAD
01tWC00000DCwW7YAL,1012,Standard Price Book,EUR
01tWC00000DCwW7YAL,869,Standard Price Book,GBP
01tWC00000DCwWCYA1,4873.12,Standard Price Book,AUD
01tWC00000DCwWCYA1,4328.1,Standard Price Book,CAD
01tWC00000DCwWCYA1,2949.52,Standard Price Book,EUR
01tWC00000DCwWCYA1,2532.74,Standard Price Book,GBP
01tWC00000DCwWIYA1,393.68,Standard Price Book,AUD
01tWC00000DCwWIYA1,349.65,Standard Price Book,CAD
01tWC00000DCwWIYA1,238.28,Standard Price Book,EUR
01tWC00000DCwWIYA1,204.61,Standard Price Book,GBP
01tWC00000DCwWMYA1,2349.92,Standard Price Book,AUD
01tWC00000DCwWMYA1,2087.1,Standard Price Book,CAD
01tWC00000DCwWMYA1,1422.32,Standard Price Book,EUR
01tWC00000DCwWMYA1,1221.34,Standard Price Book,GBP
01tWC00000DCwWRYA1,76.06,Standard Price Book,AUD
01tWC00000DCwWRYA1,67.55,Standard Price Book,CAD
01tWC00000DCwWRYA1,46.04,Standard Price Book,EUR
01tWC00000DCwWRYA1,39.53,Standard Price Book,GBP
01tWC00000DCwWVYA1,53.2,Standard Price Book,AUD
01tWC00000DCwWVYA1,47.25,Standard Price Book,CAD
01tWC00000DCwWVYA1,32.2,Standard Price Book,EUR
01tWC00000DCwWVYA1,27.65,Standard Price Book,GBP
01tWC00000DCwWXYA1,33.44,Standard Price Book,AUD
01tWC00000DCwWXYA1,29.7,Standard Price Book,CAD
01tWC00000DCwWXYA1,20.24,Standard Price Book,EUR
01tWC00000DCwWXYA1,17.38,Standard Price Book,GBP
01tWC00000DCwWmYAL,8778,Standard Price Book,AUD
01tWC00000DCwWmYAL,7796.25,Standard Price Book,CAD
01tWC00000DCwWmYAL,5313,Standard Price Book,EUR
01tWC00000DCwWmYAL,4562.25,Standard Price Book,GBP
01tWC00000DCwWoYAL,4827.9,Standard Price Book,AUD
01tWC00000DCwWoYAL,4287.94,Standard Price Book,CAD
01tWC00000DCwWoYAL,2922.15,Standard Price Book,EUR
01tWC00000DCwWoYAL,2509.24,Standard Price Book,GBP
01tWC00000DCwWtYAL,6931.2,Standard Price Book,AUD
01tWC00000DCwWtYAL,6156,Standard Price Book,CAD
01tWC00000DCwWtYAL,4195.2,Standard Price Book,EUR
01tWC00000DCwWtYAL,3602.4,Standard Price Book,GBP
01tWC00000DCwWxYAL,10640,Standard Price Book,AUD
01tWC00000DCwWxYAL,9450,Standard Price Book,CAD
01tWC00000DCwWxYAL,6440,Standard Price Book,EUR
01tWC00000DCwWxYAL,5530,Standard Price Book,GBP
01tWC00000DD1zkYAD,7.22,Standard Price Book,AUD
01tWC00000DD1zkYAD,6.41,Standard Price Book,CAD
01tWC00000DD1zkYAD,4.37,Standard Price Book,EUR
01tWC00000DD1zkYAD,3.75,Standard Price Book,GBP
01tWC00000DD1QiYAL,44.14,Standard Price Book,AUD
01tWC00000DD1QiYAL,39.2,Standard Price Book,CAD
01tWC00000DD1QiYAL,26.72,Standard Price Book,EUR
01tWC00000DD1QiYAL,22.94,Standard Price Book,GBP
01tWC00000DD10gYAD,1641.6,Standard Price Book,AUD
01tWC00000DD10gYAD,1458,Standard Price Book,CAD
01tWC00000DD10gYAD,993.6,Standard Price Book,EUR
01tWC00000DD10gYAD,853.2,Standard Price Book,GBP
01tWC00000DD1QhYAL,1140,Standard Price Book,AUD
01tWC00000DD1QhYAL,1012.5,Standard Price Book,CAD
01tWC00000DD1QhYAL,690,Standard Price Book,EUR
01tWC00000DD1QhYAL,592.5,Standard Price Book,GBP
01tWC00000DD1RVYA1,6080,Standard Price Book,AUD
01tWC00000DD1RVYA1,5400,Standard Price Book,CAD
01tWC00000DD1RVYA1,3680,Standard Price Book,EUR
01tWC00000DD1RVYA1,3160,Standard Price Book,GBP
01tWC00000DD1RcYAL,3306,Standard Price Book,AUD
01tWC00000DD1RcYAL,2936.25,Standard Price Book,CAD
01tWC00000DD1RcYAL,2001,Standard Price Book,EUR
01tWC00000DD1RcYAL,1718.25,Standard Price Book,GBP
01tWC00000DD10TYAT,13984,Standard Price Book,AUD
01tWC00000DD10TYAT,12420,Standard Price Book,CAD
01tWC00000DD10TYAT,8464,Standard Price Book,EUR
01tWC00000DD10TYAT,7268,Standard Price Book,GBP
01tWC00000DD1Z0YAL,1223.6,Standard Price Book,AUD
01tWC00000DD1Z0YAL,1086.75,Standard Price Book,CAD
01tWC00000DD1Z0YAL,740.6,Standard Price Book,EUR
01tWC00000DD1Z0YAL,635.95,Standard Price Book,GBP
01tWC00000DD1Z6YAL,2691.92,Standard Price Book,AUD
01tWC00000DD1Z6YAL,2390.85,Standard Price Book,CAD
01tWC00000DD1Z6YAL,1629.32,Standard Price Book,EUR
01tWC00000DD1Z6YAL,1399.09,Standard Price Book,GBP
01tWC00000DD1Z4YAL,4894.4,Standard Price Book,AUD
01tWC00000DD1Z4YAL,4347,Standard Price Book,CAD
01tWC00000DD1Z4YAL,2962.4,Standard Price Book,EUR
01tWC00000DD1Z4YAL,2543.8,Standard Price Book,GBP
01tWC00000DD1ZZYA1,418,Standard Price Book,AUD
01tWC00000DD1ZZYA1,371.25,Standard Price Book,CAD
01tWC00000DD1ZZYA1,253,Standard Price Book,EUR
01tWC00000DD1ZZYA1,217.25,Standard Price Book,GBP
01tWC00000DD09iYAD,54.72,Standard Price Book,AUD
01tWC00000DD09iYAD,48.6,Standard Price Book,CAD
01tWC00000DD09iYAD,33.12,Standard Price Book,EUR
01tWC00000DD09iYAD,28.44,Standard Price Book,GBP
01tWC00000DD09jYAD,54.72,Standard Price Book,AUD
01tWC00000DD09jYAD,48.6,Standard Price Book,CAD
01tWC00000DD09jYAD,33.12,Standard Price Book,EUR
01tWC00000DD09jYAD,28.44,Standard Price Book,GBP
01tWC00000DD0AeYAL,98.8,Standard Price Book,AUD
01tWC00000DD0AeYAL,87.75,Standard Price Book,CAD
01tWC00000DD0AeYAL,59.8,Standard Price Book,EUR
01tWC00000DD0AeYAL,51.35,Standard Price Book,GBP
01tWC00000DD0AcYAL,179.63,Standard Price Book,AUD
01tWC00000DD0AcYAL,159.54,Standard Price Book,CAD
01tWC00000DD0AcYAL,108.73,Standard Price Book,EUR
01tWC00000DD0AcYAL,93.36,Standard Price Book,GBP
01tWC00000DD1TmYAL,3040,Standard Price Book,AUD
01tWC00000DD1TmYAL,2700,Standard Price Book,CAD
01tWC00000DD1TmYAL,1840,Standard Price Book,EUR
01tWC00000DD1TmYAL,1580,Standard Price Book,GBP
01tWC00000DD10RYAT,68947.2,Standard Price Book,AUD
01tWC00000DD10RYAT,61236,Standard Price Book,CAD
01tWC00000DD10RYAT,41731.2,Standard Price Book,EUR
01tWC00000DD10RYAT,35834.4,Standard Price Book,GBP
01tWC00000DD1zqYAD,3040,Standard Price Book,AUD
01tWC00000DD1zqYAD,2700,Standard Price Book,CAD
01tWC00000DD1zqYAD,1840,Standard Price Book,EUR
01tWC00000DD1zqYAD,1580,Standard Price Book,GBP
01tWC00000DD1U8YAL,1520,Standard Price Book,AUD
01tWC00000DD1U8YAL,1350,Standard Price Book,CAD
01tWC00000DD1U8YAL,920,Standard Price Book,EUR
01tWC00000DD1U8YAL,790,Standard Price Book,GBP
01tWC00000DD1UDYA1,3040,Standard Price Book,AUD
01tWC00000DD1UDYA1,2700,Standard Price Book,CAD
01tWC00000DD1UDYA1,1840,Standard Price Book,EUR
01tWC00000DD1UDYA1,1580,Standard Price Book,GBP
01tWC00000DD1UJYA1,3862.32,Standard Price Book,AUD
01tWC00000DD1UJYA1,3430.35,Standard Price Book,CAD
01tWC00000DD1UJYA1,2337.72,Standard Price Book,EUR
01tWC00000DD1UJYA1,2007.39,Standard Price Book,GBP
01tWC00000DD1UHYA1,7022.4,Standard Price Book,AUD
01tWC00000DD1UHYA1,6237,Standard Price Book,CAD
01tWC00000DD1UHYA1,4250.4,Standard Price Book,EUR
01tWC00000DD1UHYA1,3649.8,Standard Price Book,GBP
01tWC00000DD1UNYA1,1316.7,Standard Price Book,AUD
01tWC00000DD1UNYA1,1169.44,Standard Price Book,CAD
01tWC00000DD1UNYA1,796.95,Standard Price Book,EUR
01tWC00000DD1UNYA1,684.34,Standard Price Book,GBP
01tWC00000DD1ULYA1,2394,Standard Price Book,AUD
01tWC00000DD1ULYA1,2126.25,Standard Price Book,CAD
01tWC00000DD1ULYA1,1449,Standard Price Book,EUR
01tWC00000DD1ULYA1,1244.25,Standard Price Book,GBP
01tWC00000DD1UPYA1,5266.8,Standard Price Book,AUD
01tWC00000DD1UPYA1,4677.75,Standard Price Book,CAD
01tWC00000DD1UPYA1,3187.8,Standard Price Book,EUR
01tWC00000DD1UPYA1,2737.35,Standard Price Book,GBP
01tWC00000DD1URYA1,2896.74,Standard Price Book,AUD
01tWC00000DD1URYA1,2572.76,Standard Price Book,CAD
01tWC00000DD1URYA1,1753.29,Standard Price Book,EUR
01tWC00000DD1URYA1,1505.54,Standard Price Book,GBP
01tWC00000DD1UZYA1,3040,Standard Price Book,AUD
01tWC00000DD1UZYA1,2700,Standard Price Book,CAD
01tWC00000DD1UZYA1,1840,Standard Price Book,EUR
01tWC00000DD1UZYA1,1580,Standard Price Book,GBP
01tWC00000DD1UwYAL,3344,Standard Price Book,AUD
01tWC00000DD1UwYAL,2970,Standard Price Book,CAD
01tWC00000DD1UwYAL,2024,Standard Price Book,EUR
01tWC00000DD1UwYAL,1738,Standard Price Book,GBP
01tWC00000DD1V3YAL,7090.8,Standard Price Book,AUD
01tWC00000DD1V3YAL,6297.75,Standard Price Book,CAD
01tWC00000DD1V3YAL,4291.8,Standard Price Book,EUR
01tWC00000DD1V3YAL,3685.35,Standard Price Book,GBP
01tWC00000DD1V1YAL,12892.64,Standard Price Book,AUD
01tWC00000DD1V1YAL,11450.7,Standard Price Book,CAD
01tWC00000DD1V1YAL,7803.44,Standard Price Book,EUR
01tWC00000DD1V1YAL,6700.78,Standard Price Book,GBP
01tWC00000DD1V6YAL,100.32,Standard Price Book,AUD
01tWC00000DD1V6YAL,89.1,Standard Price Book,CAD
01tWC00000DD1V6YAL,60.72,Standard Price Book,EUR
01tWC00000DD1V6YAL,52.14,Standard Price Book,GBP
01tWC00000DD1VBYA1,904.4,Standard Price Book,AUD
01tWC00000DD1VBYA1,803.25,Standard Price Book,CAD
01tWC00000DD1VBYA1,547.4,Standard Price Book,EUR
01tWC00000DD1VBYA1,470.05,Standard Price Book,GBP
01tWC00000DD1ZwYAL,302.48,Standard Price Book,AUD
01tWC00000DD1ZwYAL,268.65,Standard Price Book,CAD
01tWC00000DD1ZwYAL,183.08,Standard Price Book,EUR
01tWC00000DD1ZwYAL,157.21,Standard Price Book,GBP
01tWC00000DD1a1YAD,100.32,Standard Price Book,AUD
01tWC00000DD1a1YAD,89.1,Standard Price Book,CAD
01tWC00000DD1a1YAD,60.72,Standard Price Book,EUR
01tWC00000DD1a1YAD,52.14,Standard Price Book,GBP
01tWC00000DD1a6YAD,302.48,Standard Price Book,AUD
01tWC00000DD1a6YAD,268.65,Standard Price Book,CAD
01tWC00000DD1a6YAD,183.08,Standard Price Book,EUR
01tWC00000DD1a6YAD,157.21,Standard Price Book,GBP
01tWC00000DD1aBYAT,904.4,Standard Price Book,AUD
01tWC00000DD1aBYAT,803.25,Standard Price Book,CAD
01tWC00000DD1aBYAT,547.4,Standard Price Book,EUR
01tWC00000DD1aBYAT,470.05,Standard Price Book,GBP
01tWC00000DD1aFYAT,3344,Standard Price Book,AUD
01tWC00000DD1aFYAT,2970,Standard Price Book,CAD
01tWC00000DD1aFYAT,2024,Standard Price Book,EUR
01tWC00000DD1aFYAT,1738,Standard Price Book,GBP
01tWC00000DD1aHYAT,1839.2,Standard Price Book,AUD
01tWC00000DD1aHYAT,1633.5,Standard Price Book,CAD
01tWC00000DD1aHYAT,1113.2,Standard Price Book,EUR
01tWC00000DD1aHYAT,955.9,Standard Price Book,GBP
01tWC00000DD1ajYAD,7429,Standard Price Book,AUD
01tWC00000DD1ajYAD,6598.13,Standard Price Book,CAD
01tWC00000DD1ajYAD,4496.5,Standard Price Book,EUR
01tWC00000DD1ajYAD,3861.13,Standard Price Book,GBP
01tWC00000DD1aYYAT,30.4,Standard Price Book,AUD
01tWC00000DD1aYYAT,27,Standard Price Book,CAD
01tWC00000DD1aYYAT,18.4,Standard Price Book,EUR
01tWC00000DD1aYYAT,15.8,Standard Price Book,GBP
01tWC00000DD1aaYAD,152,Standard Price Book,AUD
01tWC00000DD1aaYAD,135,Standard Price Book,CAD
01tWC00000DD1aaYAD,92,Standard Price Book,EUR
01tWC00000DD1aaYAD,79,Standard Price Book,GBP
01tWC00000DD1agYAD,13506.72,Standard Price Book,AUD
01tWC00000DD1agYAD,11996.1,Standard Price Book,CAD
01tWC00000DD1agYAD,8175.12,Standard Price Book,EUR
01tWC00000DD1agYAD,7019.94,Standard Price Book,GBP
01tWC00000DD1awYAD,5855.8,Standard Price Book,AUD
01tWC00000DD1awYAD,5200.88,Standard Price Book,CAD
01tWC00000DD1awYAD,3544.3,Standard Price Book,EUR
01tWC00000DD1awYAD,3043.48,Standard Price Book,GBP
01tWC00000DD1axYAD,3040,Standard Price Book,AUD
01tWC00000DD1axYAD,2700,Standard Price Book,CAD
01tWC00000DD1axYAD,1840,Standard Price Book,EUR
01tWC00000DD1axYAD,1580,Standard Price Book,GBP
01tWC00000DD1bTYAT,72.96,Standard Price Book,AUD
01tWC00000DD1bTYAT,64.8,Standard Price Book,CAD
01tWC00000DD1bTYAT,44.16,Standard Price Book,EUR
01tWC00000DD1bTYAT,37.92,Standard Price Book,GBP
01tWC00000DD1bVYAT,25262.4,Standard Price Book,AUD
01tWC00000DD1bVYAT,22437,Standard Price Book,CAD
01tWC00000DD1bVYAT,15290.4,Standard Price Book,EUR
01tWC00000DD1bVYAT,13129.8,Standard Price Book,GBP
01tWC00000DD1bXYAT,3556.8,Standard Price Book,AUD
01tWC00000DD1bXYAT,3159,Standard Price Book,CAD
01tWC00000DD1bXYAT,2152.8,Standard Price Book,EUR
01tWC00000DD1bXYAT,1848.6,Standard Price Book,GBP
01tWC00000DD1brYAD,1822.18,Standard Price Book,AUD
01tWC00000DD1brYAD,1618.38,Standard Price Book,CAD
01tWC00000DD1brYAD,1102.9,Standard Price Book,EUR
01tWC00000DD1brYAD,947.05,Standard Price Book,GBP
01tWC00000DD1cRYAT,418,Standard Price Book,AUD
01tWC00000DD1cRYAT,371.25,Standard Price Book,CAD
01tWC00000DD1cRYAT,253,Standard Price Book,EUR
01tWC00000DD1cRYAT,217.25,Standard Price Book,GBP
01tWC00000DD1cQYAT,3344,Standard Price Book,AUD
01tWC00000DD1cQYAT,2970,Standard Price Book,CAD
01tWC00000DD1cQYAT,2024,Standard Price Book,EUR
01tWC00000DD1cQYAT,1738,Standard Price Book,GBP
01tWC00000DD19JYAT,1520,Standard Price Book,AUD
01tWC00000DD19JYAT,1350,Standard Price Book,CAD
01tWC00000DD19JYAT,920,Standard Price Book,EUR
01tWC00000DD19JYAT,790,Standard Price Book,GBP
01tWC00000DD1cWYAT,209,Standard Price Book,AUD
01tWC00000DD1cWYAT,185.63,Standard Price Book,CAD
01tWC00000DD1cWYAT,126.5,Standard Price Book,EUR
01tWC00000DD1cWYAT,108.63,Standard Price Book,GBP
01tWC00000DD1cXYAT,418,Standard Price Book,AUD
01tWC00000DD1cXYAT,371.25,Standard Price Book,CAD
01tWC00000DD1cXYAT,253,Standard Price Book,EUR
01tWC00000DD1cXYAT,217.25,Standard Price Book,GBP
01tWC00000DD1ceYAD,326800,Standard Price Book,AUD
01tWC00000DD1ceYAD,290250,Standard Price Book,CAD
01tWC00000DD1ceYAD,197800,Standard Price Book,EUR
01tWC00000DD1ceYAD,169850,Standard Price Book,GBP
01tWC00000DD1cfYAD,326800,Standard Price Book,AUD
01tWC00000DD1cfYAD,290250,Standard Price Book,CAD
01tWC00000DD1cfYAD,197800,Standard Price Book,EUR
01tWC00000DD1cfYAD,169850,Standard Price Book,GBP
01tWC00000DD10ZYAT,29640,Standard Price Book,AUD
01tWC00000DD10ZYAT,26325,Standard Price Book,CAD
01tWC00000DD10ZYAT,17940,Standard Price Book,EUR
01tWC00000DD10ZYAT,15405,Standard Price Book,GBP
01tWC00000DD1cjYAD,3040,Standard Price Book,AUD
01tWC00000DD1cjYAD,2700,Standard Price Book,CAD
01tWC00000DD1cjYAD,1840,Standard Price Book,EUR
01tWC00000DD1cjYAD,1580,Standard Price Book,GBP
01tWC00000DD1coYAD,475,Standard Price Book,AUD
01tWC00000DD1coYAD,421.88,Standard Price Book,CAD
01tWC00000DD1coYAD,287.5,Standard Price Book,EUR
01tWC00000DD1coYAD,246.88,Standard Price Book,GBP
01tWC00000DD1zhYAD,494,Standard Price Book,AUD
01tWC00000DD1zhYAD,438.75,Standard Price Book,CAD
01tWC00000DD1zhYAD,299,Standard Price Book,EUR
01tWC00000DD1zhYAD,256.75,Standard Price Book,GBP
01tWC00000DD1ygYAD,380,Standard Price Book,AUD
01tWC00000DD1ygYAD,337.5,Standard Price Book,CAD
01tWC00000DD1ygYAD,230,Standard Price Book,EUR
01tWC00000DD1ygYAD,197.5,Standard Price Book,GBP
01tWC00000DD1crYAD,3458,Standard Price Book,AUD
01tWC00000DD1crYAD,3071.25,Standard Price Book,CAD
01tWC00000DD1crYAD,2093,Standard Price Book,EUR
01tWC00000DD1crYAD,1797.25,Standard Price Book,GBP
01tWC00000DD1csYAD,1.52,Standard Price Book,AUD
01tWC00000DD1csYAD,1.35,Standard Price Book,CAD
01tWC00000DD1csYAD,0.92,Standard Price Book,EUR
01tWC00000DD1csYAD,0.79,Standard Price Book,GBP
01tWC00000DD1ctYAD,3648,Standard Price Book,AUD
01tWC00000DD1ctYAD,3240,Standard Price Book,CAD
01tWC00000DD1ctYAD,2208,Standard Price Book,EUR
01tWC00000DD1ctYAD,1896,Standard Price Book,GBP
01tWC00000DD1cuYAD,10640,Standard Price Book,AUD
01tWC00000DD1cuYAD,9450,Standard Price Book,CAD
01tWC00000DD1cuYAD,6440,Standard Price Book,EUR
01tWC00000DD1cuYAD,5530,Standard Price Book,GBP
01tWC00000DD1cvYAD,5342.8,Standard Price Book,AUD
01tWC00000DD1cvYAD,4745.25,Standard Price Book,CAD
01tWC00000DD1cvYAD,3233.8,Standard Price Book,EUR
01tWC00000DD1cvYAD,2776.85,Standard Price Book,GBP
01tWC00000DD1cxYAD,6080,Standard Price Book,AUD
01tWC00000DD1cxYAD,5400,Standard Price Book,CAD
01tWC00000DD1cxYAD,3680,Standard Price Book,EUR
01tWC00000DD1cxYAD,3160,Standard Price Book,GBP
01tWC00000DD1cyYAD,380,Standard Price Book,AUD
01tWC00000DD1cyYAD,337.5,Standard Price Book,CAD
01tWC00000DD1cyYAD,230,Standard Price Book,EUR
01tWC00000DD1cyYAD,197.5,Standard Price Book,GBP
01tWC00000DD1czYAD,15200,Standard Price Book,AUD
01tWC00000DD1czYAD,13500,Standard Price Book,CAD
01tWC00000DD1czYAD,9200,Standard Price Book,EUR
01tWC00000DD1czYAD,7900,Standard Price Book,GBP
01tWC00000DD1d0YAD,12699.6,Standard Price Book,AUD
01tWC00000DD1d0YAD,11279.25,Standard Price Book,CAD
01tWC00000DD1d0YAD,7686.6,Standard Price Book,EUR
01tWC00000DD1d0YAD,6600.45,Standard Price Book,GBP
01tWC00000DD1d1YAD,6080,Standard Price Book,AUD
01tWC00000DD1d1YAD,5400,Standard Price Book,CAD
01tWC00000DD1d1YAD,3680,Standard Price Book,EUR
01tWC00000DD1d1YAD,3160,Standard Price Book,GBP
01tWC00000DD1d2YAD,6080,Standard Price Book,AUD
01tWC00000DD1d2YAD,5400,Standard Price Book,CAD
01tWC00000DD1d2YAD,3680,Standard Price Book,EUR
01tWC00000DD1d2YAD,3160,Standard Price Book,GBP
01tWC00000DD1d3YAD,9021.2,Standard Price Book,AUD
01tWC00000DD1d3YAD,8012.25,Standard Price Book,CAD
01tWC00000DD1d3YAD,5460.2,Standard Price Book,EUR
01tWC00000DD1d3YAD,4688.65,Standard Price Book,GBP
01tWC00000DD1d4YAD,6080,Standard Price Book,AUD
01tWC00000DD1d4YAD,5400,Standard Price Book,CAD
01tWC00000DD1d4YAD,3680,Standard Price Book,EUR
01tWC00000DD1d4YAD,3160,Standard Price Book,GBP
01tWC00000DD1d5YAD,10640,Standard Price Book,AUD
01tWC00000DD1d5YAD,9450,Standard Price Book,CAD
01tWC00000DD1d5YAD,6440,Standard Price Book,EUR
01tWC00000DD1d5YAD,5530,Standard Price Book,GBP
01tWC00000DD1d6YAD,5342.8,Standard Price Book,AUD
01tWC00000DD1d6YAD,4745.25,Standard Price Book,CAD
01tWC00000DD1d6YAD,3233.8,Standard Price Book,EUR
01tWC00000DD1d6YAD,2776.85,Standard Price Book,GBP
01tWC00000DD1WfYAL,2576.4,Standard Price Book,AUD
01tWC00000DD1WfYAL,2288.25,Standard Price Book,CAD
01tWC00000DD1WfYAL,1559.4,Standard Price Book,EUR
01tWC00000DD1WfYAL,1339.05,Standard Price Book,GBP
01tWC00000DD1WhYAL,380,Standard Price Book,AUD
01tWC00000DD1WhYAL,337.5,Standard Price Book,CAD
01tWC00000DD1WhYAL,230,Standard Price Book,EUR
01tWC00000DD1WhYAL,197.5,Standard Price Book,GBP
01tWC00000DD1WiYAL,23940,Standard Price Book,AUD
01tWC00000DD1WiYAL,21262.5,Standard Price Book,CAD
01tWC00000DD1WiYAL,14490,Standard Price Book,EUR
01tWC00000DD1WiYAL,12442.5,Standard Price Book,GBP
01tWC00000DD1WjYAL,15200,Standard Price Book,AUD
01tWC00000DD1WjYAL,13500,Standard Price Book,CAD
01tWC00000DD1WjYAL,9200,Standard Price Book,EUR
01tWC00000DD1WjYAL,7900,Standard Price Book,GBP
01tWC00000DD1WkYAL,5342.8,Standard Price Book,AUD
01tWC00000DD1WkYAL,4745.25,Standard Price Book,CAD
01tWC00000DD1WkYAL,3233.8,Standard Price Book,EUR
01tWC00000DD1WkYAL,2776.85,Standard Price Book,GBP
01tWC00000DD1WlYAL,2576.4,Standard Price Book,AUD
01tWC00000DD1WlYAL,2288.25,Standard Price Book,CAD
01tWC00000DD1WlYAL,1559.4,Standard Price Book,EUR
01tWC00000DD1WlYAL,1339.05,Standard Price Book,GBP
01tWC00000DD1WmYAL,6080,Standard Price Book,AUD
01tWC00000DD1WmYAL,5400,Standard Price Book,CAD
01tWC00000DD1WmYAL,3680,Standard Price Book,EUR
01tWC00000DD1WmYAL,3160,Standard Price Book,GBP
01tWC00000DD1X0YAL,4111.6,Standard Price Book,AUD
01tWC00000DD1X0YAL,3651.75,Standard Price Book,CAD
01tWC00000DD1X0YAL,2488.6,Standard Price Book,EUR
01tWC00000DD1X0YAL,2136.95,Standard Price Book,GBP
01tWC00000DD1X2YAL,2261.76,Standard Price Book,AUD
01tWC00000DD1X2YAL,2008.8,Standard Price Book,CAD
01tWC00000DD1X2YAL,1368.96,Standard Price Book,EUR
01tWC00000DD1X2YAL,1175.52,Standard Price Book,GBP
01tWC00000DD1yYYAT,109440,Standard Price Book,AUD
01tWC00000DD1yYYAT,97200,Standard Price Book,CAD
01tWC00000DD1yYYAT,66240,Standard Price Book,EUR
01tWC00000DD1yYYAT,56880,Standard Price Book,GBP
01tWC00000DD1ybYAD,224960,Standard Price Book,AUD
01tWC00000DD1ybYAD,199800,Standard Price Book,CAD
01tWC00000DD1ybYAD,136160,Standard Price Book,EUR
01tWC00000DD1ybYAD,116920,Standard Price Book,GBP
01tWC00000DD1yUYAT,36480,Standard Price Book,AUD
01tWC00000DD1yUYAT,32400,Standard Price Book,CAD
01tWC00000DD1yUYAT,22080,Standard Price Book,EUR
01tWC00000DD1yUYAT,18960,Standard Price Book,GBP
01tWC00000DD1yZYAT,141740,Standard Price Book,AUD
01tWC00000DD1yZYAT,125887.5,Standard Price Book,CAD
01tWC00000DD1yZYAT,85790,Standard Price Book,EUR
01tWC00000DD1yZYAT,73667.5,Standard Price Book,GBP
01tWC00000DD1ycYAD,232940,Standard Price Book,AUD
01tWC00000DD1ycYAD,206887.5,Standard Price Book,CAD
01tWC00000DD1ycYAD,140990,Standard Price Book,EUR
01tWC00000DD1ycYAD,121067.5,Standard Price Book,GBP
01tWC00000DD1yVYAT,88540,Standard Price Book,AUD
01tWC00000DD1yVYAT,78637.5,Standard Price Book,CAD
01tWC00000DD1yVYAT,53590,Standard Price Book,EUR
01tWC00000DD1yVYAT,46017.5,Standard Price Book,GBP
01tWC00000DD1yaYAD,15960,Standard Price Book,AUD
01tWC00000DD1yaYAD,14175,Standard Price Book,CAD
01tWC00000DD1yaYAD,9660,Standard Price Book,EUR
01tWC00000DD1yaYAD,8295,Standard Price Book,GBP
01tWC00000DD1yWYAT,9880,Standard Price Book,AUD
01tWC00000DD1yWYAT,8775,Standard Price Book,CAD
01tWC00000DD1yWYAT,5980,Standard Price Book,EUR
01tWC00000DD1yWYAT,5135,Standard Price Book,GBP
01tWC00000DD1yXYAT,760,Standard Price Book,AUD
01tWC00000DD1yXYAT,675,Standard Price Book,CAD
01tWC00000DD1yXYAT,460,Standard Price Book,EUR
01tWC00000DD1yXYAT,395,Standard Price Book,GBP
01tWC00000DD1X5YAL,2394,Standard Price Book,AUD
01tWC00000DD1X5YAL,2126.25,Standard Price Book,CAD
01tWC00000DD1X5YAL,1449,Standard Price Book,EUR
01tWC00000DD1X5YAL,1244.25,Standard Price Book,GBP
01tWC00000DD1X7YAL,1316.7,Standard Price Book,AUD
01tWC00000DD1X7YAL,1169.44,Standard Price Book,CAD
01tWC00000DD1X7YAL,796.95,Standard Price Book,EUR
01tWC00000DD1X7YAL,684.34,Standard Price Book,GBP
01tWC00000DD1XDYA1,38000,Standard Price Book,AUD
01tWC00000DD1XDYA1,33750,Standard Price Book,CAD
01tWC00000DD1XDYA1,23000,Standard Price Book,EUR
01tWC00000DD1XDYA1,19750,Standard Price Book,GBP
01tWC00000DD1XEYA1,38000,Standard Price Book,AUD
01tWC00000DD1XEYA1,33750,Standard Price Book,CAD
01tWC00000DD1XEYA1,23000,Standard Price Book,EUR
01tWC00000DD1XEYA1,19750,Standard Price Book,GBP
01tWC00000DD1XoYAL,500.08,Standard Price Book,AUD
01tWC00000DD1XoYAL,444.15,Standard Price Book,CAD
01tWC00000DD1XoYAL,302.68,Standard Price Book,EUR
01tWC00000DD1XoYAL,259.91,Standard Price Book,GBP
01tWC00000DD1XvYAL,1380.16,Standard Price Book,AUD
01tWC00000DD1XvYAL,1225.8,Standard Price Book,CAD
01tWC00000DD1XvYAL,835.36,Standard Price Book,EUR
01tWC00000DD1XvYAL,717.32,Standard Price Book,GBP
01tWC00000DD1XtYAL,2758.8,Standard Price Book,AUD
01tWC00000DD1XtYAL,2450.25,Standard Price Book,CAD
01tWC00000DD1XtYAL,1669.8,Standard Price Book,EUR
01tWC00000DD1XtYAL,1433.85,Standard Price Book,GBP
01tWC00000DD1Y0YAL,5266.8,Standard Price Book,AUD
01tWC00000DD1Y0YAL,4677.75,Standard Price Book,CAD
01tWC00000DD1Y0YAL,3187.8,Standard Price Book,EUR
01tWC00000DD1Y0YAL,2737.35,Standard Price Book,GBP
01tWC00000DD1YAYA1,7360,Standard Price Book,EUR
01tWC00000DD1YAYA1,6320,Standard Price Book,GBP
01tWC00000DD1YBYA1,12160,Standard Price Book,AUD
01tWC00000DD1YBYA1,10800,Standard Price Book,CAD
01tWC00000DD1YBYA1,7360,Standard Price Book,EUR
01tWC00000DD1YBYA1,6320,Standard Price Book,GBP
01tWC00000DD1YKYA1,456,Standard Price Book,AUD
01tWC00000DD1YKYA1,405,Standard Price Book,CAD
01tWC00000DD1YKYA1,276,Standard Price Book,EUR
01tWC00000DD1YKYA1,237,Standard Price Book,GBP
01tWC00000DD1YJYA1,456,Standard Price Book,AUD
01tWC00000DD1YJYA1,405,Standard Price Book,CAD
01tWC00000DD1YJYA1,276,Standard Price Book,EUR
01tWC00000DD1YJYA1,237,Standard Price Book,GBP
01tWC00000DD20uYAD,203998.5,Standard Price Book,CAD
01tWC00000DD1Z2YAL,672.98,Standard Price Book,AUD
01tWC00000DD1Z2YAL,597.71,Standard Price Book,CAD
01tWC00000DD1Z2YAL,407.33,Standard Price Book,EUR
01tWC00000DD1Z2YAL,349.77,Standard Price Book,GBP
01tWC00000DD1YyYAL,1345.96,Standard Price Book,AUD
01tWC00000DD1YyYAL,1195.43,Standard Price Book,CAD
01tWC00000DD1YyYAL,814.66,Standard Price Book,EUR
01tWC00000DD1YyYAL,699.55,Standard Price Book,GBP
01tWC00000DD1YwYAL,2447.2,Standard Price Book,AUD
01tWC00000DD1YwYAL,2173.5,Standard Price Book,CAD
01tWC00000DD1YwYAL,1481.2,Standard Price Book,EUR
01tWC00000DD1YwYAL,1271.9,Standard Price Book,GBP
01tWC00000DD1ZYYA1,1824,Standard Price Book,AUD
01tWC00000DD1ZYYA1,1620,Standard Price Book,CAD
01tWC00000DD1ZYYA1,1104,Standard Price Book,EUR
01tWC00000DD1ZYYA1,948,Standard Price Book,GBP
01tWC00000DD1ZhYAL,494,Standard Price Book,AUD
01tWC00000DD1ZhYAL,438.75,Standard Price Book,CAD
01tWC00000DD1ZhYAL,299,Standard Price Book,EUR
01tWC00000DD1ZhYAL,256.75,Standard Price Book,GBP
01tWC00000DD1ZiYAL,74.48,Standard Price Book,AUD
01tWC00000DD1ZiYAL,66.15,Standard Price Book,CAD
01tWC00000DD1ZiYAL,45.08,Standard Price Book,EUR
01tWC00000DD1ZiYAL,38.71,Standard Price Book,GBP
01tWC00000DD1dPYAT,11970,Standard Price Book,AUD
01tWC00000DD1dPYAT,10631.25,Standard Price Book,CAD
01tWC00000DD1dPYAT,7245,Standard Price Book,EUR
01tWC00000DD1dPYAT,6221.25,Standard Price Book,GBP
01tWC00000DD1dRYAT,6583.5,Standard Price Book,AUD
01tWC00000DD1dRYAT,5847.19,Standard Price Book,CAD
01tWC00000DD1dRYAT,3984.75,Standard Price Book,EUR
01tWC00000DD1dRYAT,3421.69,Standard Price Book,GBP
01tWC00000DD1dVYAT,1316.7,Standard Price Book,AUD
01tWC00000DD1dVYAT,1169.44,Standard Price Book,CAD
01tWC00000DD1dVYAT,796.95,Standard Price Book,EUR
01tWC00000DD1dVYAT,684.34,Standard Price Book,GBP
01tWC00000DD1dTYAT,2394,Standard Price Book,AUD
01tWC00000DD1dTYAT,2126.25,Standard Price Book,CAD
01tWC00000DD1dTYAT,1449,Standard Price Book,EUR
01tWC00000DD1dTYAT,1244.25,Standard Price Book,GBP
01tWC00000DD1djYAD,5320,Standard Price Book,AUD
01tWC00000DD1djYAD,4725,Standard Price Book,CAD
01tWC00000DD1djYAD,3220,Standard Price Book,EUR
01tWC00000DD1djYAD,2765,Standard Price Book,GBP
01tWC00000DD1dpYAD,6270,Standard Price Book,AUD
01tWC00000DD1dpYAD,5568.75,Standard Price Book,CAD
01tWC00000DD1dpYAD,3795,Standard Price Book,EUR
01tWC00000DD1dpYAD,3258.75,Standard Price Book,GBP
01tWC00000DD1dqYAD,6270,Standard Price Book,AUD
01tWC00000DD1dqYAD,5568.75,Standard Price Book,CAD
01tWC00000DD1dqYAD,3795,Standard Price Book,EUR
01tWC00000DD1dqYAD,3258.75,Standard Price Book,GBP
01tWC00000DD1dxYAD,10640,Standard Price Book,AUD
01tWC00000DD1dxYAD,9450,Standard Price Book,CAD
01tWC00000DD1dxYAD,6440,Standard Price Book,EUR
01tWC00000DD1dxYAD,5530,Standard Price Book,GBP
01tWC00000DD1e8YAD,1380,Standard Price Book,EUR
01tWC00000DD1e8YAD,1185,Standard Price Book,GBP
01tWC00000DD1eOYAT,4750,Standard Price Book,AUD
01tWC00000DD1eOYAT,4218.75,Standard Price Book,CAD
01tWC00000DD1eOYAT,2875,Standard Price Book,EUR
01tWC00000DD1eOYAT,2468.75,Standard Price Book,GBP
01tWC00000DD1edYAD,21375,Standard Price Book,AUD
01tWC00000DD1edYAD,18984.38,Standard Price Book,CAD
01tWC00000DD1edYAD,12937.5,Standard Price Book,EUR
01tWC00000DD1edYAD,11109.38,Standard Price Book,GBP
01tWC00000DD1eiYAD,3990,Standard Price Book,AUD
01tWC00000DD1eiYAD,3543.75,Standard Price Book,CAD
01tWC00000DD1eiYAD,2415,Standard Price Book,EUR
01tWC00000DD1eiYAD,2073.75,Standard Price Book,GBP
01tWC00000DD1fAYAT,3800,Standard Price Book,AUD
01tWC00000DD1fAYAT,3375,Standard Price Book,CAD
01tWC00000DD1fAYAT,2300,Standard Price Book,EUR
01tWC00000DD1fAYAT,1975,Standard Price Book,GBP
01tWC00000DD1fjYAD,3648,Standard Price Book,AUD
01tWC00000DD1fjYAD,3240,Standard Price Book,CAD
01tWC00000DD1fjYAD,2208,Standard Price Book,EUR
01tWC00000DD1fjYAD,1896,Standard Price Book,GBP
01tWC00000DD1fkYAD,4560,Standard Price Book,AUD
01tWC00000DD1fkYAD,4050,Standard Price Book,CAD
01tWC00000DD1fkYAD,2760,Standard Price Book,EUR
01tWC00000DD1fkYAD,2370,Standard Price Book,GBP
01tWC00000DD1flYAD,7600,Standard Price Book,AUD
01tWC00000DD1flYAD,6750,Standard Price Book,CAD
01tWC00000DD1flYAD,4600,Standard Price Book,EUR
01tWC00000DD1flYAD,3950,Standard Price Book,GBP
01tWC00000DD1fnYAD,4560,Standard Price Book,AUD
01tWC00000DD1fnYAD,4050,Standard Price Book,CAD
01tWC00000DD1fnYAD,2760,Standard Price Book,EUR
01tWC00000DD1fnYAD,2370,Standard Price Book,GBP
01tWC00000DD1foYAD,6080,Standard Price Book,AUD
01tWC00000DD1foYAD,5400,Standard Price Book,CAD
01tWC00000DD1foYAD,3680,Standard Price Book,EUR
01tWC00000DD1foYAD,3160,Standard Price Book,GBP
01tWC00000DD1fpYAD,9120,Standard Price Book,AUD
01tWC00000DD1fpYAD,8100,Standard Price Book,CAD
01tWC00000DD1fpYAD,5520,Standard Price Book,EUR
01tWC00000DD1fpYAD,4740,Standard Price Book,GBP
01tWC00000DD1fmYAD,3040,Standard Price Book,AUD
01tWC00000DD1fmYAD,2700,Standard Price Book,CAD
01tWC00000DD1fmYAD,1840,Standard Price Book,EUR
01tWC00000DD1fmYAD,1580,Standard Price Book,GBP
01tWC00000DD1g7YAD,1641.6,Standard Price Book,AUD
01tWC00000DD1g7YAD,1458,Standard Price Book,CAD
01tWC00000DD1g7YAD,993.6,Standard Price Book,EUR
01tWC00000DD1g7YAD,853.2,Standard Price Book,GBP
01tWC00000DD1g9YAD,902.88,Standard Price Book,AUD
01tWC00000DD1g9YAD,801.9,Standard Price Book,CAD
01tWC00000DD1g9YAD,546.48,Standard Price Book,EUR
01tWC00000DD1g9YAD,469.26,Standard Price Book,GBP
01tWC00000DD1jhYAD,14964.4,Standard Price Book,AUD
01tWC00000DD1jhYAD,13290.75,Standard Price Book,CAD
01tWC00000DD1jhYAD,9057.4,Standard Price Book,EUR
01tWC00000DD1jhYAD,7777.55,Standard Price Book,GBP
01tWC00000DD1jcYAD,27208,Standard Price Book,AUD
01tWC00000DD1jcYAD,24165,Standard Price Book,CAD
01tWC00000DD1jcYAD,16468,Standard Price Book,EUR
01tWC00000DD1jcYAD,14141,Standard Price Book,GBP
01tWC00000DD1jjYAD,31684.4,Standard Price Book,AUD
01tWC00000DD1jjYAD,28140.75,Standard Price Book,CAD
01tWC00000DD1jjYAD,19177.4,Standard Price Book,EUR
01tWC00000DD1jjYAD,16467.55,Standard Price Book,GBP
01tWC00000DD1jeYAD,57608,Standard Price Book,AUD
01tWC00000DD1jeYAD,51165,Standard Price Book,CAD
01tWC00000DD1jeYAD,34868,Standard Price Book,EUR
01tWC00000DD1jeYAD,29941,Standard Price Book,GBP
01tWC00000DD1jkYAD,41716.4,Standard Price Book,AUD
01tWC00000DD1jkYAD,37050.75,Standard Price Book,CAD
01tWC00000DD1jkYAD,25249.4,Standard Price Book,EUR
01tWC00000DD1jkYAD,21681.55,Standard Price Book,GBP
01tWC00000DD1jfYAD,75848,Standard Price Book,AUD
01tWC00000DD1jfYAD,67365,Standard Price Book,CAD
01tWC00000DD1jfYAD,45908,Standard Price Book,EUR
01tWC00000DD1jfYAD,39421,Standard Price Book,GBP
01tWC00000DD1jiYAD,23324.4,Standard Price Book,AUD
01tWC00000DD1jiYAD,20715.75,Standard Price Book,CAD
01tWC00000DD1jiYAD,14117.4,Standard Price Book,EUR
01tWC00000DD1jiYAD,12122.55,Standard Price Book,GBP
01tWC00000DD1jdYAD,42408,Standard Price Book,AUD
01tWC00000DD1jdYAD,37665,Standard Price Book,CAD
01tWC00000DD1jdYAD,25668,Standard Price Book,EUR
01tWC00000DD1jdYAD,22041,Standard Price Book,GBP
01tWC00000DD1jmYAD,40888,Standard Price Book,AUD
01tWC00000DD1jmYAD,36315,Standard Price Book,CAD
01tWC00000DD1jmYAD,24748,Standard Price Book,EUR
01tWC00000DD1jmYAD,21251,Standard Price Book,GBP
01tWC00000DD1jrYAD,22488.4,Standard Price Book,AUD
01tWC00000DD1jrYAD,19973.25,Standard Price Book,CAD
01tWC00000DD1jrYAD,13611.4,Standard Price Book,EUR
01tWC00000DD1jrYAD,11688.05,Standard Price Book,GBP
01tWC00000DD1joYAD,71288,Standard Price Book,AUD
01tWC00000DD1joYAD,63315,Standard Price Book,CAD
01tWC00000DD1joYAD,43148,Standard Price Book,EUR
01tWC00000DD1joYAD,37051,Standard Price Book,GBP
01tWC00000DD1jtYAD,39208.4,Standard Price Book,AUD
01tWC00000DD1jtYAD,34823.25,Standard Price Book,CAD
01tWC00000DD1jtYAD,23731.4,Standard Price Book,EUR
01tWC00000DD1jtYAD,20378.05,Standard Price Book,GBP
01tWC00000DD1juYAD,49240.4,Standard Price Book,AUD
01tWC00000DD1juYAD,43733.25,Standard Price Book,CAD
01tWC00000DD1juYAD,29803.4,Standard Price Book,EUR
01tWC00000DD1juYAD,25592.05,Standard Price Book,GBP
01tWC00000DD1jpYAD,89528,Standard Price Book,AUD
01tWC00000DD1jpYAD,79515,Standard Price Book,CAD
01tWC00000DD1jpYAD,54188,Standard Price Book,EUR
01tWC00000DD1jpYAD,46531,Standard Price Book,GBP
01tWC00000DD1jsYAD,30848.4,Standard Price Book,AUD
01tWC00000DD1jsYAD,27398.25,Standard Price Book,CAD
01tWC00000DD1jsYAD,18671.4,Standard Price Book,EUR
01tWC00000DD1jsYAD,16033.05,Standard Price Book,GBP
01tWC00000DD1jnYAD,56088,Standard Price Book,AUD
01tWC00000DD1jnYAD,49815,Standard Price Book,CAD
01tWC00000DD1jnYAD,33948,Standard Price Book,EUR
01tWC00000DD1jnYAD,29151,Standard Price Book,GBP
01tWC00000DD1k3YAD,418,Standard Price Book,AUD
01tWC00000DD1k3YAD,371.25,Standard Price Book,CAD
01tWC00000DD1k3YAD,253,Standard Price Book,EUR
01tWC00000DD1k3YAD,217.25,Standard Price Book,GBP
01tWC00000DD1ksYAD,278.16,Standard Price Book,AUD
01tWC00000DD1ksYAD,247.05,Standard Price Book,CAD
01tWC00000DD1ksYAD,168.36,Standard Price Book,EUR
01tWC00000DD1ksYAD,144.57,Standard Price Book,GBP
01tWC00000DD1kqYAD,505.4,Standard Price Book,AUD
01tWC00000DD1kqYAD,448.88,Standard Price Book,CAD
01tWC00000DD1kqYAD,305.9,Standard Price Book,EUR
01tWC00000DD1kqYAD,262.68,Standard Price Book,GBP
01tWC00000DD1jzYAD,3032.4,Standard Price Book,AUD
01tWC00000DD1jzYAD,2693.25,Standard Price Book,CAD
01tWC00000DD1jzYAD,1835.4,Standard Price Book,EUR
01tWC00000DD1jzYAD,1576.05,Standard Price Book,GBP
01tWC00000DD1k1YAD,1667.44,Standard Price Book,AUD
01tWC00000DD1k1YAD,1480.95,Standard Price Book,CAD
01tWC00000DD1k1YAD,1009.24,Standard Price Book,EUR
01tWC00000DD1k1YAD,866.63,Standard Price Book,GBP
01tWC00000DD1k8YAD,4272.72,Standard Price Book,AUD
01tWC00000DD1k8YAD,3794.85,Standard Price Book,CAD
01tWC00000DD1k8YAD,2586.12,Standard Price Book,EUR
01tWC00000DD1k8YAD,2220.69,Standard Price Book,GBP
01tWC00000DD1k5YAD,7767.2,Standard Price Book,AUD
01tWC00000DD1k5YAD,6898.5,Standard Price Book,CAD
01tWC00000DD1k5YAD,4701.2,Standard Price Book,EUR
01tWC00000DD1k5YAD,4036.9,Standard Price Book,GBP
01tWC00000DD1k9YAD,3185.92,Standard Price Book,AUD
01tWC00000DD1k9YAD,2829.6,Standard Price Book,CAD
01tWC00000DD1k9YAD,1928.32,Standard Price Book,EUR
01tWC00000DD1k9YAD,1655.84,Standard Price Book,GBP
01tWC00000DD1k6YAD,5791.2,Standard Price Book,AUD
01tWC00000DD1k6YAD,5143.5,Standard Price Book,CAD
01tWC00000DD1k6YAD,3505.2,Standard Price Book,EUR
01tWC00000DD1k6YAD,3009.9,Standard Price Book,GBP
01tWC00000DD1kDYAT,1667.44,Standard Price Book,AUD
01tWC00000DD1kDYAT,1480.95,Standard Price Book,CAD
01tWC00000DD1kDYAT,1009.24,Standard Price Book,EUR
01tWC00000DD1kDYAT,866.63,Standard Price Book,GBP
01tWC00000DD1kBYAT,3032.4,Standard Price Book,AUD
01tWC00000DD1kBYAT,2693.25,Standard Price Book,CAD
01tWC00000DD1kBYAT,1835.4,Standard Price Book,EUR
01tWC00000DD1kBYAT,1576.05,Standard Price Book,GBP
01tWC00000DD1kuYAD,418,Standard Price Book,AUD
01tWC00000DD1kuYAD,371.25,Standard Price Book,CAD
01tWC00000DD1kuYAD,253,Standard Price Book,EUR
01tWC00000DD1kuYAD,217.25,Standard Price Book,GBP
01tWC00000DD1l4YAD,5016,Standard Price Book,AUD
01tWC00000DD1l4YAD,4455,Standard Price Book,CAD
01tWC00000DD1l4YAD,3036,Standard Price Book,EUR
01tWC00000DD1l4YAD,2607,Standard Price Book,GBP
01tWC00000DD1lBYAT,5320,Standard Price Book,AUD
01tWC00000DD1lBYAT,4725,Standard Price Book,CAD
01tWC00000DD1lBYAT,3220,Standard Price Book,EUR
01tWC00000DD1lBYAT,2765,Standard Price Book,GBP
01tWC00000DD1lDYAT,2926,Standard Price Book,AUD
01tWC00000DD1lDYAT,2598.75,Standard Price Book,CAD
01tWC00000DD1lDYAT,1771,Standard Price Book,EUR
01tWC00000DD1lDYAT,1520.75,Standard Price Book,GBP
01tWC00000DD1llYAD,62.32,Standard Price Book,AUD
01tWC00000DD1llYAD,55.35,Standard Price Book,CAD
01tWC00000DD1llYAD,37.72,Standard Price Book,EUR
01tWC00000DD1llYAD,32.39,Standard Price Book,GBP
01tWC00000DD10uYAD,8372.16,Standard Price Book,AUD
01tWC00000DD10uYAD,7435.8,Standard Price Book,CAD
01tWC00000DD10uYAD,5067.36,Standard Price Book,EUR
01tWC00000DD10uYAD,4351.32,Standard Price Book,GBP
01tWC00000DD1lzYAD,560.88,Standard Price Book,AUD
01tWC00000DD1lzYAD,498.15,Standard Price Book,CAD
01tWC00000DD1lzYAD,339.48,Standard Price Book,EUR
01tWC00000DD1lzYAD,291.51,Standard Price Book,GBP
01tWC00000DD1mHYAT,1672,Standard Price Book,AUD
01tWC00000DD1mHYAT,1485,Standard Price Book,CAD
01tWC00000DD1mHYAT,1012,Standard Price Book,EUR
01tWC00000DD1mHYAT,869,Standard Price Book,GBP
01tWC00000DD1mCYAT,418,Standard Price Book,AUD
01tWC00000DD1mCYAT,371.25,Standard Price Book,CAD
01tWC00000DD1mCYAT,253,Standard Price Book,EUR
01tWC00000DD1mCYAT,217.25,Standard Price Book,GBP
01tWC00000DD1mGYAT,626.24,Standard Price Book,AUD
01tWC00000DD1mGYAT,556.2,Standard Price Book,CAD
01tWC00000DD1mGYAT,379.04,Standard Price Book,EUR
01tWC00000DD1mGYAT,325.48,Standard Price Book,GBP
01tWC00000DD1mLYAT,2508,Standard Price Book,AUD
01tWC00000DD1mLYAT,2227.5,Standard Price Book,CAD
01tWC00000DD1mLYAT,1518,Standard Price Book,EUR
01tWC00000DD1mLYAT,1303.5,Standard Price Book,GBP
01tWC00000DD1mMYAT,17480,Standard Price Book,AUD
01tWC00000DD1mMYAT,15525,Standard Price Book,CAD
01tWC00000DD1mMYAT,10580,Standard Price Book,EUR
01tWC00000DD1mMYAT,9085,Standard Price Book,GBP
01tWC00000DD1mNYAT,30400,Standard Price Book,AUD
01tWC00000DD1mNYAT,27000,Standard Price Book,CAD
01tWC00000DD1mNYAT,18400,Standard Price Book,EUR
01tWC00000DD1mNYAT,15800,Standard Price Book,GBP
01tWC00000DD1mYYAT,13538.64,Standard Price Book,AUD
01tWC00000DD1mYYAT,12024.45,Standard Price Book,CAD
01tWC00000DD1mYYAT,8194.44,Standard Price Book,EUR
01tWC00000DD1mYYAT,7036.53,Standard Price Book,GBP
01tWC00000DD1mcYAD,13538.64,Standard Price Book,AUD
01tWC00000DD1mcYAD,12024.45,Standard Price Book,CAD
01tWC00000DD1mcYAD,8194.44,Standard Price Book,EUR
01tWC00000DD1mcYAD,7036.53,Standard Price Book,GBP
01tWC00000DD1mhYAD,5107.2,Standard Price Book,AUD
01tWC00000DD1mhYAD,4536,Standard Price Book,CAD
01tWC00000DD1mhYAD,3091.2,Standard Price Book,EUR
01tWC00000DD1mhYAD,2654.4,Standard Price Book,GBP
01tWC00000DCxkoYAD,10640,Standard Price Book,AUD
01tWC00000DCxkoYAD,9450,Standard Price Book,CAD
01tWC00000DCxkoYAD,6440,Standard Price Book,EUR
01tWC00000DCxkoYAD,5530,Standard Price Book,GBP
01tWC00000DCxkrYAD,31920,Standard Price Book,AUD
01tWC00000DCxkrYAD,28350,Standard Price Book,CAD
01tWC00000DCxkrYAD,19320,Standard Price Book,EUR
01tWC00000DCxkrYAD,16590,Standard Price Book,GBP
01tWC00000DCxkvYAD,8937.6,Standard Price Book,AUD
01tWC00000DCxkvYAD,7938,Standard Price Book,CAD
01tWC00000DCxkvYAD,5409.6,Standard Price Book,EUR
01tWC00000DCxkvYAD,4645.2,Standard Price Book,GBP
01tWC00000DCxkyYAD,7600,Standard Price Book,AUD
01tWC00000DCxkyYAD,6750,Standard Price Book,CAD
01tWC00000DCxkyYAD,4600,Standard Price Book,EUR
01tWC00000DCxkyYAD,3950,Standard Price Book,GBP
01tWC00000DCxl2YAD,513.76,Standard Price Book,AUD
01tWC00000DCxl2YAD,456.3,Standard Price Book,CAD
01tWC00000DCxl2YAD,310.96,Standard Price Book,EUR
01tWC00000DCxl2YAD,267.02,Standard Price Book,GBP
01tWC00000DCxl4YAD,282.72,Standard Price Book,AUD
01tWC00000DCxl4YAD,251.1,Standard Price Book,CAD
01tWC00000DCxl4YAD,171.12,Standard Price Book,EUR
01tWC00000DCxl4YAD,146.94,Standard Price Book,GBP
01tWC00000DCxl8YAD,913.52,Standard Price Book,AUD
01tWC00000DCxl8YAD,811.35,Standard Price Book,CAD
01tWC00000DCxl8YAD,552.92,Standard Price Book,EUR
01tWC00000DCxl8YAD,474.79,Standard Price Book,GBP
01tWC00000DCxl6YAD,1659.84,Standard Price Book,AUD
01tWC00000DCxl6YAD,1474.2,Standard Price Book,CAD
01tWC00000DCxl6YAD,1004.64,Standard Price Book,EUR
01tWC00000DCxl6YAD,862.68,Standard Price Book,GBP
01tWC00000DCxlCYAT,1222.08,Standard Price Book,AUD
01tWC00000DCxlCYAT,1085.4,Standard Price Book,CAD
01tWC00000DCxlCYAT,739.68,Standard Price Book,EUR
01tWC00000DCxlCYAT,635.16,Standard Price Book,GBP
01tWC00000DCxlAYAT,2220.72,Standard Price Book,AUD
01tWC00000DCxlAYAT,1972.35,Standard Price Book,CAD
01tWC00000DCxlAYAT,1344.12,Standard Price Book,EUR
01tWC00000DCxlAYAT,1154.19,Standard Price Book,GBP
01tWC00000DCxlHYAT,913.52,Standard Price Book,AUD
01tWC00000DCxlHYAT,811.35,Standard Price Book,CAD
01tWC00000DCxlHYAT,552.92,Standard Price Book,EUR
01tWC00000DCxlHYAT,474.79,Standard Price Book,GBP
01tWC00000DCxlFYAT,1659.84,Standard Price Book,AUD
01tWC00000DCxlFYAT,1474.2,Standard Price Book,CAD
01tWC00000DCxlFYAT,1004.64,Standard Price Book,EUR
01tWC00000DCxlFYAT,862.68,Standard Price Book,GBP
01tWC00000DCxlJYAT,399.76,Standard Price Book,AUD
01tWC00000DCxlJYAT,355.05,Standard Price Book,CAD
01tWC00000DCxlJYAT,241.96,Standard Price Book,EUR
01tWC00000DCxlJYAT,207.77,Standard Price Book,GBP
01tWC00000DCxlKYAT,3591.76,Standard Price Book,AUD
01tWC00000DCxlKYAT,3190.05,Standard Price Book,CAD
01tWC00000DCxlKYAT,2173.96,Standard Price Book,EUR
01tWC00000DCxlKYAT,1866.77,Standard Price Book,GBP
01tWC00000DD10kYAD,252.32,Standard Price Book,AUD
01tWC00000DD10kYAD,224.1,Standard Price Book,CAD
01tWC00000DD10kYAD,152.72,Standard Price Book,EUR
01tWC00000DD10kYAD,131.14,Standard Price Book,GBP
01tWC00000DCxlPYAT,1138.48,Standard Price Book,AUD
01tWC00000DCxlPYAT,1011.15,Standard Price Book,CAD
01tWC00000DCxlPYAT,689.08,Standard Price Book,EUR
01tWC00000DCxlPYAT,591.71,Standard Price Book,GBP
01tWC00000DCxlNYAT,1138.48,Standard Price Book,AUD
01tWC00000DCxlNYAT,1011.15,Standard Price Book,CAD
01tWC00000DCxlNYAT,689.08,Standard Price Book,EUR
01tWC00000DCxlNYAT,591.71,Standard Price Book,GBP
01tWC00000DCxlRYAT,91200,Standard Price Book,AUD
01tWC00000DCxlRYAT,81000,Standard Price Book,CAD
01tWC00000DCxlRYAT,55200,Standard Price Book,EUR
01tWC00000DCxlRYAT,47400,Standard Price Book,GBP
01tWC00000DCxlTYAT,1512.4,Standard Price Book,AUD
01tWC00000DCxlTYAT,1343.25,Standard Price Book,CAD
01tWC00000DCxlTYAT,915.4,Standard Price Book,EUR
01tWC00000DCxlTYAT,786.05,Standard Price Book,GBP
01tWC00000DCxlUYAT,7600,Standard Price Book,AUD
01tWC00000DCxlUYAT,6750,Standard Price Book,CAD
01tWC00000DCxlUYAT,4600,Standard Price Book,EUR
01tWC00000DCxlUYAT,3950,Standard Price Book,GBP
01tWC00000DD10fYAD,228,Standard Price Book,AUD
01tWC00000DD10fYAD,202.5,Standard Price Book,CAD
01tWC00000DD10fYAD,138,Standard Price Book,EUR
01tWC00000DD10fYAD,118.5,Standard Price Book,GBP
01tWC00000DCxlWYAT,2394,Standard Price Book,AUD
01tWC00000DCxlWYAT,2126.25,Standard Price Book,CAD
01tWC00000DCxlWYAT,1449,Standard Price Book,EUR
01tWC00000DCxlWYAT,1244.25,Standard Price Book,GBP
01tWC00000DCxlYYAT,1316.7,Standard Price Book,AUD
01tWC00000DCxlYYAT,1169.44,Standard Price Book,CAD
01tWC00000DCxlYYAT,796.95,Standard Price Book,EUR
01tWC00000DCxlYYAT,684.34,Standard Price Book,GBP
01tWC00000DCxlaYAD,228,Standard Price Book,AUD
01tWC00000DCxlaYAD,202.5,Standard Price Book,CAD
01tWC00000DCxlaYAD,138,Standard Price Book,EUR
01tWC00000DCxlaYAD,118.5,Standard Price Book,GBP
01tWC00000DCxleYAD,12801.44,Standard Price Book,AUD
01tWC00000DCxleYAD,11369.7,Standard Price Book,CAD
01tWC00000DCxleYAD,7748.24,Standard Price Book,EUR
01tWC00000DCxleYAD,6653.38,Standard Price Book,GBP
01tWC00000DCxlzYAD,13538.64,Standard Price Book,AUD
01tWC00000DCxlzYAD,12024.45,Standard Price Book,CAD
01tWC00000DCxlzYAD,8194.44,Standard Price Book,EUR
01tWC00000DCxlzYAD,7036.53,Standard Price Book,GBP
01tWC00000DCxm7YAD,13538.64,Standard Price Book,AUD
01tWC00000DCxm7YAD,12024.45,Standard Price Book,CAD
01tWC00000DCxm7YAD,8194.44,Standard Price Book,EUR
01tWC00000DCxm7YAD,7036.53,Standard Price Book,GBP
01tWC00000DCxmDYAT,3040,Standard Price Book,AUD
01tWC00000DCxmDYAT,2700,Standard Price Book,CAD
01tWC00000DCxmDYAT,1840,Standard Price Book,EUR
01tWC00000DCxmDYAT,1580,Standard Price Book,GBP
01tWC00000DD1yiYAD,18468,Standard Price Book,AUD
01tWC00000DD1yiYAD,16402.5,Standard Price Book,CAD
01tWC00000DD1yiYAD,11178,Standard Price Book,EUR
01tWC00000DD1yiYAD,9598.5,Standard Price Book,GBP
01tWC00000DD1yjYAD,4104,Standard Price Book,AUD
01tWC00000DD1yjYAD,3645,Standard Price Book,CAD
01tWC00000DD1yjYAD,2484,Standard Price Book,EUR
01tWC00000DD1yjYAD,2133,Standard Price Book,GBP
01tWC00000DD1yhYAD,1330,Standard Price Book,AUD
01tWC00000DD1yhYAD,1181.25,Standard Price Book,CAD
01tWC00000DD1yhYAD,805,Standard Price Book,EUR
01tWC00000DD1yhYAD,691.25,Standard Price Book,GBP
01tWC00000DCxmGYAT,13538.64,Standard Price Book,AUD
01tWC00000DCxmGYAT,12024.45,Standard Price Book,CAD
01tWC00000DCxmGYAT,8194.44,Standard Price Book,EUR
01tWC00000DCxmGYAT,7036.53,Standard Price Book,GBP
01tWC00000DCxmMYAT,13538.64,Standard Price Book,AUD
01tWC00000DCxmMYAT,12024.45,Standard Price Book,CAD
01tWC00000DCxmMYAT,8194.44,Standard Price Book,EUR
01tWC00000DCxmMYAT,7036.53,Standard Price Book,GBP
01tWC00000DD1gfYAD,21850,Standard Price Book,AUD
01tWC00000DD1gfYAD,19406.25,Standard Price Book,CAD
01tWC00000DD1gfYAD,13225,Standard Price Book,EUR
01tWC00000DD1gfYAD,11356.25,Standard Price Book,GBP
01tWC00000DD1gmYAD,2445.68,Standard Price Book,AUD
01tWC00000DD1gmYAD,2172.15,Standard Price Book,CAD
01tWC00000DD1gmYAD,1480.28,Standard Price Book,EUR
01tWC00000DD1gmYAD,1271.11,Standard Price Book,GBP
01tWC00000DD1gjYAD,21850,Standard Price Book,AUD
01tWC00000DD1gjYAD,19406.25,Standard Price Book,CAD
01tWC00000DD1gjYAD,13225,Standard Price Book,EUR
01tWC00000DD1gjYAD,11356.25,Standard Price Book,GBP
01tWC00000DD1gnYAD,21850,Standard Price Book,AUD
01tWC00000DD1gnYAD,19406.25,Standard Price Book,CAD
01tWC00000DD1gnYAD,13225,Standard Price Book,EUR
01tWC00000DD1gnYAD,11356.25,Standard Price Book,GBP
01tWC00000DD1gqYAD,6589.2,Standard Price Book,AUD
01tWC00000DD1gqYAD,5852.25,Standard Price Book,CAD
01tWC00000DD1gqYAD,3988.2,Standard Price Book,EUR
01tWC00000DD1gqYAD,3424.65,Standard Price Book,GBP
01tWC00000DD1grYAD,21850,Standard Price Book,AUD
01tWC00000DD1grYAD,19406.25,Standard Price Book,CAD
01tWC00000DD1grYAD,13225,Standard Price Book,EUR
01tWC00000DD1grYAD,11356.25,Standard Price Book,GBP
01tWC00000DD1h0YAD,1670.48,Standard Price Book,AUD
01tWC00000DD1h0YAD,1483.65,Standard Price Book,CAD
01tWC00000DD1h0YAD,1011.08,Standard Price Book,EUR
01tWC00000DD1h0YAD,868.21,Standard Price Book,GBP
01tWC00000DD1gwYAD,21850,Standard Price Book,AUD
01tWC00000DD1gwYAD,19406.25,Standard Price Book,CAD
01tWC00000DD1gwYAD,13225,Standard Price Book,EUR
01tWC00000DD1gwYAD,11356.25,Standard Price Book,GBP
01tWC00000DD1h1YAD,21850,Standard Price Book,AUD
01tWC00000DD1h1YAD,19406.25,Standard Price Book,CAD
01tWC00000DD1h1YAD,13225,Standard Price Book,EUR
01tWC00000DD1h1YAD,11356.25,Standard Price Book,GBP
01tWC00000DD1h6YAD,21850,Standard Price Book,AUD
01tWC00000DD1h6YAD,19406.25,Standard Price Book,CAD
01tWC00000DD1h6YAD,13225,Standard Price Book,EUR
01tWC00000DD1h6YAD,11356.25,Standard Price Book,GBP
01tWC00000DD1hWYAT,10632.4,Standard Price Book,AUD
01tWC00000DD1hWYAT,9443.25,Standard Price Book,CAD
01tWC00000DD1hWYAT,6435.4,Standard Price Book,EUR
01tWC00000DD1hWYAT,5526.05,Standard Price Book,GBP
01tWC00000DD1haYAD,910.48,Standard Price Book,AUD
01tWC00000DD1haYAD,808.65,Standard Price Book,CAD
01tWC00000DD1haYAD,551.08,Standard Price Book,EUR
01tWC00000DD1haYAD,473.21,Standard Price Book,GBP
01tWC00000DD1hmYAD,150.48,Standard Price Book,AUD
01tWC00000DD1hmYAD,133.65,Standard Price Book,CAD
01tWC00000DD1hmYAD,91.08,Standard Price Book,EUR
01tWC00000DD1hmYAD,78.21,Standard Price Book,GBP
01tWC00000DD1hoYAD,34.96,Standard Price Book,AUD
01tWC00000DD1hoYAD,31.05,Standard Price Book,CAD
01tWC00000DD1hoYAD,21.16,Standard Price Book,EUR
01tWC00000DD1hoYAD,18.17,Standard Price Book,GBP
01tWC00000DD1hxYAD,1360.4,Standard Price Book,AUD
01tWC00000DD1hxYAD,1208.25,Standard Price Book,CAD
01tWC00000DD1hxYAD,823.4,Standard Price Book,EUR
01tWC00000DD1hxYAD,707.05,Standard Price Book,GBP
01tWC00000DCzGHYA1,89.68,Standard Price Book,AUD
01tWC00000DCzGHYA1,79.65,Standard Price Book,CAD
01tWC00000DCzGHYA1,54.28,Standard Price Book,EUR
01tWC00000DCzGHYA1,46.61,Standard Price Book,GBP
01tWC00000DCzGJYA1,454.48,Standard Price Book,AUD
01tWC00000DCzGJYA1,403.65,Standard Price Book,CAD
01tWC00000DCzGJYA1,275.08,Standard Price Book,EUR
01tWC00000DCzGJYA1,236.21,Standard Price Book,GBP
01tWC00000DD1mnYAD,22.8,Standard Price Book,AUD
01tWC00000DD1mnYAD,20.25,Standard Price Book,CAD
01tWC00000DD1mnYAD,13.8,Standard Price Book,EUR
01tWC00000DD1mnYAD,11.85,Standard Price Book,GBP
01tWC00000DD1mvYAD,454.48,Standard Price Book,AUD
01tWC00000DD1mvYAD,403.65,Standard Price Book,CAD
01tWC00000DD1mvYAD,275.08,Standard Price Book,EUR
01tWC00000DD1mvYAD,236.21,Standard Price Book,GBP
01tWC00000DD1myYAD,69.92,Standard Price Book,AUD
01tWC00000DD1myYAD,62.1,Standard Price Book,CAD
01tWC00000DD1myYAD,42.32,Standard Price Book,EUR
01tWC00000DD1myYAD,36.34,Standard Price Book,GBP
01tWC00000DD1n1YAD,454.48,Standard Price Book,AUD
01tWC00000DD1n1YAD,403.65,Standard Price Book,CAD
01tWC00000DD1n1YAD,275.08,Standard Price Book,EUR
01tWC00000DD1n1YAD,236.21,Standard Price Book,GBP
01tWC00000DD1n3YAD,22.8,Standard Price Book,AUD
01tWC00000DD1n3YAD,20.25,Standard Price Book,CAD
01tWC00000DD1n3YAD,13.8,Standard Price Book,EUR
01tWC00000DD1n3YAD,11.85,Standard Price Book,GBP
01tWC00000DD1mzYAD,188.48,Standard Price Book,AUD
01tWC00000DD1mzYAD,167.4,Standard Price Book,CAD
01tWC00000DD1mzYAD,114.08,Standard Price Book,EUR
01tWC00000DD1mzYAD,97.96,Standard Price Book,GBP
01tWC00000DD1n5YAD,302.48,Standard Price Book,AUD
01tWC00000DD1n5YAD,268.65,Standard Price Book,CAD
01tWC00000DD1n5YAD,183.08,Standard Price Book,EUR
01tWC00000DD1n5YAD,157.21,Standard Price Book,GBP
01tWC00000DD1n9YAD,378.48,Standard Price Book,AUD
01tWC00000DD1n9YAD,336.15,Standard Price Book,CAD
01tWC00000DD1n9YAD,229.08,Standard Price Book,EUR
01tWC00000DD1n9YAD,196.71,Standard Price Book,GBP
01tWC00000DD1nGYAT,69.92,Standard Price Book,AUD
01tWC00000DD1nGYAT,62.1,Standard Price Book,CAD
01tWC00000DD1nGYAT,42.32,Standard Price Book,EUR
01tWC00000DD1nGYAT,36.34,Standard Price Book,GBP
01tWC00000DD1nEYAT,454.48,Standard Price Book,AUD
01tWC00000DD1nEYAT,403.65,Standard Price Book,CAD
01tWC00000DD1nEYAT,275.08,Standard Price Book,EUR
01tWC00000DD1nEYAT,236.21,Standard Price Book,GBP
01tWC00000DD1nCYAT,62.32,Standard Price Book,AUD
01tWC00000DD1nCYAT,55.35,Standard Price Book,CAD
01tWC00000DD1nCYAT,37.72,Standard Price Book,EUR
01tWC00000DD1nCYAT,32.39,Standard Price Book,GBP
01tWC00000DD1nLYAT,74.48,Standard Price Book,AUD
01tWC00000DD1nLYAT,66.15,Standard Price Book,CAD
01tWC00000DD1nLYAT,45.08,Standard Price Book,EUR
01tWC00000DD1nLYAT,38.71,Standard Price Book,GBP
01tWC00000DD1nJYAT,150.48,Standard Price Book,AUD
01tWC00000DD1nJYAT,133.65,Standard Price Book,CAD
01tWC00000DD1nJYAT,91.08,Standard Price Book,EUR
01tWC00000DD1nJYAT,78.21,Standard Price Book,GBP
01tWC00000DD1nHYAT,188.48,Standard Price Book,AUD
01tWC00000DD1nHYAT,167.4,Standard Price Book,CAD
01tWC00000DD1nHYAT,114.08,Standard Price Book,EUR
01tWC00000DD1nHYAT,97.96,Standard Price Book,GBP
01tWC00000DD1nQYAT,208.24,Standard Price Book,AUD
01tWC00000DD1nQYAT,184.95,Standard Price Book,CAD
01tWC00000DD1nQYAT,126.04,Standard Price Book,EUR
01tWC00000DD1nQYAT,108.23,Standard Price Book,GBP
01tWC00000DD1nOYAT,454.48,Standard Price Book,AUD
01tWC00000DD1nOYAT,403.65,Standard Price Book,CAD
01tWC00000DD1nOYAT,275.08,Standard Price Book,EUR
01tWC00000DD1nOYAT,236.21,Standard Price Book,GBP
01tWC00000DD1naYAD,798,Standard Price Book,AUD
01tWC00000DD1naYAD,708.75,Standard Price Book,CAD
01tWC00000DD1naYAD,483,Standard Price Book,EUR
01tWC00000DD1naYAD,414.75,Standard Price Book,GBP
01tWC00000DD1ngYAD,10640,Standard Price Book,AUD
01tWC00000DD1ngYAD,9450,Standard Price Book,CAD
01tWC00000DD1ngYAD,6440,Standard Price Book,EUR
01tWC00000DD1ngYAD,5530,Standard Price Book,GBP
01tWC00000DD1npYAD,454.48,Standard Price Book,AUD
01tWC00000DD1npYAD,403.65,Standard Price Book,CAD
01tWC00000DD1npYAD,275.08,Standard Price Book,EUR
01tWC00000DD1npYAD,236.21,Standard Price Book,GBP
01tWC00000DD1nrYAD,282.72,Standard Price Book,AUD
01tWC00000DD1nrYAD,251.1,Standard Price Book,CAD
01tWC00000DD1nrYAD,171.12,Standard Price Book,EUR
01tWC00000DD1nrYAD,146.94,Standard Price Book,GBP
01tWC00000DD1ntYAD,454.48,Standard Price Book,AUD
01tWC00000DD1ntYAD,403.65,Standard Price Book,CAD
01tWC00000DD1ntYAD,275.08,Standard Price Book,EUR
01tWC00000DD1ntYAD,236.21,Standard Price Book,GBP
01tWC00000DD1nxYAD,904.4,Standard Price Book,AUD
01tWC00000DD1nxYAD,803.25,Standard Price Book,CAD
01tWC00000DD1nxYAD,547.4,Standard Price Book,EUR
01tWC00000DD1nxYAD,470.05,Standard Price Book,GBP
01tWC00000DD1o2YAD,904.4,Standard Price Book,AUD
01tWC00000DD1o2YAD,803.25,Standard Price Book,CAD
01tWC00000DD1o2YAD,547.4,Standard Price Book,EUR
01tWC00000DD1o2YAD,470.05,Standard Price Book,GBP
01tWC00000DD1oVYAT,454.48,Standard Price Book,AUD
01tWC00000DD1oVYAT,403.65,Standard Price Book,CAD
01tWC00000DD1oVYAT,275.08,Standard Price Book,EUR
01tWC00000DD1oVYAT,236.21,Standard Price Book,GBP
01tWC00000DD1oSYAT,89.68,Standard Price Book,AUD
01tWC00000DD1oSYAT,79.65,Standard Price Book,CAD
01tWC00000DD1oSYAT,54.28,Standard Price Book,EUR
01tWC00000DD1oSYAT,46.61,Standard Price Book,GBP
01tWC00000DD1oXYAT,10632.4,Standard Price Book,AUD
01tWC00000DD1oXYAT,9443.25,Standard Price Book,CAD
01tWC00000DD1oXYAT,6435.4,Standard Price Book,EUR
01tWC00000DD1oXYAT,5526.05,Standard Price Book,GBP
01tWC00000DD1oZYAT,67706.88,Standard Price Book,AUD
01tWC00000DD1oZYAT,60134.4,Standard Price Book,CAD
01tWC00000DD1oZYAT,40980.48,Standard Price Book,EUR
01tWC00000DD1oZYAT,35189.76,Standard Price Book,GBP
01tWC00000DD1ocYAD,150.48,Standard Price Book,AUD
01tWC00000DD1ocYAD,133.65,Standard Price Book,CAD
01tWC00000DD1ocYAD,91.08,Standard Price Book,EUR
01tWC00000DD1ocYAD,78.21,Standard Price Book,GBP
01tWC00000DD1olYAD,228,Standard Price Book,AUD
01tWC00000DD1olYAD,202.5,Standard Price Book,CAD
01tWC00000DD1olYAD,138,Standard Price Book,EUR
01tWC00000DD1olYAD,118.5,Standard Price Book,GBP
01tWC00000DD1ojYAD,50.16,Standard Price Book,AUD
01tWC00000DD1ojYAD,44.55,Standard Price Book,CAD
01tWC00000DD1ojYAD,30.36,Standard Price Book,EUR
01tWC00000DD1ojYAD,26.07,Standard Price Book,GBP
01tWC00000DD1onYAD,150.48,Standard Price Book,AUD
01tWC00000DD1onYAD,133.65,Standard Price Book,CAD
01tWC00000DD1onYAD,91.08,Standard Price Book,EUR
01tWC00000DD1onYAD,78.21,Standard Price Book,GBP
01tWC00000DD1osYAD,448.4,Standard Price Book,AUD
01tWC00000DD1osYAD,398.25,Standard Price Book,CAD
01tWC00000DD1osYAD,271.4,Standard Price Book,EUR
01tWC00000DD1osYAD,233.05,Standard Price Book,GBP
01tWC00000DD1owYAD,104.88,Standard Price Book,AUD
01tWC00000DD1owYAD,93.15,Standard Price Book,CAD
01tWC00000DD1owYAD,63.48,Standard Price Book,EUR
01tWC00000DD1owYAD,54.51,Standard Price Book,GBP
01tWC00000DD1p5YAD,269.04,Standard Price Book,AUD
01tWC00000DD1p5YAD,238.95,Standard Price Book,CAD
01tWC00000DD1p5YAD,162.84,Standard Price Book,EUR
01tWC00000DD1p5YAD,139.83,Standard Price Book,GBP
01tWC00000DD1p3YAD,150.48,Standard Price Book,AUD
01tWC00000DD1p3YAD,133.65,Standard Price Book,CAD
01tWC00000DD1p3YAD,91.08,Standard Price Book,EUR
01tWC00000DD1p3YAD,78.21,Standard Price Book,GBP
01tWC00000DD1pAYAT,150.48,Standard Price Book,AUD
01tWC00000DD1pAYAT,133.65,Standard Price Book,CAD
01tWC00000DD1pAYAT,91.08,Standard Price Book,EUR
01tWC00000DD1pAYAT,78.21,Standard Price Book,GBP
01tWC00000DD1pCYAT,2809.87,Standard Price Book,AUD
01tWC00000DD1pCYAT,2495.61,Standard Price Book,CAD
01tWC00000DD1pCYAT,1700.71,Standard Price Book,EUR
01tWC00000DD1pCYAT,1460.39,Standard Price Book,GBP
01tWC00000DD1pHYAT,150.48,Standard Price Book,AUD
01tWC00000DD1pHYAT,133.65,Standard Price Book,CAD
01tWC00000DD1pHYAT,91.08,Standard Price Book,EUR
01tWC00000DD1pHYAT,78.21,Standard Price Book,GBP
01tWC00000DD1pJYAT,2872.8,Standard Price Book,AUD
01tWC00000DD1pJYAT,2551.5,Standard Price Book,CAD
01tWC00000DD1pJYAT,1738.8,Standard Price Book,EUR
01tWC00000DD1pJYAT,1493.1,Standard Price Book,GBP
01tWC00000DD1pSYAT,94.24,Standard Price Book,AUD
01tWC00000DD1pSYAT,83.7,Standard Price Book,CAD
01tWC00000DD1pSYAT,57.04,Standard Price Book,EUR
01tWC00000DD1pSYAT,48.98,Standard Price Book,GBP
01tWC00000DD1pQYAT,150.48,Standard Price Book,AUD
01tWC00000DD1pQYAT,133.65,Standard Price Book,CAD
01tWC00000DD1pQYAT,91.08,Standard Price Book,EUR
01tWC00000DD1pQYAT,78.21,Standard Price Book,GBP
01tWC00000DD1pUYAT,50.16,Standard Price Book,AUD
01tWC00000DD1pUYAT,44.55,Standard Price Book,CAD
01tWC00000DD1pUYAT,30.36,Standard Price Book,EUR
01tWC00000DD1pUYAT,26.07,Standard Price Book,GBP
01tWC00000DD1pWYAT,104.88,Standard Price Book,AUD
01tWC00000DD1pWYAT,93.15,Standard Price Book,CAD
01tWC00000DD1pWYAT,63.48,Standard Price Book,EUR
01tWC00000DD1pWYAT,54.51,Standard Price Book,GBP
01tWC00000DD1paYAD,269.04,Standard Price Book,AUD
01tWC00000DD1paYAD,238.95,Standard Price Book,CAD
01tWC00000DD1paYAD,162.84,Standard Price Book,EUR
01tWC00000DD1paYAD,139.83,Standard Price Book,GBP
01tWC00000DD1pYYAT,150.48,Standard Price Book,AUD
01tWC00000DD1pYYAT,133.65,Standard Price Book,CAD
01tWC00000DD1pYYAT,91.08,Standard Price Book,EUR
01tWC00000DD1pYYAT,78.21,Standard Price Book,GBP
01tWC00000DD1pkYAD,448.4,Standard Price Book,AUD
01tWC00000DD1pkYAD,398.25,Standard Price Book,CAD
01tWC00000DD1pkYAD,271.4,Standard Price Book,EUR
01tWC00000DD1pkYAD,233.05,Standard Price Book,GBP
01tWC00000DD1pmYAD,278.16,Standard Price Book,AUD
01tWC00000DD1pmYAD,247.05,Standard Price Book,CAD
01tWC00000DD1pmYAD,168.36,Standard Price Book,EUR
01tWC00000DD1pmYAD,144.57,Standard Price Book,GBP
01tWC00000DD1prYAD,22792.4,Standard Price Book,AUD
01tWC00000DD1prYAD,20243.25,Standard Price Book,CAD
01tWC00000DD1prYAD,13795.4,Standard Price Book,EUR
01tWC00000DD1prYAD,11846.05,Standard Price Book,GBP
01tWC00000DD1pvYAD,104.88,Standard Price Book,AUD
01tWC00000DD1pvYAD,93.15,Standard Price Book,CAD
01tWC00000DD1pvYAD,63.48,Standard Price Book,EUR
01tWC00000DD1pvYAD,54.51,Standard Price Book,GBP
01tWC00000DD1tLYAT,44.08,Standard Price Book,AUD
01tWC00000DD1tLYAT,39.15,Standard Price Book,CAD
01tWC00000DD1tLYAT,26.68,Standard Price Book,EUR
01tWC00000DD1tLYAT,22.91,Standard Price Book,GBP
01tWC00000DD1tNYAT,269.04,Standard Price Book,AUD
01tWC00000DD1tNYAT,238.95,Standard Price Book,CAD
01tWC00000DD1tNYAT,162.84,Standard Price Book,EUR
01tWC00000DD1tNYAT,139.83,Standard Price Book,GBP
01tWC00000DD1tRYAT,10632.4,Standard Price Book,AUD
01tWC00000DD1tRYAT,9443.25,Standard Price Book,CAD
01tWC00000DD1tRYAT,6435.4,Standard Price Book,EUR
01tWC00000DD1tRYAT,5526.05,Standard Price Book,GBP
01tWC00000DD1tZYAT,28880,Standard Price Book,AUD
01tWC00000DD1tZYAT,25650,Standard Price Book,CAD
01tWC00000DD1tZYAT,17480,Standard Price Book,EUR
01tWC00000DD1tZYAT,15010,Standard Price Book,GBP
01tWC00000DD1tdYAD,14440,Standard Price Book,AUD
01tWC00000DD1tdYAD,12825,Standard Price Book,CAD
01tWC00000DD1tdYAD,8740,Standard Price Book,EUR
01tWC00000DD1tdYAD,7505,Standard Price Book,GBP
01tWC00000DD1tgYAD,34.96,Standard Price Book,AUD
01tWC00000DD1tgYAD,31.05,Standard Price Book,CAD
01tWC00000DD1tgYAD,21.16,Standard Price Book,EUR
01tWC00000DD1tgYAD,18.17,Standard Price Book,GBP
01tWC00000DCxlDYAT,7600,Standard Price Book,AUD
01tWC00000DCxlDYAT,6750,Standard Price Book,CAD
01tWC00000DCxlDYAT,4600,Standard Price Book,EUR
01tWC00000DCxlDYAT,3950,Standard Price Book,GBP
01tWC00000DD1tsYAD,89.68,Standard Price Book,AUD
01tWC00000DD1tsYAD,79.65,Standard Price Book,CAD
01tWC00000DD1tsYAD,54.28,Standard Price Book,EUR
01tWC00000DD1tsYAD,46.61,Standard Price Book,GBP
01tWC00000DD1u5YAD,15639.28,Standard Price Book,AUD
01tWC00000DD1u5YAD,13890.15,Standard Price Book,CAD
01tWC00000DD1u5YAD,9465.88,Standard Price Book,EUR
01tWC00000DD1u5YAD,8128.31,Standard Price Book,GBP
01tWC00000DD1u7YAD,6256.32,Standard Price Book,AUD
01tWC00000DD1u7YAD,5556.6,Standard Price Book,CAD
01tWC00000DD1u7YAD,3786.72,Standard Price Book,EUR
01tWC00000DD1u7YAD,3251.64,Standard Price Book,GBP
01tWC00000DD1uVYAT,5472,Standard Price Book,AUD
01tWC00000DD1uVYAT,4860,Standard Price Book,CAD
01tWC00000DD1uVYAT,3312,Standard Price Book,EUR
01tWC00000DD1uVYAT,2844,Standard Price Book,GBP
01tWC00000DD1uZYAT,516800,Standard Price Book,AUD
01tWC00000DD1uZYAT,459000,Standard Price Book,CAD
01tWC00000DD1uZYAT,312800,Standard Price Book,EUR
01tWC00000DD1uZYAT,268600,Standard Price Book,GBP
01tWC00000DD1ubYAD,206720,Standard Price Book,AUD
01tWC00000DD1ubYAD,183600,Standard Price Book,CAD
01tWC00000DD1ubYAD,125120,Standard Price Book,EUR
01tWC00000DD1ubYAD,107440,Standard Price Book,GBP
01tWC00000DD1vJYAT,7596.96,Standard Price Book,AUD
01tWC00000DD1vJYAT,6747.3,Standard Price Book,CAD
01tWC00000DD1vJYAT,4598.16,Standard Price Book,EUR
01tWC00000DD1vJYAT,3948.42,Standard Price Book,GBP
01tWC00000DD1vHYAT,18992.4,Standard Price Book,AUD
01tWC00000DD1vHYAT,16868.25,Standard Price Book,CAD
01tWC00000DD1vHYAT,11495.4,Standard Price Book,EUR
01tWC00000DD1vHYAT,9871.05,Standard Price Book,GBP
01tWC00000DD1vNYAT,1355.84,Standard Price Book,AUD
01tWC00000DD1vNYAT,1204.2,Standard Price Book,CAD
01tWC00000DD1vNYAT,820.64,Standard Price Book,EUR
01tWC00000DD1vNYAT,704.68,Standard Price Book,GBP
01tWC00000DD1vLYAT,3389.6,Standard Price Book,AUD
01tWC00000DD1vLYAT,3010.5,Standard Price Book,CAD
01tWC00000DD1vLYAT,2051.6,Standard Price Book,EUR
01tWC00000DD1vLYAT,1761.7,Standard Price Book,GBP
01tWC00000DD1vRYAT,3012.64,Standard Price Book,AUD
01tWC00000DD1vRYAT,2675.7,Standard Price Book,CAD
01tWC00000DD1vRYAT,1823.44,Standard Price Book,EUR
01tWC00000DD1vRYAT,1565.78,Standard Price Book,GBP
01tWC00000DD1vPYAT,7533.12,Standard Price Book,AUD
01tWC00000DD1vPYAT,6690.6,Standard Price Book,CAD
01tWC00000DD1vPYAT,4559.52,Standard Price Book,EUR
01tWC00000DD1vPYAT,3915.24,Standard Price Book,GBP
01tWC00000DD1viYAD,55.08,Standard Price Book,AUD
01tWC00000DD1viYAD,48.92,Standard Price Book,CAD
01tWC00000DD1viYAD,33.34,Standard Price Book,EUR
01tWC00000DD1viYAD,28.63,Standard Price Book,GBP
01tWC00000DD1vjYAD,8.39,Standard Price Book,AUD
01tWC00000DD1vjYAD,7.45,Standard Price Book,CAD
01tWC00000DD1vjYAD,5.08,Standard Price Book,EUR
01tWC00000DD1vjYAD,4.36,Standard Price Book,GBP
01tWC00000DD1vkYAD,8.39,Standard Price Book,AUD
01tWC00000DD1vkYAD,7.45,Standard Price Book,CAD
01tWC00000DD1vkYAD,5.08,Standard Price Book,EUR
01tWC00000DD1vkYAD,4.36,Standard Price Book,GBP
01tWC00000DD1vlYAD,8.39,Standard Price Book,AUD
01tWC00000DD1vlYAD,7.45,Standard Price Book,CAD
01tWC00000DD1vlYAD,5.08,Standard Price Book,EUR
01tWC00000DD1vlYAD,4.36,Standard Price Book,GBP
01tWC00000DD1vpYAD,15200,Standard Price Book,AUD
01tWC00000DD1vpYAD,13500,Standard Price Book,CAD
01tWC00000DD1vpYAD,9200,Standard Price Book,EUR
01tWC00000DD1vpYAD,7900,Standard Price Book,GBP
01tWC00000DD1vqYAD,6817.2,Standard Price Book,AUD
01tWC00000DD1vqYAD,6054.75,Standard Price Book,CAD
01tWC00000DD1vqYAD,4126.2,Standard Price Book,EUR
01tWC00000DD1vqYAD,3543.15,Standard Price Book,GBP
01tWC00000DD10lYAD,208.24,Standard Price Book,AUD
01tWC00000DD10lYAD,184.95,Standard Price Book,CAD
01tWC00000DD10lYAD,126.04,Standard Price Book,EUR
01tWC00000DD10lYAD,108.23,Standard Price Book,GBP
01tWC00000DD1w1YAD,104.88,Standard Price Book,AUD
01tWC00000DD1w1YAD,93.15,Standard Price Book,CAD
01tWC00000DD1w1YAD,63.48,Standard Price Book,EUR
01tWC00000DD1w1YAD,54.51,Standard Price Book,GBP
01tWC00000DD1w5YAD,269.04,Standard Price Book,AUD
01tWC00000DD1w5YAD,238.95,Standard Price Book,CAD
01tWC00000DD1w5YAD,162.84,Standard Price Book,EUR
01tWC00000DD1w5YAD,139.83,Standard Price Book,GBP
01tWC00000DD1wHYAT,150.48,Standard Price Book,AUD
01tWC00000DD1wHYAT,133.65,Standard Price Book,CAD
01tWC00000DD1wHYAT,91.08,Standard Price Book,EUR
01tWC00000DD1wHYAT,78.21,Standard Price Book,GBP
01tWC00000DD1wDYAT,5763.84,Standard Price Book,AUD
01tWC00000DD1wDYAT,5119.2,Standard Price Book,CAD
01tWC00000DD1wDYAT,3488.64,Standard Price Book,EUR
01tWC00000DD1wDYAT,2995.68,Standard Price Book,GBP
01tWC00000DD1wBYAT,10480.4,Standard Price Book,AUD
01tWC00000DD1wBYAT,9308.25,Standard Price Book,CAD
01tWC00000DD1wBYAT,6343.4,Standard Price Book,EUR
01tWC00000DD1wBYAT,5447.05,Standard Price Book,GBP
01tWC00000DD1q1YAD,226.48,Standard Price Book,AUD
01tWC00000DD1q1YAD,201.15,Standard Price Book,CAD
01tWC00000DD1q1YAD,137.08,Standard Price Book,EUR
01tWC00000DD1q1YAD,117.71,Standard Price Book,GBP
01tWC00000DD1q9YAD,118.56,Standard Price Book,AUD
01tWC00000DD1q9YAD,105.3,Standard Price Book,CAD
01tWC00000DD1q9YAD,71.76,Standard Price Book,EUR
01tWC00000DD1q9YAD,61.62,Standard Price Book,GBP
01tWC00000DD1qDYAT,1360.4,Standard Price Book,AUD
01tWC00000DD1qDYAT,1208.25,Standard Price Book,CAD
01tWC00000DD1qDYAT,823.4,Standard Price Book,EUR
01tWC00000DD1qDYAT,707.05,Standard Price Book,GBP
01tWC00000DD1qHYAT,313.12,Standard Price Book,AUD
01tWC00000DD1qHYAT,278.1,Standard Price Book,CAD
01tWC00000DD1qHYAT,189.52,Standard Price Book,EUR
01tWC00000DD1qHYAT,162.74,Standard Price Book,GBP
01tWC00000DD1qLYAT,798,Standard Price Book,AUD
01tWC00000DD1qLYAT,708.75,Standard Price Book,CAD
01tWC00000DD1qLYAT,483,Standard Price Book,EUR
01tWC00000DD1qLYAT,414.75,Standard Price Book,GBP
01tWC00000DD1qTYAT,30096,Standard Price Book,AUD
01tWC00000DD1qTYAT,26730,Standard Price Book,CAD
01tWC00000DD1qTYAT,18216,Standard Price Book,EUR
01tWC00000DD1qTYAT,15642,Standard Price Book,GBP
01tWC00000DD1qXYAT,95.76,Standard Price Book,AUD
01tWC00000DD1qXYAT,85.05,Standard Price Book,CAD
01tWC00000DD1qXYAT,57.96,Standard Price Book,EUR
01tWC00000DD1qXYAT,49.77,Standard Price Book,GBP
01tWC00000DD1qZYAT,1520,Standard Price Book,AUD
01tWC00000DD1qZYAT,1350,Standard Price Book,CAD
01tWC00000DD1qZYAT,920,Standard Price Book,EUR
01tWC00000DD1qZYAT,790,Standard Price Book,GBP
01tWC00000DD1qgYAD,256.88,Standard Price Book,AUD
01tWC00000DD1qgYAD,228.15,Standard Price Book,CAD
01tWC00000DD1qgYAD,155.48,Standard Price Book,EUR
01tWC00000DD1qgYAD,133.51,Standard Price Book,GBP
01tWC00000DD1qiYAD,141.36,Standard Price Book,AUD
01tWC00000DD1qiYAD,125.55,Standard Price Book,CAD
01tWC00000DD1qiYAD,85.56,Standard Price Book,EUR
01tWC00000DD1qiYAD,73.47,Standard Price Book,GBP
01tWC00000DD1qsYAD,4180,Standard Price Book,AUD
01tWC00000DD1qsYAD,3712.5,Standard Price Book,CAD
01tWC00000DD1qsYAD,2530,Standard Price Book,EUR
01tWC00000DD1qsYAD,2172.5,Standard Price Book,GBP
01tWC00000DD1qqYAD,7600,Standard Price Book,AUD
01tWC00000DD1qqYAD,6750,Standard Price Book,CAD
01tWC00000DD1qqYAD,4600,Standard Price Book,EUR
01tWC00000DD1qqYAD,3950,Standard Price Book,GBP
01tWC00000DD1qwYAD,290.32,Standard Price Book,AUD
01tWC00000DD1qwYAD,257.85,Standard Price Book,CAD
01tWC00000DD1qwYAD,175.72,Standard Price Book,EUR
01tWC00000DD1qwYAD,150.89,Standard Price Book,GBP
01tWC00000DD1r0YAD,95.76,Standard Price Book,AUD
01tWC00000DD1r0YAD,85.05,Standard Price Book,CAD
01tWC00000DD1r0YAD,57.96,Standard Price Book,EUR
01tWC00000DD1r0YAD,49.77,Standard Price Book,GBP
01tWC00000DD1r2YAD,15200,Standard Price Book,AUD
01tWC00000DD1r2YAD,13500,Standard Price Book,CAD
01tWC00000DD1r2YAD,9200,Standard Price Book,EUR
01tWC00000DD1r2YAD,7900,Standard Price Book,GBP
01tWC00000DD1r4YAD,849.68,Standard Price Book,AUD
01tWC00000DD1r4YAD,754.65,Standard Price Book,CAD
01tWC00000DD1r4YAD,514.28,Standard Price Book,EUR
01tWC00000DD1r4YAD,441.61,Standard Price Book,GBP
01tWC00000DD1rAYAT,7600,Standard Price Book,AUD
01tWC00000DD1rAYAT,6750,Standard Price Book,CAD
01tWC00000DD1rAYAT,4600,Standard Price Book,EUR
01tWC00000DD1rAYAT,3950,Standard Price Book,GBP
01tWC00000DD1rCYAT,4180,Standard Price Book,AUD
01tWC00000DD1rCYAT,3712.5,Standard Price Book,CAD
01tWC00000DD1rCYAT,2530,Standard Price Book,EUR
01tWC00000DD1rCYAT,2172.5,Standard Price Book,GBP
01tWC00000DD1rGYAT,22800,Standard Price Book,AUD
01tWC00000DD1rGYAT,20250,Standard Price Book,CAD
01tWC00000DD1rGYAT,13800,Standard Price Book,EUR
01tWC00000DD1rGYAT,11850,Standard Price Book,GBP
01tWC00000DD1rOYAT,104.88,Standard Price Book,AUD
01tWC00000DD1rOYAT,93.15,Standard Price Book,CAD
01tWC00000DD1rOYAT,63.48,Standard Price Book,EUR
01tWC00000DD1rOYAT,54.51,Standard Price Book,GBP
01tWC00000DD1rSYAT,269.04,Standard Price Book,AUD
01tWC00000DD1rSYAT,238.95,Standard Price Book,CAD
01tWC00000DD1rSYAT,162.84,Standard Price Book,EUR
01tWC00000DD1rSYAT,139.83,Standard Price Book,GBP
01tWC00000DD1rWYAT,104.88,Standard Price Book,AUD
01tWC00000DD1rWYAT,93.15,Standard Price Book,CAD
01tWC00000DD1rWYAT,63.48,Standard Price Book,EUR
01tWC00000DD1rWYAT,54.51,Standard Price Book,GBP
01tWC00000DD1raYAD,269.04,Standard Price Book,AUD
01tWC00000DD1raYAD,238.95,Standard Price Book,CAD
01tWC00000DD1raYAD,162.84,Standard Price Book,EUR
01tWC00000DD1raYAD,139.83,Standard Price Book,GBP
01tWC00000DD1rmYAD,56.24,Standard Price Book,AUD
01tWC00000DD1rmYAD,49.95,Standard Price Book,CAD
01tWC00000DD1rmYAD,34.04,Standard Price Book,EUR
01tWC00000DD1rmYAD,29.23,Standard Price Book,GBP
01tWC00000DD1ruYAD,94.24,Standard Price Book,AUD
01tWC00000DD1ruYAD,83.7,Standard Price Book,CAD
01tWC00000DD1ruYAD,57.04,Standard Price Book,EUR
01tWC00000DD1ruYAD,48.98,Standard Price Book,GBP
01tWC00000DD1ryYAD,30.4,Standard Price Book,AUD
01tWC00000DD1ryYAD,27,Standard Price Book,CAD
01tWC00000DD1ryYAD,18.4,Standard Price Book,EUR
01tWC00000DD1ryYAD,15.8,Standard Price Book,GBP
01tWC00000DD1s2YAD,94.24,Standard Price Book,AUD
01tWC00000DD1s2YAD,83.7,Standard Price Book,CAD
01tWC00000DD1s2YAD,57.04,Standard Price Book,EUR
01tWC00000DD1s2YAD,48.98,Standard Price Book,GBP
01tWC00000DD1s4YAD,4560,Standard Price Book,AUD
01tWC00000DD1s4YAD,4050,Standard Price Book,CAD
01tWC00000DD1s4YAD,2760,Standard Price Book,EUR
01tWC00000DD1s4YAD,2370,Standard Price Book,GBP
01tWC00000DD1s6YAD,278.16,Standard Price Book,AUD
01tWC00000DD1s6YAD,247.05,Standard Price Book,CAD
01tWC00000DD1s6YAD,168.36,Standard Price Book,EUR
01tWC00000DD1s6YAD,144.57,Standard Price Book,GBP
01tWC00000DD1sAYAT,94.24,Standard Price Book,AUD
01tWC00000DD1sAYAT,83.7,Standard Price Book,CAD
01tWC00000DD1sAYAT,57.04,Standard Price Book,EUR
01tWC00000DD1sAYAT,48.98,Standard Price Book,GBP
01tWC00000DD1sEYAT,94.24,Standard Price Book,AUD
01tWC00000DD1sEYAT,83.7,Standard Price Book,CAD
01tWC00000DD1sEYAT,57.04,Standard Price Book,EUR
01tWC00000DD1sEYAT,48.98,Standard Price Book,GBP
01tWC00000DD1rqYAD,6589.2,Standard Price Book,AUD
01tWC00000DD1rqYAD,5852.25,Standard Price Book,CAD
01tWC00000DD1rqYAD,3988.2,Standard Price Book,EUR
01tWC00000DD1rqYAD,3424.65,Standard Price Book,GBP
01tWC00000DD1sIYAT,94.24,Standard Price Book,AUD
01tWC00000DD1sIYAT,83.7,Standard Price Book,CAD
01tWC00000DD1sIYAT,57.04,Standard Price Book,EUR
01tWC00000DD1sIYAT,48.98,Standard Price Book,GBP
01tWC00000DD1sMYAT,1881.76,Standard Price Book,AUD
01tWC00000DD1sMYAT,1671.3,Standard Price Book,CAD
01tWC00000DD1sMYAT,1138.96,Standard Price Book,EUR
01tWC00000DD1sMYAT,978.02,Standard Price Book,GBP
01tWC00000DD1sQYAT,1881.76,Standard Price Book,AUD
01tWC00000DD1sQYAT,1671.3,Standard Price Book,CAD
01tWC00000DD1sQYAT,1138.96,Standard Price Book,EUR
01tWC00000DD1sQYAT,978.02,Standard Price Book,GBP
01tWC00000DD1scYAD,828.4,Standard Price Book,AUD
01tWC00000DD1scYAD,735.75,Standard Price Book,CAD
01tWC00000DD1scYAD,501.4,Standard Price Book,EUR
01tWC00000DD1scYAD,430.55,Standard Price Book,GBP
01tWC00000DD1saYAD,3648,Standard Price Book,AUD
01tWC00000DD1saYAD,3240,Standard Price Book,CAD
01tWC00000DD1saYAD,2208,Standard Price Book,EUR
01tWC00000DD1saYAD,1896,Standard Price Book,GBP
01tWC00000DD1sgYAD,1588.4,Standard Price Book,AUD
01tWC00000DD1sgYAD,1410.75,Standard Price Book,CAD
01tWC00000DD1sgYAD,961.4,Standard Price Book,EUR
01tWC00000DD1sgYAD,825.55,Standard Price Book,GBP
01tWC00000DD1skYAD,16720,Standard Price Book,AUD
01tWC00000DD1skYAD,14850,Standard Price Book,CAD
01tWC00000DD1skYAD,10120,Standard Price Book,EUR
01tWC00000DD1skYAD,8690,Standard Price Book,GBP
01tWC00000DD1siYAD,30400,Standard Price Book,AUD
01tWC00000DD1siYAD,27000,Standard Price Book,CAD
01tWC00000DD1siYAD,18400,Standard Price Book,EUR
01tWC00000DD1siYAD,15800,Standard Price Book,GBP
01tWC00000DD1ssYAD,2508,Standard Price Book,AUD
01tWC00000DD1ssYAD,2227.5,Standard Price Book,CAD
01tWC00000DD1ssYAD,1518,Standard Price Book,EUR
01tWC00000DD1ssYAD,1303.5,Standard Price Book,GBP
01tWC00000DD1swYAD,2508,Standard Price Book,AUD
01tWC00000DD1swYAD,2227.5,Standard Price Book,CAD
01tWC00000DD1swYAD,1518,Standard Price Book,EUR
01tWC00000DD1swYAD,1303.5,Standard Price Book,GBP
01tWC00000DD1tDYAT,17905.6,Standard Price Book,AUD
01tWC00000DD1tDYAT,15903,Standard Price Book,CAD
01tWC00000DD1tDYAT,10837.6,Standard Price Book,EUR
01tWC00000DD1tDYAT,9306.2,Standard Price Book,GBP
01tWC00000DCyxoYAD,8952.8,Standard Price Book,AUD
01tWC00000DCyxoYAD,7951.5,Standard Price Book,CAD
01tWC00000DCyxoYAD,5418.8,Standard Price Book,EUR
01tWC00000DCyxoYAD,4653.1,Standard Price Book,GBP
01tWC00000DCyxsYAD,5396,Standard Price Book,AUD
01tWC00000DCyxsYAD,4792.5,Standard Price Book,CAD
01tWC00000DCyxsYAD,3266,Standard Price Book,EUR
01tWC00000DCyxsYAD,2804.5,Standard Price Book,GBP
01tWC00000DD1p7YAD,23180,Standard Price Book,AUD
01tWC00000DD1p7YAD,20587.5,Standard Price Book,CAD
01tWC00000DD1p7YAD,14030,Standard Price Book,EUR
01tWC00000DD1p7YAD,12047.5,Standard Price Book,GBP
01tWC00000DCyyCYAT,52820,Standard Price Book,AUD
01tWC00000DCyyCYAT,46912.5,Standard Price Book,CAD
01tWC00000DCyyCYAT,31970,Standard Price Book,EUR
01tWC00000DCyyCYAT,27452.5,Standard Price Book,GBP
01tWC00000DCyyEYAT,30400,Standard Price Book,AUD
01tWC00000DCyyEYAT,27000,Standard Price Book,CAD
01tWC00000DCyyEYAT,18400,Standard Price Book,EUR
01tWC00000DCyyEYAT,15800,Standard Price Book,GBP
01tWC00000DD1otYAD,7288.4,Standard Price Book,AUD
01tWC00000DD1otYAD,6473.25,Standard Price Book,CAD
01tWC00000DD1otYAD,4411.4,Standard Price Book,EUR
01tWC00000DD1otYAD,3788.05,Standard Price Book,GBP
01tWC00000DCyyJYAT,4552.4,Standard Price Book,AUD
01tWC00000DCyyJYAT,4043.25,Standard Price Book,CAD
01tWC00000DCyyJYAT,2755.4,Standard Price Book,EUR
01tWC00000DCyyJYAT,2366.05,Standard Price Book,GBP
01tWC00000DCyyNYAT,12160,Standard Price Book,AUD
01tWC00000DCyyNYAT,10800,Standard Price Book,CAD
01tWC00000DCyyNYAT,7360,Standard Price Book,EUR
01tWC00000DCyyNYAT,6320,Standard Price Book,GBP
01tWC00000DCyyLYAT,18734,Standard Price Book,AUD
01tWC00000DCyyLYAT,16638.75,Standard Price Book,CAD
01tWC00000DCyyLYAT,11339,Standard Price Book,EUR
01tWC00000DCyyLYAT,9736.75,Standard Price Book,GBP
01tWC00000DCyyOYAT,1900,Standard Price Book,AUD
01tWC00000DCyyOYAT,1687.5,Standard Price Book,CAD
01tWC00000DCyyOYAT,1150,Standard Price Book,EUR
01tWC00000DCyyOYAT,987.5,Standard Price Book,GBP
01tWC00000DCyyPYAT,3800,Standard Price Book,AUD
01tWC00000DCyyPYAT,3375,Standard Price Book,CAD
01tWC00000DCyyPYAT,2300,Standard Price Book,EUR
01tWC00000DCyyPYAT,1975,Standard Price Book,GBP
01tWC00000DD1wcYAD,11970,Standard Price Book,AUD
01tWC00000DD1wcYAD,10631.25,Standard Price Book,CAD
01tWC00000DD1wcYAD,7245,Standard Price Book,EUR
01tWC00000DD1wcYAD,6221.25,Standard Price Book,GBP
01tWC00000DD1wsYAD,83.6,Standard Price Book,AUD
01tWC00000DD1wsYAD,74.25,Standard Price Book,CAD
01tWC00000DD1wsYAD,50.6,Standard Price Book,EUR
01tWC00000DD1wsYAD,43.45,Standard Price Book,GBP
01tWC00000DD1x8YAD,15960,Standard Price Book,AUD
01tWC00000DD1x8YAD,14175,Standard Price Book,CAD
01tWC00000DD1x8YAD,9660,Standard Price Book,EUR
01tWC00000DD1x8YAD,8295,Standard Price Book,GBP
01tWC00000DD1xAYAT,8778,Standard Price Book,AUD
01tWC00000DD1xAYAT,7796.25,Standard Price Book,CAD
01tWC00000DD1xAYAT,5313,Standard Price Book,EUR
01tWC00000DD1xAYAT,4562.25,Standard Price Book,GBP
01tWC00000DD1xCYAT,45.6,Standard Price Book,AUD
01tWC00000DD1xCYAT,40.5,Standard Price Book,CAD
01tWC00000DD1xCYAT,27.6,Standard Price Book,EUR
01tWC00000DD1xCYAT,23.7,Standard Price Book,GBP
01tWC00000DD1xIYAT,7980,Standard Price Book,AUD
01tWC00000DD1xIYAT,7087.5,Standard Price Book,CAD
01tWC00000DD1xIYAT,4830,Standard Price Book,EUR
01tWC00000DD1xIYAT,4147.5,Standard Price Book,GBP
01tWC00000DD1xNYAT,3990,Standard Price Book,AUD
01tWC00000DD1xNYAT,3543.75,Standard Price Book,CAD
01tWC00000DD1xNYAT,2415,Standard Price Book,EUR
01tWC00000DD1xNYAT,2073.75,Standard Price Book,GBP
01tWC00000DD1xPYAT,2194.5,Standard Price Book,AUD
01tWC00000DD1xPYAT,1949.06,Standard Price Book,CAD
01tWC00000DD1xPYAT,1328.25,Standard Price Book,EUR
01tWC00000DD1xPYAT,1140.56,Standard Price Book,GBP
01tWC00000DD1xTYAT,3072.3,Standard Price Book,AUD
01tWC00000DD1xTYAT,2728.69,Standard Price Book,CAD
01tWC00000DD1xTYAT,1859.55,Standard Price Book,EUR
01tWC00000DD1xTYAT,1596.79,Standard Price Book,GBP
01tWC00000DD1xRYAT,5586,Standard Price Book,AUD
01tWC00000DD1xRYAT,4961.25,Standard Price Book,CAD
01tWC00000DD1xRYAT,3381,Standard Price Book,EUR
01tWC00000DD1xRYAT,2903.25,Standard Price Book,GBP
01tWC00000DD1xXYAT,1755.6,Standard Price Book,AUD
01tWC00000DD1xXYAT,1559.25,Standard Price Book,CAD
01tWC00000DD1xXYAT,1062.6,Standard Price Book,EUR
01tWC00000DD1xXYAT,912.45,Standard Price Book,GBP
01tWC00000DD1xbYAD,5016,Standard Price Book,AUD
01tWC00000DD1xbYAD,4455,Standard Price Book,CAD
01tWC00000DD1xbYAD,3036,Standard Price Book,EUR
01tWC00000DD1xbYAD,2607,Standard Price Book,GBP
01tWC00000DD1yBYAT,3648,Standard Price Book,AUD
01tWC00000DD1yBYAT,3240,Standard Price Book,CAD
01tWC00000DD1yBYAT,2208,Standard Price Book,EUR
01tWC00000DD1yBYAT,1896,Standard Price Book,GBP
01tWC00000DD1yOYAT,121.6,Standard Price Book,AUD
01tWC00000DD1yOYAT,108,Standard Price Book,CAD
01tWC00000DD1yOYAT,73.6,Standard Price Book,EUR
01tWC00000DD1yOYAT,63.2,Standard Price Book,GBP
01tWC000009oPyxYAE,250,Standard Price Book,USD
01tWC000009oPyxYAE,337.5,Standard Price Book,CAD
01tWC00000E5JwPYAV,42,Standard Price Book,USD
01tWC00000E5JwPYAV,63.84,Standard Price Book,AUD
01tWC00000E5JwPYAV,56.7,Standard Price Book,CAD
01tWC00000E5JwPYAV,38.64,Standard Price Book,EUR
01tWC00000E5JwPYAV,33.18,Standard Price Book,GBP
01tWC00000E5JwSYAV,35,Standard Price Book,USD
01tWC00000E5JwSYAV,53.2,Standard Price Book,AUD
01tWC00000E5JwSYAV,47.25,Standard Price Book,CAD
01tWC00000E5JwSYAV,32.2,Standard Price Book,EUR
01tWC00000E5JwSYAV,27.65,Standard Price Book,GBP
01tWC00000E6URZYA3,75,Standard Price Book,USD
01tWC00000E6URZYA3,114,Standard Price Book,AUD
01tWC00000E6URZYA3,101.25,Standard Price Book,CAD
01tWC00000E6URZYA3,69,Standard Price Book,EUR
01tWC00000E6URZYA3,59.25,Standard Price Book,GBP
01tWC00000E6URaYAN,68,Standard Price Book,USD
01tWC00000E6URaYAN,103.36,Standard Price Book,AUD
01tWC00000E6URaYAN,91.8,Standard Price Book,CAD
01tWC00000E6URaYAN,62.56,Standard Price Book,EUR
01tWC00000E6URaYAN,53.72,Standard Price Book,GBP
01tWC00000E6URbYAN,62,Standard Price Book,USD
01tWC00000E6URbYAN,94.24,Standard Price Book,AUD
01tWC00000E6URbYAN,83.7,Standard Price Book,CAD
01tWC00000E6URbYAN,57.04,Standard Price Book,EUR
01tWC00000E6URbYAN,48.98,Standard Price Book,GBP
01tWC00000E6URcYAN,90,Standard Price Book,USD
01tWC00000E6URcYAN,136.8,Standard Price Book,AUD
01tWC00000E6URcYAN,121.5,Standard Price Book,CAD
01tWC00000E6URcYAN,82.8,Standard Price Book,EUR
01tWC00000E6URcYAN,71.1,Standard Price Book,GBP
01tWC00000E6URdYAN,110,Standard Price Book,USD
01tWC00000E6URdYAN,167.2,Standard Price Book,AUD
01tWC00000E6URdYAN,148.5,Standard Price Book,CAD
01tWC00000E6URdYAN,101.2,Standard Price Book,EUR
01tWC00000E6URdYAN,86.9,Standard Price Book,GBP
01tWC00000E6UReYAN,75,Standard Price Book,USD
01tWC00000E6UReYAN,114,Standard Price Book,AUD
01tWC00000E6UReYAN,101.25,Standard Price Book,CAD
01tWC00000E6UReYAN,69,Standard Price Book,EUR
01tWC00000E6UReYAN,59.25,Standard Price Book,GBP
01tWC00000ECGlhYAH,100,Standard Price Book,USD
01tWC00000DD1fkYAD,3000,Standard Price Book,CHF
01tWC00000DD1fnYAD,3000,Standard Price Book,CHF
01tWC00000DD1flYAD,5000,Standard Price Book,CHF
01tWC00000DD1fjYAD,2400,Standard Price Book,CHF
01tWC00000DCxmDYAT,2000,Standard Price Book,CHF
01tWC00000DD1foYAD,4000,Standard Price Book,CHF
01tWC00000DD17PYAT,2180,Standard Price Book,CHF
01tWC00000DD19PYAT,135,Standard Price Book,CHF
01tWC00000DD1fpYAD,6000,Standard Price Book,CHF
01tWC00000FBLaUYAX,18860,Standard Price Book,USD
01tWC00000FBLaVYAX,18860,Standard Price Book,USD
01tWC00000FBLaWYAX,560.88,Standard Price Book,USD
01tWC00000FBLaXYAX,186.64,Standard Price Book,USD
01tWC00000FBLacYAH,600,Standard Price Book,USD
01tWC00000FBLadYAH,1292,Standard Price Book,USD
01tWC00000FBLaeYAH,350,Standard Price Book,USD
01tWC00000FBLajYAH,0.2,Standard Price Book,USD
01tWC00000FBLakYAH,0.2,Standard Price Book,USD
01tWC00000FBLasYAH,236.25,Standard Price Book,USD
01tWC00000FBLatYAH,20500,Standard Price Book,USD
01tWC00000FBWUCYA5,26450,Standard Price Book,USD
01tWC00000FBWUEYA5,12650,Standard Price Book,USD
01tWC00000FBSjXYAX,10000,Standard Price Book,USD
01tWC00000FBSjYYAX,20000,Standard Price Book,USD
01tWC00000FBSjZYAX,5000,Standard Price Book,USD
01tWC00000FBSjbYAH,20000,Standard Price Book,USD
01tWC00000FBSjeYAH,2000,Standard Price Book,USD
01tWC00000FBSjkYAH,2000,Standard Price Book,USD
01tWC00000FBWaGYAX,46,Standard Price Book,USD
01tWC00000FBWaHYAX,18.9,Standard Price Book,USD
01tWC00000FBWaIYAX,76,Standard Price Book,USD
01tWC00000FBWaJYAX,15200,Standard Price Book,USD
01tWC00000FBWaKYAX,6750,Standard Price Book,USD
01tWC00000FBWaSYAX,6270,Standard Price Book,USD
01tWC00000FBWaTYAX,4125,Standard Price Book,USD
01tWC00000FBWaWYAX,80,Standard Price Book,USD
01tWC00000FBWaXYAX,6500,Standard Price Book,USD
01tWC00000FBWaYYAX,8295,Standard Price Book,USD
01tWC00000FBWaZYAX,5000,Standard Price Book,USD
01tWC00000FBWadYAH,75,Standard Price Book,USD
01tWC00000FBWaeYAH,68,Standard Price Book,USD
01tWC00000FBWf3YAH,1458,Standard Price Book,USD
01tWC00000FBWf6YAH,22500,Standard Price Book,USD
01tWC00000FBWf7YAH,1150,Standard Price Book,USD
01tWC00000FBWf8YAH,2943,Standard Price Book,USD
01tWC00000FBWf9YAH,1102.9,Standard Price Book,USD
01tWC00000FBWfAYAX,500,Standard Price Book,USD
01tWC00000FBWfBYAX,135,Standard Price Book,USD
01tWC00000FBWfDYAX,2000,Standard Price Book,USD
01tWC00000FBWfEYAX,0.16,Standard Price Book,USD
01tWC00000FBWfFYAX,750,Standard Price Book,USD
01tWC00000FBWfJYAX,2000,Standard Price Book,USD
01tWC00000FBWfKYAX,1520,Standard Price Book,USD
01tWC00000FBWfLYAX,2000,Standard Price Book,USD
01tWC00000FBWfMYAX,2000,Standard Price Book,USD
01tWC00000FBWfOYAX,2000,Standard Price Book,USD
01tWC00000FBWfPYAX,2400,Standard Price Book,USD
01tWC00000FBWfSYAX,2400,Standard Price Book,USD
01tWC00000FBWfTYAX,3000,Standard Price Book,USD
01tWC00000FBWfUYAX,5000,Standard Price Book,USD
01tWC00000FBWfVYAX,2000,Standard Price Book,USD
01tWC00000FBWfWYAX,3000,Standard Price Book,USD
01tWC00000FBWfXYAX,6080,Standard Price Book,USD
01tWC00000FBWfYYAX,6000,Standard Price Book,USD
01tWC00000FBWfZYAX,500,Standard Price Book,USD
01tWC00000FBWfaYAH,325,Standard Price Book,USD
01tWC00000FBWfbYAH,1000,Standard Price Book,USD
01tWC00000FBWfdYAH,1012.5,Standard Price Book,USD
01tWC00000FBWfeYAH,450,Standard Price Book,USD
01tWC00000FBWffYAH,1125,Standard Price Book,USD
01tWC00000FBWfgYAH,1125,Standard Price Book,USD
01tWC00000FBWfhYAH,0.99,Standard Price Book,USD
01tWC00000FBWfiYAH,0.99,Standard Price Book,USD
01tWC00000FBWfjYAH,250,Standard Price Book,USD
01tWC00000FBWfkYAH,450,Standard Price Book,USD
01tWC00000FBT2tYAH,915.4,Standard Price Book,USD
01tWC00000FBT2uYAH,4600,Standard Price Book,USD
01tWC00000FBT2vYAH,3040,Standard Price Book,USD
01tWC00000FBT2wYAH,987.5,Standard Price Book,USD
01tWC00000FBT2yYAH,138,Standard Price Book,USD
01tWC00000FBWojYAH,1262.25,Standard Price Book,USD
01tWC00000FBWokYAH,4.56,Standard Price Book,USD
01tWC00000FBWolYAH,72,Standard Price Book,USD
01tWC00000FBWonYAH,15000,Standard Price Book,USD
01tWC00000FBWooYAH,2.37,Standard Price Book,USD
01tWC00000FBWopYAH,9,Standard Price Book,USD
01tWC00000FBWpIYAX,2500,Standard Price Book,USD
01tWC00000FBWpOYAX,1622.66,Standard Price Book,USD
01tWC00000FBWtZYAX,0.27,Standard Price Book,USD
01tWC00000FBWtaYAH,0.16,Standard Price Book,USD
01tWC00000FBWvDYAX,2370,Standard Price Book,USD
01tWC00000FBWvHYAX,237,Standard Price Book,USD
01tWC00000FBWvMYAX,23000,Standard Price Book,USD
01tWC00000FBWvNYAX,25000,Standard Price Book,USD
01tWC00000FBK1oYAH,250,Standard Price Book,USD
01tWC00000FBK1oYAH,380,Standard Price Book,USD
01tWC00000FBK1zYAH,42,Standard Price Book,USD
01tWC00000FBX3RYAX,100,Standard Price Book,USD
01tWC00000FBX3RYAX,152,Standard Price Book,USD
01tWC00000FBX3TYAX,63.84,Standard Price Book,USD
01tWC00000FBX3TYAX,63.84,Standard Price Book,USD
01tWC00000FBX3bYAH,75,Standard Price Book,USD
01tWC00000FBX3bYAH,114,Standard Price Book,USD
01tWC00000FBX3dYAH,35,Standard Price Book,USD
01tWC00000FBX3dYAH,53.2,Standard Price Book,USD
01tWC00000FBX3fYAH,100,Standard Price Book,USD
01tWC00000FBX3fYAH,152,Standard Price Book,USD
01tWC00000FBX3hYAH,40,Standard Price Book,USD
01tWC00000FBX3hYAH,60.8,Standard Price Book,USD
01tWC00000FBX3jYAH,165,Standard Price Book,USD
01tWC00000FBX3jYAH,250.8,Standard Price Book,USD
01tWC00000FBX3kYAH,161.7,Standard Price Book,USD
01tWC00000FBX3kYAH,245.78,Standard Price Book,USD
01tWC00000FBX3mYAH,65,Standard Price Book,USD
01tWC00000FBX3mYAH,98.8,Standard Price Book,USD
01tWC00000FBX3nYAH,63.7,Standard Price Book,USD
01tWC00000FBX3nYAH,96.82,Standard Price Book,USD
01tWC00000FBX3pYAH,132,Standard Price Book,USD
01tWC00000FBX3pYAH,200.64,Standard Price Book,USD
01tWC00000FBX3qYAH,129.36,Standard Price Book,USD
01tWC00000FBX3qYAH,196.63,Standard Price Book,USD
01tWC00000FBX3sYAH,56,Standard Price Book,USD
01tWC00000FBX3sYAH,85.12,Standard Price Book,USD
01tWC00000FBX3tYAH,3000,Standard Price Book,USD
01tWC00000FBX3tYAH,4560,Standard Price Book,USD
01tWC00000FBX3xYAH,161.7,Standard Price Book,USD
01tWC00000FBX3xYAH,245.78,Standard Price Book,USD
01tWC00000FBX3yYAH,161.7,Standard Price Book,USD
01tWC00000FBX3yYAH,245.78,Standard Price Book,USD
01tWC00000FBX3zYAH,129.36,Standard Price Book,USD
01tWC00000FBX3zYAH,196.63,Standard Price Book,USD
01tWC00000FBX40YAH,129.36,Standard Price Book,USD
01tWC00000FBX40YAH,196.63,Standard Price Book,USD
01tWC00000FBX41YAH,35,Standard Price Book,USD
01tWC00000FBX42YAH,62,Standard Price Book,USD
01tWC00000FBX86YAH,43.36,Standard Price Book,USD
01tWC00000FBX86YAH,43.36,Standard Price Book,USD
01tWC00000FBX87YAH,66.15,Standard Price Book,USD
01tWC00000FBX87YAH,66.15,Standard Price Book,USD
01tWC00000FBX89YAH,168.75,Standard Price Book,USD
01tWC00000FBX89YAH,168.75,Standard Price Book,USD
01tWC00000FBX8CYAX,75,Standard Price Book,USD
01tWC00000FBX8CYAX,114,Standard Price Book,USD
01tWC00000FBX8EYAX,35,Standard Price Book,USD
01tWC00000FBX8EYAX,53.2,Standard Price Book,USD
01tWC00000FBX8KYAX,36,Standard Price Book,USD
01tWC00000FBX8KYAX,54.72,Standard Price Book,USD
01tWC00000FBX8LYAX,35.28,Standard Price Book,USD
01tWC00000FBX8LYAX,53.63,Standard Price Book,USD
01tWC00000FBX8NYAX,14,Standard Price Book,USD
01tWC00000FBX8NYAX,21.28,Standard Price Book,USD
01tWC00000FBX8OYAX,13.72,Standard Price Book,USD
01tWC00000FBX8OYAX,20.85,Standard Price Book,USD
01tWC00000FBX8mYAH,3.3,Standard Price Book,USD
01tWC00000FBX8mYAH,5.02,Standard Price Book,USD
01tWC00000FBX8rYAH,35.28,Standard Price Book,USD
01tWC00000FBX8rYAH,53.63,Standard Price Book,USD
01tWC00000FBX8sYAH,35.28,Standard Price Book,USD
01tWC00000FBX8sYAH,53.63,Standard Price Book,USD
01tWC00000FBXBbYAP,8907,Standard Price Book,USD
01tWC00000FBXBbYAP,13538.64,Standard Price Book,USD
01tWC00000FBXBlYAP,8000,Standard Price Book,USD
01tWC00000FBXBlYAP,12160,Standard Price Book,USD
01tWC00000FBXBmYAP,8000,Standard Price Book,USD
01tWC00000FBXBmYAP,12160,Standard Price Book,USD
01tWC00000FBXBrYAP,312.5,Standard Price Book,USD
01tWC00000FBXBrYAP,475,Standard Price Book,USD
01tWC00000FBXC2YAP,24000,Standard Price Book,USD
01tWC00000FBXC2YAP,36480,Standard Price Book,USD
01tWC00000FBXC3YAP,72000,Standard Price Book,USD
01tWC00000FBXC3YAP,109440,Standard Price Book,USD
01tWC00000FBXC4YAP,148000,Standard Price Book,USD
01tWC00000FBXC4YAP,224960,Standard Price Book,USD
01tWC00000FBXLqYAP,12024.45,Standard Price Book,USD
01tWC00000FBXLzYAP,5110,Standard Price Book,USD
01tWC00000FBXM0YAP,5110,Standard Price Book,USD
01tWC00000FBXM1YAP,5791.2,Standard Price Book,USD
01tWC00000FBXM2YAP,3810,Standard Price Book,USD
01tWC00000FBXM3YAP,5110,Standard Price Book,USD
01tWC00000FBXM4YAP,3810,Standard Price Book,USD
01tWC00000FBXM5YAP,2811,Standard Price Book,USD
01tWC00000FBXM6YAP,2096,Standard Price Book,USD
01tWC00000FBXM8YAP,1995,Standard Price Book,USD
01tWC00000FBXMAYA5,1097,Standard Price Book,USD
01tWC00000FBXMTYA5,275,Standard Price Book,USD
01tWC00000FBXmXYAX,337.5,Standard Price Book,USD
01tWC00000FBXmXYAX,250,Standard Price Book,USD
01tWC00000FBXmXYAX,150,Standard Price Book,USD
01tWC00000FBXmeYAH,8194.44,Standard Price Book,USD
01tWC00000FBXmeYAH,8194.44,Standard Price Book,USD
01tWC00000FBXxlYAH,29.16,Standard Price Book,USD
01tWC00000FBXxlYAH,29.16,Standard Price Book,USD
01tWC00000FBXxnYAH,736,Standard Price Book,USD
01tWC00000FBXxnYAH,1118.72,Standard Price Book,USD
01tWC00000FBXxpYAH,50.4,Standard Price Book,USD
01tWC00000FBXxpYAH,76.61,Standard Price Book,USD
01tWC00000FBXxqYAH,39.24,Standard Price Book,USD
01tWC00000FBXxqYAH,59.64,Standard Price Book,USD
01tWC00000FBXxsYAH,250,Standard Price Book,USD
01tWC00000FBXxsYAH,380,Standard Price Book,USD
01tWC00000FBXxvYAH,0.27,Standard Price Book,USD
01tWC00000FBXxvYAH,0.27,Standard Price Book,USD
01tWC00000FBXxwYAH,0.2,Standard Price Book,USD
01tWC00000FBXxwYAH,0.3,Standard Price Book,USD
01tWC00000FBXxyYAH,12.1,Standard Price Book,USD
01tWC00000FBXxyYAH,18.39,Standard Price Book,USD
01tWC00000FBXy6YAH,50000,Standard Price Book,USD
01tWC00000FBXy6YAH,76000,Standard Price Book,USD
01tWC00000FBXy8YAH,33200,Standard Price Book,USD
01tWC00000FBXy8YAH,50464,Standard Price Book,USD
01tWC00000FBXy9YAH,14900,Standard Price Book,USD
01tWC00000FBXy9YAH,22648,Standard Price Book,USD
01tWC00000FBXyAYAX,19900,Standard Price Book,USD
01tWC00000FBXyAYAX,30248,Standard Price Book,USD
01tWC00000FBXyBYAX,3.3,Standard Price Book,USD
01tWC00000FBXyBYAX,5.02,Standard Price Book,USD
01tWC00000FBXyCYAX,1.6,Standard Price Book,USD
01tWC00000FBXyCYAX,2.43,Standard Price Book,USD
01tWC00000FBXySYAX,5.75,Standard Price Book,USD
01tWC00000FBXySYAX,8.74,Standard Price Book,USD
01tWC00000FBXyUYAX,90,Standard Price Book,USD
01tWC00000FBY09YAH,50.04,Standard Price Book,USD
01tWC00000FBY09YAH,76.06,Standard Price Book,USD
01tWC00000FBY0BYAX,8422,Standard Price Book,USD
01tWC00000FBY0BYAX,12801.44,Standard Price Book,USD
01tWC00000FBY0FYAX,36,Standard Price Book,USD
01tWC00000FBY0FYAX,54.72,Standard Price Book,USD
01tWC00000FBY0GYAX,36,Standard Price Book,USD
01tWC00000FBY0GYAX,54.72,Standard Price Book,USD
01tWC00000FBY0NYAX,92.4,Standard Price Book,USD
01tWC00000FBY0NYAX,140.45,Standard Price Book,USD
01tWC00000FBY0OYAX,61.44,Standard Price Book,USD
01tWC00000FBY0OYAX,93.39,Standard Price Book,USD
01tWC00000FBY0PYAX,15,Standard Price Book,USD
01tWC00000FBY0PYAX,22.8,Standard Price Book,USD
01tWC00000FBY0SYAX,29.04,Standard Price Book,USD
01tWC00000FBY0SYAX,44.14,Standard Price Book,USD
01tWC00000FBY0YYAX,360000,Standard Price Book,USD
01tWC00000FBY0YYAX,547200,Standard Price Book,USD
01tWC00000FBY0ZYAX,58250,Standard Price Book,USD
01tWC00000FBY0ZYAX,88540,Standard Price Book,USD
01tWC00000FBY0aYAH,93250,Standard Price Book,USD
01tWC00000FBY0aYAH,141740,Standard Price Book,USD
01tWC00000FBY0bYAH,153250,Standard Price Book,USD
01tWC00000FBY0bYAH,232940,Standard Price Book,USD
01tWC00000FBY0cYAH,8000,Standard Price Book,USD
01tWC00000FBY0cYAH,12160,Standard Price Book,USD
01tWC00000FBY0dYAH,70000,Standard Price Book,USD
01tWC00000FBY0dYAH,106400,Standard Price Book,USD
01tWC00000FBY0eYAH,23920,Standard Price Book,USD
01tWC00000FBY0eYAH,26000,Standard Price Book,USD
01tWC00000FBY0fYAH,250,Standard Price Book,USD
01tWC00000FBY0fYAH,380,Standard Price Book,USD
01tWC00000FBY0gYAH,875,Standard Price Book,USD
01tWC00000FBY0gYAH,1330,Standard Price Book,USD
01tWC00000FBY0hYAH,12150,Standard Price Book,USD
01tWC00000FBY0hYAH,18468,Standard Price Book,USD
01tWC00000FBY0iYAH,2700,Standard Price Book,USD
01tWC00000FBY0iYAH,4104,Standard Price Book,USD
01tWC00000FBY0lYAH,325,Standard Price Book,USD
01tWC00000FBY0lYAH,494,Standard Price Book,USD
01tWC00000FBY0mYAH,4.75,Standard Price Book,USD
01tWC00000FBY0mYAH,7.22,Standard Price Book,USD
01tWC00000FBY0oYAH,2000,Standard Price Book,USD
01tWC00000FBY0oYAH,3040,Standard Price Book,USD
01tWC00000FBY0rYAH,110,Standard Price Book,USD
01tWC00000FBY0sYAH,75,Standard Price Book,USD
01tWC00000FBY0yYAH,28.63,Standard Price Book,USD
01tWC00000FBY0yYAH,55.08,Standard Price Book,USD
01tWC00000FBY0zYAH,5.52,Standard Price Book,USD
01tWC00000FBY0zYAH,8.39,Standard Price Book,USD
01tWC00000FBY10YAH,8.39,Standard Price Book,USD
01tWC00000FBY10YAH,8.39,Standard Price Book,USD
01tWC00000FBY11YAH,5.52,Standard Price Book,USD
01tWC00000FBY11YAH,8.39,Standard Price Book,USD
01tWC00000FBY63YAH,50000,Standard Price Book,USD
01tWC00000FBY63YAH,76000,Standard Price Book,USD
01tWC00000FBY64YAH,25000,Standard Price Book,USD
01tWC00000FBY64YAH,38000,Standard Price Book,USD
01tWC00000FBYAbYAP,94000,Standard Price Book,USD
01tWC00000FBYAcYAP,2500,Standard Price Book,USD
01tWC00000FBYAjYAP,5000,Standard Price Book,USD
01tWC00000FBYDpYAP,5000,Standard Price Book,USD
01tWC00000FBYDqYAP,5000,Standard Price Book,USD
01tWC00000FBYDrYAP,2600,Standard Price Book,USD
01tWC00000FBYDwYAP,4000,Standard Price Book,USD
01tWC00000FBYFRYA5,3680,Standard Price Book,USD
01tWC00000FBYLtYAP,3375,Standard Price Book,USD
01tWC00000FBYLvYAP,9085,Standard Price Book,USD
01tWC00000FBYLwYAP,27000,Standard Price Book,USD
01tWC00000FBYP7YAP,8464,Standard Price Book,USD
01tWC00000FBYSVYA5,118.18,Standard Price Book,USD
01tWC00000FBYSXYA5,65,Standard Price Book,USD
01tWC00000FBYSZYA5,71.85,Standard Price Book,USD
01tWC00000FBYSaYAP,47.27,Standard Price Book,USD
01tWC00000FBYScYAP,19.5,Standard Price Book,USD
01tWC00000FBYSsYAP,0.2,Standard Price Book,USD
01tWC00000FBYStYAP,2310.75,Standard Price Book,USD
01tWC00000FBYSwYAP,1495,Standard Price Book,USD
01tWC00000FBYSyYAP,3500,Standard Price Book,USD
01tWC00000FBYT8YAP,47.27,Standard Price Book,USD
01tWC00000FBYXBYA5,498.15,Standard Price Book,USD
01tWC00000FBYXFYA5,29640,Standard Price Book,USD
01tWC00000FBYXKYA5,2275,Standard Price Book,USD
01tWC00000FBYXPYA5,1380,Standard Price Book,USD
01tWC00000FBYXjYAP,59,Standard Price Book,USD
01tWC00000FBYXkYAP,4485,Standard Price Book,USD
01tWC00000FBYZ2YAP,3125,Standard Price Book,USD
01tWC00000FBYe2YAH,2625,Standard Price Book,USD
01tWC00000FBYiWYAX,3375,Standard Price Book,USD
01tWC00000FBYiaYAH,369,Standard Price Book,USD
01tWC00000FBYidYAH,3543.75,Standard Price Book,USD
01tWC00000FBYieYAH,8937.6,Standard Price Book,USD
01tWC00000FBYigYAH,3375,Standard Price Book,USD
01tWC00000FBYihYAH,5000,Standard Price Book,USD
01tWC00000FBYikYAH,60000,Standard Price Book,USD
01tWC00000FBYilYAH,53.2,Standard Price Book,USD
01tWC00000FBYimYAH,27.65,Standard Price Book,USD
01tWC00000FBYisYAH,2645,Standard Price Book,USD
01tWC00000FBYitYAH,11500,Standard Price Book,USD
01tWC00000FBYiuYAH,2645,Standard Price Book,USD
01tWC00000FBYixYAH,17480,Standard Price Book,USD
01tWC00000FBYiyYAH,2645,Standard Price Book,USD
01tWC00000FBYizYAH,2645,Standard Price Book,USD
01tWC00000FBYj1YAH,8360,Standard Price Book,USD
01tWC00000FBYj2YAH,1265,Standard Price Book,USD
01tWC00000FBYj3YAH,1265,Standard Price Book,USD
01tWC00000FBYj6YAH,11500,Standard Price Book,USD
01tWC00000FBYj7YAH,2645,Standard Price Book,USD
01tWC00000FBYj8YAH,2645,Standard Price Book,USD
01tWC00000FBYjAYAX,14375,Standard Price Book,USD
01tWC00000FBYjBYAX,2611.74,Standard Price Book,USD
01tWC00000FBYjCYAX,3306,Standard Price Book,USD
01tWC00000FBYjEYAX,14375,Standard Price Book,USD
01tWC00000FBYjFYAX,3306,Standard Price Book,USD
01tWC00000FBYjGYAX,3306,Standard Price Book,USD
01tWC00000FBYnKYAX,28.08,Standard Price Book,USD
01tWC00000FBYnLYAX,2024,Standard Price Book,USD
01tWC00000FBYsBYAX,34.27,Standard Price Book,USD
01tWC00000FBYsCYAX,46.26,Standard Price Book,USD
01tWC00000FBYsDYAX,93,Standard Price Book,USD
01tWC00000FBYsEYAX,37.92,Standard Price Book,USD
01tWC00000FBYsFYAX,45.77,Standard Price Book,USD
01tWC00000FBYsGYAX,45.77,Standard Price Book,USD
01tWC00000FBYsHYAX,188.48,Standard Price Book,USD
01tWC00000FBYsIYAX,7.9,Standard Price Book,USD
01tWC00000FBYsJYAX,9.2,Standard Price Book,USD
01tWC00000FBYsKYAX,7.27,Standard Price Book,USD
01tWC00000FBYsLYAX,23,Standard Price Book,USD
01tWC00000FBYsMYAX,17,Standard Price Book,USD
01tWC00000FBYsNYAX,24.12,Standard Price Book,USD
01tWC00000FBYsOYAX,69,Standard Price Book,USD
01tWC00000FBYsPYAX,15.87,Standard Price Book,USD
01tWC00000FBYsQYAX,42,Standard Price Book,USD
01tWC00000FBYsRYAX,2760,Standard Price Book,USD
01tWC00000FBYsSYAX,12000,Standard Price Book,USD
01tWC00000FBYsTYAX,4195.2,Standard Price Book,USD
01tWC00000FBYsUYAX,7440,Standard Price Book,USD
01tWC00000FBYsVYAX,462,Standard Price Book,USD
01tWC00000FBYsWYAX,2008,Standard Price Book,USD
01tWC00000FBYsXYAX,702.24,Standard Price Book,USD
01tWC00000FBYsYYAX,16620,Standard Price Book,USD
01tWC00000FBYsZYAX,7992.5,Standard Price Book,USD
01tWC00000FBYsaYAH,34750,Standard Price Book,USD
01tWC00000FBYsbYAH,7992.5,Standard Price Book,USD
01tWC00000FBYscYAH,21540,Standard Price Book,USD
01tWC00000FBYseYAH,966,Standard Price Book,USD
01tWC00000FBYsfYAH,4200,Standard Price Book,USD
01tWC00000FBYsgYAH,966,Standard Price Book,USD
01tWC00000FBYshYAH,707.05,Standard Price Book,USD
01tWC00000FBYsiYAH,2340,Standard Price Book,USD
01tWC00000FBYsjYAH,2340,Standard Price Book,USD
01tWC00000FBZDHYA5,1033.85,Standard Price Book,USD
01tWC00000FBZDIYA5,3551.05,Standard Price Book,USD
01tWC00000FBZDJYA5,1033.85,Standard Price Book,USD
01tWC00000FBZDKYA5,2340,Standard Price Book,USD
01tWC00000FBZDLYA5,218.88,Standard Price Book,USD
01tWC00000FBZDMYA5,625,Standard Price Book,USD
01tWC00000FBZDNYA5,144,Standard Price Book,USD
01tWC00000FBZDOYA5,325,Standard Price Book,USD
01tWC00000FBZDPYA5,378.35,Standard Price Book,USD
01tWC00000FBZDQYA5,1645,Standard Price Book,USD
01tWC00000FBZDRYA5,575.09,Standard Price Book,USD
01tWC00000FBZDSYA5,895,Standard Price Book,USD
01tWC00000FBZDbYAP,15,Standard Price Book,USD
01tWC00000FBZDcYAP,66,Standard Price Book,USD
01tWC00000FBZDjYAP,137,Standard Price Book,USD
01tWC00000FBZDkYAP,595,Standard Price Book,USD
01tWC00000FBZDoYAP,5562,Standard Price Book,USD
01tWC00000FBZDpYAP,1279.26,Standard Price Book,USD
01tWC00000FBZDqYAP,3450,Standard Price Book,USD
01tWC00000FBZPCYA5,8.05,Standard Price Book,USD
01tWC00000FBZPDYA5,8.05,Standard Price Book,USD
01tWC00000FBZPEYA5,22,Standard Price Book,USD
01tWC00000FBZPGYA5,46,Standard Price Book,USD
01tWC00000FBZPHYA5,199,Standard Price Book,USD
01tWC00000FBZPIYA5,46,Standard Price Book,USD
01tWC00000FBZPJYA5,23,Standard Price Book,USD
01tWC00000FBZPKYA5,99,Standard Price Book,USD
01tWC00000FBZPLYA5,23,Standard Price Book,USD
01tWC00000FBZPNYA5,46,Standard Price Book,USD
01tWC00000FBZPOYA5,199,Standard Price Book,USD
01tWC00000FBZPSYA5,15,Standard Price Book,USD
01tWC00000FBZPTYA5,66,Standard Price Book,USD
01tWC00000FBZPXYA5,46,Standard Price Book,USD
01tWC00000FBZPYYA5,199,Standard Price Book,USD
01tWC00000FBZPeYAP,23,Standard Price Book,USD
01tWC00000FBZPfYAP,99,Standard Price Book,USD
01tWC00000FBZPgYAP,23,Standard Price Book,USD
01tWC00000FBZPiYAP,137,Standard Price Book,USD
01tWC00000FBZPjYAP,595,Standard Price Book,USD
01tWC00000FBZPmYAP,34,Standard Price Book,USD
01tWC00000FBZPnYAP,149,Standard Price Book,USD
01tWC00000FBZPoYAP,34,Standard Price Book,USD
01tWC00000FBZYtYAP,10640,Standard Price Book,USD
01tWC00000FBZYxYAP,11.85,Standard Price Book,USD
01tWC00000FBZYyYAP,66,Standard Price Book,USD
01tWC00000FBZZ2YAP,137,Standard Price Book,USD
01tWC00000FBZZ3YAP,470.05,Standard Price Book,USD
01tWC00000FBZZ7YAP,46,Standard Price Book,USD
01tWC00000FBZZ8YAP,199,Standard Price Book,USD
01tWC00000FBZZCYA5,22.8,Standard Price Book,USD
01tWC00000FBZZDYA5,66,Standard Price Book,USD
01tWC00000FBZZHYA5,46,Standard Price Book,USD
01tWC00000FBZZIYA5,199,Standard Price Book,USD
01tWC00000FBZZMYA5,137,Standard Price Book,USD
01tWC00000FBZZNYA5,595,Standard Price Book,USD
01tWC00000FBZZSYA5,215000,Standard Price Book,USD
01tWC00000FBZZTYA5,215000,Standard Price Book,USD
01tWC00000FBZZUYA5,2000,Standard Price Book,USD
01tWC00000FBZZVYA5,3125,Standard Price Book,USD
01tWC00000FBZZYYA5,1500,Standard Price Book,USD
01tWC00000FBZZZYA5,3360,Standard Price Book,USD
01tWC00000FBZZbYAP,3125,Standard Price Book,USD
01tWC00000FBZZcYAP,10.35,Standard Price Book,USD
01tWC00000FBYjHYAX,1609,Standard Price Book,USD
01tWC00000FBYjIYAX,11356.25,Standard Price Book,USD
01tWC00000FBYjJYAX,3306,Standard Price Book,USD
01tWC00000FBYjKYAX,3306,Standard Price Book,USD
01tWC00000FBYjLYAX,4335,Standard Price Book,USD
01tWC00000FBYjMYAX,14375,Standard Price Book,USD
01tWC00000FBYjNYAX,3306,Standard Price Book,USD
01tWC00000FBYjPYAX,9375,Standard Price Book,USD
01tWC00000FBYjYYAX,777,Standard Price Book,USD
01tWC00000FBYjiYAH,5994,Standard Price Book,USD
01tWC00000FBYjkYAH,1208,Standard Price Book,USD
01tWC00000FBYjpYAH,2400,Standard Price Book,USD
01tWC00000FBYjzYAH,27354,Standard Price Book,USD
01tWC00000FBYk0YAH,27354,Standard Price Book,USD
01tWC00000FBYk1YAH,1227.66,Standard Price Book,USD
01tWC00000FBYk2YAH,1554,Standard Price Book,USD
01tWC00000FBYk3YAH,777,Standard Price Book,USD
01tWC00000FBYk4YAH,777,Standard Price Book,USD
01tWC00000FBZoDYAX,32.2,Standard Price Book,USD
01tWC00000FBZoGYAX,3950,Standard Price Book,USD
01tWC00000FBZoHYAX,202.5,Standard Price Book,USD
01tWC00000FBZoJYAX,46912.5,Standard Price Book,USD
01tWC00000FBZoLYAX,149,Standard Price Book,USD
01tWC00000FBZoMYAX,199,Standard Price Book,USD
01tWC00000FBZoNYAX,31.6,Standard Price Book,USD
01tWC00000FBZoXYAX,595,Standard Price Book,USD
01tWC00000FBZoaYAH,595,Standard Price Book,USD
01tWC00000FBZofYAH,15250,Standard Price Book,USD
01tWC00000FBZohYAH,6995,Standard Price Book,USD
01tWC00000FBZtAYAX,13.6,Standard Price Book,USD
01tWC00000FBZtBYAX,89.68,Standard Price Book,USD
01tWC00000FBZtCYAX,10.74,Standard Price Book,USD
01tWC00000FBZtDYAX,299,Standard Price Book,USD
01tWC00000FBZtEYAX,1271.11,Standard Price Book,USD
01tWC00000FBZtFYAX,6995,Standard Price Book,USD
01tWC00000FBZtGYAX,1609,Standard Price Book,USD
01tWC00000FBZtHYAX,67706.88,Standard Price Book,USD
01tWC00000FBZtJYAX,23,Standard Price Book,USD
01tWC00000FBZtKYAX,99,Standard Price Book,USD
01tWC00000FBZtLYAX,23,Standard Price Book,USD
01tWC00000FBZtQYAX,7.59,Standard Price Book,USD
01tWC00000FBZtRYAX,50.16,Standard Price Book,USD
01tWC00000FBZtSYAX,7.59,Standard Price Book,USD
01tWC00000FBZtTYAX,150,Standard Price Book,USD
01tWC00000FBZtUYAX,23,Standard Price Book,USD
01tWC00000FBZtVYAX,99,Standard Price Book,USD
01tWC00000FBZtWYAX,23,Standard Price Book,USD
01tWC00000FBZtYYAX,68,Standard Price Book,USD
01tWC00000FBZtZYAX,295,Standard Price Book,USD
01tWC00000FBZtaYAH,68,Standard Price Book,USD
01tWC00000FBZtbYAH,54.51,Standard Price Book,USD
01tWC00000FBZthYAH,23,Standard Price Book,USD
01tWC00000FBZtiYAH,78.21,Standard Price Book,USD
01tWC00000FBZtjYAH,177,Standard Price Book,USD
01tWC00000FBWVPYA5,31.05,Standard Price Book,USD
01tWC00000FBWVQYA5,34.96,Standard Price Book,USD
01tWC00000FBWVRYA5,99,Standard Price Book,USD
01tWC00000FBWVSYA5,31.05,Standard Price Book,USD
01tWC00000FBWVTYA5,1848.6,Standard Price Book,USD
01tWC00000FBWVUYA5,18.17,Standard Price Book,USD
01tWC00000FBWVVYA5,99,Standard Price Book,USD
01tWC00000FBWVWYA5,23,Standard Price Book,USD
01tWC00000FBWVXYA5,2872.8,Standard Price Book,USD
01tWC00000FBWVdYAP,34.96,Standard Price Book,USD
01tWC00000FBWVeYAP,99,Standard Price Book,USD
01tWC00000FBWVfYAP,23,Standard Price Book,USD
01tWC00000FBWVgYAP,62,Standard Price Book,USD
01tWC00000FBWVhYAP,7.59,Standard Price Book,USD
01tWC00000FBWViYAP,33,Standard Price Book,USD
01tWC00000FBWVjYAP,11.54,Standard Price Book,USD
01tWC00000FBWVkYAP,69,Standard Price Book,USD
01tWC00000FBWVlYAP,23,Standard Price Book,USD
01tWC00000FBWVmYAP,99,Standard Price Book,USD
01tWC00000FBWVnYAP,34.96,Standard Price Book,USD
01tWC00000FBWVoYAP,177,Standard Price Book,USD
01tWC00000FBWVxYAP,53.72,Standard Price Book,USD
01tWC00000FBWVyYAP,295,Standard Price Book,USD
01tWC00000FBWVzYAP,68,Standard Price Book,USD
01tWC00000FBWW0YAP,183,Standard Price Book,USD
01tWC00000FBWW1YAP,1609,Standard Price Book,USD
01tWC00000FBWW3YAP,3449,Standard Price Book,USD
01tWC00000FBWW4YAP,11846.05,Standard Price Book,USD
01tWC00000FBWW6YAP,69,Standard Price Book,USD
01tWC00000FBa2mYAD,6.7,Standard Price Book,USD
01tWC00000FBa2nYAD,29,Standard Price Book,USD
01tWC00000FBa2oYAD,6.7,Standard Price Book,USD
01tWC00000FBa2pYAD,177,Standard Price Book,USD
01tWC00000FBaM5YAL,4050,Standard Price Book,USD
01tWC00000FBb5FYAT,1.35,Standard Price Book,USD
01tWC00000FBb5IYAT,167.4,Standard Price Book,USD
01tWC00000FBb5OYAT,36.34,Standard Price Book,USD
01tWC00000FBb5YYAT,264,Standard Price Book,USD
01tWC00000FBb5jYAD,1890,Standard Price Book,USD
01tWC00000FBb5sYAD,9228,Standard Price Book,USD
01tWC00000FBb5tYAD,3150,Standard Price Book,USD
01tWC00000FBb5uYAD,2388.96,Standard Price Book,USD
01tWC00000FBb5vYAD,2520,Standard Price Book,USD
01tWC00000FBb5wYAD,6594,Standard Price Book,USD
01tWC00000FBb5xYAD,6594,Standard Price Book,USD
01tWC00000FBb5yYAD,8820,Standard Price Book,USD
01tWC00000FBb5zYAD,13860,Standard Price Book,USD
01tWC00000FBb60YAD,10500,Standard Price Book,USD
01tWC00000FBb61YAD,10500,Standard Price Book,USD
01tWC00000FBb62YAD,9450,Standard Price Book,USD
01tWC00000FBbA5YAL,777,Standard Price Book,USD
01tWC00000FBbA7YAL,27354,Standard Price Book,USD
01tWC00000FBbA8YAL,8394,Standard Price Book,USD
01tWC00000FBbA9YAL,7319.4,Standard Price Book,USD
01tWC00000FBbAAYA1,7319.4,Standard Price Book,USD
01tWC00000FBbABYA1,8044.8,Standard Price Book,USD
01tWC00000FBbACYA1,8044.8,Standard Price Book,USD
01tWC00000FBbADYA1,5994,Standard Price Book,USD
01tWC00000FBbAEYA1,100,Standard Price Book,USD
01tWC00000FBbi0YAD,21262.5,Standard Price Book,USD
01tWC00000FBbi8YAD,2172.5,Standard Price Book,USD
01tWC00000FBbiBYAT,8360,Standard Price Book,USD
01tWC00000FBbiCYAT,1950,Standard Price Book,USD
01tWC00000FBbiDYAT,6500,Standard Price Book,USD
01tWC00000FBbiGYAT,2750,Standard Price Book,USD
01tWC00000FBbiHYAT,9021.2,Standard Price Book,USD
01tWC00000FBbiKYAT,12000,Standard Price Book,USD
01tWC00000FBbiLYAT,83600,Standard Price Book,USD
01tWC00000FBbiMYAT,24000,Standard Price Book,USD
01tWC00000FBbiYYAT,958.8,Standard Price Book,USD
01tWC00000FBbiZYAT,4794,Standard Price Book,USD
01tWC00000FBbidYAD,414,Standard Price Book,USD
01tWC00000FBbieYAD,414,Standard Price Book,USD
01tWC00000FBbifYAD,11998.8,Standard Price Book,USD
01tWC00000FBbigYAD,11998.8,Standard Price Book,USD
01tWC00000FBbihYAD,12500,Standard Price Book,USD
01tWC00000FBbiiYAD,2634,Standard Price Book,USD
01tWC00000FBbijYAD,6500,Standard Price Book,USD
01tWC00000FBbikYAD,1074,Standard Price Book,USD
01tWC00000FBcqvYAD,111.78,Standard Price Book,USD
01tWC00000FBcr8YAD,919,Standard Price Book,USD
01tWC00000FBcrPYAT,7995,Standard Price Book,USD
01tWC00000FBcrRYAT,1995,Standard Price Book,USD
01tWC00000FBcrYYAT,15750,Standard Price Book,USD
01tWC00000FBcrbYAD,2211,Standard Price Book,USD
01tWC00000FBcrdYAD,2397,Standard Price Book,USD
01tWC00000FBcreYAD,7995,Standard Price Book,USD
01tWC00000FBcrfYAD,3995,Standard Price Book,USD
01tWC00000FBcrgYAD,1794,Standard Price Book,USD
01tWC00000FBcrhYAD,1794,Standard Price Book,USD
01tWC00000FBcriYAD,1194,Standard Price Book,USD
01tWC00000FBd0cYAD,1670.48,Standard Price Book,USD
01tWC00000FBd0fYAD,2500,Standard Price Book,USD
01tWC00000FBd0hYAD,598.5,Standard Price Book,USD
01tWC00000FBd0iYAD,2992.5,Standard Price Book,USD
01tWC00000FBd0qYAD,3515,Standard Price Book,USD
01tWC00000FBd0uYAD,333,Standard Price Book,USD
01tWC00000FBd0vYAD,501.6,Standard Price Book,USD
01tWC00000FBd11YAD,2065,Standard Price Book,USD
01tWC00000FBd12YAD,3515,Standard Price Book,USD
01tWC00000FBd1FYAT,2500,Standard Price Book,USD
01tWC00000FBd1GYAT,1975,Standard Price Book,USD
01tWC00000FBd1HYAT,3995,Standard Price Book,USD
01tWC00000FBd1KYAT,333,Standard Price Book,USD
01tWC00000FBd1LYAT,333,Standard Price Book,USD
01tWC00000FBd1MYAT,1074,Standard Price Book,USD
01tWC00000FBd1NYAT,2772,Standard Price Book,USD
01tWC00000FBd1OYAT,2772,Standard Price Book,USD
01tWC00000FBd5ZYAT,138,Standard Price Book,USD
01tWC00000FBd5aYAD,200,Standard Price Book,USD
01tWC00000FBd5bYAD,220,Standard Price Book,USD
01tWC00000FBd5cYAD,250,Standard Price Book,USD
01tWC00000FBd5dYAD,275,Standard Price Book,USD
01tWC00000FBd5eYAD,250,Standard Price Book,USD
01tWC00000FBd5fYAD,275,Standard Price Book,USD
01tWC00000FBd5tYAD,1,Standard Price Book,USD
01tWC00000FBd5uYAD,7000,Standard Price Book,USD
01tWC00000FBd5vYAD,3515,Standard Price Book,USD
01tWC00000FBd5xYAD,4000,Standard Price Book,USD
01tWC00000FBd5yYAD,250,Standard Price Book,USD
01tWC00000FBd5zYAD,10000,Standard Price Book,USD
01tWC00000FBd60YAD,8355,Standard Price Book,USD
01tWC00000FBd61YAD,4000,Standard Price Book,USD
01tWC00000FBd62YAD,4000,Standard Price Book,USD
01tWC00000FBd63YAD,5935,Standard Price Book,USD
01tWC00000FBd64YAD,4000,Standard Price Book,USD
01tWC00000FBd65YAD,7000,Standard Price Book,USD
01tWC00000FBd66YAD,3515,Standard Price Book,USD
01tWC00000FBd68YAD,2750,Standard Price Book,USD
01tWC00000FBd69YAD,6300,Standard Price Book,USD
01tWC00000FBd6AYAT,15372,Standard Price Book,USD
01tWC00000FBd6BYAT,2772,Standard Price Book,USD
01tWC00000FBd6CYAT,52500,Standard Price Book,USD
01tWC00000FBd6DYAT,52500,Standard Price Book,USD
01tWC00000FBdDVYA1,0.27,Standard Price Book,USD
01tWC00000FBdDWYA1,0.3,Standard Price Book,USD
01tWC00000FBdDfYAL,1500,Standard Price Book,USD
01tWC00000FBdDrYAL,5250,Standard Price Book,USD
01tWC00000FBdDtYAL,4389.76,Standard Price Book,USD
01tWC00000FBdDvYAL,2160,Standard Price Book,USD
01tWC00000FBdE1YAL,3150,Standard Price Book,USD
01tWC00000FBdE3YAL,1369.07,Standard Price Book,USD
01tWC00000FBdE6YAL,5250,Standard Price Book,USD
01tWC00000FBdE8YAL,2888,Standard Price Book,USD
01tWC00000FBdEAYA1,4147.5,Standard Price Book,USD
01tWC00000FBdECYA1,2888,Standard Price Book,USD
01tWC00000FBdEDYA1,250,Standard Price Book,USD
01tWC00000FBdEFYA1,3150,Standard Price Book,USD
01tWC00000FBdEHYA1,1733,Standard Price Book,USD
01tWC00000FBdEIYA1,11000,Standard Price Book,USD
01tWC00000FBdqEYAT,11000,Standard Price Book,USD
01tWC00000FBdqGYAT,6050,Standard Price Book,USD
01tWC00000FBeDaYAL,30383.1,Standard Price Book,USD
01tWC00000FBeDcYAL,2888,Standard Price Book,USD
01tWC00000FBeDmYAL,8050,Standard Price Book,USD
01tWC00000FBeDoYAL,5852,Standard Price Book,USD
01tWC00000FBeDqYAL,15904,Standard Price Book,USD
01tWC00000FBeDrYAL,22506,Standard Price Book,USD
01tWC00000FBeDuYAL,11562.64,Standard Price Book,USD
01tWC00000FBeDvYAL,10764,Standard Price Book,USD
01tWC00000FBeDzYAL,13972,Standard Price Book,USD
01tWC00000FBeE0YAL,21218,Standard Price Book,USD
01tWC00000FBeE3YAL,6683,Standard Price Book,USD
01tWC00000FBeE4YAL,10148,Standard Price Book,USD
01tWC00000FBeE7YAL,200101.47,Standard Price Book,USD
01tWC00000FBeE9YAL,121141,Standard Price Book,USD
01tWC00000FBeEIYA1,21218,Standard Price Book,USD
01tWC00000FBeEJYA1,21218,Standard Price Book,USD
01tWC00000FBeEMYA1,22506,Standard Price Book,USD
01tWC00000FBeb7YAD,12236,Standard Price Book,USD
01tWC00000FBeb9YAD,3850,Standard Price Book,USD
01tWC00000FBebSYAT,35708,Standard Price Book,USD
01tWC00000FBebTYAT,42953,Standard Price Book,USD
01tWC00000FBebVYAT,17078,Standard Price Book,USD
01tWC00000FBebWYAT,20543,Standard Price Book,USD
01tWC00000FBebYYAT,107718,Standard Price Book,USD
01tWC00000FBebaYAD,51558,Standard Price Book,USD
01tWC00000FBebgYAD,64400,Standard Price Book,USD
01tWC00000FBebiYAD,30800,Standard Price Book,USD
01tWC00000FBebjYAD,33830,Standard Price Book,USD
01tWC00000FBebkYAD,42953,Standard Price Book,USD
01tWC00000FBeblYAD,42953,Standard Price Book,USD
01tWC00000FBebmYAD,70840,Standard Price Book,USD
01tWC00000FBentYAD,39366,Standard Price Book,USD
01tWC00000FBenuYAD,44323.2,Standard Price Book,USD
01tWC00000FBenvYAD,84203,Standard Price Book,USD
01tWC00000FBenwYAD,113674.05,Standard Price Book,USD
01tWC00000FBenxYAD,3750,Standard Price Book,USD
01tWC00000FBenyYAD,3215.3,Standard Price Book,USD
01tWC00000FBeo4YAD,60594.58,Standard Price Book,USD
01tWC00000FBeo5YAD,29160,Standard Price Book,USD
01tWC00000FBeo6YAD,84203,Standard Price Book,USD
01tWC00000FBeo8YAD,43158,Standard Price Book,USD
01tWC00000FBeo9YAD,16038,Standard Price Book,USD
01tWC00000FBeoAYAT,44001,Standard Price Book,USD
01tWC00000FBeoBYAT,2000,Standard Price Book,USD
01tWC00000FBeoeYAD,35679,Standard Price Book,USD
01tWC00000FBeofYAD,17064,Standard Price Book,USD
01tWC00000FBeogYAD,70840,Standard Price Book,USD
01tWC00000FBeumYAD,57403.35,Standard Price Book,USD
01tWC00000FBeunYAD,64631.92,Standard Price Book,USD
01tWC00000FBeuoYAD,53420,Standard Price Book,USD
01tWC00000FBeupYAD,72117,Standard Price Book,USD
01tWC00000FBeuqYAD,32051.25,Standard Price Book,USD
01tWC00000FBeurYAD,42521,Standard Price Book,USD
01tWC00000FBeusYAD,53420,Standard Price Book,USD
01tWC00000FBeutYAD,30912.24,Standard Price Book,USD
01tWC00000FBeuuYAD,20863.9,Standard Price Book,USD
01tWC00000FBev2YAD,10453.5,Standard Price Book,USD
01tWC00000FBev4YAD,7600,Standard Price Book,USD
01tWC00000FBev6YAD,19550,Standard Price Book,USD
01tWC00000FBev8YAD,14212,Standard Price Book,USD
01tWC00000FBexaYAD,0.55,Standard Price Book,USD
01tWC00000FBexfYAD,3375,Standard Price Book,USD
01tWC00000FBexgYAD,3680,Standard Price Book,USD
01tWC00000FBexhYAD,9000,Standard Price Book,USD
01tWC00000FBexiYAD,22800,Standard Price Book,USD
01tWC00000FBexjYAD,5500,Standard Price Book,USD
01tWC00000FBexkYAD,11000,Standard Price Book,USD
01tWC00000FBexlYAD,18000,Standard Price Book,USD
01tWC00000FBezFYAT,46,Standard Price Book,USD
01tWC00000FBezdYAD,24760,Standard Price Book,USD
01tWC00000FBezfYAD,13618,Standard Price Book,USD
01tWC00000FBezlYAD,250,Standard Price Book,USD
01tWC00000FBeznYAD,138,Standard Price Book,USD
01tWC00000FBfGxYAL,2500,Standard Price Book,USD
01tWC00000FBfGyYAL,10800,Standard Price Book,USD
01tWC00000FBfGzYAL,20000,Standard Price Book,USD
01tWC00000FBfH3YAL,2090,Standard Price Book,USD
01tWC00000FBfH4YAL,3476,Standard Price Book,USD
01tWC00000FBfH5YAL,11000,Standard Price Book,USD
01tWC00000FBfH7YAL,2500,Standard Price Book,USD
01tWC00000FBfH8YAL,2500,Standard Price Book,USD
01tWC00000FBfH9YAL,30400,Standard Price Book,USD
01tWC00000FBfHAYA1,20000,Standard Price Book,USD
01tWC00000FBfHBYA1,8000,Standard Price Book,USD
01tWC00000FBfHCYA1,8000,Standard Price Book,USD
01tWC00000FBfHGYA1,3314,Standard Price Book,USD
01tWC00000FBfHPYA1,2705,Standard Price Book,USD
01tWC00000FBfHRYA1,1488,Standard Price Book,USD
01tWC00000FBfLlYAL,24165,Standard Price Book,USD
01tWC00000FBfLmYAL,27208,Standard Price Book,USD
01tWC00000FBfLnYAL,37900,Standard Price Book,USD
01tWC00000FBfLoYAL,51165,Standard Price Book,USD
01tWC00000FBfLpYAL,49900,Standard Price Book,USD
01tWC00000FBfMAYA1,17900,Standard Price Book,USD
01tWC00000FBfMBYA1,27900,Standard Price Book,USD
01tWC00000FBfMCYA1,37900,Standard Price Book,USD
01tWC00000FBfMDYA1,49900,Standard Price Book,USD
01tWC00000FBfMFYA1,9845,Standard Price Book,USD
01tWC00000FBfMGYA1,15345,Standard Price Book,USD
01tWC00000FBfMHYA1,20845,Standard Price Book,USD
01tWC00000FBfMIYA1,27445,Standard Price Book,USD
01tWC00000FBfMKYA1,26900,Standard Price Book,USD
01tWC00000FBfMLYA1,46900,Standard Price Book,USD
01tWC00000FBfMMYA1,58900,Standard Price Book,USD
01tWC00000FBfMOYA1,14795,Standard Price Book,USD
01tWC00000FBfMPYA1,25795,Standard Price Book,USD
01tWC00000FBfMQYA1,39421,Standard Price Book,USD
01tWC00000FBfMRYA1,27900,Standard Price Book,USD
01tWC00000FBfMSYA1,27900,Standard Price Book,USD
01tWC00000FBfMTYA1,26900,Standard Price Book,USD
01tWC00000FBfMUYA1,26900,Standard Price Book,USD
01tWC00000FBfMVYA1,46900,Standard Price Book,USD
01tWC00000FBfMWYA1,46900,Standard Price Book,USD
01tWC00000FBfMXYA1,58900,Standard Price Book,USD
01tWC00000FBfMYYA1,58900,Standard Price Book,USD
01tWC00000FBfcuYAD,350,Standard Price Book,USD
01tWC00000FBfcuYAD,532,Standard Price Book,USD
01tWC00000FBfczYAD,9500,Standard Price Book,USD
01tWC00000FBfczYAD,14440,Standard Price Book,USD
01tWC00000FBfd0YAD,275,Standard Price Book,USD
01tWC00000FBfd0YAD,418,Standard Price Book,USD
01tWC00000FBfdNYAT,20,Standard Price Book,USD
01tWC00000FBfdNYAT,30.4,Standard Price Book,USD
01tWC00000FBfdPYAT,100,Standard Price Book,USD
01tWC00000FBfdPYAT,152,Standard Price Book,USD
01tWC00000FBfdQYAT,4887.5,Standard Price Book,USD
01tWC00000FBfdQYAT,7429,Standard Price Book,USD
01tWC00000FBg3RYAT,8886,Standard Price Book,USD
01tWC00000FBg3RYAT,13506.72,Standard Price Book,USD
01tWC00000FBg3gYAD,3852.5,Standard Price Book,USD
01tWC00000FBg3gYAD,5855.8,Standard Price Book,USD
01tWC00000FBg3hYAD,2000,Standard Price Book,USD
01tWC00000FBg3hYAD,3040,Standard Price Book,USD
01tWC00000FBg47YAD,48,Standard Price Book,USD
01tWC00000FBg47YAD,72.96,Standard Price Book,USD
01tWC00000FBgUkYAL,13129.8,Standard Price Book,USD
01tWC00000FBgUkYAL,13129.8,Standard Price Book,USD
01tWC00000FBgUmYAL,3556.8,Standard Price Book,USD
01tWC00000FBgUmYAL,3556.8,Standard Price Book,USD
01tWC00000FBgV6YAL,1198.8,Standard Price Book,USD
01tWC00000FBgV6YAL,1822.18,Standard Price Book,USD
01tWC00000FBgVWYA1,275,Standard Price Book,USD
01tWC00000FBgVWYA1,418,Standard Price Book,USD
01tWC00000FBcuwYAD,5508,Standard Price Book,USD
01tWC00000FBcuwYAD,8372.16,Standard Price Book,USD
01tWC00000FBcv4YAD,2200,Standard Price Book,USD
01tWC00000FBcv4YAD,3344,Standard Price Book,USD
01tWC00000FBcv9YAD,137.5,Standard Price Book,USD
01tWC00000FBcv9YAD,209,Standard Price Book,USD
01tWC00000FBcvJYAT,3500,Standard Price Book,USD
01tWC00000FBcvJYAT,5320,Standard Price Book,USD
01tWC00000FBcvXYAT,1080,Standard Price Book,USD
01tWC00000FBcvXYAT,1641.6,Standard Price Book,USD
01tWC00000FBcvZYAT,594,Standard Price Book,USD
01tWC00000FBcvZYAT,902.88,Standard Price Book,USD
01tWC00000FBcvaYAD,3300,Standard Price Book,USD
01tWC00000FBcvaYAD,5016,Standard Price Book,USD
01tWC00000FBcveYAD,10000,Standard Price Book,USD
01tWC00000FBcveYAD,15200,Standard Price Book,USD
01tWC00000FBhH7YAL,992.25,Standard Price Book,USD
01tWC00000FBhH8YAL,5586,Standard Price Book,USD
01tWC00000FBhHAYA1,2728.69,Standard Price Book,USD
01tWC00000FBhHCYA1,3318,Standard Price Book,USD
01tWC00000FBhHEYA1,2310,Standard Price Book,USD
01tWC00000FBhHGYA1,1244.25,Standard Price Book,USD
01tWC00000FBhHIYA1,684.34,Standard Price Book,USD
01tWC00000FBhHKYA1,5775,Standard Price Book,USD
01tWC00000FBhHMYA1,3176.25,Standard Price Book,USD
01tWC00000FBhHXYA1,1210,Standard Price Book,USD
01tWC00000FBhHjYAL,2100,Standard Price Book,USD
01tWC00000FBhHlYAL,1155,Standard Price Book,USD
01tWC00000FBhHqYAL,1629,Standard Price Book,USD
01tWC00000FBhx3YAD,4455,Standard Price Book,USD
01tWC00000FBhx4YAD,1881,Standard Price Book,USD
01tWC00000FBhx5YAD,577.5,Standard Price Book,USD
01tWC00000FBhx6YAD,1670.63,Standard Price Book,USD
01tWC00000FBhxLYAT,1,Standard Price Book,USD
01tWC00000FBhxiYAD,790,Standard Price Book,USD
01tWC00000FBhxkYAD,7500,Standard Price Book,USD
01tWC00000FBhxmYAD,4125,Standard Price Book,USD
01tWC00000FBiBaYAL,3602.4,Standard Price Book,USD
01tWC00000FCC87YAH,4792.5,Standard Price Book,USD
01tWC00000FCEzvYAH,4620,Standard Price Book,USD
01tWC00000FCEzxYAH,2541,Standard Price Book,USD
01tWC00000FCEzzYAH,1575,Standard Price Book,USD
01tWC00000FCF01YAH,866.25,Standard Price Book,USD
01tWC00000FCF03YAH,3465,Standard Price Book,USD
01tWC00000FCF05YAH,1905.75,Standard Price Book,USD
01tWC00000FCF07YAH,1244.25,Standard Price Book,USD
01tWC00000FCF09YAH,866.25,Standard Price Book,USD
01tWC00000FCF0DYAX,2200,Standard Price Book,USD
01tWC00000FCF0FYAX,1210,Standard Price Book,USD
01tWC00000FCFZ7YAP,1575,Standard Price Book,USD
01tWC00000FCFZ9YAP,1316.7,Standard Price Book,USD
01tWC00000FCFZGYA5,3176.25,Standard Price Book,USD
01tWC00000FCFZIYA5,2625,Standard Price Book,USD
01tWC00000FCFZKYA5,1443.75,Standard Price Book,USD
01tWC00000FCFZbYAP,2310,Standard Price Book,USD
01tWC00000FCFZdYAP,1270.5,Standard Price Book,USD
01tWC00000FCFZfYAP,2625,Standard Price Book,USD
01tWC00000FCFZhYAP,1443.75,Standard Price Book,USD
01tWC00000FCFp7YAH,3000,Standard Price Book,USD
01tWC00000FCFp9YAH,1650,Standard Price Book,USD
01tWC00000FCFpEYAX,497.7,Standard Price Book,USD
01tWC00000FCFpGYAX,346.5,Standard Price Book,USD
01tWC00000FCFpLYAX,2000,Standard Price Book,USD
01tWC00000FCFpNYAX,1672,Standard Price Book,USD
01tWC00000FCFpSYAX,5775,Standard Price Book,USD
01tWC00000FCFpUYAX,3176.25,Standard Price Book,USD
01tWC00000FCFpZYAX,4560,Standard Price Book,USD
01tWC00000FCFykYAH,2737.35,Standard Price Book,USD
01tWC00000FCG0LYAX,0.27,Standard Price Book,USD
01tWC00000FCG0LYAX,0.27,Standard Price Book,USD
01tWC00000FCG0MYAX,0.18,Standard Price Book,USD
01tWC00000FCG0MYAX,0.16,Standard Price Book,USD
01tWC00000FCG1yYAH,4924.8,Standard Price Book,USD
01tWC00000FCG27YAH,15,Standard Price Book,USD
01tWC00000FCG2BYAX,62.32,Standard Price Book,USD
01tWC00000FCG2DYAX,7000,Standard Price Book,USD
01tWC00000FCG2FYAX,124,Standard Price Book,USD
01tWC00000FCG2OYAX,5000,Standard Price Book,USD
01tWC00000FCG2QYAX,2750,Standard Price Book,USD
01tWC00000FCG2UYAX,137,Standard Price Book,USD
01tWC00000FCG2WYAX,500,Standard Price Book,USD
01tWC00000FCG2YYAX,275,Standard Price Book,USD
01tWC00000FCG2cYAH,110.6,Standard Price Book,USD
01tWC00000FCG2eYAH,1000,Standard Price Book,USD
01tWC00000FCG2gYAH,550,Standard Price Book,USD
01tWC00000FCG2iYAH,500,Standard Price Book,USD
01tWC00000FCG2kYAH,275,Standard Price Book,USD
01tWC00000FCDlfYAH,2280,Standard Price Book,USD
01tWC00000FCDlhYAH,1113.75,Standard Price Book,USD
01tWC00000FCDljYAH,11850,Standard Price Book,USD
01tWC00000FCDllYAH,8250,Standard Price Book,USD
01tWC00000FCDlsYAH,1520,Standard Price Book,USD
01tWC00000FCDluYAH,550,Standard Price Book,USD
01tWC00000FCDlwYAH,500,Standard Price Book,USD
01tWC00000FCDlyYAH,418,Standard Price Book,USD
01tWC00000FCDm0YAH,500,Standard Price Book,USD
01tWC00000FCDm2YAH,418,Standard Price Book,USD
01tWC00000FCDm4YAH,200,Standard Price Book,USD
01tWC00000FCDm6YAH,110,Standard Price Book,USD
01tWC00000FCDmRYAX,12500,Standard Price Book,USD
01tWC00000FCGCTYA5,2700,Standard Price Book,USD
01tWC00000FCGCZYA5,1823,Standard Price Book,USD
01tWC00000FCGCbYAP,1003.05,Standard Price Book,USD
01tWC00000FCGD8YAP,500,Standard Price Book,USD
01tWC00000FCD0tYAH,10640,Standard Price Book,USD
01tWC00000FCD1FYAX,275,Standard Price Book,USD
01tWC00000FCGbvYAH,12024.45,Standard Price Book,USD
01tWC00000FCKK8YAP,513.76,Standard Price Book,USD
01tWC00000FCKSwYAP,2175,Standard Price Book,USD
01tWC00000FCLyJYAX,2000,Standard Price Book,USD
01tWC00000FCN3mYAH,276,Standard Price Book,USD
01tWC00000FCN3nYAH,300,Standard Price Book,USD
01tWC00000FCN3sYAH,6895,Standard Price Book,USD
01tWC00000FCN3uYAH,3792,Standard Price Book,USD
01tWC00000FCN3yYAH,99,Standard Price Book,USD
01tWC00000FCJ82YAH,1104,Standard Price Book,USD
01tWC00000FCJ83YAH,275,Standard Price Book,USD
01tWC00000FCJ8EYAX,275,Standard Price Book,USD
01tWC00000FCI5uYAH,8907,Standard Price Book,USD
01tWC00000FCI5wYAH,69,Standard Price Book,USD
01tWC00000FCEGJYA5,201.15,Standard Price Book,USD
01tWC00000FCEGNYA5,78,Standard Price Book,USD
01tWC00000FCEGRYA5,1360.4,Standard Price Book,USD
01tWC00000FCEGVYA5,206,Standard Price Book,USD
01tWC00000FCEGZYA5,525,Standard Price Book,USD
01tWC00000FCEGfYAP,5000,Standard Price Book,USD
01tWC00000FCEGhYAP,4180,Standard Price Book,USD
01tWC00000FCEGlYAP,191,Standard Price Book,USD
01tWC00000FCEGrYAP,139.83,Standard Price Book,USD
01tWC00000FCPV6YAP,85.05,Standard Price Book,USD
01tWC00000FCPV8YAP,7900,Standard Price Book,USD
01tWC00000FCPVAYA5,559,Standard Price Book,USD
01tWC00000FCPVGYA5,5000,Standard Price Book,USD
01tWC00000FCPVIYA5,2750,Standard Price Book,USD
01tWC00000FCPVMYA5,15000,Standard Price Book,USD
01tWC00000FCPVUYA5,69,Standard Price Book,USD
01tWC00000FCPVYYA5,177,Standard Price Book,USD
01tWC00000FCPVcYAP,69,Standard Price Book,USD
01tWC00000FCPVgYAP,177,Standard Price Book,USD
01tWC00000FCPVqYAP,37,Standard Price Book,USD
01tWC00000FCPzkYAH,5852.25,Standard Price Book,USD
01tWC00000FCPzoYAH,62,Standard Price Book,USD
01tWC00000FCPzsYAH,15.8,Standard Price Book,USD
01tWC00000FCPzwYAH,62,Standard Price Book,USD
01tWC00000FCPzyYAH,3000,Standard Price Book,USD
01tWC00000FCQ00YAH,183,Standard Price Book,USD
01tWC00000FCQ04YAH,62,Standard Price Book,USD
01tWC00000FCQ08YAH,62,Standard Price Book,USD
01tWC00000FCQ0CYAX,62,Standard Price Book,USD
01tWC00000FCQ0GYAX,1238,Standard Price Book,USD
01tWC00000FCQ0KYAX,1238,Standard Price Book,USD
01tWC00000FCQ0RYAX,1500,Standard Price Book,USD
01tWC00000FCQ0SYAX,1500,Standard Price Book,USD
01tWC00000FCQQIYA5,10000,Standard Price Book,USD
01tWC00000FCQQLYA5,3192,Standard Price Book,USD
01tWC00000FCQQNYA5,1155,Standard Price Book,USD
01tWC00000FCQQOYA5,1000,Standard Price Book,USD
01tWC00000FCQQjYAP,1922,Standard Price Book,USD
01tWC00000FCQQkYAP,4000,Standard Price Book,USD
01tWC00000FCQQlYAP,250,Standard Price Book,USD
01tWC00000FCQQpYAP,1000,Standard Price Book,USD
01tWC00000FCQQqYAP,1000,Standard Price Book,USD
01tWC00000FCPSaYAP,1520,Standard Price Book,USD
01tWC00000FCPScYAP,1350,Standard Price Book,USD
01tWC00000FCPSeYAP,3160,Standard Price Book,USD
01tWC00000FCPSiYAP,1264,Standard Price Book,USD
01tWC00000FCPSjYAP,2000,Standard Price Book,USD
01tWC00000FCPSsYAP,88160,Standard Price Book,USD
01tWC00000FCPStYAP,760,Standard Price Book,USD
01tWC00000FCPSvYAP,4000,Standard Price Book,USD
01tWC00000FCPSxYAP,2400,Standard Price Book,USD
01tWC00000FCPT3YAP,158,Standard Price Book,USD
01tWC00000FCPT8YAP,275,Standard Price Book,USD
01tWC00000FCPTFYA5,500,Standard Price Book,USD
01tWC00000FCPTGYA5,6600,Standard Price Book,USD
01tWC00000FCPTHYA5,1000,Standard Price Book,USD
01tWC00000FCNZ8YAP,23.1,Standard Price Book,USD
01tWC00000FCNZBYA5,5.73,Standard Price Book,USD
01tWC00000FCNZIYA5,26250,Standard Price Book,USD
01tWC00000FCNZKYA5,14438,Standard Price Book,USD
01tWC00000FCNZMYA5,26250,Standard Price Book,USD
01tWC00000FCNZOYA5,14438,Standard Price Book,USD
01tWC00000FCNZUYA5,1866.38,Standard Price Book,USD
01tWC00000FCNZWYA5,138000,Standard Price Book,USD
01tWC00000FCUeWYAX,3206,Standard Price Book,USD
01tWC00000FCUecYAH,259,Standard Price Book,USD
01tWC00000FCUegYAH,1546,Standard Price Book,USD
01tWC00000FCUeoYAH,45360,Standard Price Book,USD
01tWC00000FCUeyYAH,12.6,Standard Price Book,USD
01tWC00000FCUf1YAH,500,Standard Price Book,USD
01tWC00000FCUf2YAH,250,Standard Price Book,USD
01tWC00000FCUf7YAH,8482,Standard Price Book,USD
01tWC00000FCUf9YAH,4665,Standard Price Book,USD
01tWC00000FCKKAYA5,251.1,Standard Price Book,USD
01tWC00000FCKKCYA5,862.68,Standard Price Book,USD
01tWC00000FCKKEYA5,601,Standard Price Book,USD
01tWC00000FCKKFYA5,1222.08,Standard Price Book,USD
01tWC00000FCKKTYA5,329,Standard Price Book,USD
01tWC00000FCKKYYA5,1815,Standard Price Book,USD
01tWC00000FCKKaYAP,908,Standard Price Book,USD
01tWC00000FCKKuYAP,41,Standard Price Book,USD
01tWC00000FCV4EYAX,2220.72,Standard Price Book,USD
01tWC00000FCV4HYAX,1092,Standard Price Book,USD
01tWC00000FCV4JYAX,601,Standard Price Book,USD
01tWC00000FCV4LYAX,399.76,Standard Price Book,USD
01tWC00000FCV4MYAX,1866.77,Standard Price Book,USD
01tWC00000FCV4PYAX,749,Standard Price Book,USD
01tWC00000FCV4RYAX,1138.48,Standard Price Book,USD
01tWC00000FCV4TYAX,166,Standard Price Book,USD
01tWC00000FCV4dYAH,10289,Standard Price Book,USD
01tWC00000FCV4fYAH,4116,Standard Price Book,USD
01tWC00000FiKdVYAV,3675,Standard Price Book,USD
01tWC00000DD14zYAD,275000,Fortra Derived Pricing,USD
01tWC00000DD15sYAD,149,Fortra Derived Pricing,USD
01tWC00000DD1BUYA1,325,Fortra Derived Pricing,USD
01tWC00000DD1o2YAD,595,Fortra Derived Pricing,USD
01tWC00000Fp0mvYAB,42000,Standard Price Book,USD
01tWC00000Fp0mwYAB,8500,Standard Price Book,USD
01tWC00000Fp0mxYAB,6200,Standard Price Book,USD
01tWC00000Fp0myYAB,68000,Standard Price Book,USD
01tWC00000Fp0mzYAB,22500,Standard Price Book,USD
01tWC00000Fp0n0YAB,8400,Standard Price Book,USD
01tWC00000Fp0n1YAB,18500,Standard Price Book,USD
01tWC00000Fp0n2YAB,6200,Standard Price Book,USD
01tWC00000Fp0n3YAB,225,Standard Price Book,USD
01tWC00000Fp0n4YAB,4500,Standard Price Book,USD
01tWC00000Fp0n5YAB,3200,Standard Price Book,USD
01tWC00000DD1R9YAL,11487,Fortra Price Book,USD
01tWC00000DD1RBYA1,6318,Fortra Price Book,USD
01tWC00000DD1RDYA1,11487,Fortra Price Book,USD
01tWC00000DD1RFYA1,6318,Fortra Price Book,USD
01tWC00000DD1RVYA1,4000,Fortra Price Book,USD
01tWC00000DD1RXYA1,6239,Fortra Price Book,USD
01tWC00000DD1RZYA1,3431.6,Fortra Price Book,USD
01tWC00000DD1RaYAL,2500,Fortra Price Book,USD
01tWC00000DD1RcYAL,2175,Fortra Price Book,USD
01tWC00000DD1ReYAL,1196,Fortra Price Book,USD
01tWC00000DD1RhYAL,15372,Fortra Price Book,USD
01tWC00000DD1RiYAL,8455,Fortra Price Book,USD
01tWC00000DD1RlYAL,819,Fortra Price Book,USD
01tWC00000DD1RnYAL,450,Fortra Price Book,USD
01tWC00000DD09iYAD,36,Fortra Price Book,USD
01tWC00000DD09jYAD,36,Fortra Price Book,USD
01tWC00000DD09nYAD,4088,Fortra Price Book,USD
01tWC00000DD09pYAD,2248,Fortra Price Book,USD
01tWC00000DD09rYAD,3119,Fortra Price Book,USD
01tWC00000DD09tYAD,1715.85,Fortra Price Book,USD
01tWC00000DD09vYAD,2691,Fortra Price Book,USD
01tWC00000DD09xYAD,1480.05,Fortra Price Book,USD
01tWC00000DD09zYAD,3119,Fortra Price Book,USD
01tWC00000DD0A1YAL,1715.85,Fortra Price Book,USD
01tWC00000DD0A3YAL,15750,Fortra Price Book,USD
01tWC00000DD0A5YAL,8663,Fortra Price Book,USD
01tWC00000DD0AIYA1,1470,Fortra Price Book,USD
01tWC00000DD0AKYA1,809,Fortra Price Book,USD
01tWC00000DD0AMYA1,2800,Fortra Price Book,USD
01tWC00000DD0AOYA1,1540,Fortra Price Book,USD
01tWC00000DD0AQYA1,1575,Fortra Price Book,USD
01tWC00000DD0ASYA1,866,Fortra Price Book,USD
01tWC00000DD0AUYA1,9800,Fortra Price Book,USD
01tWC00000DD0AWYA1,5390,Fortra Price Book,USD
01tWC00000DD0AYYA1,490,Fortra Price Book,USD
01tWC00000DD0AaYAL,270,Fortra Price Book,USD
01tWC00000DD0AcYAL,118.18,Fortra Price Book,USD
01tWC00000DD0AeYAL,65,Fortra Price Book,USD
01tWC00000DD0AgYAL,11.82,Fortra Price Book,USD
01tWC00000DD0AiYAL,6.5,Fortra Price Book,USD
01tWC00000DD0AkYAL,11.82,Fortra Price Book,USD
01tWC00000DD0AmYAL,6.5,Fortra Price Book,USD
01tWC00000DD1TSYA1,11.82,Fortra Price Book,USD
01tWC00000DD1TUYA1,6.5,Fortra Price Book,USD
01tWC00000DD1TWYA1,23.63,Fortra Price Book,USD
01tWC00000DD1TYYA1,13,Fortra Price Book,USD
01tWC00000DD1TaYAL,2600,Fortra Price Book,USD
01tWC00000DD1TcYAL,1430,Fortra Price Book,USD
01tWC00000DD1TkYAL,6.5,Fortra Price Book,USD
01tWC00000DD1TlYAL,2000,Fortra Price Book,USD
01tWC00000DD1TmYAL,2000,Fortra Price Book,USD
01tWC00000DD1ToYAL,27.95,Fortra Price Book,USD
01tWC00000DD1TvYAL,9500,Fortra Price Book,USD
01tWC00000DD1U5YAL,2500,Fortra Price Book,USD
01tWC00000DD1U7YAL,1000,Fortra Price Book,USD
01tWC00000DD1U8YAL,1000,Fortra Price Book,USD
01tWC00000DD1UAYA1,780,Fortra Price Book,USD
01tWC00000DD1UCYA1,429,Fortra Price Book,USD
01tWC00000DD1UDYA1,2000,Fortra Price Book,USD
01tWC00000DD1UEYA1,4957,Fortra Price Book,USD
01tWC00000DD1UFYA1,2800,Fortra Price Book,USD
01tWC00000DD1UHYA1,4620,Fortra Price Book,USD
01tWC00000DD1EfYAL,19000,Fortra Price Book,AUD
01tWC00000DD1EfYAL,16875,Fortra Price Book,CAD
01tWC00000DD1EfYAL,11500,Fortra Price Book,EUR
01tWC00000DD1EfYAL,9875,Fortra Price Book,GBP
01tWC00000FBbihYAD,12500,Fortra Price Book,USD
01tWC00000DD1EgYAL,4180,Fortra Price Book,AUD
01tWC00000DD1EgYAL,3712.5,Fortra Price Book,CAD
01tWC00000DD1EgYAL,2530,Fortra Price Book,EUR
01tWC00000DD1EgYAL,2172.5,Fortra Price Book,GBP
01tWC00000FBbiGYAT,2750,Fortra Price Book,USD
01tWC00000DD1EhYAL,9021.2,Fortra Price Book,AUD
01tWC00000DD1EhYAL,8012.25,Fortra Price Book,CAD
01tWC00000DD1EhYAL,5460.2,Fortra Price Book,EUR
01tWC00000DD1EhYAL,4688.65,Fortra Price Book,GBP
01tWC00000FBbiHYAT,9021.2,Fortra Price Book,USD
01tWC00000DD1EkYAL,18240,Fortra Price Book,AUD
01tWC00000DD1EkYAL,16200,Fortra Price Book,CAD
01tWC00000DD1EkYAL,11040,Fortra Price Book,EUR
01tWC00000DD1EkYAL,9480,Fortra Price Book,GBP
01tWC00000FBbiKYAT,12000,Fortra Price Book,USD
01tWC00000DD1ElYAL,83600,Fortra Price Book,AUD
01tWC00000DD1ElYAL,74250,Fortra Price Book,CAD
01tWC00000DD1ElYAL,50600,Fortra Price Book,EUR
01tWC00000DD1ElYAL,43450,Fortra Price Book,GBP
01tWC00000FBbiLYAT,83600,Fortra Price Book,USD
01tWC00000DCyyNYAT,12160,Fortra Price Book,AUD
01tWC00000DCyyNYAT,10800,Fortra Price Book,CAD
01tWC00000DCyyNYAT,7360,Fortra Price Book,EUR
01tWC00000DCyyNYAT,6320,Fortra Price Book,GBP
01tWC00000DCyyLYAT,18734,Fortra Price Book,AUD
01tWC00000DCyyLYAT,16638.75,Fortra Price Book,CAD
01tWC00000DCyyLYAT,11339,Fortra Price Book,EUR
01tWC00000DCyyLYAT,9736.75,Fortra Price Book,GBP
01tWC00000DCyyPYAT,3800,Fortra Price Book,AUD
01tWC00000DCyyPYAT,3375,Fortra Price Book,CAD
01tWC00000DCyyPYAT,2300,Fortra Price Book,EUR
01tWC00000DCyyPYAT,1975,Fortra Price Book,GBP
01tWC00000FBYLtYAP,3375,Fortra Price Book,USD
01tWC00000FBdDrYAL,5250,Fortra Price Book,USD
01tWC00000DD1J9YAL,2634.16,Fortra Price Book,AUD
01tWC00000DD1J9YAL,2339.55,Fortra Price Book,CAD
01tWC00000DD1J9YAL,1594.36,Fortra Price Book,EUR
01tWC00000DD1J9YAL,1369.07,Fortra Price Book,GBP
01tWC00000DD1J7YAL,3283.2,Fortra Price Book,AUD
01tWC00000DD1J7YAL,2916,Fortra Price Book,CAD
01tWC00000DD1J7YAL,1987.2,Fortra Price Book,EUR
01tWC00000DD1J7YAL,1706.4,Fortra Price Book,GBP
01tWC00000FBdDvYAL,2160,Fortra Price Book,USD
01tWC00000DD1JAYA1,3800,Fortra Price Book,AUD
01tWC00000DD1JAYA1,3375,Fortra Price Book,CAD
01tWC00000DD1JAYA1,2300,Fortra Price Book,EUR
01tWC00000DD1JAYA1,1975,Fortra Price Book,GBP
01tWC00000DD1JBYA1,38000,Fortra Price Book,AUD
01tWC00000DD1JBYA1,33750,Fortra Price Book,CAD
01tWC00000DD1JBYA1,23000,Fortra Price Book,EUR
01tWC00000DD1JBYA1,19750,Fortra Price Book,GBP
01tWC00000DD1JFYA1,2634.16,Fortra Price Book,AUD
01tWC00000DD1JFYA1,2339.55,Fortra Price Book,CAD
01tWC00000DD1JFYA1,1594.36,Fortra Price Book,EUR
01tWC00000FBX3dYAH,53.2,Fortra Price Book,USD
01tWC00000FBX3dYAH,35,Fortra Price Book,USD
01tWC00000DD1K1YAL,152,Fortra Price Book,AUD
01tWC00000DD1K1YAL,135,Fortra Price Book,CAD
01tWC00000DD1K1YAL,92,Fortra Price Book,EUR
01tWC00000DD1K1YAL,79,Fortra Price Book,GBP
01tWC00000DD1K3YAL,60.8,Fortra Price Book,AUD
01tWC00000DD1K3YAL,54,Fortra Price Book,CAD
01tWC00000DD1K3YAL,36.8,Fortra Price Book,EUR
01tWC00000DD1K3YAL,31.6,Fortra Price Book,GBP
01tWC00000FBX3hYAH,60.8,Fortra Price Book,USD
01tWC00000FBX3hYAH,40,Fortra Price Book,USD
01tWC00000FBX3fYAH,152,Fortra Price Book,USD
01tWC00000FBX3fYAH,100,Fortra Price Book,USD
01tWC00000DD1K5YAL,250.8,Fortra Price Book,AUD
01tWC00000DD1K5YAL,222.75,Fortra Price Book,CAD
01tWC00000DD1K5YAL,151.8,Fortra Price Book,EUR
01tWC00000DD1K5YAL,130.35,Fortra Price Book,GBP
01tWC00000DD1K8YAL,98.8,Fortra Price Book,AUD
01tWC00000DD1K8YAL,87.75,Fortra Price Book,CAD
01tWC00000DD1K8YAL,59.8,Fortra Price Book,EUR
01tWC00000DD1K8YAL,51.35,Fortra Price Book,GBP
01tWC00000DD1K6YAL,245.78,Fortra Price Book,AUD
01tWC00000DD1K6YAL,218.3,Fortra Price Book,CAD
01tWC00000DD1K6YAL,148.76,Fortra Price Book,EUR
01tWC00000DD1K6YAL,127.74,Fortra Price Book,GBP
01tWC00000DD1K9YAL,96.82,Fortra Price Book,AUD
01tWC00000DD1K9YAL,86,Fortra Price Book,CAD
01tWC00000DD152YAD,6080,Fortra Price Book,AUD
01tWC00000DD152YAD,5400,Fortra Price Book,CAD
01tWC00000DD152YAD,3680,Fortra Price Book,EUR
01tWC00000DD152YAD,3160,Fortra Price Book,GBP
01tWC00000DD0AKYA1,1229.68,Fortra Price Book,AUD
01tWC00000DD0AKYA1,1092.15,Fortra Price Book,CAD
01tWC00000DD0AKYA1,744.28,Fortra Price Book,EUR
01tWC00000DD0AKYA1,639.11,Fortra Price Book,GBP
01tWC00000DD0AIYA1,2234.4,Fortra Price Book,AUD
01tWC00000DD0AIYA1,1984.5,Fortra Price Book,CAD
01tWC00000DD0AIYA1,1352.4,Fortra Price Book,EUR
01tWC00000DD0AIYA1,1161.3,Fortra Price Book,GBP
01tWC00000DD0AMYA1,4256,Fortra Price Book,AUD
01tWC00000DD0AMYA1,3780,Fortra Price Book,CAD
01tWC00000DD0AMYA1,2576,Fortra Price Book,EUR
01tWC00000DD0AMYA1,2212,Fortra Price Book,GBP
01tWC00000DD0AOYA1,2340.8,Fortra Price Book,AUD
01tWC00000DD0AOYA1,2079,Fortra Price Book,CAD
01tWC00000DD0AOYA1,1416.8,Fortra Price Book,EUR
01tWC00000DD0AOYA1,1216.6,Fortra Price Book,GBP
01tWC00000DD0ASYA1,1316.32,Fortra Price Book,AUD
01tWC00000DD0ASYA1,1169.1,Fortra Price Book,CAD
01tWC00000DD0ASYA1,796.72,Fortra Price Book,EUR
01tWC00000DD0ASYA1,684.14,Fortra Price Book,GBP
01tWC00000DD0AQYA1,2394,Fortra Price Book,AUD
01tWC00000DD1pCYAT,2809.87,Fortra Price Book,AUD
01tWC00000DD1pCYAT,2495.61,Fortra Price Book,CAD
01tWC00000DD1pCYAT,1700.71,Fortra Price Book,EUR
01tWC00000DD1pCYAT,1460.39,Fortra Price Book,GBP
01tWC00000FBWVRYA5,99,Fortra Price Book,USD
01tWC00000FBWVTYA5,1848.6,Fortra Price Book,USD
01tWC00000FBWVQYA5,34.96,Fortra Price Book,USD
01tWC00000FBWVSYA5,31.05,Fortra Price Book,USD
01tWC00000DD1pJYAT,2872.8,Fortra Price Book,AUD
01tWC00000DD1pJYAT,2551.5,Fortra Price Book,CAD
01tWC00000DD1pJYAT,1738.8,Fortra Price Book,EUR
01tWC00000DD1pJYAT,1493.1,Fortra Price Book,GBP
01tWC00000DD1pHYAT,150.48,Fortra Price Book,AUD
01tWC00000DD1pHYAT,133.65,Fortra Price Book,CAD
01tWC00000DD1pHYAT,91.08,Fortra Price Book,EUR
01tWC00000DD1pHYAT,78.21,Fortra Price Book,GBP
01tWC00000FBWVXYA5,2872.8,Fortra Price Book,USD
01tWC00000FBWVVYA5,99,Fortra Price Book,USD
01tWC00000FBWVUYA5,18.17,Fortra Price Book,USD
01tWC00000FBWVWYA5,23,Fortra Price Book,USD
01tWC00000DD10PYAT,3750,Fortra Price Book,USD
01tWC00000DD10QYAT,2000,Fortra Price Book,USD
01tWC00000DD10RYAT,45360,Fortra Price Book,USD
01tWC00000DD10TYAT,9200,Fortra Price Book,USD
01tWC00000DD10UYAT,120,Fortra Price Book,USD
01tWC00000DD2SkYAL,47.27,Fortra Price Book,USD
01tWC00000DD10ZYAT,19500,Fortra Price Book,USD
01tWC00000DD10aYAD,26,Fortra Price Book,USD
01tWC00000DD10bYAD,19.5,Fortra Price Book,USD
01tWC00000DD10cYAD,32051.25,Fortra Price Book,USD
01tWC00000DD10dYAD,4070,Fortra Price Book,USD
01tWC00000DD10eYAD,2888,Fortra Price Book,USD
01tWC00000DD10fYAD,150,Fortra Price Book,USD
01tWC00000DD10gYAD,1080,Fortra Price Book,USD
01tWC00000DD10jYAD,22500,Fortra Price Book,USD
01tWC00000DD10kYAD,166,Fortra Price Book,USD
01tWC00000DD10lYAD,137,Fortra Price Book,USD
01tWC00000DD2SlYAL,20500,Fortra Price Book,USD
01tWC00000DD10oYAD,369,Fortra Price Book,USD
01tWC00000DD10pYAD,236.25,Fortra Price Book,USD
01tWC00000DD10sYAD,1246,Fortra Price Book,USD
01tWC00000DD10tYAD,2615,Fortra Price Book,USD
01tWC00000DD10uYAD,5508,Fortra Price Book,USD
01tWC00000DD10wYAD,368,Fortra Price Book,USD
01tWC00000DD10xYAD,935,Fortra Price Book,USD
01tWC00000DD110YAD,935,Fortra Price Book,USD
01tWC00000DD111YAD,3,Fortra Price Book,USD
01tWC00000DD112YAD,72,Fortra Price Book,USD
01tWC00000DD113YAD,300,Fortra Price Book,USD
01tWC00000DD115YAD,15000,Fortra Price Book,USD
01tWC00000DD117YAD,3675,Fortra Price Book,USD
01tWC00000DD119YAD,2021.25,Fortra Price Book,USD
01tWC00000DD11BYAT,3240,Fortra Price Book,USD
01tWC00000DD11EYAT,2200,Fortra Price Book,USD
01tWC00000DD11GYAT,46,Fortra Price Book,USD
01tWC00000DD11HYAT,1,Fortra Price Book,USD
01tWC00000DD11IYAT,3000,Fortra Price Book,USD
01tWC00000DD11JYAT,94000,Fortra Price Book,USD
01tWC00000DD11KYAT,3,Fortra Price Book,USD
01tWC00000DD11LYAT,9,Fortra Price Book,USD
01tWC00000DD11SYAT,10000,Fortra Price Book,USD
01tWC00000DD11UYAT,41,Fortra Price Book,USD
01tWC00000DD11VYAT,2100,Fortra Price Book,USD
01tWC00000DD11WYAT,14700,Fortra Price Book,USD
01tWC00000DD11YYAT,3150,Fortra Price Book,USD
01tWC00000DD11ZYAT,124,Fortra Price Book,USD
01tWC00000DD11cYAD,2850,Fortra Price Book,USD
01tWC00000DD11eYAD,1568,Fortra Price Book,USD
01tWC00000DD11iYAD,15,Fortra Price Book,USD
01tWC00000DD11mYAD,41,Fortra Price Book,USD
01tWC00000DD11nYAD,5690.4,Fortra Price Book,USD
01tWC00000DD11qYAD,8820,Fortra Price Book,USD
01tWC00000DD11rYAD,46,Fortra Price Book,USD
01tWC00000DD11uYAD,4200,Fortra Price Book,USD
01tWC00000DD11wYAD,2310,Fortra Price Book,USD
01tWC00000DD11xYAD,12000,Fortra Price Book,USD
01tWC00000DD11yYAD,10000,Fortra Price Book,USD
01tWC00000DD11zYAD,10000,Fortra Price Book,USD
01tWC00000DD120YAD,4500,Fortra Price Book,USD
01tWC00000DD122YAD,7000,Fortra Price Book,USD
01tWC00000DD124YAD,124,Fortra Price Book,USD
01tWC00000DD12BYAT,6000,Fortra Price Book,USD
01tWC00000DD12DYAT,5000,Fortra Price Book,USD
01tWC00000DD12FYAT,2750,Fortra Price Book,USD
01tWC00000DD12JYAT,137,Fortra Price Book,USD
01tWC00000DD12LYAT,500,Fortra Price Book,USD
01tWC00000DD12NYAT,275,Fortra Price Book,USD
01tWC00000DD12RYAT,140,Fortra Price Book,USD
01tWC00000DD12TYAT,1000,Fortra Price Book,USD
01tWC00000DD12VYAT,550,Fortra Price Book,USD
01tWC00000DD12XYAT,500,Fortra Price Book,USD
01tWC00000DD12ZYAT,275,Fortra Price Book,USD
01tWC00000DD12bYAD,1500,Fortra Price Book,USD
01tWC00000DD12dYAD,825,Fortra Price Book,USD
01tWC00000DD12fYAD,15000,Fortra Price Book,USD
01tWC00000DD12hYAD,8250,Fortra Price Book,USD
01tWC00000DD12mYAD,2750,Fortra Price Book,USD
01tWC00000DD12oYAD,1000,Fortra Price Book,USD
01tWC00000DD12qYAD,550,Fortra Price Book,USD
01tWC00000DD12sYAD,500,Fortra Price Book,USD
01tWC00000DD12uYAD,275,Fortra Price Book,USD
01tWC00000DD12wYAD,500,Fortra Price Book,USD
01tWC00000DD12yYAD,275,Fortra Price Book,USD
01tWC00000DD130YAD,200,Fortra Price Book,USD
01tWC00000DD132YAD,110,Fortra Price Book,USD
01tWC00000DD13AYAT,8250,Fortra Price Book,USD
01tWC00000DD13CYAT,4915,Fortra Price Book,USD
01tWC00000DD13EYAT,2703,Fortra Price Book,USD
01tWC00000DD13GYAT,5000,Fortra Price Book,USD
01tWC00000DD13IYAT,4088,Fortra Price Book,USD
01tWC00000DD13KYAT,2248,Fortra Price Book,USD
01tWC00000DD13LYAT,21.6,Fortra Price Book,USD
01tWC00000DD13NYAT,13860,Fortra Price Book,USD
01tWC00000DD13PYAT,7623,Fortra Price Book,USD
01tWC00000DD13RYAT,2100,Fortra Price Book,USD
01tWC00000DD13TYAT,1155,Fortra Price Book,USD
01tWC00000DD13UYAT,1250,Fortra Price Book,USD
01tWC00000DD13WYAT,736,Fortra Price Book,USD
01tWC00000DD13YYAT,50.4,Fortra Price Book,USD
01tWC00000DD13dYAD,3024,Fortra Price Book,USD
01tWC00000DD13eYAD,1663,Fortra Price Book,USD
01tWC00000DD13hYAD,1575,Fortra Price Book,USD
01tWC00000DD13jYAD,866,Fortra Price Book,USD
01tWC00000DD13lYAD,3675,Fortra Price Book,USD
01tWC00000DD13nYAD,2021,Fortra Price Book,USD
01tWC00000DD13oYAD,1000,Fortra Price Book,USD
01tWC00000DD13qYAD,6000,Fortra Price Book,USD
01tWC00000DD13sYAD,3600,Fortra Price Book,USD
01tWC00000DD13tYAD,3000,Fortra Price Book,USD
01tWC00000DD13uYAD,500,Fortra Price Book,USD
01tWC00000DD13vYAD,3000,Fortra Price Book,USD
01tWC00000DD13xYAD,7000,Fortra Price Book,USD
01tWC00000DD13zYAD,3850,Fortra Price Book,USD
01tWC00000DD141YAD,1495,Fortra Price Book,USD
01tWC00000DD143YAD,822,Fortra Price Book,USD
01tWC00000DD145YAD,1500,Fortra Price Book,USD
01tWC00000DD147YAD,825,Fortra Price Book,USD
01tWC00000DD148YAD,12000,Fortra Price Book,USD
01tWC00000DD149YAD,3000,Fortra Price Book,USD
01tWC00000DD14BYAT,3495,Fortra Price Book,USD
01tWC00000DD14DYAT,1922,Fortra Price Book,USD
01tWC00000DD14EYAT,4000,Fortra Price Book,USD
01tWC00000DD14FYAT,250,Fortra Price Book,USD
01tWC00000DD14HYAT,19305,Fortra Price Book,USD
01tWC00000DD14JYAT,21450,Fortra Price Book,USD
01tWC00000DD14OYAT,4000,Fortra Price Book,USD
01tWC00000DD14SYAT,1600,Fortra Price Book,USD
01tWC00000DD14TYAT,2000,Fortra Price Book,USD
01tWC00000DD14UYAT,2400,Fortra Price Book,USD
01tWC00000DD14aYAD,12500,Fortra Price Book,USD
01tWC00000DD14cYAD,6875,Fortra Price Book,USD
01tWC00000DD14dYAD,58000,Fortra Price Book,USD
01tWC00000DD14eYAD,3000,Fortra Price Book,USD
01tWC00000DD14fYAD,750,Fortra Price Book,USD
01tWC00000DD14gYAD,2000,Fortra Price Book,USD
01tWC00000DD14hYAD,500,Fortra Price Book,USD
01tWC00000DD14jYAD,4000,Fortra Price Book,USD
01tWC00000DD14lYAD,2400,Fortra Price Book,USD
01tWC00000DD14nYAD,1200,Fortra Price Book,USD
01tWC00000DD14pYAD,660,Fortra Price Book,USD
01tWC00000DD14qYAD,5000,Fortra Price Book,USD
01tWC00000DD14rYAD,200,Fortra Price Book,USD
01tWC00000DD14sYAD,10000,Fortra Price Book,USD
01tWC00000DD14uYAD,1495,Fortra Price Book,USD
01tWC00000DD14zYAD,275000,Fortra Price Book,USD
01tWC00000DD151YAD,150000,Fortra Price Book,USD
01tWC00000DD152YAD,4000,Fortra Price Book,USD
01tWC00000DD153YAD,500,Fortra Price Book,USD
01tWC00000DD154YAD,6600,Fortra Price Book,USD
01tWC00000DD155YAD,900,Fortra Price Book,USD
01tWC00000DD157YAD,1575,Fortra Price Book,USD
01tWC00000DD159YAD,866.25,Fortra Price Book,USD
01tWC00000DD15BYAT,5775,Fortra Price Book,USD
01tWC00000DD15DYAT,3176.25,Fortra Price Book,USD
01tWC00000DD15EYAT,5000,Fortra Price Book,USD
01tWC00000DD15FYAT,824,Fortra Price Book,USD
01tWC00000DD15GYAT,60000,Fortra Price Book,USD
01tWC00000DD15HYAT,60000,Fortra Price Book,USD
01tWC00000DD15IYAT,1000,Fortra Price Book,USD
01tWC00000DD15JYAT,49,Fortra Price Book,USD
01tWC00000DD15LYAT,4000,Fortra Price Book,USD
01tWC00000DD15NYAT,5299,Fortra Price Book,USD
01tWC00000DD15PYAT,2914,Fortra Price Book,USD
01tWC00000DD15QYAT,35.55,Fortra Price Book,USD
01tWC00000DD15RYAT,12500,Fortra Price Book,USD
01tWC00000DD15UYAT,275,Fortra Price Book,USD
01tWC00000DD15gYAD,2000,Fortra Price Book,USD
01tWC00000DD15iYAD,500,Fortra Price Book,USD
01tWC00000DD15jYAD,26,Fortra Price Book,USD
01tWC00000DD15kYAD,14,Fortra Price Book,USD
01tWC00000DD15lYAD,50,Fortra Price Book,USD
01tWC00000DD15mYAD,50,Fortra Price Book,USD
01tWC00000DD15nYAD,14,Fortra Price Book,USD
01tWC00000DD15oYAD,50,Fortra Price Book,USD
01tWC00000DD15sYAD,149,Fortra Price Book,USD
01tWC00000DD1BSYA1,625,Fortra Price Book,USD
01tWC00000DD1BUYA1,325,Fortra Price Book,USD
01tWC00000DD1BWYA1,1645,Fortra Price Book,USD
01tWC00000DD1BYYA1,895,Fortra Price Book,USD
01tWC00000DD1BcYAL,4.8,Fortra Price Book,USD
01tWC00000DD1BdYAL,16900,Fortra Price Book,USD
01tWC00000DD1BeYAL,70000,Fortra Price Book,USD
01tWC00000DD1BgYAL,3.3,Fortra Price Book,USD
01tWC00000DD1BiYAL,50000,Fortra Price Book,USD
01tWC00000DD1BkYAL,33200,Fortra Price Book,USD
01tWC00000DD1BmYAL,19900,Fortra Price Book,USD
01tWC00000DD1BnYAL,3.3,Fortra Price Book,USD
01tWC00000DD1BoYAL,1.6,Fortra Price Book,USD
01tWC00000DD1C1YAL,19.5,Fortra Price Book,USD
01tWC00000DD1C7YAL,1930,Fortra Price Book,USD
01tWC00000DD1C9YAL,1062,Fortra Price Book,USD
01tWC00000DD1CBYA1,360,Fortra Price Book,USD
01tWC00000DD1CEYA1,2600,Fortra Price Book,USD
01tWC00000DD1CFYA1,1137,Fortra Price Book,USD
01tWC00000DD1CHYA1,6594,Fortra Price Book,USD
01tWC00000DD1CIYA1,9027.6,Fortra Price Book,USD
01tWC00000DD1CKYA1,4066.8,Fortra Price Book,USD
01tWC00000DD1CNYA1,14638.8,Fortra Price Book,USD
01tWC00000DD1COYA1,8044.8,Fortra Price Book,USD
01tWC00000DD1CbYAL,36000,Fortra Price Book,USD
01tWC00000DD1CcYAL,225,Fortra Price Book,USD
01tWC00000DD1CeYAL,3500,Fortra Price Book,USD
01tWC00000DD1CfYAL,975,Fortra Price Book,USD
01tWC00000DD1CgYAL,1,Fortra Price Book,USD
01tWC00000DD1CiYAL,7731,Fortra Price Book,USD
01tWC00000DD1ClYAL,17730,Fortra Price Book,USD
01tWC00000DD1CoYAL,1800,Fortra Price Book,USD
01tWC00000DD1CrYAL,11802,Fortra Price Book,USD
01tWC00000DD1CuYAL,12261,Fortra Price Book,USD
01tWC00000DD1CxYAL,995,Fortra Price Book,USD
01tWC00000DD1D3YAL,1000,Fortra Price Book,USD
01tWC00000DD1D9YAL,16.55,Fortra Price Book,USD
01tWC00000DD1DBYA1,9.1,Fortra Price Book,USD
01tWC00000DD1DDYA1,16.55,Fortra Price Book,USD
01tWC00000DD1DFYA1,9.1,Fortra Price Book,USD
01tWC00000DD1DHYA1,16.55,Fortra Price Book,USD
01tWC00000DD1DJYA1,9.1,Fortra Price Book,USD
01tWC00000DD1DNYA1,16.55,Fortra Price Book,USD
01tWC00000DD1DPYA1,9.1,Fortra Price Book,USD
01tWC00000DD1DSYA1,7500,Fortra Price Book,USD
01tWC00000DD1DUYA1,4125,Fortra Price Book,USD
01tWC00000DD1DfYAL,5000,Fortra Price Book,USD
01tWC00000DD1DhYAL,240,Fortra Price Book,USD
01tWC00000DD1DjYAL,92.4,Fortra Price Book,USD
01tWC00000DD1DoYAL,500,Fortra Price Book,USD
01tWC00000DD1DqYAL,955.65,Fortra Price Book,USD
01tWC00000DD1DrYAL,65,Fortra Price Book,USD
01tWC00000DD1DsYAL,61.44,Fortra Price Book,USD
01tWC00000DD1DtYAL,27354,Fortra Price Book,USD
01tWC00000DD1DuYAL,1554,Fortra Price Book,USD
01tWC00000DD1DvYAL,777,Fortra Price Book,USD
01tWC00000DD1E0YAL,27354,Fortra Price Book,USD
01tWC00000DD1E1YAL,16868.4,Fortra Price Book,USD
01tWC00000DD1E3YAL,1554,Fortra Price Book,USD
01tWC00000DD1E4YAL,958.8,Fortra Price Book,USD
01tWC00000DD1E5YAL,5994,Fortra Price Book,USD
01tWC00000DD1E8YAL,5176.8,Fortra Price Book,USD
01tWC00000DD1EAYA1,8394,Fortra Price Book,USD
01tWC00000DD1ECYA1,2999,Fortra Price Book,USD
01tWC00000DD1EDYA1,2400,Fortra Price Book,USD
01tWC00000DD1EHYA1,9598.8,Fortra Price Book,USD
01tWC00000DD1EJYA1,5916,Fortra Price Book,USD
01tWC00000DD1EMYA1,1624.8,Fortra Price Book,USD
01tWC00000DD1EOYA1,2634,Fortra Price Book,USD
01tWC00000DD1EQYA1,15750,Fortra Price Book,USD
01tWC00000DD1EWYA1,6000,Fortra Price Book,USD
01tWC00000DD1EYYA1,2750,Fortra Price Book,USD
01tWC00000DD1EZYA1,11998.8,Fortra Price Book,USD
01tWC00000DD1EbYAL,5500,Fortra Price Book,USD
01tWC00000DD1EdYAL,6500,Fortra Price Book,USD
01tWC00000DD1EfYAL,12500,Fortra Price Book,USD
01tWC00000DD1EgYAL,2750,Fortra Price Book,USD
01tWC00000DD1EhYAL,5935,Fortra Price Book,USD
01tWC00000DD1EkYAL,12000,Fortra Price Book,USD
01tWC00000DD1ElYAL,55000,Fortra Price Book,USD
01tWC00000DD1EmYAL,24000,Fortra Price Book,USD
01tWC00000DD1EsYAL,1074,Fortra Price Book,USD
01tWC00000DD1EtYAL,662.4,Fortra Price Book,USD
01tWC00000DD1EvYAL,2814,Fortra Price Book,USD
01tWC00000DD1ExYAL,1735.2,Fortra Price Book,USD
01tWC00000DD1EzYAL,4794,Fortra Price Book,USD
01tWC00000DD1F3YAL,414,Fortra Price Book,USD
01tWC00000DD1F7YAL,1074,Fortra Price Book,USD
01tWC00000DD1F9YAL,662.4,Fortra Price Book,USD
01tWC00000DD1FBYA1,1194,Fortra Price Book,USD
01tWC00000DD1FCYA1,736.8,Fortra Price Book,USD
01tWC00000DD1FEYA1,4595,Fortra Price Book,USD
01tWC00000DD1FGYA1,1106.4,Fortra Price Book,USD
01tWC00000DD1FKYA1,4794,Fortra Price Book,USD
01tWC00000DD1FLYA1,2956.8,Fortra Price Book,USD
01tWC00000DD1FPYA1,3995,Fortra Price Book,USD
01tWC00000DD1FQYA1,2464,Fortra Price Book,USD
01tWC00000DD1FVYA1,1074,Fortra Price Book,USD
01tWC00000DD1FXYA1,662.4,Fortra Price Book,USD
01tWC00000DD1FYYA1,7995,Fortra Price Book,USD
01tWC00000DD1FaYAL,1995,Fortra Price Book,USD
01tWC00000DD1FeYAL,2634,Fortra Price Book,USD
01tWC00000DD1FgYAL,1624.8,Fortra Price Book,USD
01tWC00000DD1FhYAL,15750,Fortra Price Book,USD
01tWC00000DD1FkYAL,2211,Fortra Price Book,USD
01tWC00000DD1FlYAL,1794,Fortra Price Book,USD
01tWC00000DD1FoYAL,5495,Fortra Price Book,USD
01tWC00000DD1FpYAL,9228,Fortra Price Book,USD
01tWC00000DD1FrYAL,2500,Fortra Price Book,USD
01tWC00000DD1FuYAL,2992.5,Fortra Price Book,USD
01tWC00000DD1G0YAL,1074,Fortra Price Book,USD
01tWC00000DD1G1YAL,662.4,Fortra Price Book,USD
01tWC00000DD1G2YAL,3515,Fortra Price Book,USD
01tWC00000DD1G6YAL,333,Fortra Price Book,USD
01tWC00000DD1GBYA1,3995,Fortra Price Book,USD
01tWC00000DD1GCYA1,2464,Fortra Price Book,USD
01tWC00000DD1GDYA1,2065,Fortra Price Book,USD
01tWC00000DD1GEYA1,3515,Fortra Price Book,USD
01tWC00000DD1GGYA1,5495,Fortra Price Book,USD
01tWC00000DD1GIYA1,4066.8,Fortra Price Book,USD
01tWC00000DD1GKYA1,1497,Fortra Price Book,USD
01tWC00000DD1GcYAL,1575,Fortra Price Book,USD
01tWC00000DD1GeYAL,866.25,Fortra Price Book,USD
01tWC00000DD1GjYAL,5775,Fortra Price Book,USD
01tWC00000DD1GlYAL,3176.25,Fortra Price Book,USD
01tWC00000DD1GoYAL,2925,Fortra Price Book,USD
01tWC00000DD1GvYAL,12000,Fortra Price Book,USD
01tWC00000DD1GwYAL,5000,Fortra Price Book,USD
01tWC00000DD1GxYAL,1495,Fortra Price Book,USD
01tWC00000DD1GzYAL,2275,Fortra Price Book,USD
01tWC00000DD1H0YAL,3500,Fortra Price Book,USD
01tWC00000DD1H1YAL,4000,Fortra Price Book,USD
01tWC00000DD1H2YAL,6.5,Fortra Price Book,USD
01tWC00000DD1H3YAL,39,Fortra Price Book,USD
01tWC00000DD1H4YAL,15,Fortra Price Book,USD
01tWC00000DD1H6YAL,2500,Fortra Price Book,USD
01tWC00000DD1H8YAL,1375,Fortra Price Book,USD
01tWC00000DD1HAYA1,250,Fortra Price Book,USD
01tWC00000DD1HCYA1,138,Fortra Price Book,USD
01tWC00000DD1HEYA1,2500,Fortra Price Book,USD
01tWC00000DD1HGYA1,1375,Fortra Price Book,USD
01tWC00000DD1HIYA1,2500,Fortra Price Book,USD
01tWC00000DD1HKYA1,1000,Fortra Price Book,USD
01tWC00000DD1HMYA1,2772,Fortra Price Book,USD
01tWC00000DD1HNYA1,1525,Fortra Price Book,USD
01tWC00000DD1HUYA1,2625,Fortra Price Book,USD
01tWC00000DD1HWYA1,1443.75,Fortra Price Book,USD
01tWC00000DD15uYAD,93,Fortra Price Book,USD
01tWC00000DD15vYAD,48,Fortra Price Book,USD
01tWC00000DD15xYAD,199,Fortra Price Book,USD
01tWC00000DD15zYAD,124,Fortra Price Book,USD
01tWC00000DD160YAD,10,Fortra Price Book,USD
01tWC00000DD162YAD,40,Fortra Price Book,USD
01tWC00000DD164YAD,23,Fortra Price Book,USD
01tWC00000DD165YAD,17,Fortra Price Book,USD
01tWC00000DD167YAD,69,Fortra Price Book,USD
01tWC00000DD169YAD,42,Fortra Price Book,USD
01tWC00000DD16EYAT,12000,Fortra Price Book,USD
01tWC00000DD16GYAT,7440,Fortra Price Book,USD
01tWC00000DD16IYAT,2008,Fortra Price Book,USD
01tWC00000DD16KYAT,16620,Fortra Price Book,USD
01tWC00000DD16MYAT,34750,Fortra Price Book,USD
01tWC00000DD16OYAT,21540,Fortra Price Book,USD
01tWC00000DD16RYAT,4200,Fortra Price Book,USD
01tWC00000DD16TYAT,895,Fortra Price Book,USD
01tWC00000DD16UYAT,2340,Fortra Price Book,USD
01tWC00000DD16VYAT,2340,Fortra Price Book,USD
01tWC00000DD16WYAT,275,Fortra Price Book,USD
01tWC00000DD16XYAT,49,Fortra Price Book,USD
01tWC00000DD16aYAD,1823,Fortra Price Book,USD
01tWC00000DD16cYAD,1003.05,Fortra Price Book,USD
01tWC00000DD16jYAD,5000,Fortra Price Book,USD
01tWC00000DD16lYAD,2200,Fortra Price Book,USD
01tWC00000DD16nYAD,2500,Fortra Price Book,USD
01tWC00000DD16pYAD,1000,Fortra Price Book,USD
01tWC00000DD17PYAT,2180,Fortra Price Book,USD
01tWC00000DD17QYAT,1198.8,Fortra Price Book,USD
01tWC00000DD17RYAT,500,Fortra Price Book,USD
01tWC00000DD17TYAT,2520,Fortra Price Book,USD
01tWC00000DD17UYAT,1386,Fortra Price Book,USD
01tWC00000DD17XYAT,2394,Fortra Price Book,USD
01tWC00000DD17ZYAT,1476,Fortra Price Book,USD
01tWC00000DD17aYAD,2500,Fortra Price Book,USD
01tWC00000DD17bYAD,10000,Fortra Price Book,USD
01tWC00000DD17cYAD,5900,Fortra Price Book,USD
01tWC00000DD17gYAD,600,Fortra Price Book,USD
01tWC00000DD17hYAD,850,Fortra Price Book,USD
01tWC00000DD17iYAD,350,Fortra Price Book,USD
01tWC00000DD17jYAD,10500,Fortra Price Book,USD
01tWC00000DD17lYAD,6132,Fortra Price Book,USD
01tWC00000DD17nYAD,3373,Fortra Price Book,USD
01tWC00000DD17oYAD,39.24,Fortra Price Book,USD
01tWC00000DD18GYAT,23.1,Fortra Price Book,USD
01tWC00000DD18IYAT,12.71,Fortra Price Book,USD
01tWC00000DD18OYAT,23.1,Fortra Price Book,USD
01tWC00000DD18RYAT,5.73,Fortra Price Book,USD
01tWC00000DD18UYAT,9.45,Fortra Price Book,USD
01tWC00000DD18WYAT,5.2,Fortra Price Book,USD
01tWC00000DD18YYAT,26250,Fortra Price Book,USD
01tWC00000DD18aYAD,14438,Fortra Price Book,USD
01tWC00000DD18cYAD,26250,Fortra Price Book,USD
01tWC00000DD18eYAD,14438,Fortra Price Book,USD
01tWC00000DD18hYAD,25000,Fortra Price Book,USD
01tWC00000DD18iYAD,29000,Fortra Price Book,USD
01tWC00000DD18jYAD,262.5,Fortra Price Book,USD
01tWC00000DD18kYAD,2362.5,Fortra Price Book,USD
01tWC00000DD18lYAD,1050,Fortra Price Book,USD
01tWC00000DD18mYAD,73500,Fortra Price Book,USD
01tWC00000DD18nYAD,138000,Fortra Price Book,USD
01tWC00000DD18qYAD,60000,Fortra Price Book,USD
01tWC00000DD18tYAD,7.88,Fortra Price Book,USD
01tWC00000DD18vYAD,4.33,Fortra Price Book,USD
01tWC00000DD191YAD,22.91,Fortra Price Book,USD
01tWC00000DD193YAD,12.6,Fortra Price Book,USD
01tWC00000DD195YAD,9450,Fortra Price Book,USD
01tWC00000DD199YAD,20000,Fortra Price Book,USD
01tWC00000DD19AYAT,5000,Fortra Price Book,USD
01tWC00000DD19CYAT,20000,Fortra Price Book,USD
01tWC00000DD19FYAT,2200,Fortra Price Book,USD
01tWC00000DD19HYAT,1210,Fortra Price Book,USD
01tWC00000DD19IYAT,1050,Fortra Price Book,USD
01tWC00000DD19JYAT,1000,Fortra Price Book,USD
01tWC00000DD19PYAT,135,Fortra Price Book,USD
01tWC00000DD19RYAT,59.99,Fortra Price Book,USD
01tWC00000DD19VYAT,350,Fortra Price Book,USD
01tWC00000DD19XYAT,2000,Fortra Price Book,USD
01tWC00000DD19ZYAT,2500,Fortra Price Book,USD
01tWC00000DD19bYAD,1375,Fortra Price Book,USD
01tWC00000DD19fYAD,250,Fortra Price Book,USD
01tWC00000DD19lYAD,250,Fortra Price Book,USD
01tWC00000DD19mYAD,360000,Fortra Price Book,USD
01tWC00000DD19nYAD,3500,Fortra Price Book,USD
01tWC00000DD19xYAD,3650,Fortra Price Book,USD
01tWC00000DD19zYAD,2008,Fortra Price Book,USD
01tWC00000DD1A1YAL,1095,Fortra Price Book,USD
01tWC00000DD1A3YAL,602,Fortra Price Book,USD
01tWC00000DD1A7YAL,12.1,Fortra Price Book,USD
01tWC00000DD1AAYA1,16.55,Fortra Price Book,USD
01tWC00000DD1ACYA1,9.1,Fortra Price Book,USD
01tWC00000DD1AEYA1,16.55,Fortra Price Book,USD
01tWC00000DD1AGYA1,9.1,Fortra Price Book,USD
01tWC00000DD1AIYA1,16.55,Fortra Price Book,USD
01tWC00000DD1AKYA1,9.1,Fortra Price Book,USD
01tWC00000DD1AMYA1,3640,Fortra Price Book,USD
01tWC00000DD1AOYA1,2002,Fortra Price Book,USD
01tWC00000DD1AQYA1,16.55,Fortra Price Book,USD
01tWC00000DD1ASYA1,9.1,Fortra Price Book,USD
01tWC00000DD1AUYA1,2500,Fortra Price Book,USD
01tWC00000DD1AWYA1,1000,Fortra Price Book,USD
01tWC00000DD1AbYAL,2100,Fortra Price Book,USD
01tWC00000DD1AdYAL,1155,Fortra Price Book,USD
01tWC00000DD1AeYAL,8000,Fortra Price Book,USD
01tWC00000DD1AfYAL,99000,Fortra Price Book,USD
01tWC00000DD1AgYAL,5000,Fortra Price Book,USD
01tWC00000DD1AhYAL,10000,Fortra Price Book,USD
01tWC00000DD1AiYAL,25000,Fortra Price Book,USD
01tWC00000DD1AjYAL,50000,Fortra Price Book,USD
01tWC00000DD1AkYAL,12,Fortra Price Book,USD
01tWC00000DD1AsYAL,100,Fortra Price Book,USD
01tWC00000DD1AuYAL,42,Fortra Price Book,USD
01tWC00000DD1AvYAL,3000,Fortra Price Book,USD
01tWC00000DD1AwYAL,50000,Fortra Price Book,USD
01tWC00000DD1B1YAL,1629,Fortra Price Book,USD
01tWC00000DD1B7YAL,6000,Fortra Price Book,USD
01tWC00000DD1B9YAL,3300,Fortra Price Book,USD
01tWC00000DD1BAYA1,1237.5,Fortra Price Book,USD
01tWC00000DD1BBYA1,577.5,Fortra Price Book,USD
01tWC00000DD1BCYA1,1237.5,Fortra Price Book,USD
01tWC00000DD1BEYA1,24760,Fortra Price Book,USD
01tWC00000DD1BGYA1,13618,Fortra Price Book,USD
01tWC00000DD1BOYA1,4495,Fortra Price Book,USD
01tWC00000DD1BQYA1,2340,Fortra Price Book,USD
01tWC00000DD1HhYAL,5965,Fortra Price Book,USD
01tWC00000DD1HjYAL,3281,Fortra Price Book,USD
01tWC00000DD1HkYAL,3314,Fortra Price Book,USD
01tWC00000DD1HlYAL,24000,Fortra Price Book,USD
01tWC00000DD1HxYAL,66,Fortra Price Book,USD
01tWC00000DD1I5YAL,595,Fortra Price Book,USD
01tWC00000DD1I9YAL,149,Fortra Price Book,USD
01tWC00000DD1ICYA1,199,Fortra Price Book,USD
01tWC00000DD1IFYA1,99,Fortra Price Book,USD
01tWC00000DD1IJYA1,199,Fortra Price Book,USD
01tWC00000DD1IOYA1,66,Fortra Price Book,USD
01tWC00000DD1ITYA1,199,Fortra Price Book,USD
01tWC00000DD1IXYA1,49,Fortra Price Book,USD
01tWC00000DD1IaYAL,99,Fortra Price Book,USD
01tWC00000DD1IeYAL,595,Fortra Price Book,USD
01tWC00000DD1IkYAL,5,Fortra Price Book,USD
01tWC00000DD1ImYAL,2888,Fortra Price Book,USD
01tWC00000DD1IrYAL,1500,Fortra Price Book,USD
01tWC00000DD1IvYAL,5250,Fortra Price Book,USD
01tWC00000DD1IxYAL,2888,Fortra Price Book,USD
01tWC00000DD1J3YAL,5250,Fortra Price Book,USD
01tWC00000DD1J5YAL,2888,Fortra Price Book,USD
01tWC00000DD1J7YAL,2160,Fortra Price Book,USD
01tWC00000DD1J9YAL,1733,Fortra Price Book,USD
01tWC00000DD1JAYA1,2500,Fortra Price Book,USD
01tWC00000DD1JBYA1,25000,Fortra Price Book,USD
01tWC00000DD1JDYA1,3150,Fortra Price Book,USD
01tWC00000DD1JFYA1,1733,Fortra Price Book,USD
01tWC00000DD1JIYA1,5250,Fortra Price Book,USD
01tWC00000DD1JKYA1,2888,Fortra Price Book,USD
01tWC00000DD1JMYA1,5250,Fortra Price Book,USD
01tWC00000DD1JOYA1,2888,Fortra Price Book,USD
01tWC00000DD1JPYA1,250,Fortra Price Book,USD
01tWC00000DD1JRYA1,3150,Fortra Price Book,USD
01tWC00000DD1JTYA1,1733,Fortra Price Book,USD
01tWC00000DD1JVYA1,11000,Fortra Price Book,USD
01tWC00000DD1JXYA1,6050,Fortra Price Book,USD
01tWC00000DD1JZYA1,10000,Fortra Price Book,USD
01tWC00000DD1JbYAL,5500,Fortra Price Book,USD
01tWC00000DD1JcYAL,2000,Fortra Price Book,USD
01tWC00000DD1JeYAL,149,Fortra Price Book,USD
01tWC00000DD13bYAD,7500,Fortra Price Book,USD
01tWC00000DD1JlYAL,2772,Fortra Price Book,USD
01tWC00000DD1JmYAL,1525,Fortra Price Book,USD
01tWC00000DD1JvYAL,50000,Fortra Price Book,USD
01tWC00000DD1JxYAL,75,Fortra Price Book,USD
01tWC00000DD1JzYAL,35,Fortra Price Book,USD
01tWC00000DD1K1YAL,100,Fortra Price Book,USD
01tWC00000DD1K3YAL,40,Fortra Price Book,USD
01tWC00000DD1K5YAL,165,Fortra Price Book,USD
01tWC00000DD1K6YAL,161.7,Fortra Price Book,USD
01tWC00000DD1K8YAL,65,Fortra Price Book,USD
01tWC00000DD1K9YAL,63.7,Fortra Price Book,USD
01tWC00000DD1KAYA1,54.88,Fortra Price Book,USD
01tWC00000DD1KCYA1,132,Fortra Price Book,USD
01tWC00000DD1KDYA1,129.36,Fortra Price Book,USD
01tWC00000DD1KFYA1,56,Fortra Price Book,USD
01tWC00000DD1KGYA1,49,Fortra Price Book,USD
01tWC00000DD1KIYA1,125,Fortra Price Book,USD
01tWC00000DD1KLYA1,75,Fortra Price Book,USD
01tWC00000DD1KNYA1,35,Fortra Price Book,USD
01tWC00000DD1KPYA1,105,Fortra Price Book,USD
01tWC00000DD1KRYA1,47,Fortra Price Book,USD
01tWC00000DD1KTYA1,36,Fortra Price Book,USD
01tWC00000DD1KUYA1,35.28,Fortra Price Book,USD
01tWC00000DD1KWYA1,14,Fortra Price Book,USD
01tWC00000DD1KXYA1,13.72,Fortra Price Book,USD
01tWC00000DD1KZYA1,30,Fortra Price Book,USD
01tWC00000DD1KcYAL,15,Fortra Price Book,USD
01tWC00000DD1KeYAL,6,Fortra Price Book,USD
01tWC00000DD1KgYAL,6175,Fortra Price Book,USD
01tWC00000DD1KhYAL,3000,Fortra Price Book,USD
01tWC00000DD1KiYAL,1469,Fortra Price Book,USD
01tWC00000DD1KjYAL,1491,Fortra Price Book,USD
01tWC00000DD1KkYAL,2368,Fortra Price Book,USD
01tWC00000DD1KlYAL,2054,Fortra Price Book,USD
01tWC00000DD1KmYAL,1556,Fortra Price Book,USD
01tWC00000DD1KnYAL,2000,Fortra Price Book,USD
01tWC00000DD1KoYAL,9500,Fortra Price Book,USD
01tWC00000DD1KpYAL,275,Fortra Price Book,USD
01tWC00000DD1KqYAL,5600,Fortra Price Book,USD
01tWC00000DD1KuYAL,383,Fortra Price Book,USD
01tWC00000DD1KvYAL,2479,Fortra Price Book,USD
01tWC00000DD1KwYAL,300,Fortra Price Book,USD
01tWC00000DD1LAYA1,3150,Fortra Price Book,USD
01tWC00000DD1LBYA1,368,Fortra Price Book,USD
01tWC00000DD1LEYA1,206,Fortra Price Book,USD
01tWC00000DD1LFYA1,192,Fortra Price Book,USD
01tWC00000DD1LGYA1,12000,Fortra Price Book,USD
01tWC00000DD1LHYA1,48000,Fortra Price Book,USD
01tWC00000DD1LIYA1,2500,Fortra Price Book,USD
01tWC00000DD1LJYA1,2479,Fortra Price Book,USD
01tWC00000DD1LKYA1,935,Fortra Price Book,USD
01tWC00000DD1LLYA1,1469,Fortra Price Book,USD
01tWC00000DD1LMYA1,2368,Fortra Price Book,USD
01tWC00000DD1LNYA1,1491,Fortra Price Book,USD
01tWC00000DD1LOYA1,2054,Fortra Price Book,USD
01tWC00000DD1LPYA1,1556,Fortra Price Book,USD
01tWC00000DD1LQYA1,2479,Fortra Price Book,USD
01tWC00000DD1LRYA1,3150,Fortra Price Book,USD
01tWC00000DD1LUYA1,368,Fortra Price Book,USD
01tWC00000DD1LcYAL,2750,Fortra Price Book,USD
01tWC00000DD1LdYAL,1512.5,Fortra Price Book,USD
01tWC00000DD1LjYAL,500,Fortra Price Book,USD
01tWC00000DD1LkYAL,1650,Fortra Price Book,USD
01tWC00000DD1LoYAL,8400,Fortra Price Book,USD
01tWC00000DD1LqYAL,4620,Fortra Price Book,USD
01tWC00000DD1LsYAL,18173,Fortra Price Book,USD
01tWC00000DD1LuYAL,9995,Fortra Price Book,USD
01tWC00000DD1LwYAL,8634,Fortra Price Book,USD
01tWC00000DD1LyYAL,4130,Fortra Price Book,USD
01tWC00000DD1M0YAL,3680,Fortra Price Book,USD
01tWC00000DD1M2YAL,1760,Fortra Price Book,USD
01tWC00000DD1M4YAL,9995,Fortra Price Book,USD
01tWC00000DD1M6YAL,5497.25,Fortra Price Book,USD
01tWC00000DD1M8YAL,26450,Fortra Price Book,USD
01tWC00000DD1MAYA1,12650,Fortra Price Book,USD
01tWC00000DD1MCYA1,495,Fortra Price Book,USD
01tWC00000DD1MEYA1,204.6,Fortra Price Book,USD
01tWC00000DD1MGYA1,8970,Fortra Price Book,USD
01tWC00000DD1MIYA1,4290,Fortra Price Book,USD
01tWC00000DD1MKYA1,5520,Fortra Price Book,USD
01tWC00000DD1MMYA1,2640,Fortra Price Book,USD
01tWC00000DD1MOYA1,5520,Fortra Price Book,USD
01tWC00000DD1MQYA1,2640,Fortra Price Book,USD
01tWC00000DD1MSYA1,995,Fortra Price Book,USD
01tWC00000DD1MUYA1,547.25,Fortra Price Book,USD
01tWC00000DD1MWYA1,14375,Fortra Price Book,USD
01tWC00000DD1MYYA1,6875,Fortra Price Book,USD
01tWC00000DD1MaYAL,5175,Fortra Price Book,USD
01tWC00000DD1McYAL,2475,Fortra Price Book,USD
01tWC00000DD1MeYAL,3450,Fortra Price Book,USD
01tWC00000DD1MgYAL,1650,Fortra Price Book,USD
01tWC00000DD1MiYAL,8050,Fortra Price Book,USD
01tWC00000DD1MkYAL,3850,Fortra Price Book,USD
01tWC00000DD1MmYAL,15904,Fortra Price Book,USD
01tWC00000DD1MnYAL,22506,Fortra Price Book,USD
01tWC00000DD1MqYAL,7607,Fortra Price Book,USD
01tWC00000DD1MrYAL,10764,Fortra Price Book,USD
01tWC00000DD1MvYAL,13972,Fortra Price Book,USD
01tWC00000DD1MzYAL,21218,Fortra Price Book,USD
01tWC00000DD1N2YAL,6683,Fortra Price Book,USD
01tWC00000DD1N3YAL,10148,Fortra Price Book,USD
01tWC00000DD1N5YAL,2500,Fortra Price Book,USD
01tWC00000DD1N7YAL,253293,Fortra Price Book,USD
01tWC00000DD1N9YAL,121141,Fortra Price Book,USD
01tWC00000DD1NAYA1,12000,Fortra Price Book,USD
01tWC00000DD1NGYA1,4025,Fortra Price Book,USD
01tWC00000DD1NIYA1,1925,Fortra Price Book,USD
01tWC00000DD1NKYA1,3995,Fortra Price Book,USD
01tWC00000DD1NMYA1,2197.25,Fortra Price Book,USD
01tWC00000DD1NOYA1,8050,Fortra Price Book,USD
01tWC00000DD1NQYA1,3850,Fortra Price Book,USD
01tWC00000DD1NSYA1,1000,Fortra Price Book,USD
01tWC00000DD1NUYA1,550,Fortra Price Book,USD
01tWC00000DD1NaYAL,7875,Fortra Price Book,USD
01tWC00000DD1NcYAL,4331,Fortra Price Book,USD
01tWC00000DD1NdYAL,2495,Fortra Price Book,USD
01tWC00000DD1NeYAL,0.2,Fortra Price Book,USD
01tWC00000DD1NfYAL,0.6,Fortra Price Book,USD
01tWC00000DD1NgYAL,2600,Fortra Price Book,USD
01tWC00000DD1NhYAL,4000,Fortra Price Book,USD
01tWC00000DD1NiYAL,4050,Fortra Price Book,USD
01tWC00000DD1NkYAL,2500,Fortra Price Book,USD
01tWC00000DD1NmYAL,7475,Fortra Price Book,USD
01tWC00000DD1NoYAL,3575,Fortra Price Book,USD
01tWC00000DD1NqYAL,35708,Fortra Price Book,USD
01tWC00000DD1NrYAL,42953,Fortra Price Book,USD
01tWC00000DD1NtYAL,17078,Fortra Price Book,USD
01tWC00000DD1NuYAL,20543,Fortra Price Book,USD
01tWC00000DD1NwYAL,107718,Fortra Price Book,USD
01tWC00000DD1NyYAL,51558,Fortra Price Book,USD
01tWC00000DD1O0YAL,7500,Fortra Price Book,USD
01tWC00000DD1O2YAL,4125,Fortra Price Book,USD
01tWC00000DD1O4YAL,64400,Fortra Price Book,USD
01tWC00000DD1O5YAL,70840,Fortra Price Book,USD
01tWC00000DD1O7YAL,30800,Fortra Price Book,USD
01tWC00000DD1O8YAL,33830,Fortra Price Book,USD
01tWC00000DD1OAYA1,15000,Fortra Price Book,USD
01tWC00000DD1OCYA1,8250,Fortra Price Book,USD
01tWC00000DD1OEYA1,76702,Fortra Price Book,USD
01tWC00000DD1OFYA1,29160,Fortra Price Book,USD
01tWC00000DD1OGYA1,84203,Fortra Price Book,USD
01tWC00000DD1OIYA1,43158,Fortra Price Book,USD
01tWC00000DD1OJYA1,16038,Fortra Price Book,USD
01tWC00000DD1OKYA1,44001,Fortra Price Book,USD
01tWC00000DD1OLYA1,2000,Fortra Price Book,USD
01tWC00000DD1ONYA1,7475,Fortra Price Book,USD
01tWC00000DD1OPYA1,3575,Fortra Price Book,USD
01tWC00000DD1ORYA1,8395,Fortra Price Book,USD
01tWC00000DD1OTYA1,4015,Fortra Price Book,USD
01tWC00000DD1OVYA1,2995,Fortra Price Book,USD
01tWC00000DD1OXYA1,1647.25,Fortra Price Book,USD
01tWC00000DD1OZYA1,4025,Fortra Price Book,USD
01tWC00000DD1ObYAL,1925,Fortra Price Book,USD
01tWC00000DD1OcYAL,550,Fortra Price Book,USD
01tWC00000DD1OhYAL,4025,Fortra Price Book,USD
01tWC00000DD1OjYAL,1925,Fortra Price Book,USD
01tWC00000DD1OlYAL,495,Fortra Price Book,USD
01tWC00000DD1OnYAL,272.25,Fortra Price Book,USD
01tWC00000DD1OpYAL,35679,Fortra Price Book,USD
01tWC00000DD1OqYAL,42521,Fortra Price Book,USD
01tWC00000DD1OrYAL,53420,Fortra Price Book,USD
01tWC00000DD1OtYAL,17064,Fortra Price Book,USD
01tWC00000DD1OuYAL,20337,Fortra Price Book,USD
01tWC00000DD1OvYAL,26410,Fortra Price Book,USD
01tWC00000DD1OxYAL,2500,Fortra Price Book,USD
01tWC00000DD1P0YAL,9000,Fortra Price Book,USD
01tWC00000DD1P2YAL,4950,Fortra Price Book,USD
01tWC00000DD1P4YAL,10453.5,Fortra Price Book,USD
01tWC00000DD1P6YAL,5000,Fortra Price Book,USD
01tWC00000DD1P8YAL,19550,Fortra Price Book,USD
01tWC00000DD1PAYA1,9350,Fortra Price Book,USD
01tWC00000DD1PCYA1,6000,Fortra Price Book,USD
01tWC00000DD1PEYA1,6875,Fortra Price Book,USD
01tWC00000DD1PGYA1,2270,Fortra Price Book,USD
01tWC00000DD1PPYA1,865,Fortra Price Book,USD
01tWC00000DD1PRYA1,476,Fortra Price Book,USD
01tWC00000DD1PTYA1,3675,Fortra Price Book,USD
01tWC00000DD1PVYA1,2021,Fortra Price Book,USD
01tWC00000DD1PWYA1,300,Fortra Price Book,USD
01tWC00000DD1PXYA1,275,Fortra Price Book,USD
01tWC00000DD1PaYAL,2275,Fortra Price Book,USD
01tWC00000DD1PbYAL,2000,Fortra Price Book,USD
01tWC00000DD1PiYAL,138,Fortra Price Book,USD
01tWC00000DD1PjYAL,200,Fortra Price Book,USD
01tWC00000DD1PkYAL,220,Fortra Price Book,USD
01tWC00000DD1PlYAL,250,Fortra Price Book,USD
01tWC00000DD1PmYAL,275,Fortra Price Book,USD
01tWC00000DD1PnYAL,250,Fortra Price Book,USD
01tWC00000DD1PoYAL,275,Fortra Price Book,USD
01tWC00000DD1PpYAL,250,Fortra Price Book,USD
01tWC00000DD1PrYAL,2310,Fortra Price Book,USD
01tWC00000DD1PtYAL,1270.5,Fortra Price Book,USD
01tWC00000DD1PvYAL,14.66,Fortra Price Book,USD
01tWC00000DD1PyYAL,6300,Fortra Price Book,USD
01tWC00000DD1PzYAL,3465,Fortra Price Book,USD
01tWC00000DD1Q2YAL,1000,Fortra Price Book,USD
01tWC00000DD1Q4YAL,3000,Fortra Price Book,USD
01tWC00000DD1Q6YAL,2625,Fortra Price Book,USD
01tWC00000DD1Q8YAL,1443.75,Fortra Price Book,USD
01tWC00000DCwVPYA1,12600,Fortra Price Book,USD
01tWC00000DCwVRYA1,6930,Fortra Price Book,USD
01tWC00000DCwVWYA1,3000,Fortra Price Book,USD
01tWC00000DCwVYYA1,1650,Fortra Price Book,USD
01tWC00000DCwVdYAL,630,Fortra Price Book,USD
01tWC00000DCwVfYAL,346.5,Fortra Price Book,USD
01tWC00000DCwVkYAL,13,Fortra Price Book,USD
01tWC00000DCwVmYAL,236.37,Fortra Price Book,USD
01tWC00000DCwVoYAL,130,Fortra Price Book,USD
01tWC00000DCwVqYAL,650,Fortra Price Book,USD
01tWC00000DCwVrYAL,2500,Fortra Price Book,USD
01tWC00000DCwVsYAL,8000,Fortra Price Book,USD
01tWC00000DCwVtYAL,20000,Fortra Price Book,USD
01tWC00000DCwVwYAL,358,Fortra Price Book,USD
01tWC00000DCwVxYAL,1375,Fortra Price Book,USD
01tWC00000DCwVyYAL,4400,Fortra Price Book,USD
01tWC00000DCwVzYAL,11000,Fortra Price Book,USD
01tWC00000DCwW5YAL,2000,Fortra Price Book,USD
01tWC00000DCwW7YAL,1100,Fortra Price Book,USD
01tWC00000DCwWCYA1,3206,Fortra Price Book,USD
01tWC00000DCwWEYA1,488,Fortra Price Book,USD
01tWC00000DCwWIYA1,259,Fortra Price Book,USD
01tWC00000DCwWKYA1,1085,Fortra Price Book,USD
01tWC00000DCwWMYA1,1546,Fortra Price Book,USD
01tWC00000DCwWNYA1,300,Fortra Price Book,USD
01tWC00000DCwWRYA1,50.04,Fortra Price Book,USD
01tWC00000DCwWVYA1,35,Fortra Price Book,USD
01tWC00000DCwWXYA1,22,Fortra Price Book,USD
01tWC00000DCwWbYAL,10000,Fortra Price Book,USD
01tWC00000DCwWdYAL,4.73,Fortra Price Book,USD
01tWC00000DCwWfYAL,2.6,Fortra Price Book,USD
01tWC00000DCwWmYAL,5775,Fortra Price Book,USD
01tWC00000DCwWoYAL,3176.25,Fortra Price Book,USD
01tWC00000DCwWtYAL,4560,Fortra Price Book,USD
01tWC00000DCwWxYAL,7000,Fortra Price Book,USD
01tWC00000DD1QDYA1,3850,Fortra Price Book,USD
01tWC00000DD1QEYA1,50000,Fortra Price Book,USD
01tWC00000DD1QGYA1,3203,Fortra Price Book,USD
01tWC00000DD1QIYA1,1761.8,Fortra Price Book,USD
01tWC00000DD1QKYA1,6170,Fortra Price Book,USD
01tWC00000DD1QMYA1,3394,Fortra Price Book,USD
01tWC00000DD1QOYA1,8205,Fortra Price Book,USD
01tWC00000DD1QQYA1,4513,Fortra Price Book,USD
01tWC00000DD1QSYA1,13540,Fortra Price Book,USD
01tWC00000DD1QUYA1,7447,Fortra Price Book,USD
01tWC00000DD1QWYA1,22340,Fortra Price Book,USD
01tWC00000DD1QYYA1,12287,Fortra Price Book,USD
01tWC00000DD1QeYAL,4920,Fortra Price Book,USD
01tWC00000DD1QgYAL,2600,Fortra Price Book,USD
01tWC00000DD1QhYAL,750,Fortra Price Book,USD
01tWC00000DD1QiYAL,29.04,Fortra Price Book,USD
01tWC00000DD1QnYAL,4088,Fortra Price Book,USD
01tWC00000DD1QpYAL,2248,Fortra Price Book,USD
01tWC00000DD1UJYA1,2541,Fortra Price Book,USD
01tWC00000DD1ULYA1,1575,Fortra Price Book,USD
01tWC00000DD1UNYA1,866.25,Fortra Price Book,USD
01tWC00000DD1UPYA1,3465,Fortra Price Book,USD
01tWC00000DD1URYA1,1905.75,Fortra Price Book,USD
01tWC00000DD1UTYA1,4172,Fortra Price Book,USD
01tWC00000DD1UVYA1,2295,Fortra Price Book,USD
01tWC00000DD1UZYA1,2000,Fortra Price Book,USD
01tWC00000DD1UbYAL,1405,Fortra Price Book,USD
01tWC00000DD1UdYAL,773,Fortra Price Book,USD
01tWC00000DD1UjYAL,8504,Fortra Price Book,USD
01tWC00000DD1UlYAL,4677.05,Fortra Price Book,USD
01tWC00000DD1UoYAL,2000,Fortra Price Book,USD
01tWC00000DD1UqYAL,2772,Fortra Price Book,USD
01tWC00000DD1UrYAL,1525,Fortra Price Book,USD
01tWC00000DD1UtYAL,3600,Fortra Price Book,USD
01tWC00000DD1UuYAL,5000,Fortra Price Book,USD
01tWC00000DD1UwYAL,2200,Fortra Price Book,USD
01tWC00000DD1UyYAL,6000,Fortra Price Book,USD
01tWC00000DD1UzYAL,6000,Fortra Price Book,USD
01tWC00000DD1V1YAL,8482,Fortra Price Book,USD
01tWC00000DD1V3YAL,4665,Fortra Price Book,USD
01tWC00000DD1V6YAL,66,Fortra Price Book,USD
01tWC00000DD1VBYA1,595,Fortra Price Book,USD
01tWC00000DD1ZwYAL,199,Fortra Price Book,USD
01tWC00000DD1a1YAD,66,Fortra Price Book,USD
01tWC00000DD1a6YAD,199,Fortra Price Book,USD
01tWC00000DD1aBYAT,595,Fortra Price Book,USD
01tWC00000DD1aFYAT,2200,Fortra Price Book,USD
01tWC00000DD1aHYAT,1210,Fortra Price Book,USD
01tWC00000DD1aMYAT,4088,Fortra Price Book,USD
01tWC00000DD1aOYAT,2248,Fortra Price Book,USD
01tWC00000DD1aQYAT,7500,Fortra Price Book,USD
01tWC00000DD1aSYAT,550,Fortra Price Book,USD
01tWC00000DD1aUYAT,250,Fortra Price Book,USD
01tWC00000DD1aWYAT,275,Fortra Price Book,USD
01tWC00000DD1aYYAT,20,Fortra Price Book,USD
01tWC00000DD1aaYAD,100,Fortra Price Book,USD
01tWC00000DD1acYAD,2059,Fortra Price Book,USD
01tWC00000DD1aeYAD,1132.75,Fortra Price Book,USD
01tWC00000DD1agYAD,8886,Fortra Price Book,USD
01tWC00000DD1aiYAD,2536,Fortra Price Book,USD
01tWC00000DD1ajYAD,4887.5,Fortra Price Book,USD
01tWC00000DD1akYAD,1500,Fortra Price Book,USD
01tWC00000DD1amYAD,4226,Fortra Price Book,USD
01tWC00000DD1aoYAD,2324.15,Fortra Price Book,USD
01tWC00000DD1auYAD,4755,Fortra Price Book,USD
01tWC00000DD1awYAD,3852.5,Fortra Price Book,USD
01tWC00000DD1axYAD,2000,Fortra Price Book,USD
01tWC00000DD1b7YAD,5043,Fortra Price Book,USD
01tWC00000DD1b9YAD,2773.8,Fortra Price Book,USD
01tWC00000DD1bFYAT,4226,Fortra Price Book,USD
01tWC00000DD1bHYAT,4226,Fortra Price Book,USD
01tWC00000DD1bJYAT,2324.15,Fortra Price Book,USD
01tWC00000DD1bLYAT,65297,Fortra Price Book,USD
01tWC00000DD1bNYAT,35913.35,Fortra Price Book,USD
01tWC00000DD1bPYAT,4226,Fortra Price Book,USD
01tWC00000DD1bRYAT,2324.15,Fortra Price Book,USD
01tWC00000DD1bTYAT,48,Fortra Price Book,USD
01tWC00000DD1bVYAT,16620,Fortra Price Book,USD
01tWC00000DD1bXYAT,2340,Fortra Price Book,USD
01tWC00000DD1bZYAT,2294,Fortra Price Book,USD
01tWC00000DD1bbYAD,1097.25,Fortra Price Book,USD
01tWC00000DD1bdYAD,2294,Fortra Price Book,USD
01tWC00000DD1bfYAD,1097.25,Fortra Price Book,USD
01tWC00000DD1bhYAD,6894,Fortra Price Book,USD
01tWC00000DD1bjYAD,3297.25,Fortra Price Book,USD
01tWC00000DD1blYAD,15000,Fortra Price Book,USD
01tWC00000DD1bnYAD,8250,Fortra Price Book,USD
01tWC00000DD1bpYAD,4226,Fortra Price Book,USD
01tWC00000DD1brYAD,1198.8,Fortra Price Book,USD
01tWC00000DD1btYAD,355,Fortra Price Book,USD
01tWC00000DD1bvYAD,196,Fortra Price Book,USD
01tWC00000DD1bwYAD,250,Fortra Price Book,USD
01tWC00000DD1bzYAD,3623,Fortra Price Book,USD
01tWC00000DD1c1YAD,1992.95,Fortra Price Book,USD
01tWC00000DD1c3YAD,2000,Fortra Price Book,USD
01tWC00000DD1c5YAD,1100,Fortra Price Book,USD
01tWC00000DD1c7YAD,1208,Fortra Price Book,USD
01tWC00000DD1c9YAD,664.7,Fortra Price Book,USD
01tWC00000DD1cBYAT,3150,Fortra Price Book,USD
01tWC00000DD1cDYAT,1733,Fortra Price Book,USD
01tWC00000DD1cFYAT,3500,Fortra Price Book,USD
01tWC00000DD1cHYAT,2656.5,Fortra Price Book,USD
01tWC00000DD1cJYAT,2920,Fortra Price Book,USD
01tWC00000DD1cLYAT,1606,Fortra Price Book,USD
01tWC00000DD1cNYAT,10000,Fortra Price Book,USD
01tWC00000DD1cPYAT,220,Fortra Price Book,USD
01tWC00000DD1cQYAT,2200,Fortra Price Book,USD
01tWC00000DD1cRYAT,275,Fortra Price Book,USD
01tWC00000DD1cUYAT,2265,Fortra Price Book,USD
01tWC00000DD1cWYAT,137.5,Fortra Price Book,USD
01tWC00000DD1cXYAT,275,Fortra Price Book,USD
01tWC00000DD1ccYAD,15000,Fortra Price Book,USD
01tWC00000DD1cdYAD,380000,Fortra Price Book,USD
01tWC00000DD1ceYAD,215000,Fortra Price Book,USD
01tWC00000DD1cfYAD,215000,Fortra Price Book,USD
01tWC00000DD1cgYAD,2000,Fortra Price Book,USD
01tWC00000DD1chYAD,3450,Fortra Price Book,USD
01tWC00000DD1ciYAD,52500,Fortra Price Book,USD
01tWC00000DD1cjYAD,2000,Fortra Price Book,USD
01tWC00000DD1clYAD,2275,Fortra Price Book,USD
01tWC00000DD1cnYAD,6100,Fortra Price Book,USD
01tWC00000DD1coYAD,312.5,Fortra Price Book,USD
01tWC00000DD1cpYAD,6100,Fortra Price Book,USD
01tWC00000DD1cqYAD,250,Fortra Price Book,USD
01tWC00000DD1crYAD,2275,Fortra Price Book,USD
01tWC00000DD1csYAD,1,Fortra Price Book,USD
01tWC00000DD1ctYAD,2400,Fortra Price Book,USD
01tWC00000DD1cuYAD,7000,Fortra Price Book,USD
01tWC00000DD1cvYAD,3515,Fortra Price Book,USD
01tWC00000DD1cwYAD,7000,Fortra Price Book,USD
01tWC00000DD1cxYAD,4000,Fortra Price Book,USD
01tWC00000DD1cyYAD,250,Fortra Price Book,USD
01tWC00000DD1czYAD,10000,Fortra Price Book,USD
01tWC00000DD1d0YAD,8355,Fortra Price Book,USD
01tWC00000DD1d1YAD,4000,Fortra Price Book,USD
01tWC00000DD1d2YAD,4000,Fortra Price Book,USD
01tWC00000DD1d3YAD,5935,Fortra Price Book,USD
01tWC00000DD1d4YAD,4000,Fortra Price Book,USD
01tWC00000DD1d5YAD,7000,Fortra Price Book,USD
01tWC00000DD1d6YAD,3515,Fortra Price Book,USD
01tWC00000DD1WfYAL,1695,Fortra Price Book,USD
01tWC00000DD1WgYAL,15750,Fortra Price Book,USD
01tWC00000DD1WhYAL,250,Fortra Price Book,USD
01tWC00000DD1WiYAL,15750,Fortra Price Book,USD
01tWC00000DD1WjYAL,10000,Fortra Price Book,USD
01tWC00000DD1WkYAL,3515,Fortra Price Book,USD
01tWC00000DD1WlYAL,1695,Fortra Price Book,USD
01tWC00000DD1WmYAL,4000,Fortra Price Book,USD
01tWC00000DD1WsYAL,1648,Fortra Price Book,USD
01tWC00000DD1X0YAL,2705,Fortra Price Book,USD
01tWC00000DD1X2YAL,1488,Fortra Price Book,USD
01tWC00000DD1X5YAL,1575,Fortra Price Book,USD
01tWC00000DD1X7YAL,866.25,Fortra Price Book,USD
01tWC00000DD1XAYA1,1455,Fortra Price Book,USD
01tWC00000DD1XCYA1,800,Fortra Price Book,USD
01tWC00000DD1XDYA1,25000,Fortra Price Book,USD
01tWC00000DD1XEYA1,25000,Fortra Price Book,USD
01tWC00000DD1XIYA1,6300,Fortra Price Book,USD
01tWC00000DD1XJYA1,3465,Fortra Price Book,USD
01tWC00000DD1XSYA1,15.6,Fortra Price Book,USD
01tWC00000DD1XUYA1,2500,Fortra Price Book,USD
01tWC00000DD1XWYA1,1000,Fortra Price Book,USD
01tWC00000DD1XYYA1,2500,Fortra Price Book,USD
01tWC00000DD1XaYAL,1375,Fortra Price Book,USD
01tWC00000DD1XcYAL,593,Fortra Price Book,USD
01tWC00000DD1XeYAL,296,Fortra Price Book,USD
01tWC00000DD1XmYAL,659,Fortra Price Book,USD
01tWC00000DD1XoYAL,329,Fortra Price Book,USD
01tWC00000DD1XtYAL,1815,Fortra Price Book,USD
01tWC00000DD1XvYAL,908,Fortra Price Book,USD
01tWC00000DD1Y0YAL,3465,Fortra Price Book,USD
01tWC00000DD1Y2YAL,1905.75,Fortra Price Book,USD
01tWC00000DD1YAYA1,8000,Fortra Price Book,USD
01tWC00000DD1YBYA1,8000,Fortra Price Book,USD
01tWC00000DD1YDYA1,4088,Fortra Price Book,USD
01tWC00000DD1YFYA1,2248,Fortra Price Book,USD
01tWC00000DD1YJYA1,300,Fortra Price Book,USD
01tWC00000DD1YKYA1,300,Fortra Price Book,USD
01tWC00000DD1YMYA1,2789,Fortra Price Book,USD
01tWC00000DD1YOYA1,1534.1,Fortra Price Book,USD
01tWC00000DD1YQYA1,4439,Fortra Price Book,USD
01tWC00000DD1YSYA1,2441.45,Fortra Price Book,USD
01tWC00000DD1YUYA1,7107,Fortra Price Book,USD
01tWC00000DD1YVYA1,7107,Fortra Price Book,USD
01tWC00000DD1YWYA1,7107,Fortra Price Book,USD
01tWC00000DD1YXYA1,7107,Fortra Price Book,USD
01tWC00000DD1YYYA1,7107,Fortra Price Book,USD
01tWC00000DD1YaYAL,3908.85,Fortra Price Book,USD
01tWC00000DD1YbYAL,3908.85,Fortra Price Book,USD
01tWC00000DD1YcYAL,3908.85,Fortra Price Book,USD
01tWC00000DD1YdYAL,3908.85,Fortra Price Book,USD
01tWC00000DD1YeYAL,3908.85,Fortra Price Book,USD
01tWC00000DD1YgYAL,4508,Fortra Price Book,USD
01tWC00000DD1YiYAL,2479.4,Fortra Price Book,USD
01tWC00000DD1YkYAL,5003,Fortra Price Book,USD
01tWC00000DD1YmYAL,2751.95,Fortra Price Book,USD
01tWC00000DD1YoYAL,3301,Fortra Price Book,USD
01tWC00000DD1YqYAL,1815.85,Fortra Price Book,USD
01tWC00000DD1YsYAL,5750,Fortra Price Book,USD
01tWC00000DD1YuYAL,3162.5,Fortra Price Book,USD
01tWC00000DD1YwYAL,1610,Fortra Price Book,USD
01tWC00000DD1YyYAL,885.5,Fortra Price Book,USD
01tWC00000DD1Z0YAL,805,Fortra Price Book,USD
01tWC00000DD1Z2YAL,442.75,Fortra Price Book,USD
01tWC00000DD1Z4YAL,3220,Fortra Price Book,USD
01tWC00000DD1Z6YAL,1771,Fortra Price Book,USD
01tWC00000DD1Z8YAL,2789,Fortra Price Book,USD
01tWC00000DD1ZAYA1,1534.1,Fortra Price Book,USD
01tWC00000DD1ZCYA1,4370,Fortra Price Book,USD
01tWC00000DD1ZEYA1,2403.5,Fortra Price Book,USD
01tWC00000DD1ZGYA1,5060,Fortra Price Book,USD
01tWC00000DD1ZIYA1,2783,Fortra Price Book,USD
01tWC00000DD1ZKYA1,5537,Fortra Price Book,USD
01tWC00000DD1ZMYA1,3045.2,Fortra Price Book,USD
01tWC00000DD1ZOYA1,4180,Fortra Price Book,USD
01tWC00000DD1ZQYA1,2298.85,Fortra Price Book,USD
01tWC00000DD1ZSYA1,207.9,Fortra Price Book,USD
01tWC00000DD1ZVYA1,2789,Fortra Price Book,USD
01tWC00000DD1ZXYA1,1534.1,Fortra Price Book,USD
01tWC00000DD1ZYYA1,1200,Fortra Price Book,USD
01tWC00000DD1ZZYA1,275,Fortra Price Book,USD
01tWC00000DD1ZfYAL,3703,Fortra Price Book,USD
01tWC00000DD1ZhYAL,325,Fortra Price Book,USD
01tWC00000DD1ZiYAL,49,Fortra Price Book,USD
01tWC00000DD1ZkYAL,2789,Fortra Price Book,USD
01tWC00000DD1ZmYAL,1534.1,Fortra Price Book,USD
01tWC00000DD1ZoYAL,2651,Fortra Price Book,USD
01tWC00000DD1ZqYAL,1458.2,Fortra Price Book,USD
01tWC00000DD1ZsYAL,2962,Fortra Price Book,USD
01tWC00000DD1d8YAD,1629.55,Fortra Price Book,USD
01tWC00000DD1dLYAT,2000,Fortra Price Book,USD
01tWC00000DD1dPYAT,7875,Fortra Price Book,USD
01tWC00000DD1dRYAT,4331.25,Fortra Price Book,USD
01tWC00000DD1dTYAT,1575,Fortra Price Book,USD
01tWC00000DD1dVYAT,866.25,Fortra Price Book,USD
01tWC00000DD1dbYAD,1208,Fortra Price Book,USD
01tWC00000DD1ddYAD,664.7,Fortra Price Book,USD
01tWC00000DD1dfYAD,8.6,Fortra Price Book,USD
01tWC00000DD1dhYAD,4.73,Fortra Price Book,USD
01tWC00000DD1diYAD,275,Fortra Price Book,USD
01tWC00000DD1djYAD,3500,Fortra Price Book,USD
01tWC00000DD1dkYAD,13,Fortra Price Book,USD
01tWC00000DD1dmYAD,2789,Fortra Price Book,USD
01tWC00000DD1doYAD,1534.1,Fortra Price Book,USD
01tWC00000DD1dpYAD,4125,Fortra Price Book,USD
01tWC00000DD1dqYAD,4125,Fortra Price Book,USD
01tWC00000DD1dvYAD,1155,Fortra Price Book,USD
01tWC00000DD1dxYAD,7000,Fortra Price Book,USD
01tWC00000DD1dzYAD,1512,Fortra Price Book,USD
01tWC00000DD1e0YAD,3125,Fortra Price Book,USD
01tWC00000DD1e2YAD,236.25,Fortra Price Book,USD
01tWC00000DD1e3YAD,50000,Fortra Price Book,USD
01tWC00000DD1e4YAD,25000,Fortra Price Book,USD
01tWC00000DD1e6YAD,47.27,Fortra Price Book,USD
01tWC00000DD1e8YAD,1500,Fortra Price Book,USD
01tWC00000DD1eAYAT,55.64,Fortra Price Book,USD
01tWC00000DD1eCYAT,30.6,Fortra Price Book,USD
01tWC00000DD1eEYAT,66.91,Fortra Price Book,USD
01tWC00000DD1eGYAT,36.8,Fortra Price Book,USD
01tWC00000DD1eIYAT,46.64,Fortra Price Book,USD
01tWC00000DD1eKYAT,25.65,Fortra Price Book,USD
01tWC00000DD1eMYAT,47.27,Fortra Price Book,USD
01tWC00000DD1eOYAT,3125,Fortra Price Book,USD
01tWC00000DD1eQYAT,55.64,Fortra Price Book,USD
01tWC00000DD1eSYAT,30.6,Fortra Price Book,USD
01tWC00000DD1eUYAT,66.91,Fortra Price Book,USD
01tWC00000DD1eWYAT,36.8,Fortra Price Book,USD
01tWC00000DD1eYYAT,46.64,Fortra Price Book,USD
01tWC00000DD1eaYAD,25.65,Fortra Price Book,USD
01tWC00000DD1ecYAD,2500,Fortra Price Book,USD
01tWC00000DD1edYAD,14062.5,Fortra Price Book,USD
01tWC00000DD1egYAD,73.27,Fortra Price Book,USD
01tWC00000DD1eiYAD,2625,Fortra Price Book,USD
01tWC00000DD1ekYAD,12240,Fortra Price Book,USD
01tWC00000DD1emYAD,6732,Fortra Price Book,USD
01tWC00000DD1eoYAD,65.64,Fortra Price Book,USD
01tWC00000DD1eqYAD,40.5,Fortra Price Book,USD
01tWC00000DD1esYAD,14720,Fortra Price Book,USD
01tWC00000DD1euYAD,8096,Fortra Price Book,USD
01tWC00000DD1ewYAD,82.91,Fortra Price Book,USD
01tWC00000DD1eyYAD,45.6,Fortra Price Book,USD
01tWC00000DD1f0YAD,10260,Fortra Price Book,USD
01tWC00000DD1f2YAD,5643,Fortra Price Book,USD
01tWC00000DD1f4YAD,65.64,Fortra Price Book,USD
01tWC00000DD1f6YAD,36.1,Fortra Price Book,USD
01tWC00000DD1f8YAD,10400,Fortra Price Book,USD
01tWC00000DD1fAYAT,2500,Fortra Price Book,USD
01tWC00000DD1fCYAT,94.55,Fortra Price Book,USD
01tWC00000DD1fEYAT,0.78,Fortra Price Book,USD
01tWC00000DD1fGYAT,88.36,Fortra Price Book,USD
01tWC00000DD1fIYAT,48.6,Fortra Price Book,USD
01tWC00000DD1fKYAT,103.27,Fortra Price Book,USD
01tWC00000DD1fMYAT,56.8,Fortra Price Book,USD
01tWC00000DD1fOYAT,81.18,Fortra Price Book,USD
01tWC00000DD1fQYAT,44.65,Fortra Price Book,USD
01tWC00000DD1fSYAT,1.05,Fortra Price Book,USD
01tWC00000DD1fUYAT,0.58,Fortra Price Book,USD
01tWC00000DD1fZYAT,3200,Fortra Price Book,USD
01tWC00000DD1fbYAD,4439,Fortra Price Book,USD
01tWC00000DD1fdYAD,2441.45,Fortra Price Book,USD
01tWC00000DD1ffYAD,4088,Fortra Price Book,USD
01tWC00000DD1fhYAD,2248,Fortra Price Book,USD
01tWC00000DD1fjYAD,2400,Fortra Price Book,USD
01tWC00000DD1fkYAD,3000,Fortra Price Book,USD
01tWC00000DD1flYAD,5000,Fortra Price Book,USD
01tWC00000DD1fmYAD,2000,Fortra Price Book,USD
01tWC00000DD1fnYAD,3000,Fortra Price Book,USD
01tWC00000DD1foYAD,4000,Fortra Price Book,USD
01tWC00000DD1fpYAD,6000,Fortra Price Book,USD
01tWC00000DD1g7YAD,1080,Fortra Price Book,USD
01tWC00000DD1g9YAD,594,Fortra Price Book,USD
01tWC00000DD1gBYAT,19885,Fortra Price Book,USD
01tWC00000DD1gDYAT,10937,Fortra Price Book,USD
01tWC00000DD1gFYAT,4515,Fortra Price Book,USD
01tWC00000DD1gHYAT,2483,Fortra Price Book,USD
01tWC00000DD1gJYAT,880,Fortra Price Book,USD
01tWC00000DD1MwYAL,484,Fortra Price Book,USD
01tWC00000DD1MyYAL,19800,Fortra Price Book,USD
01tWC00000DD1jaYAD,10890,Fortra Price Book,USD
01tWC00000DD1jcYAD,17900,Fortra Price Book,USD
01tWC00000DD1jdYAD,27900,Fortra Price Book,USD
01tWC00000DD1jeYAD,37900,Fortra Price Book,USD
01tWC00000DD1jfYAD,49900,Fortra Price Book,USD
01tWC00000DD1jhYAD,9845,Fortra Price Book,USD
01tWC00000DD1jiYAD,15345,Fortra Price Book,USD
01tWC00000DD1jjYAD,20845,Fortra Price Book,USD
01tWC00000DD1jkYAD,27445,Fortra Price Book,USD
01tWC00000DD1jmYAD,26900,Fortra Price Book,USD
01tWC00000DD1jnYAD,36900,Fortra Price Book,USD
01tWC00000DD1joYAD,46900,Fortra Price Book,USD
01tWC00000DD1jpYAD,58900,Fortra Price Book,USD
01tWC00000DD1jrYAD,14795,Fortra Price Book,USD
01tWC00000DD1jsYAD,20295,Fortra Price Book,USD
01tWC00000DD1jtYAD,25795,Fortra Price Book,USD
01tWC00000DD1juYAD,32395,Fortra Price Book,USD
01tWC00000DD1jzYAD,1995,Fortra Price Book,USD
01tWC00000DD1k1YAD,1097,Fortra Price Book,USD
01tWC00000DD1k2YAD,275,Fortra Price Book,USD
01tWC00000DD1k3YAD,275,Fortra Price Book,USD
01tWC00000DD1k5YAD,5110,Fortra Price Book,USD
01tWC00000DD1k6YAD,3810,Fortra Price Book,USD
01tWC00000DD1k8YAD,2811,Fortra Price Book,USD
01tWC00000DD1k9YAD,2096,Fortra Price Book,USD
01tWC00000DD1kBYAT,1995,Fortra Price Book,USD
01tWC00000DD1kDYAT,1097,Fortra Price Book,USD
01tWC00000DD1kJYAT,20085,Fortra Price Book,USD
01tWC00000DD1kLYAT,11047,Fortra Price Book,USD
01tWC00000DD1kMYAT,198,Fortra Price Book,USD
01tWC00000DD1kPYAT,6036,Fortra Price Book,USD
01tWC00000DD1kRYAT,3320,Fortra Price Book,USD
01tWC00000DD1kTYAT,48000,Fortra Price Book,USD
01tWC00000DD1kUYAT,48000,Fortra Price Book,USD
01tWC00000DD1kVYAT,10000,Fortra Price Book,USD
01tWC00000DD1kWYAT,24000,Fortra Price Book,USD
01tWC00000DD1kZYAT,6300,Fortra Price Book,USD
01tWC00000DD1kaYAD,3465,Fortra Price Book,USD
01tWC00000DD1kdYAD,4200,Fortra Price Book,USD
01tWC00000DD1kmYAD,880,Fortra Price Book,USD
01tWC00000DD1koYAD,484,Fortra Price Book,USD
01tWC00000DD1kqYAD,332.5,Fortra Price Book,USD
01tWC00000DD1ksYAD,183,Fortra Price Book,USD
01tWC00000DD1ktYAD,275,Fortra Price Book,USD
01tWC00000DD1kuYAD,275,Fortra Price Book,USD
01tWC00000DD1kvYAD,594,Fortra Price Book,USD
01tWC00000DD1kyYAD,525,Fortra Price Book,USD
01tWC00000DD1l0YAD,288.75,Fortra Price Book,USD
01tWC00000DD1l4YAD,3300,Fortra Price Book,USD
01tWC00000DD1l6YAD,6930,Fortra Price Book,USD
01tWC00000DD1l7YAD,3812,Fortra Price Book,USD
01tWC00000DD1lBYAT,3500,Fortra Price Book,USD
01tWC00000DD1lDYAT,1925,Fortra Price Book,USD
01tWC00000DD1lMYAT,6000,Fortra Price Book,USD
01tWC00000DD1lNYAT,6000,Fortra Price Book,USD
01tWC00000DD1lOYAT,6000,Fortra Price Book,USD
01tWC00000DD1lTYAT,2280,Fortra Price Book,USD
01tWC00000DD1lVYAT,1254,Fortra Price Book,USD
01tWC00000DD1ldYAD,5000,Fortra Price Book,USD
01tWC00000DD1lfYAD,15750,Fortra Price Book,USD
01tWC00000DD1lhYAD,8662.5,Fortra Price Book,USD
01tWC00000DD1ljYAD,15750,Fortra Price Book,USD
01tWC00000DD1llYAD,41,Fortra Price Book,USD
01tWC00000DD1lnYAD,26250,Fortra Price Book,USD
01tWC00000DD1lpYAD,16.55,Fortra Price Book,USD
01tWC00000DD1lrYAD,9.1,Fortra Price Book,USD
01tWC00000DD1ltYAD,16.55,Fortra Price Book,USD
01tWC00000DD1lvYAD,9.1,Fortra Price Book,USD
01tWC00000DD1lxYAD,16.55,Fortra Price Book,USD
01tWC00000DD1lzYAD,369,Fortra Price Book,USD
01tWC00000DD1m3YAD,16.55,Fortra Price Book,USD
01tWC00000DD1m5YAD,9.1,Fortra Price Book,USD
01tWC00000DD1m7YAD,2000,Fortra Price Book,USD
01tWC00000DD1mAYAT,500,Fortra Price Book,USD
01tWC00000DD1mCYAT,275,Fortra Price Book,USD
01tWC00000DD1mEYAT,750,Fortra Price Book,USD
01tWC00000DD1mGYAT,412,Fortra Price Book,USD
01tWC00000DD1mHYAT,1100,Fortra Price Book,USD
01tWC00000DD1mJYAT,3000,Fortra Price Book,USD
01tWC00000DD1mLYAT,1650,Fortra Price Book,USD
01tWC00000DD1mMYAT,11500,Fortra Price Book,USD
01tWC00000DD1mNYAT,20000,Fortra Price Book,USD
01tWC00000DD1mOYAT,55,Fortra Price Book,USD
01tWC00000DD1mYYAT,8907,Fortra Price Book,USD
01tWC00000DD1mcYAD,8907,Fortra Price Book,USD
01tWC00000DD1meYAD,7000,Fortra Price Book,USD
01tWC00000DD1mhYAD,3360,Fortra Price Book,USD
01tWC00000DCxkoYAD,7000,Fortra Price Book,USD
01tWC00000DCxkrYAD,21000,Fortra Price Book,USD
01tWC00000DCxkvYAD,5880,Fortra Price Book,USD
01tWC00000DCxkyYAD,5000,Fortra Price Book,USD
01tWC00000DCxl2YAD,338,Fortra Price Book,USD
01tWC00000DCxl4YAD,186,Fortra Price Book,USD
01tWC00000DCxl6YAD,1092,Fortra Price Book,USD
01tWC00000DCxl8YAD,601,Fortra Price Book,USD
01tWC00000DCxlAYAT,1461,Fortra Price Book,USD
01tWC00000DCxlCYAT,804,Fortra Price Book,USD
01tWC00000DCxlDYAT,5000,Fortra Price Book,USD
01tWC00000DCxlFYAT,1092,Fortra Price Book,USD
01tWC00000DCxlHYAT,601,Fortra Price Book,USD
01tWC00000DCxlIYAT,3150,Fortra Price Book,USD
01tWC00000DCxlJYAT,263,Fortra Price Book,USD
01tWC00000DCxlKYAT,2363,Fortra Price Book,USD
01tWC00000DCxlLYAT,263,Fortra Price Book,USD
01tWC00000DCxlNYAT,749,Fortra Price Book,USD
01tWC00000DCxlPYAT,749,Fortra Price Book,USD
01tWC00000DCxlRYAT,60000,Fortra Price Book,USD
01tWC00000DCxlSYAT,180000,Fortra Price Book,USD
01tWC00000DCxlTYAT,995,Fortra Price Book,USD
01tWC00000DCxlUYAT,5000,Fortra Price Book,USD
01tWC00000DCxlWYAT,1575,Fortra Price Book,USD
01tWC00000DCxlYYAT,866.25,Fortra Price Book,USD
01tWC00000DCxlaYAD,150,Fortra Price Book,USD
01tWC00000DCxleYAD,8422,Fortra Price Book,USD
01tWC00000DCxlzYAD,8907,Fortra Price Book,USD
01tWC00000DCxm7YAD,8907,Fortra Price Book,USD
01tWC00000DCxm9YAD,550,Fortra Price Book,USD
01tWC00000DCxmAYAT,550,Fortra Price Book,USD
01tWC00000DCxmBYAT,550,Fortra Price Book,USD
01tWC00000DCxmCYAT,500,Fortra Price Book,USD
01tWC00000DCxmDYAT,2000,Fortra Price Book,USD
01tWC00000DCxmFYAT,5040,Fortra Price Book,USD
01tWC00000DCxmGYAT,8907,Fortra Price Book,USD
01tWC00000DCxmIYAT,2950,Fortra Price Book,USD
01tWC00000DCxmKYAT,2500,Fortra Price Book,USD
01tWC00000DCxmMYAT,8907,Fortra Price Book,USD
01tWC00000DD1gMYAT,11500,Fortra Price Book,USD
01tWC00000DD1gQYAT,11500,Fortra Price Book,USD
01tWC00000DD1gVYAT,5500,Fortra Price Book,USD
01tWC00000DD1gYYAT,3408,Fortra Price Book,USD
01tWC00000DD1gaYAD,11500,Fortra Price Book,USD
01tWC00000DD1gfYAD,14375,Fortra Price Book,USD
01tWC00000DD1gjYAD,14375,Fortra Price Book,USD
01tWC00000DD1gmYAD,1609,Fortra Price Book,USD
01tWC00000DD1gnYAD,14375,Fortra Price Book,USD
01tWC00000DD1gqYAD,4335,Fortra Price Book,USD
01tWC00000DD1grYAD,14375,Fortra Price Book,USD
01tWC00000DD1gwYAD,14375,Fortra Price Book,USD
01tWC00000DD1h0YAD,1099,Fortra Price Book,USD
01tWC00000DD1h1YAD,14375,Fortra Price Book,USD
01tWC00000DD1h6YAD,14375,Fortra Price Book,USD
01tWC00000DD1hWYAT,6995,Fortra Price Book,USD
01tWC00000DD1hYYAT,4335,Fortra Price Book,USD
01tWC00000DD1haYAD,599,Fortra Price Book,USD
01tWC00000DD1hcYAD,1099,Fortra Price Book,USD
01tWC00000DD1hmYAD,99,Fortra Price Book,USD
01tWC00000DD1hoYAD,23,Fortra Price Book,USD
01tWC00000DD1hxYAD,895,Fortra Price Book,USD
01tWC00000DCzGHYA1,59,Fortra Price Book,USD
01tWC00000DCzGJYA1,299,Fortra Price Book,USD
01tWC00000DD1mnYAD,15,Fortra Price Book,USD
01tWC00000DD1mpYAD,299,Fortra Price Book,USD
01tWC00000DD1msYAD,349,Fortra Price Book,USD
01tWC00000DD1mvYAD,299,Fortra Price Book,USD
01tWC00000DD1myYAD,46,Fortra Price Book,USD
01tWC00000DD1mzYAD,124,Fortra Price Book,USD
01tWC00000DD1n1YAD,299,Fortra Price Book,USD
01tWC00000DD1n3YAD,15,Fortra Price Book,USD
01tWC00000DD1n5YAD,199,Fortra Price Book,USD
01tWC00000DD1n9YAD,249,Fortra Price Book,USD
01tWC00000DD1nCYAT,41,Fortra Price Book,USD
01tWC00000DD1nEYAT,299,Fortra Price Book,USD
01tWC00000DD1nGYAT,46,Fortra Price Book,USD
01tWC00000DD1nHYAT,124,Fortra Price Book,USD
01tWC00000DD1nJYAT,99,Fortra Price Book,USD
01tWC00000DD1nLYAT,49,Fortra Price Book,USD
01tWC00000DD1nOYAT,299,Fortra Price Book,USD
01tWC00000DD1nQYAT,137,Fortra Price Book,USD
01tWC00000DD1nSYAT,99,Fortra Price Book,USD
01tWC00000DD1nVYAT,149,Fortra Price Book,USD
01tWC00000DD1naYAD,525,Fortra Price Book,USD
01tWC00000DD1nfYAD,19800,Fortra Price Book,USD
01tWC00000DD1ngYAD,7000,Fortra Price Book,USD
01tWC00000DD1nmYAD,15000,Fortra Price Book,USD
01tWC00000DD1npYAD,299,Fortra Price Book,USD
01tWC00000DD1nrYAD,186,Fortra Price Book,USD
01tWC00000DD1ntYAD,299,Fortra Price Book,USD
01tWC00000DD1nxYAD,595,Fortra Price Book,USD
01tWC00000DD1o2YAD,595,Fortra Price Book,USD
01tWC00000DD1oSYAT,59,Fortra Price Book,USD
01tWC00000DD1oVYAT,299,Fortra Price Book,USD
01tWC00000DD1oXYAT,6995,Fortra Price Book,USD
01tWC00000DD1oZYAT,44544,Fortra Price Book,USD
01tWC00000DD1ocYAD,99,Fortra Price Book,USD
01tWC00000DD1ojYAD,33,Fortra Price Book,USD
01tWC00000DD1olYAD,150,Fortra Price Book,USD
01tWC00000DD1onYAD,99,Fortra Price Book,USD
01tWC00000DD1osYAD,295,Fortra Price Book,USD
01tWC00000DD1otYAD,4795,Fortra Price Book,USD
01tWC00000DD1owYAD,69,Fortra Price Book,USD
01tWC00000DD1p3YAD,99,Fortra Price Book,USD
01tWC00000DD1p5YAD,177,Fortra Price Book,USD
01tWC00000DD1p7YAD,15250,Fortra Price Book,USD
01tWC00000DD1pAYAT,99,Fortra Price Book,USD
01tWC00000DD1pCYAT,1848.6,Fortra Price Book,USD
01tWC00000DD1pDYAT,5562,Fortra Price Book,USD
01tWC00000DD1pFYAT,3450,Fortra Price Book,USD
01tWC00000DD1pHYAT,99,Fortra Price Book,USD
01tWC00000DD1pJYAT,1890,Fortra Price Book,USD
01tWC00000DD1pQYAT,99,Fortra Price Book,USD
01tWC00000DD1pSYAT,62,Fortra Price Book,USD
01tWC00000DD1pUYAT,33,Fortra Price Book,USD
01tWC00000DD1pWYAT,69,Fortra Price Book,USD
01tWC00000DD1pYYAT,99,Fortra Price Book,USD
01tWC00000DD1paYAD,177,Fortra Price Book,USD
01tWC00000DD1pkYAD,295,Fortra Price Book,USD
01tWC00000DD1pmYAD,183,Fortra Price Book,USD
01tWC00000DD1poYAD,4335,Fortra Price Book,USD
01tWC00000DD1prYAD,14995,Fortra Price Book,USD
01tWC00000DD1pvYAD,69,Fortra Price Book,USD
01tWC00000DD1tLYAT,29,Fortra Price Book,USD
01tWC00000DD1tNYAT,177,Fortra Price Book,USD
01tWC00000DD1tRYAT,6995,Fortra Price Book,USD
01tWC00000DD1tUYAT,380000,Fortra Price Book,USD
01tWC00000DD1tWYAT,2500,Fortra Price Book,USD
01tWC00000DD1tZYAT,19000,Fortra Price Book,USD
01tWC00000DD1tdYAD,9500,Fortra Price Book,USD
01tWC00000DD1tgYAD,23,Fortra Price Book,USD
01tWC00000DD1tsYAD,59,Fortra Price Book,USD
01tWC00000DD1twYAD,9819,Fortra Price Book,USD
01tWC00000DD1tyYAD,3928,Fortra Price Book,USD
01tWC00000DD1u0YAD,1613,Fortra Price Book,USD
01tWC00000DD1u2YAD,645,Fortra Price Book,USD
01tWC00000DD1u5YAD,10289,Fortra Price Book,USD
01tWC00000DD1u7YAD,4116,Fortra Price Book,USD
01tWC00000DD1u9YAD,629,Fortra Price Book,USD
01tWC00000DD1uBYAT,252,Fortra Price Book,USD
01tWC00000DD1uEYAT,2150,Fortra Price Book,USD
01tWC00000DD1uGYAT,860,Fortra Price Book,USD
01tWC00000DD1uJYAT,5889,Fortra Price Book,USD
01tWC00000DD1uLYAT,2356,Fortra Price Book,USD
01tWC00000DD1uNYAT,18243,Fortra Price Book,USD
01tWC00000DD1uPYAT,7297,Fortra Price Book,USD
01tWC00000DD1uRYAT,5348,Fortra Price Book,USD
01tWC00000DD1uTYAT,2139,Fortra Price Book,USD
01tWC00000DD1uVYAT,3600,Fortra Price Book,USD
01tWC00000DD1uXYAT,2476,Fortra Price Book,USD
01tWC00000DD1uZYAT,340000,Fortra Price Book,USD
01tWC00000DD1ubYAD,136000,Fortra Price Book,USD
01tWC00000DD1udYAD,548,Fortra Price Book,USD
01tWC00000DD1ufYAD,219,Fortra Price Book,USD
01tWC00000DD1uhYAD,2946,Fortra Price Book,USD
01tWC00000DD1ujYAD,1178,Fortra Price Book,USD
01tWC00000DD1ulYAD,12744,Fortra Price Book,USD
01tWC00000DD1unYAD,5098,Fortra Price Book,USD
01tWC00000DD1upYAD,14469,Fortra Price Book,USD
01tWC00000DD1urYAD,5788,Fortra Price Book,USD
01tWC00000DD1utYAD,12323,Fortra Price Book,USD
01tWC00000DD1uvYAD,4929,Fortra Price Book,USD
01tWC00000DD1uxYAD,3227,Fortra Price Book,USD
01tWC00000DD1uzYAD,1291,Fortra Price Book,USD
01tWC00000DD1v1YAD,2978,Fortra Price Book,USD
01tWC00000DD1v3YAD,1191,Fortra Price Book,USD
01tWC00000DD1v5YAD,12989,Fortra Price Book,USD
01tWC00000DD1v7YAD,5196,Fortra Price Book,USD
01tWC00000DD1v9YAD,480,Fortra Price Book,USD
01tWC00000DD1vBYAT,192,Fortra Price Book,USD
01tWC00000DD1vDYAT,2504,Fortra Price Book,USD
01tWC00000DD1vFYAT,1002,Fortra Price Book,USD
01tWC00000DD1vHYAT,12495,Fortra Price Book,USD
01tWC00000DD1vJYAT,4998,Fortra Price Book,USD
01tWC00000DD1vLYAT,2230,Fortra Price Book,USD
01tWC00000DD1vNYAT,892,Fortra Price Book,USD
01tWC00000DD1vPYAT,4956,Fortra Price Book,USD
01tWC00000DD1vRYAT,1982,Fortra Price Book,USD
01tWC00000DD1vTYAT,15019,Fortra Price Book,USD
01tWC00000DD1vVYAT,6008,Fortra Price Book,USD
01tWC00000DD1vXYAT,1798,Fortra Price Book,USD
01tWC00000DD1vZYAT,719,Fortra Price Book,USD
01tWC00000DD1vbYAD,5889,Fortra Price Book,USD
01tWC00000DD1vdYAD,2356,Fortra Price Book,USD
01tWC00000DD1viYAD,36.24,Fortra Price Book,USD
01tWC00000DD1vjYAD,5.52,Fortra Price Book,USD
01tWC00000DD1vkYAD,5.52,Fortra Price Book,USD
01tWC00000DD1vlYAD,5.52,Fortra Price Book,USD
01tWC00000DD1vnYAD,4088,Fortra Price Book,USD
01tWC00000DD1vpYAD,10000,Fortra Price Book,USD
01tWC00000DD1vqYAD,4485,Fortra Price Book,USD
01tWC00000DD1w1YAD,69,Fortra Price Book,USD
01tWC00000DD1w5YAD,177,Fortra Price Book,USD
01tWC00000DD1wBYAT,6895,Fortra Price Book,USD
01tWC00000DD1wDYAT,3792,Fortra Price Book,USD
01tWC00000DD1wHYAT,99,Fortra Price Book,USD
01tWC00000DD1q1YAD,149,Fortra Price Book,USD
01tWC00000DD1q9YAD,78,Fortra Price Book,USD
01tWC00000DD1qDYAT,895,Fortra Price Book,USD
01tWC00000DD1qHYAT,206,Fortra Price Book,USD
01tWC00000DD1qLYAT,525,Fortra Price Book,USD
01tWC00000DD1qTYAT,19800,Fortra Price Book,USD
01tWC00000DD1qVYAT,29400,Fortra Price Book,USD
01tWC00000DD1qXYAT,63,Fortra Price Book,USD
01tWC00000DD1qZYAT,1000,Fortra Price Book,USD
01tWC00000DD1qcYAD,15000,Fortra Price Book,USD
01tWC00000DD1qeYAD,8250,Fortra Price Book,USD
01tWC00000DD1qgYAD,169,Fortra Price Book,USD
01tWC00000DD1qiYAD,93,Fortra Price Book,USD
01tWC00000DD1qnYAD,500,Fortra Price Book,USD
01tWC00000DD1qoYAD,500,Fortra Price Book,USD
01tWC00000DD1qqYAD,5000,Fortra Price Book,USD
01tWC00000DD1qsYAD,2750,Fortra Price Book,USD
01tWC00000DD1quYAD,990,Fortra Price Book,USD
01tWC00000DD1qwYAD,191,Fortra Price Book,USD
01tWC00000DD1qyYAD,4000,Fortra Price Book,USD
01tWC00000DD1r0YAD,63,Fortra Price Book,USD
01tWC00000DD1r2YAD,10000,Fortra Price Book,USD
01tWC00000DD1r4YAD,559,Fortra Price Book,USD
01tWC00000DD1r6YAD,2250,Fortra Price Book,USD
01tWC00000DD1r8YAD,1238,Fortra Price Book,USD
01tWC00000DD1rAYAT,5000,Fortra Price Book,USD
01tWC00000DD1rCYAT,2750,Fortra Price Book,USD
01tWC00000DD1rGYAT,15000,Fortra Price Book,USD
01tWC00000DD1rIYAT,2000,Fortra Price Book,USD
01tWC00000DD1rKYAT,1100,Fortra Price Book,USD
01tWC00000DD1rOYAT,69,Fortra Price Book,USD
01tWC00000DD1rSYAT,177,Fortra Price Book,USD
01tWC00000DD1rWYAT,69,Fortra Price Book,USD
01tWC00000DD1rYYAT,1200,Fortra Price Book,USD
01tWC00000DD1raYAD,177,Fortra Price Book,USD
01tWC00000DD1rkYAD,1500,Fortra Price Book,USD
01tWC00000DD1rmYAD,37,Fortra Price Book,USD
01tWC00000DD1roYAD,1500,Fortra Price Book,USD
01tWC00000DD1rqYAD,4335,Fortra Price Book,USD
01tWC00000DD1rsYAD,1500,Fortra Price Book,USD
01tWC00000DD1ruYAD,62,Fortra Price Book,USD
01tWC00000DD1rwYAD,1500,Fortra Price Book,USD
01tWC00000DD1ryYAD,20,Fortra Price Book,USD
01tWC00000DD1s0YAD,4500,Fortra Price Book,USD
01tWC00000DD1s2YAD,62,Fortra Price Book,USD
01tWC00000DD1s4YAD,3000,Fortra Price Book,USD
01tWC00000DD1s6YAD,183,Fortra Price Book,USD
01tWC00000DD1s8YAD,1500,Fortra Price Book,USD
01tWC00000DD1sAYAT,62,Fortra Price Book,USD
01tWC00000DD1sCYAT,650,Fortra Price Book,USD
01tWC00000DD1sEYAT,62,Fortra Price Book,USD
01tWC00000DD1sIYAT,62,Fortra Price Book,USD
01tWC00000DD1sKYAT,2250,Fortra Price Book,USD
01tWC00000DD1sMYAT,1238,Fortra Price Book,USD
01tWC00000DD1sOYAT,2250,Fortra Price Book,USD
01tWC00000DD1sQYAT,1238,Fortra Price Book,USD
01tWC00000DD1saYAD,2400,Fortra Price Book,USD
01tWC00000DD1scYAD,545,Fortra Price Book,USD
01tWC00000DD1seYAD,1900,Fortra Price Book,USD
01tWC00000DD1sgYAD,1045,Fortra Price Book,USD
01tWC00000DD1siYAD,20000,Fortra Price Book,USD
01tWC00000DD1skYAD,11000,Fortra Price Book,USD
01tWC00000DD1sqYAD,3000,Fortra Price Book,USD
01tWC00000DD1ssYAD,1650,Fortra Price Book,USD
01tWC00000DD1suYAD,3000,Fortra Price Book,USD
01tWC00000DD1swYAD,1650,Fortra Price Book,USD
01tWC00000DD1t2YAD,4500,Fortra Price Book,USD
01tWC00000DD1t4YAD,2475,Fortra Price Book,USD
01tWC00000DD1t6YAD,4500,Fortra Price Book,USD
01tWC00000DD1t8YAD,2475,Fortra Price Book,USD
01tWC00000DD1tDYAT,11780,Fortra Price Book,USD
01tWC00000DCyxoYAD,5890,Fortra Price Book,USD
01tWC00000DCyxsYAD,3550,Fortra Price Book,USD
01tWC00000DCyxuYAD,1500,Fortra Price Book,USD
01tWC00000DCyxwYAD,825,Fortra Price Book,USD
01tWC00000DCyxyYAD,1200,Fortra Price Book,USD
01tWC00000DCyy0YAD,660,Fortra Price Book,USD
01tWC00000DCyyCYAT,34750,Fortra Price Book,USD
01tWC00000DCyyEYAT,20000,Fortra Price Book,USD
01tWC00000DCyyJYAT,2995,Fortra Price Book,USD
01tWC00000DCyyLYAT,12325,Fortra Price Book,USD
01tWC00000DCyyNYAT,8000,Fortra Price Book,USD
01tWC00000DCyyOYAT,1250,Fortra Price Book,USD
01tWC00000DCyyPYAT,2500,Fortra Price Book,USD
01tWC00000DCyyUYAT,4325,Fortra Price Book,USD
01tWC00000DCyyWYAT,2379,Fortra Price Book,USD
01tWC00000DCyyYYAT,2165,Fortra Price Book,USD
01tWC00000DCyyaYAD,1191,Fortra Price Book,USD
01tWC00000DD1wUYAT,565,Fortra Price Book,USD
01tWC00000DD1wWYAT,311,Fortra Price Book,USD
01tWC00000DD1wcYAD,7875,Fortra Price Book,USD
01tWC00000DD1whYAD,760,Fortra Price Book,USD
01tWC00000DD1wjYAD,5000,Fortra Price Book,USD
01tWC00000DD1wlYAD,2750,Fortra Price Book,USD
01tWC00000DD1woYAD,7500,Fortra Price Book,USD
01tWC00000DD1wqYAD,4125,Fortra Price Book,USD
01tWC00000DD1wsYAD,55,Fortra Price Book,USD
01tWC00000DD1wvYAD,7250,Fortra Price Book,USD
01tWC00000DD1wxYAD,3987.5,Fortra Price Book,USD
01tWC00000DD1x8YAD,10500,Fortra Price Book,USD
01tWC00000DD1xAYAT,5775,Fortra Price Book,USD
01tWC00000DD1xCYAT,30,Fortra Price Book,USD
01tWC00000DD1xIYAT,5250,Fortra Price Book,USD
01tWC00000DD1xKYAT,6000,Fortra Price Book,USD
01tWC00000DD1xLYAT,6000,Fortra Price Book,USD
01tWC00000DD1xNYAT,2625,Fortra Price Book,USD
01tWC00000DD1xPYAT,1443.75,Fortra Price Book,USD
01tWC00000DD1xRYAT,3675,Fortra Price Book,USD
01tWC00000DD1xTYAT,2021.25,Fortra Price Book,USD
01tWC00000DD1xVYAT,2100,Fortra Price Book,USD
01tWC00000DD1xXYAT,1155,Fortra Price Book,USD
01tWC00000DD1xbYAD,3300,Fortra Price Book,USD
01tWC00000DD1y6YAD,6000,Fortra Price Book,USD
01tWC00000DD1y7YAD,6000,Fortra Price Book,USD
01tWC00000DD1yBYAT,2400,Fortra Price Book,USD
01tWC00000DD1yNYAT,29.95,Fortra Price Book,USD
01tWC00000DD1yOYAT,80,Fortra Price Book,USD
01tWC00000DD1yPYAT,3.3,Fortra Price Book,USD
01tWC00000DD1yRYAT,3000,Fortra Price Book,USD
01tWC00000DD1yTYAT,360000,Fortra Price Book,USD
01tWC00000DD1yUYAT,24000,Fortra Price Book,USD
01tWC00000DD1yVYAT,58250,Fortra Price Book,USD
01tWC00000DD1yWYAT,6500,Fortra Price Book,USD
01tWC00000DD1yXYAT,500,Fortra Price Book,USD
01tWC00000DD1yYYAT,72000,Fortra Price Book,USD
01tWC00000DD1yZYAT,93250,Fortra Price Book,USD
01tWC00000DD1yaYAD,10500,Fortra Price Book,USD
01tWC00000DD1ybYAD,148000,Fortra Price Book,USD
01tWC00000DD1ycYAD,153250,Fortra Price Book,USD
01tWC00000DD1ydYAD,8000,Fortra Price Book,USD
01tWC00000DD1yeYAD,70000,Fortra Price Book,USD
01tWC00000DD1yfYAD,26000,Fortra Price Book,USD
01tWC00000DD1ygYAD,250,Fortra Price Book,USD
01tWC00000DD1yhYAD,875,Fortra Price Book,USD
01tWC00000DD1yiYAD,12150,Fortra Price Book,USD
01tWC00000DD1yjYAD,2700,Fortra Price Book,USD
01tWC00000DD1zhYAD,325,Fortra Price Book,USD
01tWC00000DD1zkYAD,4.75,Fortra Price Book,USD
01tWC00000DD1zlYAD,5000,Fortra Price Book,USD
01tWC00000DD1zqYAD,2000,Fortra Price Book,USD
01tWC00000DD1zrYAD,5.75,Fortra Price Book,USD
01tWC00000DD1zxYAD,325,Fortra Price Book,USD
01tWC00000DD1zyYAD,1000,Fortra Price Book,USD
01tWC00000DD200YAD,750,Fortra Price Book,USD
01tWC00000DD201YAD,450,Fortra Price Book,USD
01tWC00000DD202YAD,1125,Fortra Price Book,USD
01tWC00000DD203YAD,1125,Fortra Price Book,USD
01tWC00000DD204YAD,0.99,Fortra Price Book,USD
01tWC00000DD205YAD,0.99,Fortra Price Book,USD
01tWC00000DD209YAD,250,Fortra Price Book,USD
01tWC00000DD20AYAT,450,Fortra Price Book,USD
01tWC00000DD20BYAT,4000,Fortra Price Book,USD
01tWC00000DD20CYAT,9000,Fortra Price Book,USD
01tWC00000DD20DYAT,15000,Fortra Price Book,USD
01tWC00000DD20EYAT,5500,Fortra Price Book,USD
01tWC00000DD20FYAT,11000,Fortra Price Book,USD
01tWC00000DD20GYAT,18000,Fortra Price Book,USD
01tWC00000DD20KYAT,1000,Fortra Price Book,USD
01tWC00000DD20LYAT,1000,Fortra Price Book,USD
01tWC00000E5JwPYAV,42,Fortra Price Book,USD
01tWC00000E5JwSYAV,35,Fortra Price Book,USD
01tWC00000E6URZYA3,75,Fortra Price Book,USD
01tWC00000E6URaYAN,68,Fortra Price Book,USD
01tWC00000E6URbYAN,62,Fortra Price Book,USD
01tWC00000E6URcYAN,90,Fortra Price Book,USD
01tWC00000E6URdYAN,110,Fortra Price Book,USD
01tWC00000E6UReYAN,75,Fortra Price Book,USD
01tWC00000DD1OLYA1,3040,Fortra Price Book,AUD
01tWC00000DD1OLYA1,2700,Fortra Price Book,CAD
01tWC00000DD1OLYA1,1840,Fortra Price Book,EUR
01tWC00000DD1OLYA1,1580,Fortra Price Book,GBP
01tWC00000FBeoBYAT,2000,Fortra Price Book,USD
01tWC00000DD1OPYA1,5434,Fortra Price Book,AUD
01tWC00000DD1OPYA1,4826.25,Fortra Price Book,CAD
01tWC00000DD1OPYA1,3289,Fortra Price Book,EUR
01tWC00000DD1OPYA1,2824.25,Fortra Price Book,GBP
01tWC00000DD1ONYA1,11362,Fortra Price Book,AUD
01tWC00000DD1ONYA1,10091.25,Fortra Price Book,CAD
01tWC00000DD1ONYA1,6877,Fortra Price Book,EUR
01tWC00000DD1ONYA1,5905.25,Fortra Price Book,GBP
01tWC00000DD1ORYA1,12760.4,Fortra Price Book,AUD
01tWC00000DD1ORYA1,11333.25,Fortra Price Book,CAD
01tWC00000DD1ORYA1,7723.4,Fortra Price Book,EUR
01tWC00000DD1ORYA1,6632.05,Fortra Price Book,GBP
01tWC00000DD1OTYA1,6102.8,Fortra Price Book,AUD
01tWC00000DD1OTYA1,5420.25,Fortra Price Book,CAD
01tWC00000DD1OTYA1,3693.8,Fortra Price Book,EUR
01tWC00000DD1OTYA1,3171.85,Fortra Price Book,GBP
01tWC00000DD1OVYA1,4552.4,Fortra Price Book,AUD
01tWC00000DD1OVYA1,4043.25,Fortra Price Book,CAD
01tWC00000FBgVWYA1,418,Fortra Price Book,USD
01tWC00000FBgVWYA1,275,Fortra Price Book,USD
01tWC00000DD1cFYAT,5320,Fortra Price Book,AUD
01tWC00000DD11SYAT,15200,Fortra Price Book,AUD
01tWC00000DD11SYAT,13500,Fortra Price Book,CAD
01tWC00000DD11SYAT,9200,Fortra Price Book,EUR
01tWC00000DD11SYAT,7900,Fortra Price Book,GBP
01tWC00000FBSjXYAX,10000,Fortra Price Book,USD
01tWC00000DD15jYAD,39.52,Fortra Price Book,AUD
01tWC00000DD15jYAD,35.1,Fortra Price Book,CAD
01tWC00000DD15jYAD,23.92,Fortra Price Book,EUR
01tWC00000DD15jYAD,20.54,Fortra Price Book,GBP
01tWC00000DD15kYAD,21.28,Fortra Price Book,AUD
01tWC00000DD15kYAD,18.9,Fortra Price Book,CAD
01tWC00000DD15kYAD,12.88,Fortra Price Book,EUR
01tWC00000DD15kYAD,11.06,Fortra Price Book,GBP
01tWC00000DD15lYAD,76,Fortra Price Book,AUD
01tWC00000DD15lYAD,67.5,Fortra Price Book,CAD
01tWC00000DD15lYAD,46,Fortra Price Book,EUR
01tWC00000DD15lYAD,39.5,Fortra Price Book,GBP
01tWC00000DD15mYAD,76,Fortra Price Book,AUD
01tWC00000DD15mYAD,67.5,Fortra Price Book,CAD
01tWC00000DD15mYAD,46,Fortra Price Book,EUR
01tWC00000DD15mYAD,39.5,Fortra Price Book,GBP
01tWC00000FBWaGYAX,46,Fortra Price Book,USD
01tWC00000DD15nYAD,21.28,Fortra Price Book,AUD
01tWC00000DD15nYAD,18.9,Fortra Price Book,CAD
01tWC00000DD15nYAD,12.88,Fortra Price Book,EUR
01tWC00000DD15nYAD,11.06,Fortra Price Book,GBP
01tWC00000FBWaHYAX,18.9,Fortra Price Book,USD
01tWC00000DD15oYAD,76,Fortra Price Book,AUD
01tWC00000DD15oYAD,67.5,Fortra Price Book,CAD
01tWC00000DD15oYAD,46,Fortra Price Book,EUR
01tWC00000DD15oYAD,39.5,Fortra Price Book,GBP
01tWC00000FBWaIYAX,76,Fortra Price Book,USD
01tWC00000DD17bYAD,15200,Fortra Price Book,AUD
01tWC00000DD17bYAD,13500,Fortra Price Book,CAD
01tWC00000DD17bYAD,9200,Fortra Price Book,EUR
01tWC00000DD17bYAD,7900,Fortra Price Book,GBP
01tWC00000FBWaJYAX,15200,Fortra Price Book,USD
01tWC00000DD199YAD,30400,Fortra Price Book,AUD
01tWC00000DD199YAD,27000,Fortra Price Book,CAD
01tWC00000DD199YAD,18400,Fortra Price Book,EUR
01tWC00000DD199YAD,15800,Fortra Price Book,GBP
01tWC00000FBSjYYAX,20000,Fortra Price Book,USD
01tWC00000DD19AYAT,7600,Fortra Price Book,AUD
01tWC00000DD19AYAT,6750,Fortra Price Book,CAD
01tWC00000DD19AYAT,4600,Fortra Price Book,EUR
01tWC00000DD19AYAT,3950,Fortra Price Book,GBP
01tWC00000FBSjZYAX,5000,Fortra Price Book,USD
01tWC00000DD19CYAT,30400,Fortra Price Book,AUD
01tWC00000DD19CYAT,27000,Fortra Price Book,CAD
01tWC00000DD19CYAT,18400,Fortra Price Book,EUR
01tWC00000DD19CYAT,15800,Fortra Price Book,GBP
01tWC00000FBSjbYAH,20000,Fortra Price Book,USD
01tWC00000DD19XYAT,3040,Fortra Price Book,AUD
01tWC00000DD19XYAT,2700,Fortra Price Book,CAD
01tWC00000DD19XYAT,1840,Fortra Price Book,EUR
01tWC00000DD19XYAT,1580,Fortra Price Book,GBP
01tWC00000FBSjeYAH,2000,Fortra Price Book,USD
01tWC00000E6URZYA3,114,Fortra Price Book,AUD
01tWC00000E6URZYA3,101.25,Fortra Price Book,CAD
01tWC00000E6URZYA3,69,Fortra Price Book,EUR
01tWC00000E6URZYA3,59.25,Fortra Price Book,GBP
01tWC00000FBWadYAH,75,Fortra Price Book,USD
01tWC00000E6URaYAN,103.36,Fortra Price Book,AUD
01tWC00000E6URaYAN,91.8,Fortra Price Book,CAD
01tWC00000E6URaYAN,62.56,Fortra Price Book,EUR
01tWC00000E6URaYAN,53.72,Fortra Price Book,GBP
01tWC00000FBWaeYAH,68,Fortra Price Book,USD
01tWC00000DD1DfYAL,7600,Fortra Price Book,AUD
01tWC00000DD1DfYAL,6750,Fortra Price Book,CAD
01tWC00000DD1DfYAL,4600,Fortra Price Book,EUR
01tWC00000DD1DfYAL,3950,Fortra Price Book,GBP
01tWC00000FBWaKYAX,6750,Fortra Price Book,USD
01tWC00000DD1zlYAD,7600,Fortra Price Book,AUD
01tWC00000DD1zlYAD,6750,Fortra Price Book,CAD
01tWC00000DD1zlYAD,4600,Fortra Price Book,EUR
01tWC00000DD1zlYAD,3950,Fortra Price Book,GBP
01tWC00000FBWaZYAX,5000,Fortra Price Book,USD
01tWC00000DD1TlYAL,3040,Fortra Price Book,AUD
01tWC00000DD1TlYAL,2700,Fortra Price Book,CAD
01tWC00000DD1TlYAL,1840,Fortra Price Book,EUR
01tWC00000DD1TlYAL,1580,Fortra Price Book,GBP
01tWC00000FBSjkYAH,2000,Fortra Price Book,USD
01tWC00000DD1V1YAL,12892.64,Fortra Price Book,AUD
01tWC00000DD1V1YAL,11450.7,Fortra Price Book,CAD
01tWC00000DD1V1YAL,7803.44,Fortra Price Book,EUR
01tWC00000DD1V1YAL,6700.78,Fortra Price Book,GBP
01tWC00000DD1V3YAL,7090.8,Fortra Price Book,AUD
01tWC00000DD1V3YAL,6297.75,Fortra Price Book,CAD
01tWC00000DD1V3YAL,4291.8,Fortra Price Book,EUR
01tWC00000DD1V3YAL,3685.35,Fortra Price Book,GBP
01tWC00000FCUf7YAH,8482,Fortra Price Book,USD
01tWC00000FCUf9YAH,4665,Fortra Price Book,USD
01tWC00000DD1yaYAD,15960,Fortra Price Book,AUD
01tWC00000DD1yaYAD,14175,Fortra Price Book,CAD
01tWC00000DD1yaYAD,9660,Fortra Price Book,EUR
01tWC00000DD1yaYAD,8295,Fortra Price Book,GBP
01tWC00000FBWaYYAX,8295,Fortra Price Book,USD
01tWC00000DD1yWYAT,9880,Fortra Price Book,AUD
01tWC00000DD1yWYAT,8775,Fortra Price Book,CAD
01tWC00000DD1yWYAT,5980,Fortra Price Book,EUR
01tWC00000DD1yWYAT,5135,Fortra Price Book,GBP
01tWC00000FBWaXYAX,6500,Fortra Price Book,USD
01tWC00000DD1dpYAD,6270,Fortra Price Book,AUD
01tWC00000DD1dpYAD,5568.75,Fortra Price Book,CAD
01tWC00000DD1dpYAD,3795,Fortra Price Book,EUR
01tWC00000DD1dpYAD,3258.75,Fortra Price Book,GBP
01tWC00000FBWaSYAX,6270,Fortra Price Book,USD
01tWC00000DD1dqYAD,6270,Fortra Price Book,AUD
01tWC00000DD1dqYAD,5568.75,Fortra Price Book,CAD
01tWC00000DD1dqYAD,3795,Fortra Price Book,EUR
01tWC00000DD1dqYAD,3258.75,Fortra Price Book,GBP
01tWC00000FBWaTYAX,4125,Fortra Price Book,USD
01tWC00000DD1ldYAD,7600,Fortra Price Book,AUD
01tWC00000DD1ldYAD,6750,Fortra Price Book,CAD
01tWC00000DD1ldYAD,4600,Fortra Price Book,EUR
01tWC00000DD1ldYAD,3950,Fortra Price Book,GBP
01tWC00000DD1mOYAT,83.6,Fortra Price Book,AUD
01tWC00000DD1mOYAT,74.25,Fortra Price Book,CAD
01tWC00000DD1mOYAT,50.6,Fortra Price Book,EUR
01tWC00000DD1mOYAT,43.45,Fortra Price Book,GBP
01tWC00000DD1eUYAT,101.7,Fortra Price Book,AUD
01tWC00000DD1eUYAT,90.33,Fortra Price Book,CAD
01tWC00000DD1eUYAT,61.56,Fortra Price Book,EUR
01tWC00000DD1eUYAT,52.86,Fortra Price Book,GBP
01tWC00000DD1eWYAT,55.94,Fortra Price Book,AUD
01tWC00000DD1eWYAT,49.68,Fortra Price Book,CAD
01tWC00000DD1eWYAT,33.86,Fortra Price Book,EUR
01tWC00000DD1eWYAT,29.07,Fortra Price Book,GBP
01tWC00000DCxl4YAD,282.72,Fortra Price Book,AUD
01tWC00000DCxl4YAD,251.1,Fortra Price Book,CAD
01tWC00000DCxl4YAD,171.12,Fortra Price Book,EUR
01tWC00000DCxl4YAD,146.94,Fortra Price Book,GBP
01tWC00000DCxl2YAD,513.76,Fortra Price Book,AUD
01tWC00000DCxl2YAD,456.3,Fortra Price Book,CAD
01tWC00000DCxl2YAD,310.96,Fortra Price Book,EUR
01tWC00000DCxl2YAD,267.02,Fortra Price Book,GBP
01tWC00000FCKKAYA5,251.1,Fortra Price Book,USD
01tWC00000FCKK8YAP,513.76,Fortra Price Book,USD
01tWC00000DCxl8YAD,913.52,Fortra Price Book,AUD
01tWC00000DCxl8YAD,811.35,Fortra Price Book,CAD
01tWC00000DCxl8YAD,552.92,Fortra Price Book,EUR
01tWC00000DCxl8YAD,474.79,Fortra Price Book,GBP
01tWC00000DCxl6YAD,1659.84,Fortra Price Book,AUD
01tWC00000DCxl6YAD,1474.2,Fortra Price Book,CAD
01tWC00000DCxl6YAD,1004.64,Fortra Price Book,EUR
01tWC00000DCxl6YAD,862.68,Fortra Price Book,GBP
01tWC00000FCKKCYA5,862.68,Fortra Price Book,USD
01tWC00000FCKKEYA5,601,Fortra Price Book,USD
01tWC00000DCxlAYAT,2220.72,Fortra Price Book,AUD
01tWC00000DCxlAYAT,1972.35,Fortra Price Book,CAD
01tWC00000DCxlAYAT,1344.12,Fortra Price Book,EUR
01tWC00000DCxlAYAT,1154.19,Fortra Price Book,GBP
01tWC00000DCxlCYAT,1222.08,Fortra Price Book,AUD
01tWC00000DCxlCYAT,1085.4,Fortra Price Book,CAD
01tWC00000DCxlCYAT,739.68,Fortra Price Book,EUR
01tWC00000DCxlCYAT,635.16,Fortra Price Book,GBP
01tWC00000FCV4EYAX,2220.72,Fortra Price Book,USD
01tWC00000FCKKFYA5,1222.08,Fortra Price Book,USD
01tWC00000DCxlHYAT,913.52,Fortra Price Book,AUD
01tWC00000DCxlHYAT,811.35,Fortra Price Book,CAD
01tWC00000DCxlHYAT,552.92,Fortra Price Book,EUR
01tWC00000DCxlHYAT,474.79,Fortra Price Book,GBP
01tWC00000DCxlFYAT,1659.84,Fortra Price Book,AUD
01tWC00000DCxlFYAT,1474.2,Fortra Price Book,CAD
01tWC00000DCxlFYAT,1004.64,Fortra Price Book,EUR
01tWC00000DCxlFYAT,862.68,Fortra Price Book,GBP
01tWC00000FCV4HYAX,1092,Fortra Price Book,USD
01tWC00000FCV4JYAX,601,Fortra Price Book,USD
01tWC00000DCxlIYAT,4788,Fortra Price Book,AUD
01tWC00000DCxlIYAT,4252.5,Fortra Price Book,CAD
01tWC00000DCxlIYAT,2898,Fortra Price Book,EUR
01tWC00000DCxlIYAT,2488.5,Fortra Price Book,GBP
01tWC00000DCxlJYAT,399.76,Fortra Price Book,AUD
01tWC00000DCxlJYAT,355.05,Fortra Price Book,CAD
01tWC00000DCxlJYAT,241.96,Fortra Price Book,EUR
01tWC00000DCxlJYAT,207.77,Fortra Price Book,GBP
01tWC00000FCV4LYAX,399.76,Fortra Price Book,USD
01tWC00000DCxlKYAT,3591.76,Fortra Price Book,AUD
01tWC00000DCxlKYAT,3190.05,Fortra Price Book,CAD
01tWC00000DCxlKYAT,2173.96,Fortra Price Book,EUR
01tWC00000DCxlKYAT,1866.77,Fortra Price Book,GBP
01tWC00000FCV4MYAX,1866.77,Fortra Price Book,USD
01tWC00000DCxlLYAT,399.76,Fortra Price Book,AUD
01tWC00000DCxlLYAT,355.05,Fortra Price Book,CAD
01tWC00000DCxlLYAT,241.96,Fortra Price Book,EUR
01tWC00000DCxlLYAT,207.77,Fortra Price Book,GBP
01tWC00000DD10kYAD,252.32,Fortra Price Book,AUD
01tWC00000DD10kYAD,224.1,Fortra Price Book,CAD
01tWC00000DD10kYAD,152.72,Fortra Price Book,EUR
01tWC00000DD10kYAD,131.14,Fortra Price Book,GBP
01tWC00000FCV4TYAX,166,Fortra Price Book,USD
01tWC00000DCxlNYAT,1138.48,Fortra Price Book,AUD
01tWC00000DCxlNYAT,1011.15,Fortra Price Book,CAD
01tWC00000DCxlNYAT,689.08,Fortra Price Book,EUR
01tWC00000DCxlNYAT,591.71,Fortra Price Book,GBP
01tWC00000DCxlPYAT,1138.48,Fortra Price Book,AUD
01tWC00000DCxlPYAT,1011.15,Fortra Price Book,CAD
01tWC00000DCxlPYAT,689.08,Fortra Price Book,EUR
01tWC00000DCxlPYAT,591.71,Fortra Price Book,GBP
01tWC00000FCV4PYAX,749,Fortra Price Book,USD
01tWC00000FCV4RYAX,1138.48,Fortra Price Book,USD
01tWC00000DD1twYAD,14924.88,Fortra Price Book,AUD
01tWC00000DD1twYAD,13255.65,Fortra Price Book,CAD
01tWC00000DD1twYAD,9033.48,Fortra Price Book,EUR
01tWC00000DD1twYAD,7757.01,Fortra Price Book,GBP
01tWC00000DD1tyYAD,5970.56,Fortra Price Book,AUD
01tWC00000DD1tyYAD,5302.8,Fortra Price Book,CAD
01tWC00000DD1tyYAD,3613.76,Fortra Price Book,EUR
01tWC00000DD1tyYAD,3103.12,Fortra Price Book,GBP
01tWC00000DD1u2YAD,980.4,Fortra Price Book,AUD
01tWC00000DD1u2YAD,870.75,Fortra Price Book,CAD
01tWC00000DD1u2YAD,593.4,Fortra Price Book,EUR
01tWC00000DD1u2YAD,509.55,Fortra Price Book,GBP
01tWC00000DD1u0YAD,2451.76,Fortra Price Book,AUD
01tWC00000DD1u0YAD,2177.55,Fortra Price Book,CAD
01tWC00000DD1u0YAD,1483.96,Fortra Price Book,EUR
01tWC00000DD1u0YAD,1274.27,Fortra Price Book,GBP
01tWC00000DD1u7YAD,6256.32,Fortra Price Book,AUD
01tWC00000DD1u7YAD,5556.6,Fortra Price Book,CAD
01tWC00000DD1u7YAD,3786.72,Fortra Price Book,EUR
01tWC00000DD1u7YAD,3251.64,Fortra Price Book,GBP
01tWC00000DD1u5YAD,15639.28,Fortra Price Book,AUD
01tWC00000DD1u5YAD,13890.15,Fortra Price Book,CAD
01tWC00000DD1u5YAD,9465.88,Fortra Price Book,EUR
01tWC00000DD1u5YAD,8128.31,Fortra Price Book,GBP
01tWC00000FCV4fYAH,4116,Fortra Price Book,USD
01tWC00000FCV4dYAH,10289,Fortra Price Book,USD
01tWC00000DD1u9YAD,956.08,Fortra Price Book,AUD
01tWC00000DD1u9YAD,849.15,Fortra Price Book,CAD
01tWC00000DD1u9YAD,578.68,Fortra Price Book,EUR
01tWC00000DD1u9YAD,496.91,Fortra Price Book,GBP
01tWC00000DD1uBYAT,383.04,Fortra Price Book,AUD
01tWC00000DD1uBYAT,340.2,Fortra Price Book,CAD
01tWC00000DD1uBYAT,231.84,Fortra Price Book,EUR
01tWC00000DD1uBYAT,199.08,Fortra Price Book,GBP
01tWC00000DD1uEYAT,3268,Fortra Price Book,AUD
01tWC00000DD1uEYAT,2902.5,Fortra Price Book,CAD
01tWC00000DD1uEYAT,1978,Fortra Price Book,EUR
01tWC00000DD1uEYAT,1698.5,Fortra Price Book,GBP
01tWC00000DD1uGYAT,1307.2,Fortra Price Book,AUD
01tWC00000DD1uGYAT,1161,Fortra Price Book,CAD
01tWC00000DD1uGYAT,791.2,Fortra Price Book,EUR
01tWC00000DD1uGYAT,679.4,Fortra Price Book,GBP
01tWC00000DD1uLYAT,3581.12,Fortra Price Book,AUD
01tWC00000DD1uLYAT,3180.6,Fortra Price Book,CAD
01tWC00000DD1uLYAT,2167.52,Fortra Price Book,EUR
01tWC00000DD1uLYAT,1861.24,Fortra Price Book,GBP
01tWC00000DD1uJYAT,8951.28,Fortra Price Book,AUD
01tWC00000DD1uJYAT,7950.15,Fortra Price Book,CAD
01tWC00000DD1uJYAT,5417.88,Fortra Price Book,EUR
01tWC00000DD1uJYAT,4652.31,Fortra Price Book,GBP
01tWC00000DD1uPYAT,11091.44,Fortra Price Book,AUD
01tWC00000DD1uPYAT,9850.95,Fortra Price Book,CAD
01tWC00000DD1uPYAT,6713.24,Fortra Price Book,EUR
01tWC00000DD1uPYAT,5764.63,Fortra Price Book,GBP
01tWC00000DD1uNYAT,27729.36,Fortra Price Book,AUD
01tWC00000DD1uNYAT,24628.05,Fortra Price Book,CAD
01tWC00000DD1uNYAT,16783.56,Fortra Price Book,EUR
01tWC00000DD1uNYAT,14411.97,Fortra Price Book,GBP
01tWC00000DD1uTYAT,3251.28,Fortra Price Book,AUD
01tWC00000DD1uTYAT,2887.65,Fortra Price Book,CAD
01tWC00000DD1uTYAT,1967.88,Fortra Price Book,EUR
01tWC00000DD1uTYAT,1689.81,Fortra Price Book,GBP
01tWC00000DD1uRYAT,8128.96,Fortra Price Book,AUD
01tWC00000DD1uRYAT,7219.8,Fortra Price Book,CAD
01tWC00000DD1uRYAT,4920.16,Fortra Price Book,EUR
01tWC00000DD1uRYAT,4224.92,Fortra Price Book,GBP
01tWC00000DD1uXYAT,3763.52,Fortra Price Book,AUD
01tWC00000DD1uXYAT,3342.6,Fortra Price Book,CAD
01tWC00000DD1uXYAT,2277.92,Fortra Price Book,EUR
01tWC00000DD1uXYAT,1956.04,Fortra Price Book,GBP
01tWC00000DD1uVYAT,5472,Fortra Price Book,AUD
01tWC00000DD1uVYAT,4860,Fortra Price Book,CAD
01tWC00000DD1uVYAT,3312,Fortra Price Book,EUR
01tWC00000DD1uVYAT,2844,Fortra Price Book,GBP
01tWC00000DD1ubYAD,206720,Fortra Price Book,AUD
01tWC00000DD1ubYAD,183600,Fortra Price Book,CAD
01tWC00000DD1ubYAD,125120,Fortra Price Book,EUR
01tWC00000DD1ubYAD,107440,Fortra Price Book,GBP
01tWC00000DD1uZYAT,516800,Fortra Price Book,AUD
01tWC00000DD1uZYAT,459000,Fortra Price Book,CAD
01tWC00000DD1uZYAT,312800,Fortra Price Book,EUR
01tWC00000DD1uZYAT,268600,Fortra Price Book,GBP
01tWC00000DD1ufYAD,332.88,Fortra Price Book,AUD
01tWC00000DD1ufYAD,295.65,Fortra Price Book,CAD
01tWC00000DD1ufYAD,201.48,Fortra Price Book,EUR
01tWC00000DD1ufYAD,173.01,Fortra Price Book,GBP
01tWC00000DD1udYAD,832.96,Fortra Price Book,AUD
01tWC00000DD1udYAD,739.8,Fortra Price Book,CAD
01tWC00000DD1udYAD,504.16,Fortra Price Book,EUR
01tWC00000DD1udYAD,432.92,Fortra Price Book,GBP
01tWC00000DD1uhYAD,4477.92,Fortra Price Book,AUD
01tWC00000DD1uhYAD,3977.1,Fortra Price Book,CAD
01tWC00000DD1uhYAD,2710.32,Fortra Price Book,EUR
01tWC00000DD1uhYAD,2327.34,Fortra Price Book,GBP
01tWC00000DD1ujYAD,1790.56,Fortra Price Book,AUD
01tWC00000DD1ujYAD,1590.3,Fortra Price Book,CAD
01tWC00000DD1ujYAD,1083.76,Fortra Price Book,EUR
01tWC00000DD1ujYAD,930.62,Fortra Price Book,GBP
01tWC00000DD1ulYAD,19370.88,Fortra Price Book,AUD
01tWC00000DD1ulYAD,17204.4,Fortra Price Book,CAD
01tWC00000DD1ulYAD,11724.48,Fortra Price Book,EUR
01tWC00000DD1ulYAD,10067.76,Fortra Price Book,GBP
01tWC00000DD1unYAD,7748.96,Fortra Price Book,AUD
01tWC00000DD1unYAD,6882.3,Fortra Price Book,CAD
01tWC00000DD1unYAD,4690.16,Fortra Price Book,EUR
01tWC00000DD1unYAD,4027.42,Fortra Price Book,GBP
01tWC00000DD1upYAD,21992.88,Fortra Price Book,AUD
01tWC00000DD1upYAD,19533.15,Fortra Price Book,CAD
01tWC00000DD1upYAD,13311.48,Fortra Price Book,EUR
01tWC00000DD1upYAD,11430.51,Fortra Price Book,GBP
01tWC00000DD1urYAD,8797.76,Fortra Price Book,AUD
01tWC00000DD1urYAD,7813.8,Fortra Price Book,CAD
01tWC00000DD1urYAD,5324.96,Fortra Price Book,EUR
01tWC00000DD1urYAD,4572.52,Fortra Price Book,GBP
01tWC00000DD1utYAD,18730.96,Fortra Price Book,AUD
01tWC00000DD1utYAD,16636.05,Fortra Price Book,CAD
01tWC00000DD1utYAD,11337.16,Fortra Price Book,EUR
01tWC00000DD1utYAD,9735.17,Fortra Price Book,GBP
01tWC00000DD1uvYAD,7492.08,Fortra Price Book,AUD
01tWC00000DD1uvYAD,6654.15,Fortra Price Book,CAD
01tWC00000DD1uvYAD,4534.68,Fortra Price Book,EUR
01tWC00000DD1uvYAD,3893.91,Fortra Price Book,GBP
01tWC00000DD1uzYAD,1962.32,Fortra Price Book,AUD
01tWC00000DD1uzYAD,1742.85,Fortra Price Book,CAD
01tWC00000DD1uzYAD,1187.72,Fortra Price Book,EUR
01tWC00000DD1uzYAD,1019.89,Fortra Price Book,GBP
01tWC00000DD1uxYAD,4905.04,Fortra Price Book,AUD
01tWC00000DD1uxYAD,4356.45,Fortra Price Book,CAD
01tWC00000DD1uxYAD,2968.84,Fortra Price Book,EUR
01tWC00000DD1uxYAD,2549.33,Fortra Price Book,GBP
01tWC00000DD1v3YAD,1810.32,Fortra Price Book,AUD
01tWC00000DD1v3YAD,1607.85,Fortra Price Book,CAD
01tWC00000DD1v3YAD,1095.72,Fortra Price Book,EUR
01tWC00000DD1v3YAD,940.89,Fortra Price Book,GBP
01tWC00000DD1v1YAD,4526.56,Fortra Price Book,AUD
01tWC00000DD1v1YAD,4020.3,Fortra Price Book,CAD
01tWC00000DD1v1YAD,2739.76,Fortra Price Book,EUR
01tWC00000DD1v1YAD,2352.62,Fortra Price Book,GBP
01tWC00000DD1v5YAD,19743.28,Fortra Price Book,AUD
01tWC00000DD1v5YAD,17535.15,Fortra Price Book,CAD
01tWC00000DD1v5YAD,11949.88,Fortra Price Book,EUR
01tWC00000DD1v5YAD,10261.31,Fortra Price Book,GBP
01tWC00000DD1v7YAD,7897.92,Fortra Price Book,AUD
01tWC00000DD1v7YAD,7014.6,Fortra Price Book,CAD
01tWC00000DD1v7YAD,4780.32,Fortra Price Book,EUR
01tWC00000DD1v7YAD,4104.84,Fortra Price Book,GBP
01tWC00000DD1v9YAD,729.6,Fortra Price Book,AUD
01tWC00000DD1v9YAD,648,Fortra Price Book,CAD
01tWC00000DD1v9YAD,441.6,Fortra Price Book,EUR
01tWC00000DD1v9YAD,379.2,Fortra Price Book,GBP
01tWC00000DD1vBYAT,291.84,Fortra Price Book,AUD
01tWC00000DD1vBYAT,259.2,Fortra Price Book,CAD
01tWC00000DD1vBYAT,176.64,Fortra Price Book,EUR
01tWC00000DD1vBYAT,151.68,Fortra Price Book,GBP
01tWC00000DD1vFYAT,1523.04,Fortra Price Book,AUD
01tWC00000DD1vFYAT,1352.7,Fortra Price Book,CAD
01tWC00000DD1vFYAT,921.84,Fortra Price Book,EUR
01tWC00000DD1vFYAT,791.58,Fortra Price Book,GBP
01tWC00000DD1vDYAT,3806.08,Fortra Price Book,AUD
01tWC00000DD1vDYAT,3380.4,Fortra Price Book,CAD
01tWC00000DD1vDYAT,2303.68,Fortra Price Book,EUR
01tWC00000DD1vDYAT,1978.16,Fortra Price Book,GBP
01tWC00000DD1vJYAT,7596.96,Fortra Price Book,AUD
01tWC00000DD1vJYAT,6747.3,Fortra Price Book,CAD
01tWC00000DD1vJYAT,4598.16,Fortra Price Book,EUR
01tWC00000DD1vJYAT,3948.42,Fortra Price Book,GBP
01tWC00000DD1vHYAT,18992.4,Fortra Price Book,AUD
01tWC00000DD1vHYAT,16868.25,Fortra Price Book,CAD
01tWC00000DD1vHYAT,11495.4,Fortra Price Book,EUR
01tWC00000DD1vHYAT,9871.05,Fortra Price Book,GBP
01tWC00000DD1vLYAT,3389.6,Fortra Price Book,AUD
01tWC00000DD1vLYAT,3010.5,Fortra Price Book,CAD
01tWC00000DD1vLYAT,2051.6,Fortra Price Book,EUR
01tWC00000DD1vLYAT,1761.7,Fortra Price Book,GBP
01tWC00000DD1vNYAT,1355.84,Fortra Price Book,AUD
01tWC00000DD1vNYAT,1204.2,Fortra Price Book,CAD
01tWC00000DD1vNYAT,820.64,Fortra Price Book,EUR
01tWC00000DD1vNYAT,704.68,Fortra Price Book,GBP
01tWC00000DD1vPYAT,7533.12,Fortra Price Book,AUD
01tWC00000DD1vPYAT,6690.6,Fortra Price Book,CAD
01tWC00000DD1vPYAT,4559.52,Fortra Price Book,EUR
01tWC00000DD1vPYAT,3915.24,Fortra Price Book,GBP
01tWC00000DD1vRYAT,3012.64,Fortra Price Book,AUD
01tWC00000DD1vRYAT,2675.7,Fortra Price Book,CAD
01tWC00000DD1vRYAT,1823.44,Fortra Price Book,EUR
01tWC00000DD1vRYAT,1565.78,Fortra Price Book,GBP
01tWC00000DD1vVYAT,9132.16,Fortra Price Book,AUD
01tWC00000DD1vVYAT,8110.8,Fortra Price Book,CAD
01tWC00000DD1vVYAT,5527.36,Fortra Price Book,EUR
01tWC00000DD1vVYAT,4746.32,Fortra Price Book,GBP
01tWC00000DD1vTYAT,22828.88,Fortra Price Book,AUD
01tWC00000DD1vTYAT,20275.65,Fortra Price Book,CAD
01tWC00000DD1vTYAT,13817.48,Fortra Price Book,EUR
01tWC00000DD1vTYAT,11865.01,Fortra Price Book,GBP
01tWC00000DD1vXYAT,2732.96,Fortra Price Book,AUD
01tWC00000DD1vXYAT,2427.3,Fortra Price Book,CAD
01tWC00000DD1vXYAT,1654.16,Fortra Price Book,EUR
01tWC00000DD1vXYAT,1420.42,Fortra Price Book,GBP
01tWC00000DD1vZYAT,1092.88,Fortra Price Book,AUD
01tWC00000DD1vZYAT,970.65,Fortra Price Book,CAD
01tWC00000DD1vZYAT,661.48,Fortra Price Book,EUR
01tWC00000DD1vZYAT,568.01,Fortra Price Book,GBP
01tWC00000DD1vdYAD,3581.12,Fortra Price Book,AUD
01tWC00000DD1vdYAD,3180.6,Fortra Price Book,CAD
01tWC00000DD1vdYAD,2167.52,Fortra Price Book,EUR
01tWC00000DD1vdYAD,1861.24,Fortra Price Book,GBP
01tWC00000DD1vbYAD,8951.28,Fortra Price Book,AUD
01tWC00000DD1vbYAD,7950.15,Fortra Price Book,CAD
01tWC00000DD1vbYAD,5417.88,Fortra Price Book,EUR
01tWC00000DD1vbYAD,4652.31,Fortra Price Book,GBP
01tWC00000DD10lYAD,208.24,Fortra Price Book,AUD
01tWC00000DD10lYAD,184.95,Fortra Price Book,CAD
01tWC00000DD10lYAD,126.04,Fortra Price Book,EUR
01tWC00000DD10lYAD,108.23,Fortra Price Book,GBP
01tWC00000DD1qTYAT,30096,Fortra Price Book,AUD
01tWC00000DD1qTYAT,26730,Fortra Price Book,CAD
01tWC00000DD1qTYAT,18216,Fortra Price Book,EUR
01tWC00000DD1qTYAT,15642,Fortra Price Book,GBP
01tWC00000DD1qXYAT,95.76,Fortra Price Book,AUD
01tWC00000DD1qXYAT,85.05,Fortra Price Book,CAD
01tWC00000DD1qXYAT,57.96,Fortra Price Book,EUR
01tWC00000DD1qXYAT,49.77,Fortra Price Book,GBP
01tWC00000DD1qVYAT,44688,Fortra Price Book,AUD
01tWC00000DD1qVYAT,39690,Fortra Price Book,CAD
01tWC00000DD1qVYAT,27048,Fortra Price Book,EUR
01tWC00000DD1qVYAT,23226,Fortra Price Book,GBP
01tWC00000DD1qZYAT,1520,Fortra Price Book,AUD
01tWC00000DD1qZYAT,1350,Fortra Price Book,CAD
01tWC00000DD1qZYAT,920,Fortra Price Book,EUR
01tWC00000DD1qZYAT,790,Fortra Price Book,GBP
01tWC00000DD1ACYA1,13.83,Fortra Price Book,AUD
01tWC00000DD1ACYA1,12.29,Fortra Price Book,CAD
01tWC00000DD1ACYA1,8.37,Fortra Price Book,EUR
01tWC00000DD1ACYA1,7.19,Fortra Price Book,GBP
01tWC00000DD1AAYA1,25.16,Fortra Price Book,AUD
01tWC00000DD1AAYA1,22.34,Fortra Price Book,CAD
01tWC00000DD1AAYA1,15.23,Fortra Price Book,EUR
01tWC00000DD1AAYA1,13.07,Fortra Price Book,GBP
01tWC00000DD1AEYA1,25.16,Fortra Price Book,AUD
01tWC00000DD1AEYA1,22.34,Fortra Price Book,CAD
01tWC00000DD1AEYA1,15.23,Fortra Price Book,EUR
01tWC00000DD1AEYA1,13.07,Fortra Price Book,GBP
01tWC00000DD1AGYA1,13.83,Fortra Price Book,AUD
01tWC00000DD1AGYA1,12.29,Fortra Price Book,CAD
01tWC00000DD1AGYA1,8.37,Fortra Price Book,EUR
01tWC00000DD1AGYA1,7.19,Fortra Price Book,GBP
01tWC00000DD1qgYAD,256.88,Fortra Price Book,AUD
01tWC00000DD1qgYAD,228.15,Fortra Price Book,CAD
01tWC00000DD1qgYAD,155.48,Fortra Price Book,EUR
01tWC00000DD1qgYAD,133.51,Fortra Price Book,GBP
01tWC00000DD1qiYAD,141.36,Fortra Price Book,AUD
01tWC00000DD1qiYAD,125.55,Fortra Price Book,CAD
01tWC00000DD1qiYAD,85.56,Fortra Price Book,EUR
01tWC00000DD1qiYAD,73.47,Fortra Price Book,GBP
01tWC00000DD1yOYAT,121.6,Fortra Price Book,AUD
01tWC00000DD1yOYAT,108,Fortra Price Book,CAD
01tWC00000DD1yOYAT,73.6,Fortra Price Book,EUR
01tWC00000DD1yOYAT,63.2,Fortra Price Book,GBP
01tWC00000FBWaWYAX,80,Fortra Price Book,USD
01tWC00000DD11UYAT,62.32,Fortra Price Book,AUD
01tWC00000DD11UYAT,55.35,Fortra Price Book,CAD
01tWC00000DD11UYAT,37.72,Fortra Price Book,EUR
01tWC00000DD11UYAT,32.39,Fortra Price Book,GBP
01tWC00000DD11VYAT,3192,Fortra Price Book,AUD
01tWC00000DD11VYAT,2835,Fortra Price Book,CAD
01tWC00000DD11VYAT,1932,Fortra Price Book,EUR
01tWC00000DD11VYAT,1659,Fortra Price Book,GBP
01tWC00000DD11WYAT,22344,Fortra Price Book,AUD
01tWC00000DD11WYAT,19845,Fortra Price Book,CAD
01tWC00000DD11WYAT,13524,Fortra Price Book,EUR
01tWC00000DD11WYAT,11613,Fortra Price Book,GBP
01tWC00000DD13IYAT,6213.76,Fortra Price Book,AUD
01tWC00000DD13IYAT,5518.8,Fortra Price Book,CAD
01tWC00000DD13IYAT,3760.96,Fortra Price Book,EUR
01tWC00000DD13IYAT,3229.52,Fortra Price Book,GBP
01tWC00000DD13KYAT,3416.96,Fortra Price Book,AUD
01tWC00000DD13KYAT,3034.8,Fortra Price Book,CAD
01tWC00000DD13KYAT,2068.16,Fortra Price Book,EUR
01tWC00000DD13KYAT,1775.92,Fortra Price Book,GBP
01tWC00000DD13RYAT,3192,Fortra Price Book,AUD
01tWC00000DD13RYAT,2835,Fortra Price Book,CAD
01tWC00000DD13RYAT,1932,Fortra Price Book,EUR
01tWC00000DD13RYAT,1659,Fortra Price Book,GBP
01tWC00000DD13TYAT,1755.6,Fortra Price Book,AUD
01tWC00000DD13TYAT,1559.25,Fortra Price Book,CAD
01tWC00000DD13TYAT,1062.6,Fortra Price Book,EUR
01tWC00000DD13TYAT,912.45,Fortra Price Book,GBP
01tWC00000FCQQNYA5,1155,Fortra Price Book,USD
01tWC00000FCQQLYA5,3192,Fortra Price Book,USD
01tWC00000DD17nYAD,5126.96,Fortra Price Book,AUD
01tWC00000DD17nYAD,4553.55,Fortra Price Book,CAD
01tWC00000DD17nYAD,3103.16,Fortra Price Book,EUR
01tWC00000DD17nYAD,2664.67,Fortra Price Book,GBP
01tWC00000DD17lYAD,9320.64,Fortra Price Book,AUD
01tWC00000DD17lYAD,8278.2,Fortra Price Book,CAD
01tWC00000DD17lYAD,5641.44,Fortra Price Book,EUR
01tWC00000DD17lYAD,4844.28,Fortra Price Book,GBP
01tWC00000DD18IYAT,19.32,Fortra Price Book,AUD
01tWC00000DD18IYAT,17.16,Fortra Price Book,CAD
01tWC00000DD18IYAT,11.69,Fortra Price Book,EUR
01tWC00000DD18IYAT,10.04,Fortra Price Book,GBP
01tWC00000DD18GYAT,35.11,Fortra Price Book,AUD
01tWC00000DD18GYAT,31.19,Fortra Price Book,CAD
01tWC00000DD18GYAT,21.25,Fortra Price Book,EUR
01tWC00000DD18GYAT,18.25,Fortra Price Book,GBP
01tWC00000DD18OYAT,35.11,Fortra Price Book,AUD
01tWC00000DD18OYAT,31.19,Fortra Price Book,CAD
01tWC00000DD18OYAT,21.25,Fortra Price Book,EUR
01tWC00000DD18OYAT,18.25,Fortra Price Book,GBP
01tWC00000FCNZ8YAP,23.1,Fortra Price Book,USD
01tWC00000DD18RYAT,8.71,Fortra Price Book,AUD
01tWC00000DD18RYAT,7.74,Fortra Price Book,CAD
01tWC00000DD18RYAT,5.27,Fortra Price Book,EUR
01tWC00000DD18RYAT,4.53,Fortra Price Book,GBP
01tWC00000FCNZBYA5,5.73,Fortra Price Book,USD
01tWC00000DD18UYAT,14.36,Fortra Price Book,AUD
01tWC00000DD18UYAT,12.76,Fortra Price Book,CAD
01tWC00000DD18UYAT,8.69,Fortra Price Book,EUR
01tWC00000DD18UYAT,7.47,Fortra Price Book,GBP
01tWC00000DD18WYAT,7.9,Fortra Price Book,AUD
01tWC00000DD18WYAT,7.02,Fortra Price Book,CAD
01tWC00000DD18WYAT,4.78,Fortra Price Book,EUR
01tWC00000DD18WYAT,4.11,Fortra Price Book,GBP
01tWC00000DD18aYAD,21945.76,Fortra Price Book,AUD
01tWC00000DD18aYAD,19491.3,Fortra Price Book,CAD
01tWC00000DD18aYAD,13282.96,Fortra Price Book,EUR
01tWC00000DD18aYAD,11406.02,Fortra Price Book,GBP
01tWC00000DD18YYAT,39900,Fortra Price Book,AUD
01tWC00000DD18YYAT,35437.5,Fortra Price Book,CAD
01tWC00000DD18YYAT,24150,Fortra Price Book,EUR
01tWC00000DD18YYAT,20737.5,Fortra Price Book,GBP
01tWC00000FCNZKYA5,14438,Fortra Price Book,USD
01tWC00000FCNZIYA5,26250,Fortra Price Book,USD
01tWC00000DD18eYAD,21945.76,Fortra Price Book,AUD
01tWC00000DD18eYAD,19491.3,Fortra Price Book,CAD
01tWC00000DD18eYAD,13282.96,Fortra Price Book,EUR
01tWC00000DD18eYAD,11406.02,Fortra Price Book,GBP
01tWC00000DD18cYAD,39900,Fortra Price Book,AUD
01tWC00000DD18cYAD,35437.5,Fortra Price Book,CAD
01tWC00000DD18cYAD,24150,Fortra Price Book,EUR
01tWC00000DD18cYAD,20737.5,Fortra Price Book,GBP
01tWC00000FCNZMYA5,26250,Fortra Price Book,USD
01tWC00000FCNZOYA5,14438,Fortra Price Book,USD
01tWC00000DD18hYAD,38000,Fortra Price Book,AUD
01tWC00000DD18hYAD,33750,Fortra Price Book,CAD
01tWC00000DD18hYAD,23000,Fortra Price Book,EUR
01tWC00000DD18hYAD,19750,Fortra Price Book,GBP
01tWC00000DD18iYAD,44080,Fortra Price Book,AUD
01tWC00000DD18iYAD,39150,Fortra Price Book,CAD
01tWC00000DD18iYAD,26680,Fortra Price Book,EUR
01tWC00000DD18iYAD,22910,Fortra Price Book,GBP
01tWC00000DD18jYAD,399,Fortra Price Book,AUD
01tWC00000DD18jYAD,354.38,Fortra Price Book,CAD
01tWC00000DD18jYAD,241.5,Fortra Price Book,EUR
01tWC00000DD18jYAD,207.38,Fortra Price Book,GBP
01tWC00000DD18kYAD,3591,Fortra Price Book,AUD
01tWC00000DD18kYAD,3189.38,Fortra Price Book,CAD
01tWC00000DD18kYAD,2173.5,Fortra Price Book,EUR
01tWC00000DD18kYAD,1866.38,Fortra Price Book,GBP
01tWC00000FCNZUYA5,1866.38,Fortra Price Book,USD
01tWC00000DD18lYAD,1596,Fortra Price Book,AUD
01tWC00000DD18lYAD,1417.5,Fortra Price Book,CAD
01tWC00000DD18lYAD,966,Fortra Price Book,EUR
01tWC00000DD18lYAD,829.5,Fortra Price Book,GBP
01tWC00000DD18mYAD,111720,Fortra Price Book,AUD
01tWC00000DD18mYAD,99225,Fortra Price Book,CAD
01tWC00000DD18mYAD,67620,Fortra Price Book,EUR
01tWC00000DD18mYAD,58065,Fortra Price Book,GBP
01tWC00000DD18nYAD,209760,Fortra Price Book,AUD
01tWC00000DD18nYAD,186300,Fortra Price Book,CAD
01tWC00000DD18nYAD,126960,Fortra Price Book,EUR
01tWC00000DD18nYAD,109020,Fortra Price Book,GBP
01tWC00000FCNZWYA5,138000,Fortra Price Book,USD
01tWC00000DD18vYAD,6.58,Fortra Price Book,AUD
01tWC00000DD18vYAD,5.85,Fortra Price Book,CAD
01tWC00000DD18vYAD,3.98,Fortra Price Book,EUR
01tWC00000DD18vYAD,3.42,Fortra Price Book,GBP
01tWC00000DD18tYAD,11.98,Fortra Price Book,AUD
01tWC00000DD18tYAD,10.64,Fortra Price Book,CAD
01tWC00000DD18tYAD,7.25,Fortra Price Book,EUR
01tWC00000DD18tYAD,6.23,Fortra Price Book,GBP
01tWC00000DD191YAD,34.82,Fortra Price Book,AUD
01tWC00000DD191YAD,30.93,Fortra Price Book,CAD
01tWC00000DD191YAD,21.08,Fortra Price Book,EUR
01tWC00000DD191YAD,18.1,Fortra Price Book,GBP
01tWC00000DD193YAD,19.15,Fortra Price Book,AUD
01tWC00000DD193YAD,17.01,Fortra Price Book,CAD
01tWC00000DD193YAD,11.59,Fortra Price Book,EUR
01tWC00000DD193YAD,9.95,Fortra Price Book,GBP
01tWC00000FCUeyYAH,12.6,Fortra Price Book,USD
01tWC00000DD19VYAT,532,Fortra Price Book,AUD
01tWC00000DD19VYAT,472.5,Fortra Price Book,CAD
01tWC00000DD19VYAT,322,Fortra Price Book,EUR
01tWC00000DD19VYAT,276.5,Fortra Price Book,GBP
01tWC00000FBfcuYAD,532,Fortra Price Book,USD
01tWC00000FBfcuYAD,350,Fortra Price Book,USD
01tWC00000DD1KpYAL,418,Fortra Price Book,AUD
01tWC00000DD1KpYAL,371.25,Fortra Price Book,CAD
01tWC00000DD1KpYAL,253,Fortra Price Book,EUR
01tWC00000DD1KpYAL,217.25,Fortra Price Book,GBP
01tWC00000FBfd0YAD,418,Fortra Price Book,USD
01tWC00000FBfd0YAD,275,Fortra Price Book,USD
01tWC00000DD1KoYAL,14440,Fortra Price Book,AUD
01tWC00000DD1KoYAL,12825,Fortra Price Book,CAD
01tWC00000DD1KoYAL,8740,Fortra Price Book,EUR
01tWC00000DD1KoYAL,7505,Fortra Price Book,GBP
01tWC00000FBfczYAD,14440,Fortra Price Book,USD
01tWC00000FBfczYAD,9500,Fortra Price Book,USD
01tWC00000DD1KqYAL,8512,Fortra Price Book,AUD
01tWC00000DD1KqYAL,7560,Fortra Price Book,CAD
01tWC00000DD1KqYAL,5152,Fortra Price Book,EUR
01tWC00000DD1KqYAL,4424,Fortra Price Book,GBP
01tWC00000DD1LkYAL,2508,Fortra Price Book,AUD
01tWC00000DD1LkYAL,2227.5,Fortra Price Book,CAD
01tWC00000DD1LkYAL,1518,Fortra Price Book,EUR
01tWC00000DD1LkYAL,1303.5,Fortra Price Book,GBP
01tWC00000DD1QpYAL,3416.96,Fortra Price Book,AUD
01tWC00000DD1QpYAL,3034.8,Fortra Price Book,CAD
01tWC00000DD1QpYAL,2068.16,Fortra Price Book,EUR
01tWC00000DD1QpYAL,1775.92,Fortra Price Book,GBP
01tWC00000DD1QnYAL,6213.76,Fortra Price Book,AUD
01tWC00000DD1QnYAL,5518.8,Fortra Price Book,CAD
01tWC00000DD1QnYAL,3760.96,Fortra Price Book,EUR
01tWC00000DD1QnYAL,3229.52,Fortra Price Book,GBP
01tWC00000DD1RlYAL,1244.88,Fortra Price Book,AUD
01tWC00000DD1RlYAL,1105.65,Fortra Price Book,CAD
01tWC00000DD1RlYAL,753.48,Fortra Price Book,EUR
01tWC00000DD1RlYAL,647.01,Fortra Price Book,GBP
01tWC00000DD1RnYAL,684,Fortra Price Book,AUD
01tWC00000DD1RnYAL,607.5,Fortra Price Book,CAD
01tWC00000DD1RnYAL,414,Fortra Price Book,EUR
01tWC00000DD1RnYAL,355.5,Fortra Price Book,GBP
01tWC00000DD09nYAD,6213.76,Fortra Price Book,AUD
01tWC00000DD09nYAD,5518.8,Fortra Price Book,CAD
01tWC00000DD09nYAD,3760.96,Fortra Price Book,EUR
01tWC00000DD09nYAD,3229.52,Fortra Price Book,GBP
01tWC00000DD09pYAD,3416.96,Fortra Price Book,AUD
01tWC00000DD09pYAD,3034.8,Fortra Price Book,CAD
01tWC00000DD09pYAD,2068.16,Fortra Price Book,EUR
01tWC00000DD09pYAD,1775.92,Fortra Price Book,GBP
01tWC00000DD0A3YAL,23940,Fortra Price Book,AUD
01tWC00000DD0A3YAL,21262.5,Fortra Price Book,CAD
01tWC00000DD0A3YAL,14490,Fortra Price Book,EUR
01tWC00000DD0A3YAL,12442.5,Fortra Price Book,GBP
01tWC00000DD0A5YAL,13167.76,Fortra Price Book,AUD
01tWC00000DD0A5YAL,11695.05,Fortra Price Book,CAD
01tWC00000DD0A5YAL,7969.96,Fortra Price Book,EUR
01tWC00000DD0A5YAL,6843.77,Fortra Price Book,GBP
01tWC00000DD10RYAT,68947.2,Fortra Price Book,AUD
01tWC00000DD10RYAT,61236,Fortra Price Book,CAD
01tWC00000DD10RYAT,41731.2,Fortra Price Book,EUR
01tWC00000DD10RYAT,35834.4,Fortra Price Book,GBP
01tWC00000FCUeoYAH,45360,Fortra Price Book,USD
01tWC00000DD1aOYAT,3416.96,Fortra Price Book,AUD
01tWC00000DD1aOYAT,3034.8,Fortra Price Book,CAD
01tWC00000DD1aOYAT,2068.16,Fortra Price Book,EUR
01tWC00000DD1aOYAT,1775.92,Fortra Price Book,GBP
01tWC00000DD1aMYAT,6213.76,Fortra Price Book,AUD
01tWC00000DD1aMYAT,5518.8,Fortra Price Book,CAD
01tWC00000DD1aMYAT,3760.96,Fortra Price Book,EUR
01tWC00000DD1aMYAT,3229.52,Fortra Price Book,GBP
01tWC00000DD1ajYAD,7429,Fortra Price Book,AUD
01tWC00000DD1ajYAD,6598.13,Fortra Price Book,CAD
01tWC00000DD1ajYAD,4496.5,Fortra Price Book,EUR
01tWC00000DD1ajYAD,3861.13,Fortra Price Book,GBP
01tWC00000DD1aQYAT,11400,Fortra Price Book,AUD
01tWC00000DD1aQYAT,10125,Fortra Price Book,CAD
01tWC00000DD1aQYAT,6900,Fortra Price Book,EUR
01tWC00000DD1aQYAT,5925,Fortra Price Book,GBP
01tWC00000DD1aSYAT,836,Fortra Price Book,AUD
01tWC00000DD1aSYAT,742.5,Fortra Price Book,CAD
01tWC00000DD1aSYAT,506,Fortra Price Book,EUR
01tWC00000DD1aSYAT,434.5,Fortra Price Book,GBP
01tWC00000DD1aUYAT,380,Fortra Price Book,AUD
01tWC00000DD1aUYAT,337.5,Fortra Price Book,CAD
01tWC00000DD1aUYAT,230,Fortra Price Book,EUR
01tWC00000DD1aUYAT,197.5,Fortra Price Book,GBP
01tWC00000DD1aWYAT,418,Fortra Price Book,AUD
01tWC00000DD1aWYAT,371.25,Fortra Price Book,CAD
01tWC00000DD1aWYAT,253,Fortra Price Book,EUR
01tWC00000DD1aWYAT,217.25,Fortra Price Book,GBP
01tWC00000DD1aaYAD,152,Fortra Price Book,AUD
01tWC00000DD1aaYAD,135,Fortra Price Book,CAD
01tWC00000DD1aaYAD,92,Fortra Price Book,EUR
01tWC00000DD1aaYAD,79,Fortra Price Book,GBP
01tWC00000DD1aYYAT,30.4,Fortra Price Book,AUD
01tWC00000DD1aYYAT,27,Fortra Price Book,CAD
01tWC00000DD1aYYAT,18.4,Fortra Price Book,EUR
01tWC00000DD1aYYAT,15.8,Fortra Price Book,GBP
01tWC00000FBfdPYAT,152,Fortra Price Book,USD
01tWC00000FBfdPYAT,100,Fortra Price Book,USD
01tWC00000FBfdNYAT,30.4,Fortra Price Book,USD
01tWC00000FBfdNYAT,20,Fortra Price Book,USD
01tWC00000FBfdQYAT,7429,Fortra Price Book,USD
01tWC00000FBfdQYAT,4887.5,Fortra Price Book,USD
01tWC00000DD1aiYAD,3854.72,Fortra Price Book,AUD
01tWC00000DD1aiYAD,3423.6,Fortra Price Book,CAD
01tWC00000DD1aiYAD,2333.12,Fortra Price Book,EUR
01tWC00000DD1aiYAD,2003.44,Fortra Price Book,GBP
01tWC00000DD1agYAD,13506.72,Fortra Price Book,AUD
01tWC00000DD1agYAD,11996.1,Fortra Price Book,CAD
01tWC00000DD1agYAD,8175.12,Fortra Price Book,EUR
01tWC00000DD1agYAD,7019.94,Fortra Price Book,GBP
01tWC00000DD1aeYAD,1721.78,Fortra Price Book,AUD
01tWC00000DD1aeYAD,1529.21,Fortra Price Book,CAD
01tWC00000DD1aeYAD,1042.13,Fortra Price Book,EUR
01tWC00000DD1aeYAD,894.87,Fortra Price Book,GBP
01tWC00000DD1acYAD,3129.68,Fortra Price Book,AUD
01tWC00000DD1acYAD,2779.65,Fortra Price Book,CAD
01tWC00000DD1acYAD,1894.28,Fortra Price Book,EUR
01tWC00000DD1acYAD,1626.61,Fortra Price Book,GBP
01tWC00000FBg3RYAT,13506.72,Fortra Price Book,USD
01tWC00000FBg3RYAT,8886,Fortra Price Book,USD
01tWC00000DD1akYAD,2280,Fortra Price Book,AUD
01tWC00000DD1akYAD,2025,Fortra Price Book,CAD
01tWC00000DD1akYAD,1380,Fortra Price Book,EUR
01tWC00000DD1akYAD,1185,Fortra Price Book,GBP
01tWC00000DD1aoYAD,3532.71,Fortra Price Book,AUD
01tWC00000DD1aoYAD,3137.6,Fortra Price Book,CAD
01tWC00000DD1aoYAD,2138.22,Fortra Price Book,EUR
01tWC00000DD1aoYAD,1836.08,Fortra Price Book,GBP
01tWC00000DD1amYAD,6423.52,Fortra Price Book,AUD
01tWC00000DD1amYAD,5705.1,Fortra Price Book,CAD
01tWC00000DD1amYAD,3887.92,Fortra Price Book,EUR
01tWC00000DD1amYAD,3338.54,Fortra Price Book,GBP
01tWC00000DD1awYAD,5855.8,Fortra Price Book,AUD
01tWC00000DD1awYAD,5200.88,Fortra Price Book,CAD
01tWC00000DD1awYAD,3544.3,Fortra Price Book,EUR
01tWC00000DD1awYAD,3043.48,Fortra Price Book,GBP
01tWC00000FBg3gYAD,5855.8,Fortra Price Book,USD
01tWC00000FBg3gYAD,3852.5,Fortra Price Book,USD
01tWC00000DD10tYAD,3974.8,Fortra Price Book,AUD
01tWC00000DD10tYAD,3530.25,Fortra Price Book,CAD
01tWC00000DD10tYAD,2405.8,Fortra Price Book,EUR
01tWC00000DD10tYAD,2065.85,Fortra Price Book,GBP
01tWC00000DD1auYAD,7227.6,Fortra Price Book,AUD
01tWC00000DD1auYAD,6419.25,Fortra Price Book,CAD
01tWC00000DD1auYAD,4374.6,Fortra Price Book,EUR
01tWC00000DD1auYAD,3756.45,Fortra Price Book,GBP
01tWC00000DD1axYAD,3040,Fortra Price Book,AUD
01tWC00000DD1axYAD,2700,Fortra Price Book,CAD
01tWC00000DD1axYAD,1840,Fortra Price Book,EUR
01tWC00000DD1axYAD,1580,Fortra Price Book,GBP
01tWC00000FBg3hYAD,3040,Fortra Price Book,USD
01tWC00000FBg3hYAD,2000,Fortra Price Book,USD
01tWC00000DD1b9YAD,4216.18,Fortra Price Book,AUD
01tWC00000DD1b9YAD,3744.63,Fortra Price Book,CAD
01tWC00000DD1b9YAD,2551.9,Fortra Price Book,EUR
01tWC00000DD1b9YAD,2191.3,Fortra Price Book,GBP
01tWC00000DD1b7YAD,7665.36,Fortra Price Book,AUD
01tWC00000DD1b7YAD,6808.05,Fortra Price Book,CAD
01tWC00000DD1b7YAD,4639.56,Fortra Price Book,EUR
01tWC00000DD1b7YAD,3983.97,Fortra Price Book,GBP
01tWC00000DD1bTYAT,72.96,Fortra Price Book,AUD
01tWC00000DD1bTYAT,64.8,Fortra Price Book,CAD
01tWC00000DD1bTYAT,44.16,Fortra Price Book,EUR
01tWC00000DD1bTYAT,37.92,Fortra Price Book,GBP
01tWC00000DD1bFYAT,6423.52,Fortra Price Book,AUD
01tWC00000DD1bFYAT,5705.1,Fortra Price Book,CAD
01tWC00000DD1bFYAT,3887.92,Fortra Price Book,EUR
01tWC00000DD1bFYAT,3338.54,Fortra Price Book,GBP
01tWC00000DD1bHYAT,6423.52,Fortra Price Book,AUD
01tWC00000DD1bHYAT,5705.1,Fortra Price Book,CAD
01tWC00000DD1bHYAT,3887.92,Fortra Price Book,EUR
01tWC00000DD1bHYAT,3338.54,Fortra Price Book,GBP
01tWC00000DD1bJYAT,3532.71,Fortra Price Book,AUD
01tWC00000DD1bJYAT,3137.6,Fortra Price Book,CAD
01tWC00000DD1bJYAT,2138.22,Fortra Price Book,EUR
01tWC00000DD1bJYAT,1836.08,Fortra Price Book,GBP
01tWC00000DD1bLYAT,99251.44,Fortra Price Book,AUD
01tWC00000DD1bLYAT,88150.95,Fortra Price Book,CAD
01tWC00000DD1bLYAT,60073.24,Fortra Price Book,EUR
01tWC00000DD1bLYAT,51584.63,Fortra Price Book,GBP
01tWC00000DD1bNYAT,54588.29,Fortra Price Book,AUD
01tWC00000DD1bNYAT,48483.02,Fortra Price Book,CAD
01tWC00000DD1bNYAT,33040.28,Fortra Price Book,EUR
01tWC00000DD1bNYAT,28371.55,Fortra Price Book,GBP
01tWC00000DD1bRYAT,3532.71,Fortra Price Book,AUD
01tWC00000DD1bRYAT,3137.6,Fortra Price Book,CAD
01tWC00000DD1bRYAT,2138.22,Fortra Price Book,EUR
01tWC00000DD1bRYAT,1836.08,Fortra Price Book,GBP
01tWC00000DD1bPYAT,6423.52,Fortra Price Book,AUD
01tWC00000DD1bPYAT,5705.1,Fortra Price Book,CAD
01tWC00000DD1bPYAT,3887.92,Fortra Price Book,EUR
01tWC00000DD1bPYAT,3338.54,Fortra Price Book,GBP
01tWC00000FBg47YAD,72.96,Fortra Price Book,USD
01tWC00000FBg47YAD,48,Fortra Price Book,USD
01tWC00000DD1bXYAT,3556.8,Fortra Price Book,AUD
01tWC00000DD1bXYAT,3159,Fortra Price Book,CAD
01tWC00000DD1bXYAT,2152.8,Fortra Price Book,EUR
01tWC00000DD1bXYAT,1848.6,Fortra Price Book,GBP
01tWC00000DD1bVYAT,25262.4,Fortra Price Book,AUD
01tWC00000DD1bVYAT,22437,Fortra Price Book,CAD
01tWC00000DD1bVYAT,15290.4,Fortra Price Book,EUR
01tWC00000DD1bVYAT,13129.8,Fortra Price Book,GBP
01tWC00000DD1bbYAD,1667.82,Fortra Price Book,AUD
01tWC00000DD1bbYAD,1481.29,Fortra Price Book,CAD
01tWC00000DD1bbYAD,1009.47,Fortra Price Book,EUR
01tWC00000DD1bbYAD,866.83,Fortra Price Book,GBP
01tWC00000DD1bZYAT,3486.88,Fortra Price Book,AUD
01tWC00000DD1bZYAT,3096.9,Fortra Price Book,CAD
01tWC00000DD1bZYAT,2110.48,Fortra Price Book,EUR
01tWC00000DD1bZYAT,1812.26,Fortra Price Book,GBP
01tWC00000DD1bfYAD,1667.82,Fortra Price Book,AUD
01tWC00000DD1bfYAD,1481.29,Fortra Price Book,CAD
01tWC00000DD1bfYAD,1009.47,Fortra Price Book,EUR
01tWC00000DD1bfYAD,866.83,Fortra Price Book,GBP
01tWC00000DD1bdYAD,3486.88,Fortra Price Book,AUD
01tWC00000DD1bdYAD,3096.9,Fortra Price Book,CAD
01tWC00000DD1bdYAD,2110.48,Fortra Price Book,EUR
01tWC00000DD1bdYAD,1812.26,Fortra Price Book,GBP
01tWC00000DD1bjYAD,5011.82,Fortra Price Book,AUD
01tWC00000DD1bjYAD,4451.29,Fortra Price Book,CAD
01tWC00000DD1bjYAD,3033.47,Fortra Price Book,EUR
01tWC00000DD1bjYAD,2604.83,Fortra Price Book,GBP
01tWC00000DD1bhYAD,10478.88,Fortra Price Book,AUD
01tWC00000DD1bhYAD,9306.9,Fortra Price Book,CAD
01tWC00000DD1bhYAD,6342.48,Fortra Price Book,EUR
01tWC00000DD1bhYAD,5446.26,Fortra Price Book,GBP
01tWC00000FBgUkYAL,13129.8,Fortra Price Book,USD
01tWC00000FBgUkYAL,13129.8,Fortra Price Book,USD
01tWC00000FBgUmYAL,3556.8,Fortra Price Book,USD
01tWC00000FBgUmYAL,3556.8,Fortra Price Book,USD
01tWC00000DD1bnYAD,12540,Fortra Price Book,AUD
01tWC00000DD1bnYAD,11137.5,Fortra Price Book,CAD
01tWC00000DD1bnYAD,7590,Fortra Price Book,EUR
01tWC00000DD1bnYAD,6517.5,Fortra Price Book,GBP
01tWC00000DD1blYAD,22800,Fortra Price Book,AUD
01tWC00000DD1blYAD,20250,Fortra Price Book,CAD
01tWC00000DD1blYAD,13800,Fortra Price Book,EUR
01tWC00000DD1blYAD,11850,Fortra Price Book,GBP
01tWC00000DD1bpYAD,6423.52,Fortra Price Book,AUD
01tWC00000DD1bpYAD,5705.1,Fortra Price Book,CAD
01tWC00000DD1bpYAD,3887.92,Fortra Price Book,EUR
01tWC00000DD1bpYAD,3338.54,Fortra Price Book,GBP
01tWC00000DD1brYAD,1822.18,Fortra Price Book,AUD
01tWC00000DD1brYAD,1618.38,Fortra Price Book,CAD
01tWC00000DD1brYAD,1102.9,Fortra Price Book,EUR
01tWC00000DD1brYAD,947.05,Fortra Price Book,GBP
01tWC00000FBgV6YAL,1822.18,Fortra Price Book,USD
01tWC00000FBgV6YAL,1198.8,Fortra Price Book,USD
01tWC00000DD1c1YAD,3029.28,Fortra Price Book,AUD
01tWC00000DD1c1YAD,2690.48,Fortra Price Book,CAD
01tWC00000DD1c1YAD,1833.51,Fortra Price Book,EUR
01tWC00000DD1c1YAD,1574.43,Fortra Price Book,GBP
01tWC00000DD1bzYAD,5506.96,Fortra Price Book,AUD
01tWC00000DD1bzYAD,4891.05,Fortra Price Book,CAD
01tWC00000DD1bzYAD,3333.16,Fortra Price Book,EUR
01tWC00000DD1bzYAD,2862.17,Fortra Price Book,GBP
01tWC00000DD1c3YAD,3040,Fortra Price Book,AUD
01tWC00000DD1c3YAD,2700,Fortra Price Book,CAD
01tWC00000DD1c3YAD,1840,Fortra Price Book,EUR
01tWC00000DD1c3YAD,1580,Fortra Price Book,GBP
01tWC00000DD1c5YAD,1672,Fortra Price Book,AUD
01tWC00000DD1c5YAD,1485,Fortra Price Book,CAD
01tWC00000DD1c5YAD,1012,Fortra Price Book,EUR
01tWC00000DD1c5YAD,869,Fortra Price Book,GBP
01tWC00000DD1c7YAD,1836.16,Fortra Price Book,AUD
01tWC00000DD1c7YAD,1630.8,Fortra Price Book,CAD
01tWC00000DD1c7YAD,1111.36,Fortra Price Book,EUR
01tWC00000DD1c7YAD,954.32,Fortra Price Book,GBP
01tWC00000DD1c9YAD,1010.34,Fortra Price Book,AUD
01tWC00000DD1c9YAD,897.35,Fortra Price Book,CAD
01tWC00000DD1c9YAD,611.52,Fortra Price Book,EUR
01tWC00000DD1c9YAD,525.11,Fortra Price Book,GBP
01tWC00000DD1cBYAT,4788,Fortra Price Book,AUD
01tWC00000DD1cBYAT,4252.5,Fortra Price Book,CAD
01tWC00000DD1cBYAT,2898,Fortra Price Book,EUR
01tWC00000DD1cBYAT,2488.5,Fortra Price Book,GBP
01tWC00000DD1cDYAT,2634.16,Fortra Price Book,AUD
01tWC00000DD1cDYAT,2339.55,Fortra Price Book,CAD
01tWC00000DD1cDYAT,1594.36,Fortra Price Book,EUR
01tWC00000DD1cDYAT,1369.07,Fortra Price Book,GBP
01tWC00000DD1cRYAT,418,Fortra Price Book,AUD
01tWC00000DD1cRYAT,371.25,Fortra Price Book,CAD
01tWC00000DD1cRYAT,253,Fortra Price Book,EUR
01tWC00000DD1cRYAT,217.25,Fortra Price Book,GBP
01tWC00000DD1cFYAT,4725,Fortra Price Book,CAD
01tWC00000DD1cFYAT,3220,Fortra Price Book,EUR
01tWC00000DD1cFYAT,2765,Fortra Price Book,GBP
01tWC00000DD1cHYAT,4037.88,Fortra Price Book,AUD
01tWC00000DD1cHYAT,3586.28,Fortra Price Book,CAD
01tWC00000DD1cHYAT,2443.98,Fortra Price Book,EUR
01tWC00000DD1cHYAT,2098.64,Fortra Price Book,GBP
01tWC00000DD1cLYAT,2441.12,Fortra Price Book,AUD
01tWC00000DD1cLYAT,2168.1,Fortra Price Book,CAD
01tWC00000DD1cLYAT,1477.52,Fortra Price Book,EUR
01tWC00000DD1cLYAT,1268.74,Fortra Price Book,GBP
01tWC00000DD1cJYAT,4438.4,Fortra Price Book,AUD
01tWC00000DD1cJYAT,3942,Fortra Price Book,CAD
01tWC00000DD1cJYAT,2686.4,Fortra Price Book,EUR
01tWC00000DD1cJYAT,2306.8,Fortra Price Book,GBP
01tWC00000DD1cPYAT,334.4,Fortra Price Book,AUD
01tWC00000DD1cPYAT,297,Fortra Price Book,CAD
01tWC00000DD1cPYAT,202.4,Fortra Price Book,EUR
01tWC00000DD1cPYAT,173.8,Fortra Price Book,GBP
01tWC00000DD1cNYAT,15200,Fortra Price Book,AUD
01tWC00000DD1cNYAT,13500,Fortra Price Book,CAD
01tWC00000DD1cNYAT,9200,Fortra Price Book,EUR
01tWC00000DD1cNYAT,7900,Fortra Price Book,GBP
01tWC00000DD1cQYAT,3344,Fortra Price Book,AUD
01tWC00000DD1cQYAT,2970,Fortra Price Book,CAD
01tWC00000DD1cQYAT,2024,Fortra Price Book,EUR
01tWC00000DD1cQYAT,1738,Fortra Price Book,GBP
01tWC00000FBcv4YAD,3344,Fortra Price Book,USD
01tWC00000FBcv4YAD,2200,Fortra Price Book,USD
01tWC00000DD10sYAD,1893.92,Fortra Price Book,AUD
01tWC00000DD10sYAD,1682.1,Fortra Price Book,CAD
01tWC00000DD10sYAD,1146.32,Fortra Price Book,EUR
01tWC00000DD10sYAD,984.34,Fortra Price Book,GBP
01tWC00000DD1cUYAT,3442.8,Fortra Price Book,AUD
01tWC00000DD1cUYAT,3057.75,Fortra Price Book,CAD
01tWC00000DD1cUYAT,2083.8,Fortra Price Book,EUR
01tWC00000DD1cUYAT,1789.35,Fortra Price Book,GBP
01tWC00000DD19JYAT,1520,Fortra Price Book,AUD
01tWC00000DD19JYAT,1350,Fortra Price Book,CAD
01tWC00000DD19JYAT,920,Fortra Price Book,EUR
01tWC00000DD19JYAT,790,Fortra Price Book,GBP
01tWC00000DD1cWYAT,209,Fortra Price Book,AUD
01tWC00000DD1cWYAT,185.63,Fortra Price Book,CAD
01tWC00000DD1cWYAT,126.5,Fortra Price Book,EUR
01tWC00000DD1cWYAT,108.63,Fortra Price Book,GBP
01tWC00000FBcv9YAD,209,Fortra Price Book,USD
01tWC00000FBcv9YAD,137.5,Fortra Price Book,USD
01tWC00000DD1YDYA1,6213.76,Fortra Price Book,AUD
01tWC00000DD1YDYA1,5518.8,Fortra Price Book,CAD
01tWC00000DD1YDYA1,3760.96,Fortra Price Book,EUR
01tWC00000DD1YDYA1,3229.52,Fortra Price Book,GBP
01tWC00000DD1YFYA1,3416.96,Fortra Price Book,AUD
01tWC00000DD1YFYA1,3034.8,Fortra Price Book,CAD
01tWC00000DD1YFYA1,2068.16,Fortra Price Book,EUR
01tWC00000DD1YFYA1,1775.92,Fortra Price Book,GBP
01tWC00000DD1dbYAD,1836.16,Fortra Price Book,AUD
01tWC00000DD1dbYAD,1630.8,Fortra Price Book,CAD
01tWC00000DD1dbYAD,1111.36,Fortra Price Book,EUR
01tWC00000DD1dbYAD,954.32,Fortra Price Book,GBP
01tWC00000DD1ddYAD,1010.34,Fortra Price Book,AUD
01tWC00000DD1ddYAD,897.35,Fortra Price Book,CAD
01tWC00000DD1ddYAD,611.52,Fortra Price Book,EUR
01tWC00000DD1ddYAD,525.11,Fortra Price Book,GBP
01tWC00000DD1dhYAD,7.19,Fortra Price Book,AUD
01tWC00000DD1dhYAD,6.39,Fortra Price Book,CAD
01tWC00000DD1dhYAD,4.35,Fortra Price Book,EUR
01tWC00000DD1dhYAD,3.74,Fortra Price Book,GBP
01tWC00000DD1dfYAD,13.07,Fortra Price Book,AUD
01tWC00000DD1dfYAD,11.61,Fortra Price Book,CAD
01tWC00000DD1dfYAD,7.91,Fortra Price Book,EUR
01tWC00000DD1dfYAD,6.79,Fortra Price Book,GBP
01tWC00000DD1diYAD,418,Fortra Price Book,AUD
01tWC00000DD1diYAD,371.25,Fortra Price Book,CAD
01tWC00000DD1diYAD,253,Fortra Price Book,EUR
01tWC00000DD1diYAD,217.25,Fortra Price Book,GBP
01tWC00000DD1djYAD,5320,Fortra Price Book,AUD
01tWC00000DD1djYAD,4725,Fortra Price Book,CAD
01tWC00000DD1djYAD,3220,Fortra Price Book,EUR
01tWC00000DD1djYAD,2765,Fortra Price Book,GBP
01tWC00000FBcvJYAT,5320,Fortra Price Book,USD
01tWC00000FBcvJYAT,3500,Fortra Price Book,USD
01tWC00000DD1QeYAL,7478.4,Fortra Price Book,AUD
01tWC00000DD1QeYAL,6642,Fortra Price Book,CAD
01tWC00000DD1QeYAL,4526.4,Fortra Price Book,EUR
01tWC00000DD1QeYAL,3886.8,Fortra Price Book,GBP
01tWC00000DD1fSYAT,1.6,Fortra Price Book,AUD
01tWC00000DD1fSYAT,1.42,Fortra Price Book,CAD
01tWC00000DD1fSYAT,0.97,Fortra Price Book,EUR
01tWC00000DD1fSYAT,0.83,Fortra Price Book,GBP
01tWC00000DD1fUYAT,0.88,Fortra Price Book,AUD
01tWC00000DD1fUYAT,0.78,Fortra Price Book,CAD
01tWC00000DD1fUYAT,0.53,Fortra Price Book,EUR
01tWC00000DD1fUYAT,0.46,Fortra Price Book,GBP
01tWC00000DD1fdYAD,3711,Fortra Price Book,AUD
01tWC00000DD1fdYAD,3295.96,Fortra Price Book,CAD
01tWC00000DD1fdYAD,2246.13,Fortra Price Book,EUR
01tWC00000DD1fdYAD,1928.75,Fortra Price Book,GBP
01tWC00000DD1fbYAD,6747.28,Fortra Price Book,AUD
01tWC00000DD1fbYAD,5992.65,Fortra Price Book,CAD
01tWC00000DD1fbYAD,4083.88,Fortra Price Book,EUR
01tWC00000DD1fbYAD,3506.81,Fortra Price Book,GBP
01tWC00000DD1fhYAD,3416.96,Fortra Price Book,AUD
01tWC00000DD1fhYAD,3034.8,Fortra Price Book,CAD
01tWC00000DD1fhYAD,2068.16,Fortra Price Book,EUR
01tWC00000DD1fhYAD,1775.92,Fortra Price Book,GBP
01tWC00000DD1ffYAD,6213.76,Fortra Price Book,AUD
01tWC00000DD1ffYAD,5518.8,Fortra Price Book,CAD
01tWC00000DD1ffYAD,3760.96,Fortra Price Book,EUR
01tWC00000DD1ffYAD,3229.52,Fortra Price Book,GBP
01tWC00000DD1g9YAD,902.88,Fortra Price Book,AUD
01tWC00000DD1g9YAD,801.9,Fortra Price Book,CAD
01tWC00000DD1g9YAD,546.48,Fortra Price Book,EUR
01tWC00000DD1g9YAD,469.26,Fortra Price Book,GBP
01tWC00000DD1g7YAD,1641.6,Fortra Price Book,AUD
01tWC00000DD1g7YAD,1458,Fortra Price Book,CAD
01tWC00000DD1g7YAD,993.6,Fortra Price Book,EUR
01tWC00000DD1g7YAD,853.2,Fortra Price Book,GBP
01tWC00000FBcvZYAT,902.88,Fortra Price Book,USD
01tWC00000FBcvZYAT,594,Fortra Price Book,USD
01tWC00000FBcvXYAT,1641.6,Fortra Price Book,USD
01tWC00000FBcvXYAT,1080,Fortra Price Book,USD
01tWC00000DD1l4YAD,5016,Fortra Price Book,AUD
01tWC00000DD1l4YAD,4455,Fortra Price Book,CAD
01tWC00000DD1l4YAD,3036,Fortra Price Book,EUR
01tWC00000DD1l4YAD,2607,Fortra Price Book,GBP
01tWC00000FBcvaYAD,5016,Fortra Price Book,USD
01tWC00000FBcvaYAD,3300,Fortra Price Book,USD
01tWC00000DD1lfYAD,23940,Fortra Price Book,AUD
01tWC00000DD1lfYAD,21262.5,Fortra Price Book,CAD
01tWC00000DD1lfYAD,14490,Fortra Price Book,EUR
01tWC00000DD1lfYAD,12442.5,Fortra Price Book,GBP
01tWC00000DD1lhYAD,13167,Fortra Price Book,AUD
01tWC00000DD1lhYAD,11694.38,Fortra Price Book,CAD
01tWC00000DD1lhYAD,7969.5,Fortra Price Book,EUR
01tWC00000DD1lhYAD,6843.38,Fortra Price Book,GBP
01tWC00000DD1ljYAD,23940,Fortra Price Book,AUD
01tWC00000DD1ljYAD,21262.5,Fortra Price Book,CAD
01tWC00000DD1ljYAD,14490,Fortra Price Book,EUR
01tWC00000DD1ljYAD,12442.5,Fortra Price Book,GBP
01tWC00000DD1llYAD,62.32,Fortra Price Book,AUD
01tWC00000DD1llYAD,55.35,Fortra Price Book,CAD
01tWC00000DD1llYAD,37.72,Fortra Price Book,EUR
01tWC00000DD1llYAD,32.39,Fortra Price Book,GBP
01tWC00000FCKKuYAP,41,Fortra Price Book,USD
01tWC00000DD10uYAD,8372.16,Fortra Price Book,AUD
01tWC00000DD10uYAD,7435.8,Fortra Price Book,CAD
01tWC00000DD10uYAD,5067.36,Fortra Price Book,EUR
01tWC00000DD10uYAD,4351.32,Fortra Price Book,GBP
01tWC00000FBcuwYAD,8372.16,Fortra Price Book,USD
01tWC00000FBcuwYAD,5508,Fortra Price Book,USD
01tWC00000DD1vpYAD,15200,Fortra Price Book,AUD
01tWC00000DD1vpYAD,13500,Fortra Price Book,CAD
01tWC00000DD1vpYAD,9200,Fortra Price Book,EUR
01tWC00000DD1vpYAD,7900,Fortra Price Book,GBP
01tWC00000DD1vnYAD,6213.76,Fortra Price Book,AUD
01tWC00000DD1vnYAD,5518.8,Fortra Price Book,CAD
01tWC00000DD1vnYAD,3760.96,Fortra Price Book,EUR
01tWC00000DD1vnYAD,3229.52,Fortra Price Book,GBP
01tWC00000FBcveYAD,15200,Fortra Price Book,USD
01tWC00000FBcveYAD,10000,Fortra Price Book,USD
01tWC00000DD119YAD,3072.3,Fortra Price Book,AUD
01tWC00000DD119YAD,2728.69,Fortra Price Book,CAD
01tWC00000DD119YAD,1859.55,Fortra Price Book,EUR
01tWC00000DD119YAD,1596.79,Fortra Price Book,GBP
01tWC00000DD117YAD,5586,Fortra Price Book,AUD
01tWC00000DD117YAD,4961.25,Fortra Price Book,CAD
01tWC00000DD117YAD,3381,Fortra Price Book,EUR
01tWC00000DD117YAD,2903.25,Fortra Price Book,GBP
01tWC00000FBhH8YAL,5586,Fortra Price Book,USD
01tWC00000FBhHAYA1,2728.69,Fortra Price Book,USD
01tWC00000FBhH7YAL,992.25,Fortra Price Book,USD
01tWC00000DD11uYAD,6384,Fortra Price Book,AUD
01tWC00000DD11uYAD,5670,Fortra Price Book,CAD
01tWC00000DD11uYAD,3864,Fortra Price Book,EUR
01tWC00000DD11uYAD,3318,Fortra Price Book,GBP
01tWC00000DD11wYAD,3511.2,Fortra Price Book,AUD
01tWC00000DD11wYAD,3118.5,Fortra Price Book,CAD
01tWC00000DD11wYAD,2125.2,Fortra Price Book,EUR
01tWC00000DD11wYAD,1824.9,Fortra Price Book,GBP
01tWC00000FBhHEYA1,2310,Fortra Price Book,USD
01tWC00000FBhHCYA1,3318,Fortra Price Book,USD
01tWC00000DD13LYAT,32.83,Fortra Price Book,AUD
01tWC00000DD13LYAT,29.16,Fortra Price Book,CAD
01tWC00000DD13LYAT,19.87,Fortra Price Book,EUR
01tWC00000DD13LYAT,17.06,Fortra Price Book,GBP
01tWC00000FBXxlYAH,29.16,Fortra Price Book,USD
01tWC00000FBXxlYAH,29.16,Fortra Price Book,USD
01tWC00000DD1zrYAD,8.74,Fortra Price Book,AUD
01tWC00000DD1zrYAD,7.76,Fortra Price Book,CAD
01tWC00000DD1zrYAD,5.29,Fortra Price Book,EUR
01tWC00000DD1zrYAD,4.54,Fortra Price Book,GBP
01tWC00000FBXySYAX,8.74,Fortra Price Book,USD
01tWC00000FBXySYAX,5.75,Fortra Price Book,USD
01tWC00000DD13WYAT,1118.72,Fortra Price Book,AUD
01tWC00000DD13WYAT,993.6,Fortra Price Book,CAD
01tWC00000DD13WYAT,677.12,Fortra Price Book,EUR
01tWC00000DD13WYAT,581.44,Fortra Price Book,GBP
01tWC00000DD13YYAT,76.61,Fortra Price Book,AUD
01tWC00000DD13YYAT,68.04,Fortra Price Book,CAD
01tWC00000DD13YYAT,46.37,Fortra Price Book,EUR
01tWC00000DD13YYAT,39.82,Fortra Price Book,GBP
01tWC00000FBXxnYAH,1118.72,Fortra Price Book,USD
01tWC00000FBXxnYAH,736,Fortra Price Book,USD
01tWC00000FBXxpYAH,76.61,Fortra Price Book,USD
01tWC00000FBXxpYAH,50.4,Fortra Price Book,USD
01tWC00000DD159YAD,1316.7,Fortra Price Book,AUD
01tWC00000DD159YAD,1169.44,Fortra Price Book,CAD
01tWC00000DD159YAD,796.95,Fortra Price Book,EUR
01tWC00000DD159YAD,684.34,Fortra Price Book,GBP
01tWC00000DD157YAD,2394,Fortra Price Book,AUD
01tWC00000DD157YAD,2126.25,Fortra Price Book,CAD
01tWC00000DD157YAD,1449,Fortra Price Book,EUR
01tWC00000DD157YAD,1244.25,Fortra Price Book,GBP
01tWC00000FBhHIYA1,684.34,Fortra Price Book,USD
01tWC00000FBhHGYA1,1244.25,Fortra Price Book,USD
01tWC00000DD15BYAT,8778,Fortra Price Book,AUD
01tWC00000DD15BYAT,7796.25,Fortra Price Book,CAD
01tWC00000DD15BYAT,5313,Fortra Price Book,EUR
01tWC00000DD15BYAT,4562.25,Fortra Price Book,GBP
01tWC00000DD15DYAT,4827.9,Fortra Price Book,AUD
01tWC00000DD15DYAT,4287.94,Fortra Price Book,CAD
01tWC00000DD15DYAT,2922.15,Fortra Price Book,EUR
01tWC00000DD15DYAT,2509.24,Fortra Price Book,GBP
01tWC00000FBhHMYA1,3176.25,Fortra Price Book,USD
01tWC00000FBhHKYA1,5775,Fortra Price Book,USD
01tWC00000DD17oYAD,59.64,Fortra Price Book,AUD
01tWC00000DD17oYAD,52.97,Fortra Price Book,CAD
01tWC00000DD17oYAD,36.1,Fortra Price Book,EUR
01tWC00000DD17oYAD,31,Fortra Price Book,GBP
01tWC00000FBXxqYAH,59.64,Fortra Price Book,USD
01tWC00000FBXxqYAH,39.24,Fortra Price Book,USD
01tWC00000DD19HYAT,1839.2,Fortra Price Book,AUD
01tWC00000DD19HYAT,1633.5,Fortra Price Book,CAD
01tWC00000DD19HYAT,1113.2,Fortra Price Book,EUR
01tWC00000DD19HYAT,955.9,Fortra Price Book,GBP
01tWC00000DD19FYAT,3344,Fortra Price Book,AUD
01tWC00000DD19FYAT,2970,Fortra Price Book,CAD
01tWC00000DD19FYAT,2024,Fortra Price Book,EUR
01tWC00000DD19FYAT,1738,Fortra Price Book,GBP
01tWC00000FBhHXYA1,1210,Fortra Price Book,USD
01tWC00000DD19fYAD,380,Fortra Price Book,AUD
01tWC00000DD19fYAD,337.5,Fortra Price Book,CAD
01tWC00000DD19fYAD,230,Fortra Price Book,EUR
01tWC00000DD19fYAD,197.5,Fortra Price Book,GBP
01tWC00000FBK1oYAH,380,Fortra Price Book,USD
01tWC00000FBK1oYAH,250,Fortra Price Book,USD
01tWC00000DD19mYAD,547200,Fortra Price Book,AUD
01tWC00000DD19mYAD,486000,Fortra Price Book,CAD
01tWC00000DD19mYAD,331200,Fortra Price Book,EUR
01tWC00000DD19mYAD,284400,Fortra Price Book,GBP
01tWC00000DD19lYAD,380,Fortra Price Book,AUD
01tWC00000DD19lYAD,337.5,Fortra Price Book,CAD
01tWC00000DD19lYAD,230,Fortra Price Book,EUR
01tWC00000DD19lYAD,197.5,Fortra Price Book,GBP
01tWC00000FBXxsYAH,380,Fortra Price Book,USD
01tWC00000FBXxsYAH,250,Fortra Price Book,USD
01tWC00000DD19nYAD,5320,Fortra Price Book,AUD
01tWC00000DD19nYAD,4725,Fortra Price Book,CAD
01tWC00000DD19nYAD,3220,Fortra Price Book,EUR
01tWC00000DD19nYAD,2765,Fortra Price Book,GBP
01tWC00000FBXxvYAH,0.27,Fortra Price Book,USD
01tWC00000FBXxvYAH,0.27,Fortra Price Book,USD
01tWC00000FBXxwYAH,0.3,Fortra Price Book,USD
01tWC00000FBXxwYAH,0.2,Fortra Price Book,USD
01tWC00000DD1A7YAL,18.39,Fortra Price Book,AUD
01tWC00000DD1A7YAL,16.34,Fortra Price Book,CAD
01tWC00000DD1A7YAL,11.13,Fortra Price Book,EUR
01tWC00000DD1A7YAL,9.56,Fortra Price Book,GBP
01tWC00000FBXxyYAH,18.39,Fortra Price Book,USD
01tWC00000FBXxyYAH,12.1,Fortra Price Book,USD
01tWC00000DCxlSYAT,273600,Fortra Price Book,AUD
01tWC00000DCxlSYAT,243000,Fortra Price Book,CAD
01tWC00000DCxlSYAT,165600,Fortra Price Book,EUR
01tWC00000DCxlSYAT,142200,Fortra Price Book,GBP
01tWC00000DD1A4YAL,0.27,Fortra Price Book,CAD
01tWC00000DD1A4YAL,0.18,Fortra Price Book,EUR
01tWC00000DD1A4YAL,0.16,Fortra Price Book,GBP
01tWC00000DD1A5YAL,0.3,Fortra Price Book,AUD
01tWC00000DD1A5YAL,0.27,Fortra Price Book,CAD
01tWC00000DD1A5YAL,0.18,Fortra Price Book,EUR
01tWC00000DD1A5YAL,0.16,Fortra Price Book,GBP
01tWC00000DD1AbYAL,3192,Fortra Price Book,AUD
01tWC00000DD1AbYAL,2835,Fortra Price Book,CAD
01tWC00000DD1AbYAL,1932,Fortra Price Book,EUR
01tWC00000DD1AbYAL,1659,Fortra Price Book,GBP
01tWC00000DD1AdYAL,1755.6,Fortra Price Book,AUD
01tWC00000DD1AdYAL,1559.25,Fortra Price Book,CAD
01tWC00000DD1AdYAL,1062.6,Fortra Price Book,EUR
01tWC00000DD1AdYAL,912.45,Fortra Price Book,GBP
01tWC00000FBhHjYAL,2100,Fortra Price Book,USD
01tWC00000FBhHlYAL,1155,Fortra Price Book,USD
01tWC00000DD1AeYAL,12160,Fortra Price Book,AUD
01tWC00000DD1AeYAL,10800,Fortra Price Book,CAD
01tWC00000DD1AeYAL,7360,Fortra Price Book,EUR
01tWC00000DD1AeYAL,6320,Fortra Price Book,GBP
01tWC00000DD1AfYAL,150480,Fortra Price Book,AUD
01tWC00000DD1AfYAL,133650,Fortra Price Book,CAD
01tWC00000DD1AfYAL,91080,Fortra Price Book,EUR
01tWC00000DD1AfYAL,78210,Fortra Price Book,GBP
01tWC00000E5JwPYAV,63.84,Fortra Price Book,AUD
01tWC00000E5JwPYAV,56.7,Fortra Price Book,CAD
01tWC00000E5JwPYAV,38.64,Fortra Price Book,EUR
01tWC00000E5JwPYAV,33.18,Fortra Price Book,GBP
01tWC00000FBK1zYAH,42,Fortra Price Book,USD
01tWC00000DD1AhYAL,15200,Fortra Price Book,AUD
01tWC00000DD1AhYAL,13500,Fortra Price Book,CAD
01tWC00000DD1AhYAL,9200,Fortra Price Book,EUR
01tWC00000DD1AhYAL,7900,Fortra Price Book,GBP
01tWC00000DD1AgYAL,7600,Fortra Price Book,AUD
01tWC00000DD1AgYAL,6750,Fortra Price Book,CAD
01tWC00000DD1AgYAL,4600,Fortra Price Book,EUR
01tWC00000DD1AgYAL,3950,Fortra Price Book,GBP
01tWC00000DD1AiYAL,38000,Fortra Price Book,AUD
01tWC00000DD1AiYAL,33750,Fortra Price Book,CAD
01tWC00000DD1AiYAL,23000,Fortra Price Book,EUR
01tWC00000DD1AiYAL,19750,Fortra Price Book,GBP
01tWC00000DD1AjYAL,76000,Fortra Price Book,AUD
01tWC00000DD1AjYAL,67500,Fortra Price Book,CAD
01tWC00000DD1AjYAL,46000,Fortra Price Book,EUR
01tWC00000DD1AjYAL,39500,Fortra Price Book,GBP
01tWC00000E6URbYAN,94.24,Fortra Price Book,AUD
01tWC00000E6URbYAN,83.7,Fortra Price Book,CAD
01tWC00000E6URbYAN,57.04,Fortra Price Book,EUR
01tWC00000E6URbYAN,48.98,Fortra Price Book,GBP
01tWC00000FBX42YAH,62,Fortra Price Book,USD
01tWC00000E5JwSYAV,53.2,Fortra Price Book,AUD
01tWC00000E5JwSYAV,47.25,Fortra Price Book,CAD
01tWC00000E5JwSYAV,32.2,Fortra Price Book,EUR
01tWC00000E5JwSYAV,27.65,Fortra Price Book,GBP
01tWC00000FBX41YAH,35,Fortra Price Book,USD
01tWC00000DD1AkYAL,18.24,Fortra Price Book,AUD
01tWC00000DD1AkYAL,16.2,Fortra Price Book,CAD
01tWC00000DD1AkYAL,11.04,Fortra Price Book,EUR
01tWC00000DD1AkYAL,9.48,Fortra Price Book,GBP
01tWC00000DD1AsYAL,152,Fortra Price Book,AUD
01tWC00000DD1AsYAL,135,Fortra Price Book,CAD
01tWC00000DD1AsYAL,92,Fortra Price Book,EUR
01tWC00000DD1AsYAL,79,Fortra Price Book,GBP
01tWC00000DD1AuYAL,63.84,Fortra Price Book,AUD
01tWC00000DD1AuYAL,56.7,Fortra Price Book,CAD
01tWC00000DD1AuYAL,38.64,Fortra Price Book,EUR
01tWC00000DD1AuYAL,33.18,Fortra Price Book,GBP
01tWC00000FBX3TYAX,63.84,Fortra Price Book,USD
01tWC00000FBX3TYAX,63.84,Fortra Price Book,USD
01tWC00000FBX3RYAX,152,Fortra Price Book,USD
01tWC00000FBX3RYAX,100,Fortra Price Book,USD
01tWC00000DD1yRYAT,4560,Fortra Price Book,AUD
01tWC00000DD1yRYAT,4050,Fortra Price Book,CAD
01tWC00000DD1yRYAT,2760,Fortra Price Book,EUR
01tWC00000DD1yRYAT,2370,Fortra Price Book,GBP
01tWC00000FBX3tYAH,4560,Fortra Price Book,USD
01tWC00000FBX3tYAH,3000,Fortra Price Book,USD
01tWC00000DD1AvYAL,4560,Fortra Price Book,AUD
01tWC00000DD1AvYAL,4050,Fortra Price Book,CAD
01tWC00000DD1AvYAL,2760,Fortra Price Book,EUR
01tWC00000DD1AvYAL,2370,Fortra Price Book,GBP
01tWC00000DD1AwYAL,76000,Fortra Price Book,AUD
01tWC00000DD1AwYAL,67500,Fortra Price Book,CAD
01tWC00000DD1AwYAL,46000,Fortra Price Book,EUR
01tWC00000DD1AwYAL,39500,Fortra Price Book,GBP
01tWC00000DD1B1YAL,2476.08,Fortra Price Book,AUD
01tWC00000DD1B1YAL,2199.15,Fortra Price Book,CAD
01tWC00000DD1B1YAL,1498.68,Fortra Price Book,EUR
01tWC00000DD1B1YAL,1286.91,Fortra Price Book,GBP
01tWC00000FBhHqYAL,1629,Fortra Price Book,USD
01tWC00000DD1B7YAL,9120,Fortra Price Book,AUD
01tWC00000DD1B7YAL,8100,Fortra Price Book,CAD
01tWC00000DD1B7YAL,5520,Fortra Price Book,EUR
01tWC00000DD1B7YAL,4740,Fortra Price Book,GBP
01tWC00000DD1B9YAL,5016,Fortra Price Book,AUD
01tWC00000DD1B9YAL,4455,Fortra Price Book,CAD
01tWC00000DD1B9YAL,3036,Fortra Price Book,EUR
01tWC00000DD1B9YAL,2607,Fortra Price Book,GBP
01tWC00000FBhx3YAD,4455,Fortra Price Book,USD
01tWC00000DD1BAYA1,1881,Fortra Price Book,AUD
01tWC00000DD1BAYA1,1670.63,Fortra Price Book,CAD
01tWC00000DD1BAYA1,1138.5,Fortra Price Book,EUR
01tWC00000DD1BAYA1,977.63,Fortra Price Book,GBP
01tWC00000FBhx4YAD,1881,Fortra Price Book,USD
01tWC00000DD1BBYA1,877.8,Fortra Price Book,AUD
01tWC00000DD1BBYA1,779.63,Fortra Price Book,CAD
01tWC00000DD1BBYA1,531.3,Fortra Price Book,EUR
01tWC00000DD1BBYA1,456.23,Fortra Price Book,GBP
01tWC00000FBhx5YAD,577.5,Fortra Price Book,USD
01tWC00000DD1BCYA1,1881,Fortra Price Book,AUD
01tWC00000DD1BCYA1,1670.63,Fortra Price Book,CAD
01tWC00000DD1BCYA1,1138.5,Fortra Price Book,EUR
01tWC00000DD1BCYA1,977.63,Fortra Price Book,GBP
01tWC00000FBhx6YAD,1670.63,Fortra Price Book,USD
01tWC00000DD1BcYAL,7.3,Fortra Price Book,AUD
01tWC00000DD1BcYAL,6.48,Fortra Price Book,CAD
01tWC00000DD1BcYAL,4.42,Fortra Price Book,EUR
01tWC00000DD1BcYAL,3.79,Fortra Price Book,GBP
01tWC00000DD1BdYAL,25688,Fortra Price Book,AUD
01tWC00000DD1BdYAL,22815,Fortra Price Book,CAD
01tWC00000DD1BdYAL,15548,Fortra Price Book,EUR
01tWC00000DD1BdYAL,13351,Fortra Price Book,GBP
01tWC00000DD1BeYAL,106400,Fortra Price Book,AUD
01tWC00000DD1BeYAL,94500,Fortra Price Book,CAD
01tWC00000DD1BeYAL,64400,Fortra Price Book,EUR
01tWC00000DD1BeYAL,55300,Fortra Price Book,GBP
01tWC00000DD1BgYAL,5.02,Fortra Price Book,AUD
01tWC00000DD1BgYAL,4.46,Fortra Price Book,CAD
01tWC00000DD1BgYAL,3.04,Fortra Price Book,EUR
01tWC00000DD1BgYAL,2.61,Fortra Price Book,GBP
01tWC00000DD1BkYAL,50464,Fortra Price Book,AUD
01tWC00000DD1BkYAL,44820,Fortra Price Book,CAD
01tWC00000DD1BkYAL,30544,Fortra Price Book,EUR
01tWC00000DD1BkYAL,26228,Fortra Price Book,GBP
01tWC00000DD1BiYAL,76000,Fortra Price Book,AUD
01tWC00000DD1BiYAL,67500,Fortra Price Book,CAD
01tWC00000DD1BiYAL,46000,Fortra Price Book,EUR
01tWC00000DD1BiYAL,39500,Fortra Price Book,GBP
01tWC00000FBXy8YAH,50464,Fortra Price Book,USD
01tWC00000FBXy8YAH,33200,Fortra Price Book,USD
01tWC00000FBXy6YAH,76000,Fortra Price Book,USD
01tWC00000FBXy6YAH,50000,Fortra Price Book,USD
01tWC00000DD1BmYAL,30248,Fortra Price Book,AUD
01tWC00000DD1BmYAL,26865,Fortra Price Book,CAD
01tWC00000DD1BmYAL,18308,Fortra Price Book,EUR
01tWC00000DD1BmYAL,15721,Fortra Price Book,GBP
01tWC00000FBXyAYAX,30248,Fortra Price Book,USD
01tWC00000FBXyAYAX,19900,Fortra Price Book,USD
01tWC00000FBXy9YAH,22648,Fortra Price Book,USD
01tWC00000FBXy9YAH,14900,Fortra Price Book,USD
01tWC00000DD10UYAT,182.4,Fortra Price Book,AUD
01tWC00000DD10UYAT,162,Fortra Price Book,CAD
01tWC00000DD10UYAT,110.4,Fortra Price Book,EUR
01tWC00000DD10UYAT,94.8,Fortra Price Book,GBP
01tWC00000DD1BnYAL,5.02,Fortra Price Book,AUD
01tWC00000DD1BnYAL,4.46,Fortra Price Book,CAD
01tWC00000DD1BnYAL,3.04,Fortra Price Book,EUR
01tWC00000DD1BnYAL,2.61,Fortra Price Book,GBP
01tWC00000FBXyBYAX,5.02,Fortra Price Book,USD
01tWC00000FBXyBYAX,3.3,Fortra Price Book,USD
01tWC00000DD1BoYAL,2.43,Fortra Price Book,AUD
01tWC00000DD1BoYAL,2.16,Fortra Price Book,CAD
01tWC00000DD1BoYAL,1.47,Fortra Price Book,EUR
01tWC00000DD1BoYAL,1.26,Fortra Price Book,GBP
01tWC00000FBXyCYAX,2.43,Fortra Price Book,USD
01tWC00000FBXyCYAX,1.6,Fortra Price Book,USD
01tWC00000DD1CBYA1,547.2,Fortra Price Book,AUD
01tWC00000DD1CBYA1,486,Fortra Price Book,CAD
01tWC00000DD1CBYA1,331.2,Fortra Price Book,EUR
01tWC00000DD1CBYA1,284.4,Fortra Price Book,GBP
01tWC00000E6URcYAN,136.8,Fortra Price Book,AUD
01tWC00000E6URcYAN,121.5,Fortra Price Book,CAD
01tWC00000E6URcYAN,82.8,Fortra Price Book,EUR
01tWC00000E6URcYAN,71.1,Fortra Price Book,GBP
01tWC00000FBXyUYAX,90,Fortra Price Book,USD
01tWC00000E6URdYAN,167.2,Fortra Price Book,AUD
01tWC00000E6URdYAN,148.5,Fortra Price Book,CAD
01tWC00000E6URdYAN,101.2,Fortra Price Book,EUR
01tWC00000E6URdYAN,86.9,Fortra Price Book,GBP
01tWC00000FBY0rYAH,110,Fortra Price Book,USD
01tWC00000E6UReYAN,114,Fortra Price Book,AUD
01tWC00000E6UReYAN,101.25,Fortra Price Book,CAD
01tWC00000E6UReYAN,69,Fortra Price Book,EUR
01tWC00000E6UReYAN,59.25,Fortra Price Book,GBP
01tWC00000FBY0sYAH,75,Fortra Price Book,USD
01tWC00000DD1CbYAL,54720,Fortra Price Book,AUD
01tWC00000DD1CbYAL,48600,Fortra Price Book,CAD
01tWC00000DD1CbYAL,33120,Fortra Price Book,EUR
01tWC00000DD1CbYAL,28440,Fortra Price Book,GBP
01tWC00000DD1CcYAL,342,Fortra Price Book,AUD
01tWC00000DD1CcYAL,303.75,Fortra Price Book,CAD
01tWC00000DD1CcYAL,207,Fortra Price Book,EUR
01tWC00000DD1CcYAL,177.75,Fortra Price Book,GBP
01tWC00000DD1CeYAL,5320,Fortra Price Book,AUD
01tWC00000DD1CeYAL,4725,Fortra Price Book,CAD
01tWC00000DD1CeYAL,3220,Fortra Price Book,EUR
01tWC00000DD1CeYAL,2765,Fortra Price Book,GBP
01tWC00000DD1CfYAL,1482,Fortra Price Book,AUD
01tWC00000DD1CfYAL,1316.25,Fortra Price Book,CAD
01tWC00000DD1CfYAL,897,Fortra Price Book,EUR
01tWC00000DD1CfYAL,770.25,Fortra Price Book,GBP
01tWC00000DD1CgYAL,1.52,Fortra Price Book,AUD
01tWC00000DD1CgYAL,1.35,Fortra Price Book,CAD
01tWC00000DD1CgYAL,0.92,Fortra Price Book,EUR
01tWC00000DD1CgYAL,0.79,Fortra Price Book,GBP
01tWC00000FBhxLYAT,1,Fortra Price Book,USD
01tWC00000DD1CiYAL,11751.12,Fortra Price Book,AUD
01tWC00000DD1CiYAL,10436.85,Fortra Price Book,CAD
01tWC00000DD1CiYAL,7112.52,Fortra Price Book,EUR
01tWC00000DD1CiYAL,6107.49,Fortra Price Book,GBP
01tWC00000DD1ClYAL,26949.6,Fortra Price Book,AUD
01tWC00000DD1ClYAL,23935.5,Fortra Price Book,CAD
01tWC00000DD1ClYAL,16311.6,Fortra Price Book,EUR
01tWC00000DD1ClYAL,14006.7,Fortra Price Book,GBP
01tWC00000DD1CoYAL,2736,Fortra Price Book,AUD
01tWC00000DD1CoYAL,2430,Fortra Price Book,CAD
01tWC00000DD1CoYAL,1656,Fortra Price Book,EUR
01tWC00000DD1CoYAL,1422,Fortra Price Book,GBP
01tWC00000DD1CrYAL,17939.04,Fortra Price Book,AUD
01tWC00000DD1CrYAL,15932.7,Fortra Price Book,CAD
01tWC00000DD1CrYAL,10857.84,Fortra Price Book,EUR
01tWC00000DD1CrYAL,9323.58,Fortra Price Book,GBP
01tWC00000DD1CuYAL,18636.72,Fortra Price Book,AUD
01tWC00000DD1CuYAL,16552.35,Fortra Price Book,CAD
01tWC00000DD1CuYAL,11280.12,Fortra Price Book,EUR
01tWC00000DD1CuYAL,9686.19,Fortra Price Book,GBP
01tWC00000DD1CxYAL,1512.4,Fortra Price Book,AUD
01tWC00000DD1CxYAL,1343.25,Fortra Price Book,CAD
01tWC00000DD1CxYAL,915.4,Fortra Price Book,EUR
01tWC00000DD1CxYAL,786.05,Fortra Price Book,GBP
01tWC00000DD1D3YAL,1520,Fortra Price Book,AUD
01tWC00000DD1D3YAL,1350,Fortra Price Book,CAD
01tWC00000DD1D3YAL,920,Fortra Price Book,EUR
01tWC00000DD1D3YAL,790,Fortra Price Book,GBP
01tWC00000FBhxiYAD,790,Fortra Price Book,USD
01tWC00000DD1DSYA1,11400,Fortra Price Book,AUD
01tWC00000DD1DSYA1,10125,Fortra Price Book,CAD
01tWC00000DD1DSYA1,6900,Fortra Price Book,EUR
01tWC00000DD1DSYA1,5925,Fortra Price Book,GBP
01tWC00000DD1DUYA1,6270,Fortra Price Book,AUD
01tWC00000DD1DUYA1,5568.75,Fortra Price Book,CAD
01tWC00000DD1DUYA1,3795,Fortra Price Book,EUR
01tWC00000DD1DUYA1,3258.75,Fortra Price Book,GBP
01tWC00000FBhxmYAD,4125,Fortra Price Book,USD
01tWC00000FBhxkYAD,7500,Fortra Price Book,USD
01tWC00000DD1DjYAL,140.45,Fortra Price Book,AUD
01tWC00000DD1DjYAL,124.74,Fortra Price Book,CAD
01tWC00000DD1DjYAL,85.01,Fortra Price Book,EUR
01tWC00000DD1DjYAL,73,Fortra Price Book,GBP
01tWC00000DD1DhYAL,364.8,Fortra Price Book,AUD
01tWC00000DD1DhYAL,324,Fortra Price Book,CAD
01tWC00000DD1DhYAL,220.8,Fortra Price Book,EUR
01tWC00000DD1DhYAL,189.6,Fortra Price Book,GBP
01tWC00000FBY0NYAX,140.45,Fortra Price Book,USD
01tWC00000FBY0NYAX,92.4,Fortra Price Book,USD
01tWC00000DD1DsYAL,93.39,Fortra Price Book,AUD
01tWC00000DD1DsYAL,82.94,Fortra Price Book,CAD
01tWC00000DD1DsYAL,56.52,Fortra Price Book,EUR
01tWC00000DD1DsYAL,48.54,Fortra Price Book,GBP
01tWC00000FBY0OYAX,93.39,Fortra Price Book,USD
01tWC00000FBY0OYAX,61.44,Fortra Price Book,USD
01tWC00000DD1GeYAL,1316.7,Fortra Price Book,AUD
01tWC00000DD1GeYAL,1169.44,Fortra Price Book,CAD
01tWC00000DD1GeYAL,796.95,Fortra Price Book,EUR
01tWC00000DD1GeYAL,684.34,Fortra Price Book,GBP
01tWC00000DD1GcYAL,2394,Fortra Price Book,AUD
01tWC00000DD1GcYAL,2126.25,Fortra Price Book,CAD
01tWC00000DD1GcYAL,1449,Fortra Price Book,EUR
01tWC00000DD1GcYAL,1244.25,Fortra Price Book,GBP
01tWC00000FCFZ9YAP,1316.7,Fortra Price Book,USD
01tWC00000FCFZ7YAP,1575,Fortra Price Book,USD
01tWC00000DD1GjYAL,8778,Fortra Price Book,AUD
01tWC00000DD1GjYAL,7796.25,Fortra Price Book,CAD
01tWC00000DD1GjYAL,5313,Fortra Price Book,EUR
01tWC00000DD1GjYAL,4562.25,Fortra Price Book,GBP
01tWC00000DD1GlYAL,4827.9,Fortra Price Book,AUD
01tWC00000DD1GlYAL,4287.94,Fortra Price Book,CAD
01tWC00000DD1GlYAL,2922.15,Fortra Price Book,EUR
01tWC00000DD1GlYAL,2509.24,Fortra Price Book,GBP
01tWC00000FCFZGYA5,3176.25,Fortra Price Book,USD
01tWC00000DD1H4YAL,22.8,Fortra Price Book,AUD
01tWC00000DD1H4YAL,20.25,Fortra Price Book,CAD
01tWC00000DD1H4YAL,13.8,Fortra Price Book,EUR
01tWC00000DD1H4YAL,11.85,Fortra Price Book,GBP
01tWC00000FBY0PYAX,22.8,Fortra Price Book,USD
01tWC00000FBY0PYAX,15,Fortra Price Book,USD
01tWC00000DD1HWYA1,2194.5,Fortra Price Book,AUD
01tWC00000DD1HWYA1,1949.06,Fortra Price Book,CAD
01tWC00000DD1HWYA1,1328.25,Fortra Price Book,EUR
01tWC00000DD1HWYA1,1140.56,Fortra Price Book,GBP
01tWC00000DD1HUYA1,3990,Fortra Price Book,AUD
01tWC00000DD1HUYA1,3543.75,Fortra Price Book,CAD
01tWC00000DD1HUYA1,2415,Fortra Price Book,EUR
01tWC00000DD1HUYA1,2073.75,Fortra Price Book,GBP
01tWC00000FCFZIYA5,2625,Fortra Price Book,USD
01tWC00000FCFZKYA5,1443.75,Fortra Price Book,USD
01tWC00000DD1ydYAD,12160,Fortra Price Book,AUD
01tWC00000DD1ydYAD,10800,Fortra Price Book,CAD
01tWC00000DD1ydYAD,7360,Fortra Price Book,EUR
01tWC00000DD1ydYAD,6320,Fortra Price Book,GBP
01tWC00000FBY0cYAH,12160,Fortra Price Book,USD
01tWC00000FBY0cYAH,8000,Fortra Price Book,USD
01tWC00000DD1yfYAD,39520,Fortra Price Book,AUD
01tWC00000DD1yfYAD,35100,Fortra Price Book,CAD
01tWC00000DD1yfYAD,23920,Fortra Price Book,EUR
01tWC00000DD1yfYAD,20540,Fortra Price Book,GBP
01tWC00000FBY0eYAH,23920,Fortra Price Book,USD
01tWC00000FBY0eYAH,26000,Fortra Price Book,USD
01tWC00000DD1yeYAD,106400,Fortra Price Book,AUD
01tWC00000DD1yeYAD,94500,Fortra Price Book,CAD
01tWC00000DD1yeYAD,64400,Fortra Price Book,EUR
01tWC00000DD1yeYAD,55300,Fortra Price Book,GBP
01tWC00000FBY0dYAH,106400,Fortra Price Book,USD
01tWC00000FBY0dYAH,70000,Fortra Price Book,USD
01tWC00000DD1JvYAL,76000,Fortra Price Book,AUD
01tWC00000DD1JvYAL,67500,Fortra Price Book,CAD
01tWC00000DD1JvYAL,46000,Fortra Price Book,EUR
01tWC00000DD1JvYAL,39500,Fortra Price Book,GBP
01tWC00000DD1JzYAL,53.2,Fortra Price Book,AUD
01tWC00000DD1JzYAL,47.25,Fortra Price Book,CAD
01tWC00000DD1JzYAL,32.2,Fortra Price Book,EUR
01tWC00000DD1JzYAL,27.65,Fortra Price Book,GBP
01tWC00000DD1JxYAL,114,Fortra Price Book,AUD
01tWC00000DD1JxYAL,101.25,Fortra Price Book,CAD
01tWC00000DD1JxYAL,69,Fortra Price Book,EUR
01tWC00000DD1JxYAL,59.25,Fortra Price Book,GBP
01tWC00000FBX3bYAH,114,Fortra Price Book,USD
01tWC00000FBX3bYAH,75,Fortra Price Book,USD
01tWC00000DD1K9YAL,58.6,Fortra Price Book,EUR
01tWC00000DD1K9YAL,50.32,Fortra Price Book,GBP
01tWC00000FBX3nYAH,96.82,Fortra Price Book,USD
01tWC00000FBX3nYAH,63.7,Fortra Price Book,USD
01tWC00000FBX3kYAH,245.78,Fortra Price Book,USD
01tWC00000FBX3kYAH,161.7,Fortra Price Book,USD
01tWC00000FBX3yYAH,245.78,Fortra Price Book,USD
01tWC00000FBX3yYAH,161.7,Fortra Price Book,USD
01tWC00000FBX3xYAH,245.78,Fortra Price Book,USD
01tWC00000FBX3xYAH,161.7,Fortra Price Book,USD
01tWC00000FBX3mYAH,98.8,Fortra Price Book,USD
01tWC00000FBX3mYAH,65,Fortra Price Book,USD
01tWC00000FBX3jYAH,250.8,Fortra Price Book,USD
01tWC00000FBX3jYAH,165,Fortra Price Book,USD
01tWC00000DD1KFYA1,85.12,Fortra Price Book,AUD
01tWC00000DD1KFYA1,75.6,Fortra Price Book,CAD
01tWC00000DD1KFYA1,51.52,Fortra Price Book,EUR
01tWC00000DD1KFYA1,44.24,Fortra Price Book,GBP
01tWC00000DD1KCYA1,200.64,Fortra Price Book,AUD
01tWC00000DD1KCYA1,178.2,Fortra Price Book,CAD
01tWC00000DD1KCYA1,121.44,Fortra Price Book,EUR
01tWC00000DD1KCYA1,104.28,Fortra Price Book,GBP
01tWC00000DD1KAYA1,83.42,Fortra Price Book,AUD
01tWC00000DD1KAYA1,74.09,Fortra Price Book,CAD
01tWC00000DD1KAYA1,50.49,Fortra Price Book,EUR
01tWC00000DD1KAYA1,43.36,Fortra Price Book,GBP
01tWC00000DD1KDYA1,196.63,Fortra Price Book,AUD
01tWC00000DD1KDYA1,174.64,Fortra Price Book,CAD
01tWC00000DD1KDYA1,119.01,Fortra Price Book,EUR
01tWC00000DD1KDYA1,102.19,Fortra Price Book,GBP
01tWC00000FBX86YAH,43.36,Fortra Price Book,USD
01tWC00000FBX86YAH,43.36,Fortra Price Book,USD
01tWC00000FBX3qYAH,196.63,Fortra Price Book,USD
01tWC00000FBX3qYAH,129.36,Fortra Price Book,USD
01tWC00000FBX40YAH,196.63,Fortra Price Book,USD
01tWC00000FBX40YAH,129.36,Fortra Price Book,USD
01tWC00000FBX3zYAH,196.63,Fortra Price Book,USD
01tWC00000FBX3zYAH,129.36,Fortra Price Book,USD
01tWC00000FBX3pYAH,200.64,Fortra Price Book,USD
01tWC00000FBX3pYAH,132,Fortra Price Book,USD
01tWC00000FBX3sYAH,85.12,Fortra Price Book,USD
01tWC00000FBX3sYAH,56,Fortra Price Book,USD
01tWC00000DD1KIYA1,190,Fortra Price Book,AUD
01tWC00000DD1KIYA1,168.75,Fortra Price Book,CAD
01tWC00000DD1KIYA1,115,Fortra Price Book,EUR
01tWC00000DD1KIYA1,98.75,Fortra Price Book,GBP
01tWC00000DD1KGYA1,74.48,Fortra Price Book,AUD
01tWC00000DD1KGYA1,66.15,Fortra Price Book,CAD
01tWC00000DD1KGYA1,45.08,Fortra Price Book,EUR
01tWC00000DD1KGYA1,38.71,Fortra Price Book,GBP
01tWC00000FBX89YAH,168.75,Fortra Price Book,USD
01tWC00000FBX89YAH,168.75,Fortra Price Book,USD
01tWC00000DD1LsYAL,27622.96,Fortra Price Book,AUD
01tWC00000DD1LsYAL,24533.55,Fortra Price Book,CAD
01tWC00000DD1LsYAL,16719.16,Fortra Price Book,EUR
01tWC00000DD1LsYAL,14356.67,Fortra Price Book,GBP
01tWC00000DD1LuYAL,15192.4,Fortra Price Book,AUD
01tWC00000DD1LuYAL,13493.25,Fortra Price Book,CAD
01tWC00000DD1LuYAL,9195.4,Fortra Price Book,EUR
01tWC00000DD1LuYAL,7896.05,Fortra Price Book,GBP
01tWC00000DD1LyYAL,6277.6,Fortra Price Book,AUD
01tWC00000DD1LyYAL,5575.5,Fortra Price Book,CAD
01tWC00000DD1LyYAL,3799.6,Fortra Price Book,EUR
01tWC00000DD1LyYAL,3262.7,Fortra Price Book,GBP
01tWC00000DD1LwYAL,13123.68,Fortra Price Book,AUD
01tWC00000DD1LwYAL,11655.9,Fortra Price Book,CAD
01tWC00000DD1LwYAL,7943.28,Fortra Price Book,EUR
01tWC00000DD1LwYAL,6820.86,Fortra Price Book,GBP
01tWC00000DD1M2YAL,2675.2,Fortra Price Book,AUD
01tWC00000DD1M2YAL,2376,Fortra Price Book,CAD
01tWC00000DD1M2YAL,1619.2,Fortra Price Book,EUR
01tWC00000DD1M2YAL,1390.4,Fortra Price Book,GBP
01tWC00000DD1M0YAL,5593.6,Fortra Price Book,AUD
01tWC00000FBX87YAH,66.15,Fortra Price Book,USD
01tWC00000FBX87YAH,66.15,Fortra Price Book,USD
01tWC00000DD1KNYA1,53.2,Fortra Price Book,AUD
01tWC00000DD1KNYA1,47.25,Fortra Price Book,CAD
01tWC00000DD1KNYA1,32.2,Fortra Price Book,EUR
01tWC00000DD1KNYA1,27.65,Fortra Price Book,GBP
01tWC00000DD1KLYA1,114,Fortra Price Book,AUD
01tWC00000DD1KLYA1,101.25,Fortra Price Book,CAD
01tWC00000DD1KLYA1,69,Fortra Price Book,EUR
01tWC00000DD1KLYA1,59.25,Fortra Price Book,GBP
01tWC00000FBX8EYAX,53.2,Fortra Price Book,USD
01tWC00000FBX8EYAX,35,Fortra Price Book,USD
01tWC00000FBX8CYAX,114,Fortra Price Book,USD
01tWC00000FBX8CYAX,75,Fortra Price Book,USD
01tWC00000DD1KPYA1,159.6,Fortra Price Book,AUD
01tWC00000DD1KPYA1,141.75,Fortra Price Book,CAD
01tWC00000DD1KPYA1,96.6,Fortra Price Book,EUR
01tWC00000DD1KPYA1,82.95,Fortra Price Book,GBP
01tWC00000DD1KRYA1,71.44,Fortra Price Book,AUD
01tWC00000DD1KRYA1,63.45,Fortra Price Book,CAD
01tWC00000DD1KRYA1,43.24,Fortra Price Book,EUR
01tWC00000DD1KRYA1,37.13,Fortra Price Book,GBP
01tWC00000DD1KTYA1,54.72,Fortra Price Book,AUD
01tWC00000DD1KTYA1,48.6,Fortra Price Book,CAD
01tWC00000DD1KTYA1,33.12,Fortra Price Book,EUR
01tWC00000DD1KTYA1,28.44,Fortra Price Book,GBP
01tWC00000DD1KWYA1,21.28,Fortra Price Book,AUD
01tWC00000DD1KWYA1,18.9,Fortra Price Book,CAD
01tWC00000DD1KWYA1,12.88,Fortra Price Book,EUR
01tWC00000DD1KWYA1,11.06,Fortra Price Book,GBP
01tWC00000DD1KUYA1,53.63,Fortra Price Book,AUD
01tWC00000DD1KUYA1,47.63,Fortra Price Book,CAD
01tWC00000DD1KUYA1,32.46,Fortra Price Book,EUR
01tWC00000DD1KUYA1,27.87,Fortra Price Book,GBP
01tWC00000DD1KXYA1,20.85,Fortra Price Book,AUD
01tWC00000DD1KXYA1,18.52,Fortra Price Book,CAD
01tWC00000DD1KXYA1,12.62,Fortra Price Book,EUR
01tWC00000DD1KXYA1,10.84,Fortra Price Book,GBP
01tWC00000FBX8LYAX,53.63,Fortra Price Book,USD
01tWC00000FBX8LYAX,35.28,Fortra Price Book,USD
01tWC00000FBX8OYAX,20.85,Fortra Price Book,USD
01tWC00000FBX8OYAX,13.72,Fortra Price Book,USD
01tWC00000FBX8sYAH,53.63,Fortra Price Book,USD
01tWC00000FBX8sYAH,35.28,Fortra Price Book,USD
01tWC00000FBX8rYAH,53.63,Fortra Price Book,USD
01tWC00000FBX8rYAH,35.28,Fortra Price Book,USD
01tWC00000FBX8KYAX,54.72,Fortra Price Book,USD
01tWC00000FBX8KYAX,36,Fortra Price Book,USD
01tWC00000FBX8NYAX,21.28,Fortra Price Book,USD
01tWC00000FBX8NYAX,14,Fortra Price Book,USD
01tWC00000DD1KZYA1,45.6,Fortra Price Book,AUD
01tWC00000DD1KZYA1,40.5,Fortra Price Book,CAD
01tWC00000DD1KZYA1,27.6,Fortra Price Book,EUR
01tWC00000DD1KZYA1,23.7,Fortra Price Book,GBP
01tWC00000DD1KeYAL,9.12,Fortra Price Book,AUD
01tWC00000DD1KeYAL,8.1,Fortra Price Book,CAD
01tWC00000DD1KeYAL,5.52,Fortra Price Book,EUR
01tWC00000DD1KeYAL,4.74,Fortra Price Book,GBP
01tWC00000DD1KcYAL,22.8,Fortra Price Book,AUD
01tWC00000DD1KcYAL,20.25,Fortra Price Book,CAD
01tWC00000DD1KcYAL,13.8,Fortra Price Book,EUR
01tWC00000DD1KcYAL,11.85,Fortra Price Book,GBP
01tWC00000DD1ZYYA1,1824,Fortra Price Book,AUD
01tWC00000DD1ZYYA1,1620,Fortra Price Book,CAD
01tWC00000DD1ZYYA1,1104,Fortra Price Book,EUR
01tWC00000DD1ZYYA1,948,Fortra Price Book,GBP
01tWC00000FCJ82YAH,1104,Fortra Price Book,USD
01tWC00000DD1yPYAT,5.02,Fortra Price Book,AUD
01tWC00000DD1yPYAT,4.46,Fortra Price Book,CAD
01tWC00000DD1yPYAT,3.04,Fortra Price Book,EUR
01tWC00000DD1yPYAT,2.61,Fortra Price Book,GBP
01tWC00000FBX8mYAH,5.02,Fortra Price Book,USD
01tWC00000FBX8mYAH,3.3,Fortra Price Book,USD
01tWC00000DD1PrYAL,3511.2,Fortra Price Book,AUD
01tWC00000DD1PrYAL,3118.5,Fortra Price Book,CAD
01tWC00000DD1PrYAL,2125.2,Fortra Price Book,EUR
01tWC00000DD1PrYAL,1824.9,Fortra Price Book,GBP
01tWC00000DD1PtYAL,1931.16,Fortra Price Book,AUD
01tWC00000DD1PtYAL,1715.18,Fortra Price Book,CAD
01tWC00000DD1PtYAL,1168.86,Fortra Price Book,EUR
01tWC00000DD1PtYAL,1003.7,Fortra Price Book,GBP
01tWC00000FCFZdYAP,1270.5,Fortra Price Book,USD
01tWC00000FCFZbYAP,2310,Fortra Price Book,USD
01tWC00000DD1Q6YAL,3990,Fortra Price Book,AUD
01tWC00000DD1Q6YAL,3543.75,Fortra Price Book,CAD
01tWC00000DD1Q6YAL,2415,Fortra Price Book,EUR
01tWC00000DD1Q6YAL,2073.75,Fortra Price Book,GBP
01tWC00000DD1Q8YAL,2194.5,Fortra Price Book,AUD
01tWC00000DD1Q8YAL,1949.06,Fortra Price Book,CAD
01tWC00000DD1Q8YAL,1328.25,Fortra Price Book,EUR
01tWC00000DD1Q8YAL,1140.56,Fortra Price Book,GBP
01tWC00000FCFZhYAP,1443.75,Fortra Price Book,USD
01tWC00000FCFZfYAP,2625,Fortra Price Book,USD
01tWC00000DCwVPYA1,19152,Fortra Price Book,AUD
01tWC00000DCwVPYA1,17010,Fortra Price Book,CAD
01tWC00000DCwVPYA1,11592,Fortra Price Book,EUR
01tWC00000DCwVPYA1,9954,Fortra Price Book,GBP
01tWC00000DCwVRYA1,10533.6,Fortra Price Book,AUD
01tWC00000DCwVRYA1,9355.5,Fortra Price Book,CAD
01tWC00000DCwVRYA1,6375.6,Fortra Price Book,EUR
01tWC00000DCwVRYA1,5474.7,Fortra Price Book,GBP
01tWC00000DCwVWYA1,4560,Fortra Price Book,AUD
01tWC00000DCwVWYA1,4050,Fortra Price Book,CAD
01tWC00000DCwVWYA1,2760,Fortra Price Book,EUR
01tWC00000DCwVWYA1,2370,Fortra Price Book,GBP
01tWC00000DCwVYYA1,2508,Fortra Price Book,AUD
01tWC00000DCwVYYA1,2227.5,Fortra Price Book,CAD
01tWC00000DCwVYYA1,1518,Fortra Price Book,EUR
01tWC00000DCwVYYA1,1303.5,Fortra Price Book,GBP
01tWC00000FCFp7YAH,3000,Fortra Price Book,USD
01tWC00000FCFp9YAH,1650,Fortra Price Book,USD
01tWC00000DCwVfYAL,526.68,Fortra Price Book,AUD
01tWC00000DCwVfYAL,467.78,Fortra Price Book,CAD
01tWC00000DCwVfYAL,318.78,Fortra Price Book,EUR
01tWC00000DCwVfYAL,273.74,Fortra Price Book,GBP
01tWC00000DCwVdYAL,957.6,Fortra Price Book,AUD
01tWC00000DCwVdYAL,850.5,Fortra Price Book,CAD
01tWC00000DCwVdYAL,579.6,Fortra Price Book,EUR
01tWC00000DCwVdYAL,497.7,Fortra Price Book,GBP
01tWC00000FCFpEYAX,497.7,Fortra Price Book,USD
01tWC00000FCFpGYAX,346.5,Fortra Price Book,USD
01tWC00000DCwW7YAL,1672,Fortra Price Book,AUD
01tWC00000DCwW7YAL,1485,Fortra Price Book,CAD
01tWC00000DCwW7YAL,1012,Fortra Price Book,EUR
01tWC00000DCwW7YAL,869,Fortra Price Book,GBP
01tWC00000DCwW5YAL,3040,Fortra Price Book,AUD
01tWC00000DCwW5YAL,2700,Fortra Price Book,CAD
01tWC00000DCwW5YAL,1840,Fortra Price Book,EUR
01tWC00000DCwW5YAL,1580,Fortra Price Book,GBP
01tWC00000FCFpLYAX,2000,Fortra Price Book,USD
01tWC00000FCFpNYAX,1672,Fortra Price Book,USD
01tWC00000DCwWRYA1,76.06,Fortra Price Book,AUD
01tWC00000DCwWRYA1,67.55,Fortra Price Book,CAD
01tWC00000DCwWRYA1,46.04,Fortra Price Book,EUR
01tWC00000DCwWRYA1,39.53,Fortra Price Book,GBP
01tWC00000FBY09YAH,76.06,Fortra Price Book,USD
01tWC00000FBY09YAH,50.04,Fortra Price Book,USD
01tWC00000DCwWmYAL,8778,Fortra Price Book,AUD
01tWC00000DCwWmYAL,7796.25,Fortra Price Book,CAD
01tWC00000DCwWmYAL,5313,Fortra Price Book,EUR
01tWC00000DCwWmYAL,4562.25,Fortra Price Book,GBP
01tWC00000DCwWoYAL,4827.9,Fortra Price Book,AUD
01tWC00000DCwWoYAL,4287.94,Fortra Price Book,CAD
01tWC00000DCwWoYAL,2922.15,Fortra Price Book,EUR
01tWC00000DCwWoYAL,2509.24,Fortra Price Book,GBP
01tWC00000FCFpUYAX,3176.25,Fortra Price Book,USD
01tWC00000FCFpSYAX,5775,Fortra Price Book,USD
01tWC00000DCwWtYAL,6931.2,Fortra Price Book,AUD
01tWC00000DCwWtYAL,6156,Fortra Price Book,CAD
01tWC00000DCwWtYAL,4195.2,Fortra Price Book,EUR
01tWC00000DCwWtYAL,3602.4,Fortra Price Book,GBP
01tWC00000FCFpZYAX,4560,Fortra Price Book,USD
01tWC00000FBiBaYAL,3602.4,Fortra Price Book,USD
01tWC00000DD1zkYAD,7.22,Fortra Price Book,AUD
01tWC00000DD1zkYAD,6.41,Fortra Price Book,CAD
01tWC00000DD1zkYAD,4.37,Fortra Price Book,EUR
01tWC00000DD1zkYAD,3.75,Fortra Price Book,GBP
01tWC00000FBY0mYAH,7.22,Fortra Price Book,USD
01tWC00000FBY0mYAH,4.75,Fortra Price Book,USD
01tWC00000DD1QEYA1,76000,Fortra Price Book,AUD
01tWC00000DD1QEYA1,67500,Fortra Price Book,CAD
01tWC00000DD1QEYA1,46000,Fortra Price Book,EUR
01tWC00000DD1QEYA1,39500,Fortra Price Book,GBP
01tWC00000DD1QiYAL,44.14,Fortra Price Book,AUD
01tWC00000DD1QiYAL,39.2,Fortra Price Book,CAD
01tWC00000DD1QiYAL,26.72,Fortra Price Book,EUR
01tWC00000DD1QiYAL,22.94,Fortra Price Book,GBP
01tWC00000FBY0SYAX,44.14,Fortra Price Book,USD
01tWC00000FBY0SYAX,29.04,Fortra Price Book,USD
01tWC00000DD09iYAD,54.72,Fortra Price Book,AUD
01tWC00000DD09iYAD,48.6,Fortra Price Book,CAD
01tWC00000DD09iYAD,33.12,Fortra Price Book,EUR
01tWC00000DD09iYAD,28.44,Fortra Price Book,GBP
01tWC00000FBY0FYAX,54.72,Fortra Price Book,USD
01tWC00000FBY0FYAX,36,Fortra Price Book,USD
01tWC00000DD09jYAD,54.72,Fortra Price Book,AUD
01tWC00000DD09jYAD,48.6,Fortra Price Book,CAD
01tWC00000DD09jYAD,33.12,Fortra Price Book,EUR
01tWC00000DD09jYAD,28.44,Fortra Price Book,GBP
01tWC00000FBY0GYAX,54.72,Fortra Price Book,USD
01tWC00000FBY0GYAX,36,Fortra Price Book,USD
01tWC00000DD1zqYAD,3040,Fortra Price Book,AUD
01tWC00000DD1zqYAD,2700,Fortra Price Book,CAD
01tWC00000DD1zqYAD,1840,Fortra Price Book,EUR
01tWC00000DD1zqYAD,1580,Fortra Price Book,GBP
01tWC00000FBY0oYAH,3040,Fortra Price Book,USD
01tWC00000FBY0oYAH,2000,Fortra Price Book,USD
01tWC00000DD1UHYA1,7022.4,Fortra Price Book,AUD
01tWC00000DD1UHYA1,6237,Fortra Price Book,CAD
01tWC00000DD1UHYA1,4250.4,Fortra Price Book,EUR
01tWC00000DD1UHYA1,3649.8,Fortra Price Book,GBP
01tWC00000DD1UJYA1,3862.32,Fortra Price Book,AUD
01tWC00000DD1UJYA1,3430.35,Fortra Price Book,CAD
01tWC00000DD1UJYA1,2337.72,Fortra Price Book,EUR
01tWC00000DD1UJYA1,2007.39,Fortra Price Book,GBP
01tWC00000FCEzvYAH,4620,Fortra Price Book,USD
01tWC00000FCEzxYAH,2541,Fortra Price Book,USD
01tWC00000DD1UNYA1,1316.7,Fortra Price Book,AUD
01tWC00000DD1UNYA1,1169.44,Fortra Price Book,CAD
01tWC00000DD1UNYA1,796.95,Fortra Price Book,EUR
01tWC00000DD1UNYA1,684.34,Fortra Price Book,GBP
01tWC00000DD1ULYA1,2394,Fortra Price Book,AUD
01tWC00000DD1ULYA1,2126.25,Fortra Price Book,CAD
01tWC00000DD1ULYA1,1449,Fortra Price Book,EUR
01tWC00000DD1ULYA1,1244.25,Fortra Price Book,GBP
01tWC00000FCF01YAH,866.25,Fortra Price Book,USD
01tWC00000FCEzzYAH,1575,Fortra Price Book,USD
01tWC00000DD1UPYA1,5266.8,Fortra Price Book,AUD
01tWC00000DD1UPYA1,4677.75,Fortra Price Book,CAD
01tWC00000DD1UPYA1,3187.8,Fortra Price Book,EUR
01tWC00000DD1UPYA1,2737.35,Fortra Price Book,GBP
01tWC00000DD1URYA1,2896.74,Fortra Price Book,AUD
01tWC00000DD1URYA1,2572.76,Fortra Price Book,CAD
01tWC00000DD1URYA1,1753.29,Fortra Price Book,EUR
01tWC00000DD1URYA1,1505.54,Fortra Price Book,GBP
01tWC00000FCF03YAH,3465,Fortra Price Book,USD
01tWC00000FCF05YAH,1905.75,Fortra Price Book,USD
01tWC00000DD1aFYAT,3344,Fortra Price Book,AUD
01tWC00000DD1aFYAT,2970,Fortra Price Book,CAD
01tWC00000DD1aFYAT,2024,Fortra Price Book,EUR
01tWC00000DD1aFYAT,1738,Fortra Price Book,GBP
01tWC00000DD1aHYAT,1839.2,Fortra Price Book,AUD
01tWC00000DD1aHYAT,1633.5,Fortra Price Book,CAD
01tWC00000DD1aHYAT,1113.2,Fortra Price Book,EUR
01tWC00000DD1aHYAT,955.9,Fortra Price Book,GBP
01tWC00000FCF0FYAX,1210,Fortra Price Book,USD
01tWC00000FCF0DYAX,2200,Fortra Price Book,USD
01tWC00000DD1cnYAD,9272,Fortra Price Book,AUD
01tWC00000DD1cnYAD,8235,Fortra Price Book,CAD
01tWC00000DD1cnYAD,5612,Fortra Price Book,EUR
01tWC00000DD1cnYAD,4819,Fortra Price Book,GBP
01tWC00000DD1coYAD,475,Fortra Price Book,AUD
01tWC00000DD1coYAD,421.88,Fortra Price Book,CAD
01tWC00000DD1coYAD,287.5,Fortra Price Book,EUR
01tWC00000DD1coYAD,246.88,Fortra Price Book,GBP
01tWC00000FBXBrYAP,475,Fortra Price Book,USD
01tWC00000FBXBrYAP,312.5,Fortra Price Book,USD
01tWC00000DD1cpYAD,9272,Fortra Price Book,AUD
01tWC00000DD1cpYAD,8235,Fortra Price Book,CAD
01tWC00000DD1cpYAD,5612,Fortra Price Book,EUR
01tWC00000DD1cpYAD,4819,Fortra Price Book,GBP
01tWC00000DD1cqYAD,380,Fortra Price Book,AUD
01tWC00000DD1cqYAD,337.5,Fortra Price Book,CAD
01tWC00000DD1cqYAD,230,Fortra Price Book,EUR
01tWC00000DD1cqYAD,197.5,Fortra Price Book,GBP
01tWC00000DD1zhYAD,494,Fortra Price Book,AUD
01tWC00000DD1zhYAD,438.75,Fortra Price Book,CAD
01tWC00000DD1zhYAD,299,Fortra Price Book,EUR
01tWC00000DD1zhYAD,256.75,Fortra Price Book,GBP
01tWC00000FBY0lYAH,494,Fortra Price Book,USD
01tWC00000FBY0lYAH,325,Fortra Price Book,USD
01tWC00000DD1ygYAD,380,Fortra Price Book,AUD
01tWC00000DD1ygYAD,337.5,Fortra Price Book,CAD
01tWC00000DD1ygYAD,230,Fortra Price Book,EUR
01tWC00000DD1ygYAD,197.5,Fortra Price Book,GBP
01tWC00000FBY0fYAH,380,Fortra Price Book,USD
01tWC00000FBY0fYAH,250,Fortra Price Book,USD
01tWC00000DD1yYYAT,109440,Fortra Price Book,AUD
01tWC00000DD1yYYAT,97200,Fortra Price Book,CAD
01tWC00000DD1yYYAT,66240,Fortra Price Book,EUR
01tWC00000DD1yYYAT,56880,Fortra Price Book,GBP
01tWC00000FBXC3YAP,109440,Fortra Price Book,USD
01tWC00000FBXC3YAP,72000,Fortra Price Book,USD
01tWC00000DD1ybYAD,224960,Fortra Price Book,AUD
01tWC00000DD1ybYAD,199800,Fortra Price Book,CAD
01tWC00000DD1ybYAD,136160,Fortra Price Book,EUR
01tWC00000DD1ybYAD,116920,Fortra Price Book,GBP
01tWC00000FBXC4YAP,224960,Fortra Price Book,USD
01tWC00000FBXC4YAP,148000,Fortra Price Book,USD
01tWC00000DD1yUYAT,36480,Fortra Price Book,AUD
01tWC00000DD1yUYAT,32400,Fortra Price Book,CAD
01tWC00000DD1yUYAT,22080,Fortra Price Book,EUR
01tWC00000DD1yUYAT,18960,Fortra Price Book,GBP
01tWC00000FBXC2YAP,36480,Fortra Price Book,USD
01tWC00000FBXC2YAP,24000,Fortra Price Book,USD
01tWC00000DD1yZYAT,141740,Fortra Price Book,AUD
01tWC00000DD1yZYAT,125887.5,Fortra Price Book,CAD
01tWC00000DD1yZYAT,85790,Fortra Price Book,EUR
01tWC00000DD1yZYAT,73667.5,Fortra Price Book,GBP
01tWC00000FBY0aYAH,141740,Fortra Price Book,USD
01tWC00000FBY0aYAH,93250,Fortra Price Book,USD
01tWC00000DD1ycYAD,232940,Fortra Price Book,AUD
01tWC00000DD1ycYAD,206887.5,Fortra Price Book,CAD
01tWC00000DD1ycYAD,140990,Fortra Price Book,EUR
01tWC00000DD1ycYAD,121067.5,Fortra Price Book,GBP
01tWC00000FBY0bYAH,232940,Fortra Price Book,USD
01tWC00000FBY0bYAH,153250,Fortra Price Book,USD
01tWC00000DD1yVYAT,88540,Fortra Price Book,AUD
01tWC00000DD1yVYAT,78637.5,Fortra Price Book,CAD
01tWC00000DD1yVYAT,53590,Fortra Price Book,EUR
01tWC00000DD1yVYAT,46017.5,Fortra Price Book,GBP
01tWC00000FBY0ZYAX,88540,Fortra Price Book,USD
01tWC00000FBY0ZYAX,58250,Fortra Price Book,USD
01tWC00000DD1X7YAL,1316.7,Fortra Price Book,AUD
01tWC00000DD1X7YAL,1169.44,Fortra Price Book,CAD
01tWC00000DD1X7YAL,796.95,Fortra Price Book,EUR
01tWC00000DD1X7YAL,684.34,Fortra Price Book,GBP
01tWC00000DD1X5YAL,2394,Fortra Price Book,AUD
01tWC00000DD1X5YAL,2126.25,Fortra Price Book,CAD
01tWC00000DD1X5YAL,1449,Fortra Price Book,EUR
01tWC00000DD1X5YAL,1244.25,Fortra Price Book,GBP
01tWC00000FCF09YAH,866.25,Fortra Price Book,USD
01tWC00000FCF07YAH,1244.25,Fortra Price Book,USD
01tWC00000DD1Y2YAL,2896.74,Fortra Price Book,AUD
01tWC00000DD1Y2YAL,2572.76,Fortra Price Book,CAD
01tWC00000DD1Y2YAL,1753.29,Fortra Price Book,EUR
01tWC00000DD1Y2YAL,1505.54,Fortra Price Book,GBP
01tWC00000DD1Y0YAL,5266.8,Fortra Price Book,AUD
01tWC00000DD1Y0YAL,4677.75,Fortra Price Book,CAD
01tWC00000DD1Y0YAL,3187.8,Fortra Price Book,EUR
01tWC00000DD1Y0YAL,2737.35,Fortra Price Book,GBP
01tWC00000FCFykYAH,2737.35,Fortra Price Book,USD
01tWC00000DD1yTYAT,547200,Fortra Price Book,AUD
01tWC00000DD1yTYAT,486000,Fortra Price Book,CAD
01tWC00000DD1yTYAT,331200,Fortra Price Book,EUR
01tWC00000DD1yTYAT,284400,Fortra Price Book,GBP
01tWC00000FBY0YYAX,547200,Fortra Price Book,USD
01tWC00000FBY0YYAX,360000,Fortra Price Book,USD
01tWC00000DD1YAYA1,12160,Fortra Price Book,AUD
01tWC00000DD1YAYA1,10800,Fortra Price Book,CAD
01tWC00000DD1YAYA1,7360,Fortra Price Book,EUR
01tWC00000DD1YAYA1,6320,Fortra Price Book,GBP
01tWC00000FBXBlYAP,12160,Fortra Price Book,USD
01tWC00000FBXBlYAP,8000,Fortra Price Book,USD
01tWC00000DD1YBYA1,12160,Fortra Price Book,AUD
01tWC00000DD1YBYA1,10800,Fortra Price Book,CAD
01tWC00000DD1YBYA1,7360,Fortra Price Book,EUR
01tWC00000DD1YBYA1,6320,Fortra Price Book,GBP
01tWC00000FBXBmYAP,12160,Fortra Price Book,USD
01tWC00000FBXBmYAP,8000,Fortra Price Book,USD
01tWC00000DD1dLYAT,3040,Fortra Price Book,AUD
01tWC00000DD1dLYAT,2700,Fortra Price Book,CAD
01tWC00000DD1dLYAT,1840,Fortra Price Book,EUR
01tWC00000DD1dLYAT,1580,Fortra Price Book,GBP
01tWC00000DD1dRYAT,6583.5,Fortra Price Book,AUD
01tWC00000DD1dRYAT,5847.19,Fortra Price Book,CAD
01tWC00000DD1dRYAT,3984.75,Fortra Price Book,EUR
01tWC00000DD1dRYAT,3421.69,Fortra Price Book,GBP
01tWC00000DD1dPYAT,11970,Fortra Price Book,AUD
01tWC00000DD1dPYAT,10631.25,Fortra Price Book,CAD
01tWC00000DD1dPYAT,7245,Fortra Price Book,EUR
01tWC00000DD1dPYAT,6221.25,Fortra Price Book,GBP
01tWC00000DD1dTYAT,2394,Fortra Price Book,AUD
01tWC00000DD1dTYAT,2126.25,Fortra Price Book,CAD
01tWC00000DD1dTYAT,1449,Fortra Price Book,EUR
01tWC00000DD1dTYAT,1244.25,Fortra Price Book,GBP
01tWC00000DD1dVYAT,1316.7,Fortra Price Book,AUD
01tWC00000DD1dVYAT,1169.44,Fortra Price Book,CAD
01tWC00000DD1dVYAT,796.95,Fortra Price Book,EUR
01tWC00000DD1dVYAT,684.34,Fortra Price Book,GBP
01tWC00000DD1dvYAD,1755.6,Fortra Price Book,AUD
01tWC00000DD1dvYAD,1559.25,Fortra Price Book,CAD
01tWC00000DD1dvYAD,1062.6,Fortra Price Book,EUR
01tWC00000DD1dvYAD,912.45,Fortra Price Book,GBP
01tWC00000DD1dxYAD,10640,Fortra Price Book,AUD
01tWC00000DD1dxYAD,9450,Fortra Price Book,CAD
01tWC00000DD1dxYAD,6440,Fortra Price Book,EUR
01tWC00000DD1dxYAD,5530,Fortra Price Book,GBP
01tWC00000DD1e3YAD,76000,Fortra Price Book,AUD
01tWC00000DD1e3YAD,67500,Fortra Price Book,CAD
01tWC00000DD1e3YAD,46000,Fortra Price Book,EUR
01tWC00000DD1e3YAD,39500,Fortra Price Book,GBP
01tWC00000FBY63YAH,76000,Fortra Price Book,USD
01tWC00000FBY63YAH,50000,Fortra Price Book,USD
01tWC00000DD1e4YAD,38000,Fortra Price Book,AUD
01tWC00000DD1e4YAD,33750,Fortra Price Book,CAD
01tWC00000DD1e4YAD,23000,Fortra Price Book,EUR
01tWC00000DD1e4YAD,19750,Fortra Price Book,GBP
01tWC00000FBY64YAH,38000,Fortra Price Book,USD
01tWC00000FBY64YAH,25000,Fortra Price Book,USD
01tWC00000DD1kTYAT,72960,Fortra Price Book,AUD
01tWC00000DD1kTYAT,64800,Fortra Price Book,CAD
01tWC00000DD1kTYAT,44160,Fortra Price Book,EUR
01tWC00000DD1kTYAT,37920,Fortra Price Book,GBP
01tWC00000DD1kUYAT,72960,Fortra Price Book,AUD
01tWC00000DD1kUYAT,64800,Fortra Price Book,CAD
01tWC00000DD1kUYAT,44160,Fortra Price Book,EUR
01tWC00000DD1kUYAT,37920,Fortra Price Book,GBP
01tWC00000DD1kVYAT,15200,Fortra Price Book,AUD
01tWC00000DD1kVYAT,13500,Fortra Price Book,CAD
01tWC00000DD1kVYAT,9200,Fortra Price Book,EUR
01tWC00000DD1kVYAT,7900,Fortra Price Book,GBP
01tWC00000DD1kWYAT,36480,Fortra Price Book,AUD
01tWC00000DD1kWYAT,32400,Fortra Price Book,CAD
01tWC00000DD1kWYAT,22080,Fortra Price Book,EUR
01tWC00000DD1kWYAT,18960,Fortra Price Book,GBP
01tWC00000DD1kyYAD,798,Fortra Price Book,AUD
01tWC00000DD1kyYAD,708.75,Fortra Price Book,CAD
01tWC00000DD1kyYAD,483,Fortra Price Book,EUR
01tWC00000DD1kyYAD,414.75,Fortra Price Book,GBP
01tWC00000DD1l0YAD,438.9,Fortra Price Book,AUD
01tWC00000DD1l0YAD,389.81,Fortra Price Book,CAD
01tWC00000DD1l0YAD,265.65,Fortra Price Book,EUR
01tWC00000DD1l0YAD,228.11,Fortra Price Book,GBP
01tWC00000DD1lBYAT,5320,Fortra Price Book,AUD
01tWC00000DD1lBYAT,4725,Fortra Price Book,CAD
01tWC00000DD1lBYAT,3220,Fortra Price Book,EUR
01tWC00000DD1lBYAT,2765,Fortra Price Book,GBP
01tWC00000DD1lDYAT,2926,Fortra Price Book,AUD
01tWC00000DD1lDYAT,2598.75,Fortra Price Book,CAD
01tWC00000DD1lDYAT,1771,Fortra Price Book,EUR
01tWC00000DD1lDYAT,1520.75,Fortra Price Book,GBP
01tWC00000DD1mHYAT,1672,Fortra Price Book,AUD
01tWC00000DD1mHYAT,1485,Fortra Price Book,CAD
01tWC00000DD1mHYAT,1012,Fortra Price Book,EUR
01tWC00000DD1mHYAT,869,Fortra Price Book,GBP
01tWC00000DD1m7YAD,3040,Fortra Price Book,AUD
01tWC00000DD1m7YAD,2700,Fortra Price Book,CAD
01tWC00000DD1m7YAD,1840,Fortra Price Book,EUR
01tWC00000DD1m7YAD,1580,Fortra Price Book,GBP
01tWC00000DD1mCYAT,418,Fortra Price Book,AUD
01tWC00000DD1mCYAT,371.25,Fortra Price Book,CAD
01tWC00000DD1mCYAT,253,Fortra Price Book,EUR
01tWC00000DD1mCYAT,217.25,Fortra Price Book,GBP
01tWC00000DD1mAYAT,760,Fortra Price Book,AUD
01tWC00000DD1mAYAT,675,Fortra Price Book,CAD
01tWC00000DD1mAYAT,460,Fortra Price Book,EUR
01tWC00000DD1mAYAT,395,Fortra Price Book,GBP
01tWC00000DD1mGYAT,626.24,Fortra Price Book,AUD
01tWC00000DD1mGYAT,556.2,Fortra Price Book,CAD
01tWC00000DD1mGYAT,379.04,Fortra Price Book,EUR
01tWC00000DD1mGYAT,325.48,Fortra Price Book,GBP
01tWC00000DD1mEYAT,1140,Fortra Price Book,AUD
01tWC00000DD1mEYAT,1012.5,Fortra Price Book,CAD
01tWC00000DD1mEYAT,690,Fortra Price Book,EUR
01tWC00000DD1mEYAT,592.5,Fortra Price Book,GBP
01tWC00000DD1mJYAT,4560,Fortra Price Book,AUD
01tWC00000DD1mJYAT,4050,Fortra Price Book,CAD
01tWC00000DD1mJYAT,2760,Fortra Price Book,EUR
01tWC00000DD1mJYAT,2370,Fortra Price Book,GBP
01tWC00000DD1mLYAT,2508,Fortra Price Book,AUD
01tWC00000DD1mLYAT,2227.5,Fortra Price Book,CAD
01tWC00000DD1mLYAT,1518,Fortra Price Book,EUR
01tWC00000DD1mLYAT,1303.5,Fortra Price Book,GBP
01tWC00000DCxlYYAT,1316.7,Fortra Price Book,AUD
01tWC00000DCxlYYAT,1169.44,Fortra Price Book,CAD
01tWC00000DCxlYYAT,796.95,Fortra Price Book,EUR
01tWC00000DCxlYYAT,684.34,Fortra Price Book,GBP
01tWC00000DCxlWYAT,2394,Fortra Price Book,AUD
01tWC00000DCxlWYAT,2126.25,Fortra Price Book,CAD
01tWC00000DCxlWYAT,1449,Fortra Price Book,EUR
01tWC00000DCxlWYAT,1244.25,Fortra Price Book,GBP
01tWC00000DCxleYAD,12801.44,Fortra Price Book,AUD
01tWC00000DCxleYAD,11369.7,Fortra Price Book,CAD
01tWC00000DCxleYAD,7748.24,Fortra Price Book,EUR
01tWC00000DCxleYAD,6653.38,Fortra Price Book,GBP
01tWC00000FBY0BYAX,12801.44,Fortra Price Book,USD
01tWC00000FBY0BYAX,8422,Fortra Price Book,USD
01tWC00000DCxlzYAD,13538.64,Fortra Price Book,AUD
01tWC00000DCxlzYAD,12024.45,Fortra Price Book,CAD
01tWC00000DCxlzYAD,8194.44,Fortra Price Book,EUR
01tWC00000DCxlzYAD,7036.53,Fortra Price Book,GBP
01tWC00000FBXBbYAP,13538.64,Fortra Price Book,USD
01tWC00000FBXBbYAP,8907,Fortra Price Book,USD
01tWC00000DD1MGYA1,13634.4,Fortra Price Book,AUD
01tWC00000DD1MGYA1,12109.5,Fortra Price Book,CAD
01tWC00000DD1MGYA1,8252.4,Fortra Price Book,EUR
01tWC00000DD1MGYA1,7086.3,Fortra Price Book,GBP
01tWC00000DD1MIYA1,6520.8,Fortra Price Book,AUD
01tWC00000DD1MIYA1,5791.5,Fortra Price Book,CAD
01tWC00000DD1MIYA1,3946.8,Fortra Price Book,EUR
01tWC00000DD1MIYA1,3389.1,Fortra Price Book,GBP
01tWC00000DD1MKYA1,8390.4,Fortra Price Book,AUD
01tWC00000DD1MKYA1,7452,Fortra Price Book,CAD
01tWC00000DD1MKYA1,5078.4,Fortra Price Book,EUR
01tWC00000DD1MKYA1,4360.8,Fortra Price Book,GBP
01tWC00000DD1MMYA1,4012.8,Fortra Price Book,AUD
01tWC00000DD1MMYA1,3564,Fortra Price Book,CAD
01tWC00000DD1MMYA1,2428.8,Fortra Price Book,EUR
01tWC00000DD1MMYA1,2085.6,Fortra Price Book,GBP
01tWC00000DD1MQYA1,4012.8,Fortra Price Book,AUD
01tWC00000DD1MQYA1,3564,Fortra Price Book,CAD
01tWC00000DD1MQYA1,2428.8,Fortra Price Book,EUR
01tWC00000DD1MQYA1,2085.6,Fortra Price Book,GBP
01tWC00000DCxm7YAD,13538.64,Fortra Price Book,AUD
01tWC00000DCxm7YAD,12024.45,Fortra Price Book,CAD
01tWC00000DCxm7YAD,8194.44,Fortra Price Book,EUR
01tWC00000DCxm7YAD,7036.53,Fortra Price Book,GBP
01tWC00000FBXmeYAH,8194.44,Fortra Price Book,USD
01tWC00000FBXmeYAH,8194.44,Fortra Price Book,USD
01tWC00000DCxm9YAD,836,Fortra Price Book,AUD
01tWC00000DCxm9YAD,742.5,Fortra Price Book,CAD
01tWC00000DCxm9YAD,506,Fortra Price Book,EUR
01tWC00000DCxm9YAD,434.5,Fortra Price Book,GBP
01tWC00000DCxmAYAT,836,Fortra Price Book,AUD
01tWC00000DCxmAYAT,742.5,Fortra Price Book,CAD
01tWC00000DCxmAYAT,506,Fortra Price Book,EUR
01tWC00000DCxmAYAT,434.5,Fortra Price Book,GBP
01tWC00000DCxmBYAT,836,Fortra Price Book,AUD
01tWC00000DCxmBYAT,742.5,Fortra Price Book,CAD
01tWC00000DCxmBYAT,506,Fortra Price Book,EUR
01tWC00000DCxmBYAT,434.5,Fortra Price Book,GBP
01tWC00000DCxmCYAT,760,Fortra Price Book,AUD
01tWC00000DCxmCYAT,675,Fortra Price Book,CAD
01tWC00000DCxmCYAT,460,Fortra Price Book,EUR
01tWC00000DCxmCYAT,395,Fortra Price Book,GBP
01tWC00000DD1yiYAD,18468,Fortra Price Book,AUD
01tWC00000DD1yiYAD,16402.5,Fortra Price Book,CAD
01tWC00000DD1yiYAD,11178,Fortra Price Book,EUR
01tWC00000DD1yiYAD,9598.5,Fortra Price Book,GBP
01tWC00000FBY0hYAH,18468,Fortra Price Book,USD
01tWC00000FBY0hYAH,12150,Fortra Price Book,USD
01tWC00000DD1yjYAD,4104,Fortra Price Book,AUD
01tWC00000DD1yjYAD,3645,Fortra Price Book,CAD
01tWC00000DD1yjYAD,2484,Fortra Price Book,EUR
01tWC00000DD1yjYAD,2133,Fortra Price Book,GBP
01tWC00000FBY0iYAH,4104,Fortra Price Book,USD
01tWC00000FBY0iYAH,2700,Fortra Price Book,USD
01tWC00000DD1yhYAD,1330,Fortra Price Book,AUD
01tWC00000DD1yhYAD,1181.25,Fortra Price Book,CAD
01tWC00000DD1yhYAD,805,Fortra Price Book,EUR
01tWC00000DD1yhYAD,691.25,Fortra Price Book,GBP
01tWC00000FBY0gYAH,1330,Fortra Price Book,USD
01tWC00000FBY0gYAH,875,Fortra Price Book,USD
01tWC00000DD1viYAD,55.08,Fortra Price Book,AUD
01tWC00000DD1viYAD,48.92,Fortra Price Book,CAD
01tWC00000DD1viYAD,33.34,Fortra Price Book,EUR
01tWC00000DD1viYAD,28.63,Fortra Price Book,GBP
01tWC00000FBY0yYAH,55.08,Fortra Price Book,USD
01tWC00000FBY0yYAH,28.63,Fortra Price Book,USD
01tWC00000DD1vjYAD,8.39,Fortra Price Book,AUD
01tWC00000DD1vjYAD,7.45,Fortra Price Book,CAD
01tWC00000DD1vjYAD,5.08,Fortra Price Book,EUR
01tWC00000DD1vjYAD,4.36,Fortra Price Book,GBP
01tWC00000FBY0zYAH,8.39,Fortra Price Book,USD
01tWC00000FBY0zYAH,5.52,Fortra Price Book,USD
01tWC00000DD1vkYAD,8.39,Fortra Price Book,AUD
01tWC00000DD1vkYAD,7.45,Fortra Price Book,CAD
01tWC00000DD1vkYAD,5.08,Fortra Price Book,EUR
01tWC00000DD1vkYAD,4.36,Fortra Price Book,GBP
01tWC00000FBY10YAH,8.39,Fortra Price Book,USD
01tWC00000FBY10YAH,8.39,Fortra Price Book,USD
01tWC00000DD1vlYAD,8.39,Fortra Price Book,AUD
01tWC00000DD1vlYAD,7.45,Fortra Price Book,CAD
01tWC00000DD1vlYAD,5.08,Fortra Price Book,EUR
01tWC00000DD1vlYAD,4.36,Fortra Price Book,GBP
01tWC00000FBY11YAH,8.39,Fortra Price Book,USD
01tWC00000FBY11YAH,5.52,Fortra Price Book,USD
01tWC00000DD1wcYAD,11970,Fortra Price Book,AUD
01tWC00000DD1wcYAD,10631.25,Fortra Price Book,CAD
01tWC00000DD1wcYAD,7245,Fortra Price Book,EUR
01tWC00000DD1wcYAD,6221.25,Fortra Price Book,GBP
01tWC00000DD1whYAD,1155.2,Fortra Price Book,AUD
01tWC00000DD1whYAD,1026,Fortra Price Book,CAD
01tWC00000DD1whYAD,699.2,Fortra Price Book,EUR
01tWC00000DD1whYAD,600.4,Fortra Price Book,GBP
01tWC00000DD1wlYAD,4180,Fortra Price Book,AUD
01tWC00000DD1wlYAD,3712.5,Fortra Price Book,CAD
01tWC00000DD1wlYAD,2530,Fortra Price Book,EUR
01tWC00000DD1wlYAD,2172.5,Fortra Price Book,GBP
01tWC00000DD1wjYAD,7600,Fortra Price Book,AUD
01tWC00000DD1wjYAD,6750,Fortra Price Book,CAD
01tWC00000DD1wjYAD,4600,Fortra Price Book,EUR
01tWC00000DD1wjYAD,3950,Fortra Price Book,GBP
01tWC00000DD1woYAD,11400,Fortra Price Book,AUD
01tWC00000DD1woYAD,10125,Fortra Price Book,CAD
01tWC00000DD1woYAD,6900,Fortra Price Book,EUR
01tWC00000DD1woYAD,5925,Fortra Price Book,GBP
01tWC00000DD1wqYAD,6270,Fortra Price Book,AUD
01tWC00000DD1wqYAD,5568.75,Fortra Price Book,CAD
01tWC00000DD1wqYAD,3795,Fortra Price Book,EUR
01tWC00000DD1wqYAD,3258.75,Fortra Price Book,GBP
01tWC00000DD1wsYAD,83.6,Fortra Price Book,AUD
01tWC00000DD1wsYAD,74.25,Fortra Price Book,CAD
01tWC00000DD1wsYAD,50.6,Fortra Price Book,EUR
01tWC00000DD1wsYAD,43.45,Fortra Price Book,GBP
01tWC00000DD1wxYAD,6061,Fortra Price Book,AUD
01tWC00000DD1wxYAD,5383.13,Fortra Price Book,CAD
01tWC00000DD1wxYAD,3668.5,Fortra Price Book,EUR
01tWC00000DD1wxYAD,3150.13,Fortra Price Book,GBP
01tWC00000DD1wvYAD,11020,Fortra Price Book,AUD
01tWC00000DD1wvYAD,9787.5,Fortra Price Book,CAD
01tWC00000DD1wvYAD,6670,Fortra Price Book,EUR
01tWC00000DD1wvYAD,5727.5,Fortra Price Book,GBP
01tWC00000DD1x8YAD,15960,Fortra Price Book,AUD
01tWC00000DD1x8YAD,14175,Fortra Price Book,CAD
01tWC00000DD1x8YAD,9660,Fortra Price Book,EUR
01tWC00000DD1x8YAD,8295,Fortra Price Book,GBP
01tWC00000DD1xAYAT,8778,Fortra Price Book,AUD
01tWC00000DD1xAYAT,7796.25,Fortra Price Book,CAD
01tWC00000DD1xAYAT,5313,Fortra Price Book,EUR
01tWC00000DD1xAYAT,4562.25,Fortra Price Book,GBP
01tWC00000DD1xCYAT,45.6,Fortra Price Book,AUD
01tWC00000DD1xCYAT,40.5,Fortra Price Book,CAD
01tWC00000DD1xCYAT,27.6,Fortra Price Book,EUR
01tWC00000DD1xCYAT,23.7,Fortra Price Book,GBP
01tWC00000DD1xIYAT,7980,Fortra Price Book,AUD
01tWC00000DD1xIYAT,7087.5,Fortra Price Book,CAD
01tWC00000DD1xIYAT,4830,Fortra Price Book,EUR
01tWC00000DD1xIYAT,4147.5,Fortra Price Book,GBP
01tWC00000DD1xPYAT,2194.5,Fortra Price Book,AUD
01tWC00000DD1xPYAT,1949.06,Fortra Price Book,CAD
01tWC00000DD1xPYAT,1328.25,Fortra Price Book,EUR
01tWC00000DD1xPYAT,1140.56,Fortra Price Book,GBP
01tWC00000DD1xNYAT,3990,Fortra Price Book,AUD
01tWC00000DD1xNYAT,3543.75,Fortra Price Book,CAD
01tWC00000DD1xNYAT,2415,Fortra Price Book,EUR
01tWC00000DD1xNYAT,2073.75,Fortra Price Book,GBP
01tWC00000DD1xTYAT,3072.3,Fortra Price Book,AUD
01tWC00000DD1xTYAT,2728.69,Fortra Price Book,CAD
01tWC00000DD1xTYAT,1859.55,Fortra Price Book,EUR
01tWC00000DD1xTYAT,1596.79,Fortra Price Book,GBP
01tWC00000DD1xRYAT,5586,Fortra Price Book,AUD
01tWC00000DD1xRYAT,4961.25,Fortra Price Book,CAD
01tWC00000DD1xRYAT,3381,Fortra Price Book,EUR
01tWC00000DD1xRYAT,2903.25,Fortra Price Book,GBP
01tWC00000DD1xVYAT,3192,Fortra Price Book,AUD
01tWC00000DD1xVYAT,2835,Fortra Price Book,CAD
01tWC00000DD1xVYAT,1932,Fortra Price Book,EUR
01tWC00000DD1xVYAT,1659,Fortra Price Book,GBP
01tWC00000DD1xXYAT,1755.6,Fortra Price Book,AUD
01tWC00000DD1xXYAT,1559.25,Fortra Price Book,CAD
01tWC00000DD1xXYAT,1062.6,Fortra Price Book,EUR
01tWC00000DD1xXYAT,912.45,Fortra Price Book,GBP
01tWC00000DD1xbYAD,5016,Fortra Price Book,AUD
01tWC00000DD1xbYAD,4455,Fortra Price Book,CAD
01tWC00000DD1xbYAD,3036,Fortra Price Book,EUR
01tWC00000DD1xbYAD,2607,Fortra Price Book,GBP
01tWC00000DD11JYAT,142880,Fortra Price Book,AUD
01tWC00000DD11JYAT,126900,Fortra Price Book,CAD
01tWC00000DD11JYAT,86480,Fortra Price Book,EUR
01tWC00000DD11JYAT,74260,Fortra Price Book,GBP
01tWC00000FBYAbYAP,94000,Fortra Price Book,USD
01tWC00000DD13GYAT,7600,Fortra Price Book,AUD
01tWC00000DD13GYAT,6750,Fortra Price Book,CAD
01tWC00000DD13GYAT,4600,Fortra Price Book,EUR
01tWC00000DD13GYAT,3950,Fortra Price Book,GBP
01tWC00000FBYDpYAP,5000,Fortra Price Book,USD
01tWC00000DD10bYAD,29.64,Fortra Price Book,AUD
01tWC00000DD10bYAD,26.33,Fortra Price Book,CAD
01tWC00000DD10bYAD,17.94,Fortra Price Book,EUR
01tWC00000DD10bYAD,15.41,Fortra Price Book,GBP
01tWC00000FBYScYAP,19.5,Fortra Price Book,USD
01tWC00000DD15EYAT,7600,Fortra Price Book,AUD
01tWC00000DD15EYAT,6750,Fortra Price Book,CAD
01tWC00000DD15EYAT,4600,Fortra Price Book,EUR
01tWC00000DD15EYAT,3950,Fortra Price Book,GBP
01tWC00000FBYDqYAP,5000,Fortra Price Book,USD
01tWC00000DD15QYAT,54.04,Fortra Price Book,AUD
01tWC00000DD15QYAT,47.99,Fortra Price Book,CAD
01tWC00000DD15QYAT,32.71,Fortra Price Book,EUR
01tWC00000DD15QYAT,28.08,Fortra Price Book,GBP
01tWC00000FBYnKYAX,28.08,Fortra Price Book,USD
01tWC00000DD15uYAD,141.36,Fortra Price Book,AUD
01tWC00000DD15uYAD,125.55,Fortra Price Book,CAD
01tWC00000DD15uYAD,85.56,Fortra Price Book,EUR
01tWC00000DD15uYAD,73.47,Fortra Price Book,GBP
01tWC00000DD15sYAD,226.48,Fortra Price Book,AUD
01tWC00000DD15sYAD,201.15,Fortra Price Book,CAD
01tWC00000DD15sYAD,137.08,Fortra Price Book,EUR
01tWC00000DD15sYAD,117.71,Fortra Price Book,GBP
01tWC00000FBYsDYAX,93,Fortra Price Book,USD
01tWC00000FBZoLYAX,149,Fortra Price Book,USD
01tWC00000DD15xYAD,302.48,Fortra Price Book,AUD
01tWC00000DD15xYAD,268.65,Fortra Price Book,CAD
01tWC00000DD15xYAD,183.08,Fortra Price Book,EUR
01tWC00000DD15xYAD,157.21,Fortra Price Book,GBP
01tWC00000DD15zYAD,188.48,Fortra Price Book,AUD
01tWC00000DD15zYAD,167.4,Fortra Price Book,CAD
01tWC00000DD15zYAD,114.08,Fortra Price Book,EUR
01tWC00000DD15zYAD,97.96,Fortra Price Book,GBP
01tWC00000DD15vYAD,72.96,Fortra Price Book,AUD
01tWC00000DD15vYAD,64.8,Fortra Price Book,CAD
01tWC00000DD15vYAD,44.16,Fortra Price Book,EUR
01tWC00000DD15vYAD,37.92,Fortra Price Book,GBP
01tWC00000FBYsEYAX,37.92,Fortra Price Book,USD
01tWC00000FBYsHYAX,188.48,Fortra Price Book,USD
01tWC00000FBZoMYAX,199,Fortra Price Book,USD
01tWC00000DD162YAD,60.8,Fortra Price Book,AUD
01tWC00000DD162YAD,54,Fortra Price Book,CAD
01tWC00000DD162YAD,36.8,Fortra Price Book,EUR
01tWC00000DD162YAD,31.6,Fortra Price Book,GBP
01tWC00000DD164YAD,34.96,Fortra Price Book,AUD
01tWC00000DD164YAD,31.05,Fortra Price Book,CAD
01tWC00000DD164YAD,21.16,Fortra Price Book,EUR
01tWC00000DD164YAD,18.17,Fortra Price Book,GBP
01tWC00000DD160YAD,15.2,Fortra Price Book,AUD
01tWC00000DD160YAD,13.5,Fortra Price Book,CAD
01tWC00000DD160YAD,9.2,Fortra Price Book,EUR
01tWC00000DD160YAD,7.9,Fortra Price Book,GBP
01tWC00000FBYsIYAX,7.9,Fortra Price Book,USD
01tWC00000FBZoNYAX,31.6,Fortra Price Book,USD
01tWC00000FBYsLYAX,23,Fortra Price Book,USD
01tWC00000FBYsJYAX,9.2,Fortra Price Book,USD
01tWC00000FBYsKYAX,7.27,Fortra Price Book,USD
01tWC00000DD167YAD,104.88,Fortra Price Book,AUD
01tWC00000DD167YAD,93.15,Fortra Price Book,CAD
01tWC00000DD167YAD,63.48,Fortra Price Book,EUR
01tWC00000DD167YAD,54.51,Fortra Price Book,GBP
01tWC00000DD169YAD,63.84,Fortra Price Book,AUD
01tWC00000DD169YAD,56.7,Fortra Price Book,CAD
01tWC00000DD169YAD,38.64,Fortra Price Book,EUR
01tWC00000DD169YAD,33.18,Fortra Price Book,GBP
01tWC00000DD165YAD,25.84,Fortra Price Book,AUD
01tWC00000DD165YAD,22.95,Fortra Price Book,CAD
01tWC00000DD165YAD,15.64,Fortra Price Book,EUR
01tWC00000DD165YAD,13.43,Fortra Price Book,GBP
01tWC00000FBYsMYAX,17,Fortra Price Book,USD
01tWC00000FBYsQYAX,42,Fortra Price Book,USD
01tWC00000FBYsOYAX,69,Fortra Price Book,USD
01tWC00000FBYsNYAX,24.12,Fortra Price Book,USD
01tWC00000FBYsPYAX,15.87,Fortra Price Book,USD
01tWC00000DD16EYAT,18240,Fortra Price Book,AUD
01tWC00000DD16EYAT,16200,Fortra Price Book,CAD
01tWC00000DD16EYAT,11040,Fortra Price Book,EUR
01tWC00000DD16EYAT,9480,Fortra Price Book,GBP
01tWC00000DD16GYAT,11308.8,Fortra Price Book,AUD
01tWC00000DD16GYAT,10044,Fortra Price Book,CAD
01tWC00000DD16GYAT,6844.8,Fortra Price Book,EUR
01tWC00000DD16GYAT,5877.6,Fortra Price Book,GBP
01tWC00000FBYsUYAX,7440,Fortra Price Book,USD
01tWC00000FBYsSYAX,12000,Fortra Price Book,USD
01tWC00000FBYsRYAX,2760,Fortra Price Book,USD
01tWC00000FBYsTYAX,4195.2,Fortra Price Book,USD
01tWC00000DD16IYAT,3052.16,Fortra Price Book,AUD
01tWC00000DD16IYAT,2710.8,Fortra Price Book,CAD
01tWC00000DD16IYAT,1847.36,Fortra Price Book,EUR
01tWC00000DD16IYAT,1586.32,Fortra Price Book,GBP
01tWC00000FBYsWYAX,2008,Fortra Price Book,USD
01tWC00000FBYsVYAX,462,Fortra Price Book,USD
01tWC00000FBYsXYAX,702.24,Fortra Price Book,USD
01tWC00000DD16OYAT,32740.8,Fortra Price Book,AUD
01tWC00000DD16OYAT,29079,Fortra Price Book,CAD
01tWC00000DD16OYAT,19816.8,Fortra Price Book,EUR
01tWC00000DD16OYAT,17016.6,Fortra Price Book,GBP
01tWC00000DD16MYAT,52820,Fortra Price Book,AUD
01tWC00000DD16MYAT,46912.5,Fortra Price Book,CAD
01tWC00000DD16MYAT,31970,Fortra Price Book,EUR
01tWC00000DD16MYAT,27452.5,Fortra Price Book,GBP
01tWC00000DD16KYAT,25262.4,Fortra Price Book,AUD
01tWC00000DD16KYAT,22437,Fortra Price Book,CAD
01tWC00000DD16KYAT,15290.4,Fortra Price Book,EUR
01tWC00000DD16KYAT,13129.8,Fortra Price Book,GBP
01tWC00000FBYsYYAX,16620,Fortra Price Book,USD
01tWC00000FBYsaYAH,34750,Fortra Price Book,USD
01tWC00000FBYscYAH,21540,Fortra Price Book,USD
01tWC00000FBYsZYAX,7992.5,Fortra Price Book,USD
01tWC00000FBYsbYAH,7992.5,Fortra Price Book,USD
01tWC00000DD16RYAT,6384,Fortra Price Book,AUD
01tWC00000DD16RYAT,5670,Fortra Price Book,CAD
01tWC00000DD16RYAT,3864,Fortra Price Book,EUR
01tWC00000DD16RYAT,3318,Fortra Price Book,GBP
01tWC00000FBYsfYAH,4200,Fortra Price Book,USD
01tWC00000FBYseYAH,966,Fortra Price Book,USD
01tWC00000FBYsgYAH,966,Fortra Price Book,USD
01tWC00000DD16TYAT,1360.4,Fortra Price Book,AUD
01tWC00000DD16TYAT,1208.25,Fortra Price Book,CAD
01tWC00000DD16TYAT,823.4,Fortra Price Book,EUR
01tWC00000DD16TYAT,707.05,Fortra Price Book,GBP
01tWC00000FBYshYAH,707.05,Fortra Price Book,USD
01tWC00000DD16VYAT,3556.8,Fortra Price Book,AUD
01tWC00000DD16VYAT,3159,Fortra Price Book,CAD
01tWC00000DD16VYAT,2152.8,Fortra Price Book,EUR
01tWC00000DD16VYAT,1848.6,Fortra Price Book,GBP
01tWC00000DD16UYAT,3556.8,Fortra Price Book,AUD
01tWC00000DD16UYAT,3159,Fortra Price Book,CAD
01tWC00000DD16UYAT,2152.8,Fortra Price Book,EUR
01tWC00000DD16UYAT,1848.6,Fortra Price Book,GBP
01tWC00000FBYsiYAH,2340,Fortra Price Book,USD
01tWC00000FBYsjYAH,2340,Fortra Price Book,USD
01tWC00000DD10aYAD,39.52,Fortra Price Book,AUD
01tWC00000DD10aYAD,35.1,Fortra Price Book,CAD
01tWC00000DD10aYAD,23.92,Fortra Price Book,EUR
01tWC00000DD10aYAD,20.54,Fortra Price Book,GBP
01tWC00000DD2SkYAL,71.85,Fortra Price Book,AUD
01tWC00000DD2SkYAL,63.81,Fortra Price Book,CAD
01tWC00000DD2SkYAL,43.49,Fortra Price Book,EUR
01tWC00000DD2SkYAL,37.34,Fortra Price Book,GBP
01tWC00000FBYT8YAP,47.27,Fortra Price Book,USD
01tWC00000FBYSZYA5,71.85,Fortra Price Book,USD
01tWC00000FBYSaYAP,47.27,Fortra Price Book,USD
01tWC00000DD17aYAD,3800,Fortra Price Book,AUD
01tWC00000DD17aYAD,3375,Fortra Price Book,CAD
01tWC00000DD17aYAD,2300,Fortra Price Book,EUR
01tWC00000DD17aYAD,1975,Fortra Price Book,GBP
01tWC00000FBYAcYAP,2500,Fortra Price Book,USD
01tWC00000DD1AKYA1,13.83,Fortra Price Book,AUD
01tWC00000DD1AKYA1,12.29,Fortra Price Book,CAD
01tWC00000DD1AKYA1,8.37,Fortra Price Book,EUR
01tWC00000DD1AKYA1,7.19,Fortra Price Book,GBP
01tWC00000DD1AIYA1,25.16,Fortra Price Book,AUD
01tWC00000DD1AIYA1,22.34,Fortra Price Book,CAD
01tWC00000DD1AIYA1,15.23,Fortra Price Book,EUR
01tWC00000DD1AIYA1,13.07,Fortra Price Book,GBP
01tWC00000DD1AMYA1,5532.8,Fortra Price Book,AUD
01tWC00000DD1AMYA1,4914,Fortra Price Book,CAD
01tWC00000DD1AMYA1,3348.8,Fortra Price Book,EUR
01tWC00000DD1AMYA1,2875.6,Fortra Price Book,GBP
01tWC00000DD1AOYA1,3043.04,Fortra Price Book,AUD
01tWC00000DD1AOYA1,2702.7,Fortra Price Book,CAD
01tWC00000DD1AOYA1,1841.84,Fortra Price Book,EUR
01tWC00000DD1AOYA1,1581.58,Fortra Price Book,GBP
01tWC00000DD1AQYA1,25.16,Fortra Price Book,AUD
01tWC00000DD1AQYA1,22.34,Fortra Price Book,CAD
01tWC00000DD1AQYA1,15.23,Fortra Price Book,EUR
01tWC00000DD1AQYA1,13.07,Fortra Price Book,GBP
01tWC00000DD1ASYA1,13.83,Fortra Price Book,AUD
01tWC00000DD1ASYA1,12.29,Fortra Price Book,CAD
01tWC00000DD1ASYA1,8.37,Fortra Price Book,EUR
01tWC00000DD1ASYA1,7.19,Fortra Price Book,GBP
01tWC00000DD1pDYAT,8454.24,Fortra Price Book,AUD
01tWC00000DD1pDYAT,7508.7,Fortra Price Book,CAD
01tWC00000DD1pDYAT,5117.04,Fortra Price Book,EUR
01tWC00000DD1pDYAT,4393.98,Fortra Price Book,GBP
01tWC00000DD1pFYAT,5244,Fortra Price Book,AUD
01tWC00000DD1pFYAT,4657.5,Fortra Price Book,CAD
01tWC00000DD1pFYAT,3174,Fortra Price Book,EUR
01tWC00000DD1pFYAT,2725.5,Fortra Price Book,GBP
01tWC00000FBZDoYAP,5562,Fortra Price Book,USD
01tWC00000FBZDqYAP,3450,Fortra Price Book,USD
01tWC00000FBZDpYAP,1279.26,Fortra Price Book,USD
01tWC00000DD1BOYA1,6832.4,Fortra Price Book,AUD
01tWC00000DD1BOYA1,6068.25,Fortra Price Book,CAD
01tWC00000DD1BOYA1,4135.4,Fortra Price Book,EUR
01tWC00000DD1BOYA1,3551.05,Fortra Price Book,GBP
01tWC00000DD1BQYA1,3556.8,Fortra Price Book,AUD
01tWC00000DD1BQYA1,3159,Fortra Price Book,CAD
01tWC00000DD1BQYA1,2152.8,Fortra Price Book,EUR
01tWC00000DD1BQYA1,1848.6,Fortra Price Book,GBP
01tWC00000FBZDIYA5,3551.05,Fortra Price Book,USD
01tWC00000FBZDKYA5,2340,Fortra Price Book,USD
01tWC00000FBZDHYA5,1033.85,Fortra Price Book,USD
01tWC00000FBZDJYA5,1033.85,Fortra Price Book,USD
01tWC00000DD1BUYA1,494,Fortra Price Book,AUD
01tWC00000DD1BUYA1,438.75,Fortra Price Book,CAD
01tWC00000DD1BUYA1,299,Fortra Price Book,EUR
01tWC00000DD1BUYA1,256.75,Fortra Price Book,GBP
01tWC00000DD1BSYA1,950,Fortra Price Book,AUD
01tWC00000DD1BSYA1,843.75,Fortra Price Book,CAD
01tWC00000DD1BSYA1,575,Fortra Price Book,EUR
01tWC00000DD1BSYA1,493.75,Fortra Price Book,GBP
01tWC00000FBZDOYA5,325,Fortra Price Book,USD
01tWC00000FBZDMYA5,625,Fortra Price Book,USD
01tWC00000FBZDLYA5,218.88,Fortra Price Book,USD
01tWC00000FBZDNYA5,144,Fortra Price Book,USD
01tWC00000DD1BWYA1,2500.4,Fortra Price Book,AUD
01tWC00000DD1BWYA1,2220.75,Fortra Price Book,CAD
01tWC00000DD1BWYA1,1513.4,Fortra Price Book,EUR
01tWC00000DD1BWYA1,1299.55,Fortra Price Book,GBP
01tWC00000DD1BYYA1,1360.4,Fortra Price Book,AUD
01tWC00000DD1BYYA1,1208.25,Fortra Price Book,CAD
01tWC00000DD1BYYA1,823.4,Fortra Price Book,EUR
01tWC00000DD1BYYA1,707.05,Fortra Price Book,GBP
01tWC00000FBZDSYA5,895,Fortra Price Book,USD
01tWC00000FBZDQYA5,1645,Fortra Price Book,USD
01tWC00000FBZDPYA5,378.35,Fortra Price Book,USD
01tWC00000FBZDRYA5,575.09,Fortra Price Book,USD
01tWC00000DD1BPYA1,951.14,Fortra Price Book,EUR
01tWC00000DD1C1YAL,29.64,Fortra Price Book,AUD
01tWC00000DD1C1YAL,26.33,Fortra Price Book,CAD
01tWC00000DD1C1YAL,17.94,Fortra Price Book,EUR
01tWC00000DD1C1YAL,15.41,Fortra Price Book,GBP
01tWC00000DD1CEYA1,3952,Fortra Price Book,AUD
01tWC00000DD1CEYA1,3510,Fortra Price Book,CAD
01tWC00000DD1CEYA1,2392,Fortra Price Book,EUR
01tWC00000DD1CEYA1,2054,Fortra Price Book,GBP
01tWC00000FBYDrYAP,2600,Fortra Price Book,USD
01tWC00000DD1CFYA1,1728.24,Fortra Price Book,AUD
01tWC00000DD1CFYA1,1534.95,Fortra Price Book,CAD
01tWC00000DD1CFYA1,1046.04,Fortra Price Book,EUR
01tWC00000DD1CFYA1,898.23,Fortra Price Book,GBP
01tWC00000DD1DBYA1,13.83,Fortra Price Book,AUD
01tWC00000DD1DBYA1,12.29,Fortra Price Book,CAD
01tWC00000DD1DBYA1,8.37,Fortra Price Book,EUR
01tWC00000DD1DBYA1,7.19,Fortra Price Book,GBP
01tWC00000DD1D9YAL,25.16,Fortra Price Book,AUD
01tWC00000DD1D9YAL,22.34,Fortra Price Book,CAD
01tWC00000DD1D9YAL,15.23,Fortra Price Book,EUR
01tWC00000DD1D9YAL,13.07,Fortra Price Book,GBP
01tWC00000DD1DFYA1,13.83,Fortra Price Book,AUD
01tWC00000DD1DFYA1,12.29,Fortra Price Book,CAD
01tWC00000DD1DFYA1,8.37,Fortra Price Book,EUR
01tWC00000DD1DFYA1,7.19,Fortra Price Book,GBP
01tWC00000DD1DDYA1,25.16,Fortra Price Book,AUD
01tWC00000DD1DDYA1,22.34,Fortra Price Book,CAD
01tWC00000DD1DDYA1,15.23,Fortra Price Book,EUR
01tWC00000DD1DDYA1,13.07,Fortra Price Book,GBP
01tWC00000DD1DHYA1,25.16,Fortra Price Book,AUD
01tWC00000DD1DHYA1,22.34,Fortra Price Book,CAD
01tWC00000DD1DHYA1,15.23,Fortra Price Book,EUR
01tWC00000DD1DHYA1,13.07,Fortra Price Book,GBP
01tWC00000DD1DJYA1,13.83,Fortra Price Book,AUD
01tWC00000DD1DJYA1,12.29,Fortra Price Book,CAD
01tWC00000DD1DJYA1,8.37,Fortra Price Book,EUR
01tWC00000DD1DJYA1,7.19,Fortra Price Book,GBP
01tWC00000DD1DPYA1,13.83,Fortra Price Book,AUD
01tWC00000DD1DPYA1,12.29,Fortra Price Book,CAD
01tWC00000DD1DPYA1,8.37,Fortra Price Book,EUR
01tWC00000DD1DPYA1,7.19,Fortra Price Book,GBP
01tWC00000DD1DNYA1,25.16,Fortra Price Book,AUD
01tWC00000DD1DNYA1,22.34,Fortra Price Book,CAD
01tWC00000DD1DNYA1,15.23,Fortra Price Book,EUR
01tWC00000DD1DNYA1,13.07,Fortra Price Book,GBP
01tWC00000DD1DrYAL,98.8,Fortra Price Book,AUD
01tWC00000DD1DrYAL,87.75,Fortra Price Book,CAD
01tWC00000DD1DrYAL,59.8,Fortra Price Book,EUR
01tWC00000DD1DrYAL,51.35,Fortra Price Book,GBP
01tWC00000FBYSsYAP,0.2,Fortra Price Book,USD
01tWC00000DD1GoYAL,4446,Fortra Price Book,AUD
01tWC00000DD1GoYAL,3948.75,Fortra Price Book,CAD
01tWC00000DD1GoYAL,2691,Fortra Price Book,EUR
01tWC00000DD1GoYAL,2310.75,Fortra Price Book,GBP
01tWC00000FBYStYAP,2310.75,Fortra Price Book,USD
01tWC00000DD1GvYAL,18240,Fortra Price Book,AUD
01tWC00000DD1GvYAL,16200,Fortra Price Book,CAD
01tWC00000DD1GvYAL,11040,Fortra Price Book,EUR
01tWC00000DD1GvYAL,9480,Fortra Price Book,GBP
01tWC00000DD1GwYAL,7600,Fortra Price Book,AUD
01tWC00000DD1GwYAL,6750,Fortra Price Book,CAD
01tWC00000DD1GwYAL,4600,Fortra Price Book,EUR
01tWC00000DD1GwYAL,3950,Fortra Price Book,GBP
01tWC00000DD1GxYAL,2272.4,Fortra Price Book,AUD
01tWC00000DD1GxYAL,2018.25,Fortra Price Book,CAD
01tWC00000DD1GxYAL,1375.4,Fortra Price Book,EUR
01tWC00000DD1GxYAL,1181.05,Fortra Price Book,GBP
01tWC00000FBYSwYAP,1495,Fortra Price Book,USD
01tWC00000DD1GzYAL,3458,Fortra Price Book,AUD
01tWC00000DD1GzYAL,3071.25,Fortra Price Book,CAD
01tWC00000DD1GzYAL,2093,Fortra Price Book,EUR
01tWC00000DD1GzYAL,1797.25,Fortra Price Book,GBP
01tWC00000DD1H0YAL,5320,Fortra Price Book,AUD
01tWC00000DD1H0YAL,4725,Fortra Price Book,CAD
01tWC00000DD1H0YAL,3220,Fortra Price Book,EUR
01tWC00000DD1H0YAL,2765,Fortra Price Book,GBP
01tWC00000FBYSyYAP,3500,Fortra Price Book,USD
01tWC00000DD1GnYAL,0.3,Fortra Price Book,AUD
01tWC00000DD1GnYAL,0.27,Fortra Price Book,CAD
01tWC00000DD1GnYAL,0.18,Fortra Price Book,EUR
01tWC00000DD1GnYAL,0.16,Fortra Price Book,GBP
01tWC00000DD1H1YAL,6080,Fortra Price Book,AUD
01tWC00000DD1H1YAL,5400,Fortra Price Book,CAD
01tWC00000DD1H1YAL,3680,Fortra Price Book,EUR
01tWC00000DD1H1YAL,3160,Fortra Price Book,GBP
01tWC00000FBYFRYA5,3680,Fortra Price Book,USD
01tWC00000DD1H2YAL,9.88,Fortra Price Book,AUD
01tWC00000DD1H2YAL,8.78,Fortra Price Book,CAD
01tWC00000DD1H2YAL,5.98,Fortra Price Book,EUR
01tWC00000DD1H2YAL,5.14,Fortra Price Book,GBP
01tWC00000DD1H3YAL,59.28,Fortra Price Book,AUD
01tWC00000DD1H3YAL,52.65,Fortra Price Book,CAD
01tWC00000DD1H3YAL,35.88,Fortra Price Book,EUR
01tWC00000DD1H3YAL,30.81,Fortra Price Book,GBP
01tWC00000DD1HlYAL,36480,Fortra Price Book,AUD
01tWC00000DD1HlYAL,32400,Fortra Price Book,CAD
01tWC00000DD1HlYAL,22080,Fortra Price Book,EUR
01tWC00000DD1HlYAL,18960,Fortra Price Book,GBP
01tWC00000DD1HxYAL,100.32,Fortra Price Book,AUD
01tWC00000DD1HxYAL,89.1,Fortra Price Book,CAD
01tWC00000DD1HxYAL,60.72,Fortra Price Book,EUR
01tWC00000DD1HxYAL,52.14,Fortra Price Book,GBP
01tWC00000FBZDcYAP,66,Fortra Price Book,USD
01tWC00000FBZDbYAP,15,Fortra Price Book,USD
01tWC00000DD1I5YAL,904.4,Fortra Price Book,AUD
01tWC00000DD1I5YAL,803.25,Fortra Price Book,CAD
01tWC00000DD1I5YAL,547.4,Fortra Price Book,EUR
01tWC00000DD1I5YAL,470.05,Fortra Price Book,GBP
01tWC00000FBZDkYAP,595,Fortra Price Book,USD
01tWC00000FBZDjYAP,137,Fortra Price Book,USD
01tWC00000DD1I9YAL,226.48,Fortra Price Book,AUD
01tWC00000DD1I9YAL,201.15,Fortra Price Book,CAD
01tWC00000DD1I9YAL,137.08,Fortra Price Book,EUR
01tWC00000DD1I9YAL,117.71,Fortra Price Book,GBP
01tWC00000DD1ICYA1,302.48,Fortra Price Book,AUD
01tWC00000DD1ICYA1,268.65,Fortra Price Book,CAD
01tWC00000DD1ICYA1,183.08,Fortra Price Book,EUR
01tWC00000DD1ICYA1,157.21,Fortra Price Book,GBP
01tWC00000FBZPHYA5,199,Fortra Price Book,USD
01tWC00000FBZPGYA5,46,Fortra Price Book,USD
01tWC00000FBZPIYA5,46,Fortra Price Book,USD
01tWC00000DD1IFYA1,150.48,Fortra Price Book,AUD
01tWC00000DD1IFYA1,133.65,Fortra Price Book,CAD
01tWC00000DD1IFYA1,91.08,Fortra Price Book,EUR
01tWC00000DD1IFYA1,78.21,Fortra Price Book,GBP
01tWC00000FBZPKYA5,99,Fortra Price Book,USD
01tWC00000FBZPJYA5,23,Fortra Price Book,USD
01tWC00000FBZPLYA5,23,Fortra Price Book,USD
01tWC00000DD1IJYA1,302.48,Fortra Price Book,AUD
01tWC00000DD1IJYA1,268.65,Fortra Price Book,CAD
01tWC00000DD1IJYA1,183.08,Fortra Price Book,EUR
01tWC00000DD1IJYA1,157.21,Fortra Price Book,GBP
01tWC00000FBZPOYA5,199,Fortra Price Book,USD
01tWC00000FBZPNYA5,46,Fortra Price Book,USD
01tWC00000DD1IOYA1,100.32,Fortra Price Book,AUD
01tWC00000DD1IOYA1,89.1,Fortra Price Book,CAD
01tWC00000DD1IOYA1,60.72,Fortra Price Book,EUR
01tWC00000DD1IOYA1,52.14,Fortra Price Book,GBP
01tWC00000FBZPTYA5,66,Fortra Price Book,USD
01tWC00000FBZPSYA5,15,Fortra Price Book,USD
01tWC00000DD1ITYA1,302.48,Fortra Price Book,AUD
01tWC00000DD1ITYA1,268.65,Fortra Price Book,CAD
01tWC00000DD1ITYA1,183.08,Fortra Price Book,EUR
01tWC00000DD1ITYA1,157.21,Fortra Price Book,GBP
01tWC00000FBZPYYA5,199,Fortra Price Book,USD
01tWC00000FBZPXYA5,46,Fortra Price Book,USD
01tWC00000DD1IXYA1,74.48,Fortra Price Book,AUD
01tWC00000DD1IXYA1,66.15,Fortra Price Book,CAD
01tWC00000DD1IXYA1,45.08,Fortra Price Book,EUR
01tWC00000DD1IXYA1,38.71,Fortra Price Book,GBP
01tWC00000DD1IaYAL,150.48,Fortra Price Book,AUD
01tWC00000DD1IaYAL,133.65,Fortra Price Book,CAD
01tWC00000DD1IaYAL,91.08,Fortra Price Book,EUR
01tWC00000DD1IaYAL,78.21,Fortra Price Book,GBP
01tWC00000FBZPfYAP,99,Fortra Price Book,USD
01tWC00000FBZPeYAP,23,Fortra Price Book,USD
01tWC00000FBZPgYAP,23,Fortra Price Book,USD
01tWC00000DD1IeYAL,904.4,Fortra Price Book,AUD
01tWC00000DD1IeYAL,803.25,Fortra Price Book,CAD
01tWC00000DD1IeYAL,547.4,Fortra Price Book,EUR
01tWC00000DD1IeYAL,470.05,Fortra Price Book,GBP
01tWC00000FBZPjYAP,595,Fortra Price Book,USD
01tWC00000FBZPiYAP,137,Fortra Price Book,USD
01tWC00000DD1JeYAL,226.48,Fortra Price Book,AUD
01tWC00000DD1JeYAL,201.15,Fortra Price Book,CAD
01tWC00000DD1JeYAL,137.08,Fortra Price Book,EUR
01tWC00000DD1JeYAL,117.71,Fortra Price Book,GBP
01tWC00000FBZPnYAP,149,Fortra Price Book,USD
01tWC00000FBZPmYAP,34,Fortra Price Book,USD
01tWC00000FBZPoYAP,34,Fortra Price Book,USD
01tWC00000DD1PaYAL,3458,Fortra Price Book,AUD
01tWC00000DD1PaYAL,3071.25,Fortra Price Book,CAD
01tWC00000DD1PaYAL,2093,Fortra Price Book,EUR
01tWC00000DD1PaYAL,1797.25,Fortra Price Book,GBP
01tWC00000DD1PvYAL,22.28,Fortra Price Book,AUD
01tWC00000DD1PvYAL,19.79,Fortra Price Book,CAD
01tWC00000DD1PvYAL,13.49,Fortra Price Book,EUR
01tWC00000DD1PvYAL,11.58,Fortra Price Book,GBP
01tWC00000DD1Q2YAL,1520,Fortra Price Book,AUD
01tWC00000DD1Q2YAL,1350,Fortra Price Book,CAD
01tWC00000DD1Q2YAL,920,Fortra Price Book,EUR
01tWC00000DD1Q2YAL,790,Fortra Price Book,GBP
01tWC00000DD1Q4YAL,4560,Fortra Price Book,AUD
01tWC00000DD1Q4YAL,4050,Fortra Price Book,CAD
01tWC00000DD1Q4YAL,2760,Fortra Price Book,EUR
01tWC00000DD1Q4YAL,2370,Fortra Price Book,GBP
01tWC00000DCwVkYAL,19.76,Fortra Price Book,AUD
01tWC00000DCwVkYAL,17.55,Fortra Price Book,CAD
01tWC00000DCwVkYAL,11.96,Fortra Price Book,EUR
01tWC00000DCwVkYAL,10.27,Fortra Price Book,GBP
01tWC00000DCwVoYAL,197.6,Fortra Price Book,AUD
01tWC00000DCwVoYAL,175.5,Fortra Price Book,CAD
01tWC00000DCwVoYAL,119.6,Fortra Price Book,EUR
01tWC00000DCwVoYAL,102.7,Fortra Price Book,GBP
01tWC00000DCwVmYAL,359.28,Fortra Price Book,AUD
01tWC00000DCwVmYAL,319.1,Fortra Price Book,CAD
01tWC00000DCwVmYAL,217.46,Fortra Price Book,EUR
01tWC00000DCwVmYAL,186.73,Fortra Price Book,GBP
01tWC00000DCwWVYA1,53.2,Fortra Price Book,AUD
01tWC00000DCwWVYA1,47.25,Fortra Price Book,CAD
01tWC00000DCwWVYA1,32.2,Fortra Price Book,EUR
01tWC00000DCwWVYA1,27.65,Fortra Price Book,GBP
01tWC00000DCwWXYA1,33.44,Fortra Price Book,AUD
01tWC00000DCwWXYA1,29.7,Fortra Price Book,CAD
01tWC00000DCwWXYA1,20.24,Fortra Price Book,EUR
01tWC00000DCwWXYA1,17.38,Fortra Price Book,GBP
01tWC00000FBZoDYAX,32.2,Fortra Price Book,USD
01tWC00000FBZPEYA5,22,Fortra Price Book,USD
01tWC00000FBZPCYA5,8.05,Fortra Price Book,USD
01tWC00000FBZPDYA5,8.05,Fortra Price Book,USD
01tWC00000FBZZcYAP,10.35,Fortra Price Book,USD
01tWC00000DCwWbYAL,15200,Fortra Price Book,AUD
01tWC00000DCwWbYAL,13500,Fortra Price Book,CAD
01tWC00000DCwWbYAL,9200,Fortra Price Book,EUR
01tWC00000DCwWbYAL,7900,Fortra Price Book,GBP
01tWC00000DCwWfYAL,3.95,Fortra Price Book,AUD
01tWC00000DCwWfYAL,3.51,Fortra Price Book,CAD
01tWC00000DCwWfYAL,2.39,Fortra Price Book,EUR
01tWC00000DCwWfYAL,2.05,Fortra Price Book,GBP
01tWC00000DCwWdYAL,7.19,Fortra Price Book,AUD
01tWC00000DCwWdYAL,6.39,Fortra Price Book,CAD
01tWC00000DCwWdYAL,4.35,Fortra Price Book,EUR
01tWC00000DCwWdYAL,3.74,Fortra Price Book,GBP
01tWC00000DD1QgYAL,3952,Fortra Price Book,AUD
01tWC00000DD1QgYAL,3510,Fortra Price Book,CAD
01tWC00000DD1QgYAL,2392,Fortra Price Book,EUR
01tWC00000DD1QgYAL,2054,Fortra Price Book,GBP
01tWC00000DD1RVYA1,6080,Fortra Price Book,AUD
01tWC00000DD1RVYA1,5400,Fortra Price Book,CAD
01tWC00000DD1RVYA1,3680,Fortra Price Book,EUR
01tWC00000DD1RVYA1,3160,Fortra Price Book,GBP
01tWC00000FBYDwYAP,4000,Fortra Price Book,USD
01tWC00000DD10TYAT,13984,Fortra Price Book,AUD
01tWC00000DD10TYAT,12420,Fortra Price Book,CAD
01tWC00000DD10TYAT,8464,Fortra Price Book,EUR
01tWC00000DD10TYAT,7268,Fortra Price Book,GBP
01tWC00000FBYP7YAP,8464,Fortra Price Book,USD
01tWC00000DD0AcYAL,179.63,Fortra Price Book,AUD
01tWC00000DD0AcYAL,159.54,Fortra Price Book,CAD
01tWC00000DD0AcYAL,108.73,Fortra Price Book,EUR
01tWC00000DD0AcYAL,93.36,Fortra Price Book,GBP
01tWC00000DD0AeYAL,98.8,Fortra Price Book,AUD
01tWC00000DD0AeYAL,87.75,Fortra Price Book,CAD
01tWC00000DD0AeYAL,59.8,Fortra Price Book,EUR
01tWC00000DD0AeYAL,51.35,Fortra Price Book,GBP
01tWC00000FBYSVYA5,118.18,Fortra Price Book,USD
01tWC00000FBYSXYA5,65,Fortra Price Book,USD
01tWC00000DD0AiYAL,9.88,Fortra Price Book,AUD
01tWC00000DD0AiYAL,8.78,Fortra Price Book,CAD
01tWC00000DD0AiYAL,5.98,Fortra Price Book,EUR
01tWC00000DD0AiYAL,5.14,Fortra Price Book,GBP
01tWC00000DD0AgYAL,17.97,Fortra Price Book,AUD
01tWC00000DD0AgYAL,15.96,Fortra Price Book,CAD
01tWC00000DD0AgYAL,10.87,Fortra Price Book,EUR
01tWC00000DD0AgYAL,9.34,Fortra Price Book,GBP
01tWC00000DD0AkYAL,17.97,Fortra Price Book,AUD
01tWC00000DD0AkYAL,15.96,Fortra Price Book,CAD
01tWC00000DD0AkYAL,10.87,Fortra Price Book,EUR
01tWC00000DD0AkYAL,9.34,Fortra Price Book,GBP
01tWC00000DD0AmYAL,9.88,Fortra Price Book,AUD
01tWC00000DD0AmYAL,8.78,Fortra Price Book,CAD
01tWC00000DD0AmYAL,5.98,Fortra Price Book,EUR
01tWC00000DD0AmYAL,5.14,Fortra Price Book,GBP
01tWC00000DD1TSYA1,17.97,Fortra Price Book,AUD
01tWC00000DD1TSYA1,15.96,Fortra Price Book,CAD
01tWC00000DD1TSYA1,10.87,Fortra Price Book,EUR
01tWC00000DD1TSYA1,9.34,Fortra Price Book,GBP
01tWC00000DD1TUYA1,9.88,Fortra Price Book,AUD
01tWC00000DD1TUYA1,8.78,Fortra Price Book,CAD
01tWC00000DD1TUYA1,5.98,Fortra Price Book,EUR
01tWC00000DD1TUYA1,5.14,Fortra Price Book,GBP
01tWC00000DD1TWYA1,35.92,Fortra Price Book,AUD
01tWC00000DD1TWYA1,31.9,Fortra Price Book,CAD
01tWC00000DD1TWYA1,21.74,Fortra Price Book,EUR
01tWC00000DD1TWYA1,18.67,Fortra Price Book,GBP
01tWC00000DD1TYYA1,19.76,Fortra Price Book,AUD
01tWC00000DD1TYYA1,17.55,Fortra Price Book,CAD
01tWC00000DD1TYYA1,11.96,Fortra Price Book,EUR
01tWC00000DD1TYYA1,10.27,Fortra Price Book,GBP
01tWC00000DD1TcYAL,2173.6,Fortra Price Book,AUD
01tWC00000DD1TcYAL,1930.5,Fortra Price Book,CAD
01tWC00000DD1TcYAL,1315.6,Fortra Price Book,EUR
01tWC00000DD1TcYAL,1129.7,Fortra Price Book,GBP
01tWC00000DD1TaYAL,3952,Fortra Price Book,AUD
01tWC00000DD1TaYAL,3510,Fortra Price Book,CAD
01tWC00000DD1TaYAL,2392,Fortra Price Book,EUR
01tWC00000DD1TaYAL,2054,Fortra Price Book,GBP
01tWC00000DD1TkYAL,9.88,Fortra Price Book,AUD
01tWC00000DD1TkYAL,8.78,Fortra Price Book,CAD
01tWC00000DD1TkYAL,5.98,Fortra Price Book,EUR
01tWC00000DD1TkYAL,5.14,Fortra Price Book,GBP
01tWC00000DD1ToYAL,42.48,Fortra Price Book,AUD
01tWC00000DD1ToYAL,37.73,Fortra Price Book,CAD
01tWC00000DD1ToYAL,25.71,Fortra Price Book,EUR
01tWC00000DD1ToYAL,22.08,Fortra Price Book,GBP
01tWC00000DD1UuYAL,7600,Fortra Price Book,AUD
01tWC00000DD1UuYAL,6750,Fortra Price Book,CAD
01tWC00000DD1UuYAL,4600,Fortra Price Book,EUR
01tWC00000DD1UuYAL,3950,Fortra Price Book,GBP
01tWC00000FBYAjYAP,5000,Fortra Price Book,USD
01tWC00000DD1UwYAL,3344,Fortra Price Book,AUD
01tWC00000DD1UwYAL,2970,Fortra Price Book,CAD
01tWC00000DD1UwYAL,2024,Fortra Price Book,EUR
01tWC00000DD1UwYAL,1738,Fortra Price Book,GBP
01tWC00000FBYnLYAX,2024,Fortra Price Book,USD
01tWC00000DD1V6YAL,100.32,Fortra Price Book,AUD
01tWC00000DD1V6YAL,89.1,Fortra Price Book,CAD
01tWC00000DD1V6YAL,60.72,Fortra Price Book,EUR
01tWC00000DD1V6YAL,52.14,Fortra Price Book,GBP
01tWC00000FBZYyYAP,66,Fortra Price Book,USD
01tWC00000FBZYxYAP,11.85,Fortra Price Book,USD
01tWC00000DD1VBYA1,904.4,Fortra Price Book,AUD
01tWC00000DD1VBYA1,803.25,Fortra Price Book,CAD
01tWC00000DD1VBYA1,547.4,Fortra Price Book,EUR
01tWC00000DD1VBYA1,470.05,Fortra Price Book,GBP
01tWC00000FBZZ3YAP,470.05,Fortra Price Book,USD
01tWC00000FBZZ2YAP,137,Fortra Price Book,USD
01tWC00000DD1ZwYAL,302.48,Fortra Price Book,AUD
01tWC00000DD1ZwYAL,268.65,Fortra Price Book,CAD
01tWC00000DD1ZwYAL,183.08,Fortra Price Book,EUR
01tWC00000DD1ZwYAL,157.21,Fortra Price Book,GBP
01tWC00000FBZZ8YAP,199,Fortra Price Book,USD
01tWC00000DD1a1YAD,100.32,Fortra Price Book,AUD
01tWC00000DD1a1YAD,89.1,Fortra Price Book,CAD
01tWC00000DD1a1YAD,60.72,Fortra Price Book,EUR
01tWC00000DD1a1YAD,52.14,Fortra Price Book,GBP
01tWC00000FBZZDYA5,66,Fortra Price Book,USD
01tWC00000DD1a6YAD,302.48,Fortra Price Book,AUD
01tWC00000DD1a6YAD,268.65,Fortra Price Book,CAD
01tWC00000DD1a6YAD,183.08,Fortra Price Book,EUR
01tWC00000DD1a6YAD,157.21,Fortra Price Book,GBP
01tWC00000FBZZIYA5,199,Fortra Price Book,USD
01tWC00000DD1aBYAT,904.4,Fortra Price Book,AUD
01tWC00000DD1aBYAT,803.25,Fortra Price Book,CAD
01tWC00000DD1aBYAT,547.4,Fortra Price Book,EUR
01tWC00000DD1aBYAT,470.05,Fortra Price Book,GBP
01tWC00000FBZZNYA5,595,Fortra Price Book,USD
01tWC00000FBZZMYA5,137,Fortra Price Book,USD
01tWC00000DD1ccYAD,22800,Fortra Price Book,AUD
01tWC00000DD1ccYAD,20250,Fortra Price Book,CAD
01tWC00000DD1ccYAD,13800,Fortra Price Book,EUR
01tWC00000DD1ccYAD,11850,Fortra Price Book,GBP
01tWC00000DD1cdYAD,577600,Fortra Price Book,AUD
01tWC00000DD1cdYAD,513000,Fortra Price Book,CAD
01tWC00000DD1cdYAD,349600,Fortra Price Book,EUR
01tWC00000DD1cdYAD,300200,Fortra Price Book,GBP
01tWC00000DD1ceYAD,326800,Fortra Price Book,AUD
01tWC00000DD1ceYAD,290250,Fortra Price Book,CAD
01tWC00000DD1ceYAD,197800,Fortra Price Book,EUR
01tWC00000DD1ceYAD,169850,Fortra Price Book,GBP
01tWC00000DD1cfYAD,326800,Fortra Price Book,AUD
01tWC00000DD1cfYAD,290250,Fortra Price Book,CAD
01tWC00000DD1cfYAD,197800,Fortra Price Book,EUR
01tWC00000DD1cfYAD,169850,Fortra Price Book,GBP
01tWC00000FBZZTYA5,215000,Fortra Price Book,USD
01tWC00000FBZZSYA5,215000,Fortra Price Book,USD
01tWC00000DD1cgYAD,3040,Fortra Price Book,AUD
01tWC00000DD1cgYAD,2700,Fortra Price Book,CAD
01tWC00000DD1cgYAD,1840,Fortra Price Book,EUR
01tWC00000DD1cgYAD,1580,Fortra Price Book,GBP
01tWC00000FBZZUYA5,2000,Fortra Price Book,USD
01tWC00000DD1chYAD,5244,Fortra Price Book,AUD
01tWC00000DD1chYAD,4657.5,Fortra Price Book,CAD
01tWC00000DD1chYAD,3174,Fortra Price Book,EUR
01tWC00000DD1chYAD,2725.5,Fortra Price Book,GBP
01tWC00000DD10ZYAT,29640,Fortra Price Book,AUD
01tWC00000DD10ZYAT,26325,Fortra Price Book,CAD
01tWC00000DD10ZYAT,17940,Fortra Price Book,EUR
01tWC00000DD10ZYAT,15405,Fortra Price Book,GBP
01tWC00000FBYXFYA5,29640,Fortra Price Book,USD
01tWC00000DD1crYAD,3458,Fortra Price Book,AUD
01tWC00000DD1crYAD,3071.25,Fortra Price Book,CAD
01tWC00000DD1crYAD,2093,Fortra Price Book,EUR
01tWC00000DD1crYAD,1797.25,Fortra Price Book,GBP
01tWC00000FBYXKYA5,2275,Fortra Price Book,USD
01tWC00000DD1XSYA1,23.71,Fortra Price Book,AUD
01tWC00000DD1XSYA1,21.06,Fortra Price Book,CAD
01tWC00000DD1XSYA1,14.35,Fortra Price Book,EUR
01tWC00000DD1XSYA1,12.32,Fortra Price Book,GBP
01tWC00000DD1dkYAD,19.76,Fortra Price Book,AUD
01tWC00000DD1dkYAD,17.55,Fortra Price Book,CAD
01tWC00000DD1dkYAD,11.96,Fortra Price Book,EUR
01tWC00000DD1dkYAD,10.27,Fortra Price Book,GBP
01tWC00000DD1e8YAD,2280,Fortra Price Book,AUD
01tWC00000DD1e8YAD,2025,Fortra Price Book,CAD
01tWC00000DD1e8YAD,1380,Fortra Price Book,EUR
01tWC00000DD1e8YAD,1185,Fortra Price Book,GBP
01tWC00000DD1e6YAD,71.85,Fortra Price Book,AUD
01tWC00000DD1e6YAD,63.81,Fortra Price Book,CAD
01tWC00000DD1e6YAD,43.49,Fortra Price Book,EUR
01tWC00000DD1e6YAD,37.34,Fortra Price Book,GBP
01tWC00000FBYXPYA5,1380,Fortra Price Book,USD
01tWC00000DD1eAYAT,84.57,Fortra Price Book,AUD
01tWC00000DD1eAYAT,75.11,Fortra Price Book,CAD
01tWC00000DD1eAYAT,51.19,Fortra Price Book,EUR
01tWC00000DD1eAYAT,43.96,Fortra Price Book,GBP
01tWC00000DD1eCYAT,46.51,Fortra Price Book,AUD
01tWC00000DD1eCYAT,41.31,Fortra Price Book,CAD
01tWC00000DD1eCYAT,28.15,Fortra Price Book,EUR
01tWC00000DD1eCYAT,24.17,Fortra Price Book,GBP
01tWC00000DD1eEYAT,101.7,Fortra Price Book,AUD
01tWC00000DD1eEYAT,90.33,Fortra Price Book,CAD
01tWC00000DD1eEYAT,61.56,Fortra Price Book,EUR
01tWC00000DD1eEYAT,52.86,Fortra Price Book,GBP
01tWC00000DD1eGYAT,55.94,Fortra Price Book,AUD
01tWC00000DD1eGYAT,49.68,Fortra Price Book,CAD
01tWC00000DD1eGYAT,33.86,Fortra Price Book,EUR
01tWC00000DD1eGYAT,29.07,Fortra Price Book,GBP
01tWC00000DD1eKYAT,38.99,Fortra Price Book,AUD
01tWC00000DD1eKYAT,34.63,Fortra Price Book,CAD
01tWC00000DD1eKYAT,23.6,Fortra Price Book,EUR
01tWC00000DD1eKYAT,20.26,Fortra Price Book,GBP
01tWC00000DD1eIYAT,70.89,Fortra Price Book,AUD
01tWC00000DD1eIYAT,62.96,Fortra Price Book,CAD
01tWC00000DD1eIYAT,42.91,Fortra Price Book,EUR
01tWC00000DD1eIYAT,36.85,Fortra Price Book,GBP
01tWC00000DD1eOYAT,4750,Fortra Price Book,AUD
01tWC00000DD1eOYAT,4218.75,Fortra Price Book,CAD
01tWC00000DD1eOYAT,2875,Fortra Price Book,EUR
01tWC00000DD1eOYAT,2468.75,Fortra Price Book,GBP
01tWC00000DD1eMYAT,71.85,Fortra Price Book,AUD
01tWC00000DD1eMYAT,63.81,Fortra Price Book,CAD
01tWC00000DD1eMYAT,43.49,Fortra Price Book,EUR
01tWC00000DD1eMYAT,37.34,Fortra Price Book,GBP
01tWC00000FBYZ2YAP,3125,Fortra Price Book,USD
01tWC00000DD1eSYAT,46.51,Fortra Price Book,AUD
01tWC00000DD1eSYAT,41.31,Fortra Price Book,CAD
01tWC00000DD1eSYAT,28.15,Fortra Price Book,EUR
01tWC00000DD1eSYAT,24.17,Fortra Price Book,GBP
01tWC00000DD1eQYAT,84.57,Fortra Price Book,AUD
01tWC00000DD1eQYAT,75.11,Fortra Price Book,CAD
01tWC00000DD1eQYAT,51.19,Fortra Price Book,EUR
01tWC00000DD1eQYAT,43.96,Fortra Price Book,GBP
01tWC00000DD1eaYAD,38.99,Fortra Price Book,AUD
01tWC00000DD1eaYAD,34.63,Fortra Price Book,CAD
01tWC00000DD1eaYAD,23.6,Fortra Price Book,EUR
01tWC00000DD1eaYAD,20.26,Fortra Price Book,GBP
01tWC00000DD1eYYAT,70.89,Fortra Price Book,AUD
01tWC00000DD1eYYAT,62.96,Fortra Price Book,CAD
01tWC00000DD1eYYAT,42.91,Fortra Price Book,EUR
01tWC00000DD1eYYAT,36.85,Fortra Price Book,GBP
01tWC00000DD1eiYAD,3990,Fortra Price Book,AUD
01tWC00000DD1eiYAD,3543.75,Fortra Price Book,CAD
01tWC00000DD1eiYAD,2415,Fortra Price Book,EUR
01tWC00000DD1eiYAD,2073.75,Fortra Price Book,GBP
01tWC00000DD1egYAD,111.37,Fortra Price Book,AUD
01tWC00000DD1egYAD,98.91,Fortra Price Book,CAD
01tWC00000DD1egYAD,67.41,Fortra Price Book,EUR
01tWC00000DD1egYAD,57.88,Fortra Price Book,GBP
01tWC00000FBYe2YAH,2625,Fortra Price Book,USD
01tWC00000DD1ekYAD,18604.8,Fortra Price Book,AUD
01tWC00000DD1ekYAD,16524,Fortra Price Book,CAD
01tWC00000DD1ekYAD,11260.8,Fortra Price Book,EUR
01tWC00000DD1ekYAD,9669.6,Fortra Price Book,GBP
01tWC00000DD1emYAD,10232.64,Fortra Price Book,AUD
01tWC00000DD1emYAD,9088.2,Fortra Price Book,CAD
01tWC00000DD1emYAD,6193.44,Fortra Price Book,EUR
01tWC00000DD1emYAD,5318.28,Fortra Price Book,GBP
01tWC00000DD1eoYAD,99.77,Fortra Price Book,AUD
01tWC00000DD1eoYAD,88.61,Fortra Price Book,CAD
01tWC00000DD1eoYAD,60.39,Fortra Price Book,EUR
01tWC00000DD1eoYAD,51.86,Fortra Price Book,GBP
01tWC00000DD1eqYAD,61.56,Fortra Price Book,AUD
01tWC00000DD1eqYAD,54.68,Fortra Price Book,CAD
01tWC00000DD1eqYAD,37.26,Fortra Price Book,EUR
01tWC00000DD1eqYAD,32,Fortra Price Book,GBP
01tWC00000DD1esYAD,22374.4,Fortra Price Book,AUD
01tWC00000DD1esYAD,19872,Fortra Price Book,CAD
01tWC00000DD1esYAD,13542.4,Fortra Price Book,EUR
01tWC00000DD1esYAD,11628.8,Fortra Price Book,GBP
01tWC00000DD1euYAD,12305.92,Fortra Price Book,AUD
01tWC00000DD1euYAD,10929.6,Fortra Price Book,CAD
01tWC00000DD1euYAD,7448.32,Fortra Price Book,EUR
01tWC00000DD1euYAD,6395.84,Fortra Price Book,GBP
01tWC00000DD1ewYAD,126.02,Fortra Price Book,AUD
01tWC00000DD1ewYAD,111.93,Fortra Price Book,CAD
01tWC00000DD1ewYAD,76.28,Fortra Price Book,EUR
01tWC00000DD1ewYAD,65.5,Fortra Price Book,GBP
01tWC00000DD1eyYAD,69.31,Fortra Price Book,AUD
01tWC00000DD1eyYAD,61.56,Fortra Price Book,CAD
01tWC00000DD1eyYAD,41.95,Fortra Price Book,EUR
01tWC00000DD1eyYAD,36.02,Fortra Price Book,GBP
01tWC00000DD1f0YAD,15595.2,Fortra Price Book,AUD
01tWC00000DD1f0YAD,13851,Fortra Price Book,CAD
01tWC00000DD1f0YAD,9439.2,Fortra Price Book,EUR
01tWC00000DD1f0YAD,8105.4,Fortra Price Book,GBP
01tWC00000DD1f2YAD,8577.36,Fortra Price Book,AUD
01tWC00000DD1f2YAD,7618.05,Fortra Price Book,CAD
01tWC00000DD1f2YAD,5191.56,Fortra Price Book,EUR
01tWC00000DD1f2YAD,4457.97,Fortra Price Book,GBP
01tWC00000DD1f4YAD,99.77,Fortra Price Book,AUD
01tWC00000DD1f4YAD,88.61,Fortra Price Book,CAD
01tWC00000DD1f4YAD,60.39,Fortra Price Book,EUR
01tWC00000DD1f4YAD,51.86,Fortra Price Book,GBP
01tWC00000DD1f6YAD,54.87,Fortra Price Book,AUD
01tWC00000DD1f6YAD,48.74,Fortra Price Book,CAD
01tWC00000DD1f6YAD,33.21,Fortra Price Book,EUR
01tWC00000DD1f6YAD,28.52,Fortra Price Book,GBP
01tWC00000DD1f8YAD,15808,Fortra Price Book,AUD
01tWC00000DD1f8YAD,14040,Fortra Price Book,CAD
01tWC00000DD1f8YAD,9568,Fortra Price Book,EUR
01tWC00000DD1f8YAD,8216,Fortra Price Book,GBP
01tWC00000DD1fAYAT,3800,Fortra Price Book,AUD
01tWC00000DD1fAYAT,3375,Fortra Price Book,CAD
01tWC00000DD1fAYAT,2300,Fortra Price Book,EUR
01tWC00000DD1fAYAT,1975,Fortra Price Book,GBP
01tWC00000FBYiWYAX,3375,Fortra Price Book,USD
01tWC00000DD1fCYAT,143.72,Fortra Price Book,AUD
01tWC00000DD1fCYAT,127.64,Fortra Price Book,CAD
01tWC00000DD1fCYAT,86.99,Fortra Price Book,EUR
01tWC00000DD1fCYAT,74.69,Fortra Price Book,GBP
01tWC00000DD1fEYAT,1.19,Fortra Price Book,AUD
01tWC00000DD1fEYAT,1.05,Fortra Price Book,CAD
01tWC00000DD1fEYAT,0.72,Fortra Price Book,EUR
01tWC00000DD1fEYAT,0.62,Fortra Price Book,GBP
01tWC00000DD1fIYAT,73.87,Fortra Price Book,AUD
01tWC00000DD1fIYAT,65.61,Fortra Price Book,CAD
01tWC00000DD1fIYAT,44.71,Fortra Price Book,EUR
01tWC00000DD1fIYAT,38.39,Fortra Price Book,GBP
01tWC00000DD1fGYAT,134.31,Fortra Price Book,AUD
01tWC00000DD1fGYAT,119.29,Fortra Price Book,CAD
01tWC00000DD1fGYAT,81.29,Fortra Price Book,EUR
01tWC00000DD1fGYAT,69.8,Fortra Price Book,GBP
01tWC00000DD1fKYAT,156.97,Fortra Price Book,AUD
01tWC00000DD1fKYAT,139.41,Fortra Price Book,CAD
01tWC00000DD1fKYAT,95.01,Fortra Price Book,EUR
01tWC00000DD1fKYAT,81.58,Fortra Price Book,GBP
01tWC00000DD1fMYAT,86.34,Fortra Price Book,AUD
01tWC00000DD1fMYAT,76.68,Fortra Price Book,CAD
01tWC00000DD1fMYAT,52.26,Fortra Price Book,EUR
01tWC00000DD1fMYAT,44.87,Fortra Price Book,GBP
01tWC00000DD1fOYAT,123.39,Fortra Price Book,AUD
01tWC00000DD1fOYAT,109.59,Fortra Price Book,CAD
01tWC00000DD1fOYAT,74.69,Fortra Price Book,EUR
01tWC00000DD1fOYAT,64.13,Fortra Price Book,GBP
01tWC00000DD1fQYAT,67.87,Fortra Price Book,AUD
01tWC00000DD1fQYAT,60.28,Fortra Price Book,CAD
01tWC00000DD1fQYAT,41.08,Fortra Price Book,EUR
01tWC00000DD1fQYAT,35.27,Fortra Price Book,GBP
01tWC00000DD1lpYAD,25.16,Fortra Price Book,AUD
01tWC00000DD1lpYAD,22.34,Fortra Price Book,CAD
01tWC00000DD1lpYAD,15.23,Fortra Price Book,EUR
01tWC00000DD1lpYAD,13.07,Fortra Price Book,GBP
01tWC00000DD1lrYAD,13.83,Fortra Price Book,AUD
01tWC00000DD1lrYAD,12.29,Fortra Price Book,CAD
01tWC00000DD1lrYAD,8.37,Fortra Price Book,EUR
01tWC00000DD1lrYAD,7.19,Fortra Price Book,GBP
01tWC00000DD1lvYAD,13.83,Fortra Price Book,AUD
01tWC00000DD1lvYAD,12.29,Fortra Price Book,CAD
01tWC00000DD1lvYAD,8.37,Fortra Price Book,EUR
01tWC00000DD1lvYAD,7.19,Fortra Price Book,GBP
01tWC00000DD1ltYAD,25.16,Fortra Price Book,AUD
01tWC00000DD1ltYAD,22.34,Fortra Price Book,CAD
01tWC00000DD1ltYAD,15.23,Fortra Price Book,EUR
01tWC00000DD1ltYAD,13.07,Fortra Price Book,GBP
01tWC00000DD1lxYAD,25.16,Fortra Price Book,AUD
01tWC00000DD1lxYAD,22.34,Fortra Price Book,CAD
01tWC00000DD1lxYAD,15.23,Fortra Price Book,EUR
01tWC00000DD1lxYAD,13.07,Fortra Price Book,GBP
01tWC00000DD1lzYAD,560.88,Fortra Price Book,AUD
01tWC00000DD1lzYAD,498.15,Fortra Price Book,CAD
01tWC00000DD1lzYAD,339.48,Fortra Price Book,EUR
01tWC00000DD1lzYAD,291.51,Fortra Price Book,GBP
01tWC00000FBYiaYAH,369,Fortra Price Book,USD
01tWC00000FBYXBYA5,498.15,Fortra Price Book,USD
01tWC00000DD1m3YAD,25.16,Fortra Price Book,AUD
01tWC00000DD1m3YAD,22.34,Fortra Price Book,CAD
01tWC00000DD1m3YAD,15.23,Fortra Price Book,EUR
01tWC00000DD1m3YAD,13.07,Fortra Price Book,GBP
01tWC00000DD1m5YAD,13.83,Fortra Price Book,AUD
01tWC00000DD1m5YAD,12.29,Fortra Price Book,CAD
01tWC00000DD1m5YAD,8.37,Fortra Price Book,EUR
01tWC00000DD1m5YAD,7.19,Fortra Price Book,GBP
01tWC00000DD1mMYAT,17480,Fortra Price Book,AUD
01tWC00000DD1mMYAT,15525,Fortra Price Book,CAD
01tWC00000DD1mMYAT,10580,Fortra Price Book,EUR
01tWC00000DD1mMYAT,9085,Fortra Price Book,GBP
01tWC00000FBYLvYAP,9085,Fortra Price Book,USD
01tWC00000DD1mNYAT,30400,Fortra Price Book,AUD
01tWC00000DD1mNYAT,27000,Fortra Price Book,CAD
01tWC00000DD1mNYAT,18400,Fortra Price Book,EUR
01tWC00000DD1mNYAT,15800,Fortra Price Book,GBP
01tWC00000FBYLwYAP,27000,Fortra Price Book,USD
01tWC00000DD1meYAD,10640,Fortra Price Book,AUD
01tWC00000DD1meYAD,9450,Fortra Price Book,CAD
01tWC00000DD1meYAD,6440,Fortra Price Book,EUR
01tWC00000DD1meYAD,5530,Fortra Price Book,GBP
01tWC00000FBZZVYA5,3125,Fortra Price Book,USD
01tWC00000DD1mhYAD,5107.2,Fortra Price Book,AUD
01tWC00000DD1mhYAD,4536,Fortra Price Book,CAD
01tWC00000DD1mhYAD,3091.2,Fortra Price Book,EUR
01tWC00000DD1mhYAD,2654.4,Fortra Price Book,GBP
01tWC00000FBZZZYA5,3360,Fortra Price Book,USD
01tWC00000FBZZYYA5,1500,Fortra Price Book,USD
01tWC00000DCxkoYAD,10640,Fortra Price Book,AUD
01tWC00000DCxkoYAD,9450,Fortra Price Book,CAD
01tWC00000DCxkoYAD,6440,Fortra Price Book,EUR
01tWC00000DCxkoYAD,5530,Fortra Price Book,GBP
01tWC00000FBZYtYAP,10640,Fortra Price Book,USD
01tWC00000FBZZbYAP,3125,Fortra Price Book,USD
01tWC00000DCxkrYAD,31920,Fortra Price Book,AUD
01tWC00000DCxkrYAD,28350,Fortra Price Book,CAD
01tWC00000DCxkrYAD,19320,Fortra Price Book,EUR
01tWC00000DCxkrYAD,16590,Fortra Price Book,GBP
01tWC00000DCxkvYAD,8937.6,Fortra Price Book,AUD
01tWC00000DCxkvYAD,7938,Fortra Price Book,CAD
01tWC00000DCxkvYAD,5409.6,Fortra Price Book,EUR
01tWC00000DCxkvYAD,4645.2,Fortra Price Book,GBP
01tWC00000FBYieYAH,8937.6,Fortra Price Book,USD
01tWC00000FBYidYAH,3543.75,Fortra Price Book,USD
01tWC00000DCxkyYAD,7600,Fortra Price Book,AUD
01tWC00000DCxkyYAD,6750,Fortra Price Book,CAD
01tWC00000DCxkyYAD,4600,Fortra Price Book,EUR
01tWC00000DCxkyYAD,3950,Fortra Price Book,GBP
01tWC00000FBYihYAH,5000,Fortra Price Book,USD
01tWC00000FBYigYAH,3375,Fortra Price Book,USD
01tWC00000FBYjPYAX,9375,Fortra Price Book,USD
01tWC00000DCxlRYAT,91200,Fortra Price Book,AUD
01tWC00000DCxlRYAT,81000,Fortra Price Book,CAD
01tWC00000DCxlRYAT,55200,Fortra Price Book,EUR
01tWC00000DCxlRYAT,47400,Fortra Price Book,GBP
01tWC00000FBYikYAH,60000,Fortra Price Book,USD
01tWC00000DCxlaYAD,228,Fortra Price Book,AUD
01tWC00000DCxlaYAD,202.5,Fortra Price Book,CAD
01tWC00000DCxlaYAD,138,Fortra Price Book,EUR
01tWC00000DCxlaYAD,118.5,Fortra Price Book,GBP
01tWC00000FBZoHYAX,202.5,Fortra Price Book,USD
01tWC00000FBYilYAH,53.2,Fortra Price Book,USD
01tWC00000FBYimYAH,27.65,Fortra Price Book,USD
01tWC00000DCxmIYAT,4484,Fortra Price Book,AUD
01tWC00000DCxmIYAT,3982.5,Fortra Price Book,CAD
01tWC00000DCxmIYAT,2714,Fortra Price Book,EUR
01tWC00000DCxmIYAT,2330.5,Fortra Price Book,GBP
01tWC00000DD1gMYAT,17480,Fortra Price Book,AUD
01tWC00000DD1gMYAT,15525,Fortra Price Book,CAD
01tWC00000DD1gMYAT,10580,Fortra Price Book,EUR
01tWC00000DD1gMYAT,9085,Fortra Price Book,GBP
01tWC00000FBYitYAH,11500,Fortra Price Book,USD
01tWC00000FBYisYAH,2645,Fortra Price Book,USD
01tWC00000FBYiuYAH,2645,Fortra Price Book,USD
01tWC00000DD1gQYAT,17480,Fortra Price Book,AUD
01tWC00000DD1gQYAT,15525,Fortra Price Book,CAD
01tWC00000DD1gQYAT,10580,Fortra Price Book,EUR
01tWC00000DD1gQYAT,9085,Fortra Price Book,GBP
01tWC00000FBYixYAH,17480,Fortra Price Book,USD
01tWC00000FBYiyYAH,2645,Fortra Price Book,USD
01tWC00000FBYizYAH,2645,Fortra Price Book,USD
01tWC00000DD1gVYAT,8360,Fortra Price Book,AUD
01tWC00000DD1gVYAT,7425,Fortra Price Book,CAD
01tWC00000DD1gVYAT,5060,Fortra Price Book,EUR
01tWC00000DD1gVYAT,4345,Fortra Price Book,GBP
01tWC00000DD1gYYAT,5180.16,Fortra Price Book,AUD
01tWC00000DD1gYYAT,4600.8,Fortra Price Book,CAD
01tWC00000DD1gYYAT,3135.36,Fortra Price Book,EUR
01tWC00000DD1gYYAT,2692.32,Fortra Price Book,GBP
01tWC00000FBYj1YAH,8360,Fortra Price Book,USD
01tWC00000FBYj2YAH,1265,Fortra Price Book,USD
01tWC00000FBYj3YAH,1265,Fortra Price Book,USD
01tWC00000DD1gaYAD,17480,Fortra Price Book,AUD
01tWC00000DD1gaYAD,15525,Fortra Price Book,CAD
01tWC00000DD1gaYAD,10580,Fortra Price Book,EUR
01tWC00000DD1gaYAD,9085,Fortra Price Book,GBP
01tWC00000FBYj6YAH,11500,Fortra Price Book,USD
01tWC00000FBYj7YAH,2645,Fortra Price Book,USD
01tWC00000FBYj8YAH,2645,Fortra Price Book,USD
01tWC00000DD1gfYAD,21850,Fortra Price Book,AUD
01tWC00000DD1gfYAD,19406.25,Fortra Price Book,CAD
01tWC00000DD1gfYAD,13225,Fortra Price Book,EUR
01tWC00000DD1gfYAD,11356.25,Fortra Price Book,GBP
01tWC00000FBYjAYAX,14375,Fortra Price Book,USD
01tWC00000FBYjBYAX,2611.74,Fortra Price Book,USD
01tWC00000FBYjCYAX,3306,Fortra Price Book,USD
01tWC00000DD1gjYAD,21850,Fortra Price Book,AUD
01tWC00000DD1gjYAD,19406.25,Fortra Price Book,CAD
01tWC00000DD1gjYAD,13225,Fortra Price Book,EUR
01tWC00000DD1gjYAD,11356.25,Fortra Price Book,GBP
01tWC00000DD1gmYAD,2445.68,Fortra Price Book,AUD
01tWC00000DD1gmYAD,2172.15,Fortra Price Book,CAD
01tWC00000DD1gmYAD,1480.28,Fortra Price Book,EUR
01tWC00000DD1gmYAD,1271.11,Fortra Price Book,GBP
01tWC00000FBYjEYAX,14375,Fortra Price Book,USD
01tWC00000FBYjHYAX,1609,Fortra Price Book,USD
01tWC00000FBYjFYAX,3306,Fortra Price Book,USD
01tWC00000FBYjGYAX,3306,Fortra Price Book,USD
01tWC00000DD1gnYAD,21850,Fortra Price Book,AUD
01tWC00000DD1gnYAD,19406.25,Fortra Price Book,CAD
01tWC00000DD1gnYAD,13225,Fortra Price Book,EUR
01tWC00000DD1gnYAD,11356.25,Fortra Price Book,GBP
01tWC00000DD1gqYAD,6589.2,Fortra Price Book,AUD
01tWC00000DD1gqYAD,5852.25,Fortra Price Book,CAD
01tWC00000DD1gqYAD,3988.2,Fortra Price Book,EUR
01tWC00000DD1gqYAD,3424.65,Fortra Price Book,GBP
01tWC00000FBYjIYAX,11356.25,Fortra Price Book,USD
01tWC00000FBYjLYAX,4335,Fortra Price Book,USD
01tWC00000FBYjJYAX,3306,Fortra Price Book,USD
01tWC00000FBYjKYAX,3306,Fortra Price Book,USD
01tWC00000DD1grYAD,21850,Fortra Price Book,AUD
01tWC00000DD1grYAD,19406.25,Fortra Price Book,CAD
01tWC00000DD1grYAD,13225,Fortra Price Book,EUR
01tWC00000DD1grYAD,11356.25,Fortra Price Book,GBP
01tWC00000FBYjMYAX,14375,Fortra Price Book,USD
01tWC00000FBYjNYAX,3306,Fortra Price Book,USD
01tWC00000DD1h0YAD,1670.48,Fortra Price Book,AUD
01tWC00000DD1h0YAD,1483.65,Fortra Price Book,CAD
01tWC00000DD1h0YAD,1011.08,Fortra Price Book,EUR
01tWC00000DD1h0YAD,868.21,Fortra Price Book,GBP
01tWC00000DD1gwYAD,21850,Fortra Price Book,AUD
01tWC00000DD1gwYAD,19406.25,Fortra Price Book,CAD
01tWC00000DD1gwYAD,13225,Fortra Price Book,EUR
01tWC00000DD1gwYAD,11356.25,Fortra Price Book,GBP
01tWC00000DD1h1YAD,21850,Fortra Price Book,AUD
01tWC00000DD1h1YAD,19406.25,Fortra Price Book,CAD
01tWC00000DD1h1YAD,13225,Fortra Price Book,EUR
01tWC00000DD1h1YAD,11356.25,Fortra Price Book,GBP
01tWC00000DD1h6YAD,21850,Fortra Price Book,AUD
01tWC00000DD1h6YAD,19406.25,Fortra Price Book,CAD
01tWC00000DD1h6YAD,13225,Fortra Price Book,EUR
01tWC00000DD1h6YAD,11356.25,Fortra Price Book,GBP
01tWC00000DD1hWYAT,10632.4,Fortra Price Book,AUD
01tWC00000DD1hWYAT,9443.25,Fortra Price Book,CAD
01tWC00000DD1hWYAT,6435.4,Fortra Price Book,EUR
01tWC00000DD1hWYAT,5526.05,Fortra Price Book,GBP
01tWC00000DD1hYYAT,6589.2,Fortra Price Book,AUD
01tWC00000DD1hYYAT,5852.25,Fortra Price Book,CAD
01tWC00000DD1hYYAT,3988.2,Fortra Price Book,EUR
01tWC00000DD1hYYAT,3424.65,Fortra Price Book,GBP
01tWC00000DD1haYAD,910.48,Fortra Price Book,AUD
01tWC00000DD1haYAD,808.65,Fortra Price Book,CAD
01tWC00000DD1haYAD,551.08,Fortra Price Book,EUR
01tWC00000DD1haYAD,473.21,Fortra Price Book,GBP
01tWC00000DD1hcYAD,1670.48,Fortra Price Book,AUD
01tWC00000DD1hcYAD,1483.65,Fortra Price Book,CAD
01tWC00000DD1hcYAD,1011.08,Fortra Price Book,EUR
01tWC00000DD1hcYAD,868.21,Fortra Price Book,GBP
01tWC00000DD1hoYAD,34.96,Fortra Price Book,AUD
01tWC00000DD1hoYAD,31.05,Fortra Price Book,CAD
01tWC00000DD1hoYAD,21.16,Fortra Price Book,EUR
01tWC00000DD1hoYAD,18.17,Fortra Price Book,GBP
01tWC00000DD1hmYAD,150.48,Fortra Price Book,AUD
01tWC00000DD1hmYAD,133.65,Fortra Price Book,CAD
01tWC00000DD1hmYAD,91.08,Fortra Price Book,EUR
01tWC00000DD1hmYAD,78.21,Fortra Price Book,GBP
01tWC00000DCzGHYA1,89.68,Fortra Price Book,AUD
01tWC00000DCzGHYA1,79.65,Fortra Price Book,CAD
01tWC00000DCzGHYA1,54.28,Fortra Price Book,EUR
01tWC00000DCzGHYA1,46.61,Fortra Price Book,GBP
01tWC00000DD1hxYAD,1360.4,Fortra Price Book,AUD
01tWC00000DD1hxYAD,1208.25,Fortra Price Book,CAD
01tWC00000DD1hxYAD,823.4,Fortra Price Book,EUR
01tWC00000DD1hxYAD,707.05,Fortra Price Book,GBP
01tWC00000DCzGJYA1,454.48,Fortra Price Book,AUD
01tWC00000DCzGJYA1,403.65,Fortra Price Book,CAD
01tWC00000DCzGJYA1,275.08,Fortra Price Book,EUR
01tWC00000DCzGJYA1,236.21,Fortra Price Book,GBP
01tWC00000DD1mnYAD,22.8,Fortra Price Book,AUD
01tWC00000DD1mnYAD,20.25,Fortra Price Book,CAD
01tWC00000DD1mnYAD,13.8,Fortra Price Book,EUR
01tWC00000DD1mnYAD,11.85,Fortra Price Book,GBP
01tWC00000DD1mpYAD,454.48,Fortra Price Book,AUD
01tWC00000DD1mpYAD,403.65,Fortra Price Book,CAD
01tWC00000DD1mpYAD,275.08,Fortra Price Book,EUR
01tWC00000DD1mpYAD,236.21,Fortra Price Book,GBP
01tWC00000DD1msYAD,530.48,Fortra Price Book,AUD
01tWC00000DD1msYAD,471.15,Fortra Price Book,CAD
01tWC00000DD1msYAD,321.08,Fortra Price Book,EUR
01tWC00000DD1msYAD,275.71,Fortra Price Book,GBP
01tWC00000DD1mvYAD,454.48,Fortra Price Book,AUD
01tWC00000DD1mvYAD,403.65,Fortra Price Book,CAD
01tWC00000DD1mvYAD,275.08,Fortra Price Book,EUR
01tWC00000DD1mvYAD,236.21,Fortra Price Book,GBP
01tWC00000DD1myYAD,69.92,Fortra Price Book,AUD
01tWC00000DD1myYAD,62.1,Fortra Price Book,CAD
01tWC00000DD1myYAD,42.32,Fortra Price Book,EUR
01tWC00000DD1myYAD,36.34,Fortra Price Book,GBP
01tWC00000DD1n3YAD,22.8,Fortra Price Book,AUD
01tWC00000DD1n3YAD,20.25,Fortra Price Book,CAD
01tWC00000DD1n3YAD,13.8,Fortra Price Book,EUR
01tWC00000DD1n3YAD,11.85,Fortra Price Book,GBP
01tWC00000DD1n1YAD,454.48,Fortra Price Book,AUD
01tWC00000DD1n1YAD,403.65,Fortra Price Book,CAD
01tWC00000DD1n1YAD,275.08,Fortra Price Book,EUR
01tWC00000DD1n1YAD,236.21,Fortra Price Book,GBP
01tWC00000DD1mzYAD,188.48,Fortra Price Book,AUD
01tWC00000DD1mzYAD,167.4,Fortra Price Book,CAD
01tWC00000DD1mzYAD,114.08,Fortra Price Book,EUR
01tWC00000DD1mzYAD,97.96,Fortra Price Book,GBP
01tWC00000DD1n5YAD,302.48,Fortra Price Book,AUD
01tWC00000DD1n5YAD,268.65,Fortra Price Book,CAD
01tWC00000DD1n5YAD,183.08,Fortra Price Book,EUR
01tWC00000DD1n5YAD,157.21,Fortra Price Book,GBP
01tWC00000DD1n9YAD,378.48,Fortra Price Book,AUD
01tWC00000DD1n9YAD,336.15,Fortra Price Book,CAD
01tWC00000DD1n9YAD,229.08,Fortra Price Book,EUR
01tWC00000DD1n9YAD,196.71,Fortra Price Book,GBP
01tWC00000DD1nGYAT,69.92,Fortra Price Book,AUD
01tWC00000DD1nGYAT,62.1,Fortra Price Book,CAD
01tWC00000DD1nGYAT,42.32,Fortra Price Book,EUR
01tWC00000DD1nGYAT,36.34,Fortra Price Book,GBP
01tWC00000DD1nEYAT,454.48,Fortra Price Book,AUD
01tWC00000DD1nEYAT,403.65,Fortra Price Book,CAD
01tWC00000DD1nEYAT,275.08,Fortra Price Book,EUR
01tWC00000DD1nEYAT,236.21,Fortra Price Book,GBP
01tWC00000DD1nCYAT,62.32,Fortra Price Book,AUD
01tWC00000DD1nCYAT,55.35,Fortra Price Book,CAD
01tWC00000DD1nCYAT,37.72,Fortra Price Book,EUR
01tWC00000DD1nCYAT,32.39,Fortra Price Book,GBP
01tWC00000DD1nJYAT,150.48,Fortra Price Book,AUD
01tWC00000DD1nJYAT,133.65,Fortra Price Book,CAD
01tWC00000DD1nJYAT,91.08,Fortra Price Book,EUR
01tWC00000DD1nJYAT,78.21,Fortra Price Book,GBP
01tWC00000DD1nLYAT,74.48,Fortra Price Book,AUD
01tWC00000DD1nLYAT,66.15,Fortra Price Book,CAD
01tWC00000DD1nLYAT,45.08,Fortra Price Book,EUR
01tWC00000DD1nLYAT,38.71,Fortra Price Book,GBP
01tWC00000DD1nHYAT,188.48,Fortra Price Book,AUD
01tWC00000DD1nHYAT,167.4,Fortra Price Book,CAD
01tWC00000DD1nHYAT,114.08,Fortra Price Book,EUR
01tWC00000DD1nHYAT,97.96,Fortra Price Book,GBP
01tWC00000DD1nQYAT,208.24,Fortra Price Book,AUD
01tWC00000DD1nQYAT,184.95,Fortra Price Book,CAD
01tWC00000DD1nQYAT,126.04,Fortra Price Book,EUR
01tWC00000DD1nQYAT,108.23,Fortra Price Book,GBP
01tWC00000DD1nOYAT,454.48,Fortra Price Book,AUD
01tWC00000DD1nOYAT,403.65,Fortra Price Book,CAD
01tWC00000DD1nOYAT,275.08,Fortra Price Book,EUR
01tWC00000DD1nOYAT,236.21,Fortra Price Book,GBP
01tWC00000DD1nSYAT,150.48,Fortra Price Book,AUD
01tWC00000DD1nSYAT,133.65,Fortra Price Book,CAD
01tWC00000DD1nSYAT,91.08,Fortra Price Book,EUR
01tWC00000DD1nSYAT,78.21,Fortra Price Book,GBP
01tWC00000DD1nVYAT,226.48,Fortra Price Book,AUD
01tWC00000DD1nVYAT,201.15,Fortra Price Book,CAD
01tWC00000DD1nVYAT,137.08,Fortra Price Book,EUR
01tWC00000DD1nVYAT,117.71,Fortra Price Book,GBP
01tWC00000DD1naYAD,798,Fortra Price Book,AUD
01tWC00000DD1naYAD,708.75,Fortra Price Book,CAD
01tWC00000DD1naYAD,483,Fortra Price Book,EUR
01tWC00000DD1naYAD,414.75,Fortra Price Book,GBP
01tWC00000DD1nfYAD,30096,Fortra Price Book,AUD
01tWC00000DD1nfYAD,26730,Fortra Price Book,CAD
01tWC00000DD1nfYAD,18216,Fortra Price Book,EUR
01tWC00000DD1nfYAD,15642,Fortra Price Book,GBP
01tWC00000DD1ngYAD,10640,Fortra Price Book,AUD
01tWC00000DD1ngYAD,9450,Fortra Price Book,CAD
01tWC00000DD1ngYAD,6440,Fortra Price Book,EUR
01tWC00000DD1ngYAD,5530,Fortra Price Book,GBP
01tWC00000DD1nmYAD,22800,Fortra Price Book,AUD
01tWC00000DD1nmYAD,20250,Fortra Price Book,CAD
01tWC00000DD1nmYAD,13800,Fortra Price Book,EUR
01tWC00000DD1nmYAD,11850,Fortra Price Book,GBP
01tWC00000DD1nrYAD,282.72,Fortra Price Book,AUD
01tWC00000DD1nrYAD,251.1,Fortra Price Book,CAD
01tWC00000DD1nrYAD,171.12,Fortra Price Book,EUR
01tWC00000DD1nrYAD,146.94,Fortra Price Book,GBP
01tWC00000DD1npYAD,454.48,Fortra Price Book,AUD
01tWC00000DD1npYAD,403.65,Fortra Price Book,CAD
01tWC00000DD1npYAD,275.08,Fortra Price Book,EUR
01tWC00000DD1npYAD,236.21,Fortra Price Book,GBP
01tWC00000DD1ntYAD,454.48,Fortra Price Book,AUD
01tWC00000DD1ntYAD,403.65,Fortra Price Book,CAD
01tWC00000DD1ntYAD,275.08,Fortra Price Book,EUR
01tWC00000DD1ntYAD,236.21,Fortra Price Book,GBP
01tWC00000DD1nxYAD,904.4,Fortra Price Book,AUD
01tWC00000DD1nxYAD,803.25,Fortra Price Book,CAD
01tWC00000DD1nxYAD,547.4,Fortra Price Book,EUR
01tWC00000DD1nxYAD,470.05,Fortra Price Book,GBP
01tWC00000FBZoXYAX,595,Fortra Price Book,USD
01tWC00000DD1o2YAD,904.4,Fortra Price Book,AUD
01tWC00000DD1o2YAD,803.25,Fortra Price Book,CAD
01tWC00000DD1o2YAD,547.4,Fortra Price Book,EUR
01tWC00000DD1o2YAD,470.05,Fortra Price Book,GBP
01tWC00000FBZoaYAH,595,Fortra Price Book,USD
01tWC00000DD1oSYAT,89.68,Fortra Price Book,AUD
01tWC00000DD1oSYAT,79.65,Fortra Price Book,CAD
01tWC00000DD1oSYAT,54.28,Fortra Price Book,EUR
01tWC00000DD1oSYAT,46.61,Fortra Price Book,GBP
01tWC00000DD1oVYAT,454.48,Fortra Price Book,AUD
01tWC00000DD1oVYAT,403.65,Fortra Price Book,CAD
01tWC00000DD1oVYAT,275.08,Fortra Price Book,EUR
01tWC00000DD1oVYAT,236.21,Fortra Price Book,GBP
01tWC00000FBZtBYAX,89.68,Fortra Price Book,USD
01tWC00000FBZtDYAX,299,Fortra Price Book,USD
01tWC00000FBZtAYAX,13.6,Fortra Price Book,USD
01tWC00000FBZtCYAX,10.74,Fortra Price Book,USD
01tWC00000DD1oZYAT,67706.88,Fortra Price Book,AUD
01tWC00000DD1oZYAT,60134.4,Fortra Price Book,CAD
01tWC00000DD1oZYAT,40980.48,Fortra Price Book,EUR
01tWC00000DD1oZYAT,35189.76,Fortra Price Book,GBP
01tWC00000DD1oXYAT,10632.4,Fortra Price Book,AUD
01tWC00000DD1oXYAT,9443.25,Fortra Price Book,CAD
01tWC00000DD1oXYAT,6435.4,Fortra Price Book,EUR
01tWC00000DD1oXYAT,5526.05,Fortra Price Book,GBP
01tWC00000FBZtFYAX,6995,Fortra Price Book,USD
01tWC00000FBZtHYAX,67706.88,Fortra Price Book,USD
01tWC00000FBZtEYAX,1271.11,Fortra Price Book,USD
01tWC00000FBZtGYAX,1609,Fortra Price Book,USD
01tWC00000DD1ocYAD,150.48,Fortra Price Book,AUD
01tWC00000DD1ocYAD,133.65,Fortra Price Book,CAD
01tWC00000DD1ocYAD,91.08,Fortra Price Book,EUR
01tWC00000DD1ocYAD,78.21,Fortra Price Book,GBP
01tWC00000FBZtKYAX,99,Fortra Price Book,USD
01tWC00000FBZtJYAX,23,Fortra Price Book,USD
01tWC00000FBZtLYAX,23,Fortra Price Book,USD
01tWC00000DD1ojYAD,50.16,Fortra Price Book,AUD
01tWC00000DD1ojYAD,44.55,Fortra Price Book,CAD
01tWC00000DD1ojYAD,30.36,Fortra Price Book,EUR
01tWC00000DD1ojYAD,26.07,Fortra Price Book,GBP
01tWC00000DD1olYAD,228,Fortra Price Book,AUD
01tWC00000DD1olYAD,202.5,Fortra Price Book,CAD
01tWC00000DD1olYAD,138,Fortra Price Book,EUR
01tWC00000DD1olYAD,118.5,Fortra Price Book,GBP
01tWC00000FBZtRYAX,50.16,Fortra Price Book,USD
01tWC00000FBZtTYAX,150,Fortra Price Book,USD
01tWC00000FBZtQYAX,7.59,Fortra Price Book,USD
01tWC00000FBZtSYAX,7.59,Fortra Price Book,USD
01tWC00000DD1onYAD,150.48,Fortra Price Book,AUD
01tWC00000DD1onYAD,133.65,Fortra Price Book,CAD
01tWC00000DD1onYAD,91.08,Fortra Price Book,EUR
01tWC00000DD1onYAD,78.21,Fortra Price Book,GBP
01tWC00000FBZtVYAX,99,Fortra Price Book,USD
01tWC00000FBZtUYAX,23,Fortra Price Book,USD
01tWC00000FBZtWYAX,23,Fortra Price Book,USD
01tWC00000DD1osYAD,448.4,Fortra Price Book,AUD
01tWC00000DD1osYAD,398.25,Fortra Price Book,CAD
01tWC00000DD1osYAD,271.4,Fortra Price Book,EUR
01tWC00000DD1osYAD,233.05,Fortra Price Book,GBP
01tWC00000DD1owYAD,104.88,Fortra Price Book,AUD
01tWC00000DD1owYAD,93.15,Fortra Price Book,CAD
01tWC00000DD1owYAD,63.48,Fortra Price Book,EUR
01tWC00000DD1owYAD,54.51,Fortra Price Book,GBP
01tWC00000FBZtZYAX,295,Fortra Price Book,USD
01tWC00000FBZtbYAH,54.51,Fortra Price Book,USD
01tWC00000FBZtYYAX,68,Fortra Price Book,USD
01tWC00000FBZtaYAH,68,Fortra Price Book,USD
01tWC00000DD1p5YAD,269.04,Fortra Price Book,AUD
01tWC00000DD1p5YAD,238.95,Fortra Price Book,CAD
01tWC00000DD1p5YAD,162.84,Fortra Price Book,EUR
01tWC00000DD1p5YAD,139.83,Fortra Price Book,GBP
01tWC00000DD1p3YAD,150.48,Fortra Price Book,AUD
01tWC00000DD1p3YAD,133.65,Fortra Price Book,CAD
01tWC00000DD1p3YAD,91.08,Fortra Price Book,EUR
01tWC00000DD1p3YAD,78.21,Fortra Price Book,GBP
01tWC00000FBZtjYAH,177,Fortra Price Book,USD
01tWC00000FBZtiYAH,78.21,Fortra Price Book,USD
01tWC00000FBZthYAH,23,Fortra Price Book,USD
01tWC00000FBWVPYA5,31.05,Fortra Price Book,USD
01tWC00000DD1pAYAT,150.48,Fortra Price Book,AUD
01tWC00000DD1pAYAT,133.65,Fortra Price Book,CAD
01tWC00000DD1pAYAT,91.08,Fortra Price Book,EUR
01tWC00000DD1pAYAT,78.21,Fortra Price Book,GBP
01tWC00000DD1pSYAT,94.24,Fortra Price Book,AUD
01tWC00000DD1pSYAT,83.7,Fortra Price Book,CAD
01tWC00000DD1pSYAT,57.04,Fortra Price Book,EUR
01tWC00000DD1pSYAT,48.98,Fortra Price Book,GBP
01tWC00000DD1pQYAT,150.48,Fortra Price Book,AUD
01tWC00000DD1pQYAT,133.65,Fortra Price Book,CAD
01tWC00000DD1pQYAT,91.08,Fortra Price Book,EUR
01tWC00000DD1pQYAT,78.21,Fortra Price Book,GBP
01tWC00000FBWVeYAP,99,Fortra Price Book,USD
01tWC00000FBWVgYAP,62,Fortra Price Book,USD
01tWC00000FBWVdYAP,34.96,Fortra Price Book,USD
01tWC00000FBWVfYAP,23,Fortra Price Book,USD
01tWC00000DD1pUYAT,50.16,Fortra Price Book,AUD
01tWC00000DD1pUYAT,44.55,Fortra Price Book,CAD
01tWC00000DD1pUYAT,30.36,Fortra Price Book,EUR
01tWC00000DD1pUYAT,26.07,Fortra Price Book,GBP
01tWC00000DD1pWYAT,104.88,Fortra Price Book,AUD
01tWC00000DD1pWYAT,93.15,Fortra Price Book,CAD
01tWC00000DD1pWYAT,63.48,Fortra Price Book,EUR
01tWC00000DD1pWYAT,54.51,Fortra Price Book,GBP
01tWC00000FBWViYAP,33,Fortra Price Book,USD
01tWC00000FBWVkYAP,69,Fortra Price Book,USD
01tWC00000FBWVhYAP,7.59,Fortra Price Book,USD
01tWC00000FBWVjYAP,11.54,Fortra Price Book,USD
01tWC00000DD1paYAD,269.04,Fortra Price Book,AUD
01tWC00000DD1paYAD,238.95,Fortra Price Book,CAD
01tWC00000DD1paYAD,162.84,Fortra Price Book,EUR
01tWC00000DD1paYAD,139.83,Fortra Price Book,GBP
01tWC00000DD1pYYAT,150.48,Fortra Price Book,AUD
01tWC00000DD1pYYAT,133.65,Fortra Price Book,CAD
01tWC00000DD1pYYAT,91.08,Fortra Price Book,EUR
01tWC00000DD1pYYAT,78.21,Fortra Price Book,GBP
01tWC00000FBWVmYAP,99,Fortra Price Book,USD
01tWC00000FBWVoYAP,177,Fortra Price Book,USD
01tWC00000FBWVlYAP,23,Fortra Price Book,USD
01tWC00000FBWVnYAP,34.96,Fortra Price Book,USD
01tWC00000DD1pkYAD,448.4,Fortra Price Book,AUD
01tWC00000DD1pkYAD,398.25,Fortra Price Book,CAD
01tWC00000DD1pkYAD,271.4,Fortra Price Book,EUR
01tWC00000DD1pkYAD,233.05,Fortra Price Book,GBP
01tWC00000DD1pmYAD,278.16,Fortra Price Book,AUD
01tWC00000DD1pmYAD,247.05,Fortra Price Book,CAD
01tWC00000DD1pmYAD,168.36,Fortra Price Book,EUR
01tWC00000DD1pmYAD,144.57,Fortra Price Book,GBP
01tWC00000FBWVyYAP,295,Fortra Price Book,USD
01tWC00000FBWW0YAP,183,Fortra Price Book,USD
01tWC00000FBWVxYAP,53.72,Fortra Price Book,USD
01tWC00000FBWVzYAP,68,Fortra Price Book,USD
01tWC00000DD1poYAD,6589.2,Fortra Price Book,AUD
01tWC00000DD1poYAD,5852.25,Fortra Price Book,CAD
01tWC00000DD1poYAD,3988.2,Fortra Price Book,EUR
01tWC00000DD1poYAD,3424.65,Fortra Price Book,GBP
01tWC00000FBWW1YAP,1609,Fortra Price Book,USD
01tWC00000DD1pvYAD,104.88,Fortra Price Book,AUD
01tWC00000DD1pvYAD,93.15,Fortra Price Book,CAD
01tWC00000DD1pvYAD,63.48,Fortra Price Book,EUR
01tWC00000DD1pvYAD,54.51,Fortra Price Book,GBP
01tWC00000DD1prYAD,22792.4,Fortra Price Book,AUD
01tWC00000DD1prYAD,20243.25,Fortra Price Book,CAD
01tWC00000DD1prYAD,13795.4,Fortra Price Book,EUR
01tWC00000DD1prYAD,11846.05,Fortra Price Book,GBP
01tWC00000FBWW6YAP,69,Fortra Price Book,USD
01tWC00000FBWW4YAP,11846.05,Fortra Price Book,USD
01tWC00000FBWW3YAP,3449,Fortra Price Book,USD
01tWC00000DD1tNYAT,269.04,Fortra Price Book,AUD
01tWC00000DD1tNYAT,238.95,Fortra Price Book,CAD
01tWC00000DD1tNYAT,162.84,Fortra Price Book,EUR
01tWC00000DD1tNYAT,139.83,Fortra Price Book,GBP
01tWC00000DD1tLYAT,44.08,Fortra Price Book,AUD
01tWC00000DD1tLYAT,39.15,Fortra Price Book,CAD
01tWC00000DD1tLYAT,26.68,Fortra Price Book,EUR
01tWC00000DD1tLYAT,22.91,Fortra Price Book,GBP
01tWC00000FBa2pYAD,177,Fortra Price Book,USD
01tWC00000FBa2nYAD,29,Fortra Price Book,USD
01tWC00000FBa2mYAD,6.7,Fortra Price Book,USD
01tWC00000FBa2oYAD,6.7,Fortra Price Book,USD
01tWC00000DD1tRYAT,10632.4,Fortra Price Book,AUD
01tWC00000DD1tRYAT,9443.25,Fortra Price Book,CAD
01tWC00000DD1tRYAT,6435.4,Fortra Price Book,EUR
01tWC00000DD1tRYAT,5526.05,Fortra Price Book,GBP
01tWC00000FBZohYAH,6995,Fortra Price Book,USD
01tWC00000DD1tUYAT,577600,Fortra Price Book,AUD
01tWC00000DD1tUYAT,513000,Fortra Price Book,CAD
01tWC00000DD1tUYAT,349600,Fortra Price Book,EUR
01tWC00000DD1tUYAT,300200,Fortra Price Book,GBP
01tWC00000DD1tWYAT,3800,Fortra Price Book,AUD
01tWC00000DD1tWYAT,3375,Fortra Price Book,CAD
01tWC00000DD1tWYAT,2300,Fortra Price Book,EUR
01tWC00000DD1tWYAT,1975,Fortra Price Book,GBP
01tWC00000DD1tZYAT,28880,Fortra Price Book,AUD
01tWC00000DD1tZYAT,25650,Fortra Price Book,CAD
01tWC00000DD1tZYAT,17480,Fortra Price Book,EUR
01tWC00000DD1tZYAT,15010,Fortra Price Book,GBP
01tWC00000DD1tgYAD,34.96,Fortra Price Book,AUD
01tWC00000DD1tgYAD,31.05,Fortra Price Book,CAD
01tWC00000DD1tgYAD,21.16,Fortra Price Book,EUR
01tWC00000DD1tgYAD,18.17,Fortra Price Book,GBP
01tWC00000DD1tdYAD,14440,Fortra Price Book,AUD
01tWC00000DD1tdYAD,12825,Fortra Price Book,CAD
01tWC00000DD1tdYAD,8740,Fortra Price Book,EUR
01tWC00000DD1tdYAD,7505,Fortra Price Book,GBP
01tWC00000DCxlDYAT,7600,Fortra Price Book,AUD
01tWC00000DCxlDYAT,6750,Fortra Price Book,CAD
01tWC00000DCxlDYAT,4600,Fortra Price Book,EUR
01tWC00000DCxlDYAT,3950,Fortra Price Book,GBP
01tWC00000FBZoGYAX,3950,Fortra Price Book,USD
01tWC00000DD1tsYAD,89.68,Fortra Price Book,AUD
01tWC00000DD1tsYAD,79.65,Fortra Price Book,CAD
01tWC00000DD1tsYAD,54.28,Fortra Price Book,EUR
01tWC00000DD1tsYAD,46.61,Fortra Price Book,GBP
01tWC00000FBYXjYAP,59,Fortra Price Book,USD
01tWC00000DD1vqYAD,6817.2,Fortra Price Book,AUD
01tWC00000DD1vqYAD,6054.75,Fortra Price Book,CAD
01tWC00000DD1vqYAD,4126.2,Fortra Price Book,EUR
01tWC00000DD1vqYAD,3543.15,Fortra Price Book,GBP
01tWC00000FBYXkYAP,4485,Fortra Price Book,USD
01tWC00000DD1p7YAD,23180,Fortra Price Book,AUD
01tWC00000DD1p7YAD,20587.5,Fortra Price Book,CAD
01tWC00000DD1p7YAD,14030,Fortra Price Book,EUR
01tWC00000DD1p7YAD,12047.5,Fortra Price Book,GBP
01tWC00000FBZofYAH,15250,Fortra Price Book,USD
01tWC00000DCyyCYAT,52820,Fortra Price Book,AUD
01tWC00000DCyyCYAT,46912.5,Fortra Price Book,CAD
01tWC00000DCyyCYAT,31970,Fortra Price Book,EUR
01tWC00000DCyyCYAT,27452.5,Fortra Price Book,GBP
01tWC00000DCyyEYAT,30400,Fortra Price Book,AUD
01tWC00000DCyyEYAT,27000,Fortra Price Book,CAD
01tWC00000DCyyEYAT,18400,Fortra Price Book,EUR
01tWC00000DCyyEYAT,15800,Fortra Price Book,GBP
01tWC00000FBZoJYAX,46912.5,Fortra Price Book,USD
01tWC00000DD1otYAD,7288.4,Fortra Price Book,AUD
01tWC00000DD1otYAD,6473.25,Fortra Price Book,CAD
01tWC00000DD1otYAD,4411.4,Fortra Price Book,EUR
01tWC00000DD1otYAD,3788.05,Fortra Price Book,GBP
01tWC00000DCyyJYAT,4552.4,Fortra Price Book,AUD
01tWC00000DCyyJYAT,4043.25,Fortra Price Book,CAD
01tWC00000DCyyJYAT,2755.4,Fortra Price Book,EUR
01tWC00000DCyyJYAT,2366.05,Fortra Price Book,GBP
01tWC00000DD11HYAT,1.52,Fortra Price Book,AUD
01tWC00000DD11HYAT,1.35,Fortra Price Book,CAD
01tWC00000DD11HYAT,0.92,Fortra Price Book,EUR
01tWC00000DD11HYAT,0.79,Fortra Price Book,GBP
01tWC00000FBb5FYAT,1.35,Fortra Price Book,USD
01tWC00000DD11YYAT,4788,Fortra Price Book,AUD
01tWC00000DD11YYAT,4252.5,Fortra Price Book,CAD
01tWC00000DD11YYAT,2898,Fortra Price Book,EUR
01tWC00000DD11YYAT,2488.5,Fortra Price Book,GBP
01tWC00000DD11ZYAT,188.48,Fortra Price Book,AUD
01tWC00000DD11ZYAT,167.4,Fortra Price Book,CAD
01tWC00000DD11ZYAT,114.08,Fortra Price Book,EUR
01tWC00000DD11ZYAT,97.96,Fortra Price Book,GBP
01tWC00000FBb5IYAT,167.4,Fortra Price Book,USD
01tWC00000FBb5tYAD,3150,Fortra Price Book,USD
01tWC00000DD1FpYAL,14026.56,Fortra Price Book,AUD
01tWC00000DD1FpYAL,12457.8,Fortra Price Book,CAD
01tWC00000DD1FpYAL,8489.76,Fortra Price Book,EUR
01tWC00000DD1FpYAL,7290.12,Fortra Price Book,GBP
01tWC00000DD11nYAD,8649.41,Fortra Price Book,AUD
01tWC00000DD11nYAD,7682.04,Fortra Price Book,CAD
01tWC00000DD11nYAD,5235.17,Fortra Price Book,EUR
01tWC00000DD11nYAD,4495.42,Fortra Price Book,GBP
01tWC00000FBb5sYAD,9228,Fortra Price Book,USD
01tWC00000DD11qYAD,13406.4,Fortra Price Book,AUD
01tWC00000DD11qYAD,11907,Fortra Price Book,CAD
01tWC00000DD11qYAD,8114.4,Fortra Price Book,EUR
01tWC00000DD11qYAD,6967.8,Fortra Price Book,GBP
01tWC00000DD11rYAD,69.92,Fortra Price Book,AUD
01tWC00000DD11rYAD,62.1,Fortra Price Book,CAD
01tWC00000DD11rYAD,42.32,Fortra Price Book,EUR
01tWC00000DD11rYAD,36.34,Fortra Price Book,GBP
01tWC00000FBb5OYAT,36.34,Fortra Price Book,USD
01tWC00000FBb5yYAD,8820,Fortra Price Book,USD
01tWC00000DD11IYAT,4560,Fortra Price Book,AUD
01tWC00000DD11IYAT,4050,Fortra Price Book,CAD
01tWC00000DD11IYAT,2760,Fortra Price Book,EUR
01tWC00000DD11IYAT,2370,Fortra Price Book,GBP
01tWC00000FBaM5YAL,4050,Fortra Price Book,USD
01tWC00000DD13NYAT,21067.2,Fortra Price Book,AUD
01tWC00000DD13NYAT,18711,Fortra Price Book,CAD
01tWC00000DD13NYAT,12751.2,Fortra Price Book,EUR
01tWC00000DD13NYAT,10949.4,Fortra Price Book,GBP
01tWC00000DD13PYAT,11586.96,Fortra Price Book,AUD
01tWC00000DD13PYAT,10291.05,Fortra Price Book,CAD
01tWC00000DD13PYAT,7013.16,Fortra Price Book,EUR
01tWC00000DD13PYAT,6022.17,Fortra Price Book,GBP
01tWC00000FBb5zYAD,13860,Fortra Price Book,USD
01tWC00000DD13dYAD,4596.48,Fortra Price Book,AUD
01tWC00000DD13dYAD,4082.4,Fortra Price Book,CAD
01tWC00000DD13dYAD,2782.08,Fortra Price Book,EUR
01tWC00000DD13dYAD,2388.96,Fortra Price Book,GBP
01tWC00000DD13eYAD,2527.76,Fortra Price Book,AUD
01tWC00000DD13eYAD,2245.05,Fortra Price Book,CAD
01tWC00000DD13eYAD,1529.96,Fortra Price Book,EUR
01tWC00000DD13eYAD,1313.77,Fortra Price Book,GBP
01tWC00000FBb5uYAD,2388.96,Fortra Price Book,USD
01tWC00000FBb5YYAT,264,Fortra Price Book,USD
01tWC00000DD17TYAT,3830.4,Fortra Price Book,AUD
01tWC00000DD17TYAT,3402,Fortra Price Book,CAD
01tWC00000DD17TYAT,2318.4,Fortra Price Book,EUR
01tWC00000DD17TYAT,1990.8,Fortra Price Book,GBP
01tWC00000DD17UYAT,2106.72,Fortra Price Book,AUD
01tWC00000DD17UYAT,1871.1,Fortra Price Book,CAD
01tWC00000DD17UYAT,1275.12,Fortra Price Book,EUR
01tWC00000DD17UYAT,1094.94,Fortra Price Book,GBP
01tWC00000FBb5vYAD,2520,Fortra Price Book,USD
01tWC00000DD17XYAT,3638.88,Fortra Price Book,AUD
01tWC00000DD17XYAT,3231.9,Fortra Price Book,CAD
01tWC00000DD17XYAT,2202.48,Fortra Price Book,EUR
01tWC00000DD17XYAT,1891.26,Fortra Price Book,GBP
01tWC00000DD17ZYAT,2243.52,Fortra Price Book,AUD
01tWC00000DD17ZYAT,1992.6,Fortra Price Book,CAD
01tWC00000DD17ZYAT,1357.92,Fortra Price Book,EUR
01tWC00000DD17ZYAT,1166.04,Fortra Price Book,GBP
01tWC00000DD17jYAD,15960,Fortra Price Book,AUD
01tWC00000DD17jYAD,14175,Fortra Price Book,CAD
01tWC00000DD17jYAD,9660,Fortra Price Book,EUR
01tWC00000DD17jYAD,8295,Fortra Price Book,GBP
01tWC00000FBb60YAD,10500,Fortra Price Book,USD
01tWC00000FBb61YAD,10500,Fortra Price Book,USD
01tWC00000DD195YAD,14364,Fortra Price Book,AUD
01tWC00000DD195YAD,12757.5,Fortra Price Book,CAD
01tWC00000DD195YAD,8694,Fortra Price Book,EUR
01tWC00000DD195YAD,7465.5,Fortra Price Book,GBP
01tWC00000FBb5jYAD,1890,Fortra Price Book,USD
01tWC00000FBb62YAD,9450,Fortra Price Book,USD
01tWC00000DD19RYAT,91.18,Fortra Price Book,AUD
01tWC00000DD19RYAT,80.99,Fortra Price Book,CAD
01tWC00000DD19RYAT,55.19,Fortra Price Book,EUR
01tWC00000DD19RYAT,47.39,Fortra Price Book,GBP
01tWC00000DD1CHYA1,10022.88,Fortra Price Book,AUD
01tWC00000DD1CHYA1,8901.9,Fortra Price Book,CAD
01tWC00000DD1CHYA1,6066.48,Fortra Price Book,EUR
01tWC00000DD1CHYA1,5209.26,Fortra Price Book,GBP
01tWC00000FBb5xYAD,6594,Fortra Price Book,USD
01tWC00000FBb5wYAD,6594,Fortra Price Book,USD
01tWC00000DD1CIYA1,13721.95,Fortra Price Book,AUD
01tWC00000DD1CIYA1,12187.26,Fortra Price Book,CAD
01tWC00000DD1CIYA1,8305.39,Fortra Price Book,EUR
01tWC00000DD1CIYA1,7131.8,Fortra Price Book,GBP
01tWC00000DD1CKYA1,6181.54,Fortra Price Book,AUD
01tWC00000DD1CKYA1,5490.18,Fortra Price Book,CAD
01tWC00000DD1CKYA1,3741.46,Fortra Price Book,EUR
01tWC00000DD1CKYA1,3212.77,Fortra Price Book,GBP
01tWC00000DD1CNYA1,22250.98,Fortra Price Book,AUD
01tWC00000DD1CNYA1,19762.38,Fortra Price Book,CAD
01tWC00000DD1CNYA1,13467.7,Fortra Price Book,EUR
01tWC00000DD1CNYA1,11564.65,Fortra Price Book,GBP
01tWC00000FBbA9YAL,7319.4,Fortra Price Book,USD
01tWC00000FBbAAYA1,7319.4,Fortra Price Book,USD
01tWC00000DD1COYA1,12228.1,Fortra Price Book,AUD
01tWC00000DD1COYA1,10860.48,Fortra Price Book,CAD
01tWC00000DD1COYA1,7401.22,Fortra Price Book,EUR
01tWC00000DD1COYA1,6355.39,Fortra Price Book,GBP
01tWC00000FBbABYA1,8044.8,Fortra Price Book,USD
01tWC00000FBbACYA1,8044.8,Fortra Price Book,USD
01tWC00000DD1DtYAL,41578.08,Fortra Price Book,AUD
01tWC00000DD1DtYAL,36927.9,Fortra Price Book,CAD
01tWC00000DD1DtYAL,25165.68,Fortra Price Book,EUR
01tWC00000DD1DtYAL,21609.66,Fortra Price Book,GBP
01tWC00000FBYjzYAH,27354,Fortra Price Book,USD
01tWC00000FBYk0YAH,27354,Fortra Price Book,USD
01tWC00000DD1DuYAL,2362.08,Fortra Price Book,AUD
01tWC00000DD1DuYAL,2097.9,Fortra Price Book,CAD
01tWC00000DD1DuYAL,1429.68,Fortra Price Book,EUR
01tWC00000DD1DuYAL,1227.66,Fortra Price Book,GBP
01tWC00000FBYk1YAH,1227.66,Fortra Price Book,USD
01tWC00000FBYk2YAH,1554,Fortra Price Book,USD
01tWC00000DD1DvYAL,1181.04,Fortra Price Book,AUD
01tWC00000DD1DvYAL,1048.95,Fortra Price Book,CAD
01tWC00000DD1DvYAL,714.84,Fortra Price Book,EUR
01tWC00000DD1DvYAL,613.83,Fortra Price Book,GBP
01tWC00000FBYjYYAX,777,Fortra Price Book,USD
01tWC00000FBYk3YAH,777,Fortra Price Book,USD
01tWC00000FBYk4YAH,777,Fortra Price Book,USD
01tWC00000DD1E1YAL,25639.97,Fortra Price Book,AUD
01tWC00000DD1E1YAL,22772.34,Fortra Price Book,CAD
01tWC00000DD1E1YAL,15518.93,Fortra Price Book,EUR
01tWC00000DD1E1YAL,13326.04,Fortra Price Book,GBP
01tWC00000DD1E0YAL,41578.08,Fortra Price Book,AUD
01tWC00000DD1E0YAL,36927.9,Fortra Price Book,CAD
01tWC00000DD1E0YAL,25165.68,Fortra Price Book,EUR
01tWC00000DD1E0YAL,21609.66,Fortra Price Book,GBP
01tWC00000FBbA7YAL,27354,Fortra Price Book,USD
01tWC00000DD1E3YAL,2362.08,Fortra Price Book,AUD
01tWC00000DD1E3YAL,2097.9,Fortra Price Book,CAD
01tWC00000DD1E3YAL,1429.68,Fortra Price Book,EUR
01tWC00000DD1E3YAL,1227.66,Fortra Price Book,GBP
01tWC00000DD1E4YAL,1457.38,Fortra Price Book,AUD
01tWC00000DD1E4YAL,1294.38,Fortra Price Book,CAD
01tWC00000DD1E4YAL,882.1,Fortra Price Book,EUR
01tWC00000DD1E4YAL,757.45,Fortra Price Book,GBP
01tWC00000FBbA5YAL,777,Fortra Price Book,USD
01tWC00000DD1E5YAL,9110.88,Fortra Price Book,AUD
01tWC00000DD1E5YAL,8091.9,Fortra Price Book,CAD
01tWC00000DD1E5YAL,5514.48,Fortra Price Book,EUR
01tWC00000DD1E5YAL,4735.26,Fortra Price Book,GBP
01tWC00000FBYjiYAH,5994,Fortra Price Book,USD
01tWC00000FBbADYA1,5994,Fortra Price Book,USD
01tWC00000FBYjkYAH,1208,Fortra Price Book,USD
01tWC00000DD1E8YAL,7868.74,Fortra Price Book,AUD
01tWC00000DD1E8YAL,6988.68,Fortra Price Book,CAD
01tWC00000DD1E8YAL,4762.66,Fortra Price Book,EUR
01tWC00000DD1E8YAL,4089.67,Fortra Price Book,GBP
01tWC00000DD1EAYA1,12758.88,Fortra Price Book,AUD
01tWC00000DD1EAYA1,11331.9,Fortra Price Book,CAD
01tWC00000DD1EAYA1,7722.48,Fortra Price Book,EUR
01tWC00000DD1EAYA1,6631.26,Fortra Price Book,GBP
01tWC00000FBbA8YAL,8394,Fortra Price Book,USD
01tWC00000DD1ECYA1,4558.48,Fortra Price Book,AUD
01tWC00000DD1ECYA1,4048.65,Fortra Price Book,CAD
01tWC00000DD1ECYA1,2759.08,Fortra Price Book,EUR
01tWC00000DD1ECYA1,2369.21,Fortra Price Book,GBP
01tWC00000DD1EDYA1,3648,Fortra Price Book,AUD
01tWC00000DD1EDYA1,3240,Fortra Price Book,CAD
01tWC00000DD1EDYA1,2208,Fortra Price Book,EUR
01tWC00000DD1EDYA1,1896,Fortra Price Book,GBP
01tWC00000FBYjpYAH,2400,Fortra Price Book,USD
01tWC00000DD1EJYA1,8992.32,Fortra Price Book,AUD
01tWC00000DD1EJYA1,7986.6,Fortra Price Book,CAD
01tWC00000DD1EJYA1,5442.72,Fortra Price Book,EUR
01tWC00000DD1EJYA1,4673.64,Fortra Price Book,GBP
01tWC00000DD1EHYA1,14590.18,Fortra Price Book,AUD
01tWC00000DD1EHYA1,12958.38,Fortra Price Book,CAD
01tWC00000DD1EHYA1,8830.9,Fortra Price Book,EUR
01tWC00000DD1EHYA1,7583.05,Fortra Price Book,GBP
01tWC00000FBWfYYAX,6000,Fortra Price Book,USD
01tWC00000DD1fmYAD,3040,Fortra Price Book,AUD
01tWC00000DD1fmYAD,2700,Fortra Price Book,CAD
01tWC00000DD1fmYAD,1840,Fortra Price Book,EUR
01tWC00000DD1fmYAD,1580,Fortra Price Book,GBP
01tWC00000FBWfVYAX,2000,Fortra Price Book,USD
01tWC00000DD13UYAT,1900,Fortra Price Book,AUD
01tWC00000DD13UYAT,1687.5,Fortra Price Book,CAD
01tWC00000DD13UYAT,1150,Fortra Price Book,EUR
01tWC00000DD13UYAT,987.5,Fortra Price Book,GBP
01tWC00000FBWf7YAH,1150,Fortra Price Book,USD
01tWC00000DD17PYAT,3313.6,Fortra Price Book,AUD
01tWC00000DD17PYAT,2943,Fortra Price Book,CAD
01tWC00000DD17PYAT,2005.6,Fortra Price Book,EUR
01tWC00000DD17PYAT,1722.2,Fortra Price Book,GBP
01tWC00000FBWf8YAH,2943,Fortra Price Book,USD
01tWC00000DD17QYAT,1822.18,Fortra Price Book,AUD
01tWC00000DD17QYAT,1618.38,Fortra Price Book,CAD
01tWC00000DD17QYAT,1102.9,Fortra Price Book,EUR
01tWC00000DD17QYAT,947.05,Fortra Price Book,GBP
01tWC00000FBWf9YAH,1102.9,Fortra Price Book,USD
01tWC00000DD17RYAT,760,Fortra Price Book,AUD
01tWC00000DD17RYAT,675,Fortra Price Book,CAD
01tWC00000DD17RYAT,460,Fortra Price Book,EUR
01tWC00000DD17RYAT,395,Fortra Price Book,GBP
01tWC00000FBWfAYAX,500,Fortra Price Book,USD
01tWC00000DD19PYAT,205.2,Fortra Price Book,AUD
01tWC00000DD19PYAT,182.25,Fortra Price Book,CAD
01tWC00000DD19PYAT,124.2,Fortra Price Book,EUR
01tWC00000DD19PYAT,106.65,Fortra Price Book,GBP
01tWC00000FBWfBYAX,135,Fortra Price Book,USD
01tWC00000DD1PbYAL,3040,Fortra Price Book,AUD
01tWC00000DD1PbYAL,2700,Fortra Price Book,CAD
01tWC00000DD1PbYAL,1840,Fortra Price Book,EUR
01tWC00000DD1PbYAL,1580,Fortra Price Book,GBP
01tWC00000FBWfDYAX,2000,Fortra Price Book,USD
01tWC00000DD1zxYAD,494,Fortra Price Book,AUD
01tWC00000DD1zxYAD,438.75,Fortra Price Book,CAD
01tWC00000DD1zxYAD,299,Fortra Price Book,EUR
01tWC00000DD1zxYAD,256.75,Fortra Price Book,GBP
01tWC00000FBWfaYAH,325,Fortra Price Book,USD
01tWC00000DD209YAD,380,Fortra Price Book,AUD
01tWC00000DD209YAD,337.5,Fortra Price Book,CAD
01tWC00000DD209YAD,230,Fortra Price Book,EUR
01tWC00000DD209YAD,197.5,Fortra Price Book,GBP
01tWC00000FBWfjYAH,250,Fortra Price Book,USD
01tWC00000DD20AYAT,684,Fortra Price Book,AUD
01tWC00000DD20AYAT,607.5,Fortra Price Book,CAD
01tWC00000DD20AYAT,414,Fortra Price Book,EUR
01tWC00000DD20AYAT,355.5,Fortra Price Book,GBP
01tWC00000FBWfkYAH,450,Fortra Price Book,USD
01tWC00000DD1zyYAD,1520,Fortra Price Book,AUD
01tWC00000DD1zyYAD,1350,Fortra Price Book,CAD
01tWC00000DD1zyYAD,920,Fortra Price Book,EUR
01tWC00000DD1zyYAD,790,Fortra Price Book,GBP
01tWC00000FBWfbYAH,1000,Fortra Price Book,USD
01tWC00000DD200YAD,1140,Fortra Price Book,AUD
01tWC00000DD200YAD,1012.5,Fortra Price Book,CAD
01tWC00000DD200YAD,690,Fortra Price Book,EUR
01tWC00000DD200YAD,592.5,Fortra Price Book,GBP
01tWC00000FBWfdYAH,1012.5,Fortra Price Book,USD
01tWC00000DD201YAD,684,Fortra Price Book,AUD
01tWC00000DD201YAD,607.5,Fortra Price Book,CAD
01tWC00000DD201YAD,414,Fortra Price Book,EUR
01tWC00000DD201YAD,355.5,Fortra Price Book,GBP
01tWC00000FBWfeYAH,450,Fortra Price Book,USD
01tWC00000DD202YAD,1710,Fortra Price Book,AUD
01tWC00000DD202YAD,1518.75,Fortra Price Book,CAD
01tWC00000DD202YAD,1035,Fortra Price Book,EUR
01tWC00000DD202YAD,888.75,Fortra Price Book,GBP
01tWC00000FBWffYAH,1125,Fortra Price Book,USD
01tWC00000DD204YAD,1.5,Fortra Price Book,AUD
01tWC00000DD204YAD,1.34,Fortra Price Book,CAD
01tWC00000DD204YAD,0.91,Fortra Price Book,EUR
01tWC00000DD204YAD,0.78,Fortra Price Book,GBP
01tWC00000FBWfhYAH,0.99,Fortra Price Book,USD
01tWC00000DD203YAD,1710,Fortra Price Book,AUD
01tWC00000DD203YAD,1518.75,Fortra Price Book,CAD
01tWC00000DD203YAD,1035,Fortra Price Book,EUR
01tWC00000DD203YAD,888.75,Fortra Price Book,GBP
01tWC00000FBWfgYAH,1125,Fortra Price Book,USD
01tWC00000DD205YAD,1.5,Fortra Price Book,AUD
01tWC00000DD205YAD,1.34,Fortra Price Book,CAD
01tWC00000DD205YAD,0.91,Fortra Price Book,EUR
01tWC00000DD205YAD,0.78,Fortra Price Book,GBP
01tWC00000FBWfiYAH,0.99,Fortra Price Book,USD
01tWC00000DD10jYAD,34200,Fortra Price Book,AUD
01tWC00000DD10jYAD,30375,Fortra Price Book,CAD
01tWC00000DD10jYAD,20700,Fortra Price Book,EUR
01tWC00000DD10jYAD,17775,Fortra Price Book,GBP
01tWC00000FBWf6YAH,22500,Fortra Price Book,USD
01tWC00000FBWfEYAX,0.16,Fortra Price Book,USD
01tWC00000DD1EMYA1,2469.7,Fortra Price Book,AUD
01tWC00000DD1EMYA1,2193.48,Fortra Price Book,CAD
01tWC00000DD1EMYA1,1494.82,Fortra Price Book,EUR
01tWC00000DD1EMYA1,1283.59,Fortra Price Book,GBP
01tWC00000DD1EOYA1,4003.68,Fortra Price Book,AUD
01tWC00000DD1EOYA1,3555.9,Fortra Price Book,CAD
01tWC00000DD1EOYA1,2423.28,Fortra Price Book,EUR
01tWC00000DD1EOYA1,2080.86,Fortra Price Book,GBP
01tWC00000FBbiiYAD,2634,Fortra Price Book,USD
01tWC00000DD1EQYA1,23940,Fortra Price Book,AUD
01tWC00000DD1EQYA1,21262.5,Fortra Price Book,CAD
01tWC00000DD1EQYA1,14490,Fortra Price Book,EUR
01tWC00000DD1EQYA1,12442.5,Fortra Price Book,GBP
01tWC00000FBbi0YAD,21262.5,Fortra Price Book,USD
01tWC00000DD1EYYA1,4180,Fortra Price Book,AUD
01tWC00000DD1EYYA1,3712.5,Fortra Price Book,CAD
01tWC00000DD1EYYA1,2530,Fortra Price Book,EUR
01tWC00000DD1EYYA1,2172.5,Fortra Price Book,GBP
01tWC00000DD1EWYA1,9120,Fortra Price Book,AUD
01tWC00000DD1EWYA1,8100,Fortra Price Book,CAD
01tWC00000DD1EWYA1,5520,Fortra Price Book,EUR
01tWC00000DD1EWYA1,4740,Fortra Price Book,GBP
01tWC00000FBbi8YAD,2172.5,Fortra Price Book,USD
01tWC00000DD1EZYA1,18238.18,Fortra Price Book,AUD
01tWC00000DD1EZYA1,16198.38,Fortra Price Book,CAD
01tWC00000DD1EZYA1,11038.9,Fortra Price Book,EUR
01tWC00000DD1EZYA1,9479.05,Fortra Price Book,GBP
01tWC00000FBbifYAD,11998.8,Fortra Price Book,USD
01tWC00000FBbigYAD,11998.8,Fortra Price Book,USD
01tWC00000DD1EbYAL,8360,Fortra Price Book,AUD
01tWC00000DD1EbYAL,7425,Fortra Price Book,CAD
01tWC00000DD1EbYAL,5060,Fortra Price Book,EUR
01tWC00000DD1EbYAL,4345,Fortra Price Book,GBP
01tWC00000FBbiBYAT,8360,Fortra Price Book,USD
01tWC00000DD1EdYAL,9880,Fortra Price Book,AUD
01tWC00000DD1EdYAL,8775,Fortra Price Book,CAD
01tWC00000DD1EdYAL,5980,Fortra Price Book,EUR
01tWC00000DD1EdYAL,5135,Fortra Price Book,GBP
01tWC00000FBbiDYAT,6500,Fortra Price Book,USD
01tWC00000FBbiCYAT,1950,Fortra Price Book,USD
01tWC00000FBbijYAD,6500,Fortra Price Book,USD
01tWC00000FCG0LYAX,0.27,Fortra Price Book,USD
01tWC00000FCG0LYAX,0.27,Fortra Price Book,USD
01tWC00000FCG0MYAX,0.16,Fortra Price Book,USD
01tWC00000DD1EmYAL,36480,Fortra Price Book,AUD
01tWC00000DD1EmYAL,32400,Fortra Price Book,CAD
01tWC00000DD1EmYAL,22080,Fortra Price Book,EUR
01tWC00000DD1EmYAL,18960,Fortra Price Book,GBP
01tWC00000FBbiMYAT,24000,Fortra Price Book,USD
01tWC00000DD1EtYAL,1006.85,Fortra Price Book,AUD
01tWC00000DD1EtYAL,894.24,Fortra Price Book,CAD
01tWC00000DD1EtYAL,609.41,Fortra Price Book,EUR
01tWC00000DD1EtYAL,523.3,Fortra Price Book,GBP
01tWC00000DD1EsYAL,1632.48,Fortra Price Book,AUD
01tWC00000DD1EsYAL,1449.9,Fortra Price Book,CAD
01tWC00000DD1EsYAL,988.08,Fortra Price Book,EUR
01tWC00000DD1EsYAL,848.46,Fortra Price Book,GBP
01tWC00000FBbikYAD,1074,Fortra Price Book,USD
01tWC00000DD1EvYAL,4277.28,Fortra Price Book,AUD
01tWC00000DD1EvYAL,3798.9,Fortra Price Book,CAD
01tWC00000DD1EvYAL,2588.88,Fortra Price Book,EUR
01tWC00000DD1EvYAL,2223.06,Fortra Price Book,GBP
01tWC00000DD1ExYAL,2637.5,Fortra Price Book,AUD
01tWC00000DD1ExYAL,2342.52,Fortra Price Book,CAD
01tWC00000DD1ExYAL,1596.38,Fortra Price Book,EUR
01tWC00000DD1ExYAL,1370.81,Fortra Price Book,GBP
01tWC00000DD1EzYAL,7286.88,Fortra Price Book,AUD
01tWC00000DD1EzYAL,6471.9,Fortra Price Book,CAD
01tWC00000DD1EzYAL,4410.48,Fortra Price Book,EUR
01tWC00000DD1EzYAL,3787.26,Fortra Price Book,GBP
01tWC00000FBbiZYAT,4794,Fortra Price Book,USD
01tWC00000FBbiYYAT,958.8,Fortra Price Book,USD
01tWC00000FCG0MYAX,0.18,Fortra Price Book,USD
01tWC00000DD10gYAD,1641.6,Fortra Price Book,AUD
01tWC00000DD10gYAD,1458,Fortra Price Book,CAD
01tWC00000DD10gYAD,993.6,Fortra Price Book,EUR
01tWC00000DD10gYAD,853.2,Fortra Price Book,GBP
01tWC00000FBWf3YAH,1458,Fortra Price Book,USD
01tWC00000DD1QhYAL,1140,Fortra Price Book,AUD
01tWC00000DD1QhYAL,1012.5,Fortra Price Book,CAD
01tWC00000DD1QhYAL,690,Fortra Price Book,EUR
01tWC00000DD1QhYAL,592.5,Fortra Price Book,GBP
01tWC00000FBWfFYAX,750,Fortra Price Book,USD
01tWC00000DD1TmYAL,3040,Fortra Price Book,AUD
01tWC00000DD1TmYAL,2700,Fortra Price Book,CAD
01tWC00000DD1TmYAL,1840,Fortra Price Book,EUR
01tWC00000DD1TmYAL,1580,Fortra Price Book,GBP
01tWC00000FBWfJYAX,2000,Fortra Price Book,USD
01tWC00000DD1U8YAL,1520,Fortra Price Book,AUD
01tWC00000DD1U8YAL,1350,Fortra Price Book,CAD
01tWC00000DD1U8YAL,920,Fortra Price Book,EUR
01tWC00000DD1U8YAL,790,Fortra Price Book,GBP
01tWC00000FBWfKYAX,1520,Fortra Price Book,USD
01tWC00000DD1UDYA1,3040,Fortra Price Book,AUD
01tWC00000DD1UDYA1,2700,Fortra Price Book,CAD
01tWC00000DD1UDYA1,1840,Fortra Price Book,EUR
01tWC00000DD1UDYA1,1580,Fortra Price Book,GBP
01tWC00000FBWfLYAX,2000,Fortra Price Book,USD
01tWC00000DD1UoYAL,3040,Fortra Price Book,AUD
01tWC00000DD1UoYAL,2700,Fortra Price Book,CAD
01tWC00000DD1UoYAL,1840,Fortra Price Book,EUR
01tWC00000DD1UoYAL,1580,Fortra Price Book,GBP
01tWC00000FBWfMYAX,2000,Fortra Price Book,USD
01tWC00000DD1cjYAD,3040,Fortra Price Book,AUD
01tWC00000DD1cjYAD,2700,Fortra Price Book,CAD
01tWC00000DD1cjYAD,1840,Fortra Price Book,EUR
01tWC00000DD1cjYAD,1580,Fortra Price Book,GBP
01tWC00000FBWfOYAX,2000,Fortra Price Book,USD
01tWC00000DD1ctYAD,3648,Fortra Price Book,AUD
01tWC00000DD1ctYAD,3240,Fortra Price Book,CAD
01tWC00000DD1ctYAD,2208,Fortra Price Book,EUR
01tWC00000DD1ctYAD,1896,Fortra Price Book,GBP
01tWC00000FBWfPYAX,2400,Fortra Price Book,USD
01tWC00000DD1yXYAT,760,Fortra Price Book,AUD
01tWC00000DD1yXYAT,675,Fortra Price Book,CAD
01tWC00000DD1yXYAT,460,Fortra Price Book,EUR
01tWC00000DD1yXYAT,395,Fortra Price Book,GBP
01tWC00000FBWfZYAX,500,Fortra Price Book,USD
01tWC00000DD1fZYAT,4864,Fortra Price Book,AUD
01tWC00000DD1fZYAT,4320,Fortra Price Book,CAD
01tWC00000DD1fZYAT,2944,Fortra Price Book,EUR
01tWC00000DD1fZYAT,2528,Fortra Price Book,GBP
01tWC00000DD1fjYAD,3648,Fortra Price Book,AUD
01tWC00000DD1fjYAD,3240,Fortra Price Book,CAD
01tWC00000DD1fjYAD,2208,Fortra Price Book,EUR
01tWC00000DD1fjYAD,1896,Fortra Price Book,GBP
01tWC00000FBWfSYAX,2400,Fortra Price Book,USD
01tWC00000DD1fkYAD,4560,Fortra Price Book,AUD
01tWC00000DD1fkYAD,4050,Fortra Price Book,CAD
01tWC00000DD1fkYAD,2760,Fortra Price Book,EUR
01tWC00000DD1fkYAD,2370,Fortra Price Book,GBP
01tWC00000FBWfTYAX,3000,Fortra Price Book,USD
01tWC00000DD1flYAD,7600,Fortra Price Book,AUD
01tWC00000DD1flYAD,6750,Fortra Price Book,CAD
01tWC00000DD1flYAD,4600,Fortra Price Book,EUR
01tWC00000DD1flYAD,3950,Fortra Price Book,GBP
01tWC00000FBWfUYAX,5000,Fortra Price Book,USD
01tWC00000DD1fnYAD,4560,Fortra Price Book,AUD
01tWC00000DD1fnYAD,4050,Fortra Price Book,CAD
01tWC00000DD1fnYAD,2760,Fortra Price Book,EUR
01tWC00000DD1fnYAD,2370,Fortra Price Book,GBP
01tWC00000FBWfWYAX,3000,Fortra Price Book,USD
01tWC00000DD1foYAD,6080,Fortra Price Book,AUD
01tWC00000DD1foYAD,5400,Fortra Price Book,CAD
01tWC00000DD1foYAD,3680,Fortra Price Book,EUR
01tWC00000DD1foYAD,3160,Fortra Price Book,GBP
01tWC00000FBWfXYAX,6080,Fortra Price Book,USD
01tWC00000DD1fpYAD,9120,Fortra Price Book,AUD
01tWC00000DD1fpYAD,8100,Fortra Price Book,CAD
01tWC00000DD1fpYAD,5520,Fortra Price Book,EUR
01tWC00000DD1fpYAD,4740,Fortra Price Book,GBP
01tWC00000DD1F3YAL,629.28,Fortra Price Book,AUD
01tWC00000DD1F3YAL,558.9,Fortra Price Book,CAD
01tWC00000DD1F3YAL,380.88,Fortra Price Book,EUR
01tWC00000DD1F3YAL,327.06,Fortra Price Book,GBP
01tWC00000FBbidYAD,414,Fortra Price Book,USD
01tWC00000FBbieYAD,414,Fortra Price Book,USD
01tWC00000FBcqvYAD,111.78,Fortra Price Book,USD
01tWC00000DD1F9YAL,1006.85,Fortra Price Book,AUD
01tWC00000DD1F9YAL,894.24,Fortra Price Book,CAD
01tWC00000DD1F9YAL,609.41,Fortra Price Book,EUR
01tWC00000DD1F9YAL,523.3,Fortra Price Book,GBP
01tWC00000DD1F7YAL,1632.48,Fortra Price Book,AUD
01tWC00000DD1F7YAL,1449.9,Fortra Price Book,CAD
01tWC00000DD1F7YAL,988.08,Fortra Price Book,EUR
01tWC00000DD1F7YAL,848.46,Fortra Price Book,GBP
01tWC00000DD1FCYA1,1119.94,Fortra Price Book,AUD
01tWC00000DD1FCYA1,994.68,Fortra Price Book,CAD
01tWC00000DD1FCYA1,677.86,Fortra Price Book,EUR
01tWC00000DD1FCYA1,582.07,Fortra Price Book,GBP
01tWC00000DD1FBYA1,1814.88,Fortra Price Book,AUD
01tWC00000DD1FBYA1,1611.9,Fortra Price Book,CAD
01tWC00000DD1FBYA1,1098.48,Fortra Price Book,EUR
01tWC00000DD1FBYA1,943.26,Fortra Price Book,GBP
01tWC00000FBcriYAD,1194,Fortra Price Book,USD
01tWC00000DD1FEYA1,6984.4,Fortra Price Book,AUD
01tWC00000DD1FEYA1,6203.25,Fortra Price Book,CAD
01tWC00000DD1FEYA1,4227.4,Fortra Price Book,EUR
01tWC00000DD1FEYA1,3630.05,Fortra Price Book,GBP
01tWC00000DD1FGYA1,1681.73,Fortra Price Book,AUD
01tWC00000DD1FGYA1,1493.64,Fortra Price Book,CAD
01tWC00000DD1FGYA1,1017.89,Fortra Price Book,EUR
01tWC00000DD1FGYA1,874.06,Fortra Price Book,GBP
01tWC00000FBcr8YAD,919,Fortra Price Book,USD
01tWC00000DD1FLYA1,4494.34,Fortra Price Book,AUD
01tWC00000DD1FLYA1,3991.68,Fortra Price Book,CAD
01tWC00000DD1FLYA1,2720.26,Fortra Price Book,EUR
01tWC00000DD1FLYA1,2335.87,Fortra Price Book,GBP
01tWC00000DD1FKYA1,7286.88,Fortra Price Book,AUD
01tWC00000DD1FKYA1,6471.9,Fortra Price Book,CAD
01tWC00000DD1FKYA1,4410.48,Fortra Price Book,EUR
01tWC00000DD1FKYA1,3787.26,Fortra Price Book,GBP
01tWC00000FBcrdYAD,2397,Fortra Price Book,USD
01tWC00000DCxlTYAT,1512.4,Fortra Price Book,AUD
01tWC00000DCxlTYAT,1343.25,Fortra Price Book,CAD
01tWC00000DCxlTYAT,915.4,Fortra Price Book,EUR
01tWC00000DCxlTYAT,786.05,Fortra Price Book,GBP
01tWC00000FBT2tYAH,915.4,Fortra Price Book,USD
01tWC00000DCxlUYAT,7600,Fortra Price Book,AUD
01tWC00000DCxlUYAT,6750,Fortra Price Book,CAD
01tWC00000DCxlUYAT,4600,Fortra Price Book,EUR
01tWC00000DCxlUYAT,3950,Fortra Price Book,GBP
01tWC00000FBT2uYAH,4600,Fortra Price Book,USD
01tWC00000DD10fYAD,228,Fortra Price Book,AUD
01tWC00000DD10fYAD,202.5,Fortra Price Book,CAD
01tWC00000DD10fYAD,138,Fortra Price Book,EUR
01tWC00000DD10fYAD,118.5,Fortra Price Book,GBP
01tWC00000FBT2yYAH,138,Fortra Price Book,USD
01tWC00000DCxmDYAT,3040,Fortra Price Book,AUD
01tWC00000DCxmDYAT,2700,Fortra Price Book,CAD
01tWC00000DCxmDYAT,1840,Fortra Price Book,EUR
01tWC00000DCxmDYAT,1580,Fortra Price Book,GBP
01tWC00000FBT2vYAH,3040,Fortra Price Book,USD
01tWC00000DCyyOYAT,1900,Fortra Price Book,AUD
01tWC00000DCyyOYAT,1687.5,Fortra Price Book,CAD
01tWC00000DCyyOYAT,1150,Fortra Price Book,EUR
01tWC00000DCyyOYAT,987.5,Fortra Price Book,GBP
01tWC00000FBT2wYAH,987.5,Fortra Price Book,USD
01tWC00000DD1FQYA1,3745.28,Fortra Price Book,AUD
01tWC00000DD1FQYA1,3326.4,Fortra Price Book,CAD
01tWC00000DD1FQYA1,2266.88,Fortra Price Book,EUR
01tWC00000DD1FQYA1,1946.56,Fortra Price Book,GBP
01tWC00000DD1FPYA1,6072.4,Fortra Price Book,AUD
01tWC00000DD1FPYA1,5393.25,Fortra Price Book,CAD
01tWC00000DD1FPYA1,3675.4,Fortra Price Book,EUR
01tWC00000DD1FPYA1,3156.05,Fortra Price Book,GBP
01tWC00000FBcrfYAD,3995,Fortra Price Book,USD
01tWC00000DD1FXYA1,1006.85,Fortra Price Book,AUD
01tWC00000DD1FXYA1,894.24,Fortra Price Book,CAD
01tWC00000DD1FXYA1,609.41,Fortra Price Book,EUR
01tWC00000DD1FXYA1,523.3,Fortra Price Book,GBP
01tWC00000DD1FVYA1,1632.48,Fortra Price Book,AUD
01tWC00000DD1FVYA1,1449.9,Fortra Price Book,CAD
01tWC00000DD1FVYA1,988.08,Fortra Price Book,EUR
01tWC00000DD1FVYA1,848.46,Fortra Price Book,GBP
01tWC00000DD1FYYA1,12152.4,Fortra Price Book,AUD
01tWC00000DD1FYYA1,10793.25,Fortra Price Book,CAD
01tWC00000DD1FYYA1,7355.4,Fortra Price Book,EUR
01tWC00000DD1FYYA1,6316.05,Fortra Price Book,GBP
01tWC00000FBcrPYAT,7995,Fortra Price Book,USD
01tWC00000FBcreYAD,7995,Fortra Price Book,USD
01tWC00000DD1FaYAL,3032.4,Fortra Price Book,AUD
01tWC00000DD1FaYAL,2693.25,Fortra Price Book,CAD
01tWC00000DD1FaYAL,1835.4,Fortra Price Book,EUR
01tWC00000DD1FaYAL,1576.05,Fortra Price Book,GBP
01tWC00000FBcrRYAT,1995,Fortra Price Book,USD
01tWC00000DD1FeYAL,4003.68,Fortra Price Book,AUD
01tWC00000DD1FeYAL,3555.9,Fortra Price Book,CAD
01tWC00000DD1FeYAL,2423.28,Fortra Price Book,EUR
01tWC00000DD1FeYAL,2080.86,Fortra Price Book,GBP
01tWC00000DD1FgYAL,2469.7,Fortra Price Book,AUD
01tWC00000DD1FgYAL,2193.48,Fortra Price Book,CAD
01tWC00000DD1FgYAL,1494.82,Fortra Price Book,EUR
01tWC00000DD1FgYAL,1283.59,Fortra Price Book,GBP
01tWC00000DD1FhYAL,23940,Fortra Price Book,AUD
01tWC00000DD1FhYAL,21262.5,Fortra Price Book,CAD
01tWC00000DD1FhYAL,14490,Fortra Price Book,EUR
01tWC00000DD1FhYAL,12442.5,Fortra Price Book,GBP
01tWC00000FBcrYYAT,15750,Fortra Price Book,USD
01tWC00000DD1FkYAL,3360.72,Fortra Price Book,AUD
01tWC00000DD1FkYAL,2984.85,Fortra Price Book,CAD
01tWC00000DD1FkYAL,2034.12,Fortra Price Book,EUR
01tWC00000DD1FkYAL,1746.69,Fortra Price Book,GBP
01tWC00000DD1FlYAL,2726.88,Fortra Price Book,AUD
01tWC00000DD1FlYAL,2421.9,Fortra Price Book,CAD
01tWC00000DD1FlYAL,1650.48,Fortra Price Book,EUR
01tWC00000DD1FlYAL,1417.26,Fortra Price Book,GBP
01tWC00000FBcrgYAD,1794,Fortra Price Book,USD
01tWC00000FBcrhYAD,1794,Fortra Price Book,USD
01tWC00000FBcrbYAD,2211,Fortra Price Book,USD
01tWC00000DD1FoYAL,8352.4,Fortra Price Book,AUD
01tWC00000DD1FoYAL,7418.25,Fortra Price Book,CAD
01tWC00000DD1FoYAL,5055.4,Fortra Price Book,EUR
01tWC00000DD1FoYAL,4341.05,Fortra Price Book,GBP
01tWC00000FBd0cYAD,1670.48,Fortra Price Book,USD
01tWC00000DD1FrYAL,3800,Fortra Price Book,AUD
01tWC00000DD1FrYAL,3375,Fortra Price Book,CAD
01tWC00000DD1FrYAL,2300,Fortra Price Book,EUR
01tWC00000DD1FrYAL,1975,Fortra Price Book,GBP
01tWC00000FBd0fYAD,2500,Fortra Price Book,USD
01tWC00000FBd1FYAT,2500,Fortra Price Book,USD
01tWC00000FBd1GYAT,1975,Fortra Price Book,USD
01tWC00000DD1FuYAL,4548.6,Fortra Price Book,AUD
01tWC00000DD1FuYAL,4039.88,Fortra Price Book,CAD
01tWC00000DD1FuYAL,2753.1,Fortra Price Book,EUR
01tWC00000DD1FuYAL,2364.08,Fortra Price Book,GBP
01tWC00000FBd0iYAD,2992.5,Fortra Price Book,USD
01tWC00000FBd0hYAD,598.5,Fortra Price Book,USD
01tWC00000DD1G0YAL,1632.48,Fortra Price Book,AUD
01tWC00000DD1G0YAL,1449.9,Fortra Price Book,CAD
01tWC00000DD1G0YAL,988.08,Fortra Price Book,EUR
01tWC00000DD1G0YAL,848.46,Fortra Price Book,GBP
01tWC00000DD1G1YAL,1006.85,Fortra Price Book,AUD
01tWC00000DD1G1YAL,894.24,Fortra Price Book,CAD
01tWC00000DD1G1YAL,609.41,Fortra Price Book,EUR
01tWC00000DD1G1YAL,523.3,Fortra Price Book,GBP
01tWC00000FBd1MYAT,1074,Fortra Price Book,USD
01tWC00000DD1G2YAL,5342.8,Fortra Price Book,AUD
01tWC00000DD1G2YAL,4745.25,Fortra Price Book,CAD
01tWC00000DD1G2YAL,3233.8,Fortra Price Book,EUR
01tWC00000DD1G2YAL,2776.85,Fortra Price Book,GBP
01tWC00000FBd0qYAD,3515,Fortra Price Book,USD
01tWC00000DD1G6YAL,506.16,Fortra Price Book,AUD
01tWC00000DD1G6YAL,449.55,Fortra Price Book,CAD
01tWC00000DD1G6YAL,306.36,Fortra Price Book,EUR
01tWC00000DD1G6YAL,263.07,Fortra Price Book,GBP
01tWC00000FBd0uYAD,333,Fortra Price Book,USD
01tWC00000FBd1KYAT,333,Fortra Price Book,USD
01tWC00000FBd1LYAT,333,Fortra Price Book,USD
01tWC00000FBd0vYAD,501.6,Fortra Price Book,USD
01tWC00000DD1GCYA1,3745.28,Fortra Price Book,AUD
01tWC00000DD1GCYA1,3326.4,Fortra Price Book,CAD
01tWC00000DD1GCYA1,2266.88,Fortra Price Book,EUR
01tWC00000DD1GCYA1,1946.56,Fortra Price Book,GBP
01tWC00000DD1GBYA1,6072.4,Fortra Price Book,AUD
01tWC00000DD1GBYA1,5393.25,Fortra Price Book,CAD
01tWC00000DD1GBYA1,3675.4,Fortra Price Book,EUR
01tWC00000DD1GBYA1,3156.05,Fortra Price Book,GBP
01tWC00000FBd1HYAT,3995,Fortra Price Book,USD
01tWC00000DD1GDYA1,3138.8,Fortra Price Book,AUD
01tWC00000DD1GDYA1,2787.75,Fortra Price Book,CAD
01tWC00000DD1GDYA1,1899.8,Fortra Price Book,EUR
01tWC00000DD1GDYA1,1631.35,Fortra Price Book,GBP
01tWC00000FBd11YAD,2065,Fortra Price Book,USD
01tWC00000DD1GEYA1,5342.8,Fortra Price Book,AUD
01tWC00000DD1GEYA1,4745.25,Fortra Price Book,CAD
01tWC00000DD1GEYA1,3233.8,Fortra Price Book,EUR
01tWC00000DD1GEYA1,2776.85,Fortra Price Book,GBP
01tWC00000FBd12YAD,3515,Fortra Price Book,USD
01tWC00000DD1GGYA1,8352.4,Fortra Price Book,AUD
01tWC00000DD1GGYA1,7418.25,Fortra Price Book,CAD
01tWC00000DD1GGYA1,5055.4,Fortra Price Book,EUR
01tWC00000DD1GGYA1,4341.05,Fortra Price Book,GBP
01tWC00000DD1GIYA1,6181.54,Fortra Price Book,AUD
01tWC00000DD1GIYA1,5490.18,Fortra Price Book,CAD
01tWC00000DD1GIYA1,3741.46,Fortra Price Book,EUR
01tWC00000DD1GIYA1,3212.77,Fortra Price Book,GBP
01tWC00000DD153YAD,760,Fortra Price Book,AUD
01tWC00000DD153YAD,675,Fortra Price Book,CAD
01tWC00000DD153YAD,460,Fortra Price Book,EUR
01tWC00000DD153YAD,395,Fortra Price Book,GBP
01tWC00000FCPTFYA5,500,Fortra Price Book,USD
01tWC00000DD2SlYAL,31160,Fortra Price Book,AUD
01tWC00000DD2SlYAL,27675,Fortra Price Book,CAD
01tWC00000DD2SlYAL,18860,Fortra Price Book,EUR
01tWC00000DD2SlYAL,16195,Fortra Price Book,GBP
01tWC00000DD1GKYA1,2275.44,Fortra Price Book,AUD
01tWC00000DD1GKYA1,2020.95,Fortra Price Book,CAD
01tWC00000DD1GKYA1,1377.24,Fortra Price Book,EUR
01tWC00000DD1GKYA1,1182.63,Fortra Price Book,GBP
01tWC00000DD1HMYA1,4213.44,Fortra Price Book,AUD
01tWC00000DD1HMYA1,3742.2,Fortra Price Book,CAD
01tWC00000DD1HMYA1,2550.24,Fortra Price Book,EUR
01tWC00000DD1HMYA1,2189.88,Fortra Price Book,GBP
01tWC00000DD1HNYA1,2318,Fortra Price Book,AUD
01tWC00000DD1HNYA1,2058.75,Fortra Price Book,CAD
01tWC00000DD1HNYA1,1403,Fortra Price Book,EUR
01tWC00000DD1HNYA1,1204.75,Fortra Price Book,GBP
01tWC00000DD17cYAD,8968,Fortra Price Book,AUD
01tWC00000DD17cYAD,7965,Fortra Price Book,CAD
01tWC00000DD17cYAD,5428,Fortra Price Book,EUR
01tWC00000DD17cYAD,4661,Fortra Price Book,GBP
01tWC00000FBLatYAH,20500,Fortra Price Book,USD
01tWC00000FBLaUYAX,18860,Fortra Price Book,USD
01tWC00000FBLaVYAX,18860,Fortra Price Book,USD
01tWC00000DD18qYAD,91200,Fortra Price Book,AUD
01tWC00000DD18qYAD,81000,Fortra Price Book,CAD
01tWC00000DD18qYAD,55200,Fortra Price Book,EUR
01tWC00000DD18qYAD,47400,Fortra Price Book,GBP
01tWC00000DD10oYAD,560.88,Fortra Price Book,AUD
01tWC00000DD10oYAD,498.15,Fortra Price Book,CAD
01tWC00000DD10oYAD,339.48,Fortra Price Book,EUR
01tWC00000DD10oYAD,291.51,Fortra Price Book,GBP
01tWC00000FBLaWYAX,560.88,Fortra Price Book,USD
01tWC00000DD17hYAD,1292,Fortra Price Book,AUD
01tWC00000DD17hYAD,1147.5,Fortra Price Book,CAD
01tWC00000DD17hYAD,782,Fortra Price Book,EUR
01tWC00000DD17hYAD,671.5,Fortra Price Book,GBP
01tWC00000FBLadYAH,1292,Fortra Price Book,USD
01tWC00000DD17gYAD,912,Fortra Price Book,AUD
01tWC00000DD17gYAD,810,Fortra Price Book,CAD
01tWC00000DD17gYAD,552,Fortra Price Book,EUR
01tWC00000DD17gYAD,474,Fortra Price Book,GBP
01tWC00000FBLacYAH,600,Fortra Price Book,USD
01tWC00000DD17iYAD,532,Fortra Price Book,AUD
01tWC00000DD17iYAD,472.5,Fortra Price Book,CAD
01tWC00000DD17iYAD,322,Fortra Price Book,EUR
01tWC00000DD17iYAD,276.5,Fortra Price Book,GBP
01tWC00000FBLaeYAH,350,Fortra Price Book,USD
01tWC00000DD10pYAD,359.1,Fortra Price Book,AUD
01tWC00000DD10pYAD,318.94,Fortra Price Book,CAD
01tWC00000DD10pYAD,217.35,Fortra Price Book,EUR
01tWC00000DD10pYAD,186.64,Fortra Price Book,GBP
01tWC00000FBLaXYAX,186.64,Fortra Price Book,USD
01tWC00000DD19IYAT,1596,Fortra Price Book,AUD
01tWC00000DD19IYAT,1417.5,Fortra Price Book,CAD
01tWC00000DD19IYAT,966,Fortra Price Book,EUR
01tWC00000DD19IYAT,829.5,Fortra Price Book,GBP
01tWC00000DD13bYAD,11400,Fortra Price Book,AUD
01tWC00000DD13bYAD,10125,Fortra Price Book,CAD
01tWC00000DD13bYAD,6900,Fortra Price Book,EUR
01tWC00000DD13bYAD,5925,Fortra Price Book,GBP
01tWC00000DD1LjYAL,760,Fortra Price Book,AUD
01tWC00000DD1LjYAL,675,Fortra Price Book,CAD
01tWC00000DD1LjYAL,460,Fortra Price Book,EUR
01tWC00000DD1LjYAL,395,Fortra Price Book,GBP
01tWC00000FCUf1YAH,500,Fortra Price Book,USD
01tWC00000DD1PpYAL,380,Fortra Price Book,AUD
01tWC00000DD1PpYAL,337.5,Fortra Price Book,CAD
01tWC00000DD1PpYAL,230,Fortra Price Book,EUR
01tWC00000DD1PpYAL,197.5,Fortra Price Book,GBP
01tWC00000FCUf2YAH,250,Fortra Price Book,USD
01tWC00000DCwWEYA1,741.76,Fortra Price Book,AUD
01tWC00000DCwWEYA1,658.8,Fortra Price Book,CAD
01tWC00000DCwWEYA1,448.96,Fortra Price Book,EUR
01tWC00000DCwWEYA1,385.52,Fortra Price Book,GBP
01tWC00000DD1N3YAL,15424.96,Fortra Price Book,AUD
01tWC00000DD1N3YAL,13699.8,Fortra Price Book,CAD
01tWC00000DD1N3YAL,9336.16,Fortra Price Book,EUR
01tWC00000DD1N3YAL,8016.92,Fortra Price Book,GBP
01tWC00000DD1MzYAL,32251.36,Fortra Price Book,AUD
01tWC00000DD1MzYAL,28644.3,Fortra Price Book,CAD
01tWC00000DD1MzYAL,19520.56,Fortra Price Book,EUR
01tWC00000DD1MzYAL,16762.22,Fortra Price Book,GBP
01tWC00000FBeE4YAL,10148,Fortra Price Book,USD
01tWC00000FBeE0YAL,21218,Fortra Price Book,USD
01tWC00000FBeEIYA1,21218,Fortra Price Book,USD
01tWC00000FBeEJYA1,21218,Fortra Price Book,USD
01tWC00000FBd1NYAT,2772,Fortra Price Book,USD
01tWC00000FBdDVYA1,0.27,Fortra Price Book,USD
01tWC00000FBdDWYA1,0.3,Fortra Price Book,USD
01tWC00000DD1ImYAL,4389.76,Fortra Price Book,AUD
01tWC00000DD1ImYAL,3898.8,Fortra Price Book,CAD
01tWC00000DD1ImYAL,2656.96,Fortra Price Book,EUR
01tWC00000DD1ImYAL,2281.52,Fortra Price Book,GBP
01tWC00000DD1IkYAL,7.6,Fortra Price Book,AUD
01tWC00000DD1IkYAL,6.75,Fortra Price Book,CAD
01tWC00000DD1IkYAL,4.6,Fortra Price Book,EUR
01tWC00000DD1IkYAL,3.95,Fortra Price Book,GBP
01tWC00000DD1IrYAL,2280,Fortra Price Book,AUD
01tWC00000DCwWCYA1,4873.12,Fortra Price Book,AUD
01tWC00000DCwWCYA1,4328.1,Fortra Price Book,CAD
01tWC00000DCwWCYA1,2949.52,Fortra Price Book,EUR
01tWC00000DCwWCYA1,2532.74,Fortra Price Book,GBP
01tWC00000DCwWIYA1,393.68,Fortra Price Book,AUD
01tWC00000DCwWIYA1,349.65,Fortra Price Book,CAD
01tWC00000DCwWIYA1,238.28,Fortra Price Book,EUR
01tWC00000DCwWIYA1,204.61,Fortra Price Book,GBP
01tWC00000FCUecYAH,259,Fortra Price Book,USD
01tWC00000FCUeWYAX,3206,Fortra Price Book,USD
01tWC00000DCwWKYA1,1649.2,Fortra Price Book,AUD
01tWC00000DCwWKYA1,1464.75,Fortra Price Book,CAD
01tWC00000DCwWKYA1,998.2,Fortra Price Book,EUR
01tWC00000DCwWKYA1,857.15,Fortra Price Book,GBP
01tWC00000DCwWMYA1,2349.92,Fortra Price Book,AUD
01tWC00000DD1IrYAL,2025,Fortra Price Book,CAD
01tWC00000DD1IrYAL,1380,Fortra Price Book,EUR
01tWC00000DD1IrYAL,1185,Fortra Price Book,GBP
01tWC00000FBdDfYAL,1500,Fortra Price Book,USD
01tWC00000DD1IvYAL,7980,Fortra Price Book,AUD
01tWC00000DD1IvYAL,7087.5,Fortra Price Book,CAD
01tWC00000DD1IvYAL,4830,Fortra Price Book,EUR
01tWC00000DD1IvYAL,4147.5,Fortra Price Book,GBP
01tWC00000DD1IxYAL,4389.76,Fortra Price Book,AUD
01tWC00000DD1IxYAL,3898.8,Fortra Price Book,CAD
01tWC00000DD1IxYAL,2656.96,Fortra Price Book,EUR
01tWC00000DD1IxYAL,2281.52,Fortra Price Book,GBP
01tWC00000DD1J3YAL,7980,Fortra Price Book,AUD
01tWC00000DD1J3YAL,7087.5,Fortra Price Book,CAD
01tWC00000DD1J3YAL,4830,Fortra Price Book,EUR
01tWC00000DD1J3YAL,4147.5,Fortra Price Book,GBP
01tWC00000DD1J5YAL,4389.76,Fortra Price Book,AUD
01tWC00000DD1J5YAL,3898.8,Fortra Price Book,CAD
01tWC00000DD1J5YAL,2656.96,Fortra Price Book,EUR
01tWC00000DD1J5YAL,2281.52,Fortra Price Book,GBP
01tWC00000FBdDtYAL,4389.76,Fortra Price Book,USD
01tWC00000DCwWMYA1,2087.1,Fortra Price Book,CAD
01tWC00000DCwWMYA1,1422.32,Fortra Price Book,EUR
01tWC00000DCwWMYA1,1221.34,Fortra Price Book,GBP
01tWC00000FCUegYAH,1546,Fortra Price Book,USD
01tWC00000DCwWNYA1,456,Fortra Price Book,AUD
01tWC00000DCwWNYA1,405,Fortra Price Book,CAD
01tWC00000DCwWNYA1,276,Fortra Price Book,EUR
01tWC00000DCwWNYA1,237,Fortra Price Book,GBP
01tWC00000FBLajYAH,0.2,Fortra Price Book,USD
01tWC00000FBLakYAH,0.2,Fortra Price Book,USD
01tWC00000DD1TdYAL,0.18,Fortra Price Book,EUR
01tWC00000DD1TeYAL,0.18,Fortra Price Book,EUR
01tWC00000DD1TeYAL,0.16,Fortra Price Book,GBP
01tWC00000DD1TvYAL,14440,Fortra Price Book,AUD
01tWC00000DD1TvYAL,12825,Fortra Price Book,CAD
01tWC00000DD1TvYAL,8740,Fortra Price Book,EUR
01tWC00000DD1TvYAL,7505,Fortra Price Book,GBP
01tWC00000DD1XeYAL,449.92,Fortra Price Book,AUD
01tWC00000DD1XeYAL,399.6,Fortra Price Book,CAD
01tWC00000DD1XeYAL,272.32,Fortra Price Book,EUR
01tWC00000DD1XeYAL,233.84,Fortra Price Book,GBP
01tWC00000DD1XcYAL,901.36,Fortra Price Book,AUD
01tWC00000DD1XcYAL,800.55,Fortra Price Book,CAD
01tWC00000DD1XcYAL,545.56,Fortra Price Book,EUR
01tWC00000DD1XcYAL,468.47,Fortra Price Book,GBP
01tWC00000DD1XmYAL,1001.68,Fortra Price Book,AUD
01tWC00000DD1XmYAL,889.65,Fortra Price Book,CAD
01tWC00000DD1XmYAL,606.28,Fortra Price Book,EUR
01tWC00000DD1XmYAL,520.61,Fortra Price Book,GBP
01tWC00000DD1XoYAL,500.08,Fortra Price Book,AUD
01tWC00000DD1XoYAL,444.15,Fortra Price Book,CAD
01tWC00000DD1XoYAL,302.68,Fortra Price Book,EUR
01tWC00000DD1XoYAL,259.91,Fortra Price Book,GBP
01tWC00000FCKKTYA5,329,Fortra Price Book,USD
01tWC00000DD1XvYAL,1380.16,Fortra Price Book,AUD
01tWC00000DD1XvYAL,1225.8,Fortra Price Book,CAD
01tWC00000DD1XvYAL,835.36,Fortra Price Book,EUR
01tWC00000DD1XvYAL,717.32,Fortra Price Book,GBP
01tWC00000DD1XtYAL,2758.8,Fortra Price Book,AUD
01tWC00000DD1XtYAL,2450.25,Fortra Price Book,CAD
01tWC00000DD1XtYAL,1669.8,Fortra Price Book,EUR
01tWC00000DD1XtYAL,1433.85,Fortra Price Book,GBP
01tWC00000FCKKaYAP,908,Fortra Price Book,USD
01tWC00000FCKKYYA5,1815,Fortra Price Book,USD
01tWC00000DD1e2YAD,359.1,Fortra Price Book,AUD
01tWC00000DD1e2YAD,318.94,Fortra Price Book,CAD
01tWC00000DD1e2YAD,217.35,Fortra Price Book,EUR
01tWC00000DD1e2YAD,186.64,Fortra Price Book,GBP
01tWC00000FBLasYAH,236.25,Fortra Price Book,USD
01tWC00000DD1JFYA1,1369.07,Fortra Price Book,GBP
01tWC00000DD1JDYA1,4788,Fortra Price Book,AUD
01tWC00000DD1JDYA1,4252.5,Fortra Price Book,CAD
01tWC00000DD1JDYA1,2898,Fortra Price Book,EUR
01tWC00000DD1JDYA1,2488.5,Fortra Price Book,GBP
01tWC00000FBdE1YAL,3150,Fortra Price Book,USD
01tWC00000FBdE3YAL,1369.07,Fortra Price Book,USD
01tWC00000DD1JIYA1,7980,Fortra Price Book,AUD
01tWC00000DD1JIYA1,7087.5,Fortra Price Book,CAD
01tWC00000DD1JIYA1,4830,Fortra Price Book,EUR
01tWC00000DD1JIYA1,4147.5,Fortra Price Book,GBP
01tWC00000DD1JKYA1,4389.76,Fortra Price Book,AUD
01tWC00000DD1JKYA1,3898.8,Fortra Price Book,CAD
01tWC00000DD1JKYA1,2656.96,Fortra Price Book,EUR
01tWC00000DD1JKYA1,2281.52,Fortra Price Book,GBP
01tWC00000FBdE6YAL,5250,Fortra Price Book,USD
01tWC00000FBdE8YAL,2888,Fortra Price Book,USD
01tWC00000DD1JMYA1,7980,Fortra Price Book,AUD
01tWC00000DD1JMYA1,7087.5,Fortra Price Book,CAD
01tWC00000DD1JMYA1,4830,Fortra Price Book,EUR
01tWC00000DD1JMYA1,4147.5,Fortra Price Book,GBP
01tWC00000DD1JOYA1,4389.76,Fortra Price Book,AUD
01tWC00000DD1JOYA1,3898.8,Fortra Price Book,CAD
01tWC00000DD1JOYA1,2656.96,Fortra Price Book,EUR
01tWC00000DD1JOYA1,2281.52,Fortra Price Book,GBP
01tWC00000FBdEAYA1,4147.5,Fortra Price Book,USD
01tWC00000FBdECYA1,2888,Fortra Price Book,USD
01tWC00000DD1JPYA1,380,Fortra Price Book,AUD
01tWC00000DD1JPYA1,337.5,Fortra Price Book,CAD
01tWC00000DD1JPYA1,230,Fortra Price Book,EUR
01tWC00000DD1JPYA1,197.5,Fortra Price Book,GBP
01tWC00000FBdEDYA1,250,Fortra Price Book,USD
01tWC00000DD1JRYA1,4788,Fortra Price Book,AUD
01tWC00000DD1JRYA1,4252.5,Fortra Price Book,CAD
01tWC00000DD1JRYA1,2898,Fortra Price Book,EUR
01tWC00000DD1JRYA1,2488.5,Fortra Price Book,GBP
01tWC00000DD1JTYA1,2634.16,Fortra Price Book,AUD
01tWC00000DD1JTYA1,2339.55,Fortra Price Book,CAD
01tWC00000DD1JTYA1,1594.36,Fortra Price Book,EUR
01tWC00000DD1JTYA1,1369.07,Fortra Price Book,GBP
01tWC00000FBdEHYA1,1733,Fortra Price Book,USD
01tWC00000FBdEFYA1,3150,Fortra Price Book,USD
01tWC00000DD11xYAD,18240,Fortra Price Book,AUD
01tWC00000DD11xYAD,16200,Fortra Price Book,CAD
01tWC00000DD11xYAD,11040,Fortra Price Book,EUR
01tWC00000DD11xYAD,9480,Fortra Price Book,GBP
01tWC00000DD11yYAD,15200,Fortra Price Book,AUD
01tWC00000DD11yYAD,13500,Fortra Price Book,CAD
01tWC00000DD11yYAD,9200,Fortra Price Book,EUR
01tWC00000DD11yYAD,7900,Fortra Price Book,GBP
01tWC00000FCQQIYA5,10000,Fortra Price Book,USD
01tWC00000DD11zYAD,15200,Fortra Price Book,AUD
01tWC00000DD1JXYA1,9196,Fortra Price Book,AUD
01tWC00000DD1JXYA1,8167.5,Fortra Price Book,CAD
01tWC00000DD1JXYA1,5566,Fortra Price Book,EUR
01tWC00000DD1JXYA1,4779.5,Fortra Price Book,GBP
01tWC00000DD1JVYA1,16720,Fortra Price Book,AUD
01tWC00000DD1JVYA1,14850,Fortra Price Book,CAD
01tWC00000DD1JVYA1,10120,Fortra Price Book,EUR
01tWC00000DD1JVYA1,8690,Fortra Price Book,GBP
01tWC00000FBdEIYA1,11000,Fortra Price Book,USD
01tWC00000FBdqGYAT,6050,Fortra Price Book,USD
01tWC00000FBdqEYAT,11000,Fortra Price Book,USD
01tWC00000DD1JZYA1,15200,Fortra Price Book,AUD
01tWC00000DD1JZYA1,13500,Fortra Price Book,CAD
01tWC00000DD1JZYA1,9200,Fortra Price Book,EUR
01tWC00000DD1JZYA1,7900,Fortra Price Book,GBP
01tWC00000DD1JbYAL,8360,Fortra Price Book,AUD
01tWC00000DD1JbYAL,7425,Fortra Price Book,CAD
01tWC00000DD1JbYAL,5060,Fortra Price Book,EUR
01tWC00000DD1JbYAL,4345,Fortra Price Book,GBP
01tWC00000DD1JcYAL,3040,Fortra Price Book,AUD
01tWC00000DD1JcYAL,2700,Fortra Price Book,CAD
01tWC00000DD1JcYAL,1840,Fortra Price Book,EUR
01tWC00000DD1JcYAL,1580,Fortra Price Book,GBP
01tWC00000DD1IhYAL,0.27,Fortra Price Book,CAD
01tWC00000DD1IhYAL,0.18,Fortra Price Book,EUR
01tWC00000DD1IiYAL,0.27,Fortra Price Book,CAD
01tWC00000DD1IiYAL,0.18,Fortra Price Book,EUR
01tWC00000DD1IiYAL,0.16,Fortra Price Book,GBP
01tWC00000DD1JlYAL,4213.44,Fortra Price Book,AUD
01tWC00000DD1JlYAL,3742.2,Fortra Price Book,CAD
01tWC00000DD11zYAD,13500,Fortra Price Book,CAD
01tWC00000DD11zYAD,9200,Fortra Price Book,EUR
01tWC00000DD11zYAD,7900,Fortra Price Book,GBP
01tWC00000DD120YAD,6840,Fortra Price Book,AUD
01tWC00000DD120YAD,6075,Fortra Price Book,CAD
01tWC00000DD120YAD,4140,Fortra Price Book,EUR
01tWC00000DD120YAD,3555,Fortra Price Book,GBP
01tWC00000DD13oYAD,1520,Fortra Price Book,AUD
01tWC00000DD13oYAD,1350,Fortra Price Book,CAD
01tWC00000DD13oYAD,920,Fortra Price Book,EUR
01tWC00000DD13oYAD,790,Fortra Price Book,GBP
01tWC00000FCQQOYA5,1000,Fortra Price Book,USD
01tWC00000DD13sYAD,5472,Fortra Price Book,AUD
01tWC00000DD13sYAD,4860,Fortra Price Book,CAD
01tWC00000DD13sYAD,3312,Fortra Price Book,EUR
01tWC00000DD13sYAD,2844,Fortra Price Book,GBP
01tWC00000DD13qYAD,9120,Fortra Price Book,AUD
01tWC00000DD13qYAD,8100,Fortra Price Book,CAD
01tWC00000DD13qYAD,5520,Fortra Price Book,EUR
01tWC00000DD13qYAD,4740,Fortra Price Book,GBP
01tWC00000DD13tYAD,4560,Fortra Price Book,AUD
01tWC00000DD13tYAD,4050,Fortra Price Book,CAD
01tWC00000DD13tYAD,2760,Fortra Price Book,EUR
01tWC00000DD13tYAD,2370,Fortra Price Book,GBP
01tWC00000DD13uYAD,760,Fortra Price Book,AUD
01tWC00000DD13uYAD,675,Fortra Price Book,CAD
01tWC00000DD13uYAD,460,Fortra Price Book,EUR
01tWC00000DD13uYAD,395,Fortra Price Book,GBP
01tWC00000DD13vYAD,4560,Fortra Price Book,AUD
01tWC00000DD13vYAD,4050,Fortra Price Book,CAD
01tWC00000DD13vYAD,2760,Fortra Price Book,EUR
01tWC00000DD13vYAD,2370,Fortra Price Book,GBP
01tWC00000DD20LYAT,1520,Fortra Price Book,AUD
01tWC00000DD20LYAT,1350,Fortra Price Book,CAD
01tWC00000DD20LYAT,920,Fortra Price Book,EUR
01tWC00000DD20LYAT,790,Fortra Price Book,GBP
01tWC00000FCQQqYAP,1000,Fortra Price Book,USD
01tWC00000DD13zYAD,5852,Fortra Price Book,AUD
01tWC00000DD13zYAD,5197.5,Fortra Price Book,CAD
01tWC00000DD13zYAD,3542,Fortra Price Book,EUR
01tWC00000DD13zYAD,3041.5,Fortra Price Book,GBP
01tWC00000DD13xYAD,10640,Fortra Price Book,AUD
01tWC00000DD13xYAD,9450,Fortra Price Book,CAD
01tWC00000DD13xYAD,6440,Fortra Price Book,EUR
01tWC00000DD13xYAD,5530,Fortra Price Book,GBP
01tWC00000DD141YAD,2272.4,Fortra Price Book,AUD
01tWC00000DD141YAD,2018.25,Fortra Price Book,CAD
01tWC00000DD141YAD,1375.4,Fortra Price Book,EUR
01tWC00000DD141YAD,1181.05,Fortra Price Book,GBP
01tWC00000DD143YAD,1249.44,Fortra Price Book,AUD
01tWC00000DD143YAD,1109.7,Fortra Price Book,CAD
01tWC00000DD143YAD,756.24,Fortra Price Book,EUR
01tWC00000DD143YAD,649.38,Fortra Price Book,GBP
01tWC00000DD147YAD,1254,Fortra Price Book,AUD
01tWC00000DD147YAD,1113.75,Fortra Price Book,CAD
01tWC00000DD147YAD,759,Fortra Price Book,EUR
01tWC00000DD147YAD,651.75,Fortra Price Book,GBP
01tWC00000DD145YAD,2280,Fortra Price Book,AUD
01tWC00000DD145YAD,2025,Fortra Price Book,CAD
01tWC00000DD145YAD,1380,Fortra Price Book,EUR
01tWC00000DD145YAD,1185,Fortra Price Book,GBP
01tWC00000DD148YAD,18240,Fortra Price Book,AUD
01tWC00000DD148YAD,16200,Fortra Price Book,CAD
01tWC00000DD148YAD,11040,Fortra Price Book,EUR
01tWC00000DD148YAD,9480,Fortra Price Book,GBP
01tWC00000DD149YAD,4560,Fortra Price Book,AUD
01tWC00000DD149YAD,4050,Fortra Price Book,CAD
01tWC00000DD149YAD,2760,Fortra Price Book,EUR
01tWC00000DD149YAD,2370,Fortra Price Book,GBP
01tWC00000DD20KYAT,1520,Fortra Price Book,AUD
01tWC00000DD20KYAT,1350,Fortra Price Book,CAD
01tWC00000DD20KYAT,920,Fortra Price Book,EUR
01tWC00000DD20KYAT,790,Fortra Price Book,GBP
01tWC00000DD1JlYAL,2550.24,Fortra Price Book,EUR
01tWC00000DD1JlYAL,2189.88,Fortra Price Book,GBP
01tWC00000DD1JmYAL,2318,Fortra Price Book,AUD
01tWC00000DD1JmYAL,2058.75,Fortra Price Book,CAD
01tWC00000DD1JmYAL,1403,Fortra Price Book,EUR
01tWC00000DD1JmYAL,1204.75,Fortra Price Book,GBP
01tWC00000FBd1OYAT,2772,Fortra Price Book,USD
01tWC00000DD1LcYAL,4180,Fortra Price Book,AUD
01tWC00000DD1LcYAL,3712.5,Fortra Price Book,CAD
01tWC00000DD1LcYAL,2530,Fortra Price Book,EUR
01tWC00000DD1LcYAL,2172.5,Fortra Price Book,GBP
01tWC00000DD1LdYAL,2299,Fortra Price Book,AUD
01tWC00000DD1LdYAL,2041.88,Fortra Price Book,CAD
01tWC00000DD1LdYAL,1391.5,Fortra Price Book,EUR
01tWC00000DD1LdYAL,1194.88,Fortra Price Book,GBP
01tWC00000FBd68YAD,2750,Fortra Price Book,USD
01tWC00000DD1LqYAL,7022.4,Fortra Price Book,AUD
01tWC00000DD1LqYAL,6237,Fortra Price Book,CAD
01tWC00000DD1LqYAL,4250.4,Fortra Price Book,EUR
01tWC00000DD1LqYAL,3649.8,Fortra Price Book,GBP
01tWC00000DD1LoYAL,12768,Fortra Price Book,AUD
01tWC00000DD1LoYAL,11340,Fortra Price Book,CAD
01tWC00000DD1LoYAL,7728,Fortra Price Book,EUR
01tWC00000DD1LoYAL,6636,Fortra Price Book,GBP
01tWC00000FCQQpYAP,1000,Fortra Price Book,USD
01tWC00000DD14DYAT,2921.44,Fortra Price Book,AUD
01tWC00000DD14DYAT,2594.7,Fortra Price Book,CAD
01tWC00000DD14DYAT,1768.24,Fortra Price Book,EUR
01tWC00000DD14DYAT,1518.38,Fortra Price Book,GBP
01tWC00000DD14BYAT,5312.4,Fortra Price Book,AUD
01tWC00000DD14BYAT,4718.25,Fortra Price Book,CAD
01tWC00000DD14BYAT,3215.4,Fortra Price Book,EUR
01tWC00000DD14BYAT,2761.05,Fortra Price Book,GBP
01tWC00000FCQQjYAP,1922,Fortra Price Book,USD
01tWC00000DD14EYAT,6080,Fortra Price Book,AUD
01tWC00000DD14EYAT,5400,Fortra Price Book,CAD
01tWC00000DD14EYAT,3680,Fortra Price Book,EUR
01tWC00000DD14EYAT,3160,Fortra Price Book,GBP
01tWC00000FCQQkYAP,4000,Fortra Price Book,USD
01tWC00000DD14FYAT,380,Fortra Price Book,AUD
01tWC00000DD14FYAT,337.5,Fortra Price Book,CAD
01tWC00000DD14FYAT,230,Fortra Price Book,EUR
01tWC00000DD14FYAT,197.5,Fortra Price Book,GBP
01tWC00000FCQQlYAP,250,Fortra Price Book,USD
01tWC00000DD14HYAT,29343.6,Fortra Price Book,AUD
01tWC00000DD14HYAT,26061.75,Fortra Price Book,CAD
01tWC00000DD14HYAT,17760.6,Fortra Price Book,EUR
01tWC00000DD14HYAT,15250.95,Fortra Price Book,GBP
01tWC00000DD14JYAT,32604,Fortra Price Book,AUD
01tWC00000DD14JYAT,28957.5,Fortra Price Book,CAD
01tWC00000DD14JYAT,19734,Fortra Price Book,EUR
01tWC00000DD14JYAT,16945.5,Fortra Price Book,GBP
01tWC00000FCPSaYAP,1520,Fortra Price Book,USD
01tWC00000FCPScYAP,1350,Fortra Price Book,USD
01tWC00000DD14KYAT,790,Fortra Price Book,GBP
01tWC00000DD14MYAT,920,Fortra Price Book,EUR
01tWC00000DD14MYAT,790,Fortra Price Book,GBP
01tWC00000DD14OYAT,6080,Fortra Price Book,AUD
01tWC00000DD14OYAT,5400,Fortra Price Book,CAD
01tWC00000DD14OYAT,3680,Fortra Price Book,EUR
01tWC00000DD14OYAT,3160,Fortra Price Book,GBP
01tWC00000FCPSeYAP,3160,Fortra Price Book,USD
01tWC00000DD14SYAT,2432,Fortra Price Book,AUD
01tWC00000DD14SYAT,2160,Fortra Price Book,CAD
01tWC00000DD14SYAT,1472,Fortra Price Book,EUR
01tWC00000DD14SYAT,1264,Fortra Price Book,GBP
01tWC00000FCPSiYAP,1264,Fortra Price Book,USD
01tWC00000DD14TYAT,3040,Fortra Price Book,AUD
01tWC00000DD14TYAT,2700,Fortra Price Book,CAD
01tWC00000DD14TYAT,1840,Fortra Price Book,EUR
01tWC00000DD14TYAT,1580,Fortra Price Book,GBP
01tWC00000FCPSjYAP,2000,Fortra Price Book,USD
01tWC00000DD14UYAT,3648,Fortra Price Book,AUD
01tWC00000DD14UYAT,3240,Fortra Price Book,CAD
01tWC00000DD14UYAT,2208,Fortra Price Book,EUR
01tWC00000DD14UYAT,1896,Fortra Price Book,GBP
01tWC00000DD1M0YAL,4968,Fortra Price Book,CAD
01tWC00000DD1M0YAL,3385.6,Fortra Price Book,EUR
01tWC00000DD1M0YAL,2907.2,Fortra Price Book,GBP
01tWC00000DD1M6YAL,8355.82,Fortra Price Book,AUD
01tWC00000DD1M6YAL,7421.29,Fortra Price Book,CAD
01tWC00000DD1M6YAL,5057.47,Fortra Price Book,EUR
01tWC00000DD1M6YAL,4342.83,Fortra Price Book,GBP
01tWC00000DD1M4YAL,15192.4,Fortra Price Book,AUD
01tWC00000DD1M4YAL,13493.25,Fortra Price Book,CAD
01tWC00000DD1M4YAL,9195.4,Fortra Price Book,EUR
01tWC00000DD1M4YAL,7896.05,Fortra Price Book,GBP
01tWC00000DD1MAYA1,19228,Fortra Price Book,AUD
01tWC00000DD1MAYA1,17077.5,Fortra Price Book,CAD
01tWC00000DD1MAYA1,11638,Fortra Price Book,EUR
01tWC00000DD1MAYA1,9993.5,Fortra Price Book,GBP
01tWC00000DD1M8YAL,40204,Fortra Price Book,AUD
01tWC00000DD1M8YAL,35707.5,Fortra Price Book,CAD
01tWC00000DD1M8YAL,24334,Fortra Price Book,EUR
01tWC00000DD1M8YAL,20895.5,Fortra Price Book,GBP
01tWC00000FBWUCYA5,26450,Fortra Price Book,USD
01tWC00000FBWUEYA5,12650,Fortra Price Book,USD
01tWC00000DD1MEYA1,310.99,Fortra Price Book,AUD
01tWC00000DD1MEYA1,276.21,Fortra Price Book,CAD
01tWC00000DD1MEYA1,188.23,Fortra Price Book,EUR
01tWC00000DD1MEYA1,161.63,Fortra Price Book,GBP
01tWC00000DD1MCYA1,752.4,Fortra Price Book,AUD
01tWC00000DD1MCYA1,668.25,Fortra Price Book,CAD
01tWC00000DD1MCYA1,455.4,Fortra Price Book,EUR
01tWC00000DD1MCYA1,391.05,Fortra Price Book,GBP
01tWC00000DD14cYAD,10450,Fortra Price Book,AUD
01tWC00000DD14cYAD,9281.25,Fortra Price Book,CAD
01tWC00000DD14cYAD,6325,Fortra Price Book,EUR
01tWC00000DD14cYAD,5431.25,Fortra Price Book,GBP
01tWC00000DD14aYAD,19000,Fortra Price Book,AUD
01tWC00000DD14aYAD,16875,Fortra Price Book,CAD
01tWC00000DD14aYAD,11500,Fortra Price Book,EUR
01tWC00000DD14aYAD,9875,Fortra Price Book,GBP
01tWC00000DD14dYAD,88160,Fortra Price Book,AUD
01tWC00000DD14dYAD,78300,Fortra Price Book,CAD
01tWC00000DD14dYAD,53360,Fortra Price Book,EUR
01tWC00000DD14dYAD,45820,Fortra Price Book,GBP
01tWC00000FCPSsYAP,88160,Fortra Price Book,USD
01tWC00000DD14eYAD,4560,Fortra Price Book,AUD
01tWC00000DD14eYAD,4050,Fortra Price Book,CAD
01tWC00000DD14eYAD,2760,Fortra Price Book,EUR
01tWC00000DD14eYAD,2370,Fortra Price Book,GBP
01tWC00000DD14fYAD,1140,Fortra Price Book,AUD
01tWC00000DD14fYAD,1012.5,Fortra Price Book,CAD
01tWC00000DD14fYAD,690,Fortra Price Book,EUR
01tWC00000DD14fYAD,592.5,Fortra Price Book,GBP
01tWC00000DD14gYAD,3040,Fortra Price Book,AUD
01tWC00000DD14gYAD,2700,Fortra Price Book,CAD
01tWC00000DD14gYAD,1840,Fortra Price Book,EUR
01tWC00000DD14gYAD,1580,Fortra Price Book,GBP
01tWC00000DD14hYAD,760,Fortra Price Book,AUD
01tWC00000DD14hYAD,675,Fortra Price Book,CAD
01tWC00000DD14hYAD,460,Fortra Price Book,EUR
01tWC00000DD14hYAD,395,Fortra Price Book,GBP
01tWC00000FCPStYAP,760,Fortra Price Book,USD
01tWC00000DD14jYAD,6080,Fortra Price Book,AUD
01tWC00000DD14jYAD,5400,Fortra Price Book,CAD
01tWC00000DD14jYAD,3680,Fortra Price Book,EUR
01tWC00000DD14jYAD,3160,Fortra Price Book,GBP
01tWC00000DD14lYAD,3648,Fortra Price Book,AUD
01tWC00000DD14lYAD,3240,Fortra Price Book,CAD
01tWC00000DD14lYAD,2208,Fortra Price Book,EUR
01tWC00000DD14lYAD,1896,Fortra Price Book,GBP
01tWC00000FCPSvYAP,4000,Fortra Price Book,USD
01tWC00000FCPSxYAP,2400,Fortra Price Book,USD
01tWC00000DD14pYAD,1003.2,Fortra Price Book,AUD
01tWC00000DD14pYAD,891,Fortra Price Book,CAD
01tWC00000DD14pYAD,607.2,Fortra Price Book,EUR
01tWC00000DD14pYAD,521.4,Fortra Price Book,GBP
01tWC00000DD14nYAD,1824,Fortra Price Book,AUD
01tWC00000DD14nYAD,1620,Fortra Price Book,CAD
01tWC00000DD14nYAD,1104,Fortra Price Book,EUR
01tWC00000DD14nYAD,948,Fortra Price Book,GBP
01tWC00000DD14qYAD,7600,Fortra Price Book,AUD
01tWC00000DD14qYAD,6750,Fortra Price Book,CAD
01tWC00000DD14qYAD,4600,Fortra Price Book,EUR
01tWC00000DD14qYAD,3950,Fortra Price Book,GBP
01tWC00000DD14rYAD,304,Fortra Price Book,AUD
01tWC00000DD14rYAD,270,Fortra Price Book,CAD
01tWC00000DD14rYAD,184,Fortra Price Book,EUR
01tWC00000DD14rYAD,158,Fortra Price Book,GBP
01tWC00000FCPT3YAP,158,Fortra Price Book,USD
01tWC00000DD14sYAD,15200,Fortra Price Book,AUD
01tWC00000DD14sYAD,13500,Fortra Price Book,CAD
01tWC00000DD14sYAD,9200,Fortra Price Book,EUR
01tWC00000DD14sYAD,7900,Fortra Price Book,GBP
01tWC00000DD14uYAD,2272.4,Fortra Price Book,AUD
01tWC00000DD14uYAD,2018.25,Fortra Price Book,CAD
01tWC00000DD14uYAD,1375.4,Fortra Price Book,EUR
01tWC00000DD14uYAD,1181.05,Fortra Price Book,GBP
01tWC00000FCPT8YAP,275,Fortra Price Book,USD
01tWC00000DD14zYAD,418000,Fortra Price Book,AUD
01tWC00000DD14zYAD,371250,Fortra Price Book,CAD
01tWC00000DD14zYAD,253000,Fortra Price Book,EUR
01tWC00000DD14zYAD,217250,Fortra Price Book,GBP
01tWC00000DD151YAD,228000,Fortra Price Book,AUD
01tWC00000DD151YAD,202500,Fortra Price Book,CAD
01tWC00000DD151YAD,138000,Fortra Price Book,EUR
01tWC00000DD151YAD,118500,Fortra Price Book,GBP
01tWC00000DD1MOYA1,8390.4,Fortra Price Book,AUD
01tWC00000DD1MOYA1,7452,Fortra Price Book,CAD
01tWC00000DD1MOYA1,5078.4,Fortra Price Book,EUR
01tWC00000DD1MOYA1,4360.8,Fortra Price Book,GBP
01tWC00000DD1MUYA1,831.82,Fortra Price Book,AUD
01tWC00000DD1MUYA1,738.79,Fortra Price Book,CAD
01tWC00000DD1MUYA1,503.47,Fortra Price Book,EUR
01tWC00000DD1MUYA1,432.33,Fortra Price Book,GBP
01tWC00000DD1MSYA1,1512.4,Fortra Price Book,AUD
01tWC00000DD1MSYA1,1343.25,Fortra Price Book,CAD
01tWC00000DD1MSYA1,915.4,Fortra Price Book,EUR
01tWC00000DD1MSYA1,786.05,Fortra Price Book,GBP
01tWC00000DD1MYYA1,10450,Fortra Price Book,AUD
01tWC00000DD1MYYA1,9281.25,Fortra Price Book,CAD
01tWC00000DD1MYYA1,6325,Fortra Price Book,EUR
01tWC00000DD1MYYA1,5431.25,Fortra Price Book,GBP
01tWC00000DD1MWYA1,21850,Fortra Price Book,AUD
01tWC00000DD1MWYA1,19406.25,Fortra Price Book,CAD
01tWC00000DD1MWYA1,13225,Fortra Price Book,EUR
01tWC00000DD1MWYA1,11356.25,Fortra Price Book,GBP
01tWC00000DD10QYAT,3040,Fortra Price Book,AUD
01tWC00000DD10QYAT,2700,Fortra Price Book,CAD
01tWC00000DD10QYAT,1840,Fortra Price Book,EUR
01tWC00000DD10QYAT,1580,Fortra Price Book,GBP
01tWC00000DD1McYAL,3762,Fortra Price Book,AUD
01tWC00000DD1McYAL,3341.25,Fortra Price Book,CAD
01tWC00000DD1McYAL,2277,Fortra Price Book,EUR
01tWC00000DD1McYAL,1955.25,Fortra Price Book,GBP
01tWC00000DD1MaYAL,7866,Fortra Price Book,AUD
01tWC00000DD1MaYAL,6986.25,Fortra Price Book,CAD
01tWC00000DD1MaYAL,4761,Fortra Price Book,EUR
01tWC00000DD1MaYAL,4088.25,Fortra Price Book,GBP
01tWC00000DD1MeYAL,5244,Fortra Price Book,AUD
01tWC00000DD1MeYAL,4657.5,Fortra Price Book,CAD
01tWC00000DD1MeYAL,3174,Fortra Price Book,EUR
01tWC00000DD1MeYAL,2725.5,Fortra Price Book,GBP
01tWC00000DD1MgYAL,2508,Fortra Price Book,AUD
01tWC00000DD1MgYAL,2227.5,Fortra Price Book,CAD
01tWC00000DD1MgYAL,1518,Fortra Price Book,EUR
01tWC00000DD1MgYAL,1303.5,Fortra Price Book,GBP
01tWC00000DD1MkYAL,5852,Fortra Price Book,AUD
01tWC00000DD1MkYAL,5197.5,Fortra Price Book,CAD
01tWC00000DD1MkYAL,3542,Fortra Price Book,EUR
01tWC00000DD1MkYAL,3041.5,Fortra Price Book,GBP
01tWC00000DD1MiYAL,12236,Fortra Price Book,AUD
01tWC00000DD1MiYAL,10867.5,Fortra Price Book,CAD
01tWC00000DD1MiYAL,7406,Fortra Price Book,EUR
01tWC00000DD1MiYAL,6359.5,Fortra Price Book,GBP
01tWC00000FBeDmYAL,8050,Fortra Price Book,USD
01tWC00000FBeDoYAL,5852,Fortra Price Book,USD
01tWC00000DD1MmYAL,24174.08,Fortra Price Book,AUD
01tWC00000DD1MmYAL,21470.4,Fortra Price Book,CAD
01tWC00000DD1MmYAL,14631.68,Fortra Price Book,EUR
01tWC00000DD1MmYAL,12564.16,Fortra Price Book,GBP
01tWC00000DD1MqYAL,11562.64,Fortra Price Book,AUD
01tWC00000DD1MqYAL,10269.45,Fortra Price Book,CAD
01tWC00000DD1MqYAL,6998.44,Fortra Price Book,EUR
01tWC00000DD1MqYAL,6009.53,Fortra Price Book,GBP
01tWC00000DD154YAD,10032,Fortra Price Book,AUD
01tWC00000DD154YAD,8910,Fortra Price Book,CAD
01tWC00000DD154YAD,6072,Fortra Price Book,EUR
01tWC00000DD154YAD,5214,Fortra Price Book,GBP
01tWC00000FCPTGYA5,6600,Fortra Price Book,USD
01tWC00000DD15IYAT,1520,Fortra Price Book,AUD
01tWC00000DD15IYAT,1350,Fortra Price Book,CAD
01tWC00000DD15IYAT,920,Fortra Price Book,EUR
01tWC00000DD15IYAT,790,Fortra Price Book,GBP
01tWC00000FCPTHYA5,1000,Fortra Price Book,USD
01tWC00000DD15JYAT,74.48,Fortra Price Book,AUD
01tWC00000DD15JYAT,66.15,Fortra Price Book,CAD
01tWC00000DD15JYAT,45.08,Fortra Price Book,EUR
01tWC00000DD15JYAT,38.71,Fortra Price Book,GBP
01tWC00000DD15LYAT,6080,Fortra Price Book,AUD
01tWC00000DD15LYAT,5400,Fortra Price Book,CAD
01tWC00000DD15LYAT,3680,Fortra Price Book,EUR
01tWC00000DD15LYAT,3160,Fortra Price Book,GBP
01tWC00000DD1bvYAD,297.92,Fortra Price Book,AUD
01tWC00000DD1bvYAD,264.6,Fortra Price Book,CAD
01tWC00000DD1bvYAD,180.32,Fortra Price Book,EUR
01tWC00000DD1bvYAD,154.84,Fortra Price Book,GBP
01tWC00000DD1btYAD,539.6,Fortra Price Book,AUD
01tWC00000DD1btYAD,479.25,Fortra Price Book,CAD
01tWC00000DD1btYAD,326.6,Fortra Price Book,EUR
01tWC00000DD1btYAD,280.45,Fortra Price Book,GBP
01tWC00000DD1bwYAD,380,Fortra Price Book,AUD
01tWC00000DD1bwYAD,337.5,Fortra Price Book,CAD
01tWC00000DD1bwYAD,230,Fortra Price Book,EUR
01tWC00000DD1bwYAD,197.5,Fortra Price Book,GBP
01tWC00000FBeDuYAL,11562.64,Fortra Price Book,USD
01tWC00000FBeDqYAL,15904,Fortra Price Book,USD
01tWC00000DD1MrYAL,16361.28,Fortra Price Book,AUD
01tWC00000DD1MrYAL,14531.4,Fortra Price Book,CAD
01tWC00000DD1MrYAL,9902.88,Fortra Price Book,EUR
01tWC00000DD1MrYAL,8503.56,Fortra Price Book,GBP
01tWC00000DD1MnYAL,34209.12,Fortra Price Book,AUD
01tWC00000DD1MnYAL,30383.1,Fortra Price Book,CAD
01tWC00000DD1MnYAL,20705.52,Fortra Price Book,EUR
01tWC00000DD1MnYAL,17779.74,Fortra Price Book,GBP
01tWC00000FBeDvYAL,10764,Fortra Price Book,USD
01tWC00000FBeDrYAL,22506,Fortra Price Book,USD
01tWC00000FBeDaYAL,30383.1,Fortra Price Book,USD
01tWC00000FBeEMYA1,22506,Fortra Price Book,USD
01tWC00000DD1N2YAL,10158.16,Fortra Price Book,AUD
01tWC00000DD1N2YAL,9022.05,Fortra Price Book,CAD
01tWC00000DD1N2YAL,6148.36,Fortra Price Book,EUR
01tWC00000DD1N2YAL,5279.57,Fortra Price Book,GBP
01tWC00000DD1MvYAL,21237.44,Fortra Price Book,AUD
01tWC00000DD1MvYAL,18862.2,Fortra Price Book,CAD
01tWC00000DD1MvYAL,12854.24,Fortra Price Book,EUR
01tWC00000DD1MvYAL,11037.88,Fortra Price Book,GBP
01tWC00000FBeE3YAL,6683,Fortra Price Book,USD
01tWC00000FBeDzYAL,13972,Fortra Price Book,USD
01tWC00000DD115YAD,22800,Fortra Price Book,AUD
01tWC00000DD115YAD,20250,Fortra Price Book,CAD
01tWC00000DD115YAD,13800,Fortra Price Book,EUR
01tWC00000DD115YAD,11850,Fortra Price Book,GBP
01tWC00000FBWonYAH,15000,Fortra Price Book,USD
01tWC00000DD11BYAT,4924.8,Fortra Price Book,AUD
01tWC00000DD11BYAT,4374,Fortra Price Book,CAD
01tWC00000DD11BYAT,2980.8,Fortra Price Book,EUR
01tWC00000DD11BYAT,2559.6,Fortra Price Book,GBP
01tWC00000FCG1yYAH,4924.8,Fortra Price Book,USD
01tWC00000DD11KYAT,4.56,Fortra Price Book,AUD
01tWC00000DD11KYAT,4.05,Fortra Price Book,CAD
01tWC00000DD11KYAT,2.76,Fortra Price Book,EUR
01tWC00000DD11KYAT,2.37,Fortra Price Book,GBP
01tWC00000DD11LYAT,13.68,Fortra Price Book,AUD
01tWC00000DD11LYAT,12.15,Fortra Price Book,CAD
01tWC00000DD11LYAT,8.28,Fortra Price Book,EUR
01tWC00000DD11LYAT,7.11,Fortra Price Book,GBP
01tWC00000FBWopYAH,9,Fortra Price Book,USD
01tWC00000FBWooYAH,2.37,Fortra Price Book,USD
01tWC00000DD11eYAD,2383.36,Fortra Price Book,AUD
01tWC00000DD11eYAD,2116.8,Fortra Price Book,CAD
01tWC00000DD11eYAD,1442.56,Fortra Price Book,EUR
01tWC00000DD11eYAD,1238.72,Fortra Price Book,GBP
01tWC00000DD11cYAD,4332,Fortra Price Book,AUD
01tWC00000DD11cYAD,3847.5,Fortra Price Book,CAD
01tWC00000DD11cYAD,2622,Fortra Price Book,EUR
01tWC00000DD11cYAD,2251.5,Fortra Price Book,GBP
01tWC00000DD11iYAD,22.8,Fortra Price Book,AUD
01tWC00000DD11iYAD,20.25,Fortra Price Book,CAD
01tWC00000DD11iYAD,13.8,Fortra Price Book,EUR
01tWC00000DD11iYAD,11.85,Fortra Price Book,GBP
01tWC00000FCG27YAH,15,Fortra Price Book,USD
01tWC00000DD11mYAD,62.32,Fortra Price Book,AUD
01tWC00000DD11mYAD,55.35,Fortra Price Book,CAD
01tWC00000DD11mYAD,37.72,Fortra Price Book,EUR
01tWC00000DD11mYAD,32.39,Fortra Price Book,GBP
01tWC00000FCG2BYAX,62.32,Fortra Price Book,USD
01tWC00000DD122YAD,10640,Fortra Price Book,AUD
01tWC00000DD122YAD,9450,Fortra Price Book,CAD
01tWC00000DD122YAD,6440,Fortra Price Book,EUR
01tWC00000DD122YAD,5530,Fortra Price Book,GBP
01tWC00000DD124YAD,188.48,Fortra Price Book,AUD
01tWC00000DD124YAD,167.4,Fortra Price Book,CAD
01tWC00000DD124YAD,114.08,Fortra Price Book,EUR
01tWC00000DD124YAD,97.96,Fortra Price Book,GBP
01tWC00000FCG2FYAX,124,Fortra Price Book,USD
01tWC00000FCG2DYAX,7000,Fortra Price Book,USD
01tWC00000DD1N5YAL,3800,Fortra Price Book,AUD
01tWC00000DD1N5YAL,3375,Fortra Price Book,CAD
01tWC00000DD1N5YAL,2300,Fortra Price Book,EUR
01tWC00000DD1N5YAL,1975,Fortra Price Book,GBP
01tWC00000DD10eYAD,4389.76,Fortra Price Book,AUD
01tWC00000DD10eYAD,3898.8,Fortra Price Book,CAD
01tWC00000DD10eYAD,2656.96,Fortra Price Book,EUR
01tWC00000DD10eYAD,2281.52,Fortra Price Book,GBP
01tWC00000FBeDcYAL,2888,Fortra Price Book,USD
01tWC00000DD1N7YAL,385005.36,Fortra Price Book,AUD
01tWC00000DD1N7YAL,341945.55,Fortra Price Book,CAD
01tWC00000DD1N7YAL,233029.56,Fortra Price Book,EUR
01tWC00000DD1N7YAL,200101.47,Fortra Price Book,GBP
01tWC00000DD1N9YAL,184134.32,Fortra Price Book,AUD
01tWC00000DD1N9YAL,163540.35,Fortra Price Book,CAD
01tWC00000DD1N9YAL,111449.72,Fortra Price Book,EUR
01tWC00000DD1N9YAL,95701.39,Fortra Price Book,GBP
01tWC00000FBeE9YAL,121141,Fortra Price Book,USD
01tWC00000FBeE7YAL,200101.47,Fortra Price Book,USD
01tWC00000DD1NAYA1,18240,Fortra Price Book,AUD
01tWC00000DD1NAYA1,16200,Fortra Price Book,CAD
01tWC00000DD1NAYA1,11040,Fortra Price Book,EUR
01tWC00000DD1NAYA1,9480,Fortra Price Book,GBP
01tWC00000DD1NGYA1,6118,Fortra Price Book,AUD
01tWC00000DD1NGYA1,5433.75,Fortra Price Book,CAD
01tWC00000DD1NGYA1,3703,Fortra Price Book,EUR
01tWC00000DD1NGYA1,3179.75,Fortra Price Book,GBP
01tWC00000DD1NIYA1,2926,Fortra Price Book,AUD
01tWC00000DD1NIYA1,2598.75,Fortra Price Book,CAD
01tWC00000DD1NIYA1,1771,Fortra Price Book,EUR
01tWC00000DD1NIYA1,1520.75,Fortra Price Book,GBP
01tWC00000DD1NMYA1,3339.82,Fortra Price Book,AUD
01tWC00000DD1NMYA1,2966.29,Fortra Price Book,CAD
01tWC00000DD1NMYA1,2021.47,Fortra Price Book,EUR
01tWC00000DD1NMYA1,1735.83,Fortra Price Book,GBP
01tWC00000DD1NKYA1,6072.4,Fortra Price Book,AUD
01tWC00000DD1NKYA1,5393.25,Fortra Price Book,CAD
01tWC00000DD1NKYA1,3675.4,Fortra Price Book,EUR
01tWC00000DD1NKYA1,3156.05,Fortra Price Book,GBP
01tWC00000DD12BYAT,9120,Fortra Price Book,AUD
01tWC00000DD12BYAT,8100,Fortra Price Book,CAD
01tWC00000DD12BYAT,5520,Fortra Price Book,EUR
01tWC00000DD12BYAT,4740,Fortra Price Book,GBP
01tWC00000DD12FYAT,4180,Fortra Price Book,AUD
01tWC00000DD12FYAT,3712.5,Fortra Price Book,CAD
01tWC00000DD12FYAT,2530,Fortra Price Book,EUR
01tWC00000DD12FYAT,2172.5,Fortra Price Book,GBP
01tWC00000DD12DYAT,7600,Fortra Price Book,AUD
01tWC00000DD12DYAT,6750,Fortra Price Book,CAD
01tWC00000DD12DYAT,4600,Fortra Price Book,EUR
01tWC00000DD12DYAT,3950,Fortra Price Book,GBP
01tWC00000FCG2QYAX,2750,Fortra Price Book,USD
01tWC00000FCG2OYAX,5000,Fortra Price Book,USD
01tWC00000DD12JYAT,208.24,Fortra Price Book,AUD
01tWC00000DD12JYAT,184.95,Fortra Price Book,CAD
01tWC00000DD12JYAT,126.04,Fortra Price Book,EUR
01tWC00000DD12JYAT,108.23,Fortra Price Book,GBP
01tWC00000FCG2UYAX,137,Fortra Price Book,USD
01tWC00000DD12NYAT,418,Fortra Price Book,AUD
01tWC00000DD12NYAT,371.25,Fortra Price Book,CAD
01tWC00000DD12NYAT,253,Fortra Price Book,EUR
01tWC00000DD12NYAT,217.25,Fortra Price Book,GBP
01tWC00000DD12LYAT,760,Fortra Price Book,AUD
01tWC00000DD12LYAT,675,Fortra Price Book,CAD
01tWC00000DD12LYAT,460,Fortra Price Book,EUR
01tWC00000DD12LYAT,395,Fortra Price Book,GBP
01tWC00000FCG2WYAX,500,Fortra Price Book,USD
01tWC00000FCG2YYAX,275,Fortra Price Book,USD
01tWC00000DD12RYAT,212.8,Fortra Price Book,AUD
01tWC00000DD12RYAT,189,Fortra Price Book,CAD
01tWC00000DD12RYAT,128.8,Fortra Price Book,EUR
01tWC00000DD12RYAT,110.6,Fortra Price Book,GBP
01tWC00000FCG2cYAH,110.6,Fortra Price Book,USD
01tWC00000DD12VYAT,836,Fortra Price Book,AUD
01tWC00000DD12VYAT,742.5,Fortra Price Book,CAD
01tWC00000DD12VYAT,506,Fortra Price Book,EUR
01tWC00000DD12VYAT,434.5,Fortra Price Book,GBP
01tWC00000DD12TYAT,1520,Fortra Price Book,AUD
01tWC00000DD12TYAT,1350,Fortra Price Book,CAD
01tWC00000DD12TYAT,920,Fortra Price Book,EUR
01tWC00000DD12TYAT,790,Fortra Price Book,GBP
01tWC00000FCG2eYAH,1000,Fortra Price Book,USD
01tWC00000FCG2gYAH,550,Fortra Price Book,USD
01tWC00000DD12ZYAT,418,Fortra Price Book,AUD
01tWC00000DD12ZYAT,371.25,Fortra Price Book,CAD
01tWC00000DD12ZYAT,253,Fortra Price Book,EUR
01tWC00000DD12ZYAT,217.25,Fortra Price Book,GBP
01tWC00000DD12XYAT,760,Fortra Price Book,AUD
01tWC00000DD12XYAT,675,Fortra Price Book,CAD
01tWC00000DD12XYAT,460,Fortra Price Book,EUR
01tWC00000DD12XYAT,395,Fortra Price Book,GBP
01tWC00000DD1NOYA1,12236,Fortra Price Book,AUD
01tWC00000DD1NOYA1,10867.5,Fortra Price Book,CAD
01tWC00000DD1NOYA1,7406,Fortra Price Book,EUR
01tWC00000DD1NOYA1,6359.5,Fortra Price Book,GBP
01tWC00000DD1NQYA1,5852,Fortra Price Book,AUD
01tWC00000DD1NQYA1,5197.5,Fortra Price Book,CAD
01tWC00000DD1NQYA1,3542,Fortra Price Book,EUR
01tWC00000DD1NQYA1,3041.5,Fortra Price Book,GBP
01tWC00000FBeb9YAD,3850,Fortra Price Book,USD
01tWC00000FBeb7YAD,12236,Fortra Price Book,USD
01tWC00000DD1NSYA1,1520,Fortra Price Book,AUD
01tWC00000DD1NSYA1,1350,Fortra Price Book,CAD
01tWC00000DD1NSYA1,920,Fortra Price Book,EUR
01tWC00000DD1NSYA1,790,Fortra Price Book,GBP
01tWC00000DD1NUYA1,836,Fortra Price Book,AUD
01tWC00000DD1NUYA1,742.5,Fortra Price Book,CAD
01tWC00000DD1NUYA1,506,Fortra Price Book,EUR
01tWC00000DD1NUYA1,434.5,Fortra Price Book,GBP
01tWC00000DD1NcYAL,6583.12,Fortra Price Book,AUD
01tWC00000DD1NcYAL,5846.85,Fortra Price Book,CAD
01tWC00000DD1NcYAL,3984.52,Fortra Price Book,EUR
01tWC00000DD1NcYAL,3421.49,Fortra Price Book,GBP
01tWC00000DD1NaYAL,11970,Fortra Price Book,AUD
01tWC00000DD1NaYAL,10631.25,Fortra Price Book,CAD
01tWC00000DD1NaYAL,7245,Fortra Price Book,EUR
01tWC00000DD1NaYAL,6221.25,Fortra Price Book,GBP
01tWC00000DD1NdYAL,3792.4,Fortra Price Book,AUD
01tWC00000DD1NdYAL,3368.25,Fortra Price Book,CAD
01tWC00000DD1NdYAL,2295.4,Fortra Price Book,EUR
01tWC00000DD1NdYAL,1971.05,Fortra Price Book,GBP
01tWC00000DD1NeYAL,0.3,Fortra Price Book,AUD
01tWC00000DD1NeYAL,0.27,Fortra Price Book,CAD
01tWC00000DD1NeYAL,0.18,Fortra Price Book,EUR
01tWC00000DD1NeYAL,0.16,Fortra Price Book,GBP
01tWC00000DD1NfYAL,0.91,Fortra Price Book,AUD
01tWC00000DD1NfYAL,0.81,Fortra Price Book,CAD
01tWC00000DD1NfYAL,0.55,Fortra Price Book,EUR
01tWC00000DD1NfYAL,0.47,Fortra Price Book,GBP
01tWC00000FBexaYAD,0.55,Fortra Price Book,USD
01tWC00000DD1NgYAL,3952,Fortra Price Book,AUD
01tWC00000DD1NgYAL,3510,Fortra Price Book,CAD
01tWC00000DD1NgYAL,2392,Fortra Price Book,EUR
01tWC00000DD1NgYAL,2054,Fortra Price Book,GBP
01tWC00000DD1NhYAL,6080,Fortra Price Book,AUD
01tWC00000DD1NhYAL,5400,Fortra Price Book,CAD
01tWC00000DD1NhYAL,3680,Fortra Price Book,EUR
01tWC00000DD1NhYAL,3160,Fortra Price Book,GBP
01tWC00000DD1NiYAL,6156,Fortra Price Book,AUD
01tWC00000DD1NiYAL,5467.5,Fortra Price Book,CAD
01tWC00000DD1NiYAL,3726,Fortra Price Book,EUR
01tWC00000DD1NiYAL,3199.5,Fortra Price Book,GBP
01tWC00000DD20BYAT,6080,Fortra Price Book,AUD
01tWC00000DD20BYAT,5400,Fortra Price Book,CAD
01tWC00000DD20BYAT,3680,Fortra Price Book,EUR
01tWC00000DD20BYAT,3160,Fortra Price Book,GBP
01tWC00000DD20EYAT,8360,Fortra Price Book,AUD
01tWC00000DD20EYAT,7425,Fortra Price Book,CAD
01tWC00000DD20EYAT,5060,Fortra Price Book,EUR
01tWC00000DD20EYAT,4345,Fortra Price Book,GBP
01tWC00000FBexjYAD,5500,Fortra Price Book,USD
01tWC00000FBexgYAD,3680,Fortra Price Book,USD
01tWC00000DD20CYAT,13680,Fortra Price Book,AUD
01tWC00000DD20CYAT,12150,Fortra Price Book,CAD
01tWC00000DD20CYAT,8280,Fortra Price Book,EUR
01tWC00000DD20CYAT,7110,Fortra Price Book,GBP
01tWC00000DD20FYAT,16720,Fortra Price Book,AUD
01tWC00000DD20FYAT,14850,Fortra Price Book,CAD
01tWC00000DD20FYAT,10120,Fortra Price Book,EUR
01tWC00000DD20FYAT,8690,Fortra Price Book,GBP
01tWC00000FBexkYAD,11000,Fortra Price Book,USD
01tWC00000FBexhYAD,9000,Fortra Price Book,USD
01tWC00000DD20DYAT,22800,Fortra Price Book,AUD
01tWC00000DD20DYAT,20250,Fortra Price Book,CAD
01tWC00000DD20DYAT,13800,Fortra Price Book,EUR
01tWC00000DD20DYAT,11850,Fortra Price Book,GBP
01tWC00000DD20GYAT,27360,Fortra Price Book,AUD
01tWC00000DD20GYAT,24300,Fortra Price Book,CAD
01tWC00000DD20GYAT,16560,Fortra Price Book,EUR
01tWC00000DD20GYAT,14220,Fortra Price Book,GBP
01tWC00000FBexlYAD,18000,Fortra Price Book,USD
01tWC00000FBexiYAD,22800,Fortra Price Book,USD
01tWC00000DD1NkYAL,3800,Fortra Price Book,AUD
01tWC00000DD1NkYAL,3375,Fortra Price Book,CAD
01tWC00000DD1NkYAL,2300,Fortra Price Book,EUR
01tWC00000DD1NkYAL,1975,Fortra Price Book,GBP
01tWC00000FBexfYAD,3375,Fortra Price Book,USD
01tWC00000DD1NmYAL,11362,Fortra Price Book,AUD
01tWC00000DD1NmYAL,10091.25,Fortra Price Book,CAD
01tWC00000DD1NmYAL,6877,Fortra Price Book,EUR
01tWC00000DD1NmYAL,5905.25,Fortra Price Book,GBP
01tWC00000DD1NoYAL,5434,Fortra Price Book,AUD
01tWC00000DD1NoYAL,4826.25,Fortra Price Book,CAD
01tWC00000DD1NoYAL,3289,Fortra Price Book,EUR
01tWC00000DD1NoYAL,2824.25,Fortra Price Book,GBP
01tWC00000DD1NtYAL,25958.56,Fortra Price Book,AUD
01tWC00000DD1NtYAL,23055.3,Fortra Price Book,CAD
01tWC00000DD1NtYAL,15711.76,Fortra Price Book,EUR
01tWC00000DD1NtYAL,13491.62,Fortra Price Book,GBP
01tWC00000DD1NqYAL,54276.16,Fortra Price Book,AUD
01tWC00000DD1NqYAL,48205.8,Fortra Price Book,CAD
01tWC00000DD1NqYAL,32851.36,Fortra Price Book,EUR
01tWC00000DD1NqYAL,28209.32,Fortra Price Book,GBP
01tWC00000FBebSYAT,35708,Fortra Price Book,USD
01tWC00000FBebVYAT,17078,Fortra Price Book,USD
01tWC00000DD1NuYAL,31225.36,Fortra Price Book,AUD
01tWC00000DD1NuYAL,27733.05,Fortra Price Book,CAD
01tWC00000DD1NuYAL,18899.56,Fortra Price Book,EUR
01tWC00000DD1NuYAL,16228.97,Fortra Price Book,GBP
01tWC00000DD1NrYAL,65288.56,Fortra Price Book,AUD
01tWC00000DD1NrYAL,57986.55,Fortra Price Book,CAD
01tWC00000DD1NrYAL,39516.76,Fortra Price Book,EUR
01tWC00000DD1NrYAL,33932.87,Fortra Price Book,GBP
01tWC00000FBebWYAT,20543,Fortra Price Book,USD
01tWC00000FBebTYAT,42953,Fortra Price Book,USD
01tWC00000FBebkYAD,42953,Fortra Price Book,USD
01tWC00000FBeblYAD,42953,Fortra Price Book,USD
01tWC00000DD1NyYAL,78368.16,Fortra Price Book,AUD
01tWC00000DD1NyYAL,69603.3,Fortra Price Book,CAD
01tWC00000DD1NyYAL,47433.36,Fortra Price Book,EUR
01tWC00000DD1NyYAL,40730.82,Fortra Price Book,GBP
01tWC00000DD1NwYAL,163731.36,Fortra Price Book,AUD
01tWC00000DD1NwYAL,145419.3,Fortra Price Book,CAD
01tWC00000DD1NwYAL,99100.56,Fortra Price Book,EUR
01tWC00000DD1NwYAL,85097.22,Fortra Price Book,GBP
01tWC00000FBebYYAT,107718,Fortra Price Book,USD
01tWC00000FBebaYAD,51558,Fortra Price Book,USD
01tWC00000DD1O2YAL,6270,Fortra Price Book,AUD
01tWC00000DD1O2YAL,5568.75,Fortra Price Book,CAD
01tWC00000DD1O2YAL,3795,Fortra Price Book,EUR
01tWC00000DD1O2YAL,3258.75,Fortra Price Book,GBP
01tWC00000DD1O0YAL,11400,Fortra Price Book,AUD
01tWC00000DD1O0YAL,10125,Fortra Price Book,CAD
01tWC00000DD1O0YAL,6900,Fortra Price Book,EUR
01tWC00000DD1O0YAL,5925,Fortra Price Book,GBP
01tWC00000DD1O7YAL,46816,Fortra Price Book,AUD
01tWC00000DD1O7YAL,41580,Fortra Price Book,CAD
01tWC00000DD1O7YAL,28336,Fortra Price Book,EUR
01tWC00000DD1O7YAL,24332,Fortra Price Book,GBP
01tWC00000DD1O4YAL,97888,Fortra Price Book,AUD
01tWC00000DD1O4YAL,86940,Fortra Price Book,CAD
01tWC00000DD1O4YAL,59248,Fortra Price Book,EUR
01tWC00000DD1O4YAL,50876,Fortra Price Book,GBP
01tWC00000FBebgYAD,64400,Fortra Price Book,USD
01tWC00000FBebiYAD,30800,Fortra Price Book,USD
01tWC00000DD1O5YAL,107676.8,Fortra Price Book,AUD
01tWC00000DD1O5YAL,95634,Fortra Price Book,CAD
01tWC00000DD1O5YAL,65172.8,Fortra Price Book,EUR
01tWC00000DD1O5YAL,55963.6,Fortra Price Book,GBP
01tWC00000DD1O8YAL,51421.6,Fortra Price Book,AUD
01tWC00000DD1O8YAL,45670.5,Fortra Price Book,CAD
01tWC00000DD1O8YAL,31123.6,Fortra Price Book,EUR
01tWC00000DD1O8YAL,26725.7,Fortra Price Book,GBP
01tWC00000FBebjYAD,33830,Fortra Price Book,USD
01tWC00000FBebmYAD,70840,Fortra Price Book,USD
01tWC00000FBeogYAD,70840,Fortra Price Book,USD
01tWC00000DD1OCYA1,12540,Fortra Price Book,AUD
01tWC00000DD1OCYA1,11137.5,Fortra Price Book,CAD
01tWC00000DD1OCYA1,7590,Fortra Price Book,EUR
01tWC00000DD1OCYA1,6517.5,Fortra Price Book,GBP
01tWC00000FCG2iYAH,500,Fortra Price Book,USD
01tWC00000FCG2kYAH,275,Fortra Price Book,USD
01tWC00000DD12bYAD,2280,Fortra Price Book,AUD
01tWC00000DD12bYAD,2025,Fortra Price Book,CAD
01tWC00000DD12bYAD,1380,Fortra Price Book,EUR
01tWC00000DD12bYAD,1185,Fortra Price Book,GBP
01tWC00000DD12dYAD,1254,Fortra Price Book,AUD
01tWC00000DD12dYAD,1113.75,Fortra Price Book,CAD
01tWC00000DD12dYAD,759,Fortra Price Book,EUR
01tWC00000DD12dYAD,651.75,Fortra Price Book,GBP
01tWC00000FCDlhYAH,1113.75,Fortra Price Book,USD
01tWC00000FCDlfYAH,2280,Fortra Price Book,USD
01tWC00000DD12hYAD,12540,Fortra Price Book,AUD
01tWC00000DD12hYAD,11137.5,Fortra Price Book,CAD
01tWC00000DD12hYAD,7590,Fortra Price Book,EUR
01tWC00000DD12hYAD,6517.5,Fortra Price Book,GBP
01tWC00000DD12fYAD,22800,Fortra Price Book,AUD
01tWC00000DD12fYAD,20250,Fortra Price Book,CAD
01tWC00000DD12fYAD,13800,Fortra Price Book,EUR
01tWC00000DD12fYAD,11850,Fortra Price Book,GBP
01tWC00000FCDllYAH,8250,Fortra Price Book,USD
01tWC00000FCDljYAH,11850,Fortra Price Book,USD
01tWC00000DD12mYAD,4180,Fortra Price Book,AUD
01tWC00000DD1OAYA1,22800,Fortra Price Book,AUD
01tWC00000DD1OAYA1,20250,Fortra Price Book,CAD
01tWC00000DD1OAYA1,13800,Fortra Price Book,EUR
01tWC00000DD1OAYA1,11850,Fortra Price Book,GBP
01tWC00000DD1OEYA1,116587.04,Fortra Price Book,AUD
01tWC00000DD1OEYA1,103547.7,Fortra Price Book,CAD
01tWC00000DD1OEYA1,70565.84,Fortra Price Book,EUR
01tWC00000DD1OEYA1,60594.58,Fortra Price Book,GBP
01tWC00000DD1OIYA1,65600.16,Fortra Price Book,AUD
01tWC00000DD1OIYA1,58263.3,Fortra Price Book,CAD
01tWC00000DD1OIYA1,39705.36,Fortra Price Book,EUR
01tWC00000DD1OIYA1,34094.82,Fortra Price Book,GBP
01tWC00000DD1OJYA1,24377.76,Fortra Price Book,AUD
01tWC00000DD1OJYA1,21651.3,Fortra Price Book,CAD
01tWC00000DD1OJYA1,14754.96,Fortra Price Book,EUR
01tWC00000DD1OJYA1,12670.02,Fortra Price Book,GBP
01tWC00000DD1OFYA1,44323.2,Fortra Price Book,AUD
01tWC00000DD1OFYA1,39366,Fortra Price Book,CAD
01tWC00000DD1OFYA1,26827.2,Fortra Price Book,EUR
01tWC00000DD1OFYA1,23036.4,Fortra Price Book,GBP
01tWC00000FBeo5YAD,29160,Fortra Price Book,USD
01tWC00000FBeo9YAD,16038,Fortra Price Book,USD
01tWC00000FBenuYAD,44323.2,Fortra Price Book,USD
01tWC00000FBentYAD,39366,Fortra Price Book,USD
01tWC00000FBeo4YAD,60594.58,Fortra Price Book,USD
01tWC00000FBeo8YAD,43158,Fortra Price Book,USD
01tWC00000DD1OKYA1,66881.52,Fortra Price Book,AUD
01tWC00000DD1OKYA1,59401.35,Fortra Price Book,CAD
01tWC00000DD1OKYA1,40480.92,Fortra Price Book,EUR
01tWC00000DD1OKYA1,34760.79,Fortra Price Book,GBP
01tWC00000DD1OGYA1,127988.56,Fortra Price Book,AUD
01tWC00000DD1OGYA1,113674.05,Fortra Price Book,CAD
01tWC00000DD1OGYA1,77466.76,Fortra Price Book,EUR
01tWC00000DD1OGYA1,66520.37,Fortra Price Book,GBP
01tWC00000FBeo6YAD,84203,Fortra Price Book,USD
01tWC00000FBeoAYAT,44001,Fortra Price Book,USD
01tWC00000FBenwYAD,113674.05,Fortra Price Book,USD
01tWC00000FBenvYAD,84203,Fortra Price Book,USD
01tWC00000DD12mYAD,3712.5,Fortra Price Book,CAD
01tWC00000DD12mYAD,2530,Fortra Price Book,EUR
01tWC00000DD12mYAD,2172.5,Fortra Price Book,GBP
01tWC00000DD12oYAD,1520,Fortra Price Book,AUD
01tWC00000DD12oYAD,1350,Fortra Price Book,CAD
01tWC00000DD12oYAD,920,Fortra Price Book,EUR
01tWC00000DD12oYAD,790,Fortra Price Book,GBP
01tWC00000DD12qYAD,836,Fortra Price Book,AUD
01tWC00000DD12qYAD,742.5,Fortra Price Book,CAD
01tWC00000DD12qYAD,506,Fortra Price Book,EUR
01tWC00000DD12qYAD,434.5,Fortra Price Book,GBP
01tWC00000FCDlsYAH,1520,Fortra Price Book,USD
01tWC00000FCDluYAH,550,Fortra Price Book,USD
01tWC00000DD12sYAD,760,Fortra Price Book,AUD
01tWC00000DD12sYAD,675,Fortra Price Book,CAD
01tWC00000DD12sYAD,460,Fortra Price Book,EUR
01tWC00000DD12sYAD,395,Fortra Price Book,GBP
01tWC00000DD12uYAD,418,Fortra Price Book,AUD
01tWC00000DD12uYAD,371.25,Fortra Price Book,CAD
01tWC00000DD12uYAD,253,Fortra Price Book,EUR
01tWC00000DD12uYAD,217.25,Fortra Price Book,GBP
01tWC00000FCDlyYAH,418,Fortra Price Book,USD
01tWC00000FCDlwYAH,500,Fortra Price Book,USD
01tWC00000DD12yYAD,418,Fortra Price Book,AUD
01tWC00000DD12yYAD,371.25,Fortra Price Book,CAD
01tWC00000DD12yYAD,253,Fortra Price Book,EUR
01tWC00000DD12yYAD,217.25,Fortra Price Book,GBP
01tWC00000DD12wYAD,760,Fortra Price Book,AUD
01tWC00000DD12wYAD,675,Fortra Price Book,CAD
01tWC00000DD12wYAD,460,Fortra Price Book,EUR
01tWC00000DD12wYAD,395,Fortra Price Book,GBP
01tWC00000FCDm2YAH,418,Fortra Price Book,USD
01tWC00000FCDm0YAH,500,Fortra Price Book,USD
01tWC00000DD132YAD,167.2,Fortra Price Book,AUD
01tWC00000DD132YAD,148.5,Fortra Price Book,CAD
01tWC00000DD132YAD,101.2,Fortra Price Book,EUR
01tWC00000DD132YAD,86.9,Fortra Price Book,GBP
01tWC00000DD130YAD,304,Fortra Price Book,AUD
01tWC00000DD130YAD,270,Fortra Price Book,CAD
01tWC00000DD130YAD,184,Fortra Price Book,EUR
01tWC00000DD130YAD,158,Fortra Price Book,GBP
01tWC00000FCDm6YAH,110,Fortra Price Book,USD
01tWC00000FCDm4YAH,200,Fortra Price Book,USD
01tWC00000DD13AYAT,12540,Fortra Price Book,AUD
01tWC00000DD13AYAT,11137.5,Fortra Price Book,CAD
01tWC00000DD13AYAT,7590,Fortra Price Book,EUR
01tWC00000DD13AYAT,6517.5,Fortra Price Book,GBP
01tWC00000DD1OVYA1,2755.4,Fortra Price Book,EUR
01tWC00000DD1OVYA1,2366.05,Fortra Price Book,GBP
01tWC00000DD1OXYA1,2503.82,Fortra Price Book,AUD
01tWC00000DD1OXYA1,2223.79,Fortra Price Book,CAD
01tWC00000DD1OXYA1,1515.47,Fortra Price Book,EUR
01tWC00000DD1OXYA1,1301.33,Fortra Price Book,GBP
01tWC00000DD1OZYA1,6118,Fortra Price Book,AUD
01tWC00000DD1OZYA1,5433.75,Fortra Price Book,CAD
01tWC00000DD1OZYA1,3703,Fortra Price Book,EUR
01tWC00000DD1OZYA1,3179.75,Fortra Price Book,GBP
01tWC00000DD1ObYAL,2926,Fortra Price Book,AUD
01tWC00000DD1ObYAL,2598.75,Fortra Price Book,CAD
01tWC00000DD1ObYAL,1771,Fortra Price Book,EUR
01tWC00000DD1ObYAL,1520.75,Fortra Price Book,GBP
01tWC00000DD10PYAT,5700,Fortra Price Book,AUD
01tWC00000DD10PYAT,5062.5,Fortra Price Book,CAD
01tWC00000DD10PYAT,3450,Fortra Price Book,EUR
01tWC00000DD10PYAT,2962.5,Fortra Price Book,GBP
01tWC00000FBenxYAD,3750,Fortra Price Book,USD
01tWC00000DD1OhYAL,6118,Fortra Price Book,AUD
01tWC00000DD1OhYAL,5433.75,Fortra Price Book,CAD
01tWC00000DD1OhYAL,3703,Fortra Price Book,EUR
01tWC00000DD1OhYAL,3179.75,Fortra Price Book,GBP
01tWC00000DD1OjYAL,2926,Fortra Price Book,AUD
01tWC00000DD1OjYAL,2598.75,Fortra Price Book,CAD
01tWC00000DD1OjYAL,1771,Fortra Price Book,EUR
01tWC00000DD1OjYAL,1520.75,Fortra Price Book,GBP
01tWC00000DD13jYAD,1316.32,Fortra Price Book,AUD
01tWC00000DD13jYAD,1169.1,Fortra Price Book,CAD
01tWC00000DD13jYAD,796.72,Fortra Price Book,EUR
01tWC00000DD13jYAD,684.14,Fortra Price Book,GBP
01tWC00000DD13hYAD,2394,Fortra Price Book,AUD
01tWC00000DD13hYAD,2126.25,Fortra Price Book,CAD
01tWC00000DD13hYAD,1449,Fortra Price Book,EUR
01tWC00000DD13hYAD,1244.25,Fortra Price Book,GBP
01tWC00000DD13nYAD,3071.92,Fortra Price Book,AUD
01tWC00000DD13nYAD,2728.35,Fortra Price Book,CAD
01tWC00000DD13nYAD,1859.32,Fortra Price Book,EUR
01tWC00000DD13nYAD,1596.59,Fortra Price Book,GBP
01tWC00000DD13lYAD,5586,Fortra Price Book,AUD
01tWC00000DD13lYAD,4961.25,Fortra Price Book,CAD
01tWC00000DD13lYAD,3381,Fortra Price Book,EUR
01tWC00000DD13lYAD,2903.25,Fortra Price Book,GBP
01tWC00000DD155YAD,1368,Fortra Price Book,AUD
01tWC00000DD155YAD,1215,Fortra Price Book,CAD
01tWC00000DD155YAD,828,Fortra Price Book,EUR
01tWC00000DD155YAD,711,Fortra Price Book,GBP
01tWC00000DD10dYAD,6186.4,Fortra Price Book,AUD
01tWC00000DD10dYAD,5494.5,Fortra Price Book,CAD
01tWC00000DD10dYAD,3744.4,Fortra Price Book,EUR
01tWC00000DD10dYAD,3215.3,Fortra Price Book,GBP
01tWC00000FBenyYAD,3215.3,Fortra Price Book,USD
01tWC00000DD1OnYAL,413.82,Fortra Price Book,AUD
01tWC00000DD1OnYAL,367.54,Fortra Price Book,CAD
01tWC00000DD1OnYAL,250.47,Fortra Price Book,EUR
01tWC00000DD1OnYAL,215.08,Fortra Price Book,GBP
01tWC00000DD1OlYAL,752.4,Fortra Price Book,AUD
01tWC00000DD1OlYAL,668.25,Fortra Price Book,CAD
01tWC00000DD1OlYAL,455.4,Fortra Price Book,EUR
01tWC00000DD1OlYAL,391.05,Fortra Price Book,GBP
01tWC00000DD1OtYAL,25937.28,Fortra Price Book,AUD
01tWC00000DD1OtYAL,23036.4,Fortra Price Book,CAD
01tWC00000DD1OtYAL,15698.88,Fortra Price Book,EUR
01tWC00000DD15FYAT,1252.48,Fortra Price Book,AUD
01tWC00000DD15FYAT,1112.4,Fortra Price Book,CAD
01tWC00000DD15FYAT,758.08,Fortra Price Book,EUR
01tWC00000DD15FYAT,650.96,Fortra Price Book,GBP
01tWC00000DD15HYAT,91200,Fortra Price Book,AUD
01tWC00000DD15HYAT,81000,Fortra Price Book,CAD
01tWC00000DD15HYAT,55200,Fortra Price Book,EUR
01tWC00000DD15HYAT,47400,Fortra Price Book,GBP
01tWC00000DD15GYAT,91200,Fortra Price Book,AUD
01tWC00000DD1OtYAL,13480.56,Fortra Price Book,GBP
01tWC00000DD1OpYAL,54232.08,Fortra Price Book,AUD
01tWC00000DD1OpYAL,48166.65,Fortra Price Book,CAD
01tWC00000DD1OpYAL,32824.68,Fortra Price Book,EUR
01tWC00000DD1OpYAL,28186.41,Fortra Price Book,GBP
01tWC00000FBeofYAD,17064,Fortra Price Book,USD
01tWC00000FBeoeYAD,35679,Fortra Price Book,USD
01tWC00000DD1OuYAL,30912.24,Fortra Price Book,AUD
01tWC00000DD1OuYAL,27454.95,Fortra Price Book,CAD
01tWC00000DD1OuYAL,18710.04,Fortra Price Book,EUR
01tWC00000DD1OuYAL,16066.23,Fortra Price Book,GBP
01tWC00000DD1OqYAL,64631.92,Fortra Price Book,AUD
01tWC00000DD1OqYAL,57403.35,Fortra Price Book,CAD
01tWC00000DD1OqYAL,39119.32,Fortra Price Book,EUR
01tWC00000DD1OqYAL,33591.59,Fortra Price Book,GBP
01tWC00000FBeurYAD,42521,Fortra Price Book,USD
01tWC00000FBeutYAD,30912.24,Fortra Price Book,USD
01tWC00000FBeunYAD,64631.92,Fortra Price Book,USD
01tWC00000FBeumYAD,57403.35,Fortra Price Book,USD
01tWC00000DD1OvYAL,40143.2,Fortra Price Book,AUD
01tWC00000DD1OvYAL,35653.5,Fortra Price Book,CAD
01tWC00000DD1OvYAL,24297.2,Fortra Price Book,EUR
01tWC00000DD1OvYAL,20863.9,Fortra Price Book,GBP
01tWC00000DD1OrYAL,81198.4,Fortra Price Book,AUD
01tWC00000DD1OrYAL,72117,Fortra Price Book,CAD
01tWC00000DD1OrYAL,49146.4,Fortra Price Book,EUR
01tWC00000DD1OrYAL,42201.8,Fortra Price Book,GBP
01tWC00000FBeusYAD,53420,Fortra Price Book,USD
01tWC00000FBeuuYAD,20863.9,Fortra Price Book,USD
01tWC00000FBeupYAD,72117,Fortra Price Book,USD
01tWC00000FBeuoYAD,53420,Fortra Price Book,USD
01tWC00000DD1OxYAL,3800,Fortra Price Book,AUD
01tWC00000DD1OxYAL,3375,Fortra Price Book,CAD
01tWC00000DD1OxYAL,2300,Fortra Price Book,EUR
01tWC00000DD1OxYAL,1975,Fortra Price Book,GBP
01tWC00000DD10cYAD,48717.9,Fortra Price Book,AUD
01tWC00000DD10cYAD,43269.19,Fortra Price Book,CAD
01tWC00000DD10cYAD,29487.15,Fortra Price Book,EUR
01tWC00000DD10cYAD,25320.49,Fortra Price Book,GBP
01tWC00000FBeuqYAD,32051.25,Fortra Price Book,USD
01tWC00000DD1P0YAL,13680,Fortra Price Book,AUD
01tWC00000DD1P0YAL,12150,Fortra Price Book,CAD
01tWC00000DD1P0YAL,8280,Fortra Price Book,EUR
01tWC00000DD1P0YAL,7110,Fortra Price Book,GBP
01tWC00000DD1P2YAL,7524,Fortra Price Book,AUD
01tWC00000DD1P2YAL,6682.5,Fortra Price Book,CAD
01tWC00000DD1P2YAL,4554,Fortra Price Book,EUR
01tWC00000DD1P2YAL,3910.5,Fortra Price Book,GBP
01tWC00000DD15GYAT,81000,Fortra Price Book,CAD
01tWC00000DD15GYAT,55200,Fortra Price Book,EUR
01tWC00000DD15GYAT,47400,Fortra Price Book,GBP
01tWC00000DD15PYAT,4429.28,Fortra Price Book,AUD
01tWC00000DD15PYAT,3933.9,Fortra Price Book,CAD
01tWC00000DD15PYAT,2680.88,Fortra Price Book,EUR
01tWC00000DD15PYAT,2302.06,Fortra Price Book,GBP
01tWC00000DD15NYAT,8054.48,Fortra Price Book,AUD
01tWC00000DD15NYAT,7153.65,Fortra Price Book,CAD
01tWC00000DD15NYAT,4875.08,Fortra Price Book,EUR
01tWC00000DD15NYAT,4186.21,Fortra Price Book,GBP
01tWC00000DD15RYAT,19000,Fortra Price Book,AUD
01tWC00000DD15RYAT,16875,Fortra Price Book,CAD
01tWC00000DD15RYAT,11500,Fortra Price Book,EUR
01tWC00000DD15RYAT,9875,Fortra Price Book,GBP
01tWC00000FCDmRYAX,12500,Fortra Price Book,USD
01tWC00000DD15UYAT,418,Fortra Price Book,AUD
01tWC00000DD15UYAT,371.25,Fortra Price Book,CAD
01tWC00000DD15UYAT,253,Fortra Price Book,EUR
01tWC00000DD15UYAT,217.25,Fortra Price Book,GBP
01tWC00000DD15gYAD,3040,Fortra Price Book,AUD
01tWC00000DD15gYAD,2700,Fortra Price Book,CAD
01tWC00000DD15gYAD,1840,Fortra Price Book,EUR
01tWC00000DD15gYAD,1580,Fortra Price Book,GBP
01tWC00000FCGCTYA5,2700,Fortra Price Book,USD
01tWC00000DD15iYAD,760,Fortra Price Book,AUD
01tWC00000DD15iYAD,675,Fortra Price Book,CAD
01tWC00000DD15iYAD,460,Fortra Price Book,EUR
01tWC00000DD15iYAD,395,Fortra Price Book,GBP
01tWC00000DD16WYAT,418,Fortra Price Book,AUD
01tWC00000DD16WYAT,371.25,Fortra Price Book,CAD
01tWC00000DD16WYAT,253,Fortra Price Book,EUR
01tWC00000DD16WYAT,217.25,Fortra Price Book,GBP
01tWC00000DD16XYAT,74.48,Fortra Price Book,AUD
01tWC00000DD16XYAT,66.15,Fortra Price Book,CAD
01tWC00000DD16XYAT,45.08,Fortra Price Book,EUR
01tWC00000DD16XYAT,38.71,Fortra Price Book,GBP
01tWC00000DD16aYAD,2770.96,Fortra Price Book,AUD
01tWC00000DD16aYAD,2461.05,Fortra Price Book,CAD
01tWC00000DD16aYAD,1677.16,Fortra Price Book,EUR
01tWC00000DD16aYAD,1440.17,Fortra Price Book,GBP
01tWC00000DD16cYAD,1524.64,Fortra Price Book,AUD
01tWC00000DD16cYAD,1354.12,Fortra Price Book,CAD
01tWC00000DD16cYAD,922.81,Fortra Price Book,EUR
01tWC00000DD16cYAD,792.41,Fortra Price Book,GBP
01tWC00000FCGCbYAP,1003.05,Fortra Price Book,USD
01tWC00000FCGCZYA5,1823,Fortra Price Book,USD
01tWC00000DD1P6YAL,7600,Fortra Price Book,AUD
01tWC00000DD1P6YAL,6750,Fortra Price Book,CAD
01tWC00000DD1P6YAL,4600,Fortra Price Book,EUR
01tWC00000DD1P6YAL,3950,Fortra Price Book,GBP
01tWC00000DD1P4YAL,15889.32,Fortra Price Book,AUD
01tWC00000DD1P4YAL,14112.23,Fortra Price Book,CAD
01tWC00000DD1P4YAL,9617.22,Fortra Price Book,EUR
01tWC00000DD1P4YAL,8258.27,Fortra Price Book,GBP
01tWC00000FBev4YAD,7600,Fortra Price Book,USD
01tWC00000FBev2YAD,10453.5,Fortra Price Book,USD
01tWC00000DD1PAYA1,14212,Fortra Price Book,AUD
01tWC00000DD1PAYA1,12622.5,Fortra Price Book,CAD
01tWC00000DD1PAYA1,8602,Fortra Price Book,EUR
01tWC00000DD1PAYA1,7386.5,Fortra Price Book,GBP
01tWC00000DD1P8YAL,29716,Fortra Price Book,AUD
01tWC00000DD1P8YAL,26392.5,Fortra Price Book,CAD
01tWC00000DD1P8YAL,17986,Fortra Price Book,EUR
01tWC00000DD1P8YAL,15444.5,Fortra Price Book,GBP
01tWC00000FBev8YAD,14212,Fortra Price Book,USD
01tWC00000FBev6YAD,19550,Fortra Price Book,USD
01tWC00000DD1PCYA1,9120,Fortra Price Book,AUD
01tWC00000DD1PCYA1,8100,Fortra Price Book,CAD
01tWC00000DD1PCYA1,5520,Fortra Price Book,EUR
01tWC00000DD1PCYA1,4740,Fortra Price Book,GBP
01tWC00000DD1PEYA1,10450,Fortra Price Book,AUD
01tWC00000DD1PEYA1,9281.25,Fortra Price Book,CAD
01tWC00000DD1PEYA1,6325,Fortra Price Book,EUR
01tWC00000DD1PEYA1,5431.25,Fortra Price Book,GBP
01tWC00000DD1OcYAL,836,Fortra Price Book,AUD
01tWC00000DD1OcYAL,742.5,Fortra Price Book,CAD
01tWC00000DD1OcYAL,506,Fortra Price Book,EUR
01tWC00000DD1OcYAL,434.5,Fortra Price Book,GBP
01tWC00000DD1PiYAL,209.76,Fortra Price Book,AUD
01tWC00000DD1PiYAL,186.3,Fortra Price Book,CAD
01tWC00000DD1PiYAL,126.96,Fortra Price Book,EUR
01tWC00000DD1PiYAL,109.02,Fortra Price Book,GBP
01tWC00000FBd5ZYAT,138,Fortra Price Book,USD
01tWC00000DD1PjYAL,304,Fortra Price Book,AUD
01tWC00000DD1PjYAL,270,Fortra Price Book,CAD
01tWC00000DD1PjYAL,184,Fortra Price Book,EUR
01tWC00000DD1PjYAL,158,Fortra Price Book,GBP
01tWC00000FBd5aYAD,200,Fortra Price Book,USD
01tWC00000DD1PkYAL,334.4,Fortra Price Book,AUD
01tWC00000DD1PkYAL,297,Fortra Price Book,CAD
01tWC00000DD1PkYAL,202.4,Fortra Price Book,EUR
01tWC00000DD1PkYAL,173.8,Fortra Price Book,GBP
01tWC00000FBd5bYAD,220,Fortra Price Book,USD
01tWC00000DD1PlYAL,380,Fortra Price Book,AUD
01tWC00000DD1PlYAL,337.5,Fortra Price Book,CAD
01tWC00000DD1PlYAL,230,Fortra Price Book,EUR
01tWC00000DD1PlYAL,197.5,Fortra Price Book,GBP
01tWC00000FBd5cYAD,250,Fortra Price Book,USD
01tWC00000DD1PmYAL,418,Fortra Price Book,AUD
01tWC00000DD1PmYAL,371.25,Fortra Price Book,CAD
01tWC00000DD1PmYAL,253,Fortra Price Book,EUR
01tWC00000DD1PmYAL,217.25,Fortra Price Book,GBP
01tWC00000FBd5dYAD,275,Fortra Price Book,USD
01tWC00000DD1PnYAL,380,Fortra Price Book,AUD
01tWC00000DD1PnYAL,337.5,Fortra Price Book,CAD
01tWC00000DD1PnYAL,230,Fortra Price Book,EUR
01tWC00000DD1PnYAL,197.5,Fortra Price Book,GBP
01tWC00000FBd5eYAD,250,Fortra Price Book,USD
01tWC00000DD1PoYAL,418,Fortra Price Book,AUD
01tWC00000DD1PoYAL,371.25,Fortra Price Book,CAD
01tWC00000DD1PoYAL,253,Fortra Price Book,EUR
01tWC00000DD1PoYAL,217.25,Fortra Price Book,GBP
01tWC00000FBd5fYAD,275,Fortra Price Book,USD
01tWC00000DD1PyYAL,9576,Fortra Price Book,AUD
01tWC00000DD1PyYAL,8505,Fortra Price Book,CAD
01tWC00000DD1PyYAL,5796,Fortra Price Book,EUR
01tWC00000DD1PyYAL,4977,Fortra Price Book,GBP
01tWC00000DD1PzYAL,5266.8,Fortra Price Book,AUD
01tWC00000DD1PzYAL,4677.75,Fortra Price Book,CAD
01tWC00000DD1PzYAL,3187.8,Fortra Price Book,EUR
01tWC00000DD1PzYAL,2737.35,Fortra Price Book,GBP
01tWC00000FBd69YAD,6300,Fortra Price Book,USD
01tWC00000DD19xYAD,5548,Fortra Price Book,AUD
01tWC00000DD19xYAD,4927.5,Fortra Price Book,CAD
01tWC00000DD19xYAD,3358,Fortra Price Book,EUR
01tWC00000DD19xYAD,2883.5,Fortra Price Book,GBP
01tWC00000DD19zYAD,3052.16,Fortra Price Book,AUD
01tWC00000DD19zYAD,2710.8,Fortra Price Book,CAD
01tWC00000DD19zYAD,1847.36,Fortra Price Book,EUR
01tWC00000DD19zYAD,1586.32,Fortra Price Book,GBP
01tWC00000DD1RhYAL,23365.44,Fortra Price Book,AUD
01tWC00000DD1RhYAL,20752.2,Fortra Price Book,CAD
01tWC00000DD1RhYAL,14142.24,Fortra Price Book,EUR
01tWC00000DD1RhYAL,12143.88,Fortra Price Book,GBP
01tWC00000DD1RiYAL,12851.6,Fortra Price Book,AUD
01tWC00000DD1RiYAL,11414.25,Fortra Price Book,CAD
01tWC00000DD1RiYAL,7778.6,Fortra Price Book,EUR
01tWC00000DD1RiYAL,6679.45,Fortra Price Book,GBP
01tWC00000FBd6AYAT,15372,Fortra Price Book,USD
01tWC00000DD1UqYAL,4213.44,Fortra Price Book,AUD
01tWC00000DD1UqYAL,3742.2,Fortra Price Book,CAD
01tWC00000DD1UqYAL,2550.24,Fortra Price Book,EUR
01tWC00000DD1UqYAL,2189.88,Fortra Price Book,GBP
01tWC00000DD1UrYAL,2318,Fortra Price Book,AUD
01tWC00000DD1UrYAL,2058.75,Fortra Price Book,CAD
01tWC00000DD1UrYAL,1403,Fortra Price Book,EUR
01tWC00000DD1UrYAL,1204.75,Fortra Price Book,GBP
01tWC00000DD1A1YAL,1664.4,Fortra Price Book,AUD
01tWC00000DD1A1YAL,1478.25,Fortra Price Book,CAD
01tWC00000DD1A1YAL,1007.4,Fortra Price Book,EUR
01tWC00000DD1A1YAL,865.05,Fortra Price Book,GBP
01tWC00000DD1A3YAL,915.04,Fortra Price Book,AUD
01tWC00000DD1A3YAL,812.7,Fortra Price Book,CAD
01tWC00000DD1A3YAL,553.84,Fortra Price Book,EUR
01tWC00000DD1A3YAL,475.58,Fortra Price Book,GBP
01tWC00000DD1C9YAL,1614.24,Fortra Price Book,AUD
01tWC00000DD1C9YAL,1433.7,Fortra Price Book,CAD
01tWC00000DD1C9YAL,977.04,Fortra Price Book,EUR
01tWC00000DD1C9YAL,838.98,Fortra Price Book,GBP
01tWC00000DD1C7YAL,2933.6,Fortra Price Book,AUD
01tWC00000DD1C7YAL,2605.5,Fortra Price Book,CAD
01tWC00000DD1C7YAL,1775.6,Fortra Price Book,EUR
01tWC00000DD1C7YAL,1524.7,Fortra Price Book,GBP
01tWC00000FBd6BYAT,2772,Fortra Price Book,USD
01tWC00000DD1ciYAD,79800,Fortra Price Book,AUD
01tWC00000DD1ciYAD,70875,Fortra Price Book,CAD
01tWC00000DD1ciYAD,48300,Fortra Price Book,EUR
01tWC00000DD1ciYAD,41475,Fortra Price Book,GBP
01tWC00000FBd6DYAT,52500,Fortra Price Book,USD
01tWC00000FBd6CYAT,52500,Fortra Price Book,USD
01tWC00000DD1csYAD,1.52,Fortra Price Book,AUD
01tWC00000DD1csYAD,1.35,Fortra Price Book,CAD
01tWC00000DD1csYAD,0.92,Fortra Price Book,EUR
01tWC00000DD1csYAD,0.79,Fortra Price Book,GBP
01tWC00000FBd5tYAD,1,Fortra Price Book,USD
01tWC00000DD1cuYAD,10640,Fortra Price Book,AUD
01tWC00000DD1cuYAD,9450,Fortra Price Book,CAD
01tWC00000DD1cuYAD,6440,Fortra Price Book,EUR
01tWC00000DD1cuYAD,5530,Fortra Price Book,GBP
01tWC00000FBd5uYAD,7000,Fortra Price Book,USD
01tWC00000DD1cvYAD,5342.8,Fortra Price Book,AUD
01tWC00000DD1cvYAD,4745.25,Fortra Price Book,CAD
01tWC00000DD1cvYAD,3233.8,Fortra Price Book,EUR
01tWC00000DD1cvYAD,2776.85,Fortra Price Book,GBP
01tWC00000FBd5vYAD,3515,Fortra Price Book,USD
01tWC00000DD1cwYAD,10640,Fortra Price Book,AUD
01tWC00000DD1cwYAD,9450,Fortra Price Book,CAD
01tWC00000DD1cwYAD,6440,Fortra Price Book,EUR
01tWC00000DD1cwYAD,5530,Fortra Price Book,GBP
01tWC00000DD1cxYAD,6080,Fortra Price Book,AUD
01tWC00000DD1cxYAD,5400,Fortra Price Book,CAD
01tWC00000DD1cxYAD,3680,Fortra Price Book,EUR
01tWC00000DD1cxYAD,3160,Fortra Price Book,GBP
01tWC00000FBd5xYAD,4000,Fortra Price Book,USD
01tWC00000DD1cyYAD,380,Fortra Price Book,AUD
01tWC00000DD1cyYAD,337.5,Fortra Price Book,CAD
01tWC00000DD1cyYAD,230,Fortra Price Book,EUR
01tWC00000DD1cyYAD,197.5,Fortra Price Book,GBP
01tWC00000FBd5yYAD,250,Fortra Price Book,USD
01tWC00000DD1czYAD,15200,Fortra Price Book,AUD
01tWC00000DD1czYAD,13500,Fortra Price Book,CAD
01tWC00000DD1czYAD,9200,Fortra Price Book,EUR
01tWC00000DD1czYAD,7900,Fortra Price Book,GBP
01tWC00000FBd5zYAD,10000,Fortra Price Book,USD
01tWC00000DD1d0YAD,12699.6,Fortra Price Book,AUD
01tWC00000DD1d0YAD,11279.25,Fortra Price Book,CAD
01tWC00000DD1d0YAD,7686.6,Fortra Price Book,EUR
01tWC00000DD1d0YAD,6600.45,Fortra Price Book,GBP
01tWC00000FBd60YAD,8355,Fortra Price Book,USD
01tWC00000DD1d1YAD,6080,Fortra Price Book,AUD
01tWC00000DD1d1YAD,5400,Fortra Price Book,CAD
01tWC00000DD1d1YAD,3680,Fortra Price Book,EUR
01tWC00000DD1d1YAD,3160,Fortra Price Book,GBP
01tWC00000FBd61YAD,4000,Fortra Price Book,USD
01tWC00000DD1d2YAD,6080,Fortra Price Book,AUD
01tWC00000DD1d2YAD,5400,Fortra Price Book,CAD
01tWC00000DD1d2YAD,3680,Fortra Price Book,EUR
01tWC00000DD1d2YAD,3160,Fortra Price Book,GBP
01tWC00000FBd62YAD,4000,Fortra Price Book,USD
01tWC00000DD1d3YAD,9021.2,Fortra Price Book,AUD
01tWC00000DD1d3YAD,8012.25,Fortra Price Book,CAD
01tWC00000DD1d3YAD,5460.2,Fortra Price Book,EUR
01tWC00000DD1d3YAD,4688.65,Fortra Price Book,GBP
01tWC00000DD112YAD,109.44,Fortra Price Book,AUD
01tWC00000DD112YAD,97.2,Fortra Price Book,CAD
01tWC00000DD112YAD,66.24,Fortra Price Book,EUR
01tWC00000DD112YAD,56.88,Fortra Price Book,GBP
01tWC00000FBWolYAH,72,Fortra Price Book,USD
01tWC00000DD1DoYAL,760,Fortra Price Book,AUD
01tWC00000DD1DoYAL,675,Fortra Price Book,CAD
01tWC00000DD1DoYAL,460,Fortra Price Book,EUR
01tWC00000DD1DoYAL,395,Fortra Price Book,GBP
01tWC00000DD1DqYAL,1452.59,Fortra Price Book,AUD
01tWC00000DD1DqYAL,1290.13,Fortra Price Book,CAD
01tWC00000DD1DqYAL,879.2,Fortra Price Book,EUR
01tWC00000DD1DqYAL,754.96,Fortra Price Book,GBP
01tWC00000FCGD8YAP,500,Fortra Price Book,USD
01tWC00000DD1KgYAL,9386,Fortra Price Book,AUD
01tWC00000DD1KgYAL,8336.25,Fortra Price Book,CAD
01tWC00000DD1KgYAL,5681,Fortra Price Book,EUR
01tWC00000DD1KgYAL,4878.25,Fortra Price Book,GBP
01tWC00000DD1KhYAL,4560,Fortra Price Book,AUD
01tWC00000DD1KhYAL,4050,Fortra Price Book,CAD
01tWC00000DD1KhYAL,2760,Fortra Price Book,EUR
01tWC00000DD1KhYAL,2370,Fortra Price Book,GBP
01tWC00000FBWvDYAX,2370,Fortra Price Book,USD
01tWC00000DD10xYAD,1421.2,Fortra Price Book,AUD
01tWC00000DD10xYAD,1262.25,Fortra Price Book,CAD
01tWC00000DD10xYAD,860.2,Fortra Price Book,EUR
01tWC00000DD10xYAD,738.65,Fortra Price Book,GBP
01tWC00000DD1KiYAL,2232.88,Fortra Price Book,AUD
01tWC00000DD1KiYAL,1983.15,Fortra Price Book,CAD
01tWC00000DD1KiYAL,1351.48,Fortra Price Book,EUR
01tWC00000DD1KiYAL,1160.51,Fortra Price Book,GBP
01tWC00000DD1KjYAL,2266.32,Fortra Price Book,AUD
01tWC00000DD1KjYAL,2012.85,Fortra Price Book,CAD
01tWC00000DD1KjYAL,1371.72,Fortra Price Book,EUR
01tWC00000DD1KjYAL,1177.89,Fortra Price Book,GBP
01tWC00000DD1KkYAL,3599.36,Fortra Price Book,AUD
01tWC00000DD1KkYAL,3196.8,Fortra Price Book,CAD
01tWC00000DD1KkYAL,2178.56,Fortra Price Book,EUR
01tWC00000DD1KkYAL,1870.72,Fortra Price Book,GBP
01tWC00000DD1KlYAL,3122.08,Fortra Price Book,AUD
01tWC00000DD1KlYAL,2772.9,Fortra Price Book,CAD
01tWC00000DD1KlYAL,1889.68,Fortra Price Book,EUR
01tWC00000DD1KlYAL,1622.66,Fortra Price Book,GBP
01tWC00000DD1KmYAL,2365.12,Fortra Price Book,AUD
01tWC00000DD1KmYAL,2100.6,Fortra Price Book,CAD
01tWC00000DD1KmYAL,1431.52,Fortra Price Book,EUR
01tWC00000DD1KmYAL,1229.24,Fortra Price Book,GBP
01tWC00000DD1KnYAL,3040,Fortra Price Book,AUD
01tWC00000DD1KnYAL,2700,Fortra Price Book,CAD
01tWC00000DD1KnYAL,1840,Fortra Price Book,EUR
01tWC00000DD1KnYAL,1580,Fortra Price Book,GBP
01tWC00000DD1KuYAL,582.16,Fortra Price Book,AUD
01tWC00000DD1KuYAL,517.05,Fortra Price Book,CAD
01tWC00000DD1KuYAL,352.36,Fortra Price Book,EUR
01tWC00000DD1KuYAL,302.57,Fortra Price Book,GBP
01tWC00000DD1KvYAL,3768.08,Fortra Price Book,AUD
01tWC00000DD1KvYAL,3346.65,Fortra Price Book,CAD
01tWC00000DD1KvYAL,2280.68,Fortra Price Book,EUR
01tWC00000DD1KvYAL,1958.41,Fortra Price Book,GBP
01tWC00000DD1KwYAL,456,Fortra Price Book,AUD
01tWC00000DD1KwYAL,405,Fortra Price Book,CAD
01tWC00000DD1KwYAL,276,Fortra Price Book,EUR
01tWC00000DD1KwYAL,237,Fortra Price Book,GBP
01tWC00000FBWvHYAX,237,Fortra Price Book,USD
01tWC00000FBd63YAD,5935,Fortra Price Book,USD
01tWC00000DD1d4YAD,6080,Fortra Price Book,AUD
01tWC00000DD1d4YAD,5400,Fortra Price Book,CAD
01tWC00000DD1d4YAD,3680,Fortra Price Book,EUR
01tWC00000DD1d4YAD,3160,Fortra Price Book,GBP
01tWC00000FBd64YAD,4000,Fortra Price Book,USD
01tWC00000DD1d5YAD,10640,Fortra Price Book,AUD
01tWC00000DD1d5YAD,9450,Fortra Price Book,CAD
01tWC00000DD1d5YAD,6440,Fortra Price Book,EUR
01tWC00000DD1d5YAD,5530,Fortra Price Book,GBP
01tWC00000FBd65YAD,7000,Fortra Price Book,USD
01tWC00000DD1d6YAD,5342.8,Fortra Price Book,AUD
01tWC00000DD1d6YAD,4745.25,Fortra Price Book,CAD
01tWC00000DD1d6YAD,3233.8,Fortra Price Book,EUR
01tWC00000DD1d6YAD,2776.85,Fortra Price Book,GBP
01tWC00000FBd66YAD,3515,Fortra Price Book,USD
01tWC00000DD1WfYAL,2576.4,Fortra Price Book,AUD
01tWC00000DD1WfYAL,2288.25,Fortra Price Book,CAD
01tWC00000DD1WfYAL,1559.4,Fortra Price Book,EUR
01tWC00000DD1WfYAL,1339.05,Fortra Price Book,GBP
01tWC00000DD1WgYAL,23940,Fortra Price Book,AUD
01tWC00000DD1WgYAL,21262.5,Fortra Price Book,CAD
01tWC00000DD1WgYAL,14490,Fortra Price Book,EUR
01tWC00000DD1WgYAL,12442.5,Fortra Price Book,GBP
01tWC00000DD1WhYAL,380,Fortra Price Book,AUD
01tWC00000DD1WhYAL,337.5,Fortra Price Book,CAD
01tWC00000DD1WhYAL,230,Fortra Price Book,EUR
01tWC00000DD1WhYAL,197.5,Fortra Price Book,GBP
01tWC00000DD1WiYAL,23940,Fortra Price Book,AUD
01tWC00000DD1WiYAL,21262.5,Fortra Price Book,CAD
01tWC00000DD1WiYAL,14490,Fortra Price Book,EUR
01tWC00000DD1WiYAL,12442.5,Fortra Price Book,GBP
01tWC00000DD1WjYAL,15200,Fortra Price Book,AUD
01tWC00000DD1WjYAL,13500,Fortra Price Book,CAD
01tWC00000DD1WjYAL,9200,Fortra Price Book,EUR
01tWC00000DD1WjYAL,7900,Fortra Price Book,GBP
01tWC00000DD1WkYAL,5342.8,Fortra Price Book,AUD
01tWC00000DD1WkYAL,4745.25,Fortra Price Book,CAD
01tWC00000DD1WkYAL,3233.8,Fortra Price Book,EUR
01tWC00000DD1WkYAL,2776.85,Fortra Price Book,GBP
01tWC00000DD1WlYAL,2576.4,Fortra Price Book,AUD
01tWC00000DD1WlYAL,2288.25,Fortra Price Book,CAD
01tWC00000DD1WlYAL,1559.4,Fortra Price Book,EUR
01tWC00000DD1WlYAL,1339.05,Fortra Price Book,GBP
01tWC00000DD1WmYAL,6080,Fortra Price Book,AUD
01tWC00000DD1WmYAL,5400,Fortra Price Book,CAD
01tWC00000DD1WmYAL,3680,Fortra Price Book,EUR
01tWC00000DD1WmYAL,3160,Fortra Price Book,GBP
01tWC00000DD1XIYA1,9576,Fortra Price Book,AUD
01tWC00000DD1XIYA1,8505,Fortra Price Book,CAD
01tWC00000DD1XIYA1,5796,Fortra Price Book,EUR
01tWC00000DD1XIYA1,4977,Fortra Price Book,GBP
01tWC00000DD1XJYA1,5266.8,Fortra Price Book,AUD
01tWC00000DD1XJYA1,4677.75,Fortra Price Book,CAD
01tWC00000DD1XJYA1,3187.8,Fortra Price Book,EUR
01tWC00000DD1XJYA1,2737.35,Fortra Price Book,GBP
01tWC00000DD1dzYAD,2298.24,Fortra Price Book,AUD
01tWC00000DD1dzYAD,2041.2,Fortra Price Book,CAD
01tWC00000DD1dzYAD,1391.04,Fortra Price Book,EUR
01tWC00000DD1dzYAD,1194.48,Fortra Price Book,GBP
01tWC00000DD1e0YAD,4750,Fortra Price Book,AUD
01tWC00000DD1e0YAD,4218.75,Fortra Price Book,CAD
01tWC00000DD1e0YAD,2875,Fortra Price Book,EUR
01tWC00000DD1e0YAD,2468.75,Fortra Price Book,GBP
01tWC00000DD1ecYAD,3800,Fortra Price Book,AUD
01tWC00000DD1ecYAD,3375,Fortra Price Book,CAD
01tWC00000DD1ecYAD,2300,Fortra Price Book,EUR
01tWC00000DD1ecYAD,1975,Fortra Price Book,GBP
01tWC00000DD1edYAD,21375,Fortra Price Book,AUD
01tWC00000DD1edYAD,18984.38,Fortra Price Book,CAD
01tWC00000DD1edYAD,12937.5,Fortra Price Book,EUR
01tWC00000DD1edYAD,11109.38,Fortra Price Book,GBP
01tWC00000DD1kZYAT,9576,Fortra Price Book,AUD
01tWC00000DD1kZYAT,8505,Fortra Price Book,CAD
01tWC00000DD1kZYAT,5796,Fortra Price Book,EUR
01tWC00000DD1kZYAT,4977,Fortra Price Book,GBP
01tWC00000DD1kaYAD,5266.8,Fortra Price Book,AUD
01tWC00000DD1kaYAD,4677.75,Fortra Price Book,CAD
01tWC00000DD1kaYAD,3187.8,Fortra Price Book,EUR
01tWC00000DD1kaYAD,2737.35,Fortra Price Book,GBP
01tWC00000DD1kdYAD,6384,Fortra Price Book,AUD
01tWC00000DD1kdYAD,5670,Fortra Price Book,CAD
01tWC00000DD1kdYAD,3864,Fortra Price Book,EUR
01tWC00000DD1kdYAD,3318,Fortra Price Book,GBP
01tWC00000DD1l6YAD,10533.6,Fortra Price Book,AUD
01tWC00000DD1l6YAD,9355.5,Fortra Price Book,CAD
01tWC00000DD1l6YAD,6375.6,Fortra Price Book,EUR
01tWC00000DD1l6YAD,5474.7,Fortra Price Book,GBP
01tWC00000DD1l7YAD,5794.24,Fortra Price Book,AUD
01tWC00000DD1l7YAD,5146.2,Fortra Price Book,CAD
01tWC00000DD1l7YAD,3507.04,Fortra Price Book,EUR
01tWC00000DD1l7YAD,3011.48,Fortra Price Book,GBP
01tWC00000DD1lnYAD,39900,Fortra Price Book,AUD
01tWC00000DD1lnYAD,35437.5,Fortra Price Book,CAD
01tWC00000DD1lnYAD,24150,Fortra Price Book,EUR
01tWC00000DD1lnYAD,20737.5,Fortra Price Book,GBP
01tWC00000DCxmFYAT,7660.8,Fortra Price Book,AUD
01tWC00000DCxmFYAT,6804,Fortra Price Book,CAD
01tWC00000DCxmFYAT,4636.8,Fortra Price Book,EUR
01tWC00000DCxmFYAT,3981.6,Fortra Price Book,GBP
01tWC00000DCxmGYAT,13538.64,Fortra Price Book,AUD
01tWC00000DCxmGYAT,12024.45,Fortra Price Book,CAD
01tWC00000DCxmGYAT,8194.44,Fortra Price Book,EUR
01tWC00000DCxmGYAT,7036.53,Fortra Price Book,GBP
01tWC00000DD1yBYAT,3648,Fortra Price Book,AUD
01tWC00000DD1yBYAT,3240,Fortra Price Book,CAD
01tWC00000DD1yBYAT,2208,Fortra Price Book,EUR
01tWC00000DD1yBYAT,1896,Fortra Price Book,GBP
01tWC00000DD1LAYA1,4788,Fortra Price Book,AUD
01tWC00000DD1LAYA1,4252.5,Fortra Price Book,CAD
01tWC00000DD1LAYA1,2898,Fortra Price Book,EUR
01tWC00000DD1LAYA1,2488.5,Fortra Price Book,GBP
01tWC00000DD1LBYA1,559.36,Fortra Price Book,AUD
01tWC00000DD1LBYA1,496.8,Fortra Price Book,CAD
01tWC00000DD1LBYA1,338.56,Fortra Price Book,EUR
01tWC00000DD1LBYA1,290.72,Fortra Price Book,GBP
01tWC00000DD111YAD,4.56,Fortra Price Book,AUD
01tWC00000DD111YAD,4.05,Fortra Price Book,CAD
01tWC00000DD111YAD,2.76,Fortra Price Book,EUR
01tWC00000DD111YAD,2.37,Fortra Price Book,GBP
01tWC00000FBWokYAH,4.56,Fortra Price Book,USD
01tWC00000DD1LEYA1,313.12,Fortra Price Book,AUD
01tWC00000DD1LEYA1,278.1,Fortra Price Book,CAD
01tWC00000DD1LEYA1,189.52,Fortra Price Book,EUR
01tWC00000DD1LEYA1,162.74,Fortra Price Book,GBP
01tWC00000DD1LFYA1,291.84,Fortra Price Book,AUD
01tWC00000DD1LFYA1,259.2,Fortra Price Book,CAD
01tWC00000DD1LFYA1,176.64,Fortra Price Book,EUR
01tWC00000DD1LFYA1,151.68,Fortra Price Book,GBP
01tWC00000DD1LGYA1,18240,Fortra Price Book,AUD
01tWC00000DD1LGYA1,16200,Fortra Price Book,CAD
01tWC00000DD1LGYA1,11040,Fortra Price Book,EUR
01tWC00000DD1LGYA1,9480,Fortra Price Book,GBP
01tWC00000DD1LHYA1,72960,Fortra Price Book,AUD
01tWC00000DD1LHYA1,64800,Fortra Price Book,CAD
01tWC00000DD1LHYA1,44160,Fortra Price Book,EUR
01tWC00000DD1LHYA1,37920,Fortra Price Book,GBP
01tWC00000DD1LIYA1,3800,Fortra Price Book,AUD
01tWC00000DD1LIYA1,3375,Fortra Price Book,CAD
01tWC00000DD1LIYA1,2300,Fortra Price Book,EUR
01tWC00000DD1LIYA1,1975,Fortra Price Book,GBP
01tWC00000FBWpIYAX,2500,Fortra Price Book,USD
01tWC00000DD1LJYA1,3768.08,Fortra Price Book,AUD
01tWC00000DD1LJYA1,3346.65,Fortra Price Book,CAD
01tWC00000DD1LJYA1,2280.68,Fortra Price Book,EUR
01tWC00000DD1LJYA1,1958.41,Fortra Price Book,GBP
01tWC00000DD110YAD,1421.2,Fortra Price Book,AUD
01tWC00000DD110YAD,1262.25,Fortra Price Book,CAD
01tWC00000DD110YAD,860.2,Fortra Price Book,EUR
01tWC00000DD110YAD,738.65,Fortra Price Book,GBP
01tWC00000DD1LKYA1,1421.2,Fortra Price Book,AUD
01tWC00000DD1LKYA1,1262.25,Fortra Price Book,CAD
01tWC00000DD1LKYA1,860.2,Fortra Price Book,EUR
01tWC00000DD1LKYA1,738.65,Fortra Price Book,GBP
01tWC00000FBWojYAH,1262.25,Fortra Price Book,USD
01tWC00000DD1LLYA1,2232.88,Fortra Price Book,AUD
01tWC00000DD1LLYA1,1983.15,Fortra Price Book,CAD
01tWC00000DD1LLYA1,1351.48,Fortra Price Book,EUR
01tWC00000DD1LLYA1,1160.51,Fortra Price Book,GBP
01tWC00000DD1LMYA1,3599.36,Fortra Price Book,AUD
01tWC00000DD1LMYA1,3196.8,Fortra Price Book,CAD
01tWC00000DD1LMYA1,2178.56,Fortra Price Book,EUR
01tWC00000DD1LMYA1,1870.72,Fortra Price Book,GBP
01tWC00000DD1LNYA1,2266.32,Fortra Price Book,AUD
01tWC00000DD1LNYA1,2012.85,Fortra Price Book,CAD
01tWC00000DD1LNYA1,1371.72,Fortra Price Book,EUR
01tWC00000DD1LNYA1,1177.89,Fortra Price Book,GBP
01tWC00000DD1LOYA1,3122.08,Fortra Price Book,AUD
01tWC00000DD1LOYA1,2772.9,Fortra Price Book,CAD
01tWC00000DD1LOYA1,1889.68,Fortra Price Book,EUR
01tWC00000DD1LOYA1,1622.66,Fortra Price Book,GBP
01tWC00000FBWpOYAX,1622.66,Fortra Price Book,USD
01tWC00000DD1LPYA1,2365.12,Fortra Price Book,AUD
01tWC00000DD1LPYA1,2100.6,Fortra Price Book,CAD
01tWC00000DD1LPYA1,1431.52,Fortra Price Book,EUR
01tWC00000DD1LPYA1,1229.24,Fortra Price Book,GBP
01tWC00000DD1LQYA1,3768.08,Fortra Price Book,AUD
01tWC00000DD1LQYA1,3346.65,Fortra Price Book,CAD
01tWC00000DD1LQYA1,2280.68,Fortra Price Book,EUR
01tWC00000DD1LQYA1,1958.41,Fortra Price Book,GBP
01tWC00000DD1LRYA1,4788,Fortra Price Book,AUD
01tWC00000DD1LRYA1,4252.5,Fortra Price Book,CAD
01tWC00000DD1LRYA1,2898,Fortra Price Book,EUR
01tWC00000DD1LRYA1,2488.5,Fortra Price Book,GBP
01tWC00000DD1LUYA1,559.36,Fortra Price Book,AUD
01tWC00000DD1LUYA1,496.8,Fortra Price Book,CAD
01tWC00000DD1LUYA1,338.56,Fortra Price Book,EUR
01tWC00000DD1LUYA1,290.72,Fortra Price Book,GBP
01tWC00000DD1PRYA1,723.52,Fortra Price Book,AUD
01tWC00000DD1PRYA1,642.6,Fortra Price Book,CAD
01tWC00000DD1PRYA1,437.92,Fortra Price Book,EUR
01tWC00000DD1PRYA1,376.04,Fortra Price Book,GBP
01tWC00000DD1PPYA1,1314.8,Fortra Price Book,AUD
01tWC00000DD1PPYA1,1167.75,Fortra Price Book,CAD
01tWC00000DD1PPYA1,795.8,Fortra Price Book,EUR
01tWC00000DD1PPYA1,683.35,Fortra Price Book,GBP
01tWC00000DD1PVYA1,3071.92,Fortra Price Book,AUD
01tWC00000DD1PVYA1,2728.35,Fortra Price Book,CAD
01tWC00000DD1PVYA1,1859.32,Fortra Price Book,EUR
01tWC00000DD1PVYA1,1596.59,Fortra Price Book,GBP
01tWC00000DD1PTYA1,5586,Fortra Price Book,AUD
01tWC00000DD1PTYA1,4961.25,Fortra Price Book,CAD
01tWC00000DD1PTYA1,3381,Fortra Price Book,EUR
01tWC00000DD1PTYA1,2903.25,Fortra Price Book,GBP
01tWC00000DD1PXYA1,418,Fortra Price Book,AUD
01tWC00000DD1PXYA1,371.25,Fortra Price Book,CAD
01tWC00000DD1PXYA1,253,Fortra Price Book,EUR
01tWC00000DD1PXYA1,217.25,Fortra Price Book,GBP
01tWC00000FCD1FYAX,275,Fortra Price Book,USD
01tWC00000DD1PWYA1,456,Fortra Price Book,AUD
01tWC00000DD1PWYA1,405,Fortra Price Book,CAD
01tWC00000DD1PWYA1,276,Fortra Price Book,EUR
01tWC00000DD1PWYA1,237,Fortra Price Book,GBP
01tWC00000DCwWxYAL,10640,Fortra Price Book,AUD
01tWC00000DCwWxYAL,9450,Fortra Price Book,CAD
01tWC00000DCwWxYAL,6440,Fortra Price Book,EUR
01tWC00000DCwWxYAL,5530,Fortra Price Book,GBP
01tWC00000DD1QDYA1,5852,Fortra Price Book,AUD
01tWC00000DD1QDYA1,5197.5,Fortra Price Book,CAD
01tWC00000DD1QDYA1,3542,Fortra Price Book,EUR
01tWC00000DD1QDYA1,3041.5,Fortra Price Book,GBP
01tWC00000FCD0tYAH,10640,Fortra Price Book,USD
01tWC00000DD1QGYA1,4868.56,Fortra Price Book,AUD
01tWC00000DD1QGYA1,4324.05,Fortra Price Book,CAD
01tWC00000DD1QGYA1,2946.76,Fortra Price Book,EUR
01tWC00000DD1QGYA1,2530.37,Fortra Price Book,GBP
01tWC00000DD1QIYA1,2677.94,Fortra Price Book,AUD
01tWC00000DD1QIYA1,2378.43,Fortra Price Book,CAD
01tWC00000DD1QIYA1,1620.86,Fortra Price Book,EUR
01tWC00000DD1QIYA1,1391.82,Fortra Price Book,GBP
01tWC00000DD1QKYA1,9378.4,Fortra Price Book,AUD
01tWC00000DD1QKYA1,8329.5,Fortra Price Book,CAD
01tWC00000DD1QKYA1,5676.4,Fortra Price Book,EUR
01tWC00000DD1QKYA1,4874.3,Fortra Price Book,GBP
01tWC00000DD1QMYA1,5158.88,Fortra Price Book,AUD
01tWC00000DD1QMYA1,4581.9,Fortra Price Book,CAD
01tWC00000DD1QMYA1,3122.48,Fortra Price Book,EUR
01tWC00000DD1QMYA1,2681.26,Fortra Price Book,GBP
01tWC00000DD1QOYA1,12471.6,Fortra Price Book,AUD
01tWC00000DD1QOYA1,11076.75,Fortra Price Book,CAD
01tWC00000DD1QOYA1,7548.6,Fortra Price Book,EUR
01tWC00000DD1QOYA1,6481.95,Fortra Price Book,GBP
01tWC00000DD1QQYA1,6859.76,Fortra Price Book,AUD
01tWC00000DD1QQYA1,6092.55,Fortra Price Book,CAD
01tWC00000DD1QQYA1,4151.96,Fortra Price Book,EUR
01tWC00000DD1QQYA1,3565.27,Fortra Price Book,GBP
01tWC00000DD1QSYA1,20580.8,Fortra Price Book,AUD
01tWC00000DD1QSYA1,18279,Fortra Price Book,CAD
01tWC00000DD1QSYA1,12456.8,Fortra Price Book,EUR
01tWC00000DD1QSYA1,10696.6,Fortra Price Book,GBP
01tWC00000DD1QUYA1,11319.44,Fortra Price Book,AUD
01tWC00000DD1QUYA1,10053.45,Fortra Price Book,CAD
01tWC00000DD1QUYA1,6851.24,Fortra Price Book,EUR
01tWC00000DD1QUYA1,5883.13,Fortra Price Book,GBP
01tWC00000DD1QWYA1,33956.8,Fortra Price Book,AUD
01tWC00000DD1QWYA1,30159,Fortra Price Book,CAD
01tWC00000DD1QWYA1,20552.8,Fortra Price Book,EUR
01tWC00000DD1QWYA1,17648.6,Fortra Price Book,GBP
01tWC00000DD1QYYA1,18676.24,Fortra Price Book,AUD
01tWC00000DD1QYYA1,16587.45,Fortra Price Book,CAD
01tWC00000DD1QYYA1,11304.04,Fortra Price Book,EUR
01tWC00000DD1QYYA1,9706.73,Fortra Price Book,GBP
01tWC00000DD1RBYA1,9603.36,Fortra Price Book,AUD
01tWC00000DD1RBYA1,8529.3,Fortra Price Book,CAD
01tWC00000DD1RBYA1,5812.56,Fortra Price Book,EUR
01tWC00000DD1RBYA1,4991.22,Fortra Price Book,GBP
01tWC00000DD1R9YAL,17460.24,Fortra Price Book,AUD
01tWC00000DD1R9YAL,15507.45,Fortra Price Book,CAD
01tWC00000DD1R9YAL,10568.04,Fortra Price Book,EUR
01tWC00000DD1R9YAL,9074.73,Fortra Price Book,GBP
01tWC00000DD1RFYA1,9603.36,Fortra Price Book,AUD
01tWC00000DD1RFYA1,8529.3,Fortra Price Book,CAD
01tWC00000DD1RFYA1,5812.56,Fortra Price Book,EUR
01tWC00000DD1RFYA1,4991.22,Fortra Price Book,GBP
01tWC00000DD1RDYA1,17460.24,Fortra Price Book,AUD
01tWC00000DD1RDYA1,15507.45,Fortra Price Book,CAD
01tWC00000DD1RDYA1,10568.04,Fortra Price Book,EUR
01tWC00000DD1RDYA1,9074.73,Fortra Price Book,GBP
01tWC00000DD1RXYA1,9483.28,Fortra Price Book,AUD
01tWC00000DD1RXYA1,8422.65,Fortra Price Book,CAD
01tWC00000DD1RXYA1,5739.88,Fortra Price Book,EUR
01tWC00000DD1RXYA1,4928.81,Fortra Price Book,GBP
01tWC00000DD1RZYA1,5216.03,Fortra Price Book,AUD
01tWC00000DD1RZYA1,4632.66,Fortra Price Book,CAD
01tWC00000DD1RZYA1,3157.07,Fortra Price Book,EUR
01tWC00000DD1RZYA1,2710.96,Fortra Price Book,GBP
01tWC00000DD1RaYAL,3800,Fortra Price Book,AUD
01tWC00000DD1RaYAL,3375,Fortra Price Book,CAD
01tWC00000DD1RaYAL,2300,Fortra Price Book,EUR
01tWC00000DD1RaYAL,1975,Fortra Price Book,GBP
01tWC00000DD1RcYAL,3306,Fortra Price Book,AUD
01tWC00000DD1RcYAL,2936.25,Fortra Price Book,CAD
01tWC00000DD1RcYAL,2001,Fortra Price Book,EUR
01tWC00000DD1RcYAL,1718.25,Fortra Price Book,GBP
01tWC00000DD1ReYAL,1817.92,Fortra Price Book,AUD
01tWC00000DD1ReYAL,1614.6,Fortra Price Book,CAD
01tWC00000DD1ReYAL,1100.32,Fortra Price Book,EUR
01tWC00000DD1ReYAL,944.84,Fortra Price Book,GBP
01tWC00000FCKSwYAP,2175,Fortra Price Book,USD
01tWC00000DD09tYAD,2608.09,Fortra Price Book,AUD
01tWC00000DD09tYAD,2316.4,Fortra Price Book,CAD
01tWC00000DD09tYAD,1578.58,Fortra Price Book,EUR
01tWC00000DD09tYAD,1355.52,Fortra Price Book,GBP
01tWC00000DD09rYAD,4740.88,Fortra Price Book,AUD
01tWC00000DD09rYAD,4210.65,Fortra Price Book,CAD
01tWC00000DD09rYAD,2869.48,Fortra Price Book,EUR
01tWC00000DD09rYAD,2464.01,Fortra Price Book,GBP
01tWC00000DD09vYAD,4090.32,Fortra Price Book,AUD
01tWC00000DD09vYAD,3632.85,Fortra Price Book,CAD
01tWC00000DD09vYAD,2475.72,Fortra Price Book,EUR
01tWC00000DD09vYAD,2125.89,Fortra Price Book,GBP
01tWC00000DD09xYAD,2249.68,Fortra Price Book,AUD
01tWC00000DD09xYAD,1998.07,Fortra Price Book,CAD
01tWC00000DD09xYAD,1361.65,Fortra Price Book,EUR
01tWC00000DD09xYAD,1169.24,Fortra Price Book,GBP
01tWC00000DD0A1YAL,2608.09,Fortra Price Book,AUD
01tWC00000DD0A1YAL,2316.4,Fortra Price Book,CAD
01tWC00000DD0A1YAL,1578.58,Fortra Price Book,EUR
01tWC00000DD0A1YAL,1355.52,Fortra Price Book,GBP
01tWC00000DD09zYAD,4740.88,Fortra Price Book,AUD
01tWC00000DD09zYAD,4210.65,Fortra Price Book,CAD
01tWC00000DD09zYAD,2869.48,Fortra Price Book,EUR
01tWC00000DD09zYAD,2464.01,Fortra Price Book,GBP
01tWC00000DD0AQYA1,2126.25,Fortra Price Book,CAD
01tWC00000DD0AQYA1,1449,Fortra Price Book,EUR
01tWC00000DD0AQYA1,1244.25,Fortra Price Book,GBP
01tWC00000DD0AWYA1,8192.8,Fortra Price Book,AUD
01tWC00000DD0AWYA1,7276.5,Fortra Price Book,CAD
01tWC00000DD0AWYA1,4958.8,Fortra Price Book,EUR
01tWC00000DD0AWYA1,4258.1,Fortra Price Book,GBP
01tWC00000DD0AUYA1,14896,Fortra Price Book,AUD
01tWC00000DD0AUYA1,13230,Fortra Price Book,CAD
01tWC00000DD0AUYA1,9016,Fortra Price Book,EUR
01tWC00000DD0AUYA1,7742,Fortra Price Book,GBP
01tWC00000DD0AYYA1,744.8,Fortra Price Book,AUD
01tWC00000DD0AYYA1,661.5,Fortra Price Book,CAD
01tWC00000DD0AYYA1,450.8,Fortra Price Book,EUR
01tWC00000DD0AYYA1,387.1,Fortra Price Book,GBP
01tWC00000DD0AaYAL,410.4,Fortra Price Book,AUD
01tWC00000DD0AaYAL,364.5,Fortra Price Book,CAD
01tWC00000DD0AaYAL,248.4,Fortra Price Book,EUR
01tWC00000DD0AaYAL,213.3,Fortra Price Book,GBP
01tWC00000DD1UCYA1,652.08,Fortra Price Book,AUD
01tWC00000DD1UCYA1,579.15,Fortra Price Book,CAD
01tWC00000DD1UCYA1,394.68,Fortra Price Book,EUR
01tWC00000DD1UCYA1,338.91,Fortra Price Book,GBP
01tWC00000DD1UAYA1,1185.6,Fortra Price Book,AUD
01tWC00000DD1UAYA1,1053,Fortra Price Book,CAD
01tWC00000DD1UAYA1,717.6,Fortra Price Book,EUR
01tWC00000DD1UAYA1,616.2,Fortra Price Book,GBP
01tWC00000DD1UEYA1,7534.64,Fortra Price Book,AUD
01tWC00000DD1UEYA1,6691.95,Fortra Price Book,CAD
01tWC00000DD1UEYA1,4560.44,Fortra Price Book,EUR
01tWC00000DD1UEYA1,3916.03,Fortra Price Book,GBP
01tWC00000DD1UFYA1,4256,Fortra Price Book,AUD
01tWC00000DD1UFYA1,3780,Fortra Price Book,CAD
01tWC00000DD1UFYA1,2576,Fortra Price Book,EUR
01tWC00000DD1UFYA1,2212,Fortra Price Book,GBP
01tWC00000DD1UVYA1,3488.4,Fortra Price Book,AUD
01tWC00000DD1UVYA1,3098.25,Fortra Price Book,CAD
01tWC00000DD1UVYA1,2111.4,Fortra Price Book,EUR
01tWC00000DD1UVYA1,1813.05,Fortra Price Book,GBP
01tWC00000DD1UTYA1,6341.44,Fortra Price Book,AUD
01tWC00000DD1UTYA1,5632.2,Fortra Price Book,CAD
01tWC00000DD1UTYA1,3838.24,Fortra Price Book,EUR
01tWC00000DD1UTYA1,3295.88,Fortra Price Book,GBP
01tWC00000DD1UZYA1,3040,Fortra Price Book,AUD
01tWC00000DD1UZYA1,2700,Fortra Price Book,CAD
01tWC00000DD1UZYA1,1840,Fortra Price Book,EUR
01tWC00000DD1UZYA1,1580,Fortra Price Book,GBP
01tWC00000FCLyJYAX,2000,Fortra Price Book,USD
01tWC00000DD1UdYAL,1174.96,Fortra Price Book,AUD
01tWC00000DD1UdYAL,1043.55,Fortra Price Book,CAD
01tWC00000DD1UdYAL,711.16,Fortra Price Book,EUR
01tWC00000DD1UdYAL,610.67,Fortra Price Book,GBP
01tWC00000DD1UbYAL,2135.6,Fortra Price Book,AUD
01tWC00000DD1UbYAL,1896.75,Fortra Price Book,CAD
01tWC00000DD1UbYAL,1292.6,Fortra Price Book,EUR
01tWC00000DD1UbYAL,1109.95,Fortra Price Book,GBP
01tWC00000DD1UjYAL,12926.08,Fortra Price Book,AUD
01tWC00000DD1UjYAL,11480.4,Fortra Price Book,CAD
01tWC00000DD1UjYAL,7823.68,Fortra Price Book,EUR
01tWC00000DD1UjYAL,6718.16,Fortra Price Book,GBP
01tWC00000DD1UlYAL,7109.12,Fortra Price Book,AUD
01tWC00000DD1UlYAL,6314.02,Fortra Price Book,CAD
01tWC00000DD1UlYAL,4302.89,Fortra Price Book,EUR
01tWC00000DD1UlYAL,3694.87,Fortra Price Book,GBP
01tWC00000DD1UtYAL,5472,Fortra Price Book,AUD
01tWC00000DD1UtYAL,4860,Fortra Price Book,CAD
01tWC00000DD1UtYAL,3312,Fortra Price Book,EUR
01tWC00000DD1UtYAL,2844,Fortra Price Book,GBP
01tWC00000DD1UyYAL,9120,Fortra Price Book,AUD
01tWC00000DD1UyYAL,8100,Fortra Price Book,CAD
01tWC00000DD1UyYAL,5520,Fortra Price Book,EUR
01tWC00000DD1UyYAL,4740,Fortra Price Book,GBP
01tWC00000DD1UzYAL,9120,Fortra Price Book,AUD
01tWC00000DD1UzYAL,8100,Fortra Price Book,CAD
01tWC00000DD1UzYAL,5520,Fortra Price Book,EUR
01tWC00000DD1UzYAL,4740,Fortra Price Book,GBP
01tWC00000DD1cXYAT,418,Fortra Price Book,AUD
01tWC00000DD1cXYAT,371.25,Fortra Price Book,CAD
01tWC00000DD1cXYAT,253,Fortra Price Book,EUR
01tWC00000DD1cXYAT,217.25,Fortra Price Book,GBP
01tWC00000FCJ8EYAX,275,Fortra Price Book,USD
01tWC00000DD1WsYAL,2504.96,Fortra Price Book,AUD
01tWC00000DD1WsYAL,2224.8,Fortra Price Book,CAD
01tWC00000DD1WsYAL,1516.16,Fortra Price Book,EUR
01tWC00000DD1WsYAL,1301.92,Fortra Price Book,GBP
01tWC00000DD1XAYA1,2211.6,Fortra Price Book,AUD
01tWC00000DD1XAYA1,1964.25,Fortra Price Book,CAD
01tWC00000DD1XAYA1,1338.6,Fortra Price Book,EUR
01tWC00000DD1XAYA1,1149.45,Fortra Price Book,GBP
01tWC00000DD1XCYA1,1216,Fortra Price Book,AUD
01tWC00000DD1XCYA1,1080,Fortra Price Book,CAD
01tWC00000DD1XCYA1,736,Fortra Price Book,EUR
01tWC00000DD1XCYA1,632,Fortra Price Book,GBP
01tWC00000DD1XDYA1,38000,Fortra Price Book,AUD
01tWC00000DD1XDYA1,33750,Fortra Price Book,CAD
01tWC00000DD1XDYA1,23000,Fortra Price Book,EUR
01tWC00000DD1XDYA1,19750,Fortra Price Book,GBP
01tWC00000FBWvMYAX,23000,Fortra Price Book,USD
01tWC00000DD1XEYA1,38000,Fortra Price Book,AUD
01tWC00000DD1XEYA1,33750,Fortra Price Book,CAD
01tWC00000DD1XEYA1,23000,Fortra Price Book,EUR
01tWC00000DD1XEYA1,19750,Fortra Price Book,GBP
01tWC00000FBWvNYAX,25000,Fortra Price Book,USD
01tWC00000DD1YKYA1,456,Fortra Price Book,AUD
01tWC00000DD1YKYA1,405,Fortra Price Book,CAD
01tWC00000DD1YKYA1,276,Fortra Price Book,EUR
01tWC00000DD1YKYA1,237,Fortra Price Book,GBP
01tWC00000FCN3nYAH,300,Fortra Price Book,USD
01tWC00000DD1YJYA1,456,Fortra Price Book,AUD
01tWC00000DD1YJYA1,405,Fortra Price Book,CAD
01tWC00000DD1YJYA1,276,Fortra Price Book,EUR
01tWC00000DD1YJYA1,237,Fortra Price Book,GBP
01tWC00000FCN3mYAH,276,Fortra Price Book,USD
01tWC00000DD1YMYA1,4239.28,Fortra Price Book,AUD
01tWC00000DD1YMYA1,3765.15,Fortra Price Book,CAD
01tWC00000DD1YMYA1,2565.88,Fortra Price Book,EUR
01tWC00000DD1YMYA1,2203.31,Fortra Price Book,GBP
01tWC00000DD1YOYA1,2331.83,Fortra Price Book,AUD
01tWC00000DD1YOYA1,2071.04,Fortra Price Book,CAD
01tWC00000DD1YOYA1,1411.37,Fortra Price Book,EUR
01tWC00000DD1YOYA1,1211.94,Fortra Price Book,GBP
01tWC00000DD1YQYA1,6747.28,Fortra Price Book,AUD
01tWC00000DD1YQYA1,5992.65,Fortra Price Book,CAD
01tWC00000DD1YQYA1,4083.88,Fortra Price Book,EUR
01tWC00000DD1YQYA1,3506.81,Fortra Price Book,GBP
01tWC00000DD1YSYA1,3711,Fortra Price Book,AUD
01tWC00000DD1YSYA1,3295.96,Fortra Price Book,CAD
01tWC00000DD1YSYA1,2246.13,Fortra Price Book,EUR
01tWC00000DD1YSYA1,1928.75,Fortra Price Book,GBP
01tWC00000DD1YbYAL,5941.45,Fortra Price Book,AUD
01tWC00000DD1YbYAL,5276.95,Fortra Price Book,CAD
01tWC00000DD1YbYAL,3596.14,Fortra Price Book,EUR
01tWC00000DD1YbYAL,3087.99,Fortra Price Book,GBP
01tWC00000DD1YVYA1,10802.64,Fortra Price Book,AUD
01tWC00000DD1YVYA1,9594.45,Fortra Price Book,CAD
01tWC00000DD1YVYA1,6538.44,Fortra Price Book,EUR
01tWC00000DD1YVYA1,5614.53,Fortra Price Book,GBP
01tWC00000DD1YcYAL,5941.45,Fortra Price Book,AUD
01tWC00000DD1YcYAL,5276.95,Fortra Price Book,CAD
01tWC00000DD1YcYAL,3596.14,Fortra Price Book,EUR
01tWC00000DD1YcYAL,3087.99,Fortra Price Book,GBP
01tWC00000DD1YWYA1,10802.64,Fortra Price Book,AUD
01tWC00000DD1YWYA1,9594.45,Fortra Price Book,CAD
01tWC00000DD1YWYA1,6538.44,Fortra Price Book,EUR
01tWC00000DD1YWYA1,5614.53,Fortra Price Book,GBP
01tWC00000DD1YUYA1,10802.64,Fortra Price Book,AUD
01tWC00000DD1YUYA1,9594.45,Fortra Price Book,CAD
01tWC00000DD1YUYA1,6538.44,Fortra Price Book,EUR
01tWC00000DD1YUYA1,5614.53,Fortra Price Book,GBP
01tWC00000DD1YaYAL,5941.45,Fortra Price Book,AUD
01tWC00000DD1YaYAL,5276.95,Fortra Price Book,CAD
01tWC00000DD1YaYAL,3596.14,Fortra Price Book,EUR
01tWC00000DD1YaYAL,3087.99,Fortra Price Book,GBP
01tWC00000DD1YdYAL,5941.45,Fortra Price Book,AUD
01tWC00000DD1YdYAL,5276.95,Fortra Price Book,CAD
01tWC00000DD1YdYAL,3596.14,Fortra Price Book,EUR
01tWC00000DD1YdYAL,3087.99,Fortra Price Book,GBP
01tWC00000DD1YXYA1,10802.64,Fortra Price Book,AUD
01tWC00000DD1YXYA1,9594.45,Fortra Price Book,CAD
01tWC00000DD1YXYA1,6538.44,Fortra Price Book,EUR
01tWC00000DD1YXYA1,5614.53,Fortra Price Book,GBP
01tWC00000DD1YeYAL,5941.45,Fortra Price Book,AUD
01tWC00000DD1YeYAL,5276.95,Fortra Price Book,CAD
01tWC00000DD1YeYAL,3596.14,Fortra Price Book,EUR
01tWC00000DD1YeYAL,3087.99,Fortra Price Book,GBP
01tWC00000DD1YYYA1,10802.64,Fortra Price Book,AUD
01tWC00000DD1YYYA1,9594.45,Fortra Price Book,CAD
01tWC00000DD1YYYA1,6538.44,Fortra Price Book,EUR
01tWC00000DD1YYYA1,5614.53,Fortra Price Book,GBP
01tWC00000DD1YiYAL,3768.69,Fortra Price Book,AUD
01tWC00000DD1YiYAL,3347.19,Fortra Price Book,CAD
01tWC00000DD1YiYAL,2281.05,Fortra Price Book,EUR
01tWC00000DD1YiYAL,1958.73,Fortra Price Book,GBP
01tWC00000DD1YgYAL,6852.16,Fortra Price Book,AUD
01tWC00000DD1YgYAL,6085.8,Fortra Price Book,CAD
01tWC00000DD1YgYAL,4147.36,Fortra Price Book,EUR
01tWC00000DD1YgYAL,3561.32,Fortra Price Book,GBP
01tWC00000DD1YmYAL,4182.96,Fortra Price Book,AUD
01tWC00000DD1YmYAL,3715.13,Fortra Price Book,CAD
01tWC00000DD1YmYAL,2531.79,Fortra Price Book,EUR
01tWC00000DD1YmYAL,2174.04,Fortra Price Book,GBP
01tWC00000DD1YkYAL,7604.56,Fortra Price Book,AUD
01tWC00000DD1YkYAL,6754.05,Fortra Price Book,CAD
01tWC00000DD1YkYAL,4602.76,Fortra Price Book,EUR
01tWC00000DD1YkYAL,3952.37,Fortra Price Book,GBP
01tWC00000DD1YoYAL,5017.52,Fortra Price Book,AUD
01tWC00000DD1YoYAL,4456.35,Fortra Price Book,CAD
01tWC00000DD1YoYAL,3036.92,Fortra Price Book,EUR
01tWC00000DD1YoYAL,2607.79,Fortra Price Book,GBP
01tWC00000DD1YqYAL,2760.09,Fortra Price Book,AUD
01tWC00000DD1YqYAL,2451.4,Fortra Price Book,CAD
01tWC00000DD1YqYAL,1670.58,Fortra Price Book,EUR
01tWC00000DD1YqYAL,1434.52,Fortra Price Book,GBP
01tWC00000DD1YsYAL,8740,Fortra Price Book,AUD
01tWC00000DD1YsYAL,7762.5,Fortra Price Book,CAD
01tWC00000DD1YsYAL,5290,Fortra Price Book,EUR
01tWC00000DD1YsYAL,4542.5,Fortra Price Book,GBP
01tWC00000DD1YuYAL,4807,Fortra Price Book,AUD
01tWC00000DD1YuYAL,4269.38,Fortra Price Book,CAD
01tWC00000DD1YuYAL,2909.5,Fortra Price Book,EUR
01tWC00000DD1YuYAL,2498.38,Fortra Price Book,GBP
01tWC00000DD1Z2YAL,672.98,Fortra Price Book,AUD
01tWC00000DD1Z2YAL,597.71,Fortra Price Book,CAD
01tWC00000DD1Z2YAL,407.33,Fortra Price Book,EUR
01tWC00000DD1Z2YAL,349.77,Fortra Price Book,GBP
01tWC00000DD1YyYAL,1345.96,Fortra Price Book,AUD
01tWC00000DD1YyYAL,1195.43,Fortra Price Book,CAD
01tWC00000DD1YyYAL,814.66,Fortra Price Book,EUR
01tWC00000DD1YyYAL,699.55,Fortra Price Book,GBP
01tWC00000DD1YwYAL,2447.2,Fortra Price Book,AUD
01tWC00000DD1YwYAL,2173.5,Fortra Price Book,CAD
01tWC00000DD1YwYAL,1481.2,Fortra Price Book,EUR
01tWC00000DD1YwYAL,1271.9,Fortra Price Book,GBP
01tWC00000DD1Z0YAL,1223.6,Fortra Price Book,AUD
01tWC00000DD1Z0YAL,1086.75,Fortra Price Book,CAD
01tWC00000DD1Z0YAL,740.6,Fortra Price Book,EUR
01tWC00000DD1Z0YAL,635.95,Fortra Price Book,GBP
01tWC00000DD1Z6YAL,2691.92,Fortra Price Book,AUD
01tWC00000DD1Z6YAL,2390.85,Fortra Price Book,CAD
01tWC00000DD1Z6YAL,1629.32,Fortra Price Book,EUR
01tWC00000DD1Z6YAL,1399.09,Fortra Price Book,GBP
01tWC00000DD1Z4YAL,4894.4,Fortra Price Book,AUD
01tWC00000DD1Z4YAL,4347,Fortra Price Book,CAD
01tWC00000DD1Z4YAL,2962.4,Fortra Price Book,EUR
01tWC00000DD1Z4YAL,2543.8,Fortra Price Book,GBP
01tWC00000DD1ZZYA1,418,Fortra Price Book,AUD
01tWC00000DD1ZZYA1,371.25,Fortra Price Book,CAD
01tWC00000DD1ZZYA1,253,Fortra Price Book,EUR
01tWC00000DD1ZZYA1,217.25,Fortra Price Book,GBP
01tWC00000FCJ83YAH,275,Fortra Price Book,USD
01tWC00000DD1ZAYA1,2331.83,Fortra Price Book,AUD
01tWC00000DD1ZAYA1,2071.04,Fortra Price Book,CAD
01tWC00000DD1ZAYA1,1411.37,Fortra Price Book,EUR
01tWC00000DD1ZAYA1,1211.94,Fortra Price Book,GBP
01tWC00000DD1Z8YAL,4239.28,Fortra Price Book,AUD
01tWC00000DD1Z8YAL,3765.15,Fortra Price Book,CAD
01tWC00000DD1Z8YAL,2565.88,Fortra Price Book,EUR
01tWC00000DD1Z8YAL,2203.31,Fortra Price Book,GBP
01tWC00000DD1ZEYA1,3653.32,Fortra Price Book,AUD
01tWC00000DD1ZEYA1,3244.73,Fortra Price Book,CAD
01tWC00000DD1ZEYA1,2211.22,Fortra Price Book,EUR
01tWC00000DD1ZEYA1,1898.77,Fortra Price Book,GBP
01tWC00000DD1ZCYA1,6642.4,Fortra Price Book,AUD
01tWC00000DD1ZCYA1,5899.5,Fortra Price Book,CAD
01tWC00000DD1ZCYA1,4020.4,Fortra Price Book,EUR
01tWC00000DD1ZCYA1,3452.3,Fortra Price Book,GBP
01tWC00000DD1ZIYA1,4230.16,Fortra Price Book,AUD
01tWC00000DD1ZIYA1,3757.05,Fortra Price Book,CAD
01tWC00000DD1ZIYA1,2560.36,Fortra Price Book,EUR
01tWC00000DD1ZIYA1,2198.57,Fortra Price Book,GBP
01tWC00000DD1ZGYA1,7691.2,Fortra Price Book,AUD
01tWC00000DD1ZGYA1,6831,Fortra Price Book,CAD
01tWC00000DD1ZGYA1,4655.2,Fortra Price Book,EUR
01tWC00000DD1ZGYA1,3997.4,Fortra Price Book,GBP
01tWC00000DD1ZKYA1,8416.24,Fortra Price Book,AUD
01tWC00000DD1ZKYA1,7474.95,Fortra Price Book,CAD
01tWC00000DD1ZKYA1,5094.04,Fortra Price Book,EUR
01tWC00000DD1ZKYA1,4374.23,Fortra Price Book,GBP
01tWC00000DD1ZMYA1,4628.7,Fortra Price Book,AUD
01tWC00000DD1ZMYA1,4111.02,Fortra Price Book,CAD
01tWC00000DD1ZMYA1,2801.58,Fortra Price Book,EUR
01tWC00000DD1ZMYA1,2405.71,Fortra Price Book,GBP
01tWC00000DD1ZQYA1,3494.25,Fortra Price Book,AUD
01tWC00000DD1ZQYA1,3103.45,Fortra Price Book,CAD
01tWC00000DD1ZQYA1,2114.94,Fortra Price Book,EUR
01tWC00000DD1ZQYA1,1816.09,Fortra Price Book,GBP
01tWC00000DD1ZOYA1,6353.6,Fortra Price Book,AUD
01tWC00000DD1ZOYA1,5643,Fortra Price Book,CAD
01tWC00000DD1ZOYA1,3845.6,Fortra Price Book,EUR
01tWC00000DD1ZOYA1,3302.2,Fortra Price Book,GBP
01tWC00000DD1ZSYA1,316.01,Fortra Price Book,AUD
01tWC00000DD1ZSYA1,280.67,Fortra Price Book,CAD
01tWC00000DD1ZSYA1,191.27,Fortra Price Book,EUR
01tWC00000DD1ZSYA1,164.24,Fortra Price Book,GBP
01tWC00000DD1ZVYA1,4239.28,Fortra Price Book,AUD
01tWC00000DD1ZVYA1,3765.15,Fortra Price Book,CAD
01tWC00000DD1ZVYA1,2565.88,Fortra Price Book,EUR
01tWC00000DD1ZVYA1,2203.31,Fortra Price Book,GBP
01tWC00000DD1ZXYA1,2331.83,Fortra Price Book,AUD
01tWC00000DD1ZXYA1,2071.04,Fortra Price Book,CAD
01tWC00000DD1ZXYA1,1411.37,Fortra Price Book,EUR
01tWC00000DD1ZXYA1,1211.94,Fortra Price Book,GBP
01tWC00000DD1ZhYAL,494,Fortra Price Book,AUD
01tWC00000DD1ZhYAL,438.75,Fortra Price Book,CAD
01tWC00000DD1ZhYAL,299,Fortra Price Book,EUR
01tWC00000DD1ZhYAL,256.75,Fortra Price Book,GBP
01tWC00000DD1ZfYAL,5628.56,Fortra Price Book,AUD
01tWC00000DD1ZfYAL,4999.05,Fortra Price Book,CAD
01tWC00000DD1ZfYAL,3406.76,Fortra Price Book,EUR
01tWC00000DD1ZfYAL,2925.37,Fortra Price Book,GBP
01tWC00000DD1ZiYAL,74.48,Fortra Price Book,AUD
01tWC00000DD1ZiYAL,66.15,Fortra Price Book,CAD
01tWC00000DD1ZiYAL,45.08,Fortra Price Book,EUR
01tWC00000DD1ZiYAL,38.71,Fortra Price Book,GBP
01tWC00000DD1ZkYAL,4239.28,Fortra Price Book,AUD
01tWC00000DD1ZkYAL,3765.15,Fortra Price Book,CAD
01tWC00000DD1ZkYAL,2565.88,Fortra Price Book,EUR
01tWC00000DD1ZkYAL,2203.31,Fortra Price Book,GBP
01tWC00000DD1ZmYAL,2331.83,Fortra Price Book,AUD
01tWC00000DD1ZmYAL,2071.04,Fortra Price Book,CAD
01tWC00000DD1ZmYAL,1411.37,Fortra Price Book,EUR
01tWC00000DD1ZmYAL,1211.94,Fortra Price Book,GBP
01tWC00000DD1ZqYAL,2216.46,Fortra Price Book,AUD
01tWC00000DD1ZqYAL,1968.57,Fortra Price Book,CAD
01tWC00000DD1ZqYAL,1341.54,Fortra Price Book,EUR
01tWC00000DD1ZqYAL,1151.98,Fortra Price Book,GBP
01tWC00000DD1ZoYAL,4029.52,Fortra Price Book,AUD
01tWC00000DD1ZoYAL,3578.85,Fortra Price Book,CAD
01tWC00000DD1ZoYAL,2438.92,Fortra Price Book,EUR
01tWC00000DD1ZoYAL,2094.29,Fortra Price Book,GBP
01tWC00000DD1ZsYAL,4502.24,Fortra Price Book,AUD
01tWC00000DD1ZsYAL,3998.7,Fortra Price Book,CAD
01tWC00000DD1ZsYAL,2725.04,Fortra Price Book,EUR
01tWC00000DD1ZsYAL,2339.98,Fortra Price Book,GBP
01tWC00000DD1d8YAD,2476.92,Fortra Price Book,AUD
01tWC00000DD1d8YAD,2199.89,Fortra Price Book,CAD
01tWC00000DD1d8YAD,1499.19,Fortra Price Book,EUR
01tWC00000DD1d8YAD,1287.34,Fortra Price Book,GBP
01tWC00000DD1dmYAD,4239.28,Fortra Price Book,AUD
01tWC00000DD1dmYAD,3765.15,Fortra Price Book,CAD
01tWC00000DD1dmYAD,2565.88,Fortra Price Book,EUR
01tWC00000DD1dmYAD,2203.31,Fortra Price Book,GBP
01tWC00000DD1doYAD,2331.83,Fortra Price Book,AUD
01tWC00000DD1doYAD,2071.04,Fortra Price Book,CAD
01tWC00000DD1doYAD,1411.37,Fortra Price Book,EUR
01tWC00000DD1doYAD,1211.94,Fortra Price Book,GBP
01tWC00000DD1lOYAT,9120,Fortra Price Book,AUD
01tWC00000DD1lOYAT,8100,Fortra Price Book,CAD
01tWC00000DD1lOYAT,5520,Fortra Price Book,EUR
01tWC00000DD1lOYAT,4740,Fortra Price Book,GBP
01tWC00000DD1lMYAT,9120,Fortra Price Book,AUD
01tWC00000DD1lMYAT,8100,Fortra Price Book,CAD
01tWC00000DD1lMYAT,5520,Fortra Price Book,EUR
01tWC00000DD1lMYAT,4740,Fortra Price Book,GBP
01tWC00000DD1lNYAT,9120,Fortra Price Book,AUD
01tWC00000DD1lNYAT,8100,Fortra Price Book,CAD
01tWC00000DD1lNYAT,5520,Fortra Price Book,EUR
01tWC00000DD1lNYAT,4740,Fortra Price Book,GBP
01tWC00000DD1lVYAT,1906.08,Fortra Price Book,AUD
01tWC00000DD1lVYAT,1692.9,Fortra Price Book,CAD
01tWC00000DD1lVYAT,1153.68,Fortra Price Book,EUR
01tWC00000DD1lVYAT,990.66,Fortra Price Book,GBP
01tWC00000DD1lTYAT,3465.6,Fortra Price Book,AUD
01tWC00000DD1lTYAT,3078,Fortra Price Book,CAD
01tWC00000DD1lTYAT,2097.6,Fortra Price Book,EUR
01tWC00000DD1lTYAT,1801.2,Fortra Price Book,GBP
01tWC00000DD1mYYAT,13538.64,Fortra Price Book,AUD
01tWC00000DD1mYYAT,12024.45,Fortra Price Book,CAD
01tWC00000DD1mYYAT,8194.44,Fortra Price Book,EUR
01tWC00000DD1mYYAT,7036.53,Fortra Price Book,GBP
01tWC00000FCI5uYAH,8907,Fortra Price Book,USD
01tWC00000DD1mcYAD,13538.64,Fortra Price Book,AUD
01tWC00000DD1mcYAD,12024.45,Fortra Price Book,CAD
01tWC00000DD1mcYAD,8194.44,Fortra Price Book,EUR
01tWC00000DD1mcYAD,7036.53,Fortra Price Book,GBP
01tWC00000FCGbvYAH,12024.45,Fortra Price Book,USD
01tWC00000DD113YAD,456,Fortra Price Book,AUD
01tWC00000DD113YAD,405,Fortra Price Book,CAD
01tWC00000DD113YAD,276,Fortra Price Book,EUR
01tWC00000DD113YAD,237,Fortra Price Book,GBP
01tWC00000DD1w1YAD,104.88,Fortra Price Book,AUD
01tWC00000DD1w1YAD,93.15,Fortra Price Book,CAD
01tWC00000DD1w1YAD,63.48,Fortra Price Book,EUR
01tWC00000DD1w1YAD,54.51,Fortra Price Book,GBP
01tWC00000FCI5wYAH,69,Fortra Price Book,USD
01tWC00000DD1w5YAD,269.04,Fortra Price Book,AUD
01tWC00000DD1w5YAD,238.95,Fortra Price Book,CAD
01tWC00000DD1w5YAD,162.84,Fortra Price Book,EUR
01tWC00000DD1w5YAD,139.83,Fortra Price Book,GBP
01tWC00000FCEGrYAP,139.83,Fortra Price Book,USD
01tWC00000DD1wHYAT,150.48,Fortra Price Book,AUD
01tWC00000DD1wHYAT,133.65,Fortra Price Book,CAD
01tWC00000DD1wHYAT,91.08,Fortra Price Book,EUR
01tWC00000DD1wHYAT,78.21,Fortra Price Book,GBP
01tWC00000DD1wBYAT,10480.4,Fortra Price Book,AUD
01tWC00000DD1wBYAT,9308.25,Fortra Price Book,CAD
01tWC00000DD1wBYAT,6343.4,Fortra Price Book,EUR
01tWC00000DD1wBYAT,5447.05,Fortra Price Book,GBP
01tWC00000DD1wDYAT,5763.84,Fortra Price Book,AUD
01tWC00000DD1wDYAT,5119.2,Fortra Price Book,CAD
01tWC00000DD1wDYAT,3488.64,Fortra Price Book,EUR
01tWC00000DD1wDYAT,2995.68,Fortra Price Book,GBP
01tWC00000FCN3sYAH,6895,Fortra Price Book,USD
01tWC00000FCN3uYAH,3792,Fortra Price Book,USD
01tWC00000FCN3yYAH,99,Fortra Price Book,USD
01tWC00000DD1q1YAD,226.48,Fortra Price Book,AUD
01tWC00000DD1q1YAD,201.15,Fortra Price Book,CAD
01tWC00000DD1q1YAD,137.08,Fortra Price Book,EUR
01tWC00000DD1q1YAD,117.71,Fortra Price Book,GBP
01tWC00000FCEGJYA5,201.15,Fortra Price Book,USD
01tWC00000DD1q9YAD,118.56,Fortra Price Book,AUD
01tWC00000DD1q9YAD,105.3,Fortra Price Book,CAD
01tWC00000DD1q9YAD,71.76,Fortra Price Book,EUR
01tWC00000DD1q9YAD,61.62,Fortra Price Book,GBP
01tWC00000FCEGNYA5,78,Fortra Price Book,USD
01tWC00000DD1qDYAT,1360.4,Fortra Price Book,AUD
01tWC00000DD1qDYAT,1208.25,Fortra Price Book,CAD
01tWC00000DD1qDYAT,823.4,Fortra Price Book,EUR
01tWC00000DD1qDYAT,707.05,Fortra Price Book,GBP
01tWC00000FCEGRYA5,1360.4,Fortra Price Book,USD
01tWC00000DD1qHYAT,313.12,Fortra Price Book,AUD
01tWC00000DD1qHYAT,278.1,Fortra Price Book,CAD
01tWC00000DD1qHYAT,189.52,Fortra Price Book,EUR
01tWC00000DD1qHYAT,162.74,Fortra Price Book,GBP
01tWC00000DD1qLYAT,798,Fortra Price Book,AUD
01tWC00000DD1qLYAT,708.75,Fortra Price Book,CAD
01tWC00000DD1qLYAT,483,Fortra Price Book,EUR
01tWC00000DD1qLYAT,414.75,Fortra Price Book,GBP
01tWC00000FCEGZYA5,525,Fortra Price Book,USD
01tWC00000FCEGVYA5,206,Fortra Price Book,USD
01tWC00000DD1qeYAD,12540,Fortra Price Book,AUD
01tWC00000DD1qeYAD,11137.5,Fortra Price Book,CAD
01tWC00000DD1qeYAD,7590,Fortra Price Book,EUR
01tWC00000DD1qeYAD,6517.5,Fortra Price Book,GBP
01tWC00000DD1qcYAD,22800,Fortra Price Book,AUD
01tWC00000DD1qcYAD,20250,Fortra Price Book,CAD
01tWC00000DD1qcYAD,13800,Fortra Price Book,EUR
01tWC00000DD1qcYAD,11850,Fortra Price Book,GBP
01tWC00000DD1qnYAD,760,Fortra Price Book,AUD
01tWC00000DD1qnYAD,675,Fortra Price Book,CAD
01tWC00000DD1qnYAD,460,Fortra Price Book,EUR
01tWC00000DD1qnYAD,395,Fortra Price Book,GBP
01tWC00000DD1qoYAD,760,Fortra Price Book,AUD
01tWC00000DD1qoYAD,675,Fortra Price Book,CAD
01tWC00000DD1qoYAD,460,Fortra Price Book,EUR
01tWC00000DD1qoYAD,395,Fortra Price Book,GBP
01tWC00000DD1qsYAD,4180,Fortra Price Book,AUD
01tWC00000DD1qsYAD,3712.5,Fortra Price Book,CAD
01tWC00000DD1qsYAD,2530,Fortra Price Book,EUR
01tWC00000DD1qsYAD,2172.5,Fortra Price Book,GBP
01tWC00000DD1qqYAD,7600,Fortra Price Book,AUD
01tWC00000DD1qqYAD,6750,Fortra Price Book,CAD
01tWC00000DD1qqYAD,4600,Fortra Price Book,EUR
01tWC00000DD1qqYAD,3950,Fortra Price Book,GBP
01tWC00000FCEGfYAP,5000,Fortra Price Book,USD
01tWC00000FCEGhYAP,4180,Fortra Price Book,USD
01tWC00000DD1quYAD,1504.8,Fortra Price Book,AUD
01tWC00000DD1quYAD,1336.5,Fortra Price Book,CAD
01tWC00000DD1quYAD,910.8,Fortra Price Book,EUR
01tWC00000DD1quYAD,782.1,Fortra Price Book,GBP
01tWC00000DD1qwYAD,290.32,Fortra Price Book,AUD
01tWC00000DD1qwYAD,257.85,Fortra Price Book,CAD
01tWC00000DD1qwYAD,175.72,Fortra Price Book,EUR
01tWC00000DD1qwYAD,150.89,Fortra Price Book,GBP
01tWC00000FCEGlYAP,191,Fortra Price Book,USD
01tWC00000DD1qyYAD,6080,Fortra Price Book,AUD
01tWC00000DD1qyYAD,5400,Fortra Price Book,CAD
01tWC00000DD1qyYAD,3680,Fortra Price Book,EUR
01tWC00000DD1qyYAD,3160,Fortra Price Book,GBP
01tWC00000DD1r0YAD,95.76,Fortra Price Book,AUD
01tWC00000DD1r0YAD,85.05,Fortra Price Book,CAD
01tWC00000DD1r0YAD,57.96,Fortra Price Book,EUR
01tWC00000DD1r0YAD,49.77,Fortra Price Book,GBP
01tWC00000DD1r4YAD,849.68,Fortra Price Book,AUD
01tWC00000DD1r4YAD,754.65,Fortra Price Book,CAD
01tWC00000DD1r4YAD,514.28,Fortra Price Book,EUR
01tWC00000DD1r4YAD,441.61,Fortra Price Book,GBP
01tWC00000DD1r2YAD,15200,Fortra Price Book,AUD
01tWC00000DD1r2YAD,13500,Fortra Price Book,CAD
01tWC00000DD1r2YAD,9200,Fortra Price Book,EUR
01tWC00000DD1r2YAD,7900,Fortra Price Book,GBP
01tWC00000FCPV8YAP,7900,Fortra Price Book,USD
01tWC00000FCPVAYA5,559,Fortra Price Book,USD
01tWC00000FCPV6YAP,85.05,Fortra Price Book,USD
01tWC00000DD1r6YAD,3420,Fortra Price Book,AUD
01tWC00000DD1r6YAD,3037.5,Fortra Price Book,CAD
01tWC00000DD1r6YAD,2070,Fortra Price Book,EUR
01tWC00000DD1r6YAD,1777.5,Fortra Price Book,GBP
01tWC00000DD1r8YAD,1881.76,Fortra Price Book,AUD
01tWC00000DD1r8YAD,1671.3,Fortra Price Book,CAD
01tWC00000DD1r8YAD,1138.96,Fortra Price Book,EUR
01tWC00000DD1r8YAD,978.02,Fortra Price Book,GBP
01tWC00000DD1rCYAT,4180,Fortra Price Book,AUD
01tWC00000DD1rCYAT,3712.5,Fortra Price Book,CAD
01tWC00000DD1rCYAT,2530,Fortra Price Book,EUR
01tWC00000DD1rCYAT,2172.5,Fortra Price Book,GBP
01tWC00000DD1rAYAT,7600,Fortra Price Book,AUD
01tWC00000DD1rAYAT,6750,Fortra Price Book,CAD
01tWC00000DD1rAYAT,4600,Fortra Price Book,EUR
01tWC00000DD1rAYAT,3950,Fortra Price Book,GBP
01tWC00000FCPVGYA5,5000,Fortra Price Book,USD
01tWC00000FCPVIYA5,2750,Fortra Price Book,USD
01tWC00000DD1rGYAT,22800,Fortra Price Book,AUD
01tWC00000DD1rGYAT,20250,Fortra Price Book,CAD
01tWC00000DD1rGYAT,13800,Fortra Price Book,EUR
01tWC00000DD1rGYAT,11850,Fortra Price Book,GBP
01tWC00000FCPVMYA5,15000,Fortra Price Book,USD
01tWC00000DD1rKYAT,1672,Fortra Price Book,AUD
01tWC00000DD1rKYAT,1485,Fortra Price Book,CAD
01tWC00000DD1rKYAT,1012,Fortra Price Book,EUR
01tWC00000DD1rKYAT,869,Fortra Price Book,GBP
01tWC00000DD1rIYAT,3040,Fortra Price Book,AUD
01tWC00000DD1rIYAT,2700,Fortra Price Book,CAD
01tWC00000DD1rIYAT,1840,Fortra Price Book,EUR
01tWC00000DD1rIYAT,1580,Fortra Price Book,GBP
01tWC00000DD1rOYAT,104.88,Fortra Price Book,AUD
01tWC00000DD1rOYAT,93.15,Fortra Price Book,CAD
01tWC00000DD1rOYAT,63.48,Fortra Price Book,EUR
01tWC00000DD1rOYAT,54.51,Fortra Price Book,GBP
01tWC00000FCPVUYA5,69,Fortra Price Book,USD
01tWC00000DD1rSYAT,269.04,Fortra Price Book,AUD
01tWC00000DD1rSYAT,238.95,Fortra Price Book,CAD
01tWC00000DD1rSYAT,162.84,Fortra Price Book,EUR
01tWC00000DD1rSYAT,139.83,Fortra Price Book,GBP
01tWC00000FCPVYYA5,177,Fortra Price Book,USD
01tWC00000DD1rWYAT,104.88,Fortra Price Book,AUD
01tWC00000DD1rWYAT,93.15,Fortra Price Book,CAD
01tWC00000DD1rWYAT,63.48,Fortra Price Book,EUR
01tWC00000DD1rWYAT,54.51,Fortra Price Book,GBP
01tWC00000FCPVcYAP,69,Fortra Price Book,USD
01tWC00000DD1raYAD,269.04,Fortra Price Book,AUD
01tWC00000DD1raYAD,238.95,Fortra Price Book,CAD
01tWC00000DD1raYAD,162.84,Fortra Price Book,EUR
01tWC00000DD1raYAD,139.83,Fortra Price Book,GBP
01tWC00000DD1rYYAT,1824,Fortra Price Book,AUD
01tWC00000DD1rYYAT,1620,Fortra Price Book,CAD
01tWC00000DD1rYYAT,1104,Fortra Price Book,EUR
01tWC00000DD1rYYAT,948,Fortra Price Book,GBP
01tWC00000FCPVgYAP,177,Fortra Price Book,USD
01tWC00000DD1rkYAD,2280,Fortra Price Book,AUD
01tWC00000DD1rkYAD,2025,Fortra Price Book,CAD
01tWC00000DD1rkYAD,1380,Fortra Price Book,EUR
01tWC00000DD1rkYAD,1185,Fortra Price Book,GBP
01tWC00000DD1rmYAD,56.24,Fortra Price Book,AUD
01tWC00000DD1rmYAD,49.95,Fortra Price Book,CAD
01tWC00000DD1rmYAD,34.04,Fortra Price Book,EUR
01tWC00000DD1rmYAD,29.23,Fortra Price Book,GBP
01tWC00000FCPVqYAP,37,Fortra Price Book,USD
01tWC00000DD1rsYAD,2280,Fortra Price Book,AUD
01tWC00000DD1rsYAD,2025,Fortra Price Book,CAD
01tWC00000DD1rsYAD,1380,Fortra Price Book,EUR
01tWC00000DD1rsYAD,1185,Fortra Price Book,GBP
01tWC00000DD1ruYAD,94.24,Fortra Price Book,AUD
01tWC00000DD1ruYAD,83.7,Fortra Price Book,CAD
01tWC00000DD1ruYAD,57.04,Fortra Price Book,EUR
01tWC00000DD1ruYAD,48.98,Fortra Price Book,GBP
01tWC00000FCPzoYAH,62,Fortra Price Book,USD
01tWC00000DD1ryYAD,30.4,Fortra Price Book,AUD
01tWC00000DD1ryYAD,27,Fortra Price Book,CAD
01tWC00000DD1ryYAD,18.4,Fortra Price Book,EUR
01tWC00000DD1ryYAD,15.8,Fortra Price Book,GBP
01tWC00000DD1rwYAD,2280,Fortra Price Book,AUD
01tWC00000DD1rwYAD,2025,Fortra Price Book,CAD
01tWC00000DD1rwYAD,1380,Fortra Price Book,EUR
01tWC00000DD1rwYAD,1185,Fortra Price Book,GBP
01tWC00000FCPzsYAH,15.8,Fortra Price Book,USD
01tWC00000DD1s0YAD,6840,Fortra Price Book,AUD
01tWC00000DD1s0YAD,6075,Fortra Price Book,CAD
01tWC00000DD1s0YAD,4140,Fortra Price Book,EUR
01tWC00000DD1s0YAD,3555,Fortra Price Book,GBP
01tWC00000DD1s2YAD,94.24,Fortra Price Book,AUD
01tWC00000DD1s2YAD,83.7,Fortra Price Book,CAD
01tWC00000DD1s2YAD,57.04,Fortra Price Book,EUR
01tWC00000DD1s2YAD,48.98,Fortra Price Book,GBP
01tWC00000FCPzwYAH,62,Fortra Price Book,USD
01tWC00000DD1s4YAD,4560,Fortra Price Book,AUD
01tWC00000DD1s4YAD,4050,Fortra Price Book,CAD
01tWC00000DD1s4YAD,2760,Fortra Price Book,EUR
01tWC00000DD1s4YAD,2370,Fortra Price Book,GBP
01tWC00000DD1s6YAD,278.16,Fortra Price Book,AUD
01tWC00000DD1s6YAD,247.05,Fortra Price Book,CAD
01tWC00000DD1s6YAD,168.36,Fortra Price Book,EUR
01tWC00000DD1s6YAD,144.57,Fortra Price Book,GBP
01tWC00000FCQ00YAH,183,Fortra Price Book,USD
01tWC00000FCPzyYAH,3000,Fortra Price Book,USD
01tWC00000DD1s8YAD,2280,Fortra Price Book,AUD
01tWC00000DD1s8YAD,2025,Fortra Price Book,CAD
01tWC00000DD1s8YAD,1380,Fortra Price Book,EUR
01tWC00000DD1s8YAD,1185,Fortra Price Book,GBP
01tWC00000DD1sAYAT,94.24,Fortra Price Book,AUD
01tWC00000DD1sAYAT,83.7,Fortra Price Book,CAD
01tWC00000DD1sAYAT,57.04,Fortra Price Book,EUR
01tWC00000DD1sAYAT,48.98,Fortra Price Book,GBP
01tWC00000FCQ04YAH,62,Fortra Price Book,USD
01tWC00000DD1sCYAT,988,Fortra Price Book,AUD
01tWC00000DD1sCYAT,877.5,Fortra Price Book,CAD
01tWC00000DD1sCYAT,598,Fortra Price Book,EUR
01tWC00000DD1sCYAT,513.5,Fortra Price Book,GBP
01tWC00000DD1sEYAT,94.24,Fortra Price Book,AUD
01tWC00000DD1sEYAT,83.7,Fortra Price Book,CAD
01tWC00000DD1sEYAT,57.04,Fortra Price Book,EUR
01tWC00000DD1sEYAT,48.98,Fortra Price Book,GBP
01tWC00000FCQ08YAH,62,Fortra Price Book,USD
01tWC00000DD1roYAD,2280,Fortra Price Book,AUD
01tWC00000DD1roYAD,2025,Fortra Price Book,CAD
01tWC00000DD1roYAD,1380,Fortra Price Book,EUR
01tWC00000DD1roYAD,1185,Fortra Price Book,GBP
01tWC00000DD1rqYAD,6589.2,Fortra Price Book,AUD
01tWC00000DD1rqYAD,5852.25,Fortra Price Book,CAD
01tWC00000DD1rqYAD,3988.2,Fortra Price Book,EUR
01tWC00000DD1rqYAD,3424.65,Fortra Price Book,GBP
01tWC00000FCPzkYAH,5852.25,Fortra Price Book,USD
01tWC00000FCQ0SYAX,1500,Fortra Price Book,USD
01tWC00000FCQ0RYAX,1500,Fortra Price Book,USD
01tWC00000DD1sIYAT,94.24,Fortra Price Book,AUD
01tWC00000DD1sIYAT,83.7,Fortra Price Book,CAD
01tWC00000DD1sIYAT,57.04,Fortra Price Book,EUR
01tWC00000DD1sIYAT,48.98,Fortra Price Book,GBP
01tWC00000FCQ0CYAX,62,Fortra Price Book,USD
01tWC00000DD1sMYAT,1881.76,Fortra Price Book,AUD
01tWC00000DD1sMYAT,1671.3,Fortra Price Book,CAD
01tWC00000DD1sMYAT,1138.96,Fortra Price Book,EUR
01tWC00000DD1sMYAT,978.02,Fortra Price Book,GBP
01tWC00000DD1sKYAT,3420,Fortra Price Book,AUD
01tWC00000DD1sKYAT,3037.5,Fortra Price Book,CAD
01tWC00000DD1sKYAT,2070,Fortra Price Book,EUR
01tWC00000DD1sKYAT,1777.5,Fortra Price Book,GBP
01tWC00000FCQ0GYAX,1238,Fortra Price Book,USD
01tWC00000DD1sQYAT,1881.76,Fortra Price Book,AUD
01tWC00000DD1sQYAT,1671.3,Fortra Price Book,CAD
01tWC00000DD1sQYAT,1138.96,Fortra Price Book,EUR
01tWC00000DD1sQYAT,978.02,Fortra Price Book,GBP
01tWC00000DD1sOYAT,3420,Fortra Price Book,AUD
01tWC00000DD1sOYAT,3037.5,Fortra Price Book,CAD
01tWC00000DD1sOYAT,2070,Fortra Price Book,EUR
01tWC00000DD1sOYAT,1777.5,Fortra Price Book,GBP
01tWC00000FCQ0KYAX,1238,Fortra Price Book,USD
01tWC00000DD1saYAD,3648,Fortra Price Book,AUD
01tWC00000DD1saYAD,3240,Fortra Price Book,CAD
01tWC00000DD1saYAD,2208,Fortra Price Book,EUR
01tWC00000DD1saYAD,1896,Fortra Price Book,GBP
01tWC00000DD1scYAD,828.4,Fortra Price Book,AUD
01tWC00000DD1scYAD,735.75,Fortra Price Book,CAD
01tWC00000DD1scYAD,501.4,Fortra Price Book,EUR
01tWC00000DD1scYAD,430.55,Fortra Price Book,GBP
01tWC00000DD1sgYAD,1588.4,Fortra Price Book,AUD
01tWC00000DD1sgYAD,1410.75,Fortra Price Book,CAD
01tWC00000DD1sgYAD,961.4,Fortra Price Book,EUR
01tWC00000DD1sgYAD,825.55,Fortra Price Book,GBP
01tWC00000DD1seYAD,2888,Fortra Price Book,AUD
01tWC00000DD1seYAD,2565,Fortra Price Book,CAD
01tWC00000DD1seYAD,1748,Fortra Price Book,EUR
01tWC00000DD1seYAD,1501,Fortra Price Book,GBP
01tWC00000DD1skYAD,16720,Fortra Price Book,AUD
01tWC00000DD1skYAD,14850,Fortra Price Book,CAD
01tWC00000DD1skYAD,10120,Fortra Price Book,EUR
01tWC00000DD1skYAD,8690,Fortra Price Book,GBP
01tWC00000DD1siYAD,30400,Fortra Price Book,AUD
01tWC00000DD1siYAD,27000,Fortra Price Book,CAD
01tWC00000DD1siYAD,18400,Fortra Price Book,EUR
01tWC00000DD1siYAD,15800,Fortra Price Book,GBP
01tWC00000DD1sqYAD,4560,Fortra Price Book,AUD
01tWC00000DD1sqYAD,4050,Fortra Price Book,CAD
01tWC00000DD1sqYAD,2760,Fortra Price Book,EUR
01tWC00000DD1sqYAD,2370,Fortra Price Book,GBP
01tWC00000DD1ssYAD,2508,Fortra Price Book,AUD
01tWC00000DD1ssYAD,2227.5,Fortra Price Book,CAD
01tWC00000DD1ssYAD,1518,Fortra Price Book,EUR
01tWC00000DD1ssYAD,1303.5,Fortra Price Book,GBP
01tWC00000DD1swYAD,2508,Fortra Price Book,AUD
01tWC00000DD1swYAD,2227.5,Fortra Price Book,CAD
01tWC00000DD1swYAD,1518,Fortra Price Book,EUR
01tWC00000DD1swYAD,1303.5,Fortra Price Book,GBP
01tWC00000DD1suYAD,4560,Fortra Price Book,AUD
01tWC00000DD1suYAD,4050,Fortra Price Book,CAD
01tWC00000DD1suYAD,2760,Fortra Price Book,EUR
01tWC00000DD1suYAD,2370,Fortra Price Book,GBP
01tWC00000DD1t4YAD,3762,Fortra Price Book,AUD
01tWC00000DD1t4YAD,3341.25,Fortra Price Book,CAD
01tWC00000DD1t4YAD,2277,Fortra Price Book,EUR
01tWC00000DD1t4YAD,1955.25,Fortra Price Book,GBP
01tWC00000DD1t2YAD,6840,Fortra Price Book,AUD
01tWC00000DD1t2YAD,6075,Fortra Price Book,CAD
01tWC00000DD1t2YAD,4140,Fortra Price Book,EUR
01tWC00000DD1t2YAD,3555,Fortra Price Book,GBP
01tWC00000DD1t6YAD,6840,Fortra Price Book,AUD
01tWC00000DD1t6YAD,6075,Fortra Price Book,CAD
01tWC00000DD1t6YAD,4140,Fortra Price Book,EUR
01tWC00000DD1t6YAD,3555,Fortra Price Book,GBP
01tWC00000DD1t8YAD,3762,Fortra Price Book,AUD
01tWC00000DD1t8YAD,3341.25,Fortra Price Book,CAD
01tWC00000DD1t8YAD,2277,Fortra Price Book,EUR
01tWC00000DD1t8YAD,1955.25,Fortra Price Book,GBP
01tWC00000DD1tDYAT,17905.6,Fortra Price Book,AUD
01tWC00000DD1tDYAT,15903,Fortra Price Book,CAD
01tWC00000DD1tDYAT,10837.6,Fortra Price Book,EUR
01tWC00000DD1tDYAT,9306.2,Fortra Price Book,GBP
01tWC00000DCyxoYAD,8952.8,Fortra Price Book,AUD
01tWC00000DCyxoYAD,7951.5,Fortra Price Book,CAD
01tWC00000DCyxoYAD,5418.8,Fortra Price Book,EUR
01tWC00000DCyxoYAD,4653.1,Fortra Price Book,GBP
01tWC00000DCyxuYAD,2280,Fortra Price Book,AUD
01tWC00000DCyxuYAD,2025,Fortra Price Book,CAD
01tWC00000DCyxuYAD,1380,Fortra Price Book,EUR
01tWC00000DCyxuYAD,1185,Fortra Price Book,GBP
01tWC00000DCyxwYAD,1254,Fortra Price Book,AUD
01tWC00000DCyxwYAD,1113.75,Fortra Price Book,CAD
01tWC00000DCyxwYAD,759,Fortra Price Book,EUR
01tWC00000DCyxwYAD,651.75,Fortra Price Book,GBP
01tWC00000DCyxsYAD,5396,Fortra Price Book,AUD
01tWC00000DCyxsYAD,4792.5,Fortra Price Book,CAD
01tWC00000DCyxsYAD,3266,Fortra Price Book,EUR
01tWC00000DCyxsYAD,2804.5,Fortra Price Book,GBP
01tWC00000FCC87YAH,4792.5,Fortra Price Book,USD
01tWC00000DCyy0YAD,1003.2,Fortra Price Book,AUD
01tWC00000DCyy0YAD,891,Fortra Price Book,CAD
01tWC00000DCyy0YAD,607.2,Fortra Price Book,EUR
01tWC00000DCyy0YAD,521.4,Fortra Price Book,GBP
01tWC00000DCyxyYAD,1824,Fortra Price Book,AUD
01tWC00000DCyxyYAD,1620,Fortra Price Book,CAD
01tWC00000DCyxyYAD,1104,Fortra Price Book,EUR
01tWC00000DCyxyYAD,948,Fortra Price Book,GBP
01tWC00000FBWtZYAX,0.27,Fortra Price Book,USD
01tWC00000FBWtaYAH,0.16,Fortra Price Book,USD
01tWC00000DD10wYAD,559.36,Fortra Price Book,AUD
01tWC00000DD10wYAD,496.8,Fortra Price Book,CAD
01tWC00000DD10wYAD,338.56,Fortra Price Book,EUR
01tWC00000DD10wYAD,290.72,Fortra Price Book,GBP
01tWC00000DD1xKYAT,9120,Fortra Price Book,AUD
01tWC00000DD1xKYAT,8100,Fortra Price Book,CAD
01tWC00000DD1xKYAT,5520,Fortra Price Book,EUR
01tWC00000DD1xKYAT,4740,Fortra Price Book,GBP
01tWC00000DD1xLYAT,9120,Fortra Price Book,AUD
01tWC00000DD1xLYAT,8100,Fortra Price Book,CAD
01tWC00000DD1xLYAT,5520,Fortra Price Book,EUR
01tWC00000DD1xLYAT,4740,Fortra Price Book,GBP
01tWC00000DD1y6YAD,9120,Fortra Price Book,AUD
01tWC00000DD1y6YAD,8100,Fortra Price Book,CAD
01tWC00000DD1y6YAD,5520,Fortra Price Book,EUR
01tWC00000DD1y6YAD,4740,Fortra Price Book,GBP
01tWC00000DD1y7YAD,9120,Fortra Price Book,AUD
01tWC00000DD1y7YAD,8100,Fortra Price Book,CAD
01tWC00000DD1y7YAD,5520,Fortra Price Book,EUR
01tWC00000DD1y7YAD,4740,Fortra Price Book,GBP
01tWC00000DD1yNYAT,45.52,Fortra Price Book,AUD
01tWC00000DD1yNYAT,40.43,Fortra Price Book,CAD
01tWC00000DD1yNYAT,27.55,Fortra Price Book,EUR
01tWC00000DD1yNYAT,23.66,Fortra Price Book,GBP
01tWC00000DD11GYAT,69.92,Fortra Price Book,AUD
01tWC00000DD11GYAT,62.1,Fortra Price Book,CAD
01tWC00000DD11GYAT,42.32,Fortra Price Book,EUR
01tWC00000DD11GYAT,36.34,Fortra Price Book,GBP
01tWC00000DD11EYAT,3344,Fortra Price Book,AUD
01tWC00000DD11EYAT,2970,Fortra Price Book,CAD
01tWC00000DD11EYAT,2024,Fortra Price Book,EUR
01tWC00000DD11EYAT,1738,Fortra Price Book,GBP
01tWC00000FBezFYAT,46,Fortra Price Book,USD
01tWC00000DD13CYAT,7470.8,Fortra Price Book,AUD
01tWC00000DD13CYAT,6635.25,Fortra Price Book,CAD
01tWC00000DD13CYAT,4521.8,Fortra Price Book,EUR
01tWC00000DD13CYAT,3882.85,Fortra Price Book,GBP
01tWC00000DD13EYAT,4108.56,Fortra Price Book,AUD
01tWC00000DD13EYAT,3649.05,Fortra Price Book,CAD
01tWC00000DD13EYAT,2486.76,Fortra Price Book,EUR
01tWC00000DD13EYAT,2135.37,Fortra Price Book,GBP
01tWC00000DD16jYAD,7600,Fortra Price Book,AUD
01tWC00000DD16jYAD,6750,Fortra Price Book,CAD
01tWC00000DD16jYAD,4600,Fortra Price Book,EUR
01tWC00000DD16jYAD,3950,Fortra Price Book,GBP
01tWC00000DD16lYAD,3344,Fortra Price Book,AUD
01tWC00000DD16lYAD,2970,Fortra Price Book,CAD
01tWC00000DD16lYAD,2024,Fortra Price Book,EUR
01tWC00000DD16lYAD,1738,Fortra Price Book,GBP
01tWC00000DD16nYAD,3800,Fortra Price Book,AUD
01tWC00000DD16nYAD,3375,Fortra Price Book,CAD
01tWC00000DD16nYAD,2300,Fortra Price Book,EUR
01tWC00000DD16nYAD,1975,Fortra Price Book,GBP
01tWC00000DD16pYAD,1520,Fortra Price Book,AUD
01tWC00000DD16pYAD,1350,Fortra Price Book,CAD
01tWC00000DD16pYAD,920,Fortra Price Book,EUR
01tWC00000DD16pYAD,790,Fortra Price Book,GBP
01tWC00000DD19ZYAT,3800,Fortra Price Book,AUD
01tWC00000DD19ZYAT,3375,Fortra Price Book,CAD
01tWC00000DD19ZYAT,2300,Fortra Price Book,EUR
01tWC00000DD19ZYAT,1975,Fortra Price Book,GBP
01tWC00000DD19bYAD,2090,Fortra Price Book,AUD
01tWC00000DD19bYAD,1856.25,Fortra Price Book,CAD
01tWC00000DD19bYAD,1265,Fortra Price Book,EUR
01tWC00000DD19bYAD,1086.25,Fortra Price Book,GBP
01tWC00000DD1AWYA1,1520,Fortra Price Book,AUD
01tWC00000DD1AWYA1,1350,Fortra Price Book,CAD
01tWC00000DD1AWYA1,920,Fortra Price Book,EUR
01tWC00000DD1AWYA1,790,Fortra Price Book,GBP
01tWC00000DD1AUYA1,3800,Fortra Price Book,AUD
01tWC00000DD1AUYA1,3375,Fortra Price Book,CAD
01tWC00000DD1AUYA1,2300,Fortra Price Book,EUR
01tWC00000DD1AUYA1,1975,Fortra Price Book,GBP
01tWC00000DD1BGYA1,20699.36,Fortra Price Book,AUD
01tWC00000DD1BGYA1,18384.3,Fortra Price Book,CAD
01tWC00000DD1BGYA1,12528.56,Fortra Price Book,EUR
01tWC00000DD1BGYA1,10758.22,Fortra Price Book,GBP
01tWC00000DD1BEYA1,37635.2,Fortra Price Book,AUD
01tWC00000DD1BEYA1,33426,Fortra Price Book,CAD
01tWC00000DD1BEYA1,22779.2,Fortra Price Book,EUR
01tWC00000DD1BEYA1,19560.4,Fortra Price Book,GBP
01tWC00000FBezdYAD,24760,Fortra Price Book,USD
01tWC00000FBezfYAD,13618,Fortra Price Book,USD
01tWC00000DD1H8YAL,2090,Fortra Price Book,AUD
01tWC00000DD1H8YAL,1856.25,Fortra Price Book,CAD
01tWC00000DD1H8YAL,1265,Fortra Price Book,EUR
01tWC00000DD1H8YAL,1086.25,Fortra Price Book,GBP
01tWC00000DD1H6YAL,3800,Fortra Price Book,AUD
01tWC00000DD1H6YAL,3375,Fortra Price Book,CAD
01tWC00000DD1H6YAL,2300,Fortra Price Book,EUR
01tWC00000DD1H6YAL,1975,Fortra Price Book,GBP
01tWC00000DD1HCYA1,209.76,Fortra Price Book,AUD
01tWC00000DD1HCYA1,186.3,Fortra Price Book,CAD
01tWC00000DD1HCYA1,126.96,Fortra Price Book,EUR
01tWC00000DD1HCYA1,109.02,Fortra Price Book,GBP
01tWC00000DD1HAYA1,380,Fortra Price Book,AUD
01tWC00000DD1HAYA1,337.5,Fortra Price Book,CAD
01tWC00000DD1HAYA1,230,Fortra Price Book,EUR
01tWC00000DD1HAYA1,197.5,Fortra Price Book,GBP
01tWC00000FBeznYAD,138,Fortra Price Book,USD
01tWC00000FBezlYAD,250,Fortra Price Book,USD
01tWC00000DD1HEYA1,3800,Fortra Price Book,AUD
01tWC00000DD1HEYA1,3375,Fortra Price Book,CAD
01tWC00000DD1HEYA1,2300,Fortra Price Book,EUR
01tWC00000DD1HEYA1,1975,Fortra Price Book,GBP
01tWC00000DD1HGYA1,2090,Fortra Price Book,AUD
01tWC00000DD1HGYA1,1856.25,Fortra Price Book,CAD
01tWC00000DD1HGYA1,1265,Fortra Price Book,EUR
01tWC00000DD1HGYA1,1086.25,Fortra Price Book,GBP
01tWC00000DD1HIYA1,3800,Fortra Price Book,AUD
01tWC00000DD1HIYA1,3375,Fortra Price Book,CAD
01tWC00000DD1HIYA1,2300,Fortra Price Book,EUR
01tWC00000DD1HIYA1,1975,Fortra Price Book,GBP
01tWC00000DD1HKYA1,1520,Fortra Price Book,AUD
01tWC00000DD1HKYA1,1350,Fortra Price Book,CAD
01tWC00000DD1HKYA1,920,Fortra Price Book,EUR
01tWC00000DD1HKYA1,790,Fortra Price Book,GBP
01tWC00000DD1HjYAL,4987.12,Fortra Price Book,AUD
01tWC00000DD1HjYAL,4429.35,Fortra Price Book,CAD
01tWC00000DD1HjYAL,3018.52,Fortra Price Book,EUR
01tWC00000DD1HjYAL,2591.99,Fortra Price Book,GBP
01tWC00000DD1HhYAL,9066.8,Fortra Price Book,AUD
01tWC00000DD1HhYAL,8052.75,Fortra Price Book,CAD
01tWC00000DD1HhYAL,5487.8,Fortra Price Book,EUR
01tWC00000DD1HhYAL,4712.35,Fortra Price Book,GBP
01tWC00000DD1HkYAL,5037.28,Fortra Price Book,AUD
01tWC00000DD1HkYAL,4473.9,Fortra Price Book,CAD
01tWC00000DD1HkYAL,3048.88,Fortra Price Book,EUR
01tWC00000DD1HkYAL,2618.06,Fortra Price Book,GBP
01tWC00000FBfHGYA1,3314,Fortra Price Book,USD
01tWC00000DD1PGYA1,3450.4,Fortra Price Book,AUD
01tWC00000DD1PGYA1,3064.5,Fortra Price Book,CAD
01tWC00000DD1PGYA1,2088.4,Fortra Price Book,EUR
01tWC00000DD1PGYA1,1793.3,Fortra Price Book,GBP
01tWC00000DCwVqYAL,988,Fortra Price Book,AUD
01tWC00000DCwVqYAL,877.5,Fortra Price Book,CAD
01tWC00000DCwVqYAL,598,Fortra Price Book,EUR
01tWC00000DCwVqYAL,513.5,Fortra Price Book,GBP
01tWC00000DCwVwYAL,544.16,Fortra Price Book,AUD
01tWC00000DCwVwYAL,483.3,Fortra Price Book,CAD
01tWC00000DCwVwYAL,329.36,Fortra Price Book,EUR
01tWC00000DCwVwYAL,282.82,Fortra Price Book,GBP
01tWC00000DCwVrYAL,3800,Fortra Price Book,AUD
01tWC00000DCwVrYAL,3375,Fortra Price Book,CAD
01tWC00000DCwVrYAL,2300,Fortra Price Book,EUR
01tWC00000DCwVrYAL,1975,Fortra Price Book,GBP
01tWC00000DCwVxYAL,2090,Fortra Price Book,AUD
01tWC00000DCwVxYAL,1856.25,Fortra Price Book,CAD
01tWC00000DCwVxYAL,1265,Fortra Price Book,EUR
01tWC00000DCwVxYAL,1086.25,Fortra Price Book,GBP
01tWC00000FBfGxYAL,2500,Fortra Price Book,USD
01tWC00000FBfH3YAL,2090,Fortra Price Book,USD
01tWC00000FBfH8YAL,2500,Fortra Price Book,USD
01tWC00000FBfH7YAL,2500,Fortra Price Book,USD
01tWC00000DCwVzYAL,16720,Fortra Price Book,AUD
01tWC00000DCwVzYAL,14850,Fortra Price Book,CAD
01tWC00000DCwVzYAL,10120,Fortra Price Book,EUR
01tWC00000DCwVzYAL,8690,Fortra Price Book,GBP
01tWC00000DCwVtYAL,30400,Fortra Price Book,AUD
01tWC00000DCwVtYAL,27000,Fortra Price Book,CAD
01tWC00000DCwVtYAL,18400,Fortra Price Book,EUR
01tWC00000DCwVtYAL,15800,Fortra Price Book,GBP
01tWC00000FBfGzYAL,20000,Fortra Price Book,USD
01tWC00000FBfH5YAL,11000,Fortra Price Book,USD
01tWC00000FBfHAYA1,20000,Fortra Price Book,USD
01tWC00000FBfH9YAL,30400,Fortra Price Book,USD
01tWC00000DCwVsYAL,12160,Fortra Price Book,AUD
01tWC00000DCwVsYAL,10800,Fortra Price Book,CAD
01tWC00000DCwVsYAL,7360,Fortra Price Book,EUR
01tWC00000DCwVsYAL,6320,Fortra Price Book,GBP
01tWC00000DCwVyYAL,6688,Fortra Price Book,AUD
01tWC00000DCwVyYAL,5940,Fortra Price Book,CAD
01tWC00000DCwVyYAL,4048,Fortra Price Book,EUR
01tWC00000DCwVyYAL,3476,Fortra Price Book,GBP
01tWC00000FBfH4YAL,3476,Fortra Price Book,USD
01tWC00000FBfGyYAL,10800,Fortra Price Book,USD
01tWC00000FBfHCYA1,8000,Fortra Price Book,USD
01tWC00000FBfHBYA1,8000,Fortra Price Book,USD
01tWC00000DD1U7YAL,1520,Fortra Price Book,AUD
01tWC00000DD1U7YAL,1350,Fortra Price Book,CAD
01tWC00000DD1U7YAL,920,Fortra Price Book,EUR
01tWC00000DD1U7YAL,790,Fortra Price Book,GBP
01tWC00000DD1U5YAL,3800,Fortra Price Book,AUD
01tWC00000DD1U5YAL,3375,Fortra Price Book,CAD
01tWC00000DD1U5YAL,2300,Fortra Price Book,EUR
01tWC00000DD1U5YAL,1975,Fortra Price Book,GBP
01tWC00000DD1clYAD,3458,Fortra Price Book,AUD
01tWC00000DD1clYAD,3071.25,Fortra Price Book,CAD
01tWC00000DD1clYAD,2093,Fortra Price Book,EUR
01tWC00000DD1clYAD,1797.25,Fortra Price Book,GBP
01tWC00000DD1X0YAL,4111.6,Fortra Price Book,AUD
01tWC00000DD1X0YAL,3651.75,Fortra Price Book,CAD
01tWC00000DD1X0YAL,2488.6,Fortra Price Book,EUR
01tWC00000DD1X0YAL,2136.95,Fortra Price Book,GBP
01tWC00000DD1X2YAL,2261.76,Fortra Price Book,AUD
01tWC00000DD1X2YAL,2008.8,Fortra Price Book,CAD
01tWC00000DD1X2YAL,1368.96,Fortra Price Book,EUR
01tWC00000DD1X2YAL,1175.52,Fortra Price Book,GBP
01tWC00000FBfHRYA1,1488,Fortra Price Book,USD
01tWC00000FBfHPYA1,2705,Fortra Price Book,USD
01tWC00000DD1XWYA1,1520,Fortra Price Book,AUD
01tWC00000DD1XWYA1,1350,Fortra Price Book,CAD
01tWC00000DD1XWYA1,920,Fortra Price Book,EUR
01tWC00000DD1XWYA1,790,Fortra Price Book,GBP
01tWC00000DD1XUYA1,3800,Fortra Price Book,AUD
01tWC00000DD1XUYA1,3375,Fortra Price Book,CAD
01tWC00000DD1XUYA1,2300,Fortra Price Book,EUR
01tWC00000DD1XUYA1,1975,Fortra Price Book,GBP
01tWC00000DD1XYYA1,3800,Fortra Price Book,AUD
01tWC00000DD1XYYA1,3375,Fortra Price Book,CAD
01tWC00000DD1XYYA1,2300,Fortra Price Book,EUR
01tWC00000DD1XYYA1,1975,Fortra Price Book,GBP
01tWC00000DD1XaYAL,2090,Fortra Price Book,AUD
01tWC00000DD1XaYAL,1856.25,Fortra Price Book,CAD
01tWC00000DD1XaYAL,1265,Fortra Price Book,EUR
01tWC00000DD1XaYAL,1086.25,Fortra Price Book,GBP
01tWC00000DD1gDYAT,16624.24,Fortra Price Book,AUD
01tWC00000DD1gDYAT,14764.95,Fortra Price Book,CAD
01tWC00000DD1gDYAT,10062.04,Fortra Price Book,EUR
01tWC00000DD1gDYAT,8640.23,Fortra Price Book,GBP
01tWC00000DD1gBYAT,30225.2,Fortra Price Book,AUD
01tWC00000DD1gBYAT,26844.75,Fortra Price Book,CAD
01tWC00000DD1gBYAT,18294.2,Fortra Price Book,EUR
01tWC00000DD1gBYAT,15709.15,Fortra Price Book,GBP
01tWC00000DD1gFYAT,6862.8,Fortra Price Book,AUD
01tWC00000DD1gFYAT,6095.25,Fortra Price Book,CAD
01tWC00000DD1gFYAT,4153.8,Fortra Price Book,EUR
01tWC00000DD1gFYAT,3566.85,Fortra Price Book,GBP
01tWC00000DD1gHYAT,3774.16,Fortra Price Book,AUD
01tWC00000DD1gHYAT,3352.05,Fortra Price Book,CAD
01tWC00000DD1gHYAT,2284.36,Fortra Price Book,EUR
01tWC00000DD1gHYAT,1961.57,Fortra Price Book,GBP
01tWC00000DD1gJYAT,1337.6,Fortra Price Book,AUD
01tWC00000DD1gJYAT,1188,Fortra Price Book,CAD
01tWC00000DD1gJYAT,809.6,Fortra Price Book,EUR
01tWC00000DD1gJYAT,695.2,Fortra Price Book,GBP
01tWC00000DD1MwYAL,735.68,Fortra Price Book,AUD
01tWC00000DD1MwYAL,653.4,Fortra Price Book,CAD
01tWC00000DD1MwYAL,445.28,Fortra Price Book,EUR
01tWC00000DD1MwYAL,382.36,Fortra Price Book,GBP
01tWC00000DD1MyYAL,30096,Fortra Price Book,AUD
01tWC00000DD1MyYAL,26730,Fortra Price Book,CAD
01tWC00000DD1MyYAL,18216,Fortra Price Book,EUR
01tWC00000DD1MyYAL,15642,Fortra Price Book,GBP
01tWC00000DD1jaYAD,16552.8,Fortra Price Book,AUD
01tWC00000DD1jaYAD,14701.5,Fortra Price Book,CAD
01tWC00000DD1jaYAD,10018.8,Fortra Price Book,EUR
01tWC00000DD1jaYAD,8603.1,Fortra Price Book,GBP
01tWC00000DD1jcYAD,27208,Fortra Price Book,AUD
01tWC00000DD1jcYAD,24165,Fortra Price Book,CAD
01tWC00000DD1jcYAD,16468,Fortra Price Book,EUR
01tWC00000DD1jcYAD,14141,Fortra Price Book,GBP
01tWC00000DD1jhYAD,14964.4,Fortra Price Book,AUD
01tWC00000DD1jhYAD,13290.75,Fortra Price Book,CAD
01tWC00000DD1jhYAD,9057.4,Fortra Price Book,EUR
01tWC00000DD1jhYAD,7777.55,Fortra Price Book,GBP
01tWC00000FBfMAYA1,17900,Fortra Price Book,USD
01tWC00000FBfMFYA1,9845,Fortra Price Book,USD
01tWC00000FBfLmYAL,27208,Fortra Price Book,USD
01tWC00000FBfLlYAL,24165,Fortra Price Book,USD
01tWC00000DD1jjYAD,31684.4,Fortra Price Book,AUD
01tWC00000DD1jjYAD,28140.75,Fortra Price Book,CAD
01tWC00000DD1jjYAD,19177.4,Fortra Price Book,EUR
01tWC00000DD1jjYAD,16467.55,Fortra Price Book,GBP
01tWC00000DD1jeYAD,57608,Fortra Price Book,AUD
01tWC00000DD1jeYAD,51165,Fortra Price Book,CAD
01tWC00000DD1jeYAD,34868,Fortra Price Book,EUR
01tWC00000DD1jeYAD,29941,Fortra Price Book,GBP
01tWC00000FBfMHYA1,20845,Fortra Price Book,USD
01tWC00000FBfMCYA1,37900,Fortra Price Book,USD
01tWC00000FBfLoYAL,51165,Fortra Price Book,USD
01tWC00000FBfLnYAL,37900,Fortra Price Book,USD
01tWC00000DD1jfYAD,75848,Fortra Price Book,AUD
01tWC00000DD1jfYAD,67365,Fortra Price Book,CAD
01tWC00000DD1jfYAD,45908,Fortra Price Book,EUR
01tWC00000DD1jfYAD,39421,Fortra Price Book,GBP
01tWC00000DD1jkYAD,41716.4,Fortra Price Book,AUD
01tWC00000DD1jkYAD,37050.75,Fortra Price Book,CAD
01tWC00000DD1jkYAD,25249.4,Fortra Price Book,EUR
01tWC00000DD1jkYAD,21681.55,Fortra Price Book,GBP
01tWC00000FBfMDYA1,49900,Fortra Price Book,USD
01tWC00000FBfMIYA1,27445,Fortra Price Book,USD
01tWC00000FBfMQYA1,39421,Fortra Price Book,USD
01tWC00000FBfLpYAL,49900,Fortra Price Book,USD
01tWC00000DD1jdYAD,42408,Fortra Price Book,AUD
01tWC00000DD1jdYAD,37665,Fortra Price Book,CAD
01tWC00000DD1jdYAD,25668,Fortra Price Book,EUR
01tWC00000DD1jdYAD,22041,Fortra Price Book,GBP
01tWC00000DD1jiYAD,23324.4,Fortra Price Book,AUD
01tWC00000DD1jiYAD,20715.75,Fortra Price Book,CAD
01tWC00000DD1jiYAD,14117.4,Fortra Price Book,EUR
01tWC00000DD1jiYAD,12122.55,Fortra Price Book,GBP
01tWC00000FBfMBYA1,27900,Fortra Price Book,USD
01tWC00000FBfMGYA1,15345,Fortra Price Book,USD
01tWC00000FBfMSYA1,27900,Fortra Price Book,USD
01tWC00000FBfMRYA1,27900,Fortra Price Book,USD
01tWC00000DD1jrYAD,22488.4,Fortra Price Book,AUD
01tWC00000DD1jrYAD,19973.25,Fortra Price Book,CAD
01tWC00000DD1jrYAD,13611.4,Fortra Price Book,EUR
01tWC00000DD1jrYAD,11688.05,Fortra Price Book,GBP
01tWC00000DD1jmYAD,40888,Fortra Price Book,AUD
01tWC00000DD1jmYAD,36315,Fortra Price Book,CAD
01tWC00000DD1jmYAD,24748,Fortra Price Book,EUR
01tWC00000DD1jmYAD,21251,Fortra Price Book,GBP
01tWC00000FBfMOYA1,14795,Fortra Price Book,USD
01tWC00000FBfMKYA1,26900,Fortra Price Book,USD
01tWC00000FBfMUYA1,26900,Fortra Price Book,USD
01tWC00000FBfMTYA1,26900,Fortra Price Book,USD
01tWC00000DD1jtYAD,39208.4,Fortra Price Book,AUD
01tWC00000DD1jtYAD,34823.25,Fortra Price Book,CAD
01tWC00000DD1jtYAD,23731.4,Fortra Price Book,EUR
01tWC00000DD1jtYAD,20378.05,Fortra Price Book,GBP
01tWC00000DD1joYAD,71288,Fortra Price Book,AUD
01tWC00000DD1joYAD,63315,Fortra Price Book,CAD
01tWC00000DD1joYAD,43148,Fortra Price Book,EUR
01tWC00000DD1joYAD,37051,Fortra Price Book,GBP
01tWC00000FBfMLYA1,46900,Fortra Price Book,USD
01tWC00000FBfMPYA1,25795,Fortra Price Book,USD
01tWC00000FBfMWYA1,46900,Fortra Price Book,USD
01tWC00000FBfMVYA1,46900,Fortra Price Book,USD
01tWC00000DD1juYAD,49240.4,Fortra Price Book,AUD
01tWC00000DD1juYAD,43733.25,Fortra Price Book,CAD
01tWC00000DD1juYAD,29803.4,Fortra Price Book,EUR
01tWC00000DD1juYAD,25592.05,Fortra Price Book,GBP
01tWC00000DD1jpYAD,89528,Fortra Price Book,AUD
01tWC00000DD1jpYAD,79515,Fortra Price Book,CAD
01tWC00000DD1jpYAD,54188,Fortra Price Book,EUR
01tWC00000DD1jpYAD,46531,Fortra Price Book,GBP
01tWC00000FBfMMYA1,58900,Fortra Price Book,USD
01tWC00000FBfMYYA1,58900,Fortra Price Book,USD
01tWC00000FBfMXYA1,58900,Fortra Price Book,USD
01tWC00000DD1jsYAD,30848.4,Fortra Price Book,AUD
01tWC00000DD1jsYAD,27398.25,Fortra Price Book,CAD
01tWC00000DD1jsYAD,18671.4,Fortra Price Book,EUR
01tWC00000DD1jsYAD,16033.05,Fortra Price Book,GBP
01tWC00000DD1jnYAD,56088,Fortra Price Book,AUD
01tWC00000DD1jnYAD,49815,Fortra Price Book,CAD
01tWC00000DD1jnYAD,33948,Fortra Price Book,EUR
01tWC00000DD1jnYAD,29151,Fortra Price Book,GBP
01tWC00000DD1k3YAD,418,Fortra Price Book,AUD
01tWC00000DD1k3YAD,371.25,Fortra Price Book,CAD
01tWC00000DD1k3YAD,253,Fortra Price Book,EUR
01tWC00000DD1k3YAD,217.25,Fortra Price Book,GBP
01tWC00000DD1ksYAD,278.16,Fortra Price Book,AUD
01tWC00000DD1ksYAD,247.05,Fortra Price Book,CAD
01tWC00000DD1ksYAD,168.36,Fortra Price Book,EUR
01tWC00000DD1ksYAD,144.57,Fortra Price Book,GBP
01tWC00000DD1kqYAD,505.4,Fortra Price Book,AUD
01tWC00000DD1kqYAD,448.88,Fortra Price Book,CAD
01tWC00000DD1kqYAD,305.9,Fortra Price Book,EUR
01tWC00000DD1kqYAD,262.68,Fortra Price Book,GBP
01tWC00000DD1k1YAD,1667.44,Fortra Price Book,AUD
01tWC00000DD1k1YAD,1480.95,Fortra Price Book,CAD
01tWC00000DD1k1YAD,1009.24,Fortra Price Book,EUR
01tWC00000DD1k1YAD,866.63,Fortra Price Book,GBP
01tWC00000DD1jzYAD,3032.4,Fortra Price Book,AUD
01tWC00000DD1jzYAD,2693.25,Fortra Price Book,CAD
01tWC00000DD1jzYAD,1835.4,Fortra Price Book,EUR
01tWC00000DD1jzYAD,1576.05,Fortra Price Book,GBP
01tWC00000DD1k2YAD,418,Fortra Price Book,AUD
01tWC00000DD1k2YAD,371.25,Fortra Price Book,CAD
01tWC00000DD1k2YAD,253,Fortra Price Book,EUR
01tWC00000DD1k2YAD,217.25,Fortra Price Book,GBP
01tWC00000DD1k5YAD,7767.2,Fortra Price Book,AUD
01tWC00000DD1k5YAD,6898.5,Fortra Price Book,CAD
01tWC00000DD1k5YAD,4701.2,Fortra Price Book,EUR
01tWC00000DD1k5YAD,4036.9,Fortra Price Book,GBP
01tWC00000DD1k8YAD,4272.72,Fortra Price Book,AUD
01tWC00000DD1k8YAD,3794.85,Fortra Price Book,CAD
01tWC00000DD1k8YAD,2586.12,Fortra Price Book,EUR
01tWC00000DD1k8YAD,2220.69,Fortra Price Book,GBP
01tWC00000FBXM3YAP,5110,Fortra Price Book,USD
01tWC00000FBXM5YAP,2811,Fortra Price Book,USD
01tWC00000FBXM0YAP,5110,Fortra Price Book,USD
01tWC00000FBXLzYAP,5110,Fortra Price Book,USD
01tWC00000DD1k9YAD,3185.92,Fortra Price Book,AUD
01tWC00000DD1k9YAD,2829.6,Fortra Price Book,CAD
01tWC00000DD1k9YAD,1928.32,Fortra Price Book,EUR
01tWC00000DD1k9YAD,1655.84,Fortra Price Book,GBP
01tWC00000DD1k6YAD,5791.2,Fortra Price Book,AUD
01tWC00000DD1k6YAD,5143.5,Fortra Price Book,CAD
01tWC00000DD1k6YAD,3505.2,Fortra Price Book,EUR
01tWC00000DD1k6YAD,3009.9,Fortra Price Book,GBP
01tWC00000FBXM4YAP,3810,Fortra Price Book,USD
01tWC00000FBXM6YAP,2096,Fortra Price Book,USD
01tWC00000FBXM2YAP,3810,Fortra Price Book,USD
01tWC00000FBXM1YAP,5791.2,Fortra Price Book,USD
01tWC00000DD1kDYAT,1667.44,Fortra Price Book,AUD
01tWC00000DD1kDYAT,1480.95,Fortra Price Book,CAD
01tWC00000DD1kDYAT,1009.24,Fortra Price Book,EUR
01tWC00000DD1kDYAT,866.63,Fortra Price Book,GBP
01tWC00000DD1kBYAT,3032.4,Fortra Price Book,AUD
01tWC00000DD1kBYAT,2693.25,Fortra Price Book,CAD
01tWC00000DD1kBYAT,1835.4,Fortra Price Book,EUR
01tWC00000DD1kBYAT,1576.05,Fortra Price Book,GBP
01tWC00000FBXMAYA5,1097,Fortra Price Book,USD
01tWC00000FBXM8YAP,1995,Fortra Price Book,USD
01tWC00000DD1kLYAT,16791.44,Fortra Price Book,AUD
01tWC00000DD1kLYAT,14913.45,Fortra Price Book,CAD
01tWC00000DD1kLYAT,10163.24,Fortra Price Book,EUR
01tWC00000DD1kLYAT,8727.13,Fortra Price Book,GBP
01tWC00000DD1kJYAT,30529.2,Fortra Price Book,AUD
01tWC00000DD1kJYAT,27114.75,Fortra Price Book,CAD
01tWC00000DD1kJYAT,18478.2,Fortra Price Book,EUR
01tWC00000DD1kJYAT,15867.15,Fortra Price Book,GBP
01tWC00000DD1kMYAT,300.96,Fortra Price Book,AUD
01tWC00000DD1kMYAT,267.3,Fortra Price Book,CAD
01tWC00000DD1kMYAT,182.16,Fortra Price Book,EUR
01tWC00000DD1kMYAT,156.42,Fortra Price Book,GBP
01tWC00000DD1kPYAT,9174.72,Fortra Price Book,AUD
01tWC00000DD1kPYAT,8148.6,Fortra Price Book,CAD
01tWC00000DD1kPYAT,5553.12,Fortra Price Book,EUR
01tWC00000DD1kPYAT,4768.44,Fortra Price Book,GBP
01tWC00000DD1kRYAT,5046.4,Fortra Price Book,AUD
01tWC00000DD1kRYAT,4482,Fortra Price Book,CAD
01tWC00000DD1kRYAT,3054.4,Fortra Price Book,EUR
01tWC00000DD1kRYAT,2622.8,Fortra Price Book,GBP
01tWC00000DD1kmYAD,1337.6,Fortra Price Book,AUD
01tWC00000DD1kmYAD,1188,Fortra Price Book,CAD
01tWC00000DD1kmYAD,809.6,Fortra Price Book,EUR
01tWC00000DD1kmYAD,695.2,Fortra Price Book,GBP
01tWC00000DD1koYAD,735.68,Fortra Price Book,AUD
01tWC00000DD1koYAD,653.4,Fortra Price Book,CAD
01tWC00000DD1koYAD,445.28,Fortra Price Book,EUR
01tWC00000DD1koYAD,382.36,Fortra Price Book,GBP
01tWC00000DD1kuYAD,418,Fortra Price Book,AUD
01tWC00000DD1kuYAD,371.25,Fortra Price Book,CAD
01tWC00000DD1kuYAD,253,Fortra Price Book,EUR
01tWC00000DD1kuYAD,217.25,Fortra Price Book,GBP
01tWC00000FBXMTYA5,275,Fortra Price Book,USD
01tWC00000DD1ktYAD,418,Fortra Price Book,AUD
01tWC00000DD1ktYAD,371.25,Fortra Price Book,CAD
01tWC00000DD1ktYAD,253,Fortra Price Book,EUR
01tWC00000DD1ktYAD,217.25,Fortra Price Book,GBP
01tWC00000DD1kvYAD,902.88,Fortra Price Book,AUD
01tWC00000DD1kvYAD,801.9,Fortra Price Book,CAD
01tWC00000DD1kvYAD,546.48,Fortra Price Book,EUR
01tWC00000DD1kvYAD,469.26,Fortra Price Book,GBP
01tWC00000DCxmKYAT,3800,Fortra Price Book,AUD
01tWC00000DCxmKYAT,3375,Fortra Price Book,CAD
01tWC00000DCxmKYAT,2300,Fortra Price Book,EUR
01tWC00000DCxmKYAT,1975,Fortra Price Book,GBP
01tWC00000DCxmMYAT,13538.64,Fortra Price Book,AUD
01tWC00000DCxmMYAT,12024.45,Fortra Price Book,CAD
01tWC00000DCxmMYAT,8194.44,Fortra Price Book,EUR
01tWC00000DCxmMYAT,7036.53,Fortra Price Book,GBP
01tWC00000FBXLqYAP,12024.45,Fortra Price Book,USD
01tWC00000DCyyUYAT,6574,Fortra Price Book,AUD
01tWC00000DCyyUYAT,5838.75,Fortra Price Book,CAD
01tWC00000DCyyUYAT,3979,Fortra Price Book,EUR
01tWC00000DCyyUYAT,3416.75,Fortra Price Book,GBP
01tWC00000DCyyWYAT,3616.08,Fortra Price Book,AUD
01tWC00000DCyyWYAT,3211.65,Fortra Price Book,CAD
01tWC00000DCyyWYAT,2188.68,Fortra Price Book,EUR
01tWC00000DCyyWYAT,1879.41,Fortra Price Book,GBP
01tWC00000DCyyaYAD,1810.32,Fortra Price Book,AUD
01tWC00000DCyyaYAD,1607.85,Fortra Price Book,CAD
01tWC00000DCyyaYAD,1095.72,Fortra Price Book,EUR
01tWC00000DCyyaYAD,940.89,Fortra Price Book,GBP
01tWC00000DCyyYYAT,3290.8,Fortra Price Book,AUD
01tWC00000DCyyYYAT,2922.75,Fortra Price Book,CAD
01tWC00000DCyyYYAT,1991.8,Fortra Price Book,EUR
01tWC00000DCyyYYAT,1710.35,Fortra Price Book,GBP
01tWC00000DD1wWYAT,472.72,Fortra Price Book,AUD
01tWC00000DD1wWYAT,419.85,Fortra Price Book,CAD
01tWC00000DD1wWYAT,286.12,Fortra Price Book,EUR
01tWC00000DD1wWYAT,245.69,Fortra Price Book,GBP
01tWC00000DD1wUYAT,858.8,Fortra Price Book,AUD
01tWC00000DD1wUYAT,762.75,Fortra Price Book,CAD
01tWC00000DD1wUYAT,519.8,Fortra Price Book,EUR
01tWC00000DD1wUYAT,446.35,Fortra Price Book,GBP
01tWC00000DD1btYAD,355,Standard Price Book,USD
01tWC00000DD1btYAD,355,Fortra Price Book,USD
01tWC00000DCxkoYAD,10640,Standard Price Book,AUD
01tWC00000DCxkoYAD,9450,Standard Price Book,CAD
01tWC00000DCxkoYAD,6440,Standard Price Book,EUR
01tWC00000DCxkoYAD,5530,Standard Price Book,GBP
01tWC00000DCxkoYAD,7000,Standard Price Book,USD
01tWC00000DCxkrYAD,31920,Standard Price Book,AUD
01tWC00000DCxkrYAD,28350,Standard Price Book,CAD
01tWC00000DCxkrYAD,19320,Standard Price Book,EUR
01tWC00000DCxkrYAD,16590,Standard Price Book,GBP
01tWC00000DCxkrYAD,21000,Standard Price Book,USD
01tWC00000DCxkvYAD,8937.6,Standard Price Book,AUD
01tWC00000DCxkvYAD,7938,Standard Price Book,CAD
01tWC00000DCxkvYAD,5409.6,Standard Price Book,EUR
01tWC00000DCxkvYAD,4645.2,Standard Price Book,GBP
01tWC00000DCxkvYAD,5880,Standard Price Book,USD
01tWC00000DCxkyYAD,7600,Standard Price Book,AUD
01tWC00000DCxkyYAD,6750,Standard Price Book,CAD
01tWC00000DCxkyYAD,4600,Standard Price Book,EUR
01tWC00000DCxkyYAD,3950,Standard Price Book,GBP
01tWC00000DCxkyYAD,5000,Standard Price Book,USD
01tWC00000DCxlaYAD,228,Standard Price Book,AUD
01tWC00000DCxlaYAD,202.5,Standard Price Book,CAD
01tWC00000DCxlaYAD,138,Standard Price Book,EUR
01tWC00000DCxlaYAD,118.5,Standard Price Book,GBP
01tWC00000DCxlaYAD,150,Standard Price Book,USD
01tWC00000DCyyCYAT,52820,Standard Price Book,AUD
01tWC00000DCyyCYAT,46912.5,Standard Price Book,CAD
01tWC00000DCyyCYAT,31970,Standard Price Book,EUR
01tWC00000DCyyCYAT,27452.5,Standard Price Book,GBP
01tWC00000DCyyCYAT,34750,Standard Price Book,USD
01tWC00000DCyyLYAT,18734,Standard Price Book,AUD
01tWC00000DCyyLYAT,16638.75,Standard Price Book,CAD
01tWC00000DCyyLYAT,11339,Standard Price Book,EUR
01tWC00000DCyyLYAT,9736.75,Standard Price Book,GBP
01tWC00000DCyyLYAT,12325,Standard Price Book,USD
01tWC00000DCzGJYA1,454.48,Standard Price Book,AUD
01tWC00000DCzGJYA1,403.65,Standard Price Book,CAD
01tWC00000DCzGJYA1,275.08,Standard Price Book,EUR
01tWC00000DCzGJYA1,236.21,Standard Price Book,GBP
01tWC00000DCzGJYA1,299,Standard Price Book,USD
01tWC00000DD14zYAD,275000,Standard Price Book,USD
01tWC00000DD15sYAD,226.48,Standard Price Book,AUD
01tWC00000DD15sYAD,201.15,Standard Price Book,CAD
01tWC00000DD15sYAD,137.08,Standard Price Book,EUR
01tWC00000DD15sYAD,117.71,Standard Price Book,GBP
01tWC00000DD15sYAD,149,Standard Price Book,USD
01tWC00000DD15xYAD,302.48,Standard Price Book,AUD
01tWC00000DD15xYAD,268.65,Standard Price Book,CAD
01tWC00000DD15xYAD,183.08,Standard Price Book,EUR
01tWC00000DD15xYAD,157.21,Standard Price Book,GBP
01tWC00000DD15xYAD,199,Standard Price Book,USD
01tWC00000DD162YAD,60.8,Standard Price Book,AUD
01tWC00000DD162YAD,54,Standard Price Book,CAD
01tWC00000DD162YAD,36.8,Standard Price Book,EUR
01tWC00000DD162YAD,31.6,Standard Price Book,GBP
01tWC00000DD162YAD,40,Standard Price Book,USD
01tWC00000DD16IYAT,3052.16,Standard Price Book,AUD
01tWC00000DD16IYAT,2710.8,Standard Price Book,CAD
01tWC00000DD16IYAT,1847.36,Standard Price Book,EUR
01tWC00000DD16IYAT,1586.32,Standard Price Book,GBP
01tWC00000DD16IYAT,2008,Standard Price Book,USD
01tWC00000DD1BUYA1,494,Standard Price Book,AUD
01tWC00000DD1BUYA1,438.75,Standard Price Book,CAD
01tWC00000DD1BUYA1,299,Standard Price Book,EUR
01tWC00000DD1BUYA1,256.75,Standard Price Book,GBP
01tWC00000DD1BUYA1,325,Standard Price Book,USD
01tWC00000DD1HxYAL,100.32,Standard Price Book,AUD
01tWC00000DD1HxYAL,89.1,Standard Price Book,CAD
01tWC00000DD1HxYAL,60.72,Standard Price Book,EUR
01tWC00000DD1HxYAL,52.14,Standard Price Book,GBP
01tWC00000DD1HxYAL,66,Standard Price Book,USD
01tWC00000DD1I5YAL,904.4,Standard Price Book,AUD
01tWC00000DD1I5YAL,803.25,Standard Price Book,CAD
01tWC00000DD1I5YAL,547.4,Standard Price Book,EUR
01tWC00000DD1I5YAL,470.05,Standard Price Book,GBP
01tWC00000DD1I5YAL,595,Standard Price Book,USD
01tWC00000DD1I9YAL,149,Standard Price Book,USD
01tWC00000DD1IFYA1,150.48,Standard Price Book,AUD
01tWC00000DD1IFYA1,133.65,Standard Price Book,CAD
01tWC00000DD1IFYA1,91.08,Standard Price Book,EUR
01tWC00000DD1IFYA1,78.21,Standard Price Book,GBP
01tWC00000DD1IFYA1,99,Standard Price Book,USD
01tWC00000DD1IJYA1,302.48,Standard Price Book,AUD
01tWC00000DD1IJYA1,268.65,Standard Price Book,CAD
01tWC00000DD1IJYA1,183.08,Standard Price Book,EUR
01tWC00000DD1IJYA1,157.21,Standard Price Book,GBP
01tWC00000DD1IJYA1,199,Standard Price Book,USD
01tWC00000DD1IOYA1,100.32,Standard Price Book,AUD
01tWC00000DD1IOYA1,89.1,Standard Price Book,CAD
01tWC00000DD1IOYA1,60.72,Standard Price Book,EUR
01tWC00000DD1IOYA1,52.14,Standard Price Book,GBP
01tWC00000DD1IOYA1,66,Standard Price Book,USD
01tWC00000DD1ITYA1,302.48,Standard Price Book,AUD
01tWC00000DD1ITYA1,268.65,Standard Price Book,CAD
01tWC00000DD1ITYA1,183.08,Standard Price Book,EUR
01tWC00000DD1ITYA1,157.21,Standard Price Book,GBP
01tWC00000DD1ITYA1,199,Standard Price Book,USD
01tWC00000DD1IXYA1,49,Standard Price Book,USD
01tWC00000DD1IeYAL,904.4,Standard Price Book,AUD
01tWC00000DD1IeYAL,803.25,Standard Price Book,CAD
01tWC00000DD1IeYAL,547.4,Standard Price Book,EUR
01tWC00000DD1IeYAL,470.05,Standard Price Book,GBP
01tWC00000DD1IeYAL,595,Standard Price Book,USD
01tWC00000DD1JeYAL,226.48,Standard Price Book,AUD
01tWC00000DD1JeYAL,201.15,Standard Price Book,CAD
01tWC00000DD1JeYAL,137.08,Standard Price Book,EUR
01tWC00000DD1JeYAL,117.71,Standard Price Book,GBP
01tWC00000DD1JeYAL,149,Standard Price Book,USD
01tWC00000DD1V6YAL,100.32,Standard Price Book,AUD
01tWC00000DD1V6YAL,89.1,Standard Price Book,CAD
01tWC00000DD1V6YAL,60.72,Standard Price Book,EUR
01tWC00000DD1V6YAL,52.14,Standard Price Book,GBP
01tWC00000DD1V6YAL,66,Standard Price Book,USD
01tWC00000DD1VBYA1,904.4,Standard Price Book,AUD
01tWC00000DD1VBYA1,803.25,Standard Price Book,CAD
01tWC00000DD1VBYA1,547.4,Standard Price Book,EUR
01tWC00000DD1VBYA1,470.05,Standard Price Book,GBP
01tWC00000DD1VBYA1,595,Standard Price Book,USD
01tWC00000DD1ZwYAL,302.48,Standard Price Book,AUD
01tWC00000DD1ZwYAL,268.65,Standard Price Book,CAD
01tWC00000DD1ZwYAL,183.08,Standard Price Book,EUR
01tWC00000DD1ZwYAL,157.21,Standard Price Book,GBP
01tWC00000DD1ZwYAL,199,Standard Price Book,USD
01tWC00000DD1a1YAD,100.32,Standard Price Book,AUD
01tWC00000DD1a1YAD,89.1,Standard Price Book,CAD
01tWC00000DD1a1YAD,60.72,Standard Price Book,EUR
01tWC00000DD1a1YAD,52.14,Standard Price Book,GBP
01tWC00000DD1a1YAD,66,Standard Price Book,USD
01tWC00000DD1a6YAD,302.48,Standard Price Book,AUD
01tWC00000DD1a6YAD,268.65,Standard Price Book,CAD
01tWC00000DD1a6YAD,183.08,Standard Price Book,EUR
01tWC00000DD1a6YAD,157.21,Standard Price Book,GBP
01tWC00000DD1a6YAD,199,Standard Price Book,USD
01tWC00000DD1aBYAT,904.4,Standard Price Book,AUD
01tWC00000DD1aBYAT,803.25,Standard Price Book,CAD
01tWC00000DD1aBYAT,547.4,Standard Price Book,EUR
01tWC00000DD1aBYAT,470.05,Standard Price Book,GBP
01tWC00000DD1aBYAT,595,Standard Price Book,USD
01tWC00000DD1gMYAT,17480,Standard Price Book,AUD
01tWC00000DD1gMYAT,15525,Standard Price Book,CAD
01tWC00000DD1gMYAT,10580,Standard Price Book,EUR
01tWC00000DD1gMYAT,9085,Standard Price Book,GBP
01tWC00000DD1gMYAT,11500,Standard Price Book,USD
01tWC00000DD1hWYAT,10632.4,Standard Price Book,AUD
01tWC00000DD1hWYAT,9443.25,Standard Price Book,CAD
01tWC00000DD1hWYAT,6435.4,Standard Price Book,EUR
01tWC00000DD1hWYAT,5526.05,Standard Price Book,GBP
01tWC00000DD1hWYAT,6995,Standard Price Book,USD
01tWC00000DD1haYAD,910.48,Standard Price Book,AUD
01tWC00000DD1haYAD,808.65,Standard Price Book,CAD
01tWC00000DD1haYAD,551.08,Standard Price Book,EUR
01tWC00000DD1haYAD,473.21,Standard Price Book,GBP
01tWC00000DD1haYAD,599,Standard Price Book,USD
01tWC00000DD1hmYAD,150.48,Standard Price Book,AUD
01tWC00000DD1hmYAD,133.65,Standard Price Book,CAD
01tWC00000DD1hmYAD,91.08,Standard Price Book,EUR
01tWC00000DD1hmYAD,78.21,Standard Price Book,GBP
01tWC00000DD1hmYAD,99,Standard Price Book,USD
01tWC00000DD1hxYAD,1360.4,Standard Price Book,AUD
01tWC00000DD1hxYAD,1208.25,Standard Price Book,CAD
01tWC00000DD1hxYAD,823.4,Standard Price Book,EUR
01tWC00000DD1hxYAD,707.05,Standard Price Book,GBP
01tWC00000DD1hxYAD,895,Standard Price Book,USD
01tWC00000DD1meYAD,7000,Standard Price Book,USD
01tWC00000DD1mhYAD,5107.2,Standard Price Book,AUD
01tWC00000DD1mhYAD,4536,Standard Price Book,CAD
01tWC00000DD1mhYAD,3091.2,Standard Price Book,EUR
01tWC00000DD1mhYAD,2654.4,Standard Price Book,GBP
01tWC00000DD1mhYAD,3360,Standard Price Book,USD
01tWC00000DD1mpYAD,299,Standard Price Book,USD
01tWC00000DD1msYAD,349,Standard Price Book,USD
01tWC00000DD1mvYAD,454.48,Standard Price Book,AUD
01tWC00000DD1mvYAD,403.65,Standard Price Book,CAD
01tWC00000DD1mvYAD,275.08,Standard Price Book,EUR
01tWC00000DD1mvYAD,236.21,Standard Price Book,GBP
01tWC00000DD1mvYAD,299,Standard Price Book,USD
01tWC00000DD1n1YAD,454.48,Standard Price Book,AUD
01tWC00000DD1n1YAD,403.65,Standard Price Book,CAD
01tWC00000DD1n1YAD,275.08,Standard Price Book,EUR
01tWC00000DD1n1YAD,236.21,Standard Price Book,GBP
01tWC00000DD1n1YAD,299,Standard Price Book,USD
01tWC00000DD1n5YAD,302.48,Standard Price Book,AUD
01tWC00000DD1n5YAD,268.65,Standard Price Book,CAD
01tWC00000DD1n5YAD,183.08,Standard Price Book,EUR
01tWC00000DD1n5YAD,157.21,Standard Price Book,GBP
01tWC00000DD1n5YAD,199,Standard Price Book,USD
01tWC00000DD1n9YAD,378.48,Standard Price Book,AUD
01tWC00000DD1n9YAD,336.15,Standard Price Book,CAD
01tWC00000DD1n9YAD,229.08,Standard Price Book,EUR
01tWC00000DD1n9YAD,196.71,Standard Price Book,GBP
01tWC00000DD1n9YAD,249,Standard Price Book,USD
01tWC00000DD1nEYAT,454.48,Standard Price Book,AUD
01tWC00000DD1nEYAT,403.65,Standard Price Book,CAD
01tWC00000DD1nEYAT,275.08,Standard Price Book,EUR
01tWC00000DD1nEYAT,236.21,Standard Price Book,GBP
01tWC00000DD1nEYAT,299,Standard Price Book,USD
01tWC00000DD1nJYAT,150.48,Standard Price Book,AUD
01tWC00000DD1nJYAT,133.65,Standard Price Book,CAD
01tWC00000DD1nJYAT,91.08,Standard Price Book,EUR
01tWC00000DD1nJYAT,78.21,Standard Price Book,GBP
01tWC00000DD1nJYAT,99,Standard Price Book,USD
01tWC00000DD1nOYAT,454.48,Standard Price Book,AUD
01tWC00000DD1nOYAT,403.65,Standard Price Book,CAD
01tWC00000DD1nOYAT,275.08,Standard Price Book,EUR
01tWC00000DD1nOYAT,236.21,Standard Price Book,GBP
01tWC00000DD1nOYAT,299,Standard Price Book,USD
01tWC00000DD1nSYAT,99,Standard Price Book,USD
01tWC00000DD1nVYAT,149,Standard Price Book,USD
01tWC00000DD1npYAD,454.48,Standard Price Book,AUD
01tWC00000DD1npYAD,403.65,Standard Price Book,CAD
01tWC00000DD1npYAD,275.08,Standard Price Book,EUR
01tWC00000DD1npYAD,236.21,Standard Price Book,GBP
01tWC00000DD1npYAD,299,Standard Price Book,USD
01tWC00000DD1ntYAD,454.48,Standard Price Book,AUD
01tWC00000DD1ntYAD,403.65,Standard Price Book,CAD
01tWC00000DD1ntYAD,275.08,Standard Price Book,EUR
01tWC00000DD1ntYAD,236.21,Standard Price Book,GBP
01tWC00000DD1ntYAD,299,Standard Price Book,USD
01tWC00000DD1o2YAD,904.4,Standard Price Book,AUD
01tWC00000DD1o2YAD,803.25,Standard Price Book,CAD
01tWC00000DD1o2YAD,547.4,Standard Price Book,EUR
01tWC00000DD1o2YAD,470.05,Standard Price Book,GBP
01tWC00000DD1o2YAD,595,Standard Price Book,USD
01tWC00000DD1oSYAT,89.68,Standard Price Book,AUD
01tWC00000DD1oSYAT,79.65,Standard Price Book,CAD
01tWC00000DD1oSYAT,54.28,Standard Price Book,EUR
01tWC00000DD1oSYAT,46.61,Standard Price Book,GBP
01tWC00000DD1oSYAT,59,Standard Price Book,USD
01tWC00000DD1oXYAT,10632.4,Standard Price Book,AUD
01tWC00000DD1oXYAT,9443.25,Standard Price Book,CAD
01tWC00000DD1oXYAT,6435.4,Standard Price Book,EUR
01tWC00000DD1oXYAT,5526.05,Standard Price Book,GBP
01tWC00000DD1oXYAT,6995,Standard Price Book,USD
01tWC00000DD1ojYAD,50.16,Standard Price Book,AUD
01tWC00000DD1ojYAD,44.55,Standard Price Book,CAD
01tWC00000DD1ojYAD,30.36,Standard Price Book,EUR
01tWC00000DD1ojYAD,26.07,Standard Price Book,GBP
01tWC00000DD1ojYAD,33,Standard Price Book,USD
01tWC00000DD1onYAD,150.48,Standard Price Book,AUD
01tWC00000DD1onYAD,133.65,Standard Price Book,CAD
01tWC00000DD1onYAD,91.08,Standard Price Book,EUR
01tWC00000DD1onYAD,78.21,Standard Price Book,GBP
01tWC00000DD1onYAD,99,Standard Price Book,USD
01tWC00000DD1otYAD,7288.4,Standard Price Book,AUD
01tWC00000DD1otYAD,6473.25,Standard Price Book,CAD
01tWC00000DD1otYAD,4411.4,Standard Price Book,EUR
01tWC00000DD1otYAD,3788.05,Standard Price Book,GBP
01tWC00000DD1otYAD,4795,Standard Price Book,USD
01tWC00000DD1p3YAD,150.48,Standard Price Book,AUD
01tWC00000DD1p3YAD,133.65,Standard Price Book,CAD
01tWC00000DD1p3YAD,91.08,Standard Price Book,EUR
01tWC00000DD1p3YAD,78.21,Standard Price Book,GBP
01tWC00000DD1p3YAD,99,Standard Price Book,USD
01tWC00000DD1pHYAT,150.48,Standard Price Book,AUD
01tWC00000DD1pHYAT,133.65,Standard Price Book,CAD
01tWC00000DD1pHYAT,91.08,Standard Price Book,EUR
01tWC00000DD1pHYAT,78.21,Standard Price Book,GBP
01tWC00000DD1pHYAT,99,Standard Price Book,USD
01tWC00000DD1pQYAT,150.48,Standard Price Book,AUD
01tWC00000DD1pQYAT,133.65,Standard Price Book,CAD
01tWC00000DD1pQYAT,91.08,Standard Price Book,EUR
01tWC00000DD1pQYAT,78.21,Standard Price Book,GBP
01tWC00000DD1pQYAT,99,Standard Price Book,USD
01tWC00000DD1pUYAT,50.16,Standard Price Book,AUD
01tWC00000DD1pUYAT,44.55,Standard Price Book,CAD
01tWC00000DD1pUYAT,30.36,Standard Price Book,EUR
01tWC00000DD1pUYAT,26.07,Standard Price Book,GBP
01tWC00000DD1pUYAT,33,Standard Price Book,USD
01tWC00000DD1pYYAT,150.48,Standard Price Book,AUD
01tWC00000DD1pYYAT,133.65,Standard Price Book,CAD
01tWC00000DD1pYYAT,91.08,Standard Price Book,EUR
01tWC00000DD1pYYAT,78.21,Standard Price Book,GBP
01tWC00000DD1pYYAT,99,Standard Price Book,USD
01tWC00000DD1pkYAD,448.4,Standard Price Book,AUD
01tWC00000DD1pkYAD,398.25,Standard Price Book,CAD
01tWC00000DD1pkYAD,271.4,Standard Price Book,EUR
01tWC00000DD1pkYAD,233.05,Standard Price Book,GBP
01tWC00000DD1pkYAD,295,Standard Price Book,USD
01tWC00000DD1prYAD,22792.4,Standard Price Book,AUD
01tWC00000DD1prYAD,20243.25,Standard Price Book,CAD
01tWC00000DD1prYAD,13795.4,Standard Price Book,EUR
01tWC00000DD1prYAD,11846.05,Standard Price Book,GBP
01tWC00000DD1prYAD,14995,Standard Price Book,USD
01tWC00000DD1tLYAT,44.08,Standard Price Book,AUD
01tWC00000DD1tLYAT,39.15,Standard Price Book,CAD
01tWC00000DD1tLYAT,26.68,Standard Price Book,EUR
01tWC00000DD1tLYAT,22.91,Standard Price Book,GBP
01tWC00000DD1tLYAT,29,Standard Price Book,USD
01tWC00000DD1tRYAT,10632.4,Standard Price Book,AUD
01tWC00000DD1tRYAT,9443.25,Standard Price Book,CAD
01tWC00000DD1tRYAT,6435.4,Standard Price Book,EUR
01tWC00000DD1tRYAT,5526.05,Standard Price Book,GBP
01tWC00000DD1tRYAT,6995,Standard Price Book,USD
01tWC00000DD1tdYAD,14440,Standard Price Book,AUD
01tWC00000DD1tdYAD,12825,Standard Price Book,CAD
01tWC00000DD1tdYAD,8740,Standard Price Book,EUR
01tWC00000DD1tdYAD,7505,Standard Price Book,GBP
01tWC00000DD1tdYAD,9500,Standard Price Book,USD
01tWC00000DCxkoYAD,10640,Fortra Price Book,AUD
01tWC00000DCxkoYAD,9450,Fortra Price Book,CAD
01tWC00000DCxkoYAD,6440,Fortra Price Book,EUR
01tWC00000DCxkoYAD,5530,Fortra Price Book,GBP
01tWC00000DCxkoYAD,7000,Fortra Price Book,USD
01tWC00000DCxkrYAD,31920,Fortra Price Book,AUD
01tWC00000DCxkrYAD,28350,Fortra Price Book,CAD
01tWC00000DCxkrYAD,19320,Fortra Price Book,EUR
01tWC00000DCxkrYAD,16590,Fortra Price Book,GBP
01tWC00000DCxkrYAD,21000,Fortra Price Book,USD
01tWC00000DCxkvYAD,8937.6,Fortra Price Book,AUD
01tWC00000DCxkvYAD,7938,Fortra Price Book,CAD
01tWC00000DCxkvYAD,5409.6,Fortra Price Book,EUR
01tWC00000DCxkvYAD,4645.2,Fortra Price Book,GBP
01tWC00000DCxkvYAD,5880,Fortra Price Book,USD
01tWC00000DCxkyYAD,7600,Fortra Price Book,AUD
01tWC00000DCxkyYAD,6750,Fortra Price Book,CAD
01tWC00000DCxkyYAD,4600,Fortra Price Book,EUR
01tWC00000DCxkyYAD,3950,Fortra Price Book,GBP
01tWC00000DCxkyYAD,5000,Fortra Price Book,USD
01tWC00000DCxlaYAD,228,Fortra Price Book,AUD
01tWC00000DCxlaYAD,202.5,Fortra Price Book,CAD
01tWC00000DCxlaYAD,138,Fortra Price Book,EUR
01tWC00000DCxlaYAD,118.5,Fortra Price Book,GBP
01tWC00000DCxlaYAD,150,Fortra Price Book,USD
01tWC00000DCyyCYAT,52820,Fortra Price Book,AUD
01tWC00000DCyyCYAT,46912.5,Fortra Price Book,CAD
01tWC00000DCyyCYAT,31970,Fortra Price Book,EUR
01tWC00000DCyyCYAT,27452.5,Fortra Price Book,GBP
01tWC00000DCyyCYAT,34750,Fortra Price Book,USD
01tWC00000DCyyLYAT,18734,Fortra Price Book,AUD
01tWC00000DCyyLYAT,16638.75,Fortra Price Book,CAD
01tWC00000DCyyLYAT,11339,Fortra Price Book,EUR
01tWC00000DCyyLYAT,9736.75,Fortra Price Book,GBP
01tWC00000DCyyLYAT,12325,Fortra Price Book,USD
01tWC00000DCzGJYA1,454.48,Fortra Price Book,AUD
01tWC00000DCzGJYA1,403.65,Fortra Price Book,CAD
01tWC00000DCzGJYA1,275.08,Fortra Price Book,EUR
01tWC00000DCzGJYA1,236.21,Fortra Price Book,GBP
01tWC00000DCzGJYA1,299,Fortra Price Book,USD
01tWC00000DD14zYAD,418000,Fortra Price Book,AUD
01tWC00000DD14zYAD,371250,Fortra Price Book,CAD
01tWC00000DD14zYAD,253000,Fortra Price Book,EUR
01tWC00000DD14zYAD,217250,Fortra Price Book,GBP
01tWC00000DD14zYAD,275000,Fortra Price Book,USD
01tWC00000DD15sYAD,226.48,Fortra Price Book,AUD
01tWC00000DD15sYAD,201.15,Fortra Price Book,CAD
01tWC00000DD15sYAD,137.08,Fortra Price Book,EUR
01tWC00000DD15sYAD,117.71,Fortra Price Book,GBP
01tWC00000DD15sYAD,149,Fortra Price Book,USD
01tWC00000DD15xYAD,302.48,Fortra Price Book,AUD
01tWC00000DD15xYAD,268.65,Fortra Price Book,CAD
01tWC00000DD15xYAD,183.08,Fortra Price Book,EUR
01tWC00000DD15xYAD,157.21,Fortra Price Book,GBP
01tWC00000DD15xYAD,199,Fortra Price Book,USD
01tWC00000DD162YAD,60.8,Fortra Price Book,AUD
01tWC00000DD162YAD,54,Fortra Price Book,CAD
01tWC00000DD162YAD,36.8,Fortra Price Book,EUR
01tWC00000DD162YAD,31.6,Fortra Price Book,GBP
01tWC00000DD162YAD,40,Fortra Price Book,USD
01tWC00000DD16IYAT,3052.16,Fortra Price Book,AUD
01tWC00000DD16IYAT,2710.8,Fortra Price Book,CAD
01tWC00000DD16IYAT,1847.36,Fortra Price Book,EUR
01tWC00000DD16IYAT,1586.32,Fortra Price Book,GBP
01tWC00000DD16IYAT,2008,Fortra Price Book,USD
01tWC00000DD1BUYA1,494,Fortra Price Book,AUD
01tWC00000DD1BUYA1,438.75,Fortra Price Book,CAD
01tWC00000DD1BUYA1,299,Fortra Price Book,EUR
01tWC00000DD1BUYA1,256.75,Fortra Price Book,GBP
01tWC00000DD1BUYA1,325,Fortra Price Book,USD
01tWC00000DD1HxYAL,100.32,Fortra Price Book,AUD
01tWC00000DD1HxYAL,89.1,Fortra Price Book,CAD
01tWC00000DD1HxYAL,60.72,Fortra Price Book,EUR
01tWC00000DD1HxYAL,52.14,Fortra Price Book,GBP
01tWC00000DD1HxYAL,66,Fortra Price Book,USD
01tWC00000DD1I5YAL,904.4,Fortra Price Book,AUD
01tWC00000DD1I5YAL,803.25,Fortra Price Book,CAD
01tWC00000DD1I5YAL,547.4,Fortra Price Book,EUR
01tWC00000DD1I5YAL,470.05,Fortra Price Book,GBP
01tWC00000DD1I5YAL,595,Fortra Price Book,USD
01tWC00000DD1I9YAL,226.48,Fortra Price Book,AUD
01tWC00000DD1I9YAL,201.15,Fortra Price Book,CAD
01tWC00000DD1I9YAL,137.08,Fortra Price Book,EUR
01tWC00000DD1I9YAL,117.71,Fortra Price Book,GBP
01tWC00000DD1I9YAL,149,Fortra Price Book,USD
01tWC00000DD1IFYA1,150.48,Fortra Price Book,AUD
01tWC00000DD1IFYA1,133.65,Fortra Price Book,CAD
01tWC00000DD1IFYA1,91.08,Fortra Price Book,EUR
01tWC00000DD1IFYA1,78.21,Fortra Price Book,GBP
01tWC00000DD1IFYA1,99,Fortra Price Book,USD
01tWC00000DD1IJYA1,302.48,Fortra Price Book,AUD
01tWC00000DD1IJYA1,268.65,Fortra Price Book,CAD
01tWC00000DD1IJYA1,183.08,Fortra Price Book,EUR
01tWC00000DD1IJYA1,157.21,Fortra Price Book,GBP
01tWC00000DD1IJYA1,199,Fortra Price Book,USD
01tWC00000DD1IOYA1,100.32,Fortra Price Book,AUD
01tWC00000DD1IOYA1,89.1,Fortra Price Book,CAD
01tWC00000DD1IOYA1,60.72,Fortra Price Book,EUR
01tWC00000DD1IOYA1,52.14,Fortra Price Book,GBP
01tWC00000DD1IOYA1,66,Fortra Price Book,USD
01tWC00000DD1ITYA1,302.48,Fortra Price Book,AUD
01tWC00000DD1ITYA1,268.65,Fortra Price Book,CAD
01tWC00000DD1ITYA1,183.08,Fortra Price Book,EUR
01tWC00000DD1ITYA1,157.21,Fortra Price Book,GBP
01tWC00000DD1ITYA1,199,Fortra Price Book,USD
01tWC00000DD1IXYA1,74.48,Fortra Price Book,AUD
01tWC00000DD1IXYA1,66.15,Fortra Price Book,CAD
01tWC00000DD1IXYA1,45.08,Fortra Price Book,EUR
01tWC00000DD1IXYA1,38.71,Fortra Price Book,GBP
01tWC00000DD1IXYA1,49,Fortra Price Book,USD
01tWC00000DD1IeYAL,904.4,Fortra Price Book,AUD
01tWC00000DD1IeYAL,803.25,Fortra Price Book,CAD
01tWC00000DD1IeYAL,547.4,Fortra Price Book,EUR
01tWC00000DD1IeYAL,470.05,Fortra Price Book,GBP
01tWC00000DD1IeYAL,595,Fortra Price Book,USD
01tWC00000DD1JeYAL,226.48,Fortra Price Book,AUD
01tWC00000DD1JeYAL,201.15,Fortra Price Book,CAD
01tWC00000DD1JeYAL,137.08,Fortra Price Book,EUR
01tWC00000DD1JeYAL,117.71,Fortra Price Book,GBP
01tWC00000DD1JeYAL,149,Fortra Price Book,USD
01tWC00000DD1V6YAL,100.32,Fortra Price Book,AUD
01tWC00000DD1V6YAL,89.1,Fortra Price Book,CAD
01tWC00000DD1V6YAL,60.72,Fortra Price Book,EUR
01tWC00000DD1V6YAL,52.14,Fortra Price Book,GBP
01tWC00000DD1V6YAL,66,Fortra Price Book,USD
01tWC00000DD1VBYA1,904.4,Fortra Price Book,AUD
01tWC00000DD1VBYA1,803.25,Fortra Price Book,CAD
01tWC00000DD1VBYA1,547.4,Fortra Price Book,EUR
01tWC00000DD1VBYA1,470.05,Fortra Price Book,GBP
01tWC00000DD1VBYA1,595,Fortra Price Book,USD
01tWC00000DD1ZwYAL,302.48,Fortra Price Book,AUD
01tWC00000DD1ZwYAL,268.65,Fortra Price Book,CAD
01tWC00000DD1ZwYAL,183.08,Fortra Price Book,EUR
01tWC00000DD1ZwYAL,157.21,Fortra Price Book,GBP
01tWC00000DD1ZwYAL,199,Fortra Price Book,USD
01tWC00000DD1a1YAD,100.32,Fortra Price Book,AUD
01tWC00000DD1a1YAD,89.1,Fortra Price Book,CAD
01tWC00000DD1a1YAD,60.72,Fortra Price Book,EUR
01tWC00000DD1a1YAD,52.14,Fortra Price Book,GBP
01tWC00000DD1a1YAD,66,Fortra Price Book,USD
01tWC00000DD1a6YAD,302.48,Fortra Price Book,AUD
01tWC00000DD1a6YAD,268.65,Fortra Price Book,CAD
01tWC00000DD1a6YAD,183.08,Fortra Price Book,EUR
01tWC00000DD1a6YAD,157.21,Fortra Price Book,GBP
01tWC00000DD1a6YAD,199,Fortra Price Book,USD
01tWC00000DD1aBYAT,904.4,Fortra Price Book,AUD
01tWC00000DD1aBYAT,803.25,Fortra Price Book,CAD
01tWC00000DD1aBYAT,547.4,Fortra Price Book,EUR
01tWC00000DD1aBYAT,470.05,Fortra Price Book,GBP
01tWC00000DD1aBYAT,595,Fortra Price Book,USD
01tWC00000DD1gMYAT,17480,Fortra Price Book,AUD
01tWC00000DD1gMYAT,15525,Fortra Price Book,CAD
01tWC00000DD1gMYAT,10580,Fortra Price Book,EUR
01tWC00000DD1gMYAT,9085,Fortra Price Book,GBP
01tWC00000DD1gMYAT,11500,Fortra Price Book,USD
01tWC00000DD1hWYAT,10632.4,Fortra Price Book,AUD
01tWC00000DD1hWYAT,9443.25,Fortra Price Book,CAD
01tWC00000DD1hWYAT,6435.4,Fortra Price Book,EUR
01tWC00000DD1hWYAT,5526.05,Fortra Price Book,GBP
01tWC00000DD1hWYAT,6995,Fortra Price Book,USD
01tWC00000DD1haYAD,910.48,Fortra Price Book,AUD
01tWC00000DD1haYAD,808.65,Fortra Price Book,CAD
01tWC00000DD1haYAD,551.08,Fortra Price Book,EUR
01tWC00000DD1haYAD,473.21,Fortra Price Book,GBP
01tWC00000DD1haYAD,599,Fortra Price Book,USD
01tWC00000DD1hmYAD,150.48,Fortra Price Book,AUD
01tWC00000DD1hmYAD,133.65,Fortra Price Book,CAD
01tWC00000DD1hmYAD,91.08,Fortra Price Book,EUR
01tWC00000DD1hmYAD,78.21,Fortra Price Book,GBP
01tWC00000DD1hmYAD,99,Fortra Price Book,USD
01tWC00000DD1hxYAD,1360.4,Fortra Price Book,AUD
01tWC00000DD1hxYAD,1208.25,Fortra Price Book,CAD
01tWC00000DD1hxYAD,823.4,Fortra Price Book,EUR
01tWC00000DD1hxYAD,707.05,Fortra Price Book,GBP
01tWC00000DD1hxYAD,895,Fortra Price Book,USD
01tWC00000DD1meYAD,10640,Fortra Price Book,AUD
01tWC00000DD1meYAD,9450,Fortra Price Book,CAD
01tWC00000DD1meYAD,6440,Fortra Price Book,EUR
01tWC00000DD1meYAD,5530,Fortra Price Book,GBP
01tWC00000DD1meYAD,7000,Fortra Price Book,USD
01tWC00000DD1mhYAD,5107.2,Fortra Price Book,AUD
01tWC00000DD1mhYAD,4536,Fortra Price Book,CAD
01tWC00000DD1mhYAD,3091.2,Fortra Price Book,EUR
01tWC00000DD1mhYAD,2654.4,Fortra Price Book,GBP
01tWC00000DD1mhYAD,3360,Fortra Price Book,USD
01tWC00000DD1mpYAD,454.48,Fortra Price Book,AUD
01tWC00000DD1mpYAD,403.65,Fortra Price Book,CAD
01tWC00000DD1mpYAD,275.08,Fortra Price Book,EUR
01tWC00000DD1mpYAD,236.21,Fortra Price Book,GBP
01tWC00000DD1mpYAD,299,Fortra Price Book,USD
01tWC00000DD1msYAD,530.48,Fortra Price Book,AUD
01tWC00000DD1msYAD,471.15,Fortra Price Book,CAD
01tWC00000DD1msYAD,321.08,Fortra Price Book,EUR
01tWC00000DD1msYAD,275.71,Fortra Price Book,GBP
01tWC00000DD1msYAD,349,Fortra Price Book,USD
01tWC00000DD1mvYAD,454.48,Fortra Price Book,AUD
01tWC00000DD1mvYAD,403.65,Fortra Price Book,CAD
01tWC00000DD1mvYAD,275.08,Fortra Price Book,EUR
01tWC00000DD1mvYAD,236.21,Fortra Price Book,GBP
01tWC00000DD1mvYAD,299,Fortra Price Book,USD
01tWC00000DD1n1YAD,454.48,Fortra Price Book,AUD
01tWC00000DD1n1YAD,403.65,Fortra Price Book,CAD
01tWC00000DD1n1YAD,275.08,Fortra Price Book,EUR
01tWC00000DD1n1YAD,236.21,Fortra Price Book,GBP
01tWC00000DD1n1YAD,299,Fortra Price Book,USD
01tWC00000DD1n5YAD,302.48,Fortra Price Book,AUD
01tWC00000DD1n5YAD,268.65,Fortra Price Book,CAD
01tWC00000DD1n5YAD,183.08,Fortra Price Book,EUR
01tWC00000DD1n5YAD,157.21,Fortra Price Book,GBP
01tWC00000DD1n5YAD,199,Fortra Price Book,USD
01tWC00000DD1n9YAD,378.48,Fortra Price Book,AUD
01tWC00000DD1n9YAD,336.15,Fortra Price Book,CAD
01tWC00000DD1n9YAD,229.08,Fortra Price Book,EUR
01tWC00000DD1n9YAD,196.71,Fortra Price Book,GBP
01tWC00000DD1n9YAD,249,Fortra Price Book,USD
01tWC00000DD1nEYAT,454.48,Fortra Price Book,AUD
01tWC00000DD1nEYAT,403.65,Fortra Price Book,CAD
01tWC00000DD1nEYAT,275.08,Fortra Price Book,EUR
01tWC00000DD1nEYAT,236.21,Fortra Price Book,GBP
01tWC00000DD1nEYAT,299,Fortra Price Book,USD
01tWC00000DD1nJYAT,150.48,Fortra Price Book,AUD
01tWC00000DD1nJYAT,133.65,Fortra Price Book,CAD
01tWC00000DD1nJYAT,91.08,Fortra Price Book,EUR
01tWC00000DD1nJYAT,78.21,Fortra Price Book,GBP
01tWC00000DD1nJYAT,99,Fortra Price Book,USD
01tWC00000DD1nOYAT,454.48,Fortra Price Book,AUD
01tWC00000DD1nOYAT,403.65,Fortra Price Book,CAD
01tWC00000DD1nOYAT,275.08,Fortra Price Book,EUR
01tWC00000DD1nOYAT,236.21,Fortra Price Book,GBP
01tWC00000DD1nOYAT,299,Fortra Price Book,USD
01tWC00000DD1nSYAT,150.48,Fortra Price Book,AUD
01tWC00000DD1nSYAT,133.65,Fortra Price Book,CAD
01tWC00000DD1nSYAT,91.08,Fortra Price Book,EUR
01tWC00000DD1nSYAT,78.21,Fortra Price Book,GBP
01tWC00000DD1nSYAT,99,Fortra Price Book,USD
01tWC00000DD1nVYAT,226.48,Fortra Price Book,AUD
01tWC00000DD1nVYAT,201.15,Fortra Price Book,CAD
01tWC00000DD1nVYAT,137.08,Fortra Price Book,EUR
01tWC00000DD1nVYAT,117.71,Fortra Price Book,GBP
01tWC00000DD1nVYAT,149,Fortra Price Book,USD
01tWC00000DD1npYAD,454.48,Fortra Price Book,AUD
01tWC00000DD1npYAD,403.65,Fortra Price Book,CAD
01tWC00000DD1npYAD,275.08,Fortra Price Book,EUR
01tWC00000DD1npYAD,236.21,Fortra Price Book,GBP
01tWC00000DD1npYAD,299,Fortra Price Book,USD
01tWC00000DD1ntYAD,454.48,Fortra Price Book,AUD
01tWC00000DD1ntYAD,403.65,Fortra Price Book,CAD
01tWC00000DD1ntYAD,275.08,Fortra Price Book,EUR
01tWC00000DD1ntYAD,236.21,Fortra Price Book,GBP
01tWC00000DD1ntYAD,299,Fortra Price Book,USD
01tWC00000DD1o2YAD,904.4,Fortra Price Book,AUD
01tWC00000DD1o2YAD,803.25,Fortra Price Book,CAD
01tWC00000DD1o2YAD,547.4,Fortra Price Book,EUR
01tWC00000DD1o2YAD,470.05,Fortra Price Book,GBP
01tWC00000DD1o2YAD,595,Fortra Price Book,USD
01tWC00000DD1oSYAT,89.68,Fortra Price Book,AUD
01tWC00000DD1oSYAT,79.65,Fortra Price Book,CAD
01tWC00000DD1oSYAT,54.28,Fortra Price Book,EUR
01tWC00000DD1oSYAT,46.61,Fortra Price Book,GBP
01tWC00000DD1oSYAT,59,Fortra Price Book,USD
01tWC00000DD1oXYAT,10632.4,Fortra Price Book,AUD
01tWC00000DD1oXYAT,9443.25,Fortra Price Book,CAD
01tWC00000DD1oXYAT,6435.4,Fortra Price Book,EUR
01tWC00000DD1oXYAT,5526.05,Fortra Price Book,GBP
01tWC00000DD1oXYAT,6995,Fortra Price Book,USD
01tWC00000DD1ojYAD,50.16,Fortra Price Book,AUD
01tWC00000DD1ojYAD,44.55,Fortra Price Book,CAD
01tWC00000DD1ojYAD,30.36,Fortra Price Book,EUR
01tWC00000DD1ojYAD,26.07,Fortra Price Book,GBP
01tWC00000DD1ojYAD,33,Fortra Price Book,USD
01tWC00000DD1onYAD,150.48,Fortra Price Book,AUD
01tWC00000DD1onYAD,133.65,Fortra Price Book,CAD
01tWC00000DD1onYAD,91.08,Fortra Price Book,EUR
01tWC00000DD1onYAD,78.21,Fortra Price Book,GBP
01tWC00000DD1onYAD,99,Fortra Price Book,USD
01tWC00000DD1otYAD,7288.4,Fortra Price Book,AUD
01tWC00000DD1otYAD,6473.25,Fortra Price Book,CAD
01tWC00000DD1otYAD,4411.4,Fortra Price Book,EUR
01tWC00000DD1otYAD,3788.05,Fortra Price Book,GBP
01tWC00000DD1otYAD,4795,Fortra Price Book,USD
01tWC00000DD1p3YAD,150.48,Fortra Price Book,AUD
01tWC00000DD1p3YAD,133.65,Fortra Price Book,CAD
01tWC00000DD1p3YAD,91.08,Fortra Price Book,EUR
01tWC00000DD1p3YAD,78.21,Fortra Price Book,GBP
01tWC00000DD1p3YAD,99,Fortra Price Book,USD
01tWC00000DD1pHYAT,150.48,Fortra Price Book,AUD
01tWC00000DD1pHYAT,133.65,Fortra Price Book,CAD
01tWC00000DD1pHYAT,91.08,Fortra Price Book,EUR
01tWC00000DD1pHYAT,78.21,Fortra Price Book,GBP
01tWC00000DD1pHYAT,99,Fortra Price Book,USD
01tWC00000DD1pQYAT,150.48,Fortra Price Book,AUD
01tWC00000DD1pQYAT,133.65,Fortra Price Book,CAD
01tWC00000DD1pQYAT,91.08,Fortra Price Book,EUR
01tWC00000DD1pQYAT,78.21,Fortra Price Book,GBP
01tWC00000DD1pQYAT,99,Fortra Price Book,USD
01tWC00000DD1pUYAT,50.16,Fortra Price Book,AUD
01tWC00000DD1pUYAT,44.55,Fortra Price Book,CAD
01tWC00000DD1pUYAT,30.36,Fortra Price Book,EUR
01tWC00000DD1pUYAT,26.07,Fortra Price Book,GBP
01tWC00000DD1pUYAT,33,Fortra Price Book,USD
01tWC00000DD1pYYAT,150.48,Fortra Price Book,AUD
01tWC00000DD1pYYAT,133.65,Fortra Price Book,CAD
01tWC00000DD1pYYAT,91.08,Fortra Price Book,EUR
01tWC00000DD1pYYAT,78.21,Fortra Price Book,GBP
01tWC00000DD1pYYAT,99,Fortra Price Book,USD
01tWC00000DD1pkYAD,448.4,Fortra Price Book,AUD
01tWC00000DD1pkYAD,398.25,Fortra Price Book,CAD
01tWC00000DD1pkYAD,271.4,Fortra Price Book,EUR
01tWC00000DD1pkYAD,233.05,Fortra Price Book,GBP
01tWC00000DD1pkYAD,295,Fortra Price Book,USD
01tWC00000DD1prYAD,22792.4,Fortra Price Book,AUD
01tWC00000DD1prYAD,20243.25,Fortra Price Book,CAD
01tWC00000DD1prYAD,13795.4,Fortra Price Book,EUR
01tWC00000DD1prYAD,11846.05,Fortra Price Book,GBP
01tWC00000DD1prYAD,14995,Fortra Price Book,USD
01tWC00000DD1tLYAT,44.08,Fortra Price Book,AUD
01tWC00000DD1tLYAT,39.15,Fortra Price Book,CAD
01tWC00000DD1tLYAT,26.68,Fortra Price Book,EUR
01tWC00000DD1tLYAT,22.91,Fortra Price Book,GBP
01tWC00000DD1tLYAT,29,Fortra Price Book,USD
01tWC00000DD1tRYAT,10632.4,Fortra Price Book,AUD
01tWC00000DD1tRYAT,9443.25,Fortra Price Book,CAD
01tWC00000DD1tRYAT,6435.4,Fortra Price Book,EUR
01tWC00000DD1tRYAT,5526.05,Fortra Price Book,GBP
01tWC00000DD1tRYAT,6995,Fortra Price Book,USD
01tWC00000DD1tdYAD,14440,Fortra Price Book,AUD
01tWC00000DD1tdYAD,12825,Fortra Price Book,CAD
01tWC00000DD1tdYAD,8740,Fortra Price Book,EUR
01tWC00000DD1tdYAD,7505,Fortra Price Book,GBP
01tWC00000DD1tdYAD,9500,Fortra Price Book,USD
01tWC00000I6s8DYAR,1000,Standard Price Book,USD
01tWC00000I9PMcYAN,355,Standard Price Book,USD
01tWC00000IAqPbYAL,200,Fortra Derived Pricing,USD
01tWC00000IAluiYAD,100,Standard Price Book,USD
01tWC00000IAluiYAD,135,ZZ_E2E_RCA_20260613 Test Pricebook,USD
01tWC00000IAluiYAD,150,Fortra Price Book,USD
01tWC00000IAqPbYAL,200,Standard Price Book,USD
01tWC00000IAqPbYAL,200,Fortra Price Book,USD
