Class Name,Created By,Created Date,Last Modified By,Last Modified Date,Type,Purpose,How It's Used
AbaCurrencyCorrectionService,Liam Jeong,2026-07-09,Liam Jeong,2026-07-10,impl,"Localizes a non-USD line's raw USD net (snapshotted from the currency-blind Attribute-Based Adjustment decision table) into the line's currency using the static Finance-governed conversion rate, per-unit and idempotently.",Pure static service invoked by pricing-side Apex (posthook/order-path code) that reads QuoteLineItem/OrderItem.ABA_Raw_Net__c and calls AbaCurrencyCorrectionService.evaluate() to decide whether/how to write a localized Net/Unit price.
AbaCurrencyCorrectionServiceTest,Liam Jeong,2026-07-09,Liam Jeong,2026-07-10,test,"Unit test for AbaCurrencyCorrectionService covering per-unit scaling, provenance vs value-collision, idempotency, USD no-op, $0-PBE cohort, and unknown-currency fail-safe.","@isTest class; run by the Apex test runner, no callers."
AccessTokenGenerator,Joe Martinez,2026-01-27,Joe Martinez,2026-01-27,impl,Requests an OAuth access token from a Microsoft JWT named credential (used for DUNS integration) via an HTTP client-credentials callout.,Utility class with static method generateDunsToken() invoked by other Apex (e.g. DUNS integration classes) needing a bearer token.
AmendNetCarryPrehook,Liam Jeong,2026-07-09,Liam Jeong,2026-07-11,impl,"Pricing prehook that seeds the prior negotiated per-unit net (from QuoteAction.SourceAsset) onto Amend quote lines whose incoming NetUnitPrice is null/zero, before the pricing waterfall runs, and recomputes the line total cluster.","Registered as a RevSignaling.SignalingApexProcessor prehook via ProcedurePlanOption (PrimaryObject=Quote) on the pricing procedure, invoked automatically during Quote pricing/repricing for Amend transactions."
AmendNetCarryPrehookTest,Liam Jeong,2026-07-09,Liam Jeong,2026-07-11,test,"Unit tests for AmendNetCarryPrehook's pure seams (buildAmendSeedUpdate, extractQueryResult, seedAmendNets) since the full execute() path needs a live pricing context.","@isTest class; run by the Apex test runner, no callers."
AppException,Liam Jeong,2026-07-09,Liam Jeong,2026-07-10,impl,"Base virtual Exception class for intentional, catchable domain-specific errors thrown by Fortra Apex, distinguishable from swallowed system exceptions.",Extended by other custom exception classes throughout the codebase; caught/classified by logging utilities via instanceof checks.
AssetArrFromOrderItemHandler,Liam Jeong,2026-07-08,Liam Jeong,2026-07-10,impl,"Copies the source OrderItem's Order_Line_ARR__c onto Asset.ARR__c after Asset creation/update, replacing a deprecated flow, traversing Asset->AssetAction->AssetActionSource->OrderItem.",Static method copyArrFromOrderItem() called from an Asset trigger handler (after insert/update) with a static recursion guard to avoid re-firing on its own Asset update.
AssetArrFromOrderItemHandlerTest,Liam Jeong,2026-07-08,Liam Jeong,2026-07-10,test,"Unit test for AssetArrFromOrderItemHandler verifying ARR copy from OrderItem to Asset via the AssetAction/AssetActionSource chain, and no-op when no link exists.","@isTest class; run by the Apex test runner, no callers."
AssetContractLinkerAction,Marc DeBrey,2026-02-07,Marc DeBrey,2026-02-07,impl,"Creates AssetContractRelationship records linking Assets generated from an Order to the Order's Contract (and ensures the Contract has an RLM AppUsageAssignment), skipping Assets that already have an ACR.",@InvocableMethod (linkAssetsToContract) called from the Fortra_Assetize_Order flow after createOrUpdateAssetFromOrder.
AssetContractLinkerActionTest,Marc DeBrey,2026-02-07,Marc DeBrey,2026-02-07,test,"Unit tests for AssetContractLinkerAction covering no-contract, no-assets, ACR creation, existing-ACR skip, and AUA auto-creation scenarios.","@IsTest class; run by the Apex test runner, no callers."
AssetContractQueryHelper,Marc DeBrey,2026-01-30,Liam Jeong,2026-06-27,impl,"Queries AssetContractRelationship and activated Contract records (with COLA override fields) for a set of Asset Ids, working around dynamic-SOQL/sharing limitations on Revenue Cloud objects.",Static method queryAssetContracts() called by other Apex (e.g. COLA renewal pricing logic) needing per-Asset Contract COLA override data; without sharing class.
AssetContractQueryHelperTest,Marc DeBrey,2026-06-10,Liam Jeong,2026-06-27,test,Unit tests for AssetContractQueryHelper covering the live query guard/empty branches and the pure buildResults/collectContractIds seams using in-memory ACR rows (since ACR cannot be inserted in tests).,"@isTest class; run by the Apex test runner, no callers."
AssetMigrationQueueClearHandler,Marc DeBrey,2026-04-26,Marc DeBrey,2026-04-26,impl,"Defensive handler that, on new Assets tied to migration-created Contracts, clears In_Rerun_Queue__c on the corresponding Migration_Run_Detail__c rows for activated Orders' Quotes.",Static method handleAfterInsert(Set<Id> assetIds) called from an AssetMigrationQueueClearTrigger (after insert) as defense-in-depth alongside a batch's per-Quote auto-clear.
AssetMigrationQueueClearHandlerTest,Marc DeBrey,2026-04-26,Marc DeBrey,2026-04-26,test,Unit tests for AssetMigrationQueueClearHandler covering null/empty input no-ops and unrelated-record preservation.,"@IsTest class; run by the Apex test runner, no callers."
AssetNetUnitPrice,Liam Jeong,2026-07-11,Liam Jeong,2026-07-11,impl,"Shared helper that recovers a source Asset's per-unit net price by dividing the extended Asset.Price total by its Quantity, since Asset.Price stores the line-extended total in this org.",Static method perUnit() called by AmendNetCarryPrehook and COLAUpliftPrehook to derive prior per-unit net from QuoteAction.SourceAsset for renewal/amend pricing.
AssetNetUnitPriceTest,Liam Jeong,2026-07-11,Liam Jeong,2026-07-11,test,"Unit tests for AssetNetUnitPrice.perUnit covering multi-quantity division, qty-1/null/zero/negative no-op handling, and null-total/rounding behavior.","@IsTest class; run by the Apex test runner, no callers."
AssetRateOverrideConsolidationService,Nir Kailash,2026-06-24,Liam Jeong,2026-07-07,impl,"Step 12 of the order-to-asset pipeline: before assetization, aligns OrderItem NetUnitPrice/UnitPrice to the commercial net (TotalPrice/Quantity) for lines carrying partner or manual discount stacks so RCA does not copy multi-adjustment discount stacks onto the resulting Asset.","Invoked via the @InvocableMethod prepareForAssetization (Flow-callable, label 'Prepare Order for Asset Override Consolidation') from the async record-triggered Fortra_Assetize_Order flow immediately before createOrUpdateAssetFromOrder; also callable directly as prepareOrderForAssetization(orderId) from Apex."
AssetRateOverrideConsolidationTest,Nir Kailash,2026-06-24,Liam Jeong,2026-07-07,test,Unit test for AssetRateOverrideConsolidationService.,"Run via Salesforce test execution (@IsTest); exercises hasPartnerOrManualDiscount, resolveCommercialUnitForAssetization, and the bulk patch/invocable methods including a SOQL-budget assertion."
AttributeLoadingBatch,Marc DeBrey,2026-03-02,Marc DeBrey,2026-03-03,impl,"Database.Batchable class that bulk-creates QuoteLineItemAttribute (QLIA) records from parsed CSV attribute data, matching QLIs by Legacy_Id__c and resolving AttributeDefinition/AttributePicklistValue lookups, with duplicate detection for idempotent re-runs.",Instantiated with pre-parsed maps and executed via Database.executeBatch(...) (likely triggered from an admin migration LWC/Apex controller alongside AttributeLoadingService); finish() writes a Migration_Run_Log__c and emails the initiating user.
AttributeLoadingBatchTest,Marc DeBrey,2026-03-02,Marc DeBrey,2026-03-03,test,Unit test for AttributeLoadingBatch.,"Run via Salesforce test execution (@IsTest); builds CSV-derived maps via AttributeLoadingService, runs the batch with Database.executeBatch, and asserts job completion and Migration_Run_Log__c creation."
AttributeLoadingService,Marc DeBrey,2026-03-02,Marc DeBrey,2026-03-03,impl,"Service class that parses CSV attribute-loading files (Legacy_Id__c keyed rows), resolves AttributeDefinition and AttributePicklistValue lookups, and produces a pre-execution AttributePreview (row/attribute counts, warnings, errors) for the attribute-loading migration UI.",Called from an LWC/Aura controller via @AuraEnabled-exposed preview flow (previewLoad) and from AttributeLoadingBatch's constructor via buildAttrDefMap/buildPicklistValueMap to build the lookup maps passed into the batch.
AttributeLoadingServiceTest,Marc DeBrey,2026-03-02,Marc DeBrey,2026-03-03,test,Unit test for AttributeLoadingService.,"Run via Salesforce test execution (@IsTest); covers CSV line parsing, attribute map building, lookup resolution, and previewLoad validation/warning paths."
AttributeVolumeCalculator,Liam Jeong,2026-07-08,Liam Jeong,2026-07-10,impl,"Pure, stateless helper library holding attribute-volume tier-pricing math (composite-key tier lookup with currency scoping, volume-range matching) and Context API node-shaping logic (matched-tier and reset-to-list node updates, waterfall explainer text) extracted from AttributeVolumePricingPrehook so it is independently unit-testable.",Called exclusively by AttributeVolumePricingPrehook (and its delegating @TestVisible wrapper methods) as the pure computation layer within the Revenue Cloud pricing prehook pipeline; performs no SOQL/DML/context calls itself.
AttributeVolumeCalculatorTest,Liam Jeong,2026-07-08,Liam Jeong,2026-07-10,test,Unit test for AttributeVolumeCalculator.,"Run via Salesforce test execution (@isTest); exercises tier-map building, currency-scoped lookup (SC-3384), boundary/range matching, node-update shaping per price mode, reset-node payloads, explainer text, and tag-extraction helpers with in-memory fixtures (no SOQL/DML)."
AttributeVolumePricingPrehook,Marc DeBrey,2026-01-29,Liam Jeong,2026-07-09,impl,"Revenue Cloud pricing hook that applies attribute- and volume-based tier pricing to quote/order line items by matching product attributes against Attribute_Tier_Pricing_Storage__c records (bulk two-pass pattern) and writing Base_Price__c/Attribute_Price_Mode__c/Attribute_Multiplier_Pct__c to the pricing context, resetting to list price when no volume or tier match is found.",Registered as a Vlocity/RLM pricing prehook implementing RevSignaling.SignalingApexProcessor; its execute(RevSignaling.TransactionRequest) method is invoked automatically by the Revenue Cloud pricing procedure/orchestration engine during quote/order pricing.
AttributeVolumePricingPrehookTest,Marc DeBrey,2026-01-29,Liam Jeong,2026-07-09,test,Unit test for AttributeVolumePricingPrehook.,"Run via Salesforce test execution (@IsTest); exercises the hook's delegating wrapper methods (tier map build, lookup, node update, reset, explainer) and the Pass-1/Pass-2 buildItemNodeUpdates orchestration using inserted Attribute_Tier_Pricing_Storage__c test data and hand-built context fixtures, since the live execute() path requires a real pricing context."
AutoHeadlessUserDiscHandler1754336372522,Joe Martinez,2025-11-21,Joe Martinez,2025-11-21,impl,Experience Cloud headless registration/login user-discovery handler that resolves a user identity from a verified email or SMS loginHint for passwordless/headless authentication flows.,Implements Auth.HeadlessUserDiscoveryHandler and is invoked automatically by Salesforce's Headless Identity/Registration API (configured as the org's headless user discovery Apex class) during email/SMS-based login/verification flows; not called directly by other Apex.
AutomateDefaultPointsBuilder,Ben Kozlowski,2026-05-22,Ben Kozlowski,2026-05-22,impl,Builds the default Automate licensing 'points' code (fixed 'S1') used as a fallback tier when no specific product/tier rule applies.,"Instantiated and invoked via its inherited build(context) method (ILkgAutomatePointsBuilder interface) wherever a default Automate points calculation is needed, e.g. from a factory/service that selects among AutomatePointsBuilderBase subclasses."
AutomateDefaultPointsBuilderTest,Ben Kozlowski,2026-05-22,Ben Kozlowski,2026-05-22,test,Unit test for AutomateDefaultPointsBuilder.,Run via Salesforce test execution (@isTest); verifies build() returns 'S1' regardless of the context.isGte11 flag.
AutomatePointsBuilderBase,Ben Kozlowski,2026-05-22,Ben Kozlowski,2026-05-22,impl,"Abstract base class implementing the ILkgAutomatePointsBuilder points-string assembly algorithm (populate a letter-keyed points map, concatenate into a code string, append a version-tier suffix when applicable) shared by all Automate licensing points-builder subclasses.","Extended by concrete builder classes (e.g. AutomateDefaultPointsBuilder, AutomateTierALegacyPointsBuilder) which implement populatePointsMap; consumers call the inherited build(context) method."
AutomatePointsBuilderContext,Ben Kozlowski,2026-05-22,Ben Kozlowski,2026-05-22,impl,"Simple data-transfer/context object carrying product code, tier, release, and Automate action/bot/studio counts used as input to the points-builder classes.",Constructed by callers (e.g. a points-calculation service or its tests) and passed into build(context) on an ILkgAutomatePointsBuilder implementation such as AutomatePointsBuilderBase subclasses.
AutomateTierALegacyPointsBuilder,Ben Kozlowski,2026-05-22,Ben Kozlowski,2026-05-22,impl,"Builds the legacy Tier-A Automate licensing points code, combining fixed base points for several letter categories with variable M/N/P action counts supplied via context.","Instantiated and invoked via its inherited build(context) method (ILkgAutomatePointsBuilder interface), selected by a factory/service when the legacy Tier-A Automate points calculation applies."
AutomateTierALegacyPointsBuilderTest,Ben Kozlowski,2026-05-22,Ben Kozlowski,2026-05-22,test,"Unit test for AutomateTierALegacyPointsBuilder, verifying it builds the correct license 'points' string for legacy (pre-11) Automate Tier A products.",Test class run by the Apex test runner (@isTest); exercises AutomateTierALegacyPointsBuilder.build() directly.
AutomateTierAPointsBuilder,Ben Kozlowski,2026-05-22,Ben Kozlowski,2026-05-22,impl,"Builds the license-key 'points' map (feature/limit codes like S,K,L,Q,T,M,N,P with computed values) for Automate Tier A products (version >= 11), used to generate hardware/software license keys.",Instantiated by LkgAutomatePointsBuilderFactory (keyed by 'AUT_A_GTE11') as part of the LKG (license key generation) pipeline invoked via LkgMapperAutomate; extends AutomatePointsBuilderBase and implements ILkgAutomatePointsBuilder.build().
AutomateTierAPointsBuilderTest,Ben Kozlowski,2026-05-22,Ben Kozlowski,2026-05-22,test,"Unit test for AutomateTierAPointsBuilder, verifying correct points string generation for Tier A (>=11) including optional version-tier suffix when a release is specified.",Test class run by the Apex test runner (@isTest); exercises AutomateTierAPointsBuilder.build() via the ILkgAutomatePointsBuilder interface.
AutomateTierBLegacyPointsBuilder,Ben Kozlowski,2026-05-22,Ben Kozlowski,2026-05-22,impl,"Builds the license-key 'points' map for Automate Tier B products on legacy (pre-11) versions, supplying fixed feature/limit codes for license key generation.",Instantiated by LkgAutomatePointsBuilderFactory (keyed by 'AUT_B_LT11') within the LKG license-key-generation pipeline; extends AutomatePointsBuilderBase.
AutomateTierBLegacyPointsBuilderTest,Ben Kozlowski,2026-05-22,Ben Kozlowski,2026-05-22,test,"Unit test for AutomateTierBLegacyPointsBuilder, verifying it returns the expected fixed points string for legacy Tier B.",Test class run by the Apex test runner (@isTest); exercises AutomateTierBLegacyPointsBuilder.build() via the ILkgAutomatePointsBuilder interface.
AutomateTierBPointsBuilder,Ben Kozlowski,2026-05-22,Ben Kozlowski,2026-05-22,impl,"Builds the license-key 'points' map for Automate Tier B products (version >= 11), supplying fixed feature/limit codes for license key generation.",Instantiated by LkgAutomatePointsBuilderFactory (keyed by 'AUT_B_GTE11') within the LKG license-key-generation pipeline; extends AutomatePointsBuilderBase.
AutomateTierBPointsBuilderTest,Ben Kozlowski,2026-05-22,Ben Kozlowski,2026-05-22,test,"Unit test for AutomateTierBPointsBuilder, verifying correct points string generation for Tier B (>=11) with and without a version/release suffix.",Test class run by the Apex test runner (@isTest); exercises AutomateTierBPointsBuilder.build() via the ILkgAutomatePointsBuilder interface.
AutomateTierCLegacyPointsBuilder,Ben Kozlowski,2026-05-22,Ben Kozlowski,2026-05-22,impl,Builds the minimal license-key 'points' map for Automate Tier C products on legacy (pre-11) versions.,Instantiated by LkgAutomatePointsBuilderFactory (keyed by 'AUT_C_LT11') within the LKG license-key-generation pipeline; extends AutomatePointsBuilderBase.
AutomateTierCLegacyPointsBuilderTest,Ben Kozlowski,2026-05-22,Ben Kozlowski,2026-05-22,test,"Unit test for AutomateTierCLegacyPointsBuilder, verifying it returns the expected minimal points string ('S1C1') for legacy Tier C.",Test class run by the Apex test runner (@isTest); exercises AutomateTierCLegacyPointsBuilder.build() directly.
AutomateTierCPointsBuilder,Ben Kozlowski,2026-05-22,Ben Kozlowski,2026-05-22,impl,"Builds the license-key 'points' map for Automate Tier C products (version >= 11), supplying fixed feature/limit codes for license key generation.",Instantiated by LkgAutomatePointsBuilderFactory (keyed by 'AUT_C_GTE11') within the LKG license-key-generation pipeline; extends AutomatePointsBuilderBase.
AutomateTierCPointsBuilderTest,Ben Kozlowski,2026-05-22,Ben Kozlowski,2026-05-22,test,"Unit test for AutomateTierCPointsBuilder, verifying correct points string generation for Tier C (>=11) with and without a version/release suffix.",Test class run by the Apex test runner (@isTest); exercises AutomateTierCPointsBuilder.build() directly.
AutomateTierDPointsBuilder,Ben Kozlowski,2026-05-22,Ben Kozlowski,2026-05-22,impl,"Builds the license-key 'points' map for Automate Tier D products, supplying fixed feature/limit codes for license key generation (used for both legacy and >=11 versions).",Instantiated by LkgAutomatePointsBuilderFactory (keyed by both 'AUT_D_GTE11' and 'AUT_D_LT11') within the LKG license-key-generation pipeline; extends AutomatePointsBuilderBase.
AutomateTierDPointsBuilderTest,Ben Kozlowski,2026-05-22,Ben Kozlowski,2026-05-22,test,"Unit test for AutomateTierDPointsBuilder, verifying it returns the same fixed points string regardless of the isGte11 flag, with an optional version-tier suffix.",Test class run by the Apex test runner (@isTest); exercises AutomateTierDPointsBuilder.build() directly.
BackfillAssetHardwareBatch,Marc DeBrey,2026-06-27,Marc DeBrey,2026-06-27,impl,One-time data-fix batch that backfills Asset.Hardware__c for lifecycle-managed Assets whose source OrderItem carries Hardware__c but whose Asset record was left blank by prior assetization logic (traversing OrderItem -> AssetActionSource -> AssetAction -> Asset).,"Implements Database.Batchable<SObject> and Database.Stateful; run manually/ad hoc via Database.executeBatch(new BackfillAssetHardwareBatch(), 200)."
BackfillAssetHardwareBatchTest,Marc DeBrey,2026-06-27,Marc DeBrey,2026-06-27,test,"Unit test for BackfillAssetHardwareBatch covering its mapping, update-building, DML-apply, and batch lifecycle logic.",Unit test for BackfillAssetHardwareBatch.
BaseBrandEmailHandler,Keith Irwin,2026-03-11,Keith Irwin,2026-03-11,impl,"Abstract base class implementing IBrandEmailHandler that provides shared license-key email logic (recipient resolution, template lookup, merge-field building, and sending via EmailService) for all brand/silo-specific handlers.",Extended by brand-specific handler subclasses and instantiated as the default handler by BrandEmailHandlerFactory when no brand-specific class exists.
BaseBrandEmailHandlerTest,Keith Irwin,2026-03-11,Keith Irwin,2026-03-11,test,"Unit test for BaseBrandEmailHandler's shared license-key email logic (recipient building, merge fields, validation, sendEmail) via a lightweight test subclass.",Unit test for BaseBrandEmailHandler.
BpaTierALegacyPointsBuilder,Ben Kozlowski,2026-05-22,Ben Kozlowski,2026-05-22,impl,Builds the legacy Tier A licensing points map/string (fixed feature codes plus dynamic bots/studios/websmcs counts) for Automate license key generation.,Instantiated via Type.forName by LkgAutomatePointsBuilderFactory as part of license key points-string generation for the Automate product's Tier A legacy licensing.
BpaTierALegacyPointsBuilderTest,Ben Kozlowski,2026-05-22,Ben Kozlowski,2026-05-22,test,Unit test verifying BpaTierALegacyPointsBuilder produces the expected points string from a given AutomatePointsBuilderContext.,Unit test for BpaTierALegacyPointsBuilder.
BpaTierAPointsBuilder,Ben Kozlowski,2026-05-22,Ben Kozlowski,2026-05-22,impl,"Builds the current (non-legacy) Tier A licensing points map/string, including a T-code that incorporates context.TActions and version tier when release is set, for Automate license key generation.",Instantiated via Type.forName by LkgAutomatePointsBuilderFactory as part of license key points-string generation for the Automate product's Tier A licensing.
BpaTierAPointsBuilderTest,Ben Kozlowski,2026-05-22,Ben Kozlowski,2026-05-22,test,"Unit test verifying BpaTierAPointsBuilder's points string, including the version-tier suffix when a release is present in context.",Unit test for BpaTierAPointsBuilder.
BpaTierCLegacyPointsBuilder,Ben Kozlowski,2026-05-22,Ben Kozlowski,2026-05-22,impl,Builds the legacy Tier C licensing points map/string (fixed feature codes plus dynamic bots/studios/websmcs counts) for Automate license key generation.,Instantiated via Type.forName by LkgAutomatePointsBuilderFactory as part of license key points-string generation for the Automate product's Tier C legacy licensing.
BpaTierCLegacyPointsBuilderTest,Ben Kozlowski,2026-05-22,Ben Kozlowski,2026-05-22,test,Unit test verifying BpaTierCLegacyPointsBuilder produces the expected points string from a given AutomatePointsBuilderContext.,Unit test for BpaTierCLegacyPointsBuilder.
BpaTierCPointsBuilder,Ben Kozlowski,2026-05-22,Ben Kozlowski,2026-05-22,impl,"Builds the current (non-legacy) Tier C licensing points map/string, including a T-code that incorporates context.TActions, for Automate license key generation.",Instantiated via Type.forName by LkgAutomatePointsBuilderFactory as part of license key points-string generation for the Automate product's Tier C licensing.
BpaTierCPointsBuilderTest,Ben Kozlowski,2026-05-22,Ben Kozlowski,2026-05-22,test,"Unit test verifying BpaTierCPointsBuilder's points string, including behavior when a release is present in context.",Unit test for BpaTierCPointsBuilder.
BrandEmailHandlerFactory,Keith Irwin,2026-03-11,Keith Irwin,2026-03-11,impl,"Factory that dynamically instantiates and caches the brand/silo-specific IBrandEmailHandler implementation (via Type.forName on a '[Silo]EmailHandler' naming convention), falling back to the default handler when none exists.",Called by LicenseKeyEmailHandler (e.g. via getHandler(siloName)) to obtain the correct license-key email handler before sending brand-specific license key emails.
BrandEmailHandlerFactoryTest,Keith Irwin,2026-03-11,Keith Irwin,2026-03-11,test,"Unit test for BrandEmailHandlerFactory covering handler resolution, caching, case/whitespace normalization, fallback-to-default behavior, and its BrandHandlerException.",Unit test for BrandEmailHandlerFactory.
BSIInvoicePaymentLinkController,Keith Irwin,2026-03-17,Keith Irwin,2026-03-17,impl,"Visualforce controller that looks up a Workday_Invoice__c by a token embedded in its payment URL, then calls the InterPayments API (via OAuth client-credentials) to obtain a hosted payment link and redirects the user to it for credit-card payment.","Instantiated as the standard controller for the 'pay_invoice' Visualforce page; goToPaymentLink() is invoked as the page action, reading the 'id' query parameter and settings from InterPayment_Settings__mdt custom metadata."
BSIInvoicePaymentLinkControllerTest,Keith Irwin,2026-03-17,Keith Irwin,2026-03-17,test,"Unit test for BSIInvoicePaymentLinkController, covering successful payment-link redirect, bad auth, bad API response, missing id, and invalid/unmatched id scenarios via mocked HTTP callouts.",Test class run by the Apex test runner (@isTest); sets up Page.pay_invoice with query params and HttpCalloutMock implementations to exercise goToPaymentLink().
BSSOrderInfoRestService,Keith Irwin,2026-05-01,Keith Irwin,2026-06-05,impl,"REST service that, given an Order Number, returns JSON with the order's discount visibility, billing/VAT/contact info, and hardware line-item details (LPAR, serial number, model, processors, etc.).","Exposed as a Salesforce REST resource at '/OrderInfo/*' (@RestResource with @HttpGet doGet()), called externally via GET requests like '/OrderInfo/order/{orderNumber}'."
BSSOrderInfoRestServiceTest,Keith Irwin,2026-05-04,Keith Irwin,2026-06-04,test,"Unit test for BSSOrderInfoRestService, the REST endpoint that returns Order/hardware info to supplement Workday invoices.",Unit test for BSSOrderInfoRestService.
BulkUpdateAccountTeamsBatch,Joe Martinez,2026-02-03,Joe Martinez,2026-02-03,impl,Batch job that drives bulk Account Team updates across a set of Accounts by delegating each scope chunk to BulkUpdateAccountTeamsController's flow-invocation logic and caching aggregated results.,"Implements Database.Batchable<SObject> and Database.Stateful; instantiated/executed by BulkUpdateAccountTeamsController to process large account-team update jobs, with results cached to Cache.Org keyed by job Id for later retrieval."
BulkUpdateAccountTeamsController,Joe Martinez,2026-02-03,Joe Martinez,2026-02-03,impl,"Controller that bulk-assigns/updates Account Team members for a set of Accounts, running synchronously via a Flow subflow for small batches or via an Apex batch job for large sets.","Invoked via @InvocableMethod from a Flow (invokeBulkUpdateAccountTeams) and via @AuraEnabled methods from an LWC/Aura UI (getAccountsWithTeamMemberCount, startBulkUpdateAccountTeams, startBatchUpdateAccountTeams, checkBatchStatus, getResultsFromCache)."
BulkUpdateAccountTeamsControllerTest,Joe Martinez,2026-02-03,Joe Martinez,2026-02-03,test,Unit test for BulkUpdateAccountTeamsController.,"@isTest class run by the Apex test runner; exercises the invocable, Aura-enabled, and batch entry points."
BulkUpdateDatesController,Marc DeBrey,2026-02-01,Marc DeBrey,2026-02-04,impl,Controller for bulk-updating Term-Defined Quote Line Item subscription StartDate/EndDate/SubscriptionTerm (and the Quote header dates) in either date-range or date-plus-term mode.,"Invoked via @AuraEnabled methods (getEligibleQuoteLines, updateQuoteLineDates) from an LWC bulk-date-update UI component on the Quote."
BulkUpdateDatesControllerTest,Marc DeBrey,2026-02-01,Marc DeBrey,2026-02-04,test,Unit test for BulkUpdateDatesController.,@isTest class run by the Apex test runner; exercises eligible-line querying and both date-update modes plus edge cases.
CancelLineCreditCalculator,Liam Jeong,2026-07-08,Liam Jeong,2026-07-10,impl,"Pure (no SOQL/DML/context-API) cancellation-credit arithmetic and RCA context-node-update builder for negative-quantity cancel lines, including asset-net currency-aware resolution and Generate-wins-and-sticks folding.",Called as a static-style utility instance by CancelLineCreditPosthook (and its own test) to compute and shape credit updates for cancellation lines.
CancelLineCreditCalculatorTest,Liam Jeong,2026-07-08,Liam Jeong,2026-07-10,test,Unit test for CancelLineCreditCalculator.,"@isTest class run by the Apex test runner; exercises credit gating/math, node shaping, response parsing, and asset-net resolution seams with in-memory inputs."
CancelLineCreditPosthook,Liam Jeong,2026-06-27,Liam Jeong,2026-07-10,impl,"Revenue Cloud pricing posthook that writes a negative credit (net * quantity) onto cancellation (negative-quantity) Quote/Order lines after pricing, since the engine prices such lines at $0 and the totals are engine-only fields.",Registered as a RevSignaling.SignalingApexProcessor posthook invoked automatically by the Revenue Cloud pricing engine after a Quote/Order reprice; delegates pure math to CancelLineCreditCalculator.
CancelLineCreditPosthookTest,Liam Jeong,2026-06-27,Liam Jeong,2026-07-10,test,Unit test for CancelLineCreditPosthook.,"@isTest class run by the Apex test runner; exercises the hook's delegating seams, context-fetch/submit swallow paths, and asset-net SOQL resolution."
ChangePasswordController,Joe Martinez,2025-11-20,Joe Martinez,2025-11-21,impl,Simple Visualforce/Experience Cloud Site page controller that changes a community/portal user's password via Site.changePassword.,Bound as the controller of a 'Change Password' Visualforce page on an Experience Cloud/Site login flow.
ChangePasswordControllerTest,Joe Martinez,2025-11-20,Joe Martinez,2025-11-21,test,Unit test for ChangePasswordController (Experience Cloud site change-password page controller).,"Test class; SeeAllData test invoked by Apex test runs (IsTest SeeAllData=true), not called by production logic."
ChecklistInitializationService,Marc DeBrey,2026-02-02,Marc DeBrey,2026-02-02,impl,Creates Quote_Checklist_Item__c Operations Checklist records for syncing Quote(s) on an Opportunity from active Operations_Checklist_Config__mdt entries when an Opportunity reaches the Order Processing stage.,Invoked from a Flow via InvocableMethod initializeChecklistForQuote (category Operations Checklist).
ChecklistInitializationServiceTest,Marc DeBrey,2026-02-02,Marc DeBrey,2026-02-02,test,"Unit test for ChecklistInitializationService covering success, already-exists, no-syncing-quote, and no-config-items scenarios.","Test class run by Apex test execution (isTest), not invoked by production code."
ChecklistValidationService,Marc DeBrey,2026-02-02,Marc DeBrey,2026-02-02,impl,Validates whether all Operations Checklist items (Quote_Checklist_Item__c) for a Quote are checked/complete before allowing Quote-to-Order conversion.,"Exposed both as a plain static method (validateChecklistForQuote, for trigger use) and as an InvocableMethod validateChecklistComplete called from a Flow (category Operations Checklist)."
ChecklistValidationServiceTest,Marc DeBrey,2026-02-02,Marc DeBrey,2026-02-02,test,"Unit test for ChecklistValidationService covering complete, incomplete, no-items, and multi-request scenarios.","Test class run by Apex test execution (isTest), not invoked by production code."
COLAUpliftCalculator,Liam Jeong,2026-07-08,Liam Jeong,2026-07-13,impl,"Pure (no SOQL/DML) COLA uplift math and context-update payload builder library: resolves the 3-tier override (Line/Contract/CMDT), computes COLA-adjusted and stamped-maintenance nets, and builds RCA context node-update maps.","Called as a static utility library by COLAUpliftPrehook, COLAUpliftHandler, and their tests wherever COLA pricing/tier logic or context payloads are needed."
COLAUpliftCalculatorParityTest,Liam Jeong,2026-07-10,Liam Jeong,2026-07-10,test,Parity test proving RenewalMaintenancePricingService.computeColaNet and RenewalMaintenanceColaCalculator.computeRenewalMaintenanceColaNet produce identical results to the canonical COLAUpliftCalculator.computeStampedMaintenanceColaNet before consolidating the duplicates.,"@isTest class run by the Apex test runner; pure in-memory QuoteLineItem comparisons, no SOQL/DML."
COLAUpliftCalculatorTest,Liam Jeong,2026-07-08,Liam Jeong,2026-07-13,test,Unit test for COLAUpliftCalculator.,"@isTest class run by the Apex test runner; exercises every pure calculator method (tier resolution, price math, context-update builders) with in-memory inputs."
COLAUpliftHandler,Marc DeBrey,2026-01-30,Liam Jeong,2026-07-13,impl,"QuoteLineItem trigger handler that applies the 3-tier COLA uplift (Line Override > Contract Override > CMDT Lookup) on renewal line insert/update, syncs COLA% to system sources, and defaults MyCAP outyear uplift.","Called from the QuoteLineItem trigger's handleBeforeInsert/handleBeforeUpdate context (legacy pre-Revenue-Cloud path, since superseded for RC by COLAUpliftPrehook)."
COLAUpliftPrehook,Marc DeBrey,2026-01-30,Liam Jeong,2026-07-14,impl,"Revenue Cloud Apex pricing prehook that applies COLA uplift pricing to renewal quote lines (3-tier override), seeds NetUnitPrice so the committed net reflects COLA, handles stamped renewal-maintenance COLA nets, and evaluates/flags MyCAP out-year uplift eligibility on Quotes.",Registered as a RevSignaling.SignalingApexProcessor prehook invoked automatically by the Revenue Cloud pricing engine during Quote (not Order) reprice/pricing procedure execution.
COLAUpliftPrehookCovTest,Liam Jeong,2026-06-14,Liam Jeong,2026-07-10,test,SeeAllData=true coverage test for COLAUpliftPrehook's MyCAP eligibility path that depends on org config (PS_Service_Type AttributeDefinition/Prepaid picklist) and the ItemSubscriptionTerm multi-year detection branch.,"@isTest(SeeAllData=true) class run by the Apex test runner, kept separate from COLAUpliftTest because it cannot coexist with a @testSetup."
COLAUpliftTest,Marc DeBrey,2026-01-30,Liam Jeong,2026-07-13,test,"Test class for COLAUpliftHandler and related COLA logic covering the 3-tier override hierarchy, price calculation, Contract override validity windows, and MyCAP out-year uplift enforcement/regression scenarios.",@isTest class run by the Apex test runner; drives COLAUpliftHandler.handleBeforeInsert/handleBeforeUpdate and MyCAP eligibility logic with DML-backed test data.
CommunitiesLandingController,Joe Martinez,2025-11-20,Joe Martinez,2025-11-21,impl,Visualforce page controller that forwards a user to the correct Experience Cloud (Communities) start page based on login/guest status.,Bound to a Visualforce landing page; forwardToStartPage() runs on page load via Network.communitiesLanding().
CommunitiesLandingControllerTest,Joe Martinez,2025-11-20,Joe Martinez,2025-11-21,test,Unit test for CommunitiesLandingController.,"Test class (IsTest SeeAllData=true) run by Apex test execution, not invoked by production code."
CommunitiesLoginController,Joe Martinez,2025-11-20,Joe Martinez,2025-11-21,impl,Visualforce page controller exposing the Experience Cloud (Communities) site login/auth forwarding functionality.,"Global VF controller; forwardToAuthPage() invoked on page load via Network.forwardToAuthPage(), reading startURL/display URL params."
CommunitiesLoginControllerTest,Joe Martinez,2025-11-20,Joe Martinez,2025-11-21,test,Unit test for CommunitiesLoginController.,"Test class (IsTest SeeAllData=true) run by Apex test execution, not invoked by production code."
CommunitiesSelfRegConfirmController,Joe Martinez,2025-11-20,Joe Martinez,2025-11-21,impl,Visualforce page controller for the Experience Cloud self-registration confirmation page (currently a no-op stub).,Bound to the CommunitiesSelfRegConfirm Visualforce page; instantiated on page load.
CommunitiesSelfRegConfirmControllerTest,Joe Martinez,2025-11-20,Joe Martinez,2025-11-21,test,Unit test for CommunitiesSelfRegConfirmController.,"Test class (IsTest SeeAllData=true) run by Apex test execution, not invoked by production code."
CommunitiesSelfRegController,Joe Martinez,2025-11-20,Joe Martinez,2025-11-21,impl,Visualforce page controller that supports guest self-registration of new external users in an Experience Cloud community (creates the User via Site.createExternalUser and logs them in).,Bound to a self-registration Visualforce page for guest users; registerUser() invoked on form submit.
CommunitiesSelfRegControllerTest,Joe Martinez,2025-11-20,Joe Martinez,2025-11-21,test,Unit test for CommunitiesSelfRegController.,"Test class (IsTest SeeAllData=true) run by Apex test execution, not invoked by production code."
ContextDefinitionFieldValidator,Andrew Loveless,2026-02-02,Andrew Loveless,2026-02-02,impl,"Diagnostic/admin utility that uses Schema describe calls to check whether Revenue Cloud Context Definition-related fields (e.g. ExpressionSetVersion.IsActive) are DML-updateable, to inform Context Definition deactivation tooling.","Exposed via AuraEnabled methods (LWC-callable) validateAllFields()/validateField(), plus a plain generateTextReport() utility for anonymous-Apex/console use."
ContextDefinitionManager,Andrew Loveless,2026-02-02,Andrew Loveless,2026-02-02,impl,Admin service for Revenue Cloud/RLM Context Definition dependency management: queries the ContextDefinition to ExpressionSet(Version) to ProductConfigurationRule/RuleLibraryVersion/DecisionTable dependency tree and deactivates/reactivates those dependencies (via DML or REST/Tooling API) so a Context Definition can be safely deactivated.,"Exposed via AuraEnabled methods invoked from an LWC admin component (and usable via Anonymous Apex), returning ContextDependencyWrapper types."
ContextDependencyWrapper,Andrew Loveless,2026-02-02,Andrew Loveless,2026-02-02,impl,"Container of AuraEnabled inner wrapper/DTO classes (ContextDefinitionNode, ExpressionSetNode, ExpressionSetVersionNode, DecisionTableNode, RuleLibraryVersionNode, ConfigurationRuleNode, OperationResult, ItemResult, ContextDefinitionSummary, OperationConfig) representing the Context Definition dependency tree and operation results.",Instantiated and populated by ContextDefinitionManager; serialized to the LWC frontend via AuraEnabled properties.
ContextTagReader,Liam Jeong,2026-07-07,Liam Jeong,2026-07-10,impl,"Pure helper for reading RCA pricing-context tag maps, unwrapping the {tagValue: ...} envelope to extract String, Id, and Decimal field values and resolve a context line's source record Id.","Static utility called from pricing prehooks/posthooks that parse the RCA context payload, e.g. COLAUpliftPrehook, PartnerNetPricePosthook, PartnerPricingGate, PartnerPricingPrehookV2, ListPriceStampCalculator, and ContextUpdateNavigator."
ContextTagReaderTest,Liam Jeong,2026-07-07,Liam Jeong,2026-07-10,test,Unit test for ContextTagReader.,Unit test for ContextTagReader.
ContextUpdateNavigator,Liam Jeong,2026-07-07,Liam Jeong,2026-07-10,impl,"Pure navigation helpers for RCA pricing-context line/update maps: indexes context lines by source record Id, reads an update payload's nodePath.dataPath, dedups updates by dataPath, and resolves a renewal-maintenance line's context update path.",Static utility called from pricing hooks (e.g. PartnerNetPricePosthook) that need to correlate/merge RCA context update payloads with source records.
ContextUpdateNavigatorTest,Liam Jeong,2026-07-07,Liam Jeong,2026-07-10,test,Unit test for ContextUpdateNavigator.,Unit test for ContextUpdateNavigator.
ContractAssetRenewalInvocable,Nir Kailash,2026-06-24,Nir Kailash,2026-06-24,impl,Invokes the standard RLM 'initiateRenewal' action from a Contract/Asset selection with skipPricing=true so contract-asset renewal quote creation isn't blocked by stacked rate-adjustment validation.,"@InvocableMethod exposed to Flow (e.g. a renewal quick-action/screen flow) with a Contract Id + Asset Ids input, returning the created renewal Quote Id or an error message."
ContractAssetRenewalInvocableTest,Nir Kailash,2026-06-24,Nir Kailash,2026-06-24,test,Unit test for ContractAssetRenewalInvocable.,Unit test for ContractAssetRenewalInvocable.
ContributorPricingCalculator,Liam Jeong,2026-07-07,Liam Jeong,2026-07-10,impl,"Pure pricing helpers that derive a contributing perpetual QuoteLineItem/OrderItem's commercial pricing base and its effective partner/software discount percentages, used to carry forward discounts onto derived-maintenance lines.",Static utility invoked by derived-maintenance pricing logic such as PartnerNetPricePosthook when computing maintenance pricing from its contributing license line.
ContributorPricingCalculatorTest,Liam Jeong,2026-07-07,Liam Jeong,2026-07-10,test,Unit test for ContributorPricingCalculator.,Unit test for ContributorPricingCalculator.
ConvertCSVToStringCollection,Joe Martinez,2025-08-29,Joe Martinez,2025-08-29,impl,Splits a comma-separated string into a list of strings.,@InvocableMethod ('Convert Comma-separated-values to String Collection') callable from Flow.
ConvertCSVToStringCollectionTest,Joe Martinez,2025-08-29,Joe Martinez,2025-08-29,test,"Unit test covering ConvertCSVToStringCollection, ConvertStringCollectionToCSV, and ConvertToStringCollection.",Unit test for ConvertCSVToStringCollection (and related converter classes).
ConvertStringCollectionToCSV,Joe Martinez,2025-08-29,Joe Martinez,2025-08-29,impl,Joins a list of strings into a single comma-separated string.,@InvocableMethod ('Convert String Collection to Comma-separated-values') callable from Flow.
ConvertToStringCollection,Joe Martinez,2025-08-29,Joe Martinez,2025-08-29,impl,Splits a string into a list of strings using a caller-supplied delimiter.,@InvocableMethod ('Convert any String to String Collection') callable from Flow.
CurrencyCodeExtractor,Joe Martinez,2025-09-10,Marc DeBrey,2026-02-06,impl,Extracts a 3-letter ISO currency code from free-text currency labels like 'AUD - Australian Dollar' or 'AUD Australian Dollar'.,"@InvocableMethod ('Extract Currency ISO Code') callable from Flow, e.g. for parsing currency picklist/display text into an ISO code."
CurrencyCodeExtractorTest,Joe Martinez,2025-09-10,Joe Martinez,2025-09-10,test,Unit test for CurrencyCodeExtractor.,Unit test for CurrencyCodeExtractor.
CurrencyDisplayReconciliationService,Liam Jeong,2026-07-12,Liam Jeong,2026-07-12,impl,"Pure decision service that detects when a non-USD line's display fields (Sales Price/Subtotal/Total Line Amount) leaked a raw-USD value while the pricing engine converted only the Net fields, and returns the converted net values to align them to (guarding against real discounts and non-currency divergences).",Static utility invoked by PartnerNetPricePosthook to reconcile currency display-field leaks on attribute-based-priced (ABP) lines after pricing.
CurrencyDisplayReconciliationServiceTest,Liam Jeong,2026-07-12,Liam Jeong,2026-07-12,test,Unit test for CurrencyDisplayReconciliationService.,Unit test for CurrencyDisplayReconciliationService.
DatedConversionRateLookup,Joe Martinez,2026-02-25,Joe Martinez,2026-02-25,impl,Looks up the dated exchange rate from a given currency ISO code to USD via DatedConversionRate (Advanced Currency Management) with CurrencyType fallback.,"Invoked as an @InvocableMethod ('Get Dated Exchange Rate to USD', category Pricing) from the QuoteLineItemExchangeRateTrigger flow/logic to populate Exchange_Rate_To_USD__c on QuoteLineItem at pricing time."
DatedConversionRateLookupTest,Joe Martinez,2026-02-25,Joe Martinez,2026-02-25,test,"Unit test for DatedConversionRateLookup covering USD/null/blank defaults, CurrencyType fallback, multi-request batches, unknown currency, and the QLI/Opportunity exchange-rate trigger integration.",Executed by the Apex test runner (@isTest); no production invocation.
DefaultEmailSender,Keith Irwin,2026-03-11,Keith Irwin,2026-03-11,impl,Default production implementation of IEmailSender that sends emails via the Salesforce Messaging API and wraps the result.,Instantiated by calling code (e.g. email service classes) as the default IEmailSender implementation when no other sender is explicitly injected.
DerivedMaintenanceClassifier,Liam Jeong,2026-07-07,Liam Jeong,2026-07-10,impl,Pure predicate helper that classifies derived-maintenance QuoteLineItem product types (New/Renewal Maintenance) and detects new-business derived-maintenance lines not already covered by the renewal-COLA path.,Called as a static utility from PartnerNetPricePosthook (pricing procedure posthook) during its Wave-2 decomposition; no SOQL/DML/context of its own.
DerivedMaintenanceClassifierTest,Liam Jeong,2026-07-07,Liam Jeong,2026-07-10,test,Unit test for DerivedMaintenanceClassifier verifying product-type classification and new-business derived-maintenance detection logic.,Executed by the Apex test runner (@isTest); no production invocation.
DerivedMaintenancePayloadBuilder,Liam Jeong,2026-07-08,Liam Jeong,2026-07-10,impl,Pure assembler of the ExpressionSet context-update payload (nodePath.dataPath + ordered attribute list) for New-Business derived-maintenance sequential-discount and $0-fallback pricing updates.,Called as a static utility from PartnerNetPricePosthook (pricing procedure posthook) to build context-update maps; no SOQL/DML/context reads.
DerivedMaintenancePayloadBuilderTest,Liam Jeong,2026-07-08,Liam Jeong,2026-07-10,test,"Unit test for DerivedMaintenancePayloadBuilder verifying attribute ordering, values, and conditional inclusion/omission for sequential-discount and fallback payloads.",Executed by the Apex test runner (@isTest); no production invocation.
DisplayAndFilterKnowledgeController,Joe Martinez,2025-12-16,Joe Martinez,2025-12-16,impl,Retrieves all accessible fields of published (Online) Knowledge__kav articles via a dynamically built SOQL query.,Exposed as an @AuraEnabled(cacheable=true) method called from an LWC/Aura component to display and filter Knowledge articles.
DisplayAndFilterKnowledgeControllerTest,Joe Martinez,2025-12-16,Joe Martinez,2025-12-16,test,Unit test scaffold for DisplayAndFilterKnowledgeController exercising getKnowledgeArticles against inserted Knowledge__kav test records.,Executed by the Apex test runner (@isTest); no production invocation.
DocuSignEnvelopeService,Liam Jeong,2026-04-19,Liam Jeong,2026-07-10,impl,"Sends a Fortra quote PDF for e-signature via the DocuSign API, placing signature/date/name tabs on the last page (resolved via explicit override, PDF hex auto-detection, or a 2-page fallback).","Invoked via three entry points: the Callable interface (OmniStudio Integration Procedure Remote Action, action='sendEnvelope'), an @InvocableMethod ('Send DocuSign Envelope') from Flow, and directly as a static sendEnvelope method from other Apex."
DocuSignEnvelopeServiceTest,Liam Jeong,2026-04-21,Liam Jeong,2026-07-10,test,"Test coverage for DocuSignEnvelopeService covering success/error send paths, page-count resolution branches, PDF page detection, the Callable dispatch variants, and the Flow invocable wrapper using HttpCalloutMock.",Executed by the Apex test runner (@isTest); no production invocation.
DunAndBradstreetHandler,Joe Martinez,2026-01-27,Joe Martinez,2026-01-27,impl,"Performs a Dun & Bradstreet company lookup callout via Mulesoft for a given Account and, on success, delegates to DunAndBradstreetHelper to enrich/upsert matching Account records (site/domestic/global ultimate hierarchy).",dunsEnrichment is an @InvocableMethod ('Duns Enrichment') called from a Flow (e.g. Account enrichment flow); dunsCallout is also called directly by DunAndBradstreetHelper.dunsSearch and by test code.
DunAndBradstreetHelper,Joe Martinez,2026-01-27,Joe Martinez,2026-06-24,impl,"Processes D&B callout responses to search for or enrich matching Salesforce Accounts by DUNS number or duplicate-rule matching, building/upserting the global/domestic/site Account hierarchy.",dunsSearch is an @InvocableMethod ('Duns Search') called from a Flow (non-committing search); handleDunsResponse/searchForAccount/setAccountValues/selectStar/assessDuplicates are static utilities called by DunAndBradstreetHandler and Screen Flow enrichment logic.
DunAndBradstreetTest,Joe Martinez,2026-01-27,Joe Martinez,2026-06-24,test,"Test coverage for DunAndBradstreetHandler, DunAndBradstreetHelper, and DunsResponseWrapper across site/domestic/global-level search and enrichment, multiple-result, no-result, out-of-business, and bad-request scenarios, plus duplicate-rule assessment.",Executed by the Apex test runner (@isTest) using a dynamic HttpCalloutMock; no production invocation.
DunsResponseWrapper,Joe Martinez,2026-01-27,Joe Martinez,2026-04-27,impl,"Typed wrapper/DTO for deserializing the D&B (Mulesoft) JSON response payload, including per-level (site/domestic/global) CompanyDetail data and error/status fields.",Deserialized via its static parse(String) method by DunAndBradstreetHandler.dunsCallout and consumed by DunAndBradstreetHelper's response-handling methods.
EmailAttachmentService,Keith Irwin,2026-04-03,Ben Kozlowski,2026-05-22,impl,Retrieves a file attachment (legacy Attachment records) associated with a License Key record for inclusion in outbound emails.,"Called as a static utility (getAttachmentForLicenseKey, getAttachmentIdsForLicenseKey) by other Apex email-sending logic that needs to attach License Key files."
EmailAttachmentServiceTest,Keith Irwin,2026-04-03,Ben Kozlowski,2026-05-22,test,"Unit test for EmailAttachmentService, covering retrieval of the most recent License_Key__c file attachment and its attachment IDs.",Run automatically by the Apex test framework (@isTest); exercises EmailAttachmentService.getAttachmentForLicenseKey and getAttachmentIdsForLicenseKey.
EmailResult,Keith Irwin,2026-03-11,Keith Irwin,2026-03-11,impl,"Wrapper/value object carrying success flag, technical error message/details, and a user-friendly formatted message for email-send operations.",Instantiated and returned by EmailService.sendLicenseKeyEmail (and related email-sending code) to communicate outcome to callers/UI.
EmailResultTest,Keith Irwin,2026-03-11,Keith Irwin,2026-03-11,test,"Unit test for EmailResult, covering both constructors, user-friendly message formatting rules, and getFullErrorInfo().",Run automatically by the Apex test framework (@isTest).
EmailService,Keith Irwin,2026-03-11,Keith Irwin,2026-06-15,impl,"Central service for sending License_Key__c emails: resolves email template content, injects merge fields/placeholders, attaches license files, and sends via an injected IEmailSender.",Called by other Apex (e.g. license key generation/flow-invoked Apex) as EmailService.sendLicenseKeyEmail(...); uses a @TestVisible static emailSender for mocking in tests.
EmailServiceTest,Keith Irwin,2026-03-11,Keith Irwin,2026-04-03,test,"Unit test for EmailService, covering validation failures (blank/null template, template not found, missing product identifier, missing recipients) and helper methods for template/contact retrieval.",Run automatically by the Apex test framework (@isTest).
EmailTemplatePlaceholderProcessor,Keith Irwin,2026-03-11,Keith Irwin,2026-03-11,impl,"Utility that replaces ||Placeholder|| tokens in email template HTML with configured text from LKG_Email_Template_Place_Holder__mdt and product-specific instructions from LKG_Product__mdt, then strips any unreplaced merge fields/placeholders and empty table markup.",Invoked by EmailService.sendLicenseKeyEmail during license-key email body preparation; static utility methods called directly from Apex.
EmailTemplatePlaceholderProcessorTest,Keith Irwin,2026-03-11,Keith Irwin,2026-03-11,test,"Unit test for EmailTemplatePlaceholderProcessor covering placeholder replacement, merge-field/placeholder removal, empty markup cleanup in tables, and product-instruction injection.",Run automatically by the Apex test framework (@isTest).
ExceptionLogger,Liam Jeong,2026-07-09,Liam Jeong,2026-07-10,impl,"General-purpose, never-throw telemetry publisher that fire-and-forget publishes domain `_Exception__e` platform events (e.g. Pricing_Exception__e) for durable logging via a subscriber Flow into Exception_Log__c.",Called from catch blocks throughout pricing/domain Apex hooks via ExceptionLogger.safePublish(event) so a swallowed exception is still logged without failing the transaction.
ExceptionLoggerTest,Liam Jeong,2026-07-09,Liam Jeong,2026-07-10,test,Unit test verifying ExceptionLogger.safePublish is a no-op for null events and that valid Pricing_Exception__e events are delivered to the subscriber Flow and persisted as Exception_Log__c rows.,Run automatically by the Apex test framework (@isTest).
FieldPopulatedCheck,Ben Kozlowski,2026-04-16,Liam Jeong,2026-06-09,impl,DEPRECATED (superseded by OrderSubmissionValidator per SC-3366) invocable Flow action that dynamically checks via Schema whether a given field on a given record is populated and returns the value as text.,Formerly invoked as a Flow Action (@InvocableMethod) in the Order Submission Check flow; retained only for obsolete flow versions and should not be used in new work.
FindRecordsInCollection,Joe Martinez,2025-10-06,Joe Martinez,2025-10-06,impl,"Generic invocable Flow utility that filters a collection of SObjects for records whose given field equals a target value, returning matches as a list and (if exactly one) also as a single record.",Invoked from Salesforce Flow as the 'Find Records in Collection [USF Collection Processor]' action (@InvocableMethod).
FindRecordsInCollectionTest,Joe Martinez,2025-10-06,Joe Martinez,2025-10-06,test,"Unit test for FindRecordsInCollection covering single-match, multiple-match, no-match, and bulk (multi-request) scenarios.",Run automatically by the Apex test framework (@isTest).
FlexPanelBulkUpdateController,Joe Martinez,2025-09-10,Joe Martinez,2025-09-10,impl,"Controller supporting bulk update of Start/End Date and Subscription Term across selected QuoteLineItems from an OmniScript/FlexCard panel, with quote-status validation and a Quote_Line_Update__e platform event fired on success.","Invoked from LWC/Visualforce via @AuraEnabled/@RemoteAction bulkUpdateDatesRemote, and from OmniScript/FlexCard via the generic invokeMethod(methodName, input, output, options) dispatcher."
FlexPanelBulkUpdateControllerTest,Joe Martinez,2025-09-10,Joe Martinez,2025-09-10,test,"Unit test for FlexPanelBulkUpdateController covering DATE_AND_TERM and DATE_RANGE bulk update modes, no-selection error handling, line-ID retrieval, quote-status validation, and helper method getIntegerValue.",Run automatically by the Apex test framework (@isTest).
ForgotPasswordController,Joe Martinez,2025-11-20,Joe Martinez,2025-11-21,impl,Visualforce page controller exposing Experience Cloud (Site) forgot-password functionality to reset a community user's password via username.,Bound to a Visualforce 'Forgot Password' page (Page.ForgotPasswordConfirm) as its standard controller.
ForgotPasswordControllerTest,Joe Martinez,2025-11-20,Joe Martinez,2025-11-21,test,Unit test for ForgotPasswordController verifying forgotPassword() behavior for a non-existent test username.,Run automatically by the Apex test framework (@isTest(SeeAllData=true)); Unit test for ForgotPasswordController.
Fortra_BulkPriceUpdateBatch,Marc DeBrey,2026-01-29,Nir Kailash,2026-06-29,impl,"Batch Apex that bulk-creates/updates multi-currency PricebookEntries for products (filtered by Solution Category or explicit product Ids) across selected pricebooks using Fortra_CurrencyConversionService formulas, then emails a completion summary.","Started via Database.executeBatch from Fortra_BulkPriceUpdateInvocable.startBulkPriceUpdate, which is invoked by a Screen Flow (Fortra_Bulk_Price_Update_Flow)."
Fortra_BulkPriceUpdateBatchTest,Marc DeBrey,2026-01-29,Nir Kailash,2026-06-26,test,"Unit test class covering Fortra_BulkPriceUpdateBatch, Fortra_BulkPriceUpdateInvocable, and Fortra_CurrencyConversionService (formula parsing, invocable validation, batch PBE creation/update, preview mode).",Run automatically by the Apex test runner (@IsTest); not invoked by production code.
Fortra_BulkPriceUpdateInvocable,Marc DeBrey,2026-01-29,Marc DeBrey,2026-05-01,impl,"Invocable/Aura bridge that validates Solution Category and Pricebook inputs, computes per-pricebook PBE estimates/warnings, and starts (or previews) the Fortra_BulkPriceUpdateBatch job.","Its @InvocableMethod startBulkPriceUpdate is called from Fortra_Bulk_Price_Update_Flow (Screen Flow); its @AuraEnabled methods (getSolutionCategories, getProductPreview, checkBatchStatus) back the same Flow's LWC screens."
Fortra_CurrencyConversionService,Marc DeBrey,2026-01-29,Nir Kailash,2026-06-26,impl,Reusable service for converting a USD price into other currencies using cached Currency_Conversion_Formula__mdt custom metadata (rate or arithmetic formula string).,Called as a static utility from Fortra_BulkPriceUpdateBatch and other Flow-based single-product currency price update logic.
FortraBillingEventItemTriggerHandler,German Wren,2026-03-06,German Wren,2026-06-16,impl,"Publishes a Billing_Event_Item_Released_WD__e platform event to notify Workday when a pse__Billing_Event_Item__c (Certinia billing event) transitions into 'Pending' Workday sync status, mapping Timecard vs Milestone billing categories to WD contract line usage-based billing.",Called from the pse__Billing_Event_Item__c trigger's after insert/update handler (static handleAfterInsertOrUpdate method with a recursion guard).
FortraDemoDataFactory,Liam Jeong,2026-04-18,Liam Jeong,2026-07-10,impl,"Generates and cleans up a full idempotent demo dataset (accounts, places, products, pricebook entries, opportunities, quotes, hardware, line groups/items) across four Fortra quote scenarios for sandbox demos.",Invoked manually via Execute Anonymous or a dev console call to FortraDemoDataFactory.run() / .cleanup(); not wired to any trigger or Flow.
GsLicensingController,Keith Irwin,2026-04-22,Keith Irwin,2026-04-22,impl,"Sends an Order's billing/shipping account and customer info to the Globalscape licensing API via HTTP callout to generate serial numbers/licenses, parsing the XML/JSON-ish service response for success/error.",@AuraEnabled processOrder(orderId) method backs an LWC Quick Action button on the Order record page.
GsLicensingControllerTest,Keith Irwin,2026-04-22,Keith Irwin,2026-04-22,test,"Unit test for GsLicensingController covering successful callout, invalid order Id, invalid/failed service responses, and forced callout errors using an HttpCalloutMock.",Run automatically by the Apex test runner (@IsTest); exercises GsLicensingController.processOrder via mocked HTTP callouts.
HardwareAttributePricingPrehook,Marc DeBrey,2026-01-29,Liam Jeong,2026-07-09,impl,"Revenue Cloud pricing prehook (v3.0) that computes hardware-based price multipliers for Power products using pGroup, System Type, and Users Per Partition, applying an override priority of Product Configurator > Hardware__c defaults > System defaults, and stamps pricing/audit attributes back onto the context.","Executes as a RevSignaling.SignalingApexProcessor step registered in the Revenue Cloud pricing procedure waterfall (after List Price lookup, before Regional/Partner Pricing)."
HardwareAttributePricingPrehookTest,Marc DeBrey,2026-01-29,Liam Jeong,2026-07-08,test,"Unit test suite for HardwareAttributePricingPrehook covering pGroup/user-tier/system-type multiplier lookups, combined pricing math, override-priority resolution (Configurator/Hardware/System), tag parsing helpers, and JSON audit-trail serialization.",Run automatically by the Apex test runner (@isTest); exercises HardwareAttributePricingPrehook's @TestVisible methods directly since execute() cannot be unit-tested (managed RevSignaling type).
HardwareGroupController,Marc DeBrey,2026-01-31,Liam Jeong,2026-06-29,impl,"LWC controller for Revenue Cloud hardware group management on a Quote: resolving the Quote's Account, listing/creating/updating QuoteLineGroup hardware groups, searching and creating Hardware__c records (with auto-created Partition__c for iSeries/Cross Platform), and exposing dependent picklist options.",@AuraEnabled methods invoked by the hardwareGroupManager LWC component embedded on the Quote page.
HardwareGroupControllerTest,Marc DeBrey,2026-01-31,Liam Jeong,2026-06-18,test,"Unit test suite for HardwareGroupController covering group CRUD, hardware search/creation (including partition auto-creation), duplicate-name validation, dependent picklist retrieval, and the SC-3423 fix for large Hardware lists.",Run automatically by the Apex test runner (@isTest); exercises HardwareGroupController's @AuraEnabled methods directly.
HardwareManagementController,Marc DeBrey,2026-01-31,Marc DeBrey,2026-02-10,impl,"LWC controller for the Transaction Line Editor's hardware management flow: retrieving quote lines needing hardware, dynamically-field-safe searching of Hardware__c, linking hardware to quote lines, and flagging/clearing 'requires new hardware' state.",@AuraEnabled methods invoked from an LWC used in the Transaction Line Editor / Quote line hardware assignment UI.
HardwareManagementControllerTest,Marc DeBrey,2026-01-31,Marc DeBrey,2026-01-31,test,"Unit test class for HardwareManagementController covering quote line retrieval, hardware search (empty-result case), linking hardware to lines, and flagging/clearing hardware requirement flags.",Run automatically by the Apex test runner (@isTest); exercises HardwareManagementController's @AuraEnabled methods directly.
HardwarePreConfigInvocable,Marc DeBrey,2026-01-31,Marc DeBrey,2026-01-31,impl,"Retrieves Hardware__c attribute defaults (pGroup normalized to AttributeDefinition format, Server Type, Users Per Partition) for display before/during Product Configurator use, and checks whether a product is Tech-catalog/Power-category eligible for hardware pricing.","@InvocableMethod getHardwareAttributes is called from a Flow; @AuraEnabled methods (getHardwareAttributesForLWC/ForQuote, isProductHardwarePricingApplicable, getProductApplicableAttributes) are called from LWCs during product configuration."
HardwarePreConfigInvocableTest,Marc DeBrey,2026-01-31,Marc DeBrey,2026-01-31,test,"Unit test suite for HardwarePreConfigInvocable covering hardware attribute resolution by hardwareId/quoteLineGroupId/quoteId, the P05→P5 pGroup normalization, no-hardware/null-input handling, and JSON context structure.",Run automatically by the Apex test runner (@isTest); exercises HardwarePreConfigInvocable's invocable and @AuraEnabled methods directly.
HardwarePricingCalculator,Liam Jeong,2026-07-07,Liam Jeong,2026-07-10,impl,"Computes hardware-adjusted pricing (adjustedPrice = listPrice x pGroupMultiplier x userTierMultiplier x (1 - systemTypeDiscount/100)) by reading three lookup tables (pGroup multipliers, user-count-tier bands, system-type discounts) from the admin-editable Hardware_Attribute_Pricing__mdt custom metadata.","Pure static service extracted from HardwareAttributePricingPrehook, called via calculate()/getPGroupMultiplier()/getUserTierMultiplier()/getSystemTypeDiscount() by other Apex (pricing prehooks) and unit-tested directly."
HardwarePricingCalculatorTest,Liam Jeong,2026-07-07,Liam Jeong,2026-07-10,test,"Unit test for HardwarePricingCalculator, pinning MDT-driven lookup math against a canonical injected seed table (and the deployed MDT) to prove it reproduces prior hardcoded pricing for every tier/boundary.",Run automatically by the Apex test framework (@isTest); not invoked by runtime code.
HardwareProductEligibilityService,Marc DeBrey,2026-01-31,Marc DeBrey,2026-02-17,impl,"Filters active Product2 records for compatibility with a given Hardware__c record using processor-minimum, required/excluded feature-code, and bundle rules to build a list of eligible products with reasons.",Invoked via its static filterProducts(hardwareId) entry point by HardwareProductSelectorController (an LWC-facing Apex controller) as part of the hardware-first product-selection workflow.
HardwareProductEligibilityServiceTest,Marc DeBrey,2026-01-31,Marc DeBrey,2026-02-17,test,"Unit test for HardwareProductEligibilityService covering processor-count, required/excluded feature-code, bundle-handling, and query-filtering eligibility scenarios.",Run automatically by the Apex test framework (@isTest); not invoked by runtime code.
HardwareProductSelectorController,Marc DeBrey,2026-01-31,Marc DeBrey,2026-02-17,impl,Apex controller backing the hardwareProductSelector LWC that exposes hardware-eligible products and adds selected products as QuoteLineItems to a Quote.,"Called from the Lightning Web Component via @AuraEnabled methods getEligibleProducts(hardwareId) (cacheable wire) and addProductsToQuote(quoteId, productIds, hardwareId) (imperative Apex call)."
HardwareProductSelectorControllerTest,Marc DeBrey,2026-01-31,Marc DeBrey,2026-02-17,test,"Unit test for HardwareProductSelectorController verifying eligible-product retrieval and quote-line-item creation, including error paths for invalid IDs, empty product lists, and missing pricebook entries.",Run automatically by the Apex test framework (@isTest); not invoked by runtime code.
IBrandEmailHandler,Keith Irwin,2026-03-11,Keith Irwin,2026-03-11,impl,"Defines the contract each brand-specific handler must implement for resolving license-key email recipients, template selection, merge fields, validation, and sending in the License Key Generator (LKG) email flow.",Implemented by brand-specific email handler classes and invoked polymorphically by LKG orchestration code that dispatches license-key emails per brand.
IEmailSender,Keith Irwin,2026-03-11,Keith Irwin,2026-03-11,impl,Abstraction over Salesforce email sending so production code can be decoupled from Messaging.sendEmail for testability.,Implemented by a concrete email-sending service class and invoked (or mocked in tests) by IBrandEmailHandler implementations sending license-key emails.
IEmailSenderResult,Keith Irwin,2026-03-11,Keith Irwin,2026-03-11,impl,"Wrapper interface exposing isSuccess()/getErrorMessage() for an email send outcome, avoiding direct use of the non-mockable Messaging.SendEmailResult system class.",Returned by IEmailSender implementations and consumed by callers/tests that need to assert send success or failure without stubbing Salesforce system classes.
ILkgAutomatePointsBuilder,Ben Kozlowski,2026-05-22,Ben Kozlowski,2026-05-22,impl,Defines the contract for building an 'automate points' string from an AutomatePointsBuilderContext for License Key Generator (LKG) request construction.,Implemented by concrete builder classes and invoked by LKG request-building code (e.g. LkgRequestBuilderBase subclasses) when assembling license key requests.
ILkgHardwareKeyParamBuilder,Keith Irwin,2026-06-15,Keith Irwin,2026-06-15,impl,Defines the contract for enriching a license-key KeyData payload with hardware-derived key parameters sourced from Asset data in the License Key Generator (LKG) pipeline.,Implemented by hardware-specific key-param builder classes and called by LkgMapperHardwareBase/LkgRequestBuilderBase to populate KeyData.addKeyDataFromAsset().
ILkgMapper,Keith Irwin,2026-03-11,Keith Irwin,2026-03-11,impl,Defines the contract for mapping a raw inbound payload string into a LkgRequestBuilderBase.KeyData object in the License Key Generator (LKG) pipeline.,Implemented by payload-specific mapper classes and invoked by LKG processing code (likely LkgProcessor) to translate incoming request payloads into KeyData.
ILkgRecordCreator,Keith Irwin,2026-03-11,Keith Irwin,2026-04-03,impl,Defines the contract for creating and inserting License_Key__c records and their Attachment from a KeyData object in the License Key Generator (LKG) pipeline.,Implemented by a concrete record-creator class and invoked by LKG orchestration code (e.g. LkgProcessor) after a license key request is built/processed.
ILkgRequestBuilder,Keith Irwin,2026-03-11,Keith Irwin,2026-03-11,impl,Defines the contract for building a LkgProcessor.LicenseKeyRequest from KeyData in the License Key Generator (LKG) pipeline.,Implemented by concrete request-builder classes (e.g. subclasses of LkgRequestBuilderBase) and invoked by LkgProcessor to construct outbound license key requests.
InitializeChecklistAction,Marc DeBrey,2026-02-02,Marc DeBrey,2026-02-02,impl,Quick Action wrapper that manually initializes the Operations Checklist (Quote_Checklist_Item__c records) for one or more Opportunities via ChecklistInitializationService.,"Invoked as an @InvocableMethod from a Quick Action button on the Opportunity (label 'Initialize Operations Checklist (Button)', category 'Operations Checklist')."
InitializeChecklistActionTest,Marc DeBrey,2026-02-02,Marc DeBrey,2026-02-02,test,Unit test for InitializeChecklistAction verifying checklist items are created for single and multiple Opportunities via the quick action.,Run automatically by the Apex test framework (@isTest); not invoked by runtime code.
LicenseKeyEmailHandler,Keith Irwin,2026-03-11,Ben Kozlowski,2026-05-22,impl,"Queries License_Key__c records by Id, delegates to a brand-specific handler (via BrandEmailHandlerFactory) to validate and send license key notification emails, then writes back Email_Status__c/error fields and resets Send_Email__c.","Invoked from the License_Key__c trigger's after-update logic (ProcessLicenseKeyEmailFromIds), passing Ids of records whose Send_Email__c was checked."
LicenseKeyEmailHandlerTest,Keith Irwin,2026-03-11,Keith Irwin,2026-04-03,test,Unit test for LicenseKeyEmailHandler.,"@isTest class exercising ProcessLicenseKeyEmailFromIds/ProcessLicenseKeyEmail success, failure, empty-list, factory-pattern, and exception-handling paths with a MockEmailSender."
LicenseKeyEmailTestDataFactory,Keith Irwin,2026-03-11,Ben Kozlowski,2026-05-22,impl,"Centralized @isTest data-factory that builds Accounts, Contacts, Hardware__c, EmailTemplate, and License_Key__c fixtures for the License Key email test suite.","Called from @TestSetup/@isTest methods in LicenseKeyEmailHandlerTest, LicenseKeyTriggerTest, LicenseKeyTemplateResolverTest and related brand-handler test classes to set up common test data."
LicenseKeyNotificationPublisher,Keith Irwin,2026-03-11,Keith Irwin,2026-03-11,impl,Requeries updated License_Key__c records and publishes License_Key_Email_Event__e platform events so UI components can receive real-time email-status notifications.,Called by LicenseKeyEmailHandler.ProcessLicenseKeyEmailFromIds after license key records are updated with email results; consumed elsewhere by an LWC/streaming API subscriber.
LicenseKeyNotificationPublisherTest,Keith Irwin,2026-03-11,Keith Irwin,2026-03-11,test,Unit test for LicenseKeyNotificationPublisher.,"@IsTest class verifying publishEmailNotifications handles single, bulk (50 records), empty-list, and mixed-status License_Key__c inputs without error."
LicenseKeyTemplateResolver,Keith Irwin,2026-03-11,Keith Irwin,2026-03-11,impl,"Resolves the correct email template developer name for a License_Key__c based on its LKG_Product_Identifier_Name__c and Key_Type__c, backed by the LKG_Product__mdt custom metadata type with an in-memory cache.","Called by brand-specific email handlers (e.g. Clearswift handler) when composing/sending the license key notification email; getTemplateName is the main entry point, with hasTemplateConfig/clearCache exposed as helpers."
LicenseKeyTemplateResolverTest,Keith Irwin,2026-03-11,Keith Irwin,2026-03-11,test,Unit test for LicenseKeyTemplateResolver.,"@isTest class covering template resolution for Generic/Specific-Temporary/Permanent/Subscription key types, null/blank/invalid inputs, caching, and clearCache behavior."
LicenseKeyTriggerTest,Keith Irwin,2026-03-11,Keith Irwin,2026-03-11,test,Unit test for the LicenseKeyTrigger (License_Key__c after-update trigger) that delegates to LicenseKeyEmailHandler.ProcessLicenseKeyEmailFromIds.,@isTest class that updates License_Key__c.Send_Email__c and verifies the trigger fires (or does not fire) email processing and correctly passes record Ids to the handler.
LightningForgotPasswordController,Joe Martinez,2025-11-20,Joe Martinez,2025-11-21,impl,Experience Cloud (Community) controller that handles the 'forgot password' flow via Site.forgotPassword and site experience-Id setup.,@AuraEnabled methods called from the Lightning/Aura Forgot Password login-flow component on a Salesforce Experience Cloud site.
LightningForgotPasswordControllerTest,Joe Martinez,2025-11-20,Joe Martinez,2025-11-21,test,Unit test for LightningForgotPasswordController.,"@IsTest(SeeAllData=true) class verifying forgotPassword handles invalid usernames and null URLs, and that the controller can be instantiated."
LightningLoginFormController,Joe Martinez,2025-11-20,Joe Martinez,2025-11-21,impl,"Experience Cloud login-form controller exposing username/password login, self-registration/forgot-password URL lookups, and auth configuration for a community site.",@AuraEnabled methods invoked from the Lightning Login Form Aura/LWC component on an Experience Cloud site.
LightningLoginFormControllerTest,Joe Martinez,2025-11-20,Joe Martinez,2025-11-21,test,Unit test for LightningLoginFormController.,"@IsTest(SeeAllData=true) class verifying login, auth-config flags (username/password enabled, self-registration enabled), and URL getters."
LightningSelfRegisterController,Joe Martinez,2025-11-20,Joe Martinez,2025-11-21,impl,"Experience Cloud self-registration controller that creates a portal User via Site.createPortalUser, validates passwords, applies extra field-set values, and logs the new user in.","@AuraEnabled methods (selfRegister, getExtraFields, setExperienceId) invoked from the Lightning Self-Registration component on an Experience Cloud site."
LightningSelfRegisterControllerTest,Joe Martinez,2025-11-20,Joe Martinez,2025-11-21,test,Unit test for LightningSelfRegisterController.,"@IsTest(SeeAllData=true) class exercising selfRegister validation paths (missing lastname/email, password mismatch), extra-fields handling, and successful self-registration."
ListPriceStampCalculator,Liam Jeong,2026-07-07,Liam Jeong,2026-07-10,impl,"Pure, SOQL/DML-free RCA pricing helper that computes which ListPrice value and stamped partner/manual discount percents should be restamped onto attribute-tier or derived-maintenance quote lines.",Called by RCA pricing prehooks/posthooks (from context line maps or QuoteLineItem records) during pricing procedure execution to determine ListPrice restamps for derived maintenance and attribute-tier lines.
ListPriceStampCalculatorTest,Liam Jeong,2026-07-07,Liam Jeong,2026-07-10,test,Unit test for ListPriceStampCalculator.,"@IsTest class verifying resolveStampedPartnerPercent, resolveStampedManualPercent, resolveAttributeTierListPrice, and resolveDerivedMaintenanceListPrice logic against constructed context-line maps and QuoteLineItem JSON fixtures."
LkgAutomatePointsBuilderFactory,Ben Kozlowski,2026-05-22,Ben Kozlowski,2026-05-22,impl,Factory that maps an Automate/BPA product-code + tier + version-bucket key (e.g. 'AUT_A_GTE11') to the correct License Key Generator (LKG) points-builder implementation for computing Automate license points.,Invoked by LkgHardwareAutomateKeyParamBuilder.getPoints() as a static utility during LKG hardware-key request building; returns AutomateDefaultPointsBuilder when productCode/tier are blank.
LkgAutomatePointsBuilderFactoryTest,Ben Kozlowski,2026-05-22,Ben Kozlowski,2026-05-22,test,Unit test for LkgAutomatePointsBuilderFactory verifying it returns the correct tier/legacy/default points builder for each productCode+tier+version combination.,Unit test for LkgAutomatePointsBuilderFactory.
LkgCcssFileBuilder,Keith Irwin,2026-06-15,Keith Irwin,2026-06-15,impl,"Builds .HSL license-key file content for CCSS silo license keys, extending LkgISeriesFileBuilder with a CCSS-specific key row that adds a SYSTEM_NAME= line and derives LICENSE_FMT from license code length.",Invoked as the file-builder implementation for the CCSS silo in the LKG license-key file generation pipeline (e.g. from a factory selecting builders by silo).
LkgCcssFileBuilderTest,Keith Irwin,2026-06-15,Keith Irwin,2026-06-15,test,"Unit test for LkgCcssFileBuilder verifying FILE_DATE header, SYSTEM_NAME line, LICENSE_FMT derivation by key length, hardware-key grouping, and PRODUCT/PRODUCT_CODE output.",Unit test for LkgCcssFileBuilder.
LkgFileGenerateResult,Keith Irwin,2026-06-15,Keith Irwin,2026-06-15,impl,Simple DTO carrying a success flag and message returned from an LKG license-key file generation operation.,Constructed and returned by LKG file-generation controllers/services (e.g. Visualforce/LWC controller actions) to report outcome to the caller/UI.
LkgFileGenerateResultTest,Keith Irwin,2026-06-15,Keith Irwin,2026-06-15,test,"Unit test for LkgFileGenerateResult verifying its constructor correctly sets the success and message fields, including null message handling.",Unit test for LkgFileGenerateResult.
LkgHardwareAssetEnrichmentService,Keith Irwin,2026-06-15,Keith Irwin,2026-06-15,impl,"Enriches LKG hardware AssetData with product metadata (via LKG_Intersect__mdt matching on ProductCode|AssetName) and aggregated system quantity/action attributes, producing a flattened attributes map for license key generation.",Invoked as a static service (enrich method) by upstream LKG hardware key-building logic to hydrate an AssetData object with productData and attributes before key/request construction.
LkgHardwareAssetEnrichmentServiceTest,Keith Irwin,2026-06-15,Keith Irwin,2026-06-15,test,"Unit test for LkgHardwareAssetEnrichmentService covering null-guard paths, asset-not-found, hardware mismatch, missing Product2, no intersect match, and the success enrichment path.",Unit test for LkgHardwareAssetEnrichmentService.
LkgHardwareAutomateKeyParamBuilder,Keith Irwin,2026-06-15,Keith Irwin,2026-06-15,impl,"Implements ILkgHardwareKeyParamBuilder for the Automate silo, populating AutomateKeyData (hardwareId, modification, points) from AssetData attributes by building an AutomatePointsBuilderContext and computing license points via the points-builder factory.",Invoked by LkgHardwareKeyService.addKeyDataFromAsset via LkgHardwareKeyParamBuilderFactory when the resolved silo is 'automate'.
LkgHardwareAutomateKeyParamBuilderTest,Keith Irwin,2026-06-15,Keith Irwin,2026-06-15,test,"Unit test for LkgHardwareAutomateKeyParamBuilder covering null-guards, wrong KeyData type, HardwareId/modification mapping, points calculation for GTE11/LT11 tiers, null attributes, and bracketed/unbracketed action-string parsing.",Unit test for LkgHardwareAutomateKeyParamBuilder.
LkgHardwareKeyDataFactory,Keith Irwin,2026-06-15,Keith Irwin,2026-06-15,impl,Factory that instantiates the correct LkgRequestBuilderBase.KeyData subtype (currently only AutomateKeyData) based on the AssetData's productData.silo value.,Invoked by LKG hardware key/request-building code to obtain a silo-specific KeyData instance before populating it via LkgHardwareKeyService/param builders.
LkgHardwareKeyDataFactoryTest,Keith Irwin,2026-06-15,Keith Irwin,2026-06-15,test,"Unit test for LkgHardwareKeyDataFactory verifying it returns null for null/blank inputs and unknown silos, and returns AutomateKeyData for the 'automate' silo.",Unit test for LkgHardwareKeyDataFactory.
LkgHardwareKeyParamBuilderFactory,Keith Irwin,2026-06-15,Keith Irwin,2026-06-15,impl,"Factory returning the silo-specific ILkgHardwareKeyParamBuilder implementation (currently LkgHardwareAutomateKeyParamBuilder for 'automate', null otherwise) based on a silo string.",Invoked by LkgHardwareKeyService.addKeyDataFromAsset to resolve which param builder to apply for a given AssetData's silo.
LkgHardwareKeyParamBuilderFactoryTest,Keith Irwin,2026-06-15,Keith Irwin,2026-06-15,test,Unit test for LkgHardwareKeyParamBuilderFactory verifying null/blank/unknown silo returns null and 'automate' (case-insensitive) returns LkgHardwareAutomateKeyParamBuilder.,Unit test for LkgHardwareKeyParamBuilderFactory.
LkgHardwareKeyService,Keith Irwin,2026-06-15,Keith Irwin,2026-06-15,impl,"Orchestrates mapping of common AssetData fields (silo, subSilo, hardwareId, serialNumber, product code/names) onto a KeyData instance, then delegates to a silo-specific ILkgHardwareKeyParamBuilder for silo-specific field population, as part of LKG license-key request construction.",Invoked as a static entry point (addKeyDataFromAsset) by upstream LKG hardware key/license-file generation logic to fully populate a KeyData object from an enriched AssetData.
LkgHardwareKeyServiceTest,Keith Irwin,2026-06-15,Keith Irwin,2026-06-15,test,"Unit test for LkgHardwareKeyService verifying null-guards for assetData/productData/keyData and that common fields (Silo, ProductCode, etc.) are set correctly for both known ('automate') and unknown silos.",Unit test for LkgHardwareKeyService.
LkgHttpCalloutMock,Keith Irwin,2026-03-11,Ben Kozlowski,2026-05-22,impl,"Test HTTP callout mock for the LKG key-generation API, returning canned XML/JSON key responses keyed off the request body's silo prefix (sgavx, clearswift, default).","Used via Test.setMock(HttpCalloutMock.class, ...) inside @isTest methods that exercise LkgRequestController callouts to 'callout:keygen_api'."
LkgISeriesFileBuilder,Keith Irwin,2026-06-15,Keith Irwin,2026-06-15,impl,"Abstract base class that builds the content of an iSeries (IBM i) .HSL license key file, grouping License_Key__c records by hardware key and delegating per-row formatting to subclasses.","Extended by silo-specific builders (e.g. LkgRobotFileBuilder, LkgCcssFileBuilder) which are instantiated and invoked via buildFile() from LkgLicenseKeysFileService."
LkgISeriesFileBuilderTest,Keith Irwin,2026-06-15,Keith Irwin,2026-06-15,test,"Unit test for LkgISeriesFileBuilder, covering safe(), buildHardwareKey(), buildGroupHeader(), resolveLicenseType(), and resolveExpires() static helpers.",Unit test for LkgISeriesFileBuilder.
LkgKeyGenResponse,Keith Irwin,2026-03-11,Ben Kozlowski,2026-05-22,impl,"Simple @AuraEnabled DTO representing the outcome of a license key generation request (success flag, message, generated key, and License Key record Id), with static success()/error() factory helpers.",Returned from @AuraEnabled controller methods (e.g. LkgRequestController) to an LWC handling license key generation UI.
LkgKeyGenResponseTest,Keith Irwin,2026-03-11,Keith Irwin,2026-03-11,test,Unit test verifying LkgKeyGenResponse's default constructor and its success()/error() static factory methods.,Unit test for LkgKeyGenResponse.
LkgKeyGenResult,Keith Irwin,2026-03-11,Keith Irwin,2026-03-11,impl,"Immutable value object holding the outcome of a key-gen callout (license key, serial number, request params, response message) and an applyTo() method to copy those values onto a KeyData instance.","Constructed by key-generation request/response processing logic (e.g. LkgRequestController or a request builder) after parsing the keygen API response, then applied to a LkgRequestBuilderBase.KeyData object."
LkgLicenseKeysFileService,Keith Irwin,2026-06-15,Keith Irwin,2026-06-15,impl,"Orchestrates generation of Robot/CCSS iSeries license key files: validates input, fetches License_Key__c records, selects the correct file builder and email template by silo, attaches the generated .HSL file to the Account as a ContentVersion, and optionally emails it to contacts.",Invoked as a static service method (generateFile) from an LWC/Aura controller or Apex controller handling the 'Generate License Key File' UI action on an Account.
LkgLicenseKeysFileServiceTest,Keith Irwin,2026-06-15,Keith Irwin,2026-06-15,test,"Unit test for LkgLicenseKeysFileService covering validation failures (missing keys/account/contacts), silo mismatch, unsupported silo, and successful file generation with/without email for Robot and CCSS silos.",Unit test for LkgLicenseKeysFileService.
LkgMapperAccessAuth,Keith Irwin,2026-03-11,Keith Irwin,2026-04-03,impl,"Silo-specific mapper that maps a UI payload's AccessAuth product attributes (Hardware Id, Modification, Number of Users) onto an AccessAuthKeyData request object for license key generation.","Instantiated by LkgRequestController (or similar) when the product silo is 'accessauth', via mapPayloadToKeyData()."
LkgMapperAccessAuthTest,Keith Irwin,2026-03-11,Ben Kozlowski,2026-05-22,test,"Unit test verifying LkgMapperAccessAuth correctly maps HardwareId, Modification, Release, and NumberOfUsers from a UI payload into AccessAuthKeyData.",Unit test for LkgMapperAccessAuth.
LkgMapperAutomate,Ben Kozlowski,2026-05-22,Ben Kozlowski,2026-05-22,impl,"Silo-specific mapper that maps UI payload attributes (Hardware Id, Modification, Tier, Release, Actions T/M/N/P, Bots, Studios, WebSMCs) into an AutomateKeyData object, computing a points string via a pluggable ILkgAutomatePointsBuilder.","Instantiated by LkgRequestController when the product silo is 'automate', via mapPayloadToKeyData(); delegates points calculation to LkgAutomatePointsBuilderFactory."
LkgMapperAutomateTest,Ben Kozlowski,2026-05-22,Ben Kozlowski,2026-05-22,test,"Unit test verifying LkgMapperAutomate maps HardwareId, Modification, and computes the correct points string from action/tier/release attributes.",Unit test for LkgMapperAutomate.
LkgMapperBase,Andrew Loveless,2026-01-30,Keith Irwin,2026-06-15,impl,"Base mapper class defining the UiPayload/ProductData DTOs and shared field-mapping logic (account/contacts, dates, key type resolution via LKG_Key_Type__mdt) for translating a UI license-key-request payload into a KeyData object.","Extended by silo-specific mapper subclasses (LkgMapperAccessAuth, LkgMapperAutomate, LkgMapperClearswift, etc.); mapPayloadToKeyData() is called by LkgRequestController to process JSON payloads from the LWC UI."
LkgMapperBaseTest,Ben Kozlowski,2026-05-22,Ben Kozlowski,2026-05-22,test,"Unit test for LkgMapperBase covering base-field mapping (account, contacts, dates, key type, notes defaulting) and the safeParseInt() helper.",Unit test for LkgMapperBase.
LkgMapperClearswift,Keith Irwin,2026-03-11,Ben Kozlowski,2026-05-22,impl,"Silo-specific mapper that maps UI payload attributes (Hardware Id, Company Name, Instances, User Count) into a ClearswiftKeyData request object for license key generation.","Instantiated by LkgRequestController when the product silo is 'clearswift', via mapPayloadToKeyData()."
LkgMapperClearswiftTest,Keith Irwin,2026-03-11,Ben Kozlowski,2026-05-22,test,"Unit test verifying LkgMapperClearswift correctly maps HardwareId, AccountName, Instances, and NumberOfUsers from a UI payload into ClearswiftKeyData.",Unit test for LkgMapperClearswift.
LkgMapperDocM,Keith Irwin,2026-04-03,Keith Irwin,2026-04-03,impl,"Maps a UI license-key payload's DocM-silo attributes (Hardware Id, Release, Modification, Number of Users, Tier) into a DocMKeyData object for license key generation.",Instantiated by LkgMapperFactory.getUiMapper() when productData.silo == 'docm'; its mapPayloadToKeyData() (inherited from LkgMapperBase) is invoked by the license-key-generation UI/controller flow.
LkgMapperDocMTest,Keith Irwin,2026-04-03,Keith Irwin,2026-04-03,test,"Unit test verifying LkgMapperDocM correctly maps HardwareId, Release, Modification, NumberOfUsers, and Tier from a UI payload into DocMKeyData.",Run automatically by Salesforce test execution (no direct callers) to validate LkgMapperDocM.
LkgMapperFactory,Keith Irwin,2026-03-11,Keith Irwin,2026-06-15,impl,Routing factory that inspects a license-key-request payload's 'source' and product silo/subSilo and returns the appropriate ILkgMapper implementation (UI-based or hardware/Asset-based).,Instantiated directly (e.g. new LkgMapperFactory().getMapper(payload)) by the license-key-generation controller/service layer to obtain the correct silo-specific mapper before building a key-generation request.
LkgMapperFactoryMock,Keith Irwin,2026-03-11,Ben Kozlowski,2026-05-22,impl,"StubProvider that fakes LkgMapperFactory.getMapper() to always return a stubbed LkgMapperClearswift instance and tracks call count, for isolating tests of factory consumers.","Used with Test.createStub(LkgMapperFactory.class, new LkgMapperFactoryMock()) inside @isTest methods that need to bypass real mapper routing logic."
LkgMapperFactoryTest,Keith Irwin,2026-03-11,Ben Kozlowski,2026-05-22,test,"Unit test suite verifying LkgMapperFactory.getMapper() routes every supported silo/subSilo (Powertech family, Clearswift, AccessAuth, LegacyIbm, DocM, Halcyon IBM, Fortra, etc.) to its correct ILkgMapper subclass, and returns null for unknown/unsupported silos.",Run automatically by Salesforce test execution (no direct callers) to validate LkgMapperFactory routing.
LkgMapperFortra,Ben Kozlowski,2026-05-22,Ben Kozlowski,2026-05-22,impl,"Maps a UI license-key payload's Fortra-silo attributes (ProductCode, Hardware Id, Number of IPs) into a FortraKeyData object, computing a composite 'tiers' string (IP band + fixed WebApps/Containers/Capabilities/RNA/license-format defaults) used to generate Fortra product license keys.",Instantiated by LkgMapperFactory.getUiMapper() when productData.silo == 'fortra'; its mapPayloadToKeyData() is invoked by the license-key-generation UI/controller flow.
LkgMapperFortraTest,Ben Kozlowski,2026-05-22,Ben Kozlowski,2026-05-22,test,Unit test verifying LkgMapperFortra builds the correct KeyData and tiers string from Number_of_Ips (including the default-to-0 case when the attribute is missing).,Run automatically by Salesforce test execution (no direct callers) to validate LkgMapperFortra.
LkgMapperHalcyonIbm,Ben Kozlowski,2026-05-22,Ben Kozlowski,2026-05-22,impl,"Maps a UI license-key payload's Halcyon/IBM-silo attributes (feature code, model number, cores, performance group, LPAR serial/system name, individual monitors/products) into a HalcyonIbmKeyData object.",Instantiated by LkgMapperFactory.getUiMapper() when productData.silo == 'halcyon' and subSilo == 'ibm'; its mapPayloadToKeyData() is invoked by the license-key-generation UI/controller flow.
LkgMapperHalcyonIbmTest,Ben Kozlowski,2026-05-22,Ben Kozlowski,2026-05-22,test,"Unit test verifying LkgMapperHalcyonIbm correctly maps system name, model/serial number, feature code, cores, and performance group from a UI payload into HalcyonIbmKeyData.",Run automatically by Salesforce test execution (no direct callers) to validate LkgMapperHalcyonIbm.
LkgMapperHardwareBase,Keith Irwin,2026-06-15,Keith Irwin,2026-06-15,impl,"Base ILkgMapper implementation for hardware/Asset-driven license key requests: validates the payload, queries the Asset (and linked Hardware__c) record, enriches it via LkgHardwareAssetEnrichmentService, builds the silo-appropriate KeyData via LkgHardwareKeyDataFactory/LkgHardwareKeyService, and maps common base fields (account, contacts, dates, product/hardware identifiers).","Instantiated by LkgMapperFactory.getHardwareMapper() when the incoming payload's source == 'hardware'; mapPayloadToKeyData() is called from the license-key-generation flow for Asset-based key generation, raising HardwareMapperException/AuraHandledException on validation or enrichment failure (caught by an LWC/Aura caller)."
LkgMapperHardwareBaseTest,Keith Irwin,2026-06-15,Keith Irwin,2026-06-15,test,"Unit/integration test suite covering LkgMapperHardwareBase's validation guards (bad source, null/missing/mismatched Asset), enrichment-failure AuraHandledException path, and in-memory mapBaseFields field mapping including null-handling defaults.","Run automatically by Salesforce test execution (no direct callers) to validate LkgMapperHardwareBase, using a TestableHardwareMapper subclass to expose the protected mapBaseFields method."
LkgMapperIntermapper,Ben Kozlowski,2026-05-22,Ben Kozlowski,2026-05-22,impl,"Maps a UI license-key payload's Intermapper-silo attributes (Hardware Id, Modification) and product-level attributes (Devices, Flows, Remotes) into an IntermapperKeyData object.",Instantiated by LkgMapperFactory.getUiMapper() when productData.silo == 'intermapper'; its mapPayloadToKeyData() is invoked by the license-key-generation UI/controller flow.
LkgMapperIntermapperTest,Ben Kozlowski,2026-05-22,Ben Kozlowski,2026-05-22,test,"Unit test verifying LkgMapperIntermapper correctly maps HardwareId, Modification, ServerDevices, ServerFlows, and Remotes from a UI payload into IntermapperKeyData.",Run automatically by Salesforce test execution (no direct callers) to validate LkgMapperIntermapper.
LkgMapperLegacyIbm,Keith Irwin,2026-03-11,Ben Kozlowski,2026-05-22,impl,"Maps a UI license-key payload's Legacy IBM-silo attributes (serial number as HardwareId, processor group, usage limit, model number, feature code, support-key flag, Release/Modification) into a LegacyIbmKeyData object.",Instantiated by LkgMapperFactory.getUiMapper() when productData.silo == 'legacyibm'; its mapPayloadToKeyData() is invoked by the license-key-generation UI/controller flow.
LkgMapperLegacyIbmTest,Keith Irwin,2026-03-11,Ben Kozlowski,2026-05-22,test,"Unit test verifying LkgMapperLegacyIbm maps processor group, usage limit, model number, feature code, support flag, and product-code-driven Release/Modification (AS/MS/S1 variants) from a UI payload into LegacyIbmKeyData.",Run automatically by Salesforce test execution (no direct callers) to validate LkgMapperLegacyIbm.
LkgMapperMock,Keith Irwin,2026-03-11,Ben Kozlowski,2026-05-22,impl,"StubProvider that fakes an ILkgMapper's mapPayloadToKeyData() call, inspecting the payload's silo to return a canned SgavxKeyData or ClearswiftKeyData and tracking call count.","Used with Test.createStub(<MapperClass>.class, new LkgMapperMock()) inside @isTest methods (e.g. via LkgMapperFactoryMock) to isolate tests of code that calls a mapper's mapPayloadToKeyData without exercising real mapping logic."
LkgMapperPowertech,Keith Irwin,2026-03-11,Ben Kozlowski,2026-06-02,impl,"Maps a UI license-key-generation payload's attributes (LPAR, feature code, processor, serial number, version range, etc.) into a LkgRequestBuilderPowertech.PowertechKeyData instance for the Powertech IBM i product silo.",Instantiated by LkgMapperFactory (based on product silo) and invoked via inherited LkgMapperBase.mapPayloadToKeyData() to build license-key request key data for Powertech products.
LkgMapperPowertechTest,Keith Irwin,2026-03-11,Ben Kozlowski,2026-06-02,test,"Unit test for LkgMapperPowertech verifying that mapPayloadToKeyData correctly maps each Powertech-specific attribute (LPAR numbers, feature code, model, processors, users, version range, etc.) from a serialized UI payload.",Executed by the Apex test runner (@isTest) as part of CI/deployment validation for LkgMapperPowertech.
LkgMapperPtMulti,Ben Kozlowski,2026-05-22,Ben Kozlowski,2026-05-22,impl,"Maps a UI license-key-generation payload's silo attributes (modification, points/level) into a LkgRequestBuilderPtMulti.PtMultiKeyData instance for the PT Multi product silo.",Instantiated by LkgMapperFactory and invoked via inherited LkgMapperBase.mapPayloadToKeyData() to build license-key request key data for PT Multi products.
LkgMapperPtMultiTest,Ben Kozlowski,2026-05-22,Ben Kozlowski,2026-05-22,test,Unit test for LkgMapperPtMulti verifying that mapPayloadToKeyData correctly sets modification and points fields from a serialized UI payload.,Executed by the Apex test runner (@isTest) as part of CI/deployment validation for LkgMapperPtMulti.
LkgMapperRobot,Keith Irwin,2026-03-11,Ben Kozlowski,2026-06-02,impl,"Maps a UI license-key-generation payload's attributes (modification, serial number, model, feature code, LPAR range, processors, users, OS type fallback for Robot Monitor, version range) into a LkgRequestBuilderRobot.RobotKeyData instance for the Robot product silo.",Instantiated by LkgMapperFactory and invoked via inherited LkgMapperBase.mapPayloadToKeyData() to build license-key request key data for Robot products.
LkgMapperRobotTest,Keith Irwin,2026-03-11,Ben Kozlowski,2026-06-02,test,"Unit test for LkgMapperRobot verifying that mapPayloadToKeyData correctly maps each Robot-specific attribute (release, modification, LPAR, feature code, model, processors, users, serial number, version range) from a serialized UI payload.",Executed by the Apex test runner (@isTest) as part of CI/deployment validation for LkgMapperRobot.
LkgMapperRSF,Keith Irwin,2026-03-11,Keith Irwin,2026-04-03,impl,"Maps a UI license-key-generation payload's silo attributes (serial number, release, modification) into a LkgRequestBuilderRSF.RSFKeyData instance for the RSF product silo.",Instantiated by LkgMapperFactory and invoked via inherited LkgMapperBase.mapPayloadToKeyData() to build license-key request key data for RSF products.
LkgMapperRSFTest,Keith Irwin,2026-03-11,Keith Irwin,2026-04-03,test,"Unit test for LkgMapperRSF verifying that mapPayloadToKeyData correctly sets serial number, release, and modification fields from a serialized UI payload.",Executed by the Apex test runner (@isTest) as part of CI/deployment validation for LkgMapperRSF.
LkgMapperSequel,Keith Irwin,2026-04-03,Ben Kozlowski,2026-05-22,impl,"Maps a UI license-key-generation payload's attributes (release, modification, serial number, model, feature code, LPAR range, processors, users, version range) into a LkgRequestBuilderSequel.SequelKeyData instance for the Sequel product silo.",Instantiated by LkgMapperFactory and invoked via inherited LkgMapperBase.mapPayloadToKeyData() to build license-key request key data for Sequel products.
LkgMapperSequelQueryBuilder,Keith Irwin,2026-04-03,Keith Irwin,2026-04-03,impl,"Maps a UI license-key-generation payload's attributes (release, modification, connector/designer counts, hardware ID, data-decorations flag) into a LkgRequestBuilderSequelQueryBuilder.SequelQueryBuilderKeyData instance for the Sequel Query Builder product silo.",Instantiated by LkgMapperFactory and invoked via inherited LkgMapperBase.mapPayloadToKeyData() to build license-key request key data for Sequel Query Builder products.
LkgMapperSequelQueryBuilderTest,Keith Irwin,2026-04-03,Keith Irwin,2026-04-03,test,Unit test for LkgMapperSequelQueryBuilder verifying that mapPayloadToKeyData correctly maps all Sequel Query Builder-specific fields from a serialized UI payload.,Executed by the Apex test runner (@isTest) as part of CI/deployment validation for LkgMapperSequelQueryBuilder.
LkgMapperSequelTest,Keith Irwin,2026-04-03,Ben Kozlowski,2026-05-22,test,"Unit test for LkgMapperSequel verifying that mapPayloadToKeyData correctly maps release, modification, serial number, and other Sequel-specific fields from a serialized UI payload.",Executed by the Apex test runner (@isTest) as part of CI/deployment validation for LkgMapperSequel.
LkgMapperSequelWeb,Keith Irwin,2026-04-03,Keith Irwin,2026-04-03,impl,"Maps a UI license-key-generation payload's attributes (release, modification, number of viewers/designers, hardware ID) into a LkgRequestBuilderSequelWeb.SequelWebKeyData instance for the Sequel Web product silo.",Instantiated by LkgMapperFactory and invoked via inherited LkgMapperBase.mapPayloadToKeyData() to build license-key request key data for Sequel Web products.
LkgMapperSequelWebTest,Keith Irwin,2026-04-03,Keith Irwin,2026-04-03,test,"Unit test for LkgMapperSequelWeb verifying that mapPayloadToKeyData correctly maps release, modification, viewer/designer counts, and hardware ID from a serialized UI payload.",Executed by the Apex test runner (@isTest) as part of CI/deployment validation for LkgMapperSequelWeb.
LkgMapperSgavx,Keith Irwin,2026-03-11,Ben Kozlowski,2026-05-22,impl,"Maps a UI license-key-generation payload's attributes (user count, MAC-address hardware ID, modification, LPAR serial number) plus a SOQL-queried Account number into a LkgRequestBuilderSgavx.SgavxKeyData instance for the SGAVX product silo, flagging that a license key file should be created.",Instantiated by LkgMapperFactory and invoked via inherited LkgMapperBase.mapPayloadToKeyData() to build license-key request key data for SGAVX products.
LkgMapperSgavxTest,Keith Irwin,2026-03-11,Ben Kozlowski,2026-05-22,test,"Unit test for LkgMapperSgavx verifying that mapPayloadToKeyData correctly maps user count, hardware ID, modification, release, and the createLicenseKeyFile flag from a serialized UI payload.",Executed by the Apex test runner (@isTest) as part of CI/deployment validation for LkgMapperSgavx.
LkgMapperTQSurveyor,Ben Kozlowski,2026-05-22,Ben Kozlowski,2026-05-22,impl,"Maps a UI payload's silo/product attributes (company name, server model number, number of licenses) into TQSurveyor-specific KeyData for the LKG (Look-up Key Generator) license key pipeline.",Instantiated by LkgMapperFactory for the 'tqjava'/TQSurveyor silo and invoked via mapPayloadToKeyData() as part of LkgProcessor's license key generation flow.
LkgMapperTQSurveyorTest,Ben Kozlowski,2026-05-22,Ben Kozlowski,2026-05-22,test,"Unit test for LkgMapperTQSurveyor, verifying it correctly maps UI payload attributes to TQSurveyorKeyData fields.",Run automatically by the Apex test framework; not invoked by application code.
LkgMapperVityl,Ben Kozlowski,2026-05-22,Ben Kozlowski,2026-05-22,impl,"Maps a UI payload's silo/product attributes (hardware id, modification, release, tier, count, flag) into Vityl-specific KeyData for the LKG license key pipeline.",Instantiated by LkgMapperFactory for the 'vityl' silo and invoked via mapPayloadToKeyData() as part of LkgProcessor's license key generation flow.
LkgMapperVitylTest,Ben Kozlowski,2026-05-22,Ben Kozlowski,2026-05-22,test,"Unit test for LkgMapperVityl, verifying it correctly maps UI payload attributes to VitylKeyData fields.",Run automatically by the Apex test framework; not invoked by application code.
LkgNullReturnStub,Keith Irwin,2026-06-15,Keith Irwin,2026-06-15,impl,"Minimal StubProvider implementation that returns null for every method call, used to simulate factories/collaborators returning no result.",Used only in test classes (e.g. LkgProcessorHardwareKeysTest) via Test.createStub() to force null-guard code paths.
LkgProcessor,Keith Irwin,2026-03-11,Ben Kozlowski,2026-05-22,impl,Orchestrates the end-to-end license key generation pipeline (mapper -> request builder -> keygen request controller -> record creator) to build and insert a License_Key__c record (and optional attachment/email) from a UI payload.,"Instantiated and invoked (Execute/execute) from the @AuraEnabled method in LkgUiController, i.e. the LWC license-key-generation UI."
LkgProcessorHardwareKeys,Keith Irwin,2026-06-15,Keith Irwin,2026-06-15,impl,"Orchestrates hardware/asset-based license key generation, either for a single asset (executeForAsset) or in bulk across multiple Hardware__c/Asset records (executeForHardwareRecords), producing per-asset License_Key__c results.","Instantiated and invoked from the @AuraEnabled method in LkgUiHardwareController, i.e. the LWC hardware/bulk license-key-generation UI."
LkgProcessorHardwareKeysTest,Keith Irwin,2026-06-15,Keith Irwin,2026-06-15,test,"Unit test for LkgProcessorHardwareKeys, covering null-dependency guards and success/failure paths for executeForAsset and executeForHardwareRecords.",Run automatically by the Apex test framework; not invoked by application code.
LkgProcessorTest,Keith Irwin,2026-03-11,Ben Kozlowski,2026-05-22,test,"Unit test for LkgProcessor, verifying each collaborator (mapper, request builder, request controller, record creator) is invoked correctly and that license key/attachment/email side effects behave as expected.",Run automatically by the Apex test framework; not invoked by application code.
LkgProductContextService,Keith Irwin,2026-06-15,Keith Irwin,2026-06-15,impl,"Resolves LKG_Product__mdt/LKG_Silo__mdt custom metadata for a given product key or metadata Id into a populated ProductData object (silo, product code, names, default hidden-field attributes) used to seed the license key UI.","Called as a static utility (getProductData/getProductDataById) from other Apex such as LkgHardwareAssetEnrichmentService and, indirectly, LWC-facing controllers that hydrate license key UI context."
LkgProductContextServiceTest,Keith Irwin,2026-06-15,Keith Irwin,2026-06-15,test,"Unit test for LkgProductContextService, covering blank/unknown key and Id lookups plus successful metadata resolution.",Run automatically by the Apex test framework; not invoked by application code.
LkgRecordCreatorAccessAuth,Keith Irwin,2026-03-11,Ben Kozlowski,2026-05-22,impl,"Extends LkgRecordCreatorBase to map AccessAuth silo-specific KeyData fields (modification, number of users) onto the License_Key__c record.",Instantiated by LkgRecordCreatorFactory for the AccessAuth silo and invoked via createLicenseKeyRecord() inside LkgProcessor's/LkgProcessorHardwareKeys' generation flow.
LkgRecordCreatorAccessAuthTest,Keith Irwin,2026-03-11,Ben Kozlowski,2026-05-22,test,"Unit test for LkgRecordCreatorAccessAuth, verifying Modification__c and Number_of_Users__c are set correctly on the created License_Key__c.",Run automatically by the Apex test framework; not invoked by application code.
LkgRecordCreatorAutomate,Ben Kozlowski,2026-05-22,Ben Kozlowski,2026-05-22,impl,"Extends LkgRecordCreatorBase to map Automate silo-specific KeyData fields (modification, points) onto the License_Key__c record.",Instantiated by LkgRecordCreatorFactory for the Automate silo and invoked via createLicenseKeyRecord() inside LkgProcessor's/LkgProcessorHardwareKeys' generation flow.
LkgRecordCreatorAutomateTest,Ben Kozlowski,2026-05-22,Ben Kozlowski,2026-05-22,test,"Unit test for LkgRecordCreatorAutomate, verifying Modification__c and Points__c are set correctly on the created License_Key__c.",Run automatically by the Apex test framework; not invoked by application code.
LkgRecordCreatorBase,Keith Irwin,2026-03-11,Ben Kozlowski,2026-06-02,impl,"Virtual base class implementing ILkgRecordCreator that maps common KeyData fields (account, brand, key type, dates, product names, hardware id, etc.) onto a License_Key__c record and handles record insertion.","Extended by silo-specific record creators (e.g. LkgRecordCreatorAccessAuth, LkgRecordCreatorAutomate) which are selected by LkgRecordCreatorFactory and invoked from LkgProcessor/LkgProcessorHardwareKeys."
LkgRecordCreatorBaseTest,Keith Irwin,2026-04-03,Ben Kozlowski,2026-06-02,test,"Unit test for LkgRecordCreatorBase covering base field mapping, key-type mapping, request-parameter formatting, and Attachment/License_Key__c insertion.",Executed by the Apex test runner (@isTest) as part of CI/deployment validation for LkgRecordCreatorBase.
LkgRecordCreatorClearswift,Keith Irwin,2026-03-11,Ben Kozlowski,2026-05-22,impl,"Silo-specific License Key Generator record creator that maps Clearswift key data (Instances, Number of Users) onto a License_Key__c record.",Instantiated by LkgRecordCreatorFactory when silo == 'clearswift'; createLicenseKeyRecord() invoked from the LKG integration flow (e.g. REST/Apex handler processing license key requests).
LkgRecordCreatorClearswiftTest,Keith Irwin,2026-03-11,Ben Kozlowski,2026-05-22,test,Unit test for LkgRecordCreatorClearswift verifying Instances__c and Number_of_Users__c are mapped correctly.,Executed by the Apex test runner (@isTest).
LkgRecordCreatorDocM,Keith Irwin,2026-04-03,Keith Irwin,2026-04-03,impl,"Silo-specific License Key Generator record creator that maps DocM key data (Tier/Points, Hardware Id, Number of Users, Modification) onto a License_Key__c record.",Instantiated by LkgRecordCreatorFactory when silo == 'docm'; createLicenseKeyRecord() invoked from the LKG integration flow processing license key requests.
LkgRecordCreatorDocMTest,Keith Irwin,2026-04-03,Keith Irwin,2026-04-03,test,"Unit test for LkgRecordCreatorDocM verifying Points__c, Hardware_Id__c, Number_Of_Users__c, and Modification__c are mapped correctly.",Executed by the Apex test runner (@isTest).
LkgRecordCreatorFactory,Keith Irwin,2026-03-11,Ben Kozlowski,2026-05-22,impl,"Factory that returns the appropriate ILkgRecordCreator implementation for a given product silo/sub-silo (Clearswift, Powertech family, AccessAuth, Halcyon, Fortra, etc.) in the License Key Generator subsystem.",Invoked by upstream LKG request-handling Apex (e.g. the class that builds a License_Key__c from an inbound license key request) to obtain a silo-specific record creator.
LkgRecordCreatorFactoryMock,Keith Irwin,2026-03-11,Ben Kozlowski,2026-05-22,impl,Test stub provider that returns stubbed silo-specific record creators (via Test.createStub/LkgRecordCreatorMock) to isolate factory consumers during unit testing.,"Passed to Test.createStub(LkgRecordCreatorFactory.class, new LkgRecordCreatorFactoryMock()) in test classes that need to mock the factory's getRecordCreator behavior."
LkgRecordCreatorFactoryTest,Keith Irwin,2026-03-11,Ben Kozlowski,2026-05-22,test,Unit test for LkgRecordCreatorFactory verifying each silo/sub-silo key maps to the correct concrete ILkgRecordCreator implementation (or null for unknown silos).,Executed by the Apex test runner (@isTest).
LkgRecordCreatorFortra,Ben Kozlowski,2026-05-22,Ben Kozlowski,2026-05-22,impl,Silo-specific License Key Generator record creator that maps Fortra key data (tiers) onto the License_Key__c Points__c field.,Instantiated by LkgRecordCreatorFactory when silo == 'fortra'; createLicenseKeyRecord() invoked from the LKG integration flow processing license key requests.
LkgRecordCreatorFortraTest,Ben Kozlowski,2026-05-22,Ben Kozlowski,2026-05-22,test,Unit test for LkgRecordCreatorFortra verifying the tiers field maps correctly to Points__c.,Executed by the Apex test runner (@isTest).
LkgRecordCreatorHalcyonIbm,Ben Kozlowski,2026-05-22,Ben Kozlowski,2026-05-22,impl,"Silo-specific License Key Generator record creator that maps Halcyon-IBM LPAR key data (model number, serial number, feature code, LPAR number, system name) onto a License_Key__c record.",Instantiated by LkgRecordCreatorFactory when silo == 'halcyon' and subSilo == 'ibm'; createLicenseKeyRecord() invoked from the LKG integration flow processing license key requests.
LkgRecordCreatorHalcyonIbmTest,Ben Kozlowski,2026-05-22,Ben Kozlowski,2026-05-22,test,"Unit test for LkgRecordCreatorHalcyonIbm verifying LPAR model number, serial number, feature code, and LPAR number are mapped correctly.",Executed by the Apex test runner (@isTest).
LkgRecordCreatorIntermapper,Ben Kozlowski,2026-05-22,Ben Kozlowski,2026-05-22,impl,Silo-specific License Key Generator record creator that maps Intermapper key data (modification) onto a License_Key__c record.,Instantiated by LkgRecordCreatorFactory when silo == 'intermapper'; createLicenseKeyRecord() invoked from the LKG integration flow processing license key requests.
LkgRecordCreatorIntermapperTest,Ben Kozlowski,2026-05-22,Ben Kozlowski,2026-05-22,test,Unit test for LkgRecordCreatorIntermapper verifying the Modification__c field is mapped correctly.,Executed by the Apex test runner (@isTest).
LkgRecordCreatorLegacyIbm,Keith Irwin,2026-03-11,Ben Kozlowski,2026-05-22,impl,"Silo-specific License Key Generator record creator that maps Legacy-IBM key data (modification, usage limit, feature code, model) onto a License_Key__c record.",Instantiated by LkgRecordCreatorFactory when silo == 'legacyibm'; createLicenseKeyRecord() invoked from the LKG integration flow processing license key requests.
LkgRecordCreatorLegacyIbmTest,Keith Irwin,2026-03-11,Ben Kozlowski,2026-05-22,test,"Unit test for LkgRecordCreatorLegacyIbm verifying usage limit, feature code, model, and modification fields map correctly.",Executed by the Apex test runner (@isTest).
LkgRecordCreatorMock,Keith Irwin,2026-03-11,Keith Irwin,2026-04-03,impl,"Test stub (System.StubProvider) that mocks License Key creation/insert/attachment calls for the license-key-generator (Lkg) subsystem, including a toggle for the Send_Email__c flag.",Instantiated via Test.createStub in Lkg unit tests to stub out license key DML/attachment side effects without hitting the database.
LkgRecordCreatorPowertech,Keith Irwin,2026-03-11,Ben Kozlowski,2026-05-22,impl,"Maps Powertech-silo key data (IASP group, LPAR numbers, feature code, model number, processors, users) onto a License_Key__c record.",Extends LkgRecordCreatorBase; instantiated by LkgRecordCreatorFactory when the license-key-generator processes a Powertech product request.
LkgRecordCreatorPowertechTest,Keith Irwin,2026-03-11,Ben Kozlowski,2026-05-22,test,Unit test verifying LkgRecordCreatorPowertech correctly maps each Powertech key data field onto the created License_Key__c.,"Unit test for LkgRecordCreatorPowertech, run via Apex test execution."
LkgRecordCreatorPtMulti,Ben Kozlowski,2026-05-22,Ben Kozlowski,2026-05-22,impl,"Maps PT Multi-silo key data (modification, points) onto a License_Key__c record.",Extends LkgRecordCreatorBase; instantiated by LkgRecordCreatorFactory when processing a PT Multi product license key request.
LkgRecordCreatorPtMultiTest,Ben Kozlowski,2026-05-22,Ben Kozlowski,2026-05-22,test,Unit test verifying LkgRecordCreatorPtMulti correctly maps modification and points fields onto the created License_Key__c.,"Unit test for LkgRecordCreatorPtMulti, run via Apex test execution."
LkgRecordCreatorRobot,Keith Irwin,2026-03-11,Ben Kozlowski,2026-05-22,impl,"Maps Robot-silo key data (IASP group, LPAR numbers/name, feature code, model number, processors, users, release, modification) onto a License_Key__c record.",Extends LkgRecordCreatorBase; instantiated by LkgRecordCreatorFactory when processing a Robot product license key request.
LkgRecordCreatorRobotTest,Keith Irwin,2026-03-11,Ben Kozlowski,2026-05-22,test,Unit test verifying LkgRecordCreatorRobot correctly maps each Robot key data field onto the created License_Key__c.,"Unit test for LkgRecordCreatorRobot, run via Apex test execution."
LkgRecordCreatorRSF,Keith Irwin,2026-03-11,Keith Irwin,2026-04-03,impl,"Maps RSF-silo key data (LPAR serial number, release, modification) onto a License_Key__c record.",Extends LkgRecordCreatorBase; instantiated by LkgRecordCreatorFactory when processing an RSF product license key request.
LkgRecordCreatorRSFTest,Keith Irwin,2026-03-11,Keith Irwin,2026-04-03,test,Unit test verifying LkgRecordCreatorRSF correctly maps the LPAR serial number field onto the created License_Key__c.,"Unit test for LkgRecordCreatorRSF, run via Apex test execution."
LkgRecordCreatorSequel,Keith Irwin,2026-04-03,Ben Kozlowski,2026-05-22,impl,"Maps Sequel-silo key data (IASP group, LPAR numbers/name, feature code, model number, processors, release, modification) onto a License_Key__c record.",Extends LkgRecordCreatorBase; instantiated by LkgRecordCreatorFactory when processing a Sequel product license key request.
LkgRecordCreatorSequelQueryBuilder,Keith Irwin,2026-04-03,Keith Irwin,2026-04-03,impl,"Maps Sequel Query Builder-silo key data (release, modification) onto a License_Key__c record.",Extends LkgRecordCreatorBase; instantiated by LkgRecordCreatorFactory when processing a Sequel Query Builder product license key request.
LkgRecordCreatorSequelQueryBuilderTest,Keith Irwin,2026-04-03,Keith Irwin,2026-04-03,test,Unit test verifying LkgRecordCreatorSequelQueryBuilder correctly maps release and modification fields onto the created License_Key__c.,"Unit test for LkgRecordCreatorSequelQueryBuilder, run via Apex test execution."
LkgRecordCreatorSequelTest,Keith Irwin,2026-04-03,Ben Kozlowski,2026-05-22,test,Unit test verifying LkgRecordCreatorSequel correctly maps each Sequel key data field onto the created License_Key__c.,"Unit test for LkgRecordCreatorSequel, run via Apex test execution."
LkgRecordCreatorSequelWeb,Keith Irwin,2026-04-03,Keith Irwin,2026-04-03,impl,"Maps Sequel Web-silo key data (release, modification) onto a License_Key__c record.",Extends LkgRecordCreatorBase; instantiated by LkgRecordCreatorFactory when processing a Sequel Web product license key request.
LkgRecordCreatorSequelWebTest,Keith Irwin,2026-04-03,Keith Irwin,2026-04-03,test,Unit test verifying LkgRecordCreatorSequelWeb correctly maps release and modification fields onto the created License_Key__c.,"Unit test for LkgRecordCreatorSequelWeb, run via Apex test execution."
LkgRecordCreatorSgavx,Keith Irwin,2026-03-11,Ben Kozlowski,2026-05-22,impl,"Maps Sgavx-silo key data (hardware ID, modification, number of users, LPAR serial number) onto a License_Key__c record and builds a custom text Attachment from the parsed license key response output lines.","Extends LkgRecordCreatorBase, overriding createAttachment; instantiated by LkgRecordCreatorFactory when processing an Sgavx product license key request."
LkgRecordCreatorSgavxTest,Keith Irwin,2026-03-11,Ben Kozlowski,2026-05-22,test,"Unit test for LkgRecordCreatorSgavx, covering License_Key__c field mapping and attachment (.SGA file) generation from response output lines.","Test class; run by Apex test execution, exercises LkgRecordCreatorSgavx.createLicenseKeyRecord and createAttachment methods."
LkgRecordCreatorTQSurveyor,Ben Kozlowski,2026-05-22,Ben Kozlowski,2026-05-22,impl,Silo-specific license key record creator for the TQ Surveyor (tqjava) product silo within the License Key Generator (LKG) module; currently maps no extra silo-specific fields onto License_Key__c.,Instantiated by LkgRecordCreatorFactory when silo='tqjava'; invoked from LkgUiController/LkgUiHardwareController to build a License_Key__c record via the inherited LkgRecordCreatorBase.createLicenseKeyRecord.
LkgRecordCreatorTQSurveyorTest,Ben Kozlowski,2026-05-22,Ben Kozlowski,2026-05-22,test,"Unit test for LkgRecordCreatorTQSurveyor verifying base License_Key__c fields (Silo, Product Code, License Key, Serial Number, Key Type) are populated correctly.","Test class; run by Apex test execution, exercises LkgRecordCreatorTQSurveyor.createLicenseKeyRecord."
LkgRecordCreatorVityl,Ben Kozlowski,2026-05-22,Ben Kozlowski,2026-05-22,impl,"Silo-specific license key record creator for the Vityl product silo; maps Hardware Id, Modification, and Release fields onto the License_Key__c record.",Instantiated by LkgRecordCreatorFactory when silo='vityl'; invoked from LkgUiController/LkgUiHardwareController to build a License_Key__c record via the inherited LkgRecordCreatorBase.createLicenseKeyRecord.
LkgRecordCreatorVitylTest,Ben Kozlowski,2026-05-22,Ben Kozlowski,2026-05-22,test,"Unit test for LkgRecordCreatorVityl verifying Hardware Id, Modification, and Release fields are mapped correctly onto License_Key__c.","Test class; run by Apex test execution, exercises LkgRecordCreatorVityl.createLicenseKeyRecord."
LkgRequestBuilderAccessAuth,Keith Irwin,2026-03-11,Ben Kozlowski,2026-06-02,impl,"Builds the silo-specific dynamic parameter set (version, hardware id, tier code, license key type, expiration date) for AccessAuth and SecurityScan license key generation requests.",Instantiated by LkgRequestBuilderFactory when silo='accessauth' or 'securityscan'; its buildRequest/GetDynamicParameters is invoked from LkgProcessor to assemble the LicenseKeyRequest sent to the external LKG service.
LkgRequestBuilderAccessAuthTest,Keith Irwin,2026-03-11,Ben Kozlowski,2026-06-02,test,"Unit test for LkgRequestBuilderAccessAuth covering version formatting, tier code computation (including securityscan and high-user-count cases), key type mapping, and expiration date formatting.","Test class; run by Apex test execution, exercises LkgRequestBuilderAccessAuth.buildRequest."
LkgRequestBuilderAutomate,Ben Kozlowski,2026-05-22,Ben Kozlowski,2026-06-02,impl,"Builds the silo-specific dynamic parameter set (product code, version, hardware id, points, license key type, expiration date) for Automate license key generation requests.",Instantiated by LkgRequestBuilderFactory when silo='automate'; its buildRequest/GetDynamicParameters is invoked from LkgProcessor to assemble the LicenseKeyRequest sent to the external LKG service.
LkgRequestBuilderAutomateTest,Ben Kozlowski,2026-05-22,Ben Kozlowski,2026-06-02,test,"Unit test for LkgRequestBuilderAutomate covering version formatting, hardware id/points passthrough, key type mapping, and expiration date formatting.","Test class; run by Apex test execution, exercises LkgRequestBuilderAutomate.buildRequest."
LkgRequestBuilderBase,Keith Irwin,2026-03-11,Ben Kozlowski,2026-06-02,impl,"Abstract/virtual base implementation of ILkgRequestBuilder for the License Key Generator; defines the shared KeyData input wrapper and common helper methods (date formatting, null-safe string/integer conversion, binary string conversion) used by all silo-specific request builders.","Extended by every silo-specific LkgRequestBuilder* class (e.g., LkgRequestBuilderAccessAuth, LkgRequestBuilderAutomate, LkgRequestBuilderClearswift, LkgRequestBuilderDocM); buildRequest() is called from LkgProcessor after LkgRequestBuilderFactory resolves the concrete subclass."
LkgRequestBuilderBaseTest,Keith Irwin,2026-03-11,Ben Kozlowski,2026-05-22,test,"Unit test for LkgRequestBuilderBase covering base buildRequest field mapping (silo, product code, product identifier/internal/external names, subSilo) and protected helper utilities (expiration date formatting, string/integer defaulting, binary string conversion) via a test subclass exposing the protected methods.","Test class; run by Apex test execution, exercises LkgRequestBuilderBase.buildRequest and its protected helpers."
LkgRequestBuilderClearswift,Keith Irwin,2026-03-11,Ben Kozlowski,2026-06-02,impl,"Builds the silo-specific dynamic parameter set (company name, expiration type/date, product code, language/version index, server/user count, elements) for Clearswift license key generation requests.",Instantiated by LkgRequestBuilderFactory when silo='clearswift'; its buildRequest/GetDynamicParameters is invoked from LkgProcessor to assemble the LicenseKeyRequest sent to the external LKG service.
LkgRequestBuilderClearswiftTest,Keith Irwin,2026-03-11,Ben Kozlowski,2026-06-02,test,"Unit test for LkgRequestBuilderClearswift covering expiration type/date logic by key type, and version index/elements variation by product code.","Test class; run by Apex test execution, exercises LkgRequestBuilderClearswift.buildRequest."
LkgRequestBuilderDocM,Keith Irwin,2026-03-11,Ben Kozlowski,2026-05-22,impl,"Builds the silo-specific dynamic parameter set (product code, version, hardware, tier/points, key type, expiration date) for DocM license key generation requests.",Instantiated by LkgRequestBuilderFactory when silo='docm'; its buildRequest/GetDynamicParameters is invoked from LkgProcessor to assemble the LicenseKeyRequest sent to the external LKG service.
LkgRequestBuilderDocMTest,Keith Irwin,2026-03-11,Keith Irwin,2026-04-03,test,"Unit test for LkgRequestBuilderDocM covering version formatting with/without modification, tier/points code resolution (explicit tier vs user-count-derived vs default), key type mapping, and expiration date formatting.","Test class; run by Apex test execution, exercises LkgRequestBuilderDocM.buildRequest."
LkgRequestBuilderFactory,Keith Irwin,2026-03-11,Ben Kozlowski,2026-05-22,impl,"Factory that resolves the correct ILkgRequestBuilder implementation for a given license-key silo name (and optional sub-silo), covering all supported Fortra product silos (clearswift, powertech family, accessauth/securityscan, docm, sequel family, halcyon, vityl, automate, fortra, etc.).",Instantiated and called (getRequestBuilder) by LkgProcessor/LkgProcessorHardwareKeys/LkgUiController/LkgUiHardwareController to obtain the appropriate request builder before generating a license key request.
LkgRequestBuilderFactoryMock,Keith Irwin,2026-03-11,Ben Kozlowski,2026-05-22,impl,"Test stub provider that mocks LkgRequestBuilderFactory.getRequestBuilder to return canned request-builder stubs (Clearswift, PowerTech, Sgavx) by silo name for unit testing.",Instantiated via Test.createStub in LKG (License Key Generation) unit tests to substitute the real factory during isolated testing.
LkgRequestBuilderFactoryTest,Keith Irwin,2026-03-11,Ben Kozlowski,2026-05-22,test,Unit test class verifying LkgRequestBuilderFactory.getRequestBuilder returns the correct concrete ILkgRequestBuilder implementation for each product silo/sub-silo name.,Run automatically by the Salesforce test runner (@isTest); not called by production code.
LkgRequestBuilderFortra,Ben Kozlowski,2026-05-22,Ben Kozlowski,2026-05-22,impl,"Builds the dynamic license-key request parameters (product code, version, hardware id, tiers, key type, expiration date) for the 'fortra' product silo.",Instantiated by LkgRequestBuilderFactory.getRequestBuilder('fortra') and invoked via its buildRequest/GetDynamicParameters method from LkgProcessor during license key generation.
LkgRequestBuilderFortraTest,Ben Kozlowski,2026-05-22,Ben Kozlowski,2026-05-22,test,"Unit test verifying LkgRequestBuilderFortra correctly maps Fortra key data (silo, product code, version, hardware id, tiers, license key type, expiration date) into the license key request.",Unit test for LkgRequestBuilderFortra; run automatically by the Salesforce test runner (@isTest).
LkgRequestBuilderHalcyonIbm,Keith Irwin,2026-03-11,Ben Kozlowski,2026-05-22,impl,"Builds the dynamic license-key request parameters (sub-silo, bitmask product code from individual products/monitors, API key type, expiration date, LPAR system/serial/model, feature code, performance group, cores) for the Halcyon IBM product sub-silo.","Instantiated by LkgRequestBuilderFactory.getRequestBuilder('halcyon','ibm') and invoked via buildRequest/GetDynamicParameters from LkgProcessor during license key generation."
LkgRequestBuilderHalcyonIbmTest,Keith Irwin,2026-03-11,Ben Kozlowski,2026-05-22,test,"Unit test verifying LkgRequestBuilderHalcyonIbm correctly derives sub-silo, merged product bitmask code, API key type per key type, expiration date defaults, and LPAR/model/feature fields.",Unit test for LkgRequestBuilderHalcyonIbm; run automatically by the Salesforce test runner (@isTest).
LkgRequestBuilderIntermapper,Ben Kozlowski,2026-05-22,Ben Kozlowski,2026-06-02,impl,"Builds the dynamic license-key request parameters (product code, release.modification version, hardware id, device/flow/remote tier key, license key type, expiration date, flags) for the 'intermapper' product silo.",Instantiated by LkgRequestBuilderFactory.getRequestBuilder('intermapper') and invoked via buildRequest/GetDynamicParameters from LkgProcessor during license key generation.
LkgRequestBuilderIntermapperTest,Ben Kozlowski,2026-05-22,Ben Kozlowski,2026-06-02,test,"Unit test verifying LkgRequestBuilderIntermapper correctly builds silo, product code, version, hardware id, tier key (devices/flows/remotes), key type mapping, expiration date, and flags.",Unit test for LkgRequestBuilderIntermapper; run automatically by the Salesforce test runner (@isTest).
LkgRequestBuilderLegacyIbm,Keith Irwin,2026-03-11,Ben Kozlowski,2026-05-22,impl,"Builds the dynamic license-key request parameters (product code, compact release/modification version, expiration date, hardware id, processor group default, usage limit, model, feature code, support key flag) for the 'legacyibm' product silo.",Instantiated by LkgRequestBuilderFactory.getRequestBuilder('legacyibm') and invoked via buildRequest/GetDynamicParameters from LkgProcessor during license key generation.
LkgRequestBuilderLegacyIbmTest,Keith Irwin,2026-03-11,Ben Kozlowski,2026-05-22,test,"Unit test verifying LkgRequestBuilderLegacyIbm correctly derives version formatting, processor group defaulting, usage limit, model, feature code, blank placeholder, and support key text.",Unit test for LkgRequestBuilderLegacyIbm; run automatically by the Salesforce test runner (@isTest).
LkgRequestBuilderMock,Keith Irwin,2026-03-11,Ben Kozlowski,2026-05-22,impl,"Test stub provider that mocks an ILkgRequestBuilder's buildRequest method, returning a canned LicenseKeyRequest (hardcoded Clearswift parameters) based on the silo in the supplied KeyData.",Instantiated via Test.createStub in LKG unit tests to substitute a real request builder during isolated testing of dependent code (e.g. LkgProcessor).
LkgRequestBuilderPowerTech,Keith Irwin,2026-03-11,Ben Kozlowski,2026-06-02,impl,"Builds the dynamic license-key request parameters (product code, RxMy version, license key type incl. term-to-perm conversion via LkgTermPermRangeChecker, expiration date, LPAR serial/model/feature/number, user count, processor count/type, iASP group) for the PowerTech family of silos (powertech/safestone/policyminder/sgav/bytware/ccss).",Instantiated by LkgRequestBuilderFactory.getRequestBuilder for PowerTech-family silo names and invoked via buildRequest/GetDynamicParameters from LkgProcessor during license key generation.
LkgRequestBuilderPowerTechTest,Keith Irwin,2026-03-11,Ben Kozlowski,2026-06-02,test,"Unit test verifying LkgRequestBuilderPowerTech's version formatting, key-type mapping (including term/perm range conversion via LkgTermPermRangeChecker), expiration date, serial number, model, feature code, LPAR numbers, user count, processor count/type, and iASP group.",Unit test for LkgRequestBuilderPowerTech; run automatically by the Salesforce test runner (@isTest).
LkgRequestBuilderPtMulti,Keith Irwin,2026-03-11,Ben Kozlowski,2026-05-22,impl,"Builds the dynamic license-key request parameters (product code, release.modification version, hardware identifier, points/tier string, license key type, expiration date, API placeholder flag) for the 'ptmulti' product silo.",Instantiated by LkgRequestBuilderFactory.getRequestBuilder('ptmulti') and invoked via buildRequest/GetDynamicParameters from LkgProcessor during license key generation.
LkgRequestBuilderPtMultiTest,Keith Irwin,2026-03-11,Ben Kozlowski,2026-05-22,test,"Unit test verifying LkgRequestBuilderPtMulti's version formatting, hardware identifier, points string (with S1 prefix logic for non-PEM/VBM products), key type mapping, and expiration date.",Unit test for LkgRequestBuilderPtMulti; run automatically by the Salesforce test runner (@isTest).
LkgRequestBuilderRobot,Keith Irwin,2026-03-11,Ben Kozlowski,2026-06-02,impl,"Builds the brand-specific dynamic parameter map (product code, version, license key type, expiration, LPar/model/feature codes, processor counts, etc.) for generating a 'Robot' brand software license key, including term-to-permanent key type conversion logic.",Instantiated by LkgRequestBuilderFactory (selected via brand/silo) and invoked through the inherited buildRequest() to produce an LkgProcessor.LicenseKeyRequest during license key generation.
LkgRequestBuilderRobotTest,Keith Irwin,2026-03-11,Ben Kozlowski,2026-06-02,test,"Unit test for LkgRequestBuilderRobot covering version formatting, license key type mapping (including term/perm range conversion), expiration date, and other Robot-brand dynamic parameters.",Run automatically by the Salesforce test runner (@isTest) as part of deployment/CI validation of LkgRequestBuilderRobot.
LkgRequestBuilderRSF,Keith Irwin,2026-03-11,Ben Kozlowski,2026-05-22,impl,"Builds the dynamic license-key request parameters (product code, expiration date, LPAR serial number, flag) for the 'rsf' product silo.",Instantiated by LkgRequestBuilderFactory.getRequestBuilder('rsf') and invoked via buildRequest/GetDynamicParameters from LkgProcessor during license key generation.
LkgRequestBuilderRSFTest,Keith Irwin,2026-03-11,Ben Kozlowski,2026-05-22,test,"Unit test for LkgRequestBuilderRSF, verifying it correctly maps RSF-brand license key data (silo, product code, expiration date, serial number, flag) into the dynamic parameters of a license key generation request.",Run automatically by the Salesforce test runner (@isTest) as part of deployment/CI validation of LkgRequestBuilderRSF.
LkgRequestBuilderSequel,Keith Irwin,2026-03-11,Ben Kozlowski,2026-06-02,impl,"Builds the brand-specific dynamic parameter map for generating a 'Sequel' brand license key, including version formatting (with a special-case modification bump for the SQ915 Query/Report Writer product) and license key type resolution.",Instantiated by LkgRequestBuilderFactory (selected via brand/silo) and invoked through the inherited buildRequest() to produce an LkgProcessor.LicenseKeyRequest during license key generation.
LkgRequestBuilderSequelQueryBuilder,Keith Irwin,2026-03-11,Ben Kozlowski,2026-06-02,impl,"Builds the brand-specific dynamic parameter map (product code, version, hardware ID, tier points, key type, expiration) for generating a 'Sequel Query Builder' license key, computing tier points from connector/designer/data-decoration counts.",Instantiated by LkgRequestBuilderFactory (selected via brand/silo) and invoked through the inherited buildRequest()/GetDynamicParameters() to produce an LkgProcessor.LicenseKeyRequest during license key generation.
LkgRequestBuilderSequelQueryBuilderTest,Keith Irwin,2026-03-11,Keith Irwin,2026-04-03,test,"Unit test for LkgRequestBuilderSequelQueryBuilder covering version formatting, tier points calculation, null-value defaulting, and license key type mapping.",Run automatically by the Salesforce test runner (@isTest) as part of deployment/CI validation of LkgRequestBuilderSequelQueryBuilder.
LkgRequestBuilderSequelTest,Keith Irwin,2026-03-11,Ben Kozlowski,2026-05-22,test,"Unit test for LkgRequestBuilderSequel covering product code, version formatting (including the QRWriter modification-upgrade rule), key type mapping/term-to-perm conversion, and all other Sequel-brand dynamic parameters.",Run automatically by the Salesforce test runner (@isTest) as part of deployment/CI validation of LkgRequestBuilderSequel.
LkgRequestBuilderSequelWeb,Keith Irwin,2026-03-11,Ben Kozlowski,2026-06-02,impl,"Builds the brand-specific dynamic parameter map (product code, version, hardware ID, tier points, key type, expiration) for generating a 'Sequel Web' license key, computing tier points from viewer/designer counts.",Instantiated by LkgRequestBuilderFactory (selected via brand/silo) and invoked through the inherited buildRequest()/GetDynamicParameters() to produce an LkgProcessor.LicenseKeyRequest during license key generation.
LkgRequestBuilderSequelWebTest,Keith Irwin,2026-03-11,Keith Irwin,2026-04-03,test,"Unit test for LkgRequestBuilderSequelWeb covering version formatting, hardware ID defaulting, tier points formatting, license key type mapping, expiration date formatting, and the full buildRequest() output.",Run automatically by the Salesforce test runner (@isTest) as part of deployment/CI validation of LkgRequestBuilderSequelWeb.
LkgRequestBuilderSgavx,Keith Irwin,2026-03-11,Ben Kozlowski,2026-06-02,impl,"Builds the brand-specific dynamic parameter map (product code, version, license key type, expiration, hardware ID, user count, account number) for generating an 'Sgavx' (AIX-related) license key.",Instantiated by LkgRequestBuilderFactory (selected via brand/silo) and invoked through the inherited buildRequest()/GetDynamicParameters() to produce an LkgProcessor.LicenseKeyRequest during license key generation.
LkgRequestBuilderSgavxTest,Keith Irwin,2026-03-11,Keith Irwin,2026-04-03,test,"Unit test for LkgRequestBuilderSgavx covering product code, version, key type, expiration date, hardware ID number defaulting, user count defaulting, and account number parameters.",Run automatically by the Salesforce test runner (@isTest) as part of deployment/CI validation of LkgRequestBuilderSgavx.
LkgRequestBuilderTQSurveyor,Keith Irwin,2026-03-11,Ben Kozlowski,2026-05-22,impl,"Builds the brand-specific dynamic parameter map (product code, key type, expiration, account name, model number, number of licenses) for generating a 'TeamQuest Surveyor' license key.",Instantiated by LkgRequestBuilderFactory (selected via brand/silo) and invoked through the inherited buildRequest()/GetDynamicParameters() to produce an LkgProcessor.LicenseKeyRequest during license key generation.
LkgRequestBuilderTQSurveyorTest,Keith Irwin,2026-03-11,Ben Kozlowski,2026-05-22,test,"Unit test for LkgRequestBuilderTQSurveyor covering product code, key type mapping (including invalid/default handling), expiration date, account name, model number, and user/license count defaulting.",Run automatically by the Salesforce test runner (@isTest) as part of deployment/CI validation of LkgRequestBuilderTQSurveyor.
LkgRequestBuilderVityl,Ben Kozlowski,2026-05-22,Ben Kozlowski,2026-05-22,impl,"Builds the brand-specific dynamic parameter map (product code, version, hardware ID, tier points, key type, expiration, flags) for generating a 'Vityl' license key, with special tier/point calculation logic for the VCI product code vs. others.",Instantiated by LkgRequestBuilderFactory (selected via brand/silo) and invoked through the inherited buildRequest()/GetDynamicParameters() to produce an LkgProcessor.LicenseKeyRequest during license key generation.
LkgRequestBuilderVitylTest,Ben Kozlowski,2026-05-22,Ben Kozlowski,2026-05-22,test,"Unit test for LkgRequestBuilderVityl covering product code, version formatting, hardware ID, tier/points calculation (VCI vs non-VCI, generic key override), license key type mapping, expiration date, and flags.",Run automatically by the Salesforce test runner (@isTest) as part of deployment/CI validation of LkgRequestBuilderVityl.
LkgRequestController,Andrew Loveless,2026-01-30,Keith Irwin,2026-04-03,impl,"Performs the outbound HTTP callout to the external license-key-generation ('keygen_api') service, parses the raw API response, and extracts the generated license key (with brand-specific parsing, e.g. XML signature extraction for Sgavx) and serial number (for Clearswift).","Invoked by LkgProcessor (and related classes like LkgProcessorHardwareKeys, LkgUiController, LkgUiHardwareController) to submit a built license key request body and obtain an LkgKeyGenResult; mocked in tests via LkgRequestControllerMock/LkgHttpCalloutMock."
LkgRequestControllerMock,Keith Irwin,2026-03-11,Keith Irwin,2026-03-11,impl,Test stub provider that mocks LkgRequestController.generateLicenseKey to return a canned LkgKeyGenResult without a real HTTP callout.,"Used in unit tests via Test.createStub(LkgRequestController.class, new LkgRequestControllerMock()) to isolate license-key generation callers from the keygen API."
LkgRequestControllerTest,Keith Irwin,2026-03-11,Ben Kozlowski,2026-05-22,test,"Unit test for LkgRequestController, covering license-key generation across silos (powertech, sgavx, clearswift) and HTTP/API error handling.",Run by the Apex test framework; exercises LkgRequestController.generateLicenseKey using HttpCalloutMock implementations for success and error scenarios.
LkgRobotFileBuilder,Keith Irwin,2026-06-15,Keith Irwin,2026-06-15,impl,"Builds .HSL license-key file content for Robot silo keys, resolving PRODUCT_CODE from LKG_UI_Field__mdt (JavaProductCode) with fallback to Product_Code__c, and omitting SYSTEM_NAME lines.",Instantiated (as a subclass of LkgISeriesFileBuilder) by LkgLicenseKeysFileService when generating Robot-silo license key files for download/email.
LkgRobotFileBuilderTest,Keith Irwin,2026-06-15,Keith Irwin,2026-06-15,test,"Unit test for LkgRobotFileBuilder, verifying FILE_DATE header, absence of SYSTEM_NAME lines, MDT product-code fallback, LICENSE_FMT sizing logic, and key-row separators.",Run by the Apex test framework against an in-memory LkgRobotFileBuilder with synthetic License_Key__c records (no DML).
LkgSystemAggregationService,Keith Irwin,2026-06-15,Keith Irwin,2026-06-15,impl,Aggregates Asset records under a Hardware__c system against LKG_Intersect__mdt product-match rules to compute quantities/actions and flag extra 'primary' assets (core aggregation logic largely commented out/disabled).,Static aggregateSystem() method called by LkgHardwareAssetEnrichmentService as part of hardware-based license key generation.
LkgSystemAggregationServiceTest,Keith Irwin,2026-06-15,Keith Irwin,2026-06-15,test,"Unit test for LkgSystemAggregationService.aggregateSystem, covering empty-input, no-match loop execution, and extra-primary-asset warning paths.",Run by the Apex test framework using synthetic Account/Hardware__c/Asset/Product2 records and live LKG_Intersect__mdt metadata.
LkgTermPermRangeChecker,Keith Irwin,2026-04-03,Keith Irwin,2026-04-03,impl,Parses a JSON permanent/term version-range config and determines whether a Term license key should be converted to Permanent based on release/modification version comparison.,"Static methods called by LkgRequestBuilderPowerTech, LkgRequestBuilderSequel, and LkgRequestBuilderRobot when building license key generation requests."
LkgTermPermRangeCheckerTest,Keith Irwin,2026-04-03,Keith Irwin,2026-04-03,test,"Unit test for LkgTermPermRangeChecker, covering JSON parsing edge cases and boundary/open-range logic for shouldConvertTermToPerm.",Run by the Apex test framework with static JSON range strings and various release/modification inputs.
LkgUiController,Keith Irwin,2026-03-11,Keith Irwin,2026-06-15,impl,"General-purpose Lightning controller for the License Key Generator (LKG) UI, exposing metadata lookups (solution groups/categories/products, key types, UI fields/options), contact search, settings, and the generateKey orchestration entry point.","Invoked via @AuraEnabled methods from the LKG Lightning Web Component/Aura UI; generateKey builds and runs an LkgProcessor pipeline (mapper, request builder, request controller, record creator)."
LkgUiControllerTest,Keith Irwin,2026-03-11,Keith Irwin,2026-06-15,test,"Unit test for LkgUiController, covering the metadata getter methods, contact search/filtering, settings defaults, and generateKey error handling for invalid payloads.","Run by the Apex test framework, calling LkgUiController's @AuraEnabled methods directly as a plain Apex caller."
LkgUiHardwareController,Keith Irwin,2026-06-15,Keith Irwin,2026-06-15,impl,"Lightning controller for hardware-based license key generation: fetches hardware key types, paginated Hardware__c/Asset records scoped to an Account, and orchestrates multi-hardware/multi-asset key generation via LkgProcessorHardwareKeys.",Invoked via @AuraEnabled methods from the LKG hardware-key-generation LWC; generateKeysForHardware parses a JSON payload and drives LkgProcessorHardwareKeys.executeForHardwareRecords.
LkgUiHardwareControllerTest,Keith Irwin,2026-06-15,Keith Irwin,2026-06-15,test,"Unit test for LkgUiHardwareController, covering hardware/asset queries (filters, paging, empty results) and generateKeysForHardware payload validation and success paths.","Run by the Apex test framework, calling LkgUiHardwareController's @AuraEnabled methods directly with synthetic Account/Hardware__c/Asset records."
LkgUiRobotCcssController,Keith Irwin,2026-06-15,Keith Irwin,2026-06-15,impl,"Lightning controller for Robot/CCSS silo license key management: queries non-expired License_Key__c records for an Account and generates/attaches an .HSL key file, optionally emailing it to contacts.",Invoked via @AuraEnabled methods from the Robot/CCSS LWC; generateFile delegates to LkgLicenseKeysFileService.generateFile.
LkgUiRobotCcssControllerTest,Keith Irwin,2026-06-15,Keith Irwin,2026-06-15,test,"Unit test for LkgUiRobotCcssController, covering silo filtering, expiry-date inclusion/exclusion, account scoping, and generateFile success/failure/malformed-JSON handling.",Run by the Apex test framework with synthetic Account and License_Key__c records.
MaintenanceDedupeException,Liam Jeong,2026-07-11,Liam Jeong,2026-07-11,impl,Typed exception subclass (extends AppException) used to classify New-Maintenance dedupe failures distinctly in Exception_Log__c by exception type rather than by RecordType.,Thrown/caught by NewMaintenanceDedupeService when duplicate New Maintenance renewal lines are detected during Amend/reopen flows.
MaintenanceOrderDecompositionService,Nir Kailash,2026-06-09,Liam Jeong,2026-07-09,impl,"FORTRA-PRODUCT-018 service that decomposes derived maintenance pricing into Base/Partner$/Discretionary$ components and persists them (plus commercial net carry-forward) onto OrderItem at quote-to-order conversion and post-reprice, including SC-3346 New-Maintenance $0 net fallback logic.",Static methods called by OrderRepriceInvocable (reprice pipeline) and QuoteToOrderFieldMapper (conversion mapping); also exposes an @InvocableMethod (backfillCarryForwardInvocable) callable from Flow for backfilling activated orders.
MaintenanceOrderDecompositionServiceTest,Nir Kailash,2026-06-09,Liam Jeong,2026-07-07,test,"Unit test for MaintenanceOrderDecompositionService (and touches QuoteToOrderFieldMapper) covering New-business maintenance base/partner/discretionary discount decomposition, renewal carry-forward patches, tier inference, and bulk backfill DML behavior.",Executed by the Apex test runner (@isTest); not invoked by application code.
MdtMaintAttrFixBatch,Nir Kailash,2026-07-13,Nir Kailash,2026-07-13,impl,"One-time UAT data-fix batch that ensures every Maintenance Product2 has a Maintenance Type Defn ProductAttributeDefinition (default Standard) with only Premier/Standard/Professional selectable via AttrPicklistExcludedValue, logging a revertible changelog to ContentVersion.",Kicked off manually via the static run(batchSize) helper from anonymous Apex / Execute Anonymous; implements Database.Batchable/Database.Stateful.
MdtMaintAttrFixBatchTest,Nir Kailash,2026-07-13,Nir Kailash,2026-07-13,test,"Minimal smoke test asserting MdtMaintAttrFixBatch's constants (attribute def Id, KEEP_VALUES) are set correctly so the batch class can deploy with RunLocalTests.",Executed by the Apex test runner (@IsTest); does not actually run the batch against data.
MicrobatchSelfRegController,Joe Martinez,2025-11-20,Joe Martinez,2025-11-21,impl,"Visualforce controller for an Experience Cloud self-registration page that creates a guest user, contact, and account via Network.createExternalUserAsync.",Bound to a Visualforce self-registration page (constructor reads the 'expid' URL parameter); registerUser() is the page's form-submit action.
MicrobatchSelfRegControllerTest,Joe Martinez,2025-11-20,Joe Martinez,2025-11-21,test,Test verifying MicrobatchSelfRegController.registerUser() returns null when invoked outside a guest-user site context.,Executed by the Apex test runner (@IsTest(SeeAllData=true)).
MockEmailSender,Keith Irwin,2026-03-11,Keith Irwin,2026-03-11,impl,"Test double implementing IEmailSender that captures sent Messaging.SingleEmailMessage objects instead of actually sending email, for use when org Email Deliverability is restricted.",Instantiated directly inside test classes to stub out real email-sending dependencies (implements IEmailSender interface).
MockEmailSenderResult,Keith Irwin,2026-03-11,Keith Irwin,2026-03-11,impl,Test double implementing IEmailSenderResult that wraps a configurable success flag and error message returned by MockEmailSender.,Constructed and returned by MockEmailSender.sendEmail() for test assertions on email-send outcomes.
MultiSelectPicklistParser,Joe Martinez,2026-01-09,Joe Martinez,2026-01-09,impl,"Splits a semicolon-delimited multi-select picklist string into a trimmed, non-blank list of text values.","Invoked from Flow via @InvocableMethod parseMultiSelectPicklist (label 'Parse Multi-Select Picklist', category 'Flow Helper')."
MultiSelectPicklistParserTest,Joe Martinez,2026-01-09,Joe Martinez,2026-01-09,test,"Unit tests for MultiSelectPicklistParser covering whitespace trimming, empty/null values, bulk requests, and special characters.",Executed by the Apex test runner (@isTest).
MyProfilePageController,Joe Martinez,2025-11-20,Joe Martinez,2025-11-21,impl,Visualforce controller allowing a logged-in portal/community user to view and edit their own User profile fields (excluding guest users).,Bound to a 'My Profile' Visualforce page; edit()/save()/cancel()/changePassword() are page action methods.
MyProfilePageControllerTest,Joe Martinez,2025-11-20,Joe Martinez,2025-11-21,test,"Test verifying MyProfilePageController correctly loads, edits, and saves the current (or an existing portal) user's profile fields such as Fax.","Executed by the Apex test runner (@IsTest(SeeAllData=true)), running as an existing portal user via System.runAs where available."
NewBusinessMaintenanceNets,Liam Jeong,2026-07-08,Liam Jeong,2026-07-10,impl,"Plain data-transfer object carrying New-Business derived-maintenance net pricing figures (expected list/commercial net, partner percent, software discount) between NewMaintenanceNetCalculator and PartnerNetPricePosthook.",Constructed and populated by NewMaintenanceNetCalculator and consumed by PartnerNetPricePosthook as a plain field-bag; no SOQL or logic of its own.
NewMaintenanceBandCalculator,Liam Jeong,2026-07-07,Liam Jeong,2026-07-10,impl,"Pure utility resolving the New-Maintenance partner discount band from a billing partner's Discount-model Partner_Pricing_Model__c, and collecting billing-partner Ids / per-Quote or per-Order bands from loaded Quote/Order SObjects.",Called as a stateless helper by pricing prehooks/posthooks (e.g. partner net pricing logic) operating on already-queried Quote/Order maps; no SOQL of its own.
NewMaintenanceBandCalculatorTest,Liam Jeong,2026-07-07,Liam Jeong,2026-07-10,test,"Unit tests for NewMaintenanceBandCalculator verifying band resolution rules (Discount-model only, positive percent) and billing-partner/band collection across Quotes and Orders.",Executed by the Apex test runner (@IsTest).
NewMaintenanceDedupeService,Liam Jeong,2026-07-11,Liam Jeong,2026-07-11,impl,"Removes redundant Amend-carryover New Maintenance QuoteLineItems from New/Net-New quotes when a native-derived keeper line for the same product already exists, logging failures via ExceptionLogger instead of aborting.",Called post-persist (e.g. from RenewalQuoteLineCleanupQueueable or a quote-line trigger/flow handler) via the static dedupeForQuotes(Set<Id> quoteIds) entry point.
NewMaintenanceDedupeServiceTest,Liam Jeong,2026-07-11,Liam Jeong,2026-07-11,test,"Unit tests for NewMaintenanceDedupeService verifying it removes Amend carryover duplicates when a native keeper exists, no-ops on renewal quotes or when no keeper exists, and gracefully degrades/logs on delete failure.","Executed by the Apex test runner (@IsTest), including exercising the RenewalQuoteLineCleanupQueueable entry point."
NewMaintenanceInputResolver,Liam Jeong,2026-07-07,Liam Jeong,2026-07-12,impl,"Pure helper resolving per-line New-Maintenance pricing inputs (tier rate lookup/fallback, contributor net, partner-percent precedence, software discount) with no SOQL/DML.",Static utility called by New-Maintenance pricing Apex (e.g. net calculators/prehooks) during derived-maintenance line pricing.
NewMaintenanceInputResolverTest,Liam Jeong,2026-07-07,Liam Jeong,2026-07-12,test,Unit tests for NewMaintenanceInputResolver's pure input-resolution helpers.,Unit test for NewMaintenanceInputResolver.
NewMaintenanceNetCalculator,Liam Jeong,2026-07-07,Liam Jeong,2026-07-10,impl,Pure New-Business derived-maintenance net arithmetic (list net = contributor net x rate; commercial net = list net less partner% then software%) with J-06 partner-band precedence logic.,Static utility invoked by New-Business maintenance pricing prehooks/services to compute expected list and commercial nets for maintenance lines.
NewMaintenanceNetCalculatorTest,Liam Jeong,2026-07-07,Liam Jeong,2026-07-10,test,"Unit tests for NewMaintenanceNetCalculator covering list/commercial net math, partner/software discount precedence, rounding, and negative-input handling.",Unit test for NewMaintenanceNetCalculator.
OperationsChecklistController,Marc DeBrey,2026-01-30,Marc DeBrey,2026-02-02,impl,"Aura/LWC controller exposing Quote checklist item retrieval (with completion %) and check/uncheck update operations, gated by a custom permission.",@AuraEnabled methods called from the Operations Checklist Lightning Web Component on the Quote page.
OperationsChecklistControllerTest,Marc DeBrey,2026-01-30,Marc DeBrey,2026-02-02,test,"Test class for OperationsChecklistController covering checklist retrieval, item updates, permission checks, and completion percentage calculation.",Unit test for OperationsChecklistController.
OperationsChecklistService,Marc DeBrey,2026-02-02,Marc DeBrey,2026-02-02,impl,"Service layer providing CRUD data access for Quote_Checklist_Item__c records (get by Quote, update checked status, update notes).",Static service methods called by OperationsChecklistController (and potentially other Apex) to read/write checklist items.
OperationsChecklistServiceTest,Marc DeBrey,2026-02-02,Marc DeBrey,2026-02-02,test,"Test class for OperationsChecklistService validating checklist item retrieval, check/uncheck updates, and notes updates.",Unit test for OperationsChecklistService.
OpportunityTriggerHandler,Marc DeBrey,2026-01-31,Joe Martinez,2026-02-25,impl,Opportunity trigger handler that sets Exchange_Rate_To_USD__c on insert/currency-change and manages Hardware__c lifecycle (delete Quoting hardware on Closed Lost if unreferenced elsewhere; activate Quoting hardware to Active on Order Processing).,Invoked from the Opportunity trigger's before insert/update and after update contexts.
OpportunityTriggerHandlerTest,Marc DeBrey,2026-01-31,Joe Martinez,2026-02-25,test,Test class for OpportunityTriggerHandler covering Hardware status lifecycle on stage changes and Exchange_Rate_To_USD__c population/refresh.,Unit test for OpportunityTriggerHandler.
OrderCascadeDeleter,Marc DeBrey,2026-04-21,Marc DeBrey,2026-04-30,impl,"Deletes an Order and all its dependent fulfillment records (FulfillmentOrder/FOLI, FulfillmentStep/StepSource/StepDependency, FulfillmentAsset, AssetFulfillmentDecomp, FulfillmentPlan, AppUsageAssignment) in dependency order, rolling back via savepoint on failure.",@InvocableMethod 'Cascade Delete Order' called from a Flow to clean up an Order and its fulfillment graph (e.g. migration/test data cleanup).
OrderCascadeDeleterTest,Marc DeBrey,2026-04-21,Marc DeBrey,2026-04-21,test,"Test class for OrderCascadeDeleter covering not-found handling, deletion with AUA, and deletion of a plain Draft order with no dependencies.",Unit test for OrderCascadeDeleter.
OrderCommercialNetService,Nir Kailash,2026-06-23,Nir Kailash,2026-06-24,impl,"Aligns OrderItem UnitPrice/NetUnitPrice to the commercial net implied by TotalPrice before asset creation, so Assetize copies negotiated net rather than stale list NetUnitPrice.",@InvocableMethod 'Finalize Order Commercial Net for Assetization' called from the Fortra_Assetize_Order flow immediately before createOrUpdateAssetFromOrder; also callable directly as Apex.
OrderCommercialNetServiceTest,Nir Kailash,2026-06-23,Nir Kailash,2026-06-24,test,Test class for OrderCommercialNetService validating commercial unit price resolution logic and the DML patch path.,Unit test for OrderCommercialNetService.
OrderMigrationBatch,Marc DeBrey,2026-03-06,Marc DeBrey,2026-05-08,impl,"Batch Apex that migrates legacy Quotes into Revenue Cloud Orders (AUA-bypass pipeline: creates Contract, Draft Order with pre-set pricing, activates without AUA to skip CalculationStatus checks, then adds AUA and creates Assets via REST callout), with pricebook-override remap/auto-create support and run logging.","Invoked via Database.executeBatch (implements Database.Batchable/Stateful/AllowsCallouts), typically kicked off by an admin/migration controller/UI against a SOQL or QuoteNumber filter."
OrderMigrationBatchTest,Marc DeBrey,2026-03-06,Marc DeBrey,2026-05-07,test,"Test class for OrderMigrationBatch covering successful execution, skip logic, duplicate-order detection, activation, attribute copying, and pricebook-override coverage/auto-create scenarios.",Unit test for OrderMigrationBatch.
OrderMigrationCleanupBatch,Marc DeBrey,2026-04-01,Marc DeBrey,2026-04-26,impl,"Batch Apex that deletes migration-created Orders (and their OrderItems, lifecycle-managed Assets, AssetContractRelationships, AppUsageAssignments, OrderActions) and optionally their Contracts in dependency-safe order to undo Order Migration Tool runs.",Instantiated and run via Database.executeBatch(...) from OrderMigrationController's startCleanup/startCleanupByFilter/startCleanupAll endpoints.
OrderMigrationController,Marc DeBrey,2026-03-06,Marc DeBrey,2026-05-08,impl,"AuraEnabled controller backing the Order Migration Tool LWC: previews record counts/field gaps, starts/aborts/monitors the migration and cleanup batch jobs, manages pricebook selection and saved filter/preset CRUD, and aggregates run-detail buckets and a team-shared rerun queue.",Invoked from the Order Migration LWC via @AuraEnabled(cacheable) and @AuraEnabled methods; internally delegates most logic to OrderMigrationService and kicks off OrderMigrationBatch/OrderMigrationCleanupBatch.
OrderMigrationControllerTest,Marc DeBrey,2026-03-06,Marc DeBrey,2026-04-27,test,"Test class validating OrderMigrationController's preview, migration start/status/abort, pricebook/coverage endpoints, saved filter and preset CRUD, and run-detail bucket/rerun-queue aggregation logic.","Unit test for OrderMigrationController, run by the Apex test framework (@IsTest)."
OrderMigrationService,Marc DeBrey,2026-03-06,Marc DeBrey,2026-05-08,impl,"Static service/utility library for the Order Migration Tool providing SOQL safety-guard injection, record-count and field-gap analysis, CMT default resolution/application, OrderItem field calculation, Contract resolve-or-create, the createOrUpdateAssetFromOrder REST callout, AssetContractRelationship backfill, and pricebook coverage/auto-create-PBE helpers plus saved filter/preset persistence.","Called by OrderMigrationController (and the OrderMigrationBatch, not in this slice) as a pure helper library; contains no @AuraEnabled or trigger entry points itself."
OrderMigrationServiceTest,Marc DeBrey,2026-03-06,Marc DeBrey,2026-05-08,test,"Test class covering OrderMigrationService's field calculation, default resolution/application, record counting, field-gap analysis, SOQL safety-guard normalization/validation, Contract resolve-or-create (including account-mismatch), asset creation callout, pricebook coverage/auto-create-PBE, and saved filter/preset CRUD.","Unit test for OrderMigrationService, run by the Apex test framework (@IsTest)."
OrderRepriceInvocable,Liam Jeong,2026-06-05,Liam Jeong,2026-07-10,impl,"Reprices an Order in place through the RCA commerceorders.PlaceOrderExecutor (Force pricing) after decomposing/persisting maintenance work and patching commercial unit prices, so the Order reaches CompletedWithPricing before activation.",@InvocableMethod ('Reprice Order (RCA Force)') called from the Quote-to-Order Flow immediately before the Activate_Order step.
OrderRepriceInvocableTest,Liam Jeong,2026-06-05,Liam Jeong,2026-07-10,test,"Test coverage for OrderRepriceInvocable's reprice entry point and its @TestVisible helper methods (readiness check, quote/order total resolution, totals matching, validation-result clearing, result population).","Unit test for OrderRepriceInvocable, run by the Apex test framework (@isTest)."
OrderSubmissionValidator,Liam Jeong,2026-06-08,Liam Jeong,2026-07-10,impl,"Bulk, metadata-driven validator that checks every active Order_Submit_Validation__mdt required-field rule against an Order, its OrderItems, and related records (e.g. Account/Contact) in constant SOQL, returning formatted blank-field error messages.",@InvocableMethod ('Validate Order Submission') called from an Order-submission Flow to gate submission on required-field completeness.
OrderSubmissionValidatorTest,Liam Jeong,2026-06-08,Liam Jeong,2026-07-10,test,"Test coverage asserting OrderSubmissionValidator returns consistent, correctly-formatted results and stays bulk-safe (constant SOQL count) even on a 43-line Order.","Unit test for OrderSubmissionValidator, run by the Apex test framework (@isTest)."
OrderValidationTriggerHandler,Marc DeBrey,2026-02-02,Liam Jeong,2026-06-27,impl,"Order trigger handler that blocks Order insert when the linked Quote's Operations Checklist is incomplete (unless bypassed for migration) and, on transition into an Activated status, auto-activates the linked Draft Contract to clear the platform's FAILED_ACTIVATION gate.",Called from the Order trigger's before-insert and before-update logic (handleBeforeInsert/handleBeforeUpdate).
OrderValidationTriggerHandlerTest,Marc DeBrey,2026-02-02,Liam Jeong,2026-06-27,test,Test coverage for OrderValidationTriggerHandler's checklist-completeness gate on Order insert (including bypass and bulk mixed scenarios) and its contract-activation assist on Order status transition.,"Unit test for OrderValidationTriggerHandler, run by the Apex test framework (@isTest)."
PartnerChecklistController,Joe Martinez,2026-01-20,Joe Martinez,2026-02-27,impl,"Manages per-user Partner Checklist Item records for the partner community, seeding them from active Partner_Checklist_Definition__mdt records filtered by the user's partner-tier profile (Basic/Mid-Tier/Top-Tier) when none exist yet.","@AuraEnabled controller invoked by a partner-community LWC (getChecklistItems on load, updateChecklistItems via upsert on Duplicate_Identifier__c when items are checked)."
PartnerChecklistControllerTest,Joe Martinez,2026-01-20,Joe Martinez,2026-02-27,test,"Test coverage for PartnerChecklistController across Basic/Mid/Top partner-tier users, verifying checklist seeding, update, duplicate-prevention via upsert, and the AuraHandledException path on an oversized Name field.","Unit test for PartnerChecklistController, run by the Apex test framework (@IsTest)."
PartnerMarginDispatcher,Liam Jeong,2026-07-08,Liam Jeong,2026-07-10,impl,"Resolves the adjusted price, total percent, and per-partner margin-detail maps for a quote line under the Discount or Guaranteed-Margin partner-pricing model, delegating margin math to PartnerPricingServiceV2 and participation resolution to PartnerParticipationResolver, and flags participating partners lacking a matching pricing model.",Pure static service class (no SOQL/DML) invoked by a partner-pricing prehook/procedure (e.g. the Partner pricing ExpressionSet hook) to compute per-line partner pricing adjustments.
PartnerMarginDispatcherTest,Liam Jeong,2026-07-08,Liam Jeong,2026-07-10,test,"Test coverage for PartnerMarginDispatcher.resolve across Discount and Guaranteed Margin models, including missing-model warnings, product-type band selection (Software/New Maintenance), Fortra-Originated non-orig percents, zero-margin exclusion, and additive multi-partner margin summation.","Unit test for PartnerMarginDispatcher, run by the Apex test framework (@IsTest)."
PartnerNetPriceCurrencyCorrectionTest,Liam Jeong,2026-07-09,Liam Jeong,2026-07-12,test,"Integration tests for the ABA currency-correction and display-reconciliation logic folded into PartnerNetPricePosthook (applyCurrencyCorrection, mergeCurrencyCorrectionIntoUpdate, mergeDisplayReconciliationIntoUpdate, buildAttributeListPriceStampUpdate, isKnownUsdValue), covering localization of non-USD ABA/list lines, provenance bootstrapping, and skip conditions.","Unit test for PartnerNetPricePosthook, run by the Apex test framework (@isTest)."
PartnerNetPricePosthook,Nir Kailash,2026-06-08,Liam Jeong,2026-07-13,impl,"Post-pricing-procedure Apex hook that stamps partner-tier net (PartnerUnitPrice) on quote/order lines, resolves the commercial net as the lower of procedure net vs partner net, applies deferred partner pricing on derived maintenance, commits COLA/renewal net, and localizes ABA-stamped raw-USD nets for non-USD lines.",Registered as a RevSignaling.SignalingApexProcessor posthook step in the Revenue Cloud pricing procedure (executes after Rev Mgmt Default Pricing); also exposes a static applyNetPricesToOrder(orderId) entry point called post-PlaceOrderExecutor to rebuild context and reapply partner net on Orders.
PartnerNetPricePosthookTest,Nir Kailash,2026-06-08,Liam Jeong,2026-07-13,test,"Unit test class for PartnerNetPricePosthook covering commercial-net resolution, deferred partner pricing, COLA/renewal-maintenance net commits, new-maintenance fallback pricing, and untagged-tier default behavior.",Run by the Apex test framework (@IsTest) to validate PartnerNetPricePosthook; not invoked at runtime.
PartnerNetResolutionCalculator,Liam Jeong,2026-07-07,Liam Jeong,2026-07-10,impl,"Pure, deterministic helper providing commercial-unit-price resolution (lower of procedure net vs partner unit price) and pre-procedure price resolution (regional net, then unit price, then list price) with no SOQL/context dependency.","Called as a static utility by PartnerNetPricePosthook, PartnerPricingGate, and PartnerPricingPrehookV2 to compute partner/commercial pricing without needing the RCA context runtime."
PartnerNetResolutionCalculatorTest,Liam Jeong,2026-07-07,Liam Jeong,2026-07-10,test,Unit tests verifying PartnerNetResolutionCalculator's resolveCommercialUnitPrice and resolvePreProcedurePrice precedence/fallback logic.,Run by the Apex test framework (@IsTest) to validate PartnerNetResolutionCalculator; not invoked at runtime.
PartnerParticipationResolver,Liam Jeong,2026-07-08,Liam Jeong,2026-07-10,impl,Pure utility that determines which partner accounts participate on a line (billing partner always; reseller/distributor/referral added under Guaranteed Margin) and resolves a given partner's role label.,Called as a static utility from PartnerPricingPrehookV2 and PartnerNetPricePosthook to build partner-Id sets and role labels for margin/discount pricing.
PartnerParticipationResolverTest,Liam Jeong,2026-07-08,Liam Jeong,2026-07-10,test,Unit tests for PartnerParticipationResolver covering partner-Id collection under discount vs guaranteed-margin models and partner-role resolution precedence/dedup.,Run by the Apex test framework (@IsTest) to validate PartnerParticipationResolver; not invoked at runtime.
PartnerPortalRegistrationHandler,Joe Martinez,2026-02-13,Joe Martinez,2026-03-28,impl,"Auth.RegistrationHandler implementation that creates or updates a partner-portal User (and linked Contact/Account) on SSO/OIDC authentication, resolving profile, approval-by-domain, and name-splitting logic.",Invoked automatically by Salesforce's Auth provider/SSO registration flow (Auth.RegistrationHandler interface) when a partner authenticates via the external identity provider.
PartnerPortalRegistrationHandlerTest,Joe Martinez,2026-02-13,Joe Martinez,2026-03-28,test,"Unit tests for PartnerPortalRegistrationHandler covering new-user creation (active/inactive by domain approval), update of existing users, permission-set assignment, and name-parsing edge cases.",Run by the Apex test framework (@IsTest) to validate PartnerPortalRegistrationHandler; not invoked at runtime.
PartnerPricingGate,Liam Jeong,2026-07-07,Liam Jeong,2026-07-10,impl,Pure decision-predicate class determining whether a line needs deferred partner pricing (partner unit price not yet set but net priced over a zero pre-procedure base) and whether the pricing procedure already owns/stamped the partner net so the posthook should skip re-applying it.,Called as a static utility by PartnerNetPricePosthook (shouldSkipProcedureOwnedPartner / needsDeferredPartnerPricing delegate to this class).
PartnerPricingGateTest,Liam Jeong,2026-07-07,Liam Jeong,2026-07-10,test,Unit tests for PartnerPricingGate verifying needsDeferredPartnerPricing and shouldSkipProcedureOwnedPartner gating decisions across representative context-tag field shapes.,Run by the Apex test framework (@IsTest) to validate PartnerPricingGate; not invoked at runtime.
PartnerPricingPayloadBuilder,Liam Jeong,2026-07-08,Liam Jeong,2026-07-10,impl,"Pure assembler that builds the ordered list of context-update attribute maps (Pre_Partner_Price__c, Partner_Adjusted_Price__c, PartnerUnitPrice, PartnerDiscountPercent, optional NetUnitPrice/UnitPrice overrides, margin detail JSON, warning) used to stamp partner-pricing results onto a line.",Called as a static utility by PartnerPricingPrehookV2's processLineItem to construct the context-attribute payload submitted via updateContextAttributes.
PartnerPricingPayloadBuilderTest,Liam Jeong,2026-07-08,Liam Jeong,2026-07-10,test,"Unit tests for PartnerPricingPayloadBuilder verifying the attribute payload shape/values for discount, zero-percent, and warning scenarios.",Run by the Apex test framework (@IsTest) to validate PartnerPricingPayloadBuilder; not invoked at runtime.
PartnerPricingPrehookV2,Ben Kozlowski,2026-05-27,Liam Jeong,2026-07-09,impl,"Apex before-pricing-procedure hook that applies partner pricing adjustments (Guaranteed Margin additive or Discount model) to quote/order lines based on the Quote's Billing Partner and Partner Pricing Model, executing after Regional Pricing and before COLA.","Registered as a RevSignaling.SignalingApexProcessor prehook step in the Revenue Cloud pricing procedure, invoked by the RCA pricing orchestration engine during quote/order repricing."
PartnerPricingPrehookV2Test,Ben Kozlowski,2026-05-27,Nir Kailash,2026-06-08,test,"Unit/integration test class for PartnerPricingPrehookV2 covering partner pricing model loading, margin/discount calculations, line-item processing (Fortra-Originated vs standard deal type), and tag-value extraction helpers.",Run by the Apex test framework (@IsTest) to validate PartnerPricingPrehookV2; not invoked at runtime.
PartnerPricingService,Marc DeBrey,2026-01-29,Liam Jeong,2026-07-09,impl,"Service class providing reusable partner-pricing business logic: retrieving Partner_Pricing_Model__c records (single/bulk), resolving Fortra product type for a line (with Product2 fallback), and calculating Guaranteed Margin / Discount adjusted prices.","Called as a static utility from PartnerNetPricePosthook, PartnerPricingPrehookV2, and other pricing hooks/services to load partner models and compute margin-adjusted prices."
PartnerPricingServiceTest,Marc DeBrey,2026-01-29,Nir Kailash,2026-06-21,test,"Unit tests for PartnerPricingService covering pricing-model retrieval (single/bulk/expired/future), margin-for-product-type mapping, Guaranteed Margin and Discount price calculations, product-type resolution/bulk-loading, and partner role/margin-detail JSON building.",Run by the Apex test framework (@IsTest) to validate PartnerPricingService; not invoked at runtime.
PartnerPricingServiceV2,Ben Kozlowski,2026-05-27,Liam Jeong,2026-07-07,impl,"Service class computing partner pricing: selects the best-matching Partner_Pricing_Model__c per quote line (Solution Category > Group > Unit > default hierarchy) and calculates Guaranteed Margin (additive) or Discount model prices, including Fortra-Originated vs Non-Originating margin percent selection with catalog fallback.",Public static utility invoked by other Apex pricing hooks/prehooks (e.g. partner net pricing logic) to fetch candidate models and compute adjusted prices; not itself an @InvocableMethod or interface implementation.
PartnerPricingServiceV2Test,Ben Kozlowski,2026-05-27,Ben Kozlowski,2026-05-27,test,"Unit test for PartnerPricingServiceV2 covering margin lookup by product type, additive guaranteed-margin pricing, discount pricing, model candidate retrieval with effective-date filtering, and best-model hierarchy selection.",Test class run by CI/deployment; not called at runtime.
PopulateAssetLegacyFieldsAction,Marc DeBrey,2026-02-10,Marc DeBrey,2026-07-06,impl,"Invocable action that backfills legacy Asset fields (Status, Quantity, Price, Hardware__c, Legacy_Id__c) on lifecycle-managed Assets created from an Order by reading their AssetActionSource records, since Revenue Cloud's standard assetize action leaves those legacy fields null.",Called via @InvocableMethod from the Fortra_Assetize_Order Flow immediately after the createOrUpdateAssetFromOrder action.
PopulateAssetLegacyFieldsActionTest,Marc DeBrey,2026-02-10,Marc DeBrey,2026-07-06,test,"Unit test for PopulateAssetLegacyFieldsAction, covering empty/null input handling and buildAssetUpdates logic (full update, missing hardware/legacy, multiple assets, source item not found) since AssetActionSource cannot be DML-inserted in tests.",Test class run by CI/deployment; not called at runtime.
PortalUserManagementHelper,Joe Martinez,2025-12-16,Joe Martinez,2026-04-28,impl,"Helper for partner portal Experience Cloud user administration: grants Fortra Academy access, lists/searches partner users under the running user's account, and activates/deactivates/reassigns profiles for those users.",giveFortraAcademyAccess is an @InvocableMethod called from a Flow; getUsers/searchUsers/activateUsers/deactivateUsers/modifyUsersProfile are @AuraEnabled methods called from an LWC/Aura portal user management component.
PortalUserManagementHelperTest,Joe Martinez,2025-12-16,Joe Martinez,2026-04-28,test,Unit test for PortalUserManagementHelper verifying getUsers/searchUsers scoping to the running user's account and profile-based user activation/deactivation/profile-modification.,Test class run by CI/deployment; not called at runtime.
PowerOrderSplittingService,Marc DeBrey,2026-02-06,Liam Jeong,2026-07-08,impl,"Bulk-safe service that splits Power-solution-group Order lines with quantity>1 into individual qty=1 lines during Quote-to-Order conversion, cloning or sharing Hardware__c and cloning Partition__c records per the product's Power_Split_Type__c, while guarding against oversized synchronous clone counts (SC-3447 MAX_SYNC_CLONES cap) and skipping seat/license-count lines with no Partition/Hardware.",Invoked via @InvocableMethod (Split Power Order Lines) from the Quote-to-Order conversion Flow; also exposes a processOrder(Id) static entry point used internally/by tests.
PowerOrderSplittingServiceTest,Marc DeBrey,2026-02-06,Liam Jeong,2026-06-28,test,"Unit test for PowerOrderSplittingService covering Order Line Only vs Order Line and Hardware split types, non-Power/qty-1 exclusion, the no-Partition/Hardware seat-count skip (SC-3447 P3), bulk multi-order processing SOQL/DML budget, and the MAX_SYNC_CLONES guardrail.",Test class run by CI/deployment; not called at runtime.
PricebookEntryCascadeDeleter,Marc DeBrey,2026-04-30,Marc DeBrey,2026-04-30,impl,"Cascade-deletes a PricebookEntry along with all dependent records (OpportunityLineItem, AssetActionSource, AssetAction, Asset and its child records like AssetStatePeriod/AssetRelationship/AssetContractRelationship) to allow cleanup of orphaned/incorrect pricing data.","Invoked via @InvocableMethod (Cascade Delete Pricebook Entry), likely from an admin utility Flow or Screen Flow for data cleanup."
PricingCharacterizationTest,Liam Jeong,2026-07-07,Liam Jeong,2026-07-10,test,"Characterization tests pinning current behavior of PartnerPricingServiceV2's pure static methods (margin-for-product-type incl. E-04 Fortra-Originated fallback, guaranteed margin additive formula, discount pricing, and model selection hierarchy) using purely in-memory objects with no DML.",Test class run by CI/deployment to catch regressions during pricing consolidation; not called at runtime.
PricingException,Liam Jeong,2026-07-09,Liam Jeong,2026-07-10,impl,"Custom exception type extending AppException for deliberate, catchable, self-classifying throws within the pricing domain.",Thrown/caught by pricing hook/service Apex code (e.g. PricingHookLoggerTest constructs it to simulate a swallowed pricing exception).
PricingHookLogger,Liam Jeong,2026-07-09,Liam Jeong,2026-07-10,impl,"Facade over ExceptionLogger that publishes a Pricing_Exception__e platform event (with truncated hook name, phase, context id, exception type/message/stack trace) for a swallowed pricing prehook/posthook exception, without throwing or affecting the hook's TransactionStatus.",Called via logPrehook/logPosthook static methods from within pricing prehook/posthook Apex classes' top-level catch blocks; the published event is consumed by a subscriber Flow that persists it to Exception_Log__c.
PricingHookLoggerTest,Liam Jeong,2026-07-09,Liam Jeong,2026-07-10,test,"Unit test for PricingHookLogger verifying that logPosthook/logPrehook publish a Pricing_Exception__e that the subscriber Flow persists into Exception_Log__c with correct Source, Hook_Phase, Severity, Context_Id, and message text, including the null-exception path.",Test class run by CI/deployment; not called at runtime.
PricingPrehookTestFixtures,Marc DeBrey,2026-06-10,Liam Jeong,2026-06-27,impl,"Shared test-data builder for the pricing-prehook test suite, providing helpers to create Accounts, Hardware__c records, tag/itemNode map builders for ExpressionSet-style payloads, and an Asset+Activated Contract with COLA override (best-effort AssetContractRelationship linking) for COLA uplift tests.",Called by other @isTest pricing prehook test classes to build fixture data; includes a self-test (testAssetWithActivatedContractOverride) verifying the fixture itself.
PsmMismatchRemediationBatch,Nir Kailash,2026-07-06,Nir Kailash,2026-07-06,impl,One-time Database.Batchable remediation job that aligns ProductSellingModelOption defaults and creates missing Standard/Fortra PricebookEntry rows for a hardcoded list of PSM_MISMATCH ProductCodes per a mapping spreadsheet (One-Time vs Term Based - Annual selling models).,Run manually/one-off via Database.executeBatch (e.g. from anonymous Apex or Setup) to remediate data; not triggered by ongoing automation.
PsmoOrphanScanner,Liam Jeong,2026-05-16,Liam Jeong,2026-07-10,impl,"Stateful Database.Batchable diagnostic job that scans all PricebookEntry rows with a ProductSellingModelId and reports (via debug logs) counts of distinct (Product2, ProductSellingModel) combinations lacking a matching ProductSellingModelOption record.",Run manually via Database.executeBatch(new PsmoOrphanScanner()) for ad-hoc data-quality investigation; not triggered by ongoing automation.
Q2OConversionFaultHandler,Marc DeBrey,2026-06-08,Marc DeBrey,2026-06-08,impl,"Classifies a Convert-Quote-to-Order flow failure (governor limit, misleading/real Legal Entity issue, or other) into actionable end-user guidance and cleans up any orphaned Draft Order left behind by the failed conversion.",Invoked as a single-request @InvocableMethod (handle) from the Convert-Quote-to-Order Flow's fault path.
Q2OConversionFaultHandlerTest,Marc DeBrey,2026-06-08,Marc DeBrey,2026-06-08,test,Unit test for Q2OConversionFaultHandler.,"Test class; run by Apex test execution, exercises handle() and its private helpers via @TestVisible seams."
QLDescriptionCalculator,Liam Jeong,2026-07-08,Liam Jeong,2026-07-10,impl,"Pure, side-effect-free logic (extracted from QLDescriptionGeneratorPrehook) that builds QuoteLineItem Description strings from product name and configuration attributes, builds updateContextAttributes payloads, and parses queryTags responses.",Called internally by QLDescriptionGeneratorPrehook's thin wrapper methods; also called directly by its own unit tests.
QLDescriptionCalculatorTest,Liam Jeong,2026-07-08,Liam Jeong,2026-07-10,test,"Unit tests for QLDescriptionCalculator's description-building, context-update-payload-building, and queryTags-response-parsing logic.",Test class; run by Apex test execution.
QLDescriptionGeneratorPrehook,Marc DeBrey,2026-04-27,Liam Jeong,2026-07-09,impl,Pricing prehook that auto-generates QuoteLineItem.Description (Product Name plus ordered configuration-attribute segments including a special Unit Type segment) and writes it back via Context.IndustriesContext.updateContextAttributes since DML is forbidden in prehooks.,"Registered as a RevSignaling.SignalingApexProcessor in the Quote pricing procedure's prehook chain, invoked via execute(RevSignaling.TransactionRequest) during Quote repricing."
QLDescriptionGeneratorPrehookTest,Marc DeBrey,2026-04-27,Marc DeBrey,2026-07-06,test,"Unit tests for QLDescriptionGeneratorPrehook covering description assembly, unit-type segment rules, context-update payload shape, and data-driven QL_Description_Attribute__mdt configuration resolution.",Test class; run by Apex test execution.
QuoteCloneService,Joe Martinez,2025-09-10,Joe Martinez,2025-09-10,impl,"Clones a Quote and its QuoteLineItems in Revenue Cloud, optionally recalculating pricing and syncing the clone to its Opportunity via Opportunity.SyncedQuoteId.","@AuraEnabled methods invoked from a Lightning component/LWC (cloneQuote, cloneQuoteWithLines, syncQuoteToOpportunity, stopSyncingQuote, isQuoteSyncing); also has a @future method syncQuoteToOpportunityAsync for trigger-context calls."
QuoteCloneServiceTest,Joe Martinez,2025-09-10,Joe Martinez,2025-09-10,test,"Unit tests for QuoteCloneService's clone, sync, and total-calculation behavior.",Test class; run by Apex test execution.
QuoteCurrencyChangeService,Joe Martinez,2025-09-10,Joe Martinez,2025-09-10,impl,Recreates a Quote's line items (delete/reinsert) when the quote currency changes and logs an audit Task recording the currency change.,@InvocableMethod (handleCurrencyChange) called from a Flow that handles Quote currency-change events.
QuoteCurrencyChangeServiceTest,Marc DeBrey,2026-02-06,Marc DeBrey,2026-02-06,test,"Unit tests for QuoteCurrencyChangeService covering successful currency change, no-lines case, error handling, and bulk operation.",Test class; run by Apex test execution.
QuoteLineGroupTriggerHandler,Marc DeBrey,2026-01-31,Marc DeBrey,2026-04-16,impl,Propagates a QuoteLineGroup's Hardware__c change (set or cleared) to Hardware_Reference__c on all QuoteLineItems belonging to that group.,"Called from a QuoteLineGroup trigger's after-update context (handleHardwareChange(newGroups, oldMap))."
QuoteLineGroupTriggerHandlerTest,Marc DeBrey,2026-01-31,Marc DeBrey,2026-02-17,test,"Unit tests for QuoteLineGroupTriggerHandler covering hardware update/clear, bulk group updates, empty groups, and non-hardware field changes.",Test class; run by Apex test execution.
QuoteLineItemCurrencyCorrectionHandler,Liam Jeong,2026-07-09,Liam Jeong,2026-07-10,impl,"Before-insert guard (SC-3384) that re-points a QuoteLineItem's PricebookEntryId to the equivalent PricebookEntry in the parent Quote's currency when a mismatch is detected, so the platform's native currency-consistency validation passes.",Called from a QuoteLineItem before-insert trigger/handler (correctPricebookEntryCurrency(newItems)).
QuoteLineItemCurrencyCorrectionTest,Liam Jeong,2026-07-09,Liam Jeong,2026-07-10,test,"Unit tests verifying QuoteLineItemCurrencyCorrectionHandler re-points mismatched-currency PBEs, leaves matching PBEs untouched, and surfaces the native error when no matching-currency PBE exists.",Test class; run by Apex test execution.
QuoteLineItemExchangeRateService,Liam Jeong,2026-07-11,Liam Jeong,2026-07-11,impl,Stamps Exchange_Rate_To_USD__c on QuoteLineItems from a dated currency-conversion lookup and propagates that rate to the parent Opportunity when the line's Quote is the Opportunity's syncing Quote.,Called from QuoteLineItem trigger/before-save automation (stampRatesOnLines) and after-save automation (propagateRatesToOpportunities); runs without sharing for the Opportunity update.
QuoteLineItemExchangeRateServiceTest,Liam Jeong,2026-07-11,Liam Jeong,2026-07-11,test,"Unit tests for QuoteLineItemExchangeRateService covering bulk rate stamping, blank-currency skip, Opportunity propagation for synced vs non-synced quotes, and null/empty safety.",Test class; run by Apex test execution.
QuoteLineItemTriggerException,Liam Jeong,2026-07-11,Liam Jeong,2026-07-11,impl,"Domain exception type for QuoteLineItem trigger orchestration failures, extending AppException so failures are classifiable via Exception_Type__c.",Thrown/caught internally by QuoteLineItemTriggerHandler when any step in its pipeline fails; not invoked directly elsewhere.
QuoteLineItemTriggerHandler,Joe Martinez,2025-09-10,Liam Jeong,2026-07-11,impl,"Orchestrates the QuoteLineItem trigger pipeline in a fixed order: PBE currency correction, exchange-rate stamping, hardware-group linking, renewal born-net stamping, COLA uplift, renewal auto-add enqueue, asset-quantity normalization enqueue, and Opportunity rate propagation, with a re-entrancy guard and failure telemetry publishing.",Instantiated and called (beforeInsert/beforeUpdate/afterInsert/afterUpdate) from the QuoteLineItem trigger handler dispatch layer for every DML event on QuoteLineItem.
QuoteLineItemTriggerHandlerTest,Marc DeBrey,2026-01-31,Liam Jeong,2026-07-11,test,"Unit test for QuoteLineItemTriggerHandler, covering hardware-group auto-linking on insert/update/move/remove and the telemetry-publish-and-rethrow failure path.",Run by the Apex test runner (@isTest); not invoked in application code.
QuoteMigrationBatch,Marc DeBrey,2026-02-27,Marc DeBrey,2026-03-03,impl,"Batch Apex job that populates Revenue Cloud fields (ServiceDate, SubscriptionTerm, PeriodBoundary, etc.) on legacy migrated Quotes/QuoteLineItems, optionally reprices them via the pricing engine while preserving customer-accepted prices, optionally preps them for Q2O by setting Status=Accepted and creating pre-checked Operations Checklist items, then logs results and emails the initiating user.",Implements Database.Batchable/Stateful/AllowsCallouts; launched via Database.executeBatch from QuoteMigrationController.startMigration (LWC tool) or run manually in anonymous Apex.
QuoteMigrationBatchTest,Marc DeBrey,2026-02-27,Marc DeBrey,2026-03-03,test,"Unit test for QuoteMigrationBatch, covering successful execution, date-skip logic, price preservation, Q2O prep, empty-filter no-ops, field calculations, repricing, and checklist-item idempotency.",Run by the Apex test runner (@IsTest); not invoked in application code.
QuoteMigrationController,Marc DeBrey,2026-02-27,Marc DeBrey,2026-03-03,impl,"Aura/LWC controller exposing preview (record counts, field-gap analysis), batch-start, batch-status, and CSV-driven QuoteLineItemAttribute loading operations for the Quote Migration admin tool.","@AuraEnabled methods called from a Lightning Web Component migration UI; delegates to QuoteMigrationService, QuoteMigrationBatch, AttributeLoadingService, and AttributeLoadingBatch."
QuoteMigrationControllerTest,Marc DeBrey,2026-02-27,Marc DeBrey,2026-03-03,test,"Unit test for QuoteMigrationController, covering record-count/field-gap previews, migration start/status, defaults retrieval, and attribute CSV preview/load endpoints.",Run by the Apex test runner (@IsTest); not invoked in application code.
QuoteMigrationService,Marc DeBrey,2026-02-27,Nir Kailash,2026-06-22,impl,"Service layer for the Quote Migration tool providing record-count/field-gap analysis, CMT-driven default resolution, per-record field calculation (ServiceDate, SubscriptionTerm, PeriodBoundary) for legacy CPQ-to-Revenue-Cloud migration, price capture/restore around repricing, Flow-based Quote repricing invocation, and pre-checked Operations Checklist item creation for Q2O readiness.",Static utility methods called by QuoteMigrationController and QuoteMigrationBatch (start/execute/finish); repriceQuote invokes the Fortra_Quote_Reprice autolaunched Flow via Flow.Interview.
QuoteMigrationServiceTest,Marc DeBrey,2026-02-27,Marc DeBrey,2026-03-03,test,"Unit test for QuoteMigrationService, covering QLI field calculation edge cases (term length, PeriodBoundary Anniversary vs DayOfPeriod, existing-value preservation), default resolution, record counts, field-gap analysis, price capture/restore, and repriceQuote wrapper behavior.",Run by the Apex test runner (@IsTest); not invoked in application code.
QuotePriceStampQueueable,Nir Kailash,2026-06-22,Nir Kailash,2026-06-22,impl,"Re-stamps partner unit/source-list prices on a Quote's attribute-derived lines after RCA persist commits, preventing persistContextData from overwriting those stamps.",Implements Queueable; enqueued (System.enqueueJob) after a Quote reprice from the Transaction Line Editor to run PartnerNetPricePosthook.stampAttributeListPricesForQuote asynchronously.
QuoteRenewalTypeHandler,Nir Kailash,2026-06-07,Nir Kailash,2026-06-10,impl,Sets Quote_Type__c to 'Renewal' on asset-initiated renewal quotes (OriginalActionType='Renew') so Product Configuration Rules like Year 2 Maintenance AutoAdd evaluate correctly via the QuoteTypeText__c formula.,Static methods (applyRenewalQuoteType/normalizeRenewalQuoteType) called from a Quote trigger handler or Flow-invoking Apex during renewal quote creation/update.
QuoteRenewalTypeHandlerTest,Nir Kailash,2026-06-07,Nir Kailash,2026-06-10,test,"Unit test for QuoteRenewalTypeHandler, verifying Quote_Type__c is normalized to Renewal only when OriginalActionType='Renew', including null/empty/batch and idempotency cases.",Run by the Apex test runner (@IsTest); not invoked in application code.
QuoteRepricingController,Marc DeBrey,2026-01-31,Marc DeBrey,2026-03-17,impl,"Applies a header-level discount (percentage or amount, with proportionate/equal distribution logic) across a Quote's line items and provides quote-lock availability polling to avoid record-locking conflicts during repricing.","@AuraEnabled methods (repriceQuote, isQuoteAvailable, waitForQuoteAvailable) called from an LWC that applies header discounts on the Quote UI."
QuoteRepricingControllerTest,Marc DeBrey,2026-01-31,Marc DeBrey,2026-03-17,test,"Unit test for QuoteRepricingController, covering percentage and amount discount distribution (proportionate/equal/zero-subtotal), error paths, and quote-availability polling.",Run by the Apex test runner (@isTest); not invoked in application code.
QuoteSyncingTriggerHandler,Marc DeBrey,2026-02-02,Marc DeBrey,2026-02-02,impl,Detects when a Quote's IsSyncing flag flips to true for an Opportunity in the 'Order Processing' stage and triggers Operations Checklist initialization for that Opportunity.,Called from the Quote trigger's after-update handler (handleAfterUpdate); delegates to ChecklistInitializationService.initializeChecklistForQuote.
QuoteSyncingTriggerHandlerTest,Marc DeBrey,2026-02-02,Marc DeBrey,2026-02-02,test,"Unit test for QuoteSyncingTriggerHandler, verifying Quote_Checklist_Item__c creation logic tied to Opportunity stage and Quote.IsSyncing transitions.","Executed by the Apex test runner (@IsTest); calls QuoteSyncingTriggerHandler.processOpportunities and handleAfterUpdate directly, and fires QuoteSyncingTrigger via a Quote update."
QuoteSyncQueueable,Joe Martinez,2025-09-10,Joe Martinez,2025-09-10,impl,"Asynchronously sets Opportunity.SyncedQuoteId for one or more Quotes, since SyncedQuoteId cannot be updated in the same transaction as the Quote DML that triggered the sync.",Implements Queueable; enqueued (System.enqueueJob) from Quote-related trigger/Flow logic after a Quote is marked as the syncing quote for its Opportunity.
QuoteToOrderFieldMapper,Marc DeBrey,2026-04-16,Liam Jeong,2026-07-09,impl,"Invocable Q2O bridge that copies custom fields (Hardware, Partition, Bill/Ship place, Source_List_Price__c, ABA_Raw_Net__c) and maintenance/renewal carry-forward pricing from QuoteLineItems/Quote header onto the newly created Order/OrderItems after createOrderFromQuote.","Invoked from the Quote-to-Order Flow via @InvocableMethod mapFields, placed between createOrderFromQuote and SplitPowerOrderLines."
QuoteToOrderFieldMapperTest,Marc DeBrey,2026-04-16,Nir Kailash,2026-06-12,test,"Unit test for QuoteToOrderFieldMapper covering line-level field mapping, header Bill/Ship carryover, renewal and new-business maintenance base overwrite, and SOQL/DML budget checks.",Executed by the Apex test runner (@isTest); calls QuoteToOrderFieldMapper.mapFields with constructed MapRequest objects.
RCACatalogTreeController,Joe Martinez,2026-03-30,Marc DeBrey,2026-04-15,impl,"LWC controller exposing ProductCatalog/ProductCategory tree navigation, active/cumulative product counts, and lazy-loading tree-node data for the RCA Product Creator catalog browser.","Called from a Lightning Web Component via @AuraEnabled(cacheable=true)/@AuraEnabled methods (getProductCatalogs, getCategoriesForCatalog, getTreeRoot, getTreeChildren, etc.)."
RCACatalogTreeControllerTest,Joe Martinez,2026-03-30,Marc DeBrey,2026-04-15,test,"Unit test for RCACatalogTreeController validating catalog/category/product tree queries, active-product filtering, and wrapper class behavior.",Executed by the Apex test runner (@isTest); calls the controller's @AuraEnabled static methods directly.
RCAProductCreationController,Marc DeBrey,2026-03-31,Marc DeBrey,2026-04-15,impl,"LWC controller for the RCA Product Creator UI handling CSV/Excel upload parsing, reference-data retrieval, product search, and delegating validation/creation to RCAProductCreationService.","Called from a Lightning Web Component via @AuraEnabled methods (parseCSVFile, validateProducts, createProducts, getReferenceData, searchProducts, etc.)."
RCAProductCreationControllerTest,Marc DeBrey,2026-03-31,Marc DeBrey,2026-04-15,test,"Unit test for RCAProductCreationController covering CSV parsing (quotes, bundle components, line endings), reference data, search, and product creation delegation.",Executed by the Apex test runner (@isTest); calls the controller's @AuraEnabled static methods directly.
RCAProductCreationService,Marc DeBrey,2026-03-31,Marc DeBrey,2026-04-15,impl,"Bulk service that creates Product2 records plus related ProductSellingModelOption, ProductCategoryProduct, PricebookEntry, ProductComponentGroup, and ProductRelatedComponent records for simple and bundle products during RCA product migration.","Invoked by RCAProductCreationController's @AuraEnabled createProducts/validateProducts methods, and exposes its own @AuraEnabled(cacheable=true) reference-data getters called from the LWC."
RCAProductCreationServiceTest,Marc DeBrey,2026-03-31,Marc DeBrey,2026-04-15,test,"Unit test for RCAProductCreationService covering simple/bundle product creation, bulk creation, validation error cases, and default wrapper values.",Executed by the Apex test runner (@isTest); calls RCAProductCreationService.createProducts/validateRequests and reference-data getters directly.
RCATechnicalProductController,Marc DeBrey,2026-03-31,Marc DeBrey,2026-04-15,impl,"LWC controller for the RCA Technical Product Creator UI, providing commercial-product search (with Workday fields), suggested technical-product naming, and spreadsheet upload parsing/validation.","Called from a Lightning Web Component via @AuraEnabled methods (searchCommercialProducts, getProductsByIds, getSuggestedTechnicalProduct, parseSpreadsheet, createTechnicalProducts, etc.)."
RCATechnicalProductControllerTest,Marc DeBrey,2026-03-31,Marc DeBrey,2026-04-15,test,"Unit test for RCATechnicalProductController covering commercial product search/filtering, Workday field propagation, suggested technical product naming with code-conflict resolution, and technical product creation.",Executed by the Apex test runner (@isTest); calls the controller's @AuraEnabled static methods directly.
RCATechnicalProductService,Joe Martinez,2026-03-30,Marc DeBrey,2026-04-15,impl,"Service that bulk-creates Technical Product2 records (no Type/DecompositionScope) plus ProductFulfillmentDecompRule links and inherited ProductSellingModelOption/PricebookEntry/ProductCategoryProduct records from their commercial-product source, rolling back the whole batch via savepoint if any related record fails.",Invoked by RCATechnicalProductController's createTechnicalProducts/validateRequests @AuraEnabled methods (JSON-deserialized requests from the LWC).
RCATechnicalProductServiceTest,Joe Martinez,2026-03-30,Marc DeBrey,2026-04-15,test,"Unit test for RCATechnicalProductService covering technical product creation, decomp rule creation, inheritance of Workday/Fortra fields, and bulk-copy of PSMO/PricebookEntry/ProductCategoryProduct related records including partial-failure and no-related-records scenarios.",Executed by the Apex test runner (@isTest); calls RCATechnicalProductService.createTechnicalProducts/validateRequests directly.
RealEmailSenderResult,Keith Irwin,2026-03-11,Keith Irwin,2026-03-11,impl,"Thin wrapper implementing IEmailSenderResult around Salesforce's Messaging.SendEmailResult, exposing isSuccess/getErrorMessage for production email sends.","Instantiated by DefaultEmailSender after calling Messaging.sendEmail, wrapping each SendEmailResult for callers coded against the IEmailSenderResult interface."
RealEmailSenderResultTest,Keith Irwin,2026-03-11,Keith Irwin,2026-04-03,test,"Unit test for RealEmailSenderResult and DefaultEmailSender, verifying success/error wrapping of Messaging.SendEmailResult and interface delegation.",Executed by the Apex test runner (@isTest); sends test emails via Messaging.sendEmail/DefaultEmailSender and asserts on the wrapped IEmailSenderResult.
RegionalPricingCalculator,Liam Jeong,2026-07-07,Liam Jeong,2026-07-10,impl,"Pure utility for regional-services pricing: resolves a country's multiplier from a CMDT-sourced map (default 1.0), evaluates CMDT effective-dating windows, and computes the adjusted price as list price times multiplier rounded up to the nearest $5.","Called as a stateless helper by pricing prehooks/services (e.g., regional pricing multiplier application in ExpressionSet prehooks) needing country-multiplier lookup, effective-date checks, or $5-rounded price calculation; not itself an entry point (no @InvocableMethod/Aura/Rest annotations)."
RegionalPricingCalculatorTest,Liam Jeong,2026-07-07,Liam Jeong,2026-07-10,test,"Unit tests pinning RegionalPricingCalculator's country-multiplier lookup, effective-dating window logic, and round-up-to-nearest-$5 adjusted-price formula.",@isTest class; run by the Apex test runner as characterization coverage for RegionalPricingCalculator (no DML/RCA runtime).
RegionalServicesPricingPrehook,Marc DeBrey,2026-01-29,Liam Jeong,2026-07-09,impl,"Revenue Cloud pricing prehook that applies country-based regional multipliers (from Services_Regional_Pricing__mdt) to line ListPrice/UnitPrice, stamping UnitPrice and audit/waterfall fields like RegionalNetUnitPrice__c.",Invoked by RCA/RLM pricing orchestration as a RevSignaling.SignalingApexProcessor (registered ExpressionSet prehook) via its execute(TransactionRequest) method.
RegionalServicesPricingPrehookTest,Marc DeBrey,2026-01-29,Marc DeBrey,2026-06-10,test,"Test class covering RegionalServicesPricingPrehook's multiplier lookup, price rounding, item-update building, node assembly, context submission, and tag-parsing helper methods.",@IsTest class exercising RegionalServicesPricingPrehook's public/@TestVisible methods directly and via live Context.IndustriesContext calls.
RenewalAssetQuantityHandler,Nir Kailash,2026-06-11,Liam Jeong,2026-07-10,impl,"Normalizes asset-copied Renewal/New Maintenance QuoteLineItem billing Quantity to match the source Asset's quantity, flipping No Change QuoteActions to Renew (renewal) or Amend (new business, SC-3346/3412/3413) so the platform permits the non-zero quantity.","Called from QuoteLineItem after-insert trigger logic (enqueueQuantityNormalization) which defers to a Queueable, or directly via applyAssetQuantitiesForQuotes for tests/manual invocation."
RenewalAssetQuantityHandlerTest,Nir Kailash,2026-06-11,Liam Jeong,2026-06-16,test,"Unit and integration tests for RenewalAssetQuantityHandler's quantity-resolution, normalization-needed checks, and QuoteAction/QuoteLineItem update building for both Renewal Maintenance and New Maintenance product types.",@IsTest class invoking RenewalAssetQuantityHandler's public and @TestVisible static methods with hand-built and DML-inserted fixtures.
RenewalAssetQuantityQueueable,Nir Kailash,2026-06-11,Liam Jeong,2026-07-11,impl,"Async job that runs asset-quantity normalization and chains the renewal maintenance provisioning step after Place Sales Transaction completes during Asset Renew, publishing Pricing_Exception__e on failure instead of silently dropping (SC-3346).",Enqueued via System.enqueueJob from RenewalAssetQuantityHandler.enqueueQuantityNormalization; implements Queueable.execute(QueueableContext).
RenewalAssetQuantityQueueableTest,Liam Jeong,2026-07-11,Liam Jeong,2026-07-11,test,Tests the no-op/no-throw guarded execution path and the SC-3346 failure-telemetry publishFailure helper of RenewalAssetQuantityQueueable.,@isTest class calling execute(null) and publishFailure() directly on constructed RenewalAssetQuantityQueueable instances.
RenewalColaPayloadBuilder,Liam Jeong,2026-07-08,Liam Jeong,2026-07-13,impl,"Pure builder of ExpressionSet context-update payloads for renewal-COLA pricing, producing distinct output-only 'commit' (Subtotal/TotalLineAmount, no COLA stamp) and 'maintenance' (COLACalculatedPrice__c stamp) attribute sets to avoid SC-3350's input-attribute batch-poisoning bug.",Called by renewal-COLA pricing hooks (e.g. PartnerNetPricePosthook/renewal COLA builders) to assemble updateContextAttributes payloads; no SOQL/DML itself.
RenewalColaPayloadBuilderTest,Liam Jeong,2026-07-08,Liam Jeong,2026-07-13,test,"Unit tests verifying the exact attribute composition, ordering, and exclusions of RenewalColaPayloadBuilder's commit and maintenance payloads.",@IsTest class calling buildCommitPayload/buildMaintenancePayload directly and asserting on the returned map structure.
RenewalForecastAmount,Marc DeBrey,2026-06-24,Marc DeBrey,2026-06-24,impl,"Computes a Contract's standing renewal-forecast Opportunity Amount as the sum of recurring (term-based) Asset ARR (CurrentMrr x 12), uplifted by the contract's COLA override percent or the standard/CMDT default.","@InvocableMethod 'Calculate Renewal Forecast Amount' called from a Flow, given a list of Contract Ids."
RenewalForecastAmountTest,Marc DeBrey,2026-06-24,Marc DeBrey,2026-06-24,test,"Tests RenewalForecastAmount's ARR computation, COLA-override resolution (including expiry), default-COLA fallback, and the invocable entry point.",@isTest class calling the static computeAmount/resolveContractColaPct methods and the @InvocableMethod calculate() with a Contract fixture.
RenewalMaintenanceAutoAddHandler,Nir Kailash,2026-06-23,Liam Jeong,2026-07-10,impl,Programmatic fallback that adds a Renewal Maintenance (RRM) line and runs carryover cleanup when a renewal quote has BoKS perpetual but no renewal maintenance line; production now relies on the Year 2 Product Configuration Rule instead.,enqueueIfNeeded called from QuoteLineItem trigger logic to defer carryover cleanup; ensureRenewalMaintenancePresent invoked manually/by batch for the BoKS RRM auto-add fallback.
RenewalMaintenanceAutoAddHandlerTest,Nir Kailash,2026-06-23,Nir Kailash,2026-06-24,test,"Tests RenewalMaintenanceAutoAddHandler's no-op guards, BoKS-perpetual-triggered RRM auto-add, carryover-cleanup enqueue, and currency-matched Pricebook Entry selection in loadQuoteContexts.",@IsTest class (one method @SeeAllData=true against live BoKS catalog data) invoking the handler's public and @TestVisible methods.
RenewalMaintenanceCatalogBatchTest,Liam Jeong,2026-07-10,Liam Jeong,2026-07-10,test,Verifies RenewalMaintenanceCatalogProvisionBatch's dry-run mode performs zero DML against the live catalog.,"@isTest(SeeAllData=true) class that runs Database.executeBatch(new RenewalMaintenanceCatalogProvisionBatch(true), 50) and asserts record counts are unchanged."
RenewalMaintenanceCatalogProvisionBatch,Liam Jeong,2026-07-10,Liam Jeong,2026-07-10,impl,Batch job that completes the catalog for 'renew maintenance as itself' by adding non-default annual TermDefined ProductSellingModelOptions and mirrored PricebookEntries for active New-Maintenance products lacking a TermDefined selling model.,"Implements Database.Batchable<SObject>/Database.Stateful; invoked via Database.executeBatch(new RenewalMaintenanceCatalogProvisionBatch(dryRun), scopeSize) as an ad hoc/scheduled catalog-provisioning job."
RenewalMaintenanceColaCalculator,Liam Jeong,2026-07-07,Liam Jeong,2026-07-10,impl,"Pure calculator for renewal-maintenance COLA-uplifted commercial net price, handling prior-partner/discretionary discount dollars, contributor-base detection, and fallback to the prior year's stamped COLA net.","Invoked by renewal pricing hooks/posthooks (e.g. PartnerNetPricePosthook and related COLA logic) as a pure helper — no SOQL/DML, called directly from Apex."
RenewalMaintenanceColaCalculatorTest,Liam Jeong,2026-07-07,Liam Jeong,2026-07-10,test,"Unit tests for RenewalMaintenanceColaCalculator, covering COLA net computation off base price minus prior partner/discretionary discounts, contributor-base fallback to stamped COLACalculatedPrice, and discretionary/partner percent resolution helpers.",Test class exercised by the Apex test runner (@IsTest) against RenewalMaintenanceColaCalculator's static methods; not invoked from Flow or triggers.
RenewalMaintenanceNetCalculator,Liam Jeong,2026-07-13,Liam Jeong,2026-07-13,impl,"Pure, dependency-free calculator for the first-renewal derived-maintenance net: (source-asset gross base − prior partner$ − prior discretionary$) × (1 + COLA%), the client's three-component renewal model used in the DPP pricing procedure.",Invoked as a plain static utility method (computeFirstRenewalNet) from other Apex classes/pricing hooks that need a deterministic renewal-maintenance net calculation; no SOQL/DML so it is callable from any context.
RenewalMaintenanceNetCalculatorTest,Liam Jeong,2026-07-13,Liam Jeong,2026-07-13,test,Unit tests for RenewalMaintenanceNetCalculator validating the three-component first-renewal net formula against client/BoKS worked examples and null/non-positive guard behavior.,Test class (@IsTest) run by the Apex test framework against RenewalMaintenanceNetCalculator.computeFirstRenewalNet.
RenewalMaintenancePricingService,Nir Kailash,2026-06-11,Liam Jeong,2026-07-10,impl,"Writes COLA-uplifted net prices into the RLM pricing context (Context.IndustriesContext) for renewal-maintenance quote lines when DPP leaves NetUnitPrice at zero, both mid-transaction and as a post-persist finalize pass.",Exposes an @InvocableMethod (applyRenewalMaintenanceNetPrices) called from a Flow/pricing procedure hook during quote reprice/persist; also called directly as Apex (finalizeRenewalMaintenanceAfterPricing) after main pricing completes.
RenewalMaintenancePricingServiceTest,Nir Kailash,2026-06-11,Liam Jeong,2026-06-12,test,"Unit/integration tests for RenewalMaintenancePricingService covering COLA net computation, line-total resolution, context-update path parsing, and the invocable request/response wrapper behavior via test-only I/O seams.","Test class (@IsTest) invoking RenewalMaintenancePricingService's public/TestVisible methods, including simulated Context API responses via the class's TestVisible override seams."
RenewalMaintenanceProvisionService,Liam Jeong,2026-07-10,Liam Jeong,2026-07-12,impl,"On a renewal quote, replaces each owned OneTime New-Maintenance carryover line with the same product on a TermDefined selling model sourced as a Renew node from the customer's asset, so pricing commits the uplifted COLA net instead of freezing at $0; publishes a warning when no matching TermDefined PricebookEntry exists.",Invoked as Apex (provision(Set<Id> quoteIds)) from trigger/handler logic on renewal quote line changes; not exposed via @InvocableMethod.
RenewalMaintenanceProvisionServiceTest,Liam Jeong,2026-07-10,Liam Jeong,2026-07-11,test,"Unit tests for RenewalMaintenanceProvisionService's guard/no-op paths (bypass flag, empty/null inputs, bulk non-carryover quotes) and the missing-TermDefined-PBE warning telemetry, noting the full DML swap path is only testable as a live RLM integration test.",Test class (@IsTest) run by the Apex test framework against RenewalMaintenanceProvisionService.provision and publishMissingTermDefinedPbeWarning.
RenewalQuoteActionStamp,Liam Jeong,2026-06-15,Liam Jeong,2026-07-10,impl,"Before-insert handler that mints (or reuses) a Type='Renew' QuoteAction for configurator-auto-added renewal-maintenance quote lines lacking one, anchoring it to the customer's owned New Maintenance (preferred) or Perpetual asset so the line prices as a born Renew node.","Called from a QuoteLineItem before-insert trigger handler (synthesizeRenewQuoteActions), mutating in-memory QLI records to set QuoteActionId before persist."
RenewalQuoteActionStampTest,Liam Jeong,2026-06-15,Liam Jeong,2026-07-10,test,"Unit tests for RenewalQuoteActionStamp verifying preference for New Maintenance over Perpetual assets, no-stamp when no eligible asset exists, QuoteAction reuse/dedup, non-renewal-maintenance skip, bypass flag, and bulk stamping.",Test class (@IsTest) that inserts QuoteLineItem records to trigger RenewalQuoteActionStamp via the QuoteLineItem before-insert trigger.
RenewalQuoteAutoCreator,Marc DeBrey,2026-06-24,Marc DeBrey,2026-06-24,impl,"Auto-creates renewal quotes for contracts entering the configured lead-time window by selecting the contract's own top-level term-based assets and firing the renewal engine (initiateRenewal Invocable.Action) headlessly against the standing renewal Opportunity, then stamps Quote_Type__c and Renewal_Status__c.",Implements Schedulable (execute() calls run()) for a scheduled Apex job; also exposes runForContract(Id) for manual/admin single-contract retries.
RenewalQuoteAutoCreatorTest,Marc DeBrey,2026-06-24,Marc DeBrey,2026-06-24,test,"Unit tests for RenewalQuoteAutoCreator's pure asset-selection logic (excluding bundle components and no-term assets), the ISO date formatting helper, and a no-eligible-contracts smoke test of run().","Test class (@IsTest) invoking RenewalQuoteAutoCreator.selectRenewableAssets, toIso, and run() directly."
RenewalQuoteHeaderHandler,Nir Kailash,2026-06-11,Nir Kailash,2026-06-11,impl,"Stamps renewal quote header/commercial/routing fields (opportunity, legal entity, partner, billing/shipping places, etc.) from the source order's quote on the contract, when the platform Asset Renew flow creates a bare renewal quote.",Invoked from a Quote before-insert trigger handler (applyRenewalQuoteHeaders) for quotes identified as renewal context via OriginalActionType or Quote_Type__c.
RenewalQuoteHeaderHandlerTest,Nir Kailash,2026-06-11,Liam Jeong,2026-06-12,test,"Unit tests for RenewalQuoteHeaderHandler covering renewal-context detection, contract-id resolution, source-quote lookup (via Contract.SourceQuoteId or fallback Order), and field-copy-if-blank stamping behavior, including end-to-end trigger insert.",Test class (@IsTest) that inserts Quote records to exercise the trigger path and also calls RenewalQuoteHeaderHandler's TestVisible methods directly.
RenewalQuoteLineCleanupQueueable,Nir Kailash,2026-06-10,Liam Jeong,2026-07-11,impl,"Defers post-persist quote-line cleanup (renewal carryover removal and new-business maintenance dedupe) until after Place Sales Transaction completes, since synchronous deletes during after-insert break TLE Configure + Save.",Implements Queueable; enqueued via System.enqueueJob from RenewalQuoteLineHandler.enqueueCarryoverCleanup on QuoteLineItem trigger events.
RenewalQuoteLineCleanupQueueableTest,Nir Kailash,2026-06-10,Nir Kailash,2026-06-23,test,Unit tests for RenewalQuoteLineCleanupQueueable verifying it no-ops on empty quote sets and correctly removes New/Renewal Maintenance carryover lines when a Renewal Maintenance line is present on a renewal quote.,Test class (@IsTest) that enqueues RenewalQuoteLineCleanupQueueable via System.enqueueJob and asserts resulting QuoteLineItem state.
RenewalQuoteLineHandler,Nir Kailash,2026-06-07,Nir Kailash,2026-06-24,impl,"Removes asset-renewal carryover lines (New Maintenance/Perpetual) from renewal quotes once a properly-configured Renewal Maintenance line exists, guarding against deleting carryover before Year-2 config rules run and excluding programmatic Add-type RRM fallback lines.","Called from a QuoteLineItem trigger handler (enqueueCarryoverCleanup enqueues RenewalQuoteLineCleanupQueueable in production, or runs synchronously in test context; removeNewMaintenanceCarryover offers a direct/manual entry point)."
RenewalQuoteLineHandlerCoverageTest,Nir Kailash,2026-06-23,Nir Kailash,2026-06-23,test,"Additional unit tests providing extra coverage for RenewalQuoteLineHandler's carryover-cleanup logic (renewal quote resolution, New Maintenance removal once Renewal Maintenance is present, and no-op guards).",Test class run by the Apex test runner; exercises RenewalQuoteLineHandler static methods directly (no direct production callers).
RenewalQuoteLineHandlerTest,Nir Kailash,2026-06-07,Nir Kailash,2026-06-24,test,"Unit tests for RenewalQuoteLineHandler verifying that stale 'New Maintenance'/'Perpetual' carryover quote lines are deleted once a 'Renewal Maintenance' line exists on a Renewal-type Quote, including guard conditions like programmatic Renewal-Maintenance adds.","Test class run by the Apex test runner; invokes RenewalQuoteLineHandler methods (resolveRenewalQuoteIds, removeNewMaintenanceCarryover*, findQuotesWithRenewalMaintenance) via QuoteLineItem insert/DML triggers and direct static calls."
SequentialDiscountCalculator,Liam Jeong,2026-07-08,Liam Jeong,2026-07-10,impl,"Pure, stateless utility that applies a single percent-off discount to a base amount (base x (1 - percent/100), rounded HALF_UP to 2 decimals), shared by derived-maintenance and attribute-stamp pricing builders.",Invoked as a helper/service method from other Apex pricing classes (derived maintenance / attribute stamp builders); no SOQL/DML/Flow exposure of its own.
SequentialDiscountCalculatorTest,Liam Jeong,2026-07-08,Liam Jeong,2026-07-10,test,Unit tests for SequentialDiscountCalculator covering null/zero/negative percent no-op behavior and HALF_UP rounding on positive discounts.,Unit test for SequentialDiscountCalculator; run by the Apex test runner.
SiteLoginController,Joe Martinez,2025-11-20,Joe Martinez,2025-11-21,impl,Visualforce page controller exposing Salesforce Site/Community guest-user login (username/password) functionality.,Bound to a Site/Experience Cloud login Visualforce page as its `global` controller; login() invoked on page form submission via Site.login().
SiteLoginControllerTest,Joe Martinez,2025-11-20,Joe Martinez,2025-11-21,test,Unit test for SiteLoginController verifying the login() method executes and returns a PageReference (null in test context) for a given username/password.,Unit test for SiteLoginController; run by the Apex test runner with SeeAllData=true.
SiteRegisterController,Joe Martinez,2025-11-20,Joe Martinez,2025-11-21,impl,"Visualforce page controller that self-registers a new Experience Cloud/portal user (creates a User via Site.createPortalUser) against a hardcoded portal Account, validating password confirmation match.",Bound to a Site self-registration Visualforce page; registerUser() invoked on form submission by a guest/unauthenticated site visitor.
SiteRegisterControllerTest,Joe Martinez,2025-11-20,Joe Martinez,2025-11-21,test,Unit test for SiteRegisterController validating that registerUser() returns null when invoked outside a guest-user site context and exercising password mismatch handling.,Unit test for SiteRegisterController; run by the Apex test runner with SeeAllData=true.
TerritoryFlowHelper,Joe Martinez,2025-08-29,Joe Martinez,2026-05-27,impl,"Resolves sales-territory assignment for inbound Leads/Marketing Products by cascading through named-account, industry, country/state/zip, solution-group/category, and unit-only matching rules, producing Product_Assignment__c records (falling back to an Unassociated Inquiries queue when no territory matches).",Invoked from Flow via @InvocableMethod 'Get Product Assignments' (Lead/Account routing and territory-assignment automation).
TerritoryFlowHelperTest,Joe Martinez,2025-08-29,Joe Martinez,2026-03-24,test,"Unit tests for TerritoryFlowHelper covering each territory-matching tier (named account, industry+country/state/zip, solution category/group, unit-only, group default, no-match) including a Notification process-type variant.","Unit test for TerritoryFlowHelper; run by the Apex test runner, calling TerritoryFlowHelper.getProductAssignments directly."
testemaildeliverbility,Sachin Gupta,2026-04-27,Sachin Gupta,2026-04-27,impl,Empty placeholder Apex class with no logic or members.,Not invoked anywhere; appears to be an unused/leftover stub class.
TextParse,Joe Martinez,2025-09-10,Joe Martinez,2025-09-10,impl,"Generic text-parsing utility that splits semicolon-delimited strings into a list, with an optional mode to extract 3-letter ISO currency codes (from formats like 'AUD - Australian Dollar') and look up each code's CurrencyType conversion rate.",Invoked from Flow via @InvocableMethod 'Parse Text Variables' (e.g. parsing multi-value picklist/text fields or resolving currency codes/rates for pricing flows).
UpdatePricebookEntriesInvocable,Marc DeBrey,2026-02-06,Marc DeBrey,2026-02-06,impl,"Bulk-updates or creates PricebookEntry records (including auto-creating missing Standard Pricebook entries and fixing missing ProductSellingModelId via delete/recreate) for a Product2 across multiple currencies, deduplicating any existing duplicate entries per currency.",Invoked from Flow via @InvocableMethod 'Update Pricebook Entry Prices' (specifically Fortra_Product_Update_Currency_Prices_SubFlow) to work around Flow's inputReference/inputAssignments limitation for multi-currency price updates.
