67.0 APEX_CODE,FINEST;APEX_PROFILING,FINEST;CALLOUT,FINEST;DATA_ACCESS,INFO;DB,FINEST;NBA,FINE;SYSTEM,FINE;VALIDATION,INFO;VISUALFORCE,FINER;WAVE,FINEST;WORKFLOW,FINER
19:39:01.0 (924021)|USER_INFO|[EXTERNAL]|005WC00000MgTN2|liam.jeong.c@fortra.com.uat|(GMT-07:00) Pacific Daylight Time (America/Los_Angeles)|GMT-07:00
19:39:01.0 (2229778)|FLOW_CREATE_INTERVIEW_BEGIN|00DWC000006eUFF|300WC00000M7PJb|301WC00000gGsfN
19:39:01.0 (2286553)|FLOW_CREATE_INTERVIEW_END|2134bb41211f402b20721415ac9b19ebed4f646-5950|Fortra &#124; Quote &#124; Count Maintenance - Create
19:39:01.3 (3024897)|USER_INFO|[EXTERNAL]|005WC00000MgTN2|liam.jeong.c@fortra.com.uat|(GMT-07:00) Pacific Daylight Time (America/Los_Angeles)|GMT-07:00
19:39:01.3 (3048554)|FLOW_START_INTERVIEWS_BEGIN|1
19:39:01.3 (3096093)|FLOW_START_INTERVIEW_BEGIN|2134bb41211f402b20721415ac9b19ebed4f646-5950|Fortra &#124; Quote &#124; Count Maintenance - Create
19:39:01.3 (3167792)|FLOW_START_INTERVIEW_LIMIT_USAGE|SOQL queries: 0 out of 200
19:39:01.3 (3223916)|FLOW_START_INTERVIEW_LIMIT_USAGE|SOQL query rows: 0 out of 50000
19:39:01.3 (3228360)|FLOW_START_INTERVIEW_LIMIT_USAGE|SOSL queries: 0 out of 20
19:39:01.3 (3232837)|FLOW_START_INTERVIEW_LIMIT_USAGE|DML statements: 0 out of 150
19:39:01.3 (3236248)|FLOW_START_INTERVIEW_LIMIT_USAGE|DML rows: 0 out of 10000
19:39:01.3 (3240128)|FLOW_START_INTERVIEW_LIMIT_USAGE|CPU time in ms: 3 out of 65000
19:39:01.3 (3252117)|FLOW_START_INTERVIEW_LIMIT_USAGE|Heap size in bytes: 0 out of 12000000
19:39:01.3 (3256082)|FLOW_START_INTERVIEW_LIMIT_USAGE|Callouts: 0 out of 100
19:39:01.3 (3259422)|FLOW_START_INTERVIEW_LIMIT_USAGE|Email invocations: 0 out of 10
19:39:01.3 (3262555)|FLOW_START_INTERVIEW_LIMIT_USAGE|Future calls: 0 out of 50
19:39:01.3 (3266060)|FLOW_START_INTERVIEW_LIMIT_USAGE|Jobs in queue: 0 out of 50
19:39:01.3 (3269532)|FLOW_START_INTERVIEW_LIMIT_USAGE|Push notifications: 0 out of 10
19:39:01.3 (3348480)|FLOW_VALUE_ASSIGNMENT|2134bb41211f402b20721415ac9b19ebed4f646-5950|start__scheduledPath|_0
19:39:01.3 (3352209)|FLOW_VALUE_ASSIGNMENT|2134bb41211f402b20721415ac9b19ebed4f646-5950|start__scheduledPathType|AsyncAfterCommit
19:39:01.3 (44811008)|FLOW_VALUE_ASSIGNMENT|2134bb41211f402b20721415ac9b19ebed4f646-5950|$Record|{Id=0Q0WC0000037XvB0AU, OwnerId=005WC00000DZ6xVYAT, IsDeleted=false, Name=Renewal Quote, CurrencyIsoCode=USD, CreatedDate=2026-06-10 19:33:47, CreatedById=005WC00000DZ6xVYAT, LastModifiedDate=2026-06-13 02:39:00, LastModifiedById=005WC00000MgTN2YAN, SystemModstamp=2026-06-13 02:39:00, LastViewedDate=null, LastReferencedDate=null, OpportunityId=006WC00000QqAqjYAF, Pricebook2Id=01sWC0000022GHFYA2, ContactId=003WC00000wxDZJYA2, QuoteNumber=00781043, IsSyncing=false, ShippingHandling=null, Tax=null, Status=Draft, ExpirationDate=null, Description=null, Subtotal=0.0, TotalPrice=0.0, LineItemCount=1, BillingStreet=11095 Viking Drive, Suite 100, BillingCity=Eden Prairie, BillingState=Minnesota, BillingPostalCode=55344, BillingCountry=United States, BillingStateCode=MN, BillingCountryCode=US, BillingLatitude=null, BillingLongitude=null, BillingGeocodeAccuracy=null, ShippingStreet=11095 Viking Drive, Suite 100, ShippingCity=Eden Prairie, ShippingState=Minnesota, ShippingPostalCode=55344, ShippingCountry=United States, ShippingStateCode=MN, ShippingCountryCode=US, ShippingLatitude=null, ShippingLongitude=null, ShippingGeocodeAccuracy=null, QuoteToStreet=null, QuoteToCity=null, QuoteToState=null, QuoteToPostalCode=null, QuoteToCountry=United States, QuoteToStateCode=null, QuoteToCountryCode=US, QuoteToLatitude=null, QuoteToLongitude=null, QuoteToGeocodeAccuracy=null, AdditionalStreet=null, AdditionalCity=null, AdditionalState=null, AdditionalPostalCode=null, AdditionalCountry=United States, AdditionalStateCode=null, AdditionalCountryCode=US, AdditionalLatitude=null, AdditionalLongitude=null, AdditionalGeocodeAccuracy=null, BillingName=null, ShippingName=null, QuoteToName=null, AdditionalName=null, Email=null, Phone=null, Fax=null, ContractId=800WC00000S5ub1YAB, SalesTransactionTypeId=1ChWC0000002eJ70AI, TransactionType=Fortra_Advanced_Pricing, PricingContractId=null, CalculationStatus=Saving, AccountId=null, QuoteAccountId=001WC00000kTYyNYAW, Discount=0.0, GrandTotal=0.0, CanCreateQuoteLineItems=false, BillToContactId=003WC00000wxDZJYA2, PartnerAccountId=001WC00000ZtazZYAR, LastPricedDate=null, ServiceDocumentTemplate=null, OriginalActionType=Renew, StartDate=2026-06-10 00:00:00, LegalEntityId=0fwWC000000034LYAQ, ValidationResult=null, RelatedQuoteId=null, RelatedQuoteType=null, LineGroupCount=0, AdjustmentDistributionLogic=null, AppliedDiscountAmount=null, AppliedDiscount=null, TotalPriceOverride=null, Quote_Type__c=Renewal, Bill_To_Place__c=a0lWC000004n3DlYAI, End_User_Place__c=null, Install_Place__c=null, IsPrimary__c=false, Partner_Place__c=null, Primary_Place__c=null, Regulatory_Place__c=null, Service_Place__c=null, Ship_To_Place__c=a0lWC000004n3DlYAI, ALE__c=0.0, AWS_Marketplace_Agreement_ID__c=null, AWS_Marketplace_Offer_ID__c=null, Annual_Contract_Value_ACV__c=0.0, Annual_Revenue_Base_old__c=null, Annualized_License_Equivalent_Base__c=0.0, Annuial_Revenue_Base__c=0.0, Approval_Status__c=None, QuoteTypeText__c=Renewal, Auto_Invoice_Date__c=null, Auto_Renewal__c=false, BDR__c=null, Channel_MSP_Pricing_Discount_Approval__c=false, Compliance_Notes__c=null, Contains_Offensive_Security__c=false, Corporate_Currency_Amount__c=0.0, Cross_Sale_Type__c=null, Account_Billing_Account__c=null, Disable_Export_Control__c=false, Distributor__c=null, Export_Compliance_Status__c=Pending, Latest_Effective_End_Date__c=null, Maintenance_Discount_Approval__c=false, Manually_Sent__c=false, Original_Opportunity_Currency__c=null, PO__c=null, Perpetual_Pricing_Discount_Approval__c=false, Referral_Partner__c=null, Renewal_Value__c=null, Reseller__c=null, Services_Discount_Approval__c=false, Show_Hide_Discounts__c=Show, Show_Hide_Free_Products__c=Show, Show_Hide_Product_Number__c=Show, Subscription_Pricing_Discount_Approval__c=false, Terms_and_Conditions__c=false, Total_Contract_Value_TCV__c=0.0, Total_Discount_Amount__c=0.0, Total_Renewal__c=null, Total_Services__c=null, Total_Software__c=null, Total_Subscription__c=null, User__c=null, Max_Discount_on_QLIs__c=null, Legacy_Id__c=null, Export_License_Required__c=false, Export_Review_Required__c=false, Language__c=English, Mycap__c=false, Net_Terms__c=Net_30, Partner_Contact__c=null, Payment_Portal__c=Fortra (default), Deal_Type__c=Fortra Originated, Header_Discount_Type__c=null, Header_Discount_Value__c=null, Header_Distribution_Logic__c=null, Header_Distribution_Type__c=null, Header_Remainder_Amount__c=null, MYCAP_Approval__c=false, Manual_Discount__c=0.0, Record_Type__c=null, Renewal_Contract__c=800WC00000S5ub1YAB, Exchange_Rate_To_USD__c=1.0, Force_New_Contract__c=false, Migration_Contract_Id__c=null, Original_Quote__c=null, LegacyRenewalQuote__c=false, Validation_Result__c=null, Editable_T_C__c=null, Approval_Rejected_Checkbox__c=false, Displaced_ARR_Approval__c=false, Displaced_ARR__c=null, Legal_Support_Justification__c=null, Net_Terms_Approval__c=false, Signed_Quote_Approval__c=false, Signed_Quote__c=null, Unsigned_Quote_Approval__c=false, Temp_License_Key_Extension__c=false, License_Extension_Approval__c=false, COLA__c=null, Credit_Renewal_ARR_Justification__c=null, Credit_Renewal_ARR__c=false, Credit_Renewal_Approval__c=false, Discount_Renewal_ARR_Justification__c=null, Discount_Renewal_ARR_Request__c=null, Discount_Renewal_ARR__c=false, Displaced_ARR_Justification__c=null, Legal_Support_Approval__c=false, Renewal_ARR_Approval__c=false, Renewal_ARR_Credit_Amount__c=null, Request_Legal_Support__c=false, Show_Hide_Signature_Block__c=null, Total_ARR__c=null, Maintenance_Max_Discount__c=null, Perpetual_Max_Discount__c=null, Service_Max_Discount__c=null, Subscription_Max_Discount__c=null, Approval_Justification__c=null, Renewal_Cancellation_Approval__c=false, DiscountApprovalStatus__c=null, DiscountApprover__c=null, Test_Field__c=null, TotalDiscount__c=null, Amendment_ARR_Impact__c=null, Amendment_Effective_Date__c=null, Amendment_Reason__c=null, Amendment_Request_Date__c=null, Credit_Amount__c=null, Days_Until_Renewal__c=362.0, Hardware__c=null, Original_Contract_ARR__c=0.0, Pro_Rated_Amount__c=null, Pro_Ration_Method__c=Monthly, Net_Contract_Change__c=0.0, Within_Renewal_Window__c=false, Original_Order_Id__c=null, Billing_Partner__c=001WC00000ZtazZYAR, Partner_Pricing_Model__c=Discount, GSW__c=false, Total_Displaced_ARR__c=0.0, Total_Quote_Line_ARR__c=0.0, Create_Order_from_Quote__c=false, Annual_Revenue_Base__c=null, Quote_Displaced_ARR__c=0.0, Quote_NARR__c=null, Partner_Pricing_Model_Source__c=null}
19:39:01.3 (45028766)|FLOW_ELEMENT_BEGIN|2134bb41211f402b20721415ac9b19ebed4f646-5950|FlowRecordLookup|Get_All_Quotes_For_Opportunity
19:39:01.3 (45066246)|FLOW_ELEMENT_DEFERRED|FlowRecordLookup|Get_All_Quotes_For_Opportunity
19:39:01.3 (45143285)|FLOW_ELEMENT_LIMIT_USAGE|15 ms CPU time, total 18 out of 65000
19:39:01.3 (45159338)|FLOW_ELEMENT_END|2134bb41211f402b20721415ac9b19ebed4f646-5950|FlowRecordLookup|Get_All_Quotes_For_Opportunity
19:39:01.3 (62690390)|FLOW_START_INTERVIEW_END|2134bb41211f402b20721415ac9b19ebed4f646-5950|Fortra &#124; Quote &#124; Count Maintenance - Create
19:39:01.3 (63054652)|FLOW_BULK_ELEMENT_BEGIN|FlowRecordLookup|Get_All_Quotes_For_Opportunity
19:39:01.3 (63377174)|LIMIT_USAGE|[EXTERNAL]|FIELDSETS_DESCRIBES|1|100
19:39:01.3 (77047951)|LIMIT_USAGE|[EXTERNAL]|SOQL_ROWS|2|50000
19:39:01.3 (77063148)|LIMIT_USAGE|[EXTERNAL]|SOQL|1|200
19:39:01.3 (77066421)|LIMIT_USAGE|[EXTERNAL]|AGGS|1|600
19:39:01.3 (77251183)|FLOW_VALUE_ASSIGNMENT|2134bb41211f402b20721415ac9b19ebed4f646-5950|Get_All_Quotes_For_Opportunity|[{Id=0Q0WC0000037IHp0AM}, {Id=0Q0WC0000037XvB0AU}]
19:39:01.3 (77298091)|FLOW_BULK_ELEMENT_DETAIL|FlowRecordLookup|Get_All_Quotes_For_Opportunity|2
19:39:01.3 (77715294)|FLOW_BULK_ELEMENT_LIMIT_USAGE|1 SOQL queries, total 1 out of 200
19:39:01.3 (77725697)|FLOW_BULK_ELEMENT_LIMIT_USAGE|2 SOQL query rows, total 2 out of 50000
19:39:01.3 (77732325)|FLOW_BULK_ELEMENT_LIMIT_USAGE|9 ms CPU time, total 27 out of 65000
19:39:01.3 (77750210)|FLOW_BULK_ELEMENT_END|FlowRecordLookup|Get_All_Quotes_For_Opportunity|2|5
19:39:01.3 (77824988)|FLOW_ELEMENT_BEGIN|2134bb41211f402b20721415ac9b19ebed4f646-5950|FlowAssignment|Assign_Quote_Count
19:39:01.3 (77874265)|FLOW_ELEMENT_DEFERRED|FlowAssignment|Assign_Quote_Count
19:39:01.3 (77915670)|FLOW_ELEMENT_END|2134bb41211f402b20721415ac9b19ebed4f646-5950|FlowAssignment|Assign_Quote_Count
19:39:01.3 (77975850)|FLOW_BULK_ELEMENT_BEGIN|FlowAssignment|Assign_Quote_Count
19:39:01.3 (78111694)|FLOW_ASSIGNMENT_DETAIL|2134bb41211f402b20721415ac9b19ebed4f646-5950|varQuoteCount|ASSIGN_COUNT|[0Q0WC0000037IHp0AM,0Q0WC0000037XvB0AU]
19:39:01.3 (78146505)|FLOW_VALUE_ASSIGNMENT|2134bb41211f402b20721415ac9b19ebed4f646-5950|varQuoteCount|2
19:39:01.3 (78232932)|FLOW_BULK_ELEMENT_LIMIT_USAGE|1 ms CPU time, total 28 out of 65000
19:39:01.3 (78246629)|FLOW_BULK_ELEMENT_END|FlowAssignment|Assign_Quote_Count|0|0
19:39:01.3 (78275406)|FLOW_ELEMENT_BEGIN|2134bb41211f402b20721415ac9b19ebed4f646-5950|FlowRecordUpdate|Update_Opportunity_Quote_Count
19:39:01.3 (78284707)|FLOW_ELEMENT_DEFERRED|FlowRecordUpdate|Update_Opportunity_Quote_Count
19:39:01.3 (78298883)|FLOW_ELEMENT_END|2134bb41211f402b20721415ac9b19ebed4f646-5950|FlowRecordUpdate|Update_Opportunity_Quote_Count
19:39:01.3 (78321792)|FLOW_BULK_ELEMENT_BEGIN|FlowRecordUpdate|Update_Opportunity_Quote_Count
19:39:01.3 (78527104)|LIMIT_USAGE|[EXTERNAL]|FIELDSETS_DESCRIBES|2|100
19:39:01.3 (87763465)|LIMIT_USAGE|[EXTERNAL]|SOQL_ROWS|3|50000
19:39:01.3 (87777680)|LIMIT_USAGE|[EXTERNAL]|SOQL|2|200
19:39:01.3 (87780902)|LIMIT_USAGE|[EXTERNAL]|AGGS|2|600
19:39:01.3 (87898447)|FLOW_BULK_ELEMENT_DETAIL|FlowRecordUpdate|Update_Opportunity_Quote_Count|1
19:39:01.3 (87908520)|LIMIT_USAGE|[EXTERNAL]|DML|1|150
19:39:01.3 (87911864)|LIMIT_USAGE|[EXTERNAL]|DML_ROWS|1|10000
19:39:01.124 (124192050)|CODE_UNIT_STARTED|[EXTERNAL]|Flow:Opportunity
19:39:01.125 (125577372)|FLOW_CREATE_INTERVIEW_BEGIN|00DWC000006eUFF|300WC00000M7qbZ|301WC00000b2z5n
19:39:01.125 (125650591)|FLOW_CREATE_INTERVIEW_END|2135bb41211f402b20721415ac9b19ebed4f646-594f|Fortra &#124;  Opportunity &#124; Before Insert/Update - Sync Status
19:39:01.125 (125875265)|FLOW_START_INTERVIEWS_BEGIN|1
19:39:01.125 (125902034)|FLOW_START_INTERVIEW_BEGIN|2135bb41211f402b20721415ac9b19ebed4f646-594f|Fortra &#124;  Opportunity &#124; Before Insert/Update - Sync Status
19:39:01.125 (125974584)|FLOW_START_INTERVIEW_LIMIT_USAGE|SOQL queries: 2 out of 200
19:39:01.125 (125982834)|FLOW_START_INTERVIEW_LIMIT_USAGE|SOQL query rows: 3 out of 50000
19:39:01.125 (125987264)|FLOW_START_INTERVIEW_LIMIT_USAGE|SOSL queries: 0 out of 20
19:39:01.125 (125991632)|FLOW_START_INTERVIEW_LIMIT_USAGE|DML statements: 1 out of 150
19:39:01.125 (125995421)|FLOW_START_INTERVIEW_LIMIT_USAGE|DML rows: 1 out of 10000
19:39:01.125 (125999800)|FLOW_START_INTERVIEW_LIMIT_USAGE|CPU time in ms: 40 out of 65000
19:39:01.125 (126010901)|FLOW_START_INTERVIEW_LIMIT_USAGE|Heap size in bytes: 0 out of 12000000
19:39:01.125 (126015159)|FLOW_START_INTERVIEW_LIMIT_USAGE|Callouts: 0 out of 100
19:39:01.125 (126018860)|FLOW_START_INTERVIEW_LIMIT_USAGE|Email invocations: 0 out of 10
19:39:01.125 (126022153)|FLOW_START_INTERVIEW_LIMIT_USAGE|Future calls: 0 out of 50
19:39:01.125 (126025565)|FLOW_START_INTERVIEW_LIMIT_USAGE|Jobs in queue: 0 out of 50
19:39:01.125 (126029035)|FLOW_START_INTERVIEW_LIMIT_USAGE|Push notifications: 0 out of 10
19:39:01.125 (164790008)|FLOW_VALUE_ASSIGNMENT|2135bb41211f402b20721415ac9b19ebed4f646-594f|$Record|{Id=006WC00000QqAqjYAF, IsDeleted=false, AccountId=001WC00000kTYyNYAW, IsPrivate=false, Name=BoKS IAM New Business 2026-06-10 00:18, Description=null, StageName=Order Processing, Amount=364.23, Probability=90.0, ExpectedRevenue=327.807, TotalOpportunityQuantity=2.0, CloseDate=2026-07-10 00:00:00, Type=New, NextStep=null, LeadSource=null, IsClosed=false, IsWon=false, ForecastCategory=Pipeline, ForecastCategoryName=Pipeline, CurrencyIsoCode=USD, CampaignId=null, HasOpportunityLineItem=true, IsSplit=true, Pricebook2Id=01sWC0000022GHFYA2, OwnerId=005WC00000DZ6xVYAT, CreatedDate=2026-06-10 07:18:46, AgeInDays=null, CreatedById=005WC00000DZ6xVYAT, LastModifiedDate=2026-06-10 08:20:33, LastModifiedById=005WC00000DZ6xVYAT, SystemModstamp=2026-06-10 08:20:33, LastActivityDate=null, LastActivityInDays=null, PushCount=null, LastStageChangeDate=null, LastStageChangeInDays=null, FiscalYear=null, FiscalQuarter=null, ContactId=null, LastViewedDate=null, LastReferencedDate=null, PartnerAccountId=001WC00000ZtazZYAR, SyncedQuoteId=0Q0WC0000037IHp0AM, ContractId=null, HasOpenActivity=false, HasOverdueTask=false, IqScore=null, LastAmountChangedHistoryId=008WC00000VEBMnYAP, LastCloseDateChangedHistoryId=null, IsPriorityRecord=false, ActivityMetricId=null, AWS_Account_Manager_Email__c=null, AWS_Account_Manager_Name__c=null, AWS_Marketplace_Offer_ID__c=null, AWS_PSM_Email__c=null, LID__LinkedIn_Company_Id__c=null, Corporate_Currency_Amount__c=364.23, Disable_Automation__c=false, AWS_PSM_Name__c=null, Conversion_Rate__c=1.0, ALE_Amount_View__c=null, Number_of_Distributors__c=0.0, Number_of_Resellers__c=0.0, Bypass_Partner_Validation__c=false, BDR__c=null, Opportunity_Owner_Name_Formula__c=Nir Kailash, Referral_Partner__c=null, Channel_Account_Manager__c=null, CloseDate__c=null, Cross_Sell_User__c=null, Deal_Origin__c=Fortra Originated, Deal_Registration_Date_Approved__c=null, Deal_Registration_Notes__c=null, Implementation_Owner__c=null, Displaced_ARR_old__c=null, Distributor__c=null, Domain__c=null, Existing_Customer_of_Partner__c=null, Quote_Count__c=2.0, Expected_Renewal_Amount__c=null, Expected_Renewal_Date__c=null, First_Touch_Date__c=null, Follow_up_date__c=null, HS_Sync_Correlation_Id__c=9f25b3c0-649c-11f1-ad16-5244378e9d41, Forecast_Notes__c=null, Fortra_Partner_Marketing_Involvement__c=null, Help_Sell_User__c=null, HS_Sync_Message__c=Operation successful, Incumbent_Competitor_Renewal_Date__c=null, HS_Sync_Payload__c={
  "sfOppId": "006WC00000QqAqjYAF",
  "dealName": "BoKS IAM New Business 2026-06-10 00:18",
  "dealStage": "Order Processing",
  "dealType": "New",
  "opportunityOwner": "005WC00000DZ6xVYAT",
  "accountName": "001WC00000kTYyNYAW",
  "dealOrigin": "Fortra Originated",
  "dealRegistrationId": "DR-468130",
  "saleStage": "Order Processing"
}, Is_Branded__c=false, Last_Sales_Activity_Date__c=null, HS_Sync_Status__c=Success, Lead_Created_Date__c=null, HS_Deal_Id__c=null, Displaced_ARR__c=0.0, Opportunity_NARR__c=null, Number_of_Activities_Logged__c=null, Opportunity_NARR_Calculated__c=0.0, PCTA_Type__c=null, Paid_Search_Term__c=null, Pains_and_Challenges__c=null, Dynamic_Conversion_Rate__c=null, Partner_Deal_Status__c=null, Partner_MDF_Activity_ID__c=null, Partner_Sales_Activity_with_End_Customer__c=null, Positive_Business_Outcomes__c=null, Primary_Renewal_Risk_Reason__c=null, Cross_Sale_Type__c=null, Products_of_Interest__c=null, Project_Timeline__c=null, Running_User_Opportunity_Owner__c=false, Re_Opened_Date__c=null, RecordTypeId__c=null, Renewal_Risk_Explanation__c=null, Renewal_Risk__c=null, Renewed_Contract__c=null, Reseller__c=null, SALES_INQUIRY_LOOKUP__c=null, SQL_Date__c=null, Sale_Type__c=null, Secondary_Renewal_Risk_Reason__c=null, Secondary_Rep__c=null, Value_Drivers__c=null, Subscription_Term__c=12.0, Technical_Closure_Complete__c=null, Exchange_Rate_To_USD__c=1.0, Partner_Account_Name__c=AB Test Partner Account, Legacy_Discount__c=null, Closed_Lost_Detail__c=null, Closed_Lost_Reason__c=null, Closed_Lost_Sub_Reason__c=null, Inquiry_Created_Date__c=null, salesintelio__Attempted_Enrichment_Disposition__c=null, salesintelio__Attempted_Enrichment__c=false, salesintelio__First_Enriched_Date__c=null, salesintelio__Last_Attempted_Enrichment__c=null, salesintelio__Last_Enriched_Date__c=null, salesintelio__Last_Matched_Date__c=null, salesintelio__SalesIntel_Enriched__c=false, salesintelio__SalesIntel_Exported__c=false, salesintelio__SalesIntel_Up_to_Date__c=false, Budget_Allocated__c=null, Distributor_Text__c=null, RFP__c=null, AWS_Marketplace_Agreement_ID__c=null, Bill_To_Place__c=null, Champion_Identified__c=null, Deal_Registration_Expiration_Date__c=null, Deal_Registration_ID__c=DR-468130, Demo_Completed__c=null, Discovery_Call_Completed__c=null, Economic_Buyer_Identified__c=null, Final_Pricing_Confirmed__c=null, Incumbent_Competitor__c=null, Legal_Entity__c=null, Legal_Review_Completed__c=null, Legal_Review_Started__c=null, Negative_Consequences__c=null, Number_of_Deal_Registration_Extensions__c=null, POC_Complete__c=null, POC_Needed__c=null, Partner_Portal_Deal_Registration__c=null, Proactive_Trial__c=null, Required_Capabilities__c=null, Sales_Activities_Partner_Completed__c=null, Ship_To_Place__c=null, Technical_Win_Confirmed__c=null, Territory__c=null, Trial_Date_Confirmed__c=null, Trial_End_Date__c=null, Trial_Manager__c=null, Trial_Notes__c=null, Trial_Start_Date__c=null, Trial_Status__c=null, Reseller_Text__c=null, LE_Change_In_Progress__c=false, ffr__BatchProcess__c=null, c2g__CODAUnitOfWork__c=null, pse__Forecast_Curve__c=null, pse__Group__c=null, pse__IsParentOpportunityServices__c=false, pse__Is_Change_Request__c=false, pse__Is_Services_Opportunity__c=false, pse__Parent_Opportunity__c=null, pse__Practice__c=null, pse__PreBilledAmount__c=null, pse__Pre_Billed_Amount__c=null, pse__Primary_Project__c=null, pse__Rate_Card_Discount_Limit__c=null, pse__Rate_Card_Percentage_Discount__c=null, pse__Rate_Card_Set__c=null, pse__Region__c=null, pse__Services_Attached_From_Products__c=0.0, pse__Services_Attached_Percent_From_Products__c=0.0, AccountName__c=BoKS IAM Test Account 2026-06-10 00:18, Part_of_a_Marketing_Initiative__c=null, Product_of_Interest__c=null, Run_Assignment__c=false, AWS_Account_Number__c=null, AWS_Marketplace__c=null, AWS_Sales_Stage__c=null, Approval_Status__c=null, Total_Services__c=null, Upsell_Opportunity__c=null, ARR_Last_Updated__c=2026-06-10 08:20:13, AWS_Score__c=null, Total_ARR__c=null, Deal_Registration_Submitter__c=null, User_Registered_Deal__c=false, Deal_Cycle_Time_Days__c=30.0, No_Territory_Found__c=false, Legacy_Id__c=null, Execute_Auto_Project_Creation_Process__c=false, Project_Creation_Processed__c=false, Project_Check_Override__c=false}
19:39:01.125 (164967756)|FLOW_ELEMENT_BEGIN|2135bb41211f402b20721415ac9b19ebed4f646-594f|FlowDecision|Set_Hubspot_Sync_Status_to_Pending_Decision
19:39:01.125 (165032393)|FLOW_ELEMENT_DEFERRED|FlowDecision|Set_Hubspot_Sync_Status_to_Pending_Decision
19:39:01.125 (165135769)|FLOW_ELEMENT_LIMIT_USAGE|16 ms CPU time, total 56 out of 65000
19:39:01.125 (165152651)|FLOW_ELEMENT_END|2135bb41211f402b20721415ac9b19ebed4f646-594f|FlowDecision|Set_Hubspot_Sync_Status_to_Pending_Decision
19:39:01.125 (165824794)|FLOW_START_INTERVIEW_END|2135bb41211f402b20721415ac9b19ebed4f646-594f|Fortra &#124;  Opportunity &#124; Before Insert/Update - Sync Status
19:39:01.125 (165870649)|FLOW_BULK_ELEMENT_BEGIN|FlowDecision|Set_Hubspot_Sync_Status_to_Pending_Decision
19:39:01.125 (166052299)|FLOW_RULE_DETAIL|2135bb41211f402b20721415ac9b19ebed4f646-594f|No_Set_Hubspot_Sync_Status_to_Pending_Outcome|false|false
19:39:01.125 (166075142)|FLOW_VALUE_ASSIGNMENT|2135bb41211f402b20721415ac9b19ebed4f646-594f|No_Set_Hubspot_Sync_Status_to_Pending_Outcome|false
19:39:01.125 (166217830)|FLOW_BULK_ELEMENT_LIMIT_USAGE|1 ms CPU time, total 57 out of 65000
19:39:01.125 (166228534)|FLOW_BULK_ELEMENT_END|FlowDecision|Set_Hubspot_Sync_Status_to_Pending_Decision|0|0
19:39:01.125 (166266103)|FLOW_ELEMENT_BEGIN|2135bb41211f402b20721415ac9b19ebed4f646-594f|FlowDecision|Is_New_Decision
19:39:01.125 (166276620)|FLOW_ELEMENT_DEFERRED|FlowDecision|Is_New_Decision
19:39:01.125 (166295973)|FLOW_ELEMENT_END|2135bb41211f402b20721415ac9b19ebed4f646-594f|FlowDecision|Is_New_Decision
19:39:01.125 (166315731)|FLOW_BULK_ELEMENT_BEGIN|FlowDecision|Is_New_Decision
19:39:01.125 (166467871)|FLOW_RULE_DETAIL|2135bb41211f402b20721415ac9b19ebed4f646-594f|Yes_Is_New_Outcome|false|false
19:39:01.125 (166480953)|FLOW_VALUE_ASSIGNMENT|2135bb41211f402b20721415ac9b19ebed4f646-594f|Yes_Is_New_Outcome|false
19:39:01.125 (166552337)|FLOW_BULK_ELEMENT_END|FlowDecision|Is_New_Decision|0|0
19:39:01.125 (166852058)|FLOW_START_INTERVIEWS_END|1
19:39:01.125 (166997449)|FLOW_INTERVIEW_FINISHED|2135bb41211f402b20721415ac9b19ebed4f646-594f|Fortra &#124;  Opportunity &#124; Before Insert/Update - Sync Status
19:39:01.125 (167035825)|FLOW_INTERVIEW_FINISHED_LIMIT_USAGE|SOQL queries: 2 out of 200
19:39:01.125 (167041206)|FLOW_INTERVIEW_FINISHED_LIMIT_USAGE|SOQL query rows: 3 out of 50000
19:39:01.125 (167044938)|FLOW_INTERVIEW_FINISHED_LIMIT_USAGE|SOSL queries: 0 out of 20
19:39:01.125 (167048306)|FLOW_INTERVIEW_FINISHED_LIMIT_USAGE|DML statements: 1 out of 150
19:39:01.125 (167051385)|FLOW_INTERVIEW_FINISHED_LIMIT_USAGE|DML rows: 1 out of 10000
19:39:01.125 (167054478)|FLOW_INTERVIEW_FINISHED_LIMIT_USAGE|CPU time in ms: 57 out of 65000
19:39:01.125 (167059259)|FLOW_INTERVIEW_FINISHED_LIMIT_USAGE|Heap size in bytes: 0 out of 12000000
19:39:01.125 (167062985)|FLOW_INTERVIEW_FINISHED_LIMIT_USAGE|Callouts: 0 out of 100
19:39:01.125 (167065702)|FLOW_INTERVIEW_FINISHED_LIMIT_USAGE|Email invocations: 0 out of 10
19:39:01.125 (167068230)|FLOW_INTERVIEW_FINISHED_LIMIT_USAGE|Future calls: 0 out of 50
19:39:01.125 (167070949)|FLOW_INTERVIEW_FINISHED_LIMIT_USAGE|Jobs in queue: 0 out of 50
19:39:01.124 (167766655)|CODE_UNIT_FINISHED|Flow:Opportunity
19:39:01.175 (175132008)|CODE_UNIT_STARTED|[EXTERNAL]|01qWC000005ZCoD|OpportunityTrigger on Opportunity trigger event BeforeUpdate|__sfdc_trigger/OpportunityTrigger
19:39:01.175 (175226113)|HEAP_ALLOCATE|[EXTERNAL]|Bytes:8
19:39:01.175 (175324703)|HEAP_ALLOCATE|[EXTERNAL]|Bytes:8
19:39:01.175 (175593650)|HEAP_ALLOCATE|[95]|Bytes:3
19:39:01.175 (175642823)|HEAP_ALLOCATE|[100]|Bytes:152
19:39:01.175 (175659630)|HEAP_ALLOCATE|[417]|Bytes:408
19:39:01.175 (175673550)|HEAP_ALLOCATE|[430]|Bytes:408
19:39:01.175 (175700472)|HEAP_ALLOCATE|[317]|Bytes:6
19:39:01.175 (175726846)|HEAP_ALLOCATE|[EXTERNAL]|Bytes:4
19:39:01.175 (175736765)|VARIABLE_SCOPE_BEGIN|[10]|this|OpportunityTrigger|true|false
19:39:01.175 (175836689)|VARIABLE_ASSIGNMENT|[10]|this|{}|0x418c627d
19:39:01.175 (175886720)|HEAP_ALLOCATE|[EXTERNAL]|Bytes:4
19:39:01.175 (175890417)|VARIABLE_SCOPE_BEGIN|[10]|this|OpportunityTrigger|true|false
19:39:01.175 (175898881)|VARIABLE_ASSIGNMENT|[10]|this|{}|0x418c627d
19:39:01.175 (175904183)|STATEMENT_EXECUTE|[10]
19:39:01.175 (175922632)|HEAP_ALLOCATE|[68]|Bytes:5
19:39:01.175 (175946355)|HEAP_ALLOCATE|[74]|Bytes:5
19:39:01.175 (175951787)|HEAP_ALLOCATE|[82]|Bytes:7
19:39:01.175 (175973018)|STATEMENT_EXECUTE|[11]
19:39:01.175 (175978622)|STATEMENT_EXECUTE|[12]
19:39:01.175 (175983672)|STATEMENT_EXECUTE|[15]
19:39:01.175 (175984464)|STATEMENT_EXECUTE|[16]
19:39:01.175 (183632204)|VARIABLE_SCOPE_BEGIN|[15]|OpportunityTriggerHandler.STAGE_CLOSED_LOST|String|false|true
19:39:01.175 (183648171)|VARIABLE_SCOPE_BEGIN|[16]|OpportunityTriggerHandler.STAGE_ORDER_PROCESSING|String|false|true
19:39:01.175 (183651921)|VARIABLE_SCOPE_BEGIN|[18]|OpportunityTriggerHandler.STATUS_ACTIVE|String|false|true
19:39:01.175 (183655306)|VARIABLE_SCOPE_BEGIN|[17]|OpportunityTriggerHandler.STATUS_QUOTING|String|false|true
19:39:01.175 (183711448)|HEAP_ALLOCATE|[16]|Bytes:19
19:39:01.175 (183720531)|HEAP_ALLOCATE|[16]|Bytes:11
19:39:01.175 (183737835)|VARIABLE_ASSIGNMENT|[16]|OpportunityTriggerHandler.STAGE_CLOSED_LOST|"Closed Lost"
19:39:01.175 (183740565)|HEAP_ALLOCATE|[16]|Bytes:16
19:39:01.175 (183744083)|VARIABLE_ASSIGNMENT|[16]|OpportunityTriggerHandler.STAGE_ORDER_PROCESSING|"Order Processing"
19:39:01.175 (183746071)|HEAP_ALLOCATE|[16]|Bytes:6
19:39:01.175 (183748918)|VARIABLE_ASSIGNMENT|[16]|OpportunityTriggerHandler.STATUS_ACTIVE|"Active"
19:39:01.175 (183750780)|HEAP_ALLOCATE|[16]|Bytes:7
19:39:01.175 (183753533)|VARIABLE_ASSIGNMENT|[16]|OpportunityTriggerHandler.STATUS_QUOTING|"Quoting"
19:39:01.175 (183776192)|METHOD_ENTRY|[13]|01pWC000001wZoB|OpportunityTriggerHandler.OpportunityTriggerHandler()
19:39:01.175 (183781444)|STATEMENT_EXECUTE|[13]
19:39:01.175 (183785628)|STATEMENT_EXECUTE|[13]
19:39:01.175 (185057910)|SYSTEM_MODE_ENTER|false
19:39:01.175 (185481068)|HEAP_ALLOCATE|[16]|Bytes:5
19:39:01.175 (185498526)|SYSTEM_MODE_EXIT|false
19:39:01.175 (185515923)|METHOD_EXIT|[13]|OpportunityTriggerHandler
19:39:01.175 (185557264)|METHOD_ENTRY|[16]|01pWC000001wZoB|OpportunityTriggerHandler.handleBeforeUpdate(List<Opportunity>, Map<Id,Opportunity>)
19:39:01.175 (185597188)|VARIABLE_SCOPE_BEGIN|[35]|newOpportunities|List<Opportunity>|true|false
19:39:01.175 (188660490)|VARIABLE_ASSIGNMENT|[35]|newOpportunities|[{"LastModifiedDate":"2026-06-10T08:20:33.000Z","Is_Branded__c":false,"AccountId":"001WC00000kTYyNYAW","HasOpportunityLineItem":true,"Number_of_Resellers__c":0,"pse__Is_Change_Request__c":false,"HS_Sync_Status__c":"Success","ForecastCategory":"Pipeline","Exchange_Rate_To_USD__c":1.0000000000,"No_Territory_Found__c":false,"CloseDate":"2026-07-10T00:00:00.000Z","Name":"BoKS IAM New Busines (18 more) ...","HasOpenActivity":false,"ARR_Last_Updated__c":"2026-06-10T08:20:13.000Z","HS_Sync_Message__c":"Operation successful","HS_Sync_Correlation_Id__c":"9f25b3c0-649c-11f1-a (16 more) ...","Subscription_Term__c":12,"CreatedById":"005WC00000DZ6xVYAT","Displaced_ARR__c":0.00,"Opportunity_NARR_Calculated__c":0.00,"IsDeleted":false,"pse__Services_Attached_From_Products__c":0.00,"Run_Assignment__c":false,"Deal_Cycle_Time_Days__c":30,"CurrencyIsoCode":"USD","salesintelio__Attempted_Enrichment__c":false,"CreatedDate":"2026-06-10T07:18:46.000Z","HasOverdueTask":false,"salesintelio__SalesIntel_Up_to_Date__c":false,"Pricebook2Id":"01sWC0000022GHFYA2","LE_Change_In_Progress__c":false,"Conversion_Rate__c":1.0000000000,"Id":"006WC00000QqAqjYAF","Running_User_Opportunity_Owner__c":false,"ForecastCategoryName":"Pipeline","Deal_Origin__c":"Fortra Originated","Project_Check_Override__c":false,"Project_Creation_Processed__c":false,"Disable_Automation__c":false,"pse__Services_Attached_Percent_From_Products__c":0.00,"salesintelio__SalesIntel_Exported__c":false,"IsClosed":false,"PartnerAccountId":"001WC00000ZtazZYAR","pse__IsParentOpportunityServices__c":false,"TotalOpportunityQuantity":2.00,"LastAmountChangedHistoryId":"008WC00000VEBMnYAP","ExpectedRevenue":327.807,"OwnerId":"005WC00000DZ6xVYAT","IsWon":false,"HS_Sync_Payload__c":"{\n  \"sfOppId\": \"006W (321 more) ...","SyncedQuoteId":"0Q0WC0000037IHp0AM","IsSplit":true,"IsPriorityRecord":false,"Corporate_Currency_Amount__c":364.23,"Bypass_Partner_Validation__c":false,"pse__Is_Services_Opportunity__c":false,"StageName":"Order Processing","Amount":364.23,"Probability":90.0,"Execute_Auto_Project_Creation_Process__c":false,"SystemModstamp":"2026-06-10T08:20:33.000Z","Type":"New","User_Registered_Deal__c":false,"salesintelio__SalesIntel_Enriched__c":false,"Deal_Registration_ID__c":"DR-468130","Quote_Count__c":2.0,"Partner_Account_Name__c":"AB Test Partner Acco (3 more) ...","Number_of_Distributors__c":0,"Opportunity_Owner_Name_Formula__c":"Nir Kailash","IsPrivate":false,"LastModifiedById":"005WC00000DZ6xVYAT","AccountName__c":"BoKS IAM Test Accoun (18 more) ..."}]|0x523d33e1
19:39:01.175 (188694548)|VARIABLE_SCOPE_BEGIN|[35]|oldOpportunityMap|Map<Id,Opportunity>|true|false
19:39:01.175 (190180575)|VARIABLE_ASSIGNMENT|[35]|oldOpportunityMap|{"006WC00000QqAqjYAF":{"LastModifiedDate":"2026-06-10T08:20:33.000Z","Is_Branded__c":false,"AccountId":"001WC00000kTYyNYAW","HasOpportunityLineItem":true,"Number_of_Resellers__c":0,"pse__Is_Change_Request__c":false,"HS_Sync_Status__c":"Success","ForecastCategory":"Pipeline","Exchange_Rate_To_USD__c":1.0000000000,"No_Territory_Found__c":false,"CloseDate":"2026-07-10T00:00:00.000Z","Name":"BoKS IAM New Busines (18 more) ...","HasOpenActivity":false,"ARR_Last_Updated__c":"2026-06-10T08:20:13.000Z","HS_Sync_Message__c":"Operation successful","HS_Sync_Correlation_Id__c":"9f25b3c0-649c-11f1-a (16 more) ...","Subscription_Term__c":12,"CreatedById":"005WC00000DZ6xVYAT","Displaced_ARR__c":0.00,"Opportunity_NARR_Calculated__c":0.00,"IsDeleted":false,"pse__Services_Attached_From_Products__c":0.00,"Run_Assignment__c":false,"Deal_Cycle_Time_Days__c":30,"CurrencyIsoCode":"USD","salesintelio__Attempted_Enrichment__c":false,"CreatedDate":"2026-06-10T07:18:46.000Z","HasOverdueTask":false,"salesintelio__SalesIntel_Up_to_Date__c":false,"Pricebook2Id":"01sWC0000022GHFYA2","LE_Change_In_Progress__c":false,"Conversion_Rate__c":1.0000000000,"Id":"006WC00000QqAqjYAF","Running_User_Opportunity_Owner__c":false,"ForecastCategoryName":"Pipeline","Deal_Origin__c":"Fortra Originated","Project_Check_Override__c":false,"Project_Creation_Processed__c":false,"Disable_Automation__c":false,"pse__Services_Attached_Percent_From_Products__c":0.00,"salesintelio__SalesIntel_Exported__c":false,"IsClosed":false,"PartnerAccountId":"001WC00000ZtazZYAR","pse__IsParentOpportunityServices__c":false,"TotalOpportunityQuantity":2.00,"LastAmountChangedHistoryId":"008WC00000VEBMnYAP","ExpectedRevenue":327.807,"OwnerId":"005WC00000DZ6xVYAT","IsWon":false,"HS_Sync_Payload__c":"{\n  \"sfOppId\": \"006W (321 more) ...","SyncedQuoteId":"0Q0WC0000037IHp0AM","IsSplit":true,"IsPriorityRecord":false,"Corporate_Currency_Amount__c":364.23,"Bypass_Partner_Validation__c":false,"pse__Is_Services_Opportunity__c":false,"StageName":"Order Processing","Amount":364.23,"Probability":90,"Execute_Auto_Project_Creation_Process__c":false,"SystemModstamp":"2026-06-10T08:20:33.000Z","Type":"New","User_Registered_Deal__c":false,"salesintelio__SalesIntel_Enriched__c":false,"Deal_Registration_ID__c":"DR-468130","Quote_Count__c":1.0,"Partner_Account_Name__c":"AB Test Partner Acco (3 more) ...","Number_of_Distributors__c":0,"Opportunity_Owner_Name_Formula__c":"Nir Kailash","IsPrivate":false,"LastModifiedById":"005WC00000DZ6xVYAT","AccountName__c":"BoKS IAM Test Accoun (18 more) ..."}}|0xc2d326c
19:39:01.175 (190230207)|SYSTEM_MODE_ENTER|false
19:39:01.175 (190245124)|HEAP_ALLOCATE|[36]|Bytes:5
19:39:01.175 (190253965)|STATEMENT_EXECUTE|[35]
19:39:01.175 (190255692)|STATEMENT_EXECUTE|[36]
19:39:01.175 (190279469)|HEAP_ALLOCATE|[36]|Bytes:4
19:39:01.175 (190365263)|SYSTEM_CONSTRUCTOR_ENTRY|[36]|<init>()
19:39:01.175 (190465441)|SYSTEM_CONSTRUCTOR_EXIT|[36]|<init>()
19:39:01.175 (190470678)|VARIABLE_SCOPE_BEGIN|[36]|currencyChangedOpps|List<Opportunity>|true|false
19:39:01.175 (190483112)|HEAP_ALLOCATE|[EXTERNAL]|Bytes:4
19:39:01.175 (190499618)|VARIABLE_ASSIGNMENT|[36]|currencyChangedOpps|[]|0x36395fef
19:39:01.175 (190518810)|SYSTEM_METHOD_ENTRY|[37]|List<Opportunity>.iterator()
19:39:01.175 (190683858)|SYSTEM_METHOD_EXIT|[37]|List<Opportunity>.iterator()
19:39:01.175 (190708520)|SYSTEM_METHOD_ENTRY|[37]|system.ListIterator.hasNext()
19:39:01.175 (190723877)|HEAP_ALLOCATE|[37]|Bytes:5
19:39:01.175 (190734672)|SYSTEM_METHOD_EXIT|[37]|system.ListIterator.hasNext()
19:39:01.175 (190788388)|HEAP_ALLOCATE|[37]|Bytes:4
19:39:01.175 (190799249)|VARIABLE_SCOPE_BEGIN|[37]|opp|Opportunity|true|false
19:39:01.175 (192287943)|VARIABLE_ASSIGNMENT|[37]|opp|{"LastModifiedDate":"2026-06-10T08:20:33.000Z","Is_Branded__c":false,"AccountId":"001WC00000kTYyNYAW","HasOpportunityLineItem":true,"Number_of_Resellers__c":0,"pse__Is_Change_Request__c":false,"HS_Sync_Status__c":"Success","ForecastCategory":"Pipeline","Exchange_Rate_To_USD__c":1.0000000000,"No_Territory_Found__c":false,"CloseDate":"2026-07-10T00:00:00.000Z","Name":"BoKS IAM New Busines (18 more) ...","HasOpenActivity":false,"ARR_Last_Updated__c":"2026-06-10T08:20:13.000Z","HS_Sync_Message__c":"Operation successful","HS_Sync_Correlation_Id__c":"9f25b3c0-649c-11f1-a (16 more) ...","Subscription_Term__c":12,"CreatedById":"005WC00000DZ6xVYAT","Displaced_ARR__c":0.00,"Opportunity_NARR_Calculated__c":0.00,"IsDeleted":false,"pse__Services_Attached_From_Products__c":0.00,"Run_Assignment__c":false,"Deal_Cycle_Time_Days__c":30,"CurrencyIsoCode":"USD","salesintelio__Attempted_Enrichment__c":false,"CreatedDate":"2026-06-10T07:18:46.000Z","HasOverdueTask":false,"salesintelio__SalesIntel_Up_to_Date__c":false,"Pricebook2Id":"01sWC0000022GHFYA2","LE_Change_In_Progress__c":false,"Conversion_Rate__c":1.0000000000,"Id":"006WC00000QqAqjYAF","Running_User_Opportunity_Owner__c":false,"ForecastCategoryName":"Pipeline","Deal_Origin__c":"Fortra Originated","Project_Check_Override__c":false,"Project_Creation_Processed__c":false,"Disable_Automation__c":false,"pse__Services_Attached_Percent_From_Products__c":0.00,"salesintelio__SalesIntel_Exported__c":false,"IsClosed":false,"PartnerAccountId":"001WC00000ZtazZYAR","pse__IsParentOpportunityServices__c":false,"TotalOpportunityQuantity":2.00,"LastAmountChangedHistoryId":"008WC00000VEBMnYAP","ExpectedRevenue":327.807,"OwnerId":"005WC00000DZ6xVYAT","IsWon":false,"HS_Sync_Payload__c":"{\n  \"sfOppId\": \"006W (321 more) ...","SyncedQuoteId":"0Q0WC0000037IHp0AM","IsSplit":true,"IsPriorityRecord":false,"Corporate_Currency_Amount__c":364.23,"Bypass_Partner_Validation__c":false,"pse__Is_Services_Opportunity__c":false,"StageName":"Order Processing","Amount":364.23,"Probability":90.0,"Execute_Auto_Project_Creation_Process__c":false,"SystemModstamp":"2026-06-10T08:20:33.000Z","Type":"New","User_Registered_Deal__c":false,"salesintelio__SalesIntel_Enriched__c":false,"Deal_Registration_ID__c":"DR-468130","Quote_Count__c":2.0,"Partner_Account_Name__c":"AB Test Partner Acco (3 more) ...","Number_of_Distributors__c":0,"Opportunity_Owner_Name_Formula__c":"Nir Kailash","IsPrivate":false,"LastModifiedById":"005WC00000DZ6xVYAT","AccountName__c":"BoKS IAM Test Accoun (18 more) ..."}|0x7bcfa5d9
19:39:01.175 (192323547)|STATEMENT_EXECUTE|[37]
19:39:01.175 (192325588)|STATEMENT_EXECUTE|[38]
19:39:01.175 (192441292)|SYSTEM_METHOD_ENTRY|[38]|Map<Id,Opportunity>.get(Object)
19:39:01.175 (192478239)|SYSTEM_METHOD_EXIT|[38]|Map<Id,Opportunity>.get(Object)
19:39:01.175 (192487056)|VARIABLE_SCOPE_BEGIN|[38]|oldOpp|Opportunity|true|false
19:39:01.175 (193367966)|VARIABLE_ASSIGNMENT|[38]|oldOpp|{"LastModifiedDate":"2026-06-10T08:20:33.000Z","Is_Branded__c":false,"AccountId":"001WC00000kTYyNYAW","HasOpportunityLineItem":true,"Number_of_Resellers__c":0,"pse__Is_Change_Request__c":false,"HS_Sync_Status__c":"Success","ForecastCategory":"Pipeline","Exchange_Rate_To_USD__c":1.0000000000,"No_Territory_Found__c":false,"CloseDate":"2026-07-10T00:00:00.000Z","Name":"BoKS IAM New Busines (18 more) ...","HasOpenActivity":false,"ARR_Last_Updated__c":"2026-06-10T08:20:13.000Z","HS_Sync_Message__c":"Operation successful","HS_Sync_Correlation_Id__c":"9f25b3c0-649c-11f1-a (16 more) ...","Subscription_Term__c":12,"CreatedById":"005WC00000DZ6xVYAT","Displaced_ARR__c":0.00,"Opportunity_NARR_Calculated__c":0.00,"IsDeleted":false,"pse__Services_Attached_From_Products__c":0.00,"Run_Assignment__c":false,"Deal_Cycle_Time_Days__c":30,"CurrencyIsoCode":"USD","salesintelio__Attempted_Enrichment__c":false,"CreatedDate":"2026-06-10T07:18:46.000Z","HasOverdueTask":false,"salesintelio__SalesIntel_Up_to_Date__c":false,"Pricebook2Id":"01sWC0000022GHFYA2","LE_Change_In_Progress__c":false,"Conversion_Rate__c":1.0000000000,"Id":"006WC00000QqAqjYAF","Running_User_Opportunity_Owner__c":false,"ForecastCategoryName":"Pipeline","Deal_Origin__c":"Fortra Originated","Project_Check_Override__c":false,"Project_Creation_Processed__c":false,"Disable_Automation__c":false,"pse__Services_Attached_Percent_From_Products__c":0.00,"salesintelio__SalesIntel_Exported__c":false,"IsClosed":false,"PartnerAccountId":"001WC00000ZtazZYAR","pse__IsParentOpportunityServices__c":false,"TotalOpportunityQuantity":2.00,"LastAmountChangedHistoryId":"008WC00000VEBMnYAP","ExpectedRevenue":327.807,"OwnerId":"005WC00000DZ6xVYAT","IsWon":false,"HS_Sync_Payload__c":"{\n  \"sfOppId\": \"006W (321 more) ...","SyncedQuoteId":"0Q0WC0000037IHp0AM","IsSplit":true,"IsPriorityRecord":false,"Corporate_Currency_Amount__c":364.23,"Bypass_Partner_Validation__c":false,"pse__Is_Services_Opportunity__c":false,"StageName":"Order Processing","Amount":364.23,"Probability":90,"Execute_Auto_Project_Creation_Process__c":false,"SystemModstamp":"2026-06-10T08:20:33.000Z","Type":"New","User_Registered_Deal__c":false,"salesintelio__SalesIntel_Enriched__c":false,"Deal_Registration_ID__c":"DR-468130","Quote_Count__c":1.0,"Partner_Account_Name__c":"AB Test Partner Acco (3 more) ...","Number_of_Distributors__c":0,"Opportunity_Owner_Name_Formula__c":"Nir Kailash","IsPrivate":false,"LastModifiedById":"005WC00000DZ6xVYAT","AccountName__c":"BoKS IAM Test Accoun (18 more) ..."}|0xc8624c4
19:39:01.175 (193456511)|STATEMENT_EXECUTE|[39]
19:39:01.175 (193469024)|SYSTEM_METHOD_ENTRY|[37]|system.ListIterator.hasNext()
19:39:01.175 (193482265)|HEAP_ALLOCATE|[37]|Bytes:5
19:39:01.175 (193488224)|SYSTEM_METHOD_EXIT|[37]|system.ListIterator.hasNext()
19:39:01.175 (193498246)|VARIABLE_ASSIGNMENT|[37]|opp|null|
19:39:01.175 (193506940)|SYSTEM_METHOD_ENTRY|[43]|List<Opportunity>.isEmpty()
19:39:01.175 (193524071)|SYSTEM_METHOD_EXIT|[43]|List<Opportunity>.isEmpty()
19:39:01.175 (193529082)|STATEMENT_EXECUTE|[43]
19:39:01.175 (193534914)|SYSTEM_MODE_EXIT|false
19:39:01.175 (193548159)|METHOD_EXIT|[16]|01pWC000001wZoB|OpportunityTriggerHandler.handleBeforeUpdate(List<Opportunity>, Map<Id,Opportunity>)
19:39:01.175 (193559724)|STATEMENT_EXECUTE|[20]
19:39:01.193 (193568599)|CUMULATIVE_LIMIT_USAGE
19:39:01.193 (193568599)|LIMIT_USAGE_FOR_NS|(default)|
  Number of SOQL queries: 2 out of 200
  Number of query rows: 3 out of 50000
  Number of SOSL queries: 0 out of 20
  Number of DML statements: 1 out of 150
  Number of Publish Immediate DML: 0 out of 150
  Number of DML rows: 1 out of 10000
  Maximum CPU time: 57 out of 60000
  Maximum heap size: 0 out of 12000000
  Number of callouts: 0 out of 100
  Number of Email Invocations: 0 out of 10
  Number of future calls: 0 out of 50
  Number of queueable jobs added to the queue: 0 out of 50
  Number of Mobile Apex push calls: 0 out of 10

19:39:01.193 (193568599)|TOTAL_EMAIL_RECIPIENTS_QUEUED|0
19:39:01.193 (193568599)|STATIC_VARIABLE_LIST|
  int:BYTES:0
  int:BYTES:0
  byte[]:DigitOnes:0
  byte[]:DigitTens:0
  Boolean:FALSE:0
  int:MAX_EXPONENT:0
  double:MAX_VALUE:0
  int:MAX_VALUE:0
  int:MIN_EXPONENT:0
  double:MIN_NORMAL:0
  double:MIN_VALUE:0
  int:MIN_VALUE:0
  double:NEGATIVE_INFINITY:0
  double:NaN:0
  double:POSITIVE_INFINITY:0
  int:PRECISION:0
  int:SIZE:0
  int:SIZE:0
  Boolean:TRUE:0
  String:_sfdcAdditionalCodeLocations:0
  String:_static_STAGE_CLOSED_LOST:0
  String:_static_STAGE_ORDER_PROCESSING:0
  String:_static_STATUS_ACTIVE:0
  String:_static_STATUS_QUOTING:0
  char[]:digits:0
  long:serialVersionUID:0
  long:serialVersionUID:0
  long:serialVersionUID:0

19:39:01.193 (193568599)|CUMULATIVE_LIMIT_USAGE_END

19:39:01.175 (193826528)|CODE_UNIT_FINISHED|OpportunityTrigger on Opportunity trigger event BeforeUpdate|__sfdc_trigger/OpportunityTrigger
19:39:01.231 (231707282)|CODE_UNIT_STARTED|[EXTERNAL]|Validation:Opportunity:006WC00000QqAqj
19:39:01.231 (231733275)|VALIDATION_RULE|03dWC000000mx5s|Check_Company_Id_Value
19:39:01.231 (231870275)|VALIDATION_FORMULA|AND(
	(LID__LinkedIn_Company_Id__c <> NULL),
	NOT(ISNUMBER(LID__LinkedIn_Company_Id__c))
)|LID__LinkedIn_Company_Id__c=null
19:39:01.231 (231874808)|VALIDATION_PASS
19:39:01.231 (231876434)|VALIDATION_RULE|03dWC000001ORzN|Closed_Detail_If_Fortra_Product_Swap
19:39:01.231 (231969972)|VALIDATION_FORMULA|AND(
   ISPICKVAL(Closed_Lost_Reason__c, "Fortra Product Swap"),
   ISBLANK(Closed_Lost_Detail__c)
)|Closed_Lost_Detail__c=null , Closed_Lost_Reason__c=null
19:39:01.231 (231973431)|VALIDATION_PASS
19:39:01.231 (231974503)|VALIDATION_RULE|03dWC000001ORzO|Closed_Detail_If_No_Interest_or_Need
19:39:01.231 (232019412)|VALIDATION_FORMULA|AND(
   ISPICKVAL(Closed_Lost_Reason__c, "No Interest or Need"),
   ISBLANK(Closed_Lost_Detail__c)
)|Closed_Lost_Detail__c=null , Closed_Lost_Reason__c=null
19:39:01.231 (232022480)|VALIDATION_PASS
19:39:01.231 (232023696)|VALIDATION_RULE|03dWC000001ORzP|Closed_Lost_Detail_If_Lost_To_Competitor
19:39:01.231 (232064559)|VALIDATION_FORMULA|AND(
   ISPICKVAL(Closed_Lost_Reason__c, "Lost to competitor"),
   ISBLANK(Closed_Lost_Detail__c)
)|Closed_Lost_Detail__c=null , Closed_Lost_Reason__c=null
19:39:01.231 (232067312)|VALIDATION_PASS
19:39:01.231 (232068377)|VALIDATION_RULE|03dWC000001ORzQ|Closed_Lost_Detail_If_Process_Failure
19:39:01.231 (232108390)|VALIDATION_FORMULA|AND(
   ISPICKVAL(Closed_Lost_Reason__c, "Process Failure"),
   ISBLANK(Closed_Lost_Detail__c)
)|Closed_Lost_Detail__c=null , Closed_Lost_Reason__c=null
19:39:01.231 (232110860)|VALIDATION_PASS
19:39:01.231 (232111710)|VALIDATION_RULE|03dWC000001ORzR|Closed_Lost_Detail_If_Product_Features
19:39:01.231 (232151282)|VALIDATION_FORMULA|AND(
   ISPICKVAL(Closed_Lost_Reason__c, "Product Features"),
   ISBLANK(Closed_Lost_Detail__c)
)|Closed_Lost_Detail__c=null , Closed_Lost_Reason__c=null
19:39:01.231 (232153576)|VALIDATION_PASS
19:39:01.231 (232154457)|VALIDATION_RULE|03dWC0000017T7x|Require_Closed_Lost_Reason
19:39:01.231 (232316369)|VALIDATION_FORMULA|AND(
  ISPICKVAL(StageName, "Closed Lost"),
  ISBLANK(TEXT(Closed_Lost_Reason__c)),
  NOT($Permission.Bypass_Validation_Rules)
)|StageName=Order Processing , Closed_Lost_Reason__c=null , $Permission.Bypass_Validation_Rules=false
19:39:01.231 (232320099)|VALIDATION_PASS
19:39:01.231 (232321313)|VALIDATION_RULE|03dWC0000017T7y|Require_Competitor_on_Competitive_Loss
19:39:01.231 (232391217)|VALIDATION_FORMULA|AND(
  ISPICKVAL(StageName, "Closed Lost"),
  ISPICKVAL(Closed_Lost_Reason__c, "Lost to Competitor"),
  ISBLANK(Incumbent_Competitor__c)
)|Incumbent_Competitor__c=null , StageName=Order Processing , Closed_Lost_Reason__c=null
19:39:01.231 (232394344)|VALIDATION_PASS
19:39:01.231 (232395549)|VALIDATION_RULE|03dWC0000017T7z|Require_Expected_Renewal_Date
19:39:01.231 (232446545)|VALIDATION_FORMULA|AND(
  ISPICKVAL(Type, "Renewal"),
  ISBLANK(Expected_Renewal_Date__c)
)|Type=New , Expected_Renewal_Date__c=null
19:39:01.231 (232449125)|VALIDATION_PASS
19:39:01.231 (232450263)|VALIDATION_RULE|03dWC0000017T80|Require_Renewed_Contract
19:39:01.231 (232587324)|VALIDATION_FORMULA|AND(
  ISPICKVAL(Type, "Renewal"),
  ISBLANK(Renewed_Contract__c),
 $User.LastName <>"Migration"
)|Type=New , $User.LastName=Jeong , Renewed_Contract__c=null
19:39:01.231 (232590617)|VALIDATION_PASS
19:39:01.231 (232591700)|VALIDATION_RULE|03dWC0000017T82|Require_Risk_Explanation
19:39:01.231 (232694506)|VALIDATION_FORMULA|AND(
  $User.LastName <>"Migration",
  ISPICKVAL(Type, "Renewal"),
  OR(
    ISPICKVAL(Renewal_Risk__c, "Medium Risk"),
    ISPICKVAL(Renewal_Risk__c, "High Risk"),
    ISPICKVAL(Renewal_Risk__c, "Notified Lost")
  ),
  ISBLANK(Renewal_Risk_Explanation__c)
)|Type=New , Renewal_Risk_Explanation__c=null , $User.LastName=Jeong , Renewal_Risk__c=null
19:39:01.231 (232698717)|VALIDATION_PASS
19:39:01.231 (232700081)|VALIDATION_RULE|03dWC0000017T83|Require_Risk_Reason_for_Renewals
19:39:01.231 (232796377)|VALIDATION_FORMULA|AND(
  
  $User.LastName <>"Migration",
  ISPICKVAL(Type, "Renewal"),
  OR(
    ISPICKVAL(Renewal_Risk__c, "Medium Risk"),
    ISPICKVAL(Renewal_Risk__c, "High Risk"),
    ISPICKVAL(Renewal_Risk__c, "Notified Lost")
  ),
  ISBLANK(TEXT(Primary_Renewal_Risk_Reason__c))
)|Type=New , $User.LastName=Jeong , Primary_Renewal_Risk_Reason__c=null , Renewal_Risk__c=null
19:39:01.231 (232800471)|VALIDATION_PASS
19:39:01.231 (232801766)|VALIDATION_RULE|03dWC0000017T84|Require_Secondary_Risk_Reason
19:39:01.231 (232894662)|VALIDATION_FORMULA|AND(
  $User.LastName <>"Migration",
  ISPICKVAL(Type, "Renewal"),
  OR(
    ISPICKVAL(Renewal_Risk__c, "Medium Risk"),
    ISPICKVAL(Renewal_Risk__c, "High Risk"),
    ISPICKVAL(Renewal_Risk__c, "Notified Lost")
  ),
  ISBLANK(TEXT(Secondary_Renewal_Risk_Reason__c))
)|Secondary_Renewal_Risk_Reason__c=null , Type=New , $User.LastName=Jeong , Renewal_Risk__c=null
19:39:01.231 (232898445)|VALIDATION_PASS
19:39:01.231 (232899424)|VALIDATION_RULE|03dWC000001ogBZ|APC_Manual_Trigger_Validation
19:39:01.231 (232958768)|VALIDATION_FORMULA|AND(
 Execute_Auto_Project_Creation_Process__c = TRUE,
OR(
ISPICKVAL(StageName, "Pre-Qualified"),
ISPICKVAL(StageName, "Sales Qualified")
)
)|Execute_Auto_Project_Creation_Process__c=0 , StageName=Order Processing
19:39:01.231 (232961857)|VALIDATION_PASS
19:39:01.231 (232963036)|VALIDATION_RULE|03dWC000001aPXB|Close_Opportunities
19:39:01.231 (233142656)|VALIDATION_FORMULA|AND (
ISCHANGED(StageName),
ISPICKVAL(StageName, "Closed Won"),
NOT($Permission.Close_Opportunities),
NOT($Permission.Bypass_Validation_Rules)
)|StageName=Order Processing , $Permission.Close_Opportunities=false , $Permission.Bypass_Validation_Rules=false
19:39:01.231 (233147495)|VALIDATION_PASS
19:39:01.231 (233148857)|VALIDATION_RULE|03dWC000001WlZV|One_Distributor_Per_Opportunity
19:39:01.231 (233227387)|VALIDATION_FORMULA|AND(
NOT(Bypass_Partner_Validation__c),
Number_of_Distributors__c > 1
)|Bypass_Partner_Validation__c=0 , Number_of_Distributors__c=0
19:39:01.231 (233229885)|VALIDATION_PASS
19:39:01.231 (233231085)|VALIDATION_RULE|03dWC000001WlZW|One_Reseller_Per_Opportunity
19:39:01.231 (233272241)|VALIDATION_FORMULA|AND( 
NOT(Bypass_Partner_Validation__c), 
Number_of_Resellers__c > 1
)|Bypass_Partner_Validation__c=0 , Number_of_Resellers__c=0
19:39:01.231 (233274585)|VALIDATION_PASS
19:39:01.231 (233275406)|VALIDATION_RULE|03dWC000001H9hY|Opp_Rate_Card_Set_Currency_Mismatch
19:39:01.231 (233496375)|VALIDATION_FORMULA|(pse__Rate_Card_Set__c <> NULL) &&(ISPICKVAL(CurrencyIsoCode, '') &#124;&#124;
		ISPICKVAL(pse__Rate_Card_Set__r.CurrencyIsoCode , '') &#124;&#124;
		(TEXT(pse__Rate_Card_Set__r.CurrencyIsoCode) <> TEXT(CurrencyIsoCode)))|pse__Rate_Card_Set__r.CurrencyIsoCode=null , pse__Rate_Card_Set__c=null , CurrencyIsoCode=USD
19:39:01.231 (233502096)|VALIDATION_PASS
19:39:01.231 (233508043)|CODE_UNIT_FINISHED|Validation:Opportunity:006WC00000QqAqj
19:39:01.434 (434216689)|CODE_UNIT_STARTED|[EXTERNAL]|01qWC000005ZCoD|OpportunityTrigger on Opportunity trigger event AfterUpdate|__sfdc_trigger/OpportunityTrigger
19:39:01.434 (434293999)|HEAP_ALLOCATE|[EXTERNAL]|Bytes:8
19:39:01.434 (434371122)|HEAP_ALLOCATE|[EXTERNAL]|Bytes:8
19:39:01.434 (434454638)|HEAP_ALLOCATE|[EXTERNAL]|Bytes:4
19:39:01.434 (434464439)|VARIABLE_SCOPE_BEGIN|[10]|this|OpportunityTrigger|true|false
19:39:01.434 (434540190)|VARIABLE_ASSIGNMENT|[10]|this|{}|0x36e5338a
19:39:01.434 (434570021)|HEAP_ALLOCATE|[EXTERNAL]|Bytes:4
19:39:01.434 (434573826)|VARIABLE_SCOPE_BEGIN|[10]|this|OpportunityTrigger|true|false
19:39:01.434 (434579373)|VARIABLE_ASSIGNMENT|[10]|this|{}|0x36e5338a
19:39:01.434 (434584896)|STATEMENT_EXECUTE|[10]
19:39:01.434 (434598439)|STATEMENT_EXECUTE|[11]
19:39:01.434 (434613967)|STATEMENT_EXECUTE|[20]
19:39:01.434 (434614791)|STATEMENT_EXECUTE|[21]
19:39:01.434 (434683733)|METHOD_ENTRY|[21]|01pWC000001wZoB|OpportunityTriggerHandler.handleAfterUpdate(List<Opportunity>, Map<Id,Opportunity>)
19:39:01.434 (434717480)|VARIABLE_SCOPE_BEGIN|[79]|newOpportunities|List<Opportunity>|true|false
19:39:01.434 (437157361)|VARIABLE_ASSIGNMENT|[79]|newOpportunities|[{"LastModifiedDate":"2026-06-13T02:39:02.000Z","Is_Branded__c":false,"AccountId":"001WC00000kTYyNYAW","HasOpportunityLineItem":true,"Number_of_Resellers__c":0,"pse__Is_Change_Request__c":false,"HS_Sync_Status__c":"Success","ForecastCategory":"Pipeline","Exchange_Rate_To_USD__c":1.0000000000,"No_Territory_Found__c":false,"CloseDate":"2026-07-10T00:00:00.000Z","Name":"BoKS IAM New Busines (18 more) ...","HasOpenActivity":false,"ARR_Last_Updated__c":"2026-06-10T08:20:13.000Z","HS_Sync_Message__c":"Operation successful","HS_Sync_Correlation_Id__c":"9f25b3c0-649c-11f1-a (16 more) ...","Subscription_Term__c":12,"CreatedById":"005WC00000DZ6xVYAT","Displaced_ARR__c":0.00,"Opportunity_NARR_Calculated__c":0.00,"IsDeleted":false,"pse__Services_Attached_From_Products__c":0.00,"Run_Assignment__c":false,"Deal_Cycle_Time_Days__c":30,"CurrencyIsoCode":"USD","salesintelio__Attempted_Enrichment__c":false,"CreatedDate":"2026-06-10T07:18:46.000Z","HasOverdueTask":false,"salesintelio__SalesIntel_Up_to_Date__c":false,"Pricebook2Id":"01sWC0000022GHFYA2","LE_Change_In_Progress__c":false,"Conversion_Rate__c":1.0000000000,"Id":"006WC00000QqAqjYAF","Running_User_Opportunity_Owner__c":false,"ForecastCategoryName":"Pipeline","Deal_Origin__c":"Fortra Originated","Project_Check_Override__c":false,"Project_Creation_Processed__c":false,"Disable_Automation__c":false,"pse__Services_Attached_Percent_From_Products__c":0.00,"salesintelio__SalesIntel_Exported__c":false,"IsClosed":false,"PartnerAccountId":"001WC00000ZtazZYAR","pse__IsParentOpportunityServices__c":false,"TotalOpportunityQuantity":2.00,"LastAmountChangedHistoryId":"008WC00000VEBMnYAP","ExpectedRevenue":327.807,"OwnerId":"005WC00000DZ6xVYAT","IsWon":false,"HS_Sync_Payload__c":"{\n  \"sfOppId\": \"006W (321 more) ...","SyncedQuoteId":"0Q0WC0000037IHp0AM","IsSplit":true,"IsPriorityRecord":false,"Corporate_Currency_Amount__c":364.23,"Bypass_Partner_Validation__c":false,"pse__Is_Services_Opportunity__c":false,"StageName":"Order Processing","Amount":364.23,"Probability":90,"Execute_Auto_Project_Creation_Process__c":false,"SystemModstamp":"2026-06-13T02:39:02.000Z","Type":"New","User_Registered_Deal__c":false,"salesintelio__SalesIntel_Enriched__c":false,"Deal_Registration_ID__c":"DR-468130","Quote_Count__c":2.0,"Partner_Account_Name__c":"AB Test Partner Acco (3 more) ...","Number_of_Distributors__c":0,"Opportunity_Owner_Name_Formula__c":"Nir Kailash","IsPrivate":false,"LastModifiedById":"005WC00000MgTN2YAN","AccountName__c":"BoKS IAM Test Accoun (18 more) ..."}]|0x21ca5e62
19:39:01.434 (437202279)|VARIABLE_SCOPE_BEGIN|[79]|oldOpportunityMap|Map<Id,Opportunity>|true|false
19:39:01.434 (438739424)|VARIABLE_ASSIGNMENT|[79]|oldOpportunityMap|{"006WC00000QqAqjYAF":{"LastModifiedDate":"2026-06-10T08:20:33.000Z","Is_Branded__c":false,"AccountId":"001WC00000kTYyNYAW","HasOpportunityLineItem":true,"Number_of_Resellers__c":0,"pse__Is_Change_Request__c":false,"HS_Sync_Status__c":"Success","ForecastCategory":"Pipeline","Exchange_Rate_To_USD__c":1.0000000000,"No_Territory_Found__c":false,"CloseDate":"2026-07-10T00:00:00.000Z","Name":"BoKS IAM New Busines (18 more) ...","HasOpenActivity":false,"ARR_Last_Updated__c":"2026-06-10T08:20:13.000Z","HS_Sync_Message__c":"Operation successful","HS_Sync_Correlation_Id__c":"9f25b3c0-649c-11f1-a (16 more) ...","Subscription_Term__c":12,"CreatedById":"005WC00000DZ6xVYAT","Displaced_ARR__c":0.00,"Opportunity_NARR_Calculated__c":0.00,"IsDeleted":false,"pse__Services_Attached_From_Products__c":0.00,"Run_Assignment__c":false,"Deal_Cycle_Time_Days__c":30,"CurrencyIsoCode":"USD","salesintelio__Attempted_Enrichment__c":false,"CreatedDate":"2026-06-10T07:18:46.000Z","HasOverdueTask":false,"salesintelio__SalesIntel_Up_to_Date__c":false,"Pricebook2Id":"01sWC0000022GHFYA2","LE_Change_In_Progress__c":false,"Conversion_Rate__c":1.0000000000,"Id":"006WC00000QqAqjYAF","Running_User_Opportunity_Owner__c":false,"ForecastCategoryName":"Pipeline","Deal_Origin__c":"Fortra Originated","Project_Check_Override__c":false,"Project_Creation_Processed__c":false,"Disable_Automation__c":false,"pse__Services_Attached_Percent_From_Products__c":0.00,"salesintelio__SalesIntel_Exported__c":false,"IsClosed":false,"PartnerAccountId":"001WC00000ZtazZYAR","pse__IsParentOpportunityServices__c":false,"TotalOpportunityQuantity":2.00,"LastAmountChangedHistoryId":"008WC00000VEBMnYAP","ExpectedRevenue":327.807,"OwnerId":"005WC00000DZ6xVYAT","IsWon":false,"HS_Sync_Payload__c":"{\n  \"sfOppId\": \"006W (321 more) ...","SyncedQuoteId":"0Q0WC0000037IHp0AM","IsSplit":true,"IsPriorityRecord":false,"Corporate_Currency_Amount__c":364.23,"Bypass_Partner_Validation__c":false,"pse__Is_Services_Opportunity__c":false,"StageName":"Order Processing","Amount":364.23,"Probability":90,"Execute_Auto_Project_Creation_Process__c":false,"SystemModstamp":"2026-06-10T08:20:33.000Z","Type":"New","User_Registered_Deal__c":false,"salesintelio__SalesIntel_Enriched__c":false,"Deal_Registration_ID__c":"DR-468130","Quote_Count__c":1.0,"Partner_Account_Name__c":"AB Test Partner Acco (3 more) ...","Number_of_Distributors__c":0,"Opportunity_Owner_Name_Formula__c":"Nir Kailash","IsPrivate":false,"LastModifiedById":"005WC00000DZ6xVYAT","AccountName__c":"BoKS IAM Test Accoun (18 more) ..."}}|0x5e6a8af1
19:39:01.434 (439603887)|SYSTEM_MODE_ENTER|false
19:39:01.434 (439626627)|HEAP_ALLOCATE|[80]|Bytes:5
19:39:01.434 (439634599)|STATEMENT_EXECUTE|[79]
19:39:01.434 (439635884)|STATEMENT_EXECUTE|[80]
19:39:01.434 (439661045)|HEAP_ALLOCATE|[80]|Bytes:4
19:39:01.434 (439691792)|SYSTEM_CONSTRUCTOR_ENTRY|[80]|<init>(Integer)
19:39:01.434 (439722285)|SYSTEM_CONSTRUCTOR_EXIT|[80]|<init>(Integer)
19:39:01.434 (439726045)|VARIABLE_SCOPE_BEGIN|[80]|closedLostOpportunityIds|Set<Id>|true|false
19:39:01.434 (439764269)|VARIABLE_ASSIGNMENT|[80]|closedLostOpportunityIds|[]|0x749731bd
19:39:01.434 (439767180)|STATEMENT_EXECUTE|[81]
19:39:01.434 (439770454)|HEAP_ALLOCATE|[81]|Bytes:4
19:39:01.434 (439773817)|SYSTEM_CONSTRUCTOR_ENTRY|[81]|<init>(Integer)
19:39:01.434 (439778229)|SYSTEM_CONSTRUCTOR_EXIT|[81]|<init>(Integer)
19:39:01.434 (439780057)|VARIABLE_SCOPE_BEGIN|[81]|orderProcessingOpportunityIds|Set<Id>|true|false
19:39:01.434 (439787297)|VARIABLE_ASSIGNMENT|[81]|orderProcessingOpportunityIds|[]|0x1adc3fb1
19:39:01.434 (439804017)|SYSTEM_METHOD_ENTRY|[84]|List<Opportunity>.iterator()
19:39:01.434 (439819980)|SYSTEM_METHOD_EXIT|[84]|List<Opportunity>.iterator()
19:39:01.434 (439830047)|SYSTEM_METHOD_ENTRY|[84]|system.ListIterator.hasNext()
19:39:01.434 (439837795)|HEAP_ALLOCATE|[84]|Bytes:5
19:39:01.434 (439843308)|SYSTEM_METHOD_EXIT|[84]|system.ListIterator.hasNext()
19:39:01.434 (439865827)|VARIABLE_SCOPE_BEGIN|[84]|opp|Opportunity|true|false
19:39:01.434 (440554549)|VARIABLE_ASSIGNMENT|[84]|opp|{"LastModifiedDate":"2026-06-13T02:39:02.000Z","Is_Branded__c":false,"AccountId":"001WC00000kTYyNYAW","HasOpportunityLineItem":true,"Number_of_Resellers__c":0,"pse__Is_Change_Request__c":false,"HS_Sync_Status__c":"Success","ForecastCategory":"Pipeline","Exchange_Rate_To_USD__c":1.0000000000,"No_Territory_Found__c":false,"CloseDate":"2026-07-10T00:00:00.000Z","Name":"BoKS IAM New Busines (18 more) ...","HasOpenActivity":false,"ARR_Last_Updated__c":"2026-06-10T08:20:13.000Z","HS_Sync_Message__c":"Operation successful","HS_Sync_Correlation_Id__c":"9f25b3c0-649c-11f1-a (16 more) ...","Subscription_Term__c":12,"CreatedById":"005WC00000DZ6xVYAT","Displaced_ARR__c":0.00,"Opportunity_NARR_Calculated__c":0.00,"IsDeleted":false,"pse__Services_Attached_From_Products__c":0.00,"Run_Assignment__c":false,"Deal_Cycle_Time_Days__c":30,"CurrencyIsoCode":"USD","salesintelio__Attempted_Enrichment__c":false,"CreatedDate":"2026-06-10T07:18:46.000Z","HasOverdueTask":false,"salesintelio__SalesIntel_Up_to_Date__c":false,"Pricebook2Id":"01sWC0000022GHFYA2","LE_Change_In_Progress__c":false,"Conversion_Rate__c":1.0000000000,"Id":"006WC00000QqAqjYAF","Running_User_Opportunity_Owner__c":false,"ForecastCategoryName":"Pipeline","Deal_Origin__c":"Fortra Originated","Project_Check_Override__c":false,"Project_Creation_Processed__c":false,"Disable_Automation__c":false,"pse__Services_Attached_Percent_From_Products__c":0.00,"salesintelio__SalesIntel_Exported__c":false,"IsClosed":false,"PartnerAccountId":"001WC00000ZtazZYAR","pse__IsParentOpportunityServices__c":false,"TotalOpportunityQuantity":2.00,"LastAmountChangedHistoryId":"008WC00000VEBMnYAP","ExpectedRevenue":327.807,"OwnerId":"005WC00000DZ6xVYAT","IsWon":false,"HS_Sync_Payload__c":"{\n  \"sfOppId\": \"006W (321 more) ...","SyncedQuoteId":"0Q0WC0000037IHp0AM","IsSplit":true,"IsPriorityRecord":false,"Corporate_Currency_Amount__c":364.23,"Bypass_Partner_Validation__c":false,"pse__Is_Services_Opportunity__c":false,"StageName":"Order Processing","Amount":364.23,"Probability":90,"Execute_Auto_Project_Creation_Process__c":false,"SystemModstamp":"2026-06-13T02:39:02.000Z","Type":"New","User_Registered_Deal__c":false,"salesintelio__SalesIntel_Enriched__c":false,"Deal_Registration_ID__c":"DR-468130","Quote_Count__c":2.0,"Partner_Account_Name__c":"AB Test Partner Acco (3 more) ...","Number_of_Distributors__c":0,"Opportunity_Owner_Name_Formula__c":"Nir Kailash","IsPrivate":false,"LastModifiedById":"005WC00000MgTN2YAN","AccountName__c":"BoKS IAM Test Accoun (18 more) ..."}|0x10eb0319
19:39:01.434 (440576943)|STATEMENT_EXECUTE|[84]
19:39:01.434 (440578269)|STATEMENT_EXECUTE|[85]
19:39:01.434 (440613803)|SYSTEM_METHOD_ENTRY|[85]|Map<Id,Opportunity>.get(Object)
19:39:01.434 (440634738)|SYSTEM_METHOD_EXIT|[85]|Map<Id,Opportunity>.get(Object)
19:39:01.434 (440639400)|VARIABLE_SCOPE_BEGIN|[85]|oldOpp|Opportunity|true|false
19:39:01.434 (441133210)|VARIABLE_ASSIGNMENT|[85]|oldOpp|{"LastModifiedDate":"2026-06-10T08:20:33.000Z","Is_Branded__c":false,"AccountId":"001WC00000kTYyNYAW","HasOpportunityLineItem":true,"Number_of_Resellers__c":0,"pse__Is_Change_Request__c":false,"HS_Sync_Status__c":"Success","ForecastCategory":"Pipeline","Exchange_Rate_To_USD__c":1.0000000000,"No_Territory_Found__c":false,"CloseDate":"2026-07-10T00:00:00.000Z","Name":"BoKS IAM New Busines (18 more) ...","HasOpenActivity":false,"ARR_Last_Updated__c":"2026-06-10T08:20:13.000Z","HS_Sync_Message__c":"Operation successful","HS_Sync_Correlation_Id__c":"9f25b3c0-649c-11f1-a (16 more) ...","Subscription_Term__c":12,"CreatedById":"005WC00000DZ6xVYAT","Displaced_ARR__c":0.00,"Opportunity_NARR_Calculated__c":0.00,"IsDeleted":false,"pse__Services_Attached_From_Products__c":0.00,"Run_Assignment__c":false,"Deal_Cycle_Time_Days__c":30,"CurrencyIsoCode":"USD","salesintelio__Attempted_Enrichment__c":false,"CreatedDate":"2026-06-10T07:18:46.000Z","HasOverdueTask":false,"salesintelio__SalesIntel_Up_to_Date__c":false,"Pricebook2Id":"01sWC0000022GHFYA2","LE_Change_In_Progress__c":false,"Conversion_Rate__c":1.0000000000,"Id":"006WC00000QqAqjYAF","Running_User_Opportunity_Owner__c":false,"ForecastCategoryName":"Pipeline","Deal_Origin__c":"Fortra Originated","Project_Check_Override__c":false,"Project_Creation_Processed__c":false,"Disable_Automation__c":false,"pse__Services_Attached_Percent_From_Products__c":0.00,"salesintelio__SalesIntel_Exported__c":false,"IsClosed":false,"PartnerAccountId":"001WC00000ZtazZYAR","pse__IsParentOpportunityServices__c":false,"TotalOpportunityQuantity":2.00,"LastAmountChangedHistoryId":"008WC00000VEBMnYAP","ExpectedRevenue":327.807,"OwnerId":"005WC00000DZ6xVYAT","IsWon":false,"HS_Sync_Payload__c":"{\n  \"sfOppId\": \"006W (321 more) ...","SyncedQuoteId":"0Q0WC0000037IHp0AM","IsSplit":true,"IsPriorityRecord":false,"Corporate_Currency_Amount__c":364.23,"Bypass_Partner_Validation__c":false,"pse__Is_Services_Opportunity__c":false,"StageName":"Order Processing","Amount":364.23,"Probability":90,"Execute_Auto_Project_Creation_Process__c":false,"SystemModstamp":"2026-06-10T08:20:33.000Z","Type":"New","User_Registered_Deal__c":false,"salesintelio__SalesIntel_Enriched__c":false,"Deal_Registration_ID__c":"DR-468130","Quote_Count__c":1.0,"Partner_Account_Name__c":"AB Test Partner Acco (3 more) ...","Number_of_Distributors__c":0,"Opportunity_Owner_Name_Formula__c":"Nir Kailash","IsPrivate":false,"LastModifiedById":"005WC00000DZ6xVYAT","AccountName__c":"BoKS IAM Test Accoun (18 more) ..."}|0x1376f628
19:39:01.434 (441194739)|STATEMENT_EXECUTE|[88]
19:39:01.434 (441201923)|SYSTEM_METHOD_ENTRY|[84]|system.ListIterator.hasNext()
19:39:01.434 (441209925)|HEAP_ALLOCATE|[84]|Bytes:5
19:39:01.434 (441214457)|SYSTEM_METHOD_EXIT|[84]|system.ListIterator.hasNext()
19:39:01.434 (441221665)|VARIABLE_ASSIGNMENT|[84]|opp|null|
19:39:01.434 (441231162)|SYSTEM_METHOD_ENTRY|[98]|Set<Id>.isEmpty()
19:39:01.434 (441240803)|SYSTEM_METHOD_EXIT|[98]|Set<Id>.isEmpty()
19:39:01.434 (441244799)|STATEMENT_EXECUTE|[98]
19:39:01.434 (441246705)|SYSTEM_METHOD_ENTRY|[103]|Set<Id>.isEmpty()
19:39:01.434 (441250941)|SYSTEM_METHOD_EXIT|[103]|Set<Id>.isEmpty()
19:39:01.434 (441253073)|STATEMENT_EXECUTE|[103]
19:39:01.434 (441258662)|SYSTEM_MODE_EXIT|false
19:39:01.434 (441270862)|METHOD_EXIT|[21]|01pWC000001wZoB|OpportunityTriggerHandler.handleAfterUpdate(List<Opportunity>, Map<Id,Opportunity>)
19:39:01.441 (441282262)|CUMULATIVE_LIMIT_USAGE
19:39:01.441 (441282262)|LIMIT_USAGE_FOR_NS|(default)|
  Number of SOQL queries: 2 out of 200
  Number of query rows: 3 out of 50000
  Number of SOSL queries: 0 out of 20
  Number of DML statements: 1 out of 150
  Number of Publish Immediate DML: 0 out of 150
  Number of DML rows: 1 out of 10000
  Maximum CPU time: 57 out of 60000
  Maximum heap size: 0 out of 12000000
  Number of callouts: 0 out of 100
  Number of Email Invocations: 0 out of 10
  Number of future calls: 0 out of 50
  Number of queueable jobs added to the queue: 0 out of 50
  Number of Mobile Apex push calls: 0 out of 10

19:39:01.441 (441282262)|TOTAL_EMAIL_RECIPIENTS_QUEUED|0
19:39:01.441 (441282262)|STATIC_VARIABLE_LIST|
  int:BYTES:0
  int:BYTES:0
  byte[]:DigitOnes:0
  byte[]:DigitTens:0
  Boolean:FALSE:0
  int:MAX_EXPONENT:0
  double:MAX_VALUE:0
  int:MAX_VALUE:0
  int:MIN_EXPONENT:0
  double:MIN_NORMAL:0
  double:MIN_VALUE:0
  int:MIN_VALUE:0
  double:NEGATIVE_INFINITY:0
  double:NaN:0
  double:POSITIVE_INFINITY:0
  int:PRECISION:0
  int:SIZE:0
  int:SIZE:0
  Boolean:TRUE:0
  String:_sfdcAdditionalCodeLocations:0
  String:_static_STAGE_CLOSED_LOST:0
  String:_static_STAGE_ORDER_PROCESSING:0
  String:_static_STATUS_ACTIVE:0
  String:_static_STATUS_QUOTING:0
  char[]:digits:0
  long:serialVersionUID:0
  long:serialVersionUID:0
  long:serialVersionUID:0

19:39:01.441 (441282262)|CUMULATIVE_LIMIT_USAGE_END

19:39:01.434 (441528895)|CODE_UNIT_FINISHED|OpportunityTrigger on Opportunity trigger event AfterUpdate|__sfdc_trigger/OpportunityTrigger
19:39:01.442 (442473202)|CODE_UNIT_STARTED|[EXTERNAL]|Workflow:Opportunity
19:39:01.442 (442515418)|CODE_UNIT_FINISHED|Workflow:Opportunity
19:39:01.442 (442643764)|CODE_UNIT_STARTED|[EXTERNAL]|Flow:Opportunity
19:39:01.445 (445883868)|FLOW_CREATE_INTERVIEW_BEGIN|00DWC000006eUFF|300WC00000RqAtQ|301WC00000kDa83
19:39:01.445 (445961889)|FLOW_CREATE_INTERVIEW_END|2140bb41211f402b20721415ac9b19ebed4f646-594a|PSA RTF Opportunity Created Update Practice
19:39:01.446 (446228578)|FLOW_START_INTERVIEWS_BEGIN|1
19:39:01.446 (446257136)|FLOW_START_INTERVIEW_BEGIN|2140bb41211f402b20721415ac9b19ebed4f646-594a|PSA RTF Opportunity Created Update Practice
19:39:01.446 (446324937)|FLOW_START_INTERVIEW_LIMIT_USAGE|SOQL queries: 2 out of 200
19:39:01.446 (446332778)|FLOW_START_INTERVIEW_LIMIT_USAGE|SOQL query rows: 3 out of 50000
19:39:01.446 (446337345)|FLOW_START_INTERVIEW_LIMIT_USAGE|SOSL queries: 0 out of 20
19:39:01.446 (446341977)|FLOW_START_INTERVIEW_LIMIT_USAGE|DML statements: 1 out of 150
19:39:01.446 (446345899)|FLOW_START_INTERVIEW_LIMIT_USAGE|DML rows: 1 out of 10000
19:39:01.446 (446350142)|FLOW_START_INTERVIEW_LIMIT_USAGE|CPU time in ms: 219 out of 65000
19:39:01.446 (446377397)|FLOW_START_INTERVIEW_LIMIT_USAGE|Heap size in bytes: 1049 out of 12000000
19:39:01.446 (446381781)|FLOW_START_INTERVIEW_LIMIT_USAGE|Callouts: 0 out of 100
19:39:01.446 (446385787)|FLOW_START_INTERVIEW_LIMIT_USAGE|Email invocations: 0 out of 10
19:39:01.446 (446389515)|FLOW_START_INTERVIEW_LIMIT_USAGE|Future calls: 0 out of 50
19:39:01.446 (446393125)|FLOW_START_INTERVIEW_LIMIT_USAGE|Jobs in queue: 0 out of 50
19:39:01.446 (446396999)|FLOW_START_INTERVIEW_LIMIT_USAGE|Push notifications: 0 out of 10
19:39:01.446 (448539854)|FLOW_VALUE_ASSIGNMENT|2140bb41211f402b20721415ac9b19ebed4f646-594a|$Record|{Id=006WC00000QqAqjYAF, IsDeleted=false, AccountId=001WC00000kTYyNYAW, IsPrivate=false, Name=BoKS IAM New Business 2026-06-10 00:18, Description=null, StageName=Order Processing, Amount=364.23, Probability=90.0, ExpectedRevenue=327.807, TotalOpportunityQuantity=2.0, CloseDate=2026-07-10 00:00:00, Type=New, NextStep=null, LeadSource=null, IsClosed=false, IsWon=false, ForecastCategory=Pipeline, ForecastCategoryName=Pipeline, CurrencyIsoCode=USD, CampaignId=null, HasOpportunityLineItem=true, IsSplit=true, Pricebook2Id=01sWC0000022GHFYA2, OwnerId=005WC00000DZ6xVYAT, CreatedDate=2026-06-10 07:18:46, AgeInDays=null, CreatedById=005WC00000DZ6xVYAT, LastModifiedDate=2026-06-13 02:39:02, LastModifiedById=005WC00000MgTN2YAN, SystemModstamp=2026-06-13 02:39:02, LastActivityDate=null, LastActivityInDays=null, PushCount=null, LastStageChangeDate=null, LastStageChangeInDays=null, FiscalYear=null, FiscalQuarter=null, ContactId=null, LastViewedDate=null, LastReferencedDate=null, PartnerAccountId=001WC00000ZtazZYAR, SyncedQuoteId=0Q0WC0000037IHp0AM, ContractId=null, HasOpenActivity=false, HasOverdueTask=false, IqScore=null, LastAmountChangedHistoryId=008WC00000VEBMnYAP, LastCloseDateChangedHistoryId=null, IsPriorityRecord=false, ActivityMetricId=null, AWS_Account_Manager_Email__c=null, AWS_Account_Manager_Name__c=null, AWS_Marketplace_Offer_ID__c=null, AWS_PSM_Email__c=null, LID__LinkedIn_Company_Id__c=null, Corporate_Currency_Amount__c=364.23, Disable_Automation__c=false, AWS_PSM_Name__c=null, Conversion_Rate__c=1.0, ALE_Amount_View__c=null, Number_of_Distributors__c=0.0, Number_of_Resellers__c=0.0, Bypass_Partner_Validation__c=false, BDR__c=null, Opportunity_Owner_Name_Formula__c=Nir Kailash, Referral_Partner__c=null, Channel_Account_Manager__c=null, CloseDate__c=null, Cross_Sell_User__c=null, Deal_Origin__c=Fortra Originated, Deal_Registration_Date_Approved__c=null, Deal_Registration_Notes__c=null, Implementation_Owner__c=null, Displaced_ARR_old__c=null, Distributor__c=null, Domain__c=null, Existing_Customer_of_Partner__c=null, Quote_Count__c=2.0, Expected_Renewal_Amount__c=null, Expected_Renewal_Date__c=null, First_Touch_Date__c=null, Follow_up_date__c=null, HS_Sync_Correlation_Id__c=9f25b3c0-649c-11f1-ad16-5244378e9d41, Forecast_Notes__c=null, Fortra_Partner_Marketing_Involvement__c=null, Help_Sell_User__c=null, HS_Sync_Message__c=Operation successful, Incumbent_Competitor_Renewal_Date__c=null, HS_Sync_Payload__c={
  "sfOppId": "006WC00000QqAqjYAF",
  "dealName": "BoKS IAM New Business 2026-06-10 00:18",
  "dealStage": "Order Processing",
  "dealType": "New",
  "opportunityOwner": "005WC00000DZ6xVYAT",
  "accountName": "001WC00000kTYyNYAW",
  "dealOrigin": "Fortra Originated",
  "dealRegistrationId": "DR-468130",
  "saleStage": "Order Processing"
}, Is_Branded__c=false, Last_Sales_Activity_Date__c=null, HS_Sync_Status__c=Success, Lead_Created_Date__c=null, HS_Deal_Id__c=null, Displaced_ARR__c=0.0, Opportunity_NARR__c=null, Number_of_Activities_Logged__c=null, Opportunity_NARR_Calculated__c=0.0, PCTA_Type__c=null, Paid_Search_Term__c=null, Pains_and_Challenges__c=null, Dynamic_Conversion_Rate__c=null, Partner_Deal_Status__c=null, Partner_MDF_Activity_ID__c=null, Partner_Sales_Activity_with_End_Customer__c=null, Positive_Business_Outcomes__c=null, Primary_Renewal_Risk_Reason__c=null, Cross_Sale_Type__c=null, Products_of_Interest__c=null, Project_Timeline__c=null, Running_User_Opportunity_Owner__c=false, Re_Opened_Date__c=null, RecordTypeId__c=null, Renewal_Risk_Explanation__c=null, Renewal_Risk__c=null, Renewed_Contract__c=null, Reseller__c=null, SALES_INQUIRY_LOOKUP__c=null, SQL_Date__c=null, Sale_Type__c=null, Secondary_Renewal_Risk_Reason__c=null, Secondary_Rep__c=null, Value_Drivers__c=null, Subscription_Term__c=12.0, Technical_Closure_Complete__c=null, Exchange_Rate_To_USD__c=1.0, Partner_Account_Name__c=AB Test Partner Account, Legacy_Discount__c=null, Closed_Lost_Detail__c=null, Closed_Lost_Reason__c=null, Closed_Lost_Sub_Reason__c=null, Inquiry_Created_Date__c=null, salesintelio__Attempted_Enrichment_Disposition__c=null, salesintelio__Attempted_Enrichment__c=false, salesintelio__First_Enriched_Date__c=null, salesintelio__Last_Attempted_Enrichment__c=null, salesintelio__Last_Enriched_Date__c=null, salesintelio__Last_Matched_Date__c=null, salesintelio__SalesIntel_Enriched__c=false, salesintelio__SalesIntel_Exported__c=false, salesintelio__SalesIntel_Up_to_Date__c=false, Budget_Allocated__c=null, Distributor_Text__c=null, RFP__c=null, AWS_Marketplace_Agreement_ID__c=null, Bill_To_Place__c=null, Champion_Identified__c=null, Deal_Registration_Expiration_Date__c=null, Deal_Registration_ID__c=DR-468130, Demo_Completed__c=null, Discovery_Call_Completed__c=null, Economic_Buyer_Identified__c=null, Final_Pricing_Confirmed__c=null, Incumbent_Competitor__c=null, Legal_Entity__c=null, Legal_Review_Completed__c=null, Legal_Review_Started__c=null, Negative_Consequences__c=null, Number_of_Deal_Registration_Extensions__c=null, POC_Complete__c=null, POC_Needed__c=null, Partner_Portal_Deal_Registration__c=null, Proactive_Trial__c=null, Required_Capabilities__c=null, Sales_Activities_Partner_Completed__c=null, Ship_To_Place__c=null, Technical_Win_Confirmed__c=null, Territory__c=null, Trial_Date_Confirmed__c=null, Trial_End_Date__c=null, Trial_Manager__c=null, Trial_Notes__c=null, Trial_Start_Date__c=null, Trial_Status__c=null, Reseller_Text__c=null, LE_Change_In_Progress__c=false, ffr__BatchProcess__c=null, c2g__CODAUnitOfWork__c=null, pse__Forecast_Curve__c=null, pse__Group__c=null, pse__IsParentOpportunityServices__c=false, pse__Is_Change_Request__c=false, pse__Is_Services_Opportunity__c=false, pse__Parent_Opportunity__c=null, pse__Practice__c=null, pse__PreBilledAmount__c=null, pse__Pre_Billed_Amount__c=null, pse__Primary_Project__c=null, pse__Rate_Card_Discount_Limit__c=null, pse__Rate_Card_Percentage_Discount__c=null, pse__Rate_Card_Set__c=null, pse__Region__c=null, pse__Services_Attached_From_Products__c=0.0, pse__Services_Attached_Percent_From_Products__c=0.0, AccountName__c=BoKS IAM Test Account 2026-06-10 00:18, Part_of_a_Marketing_Initiative__c=null, Product_of_Interest__c=null, Run_Assignment__c=false, AWS_Account_Number__c=null, AWS_Marketplace__c=null, AWS_Sales_Stage__c=null, Approval_Status__c=null, Total_Services__c=null, Upsell_Opportunity__c=null, ARR_Last_Updated__c=2026-06-10 08:20:13, AWS_Score__c=null, Total_ARR__c=null, Deal_Registration_Submitter__c=null, User_Registered_Deal__c=false, Deal_Cycle_Time_Days__c=30.0, No_Territory_Found__c=false, Legacy_Id__c=null, Execute_Auto_Project_Creation_Process__c=false, Project_Creation_Processed__c=false, Project_Check_Override__c=false}
19:39:01.446 (448697994)|FLOW_ELEMENT_BEGIN|2140bb41211f402b20721415ac9b19ebed4f646-594a|FlowRecordLookup|Get_Opportunity_Products
19:39:01.446 (448737181)|FLOW_ELEMENT_DEFERRED|FlowRecordLookup|Get_Opportunity_Products
19:39:01.446 (448780997)|FLOW_ELEMENT_LIMIT_USAGE|2 ms CPU time, total 221 out of 65000
19:39:01.446 (448790521)|FLOW_ELEMENT_END|2140bb41211f402b20721415ac9b19ebed4f646-594a|FlowRecordLookup|Get_Opportunity_Products
19:39:01.446 (449661795)|FLOW_START_INTERVIEW_END|2140bb41211f402b20721415ac9b19ebed4f646-594a|PSA RTF Opportunity Created Update Practice
19:39:01.446 (449724748)|FLOW_BULK_ELEMENT_BEGIN|FlowRecordLookup|Get_Opportunity_Products
19:39:01.446 (449891945)|LIMIT_USAGE|[EXTERNAL]|FIELDSETS_DESCRIBES|3|100
19:39:01.446 (467703730)|LIMIT_USAGE|[EXTERNAL]|SOQL_ROWS|5|50000
19:39:01.446 (467720614)|LIMIT_USAGE|[EXTERNAL]|SOQL|3|200
19:39:01.446 (467725936)|LIMIT_USAGE|[EXTERNAL]|AGGS|3|600
19:39:01.446 (467965203)|FLOW_VALUE_ASSIGNMENT|2140bb41211f402b20721415ac9b19ebed4f646-594a|Get_Opportunity_Products|[{Product2Id=01tWC00000DD1btYAD, Id=00kWC00000CdOWbYAN}, {Product2Id=01tWC00000DD1bsYAD, Id=00kWC00000CdOWcYAN}]
19:39:01.446 (467994590)|FLOW_BULK_ELEMENT_DETAIL|FlowRecordLookup|Get_Opportunity_Products|2
19:39:01.446 (468296298)|FLOW_BULK_ELEMENT_LIMIT_USAGE|1 SOQL queries, total 3 out of 200
19:39:01.446 (468307733)|FLOW_BULK_ELEMENT_LIMIT_USAGE|2 SOQL query rows, total 5 out of 50000
19:39:01.446 (468314539)|FLOW_BULK_ELEMENT_LIMIT_USAGE|9 ms CPU time, total 230 out of 65000
19:39:01.446 (468353477)|FLOW_BULK_ELEMENT_END|FlowRecordLookup|Get_Opportunity_Products|2|18
19:39:01.446 (468444205)|FLOW_ELEMENT_BEGIN|2140bb41211f402b20721415ac9b19ebed4f646-594a|FlowDecision|Did_we_get_OPLI_Records
19:39:01.446 (468469557)|FLOW_ELEMENT_DEFERRED|FlowDecision|Did_we_get_OPLI_Records
19:39:01.446 (468491251)|FLOW_ELEMENT_END|2140bb41211f402b20721415ac9b19ebed4f646-594a|FlowDecision|Did_we_get_OPLI_Records
19:39:01.446 (468524882)|FLOW_BULK_ELEMENT_BEGIN|FlowDecision|Did_we_get_OPLI_Records
19:39:01.446 (468578340)|FLOW_RULE_DETAIL|2140bb41211f402b20721415ac9b19ebed4f646-594a|Yes|true|false
19:39:01.446 (468596132)|FLOW_VALUE_ASSIGNMENT|2140bb41211f402b20721415ac9b19ebed4f646-594a|Yes|true
19:39:01.446 (468669048)|FLOW_BULK_ELEMENT_END|FlowDecision|Did_we_get_OPLI_Records|0|0
19:39:01.446 (468708353)|FLOW_ELEMENT_BEGIN|2140bb41211f402b20721415ac9b19ebed4f646-594a|FlowLoop|Loop_through_Opportunity_Products
19:39:01.446 (468717250)|FLOW_ELEMENT_DEFERRED|FlowLoop|Loop_through_Opportunity_Products
19:39:01.446 (468732002)|FLOW_ELEMENT_END|2140bb41211f402b20721415ac9b19ebed4f646-594a|FlowLoop|Loop_through_Opportunity_Products
19:39:01.446 (468751833)|FLOW_BULK_ELEMENT_BEGIN|FlowLoop|Loop_through_Opportunity_Products
19:39:01.446 (468888846)|FLOW_VALUE_ASSIGNMENT|2140bb41211f402b20721415ac9b19ebed4f646-594a|Loop_through_Opportunity_Products|{Product2Id=01tWC00000DD1btYAD, Id=00kWC00000CdOWbYAN}
19:39:01.446 (468891970)|FLOW_VALUE_ASSIGNMENT|2140bb41211f402b20721415ac9b19ebed4f646-594a|Loop_through_Opportunity_Products__currentIteration|0
19:39:01.446 (468949658)|FLOW_LOOP_DETAIL|2140bb41211f402b20721415ac9b19ebed4f646-594a|0|00kWC00000CdOWbYAN
19:39:01.446 (469030364)|FLOW_BULK_ELEMENT_END|FlowLoop|Loop_through_Opportunity_Products|0|0
19:39:01.446 (469054241)|FLOW_ELEMENT_BEGIN|2140bb41211f402b20721415ac9b19ebed4f646-594a|FlowAssignment|Store_Practice_Ids_into_collection
19:39:01.446 (469062761)|FLOW_ELEMENT_DEFERRED|FlowAssignment|Store_Practice_Ids_into_collection
19:39:01.446 (469076486)|FLOW_ELEMENT_LIMIT_USAGE|1 ms CPU time, total 231 out of 65000
19:39:01.446 (469081658)|FLOW_ELEMENT_END|2140bb41211f402b20721415ac9b19ebed4f646-594a|FlowAssignment|Store_Practice_Ids_into_collection
19:39:01.446 (476414222)|FLOW_BULK_ELEMENT_BEGIN|FlowAssignment|Store_Practice_Ids_into_collection
19:39:01.446 (476812082)|FLOW_ASSIGNMENT_DETAIL|2140bb41211f402b20721415ac9b19ebed4f646-594a|colPracticeIds|ADD|
19:39:01.446 (476854870)|FLOW_VALUE_ASSIGNMENT|2140bb41211f402b20721415ac9b19ebed4f646-594a|colPracticeIds|[null]
19:39:01.446 (476988049)|FLOW_BULK_ELEMENT_LIMIT_USAGE|2 ms CPU time, total 233 out of 65000
19:39:01.446 (477008846)|FLOW_BULK_ELEMENT_END|FlowAssignment|Store_Practice_Ids_into_collection|0|0
19:39:01.446 (477080309)|FLOW_ELEMENT_BEGIN|2140bb41211f402b20721415ac9b19ebed4f646-594a|FlowDecision|Check_if_varFirstPractice_is_Blank
19:39:01.446 (477102192)|FLOW_ELEMENT_DEFERRED|FlowDecision|Check_if_varFirstPractice_is_Blank
19:39:01.446 (477124827)|FLOW_ELEMENT_END|2140bb41211f402b20721415ac9b19ebed4f646-594a|FlowDecision|Check_if_varFirstPractice_is_Blank
19:39:01.446 (477151204)|FLOW_BULK_ELEMENT_BEGIN|FlowDecision|Check_if_varFirstPractice_is_Blank
19:39:01.446 (477192756)|FLOW_RULE_DETAIL|2140bb41211f402b20721415ac9b19ebed4f646-594a|Yes_Blank|true|false
19:39:01.446 (477205354)|FLOW_VALUE_ASSIGNMENT|2140bb41211f402b20721415ac9b19ebed4f646-594a|Yes_Blank|true
19:39:01.446 (477263306)|FLOW_BULK_ELEMENT_END|FlowDecision|Check_if_varFirstPractice_is_Blank|0|0
19:39:01.446 (477311922)|FLOW_ELEMENT_BEGIN|2140bb41211f402b20721415ac9b19ebed4f646-594a|FlowDecision|Check_if_Practice_is_not_null
19:39:01.446 (477320275)|FLOW_ELEMENT_DEFERRED|FlowDecision|Check_if_Practice_is_not_null
19:39:01.446 (477343979)|FLOW_ELEMENT_END|2140bb41211f402b20721415ac9b19ebed4f646-594a|FlowDecision|Check_if_Practice_is_not_null
19:39:01.446 (477405729)|FLOW_BULK_ELEMENT_BEGIN|FlowDecision|Check_if_Practice_is_not_null
19:39:01.446 (477480786)|FLOW_RULE_DETAIL|2140bb41211f402b20721415ac9b19ebed4f646-594a|Practice_Available|false|false
19:39:01.446 (477491559)|FLOW_VALUE_ASSIGNMENT|2140bb41211f402b20721415ac9b19ebed4f646-594a|Practice_Available|false
19:39:01.446 (477557196)|FLOW_BULK_ELEMENT_END|FlowDecision|Check_if_Practice_is_not_null|0|0
19:39:01.446 (477579072)|FLOW_ELEMENT_BEGIN|2140bb41211f402b20721415ac9b19ebed4f646-594a|FlowLoop|Loop_through_Opportunity_Products
19:39:01.446 (477587940)|FLOW_ELEMENT_DEFERRED|FlowLoop|Loop_through_Opportunity_Products
19:39:01.446 (477597096)|FLOW_ELEMENT_END|2140bb41211f402b20721415ac9b19ebed4f646-594a|FlowLoop|Loop_through_Opportunity_Products
19:39:01.446 (477614601)|FLOW_BULK_ELEMENT_BEGIN|FlowLoop|Loop_through_Opportunity_Products
19:39:01.446 (477745942)|FLOW_VALUE_ASSIGNMENT|2140bb41211f402b20721415ac9b19ebed4f646-594a|Loop_through_Opportunity_Products|{Product2Id=01tWC00000DD1bsYAD, Id=00kWC00000CdOWcYAN}
19:39:01.446 (477749243)|FLOW_VALUE_ASSIGNMENT|2140bb41211f402b20721415ac9b19ebed4f646-594a|Loop_through_Opportunity_Products__currentIteration|1
19:39:01.446 (477763670)|FLOW_LOOP_DETAIL|2140bb41211f402b20721415ac9b19ebed4f646-594a|1|00kWC00000CdOWcYAN
19:39:01.446 (477821890)|FLOW_BULK_ELEMENT_END|FlowLoop|Loop_through_Opportunity_Products|0|0
19:39:01.446 (477839358)|FLOW_ELEMENT_BEGIN|2140bb41211f402b20721415ac9b19ebed4f646-594a|FlowAssignment|Store_Practice_Ids_into_collection
19:39:01.446 (477847240)|FLOW_ELEMENT_DEFERRED|FlowAssignment|Store_Practice_Ids_into_collection
19:39:01.446 (477855983)|FLOW_ELEMENT_END|2140bb41211f402b20721415ac9b19ebed4f646-594a|FlowAssignment|Store_Practice_Ids_into_collection
19:39:01.446 (480098246)|FLOW_BULK_ELEMENT_BEGIN|FlowAssignment|Store_Practice_Ids_into_collection
19:39:01.446 (480313721)|FLOW_ASSIGNMENT_DETAIL|2140bb41211f402b20721415ac9b19ebed4f646-594a|colPracticeIds|ADD|
19:39:01.446 (480339386)|FLOW_VALUE_ASSIGNMENT|2140bb41211f402b20721415ac9b19ebed4f646-594a|colPracticeIds|[null, null]
19:39:01.446 (480452793)|FLOW_BULK_ELEMENT_LIMIT_USAGE|2 ms CPU time, total 235 out of 65000
19:39:01.446 (480468469)|FLOW_BULK_ELEMENT_END|FlowAssignment|Store_Practice_Ids_into_collection|0|0
19:39:01.446 (480514116)|FLOW_ELEMENT_BEGIN|2140bb41211f402b20721415ac9b19ebed4f646-594a|FlowDecision|Check_if_varFirstPractice_is_Blank
19:39:01.446 (480527286)|FLOW_ELEMENT_DEFERRED|FlowDecision|Check_if_varFirstPractice_is_Blank
19:39:01.446 (480541751)|FLOW_ELEMENT_END|2140bb41211f402b20721415ac9b19ebed4f646-594a|FlowDecision|Check_if_varFirstPractice_is_Blank
19:39:01.446 (480563724)|FLOW_BULK_ELEMENT_BEGIN|FlowDecision|Check_if_varFirstPractice_is_Blank
19:39:01.446 (480595776)|FLOW_RULE_DETAIL|2140bb41211f402b20721415ac9b19ebed4f646-594a|Yes_Blank|true|false
19:39:01.446 (480609271)|FLOW_VALUE_ASSIGNMENT|2140bb41211f402b20721415ac9b19ebed4f646-594a|Yes_Blank|true
19:39:01.446 (480663040)|FLOW_BULK_ELEMENT_END|FlowDecision|Check_if_varFirstPractice_is_Blank|0|0
19:39:01.446 (480679484)|FLOW_ELEMENT_BEGIN|2140bb41211f402b20721415ac9b19ebed4f646-594a|FlowDecision|Check_if_Practice_is_not_null
19:39:01.446 (480687714)|FLOW_ELEMENT_DEFERRED|FlowDecision|Check_if_Practice_is_not_null
19:39:01.446 (480696999)|FLOW_ELEMENT_END|2140bb41211f402b20721415ac9b19ebed4f646-594a|FlowDecision|Check_if_Practice_is_not_null
19:39:01.446 (480746492)|FLOW_BULK_ELEMENT_BEGIN|FlowDecision|Check_if_Practice_is_not_null
19:39:01.446 (480813138)|FLOW_RULE_DETAIL|2140bb41211f402b20721415ac9b19ebed4f646-594a|Practice_Available|false|false
19:39:01.446 (480825102)|FLOW_VALUE_ASSIGNMENT|2140bb41211f402b20721415ac9b19ebed4f646-594a|Practice_Available|false
19:39:01.446 (480873196)|FLOW_BULK_ELEMENT_END|FlowDecision|Check_if_Practice_is_not_null|0|0
19:39:01.446 (480891147)|FLOW_ELEMENT_BEGIN|2140bb41211f402b20721415ac9b19ebed4f646-594a|FlowLoop|Loop_through_Opportunity_Products
19:39:01.446 (480899940)|FLOW_ELEMENT_DEFERRED|FlowLoop|Loop_through_Opportunity_Products
19:39:01.446 (480909166)|FLOW_ELEMENT_END|2140bb41211f402b20721415ac9b19ebed4f646-594a|FlowLoop|Loop_through_Opportunity_Products
19:39:01.446 (480925842)|FLOW_BULK_ELEMENT_BEGIN|FlowLoop|Loop_through_Opportunity_Products
19:39:01.446 (481017357)|FLOW_VALUE_ASSIGNMENT|2140bb41211f402b20721415ac9b19ebed4f646-594a|Loop_through_Opportunity_Products__currentIteration|
19:39:01.446 (481064127)|FLOW_BULK_ELEMENT_END|FlowLoop|Loop_through_Opportunity_Products|0|0
19:39:01.446 (481078383)|FLOW_ELEMENT_BEGIN|2140bb41211f402b20721415ac9b19ebed4f646-594a|FlowDecision|Check_If_All_Practice_are_Same
19:39:01.446 (481102816)|FLOW_ELEMENT_DEFERRED|FlowDecision|Check_If_All_Practice_are_Same
19:39:01.446 (481112045)|FLOW_ELEMENT_END|2140bb41211f402b20721415ac9b19ebed4f646-594a|FlowDecision|Check_If_All_Practice_are_Same
19:39:01.446 (481125960)|FLOW_BULK_ELEMENT_BEGIN|FlowDecision|Check_If_All_Practice_are_Same
19:39:01.446 (481154835)|FLOW_RULE_DETAIL|2140bb41211f402b20721415ac9b19ebed4f646-594a|All_Practice_are_same|true|false
19:39:01.446 (481165133)|FLOW_VALUE_ASSIGNMENT|2140bb41211f402b20721415ac9b19ebed4f646-594a|All_Practice_are_same|true
19:39:01.446 (481199684)|FLOW_BULK_ELEMENT_END|FlowDecision|Check_If_All_Practice_are_Same|0|0
19:39:01.446 (481215335)|FLOW_ELEMENT_BEGIN|2140bb41211f402b20721415ac9b19ebed4f646-594a|FlowRecordUpdate|Update_Practice
19:39:01.446 (481223141)|FLOW_ELEMENT_DEFERRED|FlowRecordUpdate|Update_Practice
19:39:01.446 (481231610)|FLOW_ELEMENT_END|2140bb41211f402b20721415ac9b19ebed4f646-594a|FlowRecordUpdate|Update_Practice
19:39:01.446 (481248310)|FLOW_BULK_ELEMENT_BEGIN|FlowRecordUpdate|Update_Practice
19:39:01.446 (481539537)|FLOW_BULK_ELEMENT_DETAIL|FlowRecordUpdate|Update_Practice|1
19:39:01.446 (481554444)|LIMIT_USAGE|[EXTERNAL]|DML|2|150
19:39:01.446 (481559042)|LIMIT_USAGE|[EXTERNAL]|DML_ROWS|2|10000
19:39:01.488 (488779906)|CODE_UNIT_STARTED|[EXTERNAL]|01qWC000005ZCoD|OpportunityTrigger on Opportunity trigger event BeforeUpdate|__sfdc_trigger/OpportunityTrigger
19:39:01.488 (488849685)|HEAP_ALLOCATE|[EXTERNAL]|Bytes:8
19:39:01.488 (488899496)|HEAP_ALLOCATE|[EXTERNAL]|Bytes:8
19:39:01.488 (488965698)|HEAP_ALLOCATE|[EXTERNAL]|Bytes:4
19:39:01.488 (488979798)|VARIABLE_SCOPE_BEGIN|[10]|this|OpportunityTrigger|true|false
19:39:01.488 (489053077)|VARIABLE_ASSIGNMENT|[10]|this|{}|0x372b425a
19:39:01.488 (489082188)|HEAP_ALLOCATE|[EXTERNAL]|Bytes:4
19:39:01.488 (489086251)|VARIABLE_SCOPE_BEGIN|[10]|this|OpportunityTrigger|true|false
19:39:01.488 (489091983)|VARIABLE_ASSIGNMENT|[10]|this|{}|0x372b425a
19:39:01.488 (489097926)|STATEMENT_EXECUTE|[10]
19:39:01.488 (489110736)|STATEMENT_EXECUTE|[11]
19:39:01.488 (489115267)|STATEMENT_EXECUTE|[12]
19:39:01.488 (489120539)|STATEMENT_EXECUTE|[15]
19:39:01.488 (489121292)|STATEMENT_EXECUTE|[16]
19:39:01.488 (489174207)|METHOD_ENTRY|[16]|01pWC000001wZoB|OpportunityTriggerHandler.handleBeforeUpdate(List<Opportunity>, Map<Id,Opportunity>)
19:39:01.488 (489181386)|VARIABLE_SCOPE_BEGIN|[35]|newOpportunities|List<Opportunity>|true|false
19:39:01.488 (491415974)|VARIABLE_ASSIGNMENT|[35]|newOpportunities|[{"LastModifiedDate":"2026-06-13T02:39:02.000Z","Is_Branded__c":false,"AccountId":"001WC00000kTYyNYAW","HasOpportunityLineItem":true,"Number_of_Resellers__c":0,"pse__Is_Change_Request__c":false,"HS_Sync_Status__c":"Success","ForecastCategory":"Pipeline","Exchange_Rate_To_USD__c":1.0000000000,"No_Territory_Found__c":false,"CloseDate":"2026-07-10T00:00:00.000Z","Name":"BoKS IAM New Busines (18 more) ...","HasOpenActivity":false,"ARR_Last_Updated__c":"2026-06-10T08:20:13.000Z","HS_Sync_Message__c":"Operation successful","HS_Sync_Correlation_Id__c":"9f25b3c0-649c-11f1-a (16 more) ...","Subscription_Term__c":12,"CreatedById":"005WC00000DZ6xVYAT","Displaced_ARR__c":0.00,"Opportunity_NARR_Calculated__c":0.00,"IsDeleted":false,"pse__Services_Attached_From_Products__c":0.00,"Run_Assignment__c":false,"Deal_Cycle_Time_Days__c":30,"CurrencyIsoCode":"USD","salesintelio__Attempted_Enrichment__c":false,"CreatedDate":"2026-06-10T07:18:46.000Z","HasOverdueTask":false,"salesintelio__SalesIntel_Up_to_Date__c":false,"Pricebook2Id":"01sWC0000022GHFYA2","LE_Change_In_Progress__c":false,"Conversion_Rate__c":1.0000000000,"Id":"006WC00000QqAqjYAF","Running_User_Opportunity_Owner__c":false,"ForecastCategoryName":"Pipeline","Deal_Origin__c":"Fortra Originated","Project_Check_Override__c":false,"Project_Creation_Processed__c":false,"Disable_Automation__c":false,"pse__Services_Attached_Percent_From_Products__c":0.00,"salesintelio__SalesIntel_Exported__c":false,"IsClosed":false,"PartnerAccountId":"001WC00000ZtazZYAR","pse__IsParentOpportunityServices__c":false,"TotalOpportunityQuantity":2.00,"LastAmountChangedHistoryId":"008WC00000VEBMnYAP","ExpectedRevenue":327.807,"OwnerId":"005WC00000DZ6xVYAT","IsWon":false,"HS_Sync_Payload__c":"{\n  \"sfOppId\": \"006W (321 more) ...","SyncedQuoteId":"0Q0WC0000037IHp0AM","IsSplit":true,"IsPriorityRecord":false,"Corporate_Currency_Amount__c":364.23,"Bypass_Partner_Validation__c":false,"pse__Is_Services_Opportunity__c":false,"StageName":"Order Processing","Amount":364.23,"Probability":90,"Execute_Auto_Project_Creation_Process__c":false,"SystemModstamp":"2026-06-13T02:39:02.000Z","Type":"New","User_Registered_Deal__c":false,"salesintelio__SalesIntel_Enriched__c":false,"Deal_Registration_ID__c":"DR-468130","Quote_Count__c":2.0,"Partner_Account_Name__c":"AB Test Partner Acco (3 more) ...","Number_of_Distributors__c":0,"Opportunity_Owner_Name_Formula__c":"Nir Kailash","IsPrivate":false,"LastModifiedById":"005WC00000MgTN2YAN","AccountName__c":"BoKS IAM Test Accoun (18 more) ..."}]|0x5a337e83
19:39:01.488 (491446026)|VARIABLE_SCOPE_BEGIN|[35]|oldOpportunityMap|Map<Id,Opportunity>|true|false
19:39:01.488 (492960660)|VARIABLE_ASSIGNMENT|[35]|oldOpportunityMap|{"006WC00000QqAqjYAF":{"LastModifiedDate":"2026-06-13T02:39:02.000Z","Is_Branded__c":false,"AccountId":"001WC00000kTYyNYAW","HasOpportunityLineItem":true,"Number_of_Resellers__c":0,"pse__Is_Change_Request__c":false,"HS_Sync_Status__c":"Success","ForecastCategory":"Pipeline","Exchange_Rate_To_USD__c":1.0000000000,"No_Territory_Found__c":false,"CloseDate":"2026-07-10T00:00:00.000Z","Name":"BoKS IAM New Busines (18 more) ...","HasOpenActivity":false,"ARR_Last_Updated__c":"2026-06-10T08:20:13.000Z","HS_Sync_Message__c":"Operation successful","HS_Sync_Correlation_Id__c":"9f25b3c0-649c-11f1-a (16 more) ...","Subscription_Term__c":12,"CreatedById":"005WC00000DZ6xVYAT","Displaced_ARR__c":0.00,"Opportunity_NARR_Calculated__c":0.00,"IsDeleted":false,"pse__Services_Attached_From_Products__c":0.00,"Run_Assignment__c":false,"Deal_Cycle_Time_Days__c":30,"CurrencyIsoCode":"USD","salesintelio__Attempted_Enrichment__c":false,"CreatedDate":"2026-06-10T07:18:46.000Z","HasOverdueTask":false,"salesintelio__SalesIntel_Up_to_Date__c":false,"Pricebook2Id":"01sWC0000022GHFYA2","LE_Change_In_Progress__c":false,"Conversion_Rate__c":1.0000000000,"Id":"006WC00000QqAqjYAF","Running_User_Opportunity_Owner__c":false,"ForecastCategoryName":"Pipeline","Deal_Origin__c":"Fortra Originated","Project_Check_Override__c":false,"Project_Creation_Processed__c":false,"Disable_Automation__c":false,"pse__Services_Attached_Percent_From_Products__c":0.00,"salesintelio__SalesIntel_Exported__c":false,"IsClosed":false,"PartnerAccountId":"001WC00000ZtazZYAR","pse__IsParentOpportunityServices__c":false,"TotalOpportunityQuantity":2.00,"LastAmountChangedHistoryId":"008WC00000VEBMnYAP","ExpectedRevenue":327.807,"OwnerId":"005WC00000DZ6xVYAT","IsWon":false,"HS_Sync_Payload__c":"{\n  \"sfOppId\": \"006W (321 more) ...","SyncedQuoteId":"0Q0WC0000037IHp0AM","IsSplit":true,"IsPriorityRecord":false,"Corporate_Currency_Amount__c":364.23,"Bypass_Partner_Validation__c":false,"pse__Is_Services_Opportunity__c":false,"StageName":"Order Processing","Amount":364.23,"Probability":90,"Execute_Auto_Project_Creation_Process__c":false,"SystemModstamp":"2026-06-13T02:39:02.000Z","Type":"New","User_Registered_Deal__c":false,"salesintelio__SalesIntel_Enriched__c":false,"Deal_Registration_ID__c":"DR-468130","Quote_Count__c":2.0,"Partner_Account_Name__c":"AB Test Partner Acco (3 more) ...","Number_of_Distributors__c":0,"Opportunity_Owner_Name_Formula__c":"Nir Kailash","IsPrivate":false,"LastModifiedById":"005WC00000MgTN2YAN","AccountName__c":"BoKS IAM Test Accoun (18 more) ..."}}|0x45f8fa3c
19:39:01.488 (493791302)|SYSTEM_MODE_ENTER|false
19:39:01.488 (493809003)|HEAP_ALLOCATE|[36]|Bytes:5
19:39:01.488 (493815720)|STATEMENT_EXECUTE|[35]
19:39:01.488 (493817099)|STATEMENT_EXECUTE|[36]
19:39:01.488 (493829656)|HEAP_ALLOCATE|[36]|Bytes:4
19:39:01.488 (493842524)|SYSTEM_CONSTRUCTOR_ENTRY|[36]|<init>()
19:39:01.488 (493852236)|SYSTEM_CONSTRUCTOR_EXIT|[36]|<init>()
19:39:01.488 (493856619)|VARIABLE_SCOPE_BEGIN|[36]|currencyChangedOpps|List<Opportunity>|true|false
19:39:01.488 (493864897)|HEAP_ALLOCATE|[EXTERNAL]|Bytes:4
19:39:01.488 (493876314)|VARIABLE_ASSIGNMENT|[36]|currencyChangedOpps|[]|0x15647582
19:39:01.488 (493887948)|SYSTEM_METHOD_ENTRY|[37]|List<Opportunity>.iterator()
19:39:01.488 (493896123)|SYSTEM_METHOD_EXIT|[37]|List<Opportunity>.iterator()
19:39:01.488 (493903336)|SYSTEM_METHOD_ENTRY|[37]|system.ListIterator.hasNext()
19:39:01.488 (493910178)|HEAP_ALLOCATE|[37]|Bytes:5
19:39:01.488 (493915352)|SYSTEM_METHOD_EXIT|[37]|system.ListIterator.hasNext()
19:39:01.488 (493931028)|HEAP_ALLOCATE|[37]|Bytes:4
19:39:01.488 (493939526)|VARIABLE_SCOPE_BEGIN|[37]|opp|Opportunity|true|false
19:39:01.488 (494626527)|VARIABLE_ASSIGNMENT|[37]|opp|{"LastModifiedDate":"2026-06-13T02:39:02.000Z","Is_Branded__c":false,"AccountId":"001WC00000kTYyNYAW","HasOpportunityLineItem":true,"Number_of_Resellers__c":0,"pse__Is_Change_Request__c":false,"HS_Sync_Status__c":"Success","ForecastCategory":"Pipeline","Exchange_Rate_To_USD__c":1.0000000000,"No_Territory_Found__c":false,"CloseDate":"2026-07-10T00:00:00.000Z","Name":"BoKS IAM New Busines (18 more) ...","HasOpenActivity":false,"ARR_Last_Updated__c":"2026-06-10T08:20:13.000Z","HS_Sync_Message__c":"Operation successful","HS_Sync_Correlation_Id__c":"9f25b3c0-649c-11f1-a (16 more) ...","Subscription_Term__c":12,"CreatedById":"005WC00000DZ6xVYAT","Displaced_ARR__c":0.00,"Opportunity_NARR_Calculated__c":0.00,"IsDeleted":false,"pse__Services_Attached_From_Products__c":0.00,"Run_Assignment__c":false,"Deal_Cycle_Time_Days__c":30,"CurrencyIsoCode":"USD","salesintelio__Attempted_Enrichment__c":false,"CreatedDate":"2026-06-10T07:18:46.000Z","HasOverdueTask":false,"salesintelio__SalesIntel_Up_to_Date__c":false,"Pricebook2Id":"01sWC0000022GHFYA2","LE_Change_In_Progress__c":false,"Conversion_Rate__c":1.0000000000,"Id":"006WC00000QqAqjYAF","Running_User_Opportunity_Owner__c":false,"ForecastCategoryName":"Pipeline","Deal_Origin__c":"Fortra Originated","Project_Check_Override__c":false,"Project_Creation_Processed__c":false,"Disable_Automation__c":false,"pse__Services_Attached_Percent_From_Products__c":0.00,"salesintelio__SalesIntel_Exported__c":false,"IsClosed":false,"PartnerAccountId":"001WC00000ZtazZYAR","pse__IsParentOpportunityServices__c":false,"TotalOpportunityQuantity":2.00,"LastAmountChangedHistoryId":"008WC00000VEBMnYAP","ExpectedRevenue":327.807,"OwnerId":"005WC00000DZ6xVYAT","IsWon":false,"HS_Sync_Payload__c":"{\n  \"sfOppId\": \"006W (321 more) ...","SyncedQuoteId":"0Q0WC0000037IHp0AM","IsSplit":true,"IsPriorityRecord":false,"Corporate_Currency_Amount__c":364.23,"Bypass_Partner_Validation__c":false,"pse__Is_Services_Opportunity__c":false,"StageName":"Order Processing","Amount":364.23,"Probability":90,"Execute_Auto_Project_Creation_Process__c":false,"SystemModstamp":"2026-06-13T02:39:02.000Z","Type":"New","User_Registered_Deal__c":false,"salesintelio__SalesIntel_Enriched__c":false,"Deal_Registration_ID__c":"DR-468130","Quote_Count__c":2.0,"Partner_Account_Name__c":"AB Test Partner Acco (3 more) ...","Number_of_Distributors__c":0,"Opportunity_Owner_Name_Formula__c":"Nir Kailash","IsPrivate":false,"LastModifiedById":"005WC00000MgTN2YAN","AccountName__c":"BoKS IAM Test Accoun (18 more) ..."}|0x4647caa7
19:39:01.488 (494649010)|STATEMENT_EXECUTE|[37]
19:39:01.488 (494650210)|STATEMENT_EXECUTE|[38]
19:39:01.488 (494689827)|SYSTEM_METHOD_ENTRY|[38]|Map<Id,Opportunity>.get(Object)
19:39:01.488 (494703539)|SYSTEM_METHOD_EXIT|[38]|Map<Id,Opportunity>.get(Object)
19:39:01.488 (494708052)|VARIABLE_SCOPE_BEGIN|[38]|oldOpp|Opportunity|true|false
19:39:01.488 (495178837)|VARIABLE_ASSIGNMENT|[38]|oldOpp|{"LastModifiedDate":"2026-06-13T02:39:02.000Z","Is_Branded__c":false,"AccountId":"001WC00000kTYyNYAW","HasOpportunityLineItem":true,"Number_of_Resellers__c":0,"pse__Is_Change_Request__c":false,"HS_Sync_Status__c":"Success","ForecastCategory":"Pipeline","Exchange_Rate_To_USD__c":1.0000000000,"No_Territory_Found__c":false,"CloseDate":"2026-07-10T00:00:00.000Z","Name":"BoKS IAM New Busines (18 more) ...","HasOpenActivity":false,"ARR_Last_Updated__c":"2026-06-10T08:20:13.000Z","HS_Sync_Message__c":"Operation successful","HS_Sync_Correlation_Id__c":"9f25b3c0-649c-11f1-a (16 more) ...","Subscription_Term__c":12,"CreatedById":"005WC00000DZ6xVYAT","Displaced_ARR__c":0.00,"Opportunity_NARR_Calculated__c":0.00,"IsDeleted":false,"pse__Services_Attached_From_Products__c":0.00,"Run_Assignment__c":false,"Deal_Cycle_Time_Days__c":30,"CurrencyIsoCode":"USD","salesintelio__Attempted_Enrichment__c":false,"CreatedDate":"2026-06-10T07:18:46.000Z","HasOverdueTask":false,"salesintelio__SalesIntel_Up_to_Date__c":false,"Pricebook2Id":"01sWC0000022GHFYA2","LE_Change_In_Progress__c":false,"Conversion_Rate__c":1.0000000000,"Id":"006WC00000QqAqjYAF","Running_User_Opportunity_Owner__c":false,"ForecastCategoryName":"Pipeline","Deal_Origin__c":"Fortra Originated","Project_Check_Override__c":false,"Project_Creation_Processed__c":false,"Disable_Automation__c":false,"pse__Services_Attached_Percent_From_Products__c":0.00,"salesintelio__SalesIntel_Exported__c":false,"IsClosed":false,"PartnerAccountId":"001WC00000ZtazZYAR","pse__IsParentOpportunityServices__c":false,"TotalOpportunityQuantity":2.00,"LastAmountChangedHistoryId":"008WC00000VEBMnYAP","ExpectedRevenue":327.807,"OwnerId":"005WC00000DZ6xVYAT","IsWon":false,"HS_Sync_Payload__c":"{\n  \"sfOppId\": \"006W (321 more) ...","SyncedQuoteId":"0Q0WC0000037IHp0AM","IsSplit":true,"IsPriorityRecord":false,"Corporate_Currency_Amount__c":364.23,"Bypass_Partner_Validation__c":false,"pse__Is_Services_Opportunity__c":false,"StageName":"Order Processing","Amount":364.23,"Probability":90,"Execute_Auto_Project_Creation_Process__c":false,"SystemModstamp":"2026-06-13T02:39:02.000Z","Type":"New","User_Registered_Deal__c":false,"salesintelio__SalesIntel_Enriched__c":false,"Deal_Registration_ID__c":"DR-468130","Quote_Count__c":2.0,"Partner_Account_Name__c":"AB Test Partner Acco (3 more) ...","Number_of_Distributors__c":0,"Opportunity_Owner_Name_Formula__c":"Nir Kailash","IsPrivate":false,"LastModifiedById":"005WC00000MgTN2YAN","AccountName__c":"BoKS IAM Test Accoun (18 more) ..."}|0x446ce149
19:39:01.488 (495229436)|STATEMENT_EXECUTE|[39]
19:39:01.488 (495236526)|SYSTEM_METHOD_ENTRY|[37]|system.ListIterator.hasNext()
19:39:01.488 (495244416)|HEAP_ALLOCATE|[37]|Bytes:5
19:39:01.488 (495248359)|SYSTEM_METHOD_EXIT|[37]|system.ListIterator.hasNext()
19:39:01.488 (495254561)|VARIABLE_ASSIGNMENT|[37]|opp|null|
19:39:01.488 (495259751)|SYSTEM_METHOD_ENTRY|[43]|List<Opportunity>.isEmpty()
19:39:01.488 (495263139)|SYSTEM_METHOD_EXIT|[43]|List<Opportunity>.isEmpty()
19:39:01.488 (495267112)|STATEMENT_EXECUTE|[43]
19:39:01.488 (495271231)|SYSTEM_MODE_EXIT|false
19:39:01.488 (495283896)|METHOD_EXIT|[16]|01pWC000001wZoB|OpportunityTriggerHandler.handleBeforeUpdate(List<Opportunity>, Map<Id,Opportunity>)
19:39:01.488 (495291892)|STATEMENT_EXECUTE|[20]
19:39:01.495 (495299755)|CUMULATIVE_LIMIT_USAGE
19:39:01.495 (495299755)|LIMIT_USAGE_FOR_NS|(default)|
  Number of SOQL queries: 3 out of 200
  Number of query rows: 5 out of 50000
  Number of SOSL queries: 0 out of 20
  Number of DML statements: 2 out of 150
  Number of Publish Immediate DML: 0 out of 150
  Number of DML rows: 2 out of 10000
  Maximum CPU time: 235 out of 60000
  Maximum heap size: 0 out of 12000000
  Number of callouts: 0 out of 100
  Number of Email Invocations: 0 out of 10
  Number of future calls: 0 out of 50
  Number of queueable jobs added to the queue: 0 out of 50
  Number of Mobile Apex push calls: 0 out of 10

19:39:01.495 (495299755)|TOTAL_EMAIL_RECIPIENTS_QUEUED|0
19:39:01.495 (495299755)|STATIC_VARIABLE_LIST|
  int:BYTES:0
  int:BYTES:0
  byte[]:DigitOnes:0
  byte[]:DigitTens:0
  Boolean:FALSE:0
  int:MAX_EXPONENT:0
  double:MAX_VALUE:0
  int:MAX_VALUE:0
  int:MIN_EXPONENT:0
  double:MIN_NORMAL:0
  double:MIN_VALUE:0
  int:MIN_VALUE:0
  double:NEGATIVE_INFINITY:0
  double:NaN:0
  double:POSITIVE_INFINITY:0
  int:PRECISION:0
  int:SIZE:0
  int:SIZE:0
  Boolean:TRUE:0
  String:_sfdcAdditionalCodeLocations:0
  String:_static_STAGE_CLOSED_LOST:0
  String:_static_STAGE_ORDER_PROCESSING:0
  String:_static_STATUS_ACTIVE:0
  String:_static_STATUS_QUOTING:0
  char[]:digits:0
  long:serialVersionUID:0
  long:serialVersionUID:0
  long:serialVersionUID:0

19:39:01.495 (495299755)|CUMULATIVE_LIMIT_USAGE_END

19:39:01.488 (495530507)|CODE_UNIT_FINISHED|OpportunityTrigger on Opportunity trigger event BeforeUpdate|__sfdc_trigger/OpportunityTrigger
19:39:01.498 (498437067)|CODE_UNIT_STARTED|[EXTERNAL]|Validation:Opportunity:006WC00000QqAqj
19:39:01.498 (498458809)|VALIDATION_RULE|03dWC000000mx5s|Check_Company_Id_Value
19:39:01.498 (498536984)|VALIDATION_FORMULA|AND(
	(LID__LinkedIn_Company_Id__c <> NULL),
	NOT(ISNUMBER(LID__LinkedIn_Company_Id__c))
)|LID__LinkedIn_Company_Id__c=null
19:39:01.498 (498540811)|VALIDATION_PASS
19:39:01.498 (498542253)|VALIDATION_RULE|03dWC000001ORzN|Closed_Detail_If_Fortra_Product_Swap
19:39:01.498 (498616370)|VALIDATION_FORMULA|AND(
   ISPICKVAL(Closed_Lost_Reason__c, "Fortra Product Swap"),
   ISBLANK(Closed_Lost_Detail__c)
)|Closed_Lost_Detail__c=null , Closed_Lost_Reason__c=null
19:39:01.498 (498619618)|VALIDATION_PASS
19:39:01.498 (498620839)|VALIDATION_RULE|03dWC000001ORzO|Closed_Detail_If_No_Interest_or_Need
19:39:01.498 (498665800)|VALIDATION_FORMULA|AND(
   ISPICKVAL(Closed_Lost_Reason__c, "No Interest or Need"),
   ISBLANK(Closed_Lost_Detail__c)
)|Closed_Lost_Detail__c=null , Closed_Lost_Reason__c=null
19:39:01.498 (498668424)|VALIDATION_PASS
19:39:01.498 (498669580)|VALIDATION_RULE|03dWC000001ORzP|Closed_Lost_Detail_If_Lost_To_Competitor
19:39:01.498 (498710885)|VALIDATION_FORMULA|AND(
   ISPICKVAL(Closed_Lost_Reason__c, "Lost to competitor"),
   ISBLANK(Closed_Lost_Detail__c)
)|Closed_Lost_Detail__c=null , Closed_Lost_Reason__c=null
19:39:01.498 (498713600)|VALIDATION_PASS
19:39:01.498 (498714721)|VALIDATION_RULE|03dWC000001ORzQ|Closed_Lost_Detail_If_Process_Failure
19:39:01.498 (498755314)|VALIDATION_FORMULA|AND(
   ISPICKVAL(Closed_Lost_Reason__c, "Process Failure"),
   ISBLANK(Closed_Lost_Detail__c)
)|Closed_Lost_Detail__c=null , Closed_Lost_Reason__c=null
19:39:01.498 (498757844)|VALIDATION_PASS
19:39:01.498 (498758929)|VALIDATION_RULE|03dWC000001ORzR|Closed_Lost_Detail_If_Product_Features
19:39:01.498 (498799460)|VALIDATION_FORMULA|AND(
   ISPICKVAL(Closed_Lost_Reason__c, "Product Features"),
   ISBLANK(Closed_Lost_Detail__c)
)|Closed_Lost_Detail__c=null , Closed_Lost_Reason__c=null
19:39:01.498 (498801964)|VALIDATION_PASS
19:39:01.498 (498803018)|VALIDATION_RULE|03dWC0000017T7x|Require_Closed_Lost_Reason
19:39:01.498 (498951856)|VALIDATION_FORMULA|AND(
  ISPICKVAL(StageName, "Closed Lost"),
  ISBLANK(TEXT(Closed_Lost_Reason__c)),
  NOT($Permission.Bypass_Validation_Rules)
)|StageName=Order Processing , Closed_Lost_Reason__c=null , $Permission.Bypass_Validation_Rules=false
19:39:01.498 (498955746)|VALIDATION_PASS
19:39:01.498 (498956746)|VALIDATION_RULE|03dWC0000017T7y|Require_Competitor_on_Competitive_Loss
19:39:01.498 (499047649)|VALIDATION_FORMULA|AND(
  ISPICKVAL(StageName, "Closed Lost"),
  ISPICKVAL(Closed_Lost_Reason__c, "Lost to Competitor"),
  ISBLANK(Incumbent_Competitor__c)
)|Incumbent_Competitor__c=null , StageName=Order Processing , Closed_Lost_Reason__c=null
19:39:01.498 (499053381)|VALIDATION_PASS
19:39:01.498 (499055141)|VALIDATION_RULE|03dWC0000017T7z|Require_Expected_Renewal_Date
19:39:01.498 (499104781)|VALIDATION_FORMULA|AND(
  ISPICKVAL(Type, "Renewal"),
  ISBLANK(Expected_Renewal_Date__c)
)|Type=New , Expected_Renewal_Date__c=null
19:39:01.498 (499107478)|VALIDATION_PASS
19:39:01.498 (499108468)|VALIDATION_RULE|03dWC0000017T80|Require_Renewed_Contract
19:39:01.498 (499226187)|VALIDATION_FORMULA|AND(
  ISPICKVAL(Type, "Renewal"),
  ISBLANK(Renewed_Contract__c),
 $User.LastName <>"Migration"
)|Type=New , $User.LastName=Jeong , Renewed_Contract__c=null
19:39:01.498 (499229621)|VALIDATION_PASS
19:39:01.498 (499230680)|VALIDATION_RULE|03dWC0000017T82|Require_Risk_Explanation
19:39:01.498 (499345883)|VALIDATION_FORMULA|AND(
  $User.LastName <>"Migration",
  ISPICKVAL(Type, "Renewal"),
  OR(
    ISPICKVAL(Renewal_Risk__c, "Medium Risk"),
    ISPICKVAL(Renewal_Risk__c, "High Risk"),
    ISPICKVAL(Renewal_Risk__c, "Notified Lost")
  ),
  ISBLANK(Renewal_Risk_Explanation__c)
)|Type=New , Renewal_Risk_Explanation__c=null , $User.LastName=Jeong , Renewal_Risk__c=null
19:39:01.498 (499350770)|VALIDATION_PASS
19:39:01.498 (499352077)|VALIDATION_RULE|03dWC0000017T83|Require_Risk_Reason_for_Renewals
19:39:01.498 (499454122)|VALIDATION_FORMULA|AND(
  
  $User.LastName <>"Migration",
  ISPICKVAL(Type, "Renewal"),
  OR(
    ISPICKVAL(Renewal_Risk__c, "Medium Risk"),
    ISPICKVAL(Renewal_Risk__c, "High Risk"),
    ISPICKVAL(Renewal_Risk__c, "Notified Lost")
  ),
  ISBLANK(TEXT(Primary_Renewal_Risk_Reason__c))
)|Type=New , $User.LastName=Jeong , Primary_Renewal_Risk_Reason__c=null , Renewal_Risk__c=null
19:39:01.498 (499458084)|VALIDATION_PASS
19:39:01.498 (499459148)|VALIDATION_RULE|03dWC0000017T84|Require_Secondary_Risk_Reason
19:39:01.498 (499555249)|VALIDATION_FORMULA|AND(
  $User.LastName <>"Migration",
  ISPICKVAL(Type, "Renewal"),
  OR(
    ISPICKVAL(Renewal_Risk__c, "Medium Risk"),
    ISPICKVAL(Renewal_Risk__c, "High Risk"),
    ISPICKVAL(Renewal_Risk__c, "Notified Lost")
  ),
  ISBLANK(TEXT(Secondary_Renewal_Risk_Reason__c))
)|Secondary_Renewal_Risk_Reason__c=null , Type=New , $User.LastName=Jeong , Renewal_Risk__c=null
19:39:01.498 (499559144)|VALIDATION_PASS
19:39:01.498 (499560296)|VALIDATION_RULE|03dWC000001ogBZ|APC_Manual_Trigger_Validation
19:39:01.498 (499615681)|VALIDATION_FORMULA|AND(
 Execute_Auto_Project_Creation_Process__c = TRUE,
OR(
ISPICKVAL(StageName, "Pre-Qualified"),
ISPICKVAL(StageName, "Sales Qualified")
)
)|Execute_Auto_Project_Creation_Process__c=0 , StageName=Order Processing
19:39:01.498 (499618713)|VALIDATION_PASS
19:39:01.498 (499619798)|VALIDATION_RULE|03dWC000001aPXB|Close_Opportunities
19:39:01.498 (499795284)|VALIDATION_FORMULA|AND (
ISCHANGED(StageName),
ISPICKVAL(StageName, "Closed Won"),
NOT($Permission.Close_Opportunities),
NOT($Permission.Bypass_Validation_Rules)
)|StageName=Order Processing , $Permission.Close_Opportunities=false , $Permission.Bypass_Validation_Rules=false
19:39:01.498 (499798974)|VALIDATION_PASS
19:39:01.498 (499800014)|VALIDATION_RULE|03dWC000001WlZV|One_Distributor_Per_Opportunity
19:39:01.498 (499855079)|VALIDATION_FORMULA|AND(
NOT(Bypass_Partner_Validation__c),
Number_of_Distributors__c > 1
)|Bypass_Partner_Validation__c=0 , Number_of_Distributors__c=0
19:39:01.498 (499857722)|VALIDATION_PASS
19:39:01.498 (499858719)|VALIDATION_RULE|03dWC000001WlZW|One_Reseller_Per_Opportunity
19:39:01.498 (499893594)|VALIDATION_FORMULA|AND( 
NOT(Bypass_Partner_Validation__c), 
Number_of_Resellers__c > 1
)|Bypass_Partner_Validation__c=0 , Number_of_Resellers__c=0
19:39:01.498 (499895902)|VALIDATION_PASS
19:39:01.498 (499896733)|VALIDATION_RULE|03dWC000001H9hY|Opp_Rate_Card_Set_Currency_Mismatch
19:39:01.498 (500007430)|VALIDATION_FORMULA|(pse__Rate_Card_Set__c <> NULL) &&(ISPICKVAL(CurrencyIsoCode, '') &#124;&#124;
		ISPICKVAL(pse__Rate_Card_Set__r.CurrencyIsoCode , '') &#124;&#124;
		(TEXT(pse__Rate_Card_Set__r.CurrencyIsoCode) <> TEXT(CurrencyIsoCode)))|pse__Rate_Card_Set__r.CurrencyIsoCode=null , pse__Rate_Card_Set__c=null , CurrencyIsoCode=USD
19:39:01.498 (500013575)|VALIDATION_PASS
19:39:01.498 (500019094)|CODE_UNIT_FINISHED|Validation:Opportunity:006WC00000QqAqj
19:39:01.519 (519343930)|CODE_UNIT_STARTED|[EXTERNAL]|01qWC000005ZCoD|OpportunityTrigger on Opportunity trigger event AfterUpdate|__sfdc_trigger/OpportunityTrigger
19:39:01.519 (519406426)|HEAP_ALLOCATE|[EXTERNAL]|Bytes:8
19:39:01.519 (519469958)|HEAP_ALLOCATE|[EXTERNAL]|Bytes:8
19:39:01.519 (519550361)|HEAP_ALLOCATE|[EXTERNAL]|Bytes:4
19:39:01.519 (519563591)|VARIABLE_SCOPE_BEGIN|[10]|this|OpportunityTrigger|true|false
19:39:01.519 (519641385)|VARIABLE_ASSIGNMENT|[10]|this|{}|0x4d545235
19:39:01.519 (519668679)|HEAP_ALLOCATE|[EXTERNAL]|Bytes:4
19:39:01.519 (519672064)|VARIABLE_SCOPE_BEGIN|[10]|this|OpportunityTrigger|true|false
19:39:01.519 (519677775)|VARIABLE_ASSIGNMENT|[10]|this|{}|0x4d545235
19:39:01.519 (519683358)|STATEMENT_EXECUTE|[10]
19:39:01.519 (519693826)|STATEMENT_EXECUTE|[11]
19:39:01.519 (519704298)|STATEMENT_EXECUTE|[20]
19:39:01.519 (519705069)|STATEMENT_EXECUTE|[21]
19:39:01.519 (519752990)|METHOD_ENTRY|[21]|01pWC000001wZoB|OpportunityTriggerHandler.handleAfterUpdate(List<Opportunity>, Map<Id,Opportunity>)
19:39:01.519 (519759539)|VARIABLE_SCOPE_BEGIN|[79]|newOpportunities|List<Opportunity>|true|false
19:39:01.519 (521792664)|VARIABLE_ASSIGNMENT|[79]|newOpportunities|[{"LastModifiedDate":"2026-06-13T02:39:02.000Z","Is_Branded__c":false,"AccountId":"001WC00000kTYyNYAW","HasOpportunityLineItem":true,"Number_of_Resellers__c":0,"pse__Is_Change_Request__c":false,"HS_Sync_Status__c":"Success","ForecastCategory":"Pipeline","Exchange_Rate_To_USD__c":1.0000000000,"No_Territory_Found__c":false,"CloseDate":"2026-07-10T00:00:00.000Z","Name":"BoKS IAM New Busines (18 more) ...","HasOpenActivity":false,"ARR_Last_Updated__c":"2026-06-10T08:20:13.000Z","HS_Sync_Message__c":"Operation successful","HS_Sync_Correlation_Id__c":"9f25b3c0-649c-11f1-a (16 more) ...","Subscription_Term__c":12,"CreatedById":"005WC00000DZ6xVYAT","Displaced_ARR__c":0.00,"Opportunity_NARR_Calculated__c":0.00,"IsDeleted":false,"pse__Services_Attached_From_Products__c":0.00,"Run_Assignment__c":false,"Deal_Cycle_Time_Days__c":30,"CurrencyIsoCode":"USD","salesintelio__Attempted_Enrichment__c":false,"CreatedDate":"2026-06-10T07:18:46.000Z","HasOverdueTask":false,"salesintelio__SalesIntel_Up_to_Date__c":false,"Pricebook2Id":"01sWC0000022GHFYA2","LE_Change_In_Progress__c":false,"Conversion_Rate__c":1.0000000000,"Id":"006WC00000QqAqjYAF","Running_User_Opportunity_Owner__c":false,"ForecastCategoryName":"Pipeline","Deal_Origin__c":"Fortra Originated","Project_Check_Override__c":false,"Project_Creation_Processed__c":false,"Disable_Automation__c":false,"pse__Services_Attached_Percent_From_Products__c":0.00,"salesintelio__SalesIntel_Exported__c":false,"IsClosed":false,"PartnerAccountId":"001WC00000ZtazZYAR","pse__IsParentOpportunityServices__c":false,"TotalOpportunityQuantity":2.00,"LastAmountChangedHistoryId":"008WC00000VEBMnYAP","ExpectedRevenue":327.807,"OwnerId":"005WC00000DZ6xVYAT","IsWon":false,"HS_Sync_Payload__c":"{\n  \"sfOppId\": \"006W (321 more) ...","SyncedQuoteId":"0Q0WC0000037IHp0AM","IsSplit":true,"IsPriorityRecord":false,"Corporate_Currency_Amount__c":364.23,"Bypass_Partner_Validation__c":false,"pse__Is_Services_Opportunity__c":false,"StageName":"Order Processing","Amount":364.23,"Probability":90,"Execute_Auto_Project_Creation_Process__c":false,"SystemModstamp":"2026-06-13T02:39:02.000Z","Type":"New","User_Registered_Deal__c":false,"salesintelio__SalesIntel_Enriched__c":false,"Deal_Registration_ID__c":"DR-468130","Quote_Count__c":2.0,"Partner_Account_Name__c":"AB Test Partner Acco (3 more) ...","Number_of_Distributors__c":0,"Opportunity_Owner_Name_Formula__c":"Nir Kailash","IsPrivate":false,"LastModifiedById":"005WC00000MgTN2YAN","AccountName__c":"BoKS IAM Test Accoun (18 more) ..."}]|0x2bde4405
19:39:01.519 (521822011)|VARIABLE_SCOPE_BEGIN|[79]|oldOpportunityMap|Map<Id,Opportunity>|true|false
19:39:01.519 (523367197)|VARIABLE_ASSIGNMENT|[79]|oldOpportunityMap|{"006WC00000QqAqjYAF":{"LastModifiedDate":"2026-06-13T02:39:02.000Z","Is_Branded__c":false,"AccountId":"001WC00000kTYyNYAW","HasOpportunityLineItem":true,"Number_of_Resellers__c":0,"pse__Is_Change_Request__c":false,"HS_Sync_Status__c":"Success","ForecastCategory":"Pipeline","Exchange_Rate_To_USD__c":1.0000000000,"No_Territory_Found__c":false,"CloseDate":"2026-07-10T00:00:00.000Z","Name":"BoKS IAM New Busines (18 more) ...","HasOpenActivity":false,"ARR_Last_Updated__c":"2026-06-10T08:20:13.000Z","HS_Sync_Message__c":"Operation successful","HS_Sync_Correlation_Id__c":"9f25b3c0-649c-11f1-a (16 more) ...","Subscription_Term__c":12,"CreatedById":"005WC00000DZ6xVYAT","Displaced_ARR__c":0.00,"Opportunity_NARR_Calculated__c":0.00,"IsDeleted":false,"pse__Services_Attached_From_Products__c":0.00,"Run_Assignment__c":false,"Deal_Cycle_Time_Days__c":30,"CurrencyIsoCode":"USD","salesintelio__Attempted_Enrichment__c":false,"CreatedDate":"2026-06-10T07:18:46.000Z","HasOverdueTask":false,"salesintelio__SalesIntel_Up_to_Date__c":false,"Pricebook2Id":"01sWC0000022GHFYA2","LE_Change_In_Progress__c":false,"Conversion_Rate__c":1.0000000000,"Id":"006WC00000QqAqjYAF","Running_User_Opportunity_Owner__c":false,"ForecastCategoryName":"Pipeline","Deal_Origin__c":"Fortra Originated","Project_Check_Override__c":false,"Project_Creation_Processed__c":false,"Disable_Automation__c":false,"pse__Services_Attached_Percent_From_Products__c":0.00,"salesintelio__SalesIntel_Exported__c":false,"IsClosed":false,"PartnerAccountId":"001WC00000ZtazZYAR","pse__IsParentOpportunityServices__c":false,"TotalOpportunityQuantity":2.00,"LastAmountChangedHistoryId":"008WC00000VEBMnYAP","ExpectedRevenue":327.807,"OwnerId":"005WC00000DZ6xVYAT","IsWon":false,"HS_Sync_Payload__c":"{\n  \"sfOppId\": \"006W (321 more) ...","SyncedQuoteId":"0Q0WC0000037IHp0AM","IsSplit":true,"IsPriorityRecord":false,"Corporate_Currency_Amount__c":364.23,"Bypass_Partner_Validation__c":false,"pse__Is_Services_Opportunity__c":false,"StageName":"Order Processing","Amount":364.23,"Probability":90,"Execute_Auto_Project_Creation_Process__c":false,"SystemModstamp":"2026-06-13T02:39:02.000Z","Type":"New","User_Registered_Deal__c":false,"salesintelio__SalesIntel_Enriched__c":false,"Deal_Registration_ID__c":"DR-468130","Quote_Count__c":2.0,"Partner_Account_Name__c":"AB Test Partner Acco (3 more) ...","Number_of_Distributors__c":0,"Opportunity_Owner_Name_Formula__c":"Nir Kailash","IsPrivate":false,"LastModifiedById":"005WC00000MgTN2YAN","AccountName__c":"BoKS IAM Test Accoun (18 more) ..."}}|0x21009f06
19:39:01.519 (524279144)|SYSTEM_MODE_ENTER|false
19:39:01.519 (524299104)|HEAP_ALLOCATE|[80]|Bytes:5
19:39:01.519 (524306993)|STATEMENT_EXECUTE|[79]
19:39:01.519 (524308318)|STATEMENT_EXECUTE|[80]
19:39:01.519 (524321885)|HEAP_ALLOCATE|[80]|Bytes:4
19:39:01.519 (524342171)|SYSTEM_CONSTRUCTOR_ENTRY|[80]|<init>(Integer)
19:39:01.519 (524352018)|SYSTEM_CONSTRUCTOR_EXIT|[80]|<init>(Integer)
19:39:01.519 (524355648)|VARIABLE_SCOPE_BEGIN|[80]|closedLostOpportunityIds|Set<Id>|true|false
19:39:01.519 (524388074)|VARIABLE_ASSIGNMENT|[80]|closedLostOpportunityIds|[]|0x43a1108d
19:39:01.519 (524390932)|STATEMENT_EXECUTE|[81]
19:39:01.519 (524393493)|HEAP_ALLOCATE|[81]|Bytes:4
19:39:01.519 (524397153)|SYSTEM_CONSTRUCTOR_ENTRY|[81]|<init>(Integer)
19:39:01.519 (524399970)|SYSTEM_CONSTRUCTOR_EXIT|[81]|<init>(Integer)
19:39:01.519 (524401702)|VARIABLE_SCOPE_BEGIN|[81]|orderProcessingOpportunityIds|Set<Id>|true|false
19:39:01.519 (524408234)|VARIABLE_ASSIGNMENT|[81]|orderProcessingOpportunityIds|[]|0x442939be
19:39:01.519 (524420917)|SYSTEM_METHOD_ENTRY|[84]|List<Opportunity>.iterator()
19:39:01.519 (524429728)|SYSTEM_METHOD_EXIT|[84]|List<Opportunity>.iterator()
19:39:01.519 (524437944)|SYSTEM_METHOD_ENTRY|[84]|system.ListIterator.hasNext()
19:39:01.519 (524444801)|HEAP_ALLOCATE|[84]|Bytes:5
19:39:01.519 (524449591)|SYSTEM_METHOD_EXIT|[84]|system.ListIterator.hasNext()
19:39:01.519 (524469116)|VARIABLE_SCOPE_BEGIN|[84]|opp|Opportunity|true|false
19:39:01.519 (525109931)|VARIABLE_ASSIGNMENT|[84]|opp|{"LastModifiedDate":"2026-06-13T02:39:02.000Z","Is_Branded__c":false,"AccountId":"001WC00000kTYyNYAW","HasOpportunityLineItem":true,"Number_of_Resellers__c":0,"pse__Is_Change_Request__c":false,"HS_Sync_Status__c":"Success","ForecastCategory":"Pipeline","Exchange_Rate_To_USD__c":1.0000000000,"No_Territory_Found__c":false,"CloseDate":"2026-07-10T00:00:00.000Z","Name":"BoKS IAM New Busines (18 more) ...","HasOpenActivity":false,"ARR_Last_Updated__c":"2026-06-10T08:20:13.000Z","HS_Sync_Message__c":"Operation successful","HS_Sync_Correlation_Id__c":"9f25b3c0-649c-11f1-a (16 more) ...","Subscription_Term__c":12,"CreatedById":"005WC00000DZ6xVYAT","Displaced_ARR__c":0.00,"Opportunity_NARR_Calculated__c":0.00,"IsDeleted":false,"pse__Services_Attached_From_Products__c":0.00,"Run_Assignment__c":false,"Deal_Cycle_Time_Days__c":30,"CurrencyIsoCode":"USD","salesintelio__Attempted_Enrichment__c":false,"CreatedDate":"2026-06-10T07:18:46.000Z","HasOverdueTask":false,"salesintelio__SalesIntel_Up_to_Date__c":false,"Pricebook2Id":"01sWC0000022GHFYA2","LE_Change_In_Progress__c":false,"Conversion_Rate__c":1.0000000000,"Id":"006WC00000QqAqjYAF","Running_User_Opportunity_Owner__c":false,"ForecastCategoryName":"Pipeline","Deal_Origin__c":"Fortra Originated","Project_Check_Override__c":false,"Project_Creation_Processed__c":false,"Disable_Automation__c":false,"pse__Services_Attached_Percent_From_Products__c":0.00,"salesintelio__SalesIntel_Exported__c":false,"IsClosed":false,"PartnerAccountId":"001WC00000ZtazZYAR","pse__IsParentOpportunityServices__c":false,"TotalOpportunityQuantity":2.00,"LastAmountChangedHistoryId":"008WC00000VEBMnYAP","ExpectedRevenue":327.807,"OwnerId":"005WC00000DZ6xVYAT","IsWon":false,"HS_Sync_Payload__c":"{\n  \"sfOppId\": \"006W (321 more) ...","SyncedQuoteId":"0Q0WC0000037IHp0AM","IsSplit":true,"IsPriorityRecord":false,"Corporate_Currency_Amount__c":364.23,"Bypass_Partner_Validation__c":false,"pse__Is_Services_Opportunity__c":false,"StageName":"Order Processing","Amount":364.23,"Probability":90,"Execute_Auto_Project_Creation_Process__c":false,"SystemModstamp":"2026-06-13T02:39:02.000Z","Type":"New","User_Registered_Deal__c":false,"salesintelio__SalesIntel_Enriched__c":false,"Deal_Registration_ID__c":"DR-468130","Quote_Count__c":2.0,"Partner_Account_Name__c":"AB Test Partner Acco (3 more) ...","Number_of_Distributors__c":0,"Opportunity_Owner_Name_Formula__c":"Nir Kailash","IsPrivate":false,"LastModifiedById":"005WC00000MgTN2YAN","AccountName__c":"BoKS IAM Test Accoun (18 more) ..."}|0x61f46692
19:39:01.519 (525131298)|STATEMENT_EXECUTE|[84]
19:39:01.519 (525132360)|STATEMENT_EXECUTE|[85]
19:39:01.519 (525166964)|SYSTEM_METHOD_ENTRY|[85]|Map<Id,Opportunity>.get(Object)
19:39:01.519 (525180789)|SYSTEM_METHOD_EXIT|[85]|Map<Id,Opportunity>.get(Object)
19:39:01.519 (525184547)|VARIABLE_SCOPE_BEGIN|[85]|oldOpp|Opportunity|true|false
19:39:01.519 (525672135)|VARIABLE_ASSIGNMENT|[85]|oldOpp|{"LastModifiedDate":"2026-06-13T02:39:02.000Z","Is_Branded__c":false,"AccountId":"001WC00000kTYyNYAW","HasOpportunityLineItem":true,"Number_of_Resellers__c":0,"pse__Is_Change_Request__c":false,"HS_Sync_Status__c":"Success","ForecastCategory":"Pipeline","Exchange_Rate_To_USD__c":1.0000000000,"No_Territory_Found__c":false,"CloseDate":"2026-07-10T00:00:00.000Z","Name":"BoKS IAM New Busines (18 more) ...","HasOpenActivity":false,"ARR_Last_Updated__c":"2026-06-10T08:20:13.000Z","HS_Sync_Message__c":"Operation successful","HS_Sync_Correlation_Id__c":"9f25b3c0-649c-11f1-a (16 more) ...","Subscription_Term__c":12,"CreatedById":"005WC00000DZ6xVYAT","Displaced_ARR__c":0.00,"Opportunity_NARR_Calculated__c":0.00,"IsDeleted":false,"pse__Services_Attached_From_Products__c":0.00,"Run_Assignment__c":false,"Deal_Cycle_Time_Days__c":30,"CurrencyIsoCode":"USD","salesintelio__Attempted_Enrichment__c":false,"CreatedDate":"2026-06-10T07:18:46.000Z","HasOverdueTask":false,"salesintelio__SalesIntel_Up_to_Date__c":false,"Pricebook2Id":"01sWC0000022GHFYA2","LE_Change_In_Progress__c":false,"Conversion_Rate__c":1.0000000000,"Id":"006WC00000QqAqjYAF","Running_User_Opportunity_Owner__c":false,"ForecastCategoryName":"Pipeline","Deal_Origin__c":"Fortra Originated","Project_Check_Override__c":false,"Project_Creation_Processed__c":false,"Disable_Automation__c":false,"pse__Services_Attached_Percent_From_Products__c":0.00,"salesintelio__SalesIntel_Exported__c":false,"IsClosed":false,"PartnerAccountId":"001WC00000ZtazZYAR","pse__IsParentOpportunityServices__c":false,"TotalOpportunityQuantity":2.00,"LastAmountChangedHistoryId":"008WC00000VEBMnYAP","ExpectedRevenue":327.807,"OwnerId":"005WC00000DZ6xVYAT","IsWon":false,"HS_Sync_Payload__c":"{\n  \"sfOppId\": \"006W (321 more) ...","SyncedQuoteId":"0Q0WC0000037IHp0AM","IsSplit":true,"IsPriorityRecord":false,"Corporate_Currency_Amount__c":364.23,"Bypass_Partner_Validation__c":false,"pse__Is_Services_Opportunity__c":false,"StageName":"Order Processing","Amount":364.23,"Probability":90,"Execute_Auto_Project_Creation_Process__c":false,"SystemModstamp":"2026-06-13T02:39:02.000Z","Type":"New","User_Registered_Deal__c":false,"salesintelio__SalesIntel_Enriched__c":false,"Deal_Registration_ID__c":"DR-468130","Quote_Count__c":2.0,"Partner_Account_Name__c":"AB Test Partner Acco (3 more) ...","Number_of_Distributors__c":0,"Opportunity_Owner_Name_Formula__c":"Nir Kailash","IsPrivate":false,"LastModifiedById":"005WC00000MgTN2YAN","AccountName__c":"BoKS IAM Test Accoun (18 more) ..."}|0x419472f9
19:39:01.519 (525718106)|STATEMENT_EXECUTE|[88]
19:39:01.519 (525725466)|SYSTEM_METHOD_ENTRY|[84]|system.ListIterator.hasNext()
19:39:01.519 (525733845)|HEAP_ALLOCATE|[84]|Bytes:5
19:39:01.519 (525738430)|SYSTEM_METHOD_EXIT|[84]|system.ListIterator.hasNext()
19:39:01.519 (525744456)|VARIABLE_ASSIGNMENT|[84]|opp|null|
19:39:01.519 (525751043)|SYSTEM_METHOD_ENTRY|[98]|Set<Id>.isEmpty()
19:39:01.519 (525754763)|SYSTEM_METHOD_EXIT|[98]|Set<Id>.isEmpty()
19:39:01.519 (525758547)|STATEMENT_EXECUTE|[98]
19:39:01.519 (525760303)|SYSTEM_METHOD_ENTRY|[103]|Set<Id>.isEmpty()
19:39:01.519 (525762474)|SYSTEM_METHOD_EXIT|[103]|Set<Id>.isEmpty()
19:39:01.519 (525764414)|STATEMENT_EXECUTE|[103]
19:39:01.519 (525769055)|SYSTEM_MODE_EXIT|false
19:39:01.519 (525779939)|METHOD_EXIT|[21]|01pWC000001wZoB|OpportunityTriggerHandler.handleAfterUpdate(List<Opportunity>, Map<Id,Opportunity>)
19:39:01.525 (525790273)|CUMULATIVE_LIMIT_USAGE
19:39:01.525 (525790273)|LIMIT_USAGE_FOR_NS|(default)|
  Number of SOQL queries: 3 out of 200
  Number of query rows: 5 out of 50000
  Number of SOSL queries: 0 out of 20
  Number of DML statements: 2 out of 150
  Number of Publish Immediate DML: 0 out of 150
  Number of DML rows: 2 out of 10000
  Maximum CPU time: 235 out of 60000
  Maximum heap size: 0 out of 12000000
  Number of callouts: 0 out of 100
  Number of Email Invocations: 0 out of 10
  Number of future calls: 0 out of 50
  Number of queueable jobs added to the queue: 0 out of 50
  Number of Mobile Apex push calls: 0 out of 10

19:39:01.525 (525790273)|TOTAL_EMAIL_RECIPIENTS_QUEUED|0
19:39:01.525 (525790273)|STATIC_VARIABLE_LIST|
  int:BYTES:0
  int:BYTES:0
  byte[]:DigitOnes:0
  byte[]:DigitTens:0
  Boolean:FALSE:0
  int:MAX_EXPONENT:0
  double:MAX_VALUE:0
  int:MAX_VALUE:0
  int:MIN_EXPONENT:0
  double:MIN_NORMAL:0
  double:MIN_VALUE:0
  int:MIN_VALUE:0
  double:NEGATIVE_INFINITY:0
  double:NaN:0
  double:POSITIVE_INFINITY:0
  int:PRECISION:0
  int:SIZE:0
  int:SIZE:0
  Boolean:TRUE:0
  String:_sfdcAdditionalCodeLocations:0
  String:_static_STAGE_CLOSED_LOST:0
  String:_static_STAGE_ORDER_PROCESSING:0
  String:_static_STATUS_ACTIVE:0
  String:_static_STATUS_QUOTING:0
  char[]:digits:0
  long:serialVersionUID:0
  long:serialVersionUID:0
  long:serialVersionUID:0

19:39:01.525 (525790273)|CUMULATIVE_LIMIT_USAGE_END

19:39:01.519 (526032863)|CODE_UNIT_FINISHED|OpportunityTrigger on Opportunity trigger event AfterUpdate|__sfdc_trigger/OpportunityTrigger
19:39:01.446 (531465581)|FLOW_VALUE_ASSIGNMENT|2140bb41211f402b20721415ac9b19ebed4f646-594a|Update_Practice|true
19:39:01.446 (532710675)|FLOW_VALUE_ASSIGNMENT|2140bb41211f402b20721415ac9b19ebed4f646-594a|$Record|{Id=006WC00000QqAqjYAF, IsDeleted=false, AccountId=001WC00000kTYyNYAW, IsPrivate=false, Name=BoKS IAM New Business 2026-06-10 00:18, Description=null, StageName=Order Processing, Amount=364.23, Probability=90.0, ExpectedRevenue=327.807, TotalOpportunityQuantity=2.0, CloseDate=2026-07-10 00:00:00, Type=New, NextStep=null, LeadSource=null, IsClosed=false, IsWon=false, ForecastCategory=Pipeline, ForecastCategoryName=Pipeline, CurrencyIsoCode=USD, CampaignId=null, HasOpportunityLineItem=true, IsSplit=true, Pricebook2Id=01sWC0000022GHFYA2, OwnerId=005WC00000DZ6xVYAT, CreatedDate=2026-06-10 07:18:46, AgeInDays=null, CreatedById=005WC00000DZ6xVYAT, LastModifiedDate=2026-06-13 02:39:02, LastModifiedById=005WC00000MgTN2YAN, SystemModstamp=2026-06-13 02:39:02, LastActivityDate=null, LastActivityInDays=null, PushCount=null, LastStageChangeDate=null, LastStageChangeInDays=null, FiscalYear=null, FiscalQuarter=null, ContactId=null, LastViewedDate=null, LastReferencedDate=null, PartnerAccountId=001WC00000ZtazZYAR, SyncedQuoteId=0Q0WC0000037IHp0AM, ContractId=null, HasOpenActivity=false, HasOverdueTask=false, IqScore=null, LastAmountChangedHistoryId=008WC00000VEBMnYAP, LastCloseDateChangedHistoryId=null, IsPriorityRecord=false, ActivityMetricId=null, AWS_Account_Manager_Email__c=null, AWS_Account_Manager_Name__c=null, AWS_Marketplace_Offer_ID__c=null, AWS_PSM_Email__c=null, LID__LinkedIn_Company_Id__c=null, Corporate_Currency_Amount__c=364.23, Disable_Automation__c=false, AWS_PSM_Name__c=null, Conversion_Rate__c=1.0, ALE_Amount_View__c=null, Number_of_Distributors__c=0.0, Number_of_Resellers__c=0.0, Bypass_Partner_Validation__c=false, BDR__c=null, Opportunity_Owner_Name_Formula__c=Nir Kailash, Referral_Partner__c=null, Channel_Account_Manager__c=null, CloseDate__c=null, Cross_Sell_User__c=null, Deal_Origin__c=Fortra Originated, Deal_Registration_Date_Approved__c=null, Deal_Registration_Notes__c=null, Implementation_Owner__c=null, Displaced_ARR_old__c=null, Distributor__c=null, Domain__c=null, Existing_Customer_of_Partner__c=null, Quote_Count__c=2.0, Expected_Renewal_Amount__c=null, Expected_Renewal_Date__c=null, First_Touch_Date__c=null, Follow_up_date__c=null, HS_Sync_Correlation_Id__c=9f25b3c0-649c-11f1-ad16-5244378e9d41, Forecast_Notes__c=null, Fortra_Partner_Marketing_Involvement__c=null, Help_Sell_User__c=null, HS_Sync_Message__c=Operation successful, Incumbent_Competitor_Renewal_Date__c=null, HS_Sync_Payload__c={
  "sfOppId": "006WC00000QqAqjYAF",
  "dealName": "BoKS IAM New Business 2026-06-10 00:18",
  "dealStage": "Order Processing",
  "dealType": "New",
  "opportunityOwner": "005WC00000DZ6xVYAT",
  "accountName": "001WC00000kTYyNYAW",
  "dealOrigin": "Fortra Originated",
  "dealRegistrationId": "DR-468130",
  "saleStage": "Order Processing"
}, Is_Branded__c=false, Last_Sales_Activity_Date__c=null, HS_Sync_Status__c=Success, Lead_Created_Date__c=null, HS_Deal_Id__c=null, Displaced_ARR__c=0.0, Opportunity_NARR__c=null, Number_of_Activities_Logged__c=null, Opportunity_NARR_Calculated__c=0.0, PCTA_Type__c=null, Paid_Search_Term__c=null, Pains_and_Challenges__c=null, Dynamic_Conversion_Rate__c=null, Partner_Deal_Status__c=null, Partner_MDF_Activity_ID__c=null, Partner_Sales_Activity_with_End_Customer__c=null, Positive_Business_Outcomes__c=null, Primary_Renewal_Risk_Reason__c=null, Cross_Sale_Type__c=null, Products_of_Interest__c=null, Project_Timeline__c=null, Running_User_Opportunity_Owner__c=false, Re_Opened_Date__c=null, RecordTypeId__c=null, Renewal_Risk_Explanation__c=null, Renewal_Risk__c=null, Renewed_Contract__c=null, Reseller__c=null, SALES_INQUIRY_LOOKUP__c=null, SQL_Date__c=null, Sale_Type__c=null, Secondary_Renewal_Risk_Reason__c=null, Secondary_Rep__c=null, Value_Drivers__c=null, Subscription_Term__c=12.0, Technical_Closure_Complete__c=null, Exchange_Rate_To_USD__c=1.0, Partner_Account_Name__c=AB Test Partner Account, Legacy_Discount__c=null, Closed_Lost_Detail__c=null, Closed_Lost_Reason__c=null, Closed_Lost_Sub_Reason__c=null, Inquiry_Created_Date__c=null, salesintelio__Attempted_Enrichment_Disposition__c=null, salesintelio__Attempted_Enrichment__c=false, salesintelio__First_Enriched_Date__c=null, salesintelio__Last_Attempted_Enrichment__c=null, salesintelio__Last_Enriched_Date__c=null, salesintelio__Last_Matched_Date__c=null, salesintelio__SalesIntel_Enriched__c=false, salesintelio__SalesIntel_Exported__c=false, salesintelio__SalesIntel_Up_to_Date__c=false, Budget_Allocated__c=null, Distributor_Text__c=null, RFP__c=null, AWS_Marketplace_Agreement_ID__c=null, Bill_To_Place__c=null, Champion_Identified__c=null, Deal_Registration_Expiration_Date__c=null, Deal_Registration_ID__c=DR-468130, Demo_Completed__c=null, Discovery_Call_Completed__c=null, Economic_Buyer_Identified__c=null, Final_Pricing_Confirmed__c=null, Incumbent_Competitor__c=null, Legal_Entity__c=null, Legal_Review_Completed__c=null, Legal_Review_Started__c=null, Negative_Consequences__c=null, Number_of_Deal_Registration_Extensions__c=null, POC_Complete__c=null, POC_Needed__c=null, Partner_Portal_Deal_Registration__c=null, Proactive_Trial__c=null, Required_Capabilities__c=null, Sales_Activities_Partner_Completed__c=null, Ship_To_Place__c=null, Technical_Win_Confirmed__c=null, Territory__c=null, Trial_Date_Confirmed__c=null, Trial_End_Date__c=null, Trial_Manager__c=null, Trial_Notes__c=null, Trial_Start_Date__c=null, Trial_Status__c=null, Reseller_Text__c=null, LE_Change_In_Progress__c=false, ffr__BatchProcess__c=null, c2g__CODAUnitOfWork__c=null, pse__Forecast_Curve__c=null, pse__Group__c=null, pse__IsParentOpportunityServices__c=false, pse__Is_Change_Request__c=false, pse__Is_Services_Opportunity__c=false, pse__Parent_Opportunity__c=null, pse__Practice__c=null, pse__PreBilledAmount__c=null, pse__Pre_Billed_Amount__c=null, pse__Primary_Project__c=null, pse__Rate_Card_Discount_Limit__c=null, pse__Rate_Card_Percentage_Discount__c=null, pse__Rate_Card_Set__c=null, pse__Region__c=null, pse__Services_Attached_From_Products__c=0.0, pse__Services_Attached_Percent_From_Products__c=0.0, AccountName__c=BoKS IAM Test Account 2026-06-10 00:18, Part_of_a_Marketing_Initiative__c=null, Product_of_Interest__c=null, Run_Assignment__c=false, AWS_Account_Number__c=null, AWS_Marketplace__c=null, AWS_Sales_Stage__c=null, Approval_Status__c=null, Total_Services__c=null, Upsell_Opportunity__c=null, ARR_Last_Updated__c=2026-06-10 08:20:13, AWS_Score__c=null, Total_ARR__c=null, Deal_Registration_Submitter__c=null, User_Registered_Deal__c=false, Deal_Cycle_Time_Days__c=30.0, No_Territory_Found__c=false, Legacy_Id__c=null, Execute_Auto_Project_Creation_Process__c=false, Project_Creation_Processed__c=false, Project_Check_Override__c=false}
19:39:01.446 (532780186)|FLOW_VALUE_ASSIGNMENT|2140bb41211f402b20721415ac9b19ebed4f646-594a|Update_Practice__CONDITIONS_RESULT|true
19:39:01.446 (532944189)|FLOW_BULK_ELEMENT_LIMIT_USAGE|1 DML statements, total 2 out of 150
19:39:01.446 (532950976)|FLOW_BULK_ELEMENT_LIMIT_USAGE|1 DML rows, total 2 out of 10000
19:39:01.446 (532955086)|FLOW_BULK_ELEMENT_LIMIT_USAGE|20 ms CPU time, total 255 out of 65000
19:39:01.446 (532990497)|FLOW_BULK_ELEMENT_END|FlowRecordUpdate|Update_Practice|1|51
19:39:01.446 (533233232)|FLOW_START_INTERVIEWS_END|1
19:39:01.446 (533354961)|FLOW_INTERVIEW_FINISHED|2140bb41211f402b20721415ac9b19ebed4f646-594a|PSA RTF Opportunity Created Update Practice
19:39:01.446 (533381360)|FLOW_INTERVIEW_FINISHED_LIMIT_USAGE|SOQL queries: 3 out of 200
19:39:01.446 (533386094)|FLOW_INTERVIEW_FINISHED_LIMIT_USAGE|SOQL query rows: 5 out of 50000
19:39:01.446 (533389515)|FLOW_INTERVIEW_FINISHED_LIMIT_USAGE|SOSL queries: 0 out of 20
19:39:01.446 (533392994)|FLOW_INTERVIEW_FINISHED_LIMIT_USAGE|DML statements: 2 out of 150
19:39:01.446 (533396187)|FLOW_INTERVIEW_FINISHED_LIMIT_USAGE|DML rows: 2 out of 10000
19:39:01.446 (533399642)|FLOW_INTERVIEW_FINISHED_LIMIT_USAGE|CPU time in ms: 255 out of 65000
19:39:01.446 (533411290)|FLOW_INTERVIEW_FINISHED_LIMIT_USAGE|Heap size in bytes: 1049 out of 12000000
19:39:01.446 (533415308)|FLOW_INTERVIEW_FINISHED_LIMIT_USAGE|Callouts: 0 out of 100
19:39:01.446 (533418380)|FLOW_INTERVIEW_FINISHED_LIMIT_USAGE|Email invocations: 0 out of 10
19:39:01.446 (533421340)|FLOW_INTERVIEW_FINISHED_LIMIT_USAGE|Future calls: 0 out of 50
19:39:01.446 (533424340)|FLOW_INTERVIEW_FINISHED_LIMIT_USAGE|Jobs in queue: 0 out of 50
19:39:01.680 (680541970)|FLOW_CREATE_INTERVIEW_BEGIN|00DWC000006eUFF|300WC00000RiheP|301WC00000kDIkn
19:39:01.680 (680613333)|FLOW_CREATE_INTERVIEW_END|2145bb41211f402b20721415ac9b19ebed4f646-5945|PSA RTF Opportunity Created or Updated for Is service Opportunity
19:39:01.680 (680863297)|FLOW_START_INTERVIEWS_BEGIN|1
19:39:01.680 (680888786)|FLOW_START_INTERVIEW_BEGIN|2145bb41211f402b20721415ac9b19ebed4f646-5945|PSA RTF Opportunity Created or Updated for Is service Opportunity
19:39:01.680 (680948442)|FLOW_START_INTERVIEW_LIMIT_USAGE|SOQL queries: 3 out of 200
19:39:01.680 (680956220)|FLOW_START_INTERVIEW_LIMIT_USAGE|SOQL query rows: 5 out of 50000
19:39:01.680 (680960340)|FLOW_START_INTERVIEW_LIMIT_USAGE|SOSL queries: 0 out of 20
19:39:01.680 (680964639)|FLOW_START_INTERVIEW_LIMIT_USAGE|DML statements: 2 out of 150
19:39:01.680 (680968053)|FLOW_START_INTERVIEW_LIMIT_USAGE|DML rows: 2 out of 10000
19:39:01.680 (680971736)|FLOW_START_INTERVIEW_LIMIT_USAGE|CPU time in ms: 257 out of 65000
19:39:01.680 (681000437)|FLOW_START_INTERVIEW_LIMIT_USAGE|Heap size in bytes: 1049 out of 12000000
19:39:01.680 (681005753)|FLOW_START_INTERVIEW_LIMIT_USAGE|Callouts: 0 out of 100
19:39:01.680 (681009654)|FLOW_START_INTERVIEW_LIMIT_USAGE|Email invocations: 0 out of 10
19:39:01.680 (681013085)|FLOW_START_INTERVIEW_LIMIT_USAGE|Future calls: 0 out of 50
19:39:01.680 (681016349)|FLOW_START_INTERVIEW_LIMIT_USAGE|Jobs in queue: 0 out of 50
19:39:01.680 (681019734)|FLOW_START_INTERVIEW_LIMIT_USAGE|Push notifications: 0 out of 10
19:39:01.680 (683709750)|FLOW_VALUE_ASSIGNMENT|2145bb41211f402b20721415ac9b19ebed4f646-5945|$Record|{Id=006WC00000QqAqjYAF, IsDeleted=false, AccountId=001WC00000kTYyNYAW, IsPrivate=false, Name=BoKS IAM New Business 2026-06-10 00:18, Description=null, StageName=Order Processing, Amount=364.23, Probability=90.0, ExpectedRevenue=327.807, TotalOpportunityQuantity=2.0, CloseDate=2026-07-10 00:00:00, Type=New, NextStep=null, LeadSource=null, IsClosed=false, IsWon=false, ForecastCategory=Pipeline, ForecastCategoryName=Pipeline, CurrencyIsoCode=USD, CampaignId=null, HasOpportunityLineItem=true, IsSplit=true, Pricebook2Id=01sWC0000022GHFYA2, OwnerId=005WC00000DZ6xVYAT, CreatedDate=2026-06-10 07:18:46, AgeInDays=null, CreatedById=005WC00000DZ6xVYAT, LastModifiedDate=2026-06-13 02:39:02, LastModifiedById=005WC00000MgTN2YAN, SystemModstamp=2026-06-13 02:39:02, LastActivityDate=null, LastActivityInDays=null, PushCount=null, LastStageChangeDate=null, LastStageChangeInDays=null, FiscalYear=null, FiscalQuarter=null, ContactId=null, LastViewedDate=null, LastReferencedDate=null, PartnerAccountId=001WC00000ZtazZYAR, SyncedQuoteId=0Q0WC0000037IHp0AM, ContractId=null, HasOpenActivity=false, HasOverdueTask=false, IqScore=null, LastAmountChangedHistoryId=008WC00000VEBMnYAP, LastCloseDateChangedHistoryId=null, IsPriorityRecord=false, ActivityMetricId=null, AWS_Account_Manager_Email__c=null, AWS_Account_Manager_Name__c=null, AWS_Marketplace_Offer_ID__c=null, AWS_PSM_Email__c=null, LID__LinkedIn_Company_Id__c=null, Corporate_Currency_Amount__c=364.23, Disable_Automation__c=false, AWS_PSM_Name__c=null, Conversion_Rate__c=1.0, ALE_Amount_View__c=null, Number_of_Distributors__c=0.0, Number_of_Resellers__c=0.0, Bypass_Partner_Validation__c=false, BDR__c=null, Opportunity_Owner_Name_Formula__c=Nir Kailash, Referral_Partner__c=null, Channel_Account_Manager__c=null, CloseDate__c=null, Cross_Sell_User__c=null, Deal_Origin__c=Fortra Originated, Deal_Registration_Date_Approved__c=null, Deal_Registration_Notes__c=null, Implementation_Owner__c=null, Displaced_ARR_old__c=null, Distributor__c=null, Domain__c=null, Existing_Customer_of_Partner__c=null, Quote_Count__c=2.0, Expected_Renewal_Amount__c=null, Expected_Renewal_Date__c=null, First_Touch_Date__c=null, Follow_up_date__c=null, HS_Sync_Correlation_Id__c=9f25b3c0-649c-11f1-ad16-5244378e9d41, Forecast_Notes__c=null, Fortra_Partner_Marketing_Involvement__c=null, Help_Sell_User__c=null, HS_Sync_Message__c=Operation successful, Incumbent_Competitor_Renewal_Date__c=null, HS_Sync_Payload__c={
  "sfOppId": "006WC00000QqAqjYAF",
  "dealName": "BoKS IAM New Business 2026-06-10 00:18",
  "dealStage": "Order Processing",
  "dealType": "New",
  "opportunityOwner": "005WC00000DZ6xVYAT",
  "accountName": "001WC00000kTYyNYAW",
  "dealOrigin": "Fortra Originated",
  "dealRegistrationId": "DR-468130",
  "saleStage": "Order Processing"
}, Is_Branded__c=false, Last_Sales_Activity_Date__c=null, HS_Sync_Status__c=Success, Lead_Created_Date__c=null, HS_Deal_Id__c=null, Displaced_ARR__c=0.0, Opportunity_NARR__c=null, Number_of_Activities_Logged__c=null, Opportunity_NARR_Calculated__c=0.0, PCTA_Type__c=null, Paid_Search_Term__c=null, Pains_and_Challenges__c=null, Dynamic_Conversion_Rate__c=null, Partner_Deal_Status__c=null, Partner_MDF_Activity_ID__c=null, Partner_Sales_Activity_with_End_Customer__c=null, Positive_Business_Outcomes__c=null, Primary_Renewal_Risk_Reason__c=null, Cross_Sale_Type__c=null, Products_of_Interest__c=null, Project_Timeline__c=null, Running_User_Opportunity_Owner__c=false, Re_Opened_Date__c=null, RecordTypeId__c=null, Renewal_Risk_Explanation__c=null, Renewal_Risk__c=null, Renewed_Contract__c=null, Reseller__c=null, SALES_INQUIRY_LOOKUP__c=null, SQL_Date__c=null, Sale_Type__c=null, Secondary_Renewal_Risk_Reason__c=null, Secondary_Rep__c=null, Value_Drivers__c=null, Subscription_Term__c=12.0, Technical_Closure_Complete__c=null, Exchange_Rate_To_USD__c=1.0, Partner_Account_Name__c=AB Test Partner Account, Legacy_Discount__c=null, Closed_Lost_Detail__c=null, Closed_Lost_Reason__c=null, Closed_Lost_Sub_Reason__c=null, Inquiry_Created_Date__c=null, salesintelio__Attempted_Enrichment_Disposition__c=null, salesintelio__Attempted_Enrichment__c=false, salesintelio__First_Enriched_Date__c=null, salesintelio__Last_Attempted_Enrichment__c=null, salesintelio__Last_Enriched_Date__c=null, salesintelio__Last_Matched_Date__c=null, salesintelio__SalesIntel_Enriched__c=false, salesintelio__SalesIntel_Exported__c=false, salesintelio__SalesIntel_Up_to_Date__c=false, Budget_Allocated__c=null, Distributor_Text__c=null, RFP__c=null, AWS_Marketplace_Agreement_ID__c=null, Bill_To_Place__c=null, Champion_Identified__c=null, Deal_Registration_Expiration_Date__c=null, Deal_Registration_ID__c=DR-468130, Demo_Completed__c=null, Discovery_Call_Completed__c=null, Economic_Buyer_Identified__c=null, Final_Pricing_Confirmed__c=null, Incumbent_Competitor__c=null, Legal_Entity__c=null, Legal_Review_Completed__c=null, Legal_Review_Started__c=null, Negative_Consequences__c=null, Number_of_Deal_Registration_Extensions__c=null, POC_Complete__c=null, POC_Needed__c=null, Partner_Portal_Deal_Registration__c=null, Proactive_Trial__c=null, Required_Capabilities__c=null, Sales_Activities_Partner_Completed__c=null, Ship_To_Place__c=null, Technical_Win_Confirmed__c=null, Territory__c=null, Trial_Date_Confirmed__c=null, Trial_End_Date__c=null, Trial_Manager__c=null, Trial_Notes__c=null, Trial_Start_Date__c=null, Trial_Status__c=null, Reseller_Text__c=null, LE_Change_In_Progress__c=false, ffr__BatchProcess__c=null, c2g__CODAUnitOfWork__c=null, pse__Forecast_Curve__c=null, pse__Group__c=null, pse__IsParentOpportunityServices__c=false, pse__Is_Change_Request__c=false, pse__Is_Services_Opportunity__c=false, pse__Parent_Opportunity__c=null, pse__Practice__c=null, pse__PreBilledAmount__c=null, pse__Pre_Billed_Amount__c=null, pse__Primary_Project__c=null, pse__Rate_Card_Discount_Limit__c=null, pse__Rate_Card_Percentage_Discount__c=null, pse__Rate_Card_Set__c=null, pse__Region__c=null, pse__Services_Attached_From_Products__c=0.0, pse__Services_Attached_Percent_From_Products__c=0.0, AccountName__c=BoKS IAM Test Account 2026-06-10 00:18, Part_of_a_Marketing_Initiative__c=null, Product_of_Interest__c=null, Run_Assignment__c=false, AWS_Account_Number__c=null, AWS_Marketplace__c=null, AWS_Sales_Stage__c=null, Approval_Status__c=null, Total_Services__c=null, Upsell_Opportunity__c=null, ARR_Last_Updated__c=2026-06-10 08:20:13, AWS_Score__c=null, Total_ARR__c=null, Deal_Registration_Submitter__c=null, User_Registered_Deal__c=false, Deal_Cycle_Time_Days__c=30.0, No_Territory_Found__c=false, Legacy_Id__c=null, Execute_Auto_Project_Creation_Process__c=false, Project_Creation_Processed__c=false, Project_Check_Override__c=false}
19:39:01.680 (683861701)|FLOW_ELEMENT_BEGIN|2145bb41211f402b20721415ac9b19ebed4f646-5945|FlowRecordLookup|Get_Is_service_Product_line_Opportunity_Product
19:39:01.680 (683921550)|FLOW_ELEMENT_DEFERRED|FlowRecordLookup|Get_Is_service_Product_line_Opportunity_Product
19:39:01.680 (683962660)|FLOW_ELEMENT_LIMIT_USAGE|3 ms CPU time, total 260 out of 65000
19:39:01.680 (683971797)|FLOW_ELEMENT_END|2145bb41211f402b20721415ac9b19ebed4f646-5945|FlowRecordLookup|Get_Is_service_Product_line_Opportunity_Product
19:39:01.680 (692789821)|FLOW_START_INTERVIEW_END|2145bb41211f402b20721415ac9b19ebed4f646-5945|PSA RTF Opportunity Created or Updated for Is service Opportunity
19:39:01.680 (692883542)|FLOW_BULK_ELEMENT_BEGIN|FlowRecordLookup|Get_Is_service_Product_line_Opportunity_Product
19:39:01.680 (693083427)|LIMIT_USAGE|[EXTERNAL]|FIELDSETS_DESCRIBES|4|100
19:39:01.680 (705835598)|LIMIT_USAGE|[EXTERNAL]|SOQL_ROWS|5|50000
19:39:01.680 (705849060)|LIMIT_USAGE|[EXTERNAL]|SOQL|4|200
19:39:01.680 (705852404)|LIMIT_USAGE|[EXTERNAL]|AGGS|4|600
19:39:01.680 (705883734)|FLOW_VALUE_ASSIGNMENT|2145bb41211f402b20721415ac9b19ebed4f646-5945|Get_Is_service_Product_line_Opportunity_Product|
19:39:01.680 (705903535)|FLOW_BULK_ELEMENT_DETAIL|FlowRecordLookup|Get_Is_service_Product_line_Opportunity_Product|0
19:39:01.680 (706117469)|FLOW_BULK_ELEMENT_LIMIT_USAGE|1 SOQL queries, total 4 out of 200
19:39:01.680 (706125212)|FLOW_BULK_ELEMENT_LIMIT_USAGE|7 ms CPU time, total 267 out of 65000
19:39:01.680 (706152950)|FLOW_BULK_ELEMENT_END|FlowRecordLookup|Get_Is_service_Product_line_Opportunity_Product|0|6
19:39:01.680 (706213290)|FLOW_ELEMENT_BEGIN|2145bb41211f402b20721415ac9b19ebed4f646-5945|FlowDecision|Did_we_get_Is_service_product_line_opp_product
19:39:01.680 (706279842)|FLOW_ELEMENT_DEFERRED|FlowDecision|Did_we_get_Is_service_product_line_opp_product
19:39:01.680 (706299333)|FLOW_ELEMENT_END|2145bb41211f402b20721415ac9b19ebed4f646-5945|FlowDecision|Did_we_get_Is_service_product_line_opp_product
19:39:01.680 (706331494)|FLOW_BULK_ELEMENT_BEGIN|FlowDecision|Did_we_get_Is_service_product_line_opp_product
19:39:01.680 (706383472)|FLOW_RULE_DETAIL|2145bb41211f402b20721415ac9b19ebed4f646-5945|Yes|false|false
19:39:01.680 (706397404)|FLOW_VALUE_ASSIGNMENT|2145bb41211f402b20721415ac9b19ebed4f646-5945|Yes|false
19:39:01.680 (706448761)|FLOW_BULK_ELEMENT_END|FlowDecision|Did_we_get_Is_service_product_line_opp_product|0|0
19:39:01.680 (706591301)|FLOW_START_INTERVIEWS_END|1
19:39:01.680 (706708156)|FLOW_INTERVIEW_FINISHED|2145bb41211f402b20721415ac9b19ebed4f646-5945|PSA RTF Opportunity Created or Updated for Is service Opportunity
19:39:01.680 (706733672)|FLOW_INTERVIEW_FINISHED_LIMIT_USAGE|SOQL queries: 4 out of 200
19:39:01.680 (706738658)|FLOW_INTERVIEW_FINISHED_LIMIT_USAGE|SOQL query rows: 5 out of 50000
19:39:01.680 (706741920)|FLOW_INTERVIEW_FINISHED_LIMIT_USAGE|SOSL queries: 0 out of 20
19:39:01.680 (706745330)|FLOW_INTERVIEW_FINISHED_LIMIT_USAGE|DML statements: 2 out of 150
19:39:01.680 (706748218)|FLOW_INTERVIEW_FINISHED_LIMIT_USAGE|DML rows: 2 out of 10000
19:39:01.680 (706751370)|FLOW_INTERVIEW_FINISHED_LIMIT_USAGE|CPU time in ms: 267 out of 65000
19:39:01.680 (706758313)|FLOW_INTERVIEW_FINISHED_LIMIT_USAGE|Heap size in bytes: 1049 out of 12000000
19:39:01.680 (706761563)|FLOW_INTERVIEW_FINISHED_LIMIT_USAGE|Callouts: 0 out of 100
19:39:01.680 (706764345)|FLOW_INTERVIEW_FINISHED_LIMIT_USAGE|Email invocations: 0 out of 10
19:39:01.680 (706767111)|FLOW_INTERVIEW_FINISHED_LIMIT_USAGE|Future calls: 0 out of 50
19:39:01.680 (706769978)|FLOW_INTERVIEW_FINISHED_LIMIT_USAGE|Jobs in queue: 0 out of 50
19:39:01.442 (707523266)|CODE_UNIT_FINISHED|Flow:Opportunity
19:39:01.707 (707665526)|CODE_UNIT_STARTED|[EXTERNAL]|Flow:Opportunity
19:39:01.707 (709559387)|CODE_UNIT_FINISHED|Flow:Opportunity
19:39:01.3 (717373180)|FLOW_VALUE_ASSIGNMENT|2134bb41211f402b20721415ac9b19ebed4f646-5950|Update_Opportunity_Quote_Count|true
19:39:01.3 (717532247)|FLOW_BULK_ELEMENT_LIMIT_USAGE|3 SOQL queries, total 4 out of 200
19:39:01.3 (717539802)|FLOW_BULK_ELEMENT_LIMIT_USAGE|3 SOQL query rows, total 5 out of 50000
19:39:01.3 (717544624)|FLOW_BULK_ELEMENT_LIMIT_USAGE|2 DML statements, total 2 out of 150
19:39:01.3 (717548346)|FLOW_BULK_ELEMENT_LIMIT_USAGE|2 DML rows, total 2 out of 10000
19:39:01.3 (717552109)|FLOW_BULK_ELEMENT_LIMIT_USAGE|244 ms CPU time, total 272 out of 65000
19:39:01.3 (717573081)|FLOW_BULK_ELEMENT_LIMIT_USAGE|1049 bytes heap size, total 1049 out of 12000000
19:39:01.3 (717586679)|FLOW_BULK_ELEMENT_END|FlowRecordUpdate|Update_Opportunity_Quote_Count|1|17
19:39:01.3 (717776856)|FLOW_START_INTERVIEWS_END|1
19:39:01.3 (717883423)|FLOW_INTERVIEW_FINISHED|2134bb41211f402b20721415ac9b19ebed4f646-5950|Fortra &#124; Quote &#124; Count Maintenance - Create
19:39:01.3 (717906214)|FLOW_INTERVIEW_FINISHED_LIMIT_USAGE|SOQL queries: 4 out of 200
19:39:01.3 (717910484)|FLOW_INTERVIEW_FINISHED_LIMIT_USAGE|SOQL query rows: 5 out of 50000
19:39:01.3 (717913809)|FLOW_INTERVIEW_FINISHED_LIMIT_USAGE|SOSL queries: 0 out of 20
19:39:01.3 (717916863)|FLOW_INTERVIEW_FINISHED_LIMIT_USAGE|DML statements: 2 out of 150
19:39:01.3 (717919769)|FLOW_INTERVIEW_FINISHED_LIMIT_USAGE|DML rows: 2 out of 10000
19:39:01.3 (717922967)|FLOW_INTERVIEW_FINISHED_LIMIT_USAGE|CPU time in ms: 272 out of 65000
19:39:01.3 (717932320)|FLOW_INTERVIEW_FINISHED_LIMIT_USAGE|Heap size in bytes: 1049 out of 12000000
19:39:01.3 (717935568)|FLOW_INTERVIEW_FINISHED_LIMIT_USAGE|Callouts: 0 out of 100
19:39:01.3 (717938292)|FLOW_INTERVIEW_FINISHED_LIMIT_USAGE|Email invocations: 0 out of 10
19:39:01.3 (717940918)|FLOW_INTERVIEW_FINISHED_LIMIT_USAGE|Future calls: 0 out of 50
19:39:01.3 (717943686)|FLOW_INTERVIEW_FINISHED_LIMIT_USAGE|Jobs in queue: 0 out of 50
19:39:01.792 (792882885)|CUMULATIVE_PROFILING_BEGIN
19:39:01.792 (792882885)|CUMULATIVE_PROFILING|No profiling information for SOQL operations
19:39:01.792 (792882885)|CUMULATIVE_PROFILING|No profiling information for SOSL operations
19:39:01.792 (792882885)|CUMULATIVE_PROFILING|No profiling information for DML operations
19:39:01.792 (792882885)|CUMULATIVE_PROFILING|method invocations|
Trigger.OpportunityTrigger: line 16, column 1: public static void handleBeforeUpdate(List<Opportunity>, Map<Id,Opportunity>): executed 2 times in 14 ms
Trigger.OpportunityTrigger: line 21, column 1: public static void handleAfterUpdate(List<Opportunity>, Map<Id,Opportunity>): executed 2 times in 13 ms
External entry point: public void invoke(): executed 1 time in 6 ms
Class.OpportunityTriggerHandler.handleAfterUpdate: line 80, column 1: public Set<Id>(Integer): executed 2 times in 0 ms
Class.OpportunityTriggerHandler.handleAfterUpdate: line 81, column 1: public Set<Id>(Integer): executed 2 times in 0 ms
Class.OpportunityTriggerHandler.handleAfterUpdate: line 98, column 1: global public Boolean isEmpty(): executed 2 times in 0 ms
Class.OpportunityTriggerHandler.handleBeforeUpdate: line 36, column 1: global public List<Opportunity>(): executed 2 times in 0 ms
Class.OpportunityTriggerHandler.handleAfterUpdate: line 84, column 1: global public System.Iterator iterator(): executed 6 times in 0 ms
Class.OpportunityTriggerHandler.handleBeforeUpdate: line 37, column 1: global public System.Iterator iterator(): executed 6 times in 0 ms
Class.OpportunityTriggerHandler.handleAfterUpdate: line 85, column 1: global public Object get(Object): executed 2 times in 0 ms
Class.OpportunityTriggerHandler.handleBeforeUpdate: line 38, column 1: global public Object get(Object): executed 2 times in 0 ms

19:39:01.792 (792882885)|CUMULATIVE_PROFILING_END

