Allow_Regional_Pricing__c,AvailabilityDate,BasedOnId,BillingPolicyId,CPW_Max__c,CPW_Min__c,CanUseQuantitySchedule,CanUseRevenueSchedule,ConfigureDuringSale,CurrencyIsoCode,CustomDecompositionScope,Custom_Product_Name__c,DecompositionScope,Description,DiscontinuedDate,DisplayUrl,EndOfLifeDate,Excluded_Feature_Codes__c,ExternalDataSourceId,ExternalId,External_ID__c,Family,Final_SKU_Name_License_Type__c,Finance_Business_Unit__c,Fortra_Product_Type__c,FulfillmentQtyCalcMethod,GearsetExternalId__c,Hardware_ID__c,Has_Attribute_Pricing__c,HelpText,IsActive,IsAssetizable,IsSoldOnlyWithOtherProds,Legacy_Brand_Name__c,Legacy_ProductId__c,Legacy_Product_Number__c,License_Type__c,Name,NumberOfQuantityInstallments,NumberOfRevenueInstallments,Parent_Category_Name__c,Power_Split_Type__c,Practice__c,Primary_Catalog_Name__c,Primary_Category_Name__c,Processor_Min__c,ProductCode,ProductType__c,Product_Descriptions__c,Product_Lifecycle_Stage__c,Product_Selling_Model_Type__c,Project_Template__c,QuantityInstallmentPeriod,QuantityScheduleType,QuantityUnitOfMeasure,RecordTypeId,Required_Feature_Codes__c,Rev_Category_Name__c,Rev_Category__c,Rev_Schedule__c,RevenueInstallmentPeriod,RevenueScheduleType,Revenue_Recognition_Schedule_Template__c,Revenue_Treatment__c,Solution_Category__c,Solution_Group__c,Solution__c,StockKeepingUnit,TaxPolicyId,Type,UnitOfMeasureId,Unit__c,UsageModelType,Workday_Sales_Item_ID__c,c2g__CODAAllowDeleteInUse__c,c2g__CODAExternalId__c,c2g__CODAIncludeInIncomeSchedule__c,c2g__CODAIncomeSchedule__c,c2g__CODAInputTaxCode__c,c2g__CODAPurchaseAnalysisAccount__c,c2g__CODASalesRevenueAccount__c,c2g__CODASalesTaxRule__c,c2g__CODASalesTaxStatus__c,c2g__CODATaxCode__c,c2g__CODAUnitOfWork__c,c2g__Email__c,c2g__PlaceOfSupply__c,c2g__ReverseCharge__c,fferpcore__SalesTaxStatus__c,fferpcore__TaxCode__c,pse__Forecast_Curve__c,pse__IsServicesProduct__c,pse__ServicesCreditValue__c
True,2026-01-09T16:00:00.000+0000,11Bct0000051QpKEAU,,,,False,False,Allowed,USD,,ShowCase Travel Expense,OrderLineItem,Services | Billed as Incurred,,,,,,,,Services,ShowCase Travel Expense - Services,BU53,Services,,DAYwk1DD00000CWt10,False,False,,True,True,False,ShowCase,"0D18B0A6-E30E-E611-80D8-005056840EFE, 7D44F182-B9FB-ED11-8849-6045BDF05170","BI01915, BI01918",Services,ShowCase Travel Expense,,,Business Intelligence,Order Line Only,aAuct000000FmdxCAC,Tech,Query & Report Writer,,BI-QRW-NRSE-SCTE,Services,,,One Time,,,,Quantity,,,Non-Recurring Services Sales - Services Expense Reimbursements,RC_45002,License,,,Expense Reimbursement,Invoice,Business Intelligence,Power,Query & Report Writer,,1TpaZ00000005nhSAA,,,Tech,,,False,,False,,,,,,Taxable,,,,With Account,False,,,,True,
True,2026-01-09T16:00:00.000+0000,11Bct0000051QpKEAU,,,,False,False,Allowed,USD,,ShowCase Training,,Services | Showcase 9: Query Basics,,,,,,,,Training,ShowCase Training - Services,BU53,Training,,DAYvk1DD00000CWt10,False,False,,True,True,False,ShowCase,"936DC973-0CA1-EA11-810B-0050569F6BB1, 3518B0A6-E30E-E611-80D8-005056840EFE, 3718B0A6-E30E-E611-80D8-005056840EFE, 3918B0A6-E30E-E611-80D8-005056840EFE","BI01916, BI01960, BI01961, BI01962",Services,ShowCase Training,,,Business Intelligence,Order Line Only,aAuct000000FmdxCAC,Tech,Query & Report Writer,,BI-QRW-NRST-SCT,Services,,,One Time,,,,Quantity,,,Non-Recurring Services Sales - Training,RC_45000,Pre Pay Service,,,As Delivered,Deferred,Business Intelligence,Power,Query & Report Writer,,1TpaZ00000005nhSAA,,,Tech,,,False,,False,,,,,,Taxable,,,,With Account,False,,,,True,
True,2026-01-09T16:00:00.000+0000,11Bct0000051Qq8EAE,,,,False,False,Allowed,USD,,ShowCase Services,OrderLineItem,Per Hour  | Services | Hourly,,,,,,,,Services,ShowCase Services - Services,BU53,Services,,DAYtk1DD00000CWt10,False,False,,True,True,False,ShowCase,"0318B0A6-E30E-E611-80D8-005056840EFE, 0518B0A6-E30E-E611-80D8-005056840EFE, 0718B0A6-E30E-E611-80D8-005056840EFE, 0918B0A6-E30E-E611-80D8-005056840EFE, 0B18B0A6-E30E-E611-80D8-005056840EFE, EB859F3E-D95C-E711-80E5-0050569F6BB1, ED859F3E-D95C-E711-80E5-0050569F6BB1","BI01910, BI01911, BI01912, BI01913, BI01914, BI01965, BI01966",Services,ShowCase Services,,,Business Intelligence,Order Line Only,aAuct000000FmdxCAC,Tech,Query & Report Writer,,BI-QRW-NRST-SHOW,Services,,,One Time,,,,Quantity,,,Non-Recurring Services Sales - Training,RC_45000,Pre Pay Service,,,As Delivered,Deferred,Business Intelligence,Power,Query & Report Writer,,1TpaZ00000005nhSAA,,,Tech,,,False,,False,,,,,,Taxable,,,,With Account,False,,,,True,
True,2026-01-09T16:00:00.000+0000,11Bct0000051QpNEAU,1BPaZ0000000wlZWAQ,,,False,False,Allowed,USD,,ShowCase Recurring Services,OrderLineItem,Per Hour  | Services | Hourly - Recurring,,,,,,,,Services,ShowCase Recurring Services - Services,BU53,Services,,DAYuk1DD00000CWt10,False,False,,True,True,False,ShowCase,A125CE07-9E16-EF11-9F89-6045BDEC519D,BI01941,Services,ShowCase Recurring Services,,,Business Intelligence,Order Line Only,aAuct000000FmdxCAC,Tech,Query & Report Writer,,BI-QRW-RSP-SHCRS,Services,,,Term Based - Annual,,,,Quantity,,,Recurring Services Sales - Recurring Professional Services,RC_45004,Recurring Service,,,Spread Even,Deferred,Business Intelligence,Power,Query & Report Writer,,1TpaZ00000005nhSAA,,,Tech,,,False,,False,,,,,,Taxable,,,,With Account,False,,,,True,
True,2026-01-09T16:00:00.000+0000,11Bct0000051QpKEAU,,,,False,False,Allowed,USD,,SEQUEL Travel Expense,OrderLineItem,Services | Billed as Incurred,,,,,,,,Services,SEQUEL Travel Expense - Services,BU53,Services,,TAYNk1DD00000CWt10,False,False,,True,True,False,SEQUEL,"0118B0A6-E30E-E611-80D8-005056840EFE, 1A4D6380-B9FB-ED11-8849-6045BDEC3050","BI01909, BI01917",Services,SEQUEL Travel Expense,,,Business Intelligence,Order Line Only,aAuct000000FmdxCAC,Tech,Sequel,,BI-SQ-NRSE-SETE,Services,,,One Time,,,,Quantity,,,Non-Recurring Services Sales - Services Expense Reimbursements,RC_45002,License,,,Expense Reimbursement,Invoice,Business Intelligence,Power,Sequel,,1TpaZ00000005nhSAA,,,Tech,,,False,,False,,,,,,Taxable,,,,With Account,False,,,,True,
True,2026-01-09T16:00:00.000+0000,11Bct0000051Qq8EAE,,,,False,False,Allowed,USD,,SEQUEL Services,,Per Hour  | Services | Hourly,,,,,,,,Services,SEQUEL Services - Services,BU53,Services,,DAY2k1DD00000CWt10,False,False,,True,True,False,SEQUEL,"F717B0A6-E30E-E611-80D8-005056840EFE, F917B0A6-E30E-E611-80D8-005056840EFE, FB17B0A6-E30E-E611-80D8-005056840EFE, FD17B0A6-E30E-E611-80D8-005056840EFE, FF17B0A6-E30E-E611-80D8-005056840EFE, 1718B0A6-E30E-E611-80D8-005056840EFE, 1918B0A6-E30E-E611-80D8-005056840EFE, 2318B0A6-E30E-E611-80D8-005056840EFE, 2718B0A6-E30E-E611-80D8-005056840EFE, E1859F3E-D95C-E711-80E5-0050569F6BB1, E3859F3E-D95C-E711-80E5-0050569F6BB1, 3118B0A6-E30E-E611-80D8-005056840EFE, 3318B0A6-E30E-E611-80D8-005056840EFE, DD859F3E-D95C-E711-80E5-0050569F6BB1, D9859F3E-D95C-E711-80E5-0050569F6BB1, DB859F3E-D95C-E711-80E5-0050569F6BB1, E5859F3E-D95C-E711-80E5-0050569F6BB1","BI01904, BI01905, BI01906, BI01907, BI01908, BI01924, BI01925, BI01931, BI01933, BI01937, BI01939, BI01951, BI01952, BI01987, BI01988, BI01989, BI01990",Services,SEQUEL Services,,,Business Intelligence,Order Line Only,aAuct000000FmdxCAC,Tech,Sequel,,BI-SQ-NRST-SESE,Services,,,One Time,,,,Quantity,,,Non-Recurring Services Sales - Training,RC_45000,Pre Pay Service,,,As Delivered,Deferred,Business Intelligence,Power,Sequel,,1TpaZ00000005nhSAA,,,Tech,,,False,,False,,,,,,Taxable,,,,With Account,False,,,,True,
True,2026-01-09T16:00:00.000+0000,11Bct0000051QpKEAU,,,,False,False,Allowed,USD,,SEQUEL Training,,Services | Mastering Viewpoint Dashboards for Sequel,,,,,,,,Training,SEQUEL Training - Services,BU53,Training,,TAYMk1DD00000CWt10,False,False,,True,True,False,SEQUEL,"4CAEA48E-0BA1-EA11-810B-0050569F6BB1, 1B18B0A6-E30E-E611-80D8-005056840EFE, 1D18B0A6-E30E-E611-80D8-005056840EFE, 1F18B0A6-E30E-E611-80D8-005056840EFE, 9ED64012-8F89-E611-80DB-0050569F6BB1","BI01156, BI01926, BI01927, BI01928, BI01929",Services,SEQUEL Training,,,Business Intelligence,Order Line Only,aAuct000000FmdxCAC,Tech,Sequel,,BI-SQ-NRST-SETR,Services,,,One Time,,,,Quantity,,,Non-Recurring Services Sales - Training,RC_45000,Pre Pay Service,,,As Delivered,Deferred,Business Intelligence,Power,Sequel,,1TpaZ00000005nhSAA,,,Tech,,,False,,False,,,,,,Taxable,,,,With Account,False,,,,True,
True,2026-01-09T16:00:00.000+0000,11Bct0000051QpNEAU,1BPaZ0000000wlZWAQ,,,False,False,Allowed,USD,,SEQUEL Recurring Services,,Per Hour  | Services | Hourly - Recurring,,,,,,,,Services,SEQUEL Recurring Services - Services,BU53,Services,,DAY3k1DD00000CWt10,False,False,,True,True,False,SEQUEL,54196108-9E16-EF11-9F89-000D3A8E7EE5,BI01942,Services,SEQUEL Recurring Services,,,Business Intelligence,Order Line Only,aAuct000000FmdxCAC,Tech,Sequel,,BI-SQ-RSP-SQLRS,Services,,,Term Based - Annual,,,,Quantity,,,Recurring Services Sales - Recurring Professional Services,RC_45004,Recurring Service,,,Spread Even,Deferred,Business Intelligence,Power,Sequel,,1TpaZ00000005nhSAA,,,Tech,,,False,,False,,,,,,Taxable,,,,With Account,False,,,,True,
True,2026-01-09T16:00:00.000+0000,11Bct0000051QpKEAU,,,,False,False,Allowed,USD,,Defensive Security Setup Fee,OrderLineItem,Services | DRP,,,,,,,,Services,Defensive Security Setup Fee - Services,BU63,Services,,TAYXk1DD00000CWt10,False,False,,True,True,False,PhishLabs,"EADAD224-89B3-ED11-83FD-6045BDD9C53A, EDDAD224-89B3-ED11-83FD-6045BDD9C53A, 5324AFB2-89B3-ED11-83FD-6045BDF0559F","PL0130, PL0131, PL0132",Services,Defensive Security Setup Fee,,,Brand Protection,Order Line Only,aAuct000000FmcDCAS,Cyber,External Threat Monitoring,,BP-ETM-NRSU-DSSFS,Services,,,One Time,,,,1 Each,,,Non-Recurring Services Sales - Set Up,RC_45001,Pre Pay Service,,,As Delivered,Deferred,Brand Protection,Defensive Security,External Threat Monitoring,,1TpaZ00000005nhSAA,,,Cyber,,,False,,False,,,,,,Taxable,,,,With Account,False,,,,True,
True,2026-01-09T18:00:00.000+0000,,,,,False,False,Allowed,USD,,SASE Integration Service Fee,OrderLineItem,Services,,,,,,,,Services,SASE Integration Service Fee - Services,BU62,Services,,DAYpd1DD00000CWt10,False,False,,True,True,False,Cloud Data Protection,28841D8D-60FB-EE11-A1FE-7C1E5217797F,DG06079,Services,SASE Integration Service Fee,,,Cloud Data Protection,Order Line Only,aAuct000000FmdpCAC,Cyber,CASB,,CDP-CSB-NRSU-SASEIS,Services,,,One Time,,,,1 Each,,,Non-Recurring Services Sales - Set Up,RC_45001,Pre Pay Service,,,As Delivered,Deferred,Cloud Data Protection,Defensive Security,CASB,,1TpaZ00000005nhSAA,,,Cyber,,,False,,False,,,,,,Taxable,,,,With Account,False,,,,True,
True,2026-01-09T18:00:00.000+0000,,,,,False,False,Allowed,USD,,SASE Quick Start Onboarding fee,OrderLineItem,Services,,,,,,,,Services,SASE Quick Start Onboarding fee - Services,BU62,Services,,DAYqd1DD00000CWt10,False,False,,True,True,False,Cloud Data Protection,29841D8D-60FB-EE11-A1FE-7C1E5217797F,DG06080,Services,SASE Quick Start Onboarding fee,,,Cloud Data Protection,Order Line Only,aAuct000000FmdpCAC,Cyber,CASB,,CDP-CSB-NRSU-SASEQS,Services,,,One Time,,,,1 Each,,,Non-Recurring Services Sales - Set Up,RC_45001,Pre Pay Service,,,As Delivered,Deferred,Cloud Data Protection,Defensive Security,CASB,,1TpaZ00000005nhSAA,,,Cyber,,,False,,False,,,,,,Taxable,,,,With Account,False,,,,True,
True,2026-01-09T05:00:00.000+0000,,,,,False,False,Allowed,USD,,Quick Start Implementation Package - DSPM Advanced,OrderLineItem,Services,,,,,,,,Services,Quick Start Implementation Package - DSPM Advanced,BU62,Services,,DAYay1DD00000CWt10,False,False,,True,True,False,Cloud Data Protection,a42c41fb-acaa-f011-bbd3-7c1e5201d423,DC00627-DSPM,Services,Quick Start Implementation Package - DSPM Advanced,,,Cloud Data Protection,Order Line Only,aAuct000000FmdpCAC,Cyber,DSPM,,CDP-DPM-NRSU-QSIPDSA,Services,,,One Time,,,,Quantity,,,Non-Recurring Services Sales - Set Up,RC_45001,,,,As Delivered,Deferred,Cloud Data Protection,Defensive Security,DSPM,,1TpaZ00000005nhSAA,,,Cyber,,,False,,False,,,,,,Taxable,,,,With Account,False,,,,True,
True,2026-01-09T05:00:00.000+0000,,,,,False,False,Allowed,USD,,Quick Start Implementation Package - DSPM Essentials,OrderLineItem,Services,,,,,,,,Services,Quick Start Implementation Package - DSPM Essentials,BU62,Services,,TAYWy1DD00000CWt10,False,False,,True,True,False,Cloud Data Protection,26efe8be-acaa-f011-bbd3-7c1e5201d423,DC00625-DSPM,Services,Quick Start Implementation Package - DSPM Essentials,,,Cloud Data Protection,Order Line Only,aAuct000000FmdpCAC,Cyber,DSPM,,CDP-DPM-NRSU-QSIPDSPM,Services,,,One Time,,,,Quantity,,,Non-Recurring Services Sales - Set Up,RC_45001,,,,As Delivered,Deferred,Cloud Data Protection,Defensive Security,DSPM,,1TpaZ00000005nhSAA,,,Cyber,,,False,,False,,,,,,Taxable,,,,With Account,False,,,,True,
True,2026-01-09T14:00:00.000+0000,11Bct0000051QpKEAU,,,,False,False,Allowed,USD,,TeamQuest Travel Expense,OrderLineItem,Services | Billed as Incurred,,,,,,,,Services,TeamQuest Travel Expense - Services,BU54,Services,,TAYQlxCD00000CWt10,False,False,,True,True,False,TeamQuest,"D2AB0496-162C-E711-80E3-0050569F6BB1, C889FD98-B9FB-ED11-8849-6045BDEC3050","TQ01909, TQ01911",Services,TeamQuest Travel Expense,,,Capacity Management,Order Line Only,aAuct000000Fme1CAC,Tech,TeamQuest OEM,,CM-TQO-NRSE-TQTE,Services,,,One Time,,,,Quantity,,,Non-Recurring Services Sales - Services Expense Reimbursements,RC_45002,License,,,Expense Reimbursement,Invoice,Capacity Management,RPA+,TeamQuest OEM,,1TpaZ00000005nhSAA,,,Tech,,,False,,False,,,,,,Taxable,,,,With Account,False,,,,True,
True,2026-01-09T14:00:00.000+0000,11Bct0000051QpOEAU,,,,False,False,Allowed,USD,,TeamQuest Services,OrderLineItem,Per Hour  | Services | Hourly,,,,,,,,Services,TeamQuest Services - Services,BU54,Services,,TAYLlxCD00000CWt10,False,False,,True,True,False,TeamQuest,"D0AB0496-162C-E711-80E3-0050569F6BB1, C2AB0496-162C-E711-80E3-0050569F6BB1, C0AB0496-162C-E711-80E3-0050569F6BB1, BEAB0496-162C-E711-80E3-0050569F6BB1","TQ01904, TQ01905, TQ01906, TQ01908",Services,TeamQuest Services,,,Capacity Management,Order Line Only,aAuct000000Fme1CAC,Tech,TeamQuest OEM,,CM-TQO-NRST-TEQS,Services,,,One Time,,,,Quantity,,,Non-Recurring Services Sales - Training,RC_45000,Pre Pay Service,,,As Delivered,Deferred,Capacity Management,RPA+,TeamQuest OEM,,1TpaZ00000005nhSAA,,,Tech,,,False,,False,,,,,,Taxable,,,,With Account,False,,,,True,
True,2026-01-09T14:00:00.000+0000,11Bct0000051QpOEAU,,,,False,False,Allowed,USD,,TeamQuest Professional Services,OrderLineItem,Days 1 | Services | On-site Full Day,,,,,,,,Services,TeamQuest Professional Services - Services,BU54,Services,,TAYKlxCD00000CWt10,False,False,,True,True,False,TeamQuest,C4AB0496-162C-E711-80E3-0050569F6BB1,TQ01907,Services,TeamQuest Professional Services,,,Capacity Management,Order Line Only,aAuct000000Fme1CAC,Tech,TeamQuest OEM,,CM-TQO-NRST-TQPS,Services,,,One Time,,,,Quantity,,,Non-Recurring Services Sales - Training,RC_45000,Pre Pay Service,,,As Delivered,Deferred,Capacity Management,RPA+,TeamQuest OEM,,1TpaZ00000005nhSAA,,,Tech,,,False,,False,,,,,,Taxable,,,,With Account,False,,,,True,
True,2026-01-09T14:00:00.000+0000,11Bct0000051QpKEAU,,,,False,False,Allowed,USD,,TeamQuest Global Services,OrderLineItem,Services | Analysis Services,,,,,,,,Services,TeamQuest Global Services - Services,BU54,Services,,TAYJlxCD00000CWt10,False,False,,True,True,False,TeamQuest,"92AB0496-162C-E711-80E3-0050569F6BB1, 94AB0496-162C-E711-80E3-0050569F6BB1, 96AB0496-162C-E711-80E3-0050569F6BB1, 98AB0496-162C-E711-80E3-0050569F6BB1, 9AAB0496-162C-E711-80E3-0050569F6BB1","TQ01921, TQ01922, TQ01923, TQ01924, TQ01925",Services,TeamQuest Global Services,,,Capacity Management,Order Line Only,aAuct000000Fme1CAC,Tech,TeamQuest OEM,,CM-TQO-NRSU-TQGS,Services,,,One Time,,,,Quantity,,,Non-Recurring Services Sales - Set Up,RC_45001,Pre Pay Service,,,As Delivered,Deferred,Capacity Management,RPA+,TeamQuest OEM,,1TpaZ00000005nhSAA,,,Tech,,,False,,False,,,,,,Taxable,,,,With Account,False,,,,True,
True,2026-01-09T14:00:00.000+0000,11Bct0000051QpKEAU,,,,False,False,Allowed,USD,,TeamQuest Getting Started Services,OrderLineItem,Services | Getting Started Services - Starter Pack,,,,,,,,Services,TeamQuest Getting Started Services - Services,BU54,Services,,TAYIlxCD00000CWt10,False,False,,True,True,False,TeamQuest,"14B2198F-E9B6-EA11-810C-0050569F6BB1, 1AC2E6B0-E9B6-EA11-810C-0050569F6BB1, 6A9C1BCF-E9B6-EA11-810C-0050569F6BB1, C3E811EA-E9B6-EA11-810C-0050569F6BB1","TQ01927, TQ01928, TQ01929, TQ01930",Services,TeamQuest Getting Started Services,,,Capacity Management,Order Line Only,aAuct000000Fme1CAC,Tech,TeamQuest OEM,,CM-TQO-NRSU-TQGSS,Services,,,One Time,,,,Quantity,,,Non-Recurring Services Sales - Set Up,RC_45001,Pre Pay Service,,,As Delivered,Deferred,Capacity Management,RPA+,TeamQuest OEM,,1TpaZ00000005nhSAA,,,Tech,,,False,,False,,,,,,Taxable,,,,With Account,False,,,,True,
True,2026-01-10T06:00:00.000+0000,11Bct0000051QpKEAU,,,,False,False,Allowed,USD,,Fortra Security Travel Expense,OrderLineItem,Services | Billed as Incurred,,,,,,,,Services,Fortra Security Travel Expense - Services,BU53,Services,,LAYrK1DD00000CWt10,False,False,,True,True,False,Fortra Security Services,"815850C7-3232-E611-80D8-0050569F6BB1, 5D8BC47C-B9FB-ED11-8849-6045BDF05170","PT01915, PT01999",Services,Fortra Security Travel Expense,,,Cybersecurity,Order Line Only,aAuct000000FmdyCAC,Tech,Cybersecurity Legacy Product,,CS-CLP-NRSE-FSTE,Services,,,One Time,,,,Quantity,,,Non-Recurring Services Sales - Services Expense Reimbursements,RC_45002,License,,,Expense Reimbursement,Invoice,Cybersecurity,Power,Cybersecurity Legacy Product,,1TpaZ00000005nhSAA,,,Tech,,,False,,False,,,,,,Taxable,,,,With Account,False,,,,True,
True,2026-01-09T21:00:00.000+0000,,,,,False,False,Allowed,USD,,Powertech Services Expense,OrderLineItem,Services,,,,,,,,Services,Powertech Services Expense - Services,BU53,Services,,TAYSc1DD00000CWt10,False,False,,True,True,False,PowerTech,CA55E7B8-5718-E611-80D6-0050569F6BB1,PT01909,Services,Powertech Services Expense,,,Cybersecurity,Order Line Only,aAuct000000FmdyCAC,Tech,Cybersecurity Legacy Product,,CS-CLP-NRSE-POWERS,Services,,,One Time,,,,Quantity,,,Non-Recurring Services Sales - Services Expense Reimbursements,RC_45002,License,,,Expense Reimbursement,Invoice,Cybersecurity,Power,Cybersecurity Legacy Product,,1TpaZ00000005nhSAA,,,Tech,,,False,,False,,,,,,Taxable,,,,With Account,False,,,,True,
True,2026-01-09T18:00:00.000+0000,11Bct0000051QpKEAU,,,,False,False,Allowed,USD,,Safestone Travel Expense,OrderLineItem,"Services | One Trip, up to 4 days",,,,,,,,Services,Safestone Travel Expense - Services,BU53,Services,,DAYjd1DD00000CWt10,False,False,,True,True,False,Safestone,7944F182-B9FB-ED11-8849-6045BDF05170,SS01912,Services,Safestone Travel Expense,,,Cybersecurity,Order Line Only,aAuct000000FmdyCAC,Tech,Cybersecurity Legacy Product,,CS-CLP-NRSE-STE,Services,,,One Time,,,,Quantity,,,Non-Recurring Services Sales - Services Expense Reimbursements,RC_45002,License,,,Expense Reimbursement,Invoice,Cybersecurity,Power,Cybersecurity Legacy Product,,1TpaZ00000005nhSAA,,,Tech,,,False,,False,,,,,,Taxable,,,,With Account,False,,,,True,
True,2026-01-09T04:00:00.000+0000,,,,,False,False,Allowed,USD,,Travel Expense (billed as incurred),OrderLineItem,Services,,,,,,,,Services,Travel Expense (billed as incurred) - Services,BU53,Services,,TAYH02DD00000CWt10,False,False,,True,True,False,Safestone,885a84fe-4a18-e611-80d6-0050569f6bb1,SS01909,Services,Travel Expense (billed as incurred),,,Cybersecurity,Order Line Only,aAuct000000FmdyCAC,Tech,Cybersecurity Legacy Product,,CS-CLP-NRSE-TXBAIS,Services,,,One Time,,,,Quantity,,,Non-Recurring Services Sales - Services Expense Reimbursements,RC_45002,,,,Expense Reimbursement,Invoice,Cybersecurity,Power,Cybersecurity Legacy Product,,1TpaZ00000005nhSAA,,,Tech,,,False,,False,,,,,,Taxable,,,,With Account,False,,,,True,
True,2026-01-10T13:00:00.000+0000,11Bct0000051QpNEAU,,,,False,False,Allowed,USD,,Cybersecurity Services,OrderLineItem,Per Hour  | Services | Hourly,,,,,,,,Services,Cybersecurity Services - Services,BU53,Services,,TAYV91DD00000CWt10,False,False,,True,True,False,Fortra Security Services,775850C7-3232-E611-80D8-0050569F6BB1,PT01910,Services,Cybersecurity Services,,,Cybersecurity,Order Line Only,aAuct000000FmdyCAC,Tech,Cybersecurity Legacy Product,,CS-CLP-NRST-CYBESE,Services,,,One Time,,,,Quantity,,,Non-Recurring Services Sales - Training,RC_45000,Pre Pay Service,,,As Delivered,Deferred,Cybersecurity,Power,Cybersecurity Legacy Product,,1TpaZ00000005nhSAA,,,Tech,,,False,,False,,,,,,Taxable,,,,With Account,False,,,,True,
True,2026-01-10T06:00:00.000+0000,11Bct0000051QpOEAU,,,,False,False,Allowed,USD,,Fortra Security Services,OrderLineItem,Days 0.5 | Services | Online,,,,,,,,Services,Fortra Security Services - Services,BU53,Services,,LAYoK1DD00000CWt10,False,False,,True,True,False,Fortra Security Services,"795850C7-3232-E611-80D8-0050569F6BB1, 7B5850C7-3232-E611-80D8-0050569F6BB1, 7D5850C7-3232-E611-80D8-0050569F6BB1, 7F5850C7-3232-E611-80D8-0050569F6BB1, 835850C7-3232-E611-80D8-0050569F6BB1, 855850C7-3232-E611-80D8-0050569F6BB1, 875850C7-3232-E611-80D8-0050569F6BB1, 895850C7-3232-E611-80D8-0050569F6BB1, 915850C7-3232-E611-80D8-0050569F6BB1, 13E4566F-38BB-EC11-983F-0022482F0623, 6D2A6A87-38BB-EC11-983F-0022482F0623","PT01911, PT01912, PT01913, PT01914, PT01916, PT01917, PT01918, PT01919, PT01923, PT02108, PT02109",Services,Fortra Security Services,,,Cybersecurity,Order Line Only,aAuct000000FmdyCAC,Tech,Cybersecurity Legacy Product,,CS-CLP-NRST-FSS,Services,,,One Time,,,,Quantity,,,Non-Recurring Services Sales - Training,RC_45000,Pre Pay Service,,,As Delivered,Deferred,Cybersecurity,Power,Cybersecurity Legacy Product,,1TpaZ00000005nhSAA,,,Tech,,,False,,False,,,,,,Taxable,,,,With Account,False,,,,True,
True,2026-01-10T06:00:00.000+0000,11Bct0000051QpKEAU,,,,False,False,Allowed,USD,,Fortra Security Training,,Services | Workshop - Auditor Training Group,,,,,,,,Training,Fortra Security Training - Services,BU53,Training,,LAYqK1DD00000CWt10,False,False,,True,True,False,Fortra Security Services,"8B5850C7-3232-E611-80D8-0050569F6BB1, 8D5850C7-3232-E611-80D8-0050569F6BB1, 8F5850C7-3232-E611-80D8-0050569F6BB1","PT01920, PT01921, PT01922",Services,Fortra Security Training,,,Cybersecurity,Order Line Only,aAuct000000FmdyCAC,Tech,Cybersecurity Legacy Product,,CS-CLP-NRST-FST,Services,,,One Time,,,,Quantity,,,Non-Recurring Services Sales - Training,RC_45000,Pre Pay Service,,,As Delivered,Deferred,Cybersecurity,Power,Cybersecurity Legacy Product,,1TpaZ00000005nhSAA,,,Tech,,,False,,False,,,,,,Taxable,,,,With Account,False,,,,True,
True,2026-01-09T21:00:00.000+0000,11Bct0000051QpOEAU,,,,False,False,Allowed,USD,,Powertech Services,OrderLineItem,Per Hour  | Services | Hourly,,,,,,,,Services,Powertech Services - Services,BU53,Services,,TAYQc1DD00000CWt10,False,False,,True,True,False,PowerTech,"C055E7B8-5718-E611-80D6-0050569F6BB1, C255E7B8-5718-E611-80D6-0050569F6BB1, C455E7B8-5718-E611-80D6-0050569F6BB1, C655E7B8-5718-E611-80D6-0050569F6BB1, C855E7B8-5718-E611-80D6-0050569F6BB1, 48FCE1BC-EFA3-E911-80FC-0050569F6BB1, BBBD1FC8-EFA3-E911-80FC-0050569F6BB1, 0869C3D1-EFA3-E911-80FC-0050569F6BB1, 0855E6DA-EFA3-E911-80FC-0050569F6BB1, A70DDEE6-EFA3-E911-80FC-0050569F6BB1, 26927AF0-EFA3-E911-80FC-0050569F6BB1, 079094FB-EFA3-E911-80FC-0050569F6BB1, 629DD112-653B-ED11-9DB0-00224828973B, 3000C70F-653B-ED11-9DB0-00224828996B, 3300C70F-653B-ED11-9DB0-00224828996B, 930E9270-8171-ED11-9561-000D3A16CCA6, A6CAE0F2-D75E-ED11-9562-00224826894C, A719CE55-74F5-ED11-8848-6045BDD9C62D, EDB6E05B-2BFE-E811-80F5-0050569F6BB1","PT01904, PT01905, PT01906, PT01907, PT01908, PT01987, PT01988, PT01989, PT01990, PT01991, PT01992, PT01993, PT01994, PT01995, PT01996, PT01997, PT01998, PT02110, PT11912",Services,Powertech Services,,,Cybersecurity,Order Line Only,aAuct000000FmdyCAC,Tech,Cybersecurity Legacy Product,,CS-CLP-NRST-POSE,Services,,,One Time,,,,Quantity,,,Non-Recurring Services Sales - Training,RC_45000,Pre Pay Service,,,As Delivered,Deferred,Cybersecurity,Power,Cybersecurity Legacy Product,,1TpaZ00000005nhSAA,,,Tech,,,False,,False,,,,,,Taxable,,,,With Account,False,,,,True,
True,2026-01-10T13:00:00.000+0000,11Bct0000051QpKEAU,,,,False,False,Allowed,USD,,Powertech Training,,Services | Getting Started with Powertech Event Manager - Cross Platform,,,,,,,,Training,Powertech Training - Services,BU53,Training,,TAYJ91DD00000CWt10,False,False,,True,True,False,PowertechX,"F68129A6-2BFE-E811-80F5-0050569F6BB1, 022B4CB7-17A1-EA11-810B-0050569F6BB1","PT11913, PT01924",Services,Powertech Training,,,Cybersecurity,Order Line Only,aAuct000000FmdyCAC,Tech,Cybersecurity Legacy Product,,CS-CLP-NRST-POTR,Services,,,One Time,,,,Quantity,,,Non-Recurring Services Sales - Training,RC_45000,Pre Pay Service,,,As Delivered,Deferred,Cybersecurity,Power,Cybersecurity Legacy Product,,1TpaZ00000005nhSAA,,,Tech,,,False,,False,,,,,,Taxable,,,,With Account,False,,,,True,
True,2026-01-09T21:00:00.000+0000,11Bct0000051QpKEAU,,,,False,False,Allowed,USD,,Powertech Travel Expense,OrderLineItem,Services | Hourly - Travel Time,,,,,,,,Services,Powertech Travel Expense - Services,BU53,Services,,TAYWc1DD00000CWt10,False,False,,True,True,False,PowerTech,C004CFA2-EAC0-E811-80F3-0050569F6BB1,PT01927,Services,Powertech Travel Expense,,,Cybersecurity,Order Line Only,aAuct000000FmdyCAC,Tech,Cybersecurity Legacy Product,,CS-CLP-NRST-PTE,Services,,,One Time,,,,Quantity,,,Non-Recurring Services Sales - Training,RC_45000,Pre Pay Service,,,As Delivered,Deferred,Cybersecurity,Power,Cybersecurity Legacy Product,,1TpaZ00000005nhSAA,,,Tech,,,False,,False,,,,,,Taxable,,,,With Account,False,,,,True,
True,2026-01-09T18:00:00.000+0000,11Bct0000051QpOEAU,,,,False,False,Allowed,USD,,Safestone Services,OrderLineItem,Per Hour  | Services | Hourly,,,,,,,,Services,Safestone Services - Services,BU53,Services,,DAYid1DD00000CWt10,False,False,,True,True,False,Safestone,"7D5A84FE-4A18-E611-80D6-0050569F6BB1, 7F5A84FE-4A18-E611-80D6-0050569F6BB1, 815A84FE-4A18-E611-80D6-0050569F6BB1, 835A84FE-4A18-E611-80D6-0050569F6BB1, 855A84FE-4A18-E611-80D6-0050569F6BB1","SS01904, SS01905, SS01906, SS01907, SS01908",Services,Safestone Services,,,Cybersecurity,Order Line Only,aAuct000000FmdyCAC,Tech,Cybersecurity Legacy Product,,CS-CLP-NRSU-SAFEST,Services,,,One Time,,,,Quantity,,,Non-Recurring Services Sales - Set Up,RC_45001,Pre Pay Service,,,As Delivered,Deferred,Cybersecurity,Power,Cybersecurity Legacy Product,,1TpaZ00000005nhSAA,,,Tech,,,False,,False,,,,,,Taxable,,,,With Account,False,,,,True,
True,2026-01-10T06:00:00.000+0000,11Bct0000051QpNEAU,1BPaZ0000000wlZWAQ,,,False,False,Allowed,USD,,Fortra Security Recurring Services,OrderLineItem,Per Hour  | Services | Hourly - Recurring,,,,,,,,Services,Fortra Security Recurring Services - Services,BU53,Services,,LAYpK1DD00000CWt10,False,False,,True,True,False,Fortra Security Services,41196108-9E16-EF11-9F89-000D3A8E7EE5,PT02064,Services,Fortra Security Recurring Services,,,Cybersecurity,Order Line Only,aAuct000000FmdyCAC,Tech,Cybersecurity Legacy Product,,CS-CLP-RSP-FSRS,Services,,,Term Based - Annual,,,,Quantity,,,Recurring Services Sales - Recurring Professional Services,RC_45004,Recurring Service,,,Spread Even,Deferred,Cybersecurity,Power,Cybersecurity Legacy Product,,1TpaZ00000005nhSAA,,,Tech,,,False,,False,,,,,,Taxable,,,,With Account,False,,,,True,
True,2026-01-09T21:00:00.000+0000,11Bct0000051QpNEAU,1BPaZ0000000wlZWAQ,,,False,False,Allowed,USD,,Powertech Recurring Services,OrderLineItem,Per Hour  | Services | Hourly - Recurring,,,,,,,,Services,Powertech Recurring Services - Services,BU53,Services,,TAYRc1DD00000CWt10,False,False,,True,True,False,PowerTech,40196108-9E16-EF11-9F89-000D3A8E7EE5,PT02063,Services,Powertech Recurring Services,,,Cybersecurity,Order Line Only,aAuct000000FmdyCAC,Tech,Cybersecurity Legacy Product,,CS-CLP-RSP-PTRS,Services,,,Term Based - Annual,,,,Quantity,,,Recurring Services Sales - Recurring Professional Services,RC_45004,Recurring Service,,,Spread Even,Deferred,Cybersecurity,Power,Cybersecurity Legacy Product,,1TpaZ00000005nhSAA,,,Tech,,,False,,False,,,,,,Taxable,,,,With Account,False,,,,True,
True,2026-01-09T22:00:00.000+0000,11Bct0000051QpOEAU,,,,False,False,Allowed,USD,,Powertech Authority Broker Comprehensive Implementation,OrderLineItem,LPAR 1-5 | Services | Powertech Authority Broker Comprehensive Implementation,,,,,,,,Services,Powertech Authority Broker Comprehensive Implementation - Services,BU53,Services,,DAYka1DD00000CWt10,False,False,,True,True,False,PowerTech,"BCFB437F-EFA3-E911-80FC-0050569F6BB1, 7E1C3090-EFA3-E911-80FC-0050569F6BB1, B4DCA899-EFA3-E911-80FC-0050569F6BB1, D5242EA5-EFA3-E911-80FC-0050569F6BB1","PT01982, PT01983, PT01984, PT01985",Services,Powertech Authority Broker Comprehensive Implementation,,,Cybersecurity,Order Line Only,aAuct000000FmdyCAC,Tech,Powertech Authority Broker for IBM i,,CS-PAB-NRSU-PABCI,Services,,,One Time,,,,Quantity,,,Non-Recurring Services Sales - Set Up,RC_45001,Pre Pay Service,,,As Delivered,Deferred,Cybersecurity,Power,Powertech Authority Broker for IBM i,,1TpaZ00000005nhSAA,,,Tech,,,False,,False,,,,,,Taxable,,,,With Account,False,,,,True,
True,2026-01-09T22:00:00.000+0000,11Bct0000051QpOEAU,,,,False,False,Allowed,USD,,Powertech Compliance Monitor Comprehensive Implementation,OrderLineItem,LPAR 1-5 | Services | Powertech Compliance Monitor Comprehensive Implementation,,,,,,,,Services,Powertech Compliance Monitor Comprehensive Implementation - Services,BU53,Services,,DAYxa1DD00000CWt10,False,False,,True,True,False,PowerTech,7BB659AF-EFA3-E911-80FC-0050569F6BB1,PT01986,Services,Powertech Compliance Monitor Comprehensive Implementation,,,Cybersecurity,Order Line Only,aAuct000000FmdyCAC,Tech,Powertech Compliance Monitor for IBM i,,CS-PCM-NRSU-PCMCI,Services,,,One Time,,,,Quantity,,,Non-Recurring Services Sales - Set Up,RC_45001,Pre Pay Service,,,As Delivered,Deferred,Cybersecurity,Power,Powertech Compliance Monitor for IBM i,,1TpaZ00000005nhSAA,,,Tech,,,False,,False,,,,,,Taxable,,,,With Account,False,,,,True,
True,2026-01-10T05:00:00.000+0000,11Bct0000051QpKEAU,,,,False,False,Allowed,USD,,Getting Started with Powertech,,Services | Multi-Factor Authentication,,,,,,,,Training,Getting Started with Powertech - Services,BU53,Training,,LAYkL1DD00000CWt10,False,False,,True,True,False,PowerTech,"06E65578-1FBC-E811-80F1-0050569F6BB1, EB34232D-1EFE-E811-80F5-0050569F6BB1, 3731439D-1EFE-E811-80F5-0050569F6BB1, C3C19B26-1FFE-E811-80F5-0050569F6BB1, 5BB667B7-1FFE-E811-80F5-0050569F6BB1, 3996DF22-20FE-E811-80F5-0050569F6BB1, B0CCD781-20FE-E811-80F5-0050569F6BB1, D434C722-2114-E911-80F6-0050569F6BB1, F3A3A39B-2114-E911-80F6-0050569F6BB1, DD8476F1-2114-E911-80F6-0050569F6BB1, 37284455-2214-E911-80F6-0050569F6BB1, F5BAC0B8-2214-E911-80F6-0050569F6BB1, 45682839-2314-E911-80F6-0050569F6BB1, AF8F65A3-2314-E911-80F6-0050569F6BB1, 4AF56106-653B-ED11-9DB0-0022482B2138, E1030C0C-653B-ED11-9DB0-00224828931E, E7FEC409-653B-ED11-9DB0-0022482B260B, 9BA4C80C-653B-ED11-9DB0-00224828973B, 1C15720C-653B-ED11-9DB0-0022482B2138, 84749B0F-653B-ED11-9DB0-00224828931F, 8F749B0F-653B-ED11-9DB0-00224828931F","PT01926, PT01928, PT01929, PT01930, PT01931, PT01932, PT01933, PT01934, PT01935, PT01936, PT01937, PT01938, PT01939, PT01940, PT01941, PT01942, PT01943, PT01945, PT01947, PT01948, PT01949",Services,Getting Started with Powertech,,,Cybersecurity,Order Line Only,aAuct000000FmdyCAC,Tech,Powertech Antivirus,,CS-PTA-NRSU-GETTWI,Services,,,One Time,,,,Quantity,,,Non-Recurring Services Sales - Set Up,RC_45001,Pre Pay Service,,,As Delivered,Deferred,Cybersecurity,Power,Powertech Antivirus,,1TpaZ00000005nhSAA,,,Tech,,,False,,False,,,,,,Taxable,,,,With Account,False,,,,True,
True,2026-01-10T01:00:00.000+0000,11Bct0000051QpKEAU,1BPaZ0000000wlZWAQ,,,False,False,Allowed,USD,,SecureCare,OrderLineItem,Services | Basic,,,,,,,,Services,SecureCare - Services,BU53,Services,,LAYeQ1DD00000CWt10,False,False,,True,True,False,Fortra Security Services,"CC55E7B8-5718-E611-80D6-0050569F6BB1, CE55E7B8-5718-E611-80D6-0050569F6BB1, B02F7433-3012-EF11-9F89-6045BDEC519D, A22F7433-3012-EF11-9F89-6045BDEC519D, 7F0706D7-A07A-E611-80DB-0050569F6BB1","PT01950, PT01951, PT02065, PT02066, PT01954",Services,SecureCare,,,Cybersecurity,Order Line Only,aAuct000000FmdyCAC,Tech,SecureCare,,CS-SEC-RSP-SCSVC,Services,,,Term Based - Annual,,,,1 Each,,,Recurring Services Sales - Recurring Professional Services,RC_45004,Recurring Service,,,Spread Even,Deferred,Cybersecurity,Power,SecureCare,,1TpaZ00000005nhSAA,,,Tech,,,False,,False,,,,,,Taxable,,,,With Account,False,,,,True,
True,2026-01-09T16:00:00.000+0000,,1BPaZ0000000wlZWAQ,,,False,False,Allowed,USD,,Single Sign On Managed Services – IBM I,OrderLineItem,Services,,,,,,,,Services,Single Sign On Managed Services – IBM I - Services,BU53,Services,,DAY4l1DD00000CWt10,False,False,,True,True,False,Fortra Security Services,1B93D51E-9E74-E811-80EF-0050569F6BB1,PT01980,Services,Single Sign On Managed Services – IBM I,,,Cybersecurity,Order Line Only,aAuct000000FmdyCAC,Tech,Single Sign On Managed Services - IBM I,,CS-SSO-RSP-SINGSO,Services,,,Term Based - Annual,,,,1 Each,,,Recurring Services Sales - Recurring Professional Services,RC_45004,Recurring Service,,,Spread Even,Deferred,Cybersecurity,Power,Single Sign On Managed Services - IBM I,,1TpaZ00000005nhSAA,,,Tech,,,False,,False,,,,,,Taxable,,,,With Account,False,,,,True,
True,2026-01-10T11:00:00.000+0000,11Bct0000051QpKEAU,,,,False,False,Allowed,USD,,Doc Management Travel Expense,OrderLineItem,"Services | One Trip, up to 4 days",,,,,,,,Services,Doc Management Travel Expense - Services,BU53,Services,,LAYeC1DD00000CWt10,False,False,,True,True,False,RJS,"ADE8A786-B9FB-ED11-8849-6045BDEC3050, 970AE21C-8F97-E511-80CF-005056845E8B","RJ07198, RJ07199",Services,Doc Management Travel Expense,,,Doc Management,Order Line Only,aAuct000000FmdzCAC,Tech,Doc Management Legacy,,DM-DML-NRSE-DMTE,Services,,,One Time,,,,Quantity,,,Non-Recurring Services Sales - Services Expense Reimbursements,RC_45002,License,,,Expense Reimbursement,Invoice,Doc Management,Power,Doc Management Legacy,,1TpaZ00000005nhSAA,,,Tech,,,False,,False,,,,,,Taxable,,,,With Account,False,,,,True,
True,2026-01-10T11:00:00.000+0000,11Bct0000051QpKEAU,,,,False,False,Allowed,USD,,Doc Management Training,OrderLineItem,Services | User Conference,,,,,,,,Services,Doc Management Training - Services,BU53,Services,,LAYdC1DD00000CWt10,False,False,,True,True,False,RJS,"27B0F650-96C3-E511-80D3-005056842064, 4C007D16-0265-E811-80EE-0050569F6BB1, F351E0FD-47FF-E911-8101-0050569F6BB1, 03FE5010-48FF-E911-8101-0050569F6BB1, B52C781F-48FF-E911-8101-0050569F6BB1, 98F1042A-48FF-E911-8101-0050569F6BB1, 7F45C1CF-D96D-EA11-8108-0050569F6BB1, 37343137-C938-EB11-8111-0050569F6BB1, 95D1A441-C938-EB11-8111-0050569F6BB1, 003593F2-AE12-EF11-9F89-6045BDEB59BB, 7CE44749-8223-E711-80E3-0050569F6BB1","RJ07194, RJ07197, RJ07210, RJ07211, RJ07212, RJ07213, RJ07214, RJ07502, RJ07503, RJ07505, RJ09000",Services,Doc Management Training,,,Doc Management,Order Line Only,aAuct000000FmdzCAC,Tech,Doc Management Legacy,,DM-DML-NRST-DMT,Services,,,One Time,,,,Quantity,,,Non-Recurring Services Sales - Training,RC_45000,Pre Pay Service,,,As Delivered,Deferred,Doc Management,Power,Doc Management Legacy,,1TpaZ00000005nhSAA,,,Tech,,,False,,False,,,,,,Taxable,,,,With Account,False,,,,True,
True,2026-01-10T11:00:00.000+0000,11Bct0000051QpKEAU,,,,False,False,Allowed,USD,,Doc Management Services,OrderLineItem,Services | Hourly,,,,,,,,Services,Doc Management Services - Services,BU53,Services,,LAYcC1DD00000CWt10,False,False,,True,True,False,RJS,"02D7E15D-4644-E511-80C7-005056840EFE, 32C7FBC6-95C3-E511-80D3-005056842064","RJ07192, RJ07193",Services,Doc Management Services,,,Doc Management,Order Line Only,aAuct000000FmdzCAC,Tech,Doc Management Legacy,,DM-DML-NRST-DOMS,Services,,,One Time,,,,Quantity,,,Non-Recurring Services Sales - Training,RC_45000,Pre Pay Service,,,As Delivered,Deferred,Doc Management,Power,Doc Management Legacy,,1TpaZ00000005nhSAA,,,Tech,,,False,,False,,,,,,Taxable,,,,With Account,False,,,,True,
True,2026-01-10T11:00:00.000+0000,11Bct0000051QpKEAU,,,,False,False,Allowed,USD,,Doc Management Service Pack,OrderLineItem,Services | AP Standard Automation,,,,,,,,Services,Doc Management Service Pack - Services,BU53,Services,,LAYbC1DD00000CWt10,False,False,,True,True,False,RJS,"EA7FEF4C-C938-EB11-8111-0050569F6BB1, E8A2AC55-C938-EB11-8111-0050569F6BB1","RJ07504, RJ07506",Services,Doc Management Service Pack,,,Doc Management,Order Line Only,aAuct000000FmdzCAC,Tech,Doc Management Legacy,,DM-DML-NRSU-DMSP,Services,,,One Time,,,,Quantity,,,Non-Recurring Services Sales - Set Up,RC_45001,Pre Pay Service,,,As Delivered,Deferred,Doc Management,Power,Doc Management Legacy,,1TpaZ00000005nhSAA,,,Tech,,,False,,False,,,,,,Taxable,,,,With Account,False,,,,True,
True,2026-01-10T11:00:00.000+0000,11Bct0000051QpKEAU,,,,False,False,Allowed,USD,,Doc Management Upgrade,OrderLineItem,Services | Webdocs Basic,,,,,,,,Services,Doc Management Upgrade - Services,BU53,Services,,LAYfC1DD00000CWt10,False,False,,True,True,False,RJS,"5A44EE3A-BF32-EE11-BDF3-6045BDD9C62D, 8662083A-BF32-EE11-BDF3-6045BDF05170","RJ07507, RJ07508",Services,Doc Management Upgrade,,,Doc Management,Order Line Only,aAuct000000FmdzCAC,Tech,WebDocs,,DM-WEB-NRST-DMU,Services,,,One Time,,,,Quantity,,,Non-Recurring Services Sales - Training,RC_45000,Pre Pay Service,,,As Delivered,Deferred,Doc Management,Power,WebDocs,,1TpaZ00000005nhSAA,,,Tech,,,False,,False,,,,,,Taxable,,,,With Account,False,,,,True,
True,2026-01-10T13:00:00.000+0000,11Bct0000051QpKEAU,,,,False,False,Allowed,USD,,Data Classification Travel Expense,OrderLineItem,Services | Billed as Incurred,,,,,,,,Services,Data Classification Travel Expense - Services,BU50,Services,,DAYg91DD00000CWt10,False,False,,True,True,False,Titus,"9FCD3D91-1A12-EF11-9F89-000D3A1D6066, A0CD3D91-1A12-EF11-9F89-000D3A1D6066","DC00645, DC00646",Services,Data Classification Travel Expense,,,Data Protection,Order Line Only,aAuct000000FmdqCAC,Cyber,Data Classification,,DP-DC-NRSE-DCTE,Services,,,One Time,,,,Quantity,,,Non-Recurring Services Sales - Services Expense Reimbursements,RC_45002,License,,,Expense Reimbursement,Invoice,Data Protection,Defensive Security,Data Classification,,1TpaZ00000005nhSAA,,,Cyber,,,False,,False,,,,,,Taxable,,,,With Account,False,,,,True,
True,2026-01-09T21:00:00.000+0000,11Bct0000051Qq8EAE,,,,False,False,Allowed,USD,,Profesional Services - Data Classification,OrderLineItem,Hours 24 | Services | Prepaid,,,,,,,,Services,Profesional Services - Data Classification - Services,BU50,Services,,DAYnc1DD00000CWt10,False,False,,True,True,False,Titus,"41A3981E-0312-EF11-9F89-000D3A1631B1, 42A3981E-0312-EF11-9F89-000D3A1631B1, 43A3981E-0312-EF11-9F89-000D3A1631B1, 44A3981E-0312-EF11-9F89-000D3A1631B1, 45A3981E-0312-EF11-9F89-000D3A1631B1, 46A3981E-0312-EF11-9F89-000D3A1631B1, 287E2619-0312-EF11-9F89-7C1E520CEDD4, 9E6A9418-0312-EF11-9F89-000D3A1631B1, 9F6A9418-0312-EF11-9F89-000D3A1631B1, A06A9418-0312-EF11-9F89-000D3A1631B1, A16A9418-0312-EF11-9F89-000D3A1631B1, 3E23D81C-0312-EF11-9F89-6045BDD6BFFE, A497C516-0312-EF11-9F89-6045BDD6BFFE, A597C516-0312-EF11-9F89-6045BDD6BFFE, A697C516-0312-EF11-9F89-6045BDD6BFFE, A797C516-0312-EF11-9F89-6045BDD6BFFE, A3573715-0312-EF11-9F89-000D3A1D6066, A4573715-0312-EF11-9F89-000D3A1D6066, DCC25F49-B3D4-EE11-9078-000D3A9A2ABC, 7B23AA4B-B3D4-EE11-9078-0022481D4DD1","DC00618, DC00619, DC00620, DC00621, DC00622, DC00623, DC00650, DC00651, DC00652, DC00653, DC00654, DC00655, DC00656, DC00657, DC00658, DC00659, DC00660, DC00661, DC09092, DC09108",Services,Profesional Services - Data Classification,,,Data Protection,Order Line Only,aAuct000000FmdqCAC,Cyber,Data Classification,,DP-DC-NRST-PSDCS,Services,,,One Time,,,,Quantity,,,Non-Recurring Services Sales - Training,RC_45000,Pre Pay Service,,,As Delivered,Deferred,Data Protection,Defensive Security,Data Classification,,1TpaZ00000005nhSAA,,,Cyber,,,False,,False,,,,,,Taxable,,,,With Account,False,,,,True,
True,2026-01-09T21:00:00.000+0000,11Bct0000051QpKEAU,,,,False,False,Allowed,USD,,Profesional Services - Data Classification - Titus,OrderLineItem,Services | Postpaid,,,,,,,,Services,Profesional Services - Data Classification - Titus - Services,BU50,Services,,DAYoc1DD00000CWt10,False,False,,True,True,False,Titus,F644BEAE-CA12-EF11-9F89-000D3A1D6066,DC00644,Services,Profesional Services - Data Classification - Titus,,,Data Protection,Order Line Only,aAuct000000FmdqCAC,Cyber,Data Classification,,DP-DC-NRST-PSDCTS,Services,,,One Time,,,,Quantity,,,Non-Recurring Services Sales - Training,RC_45000,Post Pay Service,,,As Delivered,Deferred,Data Protection,Defensive Security,Data Classification,,1TpaZ00000005nhSAA,,,Cyber,,,False,,False,,,,,,Taxable,,,,With Account,False,,,,True,
True,2026-01-09T05:00:00.000+0000,,,,,False,False,Allowed,USD,,Quick Start Implementation Package - DCS Advanced,OrderLineItem,Services,,,,,,,,Services,Quick Start Implementation Package - DCS Advanced,BU50,Services,,TAYYy1DD00000CWt10,False,False,,True,True,False,Titus,4aa28e82-878e-f011-b4cc-7c1e5217dd0d,DC00627-DCN,Services,Quick Start Implementation Package - DCS Advanced,,,Data Protection,Order Line Only,aAuct000000FmdqCAC,Cyber,Data Classification,,DP-DC-NRST-QSIPDCA,Services,,,One Time,,,,Quantity,,,Non-Recurring Services Sales - Training,RC_45000,,,,As Delivered,Deferred,Data Protection,Defensive Security,Data Classification,,1TpaZ00000005nhSAA,,,Cyber,,,False,,False,,,,,,Taxable,,,,With Account,False,,,,True,
True,2026-01-09T05:00:00.000+0000,,,,,False,False,Allowed,USD,,Quick Start Implementation Package - DCS Elite,OrderLineItem,Services,,,,,,,,Services,Quick Start Implementation Package - DCS Elite,BU50,Services,,DAYby1DD00000CWt10,False,False,,True,True,False,Titus,f444c73a-9ca0-f011-b41b-7c1e5259613e,DC00629-DCN,Services,Quick Start Implementation Package - DCS Elite,,,Data Protection,Order Line Only,aAuct000000FmdqCAC,Cyber,Data Classification,,DP-DC-NRST-QSIPDCE,Services,,,One Time,,,,Quantity,,,Non-Recurring Services Sales - Training,RC_45000,,,,As Delivered,Deferred,Data Protection,Defensive Security,Data Classification,,1TpaZ00000005nhSAA,,,Cyber,,,False,,False,,,,,,Taxable,,,,With Account,False,,,,True,
True,2026-01-09T05:00:00.000+0000,,,,,False,False,Allowed,USD,,Quick Start Implementation Package - DCS Essentials,OrderLineItem,Services,,,,,,,,Services,Quick Start Implementation Package - DCS Essentials,BU50,Services,,TAYUy1DD00000CWt10,False,False,,True,True,False,Titus,06cf397e-878e-f011-b4cc-7ced8d1ed4db,DC00625-DCN,Services,Quick Start Implementation Package - DCS Essentials,,,Data Protection,Order Line Only,aAuct000000FmdqCAC,Cyber,Data Classification,,DP-DC-NRST-QSIPDCS,Services,,,One Time,,,,Quantity,,,Non-Recurring Services Sales - Training,RC_45000,,,,As Delivered,Deferred,Data Protection,Defensive Security,Data Classification,,1TpaZ00000005nhSAA,,,Cyber,,,False,,False,,,,,,Taxable,,,,With Account,False,,,,True,
True,2026-01-09T20:00:00.000+0000,,,,,False,False,Allowed,USD,,Review Services - Data Classification - Boldon James,OrderLineItem,Services,,,,,,,,Services,Review Services - Data Classification - Boldon James - Services,BU50,Services,,1AYAY1DD00000CWt10,False,False,,True,True,False,Boldon James,A6573715-0312-EF11-9F89-000D3A1D6066,DC00663,Services,Review Services - Data Classification - Boldon James,,,Data Protection,Order Line Only,aAuct000000FmdqCAC,Cyber,Data Classification,,DP-DC-NRST-RSDCBJS,Services,,,One Time,,,,Quantity,,,Non-Recurring Services Sales - Training,RC_45000,Pre Pay Service,,,As Delivered,Deferred,Data Protection,Defensive Security,Data Classification,,1TpaZ00000005nhSAA,,,Cyber,,,False,,False,,,,,,Taxable,,,,With Account,False,,,,True,
True,2026-01-09T20:00:00.000+0000,,,,,False,False,Allowed,USD,,Review Services - Data Classification - TItus,OrderLineItem,Services,,,,,,,,Services,Review Services - Data Classification - TItus - Services,BU50,Services,,1AYBY1DD00000CWt10,False,False,,True,True,False,Titus,AF385F12-0312-EF11-9F89-00224821CE28,DC00630,Services,Review Services - Data Classification - TItus,,,Data Protection,Order Line Only,aAuct000000FmdqCAC,Cyber,Data Classification,,DP-DC-NRST-RSDCTS,Services,,,One Time,,,,Quantity,,,Non-Recurring Services Sales - Training,RC_45000,Pre Pay Service,,,As Delivered,Deferred,Data Protection,Defensive Security,Data Classification,,1TpaZ00000005nhSAA,,,Cyber,,,False,,False,,,,,,Taxable,,,,With Account,False,,,,True,
True,2026-01-09T14:00:00.000+0000,11Bct0000051QpOEAU,,,,False,False,Allowed,USD,,Training - Data Classification - Boldon James,,Days 30 | Services | 30 Day Training Extention,,,,,,,,Training,Training - Data Classification - Boldon James - Services,BU50,Training,,DAY9mxCD00000CWt10,False,False,,True,True,False,Boldon James,"25202E13-0312-EF11-9F89-7C1E520CEDD4, AD573715-0312-EF11-9F89-000D3A1D6066, AE573715-0312-EF11-9F89-000D3A1D6066, 1F7E2619-0312-EF11-9F89-7C1E520CEDD4, 207E2619-0312-EF11-9F89-7C1E520CEDD4, 217E2619-0312-EF11-9F89-7C1E520CEDD4, 227E2619-0312-EF11-9F89-7C1E520CEDD4, 237E2619-0312-EF11-9F89-7C1E520CEDD4","DC00601, DC00602, DC00603, DC00604, DC00605, DC00606, DC00607, DC00608",Services,Training - Data Classification - Boldon James,,,Data Protection,Order Line Only,aAuct000000FmdqCAC,Cyber,Data Classification,,DP-DC-NRST-TDCBJS,Services,,,One Time,,,,Quantity,,,Non-Recurring Services Sales - Training,RC_45000,Pre Pay Service,,,As Delivered,Deferred,Data Protection,Defensive Security,Data Classification,,1TpaZ00000005nhSAA,,,Cyber,,,False,,False,,,,,,Taxable,,,,With Account,False,,,,True,
True,2026-01-09T14:00:00.000+0000,11Bct0000051QpOEAU,,,,False,False,Allowed,USD,,Training - Data Classification - Titus,,Days 30 | Services | 30 Day Training Extention,,,,,,,,Training,Training - Data Classification - Titus - Services,BU50,Training,,TAYAmxCD00000CWt10,False,False,,True,True,False,Titus,"20202E13-0312-EF11-9F89-7C1E520CEDD4, 21202E13-0312-EF11-9F89-7C1E520CEDD4, 22202E13-0312-EF11-9F89-7C1E520CEDD4, 23202E13-0312-EF11-9F89-7C1E520CEDD4, A1CD3D91-1A12-EF11-9F89-000D3A1D6066, A2CD3D91-1A12-EF11-9F89-000D3A1D6066, 9CCD3D91-1A12-EF11-9F89-000D3A1D6066, 9DCD3D91-1A12-EF11-9F89-000D3A1D6066","DC00635, DC00636, DC00637, DC00638, DC00639, DC00640, DC00641, DC00642",Services,Training - Data Classification - Titus,,,Data Protection,Order Line Only,aAuct000000FmdqCAC,Cyber,Data Classification,,DP-DC-NRST-TDCTS,Services,,,One Time,,,,Quantity,,,Non-Recurring Services Sales - Training,RC_45000,Pre Pay Service,,,As Delivered,Deferred,Data Protection,Defensive Security,Data Classification,,1TpaZ00000005nhSAA,,,Cyber,,,False,,False,,,,,,Taxable,,,,With Account,False,,,,True,
True,2026-01-09T16:00:00.000+0000,11Bct0000051QqmEAE,,,,False,False,Allowed,USD,,Set up - Data Classification - Boldon James,OrderLineItem,Services | Business - On Prem - DAC,,,,,,,,Services,Set up - Data Classification - Boldon James - Services,BU50,Services,,TAYTk1DD00000CWt10,False,False,,True,True,False,Boldon James,"257E2619-0312-EF11-9F89-7C1E520CEDD4, 267E2619-0312-EF11-9F89-7C1E520CEDD4, 277E2619-0312-EF11-9F89-7C1E520CEDD4, C0EB5B1E-0312-EF11-9F89-00224821CE28, C1EB5B1E-0312-EF11-9F89-00224821CE28, A5573715-0312-EF11-9F89-000D3A1D6066","DC00610, DC00611, DC00612, DC00613, DC00614, DC00662",Services,Set up - Data Classification - Boldon James,,,Data Protection,Order Line Only,aAuct000000FmdqCAC,Cyber,Data Classification,,DP-DC-NRSU-SUDCBJS,Services,,,One Time,,,,Quantity,,,Non-Recurring Services Sales - Set Up,RC_45001,Pre Pay Service,,,As Delivered,Deferred,Data Protection,Defensive Security,Data Classification,,1TpaZ00000005nhSAA,,,Cyber,,,False,,False,,,,,,Taxable,,,,With Account,False,,,,True,
True,2026-01-09T16:00:00.000+0000,11Bct0000051QqmEAE,,,,False,False,Allowed,USD,,Set up - Data Classification - Titus,OrderLineItem,Services | Business - On Prem - DAC | On Premise,,,,,,,,Services,Set up - Data Classification - Titus - Services,BU50,Services,,TAYUk1DD00000CWt10,False,False,,True,True,False,Titus,"47A3981E-0312-EF11-9F89-000D3A1631B1, 48A3981E-0312-EF11-9F89-000D3A1631B1, AB385F12-0312-EF11-9F89-00224821CE28, AC385F12-0312-EF11-9F89-00224821CE28, AD385F12-0312-EF11-9F89-00224821CE28, AE385F12-0312-EF11-9F89-00224821CE28","DC00624, DC00625, DC00626, DC00627, DC00628, DC00629",Services,Set up - Data Classification - Titus,,,Data Protection,Order Line Only,aAuct000000FmdqCAC,Cyber,Data Classification,,DP-DC-NRSU-SUDCTS,Services,,,One Time,,,,Quantity,,,Non-Recurring Services Sales - Set Up,RC_45001,Pre Pay Service,,,As Delivered,Deferred,Data Protection,Defensive Security,Data Classification,,1TpaZ00000005nhSAA,,,Cyber,,,False,,False,,,,,,Taxable,,,,With Account,False,,,,True,
True,2026-01-10T12:00:00.000+0000,11BaZ000008qwmwUAA,1BPaZ0000000wlZWAQ,,,False,False,Allowed,USD,,DC Expert Services,OrderLineItem,Services | Core,,,,,,,,Services,DC Expert Services - Services,BU50,Services,,LAYeA1DD00000CWt10,False,False,,True,True,False,Titus,"1C202E13-0312-EF11-9F89-7C1E520CEDD4, 1D202E13-0312-EF11-9F89-7C1E520CEDD4, 1E202E13-0312-EF11-9F89-7C1E520CEDD4","DC00631, DC00632, DC00633",Services,DC Expert Services,,,Data Protection,Order Line Only,aAuct000000FmdqCAC,Cyber,Data Classification,,DP-DC-RSP-DCDEXP,Services,,,Term Based - Annual,,,,1 Each,,,Recurring Services Sales - Recurring Professional Services,RC_45004,Recurring Service,,,Spread Even,Deferred,Data Protection,Defensive Security,Data Classification,,1TpaZ00000005nhSAA,,,Cyber,,,False,,False,,,,,,Taxable,,,,With Account,False,,,,True,
True,2026-01-10T12:00:00.000+0000,11BaZ000008qwmwUAA,1BPaZ0000000wlZWAQ,,,False,False,Allowed,USD,,DC TAM,OrderLineItem,Services | Premium,,,,,,,,Services,DC TAM - Services,BU50,Services,,LAYfA1DD00000CWt10,False,False,,True,True,False,Titus,"C881C810-0312-EF11-9F89-6045BDD6BFFE, C981C810-0312-EF11-9F89-6045BDD6BFFE, CB81C810-0312-EF11-9F89-6045BDD6BFFE","DC09110, DC09111, DC09113",Services,DC TAM,,,Data Protection,Order Line Only,aAuct000000FmdqCAC,Cyber,Data Classification,,DP-DC-RSP-DCDTAM,Services,,,Term Based - Annual,,,,1 Each,,,Recurring Services Sales - Recurring Professional Services,RC_45004,Recurring Service,,,Spread Even,Deferred,Data Protection,Defensive Security,Data Classification,,1TpaZ00000005nhSAA,,,Cyber,,,False,,False,,,,,,Taxable,,,,With Account,False,,,,True,
True,2026-01-10T13:00:00.000+0000,11Bct0000051QpOEAU,1BPaZ0000000wlZWAQ,,,False,False,Allowed,USD,,Data Classification Services,OrderLineItem,Months 12 | Services | Calendar Month Resident,,,,,,,,Services,Data Classification Services - Services,BU50,Services,,DAYf91DD00000CWt10,False,False,,True,True,False,Titus,"C2EB5B1E-0312-EF11-9F89-00224821CE28, C3EB5B1E-0312-EF11-9F89-00224821CE28, C4EB5B1E-0312-EF11-9F89-00224821CE28, 1F202E13-0312-EF11-9F89-7C1E520CEDD4, A86A9418-0312-EF11-9F89-000D3A1631B1, A96A9418-0312-EF11-9F89-000D3A1631B1, AA6A9418-0312-EF11-9F89-000D3A1631B1","DC00615, DC00616, DC00617, DC00634, DC00647, DC00648, DC00649",Services,Data Classification Services,,,Data Protection,Order Line Only,aAuct000000FmdqCAC,Cyber,Data Classification,,DP-DC-RSP-DCS,Services,,,Term Based - Annual,,,,Quantity,,,Recurring Services Sales - Recurring Professional Services,RC_45004,Recurring Service,,,Spread Even,Deferred,Data Protection,Defensive Security,Data Classification,,1TpaZ00000005nhSAA,,,Cyber,,,False,,False,,,,,,Taxable,,,,With Account,False,,,,True,
True,2026-01-09T05:00:00.000+0000,,1BPaZ0000000wlZWAQ,,,False,False,Allowed,USD,,Fortra Core Support,OrderLineItem,Services,,,,,,,,Services,Fortra Core Support - Services,BU50,Services,,DAYky1DD00000CWt10,False,False,,True,True,False,Titus,"2a9c002f-908e-f011-b4cc-7c1e5217d428, dac91d47-908e-f011-b4cc-7c1e5217d428, 6672f641-16a6-f011-bbd3-7c1e5248b54c","DCCORE-SP, DLCORE-SP, HRCORE-SP",Services,Fortra Core Support,,,Data Protection,Order Line Only,aAuct000000FmdqCAC,Cyber,Data Classification,,DP-DC-RSP-FCSS,Services,,,Term Based - Annual,,,,Quantity,,,Recurring Services Sales - Recurring Professional Services,RC_45004,,,,Spread Even,Deferred,Data Protection,Defensive Security,Data Classification,,1TpaZ00000005nhSAA,,,Cyber,,,False,,False,,,,,,Taxable,,,,With Account,False,,,,True,
True,2026-01-09T15:00:00.000+0000,11Bct0000051QpMEAU,1BPaZ0000000wlZWAQ,,,False,False,Allowed,USD,,Standard TAM,OrderLineItem,Hours 150 | Services,,,,,,,,Services,Standard TAM - Services,BU50,Services,,DAYml1DD00000CWt10,False,False,,True,True,False,Titus,B2C25F49-B3D4-EE11-9078-000D3A9A2ABC,DC09093,Services,Standard TAM,,,Data Protection,Order Line Only,aAuct000000FmdqCAC,Cyber,Data Classification,,DP-DC-RSP-STANDA,Services,,,Term Based - Annual,,,,Quantity,,,Recurring Services Sales - Recurring Professional Services,RC_45004,Recurring Service,,,Spread Even,Deferred,Data Protection,Defensive Security,Data Classification,,1TpaZ00000005nhSAA,,,Cyber,,,False,,False,,,,,,Taxable,,,,With Account,False,,,,True,
True,2026-01-10T13:00:00.000+0000,11Bct0000051QpKEAU,,,,False,False,Allowed,USD,,Data Loss Prevention Travel Expense,OrderLineItem,"Services | One Trip, up to 4 days",,,,,,,,Services,Data Loss Prevention Travel Expense - Services,BU50,Services,,DAYn91DD00000CWt10,False,False,,True,True,False,Digital Guardian,"9423AA4B-B3D4-EE11-9078-0022481D4DD1, 9623AA4B-B3D4-EE11-9078-0022481D4DD1","DG06028, DG06029",Services,Data Loss Prevention Travel Expense,,,Data Protection,Order Line Only,aAuct000000FmdqCAC,Cyber,Data Loss Prevention,,DP-DLP-NRSE-DLPTE,Services,,,One Time,,,,Quantity,,,Non-Recurring Services Sales - Services Expense Reimbursements,RC_45002,License,,,Expense Reimbursement,Invoice,Data Protection,Defensive Security,Data Loss Prevention,,1TpaZ00000005nhSAA,,,Cyber,,,False,,False,,,,,,Taxable,,,,With Account,False,,,,True,
True,2026-01-10T13:00:00.000+0000,11Bct0000051QpNEAU,,,,False,False,Allowed,USD,,Data Loss Prevention Services Hourly,OrderLineItem,Per Hour  | Services | Hourly,,,,,,,,Services,Data Loss Prevention Services Hourly - Services,BU50,Services,,DAYl91DD00000CWt10,False,False,,True,True,False,Digital Guardian,F098BF48-B3D4-EE11-9078-000D3A9A23CC,DG06024,Services,Data Loss Prevention Services Hourly,,,Data Protection,Order Line Only,aAuct000000FmdqCAC,Cyber,Data Loss Prevention,,DP-DLP-NRST-DLPSH,Services,,,One Time,,,,Quantity,,,Non-Recurring Services Sales - Training,RC_45000,Pre Pay Service,,,As Delivered,Deferred,Data Protection,Defensive Security,Data Loss Prevention,,1TpaZ00000005nhSAA,,,Cyber,,,False,,False,,,,,,Taxable,,,,With Account,False,,,,True,
True,2026-01-10T06:00:00.000+0000,,,,,False,False,Allowed,USD,,Fortra Cares - Digital Guardian,OrderLineItem,Services,,,,,,,,Services,Fortra Cares - Digital Guardian - Services,BU50,Services,,LAYuJ1DD00000CWt10,False,False,,True,True,False,Digital Guardian,1E599712-0312-EF11-9F89-000D3A1631B1,DG06101,Services,Fortra Cares - Digital Guardian,,,Data Protection,Order Line Only,aAuct000000FmdqCAC,Cyber,Data Loss Prevention,,DP-DLP-NRST-FCDGS,Services,,,One Time,,,,Quantity,,,Non-Recurring Services Sales - Training,RC_45000,Pre Pay Service,,,As Delivered,Deferred,Data Protection,Defensive Security,Data Loss Prevention,,1TpaZ00000005nhSAA,,,Cyber,,,False,,False,,,,,,Taxable,,,,With Account,False,,,,True,
True,2026-01-09T21:00:00.000+0000,11Bct0000051QpOEAU,,,,False,False,Allowed,USD,,Profesional Services - Data Loss Prevention- DG,OrderLineItem,Per Hour  | Services | Postpaid,,,,,,,,Services,Profesional Services - Data Loss Prevention- DG - Services,BU50,Services,,DAYqc1DD00000CWt10,False,False,,True,True,False,Digital Guardian,"F198BF48-B3D4-EE11-9078-000D3A9A23CC, A1573715-0312-EF11-9F89-000D3A1D6066, A8573715-0312-EF11-9F89-000D3A1D6066, A9573715-0312-EF11-9F89-000D3A1D6066","DG06032, DG06033, DG06081, DG06082",Services,Profesional Services - Data Loss Prevention- DG,,,Data Protection,Order Line Only,aAuct000000FmdqCAC,Cyber,Data Loss Prevention,,DP-DLP-NRST-PSDLPDS,Services,,,One Time,,,,Quantity,,,Non-Recurring Services Sales - Training,RC_45000,Post Pay Service,,,As Delivered,Deferred,Data Protection,Defensive Security,Data Loss Prevention,,1TpaZ00000005nhSAA,,,Cyber,,,False,,False,,,,,,Taxable,,,,With Account,False,,,,True,
True,2026-01-09T21:00:00.000+0000,11Bct0000051QpOEAU,,,,False,False,Allowed,USD,,Profesional Services - Data Loss Prevention,OrderLineItem,Hours 24 | Services | Prepaid,,,,,,,,Services,Profesional Services - Data Loss Prevention - Services,BU50,Services,,DAYpc1DD00000CWt10,False,False,,True,True,False,Digital Guardian,"36615C18-0312-EF11-9F89-00224821CE28, 37615C18-0312-EF11-9F89-00224821CE28, 38615C18-0312-EF11-9F89-00224821CE28, 39615C18-0312-EF11-9F89-00224821CE28, 21599712-0312-EF11-9F89-000D3A1631B1, 22599712-0312-EF11-9F89-000D3A1631B1","DG06095, DG06096, DG06097, DG06098, DG06099, DG06100",Services,Profesional Services - Data Loss Prevention,,,Data Protection,Order Line Only,aAuct000000FmdqCAC,Cyber,Data Loss Prevention,,DP-DLP-NRST-PSDLPS,Services,,,One Time,,,,Quantity,,,Non-Recurring Services Sales - Training,RC_45000,Pre Pay Service,,,As Delivered,Deferred,Data Protection,Defensive Security,Data Loss Prevention,,1TpaZ00000005nhSAA,,,Cyber,,,False,,False,,,,,,Taxable,,,,With Account,False,,,,True,
True,2026-01-09T04:00:00.000+0000,,1BPaZ0000000wlZWAQ,,,False,False,Allowed,USD,,Professional Services Hourly (Post Paid),OrderLineItem,Services,,,,,,,,Services,Professional Services Hourly (Post Paid),BU50,Services,,DAYhz1DD00000CWt10,False,False,,True,True,False,Titus,"4395c331-908e-f011-b4cc-7c1e5217dd0d, 93c91d47-908e-f011-b4cc-7c1e5217d428","DCSP102, DLP008-N",Services,Professional Services Hourly (Post Paid),,,Data Protection,Order Line Only,aAuct000000FmdqCAC,Cyber,Data Loss Prevention,,DP-DLP-NRST-PSHPOP,Services,,,Term Based - Annual,,,,Quantity,,,Non-Recurring Services Sales - Training,RC_45000,,,,As Delivered,Deferred,Data Protection,Defensive Security,Data Loss Prevention,,1TpaZ00000005nhSAA,,,Cyber,,,False,,False,,,,,,Taxable,,,,With Account,False,,,,True,
True,2026-01-09T05:00:00.000+0000,,,,,False,False,Allowed,USD,,Professional Services Hourly (Pre Paid),OrderLineItem,Services,,,,,,,,Services,Professional Services Hourly (Pre Paid),BU50,Services,,DAYgy1DD00000CWt10,False,False,,True,True,False,Titus,"5319398a-878e-f011-b4cc-7ced8d1ed4db, a9fc8f94-878e-f011-b4cc-7c1e5217d428","DC00634-DCN, DC00634-DLN",Services,Professional Services Hourly (Pre Paid),,,Data Protection,Order Line Only,aAuct000000FmdqCAC,Cyber,Data Loss Prevention,,DP-DLP-NRST-PSHPP,Services,,,One Time,,,,Quantity,,,Non-Recurring Services Sales - Training,RC_45000,,,,As Delivered,Deferred,Data Protection,Defensive Security,Data Loss Prevention,,1TpaZ00000005nhSAA,,,Cyber,,,False,,False,,,,,,Taxable,,,,With Account,False,,,,True,
True,2026-01-09T05:00:00.000+0000,,,,,False,False,Allowed,USD,,Quick Start Implementation Package - DLP Advanced,OrderLineItem,Services,,,,,,,,Services,Quick Start Implementation Package - DLP Advanced,BU50,Services,,TAYZy1DD00000CWt10,False,False,,True,True,False,Digital Guardian,3f22b2fd-9ba0-f011-b41b-7c1e5259613e,DC00627-DLN,Services,Quick Start Implementation Package - DLP Advanced,,,Data Protection,Order Line Only,aAuct000000FmdqCAC,Cyber,Data Loss Prevention,,DP-DLP-NRST-QSIPDLA,Services,,,One Time,,,,Quantity,,,Non-Recurring Services Sales - Training,RC_45000,,,,As Delivered,Deferred,Data Protection,Defensive Security,Data Loss Prevention,,1TpaZ00000005nhSAA,,,Cyber,,,False,,False,,,,,,Taxable,,,,With Account,False,,,,True,
True,2026-01-09T05:00:00.000+0000,,,,,False,False,Allowed,USD,,Quick Start Implementation Package - DLP Elite,OrderLineItem,Services,,,,,,,,Services,Quick Start Implementation Package - DLP Elite,BU50,Services,,DAYcy1DD00000CWt10,False,False,,True,True,False,Digital Guardian,bb84be4c-9ca0-f011-b41b-7c1e5259613e,DC00629-DLN,Services,Quick Start Implementation Package - DLP Elite,,,Data Protection,Order Line Only,aAuct000000FmdqCAC,Cyber,Data Loss Prevention,,DP-DLP-NRST-QSIPDLE,Services,,,One Time,,,,Quantity,,,Non-Recurring Services Sales - Training,RC_45000,,,,As Delivered,Deferred,Data Protection,Defensive Security,Data Loss Prevention,,1TpaZ00000005nhSAA,,,Cyber,,,False,,False,,,,,,Taxable,,,,With Account,False,,,,True,
True,2026-01-09T05:00:00.000+0000,,,,,False,False,Allowed,USD,,Quick Start Implementation Package - DLP Essentials,OrderLineItem,Services,,,,,,,,Services,Quick Start Implementation Package - DLP Essentials,BU50,Services,,TAYVy1DD00000CWt10,False,False,,True,True,False,Digital Guardian,f0ae4b90-878e-f011-b4cc-7ced8d1ed4db,DC00625-DLN,Services,Quick Start Implementation Package - DLP Essentials,,,Data Protection,Order Line Only,aAuct000000FmdqCAC,Cyber,Data Loss Prevention,,DP-DLP-NRST-QSIPDLP,Services,,,One Time,,,,Quantity,,,Non-Recurring Services Sales - Training,RC_45000,,,,As Delivered,Deferred,Data Protection,Defensive Security,Data Loss Prevention,,1TpaZ00000005nhSAA,,,Cyber,,,False,,False,,,,,,Taxable,,,,With Account,False,,,,True,
True,2026-01-09T14:00:00.000+0000,11Bct0000051QpOEAU,,,,False,False,Allowed,USD,,Training - Data Loss Prevention - DG,,Services | eDLP Delivery Cert Exam,,,,,,,,Training,Training - Data Loss Prevention - DG - Services,BU50,Training,,TAYBmxCD00000CWt10,False,False,,True,True,False,Digital Guardian,"91C25F49-B3D4-EE11-9078-000D3A9A2ABC, ACC25F49-B3D4-EE11-9078-000D3A9A2ABC, ADC25F49-B3D4-EE11-9078-000D3A9A2ABC, 72C25F49-B3D4-EE11-9078-000D3A9A2ABC, AA573715-0312-EF11-9F89-000D3A1D6066, AB573715-0312-EF11-9F89-000D3A1D6066, AC573715-0312-EF11-9F89-000D3A1D6066, 3A615C18-0312-EF11-9F89-00224821CE28, 3B615C18-0312-EF11-9F89-00224821CE28, 3C615C18-0312-EF11-9F89-00224821CE28, A2573715-0312-EF11-9F89-000D3A1D6066, 31615C18-0312-EF11-9F89-00224821CE28","DG06006, DG06022, DG06023, DG06025, DG06083, DG06084, DG06085, DG06086, DG06087, DG06088, DG06089, DG06090",Services,Training - Data Loss Prevention - DG,,,Data Protection,Order Line Only,aAuct000000FmdqCAC,Cyber,Data Loss Prevention,,DP-DLP-NRST-TDLPDS,Services,,,One Time,,,,Quantity,,,Non-Recurring Services Sales - Training,RC_45000,Pre Pay Service,,,As Delivered,Deferred,Data Protection,Defensive Security,Data Loss Prevention,,1TpaZ00000005nhSAA,,,Cyber,,,False,,False,,,,,,Taxable,,,,With Account,False,,,,True,
True,2026-01-09T05:00:00.000+0000,,,,,False,False,Allowed,USD,,Training Private (5 Students),OrderLineItem,Services,,,,,,,,Services,Training Private (5 Students),BU50,Services,,DAYiy1DD00000CWt10,False,False,,True,True,False,Titus,"fea7998e-878e-f011-b4cc-7c1e5217dd0d, 334a889a-878e-f011-b4cc-7c1e5217d428","DC00639-DCN, DC00639-DLN",Services,Training Private (5 Students),,,Data Protection,Order Line Only,aAuct000000FmdqCAC,Cyber,Data Loss Prevention,,DP-DLP-NRST-TPFSTU,Services,,,One Time,,,,Quantity,,,Non-Recurring Services Sales - Training,RC_45000,,,,As Delivered,Deferred,Data Protection,Defensive Security,Data Loss Prevention,,1TpaZ00000005nhSAA,,,Cyber,,,False,,False,,,,,,Taxable,,,,With Account,False,,,,True,
True,2026-01-09T05:00:00.000+0000,,,,,False,False,Allowed,USD,,Training Public (1 Student),OrderLineItem,Services,,,,,,,,Services,Training Public (1 Student),BU50,Services,,DAYjy1DD00000CWt10,False,False,,True,True,False,Titus,"e0ae4b90-878e-f011-b4cc-7ced8d1ed4db, 4c0ea09a-878e-f011-b4cc-7c1e5217dd0d","DC00640-DCN, DC00640-DLN",Services,Training Public (1 Student),,,Data Protection,Order Line Only,aAuct000000FmdqCAC,Cyber,Data Loss Prevention,,DP-DLP-NRST-TPOSTU,Services,,,One Time,,,,Quantity,,,Non-Recurring Services Sales - Training,RC_45000,,,,As Delivered,Deferred,Data Protection,Defensive Security,Data Loss Prevention,,1TpaZ00000005nhSAA,,,Cyber,,,False,,False,,,,,,Taxable,,,,With Account,False,,,,True,
True,2026-01-09T05:00:00.000+0000,,,,,False,False,Allowed,USD,,Training Self Paced (1 Student),OrderLineItem,Services,,,,,,,,Services,Training Self Paced (1 Student),BU50,Services,,DAYhy1DD00000CWt10,False,False,,True,True,False,Titus,"cc278088-878e-f011-b4cc-7c1e5217d428, ff29a594-878e-f011-b4cc-7c1e5217dd0d","DC00637-DCN, DC00637-DLN",Services,Training Self Paced (1 Student),,,Data Protection,Order Line Only,aAuct000000FmdqCAC,Cyber,Data Loss Prevention,,DP-DLP-NRST-TSPOS,Services,,,One Time,,,,Quantity,,,Non-Recurring Services Sales - Training,RC_45000,,,,As Delivered,Deferred,Data Protection,Defensive Security,Data Loss Prevention,,1TpaZ00000005nhSAA,,,Cyber,,,False,,False,,,,,,Taxable,,,,With Account,False,,,,True,
True,2026-01-09T16:00:00.000+0000,11Bct0000051QpKEAU,,,,False,False,Allowed,USD,,Set Up - Data Loss Prevention - DG,OrderLineItem,Services | ARC OP,,,,,,,,Services,Set Up - Data Loss Prevention - DG - Services,BU50,Services,,TAYVk1DD00000CWt10,False,False,,True,True,False,Digital Guardian,"F298BF48-B3D4-EE11-9078-000D3A9A23CC, 73C25F49-B3D4-EE11-9078-000D3A9A2ABC, 78C25F49-B3D4-EE11-9078-000D3A9A2ABC, 7DC25F49-B3D4-EE11-9078-000D3A9A2ABC, 82C25F49-B3D4-EE11-9078-000D3A9A2ABC, 8BC25F49-B3D4-EE11-9078-000D3A9A2ABC, 88C25F49-B3D4-EE11-9078-000D3A9A2ABC","DG06012, DG06014, DG06015, DG06016, DG06017, DG06018, DG06019",Services,Set Up - Data Loss Prevention - DG,,,Data Protection,Order Line Only,aAuct000000FmdqCAC,Cyber,Data Loss Prevention,,DP-DLP-NRSU-SUDLPDS,Services,,,One Time,,,,Quantity,,,Non-Recurring Services Sales - Set Up,RC_45001,Pre Pay Service,,,As Delivered,Deferred,Data Protection,Defensive Security,Data Loss Prevention,,1TpaZ00000005nhSAA,,,Cyber,,,False,,False,,,,,,Taxable,,,,With Account,False,,,,True,
True,2026-01-10T12:00:00.000+0000,11Bct0000051QpvEAE,1BPaZ0000000wlZWAQ,,,False,False,Allowed,USD,,DG Expert Services,OrderLineItem,Services | Enterprise | Managed Services,,,,,,,,Services,DG Expert Services - Services,BU50,Services,,LAYeB1DD00000CWt10,False,False,,True,True,False,Digital Guardian,"66F4BC86-60FB-EE11-A1FE-6045BDD82062, 68F4BC86-60FB-EE11-A1FE-6045BDD82062, 6AF4BC86-60FB-EE11-A1FE-6045BDD82062","DG06061, DG06063, DG06065",Services,DG Expert Services,,,Data Protection,Order Line Only,aAuct000000FmdqCAC,Cyber,Data Loss Prevention,,DP-DLP-RSP-DGDEXP,Services,,,Term Based - Annual,,,,Quantity,,,Recurring Services Sales - Recurring Professional Services,RC_45004,Recurring Service,,,Spread Even,Deferred,Data Protection,Defensive Security,Data Loss Prevention,,1TpaZ00000005nhSAA,,,Cyber,,,False,,False,,,,,,Taxable,,,,With Account,False,,,,True,
True,2026-01-09T04:00:00.000+0000,,1BPaZ0000000wlZWAQ,,,False,False,Allowed,USD,,DLP Managed Service Offering,OrderLineItem,Services,,,,,,,,Services,DLP Managed Service Offering - Services,BU50,Services,,TAYJ02DD00000CWt10,False,False,,True,True,False,Digital Guardian,fd12e93f-908e-f011-b4cc-7ced8d1ed4db,DLP004-N,Services,DLP Managed Service Offering,,,Data Protection,Order Line Only,aAuct000000FmdqCAC,Cyber,Data Loss Prevention,,DP-DLP-RSP-DLPMSO,Services,,,Term Based - Annual,,,,Quantity,,,Recurring Services Sales - Recurring Professional Services,RC_45004,,,,Spread Even,Deferred,Data Protection,Defensive Security,Data Loss Prevention,,1TpaZ00000005nhSAA,,,Cyber,,,False,,False,,,,,,Taxable,,,,With Account,False,,,,True,
True,2026-01-10T13:00:00.000+0000,11Bct0000051QpOEAU,1BPaZ0000000wlZWAQ,,,False,False,Allowed,USD,,Data Loss Prevention Services,OrderLineItem,Months 12 | Services | Calendar Month Resident,,,,,,,,Services,Data Loss Prevention Services - Services,BU50,Services,,DAYm91DD00000CWt10,False,False,,True,True,False,Digital Guardian,"33615C18-0312-EF11-9F89-00224821CE28, 34615C18-0312-EF11-9F89-00224821CE28, 35615C18-0312-EF11-9F89-00224821CE28","DG06092, DG06093, DG06094",Services,Data Loss Prevention Services,,,Data Protection,Order Line Only,aAuct000000FmdqCAC,Cyber,Data Loss Prevention,,DP-DLP-RSP-DLPS,Services,,,Term Based - Annual,,,,Quantity,,,Recurring Services Sales - Recurring Professional Services,RC_45004,Recurring Service,,,Spread Even,Deferred,Data Protection,Defensive Security,Data Loss Prevention,,1TpaZ00000005nhSAA,,,Cyber,,,False,,False,,,,,,Taxable,,,,With Account,False,,,,True,
True,2026-01-09T14:00:00.000+0000,11BaZ000008qwmwUAA,1BPaZ0000000wlZWAQ,,,False,False,Allowed,USD,,Data Protection Technical Account Manager,OrderLineItem,Services | Dedicated,,,,,,,,Services,Data Protection Technical Account Manager - Services,BU50,Services,,TAYSlxCD00000CWt10,False,False,,True,True,False,Digital Guardian,"26C35F49-B3D4-EE11-9078-000D3A9A2ABC, 13C35F49-B3D4-EE11-9078-000D3A9A2ABC","DG06026, DG06027",Services,Data Protection Technical Account Manager,,,Data Protection,Order Line Only,aAuct000000FmdqCAC,Cyber,Data Loss Prevention,,DP-DLP-RSP-DPTAMS,Services,,,Term Based - Annual,,,,Quantity,,,Recurring Services Sales - Recurring Professional Services,RC_45004,Recurring Service,,,Spread Even,Deferred,Data Protection,Defensive Security,Data Loss Prevention,,1TpaZ00000005nhSAA,,,Cyber,,,False,,False,,,,,,Taxable,,,,With Account,False,,,,True,
True,2026-01-09T05:00:00.000+0000,,1BPaZ0000000wlZWAQ,,,False,False,Allowed,USD,,Expert Services -Core,OrderLineItem,Services,,,,,,,,Services,Expert Services -Core - Services,BU50,Services,,DAYdy1DD00000CWt10,False,False,,True,True,False,Titus,"74a28e82-878e-f011-b4cc-7c1e5217dd0d, 1729a594-878e-f011-b4cc-7c1e5217dd0d","DC00631-DCN, DC00631-DLN",Services,Expert Services -Core,,,Data Protection,Order Line Only,aAuct000000FmdqCAC,Cyber,Data Loss Prevention,,DP-DLP-RSP-ESCS,Services,,,Term Based - Annual,,,,Quantity,,,Recurring Services Sales - Recurring Professional Services,RC_45004,,,,Spread Even,Deferred,Data Protection,Defensive Security,Data Loss Prevention,,1TpaZ00000005nhSAA,,,Cyber,,,False,,False,,,,,,Taxable,,,,With Account,False,,,,True,
True,2026-01-09T05:00:00.000+0000,,1BPaZ0000000wlZWAQ,,,False,False,Allowed,USD,,Expert Services -Enterprise,OrderLineItem,Services,,,,,,,,Services,Expert Services -Enterprise - Services,BU50,Services,,DAYey1DD00000CWt10,False,False,,True,True,False,Titus,"b7a28e82-878e-f011-b4cc-7c1e5217dd0d, 6829a594-878e-f011-b4cc-7c1e5217dd0d","DC00632-DCN, DC00632-DLN",Services,Expert Services -Enterprise,,,Data Protection,Order Line Only,aAuct000000FmdqCAC,Cyber,Data Loss Prevention,,DP-DLP-RSP-ESES,Services,,,Term Based - Annual,,,,Quantity,,,Recurring Services Sales - Recurring Professional Services,RC_45004,,,,Spread Even,Deferred,Data Protection,Defensive Security,Data Loss Prevention,,1TpaZ00000005nhSAA,,,Cyber,,,False,,False,,,,,,Taxable,,,,With Account,False,,,,True,
True,2026-01-09T05:00:00.000+0000,,1BPaZ0000000wlZWAQ,,,False,False,Allowed,USD,,Expert Services -Enhanced,OrderLineItem,Services,,,,,,,,Services,Expert Services -Enhanced - Services,BU50,Services,,DAYfy1DD00000CWt10,False,False,,True,True,False,Titus,"4a278088-878e-f011-b4cc-7c1e5217d428, 9929a594-878e-f011-b4cc-7c1e5217dd0d","DC00633-DCN, DC00633-DLN",Services,Expert Services -Enhanced,,,Data Protection,Order Line Only,aAuct000000FmdqCAC,Cyber,Data Loss Prevention,,DP-DLP-RSP-EXSEHSS,Services,,,Term Based - Annual,,,,Quantity,,,Recurring Services Sales - Recurring Professional Services,RC_45004,,,,Spread Even,Deferred,Data Protection,Defensive Security,Data Loss Prevention,,1TpaZ00000005nhSAA,,,Cyber,,,False,,False,,,,,,Taxable,,,,With Account,False,,,,True,
True,2026-01-09T05:00:00.000+0000,,1BPaZ0000000wlZWAQ,,,False,False,Allowed,USD,,Fortra Enhanced Support,OrderLineItem,Services,,,,,,,,Services,Fortra Enhanced Support - Services,BU50,Services,,DAYly1DD00000CWt10,False,False,,True,True,False,Titus,"19841eb8-7471-f011-bec2-7c1e5217dd0d, 0bdab5b1-7471-f011-bec2-7c1e5217dd0d","DCENH-SP, DLENH-SP",Services,Fortra Enhanced Support,,,Data Protection,Order Line Only,aAuct000000FmdqCAC,Cyber,Data Loss Prevention,,DP-DLP-RSP-FENHSS,Services,,,Term Based - Annual,,,,Quantity,,,Recurring Services Sales - Recurring Professional Services,RC_45004,,,,Spread Even,Deferred,Data Protection,Defensive Security,Data Loss Prevention,,1TpaZ00000005nhSAA,,,Cyber,,,False,,False,,,,,,Taxable,,,,With Account,False,,,,True,
True,2026-01-09T05:00:00.000+0000,,1BPaZ0000000wlZWAQ,,,False,False,Allowed,USD,,Fortra Enterprise Support,OrderLineItem,Services,,,,,,,,Services,Fortra Enterprise Support - Services,BU50,Services,,DAYmy1DD00000CWt10,False,False,,True,True,False,Titus,"679c002f-908e-f011-b4cc-7c1e5217d428, a435e033-908e-f011-b4cc-7ced8d1ed4db","DCENT-SP, DLENT-SP",Services,Fortra Enterprise Support,,,Data Protection,Order Line Only,aAuct000000FmdqCAC,Cyber,Data Loss Prevention,,DP-DLP-RSP-FENTSS,Services,,,Term Based - Annual,,,,Quantity,,,Recurring Services Sales - Recurring Professional Services,RC_45004,,,,Spread Even,Deferred,Data Protection,Defensive Security,Data Loss Prevention,,1TpaZ00000005nhSAA,,,Cyber,,,False,,False,,,,,,Taxable,,,,With Account,False,,,,True,
True,2026-01-09T05:00:00.000+0000,,1BPaZ0000000wlZWAQ,,,False,False,Allowed,USD,,Resident Engineer,OrderLineItem,Services,,,,,,,,Services,Resident Engineer - Services,BU50,Services,,TAYTy1DD00000CWt10,False,False,,True,True,False,Titus,"e3778d85-dfb0-f011-bbd3-7c1e5259613e, 7e821749-838e-f011-b4cc-7c1e5217dd0d","DC00615-DLN, DC00615-N",Services,Resident Engineer,,,Data Protection,Order Line Only,aAuct000000FmdqCAC,Cyber,Data Loss Prevention,,DP-DLP-RSP-RES,Services,,,Term Based - Annual,,,,Quantity,,,Recurring Services Sales - Recurring Professional Services,RC_45004,,,,Spread Even,Deferred,Data Protection,Defensive Security,Data Loss Prevention,,1TpaZ00000005nhSAA,,,Cyber,,,False,,False,,,,,,Taxable,,,,With Account,False,,,,True,
True,2026-01-09T14:00:00.000+0000,11Bct0000051QpOEAU,,,,False,False,Allowed,USD,,Training - Secure Collaboration - Vera,,Per User  | Services | Self-Stufy & Certification Exam,,,,,,,,Training,Training - Secure Collaboration - Vera - Services,BU50,Training,,TAYCmxCD00000CWt10,False,False,,True,True,False,Vera,"16202E13-0312-EF11-9F89-7C1E520CEDD4, 18202E13-0312-EF11-9F89-7C1E520CEDD4, 19202E13-0312-EF11-9F89-7C1E520CEDD4, 1A202E13-0312-EF11-9F89-7C1E520CEDD4","DRM0603, DRM0605, DRM0606, DRM0607",Services,Training - Secure Collaboration - Vera,,,Data Protection,Order Line Only,aAuct000000FmdqCAC,Cyber,Secure Collaboration,,DP-SC-NRST-TSCVS,Services,,,One Time,,,,Quantity,,,Non-Recurring Services Sales - Training,RC_45000,Pre Pay Service,,,As Delivered,Deferred,Data Protection,Defensive Security,Secure Collaboration,,1TpaZ00000005nhSAA,,,Cyber,,,False,,False,,,,,,Taxable,,,,With Account,False,,,,True,
True,2026-01-09T16:00:00.000+0000,11Bct0000051QpNEAU,,,,False,False,Allowed,USD,,Setup - Secure Collaboration - Vera,OrderLineItem,Per User  | Services | Business - Hybrid,,,,,,,,Services,Setup - Secure Collaboration - Vera - Services,BU50,Services,,TAYWk1DD00000CWt10,False,False,,True,True,False,Vera,"1F599712-0312-EF11-9F89-000D3A1631B1, 14202E13-0312-EF11-9F89-7C1E520CEDD4, 15202E13-0312-EF11-9F89-7C1E520CEDD4","DRM0600, DRM0601, DRM0602",Services,Setup - Secure Collaboration - Vera,,,Data Protection,Order Line Only,aAuct000000FmdqCAC,Cyber,Secure Collaboration,,DP-SC-NRSU-SSCVS,Services,,,One Time,,,,Quantity,,,Non-Recurring Services Sales - Set Up,RC_45001,Pre Pay Service,,,As Delivered,Deferred,Data Protection,Defensive Security,Secure Collaboration,,1TpaZ00000005nhSAA,,,Cyber,,,False,,False,,,,,,Taxable,,,,With Account,False,,,,True,
True,2026-01-10T11:00:00.000+0000,11Bct0000051QpNEAU,,,,False,False,Allowed,USD,,DMARC Training,OrderLineItem,Per Instance  | Services | Lite (up to 1/2 Day),,,,,,,,Services,DMARC Training - Services,BU49,Services,,1AYFC1DD00000CWt10,False,False,,True,True,False,Agari,"9C9D3DAE-FC40-EE11-BDF3-000D3A190FE1, 9F9D3DAE-FC40-EE11-BDF3-000D3A190FE1","AG04012, AG04013",Services,DMARC Training,,,Email Security,Order Line Only,aAuct000000FmdrCAC,Cyber,DMARC Protection,,ES-DMP-NRST-DMARTR,Services,,,One Time,,,,Quantity,,,Non-Recurring Services Sales - Training,RC_45000,Pre Pay Service,,,As Delivered,Deferred,Email Security,Defensive Security,DMARC Protection,,1TpaZ00000005nhSAA,,,Cyber,,,False,,False,,,,,,Taxable,,,,With Account,False,,,,True,
True,2026-01-10T03:00:00.000+0000,11Bct0000051QpKEAU,,,,False,False,Allowed,USD,,Health Check,OrderLineItem,Services | 1 Day - Basic Report,,,,,,,,Services,Health Check - Services,BU49,Services,,LAYaP1DD00000CWt10,False,False,,True,True,False,Agari,"7C9D3DAE-FC40-EE11-BDF3-000D3A190FE1, 809D3DAE-FC40-EE11-BDF3-000D3A190FE1","AG04008, AG04009",Services,Health Check,,,Email Security,Order Line Only,aAuct000000FmdrCAC,Cyber,DMARC Protection,,ES-DMP-NRST-HEALTH,Services,,,One Time,,,,Quantity,,,Non-Recurring Services Sales - Training,RC_45000,Pre Pay Service,,,As Delivered,Deferred,Email Security,Defensive Security,DMARC Protection,,1TpaZ00000005nhSAA,,,Cyber,,,False,,False,,,,,,Taxable,,,,With Account,False,,,,True,
True,2026-01-09T23:00:00.000+0000,11Bct0000051QpKEAU,1BPaZ0000000wlZWAQ,,,False,False,Allowed,USD,,Onboarding,OrderLineItem,Services | DMARC Protection,,,,,,,,Services,Onboarding - Services,BU49,Services,,LAYjT1DD00000CWt10,False,False,,True,True,False,Agari,"75977B94-399D-EF11-8A69-6045BDD6CDA4, 26F58C94-399D-EF11-8A6A-000D3A9C9FA6","AG04023, AG04024",Services,Onboarding,,,Email Security,Order Line Only,aAuct000000FmdrCAC,Cyber,DMARC Protection,,ES-DMP-NRST-ONBOAR,Services,,,Term Based - Annual,,,,Quantity,,,Non-Recurring Services Sales - Training,RC_45000,Pre Pay Service,,,As Delivered,Deferred,Email Security,Defensive Security,DMARC Protection,,1TpaZ00000005nhSAA,,,Cyber,,,False,,False,,,,,,Taxable,,,,With Account,False,,,,True,
True,2026-01-10T08:00:00.000+0000,11Bct0000051QpKEAU,1BPaZ0000000wlZWAQ,,,False,False,Allowed,USD,,ESP,OrderLineItem,Services | Essential,,,,,,,,Services,ESP - Services,BU49,Services,,LAYlH1DD00000CWt10,False,False,,True,True,False,Agari,"87F635B4-FC40-EE11-BDF3-000D3A190FE1, 8AF635B4-FC40-EE11-BDF3-000D3A190FE1, 8DF635B4-FC40-EE11-BDF3-000D3A190FE1, 90F635B4-FC40-EE11-BDF3-000D3A190FE1","AG05020, AG05021, AG05022, AG05023",Services,ESP,,,Email Security,Order Line Only,aAuct000000FmdrCAC,Cyber,DMARC Protection,,ES-DMP-RSP-ESP,Services,,,Term Based - Annual,,,,1 Each,,,Recurring Services Sales - Recurring Professional Services,RC_45004,Recurring Service,,,Spread Even,Deferred,Email Security,Defensive Security,DMARC Protection,,1TpaZ00000005nhSAA,,,Cyber,,,False,,False,,,,,,Taxable,,,,With Account,False,,,,True,
True,2026-01-10T08:00:00.000+0000,11Bct0000051QpKEAU,,,,False,False,Allowed,USD,,Email Security Travel Expense,OrderLineItem,"Services | One Trip, up to 4 days",,,,,,,,Services,Email Security Travel Expense - Services,BU49,Services,,LAY0H1DD00000CWt10,False,False,,True,True,False,Clearswift,8DDA4689-B9FB-ED11-8849-6045BDD9C62D,CS00856,Services,Email Security Travel Expense,,,Email Security,Order Line Only,aAuct000000FmdrCAC,Cyber,Secure Email Gateway,,ES-SEG-NRSE-ESTE,Services,,,One Time,,,,Quantity,,,Non-Recurring Services Sales - Services Expense Reimbursements,RC_45002,License,,,Expense Reimbursement,Invoice,Email Security,Defensive Security,Secure Email Gateway,,1TpaZ00000005nhSAA,,,Cyber,,,False,,False,,,,,,Taxable,,,,With Account,False,,,,True,
True,2026-01-10T08:00:00.000+0000,11Bct0000051QpNEAU,,,,False,False,Allowed,USD,,Email Security Services,OrderLineItem,Per User  | Services | Healthcheck (1 Day Basic Report),,,,,,,,Services,Email Security Services - Services,BU49,Services,,LAYxG1DD00000CWt10,False,False,,True,True,False,Clearswift,"B6BDAB54-2D02-ED11-82E4-0022481F3B0F, 0A47159A-2D02-ED11-82E4-0022481F3B0F, 8D75A094-3C3F-ED11-9DB0-00224826DD9D","CS00849, CS00850, CS00854",Services,Email Security Services,,,Email Security,Order Line Only,aAuct000000FmdrCAC,Cyber,Secure Email Gateway,,ES-SEG-NRST-EMSE,Services,,,One Time,,,,Quantity,,,Non-Recurring Services Sales - Training,RC_45000,Pre Pay Service,,,As Delivered,Deferred,Email Security,Defensive Security,Secure Email Gateway,,1TpaZ00000005nhSAA,,,Cyber,,,False,,False,,,,,,Taxable,,,,With Account,False,,,,True,
True,2026-01-10T08:00:00.000+0000,11BaZ000008qwn5UAA,,,,False,False,Allowed,USD,,Email Security Architect (Services) Per Day,OrderLineItem,Per Day  | Services,,,,,,,,Services,Email Security Architect (Services) Per Day - Services,BU49,Services,,LAYoG1DD00000CWt10,False,False,,True,True,False,Clearswift,0C8B66BC-2B32-EE11-BDF3-6045BDF05170,CS00857,Services,Email Security Architect (Services) Per Day,,,Email Security,Order Line Only,aAuct000000FmdrCAC,Cyber,Secure Email Gateway,,ES-SEG-NRST-ESASPD,Services,,,One Time,,,,Quantity,,,Non-Recurring Services Sales - Training,RC_45000,Pre Pay Service,,,As Delivered,Deferred,Email Security,Defensive Security,Secure Email Gateway,,1TpaZ00000005nhSAA,,,Cyber,,,False,,False,,,,,,Taxable,,,,With Account,False,,,,True,
True,2026-01-10T08:00:00.000+0000,11Bct0000051QpOEAU,,,,False,False,Allowed,USD,,Email Security Training,OrderLineItem,Hours 8 | Services | Lite (up to 8 hours),,,,,,,,Services,Email Security Training - Services,BU49,Services,,LAYzG1DD00000CWt10,False,False,,True,True,False,Clearswift,"5E33CE61-2C02-ED11-82E4-0022481F3B0F, 2DDADB04-2D02-ED11-82E4-0022481F3B0F","CS00851, CS00852",Services,Email Security Training,,,Email Security,Order Line Only,aAuct000000FmdrCAC,Cyber,Secure Email Gateway,,ES-SEG-NRST-EST,Services,,,One Time,,,,Quantity,,,Non-Recurring Services Sales - Training,RC_45000,Pre Pay Service,,,As Delivered,Deferred,Email Security,Defensive Security,Secure Email Gateway,,1TpaZ00000005nhSAA,,,Cyber,,,False,,False,,,,,,Taxable,,,,With Account,False,,,,True,
True,2026-01-09T21:00:00.000+0000,11Bct0000051QpNEAU,,,,False,False,Allowed,USD,,Professional Services Per Day,OrderLineItem,Per Instance  | Services | Agari,,,,,,,,Services,Professional Services Per Day - Services,BU49,Services,,DAYrc1DD00000CWt10,False,False,,True,True,False,Clearswift,"969D3DAE-FC40-EE11-BDF3-000D3A190FE1, 7D9937C8-ADEE-EA11-810E-0050569F6BB1","AG04010, CS00837",Services,Professional Services Per Day,,,Email Security,Order Line Only,aAuct000000FmdrCAC,Cyber,Secure Email Gateway,,ES-SEG-NRST-PSPD,Services,,,One Time,,,,Quantity,,,Non-Recurring Services Sales - Training,RC_45000,Pre Pay Service,,,As Delivered,Deferred,Email Security,Defensive Security,Secure Email Gateway,,1TpaZ00000005nhSAA,,,Cyber,,,False,,False,,,,,,Taxable,,,,With Account,False,,,,True,
True,2026-01-10T08:00:00.000+0000,11Bct0000051QpNEAU,1BPaZ0000000wlZWAQ,,,False,False,Allowed,USD,,Email Security Expert Services,OrderLineItem,Services | Basic - Agari,,,,,,,,Services,Email Security Expert Services - Services,BU49,Services,,LAYvG1DD00000CWt10,False,False,,True,True,False,Clearswift,"8F88B228-6553-EF11-A317-7C1E520211C0, 76D86726-6553-EF11-A317-0022481CE75F, 44324A29-6553-EF11-A317-6045BDFFCB5C, C1D86726-6553-EF11-A317-0022481CE75F, 3335852F-6553-EF11-A317-6045BDFFCB5C, 48324A29-6553-EF11-A317-6045BDFFCB5C","AG05025, AG05026, AG05027, CS06383, CS06384, CS06385",Services,Email Security Expert Services,,,Email Security,Order Line Only,aAuct000000FmdrCAC,Cyber,Secure Email Gateway,,ES-SEG-RSP-EMSES,Services,,,Term Based - Annual,,,,Tier Based,,,Recurring Services Sales - Recurring Professional Services,RC_45004,Recurring Service,,,Spread Even,Deferred,Email Security,Defensive Security,Secure Email Gateway,,1TpaZ00000005nhSAA,,,Cyber,,,False,,False,,,,,,Taxable,,,,With Account,False,,,,True,
True,2026-01-10T08:00:00.000+0000,11Bct0000051QpNEAU,1BPaZ0000000wlZWAQ,,,False,False,Allowed,USD,,Email Security Recurring Services,OrderLineItem,Per User  | Services | Core Services,,,,,,,,Services,Email Security Recurring Services - Services,BU49,Services,,LAYwG1DD00000CWt10,False,False,,True,True,False,Agari,"8D9D3DAE-FC40-EE11-BDF3-000D3A190FE1, 909D3DAE-FC40-EE11-BDF3-000D3A190FE1, 939D3DAE-FC40-EE11-BDF3-000D3A190FE1, 72F635B4-FC40-EE11-BDF3-000D3A190FE1, 799D3DAE-FC40-EE11-BDF3-000D3A190FE1","AG04003, AG04004, AG04005, AG04006, AG04007",Services,Email Security Recurring Services,,,Email Security,Order Line Only,aAuct000000FmdrCAC,Cyber,Secure Email Gateway,,ES-SEG-RSP-ESRS,Services,,,Term Based - Annual,,,,Quantity,,,Recurring Services Sales - Recurring Professional Services,RC_45004,Pre Pay Service,,,Spread Even,Deferred,Email Security,Defensive Security,Secure Email Gateway,,1TpaZ00000005nhSAA,,,Cyber,,,False,,False,,,,,,Taxable,,,,With Account,False,,,,True,
True,2026-01-10T01:00:00.000+0000,11Bct0000051QpMEAU,1BPaZ0000000wlZWAQ,,,False,False,Allowed,USD,,Managed Service For SECURE Email Gateway,OrderLineItem,Users 1-500 | Services,,,,,,,,Services,Managed Service For SECURE Email Gateway - Services,BU49,Services,,LAYgQ1DD00000CWt10,False,False,,True,True,False,Clearswift,"4E119B54-31DB-EA11-810D-0050569F6BB1, 50119B54-31DB-EA11-810D-0050569F6BB1, 52119B54-31DB-EA11-810D-0050569F6BB1, 54119B54-31DB-EA11-810D-0050569F6BB1","CS05267, CS05268, CS05269, CS05270",Services,Managed Service For SECURE Email Gateway,,,Email Security,Order Line Only,aAuct000000FmdrCAC,Cyber,Secure Email Gateway,,ES-SEG-RSP-MSSEG,Services,,,Term Based - Annual,,,,Tier Based,,,Recurring Services Sales - Recurring Professional Services,RC_45004,Recurring Service,,,Spread Even,Deferred,Email Security,Defensive Security,Secure Email Gateway,,1TpaZ00000005nhSAA,,,Cyber,,,False,,False,,,,,,Taxable,,,,With Account,False,,,,True,
True,2026-01-10T18:00:00.000+0000,11Bct0000051QpKEAU,1BPaZ0000000wlZWAQ,,,False,False,Allowed,USD,,Premium Services (12 Months) Basic Cost,OrderLineItem,Services | Clearswift,,,,,,,,Services,Premium Services (12 Months) Basic Cost - Services,BU49,Services,,TAYZ01DD00000CWt10,False,False,,True,True,False,Clearswift,"BFF7E8D6-61FF-EA11-810F-0050569F6BB1, 999D3DAE-FC40-EE11-BDF3-000D3A190FE1, A8D3E010-4FFF-EA11-810F-0050569F6BB1","CS00846, AG04011, CS00843",Services,Premium Services (12 Months) Basic Cost,,,Email Security,Order Line Only,aAuct000000FmdrCAC,Cyber,Secure Email Gateway,,ES-SEG-RSP-PREMS1,Services,,,Term Based - Annual,,,,Tier Based,,,Recurring Services Sales - Recurring Professional Services,RC_45004,Recurring Service,,,Spread Even,Deferred,Email Security,Defensive Security,Secure Email Gateway,,1TpaZ00000005nhSAA,,,Cyber,,,False,,False,,,,,,Taxable,,,,With Account,False,,,,True,
True,2026-01-09T14:00:00.000+0000,11Bct0000051QpKEAU,,,,False,False,Allowed,USD,,Travel & Expenses,OrderLineItem,Services | Training,,,,,,,,Services,Travel & Expenses - Services,BU58,Services,,TAYImxCD00000CWt10,False,False,,True,True,False,File Integrity Monitoring,"01tU00000007SBtIAM, 01tU00000007SC4IAM, 01t4P00000Aa2e6QAB","900989-90, 900999-90, 901090-90",Services,Travel & Expenses,,,File Integrity Monitoring,Order Line Only,aAuct000000FmdsCAC,Cyber,File Integrity Monitoring,,FIM-FIM-NRSE-TRAVEL,Services,,,One Time,,,,Quantity,,,Non-Recurring Services Sales - Services Expense Reimbursements,RC_45002,Post Pay Service,,,Expense Reimbursement,Invoice,File Integrity Monitoring,Defensive Security,File Integrity Monitoring,,1TpaZ00000005nhSAA,,,Cyber,,,False,,False,,,,,,Taxable,,,,With Account,False,,,,True,
True,2026-01-10T15:00:00.000+0000,,,,,False,False,Allowed,USD,,Channel PS Certification Program,OrderLineItem,Services,,,,,,,,Services,Channel PS Certification Program - Services,BU58,Services,,DAYq61DD00000CWt10,False,False,,True,True,False,File Integrity Monitoring,01tU0000001ZxkkIAC,901035-90-JA,Services,Channel PS Certification Program,,,File Integrity Monitoring,Order Line Only,aAuct000000FmdsCAC,Cyber,File Integrity Monitoring,,FIM-FIM-NRST-CPCP,Services,,,One Time,,,,Tier Based,,,Non-Recurring Services Sales - Training,RC_45000,Post Pay Service,,,As Delivered,Deferred,File Integrity Monitoring,Defensive Security,File Integrity Monitoring,,1TpaZ00000005nhSAA,,,Cyber,,,False,,False,,,,,,Taxable,,,,With Account,False,,,,True,
True,2026-01-10T02:00:00.000+0000,,,,,False,False,Allowed,USD,,Implementation Partner Certification Fee,,Services,,,,,,,,Training,Implementation Partner Certification Fee - Services,BU58,Training,,LAYgVwCD00000CWt10,False,False,,True,True,False,File Integrity Monitoring,"01tU00000007SBBIA2, 01tU0000002S80LIAS","900945-90, 900945-90-JA",Services,Implementation Partner Certification Fee,,,File Integrity Monitoring,Order Line Only,aAuct000000FmdsCAC,Cyber,File Integrity Monitoring,,FIM-FIM-NRST-IPCF,Services,,,One Time,,,,Tier Based,,,Non-Recurring Services Sales - Training,RC_45000,Post Pay Service,,,As Delivered,Deferred,File Integrity Monitoring,Defensive Security,File Integrity Monitoring,,1TpaZ00000005nhSAA,,,Cyber,,,False,,False,,,,,,Taxable,,,,With Account,False,,,,True,
True,2026-01-09T11:00:00.000+0000,,,,,False,False,Allowed,USD,,Post-paid Tripwire Services,OrderLineItem,Services,,,,,,,,Services,Post-paid Tripwire Services - Services,BU58,Services,,DAYsp1DD00000CWt10,False,False,,True,True,False,File Integrity Monitoring,"01tU0000000ymFXIAY, 01t4T000000q37GQAQ","901034-90, 901038-90",Services,Post-paid Tripwire Services,,,File Integrity Monitoring,Order Line Only,aAuct000000FmdsCAC,Cyber,File Integrity Monitoring,,FIM-FIM-NRST-POPTSS,Services,,,One Time,,,,Quantity,,,Non-Recurring Services Sales - Training,RC_45000,Post Pay Service,,,As Delivered,Deferred,File Integrity Monitoring,Defensive Security,File Integrity Monitoring,,1TpaZ00000005nhSAA,,,Cyber,,,False,,False,,,,,,Taxable,,,,With Account,False,,,,True,
True,2026-01-09T11:00:00.000+0000,11Bct0000051QpKEAU,,,,False,False,Allowed,USD,,Pre-paid Tripwire Advisory Services,OrderLineItem,Services | 12 Hours,,,,,,,,Services,Pre-paid Tripwire Advisory Services - Services,BU58,Services,,DAYqp1DD00000CWt10,False,False,,True,True,False,File Integrity Monitoring,01t4T000002PefGQAS,900914-99,Services,Pre-paid Tripwire Advisory Services,,,File Integrity Monitoring,Order Line Only,aAuct000000FmdsCAC,Cyber,File Integrity Monitoring,,FIM-FIM-NRST-PPTASS,Services,,,One Time,,,,Tier Based,,,Non-Recurring Services Sales - Training,RC_45000,Pre Pay Service,,,As Delivered,Deferred,File Integrity Monitoring,Defensive Security,File Integrity Monitoring,,1TpaZ00000005nhSAA,,,Cyber,,,False,,False,,,,,,Taxable,,,,With Account,False,,,,True,
True,2026-01-09T21:00:00.000+0000,11Bct0000051QqfEAE,,,,False,False,Allowed,USD,,Pre-paid Tripwire Services,OrderLineItem,Per Day  | Services | Tier 1 Consultant Services (per day),,,,,,,,Services,Pre-paid Tripwire Services - Services,BU58,Services,,DAYgc1DD00000CWt10,False,False,,True,True,False,File Integrity Monitoring,"01t4T0000007DaoQAE, 01t4T0000007DapQAE, 01t4T000001IlQ3QAK, 01t4T0000008xXhQAI, 01t4T0000008xXgQAI","900912-99, 900940-99, 900950-99, 901098-99, 901099-99",Services,Pre-paid Tripwire Services,,,File Integrity Monitoring,Order Line Only,aAuct000000FmdsCAC,Cyber,File Integrity Monitoring,,FIM-FIM-NRST-PPTSS,Services,,,One Time,,,,Tier Based,,,Non-Recurring Services Sales - Training,RC_45000,Pre Pay Service,,,As Delivered,Deferred,File Integrity Monitoring,Defensive Security,File Integrity Monitoring,,1TpaZ00000005nhSAA,Bundle,,Cyber,,,False,,False,,,,,,Taxable,,,,With Account,False,,,,True,
True,2026-01-09T21:00:00.000+0000,11Bct0000051QpOEAU,,,,False,False,Allowed,USD,,Pre-paid Tripwire Training,,Per User  | Services | Public,,,,,,,,Training,Pre-paid Tripwire Training - Services,BU58,Training,,DAYhc1DD00000CWt10,False,False,,True,True,False,File Integrity Monitoring,"01tU00000007SB9IAM, 01t4T0000007Db5QAE, 01tU0000000yqzNIAQ, 01t4T000002PrZuQAK, 01t4T000002PrZvQAK, 01t4T000002PrZwQAK, 01t4T000002PrZxQAK, 01t4T000002PrZyQAK, 01t4T000002PrZzQAK, 01tU00000007SBuIAM, 01t4T0000008xXiQAI","900943-99, 900994-99, 901035-99, 901106-99, 901107-99, 901108-99, 901109-99, 901110-99, 901111-99, 900990-90, 900990-99",Services,Pre-paid Tripwire Training,,,File Integrity Monitoring,Order Line Only,aAuct000000FmdsCAC,Cyber,File Integrity Monitoring,,FIM-FIM-NRST-PPTTS,Services,,,One Time,,,,Tier Based,,,Non-Recurring Services Sales - Training,RC_45000,Pre Pay Service,,,As Delivered,Deferred,File Integrity Monitoring,Defensive Security,File Integrity Monitoring,,1TpaZ00000005nhSAA,Bundle,,Cyber,,,False,,False,,,,,,Taxable,,,,With Account,False,,,,True,
True,2026-01-09T10:00:00.000+0000,,,,,False,False,Allowed,USD,,Tripwire Managed Services - Consulting Services,,Services,,,,,,,,Services,Tripwire Managed Services - Consulting Services - Services,BU58,Services,,DAY3u1DD00000CWt10,False,False,,True,True,False,File Integrity Monitoring,01t0B000003NW0cQAG,920010-90,Services,Tripwire Managed Services - Consulting Services,,,File Integrity Monitoring,Order Line Only,aAuct000000FmdsCAC,Cyber,File Integrity Monitoring,,FIM-FIM-NRST-TMSCSS,Services,,,One Time,,,,1 Each,,,Non-Recurring Services Sales - Training,RC_45000,License,,,As Delivered,Deferred,File Integrity Monitoring,Defensive Security,File Integrity Monitoring,,1TpaZ00000005nhSAA,,,Cyber,,,False,,False,,,,,,Taxable,,,,With Account,False,,,,True,
True,2026-01-09T11:00:00.000+0000,11Bct0000051QpNEAU,,,,False,False,Allowed,USD,,Tripwire Training,,Services | TE Foundation and Advanced Self-study,,,,,,,,Training,Tripwire Training - Services,BU58,Training,,DAYup1DD00000CWt10,False,False,,True,True,False,File Integrity Monitoring,"01tU00000034fNMIAY, 01tU00000034fNRIAY, 01tU00000007SC1IAM, 01tU0000000yCnhIAE, 01tU00000035gRbIAI, 01t4T000002PrZqQAK, 01t4T000002PrZrQAK, 01t4T000002PrZsQAK, 01t4T000002PrZtQAK, 01tU00000034fNTIAY","901082-90, 901087-90, 900994-90, 900995-90, 901087-90-JA, 901106-90, 901107-90, 901108-90, 901109-90, 905016-90",Services,Tripwire Training,,,File Integrity Monitoring,Order Line Only,aAuct000000FmdsCAC,Cyber,File Integrity Monitoring,,FIM-FIM-NRST-TRTR,Services,,,One Time,,,,Tier Based,,,Non-Recurring Services Sales - Training,RC_45000,Post Pay Service,,,As Delivered,Deferred,File Integrity Monitoring,Defensive Security,File Integrity Monitoring,,1TpaZ00000005nhSAA,,,Cyber,,,False,,False,,,,,,Taxable,,,,With Account,False,,,,True,
True,2026-01-09T10:00:00.000+0000,11Bct0000051QpKEAU,,,,False,False,Allowed,USD,,Tripwire Services (Custom Fixed fee),,Services | Pen Testing,,,,,,,,Services,Tripwire Services (Custom Fixed fee) - Services,BU58,Services,,TAYVt1DD00000CWt10,False,False,,True,True,False,File Integrity Monitoring,01t0B000003MnReQAK,901099-90,Services,Tripwire Services (Custom Fixed fee),,,File Integrity Monitoring,Order Line Only,aAuct000000FmdsCAC,Cyber,File Integrity Monitoring,,FIM-FIM-NRST-TSCFF,Services,,,One Time,,,,Tier Based,,,Non-Recurring Services Sales - Training,RC_45000,Post Pay Service,,,As Delivered,Deferred,File Integrity Monitoring,Defensive Security,File Integrity Monitoring,,1TpaZ00000005nhSAA,,,Cyber,,,False,,False,,,,,,Taxable,,,,With Account,False,,,,True,
True,2026-01-09T10:00:00.000+0000,11Bct0000051QqpEAE,,,,False,False,Allowed,USD,,"Tripwire Services (per day, T&E add'l)",,Per Day  | Services | Tier 1 Consultant Services (per day),,,,,,,,Services,"Tripwire Services (per day, T&E add'l) - Services",BU58,Services,,TAYWt1DD00000CWt10,False,False,,True,True,False,File Integrity Monitoring,"01tU00000007SAxIAM, 01tU00000007SAyIAM, 01tU00000007SB6IAM, 01t4T000001IlQ2QAK","900912-90, 900912-90-JA, 900940-90, 900950-90",Services,"Tripwire Services (per day, T&E add'l)",,,File Integrity Monitoring,Order Line Only,aAuct000000FmdsCAC,Cyber,File Integrity Monitoring,,FIM-FIM-NRST-TSPDTE,Services,,,One Time,,,,Tier Based,,,Non-Recurring Services Sales - Training,RC_45000,Post Pay Service,,,As Delivered,Deferred,File Integrity Monitoring,Defensive Security,File Integrity Monitoring,,1TpaZ00000005nhSAA,Bundle,,Cyber,,,False,,False,,,,,,Taxable,,,,With Account,False,,,,True,
True,2026-01-09T21:00:00.000+0000,11Bct0000051QpKEAU,1BPaZ0000000wlZWAQ,,,False,False,Allowed,USD,,Pre-paid Tripwire Advisory Recurring Services,OrderLineItem,Services | 4hrs/month,,,,,,,,Services,Pre-paid Tripwire Advisory Recurring Services - Services,BU58,Services,,DAYcc1DD00000CWt10,False,False,,True,True,False,File Integrity Monitoring,"01tDp000001ZrU4IAK, 01tDp000001ZrU5IAK","900915-991, 900915-993",Services,Pre-paid Tripwire Advisory Recurring Services,,,File Integrity Monitoring,Order Line Only,aAuct000000FmdsCAC,Cyber,File Integrity Monitoring,,FIM-FIM-RSP-PPTARS,Services,,,Term Based - Annual,,,,Tier Based,,,Recurring Services Sales - Recurring Professional Services,RC_45004,Recurring Service,,,Spread Even,Deferred,File Integrity Monitoring,Defensive Security,File Integrity Monitoring,,1TpaZ00000005nhSAA,,,Cyber,,,False,,False,,,,,,Taxable,,,,With Account,False,,,,True,
True,2026-01-09T21:00:00.000+0000,11Bct0000051QpKEAU,1BPaZ0000000wlZWAQ,,,False,False,Allowed,USD,,Pre-paid Tripwire Resident Engineer (Remote) - Renewal,OrderLineItem,Services | Part Time,,,,,,,,Services,Pre-paid Tripwire Resident Engineer (Remote) - Renewal - Services,BU58,Services,,DAYfc1DD00000CWt10,False,False,,True,True,False,File Integrity Monitoring,01t4P00000AaDpfQAF,901092-993,Services,Pre-paid Tripwire Resident Engineer (Remote) - Renewal,,,File Integrity Monitoring,Order Line Only,aAuct000000FmdsCAC,Cyber,File Integrity Monitoring,,FIM-FIM-RSP-PPTRERRS,Services,,,Term Based - Annual,,,,Tier Based,,,Recurring Services Sales - Recurring Professional Services,RC_45004,Recurring Service,,,Spread Even,Deferred,File Integrity Monitoring,Defensive Security,File Integrity Monitoring,,1TpaZ00000005nhSAA,,,Cyber,,,False,,False,,,,,,Taxable,,,,With Account,False,,,,True,
True,2026-01-09T21:00:00.000+0000,11Bct0000051QpKEAU,1BPaZ0000000wlZWAQ,,,False,False,Allowed,USD,,Pre-paid Tripwire Resident Engineer (Remote),OrderLineItem,Services | Part Time,,,,,,,,Services,Pre-paid Tripwire Resident Engineer (Remote) - Services,BU58,Services,,DAYec1DD00000CWt10,False,False,,True,True,False,File Integrity Monitoring,01t4P00000AaDpeQAF,901092-991,Services,Pre-paid Tripwire Resident Engineer (Remote),,,File Integrity Monitoring,Order Line Only,aAuct000000FmdsCAC,Cyber,File Integrity Monitoring,,FIM-FIM-RSP-PPTRERS,Services,,,Term Based - Annual,,,,Tier Based,,,Recurring Services Sales - Recurring Professional Services,RC_45004,Recurring Service,,,Spread Even,Deferred,File Integrity Monitoring,Defensive Security,File Integrity Monitoring,,1TpaZ00000005nhSAA,,,Cyber,,,False,,False,,,,,,Taxable,,,,With Account,False,,,,True,
True,2026-01-09T21:00:00.000+0000,11Bct0000051QpKEAU,1BPaZ0000000wlZWAQ,,,False,False,Allowed,USD,,Pre-paid Tripwire Resident Engineer,OrderLineItem,Services | Full Time,,,,,,,,Services,Pre-paid Tripwire Resident Engineer - Services,BU58,Services,,DAYdc1DD00000CWt10,False,False,,True,True,False,File Integrity Monitoring,"01t4T0000007DaqQAE, 01t4T0000007DarQAE","901090-991, 901090-993",Services,Pre-paid Tripwire Resident Engineer,,,File Integrity Monitoring,Order Line Only,aAuct000000FmdsCAC,Cyber,File Integrity Monitoring,,FIM-FIM-RSP-PPTRES,Services,,,Term Based - Annual,,,,Tier Based,,,Recurring Services Sales - Recurring Professional Services,RC_45004,Recurring Service,,,Spread Even,Deferred,File Integrity Monitoring,Defensive Security,File Integrity Monitoring,,1TpaZ00000005nhSAA,,,Cyber,,,False,,False,,,,,,Taxable,,,,With Account,False,,,,True,
True,2026-01-09T12:00:00.000+0000,11BaZ000008qwmwUAA,1BPaZ0000000wlZWAQ,,,False,False,Allowed,USD,,Tripwire ExpertOps - Base Fee,,Services | Hosted,,,,,,,,Services,Tripwire ExpertOps - Base Fee - Services,BU58,Services,,DAYfn1DD00000CWt10,False,False,,True,True,False,File Integrity Monitoring,"01t4T000002qfB8QAI, 01t4T000002qfBBQAY, 01t4T000002qfB9QAI, 01t4T000002qfBCQAY, 01t4T000002qfBAQAY, 01t4T000002qfBDQAY, 01t0B000007jSHbQAM, 01t4T000001J0emQAC, 01t4T0000009J3mQAE, 01t4T000001J0enQAC, 01t4T000001J0epQAC","902627-91, 902627-93, 902628-91, 902628-93, 902629-91, 902629-93, 902519-91, 902609-93, 902610-91, 902610-93, 902612-93",Services,Tripwire ExpertOps - Base Fee,,,File Integrity Monitoring,Order Line Only,aAuct000000FmdsCAC,Cyber,File Integrity Monitoring,,FIM-FIM-RSP-TEBFS,Services,,,Term Based - Annual,,,,Tier Based,,,Recurring Services Sales - Recurring Professional Services,RC_45004,Recurring Service,,,Spread Even,Deferred,File Integrity Monitoring,Defensive Security,File Integrity Monitoring,,1TpaZ00000005nhSAA,,,Cyber,,,False,,False,,,,,,Taxable,,,,With Account,False,,,,True,
True,2026-01-09T14:00:00.000+0000,11Bct0000051QpKEAU,,,,False,False,Allowed,USD,,Technical Account Manager,OrderLineItem,Services | 1/7,,,,,,,,Services,Technical Account Manager - Services,BU58,Services,,TAYRlxCD00000CWt10,False,False,,True,True,False,File Integrity Monitoring,"01tU0000001UsNzIAK, 01tU0000001UsO4IAK, 01tU0000001UsO9IAK, 01tU0000001UsOEIA0, 01tU0000001UsOOIA0, 01tU0000001UsOTIA0","901040-91, 901040-93, 901041-91, 901041-93, 901042-91, 901042-93",Services,Technical Account Manager,,,File Integrity Monitoring,Order Line Only,aAuct000000FmdsCAC,Cyber,File Integrity Monitoring,,FIM-FIM-RSP-TECHNI,Services,,,One Time,,,,Tier Based,,,Recurring Services Sales - Recurring Professional Services,RC_45004,Recurring Service,,,Spread Even,Deferred,File Integrity Monitoring,Defensive Security,File Integrity Monitoring,,1TpaZ00000005nhSAA,,,Cyber,,,False,,False,,,,,,Taxable,,,,With Account,False,,,,True,
True,2026-01-09T12:00:00.000+0000,11Bct0000051QpNEAU,1BPaZ0000000wlZWAQ,,,False,False,Allowed,USD,,Tripwire ExpertOps FIM & SCM for Non-Servers,,Per Node  | Services | Hosted Tier Subscription,,,,,,,,Services,Tripwire ExpertOps FIM & SCM for Non-Servers - Services,BU58,Services,,DAYin1DD00000CWt10,False,True,,True,True,False,File Integrity Monitoring,"01t4T000002qfBJQAY, 01t4T000002qfBKQAY, 01t4T000002qfBLQAY, 01t4T000002qfBMQAY, 01t4T000002qfBZQAY, 01t4T000002qfBaQAI, 01t4T000002qfBbQAI, 01t4T000002qfBcQAI, 01t4T000002qfBpQAI, 01t4T000002qfBqQAI, 01t4T000002qfBrQAI, 01t4T000002qfBsQAI, 01t4T000002qfC5QAI, 01t4T000002qfC6QAI, 01t4T000002qfC7QAI, 01t4T000002qfC8QAI, 01t4T000002qfCLQAY, 01t4T000002qfCMQAY, 01t4T000002qfCNQAY, 01t4T000002qfCOQAY","902633-91, 902633-93, 902634-91, 902634-93, 902641-91, 902641-93, 902642-91, 902642-93, 902649-91, 902649-93, 902650-91, 902650-93, 902657-91, 902657-93, 902658-91, 902658-93, 902665-91, 902665-93, 902666-91, 902666-93",Services,Tripwire ExpertOps FIM & SCM for Non-Servers,,,File Integrity Monitoring,Order Line Only,aAuct000000FmdsCAC,Cyber,File Integrity Monitoring,,FIM-FIM-RSP-TEFSFNSS,Services,,,Term Based - Annual,,,,Tier Based,,,Recurring Services Sales - Recurring Professional Services,RC_45004,Recurring Service,,,Spread Even,Deferred,File Integrity Monitoring,Defensive Security,File Integrity Monitoring,,1TpaZ00000005nhSAA,,,Cyber,,,False,,False,,,,,,Taxable,,,,With Account,False,,,,True,
True,2026-01-09T10:00:00.000+0000,11BaZ000008qwmwUAA,1BPaZ0000000wlZWAQ,,,False,False,Allowed,USD,,Tripwire ExportOps - Node Fee,,Services | Server,,,,,,,,Services,Tripwire ExportOps - Node Fee - Services,BU58,Services,,DAYnt1DD00000CWt10,False,False,,True,True,False,File Integrity Monitoring,"01t0B000007OQniQAG, 01t4T000001J0f3QAC, 01t0B000007OQnkQAG, 01t4T000001J0f5QAC, 01t0B000007OQnlQAG, 01t4T000001J0f6QAC","902509-91, 902509-93, 902511-91, 902511-93, 902512-91, 902512-93",Services,Tripwire ExportOps - Node Fee,,,File Integrity Monitoring,Order Line Only,aAuct000000FmdsCAC,Cyber,File Integrity Monitoring,,FIM-FIM-RSP-TENFS,Services,,,Term Based - Annual,,,,1 Each,,,Recurring Services Sales - Recurring Professional Services,RC_45004,Recurring Service,,,Spread Even,Deferred,File Integrity Monitoring,Defensive Security,File Integrity Monitoring,,1TpaZ00000005nhSAA,,,Cyber,,,False,,False,,,,,,Taxable,,,,With Account,False,,,,True,
True,2026-01-09T12:00:00.000+0000,,1BPaZ0000000wlZWAQ,,,False,False,Allowed,USD,,Tripwire ExpertOps Non-transferable Unlimited Use Fee,,Services,,,,,,,,Services,Tripwire ExpertOps Non-transferable Unlimited Use Fee - Services,BU58,Services,,DAYln1DD00000CWt10,False,False,,True,True,False,File Integrity Monitoring,"01t4P00000AZY1GQAX, 01t4T000001J0dzQAC","201004-91, 201004-93",Services,Tripwire ExpertOps Non-transferable Unlimited Use Fee,,,File Integrity Monitoring,Order Line Only,aAuct000000FmdsCAC,Cyber,File Integrity Monitoring,,FIM-FIM-RSP-TENTUUFS,Services,,,Term Based - Annual,,,,Tier Based,,,Recurring Services Sales - Recurring Professional Services,RC_45004,Recurring Service,,,Spread Even,Deferred,File Integrity Monitoring,Defensive Security,File Integrity Monitoring,,1TpaZ00000005nhSAA,,,Cyber,,,False,,False,,,,,,Taxable,,,,With Account,False,,,,True,
True,2026-01-09T12:00:00.000+0000,11BaZ000008qwn5UAA,1BPaZ0000000wlZWAQ,,,False,False,Allowed,USD,,Tripwire ExpertOps FIM & SCM Additional Console,,Per Device  | Services,,,,,,,,Services,Tripwire ExpertOps FIM & SCM Additional Console - Services,BU58,Services,,DAYgn1DD00000CWt10,False,False,,True,True,False,File Integrity Monitoring,01t4T000002qfBEQAY,902630-91,Services,Tripwire ExpertOps FIM & SCM Additional Console,,,File Integrity Monitoring,Order Line Only,aAuct000000FmdsCAC,Cyber,File Integrity Monitoring,,FIM-FIM-RSP-TEOFSA,Services,,,Term Based - Annual,,,,Quantity,,,Recurring Services Sales - Recurring Professional Services,RC_45004,Recurring Service,,,Spread Even,Deferred,File Integrity Monitoring,Defensive Security,File Integrity Monitoring,,1TpaZ00000005nhSAA,,,Cyber,,,False,,False,,,,,,Taxable,,,,With Account,False,,,,True,
True,2026-01-09T12:00:00.000+0000,11Bct0000051QpNEAU,1BPaZ0000000wlZWAQ,,,False,False,Allowed,USD,,Tripwire ExpertOps FIM & SCM for Desktop,,Per Node  | Services | Hosted Tier Subscription,,,,,,,,Services,Tripwire ExpertOps FIM & SCM for Desktop - Services,BU58,Services,,DAYhn1DD00000CWt10,False,True,,True,True,False,File Integrity Monitoring,"01t4T000002qfBNQAY, 01t4T000002qfBOQAY, 01t4T000002qfBPQAY, 01t4T000002qfBQQAY, 01t4T000002qfBdQAI, 01t4T000002qfBeQAI, 01t4T000002qfBfQAI, 01t4T000002qfBgQAI, 01t4T000002qfBtQAI, 01t4T000002qfBuQAI, 01t4T000002qfBvQAI, 01t4T000002qfBwQAI, 01t4T000002qfC9QAI, 01t4T000002qfCAQAY, 01t4T000002qfCBQAY, 01t4T000002qfCCQAY, 01t4T000002qfCPQAY, 01t4T000002qfCQQAY, 01t4T000002qfCRQAY, 01t4T000002qfCSQAY","902635-91, 902635-93, 902636-91, 902636-93, 902643-91, 902643-93, 902644-91, 902644-93, 902651-91, 902651-93, 902652-91, 902652-93, 902659-91, 902659-93, 902660-91, 902660-93, 902667-91, 902667-93, 902668-91, 902668-93",Services,Tripwire ExpertOps FIM & SCM for Desktop,,,File Integrity Monitoring,Order Line Only,aAuct000000FmdsCAC,Cyber,File Integrity Monitoring,,FIM-FIM-RSP-TEOFSD,Services,,,Term Based - Annual,,,,Tier Based,,,Recurring Services Sales - Recurring Professional Services,RC_45004,Recurring Service,,,Spread Even,Deferred,File Integrity Monitoring,Defensive Security,File Integrity Monitoring,,1TpaZ00000005nhSAA,,,Cyber,,,False,,False,,,,,,Taxable,,,,With Account,False,,,,True,
True,2026-01-09T12:00:00.000+0000,11Bct0000051QpNEAU,1BPaZ0000000wlZWAQ,,,False,False,Allowed,USD,,Tripwire ExpertOps FIM & SCM for Servers,,Per Node  | Services | Hosted Tier Subscription,,,,,,,,Services,Tripwire ExpertOps FIM & SCM for Servers - Services,BU58,Services,,DAYkn1DD00000CWt10,False,True,,True,True,False,File Integrity Monitoring,"01t4T000002qfBFQAY, 01t4T000002qfBGQAY, 01t4T000002qfBHQAY, 01t4T000002qfBIQAY, 01t4T000002qfBVQAY, 01t4T000002qfBWQAY, 01t4T000002qfBXQAY, 01t4T000002qfBYQAY, 01t4T000002qfBlQAI, 01t4T000002qfBmQAI, 01t4T000002qfBnQAI, 01t4T000002qfBoQAI, 01t4T000002qfC1QAI, 01t4T000002qfC2QAI, 01t4T000002qfC3QAI, 01t4T000002qfC4QAI, 01t4T000002qfCHQAY, 01t4T000002qfCIQAY, 01t4T000002qfCJQAY, 01t4T000002qfCKQAY","902631-91, 902631-93, 902632-91, 902632-93, 902639-91, 902639-93, 902640-91, 902640-93, 902647-91, 902647-93, 902648-91, 902648-93, 902655-91, 902655-93, 902656-91, 902656-93, 902663-91, 902663-93, 902664-91, 902664-93",Services,Tripwire ExpertOps FIM & SCM for Servers,,,File Integrity Monitoring,Order Line Only,aAuct000000FmdsCAC,Cyber,File Integrity Monitoring,,FIM-FIM-RSP-TEOFSS,Services,,,Term Based - Annual,,,,Tier Based,,,Recurring Services Sales - Recurring Professional Services,RC_45004,Recurring Service,,,Spread Even,Deferred,File Integrity Monitoring,Defensive Security,File Integrity Monitoring,,1TpaZ00000005nhSAA,,,Cyber,,,False,,False,,,,,,Taxable,,,,With Account,False,,,,True,
True,2026-01-09T12:00:00.000+0000,11Bct0000051QpNEAU,1BPaZ0000000wlZWAQ,,,False,False,Allowed,USD,,Tripwire ExpertOps FIM & SCM for Retail,,Per Node  | Services | Hosted Tier Subscription,,,,,,,,Services,Tripwire ExpertOps FIM & SCM for Retail - Services,BU58,Services,,DAYjn1DD00000CWt10,False,True,,True,True,False,File Integrity Monitoring,"01t4T000002qfBRQAY, 01t4T000002qfBSQAY, 01t4T000002qfBTQAY, 01t4T000002qfBUQAY, 01t4T000002qfBhQAI, 01t4T000002qfBiQAI, 01t4T000002qfBjQAI, 01t4T000002qfBkQAI, 01t4T000002qfBxQAI, 01t4T000002qfByQAI, 01t4T000002qfBzQAI, 01t4T000002qfC0QAI, 01t4T000002qfCDQAY, 01t4T000002qfCEQAY, 01t4T000002qfCFQAY, 01t4T000002qfCGQAY, 01t4T000002qfCTQAY, 01t4T000002qfCUQAY, 01t4T000002qfCVQAY, 01t4T000002qfCWQAY","902637-91, 902637-93, 902638-91, 902638-93, 902645-91, 902645-93, 902646-91, 902646-93, 902653-91, 902653-93, 902654-91, 902654-93, 902661-91, 902661-93, 902662-91, 902662-93, 902669-91, 902669-93, 902670-91, 902670-93",Services,Tripwire ExpertOps FIM & SCM for Retail,,,File Integrity Monitoring,Order Line Only,aAuct000000FmdsCAC,Cyber,File Integrity Monitoring,,FIM-FIM-RSP-TEPFSRS,Services,,,Term Based - Annual,,,,Tier Based,,,Recurring Services Sales - Recurring Professional Services,RC_45004,Recurring Service,,,Spread Even,Deferred,File Integrity Monitoring,Defensive Security,File Integrity Monitoring,,1TpaZ00000005nhSAA,,,Cyber,,,False,,False,,,,,,Taxable,,,,With Account,False,,,,True,
True,2026-01-09T10:00:00.000+0000,,1BPaZ0000000wlZWAQ,,,False,False,Allowed,USD,,Tripwire ExpertOps VM - IP Fee,,Services,,,,,,,,Services,Tripwire ExpertOps VM - IP Fee - Services,BU58,Services,,DAYot1DD00000CWt10,False,False,,True,True,False,File Integrity Monitoring,01t4T000001J0fBQAS,902529-93,Services,Tripwire ExpertOps VM - IP Fee,,,File Integrity Monitoring,Order Line Only,aAuct000000FmdsCAC,Cyber,File Integrity Monitoring,,FIM-FIM-RSP-TEVIFS,Services,,,Term Based - Annual,,,,1 Each,,,Recurring Services Sales - Recurring Professional Services,RC_45004,Recurring Service,,,Spread Even,Deferred,File Integrity Monitoring,Defensive Security,File Integrity Monitoring,,1TpaZ00000005nhSAA,,,Cyber,,,False,,False,,,,,,Taxable,,,,With Account,False,,,,True,
True,2026-01-09T10:00:00.000+0000,11Bct0000051QpKEAU,1BPaZ0000000wlZWAQ,,,False,False,Allowed,USD,,Tripwire Resident Engineer,,Services | Full Time,,,,,,,,Services,Tripwire Resident Engineer - Services,BU58,Services,,TAYUt1DD00000CWt10,False,False,,True,True,False,File Integrity Monitoring,"01t0B000002E7WzQAK, 01t4P00000AaDpcQAF, 01t4P00000AaDpdQAF, 01t0B000002E7X0QAK, 01t0B000003XiLdQAK, 01t0B000003XiMhQAK","901090-91, 901092-91, 901092-93, 901090-93, 901091-91, 901091-93",Services,Tripwire Resident Engineer,,,File Integrity Monitoring,Order Line Only,aAuct000000FmdsCAC,Cyber,File Integrity Monitoring,,FIM-FIM-RSP-TRE,Services,,,Term Based - Annual,,,,Tier Based,,,Recurring Services Sales - Recurring Professional Services,RC_45004,Recurring Service,,,Spread Even,Deferred,File Integrity Monitoring,Defensive Security,File Integrity Monitoring,,1TpaZ00000005nhSAA,,,Cyber,,,False,,False,,,,,,Taxable,,,,With Account,False,,,,True,
True,2026-01-09T10:00:00.000+0000,,,,,False,False,Allowed,USD,,TW Advisory Services 4hrs/month,,Services,,,,,,,,Services,TW Advisory Services 4hrs/month - Services,BU58,Services,,DAYtt1DD00000CWt10,False,False,,True,True,False,File Integrity Monitoring,"01tDp000001ZrU6IAK, 01tDp000001ZrU7IAK","900915-90-JA, 900915-93-JA",Services,TW Advisory Services 4hrs/month,,,File Integrity Monitoring,Order Line Only,aAuct000000FmdsCAC,Cyber,File Integrity Monitoring,,FIM-FIM-RSP-TWTAS4,Services,,,One Time,,,,Tier Based,,,Recurring Services Sales - Recurring Professional Services,RC_45004,Recurring Service,,,Spread Even,Deferred,File Integrity Monitoring,Defensive Security,File Integrity Monitoring,,1TpaZ00000005nhSAA,,,Cyber,,,False,,False,,,,,,Taxable,,,,With Account,False,,,,True,
True,2026-01-09T12:00:00.000+0000,11Bct0000051QpLEAU,1BPaZ0000000wlZWAQ,,,False,False,Allowed,USD,,Tripwire ExpertOps Remote Operations,OrderLineItem,Services | Managed Services,,,,,,,,Services,Tripwire ExpertOps Remote Operations - Services,BU58,Services,,DAYmn1DD00000CWt10,False,False,,True,True,False,File Integrity Monitoring,"01tU00000034fXzIAI, 01tU00000034fY6IAI","902158-93, 902165-93",Services,Tripwire ExpertOps Remote Operations,,,File Integrity Monitoring,Order Line Only,aAuct000000FmdsCAC,Cyber,FIM Legacy,,FIM-FML-RSP-TEORO,Services,,,Term Based - Annual,,,,Tier Based,,,Recurring Services Sales - Recurring Professional Services,RC_45004,Recurring Service,,,Spread Even,Deferred,File Integrity Monitoring,Defensive Security,FIM Legacy,,1TpaZ00000005nhSAA,,,Cyber,,,False,,False,,,,,,Taxable,,,,With Account,False,,,,True,
True,2026-01-09T12:00:00.000+0000,11Bct0000051QpLEAU,1BPaZ0000000wlZWAQ,,,False,False,Allowed,USD,,Tripwire ExpertOps Remote Operations Advanced,OrderLineItem,Services | Managed Services,,,,,,,,Services,Tripwire ExpertOps Remote Operations Advanced - Services,BU58,Services,,DAYnn1DD00000CWt10,False,False,,True,True,False,File Integrity Monitoring,"01t0B000004wDy4QAE, 01t0B000004wDyJQAU, 01t0B000004wDyaQAE, 01t0B000004wDyeQAE","902195-93, 902200-93, 902207-93, 902211-93",Services,Tripwire ExpertOps Remote Operations Advanced,,,File Integrity Monitoring,Order Line Only,aAuct000000FmdsCAC,Cyber,FIM Legacy,,FIM-FML-RSP-TEOROA,Services,,,Term Based - Annual,,,,Tier Based,,,Recurring Services Sales - Recurring Professional Services,RC_45004,Recurring Service,,,Spread Even,Deferred,File Integrity Monitoring,Defensive Security,FIM Legacy,,1TpaZ00000005nhSAA,,,Cyber,,,False,,False,,,,,,Taxable,,,,With Account,False,,,,True,
True,2026-01-09T10:00:00.000+0000,,1BPaZ0000000wlZWAQ,,,False,False,Allowed,USD,,Tripwire Remote Operations,OrderLineItem,Services,,,,,,,,Services,Tripwire Remote Operations - Services,BU58,Services,,TAYTt1DD00000CWt10,False,False,,True,True,False,File Integrity Monitoring,01tU00000007SCLIA2,901015-93,Services,Tripwire Remote Operations,,,File Integrity Monitoring,Order Line Only,aAuct000000FmdsCAC,Cyber,FIM Legacy,,FIM-FML-RSP-TRO,Services,,,Term Based - Annual,,,,Tier Based,,,Recurring Services Sales - Recurring Professional Services,RC_45004,Recurring Service,,,Spread Even,Deferred,File Integrity Monitoring,Defensive Security,FIM Legacy,,1TpaZ00000005nhSAA,,,Cyber,,,False,,False,,,,,,Taxable,,,,With Account,False,,,,True,
True,2026-01-10T07:00:00.000+0000,11Bct0000051QpNEAU,,,,False,False,Allowed,USD,,FileCatalyst Services,OrderLineItem,Per Hour  | Services | Hourly - On Demand Consulting,,,,,,,,Services,FileCatalyst Services - Services,BU56,Services,,1AYPJ1DD00000CWt10,False,False,,True,True,False,Linoma,2AA6FF9C-D788-EB11-8115-0050569F6BB1,FC08047,Services,FileCatalyst Services,,,GoAnywhere,Order Line Only,aAuct000000FmdwCAC,Tech,FileCatalyst,,GOA-FIL-NRST-FCS,Services,,,One Time,,,,Quantity,,,Non-Recurring Services Sales - Training,RC_45000,Pre Pay Service,,,As Delivered,Deferred,GoAnywhere,Managed File Transfer,FileCatalyst,,1TpaZ00000005nhSAA,,,Tech,,,False,,False,,,,,,Taxable,,,,With Account,False,,,,True,
True,2026-01-10T07:00:00.000+0000,11Bct0000051Qq7EAE,,,,False,False,Allowed,USD,,FileCatalyst Direct Services,OrderLineItem,Services | Quickstart | Direct,,,,,,,,Services,FileCatalyst Direct Services - Services,BU56,Services,,1AYAJ1DD00000CWt10,False,False,,True,True,False,Linoma,"BDE51445-BFF6-EB11-811A-0050569F6BB1, C3E51445-BFF6-EB11-811A-0050569F6BB1, F5E51445-BFF6-EB11-811A-0050569F6BB1, C9E51445-BFF6-EB11-811A-0050569F6BB1, C5DBD440-8567-EE11-9AE7-6045BDD9C62D","FC09014, FC09017, FC09020, FC09023, FC09101",Services,FileCatalyst Direct Services,,,GoAnywhere,Order Line Only,aAuct000000FmdwCAC,Tech,FileCatalyst,,GOA-FIL-NRST-FICA,Services,,,One Time,,,,1 Each,,,Non-Recurring Services Sales - Training,RC_45000,Pre Pay Service,,,As Delivered,Deferred,GoAnywhere,Managed File Transfer,FileCatalyst,,1TpaZ00000005nhSAA,,,Tech,,,False,,False,,,,,,Taxable,,,,With Account,False,,,,True,
True,2026-01-10T07:00:00.000+0000,11Bct0000051Qq7EAE,,,,False,False,Allowed,USD,,FileCatalyst Workflow Services,OrderLineItem,Services | Quickstart | Workflow,,,,,,,,Services,FileCatalyst Workflow Services - Services,BU56,Services,,LAYcJ1DD00000CWt10,False,False,,True,True,False,Linoma,"BFE51445-BFF6-EB11-811A-0050569F6BB1, C5E51445-BFF6-EB11-811A-0050569F6BB1, F9E51445-BFF6-EB11-811A-0050569F6BB1, CBE51445-BFF6-EB11-811A-0050569F6BB1","FC09015, FC09018, FC09022, FC09024",Services,FileCatalyst Workflow Services,,,GoAnywhere,Order Line Only,aAuct000000FmdwCAC,Tech,FileCatalyst,,GOA-FIL-NRST-FIWS,Services,,,One Time,,,,1 Each,,,Non-Recurring Services Sales - Training,RC_45000,Pre Pay Service,,,As Delivered,Deferred,GoAnywhere,Managed File Transfer,FileCatalyst,,1TpaZ00000005nhSAA,,,Tech,,,False,,False,,,,,,Taxable,,,,With Account,False,,,,True,
True,2026-01-10T07:00:00.000+0000,11Bct0000051Qq7EAE,,,,False,False,Allowed,USD,,FileCatalyst Central Services,OrderLineItem,Services | Quickstart | Central,,,,,,,,Services,FileCatalyst Central Services - Services,BU56,Services,,LAYrI1DD00000CWt10,False,False,,True,True,False,Linoma,"C1E51445-BFF6-EB11-811A-0050569F6BB1, C7E51445-BFF6-EB11-811A-0050569F6BB1, F7E51445-BFF6-EB11-811A-0050569F6BB1, CDE51445-BFF6-EB11-811A-0050569F6BB1","FC09016, FC09019, FC09021, FC09025",Services,FileCatalyst Central Services,,,GoAnywhere,Order Line Only,aAuct000000FmdwCAC,Tech,FileCatalyst,,GOA-FIL-NRSU-FILE,Services,,,One Time,,,,1 Each,,,Non-Recurring Services Sales - Set Up,RC_45001,Pre Pay Service,,,As Delivered,Deferred,GoAnywhere,Managed File Transfer,FileCatalyst,,1TpaZ00000005nhSAA,,,Tech,,,False,,False,,,,,,Taxable,,,,With Account,False,,,,True,
True,2026-01-10T03:00:00.000+0000,11Bct0000051QpKEAU,,,,False,False,Allowed,USD,,GoAnywhere Travel Expense,OrderLineItem,Services | Billed as Incurred,,,,,,,,Services,GoAnywhere Travel Expense - Services,BU56,Services,,LAYyO1DD00000CWt10,False,False,,True,True,False,Linoma,"9F8E9D28-6B70-E611-80DB-0050569F6BB1, 5C8BC47C-B9FB-ED11-8849-6045BDF05170","LN01909, LN09072",Services,GoAnywhere Travel Expense,,,GoAnywhere,Order Line Only,aAuct000000FmdwCAC,Tech,GoAnywhere MFT,,GOA-GAM-NRSE-GATE,Services,,,One Time,,,,Quantity,,,Non-Recurring Services Sales - Services Expense Reimbursements,RC_45002,License,,,Expense Reimbursement,Invoice,GoAnywhere,Managed File Transfer,GoAnywhere MFT,,1TpaZ00000005nhSAA,,,Tech,,,False,,False,,,,,,Taxable,,,,With Account,False,,,,True,
True,2026-01-10T04:00:00.000+0000,11Bct0000051QpKEAU,,,,False,False,Allowed,USD,,GoAnywhere Custom Bundle Training,,Services | Customer Bundle,,,,,,,,Training,GoAnywhere Custom Bundle Training - Services,BU56,Training,,LAY5N1DD00000CWt10,False,False,,True,True,False,Linoma,FCCECE85-76A4-EC11-983F-00224829F9B0,LN02076,Services,GoAnywhere Custom Bundle Training,,,GoAnywhere,Order Line Only,aAuct000000FmdwCAC,Tech,GoAnywhere MFT,,GOA-GAM-NRST-GACBT,Services,,,One Time,,,,1 Each,,,Non-Recurring Services Sales - Training,RC_45000,Pre Pay Service,,,As Delivered,Deferred,GoAnywhere,Managed File Transfer,GoAnywhere MFT,,1TpaZ00000005nhSAA,,,Tech,,,False,,False,,,,,,Taxable,,,,With Account,False,,,,True,
True,2026-01-10T05:00:00.000+0000,,,,,False,False,Allowed,USD,,GoAnywhere Contract Development,OrderLineItem,Services,,,,,,,,Services,GoAnywhere Contract Development - Services,BU56,Services,,LAYtM1DD00000CWt10,False,False,,True,True,False,Linoma,A18E9D28-6B70-E611-80DB-0050569F6BB1,LN01910,Services,GoAnywhere Contract Development,,,GoAnywhere,Order Line Only,aAuct000000FmdwCAC,Tech,GoAnywhere MFT,,GOA-GAM-NRST-GACD,Services,,,One Time,,,,Quantity,,,Non-Recurring Services Sales - Training,RC_45000,Pre Pay Service,,,As Delivered,Deferred,GoAnywhere,Managed File Transfer,GoAnywhere MFT,,1TpaZ00000005nhSAA,,,Tech,,,False,,False,,,,,,Taxable,,,,With Account,False,,,,True,
True,2026-01-10T18:00:00.000+0000,11Bct0000051QpKEAU,,,,False,False,Allowed,USD,,GoAnywhere Certification Exam,OrderLineItem,Services | Expert Certification,,,,,,,,Services,GoAnywhere Certification Exam - Services,BU56,Services,,TAYQ01DD00000CWt10,False,False,,True,True,False,Linoma,"D9E51445-BFF6-EB11-811A-0050569F6BB1, E7E51445-BFF6-EB11-811A-0050569F6BB1, E9E51445-BFF6-EB11-811A-0050569F6BB1, BF73A720-070B-EF11-9F8A-7C1E5201CC58, AF73A720-070B-EF11-9F8A-7C1E5201CC58, 9B73A720-070B-EF11-9F8A-7C1E5201CC58, FD181B1D-070B-EF11-9F89-000D3A55E338","LN02015, LN02022, LN02023, LN02034, LN02035, LN02036, LN02037",Services,GoAnywhere Certification Exam,,,GoAnywhere,Order Line Only,aAuct000000FmdwCAC,Tech,GoAnywhere MFT,,GOA-GAM-NRST-GACE,Services,,,One Time,,,,Quantity,,,Non-Recurring Services Sales - Training,RC_45000,Pre Pay Service,,,As Delivered,Deferred,GoAnywhere,Managed File Transfer,GoAnywhere MFT,,1TpaZ00000005nhSAA,,,Tech,,,False,,False,,,,,,Taxable,,,,With Account,False,,,,True,
True,2026-01-10T03:00:00.000+0000,11Bct0000051QpNEAU,,,,False,False,Allowed,USD,,GoAnywhere Service Delivery Partner Training,,Per User  | Services | Exam,,,,,,,,Training,GoAnywhere Service Delivery Partner Training - Services,BU56,Training,,LAYcO1DD00000CWt10,False,False,,True,True,False,Linoma,"DC2A12BC-FE04-F011-BAE3-7C1E520D74BA, 9D6EFA42-5A2F-F011-8C4D-002248283179, A26EFA42-5A2F-F011-8C4D-002248283179","LN02080, LN02081, LN02082",Services,GoAnywhere Service Delivery Partner Training,,,GoAnywhere,Order Line Only,aAuct000000FmdwCAC,Tech,GoAnywhere MFT,,GOA-GAM-NRST-GADPT,Services,,,One Time,,,,Quantity,,,Non-Recurring Services Sales - Training,RC_45000,Pre Pay Service,,,As Delivered,Deferred,GoAnywhere,Managed File Transfer,GoAnywhere MFT,,1TpaZ00000005nhSAA,,,Tech,,,False,,False,,,,,,Taxable,,,,With Account,False,,,,True,
True,2026-01-10T04:00:00.000+0000,11Bct0000051QpKEAU,,,,False,False,Allowed,USD,,GoAnywhere Health Check,OrderLineItem,Services | Standalone,,,,,,,,Services,GoAnywhere Health Check - Services,BU56,Services,,LAYdN1DD00000CWt10,False,False,,True,True,False,Linoma,"B19A95FE-A61C-E811-80EB-0050569F6BB1, 2E8BF515-7BA1-E811-80F0-0050569F6BB1","LN01917, LN01918",Services,GoAnywhere Health Check,,,GoAnywhere,Order Line Only,aAuct000000FmdwCAC,Tech,GoAnywhere MFT,,GOA-GAM-NRST-GAHC,Services,,,One Time,,,,1 Each,,,Non-Recurring Services Sales - Training,RC_45000,Pre Pay Service,,,As Delivered,Deferred,GoAnywhere,Managed File Transfer,GoAnywhere MFT,,1TpaZ00000005nhSAA,,,Tech,,,False,,False,,,,,,Taxable,,,,With Account,False,,,,True,
True,2026-01-10T18:00:00.000+0000,11Bct0000051QpOEAU,,,,False,False,Allowed,USD,,GoAnywhere Services,OrderLineItem,Services | Fundamentals Certification(1) Public ILT,,,,,,,,Services,GoAnywhere Services - Services,BU56,Services,,TAYP01DD00000CWt10,False,False,,True,True,False,Linoma,"D1E51445-BFF6-EB11-811A-0050569F6BB1, DDE51445-BFF6-EB11-811A-0050569F6BB1, 9D8E9D28-6B70-E611-80DB-0050569F6BB1, 958E9D28-6B70-E611-80DB-0050569F6BB1, 978E9D28-6B70-E611-80DB-0050569F6BB1, 998E9D28-6B70-E611-80DB-0050569F6BB1, 9B8E9D28-6B70-E611-80DB-0050569F6BB1, A58E9D28-6B70-E611-80DB-0050569F6BB1, A9E51445-BFF6-EB11-811A-0050569F6BB1, B7E51445-BFF6-EB11-811A-0050569F6BB1, B9E51445-BFF6-EB11-811A-0050569F6BB1, BBE51445-BFF6-EB11-811A-0050569F6BB1, 98AFAF6D-76A4-EC11-983F-00224829F9B0","LN02011, LN02017, LN01908, LN01904, LN01905, LN01906, LN01907, LN01912, LN02000, LN02007, LN02008, LN02009, LN02075",Services,GoAnywhere Services,,,GoAnywhere,Order Line Only,aAuct000000FmdwCAC,Tech,GoAnywhere MFT,,GOA-GAM-NRST-GAS,Services,,,One Time,,,,Quantity,,,Non-Recurring Services Sales - Training,RC_45000,Pre Pay Service,,,As Delivered,Deferred,GoAnywhere,Managed File Transfer,GoAnywhere MFT,,1TpaZ00000005nhSAA,,,Tech,,,False,,False,,,,,,Taxable,,,,With Account,False,,,,True,
True,2026-01-10T03:00:00.000+0000,11Bct0000051Qq7EAE,,,,False,False,Allowed,USD,,GoAnywhere Training,,Services | Expert Certification | Private Instructor Led Training (extra student),,,,,,,,Training,GoAnywhere Training - Services,BU56,Training,,LAYxO1DD00000CWt10,False,False,,True,True,False,Linoma,"A38E9D28-6B70-E611-80DB-0050569F6BB1, CFE51445-BFF6-EB11-811A-0050569F6BB1, D3E51445-BFF6-EB11-811A-0050569F6BB1, D7E51445-BFF6-EB11-811A-0050569F6BB1, DBE51445-BFF6-EB11-811A-0050569F6BB1, DFE51445-BFF6-EB11-811A-0050569F6BB1, E3E51445-BFF6-EB11-811A-0050569F6BB1, 9E73A720-070B-EF11-9F8A-7C1E5201CC58, BB73A720-070B-EF11-9F8A-7C1E5201CC58, D0DEE81F-070B-EF11-9F89-6045BDDC74E5, FE181B1D-070B-EF11-9F89-000D3A55E338, 9A73A720-070B-EF11-9F8A-7C1E5201CC58","LN01911, LN02010, LN02012, LN02014, LN02016, LN02018, LN02020, LN02029, LN02030, LN02031, LN02032, LN02033",Services,GoAnywhere Training,,,GoAnywhere,Order Line Only,aAuct000000FmdwCAC,Tech,GoAnywhere MFT,,GOA-GAM-NRST-GAT,Services,,,One Time,,,,Quantity,,,Non-Recurring Services Sales - Training,RC_45000,Pre Pay Service,,,As Delivered,Deferred,GoAnywhere,Managed File Transfer,GoAnywhere MFT,,1TpaZ00000005nhSAA,,,Tech,,,False,,False,,,,,,Taxable,,,,With Account,False,,,,True,
True,2026-01-10T04:00:00.000+0000,11Bct0000051QpKEAU,,,,False,False,Allowed,USD,,GoAnywhere QuickStart Services,OrderLineItem,Services | Workflow QuickStart,,,,,,,,Services,GoAnywhere QuickStart Services - Services,BU56,Services,,1AYLO1DD00000CWt10,False,False,,True,True,False,Linoma,"ADE51445-BFF6-EB11-811A-0050569F6BB1, AFE51445-BFF6-EB11-811A-0050569F6BB1, B1E51445-BFF6-EB11-811A-0050569F6BB1, B3E51445-BFF6-EB11-811A-0050569F6BB1, B5E51445-BFF6-EB11-811A-0050569F6BB1, F976D99A-2B59-ED11-9562-0022482684F7, 688F8975-F2FA-ED11-8849-6045BDEC3050","LN02002, LN02003, LN02004, LN02005, LN02006, LN02078, LN09073",Services,GoAnywhere QuickStart Services,,,GoAnywhere,Order Line Only,aAuct000000FmdwCAC,Tech,GoAnywhere MFT,,GOA-GAM-NRSU-GAQSS,Services,,,One Time,,,,1 Each,,,Non-Recurring Services Sales - Set Up,RC_45001,Pre Pay Service,,,As Delivered,Deferred,GoAnywhere,Managed File Transfer,GoAnywhere MFT,,1TpaZ00000005nhSAA,,,Tech,,,False,,False,,,,,,Taxable,,,,With Account,False,,,,True,
True,2026-01-10T04:00:00.000+0000,11Bct0000051QpKEAU,1BPaZ0000000wlZWAQ,,,False,False,Allowed,USD,,GoAnywhere Expert Services,OrderLineItem,Services | Basic (Up to 4 hours a month),,,,,,,,Services,GoAnywhere Expert Services - Services,BU56,Services,,1AYAN1DD00000CWt10,False,False,,True,True,False,Linoma,"98FC3A5F-3EE8-ED11-A7C6-6045BDF05170, F568CC73-3EE8-ED11-A7C6-6045BDD9C62D, 9FE3CC6D-3EE8-ED11-A7C6-6045BDD9C62D, 0730AC5A-B832-EE11-BDF3-6045BDEC3050, 15B6985B-C5DC-EF11-A730-000D3A19D551","LN09069, LN09070, LN09071, LN09074, LN09110",Services,GoAnywhere Expert Services,,,GoAnywhere,Order Line Only,aAuct000000FmdwCAC,Tech,GoAnywhere MFT,,GOA-GAM-RSP-GAES,Services,,,Term Based - Annual,,,,1 Each,,,Recurring Services Sales - Recurring Professional Services,RC_45004,Recurring Service,,,Spread Even,Deferred,GoAnywhere,Managed File Transfer,GoAnywhere MFT,,1TpaZ00000005nhSAA,,,Tech,,,False,,False,,,,,,Taxable,,,,With Account,False,,,,True,
False,2026-01-10T05:00:00.000+0000,11Bct0000051QpTEAU,1BPaZ0000000wlZWAQ,,,False,False,Allowed,USD,,GoAnywhere Advanced Workflows and Reporting,OrderLineItem,Subscription | Production,,,,,,,,Subscription,GoAnywhere Advanced Workflows and Reporting - Subscription,BU56,Subscription,,1AYAM1DD00000CWt10,False,False,,True,True,False,Linoma,15A6D2A5-0A55-EB11-8112-0050569F6BB1,LN09034,Subscription,GoAnywhere Advanced Workflows and Reporting,,,GoAnywhere,Order Line Only,aAuct000000FmdwCAC,Tech,GoAnywhere MFT,,GOA-GAM-RSS-GAAWRS,Subscription,,,Term Based - Annual,,,,1 Each,,,Recurring Sales - Software Subscriptions,RC_41202,Software Maintenance Single SKU,,,,Deferred,GoAnywhere,Managed File Transfer,GoAnywhere MFT,,1TpaZ00000005nhSAA,,,Tech,,,False,,False,,,,,,Taxable,,,,With Account,False,,,,True,
True,2026-01-09T20:00:00.000+0000,11Bct0000051QpKEAU,,,,False,False,Allowed,USD,,PS ONSITE Travel,,Services | Prepaid,,,,,,,,Services,PS ONSITE Travel - Services,BU29,Services,,LAYmW1DD00000CWt10,False,False,,True,True,False,Globalscape,01t15000004FK2oAAG,1631,Services,PS ONSITE Travel,,,Globalscape,Order Line Only,aAuct000000FmdvCAC,Tech,Globalscape EFT,,GS-GSE-NRSE-PSO,Services,,,One Time,,,,Quantity,,,Non-Recurring Services Sales - Services Expense Reimbursements,RC_45002,Pre Pay Service,,,Expense Reimbursement,Invoice,Globalscape,Managed File Transfer,Globalscape EFT,,1TpaZ00000005nhSAA,,,Tech,,,False,,False,,,,,,Taxable,,,,With Account,False,,,,True,
True,2026-01-10T18:00:00.000+0000,11Bct0000051QpKEAU,,,,False,False,Allowed,USD,,Accelerated,OrderLineItem,Services | Prepaid,,,,,,,,Services,Accelerated - Services,BU29,Services,,TAYH11DD00000CWt10,False,False,,True,True,False,Globalscape,01t1C0000069SaLQAU,6751,Services,Accelerated,,,Globalscape,Order Line Only,aAuct000000FmdvCAC,Tech,Globalscape EFT,,GS-GSE-NRST-ACCELE,Services,,,One Time,,,,Quantity,,,Non-Recurring Services Sales - Training,RC_45000,Pre Pay Service,,,As Delivered,Deferred,Globalscape,Managed File Transfer,Globalscape EFT,,1TpaZ00000005nhSAA,,,Tech,,GS-GSE-NRST-ACCELE,False,,False,,,,,,Taxable,,,,With Account,False,,,,True,
True,2026-01-10T10:00:00.000+0000,11Bct0000051QpKEAU,,,,False,False,Allowed,USD,,EFT Automation Assessment REMOTE,OrderLineItem,Services | Prepaid,,,,,,,,Services,EFT Automation Assessment REMOTE - Services,BU29,Services,,1AYQE1DD00000CWt10,False,False,,True,True,False,Globalscape,01t1C0000069FpDQAU,6568,Services,EFT Automation Assessment REMOTE,,,Globalscape,Order Line Only,aAuct000000FmdvCAC,Tech,Globalscape EFT,,GS-GSE-NRST-EAAR,Services,,,One Time,,,,Quantity,,,Non-Recurring Services Sales - Training,RC_45000,Pre Pay Service,,,As Delivered,Deferred,Globalscape,Managed File Transfer,Globalscape EFT,,1TpaZ00000005nhSAA,,,Tech,,GS-GSE-NRST-EAAR,False,,False,,,,,,Taxable,,,,With Account,False,,,,True,
True,2026-01-10T10:00:00.000+0000,11Bct0000051QpKEAU,,,,False,False,Allowed,USD,,EFT Arcus Quick Start Service,OrderLineItem,Services | Prepaid,,,,,,,,Services,EFT Arcus Quick Start Service - Services,BU29,Services,,1AYDE1DD00000CWt10,False,False,,True,True,False,Globalscape,01tPb000006wdYbIAI,8767,Services,EFT Arcus Quick Start Service,,,Globalscape,Order Line Only,aAuct000000FmdvCAC,Tech,Globalscape EFT,,GS-GSE-NRST-EAQS,Services,,,One Time,,,,Quantity,,,Non-Recurring Services Sales - Training,RC_45000,Pre Pay Service,,,As Delivered,Deferred,Globalscape,Managed File Transfer,Globalscape EFT,,1TpaZ00000005nhSAA,,,Tech,,GS-GSE-NRST-EAQS,False,,False,,,,,,Taxable,,,,With Account,False,,,,True,
True,2026-01-10T10:00:00.000+0000,11Bct0000051QpKEAU,,,,False,False,Allowed,USD,,EFT Cutover Basic Assistance REMOTE,OrderLineItem,Services | Prepaid,,,,,,,,Services,EFT Cutover Basic Assistance REMOTE - Services,BU29,Services,,LAYgE1DD00000CWt10,False,False,,True,True,False,Globalscape,01t4v000007ESoBAAW,8098,Services,EFT Cutover Basic Assistance REMOTE,,,Globalscape,Order Line Only,aAuct000000FmdvCAC,Tech,Globalscape EFT,,GS-GSE-NRST-ECBR,Services,,,One Time,,,,Quantity,,,Non-Recurring Services Sales - Training,RC_45000,Pre Pay Service,,,As Delivered,Deferred,Globalscape,Managed File Transfer,Globalscape EFT,,1TpaZ00000005nhSAA,,,Tech,,,False,,False,,,,,,Taxable,,,,With Account,False,,,,True,
True,2026-01-10T10:00:00.000+0000,11Bct0000051QpKEAU,,,,False,False,Allowed,USD,,EFT Cutover Standard Assistance REMOTE,OrderLineItem,Services | Prepaid,,,,,,,,Services,EFT Cutover Standard Assistance REMOTE - Services,BU29,Services,,LAYhE1DD00000CWt10,False,False,,True,True,False,Globalscape,01t4v000007ESoGAAW,8099,Services,EFT Cutover Standard Assistance REMOTE,,,Globalscape,Order Line Only,aAuct000000FmdvCAC,Tech,Globalscape EFT,,GS-GSE-NRST-ECSR,Services,,,One Time,,,,Quantity,,,Non-Recurring Services Sales - Training,RC_45000,Pre Pay Service,,,As Delivered,Deferred,Globalscape,Managed File Transfer,Globalscape EFT,,1TpaZ00000005nhSAA,,,Tech,,,False,,False,,,,,,Taxable,,,,With Account,False,,,,True,
True,2026-01-10T10:00:00.000+0000,11Bct0000051QpKEAU,,,,False,False,Allowed,USD,,EFT Expert Service Basic,OrderLineItem,Services | Prepaid,,,,,,,,Services,EFT Expert Service Basic - Services,BU29,Services,,LAYkE1DD00000CWt10,False,False,,True,True,False,Globalscape,01t4v000008jX4QAAU,8720,Services,EFT Expert Service Basic,,,Globalscape,Order Line Only,aAuct000000FmdvCAC,Tech,Globalscape EFT,,GS-GSE-NRST-EESB,Services,,,One Time,,,,Quantity,,,Non-Recurring Services Sales - Training,RC_45000,Pre Pay Service,,,As Delivered,Deferred,Globalscape,Managed File Transfer,Globalscape EFT,,1TpaZ00000005nhSAA,,,Tech,,,False,,False,,,,,,Taxable,,,,With Account,False,,,,True,
True,2026-01-10T10:00:00.000+0000,11Bct0000051QpKEAU,,,,False,False,Allowed,USD,,EFT Expert Service Enterprise,OrderLineItem,Services | Prepaid,,,,,,,,Services,EFT Expert Service Enterprise - Services,BU29,Services,,LAYlE1DD00000CWt10,False,False,,True,True,False,Globalscape,01t4v000008jX4aAAE,8716,Services,EFT Expert Service Enterprise,,,Globalscape,Order Line Only,aAuct000000FmdvCAC,Tech,Globalscape EFT,,GS-GSE-NRST-EESE,Services,,,One Time,,,,Quantity,,,Non-Recurring Services Sales - Training,RC_45000,Pre Pay Service,,,As Delivered,Deferred,Globalscape,Managed File Transfer,Globalscape EFT,,1TpaZ00000005nhSAA,,,Tech,,,False,,False,,,,,,Taxable,,,,With Account,False,,,,True,
True,2026-01-10T10:00:00.000+0000,11Bct0000051QpKEAU,,,,False,False,Allowed,USD,,EFT Expert Service Standard,OrderLineItem,Services | Prepaid,,,,,,,,Services,EFT Expert Service Standard - Services,BU29,Services,,LAYmE1DD00000CWt10,False,False,,True,True,False,Globalscape,01t4v000008jX4VAAU,8718,Services,EFT Expert Service Standard,,,Globalscape,Order Line Only,aAuct000000FmdvCAC,Tech,Globalscape EFT,,GS-GSE-NRST-EESS,Services,,,One Time,,,,Quantity,,,Non-Recurring Services Sales - Training,RC_45000,Pre Pay Service,,,As Delivered,Deferred,Globalscape,Managed File Transfer,Globalscape EFT,,1TpaZ00000005nhSAA,,,Tech,,,False,,False,,,,,,Taxable,,,,With Account,False,,,,True,
True,2026-01-10T09:00:00.000+0000,11Bct0000051QpKEAU,,,,False,False,Allowed,USD,,EFT Upgrade InPlace REMOTE,OrderLineItem,Services | Prepaid,,,,,,,,Services,EFT Upgrade InPlace REMOTE - Services,BU29,Services,,1AYDG1DD00000CWt10,False,False,,True,True,False,Globalscape,01t4v000007ESoVAAW,8102,Services,EFT Upgrade InPlace REMOTE,,,Globalscape,Order Line Only,aAuct000000FmdvCAC,Tech,Globalscape EFT,,GS-GSE-NRST-EFTU,Services,,,One Time,,,,Quantity,,,Non-Recurring Services Sales - Training,RC_45000,Pre Pay Service,,,As Delivered,Deferred,Globalscape,Managed File Transfer,Globalscape EFT,,1TpaZ00000005nhSAA,,,Tech,,,False,,False,,,,,,Taxable,,,,With Account,False,,,,True,
True,2026-01-10T09:00:00.000+0000,11Bct0000051QpKEAU,,,,False,False,Allowed,USD,,EFT Installation REMOTE,OrderLineItem,Services | Prepaid,,,,,,,,Services,EFT Installation REMOTE - Services,BU29,Services,,LAYaF1DD00000CWt10,False,False,,True,True,False,Globalscape,01t4v000007ESoLAAW,8100,Services,EFT Installation REMOTE,,,Globalscape,Order Line Only,aAuct000000FmdvCAC,Tech,Globalscape EFT,,GS-GSE-NRST-EIR,Services,,,One Time,,,,Quantity,,,Non-Recurring Services Sales - Training,RC_45000,Pre Pay Service,,,As Delivered,Deferred,Globalscape,Managed File Transfer,Globalscape EFT,,1TpaZ00000005nhSAA,,,Tech,,,False,,False,,,,,,Taxable,,,,With Account,False,,,,True,
True,2026-01-10T09:00:00.000+0000,11Bct0000051QpKEAU,,,,False,False,Allowed,USD,,EFT Platform Assessment REMOTE,OrderLineItem,Services | Prepaid,,,,,,,,Services,EFT Platform Assessment REMOTE - Services,BU29,Services,,LAYhF1DD00000CWt10,False,False,,True,True,False,Globalscape,01t1C0000069Fp3QAE,6566,Services,EFT Platform Assessment REMOTE,,,Globalscape,Order Line Only,aAuct000000FmdvCAC,Tech,Globalscape EFT,,GS-GSE-NRST-EPAR,Services,,,One Time,,,,Quantity,,,Non-Recurring Services Sales - Training,RC_45000,Pre Pay Service,,,As Delivered,Deferred,Globalscape,Managed File Transfer,Globalscape EFT,,1TpaZ00000005nhSAA,,,Tech,,,False,,False,,,,,,Taxable,,,,With Account,False,,,,True,
True,2026-01-10T09:00:00.000+0000,11Bct0000051QpKEAU,,,,False,False,Allowed,USD,,EFT Site Migration REMOTE,OrderLineItem,Services | Prepaid,,,,,,,,Services,EFT Site Migration REMOTE - Services,BU29,Services,,LAY2G1DD00000CWt10,False,False,,True,True,False,Globalscape,01t4v000007ESoQAAW,8101,Services,EFT Site Migration REMOTE,,,Globalscape,Order Line Only,aAuct000000FmdvCAC,Tech,Globalscape EFT,,GS-GSE-NRST-ESMR,Services,,,One Time,,,,Quantity,,,Non-Recurring Services Sales - Training,RC_45000,Pre Pay Service,,,As Delivered,Deferred,Globalscape,Managed File Transfer,Globalscape EFT,,1TpaZ00000005nhSAA,,,Tech,,,False,,False,,,,,,Taxable,,,,With Account,False,,,,True,
True,2026-01-10T09:00:00.000+0000,11Bct0000051QpKEAU,,,,False,False,Allowed,USD,,EFT Upgrade New OS REMOTE,OrderLineItem,Services | Prepaid,,,,,,,,Services,EFT Upgrade New OS REMOTE - Services,BU29,Services,,1AYEG1DD00000CWt10,False,False,,True,True,False,Globalscape,01t4v000007ESoaAAG,8103,Services,EFT Upgrade New OS REMOTE,,,Globalscape,Order Line Only,aAuct000000FmdvCAC,Tech,Globalscape EFT,,GS-GSE-NRST-EUNR,Services,,,One Time,,,,Quantity,,,Non-Recurring Services Sales - Training,RC_45000,Pre Pay Service,,,As Delivered,Deferred,Globalscape,Managed File Transfer,Globalscape EFT,,1TpaZ00000005nhSAA,,,Tech,,,False,,False,,,,,,Taxable,,,,With Account,False,,,,True,
True,2026-01-10T03:00:00.000+0000,11Bct0000051QpKEAU,,,,False,False,Allowed,USD,,Hourly Rate AfterHours Fee Upcharge T&M,OrderLineItem,Services | Postpaid,,,,,,,,Services,Hourly Rate AfterHours Fee Upcharge T&M - Services,BU29,Services,,LAYiP1DD00000CWt10,False,False,,True,True,False,Globalscape,01t4v000007ESofAAG,8104,Services,Hourly Rate AfterHours Fee Upcharge T&M,,,Globalscape,Order Line Only,aAuct000000FmdvCAC,Tech,Globalscape EFT,,GS-GSE-NRST-HRAHFU,Services,,,One Time,,,,Quantity,,,Non-Recurring Services Sales - Training,RC_45000,Post Pay Service,,,As Delivered,Deferred,Globalscape,Managed File Transfer,Globalscape EFT,,1TpaZ00000005nhSAA,,,Tech,,,False,,False,,,,,,Taxable,,,,With Account,False,,,,True,
True,2026-01-10T03:00:00.000+0000,11Bct0000051QpKEAU,,,,False,False,Allowed,USD,,Hourly Rate Sr. Consultant PrePaid,OrderLineItem,Services | Prepaid,,,,,,,,Services,Hourly Rate Sr. Consultant PrePaid - Services,BU29,Services,,LAYlP1DD00000CWt10,False,False,,True,True,False,Globalscape,01t4v000007ESouAAG,8108,Services,Hourly Rate Sr. Consultant PrePaid,,,Globalscape,Order Line Only,aAuct000000FmdvCAC,Tech,Globalscape EFT,,GS-GSE-NRST-HRSCPP,Services,,,One Time,,,,Quantity,,,Non-Recurring Services Sales - Training,RC_45000,Pre Pay Service,,,As Delivered,Deferred,Globalscape,Managed File Transfer,Globalscape EFT,,1TpaZ00000005nhSAA,,,Tech,,,False,,False,,,,,,Taxable,,,,With Account,False,,,,True,
True,2026-01-10T03:00:00.000+0000,11Bct0000051QpKEAU,,,,False,False,Allowed,USD,,Hourly Rate Sr. Consultant T&M,OrderLineItem,Services | Postpaid,,,,,,,,Services,Hourly Rate Sr. Consultant T&M - Services,BU29,Services,,LAYmP1DD00000CWt10,False,False,,True,True,False,Globalscape,01t4v000007ESozAAG,8109,Services,Hourly Rate Sr. Consultant T&M,,,Globalscape,Order Line Only,aAuct000000FmdvCAC,Tech,Globalscape EFT,,GS-GSE-NRST-HRSCTM,Services,,,One Time,,,,Quantity,,,Non-Recurring Services Sales - Training,RC_45000,Post Pay Service,,,As Delivered,Deferred,Globalscape,Managed File Transfer,Globalscape EFT,,1TpaZ00000005nhSAA,,,Tech,,,False,,False,,,,,,Taxable,,,,With Account,False,,,,True,
True,2026-01-10T03:00:00.000+0000,11Bct0000051QpKEAU,,,,False,False,Allowed,USD,,Hourly Rate Sr. Developer PrePaid,OrderLineItem,Services | Prepaid,,,,,,,,Services,Hourly Rate Sr. Developer PrePaid - Services,BU29,Services,,LAYnP1DD00000CWt10,False,False,,True,True,False,Globalscape,01t4v000007ESp4AAG,8110,Services,Hourly Rate Sr. Developer PrePaid,,,Globalscape,Order Line Only,aAuct000000FmdvCAC,Tech,Globalscape EFT,,GS-GSE-NRST-HRSDPP,Services,,,One Time,,,,Quantity,,,Non-Recurring Services Sales - Training,RC_45000,Pre Pay Service,,,As Delivered,Deferred,Globalscape,Managed File Transfer,Globalscape EFT,,1TpaZ00000005nhSAA,,,Tech,,,False,,False,,,,,,Taxable,,,,With Account,False,,,,True,
True,2026-01-10T03:00:00.000+0000,11Bct0000051QpKEAU,,,,False,False,Allowed,USD,,Hourly Rate Sr. Developer T&M,OrderLineItem,Services | Postpaid,,,,,,,,Services,Hourly Rate Sr. Developer T&M - Services,BU29,Services,,LAYoP1DD00000CWt10,False,False,,True,True,False,Globalscape,01t4v000007ESp9AAG,8111,Services,Hourly Rate Sr. Developer T&M,,,Globalscape,Order Line Only,aAuct000000FmdvCAC,Tech,Globalscape EFT,,GS-GSE-NRST-HRSDTM,Services,,,One Time,,,,Quantity,,,Non-Recurring Services Sales - Training,RC_45000,Post Pay Service,,,As Delivered,Deferred,Globalscape,Managed File Transfer,Globalscape EFT,,1TpaZ00000005nhSAA,,,Tech,,,False,,False,,,,,,Taxable,,,,With Account,False,,,,True,
True,2026-01-10T03:00:00.000+0000,11Bct0000051QpKEAU,,,,False,False,Allowed,USD,,Hourly Rate Sr Project Manager PrePaid,OrderLineItem,Services | Prepaid,,,,,,,,Services,Hourly Rate Sr Project Manager PrePaid - Services,BU29,Services,,LAYjP1DD00000CWt10,False,False,,True,True,False,Globalscape,01t4v000007ESokAAG,8106,Services,Hourly Rate Sr Project Manager PrePaid,,,Globalscape,Order Line Only,aAuct000000FmdvCAC,Tech,Globalscape EFT,,GS-GSE-NRST-HRSPMP,Services,,,One Time,,,,Quantity,,,Non-Recurring Services Sales - Training,RC_45000,Pre Pay Service,,,As Delivered,Deferred,Globalscape,Managed File Transfer,Globalscape EFT,,1TpaZ00000005nhSAA,,,Tech,,,False,,False,,,,,,Taxable,,,,With Account,False,,,,True,
True,2026-01-10T03:00:00.000+0000,11Bct0000051QpKEAU,,,,False,False,Allowed,USD,,Hourly Rate Sr Project Manager T&M,OrderLineItem,Services | Postpaid,,,,,,,,Services,Hourly Rate Sr Project Manager T&M - Services,BU29,Services,,LAYkP1DD00000CWt10,False,False,,True,True,False,Globalscape,01t4v000007ESopAAG,8107,Services,Hourly Rate Sr Project Manager T&M,,,Globalscape,Order Line Only,aAuct000000FmdvCAC,Tech,Globalscape EFT,,GS-GSE-NRST-HRSPMT,Services,,,One Time,,,,Quantity,,,Non-Recurring Services Sales - Training,RC_45000,Post Pay Service,,,As Delivered,Deferred,Globalscape,Managed File Transfer,Globalscape EFT,,1TpaZ00000005nhSAA,,,Tech,,,False,,False,,,,,,Taxable,,,,With Account,False,,,,True,
True,2026-01-09T21:00:00.000+0000,11Bct0000051QpKEAU,,,,False,False,Allowed,USD,,PS EFT Automation Course (REMOTE),OrderLineItem,Services | Prepaid,,,,,,,,Services,PS EFT Automation Course (REMOTE) - Services,BU29,Services,,DAYvc1DD00000CWt10,False,False,,True,True,False,Globalscape,01t15000005e77cAAA,4049,Services,PS EFT Automation Course (REMOTE),,,Globalscape,Order Line Only,aAuct000000FmdvCAC,Tech,Globalscape EFT,,GS-GSE-NRST-PEAR,Services,,,One Time,,,,Quantity,,,Non-Recurring Services Sales - Training,RC_45000,Pre Pay Service,,,As Delivered,Deferred,Globalscape,Managed File Transfer,Globalscape EFT,,1TpaZ00000005nhSAA,,,Tech,,,False,,False,,,,,,Taxable,,,,With Account,False,,,,True,
True,2026-01-09T20:00:00.000+0000,11Bct0000051QpKEAU,,,,False,False,Allowed,USD,,PS EFT Server Integration Course (REMOTE),,Services | Prepaid,,,,,,,,Services,PS EFT Server Integration Course (REMOTE) - Services,BU29,Services,,LAYfW1DD00000CWt10,False,False,,True,True,False,Globalscape,01t15000004FK16AAG,1291,Services,PS EFT Server Integration Course (REMOTE),,,Globalscape,Order Line Only,aAuct000000FmdvCAC,Tech,Globalscape EFT,,GS-GSE-NRST-PEFT,Services,,,One Time,,,,Quantity,,,Non-Recurring Services Sales - Training,RC_45000,Pre Pay Service,,,As Delivered,Deferred,Globalscape,Managed File Transfer,Globalscape EFT,,1TpaZ00000005nhSAA,,,Tech,,,False,,False,,,,,,Taxable,,,,With Account,False,,,,True,
True,2026-01-09T20:00:00.000+0000,11Bct0000051QpKEAU,,,,False,False,Allowed,USD,,PS EFT Server Web-based Admin Essentials Course (REMOTE),,Services | Prepaid,,,,,,,,Services,PS EFT Server Web-based Admin Essentials Course (REMOTE) - Services,BU29,Services,,LAYkW1DD00000CWt10,False,False,,True,True,False,Globalscape,01t15000004FK2kAAG,1616,Services,PS EFT Server Web-based Admin Essentials Course (REMOTE),,,Globalscape,Order Line Only,aAuct000000FmdvCAC,Tech,Globalscape EFT,,GS-GSE-NRST-PEFTSECS,Services,,,One Time,,,,Quantity,,,Non-Recurring Services Sales - Training,RC_45000,Pre Pay Service,,,As Delivered,Deferred,Globalscape,Managed File Transfer,Globalscape EFT,,1TpaZ00000005nhSAA,,,Tech,,,False,,False,,,,,,Taxable,,,,With Account,False,,,,True,
True,2026-01-09T20:00:00.000+0000,11Bct0000051QpKEAU,,,,False,False,Allowed,USD,,PS EFT Server WTC Branding Service Concurrent,,Services | Prepaid,,,,,,,,Services,PS EFT Server WTC Branding Service Concurrent - Services,BU29,Services,,LAYlW1DD00000CWt10,False,False,,True,True,False,Globalscape,01t15000004FK0yAAG,1282,Services,PS EFT Server WTC Branding Service Concurrent,,,Globalscape,Order Line Only,aAuct000000FmdvCAC,Tech,Globalscape EFT,,GS-GSE-NRST-PESC,Services,,,One Time,,,,Quantity,,,Non-Recurring Services Sales - Training,RC_45000,Pre Pay Service,,,As Delivered,Deferred,Globalscape,Managed File Transfer,Globalscape EFT,,1TpaZ00000005nhSAA,,,Tech,,,False,,False,,,,,,Taxable,,,,With Account,False,,,,True,
True,2026-01-09T21:00:00.000+0000,11Bct0000051QpKEAU,,,,False,False,Allowed,USD,,PS EFT Server Administrator Certification Exam,OrderLineItem,Services | Prepaid,,,,,,,,Services,PS EFT Server Administrator Certification Exam - Services,BU29,Services,,DAYyc1DD00000CWt10,False,False,,True,True,False,Globalscape,01t15000004FKFHAA4,2574,Services,PS EFT Server Administrator Certification Exam,,,Globalscape,Order Line Only,aAuct000000FmdvCAC,Tech,Globalscape EFT,,GS-GSE-NRST-PESE,Services,,,One Time,,,,Quantity,,,Non-Recurring Services Sales - Training,RC_45000,Pre Pay Service,,,As Delivered,Deferred,Globalscape,Managed File Transfer,Globalscape EFT,,1TpaZ00000005nhSAA,,,Tech,,,False,,False,,,,,,Taxable,,,,With Account,False,,,,True,
True,2026-01-09T21:00:00.000+0000,11Bct0000051QpKEAU,,,,False,False,Allowed,USD,,PS EFT Server In-Place Upgrade (REMOTE),OrderLineItem,Services | Prepaid,,,,,,,,Services,PS EFT Server In-Place Upgrade (REMOTE) - Services,BU29,Services,,DAY6d1DD00000CWt10,False,False,,True,True,False,Globalscape,"01t15000004FO6QAAW, 01t15000004FK1yAAG","3866, 1523",Services,PS EFT Server In-Place Upgrade (REMOTE),,,Globalscape,Order Line Only,aAuct000000FmdvCAC,Tech,Globalscape EFT,,GS-GSE-NRST-PESIPUS,Services,,,One Time,,,,Quantity,,,Non-Recurring Services Sales - Training,RC_45000,Pre Pay Service,,,As Delivered,Deferred,Globalscape,Managed File Transfer,Globalscape EFT,,1TpaZ00000005nhSAA,,,Tech,,,False,,False,,,,,,Taxable,,,,With Account,False,,,,True,
True,2026-01-09T21:00:00.000+0000,11Bct0000051QpKEAU,,,,False,False,Allowed,USD,,PS EFT Server Administrator Certification Package (REMOTE),OrderLineItem,Services | Prepaid,,,,,,,,Services,PS EFT Server Administrator Certification Package (REMOTE) - Services,BU29,Services,,DAYzc1DD00000CWt10,False,False,,True,True,False,Globalscape,01t1C000005XbMGQA0,4087,Services,PS EFT Server Administrator Certification Package (REMOTE),,,Globalscape,Order Line Only,aAuct000000FmdvCAC,Tech,Globalscape EFT,,GS-GSE-NRST-PESR,Services,,,One Time,,,,Quantity,,,Non-Recurring Services Sales - Training,RC_45000,Pre Pay Service,,,As Delivered,Deferred,Globalscape,Managed File Transfer,Globalscape EFT,,1TpaZ00000005nhSAA,,,Tech,,,False,,False,,,,,,Taxable,,,,With Account,False,,,,True,
True,2026-01-09T21:00:00.000+0000,11Bct0000051QpKEAU,,,,False,False,Allowed,USD,,PS EFT Server Basic Quick Start Service,OrderLineItem,Services | Prepaid,,,,,,,,Services,PS EFT Server Basic Quick Start Service - Services,BU29,Services,,DAY2d1DD00000CWt10,False,False,,True,True,False,Globalscape,01t15000004FK61AAG,1848,Services,PS EFT Server Basic Quick Start Service,,,Globalscape,Order Line Only,aAuct000000FmdvCAC,Tech,Globalscape EFT,,GS-GSE-NRST-PESS,Services,,,One Time,,,,Quantity,,,Non-Recurring Services Sales - Training,RC_45000,Pre Pay Service,,,As Delivered,Deferred,Globalscape,Managed File Transfer,Globalscape EFT,,1TpaZ00000005nhSAA,,,Tech,,,False,,False,,,,,,Taxable,,,,With Account,False,,,,True,
True,2026-01-09T21:00:00.000+0000,11Bct0000051QpKEAU,,,,False,False,Allowed,USD,,Project Milestone,OrderLineItem,Services | Prepaid,,,,,,,,Services,Project Milestone - Services,BU29,Services,,DAYsc1DD00000CWt10,False,False,,True,True,False,Globalscape,01t15000004FTXIAA4,3895,Services,Project Milestone,,,Globalscape,Order Line Only,aAuct000000FmdvCAC,Tech,Globalscape EFT,,GS-GSE-NRST-PROJEC,Services,,,One Time,,,,Quantity,,,Non-Recurring Services Sales - Training,RC_45000,Pre Pay Service,,,As Delivered,Deferred,Globalscape,Managed File Transfer,Globalscape EFT,,1TpaZ00000005nhSAA,,,Tech,,,False,,False,,,,,,Taxable,,,,With Account,False,,,,True,
True,2026-01-09T20:00:00.000+0000,11Bct0000051QpKEAU,,,,False,False,Allowed,USD,,PS EFT Server Professional Certification Exam,,Services | Prepaid,,,,,,,,Services,PS EFT Server Professional Certification Exam - Services,BU29,Services,,LAYhW1DD00000CWt10,False,False,,True,True,False,Globalscape,01t15000004FKFIAA4,2575,Services,PS EFT Server Professional Certification Exam,,,Globalscape,Order Line Only,aAuct000000FmdvCAC,Tech,Globalscape EFT,,GS-GSE-NRST-PSCE,Services,,,One Time,,,,Quantity,,,Non-Recurring Services Sales - Training,RC_45000,Pre Pay Service,,,As Delivered,Deferred,Globalscape,Managed File Transfer,Globalscape EFT,,1TpaZ00000005nhSAA,,,Tech,,,False,,False,,,,,,Taxable,,,,With Account,False,,,,True,
True,2026-01-09T21:00:00.000+0000,11Bct0000051QpKEAU,,,,False,False,Allowed,USD,,PS EFT Server AWE Essentials Course (REMOTE),OrderLineItem,Services | Prepaid,,,,,,,,Services,PS EFT Server AWE Essentials Course (REMOTE) - Services,BU29,Services,,DAY1d1DD00000CWt10,False,False,,True,True,False,Globalscape,01t15000004FK22AAG,1527,Services,PS EFT Server AWE Essentials Course (REMOTE),,,Globalscape,Order Line Only,aAuct000000FmdvCAC,Tech,Globalscape EFT,,GS-GSE-NRST-PSCR,Services,,,One Time,,,,Quantity,,,Non-Recurring Services Sales - Training,RC_45000,Pre Pay Service,,,As Delivered,Deferred,Globalscape,Managed File Transfer,Globalscape EFT,,1TpaZ00000005nhSAA,,,Tech,,,False,,False,,,,,,Taxable,,,,With Account,False,,,,True,
True,2026-01-09T21:00:00.000+0000,11Bct0000051QpKEAU,,,,False,False,Allowed,USD,,PS EFT AWE Advanced Course (REMOTE),OrderLineItem,Services | Prepaid,,,,,,,,Services,PS EFT AWE Advanced Course (REMOTE) - Services,BU29,Services,,DAYwc1DD00000CWt10,False,False,,True,True,False,Globalscape,"01t15000004FK24AAG, 01t15000004FK2cAAG","1529, 1585",Services,PS EFT AWE Advanced Course (REMOTE),,,Globalscape,Order Line Only,aAuct000000FmdvCAC,Tech,Globalscape EFT,,GS-GSE-NRST-PSEF,Services,,,One Time,,,,Quantity,,,Non-Recurring Services Sales - Training,RC_45000,Pre Pay Service,,,As Delivered,Deferred,Globalscape,Managed File Transfer,Globalscape EFT,,1TpaZ00000005nhSAA,,,Tech,,,False,,False,,,,,,Taxable,,,,With Account,False,,,,True,
True,2026-01-09T21:00:00.000+0000,11Bct0000051QpKEAU,,,,False,False,Allowed,USD,,PS EFT Server Essentials Course (REMOTE),OrderLineItem,Services | Prepaid,,,,,,,,Services,PS EFT Server Essentials Course (REMOTE) - Services,BU29,Services,,DAY4d1DD00000CWt10,False,False,,True,True,False,Globalscape,01t15000004FK1zAAG,1524,Services,PS EFT Server Essentials Course (REMOTE),,,Globalscape,Order Line Only,aAuct000000FmdvCAC,Tech,Globalscape EFT,,GS-GSE-NRST-PSEFT,Services,,,One Time,,,,Quantity,,,Non-Recurring Services Sales - Training,RC_45000,Pre Pay Service,,,As Delivered,Deferred,Globalscape,Managed File Transfer,Globalscape EFT,,1TpaZ00000005nhSAA,,,Tech,,,False,,False,,,,,,Taxable,,,,With Account,False,,,,True,
True,2026-01-09T21:00:00.000+0000,11Bct0000051QpKEAU,,,,False,False,Allowed,USD,,PS EFT Administrator Course (REMOTE),OrderLineItem,Services | Prepaid,,,,,,,,Services,PS EFT Administrator Course (REMOTE) - Services,BU29,Services,,DAYuc1DD00000CWt10,False,False,,True,True,False,Globalscape,01t1C000005XbLmQAK,4081,Services,PS EFT Administrator Course (REMOTE),,,Globalscape,Order Line Only,aAuct000000FmdvCAC,Tech,Globalscape EFT,,GS-GSE-NRST-PSEFTA,Services,,,One Time,,,,Quantity,,,Non-Recurring Services Sales - Training,RC_45000,Pre Pay Service,,,As Delivered,Deferred,Globalscape,Managed File Transfer,Globalscape EFT,,1TpaZ00000005nhSAA,,,Tech,,,False,,False,,,,,,Taxable,,,,With Account,False,,,,True,
True,2026-01-09T21:00:00.000+0000,11Bct0000051QpKEAU,,,,False,False,Allowed,USD,,PS EFT Security Course (REMOTE),OrderLineItem,Services | Prepaid,,,,,,,,Services,PS EFT Security Course (REMOTE) - Services,BU29,Services,,DAYxc1DD00000CWt10,False,False,,True,True,False,Globalscape,01t1C000005XbLwQAK,4083,Services,PS EFT Security Course (REMOTE),,,Globalscape,Order Line Only,aAuct000000FmdvCAC,Tech,Globalscape EFT,,GS-GSE-NRST-PSEFTS,Services,,,One Time,,,,Quantity,,,Non-Recurring Services Sales - Training,RC_45000,Pre Pay Service,,,As Delivered,Deferred,Globalscape,Managed File Transfer,Globalscape EFT,,1TpaZ00000005nhSAA,,,Tech,,,False,,False,,,,,,Taxable,,,,With Account,False,,,,True,
True,2026-01-09T20:00:00.000+0000,11Bct0000051QpKEAU,,,,False,False,Allowed,USD,,PS EFT Server Standard Quick Start Service (REMOTE),,Services | Prepaid,,,,,,,,Services,PS EFT Server Standard Quick Start Service (REMOTE) - Services,BU29,Services,,LAYjW1DD00000CWt10,False,False,,True,True,False,Globalscape,01t15000004FK1sAAG,1516,Services,PS EFT Server Standard Quick Start Service (REMOTE),,,Globalscape,Order Line Only,aAuct000000FmdvCAC,Tech,Globalscape EFT,,GS-GSE-NRST-PSES,Services,,,One Time,,,,Quantity,,,Non-Recurring Services Sales - Training,RC_45000,Pre Pay Service,,,As Delivered,Deferred,Globalscape,Managed File Transfer,Globalscape EFT,,1TpaZ00000005nhSAA,,,Tech,,,False,,False,,,,,,Taxable,,,,With Account,False,,,,True,
True,2026-01-09T05:00:00.000+0000,,1BPaZ0000000wlZWAQ,,,False,False,Allowed,USD,,PS EFT Expert Service Upgrade Plus,OrderLineItem,Services,,,,,,,,Services,PS EFT Expert Service Upgrade Plus - Services,BU29,Services,,TAYHy1DD00000CWt10,False,False,,True,True,False,Globalscape,01tPb00000EjtUvIAJ,8775,Services,PS EFT Expert Service Upgrade Plus,,,Globalscape,Order Line Only,aAuct000000FmdvCAC,Tech,Globalscape EFT,,GS-GSE-NRST-PSEUP,Services,,,Term Based - Annual,,,,Quantity,,,Non-Recurring Services Sales - Training,RC_45000,Pre Pay Service,,,As Delivered,Deferred,Globalscape,Managed File Transfer,Globalscape EFT,,1TpaZ00000005nhSAA,,,Tech,,,False,,False,,,,,,Taxable,,,,With Account,False,,,,True,
True,2026-01-09T21:00:00.000+0000,11Bct0000051QpKEAU,,,,False,False,Allowed,USD,,PS EFT Server Arcus Migration (REMOTE),OrderLineItem,Services | Prepaid,,,,,,,,Services,PS EFT Server Arcus Migration (REMOTE) - Services,BU29,Services,,DAY0d1DD00000CWt10,False,False,,True,True,False,Globalscape,01t1C000005Xdd9QAC,4271,Services,PS EFT Server Arcus Migration (REMOTE),,,Globalscape,Order Line Only,aAuct000000FmdvCAC,Tech,Globalscape EFT,,GS-GSE-NRST-PSMR,Services,,,One Time,,,,Quantity,,,Non-Recurring Services Sales - Training,RC_45000,Pre Pay Service,,,As Delivered,Deferred,Globalscape,Managed File Transfer,Globalscape EFT,,1TpaZ00000005nhSAA,,,Tech,,,False,,False,,,,,,Taxable,,,,With Account,False,,,,True,
True,2026-01-09T21:00:00.000+0000,11Bct0000051QpKEAU,,,,False,False,Allowed,USD,,PS EFT Server Cut over (REMOTE),OrderLineItem,Services | Prepaid,,,,,,,,Services,PS EFT Server Cut over (REMOTE) - Services,BU29,Services,,DAY3d1DD00000CWt10,False,False,,True,True,False,Globalscape,01t15000004FO6fAAG,3869,Services,PS EFT Server Cut over (REMOTE),,,Globalscape,Order Line Only,aAuct000000FmdvCAC,Tech,Globalscape EFT,,GS-GSE-NRST-PSOR,Services,,,One Time,,,,Quantity,,,Non-Recurring Services Sales - Training,RC_45000,Pre Pay Service,,,As Delivered,Deferred,Globalscape,Managed File Transfer,Globalscape EFT,,1TpaZ00000005nhSAA,,,Tech,,,False,,False,,,,,,Taxable,,,,With Account,False,,,,True,
True,2026-01-09T20:00:00.000+0000,11Bct0000051QpKEAU,,,,False,False,Allowed,USD,,PS EFT Server Professional Certification Package (REMOTE),,Services | Prepaid,,,,,,,,Services,PS EFT Server Professional Certification Package (REMOTE) - Services,BU29,Services,,LAYiW1DD00000CWt10,False,False,,True,True,False,Globalscape,01t1C000005XbMQQA0,4089,Services,PS EFT Server Professional Certification Package (REMOTE),,,Globalscape,Order Line Only,aAuct000000FmdvCAC,Tech,Globalscape EFT,,GS-GSE-NRST-PSPR,Services,,,One Time,,,,Quantity,,,Non-Recurring Services Sales - Training,RC_45000,Pre Pay Service,,,As Delivered,Deferred,Globalscape,Managed File Transfer,Globalscape EFT,,1TpaZ00000005nhSAA,,,Tech,,,False,,False,,,,,,Taxable,,,,With Account,False,,,,True,
True,2026-01-09T21:00:00.000+0000,11Bct0000051QpKEAU,,,,False,False,Allowed,USD,,PS EFT Server Health Check Service (REMOTE),OrderLineItem,Services | Prepaid,,,,,,,,Services,PS EFT Server Health Check Service (REMOTE) - Services,BU29,Services,,DAY5d1DD00000CWt10,False,False,,True,True,False,Globalscape,01t15000004FK1wAAG,1521,Services,PS EFT Server Health Check Service (REMOTE),,,Globalscape,Order Line Only,aAuct000000FmdvCAC,Tech,Globalscape EFT,,GS-GSE-NRST-PSSR,Services,,,One Time,,,,Quantity,,,Non-Recurring Services Sales - Training,RC_45000,Pre Pay Service,,,As Delivered,Deferred,Globalscape,Managed File Transfer,Globalscape EFT,,1TpaZ00000005nhSAA,,,Tech,,,False,,False,,,,,,Taxable,,,,With Account,False,,,,True,
True,2026-01-09T20:00:00.000+0000,11Bct0000051QpKEAU,,,,False,False,Allowed,USD,,PS EFT Server Platinum Quick Start Service,,Services | Prepaid,,,,,,,,Services,PS EFT Server Platinum Quick Start Service - Services,BU29,Services,,LAYgW1DD00000CWt10,False,False,,True,True,False,Globalscape,"01t15000004FK65AAG, 01t15000004FK66AAG","1852, 1853",Services,PS EFT Server Platinum Quick Start Service,,,Globalscape,Order Line Only,aAuct000000FmdvCAC,Tech,Globalscape EFT,,GS-GSE-NRST-PSSS,Services,,,One Time,,,,Quantity,,,Non-Recurring Services Sales - Training,RC_45000,Pre Pay Service,,,As Delivered,Deferred,Globalscape,Managed File Transfer,Globalscape EFT,,1TpaZ00000005nhSAA,,,Tech,,,False,,False,,,,,,Taxable,,,,With Account,False,,,,True,
True,2026-01-10T13:00:00.000+0000,11Bct0000051QpNEAU,,,,False,False,Allowed,USD,,Customization (Hourly),OrderLineItem,Per Hour  | Services | Hourly,,,,,,,,Services,Customization (Hourly) - Services,BU45,Services,,TAYP91DD00000CWt10,False,False,,True,True,False,Terranova Security,AED221C7-684A-ED11-BBA1-0022482963C5,TN04011,Services,Customization (Hourly),,,Human Risk Management,Order Line Only,aAuct000000FmdtCAC,Cyber,Human Risk Management,,HRM-HRM-NRST-CUSTOM,Services,,,One Time,,,,Quantity,,,Non-Recurring Services Sales - Training,RC_45000,Pre Pay Service,,,As Delivered,Deferred,Human Risk Management,Defensive Security,Human Risk Management,,1TpaZ00000005nhSAA,,,Cyber,,,False,,False,,,,,,Taxable,,,,With Account,False,,,,True,
True,2026-01-09T04:00:00.000+0000,,,,,False,False,Allowed,USD,,HRM Hourly Services (Post Paid),OrderLineItem,Services,,,,,,,,Services,HRM Hourly Services (Post Paid),BU45,Services,,DAYxz1DD00000CWt10,False,False,,True,True,False,Terranova Security,b78096d2-46be-f011-bbd3-7c1e5201d423,HRM0018-N,Services,HRM Hourly Services (Post Paid),,,Human Risk Management,Order Line Only,aAuct000000FmdtCAC,Cyber,Human Risk Management,,HRM-HRM-NRST-HRMHS,Services,,,One Time,,,,Quantity,,,Non-Recurring Services Sales - Training,RC_45000,,,,As Delivered,Deferred,Human Risk Management,Defensive Security,Human Risk Management,,1TpaZ00000005nhSAA,,,Cyber,,,False,,False,,,,,,Taxable,,,,With Account,False,,,,True,
True,2026-01-09T04:00:00.000+0000,,,,,False,False,Allowed,USD,,HRM Hourly Services (Prepaid),OrderLineItem,Services,,,,,,,,Services,HRM Hourly Services (Prepaid),BU45,Services,,DAY902DD00000CWt10,False,False,,True,True,False,Terranova Security,542f83a0-878e-f011-b4cc-7c1e5217d428,TN04005-HRN,Services,HRM Hourly Services (Prepaid),,,Human Risk Management,Order Line Only,aAuct000000FmdtCAC,Cyber,Human Risk Management,,HRM-HRM-NRST-HRMHSPP,Services,,,One Time,,,,Quantity,,,Non-Recurring Services Sales - Training,RC_45000,,,,As Delivered,Deferred,Human Risk Management,Defensive Security,Human Risk Management,,1TpaZ00000005nhSAA,,,Cyber,,,False,,False,,,,,,Taxable,,,,With Account,False,,,,True,
True,2026-01-09T04:00:00.000+0000,,,,,False,False,Allowed,USD,,HRM Managed Service Starter Pack,OrderLineItem,Services,,,,,,,,Services,HRM Managed Service Starter Pack,BU45,Services,,DAYyz1DD00000CWt10,False,False,,True,True,False,Terranova Security,a54b304d-908e-f011-b4cc-7c1e5217d428,HRM001-N,Services,HRM Managed Service Starter Pack,,,Human Risk Management,Order Line Only,aAuct000000FmdtCAC,Cyber,Human Risk Management,,HRM-HRM-NRST-HRMMSS,Services,,,One Time,,,,Quantity,,,Non-Recurring Services Sales - Training,RC_45000,,,,As Delivered,Deferred,Human Risk Management,Defensive Security,Human Risk Management,,1TpaZ00000005nhSAA,,,Cyber,,,False,,False,,,,,,Taxable,,,,With Account,False,,,,True,
True,2026-01-10T18:00:00.000+0000,11Bct0000051QpOEAU,,,,False,False,Allowed,USD,,Managed Services - Phishing Simulation,OrderLineItem,Languages 1 | Services | Customized - 1 language,,,,,,,,Services,Managed Services - Phishing Simulation - Services,BU45,Services,,DAYg01DD00000CWt10,False,False,,True,True,False,Terranova Security,"9FD221C7-684A-ED11-BBA1-0022482963C5, A2D221C7-684A-ED11-BBA1-0022482963C5","TN04006, TN04007",Services,Managed Services - Phishing Simulation,,,Human Risk Management,Order Line Only,aAuct000000FmdtCAC,Cyber,Human Risk Management,,HRM-HRM-NRST-MSPSS,Services,,,One Time,,,,Quantity,,,Non-Recurring Services Sales - Training,RC_45000,Pre Pay Service,,,As Delivered,Deferred,Human Risk Management,Defensive Security,Human Risk Management,,1TpaZ00000005nhSAA,,,Cyber,,,False,,False,,,,,,Taxable,,,,With Account,False,,,,True,
True,2026-01-10T01:00:00.000+0000,,,,,False,False,Allowed,USD,,Managed Services - Security Awareness training campaign,OrderLineItem,Services,,,,,,,,Services,Managed Services - Security Awareness training campaign - Services,BU45,Services,,LAYhQ1DD00000CWt10,False,False,,True,True,False,Terranova Security,ABD221C7-684A-ED11-BBA1-0022482963C5,TN04010,Services,Managed Services - Security Awareness training campaign,,,Human Risk Management,Order Line Only,aAuct000000FmdtCAC,Cyber,Human Risk Management,,HRM-HRM-NRST-MSSATCS,Services,,,One Time,,,,Quantity,,,Non-Recurring Services Sales - Training,RC_45000,Pre Pay Service,,,As Delivered,Deferred,Human Risk Management,Defensive Security,Human Risk Management,,1TpaZ00000005nhSAA,,,Cyber,,,False,,False,,,,,,Taxable,,,,With Account,False,,,,True,
True,2026-01-09T05:00:00.000+0000,,,,,False,False,Allowed,USD,,Quick Start Implementation Package - HRM,OrderLineItem,Services,,,,,,,,Services,Quick Start Implementation Package - HRM,BU45,Services,,TAYXy1DD00000CWt10,False,False,,True,True,False,Terranova Security,f657a2a0-878e-f011-b4cc-7c1e5217dd0d,DC00625-HRN,Services,Quick Start Implementation Package - HRM,,,Human Risk Management,Order Line Only,aAuct000000FmdtCAC,Cyber,Human Risk Management,,HRM-HRM-NRST-QSIPHRM,Services,,,One Time,,,,Quantity,,,Non-Recurring Services Sales - Training,RC_45000,,,,As Delivered,Deferred,Human Risk Management,Defensive Security,Human Risk Management,,1TpaZ00000005nhSAA,,,Cyber,,,False,,False,,,,,,Taxable,,,,With Account,False,,,,True,
True,2026-01-10T18:00:00.000+0000,11Bct0000051QpNEAU,,,,False,False,Allowed,USD,,Terranova Services,OrderLineItem,Per Hour  | Services | Hourly,,,,,,,,Services,Terranova Services - Services,BU45,Services,,DAYf01DD00000CWt10,False,False,,True,True,False,Terranova Security,"9CD221C7-684A-ED11-BBA1-0022482963C5, 5451D92D-E69D-EE11-BE37-6045BDD9CA46","TN04005, TN04118",Services,Terranova Services,,,Human Risk Management,Order Line Only,aAuct000000FmdtCAC,Cyber,Human Risk Management,,HRM-HRM-NRST-TERRSE,Services,,,One Time,,,,Quantity,,,Non-Recurring Services Sales - Training,RC_45000,Pre Pay Service,,,As Delivered,Deferred,Human Risk Management,Defensive Security,Human Risk Management,,1TpaZ00000005nhSAA,,,Cyber,,,False,,False,,,,,,Taxable,,,,With Account,False,,,,True,
True,2026-01-09T14:00:00.000+0000,11Bct0000051QpKEAU,,,,False,False,Allowed,USD,,Terranova - Getting Started Setup,OrderLineItem,Services | Getting Started,,,,,,,,Services,Terranova - Getting Started Setup - Services,BU45,Services,,TAYTlxCD00000CWt10,False,False,,True,True,False,Terranova Security,A2BD94BC-1C71-EF11-A670-000D3A1C4DAE,TN04139,Services,Terranova - Getting Started Setup,,,Human Risk Management,Order Line Only,aAuct000000FmdtCAC,Cyber,Human Risk Management,,HRM-HRM-NRST-TGSSS,Services,,,One Time,,,,Quantity,,,Non-Recurring Services Sales - Training,RC_45000,Pre Pay Service,,,As Delivered,Deferred,Human Risk Management,Defensive Security,Human Risk Management,,1TpaZ00000005nhSAA,,,Cyber,,,False,,False,,,,,,Taxable,,,,With Account,False,,,,True,
True,2026-01-09T14:00:00.000+0000,11Bct0000051QpKEAU,,,,False,False,Allowed,USD,,Terranova - Security Advisory Lunch & Learn (Remote),OrderLineItem,Services | Lunch & Learn,,,,,,,,Services,Terranova - Security Advisory Lunch & Learn (Remote) - Services,BU45,Services,,TAYUlxCD00000CWt10,False,False,,True,True,False,Terranova Security,59101CBB-1C71-EF11-A670-000D3A9C9FA6,TN04143,Services,Terranova - Security Advisory Lunch & Learn (Remote),,,Human Risk Management,Order Line Only,aAuct000000FmdtCAC,Cyber,Human Risk Management,,HRM-HRM-NRST-TSALLS,Services,,,One Time,,,,Quantity,,,Non-Recurring Services Sales - Training,RC_45000,Pre Pay Service,,,As Delivered,Deferred,Human Risk Management,Defensive Security,Human Risk Management,,1TpaZ00000005nhSAA,,,Cyber,,,False,,False,,,,,,Taxable,,,,With Account,False,,,,True,
True,2026-01-09T04:00:00.000+0000,,1BPaZ0000000wlZWAQ,,,False,False,Allowed,USD,,HRM Managed Service -Awareness Training,OrderLineItem,Services,,,,,,,,Services,HRM Managed Service -Awareness Training - Services,BU45,Services,,TAYA02DD00000CWt10,False,False,,True,True,False,Terranova Security,e8468ca6-878e-f011-b4cc-7c1e5217d428,TN04040-HRN,Services,HRM Managed Service -Awareness Training,,,Human Risk Management,Order Line Only,aAuct000000FmdtCAC,Cyber,Human Risk Management,,HRM-HRM-RSP-HMSATS,Services,,,Term Based - Annual,,,,Quantity,,,Recurring Services Sales - Recurring Professional Services,RC_45004,,,,Spread Even,Deferred,Human Risk Management,Defensive Security,Human Risk Management,,1TpaZ00000005nhSAA,,,Cyber,,,False,,False,,,,,,Taxable,,,,With Account,False,,,,True,
True,2026-01-09T04:00:00.000+0000,,1BPaZ0000000wlZWAQ,,,False,False,Allowed,USD,,HRM Managed Service-Phishing Campaigns,OrderLineItem,Services,,,,,,,,Services,HRM Managed Service-Phishing Campaigns - Services,BU45,Services,,DAY002DD00000CWt10,False,False,,True,True,False,Terranova Security,33d94e4c-908e-f011-b4cc-7ced8d1ed4db,HRM003-N,Services,HRM Managed Service-Phishing Campaigns,,,Human Risk Management,Order Line Only,aAuct000000FmdtCAC,Cyber,Human Risk Management,,HRM-HRM-RSP-HMSPCS,Services,,,Term Based - Annual,,,,Quantity,,,Recurring Services Sales - Recurring Professional Services,RC_45004,,,,Spread Even,Deferred,Human Risk Management,Defensive Security,Human Risk Management,,1TpaZ00000005nhSAA,,,Cyber,,,False,,False,,,,,,Taxable,,,,With Account,False,,,,True,
True,2026-01-09T04:00:00.000+0000,,1BPaZ0000000wlZWAQ,,,False,False,Allowed,USD,,HRM Managed Service-Quiz,OrderLineItem,Services,,,,,,,,Services,HRM Managed Service-Quiz - Services,BU45,Services,,DAY102DD00000CWt10,False,False,,True,True,False,Terranova Security,00f80850-908e-f011-b4cc-7c1e5217dd0d,HRM004-N,Services,HRM Managed Service-Quiz,,,Human Risk Management,Order Line Only,aAuct000000FmdtCAC,Cyber,Human Risk Management,,HRM-HRM-RSP-HMSQS,Services,,,Term Based - Annual,,,,Quantity,,,Recurring Services Sales - Recurring Professional Services,RC_45004,,,,Spread Even,Deferred,Human Risk Management,Defensive Security,Human Risk Management,,1TpaZ00000005nhSAA,,,Cyber,,,False,,False,,,,,,Taxable,,,,With Account,False,,,,True,
True,2026-01-09T04:00:00.000+0000,,1BPaZ0000000wlZWAQ,,,False,False,Allowed,USD,,HRM Managed Service-Smishing Campaigns,OrderLineItem,Services,,,,,,,,Services,HRM Managed Service-Smishing Campaigns - Services,BU45,Services,,DAY202DD00000CWt10,False,False,,True,True,False,Terranova Security,e9280656-908e-f011-b4cc-7c1e5217dd0d,HRM006-N,Services,HRM Managed Service-Smishing Campaigns,,,Human Risk Management,Order Line Only,aAuct000000FmdtCAC,Cyber,Human Risk Management,,HRM-HRM-RSP-HMSSCS,Services,,,Term Based - Annual,,,,Quantity,,,Recurring Services Sales - Recurring Professional Services,RC_45004,,,,Spread Even,Deferred,Human Risk Management,Defensive Security,Human Risk Management,,1TpaZ00000005nhSAA,,,Cyber,,,False,,False,,,,,,Taxable,,,,With Account,False,,,,True,
True,2026-01-09T04:00:00.000+0000,,1BPaZ0000000wlZWAQ,,,False,False,Allowed,USD,,HRM Managed Service-Smishing Campaigns Set Up,OrderLineItem,Services,,,,,,,,Services,HRM Managed Service-Smishing Campaigns Set Up - Services,BU45,Services,,DAY402DD00000CWt10,False,False,,True,True,False,Terranova Security,afdb18cb-41be-f011-bbd3-7c1e5201d423,HRM016-N,Services,HRM Managed Service-Smishing Campaigns Set Up,,,Human Risk Management,Order Line Only,aAuct000000FmdtCAC,Cyber,Human Risk Management,,HRM-HRM-RSP-HMSSCSUS,Services,,,Term Based - Annual,,,,Quantity,,,Recurring Services Sales - Recurring Professional Services,RC_45004,,,,Spread Even,Deferred,Human Risk Management,Defensive Security,Human Risk Management,,1TpaZ00000005nhSAA,,,Cyber,,,False,,False,,,,,,Taxable,,,,With Account,False,,,,True,
True,2026-01-09T04:00:00.000+0000,,1BPaZ0000000wlZWAQ,,,False,False,Allowed,USD,,HRM Managed Service-Vishing Campaigns (Robo Calls),OrderLineItem,Services,,,,,,,,Services,HRM Managed Service-Vishing Campaigns (Robo Calls) - Services,BU45,Services,,DAY302DD00000CWt10,False,False,,True,True,False,Terranova Security,1c290656-908e-f011-b4cc-7c1e5217dd0d,HRM007-N,Services,HRM Managed Service-Vishing Campaigns (Robo Calls),,,Human Risk Management,Order Line Only,aAuct000000FmdtCAC,Cyber,Human Risk Management,,HRM-HRM-RSP-HMSVCCS,Services,,,Term Based - Annual,,,,Quantity,,,Recurring Services Sales - Recurring Professional Services,RC_45004,,,,Spread Even,Deferred,Human Risk Management,Defensive Security,Human Risk Management,,1TpaZ00000005nhSAA,,,Cyber,,,False,,False,,,,,,Taxable,,,,With Account,False,,,,True,
True,2026-01-09T04:00:00.000+0000,,1BPaZ0000000wlZWAQ,,,False,False,Allowed,USD,,HRM Managed Service-Vishing Campaigns (Robo Calls) Set Up,OrderLineItem,Services,,,,,,,,Services,HRM Managed Service-Vishing Campaigns (Robo Calls) Set Up - Services,BU45,Services,,DAY502DD00000CWt10,False,False,,True,True,False,Terranova Security,bb8a345b-42be-f011-bbd3-7c1e5201d423,HRM017-N,Services,HRM Managed Service-Vishing Campaigns (Robo Calls) Set Up,,,Human Risk Management,Order Line Only,aAuct000000FmdtCAC,Cyber,Human Risk Management,,HRM-HRM-RSP-HMSVCSUS,Services,,,Term Based - Annual,,,,Quantity,,,Recurring Services Sales - Recurring Professional Services,RC_45004,,,,Spread Even,Deferred,Human Risk Management,Defensive Security,Human Risk Management,,1TpaZ00000005nhSAA,,,Cyber,,,False,,False,,,,,,Taxable,,,,With Account,False,,,,True,
True,2026-01-10T18:00:00.000+0000,,1BPaZ0000000wlZWAQ,,,False,False,Allowed,USD,,Human Risk Management,OrderLineItem,Services,,,,,,,,Services,Human Risk Management - Services,BU45,Services,,DAYj01DD00000CWt10,False,False,,True,True,False,Terranova Security,C0F0DA84-1C5C-EF11-BFE2-000D3A986C29,TN04127,Services,Human Risk Management,,,Human Risk Management,Order Line Only,aAuct000000FmdtCAC,Cyber,Human Risk Management,,HRM-HRM-RSP-HRMGMT,Services,,,Term Based - Annual,,,,1 Each,,,Recurring Services Sales - Recurring Professional Services,RC_45004,Recurring Service,,,Spread Even,Deferred,Human Risk Management,Defensive Security,Human Risk Management,,1TpaZ00000005nhSAA,,,Cyber,,,False,,False,,,,,,Taxable,,,,With Account,False,,,,True,
True,2026-01-09T17:00:00.000+0000,11Bct0000051QpKEAU,1BPaZ0000000wlZWAQ,,,False,False,Allowed,USD,,Security Advisory,OrderLineItem,Services | Basic,,,,,,,,Services,Security Advisory - Services,BU45,Services,,TAYZf1DD00000CWt10,False,False,,True,True,False,Terranova Security,"618219E8-1C5C-EF11-A317-0022481CE75F, 8D80B0CF-1C5C-EF11-A317-0022481CE75F","TN04125, TN04126",Services,Security Advisory,,,Human Risk Management,Order Line Only,aAuct000000FmdtCAC,Cyber,Human Risk Management,,HRM-HRM-RSP-SEAD,Services,,,Term Based - Annual,,,,1 Each,,,Recurring Services Sales - Recurring Professional Services,RC_45004,Recurring Service,,,Spread Even,Deferred,Human Risk Management,Defensive Security,Human Risk Management,,1TpaZ00000005nhSAA,,,Cyber,,,False,,False,,,,,,Taxable,,,,With Account,False,,,,True,
True,2026-01-10T13:00:00.000+0000,11Bct0000051QpKEAU,,,,False,False,Allowed,USD,,Core IGA Travel Expense,OrderLineItem,Services | Billed as Incurred,,,,,,,,Services,Core IGA Travel Expense - Services,BU54,Services,,DAYo81DD00000CWt10,False,False,,True,True,False,Core IGA,"62287E7B-AA62-E911-80F9-0050569F6BB1, 89DA4689-B9FB-ED11-8849-6045BDD9C62D","IG01909, IG01921",Services,Core IGA Travel Expense,,,Core IGA,Order Line Only,aAuct000000Fme2CAC,Tech,Access Assurance Suite,,IGA-AAS-NRSE-CITE,Services,,,One Time,,,,Quantity,,,Non-Recurring Services Sales - Services Expense Reimbursements,RC_45002,License,,,Expense Reimbursement,Invoice,Core IGA,RPA+,Access Assurance Suite,,1TpaZ00000005nhSAA,,,Tech,,,False,,False,,,,,,Taxable,,,,With Account,False,,,,True,
True,2026-01-10T18:00:00.000+0000,11Bct0000051QpKEAU,,,,False,False,Allowed,USD,,Administering Access Assurance Suite,,Services | 5 Day Public,,,,,,,,Training,Administering Access Assurance Suite - Services,BU54,Training,,TAYU11DD00000CWt10,False,False,,True,True,False,Core IGA,"A863DB31-AC62-E911-80F9-0050569F6BB1, A8591351-AC62-E911-80F9-0050569F6BB1, 3e1ae95a-ac62-e911-80f9-0050569f6bb1","IG01912, IG01913, IG01914",Services,Administering Access Assurance Suite,,,Core IGA,Order Line Only,aAuct000000Fme2CAC,Tech,Access Assurance Suite,,IGA-AAS-NRST-ADMIAA,Services,,,One Time,,,,Quantity,,,Non-Recurring Services Sales - Training,RC_45000,Pre Pay Service,,,As Delivered,Deferred,Core IGA,RPA+,Access Assurance Suite,,1TpaZ00000005nhSAA,,,Tech,,,False,,False,,,,,,Taxable,,,,With Account,False,,,,True,
True,2026-01-10T18:00:00.000+0000,11Bct0000051QpKEAU,,,,False,False,Allowed,USD,,Administering Automated Password Management,,Services | 2 Day Public,,,,,,,,Training,Administering Automated Password Management - Services,BU54,Training,,TAYV11DD00000CWt10,False,False,,True,True,False,Core IGA,"9FF46F67-AC62-E911-80F9-0050569F6BB1, 82A0E071-AC62-E911-80F9-0050569F6BB1, d84be17b-ac62-e911-80f9-0050569f6bb1","IG01915, IG01916, IG01917",Services,Administering Automated Password Management,,,Core IGA,Order Line Only,aAuct000000Fme2CAC,Tech,Access Assurance Suite,,IGA-AAS-NRST-ADMIAP,Services,,,One Time,,,,Quantity,,,Non-Recurring Services Sales - Training,RC_45000,Pre Pay Service,,,As Delivered,Deferred,Core IGA,RPA+,Access Assurance Suite,,1TpaZ00000005nhSAA,,,Tech,,,False,,False,,,,,,Taxable,,,,With Account,False,,,,True,
True,2026-01-10T18:00:00.000+0000,11Bct0000051QpKEAU,,,,False,False,Allowed,USD,,Administering Rapid Development Toolkit,,Services | 3 Day Private,,,,,,,,Training,Administering Rapid Development Toolkit - Services,BU54,Training,,TAYW11DD00000CWt10,False,False,,True,True,False,Core IGA,"32BA4386-AC62-E911-80F9-0050569F6BB1, 9E99BB90-AC62-E911-80F9-0050569F6BB1","IG01918, IG01919",Services,Administering Rapid Development Toolkit,,,Core IGA,Order Line Only,aAuct000000Fme2CAC,Tech,Access Assurance Suite,,IGA-AAS-NRST-ADMIRD,Services,,,One Time,,,,Quantity,,,Non-Recurring Services Sales - Training,RC_45000,Pre Pay Service,,,As Delivered,Deferred,Core IGA,RPA+,Access Assurance Suite,,1TpaZ00000005nhSAA,,,Tech,,,False,,False,,,,,,Taxable,,,,With Account,False,,,,True,
True,2026-01-10T13:00:00.000+0000,11Bct0000051QpNEAU,,,,False,False,Allowed,USD,,Core IGA Hourly Services,OrderLineItem,Per Hour  | Services | Standard,,,,,,,,Services,Core IGA Hourly Services - Services,BU54,Services,,DAYj81DD00000CWt10,False,False,,True,True,False,Core IGA,"60A293C7-A962-E911-80F9-0050569F6BB1, 4527D359-AA62-E911-80F9-0050569F6BB1","IG01904, IG01908",Services,Core IGA Hourly Services,,,Core IGA,Order Line Only,aAuct000000Fme2CAC,Tech,Access Assurance Suite,,IGA-AAS-NRST-CIHS,Services,,,One Time,,,,Quantity,,,Non-Recurring Services Sales - Training,RC_45000,Pre Pay Service,,,As Delivered,Deferred,Core IGA,RPA+,Access Assurance Suite,,1TpaZ00000005nhSAA,,,Tech,,,False,,False,,,,,,Taxable,,,,With Account,False,,,,True,
True,2026-01-10T13:00:00.000+0000,11Bct0000051QpMEAU,,,,False,False,Allowed,USD,,Core IGA Online Services,OrderLineItem,Days 0.5 | Services,,,,,,,,Services,Core IGA Online Services - Services,BU54,Services,,DAYl81DD00000CWt10,False,False,,True,True,False,Core IGA,"48E573F0-A962-E911-80F9-0050569F6BB1, F3220116-AA62-E911-80F9-0050569F6BB1","IG01905, IG01906",Services,Core IGA Online Services,,,Core IGA,Order Line Only,aAuct000000Fme2CAC,Tech,Access Assurance Suite,,IGA-AAS-NRST-CIOS,Services,,,One Time,,,,Quantity,,,Non-Recurring Services Sales - Training,RC_45000,Pre Pay Service,,,As Delivered,Deferred,Core IGA,RPA+,Access Assurance Suite,,1TpaZ00000005nhSAA,,,Tech,,,False,,False,,,,,,Taxable,,,,With Account,False,,,,True,
True,2026-01-10T13:00:00.000+0000,11BaZ000008qwn5UAA,,,,False,False,Allowed,USD,,Core IGA On-site Services,OrderLineItem,Per Day  | Services,,,,,,,,Services,Core IGA On-site Services - Services,BU54,Services,,DAYk81DD00000CWt10,False,False,,True,True,False,Core IGA,A49A8C3D-AA62-E911-80F9-0050569F6BB1,IG01907,Services,Core IGA On-site Services,,,Core IGA,Order Line Only,aAuct000000Fme2CAC,Tech,Access Assurance Suite,,IGA-AAS-NRST-CIOSSS,Services,,,One Time,,,,Quantity,,,Non-Recurring Services Sales - Training,RC_45000,Pre Pay Service,,,As Delivered,Deferred,Core IGA,RPA+,Access Assurance Suite,,1TpaZ00000005nhSAA,,,Tech,,,False,,False,,,,,,Taxable,,,,With Account,False,,,,True,
True,2026-01-10T13:00:00.000+0000,11Bct0000051QpOEAU,,,,False,False,Allowed,USD,,Core IGA Basic Ops Services,OrderLineItem,Months 3 | Services | 1/4 FTE - 2 Hours/Day,,,,,,,,Services,Core IGA Basic Ops Services - Services,BU54,Services,,DAYh81DD00000CWt10,False,False,,True,True,False,Core IGA,"8A521183-FA8D-E911-80FB-0050569F6BB1, 88D6CDB9-FA8D-E911-80FB-0050569F6BB1, 97BCA7D4-FA8D-E911-80FB-0050569F6BB1, B109E5E5-FA8D-E911-80FB-0050569F6BB1, F325AF1A-FB8D-E911-80FB-0050569F6BB1, D6E41726-FB8D-E911-80FB-0050569F6BB1, DB87485B-FB8D-E911-80FB-0050569F6BB1, 38C87165-FB8D-E911-80FB-0050569F6BB1, 996E8473-FB8D-E911-80FB-0050569F6BB1","IG08000, IG08001, IG08002, IG08003, IG08004, IG08005, IG08006, IG08007, IG08008",Services,Core IGA Basic Ops Services,,,Core IGA,Order Line Only,aAuct000000Fme2CAC,Tech,Access Assurance Suite,,IGA-AAS-NRSU-CIBOS,Services,,,One Time,,,,Quantity,,,Non-Recurring Services Sales - Set Up,RC_45001,Pre Pay Service,,,As Delivered,Deferred,Core IGA,RPA+,Access Assurance Suite,,1TpaZ00000005nhSAA,,,Tech,,,False,,False,,,,,,Taxable,,,,With Account,False,,,,True,
True,2026-01-10T13:00:00.000+0000,11Bct0000051QpOEAU,,,,False,False,Allowed,USD,,Core IGA Flexible Ops Services,OrderLineItem,Months 3 | Services | 1/4 FTE - 2 Hours/Day,,,,,,,,Services,Core IGA Flexible Ops Services - Services,BU54,Services,,DAYi81DD00000CWt10,False,False,,True,True,False,Core IGA,"74887A89-FB8D-E911-80FB-0050569F6BB1, AAEA3EA4-FB8D-E911-80FB-0050569F6BB1, FFF2E0B7-FB8D-E911-80FB-0050569F6BB1, 3AA731CE-FB8D-E911-80FB-0050569F6BB1, 8A0216D5-FB8D-E911-80FB-0050569F6BB1, 9911F5E1-FB8D-E911-80FB-0050569F6BB1","IG08009, IG08010, IG08011, IG08012, IG08013, IG08014",Services,Core IGA Flexible Ops Services,,,Core IGA,Order Line Only,aAuct000000Fme2CAC,Tech,Access Assurance Suite,,IGA-AAS-NRSU-CIFOS,Services,,,One Time,,,,Quantity,,,Non-Recurring Services Sales - Set Up,RC_45001,Pre Pay Service,,,As Delivered,Deferred,Core IGA,RPA+,Access Assurance Suite,,1TpaZ00000005nhSAA,,,Tech,,,False,,False,,,,,,Taxable,,,,With Account,False,,,,True,
True,2026-01-10T13:00:00.000+0000,11Bct0000051QpKEAU,,,,False,False,Allowed,USD,,Core IGA Quickstart Services,,Services | Basic Provisioning,,,,,,,,Training,Core IGA Quickstart Services - Services,BU54,Training,,DAYm81DD00000CWt10,False,False,,True,True,False,Core IGA,"A67A3104-AC62-E911-80F9-0050569F6BB1, EB139015-AC62-E911-80F9-0050569F6BB1","IG01910, IG01911",Services,Core IGA Quickstart Services,,,Core IGA,Order Line Only,aAuct000000Fme2CAC,Tech,Access Assurance Suite,,IGA-AAS-NRSU-CIQS,Services,,,One Time,,,,Quantity,,,Non-Recurring Services Sales - Set Up,RC_45001,Pre Pay Service,,,As Delivered,Deferred,Core IGA,RPA+,Access Assurance Suite,,1TpaZ00000005nhSAA,,,Tech,,,False,,False,,,,,,Taxable,,,,With Account,False,,,,True,
True,2026-01-10T13:00:00.000+0000,,1BPaZ0000000wlZWAQ,,,False,False,Allowed,USD,,Core IGA Recurring Ops Services,OrderLineItem,Services,,,,,,,,Services,Core IGA Recurring Ops Services - Services,BU54,Services,,DAYn81DD00000CWt10,False,False,,True,True,False,Core IGA,F591F5C9-0205-F011-BAE3-002248283179,IG08020,Services,Core IGA Recurring Ops Services,,,Core IGA,Order Line Only,aAuct000000Fme2CAC,Tech,Access Assurance Suite,,IGA-AAS-RSP-CIROS,Services,,,Term Based - Annual,,,,1 Each,,,Recurring Services Sales - Recurring Professional Services,RC_45004,Recurring Service,,,Spread Even,Deferred,Core IGA,RPA+,Access Assurance Suite,,1TpaZ00000005nhSAA,,,Tech,,,False,,False,,,,,,Taxable,,,,With Account,False,,,,True,
True,2026-01-10T18:00:00.000+0000,11Bct0000051QpLEAU,1BPaZ0000000wlZWAQ,,,False,False,Allowed,USD,,Ops Services,OrderLineItem,Hours 3 | Services | 3 Months,,,,,,,,Services,Ops Services - Services,BU54,Services,,TAYR01DD00000CWt10,False,False,,True,True,False,Core IGA,7D2FDFD9-48B2-EB11-8116-0050569F6BB1,IG08017,Services,Ops Services,,,Core IGA,Order Line Only,aAuct000000Fme2CAC,Tech,Access Assurance Suite,,IGA-AAS-RSP-OPSSRV,Services,,,Term Based - Annual,,,,1 Each,,,Recurring Services Sales - Recurring Professional Services,RC_45004,Recurring Service,,,Spread Even,Deferred,Core IGA,RPA+,Access Assurance Suite,,1TpaZ00000005nhSAA,,,Tech,,,False,,False,,,,,,Taxable,,,,With Account,False,,,,True,
True,2026-01-10T16:00:00.000+0000,,,,,False,False,Allowed,USD,,Automated Analytics Getting Started Services,OrderLineItem,Services,,,,,,,,Services,Automated Analytics Getting Started Services - Services,BU54,Services,,DAY351DD00000CWt10,False,False,,True,True,False,InterMapper,8076469E-1216-F011-9989-7C1E520D74BA,IM06003,Services,Automated Analytics Getting Started Services,,,Network Monitoring,Order Line Only,aAuct000000Fme3CAC,Tech,InterMapper,,NW-INT-NRST-AAGSS,Services,,,One Time,,,,1 Each,,,Non-Recurring Services Sales - Training,RC_45000,Pre Pay Service,,,As Delivered,Deferred,Network Monitoring,RPA+,InterMapper,,1TpaZ00000005nhSAA,,,Tech,,,False,,False,,,,,,Taxable,,,,With Account,False,,,,True,
True,2026-01-10T03:00:00.000+0000,11BaZ000008qwn5UAA,,,,False,False,Allowed,USD,,Hourly Services,OrderLineItem,Per Hour  | Services,,,,,,,,Services,Hourly Services - Services,BU54,Services,,LAYpP1DD00000CWt10,False,False,,True,True,False,InterMapper,B2D0E15D-4644-E511-80C7-005056840EFE,IM05900,Services,Hourly Services,,,Network Monitoring,Order Line Only,aAuct000000Fme3CAC,Tech,Intermapper,,NW-INT-NRST-HOURLY,Services,,,One Time,,,,1 Each,,,Non-Recurring Services Sales - Training,RC_45000,Pre Pay Service,,,As Delivered,Deferred,Network Monitoring,RPA+,Intermapper,,1TpaZ00000005nhSAA,,,Tech,,,False,,False,,,,,,Taxable,,,,With Account,False,,,,True,
True,2026-01-10T05:00:00.000+0000,,,,,False,False,Allowed,USD,,Getting Started Services,OrderLineItem,Services,,,,,,,,Services,Getting Started Services - Services,BU54,Services,,LAYjL1DD00000CWt10,False,False,,True,True,False,InterMapper,D9554892-9EF1-E811-80F5-0050569F6BB1,IM05906,Services,Getting Started Services,,,Network Monitoring,Order Line Only,aAuct000000Fme3CAC,Tech,Intermapper,,NW-INT-NRSU-GETTSE,Services,,,One Time,,,,1 Each,,,Non-Recurring Services Sales - Set Up,RC_45001,Pre Pay Service,,,As Delivered,Deferred,Network Monitoring,RPA+,Intermapper,,1TpaZ00000005nhSAA,,,Tech,,,False,,False,,,,,,Taxable,,,,With Account,False,,,,True,
True,2026-01-10T13:00:00.000+0000,11Bct0000051QpKEAU,,,,False,False,Allowed,USD,,CTS Travel Expense,OrderLineItem,Services | Billed as Incurred,,,,,,,,Services,CTS Travel Expense - Services,BU52,Services,,TAYK91DD00000CWt10,False,False,,True,True,False,Core CTS,"B616212D-FF56-E911-80F9-0050569F6BB1, A4B9D589-B9FB-ED11-8849-6045BDF05170","CT01909, CT01910",Services,CTS Travel Expense,,,Offensive Security,Order Line Only,aAuct000000FmcECAS,Cyber,Core Impact,,OS-CI-NRSE-CTSTRE,Services,,,One Time,,,,Quantity,,,Non-Recurring Services Sales - Services Expense Reimbursements,RC_45002,License,,,Expense Reimbursement,Invoice,Offensive Security,Offensive Security,Core Impact,,1TpaZ00000005nhSAA,,,Cyber,,,False,,False,,,,,,Taxable,,,,With Account,False,,,,True,
True,2026-01-10T18:00:00.000+0000,11Bct0000051QpNEAU,,,,False,False,Allowed,USD,,CTS Services,OrderLineItem,Services | Online Full Day,,,,,,,,Services,CTS Services - Services,BU52,Services,,DAYp01DD00000CWt10,False,False,,True,True,False,Core CTS,"F505608D-FE56-E911-80F9-0050569F6BB1, 9DF0D4B8-FE56-E911-80F9-0050569F6BB1, B7B89DF1-FE56-E911-80F9-0050569F6BB1","CT01906, CT01907, CT01908",Services,CTS Services,,,Offensive Security,Order Line Only,aAuct000000FmcECAS,Cyber,Core Impact,,OS-CI-NRST-CTSSER,Services,,,One Time,,,,Quantity,,,Non-Recurring Services Sales - Training,RC_45000,Pre Pay Service,,,As Delivered,Deferred,Offensive Security,Offensive Security,Core Impact,,1TpaZ00000005nhSAA,,,Cyber,,,False,,False,,,,,,Taxable,,,,With Account,False,,,,True,
True,2026-01-10T13:00:00.000+0000,11Bct0000051QpKEAU,,,,False,False,Allowed,USD,,CTS Training,,Services | Impact Certified Professional (CICP) Online,,,,,,,,Training,CTS Training - Services,BU52,Training,,TAYI91DD00000CWt10,False,False,,True,True,False,Core CTS,"9566E0F1-FF56-E911-80F9-0050569F6BB1, D509890B-0057-E911-80F9-0050569F6BB1, 4D2E8AD1-2507-EA11-8101-0050569F6BB1","CT01915, CT01916, CT01920",Services,CTS Training,,,Offensive Security,Order Line Only,aAuct000000FmcECAS,Cyber,Core Impact,,OS-CI-NRST-CTSTRA,Services,,,One Time,,,,Quantity,,,Non-Recurring Services Sales - Training,RC_45000,Pre Pay Service,,,As Delivered,Deferred,Offensive Security,Offensive Security,Core Impact,,1TpaZ00000005nhSAA,,,Cyber,,,False,,False,,,,,,Taxable,,,,With Account,False,,,,True,
True,2026-01-09T18:00:00.000+0000,11Bct0000051QpNEAU,,,,False,False,Allowed,USD,,SCS Services,OrderLineItem,Per Hour  | Services | Hourly - On Demand Consulting,,,,,,,,Services,SCS Services - Services,BU52,Services,,DAY2e1DD00000CWt10,False,False,,True,True,False,Core SCS,78304AD3-F898-E911-80FC-0050569F6BB1,CT01918,Services,SCS Services,,,Offensive Security,Order Line Only,aAuct000000FmcECAS,Cyber,Core Impact,,OS-CI-NRST-SCSS,Services,,,One Time,,,,Quantity,,,Non-Recurring Services Sales - Training,RC_45000,Pre Pay Service,,,As Delivered,Deferred,Offensive Security,Offensive Security,Core Impact,,1TpaZ00000005nhSAA,,,Cyber,,,False,,False,,,,,,Taxable,,,,With Account,False,,,,True,
True,2026-01-10T14:00:00.000+0000,,1BPaZ0000000wlZWAQ,,,False,False,Allowed,USD,,CSCO I Course,OrderLineItem,Services,,,,,,,,Services,CSCO I Course - Services,BU52,Services,,DAYg71DD00000CWt10,False,False,,True,True,False,Cobalt Strike,E8C29A80-9238-EF11-8409-000D3A157801,CB00500,Services,CSCO I Course,,,Offensive Security,Order Line Only,aAuct000000FmcECAS,Cyber,Cobalt Strike,,OS-COS-NRST-CIC1S,Services,,,Term Based - Annual,,,,Quantity,,,Non-Recurring Services Sales - Training,RC_45000,Software Maintenance Single SKU,,,As Delivered,Deferred,Offensive Security,Offensive Security,Cobalt Strike,,1TpaZ00000005nhSAA,,,Cyber,,,False,,False,,,,,,Taxable,,,,With Account,False,,,,True,
True,2026-01-10T14:00:00.000+0000,,1BPaZ0000000wlZWAQ,,,False,False,Allowed,USD,,CSCO II Course,OrderLineItem,Services,,,,,,,,Services,CSCO II Course - Services,BU52,Services,,DAYi71DD00000CWt10,False,False,,True,True,False,Cobalt Strike,7E0CD57F-9238-EF11-8409-000D3A1613DD,CB00501,Services,CSCO II Course,,,Offensive Security,Order Line Only,aAuct000000FmcECAS,Cyber,Cobalt Strike,,OS-COS-NRST-CIC2S,Services,,,Term Based - Annual,,,,Quantity,,,Non-Recurring Services Sales - Training,RC_45000,Software Maintenance Single SKU,,,As Delivered,Deferred,Offensive Security,Offensive Security,Cobalt Strike,,1TpaZ00000005nhSAA,,,Cyber,,,False,,False,,,,,,Taxable,,,,With Account,False,,,,True,
True,2026-01-10T14:00:00.000+0000,,1BPaZ0000000wlZWAQ,,,False,False,Allowed,USD,,CSCO I & II Course,OrderLineItem,Services,,,,,,,,Services,CSCO I & II Course - Services,BU52,Services,,DAYh71DD00000CWt10,False,False,,True,True,False,Cobalt Strike,7F0CD57F-9238-EF11-8409-000D3A1613DD,CB00502,Services,CSCO I & II Course,,,Offensive Security,Order Line Only,aAuct000000FmcECAS,Cyber,Cobalt Strike,,OS-COS-NRST-CIICS,Services,,,Term Based - Annual,,,,Quantity,,,Non-Recurring Services Sales - Training,RC_45000,Software Maintenance Single SKU,,,As Delivered,Deferred,Offensive Security,Offensive Security,Cobalt Strike,,1TpaZ00000005nhSAA,,,Cyber,,,False,,False,,,,,,Taxable,,,,With Account,False,,,,True,
True,2026-01-09T23:00:00.000+0000,11Bct0000051QpNEAU,,,,False,False,Allowed,USD,,Offensive Security Services,OrderLineItem,Services | Red Team,,,,,,,,Services,Offensive Security Services - Services,BU52,Services,,LAYfT1DD00000CWt10,False,False,,True,True,False,Outflank,"71B9CF61-4E43-ED11-BBA1-000D3A8FB7A8, 628FD8BE-4D43-ED11-BBA1-000D3A8FB7A8","OF00111, OF00112",Services,Offensive Security Services,,,Offensive Security,Order Line Only,aAuct000000FmcECAS,Cyber,Outflank Security,,OS-OFS-NRST-OFFESE,Services,,,One Time,,,,Quantity,,,Non-Recurring Services Sales - Training,RC_45000,Pre Pay Service,,,As Delivered,Deferred,Offensive Security,Offensive Security,Outflank Security,,1TpaZ00000005nhSAA,,,Cyber,,,False,,False,,,,,,Taxable,,,,With Account,False,,,,True,
True,2026-01-10T15:00:00.000+0000,,,,,False,False,Allowed,USD,,BoKS Certification Test,,Services,,,,,,,,Training,BoKS Certification Test - Services,BU54,Training,,TAYJ51DD00000CWt10,False,False,,True,True,False,PowertechX,0A7BD0FD-BB02-E811-80EB-0050569F6BB1,FT01924,Services,BoKS Certification Test,,,Powertech Identity & Access Manager (BoKS),Order Line Only,aAuct000000Fme4CAC,Tech,Powertech Identity & Access Manager (BoKS),,PIA-PIA-NROR-BOKSCE,Services,,,One Time,,,,1 Each,,,Non-Recurring Other Revenue Sales - Other,RC_46000,License,,,Upfront,Invoice,Powertech Identity & Access Manager (BoKS),RPA+,Powertech Identity & Access Manager (BoKS),,1TpaZ00000005nhSAA,,,Tech,,,False,,False,,,,,,Taxable,,,,With Account,False,,,,True,
True,2026-01-09T21:00:00.000+0000,11Bct0000051QpKEAU,,,,False,False,Allowed,USD,,Powertech Identity & Access Manager (BoKS) Services Expense,OrderLineItem,Services | Expense,,,,,,,,Services,Powertech Identity & Access Manager (BoKS) Services Expense - Services,BU54,Services,,DAYxb1DD00000CWt10,False,False,,True,True,False,PowertechX,087BD0FD-BB02-E811-80EB-0050569F6BB1,FT01909,Services,Powertech Identity & Access Manager (BoKS) Services Expense,,,Powertech Identity & Access Manager (BoKS),Order Line Only,aAuct000000Fme4CAC,Tech,Powertech Identity & Access Manager (BoKS),,PIA-PIA-NRSE-PIAMSE,Services,,,One Time,,,,Quantity,,,Non-Recurring Services Sales - Services Expense Reimbursements,RC_45002,License,,,Expense Reimbursement,Invoice,Powertech Identity & Access Manager (BoKS),RPA+,Powertech Identity & Access Manager (BoKS),,1TpaZ00000005nhSAA,,,Tech,,,False,,False,,,,,,Taxable,,,,With Account,False,,,,True,
True,2026-01-09T21:00:00.000+0000,11Bct0000051QpOEAU,,,,False,False,Allowed,USD,,Powertech Identity & Access Manager (BoKS) Services,OrderLineItem,Per Hour  | Services | Hourly,,,,,,,,Services,Powertech Identity & Access Manager (BoKS) Services - Services,BU54,Services,,DAYwb1DD00000CWt10,False,False,,True,True,False,PowertechX,"FE7AD0FD-BB02-E811-80EB-0050569F6BB1, 007BD0FD-BB02-E811-80EB-0050569F6BB1, 027BD0FD-BB02-E811-80EB-0050569F6BB1, 047BD0FD-BB02-E811-80EB-0050569F6BB1, 067BD0FD-BB02-E811-80EB-0050569F6BB1","FT01904, FT01905, FT01906, FT01907, FT01908",Services,Powertech Identity & Access Manager (BoKS) Services,,,Powertech Identity & Access Manager (BoKS),Order Line Only,aAuct000000Fme4CAC,Tech,Powertech Identity & Access Manager (BoKS),,PIA-PIA-NRST-POID,Services,,,One Time,,,,Quantity,,,Non-Recurring Services Sales - Training,RC_45000,Pre Pay Service,,,As Delivered,Deferred,Powertech Identity & Access Manager (BoKS),RPA+,Powertech Identity & Access Manager (BoKS),,1TpaZ00000005nhSAA,,,Tech,,,False,,False,,,,,,Taxable,,,,With Account,False,,,,True,
True,2026-01-09T04:00:00.000+0000,,,,,False,False,Allowed,USD,,Automate Desktop Update,OrderLineItem,Services,,,,,,,,Services,Automate Desktop Update - Services,BU55,Services,,TAYL02DD00000CWt10,False,False,,True,True,False,AutoMate,2d944ce7-24d1-f011-bbd2-00224825add3,AM01966,Services,Automate Desktop Update,,,Robotic Process Automation,Order Line Only,aAuct000000Fme5CAC,Tech,Automate Desktop,,RPA-AUD-NRST-ADUS,Services,,,One Time,,,,Quantity,,,Non-Recurring Services Sales - Training,RC_45000,Services,,,As Delivered,Deferred,Robotic Process Automation,RPA+,Automate Desktop,,1TpaZ00000005nhSAA,,,Tech,,,False,,False,,,,,,Taxable,,,,With Account,False,,,,True,
True,2026-01-10T16:00:00.000+0000,,,,,False,False,Allowed,USD,,Automate Services Expense,OrderLineItem,Services,,,,,,,,Services,Automate Services Expense - Services,BU55,Services,,DAYx41DD00000CWt10,False,False,,True,True,False,AutoMate,E424B877-7F5D-E611-80DA-0050569F6BB1,AM01909,Services,Automate Services Expense,,,Robotic Process Automation,Order Line Only,aAuct000000Fme5CAC,Tech,Automate,,RPA-AUT-NRSE-AUSE,Services,,,One Time,,,,1 Each,,,Non-Recurring Services Sales - Services Expense Reimbursements,RC_45002,License,,,Expense Reimbursement,Invoice,Robotic Process Automation,RPA+,Automate,,1TpaZ00000005nhSAA,,,Tech,,,False,,False,,,,,,Taxable,,,,With Account,False,,,,True,
True,2026-01-10T16:00:00.000+0000,11Bct0000051QpKEAU,,,,False,False,Allowed,USD,,Automate Desktop Developer Training,,Services | Private ILT - Up to 5 Attendees,,,,,,,,Training,Automate Desktop Developer Training - Services,BU55,Training,,DAYt31DD00000CWt10,False,False,,True,True,False,AutoMate,"9890CC7F-3C11-EE11-8F6D-6045BDEC3050, 444E4C6F-D4C6-EF11-B8E8-000D3A1920F9, 624E4C6F-D4C6-EF11-B8E8-000D3A1920F9","AM01930, AM01996, AM01997",Services,Automate Desktop Developer Training,,,Robotic Process Automation,Order Line Only,aAuct000000Fme5CAC,Tech,Automate,,RPA-AUT-NRST-ADDT,Services,,,One Time,,,,1 Each,,,Non-Recurring Services Sales - Training,RC_45000,Pre Pay Service,,,As Delivered,Deferred,Robotic Process Automation,RPA+,Automate,,1TpaZ00000005nhSAA,,,Tech,,,False,,False,,,,,,Taxable,,,,With Account,False,,,,True,
True,2026-01-10T16:00:00.000+0000,11Bct0000051QpKEAU,,,,False,False,Allowed,USD,,Automate Desktop Fundamentals Training,,Services | Private ILT - Extra Student,,,,,,,,Training,Automate Desktop Fundamentals Training - Services,BU55,Training,,DAYu31DD00000CWt10,False,False,,True,True,False,AutoMate,"4AC7EB6E-D4C6-EF11-B8E8-0022481C6241, D2A7CE6C-D4C6-EF11-B8E8-7C1E520AFD2F, C7A7CE6C-D4C6-EF11-B8E8-7C1E520AFD2F","AM01945, AM01946, AM01947",Services,Automate Desktop Fundamentals Training,,,Robotic Process Automation,Order Line Only,aAuct000000Fme5CAC,Tech,Automate,,RPA-AUT-NRST-ADFT,Services,,,One Time,,,,Quantity,,,Non-Recurring Services Sales - Training,RC_45000,Pre Pay Service,,,As Delivered,Deferred,Robotic Process Automation,RPA+,Automate,,1TpaZ00000005nhSAA,,,Tech,,,False,,False,,,,,,Taxable,,,,With Account,False,,,,True,
True,2026-01-10T16:00:00.000+0000,,,,,False,False,Allowed,USD,,Automate Desktop to Plus Training,,Services,,,,,,,,Training,Automate Desktop to Plus Training - Services,BU55,Training,,DAYv31DD00000CWt10,False,False,,True,True,False,AutoMate,C3CC4A7D-3C11-EE11-8F6D-6045BDD9CA46,AM01932,Services,Automate Desktop to Plus Training,,,Robotic Process Automation,Order Line Only,aAuct000000Fme5CAC,Tech,Automate,,RPA-AUT-NRST-ADTPT,Services,,,One Time,,,,1 Each,,,Non-Recurring Services Sales - Training,RC_45000,Pre Pay Service,,,As Delivered,Deferred,Robotic Process Automation,RPA+,Automate,,1TpaZ00000005nhSAA,,,Tech,,,False,,False,,,,,,Taxable,,,,With Account,False,,,,True,
True,2026-01-10T16:00:00.000+0000,,,,,False,False,Allowed,USD,,Automate Expert Training,,Services,,,,,,,,Training,Automate Expert Training - Services,BU55,Training,,DAY941DD00000CWt10,False,False,,True,True,False,AutoMate,9190CC7F-3C11-EE11-8F6D-6045BDEC3050,AM01936,Services,Automate Expert Training,,,Robotic Process Automation,Order Line Only,aAuct000000Fme5CAC,Tech,Automate,,RPA-AUT-NRST-AET,Services,,,One Time,,,,1 Each,,,Non-Recurring Services Sales - Training,RC_45000,Pre Pay Service,,,As Delivered,Deferred,Robotic Process Automation,RPA+,Automate,,1TpaZ00000005nhSAA,,,Tech,,,False,,False,,,,,,Taxable,,,,With Account,False,,,,True,
True,2026-01-10T16:00:00.000+0000,,,,,False,False,Allowed,USD,,Automate Health Check,OrderLineItem,Services,,,,,,,,Services,Automate Health Check - Services,BU55,Services,,TAYE41DD00000CWt10,False,False,,True,True,False,AutoMate,A8F9007D-3C11-EE11-8F6D-6045BDD9C62D,AM01938,Services,Automate Health Check,,,Robotic Process Automation,Order Line Only,aAuct000000Fme5CAC,Tech,Automate,,RPA-AUT-NRST-AHC,Services,,,One Time,,,,Quantity,,,Non-Recurring Services Sales - Training,RC_45000,Pre Pay Service,,,As Delivered,Deferred,Robotic Process Automation,RPA+,Automate,,1TpaZ00000005nhSAA,,,Tech,,,False,,False,,,,,,Taxable,,,,With Account,False,,,,True,
True,2026-01-10T17:00:00.000+0000,11Bct0000051QpKEAU,,,,False,False,Allowed,USD,,AIC Resident Engineer,OrderLineItem,Services | Basic,,,,,,,,Services,AIC Resident Engineer - Services,BU55,Services,,DAYz11DD00000CWt10,False,False,,True,True,False,AutoMate,"9EAB0083-3C11-EE11-8F6D-6045BDD9C62D, C6CC4A7D-3C11-EE11-8F6D-6045BDD9CA46, 9990CC7F-3C11-EE11-8F6D-6045BDEC3050","AM01927, AM01928, AM01929",Services,AIC Resident Engineer,,,Robotic Process Automation,Order Line Only,aAuct000000Fme5CAC,Tech,Automate,,RPA-AUT-NRST-AICRES,Services,,,One Time,,,,1 Each,,,Non-Recurring Services Sales - Training,RC_45000,Pre Pay Service,,,As Delivered,Deferred,Robotic Process Automation,RPA+,Automate,,1TpaZ00000005nhSAA,,,Tech,,,False,,False,,,,,,Taxable,,,,With Account,False,,,,True,
True,2026-01-10T17:00:00.000+0000,11Bct0000051QpKEAU,,,,False,False,Allowed,USD,,AIC Training,,Services | AIC Automation Associate Training,,,,,,,,Training,AIC Training - Services,BU55,Training,,DAY021DD00000CWt10,False,False,,True,True,False,AutoMate,C9CC4A7D-3C11-EE11-8F6D-6045BDD9CA46,AM01923,Services,AIC Training,,,Robotic Process Automation,Order Line Only,aAuct000000Fme5CAC,Tech,Automate,,RPA-AUT-NRST-AICTRA,Services,,,One Time,,,,1 Each,,,Non-Recurring Services Sales - Training,RC_45000,Pre Pay Service,,,As Delivered,Deferred,Robotic Process Automation,RPA+,Automate,,1TpaZ00000005nhSAA,,,Tech,,,False,,False,,,,,,Taxable,,,,With Account,False,,,,True,
True,2026-01-10T16:00:00.000+0000,,,,,False,False,Allowed,USD,,Automate Migration Services,OrderLineItem,Services,,,,,,,,Services,Automate Migration Services - Services,BU55,Services,,TAYO41DD00000CWt10,False,False,,True,True,False,AutoMate,A3F9007D-3C11-EE11-8F6D-6045BDD9C62D,AM01939,Services,Automate Migration Services,,,Robotic Process Automation,Order Line Only,aAuct000000Fme5CAC,Tech,Automate,,RPA-AUT-NRST-AMS,Services,,,One Time,,,,Quantity,,,Non-Recurring Services Sales - Training,RC_45000,Pre Pay Service,,,As Delivered,Deferred,Robotic Process Automation,RPA+,Automate,,1TpaZ00000005nhSAA,,,Tech,,,False,,False,,,,,,Taxable,,,,With Account,False,,,,True,
True,2026-01-10T16:00:00.000+0000,11Bct0000051QpOEAU,,,,False,False,Allowed,USD,,Automate Online Services,OrderLineItem,Days Full Day | Services | Online Services - Full Day,,,,,,,,Services,Automate Online Services - Services,BU55,Services,,TAYT41DD00000CWt10,False,False,,True,True,False,AutoMate,DE24B877-7F5D-E611-80DA-0050569F6BB1,AM01906,Services,Automate Online Services,,,Robotic Process Automation,Order Line Only,aAuct000000Fme5CAC,Tech,Automate,,RPA-AUT-NRST-AOS,Services,,,One Time,,,,1 Each,,,Non-Recurring Services Sales - Training,RC_45000,Pre Pay Service,,,As Delivered,Deferred,Robotic Process Automation,RPA+,Automate,,1TpaZ00000005nhSAA,,,Tech,,,False,,False,,,,,,Taxable,,,,With Account,False,,,,True,
True,2026-01-10T16:00:00.000+0000,11Bct0000051QpKEAU,,,,False,False,Allowed,USD,,Automate On-site Services,OrderLineItem,Services | Full Day,,,,,,,,Services,Automate On-site Services - Services,BU55,Services,,TAYS41DD00000CWt10,False,False,,True,True,False,AutoMate,E024B877-7F5D-E611-80DA-0050569F6BB1,AM01907,Services,Automate On-site Services,,,Robotic Process Automation,Order Line Only,aAuct000000Fme5CAC,Tech,Automate,,RPA-AUT-NRST-AOSSS,Services,,,One Time,,,,Quantity,,,Non-Recurring Services Sales - Training,RC_45000,Pre Pay Service,,,As Delivered,Deferred,Robotic Process Automation,RPA+,Automate,,1TpaZ00000005nhSAA,,,Tech,,,False,,False,,,,,,Taxable,,,,With Account,False,,,,True,
True,2026-01-10T16:00:00.000+0000,11Bct0000051QpKEAU,,,,False,False,Allowed,USD,,Automate Online Training,,Services | Automate Desktop,,,,,,,,Training,Automate Online Training - Services,BU55,Training,,TAYU41DD00000CWt10,False,False,,True,True,False,AutoMate,"8E24B877-7F5D-E611-80DA-0050569F6BB1, 9024B877-7F5D-E611-80DA-0050569F6BB1","AM01950, AM01951",Services,Automate Online Training,,,Robotic Process Automation,Order Line Only,aAuct000000Fme5CAC,Tech,Automate,,RPA-AUT-NRST-AOT,Services,,,One Time,,,,1 Each,,,Non-Recurring Services Sales - Training,RC_45000,Pre Pay Service,,,As Delivered,Deferred,Robotic Process Automation,RPA+,Automate,,1TpaZ00000005nhSAA,,,Tech,,,False,,False,,,,,,Taxable,,,,With Account,False,,,,True,
True,2026-01-10T16:00:00.000+0000,11Bct0000051QpKEAU,,,,False,False,Allowed,USD,,Automate Plus Certification,,Services | Private ILT - Up to 5 Attendees,,,,,,,,Training,Automate Plus Certification - Services,BU55,Training,,DAYe41DD00000CWt10,False,False,,True,True,False,AutoMate,"C0A7CE6C-D4C6-EF11-B8E8-7C1E520AFD2F, 954E4C6F-D4C6-EF11-B8E8-000D3A1920F9, 7AA098B6-18C5-E911-80FF-0050569F6BB1, 7E4E4C6F-D4C6-EF11-B8E8-000D3A1920F9","AM01948, AM01949, AM01965, AM01995",Services,Automate Plus Certification,,,Robotic Process Automation,Order Line Only,aAuct000000Fme5CAC,Tech,Automate,,RPA-AUT-NRST-APC,Services,,,One Time,,,,1 Each,,,Non-Recurring Services Sales - Training,RC_45000,Pre Pay Service,,,As Delivered,Deferred,Robotic Process Automation,RPA+,Automate,,1TpaZ00000005nhSAA,,,Tech,,,False,,False,,,,,,Taxable,,,,With Account,False,,,,True,
True,2026-01-10T16:00:00.000+0000,11Bct0000051QpKEAU,,,,False,False,Allowed,USD,,Automate Plus Developer Training,,Services | Private ILT - Extra Student,,,,,,,,Training,Automate Plus Developer Training - Services,BU55,Training,,DAYf41DD00000CWt10,False,False,,True,True,False,AutoMate,"8E4E4C6F-D4C6-EF11-B8E8-000D3A1920F9, 964E4C6F-D4C6-EF11-B8E8-000D3A1920F9, D4A7CE6C-D4C6-EF11-B8E8-7C1E520AFD2F","AM01990, AM01991, AM01992",Services,Automate Plus Developer Training,,,Robotic Process Automation,Order Line Only,aAuct000000Fme5CAC,Tech,Automate,,RPA-AUT-NRST-APDT,Services,,,One Time,,,,Quantity,,,Non-Recurring Services Sales - Training,RC_45000,Pre Pay Service,,,As Delivered,Deferred,Robotic Process Automation,RPA+,Automate,,1TpaZ00000005nhSAA,,,Tech,,,False,,False,,,,,,Taxable,,,,With Account,False,,,,True,
True,2026-01-10T16:00:00.000+0000,11Bct0000051QpKEAU,,,,False,False,Allowed,USD,,Automate Plus Fundamentals Training,,Services | Private ILT - Up to 5 Attendees,,,,,,,,Training,Automate Plus Fundamentals Training - Services,BU55,Training,,DAYg41DD00000CWt10,False,False,,True,True,False,AutoMate,"A2F9007D-3C11-EE11-8F6D-6045BDD9C62D, 854E4C6F-D4C6-EF11-B8E8-000D3A1920F9, 93A7CE6C-D4C6-EF11-B8E8-7C1E520AFD2F","AM01937, AM01993, AM01994",Services,Automate Plus Fundamentals Training,,,Robotic Process Automation,Order Line Only,aAuct000000Fme5CAC,Tech,Automate,,RPA-AUT-NRST-APFT,Services,,,One Time,,,,1 Each,,,Non-Recurring Services Sales - Training,RC_45000,Pre Pay Service,,,As Delivered,Deferred,Robotic Process Automation,RPA+,Automate,,1TpaZ00000005nhSAA,,,Tech,,,False,,False,,,,,,Taxable,,,,With Account,False,,,,True,
True,2026-01-10T16:00:00.000+0000,11Bct0000051QpKEAU,,,,False,False,Allowed,USD,,Automate Resident Engineer,OrderLineItem,Services | Basic,,,,,,,,Services,Automate Resident Engineer - Services,BU55,Services,,DAYs41DD00000CWt10,False,False,,True,True,False,AutoMate,"BCCC4A7D-3C11-EE11-8F6D-6045BDD9CA46, 8E90CC7F-3C11-EE11-8F6D-6045BDEC3050, 8690CC7F-3C11-EE11-8F6D-6045BDEC3050","AM01940, AM01941, AM01942",Services,Automate Resident Engineer,,,Robotic Process Automation,Order Line Only,aAuct000000Fme5CAC,Tech,Automate,,RPA-AUT-NRST-ARE,Services,,,One Time,,,,1 Each,,,Non-Recurring Services Sales - Training,RC_45000,Pre Pay Service,,,As Delivered,Deferred,Robotic Process Automation,RPA+,Automate,,1TpaZ00000005nhSAA,,,Tech,,,False,,False,,,,,,Taxable,,,,With Account,False,,,,True,
True,2026-01-10T16:00:00.000+0000,,,,,False,False,Allowed,USD,,Automation Audit,OrderLineItem,Services,,,,,,,,Services,Automation Audit - Services,BU55,Services,,DAY451DD00000CWt10,False,False,,True,True,False,AutoMate,A024B877-7F5D-E611-80DA-0050569F6BB1,AM01959,Services,Automation Audit,,,Robotic Process Automation,Order Line Only,aAuct000000Fme5CAC,Tech,Automate,,RPA-AUT-NRST-AUAU,Services,,,One Time,,,,1 Each,,,Non-Recurring Services Sales - Training,RC_45000,Pre Pay Service,,,As Delivered,Deferred,Robotic Process Automation,RPA+,Automate,,1TpaZ00000005nhSAA,,,Tech,,,False,,False,,,,,,Taxable,,,,With Account,False,,,,True,
True,2026-01-10T16:00:00.000+0000,11BaZ000008qwn5UAA,,,,False,False,Allowed,USD,,Automate Hourly Services,OrderLineItem,Per Hour  | Services,,,,,,,,Services,Automate Hourly Services - Services,BU55,Services,,TAYF41DD00000CWt10,False,False,,True,True,False,AutoMate,DA24B877-7F5D-E611-80DA-0050569F6BB1,AM01904,Services,Automate Hourly Services,,,Robotic Process Automation,Order Line Only,aAuct000000Fme5CAC,Tech,Automate,,RPA-AUT-NRST-AUHO,Services,,,One Time,,,,Quantity,,,Non-Recurring Services Sales - Training,RC_45000,Pre Pay Service,,,As Delivered,Deferred,Robotic Process Automation,RPA+,Automate,,1TpaZ00000005nhSAA,,,Tech,,,False,,False,,,,,,Taxable,,,,With Account,False,,,,True,
True,2026-01-10T16:00:00.000+0000,11Bct0000051QpKEAU,,,,False,False,Allowed,USD,,Automate POC Services,OrderLineItem,Services | Proof of Concept Discovery,,,,,,,,Services,Automate POC Services - Services,BU55,Services,,DAYh41DD00000CWt10,False,False,,True,True,False,AutoMate,A9741E78-DA39-E911-80F8-0050569F6BB1,AM01915,Services,Automate POC Services,,,Robotic Process Automation,Order Line Only,aAuct000000Fme5CAC,Tech,Automate,,RPA-AUT-NRST-AUPO,Services,,,One Time,,,,1 Each,,,Non-Recurring Services Sales - Training,RC_45000,Pre Pay Service,,,As Delivered,Deferred,Robotic Process Automation,RPA+,Automate,,1TpaZ00000005nhSAA,,,Tech,,,False,,False,,,,,,Taxable,,,,With Account,False,,,,True,
True,2026-01-10T16:00:00.000+0000,11Bct0000051QpKEAU,,,,False,False,Allowed,USD,,Automate Upgrade Services,OrderLineItem,Services | Automate Upgrade (Desktop to Plus),,,,,,,,Services,Automate Upgrade Services - Services,BU55,Services,,DAY251DD00000CWt10,False,False,,True,True,False,AutoMate,"BACC4A7D-3C11-EE11-8F6D-6045BDD9CA46, 9FF9007D-3C11-EE11-8F6D-6045BDD9C62D","AM01943, AM01944",Services,Automate Upgrade Services,,,Robotic Process Automation,Order Line Only,aAuct000000Fme5CAC,Tech,Automate,,RPA-AUT-NRST-AUUP,Services,,,One Time,,,,Quantity,,,Non-Recurring Services Sales - Training,RC_45000,Pre Pay Service,,,As Delivered,Deferred,Robotic Process Automation,RPA+,Automate,,1TpaZ00000005nhSAA,,,Tech,,,False,,False,,,,,,Taxable,,,,With Account,False,,,,True,
True,2026-01-10T15:00:00.000+0000,11Bct0000051QpKEAU,,,,False,False,Allowed,USD,,Build-A-Bot Workshop,,Services | Build-A-Bot Workshop,,,,,,,,Training,Build-A-Bot Workshop - Services,BU55,Training,,TAYL51DD00000CWt10,False,False,,True,True,False,AutoMate,AEFE2C83-3C11-EE11-8F6D-6045BDD9C133,AM01931,Services,Build-A-Bot Workshop,,,Robotic Process Automation,Order Line Only,aAuct000000Fme5CAC,Tech,Automate,,RPA-AUT-NRST-BABWS,Services,,,One Time,,,,Quantity,,,Non-Recurring Services Sales - Training,RC_45000,Pre Pay Service,,,As Delivered,Deferred,Robotic Process Automation,RPA+,Automate,,1TpaZ00000005nhSAA,,,Tech,,,False,,False,,,,,,Taxable,,,,With Account,False,,,,True,
True,2026-01-10T17:00:00.000+0000,,,,,False,False,Allowed,USD,,AIC Quickstart Services,OrderLineItem,Services,,,,,,,,Services,AIC Quickstart Services - Services,BU55,Services,,DAYy11DD00000CWt10,False,False,,True,True,False,AutoMate,C6FE0B3D-690F-EE11-8F6D-6045BDD9C2E1,AM01922,Services,AIC Quickstart Services,,,Robotic Process Automation,Order Line Only,aAuct000000Fme5CAC,Tech,Automate,,RPA-AUT-NRSU-AICQUI,Services,,,One Time,,,,1 Each,,,Non-Recurring Services Sales - Set Up,RC_45001,Pre Pay Service,,,As Delivered,Deferred,Robotic Process Automation,RPA+,Automate,,1TpaZ00000005nhSAA,,,Tech,,,False,,False,,,,,,Taxable,,,,With Account,False,,,,True,
True,2026-01-10T16:00:00.000+0000,11Bct0000051QpKEAU,,,,False,False,Allowed,USD,,Automate Quickstart Services,OrderLineItem,Services | Automate Desktop Quickstart,,,,,,,,Services,Automate Quickstart Services - Services,BU55,Services,,DAYq41DD00000CWt10,False,False,,True,True,False,AutoMate,"E62D873B-690F-EE11-8F6D-6045BDD9C62D, F32D6435-690F-EE11-8F6D-6045BDD9C133","AM01920, AM01921",Services,Automate Quickstart Services,,,Robotic Process Automation,Order Line Only,aAuct000000Fme5CAC,Tech,Automate,,RPA-AUT-NRSU-AQS,Services,,,One Time,,,,1 Each,,,Non-Recurring Services Sales - Set Up,RC_45001,Pre Pay Service,,,As Delivered,Deferred,Robotic Process Automation,RPA+,Automate,,1TpaZ00000005nhSAA,,,Tech,,,False,,False,,,,,,Taxable,,,,With Account,False,,,,True,
True,2026-01-10T16:00:00.000+0000,11BaZ000008qwn5UAA,,,,False,False,Allowed,USD,,Automate Remote Services,OrderLineItem,Per Hour  | Services,,,,,,,,Services,Automate Remote Services - Services,BU55,Services,,DAYr41DD00000CWt10,False,False,,True,True,False,AutoMate,171839E2-CF38-EB11-8111-0050569F6BB1,AM01919,Services,Automate Remote Services,,,Robotic Process Automation,Order Line Only,aAuct000000Fme5CAC,Tech,Automate,,RPA-AUT-NRSU-AURE,Services,,,One Time,,,,Quantity,,,Non-Recurring Services Sales - Set Up,RC_45001,Pre Pay Service,,,As Delivered,Deferred,Robotic Process Automation,RPA+,Automate,,1TpaZ00000005nhSAA,,,Tech,,,False,,False,,,,,,Taxable,,,,With Account,False,,,,True,
True,2026-01-10T18:00:00.000+0000,11Bct0000051QpKEAU,1BPaZ0000000wlZWAQ,,,False,False,Allowed,USD,,AIC Expert Services,OrderLineItem,Services | Basic,,,,,,,,Services,AIC Expert Services - Services,BU55,Services,,DAYx11DD00000CWt10,False,False,,True,True,False,AutoMate,"5C53D2F8-9D12-EE11-8F6E-6045BDF05170, 185705F7-9D12-EE11-8F6E-6045BDEC3050, 0A5705F7-9D12-EE11-8F6E-6045BDEC3050","AM01924, AM01925, AM01926",Services,AIC Expert Services,,,Robotic Process Automation,Order Line Only,aAuct000000Fme5CAC,Tech,Automate,,RPA-AUT-RSP-AICEXP,Services,,,Term Based - Annual,,,,1 Each,,,Recurring Services Sales - Recurring Professional Services,RC_45004,Recurring Service,,,Spread Even,Deferred,Robotic Process Automation,RPA+,Automate,,1TpaZ00000005nhSAA,,,Tech,,,False,,False,,,,,,Taxable,,,,With Account,False,,,,True,
True,2026-01-10T16:00:00.000+0000,11Bct0000051QpKEAU,1BPaZ0000000wlZWAQ,,,False,False,Allowed,USD,,Automate Expert Services,OrderLineItem,Services | Basic,,,,,,,,Services,Automate Expert Services - Services,BU55,Services,,DAY841DD00000CWt10,False,False,,True,True,False,AutoMate,"BB31C3D6-9E12-EE11-8F6D-6045BDD9CA46, 2034A5D5-9E12-EE11-8F6E-6045BDD9C62D, 6B9E9DD5-9E12-EE11-8F6E-6045BDEC3050","AM01933, AM01934, AM01935",Services,Automate Expert Services,,,Robotic Process Automation,Order Line Only,aAuct000000Fme5CAC,Tech,Automate,,RPA-AUT-RSP-AUEX,Services,,,Term Based - Annual,,,,1 Each,,,Recurring Services Sales - Recurring Professional Services,RC_45004,Recurring Service,,,Spread Even,Deferred,Robotic Process Automation,RPA+,Automate,,1TpaZ00000005nhSAA,,,Tech,,,False,,False,,,,,,Taxable,,,,With Account,False,,,,True,
True,2026-01-09T15:00:00.000+0000,11Bct0000051QpKEAU,,,,False,False,Allowed,USD,,Tango Travel Expense,,Services | Billed as Incurred,,,,,,,,Services,Tango Travel Expense - Services,BU53,Services,,TAYUm1DD00000CWt10,False,False,,True,True,False,Tango04,"822AAA86-A17B-E711-80E5-0050569F6BB1, 7105C699-B9FB-ED11-8849-6045BDF05170","TN01909, TN01911",Services,Tango Travel Expense,,,Systems Management,Order Line Only,aAuct000000Fme0CAC,Tech,Data Monitor,,SM-DM-NRSE-TTE,Services,,,One Time,,,,Quantity,,,Non-Recurring Services Sales - Services Expense Reimbursements,RC_45002,License,,,Expense Reimbursement,Invoice,Systems Management,Power,Data Monitor,,1TpaZ00000005nhSAA,,,Tech,,,False,,False,,,,,,Taxable,,,,With Account,False,,,,True,
True,2026-01-09T15:00:00.000+0000,11Bct0000051QpOEAU,,,,False,False,Allowed,USD,,Tango Services,,Services | Service Expense,,,,,,,,Services,Tango Services - Services,BU53,Services,,TAYTm1DD00000CWt10,False,False,,True,True,False,Tango04,"DFE13698-06B7-E611-80DD-0050569F6BB1, 782AAA86-A17B-E711-80E5-0050569F6BB1, 7C2AAA86-A17B-E711-80E5-0050569F6BB1, 7E2AAA86-A17B-E711-80E5-0050569F6BB1","TG01909, TN01904, TN01906, TN01907",Services,Tango Services,,,Systems Management,Order Line Only,aAuct000000Fme0CAC,Tech,Data Monitor,,SM-DM-NRST-TANGOS,Services,,,One Time,,,,Quantity,,,Non-Recurring Services Sales - Training,RC_45000,License,,,As Delivered,Deferred,Systems Management,Power,Data Monitor,,1TpaZ00000005nhSAA,,,Tech,,,False,,False,,,,,,Taxable,,,,With Account,False,,,,True,
True,2026-01-10T03:00:00.000+0000,11Bct0000051QpKEAU,,,,False,False,Allowed,USD,,Halcyon Travel Expense,OrderLineItem,Services | Billed as Incurred,,,,,,,,Services,Halcyon Travel Expense - Services,BU53,Services,,1AYYP1DD00000CWt10,False,False,,True,True,False,Halcyon,"742BA253-DD58-E611-80DA-0050569F6BB1, 7644F182-B9FB-ED11-8849-6045BDF05170","HC01909, HC01911",Services,Halcyon Travel Expense,,,Systems Management,Order Line Only,aAuct000000Fme0CAC,Tech,Halcyon Exit Point Manager,,SM-HEP-NRSE-HTE,Services,,,One Time,,,,Quantity,,,Non-Recurring Services Sales - Services Expense Reimbursements,RC_45002,License,,,Expense Reimbursement,Invoice,Systems Management,Power,Halcyon Exit Point Manager,,1TpaZ00000005nhSAA,,,Tech,,,False,,False,,,,,,Taxable,,,,With Account,False,,,,True,
True,2026-01-10T03:00:00.000+0000,11Bct0000051QpOEAU,,,,False,False,Allowed,USD,,Halcyon Services,OrderLineItem,Per Hour  | Services | Hourly,,,,,,,,Services,Halcyon Services - Services,BU53,Services,,1AYWP1DD00000CWt10,False,False,,True,True,False,Halcyon,"6A2BA253-DD58-E611-80DA-0050569F6BB1, 6C2BA253-DD58-E611-80DA-0050569F6BB1, 6E2BA253-DD58-E611-80DA-0050569F6BB1, 702BA253-DD58-E611-80DA-0050569F6BB1, 722BA253-DD58-E611-80DA-0050569F6BB1","HC01904, HC01905, HC01906, HC01907, HC01908",Services,Halcyon Services,,,Systems Management,Order Line Only,aAuct000000Fme0CAC,Tech,Halcyon Exit Point Manager,,SM-HEP-NRST-HALCYO,Services,,,One Time,,,,Quantity,,,Non-Recurring Services Sales - Training,RC_45000,Pre Pay Service,,,As Delivered,Deferred,Systems Management,Power,Halcyon Exit Point Manager,,1TpaZ00000005nhSAA,,,Tech,,,False,,False,,,,,,Taxable,,,,With Account,False,,,,True,
True,2026-01-10T03:00:00.000+0000,11Bct0000051QpNEAU,1BPaZ0000000wlZWAQ,,,False,False,Allowed,USD,,Halcyon Recuring Services,OrderLineItem,Per Hour  | Services | Hourly - Recurring,,,,,,,,Services,Halcyon Recuring Services - Services,BU53,Services,,1AYXP1DD00000CWt10,False,False,,True,True,False,Halcyon,9725CE07-9E16-EF11-9F89-6045BDEC519D,HC01912,Services,Halcyon Recuring Services,,,Systems Management,Order Line Only,aAuct000000Fme0CAC,Tech,Halcyon Exit Point Manager,,SM-HEP-RSP-HLRS,Services,,,Term Based - Annual,,,,Quantity,,,Recurring Services Sales - Recurring Professional Services,RC_45004,Recurring Service,,,Spread Even,Deferred,Systems Management,Power,Halcyon Exit Point Manager,,1TpaZ00000005nhSAA,,,Tech,,,False,,False,,,,,,Taxable,,,,With Account,False,,,,True,
True,2026-01-10T15:00:00.000+0000,11Bct0000051QpKEAU,,,,False,False,Allowed,USD,,Capacity Planning with Performance Navigator Services,OrderLineItem,Services | Partner Reporting Review,,,,,,,,Services,Capacity Planning with Performance Navigator Services - Services,BU53,Services,,DAYi51DD00000CWt10,False,False,,True,True,False,Robot,"F68A5F24-ACF1-E811-80F5-0050569F6BB1, 0E51126B-15A1-EA11-810B-0050569F6BB1","MP00090, MP00091",Services,Capacity Planning with Performance Navigator Services,,,Systems Management,Order Line Only,aAuct000000Fme0CAC,Tech,Performance Navigator,,SM-PN-NRST-CPWPNS,Services,,,One Time,,,,Quantity,,,Non-Recurring Services Sales - Training,RC_45000,Pre Pay Service,,,As Delivered,Deferred,Systems Management,Power,Performance Navigator,,1TpaZ00000005nhSAA,,,Tech,,,False,,False,,,,,,Taxable,,,,With Account,False,,,,True,
True,2026-01-10T01:00:00.000+0000,11Bct0000051QpKEAU,,,,False,False,Allowed,USD,,MPG Capacity Planning with Performance Navigator,OrderLineItem,Services | Standard,,,,,,,,Services,MPG Capacity Planning with Performance Navigator - Services,BU53,Services,,LAYaR1DD00000CWt10,False,False,,True,True,False,Robot,"B0D7C73D-43CE-E811-80F3-0050569F6BB1, B2D7C73D-43CE-E811-80F3-0050569F6BB1","MP01912, MP01913",Services,MPG Capacity Planning with Performance Navigator,,,Systems Management,Order Line Only,aAuct000000Fme0CAC,Tech,Performance Navigator,,SM-PN-NRST-MPGC,Services,,,One Time,,,,Quantity,,,Non-Recurring Services Sales - Training,RC_45000,Pre Pay Service,,,As Delivered,Deferred,Systems Management,Power,Performance Navigator,,1TpaZ00000005nhSAA,,,Tech,,,False,,False,,,,,,Taxable,,,,With Account,False,,,,True,
True,2026-01-09T19:00:00.000+0000,11Bct0000051QpNEAU,,,,False,False,Allowed,USD,,Robot (MPG) Services,OrderLineItem,Per Hour  | Services | Hourly,,,,,,,,Services,Robot (MPG) Services - Services,BU53,Services,,1AYJY1DD00000CWt10,False,False,,True,True,False,Robot,A0D7C73D-43CE-E811-80F3-0050569F6BB1,MP01904,Services,Robot (MPG) Services,,,Systems Management,Order Line Only,aAuct000000Fme0CAC,Tech,Performance Navigator,,SM-PN-NRST-RMS,Services,,,One Time,,,,Quantity,,,Non-Recurring Services Sales - Training,RC_45000,Pre Pay Service,,,As Delivered,Deferred,Systems Management,Power,Performance Navigator,,1TpaZ00000005nhSAA,,,Tech,,,False,,False,,,,,,Taxable,,,,With Account,False,,,,True,
True,2026-01-09T19:00:00.000+0000,11Bct0000051QpKEAU,,,,False,False,Allowed,USD,,Robot Training,,Services | MPG Certification Test,,,,,,,,Training,Robot Training - Services,BU53,Training,,LAYiZ1DD00000CWt10,False,False,,True,True,False,Robot,36D6848E-44CE-E811-80F3-0050569F6BB1,MP01910,Services,Robot Training,,,Systems Management,Order Line Only,aAuct000000Fme0CAC,Tech,Performance Navigator,,SM-PN-NRST-ROBOTT,Services,,,One Time,,,,Quantity,,,Non-Recurring Services Sales - Training,RC_45000,Pre Pay Service,,,As Delivered,Deferred,Systems Management,Power,Performance Navigator,,1TpaZ00000005nhSAA,,,Tech,,,False,,False,,,,,,Taxable,,,,With Account,False,,,,True,
True,2026-01-09T19:00:00.000+0000,11Bct0000051QpNEAU,1BPaZ0000000wlZWAQ,,,False,False,Allowed,USD,,Robot (MPG) Recurring Services,OrderLineItem,Per Hour  | Services | Hourly - Recurring,,,,,,,,Services,Robot (MPG) Recurring Services - Services,BU53,Services,,1AYKY1DD00000CWt10,False,False,,True,True,False,Robot,9B25CE07-9E16-EF11-9F89-6045BDEC519D,MP01919,Services,Robot (MPG) Recurring Services,,,Systems Management,Order Line Only,aAuct000000Fme0CAC,Tech,Performance Navigator,,SM-PN-RSP-RMPGRS,Services,,,Term Based - Annual,,,,Quantity,,,Recurring Services Sales - Recurring Professional Services,RC_45004,Recurring Service,,,Spread Even,Deferred,Systems Management,Power,Performance Navigator,,1TpaZ00000005nhSAA,,,Tech,,,False,,False,,,,,,Taxable,,,,With Account,False,,,,True,
True,2026-01-10T15:00:00.000+0000,11Bct0000051QpKEAU,,,,False,False,Allowed,USD,,CCSS Training,,Services | Certification Exam,,,,,,,,Training,CCSS Training - Services,BU53,Training,,TAYX61DD00000CWt10,False,False,,True,True,False,CCSS,A5B8DA98-5A5E-E611-80DA-0050569F6BB1,CC03000,Services,CCSS Training,,,Systems Management,Order Line Only,aAuct000000Fme0CAC,Tech,QMessageMonitor,,SM-QMM-NROR-CCSSTR,Services,,,One Time,,,,Quantity,,,Non-Recurring Other Revenue Sales - Other,RC_46000,License,,,Upfront,Invoice,Systems Management,Power,QMessageMonitor,,1TpaZ00000005nhSAA,,,Tech,,,False,,False,,,,,,Taxable,,,,With Account,False,,,,True,
True,2026-01-10T15:00:00.000+0000,11Bct0000051QpOEAU,,,,False,False,Allowed,USD,,CCSS Services,OrderLineItem,Per Hour  | Services | Hourly,,,,,,,,Services,CCSS Services - Services,BU53,Services,,TAYW61DD00000CWt10,False,False,,True,True,False,CCSS,"FB7416CF-D958-E611-80DA-0050569F6BB1, FD7416CF-D958-E611-80DA-0050569F6BB1, FF7416CF-D958-E611-80DA-0050569F6BB1, 017516CF-D958-E611-80DA-0050569F6BB1, 037516CF-D958-E611-80DA-0050569F6BB1","CC01904, CC01905, CC01906, CC01907, CC01908",Services,CCSS Services,,,Systems Management,Order Line Only,aAuct000000Fme0CAC,Tech,QMessageMonitor,,SM-QMM-NRST-CCSSSE,Services,,,One Time,,,,Quantity,,,Non-Recurring Services Sales - Training,RC_45000,Pre Pay Service,,,As Delivered,Deferred,Systems Management,Power,QMessageMonitor,,1TpaZ00000005nhSAA,,,Tech,,,False,,False,,,,,,Taxable,,,,With Account,False,,,,True,
True,2026-01-10T15:00:00.000+0000,11Bct0000051QpOEAU,,,,False,False,Allowed,USD,,Bytware Travel Expense,OrderLineItem,Services | Billed as Incurred,,,,,,,,Services,Bytware Travel Expense - Services,BU53,Services,,TAYV51DD00000CWt10,False,False,,True,True,False,Bytware,"E16B016D-D958-E611-80DA-0050569F6BB1, B0E8A786-B9FB-ED11-8849-6045BDEC3050","BW01909, BW01911",Services,Bytware Travel Expense,,,Systems Management,Order Line Only,aAuct000000Fme0CAC,Tech,Systems Management Legacy Product,,SM-SYM-NRSE-BYTWTR,Services,,,One Time,,,,Quantity,,,Non-Recurring Services Sales - Services Expense Reimbursements,RC_45002,License,,,Expense Reimbursement,Invoice,Systems Management,Power,Systems Management Legacy Product,,1TpaZ00000005nhSAA,,,Tech,,,False,,False,,,,,,Taxable,,,,With Account,False,,,,True,
True,2026-01-10T15:00:00.000+0000,11Bct0000051QpKEAU,,,,False,False,Allowed,USD,,CCSS Travel Expense,OrderLineItem,Services | Billed as Incurred,,,,,,,,Services,CCSS Travel Expense - Services,BU53,Services,,TAYY61DD00000CWt10,False,False,,True,True,False,CCSS,"057516CF-D958-E611-80DA-0050569F6BB1, B5E8A786-B9FB-ED11-8849-6045BDEC3050","CC01909, CC01911",Services,CCSS Travel Expense,,,Systems Management,Order Line Only,aAuct000000Fme0CAC,Tech,Systems Management Legacy Product,,SM-SYM-NRSE-CCSSTE,Services,,,One Time,,,,Quantity,,,Non-Recurring Services Sales - Services Expense Reimbursements,RC_45002,License,,,Expense Reimbursement,Invoice,Systems Management,Power,Systems Management Legacy Product,,1TpaZ00000005nhSAA,,,Tech,,,False,,False,,,,,,Taxable,,,,With Account,False,,,,True,
True,2026-01-09T21:00:00.000+0000,,,,,False,False,Allowed,USD,,PowertechX Services Expense,OrderLineItem,Services,,,,,,,,Services,PowertechX Services Expense - Services,BU53,Services,,TAYYc1DD00000CWt10,False,False,,True,True,False,PowertechX,90F31263-9B57-E811-80EB-0050569F6BB1,PT11909,Services,PowertechX Services Expense,,,Systems Management,Order Line Only,aAuct000000Fme0CAC,Tech,Systems Management Legacy Product,,SM-SYM-NRSE-PXSEXP,Services,,,One Time,,,,Quantity,,,Non-Recurring Services Sales - Services Expense Reimbursements,RC_45002,License,,,Expense Reimbursement,Invoice,Systems Management,Power,Systems Management Legacy Product,,1TpaZ00000005nhSAA,,,Tech,,,False,,False,,,,,,Taxable,,,,With Account,False,,,,True,
True,2026-01-09T19:00:00.000+0000,11Bct0000051Qq7EAE,,,,False,False,Allowed,USD,,Robot Services Expense,OrderLineItem,Services | Expense | Expense,,,,,,,,Services,Robot Services Expense - Services,BU53,Services,,LAYaZ1DD00000CWt10,False,False,,True,True,False,Robot,"C63CAEDA-B617-E611-80D6-0050569F6BB1, AAD7C73D-43CE-E811-80F3-0050569F6BB1","RB01909, MP01909",Services,Robot Services Expense,,,Systems Management,Order Line Only,aAuct000000Fme0CAC,Tech,Systems Management Legacy Product,,SM-SYM-NRSE-RSERVI,Services,,,One Time,,,,Quantity,,,Non-Recurring Services Sales - Services Expense Reimbursements,RC_45002,License,,,Expense Reimbursement,Invoice,Systems Management,Power,Systems Management Legacy Product,,1TpaZ00000005nhSAA,,,Tech,,,False,,False,,,,,,Taxable,,,,With Account,False,,,,True,
True,2026-01-10T15:00:00.000+0000,11BaZ000008qwn5UAA,,,,False,False,Allowed,USD,,Business Continuity Architecture Consulting,OrderLineItem,Per Hour  | Services,,,,,,,,Services,Business Continuity Architecture Consulting - Services,BU53,Services,,TAYR51DD00000CWt10,False,False,,True,True,False,Robot,60E44749-8223-E711-80E3-0050569F6BB1,RB05001,Services,Business Continuity Architecture Consulting,,,Systems Management,Order Line Only,aAuct000000Fme0CAC,Tech,Systems Management Legacy Product,,SM-SYM-NRST-BUSICA,Services,,,One Time,,,,Quantity,,,Non-Recurring Services Sales - Training,RC_45000,Pre Pay Service,,,As Delivered,Deferred,Systems Management,Power,Systems Management Legacy Product,,1TpaZ00000005nhSAA,,,Tech,,,False,,False,,,,,,Taxable,,,,With Account,False,,,,True,
True,2026-01-10T15:00:00.000+0000,11Bct0000051QpOEAU,,,,False,False,Allowed,USD,,Bytware Services,OrderLineItem,Per Hour  | Services | Hourly,,,,,,,,Services,Bytware Services - Services,BU53,Services,,TAYU51DD00000CWt10,False,False,,True,True,False,Bytware,"D76B016D-D958-E611-80DA-0050569F6BB1, D96B016D-D958-E611-80DA-0050569F6BB1, DB6B016D-D958-E611-80DA-0050569F6BB1, DD6B016D-D958-E611-80DA-0050569F6BB1, DF6B016D-D958-E611-80DA-0050569F6BB1","BW01904, BW01905, BW01906, BW01907, BW01908",Services,Bytware Services,,,Systems Management,Order Line Only,aAuct000000Fme0CAC,Tech,Systems Management Legacy Product,,SM-SYM-NRST-BYTWSE,Services,,,One Time,,,,Quantity,,,Non-Recurring Services Sales - Training,RC_45000,Pre Pay Service,,,As Delivered,Deferred,Systems Management,Power,Systems Management Legacy Product,,1TpaZ00000005nhSAA,,,Tech,,,False,,False,,,,,,Taxable,,,,With Account,False,,,,True,
True,2026-01-09T21:00:00.000+0000,11Bct0000051QpOEAU,1BPaZ0000000wlZWAQ,,,False,False,Allowed,USD,,PowertechX Services,OrderLineItem,Services,,,,,,,,Services,PowertechX Services - Services,BU53,Services,,TAYXc1DD00000CWt10,False,False,,True,True,False,PowertechX,"1B344C03-2414-E911-80F6-0050569F6BB1, 34AA420B-9E16-EF11-9F89-6045BDDC74E5, DB7F7FD3-9857-E811-80EB-0050569F6BB1, 06D19CA7-9957-E811-80EB-0050569F6BB1, BD614A17-9A57-E811-80EB-0050569F6BB1, 9E306E80-9A57-E811-80EB-0050569F6BB1, 02CBEEF4-9A57-E811-80EB-0050569F6BB1, 140F80C2-9B57-E811-80EB-0050569F6BB1","PT01946, PT02062, PT11904, PT11905, PT11906, PT11907, PT11908, PT11910",Services,PowertechX Services,,,Systems Management,Order Line Only,aAuct000000Fme0CAC,Tech,Systems Management Legacy Product,,SM-SYM-NRST-PXS,Services,,,Term Based - Annual,,,,Quantity,,,Non-Recurring Services Sales - Training,RC_45000,Pre Pay Service,,,As Delivered,Deferred,Systems Management,Power,Systems Management Legacy Product,,1TpaZ00000005nhSAA,,,Tech,,,False,,False,,,,,,Taxable,,,,With Account,False,,,,True,
True,2026-01-09T19:00:00.000+0000,11Bct0000051Qq8EAE,,,,False,False,Allowed,USD,,Robot Services,OrderLineItem,Days 0.5 | Services | Online,,,,,,,,Services,Robot Services - Services,BU53,Services,,1AYYZ1DD00000CWt10,False,False,,True,True,False,Robot,"A2D7C73D-43CE-E811-80F3-0050569F6BB1, A4D7C73D-43CE-E811-80F3-0050569F6BB1, A6D7C73D-43CE-E811-80F3-0050569F6BB1, A8D7C73D-43CE-E811-80F3-0050569F6BB1, B4D7C73D-43CE-E811-80F3-0050569F6BB1, B6D7C73D-43CE-E811-80F3-0050569F6BB1, B8D7C73D-43CE-E811-80F3-0050569F6BB1, B354A601-1DCF-E911-80FF-0050569F6BB1, BC3CAEDA-B617-E611-80D6-0050569F6BB1, BE3CAEDA-B617-E611-80D6-0050569F6BB1, C03CAEDA-B617-E611-80D6-0050569F6BB1, C23CAEDA-B617-E611-80D6-0050569F6BB1, C43CAEDA-B617-E611-80D6-0050569F6BB1, C83CAEDA-B617-E611-80D6-0050569F6BB1, FD4E787A-B159-E611-80DA-0050569F6BB1, FF4E787A-B159-E611-80DA-0050569F6BB1, 014F787A-B159-E611-80DA-0050569F6BB1, 034F787A-B159-E611-80DA-0050569F6BB1, 054F787A-B159-E611-80DA-0050569F6BB1, 074F787A-B159-E611-80DA-0050569F6BB1, 094F787A-B159-E611-80DA-0050569F6BB1, 0B4F787A-B159-E611-80DA-0050569F6BB1, 0D4F787A-B159-E611-80DA-0050569F6BB1, 3C71D095-14A1-EA11-810B-0050569F6BB1, 120D91EB-2414-E911-80F6-0050569F6BB1, C22B761A-BE92-E911-80FC-0050569F6BB1, 509DDD21-BE92-E911-80FC-0050569F6BB1, 1B11912C-BE92-E911-80FC-0050569F6BB1, 39FCA53A-BE92-E911-80FC-0050569F6BB1, 5748E741-BE92-E911-80FC-0050569F6BB1, E0D5124C-BE92-E911-80FC-0050569F6BB1, 0B88785D-BE92-E911-80FC-0050569F6BB1, FAB26669-BE92-E911-80FC-0050569F6BB1, 8EAD9C72-BE92-E911-80FC-0050569F6BB1, 6F8A7C7E-BE92-E911-80FC-0050569F6BB1, 2E5F5189-BE92-E911-80FC-0050569F6BB1, 5EE44749-8223-E711-80E3-0050569F6BB1, 64E44749-8223-E711-80E3-0050569F6BB1, 66E44749-8223-E711-80E3-0050569F6BB1, 68E44749-8223-E711-80E3-0050569F6BB1, 72E44749-8223-E711-80E3-0050569F6BB1","MP01905, MP01906, MP01907, MP01908, MP01914, MP01915, MP01916, MP01917, RB01904, RB01905, RB01906, RB01907, RB01908, RB01910, RB01911, RB01912, RB01913, RB01914, RB01915, RB01916, RB01917, RB01918, RB01919, RB01920, RB01921, RB01922, RB01923, RB01924, RB01925, RB01926, RB01927, RB01928, RB01929, RB01930, RB01931, RB01932, RB05000, RB05003, RB05004, RB05005, RB05010",Services,Robot Services,,,Systems Management,Order Line Only,aAuct000000Fme0CAC,Tech,Systems Management Legacy Product,,SM-SYM-NRST-ROSE,Services,,,One Time,,,,Quantity,,,Non-Recurring Services Sales - Training,RC_45000,Pre Pay Service,,,As Delivered,Deferred,Systems Management,Power,Systems Management Legacy Product,,1TpaZ00000005nhSAA,,,Tech,,,False,,False,,,,,,Taxable,,,,With Account,False,,,,True,
True,2026-01-09T19:00:00.000+0000,11Bct0000051QpNEAU,1BPaZ0000000wlZWAQ,,,False,False,Allowed,USD,,Robot Recurring Services,OrderLineItem,Per Hour  | Services | Hourly - Recurring,,,,,,,,Services,Robot Recurring Services - Services,BU53,Services,,1AYZZ1DD00000CWt10,False,False,,True,True,False,Robot,8A25CE07-9E16-EF11-9F89-6045BDEC519D,MP01918,Services,Robot Recurring Services,,,Systems Management,Order Line Only,aAuct000000Fme0CAC,Tech,Systems Management Legacy Product,,SM-SYM-RSP-RBSH,Services,,,Term Based - Annual,,,,Quantity,,,Recurring Services Sales - Recurring Professional Services,RC_45004,Recurring Service,,,Spread Even,Deferred,Systems Management,Power,Systems Management Legacy Product,,1TpaZ00000005nhSAA,,,Tech,,,False,,False,,,,,,Taxable,,,,With Account,False,,,,True,
True,2026-01-10T11:00:00.000+0000,11Bct0000051QpKEAU,,,,False,False,Allowed,USD,,Digital Defense Services,OrderLineItem,Services | Expense,,,,,,,,Services,Digital Defense Services - Services,BU47,Services,,LAYtB1DD00000CWt10,False,False,,True,True,False,Digital Defense,10AAA44D-BC61-EC11-8F8F-0022482D0311,DD00633,Services,Digital Defense Services,,,Vulnerability Management,Order Line Only,aAuct000000FmduCAC,Cyber,Digital Defense Legacy,,VM-DDL-NRSE-DDS,Services,,,One Time,,,,Quantity,,,Non-Recurring Services Sales - Services Expense Reimbursements,RC_45002,License,,,Expense Reimbursement,Invoice,Vulnerability Management,Defensive Security,Digital Defense Legacy,,1TpaZ00000005nhSAA,,,Cyber,,,False,,False,,,,,,Taxable,,,,With Account,False,,,,True,
True,2026-01-10T18:00:00.000+0000,11Bct0000051QpKEAU,,,,False,False,Allowed,USD,,Active Threat Sweep - Per Windows Device,OrderLineItem,Services | One Time,,,,,,,,Services,Active Threat Sweep - Per Windows Device - Services,BU47,Services,,TAYK11DD00000CWt10,False,False,,True,True,False,Digital Defense,7B75AFD8-1EEB-EC11-BB3E-000D3A1BF334,DD00696,Services,Active Threat Sweep - Per Windows Device,,,Vulnerability Management,Order Line Only,aAuct000000FmduCAC,Cyber,Digital Defense Legacy,,VM-DDL-NRST-ATSPWDS,Services,,,One Time,,,,Quantity,,,Non-Recurring Services Sales - Training,RC_45000,Pre Pay Service,,,As Delivered,Deferred,Vulnerability Management,Defensive Security,Digital Defense Legacy,,1TpaZ00000005nhSAA,,,Cyber,,,False,,False,,,,,,Taxable,,,,With Account,False,,,,True,
True,2026-01-10T06:00:00.000+0000,11Bct0000051Qq8EAE,,,,False,False,Allowed,USD,,Frontline Advanced - Self Directed Scanning,OrderLineItem,Devices 1-10 | Services | One Time | standard,,,,,,,,Services,Frontline Advanced - Self Directed Scanning - Services,BU47,Services,,1AYEL1DD00000CWt10,False,False,,True,True,False,Digital Defense,"1075AFD8-1EEB-EC11-BB3E-000D3A1BF334, 1275AFD8-1EEB-EC11-BB3E-000D3A1BF334, 1475AFD8-1EEB-EC11-BB3E-000D3A1BF334, 1675AFD8-1EEB-EC11-BB3E-000D3A1BF334, 1875AFD8-1EEB-EC11-BB3E-000D3A1BF334, 1A75AFD8-1EEB-EC11-BB3E-000D3A1BF334, 1C75AFD8-1EEB-EC11-BB3E-000D3A1BF334, 1E75AFD8-1EEB-EC11-BB3E-000D3A1BF334, 2075AFD8-1EEB-EC11-BB3E-000D3A1BF334, 2275AFD8-1EEB-EC11-BB3E-000D3A1BF334, 2475AFD8-1EEB-EC11-BB3E-000D3A1BF334, 2675AFD8-1EEB-EC11-BB3E-000D3A1BF334, 2875AFD8-1EEB-EC11-BB3E-000D3A1BF334, 2A75AFD8-1EEB-EC11-BB3E-000D3A1BF334, 2C75AFD8-1EEB-EC11-BB3E-000D3A1BF334, 2E75AFD8-1EEB-EC11-BB3E-000D3A1BF334, 3075AFD8-1EEB-EC11-BB3E-000D3A1BF334, 3275AFD8-1EEB-EC11-BB3E-000D3A1BF334, 3475AFD8-1EEB-EC11-BB3E-000D3A1BF334, 3675AFD8-1EEB-EC11-BB3E-000D3A1BF334","DD00643, DD00644, DD00645, DD00646, DD00647, DD00648, DD00649, DD00650, DD00651, DD00652, DD00653, DD00654, DD00655, DD00656, DD00657, DD00658, DD00659, DD00660, DD00661, DD00662",Services,Frontline Advanced - Self Directed Scanning,,,Vulnerability Management,Order Line Only,aAuct000000FmduCAC,Cyber,Digital Defense Legacy,,VM-DDL-NRST-FASDSS,Services,,,One Time,,,,Tier Based,,,Non-Recurring Services Sales - Training,RC_45000,Pre Pay Service,,,As Delivered,Deferred,Vulnerability Management,Defensive Security,Digital Defense Legacy,,1TpaZ00000005nhSAA,,,Cyber,,,False,,False,,,,,,Taxable,,,,With Account,False,,,,True,
True,2026-01-10T06:00:00.000+0000,11Bct0000051QpOEAU,,,,False,False,Allowed,USD,,Frontline Basic - Vulnerability Scanning,OrderLineItem,Devices 1-35 | Services | One Time,,,,,,,,Services,Frontline Basic - Vulnerability Scanning - Services,BU47,Services,,1AYFL1DD00000CWt10,False,False,,True,True,False,Digital Defense,"FB74AFD8-1EEB-EC11-BB3E-000D3A1BF334, FD74AFD8-1EEB-EC11-BB3E-000D3A1BF334, FF74AFD8-1EEB-EC11-BB3E-000D3A1BF334, 0175AFD8-1EEB-EC11-BB3E-000D3A1BF334, 0375AFD8-1EEB-EC11-BB3E-000D3A1BF334, 0575AFD8-1EEB-EC11-BB3E-000D3A1BF334, 0775AFD8-1EEB-EC11-BB3E-000D3A1BF334, 0975AFD8-1EEB-EC11-BB3E-000D3A1BF334, 0C75AFD8-1EEB-EC11-BB3E-000D3A1BF334","DD00634, DD00635, DD00636, DD00637, DD00638, DD00639, DD00640, DD00641, DD00642",Services,Frontline Basic - Vulnerability Scanning,,,Vulnerability Management,Order Line Only,aAuct000000FmduCAC,Cyber,Digital Defense Legacy,,VM-DDL-NRST-FBVSS,Services,,,One Time,,,,Tier Based,,,Non-Recurring Services Sales - Training,RC_45000,Pre Pay Service,,,As Delivered,Deferred,Vulnerability Management,Defensive Security,Digital Defense Legacy,,1TpaZ00000005nhSAA,,,Cyber,,,False,,False,,,,,,Taxable,,,,With Account,False,,,,True,
True,2026-01-10T06:00:00.000+0000,11Bct0000051QpOEAU,,,,False,False,Allowed,USD,,Frontline Cyber Threat Assessment,OrderLineItem,Annual Revenue <$500 Million | Services | BRANDrecon & DARKrecon Assesment,,,,,,,,Services,Frontline Cyber Threat Assessment - Services,BU47,Services,,1AYGL1DD00000CWt10,False,False,,True,True,False,Digital Defense,"8F76AFD8-1EEB-EC11-BB3E-000D3A1BF334, 9376AFD8-1EEB-EC11-BB3E-000D3A1BF334, 9576AFD8-1EEB-EC11-BB3E-000D3A1BF334, 9776AFD8-1EEB-EC11-BB3E-000D3A1BF334","DD00831, DD00833, DD00834, DD00835",Services,Frontline Cyber Threat Assessment,,,Vulnerability Management,Order Line Only,aAuct000000FmduCAC,Cyber,Digital Defense Legacy,,VM-DDL-NRST-FCTA,Services,,,One Time,,,,Tier Based,,,Non-Recurring Services Sales - Training,RC_45000,Pre Pay Service,,,As Delivered,Deferred,Vulnerability Management,Defensive Security,Digital Defense Legacy,,1TpaZ00000005nhSAA,,,Cyber,,,False,,False,,,,,,Taxable,,,,With Account,False,,,,True,
True,2026-01-10T06:00:00.000+0000,11Bct0000051QpKEAU,,,,False,False,Allowed,USD,,Frontline Cyber Threat Risk Report Card,OrderLineItem,Services | One Time,,,,,,,,Services,Frontline Cyber Threat Risk Report Card - Services,BU47,Services,,1AYIL1DD00000CWt10,False,False,,True,True,False,Digital Defense,8D76AFD8-1EEB-EC11-BB3E-000D3A1BF334,DD00830,Services,Frontline Cyber Threat Risk Report Card,,,Vulnerability Management,Order Line Only,aAuct000000FmduCAC,Cyber,Digital Defense Legacy,,VM-DDL-NRST-FCTRRC,Services,,,One Time,,,,Quantity,,,Non-Recurring Services Sales - Training,RC_45000,Pre Pay Service,,,As Delivered,Deferred,Vulnerability Management,Defensive Security,Digital Defense Legacy,,1TpaZ00000005nhSAA,,,Cyber,,,False,,False,,,,,,Taxable,,,,With Account,False,,,,True,
True,2026-01-10T05:00:00.000+0000,11Bct0000051QpLEAU,,,,False,False,Allowed,USD,,Frontline Web Application Penetration Testing,OrderLineItem,Pages 1-10 | Services | Black Box Only,,,,,,,,Services,Frontline Web Application Penetration Testing - Services,BU47,Services,,1AYRL1DD00000CWt10,False,False,,True,True,False,Digital Defense,"6276AFD8-1EEB-EC11-BB3E-000D3A1BF334, 6476AFD8-1EEB-EC11-BB3E-000D3A1BF334, 6676AFD8-1EEB-EC11-BB3E-000D3A1BF334, 6C76AFD8-1EEB-EC11-BB3E-000D3A1BF334, 6E76AFD8-1EEB-EC11-BB3E-000D3A1BF334, 7076AFD8-1EEB-EC11-BB3E-000D3A1BF334, 7676AFD8-1EEB-EC11-BB3E-000D3A1BF334, 7876AFD8-1EEB-EC11-BB3E-000D3A1BF334, 7A76AFD8-1EEB-EC11-BB3E-000D3A1BF334, 8176AFD8-1EEB-EC11-BB3E-000D3A1BF334, 8376AFD8-1EEB-EC11-BB3E-000D3A1BF334, 8576AFD8-1EEB-EC11-BB3E-000D3A1BF334","DD00809, DD00810, DD00811, DD00814, DD00815, DD00816, DD00819, DD00820, DD00821, DD00824, DD00825, DD00826",Services,Frontline Web Application Penetration Testing,,,Vulnerability Management,Order Line Only,aAuct000000FmduCAC,Cyber,Digital Defense Legacy,,VM-DDL-NRST-FLWAPTS,Services,,,One Time,,,,Tier Based,,,Non-Recurring Services Sales - Training,RC_45000,Pre Pay Service,,,As Delivered,Deferred,Vulnerability Management,Defensive Security,Digital Defense Legacy,,1TpaZ00000005nhSAA,,,Cyber,,,False,,False,,,,,,Taxable,,,,With Account,False,,,,True,
True,2026-01-10T05:00:00.000+0000,11Bct0000051Qq8EAE,,,,False,False,Allowed,USD,,Frontline Pen Assessment - External-Only Testing,OrderLineItem,Devices 1-75 | Services | Small Network | Without VS Solution,,,,,,,,Services,Frontline Pen Assessment - External-Only Testing - Services,BU47,Services,,1AYLL1DD00000CWt10,False,False,,True,True,False,Digital Defense,"CE75AFD8-1EEB-EC11-BB3E-000D3A1BF334, D075AFD8-1EEB-EC11-BB3E-000D3A1BF334, D275AFD8-1EEB-EC11-BB3E-000D3A1BF334, D475AFD8-1EEB-EC11-BB3E-000D3A1BF334, D675AFD8-1EEB-EC11-BB3E-000D3A1BF334, D875AFD8-1EEB-EC11-BB3E-000D3A1BF334, DA75AFD8-1EEB-EC11-BB3E-000D3A1BF334, DC75AFD8-1EEB-EC11-BB3E-000D3A1BF334, DE75AFD8-1EEB-EC11-BB3E-000D3A1BF334, E075AFD8-1EEB-EC11-BB3E-000D3A1BF334","DD00737, DD00738, DD00739, DD00740, DD00741, DD00742, DD00743, DD00744, DD00745, DD00746",Services,Frontline Pen Assessment - External-Only Testing,,,Vulnerability Management,Order Line Only,aAuct000000FmduCAC,Cyber,Digital Defense Legacy,,VM-DDL-NRST-FPAEOTS,Services,,,One Time,,,,Tier Based,,,Non-Recurring Services Sales - Training,RC_45000,Pre Pay Service,,,As Delivered,Deferred,Vulnerability Management,Defensive Security,Digital Defense Legacy,,1TpaZ00000005nhSAA,,,Cyber,,,False,,False,,,,,,Taxable,,,,With Account,False,,,,True,
True,2026-01-10T05:00:00.000+0000,11Bct0000051Qq8EAE,,,,False,False,Allowed,USD,,Frontline Pen Assessment - Internal & External Testing,OrderLineItem,Devices 1-75 | Services | Small Network | Without VS Solution,,,,,,,,Services,Frontline Pen Assessment - Internal & External Testing - Services,BU47,Services,,1AYML1DD00000CWt10,False,False,,True,True,False,Digital Defense,"F775AFD8-1EEB-EC11-BB3E-000D3A1BF334, F975AFD8-1EEB-EC11-BB3E-000D3A1BF334, FB75AFD8-1EEB-EC11-BB3E-000D3A1BF334, FD75AFD8-1EEB-EC11-BB3E-000D3A1BF334, FF75AFD8-1EEB-EC11-BB3E-000D3A1BF334, 0176AFD8-1EEB-EC11-BB3E-000D3A1BF334, 0376AFD8-1EEB-EC11-BB3E-000D3A1BF334, 0576AFD8-1EEB-EC11-BB3E-000D3A1BF334, 0776AFD8-1EEB-EC11-BB3E-000D3A1BF334, 0976AFD8-1EEB-EC11-BB3E-000D3A1BF334","DD00757, DD00758, DD00759, DD00760, DD00761, DD00762, DD00763, DD00764, DD00765, DD00766",Services,Frontline Pen Assessment - Internal & External Testing,,,Vulnerability Management,Order Line Only,aAuct000000FmduCAC,Cyber,Digital Defense Legacy,,VM-DDL-NRST-FPAIETS,Services,,,One Time,,,,Tier Based,,,Non-Recurring Services Sales - Training,RC_45000,Pre Pay Service,,,As Delivered,Deferred,Vulnerability Management,Defensive Security,Digital Defense Legacy,,1TpaZ00000005nhSAA,,,Cyber,,,False,,False,,,,,,Taxable,,,,With Account,False,,,,True,
True,2026-01-10T05:00:00.000+0000,11Bct0000051Qq8EAE,,,,False,False,Allowed,USD,,Frontline Pen Assessment - Internal-Only Testing,OrderLineItem,Devices 1-75 | Services | Small Network | Without VS Solution,,,,,,,,Services,Frontline Pen Assessment - Internal-Only Testing - Services,BU47,Services,,1AYNL1DD00000CWt10,False,False,,True,True,False,Digital Defense,"E275AFD8-1EEB-EC11-BB3E-000D3A1BF334, E475AFD8-1EEB-EC11-BB3E-000D3A1BF334, E675AFD8-1EEB-EC11-BB3E-000D3A1BF334, E875AFD8-1EEB-EC11-BB3E-000D3A1BF334, EA75AFD8-1EEB-EC11-BB3E-000D3A1BF334, EC75AFD8-1EEB-EC11-BB3E-000D3A1BF334, EF75AFD8-1EEB-EC11-BB3E-000D3A1BF334, F175AFD8-1EEB-EC11-BB3E-000D3A1BF334, F375AFD8-1EEB-EC11-BB3E-000D3A1BF334, F575AFD8-1EEB-EC11-BB3E-000D3A1BF334","DD00747, DD00748, DD00749, DD00750, DD00751, DD00752, DD00753, DD00754, DD00755, DD00756",Services,Frontline Pen Assessment - Internal-Only Testing,,,Vulnerability Management,Order Line Only,aAuct000000FmduCAC,Cyber,Digital Defense Legacy,,VM-DDL-NRST-FPAIOTS,Services,,,One Time,,,,Tier Based,,,Non-Recurring Services Sales - Training,RC_45000,Pre Pay Service,,,As Delivered,Deferred,Vulnerability Management,Defensive Security,Digital Defense Legacy,,1TpaZ00000005nhSAA,,,Cyber,,,False,,False,,,,,,Taxable,,,,With Account,False,,,,True,
True,2026-01-10T05:00:00.000+0000,11Bct0000051QpOEAU,,,,False,False,Allowed,USD,,Frontline PCI-ASV Scanning - External Only,OrderLineItem,Devices 1-5 | Services | One Time,,,,,,,,Services,Frontline PCI-ASV Scanning - External Only - Services,BU47,Services,,1AYKL1DD00000CWt10,False,False,,True,True,False,Digital Defense,"5475AFD8-1EEB-EC11-BB3E-000D3A1BF334, 5675AFD8-1EEB-EC11-BB3E-000D3A1BF334, 5875AFD8-1EEB-EC11-BB3E-000D3A1BF334, 5A75AFD8-1EEB-EC11-BB3E-000D3A1BF334, 5C75AFD8-1EEB-EC11-BB3E-000D3A1BF334","DD00677, DD00678, DD00679, DD00680, DD00681",Services,Frontline PCI-ASV Scanning - External Only,,,Vulnerability Management,Order Line Only,aAuct000000FmduCAC,Cyber,Digital Defense Legacy,,VM-DDL-NRST-FPASEOS,Services,,,One Time,,,,1 Each,,,Non-Recurring Services Sales - Training,RC_45000,Pre Pay Service,,,As Delivered,Deferred,Vulnerability Management,Defensive Security,Digital Defense Legacy,,1TpaZ00000005nhSAA,,,Cyber,,,False,,False,,,,,,Taxable,,,,With Account,False,,,,True,
True,2026-01-10T05:00:00.000+0000,11Bct0000051Qq8EAE,,,,False,False,Allowed,USD,,Frontline Professional - Fully Managed Scanning,OrderLineItem,Devices 1-130 | Services | One Time | Standard,,,,,,,,Services,Frontline Professional - Fully Managed Scanning - Services,BU47,Services,,1AYQL1DD00000CWt10,False,False,,True,True,False,Digital Defense,"3875AFD8-1EEB-EC11-BB3E-000D3A1BF334, 3A75AFD8-1EEB-EC11-BB3E-000D3A1BF334, 3C75AFD8-1EEB-EC11-BB3E-000D3A1BF334, 3E75AFD8-1EEB-EC11-BB3E-000D3A1BF334, 4075AFD8-1EEB-EC11-BB3E-000D3A1BF334, 4275AFD8-1EEB-EC11-BB3E-000D3A1BF334, 4475AFD8-1EEB-EC11-BB3E-000D3A1BF334, 4675AFD8-1EEB-EC11-BB3E-000D3A1BF334, 4875AFD8-1EEB-EC11-BB3E-000D3A1BF334, 4A75AFD8-1EEB-EC11-BB3E-000D3A1BF334, 4C75AFD8-1EEB-EC11-BB3E-000D3A1BF334, 4E75AFD8-1EEB-EC11-BB3E-000D3A1BF334, 5075AFD8-1EEB-EC11-BB3E-000D3A1BF334, 5275AFD8-1EEB-EC11-BB3E-000D3A1BF334","DD00663, DD00664, DD00665, DD00666, DD00667, DD00668, DD00669, DD00670, DD00671, DD00672, DD00673, DD00674, DD00675, DD00676",Services,Frontline Professional - Fully Managed Scanning,,,Vulnerability Management,Order Line Only,aAuct000000FmduCAC,Cyber,Digital Defense Legacy,,VM-DDL-NRST-FPFMSS,Services,,,One Time,,,,Tier Based,,,Non-Recurring Services Sales - Training,RC_45000,Pre Pay Service,,,As Delivered,Deferred,Vulnerability Management,Defensive Security,Digital Defense Legacy,,1TpaZ00000005nhSAA,,,Cyber,,,False,,False,,,,,,Taxable,,,,With Account,False,,,,True,
True,2026-01-10T06:00:00.000+0000,11Bct0000051Qq8EAE,,,,False,False,Allowed,USD,,Frontline PCI Pro - Fully Managed Scanning - Internal and/or External,OrderLineItem,Devices 1-130 | Services | One Time | Standard,,,,,,,,Services,Frontline PCI Pro - Fully Managed Scanning - Internal and/or External - Services,BU47,Services,,1AYJL1DD00000CWt10,False,False,,True,True,False,Digital Defense,"5E75AFD8-1EEB-EC11-BB3E-000D3A1BF334, 6075AFD8-1EEB-EC11-BB3E-000D3A1BF334, 6275AFD8-1EEB-EC11-BB3E-000D3A1BF334, 6475AFD8-1EEB-EC11-BB3E-000D3A1BF334, 6675AFD8-1EEB-EC11-BB3E-000D3A1BF334, 6875AFD8-1EEB-EC11-BB3E-000D3A1BF334, 6A75AFD8-1EEB-EC11-BB3E-000D3A1BF334, 6C75AFD8-1EEB-EC11-BB3E-000D3A1BF334, 6E75AFD8-1EEB-EC11-BB3E-000D3A1BF334, 7075AFD8-1EEB-EC11-BB3E-000D3A1BF334, 7275AFD8-1EEB-EC11-BB3E-000D3A1BF334, 7575AFD8-1EEB-EC11-BB3E-000D3A1BF334, 7775AFD8-1EEB-EC11-BB3E-000D3A1BF334, 7975AFD8-1EEB-EC11-BB3E-000D3A1BF334","DD00682, DD00683, DD00684, DD00685, DD00686, DD00687, DD00688, DD00689, DD00690, DD00691, DD00692, DD00693, DD00694, DD00695",Services,Frontline PCI Pro - Fully Managed Scanning - Internal and/or External,,,Vulnerability Management,Order Line Only,aAuct000000FmduCAC,Cyber,Digital Defense Legacy,,VM-DDL-NRST-FPPFSIES,Services,,,One Time,,,,1 Each,,,Non-Recurring Services Sales - Training,RC_45000,Pre Pay Service,,,As Delivered,Deferred,Vulnerability Management,Defensive Security,Digital Defense Legacy,,1TpaZ00000005nhSAA,,,Cyber,,,False,,False,,,,,,Taxable,,,,With Account,False,,,,True,
True,2026-01-10T05:00:00.000+0000,11Bct0000051QpLEAU,1BPaZ0000000wlZWAQ,,,False,False,Allowed,USD,,Frontline Pen Test - External-Only,OrderLineItem,Devices 1 | Services | Without VS Solution,,,,,,,,Services,Frontline Pen Test - External-Only - Services,BU47,Services,,1AYOL1DD00000CWt10,False,False,,True,True,False,Digital Defense,"2476AFD8-1EEB-EC11-BB3E-000D3A1BF334, 2676AFD8-1EEB-EC11-BB3E-000D3A1BF334, 2876AFD8-1EEB-EC11-BB3E-000D3A1BF334, 2A76AFD8-1EEB-EC11-BB3E-000D3A1BF334, 2D76AFD8-1EEB-EC11-BB3E-000D3A1BF334, 2F76AFD8-1EEB-EC11-BB3E-000D3A1BF334, 3176AFD8-1EEB-EC11-BB3E-000D3A1BF334, 3376AFD8-1EEB-EC11-BB3E-000D3A1BF334, 3576AFD8-1EEB-EC11-BB3E-000D3A1BF334, 3776AFD8-1EEB-EC11-BB3E-000D3A1BF334, 3976AFD8-1EEB-EC11-BB3E-000D3A1BF334, 3B76AFD8-1EEB-EC11-BB3E-000D3A1BF334, 3D76AFD8-1EEB-EC11-BB3E-000D3A1BF334, 3F76AFD8-1EEB-EC11-BB3E-000D3A1BF334, 4176AFD8-1EEB-EC11-BB3E-000D3A1BF334, 4376AFD8-1EEB-EC11-BB3E-000D3A1BF334, 4576AFD8-1EEB-EC11-BB3E-000D3A1BF334, 4776AFD8-1EEB-EC11-BB3E-000D3A1BF334, 4976AFD8-1EEB-EC11-BB3E-000D3A1BF334, 4B76AFD8-1EEB-EC11-BB3E-000D3A1BF334, 4D76AFD8-1EEB-EC11-BB3E-000D3A1BF334, 4F76AFD8-1EEB-EC11-BB3E-000D3A1BF334, 5176AFD8-1EEB-EC11-BB3E-000D3A1BF334, 5376AFD8-1EEB-EC11-BB3E-000D3A1BF334, 5576AFD8-1EEB-EC11-BB3E-000D3A1BF334, 5776AFD8-1EEB-EC11-BB3E-000D3A1BF334, 5976AFD8-1EEB-EC11-BB3E-000D3A1BF334, 5B76AFD8-1EEB-EC11-BB3E-000D3A1BF334, 5E76AFD8-1EEB-EC11-BB3E-000D3A1BF334, 6076AFD8-1EEB-EC11-BB3E-000D3A1BF334","DD00779, DD00780, DD00781, DD00782, DD00783, DD00784, DD00785, DD00786, DD00787, DD00788, DD00789, DD00790, DD00791, DD00792, DD00793, DD00794, DD00795, DD00796, DD00797, DD00798, DD00799, DD00800, DD00801, DD00802, DD00803, DD00804, DD00805, DD00806, DD00807, DD00808",Services,Frontline Pen Test - External-Only,,,Vulnerability Management,Order Line Only,aAuct000000FmduCAC,Cyber,Digital Defense Legacy,,VM-DDL-NRST-FPTEOS,Services,,,Term Based - Annual,,,,Tier Based,,,Non-Recurring Services Sales - Training,RC_45000,Pre Pay Service,,,As Delivered,Deferred,Vulnerability Management,Defensive Security,Digital Defense Legacy,,1TpaZ00000005nhSAA,,,Cyber,,,False,,False,,,,,,Taxable,,,,With Account,False,,,,True,
True,2026-01-10T05:00:00.000+0000,11Bct0000051QpLEAU,,,,False,False,Allowed,USD,,Frontline Pen Test - Internal-Only,OrderLineItem,Devices 1-25 | Services | Without VS Solution,,,,,,,,Services,Frontline Pen Test - Internal-Only - Services,BU47,Services,,1AYPL1DD00000CWt10,False,False,,True,True,False,Digital Defense,"0B76AFD8-1EEB-EC11-BB3E-000D3A1BF334, 0D76AFD8-1EEB-EC11-BB3E-000D3A1BF334, 0F76AFD8-1EEB-EC11-BB3E-000D3A1BF334, 1276AFD8-1EEB-EC11-BB3E-000D3A1BF334, 1476AFD8-1EEB-EC11-BB3E-000D3A1BF334, 1676AFD8-1EEB-EC11-BB3E-000D3A1BF334, 1876AFD8-1EEB-EC11-BB3E-000D3A1BF334, 1A76AFD8-1EEB-EC11-BB3E-000D3A1BF334, 1C76AFD8-1EEB-EC11-BB3E-000D3A1BF334, 1E76AFD8-1EEB-EC11-BB3E-000D3A1BF334, 2076AFD8-1EEB-EC11-BB3E-000D3A1BF334, 2276AFD8-1EEB-EC11-BB3E-000D3A1BF334","DD00767, DD00768, DD00769, DD00770, DD00771, DD00772, DD00773, DD00774, DD00775, DD00776, DD00777, DD00778",Services,Frontline Pen Test - Internal-Only,,,Vulnerability Management,Order Line Only,aAuct000000FmduCAC,Cyber,Digital Defense Legacy,,VM-DDL-NRST-FPTIOS,Services,,,One Time,,,,Tier Based,,,Non-Recurring Services Sales - Training,RC_45000,Pre Pay Service,,,As Delivered,Deferred,Vulnerability Management,Defensive Security,Digital Defense Legacy,,1TpaZ00000005nhSAA,,,Cyber,,,False,,False,,,,,,Taxable,,,,With Account,False,,,,True,
True,2026-01-10T05:00:00.000+0000,11BaZ000008qwmwUAA,,,,False,False,Allowed,USD,,Frontline Web Application Penetration Testing - API Assesssment,OrderLineItem,Services | Black Box Only,,,,,,,,Services,Frontline Web Application Penetration Testing - API Assesssment - Services,BU47,Services,,1AYSL1DD00000CWt10,False,False,,True,True,False,Digital Defense,"6A76AFD8-1EEB-EC11-BB3E-000D3A1BF334, 7476AFD8-1EEB-EC11-BB3E-000D3A1BF334, 7F76AFD8-1EEB-EC11-BB3E-000D3A1BF334, 8976AFD8-1EEB-EC11-BB3E-000D3A1BF334","DD00813, DD00818, DD00823, DD00828",Services,Frontline Web Application Penetration Testing - API Assesssment,,,Vulnerability Management,Order Line Only,aAuct000000FmduCAC,Cyber,Digital Defense Legacy,,VM-DDL-NRST-FWAPTAAS,Services,,,One Time,,,,1 Each,,,Non-Recurring Services Sales - Training,RC_45000,Pre Pay Service,,,As Delivered,Deferred,Vulnerability Management,Defensive Security,Digital Defense Legacy,,1TpaZ00000005nhSAA,,,Cyber,,,False,,False,,,,,,Taxable,,,,With Account,False,,,,True,
True,2026-01-10T05:00:00.000+0000,11Bct0000051QpLEAU,,,,False,False,Allowed,USD,,Frontline Web Application Penetration Testing - Per Added 25 Pages,OrderLineItem,Pages 25 | Services | Black Box Only,,,,,,,,Services,Frontline Web Application Penetration Testing - Per Added 25 Pages - Services,BU47,Services,,1AYTL1DD00000CWt10,False,False,,True,True,False,Digital Defense,"6876AFD8-1EEB-EC11-BB3E-000D3A1BF334, 7276AFD8-1EEB-EC11-BB3E-000D3A1BF334, 7C76AFD8-1EEB-EC11-BB3E-000D3A1BF334, 8776AFD8-1EEB-EC11-BB3E-000D3A1BF334","DD00812, DD00817, DD00822, DD00827",Services,Frontline Web Application Penetration Testing - Per Added 25 Pages,,,Vulnerability Management,Order Line Only,aAuct000000FmduCAC,Cyber,Digital Defense Legacy,,VM-DDL-NRST-FWAPTPAP,Services,,,One Time,,,,Quantity,,,Non-Recurring Services Sales - Training,RC_45000,Pre Pay Service,,,As Delivered,Deferred,Vulnerability Management,Defensive Security,Digital Defense Legacy,,1TpaZ00000005nhSAA,,,Cyber,,,False,,False,,,,,,Taxable,,,,With Account,False,,,,True,
True,2026-01-10T05:00:00.000+0000,11Bct0000051QpOEAU,,,,False,False,Allowed,USD,,Frontline Web Application Scanning,OrderLineItem,Devices 1 | Services | One Time,,,,,,,,Services,Frontline Web Application Scanning - Services,BU47,Services,,1AYUL1DD00000CWt10,False,False,,True,True,False,Digital Defense,"7D75AFD8-1EEB-EC11-BB3E-000D3A1BF334, 7F75AFD8-1EEB-EC11-BB3E-000D3A1BF334, 8175AFD8-1EEB-EC11-BB3E-000D3A1BF334, 8375AFD8-1EEB-EC11-BB3E-000D3A1BF334, 8575AFD8-1EEB-EC11-BB3E-000D3A1BF334, 8775AFD8-1EEB-EC11-BB3E-000D3A1BF334, 8975AFD8-1EEB-EC11-BB3E-000D3A1BF334, 8B75AFD8-1EEB-EC11-BB3E-000D3A1BF334, 8D75AFD8-1EEB-EC11-BB3E-000D3A1BF334, 8F75AFD8-1EEB-EC11-BB3E-000D3A1BF334, 9175AFD8-1EEB-EC11-BB3E-000D3A1BF334, 9375AFD8-1EEB-EC11-BB3E-000D3A1BF334, 9575AFD8-1EEB-EC11-BB3E-000D3A1BF334, 9775AFD8-1EEB-EC11-BB3E-000D3A1BF334, 9975AFD8-1EEB-EC11-BB3E-000D3A1BF334, 9B75AFD8-1EEB-EC11-BB3E-000D3A1BF334, 9D75AFD8-1EEB-EC11-BB3E-000D3A1BF334, A075AFD8-1EEB-EC11-BB3E-000D3A1BF334, A275AFD8-1EEB-EC11-BB3E-000D3A1BF334, A475AFD8-1EEB-EC11-BB3E-000D3A1BF334, A675AFD8-1EEB-EC11-BB3E-000D3A1BF334, A875AFD8-1EEB-EC11-BB3E-000D3A1BF334, AA75AFD8-1EEB-EC11-BB3E-000D3A1BF334, AC75AFD8-1EEB-EC11-BB3E-000D3A1BF334, AE75AFD8-1EEB-EC11-BB3E-000D3A1BF334, B075AFD8-1EEB-EC11-BB3E-000D3A1BF334, B275AFD8-1EEB-EC11-BB3E-000D3A1BF334, B475AFD8-1EEB-EC11-BB3E-000D3A1BF334, B675AFD8-1EEB-EC11-BB3E-000D3A1BF334, B875AFD8-1EEB-EC11-BB3E-000D3A1BF334, BA75AFD8-1EEB-EC11-BB3E-000D3A1BF334, BC75AFD8-1EEB-EC11-BB3E-000D3A1BF334, BE75AFD8-1EEB-EC11-BB3E-000D3A1BF334, C075AFD8-1EEB-EC11-BB3E-000D3A1BF334, C275AFD8-1EEB-EC11-BB3E-000D3A1BF334, C475AFD8-1EEB-EC11-BB3E-000D3A1BF334, C675AFD8-1EEB-EC11-BB3E-000D3A1BF334, C875AFD8-1EEB-EC11-BB3E-000D3A1BF334, CA75AFD8-1EEB-EC11-BB3E-000D3A1BF334, CC75AFD8-1EEB-EC11-BB3E-000D3A1BF334","DD00697, DD00698, DD00699, DD00700, DD00701, DD00702, DD00703, DD00704, DD00705, DD00706, DD00707, DD00708, DD00709, DD00710, DD00711, DD00712, DD00713, DD00714, DD00715, DD00716, DD00717, DD00718, DD00719, DD00720, DD00721, DD00722, DD00723, DD00724, DD00725, DD00726, DD00727, DD00728, DD00729, DD00730, DD00731, DD00732, DD00733, DD00734, DD00735, DD00736",Services,Frontline Web Application Scanning,,,Vulnerability Management,Order Line Only,aAuct000000FmduCAC,Cyber,Digital Defense Legacy,,VM-DDL-NRST-FWAS,Services,,,One Time,,,,Tier Based,,,Non-Recurring Services Sales - Training,RC_45000,Pre Pay Service,,,As Delivered,Deferred,Vulnerability Management,Defensive Security,Digital Defense Legacy,,1TpaZ00000005nhSAA,,,Cyber,,,False,,False,,,,,,Taxable,,,,With Account,False,,,,True,
True,2026-01-09T05:00:00.000+0000,11Bct0000051QpLEAU,,,,False,False,Allowed,USD,,Website Compliance Audit - Financial Institutions - Project,OrderLineItem,Annual Revenue $1- 1B | Services | Without VS Solution,,,,,,,,Services,Website Compliance Audit - Financial Institutions - Project - Services,BU47,Services,,TAYKx1DD00000CWt10,False,False,,True,True,False,Digital Defense,"7BE2C958-632B-EC11-B6E5-000D3A14DF3A, 7DE2C958-632B-EC11-B6E5-000D3A14DF3A, 8DE2C958-632B-EC11-B6E5-000D3A14DF3A, 90E2C958-632B-EC11-B6E5-000D3A14DF3A","DD00461, DD00462, DD00470, DD00471",Services,Website Compliance Audit - Financial Institutions - Project,,,Vulnerability Management,Order Line Only,aAuct000000FmduCAC,Cyber,Digital Defense Legacy,,VM-DDL-NRST-WCAFIPS,Services,,,One Time,,,,Tier Based,,,Non-Recurring Services Sales - Training,RC_45000,Pre Pay Service,,,As Delivered,Deferred,Vulnerability Management,Defensive Security,Digital Defense Legacy,,1TpaZ00000005nhSAA,,,Cyber,,,False,,False,,,,,,Taxable,,,,With Account,False,,,,True,
True,2026-01-10T18:00:00.000+0000,11Bct0000051QpKEAU,1BPaZ0000000wlZWAQ,,,False,False,Allowed,USD,,24 X 7 X 365 Monitoring,OrderLineItem,Services | Per Brand,,,,,,,,Services,24 X 7 X 365 Monitoring - Services,BU47,Services,,DAY511DD00000CWt10,False,False,,True,True,False,Digital Defense,4A75A4BD-6C2B-EC11-B6E5-000D3A14DA96,DD00569,Services,24 X 7 X 365 Monitoring,,,Vulnerability Management,Order Line Only,aAuct000000FmduCAC,Cyber,Digital Defense Legacy,,VM-DDL-NRSU-2X7X3M,Services,,,Term Based - Annual,,,,Quantity,,,Non-Recurring Services Sales - Set Up,RC_45001,Pre Pay Service,,,As Delivered,Deferred,Vulnerability Management,Defensive Security,Digital Defense Legacy,,1TpaZ00000005nhSAA,,,Cyber,,VM-DDL-NRSU-2X7X3M,False,,False,,,,,,Taxable,,,,With Account,False,,,,True,
True,2026-01-10T06:00:00.000+0000,11Bct0000051QpKEAU,1BPaZ0000000wlZWAQ,,,False,False,Allowed,USD,,Fortra Security Assessment,OrderLineItem,Services | Basic,,,,,,,,Services,Fortra Security Assessment - Services,BU47,Services,,LAYnK1DD00000CWt10,False,False,,True,True,False,Digital Defense,"38AB971B-859E-EE11-BE37-6045BDEC3050, 033E2B1F-859E-EE11-BE37-6045BDF05170, 2FAB971B-859E-EE11-BE37-6045BDEC3050","DD01007, DD01008, DD01009",Services,Fortra Security Assessment,,,Vulnerability Management,Order Line Only,aAuct000000FmduCAC,Cyber,Digital Defense Legacy,,VM-DDL-RSP-FSA,Services,,,Term Based - Annual,,,,1 Each,,,Recurring Services Sales - Recurring Professional Services,RC_45004,Recurring Service,,,Spread Even,Deferred,Vulnerability Management,Defensive Security,Digital Defense Legacy,,1TpaZ00000005nhSAA,Bundle,,Cyber,,,False,,False,,,,,,Taxable,,,,With Account,False,,,,True,
True,2026-01-09T20:00:00.000+0000,,1BPaZ0000000wlZWAQ,,,False,False,Allowed,USD,,RedShield,OrderLineItem,Services,,,,,,,,Services,RedShield - Services,BU47,Services,,1AYFX1DD00000CWt10,False,False,,True,True,False,Digital Defense,0BAC44EE-54C7-ED11-B597-6045BDEC3050,DD01006,Services,RedShield,,,Vulnerability Management,Order Line Only,aAuct000000FmduCAC,Cyber,Digital Defense Legacy,,VM-DDL-RSP-REDSHI,Services,,,Term Based - Annual,,,,1 Each,,,Recurring Services Sales - Recurring Professional Services,RC_45004,Recurring Service,,,Spread Even,Deferred,Vulnerability Management,Defensive Security,Digital Defense Legacy,,1TpaZ00000005nhSAA,,,Cyber,,,False,,False,,,,,,Taxable,,,,With Account,False,,,,True,
True,2026-01-09T05:00:00.000+0000,11Bct0000051QpLEAU,1BPaZ0000000wlZWAQ,,,False,False,Allowed,USD,,Website Compliance Audit - Financial Institutions - Recuring,OrderLineItem,Annual Revenue $1- 1B | Services | Without VS Solution,,,,,,,,Services,Website Compliance Audit - Financial Institutions - Recuring - Services,BU47,Services,,TAYLx1DD00000CWt10,False,False,,True,True,False,Digital Defense,"B976AFD8-1EEB-EC11-BB3E-000D3A1BF334, BB76AFD8-1EEB-EC11-BB3E-000D3A1BF334, DD76AFD8-1EEB-EC11-BB3E-000D3A1BF334, DF76AFD8-1EEB-EC11-BB3E-000D3A1BF334","DD00852, DD00853, DD00870, DD00871",Services,Website Compliance Audit - Financial Institutions - Recuring,,,Vulnerability Management,Order Line Only,aAuct000000FmduCAC,Cyber,Digital Defense Legacy,,VM-DDL-RSP-WCAFIRS,Services,,,Term Based - Annual,,,,Tier Based,,,Recurring Services Sales - Recurring Professional Services,RC_45004,Recurring Service,,,Spread Even,Deferred,Vulnerability Management,Defensive Security,Digital Defense Legacy,,1TpaZ00000005nhSAA,,,Cyber,,,False,,False,,,,,,Taxable,,,,With Account,False,,,,True,
True,2026-01-09T23:00:00.000+0000,11Bct0000051Qq8EAE,,,,False,False,Allowed,USD,,Physical Security Site Review - Project,OrderLineItem,Days 1 | Services | Onsite - First Day | Without VS Solution,,,,,,,,Services,Physical Security Site Review - Project - Services,BU47,Services,,LAYyU1DD00000CWt10,False,False,,True,True,False,Digital Defense,"6DE2C958-632B-EC11-B6E5-000D3A14DF3A, 6FE2C958-632B-EC11-B6E5-000D3A14DF3A, 7FE2C958-632B-EC11-B6E5-000D3A14DF3A, 81E2C958-632B-EC11-B6E5-000D3A14DF3A","DD00454, DD00455, DD00463, DD00464",Services,Physical Security Site Review - Project,,,Vulnerability Management,Order Line Only,aAuct000000FmduCAC,Cyber,Vulnerability Management,,VM-VLM-NRST-PSSRPS,Services,,,One Time,,,,1 Each,,,Non-Recurring Services Sales - Training,RC_45000,Pre Pay Service,,,As Delivered,Deferred,Vulnerability Management,Defensive Security,Vulnerability Management,,1TpaZ00000005nhSAA,,,Cyber,,,False,,False,,,,,,Taxable,,,,With Account,False,,,,True,
True,2026-01-09T20:00:00.000+0000,11Bct0000051QpKEAU,,,,False,False,Allowed,USD,,Red Team Pen Test,OrderLineItem,Services | Project,,,,,,,,Services,Red Team Pen Test - Services,BU47,Services,,1AYDX1DD00000CWt10,False,False,,True,True,False,Digital Defense,9177AFD8-1EEB-EC11-BB3E-000D3A1BF334,DD00961,Services,Red Team Pen Test,,,Vulnerability Management,Order Line Only,aAuct000000FmduCAC,Cyber,Vulnerability Management,,VM-VLM-NRST-RTPT,Services,,,One Time,,,,1 Each,,,Non-Recurring Services Sales - Training,RC_45000,Pre Pay Service,,,As Delivered,Deferred,Vulnerability Management,Defensive Security,Vulnerability Management,,1TpaZ00000005nhSAA,,,Cyber,,,False,,False,,,,,,Taxable,,,,With Account,False,,,,True,
True,2026-01-09T15:00:00.000+0000,11Bct0000051Qq8EAE,,,,False,False,Allowed,USD,,Social Test - Project,OrderLineItem,Days 1 | Services | Onsite - First Day | Without VS Solution,,,,,,,,Services,Social Test - Project - Services,BU47,Services,,TAYMl1DD00000CWt10,False,False,,True,True,False,Digital Defense,"71E2C958-632B-EC11-B6E5-000D3A14DF3A, 73E2C958-632B-EC11-B6E5-000D3A14DF3A, 75E2C958-632B-EC11-B6E5-000D3A14DF3A, 83E2C958-632B-EC11-B6E5-000D3A14DF3A, 85E2C958-632B-EC11-B6E5-000D3A14DF3A, 87E2C958-632B-EC11-B6E5-000D3A14DF3A","DD00456, DD00457, DD00458, DD00465, DD00466, DD00467",Services,Social Test - Project,,,Vulnerability Management,Order Line Only,aAuct000000FmduCAC,Cyber,Vulnerability Management,,VM-VLM-NRST-STPS,Services,,,One Time,,,,1 Each,,,Non-Recurring Services Sales - Training,RC_45000,Pre Pay Service,,,As Delivered,Deferred,Vulnerability Management,Defensive Security,Vulnerability Management,,1TpaZ00000005nhSAA,,,Cyber,,,False,,False,,,,,,Taxable,,,,With Account,False,,,,True,
True,2026-01-09T05:00:00.000+0000,11Bct0000051Qq8EAE,,,,False,False,Allowed,USD,,Wireless Penetration Test - Project,OrderLineItem,Days 1 | Services | Onsite - First Day | Without VS Solution,,,,,,,,Services,Wireless Penetration Test - Project - Services,BU47,Services,,DAY6y1DD00000CWt10,False,False,,True,True,False,Digital Defense,"77E2C958-632B-EC11-B6E5-000D3A14DF3A, 79E2C958-632B-EC11-B6E5-000D3A14DF3A, 89E2C958-632B-EC11-B6E5-000D3A14DF3A, 8BE2C958-632B-EC11-B6E5-000D3A14DF3A","DD00459, DD00460, DD00468, DD00469",Services,Wireless Penetration Test - Project,,,Vulnerability Management,Order Line Only,aAuct000000FmduCAC,Cyber,Vulnerability Management,,VM-VLM-NRST-WPTPS,Services,,,One Time,,,,1 Each,,,Non-Recurring Services Sales - Training,RC_45000,Pre Pay Service,,,As Delivered,Deferred,Vulnerability Management,Defensive Security,Vulnerability Management,,1TpaZ00000005nhSAA,,,Cyber,,,False,,False,,,,,,Taxable,,,,With Account,False,,,,True,
True,2026-01-09T08:00:00.000+0000,11Bct0000051QpOEAU,,,,False,False,Allowed,USD,,VM Analyst,OrderLineItem,Hours 1-8 | Services | Senior,,,,,,,,Services,VM Analyst - Services,BU47,Services,,DAYnq1DD00000CWt10,False,False,,True,True,False,Digital Defense,"52E2C958-632B-EC11-B6E5-000D3A14DF3A, 54E2C958-632B-EC11-B6E5-000D3A14DF3A, 56E2C958-632B-EC11-B6E5-000D3A14DF3A, 59E2C958-632B-EC11-B6E5-000D3A14DF3A, 5BE2C958-632B-EC11-B6E5-000D3A14DF3A, 5DE2C958-632B-EC11-B6E5-000D3A14DF3A, 5FE2C958-632B-EC11-B6E5-000D3A14DF3A, 61E2C958-632B-EC11-B6E5-000D3A14DF3A, 63E2C958-632B-EC11-B6E5-000D3A14DF3A, 67E2C958-632B-EC11-B6E5-000D3A14DF3A, 69E2C958-632B-EC11-B6E5-000D3A14DF3A, 6BE2C958-632B-EC11-B6E5-000D3A14DF3A","DD00442, DD00443, DD00444, DD00445, DD00446, DD00447, DD00448, DD00449, DD00450, DD00451, DD00452, DD00453",Services,VM Analyst,,,Vulnerability Management,Order Line Only,aAuct000000FmduCAC,Cyber,Vulnerability Management,,VM-VLM-NRSU-VMA,Services,,,One Time,,,,1 Each,,,Non-Recurring Services Sales - Set Up,RC_45001,Pre Pay Service,,,As Delivered,Deferred,Vulnerability Management,Defensive Security,Vulnerability Management,,1TpaZ00000005nhSAA,,,Cyber,,,False,,False,,,,,,Taxable,,,,With Account,False,,,,True,
True,2026-01-09T23:00:00.000+0000,11Bct0000051Qq8EAE,1BPaZ0000000wlZWAQ,,,False,False,Allowed,USD,,Physical Security Site Review - Recurring,OrderLineItem,Days 1 | Services | Onsite - First Day | Without VS Solution,,,,,,,,Services,Physical Security Site Review - Recurring - Services,BU47,Services,,LAYzU1DD00000CWt10,False,False,,True,True,False,Digital Defense,"AB76AFD8-1EEB-EC11-BB3E-000D3A1BF334, AD76AFD8-1EEB-EC11-BB3E-000D3A1BF334, CF76AFD8-1EEB-EC11-BB3E-000D3A1BF334, D176AFD8-1EEB-EC11-BB3E-000D3A1BF334","DD00845, DD00846, DD00863, DD00864",Services,Physical Security Site Review - Recurring,,,Vulnerability Management,Order Line Only,aAuct000000FmduCAC,Cyber,Vulnerability Management,,VM-VLM-RSP-PSSRRS,Services,,,Term Based - Annual,,,,1 Each,,,Recurring Services Sales - Recurring Professional Services,RC_45004,Recurring Service,,,Spread Even,Deferred,Vulnerability Management,Defensive Security,Vulnerability Management,,1TpaZ00000005nhSAA,,,Cyber,,,False,,False,,,,,,Taxable,,,,With Account,False,,,,True,
True,2026-01-09T20:00:00.000+0000,11Bct0000051QpKEAU,1BPaZ0000000wlZWAQ,,,False,False,Allowed,USD,,Red Team Pen Test Recurring Service,OrderLineItem,Services | Recurring,,,,,,,,Services,Red Team Pen Test Recurring Service - Services,BU47,Services,,1AYEX1DD00000CWt10,False,False,,True,True,False,Digital Defense,9377AFD8-1EEB-EC11-BB3E-000D3A1BF334,DD00962,Services,Red Team Pen Test Recurring Service,,,Vulnerability Management,Order Line Only,aAuct000000FmduCAC,Cyber,Vulnerability Management,,VM-VLM-RSP-RTPTRS,Services,,,Term Based - Annual,,,,1 Each,,,Recurring Services Sales - Recurring Professional Services,RC_45004,Recurring Service,,,Spread Even,Deferred,Vulnerability Management,Defensive Security,Vulnerability Management,,1TpaZ00000005nhSAA,,,Cyber,,,False,,False,,,,,,Taxable,,,,With Account,False,,,,True,
True,2026-01-09T15:00:00.000+0000,11Bct0000051Qq8EAE,1BPaZ0000000wlZWAQ,,,False,False,Allowed,USD,,Social Test - Recurring,OrderLineItem,Days 1 | Services | Onsite - First Day | Without VS Solution,,,,,,,,Services,Social Test - Recurring - Services,BU47,Services,,TAYNl1DD00000CWt10,False,False,,True,True,False,Digital Defense,"AF76AFD8-1EEB-EC11-BB3E-000D3A1BF334, B176AFD8-1EEB-EC11-BB3E-000D3A1BF334, B376AFD8-1EEB-EC11-BB3E-000D3A1BF334, D376AFD8-1EEB-EC11-BB3E-000D3A1BF334, D576AFD8-1EEB-EC11-BB3E-000D3A1BF334, D776AFD8-1EEB-EC11-BB3E-000D3A1BF334","DD00847, DD00848, DD00849, DD00865, DD00866, DD00867",Services,Social Test - Recurring,,,Vulnerability Management,Order Line Only,aAuct000000FmduCAC,Cyber,Vulnerability Management,,VM-VLM-RSP-STRS,Services,,,Term Based - Annual,,,,1 Each,,,Recurring Services Sales - Recurring Professional Services,RC_45004,Recurring Service,,,Spread Even,Deferred,Vulnerability Management,Defensive Security,Vulnerability Management,,1TpaZ00000005nhSAA,,,Cyber,,,False,,False,,,,,,Taxable,,,,With Account,False,,,,True,
True,2026-01-09T08:00:00.000+0000,11Bct0000051QpOEAU,1BPaZ0000000wlZWAQ,,,False,False,Allowed,USD,,VM Analyst Recurring,OrderLineItem,Hours 1-8 | Services | Senior (Recurring),,,,,,,,Services,VM Analyst Recurring - Services,BU47,Services,,DAYoq1DD00000CWt10,False,False,,True,True,False,Digital Defense,"5BE3C958-632B-EC11-B6E5-000D3A14DF3A, 5EE3C958-632B-EC11-B6E5-000D3A14DF3A, 60E3C958-632B-EC11-B6E5-000D3A14DF3A, 62E3C958-632B-EC11-B6E5-000D3A14DF3A, 64E3C958-632B-EC11-B6E5-000D3A14DF3A, 66E3C958-632B-EC11-B6E5-000D3A14DF3A, 68E3C958-632B-EC11-B6E5-000D3A14DF3A, 6AE3C958-632B-EC11-B6E5-000D3A14DF3A, 6CE3C958-632B-EC11-B6E5-000D3A14DF3A, 6EE3C958-632B-EC11-B6E5-000D3A14DF3A, 70E3C958-632B-EC11-B6E5-000D3A14DF3A, 72E3C958-632B-EC11-B6E5-000D3A14DF3A","DD00570, DD00571, DD00572, DD00573, DD00574, DD00575, DD00576, DD00577, DD00578, DD00579, DD00580, DD00581",Services,VM Analyst Recurring,,,Vulnerability Management,Order Line Only,aAuct000000FmduCAC,Cyber,Vulnerability Management,,VM-VLM-RSP-VMARS,Services,,,Term Based - Annual,,,,Tier Based,,,Recurring Services Sales - Recurring Professional Services,RC_45004,Recurring Service,,,Spread Even,Deferred,Vulnerability Management,Defensive Security,Vulnerability Management,,1TpaZ00000005nhSAA,,,Cyber,,,False,,False,,,,,,Taxable,,,,With Account,False,,,,True,
True,2026-01-09T05:00:00.000+0000,11Bct0000051Qq8EAE,1BPaZ0000000wlZWAQ,,,False,False,Allowed,USD,,Wireless Penetration Test - Recurring,OrderLineItem,Days 1 | Services | Onsite - First Day | Without VS Solution,,,,,,,,Services,Wireless Penetration Test - Recurring - Services,BU47,Services,,DAY7y1DD00000CWt10,False,False,,True,True,False,Digital Defense,"B576AFD8-1EEB-EC11-BB3E-000D3A1BF334, B776AFD8-1EEB-EC11-BB3E-000D3A1BF334, D976AFD8-1EEB-EC11-BB3E-000D3A1BF334, DB76AFD8-1EEB-EC11-BB3E-000D3A1BF334","DD00850, DD00851, DD00868, DD00869",Services,Wireless Penetration Test - Recurring,,,Vulnerability Management,Order Line Only,aAuct000000FmduCAC,Cyber,Vulnerability Management,,VM-VLM-RSP-WPTRS,Services,,,Term Based - Annual,,,,1 Each,,,Recurring Services Sales - Recurring Professional Services,RC_45004,Recurring Service,,,Spread Even,Deferred,Vulnerability Management,Defensive Security,Vulnerability Management,,1TpaZ00000005nhSAA,,,Cyber,,,False,,False,,,,,,Taxable,,,,With Account,False,,,,True,
