67.0 APEX_CODE,FINEST;APEX_PROFILING,FINEST;CALLOUT,FINEST;DATA_ACCESS,INFO;DB,FINEST;NBA,FINE;SYSTEM,FINE;VALIDATION,INFO;VISUALFORCE,FINER;WAVE,FINEST;WORKFLOW,FINER
10:38:30.1 (1262805)|USER_INFO|[EXTERNAL]|005WC00000MgTN2|liam.jeong.c@fortra.com.uat|(GMT-07:00) Pacific Daylight Time (America/Los_Angeles)|GMT-07:00
10:38:30.1 (1354318)|EXECUTION_STARTED
10:38:30.1 (1375691)|CODE_UNIT_STARTED|[EXTERNAL]|Flow:Order
10:38:30.4 (4615286)|FLOW_CREATE_INTERVIEW_BEGIN|00DWC000006eUFF|300WC00000LcvHO|301WC00000gukzh
10:38:30.4 (4947699)|FLOW_CREATE_INTERVIEW_END|11725a77c9c6976ac6f11fbf58819ecc4100db-3b8c|Fortra &#124; Order &#124; Before Insert/Update - Sync Status
10:38:30.6 (6105800)|FLOW_START_INTERVIEWS_BEGIN|1
10:38:30.6 (6195956)|FLOW_START_INTERVIEW_BEGIN|11725a77c9c6976ac6f11fbf58819ecc4100db-3b8c|Fortra &#124; Order &#124; Before Insert/Update - Sync Status
10:38:30.6 (6267182)|FLOW_START_INTERVIEW_LIMIT_USAGE|SOQL queries: 0 out of 100
10:38:30.6 (6321859)|FLOW_START_INTERVIEW_LIMIT_USAGE|SOQL query rows: 0 out of 50000
10:38:30.6 (6326573)|FLOW_START_INTERVIEW_LIMIT_USAGE|SOSL queries: 0 out of 20
10:38:30.6 (6330758)|FLOW_START_INTERVIEW_LIMIT_USAGE|DML statements: 0 out of 150
10:38:30.6 (6334836)|FLOW_START_INTERVIEW_LIMIT_USAGE|DML rows: 0 out of 10000
10:38:30.6 (6339501)|FLOW_START_INTERVIEW_LIMIT_USAGE|CPU time in ms: 1 out of 15000
10:38:30.6 (6362240)|FLOW_START_INTERVIEW_LIMIT_USAGE|Heap size in bytes: 0 out of 6000000
10:38:30.6 (6366543)|FLOW_START_INTERVIEW_LIMIT_USAGE|Callouts: 0 out of 100
10:38:30.6 (6369955)|FLOW_START_INTERVIEW_LIMIT_USAGE|Email invocations: 0 out of 10
10:38:30.6 (6373688)|FLOW_START_INTERVIEW_LIMIT_USAGE|Future calls: 0 out of 50
10:38:30.6 (6377200)|FLOW_START_INTERVIEW_LIMIT_USAGE|Jobs in queue: 0 out of 50
10:38:30.6 (6380611)|FLOW_START_INTERVIEW_LIMIT_USAGE|Push notifications: 0 out of 10
10:38:30.6 (134705677)|FLOW_VALUE_ASSIGNMENT|11725a77c9c6976ac6f11fbf58819ecc4100db-3b8c|$Record|{Id=801WC00000knHDLYA2, OwnerId=005a500001SfRd7AAF, ContractId=800WC00000SKpZJYA1, AccountId=001WC00000XiZP4YAN, Pricebook2Id=01sWC0000022GHFYA2, OriginalOrderId=null, OpportunityId=006WC00000R3zVxYAJ, QuoteId=0Q0WC0000039Vm10AE, EffectiveDate=2026-06-15 00:00:00, EndDate=null, IsReductionOrder=false, Status=Draft, Description=null, CustomerAuthorizedById=null, CustomerAuthorizedDate=null, CompanyAuthorizedById=null, CompanyAuthorizedDate=null, Type=null, BillingStreet=11095 Viking Drive, BillingCity=Eden Prairie, BillingState=Minnesota, BillingPostalCode=55344, BillingCountry=United States, BillingStateCode=MN, BillingCountryCode=US, BillingLatitude=null, BillingLongitude=null, BillingGeocodeAccuracy=null, ShippingStreet=11095 Viking Drive, ShippingCity=Eden Prairie, ShippingState=Minnesota, ShippingPostalCode=55344, ShippingCountry=United States, ShippingStateCode=MN, ShippingCountryCode=US, ShippingLatitude=null, ShippingLongitude=null, ShippingGeocodeAccuracy=null, Name=Q-Wren - Test Pricebook 2-2026-06-15, PoDate=null, PoNumber=null, OrderReferenceNumber=null, BillToContactId=003WC00000nc6g5YAA, ShipToContactId=003WC00000nc6g5YAA, ActivatedDate=null, ActivatedById=null, StatusCode=Draft, CurrencyIsoCode=USD, LegalEntityId=0fwWC000000034LYAQ, OrderedDate=null, BillingEmailAddress=null, BillingPhoneNumber=null, RelatedOrderId=null, OrderNumber=00095503, TotalAmount=94256.4875, TotalTaxAmount=0.0, GrandTotalAmount=94256.4875, TotalAdjustedProductAmount=0.0, TotalAdjustedDeliveryAmount=0.0, TotalProductAdjDistAmount=0.0, TotalDeliveryAdjDistAmount=0.0, TotalAdjustedProductTaxAmount=0.0, TotalAdjustedDeliveryTaxAmount=0.0, TotalProductAdjDistTaxAmount=0.0, TotalDeliveryAdjDistTaxAmount=0.0, TotalAdjProductAmtWithTax=0.0, TotalAdjDeliveryAmtWithTax=0.0, TotalProductAdjDistAmtWithTax=0.0, TotalDeliveryAdjDistAmtWithTax=0.0, PaymentTermId=2OXWC0000000Vs34AE, LastPricedDate=null, FulfillmentPlanId=null, CalculationStatus=Saving, OrchestrationSbmsStatus=null, OriginalActionType=null, ValidationResult=null, AdjustmentDistributionLogic=null, AppliedDiscountAmount=null, AppliedDiscount=null, TotalAmountOverride=null, SalesTransactionTypeId=null, PricingContractId=null, RelatedOrderType=null, TransactionType=Fortra_Advanced_Pricing, CreatedDate=2026-06-15 14:12:45, CreatedById=005a500001SfRd7AAF, LastModifiedDate=2026-06-15 17:37:45, LastModifiedById=005WC00000MgTN2YAN, IsDeleted=false, SystemModstamp=2026-06-15 17:37:45, LastViewedDate=null, LastReferencedDate=null, TotalRoundedLineAmount=null, DiscountPercent=null, Workday_Contract_ID__c=801WC00000knHDLYA2, Workday_ID__c=null, Workday_Sync_Correlation_Id__c=null, Workday_Sync_Message__c=null, Workday_Sync_Payload__c=null, QuoteTypeText__c=New, Legacy_Id__c=null, Bill_To_Place__c=a0lWC000004cO79YAE, Hubspot_Overall_Status__c=Overall Success, Ship_To_Place__c=a0lWC000004cO79YAE, Order_NARR__c=null, Source_Opportunity_Id__c=006WC00000R3zVx, Source_Order_Id__c=null, Bill_To_Account__c=001WC00000XiZP4YAN, Bill_To_Address__c=a0lWC000004cO79YAE, Ship_To_Account__c=001WC00000XiZP4YAN, Ship_To_Address__c=a0lWC000004cO79YAE, Clawback_Repaid_Date__c=null, Commission_Date__c=null, Contract_Start_Date__c=null, Currency_Locked__c=false, MSYears__c=null, New_Licenses__c=null, New_Maintenance__c=null, New_Pro_Services__c=null, Partner_Account__c=null, Reseller_PO__c=null, Sales_Rep__c=null, Source_Quote_Currency__c=USD, gsOrderID__c=null, gsShipDate__c=null, Order_Displaced_ARR__c=0.0, VAT_Number__c=null, DoNotInvoicePS__c=false, IsDR__c=false, IsNotificationSent__c=false, IsRenewal__c=false, IsTAM__c=null, Is_Reversed__c=false, New_SaaSEftCloud__c=null, Total_List_Price__c=null, Account_Specialist__c=null, Billing_Day_of_Month__c=null, Customer_Success_Manager__c=null, Date_Fulfilled__c=null, Deal_Origin__c=null, Disable_Export_Control__c=false, Enterprise_Representative__c=null, HARP_Contact__c=null, Invoice_Contact_2__c=null, Invoice_Contact__c=null, License_Key_Contact__c=null, ShowHide_Discounts__c=null, Solutions_Engineer__c=null, Total_Discount_Amount__c=0.0, PO_Sync_Correlation_Id__c=null, PO_Sync_Message__c=null, PO_Sync_Payload__c=null, PO_Sync_Status__c=Pending, PO_URL__c=null, ALE__c=null, AWS_Marketplace_Agreement_ID__c=null, AWS_Marketplace_Offer_ID__c=null, Account_NameText__c=Fortra, LLC - Test, Billing_Frequency__c=null, Contact__c=null, Cross_Sale_Type__c=null, Cross_Sale_User__c=null, Description__c=null, Disable_Tax__c=false, DistributorReseller__c=null, Line_Items_Complete__c=false, Maintenance_Date__c=null, Mark_Inv_Migration_Change__c=false, On_Hold_Time__c=null, OrderOne__c=1.0, POC_Invoice_Contact_On_Billing_Account__c=null, Payment_Portal__c=Fortra (default), Purchasing_Agent_Account__c=null, Purchasing_Agent_Contact__c=null, RSM_2__c=null, RSM_3__c=null, RSM_4__c=null, RSM_5__c=null, RSM__c=null, Referral_Partner__c=null, Renewal_Maintenance_Quote__c=null, Renewals_Specialist__c=null, Requested_Delivery_Date__c=null, Reseller_Partner__c=null, SA__c=null, Secondary_License_Key_Contact__c=null, Share_With_AWS__c=false, SingleYearMS__c=null, Skip_Price_Calculation__c=false, Source_Campaign__c=null, Source_Quote_Id__c=null, Workday_Sync_Status__c=Pending, HS_Sync_Correlation_Id__c=null, HS_Sync_Message__c=null, HS_Sync_Payload__c=null, HS_Sync_Status__c=null, Deal_Type__c=Channel Originated, GSW__c=false, Quote_Type__c=New, Total_Services__c=null, Total_Software__c=null, Total_Subscription__c=94000.0, Order_NARR_Calculated__c=0.0, Exchange_Rate_To_USD__c=null, Legacy_Sync_Correlation_Id__c=null, Legacy_Sync_Message__c=null, Legacy_Sync_Payload__c=null, Legacy_Sync_Status__c=null, WorkdayReferenceID__c=COM003, Payment_Term_Workday_Reference_ID__c=Net_30, Order_Integration_Error_Messages__c=null, Order_and_Related_Field_Status__c=Unknown, Legacy_Discount__c=null, Workday_Contract_Type__c=Master_Contract, Legacy_Overall_Status__c=Not Overall Success, Workday_Overall_Status__c=Not Success, Contract_Number_Text__c=00069297, MyCap__c=false}
10:38:30.6 (134909415)|FLOW_ELEMENT_BEGIN|11725a77c9c6976ac6f11fbf58819ecc4100db-3b8c|FlowDecision|Workday_Sync_Status_Decision
10:38:30.6 (134964084)|FLOW_ELEMENT_DEFERRED|FlowDecision|Workday_Sync_Status_Decision
10:38:30.6 (135058246)|FLOW_ELEMENT_LIMIT_USAGE|29 ms CPU time, total 30 out of 15000
10:38:30.6 (135093816)|FLOW_ELEMENT_END|11725a77c9c6976ac6f11fbf58819ecc4100db-3b8c|FlowDecision|Workday_Sync_Status_Decision
10:38:30.6 (136815269)|FLOW_START_INTERVIEW_END|11725a77c9c6976ac6f11fbf58819ecc4100db-3b8c|Fortra &#124; Order &#124; Before Insert/Update - Sync Status
10:38:30.6 (137124495)|FLOW_BULK_ELEMENT_BEGIN|FlowDecision|Workday_Sync_Status_Decision
10:38:30.6 (137365022)|FLOW_RULE_DETAIL|11725a77c9c6976ac6f11fbf58819ecc4100db-3b8c|NOT_Success_Workday_Sync_Status_Outcome|true|false
10:38:30.6 (137406005)|FLOW_VALUE_ASSIGNMENT|11725a77c9c6976ac6f11fbf58819ecc4100db-3b8c|NOT_Success_Workday_Sync_Status_Outcome|true
10:38:30.6 (137614732)|FLOW_BULK_ELEMENT_LIMIT_USAGE|1 ms CPU time, total 31 out of 15000
10:38:30.6 (137644843)|FLOW_BULK_ELEMENT_END|FlowDecision|Workday_Sync_Status_Decision|0|0
10:38:30.6 (137715836)|FLOW_ELEMENT_BEGIN|11725a77c9c6976ac6f11fbf58819ecc4100db-3b8c|FlowDecision|Set_Workday_Sync_Status_to_Pending_Decision
10:38:30.6 (137761939)|FLOW_ELEMENT_DEFERRED|FlowDecision|Set_Workday_Sync_Status_to_Pending_Decision
10:38:30.6 (137783482)|FLOW_ELEMENT_END|11725a77c9c6976ac6f11fbf58819ecc4100db-3b8c|FlowDecision|Set_Workday_Sync_Status_to_Pending_Decision
10:38:30.6 (137812183)|FLOW_BULK_ELEMENT_BEGIN|FlowDecision|Set_Workday_Sync_Status_to_Pending_Decision
10:38:30.6 (138062994)|FLOW_RULE_DETAIL|11725a77c9c6976ac6f11fbf58819ecc4100db-3b8c|No_Set_Workday_Sync_Status_to_Pending_Outcome|false|false
10:38:30.6 (138082873)|FLOW_VALUE_ASSIGNMENT|11725a77c9c6976ac6f11fbf58819ecc4100db-3b8c|No_Set_Workday_Sync_Status_to_Pending_Outcome|false
10:38:30.6 (138187537)|FLOW_BULK_ELEMENT_LIMIT_USAGE|1 ms CPU time, total 32 out of 15000
10:38:30.6 (138213647)|FLOW_BULK_ELEMENT_END|FlowDecision|Set_Workday_Sync_Status_to_Pending_Decision|0|0
10:38:30.6 (138243926)|FLOW_ELEMENT_BEGIN|11725a77c9c6976ac6f11fbf58819ecc4100db-3b8c|FlowAssignment|Set_Workday_Sync_Status_to_Pending
10:38:30.6 (138254747)|FLOW_ELEMENT_DEFERRED|FlowAssignment|Set_Workday_Sync_Status_to_Pending
10:38:30.6 (138269973)|FLOW_ELEMENT_END|11725a77c9c6976ac6f11fbf58819ecc4100db-3b8c|FlowAssignment|Set_Workday_Sync_Status_to_Pending
10:38:30.6 (138301283)|FLOW_BULK_ELEMENT_BEGIN|FlowAssignment|Set_Workday_Sync_Status_to_Pending
10:38:30.6 (138528484)|FLOW_ASSIGNMENT_DETAIL|11725a77c9c6976ac6f11fbf58819ecc4100db-3b8c|$Record.Workday_Sync_Status__c|ASSIGN|Pending
10:38:30.6 (140665783)|FLOW_VALUE_ASSIGNMENT|11725a77c9c6976ac6f11fbf58819ecc4100db-3b8c|$Record|{Id=801WC00000knHDLYA2, OwnerId=005a500001SfRd7AAF, ContractId=800WC00000SKpZJYA1, AccountId=001WC00000XiZP4YAN, Pricebook2Id=01sWC0000022GHFYA2, OriginalOrderId=null, OpportunityId=006WC00000R3zVxYAJ, QuoteId=0Q0WC0000039Vm10AE, EffectiveDate=2026-06-15 00:00:00, EndDate=null, IsReductionOrder=false, Status=Draft, Description=null, CustomerAuthorizedById=null, CustomerAuthorizedDate=null, CompanyAuthorizedById=null, CompanyAuthorizedDate=null, Type=null, BillingStreet=11095 Viking Drive, BillingCity=Eden Prairie, BillingState=Minnesota, BillingPostalCode=55344, BillingCountry=United States, BillingStateCode=MN, BillingCountryCode=US, BillingLatitude=null, BillingLongitude=null, BillingGeocodeAccuracy=null, ShippingStreet=11095 Viking Drive, ShippingCity=Eden Prairie, ShippingState=Minnesota, ShippingPostalCode=55344, ShippingCountry=United States, ShippingStateCode=MN, ShippingCountryCode=US, ShippingLatitude=null, ShippingLongitude=null, ShippingGeocodeAccuracy=null, Name=Q-Wren - Test Pricebook 2-2026-06-15, PoDate=null, PoNumber=null, OrderReferenceNumber=null, BillToContactId=003WC00000nc6g5YAA, ShipToContactId=003WC00000nc6g5YAA, ActivatedDate=null, ActivatedById=null, StatusCode=Draft, CurrencyIsoCode=USD, LegalEntityId=0fwWC000000034LYAQ, OrderedDate=null, BillingEmailAddress=null, BillingPhoneNumber=null, RelatedOrderId=null, OrderNumber=00095503, TotalAmount=94256.4875, TotalTaxAmount=0.0, GrandTotalAmount=94256.4875, TotalAdjustedProductAmount=0.0, TotalAdjustedDeliveryAmount=0.0, TotalProductAdjDistAmount=0.0, TotalDeliveryAdjDistAmount=0.0, TotalAdjustedProductTaxAmount=0.0, TotalAdjustedDeliveryTaxAmount=0.0, TotalProductAdjDistTaxAmount=0.0, TotalDeliveryAdjDistTaxAmount=0.0, TotalAdjProductAmtWithTax=0.0, TotalAdjDeliveryAmtWithTax=0.0, TotalProductAdjDistAmtWithTax=0.0, TotalDeliveryAdjDistAmtWithTax=0.0, PaymentTermId=2OXWC0000000Vs34AE, LastPricedDate=null, FulfillmentPlanId=null, CalculationStatus=Saving, OrchestrationSbmsStatus=null, OriginalActionType=null, ValidationResult=null, AdjustmentDistributionLogic=null, AppliedDiscountAmount=null, AppliedDiscount=null, TotalAmountOverride=null, SalesTransactionTypeId=null, PricingContractId=null, RelatedOrderType=null, TransactionType=Fortra_Advanced_Pricing, CreatedDate=2026-06-15 14:12:45, CreatedById=005a500001SfRd7AAF, LastModifiedDate=2026-06-15 17:37:45, LastModifiedById=005WC00000MgTN2YAN, IsDeleted=false, SystemModstamp=2026-06-15 17:37:45, LastViewedDate=null, LastReferencedDate=null, TotalRoundedLineAmount=null, DiscountPercent=null, Workday_Contract_ID__c=801WC00000knHDLYA2, Workday_ID__c=null, Workday_Sync_Correlation_Id__c=null, Workday_Sync_Message__c=null, Workday_Sync_Payload__c=null, QuoteTypeText__c=New, Legacy_Id__c=null, Bill_To_Place__c=a0lWC000004cO79YAE, Hubspot_Overall_Status__c=Overall Success, Ship_To_Place__c=a0lWC000004cO79YAE, Order_NARR__c=null, Source_Opportunity_Id__c=006WC00000R3zVx, Source_Order_Id__c=null, Bill_To_Account__c=001WC00000XiZP4YAN, Bill_To_Address__c=a0lWC000004cO79YAE, Ship_To_Account__c=001WC00000XiZP4YAN, Ship_To_Address__c=a0lWC000004cO79YAE, Clawback_Repaid_Date__c=null, Commission_Date__c=null, Contract_Start_Date__c=null, Currency_Locked__c=false, MSYears__c=null, New_Licenses__c=null, New_Maintenance__c=null, New_Pro_Services__c=null, Partner_Account__c=null, Reseller_PO__c=null, Sales_Rep__c=null, Source_Quote_Currency__c=USD, gsOrderID__c=null, gsShipDate__c=null, Order_Displaced_ARR__c=0.0, VAT_Number__c=null, DoNotInvoicePS__c=false, IsDR__c=false, IsNotificationSent__c=false, IsRenewal__c=false, IsTAM__c=null, Is_Reversed__c=false, New_SaaSEftCloud__c=null, Total_List_Price__c=null, Account_Specialist__c=null, Billing_Day_of_Month__c=null, Customer_Success_Manager__c=null, Date_Fulfilled__c=null, Deal_Origin__c=null, Disable_Export_Control__c=false, Enterprise_Representative__c=null, HARP_Contact__c=null, Invoice_Contact_2__c=null, Invoice_Contact__c=null, License_Key_Contact__c=null, ShowHide_Discounts__c=null, Solutions_Engineer__c=null, Total_Discount_Amount__c=0.0, PO_Sync_Correlation_Id__c=null, PO_Sync_Message__c=null, PO_Sync_Payload__c=null, PO_Sync_Status__c=Pending, PO_URL__c=null, ALE__c=null, AWS_Marketplace_Agreement_ID__c=null, AWS_Marketplace_Offer_ID__c=null, Account_NameText__c=Fortra, LLC - Test, Billing_Frequency__c=null, Contact__c=null, Cross_Sale_Type__c=null, Cross_Sale_User__c=null, Description__c=null, Disable_Tax__c=false, DistributorReseller__c=null, Line_Items_Complete__c=false, Maintenance_Date__c=null, Mark_Inv_Migration_Change__c=false, On_Hold_Time__c=null, OrderOne__c=1.0, POC_Invoice_Contact_On_Billing_Account__c=null, Payment_Portal__c=Fortra (default), Purchasing_Agent_Account__c=null, Purchasing_Agent_Contact__c=null, RSM_2__c=null, RSM_3__c=null, RSM_4__c=null, RSM_5__c=null, RSM__c=null, Referral_Partner__c=null, Renewal_Maintenance_Quote__c=null, Renewals_Specialist__c=null, Requested_Delivery_Date__c=null, Reseller_Partner__c=null, SA__c=null, Secondary_License_Key_Contact__c=null, Share_With_AWS__c=false, SingleYearMS__c=null, Skip_Price_Calculation__c=false, Source_Campaign__c=null, Source_Quote_Id__c=null, Workday_Sync_Status__c=Pending, HS_Sync_Correlation_Id__c=null, HS_Sync_Message__c=null, HS_Sync_Payload__c=null, HS_Sync_Status__c=null, Deal_Type__c=Channel Originated, GSW__c=false, Quote_Type__c=New, Total_Services__c=null, Total_Software__c=null, Total_Subscription__c=94000.0, Order_NARR_Calculated__c=0.0, Exchange_Rate_To_USD__c=null, Legacy_Sync_Correlation_Id__c=null, Legacy_Sync_Message__c=null, Legacy_Sync_Payload__c=null, Legacy_Sync_Status__c=null, WorkdayReferenceID__c=COM003, Payment_Term_Workday_Reference_ID__c=Net_30, Order_Integration_Error_Messages__c=null, Order_and_Related_Field_Status__c=Unknown, Legacy_Discount__c=null, Workday_Contract_Type__c=Master_Contract, Legacy_Overall_Status__c=Not Overall Success, Workday_Overall_Status__c=Not Success, Contract_Number_Text__c=00069297, MyCap__c=false}
10:38:30.6 (140860102)|FLOW_BULK_ELEMENT_LIMIT_USAGE|2 ms CPU time, total 34 out of 15000
10:38:30.6 (140877852)|FLOW_BULK_ELEMENT_END|FlowAssignment|Set_Workday_Sync_Status_to_Pending|0|2
10:38:30.6 (141101378)|FLOW_ELEMENT_BEGIN|11725a77c9c6976ac6f11fbf58819ecc4100db-3b8c|FlowDecision|Set_PO_Sync_Status_to_Pending_Decision
10:38:30.6 (141117761)|FLOW_ELEMENT_DEFERRED|FlowDecision|Set_PO_Sync_Status_to_Pending_Decision
10:38:30.6 (141140758)|FLOW_ELEMENT_END|11725a77c9c6976ac6f11fbf58819ecc4100db-3b8c|FlowDecision|Set_PO_Sync_Status_to_Pending_Decision
10:38:30.6 (141175728)|FLOW_BULK_ELEMENT_BEGIN|FlowDecision|Set_PO_Sync_Status_to_Pending_Decision
10:38:30.6 (141330736)|FLOW_RULE_DETAIL|11725a77c9c6976ac6f11fbf58819ecc4100db-3b8c|No_Set_PO_Sync_Status_to_Pending_Outcome|false|false
10:38:30.6 (141350485)|FLOW_VALUE_ASSIGNMENT|11725a77c9c6976ac6f11fbf58819ecc4100db-3b8c|No_Set_PO_Sync_Status_to_Pending_Outcome|false
10:38:30.6 (141454414)|FLOW_BULK_ELEMENT_LIMIT_USAGE|1 ms CPU time, total 35 out of 15000
10:38:30.6 (141462781)|FLOW_BULK_ELEMENT_END|FlowDecision|Set_PO_Sync_Status_to_Pending_Decision|0|0
10:38:30.6 (141486591)|FLOW_ELEMENT_BEGIN|11725a77c9c6976ac6f11fbf58819ecc4100db-3b8c|FlowAssignment|Set_PO_Sync_Status_to_Pending
10:38:30.6 (141496255)|FLOW_ELEMENT_DEFERRED|FlowAssignment|Set_PO_Sync_Status_to_Pending
10:38:30.6 (141545113)|FLOW_ELEMENT_END|11725a77c9c6976ac6f11fbf58819ecc4100db-3b8c|FlowAssignment|Set_PO_Sync_Status_to_Pending
10:38:30.6 (141565468)|FLOW_BULK_ELEMENT_BEGIN|FlowAssignment|Set_PO_Sync_Status_to_Pending
10:38:30.6 (141670730)|FLOW_ASSIGNMENT_DETAIL|11725a77c9c6976ac6f11fbf58819ecc4100db-3b8c|$Record.PO_Sync_Status__c|ASSIGN|Pending
10:38:30.6 (143303138)|FLOW_VALUE_ASSIGNMENT|11725a77c9c6976ac6f11fbf58819ecc4100db-3b8c|$Record|{Id=801WC00000knHDLYA2, OwnerId=005a500001SfRd7AAF, ContractId=800WC00000SKpZJYA1, AccountId=001WC00000XiZP4YAN, Pricebook2Id=01sWC0000022GHFYA2, OriginalOrderId=null, OpportunityId=006WC00000R3zVxYAJ, QuoteId=0Q0WC0000039Vm10AE, EffectiveDate=2026-06-15 00:00:00, EndDate=null, IsReductionOrder=false, Status=Draft, Description=null, CustomerAuthorizedById=null, CustomerAuthorizedDate=null, CompanyAuthorizedById=null, CompanyAuthorizedDate=null, Type=null, BillingStreet=11095 Viking Drive, BillingCity=Eden Prairie, BillingState=Minnesota, BillingPostalCode=55344, BillingCountry=United States, BillingStateCode=MN, BillingCountryCode=US, BillingLatitude=null, BillingLongitude=null, BillingGeocodeAccuracy=null, ShippingStreet=11095 Viking Drive, ShippingCity=Eden Prairie, ShippingState=Minnesota, ShippingPostalCode=55344, ShippingCountry=United States, ShippingStateCode=MN, ShippingCountryCode=US, ShippingLatitude=null, ShippingLongitude=null, ShippingGeocodeAccuracy=null, Name=Q-Wren - Test Pricebook 2-2026-06-15, PoDate=null, PoNumber=null, OrderReferenceNumber=null, BillToContactId=003WC00000nc6g5YAA, ShipToContactId=003WC00000nc6g5YAA, ActivatedDate=null, ActivatedById=null, StatusCode=Draft, CurrencyIsoCode=USD, LegalEntityId=0fwWC000000034LYAQ, OrderedDate=null, BillingEmailAddress=null, BillingPhoneNumber=null, RelatedOrderId=null, OrderNumber=00095503, TotalAmount=94256.4875, TotalTaxAmount=0.0, GrandTotalAmount=94256.4875, TotalAdjustedProductAmount=0.0, TotalAdjustedDeliveryAmount=0.0, TotalProductAdjDistAmount=0.0, TotalDeliveryAdjDistAmount=0.0, TotalAdjustedProductTaxAmount=0.0, TotalAdjustedDeliveryTaxAmount=0.0, TotalProductAdjDistTaxAmount=0.0, TotalDeliveryAdjDistTaxAmount=0.0, TotalAdjProductAmtWithTax=0.0, TotalAdjDeliveryAmtWithTax=0.0, TotalProductAdjDistAmtWithTax=0.0, TotalDeliveryAdjDistAmtWithTax=0.0, PaymentTermId=2OXWC0000000Vs34AE, LastPricedDate=null, FulfillmentPlanId=null, CalculationStatus=Saving, OrchestrationSbmsStatus=null, OriginalActionType=null, ValidationResult=null, AdjustmentDistributionLogic=null, AppliedDiscountAmount=null, AppliedDiscount=null, TotalAmountOverride=null, SalesTransactionTypeId=null, PricingContractId=null, RelatedOrderType=null, TransactionType=Fortra_Advanced_Pricing, CreatedDate=2026-06-15 14:12:45, CreatedById=005a500001SfRd7AAF, LastModifiedDate=2026-06-15 17:37:45, LastModifiedById=005WC00000MgTN2YAN, IsDeleted=false, SystemModstamp=2026-06-15 17:37:45, LastViewedDate=null, LastReferencedDate=null, TotalRoundedLineAmount=null, DiscountPercent=null, Workday_Contract_ID__c=801WC00000knHDLYA2, Workday_ID__c=null, Workday_Sync_Correlation_Id__c=null, Workday_Sync_Message__c=null, Workday_Sync_Payload__c=null, QuoteTypeText__c=New, Legacy_Id__c=null, Bill_To_Place__c=a0lWC000004cO79YAE, Hubspot_Overall_Status__c=Overall Success, Ship_To_Place__c=a0lWC000004cO79YAE, Order_NARR__c=null, Source_Opportunity_Id__c=006WC00000R3zVx, Source_Order_Id__c=null, Bill_To_Account__c=001WC00000XiZP4YAN, Bill_To_Address__c=a0lWC000004cO79YAE, Ship_To_Account__c=001WC00000XiZP4YAN, Ship_To_Address__c=a0lWC000004cO79YAE, Clawback_Repaid_Date__c=null, Commission_Date__c=null, Contract_Start_Date__c=null, Currency_Locked__c=false, MSYears__c=null, New_Licenses__c=null, New_Maintenance__c=null, New_Pro_Services__c=null, Partner_Account__c=null, Reseller_PO__c=null, Sales_Rep__c=null, Source_Quote_Currency__c=USD, gsOrderID__c=null, gsShipDate__c=null, Order_Displaced_ARR__c=0.0, VAT_Number__c=null, DoNotInvoicePS__c=false, IsDR__c=false, IsNotificationSent__c=false, IsRenewal__c=false, IsTAM__c=null, Is_Reversed__c=false, New_SaaSEftCloud__c=null, Total_List_Price__c=null, Account_Specialist__c=null, Billing_Day_of_Month__c=null, Customer_Success_Manager__c=null, Date_Fulfilled__c=null, Deal_Origin__c=null, Disable_Export_Control__c=false, Enterprise_Representative__c=null, HARP_Contact__c=null, Invoice_Contact_2__c=null, Invoice_Contact__c=null, License_Key_Contact__c=null, ShowHide_Discounts__c=null, Solutions_Engineer__c=null, Total_Discount_Amount__c=0.0, PO_Sync_Correlation_Id__c=null, PO_Sync_Message__c=null, PO_Sync_Payload__c=null, PO_Sync_Status__c=Pending, PO_URL__c=null, ALE__c=null, AWS_Marketplace_Agreement_ID__c=null, AWS_Marketplace_Offer_ID__c=null, Account_NameText__c=Fortra, LLC - Test, Billing_Frequency__c=null, Contact__c=null, Cross_Sale_Type__c=null, Cross_Sale_User__c=null, Description__c=null, Disable_Tax__c=false, DistributorReseller__c=null, Line_Items_Complete__c=false, Maintenance_Date__c=null, Mark_Inv_Migration_Change__c=false, On_Hold_Time__c=null, OrderOne__c=1.0, POC_Invoice_Contact_On_Billing_Account__c=null, Payment_Portal__c=Fortra (default), Purchasing_Agent_Account__c=null, Purchasing_Agent_Contact__c=null, RSM_2__c=null, RSM_3__c=null, RSM_4__c=null, RSM_5__c=null, RSM__c=null, Referral_Partner__c=null, Renewal_Maintenance_Quote__c=null, Renewals_Specialist__c=null, Requested_Delivery_Date__c=null, Reseller_Partner__c=null, SA__c=null, Secondary_License_Key_Contact__c=null, Share_With_AWS__c=false, SingleYearMS__c=null, Skip_Price_Calculation__c=false, Source_Campaign__c=null, Source_Quote_Id__c=null, Workday_Sync_Status__c=Pending, HS_Sync_Correlation_Id__c=null, HS_Sync_Message__c=null, HS_Sync_Payload__c=null, HS_Sync_Status__c=null, Deal_Type__c=Channel Originated, GSW__c=false, Quote_Type__c=New, Total_Services__c=null, Total_Software__c=null, Total_Subscription__c=94000.0, Order_NARR_Calculated__c=0.0, Exchange_Rate_To_USD__c=null, Legacy_Sync_Correlation_Id__c=null, Legacy_Sync_Message__c=null, Legacy_Sync_Payload__c=null, Legacy_Sync_Status__c=null, WorkdayReferenceID__c=COM003, Payment_Term_Workday_Reference_ID__c=Net_30, Order_Integration_Error_Messages__c=null, Order_and_Related_Field_Status__c=Unknown, Legacy_Discount__c=null, Workday_Contract_Type__c=Master_Contract, Legacy_Overall_Status__c=Not Overall Success, Workday_Overall_Status__c=Not Success, Contract_Number_Text__c=00069297, MyCap__c=false}
10:38:30.6 (143544437)|FLOW_BULK_ELEMENT_LIMIT_USAGE|1 ms CPU time, total 36 out of 15000
10:38:30.6 (143567201)|FLOW_BULK_ELEMENT_END|FlowAssignment|Set_PO_Sync_Status_to_Pending|0|1
10:38:30.6 (144005177)|FLOW_START_INTERVIEWS_END|1
10:38:30.6 (144315840)|FLOW_INTERVIEW_FINISHED|11725a77c9c6976ac6f11fbf58819ecc4100db-3b8c|Fortra &#124; Order &#124; Before Insert/Update - Sync Status
10:38:30.6 (144366290)|FLOW_INTERVIEW_FINISHED_LIMIT_USAGE|SOQL queries: 0 out of 100
10:38:30.6 (144376145)|FLOW_INTERVIEW_FINISHED_LIMIT_USAGE|SOQL query rows: 0 out of 50000
10:38:30.6 (144382174)|FLOW_INTERVIEW_FINISHED_LIMIT_USAGE|SOSL queries: 0 out of 20
10:38:30.6 (144387057)|FLOW_INTERVIEW_FINISHED_LIMIT_USAGE|DML statements: 0 out of 150
10:38:30.6 (144391974)|FLOW_INTERVIEW_FINISHED_LIMIT_USAGE|DML rows: 0 out of 10000
10:38:30.6 (144397127)|FLOW_INTERVIEW_FINISHED_LIMIT_USAGE|CPU time in ms: 36 out of 15000
10:38:30.6 (144404906)|FLOW_INTERVIEW_FINISHED_LIMIT_USAGE|Heap size in bytes: 0 out of 6000000
10:38:30.6 (144409697)|FLOW_INTERVIEW_FINISHED_LIMIT_USAGE|Callouts: 0 out of 100
10:38:30.6 (144414762)|FLOW_INTERVIEW_FINISHED_LIMIT_USAGE|Email invocations: 0 out of 10
10:38:30.6 (144419272)|FLOW_INTERVIEW_FINISHED_LIMIT_USAGE|Future calls: 0 out of 50
10:38:30.6 (144423682)|FLOW_INTERVIEW_FINISHED_LIMIT_USAGE|Jobs in queue: 0 out of 50
10:38:30.1 (148201036)|CODE_UNIT_FINISHED|Flow:Order
10:38:30.1 (148218761)|EXECUTION_FINISHED
10:38:30.321 (321548741)|USER_INFO|[EXTERNAL]|005WC00000MgTN2|liam.jeong.c@fortra.com.uat|(GMT-07:00) Pacific Daylight Time (America/Los_Angeles)|GMT-07:00
10:38:30.321 (321575814)|EXECUTION_STARTED
10:38:30.321 (321586240)|CODE_UNIT_STARTED|[EXTERNAL]|Validation:Order:801WC00000knHDL
10:38:30.321 (321601989)|VALIDATION_RULE|03dWC000001dRW1|Lock_Currency_At_Order_Activation
10:38:30.321 (322002686)|VALIDATION_FORMULA|AND(
 ISCHANGED(CurrencyIsoCode),
 OR(
     ISPICKVAL(Status, 'Activated'),
     ISPICKVAL(Status, 'In Fulfillment'),
     ISPICKVAL(Status, 'Fulfilled'),
     ISPICKVAL(Status, 'Completed'),
     ISPICKVAL(Status, 'Closed')
 )
)|Status=Draft , CurrencyIsoCode=USD
10:38:30.321 (322018517)|VALIDATION_PASS
10:38:30.321 (322020422)|VALIDATION_RULE|03dWC000001pCD3|Order_BillToAddressAcct_Equal_OrderAcct
10:38:30.321 (322196573)|VALIDATION_FORMULA|AND(NOT(ISBLANK(Bill_To_Address__r.Account__c)),
 Bill_To_Address__r.Account__c !=  AccountId 
)|AccountId=001WC00000XiZP4 , Bill_To_Address__r.Account__c=001WC00000XiZP4
10:38:30.321 (322201525)|VALIDATION_PASS
10:38:30.321 (322202818)|VALIDATION_RULE|03dWC000001pCBR|Order_BillToContactAcct_Equal_OrderAcct
10:38:30.321 (322313713)|VALIDATION_FORMULA|AND(NOT(ISBLANK(BillToContact.AccountId)),
 BillToContact.AccountId !=  AccountId 
)|AccountId=001WC00000XiZP4 , BillToContact.AccountId=001WC00000XiZP4
10:38:30.321 (322319726)|VALIDATION_PASS
10:38:30.321 (322320919)|VALIDATION_RULE|03dWC000001pC9p|Order_BillToPlaceAcct_Equal_OrderAcct
10:38:30.321 (322399566)|VALIDATION_FORMULA|AND(NOT(ISBLANK(Bill_To_Place__r.Account__c)),
 Bill_To_Place__r.Account__c !=  AccountId 
)|AccountId=001WC00000XiZP4 , Bill_To_Place__r.Account__c=001WC00000XiZP4
10:38:30.321 (322404145)|VALIDATION_PASS
10:38:30.321 (322405574)|VALIDATION_RULE|03dWC000001pC8D|Order_ShipToAddressAcct_Equal_OrderAcct
10:38:30.321 (322474575)|VALIDATION_FORMULA|AND(NOT(ISBLANK(Ship_To_Address__r.Account__c)),
 Ship_To_Address__r.Account__c != AccountId
)|AccountId=001WC00000XiZP4 , Ship_To_Address__r.Account__c=001WC00000XiZP4
10:38:30.321 (322477975)|VALIDATION_PASS
10:38:30.321 (322479092)|VALIDATION_RULE|03dWC000001pC6b|Order_ShipToContactAcct_Equal_OrderAcct
10:38:30.321 (322575611)|VALIDATION_FORMULA|AND(NOT(ISBLANK(ShipToContact.AccountId)),
 ShipToContact.AccountId  != AccountId
)|AccountId=001WC00000XiZP4 , ShipToContact.AccountId=001WC00000XiZP4
10:38:30.321 (322580946)|VALIDATION_PASS
10:38:30.321 (322582583)|VALIDATION_RULE|03dWC000001pC4z|Order_ShipToPlaceAcct_Equal_OrderAcct
10:38:30.321 (322652417)|VALIDATION_FORMULA|AND(NOT(ISBLANK(Ship_To_Place__r.Account__c)),
 Ship_To_Place__r.Account__c != AccountId 
)|AccountId=001WC00000XiZP4 , Ship_To_Place__r.Account__c=001WC00000XiZP4
10:38:30.321 (322655551)|VALIDATION_PASS
10:38:30.321 (322665026)|CODE_UNIT_FINISHED|Validation:Order:801WC00000knHDL
10:38:30.321 (322671706)|EXECUTION_FINISHED
10:38:30.359 (359571691)|USER_INFO|[EXTERNAL]|005WC00000MgTN2|liam.jeong.c@fortra.com.uat|(GMT-07:00) Pacific Daylight Time (America/Los_Angeles)|GMT-07:00
10:38:30.359 (359597195)|EXECUTION_STARTED
10:38:30.359 (359607823)|CODE_UNIT_STARTED|[EXTERNAL]|Flow:Order
10:38:30.362 (362767196)|FLOW_CREATE_INTERVIEW_BEGIN|00DWC000006eUFF|300WC00000PgHIz|301WC00000guXcg
10:38:30.362 (362894529)|FLOW_CREATE_INTERVIEW_END|11825a77c9c6976ac6f11fbf58819ecc4100db-3b8d|Fortra &#124; Order &#124; After Update - Platform Event (Workday)
10:38:30.363 (363508523)|FLOW_START_INTERVIEWS_BEGIN|1
10:38:30.363 (363562227)|FLOW_START_INTERVIEW_BEGIN|11825a77c9c6976ac6f11fbf58819ecc4100db-3b8d|Fortra &#124; Order &#124; After Update - Platform Event (Workday)
10:38:30.363 (363623368)|FLOW_START_INTERVIEW_LIMIT_USAGE|SOQL queries: 0 out of 100
10:38:30.363 (363631724)|FLOW_START_INTERVIEW_LIMIT_USAGE|SOQL query rows: 0 out of 50000
10:38:30.363 (363636393)|FLOW_START_INTERVIEW_LIMIT_USAGE|SOSL queries: 0 out of 20
10:38:30.363 (363640445)|FLOW_START_INTERVIEW_LIMIT_USAGE|DML statements: 0 out of 150
10:38:30.363 (363644362)|FLOW_START_INTERVIEW_LIMIT_USAGE|DML rows: 0 out of 10000
10:38:30.363 (363650290)|FLOW_START_INTERVIEW_LIMIT_USAGE|CPU time in ms: 185 out of 15000
10:38:30.363 (363663957)|FLOW_START_INTERVIEW_LIMIT_USAGE|Heap size in bytes: 0 out of 6000000
10:38:30.363 (363668590)|FLOW_START_INTERVIEW_LIMIT_USAGE|Callouts: 0 out of 100
10:38:30.363 (363672506)|FLOW_START_INTERVIEW_LIMIT_USAGE|Email invocations: 0 out of 10
10:38:30.363 (363676529)|FLOW_START_INTERVIEW_LIMIT_USAGE|Future calls: 0 out of 50
10:38:30.363 (363679868)|FLOW_START_INTERVIEW_LIMIT_USAGE|Jobs in queue: 0 out of 50
10:38:30.363 (363683185)|FLOW_START_INTERVIEW_LIMIT_USAGE|Push notifications: 0 out of 10
10:38:30.363 (367450144)|FLOW_VALUE_ASSIGNMENT|11825a77c9c6976ac6f11fbf58819ecc4100db-3b8d|$Record|{Id=801WC00000knHDLYA2, OwnerId=005a500001SfRd7AAF, ContractId=800WC00000SKpZJYA1, AccountId=001WC00000XiZP4YAN, Pricebook2Id=01sWC0000022GHFYA2, OriginalOrderId=null, OpportunityId=006WC00000R3zVxYAJ, QuoteId=0Q0WC0000039Vm10AE, EffectiveDate=2026-06-15 00:00:00, EndDate=null, IsReductionOrder=false, Status=Draft, Description=null, CustomerAuthorizedById=null, CustomerAuthorizedDate=null, CompanyAuthorizedById=null, CompanyAuthorizedDate=null, Type=null, BillingStreet=11095 Viking Drive, BillingCity=Eden Prairie, BillingState=Minnesota, BillingPostalCode=55344, BillingCountry=United States, BillingStateCode=MN, BillingCountryCode=US, BillingLatitude=null, BillingLongitude=null, BillingGeocodeAccuracy=null, ShippingStreet=11095 Viking Drive, ShippingCity=Eden Prairie, ShippingState=Minnesota, ShippingPostalCode=55344, ShippingCountry=United States, ShippingStateCode=MN, ShippingCountryCode=US, ShippingLatitude=null, ShippingLongitude=null, ShippingGeocodeAccuracy=null, Name=Q-Wren - Test Pricebook 2-2026-06-15, PoDate=null, PoNumber=null, OrderReferenceNumber=null, BillToContactId=003WC00000nc6g5YAA, ShipToContactId=003WC00000nc6g5YAA, ActivatedDate=null, ActivatedById=null, StatusCode=Draft, CurrencyIsoCode=USD, LegalEntityId=0fwWC000000034LYAQ, OrderedDate=null, BillingEmailAddress=null, BillingPhoneNumber=null, RelatedOrderId=null, OrderNumber=00095503, TotalAmount=94256.4875, TotalTaxAmount=0.0, GrandTotalAmount=94256.4875, TotalAdjustedProductAmount=0.0, TotalAdjustedDeliveryAmount=0.0, TotalProductAdjDistAmount=0.0, TotalDeliveryAdjDistAmount=0.0, TotalAdjustedProductTaxAmount=0.0, TotalAdjustedDeliveryTaxAmount=0.0, TotalProductAdjDistTaxAmount=0.0, TotalDeliveryAdjDistTaxAmount=0.0, TotalAdjProductAmtWithTax=0.0, TotalAdjDeliveryAmtWithTax=0.0, TotalProductAdjDistAmtWithTax=0.0, TotalDeliveryAdjDistAmtWithTax=0.0, PaymentTermId=2OXWC0000000Vs34AE, LastPricedDate=null, FulfillmentPlanId=null, CalculationStatus=Saving, OrchestrationSbmsStatus=null, OriginalActionType=null, ValidationResult=null, AdjustmentDistributionLogic=null, AppliedDiscountAmount=null, AppliedDiscount=null, TotalAmountOverride=null, SalesTransactionTypeId=null, PricingContractId=null, RelatedOrderType=null, TransactionType=Fortra_Advanced_Pricing, CreatedDate=2026-06-15 14:12:45, CreatedById=005a500001SfRd7AAF, LastModifiedDate=2026-06-15 17:38:31, LastModifiedById=005WC00000MgTN2YAN, IsDeleted=false, SystemModstamp=2026-06-15 17:38:31, LastViewedDate=null, LastReferencedDate=null, TotalRoundedLineAmount=null, DiscountPercent=null, Workday_Contract_ID__c=801WC00000knHDLYA2, Workday_ID__c=null, Workday_Sync_Correlation_Id__c=null, Workday_Sync_Message__c=null, Workday_Sync_Payload__c=null, QuoteTypeText__c=New, Legacy_Id__c=null, Bill_To_Place__c=a0lWC000004cO79YAE, Hubspot_Overall_Status__c=Overall Success, Ship_To_Place__c=a0lWC000004cO79YAE, Order_NARR__c=null, Source_Opportunity_Id__c=006WC00000R3zVx, Source_Order_Id__c=null, Bill_To_Account__c=001WC00000XiZP4YAN, Bill_To_Address__c=a0lWC000004cO79YAE, Ship_To_Account__c=001WC00000XiZP4YAN, Ship_To_Address__c=a0lWC000004cO79YAE, Clawback_Repaid_Date__c=null, Commission_Date__c=null, Contract_Start_Date__c=null, Currency_Locked__c=false, MSYears__c=null, New_Licenses__c=null, New_Maintenance__c=null, New_Pro_Services__c=null, Partner_Account__c=null, Reseller_PO__c=null, Sales_Rep__c=null, Source_Quote_Currency__c=USD, gsOrderID__c=null, gsShipDate__c=null, Order_Displaced_ARR__c=0.0, VAT_Number__c=null, DoNotInvoicePS__c=false, IsDR__c=false, IsNotificationSent__c=false, IsRenewal__c=false, IsTAM__c=null, Is_Reversed__c=false, New_SaaSEftCloud__c=null, Total_List_Price__c=null, Account_Specialist__c=null, Billing_Day_of_Month__c=null, Customer_Success_Manager__c=null, Date_Fulfilled__c=null, Deal_Origin__c=null, Disable_Export_Control__c=false, Enterprise_Representative__c=null, HARP_Contact__c=null, Invoice_Contact_2__c=null, Invoice_Contact__c=null, License_Key_Contact__c=null, ShowHide_Discounts__c=null, Solutions_Engineer__c=null, Total_Discount_Amount__c=0.0, PO_Sync_Correlation_Id__c=null, PO_Sync_Message__c=null, PO_Sync_Payload__c=null, PO_Sync_Status__c=Pending, PO_URL__c=null, ALE__c=null, AWS_Marketplace_Agreement_ID__c=null, AWS_Marketplace_Offer_ID__c=null, Account_NameText__c=Fortra, LLC - Test, Billing_Frequency__c=null, Contact__c=null, Cross_Sale_Type__c=null, Cross_Sale_User__c=null, Description__c=null, Disable_Tax__c=false, DistributorReseller__c=null, Line_Items_Complete__c=false, Maintenance_Date__c=null, Mark_Inv_Migration_Change__c=false, On_Hold_Time__c=null, OrderOne__c=1.0, POC_Invoice_Contact_On_Billing_Account__c=null, Payment_Portal__c=Fortra (default), Purchasing_Agent_Account__c=null, Purchasing_Agent_Contact__c=null, RSM_2__c=null, RSM_3__c=null, RSM_4__c=null, RSM_5__c=null, RSM__c=null, Referral_Partner__c=null, Renewal_Maintenance_Quote__c=null, Renewals_Specialist__c=null, Requested_Delivery_Date__c=null, Reseller_Partner__c=null, SA__c=null, Secondary_License_Key_Contact__c=null, Share_With_AWS__c=false, SingleYearMS__c=null, Skip_Price_Calculation__c=false, Source_Campaign__c=null, Source_Quote_Id__c=null, Workday_Sync_Status__c=Pending, HS_Sync_Correlation_Id__c=null, HS_Sync_Message__c=null, HS_Sync_Payload__c=null, HS_Sync_Status__c=null, Deal_Type__c=Channel Originated, GSW__c=false, Quote_Type__c=New, Total_Services__c=null, Total_Software__c=null, Total_Subscription__c=94000.0, Order_NARR_Calculated__c=0.0, Exchange_Rate_To_USD__c=null, Legacy_Sync_Correlation_Id__c=null, Legacy_Sync_Message__c=null, Legacy_Sync_Payload__c=null, Legacy_Sync_Status__c=null, WorkdayReferenceID__c=COM003, Payment_Term_Workday_Reference_ID__c=Net_30, Order_Integration_Error_Messages__c=null, Order_and_Related_Field_Status__c=Unknown, Legacy_Discount__c=null, Workday_Contract_Type__c=Master_Contract, Legacy_Overall_Status__c=Not Overall Success, Workday_Overall_Status__c=Not Success, Contract_Number_Text__c=00069297, MyCap__c=false}
10:38:30.363 (367660226)|FLOW_ELEMENT_BEGIN|11825a77c9c6976ac6f11fbf58819ecc4100db-3b8d|FlowDecision|Order_Completed_Decision
10:38:30.363 (367735041)|FLOW_ELEMENT_DEFERRED|FlowDecision|Order_Completed_Decision
10:38:30.363 (367865167)|FLOW_ELEMENT_LIMIT_USAGE|4 ms CPU time, total 189 out of 15000
10:38:30.363 (367890374)|FLOW_ELEMENT_END|11825a77c9c6976ac6f11fbf58819ecc4100db-3b8d|FlowDecision|Order_Completed_Decision
10:38:30.363 (368941208)|FLOW_START_INTERVIEW_END|11825a77c9c6976ac6f11fbf58819ecc4100db-3b8d|Fortra &#124; Order &#124; After Update - Platform Event (Workday)
10:38:30.363 (369014622)|FLOW_BULK_ELEMENT_BEGIN|FlowDecision|Order_Completed_Decision
10:38:30.363 (369248451)|FLOW_RULE_DETAIL|11825a77c9c6976ac6f11fbf58819ecc4100db-3b8d|Yes_Order_Completed_Outcome|false|false
10:38:30.363 (369287750)|FLOW_VALUE_ASSIGNMENT|11825a77c9c6976ac6f11fbf58819ecc4100db-3b8d|Yes_Order_Completed_Outcome|false
10:38:30.363 (369467454)|FLOW_BULK_ELEMENT_LIMIT_USAGE|1 ms CPU time, total 190 out of 15000
10:38:30.363 (369487452)|FLOW_BULK_ELEMENT_END|FlowDecision|Order_Completed_Decision|0|0
10:38:30.363 (369545608)|FLOW_ELEMENT_BEGIN|11825a77c9c6976ac6f11fbf58819ecc4100db-3b8d|FlowDecision|Order_Complete_and_WD_Status_is_Success_Decision
10:38:30.363 (369559548)|FLOW_ELEMENT_DEFERRED|FlowDecision|Order_Complete_and_WD_Status_is_Success_Decision
10:38:30.363 (369592825)|FLOW_ELEMENT_END|11825a77c9c6976ac6f11fbf58819ecc4100db-3b8d|FlowDecision|Order_Complete_and_WD_Status_is_Success_Decision
10:38:30.363 (369619238)|FLOW_BULK_ELEMENT_BEGIN|FlowDecision|Order_Complete_and_WD_Status_is_Success_Decision
10:38:30.363 (369719188)|FLOW_RULE_DETAIL|11825a77c9c6976ac6f11fbf58819ecc4100db-3b8d|Yes_Order_Complete_and_WD_Status_is_Success_Outcome|false|false
10:38:30.363 (369743034)|FLOW_VALUE_ASSIGNMENT|11825a77c9c6976ac6f11fbf58819ecc4100db-3b8d|Yes_Order_Complete_and_WD_Status_is_Success_Outcome|false
10:38:30.363 (369850599)|FLOW_BULK_ELEMENT_END|FlowDecision|Order_Complete_and_WD_Status_is_Success_Decision|0|0
10:38:30.363 (369920487)|FLOW_ELEMENT_BEGIN|11825a77c9c6976ac6f11fbf58819ecc4100db-3b8d|FlowDecision|PO_URL_Changed_Decision
10:38:30.363 (369948719)|FLOW_ELEMENT_DEFERRED|FlowDecision|PO_URL_Changed_Decision
10:38:30.363 (369972561)|FLOW_ELEMENT_END|11825a77c9c6976ac6f11fbf58819ecc4100db-3b8d|FlowDecision|PO_URL_Changed_Decision
10:38:30.363 (370001147)|FLOW_BULK_ELEMENT_BEGIN|FlowDecision|PO_URL_Changed_Decision
10:38:30.363 (370125209)|FLOW_RULE_DETAIL|11825a77c9c6976ac6f11fbf58819ecc4100db-3b8d|Yes_PO_URL_Changed_Outcome|false|false
10:38:30.363 (370147376)|FLOW_VALUE_ASSIGNMENT|11825a77c9c6976ac6f11fbf58819ecc4100db-3b8d|Yes_PO_URL_Changed_Outcome|false
10:38:30.363 (370265645)|FLOW_BULK_ELEMENT_END|FlowDecision|PO_URL_Changed_Decision|0|0
10:38:30.363 (370853357)|FLOW_START_INTERVIEWS_END|1
10:38:30.363 (371077650)|FLOW_INTERVIEW_FINISHED|11825a77c9c6976ac6f11fbf58819ecc4100db-3b8d|Fortra &#124; Order &#124; After Update - Platform Event (Workday)
10:38:30.363 (371112839)|FLOW_INTERVIEW_FINISHED_LIMIT_USAGE|SOQL queries: 0 out of 100
10:38:30.363 (371119042)|FLOW_INTERVIEW_FINISHED_LIMIT_USAGE|SOQL query rows: 0 out of 50000
10:38:30.363 (371123191)|FLOW_INTERVIEW_FINISHED_LIMIT_USAGE|SOSL queries: 0 out of 20
10:38:30.363 (371126763)|FLOW_INTERVIEW_FINISHED_LIMIT_USAGE|DML statements: 0 out of 150
10:38:30.363 (371129820)|FLOW_INTERVIEW_FINISHED_LIMIT_USAGE|DML rows: 0 out of 10000
10:38:30.363 (371133108)|FLOW_INTERVIEW_FINISHED_LIMIT_USAGE|CPU time in ms: 190 out of 15000
10:38:30.363 (371138990)|FLOW_INTERVIEW_FINISHED_LIMIT_USAGE|Heap size in bytes: 0 out of 6000000
10:38:30.363 (371142474)|FLOW_INTERVIEW_FINISHED_LIMIT_USAGE|Callouts: 0 out of 100
10:38:30.363 (371145485)|FLOW_INTERVIEW_FINISHED_LIMIT_USAGE|Email invocations: 0 out of 10
10:38:30.363 (371148524)|FLOW_INTERVIEW_FINISHED_LIMIT_USAGE|Future calls: 0 out of 50
10:38:30.363 (371151207)|FLOW_INTERVIEW_FINISHED_LIMIT_USAGE|Jobs in queue: 0 out of 50
10:38:30.359 (372542679)|CODE_UNIT_FINISHED|Flow:Order
10:38:30.359 (372559285)|EXECUTION_FINISHED
10:38:30.374 (374690273)|USER_INFO|[EXTERNAL]|005WC00000MgTN2|liam.jeong.c@fortra.com.uat|(GMT-07:00) Pacific Daylight Time (America/Los_Angeles)|GMT-07:00
10:38:30.374 (374723022)|EXECUTION_STARTED
10:38:30.374 (374729904)|CODE_UNIT_STARTED|[EXTERNAL]|Flow:Order
10:38:30.374 (374866715)|CODE_UNIT_FINISHED|Flow:Order
10:38:30.374 (374873812)|EXECUTION_FINISHED
10:38:31.33 (1033636137)|USER_INFO|[EXTERNAL]|005WC00000MgTN2|liam.jeong.c@fortra.com.uat|(GMT-07:00) Pacific Daylight Time (America/Los_Angeles)|GMT-07:00
10:38:31.33 (1033664588)|EXECUTION_STARTED
10:38:31.33 (1033673268)|CODE_UNIT_STARTED|[EXTERNAL]|Get context price for context id and record id ...a7da41:801WC00000knHDLYA2
10:38:31.33 (1091232284)|RLM_PRICING_BEGIN|PriceBooks={801WC00000knHDLYA2=01sWC0000022GHFYA2}, 
LineItemQuantity={802WC00000OpopoYAB=1.0, 802WC00000OpopqYAB=0.0, 802WC00000OpoppYAB=1.0}, 
AttributeValue={15vWC000005vZJ7YAM=Per Users, 15vWC000005vZJAYA2=Standard, 15vWC000005vZJ9YAM=Standard}, 
Product={802WC00000OpopoYAB=01tWC00000DD11JYAT, 802WC00000OpopqYAB=01tWC00000DD1bsYAD, 802WC00000OpoppYAB=01tWC00000DD1btYAD}, 
Total_Discount_Amount__c={801WC00000knHDLYA2=0.0}, 
AttributeDefinitionCode={15vWC000005vZJ7YAM=UNT, 15vWC000005vZJAYA2=MTD, 15vWC000005vZJ9YAM=FO}, 
ListPrice={802WC00000OpopoYAB=94000.0, 802WC00000OpopqYAB=0.0, 802WC00000OpoppYAB=355.0}, 
Fortra_Product_Type__c={802WC00000OpopoYAB=Subscription, 802WC00000OpopqYAB=New Maintenance, 802WC00000OpoppYAB=Perpetual}, 
PartnerDiscountPercent={802WC00000OpopqYAB=12.0, 802WC00000OpoppYAB=15.0}, 
InputUnitPrice={802WC00000OpopoYAB=94000.0, 802WC00000OpoppYAB=301.75}, 
ItemIsDerived__std={802WC00000OpopoYAB=false, 802WC00000OpopqYAB=true, 802WC00000OpoppYAB=false}, 
AllowPartialProrationPeriods={802WC00000OpopoYAB=true, 802WC00000OpopqYAB=false, 802WC00000OpoppYAB=false}, 
StartProrationPeriod={802WC00000OpopoYAB=Anniversary}, 
Has_Attribute_Adjustment__c={802WC00000OpopoYAB=false, 802WC00000OpopqYAB=false, 802WC00000OpoppYAB=false}, 
Discount__std={801WC00000knHDLYA2=0.04799752}, 
Subtotal={801WC00000knHDLYA2=94301.75}, 
Total_Subscription__c={801WC00000knHDLYA2=94000.0}, 
CurrencyIsoCode={801WC00000knHDLYA2=USD}, 
PriceImpactingAttribute={15vWC000005vZJ7YAM=true, 15vWC000005vZJAYA2=true, 15vWC000005vZJ8YAM=false, 15vWC000005vZJ9YAM=true}, 
Base_Price__c={802WC00000OpopqYAB=355.0}, 
PricingTermCount={802WC00000OpoppYAB=0.0}, 
NetUnitPrice={802WC00000OpopoYAB=94000.0, 802WC00000OpoppYAB=256.4875}, 
ItemSalesTransactionAction={802WC00000OpopoYAB=8OAWC000002SOpS4AW, 802WC00000OpopqYAB=8OAWC000002SOpR4AW, 802WC00000OpoppYAB=8OAWC000002SOpS4AW}, 
Deal_Type__c={801WC00000knHDLYA2=Channel Originated}, 
SalesTransactionActionType={802WC00000OpopoYAB=Add, 802WC00000OpopqYAB=Amend, 802WC00000OpoppYAB=Add}, 
ItemSubscriptionTerm={802WC00000OpopoYAB=1}, 
Attribute={15vWC000005vZJ7YAM=Unit_Type, 15vWC000005vZJAYA2=Maintenance_Type_Defn, 15vWC000005vZJ8YAM=Attribute_Volume, 15vWC000005vZJ9YAM=Feature_Options}, 
PricingTermUnit={802WC00000OpopoYAB=Annual}, 
ProductSellingModel={802WC00000OpopoYAB=0jPWC000000060b2AA, 802WC00000OpopqYAB=0jPWC00000005yz2AA, 802WC00000OpoppYAB=0jPWC00000005yz2AA}, 
Source_List_Price__c={802WC00000OpopqYAB=355.0}, 
ItemPricebookEntry={802WC00000OpopoYAB=01uWC000005wrrDYAQ, 802WC00000OpopqYAB=01uWC000005wsbUYAQ, 802WC00000OpoppYAB=01uWC000005ws8MYAQ}, 
PartnerUnitPrice={802WC00000OpoppYAB=301.75}, 
ItemTotalAdjustmentAmount={802WC00000OpopoYAB=0.0, 802WC00000OpopqYAB=0.0, 802WC00000OpoppYAB=-45.2625}, 
SellingModelType={802WC00000OpopoYAB=TermDefined, 802WC00000OpopqYAB=OneTime, 802WC00000OpoppYAB=OneTime}, 
AllowRegionalPricing__c={802WC00000OpopoYAB=false, 802WC00000OpopqYAB=false, 802WC00000OpoppYAB=false}, 
TotalLineAmount={802WC00000OpopoYAB=94000.0, 802WC00000OpopqYAB=0.0, 802WC00000OpoppYAB=301.75}, 
GSW__c={801WC00000knHDLYA2=false}, 
LineItem={802WC00000OpopoYAB=802WC00000OpopoYAB, 802WC00000OpopqYAB=802WC00000OpopqYAB, 802WC00000OpoppYAB=802WC00000OpoppYAB}, 
TotalAmount={801WC00000knHDLYA2=94256.4875}, 
QuoteTypeText__c={801WC00000knHDLYA2=New}, 
ItemNetTotalPrice={802WC00000OpopoYAB=94000.0, 802WC00000OpopqYAB=0.0, 802WC00000OpoppYAB=256.4875}, 
SalesTransactionSource={801WC00000knHDLYA2=801WC00000knHDLYA2}, 
EffectiveFrom={802WC00000OpopoYAB=2026-06-15T00:00:00.000Z, 802WC00000OpopqYAB=2026-06-15T00:00:00.000Z}, 
ItemTotalPrice={802WC00000OpopoYAB=94000.0, 802WC00000OpopqYAB=0.0, 802WC00000OpoppYAB=256.4875}, 
EffectiveDate={801WC00000knHDLYA2=2026-06-15T00:00:00.000Z}
10:38:31.33 (1091316934)|RLM_PRICING_BEGIN|Pricing beginning, line procedure plan setup=false, header procedure plan setup=false
10:38:32.864 (2864619506)|CODE_UNIT_STARTED|[EXTERNAL]|industries.discovery.rulesengine.processtype.DefaultPricingDiscoveryProcessTypeHandler
10:38:32.864 (2889103896)|CODE_UNIT_FINISHED|industries.discovery.rulesengine.processtype.DefaultPricingDiscoveryProcessTypeHandler
10:38:32.864 (3288273137)|RLM_PRICING_END|PriceBooks={801WC00000knHDLYA2=01sWC0000022GHFYA2}, 
LineItemQuantity={802WC00000OpopoYAB=1.0, 802WC00000OpopqYAB=0.0, 802WC00000OpoppYAB=1.0}, 
AttributeValue={15vWC000005vZJ7YAM=Per Users, 15vWC000005vZJAYA2=Standard, 15vWC000005vZJ9YAM=Standard}, 
Product={802WC00000OpopoYAB=01tWC00000DD11JYAT, 802WC00000OpopqYAB=01tWC00000DD1bsYAD, 802WC00000OpoppYAB=01tWC00000DD1btYAD}, 
Total_Discount_Amount__c={801WC00000knHDLYA2=0E-16}, 
AttributeDefinitionCode={15vWC000005vZJ7YAM=UNT, 15vWC000005vZJAYA2=MTD, 15vWC000005vZJ9YAM=FO}, 
ListPrice={802WC00000OpopoYAB=94000.0, 802WC00000OpopqYAB=0.0, 802WC00000OpoppYAB=355.0}, 
ItemContract={802WC00000OpopoYAB=800WC00000SKpZJYA1, 802WC00000OpoppYAB=800WC00000SKpZJYA1}, 
Fortra_Product_Type__c={802WC00000OpopoYAB=Subscription, 802WC00000OpopqYAB=New Maintenance, 802WC00000OpoppYAB=Perpetual}, 
PartnerDiscountPercent={802WC00000OpopqYAB=12.0, 802WC00000OpoppYAB=15.0}, 
InputUnitPrice={802WC00000OpopoYAB=94000.0, 802WC00000OpoppYAB=301.75}, 
ItemIsDerived__std={802WC00000OpopoYAB=false, 802WC00000OpopqYAB=true, 802WC00000OpoppYAB=false}, 
ItemSubtotal={802WC00000OpopoYAB=94000.0000000000000000, 802WC00000OpoppYAB=301.7500000000000000}, 
AllowPartialProrationPeriods={802WC00000OpopoYAB=true, 802WC00000OpopqYAB=false, 802WC00000OpoppYAB=false}, 
StartProrationPeriod={802WC00000OpopoYAB=Anniversary}, 
DerivedPricingAttribute={802WC00000OpopoYAB=false, 802WC00000OpoppYAB=false}, 
Has_Attribute_Adjustment__c={802WC00000OpopoYAB=false, 802WC00000OpopqYAB=false, 802WC00000OpoppYAB=false}, 
Discount__std={801WC00000knHDLYA2=0E-16}, 
Subtotal={801WC00000knHDLYA2=94301.7500000000000000}, 
Total_Subscription__c={801WC00000knHDLYA2=94000.0000000000000000}, 
CurrencyIsoCode={801WC00000knHDLYA2=USD}, 
PriceImpactingAttribute={15vWC000005vZJ7YAM=true, 15vWC000005vZJAYA2=true, 15vWC000005vZJ8YAM=false, 15vWC000005vZJ9YAM=true}, 
Base_Price__c={802WC00000OpopqYAB=355.0}, 
PricingTermCount={802WC00000OpoppYAB=0.00}, 
NetUnitPrice={802WC00000OpopoYAB=94000.0, 802WC00000OpoppYAB=256.4875000000000000}, 
ItemSalesTransactionAction={802WC00000OpopoYAB=8OAWC000002SOpS4AW, 802WC00000OpopqYAB=8OAWC000002SOpR4AW, 802WC00000OpoppYAB=8OAWC000002SOpS4AW}, 
PricingDate={801WC00000knHDLYA2=2026-06-15T00:00:00.000Z}, 
Deal_Type__c={801WC00000knHDLYA2=Channel Originated}, 
SalesTransactionActionType={802WC00000OpopoYAB=Add, 802WC00000OpopqYAB=Amend, 802WC00000OpoppYAB=Add}, 
ItemSubscriptionTerm={802WC00000OpopoYAB=1}, 
Attribute={15vWC000005vZJ7YAM=Unit_Type, 15vWC000005vZJAYA2=Maintenance_Type_Defn, 15vWC000005vZJ8YAM=Attribute_Volume, 15vWC000005vZJ9YAM=Feature_Options}, 
PricingTermUnit={802WC00000OpopoYAB=Annual}, 
ProductSellingModel={802WC00000OpopoYAB=0jPWC000000060b2AA, 802WC00000OpopqYAB=0jPWC00000005yz2AA, 802WC00000OpoppYAB=0jPWC00000005yz2AA}, 
Source_List_Price__c={802WC00000OpopqYAB=355.0}, 
ItemPricebookEntry={802WC00000OpopoYAB=01uWC000005wrrDYAQ, 802WC00000OpopqYAB=01uWC000005wsbUYAQ, 802WC00000OpoppYAB=01uWC000005ws8MYAQ}, 
PartnerUnitPrice={802WC00000OpoppYAB=301.75}, 
ItemTotalAdjustmentAmount={802WC00000OpopoYAB=0E-16, 802WC00000OpopqYAB=0.0, 802WC00000OpoppYAB=-45.2625000000000000}, 
SellingModelType={802WC00000OpopoYAB=TermDefined, 802WC00000OpopqYAB=OneTime, 802WC00000OpoppYAB=OneTime}, 
AllowRegionalPricing__c={802WC00000OpopoYAB=false, 802WC00000OpopqYAB=false, 802WC00000OpoppYAB=false}, 
TotalLineAmount={802WC00000OpopoYAB=94000.0000000000000000, 802WC00000OpopqYAB=0, 802WC00000OpoppYAB=301.7500000000000000}, 
GSW__c={801WC00000knHDLYA2=false}, 
LineItem={802WC00000OpopoYAB=802WC00000OpopoYAB, 802WC00000OpopqYAB=802WC00000OpopqYAB, 802WC00000OpoppYAB=802WC00000OpoppYAB}, 
TotalAmount={801WC00000knHDLYA2=94256.4875000000000000}, 
QuoteTypeText__c={801WC00000knHDLYA2=New}, 
IsContracted={802WC00000OpopoYAB=true, 802WC00000OpoppYAB=true}, 
ItemNetTotalPrice={802WC00000OpopoYAB=94000.0000000000000000, 802WC00000OpopqYAB=0, 802WC00000OpoppYAB=256.4875000000000000}, 
SalesTransactionSource={801WC00000knHDLYA2=801WC00000knHDLYA2}, 
EffectiveFrom={802WC00000OpopoYAB=2026-06-15T00:00:00.000Z, 802WC00000OpopqYAB=2026-06-15T00:00:00.000Z}, 
ItemTotalPrice={802WC00000OpopoYAB=94000.0000000000000000, 802WC00000OpopqYAB=0, 802WC00000OpoppYAB=256.4875000000000000}, 
EffectiveDate={801WC00000knHDLYA2=2026-06-15T00:00:00.000Z}
10:38:32.864 (3288376964)|CODE_UNIT_FINISHED|Get context price for context id and record id ...a7da41:801WC00000knHDLYA2
10:38:32.864 (3288389037)|EXECUTION_FINISHED
10:38:34.255 (4255274550)|USER_INFO|[EXTERNAL]|005WC00000MgTN2|liam.jeong.c@fortra.com.uat|(GMT-07:00) Pacific Daylight Time (America/Los_Angeles)|GMT-07:00
10:38:34.255 (4255295812)|EXECUTION_STARTED
10:38:34.255 (4255303158)|CODE_UNIT_STARTED|[EXTERNAL]|Flow:Order
10:38:34.256 (4256708297)|FLOW_CREATE_INTERVIEW_BEGIN|00DWC000006eUFF|300WC00000LcvHO|301WC00000gukzh
10:38:34.256 (4256783786)|FLOW_CREATE_INTERVIEW_END|13725a77c9c6976ac6f11fbf58819ecc4100db-3ba7|Fortra &#124; Order &#124; Before Insert/Update - Sync Status
10:38:34.257 (4257368766)|FLOW_START_INTERVIEWS_BEGIN|1
10:38:34.257 (4257433864)|FLOW_START_INTERVIEW_BEGIN|13725a77c9c6976ac6f11fbf58819ecc4100db-3ba7|Fortra &#124; Order &#124; Before Insert/Update - Sync Status
10:38:34.257 (4257485847)|FLOW_START_INTERVIEW_LIMIT_USAGE|SOQL queries: 0 out of 100
10:38:34.257 (4257492867)|FLOW_START_INTERVIEW_LIMIT_USAGE|SOQL query rows: 0 out of 50000
10:38:34.257 (4257496994)|FLOW_START_INTERVIEW_LIMIT_USAGE|SOSL queries: 0 out of 20
10:38:34.257 (4257501086)|FLOW_START_INTERVIEW_LIMIT_USAGE|DML statements: 0 out of 150
10:38:34.257 (4257504944)|FLOW_START_INTERVIEW_LIMIT_USAGE|DML rows: 0 out of 10000
10:38:34.257 (4257509141)|FLOW_START_INTERVIEW_LIMIT_USAGE|CPU time in ms: 2177 out of 15000
10:38:34.257 (4257530618)|FLOW_START_INTERVIEW_LIMIT_USAGE|Heap size in bytes: 0 out of 6000000
10:38:34.257 (4257534593)|FLOW_START_INTERVIEW_LIMIT_USAGE|Callouts: 0 out of 100
10:38:34.257 (4257538168)|FLOW_START_INTERVIEW_LIMIT_USAGE|Email invocations: 0 out of 10
10:38:34.257 (4257541748)|FLOW_START_INTERVIEW_LIMIT_USAGE|Future calls: 0 out of 50
10:38:34.257 (4257545265)|FLOW_START_INTERVIEW_LIMIT_USAGE|Jobs in queue: 0 out of 50
10:38:34.257 (4257548572)|FLOW_START_INTERVIEW_LIMIT_USAGE|Push notifications: 0 out of 10
10:38:34.257 (4280656172)|FLOW_VALUE_ASSIGNMENT|13725a77c9c6976ac6f11fbf58819ecc4100db-3ba7|$Record|{Id=801WC00000knHDLYA2, OwnerId=005a500001SfRd7AAF, ContractId=800WC00000SKpZJYA1, AccountId=001WC00000XiZP4YAN, Pricebook2Id=01sWC0000022GHFYA2, OriginalOrderId=null, OpportunityId=006WC00000R3zVxYAJ, QuoteId=0Q0WC0000039Vm10AE, EffectiveDate=2026-06-15 00:00:00, EndDate=null, IsReductionOrder=false, Status=Draft, Description=null, CustomerAuthorizedById=null, CustomerAuthorizedDate=null, CompanyAuthorizedById=null, CompanyAuthorizedDate=null, Type=null, BillingStreet=11095 Viking Drive, BillingCity=Eden Prairie, BillingState=Minnesota, BillingPostalCode=55344, BillingCountry=United States, BillingStateCode=MN, BillingCountryCode=US, BillingLatitude=null, BillingLongitude=null, BillingGeocodeAccuracy=null, ShippingStreet=11095 Viking Drive, ShippingCity=Eden Prairie, ShippingState=Minnesota, ShippingPostalCode=55344, ShippingCountry=United States, ShippingStateCode=MN, ShippingCountryCode=US, ShippingLatitude=null, ShippingLongitude=null, ShippingGeocodeAccuracy=null, Name=Q-Wren - Test Pricebook 2-2026-06-15, PoDate=null, PoNumber=null, OrderReferenceNumber=null, BillToContactId=003WC00000nc6g5YAA, ShipToContactId=003WC00000nc6g5YAA, ActivatedDate=null, ActivatedById=null, StatusCode=Draft, CurrencyIsoCode=USD, LegalEntityId=0fwWC000000034LYAQ, OrderedDate=null, BillingEmailAddress=null, BillingPhoneNumber=null, RelatedOrderId=null, OrderNumber=00095503, TotalAmount=94256.4875, TotalTaxAmount=0.0, GrandTotalAmount=94256.4875, TotalAdjustedProductAmount=0.0, TotalAdjustedDeliveryAmount=0.0, TotalProductAdjDistAmount=0.0, TotalDeliveryAdjDistAmount=0.0, TotalAdjustedProductTaxAmount=0.0, TotalAdjustedDeliveryTaxAmount=0.0, TotalProductAdjDistTaxAmount=0.0, TotalDeliveryAdjDistTaxAmount=0.0, TotalAdjProductAmtWithTax=0.0, TotalAdjDeliveryAmtWithTax=0.0, TotalProductAdjDistAmtWithTax=0.0, TotalDeliveryAdjDistAmtWithTax=0.0, PaymentTermId=2OXWC0000000Vs34AE, LastPricedDate=null, FulfillmentPlanId=null, CalculationStatus=Saving, OrchestrationSbmsStatus=null, OriginalActionType=null, ValidationResult=null, AdjustmentDistributionLogic=null, AppliedDiscountAmount=null, AppliedDiscount=null, TotalAmountOverride=null, SalesTransactionTypeId=null, PricingContractId=null, RelatedOrderType=null, TransactionType=Fortra_Advanced_Pricing, CreatedDate=2026-06-15 14:12:45, CreatedById=005a500001SfRd7AAF, LastModifiedDate=2026-06-15 17:38:31, LastModifiedById=005WC00000MgTN2YAN, IsDeleted=false, SystemModstamp=2026-06-15 17:38:31, LastViewedDate=null, LastReferencedDate=null, TotalRoundedLineAmount=null, DiscountPercent=null, Workday_Contract_ID__c=801WC00000knHDLYA2, Workday_ID__c=null, Workday_Sync_Correlation_Id__c=null, Workday_Sync_Message__c=null, Workday_Sync_Payload__c=null, QuoteTypeText__c=New, Legacy_Id__c=null, Bill_To_Place__c=a0lWC000004cO79YAE, Hubspot_Overall_Status__c=Overall Success, Ship_To_Place__c=a0lWC000004cO79YAE, Order_NARR__c=null, Source_Opportunity_Id__c=006WC00000R3zVx, Source_Order_Id__c=null, Bill_To_Account__c=001WC00000XiZP4YAN, Bill_To_Address__c=a0lWC000004cO79YAE, Ship_To_Account__c=001WC00000XiZP4YAN, Ship_To_Address__c=a0lWC000004cO79YAE, Clawback_Repaid_Date__c=null, Commission_Date__c=null, Contract_Start_Date__c=null, Currency_Locked__c=false, MSYears__c=null, New_Licenses__c=null, New_Maintenance__c=null, New_Pro_Services__c=null, Partner_Account__c=null, Reseller_PO__c=null, Sales_Rep__c=null, Source_Quote_Currency__c=USD, gsOrderID__c=null, gsShipDate__c=null, Order_Displaced_ARR__c=0.0, VAT_Number__c=null, DoNotInvoicePS__c=false, IsDR__c=false, IsNotificationSent__c=false, IsRenewal__c=false, IsTAM__c=null, Is_Reversed__c=false, New_SaaSEftCloud__c=null, Total_List_Price__c=null, Account_Specialist__c=null, Billing_Day_of_Month__c=null, Customer_Success_Manager__c=null, Date_Fulfilled__c=null, Deal_Origin__c=null, Disable_Export_Control__c=false, Enterprise_Representative__c=null, HARP_Contact__c=null, Invoice_Contact_2__c=null, Invoice_Contact__c=null, License_Key_Contact__c=null, ShowHide_Discounts__c=null, Solutions_Engineer__c=null, Total_Discount_Amount__c=0.0, PO_Sync_Correlation_Id__c=null, PO_Sync_Message__c=null, PO_Sync_Payload__c=null, PO_Sync_Status__c=Pending, PO_URL__c=null, ALE__c=null, AWS_Marketplace_Agreement_ID__c=null, AWS_Marketplace_Offer_ID__c=null, Account_NameText__c=Fortra, LLC - Test, Billing_Frequency__c=null, Contact__c=null, Cross_Sale_Type__c=null, Cross_Sale_User__c=null, Description__c=null, Disable_Tax__c=false, DistributorReseller__c=null, Line_Items_Complete__c=false, Maintenance_Date__c=null, Mark_Inv_Migration_Change__c=false, On_Hold_Time__c=null, OrderOne__c=1.0, POC_Invoice_Contact_On_Billing_Account__c=null, Payment_Portal__c=Fortra (default), Purchasing_Agent_Account__c=null, Purchasing_Agent_Contact__c=null, RSM_2__c=null, RSM_3__c=null, RSM_4__c=null, RSM_5__c=null, RSM__c=null, Referral_Partner__c=null, Renewal_Maintenance_Quote__c=null, Renewals_Specialist__c=null, Requested_Delivery_Date__c=null, Reseller_Partner__c=null, SA__c=null, Secondary_License_Key_Contact__c=null, Share_With_AWS__c=false, SingleYearMS__c=null, Skip_Price_Calculation__c=false, Source_Campaign__c=null, Source_Quote_Id__c=null, Workday_Sync_Status__c=Pending, HS_Sync_Correlation_Id__c=null, HS_Sync_Message__c=null, HS_Sync_Payload__c=null, HS_Sync_Status__c=null, Deal_Type__c=Channel Originated, GSW__c=false, Quote_Type__c=New, Total_Services__c=null, Total_Software__c=null, Total_Subscription__c=94000.0, Order_NARR_Calculated__c=0.0, Exchange_Rate_To_USD__c=null, Legacy_Sync_Correlation_Id__c=null, Legacy_Sync_Message__c=null, Legacy_Sync_Payload__c=null, Legacy_Sync_Status__c=null, WorkdayReferenceID__c=COM003, Payment_Term_Workday_Reference_ID__c=Net_30, Order_Integration_Error_Messages__c=null, Order_and_Related_Field_Status__c=Unknown, Legacy_Discount__c=null, Workday_Contract_Type__c=Master_Contract, Legacy_Overall_Status__c=Not Overall Success, Workday_Overall_Status__c=Not Success, Contract_Number_Text__c=00069297, MyCap__c=false}
10:38:34.257 (4280849810)|FLOW_ELEMENT_BEGIN|13725a77c9c6976ac6f11fbf58819ecc4100db-3ba7|FlowDecision|Workday_Sync_Status_Decision
10:38:34.257 (4280902858)|FLOW_ELEMENT_DEFERRED|FlowDecision|Workday_Sync_Status_Decision
10:38:34.257 (4280964044)|FLOW_ELEMENT_LIMIT_USAGE|11 ms CPU time, total 2188 out of 15000
10:38:34.257 (4280974944)|FLOW_ELEMENT_END|13725a77c9c6976ac6f11fbf58819ecc4100db-3ba7|FlowDecision|Workday_Sync_Status_Decision
10:38:34.257 (4282723249)|FLOW_START_INTERVIEW_END|13725a77c9c6976ac6f11fbf58819ecc4100db-3ba7|Fortra &#124; Order &#124; Before Insert/Update - Sync Status
10:38:34.257 (4282792399)|FLOW_BULK_ELEMENT_BEGIN|FlowDecision|Workday_Sync_Status_Decision
10:38:34.257 (4282925619)|FLOW_RULE_DETAIL|13725a77c9c6976ac6f11fbf58819ecc4100db-3ba7|NOT_Success_Workday_Sync_Status_Outcome|true|false
10:38:34.257 (4282963011)|FLOW_VALUE_ASSIGNMENT|13725a77c9c6976ac6f11fbf58819ecc4100db-3ba7|NOT_Success_Workday_Sync_Status_Outcome|true
10:38:34.257 (4283107893)|FLOW_BULK_ELEMENT_END|FlowDecision|Workday_Sync_Status_Decision|0|0
10:38:34.257 (4283197570)|FLOW_ELEMENT_BEGIN|13725a77c9c6976ac6f11fbf58819ecc4100db-3ba7|FlowDecision|Set_Workday_Sync_Status_to_Pending_Decision
10:38:34.257 (4283267153)|FLOW_ELEMENT_DEFERRED|FlowDecision|Set_Workday_Sync_Status_to_Pending_Decision
10:38:34.257 (4283311829)|FLOW_ELEMENT_LIMIT_USAGE|1 ms CPU time, total 2189 out of 15000
10:38:34.257 (4283358595)|FLOW_ELEMENT_END|13725a77c9c6976ac6f11fbf58819ecc4100db-3ba7|FlowDecision|Set_Workday_Sync_Status_to_Pending_Decision
10:38:34.257 (4283385936)|FLOW_BULK_ELEMENT_BEGIN|FlowDecision|Set_Workday_Sync_Status_to_Pending_Decision
10:38:34.257 (4283600117)|FLOW_RULE_DETAIL|13725a77c9c6976ac6f11fbf58819ecc4100db-3ba7|No_Set_Workday_Sync_Status_to_Pending_Outcome|false|false
10:38:34.257 (4283620887)|FLOW_VALUE_ASSIGNMENT|13725a77c9c6976ac6f11fbf58819ecc4100db-3ba7|No_Set_Workday_Sync_Status_to_Pending_Outcome|false
10:38:34.257 (4283744213)|FLOW_BULK_ELEMENT_END|FlowDecision|Set_Workday_Sync_Status_to_Pending_Decision|0|0
10:38:34.257 (4283779483)|FLOW_ELEMENT_BEGIN|13725a77c9c6976ac6f11fbf58819ecc4100db-3ba7|FlowAssignment|Set_Workday_Sync_Status_to_Pending
10:38:34.257 (4283825316)|FLOW_ELEMENT_DEFERRED|FlowAssignment|Set_Workday_Sync_Status_to_Pending
10:38:34.257 (4283841578)|FLOW_ELEMENT_END|13725a77c9c6976ac6f11fbf58819ecc4100db-3ba7|FlowAssignment|Set_Workday_Sync_Status_to_Pending
10:38:34.257 (4283869454)|FLOW_BULK_ELEMENT_BEGIN|FlowAssignment|Set_Workday_Sync_Status_to_Pending
10:38:34.257 (4284021326)|FLOW_ASSIGNMENT_DETAIL|13725a77c9c6976ac6f11fbf58819ecc4100db-3ba7|$Record.Workday_Sync_Status__c|ASSIGN|Pending
10:38:34.257 (4286056500)|FLOW_VALUE_ASSIGNMENT|13725a77c9c6976ac6f11fbf58819ecc4100db-3ba7|$Record|{Id=801WC00000knHDLYA2, OwnerId=005a500001SfRd7AAF, ContractId=800WC00000SKpZJYA1, AccountId=001WC00000XiZP4YAN, Pricebook2Id=01sWC0000022GHFYA2, OriginalOrderId=null, OpportunityId=006WC00000R3zVxYAJ, QuoteId=0Q0WC0000039Vm10AE, EffectiveDate=2026-06-15 00:00:00, EndDate=null, IsReductionOrder=false, Status=Draft, Description=null, CustomerAuthorizedById=null, CustomerAuthorizedDate=null, CompanyAuthorizedById=null, CompanyAuthorizedDate=null, Type=null, BillingStreet=11095 Viking Drive, BillingCity=Eden Prairie, BillingState=Minnesota, BillingPostalCode=55344, BillingCountry=United States, BillingStateCode=MN, BillingCountryCode=US, BillingLatitude=null, BillingLongitude=null, BillingGeocodeAccuracy=null, ShippingStreet=11095 Viking Drive, ShippingCity=Eden Prairie, ShippingState=Minnesota, ShippingPostalCode=55344, ShippingCountry=United States, ShippingStateCode=MN, ShippingCountryCode=US, ShippingLatitude=null, ShippingLongitude=null, ShippingGeocodeAccuracy=null, Name=Q-Wren - Test Pricebook 2-2026-06-15, PoDate=null, PoNumber=null, OrderReferenceNumber=null, BillToContactId=003WC00000nc6g5YAA, ShipToContactId=003WC00000nc6g5YAA, ActivatedDate=null, ActivatedById=null, StatusCode=Draft, CurrencyIsoCode=USD, LegalEntityId=0fwWC000000034LYAQ, OrderedDate=null, BillingEmailAddress=null, BillingPhoneNumber=null, RelatedOrderId=null, OrderNumber=00095503, TotalAmount=94256.4875, TotalTaxAmount=0.0, GrandTotalAmount=94256.4875, TotalAdjustedProductAmount=0.0, TotalAdjustedDeliveryAmount=0.0, TotalProductAdjDistAmount=0.0, TotalDeliveryAdjDistAmount=0.0, TotalAdjustedProductTaxAmount=0.0, TotalAdjustedDeliveryTaxAmount=0.0, TotalProductAdjDistTaxAmount=0.0, TotalDeliveryAdjDistTaxAmount=0.0, TotalAdjProductAmtWithTax=0.0, TotalAdjDeliveryAmtWithTax=0.0, TotalProductAdjDistAmtWithTax=0.0, TotalDeliveryAdjDistAmtWithTax=0.0, PaymentTermId=2OXWC0000000Vs34AE, LastPricedDate=null, FulfillmentPlanId=null, CalculationStatus=Saving, OrchestrationSbmsStatus=null, OriginalActionType=null, ValidationResult=null, AdjustmentDistributionLogic=null, AppliedDiscountAmount=null, AppliedDiscount=null, TotalAmountOverride=null, SalesTransactionTypeId=null, PricingContractId=null, RelatedOrderType=null, TransactionType=Fortra_Advanced_Pricing, CreatedDate=2026-06-15 14:12:45, CreatedById=005a500001SfRd7AAF, LastModifiedDate=2026-06-15 17:38:31, LastModifiedById=005WC00000MgTN2YAN, IsDeleted=false, SystemModstamp=2026-06-15 17:38:31, LastViewedDate=null, LastReferencedDate=null, TotalRoundedLineAmount=null, DiscountPercent=null, Workday_Contract_ID__c=801WC00000knHDLYA2, Workday_ID__c=null, Workday_Sync_Correlation_Id__c=null, Workday_Sync_Message__c=null, Workday_Sync_Payload__c=null, QuoteTypeText__c=New, Legacy_Id__c=null, Bill_To_Place__c=a0lWC000004cO79YAE, Hubspot_Overall_Status__c=Overall Success, Ship_To_Place__c=a0lWC000004cO79YAE, Order_NARR__c=null, Source_Opportunity_Id__c=006WC00000R3zVx, Source_Order_Id__c=null, Bill_To_Account__c=001WC00000XiZP4YAN, Bill_To_Address__c=a0lWC000004cO79YAE, Ship_To_Account__c=001WC00000XiZP4YAN, Ship_To_Address__c=a0lWC000004cO79YAE, Clawback_Repaid_Date__c=null, Commission_Date__c=null, Contract_Start_Date__c=null, Currency_Locked__c=false, MSYears__c=null, New_Licenses__c=null, New_Maintenance__c=null, New_Pro_Services__c=null, Partner_Account__c=null, Reseller_PO__c=null, Sales_Rep__c=null, Source_Quote_Currency__c=USD, gsOrderID__c=null, gsShipDate__c=null, Order_Displaced_ARR__c=0.0, VAT_Number__c=null, DoNotInvoicePS__c=false, IsDR__c=false, IsNotificationSent__c=false, IsRenewal__c=false, IsTAM__c=null, Is_Reversed__c=false, New_SaaSEftCloud__c=null, Total_List_Price__c=null, Account_Specialist__c=null, Billing_Day_of_Month__c=null, Customer_Success_Manager__c=null, Date_Fulfilled__c=null, Deal_Origin__c=null, Disable_Export_Control__c=false, Enterprise_Representative__c=null, HARP_Contact__c=null, Invoice_Contact_2__c=null, Invoice_Contact__c=null, License_Key_Contact__c=null, ShowHide_Discounts__c=null, Solutions_Engineer__c=null, Total_Discount_Amount__c=0.0, PO_Sync_Correlation_Id__c=null, PO_Sync_Message__c=null, PO_Sync_Payload__c=null, PO_Sync_Status__c=Pending, PO_URL__c=null, ALE__c=null, AWS_Marketplace_Agreement_ID__c=null, AWS_Marketplace_Offer_ID__c=null, Account_NameText__c=Fortra, LLC - Test, Billing_Frequency__c=null, Contact__c=null, Cross_Sale_Type__c=null, Cross_Sale_User__c=null, Description__c=null, Disable_Tax__c=false, DistributorReseller__c=null, Line_Items_Complete__c=false, Maintenance_Date__c=null, Mark_Inv_Migration_Change__c=false, On_Hold_Time__c=null, OrderOne__c=1.0, POC_Invoice_Contact_On_Billing_Account__c=null, Payment_Portal__c=Fortra (default), Purchasing_Agent_Account__c=null, Purchasing_Agent_Contact__c=null, RSM_2__c=null, RSM_3__c=null, RSM_4__c=null, RSM_5__c=null, RSM__c=null, Referral_Partner__c=null, Renewal_Maintenance_Quote__c=null, Renewals_Specialist__c=null, Requested_Delivery_Date__c=null, Reseller_Partner__c=null, SA__c=null, Secondary_License_Key_Contact__c=null, Share_With_AWS__c=false, SingleYearMS__c=null, Skip_Price_Calculation__c=false, Source_Campaign__c=null, Source_Quote_Id__c=null, Workday_Sync_Status__c=Pending, HS_Sync_Correlation_Id__c=null, HS_Sync_Message__c=null, HS_Sync_Payload__c=null, HS_Sync_Status__c=null, Deal_Type__c=Channel Originated, GSW__c=false, Quote_Type__c=New, Total_Services__c=null, Total_Software__c=null, Total_Subscription__c=94000.0, Order_NARR_Calculated__c=0.0, Exchange_Rate_To_USD__c=null, Legacy_Sync_Correlation_Id__c=null, Legacy_Sync_Message__c=null, Legacy_Sync_Payload__c=null, Legacy_Sync_Status__c=null, WorkdayReferenceID__c=COM003, Payment_Term_Workday_Reference_ID__c=Net_30, Order_Integration_Error_Messages__c=null, Order_and_Related_Field_Status__c=Unknown, Legacy_Discount__c=null, Workday_Contract_Type__c=Master_Contract, Legacy_Overall_Status__c=Not Overall Success, Workday_Overall_Status__c=Not Success, Contract_Number_Text__c=00069297, MyCap__c=false}
10:38:34.257 (4286227081)|FLOW_BULK_ELEMENT_LIMIT_USAGE|2 ms CPU time, total 2191 out of 15000
10:38:34.257 (4286243094)|FLOW_BULK_ELEMENT_END|FlowAssignment|Set_Workday_Sync_Status_to_Pending|0|2
10:38:34.257 (4286292403)|FLOW_ELEMENT_BEGIN|13725a77c9c6976ac6f11fbf58819ecc4100db-3ba7|FlowDecision|Set_PO_Sync_Status_to_Pending_Decision
10:38:34.257 (4286304177)|FLOW_ELEMENT_DEFERRED|FlowDecision|Set_PO_Sync_Status_to_Pending_Decision
10:38:34.257 (4286317179)|FLOW_ELEMENT_LIMIT_USAGE|1 ms CPU time, total 2192 out of 15000
10:38:34.257 (4286321249)|FLOW_ELEMENT_END|13725a77c9c6976ac6f11fbf58819ecc4100db-3ba7|FlowDecision|Set_PO_Sync_Status_to_Pending_Decision
10:38:34.257 (4286344525)|FLOW_BULK_ELEMENT_BEGIN|FlowDecision|Set_PO_Sync_Status_to_Pending_Decision
10:38:34.257 (4286483869)|FLOW_RULE_DETAIL|13725a77c9c6976ac6f11fbf58819ecc4100db-3ba7|No_Set_PO_Sync_Status_to_Pending_Outcome|false|false
10:38:34.257 (4286500660)|FLOW_VALUE_ASSIGNMENT|13725a77c9c6976ac6f11fbf58819ecc4100db-3ba7|No_Set_PO_Sync_Status_to_Pending_Outcome|false
10:38:34.257 (4286594804)|FLOW_BULK_ELEMENT_END|FlowDecision|Set_PO_Sync_Status_to_Pending_Decision|0|0
10:38:34.257 (4286621700)|FLOW_ELEMENT_BEGIN|13725a77c9c6976ac6f11fbf58819ecc4100db-3ba7|FlowAssignment|Set_PO_Sync_Status_to_Pending
10:38:34.257 (4286630183)|FLOW_ELEMENT_DEFERRED|FlowAssignment|Set_PO_Sync_Status_to_Pending
10:38:34.257 (4286640032)|FLOW_ELEMENT_END|13725a77c9c6976ac6f11fbf58819ecc4100db-3ba7|FlowAssignment|Set_PO_Sync_Status_to_Pending
10:38:34.257 (4286658147)|FLOW_BULK_ELEMENT_BEGIN|FlowAssignment|Set_PO_Sync_Status_to_Pending
10:38:34.257 (4286744843)|FLOW_ASSIGNMENT_DETAIL|13725a77c9c6976ac6f11fbf58819ecc4100db-3ba7|$Record.PO_Sync_Status__c|ASSIGN|Pending
10:38:34.257 (4288178917)|FLOW_VALUE_ASSIGNMENT|13725a77c9c6976ac6f11fbf58819ecc4100db-3ba7|$Record|{Id=801WC00000knHDLYA2, OwnerId=005a500001SfRd7AAF, ContractId=800WC00000SKpZJYA1, AccountId=001WC00000XiZP4YAN, Pricebook2Id=01sWC0000022GHFYA2, OriginalOrderId=null, OpportunityId=006WC00000R3zVxYAJ, QuoteId=0Q0WC0000039Vm10AE, EffectiveDate=2026-06-15 00:00:00, EndDate=null, IsReductionOrder=false, Status=Draft, Description=null, CustomerAuthorizedById=null, CustomerAuthorizedDate=null, CompanyAuthorizedById=null, CompanyAuthorizedDate=null, Type=null, BillingStreet=11095 Viking Drive, BillingCity=Eden Prairie, BillingState=Minnesota, BillingPostalCode=55344, BillingCountry=United States, BillingStateCode=MN, BillingCountryCode=US, BillingLatitude=null, BillingLongitude=null, BillingGeocodeAccuracy=null, ShippingStreet=11095 Viking Drive, ShippingCity=Eden Prairie, ShippingState=Minnesota, ShippingPostalCode=55344, ShippingCountry=United States, ShippingStateCode=MN, ShippingCountryCode=US, ShippingLatitude=null, ShippingLongitude=null, ShippingGeocodeAccuracy=null, Name=Q-Wren - Test Pricebook 2-2026-06-15, PoDate=null, PoNumber=null, OrderReferenceNumber=null, BillToContactId=003WC00000nc6g5YAA, ShipToContactId=003WC00000nc6g5YAA, ActivatedDate=null, ActivatedById=null, StatusCode=Draft, CurrencyIsoCode=USD, LegalEntityId=0fwWC000000034LYAQ, OrderedDate=null, BillingEmailAddress=null, BillingPhoneNumber=null, RelatedOrderId=null, OrderNumber=00095503, TotalAmount=94256.4875, TotalTaxAmount=0.0, GrandTotalAmount=94256.4875, TotalAdjustedProductAmount=0.0, TotalAdjustedDeliveryAmount=0.0, TotalProductAdjDistAmount=0.0, TotalDeliveryAdjDistAmount=0.0, TotalAdjustedProductTaxAmount=0.0, TotalAdjustedDeliveryTaxAmount=0.0, TotalProductAdjDistTaxAmount=0.0, TotalDeliveryAdjDistTaxAmount=0.0, TotalAdjProductAmtWithTax=0.0, TotalAdjDeliveryAmtWithTax=0.0, TotalProductAdjDistAmtWithTax=0.0, TotalDeliveryAdjDistAmtWithTax=0.0, PaymentTermId=2OXWC0000000Vs34AE, LastPricedDate=null, FulfillmentPlanId=null, CalculationStatus=Saving, OrchestrationSbmsStatus=null, OriginalActionType=null, ValidationResult=null, AdjustmentDistributionLogic=null, AppliedDiscountAmount=null, AppliedDiscount=null, TotalAmountOverride=null, SalesTransactionTypeId=null, PricingContractId=null, RelatedOrderType=null, TransactionType=Fortra_Advanced_Pricing, CreatedDate=2026-06-15 14:12:45, CreatedById=005a500001SfRd7AAF, LastModifiedDate=2026-06-15 17:38:31, LastModifiedById=005WC00000MgTN2YAN, IsDeleted=false, SystemModstamp=2026-06-15 17:38:31, LastViewedDate=null, LastReferencedDate=null, TotalRoundedLineAmount=null, DiscountPercent=null, Workday_Contract_ID__c=801WC00000knHDLYA2, Workday_ID__c=null, Workday_Sync_Correlation_Id__c=null, Workday_Sync_Message__c=null, Workday_Sync_Payload__c=null, QuoteTypeText__c=New, Legacy_Id__c=null, Bill_To_Place__c=a0lWC000004cO79YAE, Hubspot_Overall_Status__c=Overall Success, Ship_To_Place__c=a0lWC000004cO79YAE, Order_NARR__c=null, Source_Opportunity_Id__c=006WC00000R3zVx, Source_Order_Id__c=null, Bill_To_Account__c=001WC00000XiZP4YAN, Bill_To_Address__c=a0lWC000004cO79YAE, Ship_To_Account__c=001WC00000XiZP4YAN, Ship_To_Address__c=a0lWC000004cO79YAE, Clawback_Repaid_Date__c=null, Commission_Date__c=null, Contract_Start_Date__c=null, Currency_Locked__c=false, MSYears__c=null, New_Licenses__c=null, New_Maintenance__c=null, New_Pro_Services__c=null, Partner_Account__c=null, Reseller_PO__c=null, Sales_Rep__c=null, Source_Quote_Currency__c=USD, gsOrderID__c=null, gsShipDate__c=null, Order_Displaced_ARR__c=0.0, VAT_Number__c=null, DoNotInvoicePS__c=false, IsDR__c=false, IsNotificationSent__c=false, IsRenewal__c=false, IsTAM__c=null, Is_Reversed__c=false, New_SaaSEftCloud__c=null, Total_List_Price__c=null, Account_Specialist__c=null, Billing_Day_of_Month__c=null, Customer_Success_Manager__c=null, Date_Fulfilled__c=null, Deal_Origin__c=null, Disable_Export_Control__c=false, Enterprise_Representative__c=null, HARP_Contact__c=null, Invoice_Contact_2__c=null, Invoice_Contact__c=null, License_Key_Contact__c=null, ShowHide_Discounts__c=null, Solutions_Engineer__c=null, Total_Discount_Amount__c=0.0, PO_Sync_Correlation_Id__c=null, PO_Sync_Message__c=null, PO_Sync_Payload__c=null, PO_Sync_Status__c=Pending, PO_URL__c=null, ALE__c=null, AWS_Marketplace_Agreement_ID__c=null, AWS_Marketplace_Offer_ID__c=null, Account_NameText__c=Fortra, LLC - Test, Billing_Frequency__c=null, Contact__c=null, Cross_Sale_Type__c=null, Cross_Sale_User__c=null, Description__c=null, Disable_Tax__c=false, DistributorReseller__c=null, Line_Items_Complete__c=false, Maintenance_Date__c=null, Mark_Inv_Migration_Change__c=false, On_Hold_Time__c=null, OrderOne__c=1.0, POC_Invoice_Contact_On_Billing_Account__c=null, Payment_Portal__c=Fortra (default), Purchasing_Agent_Account__c=null, Purchasing_Agent_Contact__c=null, RSM_2__c=null, RSM_3__c=null, RSM_4__c=null, RSM_5__c=null, RSM__c=null, Referral_Partner__c=null, Renewal_Maintenance_Quote__c=null, Renewals_Specialist__c=null, Requested_Delivery_Date__c=null, Reseller_Partner__c=null, SA__c=null, Secondary_License_Key_Contact__c=null, Share_With_AWS__c=false, SingleYearMS__c=null, Skip_Price_Calculation__c=false, Source_Campaign__c=null, Source_Quote_Id__c=null, Workday_Sync_Status__c=Pending, HS_Sync_Correlation_Id__c=null, HS_Sync_Message__c=null, HS_Sync_Payload__c=null, HS_Sync_Status__c=null, Deal_Type__c=Channel Originated, GSW__c=false, Quote_Type__c=New, Total_Services__c=null, Total_Software__c=null, Total_Subscription__c=94000.0, Order_NARR_Calculated__c=0.0, Exchange_Rate_To_USD__c=null, Legacy_Sync_Correlation_Id__c=null, Legacy_Sync_Message__c=null, Legacy_Sync_Payload__c=null, Legacy_Sync_Status__c=null, WorkdayReferenceID__c=COM003, Payment_Term_Workday_Reference_ID__c=Net_30, Order_Integration_Error_Messages__c=null, Order_and_Related_Field_Status__c=Unknown, Legacy_Discount__c=null, Workday_Contract_Type__c=Master_Contract, Legacy_Overall_Status__c=Not Overall Success, Workday_Overall_Status__c=Not Success, Contract_Number_Text__c=00069297, MyCap__c=false}
10:38:34.257 (4288322451)|FLOW_BULK_ELEMENT_LIMIT_USAGE|1 ms CPU time, total 2193 out of 15000
10:38:34.257 (4288354982)|FLOW_BULK_ELEMENT_END|FlowAssignment|Set_PO_Sync_Status_to_Pending|0|1
10:38:34.257 (4288526978)|FLOW_START_INTERVIEWS_END|1
10:38:34.257 (4288681471)|FLOW_INTERVIEW_FINISHED|13725a77c9c6976ac6f11fbf58819ecc4100db-3ba7|Fortra &#124; Order &#124; Before Insert/Update - Sync Status
10:38:34.257 (4288708622)|FLOW_INTERVIEW_FINISHED_LIMIT_USAGE|SOQL queries: 0 out of 100
10:38:34.257 (4288714326)|FLOW_INTERVIEW_FINISHED_LIMIT_USAGE|SOQL query rows: 0 out of 50000
10:38:34.257 (4288718086)|FLOW_INTERVIEW_FINISHED_LIMIT_USAGE|SOSL queries: 0 out of 20
10:38:34.257 (4288721406)|FLOW_INTERVIEW_FINISHED_LIMIT_USAGE|DML statements: 0 out of 150
10:38:34.257 (4288724632)|FLOW_INTERVIEW_FINISHED_LIMIT_USAGE|DML rows: 0 out of 10000
10:38:34.257 (4288754353)|FLOW_INTERVIEW_FINISHED_LIMIT_USAGE|CPU time in ms: 2193 out of 15000
10:38:34.257 (4288761222)|FLOW_INTERVIEW_FINISHED_LIMIT_USAGE|Heap size in bytes: 0 out of 6000000
10:38:34.257 (4288776821)|FLOW_INTERVIEW_FINISHED_LIMIT_USAGE|Callouts: 0 out of 100
10:38:34.257 (4288781869)|FLOW_INTERVIEW_FINISHED_LIMIT_USAGE|Email invocations: 0 out of 10
10:38:34.257 (4288785677)|FLOW_INTERVIEW_FINISHED_LIMIT_USAGE|Future calls: 0 out of 50
10:38:34.257 (4288788438)|FLOW_INTERVIEW_FINISHED_LIMIT_USAGE|Jobs in queue: 0 out of 50
10:38:34.255 (4291065050)|CODE_UNIT_FINISHED|Flow:Order
10:38:34.255 (4291077673)|EXECUTION_FINISHED
10:38:34.318 (4318155262)|USER_INFO|[EXTERNAL]|005WC00000MgTN2|liam.jeong.c@fortra.com.uat|(GMT-07:00) Pacific Daylight Time (America/Los_Angeles)|GMT-07:00
10:38:34.318 (4318178000)|EXECUTION_STARTED
10:38:34.318 (4318185964)|CODE_UNIT_STARTED|[EXTERNAL]|Validation:Order:801WC00000knHDL
10:38:34.318 (4318200875)|VALIDATION_RULE|03dWC000001dRW1|Lock_Currency_At_Order_Activation
10:38:34.318 (4318491316)|VALIDATION_FORMULA|AND(
 ISCHANGED(CurrencyIsoCode),
 OR(
     ISPICKVAL(Status, 'Activated'),
     ISPICKVAL(Status, 'In Fulfillment'),
     ISPICKVAL(Status, 'Fulfilled'),
     ISPICKVAL(Status, 'Completed'),
     ISPICKVAL(Status, 'Closed')
 )
)|Status=Draft , CurrencyIsoCode=USD
10:38:34.318 (4318499196)|VALIDATION_PASS
10:38:34.318 (4318500550)|VALIDATION_RULE|03dWC000001pCD3|Order_BillToAddressAcct_Equal_OrderAcct
10:38:34.318 (4318616869)|VALIDATION_FORMULA|AND(NOT(ISBLANK(Bill_To_Address__r.Account__c)),
 Bill_To_Address__r.Account__c !=  AccountId 
)|AccountId=001WC00000XiZP4 , Bill_To_Address__r.Account__c=001WC00000XiZP4
10:38:34.318 (4318620199)|VALIDATION_PASS
10:38:34.318 (4318621408)|VALIDATION_RULE|03dWC000001pCBR|Order_BillToContactAcct_Equal_OrderAcct
10:38:34.318 (4318693260)|VALIDATION_FORMULA|AND(NOT(ISBLANK(BillToContact.AccountId)),
 BillToContact.AccountId !=  AccountId 
)|AccountId=001WC00000XiZP4 , BillToContact.AccountId=001WC00000XiZP4
10:38:34.318 (4318696920)|VALIDATION_PASS
10:38:34.318 (4318698048)|VALIDATION_RULE|03dWC000001pC9p|Order_BillToPlaceAcct_Equal_OrderAcct
10:38:34.318 (4318751685)|VALIDATION_FORMULA|AND(NOT(ISBLANK(Bill_To_Place__r.Account__c)),
 Bill_To_Place__r.Account__c !=  AccountId 
)|AccountId=001WC00000XiZP4 , Bill_To_Place__r.Account__c=001WC00000XiZP4
10:38:34.318 (4318754472)|VALIDATION_PASS
10:38:34.318 (4318755776)|VALIDATION_RULE|03dWC000001pC8D|Order_ShipToAddressAcct_Equal_OrderAcct
10:38:34.318 (4318805505)|VALIDATION_FORMULA|AND(NOT(ISBLANK(Ship_To_Address__r.Account__c)),
 Ship_To_Address__r.Account__c != AccountId
)|AccountId=001WC00000XiZP4 , Ship_To_Address__r.Account__c=001WC00000XiZP4
10:38:34.318 (4318808215)|VALIDATION_PASS
10:38:34.318 (4318808997)|VALIDATION_RULE|03dWC000001pC6b|Order_ShipToContactAcct_Equal_OrderAcct
10:38:34.318 (4318856764)|VALIDATION_FORMULA|AND(NOT(ISBLANK(ShipToContact.AccountId)),
 ShipToContact.AccountId  != AccountId
)|AccountId=001WC00000XiZP4 , ShipToContact.AccountId=001WC00000XiZP4
10:38:34.318 (4318859427)|VALIDATION_PASS
10:38:34.318 (4318860296)|VALIDATION_RULE|03dWC000001pC4z|Order_ShipToPlaceAcct_Equal_OrderAcct
10:38:34.318 (4318908902)|VALIDATION_FORMULA|AND(NOT(ISBLANK(Ship_To_Place__r.Account__c)),
 Ship_To_Place__r.Account__c != AccountId 
)|AccountId=001WC00000XiZP4 , Ship_To_Place__r.Account__c=001WC00000XiZP4
10:38:34.318 (4318911488)|VALIDATION_PASS
10:38:34.318 (4318921237)|CODE_UNIT_FINISHED|Validation:Order:801WC00000knHDL
10:38:34.318 (4318927549)|EXECUTION_FINISHED
10:38:34.352 (4352172624)|USER_INFO|[EXTERNAL]|005WC00000MgTN2|liam.jeong.c@fortra.com.uat|(GMT-07:00) Pacific Daylight Time (America/Los_Angeles)|GMT-07:00
10:38:34.352 (4352197868)|EXECUTION_STARTED
10:38:34.352 (4352206992)|CODE_UNIT_STARTED|[EXTERNAL]|Flow:Order
10:38:34.355 (4355710000)|FLOW_CREATE_INTERVIEW_BEGIN|00DWC000006eUFF|300WC00000PgHIz|301WC00000guXcg
10:38:34.355 (4355813753)|FLOW_CREATE_INTERVIEW_END|13825a77c9c6976ac6f11fbf58819ecc4100db-3ba8|Fortra &#124; Order &#124; After Update - Platform Event (Workday)
10:38:34.356 (4356526907)|FLOW_START_INTERVIEWS_BEGIN|1
10:38:34.356 (4356604245)|FLOW_START_INTERVIEW_BEGIN|13825a77c9c6976ac6f11fbf58819ecc4100db-3ba8|Fortra &#124; Order &#124; After Update - Platform Event (Workday)
10:38:34.356 (4356663902)|FLOW_START_INTERVIEW_LIMIT_USAGE|SOQL queries: 0 out of 100
10:38:34.356 (4356671118)|FLOW_START_INTERVIEW_LIMIT_USAGE|SOQL query rows: 0 out of 50000
10:38:34.356 (4356675388)|FLOW_START_INTERVIEW_LIMIT_USAGE|SOSL queries: 0 out of 20
10:38:34.356 (4356679510)|FLOW_START_INTERVIEW_LIMIT_USAGE|DML statements: 0 out of 150
10:38:34.356 (4356682937)|FLOW_START_INTERVIEW_LIMIT_USAGE|DML rows: 0 out of 10000
10:38:34.356 (4356687092)|FLOW_START_INTERVIEW_LIMIT_USAGE|CPU time in ms: 2217 out of 15000
10:38:34.356 (4356697493)|FLOW_START_INTERVIEW_LIMIT_USAGE|Heap size in bytes: 0 out of 6000000
10:38:34.356 (4356701493)|FLOW_START_INTERVIEW_LIMIT_USAGE|Callouts: 0 out of 100
10:38:34.356 (4356705033)|FLOW_START_INTERVIEW_LIMIT_USAGE|Email invocations: 0 out of 10
10:38:34.356 (4356708628)|FLOW_START_INTERVIEW_LIMIT_USAGE|Future calls: 0 out of 50
10:38:34.356 (4356711951)|FLOW_START_INTERVIEW_LIMIT_USAGE|Jobs in queue: 0 out of 50
10:38:34.356 (4356715363)|FLOW_START_INTERVIEW_LIMIT_USAGE|Push notifications: 0 out of 10
10:38:34.356 (4359684266)|FLOW_VALUE_ASSIGNMENT|13825a77c9c6976ac6f11fbf58819ecc4100db-3ba8|$Record|{Id=801WC00000knHDLYA2, OwnerId=005a500001SfRd7AAF, ContractId=800WC00000SKpZJYA1, AccountId=001WC00000XiZP4YAN, Pricebook2Id=01sWC0000022GHFYA2, OriginalOrderId=null, OpportunityId=006WC00000R3zVxYAJ, QuoteId=0Q0WC0000039Vm10AE, EffectiveDate=2026-06-15 00:00:00, EndDate=null, IsReductionOrder=false, Status=Draft, Description=null, CustomerAuthorizedById=null, CustomerAuthorizedDate=null, CompanyAuthorizedById=null, CompanyAuthorizedDate=null, Type=null, BillingStreet=11095 Viking Drive, BillingCity=Eden Prairie, BillingState=Minnesota, BillingPostalCode=55344, BillingCountry=United States, BillingStateCode=MN, BillingCountryCode=US, BillingLatitude=null, BillingLongitude=null, BillingGeocodeAccuracy=null, ShippingStreet=11095 Viking Drive, ShippingCity=Eden Prairie, ShippingState=Minnesota, ShippingPostalCode=55344, ShippingCountry=United States, ShippingStateCode=MN, ShippingCountryCode=US, ShippingLatitude=null, ShippingLongitude=null, ShippingGeocodeAccuracy=null, Name=Q-Wren - Test Pricebook 2-2026-06-15, PoDate=null, PoNumber=null, OrderReferenceNumber=null, BillToContactId=003WC00000nc6g5YAA, ShipToContactId=003WC00000nc6g5YAA, ActivatedDate=null, ActivatedById=null, StatusCode=Draft, CurrencyIsoCode=USD, LegalEntityId=0fwWC000000034LYAQ, OrderedDate=null, BillingEmailAddress=null, BillingPhoneNumber=null, RelatedOrderId=null, OrderNumber=00095503, TotalAmount=94256.4875, TotalTaxAmount=0.0, GrandTotalAmount=94256.4875, TotalAdjustedProductAmount=0.0, TotalAdjustedDeliveryAmount=0.0, TotalProductAdjDistAmount=0.0, TotalDeliveryAdjDistAmount=0.0, TotalAdjustedProductTaxAmount=0.0, TotalAdjustedDeliveryTaxAmount=0.0, TotalProductAdjDistTaxAmount=0.0, TotalDeliveryAdjDistTaxAmount=0.0, TotalAdjProductAmtWithTax=0.0, TotalAdjDeliveryAmtWithTax=0.0, TotalProductAdjDistAmtWithTax=0.0, TotalDeliveryAdjDistAmtWithTax=0.0, PaymentTermId=2OXWC0000000Vs34AE, LastPricedDate=null, FulfillmentPlanId=null, CalculationStatus=Saving, OrchestrationSbmsStatus=null, OriginalActionType=null, ValidationResult=null, AdjustmentDistributionLogic=null, AppliedDiscountAmount=null, AppliedDiscount=null, TotalAmountOverride=null, SalesTransactionTypeId=null, PricingContractId=null, RelatedOrderType=null, TransactionType=Fortra_Advanced_Pricing, CreatedDate=2026-06-15 14:12:45, CreatedById=005a500001SfRd7AAF, LastModifiedDate=2026-06-15 17:38:35, LastModifiedById=005WC00000MgTN2YAN, IsDeleted=false, SystemModstamp=2026-06-15 17:38:35, LastViewedDate=null, LastReferencedDate=null, TotalRoundedLineAmount=null, DiscountPercent=null, Workday_Contract_ID__c=801WC00000knHDLYA2, Workday_ID__c=null, Workday_Sync_Correlation_Id__c=null, Workday_Sync_Message__c=null, Workday_Sync_Payload__c=null, QuoteTypeText__c=New, Legacy_Id__c=null, Bill_To_Place__c=a0lWC000004cO79YAE, Hubspot_Overall_Status__c=Overall Success, Ship_To_Place__c=a0lWC000004cO79YAE, Order_NARR__c=null, Source_Opportunity_Id__c=006WC00000R3zVx, Source_Order_Id__c=null, Bill_To_Account__c=001WC00000XiZP4YAN, Bill_To_Address__c=a0lWC000004cO79YAE, Ship_To_Account__c=001WC00000XiZP4YAN, Ship_To_Address__c=a0lWC000004cO79YAE, Clawback_Repaid_Date__c=null, Commission_Date__c=null, Contract_Start_Date__c=null, Currency_Locked__c=false, MSYears__c=null, New_Licenses__c=null, New_Maintenance__c=null, New_Pro_Services__c=null, Partner_Account__c=null, Reseller_PO__c=null, Sales_Rep__c=null, Source_Quote_Currency__c=USD, gsOrderID__c=null, gsShipDate__c=null, Order_Displaced_ARR__c=0.0, VAT_Number__c=null, DoNotInvoicePS__c=false, IsDR__c=false, IsNotificationSent__c=false, IsRenewal__c=false, IsTAM__c=null, Is_Reversed__c=false, New_SaaSEftCloud__c=null, Total_List_Price__c=null, Account_Specialist__c=null, Billing_Day_of_Month__c=null, Customer_Success_Manager__c=null, Date_Fulfilled__c=null, Deal_Origin__c=null, Disable_Export_Control__c=false, Enterprise_Representative__c=null, HARP_Contact__c=null, Invoice_Contact_2__c=null, Invoice_Contact__c=null, License_Key_Contact__c=null, ShowHide_Discounts__c=null, Solutions_Engineer__c=null, Total_Discount_Amount__c=0.0, PO_Sync_Correlation_Id__c=null, PO_Sync_Message__c=null, PO_Sync_Payload__c=null, PO_Sync_Status__c=Pending, PO_URL__c=null, ALE__c=null, AWS_Marketplace_Agreement_ID__c=null, AWS_Marketplace_Offer_ID__c=null, Account_NameText__c=Fortra, LLC - Test, Billing_Frequency__c=null, Contact__c=null, Cross_Sale_Type__c=null, Cross_Sale_User__c=null, Description__c=null, Disable_Tax__c=false, DistributorReseller__c=null, Line_Items_Complete__c=false, Maintenance_Date__c=null, Mark_Inv_Migration_Change__c=false, On_Hold_Time__c=null, OrderOne__c=1.0, POC_Invoice_Contact_On_Billing_Account__c=null, Payment_Portal__c=Fortra (default), Purchasing_Agent_Account__c=null, Purchasing_Agent_Contact__c=null, RSM_2__c=null, RSM_3__c=null, RSM_4__c=null, RSM_5__c=null, RSM__c=null, Referral_Partner__c=null, Renewal_Maintenance_Quote__c=null, Renewals_Specialist__c=null, Requested_Delivery_Date__c=null, Reseller_Partner__c=null, SA__c=null, Secondary_License_Key_Contact__c=null, Share_With_AWS__c=false, SingleYearMS__c=null, Skip_Price_Calculation__c=false, Source_Campaign__c=null, Source_Quote_Id__c=null, Workday_Sync_Status__c=Pending, HS_Sync_Correlation_Id__c=null, HS_Sync_Message__c=null, HS_Sync_Payload__c=null, HS_Sync_Status__c=null, Deal_Type__c=Channel Originated, GSW__c=false, Quote_Type__c=New, Total_Services__c=null, Total_Software__c=null, Total_Subscription__c=94000.0, Order_NARR_Calculated__c=0.0, Exchange_Rate_To_USD__c=null, Legacy_Sync_Correlation_Id__c=null, Legacy_Sync_Message__c=null, Legacy_Sync_Payload__c=null, Legacy_Sync_Status__c=null, WorkdayReferenceID__c=COM003, Payment_Term_Workday_Reference_ID__c=Net_30, Order_Integration_Error_Messages__c=null, Order_and_Related_Field_Status__c=Unknown, Legacy_Discount__c=null, Workday_Contract_Type__c=Master_Contract, Legacy_Overall_Status__c=Not Overall Success, Workday_Overall_Status__c=Not Success, Contract_Number_Text__c=00069297, MyCap__c=false}
10:38:34.356 (4359834859)|FLOW_ELEMENT_BEGIN|13825a77c9c6976ac6f11fbf58819ecc4100db-3ba8|FlowDecision|Order_Completed_Decision
10:38:34.356 (4359878649)|FLOW_ELEMENT_DEFERRED|FlowDecision|Order_Completed_Decision
10:38:34.356 (4359925280)|FLOW_ELEMENT_LIMIT_USAGE|4 ms CPU time, total 2221 out of 15000
10:38:34.356 (4359933023)|FLOW_ELEMENT_END|13825a77c9c6976ac6f11fbf58819ecc4100db-3ba8|FlowDecision|Order_Completed_Decision
10:38:34.356 (4360906834)|FLOW_START_INTERVIEW_END|13825a77c9c6976ac6f11fbf58819ecc4100db-3ba8|Fortra &#124; Order &#124; After Update - Platform Event (Workday)
10:38:34.356 (4360948471)|FLOW_BULK_ELEMENT_BEGIN|FlowDecision|Order_Completed_Decision
10:38:34.356 (4361090290)|FLOW_RULE_DETAIL|13825a77c9c6976ac6f11fbf58819ecc4100db-3ba8|Yes_Order_Completed_Outcome|false|false
10:38:34.356 (4361114447)|FLOW_VALUE_ASSIGNMENT|13825a77c9c6976ac6f11fbf58819ecc4100db-3ba8|Yes_Order_Completed_Outcome|false
10:38:34.356 (4361232577)|FLOW_BULK_ELEMENT_END|FlowDecision|Order_Completed_Decision|0|0
10:38:34.356 (4361268181)|FLOW_ELEMENT_BEGIN|13825a77c9c6976ac6f11fbf58819ecc4100db-3ba8|FlowDecision|Order_Complete_and_WD_Status_is_Success_Decision
10:38:34.356 (4361318286)|FLOW_ELEMENT_DEFERRED|FlowDecision|Order_Complete_and_WD_Status_is_Success_Decision
10:38:34.356 (4361333141)|FLOW_ELEMENT_END|13825a77c9c6976ac6f11fbf58819ecc4100db-3ba8|FlowDecision|Order_Complete_and_WD_Status_is_Success_Decision
10:38:34.356 (4361353686)|FLOW_BULK_ELEMENT_BEGIN|FlowDecision|Order_Complete_and_WD_Status_is_Success_Decision
10:38:34.356 (4361402370)|FLOW_RULE_DETAIL|13825a77c9c6976ac6f11fbf58819ecc4100db-3ba8|Yes_Order_Complete_and_WD_Status_is_Success_Outcome|false|false
10:38:34.356 (4361412936)|FLOW_VALUE_ASSIGNMENT|13825a77c9c6976ac6f11fbf58819ecc4100db-3ba8|Yes_Order_Complete_and_WD_Status_is_Success_Outcome|false
10:38:34.356 (4361465906)|FLOW_BULK_ELEMENT_END|FlowDecision|Order_Complete_and_WD_Status_is_Success_Decision|0|0
10:38:34.356 (4361481304)|FLOW_ELEMENT_BEGIN|13825a77c9c6976ac6f11fbf58819ecc4100db-3ba8|FlowDecision|PO_URL_Changed_Decision
10:38:34.356 (4361486875)|FLOW_ELEMENT_DEFERRED|FlowDecision|PO_URL_Changed_Decision
10:38:34.356 (4361494171)|FLOW_ELEMENT_END|13825a77c9c6976ac6f11fbf58819ecc4100db-3ba8|FlowDecision|PO_URL_Changed_Decision
10:38:34.356 (4361507293)|FLOW_BULK_ELEMENT_BEGIN|FlowDecision|PO_URL_Changed_Decision
10:38:34.356 (4361580009)|FLOW_RULE_DETAIL|13825a77c9c6976ac6f11fbf58819ecc4100db-3ba8|Yes_PO_URL_Changed_Outcome|false|false
10:38:34.356 (4361588641)|FLOW_VALUE_ASSIGNMENT|13825a77c9c6976ac6f11fbf58819ecc4100db-3ba8|Yes_PO_URL_Changed_Outcome|false
10:38:34.356 (4361626534)|FLOW_BULK_ELEMENT_END|FlowDecision|PO_URL_Changed_Decision|0|0
10:38:34.356 (4361782373)|FLOW_START_INTERVIEWS_END|1
10:38:34.356 (4361968441)|FLOW_INTERVIEW_FINISHED|13825a77c9c6976ac6f11fbf58819ecc4100db-3ba8|Fortra &#124; Order &#124; After Update - Platform Event (Workday)
10:38:34.356 (4361997628)|FLOW_INTERVIEW_FINISHED_LIMIT_USAGE|SOQL queries: 0 out of 100
10:38:34.356 (4362003074)|FLOW_INTERVIEW_FINISHED_LIMIT_USAGE|SOQL query rows: 0 out of 50000
10:38:34.356 (4362007396)|FLOW_INTERVIEW_FINISHED_LIMIT_USAGE|SOSL queries: 0 out of 20
10:38:34.356 (4362010713)|FLOW_INTERVIEW_FINISHED_LIMIT_USAGE|DML statements: 0 out of 150
10:38:34.356 (4362013539)|FLOW_INTERVIEW_FINISHED_LIMIT_USAGE|DML rows: 0 out of 10000
10:38:34.356 (4362016777)|FLOW_INTERVIEW_FINISHED_LIMIT_USAGE|CPU time in ms: 2221 out of 15000
10:38:34.356 (4362021313)|FLOW_INTERVIEW_FINISHED_LIMIT_USAGE|Heap size in bytes: 0 out of 6000000
10:38:34.356 (4362024191)|FLOW_INTERVIEW_FINISHED_LIMIT_USAGE|Callouts: 0 out of 100
10:38:34.356 (4362027487)|FLOW_INTERVIEW_FINISHED_LIMIT_USAGE|Email invocations: 0 out of 10
10:38:34.356 (4362030122)|FLOW_INTERVIEW_FINISHED_LIMIT_USAGE|Future calls: 0 out of 50
10:38:34.356 (4362032769)|FLOW_INTERVIEW_FINISHED_LIMIT_USAGE|Jobs in queue: 0 out of 50
10:38:34.352 (4363753281)|CODE_UNIT_FINISHED|Flow:Order
10:38:34.352 (4363770142)|EXECUTION_FINISHED
10:38:34.366 (4366020169)|USER_INFO|[EXTERNAL]|005WC00000MgTN2|liam.jeong.c@fortra.com.uat|(GMT-07:00) Pacific Daylight Time (America/Los_Angeles)|GMT-07:00
10:38:34.366 (4366040943)|EXECUTION_STARTED
10:38:34.366 (4366047039)|CODE_UNIT_STARTED|[EXTERNAL]|Flow:Order
10:38:34.366 (4366206937)|CODE_UNIT_FINISHED|Flow:Order
10:38:34.366 (4366212863)|EXECUTION_FINISHED
10:38:34.411 (4411074681)|USER_INFO|[EXTERNAL]|005WC00000MgTN2|liam.jeong.c@fortra.com.uat|(GMT-07:00) Pacific Daylight Time (America/Los_Angeles)|GMT-07:00
10:38:34.411 (4411102817)|EXECUTION_STARTED
10:38:34.411 (4411112152)|CODE_UNIT_STARTED|[EXTERNAL]|Flow:OrderItem
10:38:34.412 (4412846345)|FLOW_CREATE_INTERVIEW_BEGIN|00DWC000006eUFF|300WC00000Qqd9Z|301WC00000kVmuE
10:38:34.412 (4412982947)|FLOW_CREATE_INTERVIEW_END|13925a77c9c6976ac6f11fbf58819ecc4100db-3ba9|Fortra &#124; OrderItem &#124; Set Dates
10:38:34.412 (4412989338)|FLOW_CREATE_INTERVIEW_END|14025a77c9c6976ac6f11fbf58819ecc4100db-3baa|Fortra &#124; OrderItem &#124; Set Dates
10:38:34.412 (4412993517)|FLOW_CREATE_INTERVIEW_END|14125a77c9c6976ac6f11fbf58819ecc4100db-3bab|Fortra &#124; OrderItem &#124; Set Dates
10:38:34.413 (4413667806)|FLOW_START_INTERVIEWS_BEGIN|3
10:38:34.413 (4413713919)|FLOW_START_INTERVIEW_BEGIN|13925a77c9c6976ac6f11fbf58819ecc4100db-3ba9|Fortra &#124; OrderItem &#124; Set Dates
10:38:34.413 (4413775280)|FLOW_START_INTERVIEW_LIMIT_USAGE|SOQL queries: 0 out of 100
10:38:34.413 (4413785174)|FLOW_START_INTERVIEW_LIMIT_USAGE|SOQL query rows: 0 out of 50000
10:38:34.413 (4413792225)|FLOW_START_INTERVIEW_LIMIT_USAGE|SOSL queries: 0 out of 20
10:38:34.413 (4413798938)|FLOW_START_INTERVIEW_LIMIT_USAGE|DML statements: 0 out of 150
10:38:34.413 (4413805139)|FLOW_START_INTERVIEW_LIMIT_USAGE|DML rows: 0 out of 10000
10:38:34.413 (4413811481)|FLOW_START_INTERVIEW_LIMIT_USAGE|CPU time in ms: 2247 out of 15000
10:38:34.413 (4413823963)|FLOW_START_INTERVIEW_LIMIT_USAGE|Heap size in bytes: 0 out of 6000000
10:38:34.413 (4413829803)|FLOW_START_INTERVIEW_LIMIT_USAGE|Callouts: 0 out of 100
10:38:34.413 (4413836124)|FLOW_START_INTERVIEW_LIMIT_USAGE|Email invocations: 0 out of 10
10:38:34.413 (4413841637)|FLOW_START_INTERVIEW_LIMIT_USAGE|Future calls: 0 out of 50
10:38:34.413 (4413847142)|FLOW_START_INTERVIEW_LIMIT_USAGE|Jobs in queue: 0 out of 50
10:38:34.413 (4413852532)|FLOW_START_INTERVIEW_LIMIT_USAGE|Push notifications: 0 out of 10
10:38:34.413 (4433757820)|FLOW_VALUE_ASSIGNMENT|13925a77c9c6976ac6f11fbf58819ecc4100db-3ba9|$Record|{Id=802WC00000OpopoYAB, Product2Id=01tWC00000DD11JYAT, IsDeleted=false, OrderId=801WC00000knHDLYA2, PricebookEntryId=01uWC000005wrrDYAQ, OriginalOrderItemId=null, QuoteLineItemId=0QLWC000003ehSj4AI, AvailableQuantity=1.0, Quantity=1.0, CurrencyIsoCode=USD, UnitPrice=94000.0, ListPrice=94000.0, TotalPrice=94000.0, BillingReference2=null, ServiceDate=2026-06-15 00:00:00, ServiceTime=00:00:00.000Z, ServiceDateTime=null, EndDate=null, EndTime=null, EndDateTime=null, ServiceEndTimeZone=GMT, Description=null, TotalLineAmount=94000.0, TotalAdjustmentAmount=0.0, TotalLineAdjustmentAmount=0.0, TotalAdjustmentDistAmount=0.0, TotalAdjustmentTaxAmount=0.0, TotalLineAdjustmentTaxAmount=0.0, TotalAdjustmentDistTaxAmount=0.0, TotalLineTaxAmount=0.0, TotalTaxAmount=0.0, RoundedLineAmount=94000.0, AdjustedLineAmount=94000.0, TotalAdjustedLineTaxAmount=0.0, RoundedLineAmtWithTax=94000.0, TotalAdjustmentAmtWithTax=0.0, AdjustedLineAmtWithTax=94000.0, TotalLineAdjustmentAmtWithTax=0.0, TotalAdjustmentDistAmtWithTax=0.0, TotalAmtWithTax=94000.0, OrderDeliveryGroupId=null, RelatedOrderItemId=null, Type=null, TypeCode=null, TaxTreatmentId=null, LegalEntityId=0fwWC000000034LYAQ, BillingTreatmentId=null, ProductSellingModelId=0jPWC000000060b2AA, OrderActionId=8OAWC000002SOpS4AW, ProrationPolicyId=0mua50000004KzRAAU, PeriodBoundary=Anniversary, PeriodBoundaryStartMonth=null, PeriodBoundaryDay=null, PricingTermCount=null, NetUnitPrice=94000.0, BillingFrequency2=Annual, ParentOrderItemId=null, Status=null, LineNumber=1, CreatedDate=2026-06-15 14:12:47, CreatedById=005a500001SfRd7AAF, LastModifiedDate=2026-06-15 17:37:45, LastModifiedById=005WC00000MgTN2YAN, SystemModstamp=2026-06-15 17:37:45, OrderItemNumber=0000564381, PriceWaterfallIdentifier=802WC00000OpopoYAB:149322018783677, StartQuantity=0.0, EndQuantity=1.0, NetTotalPrice=94000.0, Discount=null, DiscountAmount=null, PartnerDiscountPercent=null, PartnerUnitPrice=null, ValidationResult=null, EarliestEstimatedDeliveryDate=null, LatestEstimatedDeliveryDate=null, EarliestEstimatedDeliveryTime=null, LatestEstimatedDeliveryTime=null, EstimatedDeliveryReference=null, EstimatedDeliveryTimeZone=null, CustomProductName=null, SubscriptionTerm=1, OrderItemGroupId=null, SegmentIdentifier=null, SegmentType=null, SegmentName=null, IsPrimarySegment=false, OrderItemRecipientId=null, RampIdentifier=null, QuantityUnitOfMeasureId=null, UnitPriceUplift=null, BindingInstanceTargetId=null, PricingContractId=null, RevenueCloudPackagingFlag=CP, IsOrderItemLocked=false, RelatedChangeIdentifier=null, SupplementalChangeType=null, AggregatedQuantity=1.0, BatchIdentifier=null, DoesAutomaticallyRenew=false, Margin=null, MarginAmount=null, UnitCost=null, TotalCost=null, TotalAdjustment=null, TotalMargin=null, TotalMarginAmount=null, PriceRevisionPolicyId=null, ReplacementGroupId=null, Currency__c=USD, Workday_Sync_Correlation_Id__c=null, Workday_Sync_Message__c=null, Workday_Sync_Payload__c=null, Workday_Sync_Status__c=null, Multiple_Element_Rev_Alloc_Value__c=false, Workday_Revenue_Category__c=null, Billing_Schedule_From_Date__c=2026-06-15 00:00:00, Billing_Schedule_To_Date__c=2027-06-14 00:00:00, Custom_Product_Name__c=null, Ship_To_Address__c=null, Legacy_Id__c=null, DoNotExpand__c=false, Royalty_Amount__c=null, Exchange_Rate_To_USD__c=null, gsOrderDetailID__c=null, gsOrderID__c=null, Asset__c=null, Entitlement__c=null, Feature_Code__c=null, Freight_Terms__c=null, GSA__c=false, Hardware_ID__c=null, Hardware__c=null, Hostname__c=null, Instances__c=null, Is_Term__c=false, COLA_Uplift_Percent__c=null, End_Date_Calculated__c=2027-06-14 00:00:00, Legacy_Source__c=null, MSP_End_User__c=null, MYCAP__c=false, Maintenance_Discount_Percent__c=null, Manual_Discount__c=null, Migration_Change__c=null, Model__c=null, Number_of_Processors__c=null, Order_Is_Price_Locked__c=false, Override_Discount_Amount__c=null, Override_Discount_Percentage__c=null, Partition__c=null, Partner_Discount_Type__c=null, Price_Overriden__c=false, Prior_Feature_Code__c=null, Prior_Group_Number__c=null, Prior_Model__c=null, Prior_Number_of_Processors__c=null, Prior_Serial_Number__c=null, Product_Sale_Type__c=null, Product_type__c=null, Quantity_Back_Ordered__c=null, Quantity_Shipped__c=null, RSM_Discount_Percent__c=null, RSM__c=null, Requested_Delivery_Date__c=null, Sales_Support_Notes__c=null, Sequence_Number__c=null, Server_Type_Discount_Percent__c=null, Skip_Price_Calculation__c=false, Swap__c=false, System_Type__c=null, Tax_Code__c=null, Units__c=null, Uplift_Percent__c=null, Version_Number__c=null, Fortra_Product_Type__c=Subscription, Year_After_StartDate__c=false, Two_Years_After_Start_Date__c=false, Order_Line_ARR__c=null, Base_Price__c=null, Displaced_ARR__c=null, Is_Split_Line__c=false, Original_Order_Item__c=null, Partition_Record__c=null, Quote_Legal_Entity__c=Fortra, LLC*, Serial_Number__c=null, AllowRegionalPricing__c=false, Attribute_Multiplier_Pct__c=null, Attribute_Price_Mode__c=null, COLACalculatedPrice__c=null, Has_Attribute_Adjustment__c=false, RegionalNetUnitPrice__c=null, Quote_Line_Discount_Reason__c=null, Billing_Frequency__c=Yearly_Billing_Template, Order_Line_NARR_Calculated__c=0.0, Workday_Contract_Line_Reference_ID__c=null, LPAR_Number__c=null, LPAR_System_Name__c=null, Workday_Contract_Line_Type__c=FIXED AMOUNT, Start_Date_Calculated__c=2026-06-15 00:00:00, LegacyQuoteLineDiscount__c=null, LIC_Fair_Value_Amount__c=null, MAINT_Fair_Value_Amount__c=null, Source_List_Price__c=null, Prior_Discretionary_Discount__c=null, Prior_Partner_Discount__c=null, NetTotalPrice_Calculated__c=94000.0}
10:38:34.413 (4434005724)|FLOW_ELEMENT_BEGIN|13925a77c9c6976ac6f11fbf58819ecc4100db-3ba9|FlowDecision|Perpetual
10:38:34.413 (4434032000)|FLOW_ELEMENT_DEFERRED|FlowDecision|Perpetual
10:38:34.413 (4434091756)|FLOW_ELEMENT_LIMIT_USAGE|14 ms CPU time, total 2261 out of 15000
10:38:34.413 (4434100793)|FLOW_ELEMENT_END|13925a77c9c6976ac6f11fbf58819ecc4100db-3ba9|FlowDecision|Perpetual
10:38:34.413 (4435063884)|FLOW_START_INTERVIEW_END|13925a77c9c6976ac6f11fbf58819ecc4100db-3ba9|Fortra &#124; OrderItem &#124; Set Dates
10:38:34.413 (4435097132)|FLOW_START_INTERVIEW_BEGIN|14025a77c9c6976ac6f11fbf58819ecc4100db-3baa|Fortra &#124; OrderItem &#124; Set Dates
10:38:34.413 (4435149550)|FLOW_START_INTERVIEW_LIMIT_USAGE|SOQL queries: 0 out of 100
10:38:34.413 (4435158440)|FLOW_START_INTERVIEW_LIMIT_USAGE|SOQL query rows: 0 out of 50000
10:38:34.413 (4435165533)|FLOW_START_INTERVIEW_LIMIT_USAGE|SOSL queries: 0 out of 20
10:38:34.413 (4435172611)|FLOW_START_INTERVIEW_LIMIT_USAGE|DML statements: 0 out of 150
10:38:34.413 (4435206032)|FLOW_START_INTERVIEW_LIMIT_USAGE|DML rows: 0 out of 10000
10:38:34.413 (4435212563)|FLOW_START_INTERVIEW_LIMIT_USAGE|CPU time in ms: 2261 out of 15000
10:38:34.413 (4435222417)|FLOW_START_INTERVIEW_LIMIT_USAGE|Heap size in bytes: 0 out of 6000000
10:38:34.413 (4435228885)|FLOW_START_INTERVIEW_LIMIT_USAGE|Callouts: 0 out of 100
10:38:34.413 (4435235706)|FLOW_START_INTERVIEW_LIMIT_USAGE|Email invocations: 0 out of 10
10:38:34.413 (4435241957)|FLOW_START_INTERVIEW_LIMIT_USAGE|Future calls: 0 out of 50
10:38:34.413 (4435247476)|FLOW_START_INTERVIEW_LIMIT_USAGE|Jobs in queue: 0 out of 50
10:38:34.413 (4435253517)|FLOW_START_INTERVIEW_LIMIT_USAGE|Push notifications: 0 out of 10
10:38:34.413 (4439315662)|FLOW_VALUE_ASSIGNMENT|14025a77c9c6976ac6f11fbf58819ecc4100db-3baa|$Record|{Id=802WC00000OpoppYAB, Product2Id=01tWC00000DD1btYAD, IsDeleted=false, OrderId=801WC00000knHDLYA2, PricebookEntryId=01uWC000005ws8MYAQ, OriginalOrderItemId=null, QuoteLineItemId=0QLWC000003ehR74AI, AvailableQuantity=1.0, Quantity=1.0, CurrencyIsoCode=USD, UnitPrice=301.75, ListPrice=355.0, TotalPrice=256.4875, BillingReference2=null, ServiceDate=null, ServiceTime=null, ServiceDateTime=null, EndDate=null, EndTime=null, EndDateTime=null, ServiceEndTimeZone=null, Description=Powertech Identity & Access Manager (BoKS) &#124; Standard, TotalLineAmount=301.75, TotalAdjustmentAmount=-45.2625, TotalLineAdjustmentAmount=0.0, TotalAdjustmentDistAmount=0.0, TotalAdjustmentTaxAmount=0.0, TotalLineAdjustmentTaxAmount=0.0, TotalAdjustmentDistTaxAmount=0.0, TotalLineTaxAmount=0.0, TotalTaxAmount=0.0, RoundedLineAmount=301.75, AdjustedLineAmount=256.4875, TotalAdjustedLineTaxAmount=0.0, RoundedLineAmtWithTax=301.75, TotalAdjustmentAmtWithTax=-45.2625, AdjustedLineAmtWithTax=256.4875, TotalLineAdjustmentAmtWithTax=0.0, TotalAdjustmentDistAmtWithTax=0.0, TotalAmtWithTax=256.4875, OrderDeliveryGroupId=null, RelatedOrderItemId=null, Type=null, TypeCode=null, TaxTreatmentId=null, LegalEntityId=0fwWC000000034LYAQ, BillingTreatmentId=null, ProductSellingModelId=0jPWC00000005yz2AA, OrderActionId=8OAWC000002SOpS4AW, ProrationPolicyId=null, PeriodBoundary=null, PeriodBoundaryStartMonth=null, PeriodBoundaryDay=null, PricingTermCount=0.0, NetUnitPrice=256.4875, BillingFrequency2=null, ParentOrderItemId=null, Status=null, LineNumber=2, CreatedDate=2026-06-15 14:12:47, CreatedById=005a500001SfRd7AAF, LastModifiedDate=2026-06-15 17:37:45, LastModifiedById=005WC00000MgTN2YAN, SystemModstamp=2026-06-15 17:37:45, OrderItemNumber=0000564382, PriceWaterfallIdentifier=802WC00000OpoppYAB:149322018783677, StartQuantity=0.0, EndQuantity=1.0, NetTotalPrice=256.4875, Discount=null, DiscountAmount=null, PartnerDiscountPercent=15.0, PartnerUnitPrice=301.75, ValidationResult=null, EarliestEstimatedDeliveryDate=null, LatestEstimatedDeliveryDate=null, EarliestEstimatedDeliveryTime=null, LatestEstimatedDeliveryTime=null, EstimatedDeliveryReference=null, EstimatedDeliveryTimeZone=null, CustomProductName=null, SubscriptionTerm=null, OrderItemGroupId=null, SegmentIdentifier=null, SegmentType=null, SegmentName=null, IsPrimarySegment=false, OrderItemRecipientId=null, RampIdentifier=null, QuantityUnitOfMeasureId=null, UnitPriceUplift=null, BindingInstanceTargetId=null, PricingContractId=null, RevenueCloudPackagingFlag=CP, IsOrderItemLocked=false, RelatedChangeIdentifier=null, SupplementalChangeType=null, AggregatedQuantity=1.0, BatchIdentifier=null, DoesAutomaticallyRenew=false, Margin=null, MarginAmount=null, UnitCost=null, TotalCost=null, TotalAdjustment=null, TotalMargin=null, TotalMarginAmount=null, PriceRevisionPolicyId=null, ReplacementGroupId=null, Currency__c=USD, Workday_Sync_Correlation_Id__c=null, Workday_Sync_Message__c=null, Workday_Sync_Payload__c=null, Workday_Sync_Status__c=null, Multiple_Element_Rev_Alloc_Value__c=false, Workday_Revenue_Category__c=null, Billing_Schedule_From_Date__c=2026-06-15 00:00:00, Billing_Schedule_To_Date__c=2026-06-15 00:00:00, Custom_Product_Name__c=null, Ship_To_Address__c=null, Legacy_Id__c=null, DoNotExpand__c=false, Royalty_Amount__c=null, Exchange_Rate_To_USD__c=null, gsOrderDetailID__c=null, gsOrderID__c=null, Asset__c=null, Entitlement__c=null, Feature_Code__c=null, Freight_Terms__c=null, GSA__c=false, Hardware_ID__c=null, Hardware__c=null, Hostname__c=null, Instances__c=null, Is_Term__c=false, COLA_Uplift_Percent__c=null, End_Date_Calculated__c=2026-06-15 00:00:00, Legacy_Source__c=null, MSP_End_User__c=null, MYCAP__c=false, Maintenance_Discount_Percent__c=null, Manual_Discount__c=null, Migration_Change__c=null, Model__c=null, Number_of_Processors__c=null, Order_Is_Price_Locked__c=false, Override_Discount_Amount__c=null, Override_Discount_Percentage__c=null, Partition__c=null, Partner_Discount_Type__c=null, Price_Overriden__c=false, Prior_Feature_Code__c=null, Prior_Group_Number__c=null, Prior_Model__c=null, Prior_Number_of_Processors__c=null, Prior_Serial_Number__c=null, Product_Sale_Type__c=null, Product_type__c=null, Quantity_Back_Ordered__c=null, Quantity_Shipped__c=null, RSM_Discount_Percent__c=null, RSM__c=null, Requested_Delivery_Date__c=null, Sales_Support_Notes__c=null, Sequence_Number__c=null, Server_Type_Discount_Percent__c=null, Skip_Price_Calculation__c=false, Swap__c=false, System_Type__c=null, Tax_Code__c=null, Units__c=null, Uplift_Percent__c=null, Version_Number__c=null, Fortra_Product_Type__c=Perpetual, Year_After_StartDate__c=false, Two_Years_After_Start_Date__c=false, Order_Line_ARR__c=null, Base_Price__c=null, Displaced_ARR__c=null, Is_Split_Line__c=false, Original_Order_Item__c=null, Partition_Record__c=null, Quote_Legal_Entity__c=Fortra, LLC*, Serial_Number__c=null, AllowRegionalPricing__c=false, Attribute_Multiplier_Pct__c=null, Attribute_Price_Mode__c=null, COLACalculatedPrice__c=null, Has_Attribute_Adjustment__c=false, RegionalNetUnitPrice__c=null, Quote_Line_Discount_Reason__c=null, Billing_Frequency__c=Yearly_Billing_Template, Order_Line_NARR_Calculated__c=0.0, Workday_Contract_Line_Reference_ID__c=null, LPAR_Number__c=null, LPAR_System_Name__c=null, Workday_Contract_Line_Type__c=FIXED AMOUNT, Start_Date_Calculated__c=2026-06-15 00:00:00, LegacyQuoteLineDiscount__c=null, LIC_Fair_Value_Amount__c=null, MAINT_Fair_Value_Amount__c=null, Source_List_Price__c=null, Prior_Discretionary_Discount__c=null, Prior_Partner_Discount__c=null, NetTotalPrice_Calculated__c=256.49}
10:38:34.413 (4439492841)|FLOW_ELEMENT_BEGIN|14025a77c9c6976ac6f11fbf58819ecc4100db-3baa|FlowDecision|Perpetual
10:38:34.413 (4439512950)|FLOW_ELEMENT_DEFERRED|FlowDecision|Perpetual
10:38:34.413 (4439564454)|FLOW_ELEMENT_LIMIT_USAGE|4 ms CPU time, total 2265 out of 15000
10:38:34.413 (4439572438)|FLOW_ELEMENT_END|14025a77c9c6976ac6f11fbf58819ecc4100db-3baa|FlowDecision|Perpetual
10:38:34.413 (4439634208)|FLOW_START_INTERVIEW_END|14025a77c9c6976ac6f11fbf58819ecc4100db-3baa|Fortra &#124; OrderItem &#124; Set Dates
10:38:34.413 (4439649755)|FLOW_START_INTERVIEW_BEGIN|14125a77c9c6976ac6f11fbf58819ecc4100db-3bab|Fortra &#124; OrderItem &#124; Set Dates
10:38:34.413 (4439675477)|FLOW_START_INTERVIEW_LIMIT_USAGE|SOQL queries: 0 out of 100
10:38:34.413 (4439683132)|FLOW_START_INTERVIEW_LIMIT_USAGE|SOQL query rows: 0 out of 50000
10:38:34.413 (4439697724)|FLOW_START_INTERVIEW_LIMIT_USAGE|SOSL queries: 0 out of 20
10:38:34.413 (4439705495)|FLOW_START_INTERVIEW_LIMIT_USAGE|DML statements: 0 out of 150
10:38:34.413 (4439711844)|FLOW_START_INTERVIEW_LIMIT_USAGE|DML rows: 0 out of 10000
10:38:34.413 (4439718087)|FLOW_START_INTERVIEW_LIMIT_USAGE|CPU time in ms: 2265 out of 15000
10:38:34.413 (4439725011)|FLOW_START_INTERVIEW_LIMIT_USAGE|Heap size in bytes: 0 out of 6000000
10:38:34.413 (4439731033)|FLOW_START_INTERVIEW_LIMIT_USAGE|Callouts: 0 out of 100
10:38:34.413 (4439737057)|FLOW_START_INTERVIEW_LIMIT_USAGE|Email invocations: 0 out of 10
10:38:34.413 (4439742501)|FLOW_START_INTERVIEW_LIMIT_USAGE|Future calls: 0 out of 50
10:38:34.413 (4439748033)|FLOW_START_INTERVIEW_LIMIT_USAGE|Jobs in queue: 0 out of 50
10:38:34.413 (4439753635)|FLOW_START_INTERVIEW_LIMIT_USAGE|Push notifications: 0 out of 10
10:38:34.413 (4443119022)|FLOW_VALUE_ASSIGNMENT|14125a77c9c6976ac6f11fbf58819ecc4100db-3bab|$Record|{Id=802WC00000OpopqYAB, Product2Id=01tWC00000DD1bsYAD, IsDeleted=false, OrderId=801WC00000knHDLYA2, PricebookEntryId=01uWC000005wsbUYAQ, OriginalOrderItemId=null, QuoteLineItemId=0QLWC000003ehR84AI, AvailableQuantity=0.0, Quantity=0.0, CurrencyIsoCode=USD, UnitPrice=null, ListPrice=0.0, TotalPrice=0.0, BillingReference2=802WC00000OZLOrYAP, ServiceDate=2026-06-15 00:00:00, ServiceTime=00:00:00.000Z, ServiceDateTime=null, EndDate=null, EndTime=null, EndDateTime=null, ServiceEndTimeZone=GMT, Description=Powertech Identity & Access Manager (BoKS)-NewMaintenance &#124; Standard, TotalLineAmount=0.0, TotalAdjustmentAmount=0.0, TotalLineAdjustmentAmount=0.0, TotalAdjustmentDistAmount=0.0, TotalAdjustmentTaxAmount=0.0, TotalLineAdjustmentTaxAmount=0.0, TotalAdjustmentDistTaxAmount=0.0, TotalLineTaxAmount=0.0, TotalTaxAmount=0.0, RoundedLineAmount=0.0, AdjustedLineAmount=0.0, TotalAdjustedLineTaxAmount=0.0, RoundedLineAmtWithTax=0.0, TotalAdjustmentAmtWithTax=0.0, AdjustedLineAmtWithTax=0.0, TotalLineAdjustmentAmtWithTax=0.0, TotalAdjustmentDistAmtWithTax=0.0, TotalAmtWithTax=0.0, OrderDeliveryGroupId=null, RelatedOrderItemId=null, Type=null, TypeCode=null, TaxTreatmentId=null, LegalEntityId=0fwWC000000034LYAQ, BillingTreatmentId=1BTWC000000Mdh34AC, ProductSellingModelId=0jPWC00000005yz2AA, OrderActionId=8OAWC000002SOpR4AW, ProrationPolicyId=null, PeriodBoundary=null, PeriodBoundaryStartMonth=null, PeriodBoundaryDay=null, PricingTermCount=null, NetUnitPrice=null, BillingFrequency2=null, ParentOrderItemId=null, Status=null, LineNumber=3, CreatedDate=2026-06-15 14:12:47, CreatedById=005a500001SfRd7AAF, LastModifiedDate=2026-06-15 17:37:45, LastModifiedById=005WC00000MgTN2YAN, SystemModstamp=2026-06-15 17:37:45, OrderItemNumber=0000564383, PriceWaterfallIdentifier=null, StartQuantity=1.0, EndQuantity=1.0, NetTotalPrice=0.0, Discount=null, DiscountAmount=null, PartnerDiscountPercent=12.0, PartnerUnitPrice=null, ValidationResult=null, EarliestEstimatedDeliveryDate=null, LatestEstimatedDeliveryDate=null, EarliestEstimatedDeliveryTime=null, LatestEstimatedDeliveryTime=null, EstimatedDeliveryReference=null, EstimatedDeliveryTimeZone=null, CustomProductName=Powertech Identity & Access Manager (BoKS)-NewMaintenance, SubscriptionTerm=null, OrderItemGroupId=null, SegmentIdentifier=null, SegmentType=null, SegmentName=null, IsPrimarySegment=false, OrderItemRecipientId=null, RampIdentifier=null, QuantityUnitOfMeasureId=null, UnitPriceUplift=null, BindingInstanceTargetId=null, PricingContractId=null, RevenueCloudPackagingFlag=P, IsOrderItemLocked=false, RelatedChangeIdentifier=null, SupplementalChangeType=null, AggregatedQuantity=null, BatchIdentifier=null, DoesAutomaticallyRenew=false, Margin=null, MarginAmount=null, UnitCost=null, TotalCost=null, TotalAdjustment=null, TotalMargin=null, TotalMarginAmount=null, PriceRevisionPolicyId=null, ReplacementGroupId=null, Currency__c=USD, Workday_Sync_Correlation_Id__c=null, Workday_Sync_Message__c=null, Workday_Sync_Payload__c=null, Workday_Sync_Status__c=null, Multiple_Element_Rev_Alloc_Value__c=false, Workday_Revenue_Category__c=null, Billing_Schedule_From_Date__c=2026-06-15 00:00:00, Billing_Schedule_To_Date__c=2027-06-14 00:00:00, Custom_Product_Name__c=null, Ship_To_Address__c=null, Legacy_Id__c=null, DoNotExpand__c=false, Royalty_Amount__c=null, Exchange_Rate_To_USD__c=null, gsOrderDetailID__c=null, gsOrderID__c=null, Asset__c=null, Entitlement__c=null, Feature_Code__c=null, Freight_Terms__c=null, GSA__c=false, Hardware_ID__c=null, Hardware__c=null, Hostname__c=null, Instances__c=null, Is_Term__c=false, COLA_Uplift_Percent__c=null, End_Date_Calculated__c=2027-06-14 00:00:00, Legacy_Source__c=null, MSP_End_User__c=null, MYCAP__c=false, Maintenance_Discount_Percent__c=null, Manual_Discount__c=null, Migration_Change__c=null, Model__c=null, Number_of_Processors__c=null, Order_Is_Price_Locked__c=false, Override_Discount_Amount__c=null, Override_Discount_Percentage__c=null, Partition__c=null, Partner_Discount_Type__c=null, Price_Overriden__c=false, Prior_Feature_Code__c=null, Prior_Group_Number__c=null, Prior_Model__c=null, Prior_Number_of_Processors__c=null, Prior_Serial_Number__c=null, Product_Sale_Type__c=null, Product_type__c=null, Quantity_Back_Ordered__c=null, Quantity_Shipped__c=null, RSM_Discount_Percent__c=null, RSM__c=null, Requested_Delivery_Date__c=null, Sales_Support_Notes__c=null, Sequence_Number__c=null, Server_Type_Discount_Percent__c=null, Skip_Price_Calculation__c=false, Swap__c=false, System_Type__c=null, Tax_Code__c=null, Units__c=null, Uplift_Percent__c=null, Version_Number__c=null, Fortra_Product_Type__c=New Maintenance, Year_After_StartDate__c=false, Two_Years_After_Start_Date__c=false, Order_Line_ARR__c=null, Base_Price__c=355.0, Displaced_ARR__c=null, Is_Split_Line__c=false, Original_Order_Item__c=null, Partition_Record__c=null, Quote_Legal_Entity__c=Fortra, LLC*, Serial_Number__c=null, AllowRegionalPricing__c=false, Attribute_Multiplier_Pct__c=null, Attribute_Price_Mode__c=null, COLACalculatedPrice__c=null, Has_Attribute_Adjustment__c=false, RegionalNetUnitPrice__c=null, Quote_Line_Discount_Reason__c=null, Billing_Frequency__c=Yearly_Billing_Template, Order_Line_NARR_Calculated__c=0.0, Workday_Contract_Line_Reference_ID__c=null, LPAR_Number__c=null, LPAR_System_Name__c=null, Workday_Contract_Line_Type__c=FIXED AMOUNT, Start_Date_Calculated__c=2026-06-15 00:00:00, LegacyQuoteLineDiscount__c=null, LIC_Fair_Value_Amount__c=null, MAINT_Fair_Value_Amount__c=null, Source_List_Price__c=355.0, Prior_Discretionary_Discount__c=null, Prior_Partner_Discount__c=null, NetTotalPrice_Calculated__c=0.0}
10:38:34.413 (4443286096)|FLOW_ELEMENT_BEGIN|14125a77c9c6976ac6f11fbf58819ecc4100db-3bab|FlowDecision|Perpetual
10:38:34.413 (4443304674)|FLOW_ELEMENT_DEFERRED|FlowDecision|Perpetual
10:38:34.413 (4443349094)|FLOW_ELEMENT_LIMIT_USAGE|4 ms CPU time, total 2269 out of 15000
10:38:34.413 (4443355837)|FLOW_ELEMENT_END|14125a77c9c6976ac6f11fbf58819ecc4100db-3bab|FlowDecision|Perpetual
10:38:34.413 (4443408535)|FLOW_START_INTERVIEW_END|14125a77c9c6976ac6f11fbf58819ecc4100db-3bab|Fortra &#124; OrderItem &#124; Set Dates
10:38:34.413 (4443577124)|FLOW_BULK_ELEMENT_BEGIN|FlowDecision|Perpetual
10:38:34.413 (4443745196)|FLOW_RULE_DETAIL|13925a77c9c6976ac6f11fbf58819ecc4100db-3ba9|Perpetual_Outcome|false|false
10:38:34.413 (4443774619)|FLOW_VALUE_ASSIGNMENT|13925a77c9c6976ac6f11fbf58819ecc4100db-3ba9|Perpetual_Outcome|false
10:38:34.413 (4443832633)|FLOW_RULE_DETAIL|14025a77c9c6976ac6f11fbf58819ecc4100db-3baa|Perpetual_Outcome|true|false
10:38:34.413 (4443843166)|FLOW_VALUE_ASSIGNMENT|14025a77c9c6976ac6f11fbf58819ecc4100db-3baa|Perpetual_Outcome|true
10:38:34.413 (4443888603)|FLOW_RULE_DETAIL|14125a77c9c6976ac6f11fbf58819ecc4100db-3bab|Perpetual_Outcome|false|false
10:38:34.413 (4443896909)|FLOW_VALUE_ASSIGNMENT|14125a77c9c6976ac6f11fbf58819ecc4100db-3bab|Perpetual_Outcome|false
10:38:34.413 (4444077167)|FLOW_BULK_ELEMENT_END|FlowDecision|Perpetual|0|0
10:38:34.413 (4444135335)|FLOW_ELEMENT_BEGIN|13925a77c9c6976ac6f11fbf58819ecc4100db-3ba9|FlowRecordUpdate|Non_Perpetual_Set_Dates
10:38:34.413 (4444147092)|FLOW_ELEMENT_DEFERRED|FlowRecordUpdate|Non_Perpetual_Set_Dates
10:38:34.413 (4444170141)|FLOW_ELEMENT_LIMIT_USAGE|1 ms CPU time, total 2270 out of 15000
10:38:34.413 (4444180610)|FLOW_ELEMENT_END|13925a77c9c6976ac6f11fbf58819ecc4100db-3ba9|FlowRecordUpdate|Non_Perpetual_Set_Dates
10:38:34.413 (4444197388)|FLOW_ELEMENT_BEGIN|14025a77c9c6976ac6f11fbf58819ecc4100db-3baa|FlowRecordUpdate|Perpetual_Set_Dates
10:38:34.413 (4444205188)|FLOW_ELEMENT_DEFERRED|FlowRecordUpdate|Perpetual_Set_Dates
10:38:34.413 (4444216774)|FLOW_ELEMENT_END|14025a77c9c6976ac6f11fbf58819ecc4100db-3baa|FlowRecordUpdate|Perpetual_Set_Dates
10:38:34.413 (4444236439)|FLOW_ELEMENT_BEGIN|14125a77c9c6976ac6f11fbf58819ecc4100db-3bab|FlowRecordUpdate|Non_Perpetual_Set_Dates
10:38:34.413 (4444244086)|FLOW_ELEMENT_DEFERRED|FlowRecordUpdate|Non_Perpetual_Set_Dates
10:38:34.413 (4444254812)|FLOW_ELEMENT_END|14125a77c9c6976ac6f11fbf58819ecc4100db-3bab|FlowRecordUpdate|Non_Perpetual_Set_Dates
10:38:34.413 (4444336837)|FLOW_BULK_ELEMENT_BEGIN|FlowRecordUpdate|Non_Perpetual_Set_Dates
10:38:34.413 (4446137358)|FLOW_VALUE_ASSIGNMENT|13925a77c9c6976ac6f11fbf58819ecc4100db-3ba9|Non_Perpetual_Set_Dates|true
10:38:34.413 (4448719279)|FLOW_VALUE_ASSIGNMENT|13925a77c9c6976ac6f11fbf58819ecc4100db-3ba9|$Record|{Id=802WC00000OpopoYAB, Product2Id=01tWC00000DD11JYAT, IsDeleted=false, OrderId=801WC00000knHDLYA2, PricebookEntryId=01uWC000005wrrDYAQ, OriginalOrderItemId=null, QuoteLineItemId=0QLWC000003ehSj4AI, AvailableQuantity=1.0, Quantity=1.0, CurrencyIsoCode=USD, UnitPrice=94000.0, ListPrice=94000.0, TotalPrice=94000.0, BillingReference2=null, ServiceDate=2026-06-15 00:00:00, ServiceTime=00:00:00.000Z, ServiceDateTime=null, EndDate=null, EndTime=null, EndDateTime=null, ServiceEndTimeZone=GMT, Description=null, TotalLineAmount=94000.0, TotalAdjustmentAmount=0.0, TotalLineAdjustmentAmount=0.0, TotalAdjustmentDistAmount=0.0, TotalAdjustmentTaxAmount=0.0, TotalLineAdjustmentTaxAmount=0.0, TotalAdjustmentDistTaxAmount=0.0, TotalLineTaxAmount=0.0, TotalTaxAmount=0.0, RoundedLineAmount=94000.0, AdjustedLineAmount=94000.0, TotalAdjustedLineTaxAmount=0.0, RoundedLineAmtWithTax=94000.0, TotalAdjustmentAmtWithTax=0.0, AdjustedLineAmtWithTax=94000.0, TotalLineAdjustmentAmtWithTax=0.0, TotalAdjustmentDistAmtWithTax=0.0, TotalAmtWithTax=94000.0, OrderDeliveryGroupId=null, RelatedOrderItemId=null, Type=null, TypeCode=null, TaxTreatmentId=null, LegalEntityId=0fwWC000000034LYAQ, BillingTreatmentId=null, ProductSellingModelId=0jPWC000000060b2AA, OrderActionId=8OAWC000002SOpS4AW, ProrationPolicyId=0mua50000004KzRAAU, PeriodBoundary=Anniversary, PeriodBoundaryStartMonth=null, PeriodBoundaryDay=null, PricingTermCount=null, NetUnitPrice=94000.0, BillingFrequency2=Annual, ParentOrderItemId=null, Status=null, LineNumber=1, CreatedDate=2026-06-15 14:12:47, CreatedById=005a500001SfRd7AAF, LastModifiedDate=2026-06-15 17:37:45, LastModifiedById=005WC00000MgTN2YAN, SystemModstamp=2026-06-15 17:37:45, OrderItemNumber=0000564381, PriceWaterfallIdentifier=802WC00000OpopoYAB:149322018783677, StartQuantity=0.0, EndQuantity=1.0, NetTotalPrice=94000.0, Discount=null, DiscountAmount=null, PartnerDiscountPercent=null, PartnerUnitPrice=null, ValidationResult=null, EarliestEstimatedDeliveryDate=null, LatestEstimatedDeliveryDate=null, EarliestEstimatedDeliveryTime=null, LatestEstimatedDeliveryTime=null, EstimatedDeliveryReference=null, EstimatedDeliveryTimeZone=null, CustomProductName=null, SubscriptionTerm=1, OrderItemGroupId=null, SegmentIdentifier=null, SegmentType=null, SegmentName=null, IsPrimarySegment=false, OrderItemRecipientId=null, RampIdentifier=null, QuantityUnitOfMeasureId=null, UnitPriceUplift=null, BindingInstanceTargetId=null, PricingContractId=null, RevenueCloudPackagingFlag=CP, IsOrderItemLocked=false, RelatedChangeIdentifier=null, SupplementalChangeType=null, AggregatedQuantity=1.0, BatchIdentifier=null, DoesAutomaticallyRenew=false, Margin=null, MarginAmount=null, UnitCost=null, TotalCost=null, TotalAdjustment=null, TotalMargin=null, TotalMarginAmount=null, PriceRevisionPolicyId=null, ReplacementGroupId=null, Currency__c=USD, Workday_Sync_Correlation_Id__c=null, Workday_Sync_Message__c=null, Workday_Sync_Payload__c=null, Workday_Sync_Status__c=null, Multiple_Element_Rev_Alloc_Value__c=false, Workday_Revenue_Category__c=null, Billing_Schedule_From_Date__c=2026-06-15 00:00:00, Billing_Schedule_To_Date__c=2027-06-14 00:00:00, Custom_Product_Name__c=null, Ship_To_Address__c=null, Legacy_Id__c=null, DoNotExpand__c=false, Royalty_Amount__c=null, Exchange_Rate_To_USD__c=null, gsOrderDetailID__c=null, gsOrderID__c=null, Asset__c=null, Entitlement__c=null, Feature_Code__c=null, Freight_Terms__c=null, GSA__c=false, Hardware_ID__c=null, Hardware__c=null, Hostname__c=null, Instances__c=null, Is_Term__c=false, COLA_Uplift_Percent__c=null, End_Date_Calculated__c=2027-06-14 00:00:00, Legacy_Source__c=null, MSP_End_User__c=null, MYCAP__c=false, Maintenance_Discount_Percent__c=null, Manual_Discount__c=null, Migration_Change__c=null, Model__c=null, Number_of_Processors__c=null, Order_Is_Price_Locked__c=false, Override_Discount_Amount__c=null, Override_Discount_Percentage__c=null, Partition__c=null, Partner_Discount_Type__c=null, Price_Overriden__c=false, Prior_Feature_Code__c=null, Prior_Group_Number__c=null, Prior_Model__c=null, Prior_Number_of_Processors__c=null, Prior_Serial_Number__c=null, Product_Sale_Type__c=null, Product_type__c=null, Quantity_Back_Ordered__c=null, Quantity_Shipped__c=null, RSM_Discount_Percent__c=null, RSM__c=null, Requested_Delivery_Date__c=null, Sales_Support_Notes__c=null, Sequence_Number__c=null, Server_Type_Discount_Percent__c=null, Skip_Price_Calculation__c=false, Swap__c=false, System_Type__c=null, Tax_Code__c=null, Units__c=null, Uplift_Percent__c=null, Version_Number__c=null, Fortra_Product_Type__c=Subscription, Year_After_StartDate__c=false, Two_Years_After_Start_Date__c=false, Order_Line_ARR__c=null, Base_Price__c=null, Displaced_ARR__c=null, Is_Split_Line__c=false, Original_Order_Item__c=null, Partition_Record__c=null, Quote_Legal_Entity__c=Fortra, LLC*, Serial_Number__c=null, AllowRegionalPricing__c=false, Attribute_Multiplier_Pct__c=null, Attribute_Price_Mode__c=null, COLACalculatedPrice__c=null, Has_Attribute_Adjustment__c=false, RegionalNetUnitPrice__c=null, Quote_Line_Discount_Reason__c=null, Billing_Frequency__c=Yearly_Billing_Template, Order_Line_NARR_Calculated__c=0.0, Workday_Contract_Line_Reference_ID__c=null, LPAR_Number__c=null, LPAR_System_Name__c=null, Workday_Contract_Line_Type__c=FIXED AMOUNT, Start_Date_Calculated__c=2026-06-15 00:00:00, LegacyQuoteLineDiscount__c=null, LIC_Fair_Value_Amount__c=null, MAINT_Fair_Value_Amount__c=null, Source_List_Price__c=null, Prior_Discretionary_Discount__c=null, Prior_Partner_Discount__c=null, NetTotalPrice_Calculated__c=94000.0}
10:38:34.413 (4448787281)|FLOW_VALUE_ASSIGNMENT|13925a77c9c6976ac6f11fbf58819ecc4100db-3ba9|Non_Perpetual_Set_Dates__CONDITIONS_RESULT|true
10:38:34.413 (4449367932)|FLOW_VALUE_ASSIGNMENT|14125a77c9c6976ac6f11fbf58819ecc4100db-3bab|Non_Perpetual_Set_Dates|true
10:38:34.413 (4451996081)|FLOW_VALUE_ASSIGNMENT|14125a77c9c6976ac6f11fbf58819ecc4100db-3bab|$Record|{Id=802WC00000OpopqYAB, Product2Id=01tWC00000DD1bsYAD, IsDeleted=false, OrderId=801WC00000knHDLYA2, PricebookEntryId=01uWC000005wsbUYAQ, OriginalOrderItemId=null, QuoteLineItemId=0QLWC000003ehR84AI, AvailableQuantity=0.0, Quantity=0.0, CurrencyIsoCode=USD, UnitPrice=null, ListPrice=0.0, TotalPrice=0.0, BillingReference2=802WC00000OZLOrYAP, ServiceDate=2026-06-15 00:00:00, ServiceTime=00:00:00.000Z, ServiceDateTime=null, EndDate=null, EndTime=null, EndDateTime=null, ServiceEndTimeZone=GMT, Description=Powertech Identity & Access Manager (BoKS)-NewMaintenance &#124; Standard, TotalLineAmount=0.0, TotalAdjustmentAmount=0.0, TotalLineAdjustmentAmount=0.0, TotalAdjustmentDistAmount=0.0, TotalAdjustmentTaxAmount=0.0, TotalLineAdjustmentTaxAmount=0.0, TotalAdjustmentDistTaxAmount=0.0, TotalLineTaxAmount=0.0, TotalTaxAmount=0.0, RoundedLineAmount=0.0, AdjustedLineAmount=0.0, TotalAdjustedLineTaxAmount=0.0, RoundedLineAmtWithTax=0.0, TotalAdjustmentAmtWithTax=0.0, AdjustedLineAmtWithTax=0.0, TotalLineAdjustmentAmtWithTax=0.0, TotalAdjustmentDistAmtWithTax=0.0, TotalAmtWithTax=0.0, OrderDeliveryGroupId=null, RelatedOrderItemId=null, Type=null, TypeCode=null, TaxTreatmentId=null, LegalEntityId=0fwWC000000034LYAQ, BillingTreatmentId=1BTWC000000Mdh34AC, ProductSellingModelId=0jPWC00000005yz2AA, OrderActionId=8OAWC000002SOpR4AW, ProrationPolicyId=null, PeriodBoundary=null, PeriodBoundaryStartMonth=null, PeriodBoundaryDay=null, PricingTermCount=null, NetUnitPrice=null, BillingFrequency2=null, ParentOrderItemId=null, Status=null, LineNumber=3, CreatedDate=2026-06-15 14:12:47, CreatedById=005a500001SfRd7AAF, LastModifiedDate=2026-06-15 17:37:45, LastModifiedById=005WC00000MgTN2YAN, SystemModstamp=2026-06-15 17:37:45, OrderItemNumber=0000564383, PriceWaterfallIdentifier=null, StartQuantity=1.0, EndQuantity=1.0, NetTotalPrice=0.0, Discount=null, DiscountAmount=null, PartnerDiscountPercent=12.0, PartnerUnitPrice=null, ValidationResult=null, EarliestEstimatedDeliveryDate=null, LatestEstimatedDeliveryDate=null, EarliestEstimatedDeliveryTime=null, LatestEstimatedDeliveryTime=null, EstimatedDeliveryReference=null, EstimatedDeliveryTimeZone=null, CustomProductName=Powertech Identity & Access Manager (BoKS)-NewMaintenance, SubscriptionTerm=null, OrderItemGroupId=null, SegmentIdentifier=null, SegmentType=null, SegmentName=null, IsPrimarySegment=false, OrderItemRecipientId=null, RampIdentifier=null, QuantityUnitOfMeasureId=null, UnitPriceUplift=null, BindingInstanceTargetId=null, PricingContractId=null, RevenueCloudPackagingFlag=P, IsOrderItemLocked=false, RelatedChangeIdentifier=null, SupplementalChangeType=null, AggregatedQuantity=null, BatchIdentifier=null, DoesAutomaticallyRenew=false, Margin=null, MarginAmount=null, UnitCost=null, TotalCost=null, TotalAdjustment=null, TotalMargin=null, TotalMarginAmount=null, PriceRevisionPolicyId=null, ReplacementGroupId=null, Currency__c=USD, Workday_Sync_Correlation_Id__c=null, Workday_Sync_Message__c=null, Workday_Sync_Payload__c=null, Workday_Sync_Status__c=null, Multiple_Element_Rev_Alloc_Value__c=false, Workday_Revenue_Category__c=null, Billing_Schedule_From_Date__c=2026-06-15 00:00:00, Billing_Schedule_To_Date__c=2027-06-14 00:00:00, Custom_Product_Name__c=null, Ship_To_Address__c=null, Legacy_Id__c=null, DoNotExpand__c=false, Royalty_Amount__c=null, Exchange_Rate_To_USD__c=null, gsOrderDetailID__c=null, gsOrderID__c=null, Asset__c=null, Entitlement__c=null, Feature_Code__c=null, Freight_Terms__c=null, GSA__c=false, Hardware_ID__c=null, Hardware__c=null, Hostname__c=null, Instances__c=null, Is_Term__c=false, COLA_Uplift_Percent__c=null, End_Date_Calculated__c=2027-06-14 00:00:00, Legacy_Source__c=null, MSP_End_User__c=null, MYCAP__c=false, Maintenance_Discount_Percent__c=null, Manual_Discount__c=null, Migration_Change__c=null, Model__c=null, Number_of_Processors__c=null, Order_Is_Price_Locked__c=false, Override_Discount_Amount__c=null, Override_Discount_Percentage__c=null, Partition__c=null, Partner_Discount_Type__c=null, Price_Overriden__c=false, Prior_Feature_Code__c=null, Prior_Group_Number__c=null, Prior_Model__c=null, Prior_Number_of_Processors__c=null, Prior_Serial_Number__c=null, Product_Sale_Type__c=null, Product_type__c=null, Quantity_Back_Ordered__c=null, Quantity_Shipped__c=null, RSM_Discount_Percent__c=null, RSM__c=null, Requested_Delivery_Date__c=null, Sales_Support_Notes__c=null, Sequence_Number__c=null, Server_Type_Discount_Percent__c=null, Skip_Price_Calculation__c=false, Swap__c=false, System_Type__c=null, Tax_Code__c=null, Units__c=null, Uplift_Percent__c=null, Version_Number__c=null, Fortra_Product_Type__c=New Maintenance, Year_After_StartDate__c=false, Two_Years_After_Start_Date__c=false, Order_Line_ARR__c=null, Base_Price__c=355.0, Displaced_ARR__c=null, Is_Split_Line__c=false, Original_Order_Item__c=null, Partition_Record__c=null, Quote_Legal_Entity__c=Fortra, LLC*, Serial_Number__c=null, AllowRegionalPricing__c=false, Attribute_Multiplier_Pct__c=null, Attribute_Price_Mode__c=null, COLACalculatedPrice__c=null, Has_Attribute_Adjustment__c=false, RegionalNetUnitPrice__c=null, Quote_Line_Discount_Reason__c=null, Billing_Frequency__c=Yearly_Billing_Template, Order_Line_NARR_Calculated__c=0.0, Workday_Contract_Line_Reference_ID__c=null, LPAR_Number__c=null, LPAR_System_Name__c=null, Workday_Contract_Line_Type__c=FIXED AMOUNT, Start_Date_Calculated__c=2026-06-15 00:00:00, LegacyQuoteLineDiscount__c=null, LIC_Fair_Value_Amount__c=null, MAINT_Fair_Value_Amount__c=null, Source_List_Price__c=355.0, Prior_Discretionary_Discount__c=null, Prior_Partner_Discount__c=null, NetTotalPrice_Calculated__c=0.0}
10:38:34.413 (4452060234)|FLOW_VALUE_ASSIGNMENT|14125a77c9c6976ac6f11fbf58819ecc4100db-3bab|Non_Perpetual_Set_Dates__CONDITIONS_RESULT|true
10:38:34.413 (4452250113)|FLOW_BULK_ELEMENT_LIMIT_USAGE|7 ms CPU time, total 2277 out of 15000
10:38:34.413 (4452267636)|FLOW_BULK_ELEMENT_END|FlowRecordUpdate|Non_Perpetual_Set_Dates|0|7
10:38:34.413 (4452597405)|FLOW_BULK_ELEMENT_BEGIN|FlowRecordUpdate|Perpetual_Set_Dates
10:38:34.413 (4452967314)|FLOW_VALUE_ASSIGNMENT|14025a77c9c6976ac6f11fbf58819ecc4100db-3baa|Perpetual_Set_Dates|true
10:38:34.413 (4452974017)|FLOW_VALUE_ASSIGNMENT|14025a77c9c6976ac6f11fbf58819ecc4100db-3baa|Perpetual_Set_Dates__CONDITIONS_RESULT|true
10:38:34.413 (4455428341)|FLOW_VALUE_ASSIGNMENT|14025a77c9c6976ac6f11fbf58819ecc4100db-3baa|$Record|{Id=802WC00000OpoppYAB, Product2Id=01tWC00000DD1btYAD, IsDeleted=false, OrderId=801WC00000knHDLYA2, PricebookEntryId=01uWC000005ws8MYAQ, OriginalOrderItemId=null, QuoteLineItemId=0QLWC000003ehR74AI, AvailableQuantity=1.0, Quantity=1.0, CurrencyIsoCode=USD, UnitPrice=301.75, ListPrice=355.0, TotalPrice=256.4875, BillingReference2=null, ServiceDate=null, ServiceTime=null, ServiceDateTime=null, EndDate=null, EndTime=null, EndDateTime=null, ServiceEndTimeZone=null, Description=Powertech Identity & Access Manager (BoKS) &#124; Standard, TotalLineAmount=301.75, TotalAdjustmentAmount=-45.2625, TotalLineAdjustmentAmount=0.0, TotalAdjustmentDistAmount=0.0, TotalAdjustmentTaxAmount=0.0, TotalLineAdjustmentTaxAmount=0.0, TotalAdjustmentDistTaxAmount=0.0, TotalLineTaxAmount=0.0, TotalTaxAmount=0.0, RoundedLineAmount=301.75, AdjustedLineAmount=256.4875, TotalAdjustedLineTaxAmount=0.0, RoundedLineAmtWithTax=301.75, TotalAdjustmentAmtWithTax=-45.2625, AdjustedLineAmtWithTax=256.4875, TotalLineAdjustmentAmtWithTax=0.0, TotalAdjustmentDistAmtWithTax=0.0, TotalAmtWithTax=256.4875, OrderDeliveryGroupId=null, RelatedOrderItemId=null, Type=null, TypeCode=null, TaxTreatmentId=null, LegalEntityId=0fwWC000000034LYAQ, BillingTreatmentId=null, ProductSellingModelId=0jPWC00000005yz2AA, OrderActionId=8OAWC000002SOpS4AW, ProrationPolicyId=null, PeriodBoundary=null, PeriodBoundaryStartMonth=null, PeriodBoundaryDay=null, PricingTermCount=0.0, NetUnitPrice=256.4875, BillingFrequency2=null, ParentOrderItemId=null, Status=null, LineNumber=2, CreatedDate=2026-06-15 14:12:47, CreatedById=005a500001SfRd7AAF, LastModifiedDate=2026-06-15 17:37:45, LastModifiedById=005WC00000MgTN2YAN, SystemModstamp=2026-06-15 17:37:45, OrderItemNumber=0000564382, PriceWaterfallIdentifier=802WC00000OpoppYAB:149322018783677, StartQuantity=0.0, EndQuantity=1.0, NetTotalPrice=256.4875, Discount=null, DiscountAmount=null, PartnerDiscountPercent=15.0, PartnerUnitPrice=301.75, ValidationResult=null, EarliestEstimatedDeliveryDate=null, LatestEstimatedDeliveryDate=null, EarliestEstimatedDeliveryTime=null, LatestEstimatedDeliveryTime=null, EstimatedDeliveryReference=null, EstimatedDeliveryTimeZone=null, CustomProductName=null, SubscriptionTerm=null, OrderItemGroupId=null, SegmentIdentifier=null, SegmentType=null, SegmentName=null, IsPrimarySegment=false, OrderItemRecipientId=null, RampIdentifier=null, QuantityUnitOfMeasureId=null, UnitPriceUplift=null, BindingInstanceTargetId=null, PricingContractId=null, RevenueCloudPackagingFlag=CP, IsOrderItemLocked=false, RelatedChangeIdentifier=null, SupplementalChangeType=null, AggregatedQuantity=1.0, BatchIdentifier=null, DoesAutomaticallyRenew=false, Margin=null, MarginAmount=null, UnitCost=null, TotalCost=null, TotalAdjustment=null, TotalMargin=null, TotalMarginAmount=null, PriceRevisionPolicyId=null, ReplacementGroupId=null, Currency__c=USD, Workday_Sync_Correlation_Id__c=null, Workday_Sync_Message__c=null, Workday_Sync_Payload__c=null, Workday_Sync_Status__c=null, Multiple_Element_Rev_Alloc_Value__c=false, Workday_Revenue_Category__c=null, Billing_Schedule_From_Date__c=2026-06-15 00:00:00, Billing_Schedule_To_Date__c=2026-06-15 00:00:00, Custom_Product_Name__c=null, Ship_To_Address__c=null, Legacy_Id__c=null, DoNotExpand__c=false, Royalty_Amount__c=null, Exchange_Rate_To_USD__c=null, gsOrderDetailID__c=null, gsOrderID__c=null, Asset__c=null, Entitlement__c=null, Feature_Code__c=null, Freight_Terms__c=null, GSA__c=false, Hardware_ID__c=null, Hardware__c=null, Hostname__c=null, Instances__c=null, Is_Term__c=false, COLA_Uplift_Percent__c=null, End_Date_Calculated__c=2026-06-15 00:00:00, Legacy_Source__c=null, MSP_End_User__c=null, MYCAP__c=false, Maintenance_Discount_Percent__c=null, Manual_Discount__c=null, Migration_Change__c=null, Model__c=null, Number_of_Processors__c=null, Order_Is_Price_Locked__c=false, Override_Discount_Amount__c=null, Override_Discount_Percentage__c=null, Partition__c=null, Partner_Discount_Type__c=null, Price_Overriden__c=false, Prior_Feature_Code__c=null, Prior_Group_Number__c=null, Prior_Model__c=null, Prior_Number_of_Processors__c=null, Prior_Serial_Number__c=null, Product_Sale_Type__c=null, Product_type__c=null, Quantity_Back_Ordered__c=null, Quantity_Shipped__c=null, RSM_Discount_Percent__c=null, RSM__c=null, Requested_Delivery_Date__c=null, Sales_Support_Notes__c=null, Sequence_Number__c=null, Server_Type_Discount_Percent__c=null, Skip_Price_Calculation__c=false, Swap__c=false, System_Type__c=null, Tax_Code__c=null, Units__c=null, Uplift_Percent__c=null, Version_Number__c=null, Fortra_Product_Type__c=Perpetual, Year_After_StartDate__c=false, Two_Years_After_Start_Date__c=false, Order_Line_ARR__c=null, Base_Price__c=null, Displaced_ARR__c=null, Is_Split_Line__c=false, Original_Order_Item__c=null, Partition_Record__c=null, Quote_Legal_Entity__c=Fortra, LLC*, Serial_Number__c=null, AllowRegionalPricing__c=false, Attribute_Multiplier_Pct__c=null, Attribute_Price_Mode__c=null, COLACalculatedPrice__c=null, Has_Attribute_Adjustment__c=false, RegionalNetUnitPrice__c=null, Quote_Line_Discount_Reason__c=null, Billing_Frequency__c=Yearly_Billing_Template, Order_Line_NARR_Calculated__c=0.0, Workday_Contract_Line_Reference_ID__c=null, LPAR_Number__c=null, LPAR_System_Name__c=null, Workday_Contract_Line_Type__c=FIXED AMOUNT, Start_Date_Calculated__c=2026-06-15 00:00:00, LegacyQuoteLineDiscount__c=null, LIC_Fair_Value_Amount__c=null, MAINT_Fair_Value_Amount__c=null, Source_List_Price__c=null, Prior_Discretionary_Discount__c=null, Prior_Partner_Discount__c=null, NetTotalPrice_Calculated__c=256.49}
10:38:34.413 (4455636250)|FLOW_BULK_ELEMENT_LIMIT_USAGE|4 ms CPU time, total 2281 out of 15000
10:38:34.413 (4455652441)|FLOW_BULK_ELEMENT_END|FlowRecordUpdate|Perpetual_Set_Dates|0|2
10:38:34.413 (4455912577)|FLOW_START_INTERVIEWS_END|3
10:38:34.413 (4456268149)|FLOW_INTERVIEW_FINISHED|13925a77c9c6976ac6f11fbf58819ecc4100db-3ba9|Fortra &#124; OrderItem &#124; Set Dates
10:38:34.413 (4456301140)|FLOW_INTERVIEW_FINISHED_LIMIT_USAGE|SOQL queries: 0 out of 100
10:38:34.413 (4456308480)|FLOW_INTERVIEW_FINISHED_LIMIT_USAGE|SOQL query rows: 0 out of 50000
10:38:34.413 (4456314632)|FLOW_INTERVIEW_FINISHED_LIMIT_USAGE|SOSL queries: 0 out of 20
10:38:34.413 (4456320183)|FLOW_INTERVIEW_FINISHED_LIMIT_USAGE|DML statements: 0 out of 150
10:38:34.413 (4456324866)|FLOW_INTERVIEW_FINISHED_LIMIT_USAGE|DML rows: 0 out of 10000
10:38:34.413 (4456330097)|FLOW_INTERVIEW_FINISHED_LIMIT_USAGE|CPU time in ms: 2281 out of 15000
10:38:34.413 (4456337989)|FLOW_INTERVIEW_FINISHED_LIMIT_USAGE|Heap size in bytes: 0 out of 6000000
10:38:34.413 (4456342749)|FLOW_INTERVIEW_FINISHED_LIMIT_USAGE|Callouts: 0 out of 100
10:38:34.413 (4456347833)|FLOW_INTERVIEW_FINISHED_LIMIT_USAGE|Email invocations: 0 out of 10
10:38:34.413 (4456352205)|FLOW_INTERVIEW_FINISHED_LIMIT_USAGE|Future calls: 0 out of 50
10:38:34.413 (4456356528)|FLOW_INTERVIEW_FINISHED_LIMIT_USAGE|Jobs in queue: 0 out of 50
10:38:34.413 (4456361602)|FLOW_INTERVIEW_FINISHED|14025a77c9c6976ac6f11fbf58819ecc4100db-3baa|Fortra &#124; OrderItem &#124; Set Dates
10:38:34.413 (4456369438)|FLOW_INTERVIEW_FINISHED_LIMIT_USAGE|SOQL queries: 0 out of 100
10:38:34.413 (4456374030)|FLOW_INTERVIEW_FINISHED_LIMIT_USAGE|SOQL query rows: 0 out of 50000
10:38:34.413 (4456378506)|FLOW_INTERVIEW_FINISHED_LIMIT_USAGE|SOSL queries: 0 out of 20
10:38:34.413 (4456382881)|FLOW_INTERVIEW_FINISHED_LIMIT_USAGE|DML statements: 0 out of 150
10:38:34.413 (4456387284)|FLOW_INTERVIEW_FINISHED_LIMIT_USAGE|DML rows: 0 out of 10000
10:38:34.413 (4456391931)|FLOW_INTERVIEW_FINISHED_LIMIT_USAGE|CPU time in ms: 2281 out of 15000
10:38:34.413 (4456396446)|FLOW_INTERVIEW_FINISHED_LIMIT_USAGE|Heap size in bytes: 0 out of 6000000
10:38:34.413 (4456401076)|FLOW_INTERVIEW_FINISHED_LIMIT_USAGE|Callouts: 0 out of 100
10:38:34.413 (4456405411)|FLOW_INTERVIEW_FINISHED_LIMIT_USAGE|Email invocations: 0 out of 10
10:38:34.413 (4456409561)|FLOW_INTERVIEW_FINISHED_LIMIT_USAGE|Future calls: 0 out of 50
10:38:34.413 (4456413947)|FLOW_INTERVIEW_FINISHED_LIMIT_USAGE|Jobs in queue: 0 out of 50
10:38:34.413 (4456418225)|FLOW_INTERVIEW_FINISHED|14125a77c9c6976ac6f11fbf58819ecc4100db-3bab|Fortra &#124; OrderItem &#124; Set Dates
10:38:34.413 (4456425686)|FLOW_INTERVIEW_FINISHED_LIMIT_USAGE|SOQL queries: 0 out of 100
10:38:34.413 (4456430002)|FLOW_INTERVIEW_FINISHED_LIMIT_USAGE|SOQL query rows: 0 out of 50000
10:38:34.413 (4456434544)|FLOW_INTERVIEW_FINISHED_LIMIT_USAGE|SOSL queries: 0 out of 20
10:38:34.413 (4456446339)|FLOW_INTERVIEW_FINISHED_LIMIT_USAGE|DML statements: 0 out of 150
10:38:34.413 (4456508393)|FLOW_INTERVIEW_FINISHED_LIMIT_USAGE|DML rows: 0 out of 10000
10:38:34.413 (4456513246)|FLOW_INTERVIEW_FINISHED_LIMIT_USAGE|CPU time in ms: 2281 out of 15000
10:38:34.413 (4456518351)|FLOW_INTERVIEW_FINISHED_LIMIT_USAGE|Heap size in bytes: 0 out of 6000000
10:38:34.413 (4456522674)|FLOW_INTERVIEW_FINISHED_LIMIT_USAGE|Callouts: 0 out of 100
10:38:34.413 (4456527060)|FLOW_INTERVIEW_FINISHED_LIMIT_USAGE|Email invocations: 0 out of 10
10:38:34.413 (4456531283)|FLOW_INTERVIEW_FINISHED_LIMIT_USAGE|Future calls: 0 out of 50
10:38:34.413 (4456535600)|FLOW_INTERVIEW_FINISHED_LIMIT_USAGE|Jobs in queue: 0 out of 50
10:38:34.411 (4459483850)|CODE_UNIT_FINISHED|Flow:OrderItem
10:38:34.411 (4459511130)|EXECUTION_FINISHED
10:38:34.573 (4573487075)|USER_INFO|[EXTERNAL]|005WC00000MgTN2|liam.jeong.c@fortra.com.uat|(GMT-07:00) Pacific Daylight Time (America/Los_Angeles)|GMT-07:00
10:38:34.573 (4573514577)|EXECUTION_STARTED
10:38:34.573 (4573524846)|CODE_UNIT_STARTED|[EXTERNAL]|Flow:OrderItem
10:38:34.576 (4576021571)|FLOW_CREATE_INTERVIEW_BEGIN|00DWC000006eUFF|300WC00000RTPQ6|301WC00000jd3c3
10:38:34.576 (4576150886)|FLOW_CREATE_INTERVIEW_END|14225a77c9c6976ac6f11fbf58819ecc4100db-3bac|(Deprecated)Fortra &#124; Autolaunched &#124; Set Workday Contract Line Type
10:38:34.576 (4576158377)|FLOW_CREATE_INTERVIEW_END|14325a77c9c6976ac6f11fbf58819ecc4100db-3bad|(Deprecated)Fortra &#124; Autolaunched &#124; Set Workday Contract Line Type
10:38:34.576 (4576162124)|FLOW_CREATE_INTERVIEW_END|14425a77c9c6976ac6f11fbf58819ecc4100db-3bae|(Deprecated)Fortra &#124; Autolaunched &#124; Set Workday Contract Line Type
10:38:34.577 (4577041471)|FLOW_START_INTERVIEWS_BEGIN|3
10:38:34.577 (4577086467)|FLOW_START_INTERVIEW_BEGIN|14225a77c9c6976ac6f11fbf58819ecc4100db-3bac|(Deprecated)Fortra &#124; Autolaunched &#124; Set Workday Contract Line Type
10:38:34.577 (4577147334)|FLOW_START_INTERVIEW_LIMIT_USAGE|SOQL queries: 0 out of 100
10:38:34.577 (4577156574)|FLOW_START_INTERVIEW_LIMIT_USAGE|SOQL query rows: 0 out of 50000
10:38:34.577 (4577163247)|FLOW_START_INTERVIEW_LIMIT_USAGE|SOSL queries: 0 out of 20
10:38:34.577 (4577168760)|FLOW_START_INTERVIEW_LIMIT_USAGE|DML statements: 0 out of 150
10:38:34.577 (4577173524)|FLOW_START_INTERVIEW_LIMIT_USAGE|DML rows: 0 out of 10000
10:38:34.577 (4577179717)|FLOW_START_INTERVIEW_LIMIT_USAGE|CPU time in ms: 2338 out of 15000
10:38:34.577 (4577192843)|FLOW_START_INTERVIEW_LIMIT_USAGE|Heap size in bytes: 0 out of 6000000
10:38:34.577 (4577198057)|FLOW_START_INTERVIEW_LIMIT_USAGE|Callouts: 0 out of 100
10:38:34.577 (4577203477)|FLOW_START_INTERVIEW_LIMIT_USAGE|Email invocations: 0 out of 10
10:38:34.577 (4577208708)|FLOW_START_INTERVIEW_LIMIT_USAGE|Future calls: 0 out of 50
10:38:34.577 (4577214189)|FLOW_START_INTERVIEW_LIMIT_USAGE|Jobs in queue: 0 out of 50
10:38:34.577 (4577220224)|FLOW_START_INTERVIEW_LIMIT_USAGE|Push notifications: 0 out of 10
10:38:34.577 (4580150510)|FLOW_VALUE_ASSIGNMENT|14225a77c9c6976ac6f11fbf58819ecc4100db-3bac|$Record|{Id=802WC00000OpopoYAB, Product2Id=01tWC00000DD11JYAT, IsDeleted=false, OrderId=801WC00000knHDLYA2, PricebookEntryId=01uWC000005wrrDYAQ, OriginalOrderItemId=null, QuoteLineItemId=0QLWC000003ehSj4AI, AvailableQuantity=1.0, Quantity=1.0, CurrencyIsoCode=USD, UnitPrice=94000.0, ListPrice=94000.0, TotalPrice=94000.0, BillingReference2=null, ServiceDate=2026-06-15 00:00:00, ServiceTime=00:00:00.000Z, ServiceDateTime=null, EndDate=null, EndTime=null, EndDateTime=null, ServiceEndTimeZone=GMT, Description=null, TotalLineAmount=94000.0, TotalAdjustmentAmount=0.0, TotalLineAdjustmentAmount=0.0, TotalAdjustmentDistAmount=0.0, TotalAdjustmentTaxAmount=0.0, TotalLineAdjustmentTaxAmount=0.0, TotalAdjustmentDistTaxAmount=0.0, TotalLineTaxAmount=0.0, TotalTaxAmount=0.0, RoundedLineAmount=94000.0, AdjustedLineAmount=94000.0, TotalAdjustedLineTaxAmount=0.0, RoundedLineAmtWithTax=94000.0, TotalAdjustmentAmtWithTax=0.0, AdjustedLineAmtWithTax=94000.0, TotalLineAdjustmentAmtWithTax=0.0, TotalAdjustmentDistAmtWithTax=0.0, TotalAmtWithTax=94000.0, OrderDeliveryGroupId=null, RelatedOrderItemId=null, Type=null, TypeCode=null, TaxTreatmentId=null, LegalEntityId=0fwWC000000034LYAQ, BillingTreatmentId=null, ProductSellingModelId=0jPWC000000060b2AA, OrderActionId=8OAWC000002SOpS4AW, ProrationPolicyId=0mua50000004KzRAAU, PeriodBoundary=Anniversary, PeriodBoundaryStartMonth=null, PeriodBoundaryDay=null, PricingTermCount=null, NetUnitPrice=94000.0, BillingFrequency2=Annual, ParentOrderItemId=null, Status=null, LineNumber=1, CreatedDate=2026-06-15 14:12:47, CreatedById=005a500001SfRd7AAF, LastModifiedDate=2026-06-15 17:38:35, LastModifiedById=005WC00000MgTN2YAN, SystemModstamp=2026-06-15 17:38:35, OrderItemNumber=0000564381, PriceWaterfallIdentifier=802WC00000OpopoYAB:149322018783677, StartQuantity=0.0, EndQuantity=1.0, NetTotalPrice=94000.0, Discount=null, DiscountAmount=null, PartnerDiscountPercent=null, PartnerUnitPrice=null, ValidationResult=null, EarliestEstimatedDeliveryDate=null, LatestEstimatedDeliveryDate=null, EarliestEstimatedDeliveryTime=null, LatestEstimatedDeliveryTime=null, EstimatedDeliveryReference=null, EstimatedDeliveryTimeZone=null, CustomProductName=null, SubscriptionTerm=1, OrderItemGroupId=null, SegmentIdentifier=null, SegmentType=null, SegmentName=null, IsPrimarySegment=false, OrderItemRecipientId=null, RampIdentifier=null, QuantityUnitOfMeasureId=null, UnitPriceUplift=null, BindingInstanceTargetId=null, PricingContractId=null, RevenueCloudPackagingFlag=CP, IsOrderItemLocked=false, RelatedChangeIdentifier=null, SupplementalChangeType=null, AggregatedQuantity=1.0, BatchIdentifier=null, DoesAutomaticallyRenew=false, Margin=null, MarginAmount=null, UnitCost=null, TotalCost=null, TotalAdjustment=null, TotalMargin=null, TotalMarginAmount=null, PriceRevisionPolicyId=null, ReplacementGroupId=null, Currency__c=USD, Workday_Sync_Correlation_Id__c=null, Workday_Sync_Message__c=null, Workday_Sync_Payload__c=null, Workday_Sync_Status__c=null, Multiple_Element_Rev_Alloc_Value__c=false, Workday_Revenue_Category__c=null, Billing_Schedule_From_Date__c=2026-06-15 00:00:00, Billing_Schedule_To_Date__c=2027-06-14 00:00:00, Custom_Product_Name__c=null, Ship_To_Address__c=null, Legacy_Id__c=null, DoNotExpand__c=false, Royalty_Amount__c=null, Exchange_Rate_To_USD__c=null, gsOrderDetailID__c=null, gsOrderID__c=null, Asset__c=null, Entitlement__c=null, Feature_Code__c=null, Freight_Terms__c=null, GSA__c=false, Hardware_ID__c=null, Hardware__c=null, Hostname__c=null, Instances__c=null, Is_Term__c=false, COLA_Uplift_Percent__c=null, End_Date_Calculated__c=2027-06-14 00:00:00, Legacy_Source__c=null, MSP_End_User__c=null, MYCAP__c=false, Maintenance_Discount_Percent__c=null, Manual_Discount__c=null, Migration_Change__c=null, Model__c=null, Number_of_Processors__c=null, Order_Is_Price_Locked__c=false, Override_Discount_Amount__c=null, Override_Discount_Percentage__c=null, Partition__c=null, Partner_Discount_Type__c=null, Price_Overriden__c=false, Prior_Feature_Code__c=null, Prior_Group_Number__c=null, Prior_Model__c=null, Prior_Number_of_Processors__c=null, Prior_Serial_Number__c=null, Product_Sale_Type__c=null, Product_type__c=null, Quantity_Back_Ordered__c=null, Quantity_Shipped__c=null, RSM_Discount_Percent__c=null, RSM__c=null, Requested_Delivery_Date__c=null, Sales_Support_Notes__c=null, Sequence_Number__c=null, Server_Type_Discount_Percent__c=null, Skip_Price_Calculation__c=false, Swap__c=false, System_Type__c=null, Tax_Code__c=null, Units__c=null, Uplift_Percent__c=null, Version_Number__c=null, Fortra_Product_Type__c=Subscription, Year_After_StartDate__c=false, Two_Years_After_Start_Date__c=false, Order_Line_ARR__c=null, Base_Price__c=null, Displaced_ARR__c=null, Is_Split_Line__c=false, Original_Order_Item__c=null, Partition_Record__c=null, Quote_Legal_Entity__c=Fortra, LLC*, Serial_Number__c=null, AllowRegionalPricing__c=false, Attribute_Multiplier_Pct__c=null, Attribute_Price_Mode__c=null, COLACalculatedPrice__c=null, Has_Attribute_Adjustment__c=false, RegionalNetUnitPrice__c=null, Quote_Line_Discount_Reason__c=null, Billing_Frequency__c=Yearly_Billing_Template, Order_Line_NARR_Calculated__c=0.0, Workday_Contract_Line_Reference_ID__c=null, LPAR_Number__c=null, LPAR_System_Name__c=null, Workday_Contract_Line_Type__c=FIXED AMOUNT, Start_Date_Calculated__c=2026-06-15 00:00:00, LegacyQuoteLineDiscount__c=null, LIC_Fair_Value_Amount__c=null, MAINT_Fair_Value_Amount__c=null, Source_List_Price__c=null, Prior_Discretionary_Discount__c=null, Prior_Partner_Discount__c=null, NetTotalPrice_Calculated__c=94000.0}
10:38:34.577 (4580293554)|FLOW_ELEMENT_BEGIN|14225a77c9c6976ac6f11fbf58819ecc4100db-3bac|FlowDecision|Is_Services_Product
10:38:34.577 (4580312048)|FLOW_ELEMENT_DEFERRED|FlowDecision|Is_Services_Product
10:38:34.577 (4580358335)|FLOW_ELEMENT_LIMIT_USAGE|3 ms CPU time, total 2341 out of 15000
10:38:34.577 (4580364934)|FLOW_ELEMENT_END|14225a77c9c6976ac6f11fbf58819ecc4100db-3bac|FlowDecision|Is_Services_Product
10:38:34.577 (4582130369)|FLOW_START_INTERVIEW_END|14225a77c9c6976ac6f11fbf58819ecc4100db-3bac|(Deprecated)Fortra &#124; Autolaunched &#124; Set Workday Contract Line Type
10:38:34.577 (4582162799)|FLOW_START_INTERVIEW_BEGIN|14325a77c9c6976ac6f11fbf58819ecc4100db-3bad|(Deprecated)Fortra &#124; Autolaunched &#124; Set Workday Contract Line Type
10:38:34.577 (4582217096)|FLOW_START_INTERVIEW_LIMIT_USAGE|SOQL queries: 0 out of 100
10:38:34.577 (4582226147)|FLOW_START_INTERVIEW_LIMIT_USAGE|SOQL query rows: 0 out of 50000
10:38:34.577 (4582232447)|FLOW_START_INTERVIEW_LIMIT_USAGE|SOSL queries: 0 out of 20
10:38:34.577 (4582238529)|FLOW_START_INTERVIEW_LIMIT_USAGE|DML statements: 0 out of 150
10:38:34.577 (4582243751)|FLOW_START_INTERVIEW_LIMIT_USAGE|DML rows: 0 out of 10000
10:38:34.577 (4582249735)|FLOW_START_INTERVIEW_LIMIT_USAGE|CPU time in ms: 2341 out of 15000
10:38:34.577 (4582259538)|FLOW_START_INTERVIEW_LIMIT_USAGE|Heap size in bytes: 0 out of 6000000
10:38:34.577 (4582265260)|FLOW_START_INTERVIEW_LIMIT_USAGE|Callouts: 0 out of 100
10:38:34.577 (4582270692)|FLOW_START_INTERVIEW_LIMIT_USAGE|Email invocations: 0 out of 10
10:38:34.577 (4582275894)|FLOW_START_INTERVIEW_LIMIT_USAGE|Future calls: 0 out of 50
10:38:34.577 (4582281143)|FLOW_START_INTERVIEW_LIMIT_USAGE|Jobs in queue: 0 out of 50
10:38:34.577 (4582287203)|FLOW_START_INTERVIEW_LIMIT_USAGE|Push notifications: 0 out of 10
10:38:34.577 (4585297496)|FLOW_VALUE_ASSIGNMENT|14325a77c9c6976ac6f11fbf58819ecc4100db-3bad|$Record|{Id=802WC00000OpoppYAB, Product2Id=01tWC00000DD1btYAD, IsDeleted=false, OrderId=801WC00000knHDLYA2, PricebookEntryId=01uWC000005ws8MYAQ, OriginalOrderItemId=null, QuoteLineItemId=0QLWC000003ehR74AI, AvailableQuantity=1.0, Quantity=1.0, CurrencyIsoCode=USD, UnitPrice=301.75, ListPrice=355.0, TotalPrice=256.4875, BillingReference2=null, ServiceDate=null, ServiceTime=null, ServiceDateTime=null, EndDate=null, EndTime=null, EndDateTime=null, ServiceEndTimeZone=null, Description=Powertech Identity & Access Manager (BoKS) &#124; Standard, TotalLineAmount=301.75, TotalAdjustmentAmount=-45.2625, TotalLineAdjustmentAmount=0.0, TotalAdjustmentDistAmount=0.0, TotalAdjustmentTaxAmount=0.0, TotalLineAdjustmentTaxAmount=0.0, TotalAdjustmentDistTaxAmount=0.0, TotalLineTaxAmount=0.0, TotalTaxAmount=0.0, RoundedLineAmount=301.75, AdjustedLineAmount=256.4875, TotalAdjustedLineTaxAmount=0.0, RoundedLineAmtWithTax=301.75, TotalAdjustmentAmtWithTax=-45.2625, AdjustedLineAmtWithTax=256.4875, TotalLineAdjustmentAmtWithTax=0.0, TotalAdjustmentDistAmtWithTax=0.0, TotalAmtWithTax=256.4875, OrderDeliveryGroupId=null, RelatedOrderItemId=null, Type=null, TypeCode=null, TaxTreatmentId=null, LegalEntityId=0fwWC000000034LYAQ, BillingTreatmentId=null, ProductSellingModelId=0jPWC00000005yz2AA, OrderActionId=8OAWC000002SOpS4AW, ProrationPolicyId=null, PeriodBoundary=null, PeriodBoundaryStartMonth=null, PeriodBoundaryDay=null, PricingTermCount=0.0, NetUnitPrice=256.4875, BillingFrequency2=null, ParentOrderItemId=null, Status=null, LineNumber=2, CreatedDate=2026-06-15 14:12:47, CreatedById=005a500001SfRd7AAF, LastModifiedDate=2026-06-15 17:38:35, LastModifiedById=005WC00000MgTN2YAN, SystemModstamp=2026-06-15 17:38:35, OrderItemNumber=0000564382, PriceWaterfallIdentifier=802WC00000OpoppYAB:149322018783677, StartQuantity=0.0, EndQuantity=1.0, NetTotalPrice=256.4875, Discount=null, DiscountAmount=null, PartnerDiscountPercent=15.0, PartnerUnitPrice=301.75, ValidationResult=null, EarliestEstimatedDeliveryDate=null, LatestEstimatedDeliveryDate=null, EarliestEstimatedDeliveryTime=null, LatestEstimatedDeliveryTime=null, EstimatedDeliveryReference=null, EstimatedDeliveryTimeZone=null, CustomProductName=null, SubscriptionTerm=null, OrderItemGroupId=null, SegmentIdentifier=null, SegmentType=null, SegmentName=null, IsPrimarySegment=false, OrderItemRecipientId=null, RampIdentifier=null, QuantityUnitOfMeasureId=null, UnitPriceUplift=null, BindingInstanceTargetId=null, PricingContractId=null, RevenueCloudPackagingFlag=CP, IsOrderItemLocked=false, RelatedChangeIdentifier=null, SupplementalChangeType=null, AggregatedQuantity=1.0, BatchIdentifier=null, DoesAutomaticallyRenew=false, Margin=null, MarginAmount=null, UnitCost=null, TotalCost=null, TotalAdjustment=null, TotalMargin=null, TotalMarginAmount=null, PriceRevisionPolicyId=null, ReplacementGroupId=null, Currency__c=USD, Workday_Sync_Correlation_Id__c=null, Workday_Sync_Message__c=null, Workday_Sync_Payload__c=null, Workday_Sync_Status__c=null, Multiple_Element_Rev_Alloc_Value__c=false, Workday_Revenue_Category__c=null, Billing_Schedule_From_Date__c=2026-06-15 00:00:00, Billing_Schedule_To_Date__c=2026-06-15 00:00:00, Custom_Product_Name__c=null, Ship_To_Address__c=null, Legacy_Id__c=null, DoNotExpand__c=false, Royalty_Amount__c=null, Exchange_Rate_To_USD__c=null, gsOrderDetailID__c=null, gsOrderID__c=null, Asset__c=null, Entitlement__c=null, Feature_Code__c=null, Freight_Terms__c=null, GSA__c=false, Hardware_ID__c=null, Hardware__c=null, Hostname__c=null, Instances__c=null, Is_Term__c=false, COLA_Uplift_Percent__c=null, End_Date_Calculated__c=2026-06-15 00:00:00, Legacy_Source__c=null, MSP_End_User__c=null, MYCAP__c=false, Maintenance_Discount_Percent__c=null, Manual_Discount__c=null, Migration_Change__c=null, Model__c=null, Number_of_Processors__c=null, Order_Is_Price_Locked__c=false, Override_Discount_Amount__c=null, Override_Discount_Percentage__c=null, Partition__c=null, Partner_Discount_Type__c=null, Price_Overriden__c=false, Prior_Feature_Code__c=null, Prior_Group_Number__c=null, Prior_Model__c=null, Prior_Number_of_Processors__c=null, Prior_Serial_Number__c=null, Product_Sale_Type__c=null, Product_type__c=null, Quantity_Back_Ordered__c=null, Quantity_Shipped__c=null, RSM_Discount_Percent__c=null, RSM__c=null, Requested_Delivery_Date__c=null, Sales_Support_Notes__c=null, Sequence_Number__c=null, Server_Type_Discount_Percent__c=null, Skip_Price_Calculation__c=false, Swap__c=false, System_Type__c=null, Tax_Code__c=null, Units__c=null, Uplift_Percent__c=null, Version_Number__c=null, Fortra_Product_Type__c=Perpetual, Year_After_StartDate__c=false, Two_Years_After_Start_Date__c=false, Order_Line_ARR__c=null, Base_Price__c=null, Displaced_ARR__c=null, Is_Split_Line__c=false, Original_Order_Item__c=null, Partition_Record__c=null, Quote_Legal_Entity__c=Fortra, LLC*, Serial_Number__c=null, AllowRegionalPricing__c=false, Attribute_Multiplier_Pct__c=null, Attribute_Price_Mode__c=null, COLACalculatedPrice__c=null, Has_Attribute_Adjustment__c=false, RegionalNetUnitPrice__c=null, Quote_Line_Discount_Reason__c=null, Billing_Frequency__c=Yearly_Billing_Template, Order_Line_NARR_Calculated__c=0.0, Workday_Contract_Line_Reference_ID__c=null, LPAR_Number__c=null, LPAR_System_Name__c=null, Workday_Contract_Line_Type__c=FIXED AMOUNT, Start_Date_Calculated__c=2026-06-15 00:00:00, LegacyQuoteLineDiscount__c=null, LIC_Fair_Value_Amount__c=null, MAINT_Fair_Value_Amount__c=null, Source_List_Price__c=null, Prior_Discretionary_Discount__c=null, Prior_Partner_Discount__c=null, NetTotalPrice_Calculated__c=256.49}
10:38:34.577 (4585470445)|FLOW_ELEMENT_BEGIN|14325a77c9c6976ac6f11fbf58819ecc4100db-3bad|FlowDecision|Is_Services_Product
10:38:34.577 (4585490621)|FLOW_ELEMENT_DEFERRED|FlowDecision|Is_Services_Product
10:38:34.577 (4585565806)|FLOW_ELEMENT_LIMIT_USAGE|3 ms CPU time, total 2344 out of 15000
10:38:34.577 (4585575325)|FLOW_ELEMENT_END|14325a77c9c6976ac6f11fbf58819ecc4100db-3bad|FlowDecision|Is_Services_Product
10:38:34.577 (4585641245)|FLOW_START_INTERVIEW_END|14325a77c9c6976ac6f11fbf58819ecc4100db-3bad|(Deprecated)Fortra &#124; Autolaunched &#124; Set Workday Contract Line Type
10:38:34.577 (4585658182)|FLOW_START_INTERVIEW_BEGIN|14425a77c9c6976ac6f11fbf58819ecc4100db-3bae|(Deprecated)Fortra &#124; Autolaunched &#124; Set Workday Contract Line Type
10:38:34.577 (4585689475)|FLOW_START_INTERVIEW_LIMIT_USAGE|SOQL queries: 0 out of 100
10:38:34.577 (4585697156)|FLOW_START_INTERVIEW_LIMIT_USAGE|SOQL query rows: 0 out of 50000
10:38:34.577 (4585702833)|FLOW_START_INTERVIEW_LIMIT_USAGE|SOSL queries: 0 out of 20
10:38:34.577 (4585708423)|FLOW_START_INTERVIEW_LIMIT_USAGE|DML statements: 0 out of 150
10:38:34.577 (4585713579)|FLOW_START_INTERVIEW_LIMIT_USAGE|DML rows: 0 out of 10000
10:38:34.577 (4585719106)|FLOW_START_INTERVIEW_LIMIT_USAGE|CPU time in ms: 2345 out of 15000
10:38:34.577 (4585725386)|FLOW_START_INTERVIEW_LIMIT_USAGE|Heap size in bytes: 0 out of 6000000
10:38:34.577 (4585731191)|FLOW_START_INTERVIEW_LIMIT_USAGE|Callouts: 0 out of 100
10:38:34.577 (4585736818)|FLOW_START_INTERVIEW_LIMIT_USAGE|Email invocations: 0 out of 10
10:38:34.577 (4585741832)|FLOW_START_INTERVIEW_LIMIT_USAGE|Future calls: 0 out of 50
10:38:34.577 (4585747176)|FLOW_START_INTERVIEW_LIMIT_USAGE|Jobs in queue: 0 out of 50
10:38:34.577 (4585754388)|FLOW_START_INTERVIEW_LIMIT_USAGE|Push notifications: 0 out of 10
10:38:34.577 (4587947974)|FLOW_VALUE_ASSIGNMENT|14425a77c9c6976ac6f11fbf58819ecc4100db-3bae|$Record|{Id=802WC00000OpopqYAB, Product2Id=01tWC00000DD1bsYAD, IsDeleted=false, OrderId=801WC00000knHDLYA2, PricebookEntryId=01uWC000005wsbUYAQ, OriginalOrderItemId=null, QuoteLineItemId=0QLWC000003ehR84AI, AvailableQuantity=0.0, Quantity=0.0, CurrencyIsoCode=USD, UnitPrice=null, ListPrice=0.0, TotalPrice=0.0, BillingReference2=802WC00000OZLOrYAP, ServiceDate=2026-06-15 00:00:00, ServiceTime=00:00:00.000Z, ServiceDateTime=null, EndDate=null, EndTime=null, EndDateTime=null, ServiceEndTimeZone=GMT, Description=Powertech Identity & Access Manager (BoKS)-NewMaintenance &#124; Standard, TotalLineAmount=0.0, TotalAdjustmentAmount=0.0, TotalLineAdjustmentAmount=0.0, TotalAdjustmentDistAmount=0.0, TotalAdjustmentTaxAmount=0.0, TotalLineAdjustmentTaxAmount=0.0, TotalAdjustmentDistTaxAmount=0.0, TotalLineTaxAmount=0.0, TotalTaxAmount=0.0, RoundedLineAmount=0.0, AdjustedLineAmount=0.0, TotalAdjustedLineTaxAmount=0.0, RoundedLineAmtWithTax=0.0, TotalAdjustmentAmtWithTax=0.0, AdjustedLineAmtWithTax=0.0, TotalLineAdjustmentAmtWithTax=0.0, TotalAdjustmentDistAmtWithTax=0.0, TotalAmtWithTax=0.0, OrderDeliveryGroupId=null, RelatedOrderItemId=null, Type=null, TypeCode=null, TaxTreatmentId=null, LegalEntityId=0fwWC000000034LYAQ, BillingTreatmentId=1BTWC000000Mdh34AC, ProductSellingModelId=0jPWC00000005yz2AA, OrderActionId=8OAWC000002SOpR4AW, ProrationPolicyId=null, PeriodBoundary=null, PeriodBoundaryStartMonth=null, PeriodBoundaryDay=null, PricingTermCount=null, NetUnitPrice=null, BillingFrequency2=null, ParentOrderItemId=null, Status=null, LineNumber=3, CreatedDate=2026-06-15 14:12:47, CreatedById=005a500001SfRd7AAF, LastModifiedDate=2026-06-15 17:38:35, LastModifiedById=005WC00000MgTN2YAN, SystemModstamp=2026-06-15 17:38:35, OrderItemNumber=0000564383, PriceWaterfallIdentifier=null, StartQuantity=1.0, EndQuantity=1.0, NetTotalPrice=0.0, Discount=null, DiscountAmount=null, PartnerDiscountPercent=12.0, PartnerUnitPrice=null, ValidationResult=null, EarliestEstimatedDeliveryDate=null, LatestEstimatedDeliveryDate=null, EarliestEstimatedDeliveryTime=null, LatestEstimatedDeliveryTime=null, EstimatedDeliveryReference=null, EstimatedDeliveryTimeZone=null, CustomProductName=Powertech Identity & Access Manager (BoKS)-NewMaintenance, SubscriptionTerm=null, OrderItemGroupId=null, SegmentIdentifier=null, SegmentType=null, SegmentName=null, IsPrimarySegment=false, OrderItemRecipientId=null, RampIdentifier=null, QuantityUnitOfMeasureId=null, UnitPriceUplift=null, BindingInstanceTargetId=null, PricingContractId=null, RevenueCloudPackagingFlag=P, IsOrderItemLocked=false, RelatedChangeIdentifier=null, SupplementalChangeType=null, AggregatedQuantity=null, BatchIdentifier=null, DoesAutomaticallyRenew=false, Margin=null, MarginAmount=null, UnitCost=null, TotalCost=null, TotalAdjustment=null, TotalMargin=null, TotalMarginAmount=null, PriceRevisionPolicyId=null, ReplacementGroupId=null, Currency__c=USD, Workday_Sync_Correlation_Id__c=null, Workday_Sync_Message__c=null, Workday_Sync_Payload__c=null, Workday_Sync_Status__c=null, Multiple_Element_Rev_Alloc_Value__c=false, Workday_Revenue_Category__c=null, Billing_Schedule_From_Date__c=2026-06-15 00:00:00, Billing_Schedule_To_Date__c=2027-06-14 00:00:00, Custom_Product_Name__c=null, Ship_To_Address__c=null, Legacy_Id__c=null, DoNotExpand__c=false, Royalty_Amount__c=null, Exchange_Rate_To_USD__c=null, gsOrderDetailID__c=null, gsOrderID__c=null, Asset__c=null, Entitlement__c=null, Feature_Code__c=null, Freight_Terms__c=null, GSA__c=false, Hardware_ID__c=null, Hardware__c=null, Hostname__c=null, Instances__c=null, Is_Term__c=false, COLA_Uplift_Percent__c=null, End_Date_Calculated__c=2027-06-14 00:00:00, Legacy_Source__c=null, MSP_End_User__c=null, MYCAP__c=false, Maintenance_Discount_Percent__c=null, Manual_Discount__c=null, Migration_Change__c=null, Model__c=null, Number_of_Processors__c=null, Order_Is_Price_Locked__c=false, Override_Discount_Amount__c=null, Override_Discount_Percentage__c=null, Partition__c=null, Partner_Discount_Type__c=null, Price_Overriden__c=false, Prior_Feature_Code__c=null, Prior_Group_Number__c=null, Prior_Model__c=null, Prior_Number_of_Processors__c=null, Prior_Serial_Number__c=null, Product_Sale_Type__c=null, Product_type__c=null, Quantity_Back_Ordered__c=null, Quantity_Shipped__c=null, RSM_Discount_Percent__c=null, RSM__c=null, Requested_Delivery_Date__c=null, Sales_Support_Notes__c=null, Sequence_Number__c=null, Server_Type_Discount_Percent__c=null, Skip_Price_Calculation__c=false, Swap__c=false, System_Type__c=null, Tax_Code__c=null, Units__c=null, Uplift_Percent__c=null, Version_Number__c=null, Fortra_Product_Type__c=New Maintenance, Year_After_StartDate__c=false, Two_Years_After_Start_Date__c=false, Order_Line_ARR__c=null, Base_Price__c=355.0, Displaced_ARR__c=null, Is_Split_Line__c=false, Original_Order_Item__c=null, Partition_Record__c=null, Quote_Legal_Entity__c=Fortra, LLC*, Serial_Number__c=null, AllowRegionalPricing__c=false, Attribute_Multiplier_Pct__c=null, Attribute_Price_Mode__c=null, COLACalculatedPrice__c=null, Has_Attribute_Adjustment__c=false, RegionalNetUnitPrice__c=null, Quote_Line_Discount_Reason__c=null, Billing_Frequency__c=Yearly_Billing_Template, Order_Line_NARR_Calculated__c=0.0, Workday_Contract_Line_Reference_ID__c=null, LPAR_Number__c=null, LPAR_System_Name__c=null, Workday_Contract_Line_Type__c=FIXED AMOUNT, Start_Date_Calculated__c=2026-06-15 00:00:00, LegacyQuoteLineDiscount__c=null, LIC_Fair_Value_Amount__c=null, MAINT_Fair_Value_Amount__c=null, Source_List_Price__c=355.0, Prior_Discretionary_Discount__c=null, Prior_Partner_Discount__c=null, NetTotalPrice_Calculated__c=0.0}
10:38:34.577 (4588058702)|FLOW_ELEMENT_BEGIN|14425a77c9c6976ac6f11fbf58819ecc4100db-3bae|FlowDecision|Is_Services_Product
10:38:34.577 (4588072722)|FLOW_ELEMENT_DEFERRED|FlowDecision|Is_Services_Product
10:38:34.577 (4588139089)|FLOW_ELEMENT_LIMIT_USAGE|2 ms CPU time, total 2347 out of 15000
10:38:34.577 (4588158891)|FLOW_ELEMENT_END|14425a77c9c6976ac6f11fbf58819ecc4100db-3bae|FlowDecision|Is_Services_Product
10:38:34.577 (4588196384)|FLOW_START_INTERVIEW_END|14425a77c9c6976ac6f11fbf58819ecc4100db-3bae|(Deprecated)Fortra &#124; Autolaunched &#124; Set Workday Contract Line Type
10:38:34.577 (4588377993)|FLOW_BULK_ELEMENT_BEGIN|FlowDecision|Is_Services_Product
10:38:34.577 (4588542047)|FLOW_RULE_DETAIL|14225a77c9c6976ac6f11fbf58819ecc4100db-3bac|Services_Product|false|false
10:38:34.577 (4588564497)|FLOW_VALUE_ASSIGNMENT|14225a77c9c6976ac6f11fbf58819ecc4100db-3bac|Services_Product|false
10:38:34.577 (4588604115)|FLOW_RULE_DETAIL|14325a77c9c6976ac6f11fbf58819ecc4100db-3bad|Services_Product|false|false
10:38:34.577 (4588611000)|FLOW_VALUE_ASSIGNMENT|14325a77c9c6976ac6f11fbf58819ecc4100db-3bad|Services_Product|false
10:38:34.577 (4588636621)|FLOW_RULE_DETAIL|14425a77c9c6976ac6f11fbf58819ecc4100db-3bae|Services_Product|false|false
10:38:34.577 (4588641998)|FLOW_VALUE_ASSIGNMENT|14425a77c9c6976ac6f11fbf58819ecc4100db-3bae|Services_Product|false
10:38:34.577 (4588791192)|FLOW_BULK_ELEMENT_END|FlowDecision|Is_Services_Product|0|0
10:38:34.577 (4588826070)|FLOW_ELEMENT_BEGIN|14225a77c9c6976ac6f11fbf58819ecc4100db-3bac|FlowRecordUpdate|Set_Workday_Contract_Line_Type_Fixed_Amount
10:38:34.577 (4588836369)|FLOW_ELEMENT_DEFERRED|FlowRecordUpdate|Set_Workday_Contract_Line_Type_Fixed_Amount
10:38:34.577 (4588855961)|FLOW_ELEMENT_LIMIT_USAGE|1 ms CPU time, total 2348 out of 15000
10:38:34.577 (4588859909)|FLOW_ELEMENT_END|14225a77c9c6976ac6f11fbf58819ecc4100db-3bac|FlowRecordUpdate|Set_Workday_Contract_Line_Type_Fixed_Amount
10:38:34.577 (4588871311)|FLOW_ELEMENT_BEGIN|14325a77c9c6976ac6f11fbf58819ecc4100db-3bad|FlowRecordUpdate|Set_Workday_Contract_Line_Type_Fixed_Amount
10:38:34.577 (4588903014)|FLOW_ELEMENT_DEFERRED|FlowRecordUpdate|Set_Workday_Contract_Line_Type_Fixed_Amount
10:38:34.577 (4588914674)|FLOW_ELEMENT_END|14325a77c9c6976ac6f11fbf58819ecc4100db-3bad|FlowRecordUpdate|Set_Workday_Contract_Line_Type_Fixed_Amount
10:38:34.577 (4588924694)|FLOW_ELEMENT_BEGIN|14425a77c9c6976ac6f11fbf58819ecc4100db-3bae|FlowRecordUpdate|Set_Workday_Contract_Line_Type_Fixed_Amount
10:38:34.577 (4588929334)|FLOW_ELEMENT_DEFERRED|FlowRecordUpdate|Set_Workday_Contract_Line_Type_Fixed_Amount
10:38:34.577 (4588935284)|FLOW_ELEMENT_END|14425a77c9c6976ac6f11fbf58819ecc4100db-3bae|FlowRecordUpdate|Set_Workday_Contract_Line_Type_Fixed_Amount
10:38:34.577 (4588957117)|FLOW_BULK_ELEMENT_BEGIN|FlowRecordUpdate|Set_Workday_Contract_Line_Type_Fixed_Amount
10:38:34.577 (4589352900)|FLOW_BULK_ELEMENT_DETAIL|FlowRecordUpdate|Set_Workday_Contract_Line_Type_Fixed_Amount|1
10:38:34.577 (4589449576)|FLOW_BULK_ELEMENT_DETAIL|FlowRecordUpdate|Set_Workday_Contract_Line_Type_Fixed_Amount|1
10:38:34.577 (4589513218)|FLOW_BULK_ELEMENT_DETAIL|FlowRecordUpdate|Set_Workday_Contract_Line_Type_Fixed_Amount|1
10:38:34.577 (4589539604)|LIMIT_USAGE|[EXTERNAL]|DML|1|150
10:38:34.577 (4589544307)|LIMIT_USAGE|[EXTERNAL]|DML_ROWS|3|10000
10:38:34.577 (4693407421)|FLOW_VALUE_ASSIGNMENT|14225a77c9c6976ac6f11fbf58819ecc4100db-3bac|$Record|{Id=802WC00000OpopoYAB, Product2Id=01tWC00000DD11JYAT, IsDeleted=false, OrderId=801WC00000knHDLYA2, PricebookEntryId=01uWC000005wrrDYAQ, OriginalOrderItemId=null, QuoteLineItemId=0QLWC000003ehSj4AI, AvailableQuantity=1.0, Quantity=1.0, CurrencyIsoCode=USD, UnitPrice=94000.0, ListPrice=94000.0, TotalPrice=94000.0, BillingReference2=null, ServiceDate=2026-06-15 00:00:00, ServiceTime=00:00:00.000Z, ServiceDateTime=null, EndDate=null, EndTime=null, EndDateTime=null, ServiceEndTimeZone=GMT, Description=null, TotalLineAmount=94000.0, TotalAdjustmentAmount=0.0, TotalLineAdjustmentAmount=0.0, TotalAdjustmentDistAmount=0.0, TotalAdjustmentTaxAmount=0.0, TotalLineAdjustmentTaxAmount=0.0, TotalAdjustmentDistTaxAmount=0.0, TotalLineTaxAmount=0.0, TotalTaxAmount=0.0, RoundedLineAmount=94000.0, AdjustedLineAmount=94000.0, TotalAdjustedLineTaxAmount=0.0, RoundedLineAmtWithTax=94000.0, TotalAdjustmentAmtWithTax=0.0, AdjustedLineAmtWithTax=94000.0, TotalLineAdjustmentAmtWithTax=0.0, TotalAdjustmentDistAmtWithTax=0.0, TotalAmtWithTax=94000.0, OrderDeliveryGroupId=null, RelatedOrderItemId=null, Type=null, TypeCode=null, TaxTreatmentId=null, LegalEntityId=0fwWC000000034LYAQ, BillingTreatmentId=null, ProductSellingModelId=0jPWC000000060b2AA, OrderActionId=8OAWC000002SOpS4AW, ProrationPolicyId=0mua50000004KzRAAU, PeriodBoundary=Anniversary, PeriodBoundaryStartMonth=null, PeriodBoundaryDay=null, PricingTermCount=null, NetUnitPrice=94000.0, BillingFrequency2=Annual, ParentOrderItemId=null, Status=null, LineNumber=1, CreatedDate=2026-06-15 14:12:47, CreatedById=005a500001SfRd7AAF, LastModifiedDate=2026-06-15 17:38:35, LastModifiedById=005WC00000MgTN2YAN, SystemModstamp=2026-06-15 17:38:35, OrderItemNumber=0000564381, PriceWaterfallIdentifier=802WC00000OpopoYAB:149322018783677, StartQuantity=0.0, EndQuantity=1.0, NetTotalPrice=94000.0, Discount=null, DiscountAmount=null, PartnerDiscountPercent=null, PartnerUnitPrice=null, ValidationResult=null, EarliestEstimatedDeliveryDate=null, LatestEstimatedDeliveryDate=null, EarliestEstimatedDeliveryTime=null, LatestEstimatedDeliveryTime=null, EstimatedDeliveryReference=null, EstimatedDeliveryTimeZone=null, CustomProductName=null, SubscriptionTerm=1, OrderItemGroupId=null, SegmentIdentifier=null, SegmentType=null, SegmentName=null, IsPrimarySegment=false, OrderItemRecipientId=null, RampIdentifier=null, QuantityUnitOfMeasureId=null, UnitPriceUplift=null, BindingInstanceTargetId=null, PricingContractId=null, RevenueCloudPackagingFlag=CP, IsOrderItemLocked=false, RelatedChangeIdentifier=null, SupplementalChangeType=null, AggregatedQuantity=1.0, BatchIdentifier=null, DoesAutomaticallyRenew=false, Margin=null, MarginAmount=null, UnitCost=null, TotalCost=null, TotalAdjustment=null, TotalMargin=null, TotalMarginAmount=null, PriceRevisionPolicyId=null, ReplacementGroupId=null, Currency__c=USD, Workday_Sync_Correlation_Id__c=null, Workday_Sync_Message__c=null, Workday_Sync_Payload__c=null, Workday_Sync_Status__c=null, Multiple_Element_Rev_Alloc_Value__c=false, Workday_Revenue_Category__c=null, Billing_Schedule_From_Date__c=2026-06-15 00:00:00, Billing_Schedule_To_Date__c=2027-06-14 00:00:00, Custom_Product_Name__c=null, Ship_To_Address__c=null, Legacy_Id__c=null, DoNotExpand__c=false, Royalty_Amount__c=null, Exchange_Rate_To_USD__c=null, gsOrderDetailID__c=null, gsOrderID__c=null, Asset__c=null, Entitlement__c=null, Feature_Code__c=null, Freight_Terms__c=null, GSA__c=false, Hardware_ID__c=null, Hardware__c=null, Hostname__c=null, Instances__c=null, Is_Term__c=false, COLA_Uplift_Percent__c=null, End_Date_Calculated__c=2027-06-14 00:00:00, Legacy_Source__c=null, MSP_End_User__c=null, MYCAP__c=false, Maintenance_Discount_Percent__c=null, Manual_Discount__c=null, Migration_Change__c=null, Model__c=null, Number_of_Processors__c=null, Order_Is_Price_Locked__c=false, Override_Discount_Amount__c=null, Override_Discount_Percentage__c=null, Partition__c=null, Partner_Discount_Type__c=null, Price_Overriden__c=false, Prior_Feature_Code__c=null, Prior_Group_Number__c=null, Prior_Model__c=null, Prior_Number_of_Processors__c=null, Prior_Serial_Number__c=null, Product_Sale_Type__c=null, Product_type__c=null, Quantity_Back_Ordered__c=null, Quantity_Shipped__c=null, RSM_Discount_Percent__c=null, RSM__c=null, Requested_Delivery_Date__c=null, Sales_Support_Notes__c=null, Sequence_Number__c=null, Server_Type_Discount_Percent__c=null, Skip_Price_Calculation__c=false, Swap__c=false, System_Type__c=null, Tax_Code__c=null, Units__c=null, Uplift_Percent__c=null, Version_Number__c=null, Fortra_Product_Type__c=Subscription, Year_After_StartDate__c=false, Two_Years_After_Start_Date__c=false, Order_Line_ARR__c=null, Base_Price__c=null, Displaced_ARR__c=null, Is_Split_Line__c=false, Original_Order_Item__c=null, Partition_Record__c=null, Quote_Legal_Entity__c=Fortra, LLC*, Serial_Number__c=null, AllowRegionalPricing__c=false, Attribute_Multiplier_Pct__c=null, Attribute_Price_Mode__c=null, COLACalculatedPrice__c=null, Has_Attribute_Adjustment__c=false, RegionalNetUnitPrice__c=null, Quote_Line_Discount_Reason__c=null, Billing_Frequency__c=Yearly_Billing_Template, Order_Line_NARR_Calculated__c=0.0, Workday_Contract_Line_Reference_ID__c=null, LPAR_Number__c=null, LPAR_System_Name__c=null, Workday_Contract_Line_Type__c=FIXED AMOUNT, Start_Date_Calculated__c=2026-06-15 00:00:00, LegacyQuoteLineDiscount__c=null, LIC_Fair_Value_Amount__c=null, MAINT_Fair_Value_Amount__c=null, Source_List_Price__c=null, Prior_Discretionary_Discount__c=null, Prior_Partner_Discount__c=null, NetTotalPrice_Calculated__c=94000.0}
10:38:34.577 (4693489613)|FLOW_VALUE_ASSIGNMENT|14225a77c9c6976ac6f11fbf58819ecc4100db-3bac|Set_Workday_Contract_Line_Type_Fixed_Amount|true
10:38:34.577 (4693495658)|FLOW_VALUE_ASSIGNMENT|14225a77c9c6976ac6f11fbf58819ecc4100db-3bac|Set_Workday_Contract_Line_Type_Fixed_Amount__CONDITIONS_RESULT|true
10:38:34.577 (4696154309)|FLOW_VALUE_ASSIGNMENT|14325a77c9c6976ac6f11fbf58819ecc4100db-3bad|$Record|{Id=802WC00000OpoppYAB, Product2Id=01tWC00000DD1btYAD, IsDeleted=false, OrderId=801WC00000knHDLYA2, PricebookEntryId=01uWC000005ws8MYAQ, OriginalOrderItemId=null, QuoteLineItemId=0QLWC000003ehR74AI, AvailableQuantity=1.0, Quantity=1.0, CurrencyIsoCode=USD, UnitPrice=301.75, ListPrice=355.0, TotalPrice=256.4875, BillingReference2=null, ServiceDate=null, ServiceTime=null, ServiceDateTime=null, EndDate=null, EndTime=null, EndDateTime=null, ServiceEndTimeZone=null, Description=Powertech Identity & Access Manager (BoKS) &#124; Standard, TotalLineAmount=301.75, TotalAdjustmentAmount=-45.2625, TotalLineAdjustmentAmount=0.0, TotalAdjustmentDistAmount=0.0, TotalAdjustmentTaxAmount=0.0, TotalLineAdjustmentTaxAmount=0.0, TotalAdjustmentDistTaxAmount=0.0, TotalLineTaxAmount=0.0, TotalTaxAmount=0.0, RoundedLineAmount=301.75, AdjustedLineAmount=256.4875, TotalAdjustedLineTaxAmount=0.0, RoundedLineAmtWithTax=301.75, TotalAdjustmentAmtWithTax=-45.2625, AdjustedLineAmtWithTax=256.4875, TotalLineAdjustmentAmtWithTax=0.0, TotalAdjustmentDistAmtWithTax=0.0, TotalAmtWithTax=256.4875, OrderDeliveryGroupId=null, RelatedOrderItemId=null, Type=null, TypeCode=null, TaxTreatmentId=null, LegalEntityId=0fwWC000000034LYAQ, BillingTreatmentId=null, ProductSellingModelId=0jPWC00000005yz2AA, OrderActionId=8OAWC000002SOpS4AW, ProrationPolicyId=null, PeriodBoundary=null, PeriodBoundaryStartMonth=null, PeriodBoundaryDay=null, PricingTermCount=0.0, NetUnitPrice=256.4875, BillingFrequency2=null, ParentOrderItemId=null, Status=null, LineNumber=2, CreatedDate=2026-06-15 14:12:47, CreatedById=005a500001SfRd7AAF, LastModifiedDate=2026-06-15 17:38:35, LastModifiedById=005WC00000MgTN2YAN, SystemModstamp=2026-06-15 17:38:35, OrderItemNumber=0000564382, PriceWaterfallIdentifier=802WC00000OpoppYAB:149322018783677, StartQuantity=0.0, EndQuantity=1.0, NetTotalPrice=256.4875, Discount=null, DiscountAmount=null, PartnerDiscountPercent=15.0, PartnerUnitPrice=301.75, ValidationResult=null, EarliestEstimatedDeliveryDate=null, LatestEstimatedDeliveryDate=null, EarliestEstimatedDeliveryTime=null, LatestEstimatedDeliveryTime=null, EstimatedDeliveryReference=null, EstimatedDeliveryTimeZone=null, CustomProductName=null, SubscriptionTerm=null, OrderItemGroupId=null, SegmentIdentifier=null, SegmentType=null, SegmentName=null, IsPrimarySegment=false, OrderItemRecipientId=null, RampIdentifier=null, QuantityUnitOfMeasureId=null, UnitPriceUplift=null, BindingInstanceTargetId=null, PricingContractId=null, RevenueCloudPackagingFlag=CP, IsOrderItemLocked=false, RelatedChangeIdentifier=null, SupplementalChangeType=null, AggregatedQuantity=1.0, BatchIdentifier=null, DoesAutomaticallyRenew=false, Margin=null, MarginAmount=null, UnitCost=null, TotalCost=null, TotalAdjustment=null, TotalMargin=null, TotalMarginAmount=null, PriceRevisionPolicyId=null, ReplacementGroupId=null, Currency__c=USD, Workday_Sync_Correlation_Id__c=null, Workday_Sync_Message__c=null, Workday_Sync_Payload__c=null, Workday_Sync_Status__c=null, Multiple_Element_Rev_Alloc_Value__c=false, Workday_Revenue_Category__c=null, Billing_Schedule_From_Date__c=2026-06-15 00:00:00, Billing_Schedule_To_Date__c=2026-06-15 00:00:00, Custom_Product_Name__c=null, Ship_To_Address__c=null, Legacy_Id__c=null, DoNotExpand__c=false, Royalty_Amount__c=null, Exchange_Rate_To_USD__c=null, gsOrderDetailID__c=null, gsOrderID__c=null, Asset__c=null, Entitlement__c=null, Feature_Code__c=null, Freight_Terms__c=null, GSA__c=false, Hardware_ID__c=null, Hardware__c=null, Hostname__c=null, Instances__c=null, Is_Term__c=false, COLA_Uplift_Percent__c=null, End_Date_Calculated__c=2026-06-15 00:00:00, Legacy_Source__c=null, MSP_End_User__c=null, MYCAP__c=false, Maintenance_Discount_Percent__c=null, Manual_Discount__c=null, Migration_Change__c=null, Model__c=null, Number_of_Processors__c=null, Order_Is_Price_Locked__c=false, Override_Discount_Amount__c=null, Override_Discount_Percentage__c=null, Partition__c=null, Partner_Discount_Type__c=null, Price_Overriden__c=false, Prior_Feature_Code__c=null, Prior_Group_Number__c=null, Prior_Model__c=null, Prior_Number_of_Processors__c=null, Prior_Serial_Number__c=null, Product_Sale_Type__c=null, Product_type__c=null, Quantity_Back_Ordered__c=null, Quantity_Shipped__c=null, RSM_Discount_Percent__c=null, RSM__c=null, Requested_Delivery_Date__c=null, Sales_Support_Notes__c=null, Sequence_Number__c=null, Server_Type_Discount_Percent__c=null, Skip_Price_Calculation__c=false, Swap__c=false, System_Type__c=null, Tax_Code__c=null, Units__c=null, Uplift_Percent__c=null, Version_Number__c=null, Fortra_Product_Type__c=Perpetual, Year_After_StartDate__c=false, Two_Years_After_Start_Date__c=false, Order_Line_ARR__c=null, Base_Price__c=null, Displaced_ARR__c=null, Is_Split_Line__c=false, Original_Order_Item__c=null, Partition_Record__c=null, Quote_Legal_Entity__c=Fortra, LLC*, Serial_Number__c=null, AllowRegionalPricing__c=false, Attribute_Multiplier_Pct__c=null, Attribute_Price_Mode__c=null, COLACalculatedPrice__c=null, Has_Attribute_Adjustment__c=false, RegionalNetUnitPrice__c=null, Quote_Line_Discount_Reason__c=null, Billing_Frequency__c=Yearly_Billing_Template, Order_Line_NARR_Calculated__c=0.0, Workday_Contract_Line_Reference_ID__c=null, LPAR_Number__c=null, LPAR_System_Name__c=null, Workday_Contract_Line_Type__c=FIXED AMOUNT, Start_Date_Calculated__c=2026-06-15 00:00:00, LegacyQuoteLineDiscount__c=null, LIC_Fair_Value_Amount__c=null, MAINT_Fair_Value_Amount__c=null, Source_List_Price__c=null, Prior_Discretionary_Discount__c=null, Prior_Partner_Discount__c=null, NetTotalPrice_Calculated__c=256.49}
10:38:34.577 (4696232322)|FLOW_VALUE_ASSIGNMENT|14325a77c9c6976ac6f11fbf58819ecc4100db-3bad|Set_Workday_Contract_Line_Type_Fixed_Amount|true
10:38:34.577 (4696238084)|FLOW_VALUE_ASSIGNMENT|14325a77c9c6976ac6f11fbf58819ecc4100db-3bad|Set_Workday_Contract_Line_Type_Fixed_Amount__CONDITIONS_RESULT|true
10:38:34.577 (4698702892)|FLOW_VALUE_ASSIGNMENT|14425a77c9c6976ac6f11fbf58819ecc4100db-3bae|$Record|{Id=802WC00000OpopqYAB, Product2Id=01tWC00000DD1bsYAD, IsDeleted=false, OrderId=801WC00000knHDLYA2, PricebookEntryId=01uWC000005wsbUYAQ, OriginalOrderItemId=null, QuoteLineItemId=0QLWC000003ehR84AI, AvailableQuantity=0.0, Quantity=0.0, CurrencyIsoCode=USD, UnitPrice=null, ListPrice=0.0, TotalPrice=0.0, BillingReference2=802WC00000OZLOrYAP, ServiceDate=2026-06-15 00:00:00, ServiceTime=00:00:00.000Z, ServiceDateTime=null, EndDate=null, EndTime=null, EndDateTime=null, ServiceEndTimeZone=GMT, Description=Powertech Identity & Access Manager (BoKS)-NewMaintenance &#124; Standard, TotalLineAmount=0.0, TotalAdjustmentAmount=0.0, TotalLineAdjustmentAmount=0.0, TotalAdjustmentDistAmount=0.0, TotalAdjustmentTaxAmount=0.0, TotalLineAdjustmentTaxAmount=0.0, TotalAdjustmentDistTaxAmount=0.0, TotalLineTaxAmount=0.0, TotalTaxAmount=0.0, RoundedLineAmount=0.0, AdjustedLineAmount=0.0, TotalAdjustedLineTaxAmount=0.0, RoundedLineAmtWithTax=0.0, TotalAdjustmentAmtWithTax=0.0, AdjustedLineAmtWithTax=0.0, TotalLineAdjustmentAmtWithTax=0.0, TotalAdjustmentDistAmtWithTax=0.0, TotalAmtWithTax=0.0, OrderDeliveryGroupId=null, RelatedOrderItemId=null, Type=null, TypeCode=null, TaxTreatmentId=null, LegalEntityId=0fwWC000000034LYAQ, BillingTreatmentId=1BTWC000000Mdh34AC, ProductSellingModelId=0jPWC00000005yz2AA, OrderActionId=8OAWC000002SOpR4AW, ProrationPolicyId=null, PeriodBoundary=null, PeriodBoundaryStartMonth=null, PeriodBoundaryDay=null, PricingTermCount=null, NetUnitPrice=null, BillingFrequency2=null, ParentOrderItemId=null, Status=null, LineNumber=3, CreatedDate=2026-06-15 14:12:47, CreatedById=005a500001SfRd7AAF, LastModifiedDate=2026-06-15 17:38:35, LastModifiedById=005WC00000MgTN2YAN, SystemModstamp=2026-06-15 17:38:35, OrderItemNumber=0000564383, PriceWaterfallIdentifier=null, StartQuantity=1.0, EndQuantity=1.0, NetTotalPrice=0.0, Discount=null, DiscountAmount=null, PartnerDiscountPercent=12.0, PartnerUnitPrice=null, ValidationResult=null, EarliestEstimatedDeliveryDate=null, LatestEstimatedDeliveryDate=null, EarliestEstimatedDeliveryTime=null, LatestEstimatedDeliveryTime=null, EstimatedDeliveryReference=null, EstimatedDeliveryTimeZone=null, CustomProductName=Powertech Identity & Access Manager (BoKS)-NewMaintenance, SubscriptionTerm=null, OrderItemGroupId=null, SegmentIdentifier=null, SegmentType=null, SegmentName=null, IsPrimarySegment=false, OrderItemRecipientId=null, RampIdentifier=null, QuantityUnitOfMeasureId=null, UnitPriceUplift=null, BindingInstanceTargetId=null, PricingContractId=null, RevenueCloudPackagingFlag=P, IsOrderItemLocked=false, RelatedChangeIdentifier=null, SupplementalChangeType=null, AggregatedQuantity=null, BatchIdentifier=null, DoesAutomaticallyRenew=false, Margin=null, MarginAmount=null, UnitCost=null, TotalCost=null, TotalAdjustment=null, TotalMargin=null, TotalMarginAmount=null, PriceRevisionPolicyId=null, ReplacementGroupId=null, Currency__c=USD, Workday_Sync_Correlation_Id__c=null, Workday_Sync_Message__c=null, Workday_Sync_Payload__c=null, Workday_Sync_Status__c=null, Multiple_Element_Rev_Alloc_Value__c=false, Workday_Revenue_Category__c=null, Billing_Schedule_From_Date__c=2026-06-15 00:00:00, Billing_Schedule_To_Date__c=2027-06-14 00:00:00, Custom_Product_Name__c=null, Ship_To_Address__c=null, Legacy_Id__c=null, DoNotExpand__c=false, Royalty_Amount__c=null, Exchange_Rate_To_USD__c=null, gsOrderDetailID__c=null, gsOrderID__c=null, Asset__c=null, Entitlement__c=null, Feature_Code__c=null, Freight_Terms__c=null, GSA__c=false, Hardware_ID__c=null, Hardware__c=null, Hostname__c=null, Instances__c=null, Is_Term__c=false, COLA_Uplift_Percent__c=null, End_Date_Calculated__c=2027-06-14 00:00:00, Legacy_Source__c=null, MSP_End_User__c=null, MYCAP__c=false, Maintenance_Discount_Percent__c=null, Manual_Discount__c=null, Migration_Change__c=null, Model__c=null, Number_of_Processors__c=null, Order_Is_Price_Locked__c=false, Override_Discount_Amount__c=null, Override_Discount_Percentage__c=null, Partition__c=null, Partner_Discount_Type__c=null, Price_Overriden__c=false, Prior_Feature_Code__c=null, Prior_Group_Number__c=null, Prior_Model__c=null, Prior_Number_of_Processors__c=null, Prior_Serial_Number__c=null, Product_Sale_Type__c=null, Product_type__c=null, Quantity_Back_Ordered__c=null, Quantity_Shipped__c=null, RSM_Discount_Percent__c=null, RSM__c=null, Requested_Delivery_Date__c=null, Sales_Support_Notes__c=null, Sequence_Number__c=null, Server_Type_Discount_Percent__c=null, Skip_Price_Calculation__c=false, Swap__c=false, System_Type__c=null, Tax_Code__c=null, Units__c=null, Uplift_Percent__c=null, Version_Number__c=null, Fortra_Product_Type__c=New Maintenance, Year_After_StartDate__c=false, Two_Years_After_Start_Date__c=false, Order_Line_ARR__c=null, Base_Price__c=355.0, Displaced_ARR__c=null, Is_Split_Line__c=false, Original_Order_Item__c=null, Partition_Record__c=null, Quote_Legal_Entity__c=Fortra, LLC*, Serial_Number__c=null, AllowRegionalPricing__c=false, Attribute_Multiplier_Pct__c=null, Attribute_Price_Mode__c=null, COLACalculatedPrice__c=null, Has_Attribute_Adjustment__c=false, RegionalNetUnitPrice__c=null, Quote_Line_Discount_Reason__c=null, Billing_Frequency__c=Yearly_Billing_Template, Order_Line_NARR_Calculated__c=0.0, Workday_Contract_Line_Reference_ID__c=null, LPAR_Number__c=null, LPAR_System_Name__c=null, Workday_Contract_Line_Type__c=FIXED AMOUNT, Start_Date_Calculated__c=2026-06-15 00:00:00, LegacyQuoteLineDiscount__c=null, LIC_Fair_Value_Amount__c=null, MAINT_Fair_Value_Amount__c=null, Source_List_Price__c=355.0, Prior_Discretionary_Discount__c=null, Prior_Partner_Discount__c=null, NetTotalPrice_Calculated__c=0.0}
10:38:34.577 (4698774175)|FLOW_VALUE_ASSIGNMENT|14425a77c9c6976ac6f11fbf58819ecc4100db-3bae|Set_Workday_Contract_Line_Type_Fixed_Amount|true
10:38:34.577 (4698779112)|FLOW_VALUE_ASSIGNMENT|14425a77c9c6976ac6f11fbf58819ecc4100db-3bae|Set_Workday_Contract_Line_Type_Fixed_Amount__CONDITIONS_RESULT|true
10:38:34.577 (4699040878)|FLOW_BULK_ELEMENT_LIMIT_USAGE|1 DML statements, total 1 out of 150
10:38:34.577 (4699050450)|FLOW_BULK_ELEMENT_LIMIT_USAGE|3 DML rows, total 3 out of 10000
10:38:34.577 (4699056689)|FLOW_BULK_ELEMENT_LIMIT_USAGE|71 ms CPU time, total 2419 out of 15000
10:38:34.577 (4699086836)|FLOW_BULK_ELEMENT_END|FlowRecordUpdate|Set_Workday_Contract_Line_Type_Fixed_Amount|3|109
10:38:34.577 (4699522267)|FLOW_START_INTERVIEWS_END|3
10:38:34.577 (4699885551)|FLOW_INTERVIEW_FINISHED|14225a77c9c6976ac6f11fbf58819ecc4100db-3bac|(Deprecated)Fortra &#124; Autolaunched &#124; Set Workday Contract Line Type
10:38:34.577 (4699959608)|FLOW_INTERVIEW_FINISHED_LIMIT_USAGE|SOQL queries: 0 out of 100
10:38:34.577 (4699966527)|FLOW_INTERVIEW_FINISHED_LIMIT_USAGE|SOQL query rows: 0 out of 50000
10:38:34.577 (4699972863)|FLOW_INTERVIEW_FINISHED_LIMIT_USAGE|SOSL queries: 0 out of 20
10:38:34.577 (4699977860)|FLOW_INTERVIEW_FINISHED_LIMIT_USAGE|DML statements: 1 out of 150
10:38:34.577 (4699982829)|FLOW_INTERVIEW_FINISHED_LIMIT_USAGE|DML rows: 3 out of 10000
10:38:34.577 (4699988467)|FLOW_INTERVIEW_FINISHED_LIMIT_USAGE|CPU time in ms: 2419 out of 15000
10:38:34.577 (4700001841)|FLOW_INTERVIEW_FINISHED_LIMIT_USAGE|Heap size in bytes: 0 out of 6000000
10:38:34.577 (4700007300)|FLOW_INTERVIEW_FINISHED_LIMIT_USAGE|Callouts: 0 out of 100
10:38:34.577 (4700011618)|FLOW_INTERVIEW_FINISHED_LIMIT_USAGE|Email invocations: 0 out of 10
10:38:34.577 (4700015883)|FLOW_INTERVIEW_FINISHED_LIMIT_USAGE|Future calls: 0 out of 50
10:38:34.577 (4700050809)|FLOW_INTERVIEW_FINISHED_LIMIT_USAGE|Jobs in queue: 0 out of 50
10:38:34.577 (4700058198)|FLOW_INTERVIEW_FINISHED|14325a77c9c6976ac6f11fbf58819ecc4100db-3bad|(Deprecated)Fortra &#124; Autolaunched &#124; Set Workday Contract Line Type
10:38:34.577 (4700066442)|FLOW_INTERVIEW_FINISHED_LIMIT_USAGE|SOQL queries: 0 out of 100
10:38:34.577 (4700070591)|FLOW_INTERVIEW_FINISHED_LIMIT_USAGE|SOQL query rows: 0 out of 50000
10:38:34.577 (4700074377)|FLOW_INTERVIEW_FINISHED_LIMIT_USAGE|SOSL queries: 0 out of 20
10:38:34.577 (4700078037)|FLOW_INTERVIEW_FINISHED_LIMIT_USAGE|DML statements: 1 out of 150
10:38:34.577 (4700088484)|FLOW_INTERVIEW_FINISHED_LIMIT_USAGE|DML rows: 3 out of 10000
10:38:34.577 (4700091974)|FLOW_INTERVIEW_FINISHED_LIMIT_USAGE|CPU time in ms: 2419 out of 15000
10:38:34.577 (4700096610)|FLOW_INTERVIEW_FINISHED_LIMIT_USAGE|Heap size in bytes: 0 out of 6000000
10:38:34.577 (4700100199)|FLOW_INTERVIEW_FINISHED_LIMIT_USAGE|Callouts: 0 out of 100
10:38:34.577 (4700104485)|FLOW_INTERVIEW_FINISHED_LIMIT_USAGE|Email invocations: 0 out of 10
10:38:34.577 (4700108169)|FLOW_INTERVIEW_FINISHED_LIMIT_USAGE|Future calls: 0 out of 50
10:38:34.577 (4700112282)|FLOW_INTERVIEW_FINISHED_LIMIT_USAGE|Jobs in queue: 0 out of 50
10:38:34.577 (4700117588)|FLOW_INTERVIEW_FINISHED|14425a77c9c6976ac6f11fbf58819ecc4100db-3bae|(Deprecated)Fortra &#124; Autolaunched &#124; Set Workday Contract Line Type
10:38:34.577 (4700124420)|FLOW_INTERVIEW_FINISHED_LIMIT_USAGE|SOQL queries: 0 out of 100
10:38:34.577 (4700128087)|FLOW_INTERVIEW_FINISHED_LIMIT_USAGE|SOQL query rows: 0 out of 50000
10:38:34.577 (4700131832)|FLOW_INTERVIEW_FINISHED_LIMIT_USAGE|SOSL queries: 0 out of 20
10:38:34.577 (4700135412)|FLOW_INTERVIEW_FINISHED_LIMIT_USAGE|DML statements: 1 out of 150
10:38:34.577 (4700139653)|FLOW_INTERVIEW_FINISHED_LIMIT_USAGE|DML rows: 3 out of 10000
10:38:34.577 (4700143308)|FLOW_INTERVIEW_FINISHED_LIMIT_USAGE|CPU time in ms: 2419 out of 15000
10:38:34.577 (4700147669)|FLOW_INTERVIEW_FINISHED_LIMIT_USAGE|Heap size in bytes: 0 out of 6000000
10:38:34.577 (4700151385)|FLOW_INTERVIEW_FINISHED_LIMIT_USAGE|Callouts: 0 out of 100
10:38:34.577 (4700155142)|FLOW_INTERVIEW_FINISHED_LIMIT_USAGE|Email invocations: 0 out of 10
10:38:34.577 (4700158745)|FLOW_INTERVIEW_FINISHED_LIMIT_USAGE|Future calls: 0 out of 50
10:38:34.577 (4700162640)|FLOW_INTERVIEW_FINISHED_LIMIT_USAGE|Jobs in queue: 0 out of 50
10:38:34.703 (4703555026)|FLOW_CREATE_INTERVIEW_BEGIN|00DWC000006eUFF|300WC00000QqP3O|301WC00000kUYVF
10:38:34.703 (4703657897)|FLOW_CREATE_INTERVIEW_END|14525a77c9c6976ac6f11fbf58819ecc4100db-3baf|Fortra &#124; OrderItem &#124; Set Workday Contract Line Type
10:38:34.703 (4703694823)|FLOW_CREATE_INTERVIEW_END|14625a77c9c6976ac6f11fbf58819ecc4100db-3bb0|Fortra &#124; OrderItem &#124; Set Workday Contract Line Type
10:38:34.703 (4703703692)|FLOW_CREATE_INTERVIEW_END|14725a77c9c6976ac6f11fbf58819ecc4100db-3bb1|Fortra &#124; OrderItem &#124; Set Workday Contract Line Type
10:38:34.704 (4704326208)|FLOW_START_INTERVIEWS_BEGIN|3
10:38:34.704 (4704370854)|FLOW_START_INTERVIEW_BEGIN|14525a77c9c6976ac6f11fbf58819ecc4100db-3baf|Fortra &#124; OrderItem &#124; Set Workday Contract Line Type
10:38:34.704 (4704431474)|FLOW_START_INTERVIEW_LIMIT_USAGE|SOQL queries: 0 out of 100
10:38:34.704 (4704440354)|FLOW_START_INTERVIEW_LIMIT_USAGE|SOQL query rows: 0 out of 50000
10:38:34.704 (4704447194)|FLOW_START_INTERVIEW_LIMIT_USAGE|SOSL queries: 0 out of 20
10:38:34.704 (4704453439)|FLOW_START_INTERVIEW_LIMIT_USAGE|DML statements: 1 out of 150
10:38:34.704 (4704459558)|FLOW_START_INTERVIEW_LIMIT_USAGE|DML rows: 3 out of 10000
10:38:34.704 (4704466017)|FLOW_START_INTERVIEW_LIMIT_USAGE|CPU time in ms: 2422 out of 15000
10:38:34.704 (4704476913)|FLOW_START_INTERVIEW_LIMIT_USAGE|Heap size in bytes: 0 out of 6000000
10:38:34.704 (4704520017)|FLOW_START_INTERVIEW_LIMIT_USAGE|Callouts: 0 out of 100
10:38:34.704 (4704527067)|FLOW_START_INTERVIEW_LIMIT_USAGE|Email invocations: 0 out of 10
10:38:34.704 (4704553395)|FLOW_START_INTERVIEW_LIMIT_USAGE|Future calls: 0 out of 50
10:38:34.704 (4704560241)|FLOW_START_INTERVIEW_LIMIT_USAGE|Jobs in queue: 0 out of 50
10:38:34.704 (4704566777)|FLOW_START_INTERVIEW_LIMIT_USAGE|Push notifications: 0 out of 10
10:38:34.704 (4708737213)|FLOW_VALUE_ASSIGNMENT|14525a77c9c6976ac6f11fbf58819ecc4100db-3baf|$Record|{Id=802WC00000OpopoYAB, Product2Id=01tWC00000DD11JYAT, IsDeleted=false, OrderId=801WC00000knHDLYA2, PricebookEntryId=01uWC000005wrrDYAQ, OriginalOrderItemId=null, QuoteLineItemId=0QLWC000003ehSj4AI, AvailableQuantity=1.0, Quantity=1.0, CurrencyIsoCode=USD, UnitPrice=94000.0, ListPrice=94000.0, TotalPrice=94000.0, BillingReference2=null, ServiceDate=2026-06-15 00:00:00, ServiceTime=00:00:00.000Z, ServiceDateTime=null, EndDate=null, EndTime=null, EndDateTime=null, ServiceEndTimeZone=GMT, Description=null, TotalLineAmount=94000.0, TotalAdjustmentAmount=0.0, TotalLineAdjustmentAmount=0.0, TotalAdjustmentDistAmount=0.0, TotalAdjustmentTaxAmount=0.0, TotalLineAdjustmentTaxAmount=0.0, TotalAdjustmentDistTaxAmount=0.0, TotalLineTaxAmount=0.0, TotalTaxAmount=0.0, RoundedLineAmount=94000.0, AdjustedLineAmount=94000.0, TotalAdjustedLineTaxAmount=0.0, RoundedLineAmtWithTax=94000.0, TotalAdjustmentAmtWithTax=0.0, AdjustedLineAmtWithTax=94000.0, TotalLineAdjustmentAmtWithTax=0.0, TotalAdjustmentDistAmtWithTax=0.0, TotalAmtWithTax=94000.0, OrderDeliveryGroupId=null, RelatedOrderItemId=null, Type=null, TypeCode=null, TaxTreatmentId=null, LegalEntityId=0fwWC000000034LYAQ, BillingTreatmentId=null, ProductSellingModelId=0jPWC000000060b2AA, OrderActionId=8OAWC000002SOpS4AW, ProrationPolicyId=0mua50000004KzRAAU, PeriodBoundary=Anniversary, PeriodBoundaryStartMonth=null, PeriodBoundaryDay=null, PricingTermCount=null, NetUnitPrice=94000.0, BillingFrequency2=Annual, ParentOrderItemId=null, Status=null, LineNumber=1, CreatedDate=2026-06-15 14:12:47, CreatedById=005a500001SfRd7AAF, LastModifiedDate=2026-06-15 17:38:35, LastModifiedById=005WC00000MgTN2YAN, SystemModstamp=2026-06-15 17:38:35, OrderItemNumber=0000564381, PriceWaterfallIdentifier=802WC00000OpopoYAB:149322018783677, StartQuantity=0.0, EndQuantity=1.0, NetTotalPrice=94000.0, Discount=null, DiscountAmount=null, PartnerDiscountPercent=null, PartnerUnitPrice=null, ValidationResult=null, EarliestEstimatedDeliveryDate=null, LatestEstimatedDeliveryDate=null, EarliestEstimatedDeliveryTime=null, LatestEstimatedDeliveryTime=null, EstimatedDeliveryReference=null, EstimatedDeliveryTimeZone=null, CustomProductName=null, SubscriptionTerm=1, OrderItemGroupId=null, SegmentIdentifier=null, SegmentType=null, SegmentName=null, IsPrimarySegment=false, OrderItemRecipientId=null, RampIdentifier=null, QuantityUnitOfMeasureId=null, UnitPriceUplift=null, BindingInstanceTargetId=null, PricingContractId=null, RevenueCloudPackagingFlag=CP, IsOrderItemLocked=false, RelatedChangeIdentifier=null, SupplementalChangeType=null, AggregatedQuantity=1.0, BatchIdentifier=null, DoesAutomaticallyRenew=false, Margin=null, MarginAmount=null, UnitCost=null, TotalCost=null, TotalAdjustment=null, TotalMargin=null, TotalMarginAmount=null, PriceRevisionPolicyId=null, ReplacementGroupId=null, Currency__c=USD, Workday_Sync_Correlation_Id__c=null, Workday_Sync_Message__c=null, Workday_Sync_Payload__c=null, Workday_Sync_Status__c=null, Multiple_Element_Rev_Alloc_Value__c=false, Workday_Revenue_Category__c=null, Billing_Schedule_From_Date__c=2026-06-15 00:00:00, Billing_Schedule_To_Date__c=2027-06-14 00:00:00, Custom_Product_Name__c=null, Ship_To_Address__c=null, Legacy_Id__c=null, DoNotExpand__c=false, Royalty_Amount__c=null, Exchange_Rate_To_USD__c=null, gsOrderDetailID__c=null, gsOrderID__c=null, Asset__c=null, Entitlement__c=null, Feature_Code__c=null, Freight_Terms__c=null, GSA__c=false, Hardware_ID__c=null, Hardware__c=null, Hostname__c=null, Instances__c=null, Is_Term__c=false, COLA_Uplift_Percent__c=null, End_Date_Calculated__c=2027-06-14 00:00:00, Legacy_Source__c=null, MSP_End_User__c=null, MYCAP__c=false, Maintenance_Discount_Percent__c=null, Manual_Discount__c=null, Migration_Change__c=null, Model__c=null, Number_of_Processors__c=null, Order_Is_Price_Locked__c=false, Override_Discount_Amount__c=null, Override_Discount_Percentage__c=null, Partition__c=null, Partner_Discount_Type__c=null, Price_Overriden__c=false, Prior_Feature_Code__c=null, Prior_Group_Number__c=null, Prior_Model__c=null, Prior_Number_of_Processors__c=null, Prior_Serial_Number__c=null, Product_Sale_Type__c=null, Product_type__c=null, Quantity_Back_Ordered__c=null, Quantity_Shipped__c=null, RSM_Discount_Percent__c=null, RSM__c=null, Requested_Delivery_Date__c=null, Sales_Support_Notes__c=null, Sequence_Number__c=null, Server_Type_Discount_Percent__c=null, Skip_Price_Calculation__c=false, Swap__c=false, System_Type__c=null, Tax_Code__c=null, Units__c=null, Uplift_Percent__c=null, Version_Number__c=null, Fortra_Product_Type__c=Subscription, Year_After_StartDate__c=false, Two_Years_After_Start_Date__c=false, Order_Line_ARR__c=null, Base_Price__c=null, Displaced_ARR__c=null, Is_Split_Line__c=false, Original_Order_Item__c=null, Partition_Record__c=null, Quote_Legal_Entity__c=Fortra, LLC*, Serial_Number__c=null, AllowRegionalPricing__c=false, Attribute_Multiplier_Pct__c=null, Attribute_Price_Mode__c=null, COLACalculatedPrice__c=null, Has_Attribute_Adjustment__c=false, RegionalNetUnitPrice__c=null, Quote_Line_Discount_Reason__c=null, Billing_Frequency__c=Yearly_Billing_Template, Order_Line_NARR_Calculated__c=0.0, Workday_Contract_Line_Reference_ID__c=null, LPAR_Number__c=null, LPAR_System_Name__c=null, Workday_Contract_Line_Type__c=FIXED AMOUNT, Start_Date_Calculated__c=2026-06-15 00:00:00, LegacyQuoteLineDiscount__c=null, LIC_Fair_Value_Amount__c=null, MAINT_Fair_Value_Amount__c=null, Source_List_Price__c=null, Prior_Discretionary_Discount__c=null, Prior_Partner_Discount__c=null, NetTotalPrice_Calculated__c=94000.0}
10:38:34.704 (4708943164)|FLOW_ELEMENT_BEGIN|14525a77c9c6976ac6f11fbf58819ecc4100db-3baf|FlowRecordLookup|Get_Product
10:38:34.704 (4708966115)|FLOW_ELEMENT_DEFERRED|FlowRecordLookup|Get_Product
10:38:34.704 (4709020989)|FLOW_ELEMENT_LIMIT_USAGE|4 ms CPU time, total 2426 out of 15000
10:38:34.704 (4709032190)|FLOW_ELEMENT_END|14525a77c9c6976ac6f11fbf58819ecc4100db-3baf|FlowRecordLookup|Get_Product
10:38:34.704 (4710184381)|FLOW_START_INTERVIEW_END|14525a77c9c6976ac6f11fbf58819ecc4100db-3baf|Fortra &#124; OrderItem &#124; Set Workday Contract Line Type
10:38:34.704 (4710214696)|FLOW_START_INTERVIEW_BEGIN|14625a77c9c6976ac6f11fbf58819ecc4100db-3bb0|Fortra &#124; OrderItem &#124; Set Workday Contract Line Type
10:38:34.704 (4710270803)|FLOW_START_INTERVIEW_LIMIT_USAGE|SOQL queries: 0 out of 100
10:38:34.704 (4710280475)|FLOW_START_INTERVIEW_LIMIT_USAGE|SOQL query rows: 0 out of 50000
10:38:34.704 (4710304556)|FLOW_START_INTERVIEW_LIMIT_USAGE|SOSL queries: 0 out of 20
10:38:34.704 (4710311299)|FLOW_START_INTERVIEW_LIMIT_USAGE|DML statements: 1 out of 150
10:38:34.704 (4710317390)|FLOW_START_INTERVIEW_LIMIT_USAGE|DML rows: 3 out of 10000
10:38:34.704 (4710323765)|FLOW_START_INTERVIEW_LIMIT_USAGE|CPU time in ms: 2427 out of 15000
10:38:34.704 (4710332482)|FLOW_START_INTERVIEW_LIMIT_USAGE|Heap size in bytes: 0 out of 6000000
10:38:34.704 (4710339399)|FLOW_START_INTERVIEW_LIMIT_USAGE|Callouts: 0 out of 100
10:38:34.704 (4710344916)|FLOW_START_INTERVIEW_LIMIT_USAGE|Email invocations: 0 out of 10
10:38:34.704 (4710350992)|FLOW_START_INTERVIEW_LIMIT_USAGE|Future calls: 0 out of 50
10:38:34.704 (4710356638)|FLOW_START_INTERVIEW_LIMIT_USAGE|Jobs in queue: 0 out of 50
10:38:34.704 (4710363030)|FLOW_START_INTERVIEW_LIMIT_USAGE|Push notifications: 0 out of 10
10:38:34.704 (4713935772)|FLOW_VALUE_ASSIGNMENT|14625a77c9c6976ac6f11fbf58819ecc4100db-3bb0|$Record|{Id=802WC00000OpoppYAB, Product2Id=01tWC00000DD1btYAD, IsDeleted=false, OrderId=801WC00000knHDLYA2, PricebookEntryId=01uWC000005ws8MYAQ, OriginalOrderItemId=null, QuoteLineItemId=0QLWC000003ehR74AI, AvailableQuantity=1.0, Quantity=1.0, CurrencyIsoCode=USD, UnitPrice=301.75, ListPrice=355.0, TotalPrice=256.4875, BillingReference2=null, ServiceDate=null, ServiceTime=null, ServiceDateTime=null, EndDate=null, EndTime=null, EndDateTime=null, ServiceEndTimeZone=null, Description=Powertech Identity & Access Manager (BoKS) &#124; Standard, TotalLineAmount=301.75, TotalAdjustmentAmount=-45.2625, TotalLineAdjustmentAmount=0.0, TotalAdjustmentDistAmount=0.0, TotalAdjustmentTaxAmount=0.0, TotalLineAdjustmentTaxAmount=0.0, TotalAdjustmentDistTaxAmount=0.0, TotalLineTaxAmount=0.0, TotalTaxAmount=0.0, RoundedLineAmount=301.75, AdjustedLineAmount=256.4875, TotalAdjustedLineTaxAmount=0.0, RoundedLineAmtWithTax=301.75, TotalAdjustmentAmtWithTax=-45.2625, AdjustedLineAmtWithTax=256.4875, TotalLineAdjustmentAmtWithTax=0.0, TotalAdjustmentDistAmtWithTax=0.0, TotalAmtWithTax=256.4875, OrderDeliveryGroupId=null, RelatedOrderItemId=null, Type=null, TypeCode=null, TaxTreatmentId=null, LegalEntityId=0fwWC000000034LYAQ, BillingTreatmentId=null, ProductSellingModelId=0jPWC00000005yz2AA, OrderActionId=8OAWC000002SOpS4AW, ProrationPolicyId=null, PeriodBoundary=null, PeriodBoundaryStartMonth=null, PeriodBoundaryDay=null, PricingTermCount=0.0, NetUnitPrice=256.4875, BillingFrequency2=null, ParentOrderItemId=null, Status=null, LineNumber=2, CreatedDate=2026-06-15 14:12:47, CreatedById=005a500001SfRd7AAF, LastModifiedDate=2026-06-15 17:38:35, LastModifiedById=005WC00000MgTN2YAN, SystemModstamp=2026-06-15 17:38:35, OrderItemNumber=0000564382, PriceWaterfallIdentifier=802WC00000OpoppYAB:149322018783677, StartQuantity=0.0, EndQuantity=1.0, NetTotalPrice=256.4875, Discount=null, DiscountAmount=null, PartnerDiscountPercent=15.0, PartnerUnitPrice=301.75, ValidationResult=null, EarliestEstimatedDeliveryDate=null, LatestEstimatedDeliveryDate=null, EarliestEstimatedDeliveryTime=null, LatestEstimatedDeliveryTime=null, EstimatedDeliveryReference=null, EstimatedDeliveryTimeZone=null, CustomProductName=null, SubscriptionTerm=null, OrderItemGroupId=null, SegmentIdentifier=null, SegmentType=null, SegmentName=null, IsPrimarySegment=false, OrderItemRecipientId=null, RampIdentifier=null, QuantityUnitOfMeasureId=null, UnitPriceUplift=null, BindingInstanceTargetId=null, PricingContractId=null, RevenueCloudPackagingFlag=CP, IsOrderItemLocked=false, RelatedChangeIdentifier=null, SupplementalChangeType=null, AggregatedQuantity=1.0, BatchIdentifier=null, DoesAutomaticallyRenew=false, Margin=null, MarginAmount=null, UnitCost=null, TotalCost=null, TotalAdjustment=null, TotalMargin=null, TotalMarginAmount=null, PriceRevisionPolicyId=null, ReplacementGroupId=null, Currency__c=USD, Workday_Sync_Correlation_Id__c=null, Workday_Sync_Message__c=null, Workday_Sync_Payload__c=null, Workday_Sync_Status__c=null, Multiple_Element_Rev_Alloc_Value__c=false, Workday_Revenue_Category__c=null, Billing_Schedule_From_Date__c=2026-06-15 00:00:00, Billing_Schedule_To_Date__c=2026-06-15 00:00:00, Custom_Product_Name__c=null, Ship_To_Address__c=null, Legacy_Id__c=null, DoNotExpand__c=false, Royalty_Amount__c=null, Exchange_Rate_To_USD__c=null, gsOrderDetailID__c=null, gsOrderID__c=null, Asset__c=null, Entitlement__c=null, Feature_Code__c=null, Freight_Terms__c=null, GSA__c=false, Hardware_ID__c=null, Hardware__c=null, Hostname__c=null, Instances__c=null, Is_Term__c=false, COLA_Uplift_Percent__c=null, End_Date_Calculated__c=2026-06-15 00:00:00, Legacy_Source__c=null, MSP_End_User__c=null, MYCAP__c=false, Maintenance_Discount_Percent__c=null, Manual_Discount__c=null, Migration_Change__c=null, Model__c=null, Number_of_Processors__c=null, Order_Is_Price_Locked__c=false, Override_Discount_Amount__c=null, Override_Discount_Percentage__c=null, Partition__c=null, Partner_Discount_Type__c=null, Price_Overriden__c=false, Prior_Feature_Code__c=null, Prior_Group_Number__c=null, Prior_Model__c=null, Prior_Number_of_Processors__c=null, Prior_Serial_Number__c=null, Product_Sale_Type__c=null, Product_type__c=null, Quantity_Back_Ordered__c=null, Quantity_Shipped__c=null, RSM_Discount_Percent__c=null, RSM__c=null, Requested_Delivery_Date__c=null, Sales_Support_Notes__c=null, Sequence_Number__c=null, Server_Type_Discount_Percent__c=null, Skip_Price_Calculation__c=false, Swap__c=false, System_Type__c=null, Tax_Code__c=null, Units__c=null, Uplift_Percent__c=null, Version_Number__c=null, Fortra_Product_Type__c=Perpetual, Year_After_StartDate__c=false, Two_Years_After_Start_Date__c=false, Order_Line_ARR__c=null, Base_Price__c=null, Displaced_ARR__c=null, Is_Split_Line__c=false, Original_Order_Item__c=null, Partition_Record__c=null, Quote_Legal_Entity__c=Fortra, LLC*, Serial_Number__c=null, AllowRegionalPricing__c=false, Attribute_Multiplier_Pct__c=null, Attribute_Price_Mode__c=null, COLACalculatedPrice__c=null, Has_Attribute_Adjustment__c=false, RegionalNetUnitPrice__c=null, Quote_Line_Discount_Reason__c=null, Billing_Frequency__c=Yearly_Billing_Template, Order_Line_NARR_Calculated__c=0.0, Workday_Contract_Line_Reference_ID__c=null, LPAR_Number__c=null, LPAR_System_Name__c=null, Workday_Contract_Line_Type__c=FIXED AMOUNT, Start_Date_Calculated__c=2026-06-15 00:00:00, LegacyQuoteLineDiscount__c=null, LIC_Fair_Value_Amount__c=null, MAINT_Fair_Value_Amount__c=null, Source_List_Price__c=null, Prior_Discretionary_Discount__c=null, Prior_Partner_Discount__c=null, NetTotalPrice_Calculated__c=256.49}
10:38:34.704 (4714172230)|FLOW_ELEMENT_BEGIN|14625a77c9c6976ac6f11fbf58819ecc4100db-3bb0|FlowRecordLookup|Get_Product
10:38:34.704 (4714194439)|FLOW_ELEMENT_DEFERRED|FlowRecordLookup|Get_Product
10:38:34.704 (4714244961)|FLOW_ELEMENT_LIMIT_USAGE|3 ms CPU time, total 2430 out of 15000
10:38:34.704 (4714252686)|FLOW_ELEMENT_END|14625a77c9c6976ac6f11fbf58819ecc4100db-3bb0|FlowRecordLookup|Get_Product
10:38:34.704 (4714313229)|FLOW_START_INTERVIEW_END|14625a77c9c6976ac6f11fbf58819ecc4100db-3bb0|Fortra &#124; OrderItem &#124; Set Workday Contract Line Type
10:38:34.704 (4714329301)|FLOW_START_INTERVIEW_BEGIN|14725a77c9c6976ac6f11fbf58819ecc4100db-3bb1|Fortra &#124; OrderItem &#124; Set Workday Contract Line Type
10:38:34.704 (4714355507)|FLOW_START_INTERVIEW_LIMIT_USAGE|SOQL queries: 0 out of 100
10:38:34.704 (4714363630)|FLOW_START_INTERVIEW_LIMIT_USAGE|SOQL query rows: 0 out of 50000
10:38:34.704 (4714370549)|FLOW_START_INTERVIEW_LIMIT_USAGE|SOSL queries: 0 out of 20
10:38:34.704 (4714376850)|FLOW_START_INTERVIEW_LIMIT_USAGE|DML statements: 1 out of 150
10:38:34.704 (4714383276)|FLOW_START_INTERVIEW_LIMIT_USAGE|DML rows: 3 out of 10000
10:38:34.704 (4714389095)|FLOW_START_INTERVIEW_LIMIT_USAGE|CPU time in ms: 2430 out of 15000
10:38:34.704 (4714396435)|FLOW_START_INTERVIEW_LIMIT_USAGE|Heap size in bytes: 0 out of 6000000
10:38:34.704 (4714402446)|FLOW_START_INTERVIEW_LIMIT_USAGE|Callouts: 0 out of 100
10:38:34.704 (4714407939)|FLOW_START_INTERVIEW_LIMIT_USAGE|Email invocations: 0 out of 10
10:38:34.704 (4714414101)|FLOW_START_INTERVIEW_LIMIT_USAGE|Future calls: 0 out of 50
10:38:34.704 (4714419955)|FLOW_START_INTERVIEW_LIMIT_USAGE|Jobs in queue: 0 out of 50
10:38:34.704 (4714426496)|FLOW_START_INTERVIEW_LIMIT_USAGE|Push notifications: 0 out of 10
10:38:34.704 (4718007142)|FLOW_VALUE_ASSIGNMENT|14725a77c9c6976ac6f11fbf58819ecc4100db-3bb1|$Record|{Id=802WC00000OpopqYAB, Product2Id=01tWC00000DD1bsYAD, IsDeleted=false, OrderId=801WC00000knHDLYA2, PricebookEntryId=01uWC000005wsbUYAQ, OriginalOrderItemId=null, QuoteLineItemId=0QLWC000003ehR84AI, AvailableQuantity=0.0, Quantity=0.0, CurrencyIsoCode=USD, UnitPrice=null, ListPrice=0.0, TotalPrice=0.0, BillingReference2=802WC00000OZLOrYAP, ServiceDate=2026-06-15 00:00:00, ServiceTime=00:00:00.000Z, ServiceDateTime=null, EndDate=null, EndTime=null, EndDateTime=null, ServiceEndTimeZone=GMT, Description=Powertech Identity & Access Manager (BoKS)-NewMaintenance &#124; Standard, TotalLineAmount=0.0, TotalAdjustmentAmount=0.0, TotalLineAdjustmentAmount=0.0, TotalAdjustmentDistAmount=0.0, TotalAdjustmentTaxAmount=0.0, TotalLineAdjustmentTaxAmount=0.0, TotalAdjustmentDistTaxAmount=0.0, TotalLineTaxAmount=0.0, TotalTaxAmount=0.0, RoundedLineAmount=0.0, AdjustedLineAmount=0.0, TotalAdjustedLineTaxAmount=0.0, RoundedLineAmtWithTax=0.0, TotalAdjustmentAmtWithTax=0.0, AdjustedLineAmtWithTax=0.0, TotalLineAdjustmentAmtWithTax=0.0, TotalAdjustmentDistAmtWithTax=0.0, TotalAmtWithTax=0.0, OrderDeliveryGroupId=null, RelatedOrderItemId=null, Type=null, TypeCode=null, TaxTreatmentId=null, LegalEntityId=0fwWC000000034LYAQ, BillingTreatmentId=1BTWC000000Mdh34AC, ProductSellingModelId=0jPWC00000005yz2AA, OrderActionId=8OAWC000002SOpR4AW, ProrationPolicyId=null, PeriodBoundary=null, PeriodBoundaryStartMonth=null, PeriodBoundaryDay=null, PricingTermCount=null, NetUnitPrice=null, BillingFrequency2=null, ParentOrderItemId=null, Status=null, LineNumber=3, CreatedDate=2026-06-15 14:12:47, CreatedById=005a500001SfRd7AAF, LastModifiedDate=2026-06-15 17:38:35, LastModifiedById=005WC00000MgTN2YAN, SystemModstamp=2026-06-15 17:38:35, OrderItemNumber=0000564383, PriceWaterfallIdentifier=null, StartQuantity=1.0, EndQuantity=1.0, NetTotalPrice=0.0, Discount=null, DiscountAmount=null, PartnerDiscountPercent=12.0, PartnerUnitPrice=null, ValidationResult=null, EarliestEstimatedDeliveryDate=null, LatestEstimatedDeliveryDate=null, EarliestEstimatedDeliveryTime=null, LatestEstimatedDeliveryTime=null, EstimatedDeliveryReference=null, EstimatedDeliveryTimeZone=null, CustomProductName=Powertech Identity & Access Manager (BoKS)-NewMaintenance, SubscriptionTerm=null, OrderItemGroupId=null, SegmentIdentifier=null, SegmentType=null, SegmentName=null, IsPrimarySegment=false, OrderItemRecipientId=null, RampIdentifier=null, QuantityUnitOfMeasureId=null, UnitPriceUplift=null, BindingInstanceTargetId=null, PricingContractId=null, RevenueCloudPackagingFlag=P, IsOrderItemLocked=false, RelatedChangeIdentifier=null, SupplementalChangeType=null, AggregatedQuantity=null, BatchIdentifier=null, DoesAutomaticallyRenew=false, Margin=null, MarginAmount=null, UnitCost=null, TotalCost=null, TotalAdjustment=null, TotalMargin=null, TotalMarginAmount=null, PriceRevisionPolicyId=null, ReplacementGroupId=null, Currency__c=USD, Workday_Sync_Correlation_Id__c=null, Workday_Sync_Message__c=null, Workday_Sync_Payload__c=null, Workday_Sync_Status__c=null, Multiple_Element_Rev_Alloc_Value__c=false, Workday_Revenue_Category__c=null, Billing_Schedule_From_Date__c=2026-06-15 00:00:00, Billing_Schedule_To_Date__c=2027-06-14 00:00:00, Custom_Product_Name__c=null, Ship_To_Address__c=null, Legacy_Id__c=null, DoNotExpand__c=false, Royalty_Amount__c=null, Exchange_Rate_To_USD__c=null, gsOrderDetailID__c=null, gsOrderID__c=null, Asset__c=null, Entitlement__c=null, Feature_Code__c=null, Freight_Terms__c=null, GSA__c=false, Hardware_ID__c=null, Hardware__c=null, Hostname__c=null, Instances__c=null, Is_Term__c=false, COLA_Uplift_Percent__c=null, End_Date_Calculated__c=2027-06-14 00:00:00, Legacy_Source__c=null, MSP_End_User__c=null, MYCAP__c=false, Maintenance_Discount_Percent__c=null, Manual_Discount__c=null, Migration_Change__c=null, Model__c=null, Number_of_Processors__c=null, Order_Is_Price_Locked__c=false, Override_Discount_Amount__c=null, Override_Discount_Percentage__c=null, Partition__c=null, Partner_Discount_Type__c=null, Price_Overriden__c=false, Prior_Feature_Code__c=null, Prior_Group_Number__c=null, Prior_Model__c=null, Prior_Number_of_Processors__c=null, Prior_Serial_Number__c=null, Product_Sale_Type__c=null, Product_type__c=null, Quantity_Back_Ordered__c=null, Quantity_Shipped__c=null, RSM_Discount_Percent__c=null, RSM__c=null, Requested_Delivery_Date__c=null, Sales_Support_Notes__c=null, Sequence_Number__c=null, Server_Type_Discount_Percent__c=null, Skip_Price_Calculation__c=false, Swap__c=false, System_Type__c=null, Tax_Code__c=null, Units__c=null, Uplift_Percent__c=null, Version_Number__c=null, Fortra_Product_Type__c=New Maintenance, Year_After_StartDate__c=false, Two_Years_After_Start_Date__c=false, Order_Line_ARR__c=null, Base_Price__c=355.0, Displaced_ARR__c=null, Is_Split_Line__c=false, Original_Order_Item__c=null, Partition_Record__c=null, Quote_Legal_Entity__c=Fortra, LLC*, Serial_Number__c=null, AllowRegionalPricing__c=false, Attribute_Multiplier_Pct__c=null, Attribute_Price_Mode__c=null, COLACalculatedPrice__c=null, Has_Attribute_Adjustment__c=false, RegionalNetUnitPrice__c=null, Quote_Line_Discount_Reason__c=null, Billing_Frequency__c=Yearly_Billing_Template, Order_Line_NARR_Calculated__c=0.0, Workday_Contract_Line_Reference_ID__c=null, LPAR_Number__c=null, LPAR_System_Name__c=null, Workday_Contract_Line_Type__c=FIXED AMOUNT, Start_Date_Calculated__c=2026-06-15 00:00:00, LegacyQuoteLineDiscount__c=null, LIC_Fair_Value_Amount__c=null, MAINT_Fair_Value_Amount__c=null, Source_List_Price__c=355.0, Prior_Discretionary_Discount__c=null, Prior_Partner_Discount__c=null, NetTotalPrice_Calculated__c=0.0}
10:38:34.704 (4718216451)|FLOW_ELEMENT_BEGIN|14725a77c9c6976ac6f11fbf58819ecc4100db-3bb1|FlowRecordLookup|Get_Product
10:38:34.704 (4718236354)|FLOW_ELEMENT_DEFERRED|FlowRecordLookup|Get_Product
10:38:34.704 (4718284089)|FLOW_ELEMENT_LIMIT_USAGE|4 ms CPU time, total 2434 out of 15000
10:38:34.704 (4718291862)|FLOW_ELEMENT_END|14725a77c9c6976ac6f11fbf58819ecc4100db-3bb1|FlowRecordLookup|Get_Product
10:38:34.704 (4718347862)|FLOW_START_INTERVIEW_END|14725a77c9c6976ac6f11fbf58819ecc4100db-3bb1|Fortra &#124; OrderItem &#124; Set Workday Contract Line Type
10:38:34.704 (4718573371)|FLOW_BULK_ELEMENT_BEGIN|FlowRecordLookup|Get_Product
10:38:34.704 (4718970204)|LIMIT_USAGE|[EXTERNAL]|FIELDSETS_DESCRIBES|1|100
10:38:34.704 (4726687134)|LIMIT_USAGE|[EXTERNAL]|SOQL_ROWS|3|50000
10:38:34.704 (4726704516)|LIMIT_USAGE|[EXTERNAL]|SOQL|1|100
10:38:34.704 (4726711100)|LIMIT_USAGE|[EXTERNAL]|AGGS|1|300
10:38:34.704 (4726922866)|FLOW_VALUE_ASSIGNMENT|14525a77c9c6976ac6f11fbf58819ecc4100db-3baf|Get_Product|{pse__IsServicesProduct__c=false, Id=01tWC00000DD11JYAT}
10:38:34.704 (4726974636)|FLOW_BULK_ELEMENT_DETAIL|FlowRecordLookup|Get_Product|1
10:38:34.704 (4727025443)|FLOW_VALUE_ASSIGNMENT|14725a77c9c6976ac6f11fbf58819ecc4100db-3bb1|Get_Product|{pse__IsServicesProduct__c=false, Id=01tWC00000DD1bsYAD}
10:38:34.704 (4727032919)|FLOW_BULK_ELEMENT_DETAIL|FlowRecordLookup|Get_Product|1
10:38:34.704 (4727067271)|FLOW_VALUE_ASSIGNMENT|14625a77c9c6976ac6f11fbf58819ecc4100db-3bb0|Get_Product|{pse__IsServicesProduct__c=false, Id=01tWC00000DD1btYAD}
10:38:34.704 (4727073809)|FLOW_BULK_ELEMENT_DETAIL|FlowRecordLookup|Get_Product|1
10:38:34.704 (4727515197)|FLOW_BULK_ELEMENT_LIMIT_USAGE|1 SOQL queries, total 1 out of 100
10:38:34.704 (4727526497)|FLOW_BULK_ELEMENT_LIMIT_USAGE|3 SOQL query rows, total 3 out of 50000
10:38:34.704 (4727534908)|FLOW_BULK_ELEMENT_LIMIT_USAGE|8 ms CPU time, total 2442 out of 15000
10:38:34.704 (4727549158)|FLOW_BULK_ELEMENT_END|FlowRecordLookup|Get_Product|3|8
10:38:34.704 (4727655898)|FLOW_ELEMENT_BEGIN|14525a77c9c6976ac6f11fbf58819ecc4100db-3baf|FlowDecision|Decision_Is_Services_Product
10:38:34.704 (4727671566)|FLOW_ELEMENT_DEFERRED|FlowDecision|Decision_Is_Services_Product
10:38:34.704 (4727694116)|FLOW_ELEMENT_LIMIT_USAGE|1 ms CPU time, total 2443 out of 15000
10:38:34.704 (4727700458)|FLOW_ELEMENT_END|14525a77c9c6976ac6f11fbf58819ecc4100db-3baf|FlowDecision|Decision_Is_Services_Product
10:38:34.704 (4727721722)|FLOW_ELEMENT_BEGIN|14625a77c9c6976ac6f11fbf58819ecc4100db-3bb0|FlowDecision|Decision_Is_Services_Product
10:38:34.704 (4727731974)|FLOW_ELEMENT_DEFERRED|FlowDecision|Decision_Is_Services_Product
10:38:34.704 (4727745209)|FLOW_ELEMENT_END|14625a77c9c6976ac6f11fbf58819ecc4100db-3bb0|FlowDecision|Decision_Is_Services_Product
10:38:34.704 (4727762701)|FLOW_ELEMENT_BEGIN|14725a77c9c6976ac6f11fbf58819ecc4100db-3bb1|FlowDecision|Decision_Is_Services_Product
10:38:34.704 (4727772680)|FLOW_ELEMENT_DEFERRED|FlowDecision|Decision_Is_Services_Product
10:38:34.704 (4727785275)|FLOW_ELEMENT_END|14725a77c9c6976ac6f11fbf58819ecc4100db-3bb1|FlowDecision|Decision_Is_Services_Product
10:38:34.704 (4727829190)|FLOW_BULK_ELEMENT_BEGIN|FlowDecision|Decision_Is_Services_Product
10:38:34.704 (4727944098)|FLOW_RULE_DETAIL|14525a77c9c6976ac6f11fbf58819ecc4100db-3baf|Is_Services_Product|false|false
10:38:34.704 (4727969044)|FLOW_VALUE_ASSIGNMENT|14525a77c9c6976ac6f11fbf58819ecc4100db-3baf|Is_Services_Product|false
10:38:34.704 (4728026548)|FLOW_RULE_DETAIL|14625a77c9c6976ac6f11fbf58819ecc4100db-3bb0|Is_Services_Product|false|false
10:38:34.704 (4728040025)|FLOW_VALUE_ASSIGNMENT|14625a77c9c6976ac6f11fbf58819ecc4100db-3bb0|Is_Services_Product|false
10:38:34.704 (4728071658)|FLOW_RULE_DETAIL|14725a77c9c6976ac6f11fbf58819ecc4100db-3bb1|Is_Services_Product|false|false
10:38:34.704 (4728082607)|FLOW_VALUE_ASSIGNMENT|14725a77c9c6976ac6f11fbf58819ecc4100db-3bb1|Is_Services_Product|false
10:38:34.704 (4728204302)|FLOW_BULK_ELEMENT_END|FlowDecision|Decision_Is_Services_Product|0|0
10:38:34.704 (4728236859)|FLOW_ELEMENT_BEGIN|14525a77c9c6976ac6f11fbf58819ecc4100db-3baf|FlowDecision|Decision_Is_Subsplit
10:38:34.704 (4728248441)|FLOW_ELEMENT_DEFERRED|FlowDecision|Decision_Is_Subsplit
10:38:34.704 (4728262820)|FLOW_ELEMENT_END|14525a77c9c6976ac6f11fbf58819ecc4100db-3baf|FlowDecision|Decision_Is_Subsplit
10:38:34.704 (4728279862)|FLOW_ELEMENT_BEGIN|14625a77c9c6976ac6f11fbf58819ecc4100db-3bb0|FlowDecision|Decision_Is_Subsplit
10:38:34.704 (4728289577)|FLOW_ELEMENT_DEFERRED|FlowDecision|Decision_Is_Subsplit
10:38:34.704 (4728302161)|FLOW_ELEMENT_END|14625a77c9c6976ac6f11fbf58819ecc4100db-3bb0|FlowDecision|Decision_Is_Subsplit
10:38:34.704 (4728319065)|FLOW_ELEMENT_BEGIN|14725a77c9c6976ac6f11fbf58819ecc4100db-3bb1|FlowDecision|Decision_Is_Subsplit
10:38:34.704 (4728328467)|FLOW_ELEMENT_DEFERRED|FlowDecision|Decision_Is_Subsplit
10:38:34.704 (4728340754)|FLOW_ELEMENT_END|14725a77c9c6976ac6f11fbf58819ecc4100db-3bb1|FlowDecision|Decision_Is_Subsplit
10:38:34.704 (4728668239)|FLOW_BULK_ELEMENT_BEGIN|FlowDecision|Decision_Is_Subsplit
10:38:34.704 (4729166919)|FLOW_RULE_DETAIL|14525a77c9c6976ac6f11fbf58819ecc4100db-3baf|Has_Subsplit|false|false
10:38:34.704 (4729198335)|FLOW_VALUE_ASSIGNMENT|14525a77c9c6976ac6f11fbf58819ecc4100db-3baf|Has_Subsplit|false
10:38:34.704 (4729397205)|FLOW_RULE_DETAIL|14625a77c9c6976ac6f11fbf58819ecc4100db-3bb0|Has_Subsplit|false|false
10:38:34.704 (4729429174)|FLOW_VALUE_ASSIGNMENT|14625a77c9c6976ac6f11fbf58819ecc4100db-3bb0|Has_Subsplit|false
10:38:34.704 (4729583151)|FLOW_RULE_DETAIL|14725a77c9c6976ac6f11fbf58819ecc4100db-3bb1|Has_Subsplit|false|false
10:38:34.704 (4729599495)|FLOW_VALUE_ASSIGNMENT|14725a77c9c6976ac6f11fbf58819ecc4100db-3bb1|Has_Subsplit|false
10:38:34.704 (4729744395)|FLOW_BULK_ELEMENT_LIMIT_USAGE|2 ms CPU time, total 2445 out of 15000
10:38:34.704 (4729755202)|FLOW_BULK_ELEMENT_END|FlowDecision|Decision_Is_Subsplit|0|0
10:38:34.704 (4729800163)|FLOW_ELEMENT_BEGIN|14525a77c9c6976ac6f11fbf58819ecc4100db-3baf|FlowRecordUpdate|Update_LineType_Fixed_Amount
10:38:34.704 (4729813963)|FLOW_ELEMENT_DEFERRED|FlowRecordUpdate|Update_LineType_Fixed_Amount
10:38:34.704 (4729831124)|FLOW_ELEMENT_END|14525a77c9c6976ac6f11fbf58819ecc4100db-3baf|FlowRecordUpdate|Update_LineType_Fixed_Amount
10:38:34.704 (4729850163)|FLOW_ELEMENT_BEGIN|14625a77c9c6976ac6f11fbf58819ecc4100db-3bb0|FlowRecordUpdate|Update_LineType_Fixed_Amount
10:38:34.704 (4729860002)|FLOW_ELEMENT_DEFERRED|FlowRecordUpdate|Update_LineType_Fixed_Amount
10:38:34.704 (4729882728)|FLOW_ELEMENT_END|14625a77c9c6976ac6f11fbf58819ecc4100db-3bb0|FlowRecordUpdate|Update_LineType_Fixed_Amount
10:38:34.704 (4729900806)|FLOW_ELEMENT_BEGIN|14725a77c9c6976ac6f11fbf58819ecc4100db-3bb1|FlowRecordUpdate|Update_LineType_Fixed_Amount
10:38:34.704 (4729911016)|FLOW_ELEMENT_DEFERRED|FlowRecordUpdate|Update_LineType_Fixed_Amount
10:38:34.704 (4729924078)|FLOW_ELEMENT_END|14725a77c9c6976ac6f11fbf58819ecc4100db-3bb1|FlowRecordUpdate|Update_LineType_Fixed_Amount
10:38:34.704 (4729959144)|FLOW_BULK_ELEMENT_BEGIN|FlowRecordUpdate|Update_LineType_Fixed_Amount
10:38:34.704 (4730495372)|FLOW_BULK_ELEMENT_DETAIL|FlowRecordUpdate|Update_LineType_Fixed_Amount|1
10:38:34.704 (4730689597)|FLOW_BULK_ELEMENT_DETAIL|FlowRecordUpdate|Update_LineType_Fixed_Amount|1
10:38:34.704 (4730828918)|FLOW_BULK_ELEMENT_DETAIL|FlowRecordUpdate|Update_LineType_Fixed_Amount|1
10:38:34.704 (4730845471)|LIMIT_USAGE|[EXTERNAL]|DML|2|150
10:38:34.704 (4730853026)|LIMIT_USAGE|[EXTERNAL]|DML_ROWS|6|10000
10:38:34.704 (4818228307)|FLOW_VALUE_ASSIGNMENT|14525a77c9c6976ac6f11fbf58819ecc4100db-3baf|Update_LineType_Fixed_Amount|true
10:38:34.704 (4819961106)|FLOW_VALUE_ASSIGNMENT|14525a77c9c6976ac6f11fbf58819ecc4100db-3baf|$Record|{Id=802WC00000OpopoYAB, Product2Id=01tWC00000DD11JYAT, IsDeleted=false, OrderId=801WC00000knHDLYA2, PricebookEntryId=01uWC000005wrrDYAQ, OriginalOrderItemId=null, QuoteLineItemId=0QLWC000003ehSj4AI, AvailableQuantity=1.0, Quantity=1.0, CurrencyIsoCode=USD, UnitPrice=94000.0, ListPrice=94000.0, TotalPrice=94000.0, BillingReference2=null, ServiceDate=2026-06-15 00:00:00, ServiceTime=00:00:00.000Z, ServiceDateTime=null, EndDate=null, EndTime=null, EndDateTime=null, ServiceEndTimeZone=GMT, Description=null, TotalLineAmount=94000.0, TotalAdjustmentAmount=0.0, TotalLineAdjustmentAmount=0.0, TotalAdjustmentDistAmount=0.0, TotalAdjustmentTaxAmount=0.0, TotalLineAdjustmentTaxAmount=0.0, TotalAdjustmentDistTaxAmount=0.0, TotalLineTaxAmount=0.0, TotalTaxAmount=0.0, RoundedLineAmount=94000.0, AdjustedLineAmount=94000.0, TotalAdjustedLineTaxAmount=0.0, RoundedLineAmtWithTax=94000.0, TotalAdjustmentAmtWithTax=0.0, AdjustedLineAmtWithTax=94000.0, TotalLineAdjustmentAmtWithTax=0.0, TotalAdjustmentDistAmtWithTax=0.0, TotalAmtWithTax=94000.0, OrderDeliveryGroupId=null, RelatedOrderItemId=null, Type=null, TypeCode=null, TaxTreatmentId=null, LegalEntityId=0fwWC000000034LYAQ, BillingTreatmentId=null, ProductSellingModelId=0jPWC000000060b2AA, OrderActionId=8OAWC000002SOpS4AW, ProrationPolicyId=0mua50000004KzRAAU, PeriodBoundary=Anniversary, PeriodBoundaryStartMonth=null, PeriodBoundaryDay=null, PricingTermCount=null, NetUnitPrice=94000.0, BillingFrequency2=Annual, ParentOrderItemId=null, Status=null, LineNumber=1, CreatedDate=2026-06-15 14:12:47, CreatedById=005a500001SfRd7AAF, LastModifiedDate=2026-06-15 17:38:35, LastModifiedById=005WC00000MgTN2YAN, SystemModstamp=2026-06-15 17:38:35, OrderItemNumber=0000564381, PriceWaterfallIdentifier=802WC00000OpopoYAB:149322018783677, StartQuantity=0.0, EndQuantity=1.0, NetTotalPrice=94000.0, Discount=null, DiscountAmount=null, PartnerDiscountPercent=null, PartnerUnitPrice=null, ValidationResult=null, EarliestEstimatedDeliveryDate=null, LatestEstimatedDeliveryDate=null, EarliestEstimatedDeliveryTime=null, LatestEstimatedDeliveryTime=null, EstimatedDeliveryReference=null, EstimatedDeliveryTimeZone=null, CustomProductName=null, SubscriptionTerm=1, OrderItemGroupId=null, SegmentIdentifier=null, SegmentType=null, SegmentName=null, IsPrimarySegment=false, OrderItemRecipientId=null, RampIdentifier=null, QuantityUnitOfMeasureId=null, UnitPriceUplift=null, BindingInstanceTargetId=null, PricingContractId=null, RevenueCloudPackagingFlag=CP, IsOrderItemLocked=false, RelatedChangeIdentifier=null, SupplementalChangeType=null, AggregatedQuantity=1.0, BatchIdentifier=null, DoesAutomaticallyRenew=false, Margin=null, MarginAmount=null, UnitCost=null, TotalCost=null, TotalAdjustment=null, TotalMargin=null, TotalMarginAmount=null, PriceRevisionPolicyId=null, ReplacementGroupId=null, Currency__c=USD, Workday_Sync_Correlation_Id__c=null, Workday_Sync_Message__c=null, Workday_Sync_Payload__c=null, Workday_Sync_Status__c=null, Multiple_Element_Rev_Alloc_Value__c=false, Workday_Revenue_Category__c=null, Billing_Schedule_From_Date__c=2026-06-15 00:00:00, Billing_Schedule_To_Date__c=2027-06-14 00:00:00, Custom_Product_Name__c=null, Ship_To_Address__c=null, Legacy_Id__c=null, DoNotExpand__c=false, Royalty_Amount__c=null, Exchange_Rate_To_USD__c=null, gsOrderDetailID__c=null, gsOrderID__c=null, Asset__c=null, Entitlement__c=null, Feature_Code__c=null, Freight_Terms__c=null, GSA__c=false, Hardware_ID__c=null, Hardware__c=null, Hostname__c=null, Instances__c=null, Is_Term__c=false, COLA_Uplift_Percent__c=null, End_Date_Calculated__c=2027-06-14 00:00:00, Legacy_Source__c=null, MSP_End_User__c=null, MYCAP__c=false, Maintenance_Discount_Percent__c=null, Manual_Discount__c=null, Migration_Change__c=null, Model__c=null, Number_of_Processors__c=null, Order_Is_Price_Locked__c=false, Override_Discount_Amount__c=null, Override_Discount_Percentage__c=null, Partition__c=null, Partner_Discount_Type__c=null, Price_Overriden__c=false, Prior_Feature_Code__c=null, Prior_Group_Number__c=null, Prior_Model__c=null, Prior_Number_of_Processors__c=null, Prior_Serial_Number__c=null, Product_Sale_Type__c=null, Product_type__c=null, Quantity_Back_Ordered__c=null, Quantity_Shipped__c=null, RSM_Discount_Percent__c=null, RSM__c=null, Requested_Delivery_Date__c=null, Sales_Support_Notes__c=null, Sequence_Number__c=null, Server_Type_Discount_Percent__c=null, Skip_Price_Calculation__c=false, Swap__c=false, System_Type__c=null, Tax_Code__c=null, Units__c=null, Uplift_Percent__c=null, Version_Number__c=null, Fortra_Product_Type__c=Subscription, Year_After_StartDate__c=false, Two_Years_After_Start_Date__c=false, Order_Line_ARR__c=null, Base_Price__c=null, Displaced_ARR__c=null, Is_Split_Line__c=false, Original_Order_Item__c=null, Partition_Record__c=null, Quote_Legal_Entity__c=Fortra, LLC*, Serial_Number__c=null, AllowRegionalPricing__c=false, Attribute_Multiplier_Pct__c=null, Attribute_Price_Mode__c=null, COLACalculatedPrice__c=null, Has_Attribute_Adjustment__c=false, RegionalNetUnitPrice__c=null, Quote_Line_Discount_Reason__c=null, Billing_Frequency__c=Yearly_Billing_Template, Order_Line_NARR_Calculated__c=0.0, Workday_Contract_Line_Reference_ID__c=null, LPAR_Number__c=null, LPAR_System_Name__c=null, Workday_Contract_Line_Type__c=FIXED AMOUNT, Start_Date_Calculated__c=2026-06-15 00:00:00, LegacyQuoteLineDiscount__c=null, LIC_Fair_Value_Amount__c=null, MAINT_Fair_Value_Amount__c=null, Source_List_Price__c=null, Prior_Discretionary_Discount__c=null, Prior_Partner_Discount__c=null, NetTotalPrice_Calculated__c=94000.0}
10:38:34.704 (4820005893)|FLOW_VALUE_ASSIGNMENT|14525a77c9c6976ac6f11fbf58819ecc4100db-3baf|Update_LineType_Fixed_Amount__CONDITIONS_RESULT|true
10:38:34.704 (4820031201)|FLOW_VALUE_ASSIGNMENT|14625a77c9c6976ac6f11fbf58819ecc4100db-3bb0|Update_LineType_Fixed_Amount|true
10:38:34.704 (4821400309)|FLOW_VALUE_ASSIGNMENT|14625a77c9c6976ac6f11fbf58819ecc4100db-3bb0|$Record|{Id=802WC00000OpoppYAB, Product2Id=01tWC00000DD1btYAD, IsDeleted=false, OrderId=801WC00000knHDLYA2, PricebookEntryId=01uWC000005ws8MYAQ, OriginalOrderItemId=null, QuoteLineItemId=0QLWC000003ehR74AI, AvailableQuantity=1.0, Quantity=1.0, CurrencyIsoCode=USD, UnitPrice=301.75, ListPrice=355.0, TotalPrice=256.4875, BillingReference2=null, ServiceDate=null, ServiceTime=null, ServiceDateTime=null, EndDate=null, EndTime=null, EndDateTime=null, ServiceEndTimeZone=null, Description=Powertech Identity & Access Manager (BoKS) &#124; Standard, TotalLineAmount=301.75, TotalAdjustmentAmount=-45.2625, TotalLineAdjustmentAmount=0.0, TotalAdjustmentDistAmount=0.0, TotalAdjustmentTaxAmount=0.0, TotalLineAdjustmentTaxAmount=0.0, TotalAdjustmentDistTaxAmount=0.0, TotalLineTaxAmount=0.0, TotalTaxAmount=0.0, RoundedLineAmount=301.75, AdjustedLineAmount=256.4875, TotalAdjustedLineTaxAmount=0.0, RoundedLineAmtWithTax=301.75, TotalAdjustmentAmtWithTax=-45.2625, AdjustedLineAmtWithTax=256.4875, TotalLineAdjustmentAmtWithTax=0.0, TotalAdjustmentDistAmtWithTax=0.0, TotalAmtWithTax=256.4875, OrderDeliveryGroupId=null, RelatedOrderItemId=null, Type=null, TypeCode=null, TaxTreatmentId=null, LegalEntityId=0fwWC000000034LYAQ, BillingTreatmentId=null, ProductSellingModelId=0jPWC00000005yz2AA, OrderActionId=8OAWC000002SOpS4AW, ProrationPolicyId=null, PeriodBoundary=null, PeriodBoundaryStartMonth=null, PeriodBoundaryDay=null, PricingTermCount=0.0, NetUnitPrice=256.4875, BillingFrequency2=null, ParentOrderItemId=null, Status=null, LineNumber=2, CreatedDate=2026-06-15 14:12:47, CreatedById=005a500001SfRd7AAF, LastModifiedDate=2026-06-15 17:38:35, LastModifiedById=005WC00000MgTN2YAN, SystemModstamp=2026-06-15 17:38:35, OrderItemNumber=0000564382, PriceWaterfallIdentifier=802WC00000OpoppYAB:149322018783677, StartQuantity=0.0, EndQuantity=1.0, NetTotalPrice=256.4875, Discount=null, DiscountAmount=null, PartnerDiscountPercent=15.0, PartnerUnitPrice=301.75, ValidationResult=null, EarliestEstimatedDeliveryDate=null, LatestEstimatedDeliveryDate=null, EarliestEstimatedDeliveryTime=null, LatestEstimatedDeliveryTime=null, EstimatedDeliveryReference=null, EstimatedDeliveryTimeZone=null, CustomProductName=null, SubscriptionTerm=null, OrderItemGroupId=null, SegmentIdentifier=null, SegmentType=null, SegmentName=null, IsPrimarySegment=false, OrderItemRecipientId=null, RampIdentifier=null, QuantityUnitOfMeasureId=null, UnitPriceUplift=null, BindingInstanceTargetId=null, PricingContractId=null, RevenueCloudPackagingFlag=CP, IsOrderItemLocked=false, RelatedChangeIdentifier=null, SupplementalChangeType=null, AggregatedQuantity=1.0, BatchIdentifier=null, DoesAutomaticallyRenew=false, Margin=null, MarginAmount=null, UnitCost=null, TotalCost=null, TotalAdjustment=null, TotalMargin=null, TotalMarginAmount=null, PriceRevisionPolicyId=null, ReplacementGroupId=null, Currency__c=USD, Workday_Sync_Correlation_Id__c=null, Workday_Sync_Message__c=null, Workday_Sync_Payload__c=null, Workday_Sync_Status__c=null, Multiple_Element_Rev_Alloc_Value__c=false, Workday_Revenue_Category__c=null, Billing_Schedule_From_Date__c=2026-06-15 00:00:00, Billing_Schedule_To_Date__c=2026-06-15 00:00:00, Custom_Product_Name__c=null, Ship_To_Address__c=null, Legacy_Id__c=null, DoNotExpand__c=false, Royalty_Amount__c=null, Exchange_Rate_To_USD__c=null, gsOrderDetailID__c=null, gsOrderID__c=null, Asset__c=null, Entitlement__c=null, Feature_Code__c=null, Freight_Terms__c=null, GSA__c=false, Hardware_ID__c=null, Hardware__c=null, Hostname__c=null, Instances__c=null, Is_Term__c=false, COLA_Uplift_Percent__c=null, End_Date_Calculated__c=2026-06-15 00:00:00, Legacy_Source__c=null, MSP_End_User__c=null, MYCAP__c=false, Maintenance_Discount_Percent__c=null, Manual_Discount__c=null, Migration_Change__c=null, Model__c=null, Number_of_Processors__c=null, Order_Is_Price_Locked__c=false, Override_Discount_Amount__c=null, Override_Discount_Percentage__c=null, Partition__c=null, Partner_Discount_Type__c=null, Price_Overriden__c=false, Prior_Feature_Code__c=null, Prior_Group_Number__c=null, Prior_Model__c=null, Prior_Number_of_Processors__c=null, Prior_Serial_Number__c=null, Product_Sale_Type__c=null, Product_type__c=null, Quantity_Back_Ordered__c=null, Quantity_Shipped__c=null, RSM_Discount_Percent__c=null, RSM__c=null, Requested_Delivery_Date__c=null, Sales_Support_Notes__c=null, Sequence_Number__c=null, Server_Type_Discount_Percent__c=null, Skip_Price_Calculation__c=false, Swap__c=false, System_Type__c=null, Tax_Code__c=null, Units__c=null, Uplift_Percent__c=null, Version_Number__c=null, Fortra_Product_Type__c=Perpetual, Year_After_StartDate__c=false, Two_Years_After_Start_Date__c=false, Order_Line_ARR__c=null, Base_Price__c=null, Displaced_ARR__c=null, Is_Split_Line__c=false, Original_Order_Item__c=null, Partition_Record__c=null, Quote_Legal_Entity__c=Fortra, LLC*, Serial_Number__c=null, AllowRegionalPricing__c=false, Attribute_Multiplier_Pct__c=null, Attribute_Price_Mode__c=null, COLACalculatedPrice__c=null, Has_Attribute_Adjustment__c=false, RegionalNetUnitPrice__c=null, Quote_Line_Discount_Reason__c=null, Billing_Frequency__c=Yearly_Billing_Template, Order_Line_NARR_Calculated__c=0.0, Workday_Contract_Line_Reference_ID__c=null, LPAR_Number__c=null, LPAR_System_Name__c=null, Workday_Contract_Line_Type__c=FIXED AMOUNT, Start_Date_Calculated__c=2026-06-15 00:00:00, LegacyQuoteLineDiscount__c=null, LIC_Fair_Value_Amount__c=null, MAINT_Fair_Value_Amount__c=null, Source_List_Price__c=null, Prior_Discretionary_Discount__c=null, Prior_Partner_Discount__c=null, NetTotalPrice_Calculated__c=256.49}
10:38:34.704 (4821483699)|FLOW_VALUE_ASSIGNMENT|14625a77c9c6976ac6f11fbf58819ecc4100db-3bb0|Update_LineType_Fixed_Amount__CONDITIONS_RESULT|true
10:38:34.704 (4821508360)|FLOW_VALUE_ASSIGNMENT|14725a77c9c6976ac6f11fbf58819ecc4100db-3bb1|Update_LineType_Fixed_Amount|true
10:38:34.704 (4822730943)|FLOW_VALUE_ASSIGNMENT|14725a77c9c6976ac6f11fbf58819ecc4100db-3bb1|$Record|{Id=802WC00000OpopqYAB, Product2Id=01tWC00000DD1bsYAD, IsDeleted=false, OrderId=801WC00000knHDLYA2, PricebookEntryId=01uWC000005wsbUYAQ, OriginalOrderItemId=null, QuoteLineItemId=0QLWC000003ehR84AI, AvailableQuantity=0.0, Quantity=0.0, CurrencyIsoCode=USD, UnitPrice=null, ListPrice=0.0, TotalPrice=0.0, BillingReference2=802WC00000OZLOrYAP, ServiceDate=2026-06-15 00:00:00, ServiceTime=00:00:00.000Z, ServiceDateTime=null, EndDate=null, EndTime=null, EndDateTime=null, ServiceEndTimeZone=GMT, Description=Powertech Identity & Access Manager (BoKS)-NewMaintenance &#124; Standard, TotalLineAmount=0.0, TotalAdjustmentAmount=0.0, TotalLineAdjustmentAmount=0.0, TotalAdjustmentDistAmount=0.0, TotalAdjustmentTaxAmount=0.0, TotalLineAdjustmentTaxAmount=0.0, TotalAdjustmentDistTaxAmount=0.0, TotalLineTaxAmount=0.0, TotalTaxAmount=0.0, RoundedLineAmount=0.0, AdjustedLineAmount=0.0, TotalAdjustedLineTaxAmount=0.0, RoundedLineAmtWithTax=0.0, TotalAdjustmentAmtWithTax=0.0, AdjustedLineAmtWithTax=0.0, TotalLineAdjustmentAmtWithTax=0.0, TotalAdjustmentDistAmtWithTax=0.0, TotalAmtWithTax=0.0, OrderDeliveryGroupId=null, RelatedOrderItemId=null, Type=null, TypeCode=null, TaxTreatmentId=null, LegalEntityId=0fwWC000000034LYAQ, BillingTreatmentId=1BTWC000000Mdh34AC, ProductSellingModelId=0jPWC00000005yz2AA, OrderActionId=8OAWC000002SOpR4AW, ProrationPolicyId=null, PeriodBoundary=null, PeriodBoundaryStartMonth=null, PeriodBoundaryDay=null, PricingTermCount=null, NetUnitPrice=null, BillingFrequency2=null, ParentOrderItemId=null, Status=null, LineNumber=3, CreatedDate=2026-06-15 14:12:47, CreatedById=005a500001SfRd7AAF, LastModifiedDate=2026-06-15 17:38:35, LastModifiedById=005WC00000MgTN2YAN, SystemModstamp=2026-06-15 17:38:35, OrderItemNumber=0000564383, PriceWaterfallIdentifier=null, StartQuantity=1.0, EndQuantity=1.0, NetTotalPrice=0.0, Discount=null, DiscountAmount=null, PartnerDiscountPercent=12.0, PartnerUnitPrice=null, ValidationResult=null, EarliestEstimatedDeliveryDate=null, LatestEstimatedDeliveryDate=null, EarliestEstimatedDeliveryTime=null, LatestEstimatedDeliveryTime=null, EstimatedDeliveryReference=null, EstimatedDeliveryTimeZone=null, CustomProductName=Powertech Identity & Access Manager (BoKS)-NewMaintenance, SubscriptionTerm=null, OrderItemGroupId=null, SegmentIdentifier=null, SegmentType=null, SegmentName=null, IsPrimarySegment=false, OrderItemRecipientId=null, RampIdentifier=null, QuantityUnitOfMeasureId=null, UnitPriceUplift=null, BindingInstanceTargetId=null, PricingContractId=null, RevenueCloudPackagingFlag=P, IsOrderItemLocked=false, RelatedChangeIdentifier=null, SupplementalChangeType=null, AggregatedQuantity=null, BatchIdentifier=null, DoesAutomaticallyRenew=false, Margin=null, MarginAmount=null, UnitCost=null, TotalCost=null, TotalAdjustment=null, TotalMargin=null, TotalMarginAmount=null, PriceRevisionPolicyId=null, ReplacementGroupId=null, Currency__c=USD, Workday_Sync_Correlation_Id__c=null, Workday_Sync_Message__c=null, Workday_Sync_Payload__c=null, Workday_Sync_Status__c=null, Multiple_Element_Rev_Alloc_Value__c=false, Workday_Revenue_Category__c=null, Billing_Schedule_From_Date__c=2026-06-15 00:00:00, Billing_Schedule_To_Date__c=2027-06-14 00:00:00, Custom_Product_Name__c=null, Ship_To_Address__c=null, Legacy_Id__c=null, DoNotExpand__c=false, Royalty_Amount__c=null, Exchange_Rate_To_USD__c=null, gsOrderDetailID__c=null, gsOrderID__c=null, Asset__c=null, Entitlement__c=null, Feature_Code__c=null, Freight_Terms__c=null, GSA__c=false, Hardware_ID__c=null, Hardware__c=null, Hostname__c=null, Instances__c=null, Is_Term__c=false, COLA_Uplift_Percent__c=null, End_Date_Calculated__c=2027-06-14 00:00:00, Legacy_Source__c=null, MSP_End_User__c=null, MYCAP__c=false, Maintenance_Discount_Percent__c=null, Manual_Discount__c=null, Migration_Change__c=null, Model__c=null, Number_of_Processors__c=null, Order_Is_Price_Locked__c=false, Override_Discount_Amount__c=null, Override_Discount_Percentage__c=null, Partition__c=null, Partner_Discount_Type__c=null, Price_Overriden__c=false, Prior_Feature_Code__c=null, Prior_Group_Number__c=null, Prior_Model__c=null, Prior_Number_of_Processors__c=null, Prior_Serial_Number__c=null, Product_Sale_Type__c=null, Product_type__c=null, Quantity_Back_Ordered__c=null, Quantity_Shipped__c=null, RSM_Discount_Percent__c=null, RSM__c=null, Requested_Delivery_Date__c=null, Sales_Support_Notes__c=null, Sequence_Number__c=null, Server_Type_Discount_Percent__c=null, Skip_Price_Calculation__c=false, Swap__c=false, System_Type__c=null, Tax_Code__c=null, Units__c=null, Uplift_Percent__c=null, Version_Number__c=null, Fortra_Product_Type__c=New Maintenance, Year_After_StartDate__c=false, Two_Years_After_Start_Date__c=false, Order_Line_ARR__c=null, Base_Price__c=355.0, Displaced_ARR__c=null, Is_Split_Line__c=false, Original_Order_Item__c=null, Partition_Record__c=null, Quote_Legal_Entity__c=Fortra, LLC*, Serial_Number__c=null, AllowRegionalPricing__c=false, Attribute_Multiplier_Pct__c=null, Attribute_Price_Mode__c=null, COLACalculatedPrice__c=null, Has_Attribute_Adjustment__c=false, RegionalNetUnitPrice__c=null, Quote_Line_Discount_Reason__c=null, Billing_Frequency__c=Yearly_Billing_Template, Order_Line_NARR_Calculated__c=0.0, Workday_Contract_Line_Reference_ID__c=null, LPAR_Number__c=null, LPAR_System_Name__c=null, Workday_Contract_Line_Type__c=FIXED AMOUNT, Start_Date_Calculated__c=2026-06-15 00:00:00, LegacyQuoteLineDiscount__c=null, LIC_Fair_Value_Amount__c=null, MAINT_Fair_Value_Amount__c=null, Source_List_Price__c=355.0, Prior_Discretionary_Discount__c=null, Prior_Partner_Discount__c=null, NetTotalPrice_Calculated__c=0.0}
10:38:34.704 (4822772211)|FLOW_VALUE_ASSIGNMENT|14725a77c9c6976ac6f11fbf58819ecc4100db-3bb1|Update_LineType_Fixed_Amount__CONDITIONS_RESULT|true
10:38:34.704 (4822935043)|FLOW_BULK_ELEMENT_LIMIT_USAGE|1 DML statements, total 2 out of 150
10:38:34.704 (4822940506)|FLOW_BULK_ELEMENT_LIMIT_USAGE|3 DML rows, total 6 out of 10000
10:38:34.704 (4822944703)|FLOW_BULK_ELEMENT_LIMIT_USAGE|53 ms CPU time, total 2498 out of 15000
10:38:34.704 (4822960567)|FLOW_BULK_ELEMENT_END|FlowRecordUpdate|Update_LineType_Fixed_Amount|3|92
10:38:34.704 (4823274223)|FLOW_START_INTERVIEWS_END|3
10:38:34.704 (4823525024)|FLOW_INTERVIEW_FINISHED|14525a77c9c6976ac6f11fbf58819ecc4100db-3baf|Fortra &#124; OrderItem &#124; Set Workday Contract Line Type
10:38:34.704 (4823543725)|FLOW_INTERVIEW_FINISHED_LIMIT_USAGE|SOQL queries: 1 out of 100
10:38:34.704 (4823548068)|FLOW_INTERVIEW_FINISHED_LIMIT_USAGE|SOQL query rows: 3 out of 50000
10:38:34.704 (4823551534)|FLOW_INTERVIEW_FINISHED_LIMIT_USAGE|SOSL queries: 0 out of 20
10:38:34.704 (4823554476)|FLOW_INTERVIEW_FINISHED_LIMIT_USAGE|DML statements: 2 out of 150
10:38:34.704 (4823557245)|FLOW_INTERVIEW_FINISHED_LIMIT_USAGE|DML rows: 6 out of 10000
10:38:34.704 (4823560403)|FLOW_INTERVIEW_FINISHED_LIMIT_USAGE|CPU time in ms: 2498 out of 15000
10:38:34.704 (4823566415)|FLOW_INTERVIEW_FINISHED_LIMIT_USAGE|Heap size in bytes: 0 out of 6000000
10:38:34.704 (4823569591)|FLOW_INTERVIEW_FINISHED_LIMIT_USAGE|Callouts: 0 out of 100
10:38:34.704 (4823572141)|FLOW_INTERVIEW_FINISHED_LIMIT_USAGE|Email invocations: 0 out of 10
10:38:34.704 (4823574889)|FLOW_INTERVIEW_FINISHED_LIMIT_USAGE|Future calls: 0 out of 50
10:38:34.704 (4823577330)|FLOW_INTERVIEW_FINISHED_LIMIT_USAGE|Jobs in queue: 0 out of 50
10:38:34.704 (4823580721)|FLOW_INTERVIEW_FINISHED|14625a77c9c6976ac6f11fbf58819ecc4100db-3bb0|Fortra &#124; OrderItem &#124; Set Workday Contract Line Type
10:38:34.704 (4823585126)|FLOW_INTERVIEW_FINISHED_LIMIT_USAGE|SOQL queries: 1 out of 100
10:38:34.704 (4823587261)|FLOW_INTERVIEW_FINISHED_LIMIT_USAGE|SOQL query rows: 3 out of 50000
10:38:34.704 (4823589354)|FLOW_INTERVIEW_FINISHED_LIMIT_USAGE|SOSL queries: 0 out of 20
10:38:34.704 (4823591373)|FLOW_INTERVIEW_FINISHED_LIMIT_USAGE|DML statements: 2 out of 150
10:38:34.704 (4823593428)|FLOW_INTERVIEW_FINISHED_LIMIT_USAGE|DML rows: 6 out of 10000
10:38:34.704 (4823599879)|FLOW_INTERVIEW_FINISHED_LIMIT_USAGE|CPU time in ms: 2498 out of 15000
10:38:34.704 (4823602379)|FLOW_INTERVIEW_FINISHED_LIMIT_USAGE|Heap size in bytes: 0 out of 6000000
10:38:34.704 (4823604401)|FLOW_INTERVIEW_FINISHED_LIMIT_USAGE|Callouts: 0 out of 100
10:38:34.704 (4823606469)|FLOW_INTERVIEW_FINISHED_LIMIT_USAGE|Email invocations: 0 out of 10
10:38:34.704 (4823608454)|FLOW_INTERVIEW_FINISHED_LIMIT_USAGE|Future calls: 0 out of 50
10:38:34.704 (4823610404)|FLOW_INTERVIEW_FINISHED_LIMIT_USAGE|Jobs in queue: 0 out of 50
10:38:34.704 (4823612869)|FLOW_INTERVIEW_FINISHED|14725a77c9c6976ac6f11fbf58819ecc4100db-3bb1|Fortra &#124; OrderItem &#124; Set Workday Contract Line Type
10:38:34.704 (4823616463)|FLOW_INTERVIEW_FINISHED_LIMIT_USAGE|SOQL queries: 1 out of 100
10:38:34.704 (4823618466)|FLOW_INTERVIEW_FINISHED_LIMIT_USAGE|SOQL query rows: 3 out of 50000
10:38:34.704 (4823620426)|FLOW_INTERVIEW_FINISHED_LIMIT_USAGE|SOSL queries: 0 out of 20
10:38:34.704 (4823622594)|FLOW_INTERVIEW_FINISHED_LIMIT_USAGE|DML statements: 2 out of 150
10:38:34.704 (4823624569)|FLOW_INTERVIEW_FINISHED_LIMIT_USAGE|DML rows: 6 out of 10000
10:38:34.704 (4823626491)|FLOW_INTERVIEW_FINISHED_LIMIT_USAGE|CPU time in ms: 2498 out of 15000
10:38:34.704 (4823628673)|FLOW_INTERVIEW_FINISHED_LIMIT_USAGE|Heap size in bytes: 0 out of 6000000
10:38:34.704 (4823630639)|FLOW_INTERVIEW_FINISHED_LIMIT_USAGE|Callouts: 0 out of 100
10:38:34.704 (4823632579)|FLOW_INTERVIEW_FINISHED_LIMIT_USAGE|Email invocations: 0 out of 10
10:38:34.704 (4823634550)|FLOW_INTERVIEW_FINISHED_LIMIT_USAGE|Future calls: 0 out of 50
10:38:34.704 (4823636489)|FLOW_INTERVIEW_FINISHED_LIMIT_USAGE|Jobs in queue: 0 out of 50
10:38:34.573 (4824810422)|CODE_UNIT_FINISHED|Flow:OrderItem
10:38:34.573 (4824822318)|EXECUTION_FINISHED
10:38:34.825 (4825061326)|USER_INFO|[EXTERNAL]|005WC00000MgTN2|liam.jeong.c@fortra.com.uat|(GMT-07:00) Pacific Daylight Time (America/Los_Angeles)|GMT-07:00
10:38:34.825 (4825074799)|EXECUTION_STARTED
10:38:34.825 (4825080801)|CODE_UNIT_STARTED|[EXTERNAL]|Flow:OrderItem
10:38:34.825 (4825091433)|CODE_UNIT_FINISHED|Flow:OrderItem
10:38:34.825 (4825093769)|EXECUTION_FINISHED
10:38:34.907 (4907034819)|USER_INFO|[EXTERNAL]|005WC00000MgTN2|liam.jeong.c@fortra.com.uat|(GMT-07:00) Pacific Daylight Time (America/Los_Angeles)|GMT-07:00
10:38:34.907 (4907062189)|EXECUTION_STARTED
10:38:34.907 (4907072205)|CODE_UNIT_STARTED|[EXTERNAL]|Flow:Order
10:38:34.907 (4907211044)|FLOW_CREATE_INTERVIEW_BEGIN|00DWC000006eUFF|300WC00000LcvHO|301WC00000gukzh
10:38:34.907 (4907322776)|FLOW_CREATE_INTERVIEW_END|15125a77c9c6976ac6f11fbf58819ecc4100db-3bb5|Fortra &#124; Order &#124; Before Insert/Update - Sync Status
10:38:34.908 (4908075137)|FLOW_START_INTERVIEWS_BEGIN|1
10:38:34.908 (4908134301)|FLOW_START_INTERVIEW_BEGIN|15125a77c9c6976ac6f11fbf58819ecc4100db-3bb5|Fortra &#124; Order &#124; Before Insert/Update - Sync Status
10:38:34.908 (4908273870)|FLOW_START_INTERVIEW_LIMIT_USAGE|SOQL queries: 1 out of 100
10:38:34.908 (4908285454)|FLOW_START_INTERVIEW_LIMIT_USAGE|SOQL query rows: 3 out of 50000
10:38:34.908 (4908292969)|FLOW_START_INTERVIEW_LIMIT_USAGE|SOSL queries: 0 out of 20
10:38:34.908 (4908300420)|FLOW_START_INTERVIEW_LIMIT_USAGE|DML statements: 2 out of 150
10:38:34.908 (4908307346)|FLOW_START_INTERVIEW_LIMIT_USAGE|DML rows: 6 out of 10000
10:38:34.908 (4908327345)|FLOW_START_INTERVIEW_LIMIT_USAGE|CPU time in ms: 2529 out of 15000
10:38:34.908 (4908350179)|FLOW_START_INTERVIEW_LIMIT_USAGE|Heap size in bytes: 0 out of 6000000
10:38:34.908 (4908358499)|FLOW_START_INTERVIEW_LIMIT_USAGE|Callouts: 0 out of 100
10:38:34.908 (4908365571)|FLOW_START_INTERVIEW_LIMIT_USAGE|Email invocations: 0 out of 10
10:38:34.908 (4908371971)|FLOW_START_INTERVIEW_LIMIT_USAGE|Future calls: 0 out of 50
10:38:34.908 (4908378580)|FLOW_START_INTERVIEW_LIMIT_USAGE|Jobs in queue: 0 out of 50
10:38:34.908 (4908385103)|FLOW_START_INTERVIEW_LIMIT_USAGE|Push notifications: 0 out of 10
10:38:34.908 (4914090670)|FLOW_VALUE_ASSIGNMENT|15125a77c9c6976ac6f11fbf58819ecc4100db-3bb5|$Record|{Id=801WC00000knHDLYA2, OwnerId=005a500001SfRd7AAF, ContractId=800WC00000SKpZJYA1, AccountId=001WC00000XiZP4YAN, Pricebook2Id=01sWC0000022GHFYA2, OriginalOrderId=null, OpportunityId=006WC00000R3zVxYAJ, QuoteId=0Q0WC0000039Vm10AE, EffectiveDate=2026-06-15 00:00:00, EndDate=null, IsReductionOrder=false, Status=Draft, Description=null, CustomerAuthorizedById=null, CustomerAuthorizedDate=null, CompanyAuthorizedById=null, CompanyAuthorizedDate=null, Type=null, BillingStreet=11095 Viking Drive, BillingCity=Eden Prairie, BillingState=Minnesota, BillingPostalCode=55344, BillingCountry=United States, BillingStateCode=MN, BillingCountryCode=US, BillingLatitude=null, BillingLongitude=null, BillingGeocodeAccuracy=null, ShippingStreet=11095 Viking Drive, ShippingCity=Eden Prairie, ShippingState=Minnesota, ShippingPostalCode=55344, ShippingCountry=United States, ShippingStateCode=MN, ShippingCountryCode=US, ShippingLatitude=null, ShippingLongitude=null, ShippingGeocodeAccuracy=null, Name=Q-Wren - Test Pricebook 2-2026-06-15, PoDate=null, PoNumber=null, OrderReferenceNumber=null, BillToContactId=003WC00000nc6g5YAA, ShipToContactId=003WC00000nc6g5YAA, ActivatedDate=null, ActivatedById=null, StatusCode=Draft, CurrencyIsoCode=USD, LegalEntityId=0fwWC000000034LYAQ, OrderedDate=null, BillingEmailAddress=null, BillingPhoneNumber=null, RelatedOrderId=null, OrderNumber=00095503, TotalAmount=94256.4875, TotalTaxAmount=0.0, GrandTotalAmount=94256.4875, TotalAdjustedProductAmount=0.0, TotalAdjustedDeliveryAmount=0.0, TotalProductAdjDistAmount=0.0, TotalDeliveryAdjDistAmount=0.0, TotalAdjustedProductTaxAmount=0.0, TotalAdjustedDeliveryTaxAmount=0.0, TotalProductAdjDistTaxAmount=0.0, TotalDeliveryAdjDistTaxAmount=0.0, TotalAdjProductAmtWithTax=0.0, TotalAdjDeliveryAmtWithTax=0.0, TotalProductAdjDistAmtWithTax=0.0, TotalDeliveryAdjDistAmtWithTax=0.0, PaymentTermId=2OXWC0000000Vs34AE, LastPricedDate=null, FulfillmentPlanId=null, CalculationStatus=CompletedWithPricing, OrchestrationSbmsStatus=null, OriginalActionType=null, ValidationResult=null, AdjustmentDistributionLogic=null, AppliedDiscountAmount=null, AppliedDiscount=null, TotalAmountOverride=null, SalesTransactionTypeId=null, PricingContractId=null, RelatedOrderType=null, TransactionType=Fortra_Advanced_Pricing, CreatedDate=2026-06-15 14:12:45, CreatedById=005a500001SfRd7AAF, LastModifiedDate=2026-06-15 17:38:35, LastModifiedById=005WC00000MgTN2YAN, IsDeleted=false, SystemModstamp=2026-06-15 17:38:35, LastViewedDate=null, LastReferencedDate=null, TotalRoundedLineAmount=null, DiscountPercent=null, Workday_Contract_ID__c=801WC00000knHDLYA2, Workday_ID__c=null, Workday_Sync_Correlation_Id__c=null, Workday_Sync_Message__c=null, Workday_Sync_Payload__c=null, QuoteTypeText__c=New, Legacy_Id__c=null, Bill_To_Place__c=a0lWC000004cO79YAE, Hubspot_Overall_Status__c=Overall Success, Ship_To_Place__c=a0lWC000004cO79YAE, Order_NARR__c=null, Source_Opportunity_Id__c=006WC00000R3zVx, Source_Order_Id__c=null, Bill_To_Account__c=001WC00000XiZP4YAN, Bill_To_Address__c=a0lWC000004cO79YAE, Ship_To_Account__c=001WC00000XiZP4YAN, Ship_To_Address__c=a0lWC000004cO79YAE, Clawback_Repaid_Date__c=null, Commission_Date__c=null, Contract_Start_Date__c=null, Currency_Locked__c=false, MSYears__c=null, New_Licenses__c=null, New_Maintenance__c=null, New_Pro_Services__c=null, Partner_Account__c=null, Reseller_PO__c=null, Sales_Rep__c=null, Source_Quote_Currency__c=USD, gsOrderID__c=null, gsShipDate__c=null, Order_Displaced_ARR__c=0.0, VAT_Number__c=null, DoNotInvoicePS__c=false, IsDR__c=false, IsNotificationSent__c=false, IsRenewal__c=false, IsTAM__c=null, Is_Reversed__c=false, New_SaaSEftCloud__c=null, Total_List_Price__c=null, Account_Specialist__c=null, Billing_Day_of_Month__c=null, Customer_Success_Manager__c=null, Date_Fulfilled__c=null, Deal_Origin__c=null, Disable_Export_Control__c=false, Enterprise_Representative__c=null, HARP_Contact__c=null, Invoice_Contact_2__c=null, Invoice_Contact__c=null, License_Key_Contact__c=null, ShowHide_Discounts__c=null, Solutions_Engineer__c=null, Total_Discount_Amount__c=0.0, PO_Sync_Correlation_Id__c=null, PO_Sync_Message__c=null, PO_Sync_Payload__c=null, PO_Sync_Status__c=Pending, PO_URL__c=null, ALE__c=null, AWS_Marketplace_Agreement_ID__c=null, AWS_Marketplace_Offer_ID__c=null, Account_NameText__c=Fortra, LLC - Test, Billing_Frequency__c=null, Contact__c=null, Cross_Sale_Type__c=null, Cross_Sale_User__c=null, Description__c=null, Disable_Tax__c=false, DistributorReseller__c=null, Line_Items_Complete__c=false, Maintenance_Date__c=null, Mark_Inv_Migration_Change__c=false, On_Hold_Time__c=null, OrderOne__c=1.0, POC_Invoice_Contact_On_Billing_Account__c=null, Payment_Portal__c=Fortra (default), Purchasing_Agent_Account__c=null, Purchasing_Agent_Contact__c=null, RSM_2__c=null, RSM_3__c=null, RSM_4__c=null, RSM_5__c=null, RSM__c=null, Referral_Partner__c=null, Renewal_Maintenance_Quote__c=null, Renewals_Specialist__c=null, Requested_Delivery_Date__c=null, Reseller_Partner__c=null, SA__c=null, Secondary_License_Key_Contact__c=null, Share_With_AWS__c=false, SingleYearMS__c=null, Skip_Price_Calculation__c=false, Source_Campaign__c=null, Source_Quote_Id__c=null, Workday_Sync_Status__c=Pending, HS_Sync_Correlation_Id__c=null, HS_Sync_Message__c=null, HS_Sync_Payload__c=null, HS_Sync_Status__c=null, Deal_Type__c=Channel Originated, GSW__c=false, Quote_Type__c=New, Total_Services__c=null, Total_Software__c=null, Total_Subscription__c=94000.0, Order_NARR_Calculated__c=0.0, Exchange_Rate_To_USD__c=null, Legacy_Sync_Correlation_Id__c=null, Legacy_Sync_Message__c=null, Legacy_Sync_Payload__c=null, Legacy_Sync_Status__c=null, WorkdayReferenceID__c=COM003, Payment_Term_Workday_Reference_ID__c=Net_30, Order_Integration_Error_Messages__c=null, Order_and_Related_Field_Status__c=Unknown, Legacy_Discount__c=null, Workday_Contract_Type__c=Master_Contract, Legacy_Overall_Status__c=Not Overall Success, Workday_Overall_Status__c=Not Success, Contract_Number_Text__c=00069297, MyCap__c=false}
10:38:34.908 (4914501955)|FLOW_ELEMENT_BEGIN|15125a77c9c6976ac6f11fbf58819ecc4100db-3bb5|FlowDecision|Workday_Sync_Status_Decision
10:38:34.908 (4914530777)|FLOW_ELEMENT_DEFERRED|FlowDecision|Workday_Sync_Status_Decision
10:38:34.908 (4914593214)|FLOW_ELEMENT_LIMIT_USAGE|6 ms CPU time, total 2535 out of 15000
10:38:34.908 (4914602110)|FLOW_ELEMENT_END|15125a77c9c6976ac6f11fbf58819ecc4100db-3bb5|FlowDecision|Workday_Sync_Status_Decision
10:38:34.908 (4914679036)|FLOW_START_INTERVIEW_END|15125a77c9c6976ac6f11fbf58819ecc4100db-3bb5|Fortra &#124; Order &#124; Before Insert/Update - Sync Status
10:38:34.908 (4914719724)|FLOW_BULK_ELEMENT_BEGIN|FlowDecision|Workday_Sync_Status_Decision
10:38:34.908 (4914908108)|FLOW_RULE_DETAIL|15125a77c9c6976ac6f11fbf58819ecc4100db-3bb5|NOT_Success_Workday_Sync_Status_Outcome|true|false
10:38:34.908 (4914944121)|FLOW_VALUE_ASSIGNMENT|15125a77c9c6976ac6f11fbf58819ecc4100db-3bb5|NOT_Success_Workday_Sync_Status_Outcome|true
10:38:34.908 (4915120195)|FLOW_BULK_ELEMENT_LIMIT_USAGE|1 ms CPU time, total 2536 out of 15000
10:38:34.908 (4915131903)|FLOW_BULK_ELEMENT_END|FlowDecision|Workday_Sync_Status_Decision|0|0
10:38:34.908 (4915179031)|FLOW_ELEMENT_BEGIN|15125a77c9c6976ac6f11fbf58819ecc4100db-3bb5|FlowDecision|Set_Workday_Sync_Status_to_Pending_Decision
10:38:34.908 (4915191492)|FLOW_ELEMENT_DEFERRED|FlowDecision|Set_Workday_Sync_Status_to_Pending_Decision
10:38:34.908 (4915209587)|FLOW_ELEMENT_END|15125a77c9c6976ac6f11fbf58819ecc4100db-3bb5|FlowDecision|Set_Workday_Sync_Status_to_Pending_Decision
10:38:34.908 (4915242531)|FLOW_BULK_ELEMENT_BEGIN|FlowDecision|Set_Workday_Sync_Status_to_Pending_Decision
10:38:34.908 (4915727174)|FLOW_RULE_DETAIL|15125a77c9c6976ac6f11fbf58819ecc4100db-3bb5|No_Set_Workday_Sync_Status_to_Pending_Outcome|false|false
10:38:34.908 (4915765570)|FLOW_VALUE_ASSIGNMENT|15125a77c9c6976ac6f11fbf58819ecc4100db-3bb5|No_Set_Workday_Sync_Status_to_Pending_Outcome|false
10:38:34.908 (4915889469)|FLOW_BULK_ELEMENT_END|FlowDecision|Set_Workday_Sync_Status_to_Pending_Decision|0|0
10:38:34.908 (4915950908)|FLOW_ELEMENT_BEGIN|15125a77c9c6976ac6f11fbf58819ecc4100db-3bb5|FlowAssignment|Set_Workday_Sync_Status_to_Pending
10:38:34.908 (4915964605)|FLOW_ELEMENT_DEFERRED|FlowAssignment|Set_Workday_Sync_Status_to_Pending
10:38:34.908 (4915987112)|FLOW_ELEMENT_LIMIT_USAGE|1 ms CPU time, total 2537 out of 15000
10:38:34.908 (4915993015)|FLOW_ELEMENT_END|15125a77c9c6976ac6f11fbf58819ecc4100db-3bb5|FlowAssignment|Set_Workday_Sync_Status_to_Pending
10:38:34.908 (4916029999)|FLOW_BULK_ELEMENT_BEGIN|FlowAssignment|Set_Workday_Sync_Status_to_Pending
10:38:34.908 (4916217300)|FLOW_ASSIGNMENT_DETAIL|15125a77c9c6976ac6f11fbf58819ecc4100db-3bb5|$Record.Workday_Sync_Status__c|ASSIGN|Pending
10:38:34.908 (4920212450)|FLOW_VALUE_ASSIGNMENT|15125a77c9c6976ac6f11fbf58819ecc4100db-3bb5|$Record|{Id=801WC00000knHDLYA2, OwnerId=005a500001SfRd7AAF, ContractId=800WC00000SKpZJYA1, AccountId=001WC00000XiZP4YAN, Pricebook2Id=01sWC0000022GHFYA2, OriginalOrderId=null, OpportunityId=006WC00000R3zVxYAJ, QuoteId=0Q0WC0000039Vm10AE, EffectiveDate=2026-06-15 00:00:00, EndDate=null, IsReductionOrder=false, Status=Draft, Description=null, CustomerAuthorizedById=null, CustomerAuthorizedDate=null, CompanyAuthorizedById=null, CompanyAuthorizedDate=null, Type=null, BillingStreet=11095 Viking Drive, BillingCity=Eden Prairie, BillingState=Minnesota, BillingPostalCode=55344, BillingCountry=United States, BillingStateCode=MN, BillingCountryCode=US, BillingLatitude=null, BillingLongitude=null, BillingGeocodeAccuracy=null, ShippingStreet=11095 Viking Drive, ShippingCity=Eden Prairie, ShippingState=Minnesota, ShippingPostalCode=55344, ShippingCountry=United States, ShippingStateCode=MN, ShippingCountryCode=US, ShippingLatitude=null, ShippingLongitude=null, ShippingGeocodeAccuracy=null, Name=Q-Wren - Test Pricebook 2-2026-06-15, PoDate=null, PoNumber=null, OrderReferenceNumber=null, BillToContactId=003WC00000nc6g5YAA, ShipToContactId=003WC00000nc6g5YAA, ActivatedDate=null, ActivatedById=null, StatusCode=Draft, CurrencyIsoCode=USD, LegalEntityId=0fwWC000000034LYAQ, OrderedDate=null, BillingEmailAddress=null, BillingPhoneNumber=null, RelatedOrderId=null, OrderNumber=00095503, TotalAmount=94256.4875, TotalTaxAmount=0.0, GrandTotalAmount=94256.4875, TotalAdjustedProductAmount=0.0, TotalAdjustedDeliveryAmount=0.0, TotalProductAdjDistAmount=0.0, TotalDeliveryAdjDistAmount=0.0, TotalAdjustedProductTaxAmount=0.0, TotalAdjustedDeliveryTaxAmount=0.0, TotalProductAdjDistTaxAmount=0.0, TotalDeliveryAdjDistTaxAmount=0.0, TotalAdjProductAmtWithTax=0.0, TotalAdjDeliveryAmtWithTax=0.0, TotalProductAdjDistAmtWithTax=0.0, TotalDeliveryAdjDistAmtWithTax=0.0, PaymentTermId=2OXWC0000000Vs34AE, LastPricedDate=null, FulfillmentPlanId=null, CalculationStatus=CompletedWithPricing, OrchestrationSbmsStatus=null, OriginalActionType=null, ValidationResult=null, AdjustmentDistributionLogic=null, AppliedDiscountAmount=null, AppliedDiscount=null, TotalAmountOverride=null, SalesTransactionTypeId=null, PricingContractId=null, RelatedOrderType=null, TransactionType=Fortra_Advanced_Pricing, CreatedDate=2026-06-15 14:12:45, CreatedById=005a500001SfRd7AAF, LastModifiedDate=2026-06-15 17:38:35, LastModifiedById=005WC00000MgTN2YAN, IsDeleted=false, SystemModstamp=2026-06-15 17:38:35, LastViewedDate=null, LastReferencedDate=null, TotalRoundedLineAmount=null, DiscountPercent=null, Workday_Contract_ID__c=801WC00000knHDLYA2, Workday_ID__c=null, Workday_Sync_Correlation_Id__c=null, Workday_Sync_Message__c=null, Workday_Sync_Payload__c=null, QuoteTypeText__c=New, Legacy_Id__c=null, Bill_To_Place__c=a0lWC000004cO79YAE, Hubspot_Overall_Status__c=Overall Success, Ship_To_Place__c=a0lWC000004cO79YAE, Order_NARR__c=null, Source_Opportunity_Id__c=006WC00000R3zVx, Source_Order_Id__c=null, Bill_To_Account__c=001WC00000XiZP4YAN, Bill_To_Address__c=a0lWC000004cO79YAE, Ship_To_Account__c=001WC00000XiZP4YAN, Ship_To_Address__c=a0lWC000004cO79YAE, Clawback_Repaid_Date__c=null, Commission_Date__c=null, Contract_Start_Date__c=null, Currency_Locked__c=false, MSYears__c=null, New_Licenses__c=null, New_Maintenance__c=null, New_Pro_Services__c=null, Partner_Account__c=null, Reseller_PO__c=null, Sales_Rep__c=null, Source_Quote_Currency__c=USD, gsOrderID__c=null, gsShipDate__c=null, Order_Displaced_ARR__c=0.0, VAT_Number__c=null, DoNotInvoicePS__c=false, IsDR__c=false, IsNotificationSent__c=false, IsRenewal__c=false, IsTAM__c=null, Is_Reversed__c=false, New_SaaSEftCloud__c=null, Total_List_Price__c=null, Account_Specialist__c=null, Billing_Day_of_Month__c=null, Customer_Success_Manager__c=null, Date_Fulfilled__c=null, Deal_Origin__c=null, Disable_Export_Control__c=false, Enterprise_Representative__c=null, HARP_Contact__c=null, Invoice_Contact_2__c=null, Invoice_Contact__c=null, License_Key_Contact__c=null, ShowHide_Discounts__c=null, Solutions_Engineer__c=null, Total_Discount_Amount__c=0.0, PO_Sync_Correlation_Id__c=null, PO_Sync_Message__c=null, PO_Sync_Payload__c=null, PO_Sync_Status__c=Pending, PO_URL__c=null, ALE__c=null, AWS_Marketplace_Agreement_ID__c=null, AWS_Marketplace_Offer_ID__c=null, Account_NameText__c=Fortra, LLC - Test, Billing_Frequency__c=null, Contact__c=null, Cross_Sale_Type__c=null, Cross_Sale_User__c=null, Description__c=null, Disable_Tax__c=false, DistributorReseller__c=null, Line_Items_Complete__c=false, Maintenance_Date__c=null, Mark_Inv_Migration_Change__c=false, On_Hold_Time__c=null, OrderOne__c=1.0, POC_Invoice_Contact_On_Billing_Account__c=null, Payment_Portal__c=Fortra (default), Purchasing_Agent_Account__c=null, Purchasing_Agent_Contact__c=null, RSM_2__c=null, RSM_3__c=null, RSM_4__c=null, RSM_5__c=null, RSM__c=null, Referral_Partner__c=null, Renewal_Maintenance_Quote__c=null, Renewals_Specialist__c=null, Requested_Delivery_Date__c=null, Reseller_Partner__c=null, SA__c=null, Secondary_License_Key_Contact__c=null, Share_With_AWS__c=false, SingleYearMS__c=null, Skip_Price_Calculation__c=false, Source_Campaign__c=null, Source_Quote_Id__c=null, Workday_Sync_Status__c=Pending, HS_Sync_Correlation_Id__c=null, HS_Sync_Message__c=null, HS_Sync_Payload__c=null, HS_Sync_Status__c=null, Deal_Type__c=Channel Originated, GSW__c=false, Quote_Type__c=New, Total_Services__c=null, Total_Software__c=null, Total_Subscription__c=94000.0, Order_NARR_Calculated__c=0.0, Exchange_Rate_To_USD__c=null, Legacy_Sync_Correlation_Id__c=null, Legacy_Sync_Message__c=null, Legacy_Sync_Payload__c=null, Legacy_Sync_Status__c=null, WorkdayReferenceID__c=COM003, Payment_Term_Workday_Reference_ID__c=Net_30, Order_Integration_Error_Messages__c=null, Order_and_Related_Field_Status__c=Unknown, Legacy_Discount__c=null, Workday_Contract_Type__c=Master_Contract, Legacy_Overall_Status__c=Not Overall Success, Workday_Overall_Status__c=Not Success, Contract_Number_Text__c=00069297, MyCap__c=false}
10:38:34.908 (4920483484)|FLOW_BULK_ELEMENT_LIMIT_USAGE|4 ms CPU time, total 2541 out of 15000
10:38:34.908 (4920500579)|FLOW_BULK_ELEMENT_END|FlowAssignment|Set_Workday_Sync_Status_to_Pending|0|4
10:38:34.908 (4920563625)|FLOW_ELEMENT_BEGIN|15125a77c9c6976ac6f11fbf58819ecc4100db-3bb5|FlowDecision|Set_PO_Sync_Status_to_Pending_Decision
10:38:34.908 (4920609756)|FLOW_ELEMENT_DEFERRED|FlowDecision|Set_PO_Sync_Status_to_Pending_Decision
10:38:34.908 (4920664587)|FLOW_ELEMENT_END|15125a77c9c6976ac6f11fbf58819ecc4100db-3bb5|FlowDecision|Set_PO_Sync_Status_to_Pending_Decision
10:38:34.908 (4920707134)|FLOW_BULK_ELEMENT_BEGIN|FlowDecision|Set_PO_Sync_Status_to_Pending_Decision
10:38:34.908 (4921041947)|FLOW_RULE_DETAIL|15125a77c9c6976ac6f11fbf58819ecc4100db-3bb5|No_Set_PO_Sync_Status_to_Pending_Outcome|false|false
10:38:34.908 (4921071711)|FLOW_VALUE_ASSIGNMENT|15125a77c9c6976ac6f11fbf58819ecc4100db-3bb5|No_Set_PO_Sync_Status_to_Pending_Outcome|false
10:38:34.908 (4921190491)|FLOW_BULK_ELEMENT_END|FlowDecision|Set_PO_Sync_Status_to_Pending_Decision|0|0
10:38:34.908 (4921228161)|FLOW_ELEMENT_BEGIN|15125a77c9c6976ac6f11fbf58819ecc4100db-3bb5|FlowAssignment|Set_PO_Sync_Status_to_Pending
10:38:34.908 (4921240667)|FLOW_ELEMENT_DEFERRED|FlowAssignment|Set_PO_Sync_Status_to_Pending
10:38:34.908 (4921263309)|FLOW_ELEMENT_LIMIT_USAGE|1 ms CPU time, total 2542 out of 15000
10:38:34.908 (4921269182)|FLOW_ELEMENT_END|15125a77c9c6976ac6f11fbf58819ecc4100db-3bb5|FlowAssignment|Set_PO_Sync_Status_to_Pending
10:38:34.908 (4921303202)|FLOW_BULK_ELEMENT_BEGIN|FlowAssignment|Set_PO_Sync_Status_to_Pending
10:38:34.908 (4921450405)|FLOW_ASSIGNMENT_DETAIL|15125a77c9c6976ac6f11fbf58819ecc4100db-3bb5|$Record.PO_Sync_Status__c|ASSIGN|Pending
10:38:34.908 (4925676034)|FLOW_VALUE_ASSIGNMENT|15125a77c9c6976ac6f11fbf58819ecc4100db-3bb5|$Record|{Id=801WC00000knHDLYA2, OwnerId=005a500001SfRd7AAF, ContractId=800WC00000SKpZJYA1, AccountId=001WC00000XiZP4YAN, Pricebook2Id=01sWC0000022GHFYA2, OriginalOrderId=null, OpportunityId=006WC00000R3zVxYAJ, QuoteId=0Q0WC0000039Vm10AE, EffectiveDate=2026-06-15 00:00:00, EndDate=null, IsReductionOrder=false, Status=Draft, Description=null, CustomerAuthorizedById=null, CustomerAuthorizedDate=null, CompanyAuthorizedById=null, CompanyAuthorizedDate=null, Type=null, BillingStreet=11095 Viking Drive, BillingCity=Eden Prairie, BillingState=Minnesota, BillingPostalCode=55344, BillingCountry=United States, BillingStateCode=MN, BillingCountryCode=US, BillingLatitude=null, BillingLongitude=null, BillingGeocodeAccuracy=null, ShippingStreet=11095 Viking Drive, ShippingCity=Eden Prairie, ShippingState=Minnesota, ShippingPostalCode=55344, ShippingCountry=United States, ShippingStateCode=MN, ShippingCountryCode=US, ShippingLatitude=null, ShippingLongitude=null, ShippingGeocodeAccuracy=null, Name=Q-Wren - Test Pricebook 2-2026-06-15, PoDate=null, PoNumber=null, OrderReferenceNumber=null, BillToContactId=003WC00000nc6g5YAA, ShipToContactId=003WC00000nc6g5YAA, ActivatedDate=null, ActivatedById=null, StatusCode=Draft, CurrencyIsoCode=USD, LegalEntityId=0fwWC000000034LYAQ, OrderedDate=null, BillingEmailAddress=null, BillingPhoneNumber=null, RelatedOrderId=null, OrderNumber=00095503, TotalAmount=94256.4875, TotalTaxAmount=0.0, GrandTotalAmount=94256.4875, TotalAdjustedProductAmount=0.0, TotalAdjustedDeliveryAmount=0.0, TotalProductAdjDistAmount=0.0, TotalDeliveryAdjDistAmount=0.0, TotalAdjustedProductTaxAmount=0.0, TotalAdjustedDeliveryTaxAmount=0.0, TotalProductAdjDistTaxAmount=0.0, TotalDeliveryAdjDistTaxAmount=0.0, TotalAdjProductAmtWithTax=0.0, TotalAdjDeliveryAmtWithTax=0.0, TotalProductAdjDistAmtWithTax=0.0, TotalDeliveryAdjDistAmtWithTax=0.0, PaymentTermId=2OXWC0000000Vs34AE, LastPricedDate=null, FulfillmentPlanId=null, CalculationStatus=CompletedWithPricing, OrchestrationSbmsStatus=null, OriginalActionType=null, ValidationResult=null, AdjustmentDistributionLogic=null, AppliedDiscountAmount=null, AppliedDiscount=null, TotalAmountOverride=null, SalesTransactionTypeId=null, PricingContractId=null, RelatedOrderType=null, TransactionType=Fortra_Advanced_Pricing, CreatedDate=2026-06-15 14:12:45, CreatedById=005a500001SfRd7AAF, LastModifiedDate=2026-06-15 17:38:35, LastModifiedById=005WC00000MgTN2YAN, IsDeleted=false, SystemModstamp=2026-06-15 17:38:35, LastViewedDate=null, LastReferencedDate=null, TotalRoundedLineAmount=null, DiscountPercent=null, Workday_Contract_ID__c=801WC00000knHDLYA2, Workday_ID__c=null, Workday_Sync_Correlation_Id__c=null, Workday_Sync_Message__c=null, Workday_Sync_Payload__c=null, QuoteTypeText__c=New, Legacy_Id__c=null, Bill_To_Place__c=a0lWC000004cO79YAE, Hubspot_Overall_Status__c=Overall Success, Ship_To_Place__c=a0lWC000004cO79YAE, Order_NARR__c=null, Source_Opportunity_Id__c=006WC00000R3zVx, Source_Order_Id__c=null, Bill_To_Account__c=001WC00000XiZP4YAN, Bill_To_Address__c=a0lWC000004cO79YAE, Ship_To_Account__c=001WC00000XiZP4YAN, Ship_To_Address__c=a0lWC000004cO79YAE, Clawback_Repaid_Date__c=null, Commission_Date__c=null, Contract_Start_Date__c=null, Currency_Locked__c=false, MSYears__c=null, New_Licenses__c=null, New_Maintenance__c=null, New_Pro_Services__c=null, Partner_Account__c=null, Reseller_PO__c=null, Sales_Rep__c=null, Source_Quote_Currency__c=USD, gsOrderID__c=null, gsShipDate__c=null, Order_Displaced_ARR__c=0.0, VAT_Number__c=null, DoNotInvoicePS__c=false, IsDR__c=false, IsNotificationSent__c=false, IsRenewal__c=false, IsTAM__c=null, Is_Reversed__c=false, New_SaaSEftCloud__c=null, Total_List_Price__c=null, Account_Specialist__c=null, Billing_Day_of_Month__c=null, Customer_Success_Manager__c=null, Date_Fulfilled__c=null, Deal_Origin__c=null, Disable_Export_Control__c=false, Enterprise_Representative__c=null, HARP_Contact__c=null, Invoice_Contact_2__c=null, Invoice_Contact__c=null, License_Key_Contact__c=null, ShowHide_Discounts__c=null, Solutions_Engineer__c=null, Total_Discount_Amount__c=0.0, PO_Sync_Correlation_Id__c=null, PO_Sync_Message__c=null, PO_Sync_Payload__c=null, PO_Sync_Status__c=Pending, PO_URL__c=null, ALE__c=null, AWS_Marketplace_Agreement_ID__c=null, AWS_Marketplace_Offer_ID__c=null, Account_NameText__c=Fortra, LLC - Test, Billing_Frequency__c=null, Contact__c=null, Cross_Sale_Type__c=null, Cross_Sale_User__c=null, Description__c=null, Disable_Tax__c=false, DistributorReseller__c=null, Line_Items_Complete__c=false, Maintenance_Date__c=null, Mark_Inv_Migration_Change__c=false, On_Hold_Time__c=null, OrderOne__c=1.0, POC_Invoice_Contact_On_Billing_Account__c=null, Payment_Portal__c=Fortra (default), Purchasing_Agent_Account__c=null, Purchasing_Agent_Contact__c=null, RSM_2__c=null, RSM_3__c=null, RSM_4__c=null, RSM_5__c=null, RSM__c=null, Referral_Partner__c=null, Renewal_Maintenance_Quote__c=null, Renewals_Specialist__c=null, Requested_Delivery_Date__c=null, Reseller_Partner__c=null, SA__c=null, Secondary_License_Key_Contact__c=null, Share_With_AWS__c=false, SingleYearMS__c=null, Skip_Price_Calculation__c=false, Source_Campaign__c=null, Source_Quote_Id__c=null, Workday_Sync_Status__c=Pending, HS_Sync_Correlation_Id__c=null, HS_Sync_Message__c=null, HS_Sync_Payload__c=null, HS_Sync_Status__c=null, Deal_Type__c=Channel Originated, GSW__c=false, Quote_Type__c=New, Total_Services__c=null, Total_Software__c=null, Total_Subscription__c=94000.0, Order_NARR_Calculated__c=0.0, Exchange_Rate_To_USD__c=null, Legacy_Sync_Correlation_Id__c=null, Legacy_Sync_Message__c=null, Legacy_Sync_Payload__c=null, Legacy_Sync_Status__c=null, WorkdayReferenceID__c=COM003, Payment_Term_Workday_Reference_ID__c=Net_30, Order_Integration_Error_Messages__c=null, Order_and_Related_Field_Status__c=Unknown, Legacy_Discount__c=null, Workday_Contract_Type__c=Master_Contract, Legacy_Overall_Status__c=Not Overall Success, Workday_Overall_Status__c=Not Success, Contract_Number_Text__c=00069297, MyCap__c=false}
10:38:34.908 (4925958940)|FLOW_BULK_ELEMENT_LIMIT_USAGE|4 ms CPU time, total 2546 out of 15000
10:38:34.908 (4926000247)|FLOW_BULK_ELEMENT_END|FlowAssignment|Set_PO_Sync_Status_to_Pending|0|4
10:38:34.908 (4926315047)|FLOW_START_INTERVIEWS_END|1
10:38:34.908 (4926659056)|FLOW_INTERVIEW_FINISHED|15125a77c9c6976ac6f11fbf58819ecc4100db-3bb5|Fortra &#124; Order &#124; Before Insert/Update - Sync Status
10:38:34.908 (4926688809)|FLOW_INTERVIEW_FINISHED_LIMIT_USAGE|SOQL queries: 1 out of 100
10:38:34.908 (4926696376)|FLOW_INTERVIEW_FINISHED_LIMIT_USAGE|SOQL query rows: 3 out of 50000
10:38:34.908 (4926702609)|FLOW_INTERVIEW_FINISHED_LIMIT_USAGE|SOSL queries: 0 out of 20
10:38:34.908 (4926708906)|FLOW_INTERVIEW_FINISHED_LIMIT_USAGE|DML statements: 2 out of 150
10:38:34.908 (4926714332)|FLOW_INTERVIEW_FINISHED_LIMIT_USAGE|DML rows: 6 out of 10000
10:38:34.908 (4926720177)|FLOW_INTERVIEW_FINISHED_LIMIT_USAGE|CPU time in ms: 2546 out of 15000
10:38:34.908 (4926728633)|FLOW_INTERVIEW_FINISHED_LIMIT_USAGE|Heap size in bytes: 0 out of 6000000
10:38:34.908 (4926734238)|FLOW_INTERVIEW_FINISHED_LIMIT_USAGE|Callouts: 0 out of 100
10:38:34.908 (4926739663)|FLOW_INTERVIEW_FINISHED_LIMIT_USAGE|Email invocations: 0 out of 10
10:38:34.908 (4926744670)|FLOW_INTERVIEW_FINISHED_LIMIT_USAGE|Future calls: 0 out of 50
10:38:34.908 (4926749541)|FLOW_INTERVIEW_FINISHED_LIMIT_USAGE|Jobs in queue: 0 out of 50
10:38:34.907 (4928643763)|CODE_UNIT_FINISHED|Flow:Order
10:38:34.907 (4928660051)|EXECUTION_FINISHED
10:38:34.959 (4959255006)|USER_INFO|[EXTERNAL]|005WC00000MgTN2|liam.jeong.c@fortra.com.uat|(GMT-07:00) Pacific Daylight Time (America/Los_Angeles)|GMT-07:00
10:38:34.959 (4959280824)|EXECUTION_STARTED
10:38:34.959 (4959290894)|CODE_UNIT_STARTED|[EXTERNAL]|Validation:Order:801WC00000knHDL
10:38:34.959 (4959315363)|VALIDATION_RULE|03dWC000001dRW1|Lock_Currency_At_Order_Activation
10:38:34.959 (4959732340)|VALIDATION_FORMULA|AND(
 ISCHANGED(CurrencyIsoCode),
 OR(
     ISPICKVAL(Status, 'Activated'),
     ISPICKVAL(Status, 'In Fulfillment'),
     ISPICKVAL(Status, 'Fulfilled'),
     ISPICKVAL(Status, 'Completed'),
     ISPICKVAL(Status, 'Closed')
 )
)|Status=Draft , CurrencyIsoCode=USD
10:38:34.959 (4959758455)|VALIDATION_PASS
10:38:34.959 (4959760480)|VALIDATION_RULE|03dWC000001pCD3|Order_BillToAddressAcct_Equal_OrderAcct
10:38:34.959 (4960107227)|VALIDATION_FORMULA|AND(NOT(ISBLANK(Bill_To_Address__r.Account__c)),
 Bill_To_Address__r.Account__c !=  AccountId 
)|AccountId=001WC00000XiZP4 , Bill_To_Address__r.Account__c=001WC00000XiZP4
10:38:34.959 (4960115880)|VALIDATION_PASS
10:38:34.959 (4960118102)|VALIDATION_RULE|03dWC000001pCBR|Order_BillToContactAcct_Equal_OrderAcct
10:38:34.959 (4960303168)|VALIDATION_FORMULA|AND(NOT(ISBLANK(BillToContact.AccountId)),
 BillToContact.AccountId !=  AccountId 
)|AccountId=001WC00000XiZP4 , BillToContact.AccountId=001WC00000XiZP4
10:38:34.959 (4960309507)|VALIDATION_PASS
10:38:34.959 (4960311442)|VALIDATION_RULE|03dWC000001pC9p|Order_BillToPlaceAcct_Equal_OrderAcct
10:38:34.959 (4960427254)|VALIDATION_FORMULA|AND(NOT(ISBLANK(Bill_To_Place__r.Account__c)),
 Bill_To_Place__r.Account__c !=  AccountId 
)|AccountId=001WC00000XiZP4 , Bill_To_Place__r.Account__c=001WC00000XiZP4
10:38:34.959 (4960431596)|VALIDATION_PASS
10:38:34.959 (4960433530)|VALIDATION_RULE|03dWC000001pC8D|Order_ShipToAddressAcct_Equal_OrderAcct
10:38:34.959 (4960536438)|VALIDATION_FORMULA|AND(NOT(ISBLANK(Ship_To_Address__r.Account__c)),
 Ship_To_Address__r.Account__c != AccountId
)|AccountId=001WC00000XiZP4 , Ship_To_Address__r.Account__c=001WC00000XiZP4
10:38:34.959 (4960540527)|VALIDATION_PASS
10:38:34.959 (4960542264)|VALIDATION_RULE|03dWC000001pC6b|Order_ShipToContactAcct_Equal_OrderAcct
10:38:34.959 (4960642459)|VALIDATION_FORMULA|AND(NOT(ISBLANK(ShipToContact.AccountId)),
 ShipToContact.AccountId  != AccountId
)|AccountId=001WC00000XiZP4 , ShipToContact.AccountId=001WC00000XiZP4
10:38:34.959 (4960646790)|VALIDATION_PASS
10:38:34.959 (4960648586)|VALIDATION_RULE|03dWC000001pC4z|Order_ShipToPlaceAcct_Equal_OrderAcct
10:38:34.959 (4960749522)|VALIDATION_FORMULA|AND(NOT(ISBLANK(Ship_To_Place__r.Account__c)),
 Ship_To_Place__r.Account__c != AccountId 
)|AccountId=001WC00000XiZP4 , Ship_To_Place__r.Account__c=001WC00000XiZP4
10:38:34.959 (4960753464)|VALIDATION_PASS
10:38:34.959 (4960764090)|CODE_UNIT_FINISHED|Validation:Order:801WC00000knHDL
10:38:34.959 (4960773319)|EXECUTION_FINISHED
10:38:34.980 (4980206836)|USER_INFO|[EXTERNAL]|005WC00000MgTN2|liam.jeong.c@fortra.com.uat|(GMT-07:00) Pacific Daylight Time (America/Los_Angeles)|GMT-07:00
10:38:34.980 (4980228702)|EXECUTION_STARTED
10:38:34.980 (4980237698)|CODE_UNIT_STARTED|[EXTERNAL]|Flow:Order
10:38:34.981 (4981052946)|FLOW_CREATE_INTERVIEW_BEGIN|00DWC000006eUFF|300WC00000PgHIz|301WC00000guXcg
10:38:34.981 (4981157667)|FLOW_CREATE_INTERVIEW_END|15225a77c9c6976ac6f11fbf58819ecc4100db-3bb6|Fortra &#124; Order &#124; After Update - Platform Event (Workday)
10:38:34.981 (4981654533)|FLOW_START_INTERVIEWS_BEGIN|1
10:38:34.981 (4981691166)|FLOW_START_INTERVIEW_BEGIN|15225a77c9c6976ac6f11fbf58819ecc4100db-3bb6|Fortra &#124; Order &#124; After Update - Platform Event (Workday)
10:38:34.981 (4981736640)|FLOW_START_INTERVIEW_LIMIT_USAGE|SOQL queries: 1 out of 100
10:38:34.981 (4981743732)|FLOW_START_INTERVIEW_LIMIT_USAGE|SOQL query rows: 3 out of 50000
10:38:34.981 (4981747324)|FLOW_START_INTERVIEW_LIMIT_USAGE|SOSL queries: 0 out of 20
10:38:34.981 (4981751218)|FLOW_START_INTERVIEW_LIMIT_USAGE|DML statements: 2 out of 150
10:38:34.981 (4981754315)|FLOW_START_INTERVIEW_LIMIT_USAGE|DML rows: 6 out of 10000
10:38:34.981 (4981758291)|FLOW_START_INTERVIEW_LIMIT_USAGE|CPU time in ms: 2581 out of 15000
10:38:34.981 (4981768481)|FLOW_START_INTERVIEW_LIMIT_USAGE|Heap size in bytes: 0 out of 6000000
10:38:34.981 (4981771727)|FLOW_START_INTERVIEW_LIMIT_USAGE|Callouts: 0 out of 100
10:38:34.981 (4981774831)|FLOW_START_INTERVIEW_LIMIT_USAGE|Email invocations: 0 out of 10
10:38:34.981 (4981777942)|FLOW_START_INTERVIEW_LIMIT_USAGE|Future calls: 0 out of 50
10:38:34.981 (4981780849)|FLOW_START_INTERVIEW_LIMIT_USAGE|Jobs in queue: 0 out of 50
10:38:34.981 (4981783879)|FLOW_START_INTERVIEW_LIMIT_USAGE|Push notifications: 0 out of 10
10:38:34.981 (4984707567)|FLOW_VALUE_ASSIGNMENT|15225a77c9c6976ac6f11fbf58819ecc4100db-3bb6|$Record|{Id=801WC00000knHDLYA2, OwnerId=005a500001SfRd7AAF, ContractId=800WC00000SKpZJYA1, AccountId=001WC00000XiZP4YAN, Pricebook2Id=01sWC0000022GHFYA2, OriginalOrderId=null, OpportunityId=006WC00000R3zVxYAJ, QuoteId=0Q0WC0000039Vm10AE, EffectiveDate=2026-06-15 00:00:00, EndDate=null, IsReductionOrder=false, Status=Draft, Description=null, CustomerAuthorizedById=null, CustomerAuthorizedDate=null, CompanyAuthorizedById=null, CompanyAuthorizedDate=null, Type=null, BillingStreet=11095 Viking Drive, BillingCity=Eden Prairie, BillingState=Minnesota, BillingPostalCode=55344, BillingCountry=United States, BillingStateCode=MN, BillingCountryCode=US, BillingLatitude=null, BillingLongitude=null, BillingGeocodeAccuracy=null, ShippingStreet=11095 Viking Drive, ShippingCity=Eden Prairie, ShippingState=Minnesota, ShippingPostalCode=55344, ShippingCountry=United States, ShippingStateCode=MN, ShippingCountryCode=US, ShippingLatitude=null, ShippingLongitude=null, ShippingGeocodeAccuracy=null, Name=Q-Wren - Test Pricebook 2-2026-06-15, PoDate=null, PoNumber=null, OrderReferenceNumber=null, BillToContactId=003WC00000nc6g5YAA, ShipToContactId=003WC00000nc6g5YAA, ActivatedDate=null, ActivatedById=null, StatusCode=Draft, CurrencyIsoCode=USD, LegalEntityId=0fwWC000000034LYAQ, OrderedDate=null, BillingEmailAddress=null, BillingPhoneNumber=null, RelatedOrderId=null, OrderNumber=00095503, TotalAmount=94256.4875, TotalTaxAmount=0.0, GrandTotalAmount=94256.4875, TotalAdjustedProductAmount=0.0, TotalAdjustedDeliveryAmount=0.0, TotalProductAdjDistAmount=0.0, TotalDeliveryAdjDistAmount=0.0, TotalAdjustedProductTaxAmount=0.0, TotalAdjustedDeliveryTaxAmount=0.0, TotalProductAdjDistTaxAmount=0.0, TotalDeliveryAdjDistTaxAmount=0.0, TotalAdjProductAmtWithTax=0.0, TotalAdjDeliveryAmtWithTax=0.0, TotalProductAdjDistAmtWithTax=0.0, TotalDeliveryAdjDistAmtWithTax=0.0, PaymentTermId=2OXWC0000000Vs34AE, LastPricedDate=null, FulfillmentPlanId=null, CalculationStatus=CompletedWithPricing, OrchestrationSbmsStatus=null, OriginalActionType=null, ValidationResult=null, AdjustmentDistributionLogic=null, AppliedDiscountAmount=null, AppliedDiscount=null, TotalAmountOverride=null, SalesTransactionTypeId=null, PricingContractId=null, RelatedOrderType=null, TransactionType=Fortra_Advanced_Pricing, CreatedDate=2026-06-15 14:12:45, CreatedById=005a500001SfRd7AAF, LastModifiedDate=2026-06-15 17:38:35, LastModifiedById=005WC00000MgTN2YAN, IsDeleted=false, SystemModstamp=2026-06-15 17:38:35, LastViewedDate=null, LastReferencedDate=null, TotalRoundedLineAmount=null, DiscountPercent=null, Workday_Contract_ID__c=801WC00000knHDLYA2, Workday_ID__c=null, Workday_Sync_Correlation_Id__c=null, Workday_Sync_Message__c=null, Workday_Sync_Payload__c=null, QuoteTypeText__c=New, Legacy_Id__c=null, Bill_To_Place__c=a0lWC000004cO79YAE, Hubspot_Overall_Status__c=Overall Success, Ship_To_Place__c=a0lWC000004cO79YAE, Order_NARR__c=null, Source_Opportunity_Id__c=006WC00000R3zVx, Source_Order_Id__c=null, Bill_To_Account__c=001WC00000XiZP4YAN, Bill_To_Address__c=a0lWC000004cO79YAE, Ship_To_Account__c=001WC00000XiZP4YAN, Ship_To_Address__c=a0lWC000004cO79YAE, Clawback_Repaid_Date__c=null, Commission_Date__c=null, Contract_Start_Date__c=null, Currency_Locked__c=false, MSYears__c=null, New_Licenses__c=null, New_Maintenance__c=null, New_Pro_Services__c=null, Partner_Account__c=null, Reseller_PO__c=null, Sales_Rep__c=null, Source_Quote_Currency__c=USD, gsOrderID__c=null, gsShipDate__c=null, Order_Displaced_ARR__c=0.0, VAT_Number__c=null, DoNotInvoicePS__c=false, IsDR__c=false, IsNotificationSent__c=false, IsRenewal__c=false, IsTAM__c=null, Is_Reversed__c=false, New_SaaSEftCloud__c=null, Total_List_Price__c=null, Account_Specialist__c=null, Billing_Day_of_Month__c=null, Customer_Success_Manager__c=null, Date_Fulfilled__c=null, Deal_Origin__c=null, Disable_Export_Control__c=false, Enterprise_Representative__c=null, HARP_Contact__c=null, Invoice_Contact_2__c=null, Invoice_Contact__c=null, License_Key_Contact__c=null, ShowHide_Discounts__c=null, Solutions_Engineer__c=null, Total_Discount_Amount__c=0.0, PO_Sync_Correlation_Id__c=null, PO_Sync_Message__c=null, PO_Sync_Payload__c=null, PO_Sync_Status__c=Pending, PO_URL__c=null, ALE__c=null, AWS_Marketplace_Agreement_ID__c=null, AWS_Marketplace_Offer_ID__c=null, Account_NameText__c=Fortra, LLC - Test, Billing_Frequency__c=null, Contact__c=null, Cross_Sale_Type__c=null, Cross_Sale_User__c=null, Description__c=null, Disable_Tax__c=false, DistributorReseller__c=null, Line_Items_Complete__c=false, Maintenance_Date__c=null, Mark_Inv_Migration_Change__c=false, On_Hold_Time__c=null, OrderOne__c=1.0, POC_Invoice_Contact_On_Billing_Account__c=null, Payment_Portal__c=Fortra (default), Purchasing_Agent_Account__c=null, Purchasing_Agent_Contact__c=null, RSM_2__c=null, RSM_3__c=null, RSM_4__c=null, RSM_5__c=null, RSM__c=null, Referral_Partner__c=null, Renewal_Maintenance_Quote__c=null, Renewals_Specialist__c=null, Requested_Delivery_Date__c=null, Reseller_Partner__c=null, SA__c=null, Secondary_License_Key_Contact__c=null, Share_With_AWS__c=false, SingleYearMS__c=null, Skip_Price_Calculation__c=false, Source_Campaign__c=null, Source_Quote_Id__c=null, Workday_Sync_Status__c=Pending, HS_Sync_Correlation_Id__c=null, HS_Sync_Message__c=null, HS_Sync_Payload__c=null, HS_Sync_Status__c=null, Deal_Type__c=Channel Originated, GSW__c=false, Quote_Type__c=New, Total_Services__c=null, Total_Software__c=null, Total_Subscription__c=94000.0, Order_NARR_Calculated__c=0.0, Exchange_Rate_To_USD__c=null, Legacy_Sync_Correlation_Id__c=null, Legacy_Sync_Message__c=null, Legacy_Sync_Payload__c=null, Legacy_Sync_Status__c=null, WorkdayReferenceID__c=COM003, Payment_Term_Workday_Reference_ID__c=Net_30, Order_Integration_Error_Messages__c=null, Order_and_Related_Field_Status__c=Unknown, Legacy_Discount__c=null, Workday_Contract_Type__c=Master_Contract, Legacy_Overall_Status__c=Not Overall Success, Workday_Overall_Status__c=Not Success, Contract_Number_Text__c=00069297, MyCap__c=false}
10:38:34.981 (4984893994)|FLOW_ELEMENT_BEGIN|15225a77c9c6976ac6f11fbf58819ecc4100db-3bb6|FlowDecision|Order_Completed_Decision
10:38:34.981 (4984917160)|FLOW_ELEMENT_DEFERRED|FlowDecision|Order_Completed_Decision
10:38:34.981 (4984980352)|FLOW_ELEMENT_LIMIT_USAGE|3 ms CPU time, total 2584 out of 15000
10:38:34.981 (4984990239)|FLOW_ELEMENT_END|15225a77c9c6976ac6f11fbf58819ecc4100db-3bb6|FlowDecision|Order_Completed_Decision
10:38:34.981 (4985056123)|FLOW_START_INTERVIEW_END|15225a77c9c6976ac6f11fbf58819ecc4100db-3bb6|Fortra &#124; Order &#124; After Update - Platform Event (Workday)
10:38:34.981 (4985096452)|FLOW_BULK_ELEMENT_BEGIN|FlowDecision|Order_Completed_Decision
10:38:34.981 (4985274783)|FLOW_RULE_DETAIL|15225a77c9c6976ac6f11fbf58819ecc4100db-3bb6|Yes_Order_Completed_Outcome|false|false
10:38:34.981 (4985304241)|FLOW_VALUE_ASSIGNMENT|15225a77c9c6976ac6f11fbf58819ecc4100db-3bb6|Yes_Order_Completed_Outcome|false
10:38:34.981 (4985546147)|FLOW_BULK_ELEMENT_END|FlowDecision|Order_Completed_Decision|0|0
10:38:34.981 (4985597676)|FLOW_ELEMENT_BEGIN|15225a77c9c6976ac6f11fbf58819ecc4100db-3bb6|FlowDecision|Order_Complete_and_WD_Status_is_Success_Decision
10:38:34.981 (4985610332)|FLOW_ELEMENT_DEFERRED|FlowDecision|Order_Complete_and_WD_Status_is_Success_Decision
10:38:34.981 (4985634713)|FLOW_ELEMENT_LIMIT_USAGE|1 ms CPU time, total 2585 out of 15000
10:38:34.981 (4985640285)|FLOW_ELEMENT_END|15225a77c9c6976ac6f11fbf58819ecc4100db-3bb6|FlowDecision|Order_Complete_and_WD_Status_is_Success_Decision
10:38:34.981 (4985714718)|FLOW_BULK_ELEMENT_BEGIN|FlowDecision|Order_Complete_and_WD_Status_is_Success_Decision
10:38:34.981 (4985808104)|FLOW_RULE_DETAIL|15225a77c9c6976ac6f11fbf58819ecc4100db-3bb6|Yes_Order_Complete_and_WD_Status_is_Success_Outcome|false|false
10:38:34.981 (4985828068)|FLOW_VALUE_ASSIGNMENT|15225a77c9c6976ac6f11fbf58819ecc4100db-3bb6|Yes_Order_Complete_and_WD_Status_is_Success_Outcome|false
10:38:34.981 (4985943688)|FLOW_BULK_ELEMENT_END|FlowDecision|Order_Complete_and_WD_Status_is_Success_Decision|0|0
10:38:34.981 (4985972124)|FLOW_ELEMENT_BEGIN|15225a77c9c6976ac6f11fbf58819ecc4100db-3bb6|FlowDecision|PO_URL_Changed_Decision
10:38:34.981 (4985983172)|FLOW_ELEMENT_DEFERRED|FlowDecision|PO_URL_Changed_Decision
10:38:34.981 (4985996571)|FLOW_ELEMENT_END|15225a77c9c6976ac6f11fbf58819ecc4100db-3bb6|FlowDecision|PO_URL_Changed_Decision
10:38:34.981 (4986058721)|FLOW_BULK_ELEMENT_BEGIN|FlowDecision|PO_URL_Changed_Decision
10:38:34.981 (4986199423)|FLOW_RULE_DETAIL|15225a77c9c6976ac6f11fbf58819ecc4100db-3bb6|Yes_PO_URL_Changed_Outcome|false|false
10:38:34.981 (4986217010)|FLOW_VALUE_ASSIGNMENT|15225a77c9c6976ac6f11fbf58819ecc4100db-3bb6|Yes_PO_URL_Changed_Outcome|false
10:38:34.981 (4986294469)|FLOW_BULK_ELEMENT_END|FlowDecision|PO_URL_Changed_Decision|0|0
10:38:34.981 (4986503320)|FLOW_START_INTERVIEWS_END|1
10:38:34.981 (4986811412)|FLOW_INTERVIEW_FINISHED|15225a77c9c6976ac6f11fbf58819ecc4100db-3bb6|Fortra &#124; Order &#124; After Update - Platform Event (Workday)
10:38:34.981 (4986839159)|FLOW_INTERVIEW_FINISHED_LIMIT_USAGE|SOQL queries: 1 out of 100
10:38:34.981 (4986845968)|FLOW_INTERVIEW_FINISHED_LIMIT_USAGE|SOQL query rows: 3 out of 50000
10:38:34.981 (4986851896)|FLOW_INTERVIEW_FINISHED_LIMIT_USAGE|SOSL queries: 0 out of 20
10:38:34.981 (4986857889)|FLOW_INTERVIEW_FINISHED_LIMIT_USAGE|DML statements: 2 out of 150
10:38:34.981 (4986862807)|FLOW_INTERVIEW_FINISHED_LIMIT_USAGE|DML rows: 6 out of 10000
10:38:34.981 (4986868110)|FLOW_INTERVIEW_FINISHED_LIMIT_USAGE|CPU time in ms: 2585 out of 15000
10:38:34.981 (4986874260)|FLOW_INTERVIEW_FINISHED_LIMIT_USAGE|Heap size in bytes: 0 out of 6000000
10:38:34.981 (4986879699)|FLOW_INTERVIEW_FINISHED_LIMIT_USAGE|Callouts: 0 out of 100
10:38:34.981 (4986884291)|FLOW_INTERVIEW_FINISHED_LIMIT_USAGE|Email invocations: 0 out of 10
10:38:34.981 (4986888765)|FLOW_INTERVIEW_FINISHED_LIMIT_USAGE|Future calls: 0 out of 50
10:38:34.981 (4986893778)|FLOW_INTERVIEW_FINISHED_LIMIT_USAGE|Jobs in queue: 0 out of 50
10:38:34.980 (4988661790)|CODE_UNIT_FINISHED|Flow:Order
10:38:34.980 (4988677538)|EXECUTION_FINISHED
10:38:34.997 (4997719826)|USER_INFO|[EXTERNAL]|005WC00000MgTN2|liam.jeong.c@fortra.com.uat|(GMT-07:00) Pacific Daylight Time (America/Los_Angeles)|GMT-07:00
10:38:34.997 (4997748808)|EXECUTION_STARTED
10:38:34.997 (4997757645)|CODE_UNIT_STARTED|[EXTERNAL]|Flow:Order
10:38:34.997 (4997905972)|CODE_UNIT_FINISHED|Flow:Order
10:38:34.997 (4997914633)|EXECUTION_FINISHED
10:38:35.87 (5087596563)|CUMULATIVE_PROFILING_BEGIN
10:38:35.87 (5087596563)|CUMULATIVE_PROFILING|No profiling information for SOQL operations
10:38:35.87 (5087596563)|CUMULATIVE_PROFILING|No profiling information for SOSL operations
10:38:35.87 (5087596563)|CUMULATIVE_PROFILING|No profiling information for DML operations
10:38:35.87 (5087596563)|CUMULATIVE_PROFILING|No profiling information for method invocations
10:38:35.87 (5087596563)|CUMULATIVE_PROFILING_END

