67.0 APEX_CODE,FINEST;APEX_PROFILING,FINEST;CALLOUT,FINEST;DATA_ACCESS,INFO;DB,FINEST;NBA,FINE;SYSTEM,FINE;VALIDATION,INFO;VISUALFORCE,FINER;WAVE,FINEST;WORKFLOW,FINER
10:37:38.0 (931559)|USER_INFO|[EXTERNAL]|005WC00000MgTN2|liam.jeong.c@fortra.com.uat|(GMT-07:00) Pacific Daylight Time (America/Los_Angeles)|GMT-07:00
10:37:38.0 (985998)|EXECUTION_STARTED
10:37:38.0 (1002095)|CODE_UNIT_STARTED|[EXTERNAL]|Flow:Order
10:37:38.4 (4972536)|FLOW_CREATE_INTERVIEW_BEGIN|00DWC000006eUFF|300WC00000LcvHO|301WC00000gukzh
10:37:38.4 (5110564)|FLOW_CREATE_INTERVIEW_END|351100a6b0892dcf0982735409c119ecc44afe5-116a|Fortra &#124; Order &#124; Before Insert/Update - Sync Status
10:37:38.5 (5992117)|FLOW_START_INTERVIEWS_BEGIN|1
10:37:38.5 (6052203)|FLOW_START_INTERVIEW_BEGIN|351100a6b0892dcf0982735409c119ecc44afe5-116a|Fortra &#124; Order &#124; Before Insert/Update - Sync Status
10:37:38.5 (6131890)|FLOW_START_INTERVIEW_LIMIT_USAGE|SOQL queries: 0 out of 100
10:37:38.5 (6186031)|FLOW_START_INTERVIEW_LIMIT_USAGE|SOQL query rows: 0 out of 50000
10:37:38.5 (6192837)|FLOW_START_INTERVIEW_LIMIT_USAGE|SOSL queries: 0 out of 20
10:37:38.5 (6199076)|FLOW_START_INTERVIEW_LIMIT_USAGE|DML statements: 0 out of 150
10:37:38.5 (6205289)|FLOW_START_INTERVIEW_LIMIT_USAGE|DML rows: 0 out of 10000
10:37:38.5 (6211754)|FLOW_START_INTERVIEW_LIMIT_USAGE|CPU time in ms: 0 out of 15000
10:37:38.5 (6225500)|FLOW_START_INTERVIEW_LIMIT_USAGE|Heap size in bytes: 0 out of 6000000
10:37:38.5 (6231209)|FLOW_START_INTERVIEW_LIMIT_USAGE|Callouts: 0 out of 100
10:37:38.5 (6237073)|FLOW_START_INTERVIEW_LIMIT_USAGE|Email invocations: 0 out of 10
10:37:38.5 (6242522)|FLOW_START_INTERVIEW_LIMIT_USAGE|Future calls: 0 out of 50
10:37:38.5 (6248412)|FLOW_START_INTERVIEW_LIMIT_USAGE|Jobs in queue: 0 out of 50
10:37:38.5 (6254344)|FLOW_START_INTERVIEW_LIMIT_USAGE|Push notifications: 0 out of 10
10:37:38.5 (110817036)|FLOW_VALUE_ASSIGNMENT|351100a6b0892dcf0982735409c119ecc44afe5-116a|$Record|{Id=801WC00000knHDLYA2, OwnerId=005a500001SfRd7AAF, ContractId=800WC00000SKpZJYA1, AccountId=001WC00000XiZP4YAN, Pricebook2Id=01sWC0000022GHFYA2, OriginalOrderId=null, OpportunityId=006WC00000R3zVxYAJ, QuoteId=0Q0WC0000039Vm10AE, EffectiveDate=2026-06-15 00:00:00, EndDate=null, IsReductionOrder=false, Status=Draft, Description=null, CustomerAuthorizedById=null, CustomerAuthorizedDate=null, CompanyAuthorizedById=null, CompanyAuthorizedDate=null, Type=null, BillingStreet=11095 Viking Drive, BillingCity=Eden Prairie, BillingState=Minnesota, BillingPostalCode=55344, BillingCountry=United States, BillingStateCode=MN, BillingCountryCode=US, BillingLatitude=null, BillingLongitude=null, BillingGeocodeAccuracy=null, ShippingStreet=11095 Viking Drive, ShippingCity=Eden Prairie, ShippingState=Minnesota, ShippingPostalCode=55344, ShippingCountry=United States, ShippingStateCode=MN, ShippingCountryCode=US, ShippingLatitude=null, ShippingLongitude=null, ShippingGeocodeAccuracy=null, Name=Q-Wren - Test Pricebook 2-2026-06-15, PoDate=null, PoNumber=null, OrderReferenceNumber=null, BillToContactId=003WC00000nc6g5YAA, ShipToContactId=003WC00000nc6g5YAA, ActivatedDate=null, ActivatedById=null, StatusCode=Draft, CurrencyIsoCode=USD, LegalEntityId=0fwWC000000034LYAQ, OrderedDate=null, BillingEmailAddress=null, BillingPhoneNumber=null, RelatedOrderId=null, OrderNumber=00095503, TotalAmount=94256.4875, TotalTaxAmount=0.0, GrandTotalAmount=94256.4875, TotalAdjustedProductAmount=0.0, TotalAdjustedDeliveryAmount=0.0, TotalProductAdjDistAmount=0.0, TotalDeliveryAdjDistAmount=0.0, TotalAdjustedProductTaxAmount=0.0, TotalAdjustedDeliveryTaxAmount=0.0, TotalProductAdjDistTaxAmount=0.0, TotalDeliveryAdjDistTaxAmount=0.0, TotalAdjProductAmtWithTax=0.0, TotalAdjDeliveryAmtWithTax=0.0, TotalProductAdjDistAmtWithTax=0.0, TotalDeliveryAdjDistAmtWithTax=0.0, PaymentTermId=2OXWC0000000Vs34AE, LastPricedDate=null, FulfillmentPlanId=null, CalculationStatus=Saving, OrchestrationSbmsStatus=null, OriginalActionType=null, ValidationResult=null, AdjustmentDistributionLogic=null, AppliedDiscountAmount=null, AppliedDiscount=null, TotalAmountOverride=null, SalesTransactionTypeId=null, PricingContractId=null, RelatedOrderType=null, TransactionType=Fortra_Advanced_Pricing, CreatedDate=2026-06-15 14:12:45, CreatedById=005a500001SfRd7AAF, LastModifiedDate=2026-06-15 15:07:29, LastModifiedById=005WC00000MgTN2YAN, IsDeleted=false, SystemModstamp=2026-06-15 15:07:29, LastViewedDate=null, LastReferencedDate=null, TotalRoundedLineAmount=null, DiscountPercent=null, Workday_Contract_ID__c=801WC00000knHDLYA2, Workday_ID__c=null, Workday_Sync_Correlation_Id__c=null, Workday_Sync_Message__c=null, Workday_Sync_Payload__c=null, QuoteTypeText__c=New, Legacy_Id__c=null, Bill_To_Place__c=a0lWC000004cO79YAE, Hubspot_Overall_Status__c=Overall Success, Ship_To_Place__c=a0lWC000004cO79YAE, Order_NARR__c=null, Source_Opportunity_Id__c=006WC00000R3zVx, Source_Order_Id__c=null, Bill_To_Account__c=001WC00000XiZP4YAN, Bill_To_Address__c=a0lWC000004cO79YAE, Ship_To_Account__c=001WC00000XiZP4YAN, Ship_To_Address__c=a0lWC000004cO79YAE, Clawback_Repaid_Date__c=null, Commission_Date__c=null, Contract_Start_Date__c=null, Currency_Locked__c=false, MSYears__c=null, New_Licenses__c=null, New_Maintenance__c=null, New_Pro_Services__c=null, Partner_Account__c=null, Reseller_PO__c=null, Sales_Rep__c=null, Source_Quote_Currency__c=USD, gsOrderID__c=null, gsShipDate__c=null, Order_Displaced_ARR__c=0.0, VAT_Number__c=null, DoNotInvoicePS__c=false, IsDR__c=false, IsNotificationSent__c=false, IsRenewal__c=false, IsTAM__c=null, Is_Reversed__c=false, New_SaaSEftCloud__c=null, Total_List_Price__c=null, Account_Specialist__c=null, Billing_Day_of_Month__c=null, Customer_Success_Manager__c=null, Date_Fulfilled__c=null, Deal_Origin__c=null, Disable_Export_Control__c=false, Enterprise_Representative__c=null, HARP_Contact__c=null, Invoice_Contact_2__c=null, Invoice_Contact__c=null, License_Key_Contact__c=null, ShowHide_Discounts__c=null, Solutions_Engineer__c=null, Total_Discount_Amount__c=0.0, PO_Sync_Correlation_Id__c=null, PO_Sync_Message__c=null, PO_Sync_Payload__c=null, PO_Sync_Status__c=Pending, PO_URL__c=null, ALE__c=null, AWS_Marketplace_Agreement_ID__c=null, AWS_Marketplace_Offer_ID__c=null, Account_NameText__c=Fortra, LLC - Test, Billing_Frequency__c=null, Contact__c=null, Cross_Sale_Type__c=null, Cross_Sale_User__c=null, Description__c=null, Disable_Tax__c=false, DistributorReseller__c=null, Line_Items_Complete__c=false, Maintenance_Date__c=null, Mark_Inv_Migration_Change__c=false, On_Hold_Time__c=null, OrderOne__c=1.0, POC_Invoice_Contact_On_Billing_Account__c=null, Payment_Portal__c=Fortra (default), Purchasing_Agent_Account__c=null, Purchasing_Agent_Contact__c=null, RSM_2__c=null, RSM_3__c=null, RSM_4__c=null, RSM_5__c=null, RSM__c=null, Referral_Partner__c=null, Renewal_Maintenance_Quote__c=null, Renewals_Specialist__c=null, Requested_Delivery_Date__c=null, Reseller_Partner__c=null, SA__c=null, Secondary_License_Key_Contact__c=null, Share_With_AWS__c=false, SingleYearMS__c=null, Skip_Price_Calculation__c=false, Source_Campaign__c=null, Source_Quote_Id__c=null, Workday_Sync_Status__c=Pending, HS_Sync_Correlation_Id__c=null, HS_Sync_Message__c=null, HS_Sync_Payload__c=null, HS_Sync_Status__c=null, Deal_Type__c=Channel Originated, GSW__c=false, Quote_Type__c=New, Total_Services__c=null, Total_Software__c=null, Total_Subscription__c=94000.0, Order_NARR_Calculated__c=0.0, Exchange_Rate_To_USD__c=null, Legacy_Sync_Correlation_Id__c=null, Legacy_Sync_Message__c=null, Legacy_Sync_Payload__c=null, Legacy_Sync_Status__c=null, WorkdayReferenceID__c=COM003, Payment_Term_Workday_Reference_ID__c=Net_30, Order_Integration_Error_Messages__c=null, Order_and_Related_Field_Status__c=Unknown, Legacy_Discount__c=null, Workday_Contract_Type__c=Master_Contract, Legacy_Overall_Status__c=Not Overall Success, Workday_Overall_Status__c=Not Success, Contract_Number_Text__c=00069297, MyCap__c=false}
10:37:38.5 (111008371)|FLOW_ELEMENT_BEGIN|351100a6b0892dcf0982735409c119ecc44afe5-116a|FlowDecision|Workday_Sync_Status_Decision
10:37:38.5 (111058842)|FLOW_ELEMENT_DEFERRED|FlowDecision|Workday_Sync_Status_Decision
10:37:38.5 (111141372)|FLOW_ELEMENT_LIMIT_USAGE|23 ms CPU time, total 23 out of 15000
10:37:38.5 (111165401)|FLOW_ELEMENT_END|351100a6b0892dcf0982735409c119ecc44afe5-116a|FlowDecision|Workday_Sync_Status_Decision
10:37:38.5 (112617689)|FLOW_START_INTERVIEW_END|351100a6b0892dcf0982735409c119ecc44afe5-116a|Fortra &#124; Order &#124; Before Insert/Update - Sync Status
10:37:38.5 (112698800)|FLOW_BULK_ELEMENT_BEGIN|FlowDecision|Workday_Sync_Status_Decision
10:37:38.5 (112869223)|FLOW_RULE_DETAIL|351100a6b0892dcf0982735409c119ecc44afe5-116a|NOT_Success_Workday_Sync_Status_Outcome|true|false
10:37:38.5 (112900933)|FLOW_VALUE_ASSIGNMENT|351100a6b0892dcf0982735409c119ecc44afe5-116a|NOT_Success_Workday_Sync_Status_Outcome|true
10:37:38.5 (113048409)|FLOW_BULK_ELEMENT_LIMIT_USAGE|1 ms CPU time, total 24 out of 15000
10:37:38.5 (113069231)|FLOW_BULK_ELEMENT_END|FlowDecision|Workday_Sync_Status_Decision|0|0
10:37:38.5 (113120225)|FLOW_ELEMENT_BEGIN|351100a6b0892dcf0982735409c119ecc44afe5-116a|FlowDecision|Set_Workday_Sync_Status_to_Pending_Decision
10:37:38.5 (113131214)|FLOW_ELEMENT_DEFERRED|FlowDecision|Set_Workday_Sync_Status_to_Pending_Decision
10:37:38.5 (113151483)|FLOW_ELEMENT_END|351100a6b0892dcf0982735409c119ecc44afe5-116a|FlowDecision|Set_Workday_Sync_Status_to_Pending_Decision
10:37:38.5 (113171831)|FLOW_BULK_ELEMENT_BEGIN|FlowDecision|Set_Workday_Sync_Status_to_Pending_Decision
10:37:38.5 (113394494)|FLOW_RULE_DETAIL|351100a6b0892dcf0982735409c119ecc44afe5-116a|No_Set_Workday_Sync_Status_to_Pending_Outcome|false|false
10:37:38.5 (113420314)|FLOW_VALUE_ASSIGNMENT|351100a6b0892dcf0982735409c119ecc44afe5-116a|No_Set_Workday_Sync_Status_to_Pending_Outcome|false
10:37:38.5 (113519167)|FLOW_BULK_ELEMENT_END|FlowDecision|Set_Workday_Sync_Status_to_Pending_Decision|0|0
10:37:38.5 (113552440)|FLOW_ELEMENT_BEGIN|351100a6b0892dcf0982735409c119ecc44afe5-116a|FlowAssignment|Set_Workday_Sync_Status_to_Pending
10:37:38.5 (113563093)|FLOW_ELEMENT_DEFERRED|FlowAssignment|Set_Workday_Sync_Status_to_Pending
10:37:38.5 (113578544)|FLOW_ELEMENT_END|351100a6b0892dcf0982735409c119ecc44afe5-116a|FlowAssignment|Set_Workday_Sync_Status_to_Pending
10:37:38.5 (113599133)|FLOW_BULK_ELEMENT_BEGIN|FlowAssignment|Set_Workday_Sync_Status_to_Pending
10:37:38.5 (113729361)|FLOW_ASSIGNMENT_DETAIL|351100a6b0892dcf0982735409c119ecc44afe5-116a|$Record.Workday_Sync_Status__c|ASSIGN|Pending
10:37:38.5 (115472823)|FLOW_VALUE_ASSIGNMENT|351100a6b0892dcf0982735409c119ecc44afe5-116a|$Record|{Id=801WC00000knHDLYA2, OwnerId=005a500001SfRd7AAF, ContractId=800WC00000SKpZJYA1, AccountId=001WC00000XiZP4YAN, Pricebook2Id=01sWC0000022GHFYA2, OriginalOrderId=null, OpportunityId=006WC00000R3zVxYAJ, QuoteId=0Q0WC0000039Vm10AE, EffectiveDate=2026-06-15 00:00:00, EndDate=null, IsReductionOrder=false, Status=Draft, Description=null, CustomerAuthorizedById=null, CustomerAuthorizedDate=null, CompanyAuthorizedById=null, CompanyAuthorizedDate=null, Type=null, BillingStreet=11095 Viking Drive, BillingCity=Eden Prairie, BillingState=Minnesota, BillingPostalCode=55344, BillingCountry=United States, BillingStateCode=MN, BillingCountryCode=US, BillingLatitude=null, BillingLongitude=null, BillingGeocodeAccuracy=null, ShippingStreet=11095 Viking Drive, ShippingCity=Eden Prairie, ShippingState=Minnesota, ShippingPostalCode=55344, ShippingCountry=United States, ShippingStateCode=MN, ShippingCountryCode=US, ShippingLatitude=null, ShippingLongitude=null, ShippingGeocodeAccuracy=null, Name=Q-Wren - Test Pricebook 2-2026-06-15, PoDate=null, PoNumber=null, OrderReferenceNumber=null, BillToContactId=003WC00000nc6g5YAA, ShipToContactId=003WC00000nc6g5YAA, ActivatedDate=null, ActivatedById=null, StatusCode=Draft, CurrencyIsoCode=USD, LegalEntityId=0fwWC000000034LYAQ, OrderedDate=null, BillingEmailAddress=null, BillingPhoneNumber=null, RelatedOrderId=null, OrderNumber=00095503, TotalAmount=94256.4875, TotalTaxAmount=0.0, GrandTotalAmount=94256.4875, TotalAdjustedProductAmount=0.0, TotalAdjustedDeliveryAmount=0.0, TotalProductAdjDistAmount=0.0, TotalDeliveryAdjDistAmount=0.0, TotalAdjustedProductTaxAmount=0.0, TotalAdjustedDeliveryTaxAmount=0.0, TotalProductAdjDistTaxAmount=0.0, TotalDeliveryAdjDistTaxAmount=0.0, TotalAdjProductAmtWithTax=0.0, TotalAdjDeliveryAmtWithTax=0.0, TotalProductAdjDistAmtWithTax=0.0, TotalDeliveryAdjDistAmtWithTax=0.0, PaymentTermId=2OXWC0000000Vs34AE, LastPricedDate=null, FulfillmentPlanId=null, CalculationStatus=Saving, OrchestrationSbmsStatus=null, OriginalActionType=null, ValidationResult=null, AdjustmentDistributionLogic=null, AppliedDiscountAmount=null, AppliedDiscount=null, TotalAmountOverride=null, SalesTransactionTypeId=null, PricingContractId=null, RelatedOrderType=null, TransactionType=Fortra_Advanced_Pricing, CreatedDate=2026-06-15 14:12:45, CreatedById=005a500001SfRd7AAF, LastModifiedDate=2026-06-15 15:07:29, LastModifiedById=005WC00000MgTN2YAN, IsDeleted=false, SystemModstamp=2026-06-15 15:07:29, LastViewedDate=null, LastReferencedDate=null, TotalRoundedLineAmount=null, DiscountPercent=null, Workday_Contract_ID__c=801WC00000knHDLYA2, Workday_ID__c=null, Workday_Sync_Correlation_Id__c=null, Workday_Sync_Message__c=null, Workday_Sync_Payload__c=null, QuoteTypeText__c=New, Legacy_Id__c=null, Bill_To_Place__c=a0lWC000004cO79YAE, Hubspot_Overall_Status__c=Overall Success, Ship_To_Place__c=a0lWC000004cO79YAE, Order_NARR__c=null, Source_Opportunity_Id__c=006WC00000R3zVx, Source_Order_Id__c=null, Bill_To_Account__c=001WC00000XiZP4YAN, Bill_To_Address__c=a0lWC000004cO79YAE, Ship_To_Account__c=001WC00000XiZP4YAN, Ship_To_Address__c=a0lWC000004cO79YAE, Clawback_Repaid_Date__c=null, Commission_Date__c=null, Contract_Start_Date__c=null, Currency_Locked__c=false, MSYears__c=null, New_Licenses__c=null, New_Maintenance__c=null, New_Pro_Services__c=null, Partner_Account__c=null, Reseller_PO__c=null, Sales_Rep__c=null, Source_Quote_Currency__c=USD, gsOrderID__c=null, gsShipDate__c=null, Order_Displaced_ARR__c=0.0, VAT_Number__c=null, DoNotInvoicePS__c=false, IsDR__c=false, IsNotificationSent__c=false, IsRenewal__c=false, IsTAM__c=null, Is_Reversed__c=false, New_SaaSEftCloud__c=null, Total_List_Price__c=null, Account_Specialist__c=null, Billing_Day_of_Month__c=null, Customer_Success_Manager__c=null, Date_Fulfilled__c=null, Deal_Origin__c=null, Disable_Export_Control__c=false, Enterprise_Representative__c=null, HARP_Contact__c=null, Invoice_Contact_2__c=null, Invoice_Contact__c=null, License_Key_Contact__c=null, ShowHide_Discounts__c=null, Solutions_Engineer__c=null, Total_Discount_Amount__c=0.0, PO_Sync_Correlation_Id__c=null, PO_Sync_Message__c=null, PO_Sync_Payload__c=null, PO_Sync_Status__c=Pending, PO_URL__c=null, ALE__c=null, AWS_Marketplace_Agreement_ID__c=null, AWS_Marketplace_Offer_ID__c=null, Account_NameText__c=Fortra, LLC - Test, Billing_Frequency__c=null, Contact__c=null, Cross_Sale_Type__c=null, Cross_Sale_User__c=null, Description__c=null, Disable_Tax__c=false, DistributorReseller__c=null, Line_Items_Complete__c=false, Maintenance_Date__c=null, Mark_Inv_Migration_Change__c=false, On_Hold_Time__c=null, OrderOne__c=1.0, POC_Invoice_Contact_On_Billing_Account__c=null, Payment_Portal__c=Fortra (default), Purchasing_Agent_Account__c=null, Purchasing_Agent_Contact__c=null, RSM_2__c=null, RSM_3__c=null, RSM_4__c=null, RSM_5__c=null, RSM__c=null, Referral_Partner__c=null, Renewal_Maintenance_Quote__c=null, Renewals_Specialist__c=null, Requested_Delivery_Date__c=null, Reseller_Partner__c=null, SA__c=null, Secondary_License_Key_Contact__c=null, Share_With_AWS__c=false, SingleYearMS__c=null, Skip_Price_Calculation__c=false, Source_Campaign__c=null, Source_Quote_Id__c=null, Workday_Sync_Status__c=Pending, HS_Sync_Correlation_Id__c=null, HS_Sync_Message__c=null, HS_Sync_Payload__c=null, HS_Sync_Status__c=null, Deal_Type__c=Channel Originated, GSW__c=false, Quote_Type__c=New, Total_Services__c=null, Total_Software__c=null, Total_Subscription__c=94000.0, Order_NARR_Calculated__c=0.0, Exchange_Rate_To_USD__c=null, Legacy_Sync_Correlation_Id__c=null, Legacy_Sync_Message__c=null, Legacy_Sync_Payload__c=null, Legacy_Sync_Status__c=null, WorkdayReferenceID__c=COM003, Payment_Term_Workday_Reference_ID__c=Net_30, Order_Integration_Error_Messages__c=null, Order_and_Related_Field_Status__c=Unknown, Legacy_Discount__c=null, Workday_Contract_Type__c=Master_Contract, Legacy_Overall_Status__c=Not Overall Success, Workday_Overall_Status__c=Not Success, Contract_Number_Text__c=00069297, MyCap__c=false}
10:37:38.5 (115647232)|FLOW_BULK_ELEMENT_LIMIT_USAGE|2 ms CPU time, total 26 out of 15000
10:37:38.5 (115664774)|FLOW_BULK_ELEMENT_END|FlowAssignment|Set_Workday_Sync_Status_to_Pending|0|1
10:37:38.5 (115715983)|FLOW_ELEMENT_BEGIN|351100a6b0892dcf0982735409c119ecc44afe5-116a|FlowDecision|Set_PO_Sync_Status_to_Pending_Decision
10:37:38.5 (115730072)|FLOW_ELEMENT_DEFERRED|FlowDecision|Set_PO_Sync_Status_to_Pending_Decision
10:37:38.5 (115750434)|FLOW_ELEMENT_END|351100a6b0892dcf0982735409c119ecc44afe5-116a|FlowDecision|Set_PO_Sync_Status_to_Pending_Decision
10:37:38.5 (115773901)|FLOW_BULK_ELEMENT_BEGIN|FlowDecision|Set_PO_Sync_Status_to_Pending_Decision
10:37:38.5 (115914845)|FLOW_RULE_DETAIL|351100a6b0892dcf0982735409c119ecc44afe5-116a|No_Set_PO_Sync_Status_to_Pending_Outcome|false|false
10:37:38.5 (115935110)|FLOW_VALUE_ASSIGNMENT|351100a6b0892dcf0982735409c119ecc44afe5-116a|No_Set_PO_Sync_Status_to_Pending_Outcome|false
10:37:38.5 (116026227)|FLOW_BULK_ELEMENT_LIMIT_USAGE|1 ms CPU time, total 27 out of 15000
10:37:38.5 (116035583)|FLOW_BULK_ELEMENT_END|FlowDecision|Set_PO_Sync_Status_to_Pending_Decision|0|0
10:37:38.5 (116061123)|FLOW_ELEMENT_BEGIN|351100a6b0892dcf0982735409c119ecc44afe5-116a|FlowAssignment|Set_PO_Sync_Status_to_Pending
10:37:38.5 (116070830)|FLOW_ELEMENT_DEFERRED|FlowAssignment|Set_PO_Sync_Status_to_Pending
10:37:38.5 (116115998)|FLOW_ELEMENT_END|351100a6b0892dcf0982735409c119ecc44afe5-116a|FlowAssignment|Set_PO_Sync_Status_to_Pending
10:37:38.5 (116135385)|FLOW_BULK_ELEMENT_BEGIN|FlowAssignment|Set_PO_Sync_Status_to_Pending
10:37:38.5 (116220706)|FLOW_ASSIGNMENT_DETAIL|351100a6b0892dcf0982735409c119ecc44afe5-116a|$Record.PO_Sync_Status__c|ASSIGN|Pending
10:37:38.5 (117747395)|FLOW_VALUE_ASSIGNMENT|351100a6b0892dcf0982735409c119ecc44afe5-116a|$Record|{Id=801WC00000knHDLYA2, OwnerId=005a500001SfRd7AAF, ContractId=800WC00000SKpZJYA1, AccountId=001WC00000XiZP4YAN, Pricebook2Id=01sWC0000022GHFYA2, OriginalOrderId=null, OpportunityId=006WC00000R3zVxYAJ, QuoteId=0Q0WC0000039Vm10AE, EffectiveDate=2026-06-15 00:00:00, EndDate=null, IsReductionOrder=false, Status=Draft, Description=null, CustomerAuthorizedById=null, CustomerAuthorizedDate=null, CompanyAuthorizedById=null, CompanyAuthorizedDate=null, Type=null, BillingStreet=11095 Viking Drive, BillingCity=Eden Prairie, BillingState=Minnesota, BillingPostalCode=55344, BillingCountry=United States, BillingStateCode=MN, BillingCountryCode=US, BillingLatitude=null, BillingLongitude=null, BillingGeocodeAccuracy=null, ShippingStreet=11095 Viking Drive, ShippingCity=Eden Prairie, ShippingState=Minnesota, ShippingPostalCode=55344, ShippingCountry=United States, ShippingStateCode=MN, ShippingCountryCode=US, ShippingLatitude=null, ShippingLongitude=null, ShippingGeocodeAccuracy=null, Name=Q-Wren - Test Pricebook 2-2026-06-15, PoDate=null, PoNumber=null, OrderReferenceNumber=null, BillToContactId=003WC00000nc6g5YAA, ShipToContactId=003WC00000nc6g5YAA, ActivatedDate=null, ActivatedById=null, StatusCode=Draft, CurrencyIsoCode=USD, LegalEntityId=0fwWC000000034LYAQ, OrderedDate=null, BillingEmailAddress=null, BillingPhoneNumber=null, RelatedOrderId=null, OrderNumber=00095503, TotalAmount=94256.4875, TotalTaxAmount=0.0, GrandTotalAmount=94256.4875, TotalAdjustedProductAmount=0.0, TotalAdjustedDeliveryAmount=0.0, TotalProductAdjDistAmount=0.0, TotalDeliveryAdjDistAmount=0.0, TotalAdjustedProductTaxAmount=0.0, TotalAdjustedDeliveryTaxAmount=0.0, TotalProductAdjDistTaxAmount=0.0, TotalDeliveryAdjDistTaxAmount=0.0, TotalAdjProductAmtWithTax=0.0, TotalAdjDeliveryAmtWithTax=0.0, TotalProductAdjDistAmtWithTax=0.0, TotalDeliveryAdjDistAmtWithTax=0.0, PaymentTermId=2OXWC0000000Vs34AE, LastPricedDate=null, FulfillmentPlanId=null, CalculationStatus=Saving, OrchestrationSbmsStatus=null, OriginalActionType=null, ValidationResult=null, AdjustmentDistributionLogic=null, AppliedDiscountAmount=null, AppliedDiscount=null, TotalAmountOverride=null, SalesTransactionTypeId=null, PricingContractId=null, RelatedOrderType=null, TransactionType=Fortra_Advanced_Pricing, CreatedDate=2026-06-15 14:12:45, CreatedById=005a500001SfRd7AAF, LastModifiedDate=2026-06-15 15:07:29, LastModifiedById=005WC00000MgTN2YAN, IsDeleted=false, SystemModstamp=2026-06-15 15:07:29, LastViewedDate=null, LastReferencedDate=null, TotalRoundedLineAmount=null, DiscountPercent=null, Workday_Contract_ID__c=801WC00000knHDLYA2, Workday_ID__c=null, Workday_Sync_Correlation_Id__c=null, Workday_Sync_Message__c=null, Workday_Sync_Payload__c=null, QuoteTypeText__c=New, Legacy_Id__c=null, Bill_To_Place__c=a0lWC000004cO79YAE, Hubspot_Overall_Status__c=Overall Success, Ship_To_Place__c=a0lWC000004cO79YAE, Order_NARR__c=null, Source_Opportunity_Id__c=006WC00000R3zVx, Source_Order_Id__c=null, Bill_To_Account__c=001WC00000XiZP4YAN, Bill_To_Address__c=a0lWC000004cO79YAE, Ship_To_Account__c=001WC00000XiZP4YAN, Ship_To_Address__c=a0lWC000004cO79YAE, Clawback_Repaid_Date__c=null, Commission_Date__c=null, Contract_Start_Date__c=null, Currency_Locked__c=false, MSYears__c=null, New_Licenses__c=null, New_Maintenance__c=null, New_Pro_Services__c=null, Partner_Account__c=null, Reseller_PO__c=null, Sales_Rep__c=null, Source_Quote_Currency__c=USD, gsOrderID__c=null, gsShipDate__c=null, Order_Displaced_ARR__c=0.0, VAT_Number__c=null, DoNotInvoicePS__c=false, IsDR__c=false, IsNotificationSent__c=false, IsRenewal__c=false, IsTAM__c=null, Is_Reversed__c=false, New_SaaSEftCloud__c=null, Total_List_Price__c=null, Account_Specialist__c=null, Billing_Day_of_Month__c=null, Customer_Success_Manager__c=null, Date_Fulfilled__c=null, Deal_Origin__c=null, Disable_Export_Control__c=false, Enterprise_Representative__c=null, HARP_Contact__c=null, Invoice_Contact_2__c=null, Invoice_Contact__c=null, License_Key_Contact__c=null, ShowHide_Discounts__c=null, Solutions_Engineer__c=null, Total_Discount_Amount__c=0.0, PO_Sync_Correlation_Id__c=null, PO_Sync_Message__c=null, PO_Sync_Payload__c=null, PO_Sync_Status__c=Pending, PO_URL__c=null, ALE__c=null, AWS_Marketplace_Agreement_ID__c=null, AWS_Marketplace_Offer_ID__c=null, Account_NameText__c=Fortra, LLC - Test, Billing_Frequency__c=null, Contact__c=null, Cross_Sale_Type__c=null, Cross_Sale_User__c=null, Description__c=null, Disable_Tax__c=false, DistributorReseller__c=null, Line_Items_Complete__c=false, Maintenance_Date__c=null, Mark_Inv_Migration_Change__c=false, On_Hold_Time__c=null, OrderOne__c=1.0, POC_Invoice_Contact_On_Billing_Account__c=null, Payment_Portal__c=Fortra (default), Purchasing_Agent_Account__c=null, Purchasing_Agent_Contact__c=null, RSM_2__c=null, RSM_3__c=null, RSM_4__c=null, RSM_5__c=null, RSM__c=null, Referral_Partner__c=null, Renewal_Maintenance_Quote__c=null, Renewals_Specialist__c=null, Requested_Delivery_Date__c=null, Reseller_Partner__c=null, SA__c=null, Secondary_License_Key_Contact__c=null, Share_With_AWS__c=false, SingleYearMS__c=null, Skip_Price_Calculation__c=false, Source_Campaign__c=null, Source_Quote_Id__c=null, Workday_Sync_Status__c=Pending, HS_Sync_Correlation_Id__c=null, HS_Sync_Message__c=null, HS_Sync_Payload__c=null, HS_Sync_Status__c=null, Deal_Type__c=Channel Originated, GSW__c=false, Quote_Type__c=New, Total_Services__c=null, Total_Software__c=null, Total_Subscription__c=94000.0, Order_NARR_Calculated__c=0.0, Exchange_Rate_To_USD__c=null, Legacy_Sync_Correlation_Id__c=null, Legacy_Sync_Message__c=null, Legacy_Sync_Payload__c=null, Legacy_Sync_Status__c=null, WorkdayReferenceID__c=COM003, Payment_Term_Workday_Reference_ID__c=Net_30, Order_Integration_Error_Messages__c=null, Order_and_Related_Field_Status__c=Unknown, Legacy_Discount__c=null, Workday_Contract_Type__c=Master_Contract, Legacy_Overall_Status__c=Not Overall Success, Workday_Overall_Status__c=Not Success, Contract_Number_Text__c=00069297, MyCap__c=false}
10:37:38.5 (117911258)|FLOW_BULK_ELEMENT_LIMIT_USAGE|1 ms CPU time, total 28 out of 15000
10:37:38.5 (117926572)|FLOW_BULK_ELEMENT_END|FlowAssignment|Set_PO_Sync_Status_to_Pending|0|1
10:37:38.5 (118217516)|FLOW_START_INTERVIEWS_END|1
10:37:38.5 (118399879)|FLOW_INTERVIEW_FINISHED|351100a6b0892dcf0982735409c119ecc44afe5-116a|Fortra &#124; Order &#124; Before Insert/Update - Sync Status
10:37:38.5 (118434252)|FLOW_INTERVIEW_FINISHED_LIMIT_USAGE|SOQL queries: 0 out of 100
10:37:38.5 (118439572)|FLOW_INTERVIEW_FINISHED_LIMIT_USAGE|SOQL query rows: 0 out of 50000
10:37:38.5 (118443239)|FLOW_INTERVIEW_FINISHED_LIMIT_USAGE|SOSL queries: 0 out of 20
10:37:38.5 (118446709)|FLOW_INTERVIEW_FINISHED_LIMIT_USAGE|DML statements: 0 out of 150
10:37:38.5 (118449781)|FLOW_INTERVIEW_FINISHED_LIMIT_USAGE|DML rows: 0 out of 10000
10:37:38.5 (118453272)|FLOW_INTERVIEW_FINISHED_LIMIT_USAGE|CPU time in ms: 28 out of 15000
10:37:38.5 (118458337)|FLOW_INTERVIEW_FINISHED_LIMIT_USAGE|Heap size in bytes: 0 out of 6000000
10:37:38.5 (118461766)|FLOW_INTERVIEW_FINISHED_LIMIT_USAGE|Callouts: 0 out of 100
10:37:38.5 (118464852)|FLOW_INTERVIEW_FINISHED_LIMIT_USAGE|Email invocations: 0 out of 10
10:37:38.5 (118467508)|FLOW_INTERVIEW_FINISHED_LIMIT_USAGE|Future calls: 0 out of 50
10:37:38.5 (118470492)|FLOW_INTERVIEW_FINISHED_LIMIT_USAGE|Jobs in queue: 0 out of 50
10:37:38.0 (121763272)|CODE_UNIT_FINISHED|Flow:Order
10:37:38.0 (121784716)|EXECUTION_FINISHED
10:37:38.272 (272452175)|USER_INFO|[EXTERNAL]|005WC00000MgTN2|liam.jeong.c@fortra.com.uat|(GMT-07:00) Pacific Daylight Time (America/Los_Angeles)|GMT-07:00
10:37:38.272 (272475857)|EXECUTION_STARTED
10:37:38.272 (272485582)|CODE_UNIT_STARTED|[EXTERNAL]|Validation:Order:801WC00000knHDL
10:37:38.272 (272505308)|VALIDATION_RULE|03dWC000001dRW1|Lock_Currency_At_Order_Activation
10:37:38.272 (272855128)|VALIDATION_FORMULA|AND(
 ISCHANGED(CurrencyIsoCode),
 OR(
     ISPICKVAL(Status, 'Activated'),
     ISPICKVAL(Status, 'In Fulfillment'),
     ISPICKVAL(Status, 'Fulfilled'),
     ISPICKVAL(Status, 'Completed'),
     ISPICKVAL(Status, 'Closed')
 )
)|Status=Draft , CurrencyIsoCode=USD
10:37:38.272 (272863068)|VALIDATION_PASS
10:37:38.272 (272864635)|VALIDATION_RULE|03dWC000001pCD3|Order_BillToAddressAcct_Equal_OrderAcct
10:37:38.272 (273103726)|VALIDATION_FORMULA|AND(NOT(ISBLANK(Bill_To_Address__r.Account__c)),
 Bill_To_Address__r.Account__c !=  AccountId 
)|AccountId=001WC00000XiZP4 , Bill_To_Address__r.Account__c=001WC00000XiZP4
10:37:38.272 (273110708)|VALIDATION_PASS
10:37:38.272 (273112111)|VALIDATION_RULE|03dWC000001pCBR|Order_BillToContactAcct_Equal_OrderAcct
10:37:38.272 (273202567)|VALIDATION_FORMULA|AND(NOT(ISBLANK(BillToContact.AccountId)),
 BillToContact.AccountId !=  AccountId 
)|AccountId=001WC00000XiZP4 , BillToContact.AccountId=001WC00000XiZP4
10:37:38.272 (273207617)|VALIDATION_PASS
10:37:38.272 (273209120)|VALIDATION_RULE|03dWC000001pC9p|Order_BillToPlaceAcct_Equal_OrderAcct
10:37:38.272 (273265259)|VALIDATION_FORMULA|AND(NOT(ISBLANK(Bill_To_Place__r.Account__c)),
 Bill_To_Place__r.Account__c !=  AccountId 
)|AccountId=001WC00000XiZP4 , Bill_To_Place__r.Account__c=001WC00000XiZP4
10:37:38.272 (273268299)|VALIDATION_PASS
10:37:38.272 (273269493)|VALIDATION_RULE|03dWC000001pC8D|Order_ShipToAddressAcct_Equal_OrderAcct
10:37:38.272 (273318077)|VALIDATION_FORMULA|AND(NOT(ISBLANK(Ship_To_Address__r.Account__c)),
 Ship_To_Address__r.Account__c != AccountId
)|AccountId=001WC00000XiZP4 , Ship_To_Address__r.Account__c=001WC00000XiZP4
10:37:38.272 (273320951)|VALIDATION_PASS
10:37:38.272 (273322179)|VALIDATION_RULE|03dWC000001pC6b|Order_ShipToContactAcct_Equal_OrderAcct
10:37:38.272 (273369499)|VALIDATION_FORMULA|AND(NOT(ISBLANK(ShipToContact.AccountId)),
 ShipToContact.AccountId  != AccountId
)|AccountId=001WC00000XiZP4 , ShipToContact.AccountId=001WC00000XiZP4
10:37:38.272 (273373083)|VALIDATION_PASS
10:37:38.272 (273406594)|VALIDATION_RULE|03dWC000001pC4z|Order_ShipToPlaceAcct_Equal_OrderAcct
10:37:38.272 (273456054)|VALIDATION_FORMULA|AND(NOT(ISBLANK(Ship_To_Place__r.Account__c)),
 Ship_To_Place__r.Account__c != AccountId 
)|AccountId=001WC00000XiZP4 , Ship_To_Place__r.Account__c=001WC00000XiZP4
10:37:38.272 (273458987)|VALIDATION_PASS
10:37:38.272 (273467798)|CODE_UNIT_FINISHED|Validation:Order:801WC00000knHDL
10:37:38.272 (273473376)|EXECUTION_FINISHED
10:37:38.319 (319913112)|USER_INFO|[EXTERNAL]|005WC00000MgTN2|liam.jeong.c@fortra.com.uat|(GMT-07:00) Pacific Daylight Time (America/Los_Angeles)|GMT-07:00
10:37:38.319 (319938373)|EXECUTION_STARTED
10:37:38.319 (319949223)|CODE_UNIT_STARTED|[EXTERNAL]|Flow:Order
10:37:38.322 (322849800)|FLOW_CREATE_INTERVIEW_BEGIN|00DWC000006eUFF|300WC00000PgHIz|301WC00000guXcg
10:37:38.322 (322918437)|FLOW_CREATE_INTERVIEW_END|351500a6b0892dcf0982735409c119ecc44afe5-116e|Fortra &#124; Order &#124; After Update - Platform Event (Workday)
10:37:38.323 (323658971)|FLOW_START_INTERVIEWS_BEGIN|1
10:37:38.323 (323702400)|FLOW_START_INTERVIEW_BEGIN|351500a6b0892dcf0982735409c119ecc44afe5-116e|Fortra &#124; Order &#124; After Update - Platform Event (Workday)
10:37:38.323 (323750747)|FLOW_START_INTERVIEW_LIMIT_USAGE|SOQL queries: 0 out of 100
10:37:38.323 (323757644)|FLOW_START_INTERVIEW_LIMIT_USAGE|SOQL query rows: 0 out of 50000
10:37:38.323 (323762003)|FLOW_START_INTERVIEW_LIMIT_USAGE|SOSL queries: 0 out of 20
10:37:38.323 (323765996)|FLOW_START_INTERVIEW_LIMIT_USAGE|DML statements: 0 out of 150
10:37:38.323 (323769906)|FLOW_START_INTERVIEW_LIMIT_USAGE|DML rows: 0 out of 10000
10:37:38.323 (323773856)|FLOW_START_INTERVIEW_LIMIT_USAGE|CPU time in ms: 149 out of 15000
10:37:38.323 (323785131)|FLOW_START_INTERVIEW_LIMIT_USAGE|Heap size in bytes: 0 out of 6000000
10:37:38.323 (323789032)|FLOW_START_INTERVIEW_LIMIT_USAGE|Callouts: 0 out of 100
10:37:38.323 (323792846)|FLOW_START_INTERVIEW_LIMIT_USAGE|Email invocations: 0 out of 10
10:37:38.323 (323796228)|FLOW_START_INTERVIEW_LIMIT_USAGE|Future calls: 0 out of 50
10:37:38.323 (323799731)|FLOW_START_INTERVIEW_LIMIT_USAGE|Jobs in queue: 0 out of 50
10:37:38.323 (323803040)|FLOW_START_INTERVIEW_LIMIT_USAGE|Push notifications: 0 out of 10
10:37:38.323 (326852765)|FLOW_VALUE_ASSIGNMENT|351500a6b0892dcf0982735409c119ecc44afe5-116e|$Record|{Id=801WC00000knHDLYA2, OwnerId=005a500001SfRd7AAF, ContractId=800WC00000SKpZJYA1, AccountId=001WC00000XiZP4YAN, Pricebook2Id=01sWC0000022GHFYA2, OriginalOrderId=null, OpportunityId=006WC00000R3zVxYAJ, QuoteId=0Q0WC0000039Vm10AE, EffectiveDate=2026-06-15 00:00:00, EndDate=null, IsReductionOrder=false, Status=Draft, Description=null, CustomerAuthorizedById=null, CustomerAuthorizedDate=null, CompanyAuthorizedById=null, CompanyAuthorizedDate=null, Type=null, BillingStreet=11095 Viking Drive, BillingCity=Eden Prairie, BillingState=Minnesota, BillingPostalCode=55344, BillingCountry=United States, BillingStateCode=MN, BillingCountryCode=US, BillingLatitude=null, BillingLongitude=null, BillingGeocodeAccuracy=null, ShippingStreet=11095 Viking Drive, ShippingCity=Eden Prairie, ShippingState=Minnesota, ShippingPostalCode=55344, ShippingCountry=United States, ShippingStateCode=MN, ShippingCountryCode=US, ShippingLatitude=null, ShippingLongitude=null, ShippingGeocodeAccuracy=null, Name=Q-Wren - Test Pricebook 2-2026-06-15, PoDate=null, PoNumber=null, OrderReferenceNumber=null, BillToContactId=003WC00000nc6g5YAA, ShipToContactId=003WC00000nc6g5YAA, ActivatedDate=null, ActivatedById=null, StatusCode=Draft, CurrencyIsoCode=USD, LegalEntityId=0fwWC000000034LYAQ, OrderedDate=null, BillingEmailAddress=null, BillingPhoneNumber=null, RelatedOrderId=null, OrderNumber=00095503, TotalAmount=94256.4875, TotalTaxAmount=0.0, GrandTotalAmount=94256.4875, TotalAdjustedProductAmount=0.0, TotalAdjustedDeliveryAmount=0.0, TotalProductAdjDistAmount=0.0, TotalDeliveryAdjDistAmount=0.0, TotalAdjustedProductTaxAmount=0.0, TotalAdjustedDeliveryTaxAmount=0.0, TotalProductAdjDistTaxAmount=0.0, TotalDeliveryAdjDistTaxAmount=0.0, TotalAdjProductAmtWithTax=0.0, TotalAdjDeliveryAmtWithTax=0.0, TotalProductAdjDistAmtWithTax=0.0, TotalDeliveryAdjDistAmtWithTax=0.0, PaymentTermId=2OXWC0000000Vs34AE, LastPricedDate=null, FulfillmentPlanId=null, CalculationStatus=Saving, OrchestrationSbmsStatus=null, OriginalActionType=null, ValidationResult=null, AdjustmentDistributionLogic=null, AppliedDiscountAmount=null, AppliedDiscount=null, TotalAmountOverride=null, SalesTransactionTypeId=null, PricingContractId=null, RelatedOrderType=null, TransactionType=Fortra_Advanced_Pricing, CreatedDate=2026-06-15 14:12:45, CreatedById=005a500001SfRd7AAF, LastModifiedDate=2026-06-15 17:37:38, LastModifiedById=005WC00000MgTN2YAN, IsDeleted=false, SystemModstamp=2026-06-15 17:37:38, LastViewedDate=null, LastReferencedDate=null, TotalRoundedLineAmount=null, DiscountPercent=null, Workday_Contract_ID__c=801WC00000knHDLYA2, Workday_ID__c=null, Workday_Sync_Correlation_Id__c=null, Workday_Sync_Message__c=null, Workday_Sync_Payload__c=null, QuoteTypeText__c=New, Legacy_Id__c=null, Bill_To_Place__c=a0lWC000004cO79YAE, Hubspot_Overall_Status__c=Overall Success, Ship_To_Place__c=a0lWC000004cO79YAE, Order_NARR__c=null, Source_Opportunity_Id__c=006WC00000R3zVx, Source_Order_Id__c=null, Bill_To_Account__c=001WC00000XiZP4YAN, Bill_To_Address__c=a0lWC000004cO79YAE, Ship_To_Account__c=001WC00000XiZP4YAN, Ship_To_Address__c=a0lWC000004cO79YAE, Clawback_Repaid_Date__c=null, Commission_Date__c=null, Contract_Start_Date__c=null, Currency_Locked__c=false, MSYears__c=null, New_Licenses__c=null, New_Maintenance__c=null, New_Pro_Services__c=null, Partner_Account__c=null, Reseller_PO__c=null, Sales_Rep__c=null, Source_Quote_Currency__c=USD, gsOrderID__c=null, gsShipDate__c=null, Order_Displaced_ARR__c=0.0, VAT_Number__c=null, DoNotInvoicePS__c=false, IsDR__c=false, IsNotificationSent__c=false, IsRenewal__c=false, IsTAM__c=null, Is_Reversed__c=false, New_SaaSEftCloud__c=null, Total_List_Price__c=null, Account_Specialist__c=null, Billing_Day_of_Month__c=null, Customer_Success_Manager__c=null, Date_Fulfilled__c=null, Deal_Origin__c=null, Disable_Export_Control__c=false, Enterprise_Representative__c=null, HARP_Contact__c=null, Invoice_Contact_2__c=null, Invoice_Contact__c=null, License_Key_Contact__c=null, ShowHide_Discounts__c=null, Solutions_Engineer__c=null, Total_Discount_Amount__c=0.0, PO_Sync_Correlation_Id__c=null, PO_Sync_Message__c=null, PO_Sync_Payload__c=null, PO_Sync_Status__c=Pending, PO_URL__c=null, ALE__c=null, AWS_Marketplace_Agreement_ID__c=null, AWS_Marketplace_Offer_ID__c=null, Account_NameText__c=Fortra, LLC - Test, Billing_Frequency__c=null, Contact__c=null, Cross_Sale_Type__c=null, Cross_Sale_User__c=null, Description__c=null, Disable_Tax__c=false, DistributorReseller__c=null, Line_Items_Complete__c=false, Maintenance_Date__c=null, Mark_Inv_Migration_Change__c=false, On_Hold_Time__c=null, OrderOne__c=1.0, POC_Invoice_Contact_On_Billing_Account__c=null, Payment_Portal__c=Fortra (default), Purchasing_Agent_Account__c=null, Purchasing_Agent_Contact__c=null, RSM_2__c=null, RSM_3__c=null, RSM_4__c=null, RSM_5__c=null, RSM__c=null, Referral_Partner__c=null, Renewal_Maintenance_Quote__c=null, Renewals_Specialist__c=null, Requested_Delivery_Date__c=null, Reseller_Partner__c=null, SA__c=null, Secondary_License_Key_Contact__c=null, Share_With_AWS__c=false, SingleYearMS__c=null, Skip_Price_Calculation__c=false, Source_Campaign__c=null, Source_Quote_Id__c=null, Workday_Sync_Status__c=Pending, HS_Sync_Correlation_Id__c=null, HS_Sync_Message__c=null, HS_Sync_Payload__c=null, HS_Sync_Status__c=null, Deal_Type__c=Channel Originated, GSW__c=false, Quote_Type__c=New, Total_Services__c=null, Total_Software__c=null, Total_Subscription__c=94000.0, Order_NARR_Calculated__c=0.0, Exchange_Rate_To_USD__c=null, Legacy_Sync_Correlation_Id__c=null, Legacy_Sync_Message__c=null, Legacy_Sync_Payload__c=null, Legacy_Sync_Status__c=null, WorkdayReferenceID__c=COM003, Payment_Term_Workday_Reference_ID__c=Net_30, Order_Integration_Error_Messages__c=null, Order_and_Related_Field_Status__c=Unknown, Legacy_Discount__c=null, Workday_Contract_Type__c=Master_Contract, Legacy_Overall_Status__c=Not Overall Success, Workday_Overall_Status__c=Not Success, Contract_Number_Text__c=00069297, MyCap__c=false}
10:37:38.323 (326984771)|FLOW_ELEMENT_BEGIN|351500a6b0892dcf0982735409c119ecc44afe5-116e|FlowDecision|Order_Completed_Decision
10:37:38.323 (327049311)|FLOW_ELEMENT_DEFERRED|FlowDecision|Order_Completed_Decision
10:37:38.323 (327219228)|FLOW_ELEMENT_LIMIT_USAGE|3 ms CPU time, total 152 out of 15000
10:37:38.323 (327317740)|FLOW_ELEMENT_END|351500a6b0892dcf0982735409c119ecc44afe5-116e|FlowDecision|Order_Completed_Decision
10:37:38.323 (328125191)|FLOW_START_INTERVIEW_END|351500a6b0892dcf0982735409c119ecc44afe5-116e|Fortra &#124; Order &#124; After Update - Platform Event (Workday)
10:37:38.323 (328172539)|FLOW_BULK_ELEMENT_BEGIN|FlowDecision|Order_Completed_Decision
10:37:38.323 (328332480)|FLOW_RULE_DETAIL|351500a6b0892dcf0982735409c119ecc44afe5-116e|Yes_Order_Completed_Outcome|false|false
10:37:38.323 (328349123)|FLOW_VALUE_ASSIGNMENT|351500a6b0892dcf0982735409c119ecc44afe5-116e|Yes_Order_Completed_Outcome|false
10:37:38.323 (328490689)|FLOW_BULK_ELEMENT_LIMIT_USAGE|1 ms CPU time, total 153 out of 15000
10:37:38.323 (328503498)|FLOW_BULK_ELEMENT_END|FlowDecision|Order_Completed_Decision|0|0
10:37:38.323 (328555581)|FLOW_ELEMENT_BEGIN|351500a6b0892dcf0982735409c119ecc44afe5-116e|FlowDecision|Order_Complete_and_WD_Status_is_Success_Decision
10:37:38.323 (328567608)|FLOW_ELEMENT_DEFERRED|FlowDecision|Order_Complete_and_WD_Status_is_Success_Decision
10:37:38.323 (328608030)|FLOW_ELEMENT_END|351500a6b0892dcf0982735409c119ecc44afe5-116e|FlowDecision|Order_Complete_and_WD_Status_is_Success_Decision
10:37:38.323 (328800986)|FLOW_BULK_ELEMENT_BEGIN|FlowDecision|Order_Complete_and_WD_Status_is_Success_Decision
10:37:38.323 (328868667)|FLOW_RULE_DETAIL|351500a6b0892dcf0982735409c119ecc44afe5-116e|Yes_Order_Complete_and_WD_Status_is_Success_Outcome|false|false
10:37:38.323 (328887570)|FLOW_VALUE_ASSIGNMENT|351500a6b0892dcf0982735409c119ecc44afe5-116e|Yes_Order_Complete_and_WD_Status_is_Success_Outcome|false
10:37:38.323 (328991207)|FLOW_BULK_ELEMENT_END|FlowDecision|Order_Complete_and_WD_Status_is_Success_Decision|0|0
10:37:38.323 (329016195)|FLOW_ELEMENT_BEGIN|351500a6b0892dcf0982735409c119ecc44afe5-116e|FlowDecision|PO_URL_Changed_Decision
10:37:38.323 (329030164)|FLOW_ELEMENT_DEFERRED|FlowDecision|PO_URL_Changed_Decision
10:37:38.323 (329044465)|FLOW_ELEMENT_END|351500a6b0892dcf0982735409c119ecc44afe5-116e|FlowDecision|PO_URL_Changed_Decision
10:37:38.323 (329061254)|FLOW_BULK_ELEMENT_BEGIN|FlowDecision|PO_URL_Changed_Decision
10:37:38.323 (329155922)|FLOW_RULE_DETAIL|351500a6b0892dcf0982735409c119ecc44afe5-116e|Yes_PO_URL_Changed_Outcome|false|false
10:37:38.323 (329166424)|FLOW_VALUE_ASSIGNMENT|351500a6b0892dcf0982735409c119ecc44afe5-116e|Yes_PO_URL_Changed_Outcome|false
10:37:38.323 (329243129)|FLOW_BULK_ELEMENT_LIMIT_USAGE|1 ms CPU time, total 154 out of 15000
10:37:38.323 (329250397)|FLOW_BULK_ELEMENT_END|FlowDecision|PO_URL_Changed_Decision|0|0
10:37:38.323 (329382850)|FLOW_START_INTERVIEWS_END|1
10:37:38.323 (329534072)|FLOW_INTERVIEW_FINISHED|351500a6b0892dcf0982735409c119ecc44afe5-116e|Fortra &#124; Order &#124; After Update - Platform Event (Workday)
10:37:38.323 (329554413)|FLOW_INTERVIEW_FINISHED_LIMIT_USAGE|SOQL queries: 0 out of 100
10:37:38.323 (329559033)|FLOW_INTERVIEW_FINISHED_LIMIT_USAGE|SOQL query rows: 0 out of 50000
10:37:38.323 (329562613)|FLOW_INTERVIEW_FINISHED_LIMIT_USAGE|SOSL queries: 0 out of 20
10:37:38.323 (329566191)|FLOW_INTERVIEW_FINISHED_LIMIT_USAGE|DML statements: 0 out of 150
10:37:38.323 (329569420)|FLOW_INTERVIEW_FINISHED_LIMIT_USAGE|DML rows: 0 out of 10000
10:37:38.323 (329572450)|FLOW_INTERVIEW_FINISHED_LIMIT_USAGE|CPU time in ms: 154 out of 15000
10:37:38.323 (329576591)|FLOW_INTERVIEW_FINISHED_LIMIT_USAGE|Heap size in bytes: 0 out of 6000000
10:37:38.323 (329580068)|FLOW_INTERVIEW_FINISHED_LIMIT_USAGE|Callouts: 0 out of 100
10:37:38.323 (329582991)|FLOW_INTERVIEW_FINISHED_LIMIT_USAGE|Email invocations: 0 out of 10
10:37:38.323 (329585863)|FLOW_INTERVIEW_FINISHED_LIMIT_USAGE|Future calls: 0 out of 50
10:37:38.323 (329588908)|FLOW_INTERVIEW_FINISHED_LIMIT_USAGE|Jobs in queue: 0 out of 50
10:37:38.319 (331219277)|CODE_UNIT_FINISHED|Flow:Order
10:37:38.319 (331233158)|EXECUTION_FINISHED
10:37:38.333 (333333993)|USER_INFO|[EXTERNAL]|005WC00000MgTN2|liam.jeong.c@fortra.com.uat|(GMT-07:00) Pacific Daylight Time (America/Los_Angeles)|GMT-07:00
10:37:38.333 (333350423)|EXECUTION_STARTED
10:37:38.333 (333356424)|CODE_UNIT_STARTED|[EXTERNAL]|Flow:Order
10:37:38.333 (333431160)|CODE_UNIT_FINISHED|Flow:Order
10:37:38.333 (333434883)|EXECUTION_FINISHED
10:37:39.0 (1000605904)|USER_INFO|[EXTERNAL]|005WC00000MgTN2|liam.jeong.c@fortra.com.uat|(GMT-07:00) Pacific Daylight Time (America/Los_Angeles)|GMT-07:00
10:37:39.0 (1000631629)|EXECUTION_STARTED
10:37:39.0 (1000640806)|CODE_UNIT_STARTED|[EXTERNAL]|Get context price for context id and record id ...5e7b8e:801WC00000knHDLYA2
10:37:39.0 (1044911429)|RLM_PRICING_BEGIN|PriceBooks={801WC00000knHDLYA2=01sWC0000022GHFYA2}, 
LineItemQuantity={802WC00000OpopoYAB=1.0, 802WC00000OpopqYAB=0.0, 802WC00000OpoppYAB=1.0}, 
AttributeValue={15vWC000005vZJ7YAM=Per Users, 15vWC000005vZJAYA2=Standard, 15vWC000005vZJ9YAM=Standard}, 
Product={802WC00000OpopoYAB=01tWC00000DD11JYAT, 802WC00000OpopqYAB=01tWC00000DD1bsYAD, 802WC00000OpoppYAB=01tWC00000DD1btYAD}, 
Total_Discount_Amount__c={801WC00000knHDLYA2=0.0}, 
AttributeDefinitionCode={15vWC000005vZJ7YAM=UNT, 15vWC000005vZJAYA2=MTD, 15vWC000005vZJ9YAM=FO}, 
ListPrice={802WC00000OpopoYAB=94000.0, 802WC00000OpopqYAB=0.0, 802WC00000OpoppYAB=355.0}, 
Fortra_Product_Type__c={802WC00000OpopoYAB=Subscription, 802WC00000OpopqYAB=New Maintenance, 802WC00000OpoppYAB=Perpetual}, 
PartnerDiscountPercent={802WC00000OpopqYAB=12.0, 802WC00000OpoppYAB=15.0}, 
InputUnitPrice={802WC00000OpopoYAB=94000.0, 802WC00000OpoppYAB=301.75}, 
ItemIsDerived__std={802WC00000OpopoYAB=false, 802WC00000OpopqYAB=true, 802WC00000OpoppYAB=false}, 
AllowPartialProrationPeriods={802WC00000OpopoYAB=true, 802WC00000OpopqYAB=false, 802WC00000OpoppYAB=false}, 
StartProrationPeriod={802WC00000OpopoYAB=Anniversary}, 
Has_Attribute_Adjustment__c={802WC00000OpopoYAB=false, 802WC00000OpopqYAB=false, 802WC00000OpoppYAB=false}, 
Discount__std={801WC00000knHDLYA2=0.04799752}, 
Subtotal={801WC00000knHDLYA2=94301.75}, 
Total_Subscription__c={801WC00000knHDLYA2=94000.0}, 
CurrencyIsoCode={801WC00000knHDLYA2=USD}, 
PriceImpactingAttribute={15vWC000005vZJ7YAM=true, 15vWC000005vZJAYA2=true, 15vWC000005vZJ8YAM=false, 15vWC000005vZJ9YAM=true}, 
Base_Price__c={802WC00000OpopqYAB=355.0}, 
PricingTermCount={802WC00000OpoppYAB=0.0}, 
NetUnitPrice={802WC00000OpopoYAB=94000.0, 802WC00000OpoppYAB=256.4875}, 
ItemSalesTransactionAction={802WC00000OpopoYAB=8OAWC000002SOpS4AW, 802WC00000OpopqYAB=8OAWC000002SOpR4AW, 802WC00000OpoppYAB=8OAWC000002SOpS4AW}, 
Deal_Type__c={801WC00000knHDLYA2=Channel Originated}, 
SalesTransactionActionType={802WC00000OpopoYAB=Add, 802WC00000OpopqYAB=Amend, 802WC00000OpoppYAB=Add}, 
ItemSubscriptionTerm={802WC00000OpopoYAB=1}, 
Attribute={15vWC000005vZJ7YAM=Unit_Type, 15vWC000005vZJAYA2=Maintenance_Type_Defn, 15vWC000005vZJ8YAM=Attribute_Volume, 15vWC000005vZJ9YAM=Feature_Options}, 
PricingTermUnit={802WC00000OpopoYAB=Annual}, 
ProductSellingModel={802WC00000OpopoYAB=0jPWC000000060b2AA, 802WC00000OpopqYAB=0jPWC00000005yz2AA, 802WC00000OpoppYAB=0jPWC00000005yz2AA}, 
Source_List_Price__c={802WC00000OpopqYAB=355.0}, 
ItemPricebookEntry={802WC00000OpopoYAB=01uWC000005wrrDYAQ, 802WC00000OpopqYAB=01uWC000005wsbUYAQ, 802WC00000OpoppYAB=01uWC000005ws8MYAQ}, 
PartnerUnitPrice={802WC00000OpoppYAB=301.75}, 
ItemTotalAdjustmentAmount={802WC00000OpopoYAB=0.0, 802WC00000OpopqYAB=0.0, 802WC00000OpoppYAB=-45.2625}, 
SellingModelType={802WC00000OpopoYAB=TermDefined, 802WC00000OpopqYAB=OneTime, 802WC00000OpoppYAB=OneTime}, 
AllowRegionalPricing__c={802WC00000OpopoYAB=false, 802WC00000OpopqYAB=false, 802WC00000OpoppYAB=false}, 
TotalLineAmount={802WC00000OpopoYAB=94000.0, 802WC00000OpopqYAB=0.0, 802WC00000OpoppYAB=301.75}, 
GSW__c={801WC00000knHDLYA2=false}, 
LineItem={802WC00000OpopoYAB=802WC00000OpopoYAB, 802WC00000OpopqYAB=802WC00000OpopqYAB, 802WC00000OpoppYAB=802WC00000OpoppYAB}, 
TotalAmount={801WC00000knHDLYA2=94256.4875}, 
QuoteTypeText__c={801WC00000knHDLYA2=New}, 
ItemNetTotalPrice={802WC00000OpopoYAB=94000.0, 802WC00000OpopqYAB=0.0, 802WC00000OpoppYAB=256.4875}, 
SalesTransactionSource={801WC00000knHDLYA2=801WC00000knHDLYA2}, 
EffectiveFrom={802WC00000OpopoYAB=2026-06-15T00:00:00.000Z, 802WC00000OpopqYAB=2026-06-15T00:00:00.000Z}, 
ItemTotalPrice={802WC00000OpopoYAB=94000.0, 802WC00000OpopqYAB=0.0, 802WC00000OpoppYAB=256.4875}, 
EffectiveDate={801WC00000knHDLYA2=2026-06-15T00:00:00.000Z}
10:37:39.0 (1044993777)|RLM_PRICING_BEGIN|Pricing beginning, line procedure plan setup=false, header procedure plan setup=false
10:37:42.599 (4599174263)|CODE_UNIT_STARTED|[EXTERNAL]|industries.discovery.rulesengine.processtype.DefaultPricingDiscoveryProcessTypeHandler
10:37:42.599 (4622137926)|CODE_UNIT_FINISHED|industries.discovery.rulesengine.processtype.DefaultPricingDiscoveryProcessTypeHandler
10:37:42.599 (5086551245)|RLM_PRICING_END|PriceBooks={801WC00000knHDLYA2=01sWC0000022GHFYA2}, 
LineItemQuantity={802WC00000OpopoYAB=1.0, 802WC00000OpopqYAB=0.0, 802WC00000OpoppYAB=1.0}, 
AttributeValue={15vWC000005vZJ7YAM=Per Users, 15vWC000005vZJAYA2=Standard, 15vWC000005vZJ9YAM=Standard}, 
Product={802WC00000OpopoYAB=01tWC00000DD11JYAT, 802WC00000OpopqYAB=01tWC00000DD1bsYAD, 802WC00000OpoppYAB=01tWC00000DD1btYAD}, 
Total_Discount_Amount__c={801WC00000knHDLYA2=0E-16}, 
AttributeDefinitionCode={15vWC000005vZJ7YAM=UNT, 15vWC000005vZJAYA2=MTD, 15vWC000005vZJ9YAM=FO}, 
ListPrice={802WC00000OpopoYAB=94000.0, 802WC00000OpopqYAB=0.0, 802WC00000OpoppYAB=355.0}, 
ItemContract={802WC00000OpopoYAB=800WC00000SKpZJYA1, 802WC00000OpoppYAB=800WC00000SKpZJYA1}, 
Fortra_Product_Type__c={802WC00000OpopoYAB=Subscription, 802WC00000OpopqYAB=New Maintenance, 802WC00000OpoppYAB=Perpetual}, 
PartnerDiscountPercent={802WC00000OpopqYAB=12.0, 802WC00000OpoppYAB=15.0}, 
InputUnitPrice={802WC00000OpopoYAB=94000.0, 802WC00000OpoppYAB=301.75}, 
ItemIsDerived__std={802WC00000OpopoYAB=false, 802WC00000OpopqYAB=true, 802WC00000OpoppYAB=false}, 
ItemSubtotal={802WC00000OpopoYAB=94000.0000000000000000, 802WC00000OpoppYAB=301.7500000000000000}, 
AllowPartialProrationPeriods={802WC00000OpopoYAB=true, 802WC00000OpopqYAB=false, 802WC00000OpoppYAB=false}, 
StartProrationPeriod={802WC00000OpopoYAB=Anniversary}, 
DerivedPricingAttribute={802WC00000OpopoYAB=false, 802WC00000OpoppYAB=false}, 
Has_Attribute_Adjustment__c={802WC00000OpopoYAB=false, 802WC00000OpopqYAB=false, 802WC00000OpoppYAB=false}, 
Discount__std={801WC00000knHDLYA2=0E-16}, 
Subtotal={801WC00000knHDLYA2=94301.7500000000000000}, 
Total_Subscription__c={801WC00000knHDLYA2=94000.0000000000000000}, 
CurrencyIsoCode={801WC00000knHDLYA2=USD}, 
PriceImpactingAttribute={15vWC000005vZJ7YAM=true, 15vWC000005vZJAYA2=true, 15vWC000005vZJ8YAM=false, 15vWC000005vZJ9YAM=true}, 
Base_Price__c={802WC00000OpopqYAB=355.0}, 
PricingTermCount={802WC00000OpoppYAB=0.00}, 
NetUnitPrice={802WC00000OpopoYAB=94000.0, 802WC00000OpoppYAB=256.4875000000000000}, 
ItemSalesTransactionAction={802WC00000OpopoYAB=8OAWC000002SOpS4AW, 802WC00000OpopqYAB=8OAWC000002SOpR4AW, 802WC00000OpoppYAB=8OAWC000002SOpS4AW}, 
PricingDate={801WC00000knHDLYA2=2026-06-15T00:00:00.000Z}, 
Deal_Type__c={801WC00000knHDLYA2=Channel Originated}, 
SalesTransactionActionType={802WC00000OpopoYAB=Add, 802WC00000OpopqYAB=Amend, 802WC00000OpoppYAB=Add}, 
ItemSubscriptionTerm={802WC00000OpopoYAB=1}, 
Attribute={15vWC000005vZJ7YAM=Unit_Type, 15vWC000005vZJAYA2=Maintenance_Type_Defn, 15vWC000005vZJ8YAM=Attribute_Volume, 15vWC000005vZJ9YAM=Feature_Options}, 
PricingTermUnit={802WC00000OpopoYAB=Annual}, 
ProductSellingModel={802WC00000OpopoYAB=0jPWC000000060b2AA, 802WC00000OpopqYAB=0jPWC00000005yz2AA, 802WC00000OpoppYAB=0jPWC00000005yz2AA}, 
Source_List_Price__c={802WC00000OpopqYAB=355.0}, 
ItemPricebookEntry={802WC00000OpopoYAB=01uWC000005wrrDYAQ, 802WC00000OpopqYAB=01uWC000005wsbUYAQ, 802WC00000OpoppYAB=01uWC000005ws8MYAQ}, 
PartnerUnitPrice={802WC00000OpoppYAB=301.75}, 
ItemTotalAdjustmentAmount={802WC00000OpopoYAB=0E-16, 802WC00000OpopqYAB=0.0, 802WC00000OpoppYAB=-45.2625000000000000}, 
SellingModelType={802WC00000OpopoYAB=TermDefined, 802WC00000OpopqYAB=OneTime, 802WC00000OpoppYAB=OneTime}, 
AllowRegionalPricing__c={802WC00000OpopoYAB=false, 802WC00000OpopqYAB=false, 802WC00000OpoppYAB=false}, 
TotalLineAmount={802WC00000OpopoYAB=94000.0000000000000000, 802WC00000OpopqYAB=0, 802WC00000OpoppYAB=301.7500000000000000}, 
GSW__c={801WC00000knHDLYA2=false}, 
LineItem={802WC00000OpopoYAB=802WC00000OpopoYAB, 802WC00000OpopqYAB=802WC00000OpopqYAB, 802WC00000OpoppYAB=802WC00000OpoppYAB}, 
TotalAmount={801WC00000knHDLYA2=94256.4875000000000000}, 
QuoteTypeText__c={801WC00000knHDLYA2=New}, 
IsContracted={802WC00000OpopoYAB=true, 802WC00000OpoppYAB=true}, 
ItemNetTotalPrice={802WC00000OpopoYAB=94000.0000000000000000, 802WC00000OpopqYAB=0, 802WC00000OpoppYAB=256.4875000000000000}, 
SalesTransactionSource={801WC00000knHDLYA2=801WC00000knHDLYA2}, 
EffectiveFrom={802WC00000OpopoYAB=2026-06-15T00:00:00.000Z, 802WC00000OpopqYAB=2026-06-15T00:00:00.000Z}, 
ItemTotalPrice={802WC00000OpopoYAB=94000.0000000000000000, 802WC00000OpopqYAB=0, 802WC00000OpoppYAB=256.4875000000000000}, 
EffectiveDate={801WC00000knHDLYA2=2026-06-15T00:00:00.000Z}
10:37:42.599 (5086651510)|CODE_UNIT_FINISHED|Get context price for context id and record id ...5e7b8e:801WC00000knHDLYA2
10:37:42.599 (5086664719)|EXECUTION_FINISHED
10:37:43.956 (5956400156)|USER_INFO|[EXTERNAL]|005WC00000MgTN2|liam.jeong.c@fortra.com.uat|(GMT-07:00) Pacific Daylight Time (America/Los_Angeles)|GMT-07:00
10:37:43.956 (5956420721)|EXECUTION_STARTED
10:37:43.956 (5956429541)|CODE_UNIT_STARTED|[EXTERNAL]|Flow:Order
10:37:43.957 (5957877352)|FLOW_CREATE_INTERVIEW_BEGIN|00DWC000006eUFF|300WC00000LcvHO|301WC00000gukzh
10:37:43.957 (5958006523)|FLOW_CREATE_INTERVIEW_END|353500a6b0892dcf0982735409c119ecc44afe5-1182|Fortra &#124; Order &#124; Before Insert/Update - Sync Status
10:37:43.958 (5958885824)|FLOW_START_INTERVIEWS_BEGIN|1
10:37:43.958 (5958999864)|FLOW_START_INTERVIEW_BEGIN|353500a6b0892dcf0982735409c119ecc44afe5-1182|Fortra &#124; Order &#124; Before Insert/Update - Sync Status
10:37:43.958 (5959056142)|FLOW_START_INTERVIEW_LIMIT_USAGE|SOQL queries: 0 out of 100
10:37:43.958 (5959062407)|FLOW_START_INTERVIEW_LIMIT_USAGE|SOQL query rows: 0 out of 50000
10:37:43.958 (5959067076)|FLOW_START_INTERVIEW_LIMIT_USAGE|SOSL queries: 0 out of 20
10:37:43.958 (5959071502)|FLOW_START_INTERVIEW_LIMIT_USAGE|DML statements: 0 out of 150
10:37:43.958 (5959075647)|FLOW_START_INTERVIEW_LIMIT_USAGE|DML rows: 0 out of 10000
10:37:43.958 (5959079592)|FLOW_START_INTERVIEW_LIMIT_USAGE|CPU time in ms: 3140 out of 15000
10:37:43.958 (5959088994)|FLOW_START_INTERVIEW_LIMIT_USAGE|Heap size in bytes: 0 out of 6000000
10:37:43.958 (5959093178)|FLOW_START_INTERVIEW_LIMIT_USAGE|Callouts: 0 out of 100
10:37:43.958 (5959097010)|FLOW_START_INTERVIEW_LIMIT_USAGE|Email invocations: 0 out of 10
10:37:43.958 (5959100728)|FLOW_START_INTERVIEW_LIMIT_USAGE|Future calls: 0 out of 50
10:37:43.958 (5959104513)|FLOW_START_INTERVIEW_LIMIT_USAGE|Jobs in queue: 0 out of 50
10:37:43.958 (5959107823)|FLOW_START_INTERVIEW_LIMIT_USAGE|Push notifications: 0 out of 10
10:37:43.958 (5988965275)|FLOW_VALUE_ASSIGNMENT|353500a6b0892dcf0982735409c119ecc44afe5-1182|$Record|{Id=801WC00000knHDLYA2, OwnerId=005a500001SfRd7AAF, ContractId=800WC00000SKpZJYA1, AccountId=001WC00000XiZP4YAN, Pricebook2Id=01sWC0000022GHFYA2, OriginalOrderId=null, OpportunityId=006WC00000R3zVxYAJ, QuoteId=0Q0WC0000039Vm10AE, EffectiveDate=2026-06-15 00:00:00, EndDate=null, IsReductionOrder=false, Status=Draft, Description=null, CustomerAuthorizedById=null, CustomerAuthorizedDate=null, CompanyAuthorizedById=null, CompanyAuthorizedDate=null, Type=null, BillingStreet=11095 Viking Drive, BillingCity=Eden Prairie, BillingState=Minnesota, BillingPostalCode=55344, BillingCountry=United States, BillingStateCode=MN, BillingCountryCode=US, BillingLatitude=null, BillingLongitude=null, BillingGeocodeAccuracy=null, ShippingStreet=11095 Viking Drive, ShippingCity=Eden Prairie, ShippingState=Minnesota, ShippingPostalCode=55344, ShippingCountry=United States, ShippingStateCode=MN, ShippingCountryCode=US, ShippingLatitude=null, ShippingLongitude=null, ShippingGeocodeAccuracy=null, Name=Q-Wren - Test Pricebook 2-2026-06-15, PoDate=null, PoNumber=null, OrderReferenceNumber=null, BillToContactId=003WC00000nc6g5YAA, ShipToContactId=003WC00000nc6g5YAA, ActivatedDate=null, ActivatedById=null, StatusCode=Draft, CurrencyIsoCode=USD, LegalEntityId=0fwWC000000034LYAQ, OrderedDate=null, BillingEmailAddress=null, BillingPhoneNumber=null, RelatedOrderId=null, OrderNumber=00095503, TotalAmount=94256.4875, TotalTaxAmount=0.0, GrandTotalAmount=94256.4875, TotalAdjustedProductAmount=0.0, TotalAdjustedDeliveryAmount=0.0, TotalProductAdjDistAmount=0.0, TotalDeliveryAdjDistAmount=0.0, TotalAdjustedProductTaxAmount=0.0, TotalAdjustedDeliveryTaxAmount=0.0, TotalProductAdjDistTaxAmount=0.0, TotalDeliveryAdjDistTaxAmount=0.0, TotalAdjProductAmtWithTax=0.0, TotalAdjDeliveryAmtWithTax=0.0, TotalProductAdjDistAmtWithTax=0.0, TotalDeliveryAdjDistAmtWithTax=0.0, PaymentTermId=2OXWC0000000Vs34AE, LastPricedDate=null, FulfillmentPlanId=null, CalculationStatus=Saving, OrchestrationSbmsStatus=null, OriginalActionType=null, ValidationResult=null, AdjustmentDistributionLogic=null, AppliedDiscountAmount=null, AppliedDiscount=null, TotalAmountOverride=null, SalesTransactionTypeId=null, PricingContractId=null, RelatedOrderType=null, TransactionType=Fortra_Advanced_Pricing, CreatedDate=2026-06-15 14:12:45, CreatedById=005a500001SfRd7AAF, LastModifiedDate=2026-06-15 17:37:38, LastModifiedById=005WC00000MgTN2YAN, IsDeleted=false, SystemModstamp=2026-06-15 17:37:38, LastViewedDate=null, LastReferencedDate=null, TotalRoundedLineAmount=null, DiscountPercent=null, Workday_Contract_ID__c=801WC00000knHDLYA2, Workday_ID__c=null, Workday_Sync_Correlation_Id__c=null, Workday_Sync_Message__c=null, Workday_Sync_Payload__c=null, QuoteTypeText__c=New, Legacy_Id__c=null, Bill_To_Place__c=a0lWC000004cO79YAE, Hubspot_Overall_Status__c=Overall Success, Ship_To_Place__c=a0lWC000004cO79YAE, Order_NARR__c=null, Source_Opportunity_Id__c=006WC00000R3zVx, Source_Order_Id__c=null, Bill_To_Account__c=001WC00000XiZP4YAN, Bill_To_Address__c=a0lWC000004cO79YAE, Ship_To_Account__c=001WC00000XiZP4YAN, Ship_To_Address__c=a0lWC000004cO79YAE, Clawback_Repaid_Date__c=null, Commission_Date__c=null, Contract_Start_Date__c=null, Currency_Locked__c=false, MSYears__c=null, New_Licenses__c=null, New_Maintenance__c=null, New_Pro_Services__c=null, Partner_Account__c=null, Reseller_PO__c=null, Sales_Rep__c=null, Source_Quote_Currency__c=USD, gsOrderID__c=null, gsShipDate__c=null, Order_Displaced_ARR__c=0.0, VAT_Number__c=null, DoNotInvoicePS__c=false, IsDR__c=false, IsNotificationSent__c=false, IsRenewal__c=false, IsTAM__c=null, Is_Reversed__c=false, New_SaaSEftCloud__c=null, Total_List_Price__c=null, Account_Specialist__c=null, Billing_Day_of_Month__c=null, Customer_Success_Manager__c=null, Date_Fulfilled__c=null, Deal_Origin__c=null, Disable_Export_Control__c=false, Enterprise_Representative__c=null, HARP_Contact__c=null, Invoice_Contact_2__c=null, Invoice_Contact__c=null, License_Key_Contact__c=null, ShowHide_Discounts__c=null, Solutions_Engineer__c=null, Total_Discount_Amount__c=0.0, PO_Sync_Correlation_Id__c=null, PO_Sync_Message__c=null, PO_Sync_Payload__c=null, PO_Sync_Status__c=Pending, PO_URL__c=null, ALE__c=null, AWS_Marketplace_Agreement_ID__c=null, AWS_Marketplace_Offer_ID__c=null, Account_NameText__c=Fortra, LLC - Test, Billing_Frequency__c=null, Contact__c=null, Cross_Sale_Type__c=null, Cross_Sale_User__c=null, Description__c=null, Disable_Tax__c=false, DistributorReseller__c=null, Line_Items_Complete__c=false, Maintenance_Date__c=null, Mark_Inv_Migration_Change__c=false, On_Hold_Time__c=null, OrderOne__c=1.0, POC_Invoice_Contact_On_Billing_Account__c=null, Payment_Portal__c=Fortra (default), Purchasing_Agent_Account__c=null, Purchasing_Agent_Contact__c=null, RSM_2__c=null, RSM_3__c=null, RSM_4__c=null, RSM_5__c=null, RSM__c=null, Referral_Partner__c=null, Renewal_Maintenance_Quote__c=null, Renewals_Specialist__c=null, Requested_Delivery_Date__c=null, Reseller_Partner__c=null, SA__c=null, Secondary_License_Key_Contact__c=null, Share_With_AWS__c=false, SingleYearMS__c=null, Skip_Price_Calculation__c=false, Source_Campaign__c=null, Source_Quote_Id__c=null, Workday_Sync_Status__c=Pending, HS_Sync_Correlation_Id__c=null, HS_Sync_Message__c=null, HS_Sync_Payload__c=null, HS_Sync_Status__c=null, Deal_Type__c=Channel Originated, GSW__c=false, Quote_Type__c=New, Total_Services__c=null, Total_Software__c=null, Total_Subscription__c=94000.0, Order_NARR_Calculated__c=0.0, Exchange_Rate_To_USD__c=null, Legacy_Sync_Correlation_Id__c=null, Legacy_Sync_Message__c=null, Legacy_Sync_Payload__c=null, Legacy_Sync_Status__c=null, WorkdayReferenceID__c=COM003, Payment_Term_Workday_Reference_ID__c=Net_30, Order_Integration_Error_Messages__c=null, Order_and_Related_Field_Status__c=Unknown, Legacy_Discount__c=null, Workday_Contract_Type__c=Master_Contract, Legacy_Overall_Status__c=Not Overall Success, Workday_Overall_Status__c=Not Success, Contract_Number_Text__c=00069297, MyCap__c=false}
10:37:43.958 (5989249212)|FLOW_ELEMENT_BEGIN|353500a6b0892dcf0982735409c119ecc44afe5-1182|FlowDecision|Workday_Sync_Status_Decision
10:37:43.958 (5989291328)|FLOW_ELEMENT_DEFERRED|FlowDecision|Workday_Sync_Status_Decision
10:37:43.958 (5989383949)|FLOW_ELEMENT_LIMIT_USAGE|12 ms CPU time, total 3152 out of 15000
10:37:43.958 (5989396896)|FLOW_ELEMENT_END|353500a6b0892dcf0982735409c119ecc44afe5-1182|FlowDecision|Workday_Sync_Status_Decision
10:37:43.958 (5990747911)|FLOW_START_INTERVIEW_END|353500a6b0892dcf0982735409c119ecc44afe5-1182|Fortra &#124; Order &#124; Before Insert/Update - Sync Status
10:37:43.958 (5990842669)|FLOW_BULK_ELEMENT_BEGIN|FlowDecision|Workday_Sync_Status_Decision
10:37:43.958 (5991060049)|FLOW_RULE_DETAIL|353500a6b0892dcf0982735409c119ecc44afe5-1182|NOT_Success_Workday_Sync_Status_Outcome|true|false
10:37:43.958 (5991093941)|FLOW_VALUE_ASSIGNMENT|353500a6b0892dcf0982735409c119ecc44afe5-1182|NOT_Success_Workday_Sync_Status_Outcome|true
10:37:43.958 (5991297675)|FLOW_BULK_ELEMENT_END|FlowDecision|Workday_Sync_Status_Decision|0|0
10:37:43.958 (5991374363)|FLOW_ELEMENT_BEGIN|353500a6b0892dcf0982735409c119ecc44afe5-1182|FlowDecision|Set_Workday_Sync_Status_to_Pending_Decision
10:37:43.958 (5991387348)|FLOW_ELEMENT_DEFERRED|FlowDecision|Set_Workday_Sync_Status_to_Pending_Decision
10:37:43.958 (5991407974)|FLOW_ELEMENT_END|353500a6b0892dcf0982735409c119ecc44afe5-1182|FlowDecision|Set_Workday_Sync_Status_to_Pending_Decision
10:37:43.958 (5991432463)|FLOW_BULK_ELEMENT_BEGIN|FlowDecision|Set_Workday_Sync_Status_to_Pending_Decision
10:37:43.958 (5991646725)|FLOW_RULE_DETAIL|353500a6b0892dcf0982735409c119ecc44afe5-1182|No_Set_Workday_Sync_Status_to_Pending_Outcome|false|false
10:37:43.958 (5991661417)|FLOW_VALUE_ASSIGNMENT|353500a6b0892dcf0982735409c119ecc44afe5-1182|No_Set_Workday_Sync_Status_to_Pending_Outcome|false
10:37:43.958 (5991788647)|FLOW_BULK_ELEMENT_LIMIT_USAGE|1 ms CPU time, total 3153 out of 15000
10:37:43.958 (5991795713)|FLOW_BULK_ELEMENT_END|FlowDecision|Set_Workday_Sync_Status_to_Pending_Decision|0|0
10:37:43.958 (5991824257)|FLOW_ELEMENT_BEGIN|353500a6b0892dcf0982735409c119ecc44afe5-1182|FlowAssignment|Set_Workday_Sync_Status_to_Pending
10:37:43.958 (5991832818)|FLOW_ELEMENT_DEFERRED|FlowAssignment|Set_Workday_Sync_Status_to_Pending
10:37:43.958 (5991888744)|FLOW_ELEMENT_END|353500a6b0892dcf0982735409c119ecc44afe5-1182|FlowAssignment|Set_Workday_Sync_Status_to_Pending
10:37:43.958 (5991914208)|FLOW_BULK_ELEMENT_BEGIN|FlowAssignment|Set_Workday_Sync_Status_to_Pending
10:37:43.958 (5992065546)|FLOW_ASSIGNMENT_DETAIL|353500a6b0892dcf0982735409c119ecc44afe5-1182|$Record.Workday_Sync_Status__c|ASSIGN|Pending
10:37:43.958 (5993828040)|FLOW_VALUE_ASSIGNMENT|353500a6b0892dcf0982735409c119ecc44afe5-1182|$Record|{Id=801WC00000knHDLYA2, OwnerId=005a500001SfRd7AAF, ContractId=800WC00000SKpZJYA1, AccountId=001WC00000XiZP4YAN, Pricebook2Id=01sWC0000022GHFYA2, OriginalOrderId=null, OpportunityId=006WC00000R3zVxYAJ, QuoteId=0Q0WC0000039Vm10AE, EffectiveDate=2026-06-15 00:00:00, EndDate=null, IsReductionOrder=false, Status=Draft, Description=null, CustomerAuthorizedById=null, CustomerAuthorizedDate=null, CompanyAuthorizedById=null, CompanyAuthorizedDate=null, Type=null, BillingStreet=11095 Viking Drive, BillingCity=Eden Prairie, BillingState=Minnesota, BillingPostalCode=55344, BillingCountry=United States, BillingStateCode=MN, BillingCountryCode=US, BillingLatitude=null, BillingLongitude=null, BillingGeocodeAccuracy=null, ShippingStreet=11095 Viking Drive, ShippingCity=Eden Prairie, ShippingState=Minnesota, ShippingPostalCode=55344, ShippingCountry=United States, ShippingStateCode=MN, ShippingCountryCode=US, ShippingLatitude=null, ShippingLongitude=null, ShippingGeocodeAccuracy=null, Name=Q-Wren - Test Pricebook 2-2026-06-15, PoDate=null, PoNumber=null, OrderReferenceNumber=null, BillToContactId=003WC00000nc6g5YAA, ShipToContactId=003WC00000nc6g5YAA, ActivatedDate=null, ActivatedById=null, StatusCode=Draft, CurrencyIsoCode=USD, LegalEntityId=0fwWC000000034LYAQ, OrderedDate=null, BillingEmailAddress=null, BillingPhoneNumber=null, RelatedOrderId=null, OrderNumber=00095503, TotalAmount=94256.4875, TotalTaxAmount=0.0, GrandTotalAmount=94256.4875, TotalAdjustedProductAmount=0.0, TotalAdjustedDeliveryAmount=0.0, TotalProductAdjDistAmount=0.0, TotalDeliveryAdjDistAmount=0.0, TotalAdjustedProductTaxAmount=0.0, TotalAdjustedDeliveryTaxAmount=0.0, TotalProductAdjDistTaxAmount=0.0, TotalDeliveryAdjDistTaxAmount=0.0, TotalAdjProductAmtWithTax=0.0, TotalAdjDeliveryAmtWithTax=0.0, TotalProductAdjDistAmtWithTax=0.0, TotalDeliveryAdjDistAmtWithTax=0.0, PaymentTermId=2OXWC0000000Vs34AE, LastPricedDate=null, FulfillmentPlanId=null, CalculationStatus=Saving, OrchestrationSbmsStatus=null, OriginalActionType=null, ValidationResult=null, AdjustmentDistributionLogic=null, AppliedDiscountAmount=null, AppliedDiscount=null, TotalAmountOverride=null, SalesTransactionTypeId=null, PricingContractId=null, RelatedOrderType=null, TransactionType=Fortra_Advanced_Pricing, CreatedDate=2026-06-15 14:12:45, CreatedById=005a500001SfRd7AAF, LastModifiedDate=2026-06-15 17:37:38, LastModifiedById=005WC00000MgTN2YAN, IsDeleted=false, SystemModstamp=2026-06-15 17:37:38, LastViewedDate=null, LastReferencedDate=null, TotalRoundedLineAmount=null, DiscountPercent=null, Workday_Contract_ID__c=801WC00000knHDLYA2, Workday_ID__c=null, Workday_Sync_Correlation_Id__c=null, Workday_Sync_Message__c=null, Workday_Sync_Payload__c=null, QuoteTypeText__c=New, Legacy_Id__c=null, Bill_To_Place__c=a0lWC000004cO79YAE, Hubspot_Overall_Status__c=Overall Success, Ship_To_Place__c=a0lWC000004cO79YAE, Order_NARR__c=null, Source_Opportunity_Id__c=006WC00000R3zVx, Source_Order_Id__c=null, Bill_To_Account__c=001WC00000XiZP4YAN, Bill_To_Address__c=a0lWC000004cO79YAE, Ship_To_Account__c=001WC00000XiZP4YAN, Ship_To_Address__c=a0lWC000004cO79YAE, Clawback_Repaid_Date__c=null, Commission_Date__c=null, Contract_Start_Date__c=null, Currency_Locked__c=false, MSYears__c=null, New_Licenses__c=null, New_Maintenance__c=null, New_Pro_Services__c=null, Partner_Account__c=null, Reseller_PO__c=null, Sales_Rep__c=null, Source_Quote_Currency__c=USD, gsOrderID__c=null, gsShipDate__c=null, Order_Displaced_ARR__c=0.0, VAT_Number__c=null, DoNotInvoicePS__c=false, IsDR__c=false, IsNotificationSent__c=false, IsRenewal__c=false, IsTAM__c=null, Is_Reversed__c=false, New_SaaSEftCloud__c=null, Total_List_Price__c=null, Account_Specialist__c=null, Billing_Day_of_Month__c=null, Customer_Success_Manager__c=null, Date_Fulfilled__c=null, Deal_Origin__c=null, Disable_Export_Control__c=false, Enterprise_Representative__c=null, HARP_Contact__c=null, Invoice_Contact_2__c=null, Invoice_Contact__c=null, License_Key_Contact__c=null, ShowHide_Discounts__c=null, Solutions_Engineer__c=null, Total_Discount_Amount__c=0.0, PO_Sync_Correlation_Id__c=null, PO_Sync_Message__c=null, PO_Sync_Payload__c=null, PO_Sync_Status__c=Pending, PO_URL__c=null, ALE__c=null, AWS_Marketplace_Agreement_ID__c=null, AWS_Marketplace_Offer_ID__c=null, Account_NameText__c=Fortra, LLC - Test, Billing_Frequency__c=null, Contact__c=null, Cross_Sale_Type__c=null, Cross_Sale_User__c=null, Description__c=null, Disable_Tax__c=false, DistributorReseller__c=null, Line_Items_Complete__c=false, Maintenance_Date__c=null, Mark_Inv_Migration_Change__c=false, On_Hold_Time__c=null, OrderOne__c=1.0, POC_Invoice_Contact_On_Billing_Account__c=null, Payment_Portal__c=Fortra (default), Purchasing_Agent_Account__c=null, Purchasing_Agent_Contact__c=null, RSM_2__c=null, RSM_3__c=null, RSM_4__c=null, RSM_5__c=null, RSM__c=null, Referral_Partner__c=null, Renewal_Maintenance_Quote__c=null, Renewals_Specialist__c=null, Requested_Delivery_Date__c=null, Reseller_Partner__c=null, SA__c=null, Secondary_License_Key_Contact__c=null, Share_With_AWS__c=false, SingleYearMS__c=null, Skip_Price_Calculation__c=false, Source_Campaign__c=null, Source_Quote_Id__c=null, Workday_Sync_Status__c=Pending, HS_Sync_Correlation_Id__c=null, HS_Sync_Message__c=null, HS_Sync_Payload__c=null, HS_Sync_Status__c=null, Deal_Type__c=Channel Originated, GSW__c=false, Quote_Type__c=New, Total_Services__c=null, Total_Software__c=null, Total_Subscription__c=94000.0, Order_NARR_Calculated__c=0.0, Exchange_Rate_To_USD__c=null, Legacy_Sync_Correlation_Id__c=null, Legacy_Sync_Message__c=null, Legacy_Sync_Payload__c=null, Legacy_Sync_Status__c=null, WorkdayReferenceID__c=COM003, Payment_Term_Workday_Reference_ID__c=Net_30, Order_Integration_Error_Messages__c=null, Order_and_Related_Field_Status__c=Unknown, Legacy_Discount__c=null, Workday_Contract_Type__c=Master_Contract, Legacy_Overall_Status__c=Not Overall Success, Workday_Overall_Status__c=Not Success, Contract_Number_Text__c=00069297, MyCap__c=false}
10:37:43.958 (5994010049)|FLOW_BULK_ELEMENT_LIMIT_USAGE|2 ms CPU time, total 3155 out of 15000
10:37:43.958 (5994028668)|FLOW_BULK_ELEMENT_END|FlowAssignment|Set_Workday_Sync_Status_to_Pending|0|1
10:37:43.958 (5994081550)|FLOW_ELEMENT_BEGIN|353500a6b0892dcf0982735409c119ecc44afe5-1182|FlowDecision|Set_PO_Sync_Status_to_Pending_Decision
10:37:43.958 (5994098325)|FLOW_ELEMENT_DEFERRED|FlowDecision|Set_PO_Sync_Status_to_Pending_Decision
10:37:43.958 (5994142916)|FLOW_ELEMENT_END|353500a6b0892dcf0982735409c119ecc44afe5-1182|FlowDecision|Set_PO_Sync_Status_to_Pending_Decision
10:37:43.958 (5994186428)|FLOW_BULK_ELEMENT_BEGIN|FlowDecision|Set_PO_Sync_Status_to_Pending_Decision
10:37:43.958 (5994349260)|FLOW_RULE_DETAIL|353500a6b0892dcf0982735409c119ecc44afe5-1182|No_Set_PO_Sync_Status_to_Pending_Outcome|false|false
10:37:43.958 (5994369813)|FLOW_VALUE_ASSIGNMENT|353500a6b0892dcf0982735409c119ecc44afe5-1182|No_Set_PO_Sync_Status_to_Pending_Outcome|false
10:37:43.958 (5994461014)|FLOW_BULK_ELEMENT_END|FlowDecision|Set_PO_Sync_Status_to_Pending_Decision|0|0
10:37:43.958 (5994508718)|FLOW_ELEMENT_BEGIN|353500a6b0892dcf0982735409c119ecc44afe5-1182|FlowAssignment|Set_PO_Sync_Status_to_Pending
10:37:43.958 (5994518584)|FLOW_ELEMENT_DEFERRED|FlowAssignment|Set_PO_Sync_Status_to_Pending
10:37:43.958 (5994536092)|FLOW_ELEMENT_END|353500a6b0892dcf0982735409c119ecc44afe5-1182|FlowAssignment|Set_PO_Sync_Status_to_Pending
10:37:43.958 (5994563872)|FLOW_BULK_ELEMENT_BEGIN|FlowAssignment|Set_PO_Sync_Status_to_Pending
10:37:43.958 (5994652651)|FLOW_ASSIGNMENT_DETAIL|353500a6b0892dcf0982735409c119ecc44afe5-1182|$Record.PO_Sync_Status__c|ASSIGN|Pending
10:37:43.958 (5996292355)|FLOW_VALUE_ASSIGNMENT|353500a6b0892dcf0982735409c119ecc44afe5-1182|$Record|{Id=801WC00000knHDLYA2, OwnerId=005a500001SfRd7AAF, ContractId=800WC00000SKpZJYA1, AccountId=001WC00000XiZP4YAN, Pricebook2Id=01sWC0000022GHFYA2, OriginalOrderId=null, OpportunityId=006WC00000R3zVxYAJ, QuoteId=0Q0WC0000039Vm10AE, EffectiveDate=2026-06-15 00:00:00, EndDate=null, IsReductionOrder=false, Status=Draft, Description=null, CustomerAuthorizedById=null, CustomerAuthorizedDate=null, CompanyAuthorizedById=null, CompanyAuthorizedDate=null, Type=null, BillingStreet=11095 Viking Drive, BillingCity=Eden Prairie, BillingState=Minnesota, BillingPostalCode=55344, BillingCountry=United States, BillingStateCode=MN, BillingCountryCode=US, BillingLatitude=null, BillingLongitude=null, BillingGeocodeAccuracy=null, ShippingStreet=11095 Viking Drive, ShippingCity=Eden Prairie, ShippingState=Minnesota, ShippingPostalCode=55344, ShippingCountry=United States, ShippingStateCode=MN, ShippingCountryCode=US, ShippingLatitude=null, ShippingLongitude=null, ShippingGeocodeAccuracy=null, Name=Q-Wren - Test Pricebook 2-2026-06-15, PoDate=null, PoNumber=null, OrderReferenceNumber=null, BillToContactId=003WC00000nc6g5YAA, ShipToContactId=003WC00000nc6g5YAA, ActivatedDate=null, ActivatedById=null, StatusCode=Draft, CurrencyIsoCode=USD, LegalEntityId=0fwWC000000034LYAQ, OrderedDate=null, BillingEmailAddress=null, BillingPhoneNumber=null, RelatedOrderId=null, OrderNumber=00095503, TotalAmount=94256.4875, TotalTaxAmount=0.0, GrandTotalAmount=94256.4875, TotalAdjustedProductAmount=0.0, TotalAdjustedDeliveryAmount=0.0, TotalProductAdjDistAmount=0.0, TotalDeliveryAdjDistAmount=0.0, TotalAdjustedProductTaxAmount=0.0, TotalAdjustedDeliveryTaxAmount=0.0, TotalProductAdjDistTaxAmount=0.0, TotalDeliveryAdjDistTaxAmount=0.0, TotalAdjProductAmtWithTax=0.0, TotalAdjDeliveryAmtWithTax=0.0, TotalProductAdjDistAmtWithTax=0.0, TotalDeliveryAdjDistAmtWithTax=0.0, PaymentTermId=2OXWC0000000Vs34AE, LastPricedDate=null, FulfillmentPlanId=null, CalculationStatus=Saving, OrchestrationSbmsStatus=null, OriginalActionType=null, ValidationResult=null, AdjustmentDistributionLogic=null, AppliedDiscountAmount=null, AppliedDiscount=null, TotalAmountOverride=null, SalesTransactionTypeId=null, PricingContractId=null, RelatedOrderType=null, TransactionType=Fortra_Advanced_Pricing, CreatedDate=2026-06-15 14:12:45, CreatedById=005a500001SfRd7AAF, LastModifiedDate=2026-06-15 17:37:38, LastModifiedById=005WC00000MgTN2YAN, IsDeleted=false, SystemModstamp=2026-06-15 17:37:38, LastViewedDate=null, LastReferencedDate=null, TotalRoundedLineAmount=null, DiscountPercent=null, Workday_Contract_ID__c=801WC00000knHDLYA2, Workday_ID__c=null, Workday_Sync_Correlation_Id__c=null, Workday_Sync_Message__c=null, Workday_Sync_Payload__c=null, QuoteTypeText__c=New, Legacy_Id__c=null, Bill_To_Place__c=a0lWC000004cO79YAE, Hubspot_Overall_Status__c=Overall Success, Ship_To_Place__c=a0lWC000004cO79YAE, Order_NARR__c=null, Source_Opportunity_Id__c=006WC00000R3zVx, Source_Order_Id__c=null, Bill_To_Account__c=001WC00000XiZP4YAN, Bill_To_Address__c=a0lWC000004cO79YAE, Ship_To_Account__c=001WC00000XiZP4YAN, Ship_To_Address__c=a0lWC000004cO79YAE, Clawback_Repaid_Date__c=null, Commission_Date__c=null, Contract_Start_Date__c=null, Currency_Locked__c=false, MSYears__c=null, New_Licenses__c=null, New_Maintenance__c=null, New_Pro_Services__c=null, Partner_Account__c=null, Reseller_PO__c=null, Sales_Rep__c=null, Source_Quote_Currency__c=USD, gsOrderID__c=null, gsShipDate__c=null, Order_Displaced_ARR__c=0.0, VAT_Number__c=null, DoNotInvoicePS__c=false, IsDR__c=false, IsNotificationSent__c=false, IsRenewal__c=false, IsTAM__c=null, Is_Reversed__c=false, New_SaaSEftCloud__c=null, Total_List_Price__c=null, Account_Specialist__c=null, Billing_Day_of_Month__c=null, Customer_Success_Manager__c=null, Date_Fulfilled__c=null, Deal_Origin__c=null, Disable_Export_Control__c=false, Enterprise_Representative__c=null, HARP_Contact__c=null, Invoice_Contact_2__c=null, Invoice_Contact__c=null, License_Key_Contact__c=null, ShowHide_Discounts__c=null, Solutions_Engineer__c=null, Total_Discount_Amount__c=0.0, PO_Sync_Correlation_Id__c=null, PO_Sync_Message__c=null, PO_Sync_Payload__c=null, PO_Sync_Status__c=Pending, PO_URL__c=null, ALE__c=null, AWS_Marketplace_Agreement_ID__c=null, AWS_Marketplace_Offer_ID__c=null, Account_NameText__c=Fortra, LLC - Test, Billing_Frequency__c=null, Contact__c=null, Cross_Sale_Type__c=null, Cross_Sale_User__c=null, Description__c=null, Disable_Tax__c=false, DistributorReseller__c=null, Line_Items_Complete__c=false, Maintenance_Date__c=null, Mark_Inv_Migration_Change__c=false, On_Hold_Time__c=null, OrderOne__c=1.0, POC_Invoice_Contact_On_Billing_Account__c=null, Payment_Portal__c=Fortra (default), Purchasing_Agent_Account__c=null, Purchasing_Agent_Contact__c=null, RSM_2__c=null, RSM_3__c=null, RSM_4__c=null, RSM_5__c=null, RSM__c=null, Referral_Partner__c=null, Renewal_Maintenance_Quote__c=null, Renewals_Specialist__c=null, Requested_Delivery_Date__c=null, Reseller_Partner__c=null, SA__c=null, Secondary_License_Key_Contact__c=null, Share_With_AWS__c=false, SingleYearMS__c=null, Skip_Price_Calculation__c=false, Source_Campaign__c=null, Source_Quote_Id__c=null, Workday_Sync_Status__c=Pending, HS_Sync_Correlation_Id__c=null, HS_Sync_Message__c=null, HS_Sync_Payload__c=null, HS_Sync_Status__c=null, Deal_Type__c=Channel Originated, GSW__c=false, Quote_Type__c=New, Total_Services__c=null, Total_Software__c=null, Total_Subscription__c=94000.0, Order_NARR_Calculated__c=0.0, Exchange_Rate_To_USD__c=null, Legacy_Sync_Correlation_Id__c=null, Legacy_Sync_Message__c=null, Legacy_Sync_Payload__c=null, Legacy_Sync_Status__c=null, WorkdayReferenceID__c=COM003, Payment_Term_Workday_Reference_ID__c=Net_30, Order_Integration_Error_Messages__c=null, Order_and_Related_Field_Status__c=Unknown, Legacy_Discount__c=null, Workday_Contract_Type__c=Master_Contract, Legacy_Overall_Status__c=Not Overall Success, Workday_Overall_Status__c=Not Success, Contract_Number_Text__c=00069297, MyCap__c=false}
10:37:43.958 (5996449239)|FLOW_BULK_ELEMENT_LIMIT_USAGE|2 ms CPU time, total 3157 out of 15000
10:37:43.958 (5996468466)|FLOW_BULK_ELEMENT_END|FlowAssignment|Set_PO_Sync_Status_to_Pending|0|1
10:37:43.958 (5996735864)|FLOW_START_INTERVIEWS_END|1
10:37:43.958 (5996962028)|FLOW_INTERVIEW_FINISHED|353500a6b0892dcf0982735409c119ecc44afe5-1182|Fortra &#124; Order &#124; Before Insert/Update - Sync Status
10:37:43.958 (5996989138)|FLOW_INTERVIEW_FINISHED_LIMIT_USAGE|SOQL queries: 0 out of 100
10:37:43.958 (5996995409)|FLOW_INTERVIEW_FINISHED_LIMIT_USAGE|SOQL query rows: 0 out of 50000
10:37:43.958 (5996999734)|FLOW_INTERVIEW_FINISHED_LIMIT_USAGE|SOSL queries: 0 out of 20
10:37:43.958 (5997003638)|FLOW_INTERVIEW_FINISHED_LIMIT_USAGE|DML statements: 0 out of 150
10:37:43.958 (5997007316)|FLOW_INTERVIEW_FINISHED_LIMIT_USAGE|DML rows: 0 out of 10000
10:37:43.958 (5997010767)|FLOW_INTERVIEW_FINISHED_LIMIT_USAGE|CPU time in ms: 3157 out of 15000
10:37:43.958 (5997015857)|FLOW_INTERVIEW_FINISHED_LIMIT_USAGE|Heap size in bytes: 0 out of 6000000
10:37:43.958 (5997019309)|FLOW_INTERVIEW_FINISHED_LIMIT_USAGE|Callouts: 0 out of 100
10:37:43.958 (5997022368)|FLOW_INTERVIEW_FINISHED_LIMIT_USAGE|Email invocations: 0 out of 10
10:37:43.958 (5997025156)|FLOW_INTERVIEW_FINISHED_LIMIT_USAGE|Future calls: 0 out of 50
10:37:43.958 (5997028355)|FLOW_INTERVIEW_FINISHED_LIMIT_USAGE|Jobs in queue: 0 out of 50
10:37:43.956 (5999617242)|CODE_UNIT_FINISHED|Flow:Order
10:37:43.956 (5999629519)|EXECUTION_FINISHED
10:37:44.49 (6049698110)|USER_INFO|[EXTERNAL]|005WC00000MgTN2|liam.jeong.c@fortra.com.uat|(GMT-07:00) Pacific Daylight Time (America/Los_Angeles)|GMT-07:00
10:37:44.49 (6049716285)|EXECUTION_STARTED
10:37:44.49 (6049725395)|CODE_UNIT_STARTED|[EXTERNAL]|Validation:Order:801WC00000knHDL
10:37:44.49 (6049749161)|VALIDATION_RULE|03dWC000001dRW1|Lock_Currency_At_Order_Activation
10:37:44.49 (6050075061)|VALIDATION_FORMULA|AND(
 ISCHANGED(CurrencyIsoCode),
 OR(
     ISPICKVAL(Status, 'Activated'),
     ISPICKVAL(Status, 'In Fulfillment'),
     ISPICKVAL(Status, 'Fulfilled'),
     ISPICKVAL(Status, 'Completed'),
     ISPICKVAL(Status, 'Closed')
 )
)|Status=Draft , CurrencyIsoCode=USD
10:37:44.49 (6050123316)|VALIDATION_PASS
10:37:44.49 (6050132652)|VALIDATION_RULE|03dWC000001pCD3|Order_BillToAddressAcct_Equal_OrderAcct
10:37:44.49 (6050259245)|VALIDATION_FORMULA|AND(NOT(ISBLANK(Bill_To_Address__r.Account__c)),
 Bill_To_Address__r.Account__c !=  AccountId 
)|AccountId=001WC00000XiZP4 , Bill_To_Address__r.Account__c=001WC00000XiZP4
10:37:44.49 (6050263537)|VALIDATION_PASS
10:37:44.49 (6050264663)|VALIDATION_RULE|03dWC000001pCBR|Order_BillToContactAcct_Equal_OrderAcct
10:37:44.49 (6050334005)|VALIDATION_FORMULA|AND(NOT(ISBLANK(BillToContact.AccountId)),
 BillToContact.AccountId !=  AccountId 
)|AccountId=001WC00000XiZP4 , BillToContact.AccountId=001WC00000XiZP4
10:37:44.49 (6050338001)|VALIDATION_PASS
10:37:44.49 (6050339027)|VALIDATION_RULE|03dWC000001pC9p|Order_BillToPlaceAcct_Equal_OrderAcct
10:37:44.49 (6050389969)|VALIDATION_FORMULA|AND(NOT(ISBLANK(Bill_To_Place__r.Account__c)),
 Bill_To_Place__r.Account__c !=  AccountId 
)|AccountId=001WC00000XiZP4 , Bill_To_Place__r.Account__c=001WC00000XiZP4
10:37:44.49 (6050393234)|VALIDATION_PASS
10:37:44.49 (6050394326)|VALIDATION_RULE|03dWC000001pC8D|Order_ShipToAddressAcct_Equal_OrderAcct
10:37:44.49 (6050443008)|VALIDATION_FORMULA|AND(NOT(ISBLANK(Ship_To_Address__r.Account__c)),
 Ship_To_Address__r.Account__c != AccountId
)|AccountId=001WC00000XiZP4 , Ship_To_Address__r.Account__c=001WC00000XiZP4
10:37:44.49 (6050445841)|VALIDATION_PASS
10:37:44.49 (6050446799)|VALIDATION_RULE|03dWC000001pC6b|Order_ShipToContactAcct_Equal_OrderAcct
10:37:44.49 (6050495003)|VALIDATION_FORMULA|AND(NOT(ISBLANK(ShipToContact.AccountId)),
 ShipToContact.AccountId  != AccountId
)|AccountId=001WC00000XiZP4 , ShipToContact.AccountId=001WC00000XiZP4
10:37:44.49 (6050498166)|VALIDATION_PASS
10:37:44.49 (6050499282)|VALIDATION_RULE|03dWC000001pC4z|Order_ShipToPlaceAcct_Equal_OrderAcct
10:37:44.49 (6050547859)|VALIDATION_FORMULA|AND(NOT(ISBLANK(Ship_To_Place__r.Account__c)),
 Ship_To_Place__r.Account__c != AccountId 
)|AccountId=001WC00000XiZP4 , Ship_To_Place__r.Account__c=001WC00000XiZP4
10:37:44.49 (6050550616)|VALIDATION_PASS
10:37:44.49 (6050562726)|CODE_UNIT_FINISHED|Validation:Order:801WC00000knHDL
10:37:44.49 (6050568314)|EXECUTION_FINISHED
10:37:44.112 (6112018007)|USER_INFO|[EXTERNAL]|005WC00000MgTN2|liam.jeong.c@fortra.com.uat|(GMT-07:00) Pacific Daylight Time (America/Los_Angeles)|GMT-07:00
10:37:44.112 (6112036852)|EXECUTION_STARTED
10:37:44.112 (6112046075)|CODE_UNIT_STARTED|[EXTERNAL]|Flow:Order
10:37:44.114 (6114750512)|FLOW_CREATE_INTERVIEW_BEGIN|00DWC000006eUFF|300WC00000PgHIz|301WC00000guXcg
10:37:44.114 (6114845576)|FLOW_CREATE_INTERVIEW_END|353600a6b0892dcf0982735409c119ecc44afe5-1183|Fortra &#124; Order &#124; After Update - Platform Event (Workday)
10:37:44.115 (6115533999)|FLOW_START_INTERVIEWS_BEGIN|1
10:37:44.115 (6115569008)|FLOW_START_INTERVIEW_BEGIN|353600a6b0892dcf0982735409c119ecc44afe5-1183|Fortra &#124; Order &#124; After Update - Platform Event (Workday)
10:37:44.115 (6115622918)|FLOW_START_INTERVIEW_LIMIT_USAGE|SOQL queries: 0 out of 100
10:37:44.115 (6115629023)|FLOW_START_INTERVIEW_LIMIT_USAGE|SOQL query rows: 0 out of 50000
10:37:44.115 (6115633234)|FLOW_START_INTERVIEW_LIMIT_USAGE|SOSL queries: 0 out of 20
10:37:44.115 (6115637295)|FLOW_START_INTERVIEW_LIMIT_USAGE|DML statements: 0 out of 150
10:37:44.115 (6115641268)|FLOW_START_INTERVIEW_LIMIT_USAGE|DML rows: 0 out of 10000
10:37:44.115 (6115645460)|FLOW_START_INTERVIEW_LIMIT_USAGE|CPU time in ms: 3180 out of 15000
10:37:44.115 (6115655582)|FLOW_START_INTERVIEW_LIMIT_USAGE|Heap size in bytes: 0 out of 6000000
10:37:44.115 (6115659686)|FLOW_START_INTERVIEW_LIMIT_USAGE|Callouts: 0 out of 100
10:37:44.115 (6115663479)|FLOW_START_INTERVIEW_LIMIT_USAGE|Email invocations: 0 out of 10
10:37:44.115 (6115667155)|FLOW_START_INTERVIEW_LIMIT_USAGE|Future calls: 0 out of 50
10:37:44.115 (6115670668)|FLOW_START_INTERVIEW_LIMIT_USAGE|Jobs in queue: 0 out of 50
10:37:44.115 (6115673982)|FLOW_START_INTERVIEW_LIMIT_USAGE|Push notifications: 0 out of 10
10:37:44.115 (6119222930)|FLOW_VALUE_ASSIGNMENT|353600a6b0892dcf0982735409c119ecc44afe5-1183|$Record|{Id=801WC00000knHDLYA2, OwnerId=005a500001SfRd7AAF, ContractId=800WC00000SKpZJYA1, AccountId=001WC00000XiZP4YAN, Pricebook2Id=01sWC0000022GHFYA2, OriginalOrderId=null, OpportunityId=006WC00000R3zVxYAJ, QuoteId=0Q0WC0000039Vm10AE, EffectiveDate=2026-06-15 00:00:00, EndDate=null, IsReductionOrder=false, Status=Draft, Description=null, CustomerAuthorizedById=null, CustomerAuthorizedDate=null, CompanyAuthorizedById=null, CompanyAuthorizedDate=null, Type=null, BillingStreet=11095 Viking Drive, BillingCity=Eden Prairie, BillingState=Minnesota, BillingPostalCode=55344, BillingCountry=United States, BillingStateCode=MN, BillingCountryCode=US, BillingLatitude=null, BillingLongitude=null, BillingGeocodeAccuracy=null, ShippingStreet=11095 Viking Drive, ShippingCity=Eden Prairie, ShippingState=Minnesota, ShippingPostalCode=55344, ShippingCountry=United States, ShippingStateCode=MN, ShippingCountryCode=US, ShippingLatitude=null, ShippingLongitude=null, ShippingGeocodeAccuracy=null, Name=Q-Wren - Test Pricebook 2-2026-06-15, PoDate=null, PoNumber=null, OrderReferenceNumber=null, BillToContactId=003WC00000nc6g5YAA, ShipToContactId=003WC00000nc6g5YAA, ActivatedDate=null, ActivatedById=null, StatusCode=Draft, CurrencyIsoCode=USD, LegalEntityId=0fwWC000000034LYAQ, OrderedDate=null, BillingEmailAddress=null, BillingPhoneNumber=null, RelatedOrderId=null, OrderNumber=00095503, TotalAmount=94256.4875, TotalTaxAmount=0.0, GrandTotalAmount=94256.4875, TotalAdjustedProductAmount=0.0, TotalAdjustedDeliveryAmount=0.0, TotalProductAdjDistAmount=0.0, TotalDeliveryAdjDistAmount=0.0, TotalAdjustedProductTaxAmount=0.0, TotalAdjustedDeliveryTaxAmount=0.0, TotalProductAdjDistTaxAmount=0.0, TotalDeliveryAdjDistTaxAmount=0.0, TotalAdjProductAmtWithTax=0.0, TotalAdjDeliveryAmtWithTax=0.0, TotalProductAdjDistAmtWithTax=0.0, TotalDeliveryAdjDistAmtWithTax=0.0, PaymentTermId=2OXWC0000000Vs34AE, LastPricedDate=null, FulfillmentPlanId=null, CalculationStatus=Saving, OrchestrationSbmsStatus=null, OriginalActionType=null, ValidationResult=null, AdjustmentDistributionLogic=null, AppliedDiscountAmount=null, AppliedDiscount=null, TotalAmountOverride=null, SalesTransactionTypeId=null, PricingContractId=null, RelatedOrderType=null, TransactionType=Fortra_Advanced_Pricing, CreatedDate=2026-06-15 14:12:45, CreatedById=005a500001SfRd7AAF, LastModifiedDate=2026-06-15 17:37:44, LastModifiedById=005WC00000MgTN2YAN, IsDeleted=false, SystemModstamp=2026-06-15 17:37:44, LastViewedDate=null, LastReferencedDate=null, TotalRoundedLineAmount=null, DiscountPercent=null, Workday_Contract_ID__c=801WC00000knHDLYA2, Workday_ID__c=null, Workday_Sync_Correlation_Id__c=null, Workday_Sync_Message__c=null, Workday_Sync_Payload__c=null, QuoteTypeText__c=New, Legacy_Id__c=null, Bill_To_Place__c=a0lWC000004cO79YAE, Hubspot_Overall_Status__c=Overall Success, Ship_To_Place__c=a0lWC000004cO79YAE, Order_NARR__c=null, Source_Opportunity_Id__c=006WC00000R3zVx, Source_Order_Id__c=null, Bill_To_Account__c=001WC00000XiZP4YAN, Bill_To_Address__c=a0lWC000004cO79YAE, Ship_To_Account__c=001WC00000XiZP4YAN, Ship_To_Address__c=a0lWC000004cO79YAE, Clawback_Repaid_Date__c=null, Commission_Date__c=null, Contract_Start_Date__c=null, Currency_Locked__c=false, MSYears__c=null, New_Licenses__c=null, New_Maintenance__c=null, New_Pro_Services__c=null, Partner_Account__c=null, Reseller_PO__c=null, Sales_Rep__c=null, Source_Quote_Currency__c=USD, gsOrderID__c=null, gsShipDate__c=null, Order_Displaced_ARR__c=0.0, VAT_Number__c=null, DoNotInvoicePS__c=false, IsDR__c=false, IsNotificationSent__c=false, IsRenewal__c=false, IsTAM__c=null, Is_Reversed__c=false, New_SaaSEftCloud__c=null, Total_List_Price__c=null, Account_Specialist__c=null, Billing_Day_of_Month__c=null, Customer_Success_Manager__c=null, Date_Fulfilled__c=null, Deal_Origin__c=null, Disable_Export_Control__c=false, Enterprise_Representative__c=null, HARP_Contact__c=null, Invoice_Contact_2__c=null, Invoice_Contact__c=null, License_Key_Contact__c=null, ShowHide_Discounts__c=null, Solutions_Engineer__c=null, Total_Discount_Amount__c=0.0, PO_Sync_Correlation_Id__c=null, PO_Sync_Message__c=null, PO_Sync_Payload__c=null, PO_Sync_Status__c=Pending, PO_URL__c=null, ALE__c=null, AWS_Marketplace_Agreement_ID__c=null, AWS_Marketplace_Offer_ID__c=null, Account_NameText__c=Fortra, LLC - Test, Billing_Frequency__c=null, Contact__c=null, Cross_Sale_Type__c=null, Cross_Sale_User__c=null, Description__c=null, Disable_Tax__c=false, DistributorReseller__c=null, Line_Items_Complete__c=false, Maintenance_Date__c=null, Mark_Inv_Migration_Change__c=false, On_Hold_Time__c=null, OrderOne__c=1.0, POC_Invoice_Contact_On_Billing_Account__c=null, Payment_Portal__c=Fortra (default), Purchasing_Agent_Account__c=null, Purchasing_Agent_Contact__c=null, RSM_2__c=null, RSM_3__c=null, RSM_4__c=null, RSM_5__c=null, RSM__c=null, Referral_Partner__c=null, Renewal_Maintenance_Quote__c=null, Renewals_Specialist__c=null, Requested_Delivery_Date__c=null, Reseller_Partner__c=null, SA__c=null, Secondary_License_Key_Contact__c=null, Share_With_AWS__c=false, SingleYearMS__c=null, Skip_Price_Calculation__c=false, Source_Campaign__c=null, Source_Quote_Id__c=null, Workday_Sync_Status__c=Pending, HS_Sync_Correlation_Id__c=null, HS_Sync_Message__c=null, HS_Sync_Payload__c=null, HS_Sync_Status__c=null, Deal_Type__c=Channel Originated, GSW__c=false, Quote_Type__c=New, Total_Services__c=null, Total_Software__c=null, Total_Subscription__c=94000.0, Order_NARR_Calculated__c=0.0, Exchange_Rate_To_USD__c=null, Legacy_Sync_Correlation_Id__c=null, Legacy_Sync_Message__c=null, Legacy_Sync_Payload__c=null, Legacy_Sync_Status__c=null, WorkdayReferenceID__c=COM003, Payment_Term_Workday_Reference_ID__c=Net_30, Order_Integration_Error_Messages__c=null, Order_and_Related_Field_Status__c=Unknown, Legacy_Discount__c=null, Workday_Contract_Type__c=Master_Contract, Legacy_Overall_Status__c=Not Overall Success, Workday_Overall_Status__c=Not Success, Contract_Number_Text__c=00069297, MyCap__c=false}
10:37:44.115 (6119436588)|FLOW_ELEMENT_BEGIN|353600a6b0892dcf0982735409c119ecc44afe5-1183|FlowDecision|Order_Completed_Decision
10:37:44.115 (6119473667)|FLOW_ELEMENT_DEFERRED|FlowDecision|Order_Completed_Decision
10:37:44.115 (6119535982)|FLOW_ELEMENT_LIMIT_USAGE|4 ms CPU time, total 3184 out of 15000
10:37:44.115 (6119549876)|FLOW_ELEMENT_END|353600a6b0892dcf0982735409c119ecc44afe5-1183|FlowDecision|Order_Completed_Decision
10:37:44.115 (6120297269)|FLOW_START_INTERVIEW_END|353600a6b0892dcf0982735409c119ecc44afe5-1183|Fortra &#124; Order &#124; After Update - Platform Event (Workday)
10:37:44.115 (6120373457)|FLOW_BULK_ELEMENT_BEGIN|FlowDecision|Order_Completed_Decision
10:37:44.115 (6120576946)|FLOW_RULE_DETAIL|353600a6b0892dcf0982735409c119ecc44afe5-1183|Yes_Order_Completed_Outcome|false|false
10:37:44.115 (6120605789)|FLOW_VALUE_ASSIGNMENT|353600a6b0892dcf0982735409c119ecc44afe5-1183|Yes_Order_Completed_Outcome|false
10:37:44.115 (6120772071)|FLOW_BULK_ELEMENT_END|FlowDecision|Order_Completed_Decision|0|0
10:37:44.115 (6120818666)|FLOW_ELEMENT_BEGIN|353600a6b0892dcf0982735409c119ecc44afe5-1183|FlowDecision|Order_Complete_and_WD_Status_is_Success_Decision
10:37:44.115 (6120830526)|FLOW_ELEMENT_DEFERRED|FlowDecision|Order_Complete_and_WD_Status_is_Success_Decision
10:37:44.115 (6120848522)|FLOW_ELEMENT_END|353600a6b0892dcf0982735409c119ecc44afe5-1183|FlowDecision|Order_Complete_and_WD_Status_is_Success_Decision
10:37:44.115 (6120870945)|FLOW_BULK_ELEMENT_BEGIN|FlowDecision|Order_Complete_and_WD_Status_is_Success_Decision
10:37:44.115 (6120927774)|FLOW_RULE_DETAIL|353600a6b0892dcf0982735409c119ecc44afe5-1183|Yes_Order_Complete_and_WD_Status_is_Success_Outcome|false|false
10:37:44.115 (6120940608)|FLOW_VALUE_ASSIGNMENT|353600a6b0892dcf0982735409c119ecc44afe5-1183|Yes_Order_Complete_and_WD_Status_is_Success_Outcome|false
10:37:44.115 (6120999793)|FLOW_BULK_ELEMENT_END|FlowDecision|Order_Complete_and_WD_Status_is_Success_Decision|0|0
10:37:44.115 (6121016670)|FLOW_ELEMENT_BEGIN|353600a6b0892dcf0982735409c119ecc44afe5-1183|FlowDecision|PO_URL_Changed_Decision
10:37:44.115 (6121023966)|FLOW_ELEMENT_DEFERRED|FlowDecision|PO_URL_Changed_Decision
10:37:44.115 (6121039376)|FLOW_ELEMENT_LIMIT_USAGE|1 ms CPU time, total 3185 out of 15000
10:37:44.115 (6121042633)|FLOW_ELEMENT_END|353600a6b0892dcf0982735409c119ecc44afe5-1183|FlowDecision|PO_URL_Changed_Decision
10:37:44.115 (6121056933)|FLOW_BULK_ELEMENT_BEGIN|FlowDecision|PO_URL_Changed_Decision
10:37:44.115 (6121150394)|FLOW_RULE_DETAIL|353600a6b0892dcf0982735409c119ecc44afe5-1183|Yes_PO_URL_Changed_Outcome|false|false
10:37:44.115 (6121165980)|FLOW_VALUE_ASSIGNMENT|353600a6b0892dcf0982735409c119ecc44afe5-1183|Yes_PO_URL_Changed_Outcome|false
10:37:44.115 (6121256133)|FLOW_BULK_ELEMENT_END|FlowDecision|PO_URL_Changed_Decision|0|0
10:37:44.115 (6121436381)|FLOW_START_INTERVIEWS_END|1
10:37:44.115 (6121642002)|FLOW_INTERVIEW_FINISHED|353600a6b0892dcf0982735409c119ecc44afe5-1183|Fortra &#124; Order &#124; After Update - Platform Event (Workday)
10:37:44.115 (6121669394)|FLOW_INTERVIEW_FINISHED_LIMIT_USAGE|SOQL queries: 0 out of 100
10:37:44.115 (6121673852)|FLOW_INTERVIEW_FINISHED_LIMIT_USAGE|SOQL query rows: 0 out of 50000
10:37:44.115 (6121677384)|FLOW_INTERVIEW_FINISHED_LIMIT_USAGE|SOSL queries: 0 out of 20
10:37:44.115 (6121680952)|FLOW_INTERVIEW_FINISHED_LIMIT_USAGE|DML statements: 0 out of 150
10:37:44.115 (6121684174)|FLOW_INTERVIEW_FINISHED_LIMIT_USAGE|DML rows: 0 out of 10000
10:37:44.115 (6121688177)|FLOW_INTERVIEW_FINISHED_LIMIT_USAGE|CPU time in ms: 3185 out of 15000
10:37:44.115 (6121693278)|FLOW_INTERVIEW_FINISHED_LIMIT_USAGE|Heap size in bytes: 0 out of 6000000
10:37:44.115 (6121696897)|FLOW_INTERVIEW_FINISHED_LIMIT_USAGE|Callouts: 0 out of 100
10:37:44.115 (6121700242)|FLOW_INTERVIEW_FINISHED_LIMIT_USAGE|Email invocations: 0 out of 10
10:37:44.115 (6121703038)|FLOW_INTERVIEW_FINISHED_LIMIT_USAGE|Future calls: 0 out of 50
10:37:44.115 (6121706082)|FLOW_INTERVIEW_FINISHED_LIMIT_USAGE|Jobs in queue: 0 out of 50
10:37:44.112 (6123326009)|CODE_UNIT_FINISHED|Flow:Order
10:37:44.112 (6123338291)|EXECUTION_FINISHED
10:37:44.125 (6125295949)|USER_INFO|[EXTERNAL]|005WC00000MgTN2|liam.jeong.c@fortra.com.uat|(GMT-07:00) Pacific Daylight Time (America/Los_Angeles)|GMT-07:00
10:37:44.125 (6125315025)|EXECUTION_STARTED
10:37:44.125 (6125321891)|CODE_UNIT_STARTED|[EXTERNAL]|Flow:Order
10:37:44.125 (6125434614)|CODE_UNIT_FINISHED|Flow:Order
10:37:44.125 (6125439854)|EXECUTION_FINISHED
10:37:44.168 (6168945859)|USER_INFO|[EXTERNAL]|005WC00000MgTN2|liam.jeong.c@fortra.com.uat|(GMT-07:00) Pacific Daylight Time (America/Los_Angeles)|GMT-07:00
10:37:44.168 (6168966358)|EXECUTION_STARTED
10:37:44.168 (6168975018)|CODE_UNIT_STARTED|[EXTERNAL]|Flow:OrderItem
10:37:44.170 (6170122348)|FLOW_CREATE_INTERVIEW_BEGIN|00DWC000006eUFF|300WC00000Qqd9Z|301WC00000kVmuE
10:37:44.170 (6170193432)|FLOW_CREATE_INTERVIEW_END|353700a6b0892dcf0982735409c119ecc44afe5-1184|Fortra &#124; OrderItem &#124; Set Dates
10:37:44.170 (6170197886)|FLOW_CREATE_INTERVIEW_END|353800a6b0892dcf0982735409c119ecc44afe5-1185|Fortra &#124; OrderItem &#124; Set Dates
10:37:44.170 (6170200396)|FLOW_CREATE_INTERVIEW_END|353900a6b0892dcf0982735409c119ecc44afe5-1186|Fortra &#124; OrderItem &#124; Set Dates
10:37:44.170 (6170995370)|FLOW_START_INTERVIEWS_BEGIN|3
10:37:44.170 (6171027006)|FLOW_START_INTERVIEW_BEGIN|353700a6b0892dcf0982735409c119ecc44afe5-1184|Fortra &#124; OrderItem &#124; Set Dates
10:37:44.170 (6171075522)|FLOW_START_INTERVIEW_LIMIT_USAGE|SOQL queries: 0 out of 100
10:37:44.170 (6171081735)|FLOW_START_INTERVIEW_LIMIT_USAGE|SOQL query rows: 0 out of 50000
10:37:44.170 (6171085883)|FLOW_START_INTERVIEW_LIMIT_USAGE|SOSL queries: 0 out of 20
10:37:44.170 (6171090141)|FLOW_START_INTERVIEW_LIMIT_USAGE|DML statements: 0 out of 150
10:37:44.170 (6171094078)|FLOW_START_INTERVIEW_LIMIT_USAGE|DML rows: 0 out of 10000
10:37:44.170 (6171097890)|FLOW_START_INTERVIEW_LIMIT_USAGE|CPU time in ms: 3205 out of 15000
10:37:44.170 (6171107031)|FLOW_START_INTERVIEW_LIMIT_USAGE|Heap size in bytes: 0 out of 6000000
10:37:44.170 (6171111424)|FLOW_START_INTERVIEW_LIMIT_USAGE|Callouts: 0 out of 100
10:37:44.170 (6171115199)|FLOW_START_INTERVIEW_LIMIT_USAGE|Email invocations: 0 out of 10
10:37:44.170 (6171118579)|FLOW_START_INTERVIEW_LIMIT_USAGE|Future calls: 0 out of 50
10:37:44.170 (6171122032)|FLOW_START_INTERVIEW_LIMIT_USAGE|Jobs in queue: 0 out of 50
10:37:44.170 (6171125421)|FLOW_START_INTERVIEW_LIMIT_USAGE|Push notifications: 0 out of 10
10:37:44.170 (6188575981)|FLOW_VALUE_ASSIGNMENT|353700a6b0892dcf0982735409c119ecc44afe5-1184|$Record|{Id=802WC00000OpopoYAB, Product2Id=01tWC00000DD11JYAT, IsDeleted=false, OrderId=801WC00000knHDLYA2, PricebookEntryId=01uWC000005wrrDYAQ, OriginalOrderItemId=null, QuoteLineItemId=0QLWC000003ehSj4AI, AvailableQuantity=1.0, Quantity=1.0, CurrencyIsoCode=USD, UnitPrice=94000.0, ListPrice=94000.0, TotalPrice=94000.0, BillingReference2=null, ServiceDate=2026-06-15 00:00:00, ServiceTime=00:00:00.000Z, ServiceDateTime=null, EndDate=null, EndTime=null, EndDateTime=null, ServiceEndTimeZone=GMT, Description=null, TotalLineAmount=94000.0, TotalAdjustmentAmount=0.0, TotalLineAdjustmentAmount=0.0, TotalAdjustmentDistAmount=0.0, TotalAdjustmentTaxAmount=0.0, TotalLineAdjustmentTaxAmount=0.0, TotalAdjustmentDistTaxAmount=0.0, TotalLineTaxAmount=0.0, TotalTaxAmount=0.0, RoundedLineAmount=94000.0, AdjustedLineAmount=94000.0, TotalAdjustedLineTaxAmount=0.0, RoundedLineAmtWithTax=94000.0, TotalAdjustmentAmtWithTax=0.0, AdjustedLineAmtWithTax=94000.0, TotalLineAdjustmentAmtWithTax=0.0, TotalAdjustmentDistAmtWithTax=0.0, TotalAmtWithTax=94000.0, OrderDeliveryGroupId=null, RelatedOrderItemId=null, Type=null, TypeCode=null, TaxTreatmentId=null, LegalEntityId=0fwWC000000034LYAQ, BillingTreatmentId=null, ProductSellingModelId=0jPWC000000060b2AA, OrderActionId=8OAWC000002SOpS4AW, ProrationPolicyId=0mua50000004KzRAAU, PeriodBoundary=Anniversary, PeriodBoundaryStartMonth=null, PeriodBoundaryDay=null, PricingTermCount=null, NetUnitPrice=94000.0, BillingFrequency2=Annual, ParentOrderItemId=null, Status=null, LineNumber=1, CreatedDate=2026-06-15 14:12:47, CreatedById=005a500001SfRd7AAF, LastModifiedDate=2026-06-15 14:29:38, LastModifiedById=005a500001SfRd7AAF, SystemModstamp=2026-06-15 14:29:38, OrderItemNumber=0000564381, PriceWaterfallIdentifier=802WC00000OpopoYAB:149295898650024, StartQuantity=0.0, EndQuantity=1.0, NetTotalPrice=94000.0, Discount=null, DiscountAmount=null, PartnerDiscountPercent=null, PartnerUnitPrice=null, ValidationResult=null, EarliestEstimatedDeliveryDate=null, LatestEstimatedDeliveryDate=null, EarliestEstimatedDeliveryTime=null, LatestEstimatedDeliveryTime=null, EstimatedDeliveryReference=null, EstimatedDeliveryTimeZone=null, CustomProductName=null, SubscriptionTerm=1, OrderItemGroupId=null, SegmentIdentifier=null, SegmentType=null, SegmentName=null, IsPrimarySegment=false, OrderItemRecipientId=null, RampIdentifier=null, QuantityUnitOfMeasureId=null, UnitPriceUplift=null, BindingInstanceTargetId=null, PricingContractId=null, RevenueCloudPackagingFlag=CP, IsOrderItemLocked=false, RelatedChangeIdentifier=null, SupplementalChangeType=null, AggregatedQuantity=1.0, BatchIdentifier=null, DoesAutomaticallyRenew=false, Margin=null, MarginAmount=null, UnitCost=null, TotalCost=null, TotalAdjustment=null, TotalMargin=null, TotalMarginAmount=null, PriceRevisionPolicyId=null, ReplacementGroupId=null, Currency__c=USD, Workday_Sync_Correlation_Id__c=null, Workday_Sync_Message__c=null, Workday_Sync_Payload__c=null, Workday_Sync_Status__c=null, Multiple_Element_Rev_Alloc_Value__c=false, Workday_Revenue_Category__c=null, Billing_Schedule_From_Date__c=2026-06-15 00:00:00, Billing_Schedule_To_Date__c=2027-06-14 00:00:00, Custom_Product_Name__c=null, Ship_To_Address__c=null, Legacy_Id__c=null, DoNotExpand__c=false, Royalty_Amount__c=null, Exchange_Rate_To_USD__c=null, gsOrderDetailID__c=null, gsOrderID__c=null, Asset__c=null, Entitlement__c=null, Feature_Code__c=null, Freight_Terms__c=null, GSA__c=false, Hardware_ID__c=null, Hardware__c=null, Hostname__c=null, Instances__c=null, Is_Term__c=false, COLA_Uplift_Percent__c=null, End_Date_Calculated__c=2027-06-14 00:00:00, Legacy_Source__c=null, MSP_End_User__c=null, MYCAP__c=false, Maintenance_Discount_Percent__c=null, Manual_Discount__c=null, Migration_Change__c=null, Model__c=null, Number_of_Processors__c=null, Order_Is_Price_Locked__c=false, Override_Discount_Amount__c=null, Override_Discount_Percentage__c=null, Partition__c=null, Partner_Discount_Type__c=null, Price_Overriden__c=false, Prior_Feature_Code__c=null, Prior_Group_Number__c=null, Prior_Model__c=null, Prior_Number_of_Processors__c=null, Prior_Serial_Number__c=null, Product_Sale_Type__c=null, Product_type__c=null, Quantity_Back_Ordered__c=null, Quantity_Shipped__c=null, RSM_Discount_Percent__c=null, RSM__c=null, Requested_Delivery_Date__c=null, Sales_Support_Notes__c=null, Sequence_Number__c=null, Server_Type_Discount_Percent__c=null, Skip_Price_Calculation__c=false, Swap__c=false, System_Type__c=null, Tax_Code__c=null, Units__c=null, Uplift_Percent__c=null, Version_Number__c=null, Fortra_Product_Type__c=Subscription, Year_After_StartDate__c=false, Two_Years_After_Start_Date__c=false, Order_Line_ARR__c=null, Base_Price__c=null, Displaced_ARR__c=null, Is_Split_Line__c=false, Original_Order_Item__c=null, Partition_Record__c=null, Quote_Legal_Entity__c=Fortra, LLC*, Serial_Number__c=null, AllowRegionalPricing__c=false, Attribute_Multiplier_Pct__c=null, Attribute_Price_Mode__c=null, COLACalculatedPrice__c=null, Has_Attribute_Adjustment__c=false, RegionalNetUnitPrice__c=null, Quote_Line_Discount_Reason__c=null, Billing_Frequency__c=Yearly_Billing_Template, Order_Line_NARR_Calculated__c=0.0, Workday_Contract_Line_Reference_ID__c=null, LPAR_Number__c=null, LPAR_System_Name__c=null, Workday_Contract_Line_Type__c=FIXED AMOUNT, Start_Date_Calculated__c=2026-06-15 00:00:00, LegacyQuoteLineDiscount__c=null, LIC_Fair_Value_Amount__c=null, MAINT_Fair_Value_Amount__c=null, Source_List_Price__c=null, Prior_Discretionary_Discount__c=null, Prior_Partner_Discount__c=null, NetTotalPrice_Calculated__c=94000.0}
10:37:44.170 (6188731146)|FLOW_ELEMENT_BEGIN|353700a6b0892dcf0982735409c119ecc44afe5-1184|FlowDecision|Perpetual
10:37:44.170 (6188758113)|FLOW_ELEMENT_DEFERRED|FlowDecision|Perpetual
10:37:44.170 (6188814636)|FLOW_ELEMENT_LIMIT_USAGE|10 ms CPU time, total 3215 out of 15000
10:37:44.170 (6188821451)|FLOW_ELEMENT_END|353700a6b0892dcf0982735409c119ecc44afe5-1184|FlowDecision|Perpetual
10:37:44.170 (6189460699)|FLOW_START_INTERVIEW_END|353700a6b0892dcf0982735409c119ecc44afe5-1184|Fortra &#124; OrderItem &#124; Set Dates
10:37:44.170 (6189480546)|FLOW_START_INTERVIEW_BEGIN|353800a6b0892dcf0982735409c119ecc44afe5-1185|Fortra &#124; OrderItem &#124; Set Dates
10:37:44.170 (6189515467)|FLOW_START_INTERVIEW_LIMIT_USAGE|SOQL queries: 0 out of 100
10:37:44.170 (6189520793)|FLOW_START_INTERVIEW_LIMIT_USAGE|SOQL query rows: 0 out of 50000
10:37:44.170 (6189524976)|FLOW_START_INTERVIEW_LIMIT_USAGE|SOSL queries: 0 out of 20
10:37:44.170 (6189529439)|FLOW_START_INTERVIEW_LIMIT_USAGE|DML statements: 0 out of 150
10:37:44.170 (6189533240)|FLOW_START_INTERVIEW_LIMIT_USAGE|DML rows: 0 out of 10000
10:37:44.170 (6189537409)|FLOW_START_INTERVIEW_LIMIT_USAGE|CPU time in ms: 3215 out of 15000
10:37:44.170 (6189542226)|FLOW_START_INTERVIEW_LIMIT_USAGE|Heap size in bytes: 0 out of 6000000
10:37:44.170 (6189546224)|FLOW_START_INTERVIEW_LIMIT_USAGE|Callouts: 0 out of 100
10:37:44.170 (6189549784)|FLOW_START_INTERVIEW_LIMIT_USAGE|Email invocations: 0 out of 10
10:37:44.170 (6189553190)|FLOW_START_INTERVIEW_LIMIT_USAGE|Future calls: 0 out of 50
10:37:44.170 (6189556536)|FLOW_START_INTERVIEW_LIMIT_USAGE|Jobs in queue: 0 out of 50
10:37:44.170 (6189560219)|FLOW_START_INTERVIEW_LIMIT_USAGE|Push notifications: 0 out of 10
10:37:44.170 (6191653252)|FLOW_VALUE_ASSIGNMENT|353800a6b0892dcf0982735409c119ecc44afe5-1185|$Record|{Id=802WC00000OpoppYAB, Product2Id=01tWC00000DD1btYAD, IsDeleted=false, OrderId=801WC00000knHDLYA2, PricebookEntryId=01uWC000005ws8MYAQ, OriginalOrderItemId=null, QuoteLineItemId=0QLWC000003ehR74AI, AvailableQuantity=1.0, Quantity=1.0, CurrencyIsoCode=USD, UnitPrice=301.75, ListPrice=355.0, TotalPrice=256.4875, BillingReference2=null, ServiceDate=null, ServiceTime=null, ServiceDateTime=null, EndDate=null, EndTime=null, EndDateTime=null, ServiceEndTimeZone=null, Description=Powertech Identity & Access Manager (BoKS) &#124; Standard, TotalLineAmount=301.75, TotalAdjustmentAmount=-45.2625, TotalLineAdjustmentAmount=0.0, TotalAdjustmentDistAmount=0.0, TotalAdjustmentTaxAmount=0.0, TotalLineAdjustmentTaxAmount=0.0, TotalAdjustmentDistTaxAmount=0.0, TotalLineTaxAmount=0.0, TotalTaxAmount=0.0, RoundedLineAmount=301.75, AdjustedLineAmount=256.4875, TotalAdjustedLineTaxAmount=0.0, RoundedLineAmtWithTax=301.75, TotalAdjustmentAmtWithTax=-45.2625, AdjustedLineAmtWithTax=256.4875, TotalLineAdjustmentAmtWithTax=0.0, TotalAdjustmentDistAmtWithTax=0.0, TotalAmtWithTax=256.4875, OrderDeliveryGroupId=null, RelatedOrderItemId=null, Type=null, TypeCode=null, TaxTreatmentId=null, LegalEntityId=0fwWC000000034LYAQ, BillingTreatmentId=null, ProductSellingModelId=0jPWC00000005yz2AA, OrderActionId=8OAWC000002SOpS4AW, ProrationPolicyId=null, PeriodBoundary=null, PeriodBoundaryStartMonth=null, PeriodBoundaryDay=null, PricingTermCount=0.0, NetUnitPrice=256.4875, BillingFrequency2=null, ParentOrderItemId=null, Status=null, LineNumber=2, CreatedDate=2026-06-15 14:12:47, CreatedById=005a500001SfRd7AAF, LastModifiedDate=2026-06-15 15:07:29, LastModifiedById=005WC00000MgTN2YAN, SystemModstamp=2026-06-15 15:07:29, OrderItemNumber=0000564382, PriceWaterfallIdentifier=802WC00000OpoppYAB:149295898650024, StartQuantity=0.0, EndQuantity=1.0, NetTotalPrice=256.4875, Discount=null, DiscountAmount=null, PartnerDiscountPercent=15.0, PartnerUnitPrice=301.75, ValidationResult=null, EarliestEstimatedDeliveryDate=null, LatestEstimatedDeliveryDate=null, EarliestEstimatedDeliveryTime=null, LatestEstimatedDeliveryTime=null, EstimatedDeliveryReference=null, EstimatedDeliveryTimeZone=null, CustomProductName=null, SubscriptionTerm=null, OrderItemGroupId=null, SegmentIdentifier=null, SegmentType=null, SegmentName=null, IsPrimarySegment=false, OrderItemRecipientId=null, RampIdentifier=null, QuantityUnitOfMeasureId=null, UnitPriceUplift=null, BindingInstanceTargetId=null, PricingContractId=null, RevenueCloudPackagingFlag=CP, IsOrderItemLocked=false, RelatedChangeIdentifier=null, SupplementalChangeType=null, AggregatedQuantity=1.0, BatchIdentifier=null, DoesAutomaticallyRenew=false, Margin=null, MarginAmount=null, UnitCost=null, TotalCost=null, TotalAdjustment=null, TotalMargin=null, TotalMarginAmount=null, PriceRevisionPolicyId=null, ReplacementGroupId=null, Currency__c=USD, Workday_Sync_Correlation_Id__c=null, Workday_Sync_Message__c=null, Workday_Sync_Payload__c=null, Workday_Sync_Status__c=null, Multiple_Element_Rev_Alloc_Value__c=false, Workday_Revenue_Category__c=null, Billing_Schedule_From_Date__c=2026-06-15 00:00:00, Billing_Schedule_To_Date__c=2026-06-15 00:00:00, Custom_Product_Name__c=null, Ship_To_Address__c=null, Legacy_Id__c=null, DoNotExpand__c=false, Royalty_Amount__c=null, Exchange_Rate_To_USD__c=null, gsOrderDetailID__c=null, gsOrderID__c=null, Asset__c=null, Entitlement__c=null, Feature_Code__c=null, Freight_Terms__c=null, GSA__c=false, Hardware_ID__c=null, Hardware__c=null, Hostname__c=null, Instances__c=null, Is_Term__c=false, COLA_Uplift_Percent__c=null, End_Date_Calculated__c=2026-06-15 00:00:00, Legacy_Source__c=null, MSP_End_User__c=null, MYCAP__c=false, Maintenance_Discount_Percent__c=null, Manual_Discount__c=null, Migration_Change__c=null, Model__c=null, Number_of_Processors__c=null, Order_Is_Price_Locked__c=false, Override_Discount_Amount__c=null, Override_Discount_Percentage__c=null, Partition__c=null, Partner_Discount_Type__c=null, Price_Overriden__c=false, Prior_Feature_Code__c=null, Prior_Group_Number__c=null, Prior_Model__c=null, Prior_Number_of_Processors__c=null, Prior_Serial_Number__c=null, Product_Sale_Type__c=null, Product_type__c=null, Quantity_Back_Ordered__c=null, Quantity_Shipped__c=null, RSM_Discount_Percent__c=null, RSM__c=null, Requested_Delivery_Date__c=null, Sales_Support_Notes__c=null, Sequence_Number__c=null, Server_Type_Discount_Percent__c=null, Skip_Price_Calculation__c=false, Swap__c=false, System_Type__c=null, Tax_Code__c=null, Units__c=null, Uplift_Percent__c=null, Version_Number__c=null, Fortra_Product_Type__c=Perpetual, Year_After_StartDate__c=false, Two_Years_After_Start_Date__c=false, Order_Line_ARR__c=null, Base_Price__c=null, Displaced_ARR__c=null, Is_Split_Line__c=false, Original_Order_Item__c=null, Partition_Record__c=null, Quote_Legal_Entity__c=Fortra, LLC*, Serial_Number__c=null, AllowRegionalPricing__c=false, Attribute_Multiplier_Pct__c=null, Attribute_Price_Mode__c=null, COLACalculatedPrice__c=null, Has_Attribute_Adjustment__c=false, RegionalNetUnitPrice__c=null, Quote_Line_Discount_Reason__c=null, Billing_Frequency__c=Yearly_Billing_Template, Order_Line_NARR_Calculated__c=0.0, Workday_Contract_Line_Reference_ID__c=null, LPAR_Number__c=null, LPAR_System_Name__c=null, Workday_Contract_Line_Type__c=FIXED AMOUNT, Start_Date_Calculated__c=2026-06-15 00:00:00, LegacyQuoteLineDiscount__c=null, LIC_Fair_Value_Amount__c=null, MAINT_Fair_Value_Amount__c=null, Source_List_Price__c=null, Prior_Discretionary_Discount__c=null, Prior_Partner_Discount__c=null, NetTotalPrice_Calculated__c=256.49}
10:37:44.170 (6191772142)|FLOW_ELEMENT_BEGIN|353800a6b0892dcf0982735409c119ecc44afe5-1185|FlowDecision|Perpetual
10:37:44.170 (6191792712)|FLOW_ELEMENT_DEFERRED|FlowDecision|Perpetual
10:37:44.170 (6191831436)|FLOW_ELEMENT_LIMIT_USAGE|2 ms CPU time, total 3217 out of 15000
10:37:44.170 (6191836954)|FLOW_ELEMENT_END|353800a6b0892dcf0982735409c119ecc44afe5-1185|FlowDecision|Perpetual
10:37:44.170 (6191878793)|FLOW_START_INTERVIEW_END|353800a6b0892dcf0982735409c119ecc44afe5-1185|Fortra &#124; OrderItem &#124; Set Dates
10:37:44.170 (6191890491)|FLOW_START_INTERVIEW_BEGIN|353900a6b0892dcf0982735409c119ecc44afe5-1186|Fortra &#124; OrderItem &#124; Set Dates
10:37:44.170 (6191909223)|FLOW_START_INTERVIEW_LIMIT_USAGE|SOQL queries: 0 out of 100
10:37:44.170 (6191913633)|FLOW_START_INTERVIEW_LIMIT_USAGE|SOQL query rows: 0 out of 50000
10:37:44.170 (6191917297)|FLOW_START_INTERVIEW_LIMIT_USAGE|SOSL queries: 0 out of 20
10:37:44.170 (6191921212)|FLOW_START_INTERVIEW_LIMIT_USAGE|DML statements: 0 out of 150
10:37:44.170 (6191924901)|FLOW_START_INTERVIEW_LIMIT_USAGE|DML rows: 0 out of 10000
10:37:44.170 (6191928358)|FLOW_START_INTERVIEW_LIMIT_USAGE|CPU time in ms: 3217 out of 15000
10:37:44.170 (6191932283)|FLOW_START_INTERVIEW_LIMIT_USAGE|Heap size in bytes: 0 out of 6000000
10:37:44.170 (6191935865)|FLOW_START_INTERVIEW_LIMIT_USAGE|Callouts: 0 out of 100
10:37:44.170 (6191939116)|FLOW_START_INTERVIEW_LIMIT_USAGE|Email invocations: 0 out of 10
10:37:44.170 (6191942353)|FLOW_START_INTERVIEW_LIMIT_USAGE|Future calls: 0 out of 50
10:37:44.170 (6191945672)|FLOW_START_INTERVIEW_LIMIT_USAGE|Jobs in queue: 0 out of 50
10:37:44.170 (6191949257)|FLOW_START_INTERVIEW_LIMIT_USAGE|Push notifications: 0 out of 10
10:37:44.170 (6193663778)|FLOW_VALUE_ASSIGNMENT|353900a6b0892dcf0982735409c119ecc44afe5-1186|$Record|{Id=802WC00000OpopqYAB, Product2Id=01tWC00000DD1bsYAD, IsDeleted=false, OrderId=801WC00000knHDLYA2, PricebookEntryId=01uWC000005wsbUYAQ, OriginalOrderItemId=null, QuoteLineItemId=0QLWC000003ehR84AI, AvailableQuantity=0.0, Quantity=0.0, CurrencyIsoCode=USD, UnitPrice=null, ListPrice=0.0, TotalPrice=0.0, BillingReference2=802WC00000OZLOrYAP, ServiceDate=2026-06-15 00:00:00, ServiceTime=00:00:00.000Z, ServiceDateTime=null, EndDate=null, EndTime=null, EndDateTime=null, ServiceEndTimeZone=GMT, Description=Powertech Identity & Access Manager (BoKS)-NewMaintenance &#124; Standard, TotalLineAmount=0.0, TotalAdjustmentAmount=0.0, TotalLineAdjustmentAmount=0.0, TotalAdjustmentDistAmount=0.0, TotalAdjustmentTaxAmount=0.0, TotalLineAdjustmentTaxAmount=0.0, TotalAdjustmentDistTaxAmount=0.0, TotalLineTaxAmount=0.0, TotalTaxAmount=0.0, RoundedLineAmount=0.0, AdjustedLineAmount=0.0, TotalAdjustedLineTaxAmount=0.0, RoundedLineAmtWithTax=0.0, TotalAdjustmentAmtWithTax=0.0, AdjustedLineAmtWithTax=0.0, TotalLineAdjustmentAmtWithTax=0.0, TotalAdjustmentDistAmtWithTax=0.0, TotalAmtWithTax=0.0, OrderDeliveryGroupId=null, RelatedOrderItemId=null, Type=null, TypeCode=null, TaxTreatmentId=null, LegalEntityId=0fwWC000000034LYAQ, BillingTreatmentId=1BTWC000000Mdh34AC, ProductSellingModelId=0jPWC00000005yz2AA, OrderActionId=8OAWC000002SOpR4AW, ProrationPolicyId=null, PeriodBoundary=null, PeriodBoundaryStartMonth=null, PeriodBoundaryDay=null, PricingTermCount=null, NetUnitPrice=null, BillingFrequency2=null, ParentOrderItemId=null, Status=null, LineNumber=3, CreatedDate=2026-06-15 14:12:47, CreatedById=005a500001SfRd7AAF, LastModifiedDate=2026-06-15 14:29:38, LastModifiedById=005a500001SfRd7AAF, SystemModstamp=2026-06-15 14:29:38, OrderItemNumber=0000564383, PriceWaterfallIdentifier=null, StartQuantity=1.0, EndQuantity=1.0, NetTotalPrice=0.0, Discount=null, DiscountAmount=null, PartnerDiscountPercent=12.0, PartnerUnitPrice=null, ValidationResult=null, EarliestEstimatedDeliveryDate=null, LatestEstimatedDeliveryDate=null, EarliestEstimatedDeliveryTime=null, LatestEstimatedDeliveryTime=null, EstimatedDeliveryReference=null, EstimatedDeliveryTimeZone=null, CustomProductName=Powertech Identity & Access Manager (BoKS)-NewMaintenance, SubscriptionTerm=null, OrderItemGroupId=null, SegmentIdentifier=null, SegmentType=null, SegmentName=null, IsPrimarySegment=false, OrderItemRecipientId=null, RampIdentifier=null, QuantityUnitOfMeasureId=null, UnitPriceUplift=null, BindingInstanceTargetId=null, PricingContractId=null, RevenueCloudPackagingFlag=P, IsOrderItemLocked=false, RelatedChangeIdentifier=null, SupplementalChangeType=null, AggregatedQuantity=null, BatchIdentifier=null, DoesAutomaticallyRenew=false, Margin=null, MarginAmount=null, UnitCost=null, TotalCost=null, TotalAdjustment=null, TotalMargin=null, TotalMarginAmount=null, PriceRevisionPolicyId=null, ReplacementGroupId=null, Currency__c=USD, Workday_Sync_Correlation_Id__c=null, Workday_Sync_Message__c=null, Workday_Sync_Payload__c=null, Workday_Sync_Status__c=null, Multiple_Element_Rev_Alloc_Value__c=false, Workday_Revenue_Category__c=null, Billing_Schedule_From_Date__c=2026-06-15 00:00:00, Billing_Schedule_To_Date__c=2027-06-14 00:00:00, Custom_Product_Name__c=null, Ship_To_Address__c=null, Legacy_Id__c=null, DoNotExpand__c=false, Royalty_Amount__c=null, Exchange_Rate_To_USD__c=null, gsOrderDetailID__c=null, gsOrderID__c=null, Asset__c=null, Entitlement__c=null, Feature_Code__c=null, Freight_Terms__c=null, GSA__c=false, Hardware_ID__c=null, Hardware__c=null, Hostname__c=null, Instances__c=null, Is_Term__c=false, COLA_Uplift_Percent__c=null, End_Date_Calculated__c=2027-06-14 00:00:00, Legacy_Source__c=null, MSP_End_User__c=null, MYCAP__c=false, Maintenance_Discount_Percent__c=null, Manual_Discount__c=null, Migration_Change__c=null, Model__c=null, Number_of_Processors__c=null, Order_Is_Price_Locked__c=false, Override_Discount_Amount__c=null, Override_Discount_Percentage__c=null, Partition__c=null, Partner_Discount_Type__c=null, Price_Overriden__c=false, Prior_Feature_Code__c=null, Prior_Group_Number__c=null, Prior_Model__c=null, Prior_Number_of_Processors__c=null, Prior_Serial_Number__c=null, Product_Sale_Type__c=null, Product_type__c=null, Quantity_Back_Ordered__c=null, Quantity_Shipped__c=null, RSM_Discount_Percent__c=null, RSM__c=null, Requested_Delivery_Date__c=null, Sales_Support_Notes__c=null, Sequence_Number__c=null, Server_Type_Discount_Percent__c=null, Skip_Price_Calculation__c=false, Swap__c=false, System_Type__c=null, Tax_Code__c=null, Units__c=null, Uplift_Percent__c=null, Version_Number__c=null, Fortra_Product_Type__c=New Maintenance, Year_After_StartDate__c=false, Two_Years_After_Start_Date__c=false, Order_Line_ARR__c=null, Base_Price__c=355.0, Displaced_ARR__c=null, Is_Split_Line__c=false, Original_Order_Item__c=null, Partition_Record__c=null, Quote_Legal_Entity__c=Fortra, LLC*, Serial_Number__c=null, AllowRegionalPricing__c=false, Attribute_Multiplier_Pct__c=null, Attribute_Price_Mode__c=null, COLACalculatedPrice__c=null, Has_Attribute_Adjustment__c=false, RegionalNetUnitPrice__c=null, Quote_Line_Discount_Reason__c=null, Billing_Frequency__c=Yearly_Billing_Template, Order_Line_NARR_Calculated__c=0.0, Workday_Contract_Line_Reference_ID__c=null, LPAR_Number__c=null, LPAR_System_Name__c=null, Workday_Contract_Line_Type__c=FIXED AMOUNT, Start_Date_Calculated__c=2026-06-15 00:00:00, LegacyQuoteLineDiscount__c=null, LIC_Fair_Value_Amount__c=null, MAINT_Fair_Value_Amount__c=null, Source_List_Price__c=355.0, Prior_Discretionary_Discount__c=null, Prior_Partner_Discount__c=null, NetTotalPrice_Calculated__c=0.0}
10:37:44.170 (6193763739)|FLOW_ELEMENT_BEGIN|353900a6b0892dcf0982735409c119ecc44afe5-1186|FlowDecision|Perpetual
10:37:44.170 (6193778430)|FLOW_ELEMENT_DEFERRED|FlowDecision|Perpetual
10:37:44.170 (6193809827)|FLOW_ELEMENT_LIMIT_USAGE|2 ms CPU time, total 3219 out of 15000
10:37:44.170 (6193814703)|FLOW_ELEMENT_END|353900a6b0892dcf0982735409c119ecc44afe5-1186|FlowDecision|Perpetual
10:37:44.170 (6193848137)|FLOW_START_INTERVIEW_END|353900a6b0892dcf0982735409c119ecc44afe5-1186|Fortra &#124; OrderItem &#124; Set Dates
10:37:44.170 (6193977056)|FLOW_BULK_ELEMENT_BEGIN|FlowDecision|Perpetual
10:37:44.170 (6194094604)|FLOW_RULE_DETAIL|353700a6b0892dcf0982735409c119ecc44afe5-1184|Perpetual_Outcome|false|false
10:37:44.170 (6194111951)|FLOW_VALUE_ASSIGNMENT|353700a6b0892dcf0982735409c119ecc44afe5-1184|Perpetual_Outcome|false
10:37:44.170 (6194145328)|FLOW_RULE_DETAIL|353800a6b0892dcf0982735409c119ecc44afe5-1185|Perpetual_Outcome|true|false
10:37:44.170 (6194151853)|FLOW_VALUE_ASSIGNMENT|353800a6b0892dcf0982735409c119ecc44afe5-1185|Perpetual_Outcome|true
10:37:44.170 (6194178142)|FLOW_RULE_DETAIL|353900a6b0892dcf0982735409c119ecc44afe5-1186|Perpetual_Outcome|false|false
10:37:44.170 (6194182956)|FLOW_VALUE_ASSIGNMENT|353900a6b0892dcf0982735409c119ecc44afe5-1186|Perpetual_Outcome|false
10:37:44.170 (6194300751)|FLOW_BULK_ELEMENT_END|FlowDecision|Perpetual|0|0
10:37:44.170 (6194367453)|FLOW_ELEMENT_BEGIN|353700a6b0892dcf0982735409c119ecc44afe5-1184|FlowRecordUpdate|Non_Perpetual_Set_Dates
10:37:44.170 (6194376785)|FLOW_ELEMENT_DEFERRED|FlowRecordUpdate|Non_Perpetual_Set_Dates
10:37:44.170 (6194392203)|FLOW_ELEMENT_LIMIT_USAGE|1 ms CPU time, total 3220 out of 15000
10:37:44.170 (6194395798)|FLOW_ELEMENT_END|353700a6b0892dcf0982735409c119ecc44afe5-1184|FlowRecordUpdate|Non_Perpetual_Set_Dates
10:37:44.170 (6194407183)|FLOW_ELEMENT_BEGIN|353800a6b0892dcf0982735409c119ecc44afe5-1185|FlowRecordUpdate|Perpetual_Set_Dates
10:37:44.170 (6194412895)|FLOW_ELEMENT_DEFERRED|FlowRecordUpdate|Perpetual_Set_Dates
10:37:44.170 (6194419585)|FLOW_ELEMENT_END|353800a6b0892dcf0982735409c119ecc44afe5-1185|FlowRecordUpdate|Perpetual_Set_Dates
10:37:44.170 (6194428818)|FLOW_ELEMENT_BEGIN|353900a6b0892dcf0982735409c119ecc44afe5-1186|FlowRecordUpdate|Non_Perpetual_Set_Dates
10:37:44.170 (6194433949)|FLOW_ELEMENT_DEFERRED|FlowRecordUpdate|Non_Perpetual_Set_Dates
10:37:44.170 (6194469735)|FLOW_ELEMENT_END|353900a6b0892dcf0982735409c119ecc44afe5-1186|FlowRecordUpdate|Non_Perpetual_Set_Dates
10:37:44.170 (6194530822)|FLOW_BULK_ELEMENT_BEGIN|FlowRecordUpdate|Non_Perpetual_Set_Dates
10:37:44.170 (6195828231)|FLOW_VALUE_ASSIGNMENT|353700a6b0892dcf0982735409c119ecc44afe5-1184|Non_Perpetual_Set_Dates|true
10:37:44.170 (6197154916)|FLOW_VALUE_ASSIGNMENT|353700a6b0892dcf0982735409c119ecc44afe5-1184|$Record|{Id=802WC00000OpopoYAB, Product2Id=01tWC00000DD11JYAT, IsDeleted=false, OrderId=801WC00000knHDLYA2, PricebookEntryId=01uWC000005wrrDYAQ, OriginalOrderItemId=null, QuoteLineItemId=0QLWC000003ehSj4AI, AvailableQuantity=1.0, Quantity=1.0, CurrencyIsoCode=USD, UnitPrice=94000.0, ListPrice=94000.0, TotalPrice=94000.0, BillingReference2=null, ServiceDate=2026-06-15 00:00:00, ServiceTime=00:00:00.000Z, ServiceDateTime=null, EndDate=null, EndTime=null, EndDateTime=null, ServiceEndTimeZone=GMT, Description=null, TotalLineAmount=94000.0, TotalAdjustmentAmount=0.0, TotalLineAdjustmentAmount=0.0, TotalAdjustmentDistAmount=0.0, TotalAdjustmentTaxAmount=0.0, TotalLineAdjustmentTaxAmount=0.0, TotalAdjustmentDistTaxAmount=0.0, TotalLineTaxAmount=0.0, TotalTaxAmount=0.0, RoundedLineAmount=94000.0, AdjustedLineAmount=94000.0, TotalAdjustedLineTaxAmount=0.0, RoundedLineAmtWithTax=94000.0, TotalAdjustmentAmtWithTax=0.0, AdjustedLineAmtWithTax=94000.0, TotalLineAdjustmentAmtWithTax=0.0, TotalAdjustmentDistAmtWithTax=0.0, TotalAmtWithTax=94000.0, OrderDeliveryGroupId=null, RelatedOrderItemId=null, Type=null, TypeCode=null, TaxTreatmentId=null, LegalEntityId=0fwWC000000034LYAQ, BillingTreatmentId=null, ProductSellingModelId=0jPWC000000060b2AA, OrderActionId=8OAWC000002SOpS4AW, ProrationPolicyId=0mua50000004KzRAAU, PeriodBoundary=Anniversary, PeriodBoundaryStartMonth=null, PeriodBoundaryDay=null, PricingTermCount=null, NetUnitPrice=94000.0, BillingFrequency2=Annual, ParentOrderItemId=null, Status=null, LineNumber=1, CreatedDate=2026-06-15 14:12:47, CreatedById=005a500001SfRd7AAF, LastModifiedDate=2026-06-15 14:29:38, LastModifiedById=005a500001SfRd7AAF, SystemModstamp=2026-06-15 14:29:38, OrderItemNumber=0000564381, PriceWaterfallIdentifier=802WC00000OpopoYAB:149295898650024, StartQuantity=0.0, EndQuantity=1.0, NetTotalPrice=94000.0, Discount=null, DiscountAmount=null, PartnerDiscountPercent=null, PartnerUnitPrice=null, ValidationResult=null, EarliestEstimatedDeliveryDate=null, LatestEstimatedDeliveryDate=null, EarliestEstimatedDeliveryTime=null, LatestEstimatedDeliveryTime=null, EstimatedDeliveryReference=null, EstimatedDeliveryTimeZone=null, CustomProductName=null, SubscriptionTerm=1, OrderItemGroupId=null, SegmentIdentifier=null, SegmentType=null, SegmentName=null, IsPrimarySegment=false, OrderItemRecipientId=null, RampIdentifier=null, QuantityUnitOfMeasureId=null, UnitPriceUplift=null, BindingInstanceTargetId=null, PricingContractId=null, RevenueCloudPackagingFlag=CP, IsOrderItemLocked=false, RelatedChangeIdentifier=null, SupplementalChangeType=null, AggregatedQuantity=1.0, BatchIdentifier=null, DoesAutomaticallyRenew=false, Margin=null, MarginAmount=null, UnitCost=null, TotalCost=null, TotalAdjustment=null, TotalMargin=null, TotalMarginAmount=null, PriceRevisionPolicyId=null, ReplacementGroupId=null, Currency__c=USD, Workday_Sync_Correlation_Id__c=null, Workday_Sync_Message__c=null, Workday_Sync_Payload__c=null, Workday_Sync_Status__c=null, Multiple_Element_Rev_Alloc_Value__c=false, Workday_Revenue_Category__c=null, Billing_Schedule_From_Date__c=2026-06-15 00:00:00, Billing_Schedule_To_Date__c=2027-06-14 00:00:00, Custom_Product_Name__c=null, Ship_To_Address__c=null, Legacy_Id__c=null, DoNotExpand__c=false, Royalty_Amount__c=null, Exchange_Rate_To_USD__c=null, gsOrderDetailID__c=null, gsOrderID__c=null, Asset__c=null, Entitlement__c=null, Feature_Code__c=null, Freight_Terms__c=null, GSA__c=false, Hardware_ID__c=null, Hardware__c=null, Hostname__c=null, Instances__c=null, Is_Term__c=false, COLA_Uplift_Percent__c=null, End_Date_Calculated__c=2027-06-14 00:00:00, Legacy_Source__c=null, MSP_End_User__c=null, MYCAP__c=false, Maintenance_Discount_Percent__c=null, Manual_Discount__c=null, Migration_Change__c=null, Model__c=null, Number_of_Processors__c=null, Order_Is_Price_Locked__c=false, Override_Discount_Amount__c=null, Override_Discount_Percentage__c=null, Partition__c=null, Partner_Discount_Type__c=null, Price_Overriden__c=false, Prior_Feature_Code__c=null, Prior_Group_Number__c=null, Prior_Model__c=null, Prior_Number_of_Processors__c=null, Prior_Serial_Number__c=null, Product_Sale_Type__c=null, Product_type__c=null, Quantity_Back_Ordered__c=null, Quantity_Shipped__c=null, RSM_Discount_Percent__c=null, RSM__c=null, Requested_Delivery_Date__c=null, Sales_Support_Notes__c=null, Sequence_Number__c=null, Server_Type_Discount_Percent__c=null, Skip_Price_Calculation__c=false, Swap__c=false, System_Type__c=null, Tax_Code__c=null, Units__c=null, Uplift_Percent__c=null, Version_Number__c=null, Fortra_Product_Type__c=Subscription, Year_After_StartDate__c=false, Two_Years_After_Start_Date__c=false, Order_Line_ARR__c=null, Base_Price__c=null, Displaced_ARR__c=null, Is_Split_Line__c=false, Original_Order_Item__c=null, Partition_Record__c=null, Quote_Legal_Entity__c=Fortra, LLC*, Serial_Number__c=null, AllowRegionalPricing__c=false, Attribute_Multiplier_Pct__c=null, Attribute_Price_Mode__c=null, COLACalculatedPrice__c=null, Has_Attribute_Adjustment__c=false, RegionalNetUnitPrice__c=null, Quote_Line_Discount_Reason__c=null, Billing_Frequency__c=Yearly_Billing_Template, Order_Line_NARR_Calculated__c=0.0, Workday_Contract_Line_Reference_ID__c=null, LPAR_Number__c=null, LPAR_System_Name__c=null, Workday_Contract_Line_Type__c=FIXED AMOUNT, Start_Date_Calculated__c=2026-06-15 00:00:00, LegacyQuoteLineDiscount__c=null, LIC_Fair_Value_Amount__c=null, MAINT_Fair_Value_Amount__c=null, Source_List_Price__c=null, Prior_Discretionary_Discount__c=null, Prior_Partner_Discount__c=null, NetTotalPrice_Calculated__c=94000.0}
10:37:44.170 (6197210509)|FLOW_VALUE_ASSIGNMENT|353700a6b0892dcf0982735409c119ecc44afe5-1184|Non_Perpetual_Set_Dates__CONDITIONS_RESULT|true
10:37:44.170 (6197567367)|FLOW_VALUE_ASSIGNMENT|353900a6b0892dcf0982735409c119ecc44afe5-1186|Non_Perpetual_Set_Dates|true
10:37:44.170 (6198750007)|FLOW_VALUE_ASSIGNMENT|353900a6b0892dcf0982735409c119ecc44afe5-1186|$Record|{Id=802WC00000OpopqYAB, Product2Id=01tWC00000DD1bsYAD, IsDeleted=false, OrderId=801WC00000knHDLYA2, PricebookEntryId=01uWC000005wsbUYAQ, OriginalOrderItemId=null, QuoteLineItemId=0QLWC000003ehR84AI, AvailableQuantity=0.0, Quantity=0.0, CurrencyIsoCode=USD, UnitPrice=null, ListPrice=0.0, TotalPrice=0.0, BillingReference2=802WC00000OZLOrYAP, ServiceDate=2026-06-15 00:00:00, ServiceTime=00:00:00.000Z, ServiceDateTime=null, EndDate=null, EndTime=null, EndDateTime=null, ServiceEndTimeZone=GMT, Description=Powertech Identity & Access Manager (BoKS)-NewMaintenance &#124; Standard, TotalLineAmount=0.0, TotalAdjustmentAmount=0.0, TotalLineAdjustmentAmount=0.0, TotalAdjustmentDistAmount=0.0, TotalAdjustmentTaxAmount=0.0, TotalLineAdjustmentTaxAmount=0.0, TotalAdjustmentDistTaxAmount=0.0, TotalLineTaxAmount=0.0, TotalTaxAmount=0.0, RoundedLineAmount=0.0, AdjustedLineAmount=0.0, TotalAdjustedLineTaxAmount=0.0, RoundedLineAmtWithTax=0.0, TotalAdjustmentAmtWithTax=0.0, AdjustedLineAmtWithTax=0.0, TotalLineAdjustmentAmtWithTax=0.0, TotalAdjustmentDistAmtWithTax=0.0, TotalAmtWithTax=0.0, OrderDeliveryGroupId=null, RelatedOrderItemId=null, Type=null, TypeCode=null, TaxTreatmentId=null, LegalEntityId=0fwWC000000034LYAQ, BillingTreatmentId=1BTWC000000Mdh34AC, ProductSellingModelId=0jPWC00000005yz2AA, OrderActionId=8OAWC000002SOpR4AW, ProrationPolicyId=null, PeriodBoundary=null, PeriodBoundaryStartMonth=null, PeriodBoundaryDay=null, PricingTermCount=null, NetUnitPrice=null, BillingFrequency2=null, ParentOrderItemId=null, Status=null, LineNumber=3, CreatedDate=2026-06-15 14:12:47, CreatedById=005a500001SfRd7AAF, LastModifiedDate=2026-06-15 14:29:38, LastModifiedById=005a500001SfRd7AAF, SystemModstamp=2026-06-15 14:29:38, OrderItemNumber=0000564383, PriceWaterfallIdentifier=null, StartQuantity=1.0, EndQuantity=1.0, NetTotalPrice=0.0, Discount=null, DiscountAmount=null, PartnerDiscountPercent=12.0, PartnerUnitPrice=null, ValidationResult=null, EarliestEstimatedDeliveryDate=null, LatestEstimatedDeliveryDate=null, EarliestEstimatedDeliveryTime=null, LatestEstimatedDeliveryTime=null, EstimatedDeliveryReference=null, EstimatedDeliveryTimeZone=null, CustomProductName=Powertech Identity & Access Manager (BoKS)-NewMaintenance, SubscriptionTerm=null, OrderItemGroupId=null, SegmentIdentifier=null, SegmentType=null, SegmentName=null, IsPrimarySegment=false, OrderItemRecipientId=null, RampIdentifier=null, QuantityUnitOfMeasureId=null, UnitPriceUplift=null, BindingInstanceTargetId=null, PricingContractId=null, RevenueCloudPackagingFlag=P, IsOrderItemLocked=false, RelatedChangeIdentifier=null, SupplementalChangeType=null, AggregatedQuantity=null, BatchIdentifier=null, DoesAutomaticallyRenew=false, Margin=null, MarginAmount=null, UnitCost=null, TotalCost=null, TotalAdjustment=null, TotalMargin=null, TotalMarginAmount=null, PriceRevisionPolicyId=null, ReplacementGroupId=null, Currency__c=USD, Workday_Sync_Correlation_Id__c=null, Workday_Sync_Message__c=null, Workday_Sync_Payload__c=null, Workday_Sync_Status__c=null, Multiple_Element_Rev_Alloc_Value__c=false, Workday_Revenue_Category__c=null, Billing_Schedule_From_Date__c=2026-06-15 00:00:00, Billing_Schedule_To_Date__c=2027-06-14 00:00:00, Custom_Product_Name__c=null, Ship_To_Address__c=null, Legacy_Id__c=null, DoNotExpand__c=false, Royalty_Amount__c=null, Exchange_Rate_To_USD__c=null, gsOrderDetailID__c=null, gsOrderID__c=null, Asset__c=null, Entitlement__c=null, Feature_Code__c=null, Freight_Terms__c=null, GSA__c=false, Hardware_ID__c=null, Hardware__c=null, Hostname__c=null, Instances__c=null, Is_Term__c=false, COLA_Uplift_Percent__c=null, End_Date_Calculated__c=2027-06-14 00:00:00, Legacy_Source__c=null, MSP_End_User__c=null, MYCAP__c=false, Maintenance_Discount_Percent__c=null, Manual_Discount__c=null, Migration_Change__c=null, Model__c=null, Number_of_Processors__c=null, Order_Is_Price_Locked__c=false, Override_Discount_Amount__c=null, Override_Discount_Percentage__c=null, Partition__c=null, Partner_Discount_Type__c=null, Price_Overriden__c=false, Prior_Feature_Code__c=null, Prior_Group_Number__c=null, Prior_Model__c=null, Prior_Number_of_Processors__c=null, Prior_Serial_Number__c=null, Product_Sale_Type__c=null, Product_type__c=null, Quantity_Back_Ordered__c=null, Quantity_Shipped__c=null, RSM_Discount_Percent__c=null, RSM__c=null, Requested_Delivery_Date__c=null, Sales_Support_Notes__c=null, Sequence_Number__c=null, Server_Type_Discount_Percent__c=null, Skip_Price_Calculation__c=false, Swap__c=false, System_Type__c=null, Tax_Code__c=null, Units__c=null, Uplift_Percent__c=null, Version_Number__c=null, Fortra_Product_Type__c=New Maintenance, Year_After_StartDate__c=false, Two_Years_After_Start_Date__c=false, Order_Line_ARR__c=null, Base_Price__c=355.0, Displaced_ARR__c=null, Is_Split_Line__c=false, Original_Order_Item__c=null, Partition_Record__c=null, Quote_Legal_Entity__c=Fortra, LLC*, Serial_Number__c=null, AllowRegionalPricing__c=false, Attribute_Multiplier_Pct__c=null, Attribute_Price_Mode__c=null, COLACalculatedPrice__c=null, Has_Attribute_Adjustment__c=false, RegionalNetUnitPrice__c=null, Quote_Line_Discount_Reason__c=null, Billing_Frequency__c=Yearly_Billing_Template, Order_Line_NARR_Calculated__c=0.0, Workday_Contract_Line_Reference_ID__c=null, LPAR_Number__c=null, LPAR_System_Name__c=null, Workday_Contract_Line_Type__c=FIXED AMOUNT, Start_Date_Calculated__c=2026-06-15 00:00:00, LegacyQuoteLineDiscount__c=null, LIC_Fair_Value_Amount__c=null, MAINT_Fair_Value_Amount__c=null, Source_List_Price__c=355.0, Prior_Discretionary_Discount__c=null, Prior_Partner_Discount__c=null, NetTotalPrice_Calculated__c=0.0}
10:37:44.170 (6198793918)|FLOW_VALUE_ASSIGNMENT|353900a6b0892dcf0982735409c119ecc44afe5-1186|Non_Perpetual_Set_Dates__CONDITIONS_RESULT|true
10:37:44.170 (6198920923)|FLOW_BULK_ELEMENT_LIMIT_USAGE|4 ms CPU time, total 3224 out of 15000
10:37:44.170 (6198936422)|FLOW_BULK_ELEMENT_END|FlowRecordUpdate|Non_Perpetual_Set_Dates|0|4
10:37:44.170 (6199130128)|FLOW_BULK_ELEMENT_BEGIN|FlowRecordUpdate|Perpetual_Set_Dates
10:37:44.170 (6199338892)|FLOW_VALUE_ASSIGNMENT|353800a6b0892dcf0982735409c119ecc44afe5-1185|Perpetual_Set_Dates|true
10:37:44.170 (6199343058)|FLOW_VALUE_ASSIGNMENT|353800a6b0892dcf0982735409c119ecc44afe5-1185|Perpetual_Set_Dates__CONDITIONS_RESULT|true
10:37:44.170 (6200567109)|FLOW_VALUE_ASSIGNMENT|353800a6b0892dcf0982735409c119ecc44afe5-1185|$Record|{Id=802WC00000OpoppYAB, Product2Id=01tWC00000DD1btYAD, IsDeleted=false, OrderId=801WC00000knHDLYA2, PricebookEntryId=01uWC000005ws8MYAQ, OriginalOrderItemId=null, QuoteLineItemId=0QLWC000003ehR74AI, AvailableQuantity=1.0, Quantity=1.0, CurrencyIsoCode=USD, UnitPrice=301.75, ListPrice=355.0, TotalPrice=256.4875, BillingReference2=null, ServiceDate=null, ServiceTime=null, ServiceDateTime=null, EndDate=null, EndTime=null, EndDateTime=null, ServiceEndTimeZone=null, Description=Powertech Identity & Access Manager (BoKS) &#124; Standard, TotalLineAmount=301.75, TotalAdjustmentAmount=-45.2625, TotalLineAdjustmentAmount=0.0, TotalAdjustmentDistAmount=0.0, TotalAdjustmentTaxAmount=0.0, TotalLineAdjustmentTaxAmount=0.0, TotalAdjustmentDistTaxAmount=0.0, TotalLineTaxAmount=0.0, TotalTaxAmount=0.0, RoundedLineAmount=301.75, AdjustedLineAmount=256.4875, TotalAdjustedLineTaxAmount=0.0, RoundedLineAmtWithTax=301.75, TotalAdjustmentAmtWithTax=-45.2625, AdjustedLineAmtWithTax=256.4875, TotalLineAdjustmentAmtWithTax=0.0, TotalAdjustmentDistAmtWithTax=0.0, TotalAmtWithTax=256.4875, OrderDeliveryGroupId=null, RelatedOrderItemId=null, Type=null, TypeCode=null, TaxTreatmentId=null, LegalEntityId=0fwWC000000034LYAQ, BillingTreatmentId=null, ProductSellingModelId=0jPWC00000005yz2AA, OrderActionId=8OAWC000002SOpS4AW, ProrationPolicyId=null, PeriodBoundary=null, PeriodBoundaryStartMonth=null, PeriodBoundaryDay=null, PricingTermCount=0.0, NetUnitPrice=256.4875, BillingFrequency2=null, ParentOrderItemId=null, Status=null, LineNumber=2, CreatedDate=2026-06-15 14:12:47, CreatedById=005a500001SfRd7AAF, LastModifiedDate=2026-06-15 15:07:29, LastModifiedById=005WC00000MgTN2YAN, SystemModstamp=2026-06-15 15:07:29, OrderItemNumber=0000564382, PriceWaterfallIdentifier=802WC00000OpoppYAB:149295898650024, StartQuantity=0.0, EndQuantity=1.0, NetTotalPrice=256.4875, Discount=null, DiscountAmount=null, PartnerDiscountPercent=15.0, PartnerUnitPrice=301.75, ValidationResult=null, EarliestEstimatedDeliveryDate=null, LatestEstimatedDeliveryDate=null, EarliestEstimatedDeliveryTime=null, LatestEstimatedDeliveryTime=null, EstimatedDeliveryReference=null, EstimatedDeliveryTimeZone=null, CustomProductName=null, SubscriptionTerm=null, OrderItemGroupId=null, SegmentIdentifier=null, SegmentType=null, SegmentName=null, IsPrimarySegment=false, OrderItemRecipientId=null, RampIdentifier=null, QuantityUnitOfMeasureId=null, UnitPriceUplift=null, BindingInstanceTargetId=null, PricingContractId=null, RevenueCloudPackagingFlag=CP, IsOrderItemLocked=false, RelatedChangeIdentifier=null, SupplementalChangeType=null, AggregatedQuantity=1.0, BatchIdentifier=null, DoesAutomaticallyRenew=false, Margin=null, MarginAmount=null, UnitCost=null, TotalCost=null, TotalAdjustment=null, TotalMargin=null, TotalMarginAmount=null, PriceRevisionPolicyId=null, ReplacementGroupId=null, Currency__c=USD, Workday_Sync_Correlation_Id__c=null, Workday_Sync_Message__c=null, Workday_Sync_Payload__c=null, Workday_Sync_Status__c=null, Multiple_Element_Rev_Alloc_Value__c=false, Workday_Revenue_Category__c=null, Billing_Schedule_From_Date__c=2026-06-15 00:00:00, Billing_Schedule_To_Date__c=2026-06-15 00:00:00, Custom_Product_Name__c=null, Ship_To_Address__c=null, Legacy_Id__c=null, DoNotExpand__c=false, Royalty_Amount__c=null, Exchange_Rate_To_USD__c=null, gsOrderDetailID__c=null, gsOrderID__c=null, Asset__c=null, Entitlement__c=null, Feature_Code__c=null, Freight_Terms__c=null, GSA__c=false, Hardware_ID__c=null, Hardware__c=null, Hostname__c=null, Instances__c=null, Is_Term__c=false, COLA_Uplift_Percent__c=null, End_Date_Calculated__c=2026-06-15 00:00:00, Legacy_Source__c=null, MSP_End_User__c=null, MYCAP__c=false, Maintenance_Discount_Percent__c=null, Manual_Discount__c=null, Migration_Change__c=null, Model__c=null, Number_of_Processors__c=null, Order_Is_Price_Locked__c=false, Override_Discount_Amount__c=null, Override_Discount_Percentage__c=null, Partition__c=null, Partner_Discount_Type__c=null, Price_Overriden__c=false, Prior_Feature_Code__c=null, Prior_Group_Number__c=null, Prior_Model__c=null, Prior_Number_of_Processors__c=null, Prior_Serial_Number__c=null, Product_Sale_Type__c=null, Product_type__c=null, Quantity_Back_Ordered__c=null, Quantity_Shipped__c=null, RSM_Discount_Percent__c=null, RSM__c=null, Requested_Delivery_Date__c=null, Sales_Support_Notes__c=null, Sequence_Number__c=null, Server_Type_Discount_Percent__c=null, Skip_Price_Calculation__c=false, Swap__c=false, System_Type__c=null, Tax_Code__c=null, Units__c=null, Uplift_Percent__c=null, Version_Number__c=null, Fortra_Product_Type__c=Perpetual, Year_After_StartDate__c=false, Two_Years_After_Start_Date__c=false, Order_Line_ARR__c=null, Base_Price__c=null, Displaced_ARR__c=null, Is_Split_Line__c=false, Original_Order_Item__c=null, Partition_Record__c=null, Quote_Legal_Entity__c=Fortra, LLC*, Serial_Number__c=null, AllowRegionalPricing__c=false, Attribute_Multiplier_Pct__c=null, Attribute_Price_Mode__c=null, COLACalculatedPrice__c=null, Has_Attribute_Adjustment__c=false, RegionalNetUnitPrice__c=null, Quote_Line_Discount_Reason__c=null, Billing_Frequency__c=Yearly_Billing_Template, Order_Line_NARR_Calculated__c=0.0, Workday_Contract_Line_Reference_ID__c=null, LPAR_Number__c=null, LPAR_System_Name__c=null, Workday_Contract_Line_Type__c=FIXED AMOUNT, Start_Date_Calculated__c=2026-06-15 00:00:00, LegacyQuoteLineDiscount__c=null, LIC_Fair_Value_Amount__c=null, MAINT_Fair_Value_Amount__c=null, Source_List_Price__c=null, Prior_Discretionary_Discount__c=null, Prior_Partner_Discount__c=null, NetTotalPrice_Calculated__c=256.49}
10:37:44.170 (6200709419)|FLOW_BULK_ELEMENT_LIMIT_USAGE|1 ms CPU time, total 3225 out of 15000
10:37:44.170 (6200722290)|FLOW_BULK_ELEMENT_END|FlowRecordUpdate|Perpetual_Set_Dates|0|1
10:37:44.170 (6200907782)|FLOW_START_INTERVIEWS_END|3
10:37:44.170 (6201182318)|FLOW_INTERVIEW_FINISHED|353700a6b0892dcf0982735409c119ecc44afe5-1184|Fortra &#124; OrderItem &#124; Set Dates
10:37:44.170 (6201218683)|FLOW_INTERVIEW_FINISHED_LIMIT_USAGE|SOQL queries: 0 out of 100
10:37:44.170 (6201223900)|FLOW_INTERVIEW_FINISHED_LIMIT_USAGE|SOQL query rows: 0 out of 50000
10:37:44.170 (6201227350)|FLOW_INTERVIEW_FINISHED_LIMIT_USAGE|SOSL queries: 0 out of 20
10:37:44.170 (6201230438)|FLOW_INTERVIEW_FINISHED_LIMIT_USAGE|DML statements: 0 out of 150
10:37:44.170 (6201233093)|FLOW_INTERVIEW_FINISHED_LIMIT_USAGE|DML rows: 0 out of 10000
10:37:44.170 (6201236020)|FLOW_INTERVIEW_FINISHED_LIMIT_USAGE|CPU time in ms: 3225 out of 15000
10:37:44.170 (6201241243)|FLOW_INTERVIEW_FINISHED_LIMIT_USAGE|Heap size in bytes: 0 out of 6000000
10:37:44.170 (6201244541)|FLOW_INTERVIEW_FINISHED_LIMIT_USAGE|Callouts: 0 out of 100
10:37:44.170 (6201247324)|FLOW_INTERVIEW_FINISHED_LIMIT_USAGE|Email invocations: 0 out of 10
10:37:44.170 (6201250160)|FLOW_INTERVIEW_FINISHED_LIMIT_USAGE|Future calls: 0 out of 50
10:37:44.170 (6201252820)|FLOW_INTERVIEW_FINISHED_LIMIT_USAGE|Jobs in queue: 0 out of 50
10:37:44.170 (6201256078)|FLOW_INTERVIEW_FINISHED|353800a6b0892dcf0982735409c119ecc44afe5-1185|Fortra &#124; OrderItem &#124; Set Dates
10:37:44.170 (6201260771)|FLOW_INTERVIEW_FINISHED_LIMIT_USAGE|SOQL queries: 0 out of 100
10:37:44.170 (6201263239)|FLOW_INTERVIEW_FINISHED_LIMIT_USAGE|SOQL query rows: 0 out of 50000
10:37:44.170 (6201265632)|FLOW_INTERVIEW_FINISHED_LIMIT_USAGE|SOSL queries: 0 out of 20
10:37:44.170 (6201268148)|FLOW_INTERVIEW_FINISHED_LIMIT_USAGE|DML statements: 0 out of 150
10:37:44.170 (6201270587)|FLOW_INTERVIEW_FINISHED_LIMIT_USAGE|DML rows: 0 out of 10000
10:37:44.170 (6201272941)|FLOW_INTERVIEW_FINISHED_LIMIT_USAGE|CPU time in ms: 3225 out of 15000
10:37:44.170 (6201275539)|FLOW_INTERVIEW_FINISHED_LIMIT_USAGE|Heap size in bytes: 0 out of 6000000
10:37:44.170 (6201278076)|FLOW_INTERVIEW_FINISHED_LIMIT_USAGE|Callouts: 0 out of 100
10:37:44.170 (6201280432)|FLOW_INTERVIEW_FINISHED_LIMIT_USAGE|Email invocations: 0 out of 10
10:37:44.170 (6201282687)|FLOW_INTERVIEW_FINISHED_LIMIT_USAGE|Future calls: 0 out of 50
10:37:44.170 (6201284905)|FLOW_INTERVIEW_FINISHED_LIMIT_USAGE|Jobs in queue: 0 out of 50
10:37:44.170 (6201287297)|FLOW_INTERVIEW_FINISHED|353900a6b0892dcf0982735409c119ecc44afe5-1186|Fortra &#124; OrderItem &#124; Set Dates
10:37:44.170 (6201291388)|FLOW_INTERVIEW_FINISHED_LIMIT_USAGE|SOQL queries: 0 out of 100
10:37:44.170 (6201293733)|FLOW_INTERVIEW_FINISHED_LIMIT_USAGE|SOQL query rows: 0 out of 50000
10:37:44.170 (6201295987)|FLOW_INTERVIEW_FINISHED_LIMIT_USAGE|SOSL queries: 0 out of 20
10:37:44.170 (6201298297)|FLOW_INTERVIEW_FINISHED_LIMIT_USAGE|DML statements: 0 out of 150
10:37:44.170 (6201300550)|FLOW_INTERVIEW_FINISHED_LIMIT_USAGE|DML rows: 0 out of 10000
10:37:44.170 (6201302788)|FLOW_INTERVIEW_FINISHED_LIMIT_USAGE|CPU time in ms: 3225 out of 15000
10:37:44.170 (6201305246)|FLOW_INTERVIEW_FINISHED_LIMIT_USAGE|Heap size in bytes: 0 out of 6000000
10:37:44.170 (6201307562)|FLOW_INTERVIEW_FINISHED_LIMIT_USAGE|Callouts: 0 out of 100
10:37:44.170 (6201309798)|FLOW_INTERVIEW_FINISHED_LIMIT_USAGE|Email invocations: 0 out of 10
10:37:44.170 (6201311967)|FLOW_INTERVIEW_FINISHED_LIMIT_USAGE|Future calls: 0 out of 50
10:37:44.170 (6201314267)|FLOW_INTERVIEW_FINISHED_LIMIT_USAGE|Jobs in queue: 0 out of 50
10:37:44.168 (6203117851)|CODE_UNIT_FINISHED|Flow:OrderItem
10:37:44.168 (6203128563)|EXECUTION_FINISHED
10:37:44.340 (6340268576)|USER_INFO|[EXTERNAL]|005WC00000MgTN2|liam.jeong.c@fortra.com.uat|(GMT-07:00) Pacific Daylight Time (America/Los_Angeles)|GMT-07:00
10:37:44.340 (6340292808)|EXECUTION_STARTED
10:37:44.340 (6340303658)|CODE_UNIT_STARTED|[EXTERNAL]|Flow:OrderItem
10:37:44.342 (6342264782)|FLOW_CREATE_INTERVIEW_BEGIN|00DWC000006eUFF|300WC00000RTPQ6|301WC00000jd3c3
10:37:44.342 (6342394914)|FLOW_CREATE_INTERVIEW_END|354000a6b0892dcf0982735409c119ecc44afe5-1187|(Deprecated)Fortra &#124; Autolaunched &#124; Set Workday Contract Line Type
10:37:44.342 (6342402978)|FLOW_CREATE_INTERVIEW_END|354100a6b0892dcf0982735409c119ecc44afe5-1188|(Deprecated)Fortra &#124; Autolaunched &#124; Set Workday Contract Line Type
10:37:44.342 (6342407601)|FLOW_CREATE_INTERVIEW_END|354200a6b0892dcf0982735409c119ecc44afe5-1189|(Deprecated)Fortra &#124; Autolaunched &#124; Set Workday Contract Line Type
10:37:44.343 (6343252654)|FLOW_START_INTERVIEWS_BEGIN|3
10:37:44.343 (6343319883)|FLOW_START_INTERVIEW_BEGIN|354000a6b0892dcf0982735409c119ecc44afe5-1187|(Deprecated)Fortra &#124; Autolaunched &#124; Set Workday Contract Line Type
10:37:44.343 (6343386658)|FLOW_START_INTERVIEW_LIMIT_USAGE|SOQL queries: 0 out of 100
10:37:44.343 (6343396586)|FLOW_START_INTERVIEW_LIMIT_USAGE|SOQL query rows: 0 out of 50000
10:37:44.343 (6343403990)|FLOW_START_INTERVIEW_LIMIT_USAGE|SOSL queries: 0 out of 20
10:37:44.343 (6343410720)|FLOW_START_INTERVIEW_LIMIT_USAGE|DML statements: 0 out of 150
10:37:44.343 (6343417159)|FLOW_START_INTERVIEW_LIMIT_USAGE|DML rows: 0 out of 10000
10:37:44.343 (6343424013)|FLOW_START_INTERVIEW_LIMIT_USAGE|CPU time in ms: 3271 out of 15000
10:37:44.343 (6343438243)|FLOW_START_INTERVIEW_LIMIT_USAGE|Heap size in bytes: 0 out of 6000000
10:37:44.343 (6343445201)|FLOW_START_INTERVIEW_LIMIT_USAGE|Callouts: 0 out of 100
10:37:44.343 (6343451734)|FLOW_START_INTERVIEW_LIMIT_USAGE|Email invocations: 0 out of 10
10:37:44.343 (6343457902)|FLOW_START_INTERVIEW_LIMIT_USAGE|Future calls: 0 out of 50
10:37:44.343 (6343464029)|FLOW_START_INTERVIEW_LIMIT_USAGE|Jobs in queue: 0 out of 50
10:37:44.343 (6343470253)|FLOW_START_INTERVIEW_LIMIT_USAGE|Push notifications: 0 out of 10
10:37:44.343 (6347084581)|FLOW_VALUE_ASSIGNMENT|354000a6b0892dcf0982735409c119ecc44afe5-1187|$Record|{Id=802WC00000OpopoYAB, Product2Id=01tWC00000DD11JYAT, IsDeleted=false, OrderId=801WC00000knHDLYA2, PricebookEntryId=01uWC000005wrrDYAQ, OriginalOrderItemId=null, QuoteLineItemId=0QLWC000003ehSj4AI, AvailableQuantity=1.0, Quantity=1.0, CurrencyIsoCode=USD, UnitPrice=94000.0, ListPrice=94000.0, TotalPrice=94000.0, BillingReference2=null, ServiceDate=2026-06-15 00:00:00, ServiceTime=00:00:00.000Z, ServiceDateTime=null, EndDate=null, EndTime=null, EndDateTime=null, ServiceEndTimeZone=GMT, Description=null, TotalLineAmount=94000.0, TotalAdjustmentAmount=0.0, TotalLineAdjustmentAmount=0.0, TotalAdjustmentDistAmount=0.0, TotalAdjustmentTaxAmount=0.0, TotalLineAdjustmentTaxAmount=0.0, TotalAdjustmentDistTaxAmount=0.0, TotalLineTaxAmount=0.0, TotalTaxAmount=0.0, RoundedLineAmount=94000.0, AdjustedLineAmount=94000.0, TotalAdjustedLineTaxAmount=0.0, RoundedLineAmtWithTax=94000.0, TotalAdjustmentAmtWithTax=0.0, AdjustedLineAmtWithTax=94000.0, TotalLineAdjustmentAmtWithTax=0.0, TotalAdjustmentDistAmtWithTax=0.0, TotalAmtWithTax=94000.0, OrderDeliveryGroupId=null, RelatedOrderItemId=null, Type=null, TypeCode=null, TaxTreatmentId=null, LegalEntityId=0fwWC000000034LYAQ, BillingTreatmentId=null, ProductSellingModelId=0jPWC000000060b2AA, OrderActionId=8OAWC000002SOpS4AW, ProrationPolicyId=0mua50000004KzRAAU, PeriodBoundary=Anniversary, PeriodBoundaryStartMonth=null, PeriodBoundaryDay=null, PricingTermCount=null, NetUnitPrice=94000.0, BillingFrequency2=Annual, ParentOrderItemId=null, Status=null, LineNumber=1, CreatedDate=2026-06-15 14:12:47, CreatedById=005a500001SfRd7AAF, LastModifiedDate=2026-06-15 17:37:44, LastModifiedById=005WC00000MgTN2YAN, SystemModstamp=2026-06-15 17:37:44, OrderItemNumber=0000564381, PriceWaterfallIdentifier=802WC00000OpopoYAB:149295898650024, StartQuantity=0.0, EndQuantity=1.0, NetTotalPrice=94000.0, Discount=null, DiscountAmount=null, PartnerDiscountPercent=null, PartnerUnitPrice=null, ValidationResult=null, EarliestEstimatedDeliveryDate=null, LatestEstimatedDeliveryDate=null, EarliestEstimatedDeliveryTime=null, LatestEstimatedDeliveryTime=null, EstimatedDeliveryReference=null, EstimatedDeliveryTimeZone=null, CustomProductName=null, SubscriptionTerm=1, OrderItemGroupId=null, SegmentIdentifier=null, SegmentType=null, SegmentName=null, IsPrimarySegment=false, OrderItemRecipientId=null, RampIdentifier=null, QuantityUnitOfMeasureId=null, UnitPriceUplift=null, BindingInstanceTargetId=null, PricingContractId=null, RevenueCloudPackagingFlag=CP, IsOrderItemLocked=false, RelatedChangeIdentifier=null, SupplementalChangeType=null, AggregatedQuantity=1.0, BatchIdentifier=null, DoesAutomaticallyRenew=false, Margin=null, MarginAmount=null, UnitCost=null, TotalCost=null, TotalAdjustment=null, TotalMargin=null, TotalMarginAmount=null, PriceRevisionPolicyId=null, ReplacementGroupId=null, Currency__c=USD, Workday_Sync_Correlation_Id__c=null, Workday_Sync_Message__c=null, Workday_Sync_Payload__c=null, Workday_Sync_Status__c=null, Multiple_Element_Rev_Alloc_Value__c=false, Workday_Revenue_Category__c=null, Billing_Schedule_From_Date__c=2026-06-15 00:00:00, Billing_Schedule_To_Date__c=2027-06-14 00:00:00, Custom_Product_Name__c=null, Ship_To_Address__c=null, Legacy_Id__c=null, DoNotExpand__c=false, Royalty_Amount__c=null, Exchange_Rate_To_USD__c=null, gsOrderDetailID__c=null, gsOrderID__c=null, Asset__c=null, Entitlement__c=null, Feature_Code__c=null, Freight_Terms__c=null, GSA__c=false, Hardware_ID__c=null, Hardware__c=null, Hostname__c=null, Instances__c=null, Is_Term__c=false, COLA_Uplift_Percent__c=null, End_Date_Calculated__c=2027-06-14 00:00:00, Legacy_Source__c=null, MSP_End_User__c=null, MYCAP__c=false, Maintenance_Discount_Percent__c=null, Manual_Discount__c=null, Migration_Change__c=null, Model__c=null, Number_of_Processors__c=null, Order_Is_Price_Locked__c=false, Override_Discount_Amount__c=null, Override_Discount_Percentage__c=null, Partition__c=null, Partner_Discount_Type__c=null, Price_Overriden__c=false, Prior_Feature_Code__c=null, Prior_Group_Number__c=null, Prior_Model__c=null, Prior_Number_of_Processors__c=null, Prior_Serial_Number__c=null, Product_Sale_Type__c=null, Product_type__c=null, Quantity_Back_Ordered__c=null, Quantity_Shipped__c=null, RSM_Discount_Percent__c=null, RSM__c=null, Requested_Delivery_Date__c=null, Sales_Support_Notes__c=null, Sequence_Number__c=null, Server_Type_Discount_Percent__c=null, Skip_Price_Calculation__c=false, Swap__c=false, System_Type__c=null, Tax_Code__c=null, Units__c=null, Uplift_Percent__c=null, Version_Number__c=null, Fortra_Product_Type__c=Subscription, Year_After_StartDate__c=false, Two_Years_After_Start_Date__c=false, Order_Line_ARR__c=null, Base_Price__c=null, Displaced_ARR__c=null, Is_Split_Line__c=false, Original_Order_Item__c=null, Partition_Record__c=null, Quote_Legal_Entity__c=Fortra, LLC*, Serial_Number__c=null, AllowRegionalPricing__c=false, Attribute_Multiplier_Pct__c=null, Attribute_Price_Mode__c=null, COLACalculatedPrice__c=null, Has_Attribute_Adjustment__c=false, RegionalNetUnitPrice__c=null, Quote_Line_Discount_Reason__c=null, Billing_Frequency__c=Yearly_Billing_Template, Order_Line_NARR_Calculated__c=0.0, Workday_Contract_Line_Reference_ID__c=null, LPAR_Number__c=null, LPAR_System_Name__c=null, Workday_Contract_Line_Type__c=FIXED AMOUNT, Start_Date_Calculated__c=2026-06-15 00:00:00, LegacyQuoteLineDiscount__c=null, LIC_Fair_Value_Amount__c=null, MAINT_Fair_Value_Amount__c=null, Source_List_Price__c=null, Prior_Discretionary_Discount__c=null, Prior_Partner_Discount__c=null, NetTotalPrice_Calculated__c=94000.0}
10:37:44.343 (6347288506)|FLOW_ELEMENT_BEGIN|354000a6b0892dcf0982735409c119ecc44afe5-1187|FlowDecision|Is_Services_Product
10:37:44.343 (6347321271)|FLOW_ELEMENT_DEFERRED|FlowDecision|Is_Services_Product
10:37:44.343 (6347384259)|FLOW_ELEMENT_LIMIT_USAGE|4 ms CPU time, total 3275 out of 15000
10:37:44.343 (6347420773)|FLOW_ELEMENT_END|354000a6b0892dcf0982735409c119ecc44afe5-1187|FlowDecision|Is_Services_Product
10:37:44.343 (6348588545)|FLOW_START_INTERVIEW_END|354000a6b0892dcf0982735409c119ecc44afe5-1187|(Deprecated)Fortra &#124; Autolaunched &#124; Set Workday Contract Line Type
10:37:44.343 (6348618718)|FLOW_START_INTERVIEW_BEGIN|354100a6b0892dcf0982735409c119ecc44afe5-1188|(Deprecated)Fortra &#124; Autolaunched &#124; Set Workday Contract Line Type
10:37:44.343 (6348666674)|FLOW_START_INTERVIEW_LIMIT_USAGE|SOQL queries: 0 out of 100
10:37:44.343 (6348672926)|FLOW_START_INTERVIEW_LIMIT_USAGE|SOQL query rows: 0 out of 50000
10:37:44.343 (6348677208)|FLOW_START_INTERVIEW_LIMIT_USAGE|SOSL queries: 0 out of 20
10:37:44.343 (6348681144)|FLOW_START_INTERVIEW_LIMIT_USAGE|DML statements: 0 out of 150
10:37:44.343 (6348684879)|FLOW_START_INTERVIEW_LIMIT_USAGE|DML rows: 0 out of 10000
10:37:44.343 (6348688998)|FLOW_START_INTERVIEW_LIMIT_USAGE|CPU time in ms: 3275 out of 15000
10:37:44.343 (6348696358)|FLOW_START_INTERVIEW_LIMIT_USAGE|Heap size in bytes: 0 out of 6000000
10:37:44.343 (6348700225)|FLOW_START_INTERVIEW_LIMIT_USAGE|Callouts: 0 out of 100
10:37:44.343 (6348704145)|FLOW_START_INTERVIEW_LIMIT_USAGE|Email invocations: 0 out of 10
10:37:44.343 (6348707548)|FLOW_START_INTERVIEW_LIMIT_USAGE|Future calls: 0 out of 50
10:37:44.343 (6348711134)|FLOW_START_INTERVIEW_LIMIT_USAGE|Jobs in queue: 0 out of 50
10:37:44.343 (6348714507)|FLOW_START_INTERVIEW_LIMIT_USAGE|Push notifications: 0 out of 10
10:37:44.343 (6350752364)|FLOW_VALUE_ASSIGNMENT|354100a6b0892dcf0982735409c119ecc44afe5-1188|$Record|{Id=802WC00000OpoppYAB, Product2Id=01tWC00000DD1btYAD, IsDeleted=false, OrderId=801WC00000knHDLYA2, PricebookEntryId=01uWC000005ws8MYAQ, OriginalOrderItemId=null, QuoteLineItemId=0QLWC000003ehR74AI, AvailableQuantity=1.0, Quantity=1.0, CurrencyIsoCode=USD, UnitPrice=301.75, ListPrice=355.0, TotalPrice=256.4875, BillingReference2=null, ServiceDate=null, ServiceTime=null, ServiceDateTime=null, EndDate=null, EndTime=null, EndDateTime=null, ServiceEndTimeZone=null, Description=Powertech Identity & Access Manager (BoKS) &#124; Standard, TotalLineAmount=301.75, TotalAdjustmentAmount=-45.2625, TotalLineAdjustmentAmount=0.0, TotalAdjustmentDistAmount=0.0, TotalAdjustmentTaxAmount=0.0, TotalLineAdjustmentTaxAmount=0.0, TotalAdjustmentDistTaxAmount=0.0, TotalLineTaxAmount=0.0, TotalTaxAmount=0.0, RoundedLineAmount=301.75, AdjustedLineAmount=256.4875, TotalAdjustedLineTaxAmount=0.0, RoundedLineAmtWithTax=301.75, TotalAdjustmentAmtWithTax=-45.2625, AdjustedLineAmtWithTax=256.4875, TotalLineAdjustmentAmtWithTax=0.0, TotalAdjustmentDistAmtWithTax=0.0, TotalAmtWithTax=256.4875, OrderDeliveryGroupId=null, RelatedOrderItemId=null, Type=null, TypeCode=null, TaxTreatmentId=null, LegalEntityId=0fwWC000000034LYAQ, BillingTreatmentId=null, ProductSellingModelId=0jPWC00000005yz2AA, OrderActionId=8OAWC000002SOpS4AW, ProrationPolicyId=null, PeriodBoundary=null, PeriodBoundaryStartMonth=null, PeriodBoundaryDay=null, PricingTermCount=0.0, NetUnitPrice=256.4875, BillingFrequency2=null, ParentOrderItemId=null, Status=null, LineNumber=2, CreatedDate=2026-06-15 14:12:47, CreatedById=005a500001SfRd7AAF, LastModifiedDate=2026-06-15 17:37:44, LastModifiedById=005WC00000MgTN2YAN, SystemModstamp=2026-06-15 17:37:44, OrderItemNumber=0000564382, PriceWaterfallIdentifier=802WC00000OpoppYAB:149295898650024, StartQuantity=0.0, EndQuantity=1.0, NetTotalPrice=256.4875, Discount=null, DiscountAmount=null, PartnerDiscountPercent=15.0, PartnerUnitPrice=301.75, ValidationResult=null, EarliestEstimatedDeliveryDate=null, LatestEstimatedDeliveryDate=null, EarliestEstimatedDeliveryTime=null, LatestEstimatedDeliveryTime=null, EstimatedDeliveryReference=null, EstimatedDeliveryTimeZone=null, CustomProductName=null, SubscriptionTerm=null, OrderItemGroupId=null, SegmentIdentifier=null, SegmentType=null, SegmentName=null, IsPrimarySegment=false, OrderItemRecipientId=null, RampIdentifier=null, QuantityUnitOfMeasureId=null, UnitPriceUplift=null, BindingInstanceTargetId=null, PricingContractId=null, RevenueCloudPackagingFlag=CP, IsOrderItemLocked=false, RelatedChangeIdentifier=null, SupplementalChangeType=null, AggregatedQuantity=1.0, BatchIdentifier=null, DoesAutomaticallyRenew=false, Margin=null, MarginAmount=null, UnitCost=null, TotalCost=null, TotalAdjustment=null, TotalMargin=null, TotalMarginAmount=null, PriceRevisionPolicyId=null, ReplacementGroupId=null, Currency__c=USD, Workday_Sync_Correlation_Id__c=null, Workday_Sync_Message__c=null, Workday_Sync_Payload__c=null, Workday_Sync_Status__c=null, Multiple_Element_Rev_Alloc_Value__c=false, Workday_Revenue_Category__c=null, Billing_Schedule_From_Date__c=2026-06-15 00:00:00, Billing_Schedule_To_Date__c=2026-06-15 00:00:00, Custom_Product_Name__c=null, Ship_To_Address__c=null, Legacy_Id__c=null, DoNotExpand__c=false, Royalty_Amount__c=null, Exchange_Rate_To_USD__c=null, gsOrderDetailID__c=null, gsOrderID__c=null, Asset__c=null, Entitlement__c=null, Feature_Code__c=null, Freight_Terms__c=null, GSA__c=false, Hardware_ID__c=null, Hardware__c=null, Hostname__c=null, Instances__c=null, Is_Term__c=false, COLA_Uplift_Percent__c=null, End_Date_Calculated__c=2026-06-15 00:00:00, Legacy_Source__c=null, MSP_End_User__c=null, MYCAP__c=false, Maintenance_Discount_Percent__c=null, Manual_Discount__c=null, Migration_Change__c=null, Model__c=null, Number_of_Processors__c=null, Order_Is_Price_Locked__c=false, Override_Discount_Amount__c=null, Override_Discount_Percentage__c=null, Partition__c=null, Partner_Discount_Type__c=null, Price_Overriden__c=false, Prior_Feature_Code__c=null, Prior_Group_Number__c=null, Prior_Model__c=null, Prior_Number_of_Processors__c=null, Prior_Serial_Number__c=null, Product_Sale_Type__c=null, Product_type__c=null, Quantity_Back_Ordered__c=null, Quantity_Shipped__c=null, RSM_Discount_Percent__c=null, RSM__c=null, Requested_Delivery_Date__c=null, Sales_Support_Notes__c=null, Sequence_Number__c=null, Server_Type_Discount_Percent__c=null, Skip_Price_Calculation__c=false, Swap__c=false, System_Type__c=null, Tax_Code__c=null, Units__c=null, Uplift_Percent__c=null, Version_Number__c=null, Fortra_Product_Type__c=Perpetual, Year_After_StartDate__c=false, Two_Years_After_Start_Date__c=false, Order_Line_ARR__c=null, Base_Price__c=null, Displaced_ARR__c=null, Is_Split_Line__c=false, Original_Order_Item__c=null, Partition_Record__c=null, Quote_Legal_Entity__c=Fortra, LLC*, Serial_Number__c=null, AllowRegionalPricing__c=false, Attribute_Multiplier_Pct__c=null, Attribute_Price_Mode__c=null, COLACalculatedPrice__c=null, Has_Attribute_Adjustment__c=false, RegionalNetUnitPrice__c=null, Quote_Line_Discount_Reason__c=null, Billing_Frequency__c=Yearly_Billing_Template, Order_Line_NARR_Calculated__c=0.0, Workday_Contract_Line_Reference_ID__c=null, LPAR_Number__c=null, LPAR_System_Name__c=null, Workday_Contract_Line_Type__c=FIXED AMOUNT, Start_Date_Calculated__c=2026-06-15 00:00:00, LegacyQuoteLineDiscount__c=null, LIC_Fair_Value_Amount__c=null, MAINT_Fair_Value_Amount__c=null, Source_List_Price__c=null, Prior_Discretionary_Discount__c=null, Prior_Partner_Discount__c=null, NetTotalPrice_Calculated__c=256.49}
10:37:44.343 (6350878450)|FLOW_ELEMENT_BEGIN|354100a6b0892dcf0982735409c119ecc44afe5-1188|FlowDecision|Is_Services_Product
10:37:44.343 (6350899758)|FLOW_ELEMENT_DEFERRED|FlowDecision|Is_Services_Product
10:37:44.343 (6350941040)|FLOW_ELEMENT_LIMIT_USAGE|2 ms CPU time, total 3277 out of 15000
10:37:44.343 (6350979277)|FLOW_ELEMENT_END|354100a6b0892dcf0982735409c119ecc44afe5-1188|FlowDecision|Is_Services_Product
10:37:44.343 (6351026283)|FLOW_START_INTERVIEW_END|354100a6b0892dcf0982735409c119ecc44afe5-1188|(Deprecated)Fortra &#124; Autolaunched &#124; Set Workday Contract Line Type
10:37:44.343 (6351038048)|FLOW_START_INTERVIEW_BEGIN|354200a6b0892dcf0982735409c119ecc44afe5-1189|(Deprecated)Fortra &#124; Autolaunched &#124; Set Workday Contract Line Type
10:37:44.343 (6351059242)|FLOW_START_INTERVIEW_LIMIT_USAGE|SOQL queries: 0 out of 100
10:37:44.343 (6351063901)|FLOW_START_INTERVIEW_LIMIT_USAGE|SOQL query rows: 0 out of 50000
10:37:44.343 (6351067399)|FLOW_START_INTERVIEW_LIMIT_USAGE|SOSL queries: 0 out of 20
10:37:44.343 (6351071320)|FLOW_START_INTERVIEW_LIMIT_USAGE|DML statements: 0 out of 150
10:37:44.343 (6351075118)|FLOW_START_INTERVIEW_LIMIT_USAGE|DML rows: 0 out of 10000
10:37:44.343 (6351078630)|FLOW_START_INTERVIEW_LIMIT_USAGE|CPU time in ms: 3277 out of 15000
10:37:44.343 (6351082620)|FLOW_START_INTERVIEW_LIMIT_USAGE|Heap size in bytes: 0 out of 6000000
10:37:44.343 (6351086249)|FLOW_START_INTERVIEW_LIMIT_USAGE|Callouts: 0 out of 100
10:37:44.343 (6351089573)|FLOW_START_INTERVIEW_LIMIT_USAGE|Email invocations: 0 out of 10
10:37:44.343 (6351092843)|FLOW_START_INTERVIEW_LIMIT_USAGE|Future calls: 0 out of 50
10:37:44.343 (6351096179)|FLOW_START_INTERVIEW_LIMIT_USAGE|Jobs in queue: 0 out of 50
10:37:44.343 (6351099638)|FLOW_START_INTERVIEW_LIMIT_USAGE|Push notifications: 0 out of 10
10:37:44.343 (6352906069)|FLOW_VALUE_ASSIGNMENT|354200a6b0892dcf0982735409c119ecc44afe5-1189|$Record|{Id=802WC00000OpopqYAB, Product2Id=01tWC00000DD1bsYAD, IsDeleted=false, OrderId=801WC00000knHDLYA2, PricebookEntryId=01uWC000005wsbUYAQ, OriginalOrderItemId=null, QuoteLineItemId=0QLWC000003ehR84AI, AvailableQuantity=0.0, Quantity=0.0, CurrencyIsoCode=USD, UnitPrice=null, ListPrice=0.0, TotalPrice=0.0, BillingReference2=802WC00000OZLOrYAP, ServiceDate=2026-06-15 00:00:00, ServiceTime=00:00:00.000Z, ServiceDateTime=null, EndDate=null, EndTime=null, EndDateTime=null, ServiceEndTimeZone=GMT, Description=Powertech Identity & Access Manager (BoKS)-NewMaintenance &#124; Standard, TotalLineAmount=0.0, TotalAdjustmentAmount=0.0, TotalLineAdjustmentAmount=0.0, TotalAdjustmentDistAmount=0.0, TotalAdjustmentTaxAmount=0.0, TotalLineAdjustmentTaxAmount=0.0, TotalAdjustmentDistTaxAmount=0.0, TotalLineTaxAmount=0.0, TotalTaxAmount=0.0, RoundedLineAmount=0.0, AdjustedLineAmount=0.0, TotalAdjustedLineTaxAmount=0.0, RoundedLineAmtWithTax=0.0, TotalAdjustmentAmtWithTax=0.0, AdjustedLineAmtWithTax=0.0, TotalLineAdjustmentAmtWithTax=0.0, TotalAdjustmentDistAmtWithTax=0.0, TotalAmtWithTax=0.0, OrderDeliveryGroupId=null, RelatedOrderItemId=null, Type=null, TypeCode=null, TaxTreatmentId=null, LegalEntityId=0fwWC000000034LYAQ, BillingTreatmentId=1BTWC000000Mdh34AC, ProductSellingModelId=0jPWC00000005yz2AA, OrderActionId=8OAWC000002SOpR4AW, ProrationPolicyId=null, PeriodBoundary=null, PeriodBoundaryStartMonth=null, PeriodBoundaryDay=null, PricingTermCount=null, NetUnitPrice=null, BillingFrequency2=null, ParentOrderItemId=null, Status=null, LineNumber=3, CreatedDate=2026-06-15 14:12:47, CreatedById=005a500001SfRd7AAF, LastModifiedDate=2026-06-15 17:37:44, LastModifiedById=005WC00000MgTN2YAN, SystemModstamp=2026-06-15 17:37:44, OrderItemNumber=0000564383, PriceWaterfallIdentifier=null, StartQuantity=1.0, EndQuantity=1.0, NetTotalPrice=0.0, Discount=null, DiscountAmount=null, PartnerDiscountPercent=12.0, PartnerUnitPrice=null, ValidationResult=null, EarliestEstimatedDeliveryDate=null, LatestEstimatedDeliveryDate=null, EarliestEstimatedDeliveryTime=null, LatestEstimatedDeliveryTime=null, EstimatedDeliveryReference=null, EstimatedDeliveryTimeZone=null, CustomProductName=Powertech Identity & Access Manager (BoKS)-NewMaintenance, SubscriptionTerm=null, OrderItemGroupId=null, SegmentIdentifier=null, SegmentType=null, SegmentName=null, IsPrimarySegment=false, OrderItemRecipientId=null, RampIdentifier=null, QuantityUnitOfMeasureId=null, UnitPriceUplift=null, BindingInstanceTargetId=null, PricingContractId=null, RevenueCloudPackagingFlag=P, IsOrderItemLocked=false, RelatedChangeIdentifier=null, SupplementalChangeType=null, AggregatedQuantity=null, BatchIdentifier=null, DoesAutomaticallyRenew=false, Margin=null, MarginAmount=null, UnitCost=null, TotalCost=null, TotalAdjustment=null, TotalMargin=null, TotalMarginAmount=null, PriceRevisionPolicyId=null, ReplacementGroupId=null, Currency__c=USD, Workday_Sync_Correlation_Id__c=null, Workday_Sync_Message__c=null, Workday_Sync_Payload__c=null, Workday_Sync_Status__c=null, Multiple_Element_Rev_Alloc_Value__c=false, Workday_Revenue_Category__c=null, Billing_Schedule_From_Date__c=2026-06-15 00:00:00, Billing_Schedule_To_Date__c=2027-06-14 00:00:00, Custom_Product_Name__c=null, Ship_To_Address__c=null, Legacy_Id__c=null, DoNotExpand__c=false, Royalty_Amount__c=null, Exchange_Rate_To_USD__c=null, gsOrderDetailID__c=null, gsOrderID__c=null, Asset__c=null, Entitlement__c=null, Feature_Code__c=null, Freight_Terms__c=null, GSA__c=false, Hardware_ID__c=null, Hardware__c=null, Hostname__c=null, Instances__c=null, Is_Term__c=false, COLA_Uplift_Percent__c=null, End_Date_Calculated__c=2027-06-14 00:00:00, Legacy_Source__c=null, MSP_End_User__c=null, MYCAP__c=false, Maintenance_Discount_Percent__c=null, Manual_Discount__c=null, Migration_Change__c=null, Model__c=null, Number_of_Processors__c=null, Order_Is_Price_Locked__c=false, Override_Discount_Amount__c=null, Override_Discount_Percentage__c=null, Partition__c=null, Partner_Discount_Type__c=null, Price_Overriden__c=false, Prior_Feature_Code__c=null, Prior_Group_Number__c=null, Prior_Model__c=null, Prior_Number_of_Processors__c=null, Prior_Serial_Number__c=null, Product_Sale_Type__c=null, Product_type__c=null, Quantity_Back_Ordered__c=null, Quantity_Shipped__c=null, RSM_Discount_Percent__c=null, RSM__c=null, Requested_Delivery_Date__c=null, Sales_Support_Notes__c=null, Sequence_Number__c=null, Server_Type_Discount_Percent__c=null, Skip_Price_Calculation__c=false, Swap__c=false, System_Type__c=null, Tax_Code__c=null, Units__c=null, Uplift_Percent__c=null, Version_Number__c=null, Fortra_Product_Type__c=New Maintenance, Year_After_StartDate__c=false, Two_Years_After_Start_Date__c=false, Order_Line_ARR__c=null, Base_Price__c=355.0, Displaced_ARR__c=null, Is_Split_Line__c=false, Original_Order_Item__c=null, Partition_Record__c=null, Quote_Legal_Entity__c=Fortra, LLC*, Serial_Number__c=null, AllowRegionalPricing__c=false, Attribute_Multiplier_Pct__c=null, Attribute_Price_Mode__c=null, COLACalculatedPrice__c=null, Has_Attribute_Adjustment__c=false, RegionalNetUnitPrice__c=null, Quote_Line_Discount_Reason__c=null, Billing_Frequency__c=Yearly_Billing_Template, Order_Line_NARR_Calculated__c=0.0, Workday_Contract_Line_Reference_ID__c=null, LPAR_Number__c=null, LPAR_System_Name__c=null, Workday_Contract_Line_Type__c=FIXED AMOUNT, Start_Date_Calculated__c=2026-06-15 00:00:00, LegacyQuoteLineDiscount__c=null, LIC_Fair_Value_Amount__c=null, MAINT_Fair_Value_Amount__c=null, Source_List_Price__c=355.0, Prior_Discretionary_Discount__c=null, Prior_Partner_Discount__c=null, NetTotalPrice_Calculated__c=0.0}
10:37:44.343 (6353010074)|FLOW_ELEMENT_BEGIN|354200a6b0892dcf0982735409c119ecc44afe5-1189|FlowDecision|Is_Services_Product
10:37:44.343 (6353026889)|FLOW_ELEMENT_DEFERRED|FlowDecision|Is_Services_Product
10:37:44.343 (6353059883)|FLOW_ELEMENT_LIMIT_USAGE|2 ms CPU time, total 3279 out of 15000
10:37:44.343 (6353064398)|FLOW_ELEMENT_END|354200a6b0892dcf0982735409c119ecc44afe5-1189|FlowDecision|Is_Services_Product
10:37:44.343 (6353100450)|FLOW_START_INTERVIEW_END|354200a6b0892dcf0982735409c119ecc44afe5-1189|(Deprecated)Fortra &#124; Autolaunched &#124; Set Workday Contract Line Type
10:37:44.343 (6353276353)|FLOW_BULK_ELEMENT_BEGIN|FlowDecision|Is_Services_Product
10:37:44.343 (6353433625)|FLOW_RULE_DETAIL|354000a6b0892dcf0982735409c119ecc44afe5-1187|Services_Product|false|false
10:37:44.343 (6353455658)|FLOW_VALUE_ASSIGNMENT|354000a6b0892dcf0982735409c119ecc44afe5-1187|Services_Product|false
10:37:44.343 (6353509507)|FLOW_RULE_DETAIL|354100a6b0892dcf0982735409c119ecc44afe5-1188|Services_Product|false|false
10:37:44.343 (6353517630)|FLOW_VALUE_ASSIGNMENT|354100a6b0892dcf0982735409c119ecc44afe5-1188|Services_Product|false
10:37:44.343 (6353543457)|FLOW_RULE_DETAIL|354200a6b0892dcf0982735409c119ecc44afe5-1189|Services_Product|false|false
10:37:44.343 (6353550996)|FLOW_VALUE_ASSIGNMENT|354200a6b0892dcf0982735409c119ecc44afe5-1189|Services_Product|false
10:37:44.343 (6353668817)|FLOW_BULK_ELEMENT_LIMIT_USAGE|1 ms CPU time, total 3280 out of 15000
10:37:44.343 (6353678328)|FLOW_BULK_ELEMENT_END|FlowDecision|Is_Services_Product|0|0
10:37:44.343 (6353715409)|FLOW_ELEMENT_BEGIN|354000a6b0892dcf0982735409c119ecc44afe5-1187|FlowRecordUpdate|Set_Workday_Contract_Line_Type_Fixed_Amount
10:37:44.343 (6353724907)|FLOW_ELEMENT_DEFERRED|FlowRecordUpdate|Set_Workday_Contract_Line_Type_Fixed_Amount
10:37:44.343 (6353737874)|FLOW_ELEMENT_END|354000a6b0892dcf0982735409c119ecc44afe5-1187|FlowRecordUpdate|Set_Workday_Contract_Line_Type_Fixed_Amount
10:37:44.343 (6353747404)|FLOW_ELEMENT_BEGIN|354100a6b0892dcf0982735409c119ecc44afe5-1188|FlowRecordUpdate|Set_Workday_Contract_Line_Type_Fixed_Amount
10:37:44.343 (6353752826)|FLOW_ELEMENT_DEFERRED|FlowRecordUpdate|Set_Workday_Contract_Line_Type_Fixed_Amount
10:37:44.343 (6353759548)|FLOW_ELEMENT_END|354100a6b0892dcf0982735409c119ecc44afe5-1188|FlowRecordUpdate|Set_Workday_Contract_Line_Type_Fixed_Amount
10:37:44.343 (6353768758)|FLOW_ELEMENT_BEGIN|354200a6b0892dcf0982735409c119ecc44afe5-1189|FlowRecordUpdate|Set_Workday_Contract_Line_Type_Fixed_Amount
10:37:44.343 (6353774044)|FLOW_ELEMENT_DEFERRED|FlowRecordUpdate|Set_Workday_Contract_Line_Type_Fixed_Amount
10:37:44.343 (6353800973)|FLOW_ELEMENT_END|354200a6b0892dcf0982735409c119ecc44afe5-1189|FlowRecordUpdate|Set_Workday_Contract_Line_Type_Fixed_Amount
10:37:44.343 (6353822178)|FLOW_BULK_ELEMENT_BEGIN|FlowRecordUpdate|Set_Workday_Contract_Line_Type_Fixed_Amount
10:37:44.343 (6354176733)|FLOW_BULK_ELEMENT_DETAIL|FlowRecordUpdate|Set_Workday_Contract_Line_Type_Fixed_Amount|1
10:37:44.343 (6354267248)|FLOW_BULK_ELEMENT_DETAIL|FlowRecordUpdate|Set_Workday_Contract_Line_Type_Fixed_Amount|1
10:37:44.343 (6354341124)|FLOW_BULK_ELEMENT_DETAIL|FlowRecordUpdate|Set_Workday_Contract_Line_Type_Fixed_Amount|1
10:37:44.343 (6354359483)|LIMIT_USAGE|[EXTERNAL]|DML|1|150
10:37:44.343 (6354363798)|LIMIT_USAGE|[EXTERNAL]|DML_ROWS|3|10000
10:37:44.343 (6470959872)|FLOW_VALUE_ASSIGNMENT|354000a6b0892dcf0982735409c119ecc44afe5-1187|$Record|{Id=802WC00000OpopoYAB, Product2Id=01tWC00000DD11JYAT, IsDeleted=false, OrderId=801WC00000knHDLYA2, PricebookEntryId=01uWC000005wrrDYAQ, OriginalOrderItemId=null, QuoteLineItemId=0QLWC000003ehSj4AI, AvailableQuantity=1.0, Quantity=1.0, CurrencyIsoCode=USD, UnitPrice=94000.0, ListPrice=94000.0, TotalPrice=94000.0, BillingReference2=null, ServiceDate=2026-06-15 00:00:00, ServiceTime=00:00:00.000Z, ServiceDateTime=null, EndDate=null, EndTime=null, EndDateTime=null, ServiceEndTimeZone=GMT, Description=null, TotalLineAmount=94000.0, TotalAdjustmentAmount=0.0, TotalLineAdjustmentAmount=0.0, TotalAdjustmentDistAmount=0.0, TotalAdjustmentTaxAmount=0.0, TotalLineAdjustmentTaxAmount=0.0, TotalAdjustmentDistTaxAmount=0.0, TotalLineTaxAmount=0.0, TotalTaxAmount=0.0, RoundedLineAmount=94000.0, AdjustedLineAmount=94000.0, TotalAdjustedLineTaxAmount=0.0, RoundedLineAmtWithTax=94000.0, TotalAdjustmentAmtWithTax=0.0, AdjustedLineAmtWithTax=94000.0, TotalLineAdjustmentAmtWithTax=0.0, TotalAdjustmentDistAmtWithTax=0.0, TotalAmtWithTax=94000.0, OrderDeliveryGroupId=null, RelatedOrderItemId=null, Type=null, TypeCode=null, TaxTreatmentId=null, LegalEntityId=0fwWC000000034LYAQ, BillingTreatmentId=null, ProductSellingModelId=0jPWC000000060b2AA, OrderActionId=8OAWC000002SOpS4AW, ProrationPolicyId=0mua50000004KzRAAU, PeriodBoundary=Anniversary, PeriodBoundaryStartMonth=null, PeriodBoundaryDay=null, PricingTermCount=null, NetUnitPrice=94000.0, BillingFrequency2=Annual, ParentOrderItemId=null, Status=null, LineNumber=1, CreatedDate=2026-06-15 14:12:47, CreatedById=005a500001SfRd7AAF, LastModifiedDate=2026-06-15 17:37:44, LastModifiedById=005WC00000MgTN2YAN, SystemModstamp=2026-06-15 17:37:44, OrderItemNumber=0000564381, PriceWaterfallIdentifier=802WC00000OpopoYAB:149295898650024, StartQuantity=0.0, EndQuantity=1.0, NetTotalPrice=94000.0, Discount=null, DiscountAmount=null, PartnerDiscountPercent=null, PartnerUnitPrice=null, ValidationResult=null, EarliestEstimatedDeliveryDate=null, LatestEstimatedDeliveryDate=null, EarliestEstimatedDeliveryTime=null, LatestEstimatedDeliveryTime=null, EstimatedDeliveryReference=null, EstimatedDeliveryTimeZone=null, CustomProductName=null, SubscriptionTerm=1, OrderItemGroupId=null, SegmentIdentifier=null, SegmentType=null, SegmentName=null, IsPrimarySegment=false, OrderItemRecipientId=null, RampIdentifier=null, QuantityUnitOfMeasureId=null, UnitPriceUplift=null, BindingInstanceTargetId=null, PricingContractId=null, RevenueCloudPackagingFlag=CP, IsOrderItemLocked=false, RelatedChangeIdentifier=null, SupplementalChangeType=null, AggregatedQuantity=1.0, BatchIdentifier=null, DoesAutomaticallyRenew=false, Margin=null, MarginAmount=null, UnitCost=null, TotalCost=null, TotalAdjustment=null, TotalMargin=null, TotalMarginAmount=null, PriceRevisionPolicyId=null, ReplacementGroupId=null, Currency__c=USD, Workday_Sync_Correlation_Id__c=null, Workday_Sync_Message__c=null, Workday_Sync_Payload__c=null, Workday_Sync_Status__c=null, Multiple_Element_Rev_Alloc_Value__c=false, Workday_Revenue_Category__c=null, Billing_Schedule_From_Date__c=2026-06-15 00:00:00, Billing_Schedule_To_Date__c=2027-06-14 00:00:00, Custom_Product_Name__c=null, Ship_To_Address__c=null, Legacy_Id__c=null, DoNotExpand__c=false, Royalty_Amount__c=null, Exchange_Rate_To_USD__c=null, gsOrderDetailID__c=null, gsOrderID__c=null, Asset__c=null, Entitlement__c=null, Feature_Code__c=null, Freight_Terms__c=null, GSA__c=false, Hardware_ID__c=null, Hardware__c=null, Hostname__c=null, Instances__c=null, Is_Term__c=false, COLA_Uplift_Percent__c=null, End_Date_Calculated__c=2027-06-14 00:00:00, Legacy_Source__c=null, MSP_End_User__c=null, MYCAP__c=false, Maintenance_Discount_Percent__c=null, Manual_Discount__c=null, Migration_Change__c=null, Model__c=null, Number_of_Processors__c=null, Order_Is_Price_Locked__c=false, Override_Discount_Amount__c=null, Override_Discount_Percentage__c=null, Partition__c=null, Partner_Discount_Type__c=null, Price_Overriden__c=false, Prior_Feature_Code__c=null, Prior_Group_Number__c=null, Prior_Model__c=null, Prior_Number_of_Processors__c=null, Prior_Serial_Number__c=null, Product_Sale_Type__c=null, Product_type__c=null, Quantity_Back_Ordered__c=null, Quantity_Shipped__c=null, RSM_Discount_Percent__c=null, RSM__c=null, Requested_Delivery_Date__c=null, Sales_Support_Notes__c=null, Sequence_Number__c=null, Server_Type_Discount_Percent__c=null, Skip_Price_Calculation__c=false, Swap__c=false, System_Type__c=null, Tax_Code__c=null, Units__c=null, Uplift_Percent__c=null, Version_Number__c=null, Fortra_Product_Type__c=Subscription, Year_After_StartDate__c=false, Two_Years_After_Start_Date__c=false, Order_Line_ARR__c=null, Base_Price__c=null, Displaced_ARR__c=null, Is_Split_Line__c=false, Original_Order_Item__c=null, Partition_Record__c=null, Quote_Legal_Entity__c=Fortra, LLC*, Serial_Number__c=null, AllowRegionalPricing__c=false, Attribute_Multiplier_Pct__c=null, Attribute_Price_Mode__c=null, COLACalculatedPrice__c=null, Has_Attribute_Adjustment__c=false, RegionalNetUnitPrice__c=null, Quote_Line_Discount_Reason__c=null, Billing_Frequency__c=Yearly_Billing_Template, Order_Line_NARR_Calculated__c=0.0, Workday_Contract_Line_Reference_ID__c=null, LPAR_Number__c=null, LPAR_System_Name__c=null, Workday_Contract_Line_Type__c=FIXED AMOUNT, Start_Date_Calculated__c=2026-06-15 00:00:00, LegacyQuoteLineDiscount__c=null, LIC_Fair_Value_Amount__c=null, MAINT_Fair_Value_Amount__c=null, Source_List_Price__c=null, Prior_Discretionary_Discount__c=null, Prior_Partner_Discount__c=null, NetTotalPrice_Calculated__c=94000.0}
10:37:44.343 (6471030477)|FLOW_VALUE_ASSIGNMENT|354000a6b0892dcf0982735409c119ecc44afe5-1187|Set_Workday_Contract_Line_Type_Fixed_Amount|true
10:37:44.343 (6471036044)|FLOW_VALUE_ASSIGNMENT|354000a6b0892dcf0982735409c119ecc44afe5-1187|Set_Workday_Contract_Line_Type_Fixed_Amount__CONDITIONS_RESULT|true
10:37:44.343 (6473219628)|FLOW_VALUE_ASSIGNMENT|354100a6b0892dcf0982735409c119ecc44afe5-1188|$Record|{Id=802WC00000OpoppYAB, Product2Id=01tWC00000DD1btYAD, IsDeleted=false, OrderId=801WC00000knHDLYA2, PricebookEntryId=01uWC000005ws8MYAQ, OriginalOrderItemId=null, QuoteLineItemId=0QLWC000003ehR74AI, AvailableQuantity=1.0, Quantity=1.0, CurrencyIsoCode=USD, UnitPrice=301.75, ListPrice=355.0, TotalPrice=256.4875, BillingReference2=null, ServiceDate=null, ServiceTime=null, ServiceDateTime=null, EndDate=null, EndTime=null, EndDateTime=null, ServiceEndTimeZone=null, Description=Powertech Identity & Access Manager (BoKS) &#124; Standard, TotalLineAmount=301.75, TotalAdjustmentAmount=-45.2625, TotalLineAdjustmentAmount=0.0, TotalAdjustmentDistAmount=0.0, TotalAdjustmentTaxAmount=0.0, TotalLineAdjustmentTaxAmount=0.0, TotalAdjustmentDistTaxAmount=0.0, TotalLineTaxAmount=0.0, TotalTaxAmount=0.0, RoundedLineAmount=301.75, AdjustedLineAmount=256.4875, TotalAdjustedLineTaxAmount=0.0, RoundedLineAmtWithTax=301.75, TotalAdjustmentAmtWithTax=-45.2625, AdjustedLineAmtWithTax=256.4875, TotalLineAdjustmentAmtWithTax=0.0, TotalAdjustmentDistAmtWithTax=0.0, TotalAmtWithTax=256.4875, OrderDeliveryGroupId=null, RelatedOrderItemId=null, Type=null, TypeCode=null, TaxTreatmentId=null, LegalEntityId=0fwWC000000034LYAQ, BillingTreatmentId=null, ProductSellingModelId=0jPWC00000005yz2AA, OrderActionId=8OAWC000002SOpS4AW, ProrationPolicyId=null, PeriodBoundary=null, PeriodBoundaryStartMonth=null, PeriodBoundaryDay=null, PricingTermCount=0.0, NetUnitPrice=256.4875, BillingFrequency2=null, ParentOrderItemId=null, Status=null, LineNumber=2, CreatedDate=2026-06-15 14:12:47, CreatedById=005a500001SfRd7AAF, LastModifiedDate=2026-06-15 17:37:44, LastModifiedById=005WC00000MgTN2YAN, SystemModstamp=2026-06-15 17:37:44, OrderItemNumber=0000564382, PriceWaterfallIdentifier=802WC00000OpoppYAB:149295898650024, StartQuantity=0.0, EndQuantity=1.0, NetTotalPrice=256.4875, Discount=null, DiscountAmount=null, PartnerDiscountPercent=15.0, PartnerUnitPrice=301.75, ValidationResult=null, EarliestEstimatedDeliveryDate=null, LatestEstimatedDeliveryDate=null, EarliestEstimatedDeliveryTime=null, LatestEstimatedDeliveryTime=null, EstimatedDeliveryReference=null, EstimatedDeliveryTimeZone=null, CustomProductName=null, SubscriptionTerm=null, OrderItemGroupId=null, SegmentIdentifier=null, SegmentType=null, SegmentName=null, IsPrimarySegment=false, OrderItemRecipientId=null, RampIdentifier=null, QuantityUnitOfMeasureId=null, UnitPriceUplift=null, BindingInstanceTargetId=null, PricingContractId=null, RevenueCloudPackagingFlag=CP, IsOrderItemLocked=false, RelatedChangeIdentifier=null, SupplementalChangeType=null, AggregatedQuantity=1.0, BatchIdentifier=null, DoesAutomaticallyRenew=false, Margin=null, MarginAmount=null, UnitCost=null, TotalCost=null, TotalAdjustment=null, TotalMargin=null, TotalMarginAmount=null, PriceRevisionPolicyId=null, ReplacementGroupId=null, Currency__c=USD, Workday_Sync_Correlation_Id__c=null, Workday_Sync_Message__c=null, Workday_Sync_Payload__c=null, Workday_Sync_Status__c=null, Multiple_Element_Rev_Alloc_Value__c=false, Workday_Revenue_Category__c=null, Billing_Schedule_From_Date__c=2026-06-15 00:00:00, Billing_Schedule_To_Date__c=2026-06-15 00:00:00, Custom_Product_Name__c=null, Ship_To_Address__c=null, Legacy_Id__c=null, DoNotExpand__c=false, Royalty_Amount__c=null, Exchange_Rate_To_USD__c=null, gsOrderDetailID__c=null, gsOrderID__c=null, Asset__c=null, Entitlement__c=null, Feature_Code__c=null, Freight_Terms__c=null, GSA__c=false, Hardware_ID__c=null, Hardware__c=null, Hostname__c=null, Instances__c=null, Is_Term__c=false, COLA_Uplift_Percent__c=null, End_Date_Calculated__c=2026-06-15 00:00:00, Legacy_Source__c=null, MSP_End_User__c=null, MYCAP__c=false, Maintenance_Discount_Percent__c=null, Manual_Discount__c=null, Migration_Change__c=null, Model__c=null, Number_of_Processors__c=null, Order_Is_Price_Locked__c=false, Override_Discount_Amount__c=null, Override_Discount_Percentage__c=null, Partition__c=null, Partner_Discount_Type__c=null, Price_Overriden__c=false, Prior_Feature_Code__c=null, Prior_Group_Number__c=null, Prior_Model__c=null, Prior_Number_of_Processors__c=null, Prior_Serial_Number__c=null, Product_Sale_Type__c=null, Product_type__c=null, Quantity_Back_Ordered__c=null, Quantity_Shipped__c=null, RSM_Discount_Percent__c=null, RSM__c=null, Requested_Delivery_Date__c=null, Sales_Support_Notes__c=null, Sequence_Number__c=null, Server_Type_Discount_Percent__c=null, Skip_Price_Calculation__c=false, Swap__c=false, System_Type__c=null, Tax_Code__c=null, Units__c=null, Uplift_Percent__c=null, Version_Number__c=null, Fortra_Product_Type__c=Perpetual, Year_After_StartDate__c=false, Two_Years_After_Start_Date__c=false, Order_Line_ARR__c=null, Base_Price__c=null, Displaced_ARR__c=null, Is_Split_Line__c=false, Original_Order_Item__c=null, Partition_Record__c=null, Quote_Legal_Entity__c=Fortra, LLC*, Serial_Number__c=null, AllowRegionalPricing__c=false, Attribute_Multiplier_Pct__c=null, Attribute_Price_Mode__c=null, COLACalculatedPrice__c=null, Has_Attribute_Adjustment__c=false, RegionalNetUnitPrice__c=null, Quote_Line_Discount_Reason__c=null, Billing_Frequency__c=Yearly_Billing_Template, Order_Line_NARR_Calculated__c=0.0, Workday_Contract_Line_Reference_ID__c=null, LPAR_Number__c=null, LPAR_System_Name__c=null, Workday_Contract_Line_Type__c=FIXED AMOUNT, Start_Date_Calculated__c=2026-06-15 00:00:00, LegacyQuoteLineDiscount__c=null, LIC_Fair_Value_Amount__c=null, MAINT_Fair_Value_Amount__c=null, Source_List_Price__c=null, Prior_Discretionary_Discount__c=null, Prior_Partner_Discount__c=null, NetTotalPrice_Calculated__c=256.49}
10:37:44.343 (6473283736)|FLOW_VALUE_ASSIGNMENT|354100a6b0892dcf0982735409c119ecc44afe5-1188|Set_Workday_Contract_Line_Type_Fixed_Amount|true
10:37:44.343 (6473288981)|FLOW_VALUE_ASSIGNMENT|354100a6b0892dcf0982735409c119ecc44afe5-1188|Set_Workday_Contract_Line_Type_Fixed_Amount__CONDITIONS_RESULT|true
10:37:44.343 (6475213891)|FLOW_VALUE_ASSIGNMENT|354200a6b0892dcf0982735409c119ecc44afe5-1189|$Record|{Id=802WC00000OpopqYAB, Product2Id=01tWC00000DD1bsYAD, IsDeleted=false, OrderId=801WC00000knHDLYA2, PricebookEntryId=01uWC000005wsbUYAQ, OriginalOrderItemId=null, QuoteLineItemId=0QLWC000003ehR84AI, AvailableQuantity=0.0, Quantity=0.0, CurrencyIsoCode=USD, UnitPrice=null, ListPrice=0.0, TotalPrice=0.0, BillingReference2=802WC00000OZLOrYAP, ServiceDate=2026-06-15 00:00:00, ServiceTime=00:00:00.000Z, ServiceDateTime=null, EndDate=null, EndTime=null, EndDateTime=null, ServiceEndTimeZone=GMT, Description=Powertech Identity & Access Manager (BoKS)-NewMaintenance &#124; Standard, TotalLineAmount=0.0, TotalAdjustmentAmount=0.0, TotalLineAdjustmentAmount=0.0, TotalAdjustmentDistAmount=0.0, TotalAdjustmentTaxAmount=0.0, TotalLineAdjustmentTaxAmount=0.0, TotalAdjustmentDistTaxAmount=0.0, TotalLineTaxAmount=0.0, TotalTaxAmount=0.0, RoundedLineAmount=0.0, AdjustedLineAmount=0.0, TotalAdjustedLineTaxAmount=0.0, RoundedLineAmtWithTax=0.0, TotalAdjustmentAmtWithTax=0.0, AdjustedLineAmtWithTax=0.0, TotalLineAdjustmentAmtWithTax=0.0, TotalAdjustmentDistAmtWithTax=0.0, TotalAmtWithTax=0.0, OrderDeliveryGroupId=null, RelatedOrderItemId=null, Type=null, TypeCode=null, TaxTreatmentId=null, LegalEntityId=0fwWC000000034LYAQ, BillingTreatmentId=1BTWC000000Mdh34AC, ProductSellingModelId=0jPWC00000005yz2AA, OrderActionId=8OAWC000002SOpR4AW, ProrationPolicyId=null, PeriodBoundary=null, PeriodBoundaryStartMonth=null, PeriodBoundaryDay=null, PricingTermCount=null, NetUnitPrice=null, BillingFrequency2=null, ParentOrderItemId=null, Status=null, LineNumber=3, CreatedDate=2026-06-15 14:12:47, CreatedById=005a500001SfRd7AAF, LastModifiedDate=2026-06-15 17:37:44, LastModifiedById=005WC00000MgTN2YAN, SystemModstamp=2026-06-15 17:37:44, OrderItemNumber=0000564383, PriceWaterfallIdentifier=null, StartQuantity=1.0, EndQuantity=1.0, NetTotalPrice=0.0, Discount=null, DiscountAmount=null, PartnerDiscountPercent=12.0, PartnerUnitPrice=null, ValidationResult=null, EarliestEstimatedDeliveryDate=null, LatestEstimatedDeliveryDate=null, EarliestEstimatedDeliveryTime=null, LatestEstimatedDeliveryTime=null, EstimatedDeliveryReference=null, EstimatedDeliveryTimeZone=null, CustomProductName=Powertech Identity & Access Manager (BoKS)-NewMaintenance, SubscriptionTerm=null, OrderItemGroupId=null, SegmentIdentifier=null, SegmentType=null, SegmentName=null, IsPrimarySegment=false, OrderItemRecipientId=null, RampIdentifier=null, QuantityUnitOfMeasureId=null, UnitPriceUplift=null, BindingInstanceTargetId=null, PricingContractId=null, RevenueCloudPackagingFlag=P, IsOrderItemLocked=false, RelatedChangeIdentifier=null, SupplementalChangeType=null, AggregatedQuantity=null, BatchIdentifier=null, DoesAutomaticallyRenew=false, Margin=null, MarginAmount=null, UnitCost=null, TotalCost=null, TotalAdjustment=null, TotalMargin=null, TotalMarginAmount=null, PriceRevisionPolicyId=null, ReplacementGroupId=null, Currency__c=USD, Workday_Sync_Correlation_Id__c=null, Workday_Sync_Message__c=null, Workday_Sync_Payload__c=null, Workday_Sync_Status__c=null, Multiple_Element_Rev_Alloc_Value__c=false, Workday_Revenue_Category__c=null, Billing_Schedule_From_Date__c=2026-06-15 00:00:00, Billing_Schedule_To_Date__c=2027-06-14 00:00:00, Custom_Product_Name__c=null, Ship_To_Address__c=null, Legacy_Id__c=null, DoNotExpand__c=false, Royalty_Amount__c=null, Exchange_Rate_To_USD__c=null, gsOrderDetailID__c=null, gsOrderID__c=null, Asset__c=null, Entitlement__c=null, Feature_Code__c=null, Freight_Terms__c=null, GSA__c=false, Hardware_ID__c=null, Hardware__c=null, Hostname__c=null, Instances__c=null, Is_Term__c=false, COLA_Uplift_Percent__c=null, End_Date_Calculated__c=2027-06-14 00:00:00, Legacy_Source__c=null, MSP_End_User__c=null, MYCAP__c=false, Maintenance_Discount_Percent__c=null, Manual_Discount__c=null, Migration_Change__c=null, Model__c=null, Number_of_Processors__c=null, Order_Is_Price_Locked__c=false, Override_Discount_Amount__c=null, Override_Discount_Percentage__c=null, Partition__c=null, Partner_Discount_Type__c=null, Price_Overriden__c=false, Prior_Feature_Code__c=null, Prior_Group_Number__c=null, Prior_Model__c=null, Prior_Number_of_Processors__c=null, Prior_Serial_Number__c=null, Product_Sale_Type__c=null, Product_type__c=null, Quantity_Back_Ordered__c=null, Quantity_Shipped__c=null, RSM_Discount_Percent__c=null, RSM__c=null, Requested_Delivery_Date__c=null, Sales_Support_Notes__c=null, Sequence_Number__c=null, Server_Type_Discount_Percent__c=null, Skip_Price_Calculation__c=false, Swap__c=false, System_Type__c=null, Tax_Code__c=null, Units__c=null, Uplift_Percent__c=null, Version_Number__c=null, Fortra_Product_Type__c=New Maintenance, Year_After_StartDate__c=false, Two_Years_After_Start_Date__c=false, Order_Line_ARR__c=null, Base_Price__c=355.0, Displaced_ARR__c=null, Is_Split_Line__c=false, Original_Order_Item__c=null, Partition_Record__c=null, Quote_Legal_Entity__c=Fortra, LLC*, Serial_Number__c=null, AllowRegionalPricing__c=false, Attribute_Multiplier_Pct__c=null, Attribute_Price_Mode__c=null, COLACalculatedPrice__c=null, Has_Attribute_Adjustment__c=false, RegionalNetUnitPrice__c=null, Quote_Line_Discount_Reason__c=null, Billing_Frequency__c=Yearly_Billing_Template, Order_Line_NARR_Calculated__c=0.0, Workday_Contract_Line_Reference_ID__c=null, LPAR_Number__c=null, LPAR_System_Name__c=null, Workday_Contract_Line_Type__c=FIXED AMOUNT, Start_Date_Calculated__c=2026-06-15 00:00:00, LegacyQuoteLineDiscount__c=null, LIC_Fair_Value_Amount__c=null, MAINT_Fair_Value_Amount__c=null, Source_List_Price__c=355.0, Prior_Discretionary_Discount__c=null, Prior_Partner_Discount__c=null, NetTotalPrice_Calculated__c=0.0}
10:37:44.343 (6475317966)|FLOW_VALUE_ASSIGNMENT|354200a6b0892dcf0982735409c119ecc44afe5-1189|Set_Workday_Contract_Line_Type_Fixed_Amount|true
10:37:44.343 (6475323239)|FLOW_VALUE_ASSIGNMENT|354200a6b0892dcf0982735409c119ecc44afe5-1189|Set_Workday_Contract_Line_Type_Fixed_Amount__CONDITIONS_RESULT|true
10:37:44.343 (6475574413)|FLOW_BULK_ELEMENT_LIMIT_USAGE|1 DML statements, total 1 out of 150
10:37:44.343 (6475584813)|FLOW_BULK_ELEMENT_LIMIT_USAGE|3 DML rows, total 3 out of 10000
10:37:44.343 (6475591122)|FLOW_BULK_ELEMENT_LIMIT_USAGE|61 ms CPU time, total 3341 out of 15000
10:37:44.343 (6475613775)|FLOW_BULK_ELEMENT_END|FlowRecordUpdate|Set_Workday_Contract_Line_Type_Fixed_Amount|3|121
10:37:44.343 (6476011557)|FLOW_START_INTERVIEWS_END|3
10:37:44.343 (6476334811)|FLOW_INTERVIEW_FINISHED|354000a6b0892dcf0982735409c119ecc44afe5-1187|(Deprecated)Fortra &#124; Autolaunched &#124; Set Workday Contract Line Type
10:37:44.343 (6476368521)|FLOW_INTERVIEW_FINISHED_LIMIT_USAGE|SOQL queries: 0 out of 100
10:37:44.343 (6476375566)|FLOW_INTERVIEW_FINISHED_LIMIT_USAGE|SOQL query rows: 0 out of 50000
10:37:44.343 (6476381042)|FLOW_INTERVIEW_FINISHED_LIMIT_USAGE|SOSL queries: 0 out of 20
10:37:44.343 (6476386121)|FLOW_INTERVIEW_FINISHED_LIMIT_USAGE|DML statements: 1 out of 150
10:37:44.343 (6476390518)|FLOW_INTERVIEW_FINISHED_LIMIT_USAGE|DML rows: 3 out of 10000
10:37:44.343 (6476395469)|FLOW_INTERVIEW_FINISHED_LIMIT_USAGE|CPU time in ms: 3341 out of 15000
10:37:44.343 (6476403396)|FLOW_INTERVIEW_FINISHED_LIMIT_USAGE|Heap size in bytes: 0 out of 6000000
10:37:44.343 (6476408184)|FLOW_INTERVIEW_FINISHED_LIMIT_USAGE|Callouts: 0 out of 100
10:37:44.343 (6476412555)|FLOW_INTERVIEW_FINISHED_LIMIT_USAGE|Email invocations: 0 out of 10
10:37:44.343 (6476417055)|FLOW_INTERVIEW_FINISHED_LIMIT_USAGE|Future calls: 0 out of 50
10:37:44.343 (6476421482)|FLOW_INTERVIEW_FINISHED_LIMIT_USAGE|Jobs in queue: 0 out of 50
10:37:44.343 (6476426154)|FLOW_INTERVIEW_FINISHED|354100a6b0892dcf0982735409c119ecc44afe5-1188|(Deprecated)Fortra &#124; Autolaunched &#124; Set Workday Contract Line Type
10:37:44.343 (6476433360)|FLOW_INTERVIEW_FINISHED_LIMIT_USAGE|SOQL queries: 0 out of 100
10:37:44.343 (6476437328)|FLOW_INTERVIEW_FINISHED_LIMIT_USAGE|SOQL query rows: 0 out of 50000
10:37:44.343 (6476441192)|FLOW_INTERVIEW_FINISHED_LIMIT_USAGE|SOSL queries: 0 out of 20
10:37:44.343 (6476445246)|FLOW_INTERVIEW_FINISHED_LIMIT_USAGE|DML statements: 1 out of 150
10:37:44.343 (6476449344)|FLOW_INTERVIEW_FINISHED_LIMIT_USAGE|DML rows: 3 out of 10000
10:37:44.343 (6476453297)|FLOW_INTERVIEW_FINISHED_LIMIT_USAGE|CPU time in ms: 3341 out of 15000
10:37:44.343 (6476457644)|FLOW_INTERVIEW_FINISHED_LIMIT_USAGE|Heap size in bytes: 0 out of 6000000
10:37:44.343 (6476461710)|FLOW_INTERVIEW_FINISHED_LIMIT_USAGE|Callouts: 0 out of 100
10:37:44.343 (6476465578)|FLOW_INTERVIEW_FINISHED_LIMIT_USAGE|Email invocations: 0 out of 10
10:37:44.343 (6476469443)|FLOW_INTERVIEW_FINISHED_LIMIT_USAGE|Future calls: 0 out of 50
10:37:44.343 (6476473421)|FLOW_INTERVIEW_FINISHED_LIMIT_USAGE|Jobs in queue: 0 out of 50
10:37:44.343 (6476477131)|FLOW_INTERVIEW_FINISHED|354200a6b0892dcf0982735409c119ecc44afe5-1189|(Deprecated)Fortra &#124; Autolaunched &#124; Set Workday Contract Line Type
10:37:44.343 (6476483656)|FLOW_INTERVIEW_FINISHED_LIMIT_USAGE|SOQL queries: 0 out of 100
10:37:44.343 (6476487587)|FLOW_INTERVIEW_FINISHED_LIMIT_USAGE|SOQL query rows: 0 out of 50000
10:37:44.343 (6476491342)|FLOW_INTERVIEW_FINISHED_LIMIT_USAGE|SOSL queries: 0 out of 20
10:37:44.343 (6476495423)|FLOW_INTERVIEW_FINISHED_LIMIT_USAGE|DML statements: 1 out of 150
10:37:44.343 (6476499348)|FLOW_INTERVIEW_FINISHED_LIMIT_USAGE|DML rows: 3 out of 10000
10:37:44.343 (6476503282)|FLOW_INTERVIEW_FINISHED_LIMIT_USAGE|CPU time in ms: 3341 out of 15000
10:37:44.343 (6476507590)|FLOW_INTERVIEW_FINISHED_LIMIT_USAGE|Heap size in bytes: 0 out of 6000000
10:37:44.343 (6476511403)|FLOW_INTERVIEW_FINISHED_LIMIT_USAGE|Callouts: 0 out of 100
10:37:44.343 (6476515361)|FLOW_INTERVIEW_FINISHED_LIMIT_USAGE|Email invocations: 0 out of 10
10:37:44.343 (6476519486)|FLOW_INTERVIEW_FINISHED_LIMIT_USAGE|Future calls: 0 out of 50
10:37:44.343 (6476523311)|FLOW_INTERVIEW_FINISHED_LIMIT_USAGE|Jobs in queue: 0 out of 50
10:37:44.480 (6480111733)|FLOW_CREATE_INTERVIEW_BEGIN|00DWC000006eUFF|300WC00000QqP3O|301WC00000kUYVF
10:37:44.480 (6480195587)|FLOW_CREATE_INTERVIEW_END|354400a6b0892dcf0982735409c119ecc44afe5-118b|Fortra &#124; OrderItem &#124; Set Workday Contract Line Type
10:37:44.480 (6480200255)|FLOW_CREATE_INTERVIEW_END|354500a6b0892dcf0982735409c119ecc44afe5-118c|Fortra &#124; OrderItem &#124; Set Workday Contract Line Type
10:37:44.480 (6480202834)|FLOW_CREATE_INTERVIEW_END|354600a6b0892dcf0982735409c119ecc44afe5-118d|Fortra &#124; OrderItem &#124; Set Workday Contract Line Type
10:37:44.481 (6481115331)|FLOW_START_INTERVIEWS_BEGIN|3
10:37:44.481 (6481152388)|FLOW_START_INTERVIEW_BEGIN|354400a6b0892dcf0982735409c119ecc44afe5-118b|Fortra &#124; OrderItem &#124; Set Workday Contract Line Type
10:37:44.481 (6481222615)|FLOW_START_INTERVIEW_LIMIT_USAGE|SOQL queries: 0 out of 100
10:37:44.481 (6481230524)|FLOW_START_INTERVIEW_LIMIT_USAGE|SOQL query rows: 0 out of 50000
10:37:44.481 (6481234681)|FLOW_START_INTERVIEW_LIMIT_USAGE|SOSL queries: 0 out of 20
10:37:44.481 (6492033592)|FLOW_START_INTERVIEW_LIMIT_USAGE|DML statements: 1 out of 150
10:37:44.481 (6492049776)|FLOW_START_INTERVIEW_LIMIT_USAGE|DML rows: 3 out of 10000
10:37:44.481 (6492055212)|FLOW_START_INTERVIEW_LIMIT_USAGE|CPU time in ms: 3344 out of 15000
10:37:44.481 (6492066631)|FLOW_START_INTERVIEW_LIMIT_USAGE|Heap size in bytes: 0 out of 6000000
10:37:44.481 (6492071349)|FLOW_START_INTERVIEW_LIMIT_USAGE|Callouts: 0 out of 100
10:37:44.481 (6492074991)|FLOW_START_INTERVIEW_LIMIT_USAGE|Email invocations: 0 out of 10
10:37:44.481 (6492078518)|FLOW_START_INTERVIEW_LIMIT_USAGE|Future calls: 0 out of 50
10:37:44.481 (6492082397)|FLOW_START_INTERVIEW_LIMIT_USAGE|Jobs in queue: 0 out of 50
10:37:44.481 (6492086327)|FLOW_START_INTERVIEW_LIMIT_USAGE|Push notifications: 0 out of 10
10:37:44.481 (6495862508)|FLOW_VALUE_ASSIGNMENT|354400a6b0892dcf0982735409c119ecc44afe5-118b|$Record|{Id=802WC00000OpopoYAB, Product2Id=01tWC00000DD11JYAT, IsDeleted=false, OrderId=801WC00000knHDLYA2, PricebookEntryId=01uWC000005wrrDYAQ, OriginalOrderItemId=null, QuoteLineItemId=0QLWC000003ehSj4AI, AvailableQuantity=1.0, Quantity=1.0, CurrencyIsoCode=USD, UnitPrice=94000.0, ListPrice=94000.0, TotalPrice=94000.0, BillingReference2=null, ServiceDate=2026-06-15 00:00:00, ServiceTime=00:00:00.000Z, ServiceDateTime=null, EndDate=null, EndTime=null, EndDateTime=null, ServiceEndTimeZone=GMT, Description=null, TotalLineAmount=94000.0, TotalAdjustmentAmount=0.0, TotalLineAdjustmentAmount=0.0, TotalAdjustmentDistAmount=0.0, TotalAdjustmentTaxAmount=0.0, TotalLineAdjustmentTaxAmount=0.0, TotalAdjustmentDistTaxAmount=0.0, TotalLineTaxAmount=0.0, TotalTaxAmount=0.0, RoundedLineAmount=94000.0, AdjustedLineAmount=94000.0, TotalAdjustedLineTaxAmount=0.0, RoundedLineAmtWithTax=94000.0, TotalAdjustmentAmtWithTax=0.0, AdjustedLineAmtWithTax=94000.0, TotalLineAdjustmentAmtWithTax=0.0, TotalAdjustmentDistAmtWithTax=0.0, TotalAmtWithTax=94000.0, OrderDeliveryGroupId=null, RelatedOrderItemId=null, Type=null, TypeCode=null, TaxTreatmentId=null, LegalEntityId=0fwWC000000034LYAQ, BillingTreatmentId=null, ProductSellingModelId=0jPWC000000060b2AA, OrderActionId=8OAWC000002SOpS4AW, ProrationPolicyId=0mua50000004KzRAAU, PeriodBoundary=Anniversary, PeriodBoundaryStartMonth=null, PeriodBoundaryDay=null, PricingTermCount=null, NetUnitPrice=94000.0, BillingFrequency2=Annual, ParentOrderItemId=null, Status=null, LineNumber=1, CreatedDate=2026-06-15 14:12:47, CreatedById=005a500001SfRd7AAF, LastModifiedDate=2026-06-15 17:37:45, LastModifiedById=005WC00000MgTN2YAN, SystemModstamp=2026-06-15 17:37:45, OrderItemNumber=0000564381, PriceWaterfallIdentifier=802WC00000OpopoYAB:149295898650024, StartQuantity=0.0, EndQuantity=1.0, NetTotalPrice=94000.0, Discount=null, DiscountAmount=null, PartnerDiscountPercent=null, PartnerUnitPrice=null, ValidationResult=null, EarliestEstimatedDeliveryDate=null, LatestEstimatedDeliveryDate=null, EarliestEstimatedDeliveryTime=null, LatestEstimatedDeliveryTime=null, EstimatedDeliveryReference=null, EstimatedDeliveryTimeZone=null, CustomProductName=null, SubscriptionTerm=1, OrderItemGroupId=null, SegmentIdentifier=null, SegmentType=null, SegmentName=null, IsPrimarySegment=false, OrderItemRecipientId=null, RampIdentifier=null, QuantityUnitOfMeasureId=null, UnitPriceUplift=null, BindingInstanceTargetId=null, PricingContractId=null, RevenueCloudPackagingFlag=CP, IsOrderItemLocked=false, RelatedChangeIdentifier=null, SupplementalChangeType=null, AggregatedQuantity=1.0, BatchIdentifier=null, DoesAutomaticallyRenew=false, Margin=null, MarginAmount=null, UnitCost=null, TotalCost=null, TotalAdjustment=null, TotalMargin=null, TotalMarginAmount=null, PriceRevisionPolicyId=null, ReplacementGroupId=null, Currency__c=USD, Workday_Sync_Correlation_Id__c=null, Workday_Sync_Message__c=null, Workday_Sync_Payload__c=null, Workday_Sync_Status__c=null, Multiple_Element_Rev_Alloc_Value__c=false, Workday_Revenue_Category__c=null, Billing_Schedule_From_Date__c=2026-06-15 00:00:00, Billing_Schedule_To_Date__c=2027-06-14 00:00:00, Custom_Product_Name__c=null, Ship_To_Address__c=null, Legacy_Id__c=null, DoNotExpand__c=false, Royalty_Amount__c=null, Exchange_Rate_To_USD__c=null, gsOrderDetailID__c=null, gsOrderID__c=null, Asset__c=null, Entitlement__c=null, Feature_Code__c=null, Freight_Terms__c=null, GSA__c=false, Hardware_ID__c=null, Hardware__c=null, Hostname__c=null, Instances__c=null, Is_Term__c=false, COLA_Uplift_Percent__c=null, End_Date_Calculated__c=2027-06-14 00:00:00, Legacy_Source__c=null, MSP_End_User__c=null, MYCAP__c=false, Maintenance_Discount_Percent__c=null, Manual_Discount__c=null, Migration_Change__c=null, Model__c=null, Number_of_Processors__c=null, Order_Is_Price_Locked__c=false, Override_Discount_Amount__c=null, Override_Discount_Percentage__c=null, Partition__c=null, Partner_Discount_Type__c=null, Price_Overriden__c=false, Prior_Feature_Code__c=null, Prior_Group_Number__c=null, Prior_Model__c=null, Prior_Number_of_Processors__c=null, Prior_Serial_Number__c=null, Product_Sale_Type__c=null, Product_type__c=null, Quantity_Back_Ordered__c=null, Quantity_Shipped__c=null, RSM_Discount_Percent__c=null, RSM__c=null, Requested_Delivery_Date__c=null, Sales_Support_Notes__c=null, Sequence_Number__c=null, Server_Type_Discount_Percent__c=null, Skip_Price_Calculation__c=false, Swap__c=false, System_Type__c=null, Tax_Code__c=null, Units__c=null, Uplift_Percent__c=null, Version_Number__c=null, Fortra_Product_Type__c=Subscription, Year_After_StartDate__c=false, Two_Years_After_Start_Date__c=false, Order_Line_ARR__c=null, Base_Price__c=null, Displaced_ARR__c=null, Is_Split_Line__c=false, Original_Order_Item__c=null, Partition_Record__c=null, Quote_Legal_Entity__c=Fortra, LLC*, Serial_Number__c=null, AllowRegionalPricing__c=false, Attribute_Multiplier_Pct__c=null, Attribute_Price_Mode__c=null, COLACalculatedPrice__c=null, Has_Attribute_Adjustment__c=false, RegionalNetUnitPrice__c=null, Quote_Line_Discount_Reason__c=null, Billing_Frequency__c=Yearly_Billing_Template, Order_Line_NARR_Calculated__c=0.0, Workday_Contract_Line_Reference_ID__c=null, LPAR_Number__c=null, LPAR_System_Name__c=null, Workday_Contract_Line_Type__c=FIXED AMOUNT, Start_Date_Calculated__c=2026-06-15 00:00:00, LegacyQuoteLineDiscount__c=null, LIC_Fair_Value_Amount__c=null, MAINT_Fair_Value_Amount__c=null, Source_List_Price__c=null, Prior_Discretionary_Discount__c=null, Prior_Partner_Discount__c=null, NetTotalPrice_Calculated__c=94000.0}
10:37:44.481 (6496092780)|FLOW_ELEMENT_BEGIN|354400a6b0892dcf0982735409c119ecc44afe5-118b|FlowRecordLookup|Get_Product
10:37:44.481 (6496126814)|FLOW_ELEMENT_DEFERRED|FlowRecordLookup|Get_Product
10:37:44.481 (6496187797)|FLOW_ELEMENT_LIMIT_USAGE|4 ms CPU time, total 3348 out of 15000
10:37:44.481 (6496200671)|FLOW_ELEMENT_END|354400a6b0892dcf0982735409c119ecc44afe5-118b|FlowRecordLookup|Get_Product
10:37:44.481 (6497012131)|FLOW_START_INTERVIEW_END|354400a6b0892dcf0982735409c119ecc44afe5-118b|Fortra &#124; OrderItem &#124; Set Workday Contract Line Type
10:37:44.481 (6497060213)|FLOW_START_INTERVIEW_BEGIN|354500a6b0892dcf0982735409c119ecc44afe5-118c|Fortra &#124; OrderItem &#124; Set Workday Contract Line Type
10:37:44.481 (6497104755)|FLOW_START_INTERVIEW_LIMIT_USAGE|SOQL queries: 0 out of 100
10:37:44.481 (6497113029)|FLOW_START_INTERVIEW_LIMIT_USAGE|SOQL query rows: 0 out of 50000
10:37:44.481 (6497119444)|FLOW_START_INTERVIEW_LIMIT_USAGE|SOSL queries: 0 out of 20
10:37:44.481 (6497125808)|FLOW_START_INTERVIEW_LIMIT_USAGE|DML statements: 1 out of 150
10:37:44.481 (6497132295)|FLOW_START_INTERVIEW_LIMIT_USAGE|DML rows: 3 out of 10000
10:37:44.481 (6497138637)|FLOW_START_INTERVIEW_LIMIT_USAGE|CPU time in ms: 3348 out of 15000
10:37:44.481 (6497147890)|FLOW_START_INTERVIEW_LIMIT_USAGE|Heap size in bytes: 0 out of 6000000
10:37:44.481 (6497155718)|FLOW_START_INTERVIEW_LIMIT_USAGE|Callouts: 0 out of 100
10:37:44.481 (6497162688)|FLOW_START_INTERVIEW_LIMIT_USAGE|Email invocations: 0 out of 10
10:37:44.481 (6497170182)|FLOW_START_INTERVIEW_LIMIT_USAGE|Future calls: 0 out of 50
10:37:44.481 (6497175585)|FLOW_START_INTERVIEW_LIMIT_USAGE|Jobs in queue: 0 out of 50
10:37:44.481 (6497180513)|FLOW_START_INTERVIEW_LIMIT_USAGE|Push notifications: 0 out of 10
10:37:44.481 (6499727147)|FLOW_VALUE_ASSIGNMENT|354500a6b0892dcf0982735409c119ecc44afe5-118c|$Record|{Id=802WC00000OpoppYAB, Product2Id=01tWC00000DD1btYAD, IsDeleted=false, OrderId=801WC00000knHDLYA2, PricebookEntryId=01uWC000005ws8MYAQ, OriginalOrderItemId=null, QuoteLineItemId=0QLWC000003ehR74AI, AvailableQuantity=1.0, Quantity=1.0, CurrencyIsoCode=USD, UnitPrice=301.75, ListPrice=355.0, TotalPrice=256.4875, BillingReference2=null, ServiceDate=null, ServiceTime=null, ServiceDateTime=null, EndDate=null, EndTime=null, EndDateTime=null, ServiceEndTimeZone=null, Description=Powertech Identity & Access Manager (BoKS) &#124; Standard, TotalLineAmount=301.75, TotalAdjustmentAmount=-45.2625, TotalLineAdjustmentAmount=0.0, TotalAdjustmentDistAmount=0.0, TotalAdjustmentTaxAmount=0.0, TotalLineAdjustmentTaxAmount=0.0, TotalAdjustmentDistTaxAmount=0.0, TotalLineTaxAmount=0.0, TotalTaxAmount=0.0, RoundedLineAmount=301.75, AdjustedLineAmount=256.4875, TotalAdjustedLineTaxAmount=0.0, RoundedLineAmtWithTax=301.75, TotalAdjustmentAmtWithTax=-45.2625, AdjustedLineAmtWithTax=256.4875, TotalLineAdjustmentAmtWithTax=0.0, TotalAdjustmentDistAmtWithTax=0.0, TotalAmtWithTax=256.4875, OrderDeliveryGroupId=null, RelatedOrderItemId=null, Type=null, TypeCode=null, TaxTreatmentId=null, LegalEntityId=0fwWC000000034LYAQ, BillingTreatmentId=null, ProductSellingModelId=0jPWC00000005yz2AA, OrderActionId=8OAWC000002SOpS4AW, ProrationPolicyId=null, PeriodBoundary=null, PeriodBoundaryStartMonth=null, PeriodBoundaryDay=null, PricingTermCount=0.0, NetUnitPrice=256.4875, BillingFrequency2=null, ParentOrderItemId=null, Status=null, LineNumber=2, CreatedDate=2026-06-15 14:12:47, CreatedById=005a500001SfRd7AAF, LastModifiedDate=2026-06-15 17:37:45, LastModifiedById=005WC00000MgTN2YAN, SystemModstamp=2026-06-15 17:37:45, OrderItemNumber=0000564382, PriceWaterfallIdentifier=802WC00000OpoppYAB:149295898650024, StartQuantity=0.0, EndQuantity=1.0, NetTotalPrice=256.4875, Discount=null, DiscountAmount=null, PartnerDiscountPercent=15.0, PartnerUnitPrice=301.75, ValidationResult=null, EarliestEstimatedDeliveryDate=null, LatestEstimatedDeliveryDate=null, EarliestEstimatedDeliveryTime=null, LatestEstimatedDeliveryTime=null, EstimatedDeliveryReference=null, EstimatedDeliveryTimeZone=null, CustomProductName=null, SubscriptionTerm=null, OrderItemGroupId=null, SegmentIdentifier=null, SegmentType=null, SegmentName=null, IsPrimarySegment=false, OrderItemRecipientId=null, RampIdentifier=null, QuantityUnitOfMeasureId=null, UnitPriceUplift=null, BindingInstanceTargetId=null, PricingContractId=null, RevenueCloudPackagingFlag=CP, IsOrderItemLocked=false, RelatedChangeIdentifier=null, SupplementalChangeType=null, AggregatedQuantity=1.0, BatchIdentifier=null, DoesAutomaticallyRenew=false, Margin=null, MarginAmount=null, UnitCost=null, TotalCost=null, TotalAdjustment=null, TotalMargin=null, TotalMarginAmount=null, PriceRevisionPolicyId=null, ReplacementGroupId=null, Currency__c=USD, Workday_Sync_Correlation_Id__c=null, Workday_Sync_Message__c=null, Workday_Sync_Payload__c=null, Workday_Sync_Status__c=null, Multiple_Element_Rev_Alloc_Value__c=false, Workday_Revenue_Category__c=null, Billing_Schedule_From_Date__c=2026-06-15 00:00:00, Billing_Schedule_To_Date__c=2026-06-15 00:00:00, Custom_Product_Name__c=null, Ship_To_Address__c=null, Legacy_Id__c=null, DoNotExpand__c=false, Royalty_Amount__c=null, Exchange_Rate_To_USD__c=null, gsOrderDetailID__c=null, gsOrderID__c=null, Asset__c=null, Entitlement__c=null, Feature_Code__c=null, Freight_Terms__c=null, GSA__c=false, Hardware_ID__c=null, Hardware__c=null, Hostname__c=null, Instances__c=null, Is_Term__c=false, COLA_Uplift_Percent__c=null, End_Date_Calculated__c=2026-06-15 00:00:00, Legacy_Source__c=null, MSP_End_User__c=null, MYCAP__c=false, Maintenance_Discount_Percent__c=null, Manual_Discount__c=null, Migration_Change__c=null, Model__c=null, Number_of_Processors__c=null, Order_Is_Price_Locked__c=false, Override_Discount_Amount__c=null, Override_Discount_Percentage__c=null, Partition__c=null, Partner_Discount_Type__c=null, Price_Overriden__c=false, Prior_Feature_Code__c=null, Prior_Group_Number__c=null, Prior_Model__c=null, Prior_Number_of_Processors__c=null, Prior_Serial_Number__c=null, Product_Sale_Type__c=null, Product_type__c=null, Quantity_Back_Ordered__c=null, Quantity_Shipped__c=null, RSM_Discount_Percent__c=null, RSM__c=null, Requested_Delivery_Date__c=null, Sales_Support_Notes__c=null, Sequence_Number__c=null, Server_Type_Discount_Percent__c=null, Skip_Price_Calculation__c=false, Swap__c=false, System_Type__c=null, Tax_Code__c=null, Units__c=null, Uplift_Percent__c=null, Version_Number__c=null, Fortra_Product_Type__c=Perpetual, Year_After_StartDate__c=false, Two_Years_After_Start_Date__c=false, Order_Line_ARR__c=null, Base_Price__c=null, Displaced_ARR__c=null, Is_Split_Line__c=false, Original_Order_Item__c=null, Partition_Record__c=null, Quote_Legal_Entity__c=Fortra, LLC*, Serial_Number__c=null, AllowRegionalPricing__c=false, Attribute_Multiplier_Pct__c=null, Attribute_Price_Mode__c=null, COLACalculatedPrice__c=null, Has_Attribute_Adjustment__c=false, RegionalNetUnitPrice__c=null, Quote_Line_Discount_Reason__c=null, Billing_Frequency__c=Yearly_Billing_Template, Order_Line_NARR_Calculated__c=0.0, Workday_Contract_Line_Reference_ID__c=null, LPAR_Number__c=null, LPAR_System_Name__c=null, Workday_Contract_Line_Type__c=FIXED AMOUNT, Start_Date_Calculated__c=2026-06-15 00:00:00, LegacyQuoteLineDiscount__c=null, LIC_Fair_Value_Amount__c=null, MAINT_Fair_Value_Amount__c=null, Source_List_Price__c=null, Prior_Discretionary_Discount__c=null, Prior_Partner_Discount__c=null, NetTotalPrice_Calculated__c=256.49}
10:37:44.481 (6499975420)|FLOW_ELEMENT_BEGIN|354500a6b0892dcf0982735409c119ecc44afe5-118c|FlowRecordLookup|Get_Product
10:37:44.481 (6500038459)|FLOW_ELEMENT_DEFERRED|FlowRecordLookup|Get_Product
10:37:44.481 (6500091272)|FLOW_ELEMENT_LIMIT_USAGE|3 ms CPU time, total 3351 out of 15000
10:37:44.481 (6500098169)|FLOW_ELEMENT_END|354500a6b0892dcf0982735409c119ecc44afe5-118c|FlowRecordLookup|Get_Product
10:37:44.481 (6500182444)|FLOW_START_INTERVIEW_END|354500a6b0892dcf0982735409c119ecc44afe5-118c|Fortra &#124; OrderItem &#124; Set Workday Contract Line Type
10:37:44.481 (6500201678)|FLOW_START_INTERVIEW_BEGIN|354600a6b0892dcf0982735409c119ecc44afe5-118d|Fortra &#124; OrderItem &#124; Set Workday Contract Line Type
10:37:44.481 (6500227335)|FLOW_START_INTERVIEW_LIMIT_USAGE|SOQL queries: 0 out of 100
10:37:44.481 (6500233439)|FLOW_START_INTERVIEW_LIMIT_USAGE|SOQL query rows: 0 out of 50000
10:37:44.481 (6500239625)|FLOW_START_INTERVIEW_LIMIT_USAGE|SOSL queries: 0 out of 20
10:37:44.481 (6500245740)|FLOW_START_INTERVIEW_LIMIT_USAGE|DML statements: 1 out of 150
10:37:44.481 (6500251449)|FLOW_START_INTERVIEW_LIMIT_USAGE|DML rows: 3 out of 10000
10:37:44.481 (6500257316)|FLOW_START_INTERVIEW_LIMIT_USAGE|CPU time in ms: 3351 out of 15000
10:37:44.481 (6500264009)|FLOW_START_INTERVIEW_LIMIT_USAGE|Heap size in bytes: 0 out of 6000000
10:37:44.481 (6500269968)|FLOW_START_INTERVIEW_LIMIT_USAGE|Callouts: 0 out of 100
10:37:44.481 (6500275813)|FLOW_START_INTERVIEW_LIMIT_USAGE|Email invocations: 0 out of 10
10:37:44.481 (6500281456)|FLOW_START_INTERVIEW_LIMIT_USAGE|Future calls: 0 out of 50
10:37:44.481 (6500287378)|FLOW_START_INTERVIEW_LIMIT_USAGE|Jobs in queue: 0 out of 50
10:37:44.481 (6500293358)|FLOW_START_INTERVIEW_LIMIT_USAGE|Push notifications: 0 out of 10
10:37:44.481 (6503550173)|FLOW_VALUE_ASSIGNMENT|354600a6b0892dcf0982735409c119ecc44afe5-118d|$Record|{Id=802WC00000OpopqYAB, Product2Id=01tWC00000DD1bsYAD, IsDeleted=false, OrderId=801WC00000knHDLYA2, PricebookEntryId=01uWC000005wsbUYAQ, OriginalOrderItemId=null, QuoteLineItemId=0QLWC000003ehR84AI, AvailableQuantity=0.0, Quantity=0.0, CurrencyIsoCode=USD, UnitPrice=null, ListPrice=0.0, TotalPrice=0.0, BillingReference2=802WC00000OZLOrYAP, ServiceDate=2026-06-15 00:00:00, ServiceTime=00:00:00.000Z, ServiceDateTime=null, EndDate=null, EndTime=null, EndDateTime=null, ServiceEndTimeZone=GMT, Description=Powertech Identity & Access Manager (BoKS)-NewMaintenance &#124; Standard, TotalLineAmount=0.0, TotalAdjustmentAmount=0.0, TotalLineAdjustmentAmount=0.0, TotalAdjustmentDistAmount=0.0, TotalAdjustmentTaxAmount=0.0, TotalLineAdjustmentTaxAmount=0.0, TotalAdjustmentDistTaxAmount=0.0, TotalLineTaxAmount=0.0, TotalTaxAmount=0.0, RoundedLineAmount=0.0, AdjustedLineAmount=0.0, TotalAdjustedLineTaxAmount=0.0, RoundedLineAmtWithTax=0.0, TotalAdjustmentAmtWithTax=0.0, AdjustedLineAmtWithTax=0.0, TotalLineAdjustmentAmtWithTax=0.0, TotalAdjustmentDistAmtWithTax=0.0, TotalAmtWithTax=0.0, OrderDeliveryGroupId=null, RelatedOrderItemId=null, Type=null, TypeCode=null, TaxTreatmentId=null, LegalEntityId=0fwWC000000034LYAQ, BillingTreatmentId=1BTWC000000Mdh34AC, ProductSellingModelId=0jPWC00000005yz2AA, OrderActionId=8OAWC000002SOpR4AW, ProrationPolicyId=null, PeriodBoundary=null, PeriodBoundaryStartMonth=null, PeriodBoundaryDay=null, PricingTermCount=null, NetUnitPrice=null, BillingFrequency2=null, ParentOrderItemId=null, Status=null, LineNumber=3, CreatedDate=2026-06-15 14:12:47, CreatedById=005a500001SfRd7AAF, LastModifiedDate=2026-06-15 17:37:45, LastModifiedById=005WC00000MgTN2YAN, SystemModstamp=2026-06-15 17:37:45, OrderItemNumber=0000564383, PriceWaterfallIdentifier=null, StartQuantity=1.0, EndQuantity=1.0, NetTotalPrice=0.0, Discount=null, DiscountAmount=null, PartnerDiscountPercent=12.0, PartnerUnitPrice=null, ValidationResult=null, EarliestEstimatedDeliveryDate=null, LatestEstimatedDeliveryDate=null, EarliestEstimatedDeliveryTime=null, LatestEstimatedDeliveryTime=null, EstimatedDeliveryReference=null, EstimatedDeliveryTimeZone=null, CustomProductName=Powertech Identity & Access Manager (BoKS)-NewMaintenance, SubscriptionTerm=null, OrderItemGroupId=null, SegmentIdentifier=null, SegmentType=null, SegmentName=null, IsPrimarySegment=false, OrderItemRecipientId=null, RampIdentifier=null, QuantityUnitOfMeasureId=null, UnitPriceUplift=null, BindingInstanceTargetId=null, PricingContractId=null, RevenueCloudPackagingFlag=P, IsOrderItemLocked=false, RelatedChangeIdentifier=null, SupplementalChangeType=null, AggregatedQuantity=null, BatchIdentifier=null, DoesAutomaticallyRenew=false, Margin=null, MarginAmount=null, UnitCost=null, TotalCost=null, TotalAdjustment=null, TotalMargin=null, TotalMarginAmount=null, PriceRevisionPolicyId=null, ReplacementGroupId=null, Currency__c=USD, Workday_Sync_Correlation_Id__c=null, Workday_Sync_Message__c=null, Workday_Sync_Payload__c=null, Workday_Sync_Status__c=null, Multiple_Element_Rev_Alloc_Value__c=false, Workday_Revenue_Category__c=null, Billing_Schedule_From_Date__c=2026-06-15 00:00:00, Billing_Schedule_To_Date__c=2027-06-14 00:00:00, Custom_Product_Name__c=null, Ship_To_Address__c=null, Legacy_Id__c=null, DoNotExpand__c=false, Royalty_Amount__c=null, Exchange_Rate_To_USD__c=null, gsOrderDetailID__c=null, gsOrderID__c=null, Asset__c=null, Entitlement__c=null, Feature_Code__c=null, Freight_Terms__c=null, GSA__c=false, Hardware_ID__c=null, Hardware__c=null, Hostname__c=null, Instances__c=null, Is_Term__c=false, COLA_Uplift_Percent__c=null, End_Date_Calculated__c=2027-06-14 00:00:00, Legacy_Source__c=null, MSP_End_User__c=null, MYCAP__c=false, Maintenance_Discount_Percent__c=null, Manual_Discount__c=null, Migration_Change__c=null, Model__c=null, Number_of_Processors__c=null, Order_Is_Price_Locked__c=false, Override_Discount_Amount__c=null, Override_Discount_Percentage__c=null, Partition__c=null, Partner_Discount_Type__c=null, Price_Overriden__c=false, Prior_Feature_Code__c=null, Prior_Group_Number__c=null, Prior_Model__c=null, Prior_Number_of_Processors__c=null, Prior_Serial_Number__c=null, Product_Sale_Type__c=null, Product_type__c=null, Quantity_Back_Ordered__c=null, Quantity_Shipped__c=null, RSM_Discount_Percent__c=null, RSM__c=null, Requested_Delivery_Date__c=null, Sales_Support_Notes__c=null, Sequence_Number__c=null, Server_Type_Discount_Percent__c=null, Skip_Price_Calculation__c=false, Swap__c=false, System_Type__c=null, Tax_Code__c=null, Units__c=null, Uplift_Percent__c=null, Version_Number__c=null, Fortra_Product_Type__c=New Maintenance, Year_After_StartDate__c=false, Two_Years_After_Start_Date__c=false, Order_Line_ARR__c=null, Base_Price__c=355.0, Displaced_ARR__c=null, Is_Split_Line__c=false, Original_Order_Item__c=null, Partition_Record__c=null, Quote_Legal_Entity__c=Fortra, LLC*, Serial_Number__c=null, AllowRegionalPricing__c=false, Attribute_Multiplier_Pct__c=null, Attribute_Price_Mode__c=null, COLACalculatedPrice__c=null, Has_Attribute_Adjustment__c=false, RegionalNetUnitPrice__c=null, Quote_Line_Discount_Reason__c=null, Billing_Frequency__c=Yearly_Billing_Template, Order_Line_NARR_Calculated__c=0.0, Workday_Contract_Line_Reference_ID__c=null, LPAR_Number__c=null, LPAR_System_Name__c=null, Workday_Contract_Line_Type__c=FIXED AMOUNT, Start_Date_Calculated__c=2026-06-15 00:00:00, LegacyQuoteLineDiscount__c=null, LIC_Fair_Value_Amount__c=null, MAINT_Fair_Value_Amount__c=null, Source_List_Price__c=355.0, Prior_Discretionary_Discount__c=null, Prior_Partner_Discount__c=null, NetTotalPrice_Calculated__c=0.0}
10:37:44.481 (6503676067)|FLOW_ELEMENT_BEGIN|354600a6b0892dcf0982735409c119ecc44afe5-118d|FlowRecordLookup|Get_Product
10:37:44.481 (6503695390)|FLOW_ELEMENT_DEFERRED|FlowRecordLookup|Get_Product
10:37:44.481 (6503736070)|FLOW_ELEMENT_LIMIT_USAGE|4 ms CPU time, total 3355 out of 15000
10:37:44.481 (6503741350)|FLOW_ELEMENT_END|354600a6b0892dcf0982735409c119ecc44afe5-118d|FlowRecordLookup|Get_Product
10:37:44.481 (6503783755)|FLOW_START_INTERVIEW_END|354600a6b0892dcf0982735409c119ecc44afe5-118d|Fortra &#124; OrderItem &#124; Set Workday Contract Line Type
10:37:44.481 (6503944566)|FLOW_BULK_ELEMENT_BEGIN|FlowRecordLookup|Get_Product
10:37:44.481 (6504142300)|LIMIT_USAGE|[EXTERNAL]|FIELDSETS_DESCRIBES|1|100
10:37:44.481 (6510415314)|LIMIT_USAGE|[EXTERNAL]|SOQL_ROWS|3|50000
10:37:44.481 (6510427057)|LIMIT_USAGE|[EXTERNAL]|SOQL|1|100
10:37:44.481 (6510430142)|LIMIT_USAGE|[EXTERNAL]|AGGS|1|300
10:37:44.481 (6510576730)|FLOW_VALUE_ASSIGNMENT|354400a6b0892dcf0982735409c119ecc44afe5-118b|Get_Product|{pse__IsServicesProduct__c=false, Id=01tWC00000DD11JYAT}
10:37:44.481 (6510615919)|FLOW_BULK_ELEMENT_DETAIL|FlowRecordLookup|Get_Product|1
10:37:44.481 (6510649854)|FLOW_VALUE_ASSIGNMENT|354600a6b0892dcf0982735409c119ecc44afe5-118d|Get_Product|{pse__IsServicesProduct__c=false, Id=01tWC00000DD1bsYAD}
10:37:44.481 (6510654666)|FLOW_BULK_ELEMENT_DETAIL|FlowRecordLookup|Get_Product|1
10:37:44.481 (6510670086)|FLOW_VALUE_ASSIGNMENT|354500a6b0892dcf0982735409c119ecc44afe5-118c|Get_Product|{pse__IsServicesProduct__c=false, Id=01tWC00000DD1btYAD}
10:37:44.481 (6510673594)|FLOW_BULK_ELEMENT_DETAIL|FlowRecordLookup|Get_Product|1
10:37:44.481 (6511071928)|FLOW_BULK_ELEMENT_LIMIT_USAGE|1 SOQL queries, total 1 out of 100
10:37:44.481 (6511112628)|FLOW_BULK_ELEMENT_LIMIT_USAGE|3 SOQL query rows, total 3 out of 50000
10:37:44.481 (6511119605)|FLOW_BULK_ELEMENT_LIMIT_USAGE|6 ms CPU time, total 3361 out of 15000
10:37:44.481 (6511134333)|FLOW_BULK_ELEMENT_END|FlowRecordLookup|Get_Product|3|6
10:37:44.481 (6511196143)|FLOW_ELEMENT_BEGIN|354400a6b0892dcf0982735409c119ecc44afe5-118b|FlowDecision|Decision_Is_Services_Product
10:37:44.481 (6511211062)|FLOW_ELEMENT_DEFERRED|FlowDecision|Decision_Is_Services_Product
10:37:44.481 (6511230916)|FLOW_ELEMENT_END|354400a6b0892dcf0982735409c119ecc44afe5-118b|FlowDecision|Decision_Is_Services_Product
10:37:44.481 (6511244124)|FLOW_ELEMENT_BEGIN|354500a6b0892dcf0982735409c119ecc44afe5-118c|FlowDecision|Decision_Is_Services_Product
10:37:44.481 (6511249461)|FLOW_ELEMENT_DEFERRED|FlowDecision|Decision_Is_Services_Product
10:37:44.481 (6511256145)|FLOW_ELEMENT_END|354500a6b0892dcf0982735409c119ecc44afe5-118c|FlowDecision|Decision_Is_Services_Product
10:37:44.481 (6511272087)|FLOW_ELEMENT_BEGIN|354600a6b0892dcf0982735409c119ecc44afe5-118d|FlowDecision|Decision_Is_Services_Product
10:37:44.481 (6511277528)|FLOW_ELEMENT_DEFERRED|FlowDecision|Decision_Is_Services_Product
10:37:44.481 (6511283458)|FLOW_ELEMENT_END|354600a6b0892dcf0982735409c119ecc44afe5-118d|FlowDecision|Decision_Is_Services_Product
10:37:44.481 (6511315610)|FLOW_BULK_ELEMENT_BEGIN|FlowDecision|Decision_Is_Services_Product
10:37:44.481 (6511459327)|FLOW_RULE_DETAIL|354400a6b0892dcf0982735409c119ecc44afe5-118b|Is_Services_Product|false|false
10:37:44.481 (6511475982)|FLOW_VALUE_ASSIGNMENT|354400a6b0892dcf0982735409c119ecc44afe5-118b|Is_Services_Product|false
10:37:44.481 (6511503499)|FLOW_RULE_DETAIL|354500a6b0892dcf0982735409c119ecc44afe5-118c|Is_Services_Product|false|false
10:37:44.481 (6511509893)|FLOW_VALUE_ASSIGNMENT|354500a6b0892dcf0982735409c119ecc44afe5-118c|Is_Services_Product|false
10:37:44.481 (6511524347)|FLOW_RULE_DETAIL|354600a6b0892dcf0982735409c119ecc44afe5-118d|Is_Services_Product|false|false
10:37:44.481 (6511529443)|FLOW_VALUE_ASSIGNMENT|354600a6b0892dcf0982735409c119ecc44afe5-118d|Is_Services_Product|false
10:37:44.481 (6511620456)|FLOW_BULK_ELEMENT_END|FlowDecision|Decision_Is_Services_Product|0|0
10:37:44.481 (6511643436)|FLOW_ELEMENT_BEGIN|354400a6b0892dcf0982735409c119ecc44afe5-118b|FlowDecision|Decision_Is_Subsplit
10:37:44.481 (6511650810)|FLOW_ELEMENT_DEFERRED|FlowDecision|Decision_Is_Subsplit
10:37:44.481 (6511660079)|FLOW_ELEMENT_END|354400a6b0892dcf0982735409c119ecc44afe5-118b|FlowDecision|Decision_Is_Subsplit
10:37:44.481 (6511669739)|FLOW_ELEMENT_BEGIN|354500a6b0892dcf0982735409c119ecc44afe5-118c|FlowDecision|Decision_Is_Subsplit
10:37:44.481 (6511674801)|FLOW_ELEMENT_DEFERRED|FlowDecision|Decision_Is_Subsplit
10:37:44.481 (6511680880)|FLOW_ELEMENT_END|354500a6b0892dcf0982735409c119ecc44afe5-118c|FlowDecision|Decision_Is_Subsplit
10:37:44.481 (6511689777)|FLOW_ELEMENT_BEGIN|354600a6b0892dcf0982735409c119ecc44afe5-118d|FlowDecision|Decision_Is_Subsplit
10:37:44.481 (6511694587)|FLOW_ELEMENT_DEFERRED|FlowDecision|Decision_Is_Subsplit
10:37:44.481 (6511700059)|FLOW_ELEMENT_END|354600a6b0892dcf0982735409c119ecc44afe5-118d|FlowDecision|Decision_Is_Subsplit
10:37:44.481 (6511896018)|FLOW_BULK_ELEMENT_BEGIN|FlowDecision|Decision_Is_Subsplit
10:37:44.481 (6512638462)|FLOW_RULE_DETAIL|354400a6b0892dcf0982735409c119ecc44afe5-118b|Has_Subsplit|false|false
10:37:44.481 (6512665013)|FLOW_VALUE_ASSIGNMENT|354400a6b0892dcf0982735409c119ecc44afe5-118b|Has_Subsplit|false
10:37:44.481 (6512832931)|FLOW_RULE_DETAIL|354500a6b0892dcf0982735409c119ecc44afe5-118c|Has_Subsplit|false|false
10:37:44.481 (6512843528)|FLOW_VALUE_ASSIGNMENT|354500a6b0892dcf0982735409c119ecc44afe5-118c|Has_Subsplit|false
10:37:44.481 (6512900484)|FLOW_RULE_DETAIL|354600a6b0892dcf0982735409c119ecc44afe5-118d|Has_Subsplit|false|false
10:37:44.481 (6512906950)|FLOW_VALUE_ASSIGNMENT|354600a6b0892dcf0982735409c119ecc44afe5-118d|Has_Subsplit|false
10:37:44.481 (6513030383)|FLOW_BULK_ELEMENT_LIMIT_USAGE|2 ms CPU time, total 3363 out of 15000
10:37:44.481 (6513048247)|FLOW_BULK_ELEMENT_END|FlowDecision|Decision_Is_Subsplit|0|1
10:37:44.481 (6513097952)|FLOW_ELEMENT_BEGIN|354400a6b0892dcf0982735409c119ecc44afe5-118b|FlowRecordUpdate|Update_LineType_Fixed_Amount
10:37:44.481 (6513110057)|FLOW_ELEMENT_DEFERRED|FlowRecordUpdate|Update_LineType_Fixed_Amount
10:37:44.481 (6513127532)|FLOW_ELEMENT_END|354400a6b0892dcf0982735409c119ecc44afe5-118b|FlowRecordUpdate|Update_LineType_Fixed_Amount
10:37:44.481 (6513139324)|FLOW_ELEMENT_BEGIN|354500a6b0892dcf0982735409c119ecc44afe5-118c|FlowRecordUpdate|Update_LineType_Fixed_Amount
10:37:44.481 (6513145052)|FLOW_ELEMENT_DEFERRED|FlowRecordUpdate|Update_LineType_Fixed_Amount
10:37:44.481 (6513151419)|FLOW_ELEMENT_END|354500a6b0892dcf0982735409c119ecc44afe5-118c|FlowRecordUpdate|Update_LineType_Fixed_Amount
10:37:44.481 (6513160181)|FLOW_ELEMENT_BEGIN|354600a6b0892dcf0982735409c119ecc44afe5-118d|FlowRecordUpdate|Update_LineType_Fixed_Amount
10:37:44.481 (6513165611)|FLOW_ELEMENT_DEFERRED|FlowRecordUpdate|Update_LineType_Fixed_Amount
10:37:44.481 (6513171241)|FLOW_ELEMENT_END|354600a6b0892dcf0982735409c119ecc44afe5-118d|FlowRecordUpdate|Update_LineType_Fixed_Amount
10:37:44.481 (6513206057)|FLOW_BULK_ELEMENT_BEGIN|FlowRecordUpdate|Update_LineType_Fixed_Amount
10:37:44.481 (6513601056)|FLOW_BULK_ELEMENT_DETAIL|FlowRecordUpdate|Update_LineType_Fixed_Amount|1
10:37:44.481 (6513711764)|FLOW_BULK_ELEMENT_DETAIL|FlowRecordUpdate|Update_LineType_Fixed_Amount|1
10:37:44.481 (6513790724)|FLOW_BULK_ELEMENT_DETAIL|FlowRecordUpdate|Update_LineType_Fixed_Amount|1
10:37:44.481 (6513802492)|LIMIT_USAGE|[EXTERNAL]|DML|2|150
10:37:44.481 (6513807019)|LIMIT_USAGE|[EXTERNAL]|DML_ROWS|6|10000
10:37:44.481 (6613346658)|FLOW_VALUE_ASSIGNMENT|354400a6b0892dcf0982735409c119ecc44afe5-118b|Update_LineType_Fixed_Amount|true
10:37:44.481 (6615111911)|FLOW_VALUE_ASSIGNMENT|354400a6b0892dcf0982735409c119ecc44afe5-118b|$Record|{Id=802WC00000OpopoYAB, Product2Id=01tWC00000DD11JYAT, IsDeleted=false, OrderId=801WC00000knHDLYA2, PricebookEntryId=01uWC000005wrrDYAQ, OriginalOrderItemId=null, QuoteLineItemId=0QLWC000003ehSj4AI, AvailableQuantity=1.0, Quantity=1.0, CurrencyIsoCode=USD, UnitPrice=94000.0, ListPrice=94000.0, TotalPrice=94000.0, BillingReference2=null, ServiceDate=2026-06-15 00:00:00, ServiceTime=00:00:00.000Z, ServiceDateTime=null, EndDate=null, EndTime=null, EndDateTime=null, ServiceEndTimeZone=GMT, Description=null, TotalLineAmount=94000.0, TotalAdjustmentAmount=0.0, TotalLineAdjustmentAmount=0.0, TotalAdjustmentDistAmount=0.0, TotalAdjustmentTaxAmount=0.0, TotalLineAdjustmentTaxAmount=0.0, TotalAdjustmentDistTaxAmount=0.0, TotalLineTaxAmount=0.0, TotalTaxAmount=0.0, RoundedLineAmount=94000.0, AdjustedLineAmount=94000.0, TotalAdjustedLineTaxAmount=0.0, RoundedLineAmtWithTax=94000.0, TotalAdjustmentAmtWithTax=0.0, AdjustedLineAmtWithTax=94000.0, TotalLineAdjustmentAmtWithTax=0.0, TotalAdjustmentDistAmtWithTax=0.0, TotalAmtWithTax=94000.0, OrderDeliveryGroupId=null, RelatedOrderItemId=null, Type=null, TypeCode=null, TaxTreatmentId=null, LegalEntityId=0fwWC000000034LYAQ, BillingTreatmentId=null, ProductSellingModelId=0jPWC000000060b2AA, OrderActionId=8OAWC000002SOpS4AW, ProrationPolicyId=0mua50000004KzRAAU, PeriodBoundary=Anniversary, PeriodBoundaryStartMonth=null, PeriodBoundaryDay=null, PricingTermCount=null, NetUnitPrice=94000.0, BillingFrequency2=Annual, ParentOrderItemId=null, Status=null, LineNumber=1, CreatedDate=2026-06-15 14:12:47, CreatedById=005a500001SfRd7AAF, LastModifiedDate=2026-06-15 17:37:45, LastModifiedById=005WC00000MgTN2YAN, SystemModstamp=2026-06-15 17:37:45, OrderItemNumber=0000564381, PriceWaterfallIdentifier=802WC00000OpopoYAB:149295898650024, StartQuantity=0.0, EndQuantity=1.0, NetTotalPrice=94000.0, Discount=null, DiscountAmount=null, PartnerDiscountPercent=null, PartnerUnitPrice=null, ValidationResult=null, EarliestEstimatedDeliveryDate=null, LatestEstimatedDeliveryDate=null, EarliestEstimatedDeliveryTime=null, LatestEstimatedDeliveryTime=null, EstimatedDeliveryReference=null, EstimatedDeliveryTimeZone=null, CustomProductName=null, SubscriptionTerm=1, OrderItemGroupId=null, SegmentIdentifier=null, SegmentType=null, SegmentName=null, IsPrimarySegment=false, OrderItemRecipientId=null, RampIdentifier=null, QuantityUnitOfMeasureId=null, UnitPriceUplift=null, BindingInstanceTargetId=null, PricingContractId=null, RevenueCloudPackagingFlag=CP, IsOrderItemLocked=false, RelatedChangeIdentifier=null, SupplementalChangeType=null, AggregatedQuantity=1.0, BatchIdentifier=null, DoesAutomaticallyRenew=false, Margin=null, MarginAmount=null, UnitCost=null, TotalCost=null, TotalAdjustment=null, TotalMargin=null, TotalMarginAmount=null, PriceRevisionPolicyId=null, ReplacementGroupId=null, Currency__c=USD, Workday_Sync_Correlation_Id__c=null, Workday_Sync_Message__c=null, Workday_Sync_Payload__c=null, Workday_Sync_Status__c=null, Multiple_Element_Rev_Alloc_Value__c=false, Workday_Revenue_Category__c=null, Billing_Schedule_From_Date__c=2026-06-15 00:00:00, Billing_Schedule_To_Date__c=2027-06-14 00:00:00, Custom_Product_Name__c=null, Ship_To_Address__c=null, Legacy_Id__c=null, DoNotExpand__c=false, Royalty_Amount__c=null, Exchange_Rate_To_USD__c=null, gsOrderDetailID__c=null, gsOrderID__c=null, Asset__c=null, Entitlement__c=null, Feature_Code__c=null, Freight_Terms__c=null, GSA__c=false, Hardware_ID__c=null, Hardware__c=null, Hostname__c=null, Instances__c=null, Is_Term__c=false, COLA_Uplift_Percent__c=null, End_Date_Calculated__c=2027-06-14 00:00:00, Legacy_Source__c=null, MSP_End_User__c=null, MYCAP__c=false, Maintenance_Discount_Percent__c=null, Manual_Discount__c=null, Migration_Change__c=null, Model__c=null, Number_of_Processors__c=null, Order_Is_Price_Locked__c=false, Override_Discount_Amount__c=null, Override_Discount_Percentage__c=null, Partition__c=null, Partner_Discount_Type__c=null, Price_Overriden__c=false, Prior_Feature_Code__c=null, Prior_Group_Number__c=null, Prior_Model__c=null, Prior_Number_of_Processors__c=null, Prior_Serial_Number__c=null, Product_Sale_Type__c=null, Product_type__c=null, Quantity_Back_Ordered__c=null, Quantity_Shipped__c=null, RSM_Discount_Percent__c=null, RSM__c=null, Requested_Delivery_Date__c=null, Sales_Support_Notes__c=null, Sequence_Number__c=null, Server_Type_Discount_Percent__c=null, Skip_Price_Calculation__c=false, Swap__c=false, System_Type__c=null, Tax_Code__c=null, Units__c=null, Uplift_Percent__c=null, Version_Number__c=null, Fortra_Product_Type__c=Subscription, Year_After_StartDate__c=false, Two_Years_After_Start_Date__c=false, Order_Line_ARR__c=null, Base_Price__c=null, Displaced_ARR__c=null, Is_Split_Line__c=false, Original_Order_Item__c=null, Partition_Record__c=null, Quote_Legal_Entity__c=Fortra, LLC*, Serial_Number__c=null, AllowRegionalPricing__c=false, Attribute_Multiplier_Pct__c=null, Attribute_Price_Mode__c=null, COLACalculatedPrice__c=null, Has_Attribute_Adjustment__c=false, RegionalNetUnitPrice__c=null, Quote_Line_Discount_Reason__c=null, Billing_Frequency__c=Yearly_Billing_Template, Order_Line_NARR_Calculated__c=0.0, Workday_Contract_Line_Reference_ID__c=null, LPAR_Number__c=null, LPAR_System_Name__c=null, Workday_Contract_Line_Type__c=FIXED AMOUNT, Start_Date_Calculated__c=2026-06-15 00:00:00, LegacyQuoteLineDiscount__c=null, LIC_Fair_Value_Amount__c=null, MAINT_Fair_Value_Amount__c=null, Source_List_Price__c=null, Prior_Discretionary_Discount__c=null, Prior_Partner_Discount__c=null, NetTotalPrice_Calculated__c=94000.0}
10:37:44.481 (6615150909)|FLOW_VALUE_ASSIGNMENT|354400a6b0892dcf0982735409c119ecc44afe5-118b|Update_LineType_Fixed_Amount__CONDITIONS_RESULT|true
10:37:44.481 (6615176392)|FLOW_VALUE_ASSIGNMENT|354500a6b0892dcf0982735409c119ecc44afe5-118c|Update_LineType_Fixed_Amount|true
10:37:44.481 (6616474734)|FLOW_VALUE_ASSIGNMENT|354500a6b0892dcf0982735409c119ecc44afe5-118c|$Record|{Id=802WC00000OpoppYAB, Product2Id=01tWC00000DD1btYAD, IsDeleted=false, OrderId=801WC00000knHDLYA2, PricebookEntryId=01uWC000005ws8MYAQ, OriginalOrderItemId=null, QuoteLineItemId=0QLWC000003ehR74AI, AvailableQuantity=1.0, Quantity=1.0, CurrencyIsoCode=USD, UnitPrice=301.75, ListPrice=355.0, TotalPrice=256.4875, BillingReference2=null, ServiceDate=null, ServiceTime=null, ServiceDateTime=null, EndDate=null, EndTime=null, EndDateTime=null, ServiceEndTimeZone=null, Description=Powertech Identity & Access Manager (BoKS) &#124; Standard, TotalLineAmount=301.75, TotalAdjustmentAmount=-45.2625, TotalLineAdjustmentAmount=0.0, TotalAdjustmentDistAmount=0.0, TotalAdjustmentTaxAmount=0.0, TotalLineAdjustmentTaxAmount=0.0, TotalAdjustmentDistTaxAmount=0.0, TotalLineTaxAmount=0.0, TotalTaxAmount=0.0, RoundedLineAmount=301.75, AdjustedLineAmount=256.4875, TotalAdjustedLineTaxAmount=0.0, RoundedLineAmtWithTax=301.75, TotalAdjustmentAmtWithTax=-45.2625, AdjustedLineAmtWithTax=256.4875, TotalLineAdjustmentAmtWithTax=0.0, TotalAdjustmentDistAmtWithTax=0.0, TotalAmtWithTax=256.4875, OrderDeliveryGroupId=null, RelatedOrderItemId=null, Type=null, TypeCode=null, TaxTreatmentId=null, LegalEntityId=0fwWC000000034LYAQ, BillingTreatmentId=null, ProductSellingModelId=0jPWC00000005yz2AA, OrderActionId=8OAWC000002SOpS4AW, ProrationPolicyId=null, PeriodBoundary=null, PeriodBoundaryStartMonth=null, PeriodBoundaryDay=null, PricingTermCount=0.0, NetUnitPrice=256.4875, BillingFrequency2=null, ParentOrderItemId=null, Status=null, LineNumber=2, CreatedDate=2026-06-15 14:12:47, CreatedById=005a500001SfRd7AAF, LastModifiedDate=2026-06-15 17:37:45, LastModifiedById=005WC00000MgTN2YAN, SystemModstamp=2026-06-15 17:37:45, OrderItemNumber=0000564382, PriceWaterfallIdentifier=802WC00000OpoppYAB:149295898650024, StartQuantity=0.0, EndQuantity=1.0, NetTotalPrice=256.4875, Discount=null, DiscountAmount=null, PartnerDiscountPercent=15.0, PartnerUnitPrice=301.75, ValidationResult=null, EarliestEstimatedDeliveryDate=null, LatestEstimatedDeliveryDate=null, EarliestEstimatedDeliveryTime=null, LatestEstimatedDeliveryTime=null, EstimatedDeliveryReference=null, EstimatedDeliveryTimeZone=null, CustomProductName=null, SubscriptionTerm=null, OrderItemGroupId=null, SegmentIdentifier=null, SegmentType=null, SegmentName=null, IsPrimarySegment=false, OrderItemRecipientId=null, RampIdentifier=null, QuantityUnitOfMeasureId=null, UnitPriceUplift=null, BindingInstanceTargetId=null, PricingContractId=null, RevenueCloudPackagingFlag=CP, IsOrderItemLocked=false, RelatedChangeIdentifier=null, SupplementalChangeType=null, AggregatedQuantity=1.0, BatchIdentifier=null, DoesAutomaticallyRenew=false, Margin=null, MarginAmount=null, UnitCost=null, TotalCost=null, TotalAdjustment=null, TotalMargin=null, TotalMarginAmount=null, PriceRevisionPolicyId=null, ReplacementGroupId=null, Currency__c=USD, Workday_Sync_Correlation_Id__c=null, Workday_Sync_Message__c=null, Workday_Sync_Payload__c=null, Workday_Sync_Status__c=null, Multiple_Element_Rev_Alloc_Value__c=false, Workday_Revenue_Category__c=null, Billing_Schedule_From_Date__c=2026-06-15 00:00:00, Billing_Schedule_To_Date__c=2026-06-15 00:00:00, Custom_Product_Name__c=null, Ship_To_Address__c=null, Legacy_Id__c=null, DoNotExpand__c=false, Royalty_Amount__c=null, Exchange_Rate_To_USD__c=null, gsOrderDetailID__c=null, gsOrderID__c=null, Asset__c=null, Entitlement__c=null, Feature_Code__c=null, Freight_Terms__c=null, GSA__c=false, Hardware_ID__c=null, Hardware__c=null, Hostname__c=null, Instances__c=null, Is_Term__c=false, COLA_Uplift_Percent__c=null, End_Date_Calculated__c=2026-06-15 00:00:00, Legacy_Source__c=null, MSP_End_User__c=null, MYCAP__c=false, Maintenance_Discount_Percent__c=null, Manual_Discount__c=null, Migration_Change__c=null, Model__c=null, Number_of_Processors__c=null, Order_Is_Price_Locked__c=false, Override_Discount_Amount__c=null, Override_Discount_Percentage__c=null, Partition__c=null, Partner_Discount_Type__c=null, Price_Overriden__c=false, Prior_Feature_Code__c=null, Prior_Group_Number__c=null, Prior_Model__c=null, Prior_Number_of_Processors__c=null, Prior_Serial_Number__c=null, Product_Sale_Type__c=null, Product_type__c=null, Quantity_Back_Ordered__c=null, Quantity_Shipped__c=null, RSM_Discount_Percent__c=null, RSM__c=null, Requested_Delivery_Date__c=null, Sales_Support_Notes__c=null, Sequence_Number__c=null, Server_Type_Discount_Percent__c=null, Skip_Price_Calculation__c=false, Swap__c=false, System_Type__c=null, Tax_Code__c=null, Units__c=null, Uplift_Percent__c=null, Version_Number__c=null, Fortra_Product_Type__c=Perpetual, Year_After_StartDate__c=false, Two_Years_After_Start_Date__c=false, Order_Line_ARR__c=null, Base_Price__c=null, Displaced_ARR__c=null, Is_Split_Line__c=false, Original_Order_Item__c=null, Partition_Record__c=null, Quote_Legal_Entity__c=Fortra, LLC*, Serial_Number__c=null, AllowRegionalPricing__c=false, Attribute_Multiplier_Pct__c=null, Attribute_Price_Mode__c=null, COLACalculatedPrice__c=null, Has_Attribute_Adjustment__c=false, RegionalNetUnitPrice__c=null, Quote_Line_Discount_Reason__c=null, Billing_Frequency__c=Yearly_Billing_Template, Order_Line_NARR_Calculated__c=0.0, Workday_Contract_Line_Reference_ID__c=null, LPAR_Number__c=null, LPAR_System_Name__c=null, Workday_Contract_Line_Type__c=FIXED AMOUNT, Start_Date_Calculated__c=2026-06-15 00:00:00, LegacyQuoteLineDiscount__c=null, LIC_Fair_Value_Amount__c=null, MAINT_Fair_Value_Amount__c=null, Source_List_Price__c=null, Prior_Discretionary_Discount__c=null, Prior_Partner_Discount__c=null, NetTotalPrice_Calculated__c=256.49}
10:37:44.481 (6616512781)|FLOW_VALUE_ASSIGNMENT|354500a6b0892dcf0982735409c119ecc44afe5-118c|Update_LineType_Fixed_Amount__CONDITIONS_RESULT|true
10:37:44.481 (6616533849)|FLOW_VALUE_ASSIGNMENT|354600a6b0892dcf0982735409c119ecc44afe5-118d|Update_LineType_Fixed_Amount|true
10:37:44.481 (6617587561)|FLOW_VALUE_ASSIGNMENT|354600a6b0892dcf0982735409c119ecc44afe5-118d|$Record|{Id=802WC00000OpopqYAB, Product2Id=01tWC00000DD1bsYAD, IsDeleted=false, OrderId=801WC00000knHDLYA2, PricebookEntryId=01uWC000005wsbUYAQ, OriginalOrderItemId=null, QuoteLineItemId=0QLWC000003ehR84AI, AvailableQuantity=0.0, Quantity=0.0, CurrencyIsoCode=USD, UnitPrice=null, ListPrice=0.0, TotalPrice=0.0, BillingReference2=802WC00000OZLOrYAP, ServiceDate=2026-06-15 00:00:00, ServiceTime=00:00:00.000Z, ServiceDateTime=null, EndDate=null, EndTime=null, EndDateTime=null, ServiceEndTimeZone=GMT, Description=Powertech Identity & Access Manager (BoKS)-NewMaintenance &#124; Standard, TotalLineAmount=0.0, TotalAdjustmentAmount=0.0, TotalLineAdjustmentAmount=0.0, TotalAdjustmentDistAmount=0.0, TotalAdjustmentTaxAmount=0.0, TotalLineAdjustmentTaxAmount=0.0, TotalAdjustmentDistTaxAmount=0.0, TotalLineTaxAmount=0.0, TotalTaxAmount=0.0, RoundedLineAmount=0.0, AdjustedLineAmount=0.0, TotalAdjustedLineTaxAmount=0.0, RoundedLineAmtWithTax=0.0, TotalAdjustmentAmtWithTax=0.0, AdjustedLineAmtWithTax=0.0, TotalLineAdjustmentAmtWithTax=0.0, TotalAdjustmentDistAmtWithTax=0.0, TotalAmtWithTax=0.0, OrderDeliveryGroupId=null, RelatedOrderItemId=null, Type=null, TypeCode=null, TaxTreatmentId=null, LegalEntityId=0fwWC000000034LYAQ, BillingTreatmentId=1BTWC000000Mdh34AC, ProductSellingModelId=0jPWC00000005yz2AA, OrderActionId=8OAWC000002SOpR4AW, ProrationPolicyId=null, PeriodBoundary=null, PeriodBoundaryStartMonth=null, PeriodBoundaryDay=null, PricingTermCount=null, NetUnitPrice=null, BillingFrequency2=null, ParentOrderItemId=null, Status=null, LineNumber=3, CreatedDate=2026-06-15 14:12:47, CreatedById=005a500001SfRd7AAF, LastModifiedDate=2026-06-15 17:37:45, LastModifiedById=005WC00000MgTN2YAN, SystemModstamp=2026-06-15 17:37:45, OrderItemNumber=0000564383, PriceWaterfallIdentifier=null, StartQuantity=1.0, EndQuantity=1.0, NetTotalPrice=0.0, Discount=null, DiscountAmount=null, PartnerDiscountPercent=12.0, PartnerUnitPrice=null, ValidationResult=null, EarliestEstimatedDeliveryDate=null, LatestEstimatedDeliveryDate=null, EarliestEstimatedDeliveryTime=null, LatestEstimatedDeliveryTime=null, EstimatedDeliveryReference=null, EstimatedDeliveryTimeZone=null, CustomProductName=Powertech Identity & Access Manager (BoKS)-NewMaintenance, SubscriptionTerm=null, OrderItemGroupId=null, SegmentIdentifier=null, SegmentType=null, SegmentName=null, IsPrimarySegment=false, OrderItemRecipientId=null, RampIdentifier=null, QuantityUnitOfMeasureId=null, UnitPriceUplift=null, BindingInstanceTargetId=null, PricingContractId=null, RevenueCloudPackagingFlag=P, IsOrderItemLocked=false, RelatedChangeIdentifier=null, SupplementalChangeType=null, AggregatedQuantity=null, BatchIdentifier=null, DoesAutomaticallyRenew=false, Margin=null, MarginAmount=null, UnitCost=null, TotalCost=null, TotalAdjustment=null, TotalMargin=null, TotalMarginAmount=null, PriceRevisionPolicyId=null, ReplacementGroupId=null, Currency__c=USD, Workday_Sync_Correlation_Id__c=null, Workday_Sync_Message__c=null, Workday_Sync_Payload__c=null, Workday_Sync_Status__c=null, Multiple_Element_Rev_Alloc_Value__c=false, Workday_Revenue_Category__c=null, Billing_Schedule_From_Date__c=2026-06-15 00:00:00, Billing_Schedule_To_Date__c=2027-06-14 00:00:00, Custom_Product_Name__c=null, Ship_To_Address__c=null, Legacy_Id__c=null, DoNotExpand__c=false, Royalty_Amount__c=null, Exchange_Rate_To_USD__c=null, gsOrderDetailID__c=null, gsOrderID__c=null, Asset__c=null, Entitlement__c=null, Feature_Code__c=null, Freight_Terms__c=null, GSA__c=false, Hardware_ID__c=null, Hardware__c=null, Hostname__c=null, Instances__c=null, Is_Term__c=false, COLA_Uplift_Percent__c=null, End_Date_Calculated__c=2027-06-14 00:00:00, Legacy_Source__c=null, MSP_End_User__c=null, MYCAP__c=false, Maintenance_Discount_Percent__c=null, Manual_Discount__c=null, Migration_Change__c=null, Model__c=null, Number_of_Processors__c=null, Order_Is_Price_Locked__c=false, Override_Discount_Amount__c=null, Override_Discount_Percentage__c=null, Partition__c=null, Partner_Discount_Type__c=null, Price_Overriden__c=false, Prior_Feature_Code__c=null, Prior_Group_Number__c=null, Prior_Model__c=null, Prior_Number_of_Processors__c=null, Prior_Serial_Number__c=null, Product_Sale_Type__c=null, Product_type__c=null, Quantity_Back_Ordered__c=null, Quantity_Shipped__c=null, RSM_Discount_Percent__c=null, RSM__c=null, Requested_Delivery_Date__c=null, Sales_Support_Notes__c=null, Sequence_Number__c=null, Server_Type_Discount_Percent__c=null, Skip_Price_Calculation__c=false, Swap__c=false, System_Type__c=null, Tax_Code__c=null, Units__c=null, Uplift_Percent__c=null, Version_Number__c=null, Fortra_Product_Type__c=New Maintenance, Year_After_StartDate__c=false, Two_Years_After_Start_Date__c=false, Order_Line_ARR__c=null, Base_Price__c=355.0, Displaced_ARR__c=null, Is_Split_Line__c=false, Original_Order_Item__c=null, Partition_Record__c=null, Quote_Legal_Entity__c=Fortra, LLC*, Serial_Number__c=null, AllowRegionalPricing__c=false, Attribute_Multiplier_Pct__c=null, Attribute_Price_Mode__c=null, COLACalculatedPrice__c=null, Has_Attribute_Adjustment__c=false, RegionalNetUnitPrice__c=null, Quote_Line_Discount_Reason__c=null, Billing_Frequency__c=Yearly_Billing_Template, Order_Line_NARR_Calculated__c=0.0, Workday_Contract_Line_Reference_ID__c=null, LPAR_Number__c=null, LPAR_System_Name__c=null, Workday_Contract_Line_Type__c=FIXED AMOUNT, Start_Date_Calculated__c=2026-06-15 00:00:00, LegacyQuoteLineDiscount__c=null, LIC_Fair_Value_Amount__c=null, MAINT_Fair_Value_Amount__c=null, Source_List_Price__c=355.0, Prior_Discretionary_Discount__c=null, Prior_Partner_Discount__c=null, NetTotalPrice_Calculated__c=0.0}
10:37:44.481 (6617621697)|FLOW_VALUE_ASSIGNMENT|354600a6b0892dcf0982735409c119ecc44afe5-118d|Update_LineType_Fixed_Amount__CONDITIONS_RESULT|true
10:37:44.481 (6617789605)|FLOW_BULK_ELEMENT_LIMIT_USAGE|1 DML statements, total 2 out of 150
10:37:44.481 (6617796240)|FLOW_BULK_ELEMENT_LIMIT_USAGE|3 DML rows, total 6 out of 10000
10:37:44.481 (6617799794)|FLOW_BULK_ELEMENT_LIMIT_USAGE|55 ms CPU time, total 3418 out of 15000
10:37:44.481 (6617822933)|FLOW_BULK_ELEMENT_END|FlowRecordUpdate|Update_LineType_Fixed_Amount|3|104
10:37:44.481 (6618201198)|FLOW_START_INTERVIEWS_END|3
10:37:44.481 (6618447035)|FLOW_INTERVIEW_FINISHED|354400a6b0892dcf0982735409c119ecc44afe5-118b|Fortra &#124; OrderItem &#124; Set Workday Contract Line Type
10:37:44.481 (6618475600)|FLOW_INTERVIEW_FINISHED_LIMIT_USAGE|SOQL queries: 1 out of 100
10:37:44.481 (6618522451)|FLOW_INTERVIEW_FINISHED_LIMIT_USAGE|SOQL query rows: 3 out of 50000
10:37:44.481 (6618526502)|FLOW_INTERVIEW_FINISHED_LIMIT_USAGE|SOSL queries: 0 out of 20
10:37:44.481 (6618530126)|FLOW_INTERVIEW_FINISHED_LIMIT_USAGE|DML statements: 2 out of 150
10:37:44.481 (6618534112)|FLOW_INTERVIEW_FINISHED_LIMIT_USAGE|DML rows: 6 out of 10000
10:37:44.481 (6618537915)|FLOW_INTERVIEW_FINISHED_LIMIT_USAGE|CPU time in ms: 3418 out of 15000
10:37:44.481 (6618543782)|FLOW_INTERVIEW_FINISHED_LIMIT_USAGE|Heap size in bytes: 0 out of 6000000
10:37:44.481 (6618547221)|FLOW_INTERVIEW_FINISHED_LIMIT_USAGE|Callouts: 0 out of 100
10:37:44.481 (6618550090)|FLOW_INTERVIEW_FINISHED_LIMIT_USAGE|Email invocations: 0 out of 10
10:37:44.481 (6618552842)|FLOW_INTERVIEW_FINISHED_LIMIT_USAGE|Future calls: 0 out of 50
10:37:44.481 (6618555781)|FLOW_INTERVIEW_FINISHED_LIMIT_USAGE|Jobs in queue: 0 out of 50
10:37:44.481 (6618559405)|FLOW_INTERVIEW_FINISHED|354500a6b0892dcf0982735409c119ecc44afe5-118c|Fortra &#124; OrderItem &#124; Set Workday Contract Line Type
10:37:44.481 (6618564440)|FLOW_INTERVIEW_FINISHED_LIMIT_USAGE|SOQL queries: 1 out of 100
10:37:44.481 (6618567525)|FLOW_INTERVIEW_FINISHED_LIMIT_USAGE|SOQL query rows: 3 out of 50000
10:37:44.481 (6618570381)|FLOW_INTERVIEW_FINISHED_LIMIT_USAGE|SOSL queries: 0 out of 20
10:37:44.481 (6618573156)|FLOW_INTERVIEW_FINISHED_LIMIT_USAGE|DML statements: 2 out of 150
10:37:44.481 (6618575491)|FLOW_INTERVIEW_FINISHED_LIMIT_USAGE|DML rows: 6 out of 10000
10:37:44.481 (6618577843)|FLOW_INTERVIEW_FINISHED_LIMIT_USAGE|CPU time in ms: 3418 out of 15000
10:37:44.481 (6618580499)|FLOW_INTERVIEW_FINISHED_LIMIT_USAGE|Heap size in bytes: 0 out of 6000000
10:37:44.481 (6618582924)|FLOW_INTERVIEW_FINISHED_LIMIT_USAGE|Callouts: 0 out of 100
10:37:44.481 (6618585300)|FLOW_INTERVIEW_FINISHED_LIMIT_USAGE|Email invocations: 0 out of 10
10:37:44.481 (6618587475)|FLOW_INTERVIEW_FINISHED_LIMIT_USAGE|Future calls: 0 out of 50
10:37:44.481 (6618589724)|FLOW_INTERVIEW_FINISHED_LIMIT_USAGE|Jobs in queue: 0 out of 50
10:37:44.481 (6618592004)|FLOW_INTERVIEW_FINISHED|354600a6b0892dcf0982735409c119ecc44afe5-118d|Fortra &#124; OrderItem &#124; Set Workday Contract Line Type
10:37:44.481 (6618596027)|FLOW_INTERVIEW_FINISHED_LIMIT_USAGE|SOQL queries: 1 out of 100
10:37:44.481 (6618598410)|FLOW_INTERVIEW_FINISHED_LIMIT_USAGE|SOQL query rows: 3 out of 50000
10:37:44.481 (6618600843)|FLOW_INTERVIEW_FINISHED_LIMIT_USAGE|SOSL queries: 0 out of 20
10:37:44.481 (6618603156)|FLOW_INTERVIEW_FINISHED_LIMIT_USAGE|DML statements: 2 out of 150
10:37:44.481 (6618605387)|FLOW_INTERVIEW_FINISHED_LIMIT_USAGE|DML rows: 6 out of 10000
10:37:44.481 (6618607669)|FLOW_INTERVIEW_FINISHED_LIMIT_USAGE|CPU time in ms: 3418 out of 15000
10:37:44.481 (6618610150)|FLOW_INTERVIEW_FINISHED_LIMIT_USAGE|Heap size in bytes: 0 out of 6000000
10:37:44.481 (6618612338)|FLOW_INTERVIEW_FINISHED_LIMIT_USAGE|Callouts: 0 out of 100
10:37:44.481 (6618614595)|FLOW_INTERVIEW_FINISHED_LIMIT_USAGE|Email invocations: 0 out of 10
10:37:44.481 (6618616883)|FLOW_INTERVIEW_FINISHED_LIMIT_USAGE|Future calls: 0 out of 50
10:37:44.481 (6618619095)|FLOW_INTERVIEW_FINISHED_LIMIT_USAGE|Jobs in queue: 0 out of 50
10:37:44.340 (6620080149)|CODE_UNIT_FINISHED|Flow:OrderItem
10:37:44.340 (6620091994)|EXECUTION_FINISHED
10:37:44.620 (6620333242)|USER_INFO|[EXTERNAL]|005WC00000MgTN2|liam.jeong.c@fortra.com.uat|(GMT-07:00) Pacific Daylight Time (America/Los_Angeles)|GMT-07:00
10:37:44.620 (6620345363)|EXECUTION_STARTED
10:37:44.620 (6620351988)|CODE_UNIT_STARTED|[EXTERNAL]|Flow:OrderItem
10:37:44.620 (6620363987)|CODE_UNIT_FINISHED|Flow:OrderItem
10:37:44.620 (6620366317)|EXECUTION_FINISHED
10:37:44.726 (6726952147)|USER_INFO|[EXTERNAL]|005WC00000MgTN2|liam.jeong.c@fortra.com.uat|(GMT-07:00) Pacific Daylight Time (America/Los_Angeles)|GMT-07:00
10:37:44.726 (6726974204)|EXECUTION_STARTED
10:37:44.726 (6726982809)|CODE_UNIT_STARTED|[EXTERNAL]|Flow:Order
10:37:44.727 (6727079880)|FLOW_CREATE_INTERVIEW_BEGIN|00DWC000006eUFF|300WC00000LcvHO|301WC00000gukzh
10:37:44.727 (6727134013)|FLOW_CREATE_INTERVIEW_END|355100a6b0892dcf0982735409c119ecc44afe5-1192|Fortra &#124; Order &#124; Before Insert/Update - Sync Status
10:37:44.727 (6727886993)|FLOW_START_INTERVIEWS_BEGIN|1
10:37:44.727 (6727923862)|FLOW_START_INTERVIEW_BEGIN|355100a6b0892dcf0982735409c119ecc44afe5-1192|Fortra &#124; Order &#124; Before Insert/Update - Sync Status
10:37:44.727 (6728036624)|FLOW_START_INTERVIEW_LIMIT_USAGE|SOQL queries: 1 out of 100
10:37:44.727 (6728042681)|FLOW_START_INTERVIEW_LIMIT_USAGE|SOQL query rows: 3 out of 50000
10:37:44.727 (6728046844)|FLOW_START_INTERVIEW_LIMIT_USAGE|SOSL queries: 0 out of 20
10:37:44.727 (6728050911)|FLOW_START_INTERVIEW_LIMIT_USAGE|DML statements: 2 out of 150
10:37:44.727 (6728054375)|FLOW_START_INTERVIEW_LIMIT_USAGE|DML rows: 6 out of 10000
10:37:44.727 (6728058506)|FLOW_START_INTERVIEW_LIMIT_USAGE|CPU time in ms: 3455 out of 15000
10:37:44.727 (6728072775)|FLOW_START_INTERVIEW_LIMIT_USAGE|Heap size in bytes: 0 out of 6000000
10:37:44.727 (6728076700)|FLOW_START_INTERVIEW_LIMIT_USAGE|Callouts: 0 out of 100
10:37:44.727 (6728079839)|FLOW_START_INTERVIEW_LIMIT_USAGE|Email invocations: 0 out of 10
10:37:44.727 (6728083001)|FLOW_START_INTERVIEW_LIMIT_USAGE|Future calls: 0 out of 50
10:37:44.727 (6728086067)|FLOW_START_INTERVIEW_LIMIT_USAGE|Jobs in queue: 0 out of 50
10:37:44.727 (6728089320)|FLOW_START_INTERVIEW_LIMIT_USAGE|Push notifications: 0 out of 10
10:37:44.727 (6730877763)|FLOW_VALUE_ASSIGNMENT|355100a6b0892dcf0982735409c119ecc44afe5-1192|$Record|{Id=801WC00000knHDLYA2, OwnerId=005a500001SfRd7AAF, ContractId=800WC00000SKpZJYA1, AccountId=001WC00000XiZP4YAN, Pricebook2Id=01sWC0000022GHFYA2, OriginalOrderId=null, OpportunityId=006WC00000R3zVxYAJ, QuoteId=0Q0WC0000039Vm10AE, EffectiveDate=2026-06-15 00:00:00, EndDate=null, IsReductionOrder=false, Status=Draft, Description=null, CustomerAuthorizedById=null, CustomerAuthorizedDate=null, CompanyAuthorizedById=null, CompanyAuthorizedDate=null, Type=null, BillingStreet=11095 Viking Drive, BillingCity=Eden Prairie, BillingState=Minnesota, BillingPostalCode=55344, BillingCountry=United States, BillingStateCode=MN, BillingCountryCode=US, BillingLatitude=null, BillingLongitude=null, BillingGeocodeAccuracy=null, ShippingStreet=11095 Viking Drive, ShippingCity=Eden Prairie, ShippingState=Minnesota, ShippingPostalCode=55344, ShippingCountry=United States, ShippingStateCode=MN, ShippingCountryCode=US, ShippingLatitude=null, ShippingLongitude=null, ShippingGeocodeAccuracy=null, Name=Q-Wren - Test Pricebook 2-2026-06-15, PoDate=null, PoNumber=null, OrderReferenceNumber=null, BillToContactId=003WC00000nc6g5YAA, ShipToContactId=003WC00000nc6g5YAA, ActivatedDate=null, ActivatedById=null, StatusCode=Draft, CurrencyIsoCode=USD, LegalEntityId=0fwWC000000034LYAQ, OrderedDate=null, BillingEmailAddress=null, BillingPhoneNumber=null, RelatedOrderId=null, OrderNumber=00095503, TotalAmount=94256.4875, TotalTaxAmount=0.0, GrandTotalAmount=94256.4875, TotalAdjustedProductAmount=0.0, TotalAdjustedDeliveryAmount=0.0, TotalProductAdjDistAmount=0.0, TotalDeliveryAdjDistAmount=0.0, TotalAdjustedProductTaxAmount=0.0, TotalAdjustedDeliveryTaxAmount=0.0, TotalProductAdjDistTaxAmount=0.0, TotalDeliveryAdjDistTaxAmount=0.0, TotalAdjProductAmtWithTax=0.0, TotalAdjDeliveryAmtWithTax=0.0, TotalProductAdjDistAmtWithTax=0.0, TotalDeliveryAdjDistAmtWithTax=0.0, PaymentTermId=2OXWC0000000Vs34AE, LastPricedDate=null, FulfillmentPlanId=null, CalculationStatus=CompletedWithPricing, OrchestrationSbmsStatus=null, OriginalActionType=null, ValidationResult=null, AdjustmentDistributionLogic=null, AppliedDiscountAmount=null, AppliedDiscount=null, TotalAmountOverride=null, SalesTransactionTypeId=null, PricingContractId=null, RelatedOrderType=null, TransactionType=Fortra_Advanced_Pricing, CreatedDate=2026-06-15 14:12:45, CreatedById=005a500001SfRd7AAF, LastModifiedDate=2026-06-15 17:37:44, LastModifiedById=005WC00000MgTN2YAN, IsDeleted=false, SystemModstamp=2026-06-15 17:37:44, LastViewedDate=null, LastReferencedDate=null, TotalRoundedLineAmount=null, DiscountPercent=null, Workday_Contract_ID__c=801WC00000knHDLYA2, Workday_ID__c=null, Workday_Sync_Correlation_Id__c=null, Workday_Sync_Message__c=null, Workday_Sync_Payload__c=null, QuoteTypeText__c=New, Legacy_Id__c=null, Bill_To_Place__c=a0lWC000004cO79YAE, Hubspot_Overall_Status__c=Overall Success, Ship_To_Place__c=a0lWC000004cO79YAE, Order_NARR__c=null, Source_Opportunity_Id__c=006WC00000R3zVx, Source_Order_Id__c=null, Bill_To_Account__c=001WC00000XiZP4YAN, Bill_To_Address__c=a0lWC000004cO79YAE, Ship_To_Account__c=001WC00000XiZP4YAN, Ship_To_Address__c=a0lWC000004cO79YAE, Clawback_Repaid_Date__c=null, Commission_Date__c=null, Contract_Start_Date__c=null, Currency_Locked__c=false, MSYears__c=null, New_Licenses__c=null, New_Maintenance__c=null, New_Pro_Services__c=null, Partner_Account__c=null, Reseller_PO__c=null, Sales_Rep__c=null, Source_Quote_Currency__c=USD, gsOrderID__c=null, gsShipDate__c=null, Order_Displaced_ARR__c=0.0, VAT_Number__c=null, DoNotInvoicePS__c=false, IsDR__c=false, IsNotificationSent__c=false, IsRenewal__c=false, IsTAM__c=null, Is_Reversed__c=false, New_SaaSEftCloud__c=null, Total_List_Price__c=null, Account_Specialist__c=null, Billing_Day_of_Month__c=null, Customer_Success_Manager__c=null, Date_Fulfilled__c=null, Deal_Origin__c=null, Disable_Export_Control__c=false, Enterprise_Representative__c=null, HARP_Contact__c=null, Invoice_Contact_2__c=null, Invoice_Contact__c=null, License_Key_Contact__c=null, ShowHide_Discounts__c=null, Solutions_Engineer__c=null, Total_Discount_Amount__c=0.0, PO_Sync_Correlation_Id__c=null, PO_Sync_Message__c=null, PO_Sync_Payload__c=null, PO_Sync_Status__c=Pending, PO_URL__c=null, ALE__c=null, AWS_Marketplace_Agreement_ID__c=null, AWS_Marketplace_Offer_ID__c=null, Account_NameText__c=Fortra, LLC - Test, Billing_Frequency__c=null, Contact__c=null, Cross_Sale_Type__c=null, Cross_Sale_User__c=null, Description__c=null, Disable_Tax__c=false, DistributorReseller__c=null, Line_Items_Complete__c=false, Maintenance_Date__c=null, Mark_Inv_Migration_Change__c=false, On_Hold_Time__c=null, OrderOne__c=1.0, POC_Invoice_Contact_On_Billing_Account__c=null, Payment_Portal__c=Fortra (default), Purchasing_Agent_Account__c=null, Purchasing_Agent_Contact__c=null, RSM_2__c=null, RSM_3__c=null, RSM_4__c=null, RSM_5__c=null, RSM__c=null, Referral_Partner__c=null, Renewal_Maintenance_Quote__c=null, Renewals_Specialist__c=null, Requested_Delivery_Date__c=null, Reseller_Partner__c=null, SA__c=null, Secondary_License_Key_Contact__c=null, Share_With_AWS__c=false, SingleYearMS__c=null, Skip_Price_Calculation__c=false, Source_Campaign__c=null, Source_Quote_Id__c=null, Workday_Sync_Status__c=Pending, HS_Sync_Correlation_Id__c=null, HS_Sync_Message__c=null, HS_Sync_Payload__c=null, HS_Sync_Status__c=null, Deal_Type__c=Channel Originated, GSW__c=false, Quote_Type__c=New, Total_Services__c=null, Total_Software__c=null, Total_Subscription__c=94000.0, Order_NARR_Calculated__c=0.0, Exchange_Rate_To_USD__c=null, Legacy_Sync_Correlation_Id__c=null, Legacy_Sync_Message__c=null, Legacy_Sync_Payload__c=null, Legacy_Sync_Status__c=null, WorkdayReferenceID__c=COM003, Payment_Term_Workday_Reference_ID__c=Net_30, Order_Integration_Error_Messages__c=null, Order_and_Related_Field_Status__c=Unknown, Legacy_Discount__c=null, Workday_Contract_Type__c=Master_Contract, Legacy_Overall_Status__c=Not Overall Success, Workday_Overall_Status__c=Not Success, Contract_Number_Text__c=00069297, MyCap__c=false}
10:37:44.727 (6731016511)|FLOW_ELEMENT_BEGIN|355100a6b0892dcf0982735409c119ecc44afe5-1192|FlowDecision|Workday_Sync_Status_Decision
10:37:44.727 (6731107339)|FLOW_ELEMENT_DEFERRED|FlowDecision|Workday_Sync_Status_Decision
10:37:44.727 (6731152164)|FLOW_ELEMENT_LIMIT_USAGE|3 ms CPU time, total 3458 out of 15000
10:37:44.727 (6731157849)|FLOW_ELEMENT_END|355100a6b0892dcf0982735409c119ecc44afe5-1192|FlowDecision|Workday_Sync_Status_Decision
10:37:44.727 (6731206073)|FLOW_START_INTERVIEW_END|355100a6b0892dcf0982735409c119ecc44afe5-1192|Fortra &#124; Order &#124; Before Insert/Update - Sync Status
10:37:44.727 (6731235796)|FLOW_BULK_ELEMENT_BEGIN|FlowDecision|Workday_Sync_Status_Decision
10:37:44.727 (6731326471)|FLOW_RULE_DETAIL|355100a6b0892dcf0982735409c119ecc44afe5-1192|NOT_Success_Workday_Sync_Status_Outcome|true|false
10:37:44.727 (6731346577)|FLOW_VALUE_ASSIGNMENT|355100a6b0892dcf0982735409c119ecc44afe5-1192|NOT_Success_Workday_Sync_Status_Outcome|true
10:37:44.727 (6731449514)|FLOW_BULK_ELEMENT_END|FlowDecision|Workday_Sync_Status_Decision|0|0
10:37:44.727 (6731481548)|FLOW_ELEMENT_BEGIN|355100a6b0892dcf0982735409c119ecc44afe5-1192|FlowDecision|Set_Workday_Sync_Status_to_Pending_Decision
10:37:44.727 (6731488532)|FLOW_ELEMENT_DEFERRED|FlowDecision|Set_Workday_Sync_Status_to_Pending_Decision
10:37:44.727 (6731500054)|FLOW_ELEMENT_END|355100a6b0892dcf0982735409c119ecc44afe5-1192|FlowDecision|Set_Workday_Sync_Status_to_Pending_Decision
10:37:44.727 (6731516924)|FLOW_BULK_ELEMENT_BEGIN|FlowDecision|Set_Workday_Sync_Status_to_Pending_Decision
10:37:44.727 (6731731622)|FLOW_RULE_DETAIL|355100a6b0892dcf0982735409c119ecc44afe5-1192|No_Set_Workday_Sync_Status_to_Pending_Outcome|false|false
10:37:44.727 (6731744795)|FLOW_VALUE_ASSIGNMENT|355100a6b0892dcf0982735409c119ecc44afe5-1192|No_Set_Workday_Sync_Status_to_Pending_Outcome|false
10:37:44.727 (6731823635)|FLOW_BULK_ELEMENT_END|FlowDecision|Set_Workday_Sync_Status_to_Pending_Decision|0|0
10:37:44.727 (6731855849)|FLOW_ELEMENT_BEGIN|355100a6b0892dcf0982735409c119ecc44afe5-1192|FlowAssignment|Set_Workday_Sync_Status_to_Pending
10:37:44.727 (6731863636)|FLOW_ELEMENT_DEFERRED|FlowAssignment|Set_Workday_Sync_Status_to_Pending
10:37:44.727 (6731874355)|FLOW_ELEMENT_END|355100a6b0892dcf0982735409c119ecc44afe5-1192|FlowAssignment|Set_Workday_Sync_Status_to_Pending
10:37:44.727 (6731893424)|FLOW_BULK_ELEMENT_BEGIN|FlowAssignment|Set_Workday_Sync_Status_to_Pending
10:37:44.727 (6731993822)|FLOW_ASSIGNMENT_DETAIL|355100a6b0892dcf0982735409c119ecc44afe5-1192|$Record.Workday_Sync_Status__c|ASSIGN|Pending
10:37:44.727 (6733960394)|FLOW_VALUE_ASSIGNMENT|355100a6b0892dcf0982735409c119ecc44afe5-1192|$Record|{Id=801WC00000knHDLYA2, OwnerId=005a500001SfRd7AAF, ContractId=800WC00000SKpZJYA1, AccountId=001WC00000XiZP4YAN, Pricebook2Id=01sWC0000022GHFYA2, OriginalOrderId=null, OpportunityId=006WC00000R3zVxYAJ, QuoteId=0Q0WC0000039Vm10AE, EffectiveDate=2026-06-15 00:00:00, EndDate=null, IsReductionOrder=false, Status=Draft, Description=null, CustomerAuthorizedById=null, CustomerAuthorizedDate=null, CompanyAuthorizedById=null, CompanyAuthorizedDate=null, Type=null, BillingStreet=11095 Viking Drive, BillingCity=Eden Prairie, BillingState=Minnesota, BillingPostalCode=55344, BillingCountry=United States, BillingStateCode=MN, BillingCountryCode=US, BillingLatitude=null, BillingLongitude=null, BillingGeocodeAccuracy=null, ShippingStreet=11095 Viking Drive, ShippingCity=Eden Prairie, ShippingState=Minnesota, ShippingPostalCode=55344, ShippingCountry=United States, ShippingStateCode=MN, ShippingCountryCode=US, ShippingLatitude=null, ShippingLongitude=null, ShippingGeocodeAccuracy=null, Name=Q-Wren - Test Pricebook 2-2026-06-15, PoDate=null, PoNumber=null, OrderReferenceNumber=null, BillToContactId=003WC00000nc6g5YAA, ShipToContactId=003WC00000nc6g5YAA, ActivatedDate=null, ActivatedById=null, StatusCode=Draft, CurrencyIsoCode=USD, LegalEntityId=0fwWC000000034LYAQ, OrderedDate=null, BillingEmailAddress=null, BillingPhoneNumber=null, RelatedOrderId=null, OrderNumber=00095503, TotalAmount=94256.4875, TotalTaxAmount=0.0, GrandTotalAmount=94256.4875, TotalAdjustedProductAmount=0.0, TotalAdjustedDeliveryAmount=0.0, TotalProductAdjDistAmount=0.0, TotalDeliveryAdjDistAmount=0.0, TotalAdjustedProductTaxAmount=0.0, TotalAdjustedDeliveryTaxAmount=0.0, TotalProductAdjDistTaxAmount=0.0, TotalDeliveryAdjDistTaxAmount=0.0, TotalAdjProductAmtWithTax=0.0, TotalAdjDeliveryAmtWithTax=0.0, TotalProductAdjDistAmtWithTax=0.0, TotalDeliveryAdjDistAmtWithTax=0.0, PaymentTermId=2OXWC0000000Vs34AE, LastPricedDate=null, FulfillmentPlanId=null, CalculationStatus=CompletedWithPricing, OrchestrationSbmsStatus=null, OriginalActionType=null, ValidationResult=null, AdjustmentDistributionLogic=null, AppliedDiscountAmount=null, AppliedDiscount=null, TotalAmountOverride=null, SalesTransactionTypeId=null, PricingContractId=null, RelatedOrderType=null, TransactionType=Fortra_Advanced_Pricing, CreatedDate=2026-06-15 14:12:45, CreatedById=005a500001SfRd7AAF, LastModifiedDate=2026-06-15 17:37:44, LastModifiedById=005WC00000MgTN2YAN, IsDeleted=false, SystemModstamp=2026-06-15 17:37:44, LastViewedDate=null, LastReferencedDate=null, TotalRoundedLineAmount=null, DiscountPercent=null, Workday_Contract_ID__c=801WC00000knHDLYA2, Workday_ID__c=null, Workday_Sync_Correlation_Id__c=null, Workday_Sync_Message__c=null, Workday_Sync_Payload__c=null, QuoteTypeText__c=New, Legacy_Id__c=null, Bill_To_Place__c=a0lWC000004cO79YAE, Hubspot_Overall_Status__c=Overall Success, Ship_To_Place__c=a0lWC000004cO79YAE, Order_NARR__c=null, Source_Opportunity_Id__c=006WC00000R3zVx, Source_Order_Id__c=null, Bill_To_Account__c=001WC00000XiZP4YAN, Bill_To_Address__c=a0lWC000004cO79YAE, Ship_To_Account__c=001WC00000XiZP4YAN, Ship_To_Address__c=a0lWC000004cO79YAE, Clawback_Repaid_Date__c=null, Commission_Date__c=null, Contract_Start_Date__c=null, Currency_Locked__c=false, MSYears__c=null, New_Licenses__c=null, New_Maintenance__c=null, New_Pro_Services__c=null, Partner_Account__c=null, Reseller_PO__c=null, Sales_Rep__c=null, Source_Quote_Currency__c=USD, gsOrderID__c=null, gsShipDate__c=null, Order_Displaced_ARR__c=0.0, VAT_Number__c=null, DoNotInvoicePS__c=false, IsDR__c=false, IsNotificationSent__c=false, IsRenewal__c=false, IsTAM__c=null, Is_Reversed__c=false, New_SaaSEftCloud__c=null, Total_List_Price__c=null, Account_Specialist__c=null, Billing_Day_of_Month__c=null, Customer_Success_Manager__c=null, Date_Fulfilled__c=null, Deal_Origin__c=null, Disable_Export_Control__c=false, Enterprise_Representative__c=null, HARP_Contact__c=null, Invoice_Contact_2__c=null, Invoice_Contact__c=null, License_Key_Contact__c=null, ShowHide_Discounts__c=null, Solutions_Engineer__c=null, Total_Discount_Amount__c=0.0, PO_Sync_Correlation_Id__c=null, PO_Sync_Message__c=null, PO_Sync_Payload__c=null, PO_Sync_Status__c=Pending, PO_URL__c=null, ALE__c=null, AWS_Marketplace_Agreement_ID__c=null, AWS_Marketplace_Offer_ID__c=null, Account_NameText__c=Fortra, LLC - Test, Billing_Frequency__c=null, Contact__c=null, Cross_Sale_Type__c=null, Cross_Sale_User__c=null, Description__c=null, Disable_Tax__c=false, DistributorReseller__c=null, Line_Items_Complete__c=false, Maintenance_Date__c=null, Mark_Inv_Migration_Change__c=false, On_Hold_Time__c=null, OrderOne__c=1.0, POC_Invoice_Contact_On_Billing_Account__c=null, Payment_Portal__c=Fortra (default), Purchasing_Agent_Account__c=null, Purchasing_Agent_Contact__c=null, RSM_2__c=null, RSM_3__c=null, RSM_4__c=null, RSM_5__c=null, RSM__c=null, Referral_Partner__c=null, Renewal_Maintenance_Quote__c=null, Renewals_Specialist__c=null, Requested_Delivery_Date__c=null, Reseller_Partner__c=null, SA__c=null, Secondary_License_Key_Contact__c=null, Share_With_AWS__c=false, SingleYearMS__c=null, Skip_Price_Calculation__c=false, Source_Campaign__c=null, Source_Quote_Id__c=null, Workday_Sync_Status__c=Pending, HS_Sync_Correlation_Id__c=null, HS_Sync_Message__c=null, HS_Sync_Payload__c=null, HS_Sync_Status__c=null, Deal_Type__c=Channel Originated, GSW__c=false, Quote_Type__c=New, Total_Services__c=null, Total_Software__c=null, Total_Subscription__c=94000.0, Order_NARR_Calculated__c=0.0, Exchange_Rate_To_USD__c=null, Legacy_Sync_Correlation_Id__c=null, Legacy_Sync_Message__c=null, Legacy_Sync_Payload__c=null, Legacy_Sync_Status__c=null, WorkdayReferenceID__c=COM003, Payment_Term_Workday_Reference_ID__c=Net_30, Order_Integration_Error_Messages__c=null, Order_and_Related_Field_Status__c=Unknown, Legacy_Discount__c=null, Workday_Contract_Type__c=Master_Contract, Legacy_Overall_Status__c=Not Overall Success, Workday_Overall_Status__c=Not Success, Contract_Number_Text__c=00069297, MyCap__c=false}
10:37:44.727 (6734119605)|FLOW_BULK_ELEMENT_LIMIT_USAGE|3 ms CPU time, total 3461 out of 15000
10:37:44.727 (6734138034)|FLOW_BULK_ELEMENT_END|FlowAssignment|Set_Workday_Sync_Status_to_Pending|0|2
10:37:44.727 (6734189683)|FLOW_ELEMENT_BEGIN|355100a6b0892dcf0982735409c119ecc44afe5-1192|FlowDecision|Set_PO_Sync_Status_to_Pending_Decision
10:37:44.727 (6734199269)|FLOW_ELEMENT_DEFERRED|FlowDecision|Set_PO_Sync_Status_to_Pending_Decision
10:37:44.727 (6734215659)|FLOW_ELEMENT_END|355100a6b0892dcf0982735409c119ecc44afe5-1192|FlowDecision|Set_PO_Sync_Status_to_Pending_Decision
10:37:44.727 (6734238700)|FLOW_BULK_ELEMENT_BEGIN|FlowDecision|Set_PO_Sync_Status_to_Pending_Decision
10:37:44.727 (6734376301)|FLOW_RULE_DETAIL|355100a6b0892dcf0982735409c119ecc44afe5-1192|No_Set_PO_Sync_Status_to_Pending_Outcome|false|false
10:37:44.727 (6734391010)|FLOW_VALUE_ASSIGNMENT|355100a6b0892dcf0982735409c119ecc44afe5-1192|No_Set_PO_Sync_Status_to_Pending_Outcome|false
10:37:44.727 (6734466029)|FLOW_BULK_ELEMENT_END|FlowDecision|Set_PO_Sync_Status_to_Pending_Decision|0|0
10:37:44.727 (6734489854)|FLOW_ELEMENT_BEGIN|355100a6b0892dcf0982735409c119ecc44afe5-1192|FlowAssignment|Set_PO_Sync_Status_to_Pending
10:37:44.727 (6734496497)|FLOW_ELEMENT_DEFERRED|FlowAssignment|Set_PO_Sync_Status_to_Pending
10:37:44.727 (6734506233)|FLOW_ELEMENT_END|355100a6b0892dcf0982735409c119ecc44afe5-1192|FlowAssignment|Set_PO_Sync_Status_to_Pending
10:37:44.727 (6734523941)|FLOW_BULK_ELEMENT_BEGIN|FlowAssignment|Set_PO_Sync_Status_to_Pending
10:37:44.727 (6734608487)|FLOW_ASSIGNMENT_DETAIL|355100a6b0892dcf0982735409c119ecc44afe5-1192|$Record.PO_Sync_Status__c|ASSIGN|Pending
10:37:44.727 (6736101412)|FLOW_VALUE_ASSIGNMENT|355100a6b0892dcf0982735409c119ecc44afe5-1192|$Record|{Id=801WC00000knHDLYA2, OwnerId=005a500001SfRd7AAF, ContractId=800WC00000SKpZJYA1, AccountId=001WC00000XiZP4YAN, Pricebook2Id=01sWC0000022GHFYA2, OriginalOrderId=null, OpportunityId=006WC00000R3zVxYAJ, QuoteId=0Q0WC0000039Vm10AE, EffectiveDate=2026-06-15 00:00:00, EndDate=null, IsReductionOrder=false, Status=Draft, Description=null, CustomerAuthorizedById=null, CustomerAuthorizedDate=null, CompanyAuthorizedById=null, CompanyAuthorizedDate=null, Type=null, BillingStreet=11095 Viking Drive, BillingCity=Eden Prairie, BillingState=Minnesota, BillingPostalCode=55344, BillingCountry=United States, BillingStateCode=MN, BillingCountryCode=US, BillingLatitude=null, BillingLongitude=null, BillingGeocodeAccuracy=null, ShippingStreet=11095 Viking Drive, ShippingCity=Eden Prairie, ShippingState=Minnesota, ShippingPostalCode=55344, ShippingCountry=United States, ShippingStateCode=MN, ShippingCountryCode=US, ShippingLatitude=null, ShippingLongitude=null, ShippingGeocodeAccuracy=null, Name=Q-Wren - Test Pricebook 2-2026-06-15, PoDate=null, PoNumber=null, OrderReferenceNumber=null, BillToContactId=003WC00000nc6g5YAA, ShipToContactId=003WC00000nc6g5YAA, ActivatedDate=null, ActivatedById=null, StatusCode=Draft, CurrencyIsoCode=USD, LegalEntityId=0fwWC000000034LYAQ, OrderedDate=null, BillingEmailAddress=null, BillingPhoneNumber=null, RelatedOrderId=null, OrderNumber=00095503, TotalAmount=94256.4875, TotalTaxAmount=0.0, GrandTotalAmount=94256.4875, TotalAdjustedProductAmount=0.0, TotalAdjustedDeliveryAmount=0.0, TotalProductAdjDistAmount=0.0, TotalDeliveryAdjDistAmount=0.0, TotalAdjustedProductTaxAmount=0.0, TotalAdjustedDeliveryTaxAmount=0.0, TotalProductAdjDistTaxAmount=0.0, TotalDeliveryAdjDistTaxAmount=0.0, TotalAdjProductAmtWithTax=0.0, TotalAdjDeliveryAmtWithTax=0.0, TotalProductAdjDistAmtWithTax=0.0, TotalDeliveryAdjDistAmtWithTax=0.0, PaymentTermId=2OXWC0000000Vs34AE, LastPricedDate=null, FulfillmentPlanId=null, CalculationStatus=CompletedWithPricing, OrchestrationSbmsStatus=null, OriginalActionType=null, ValidationResult=null, AdjustmentDistributionLogic=null, AppliedDiscountAmount=null, AppliedDiscount=null, TotalAmountOverride=null, SalesTransactionTypeId=null, PricingContractId=null, RelatedOrderType=null, TransactionType=Fortra_Advanced_Pricing, CreatedDate=2026-06-15 14:12:45, CreatedById=005a500001SfRd7AAF, LastModifiedDate=2026-06-15 17:37:44, LastModifiedById=005WC00000MgTN2YAN, IsDeleted=false, SystemModstamp=2026-06-15 17:37:44, LastViewedDate=null, LastReferencedDate=null, TotalRoundedLineAmount=null, DiscountPercent=null, Workday_Contract_ID__c=801WC00000knHDLYA2, Workday_ID__c=null, Workday_Sync_Correlation_Id__c=null, Workday_Sync_Message__c=null, Workday_Sync_Payload__c=null, QuoteTypeText__c=New, Legacy_Id__c=null, Bill_To_Place__c=a0lWC000004cO79YAE, Hubspot_Overall_Status__c=Overall Success, Ship_To_Place__c=a0lWC000004cO79YAE, Order_NARR__c=null, Source_Opportunity_Id__c=006WC00000R3zVx, Source_Order_Id__c=null, Bill_To_Account__c=001WC00000XiZP4YAN, Bill_To_Address__c=a0lWC000004cO79YAE, Ship_To_Account__c=001WC00000XiZP4YAN, Ship_To_Address__c=a0lWC000004cO79YAE, Clawback_Repaid_Date__c=null, Commission_Date__c=null, Contract_Start_Date__c=null, Currency_Locked__c=false, MSYears__c=null, New_Licenses__c=null, New_Maintenance__c=null, New_Pro_Services__c=null, Partner_Account__c=null, Reseller_PO__c=null, Sales_Rep__c=null, Source_Quote_Currency__c=USD, gsOrderID__c=null, gsShipDate__c=null, Order_Displaced_ARR__c=0.0, VAT_Number__c=null, DoNotInvoicePS__c=false, IsDR__c=false, IsNotificationSent__c=false, IsRenewal__c=false, IsTAM__c=null, Is_Reversed__c=false, New_SaaSEftCloud__c=null, Total_List_Price__c=null, Account_Specialist__c=null, Billing_Day_of_Month__c=null, Customer_Success_Manager__c=null, Date_Fulfilled__c=null, Deal_Origin__c=null, Disable_Export_Control__c=false, Enterprise_Representative__c=null, HARP_Contact__c=null, Invoice_Contact_2__c=null, Invoice_Contact__c=null, License_Key_Contact__c=null, ShowHide_Discounts__c=null, Solutions_Engineer__c=null, Total_Discount_Amount__c=0.0, PO_Sync_Correlation_Id__c=null, PO_Sync_Message__c=null, PO_Sync_Payload__c=null, PO_Sync_Status__c=Pending, PO_URL__c=null, ALE__c=null, AWS_Marketplace_Agreement_ID__c=null, AWS_Marketplace_Offer_ID__c=null, Account_NameText__c=Fortra, LLC - Test, Billing_Frequency__c=null, Contact__c=null, Cross_Sale_Type__c=null, Cross_Sale_User__c=null, Description__c=null, Disable_Tax__c=false, DistributorReseller__c=null, Line_Items_Complete__c=false, Maintenance_Date__c=null, Mark_Inv_Migration_Change__c=false, On_Hold_Time__c=null, OrderOne__c=1.0, POC_Invoice_Contact_On_Billing_Account__c=null, Payment_Portal__c=Fortra (default), Purchasing_Agent_Account__c=null, Purchasing_Agent_Contact__c=null, RSM_2__c=null, RSM_3__c=null, RSM_4__c=null, RSM_5__c=null, RSM__c=null, Referral_Partner__c=null, Renewal_Maintenance_Quote__c=null, Renewals_Specialist__c=null, Requested_Delivery_Date__c=null, Reseller_Partner__c=null, SA__c=null, Secondary_License_Key_Contact__c=null, Share_With_AWS__c=false, SingleYearMS__c=null, Skip_Price_Calculation__c=false, Source_Campaign__c=null, Source_Quote_Id__c=null, Workday_Sync_Status__c=Pending, HS_Sync_Correlation_Id__c=null, HS_Sync_Message__c=null, HS_Sync_Payload__c=null, HS_Sync_Status__c=null, Deal_Type__c=Channel Originated, GSW__c=false, Quote_Type__c=New, Total_Services__c=null, Total_Software__c=null, Total_Subscription__c=94000.0, Order_NARR_Calculated__c=0.0, Exchange_Rate_To_USD__c=null, Legacy_Sync_Correlation_Id__c=null, Legacy_Sync_Message__c=null, Legacy_Sync_Payload__c=null, Legacy_Sync_Status__c=null, WorkdayReferenceID__c=COM003, Payment_Term_Workday_Reference_ID__c=Net_30, Order_Integration_Error_Messages__c=null, Order_and_Related_Field_Status__c=Unknown, Legacy_Discount__c=null, Workday_Contract_Type__c=Master_Contract, Legacy_Overall_Status__c=Not Overall Success, Workday_Overall_Status__c=Not Success, Contract_Number_Text__c=00069297, MyCap__c=false}
10:37:44.727 (6736252983)|FLOW_BULK_ELEMENT_LIMIT_USAGE|2 ms CPU time, total 3463 out of 15000
10:37:44.727 (6736270959)|FLOW_BULK_ELEMENT_END|FlowAssignment|Set_PO_Sync_Status_to_Pending|0|1
10:37:44.727 (6736464382)|FLOW_START_INTERVIEWS_END|1
10:37:44.727 (6736629081)|FLOW_INTERVIEW_FINISHED|355100a6b0892dcf0982735409c119ecc44afe5-1192|Fortra &#124; Order &#124; Before Insert/Update - Sync Status
10:37:44.727 (6736727746)|FLOW_INTERVIEW_FINISHED_LIMIT_USAGE|SOQL queries: 1 out of 100
10:37:44.727 (6736732913)|FLOW_INTERVIEW_FINISHED_LIMIT_USAGE|SOQL query rows: 3 out of 50000
10:37:44.727 (6736735884)|FLOW_INTERVIEW_FINISHED_LIMIT_USAGE|SOSL queries: 0 out of 20
10:37:44.727 (6736739084)|FLOW_INTERVIEW_FINISHED_LIMIT_USAGE|DML statements: 2 out of 150
10:37:44.727 (6736741779)|FLOW_INTERVIEW_FINISHED_LIMIT_USAGE|DML rows: 6 out of 10000
10:37:44.727 (6736744674)|FLOW_INTERVIEW_FINISHED_LIMIT_USAGE|CPU time in ms: 3463 out of 15000
10:37:44.727 (6736754613)|FLOW_INTERVIEW_FINISHED_LIMIT_USAGE|Heap size in bytes: 0 out of 6000000
10:37:44.727 (6736757760)|FLOW_INTERVIEW_FINISHED_LIMIT_USAGE|Callouts: 0 out of 100
10:37:44.727 (6736760021)|FLOW_INTERVIEW_FINISHED_LIMIT_USAGE|Email invocations: 0 out of 10
10:37:44.727 (6736762981)|FLOW_INTERVIEW_FINISHED_LIMIT_USAGE|Future calls: 0 out of 50
10:37:44.727 (6736765408)|FLOW_INTERVIEW_FINISHED_LIMIT_USAGE|Jobs in queue: 0 out of 50
10:37:44.726 (6738721678)|CODE_UNIT_FINISHED|Flow:Order
10:37:44.726 (6738733496)|EXECUTION_FINISHED
10:37:44.765 (6765263139)|USER_INFO|[EXTERNAL]|005WC00000MgTN2|liam.jeong.c@fortra.com.uat|(GMT-07:00) Pacific Daylight Time (America/Los_Angeles)|GMT-07:00
10:37:44.765 (6765282784)|EXECUTION_STARTED
10:37:44.765 (6765291661)|CODE_UNIT_STARTED|[EXTERNAL]|Validation:Order:801WC00000knHDL
10:37:44.765 (6765299428)|VALIDATION_RULE|03dWC000001dRW1|Lock_Currency_At_Order_Activation
10:37:44.765 (6765586110)|VALIDATION_FORMULA|AND(
 ISCHANGED(CurrencyIsoCode),
 OR(
     ISPICKVAL(Status, 'Activated'),
     ISPICKVAL(Status, 'In Fulfillment'),
     ISPICKVAL(Status, 'Fulfilled'),
     ISPICKVAL(Status, 'Completed'),
     ISPICKVAL(Status, 'Closed')
 )
)|Status=Draft , CurrencyIsoCode=USD
10:37:44.765 (6765602869)|VALIDATION_PASS
10:37:44.765 (6765604570)|VALIDATION_RULE|03dWC000001pCD3|Order_BillToAddressAcct_Equal_OrderAcct
10:37:44.765 (6765843555)|VALIDATION_FORMULA|AND(NOT(ISBLANK(Bill_To_Address__r.Account__c)),
 Bill_To_Address__r.Account__c !=  AccountId 
)|AccountId=001WC00000XiZP4 , Bill_To_Address__r.Account__c=001WC00000XiZP4
10:37:44.765 (6765867477)|VALIDATION_PASS
10:37:44.765 (6765868952)|VALIDATION_RULE|03dWC000001pCBR|Order_BillToContactAcct_Equal_OrderAcct
10:37:44.765 (6765962541)|VALIDATION_FORMULA|AND(NOT(ISBLANK(BillToContact.AccountId)),
 BillToContact.AccountId !=  AccountId 
)|AccountId=001WC00000XiZP4 , BillToContact.AccountId=001WC00000XiZP4
10:37:44.765 (6765966422)|VALIDATION_PASS
10:37:44.765 (6765967431)|VALIDATION_RULE|03dWC000001pC9p|Order_BillToPlaceAcct_Equal_OrderAcct
10:37:44.765 (6766027097)|VALIDATION_FORMULA|AND(NOT(ISBLANK(Bill_To_Place__r.Account__c)),
 Bill_To_Place__r.Account__c !=  AccountId 
)|AccountId=001WC00000XiZP4 , Bill_To_Place__r.Account__c=001WC00000XiZP4
10:37:44.765 (6766030400)|VALIDATION_PASS
10:37:44.765 (6766031475)|VALIDATION_RULE|03dWC000001pC8D|Order_ShipToAddressAcct_Equal_OrderAcct
10:37:44.765 (6766084793)|VALIDATION_FORMULA|AND(NOT(ISBLANK(Ship_To_Address__r.Account__c)),
 Ship_To_Address__r.Account__c != AccountId
)|AccountId=001WC00000XiZP4 , Ship_To_Address__r.Account__c=001WC00000XiZP4
10:37:44.765 (6766087328)|VALIDATION_PASS
10:37:44.765 (6766088596)|VALIDATION_RULE|03dWC000001pC6b|Order_ShipToContactAcct_Equal_OrderAcct
10:37:44.765 (6766138967)|VALIDATION_FORMULA|AND(NOT(ISBLANK(ShipToContact.AccountId)),
 ShipToContact.AccountId  != AccountId
)|AccountId=001WC00000XiZP4 , ShipToContact.AccountId=001WC00000XiZP4
10:37:44.765 (6766141549)|VALIDATION_PASS
10:37:44.765 (6766142358)|VALIDATION_RULE|03dWC000001pC4z|Order_ShipToPlaceAcct_Equal_OrderAcct
10:37:44.765 (6766193340)|VALIDATION_FORMULA|AND(NOT(ISBLANK(Ship_To_Place__r.Account__c)),
 Ship_To_Place__r.Account__c != AccountId 
)|AccountId=001WC00000XiZP4 , Ship_To_Place__r.Account__c=001WC00000XiZP4
10:37:44.765 (6766195900)|VALIDATION_PASS
10:37:44.765 (6766205001)|CODE_UNIT_FINISHED|Validation:Order:801WC00000knHDL
10:37:44.765 (6766212548)|EXECUTION_FINISHED
10:37:44.788 (6788628758)|USER_INFO|[EXTERNAL]|005WC00000MgTN2|liam.jeong.c@fortra.com.uat|(GMT-07:00) Pacific Daylight Time (America/Los_Angeles)|GMT-07:00
10:37:44.788 (6788665294)|EXECUTION_STARTED
10:37:44.788 (6788674250)|CODE_UNIT_STARTED|[EXTERNAL]|Flow:Order
10:37:44.789 (6789467049)|FLOW_CREATE_INTERVIEW_BEGIN|00DWC000006eUFF|300WC00000PgHIz|301WC00000guXcg
10:37:44.789 (6789538211)|FLOW_CREATE_INTERVIEW_END|355200a6b0892dcf0982735409c119ecc44afe5-1193|Fortra &#124; Order &#124; After Update - Platform Event (Workday)
10:37:44.790 (6790304214)|FLOW_START_INTERVIEWS_BEGIN|1
10:37:44.790 (6790337941)|FLOW_START_INTERVIEW_BEGIN|355200a6b0892dcf0982735409c119ecc44afe5-1193|Fortra &#124; Order &#124; After Update - Platform Event (Workday)
10:37:44.790 (6790379743)|FLOW_START_INTERVIEW_LIMIT_USAGE|SOQL queries: 1 out of 100
10:37:44.790 (6790384932)|FLOW_START_INTERVIEW_LIMIT_USAGE|SOQL query rows: 3 out of 50000
10:37:44.790 (6790388651)|FLOW_START_INTERVIEW_LIMIT_USAGE|SOSL queries: 0 out of 20
10:37:44.790 (6790392512)|FLOW_START_INTERVIEW_LIMIT_USAGE|DML statements: 2 out of 150
10:37:44.790 (6790395786)|FLOW_START_INTERVIEW_LIMIT_USAGE|DML rows: 6 out of 10000
10:37:44.790 (6790399788)|FLOW_START_INTERVIEW_LIMIT_USAGE|CPU time in ms: 3485 out of 15000
10:37:44.790 (6790409604)|FLOW_START_INTERVIEW_LIMIT_USAGE|Heap size in bytes: 0 out of 6000000
10:37:44.790 (6790412986)|FLOW_START_INTERVIEW_LIMIT_USAGE|Callouts: 0 out of 100
10:37:44.790 (6790416307)|FLOW_START_INTERVIEW_LIMIT_USAGE|Email invocations: 0 out of 10
10:37:44.790 (6790419286)|FLOW_START_INTERVIEW_LIMIT_USAGE|Future calls: 0 out of 50
10:37:44.790 (6790422279)|FLOW_START_INTERVIEW_LIMIT_USAGE|Jobs in queue: 0 out of 50
10:37:44.790 (6790425352)|FLOW_START_INTERVIEW_LIMIT_USAGE|Push notifications: 0 out of 10
10:37:44.790 (6793260450)|FLOW_VALUE_ASSIGNMENT|355200a6b0892dcf0982735409c119ecc44afe5-1193|$Record|{Id=801WC00000knHDLYA2, OwnerId=005a500001SfRd7AAF, ContractId=800WC00000SKpZJYA1, AccountId=001WC00000XiZP4YAN, Pricebook2Id=01sWC0000022GHFYA2, OriginalOrderId=null, OpportunityId=006WC00000R3zVxYAJ, QuoteId=0Q0WC0000039Vm10AE, EffectiveDate=2026-06-15 00:00:00, EndDate=null, IsReductionOrder=false, Status=Draft, Description=null, CustomerAuthorizedById=null, CustomerAuthorizedDate=null, CompanyAuthorizedById=null, CompanyAuthorizedDate=null, Type=null, BillingStreet=11095 Viking Drive, BillingCity=Eden Prairie, BillingState=Minnesota, BillingPostalCode=55344, BillingCountry=United States, BillingStateCode=MN, BillingCountryCode=US, BillingLatitude=null, BillingLongitude=null, BillingGeocodeAccuracy=null, ShippingStreet=11095 Viking Drive, ShippingCity=Eden Prairie, ShippingState=Minnesota, ShippingPostalCode=55344, ShippingCountry=United States, ShippingStateCode=MN, ShippingCountryCode=US, ShippingLatitude=null, ShippingLongitude=null, ShippingGeocodeAccuracy=null, Name=Q-Wren - Test Pricebook 2-2026-06-15, PoDate=null, PoNumber=null, OrderReferenceNumber=null, BillToContactId=003WC00000nc6g5YAA, ShipToContactId=003WC00000nc6g5YAA, ActivatedDate=null, ActivatedById=null, StatusCode=Draft, CurrencyIsoCode=USD, LegalEntityId=0fwWC000000034LYAQ, OrderedDate=null, BillingEmailAddress=null, BillingPhoneNumber=null, RelatedOrderId=null, OrderNumber=00095503, TotalAmount=94256.4875, TotalTaxAmount=0.0, GrandTotalAmount=94256.4875, TotalAdjustedProductAmount=0.0, TotalAdjustedDeliveryAmount=0.0, TotalProductAdjDistAmount=0.0, TotalDeliveryAdjDistAmount=0.0, TotalAdjustedProductTaxAmount=0.0, TotalAdjustedDeliveryTaxAmount=0.0, TotalProductAdjDistTaxAmount=0.0, TotalDeliveryAdjDistTaxAmount=0.0, TotalAdjProductAmtWithTax=0.0, TotalAdjDeliveryAmtWithTax=0.0, TotalProductAdjDistAmtWithTax=0.0, TotalDeliveryAdjDistAmtWithTax=0.0, PaymentTermId=2OXWC0000000Vs34AE, LastPricedDate=null, FulfillmentPlanId=null, CalculationStatus=CompletedWithPricing, OrchestrationSbmsStatus=null, OriginalActionType=null, ValidationResult=null, AdjustmentDistributionLogic=null, AppliedDiscountAmount=null, AppliedDiscount=null, TotalAmountOverride=null, SalesTransactionTypeId=null, PricingContractId=null, RelatedOrderType=null, TransactionType=Fortra_Advanced_Pricing, CreatedDate=2026-06-15 14:12:45, CreatedById=005a500001SfRd7AAF, LastModifiedDate=2026-06-15 17:37:45, LastModifiedById=005WC00000MgTN2YAN, IsDeleted=false, SystemModstamp=2026-06-15 17:37:45, LastViewedDate=null, LastReferencedDate=null, TotalRoundedLineAmount=null, DiscountPercent=null, Workday_Contract_ID__c=801WC00000knHDLYA2, Workday_ID__c=null, Workday_Sync_Correlation_Id__c=null, Workday_Sync_Message__c=null, Workday_Sync_Payload__c=null, QuoteTypeText__c=New, Legacy_Id__c=null, Bill_To_Place__c=a0lWC000004cO79YAE, Hubspot_Overall_Status__c=Overall Success, Ship_To_Place__c=a0lWC000004cO79YAE, Order_NARR__c=null, Source_Opportunity_Id__c=006WC00000R3zVx, Source_Order_Id__c=null, Bill_To_Account__c=001WC00000XiZP4YAN, Bill_To_Address__c=a0lWC000004cO79YAE, Ship_To_Account__c=001WC00000XiZP4YAN, Ship_To_Address__c=a0lWC000004cO79YAE, Clawback_Repaid_Date__c=null, Commission_Date__c=null, Contract_Start_Date__c=null, Currency_Locked__c=false, MSYears__c=null, New_Licenses__c=null, New_Maintenance__c=null, New_Pro_Services__c=null, Partner_Account__c=null, Reseller_PO__c=null, Sales_Rep__c=null, Source_Quote_Currency__c=USD, gsOrderID__c=null, gsShipDate__c=null, Order_Displaced_ARR__c=0.0, VAT_Number__c=null, DoNotInvoicePS__c=false, IsDR__c=false, IsNotificationSent__c=false, IsRenewal__c=false, IsTAM__c=null, Is_Reversed__c=false, New_SaaSEftCloud__c=null, Total_List_Price__c=null, Account_Specialist__c=null, Billing_Day_of_Month__c=null, Customer_Success_Manager__c=null, Date_Fulfilled__c=null, Deal_Origin__c=null, Disable_Export_Control__c=false, Enterprise_Representative__c=null, HARP_Contact__c=null, Invoice_Contact_2__c=null, Invoice_Contact__c=null, License_Key_Contact__c=null, ShowHide_Discounts__c=null, Solutions_Engineer__c=null, Total_Discount_Amount__c=0.0, PO_Sync_Correlation_Id__c=null, PO_Sync_Message__c=null, PO_Sync_Payload__c=null, PO_Sync_Status__c=Pending, PO_URL__c=null, ALE__c=null, AWS_Marketplace_Agreement_ID__c=null, AWS_Marketplace_Offer_ID__c=null, Account_NameText__c=Fortra, LLC - Test, Billing_Frequency__c=null, Contact__c=null, Cross_Sale_Type__c=null, Cross_Sale_User__c=null, Description__c=null, Disable_Tax__c=false, DistributorReseller__c=null, Line_Items_Complete__c=false, Maintenance_Date__c=null, Mark_Inv_Migration_Change__c=false, On_Hold_Time__c=null, OrderOne__c=1.0, POC_Invoice_Contact_On_Billing_Account__c=null, Payment_Portal__c=Fortra (default), Purchasing_Agent_Account__c=null, Purchasing_Agent_Contact__c=null, RSM_2__c=null, RSM_3__c=null, RSM_4__c=null, RSM_5__c=null, RSM__c=null, Referral_Partner__c=null, Renewal_Maintenance_Quote__c=null, Renewals_Specialist__c=null, Requested_Delivery_Date__c=null, Reseller_Partner__c=null, SA__c=null, Secondary_License_Key_Contact__c=null, Share_With_AWS__c=false, SingleYearMS__c=null, Skip_Price_Calculation__c=false, Source_Campaign__c=null, Source_Quote_Id__c=null, Workday_Sync_Status__c=Pending, HS_Sync_Correlation_Id__c=null, HS_Sync_Message__c=null, HS_Sync_Payload__c=null, HS_Sync_Status__c=null, Deal_Type__c=Channel Originated, GSW__c=false, Quote_Type__c=New, Total_Services__c=null, Total_Software__c=null, Total_Subscription__c=94000.0, Order_NARR_Calculated__c=0.0, Exchange_Rate_To_USD__c=null, Legacy_Sync_Correlation_Id__c=null, Legacy_Sync_Message__c=null, Legacy_Sync_Payload__c=null, Legacy_Sync_Status__c=null, WorkdayReferenceID__c=COM003, Payment_Term_Workday_Reference_ID__c=Net_30, Order_Integration_Error_Messages__c=null, Order_and_Related_Field_Status__c=Unknown, Legacy_Discount__c=null, Workday_Contract_Type__c=Master_Contract, Legacy_Overall_Status__c=Not Overall Success, Workday_Overall_Status__c=Not Success, Contract_Number_Text__c=00069297, MyCap__c=false}
10:37:44.790 (6793445340)|FLOW_ELEMENT_BEGIN|355200a6b0892dcf0982735409c119ecc44afe5-1193|FlowDecision|Order_Completed_Decision
10:37:44.790 (6793468579)|FLOW_ELEMENT_DEFERRED|FlowDecision|Order_Completed_Decision
10:37:44.790 (6793516957)|FLOW_ELEMENT_LIMIT_USAGE|3 ms CPU time, total 3488 out of 15000
10:37:44.790 (6793522873)|FLOW_ELEMENT_END|355200a6b0892dcf0982735409c119ecc44afe5-1193|FlowDecision|Order_Completed_Decision
10:37:44.790 (6793571155)|FLOW_START_INTERVIEW_END|355200a6b0892dcf0982735409c119ecc44afe5-1193|Fortra &#124; Order &#124; After Update - Platform Event (Workday)
10:37:44.790 (6793601097)|FLOW_BULK_ELEMENT_BEGIN|FlowDecision|Order_Completed_Decision
10:37:44.790 (6793726711)|FLOW_RULE_DETAIL|355200a6b0892dcf0982735409c119ecc44afe5-1193|Yes_Order_Completed_Outcome|false|false
10:37:44.790 (6793749456)|FLOW_VALUE_ASSIGNMENT|355200a6b0892dcf0982735409c119ecc44afe5-1193|Yes_Order_Completed_Outcome|false
10:37:44.790 (6793859264)|FLOW_BULK_ELEMENT_END|FlowDecision|Order_Completed_Decision|0|0
10:37:44.790 (6793894017)|FLOW_ELEMENT_BEGIN|355200a6b0892dcf0982735409c119ecc44afe5-1193|FlowDecision|Order_Complete_and_WD_Status_is_Success_Decision
10:37:44.790 (6793901704)|FLOW_ELEMENT_DEFERRED|FlowDecision|Order_Complete_and_WD_Status_is_Success_Decision
10:37:44.790 (6793921120)|FLOW_ELEMENT_LIMIT_USAGE|1 ms CPU time, total 3489 out of 15000
10:37:44.790 (6793926053)|FLOW_ELEMENT_END|355200a6b0892dcf0982735409c119ecc44afe5-1193|FlowDecision|Order_Complete_and_WD_Status_is_Success_Decision
10:37:44.790 (6793948728)|FLOW_BULK_ELEMENT_BEGIN|FlowDecision|Order_Complete_and_WD_Status_is_Success_Decision
10:37:44.790 (6793994167)|FLOW_RULE_DETAIL|355200a6b0892dcf0982735409c119ecc44afe5-1193|Yes_Order_Complete_and_WD_Status_is_Success_Outcome|false|false
10:37:44.790 (6794004326)|FLOW_VALUE_ASSIGNMENT|355200a6b0892dcf0982735409c119ecc44afe5-1193|Yes_Order_Complete_and_WD_Status_is_Success_Outcome|false
10:37:44.790 (6794060650)|FLOW_BULK_ELEMENT_END|FlowDecision|Order_Complete_and_WD_Status_is_Success_Decision|0|0
10:37:44.790 (6794083366)|FLOW_ELEMENT_BEGIN|355200a6b0892dcf0982735409c119ecc44afe5-1193|FlowDecision|PO_URL_Changed_Decision
10:37:44.790 (6794089181)|FLOW_ELEMENT_DEFERRED|FlowDecision|PO_URL_Changed_Decision
10:37:44.790 (6794098187)|FLOW_ELEMENT_END|355200a6b0892dcf0982735409c119ecc44afe5-1193|FlowDecision|PO_URL_Changed_Decision
10:37:44.790 (6794112762)|FLOW_BULK_ELEMENT_BEGIN|FlowDecision|PO_URL_Changed_Decision
10:37:44.790 (6794189664)|FLOW_RULE_DETAIL|355200a6b0892dcf0982735409c119ecc44afe5-1193|Yes_PO_URL_Changed_Outcome|false|false
10:37:44.790 (6794202727)|FLOW_VALUE_ASSIGNMENT|355200a6b0892dcf0982735409c119ecc44afe5-1193|Yes_PO_URL_Changed_Outcome|false
10:37:44.790 (6794257610)|FLOW_BULK_ELEMENT_END|FlowDecision|PO_URL_Changed_Decision|0|0
10:37:44.790 (6794414650)|FLOW_START_INTERVIEWS_END|1
10:37:44.790 (6794588869)|FLOW_INTERVIEW_FINISHED|355200a6b0892dcf0982735409c119ecc44afe5-1193|Fortra &#124; Order &#124; After Update - Platform Event (Workday)
10:37:44.790 (6794605577)|FLOW_INTERVIEW_FINISHED_LIMIT_USAGE|SOQL queries: 1 out of 100
10:37:44.790 (6794609155)|FLOW_INTERVIEW_FINISHED_LIMIT_USAGE|SOQL query rows: 3 out of 50000
10:37:44.790 (6794611980)|FLOW_INTERVIEW_FINISHED_LIMIT_USAGE|SOSL queries: 0 out of 20
10:37:44.790 (6794614775)|FLOW_INTERVIEW_FINISHED_LIMIT_USAGE|DML statements: 2 out of 150
10:37:44.790 (6794617204)|FLOW_INTERVIEW_FINISHED_LIMIT_USAGE|DML rows: 6 out of 10000
10:37:44.790 (6794620058)|FLOW_INTERVIEW_FINISHED_LIMIT_USAGE|CPU time in ms: 3489 out of 15000
10:37:44.790 (6794623998)|FLOW_INTERVIEW_FINISHED_LIMIT_USAGE|Heap size in bytes: 0 out of 6000000
10:37:44.790 (6794627274)|FLOW_INTERVIEW_FINISHED_LIMIT_USAGE|Callouts: 0 out of 100
10:37:44.790 (6794629765)|FLOW_INTERVIEW_FINISHED_LIMIT_USAGE|Email invocations: 0 out of 10
10:37:44.790 (6794632247)|FLOW_INTERVIEW_FINISHED_LIMIT_USAGE|Future calls: 0 out of 50
10:37:44.790 (6794634677)|FLOW_INTERVIEW_FINISHED_LIMIT_USAGE|Jobs in queue: 0 out of 50
10:37:44.788 (6796179592)|CODE_UNIT_FINISHED|Flow:Order
10:37:44.788 (6796191720)|EXECUTION_FINISHED
10:37:44.815 (6815770999)|USER_INFO|[EXTERNAL]|005WC00000MgTN2|liam.jeong.c@fortra.com.uat|(GMT-07:00) Pacific Daylight Time (America/Los_Angeles)|GMT-07:00
10:37:44.815 (6815791658)|EXECUTION_STARTED
10:37:44.815 (6815800536)|CODE_UNIT_STARTED|[EXTERNAL]|Flow:Order
10:37:44.815 (6815910338)|CODE_UNIT_FINISHED|Flow:Order
10:37:44.815 (6815915885)|EXECUTION_FINISHED
10:37:44.899 (6899370461)|CUMULATIVE_PROFILING_BEGIN
10:37:44.899 (6899370461)|CUMULATIVE_PROFILING|No profiling information for SOQL operations
10:37:44.899 (6899370461)|CUMULATIVE_PROFILING|No profiling information for SOSL operations
10:37:44.899 (6899370461)|CUMULATIVE_PROFILING|No profiling information for DML operations
10:37:44.899 (6899370461)|CUMULATIVE_PROFILING|No profiling information for method invocations
10:37:44.899 (6899370461)|CUMULATIVE_PROFILING_END

