
===== SHEET: Billings Dashboard Org (86r x 32c) =====
	Channel Dashboard - Billings 2023-2024 YTD
	as of February 2024
	USD in thousands
	Note: Does not include Alert Logic Billings
	Billings Split
														YoY % Growth
	Split	Q1 '23	Q2 '23	Q3 '23	Q4 '23	2023		Q1 '24	Q2 '24	Q3 '24	Q4 '24	2024 YTD		Q1 '24	Q2 '24	Q3 '24	Q4 '24	2024 YTD
	Channel	53413148.25583199	48164200.065721914	45456277.57692301	59888149.731791265	206921775.63026816		27168611.819504924	0	0	0	27168611.819504924		-0.49134973865655857	-1	-1	-1	-0.8687010502555791
	Direct	101354542.47876266	122329485.64723662	97737785.30177344	130432972.53565371	451854785.9634264		62057462.1234233	0	0	0	62057462.1234233		-0.3877189852006236	-1	-1	-1	-0.8626606067896196
	Total Billings	154767690.73459464	170493685.7129585	143194062.87869644	190321122.26744497	658776561.5936946		89226073.94292822	0	0	0	89226073.94292822		-0.42348384524300553	-1	-1	-1	-0.8645579106107314
	Channel	0.34511820911916435	0.2824984389557434	0.31744526737418055	0.3146689606402942	0.314100087485943		0.30449184435575205	N/A	N/A	N/A	0.30449184435575205
	Direct	0.6548817908808356	0.7175015610442567	0.6825547326258196	0.6853310393597059	0.685899912514057		0.695508155644248	N/A	N/A	N/A	0.695508155644248
	Channel Billings																			Total Billings						2024 YTD % of Total Billings
														YoY % Growth
	Brand	Q1 '23	Q2 '23	Q3 '23	Q4 '23	2023		Q1 '24	Q2 '24	Q3 '24	Q4 '24	2024 YTD		Q1 '24	Q2 '24	Q3 '24	Q4 '24	2024 YTD		Q1 '23	Q2 '23	Q3 '23	Q4 '23	2023 YTD		Total	Channel	Channel %
	Agari	3038507	2528358.6999999997	1933378.45	1267725.9	8767970.049999999		1185274.3199999998	0	0	0	1185274.3199999998		-0.6099155539217123	-1	-1	-1	-0.8648177042986135		5733152	6476505.29	3852230.6000000006	5127020.95	21188908.84		21188908.84	1185274.3199999998	0.055938431230704175
	RPA	563270.0299999999	486474.4499999992	606725.6100000008	668869.2999999996	2325339.3899999997		498835.8799999999	0	0	0	498835.8799999999		-0.11439300258882944	-1	-1	-1	-0.7854782479730841		3606649.0200000247	3335914.319999991	3551032.7199999825	4265138.55	14758734.61		14758734.61	498835.8799999999	0.03379936648918439
	BSEC	356640.4199999999	116441.87	116003.64	191079.45	780165.3799999999		75683.75000000001	0	0	0	75683.75000000001		-0.7877869535932017	-1	-1	-1	-0.902990119864073		643498.01	361122.7700000001	207109.27	91548.14000000001	1303278.19		1303278.19	75683.75000000001	0.05807183038948885
	Data Classification	6606178.939897999	6768682.167761999	5301923.764123002	5304615.019190998	23981399.890974		3557268.625404999	0	0	0	3557268.625404999		-0.461524028070011	-1	-1	-1	-0.8516655140409937		8494631.646422	11536805.148464	6311949.139439999	6616281.800844	32959667.73517		32959667.73517	3557268.625404999	0.10792792736830821
	Cobalt Strike	213132.89	631080.54	1489058.78	687244.22	3020516.4299999997		237091.62000000002	0	0	0	237091.62000000002		0.11241216688799185	-1	-1	-1	-0.9215062637484147		3162132.32999998	4076010.8199999854	4829772.330000003	3176531.499999998	15244446.979999965		15244446.979999965	237091.62000000002	0.015552654701810676
	Core CTS	339072.8899999999	1004961.3399999997	1179335.1700000004	741972.9	3265342.3		158576.66999999998	0	0	0	158576.66999999998		-0.532322769891748	-1	-1	-1	-0.9514364328664716		1645178.3399999999	2395331.5200000005	2815919.599999999	1819875.91	8676305.37		8676305.37	158576.66999999998	0.018276981184676768
	Core IGA	0	271341.38	-144784.44	235989	362545.94		15222.09	0	0	0	15222.09		N/A	-1	-1	-1	-0.9580133485979735		3276160.06	3005635.0499999993	-180314.02000000008	1667108.3900000001	7768589.479999999		7768589.479999999	15222.09	0.0019594406473902137
	CTP	8089938.020000006	6086908.199999998	6006611.700000003	8361820.460000018	28545278.380000025		4041444.6699999995	0	0	0	4041444.6699999995		-0.5004356448703674	-1	-1	-1	-0.8584198543731282		10383921.580000006	8782889.949999996	7188452.280000001	9631832.940000016	35987096.750000015		35987096.750000015	4041444.6699999995	0.11230260384925321
	DDI	1134487.5799999996	1432721.4700000004	800156.18	1060679.91	4428045.14		594846.7600000001	0	0	0	594846.7600000001		-0.4756692179917912	-1	-1	-1	-0.8656637994435621		3820375.349999998	3939625.7999999984	3186444.140000001	3393758.86	14340204.149999997		14340204.149999997	594846.7600000001	0.041481052415840276
	Digital Guardian	9599664.019999996	5022467.020000001	6915509.16	9959540.82	31497181.019999996		2998109.439999998	0	0	0	2998109.439999998		-0.6876860029940924	-1	-1	-1	-0.9048134041552396		22206774.359999996	20692383.599999998	13287546.939999996	22278664.039999995	78465368.93999998		78465368.93999998	2998109.439999998	0.038209333372185614
	MFT	3794043.2799999933	3931608.7099999995	3597464.3599999896	5539253.350000003	16862369.699999988		2170275.1399999964	0	0	0	2170275.1399999964		-0.4279782860041596	-1	-1	-1	-0.871294771813715		11513195.700000022	13853481.359999945	14949180.440000074	16927975.08999999	57243832.590000026		57243832.590000026	2170275.1399999964	0.037912820330257266
	Cybersecurity	477645.5099999995	692637.0099999997	729130.8100000005	1263102.4700000007	3162515.8000000003		489780.9500000004	0	0	0	489780.9500000004		0.025406791743946146	-1	-1	-1	-0.845129327100911		5591457.029999997	6161158.789999946	7092160.060000022	9536670.160000002	28381446.03999997		28381446.03999997	489780.9500000004	0.017257082296290246
	BoKS	59800	60810	-31577	424644.45	513677.45		120416.91	0	0	0	120416.91		1.0136607023411373	-1	-1	-1	-0.7655787498555757		1892207.05	6428923.050000001	935897.66	673098.4000000001	9930126.16		9930126.16	120416.91	0.012126422973864816
	Globalscape	4613212.819999996	3050237.7000000062	1927614.1799999985	3284079.81	12875144.51		664499.8899999997	0	0	0	664499.8899999997		-0.8559572436981131	-1	-1	-1	-0.9483889373448284		12348248.72000003	11824159.04000002	11767832.95000001	14236795.35000002	50177036.06000008		50177036.06000008	664499.8899999997	0.013243107647996829
	SM	433085.1500000001	361024.06000000006	475317.2699999999	891494.7699999991	2160921.249999999		308387.61999999953	0	0	0	308387.61999999953		-0.28792843624400544	-1	-1	-1	-0.8572888206823827		10378602.8299999	12422371.659999814	15009083.839999912	18823058.739999864	56633117.069999486		56633117.069999486	308387.61999999953	0.005445358404320695
	Network Monitoring	134289.06000000006	157261.74999999997	140566.93000000005	271915.18000000034	704032.9200000004		2012375.4400000002	0	0	0	2012375.4400000002		13.98540119351494	-1	-1	-1	1.8583541803698598		697709.1200000006	881846.0400000013	1103663.0100000023	831273.8000000002	3514491.970000005		3514491.970000005	2012375.4400000002	0.5725935518356007
	WLA	239083.7699999999	317252.7499999998	85793.2	463342.61000000004	1105472.3299999998		149651.60000000003	0	0	0	149651.60000000003		-0.3740620703780934	-1	-1	-1	-0.8646265528871264		5794833.179999991	4901542.879999991	4632184.290000001	6314993.290000008	21643553.639999993		21643553.639999993	149651.60000000003	0.006914372865434869
	MFT	3794043.2799999933	3931608.7099999995	3597464.3599999896	5539253.350000003	16862369.699999988		2170275.1399999964	0	0	0	2170275.1399999964		-0.4279782860041596	-1	-1	-1	-0.871294771813715		11513195.700000022	13853481.359999945	14949180.440000074	16927975.08999999	57243832.590000026		57243832.590000026	2170275.1399999964	0.037912820330257266
	PhishLabs	94316	214827	359112.36	283016.3	951271.6599999999		303237.93000000005	0	0	0	303237.93000000005		2.215127125832309	-1	-1	-1	-0.6812288826096217		8760184	7478911.53	9219928.059999999	11987682.159999996	37446705.75		37446705.75	303237.93000000005	0.008097853307163075
	Cybersecurity	477645.5099999995	692637.0099999997	729130.8100000005	1263102.4700000007	3162515.8000000003		489780.9500000004	0	0	0	489780.9500000004		0.025406791743946146	-1	-1	-1	-0.845129327100911		5591457.029999997	6161158.789999946	7092160.060000022	9536670.160000002	28381446.03999997		28381446.03999997	489780.9500000004	0.017257082296290246
	PowertechX	89251.22	219615.87999999998	208151.13000000003	85383.5	602401.73		269490.65	0	0	0	269490.65		2.0194618067965906	-1	-1	-1	-0.5526396479638264		634449.15	729267.39	557087.72	343695.49999999994	2264499.76		2264499.76	269490.65	0.11900670283135735
	Doc Mgmt	269780.18000000156	262169.12999999954	305337.97000000026	371766.5400000034	1209053.820000005		174404.67000000027	0	0	0	174404.67000000027		-0.3535304557955323	-1	-1	-1	-0.8557511112284484		2133752.1099999906	1238112.1900000002	1377998.5700000036	2003717.4999999884	6753580.369999982		6753580.369999982	174404.67000000027	0.025824031172372162
	Cybersecurity	477645.5099999995	692637.0099999997	729130.8100000005	1263102.4700000007	3162515.8000000003		489780.9500000004	0	0	0	489780.9500000004		0.025406791743946146	-1	-1	-1	-0.845129327100911		5591457.029999997	6161158.789999946	7092160.060000022	9536670.160000002	28381446.03999997		28381446.03999997	489780.9500000004	0.017257082296290246
	BI	295850.5299999999	271855.37000000005	218068.32000000024	661102.0900000004	1446876.3100000005		345430.31	0	0	0	345430.31		0.16758388095502177	-1	-1	-1	-0.7612578852714784		3463180.5399999972	4068343.019999991	3541943.1800000025	8811244.470000012	19884711.21		19884711.21	345430.31	0.017371653344720614
	Cap Mgmt	2263653.21	1847063.83	808528.71	1640018.7999999998	6559264.55		891631.8299999997	0	0	0	891631.8299999997		-0.6061093518825705	-1	-1	-1	-0.8640652739033067		2848445.37	2665834.5	1798545.91	2843513.5300000003	10156339.31		10156339.31	891631.8299999997	0.08779066972704358
	Data Classification	6606178.939897999	6768682.167761999	5301923.764123002	5304615.019190998	23981399.890974		3557268.625404999	0	0	0	3557268.625404999		-0.461524028070011	-1	-1	-1	-0.8516655140409937		8494631.646422	11536805.148464	6311949.139439999	6616281.800844	32959667.73517		32959667.73517	3557268.625404999	0.10792792736830821
	Tripwire	8472689.188199995	9950360.992199989	9543021.342800006	13047082.762599984	41013154.28579997		4145380.974099995	0	0	0	4145380.974099995		-0.5107360978290916	-1	-1	-1	-0.8989255753114495		16187028.786900003	18344989.048947994	17601607.048300058	27954239.1166	80087864.00074805		80087864.00074805	4145380.974099995	0.05176041371338454
	Vera	119948.82	48245.76	532919.12	463122.31999999995	1164236.02		50537.04	0	0	0	50537.04		-0.578678306297636	-1	-1	-1	-0.9565921006292177		701231.77	696627.25	1266529.26	2113544.46	4777932.74		4777932.74	50537.04	0.010577176940335078
	Total	62653053.767995976	57819971.97772398	53461016.461045995	70538935.240982	244472977.44774795		32164960.444909982	0	0	0	32164960.444909982		-0.4866178340800959	-1	-1	-1	-0.8684314283700958		177107739.45974398	194010396.10587546	171349234.69718018	224086859.8582879	766554230.1210876		766554230.1210876	32164960.444909982	0.041960449999511575
	Top 20 Partner Billings
														YoY % Growth
	Partner	Q1 '23	Q2 '23	Q3 '23	Q4 '23	2023		Q1 '24	Q2 '24	Q3 '24	Q4 '24	2024 YTD		Q1 '24	Q2 '24	Q3 '24	Q4 '24	2024 YTD
	Iron Bow Technologies HQ	8040.710000000001	0	0	0	8040.710000000001		1938382.31	0	0	0	1938382.31		240.07103850281877	N/A	N/A	N/A	240.07103850281877
	Optiv	2054687.9700000004	1164641.8700000003	3047571.4700000007	3033917.710000001	9300819.020000003		1387404.64	0	0	0	1387404.64		-0.3247613943055307	-1	-1	-1	-0.8508298422948994
	e92plus	1741015.6646329986	1100641.094668	766836.4195680004	1582975.65552	5191468.834388999		1219989.37985	0	0	0	1219989.37985		-0.2992657075792765	-1	-1	-1	-0.7650011164916134
	SHI International	1333017.9599999997	1266059.709999999	793428.8699999993	571711.3900000002	3964217.9299999983		1127048.4000000006	0	0	0	1127048.4000000006		-0.154513717129512	-1	-1	-1	-0.7156946414396543
	CDW - US	484131.12999999995	670383.9500000001	369123.51999999996	1220817.03	2744455.63		765395.8799999999	0	0	0	765395.8799999999		0.5809681149815753	-1	-1	-1	-0.7211119496218636
	IT2 Trust AS	53250.32	817.74	36503.828168	333065.84520000004	423637.733368		740806.04772	0	0	0	740806.04772		12.911767060179171	-1	-1	-1	0.7486781496786228
	Carahsoft	1821720.62	1297831.0299999998	3665920.3300000005	1734814.21	8520286.190000001		668478.3000000002	0	0	0	668478.3000000002		-0.6330511426060489	-1	-1	-1	-0.9215427410425987
	Data Partner Inc.	0	0	0	0	0		612600.0000000001	0	0	0	612600.0000000001		N/A	N/A	N/A	N/A	N/A
	AccessAgility LLC	579911	0	0	0	579911		599628	0	0	0	599628		0.034000044834465976	N/A	N/A	N/A	0.034000044834465976
	Unisys Corporation	1853443	1780046.84	805701	1132764	5571954.84		524464.08	0	0	0	524464.08		-0.7170325281111962	-1	-1	-1	-0.9058743125060934
	Atlantic Data Security	51429.04	536000	69311.68	0	656740.72		508779.64	0	0	0	508779.64		8.892847309613401	-1	-1	N/A	-0.22529603463601278
	HANDD Business Solutions	962131.321439	782590.1552179999	662770.8104799996	1209290.044799999	3616782.3319369983		494820.1700000001	0	0	0	494820.1700000001		-0.4857041248174643	-1	-1	-1	-0.8631877385513009
	DeFY Security, LLC	0	0	0	0	0		436914.02	0	0	0	436914.02		N/A	N/A	N/A	N/A	N/A
	Partenor Digital	366131	0	0	0	366131		366250.68	0	0	0	366250.68		0.00032687753836739585	N/A	N/A	N/A	0.00032687753836739585
	GuidePoint Security	495892.42999999993	874365.1700000002	2046631.89	335723.26000000007	3752612.7500000005		353466.83	0	0	0	353466.83		-0.2872106759121125	-1	-1	-1	-0.9058078055083089
	S.I.T. GmbH & Co. KG	512688.62000000017	259363.20999999993	122632.13000000002	532504.9400000003	1427188.9000000004		343615.51	0	0	0	343615.51		-0.32977738027421033	-1	-1	-1	-0.7592361389581996
	AT&T	527003.45	995603.4899999998	224207.6899999998	267591.8600000001	2014406.4899999995		300114.63	0	0	0	300114.63		-0.43052625177311454	-1	-1	-1	-0.8510158543025742
	Zones	38157.22	-3852.9300000000003	54455.96	189917.23	278677.48		286358.24	0	0	0	286358.24		6.504693476097053	-1	-1	-1	0.027561466394772947
	BlueFinch-ESBD Group B.V. (FR)*	496267.4600000002	231341.88999999978	509925.18999999994	1071843.3700000017	2309377.910000002		274843.7000000001	0	0	0	274843.7000000001		-0.4461782765285477	-1	-1	-1	-0.8809879929959147
	Insight	411930.04999999993	260887.02999999994	670433.3500000001	411348.28	1754598.71		271411.18000000005	0	0	0	271411.18000000005		-0.34112313486233864	-1	-1	-1	-0.8453143853046603
	Top 20	13790848.966072	11216720.249885999	13845454.138216002	13628284.82552	52481308.179694004		13220771.637570001	0	0	0	13220771.637570001		-0.04133736290669946	-1	-1	-1	-0.7480860882449313
	% of Total Channel	0.22011455366787808	0.19399387212099325	0.25898224640574125	0.19320230421627038	0.2146712030408801		0.41103024703585955	N/A	N/A	N/A	0.41103024703585955		0.8673469799550212				-0.525529747754866
	Other Partners	48862204.801923975	46603251.72783798	39615562.32282999	56910650.415461995	191991669.26805392		18944188.80733998	0	0	0	18944188.80733998		-0.6122936145813452	-1	-1	-1	-0.9013280686627575
	Total Channel Billings	62653053.767995976	57819971.97772398	53461016.461045995	70538935.240982	244472977.44774795		32164960.444909982	0	0	0	32164960.444909982		-0.4866178340800959	-1	-1	-1	-0.8684314283700958
	Billings by Region																			Total Billings						2024 YTD % of Total Billings
														YoY % Growth
	Region	Q1 '23	Q2 '23	Q3 '23	Q4 '23	2023		Q1 '24	Q2 '24	Q3 '24	Q4 '24	2024 YTD		Q1 '24	Q2 '24	Q3 '24	Q4 '24	2024 YTD		Q1 '23	Q2 '23	Q3 '23	Q4 '23	2023 YTD		Total	Channel	Channel %
	NA	34410458.282900244	27532993.397574853	29062371.464867167	35102896.764556065	126108719.90989833		18942472.593707994	0	0	0	18942472.593707994		-0.4495140855731884	-1	-1	-1	-0.8497925234096267		125840074.98661913	137138981.45670792	117976388.71976857	151286660.03073755	532242105.19383323		532242105.19383323	18942472.593707994	0.03558995503899391
	EMEA	16200332.61473202	16504863.315946994	12609326.909255981	19431162.551554997	64745685.39149		6157620.218806998	0	0	0	6157620.218806998		-0.6199077904605816	-1	-1	-1	-0.9048952809507776		24616616.995774955	24441551.115312606	18451283.75839196	30545820.051026814	98055271.92050633		98055271.92050633	6157620.218806998	0.06279744166941882
	APAC	1872524.0082	3352804.4522000016	3275200.6527999947	3991786.9756799988	12492316.088879997		1475240.596990001	0	0	0	1475240.596990001		-0.2121646555506092	-1	-1	-1	-0.8819081596643891		2642185.9321999997	6709648.410936997	4566232.34053699	5796251.855679989	19714318.539353974		19714318.539353974	1475240.596990001	0.07483092017840266
	LATAM	929833.3499999997	773538.9000000005	509378.54999999976	1362303.4399999985	3575054.2399999984		593278.4100000006	0	0	0	593278.4100000006		-0.3619518917018832	-1	-1	-1	-0.8340505149930254		1668812.8199999998	2203504.7300000004	2200158.059999998	2692390.3299999963	8764865.939999994		8764865.939999994	593278.4100000006	0.06768824692371747
	Total	53413148.25583226	48164200.06572185	45456277.57692314	59888149.73179106	206921775.6302683		27168611.81950499	0	0	0	27168611.81950499		-0.4913497386565599	-1	-1	-1	-0.8687010502555788		154767690.7345941	170493685.71295753	143194062.8786975	190321122.26744434	658776561.5936935		658776561.5936935	27168611.81950499	0.04124101160153521

===== SHEET: Billings - Cyber  (139r x 87c) =====
			Channel Billings vs Plan 2025 YTD
			as of April 2025
			USD in thousands
				1	1	1	1	0	0	0	0	0	0	0	0					1	1	1	1	0	0	0	0	0	0	0	0					1	1	1	1	0	0	0	0	0	0	0	0				1	1	1	1	0	0	0	0	0	0	0	0					1	1	1	1	0	0	0	0	0	0	0	0
				2025-01-01 00:00:00	2025-02-01 00:00:00	2025-03-01 00:00:00	2025-04-01 00:00:00	2025-05-01 00:00:00	2025-06-01 00:00:00	2025-07-01 00:00:00	2025-08-01 00:00:00	2025-09-01 00:00:00	2025-10-01 00:00:00	2025-11-01 00:00:00	2025-12-01 00:00:00
				Actuals																Total Brand Billings Plan																% of plan to Channel															Channel Billings Plan																Variance to Plan
			Brand (Direct)	January	February	March	April	May	June	July	August	September	October	November	December	YTD	2025	% Total		January	February	March	April	May	June	July	August	September	October	November	December	YTD	2025	% Total		January	February	March	April	May	June	July	August	September	October	November	December	YTD	2025		January	February	March	April	May	June	July	August	September	October	November	December	YTD	2025	% Total		January	February	March	April	May	June	July	August	September	October	November	December	YTD ($)	YTD (%)	2025
	Cyber Direct	DREP	Agari	903113.3899999999	425448.6	779481.0299999999	457164.79000000004	0	0	0	0	0	0	0	0	2565207.8099999996	2565207.8099999996	0.05306700985048671		95.23035873389955	210.36001990395232	295.009621362148	184.25241299975212	163.00938090689772	335.23820609335	191.6225095197422	169.5297561431736	348.64773433708393	198.9926060397323	176.0501313794495	362.0572625808181	784.852412999752	2729.999999999999	0.06803732242511785		0.45	0.45	0.45	0.45	0.45	0.45	0.45	0.45	0.45	0.45	0.45	0.45	0.6	0.6		42.853661430254796	94.66200895677855	132.7543296129666	82.91358584988846	73.35422140810398	150.8571927420075	86.230129283884	76.28839026442813	156.89148045168778	89.54667271787953	79.22255912075228	162.92576816136813	353.1835858498884	1228.4999999999998	0.10595065702988192		903070.5363385696	425353.9379910432	779348.275670387	457081.8764141502	-73.35422140810398	-150.8571927420075	-86.230129283884	-76.28839026442813	-156.89148045168778	-89.54667271787953	-79.22255912075228	-162.92576816136813	2564854.6264141495	7263.10030469614	2563979.3099999996
	Cyber Direct	Managed Services	Alert Logic - MDR	102293.04000000001	49673.03999999999	260190.24	22848	0	0	0	0	0	0	0	0	435004.32	435004.32	0.008999028634036585		960.1857202156541	1169.9838352664547	1769.83044451789	704.1361948248131	857.9881458620666	1297.8756593131195	704.1361948248131	857.9881458620666	1297.8756593131195	832.1609575202336	1013.9859905642606	1533.853051915505	4604.136194824812	12999.999999999996	0.3239872496434184		0	0	0	0	0	0	0	0	0	0	0	0	0.6	0.6		0	0	0	0	0	0	0	0	0	0	0	0	0	0	0		102293.04000000001	49673.03999999999	260190.24	22848	0	0	0	0	0	0	0	0	435004.32	NA	435004.32
	Cyber Direct	Infrastructure Protection	BSEC	105532.62000000004	275067.4199999999	-80868.79000000002	-38769.89999999998	0	0	0	0	0	0	0	0	260961.34999999998	260961.34999999998	0.005398563998230736
	Cyber Direct	Data Protection	Data Classification	148736.57	210125.78999999998	889748.34	1214898.48	0	0	0	0	0	0	0	0	2463509.1799999997	2463509.1799999997	0.05096314825340581		0	0	0	0	0	0	0	0	0	0	0	0	0	0	0		0.75	0.75	0.75	0.75	0.75	0.75	0.75	0.75	0.75	0.75	0.75	0.75	0.6	0.6		0	0	0	0	0	0	0	0	0	0	0	0	0	0	0		148736.57	210125.78999999998	889748.34	1214898.48	0	0	0	0	0	0	0	0	2463509.1799999997	NA	2463509.1799999997
	Cyber Direct	Infrastructure Protection	DDI	1110482.0299999998	631357.3400000001	871969.7499999998	672759.5200000004	0	0	0	0	0	0	0	0	3286568.64	3286568.64	0.0679899576608496
	Cyber Direct	Infrastructure Protection	Cobalt Strike	706515.2099999991	876797.7799999989	753272.5700000018	665389.5800000007	0	0	0	0	0	0	0	0	3001975.14	3001975.14	0.062102510254440656		218.95166274387748	251.17208756616077	310.2967883906609	243.27962527097495	279.08009729573416	344.77420932295655	377.0834191700112	432.574150808388	534.4000244505827	377.0834191700112	432.57415080838814	534.4000244505826	1023.7001639716741	4335.669659448328	0.10805397602516006		0.15	0.15	0.15	0.15	0.15	0.15	0.15	0.15	0.15	0.15	0.15	0.15	0.25	0.25		32.84274941158162	37.67581313492411	46.54451825859913	36.49194379064624	41.862014594360126	51.71613139844348	56.56251287550168	64.8861226212582	80.1600036675874	56.56251287550168	64.88612262125822	80.16000366758739	153.55502459575112	650.3504489172493	0.056088772781816225		706482.3672505876	876760.104186864	753226.0254817432	665353.08805621	-41.862014594360126	-51.71613139844348	-56.56251287550168	-64.8861226212582	-80.1600036675874	-56.56251287550168	-64.88612262125822	-80.16000366758739	3001821.5849754047	19549.833344125327	3001324.789551083
	Cyber Direct	Infrastructure Protection	Core CTS	385346.3600000002	579895.47	249883.26	536752.3400000001	0	0	0	0	0	0	0	0	1751877.4300000004	1751877.4300000004	0.03624146802931158		133.7571068057582	153.44049605374215	189.55965050059413	148.61900756195354	170.48944005971353	210.6218338895491	230.35946172102803	264.2586320925559	326.463842528801	230.35946172102803	264.25863209255607	326.4638425288011	625.376260922048	2648.651407556081	0.06600994498448183		0.5	0.5	0.5	0.5	0.5	0.5	0.5	0.5	0.5	0.5	0.5	0.5	0.15	0.15		66.8785534028791	76.72024802687108	94.77982525029707	74.30950378097677	85.24472002985677	105.31091694477455	115.17973086051401	132.12931604627795	163.2319212644005	115.17973086051401	132.12931604627803	163.23192126440054	312.688130461024	1324.3257037780404	0.11421504146263263		385279.4814465973	579818.7497519731	249788.4801747497	536678.030496219	-85.24472002985677	-105.31091694477455	-115.17973086051401	-132.12931604627795	-163.2319212644005	-115.17973086051401	-132.12931604627803	-163.23192126440054	1751564.741869539	5602.634891887489	1750553.1042962223
	Cyber Direct	DREP	CTP	149465.38999999998	295897.59999999986	362834.99000000005	262090.54	0	0	0	0	0	0	0	0	1070288.52	1070288.52	0.022141290546633278		136.0433696198565	300.5143141485033	421.44231623163995	263.21773285678876	232.870544152711	478.9117229904999	273.7464421710604	242.18536591881949	498.06819191011994	284.2751514853319	251.50018768492785	517.2246608297402	1121.2177328567886	3899.9999999999995	0.09719617489302554		0.65	0.65	0.65	0.65	0.65	0.65	0.65	0.65	0.65	0.65	0.65	0.65	0.15	0.15		88.42819025290672	195.33430419652714	273.93750555056596	171.0915263569127	151.36585369926215	311.29261994382495	177.93518741118925	157.42048784723266	323.74432474157794	184.77884846546573	163.4751219952031	336.1960295393311	728.7915263569125	2534.999999999999	0.2186283399029309		149376.96180974707	295702.26569580333	362561.0524944495	261919.4484736431	-151.36585369926215	-311.29261994382495	-177.93518741118925	-157.42048784723266	-323.74432474157794	-184.77884846546573	-163.4751219952031	-336.1960295393311	1069559.7284736428	1468.5798082068334	1067753.52
	Cyber Direct	Data Protection	Digital Guardian	1512976.63	7763644.26	2815007.5899999994	244888.14	0	0	0	0	0	0	0	0	12336516.620000001	12336516.620000001	0.25520819266265726		531.1742066421098	691.5962417936747	1722.391047856564	632.3502460025118	823.3288592781844	2050.4655331625763	581.7622263223108	757.4625505359297	1886.4282905095697	784.1143050431145	1020.9277855049488	2542.577261121595	3577.5117422948606	14024.578553773092	0.3495218948496166		0	0	0	0	0	0	0	0	0	0	0	0	0.15	0.15		0	0	0	0	0	0	0	0	0	0	0	0	0	0	0		1512976.63	7763644.26	2815007.5899999994	244888.14	0	0	0	0	0	0	0	0	12336516.620000001	NA	12336516.620000001
	Cyber Direct	Infrastructure Protection	Outflank	243981.92999999988	458155.98000000004	632671.2529613512	475307.4199999999	0	0	0	0	0	0	0	0	1810116.5829613511	1810116.5829613511	0.0374462740071493
	Cyber Direct	DREP	PhishLabs	1741898.9600000002	2449731.0100000002	3049353.1599999997	909845.43	0	0	0	0	0	0	0	0	8150828.5600000005	8150828.5600000005	0.1686179567195176		265.4907078794052	265.4907078794052	265.4907078794052	265.4907078794052	265.4907078794052	265.4907078794052	265.4907078794052	265.4907078794052	265.4907078794052	265.4907078794052	265.4907078794052	265.4907078794052	1061.9628315176208	3185.888494552863	0.07939901930929177		0.05	0.05	0.05	0.05	0.05	0.05	0.05	0.05	0.05	0.05	0.05	0.05	0.15	0.15		13.274535393970261	13.274535393970261	13.274535393970261	13.274535393970261	13.274535393970261	13.274535393970261	13.274535393970261	13.274535393970261	13.274535393970261	13.274535393970261	13.274535393970261	13.274535393970261	53.098141575881044	159.2944247276432	0.013738175792503759		1741885.6854646062	2449717.7354646064	3049339.885464606	909832.1554646061	-13.274535393970261	-13.274535393970261	-13.274535393970261	-13.274535393970261	-13.274535393970261	-13.274535393970261	-13.274535393970261	-13.274535393970261	8150775.461858425	153504.96868806385	8150669.265575273
	Cyber Direct	DREP	Terranova	864466.04	538357.7999999999	1286465.7600000005	743290.7199999996	0	0	0	0	0	0	0	0	3432580.3200000003	3432580.3200000003	0.0710105329259959
	Cyber Direct	File Integrity Management	Tripwire	259658.3068	3320441.534600004	1753332.1888580003	1653691.4500000007	0	0	0	0	0	0	0	0	6987123.480258005	6987123.480258005	0.14454413755796985		341.4042496410961	913.959114370572	1004.6366359883315	749.242497908235	964.8028460948473	1371.708620544637	620.5515104696519	799.0868979283454	1136.1019413336464	825.1807883516348	1062.5889152939576	1510.7359820750437	3009.2424979082343	11299.999999999998	0.28161968622850986		0.6	0.6	0.6	0.6	0.6	0.6	0.6	0.6	0.6	0.6	0.6	0.6	0.03	0.03		204.84254978465765	548.3754686223432	602.7819815929988	449.54549874494097	578.8817076569084	823.0251723267821	372.33090628179116	479.4521387570072	681.6611648001879	495.10847301098084	637.5533491763746	906.4415892450262	1805.5454987449405	6779.999999999998	0.5847337848291407		259453.46425021533	3319893.1591313817	1752729.4068764073	1653241.9045012556	-578.8817076569084	-823.0251723267821	-372.33090628179116	-479.4521387570072	-681.6611648001879	-495.10847301098084	-637.5533491763746	-906.4415892450262	6985317.93475926	3869.8130205607395	6980343.480258005
	Cyber Direct	Data Protection	Vera	377344.24	261128.26	51151.95000000001	96848.14	0	0	0	0	0	0	0	0	786472.59	786472.59	0.0162699288993151		27.65778296581912	36.01082002160082	89.68341683048517	32.925932102165625	42.870023835239074	106.76597241724428	30.29185753399237	39.44042192841995	98.22469462386474	40.82815580668537	53.15882955569646	132.38980579738293	186.27795192007073	730.2477134185958	0.01819930370991432		0.2	0.2	0.2	0.2	0.2	0.2	0.2	0.2	0.2	0.2	0.2	0.2	0.2	0.2		5.531556593163824	7.2021640043201645	17.936683366097036	6.585186420433125	8.574004767047816	21.35319448344886	6.0583715067984745	7.888084385683991	19.644938924772948	8.165631161337075	10.631765911139292	26.47796115947659	37.25559038401415	146.0495426837192	0.012595885230975854		377338.70844340685	261121.05783599569	51134.013316633915	96841.55481357957	-8.574004767047816	-21.35319448344886	-6.0583715067984745	-7.888084385683991	-19.644938924772948	-8.165631161337075	-10.631765911139292	-26.47796115947659	786435.334409616	21110.189957893253	786326.5404573162
			Total	8611810.716799999	18135721.884600002	13674493.29181935	7917004.650000001	0	0	0	0	0	0	0	0	48339030.54321936	48339030.54321936	1		2709.895165247476	3992.5276370040665	6068.340629557719	3223.5143574065996	3799.9300453647993	6461.852465613338	3275.044329612015	3828.0166290971047	6391.701086886193	3838.4855530171776	4540.5353307635905	7725.192599178873	10605.289181391297	40125.03582874896	1.3920245720685365		0.15196090982418226	0.22005671926625192	0.17290641931038098	0.23306804660622601	0.2313734267855451	0.20520006879565722	0.2263606747630159	0.22336650226441335	0.20052828994493913	0.22745161332742486	0.22507262617695792	0.1975073139835984	0.29145211028682455	0.28897220602103485		411.79813483915916	878.582533378956	1049.2550494125283	751.2981944878801	879.2028361414054	1325.9725704912441	741.3412443297649	855.0506850514304	1281.716888792497	873.0697317677697	1021.9502111442235	1525.782040269792	3090.9339121185235	11595.020120106648	1.105950657029882		5281529.86866516	15756783.122066624	9923534.793808587	5583652.801805514	-879.2028361414054	-1325.9725704912441	-741.3412443297649	-855.0506850514304	-1281.716888792497	-873.0697317677697	-1021.9502111442235	-1525.782040269792	36545500.58634589	15638.972529855168	36536996.500137895
			Brand (Channel)	January	February	March	April	May	June	July	August	September	October	November	December	YTD	2025	% Total		January	February	March	April	May	June	July	August	September	October	November	December	YTD	2025	% Total		January	February	March	April	May	June	July	August	September	October	November	December	YTD	2025		January	February	March	April	May	June	July	August	September	October	November	December	YTD	2025	% Total		January	February	March	April	May	June	July	August	September	October	November	December	YTD ($)	YTD (%)	2025
	Cyber Channel	DREP	Agari	409855.36	211187.15000000002	1032728.2700000001	770249.8	0	0	0	0	0	0	0	0	2424020.58	2424020.58	0.04494639950521635		95.23035873389955	210.36001990395232	295.009621362148	184.25241299975212	163.00938090689772	335.23820609335	191.6225095197422	169.5297561431736	348.64773433708393	198.9926060397323	176.0501313794495	362.0572625808181	784.852412999752	2729.999999999999	0.06803732242511785		0.45	0.45	0.45	0.45	0.45	0.45	0.45	0.45	0.45	0.45	0.45	0.45	0.6	0.6		42.853661430254796	94.66200895677855	132.7543296129666	82.91358584988846	73.35422140810398	150.8571927420075	86.230129283884	76.28839026442813	156.89148045168778	89.54667271787953	79.22255912075228	162.92576816136813	353.1835858498884	1228.4999999999998	0.10595065702988192		409812.50633856974	211092.48799104325	1032595.5156703872	770166.8864141501	-73.35422140810398	-150.8571927420075	-86.230129283884	-76.28839026442813	-156.89148045168778	-89.54667271787953	-79.22255912075228	-162.92576816136813	2423667.3964141505	6863.344382686764	2422792.08
	Cyber Channel	Managed Services	Alert Logic - MDR	118200	55703.04	14520.24	77123	0	0	0	0	0	0	0	0	265546.28	265546.28	0.004923782119046219		960.1857202156541	1169.9838352664547	1769.83044451789	704.1361948248131	857.9881458620666	1297.8756593131195	704.1361948248131	857.9881458620666	1297.8756593131195	832.1609575202336	1013.9859905642606	1533.853051915505	4604.136194824812	12999.999999999996	0.3239872496434184		0	0	0	0	0	0	0	0	0	0	0	0	0.6	0.6		0	0	0	0	0	0	0	0	0	0	0	0	0	0	0		118200	55703.04	14520.24	77123	0	0	0	0	0	0	0	0	265546.28	NA	265546.28
	Cyber Channel	Infrastructure Protection	BSEC	-42135.17	17238.07	-17548.510000000002	132534.04	0	0	0	0	0	0	0	0	90088.43000000001	90088.43000000001	0.0016704274703714431
	Cyber Channel	Data Protection	Data Classification	668175.33	1333189.9300000002	6701679.37	1191141.1500000001	0	0	0	0	0	0	0	0	9894185.780000001	9894185.780000001	0.1834588495311829		0	0	0	0	0	0	0	0	0	0	0	0	0	0	0		0.75	0.75	0.75	0.75	0.75	0.75	0.75	0.75	0.75	0.75	0.75	0.75	0.6	0.6		0	0	0	0	0	0	0	0	0	0	0	0	0	0	0		668175.33	1333189.9300000002	6701679.37	1191141.1500000001	0	0	0	0	0	0	0	0	9894185.780000001	NA	9894185.780000001
	Cyber Channel	Infrastructure Protection	DDI	100394.85	316850.3999999999	729199.25	-434610.42000000033	0	0	0	0	0	0	0	0	711834.0799999996	711834.0799999996	0.013198889153452699
	Cyber Channel	Infrastructure Protection	Cobalt Strike	442303.05999999976	650214.18	903635.9000000004	163496.05000000005	0	0	0	0	0	0	0	0	2159649.1900000004	2159649.1900000004	0.04004440229829109		218.95166274387748	251.17208756616077	310.2967883906609	243.27962527097495	279.08009729573416	344.77420932295655	377.0834191700112	432.574150808388	534.4000244505827	377.0834191700112	432.57415080838814	534.4000244505826	1023.7001639716741	4335.669659448328	0.10805397602516006		0.15	0.15	0.15	0.15	0.15	0.15	0.15	0.15	0.15	0.15	0.15	0.15	0.25	0.25		32.84274941158162	37.67581313492411	46.54451825859913	36.49194379064624	41.862014594360126	51.71613139844348	56.56251287550168	64.8861226212582	80.1600036675874	56.56251287550168	64.88612262125822	80.16000366758739	153.55502459575112	650.3504489172493	0.056088772781816225		442270.2172505882	650176.5041868652	903589.3554817417	163459.5580562094	-41.862014594360126	-51.71613139844348	-56.56251287550168	-64.8861226212582	-80.1600036675874	-56.56251287550168	-64.88612262125822	-80.16000366758739	2159495.6349754045	14064.334239048783	2158998.8395510833
	Cyber Channel	Infrastructure Protection	Core CTS	124623.07000000002	383719.76	404213.83	253865.65000000002	0	0	0	0	0	0	0	0	1166422.31	1166422.31	0.0216279034797045		133.7571068057582	153.44049605374215	189.55965050059413	148.61900756195354	170.48944005971353	210.6218338895491	230.35946172102803	264.2586320925559	326.463842528801	230.35946172102803	264.25863209255607	326.4638425288011	625.376260922048	2648.651407556081	0.06600994498448183		0.5	0.5	0.5	0.5	0.5	0.5	0.5	0.5	0.5	0.5	0.5	0.5	0.15	0.15		66.8785534028791	76.72024802687108	94.77982525029707	74.30950378097677	85.24472002985677	105.31091694477455	115.17973086051401	132.12931604627795	163.2319212644005	115.17973086051401	132.12931604627803	163.23192126440054	312.688130461024	1324.3257037780404	0.11421504146263263		124556.19144659715	383643.0397519731	404119.05017474975	253791.34049621905	-85.24472002985677	-105.31091694477455	-115.17973086051401	-132.12931604627795	-163.2319212644005	-115.17973086051401	-132.12931604627803	-163.23192126440054	1166109.6218695391	3730.305682790836	1165097.984296222
	Cyber Channel	DREP	CTP	1300618.0900000003	1450060.2799999998	4986578.739999999	1117788.42	0	0	0	0	0	0	0	0	8855045.53	8855045.53	0.16419102103013508		136.0433696198565	300.5143141485033	421.44231623163995	263.21773285678876	232.870544152711	478.9117229904999	273.7464421710604	242.18536591881949	498.06819191011994	284.2751514853319	251.50018768492785	517.2246608297402	1121.2177328567886	3899.9999999999995	0.09719617489302554		0.65	0.65	0.65	0.65	0.65	0.65	0.65	0.65	0.65	0.65	0.65	0.65	0.15	0.15		88.42819025290672	195.33430419652714	273.93750555056596	171.0915263569127	151.36585369926215	311.29261994382495	177.93518741118925	157.42048784723266	323.74432474157794	184.77884846546573	163.4751219952031	336.1960295393311	728.7915263569125	2534.999999999999	0.2186283399029309		1300529.6618097473	1449864.9456958033	4986304.802494449	1117617.328473643	-151.36585369926215	-311.29261994382495	-177.93518741118925	-157.42048784723266	-323.74432474157794	-184.77884846546573	-163.4751219952031	-336.1960295393311	8854316.738473643	12150.313511827799	8852510.53
	Cyber Channel	Data Protection	Digital Guardian	1926059.9700000004	3503950.9000000004	5859977.24	373766.13999999996	0	0	0	0	0	0	0	0	11663754.250000002	11663754.250000002	0.2162703413397444		531.1742066421098	691.5962417936747	1722.391047856564	632.3502460025118	823.3288592781844	2050.4655331625763	581.7622263223108	757.4625505359297	1886.4282905095697	784.1143050431145	1020.9277855049488	2542.577261121595	3577.5117422948606	14024.578553773092	0.3495218948496166		0	0	0	0	0	0	0	0	0	0	0	0	0.15	0.15		0	0	0	0	0	0	0	0	0	0	0	0	0	0	0		1926059.9700000004	3503950.9000000004	5859977.24	373766.13999999996	0	0	0	0	0	0	0	0	11663754.250000002	NA	11663754.250000002
	Cyber Channel	Infrastructure Protection	Outflank	619262.6600000001	222534.07000000007	235396.17000000004	218653.21999999997	0	0	0	0	0	0	0	0	1295846.1200000003	1295846.1200000003	0.02402769097232852
	Cyber Channel	DREP	PhishLabs	424513.74	154854.53999999998	169084.80000000005	60110.36	0	0	0	0	0	0	0	0	808563.4400000001	808563.4400000001	0.014992453322963138		265.4907078794052	265.4907078794052	265.4907078794052	265.4907078794052	265.4907078794052	265.4907078794052	265.4907078794052	265.4907078794052	265.4907078794052	265.4907078794052	265.4907078794052	265.4907078794052	1061.9628315176208	3185.888494552863	0.07939901930929177		0.05	0.05	0.05	0.05	0.05	0.05	0.05	0.05	0.05	0.05	0.05	0.05	0.15	0.15		13.274535393970261	13.274535393970261	13.274535393970261	13.274535393970261	13.274535393970261	13.274535393970261	13.274535393970261	13.274535393970261	13.274535393970261	13.274535393970261	13.274535393970261	13.274535393970261	53.098141575881044	159.2944247276432	0.013738175792503759		424500.465464606	154841.265464606	169071.52546460606	60097.08546460603	-13.274535393970261	-13.274535393970261	-13.274535393970261	-13.274535393970261	-13.274535393970261	-13.274535393970261	-13.274535393970261	-13.274535393970261	808510.341858424	15227.716375807711	808404.1455752724
	Cyber Channel	DREP	Terranova	416139.13999999996	260338.31999999995	564773.4800000001	262667.7100000001	0	0	0	0	0	0	0	0	1503918.65	1503918.65	0.0278857898418691
	Cyber Channel	File Integrity Management	Tripwire	1587893.5148000012	2873951.489999998	5935486.143699998	2620472.0599999973	0	0	0	0	0	0	0	0	13017803.208499994	13017803.208499994	0.24137723438368167		341.4042496410961	913.959114370572	1004.6366359883315	749.242497908235	964.8028460948473	1371.708620544637	620.5515104696519	799.0868979283454	1136.1019413336464	825.1807883516348	1062.5889152939576	1510.7359820750437	3009.2424979082343	11299.999999999998	0.28161968622850986		0.6	0.6	0.6	0.6	0.6	0.6	0.6	0.6	0.6	0.6	0.6	0.6	0.03	0.03		204.84254978465765	548.3754686223432	602.7819815929988	449.54549874494097	578.8817076569084	823.0251723267821	372.33090628179116	479.4521387570072	681.6611648001879	495.10847301098084	637.5533491763746	906.4415892450262	1805.5454987449405	6779.999999999998	0.5847337848291407		1587688.6722502166	2873403.1145313755	5934883.361718405	2620022.514501252	-578.8817076569084	-823.0251723267821	-372.33090628179116	-479.4521387570072	-681.6611648001879	-495.10847301098084	-637.5533491763746	-906.4415892450262	13015997.66300125	7209.900397164651	13011023.208499994
	Cyber Channel	Data Protection	Vera	21200	0	0	53484.99	0	0	0	0	0	0	0	0	74684.98999999999	74684.98999999999	0.0013848155520128		27.65778296581912	36.01082002160082	89.68341683048517	32.925932102165625	42.870023835239074	106.76597241724428	30.29185753399237	39.44042192841995	98.22469462386474	40.82815580668537	53.15882955569646	132.38980579738293	186.27795192007073	730.2477134185958	0.01819930370991432		0.2	0.2	0.2	0.2	0.2	0.2	0.2	0.2	0.2	0.2	0.2	0.2	0.2	0.2		5.531556593163824	7.2021640043201645	17.936683366097036	6.585186420433125	8.574004767047816	21.35319448344886	6.0583715067984745	7.888084385683991	19.644938924772948	8.165631161337075	10.631765911139292	26.47796115947659	37.25559038401415	146.0495426837192	0.012595885230975854		21194.468443406837	-7.2021640043201645	-17.936683366097036	53478.40481357957	-8.574004767047816	-21.35319448344886	-6.0583715067984745	-7.888084385683991	-19.644938924772948	-8.165631161337075	-10.631765911139292	-26.47796115947659	74647.73440961598	2004.6653194911191	74538.94045731628
			Total	8117103.6148000015	11433792.129999999	27519724.923699997	6860742.169999997	0	0	0	0	0	0	0	0	53931362.8385	53931362.8385	0.9999999999999999		2709.895165247476	3992.5276370040665	6068.340629557719	3223.5143574065996	3799.9300453647993	6461.852465613338	3275.044329612015	3828.0166290971047	6391.701086886193	3838.4855530171776	4540.5353307635905	7725.192599178873	10605.289181391297	40125.03582874896	1.3920245720685365		0.15196090982418226	0.22005671926625192	0.17290641931038098	0.23306804660622601	0.2313734267855451	0.20520006879565722	0.2263606747630159	0.22336650226441335	0.20052828994493913	0.22745161332742486	0.22507262617695792	0.1975073139835984	0.29145211028682455	0.28897220602103485		411.79813483915916	878.582533378956	1049.2550494125283	751.2981944878801	879.2028361414054	1325.9725704912441	741.3412443297649	855.0506850514304	1281.716888792497	873.0697317677697	1021.9502111442235	1525.782040269792	3090.9339121185235	11595.020120106648	1.105950657029882		6494974.9766651625	10349062.49746662	24959606.76865058	5833373.521805509	-879.2028361414054	-1325.9725704912441	-741.3412443297649	-855.0506850514304	-1281.716888792497	-873.0697317677697	-1021.9502111442235	-1525.782040269792	47637017.76458788	17448.241978598464	47628513.67837988
				Actuals																Total Brand Billings Plan																% of plan to Channel															Channel Billings Plan																Variance to Plan
			Solution Group (Channel Only)	January	February	March	April	May	June	July	August	September	October	November	December	YTD	2025	% Total		January	February	March	April	May	June	July	August	September	October	November	December	YTD	2025	% Total		January	February	March	April	May	June	July	August	September	October	November	December	YTD	2025		January	February	March	April	May	June	July	August	September	October	November	December	YTD	2025	% Total		January	February	March	April	May	June	July	August	September	October	November	December	YTD ($)	YTD (%)	2025
		Cyber Channel	Managed Services	118200	55703.04	14520.24	77123	0	0	0	0	0	0	0	0	265546.28	265546.28	0.00492378211904622		960.1857202156541	1169.9838352664547	1769.83044451789	704.1361948248131	857.9881458620666	1297.8756593131195	704.1361948248131	857.9881458620666	1297.8756593131195	832.1609575202336	1013.9859905642606	1533.853051915505	4604.136194824812	12999.999999999996	0.23274535244875466		0	0	0	0	0	0	0	0	0	0	0	0				0	0	0	0	0	0	0	0	0	0	0	0	0	0	0		118200	55703.04	14520.24	77123	0	0	0	0	0	0	0	0	265546.28	NA	265546.28
		Cyber Channel	Infrastructure Protection	1244448.47	1590556.48	2254896.6400000006	333938.5399999997	0	0	0	0	0	0	0	0	5423840.130000001	5423840.130000001	0.10056931337414828		352.7087695496357	404.6125836199029	499.85643889125504	391.89863283292846	449.56953735544766	555.3960432125057	607.4428808910393	696.8327829009439	860.8638669793837	607.4428808910393	696.8327829009443	860.8638669793836	1649.076424893722	6984.321067004409	0.12504371295040032		0.2827298650435944	0.2827298650435944	0.2827298650435943	0.2827298650435944	0.28272986504359443	0.2827298650435944	0.2827298650435943	0.2827298650435944	0.2827298650435944	0.2827298650435943	0.2827298650435944	0.28272986504359443	0.33	0.33		99.72130281446073	114.39606116179519	141.3243435088962	110.80144757162302	127.1067346242169	157.02704834321804	171.7422437360157	197.01543866753616	243.39192493198792	171.7422437360157	197.01543866753627	243.39192493198794	466.2431550567751	1974.6761526952896	0.17030381424444882		1244348.7486971854	1590442.0839388382	2254755.3156564916	333827.7385524281	-127.1067346242169	-157.02704834321804	-171.7422437360157	-197.01543866753616	-243.39192493198792	-171.7422437360157	-197.01543866753627	-243.39192493198794	5423373.886844943	11633.071866415996	5421865.453847306
		Cyber Channel	Data Protection	2615435.3000000003	4837140.83	12561656.61	1618392.28	0	0	0	0	0	0	0	0	21632625.020000003	21632625.020000003	0.40111400642294015		558.8319896079289	727.6070618152755	1812.0744646870492	665.2761781046773	866.1988831134234	2157.231505579821	612.0540838563031	796.9029724643497	1984.6529851334344	824.9424608497999	1074.0866150606453	2674.9670669189777	3763.789694214931	14754.826267191685	0.2641628646059749		0.009898425100976611	0.009898425100976611	0.009898425100976608	0.009898425100976611	0.009898425100976611	0.00989842510097661	0.009898425100976611	0.00989842510097661	0.009898425100976611	0.009898425100976611	0.00989842510097661	0.00989842510097661	0.6	0.6		5.531556593163824	7.2021640043201645	17.936683366097036	6.585186420433125	8.574004767047816	21.35319448344886	6.0583715067984745	7.888084385683991	19.644938924772948	8.165631161337075	10.631765911139292	26.47796115947659	37.25559038401415	146.0495426837192	0.012595885230975852		2615429.768443407	4837133.6278359955	12561638.673316633	1618385.6948135796	-8.574004767047816	-21.35319448344886	-6.0583715067984745	-7.888084385683991	-19.644938924772948	-8.165631161337075	-10.631765911139292	-26.47796115947659	21632587.764409617	580654.4681488193	21632478.97045732
		Cyber Channel	DREP	2551126.3300000005	2076440.2899999996	6753165.29	2210816.29	0	0	0	0	0	0	0	0	13591548.2	13591548.2	0.2520156637001837		496.76443623316123	776.3650419318608	981.9426454731931	712.9608537359461	661.3706329390138	1079.640636963255	730.8596595702078	677.2058299413983	1112.206634126609	748.7584654044695	693.0410269437825	1144.7726312899633	2968.0329773741614	9815.88849455286	0.17573864825095248		0.20473028709152968	0.2686994240124562	0.29249370344449216	0.2585921243568938	0.24893816098486218	0.3006251749199782	0.26162303569689843	0.25205781712773195	0.30301820704405485	0.26450904131340963	0.2550349121012583	0.305275087280439				101.70272564687698	208.6088395904974	287.2120409445362	184.36606175088298	164.64038909323241	324.5671553377952	191.20972280515952	170.69502324120293	337.0188601355482	198.053383859436	176.74965738917336	349.4705649333014	781.8896679327936	2694.2944247276428	0.23236651569543468		2551024.6272743535	2076231.681160409	6752878.077959055	2210631.9239382492	-164.64038909323241	-324.5671553377952	-191.20972280515952	-170.69502324120293	-337.0188601355482	-198.053383859436	-176.74965738917336	-349.4705649333014	13590766.310332067	17382.948972754868	13588853.905575272
		Cyber Channel	File Integrity Management	1587893.5148000012	2873951.489999998	5935486.143699998	2620472.0599999973	0	0	0	0	0	0	0	0	13017803.208499994	13017803.208499994	0.2413772343836817		341.4042496410961	913.959114370572	1004.6366359883315	749.242497908235	964.8028460948473	1371.708620544637	620.5515104696519	799.0868979283454	1136.1019413336464	825.1807883516348	1062.5889152939576	1510.7359820750437	3009.2424979082343	11299.999999999998	0.20230942174391756		0.6	0.6	0.6	0.6	0.6	0.6	0.6	0.6	0.6	0.6	0.6	0.6	0.15	0.15		204.84254978465765	548.3754686223432	602.7819815929988	449.54549874494097	578.8817076569084	823.0251723267821	372.33090628179116	479.4521387570072	681.6611648001879	495.10847301098084	637.5533491763746	906.4415892450262	1805.5454987449405	6779.999999999998	0.5847337848291406		1587688.6722502166	2873403.1145313755	5934883.361718405	2620022.514501252	-578.8817076569084	-823.0251723267821	-372.33090628179116	-479.4521387570072	-681.6611648001879	-495.10847301098084	-637.5533491763746	-906.4415892450262	13015997.66300125	7209.900397164651	13011023.208499994
			Total	8117103.614800002	11433792.129999997	27519724.923699997	6860742.169999996	0	0	0	0	0	0	0	0	53931362.83849999	53931362.83849999	1		2709.895165247476	3992.5276370040665	6068.340629557719	3223.5143574066005	3799.930045364799	6461.852465613338	3275.044329612015	3828.016629097104	6391.7010868861935	3838.485553017177	4540.5353307635905	7725.192599178873	15994.277789215863	55855.03582874896	0.9999999999999999		0.15196090982418226	0.22005671926625192	0.17290641931038098	0.23306804660622596	0.23137342678554512	0.20520006879565725	0.22636067476301588	0.22336650226441335	0.2005282899449391	0.22745161332742486	0.22507262617695792	0.1975073139835984	0.19325248397289838	0.20759131111574036		411.79813483915916	878.582533378956	1049.2550494125283	751.2981944878801	879.2028361414054	1325.9725704912444	741.3412443297648	855.0506850514303	1281.716888792497	873.0697317677696	1021.9502111442235	1525.782040269792	3090.933912118523	11595.02012010665	1		8116691.816665163	11432913.547466617	27518675.668650586	6859990.871805509	-879.2028361414054	-1325.9725704912444	-741.3412443297648	-855.0506850514303	-1281.716888792497	-873.0697317677696	-1021.9502111442235	-1525.782040269792	53928271.90458788	17448.241978598464	53919767.818379894
			Solution Group (Direct Only)	January	February	March	April	May	June	July	August	September	October	November	December	YTD	2025	% Total		January	February	March	April	May	June	July	August	September	October	November	December	YTD	14024.578553773092	% Total		January	February	March	April	May	June	July	August	September	October	November	December	YTD	0.15		January	February	March	April	May	June	July	August	September	October	November	December	YTD	0	% Total		January	February	March	April	May	June	July	August	September	October	November	December	YTD ($)	YTD (%)	11663754.250000002
		Cyber Direct	Managed Services	102293.04000000001	49673.03999999999	260190.24	22848	0	0	0	0	0	0	0	0	435004.32	435004.32	0.008999028634036585		960.1857202156541	1169.9838352664547	1769.83044451789	704.1361948248131	857.9881458620666	1297.8756593131195	704.1361948248131	857.9881458620666	1297.8756593131195	832.1609575202336	1013.9859905642606	1533.853051915505	4604.136194824812	12999.999999999996	0.23274535244875466		0	0	0	0	0	0	0	0	0	0	0	0				0	0	0	0	0	0	0	0	0	0	0	0	0	0	0		102293.04000000001	49673.03999999999	260190.24	22848	0	0	0	0	0	0	0	0	435004.32	NA	435004.32
		Cyber Direct	Infrastructure Protection	2551858.149999999	2821273.989999999	2426928.042961353	2311438.960000001	0	0	0	0	0	0	0	0	10111499.142961351	10111499.142961351	0.20917877394998186		352.7087695496357	404.6125836199029	499.85643889125504	391.89863283292846	449.56953735544766	555.3960432125057	607.4428808910393	696.8327829009439	860.8638669793837	607.4428808910393	696.8327829009443	860.8638669793836	1649.076424893722	6984.321067004409	0.12504371295040032		0.2827298650435944	0.2827298650435944	0.2827298650435943	0.2827298650435944	0.28272986504359443	0.2827298650435944	0.2827298650435943	0.2827298650435944	0.2827298650435944	0.2827298650435943	0.2827298650435944	0.28272986504359443	0.33	0.33		99.72130281446073	114.39606116179519	141.3243435088962	110.80144757162302	127.1067346242169	157.02704834321804	171.7422437360157	197.01543866753616	243.39192493198792	171.7422437360157	197.01543866753627	243.39192493198794	466.2431550567751	1974.6761526952896	0.17030381424444882		2551758.4286971847	2821159.593938837	2426786.718617844	2311328.158552429	-127.1067346242169	-157.02704834321804	-171.7422437360157	-197.01543866753616	-243.39192493198792	-171.7422437360157	-197.01543866753627	-243.39192493198794	10111032.899806295	21687.179818715107	10109524.466808656
		Cyber Direct	Data Protection	2039057.44	8234898.31	3755907.8799999994	1556634.76	0	0	0	0	0	0	0	0	15586498.389999999	15586498.389999999	0.3224412698153782		558.8319896079289	727.6070618152755	1812.0744646870492	665.2761781046773	866.1988831134234	2157.231505579821	612.0540838563031	796.9029724643497	1984.6529851334344	824.9424608497999	1074.0866150606453	2674.9670669189777	3763.789694214931	14754.826267191685	0.2641628646059749		0.009898425100976611	0.009898425100976611	0.009898425100976608	0.009898425100976611	0.009898425100976611	0.00989842510097661	0.009898425100976611	0.00989842510097661	0.009898425100976611	0.009898425100976611	0.00989842510097661	0.00989842510097661	0.6	0.6		5.531556593163824	7.2021640043201645	17.936683366097036	6.585186420433125	8.574004767047816	21.35319448344886	6.0583715067984745	7.888084385683991	19.644938924772948	8.165631161337075	10.631765911139292	26.47796115947659	37.25559038401415	146.0495426837192	0.012595885230975852		2039051.9084434067	8234891.107835995	3755889.9433166333	1556628.1748135795	-8.574004767047816	-21.35319448344886	-6.0583715067984745	-7.888084385683991	-19.644938924772948	-8.165631161337075	-10.631765911139292	-26.47796115947659	15586461.134409614	418366.6995836401	15586352.340457315
		Cyber Direct	DREP	3658943.7800000003	3709435.01	5478134.94	2372391.48	0	0	0	0	0	0	0	0	15218905.21	15218905.21	0.3148367900426335		496.76443623316123	776.3650419318608	981.9426454731931	712.9608537359461	661.3706329390138	1079.640636963255	730.8596595702078	677.2058299413983	1112.206634126609	748.7584654044695	693.0410269437825	1144.7726312899633	2968.0329773741614	9815.88849455286	0.17573864825095248		0.20473028709152968	0.2686994240124562	0.29249370344449216	0.2585921243568938	0.24893816098486218	0.3006251749199782	0.26162303569689843	0.25205781712773195	0.30301820704405485	0.26450904131340963	0.2550349121012583	0.305275087280439				101.70272564687698	208.6088395904974	287.2120409445362	184.36606175088298	164.64038909323241	324.5671553377952	191.20972280515952	170.69502324120293	337.0188601355482	198.053383859436	176.74965738917336	349.4705649333014	781.8896679327936	2694.2944247276428	0.23236651569543468		3658842.0772743532	3709226.401160409	5477847.727959055	2372207.113938249	-164.64038909323241	-324.5671553377952	-191.20972280515952	-170.69502324120293	-337.0188601355482	-198.053383859436	-176.74965738917336	-349.4705649333014	15218123.320332067	19464.2618187252	15216210.915575273
		Cyber Direct	File Integrity Management	259658.3068	3320441.534600004	1753332.1888580003	1653691.4500000007	0	0	0	0	0	0	0	0	6987123.480258005	6987123.480258005	0.14454413755796985		341.4042496410961	913.959114370572	1004.6366359883315	749.242497908235	964.8028460948473	1371.708620544637	620.5515104696519	799.0868979283454	1136.1019413336464	825.1807883516348	1062.5889152939576	1510.7359820750437	3009.2424979082343	11299.999999999998	0.20230942174391756		0.6	0.6	0.6	0.6	0.6	0.6	0.6	0.6	0.6	0.6	0.6	0.6	0.15	0.15		204.84254978465765	548.3754686223432	602.7819815929988	449.54549874494097	578.8817076569084	823.0251723267821	372.33090628179116	479.4521387570072	681.6611648001879	495.10847301098084	637.5533491763746	906.4415892450262	1805.5454987449405	6779.999999999998	0.5847337848291406		259453.46425021533	3319893.1591313817	1752729.4068764073	1653241.9045012556	-578.8817076569084	-823.0251723267821	-372.33090628179116	-479.4521387570072	-681.6611648001879	-495.10847301098084	-637.5533491763746	-906.4415892450262	6985317.93475926	3869.8130205607395	6980343.480258005
			Total	8611810.716799999	18135721.884600002	13674493.291819355	7917004.650000002	0	0	0	0	0	0	0	0	48339030.54321936	48339030.54321936	1		2709.895165247476	3992.5276370040665	6068.340629557719	3223.5143574066005	3799.930045364799	6461.852465613338	3275.044329612015	3828.016629097104	6391.7010868861935	3838.485553017177	4540.5353307635905	7725.192599178873	15994.277789215863	55855.03582874896	0.9999999999999999		0.15196090982418226	0.22005671926625192	0.17290641931038098	0.23306804660622596	0.23137342678554512	0.20520006879565725	0.22636067476301588	0.22336650226441335	0.2005282899449391	0.22745161332742486	0.22507262617695792	0.1975073139835984	0.19325248397289838	0.20759131111574036		411.79813483915916	878.582533378956	1049.2550494125283	751.2981944878801	879.2028361414054	1325.9725704912444	741.3412443297648	855.0506850514303	1281.716888792497	873.0697317677696	1021.9502111442235	1525.782040269792	3090.933912118523	11595.02012010665	1		8611398.91866516	18134843.302066624	13673444.03676994	7916253.351805514	-879.2028361414054	-1325.9725704912444	-741.3412443297648	-855.0506850514303	-1281.716888792497	-873.0697317677696	-1021.9502111442235	-1525.782040269792	48335939.60930724	15638.972529855171	48327435.52309924
				Actuals																Total Brand Billings Plan																% of plan to Channel															Channel Billings Plan																Variance to Plan
			Cyber Channel V Direct	January	February	March	April	May	June	July	August	September	October	November	December	YTD	2025	% Total		January	February	March	April	May	June	July	August	September	October	November	December	YTD	2025	% Total		January	February	March	April	May	June	July	August	September	October	November	December	YTD	2025		January	February	March	April	May	June	July	August	September	October	November	December	YTD	2025	% Total		January	February	March	April	May	June	July	August	September	October	November	December	YTD ($)	YTD (%)	2025
			Cyber Channel	8117103.6148000015	11433792.129999999	27519724.923699997	6860742.169999997	0	0	0	0	0	0	0	0	53931362.83849999	53931362.83849999	0.527340915148373		2709.895165247476	3992.5276370040665	6068.340629557719	3223.5143574066005	3799.930045364799	6461.852465613338	3275.044329612015	3828.016629097104	6391.7010868861935	3838.485553017177	4540.5353307635905	7725.192599178873	15994.277789215861	55855.03582874894	1		0.15196090982418226	0.22005671926625192	0.17290641931038098	0.23306804660622596	0.23137342678554512	0.20520006879565725	0.22636067476301588	0.22336650226441335	0.2005282899449391	0.22745161332742486	0.22507262617695792	0.1975073139835984	0.15	0.15		411.79813483915916	878.582533378956	1049.2550494125283	751.2981944878801	879.2028361414054	1325.9725704912444	741.3412443297648	855.0506850514303	1281.716888792497	873.0697317677696	1021.9502111442235	1525.782040269792	3090.933912118524	11595.020120106652	1		8116691.816665162	11432913.54746662	27518675.668650586	6859990.87180551	-879.2028361414054	-1325.9725704912444	-741.3412443297648	-855.0506850514303	-1281.716888792497	-873.0697317677696	-1021.9502111442235	-1525.782040269792	53928271.90458788	17448.24197859846	53919767.81837989
			Cyber Direct	8611810.716799999	18135721.884600002	13674493.29181935	7917004.650000001	0	0	0	0	0	0	0	0	48339030.54321935	48339030.54321935	0.4726590848516269		0	0	0	0	0	0	0	0	0	0	0	0	0	0	0		#DIV/0!	#DIV/0!	#DIV/0!	#DIV/0!	#DIV/0!	#DIV/0!	#DIV/0!	#DIV/0!	#DIV/0!	#DIV/0!	#DIV/0!	#DIV/0!	0.0767985400772534	0.0767985400772534		0	0	0	0	0	0	0	0	0	0	0	0	0	0	0		8611810.716799999	18135721.884600002	13674493.29181935	7917004.650000001	0	0	0	0	0	0	0	0	48339030.54321935	NA	48339030.54321935
			Total	16728914.3316	29569514.0146	41194218.21551935	14777746.819999998	0	0	0	0	0	0	0	0	102270393.38171935	102270393.38171935	0.9999999999999999		2709.895165247476	3992.5276370040665	6068.340629557719	3223.5143574066005	3799.930045364799	6461.852465613338	3275.044329612015	3828.016629097104	6391.7010868861935	3838.485553017177	4540.5353307635905	7725.192599178873	15994.277789215861	55855.03582874894	1		0.15196090982418226	0.22005671926625192	0.17290641931038098	0.23306804660622596	0.23137342678554512	0.20520006879565725	0.22636067476301588	0.22336650226441335	0.2005282899449391	0.22745161332742486	0.22507262617695792	0.1975073139835984	0.19325248397289846	0.20759131111574045		411.79813483915916	878.582533378956	1049.2550494125283	751.2981944878801	879.2028361414054	1325.9725704912444	741.3412443297648	855.0506850514303	1281.716888792497	873.0697317677696	1021.9502111442235	1525.782040269792	3090.933912118524	11595.020120106652	1		16728502.533465162	29568635.432066623	41193168.96046994	14776995.52180551	-879.2028361414054	-1325.9725704912444	-741.3412443297648	-855.0506850514303	-1281.716888792497	-873.0697317677696	-1021.9502111442235	-1525.782040269792	102267302.44780722	33087.214508453624	102258798.36159924
			Actuals
			Cyber Billings	January	% Total
			Cyber Channel	8117103.6148000015	0.48521401053906044
			Cyber Direct	8611810.716799999	0.5147859894609396
			Total	16728914.3316	1
			Cyber Billings	February	% Total
			Cyber Channel	11433792.129999999	0.38667501009162825
			Cyber Direct	18135721.884600002	0.6133249899083717
			Total	29569514.0146	1
			Cyber Billings	March	% Total
			Cyber Channel	27519724.923699997	0.6680482387048269
			Cyber Direct	13674493.29181935	0.3319517612951731
			Total	41194218.21551935	1
			Cyber Billings	April	% Total
			Cyber Channel	6860742.169999997	0.16654624039970997
			Cyber Direct	7917004.650000001	0.192187277558708
			Total	14777746.819999998	0.35873351795841796
			Cyber Billings	May	% Total
			Cyber Channel	0	0
			Cyber Direct	0	0
			Total	0	0
			Cyber Billings	June	% Total
			Cyber Channel	0	0
			Cyber Direct	0	0
			Total	0	0
			Cyber Billings	July	% Total
			Cyber Channel	0	0
			Cyber Direct	0	0
			Total	0	0
			Cyber Billings	August	% Total
			Cyber Channel	0	0
			Cyber Direct	0	0
			Total	0	0
			Cyber Billings	September	% Total
			Cyber Channel	0	0
			Cyber Direct	0	0
			Total	0	0
			Cyber Billings	October	% Total
			Cyber Channel	0	0
			Cyber Direct	0	0
			Total	0	0
			Cyber Billings	November	% Total
			Cyber Channel	0	0
			Cyber Direct	0	0
			Total	0	0
			Cyber Billings	December	% Total
			Cyber Channel	0	0
			Cyber Direct	0	0
			Total	0	0
			Billings: Channel vs. Direct Splits (Cyber)
			Split	January	February	March	April	May	June	July	August	September	October	November	December	Total %	2025	Total %
			Cyber Channel	7979717.244800002	11260279.239999998	24210758.813700005	6860742.169999997										50311497.468499996	0.4919458682505966
			Cyber Direct	8749197.086799998	18309234.774600003	16983459.401819352	7917004.650000001										51958895.913219355	0.5080541317494034
			Total	16728914.3316	29569514.0146	41194218.215519354	14777746.819999998										102270393.38171935	1

===== SHEET: Billings Dashboard (93r x 44c) =====
			Channel Dashboard - Billings 2024-2025 YTD
			as of April 2025
			USD in thousands
			Billings Split
																										YoY % Growth
			Split	Q1 '24	Q1 '24 New	Q2 '24	Q2 '24 New	Q3 '24	Q3 '24 New	Q4 '24	Q4 '24 New	2024			Q1 '25	Q1 '25 New	Q2 '25	Q2 '25 New	Q3 '25	Q3 '25 New	Q4 '25	Q4 '25 New	2025 YTD			Q1 '25	Q2 '25	Q3 '25	Q4 '25	2025 YTF
			Channel	49410454.01166683	8385866.104558	43365310.32145528	8923618.818567991	54335933.91380025	8271512.275200002	84154230.4804998	21381101.74000001	231265928.72742215			60830393.328500085	11071591.223333355	11453611.350000022	2787248.175000002	0	0	0	0	72284004.6785001			0.23112395029069707	-0.7358807935398707	-1	-1	-0.687442049608196
			Direct	101058642.17952682	13473860.492720012	108618471.31315781	17395747.586999986	89330524.32296972	14136100.036570366	128465324.0881416	23687473.00534397	427472961.90379596			101618519.20321958	14150036.412624707	27889824.83999997	3696930.000833345	0	0	0	0	129508344.04321955			0.005540120187822796	-0.7432312892749996	-1	-1	-0.6970373436803102
			Total Billings	150469096.19119364	21859726.597278014	151983781.6346131	26319366.405567978	143666458.23676997	22407612.31177037	212619554.56864142	45068574.74534398	658738890.6312181			162448912.53171965	25221627.63595806	39343436.18999999	6484178.175833347	0	0	0	0	201792348.72171965			0.07961645709165326	-0.7411339830680996	-1	-1	-0.6936686878645381
			Channel	0.328376093579265	0.38362172862684446	0.2853285387102065	0.33905143007850524	0.37820890540958235	0.369138494548797	0.3957972287696225	0.47441264474885314	0.3510737441140268			0.3744586059732618	0.43897211485069937	0.2911187343852597	0.42985373002057964	N/A	N/A	N/A	N/A	0.3582098386603491
			Direct	0.6716239064207351	0.6163782713731555	0.7146714612897934	0.6609485699214948	0.6217910945904176	0.630861505451203	0.6042027712303775	0.5255873552511467	0.6489262558859732			0.6255413940267383	0.5610278851493007	0.7088812656147403	0.5701462699794204	N/A	N/A	N/A	N/A	0.6417901613396509
			Channel Billings																													Total Billings						2025 YTD % of Total Billings
																										YoY % Growth
			Brand	Q1 '24	Q1 '24 New	Q2 '24	Q2 '24 New	Q3 '24	Q3 '24 New	Q4 '24	Q4 '24 New	Total 2024	% Total		Q1 '25	Q1 '25 New	Q2 '25	Q2 '25 New	Q3 '25	Q3 '25 New	Q4 '25	Q4 '25 New	2025 YTD	% Total		Q1 '25	Q2 '25	Q3 '25	Q4 '25	2025 YTF		Q1 '25	Q2 '25	Q3 '25	Q4 '25	2025 YTD		Total	Channel	Channel %
	Cyber	DREP	Agari	2590589.4599999995	1318631.11	1961609.6	274884.27	1465084.28	180803.12	2626112.19	421143.27	8643395.53	0.038656139754017084		1653770.7799999998	171244.19999999995	770249.8	33733	0	0	0	0	2424020.58	0.03353467465978676		-0.3616237518390891	-0.6073378719190607	-1	-1	-0.719552278779032		3761813.8000000007	1227414.59	0	0	4989228.390000001		4989228.390000001	2424020.58	0.4858507950565077
	Cyber	Managed Services	Alert Logic - MDR	812013.6399999999	812013.6399999999	950474.12	950474.12	332033.04	332033.04	326508.9599999999	326508.9599999999	2421029.76	0.010827650363374549		188423.27999999997	188423.27999999997	77123	77123	0	0	0	0	265546.27999999997	0.003673652022754955		-0.767955523505738	-0.9188583903788985	-1	-1	-0.8903168046971881		600579.6	99971	0	0	700550.6		700550.6	265546.27999999997	0.3790536757801649
	Tech	Automation	RPA	695750.0299999997	28062.92	410998.06999999983	100394.60999999999	557978.6099999995	37141.55	592581.4699999992	56405.56	2257308.1799999983	0.010095433000966218		732871.729999999	28964.359999999997	132576.97000000003	15050	0	0	0	0	865448.699999999	0.011972893641536394		0.05335493841085338	-0.6774267820771029	-1	-1	-0.6166014425199134		4922220.07000001	1403625.92	0	0	6325845.99000001		6325845.99000001	865448.699999999	0.13681153498964613
	Cyber	Infrastructure Protection	BSEC	58422.60000000001	3400	199560.65999999997	57760.03	14487.049999999996	11243.14	100683.46999999996	66000	373153.77999999997	0.0016688678216047977		-42445.61	-9100	132534.04	156177.64	0	0	0	0	90088.43000000001	0.001246312104603078		-1.7265272343237035	-0.33587090762277483	-1	-1	-0.7585755931508988		257285.64000000004	93764.14000000003	0	0	351049.7800000001		351049.7800000001	90088.43000000001	0.2566257981987625
	Cyber	Data Protection	Data Classification	7094096.976266996	687589.9983579998	3458761.865355	583033.9274679999	5467442.119999999	575916.92	4812375.859999998	1676291.38	20832676.82162199	0.09317066005735505		8703044.629999999	1386030.7399999998	1191141.1500000001	258369.36	0	0	0	0	9894185.78	0.1368793251564673		0.22680091054797671	-0.6556163169453286	-1	-1	-0.5250641161134445		9951655.329999996	2406039.63	0	0	12357694.959999997		12357694.959999997	9894185.78	0.8006497823441987
	Cyber	Infrastructure Protection	Cobalt Strike	834617.5799999997	327411.19000000006	1292360.7399999986	588205.6200000001	2020865.529999999	592318.1500000003	1674039.1899999997	832717.25	5821883.039999997	0.026037397414553094		1996153.139999999	505782.3999999999	163496.05000000005	130519.48000000001	0	0	0	0	2159649.189999999	0.029877276440417832		1.3916979318839648	-0.873490392473544	-1	-1	-0.6290462767524096		4332738.699999981	828885.6300000009	0	0	5161624.329999981		5161624.329999981	2159649.189999999	0.41840495393046295
	Cyber	Infrastructure Protection	Core CTS	310556.47	410840.49	865399.0100000001	278697.21	1699198.2199999993	739704.72	970618.15	654512.3099999999	3845771.849999999	0.017199570883882114		912556.6599999999	486507.94000000006	253865.65000000002	109024.98000000001	0	0	0	0	1166422.31	0.016136658658965238		1.9384564423983826	-0.7066490173128347	-1	-1	-0.6967000759548437		2127681.749999999	790617.9900000001	0	0	2918299.7399999993		2918299.7399999993	1166422.31	0.39969242844122665
	Tech	Core Solutions	Core IGA	-9009.91	15222.09	40778.450000000004	0	195110.66999999998	0	-88793.16	0	138086.05	0.0006175667454246642		19616.370000000014	0	0	0	0	0	0	0	19616.370000000014	0.0002713791258141883		-3.177199328295179	-1	-1	-1	-0.8579409723140027		1961263.4599999986	163028.41	0	0	2124291.8699999987		2124291.8699999987	19616.370000000014	0.009234310160966734
	Cyber	DREP	CTP	7221278.809999995	560828.7299999999	5221659.2200000025	842905.3699999999	7186762.909999999	618579.5600000003	9299674.509999987	483737.4399999999	28929375.449999984	0.12938178942640965		7737257.109999993	659436.3400000003	1117788.42	56020.030000000006	0	0	0	0	8855045.529999994	0.12250352715493398		0.07145248280477323	-0.7859323305284561	-1	-1	-0.6939081680036754		8545455.08999998	1379878.9600000011	0	0	9925334.04999998		9925334.04999998	8855045.529999994	0.8921659951586225
	Cyber	Infrastructure Protection	DDI	854268.97	170949.06999999998	416344.53999999975	232627.71999999994	990211.0799999991	289409.75	943939.1199999998	285925.2300000001	3204763.7099999986	0.014332769271333142		1146444.4999999993	332110.79000000004	-434610.42000000033	-10964.980000000007	0	0	0	0	711834.0799999989	0.009847739941444137		0.34201819363753705	-2.0438720296416055	-1	-1	-0.7778825072878777		3760253.6199999964	238149.0999999998	0	0	3998402.719999996		3998402.719999996	711834.0799999989	0.17802961078417825
	Cyber	Data Protection	Digital Guardian	5307994.2700000005	644900.3999999999	6489924.379999995	724407.5099999999	8722099.399999999	690097.1100000001	10748355.849999998	2327385.24	31268373.89999999	0.13984256848642215		11289988.11	1872520.9599999997	373766.13999999996	104503.62	0	0	0	0	11663754.25	0.1613601003690551		1.1269782022579309	-0.9424082442082322	-1	-1	-0.626979187107648		23381616.589999992	618654.2799999997	0	0	24000270.869999994		24000270.869999994	11663754.25	0.4859842754766377
	Tech	Secure File Transfer	MFT	4240406.93999999	717113.2200000002	4304874.290000002	520400.5900000001	4466836.120000026	781973.0199999998	6576240.659999982	1508496.7199999976	19588358.01	0.08760565244967797		5252604.209999981	1204779.9575	1981332.710000007	777644.3449999995	0	0	0	0	7233936.919999989	0.1000765930467552		0.2387028613815054	-0.5397466739963721	-1	-1	-0.6307022305643479		17275360.190000147	5352127.150000002	0	0	22627487.34000015		22627487.34000015	7233936.919999989	0.3196968718312822
	Tech	IBM & Power	Cybersecurity	802721.9500000003	86418.54000000002	975219.6599999991	536877.0400000004	1213702.020000002	408088.1999999998	1817816.1799999992	255707.8900000001	4809459.8100000005	0.021509503980397908		910609.2299999997	304909.49	187963.75000000006	29515.839999999997	0	0	0	0	1098572.9799999997	0.015198009364397566		0.1344018062543318	-0.8072600894858905	-1	-1	-0.7715807963056875		7882915.719999988	2692289.000000016	0	0	10575204.720000003		10575204.720000003	1098572.9799999997	0.10388195870311241
	Tech	Core Solutions	BoKS	120416.91	0	0	0	138780	0	-114640.73999999999	0	144556.17	0.0006465032741392379		126899.63999999998	0	0	0	0	0	0	0	126899.63999999998	0.0017555701370505947		0.053835711280085005	N/A	-1	-1	-0.12214303962259118		1851547.1099999999	1167517.56	0	0	3019064.67		3019064.67	126899.63999999998	0.042032766393175665
	Tech	Core Solutions	Globalscape	2245434.229999997	278595.24	4096157.659999997	365085.27999999985	3114295.130000001	235413.69999999998	5585338.640000022	570242.4899999999	15041225.660000019	0.06726936412508114		4310201.389999993	744938.4000000001	1675470.5300000007	235925.62	0	0	0	0	5985671.919999994	0.08280769648309709		0.9195402530226853	-0.5909653218767946	-1	-1	-0.6020489250475093		11776704.480000071	3831804.8700000006	0	0	15608509.350000072		15608509.350000072	5985671.919999994	0.3834877364506282
	Tech	Core Solutions	Network Monitoring	2096436.5199999986	412714.82	151710.2	13093.109999999999	115128.4900000003	25632.41	289304.1399999998	11417.81	2652579.3499999987	0.011863217147280053		156489.98000000007	21086.330000000005	29537.299999999996	1729.7000000000003	0	0	0	0	186027.28000000006	0.002573560787443916		-0.9253542959650407	-0.8053044554683866	-1	-1	-0.929869287416416		1527454.4499999962	266372.7800000001	0	0	1793827.2299999963		1793827.2299999963	186027.28000000006	0.10370412316686732
	Tech	IBM & Power	ASM	366439.64000000013	0	98810.02999999994	2566.07	180550.88000000015	17298.179999999997	288391.3200000003	83627.72	934191.8700000005	0.004178016771122654		209577.9500000007	42219.05999999998	87399.36000000002	1024.05	0	0	0	0	296977.31000000075	0.004108478927265817		-0.4280696542546526	-0.11548088792200481	-1	-1	-0.6821024464706585		458353.16999999987	179731.43000000008	0	0	638084.6		638084.6	296977.31000000075	0.4654199615536886
	Tech	IBM & Power	IPP	0	0	0	0	0	0	0	0	0	0		0	0	0	0	0	0	0	0	0	0		N/A	N/A	N/A	N/A	N/A		328136.53	328136.53	0	0	656273.06		656273.06	0	0
	Tech	IBM & Power	SM	403005.95999999944	75110.54000000001	90943.92999999995	48995.31000000002	434562.40999999986	42101.81	1632156.410000005	319127.3299999997	2560668.710000004	0.011452162194120812		128307.32000000007	53369.16166666666	61750.85999999996	6266.8099999999995	0	0	0	0	190058.18000000002	0.002629325545054239		-0.6816242618347376	-0.32100075288147334	-1	-1	-0.9257779113487898		10142586.090000099	4211409.19	0	0	14353995.280000098		14353995.280000098	190058.18000000002	0.013240786017591523
	Tech	Automation	WLA	228950.90000000014	36456.25	395931.6200000002	4720.54	215230.14000000004	16375	210781.30999999985	10632	1050893.9700000002	0.004699947379473198		276701.62	79435.12000000001	67717.84000000001	41965.13	0	0	0	0	344419.46	0.0047648087779846495		0.20856314607192994	-0.8289658199059727	-1	-1	-0.6722605040734986		7856857.700000002	1808811.5099999995	0	0	9665669.21		9665669.21	344419.46	0.0356332761360866
	Cyber	Infrastructure Protection	Outflank	174979.00999999998	155567.43	391273.85	302557.33	638302.0100000001	358485.69	860350.7699999998	706391.84	2064905.64	0.009234944845651197		1077192.9000000001	740362.0399999998	218653.21999999997	111530.61	0	0	0	0	1295846.12	0.017927148969728218		5.156126383387357	-0.4411759947668366	-1	-1	-0.37244293642396165		2412002.0629613525	693960.6399999998	0	0	3105962.702961352		3105962.702961352	1295846.12	0.41721238917791487
	Cyber	DREP	PhishLabs	364103.92000000004	88865.98999999999	1145482.31	879567.7099999998	592582.25	129874.15	565029.92	209164.58	2667198.4	0.011928598401430644		748453.0800000001	156289.39000000004	60110.36	57370.78	0	0	0	0	808563.4400000001	0.011185924792023842		1.055602916881532	-0.947523973547876	-1	-1	-0.6968491582778394		7989436.21	969955.7899999999	0	0	8959392		8959392	808563.4400000001	0.09024757930002393
	Tech	IBM & Power	PowertechX	305689.55000000005	69688.1	81834.79999999999	14409.34	247476.19	44805.63	181289.52	45184	816290.06	0.0036507206606076715		76906.62	7810	181594.87	83025	0	0	0	0	258501.49	0.0035761921485914614		-0.7484159337471629	1.2190421434401992	-1	-1	-0.683321526664186		796682.91	437292.24	0	0	1233975.15		1233975.15	258501.49	0.2094867874770412
	Tech	IBM & Power	Doc Mgmt	309323.34000000067	44291.24	248824.2800000004	2400	330080.6900000016	55901.75	272205.0800000002	14554.83	1160433.390000003	0.0051898441004316655		265069.6000000014	-5698.719999999996	154083.52	103435.34000000001	0	0	0	0	419153.1200000014	0.005798698091843183		-0.14306628138697583	-0.380753678861244	-1	-1	-0.6387960536020079		1984957.14	928326.3200000004	0	0	2913283.4600000004		2913283.4600000004	419153.1200000014	0.143876531671244
	Tech	IBM & Power	BI	395214.53000000014	3563	161002.22000000003	32985.12	208056.78999999998	17044.610000000004	445037.9899999994	37654.079999999994	1209311.5299999998	0.00540844340023211		328119.77000000014	12127.890000000001	33441.47	0	0	0	0	0	361561.2400000001	0.005001953635636659		-0.1697679485620126	-0.7922918702611679	-1	-1	-0.7010189425713983		4515448.269999996	1782141.890000003	0	0	6297590.159999998		6297590.159999998	361561.2400000001	0.057412634168623036
	Tech	Core Solutions	Cap Mgmt	906886.2899999997	0	1087351.55	42071.25	608172.32	23521.5	3722311.4200000004	0	6324721.58	0.028286258618287225		965797.23	0	0	0	0	0	0	0	965797.23	0.013361147245446755		0.06495956620978394	-1	-1	-1	-0.8472980639884545		1675778.68	13074.57	0	0	1688853.25		1688853.25	965797.23	0.5718656905210681
	Cyber	DREP	Terranova	963828.1000000002	441815.16	1162700.6099999994	454611.1999999999	1379357.8300000005	493508.88	1058506.2099999993	505854.5700000001	4564392.749999999	0.020413482574506498		1241250.94	494031.10416666657	262667.7100000001	89181.84999999999	0	0	0	0	1503918.65	0.02080569078441393		0.28783435552459996	-0.7740882667981053	-1	-1	-0.6705106829380534		3930540.540000003	1005958.4299999994	0	0	4936498.9700000025		4936498.9700000025	1503918.65	0.3046528843902502
	Cyber	File Integrity Management	Tripwire	9611830.265399989	980159.8761999997	7345779.04459998	1069888.5410999996	11577638.113799976	1539159.4352	21032459.7048	8812112.76	49567707.12859994	0.22168327336159155		10397331.148500001	1578960.9899999995	2620472.0599999973	319076.97000000003	0	0	0	0	13017803.208499998	0.18009244598994933		0.08172230068685304	-0.6432683253757333	-1	-1	-0.7373733028496513		15730763.178757997	4274163.509999999	0	0	20004926.688757997		20004926.688757997	13017803.208499998	0.6507298632499116
	Cyber	Data Protection	Vera	104207.06	15657.060000000001	319543.6115	0	223909.62	15081.25	56592.67	12000	704252.9615000001	0.003149653490625856		21200	15050	53484.99	0	0	0	0	0	74684.98999999999	0.0010332159975388606		-0.7965588895800342	-0.8326206875207706	-1	-1	-0.8939514718675414		710824.45	150333.13	0	0	861157.58		861157.58	74684.98999999999	0.08672627604346234
			Total	49410454.01166697	8385866.104557999	43365310.32145498	8923618.818567999	54335933.91379999	8271512.275200002	76485266.81480001	20232795.259999998	223596965.06172195	1		60830393.32849995	11071591.223333333	11453611.350000005	2787248.1749999993	0	0	0	0	72284004.67849995	1.0000000000000004		0.23112395029069083	-0.7358807935398692	-1	-1	-0.6767218881591412		162448912.53171957	39343436.19000002	0	0	201792348.72171965		201792348.72171965	72284004.67849995	0.3582098386603484
			Top 20 Partner Billings
																										YoY % Growth
			Partner	Q1 '24	Q1 '24 New	Q2 '24	Q2 '24 New	Q3 '24	Q3 '24 New	Q4 '24	Q4 '24 New	2024	% Total		Q1 '25	Q1 '25 New	Q2 '25	Q2 '25 New	Q3 '25	Q3 '25 New	Q4 '25	Q4 '25 New	2025 YTD	% Total		Q1 '25	Q2 '25	Q3 '25	Q4 '25	2025 YTF
			Carahsoft	3606645.190000001	194808	3414137.6100000055	246085.35	6872165.950000012	1089415.84	2563667.5599999996	641317.3800000001	16456616.310000017	0.21223428054976945		7886320.139999997	1116859.76	683779.4699999999	131125.00000000006	0	0	0	0	8570099.609999998	0.11052508551608854		1.186608253527704	-0.7997211746834075	-1	-1	-0.4792307574922133
			SHI	4891.3	0	0	0	196447.13	0	2338046.1400000006	681878.66	2539384.5700000008	0.03274940893685667		3319537.169999999	238947.3	720084.8800000004	44020.950000000004	0	0	0	0	4039622.0499999993	0.05209736092308114		677.6615357880316	N/A	-1	-1	0.5907878222635645
			Fujitsu	0	0	0	0	52709.149999999994	0	0	0	52709.149999999994	0.0006797684480157797		3901346.1300000004	0	0	0	0	0	0	0	3901346.1300000004	0.05031407267926857		N/A	N/A	-1	N/A	73.01648727023678
			Infinigate Global Services Limited	0	0	0	0	0	0	213518.96999999997	68198.16	213518.96999999997	0.00275366722587687		3669694.1000000006	949763.6699999998	142707.63	12787.25	0	0	0	0	3812401.7300000004	0.049166992964499986		N/A	N/A	N/A	-1	16.855096106917344
			Optiv	2300189.64	312186.91000000003	2126448.0900000003	193538.26	3393565.4999999995	266083.24000000005	9715930.130000003	6161274.82	17536133.360000003	0.22615637243865522		2067281.729999999	727243.68	406379.0000000001	24034.25	0	0	0	0	2473660.729999999	0.03190179533059593		-0.10125595992163544	-0.8088930541445759	-1	-1	-0.85893921543489
			SHI International	1306360.7900000005	121230.10000000003	2347411.9199999995	330382.86	688199.6000000001	-132127.63	1742971.3000000003	258630.8	6084943.610000001	0.07847504036838457		1254086.6799999992	158779.56999999998	819491.8500000001	83137.99	0	0	0	0	2073578.5299999993	0.02674209808310211		-0.040015063526211044	-0.6508955914307532	-1	-1	-0.6592279792712822
			Syner Solutions Technologies Inc.	0	0	238.31	0	47409.990000000005	37760	219948.88	144400	267597.18	0.003451091883325746		1999260.97	0	4537.73	0	0	0	0	0	2003798.7	0.025842176025131065		N/A	18.04129075573832	-1	-1	6.488115906154168
			SoftwareONE	282846.39400000003	4909.079999999998	506015.4599999999	42498.04	1300152.7700000012	175963.27	452162.92	0	2541177.544000001	0.0327725321925592		1142877.7500000005	24360.09	576777.16	6388.74	0	0	0	0	1719654.9100000006	0.022177689249274858		3.040630441977635	0.1398409843051043	-1	-1	-0.32328423330345635
			Climb Channel Solutions - US	585952.0500000002	30641.410000000003	1881444.9000000015	326379.3799999997	1509697.4700000004	259899.89000000004	1638721.4799999974	492181.88	5615815.899999999	0.07242489128899517		1194517.96	275642.4	453386.3899999998	135737.69	0	0	0	0	1647904.3499999996	0.021252351488839267		1.038593362716283	-0.7590222333909435	-1	-1	-0.7065601188956355
			BlueFinch B.V.	736933.1200000001	129537.95999999999	1469363.7800000005	204560.26999999993	749625.8500000002	111392.58000000002	1669020.710000002	225265.65000000002	4624943.460000003	0.059646012845301674		836003.0299999983	183468.13999999966	688523.4900000005	302845.08999999904	0	0	0	0	1524526.5199999986	0.019661197846280898		0.1344354152517913	-0.5314138681164441	-1	-1	-0.6703686146251834
			GuidePoint Security	897407.69	57313	1149705.3899999997	104378.05	1986933.09	0	1153024.1999999995	253247.3	5187070.369999999	0.06689553474422441		1279628.5999999999	133641.21000000002	11210	11210	0	0	0	0	1290838.5999999999	0.016647419883660843		0.42591668676251254	-0.9902496760496182	-1	-1	-0.7511430329795198
			CDW	1099059.7599999993	26367.08	887222.9700000002	16718.9	1736261.29	277806.76	1669458.7499999995	11657	5392002.77	0.06953846447267098		983608.82	87397.3	269135.58	19913.4	0	0	0	0	1252744.4	0.016156134495594394		-0.10504518880756715	-0.6966539538533363	-1	-1	-0.7676662172782971
			HANDD Business Solutions	770925.8327879999	139355.6	512992.0442999999	37892.9	562196.39	81939.72	1176739.349999999	263467.1	3022853.6170879984	0.038984512401865616		919477.7300000004	196604.14999999994	237411.3999999999	139134.44499999992	0	0	0	0	1156889.1300000004	0.014919928104065916		0.19269285175562598	-0.5372025694395356	-1	-1	-0.6172857582450635
			Emerging Modern Technologies for Publication	0	0	0	0	0	0	0	0	0	0		911460	911460	19000	10000	0	0	0	0	930460	0.011999763800796683		N/A	N/A	N/A	N/A	N/A
			iSecurity Inc.	204203.64000000004	10744	327782.01	8175.52	102655.18	44153.75	353013.86	163976.61	987654.6900000001	0.01273738043198963		829512.9	122502	27889.1	18582.5	0	0	0	0	857402	0.011057564518980588		3.0621846897538156	-0.9149157087663231	-1	-1	-0.1318807993510364
			Pro2col	477943.24000000063	81405.59999999999	301821.2400000002	9458.21	480422.21	31033.420000000002	434620.1599999998	31719	1694806.8500000006	0.02185723393587286		650554.5200000007	140021.88999999993	194141.7799999999	82005.57999999994	0	0	0	0	844696.3000000006	0.010893704278966214		0.3611543496252816	-0.35676568024172267	-1	-1	-0.5015973059112899
			Starlink DMCC (UAE)	0	0	0	0	0	0	423164.2	231289.2	423164.2	0.005457376404093769		668673	598689	151854.75	107751.75	0	0	0	0	820527.75	0.010582012329384553		N/A	N/A	N/A	-1	0.9390292231715254
			Aquion	440684.43	210164.56000000003	469832.1700000004	55396.85	221449.9	48901.95000000002	99991.64000000001	9034.11	1231958.1400000001	0.015888062563107295		665892.4700000002	81724.45000000001	110529.34	14537.88	0	0	0	0	776421.8100000002	0.010013195978104423		0.5110415178498596	-0.764747186213324	-1	-1	-0.3697660782532756
			CyberKnight Technologies	593230.06	213948.49	309715.59	135848.35	473721.7200000001	89532.68999999999	1154699.4600000004	707729.3	2531366.8300000005	0.03264600740834798		680621.7000000001	387253.63999999996	50904.130000000005	8465	0	0	0	0	731525.8300000001	0.009434190802594146		0.14731492197141866	-0.8356423388309255	-1	-1	-0.7110154793329578
			Panasonic Information Systems	516023.96	19763.07	38228.67	0	409847.6099999999	99597.20999999999	172041.81	0	1136142.05	0.014652361460087414		631927.53	10349.7	11161.63	0	0	0	0	0	643089.16	0.008293659074922884		0.22460889219175018	-0.7080298634506511	-1	-1	-0.4339711658414544
			Top 20	13823297.096788002	1552374.86	15742360.154300008	1711312.9399999997	20783460.800000012	2481352.6900000004	27190741.52	10345266.97	77539859.571088	1.0000000000000002		35492282.93	6344707.949999999	5578905.31	1151677.5149999987	0	0	0	0	41071188.239999995	0.5296783933732331		1.5675700002314952	-0.6456118869522797	-1	-1	-0.47032160662676714
			% of Total Channel	0.2797646241729331	0.18511801174075893	0.3630173527551463	0.19177342452583823	0.38249937569806863	0.29998779031492184	0.35550299622853054	0.5113118003251125	0.34678404310936783			0.5834629859835434	0.573061976550268	0.48708701033408097	0.41319518130099736	N/A	N/A	N/A	N/A	0.5681919315714967			1.0855495497632428	0.3417733522579543	N/A	N/A	0.6384604276394051
			Other Partners	35587156.914878964	6833491.244557999	27622950.16715497	7212305.878567999	33552473.11379998	5790159.5852000015	49294525.29480001	9887528.289999997	146057105.49063396			25338110.39849995	4726883.273333333	5874706.040000006	1635570.6600000006	0	0	0	0	31212816.438499957			-0.28799846362814935	-0.787325176910853	-1	-1	-0.7862971723720658
			Total Channel Billings	49410454.01166697	8385866.104557999	43365310.32145498	8923618.818567999	54335933.91379999	8271512.275200002	76485266.81480001	20232795.259999998	223596965.06172195			60830393.32849995	11071591.223333333	11453611.350000005	2787248.1749999993	0	0	0	0	72284004.67849995			0.23112395029069083	-0.7358807935398692	-1	-1	-0.6767218881591412
			Billings by Region																													Total Billings						2025 YTD % of Total Billings
																										YoY % Growth
			Region	Q1 '24	Q1 '24 New	Q2 '24	Q2 '24 New	Q3 '24	Q3 '24 New	Q4 '24	Q4 '24 New	2024	% Total		Q1 '25	Q1 '25 New	Q2 '25	Q2 '25 New	Q3 '25	Q3 '25 New	Q4 '25	Q4 '25 New	2025 YTD	% Total		Q1 '25	Q2 '25	Q3 '25	Q4 '25	2025 YTF		Q1 '25	Q2 '25	Q3 '25	Q4 '25	2025		Total	Channel	Channel %
			NA	31037419.91597082	4220083.035680001	26557406.36103609	4099139.2699999996	33825034.819999814	3265792.4099999983	49428399.87999999	11980009.019999992	140848260.9770067	0.6114644688193086		37110071.58000042	3836632.520000001	6336552.829999988	955138.1900000002	0	0	0	0	43446624.41000041	0.6010544739910191		0.19565581419043204	-0.7614016691292298	-1	-1	-0.6915359543055131		125279925.22976166	31217999.819999937	0	0	156497925.0497616		156497925.0497616	43446624.41000041	0.2776178942703918
			EMEA	14941204.167405998	2885578.232677996	13182138.99581902	3389058.297467997	17097026.98000004	3497097.839999999	27633789.500000063	7449034.000000001	72854159.64322512	0.31628171848564124		18406971.31999998	5914326.66916666	3814140.010000003	1290435.2050000003	0	0	0	0	22221111.329999983	0.3074139490310955		0.2319603636870514	-0.7106584893991988	-1	-1	-0.6949918654086572		26275745.613858096	5031510.829999994	0	0	31307256.44385809		31307256.44385809	22221111.329999983	0.7097751082036879
			APAC	2630018.3682899955	1178845.796200001	3042515.814600005	1298595.1410999987	2442395.7137999996	1189818.4251999997	4721447.640499989	1420217.4999999993	12836377.537189988	0.055726557913436496		4079529.808499992	1213229.5041666667	932055.8499999996	501596.1799999999	0	0	0	0	5011585.6584999915	0.06933187612930639		0.5511411850528064	-0.6936562020393193	-1	-1	-0.6095794437347877		6357497.948099971	2011302.2399999984	0	0	8368800.188099969		8368800.188099969	5011585.6584999915	0.5988415956717696
			LATAM	801811.5600000008	101359.04000000001	583249.1500000004	136826.11	971476.3999999986	318803.60000000003	1450446.3099999998	424867.4999999997	3806983.42	0.016527254781613748		1233820.6200000015	107402.53	370862.6599999999	40078.6	0	0	0	0	1604683.2800000014	0.022199700848579113		0.5387912591332561	-0.3641436768489081	-1	-1	-0.5784895538105598		4535743.740000008	1082623.2999999998	0	0	5618367.0400000075		5618367.0400000075	1604683.2800000014	0.28561382134265106
			Total	49410454.01166681	8385866.104557998	43365310.32145511	8923618.818567995	54335933.91379985	8271512.275199996	83234083.33050005	21274128.019999992	230345781.57742178	1		60830393.328500405	11071591.223333327	11453611.34999999	2787248.1750000003	0	0	0	0	72284004.67850038	1		0.23112395029070393	-0.7358807935398705	-1	-1	-0.6861934949123221		162448912.53171974	39343436.18999992	0	0	201792348.72171968		201792348.72171968	72284004.67850038	0.35820983866035044
			Tech vs. Cyber	Q1 '24	Q1 '24 New	Q2 '24	Q2 '24 New	Q3 '24	Q3 '24 New	Q4 '24	Q4 '24 New	2024	% Total		Q1 '25	Q1 '25 New	Q2 '25	Q2 '25 New	Q3 '25	Q3 '25 New	Q4 '25	Q4 '25 New	2025 YTD	% Total
			Tech	13107666.879999986	1767235.9600000004	12144436.76	1683998.2600000007	12025960.46000003	1705297.3599999994	21410020.240000013	2913050.429999998	58688084.34000003	0.26247263384724256		13759772.659999974	2493941.0491666673	4592869.180000007	1295581.8349999995	0	0	0	0	18352641.83999998	0.25389630695791765
			Cyber	36302787.13166699	6618630.1445579985	31220873.561454974	7239620.558567999	42309973.45379997	6566214.915200002	55075246.574799985	17319744.83	164908880.72172192	0.7375273661527575		47070620.66849999	8577650.174166666	6860742.169999997	1491666.34	0	0	0	0	53931362.838499986	0.7461036930420823
			Total	49410454.011666976	8385866.1045579985	43365310.32145497	8923618.818567999	54335933.9138	8271512.275200001	76485266.8148	20232795.259999998	223596965.06172195	1		60830393.328499965	11071591.223333333	11453611.350000005	2787248.175	0	0	0	0	72284004.67849997	1

===== SHEET: ALE Dashboard Org (86r x 34c) =====
	Channel Dashboard - ALE 2023-2024 YTD
	as of February 2024
	USD in thousands
	Note: Includes Alert Logic ALE
	ALE Split
														YoY % Growth
	Split	Q1 '23	Q2 '23	Q3 '23	Q4 '23	2023		Q1 '24	Q2 '24	Q3 '24	Q4 '24	2024 YTD		Q1 '24	Q2 '24	Q3 '24	Q4 '24	2024 YTD
	Channel	10199542.887717692	9215196.056624167	7783094.979282775	11080136.53353429	38277970.45715892		4820897.738393573	0	0	0	4820897.738393573		-0.5273417846794971	-1	-1	-1	-0.8740555551713701
	Direct	17973324.90971286	17650173.336690888	15133743.492981011	16695558.47635969	67452800.21574445		6109435.502943406	0	0	0	6109435.502943406		-0.6600831769506463	-1	-1	-1	-0.9094265103390419
	Total ALE	28172867.797430553	26865369.393315054	22916838.472263787	27775695.00989398	105730770.67290337		10930333.241336979	0	0	0	10930333.241336979		-0.6120262473835248	-1	-1	-1	-0.8966210766102152
	Channel	0.3620342437644179	0.34301393447123774	0.33962341658526074	0.39891482569877856	0.36203245482413554		0.44105679414801535	N/A	N/A	N/A	0.44105679414801535
	Direct	0.637965756235582	0.6569860655287623	0.6603765834147391	0.6010851743012214	0.6379675451758645		0.5589432058519846	N/A	N/A	N/A	0.5589432058519846
	Channel ALE																			Total ALE						2023 YTD % of Total ALE
														YoY % Growth
	Brand	Q1 '23	Q2 '23	Q3 '23	Q4 '23	2023		Q1 '24	Q2 '24	Q3 '24	Q4 '24	2024 YTD		Q1 '24	Q2 '24	Q3 '24	Q4 '24	2024 YTD		Q1 '23	Q2 '23	Q3 '23	Q4 '23	2023 YTD		Total	Channel	Channel %
	Agari	487589.5333333334	341740.7219047619	120924.38551724138	245328.45133333336	1195583.09208867		254314.63666666666	0	0	0	254314.63666666666		-0.4784247419585026	-1	-1	-1	-0.7872881957352024		831484.3385281385	746697.921904762	288440.5530172414	585559.1979999999	2452182.0114501417		2452182.0114501417	254314.63666666666	0.10370952705760741
	RPA	72019.29342857143	139170.55492857142	80035.182	56536.8885	347761.91885714285		21948.194499999998	0	0	0	21948.194499999998		-0.6952456285652376	-1	-1	-1	-0.9368872975737862		632479.0983021978	620224.9979285713	528971.8600714285	479534.43874025973	2261210.3950424576		2261210.3950424576	21948.194499999998	0.009706392004972137
	BSEC	77310.24	61332	93000	196730.52	428372.76		2000	0	0	0	2000		-0.9741302057786911	-1	-1	-1	-0.9953311690500581		80078.24	91332	100388	264156.45999999996	535954.7		535954.7	2000	0.0037316586644356325
	Data Classification	2081403.0477369805	938353.6513749546	437138.0621042593	1390491.9999465952	4847386.76116279		431525.9717123513	0	0	0	431525.9717123513		-0.7926754396840483	-1	-1	-1	-0.9109776064972301		2250908.9327369807	1402334.6236463834	518028.8881282592	1648386.6804211047	5819659.124932728		5819659.124932728	431525.9717123513	0.07414969888246496
	Cobalt Strike	164507.12945945945	310103.50931196584	791157.4108846175	364711.13384615397	1630479.1835021968		136364.95421052634	0	0	0	136364.95421052634		-0.17106963899621366	-1	-1	-1	-0.9163651056754859		568033.5871168021	718106.3764548232	1273951.7472698991	1156251.3174890107	3716343.028330535		3716343.028330535	136364.95421052634	0.03669331737436104
	Core CTS	196479.9922430987	283784.12375929777	385681.82741312735	390938.35306306306	1256884.2964785867		177613.550075188	0	0	0	177613.550075188		-0.09602220537838704	-1	-1	-1	-0.8586874300420428		430590.6058794623	561110.7037592978	788594.6374131275	899525.7297297297	2679821.676781617		2679821.676781617	177613.550075188	0.06627812276244305
	Core IGA	0	0	0	0	0		15222.09	0	0	0	15222.09		N/A	N/A	N/A	N/A	N/A		161629.25	16844.6875	85265.1	0	263739.0375		263739.0375	15222.09	0.05771648423491347
	CTP	275285.9312469635	517691.86158211704	350111.2754802445	641605.4634212451	1784694.5317305701		388970.7899264068	0	0	0	388970.7899264068		0.41297010044968396	-1	-1	-1	-0.7820518957105606		948516.606650707	1052975.6066315677	591957.7753135787	909962.9914212441	3503412.980017097		3503412.980017097	388970.7899264068	0.1110262455910946
	DDI	347534.2733333333	231903.8685714285	171145.87	256176.76999999993	1006760.7819047617		110030.84000000001	0	0	0	110030.84000000001		-0.6833957153501655	-1	-1	-1	-0.8907080589772033		628890.5239999997	624074.3541904764	402722.12	708786.2200000001	2364473.2181904763		2364473.2181904763	110030.84000000001	0.046535033323069845
	Digital Guardian	2262198.50194057	1099125.5343275866	914652.4179346634	1698569.1664572807	5974545.6206601		486739.7451428572	0	0	0	486739.7451428572		-0.7848377387195157	-1	-1	-1	-0.9185310857013625		6415863.958810319	1990887.361208539	1707352.3860030945	2221986.5456880503	12336090.251710001		12336090.251710001	486739.7451428572	0.03945656486060374
	MFT	931134.0009432938	1052786.9780252106	986514.8762641747	1556458.3050263103	4526894.16025899		270571.31097382715	0	0	0	270571.31097382715		-0.7094174300372208	-1	-1	-1	-0.9402302546966667		2507236.326319087	3084220.5725804907	3373126.0208748654	4352223.904258607	13316806.82403305		13316806.82403305	270571.31097382715	0.02031803228425022
	Cybersecurity	122419.31481818188	210313.31699999998	200139.28228571423	315645.98349999974	848517.8976038959		65320.53452488688	0	0	0	65320.53452488688		-0.4664197016467422	-1	-1	-1	-0.9230180828131692		729985.4881515157	1189425.4904960128	1144155.0774285728	1209354.7930000005	4272920.849076102		4272920.849076102	65320.53452488688	0.015287092092756785
	BoKS	20530	0	10264.882352941177	21483.76	52278.64235294117		0	0	0	0	0		-1	N/A	-1	-1	-1		122393.825	1570337.95	36921.58985294117	34143.3	1763796.6648529412		1763796.6648529412	0	0
	Globalscape	481007.91517316026	212032.18805982903	87918.25794505497	339085.0050194807	1120043.366197525		48363.53149999999	0	0	0	48363.53149999999		-0.8994537720183058	-1	-1	-1	-0.9568199473702602		1652871.931527135	1175287.4058928578	1898201.8725238051	1121733.4056072892	5848094.615551086		5848094.615551086	48363.53149999999	0.008269963924898389
	SM	46499.19449999999	45668.19749999999	60560.62700000001	49540.614499999996	202268.63349999997		54653.34599999999	0	0	0	54653.34599999999		0.17536113448158766	-1	-1	-1	-0.7297982141160805		986745.8644509801	1223590.0518111286	1849392.4699165027	1200679.3850000002	5260407.7711786125		5260407.7711786125	54653.34599999999	0.01038956453137372
	Network Monitoring	15677.135524475521	10872.80028051948	30415.53822299654	18372.20295238095	75337.67698037249		886201.5800000001	0	0	0	886201.5800000001		55.528284686729975	-1	-1	-1	10.76305954099009		81668.66462376334	126012.19147932067	279071.94828793104	90897.35045238103	577650.154843396		577650.154843396	886201.5800000001	1.5341492987918508
	WLA	38219.19	15062.5	38125	77036.6965	168443.38650000002		37478	0	0	0	37478		-0.019393137321853295	-1	-1	-1	-0.7775038796195184		642540.1606316529	761383.2065000001	749319.7935	849172.404	3002415.564631653		3002415.564631653	37478	0.012482615811578347
	MFT	931134.0009432938	1052786.9780252106	986514.8762641747	1556458.3050263103	4526894.16025899		270571.31097382715	0	0	0	270571.31097382715		-0.7094174300372208	-1	-1	-1	-0.9402302546966667		2507236.326319087	3084220.5725804907	3373126.0208748654	4352223.904258607	13316806.82403305		13316806.82403305	270571.31097382715	0.02031803228425022
	PhishLabs	14507	59734	70471.70999999999	178000	322712.70999999996		28000	0	0	0	28000		0.9301027090370166	-1	-1	-1	-0.913235521464277		1072837.712025518	1360185.8	1119101.550329768	2083273.5853361348	5635398.647691421		5635398.647691421	28000	0.004968592596633849
	Cybersecurity	122419.31481818188	210313.31699999998	200139.28228571423	315645.98349999974	848517.8976038959		65320.53452488688	0	0	0	65320.53452488688		-0.4664197016467422	-1	-1	-1	-0.9230180828131692		729985.4881515157	1189425.4904960128	1144155.0774285728	1209354.7930000005	4272920.849076102		4272920.849076102	65320.53452488688	0.015287092092756785
	PowertechX	68694	150480.73249999998	156800.40548387097	22609.23076923077	398584.3687531017		42817	0	0	0	42817		-0.37669956619209827	-1	-1	-1	-0.8925773227536615		197120.03	496934.7594999999	205761.30405529955	95596.26076923076	995412.3543245303		995412.3543245303	42817	0.04301433452577035
	Doc Mgmt	0	0	4675	0	4675		9555.575	0	0	0	9555.575		N/A	N/A	-1	N/A	1.0439732620320856		257180.71285714328	104019.0403846154	97271.82615384615	70951.13350000001	529422.7128956049		529422.7128956049	9555.575	0.018049046191722855
	Cybersecurity	122419.31481818188	210313.31699999998	200139.28228571423	315645.98349999974	848517.8976038959		65320.53452488688	0	0	0	65320.53452488688		-0.4664197016467422	-1	-1	-1	-0.9230180828131692		729985.4881515157	1189425.4904960128	1144155.0774285728	1209354.7930000005	4272920.849076102		4272920.849076102	65320.53452488688	0.015287092092756785
	BI	34447.4905	46222.4125	21950.5055	10243.279999999999	112863.68849999999		0	0	0	0	0		-1	-1	-1	-1	-1		61987.76649999999	164824.61913636362	170221.54416666657	218390.39300000004	615424.3228030303		615424.3228030303	0	0
	Cap Mgmt	0	0	0	40500	40500		0	0	0	0	0		N/A	N/A	N/A	-1	-1		498.4	26815.6	1581.3	40500	69395.3		69395.3	0	0
	Data Classification	2081403.0477369805	938353.6513749546	437138.0621042593	1390491.9999465952	4847386.76116279		431525.9717123513	0	0	0	431525.9717123513		-0.7926754396840483	-1	-1	-1	-0.9109776064972301		2250908.9327369807	1402334.6236463834	518028.8881282592	1648386.6804211047	5819659.124932728		5819659.124932728	431525.9717123513	0.07414969888246496
	Tripwire	1048026.3766014716	1934179.8201848064	1161772.6665275341	1585928.6770412445	5729907.5403550565		420271.1207385361	0	0	0	420271.1207385361		-0.5989880311014817	-1	-1	-1	-0.926653071139697		1994881.184845063	3262111.8768864437	2047198.4378619606	3247371.679041245	10551563.17863471		10551563.17863471	420271.1207385361	0.03983022360037804
	Vera	58817.04	18092.16	0	0	76909.2		12500	0	0	0	12500		-0.7874765544134829	-1	N/A	N/A	-0.8374706797106198		411617.04	103652.16	0	18699.98	533969.1799999999		533969.1799999999	12500	0.023409590793236422
	Total	12101682.279099528	10090418.195211213	7997386.685856302	13034234.773849223	43223721.934016265		4733201.122707199	0	0	0	4733201.122707199		-0.6088807313275959	-1	-1	-1	-0.8432169086677188		29886156.484315567	29338795.535110556	25436462.866029054	31926457.326134	116587872.21158917		116587872.21158917	4733201.122707199	0.040597714264114564
	Top 20 Partner ALE
														YoY % Growth
	Partner	Q1 '23	Q2 '23	Q3 '23	Q4 '23	2023		Q1 '24	Q2 '24	Q3 '24	Q4 '24	2024 YTD		Q1 '24	Q2 '24	Q3 '24	Q4 '24	2024 YTD
	Iron Bow Technologies HQ	0	0	0	0	0		881527.8500000001	0	0	0	881527.8500000001		N/A	N/A	N/A	N/A	N/A
	Data Partner Inc.	0	0	0	0	0		612600.0000000001	0	0	0	612600.0000000001		N/A	N/A	N/A	N/A	N/A
	Syner-Solutions Technologies Inc	0	0	0	0	0		189605.72	0	0	0	189605.72		N/A	N/A	N/A	N/A	N/A
	iValue Infosolutions Private Limited	0	0	0	124124	124124		177658.80000000002	0	0	0	177658.80000000002		N/A	N/A	N/A	-1	0.43130095710740884
	Optiv	456922.30164285714	167361.03750000003	163276.52294117646	187559.54285714286	975119.4049411764		169774.05916666667	0	0	0	169774.05916666667		-0.6284399808102019	-1	-1	-1	-0.8258940819899813
	e92plus	177015.2389666667	213985.828202451	56940.575	289401.99348500004	737343.6356541177		156072.1421715714	0	0	0	156072.1421715714		-0.11831239455626202	-1	-1	-1	-0.7883318786184199
	Carahsoft	1053458.537642857	614646.4568333334	785525.94	708282.71	3161913.64447619		145145.6875	0	0	0	145145.6875		-0.8622198384525246	-1	-1	-1	-0.9540956193558394
	DeFY Security, LLC	0	0	0	0	0		136083.53666666665	0	0	0	136083.53666666665		N/A	N/A	N/A	N/A	N/A
	BlueFinch-ESBD Group B.V. (FR)*	144422.225	59380.31250000001	155491.64749999996	288315.84483333305	647610.029833333		69533.6004047619	0	0	0	69533.6004047619		-0.5185394740680536	-1	-1	-1	-0.8926304454817403
	GuidePoint Security	115345.05054347825	283587.48	326834.6909090909	0	725767.2214525691		66250.85714285714	0	0	0	66250.85714285714		-0.4256289556361632	-1	-1	N/A	-0.9087161073349923
	IT2 Trust AS	27222.150999999998	0	0	13435.079899999999	40657.230899999995		61285.969999999994	0	0	0	61285.969999999994		1.2513272371459552	N/A	N/A	-1	0.5073818025319575
	Presidio HQ	0	0	0	0	0		60164.7	0	0	0	60164.7		N/A	N/A	N/A	N/A	N/A
	INFOSEC BILGI TEKNOLOJILERI LTD	0	0	0	0	0		60013.8	0	0	0	60013.8		N/A	N/A	N/A	N/A	N/A
	S4 Applications Limited	20650	23202.210000000003	60466.03999999999	35737.536	140055.786		58408.39	0	0	0	58408.39		1.8284934624697335	-1	-1	-1	-0.5829633914588862
	Bakotech Sp. z o.o	41552.03	-3140.307692307694	79132.707794	47572.38433333332	165116.81443502562		58332.87222729412	0	0	0	58332.87222729412		0.4038513215189276	-1	-1	-1	-0.6467175531039061
	SHI International	272575.7791428572	102317.24861111115	66865.7125	21872.5675	463631.3077539683		55168.81	0	0	0	55168.81		-0.7976019359699382	-1	-1	-1	-0.8810071514211115
	Pro2col	236072.2593435012	64156.554000000004	47459.30162521688	81160.35941176473	428848.4743804828		51091.3555	0	0	0	51091.3555		-0.7835774705504106	-1	-1	-1	-0.8808638515648053
	Cisco	513011.18366885715	437128.7435	469551.76701724133	270217.828	1689909.5221860984		49406.273627450995	0	0	0	49406.273627450995		-0.903693573940988	-1	-1	-1	-0.9707639533484976
	Aqaio GmbH	17921	31448.11	70916.74333333333	186110.59	306396.44333333336		48481.67999999999	0	0	0	48481.67999999999		1.7052999274594047	-1	-1	-1	-0.8417681371475451
	Northdoor Plc (reseller)	0	0	1922.0034999999998	44670.463	46592.4665		48029.576294117614	0	0	0	48029.576294117614		N/A	N/A	-1	-1	0.03084425234533596
	Top 20	3076167.7569510746	1994073.673454588	2284383.652120059	2298460.8993205735	9653085.981846295		3154635.680701387	0	0	0	3154635.680701387		0.0255083369796729	-1	-1	-1	-0.673199256006418
	% of Total Channel	0.2541933993973579	0.1976205182854513	0.2856412653098396	0.17634030222717864	0.22332843054520707		0.666490943215416	N/A	N/A	N/A	0.666490943215416
	Other Partners	9025514.522148453	8096344.521756625	5713003.033736244	10735773.87452865	33570635.95216997		1578565.4420058122	0	0	0	1578565.4420058122		-0.8250996729181432	-1	-1	-1	-0.952977791536184
	Total Channel ALE	12101682.279099528	10090418.195211213	7997386.685856302	13034234.773849223	43223721.934016265		4733201.122707199	0	0	0	4733201.122707199		-0.6088807313275959	-1	-1	-1	-0.890495290296085
	ALE by Region																			Total ALE						2024 YTD % of Total ALE
														YoY % Growth
	Region	Q1 '23	Q2 '23	Q3 '23	Q4 '23	2023		Q1 '24	Q2 '24	Q3 '24	Q4 '24	2024 YTD		Q1 '24	Q2 '24	Q3 '24	Q4 '24	2024 YTD		Q1 '23	Q2 '23	Q3 '23	Q4 '23	2023 YTD		Total	Channel	Channel %
	NA	5734977.576789652	4210778.212090525	4145760.9940477572	4946097.541319911	19037614.324247845		2923558.587306411	0	0	0	2923558.587306411		-0.4902231877699909	-1	-1	-1	-0.8464325131546168		21498745.283294104	18734294.432692498	16861982.811276596	18378780.775032256	75473803.30229545		75473803.30229545	2923558.587306411	0.03873607078732568
	EMEA	3361472.070737219	3343855.4602127983	2194041.5542574585	4224391.998638886	13123761.08384636		1243442.3599606375	0	0	0	1243442.3599606375		-0.6300899326859697	-1	-1	-1	-0.9052525909290475		5174353.045440194	5242894.544696798	3670743.5683063157	6585876.026537942	20673867.18498125		20673867.18498125	1243442.3599606375	0.060145610341540236
	APAC	948070.0122228989	1410018.2458684582	1223438.4465489886	1402481.5828063043	4984008.28744665		579106.6825550935	0	0	0	579106.6825550935		-0.3891730831172615	-1	-1	-1	-0.8838070386010985		1291786.4907283932	2079161.9261400201	1510465.715477559	1815653.241190921	6697067.373536894		6697067.373536894	579106.6825550935	0.08647168234314065
	LATAM	155023.2279679144	250544.13845238095	219853.98442857142	507165.4107692309	1132586.7616180978		74790.10857142857	0	0	0	74790.10857142857		-0.517555468610755	-1	-1	-1	-0.9339652280019786		207982.9779679144	809018.4897857149	873646.3772032969	995384.9671328672	2886032.8120897934		2886032.8120897934	74790.10857142857	0.025914503902425355
	Total	10199542.887717685	9215196.056624161	7783094.979282776	11080136.533534333	38277970.45715895		4820897.738393571	0	0	0	4820897.738393571		-0.5273417846794969	-1	-1	-1	-0.8740555551713703		28172867.797430605	26865369.393315032	22916838.47226377	27775695.009893987	105730770.67290339		105730770.67290339	4820897.738393571	0.04559597653277172

===== SHEET: ALE Dashboard (91r x 82c) =====
			Channel Dashboard - ALE 2024-2025 YTD
			as of April 2025
			USD in thousands
			ALE Split
																		YoY % Growth
			Split	Q1 '24	Q2 '24	Q3 '24	Q4 '24	2024			Q1 '25	Q2 '25	Q3 '25	Q4 '25	2025 YTD			Q1 '25	Q2 '25	Q3 '25	Q4 '25	2025 YTE
			Channel	8076266.632935871	7321453.497064923	7655950.963698123	11612185.052239941	34665856.14593886			7957446.090487424	2337012.647211166	0	0	10294458.73769859			-0.014712310507912694	-0.6807993592873267	-1	-1	-0.7030375163861459
			Direct	13713092.068581887	16969044.2868036	13253731.657584196	17795626.358802535	61731494.371772215			13047359.482221827	3453487.899239215	0	0	16500847.381461043			-0.04854722647748584	-0.7964830640506426	-1	-1	-0.7326996932540428
			Total ALE	21789358.701517757	24290497.78386852	20909682.621282317	29407811.411042474	96397350.51771107			21004805.57270925	5790500.546450381	0	0	26795306.11915963			-0.03600625147145139	-0.7616145787553235	-1	-1	-0.7220327532317754
			Channel	0.3706518738604873	0.3014122461470159	0.36614381491882303	0.394867366698347	0.35961420059537536			0.3788393119347047	0.40359423653690385	N/A	N/A	0.3841888833782598
			Direct	0.6293481261395127	0.6985877538529841	0.633856185081177	0.6051326333016531	0.6403857994046247			0.6211606880652952	0.5964057634630962	N/A	N/A	0.6158111166217403
			Channel ALE																					Total ALE						2024 YTD % of Total ALE
																		YoY % Growth
			Brand	Q1 '24	Q2 '24	Q3 '24	Q4 '24	2024	% Total		Q1 '25	Q2 '25	Q3 '25	Q4 '25	2025 YTD	% Total		Q1 '25	Q2 '25	Q3 '25	Q4 '25	2025 YTE		Q1 '23	Q2 '23	Q3 '23	Q4 '23	2023 YTD		Total	Channel	Channel %
	Cyber	DREP	Agari	786243.9066666667	170092.12	204898.03999999998	103778.34575757578	1265012.4124242424	0.03649159585439636		139244.19999999995	33733	0	0	172977.19999999995	0.01680294267114332		-0.8228994860000441	-0.8016780553972753	-1	-1	-0.8632604721494311		0	0	0	0	0		0	172977.19999999995	#DIV/0!
	Cyber	Managed Services	Alert Logic - MDR	812013.6399999999	950474.12	332033.04	326508.9599999999	2421029.76	0.06983902978792081		188423.27999999997	77123	0	0	265546.27999999997	0.02579506963562465		-0.767955523505738	-0.9188583903788985	-1	-1	-0.8903168046971881		0	0	0	0	0		0	265546.27999999997	#DIV/0!
	Tech	Automation	RPA	41303.42735714285	116571.069	49081.07421428572	50465.379	257420.9495714286	0.00742577793226047		43980.13249773755	10475	0	0	54455.13249773755	0.0052897518835372396		0.06480588444754815	-0.910140654196111	-1	-1	-0.7884588158485234		0	0	0	0	0		0	54455.13249773755	#DIV/0!
	Cyber	Infrastructure Protection	BSEC	13400	28471.397142857142	11243.14	66000	119114.53714285714	0.0034360766006008943		2600	50925.880000000005	0	0	53525.880000000005	0.00519948463186187		-0.8059701492537313	0.7886681059055862	-1	-1	-0.5506352013457011		0	0	0	0	0		0	53525.880000000005	#DIV/0!
	Cyber	Data Protection	Data Classification	739342.2661715429	419330.2468624854	681313.195975323	1203312.5705038314	3043298.279513183	0.08778950292475932		1016267.9054222795	144947.12416666668	0	0	1161215.0295889461	0.11280000815745116		0.37455675391684423	-0.6543365873289833	-1	-1	-0.6184353543633921		0	0	0	0	0		0	1161215.0295889461	#DIV/0!
	Cyber	Infrastructure Protection	Cobalt Strike	250133.27421052638	348381.01	464505.3333333333	485020.3940315315	1548040.011575391	0.044656044410336784		370243.7266666666	126197.73000000001	0	0	496441.45666666667	0.04822414362094474		0.48018582427801454	-0.6377594461879538	-1	-1	-0.6793096735520073		0	0	0	0	0		0	496441.45666666667	#DIV/0!
	Cyber	Infrastructure Protection	Core CTS	367536.545075188	212652.21000000002	600389.4600000001	393224.2997297297	1573802.5148049179	0.045399210917492126		383747.94	60483.924999999996	0	0	444231.865	0.04315252276190203		0.0441082530214665	-0.7155734943925578	-1	-1	-0.7177334126606951		0	0	0	0	0		0	444231.865	#DIV/0!
	Tech	Core Solutions	Core IGA	15222.09	0	0	0	15222.09	0.0004391090165469141		0	0	0	0	0	0		-1	N/A	N/A	N/A	-1		0	0	0	0	0		0	0	#DIV/0!
	Cyber	DREP	CTP	574510.4222396901	504889.5009285717	431610.9861145451	420791.71427341714	1931802.623556224	0.055726378584840974		405493.4708333331	37027.41760765551	0	0	442520.8884409886	0.04298631911753307		-0.2941930117602668	-0.9266623339571208	-1	-1	-0.7709285187601831		0	0	0	0	0		0	442520.8884409886	#DIV/0!
	Cyber	Infrastructure Protection	DDI	186754.27	215886.26285714284	291854.14999999997	284464.63000000006	978959.3128571429	0.028239871207445418		323979.7433333334	-10964.980000000007	0	0	313014.7633333334	0.030406140945231492		0.7347916239523381	-1.0507905406063553	-1	-1	-0.6802576376542312		0	0	0	0	0		0	313014.7633333334	#DIV/0!
	Cyber	Data Protection	Digital Guardian	698222.0611428571	534428.0301967033	757332.6825475091	1230901.4150006166	3220884.188887686	0.09291229316039892		1020779.5283833342	90052.80727472526	0	0	1110832.3356580595	0.10790585148397945		0.4619697445716793	-0.8314968486185499	-1	-1	-0.6551157165195439		0	0	0	0	0		0	1110832.3356580595	#DIV/0!
	Tech	Secure File Transfer	MFT	818499.6728106939	990213.7128492314	889371.2519356849	1585974.8555133687	4284059.4931089785	0.12358152861056233		1152285.522314855	817896.4037857138	0	0	1970181.9261005688	0.19138276001687268		0.40780205611806086	-0.17402032190373676	-1	-1	-0.5401133132558832		0	0	0	0	0		0	1970181.9261005688	#DIV/0!
	Tech	IBM & Power	Cybersecurity	107237.69202488687	491040.75600000005	315112.7776538462	155709.82327842226	1069101.0489571553	0.03084017439108892		152336.56133333323	30319.061636363636	0	0	182655.62296969688	0.017743101179356506		0.42055054017742355	-0.9382555088026876	-1	-1	-0.8291502724201173		0	0	0	0	0		0	182655.62296969688	#DIV/0!
	Tech	Core Solutions	BoKS	0	0	0	0	0	0		0	0	0	0	0	0		N/A	N/A	N/A	N/A	N/A		0	0	0	0	0		0	0	#DIV/0!
	Tech	Core Solutions	Globalscape	323114.02441935503	409507.97945454536	253712.15494689211	775256.6204578757	1761590.779278668	0.05081630673890169		593644.2632740672	213712.84185897443	0	0	807357.1051330416	0.07842637730689785		0.8372593524557239	-0.47812288751092297	-1	-1	-0.5416886176801877		0	0	0	0	0		0	807357.1051330416	#DIV/0!
	Tech	Core Solutions	Network Monitoring	895058.7328571429	22884.103333333336	18490.207166666667	13230.798346153844	949663.8417032968	0.02739478978119949		22583.561230769235	4893.72	0	0	27477.281230769237	0.0026691331648303817		-0.974768626457976	-0.7861519881851026	-1	-1	-0.9710663078616465		0	0	0	0	0		0	27477.281230769237	#DIV/0!
	Tech	IBM & Power	ASM	0	7918.870071428572	21579.60249999999	33349.71333333332	62848.18590476188	0.001812970827553747		33428.454715447144	1024.05	0	0	34452.50471544715	0.0033467038523629323		N/A	-0.8706823081117606	-1	-1	-0.451813855571657		0	0	0	0	0		0	34452.50471544715	#DIV/0!
	Tech	IBM & Power	IPP	0	0	0	0	0	0		0	0	0	0	0	0		N/A	N/A	N/A	N/A	N/A		0	0	0	0	0		0	0	#DIV/0!
	Tech	IBM & Power	SM	65491.19599999999	27319.342333333334	50289.425333333325	265704.31660989	408804.2802765567	0.011792706880093852		46016.85647619048	5359.348	0	0	51376.204476190476	0.004990665928656294		-0.2973581292332715	-0.8038258778484261	-1	-1	-0.8743256688960438		0	0	0	0	0		0	51376.204476190476	#DIV/0!
	Tech	Automation	WLA	37478	4720.54	2168.74	14106.24	58473.52	0.0016867755913436532		108238.70785714287	41965.12999999998	0	0	150203.83785714285	0.014590746505893716		1.8880598713149814	7.889900308015605	-1	-1	1.5687497153778815		0	0	0	0	0		0	150203.83785714285	#DIV/0!
	Cyber	Infrastructure Protection	Outflank	155567.43	242721.97789473683	311509.51065934065	493325.5592307693	1203124.477784847	0.03470632523021633		518589.96666666673	114563.55	0	0	633153.5166666667	0.06150430370351		2.3335381748394686	-0.5280050410198796	-1	-1	-0.4737423031801264
	Cyber	DREP	PhishLabs	88865.98999999999	366661.0025	129874.15	169097.6719230769	754498.8144230768	0.021764897749726213		156289.39	57370.78	0	0	213660.17	0.020754871668732855		0.7587087028457122	-0.843531819285854	-1	-1	-0.7168184151974127		0	0	0	0	0		0	213660.17	#DIV/0!
	Tech	IBM & Power	PowertechX	69688.1	14188.186153846149	39985.63	43017.333333333336	166879.2494871795	0.004813937056238829		7810	36105	0	0	43915	0.004265887223306072		-0.8879292160354494	1.5447227438732622	-1	-1	-0.7368456525604535		0	0	0	0	0		0	43915	#DIV/0!
	Tech	IBM & Power	Doc Mgmt	22835.655	6600	55901.75	17048.58	102385.985	0.0029535109292835016		22047.2	38591.659999999996	0	0	60638.86	0.005890436937489369		-0.03452736521023803	4.8472212121212115	-1	-1	-0.40774257336099273		0	0	0	0	0		0	60638.86	#DIV/0!
	Tech	IBM & Power	BI	8905.4	34767.555	28816.799000000006	41379.269499999995	113869.02350000001	0.0032847601692173973		9113.943	0	0	0	9113.943	0.0008853251280346079		0.02341758932782353	-1	-1	-1	-0.9199611736373589		0	0	0	0	0		0	9113.943	#DIV/0!
	Tech	Core Solutions	Cap Mgmt	0	37523.00022972973	23521.5	0	61044.50022972973	0.0017609402165848773		0	0	0	0	0	0		N/A	-1	-1	N/A	-1		0	0	0	0	0		0	0	#DIV/0!
	Cyber	DREP	Terranova	260632.33442232286	347721.33216666646	281624.5643597909	430115.1081483517	1320093.339097132	0.038080505888552336		205567.66540201835	77161.23485714283	0	0	282728.9002591612	0.027464183155526185		-0.21127336000865857	-0.7780946185373561	-1	-1	-0.7858265837076858
	Cyber	File Integrity Management	Tripwire	722553.4425378566	816489.1720903174	1394650.547957561	2998401.4542686464	5932094.616854381	0.17112211485217668		1021834.0710802581	278048.96302392345	0	0	1299883.0341041815	0.12627016798308913		0.414198605837687	-0.6594578684833231	-1	-1	-0.7808728420462262		0	0	0	0	0		0	1299883.0341041815	#DIV/0!
	Cyber	Data Protection	Vera	15657.060000000001	0	15081.25	12000	42738.31	0.0012328646902611364		12900	0	0	0	12900	0.0012531013362324565		-0.17609053040609163	N/A	-1	-1	-0.6981630766401385		0	0	0	0	0		0	12900	#DIV/0!
			Total	8076266.632935871	7321453.497064928	7655950.963698112	11612185.052239921	34665856.145938836	1		7957446.090487434	2337012.6472111656	0	0	10294458.737698598	1.0000000000000002		-0.01471231050791154	-0.6807993592873269	-1	-1	-0.7030375163861454		0	0	0	0	0		0	10294458.737698598	#DIV/0!
			Top 20 Partner ALE
																		YoY % Growth
			Partner	Q1 '24	Q2 '24	Q3 '24	Q4 '24	2024	% Total		Q1 '25	Q2 '25	Q3 '25	Q4 '25	2025 YTD	% Total		Q1 '25	Q2 '25	Q3 '25	Q4 '25	2025 YTE
			Carahsoft	254069.6566538461	318603.73850000004	954462.9846778711	476960.8503333332	2004097.2301650506	0.2146738533167328		1095399.0433333332	141028.08900000004	0	0	1236427.1323333331	0.19811532171587962		3.311412302279549	-0.5573558249380052	-1	-1	-0.3830503262401569
			BlueFinch B.V.	218960.82801879695	529098.5753333335	134871.73209437623	406204.475730123	1289135.6111766296	0.13808896341636917		233672.33977655647	397622.0449999987	0	0	631294.3847765552	0.10115362795493692		0.06718787050118662	-0.2484915599149066	-1	-1	-0.5102963727762082
			Infinigate Global Services Limited	0	0	0	76836.7235	76836.7235	0.008230556512779022		566301.3213333333	12191.838	0	0	578493.1593333333	0.09269317647168973		N/A	N/A	N/A	-1	6.528862931451434
			Optiv	196585.05916666667	212009.04085087715	201556.4069230769	1270533.0550000006	1880683.5619406214	0.20145409166499442		552314.3772413793	24373.016666666666	0	0	576687.3939080461	0.09240383487701034		1.8095440191775813	-0.8850378428728889	-1	-1	-0.6933628784881921
			Climb Channel Solutions - US	37434.84699999998	321431.7329999998	187486.19849999997	475861.06036363624	1022213.8388636359	0.10949697469741723		262035.96871836853	139385.04600000003	0	0	401421.01471836853	0.06432053405716129		5.999787356373292	-0.5663618999310186	-1	-1	-0.6073023085222402
			Starlink DMCC (UAE)	0	0	0	136668.89230769232	136668.89230769232	0.014639627907576927		295940.04324324324	90541.375	0	0	386481.41824324324	0.06192673107065668		N/A	N/A	N/A	-1	1.8278667640996924
			Emerging Modern Technologies for Publication	0	0	0	0	0	0		303820	10000	0	0	313820	0.050284039095411896		N/A	N/A	N/A	N/A	N/A
			HANDD Business Solutions	110312.5138704038	56961.662500000006	99517.36274812033	149965.1409838787	416756.6801024028	0.04464192708140392		223100.87823243457	67557.89899999998	0	0	290658.77723243454	0.04657286762405314		1.0224439676402954	0.18602400342511016	-1	-1	-0.302569602097282
			SHI International	209858.07499999998	150565.54000000004	90164.0735	141826.94999999998	592414.6385	0.06345796565846284		148261.16217205342	89608.7196923077	0	0	237869.88186436112	0.038114391814698056		-0.2935170010872661	-0.40485240054060395	-1	-1	-0.598473997086483
			CyberKnight Technologies	125304.65279625778	82624.43974358976	76084.72512820513	327435.6342832836	611449.4519513363	0.06549692698691446		191556.15956937798	21931.25	0	0	213487.40956937798	0.03420753696120328		0.5287234375952782	-0.7345670352735857	-1	-1	-0.650850272433691
			PT TTI Group Distribution	0	40501.98609230769	9450	91017.96791208792	140969.9540043956	0.015100346815764958		189372.2857142857	12500	0	0	201872.2857142857	0.03234642121960775		N/A	-0.6913731595405872	-1	-1	0.43202349138874724
			Pro2col	93262.59400000003	15030.726176470587	54513.03438061938	64505.73977272726	227312.09432981728	0.02434909966482		122802.38538084443	73854.45999999998	0	0	196656.8453808444	0.0315107402380688		0.3167378271812211	3.9135656609600997	-1	-1	-0.13485973563946757
			SHI	0	0	0	60746.47500000001	60746.47500000001	0.006507009573874114		104594.4	27216.308181818185	0	0	131810.7081818182	0.021120307193322523		N/A	N/A	N/A	-1	1.1698494963175752
			Advania Norge AS	0	0	0	0	0	0		124019.27333333335	0	0	0	124019.27333333335	0.019871869188955157		N/A	N/A	N/A	N/A	N/A
			Satcom Infotech Pvt Ltd	0	20085	270740.86933333334	13239.321428571428	304065.19076190476	0.03257069825647616		112094.5	11421	0	0	123515.5	0.0197911485274659		N/A	-0.4313666915608663	-1	-1	-0.5937861230004535
			Trace3	0	0	0	0	0	0		1551.999304347826	119867.7	0	0	121419.69930434783	0.019455333970980124		N/A	N/A	N/A	N/A	N/A
			iSecurity Inc.	18022	13321.810384615383	40031.20402298851	167568.53937062938	238943.55377823327	0.025595032338098102		112333.38461538461	8936.725274725275	0	0	121270.10989010989	0.019431364944296675		5.233125325456919	-0.3291658553370643	-1	-1	-0.49247381662925166
			ThunderCat Technology HQ	0	0	1070.2749999999999	0	1070.2749999999999	0.00011464516536437901		100709.7	19785.78	0	0	120495.48	0.019307244366644643		N/A	N/A	-1	N/A	111.58366307724651
			CDW	30829.699818181816	21585.125	279765.129	0	332179.9538181818	0.035582280942951336		98888.67000000001	19913.4	0	0	118802.07	0.01903590571823294		2.2075781010907027	-0.07744801107243987	-1	N/A	-0.6423562932246474
			Tesla Consulting Pte. Ltd.	0	0	0	0	0	0		114444.00000000004	0	0	0	114444.00000000004	0.018337602989724432		N/A	N/A	N/A	N/A	N/A
			Top 20	1294639.926324153	1781819.3775811938	2399713.995308591	3859370.8259859644	9335544.125199903	0.9999999999999999		4953211.891968277	1287734.6518155164	0	0	6240946.543783793	0.9999999999999997		2.825937846696756	-0.27729226204532226	-1	-1	-0.3314855074234727
			% of Total Channel	0.16030178115275123	0.24336962302574225	0.31344427448493467	0.3323552637702337	0.269300838435908			0.6224625131786307	0.5510174082079584	N/A	N/A	0.6062432909589769
			Other Partners	6781626.706611718	5539634.119483734	5256236.968389521	7752814.226253957	25330312.020738933			3004234.1985191563	1049277.9953956492	0	0	4053512.1939148046
			Total Channel ALE	8076266.632935871	7321453.497064928	7655950.963698112	11612185.052239921	34665856.145938836			7957446.090487434	2337012.6472111656	0	0	10294458.737698598			-0.01471231050791154	-0.6807993592873269	-1	-1	-0.7030375163861454
			ALE by Region																					Total ALE						2024 YTD % of Total ALE
																		YoY % Growth
			Region	Q1 '24	Q2 '24	Q3 '24	Q4 '24	2024	% Total		Q1 '25	Q2 '25	Q3 '25	Q4 '25	2025 YTD	% Total		Q1 '25	Q2 '25	Q3 '25	Q4 '25	2025 YTE		Q1 '23	Q2 '23	Q3 '23	Q4 '23	2023 YTD		Total	Channel	Channel %
			NA	4105288.721401815	3331720.7379247607	3237346.782790024	5151862.861077896	15826219.103194498	0.4565362250558052		3157525.9063890986	914550.0043979351	0	0	4072075.910787034	0.3955599817866069		-0.23086386350168517	-0.7255022025142528	-1	-1	-0.7427006485734111		0	0	0	0	0		0	4072075.910787034	#DIV/0!
			EMEA	2779459.9484520946	2805942.695772544	3168047.038903979	4987294.211947597	13740743.895076215	0.39637687981019243		3503509.8495654436	1051614.6048630686	0	0	4555124.454428513	0.44248314267825645		0.26050021030760984	-0.6252187878079479	-1	-1	-0.6684950618968474		0	0	0	0	0		0	4555124.454428513	#DIV/0!
			APAC	1065170.3272378026	1003748.6219390508	1064779.3410041053	1146151.98271443	4279850.272895388	0.12346010595779792		1193084.442032887	330769.43795016385	0	0	1523853.8799830507	0.14802661497905226		0.1200879441758305	-0.6704658609531334	-1	-1	-0.6439469180420326		0	0	0	0	0		0	1523853.8799830507	#DIV/0!
			LATAM	126347.63584415584	180041.44142857144	185777.80099999998	326875.9964999999	819042.8747727271	0.023626789176204425		103325.8925	40078.6	0	0	143404.4925	0.013930260556084284		-0.18220953000301587	-0.7773923621029187	-1	-1	-0.8249121054379568		0	0	0	0	0		0	143404.4925	#DIV/0!
			Total	8076266.632935868	7321453.497064927	7655950.963698109	11612185.052239923	34665856.14593883	1		7957446.090487429	2337012.6472111675	0	0	10294458.737698598	0.9999999999999999		-0.014712310507911662	-0.6807993592873267	-1	-1	-0.7030375163861454		0	0	0	0	0		0	10294458.737698598	#DIV/0!
			Tech vs. Cyber	Q1 '24	Q2 '24	Q3 '24	Q4 '24	2024	% Total		Q1 '25	Q2 '25	Q3 '25	Q4 '25	2025 YTD	% Total		Q1 '25	Q2 '25	Q3 '25	Q4 '25	2025 YTE
			Tech	2404833.9904692215	2163255.114425448	1748030.9127507089	2995242.9293723777	9311362.947017755	0.2686032881408757		2191485.2026995425	1200342.2152810516	0	0	3391827.417980594	0.3294808891272376		-0.08871663849364139	-0.4451222108401866	-1	-1	-0.6357324446184401
			Cyber	5671432.64246665	5158198.382639481	5907920.050947404	8616942.122867545	25354493.19892108	0.7313967118591244		5765960.88778789	1136670.4319301136	0	0	6902631.319718003	0.6705191108727624		0.016667436833055042	-0.7796380930683646	-1	-1	-0.7277551057493931
			Total	8076266.632935872	7321453.4970649285	7655950.963698112	11612185.052239923	34665856.145938836	1		7957446.090487432	2337012.647211165	0	0	10294458.737698598	1		-0.014712310507911884	-0.680799359287327	-1	-1	-0.7030375163861454

===== SHEET: ALE vs Plan (63r x 87c) =====
			Channel ALE vs Plan 2025 YTD
			as of April 2025
			USD in thousands
			Note: Includes: Alert Logic. Excludes: Terranova and Outflank
				1	1	1	1	0	0	0	0	0	0	0	0					1	1	1	1	0	0	0	0	0	0	0	0					1	1	1	1	0	0	0	0	0	0	0	0				1	1	1	1	0	0	0	0	0	0	0	0					1	1	1	1	0	0	0	0	0	0	0	0
				2025-01-01 00:00:00	2025-02-01 00:00:00	2025-03-01 00:00:00	2025-04-01 00:00:00	2025-05-01 00:00:00	2025-06-01 00:00:00	2025-07-01 00:00:00	2025-08-01 00:00:00	2025-09-01 00:00:00	2025-10-01 00:00:00	2025-11-01 00:00:00	2025-12-01 00:00:00
				Actuals																Total Brand ALE Plan																% of plan to Channel															Channel ALE Plan																Variance to Plan
			Brand	January	February	March	April	May	June	July	August	September	October	November	December	YTD	2025	% Total		January	February	March	April	May	June	July	August	September	October	November	December	YTD	2025	% Total		January	February	March	April	May	June	July	August	September	October	November	December	YTD	2025		January	February	March	April	May	June	July	August	September	October	November	December	YTD	2025	% Total		January	February	March	April	May	June	July	August	September	October	November	December	YTD ($)	YTD (%)	2025
	Cyber	DREP	Agari	4240	0	135004.19999999995	33733	0	0	0	0	0	0	0	0	172977.19999999995	172977.19999999995	0.016802942671143312		95.23035873389955	210.36001990395232	295.009621362148	184.25241299975212	163.00938090689772	335.23820609335	191.6225095197422	169.5297561431736	348.64773433708393	198.9926060397323	176.0501313794495	362.0572625808181	784.852412999752	2729.999999999999	0.03673096303662404		0.45	0.45	0.45	0.45	0.45	0.45	0.45	0.45	0.45	0.45	0.45	0.45	0.6	0.6		42.853661430254796	94.66200895677855	132.7543296129666	82.91358584988846	73.35422140810398	150.8571927420075	86.230129283884	76.28839026442813	156.89148045168778	89.54667271787953	79.22255912075228	162.92576816136813	353.1835858498884	1228.4999999999998	0.06018275860141534		4197.146338569745	-94.66200895677855	134871.44567038698	33650.086414150115	-73.35422140810398	-150.8571927420075	-86.230129283884	-76.28839026442813	-156.89148045168778	-89.54667271787953	-79.22255912075228	-162.92576816136813	172624.01641415004	489.7656825805021	171748.69999999995
	Cyber	Managed Services	Alert Logic - MDR	118200	55703.04	14520.24	77123	0	0	0	0	0	0	0	0	265546.28	265546.28	0.025795069635624647		960.1857202156541	1169.9838352664547	1769.83044451789	704.1361948248131	857.9881458620666	1297.8756593131195	704.1361948248131	857.9881458620666	1297.8756593131195	832.1609575202336	1013.9859905642606	1533.853051915505	4604.136194824812	12999.999999999996	0.17490934779344783		0	0	0	0	0	0	0	0	0	0	0	0	0.6	0.6		0	0	0	0	0	0	0	0	0	0	0	0	0	0	0		118200	55703.04	14520.24	77123	0	0	0	0	0	0	0	0	265546.28	NA	265546.28
	Tech	Automation	RPA	12270	14412.332497737556	17297.8	10475	0	0	0	0	0	0	0	0	54455.132497737555	54455.132497737555	0.005289751883537238		170.43670562603907	200.46493870584212	273.8308915656871	188.1905291287515	221.3467031543674	302.35494277044626	177.53823502712402	208.8176444852522	285.24051204759087	173.9874703265816	204.6412915955472	279.53570180663905	832.9230650263198	2686.3855662398682	0.03614414979328827		0.15	0.15	0.15	0.15	0.15	0.15	0.15	0.15	0.15	0.15	0.15	0.15	0.6	0.6		25.56550584390586	30.069740805876314	41.074633734853066	28.228579369312726	33.202005473155104	45.353241415566934	26.6307352540686	31.32264667278783	42.78607680713863	26.098120548987236	30.696193739332077	41.930355270995854	124.93845975394797	402.95783493598026	0.019740426623118496		12244.434494156094	14382.26275693168	17256.725366265146	10446.771420630686	-33.202005473155104	-45.353241415566934	-26.6307352540686	-31.32264667278783	-42.78607680713863	-26.098120548987236	-30.696193739332077	-41.930355270995854	54330.1940379836	435.85564128916525	54052.174662801575
	Cyber	Infrastructure Protection	BSEC	-7500	0	10100	50925.880000000005	0	0	0	0	0	0	0	0	53525.880000000005	53525.880000000005	0.005199484631861868		24.068509764885707	27.610376493575703	34.10972626469417	26.742788627650793	30.678196103973008	37.89969584966019	41.45132237285872	47.55120396115816	58.74452856697328	41.45132237285872	47.551203961158166	58.744528566973294	112.53140115080637	476.60340290641994	0.006412491566038444		0.35	0.35	0.35	0.35	0.35	0.35	0.35	0.35	0.35	0.35	0.35	0.35	0.33	0.33		8.423978417709996	9.663631772751495	11.938404192642958	9.359976019677777	10.737368636390553	13.264893547381066	14.507962830500551	16.642921386405355	20.560584998440646	14.507962830500551	16.64292138640536	20.560584998440653	39.38599040278223	166.81119101724695	0.008171882491661016		-7508.42397841771	-9.663631772751495	10088.061595807358	50916.52002398032	-10.737368636390553	-13.264893547381066	-14.507962830500551	-16.642921386405355	-20.560584998440646	-14.507962830500551	-16.64292138640536	-20.560584998440653	53486.49400959722	1359.008100408691	53359.06880898276
	Cyber	Data Protection	Data Classification	58778.05272727272	196331.4791052632	761158.3735897436	144947.12416666668	0	0	0	0	0	0	0	0	1161215.0295889464	1161215.0295889464	0.11280000815745113		0	0	0	0	0	0	0	0	0	0	0	0	0	0	0		0.75	0.75	0.75	0.75	0.75	0.75	0.75	0.75	0.75	0.75	0.75	0.75	0.6	0.6		0	0	0	0	0	0	0	0	0	0	0	0	0	0	0		58778.05272727272	196331.4791052632	761158.3735897436	144947.12416666668	0	0	0	0	0	0	0	0	1161215.0295889464	NA	1161215.0295889464
	Cyber	Infrastructure Protection	Cobalt Strike	205596.16666666666	66915.5	97732.06	126197.73000000001	0	0	0	0	0	0	0	0	496441.45666666667	496441.45666666667	0.04822414362094472		218.95166274387748	251.17208756616077	310.2967883906609	243.27962527097495	279.08009729573416	344.77420932295655	377.0834191700112	432.574150808388	534.4000244505827	377.0834191700112	432.57415080838814	534.4000244505826	1023.7001639716741	4335.669659448328	0.05833455018322672		0.15	0.15	0.15	0.15	0.15	0.15	0.15	0.15	0.15	0.15	0.15	0.15	0.25	0.25		32.84274941158162	37.67581313492411	46.54451825859913	36.49194379064624	41.862014594360126	51.71613139844348	56.56251287550168	64.8861226212582	80.1600036675874	56.56251287550168	64.88612262125822	80.16000366758739	153.55502459575112	650.3504489172493	0.03185989749573376		205563.32391725507	66877.82418686508	97685.5154817414	126161.23805620936	-41.862014594360126	-51.71613139844348	-56.56251287550168	-64.8861226212582	-80.1600036675874	-56.56251287550168	-64.88612262125822	-80.16000366758739	496287.9016420709	3232.9873800847495	495791.1062177494
	Cyber	Infrastructure Protection	Core CTS	255365.97999999998	8099.439999999999	120282.52000000002	60483.924999999996	0	0	0	0	0	0	0	0	444231.865	444231.865	0.04315252276190201		133.7571068057582	153.44049605374215	189.55965050059413	148.61900756195354	170.48944005971353	210.6218338895491	230.35946172102803	264.2586320925559	326.463842528801	230.35946172102803	264.25863209255607	326.4638425288011	625.376260922048	2648.651407556081	0.0356364530944486		0.5	0.5	0.5	0.5	0.5	0.5	0.5	0.5	0.5	0.5	0.5	0.5	0.15	0.15		66.8785534028791	76.72024802687108	94.77982525029707	74.30950378097677	85.24472002985677	105.31091694477455	115.17973086051401	132.12931604627795	163.2319212644005	115.17973086051401	132.12931604627803	163.23192126440054	312.688130461024	1324.3257037780404	0.0648771462272066		255299.1014465971	8022.719751973128	120187.74017474972	60409.61549621902	-85.24472002985677	-105.31091694477455	-115.17973086051401	-132.12931604627795	-163.2319212644005	-115.17973086051401	-132.12931604627803	-163.23192126440054	443919.17686953896	1420.6866897858558	442907.539296222
	Tech	Core Solutions	Core IGA	0	0	0	0	0	0	0	0	0	0	0	0	0	0	0		17.7797859015286	24.72482614680411	33.44780640087839	23.59176828278011	28.152976819537987	40.71906866193892	22.74920512982367	27.147513361697342	39.26481620972681	18.536389365041508	22.120196072494128	31.993553948666282	99.54418673199122	330.2279063009178	0.004443072901099181		0	0	0	0	0	0	0	0	0	0	0	0	0.0767985400772534	0.0767985400772534		0	0	0	0	0	0	0	0	0	0	0	0	0	0	0		0	0	0	0	0	0	0	0	0	0	0	0	0	NA	0
	Cyber	DREP	CTP	97283.47228571428	12062.638456140341	296147.36009147845	37027.41760765551	0	0	0	0	0	0	0	0	442520.8884409886	442520.8884409886	0.042986319117533055		136.0433696198565	300.5143141485033	421.44231623163995	263.21773285678876	232.870544152711	478.9117229904999	273.7464421710604	242.18536591881949	498.06819191011994	284.2751514853319	251.50018768492785	517.2246608297402	1121.2177328567886	3899.9999999999995	0.052472804338034355		0.65	0.65	0.65	0.65	0.65	0.65	0.65	0.65	0.65	0.65	0.65	0.65	0.15	0.15		88.42819025290672	195.33430419652714	273.93750555056596	171.0915263569127	151.36585369926215	311.29261994382495	177.93518741118925	157.42048784723266	323.74432474157794	184.77884846546573	163.4751219952031	336.1960295393311	728.7915263569125	2534.999999999999	0.12418664473307925		97195.04409546137	11867.304151943814	295873.4225859279	36856.3260812986	-151.36585369926215	-311.29261994382495	-177.93518741118925	-157.42048784723266	-323.74432474157794	-184.77884846546573	-163.4751219952031	-336.1960295393311	441792.09691463166	607.1981800516598	439985.8884409886
	Cyber	Infrastructure Protection	DDI	103097.62	70245.58	150636.54333333333	-10964.980000000007	0	0	0	0	0	0	0	0	313014.76333333337	313014.76333333337	0.030406140945231475		125.75279251274831	144.25828521635418	178.2159914150005	139.72532501416478	160.28698357372687	198.01776823888946	216.5742537719554	248.44482453927665	306.9275407702786	216.5742537719554	248.4448245392767	306.92754077027865	587.9523941582678	2490.1503841339054	0.03350389073818962		0.45	0.45	0.45	0.45	0.45	0.45	0.45	0.45	0.45	0.45	0.45	0.45	0.15	0.15		56.58875663073674	64.91622834735938	80.19719613675022	62.87639625637415	72.12914260817709	89.10799570750027	97.45841419737994	111.80017104267449	138.11739334662536	97.45841419737994	111.80017104267452	138.1173933466254	264.5785773712205	1120.5676728602575	0.05489528184965295		103041.03124336926	70180.66377165265	150556.34613719658	-11027.85639625638	-72.12914260817709	-89.10799570750027	-97.45841419737994	-111.80017104267449	-138.11739334662536	-97.45841419737994	-111.80017104267452	-138.1173933466254	312750.1847559621	1183.0691904210894	311894.1956604731
	Cyber	Data Protection	Digital Guardian	198082.961996337	545648.8023745231	277047.764012474	90052.80727472526	0	0	0	0	0	0	0	0	1110832.3356580592	1110832.3356580592	0.10790585148397938		531.1742066421098	691.5962417936747	1722.391047856564	632.3502460025118	823.3288592781844	2050.4655331625763	581.7622263223108	757.4625505359297	1886.4282905095697	784.1143050431145	1020.9277855049488	2542.577261121595	3577.5117422948606	14024.578553773092	0.188694606762956		0	0	0	0	0	0	0	0	0	0	0	0	0.15	0.15		0	0	0	0	0	0	0	0	0	0	0	0	0	0	0		198082.961996337	545648.8023745231	277047.764012474	90052.80727472526	0	0	0	0	0	0	0	0	1110832.3356580592	NA	1110832.3356580592
	Tech	Secure File Transfer	MFT	435210.81853873294	301924.7204102564	415149.98336586636	817896.4037857138	0	0	0	0	0	0	0	0	1970181.9261005698	1970181.9261005698	0.1913827600168727		716.6293430170105	898.2255415001616	1282.6451154828283	905.2160122320133	1134.6006840002044	1620.1833037677832	942.9333460750139	1181.8757125002128	1687.690941424774	1206.9546829760181	1512.8009120002725	2160.2444050237114	3802.716012232014	15250.000000000005	0.2051821195269293		0.33	0.33	0.33	0.33	0.33	0.33	0.33	0.33	0.33	0.33	0.33	0.33	0.15	0.15		236.48768319561347	296.41442869505335	423.27288810933334	298.7212840365644	374.4182257200675	534.6604902433685	311.1680042047546	390.01898512507023	556.9380106701755	398.295045382086	499.22430096009	712.8806536578247	1254.8962840365646	5032.500000000002	0.24653620892276992		434974.3308555373	301628.30598156137	414726.71047775703	817597.6825016773	-374.4182257200675	-534.6604902433685	-311.1680042047546	-390.01898512507023	-556.9380106701755	-398.295045382086	-499.22430096009	-712.8806536578247	1968927.029816533	1569.9958244861323	1965149.4261005698
	Tech	IBM & Power	Cybersecurity	37788.75333333333	66504.68	48043.128	30319.061636363636	0	0	0	0	0	0	0	0	182655.62296969694	182655.62296969694	0.017743101179356506		0	0	0	0	0	0	0	0	0	0	0	0	0	0	0		0.15	0.15	0.15	0.15	0.15	0.15	0.15	0.15	0.15	0.15	0.15	0.15	0.15	0.15		0	0	0	0	0	0	0	0	0	0	0	0	0	0	0		37788.75333333333	66504.68	48043.128	30319.061636363636	0	0	0	0	0	0	0	0	182655.62296969694	NA	182655.62296969694
	Tech	Core Solutions	BoKS	0	0	0	0	0	0	0	0	0	0	0	0	0	0	0		47.45902182383807	65.99719873965945	89.2811748538728	62.97276311404465	75.14785322412621	108.69012590906259	60.723735859971626	72.46400132326455	104.80833569802458	49.4785995896065	59.044741818956304	85.39938464283485	265.710158531415	881.4669365972622	0.011859754383208894		0	0	0	0	0	0	0	0	0	0	0	0	0.15	0.15		0	0	0	0	0	0	0	0	0	0	0	0	0	0	0		0	0	0	0	0	0	0	0	0	0	0	0	0	NA	0
	Tech	Core Solutions	Globalscape	185967.12070850207	126533.8076930618	281143.334872504	213712.84185897443	0	0	0	0	0	0	0	0	807357.1051330423	807357.1051330423	0.07842637730689789		341.440395812329	474.811928147572	642.3267591533935	453.0528514234049	540.6456299190836	781.9630111432621	436.87239244399757	521.3368574219734	754.035760745288	355.97009754696086	424.79299493642264	614.39950875542	1911.6319345366994	6341.648187449107	0.0853241191078634		0.25	0.25	0.25	0.25	0.25	0.25	0.25	0.25	0.25	0.25	0.25	0.25	0.15	0.15		85.36009895308224	118.702982036893	160.58168978834837	113.26321285585122	135.1614074797709	195.49075278581552	109.21809811099939	130.33421435549334	188.508940186322	88.99252438674021	106.19824873410566	153.599877188855	477.90798363417485	1585.4120468622768	0.07766745665452846		185881.760609549	126415.1047110249	280982.7531827157	213599.57864611858	-135.1614074797709	-195.49075278581552	-109.21809811099939	-130.33421435549334	-188.508940186322	-88.99252438674021	-106.19824873410566	-153.599877188855	806879.197149408	1689.3568067091583	805771.69308618
	Tech	Core Solutions	Network Monitoring	5264.549230769231	14419.312	2899.7000000000003	4893.72	0	0	0	0	0	0	0	0	27477.281230769233	27477.281230769233	0.0026691331648303804		27.34953408513276	38.03265569091379	51.450671357920996	36.289743552141175	43.30596574043723	62.63559991399079	34.99368128242186	41.75932410685018	60.39861420277681	28.51336993382521	34.02611593891496	49.21368564670703	153.12260468610873	507.9689614520328	0.006834501518991547		0.2	0.2	0.2	0.2	0.2	0.2	0.2	0.2	0.2	0.2	0.2	0.2	0.15	0.15		5.469906817026552	7.606531138182759	10.2901342715842	7.257948710428235	8.661193148087447	12.527119982798158	6.9987362564843725	8.351864821370036	12.079722840555362	5.702673986765042	6.8052231877829925	9.842737129341407	30.624520937221746	101.59379229040655	0.004976959443887562		5259.0793239522045	14411.705468861817	2889.409865728416	4886.462051289572	-8.661193148087447	-12.527119982798158	-6.9987362564843725	-8.351864821370036	-12.079722840555362	-5.702673986765042	-6.8052231877829925	-9.842737129341407	27446.65670983201	897.2313815813104	27375.687438478828
	Tech	IBM & Power	ASM	8671.300000000007	15050.928048780488	9706.226666666667	1024.05	0	0	0	0	0	0	0	0	34452.50471544717	34452.50471544717	0.003346703852362933		0	0	0	0	0	0	0	0	0	0	0	0	0	0	0		0	0	0	0	0	0	0	0	0	0	0	0	0.15	0.15		0	0	0	0	0	0	0	0	0	0	0	0	0	0	0		8671.300000000007	15050.928048780488	9706.226666666667	1024.05	0	0	0	0	0	0	0	0	34452.50471544717	NA	34452.50471544717
	Tech	IBM & Power	IPP	0	0	0	0	0	0	0	0	0	0	0	0	0	0	0		0	0	0	0	0	0	0	0	0	0	0	0	0	0	0		0	0	0	0	0	0	0	0	0	0	0	0	0.15	0.15		0	0	0	0	0	0	0	0	0	0	0	0	0	0	0		0	0	0	0	0	0	0	0	0	0	0	0	0	NA	0
	Tech	IBM & Power	SM	24952.368142857147	4523.015	16541.473333333335	5359.348	0	0	0	0	0	0	0	0	51376.20447619048	51376.20447619048	0.004990665928656293		30.037729540865108	30.037729540865108	30.037729540865108	30.037729540865108	30.037729540865108	30.037729540865108	30.037729540865108	30.037729540865108	30.037729540865108	30.037729540865108	30.037729540865108	30.037729540865108	120.15091816346043	360.45275449038127	0.004849735092174182		0	0	0	0	0	0	0	0	0	0	0	0	0.15	0.15		0	0	0	0	0	0	0	0	0	0	0	0	0	0	0		24952.368142857147	4523.015	16541.473333333335	5359.348	0	0	0	0	0	0	0	0	51376.20447619048	NA	51376.20447619048
	Tech	Automation	WLA	89087.49285714288	8911.810000000001	10239.404999999999	41965.12999999998	0	0	0	0	0	0	0	0	150203.83785714285	150203.83785714285	0.01459074650589371		210.23100142525925	247.27035564306118	337.76610703411103	232.1300640737238	273.02768435588	372.95007651683096	218.99062648464505	257.57328712818867	351.839694827199	214.61081395495214	252.42182138562487	344.802900930655	1027.3975281761552	3313.6144337601304	0.044583241495995345		0.04867139650918604	0.04867139650918604	0.04867139650918604	0.04867139650918604	0.04867139650918604	0.04867139650918604	0.04867139650918604	0.04867139650918604	0.04867139650918604	0.04867139650918604	0.04867139650918604	0.04867139650918604	0.15	0.15		10.232236428892048	12.03499352447088	16.43954812282139	11.298094390234972	13.288638683269927	18.152001052281953	10.658579613429216	12.536451587990495	17.124529294605615	10.445408021160631	12.285722556230684	16.782038708713504	50.00487246641929	161.27824198410136	0.007900829877891593		89077.26062071399	8899.775006475531	10222.965451877177	41953.831905609746	-13.288638683269927	-18.152001052281953	-10.658579613429216	-12.536451587990495	-17.124529294605615	-10.445408021160631	-12.285722556230684	-16.782038708713504	150153.83298467644	3003.784040405503	150042.55961515874
	Cyber	Infrastructure Protection	Outflank	281915.41000000003	87254.78666666668	149419.76999999996	114563.55	0	0	0	0	0	0	0	0	633153.5166666667	633153.5166666667	0.061504303703509976
	Cyber	DREP	PhishLabs	56030.590000000004	0	100258.79999999999	57370.78	0	0	0	0	0	0	0	0	213660.16999999998	213660.16999999998	0.020754871668732845		265.4907078794052	265.4907078794052	265.4907078794052	265.4907078794052	265.4907078794052	265.4907078794052	265.4907078794052	265.4907078794052	265.4907078794052	265.4907078794052	265.4907078794052	265.4907078794052	1061.9628315176208	3185.888494552863	0.04286474451729929		0.05	0.05	0.05	0.05	0.05	0.05	0.05	0.05	0.05	0.05	0.05	0.05	0.15	0.15		13.274535393970261	13.274535393970261	13.274535393970261	13.274535393970261	13.274535393970261	13.274535393970261	13.274535393970261	13.274535393970261	13.274535393970261	13.274535393970261	13.274535393970261	13.274535393970261	53.098141575881044	159.2944247276432	0.007803645022332176		56017.315464606036	-13.274535393970261	100245.52546460602	57357.50546460603	-13.274535393970261	-13.274535393970261	-13.274535393970261	-13.274535393970261	-13.274535393970261	-13.274535393970261	-13.274535393970261	-13.274535393970261	213607.0718584241	4023.8728448652823	213500.87557527234
	Tech	IBM & Power	PowertechX	0	7810	0	36105	0	0	0	0	0	0	0	0	43915	43915	0.00426588722330607		61.74484904524009	61.74484904524009	61.74484904524009	61.74484904524009	61.74484904524009	61.74484904524009	61.74484904524009	61.74484904524009	61.74484904524009	61.74484904524009	61.74484904524009	61.74484904524009	246.97939618096035	740.9381885428811	0.009969001177945696		0.2	0.2	0.2	0.2	0.2	0.2	0.2	0.2	0.2	0.2	0.2	0.2	0.15	0.15		12.348969809048018	12.348969809048018	12.348969809048018	12.348969809048018	12.348969809048018	12.348969809048018	12.348969809048018	12.348969809048018	12.348969809048018	12.348969809048018	12.348969809048018	12.348969809048018	49.39587923619207	148.1876377085762	0.007259536693471092		-12.348969809048018	7797.651030190952	-12.348969809048018	36092.65103019095	-12.348969809048018	-12.348969809048018	-12.348969809048018	-12.348969809048018	-12.348969809048018	-12.348969809048018	-12.348969809048018	-12.348969809048018	43865.604120763805	889.0417718857758	43766.81236229142
	Tech	IBM & Power	Doc Mgmt	35327.28	0	-13280.079999999998	38591.659999999996	0	0	0	0	0	0	0	0	60638.86	60638.86	0.005890436937489366		28.33142887080501	28.33142887080501	28.33142887080501	28.33142887080501	28.33142887080501	28.33142887080501	28.33142887080501	28.33142887080501	28.33142887080501	28.33142887080501	28.33142887080501	28.33142887080501	113.32571548322004	339.97714644966004	0.004574244688475965		0.25	0.25	0.25	0.25	0.25	0.25	0.25	0.25	0.25	0.25	0.25	0.25	0.15	0.15		7.082857217701252	7.082857217701252	7.082857217701252	7.082857217701252	7.082857217701252	7.082857217701252	7.082857217701252	7.082857217701252	7.082857217701252	7.082857217701252	7.082857217701252	7.082857217701252	28.33142887080501	84.99428661241501	0.004163769339596647		35320.1971427823	-7.082857217701252	-13287.1628572177	38584.5771427823	-7.082857217701252	-7.082857217701252	-7.082857217701252	-7.082857217701252	-7.082857217701252	-7.082857217701252	-7.082857217701252	-7.082857217701252	60610.5285711292	2140.3389245392837	60553.86571338758
	Tech	IBM & Power	BI	3744.25	2013.7399999999998	3355.953	0	0	0	0	0	0	0	0	0	9113.943	9113.943	0.0008853251280346076		24.228775363693632	33.692883701473164	45.57981700024424	32.14884910996866	38.36447496936483	55.48847286986255	31.000675927469786	36.99431514903036	53.50674169593889	25.25981001497537	30.143516047358062	43.59808582632056	135.6503251753797	450.0064176757001	0.006054640693732507		0.03	0.03	0.03	0.03	0.03	0.03	0.03	0.03	0.03	0.03	0.03	0.03	0.65	0.65		0.726863260910809	1.010786511044195	1.3673945100073273	0.9644654732990597	1.1509342490809449	1.6646541860958763	0.9300202778240936	1.1098294544709109	1.6052022508781667	0.757794300449261	0.9043054814207419	1.307942574789617	4.069509755261391	13.500192530271002	0.0006613584274496789		3743.5231367390893	2012.7292134889556	3354.5856054899928	-0.9644654732990597	-1.1509342490809449	-1.6646541860958763	-0.9300202778240936	-1.1098294544709109	-1.6052022508781667	-0.757794300449261	-0.9043054814207419	-1.307942574789617	9109.87349024474	2239.5677976239663	9100.442807469728
	Tech	Core Solutions	Cap Mgmt	0	0	0	0	0	0	0	0	0	0	0	0	0	0	0		1.6011789424707357	2.2266224802577046	3.0121804378038055	2.124583659176056	2.5353485076237847	3.667002272108981	2.0487056713483383	2.4448003466372215	3.5360379052479445	1.6693157322097585	1.9920595417044016	2.8812160709427697	8.964565519708302	29.739051567531497	0.0004001260087440498		0	0	0	0	0	0	0	0	0	0	0	0	0.35	0.35		0	0	0	0	0	0	0	0	0	0	0	0	0	0	0		0	0	0	0	0	0	0	0	0	0	0	0	0	NA	0
	Cyber	DREP	Terranova	76464.08360248449	55029.710466200464	74073.87133333337	77161.23485714283	0	0	0	0	0	0	0	0	282728.90025916114	282728.90025916114	0.02746418315552617
	Cyber	File Integrity Management	Tripwire	308487.8146616542	360245.9054615384	353100.3509570656	278048.96302392345	0	0	0	0	0	0	0	0	1299883.0341041815	1299883.0341041815	0.12627016798308907		341.4042496410961	913.959114370572	1004.6366359883315	749.242497908235	964.8028460948473	1371.708620544637	620.5515104696519	799.0868979283454	1136.1019413336464	825.1807883516348	1062.5889152939576	1510.7359820750437	3009.2424979082343	11299.999999999998	0.1520365869281508		0.6	0.6	0.6	0.6	0.6	0.6	0.6	0.6	0.6	0.6	0.6	0.6	0.03	0.03		204.84254978465765	548.3754686223432	602.7819815929988	449.54549874494097	578.8817076569084	823.0251723267821	372.33090628179116	479.4521387570072	681.6611648001879	495.10847301098084	637.5533491763746	906.4415892450262	1805.5454987449405	6779.999999999998	0.33214416224468535		308282.97211186955	359697.52999291604	352497.5689754726	277599.4175251785	-578.8817076569084	-823.0251723267821	-372.33090628179116	-479.4521387570072	-681.6611648001879	-495.10847301098084	-637.5533491763746	-906.4415892450262	1298077.4886054366	719.9392288966121	1293103.0341041815
	Cyber	Data Protection	Vera	12900	0	0	0	0	0	0	0	0	0	0	0	12900	12900	0.0012531013362324561		27.65778296581912	36.01082002160082	89.68341683048517	32.925932102165625	42.870023835239074	106.76597241724428	30.29185753399237	39.44042192841995	98.22469462386474	40.82815580668537	53.15882955569646	132.38980579738293	186.27795192007073	730.2477134185958	0.009825165483207941		0.2	0.2	0.2	0.2	0.2	0.2	0.2	0.2	0.2	0.2	0.2	0.2	0.2	0.2		5.531556593163824	7.2021640043201645	17.936683366097036	6.585186420433125	8.574004767047816	21.35319448344886	6.0583715067984745	7.888084385683991	19.644938924772948	8.165631161337075	10.631765911139292	26.47796115947659	37.25559038401415	146.0495426837192	0.007154793952935596		12894.468443406837	-7.2021640043201645	-17.936683366097036	-6.585186420433125	-8.574004767047816	-21.35319448344886	-6.0583715067984745	-7.888084385683991	-19.644938924772948	-8.165631161337075	-10.631765911139292	-26.47796115947659	12862.744409615987	346.25675950998243	12753.950457316281
			Total	2607226.0847514668	2019641.2281801682	3330578.777555798	2337012.6472111656	0	0	0	0	0	0	0	0	10294458.737698602	10294458.737698602	0.9999999999999999		4536.986216979322	6269.957256926652	9160.120877981064	5445.81364308133	6468.1365531900365	10166.535540984083	5581.034517115556	6594.540120877555	10217.80861843692	6291.605686059072	7498.629016058229	11823.047118624936	20023.889387143805	74324.21516631475	1.2116403108300722		0.1895718766336526	0.2294168244366014	0.19801581108669816	0.2392112664893327	0.2392317426265524	0.2218676694086947	0.2398020685945606	0.23907650383885137	0.22302915050708783	0.24393764946988095	0.24350306187288193	0.2233126049216995	0.2704303501626322	0.27464565850080697		860.0849914137863	1438.4336832373367	1813.8487653056181	1302.6999786263718	1547.3835791661545	2255.625546438802	1338.343622101955	1576.5995965244422	2278.869176213987	1534.7595024485877	1825.9391252590146	2640.235450172128	5415.067418583114	20412.82301690818	1.0601827586014154		2125546.5061575687	1820215.2573640642	2955746.8474571593	2033129.1623753964	-1547.3835791661545	-2255.625546438802	-1338.343622101955	-1576.5995965244422	-2278.869176213987	-1534.7595024485877	-1825.9391252590146	-2640.235450172128	8934637.77335419	1901.0767441917114	8919640.017755864
				Actuals																Total Brand ALE Plan																% of plan to Channel															Channel ALE Plan																Variance to Plan
			Solution Group	January	February	March	April	May	June	July	August	September	October	November	December	YTD	2025	% Total		January	February	March	April	May	June	July	August	September	October	November	December	YTD	2025	% Total		January	February	March	April	May	June	July	August	September	October	November	December	YTD	2025		January	February	March	April	May	June	July	August	September	October	November	December	YTD	2025	% Total		January	February	March	April	May	June	July	August	September	October	November	December	YTD ($)	YTD (%)	2025
		Tech	DREP	234018.14588819878	67092.34892234081	605484.2314248118	205292.43246479833	0	0	0	0	0	0	0	0	1111887.1587001495	1111887.1587001495	0.10800831661293539		496.76443623316123	776.3650419318608	981.9426454731931	712.9608537359461	661.3706329390138	1079.640636963255	730.8596595702078	677.2058299413983	1112.206634126609	748.7584654044695	693.0410269437825	1144.7726312899633	2968.0329773741614	9815.88849455286	0.10899976726713562		0.20473028709152968	0.2686994240124562	0.29249370344449216	0.2585921243568938	0.24893816098486218	0.3006251749199782	0.26162303569689843	0.25205781712773195	0.30301820704405485	0.26450904131340963	0.2550349121012583	0.305275087280439	0.35	0.35		101.70272564687698	208.6088395904974	287.2120409445362	184.36606175088298	164.64038909323241	324.5671553377952	191.20972280515952	170.69502324120293	337.0188601355482	198.053383859436	176.74965738917336	349.4705649333014	781.8896679327936	2694.2944247276428	0.13199028975541144		233916.4431625519	66883.74008275032	605197.0193838673	205108.06640304744	-164.64038909323241	-324.5671553377952	-191.20972280515952	-170.69502324120293	-337.0188601355482	-198.053383859436	-176.74965738917336	-349.4705649333014	1111105.2690322169	1422.0512232113551	1109192.864275422
		Cyber	Managed Services	118200	55703.04	14520.24	77123	0	0	0	0	0	0	0	0	265546.28	265546.28	0.02579506963562465		960.1857202156541	1169.9838352664547	1769.83044451789	704.1361948248131	857.9881458620666	1297.8756593131195	704.1361948248131	857.9881458620666	1297.8756593131195	832.1609575202336	1013.9859905642606	1533.853051915505	4604.136194824812	12999.999999999996	0.14435748483278898		0	0	0	0	0	0	0	0	0	0	0	0				0	0	0	0	0	0	0	0	0	0	0	0	0	0	0		118200	55703.04	14520.24	77123	0	0	0	0	0	0	0	0	265546.28	NA	265546.28
		Tech	Automation	101357.49285714288	23324.142497737557	27537.204999999998	52440.12999999998	0	0	0	0	0	0	0	0	204658.9703548804	204658.9703548804	0.019880498389430953		380.6677070512983	447.73529434890327	611.5969985997981	420.32059320247527	494.3743875102474	675.3050192872772	396.52886151176904	466.3909316134409	637.0802068747898	388.5982842815337	457.063112981172	624.3386027372941	1860.3205932024748	5999.999999999998	0.06662653146128723		0.09403934615334693	0.09403934615334693	0.09403934615334694	0.09403934615334694	0.09403934615334694	0.09403934615334693	0.09403934615334693	0.09403934615334693	0.09403934615334694	0.09403934615334694	0.09403934615334696	0.09403934615334694	0.6	0.6		35.797742272797905	42.10473433034719	57.51418185767446	39.5266737595477	46.490644156425034	63.50524246784889	37.289314867497815	43.859098260778325	59.91060610174424	36.54352857014787	42.98191629556276	58.71239397970936	174.94333222036724	564.2360769200816	0.027641256501010087		101321.69511487008	23282.03776340721	27479.690818142324	52400.60332624044	-46.490644156425034	-63.50524246784889	-37.289314867497815	-43.859098260778325	-59.91060610174424	-36.54352857014787	-42.98191629556276	-58.71239397970936	204484.02702266004	1169.8586494115814	204094.73427796032
		Tech/Cyber	Infrastructure Protection	838475.1766666666	232515.3066666667	528170.8933333333	341206.105	0	0	0	0	0	0	0	0	1940367.4816666667	1940367.4816666667	0.18848659566345008		502.5300718272697	576.4812453298327	712.1821565709497	558.3667464747441	640.5347170331476	791.3135073010553	865.4684570358534	992.8288114013787	1226.5359363166356	865.4684570358534	992.8288114013791	1226.5359363166356	2349.5602202027962	9951.074854044733	0.1105009336394393		0.3278093135081677	0.32780931350816767	0.3278093135081676	0.3278093135081676	0.32780931350816767	0.32780931350816767	0.32780931350816767	0.3278093135081676	0.3278093135081676	0.32780931350816767	0.3278093135081677	0.32780931350816767	0.33	0.33		164.73403786290748	188.97592128190607	233.45994383828938	183.03781984767494	209.97324586878452	259.39993759809937	283.7086207638962	325.45853109661596	402.0699032770539	283.7086207638962	325.4585310966162	402.069903277054	770.2077228307778	3262.055016572794	0.1598042080642543		838310.4426288038	232326.3307453848	527937.433389495	341023.0671801523	-209.97324586878452	-259.39993759809937	-283.7086207638962	-325.45853109661596	-402.0699032770539	-283.7086207638962	-325.4585310966162	-402.069903277054	1939597.273943836	2519.2781429601228	1937105.4266500939
		Cyber	Data Protection	269761.0147236097	741980.2814797864	1038206.1376022176	234999.93144139193	0	0	0	0	0	0	0	0	2284947.3652470056	2284947.3652470056	0.22195896097766302		558.8319896079289	727.6070618152755	1812.0744646870492	665.2761781046773	866.1988831134234	2157.231505579821	612.0540838563031	796.9029724643497	1984.6529851334344	824.9424608497999	1074.0866150606453	2674.9670669189777	3763.789694214931	14754.826267191685	0.16384381608281237		0.009898425100976611	0.009898425100976611	0.009898425100976608	0.009898425100976611	0.009898425100976611	0.00989842510097661	0.009898425100976611	0.00989842510097661	0.009898425100976611	0.009898425100976611	0.00989842510097661	0.00989842510097661	0.6	0.6		5.531556593163824	7.2021640043201645	17.936683366097036	6.585186420433125	8.574004767047816	21.35319448344886	6.0583715067984745	7.888084385683991	19.644938924772948	8.165631161337075	10.631765911139292	26.47796115947659	37.25559038401415	146.0495426837192	0.007154793952935596		269755.4831670166	741973.0793157821	1038188.2009188515	234993.3462549715	-8.574004767047816	-21.35319448344886	-6.0583715067984745	-7.888084385683991	-19.644938924772948	-8.165631161337075	-10.631765911139292	-26.47796115947659	2284910.1096566217	61331.66436754266	2284801.315704322
		Tech	Core Solutions	191231.6699392713	140953.1196930618	284043.034872504	218606.56185897443	0	0	0	0	0	0	0	0	834834.3863638116	834834.3863638116	0.08109551047172829		435.6299165652991	605.793231205207	819.5185922038694	578.0317100315469	689.7877742108088	997.6748079003634	557.387720387563	665.1524965604226	962.0435647610641	454.1677721676439	541.9761083084925	783.8873490645709	2438.9734500059226	8091.051043366852	0.0898464444826271		0.208502681556522	0.20850268155652196	0.208502681556522	0.20850268155652193	0.20850268155652196	0.20850268155652196	0.208502681556522	0.208502681556522	0.208502681556522	0.20850268155652196	0.20850268155652196	0.20850268155652196	0.6	0.6		90.8300057701088	126.30951317507576	170.87182405993258	120.52116156627946	143.82260062785835	208.01787276861367	116.21683436748377	138.6860791768634	200.58866302687738	94.69519837350526	113.00347192188866	163.4426143181964	508.53250457139666	1687.0058391526834	0.08264441609841602		191140.83993350118	140826.81017988673	283872.1630484441	218486.04069740814	-143.82260062785835	-208.01787276861367	-116.21683436748377	-138.6860791768634	-200.58866302687738	-94.69519837350526	-113.00347192188866	-163.4426143181964	834325.8538592402	1641.653933345775	833147.3805246588
		Tech	Secure File Transfer	435210.81853873294	301924.7204102564	415149.98336586636	817896.4037857138	0	0	0	0	0	0	0	0	1970181.9261005698	1970181.9261005698	0.19138276001687274		716.6293430170105	898.2255415001616	1282.6451154828283	905.2160122320133	1134.6006840002044	1620.1833037677832	942.9333460750139	1181.8757125002128	1687.690941424774	1206.9546829760181	1512.8009120002725	2160.2444050237114	3802.716012232014	15250.000000000005	0.16934243413077182		0.33	0.33	0.33	0.32999999999999996	0.33	0.33	0.33	0.33	0.33	0.33	0.33	0.33	0.75	0.75		236.48768319561347	296.41442869505335	423.27288810933334	298.7212840365644	374.4182257200675	534.6604902433685	311.1680042047546	390.01898512507023	556.9380106701755	398.295045382086	499.22430096009	712.8806536578247	1254.8962840365646	5032.500000000002	0.24653620892276992		434974.3308555373	301628.30598156137	414726.71047775703	817597.6825016773	-374.4182257200675	-534.6604902433685	-311.1680042047546	-390.01898512507023	-556.9380106701755	-398.295045382086	-499.22430096009	-712.8806536578247	1968927.029816533	1569.9958244861323	1965149.4261005698
		Tech	IBM & Power	110483.95147619047	95902.36304878049	64366.70100000001	111399.11963636364	0	0	0	0	0	0	0	0	382152.1351613346	382152.1351613346	0.03712212024920578		144.34278282060384	153.80689115838337	165.69382445715445	152.26285656687887	158.47848242627504	175.60248032677276	151.11468338438	157.10832260594057	173.6207491528491	145.37381747188556	150.25752350426825	163.71209328323076	616.1063550030206	1891.3745071586227	0.021002620517713438		0.13965845672183186	0.13291090785225346	0.12552804309333154	0.13395448476358782	0.12987732442103248	0.12013771772236596	0.13474433356539114	0.1307483660986109	0.12116656206285137	0.1388807261053256	0.13534185865636433	0.1266844078870702	0.05	0.05		20.15869028766008	20.442613537793466	20.799221536756598	20.396292500048332	20.582761275830215	21.09648121284515	20.361847304573367	20.541656481220183	21.03702927762744	20.189621327198534	20.336132508170014	20.73976960153889	81.79681786225848	246.68211685126226	0.01208466446051742		110463.79278590281	95881.9204352427	64345.90177846325	111378.72334386359	-20.582761275830215	-21.09648121284515	-20.361847304573367	-20.541656481220183	-21.03702927762744	-20.189621327198534	-20.336132508170014	-20.73976960153889	382070.33834347234	4671.968239704124	381905.4530444833
		Cyber	File Integrity Management	308487.8146616542	360245.9054615384	353100.3509570656	278048.96302392345	0	0	0	0	0	0	0	0	1299883.0341041815	1299883.0341041815	0.1262701679830891		341.4042496410961	913.959114370572	1004.6366359883315	749.242497908235	964.8028460948473	1371.708620544637	620.5515104696519	799.0868979283454	1136.1019413336464	825.1807883516348	1062.5889152939576	1510.7359820750437	3009.2424979082343	11299.999999999998	0.1254799675854243		0.6	0.6	0.6	0.6	0.6	0.6	0.6	0.6	0.6	0.6	0.6	0.6	0.15	0.15		204.84254978465765	548.3754686223432	602.7819815929988	449.54549874494097	578.8817076569084	823.0251723267821	372.33090628179116	479.4521387570072	681.6611648001879	495.10847301098084	637.5533491763746	906.4415892450262	1805.5454987449405	6779.999999999998	0.33214416224468535		308282.97211186955	359697.52999291604	352497.5689754726	277599.4175251785	-578.8817076569084	-823.0251723267821	-372.33090628179116	-479.4521387570072	-681.6611648001879	-495.10847301098084	-637.5533491763746	-906.4415892450262	1298077.4886054366	719.9392288966121	1293103.0341041815
			Total	2607226.0847514668	2019641.2281801684	3330578.777555798	2337012.6472111656	0	0	0	0	0	0	0	0	10294458.7376986	10294458.7376986	0.9999999999999999		4536.986216979321	6269.957256926651	9160.120877981064	5445.813643081331	6468.136553190035	10166.535540984083	5581.034517115555	6594.540120877556	10217.808618436922	6291.6056860590725	7498.62901605823	11823.047118624934	25412.877994968367	90054.21516631474	1.0000000000000002		0.1895718766336526	0.2294168244366014	0.19801581108669822	0.23921126648933266	0.2392317426265524	0.2218676694086947	0.23980206859456069	0.23907650383885137	0.22302915050708788	0.24393764946988092	0.24350306187288193	0.2233126049216995	0.21308359563427925	0.22667259915828689		860.0849914137862	1438.4336832373365	1813.8487653056186	1302.6999786263718	1547.383579166154	2255.625546438802	1338.3436221019551	1576.5995965244424	2278.869176213988	1534.7595024485877	1825.9391252590149	2640.2354501721275	5415.067418583113	20412.82301690818	1		2606365.9997600536	2018202.7944969311	3328764.928790494	2335709.947232539	-1547.383579166154	-2255.625546438802	-1338.3436221019551	-1576.5995965244424	-2278.869176213988	-1534.7595024485877	-1825.9391252590149	-2640.2354501721275	10289043.670280017	1901.0767441917114	10274045.914681692
				Actuals																Total Brand ALE Plan																% of plan to Channel															Channel ALE Plan																Variance to Plan
			Tech vs. Cyber	January	February	March	April	May	June	July	August	September	October	November	December	YTD	2025	% Total		January	February	March	April	May	June	July	August	September	October	November	December	YTD	2025	% Total		January	February	March	April	May	June	July	August	September	October	November	December	YTD	2025		January	February	March	April	May	June	July	August	September	October	November	December	YTD	2025	% Total		January	February	March	April	May	June	July	August	September	October	November	December	YTD ($)	YTD (%)	2025
			Tech	838283.9328113378	562104.3456498362	791096.9242383704	1200342.2152810516	0	0	0	0	0	0	0	0	3391827.417980596	3391827.417980596	0.3294808891272377		2174.034185687373	2881.9260001445164	3861.397176216843	2768.7920257688606	3138.61196108655	4548.406248245452	2778.824270928934	3147.7332932214154	4572.642096340086	2943.8530223015505	3355.138683737988	4876.955081398771	11686.149387817593	41048.31404507834	0.5124432560953		0.22307691864547208	0.2407695857887996	0.2485292531985685	0.2396465561291365	0.23894467687359103	0.2532419443568385	0.24335677884496335	0.24265106701700742	0.2570708890933821	0.25401294556742177	0.25402690005211215	0.2676354353700978	0.15	0.15		484.9768471730572	693.8801293287672	959.6701565082332	663.5314736133228	749.9546208734135	1151.8472420304713	676.2457235494691	763.8008422851351	1175.4931692119726	747.7767775123738	852.2954790748848	1305.2459964905709	2802.0586066233805	10224.718457651672	0.5961667989125458		837798.9559641647	561410.4655205074	790137.2540818622	1199678.6838074382	-749.9546208734135	-1151.8472420304713	-676.2457235494691	-763.8008422851351	-1175.4931692119726	-747.7767775123738	-852.2954790748848	-1305.2459964905709	3389025.3593739723	1210.4769721672296	3381602.699522944
			Cyber	1768942.1519401292	1457536.882530332	2539481.8533174284	1136670.4319301136	0	0	0	0	0	0	0	0	6902631.319718003	6902631.319718003	0.6705191108727623		1860.4219594646793	2811.550011452302	4586.54154519327	2118.6548708377254	2688.9898750703373	4826.815785437577	1936.741789150768	2453.9780162547618	4418.6305857802	2482.2842067216684	3150.6615209188635	5719.556100909526	11377.168386947977	39054.82626719168	0.4875567439046999		0.11307870524080185	0.19760545975124963	0.13533479612969243	0.21529258561353978	0.21846706001769148	0.17493486479382672	0.19537414843230477	0.19859192703220108	0.15871571295909337	0.20274636675749058	0.2057298477744687	0.16311048164317324	0.0767985400772534	0.0767985400772534		210.37410637782148	555.5776326266633	620.7186649590958	456.1306851653741	587.4557124239561	844.378366810231	378.38927778858965	487.34022314269123	701.3061037249608	503.27410417231795	648.1851150875139	932.9195504045027	1842.8010891289546	6926.049542683718	0.4038332010874543		1768731.7778337514	1456981.3048977053	2538861.1346524693	1136214.3012449483	-587.4557124239561	-844.378366810231	-378.38927778858965	-487.34022314269123	-701.3061037249608	-503.27410417231795	-648.1851150875139	-932.9195504045027	6900788.518628874	3745.727827293993	6895705.270175319
			Total	2607226.084751467	2019641.2281801682	3330578.7775557986	2337012.647211165	0	0	0	0	0	0	0	0	10294458.7376986	10294458.7376986	1		4034.456145152052	5693.476011596818	8447.938721410113	4887.446896606586	5827.601836156888	9375.222033683029	4715.566060079702	5601.711309476177	8991.272682120285	5426.137229023219	6505.800204656851	10596.511182308297	23063.31777476557	80103.14031227003	0.9999999999999998		0.17235308267917038	0.21945429460148055	0.1870738973830451	0.2290893757957947	0.2294958322305952	0.21292568876435355	0.2236497141385044	0.2233497937159532	0.20873566393654902	0.2305601257176274	0.23063736157903447	0.21121721181513645	0.20139598912496656	0.21410855970784295		695.3509535508787	1249.4577619554307	1580.3888214673289	1119.6621587786967	1337.4103332973696	1996.2256088407023	1054.6350013380588	1251.1410654278263	1876.7992729369334	1251.0508816846918	1500.4805941623986	2238.1655468950735	4644.859695752335	17150.76800033539	1		2606530.733797916	2018391.7704182127	3328998.3887343314	2335892.9850523863	-1337.4103332973696	-1996.2256088407023	-1054.6350013380588	-1251.1410654278263	-1876.7992729369334	-1251.0508816846918	-1500.4805941623986	-2238.1655468950735	10289813.878002847	2216.3120981055145	10277307.969698263

===== SHEET: Billings by Partner (730r x 3c) =====
Direct v Channel	Channel
Sum of USD Currency	Column Labels
Row Labels	Q1 '25	Grand Total
Carahsoft	7886320.140000002	7886320.140000002
Fujitsu	3901346.13	3901346.13
Infinigate Global Services Limited	3669694.099999999	3669694.099999999
SHI	3319537.1699999976	3319537.1699999976
Optiv	2067281.73	2067281.73
Syner Solutions Technologies Inc.	1999260.97	1999260.97
GuidePoint Security	1279628.5999999999	1279628.5999999999
SHI International	1254086.6799999995	1254086.6799999995
Climb Channel Solutions - US	1194517.9599999995	1194517.9599999995
SoftwareONE	1142877.75	1142877.75
CDW	983608.8199999996	983608.8199999996
HANDD Business Solutions	919477.7300000008	919477.7300000008
Emerging Modern Technologies for Publication	911460	911460
BlueFinch B.V.	836003.0299999998	836003.0299999998
iSecurity Inc.	829512.9	829512.9
CyberKnight Technologies	680621.6999999998	680621.6999999998
Starlink DMCC (UAE)	668673	668673
Aquion	665892.4700000001	665892.4700000001
Pro2col	650554.5200000003	650554.5200000003
Panasonic Information Systems	631927.53	631927.53
Unisys Corporation	616346	616346
Cisco	588807.01	588807.01
AT&T	463864.5999999998	463864.5999999998
Omada Technologies, LLC	458200	458200
DeFY Security, LLC	427010	427010
Aqaio GmbH	413209.99	413209.99
Green Light Technology	394821.1599999997	394821.1599999997
Advania Norge AS	372057.82	372057.82
Messagenet	368710.4700000003	368710.4700000003
Atlantic Data Security LLC	368661.88	368661.88
Partenor Digital	349451.23	349451.23
S.I.T. GmbH & Co. KG	345522.0099999999	345522.0099999999
Softchoice	335046.43	335046.43
SHI Corp	329451.32	329451.32
Presidio	307997.46	307997.46
Bulwark Technologies LLC	305498.24999999994	305498.24999999994
Haboob	304466.92	304466.92
2SB Security Solutions 4 Business	299072.63	299072.63
Insight	291145.48000000004	291145.48000000004
Yardi Systems, Inc	277241.25	277241.25
Satcom Infotech Pvt Ltd	265765	265765
PT TTI Group Distribution	256007.41	256007.41
JB Service	253891.64999999997	253891.64999999997
Cybercx	252408.79999999987	252408.79999999987
AL-Networks GmbH	245906.57999999993	245906.57999999993
Solutions II, Inc.	243408.01999999993	243408.01999999993
COMPUTER SYSTEMS INTEGRATION LTD	242032.86	242032.86
Access 2 Networks	236114.09	236114.09
IT2 Trust AS	232066.97	232066.97
iValue Infosolutions Limited	230474.20999999996	230474.20999999996
Hitachi Solutions, Ltd.	222556.64999999994	222556.64999999994
Software ONE	214199.48000000004	214199.48000000004
Korper ICT	207149.12999999966	207149.12999999966
Dealertrack Inc	205419.03999999963	205419.03999999963
NTT Australia Pty Ltd	204175.11	204175.11
AmiViz	199061	199061
Alnahil Computer	197800.8	197800.8
ABPCyber Pte. Ltd. fka Tindo Pte Ltd	180585.9099999998	180585.9099999998
TET Limited	174986.62	174986.62
BAKOTECH S.r.o. (Czech Republic)	169366.54000000004	169366.54000000004
S4 Applications Limited	161070.79000000004	161070.79000000004
South Asian Technologies (Private) Limited	160872.78000000003	160872.78000000003
Netsecurity	157036.5	157036.5
RKON Technologies	156743.13	156743.13
Liquid PC	153930.89	153930.89
M.TECH SOLUTIONS (INDIA) PVT LTD	150189.18	150189.18
SHI INTERNATIONAL SAS	146456.82	146456.82
Generic Systems Australia	145057.02000000016	145057.02000000016
MO: MOTEX Inc.	144232.42479999998	144232.42479999998
Systematik GmbH	142738.67999999993	142738.67999999993
Systex Corporation	140849.22999999998	140849.22999999998
SIXworks	139803.66	139803.66
Orange Cyberdefense Sweden AB	139465.34000000003	139465.34000000003
Sysob IT-Distribution GmbH & Co. KG	130023.14	130023.14
Computer Gross S.P.A.	129919.8499999999	129919.8499999999
SYSTECH Technocraft Services Pvt.Ltd	128037.10000000003	128037.10000000003
NetCon IT-Security GmbH	126235.01000000005	126235.01000000005
SMEUP ICS S.R.L.	124861.01000000004	124861.01000000004
Saudi Paramount Computer Systems	123070.76000000001	123070.76000000001
CT Cloud Design GmbH & Co. KG	122849.20000000003	122849.20000000003
S.I.T. Secure Internet Traffic	122755.15000000001	122755.15000000001
Stone Forest IT Pte	121964.18999999997	121964.18999999997
Infinigate Global Services Europe B.V.	116820.36000000002	116820.36000000002
Private Protocol	114640.70999999996	114640.70999999996
ISSquare	110232.28	110232.28
Detech Bilisim Teknolojileri San. Ve Tic. A.S	109627.66	109627.66
Insight - US	101353.51999999996	101353.51999999996
ThunderCat Technology HQ	100709.7	100709.7
J'S COMMUNICATION CO LTD	99257.95999999999	99257.95999999999
Global E-Director Limited	98772.73999999999	98772.73999999999
Enterprise Consulting Group	97459.66	97459.66
Eviden Singapore	96777.54000000001	96777.54000000001
ESI TECHNOLOGIES	95430.7	95430.7
Avant Communications	93840	93840
ePlus	92469.68000000001	92469.68000000001
DXC Technology	91792.39	91792.39
apia systemhaus gmbh	91637.43999999996	91637.43999999996
ALSO Spain (ex IREO Soluciones)	91106.29	91106.29
Emerging Market Technologies Trading FZCO	90470.92000000001	90470.92000000001
Mid Atlantic Broadband	89438.74	89438.74
Tech Titan Distribution Sdn Bhd - Malaysia	88432.3	88432.3
AccessIT Group Inc.	88245	88245
Softchoice (Canada)	86620	86620
Tech Titan Distribution Company Limited - Thailand	84382.12	84382.12
Softcat Plc	81803.65999999999	81803.65999999999
Kirra Services	81687.05	81687.05
Trace3	81502.12000000001	81502.12000000001
REAL Security d.o.o.	79566.88	79566.88
COMPUTER 2000 Bulgaria Ltd.	77099.37000000001	77099.37000000001
New Tech Solutions Inc	75600	75600
Computacenter (UK) Ltd	75097.54000000001	75097.54000000001
Tevora	72952.54999999999	72952.54999999999
BlackBridge	72779.45999999999	72779.45999999999
SynerSolutions Technologies Inc	71170.11	71170.11
Sagitec Solutions	70916.74	70916.74
Asystec S.A.	70548.33000000002	70548.33000000002
TD Synnex Canada	70489.98	70489.98
Softcell Ltd	69311.6	69311.6
SOLPAC Co. Ltd.	68874.62999999999	68874.62999999999
TVAR Solutions	67085.21999999999	67085.21999999999
Grupo Incisive, C.A.	66315.32	66315.32
M.Tech Holdings Pte Ltd	65300.25	65300.25
Michael Wessel Informationstechnologie GmbH	65230.89	65230.89
Vizo Financial Corporate Credit Union	64970.66	64970.66
DETECH AS	64851.82	64851.82
Complete Solution Finder Pte Ltd.	63255.5	63255.5
Inter Engineering	62683.780000000006	62683.780000000006
Noventiq Services India Private Limited (fka Softline Services India Pvt. Ltd.)	61683.92999999998	61683.92999999998
UNICC INTERNATIONAL COMPUTING CENTRE	61132.5	61132.5
Insung Digital Co., Ltd.	60536.32000000001	60536.32000000001
Sanwa Comtec K.K.	59361.69000000002	59361.69000000002
NSS SA	58400.279999999984	58400.279999999984
Move AS	58342.21000000001	58342.21000000001
INETUM Luxembourg S.A.	58326.57	58326.57
NTT DATA Deutschland GmbH - Ettlingen	57479.95	57479.95
Hemaya IT	57451.98999999999	57451.98999999999
Gulf Business Center (GBC), Qatar	57231.98999999999	57231.98999999999
Tesla Consulting Pte. Ltd.	57221.99999999999	57221.99999999999
Security Matters	56830.2	56830.2
Qatar Datamation Systems	56197.46999999999	56197.46999999999
INFINIGATE	56060.24000000004	56060.24000000004
Accolm	55433.08999999999	55433.08999999999
Extravar B.V.	55356.789999999986	55356.789999999986
Insight Direct, USA	55254.5	55254.5
TTNL	55029.75	55029.75
e92plus	53783.189999999966	53783.189999999966
Bulwark Saudi for Information Technology	52295	52295
CFAO Group	52108.47	52108.47
Bridgeway Communication System, Inc.	51762.81	51762.81
SBL	50983.48	50983.48
Cirilo Ayling SAIC	49652.48	49652.48
Insight - UK	49144.1	49144.1
Aria Data Solutions	49138.37	49138.37
Revenue Solutions, Inc - RSI	48239.920000000006	48239.920000000006
Vohkus	48198.450000000004	48198.450000000004
Notable Frontier Sdn Bhd	47243.25	47243.25
T2S - Tecnologia de Informação Ltda	46694.22	46694.22
Data#3	45898.630000000005	45898.630000000005
Nexus Technologies, Inc.	45360	45360
AUTOMATE BRASIL - CIBER DATA SISTEMA DE INFORMAÇÃO LTDA	44949.33	44949.33
TECHSO	44910.1	44910.1
LargeNet GmbH	44745.57000000001	44745.57000000001
SB C&S Corp	44680.80599999999	44680.80599999999
CDS Americas	44125.87000000001	44125.87000000001
VIET SUNSHINE ELECTRONIC SOLUTION JOINT STOCK COMPANY	43670.5	43670.5
RedZone Technologies	43434.97	43434.97
SEAL TELECOM COMÉRCIO E SERVIÇOS DE TELECOMUNICAÇÕES LTDA	42971.31	42971.31
The CBORD Group Inc.	42069.56999999999	42069.56999999999
Hitachi Systems	41685	41685
CCZ BUSINESS SARL	41643.479999999996	41643.479999999996
M-Security Technology	41324	41324
Carousel Industries	40761.36	40761.36
Intellect Design Arena Inc	39712.61999999999	39712.61999999999
Disig, a.s.	39467.64	39467.64
Medhost of Tennessee, Inc.	39308.20999999999	39308.20999999999
SOFTWARE GREENHOUSE S.A.	38626.759999999995	38626.759999999995
Bakotech Sp. z o.o	37565.41000000001	37565.41000000001
Bright Nexus (M) Sdn Bhd	37524.85	37524.85
DLT Solutions, LLC.	37082	37082
Vormittag Associates, Inc.	36889.68000000001	36889.68000000001
SECURUM Technologies	36189.61	36189.61
Mindpoint Group	36108.4	36108.4
Syntax Systems Limited	35996.899999999994	35996.899999999994
Software Information Resource	35832.97	35832.97
Kyndryl Ecuador S.A.	35706.16	35706.16
Bechtle Austria GmbH	35198.8	35198.8
GBM de Guatemala, S. A.	35081.77999999999	35081.77999999999
OSI Vision	35050.969999999994	35050.969999999994
FCN Inc Technology Solutions	35029.02	35029.02
GOSECURE INC	34885.85	34885.85
ASEE Solutions d.o.o. Beograd	34564.96	34564.96
AdmTools	34548.630000000005	34548.630000000005
CloudSAFE Group, LLC	34360.73	34360.73
Entisys360	34200	34200
Fujitsu Services	34053.07000000001	34053.07000000001
BARTECH SOFTWARE Y SERVICIOS S.L.	33890.47999999999	33890.47999999999
SYSTECH Technocraft Services Pvt. Ltd	33629.1	33629.1
Grupo Sypsa SAC	33394.979999999996	33394.979999999996
Greschitz Management GmbH	33113.63	33113.63
BahFed Corp	32590.79999999999	32590.79999999999
GLOBAL ADVISORY SOLUTIONS S.A	31960.54	31960.54
Atos	31693.9	31693.9
Advanced Technical Solutions	31542.69	31542.69
Softron Argentina	31432.399999999998	31432.399999999998
Groupe de Technologies Nouvelles (GTN)	30072.84	30072.84
Inventum A.S.	29933.56	29933.56
ADD Systems	29477.12	29477.12
Innovative Solutions	29294.64	29294.64
PT SISTEMS ASIAN TEKNOLOGI	29174.149999999998	29174.149999999998
Mtech	28424	28424
Red River Computer Company	27718.78	27718.78
Bechtle GmbH - Freiburg	27671.17	27671.17
AnyKey Technologies	27485.120000000003	27485.120000000003
MV3 Tecnologia da Informação	27335.799999999992	27335.799999999992
REDES Y SISTEMAS INTEGRADOS S A S	27279.340000000004	27279.340000000004
SmartNet Technology Co Ltd	27239.989999999998	27239.989999999998
Atlantic Data Security	26330.890000000003	26330.890000000003
Ahead	25990.2	25990.2
Quadbridge	25723.97	25723.97
E-xpert Solutions	25530.79	25530.79
Leitwerk AG	25435.129999999997	25435.129999999997
Alpha Data	25135.64	25135.64
KD Service & Consulting GmbH & Co. KG	24930.680000000004	24930.680000000004
INSPIRA ENTERPRISE	24753.84	24753.84
HCL America Inc.	24711.380000000005	24711.380000000005
Scientific Software and Systems Limited	24498.199999999997	24498.199999999997
The Eniac Corporation	24458.959999999995	24458.959999999995
DSShield	24375	24375
Halock Security Labs	24360	24360
CM1 Technologies, Inc	24150.53	24150.53
Exclusive Networks	23996.459999999974	23996.459999999974
Huber & Associates	23648.059999999994	23648.059999999994
Dataprotect	23472.699999999993	23472.699999999993
Sosy A/S	23029.999999999996	23029.999999999996
CRA	22971	22971
Eaton & Associates	22650.120000000003	22650.120000000003
NTT Data	22315.479999999996	22315.479999999996
Liberty Communications	22100.510000000002	22100.510000000002
Rocksolid Establishment	22060.640000000003	22060.640000000003
ASSERTIVA	21810.05	21810.05
Abbakan France	21709.71	21709.71
T-Systems Hungary Ltd.	21595.56	21595.56
HighStrat Consulting	21300	21300
Technology Group Solutions, LLC	21098.5	21098.5
Etek	21013.62	21013.62
Adexsus S.A.	20958.309999999998	20958.309999999998
BWG Informationssysteme GmbH	20796.04	20796.04
Hitachi Systems Security Inc. (Customer)	20367.12	20367.12
Tenfold Security Consulting Inc.	20365.99	20365.99
Motorola Solutions Singapore Pte Ltd	20055.56	20055.56
Hermitage Solutions	19909.86	19909.86
Tik Tok	19843.49	19843.49
Toshiba	19574.572699999993	19574.572699999993
E-Access Pvt Ltd	19054.429999999997	19054.429999999997
Data3V	18967.829999999994	18967.829999999994
Neyond	18966.390000000003	18966.390000000003
Gateway Computer	18947.58	18947.58
AGIO	18845.749999999996	18845.749999999996
ACP IT Solutions GmbH	18829.699999999997	18829.699999999997
MediaCircle GmbH	18818.72	18818.72
SicoloS Tecnologia	18701.03	18701.03
NCR Corporation	18671.44	18671.44
SCC	18637.269999999997	18637.269999999997
G-ABLE Public Company Limited	18606.09	18606.09
Sycomp A Technology Company, Inc.	18514.86	18514.86
Syntax Systems USA, LP	18421.309999999998	18421.309999999998
QBS	18402.550000000003	18402.550000000003
SHI Singapore Solutions Pte. Ltd.	18250	18250
Value Point Techsol Pvt Ltd	18200	18200
Eviden Services, Inc.	18147.79	18147.79
NetCon Unternehmensberatung GmbH	18107.27	18107.27
Información Segura S.A de C.V.	17676.59	17676.59
Barq Systems Egypt	17617.989999999998	17617.989999999998
Dartalis	17604.58	17604.58
SOS Software Service GmbH	17570.43	17570.43
ACPL Systems Pvt. Ltd.	17432.859999999997	17432.859999999997
Mnemonic AS	17073.170000000002	17073.170000000002
Paramount Computer Systems	17001.36	17001.36
VAR GROUP SUISSE SA	16928.71	16928.71
Pure Security	16875.079999999998	16875.079999999998
Yam Pong Corp	16862.76	16862.76
Bailey Computing Technologies	16795.88	16795.88
Axians	16682.019999999997	16682.019999999997
NCSI	16664.22	16664.22
system.de - System & Project GmbH	16470.72	16470.72
Avertium	16428.71	16428.71
Vogelbusch GmbH	16160.879999999996	16160.879999999996
Information Union World	15798.5	15798.5
Optrics Inc	15633.02	15633.02
Trafford IT Sp. z o.o. Sp.K.	15566.8	15566.8
SPSS srl a socio unico	15473.25	15473.25
Excellium Services Belgium S.A.	15113.46	15113.46
TUV Trust IT TUV AUSTRIA GmbH	15062.43	15062.43
SITE	15000	15000
IMP Solutions	14863.5	14863.5
Dfense SAS	14700	14700
Formind Morocco	14686.970000000001	14686.970000000001
PST Products	14541.670000000002	14541.670000000002
Specialist Computer Centres	14512.43	14512.43
AITG Solutions	14436.95	14436.95
CMCFlex	14428.120000000003	14428.120000000003
SIMAC PSF S.A.	14420.869999999999	14420.869999999999
FUSE 3 Communications	14292.08	14292.08
Sheng-Bo Technology Corp.	14187	14187
Tarlogic Security SL	13826.060000000001	13826.060000000001
PRIVAL	13499.78	13499.78
PRIORITY QUALITY CONSULTANTS S.A.	13494.8	13494.8
Stichting Beheer ICT Rechtshandhaving	13486.79	13486.79
GREY MATTER LTD	13459.1	13459.1
CYBERSWAT (GROUPE CYBERSWAT INC.)	13439.170000000004	13439.170000000004
Open Systems International, Inc. (OSII) / AspenTech	13426.81	13426.81
Esperto Consultants Private Limited	13349.219999999996	13349.219999999996
Innovative Business Systems, Inc.	12901.070000000002	12901.070000000002
FORMIND	12827.19	12827.19
Spike Reply	12748.179999999998	12748.179999999998
netzperten gmbH	12479.189999999997	12479.189999999997
Innovative Information Solutions, Inc.	12363.77	12363.77
SHIELD Security Technologia Eireli	12096	12096
Bechtle Schweiz AG	12050.11	12050.11
EVOLUTION SYSTEMS PTY LIMITED	12015.319999999998	12015.319999999998
IBM	11960.13000000001	11960.13000000001
Tech-Trans Telecom (China) Limited	11950.38	11950.38
Netfox AG	11899.98000000001	11899.98000000001
Information Union World Company Limited (IUW)	11796.8	11796.8
A. Baggenstos & Co. AG -IT Services and Solutions	11687.220000000001	11687.220000000001
SmartTechNXT	11678.14	11678.14
A-NETWORKS (PVT) LTD	11362.9	11362.9
Insight / AZ	11348.1	11348.1
EMIB Consulting LLC	11277.289999999997	11277.289999999997
Extreme Technologies PLC	11250	11250
Genesis Team AG Switzerland	11250	11250
Develsecurity	11222.85	11222.85
System Source	11177.3	11177.3
Datos Media Technologies S.A.	11154.740000000002	11154.740000000002
TI: TIS Inc.	10660.4	10660.4
Unitecnic SL	10657.09	10657.09
Platinum Technology Managed Services Pty Ltd.	10584	10584
Insight Public Sector - New Jersey T3121	10480.08	10480.08
Performanta Deutschland GmbH	10366.59	10366.59
ATS Networks	10364.22	10364.22
IVSG LLC	10275.31	10275.31
ITdesign Software Projects & Consulting GmbH	10112.55	10112.55
Computer Aware	9930	9930
Netzwerk Kommunikationssysteme GmbH	9865.099999999999	9865.099999999999
Valcallidus Olaf Kozłowski	9832.34	9832.34
ICO Limited	9778.97	9778.97
Prodata Systems NV	9770.14	9770.14
Exaprobe	9732.65	9732.65
Progression Infonet	9731.509999999997	9731.509999999997
NetONE Network Solution Co., Ltd.	9665.349999999999	9665.349999999999
Oxygen Limited	9653.75	9653.75
OneWorld InfoTech	9522.2	9522.2
Systembetreuung Hofmann GmbH	9424.01	9424.01
Cosus Computersysteme GmbH	9384.500000000002	9384.500000000002
HelpAG	9375	9375
Seti & Sidif Dominicana, SRL	9133.23	9133.23
Unfake Corporation	9089.660000000002	9089.660000000002
Razorthorn Security	9083.039999999999	9083.039999999999
Assurance Data, Inc./ Federal	8946.98	8946.98
Compugen	8771.8	8771.8
Converge Technology Solutions US, LLC	8750	8750
AKC - Alexander Kreuch Consulting	8730.7	8730.7
Innovery España SLU	8668.769999999997	8668.769999999997
Kuwaiti Digital Computer Co. (KDCC)	8601	8601
Data Sec	8500	8500
Tech Mahindra (Thailand) Ltd.	8305.449999999999	8305.449999999999
Clever Consulting s.r.l.	8216.439999999999	8216.439999999999
Storm Technologies Ltd	8207.130000000001	8207.130000000001
THE CYBER ACADEMY	8207.119999999999	8207.119999999999
digit solutions GmbH	8181.660000000001	8181.660000000001
SurePoint Technologies	8111.52	8111.52
Hyperflex Technologies S. de R.L. de C.V.	8064.48	8064.48
Voodoo Technology Ltd. t/a Bright Cyber	8028	8028
EQUIPE MICROFIX	7961.089999999999	7961.089999999999
DEVENSYS CYBERSECURITY	7960.46	7960.46
Deutsche Telekom Business Solutions GmbH	7920.500000000001	7920.500000000001
Solutions Ited Inc	7894.860000000001	7894.860000000001
Service Express Europe Limited	7871.709999999997	7871.709999999997
M.Tech Holdings	7851.47	7851.47
Aptum	7800.24	7800.24
ScopeSky Communications LLC	7644.639999999999	7644.639999999999
Miicor Consulting, Inc.	7542.539999999999	7542.539999999999
BAMM! Technologies LLC	7514.76	7514.76
Leaders Solutions for Information Technology	7500	7500
Wavetel	7442.59	7442.59
araneaNET	7173.33	7173.33
GBM Honduras, S.A.	7145	7145
CyberHive Security	7056.789999999999	7056.789999999999
Saudi Business Machines	7007.44	7007.44
DELL	6968	6968
NCS Pte Ltd	6939.88	6939.88
NETILITY GmbH & Co. KG	6802.92	6802.92
Varghese Morarka Enterprise Security Solutions Private Limited(Indusone)	6787.5	6787.5
Five Rivers IT, Inc. (Reseller)	6720	6720
Pheron Technologies Group GmbH	6718.91	6718.91
Kontron SI, sistemske integracije, d.o.o.	6690.7	6690.7
MoreDirect	6630.99	6630.99
... [truncated at 400 non-empty rows; sheet has 730 rows]

===== SHEET: ALE by Partner (729r x 3c) =====
Direct v Channel	Channel
Sum of ALE	Column Labels
Row Labels	Q1 '25	Grand Total
Carahsoft	1095399.0433333332	1095399.0433333332
Infinigate Global Services Limited	566301.3213333334	566301.3213333334
Optiv	552314.3772413792	552314.3772413792
Emerging Modern Technologies for Publication	303820	303820
Starlink DMCC (UAE)	295940.04324324324	295940.04324324324
Climb Channel Solutions - US	262035.96871836862	262035.96871836862
BlueFinch B.V.	233672.3397765568	233672.3397765568
HANDD Business Solutions	223100.8782324345	223100.8782324345
CyberKnight Technologies	191556.15956937798	191556.15956937798
PT TTI Group Distribution	189372.2857142857	189372.2857142857
SHI International	148261.16217205347	148261.16217205347
Advania Norge AS	124019.27333333335	124019.27333333335
Pro2col	122802.38538084467	122802.38538084467
Tesla Consulting Pte. Ltd.	114443.99999999999	114443.99999999999
iSecurity Inc.	112333.38461538461	112333.38461538461
Satcom Infotech Pvt Ltd	112094.5	112094.5
SHI	104594.40000000001	104594.40000000001
GuidePoint Security	101641.20999999999	101641.20999999999
ThunderCat Technology HQ	100709.7	100709.7
CDW	98888.67	98888.67
Avant Communications	93840	93840
Yardi Systems, Inc	92413.75	92413.75
Cisco	78266.53133333333	78266.53133333333
Infinigate Global Services Europe B.V.	75429.3605	75429.3605
Haboob	74086.27894736841	74086.27894736841
Mid Atlantic Broadband	71173.85	71173.85
BAKOTECH S.r.o. (Czech Republic)	66309.78	66309.78
Alnahil Computer	65933.59999999999	65933.59999999999
Bulwark Technologies LLC	61561.9036923077	61561.9036923077
Korper ICT	56984.549705882346	56984.549705882346
Softcell Ltd	56800.62	56800.62
S4 Applications Limited	54935.229999999996	54935.229999999996
AL-Networks GmbH	54318.081499999986	54318.081499999986
Sysob IT-Distribution GmbH & Co. KG	53889.76725862067	53889.76725862067
Private Protocol	52608.8	52608.8
CFAO Group	52108.47	52108.47
Insight - US	49261.47285714286	49261.47285714286
J'S COMMUNICATION CO LTD	48401.600000000006	48401.600000000006
Aquion	46903.63452380953	46903.63452380953
INFINIGATE	46192.6795	46192.6795
Nexus Technologies, Inc.	45360	45360
Messagenet	40995.91203846154	40995.91203846154
Aqaio GmbH	39377.375	39377.375
COMPUTER SYSTEMS INTEGRATION LTD	38291.42	38291.42
M-Security Technology	38145.230769230766	38145.230769230766
Generic Systems Australia	36112.07800000002	36112.07800000002
Insight	36052.42588235294	36052.42588235294
Emerging Market Technologies Trading FZCO	33084.92	33084.92
Stone Forest IT Pte	32804.5643076923	32804.5643076923
Systex Corporation	32595.9645	32595.9645
iValue Infosolutions Limited	31732.52	31732.52
COMPUTER 2000 Bulgaria Ltd.	31487.545833333337	31487.545833333337
TECHSO	27912.989999999998	27912.989999999998
Vormittag Associates, Inc.	27047.2	27047.2
Innovative Solutions	27041.206153846157	27041.206153846157
BlackBridge	26814.523333333327	26814.523333333327
Qatar Datamation Systems	26505.7365	26505.7365
Grupo Incisive, C.A.	26210.79333333333	26210.79333333333
MO: MOTEX Inc.	25867.599999999988	25867.599999999988
TET Limited	25439.799999999996	25439.799999999996
Green Light Technology	25364.3625	25364.3625
NSS SA	25305.330000000005	25305.330000000005
Halock Security Labs	24360	24360
SYSTECH Technocraft Services Pvt.Ltd	24002.769999999997	24002.769999999997
SoftwareONE	22440.57266666667	22440.57266666667
RedZone Technologies	20452.4	20452.4
SMEUP ICS S.R.L.	20341.829999999998	20341.829999999998
Panasonic Information Systems	19381.379999999997	19381.379999999997
Insight - UK	19000	19000
Atlantic Data Security	18830.890000000003	18830.890000000003
Bulwark Saudi for Information Technology	18396.666666666668	18396.666666666668
SHI Singapore Solutions Pte. Ltd.	18250	18250
Security Matters	18217.1135	18217.1135
Systematik GmbH	17866.012023166022	17866.012023166022
Esperto Consultants Private Limited	17478	17478
SBL	17000	17000
Computer Gross S.P.A.	16600.030000000002	16600.030000000002
Gulf Business Center (GBC), Qatar	16427.175	16427.175
Sagitec Solutions	16335	16335
Accolm	16321.244285714289	16321.244285714289
Orange Cyberdefense Sweden AB	15346	15346
Cirilo Ayling SAIC	15212.076666666668	15212.076666666668
DXC Technology	15187.61	15187.61
Wavetel	15177.3	15177.3
South Asian Technologies (Private) Limited	14577.5	14577.5
Liquid PC	14341.690000000002	14341.690000000002
SmartNet Technology Co Ltd	13657.130000000001	13657.130000000001
System Source	13358	13358
Atos	12750	12750
Intellect Design Arena Inc	12712.62	12712.62
AT&T	12478.65	12478.65
AnyKey Technologies	12404.426	12404.426
SHI Corp	12000	12000
Information Union World	11718	11718
SOFTWARE GREENHOUSE S.A.	11323.84088235294	11323.84088235294
Disig, a.s.	11103.070714285714	11103.070714285714
ASSERTIVA	10989.5	10989.5
A-NETWORKS (PVT) LTD	10962.9	10962.9
DETECH AS	9888.076923076924	9888.076923076924
CloudSAFE Group, LLC	9858.215	9858.215
Tarlogic Security SL	9440	9440
Razorthorn Security	9083.039999999999	9083.039999999999
INDRA III SOLUÇÕES DE TECNOLOGIA DA INFORMAÇÃO PORTUGAL, UNIPESSOAL, LDA	9078.738947368422	9078.738947368422
Sanwa Comtec K.K.	9075	9075
ISSquare	8911.810000000001	8911.810000000001
Insung Digital Co., Ltd.	8778.48	8778.48
Data3V	8720.25	8720.25
T-Systems Hungary Ltd.	8118.310000000001	8118.310000000001
NSI	7988.125714285715	7988.125714285715
DEVENSYS CYBERSECURITY	7960.46	7960.46
Aptum	7800.24	7800.24
TD Synnex Canada	7226.629999999999	7226.629999999999
IMP Solutions	7009.875	7009.875
Service Express Europe Limited	6812.09	6812.09
Five Rivers IT, Inc. (Reseller)	6720	6720
CYBERSWAT (GROUPE CYBERSWAT INC.)	6678.886363636364	6678.886363636364
Formind Morocco	6548.970000000001	6548.970000000001
EMIB Consulting LLC	6494.088048780488	6494.088048780488
Ahead	6413.400000000001	6413.400000000001
Vizo Financial Corporate Credit Union	6413	6413
NSS Limited	6360.01	6360.01
Ballast Services	6335.75	6335.75
Tech Titan Distribution Sdn Bhd - Malaysia	6240.5	6240.5
SYSTECH Technocraft Services Pvt. Ltd	6219.200000000001	6219.200000000001
Rah Infotech Private Limited	5900	5900
Grupo Sypsa SAC	5844.160000000001	5844.160000000001
CT Cloud Design GmbH & Co. KG	5735.744666666668	5735.744666666668
Kirra Services	5727.9974999999995	5727.9974999999995
Tech Titan	5699.999999999998	5699.999999999998
ADD Systems	5610	5610
GBM Honduras, S.A.	5525	5525
ALSO Spain (ex IREO Soluciones)	5506.763333333333	5506.763333333333
CCZ BUSINESS SARL	5406.633333333333	5406.633333333333
Resonant Technology Partners	5110.4	5110.4
VAR ENGINEERING SRL	5052.627142857144	5052.627142857144
Dataprotect	5025.830499999999	5025.830499999999
Bakotech Sp. z o.o	4612.09	4612.09
PRIORITY QUALITY CONSULTANTS S.A.	4602.950769230769	4602.950769230769
Inter Engineering	4565.56	4565.56
Liberty Communications	4500	4500
Data#3	4421.304	4421.304
Avertium	4305	4305
TTNL	4197.5	4197.5
CDS Americas	4080	4080
CMCFlex	4000	4000
Information Union World Company Limited (IUW)	3932.2666666666664	3932.2666666666664
netzperten gmbH	3917.329230769231	3917.329230769231
Innovative Business Systems, Inc.	3753.75	3753.75
Trimin Systems, Inc	3750	3750
Hitachi Systems India Pvt. Ltd.	3738	3738
InfoTrust	3600	3600
NWD MICROAGE	3438.55	3438.55
ORION INNOVATION	3378.5	3378.5
Pelican Tech	3250.67	3250.67
ScopeSky Communications LLC	3094.16	3094.16
INSPIRA ENTERPRISE	3093.75	3093.75
INETUM Luxembourg S.A.	2922.6366666666663	2922.6366666666663
Huber & Associates	2868.57	2868.57
Data Protect Support	2808	2808
LIBERTY COMMUNICATIONS OF PUERTO RICO	2684	2684
Información Segura S.A de C.V.	2681.25	2681.25
PST Products	2678.65	2678.65
CREDE EXPERTO CZ	2594.9	2594.9
Sourcepass	2413	2413
Converge Technology Solutions US, LLC	2362.5	2362.5
GBM Costa Rica	2310	2310
IVSG LLC	2304.5	2304.5
SOLPAC Co. Ltd.	2231.625	2231.625
Neyond	2194.2916153846154	2194.2916153846154
Dos. Cinco, SA de CV	2144.88	2144.88
ef & ef Software- und Beratungsges. mbH	1998.0533333333333	1998.0533333333333
HEINZ GUNTER MESER	1884.44	1884.44
Simac	1846.44	1846.44
AdvancedBITS	1844.7999999999997	1844.7999999999997
BAMM! Technologies LLC	1821.6	1821.6
Yam Pong Corp	1762.4399999999998	1762.4399999999998
beSECURITY Pte Ltd	1700	1700
EQUIPE MICROFIX	1657.1899999999996	1657.1899999999996
OSI Vision	1647	1647
Sycomp A Technology Company, Inc.	1643.2	1643.2
S.I.T. GmbH & Co. KG	1585.5933333333332	1585.5933333333332
NEXT-IT EXPERTS S.A. de C.V.	1575	1575
Trace3	1551.9993043478262	1551.9993043478262
Briteskies LLC	1522.4649999999997	1522.4649999999997
apia systemhaus gmbh	1476.1466666666665	1476.1466666666665
Edgetec Systems (Pty) Ltd	1425.55	1425.55
EASI - Belgium	1398.82	1398.82
ACE TECHNOLOGY INC	1341.32	1341.32
OnePath	1260	1260
Move AS	1196.4	1196.4
SSI Sviluppo Sistemi Informativi srl	1171.668	1171.668
Unfake Corporation	1152.76	1152.76
The Eniac Corporation	1143.4499999999998	1143.4499999999998
Lumin8 Transportation Technologies	1136.4499999999998	1136.4499999999998
Distribution Service Technologies, Inc.	1124.328	1124.328
CTC Global Sdn Bhd	1101.9113333333335	1101.9113333333335
Softcat Plc	1059.8922857142857	1059.8922857142857
Akhter	1050	1050
NFORCE SECURE PUBLIC COMPANY LIMITED	1028.5714285714284	1028.5714285714284
GROUPE INFORMATIQUE PRESENT	986.52	986.52
Leitwerk AG	970.2399999999999	970.2399999999999
SECURUM Technologies	966.8589999999999	966.8589999999999
Networld Corporation	934.5599999999998	934.5599999999998
Hanacompany Co Ltd.	900	900
Hitachi Solutions, Ltd.	859.0635	859.0635
CROSS POINT SOLUTION CO LTD	857.27	857.27
UNICC INTERNATIONAL COMPUTING CENTRE	855	855
TELUS Corporation	744.0399999999997	744.0399999999997
Net One Asia Pte Ltd	675.025	675.025
Joule Tech Singapore	665.6199999999999	665.6199999999999
Computer Aware	640	640
MediaCircle GmbH	599.37	599.37
Etek	568.7	568.7
THE CYBER ACADEMY	546	546
Axians	504.31	504.31
Rabita Software	493.20000000000005	493.20000000000005
TI: TIS Inc.	453.12	453.12
NS	403.43999999999994	403.43999999999994
Insight Direct, USA	264	264
JCD COMMUNICATION	261.12	261.12
GOSECURE INC	221.76999999999998	221.76999999999998
ESI TECHNOLOGIES	176.07	176.07
CYBERCAL	0.002173913043407083	0.002173913043407083
REAL Security d.o.o.	0	0
Deutsche Telekom Business Solutions GmbH	0	0
FOLIATEAM OPERATEUR	0	0
WEI	0	0
Insight Public Sector - New Jersey T3121	0	0
Entisys360	0	0
Eviden Singapore	0	0
Voodoo Technology Ltd. t/a Bright Cyber	0	0
Dell Technologies	0	0
BahFed Corp	0	0
TECNOAV	0	0
ACPL Systems Pvt. Ltd.	0	0
Insurity Canada Inc.	0	0
TTS Company Sp. z o.o.	0	0
SurePoint Technologies	0	0
Controlware GmbH Kommunikationssysteme (M)	0	0
Detech Bilisim Teknolojileri San. Ve Tic. A.S	0	0
ABPCyber Pte. Ltd. fka Tindo Pte Ltd	0	0
Systemcom Co Ltd	0	0
M.TECH SOLUTIONS (INDIA) PVT LTD	0	0
Innovation Network Technologies Corporation	0	0
PTC Systems Sdn Bhd	0	0
Swish Data Corporation	0	0
Sumisho Computer Systems (USA) Inc.	0	0
Blue Yonder, Inc.	0	0
ARKYS SYSTÈMES	0	0
Tenfold Security Consulting Inc.	0	0
CTCSP Corporation	0	0
Key Code Media	0	0
Telecom Liechtenstein	0	0
Y365	0	0
Compugen	0	0
Mindpoint Group	0	0
AGIO	0	0
Atlantic Data Security LLC	0	0
Storm Technologies Ltd	0	0
Solutions Ited Inc	0	0
Vohkus	0	0
Oxygen Limited	0	0
Westinghouse Nuclear (Partner)	0	0
HelpAG	0	0
Datacom New Zealand	0	0
ABBA Networks, SAPI de CV	0	0
RKON Technologies	0	0
T2S - Tecnologia de Informação Ltda	0	0
Motorola Solutions Singapore Pte Ltd	0	0
Consortium Networks LLC	0	0
Qtech Services	0	0
VNE	0	0
Assurance Data, Inc./ Federal	0	0
NTT DATA Deutschland GmbH - Ettlingen	0	0
4Prime sp. z o.o.	0	0
HCL Technologies Limited	0	0
Barq Systems Egypt	0	0
Hitachi Systems Security Inc. (Customer)	0	0
Telmedia	0	0
Value Point Techsol Pvt Ltd	0	0
Transform8tion	0	0
Bridgenext	0	0
Enterprise Consulting Group	0	0
World Wide Technology	0	0
DYNACONS SYSTEMS AND SOLUTIONS LTD.	0	0
UPINFO	0	0
Syntax Systems Limited	0	0
Locked Stack	0	0
The CBORD Group Inc.	0	0
Syner Solutions Technologies Inc.	0	0
Sisap	0	0
Accenture Ecosystem Sourcing Services, Middle East	0	0
Toshiba	0	0
Seti & Sidif Dominicana, SRL	0	0
MONDATA	0	0
OKIOK DATA LTÉE	0	0
Consult Dan Cook, LLC	0	0
Tik Tok	0	0
Forequest Technologies	0	0
Telstra Limited	0	0
Totalsec SA de CV	0	0
Netlogic SRL	0	0
Digital Hands	0	0
Jeraisy Computer & Communication Services	0	0
E-Access Pvt Ltd	0	0
Extreme Technologies PLC	0	0
Syntax Systems USA, LP	0	0
PRIVAL	0	0
Eaton & Associates	0	0
Cyderes Group LLC	0	0
Kanematsu Electronics	0	0
NetCon IT-Security GmbH	0	0
CS Business Systems	0	0
Trafford IT Sp. z o.o. Sp.K.	0	0
Traco Systems A.S.	0	0
UNIKBOX SOLUTIONS INFORMATIQUES	0	0
TECHNICOM	0	0
Task Force IT-Consulting GmbH	0	0
Transcend Solutions Pte Ltd	0	0
PSYND	0	0
Datacom Systems (AU) Pty Ltd	0	0
Stichting Beheer ICT Rechtshandhaving	0	0
Anacapa Micro Products, Inc.	0	0
KEENVIEW INC	0	0
digit solutions GmbH	0	0
LGIT Computers	0	0
Triangle Computer Services	0	0
DLT Solutions, LLC.	0	0
Tri-Delta Resources	0	0
Network Intelligence India Pvt Ltd	0	0
LOCKDOWN IT	0	0
LUTESSA	0	0
Sirar By STC	0	0
Groupe de Technologies Nouvelles (GTN)	0	0
Truis Pty Ltd	0	0
HighStrat Consulting	0	0
Sterling Computers	0	0
Netsecurity	0	0
Rocksolid Establishment	0	0
Whiteboard IT Solutions	0	0
Carousel Industries	0	0
WilData Healthcare Solutions, LLC	0	0
SYSTEM SOLUTIONS LUXEMBOURG	0	0
TechNet Enterprises	0	0
ACESI	0	0
NetNordic Norway AS	0	0
MICROAGE DRUMMOND INFORMATIQUE LTEE	0	0
Bechtle NV	0	0
TVAR Solutions	0	0
M.Tech (Shanghai) Co.,Ltd	0	0
Presidio Government Solutions, LLC	0	0
Teksetra	0	0
PT SISTEMS ASIAN TEKNOLOGI	0	0
Telecomunicaciones  Digitales S.A.	0	0
Tegra Solutions Limited	0	0
HCL America Inc.	0	0
Gotham Technology Group, LLC	0	0
Yokogawa Electric Corporation	0	0
Insight / AZ	0	0
Grupo Radical Ecuador	0	0
ASEE Solutions d.o.o. Beograd	0	0
Varghese Morarka Enterprise Security Solutions Pvt. Ltd.	0	0
Exclusive Networks PH Inc	0	0
ICO Limited	0	0
Exclusive Networks - India	0	0
Security Innovation, Inc.	0	0
VAR GROUP SUISSE SA	0	0
Mi Mi Informatics Joint Stock Company	0	0
Etqan Information Technology Systems LLC	0	0
Unisys Corporation	0	0
Securado	0	0
Valcallidus Olaf Kozłowski	0	0
Aplidigital Comércio e Serviços de Tecnologia LTDA	0	0
Varghese Morarka Enterprise Security Solutions Private Limited(Indusone)	0	0
DANSLENUAGE.QUEBEC INC	0	0
CYOLOGY LABS	0	0
Bayside Solutions Inc.	0	0
Eviden Services, Inc.	0	0
Systembetreuung Hofmann GmbH	0	0
Versos	0	0
CEC: Computer Engineering & Consulting Ltd.	0	0
Vertisoft	0	0
MOBIA TECHNOLOGY INNOVATIONS	0	0
Eviden Czech Republic s.r.o	0	0
MTF Solutions AG	0	0
VIET SUNSHINE ELECTRONIC SOLUTION JOINT STOCK COMPANY	0	0
Kontron SI, sistemske integracije, d.o.o.	0	0
Mainline	0	0
GBM Dominicana,S.A.	0	0
SEKYURITI	0	0
Data Sec	0	0
NRB REVENDEUR	0	0
Open Systems International, Inc. (OSII) / AspenTech	0	0
BB2 Technology Group, Inc.	0	0
Leaders Solutions for Information Technology	0	0
Summit Business Associates	0	0
Integrity360	0	0
... [truncated at 400 non-empty rows; sheet has 729 rows]

===== SHEET: Billings by Partner & Brand (1524r x 31c) =====
Quarter	(Multiple Items)
Direct v Channel	Channel
USD Currency	(All)
Sum of USD Currency	Column Labels
Row Labels	Agari	Alert Logic - MDR	ASM	BI	BoKS	BSEC	Cap Mgmt	Cobalt Strike	Core CTS	Core IGA	CTP	Cybersecurity	Data Classification	DDI	Digital Guardian	Doc Mgmt	Globalscape	MFT	Network Monitoring	Outflank	PhishLabs	PowertechX	RPA	SM	Terranova	Tripwire	Vera	WLA	(blank)	Grand Total
Optiv	406631.5					0		50353.009999999995	56912.42	11400	10479		1434834.73	0	3877710.060000001					23417.5	551121.97				57231.21000000001	10475637.75999999	215680.24		364723.95999999996	17536133.35999999
Carahsoft	564877.52				158710.35			3154890.2300000056	806040.6500000001		256851.39	59451.729999999996	4385984.069999999		4931543.430000002		633400.4200000004	1013824.5500000012	33728.63	206353.05	89736.67	9728	4914.18	7256.5	64620		0	47008.57	27696.370000000003	16456616.310000008
Softcat Plc											838855.8599999996							1041.4300000000005								3819114.2200000007			1869687.37	6528698.880000001
SHI International	1371249.3800000004	4884		4478.15					6302.78		200775.83000000002	13183.54	697622.6000000001		2447605.56	398.75	440732.46000000014	21490.490000000005			210439.97999999998		121755.45999999998	14549.279999999999	60823		119300	198146.33000000002	151206.02	6084943.609999999
e92plus	137030						44359.82	172232.62	187002.89999999997		3337636.999999999		1607234.6287729994	5040	2681.68			56304.37999999999		416485.32999999996							6563.371499999999			5972571.730272998
Climb Channel Solutions - US	52736.01							42231	27720		113610.06999999988	5761.8	15050	72098.4			4273917.860000001	397282.86000000016		48307.5	119797	30950	8000.549999999999		11793.419999999998				396559.42999999993	5615815.900000001
Unisys Corporation							5495344.729999999																							5495344.729999999
CDW															459622.25999999995		27635.699999999997							0		4627472.629999999			277272.18000000005	5392002.769999999
GuidePoint Security	963709.4299999999							42334.9					129270		3544105.4300000006					42417.5	218168.55000000008	90819				156245.56				5187070.37
BlueFinch B.V.											73455.72000000002	24583.84				2412.56		4524491.340000005												4624943.460000006
Fortra, LLC																	3132122.6900000027													3132122.6900000027
HANDD Business Solutions							78793.48000000001	19589.659999999996	14454.27		43662.64		213934.02708799997				785754.0100000002	1745429.1099999961		17907.5									103328.92	3022853.6170879966
TVAR Solutions																										2814968.4500000025			144302.37999999998	2959270.8300000024
SoftwareONE	85534			5752.17	-14154.179999999997		0	22994.44			1616823.06	79116.88	49380.083999999995				462526.31	31114.82	5038.589999999998				36792.01	-2.2737367544323206e-12		121164.54000000002		39094.82		2541177.5439999993
SHI													0													1653764.5500000003			885620.02	2539384.5700000003
CyberKnight Technologies								161893.52	214284.53		47926.200000000004		1403247.1900000002		212365.9			436900.9100000002		50517.58					4231					2531366.8300000005
SCC											2108591.5							50630.32							74054.76000000001	3700.03				2236976.61
Iron Bow Technologies HQ								283200											1929939.5899999999							8442.72				2221582.31
S.I.T. GmbH & Co. KG	8429.75										2125661.93		21334.54																	2155426.22
DeFY Security, LLC	463070							36165.48							1446005					44075.25										1989315.73
FCN Inc Technology Solutions																										1796739.1599999997				1796739.1599999997
Bulwark Technologies LLC											75104.08000000002		239725.16999999998		198297.5			1239908.67	19630.120000000003				0							1772665.54
Messagenet						2405		7884.359999999998	9296.29		4714.6	5066.63	7382.4	3214.25	48480	4536.58	7429.94	1582555.8599999968		5607.29			785.84		1080			16090.960000000001		1706529.999999997
Pro2col											44452.79000000001						816323.6400000013	755057.7300000002					15700.159999999998					6775.8	56496.72999999998	1694806.8500000015
Sirius Computer Solutions	549722.33									-24232		0			5400		2663.9700000000003	-1.1823431123048067e-11						19575		1036643.5				1589772.7999999998
Insight													22659				210138.79000000004									1097491.5199999993			164061.22000000003	1494350.5299999993
Cisco	177236																								1292372.4700000004					1469608.4700000004
S.I.T. Secure Internet Traffic	240860.79										1087836.1300000004		40653.47																	1369350.3900000004
Axians											1259360.9900000002																			1259360.9900000002
Aquion								18683.39	45077.61		17316.02		276530.34				693471.0499999995	125471.9				26970.98	13263.480000000001						15173.369999999999	1231958.1399999994
NetCon Unternehmensberatung GmbH	0										1186544.0699999991																			1186544.0699999991
Bakotech Sp. z o.o								78511.31	9161.75		12365.330000000002		341476.56590200006	-7580.96	619131.37			14059.57		59151					4984.23		25587.5			1156847.6659020002
Computacenter (UK) Ltd	212238.92000000004									11497.49					380475											535924.7400000001				1140136.1500000001
Panasonic Information Systems															1136142.0499999998															1136142.0499999998
IT2 Trust AS								32952.36	8125.14		409187.2799999999		584936.5798000001		0			70459.03		17739.09										1123399.4798
Atlantic Data Security													523974.64		556727.6											0	38037.04			1118739.28
Emerging Market Technologies Trading FZCO	83000							51818.42	63804.42		15289.44		442702.4	20006.93	195429			41550.71000000001		83185.35					32142.4					1028929.07
AT&T						5247.869999999999								980025.3599999994											21485					1006758.2299999994
CAPGEMINI UK PLC											1006686.8																			1006686.8
iSecurity Inc.															965073.4399999997												22581.25			987654.6899999997
SBL																										647806.24			339017	986823.24
Green Light Technology											14820.980000000001	26837.759999999995				260.81		927426.7499999984					3541.98	5866.199999999999						978754.4799999984
Presidio	130676.5														716705.3200000001		86937.66000000002									43271.100000000006				977590.5800000001
iValue											706088.22		269093.82																	975182.04
Systematik GmbH											42720.74							920506.959999999												963227.699999999
Softchoice	41938												21227.93		0								139276.05000000016		119481.01999999999	594636.57		13330.829999999998		929890.4
Haboob																										879485.3999999999				879485.3999999999
Verinext Corp															864002.64															864002.64
Insung Digital Co., Ltd.													14420		838012.6900000001															852432.6900000001
Dealertrack Inc																840885.1199999937		-3433.77												837451.3499999937
SynerSolutions Technologies Inc													398221.2050000001		296877.29000000004										140107.24					835205.7350000001
World Wide Technology									77868													153690		14048.76		562094.16				807700.92
Boxxe Ltd											796335.6000000002		4859.2872																	801194.8872000002
South Asian Technologies (Private) Limited				184981.71							4367.43	345440.6199999999	18086					13814.870000000004				28269.56		188990.37999999992						783950.5699999998
NCSECU																					778585.5									778585.5
Northdoor Plc (reseller)												606134.3799999999												144030.61000000004						750164.99
ePlus	203060	11868												56365.189999999995	92023.92			-2826.81	0							6178.16	11200		372129.3	749997.76
Sysob IT-Distribution GmbH & Co. KG											504133.28000000014							238337.12999999998												742470.4100000001
RNS Technologies																										718410.1099999999			15270.81	733680.9199999999
DLT Solutions, LLC.													719225.92																	719225.92
Globalscape																	712598.23													712598.23
DETECH AS								37184.479999999996	9812.88				620922.904331		27522			4294.529999999999		0										699736.7943310001
SHI International Corp	609225																				19200		38168.840000000004		20700					687293.84
Generic Systems Australia											42016.67999999998					490.21		630740.129999999												673247.019999999
apia systemhaus gmbh											660574.3999999997																			660574.3999999997
SYSTECH Technocraft Services Pvt. Ltd											4304.25						621902.8699999996	23608.3											4472.130000000001	654287.5499999997
Bright Nexus (M) Sdn Bhd												4756.88														621043.6699999999			23070	648870.5499999999
Data Partner Inc.		647700.0000000001																												647700.0000000001
AccessAgility LLC											599628																			599628
Liquid PC	76684							-3345.3	15631.92			17876.16	29177.64		271976.5		997.4300000000001	20369.440000000002	567.51			42352.8	70843.46					46169.100000000006		589300.6599999999
AL-Networks GmbH																	571136.2300000006												17345.77	588482.0000000006
Inter Engineering											567954.7400000002																			567954.7400000002
Korper ICT																	171958.45000000007	100024.6					288158.79999999976							560141.8499999999
OneTeam IT Pty Ltd												365183.08000000013												183660.06				0		548843.1400000001
SITE																										546207.14			1875	548082.14
Pro TECHnology																										541499.6900000001				541499.6900000001
Computer Gross S.P.A.						0		77514.2	151882.94		3336.760000000002		137735.6952	22869.209999999995						120367.33				8073.269999999999						521779.40520000004
Private Protocol				5785.65				33837.81	62560.64			111693.01	179396.4					55745.41	3901.4	21090				35937.25	9555					519502.57000000007
Zones											0							12585.209999999994					5923.67			335217.58			161161.7	514888.16000000003
Ignition Technology Ltd															511255.13000000006															511255.13000000006
S4 Applications Limited								164192.89000000004	174174.36000000004					16388.96						154984.77999999997										509740.9900000001
Castle Ventures Corporation															509516.36															509516.36
Trustmarque Solutions											507689.25999999995																			507689.25999999995
Aqaio GmbH								141220.61000000004	72252.19					4642.36	123220.57					150273.46000000002			2062.16							493671.35000000003
Cyberani Solutions																										476843.59000000026				476843.59000000026
Trace3	46000.19							5988.85							372799											50120				474908.04
Satcom Infotech Pvt Ltd	2730												179184.58000000002		34738.31											256974.42				473627.31000000006
Accolm																	169079.7499999999	277296.55					3085.94						22779.810000000005	472242.04999999993
Saudi Paramount Computer Systems																										453571.08			13375	466946.08
BAKOTECH S.r.o. (Czech Republic)								37594.8					157168.86		257003.55999999997										1657.18					453424.39999999997
AmiViz													437553.67														3050			440603.67
Tech Mahindra Limited							66484.56					126348.58000000002												244199.59999999998						437032.74
Amazon Web Services		429061.95999999996																												429061.95999999996
Bechtle Logistik & Service GmbH											409075.28000000014															19738.33				428813.61000000016
DXC Technology Australia Pty Ltd											428048.29000000004																			428048.29000000004
Starlink DMCC (UAE)								11725	86550				129401.8		183943.4										11544					423164.19999999995
BlackBridge																261.22		396111.03000000014					4641.69							401013.9400000001
Gulf Business Center (GBC), Qatar																										399714.1899999999				399714.1899999999
Security Matters											8570															382874.2800000001			1875	393319.2800000001
SOLPAC Co. Ltd.				108438.19999999998								54917.78999999999						217823.10000000003						1426.55						382605.64
Telenet											370215.31																			370215.31
COMPUTER 2000 Bulgaria Ltd.								20611.06	13387.5		54008.76999999999		66338.98999999999		194018.5					8075					10038.07					366477.88999999996
J'S COMMUNICATION CO LTD								303634.30999999994	47369.52999999999											15390										366393.8399999999
Partenor Digital							366250.68																							366250.68
Vizo Financial Corporate Credit Union														363658.2200000001																363658.2200000001
Cybercx											279543.1500000001															83045.49				362588.6400000001
An4 Group Ltd																													357852.60000000003	357852.60000000003
CT Cloud Design GmbH & Co. KG											353363.32																			353363.32
Hitachi Solutions, Ltd.											346223.53999999975															2134.7				348358.23999999976
IBM			9599.539999999999									81881.27000000002	45104.13											0		199131.47			2188.689	337905.09900000005
Inversion6														322981.22							10200									333181.22
AccessIT Group Inc.	329314.95																													329314.95
Move AS											30569.76							292685.4199999999					1811.88							325067.05999999994
Softcell Ltd																										318900.27999999997			400	319300.27999999997
Simplified IT													318932.52610400005																	318932.52610400005
PT TTI Group Distribution								9085.41	28350				66065.45		131081.97999999998						47250					36942.75				318775.58999999997
NCS Pte Ltd																										268201.94999999995		44291.44		312493.38999999996
E-xpert Solutions											65586.44		244134.49152																	309720.93152
SoftwareOne BE B.V.								26594.190000000002			194166.3									80301.09										301061.57999999996
ESI TECHNOLOGIES																					13436.45				286414.7100000001					299851.1600000001
Netfox AG											297255.22000000003																			297255.22000000003
ALSO Spain (ex IREO Soluciones)								33812.89	13395.67		13079.42		218068.56400000004					6864.9		7747.09					2456.83					295425.3640000001
Kudelski Security	192808.35																									97701.67000000001				290510.02
Var Engineering S.r.l.							202924.33000000002					59263.10999999997						0	1128.3				13418.799999999997	13173.75						289908.29
Inventum A.S.																	279860.69												8905.58	288766.27
Presidio HQ																										286653.81999999995				286653.81999999995
INFOSEC BILGI TEKNOLOJILERI LTD																										283768.93				283768.93
EMIB Consulting LLC			63536.340000000004									59021.600000000006						146211.60999999993					5715.35	8204.92						282689.8199999999
Medhost of Tennessee, Inc.				278396.43999999994								2331.05												1938.79						282666.2799999999
Insight - US	44569.5			2291.4				7080			81398.75								6410.78	17100			43188.01000000001					78397.20999999999		280435.65
IT Federal Sales									242174.65000000002			36486.149999999994																		278660.80000000005
Sterling Computers																										222101.78000000006			54575.1	276676.88000000006
SmartNet Technology Co Ltd						3499.2		40857.03	173371.41000000003											30067.5	28000									275795.14
Sanwa Comtec K.K.			18936.61																				254772.66000000018							273709.2700000002
Insight Enterprises, Inc.															273630.67000000004															273630.67000000004
Atos															159903.08000000002			72791.47								39443.01				272137.56
Bridgeway Communication System, Inc.											30229.75							239544.90999999992												269774.6599999999
Insight Direct, USA															269339.71															269339.71
Syner Solutions Technologies Inc.								112724.43					10472.75							144400										267597.18
SMEUP ICS S.R.L.			245707.24000000043	6632.929999999999								7774.62												6666.05						266780.84000000043
COMPLETE SOLUTION FINDER PRIVATE LIMITED											1352				256547.16										5523					263422.16000000003
Hemaya IT																										245637.06000000006			15521.189999999999	261158.25000000006
IMP Solutions																										258486.22000000003				258486.22000000003
Securado																										241055.13			16875	257930.13
Detech Bilisim Teknolojileri San. Ve Tic. A.S													249493.53999999998		7254															256747.53999999998
Servium Limited											253124.76																			253124.76
MO: MOTEX Inc.																										240954.07869999987			8654.9193	249608.99799999988
NTT Data																										246460.96800000002			435.50000000000006	246896.46800000002
Solutions II, Inc.												240464.7												4500						244964.7
Nexum															243660															243660
Mainline								13435.510000000002	0			-13672.550000000001								32450.17		177750.33		15865.53000000001	16868.25					242697.24
Transform8tion																										236865.47000000006			2000	238865.47000000006
M.Tech Holdings Pte Ltd						9208.64			12688.25			2142.53	210307.49999999997																	234346.91999999998
Data#3								0	-13381.2		145466.91000000003							29894.63999999999					1998.59			14134.140000000001		27047.78	29120.670000000006	234281.53000000003
JB Service															230913.38999999998															230913.38999999998
NTT Australia Pty Ltd											230083.25																			230083.25
LOAD SYSTEMS AB																								229788.41000000018						229788.41000000018
Gulf Business Machines Dubai												7035.039999999998														222086.32				229121.36000000002
I(TS)2																										224547.08000000002			3750	228297.08000000002
PT SISTEMS ASIAN TEKNOLOGI												200954.06												26000						226954.06
Access 2 Networks																										224866.28				224866.28
Unicorp Technologies																										208884.79999999996			13684.640000000001	222569.43999999997
Towerwall, Inc.		221127.03999999998																												221127.03999999998
M.TECH SOLUTIONS (INDIA) PVT LTD																										219742.71				219742.71
Data Sec																										219218.68				219218.68
Dartalis											218202.38999999993																			218202.38999999993
GOSECURE INC																					22310.28				195145.17					217455.45
The Eniac Corporation				9553.720000000001								41278.899999999965						151065.01000000007					20672.05	-12267.369999999974				5564.48		215866.79000000007
Yokogawa Electric Corporation																										204412.27999999997			10653.380000000001	215065.65999999997
Wavetel						36962.119999999995		89306.64	74436.09											13205.68										213910.52999999997
Infinigate Global Services Limited											95881.16999999998		56584.31		55743.76			5309.7300000000005												213518.97
VIET SUNSHINE ELECTRONIC SOLUTION JOINT STOCK COMPANY															176106.76						35000									211106.76
Integration Technologies Group, Inc. (ITG)																										210931.02000000002				210931.02000000002
EMT Group													210016.52																	210016.52
Bell																					-19673.269999999993				228604.08000000005					208930.81000000006
Global E-Director Limited																	206676.68												1428.07	208104.75
Totalsec SA de CV													200263.34													7584.799999999999				207848.13999999998
Huber & Associates												167812.49999999994				24896.42							3876.01	10260.59						206845.51999999993
STC Solutions																										146451.48			59734.450000000004	206185.93000000002
INFINIGATE				2891.41				21887.88					80865	10712.97	17682			57698.89		10536.14										202274.29000000004
Natica IT Consulting																										200441.64000000004				200441.64000000004
Dotforce Spain	198450																													198450
Long View Systems Corp																									17338.18	166509.47000000006			13500	197347.65000000005
CREDE EXPERTO CZ				23275.920000000013								8851.27				4183.54		137950.37999999998						18695.769999999993				2708.9		195665.77999999997
Connection HQ															65675											125478.89000000001			2643.15	193797.04
Mi Mi Informatics Joint Stock Company								5325.93	29868.75				155660																	190854.68
Exclusive Networks											176999.63				12534.12															189533.75
Swish Data Corporation								23650.53					165445.31																	189095.84
Novacoast													99414.61000000002														89495.76000000001			188910.37000000002
OSI Vision														188773.19000000003																188773.19000000003
GuidePoint Security / Federal																										218606.12999999998			-30261.15	188344.97999999998
Vormittag Associates, Inc.																187399.12999999998														187399.12999999998
Computer Solutions																					119137.53				65747.47					184885
TELUS Security Solutions HQ																										183413.89				183413.89
Software Information Resource								0			11572		13860					15116.07								141909.36000000002				182457.43000000002
Dataprotect																										156122.56			25713.41	181835.97
Gulf Business Machines Qatar												180780.36999999982																		180780.36999999982
SB C&S Corp																										169447.92619999993			11015.6174	180463.54359999992
Alacrinet Consulting Services, Inc.															180223.9															180223.9
InfoTrust	178915.29																													178915.29
ISA Cybersecurity Inc.															178848															178848
Genuine Global (aka GenuineXs LLC)																										178658.83000000002				178658.83000000002
Mission Critical Systems LCC																					178000									178000
Exclusive Networks S.L	173164.4																													173164.4
ASSERTIVA								5044.5																		167772.39				172816.89
Mannai Corporation																										171414.67000000007				171414.67000000007
Cybolt																										65306.670000000006			105941.79000000001	171248.46000000002
CyberOne									10635.53						160020															170655.53
Nextret SL																		137678.65999999995					9667.44					21978.57		169324.66999999995
Grupo Incisive, C.A.			900	0								78195.86000000002						24350.18				10702.8		53956.37						168105.21000000002
BT Global Services Belgium													51941		114584.32															166525.32
Revenue Solutions, Inc - RSI																												166331.41		166331.41
Spike Reply															99699.32999999999											66198				165897.33
NETILITY GmbH & Co. KG											165470.37000000002																			165470.37000000002
Paramount Computer Systems									16008.81				74160													73998.71				164167.52000000002
LANtana Gesellschaft fuer angewandte Daten- und Netzwerktechnik mbH											164143.42																			164143.42
Hermitage Solutions											163909.09999999998																			163909.09999999998
iValue Infosolutions Limited													162910																	162910
Bay Computing Co																										161380.41				161380.41
Kontron, d. o. o.,											139839.50000000003															20248				160087.50000000003
PRICE WATERHOUSE COOPERS CONSULTORES SA			117970.01999999999									12418.1							0			28607.82								158995.94
SBAS (Hong Kong) Ltd				158422.23000000004																										158422.23000000004
KD Service & Consulting GmbH & Co. KG											156581.24000000002																			156581.24000000002
Cresting Wave																											154302.63			154302.63
Levi, Ray & Shoup Inc.												46387.88				2491.59								103442.66999999998						152322.13999999998
ABPCyber Pte. Ltd. fka Tindo Pte Ltd																										151790.47000000003				151790.47000000003
Netsecurity											149773.38999999998																			149773.38999999998
RKON Technologies																										148987.02				148987.02
Tech Titan Distribution Sdn Bhd - Malaysia								1792.7800000000002	77770		34798	21700								11400										147460.78
NSS SA								35506.229999999996	21846.3				13405.910000000002	31879.389999999996				22571.020000000004		20475.79										145684.64
AKAT Technologies																										144863.22				144863.22
Click Networks Inc.						144000																								144000
BB2 Technology Group, Inc.																								142709.26						142709.26
Securelink																													141600	141600
SOFTWARE GREENHOUSE S.A.												37021.02						54166.270000000004					50173.68000000001							141360.97000000003
SYSTECH Technocraft Services Pvt.Ltd																	139987.14000000004													139987.14000000004
iON United													24720		112495															137215
Accenture											26519.34							101788.96								8812.64				137120.94
Kite Distribution Ltd	136741.7																													136741.7
ValuePoint Techsol Pvt Ltd	119700										16830																			136530
ORION INNOVATION																									136478.38999999998					136478.38999999998
Complete Solution Finder Pte Ltd.													56409		78446															134855
CCP Software GmbH											48187.54		86484.39																	134671.93
Tech Titan								44233.64	41803.130000000005											47654.619999999995										133691.39
Logicworks MSP		131712																												131712
CDS Americas			-2101.65	21676.19								66046.81999999999						744					813.0199999999995	44168.26000000001						131346.64
CS Business Systems																										5284.799999999999			125776.29999999999	131061.09999999999
NSS Limited								18342.52	9995.77				5402.139999999999		18848.34			16158.6		61979.02										130726.39000000001
Tawasol Integrated Telecom LLC																										129649.5				129649.5
Greschitz Management GmbH	0										129622.65000000002																			129622.65000000002
RedZone Technologies														129485.16000000002																129485.16000000002
Data3V																	125717.95999999995												2615.85	128333.80999999995
GBM Costa Rica			5500									81994.77000000002										3234							36434.4	127163.17000000001
Trade Collaboration Engine, Inc. dba TC Engine													127160																	127160
Triangle Computer Services											100231.92													26540.069999999985						126771.98999999999
DLT Solutions																										9093.75			117548.79000000004	126642.54000000004
Neosecure	125844.4																													125844.4
Eviden Czech Republic s.r.o															124653.26000000001															124653.26000000001
NTT Luxembourg PSF S.A											124347.36																			124347.36
Eviden AG (Switzerland)															123991.8															123991.8
Kirra Services																										123328.79999999999				123328.79999999999
Compunet Inc															123325															123325
Avant Communications		129308.04000000001																											-7700.040000000001	121608
Fortified Health Security													0		121570.22															121570.22
Flexential		88874.04000000001																											32400.000000000004	121274.04000000001
LOUPREY INTERNATIONAL			107734.15	1928.92								10866.109999999999												723.2						121252.37999999999
Future Com															121070.17															121070.17
T2S - Tecnologia de Informação Ltda																		120901.85000000002												120901.85000000002
Bulwark Saudi for Information Technology													61930		58860															120790
SurePoint Technologies				120639.26																										120639.26
Mindpoint Group															120448.09999999998															120448.09999999998
Asiapeak																		119399.64000000001												119399.64000000001
Eviden Atos  Austria Gmbh  IT Solutions and Services Austria															118641.47															118641.47
DXC Technology																										115229.69000000002		6936.56	-4500	117666.25000000001
Softchoice (US)															117552															117552
NxGen Asia Pte Ltd												3231.0299999999997												114056.60000000002						117287.63000000002
GA Software Technologies Pvt Ltd																										115101.00000000001				115101.00000000001
Innovative Solutions																													112718.89	112718.89
NetTects LLC HQ																										20320.95			91820.74	112141.69
The CBORD Group Inc.																							112092.69000000006							112092.69000000006
Information Union World															112016.14															112016.14
CCZ BUSINESS SARL																									111819.88					111819.88
AUTOMATE BRASIL - CIBER DATA SISTEMA DE INFORMAÇÃO LTDA																							109974.14000000004							109974.14000000004
OnePath		4377																											105480	109857
VAR ENGINEERING SRL				4774.93			0					-5938.559999999999						-9456.749999999998					39853.93000000001	70634.67000000001				9345.9		109214.12000000002
BARTECH SOFTWARE Y SERVICIOS S.L.				25875.170000000002								51403.52000000002						12939.910000000002					9115.519999999999	8704.89				994.34		109033.35000000002
LC Networks Communication (LCNC)						47046		15220	46200																					108466
Redsisusa del Ecuador CIA LTDA											8348.76							88799.44999999992										11100.969999999985		108249.1799999999
Island Pacific Systems, Inc.				107691																										107691
CLIP Tecnologia SpA												87079.64						9040.640000000001					10800							106920.28
Perfect Presentation																										19125.44			86326.43	105451.87
NetNordic Norway AS																		105091.69												105091.69
LargeNet GmbH											104165.38000000003																			104165.38000000003
Crucial Systems and Services													0		104019.43999999999															104019.43999999999
iVision		103989.95999999999																												103989.95999999999
Intellect Design Arena Inc																		103608.62												103608.62
CTC Global Sdn Bhd																										102844.27999999998				102844.27999999998
Secure Networks																										102694.00000000001				102694.00000000001
MV3 Tecnologia da Informação																							102681.65000000001							102681.65000000001
Sheng-Bo Technology Corp.											101511																			101511
netzperten gmbH																			100489.73000000003											100489.73000000003
Cyber Self-Defense														100256.12																100256.12
HelpAG																										99787.53				99787.53
Scitum S.A. de C.V.									99225																					99225
Dell | ASAP Software									10485.16									88137.23												98622.39
BahFed Corp																										32590.800000000007			65438.86000000001	98029.66000000002
Yam Pong Corp												29022.87						28720.45						39845						97588.32
Enterprise Consulting Group																										97459.66				97459.66
New Tech Solutions Inc.											97375																			97375
Tech-Trans Telecom (China) Limited												19459.690000000002										33100				43829.510000000024				96389.20000000003
INSEC Security								47145.52	49222.19																					96367.70999999999
Presidio Government Solutions, LLC	85545.23999999999											6721.5							3424.66											95691.4
AdmTools																	75700.62999999999												19835	95535.62999999999
Neyond																		9312.98					86205.87999999999							95518.85999999999
Solutions Simplified													95407.45999999999																	95407.45999999999
Kyndryl Ecuador S.A.			55183.619999999995	0																			6761.03	33107.200000000004						95051.85
ADD Systems																							95024.17999999998							95024.17999999998
IPSS Inc.																													94915.59000000001	94915.59000000001
ITdesign Software Projects & Consulting GmbH											94772.7																			94772.7
Tech Titan Distribution Company Limited - Thailand								7951.360000000001	71010.76000000001					15606.5																94568.62000000001
Optiv ClearShark (Fed)																										94123.46999999988				94123.46999999988
OnLine IT SAS			33560.58	0								18838.89						3463.93				30081.980000000003	0	7835.61						93780.99
system.de - System & Project GmbH																			93518.46											93518.46
Atlantic Data Security LLC								8163.34	65445.68				19682																	93291.02
Gotham Technology Group, LLC	84265.59													8321.42																92587.01
Defensio IT Solutions								27068.24												65376.72										92444.96
Real security d.o.o													92400.46023																	92400.46023
Amnesium Pty Ltd											92313.83999999997																			92313.83999999997
HCL America Inc.										91835.7																				91835.7
Four Points Technology													91697.96																	91697.96
Factum Information Technologies S.L																									91627.66					91627.66
Hitachi Systems India Pvt. Ltd.													91302																	91302
Orange Cyberdefense Sweden AB																			2232.02							88897.18000000001				91129.20000000001
DSShield																										90787.5				90787.5
Anacapa Micro Products, Inc.																										90594.09				90594.09
ISSquare															90328.44															90328.44
Exclusive Networks PH Inc															90275															90275
Extravar B.V.				23505.900000000005								47016.83999999998												5064.32				13947.37		89534.43
Bayside Solutions Inc.															88868.75															88868.75
HEINZ GUNTER MESER			69437.00000000004									19239.480000000003																		88676.48000000004
Kyndryl			54706.479999999974																					33868.840000000004						88575.31999999998
Leitwerk AG											88484.24999999999																			88484.24999999999
Jedi Systems Consultancy Ltd													87834.33																	87834.33
TTNL				16781.469999999998								51457.43000000002												19446.32						87685.22000000003
MICROSERVE																									85976.75					85976.75
Esperto Consultants Private Limited								15604.31	58321.24999999999					2527.56						9500										85953.12
eyeT secure Technologies GmbH											85894.66																			85894.66
Carousel Industries	85428.72																													85428.72
Fujitsu Services																										85302.22000000002				85302.22000000002
REDES Y SISTEMAS INTEGRADOS S A S											0												28964.059999999998	54845.91000000001						83809.97
Systex Corporation																										34944.209999999985			48376.05	83320.25999999998
Progression Infonet																		83062.44												83062.44
Rocksolid Establishment											82681.56																			82681.56
Kontron SI, sistemske integracije, d.o.o.											82256.47																			82256.47
Tierpoint, LLC		82068																												82068
Isolutions Associates																										81871.79999999999				81871.79999999999
Dimension Data Saudi Arabia																										80362.27				80362.27
Vandis HQ																										80156.5				80156.5
CTC Technologies															79770.26															79770.26
Redington Gulf FZE													9685.8		69173.6															78859.40000000001
Flair Data Systems															78612															78612
perfTech Solutions Private Limited											7215							70102.11000000002												77317.11000000002
Kyndryl Solutions Private Ltd							77123.5																							77123.5
GLOBAL ADVISORY SOLUTIONS S.A												15363.41	46950										14010.99							76324.40000000001
Forcepoint													75882.57																	75882.57
TET Limited																		75839.34999999998												75839.34999999998
TECHSO																									73847.84	1830.5100000000002				75678.34999999999
PerComp Verlag GmbH											75567.43																			75567.43
NRB REVENDEUR																									75563.95999999999					75563.95999999999
SISAP: Sistemas Aplicativos																										75137.12000000001				75137.12000000001
VENZO Cyber Security																									74730.2					74730.2
Business Connexion (Pty) Ltd																	59336.67000000003												15333.900000000001	74670.57000000004
Softchoice (Canada)	17640														55845															73485
Bell Business Markets																										73245.97				73245.97
Genesis Team AG Switzerland																										73125				73125
Aplidigital Comércio e Serviços de Tecnologia LTDA													73005																	73005
Nexus Technologies, Inc.						0			14154.59																	2646.4300000000003			55944	72745.02
Controlware GmbH Kommunikationssysteme (F)																										72643.12000000001				72643.12000000001
Al Moammar Information Systems Co. (MIS)																										72364.63				72364.63
Tevora																					71874.43									71874.43
Open Systems International, Inc. (OSII) / AspenTech																										71817.19999999998				71817.19999999998
Tech-Titan Pte Ltd.													70931.35																	70931.35
TELUS Corporation																									70303.81999999999					70303.81999999999
MediaCircle GmbH											70197.24																			70197.24
SPI Group (Pty) Ltd																		58284.08999999999										11469.939999999997		69754.02999999998
Volta, Inc.												16501.12										53207.5								69708.62
Technology Group Solutions, LLC											69605.5												0							69605.5
Nth Generation															69318															69318
ITPoint AG												68935.03																		68935.03
Bin-Control GmbH											68931.59																			68931.59
Ingram Micro SAS													57621.0564												10915.14					68536.1964
COMPUTER SYSTEMS INTEGRATION LTD												57305.34										742.63	4195.34	6231.68						68474.98999999999
Bird Rock Systems															68277															68277
Infinigate Global Services Limited Europe B.V.													66638.46												1488.9					68127.36
Insight Canada																									40596.28	27202.260000000002				67798.54000000001
... [truncated at 400 non-empty rows; sheet has 1524 rows]

===== SHEET: Number of INV by Brand (1523r x 31c) =====
Quarter	(Multiple Items)
Direct v Channel	Channel
Sum of INV Count	Column Labels
Row Labels	Agari	Alert Logic - MDR	ASM	BI	BoKS	BSEC	Cap Mgmt	Cobalt Strike	Core CTS	Core IGA	CTP	Cybersecurity	Data Classification	DDI	Digital Guardian	Doc Mgmt	Globalscape	MFT	Network Monitoring	Outflank	PhishLabs	PowertechX	RPA	SM	Terranova	Tripwire	Vera	WLA	(blank)	Grand Total
Dealertrack Inc																2059		1												2060
AT&T						3								683											26					712
BlueFinch B.V.											13	14				5		536												568
Carahsoft	9				3			156	30		5	6	143		55		38	44	10	4	4	1	1	2	1		2	4	5	523
HANDD Business Solutions							4	10	3		15		23				114	315		0									17	501
Climb Channel Solutions - US	3							3	2		4	1	1	3			305	9		0	4	0	3		8				47	393
e92plus	6						1	41	9		179		39	3	1			12		18							0			309
Messagenet						2		8	0		2	2	4	3	2	1	1	274		0			5		1			1		306
Pro2col											8						107	161					4					1	13	294
Optiv	17					3		10	8	1	1		13	0	47					2	8				2	116	1		22	251
Bulwark Technologies LLC											10		37		11			182	9				2							251
Sanwa Comtec K.K.			14																				224							238
Cisco	12																								217					229
SHI International	16	1		3					3		14	9	24		35	1	28	8			8		27	12	3		1	21	5	219
Green Light Technology											6	17				1		184					1	3						212
CyberKnight Technologies								35	22		13		91		14			25		5					1					206
CDW															4		1							2		173			24	204
Fortra, LLC																	192													192
Systematik GmbH											7							171												178
Korper ICT																	27	5					130							162
TVAR Solutions																										145			14	159
CMCFlex												137																		137
netzperten gmbH																			133											133
Aquion								3	4		0		17				95	3				5	2						4	133
ADD Systems																							128							128
S4 Applications Limited								69	19					2						28										118
Bakotech Sp. z o.o								16	10		5		24	1	44			6		1					4		2			113
Vizo Financial Corporate Credit Union														110																110
DETECH AS								17	1				79		3			9		0										109
SOLPAC Co. Ltd.				37								10						59						1						107
Generic Systems Australia											2					2		103												107
Computer Gross S.P.A.						2		32	15		7		14	24						9				1						104
MO: MOTEX Inc.																										92			10	102
South Asian Technologies (Private) Limited				20							2	39	2					7				5		22						97
Aqaio GmbH								65	13					1	5					12			1							97
Medhost of Tennessee, Inc.				91								3												1						95
SYSTECH Technocraft Services Pvt. Ltd											1						84	2											5	92
CCZ BUSINESS SARL																									91					91
The CBORD Group Inc.																							89							89
Insight													3				14									54			16	87
BlackBridge																1		81					1							83
AL-Networks GmbH																	75												6	81
SoftwareONE	3			1	5		2	1			28	6	5				6	3	1				4	2		6		7		80
Globalscape																	75													75
Softchoice	4												4		2								16		28	13		8		75
SB C&S Corp																										59			15	74
NetCon Unternehmensberatung GmbH	2										71																			73
GuidePoint Security	15							3					2		35					1	3	1				13				73
Hitachi Solutions, Ltd.											67															3				70
Softcat Plc											54							2								12			1	69
NSS SA								24	8				5	26				3		2										68
Bridgeway Communication System, Inc.											8							59												67
SMEUP ICS S.R.L.			55	7								1												2						65
Insung Digital Co., Ltd.													1		63															64
ORION INNOVATION																									63					63
IT Federal Sales									62			1																		63
system.de - System & Project GmbH																			60											60
The Eniac Corporation				4								10						25					5	14				1		59
Inversion6														58							1									59
OSI Vision														56																56
SHI													1													21			34	56
J'S COMMUNICATION CO LTD								44	9											1										54
TELUS Corporation																									52					52
Var Engineering S.r.l.							6					19						2	5				12	8						52
Accolm																	22	22					1						7	52
Private Protocol				1				14	2			0	8					20	2	2				0	2					51
Unisys Corporation							50																							50
Unfake Corporation																			49											49
S.I.T. GmbH & Co. KG	2										39		8																	49
Emerging Market Technologies Trading FZCO	1							7	2		7		20	0	5			3		1					3					49
Axians											47																			47
Mainline								9	7			2								8		11		6	3					46
Island Pacific Systems, Inc.				46																										46
Data#3								1	3		15							14					1			6		1	5	46
Sysob IT-Distribution GmbH & Co. KG											19							26												45
Move AS											3							41					1							45
Avertium														45																45
TTNL				7								25												12						44
Inventum A.S.																	42												2	44
BARTECH SOFTWARE Y SERVICIOS S.L.				11								20						5					5	2				1		44
CT Cloud Design GmbH & Co. KG											42																			42
Asiapeak																		42												42
Tegra Solutions Limited												10				19								12						41
Security Matters											5															35			1	41
Dataprotect																										32			9	41
Bell																					3				38					41
INDRA III SOLUÇÕES DE TECNOLOGIA DA INFORMAÇÃO PORTUGAL, UNIPESSOAL, LDA																		13						3				24		40
Progression Infonet																		40												40
iSecurity Inc.															38												1			39
FCN Inc Technology Solutions																										39				39
IT2 Trust AS								4	1		9		9		2			12		2										39
Blue Yonder, Inc.																38														38
GOSECURE INC																					1				37					38
Tech Titan								28	7											2										37
NTT Data																										36			1	37
ESI TECHNOLOGIES																					1				36					37
Bright Nexus (M) Sdn Bhd												1														35			1	37
Detech Bilisim Teknolojileri San. Ve Tic. A.S													35		1															36
EMIB Consulting LLC			2									10						21					3	0						36
ePlus	4	1												10	6			1	2							5	1		6	36
CDS Americas			1	7								18						1					3	6						36
COMPUTER 2000 Bulgaria Ltd.								10	2		3		8		4					1					8					36
THE CYBER ACADEMY																									35					35
S.I.T. Secure Internet Traffic	10										24		1																	35
TD Synnex Canada																									34					34
SmartNet Technology Co Ltd						3		14	10											6	1									34
Inter Engineering											34																			34
Esperto Consultants Private Limited								15	15					1						3										34
MICROSERVE																									33					33
Sheng-Bo Technology Corp.											33																			33
Insight - US	4			1				1			3								1	1			17					5		33
VAR ENGINEERING SRL				1			2					7						1					8	13				0		32
RedZone Technologies														31																31
SOFTWARE GREENHOUSE S.A.												9						2					20							31
OneTeam IT Pty Ltd												15												13				3		31
GuidePoint Security / Federal																										23			7	30
Yokogawa Electric Corporation																										27			3	30
Wavetel						1		23	5											1										30
CYBERSWAT (GROUPE CYBERSWAT INC.)																									30					30
Presidio	9														15		4									1				29
GROUPE INFORMATIQUE PRESENT																									29					29
apia systemhaus gmbh											29																			29
Sterling Computers																										25			3	28
Intellect Design Arena Inc																		28												28
IBM			0									15	7											2		2			2	28
Liquid PC	6							1	3			1	0		4		1	1	1			1	5					4		28
MICROAGE DRUMMOND INFORMATIQUE LTEE																									27					27
Softcell Ltd																										26			1	27
Hemaya IT																										20			7	27
Clip Tecnologia SAC			3					2	0			11											3					8		27
AmiViz													26														1			27
ALSO Spain (ex IREO Soluciones)								3	0		1		13					6		1					2					26
Microage																									25			1		26
REDES Y SISTEMAS INTEGRADOS S A S											1												4	21						26
iValue											3		23																	26
Huber & Associates												21				2							1	2						26
American Top Tools				13								4				2		7												26
Satcom Infotech Pvt Ltd	1												11		3											10				25
BAKOTECH S.r.o. (Czech Republic)								1					7		14										3					25
T2S - Tecnologia de Informação Ltda																		25												25
Global E-Director Limited																	24												1	25
Sosy A/S												6				1		6						11						24
Vogelbusch GmbH																6		18												24
Networld Corporation																										21			3	24
Liberty Communications														20											4					24
EQUIPE MICROFIX																									24					24
INSEC Security								17	7																					24
Grupo Incisive, C.A.			1	1								15						2				4		1						24
Bechtle Logistik & Service GmbH											23															1				24
TECHSO																									22	1				23
NetWalker																			23											23
Saudi Paramount Computer Systems																										21			2	23
Dewpoint		1												22																23
Cybolt																										15			8	23
beSECURITY Pte Ltd						14								9																23
Partner: Kyndryl Japan																										20			2	22
Redsisusa del Ecuador CIA LTDA											2							14										6		22
Pro TECHnology																										22				22
Ferli ehf																								22						22
I(TS)2																										21			1	22
CREDE EXPERTO CZ				2								7				0		8						5				0		22
Acelium Inc.																			21											21
STC Solutions																										10			10	20
Unicorp Technologies																										14			6	20
SBL																										15			5	20
SEDIKA TECHNOLOGIES																									20					20
SCC											2							9							6	3				20
Meridian IT  Ltd											2	7						3						8						20
Sirius Computer Solutions	2									1		2			4		1	2						2		6				20
Hanacompany Co Ltd.						16								4																20
E-xpert Solutions											15		5																	20
Ballast Services									4					16																20
AUTOMATE BRASIL - CIBER DATA SISTEMA DE INFORMAÇÃO LTDA																							20							20
DLT Solutions, LLC.													19																	19
TECNOAV				5								1						5					4	4						19
Panasonic Information Systems															19															19
Nextret SL																		16					2					1		19
NSS Limited								2	1				12		1			2		1										19
LC Networks Communication (LCNC)						8		7	4																					19
Connection HQ															2											13			3	18
SYSTECH Technocraft Services Pvt.Ltd																	18													18
SynerSolutions Technologies Inc													10		3										5					18
Gulf Business Center (GBC), Qatar																										18				18
MV3 Tecnologia da Informação																							18							18
Nexus Technologies, Inc.						4			11																	1			2	18
Infranet Technologies Group														18																18
DSShield																										18				18
M.Tech Holdings Pte Ltd						2			1			1	14																	18
Innovative Business Systems, Inc.												10												8						18
Extravar B.V.				4								11												2				1		18
Arktos Inc.																			17											17
Tech Titan Distribution Company Limited - Thailand								12	4					1																17
STF Consulting														17																17
SurePoint Technologies				17																										17
Netzwerk Kommunikationssysteme GmbH											17																			17
DT Asia																		17												17
Isolutions Associates																										17				17
Data3V																	14												3	17
INFINIGATE				1				2					5	1	1			5		1										16
Sourcepass														16																16
World Wide Technology									1													1		1		13				16
Task Force IT-Consulting GmbH																7		9												16
Presidio HQ																										16				16
KPMG																									16					16
KD Service & Consulting GmbH & Co. KG											16																			16
Long View Systems Corp																									3	12			1	16
Dartalis											16																			16
Datec														2	3							3		8						16
CTC Global Sdn Bhd																										16				16
Computacenter (UK) Ltd	4									1					4											7				16
DeFY Security, LLC	3							2							9					2										16
Kyndryl Solutions Private Ltd							15																							15
Telecomunicaciones  Digitales S.A.												15																		15
Converge Technology Solutions				1																									14	15
Starlink DMCC (UAE)								2	0				2		4										7					15
ThunderCat Technology HQ								4							1											10				15
SPI Group (Pty) Ltd																		8										7		15
Syntax Systems Limited																		13										2		15
SRSG Broadcast India Private Ltd																		15												15
perfTech Solutions Private Limited											1							14												15
VIET SUNSHINE ELECTRONIC SOLUTION JOINT STOCK COMPANY															11						4									15
Y365																		1						14						15
Software Information Resource								4			1		1					1								8				15
SIMAC PSF S.A.											15																			15
Sisap													8					6									1			15
SmartTechNXT																							15							15
OnLine IT SAS			2	2								3						1				3	2	2						15
Haboob																										15				15
Securado																										13			1	14
Computacenter United States Inc																		3	11											14
SuS Group																								14						14
TI: TIS Inc.																										14				14
Kontron, d. o. o.,											13															1				14
COMPLETE SOLUTION FINDER PRIVATE LIMITED											1				11										2					14
OKIOK DATA LTÉE																									14					14
NCS Pte Ltd																										13		1		14
SARENET SOCIEDAD ANONIMA																			14											14
Partner : Hewlett-Packard/Japan																										12			2	14
NABLA SRL																			14											14
SicoloS Tecnologia																							14							14
Mannai Corporation																										14				14
DXC Technology																										11		1	2	14
Ignition Technology Ltd															14															14
LargeNet GmbH											14																			14
Datos Media Technologies S.A.																		14												14
CS Group (partner account)																										10			4	14
Yam Pong Corp												8						4						1						13
Wynne Systems, Inc.																		13												13
Toshiba																										13				13
Zones											2							1					5			4			1	13
R2i																								13						13
Neyond																		1					12							13
PT TTI Group Distribution								2	1				4		4						1					1				13
Netfox AG											13																			13
SHI International Corp	6																				1		5		1					13
Kudelski Security	3																									10				13
Kyndryl Ecuador S.A.			4	3																			5	1						13
DLT Solutions																										1			12	13
LOUPREY INTERNATIONAL			5	1								2												5						13
ASSERTIVA								3																		10				13
Mindpoint Group															12															12
Bridge Micro																										12				12
PST Products			6	1								5																		12
Logicworks MSP		12																												12
PT SISTEMS ASIAN TEKNOLOGI												11												1						12
UNICC INTERNATIONAL COMPUTING CENTRE																									12					12
MONDATA																									12					12
Netnordic Sweden (formerly Radpoint)						12																								12
Revenue Solutions, Inc - RSI																												12		12
Singular People Europa S.L.																							12							12
EMT Group													12																	12
LUTESSA																									12					12
Information Security Services S.A.																		12												12
FEDDATA Technology Solutions, LLC																			12											12
Associated Computer Systems, Ltd.												9										3								12
AGIO																										12				12
AdmTools																	10												2	12
BWG Informationssysteme GmbH											12																			12
RNS Technologies																										9			2	11
Systex Corporation																										5			6	11
SPSS srl a socio unico				11																										11
QBS										1									1				5					4		11
Tech Titan Distribution Sdn Bhd - Malaysia								3	4		1	1								2										11
Vormittag Associates, Inc.																11														11
Zivaro																										11				11
QUESTRONIX CORPORATION																								11						11
MediaCircle GmbH											11																			11
MARQUEST LTD																			11											11
Proximus Luxembourg S.A.											11																			11
Natica IT Consulting																										11				11
PTC Systems Sdn Bhd																										11				11
ICS - Innovative Communication Systems, Inc.														11																11
Genesis Team AG Switzerland																										11				11
GTO GESTION INFORMATIQUE																									11					11
Hyperflex Technologies S. de R.L. de C.V.			3									7												1						11
Atos															6			3								2				11
Charter Telecom, Inc.																			11											11
Al Moammar Information Systems Co. (MIS)																										11				11
Perfect Presentation																										1			9	10
VAR GROUP SUISSE SA												4						3					1					2		10
SSI Sviluppo Sistemi Informativi srl												5						1						4						10
Secure Networks																										10				10
Trace3	2							1							6											1				10
PRIVAL																									10					10
Paramount Computer Systems									1				1													8				10
RAN Ingenierfa de Sistemas SRL											3		7																	10
Northdoor Plc (reseller)												3												7						10
PT intelli Solusindo												6												4						10
InfoTrust	10																													10
JB Service															10															10
Joule Tech Singapore												10																		10
Colombeia S.A.S.				8														2												10
Control and Security of Data S.A. de C.V.																		10												10
ATS Networks																										7			3	10
NTT ASIA PACIFIC PTE LTD																												9		9
Eviden Services, Inc.																									9					9
GBM Costa Rica			1									5										1							2	9
Gotham Technology Group, LLC	8													1																9
Rocksolid Establishment											9																			9
CYOLOGY LABS																									9					9
ACESI																									9					9
Triangle Computer Services											8													1						9
Versos																										1			8	9
Mi Mi Informatics Joint Stock Company								1	1				7																	9
Simplified IT													9																	9
NETILITY GmbH & Co. KG											9																			9
OneWorld InfoTech									9																					9
PRICE WATERHOUSE COOPERS CONSULTORES SA			5									2							1			1								9
Sirar By STC																										9				9
SOS Software Service GmbH											1												8							9
Kanematsu Electronics																										9				9
INFOSEC BILGI TEKNOLOJILERI LTD																										9				9
digit solutions GmbH																										9				9
Ingram Micro SAS													2												7					9
EON Consulting														9																9
Four Points Technology													9																	9
Hitachi Systems													1												5	3				9
CU Answers, Inc.												6						1						2						9
CONNECT DISTRIBUTION Sp. z o.o.								2	3									4												9
Bahrain Business Machines WLL												6										3								9
Amnesium Pty Ltd											9																			9
AnyKey Technologies												6						1						2						9
Bytes Software Services Ltd													3													5			1	9
Syner Solutions Technologies Inc.								2					6							0										8
DETECH BILISIM TEKNOLOJILERI SAN VE TIC.A.S													8																	8
Dar Beta																										8				8
IBM Deutschland - Fortra													8																	8
TechVar																													8	8
INGRAM MICRO (ex Abbakan)											1		3												4					8
MicroTech										2													6							8
NETCONN													8																	8
S & I Systems Pte Ltd												7														1				8
SmartData Technologies								4	4																					8
NTT																										6			2	8
Rewterz																													8	8
LMsis. Sistemas Informáticos, Lda.			8																											8
eParamount Systems Company Ltd.												3												5						8
FOLIATEAM OPERATEUR																									8					8
Gulf Business Machines Dubai												1														7				8
Leitwerk AG											8																			8
High Touch Technologies														8																8
Flexential		7																											1	8
Iptor USA, LLC												5												3						8
Asentria																			8											8
Asystec S.A.																	6												2	8
Data Protect Support																										8				8
Castle Ventures Corporation															8															8
Atlas Consulting Limited												6												2						8
Castor Pollux Group LLC																			8											8
ITPoint AG												7																		7
Solutions II, Inc.												6												1						7
CloudSAFE Group, LLC												1												6						7
MHD Infotech LLC																										1			6	7
Accenture Ecosystem Sourcing Services, Middle East																										6			1	7
Kontron SI, sistemske integracije, d.o.o.											7																			7
Genuine Global (aka GenuineXs LLC)																										7				7
Insight Enterprises, Inc.															7															7
Total eBiz Solutions Pte Ltd																												7		7
Stone Forest IT Pte																										7				7
SysArmy Sdn Bhd												7																		7
Eviden Czech Republic s.r.o															7															7
Tanet GmbH											7																			7
Tech-Trans Telecom (China) Limited												1										3				3				7
Transform8tion																										6			1	7
Spike Reply															4											3				7
Systembetreuung Hofmann GmbH											7																			7
TCM				1								4												2						7
Saudi Business Machines																										7				7
NetTects LLC HQ																										1			6	7
SHI Corp																							2			5				7
Mid-Range Computer Group Inc												2												5						7
NextLabs													7																	7
PKWARE													7																	7
ONCALL GROUP PTY. LTD.																								7						7
PureLogic IT					2			1										2	2											7
Racom Business																										7				7
... [truncated at 400 non-empty rows; sheet has 1523 rows]

===== SHEET: ALE by Partner & Brand (1523r x 31c) =====
Quarter	(Multiple Items)
Direct v Channel	Channel
Sum of ALE	Column Labels
Row Labels	Agari	Alert Logic - MDR	ASM	BI	BoKS	BSEC	Cap Mgmt	Cobalt Strike	Core CTS	Core IGA	CTP	Cybersecurity	Data Classification	DDI	Digital Guardian	Doc Mgmt	Globalscape	MFT	Network Monitoring	Outflank	PhishLabs	PowertechX	RPA	SM	Terranova	Tripwire	Vera	WLA	(blank)	Grand Total
Carahsoft	1554.8000000000002				0			505296.42999999976	343694.17000000004		16749.799833333334	26542.299999999996	649038.4192857144		55644.95		82704.19750000001	108083.15354600301	7198.349999999999	123798.29000000001	68677.87	9728	0	5386.5	0		0	0		2004097.2301650504
Optiv	20916.666666666664					0		31919	0	0	0		0	0	41673.666666666664					23417.5	91191.00749999999				18462.66	1653103.061107288	0			1880683.5619406214
BlueFinch B.V.											15416.3	5053.857999999999				0		1268665.4531766267												1289135.6111766268
Climb Channel Solutions - US	4119.6							42231	27720		38155.66499999996	0	15050	72098.4			424247.7675000004	187743.48636363633		48307.5	119797	30950	0		11793.419999999998					1022213.8388636367
Iron Bow Technologies HQ								56640											881527.8500000001							0				938167.8500000001
e92plus	0						23521.5	43835.119999999995	131900.69999999998		148912.90142857144		210471.03874299998	5040	0			35518.860699300705		186089.0833333333							0			785289.2042042054
Data Partner Inc.		647700.0000000001																												647700.0000000001
Fortra, LLC																	623474.4260842494													623474.4260842494
CyberKnight Technologies								57404.68	60043.84		15643.2		311392.2908602066		41216			71600.09186036033		49918.349230769236					4231					611449.4519513361
SHI International	47220	4884		0					0		10357.359999999999	6375.08	30182.399999999994		281629.6	398.75	101087.15849999996	0			0		22500	-7002.7100000000055	47533		12000	35250		592414.6384999999
Bulwark Technologies LLC											32892.66099999999		53141.53846153846		123165.78205128205			266323.6125711347	2108.12				0							477631.7140839552
Emerging Market Technologies Trading FZCO	0							38423.06	63804.42		8649.44		118446.37491337491	20006.93	87008.3918918919			19138.320000000003		50832.15					26884					433193.08680526685
Amazon Web Services		429061.95999999996																												429061.95999999996
HANDD Business Solutions							0	5586.07	14454.27		6149		66579.81818181818				69277.787024618	236802.23489596657		17907.5										416756.6801024027
SHI International Corp	384485																				19200		5000		4153.7					412838.7
Computacenter (UK) Ltd	-0.003333333326736465									0					294962.14285714284											101788.004				396750.14352380956
Messagenet						0		7612.42	9296.29		0	0	4921.599999999999	3214.25	6468	0	0	332177.7383381728		5607.29			0		1080			0		370377.58833817276
Cisco	36515.33333333333																								300081.49864986					336596.8319831933
Bakotech Sp. z o.o								31413.6	26158.02		0		78026.88489729412	0	162686.7527197802			2860		16462.983333333334					4984.23		12500			335092.4709504076
SynerSolutions Technologies Inc													89332.837304		189605.72										54884.556500000006					333823.113804
CDW															22930		0							0		309249.9538181818				332179.9538181818
GuidePoint Security	122626.37666666666							10089					70150		67258.28571428571					24367.5	26622.8	0				0				321113.9623809524
Satcom Infotech Pvt Ltd	0												95297.57142857142		7508.083333333333											201259.536				304065.19076190476
Aquion								15920	39200		5952.381833333333		27370				122726.22750000001	37428.132				26970.979999999996	1153.5974999999999							276721.31883333327
Computer Gross S.P.A.						0		49862.240000000005	103885.83499999998		1668.3800000000008		30625.98883333333	11806.000000000002						54266.049999999996				8073.269999999999						260187.7638333333
NCSECU																					259528.5									259528.5
S4 Applications Limited								55299.13	104382.70666666667					16388.96						77763.063992674										253833.86065934066
Softcat Plc											3161.2810000000004							0								250000				253161.281
Haboob																										249344.0874358974				249344.0874358974
iSecurity Inc.															223862.3037782333												15081.25			238943.5537782333
DeFY Security, LLC	114708.53666666665							0							98999.99666666667					21375										235083.53333333333
Solutions II, Inc.												228464.7												0						228464.7
Pro2col											3482.2325						101965.91669230773	121863.94513750955					0					0		227312.09432981728
Green Light Technology											14820.980000000001	0				0		210055.02249999996					0	0						224876.00249999997
Towerwall, Inc.		221127.03999999998																												221127.03999999998
AT&T						0								203628.70285714284											8093					211721.70285714284
Kite Distribution Ltd	205981																													205981
CAPGEMINI UK PLC											204045.62266666666																			204045.62266666666
iValue											177658.80000000002		22921.6																	200580.40000000002
Aqaio GmbH								81374.37	20054.26					4642.36	9411.27					83844.34999999999			0							199326.61
Trustmarque Solutions											198696.4620952381																			198696.4620952381
Insung Digital Co., Ltd.													6020		191222.75185293748															197242.75185293748
BAKOTECH S.r.o. (Czech Republic)								0					58235.309499999996		133196.21216666666										1657.1799999999998					193088.70166666666
SoftwareONE	0			0	0		0	0			138315.54909090907	0	0				8010.109499999999	0	0				33000	0		8611.037727272727		4720.54		192657.2363181818
DETECH AS								22858.1	0				136785.49038461538		27522			0		0										187165.59038461538
South Asian Technologies (Private) Limited				51005							0	71660.85416666666	0					963				4333.333333333333		57278.666666666664						185240.85416666666
Syner Solutions Technologies Inc.								37760					0							144400										182160
Panasonic Information Systems															178926.41571428571															178926.41571428571
SITE																										177069.0466666667				177069.0466666667
Sysob IT-Distribution GmbH & Co. KG											105756.33624242422							70816.13157692309												176572.4678193473
Saudi Paramount Computer Systems																										170683.23538461537				170683.23538461537
Presidio	157903.56														9231.07		0									0				167134.63
Northdoor Plc (reseller)												150395.96694796384												14609.6895						165005.65644796385
Systematik GmbH											10748.3							153932.88015508233												164681.18015508231
IT2 Trust AS								32952.36	8125.14		61285.969999999994		6840		0			30278.399999999998		17739.09										157220.96
COMPUTER 2000 Bulgaria Ltd.								12685	13387.5		29640.77250000002		20961.01656140351		62449.996333333336					8075					8628.61					155827.89539473684
PT TTI Group Distribution								0	9450				28687.687912087913		68731.26609230769						0					34101				140969.9540043956
INFINIGATE				2891.41				6087.97					78651	10712.97	14812			26645.601499999997		0										139800.9515
Sirius Computer Solutions	0									0		0			0		1266.7512307692307	0						0		136093.95				137360.70123076925
Starlink DMCC (UAE)								5845	34538				59327.492307692315		27574.4										9384					136668.89230769232
GOSECURE INC																					22310.28				110326.41					132636.69
Softchoice	0												3314.925		0								16000		32424.353999999996	78519		1900		132158.27899999998
Logicworks MSP		131712																												131712
Avant Communications		129308.04000000001																												129308.04000000001
Private Protocol				0				6405	20247.5			0	19100					43851.9	3901.4	21090				0	9555					124150.79999999999
Gulf Business Center (GBC), Qatar																										123931.04574193548				123931.04574193548
J'S COMMUNICATION CO LTD								89042.02249999999	18480											15390										122912.02249999999
Generic Systems Australia											14835.430999999999					0		107444.05149999999												122279.48249999998
Inversion6														111778.55							10200									121978.55
Insight													3088.25				13610.3765									104449.5125				121148.139
BlackBridge																0		117205.66975490189					0							117205.66975490189
SmartNet Technology Co Ltd						1166.3999999999999		16920.064864864864	37170.12972972973											30067.5	28000									113324.09459459459
Boxxe Ltd											111088.41999999998		0																	111088.41999999998
Pro TECHnology																										110167.17084210525				110167.17084210525
Move AS											15243.696							92348.26499999996					0							107591.96099999995
Complete Solution Finder Pte Ltd.													37800		68637.59999999999															106437.59999999999
SOLPAC Co. Ltd.				12273.9375								31256.254230769224						62560						0						106090.19173076922
iVision		103989.95999999999																												103989.95999999999
Liquid PC	5163.96							0	0			0	6188.82		80366.42857142858		339.1255	0	0			0	0					11628		103686.33407142857
S.I.T. Secure Internet Traffic	40257.42333333334										62524.761189310695		0																	102782.18452264403
Secure Networks																										102694.00000000001				102694.00000000001
E-xpert Solutions											0		100921.1166																	100921.1166
Bulwark Saudi for Information Technology													48336		50451.428571428565															98787.42857142857
Wavetel						11243.14		44125.380000000005	35748.82											6972.379999999999										98089.72
Eviden AG (Switzerland)															95733.59999999999															95733.59999999999
NSS SA								13884.759999999998	18704.77				0	23858.719999999994				18093.840000000004		20475.79										95017.88
ESI TECHNOLOGIES																					12402.876923076925				81453.95153846155					93856.82846153848
Huber & Associates												75198.94				9555.575							0	8693.6						93448.115
INFOSEC BILGI TEKNOLOJILERI LTD																										90637.6				90637.6
Flexential		88874.04000000001																												88874.04000000001
Grupo Incisive, C.A.			0	0								30846.200000000004						1751.976				1500		53956.37						88054.546
PT SISTEMS ASIAN TEKNOLOGI												61674.73												26000						87674.73000000001
Simplified IT													85536																	85536
Factum Information Technologies S.L																									85097.41					85097.41
ALSO Spain (ex IREO Soluciones)								33812.89	13395.67		0		23036.987					2462.4085000000005		7747.09					2456.83					82911.8755
Tierpoint, LLC		82068																												82068
Globalscape																	79935.56014285715													79935.56014285715
HelpAG																										79830.02399999998				79830.02399999998
OSI Vision														78745																78745
Korper ICT																	2598.75	46409.67499999999					28674.5							77682.92499999999
Infinigate Global Services Limited											0		15783.2335		55743.76			5309.7300000000005												76836.7235
Vormittag Associates, Inc.																75383.07999999999														75383.07999999999
OneTeam IT Pty Ltd												49592.077564102554												24895.24637179487				0		74487.32393589742
SYSTECH Technocraft Services Pvt. Ltd											0						49912.915	23608.3												73521.215
World Wide Technology									0													0		0		73291.406				73291.406
Data Sec																										73072.89333333334				73072.89333333334
Accolm																	1770.4499999999996	71027					0							72797.45
Hemaya IT																										72209.4875				72209.4875
Securado																										72140.99499999998				72140.99499999998
Open Systems International, Inc. (OSII) / AspenTech																										71817.19999999998				71817.19999999998
iON United													0		68720															68720
RedZone Technologies														68491.04000000001																68491.04000000001
Infinigate Global Services Limited Europe B.V.													66638.46												1488.9					68127.36
Dell | ASAP Software									0									67785.75												67785.75
GuidePoint Security / Federal																										66081.15				66081.15
VIET SUNSHINE ELECTRONIC SOLUTION JOINT STOCK COMPANY															29819.945263157897						35000									64819.9452631579
Tech Titan Distribution Sdn Bhd - Malaysia								1925	43120		0	6157.894736842105								11400										62602.89473684211
SHI													0													60746.475000000006				60746.475000000006
Presidio HQ																										60666.2				60666.2
Yokogawa Electric Corporation																										60156.3915				60156.3915
Logicworks Systems Corporation		59136																												59136
Dewpoint		45648												13179																58827
Tech Titan								9122.6	33932.5											15390										58445.1
Halock Security Labs		58358.04																												58358.04
Levi, Ray & Shoup Inc.												12288.13				2054.83								43267.55						57610.51
Swish Data Corporation								15767.02					41388.7475																	57155.7675
Information Union World															56665.23															56665.23
Esperto Consultants Private Limited								7640	38167.5					0						9500										55307.5
Tawasol Integrated Telecom LLC																										55276.23289473684				55276.23289473684
Gulf Business Machines Dubai												0														53957.03999999999				53957.03999999999
NetCon Unternehmensberatung GmbH	0										53060.18925210084																			53060.18925210084
S.I.T. GmbH & Co. KG	6350.58										41607.9806451613		4892.9																	52851.4606451613
SB C&S Corp																										50972.04195119927				50972.04195119927
Tech Titan Distribution Company Limited - Thailand								5465.084210526315	29860.415789473685					15606.5																50932
SoftwareOne BE B.V.								0			-3.2741809263825417e-11									50716.47789473683										50716.4778947368
Versos																										50650.25				50650.25
Softcell Ltd																										50215.272				50215.272
IT Federal Sales									49895.19428571429			0																		49895.19428571429
Bridgeway Communication System, Inc.											12100							37743.75												49843.75
Deloitte LLP																									49776.78					49776.78
WatServ		49771.68000000001																												49771.68000000001
TET Limited																		49387.227999999996												49387.227999999996
EMIB Consulting LLC			0									3432.9799999999996						45078.29940909092					0	0						48511.279409090916
Click Networks Inc.						48000																								48000
Barq Systems Egypt																										46764.66				46764.66
Leaders Solutions for Information Technology																										46523.189999999995				46523.189999999995
SBL																										46140.130000000005				46140.130000000005
Atlantic Data Security													0		45985											0	0			45985
Accenture Ecosystem Sourcing Services, Middle East																										45692.46				45692.46
SOFTWARE GREENHOUSE S.A.												14172.870000000003						18881.443499999994					11216.383999999998							44270.697499999995
NTT Data																										43694.80376619718				43694.80376619718
Bay Computing Co																										43282.43571428572				43282.43571428572
Volta, Inc.												0										42817								42817
GBM Costa Rica			0									39334.770000000004										3234								42568.770000000004
SMEUP ICS S.R.L.			39383.07392857141	1748.4500000000003								1384.4025000000001												0						42515.9264285714
Var Engineering S.r.l.							37523.00022972973					0						0	0				4810.778	0						42333.77822972973
Evolve		42279																												42279
Exclusive Networks											42267.81999999999				0															42267.81999999999
apia systemhaus gmbh											42047.770000000004																			42047.770000000004
MO: MOTEX Inc.																										41882.24337142858				41882.24337142858
Liberty Communications														41544											0					41544
The Eniac Corporation				0								0						40263.99					0	0				0		40263.99
ValuePoint Techsol Pvt Ltd	40115										0																			40115
CT Cloud Design GmbH & Co. KG											39742.69523809525																			39742.69523809525
LC Networks Communication (LCNC)						12000		8920	18480																					39400
ASSERTIVA								0																		39357.5				39357.5
LOAD SYSTEMS AB																								38396.34						38396.34
Aplidigital Comércio e Serviços de Tecnologia LTDA													36952.94117647059																	36952.94117647059
Axians											36927.48306838525																			36927.48306838525
Redsisusa del Ecuador CIA LTDA											2567.5564285714286							28321.684999999998										4706.24		35595.481428571424
Mi Mi Informatics Joint Stock Company								0	0				35089.35153846154																	35089.35153846154
CTC Global Sdn Bhd																										34895.32533333334				34895.32533333334
Tech-Trans Telecom (China) Limited												6311.250810810811										27933.846153846152				0				34245.096964656965
Ensono		33600																												33600
Northbay Solutions		33600																												33600
Kyndryl Ecuador S.A.			0	0																			0	33107.200000000004						33107.200000000004
Scitum S.A. de C.V.									33075																					33075
Kirra Services																										32944.215				32944.215
INSEC Security								23340	9240																					32580
M.TECH SOLUTIONS (INDIA) PVT LTD																										31859.379999999997				31859.379999999997
ePlus	15069.6	11868												4855	0			0	0							0	0			31792.6
CYBERSWAT (GROUPE CYBERSWAT INC.)																									31469.49					31469.49
Dataprotect																										31414.500000000004				31414.500000000004
COMPUTER SYSTEMS INTEGRATION LTD												30145.480000000003										742.63	0	0						30888.110000000004
Insight - US	6250.90909090909			0				7080			0								0	17100			0					0		30430.90909090909
SHI INTERNATIONAL SAS						30000					0		0																	30000
iValue Infosolutions Limited													29959.800000000003																	29959.800000000003
Groupe de Technologies Nouvelles (GTN)															29885.86															29885.86
GA Software Technologies Pvt Ltd																										29474.454545454544				29474.454545454544
NetNordic Norway AS																		29292.4415												29292.4415
T2S - Tecnologia de Informação Ltda																		28471.387272727272												28471.387272727272
PT. TTI GROUP DISTRIBUTION (Tech Titan Indo)								6300	22050				0																	28350
EMT Group													28269.942857142858																	28269.942857142858
Neyond																		0					27747.567214285715							27747.567214285715
Dimension Data Saudi Arabia																										27270.41956756757				27270.41956756757
Bell																					-22.5099999999984				27118.0175					27095.507500000003
CTC Technologies															27084															27084
Avertium														27067.600000000002																27067.600000000002
Medhost of Tennessee, Inc.				26716.199999999997								0												0						26716.199999999997
Service Express, LLC												26293.6												0						26293.6
Sanwa Comtec K.K.			3198.1411428571428																				22962.5							26160.641142857145
Rackspace		26004																												26004
TD Synnex Canada																									25928.520000000004					25928.520000000004
Mid Atlantic Broadband						0								25881.399999999998																25881.399999999998
TVAR Solutions																										25863.573				25863.573
Velocity Network														25385																25385
HEINZ GUNTER MESER			13855.86									11514.44																		25370.300000000003
Security Matters											0															25317.362999999998				25317.362999999998
Intellect Design Arena Inc																		25262.619999999995												25262.619999999995
CCZ BUSINESS SARL																									25121.02					25121.02
SunGard		24960																												24960
Kontron, d. o. o.,											12658.769999999999															12248				24906.769999999997
NRB REVENDEUR																									24849.234999999997					24849.234999999997
SmartData Technologies								2975	21662.5																					24637.5
Castle Ventures Corporation															24478.18															24478.18
perfTech Solutions Private Limited											5720							18747.64												24467.64
Hitachi Systems India Pvt. Ltd.													23702																	23702
CLIP Tecnologia SpA												20017.5						0					3600							23617.5
Extreme Technologies PLC																										23251.989999999998				23251.989999999998
Toshiba																										23220.344999999998				23220.344999999998
Sourcepass														23204.8																23204.8
MoreDirect											0						20405.455	2700.8400000000006					0							23106.295000000002
ProTech Systems Group, Inc.		22848																												22848
Mainline								6515.77	0			0								15737.229999999996		0		0	0					22252.999999999996
Ignition Technology Ltd															22118.31															22118.31
MillenniumIT ESP																										22000				22000
CBTS Technology Solutions LLC		21900																												21900
InfoTrust	21694																													21694
HighStrat Consulting																					21300									21300
Mission Cloud		21000																												21000
Azoure Engineering and services								1925	19070																					20995
NSS Limited								4368.52	9995.77				0		0			6092.735166666667		0										20457.025166666666
Softcell Technologies Inc.															20455.199999999997															20455.199999999997
Hitachi Systems Security Inc. (Customer)																									20367.12					20367.12
Tenfold Security Consulting Inc.																					20365.99									20365.99
Aptum		20328																												20328
GLOBAL ADVISORY SOLUTIONS S.A												0	20195										0							20195
TECHSO																									20135.520000000004	0				20135.520000000004
Hanacompany Co Ltd.						20000								0																20000
SYSTECH Technocraft Services Pvt.Ltd																	19938.760000000002													19938.760000000002
Omada Technologies, LLC															0						19925									19925
Notable Frontier Sdn Bhd															19743															19743
COMPLETE SOLUTION FINDER PRIVATE LIMITED											0				17850										1893					19743
ACESI																									19599.87					19599.87
Ballast Services									0					19157.65																19157.65
Medical Technology Solutions, LLC		18984																												18984
SEFISA Guatemala								3500.6500000000005	15399.35																					18900
Logicworks		18816																												18816
ATS Networks																										18729.928666666667				18729.928666666667
Gotham Technology Group													18467.6																	18467.6
Bridge Micro																										18236.385				18236.385
VAR ENGINEERING SRL				4774.93			0					0						0					13327.7	0				0		18102.63
CMCFlex												18100																		18100
Yam Pong Corp												0						0						18083.5						18083.5
Data#3								0	0		7348.669857142856							5158.727000000001					0			5521.88		0		18029.276857142857
Atos															0			0								18023.298461538463				18023.298461538463
Redington Gulf FZE													7070		10842.857142857141															17912.85714285714
MICROSERVE																									17807.226666666666					17807.226666666666
VRCOMM Co.,Ltd.													0		17538															17538
ORION INNOVATION																									17291.69					17291.69
IST Americas								3207.4666666666667	14020.533333333333																					17228
AmiViz													16963.1967032967														0			16963.1967032967
AS400 Services Pty. Ltd.												11127.45											5619.93	0						16747.38
Sterling Computers																										16028.539999999997				16028.539999999997
Point IT SRL								2962.96	13037.04																					16000
Atayo Group, Inc.														16000																16000
Fujitsu Services																										15966.99				15966.99
Trade Collaboration Engine, Inc. dba TC Engine													15711.5																	15711.5
IVSG LLC																									15707					15707
Rolta AdvizeX																										15668.05				15668.05
INGRAM MICRO (ex Abbakan)											15397.061500000003		0												0					15397.061500000003
QBS										15222.09									0				0					0		15222.09
ALUS Outsourcing Servico Ltda - EPP								15045																						15045
Bechtle GmbH, IT-Systemhaus Wien											14850.860000000002																			14850.860000000002
Vizo Financial Corporate Credit Union														14850.400000000001																14850.400000000001
DELL																		14702.779999999999								0				14702.779999999999
NHQ Distributions Pvt. Ltd																										14677.333824324323				14677.333824324323
Netfox AG											14392.22																			14392.22
TRC Informática S.L.								7272.773333333333	6926.17																					14198.943333333333
PureLogic IT					0			14160										0	0											14160
NGNEX LLC								2590	11396																					13986
AL-Networks GmbH																	13922.369999999999													13922.369999999999
THE CYBER ACADEMY																									13917.45					13917.45
Isolutions Associates																										13868				13868
Network Intelligence India Pvt Ltd																										13784.703333333335				13784.703333333335
I-Gouvernancia																										13759.724999999999				13759.724999999999
Amnesium Pty Ltd											13362.38																			13362.38
TTNL				0								12056.754												1244.6485714285714						13301.402571428573
SMLB-NEXT								0										0							13249.483333333334					13249.483333333334
DEVENSYS CYBERSECURITY																									13234.800000000001					13234.800000000001
CHASS Computer Consultants (M) Sdn Bhd											13183.5																			13183.5
TEUNO								3857.6900000000005												9317.31										13175
OneNeck IT Solutions		13119.96																												13119.96
SmartTechNXT																							13107.5							13107.5
Información Segura, S A de CV																		13034.88												13034.88
Deutsche Telekom Business Solutions GmbH																										13001.72				13001.72
e-logicsarl																		12924.8												12924.8
BARTECH SOFTWARE Y SERVICIOS S.L.				1535.6209999999992								6308.049999999999						4984.89					0	0				0		12828.560999999998
araneaNET											12809.59																			12809.59
Unicorp Technologies																										12795.865000000002				12795.865000000002
Altisec Technologies Pvt.Ltd.															12792															12792
CDS Americas			0	0								10365.57						0					0	2269						12634.57
Abbakan France													12514.762200000001																	12514.762200000001
Five Rivers IT, Inc. (Reseller)		12480																												12480
Wysetek Systems Technologists Pvt. Ltd.																										12329.13				12329.13
Solid Border, Inc.									0					12277																12277
AnyKey Technologies												9100						3121.5						0						12221.5
RNS Technologies																										12160.873684210526				12160.873684210526
Data Protect Support																										12106.718833333332				12106.718833333332
CPS Technology Solutions, Inc.												12104.400000000001																		12104.400000000001
AITG Solutions														8886				2970												11856
Natica IT Consulting																										11806.5				11806.5
ABBA NETWORKS S.A.P.I. DE C.V.													11548.228571428572																	11548.228571428572
Microage Abitibi-Témiscamingue																									11518.82					11518.82
Triangle Computer Services											11432.24													0						11432.24
Connection								0						2380						9025								0		11405
GREY MATTER LTD																		11369.15					0							11369.15
Trimin Systems, Inc																								11272						11272
Four Points Technology													11239.25																	11239.25
AdmTools																	11066.805													11066.805
Intersec Worldwide		11059																												11059
Respect Technology Inc																11000														11000
SPI Group (Pty) Ltd																		11000										0		11000
Security Labs Peru SAC								11000																						11000
Waident Technology Solutions														10930																10930
ACMI												10728.911999999998																		10728.911999999998
USCOM SAS									10710																					10710
NABLA SRL																			10657.092166666665											10657.092166666665
ABPCyber Pte. Ltd. fka Tindo Pte Ltd																										10462.887499999999				10462.887499999999
EQUIPE MICROFIX																									10438.705					10438.705
ICO Limited																						10235		0						10235
Leonardo DRS													10192																	10192
Platinum Technology Managed Services Pty Ltd.	10080																													10080
Chillisoft Limited								4720			4092														1242					10054
VILSOL									10000																					10000
IT Savvy																							10000							10000
OneWorld InfoTech									9922.5																					9922.5
Infranet Technologies Group														9869																9869
Paramount Computer Systems									0				0													9813.981				9813.981
Etek																										9667.9				9667.9
Cosus Computersysteme GmbH											9654.236666666668																			9654.236666666668
Networld Corporation																										9515.275				9515.275
1kx consulting limited											9376.18																			9376.18
ADD Systems																							9350							9350
Acelium Inc.																			9270.699499999997											9270.699499999997
netzperten gmbH																			9153.45											9153.45
digit solutions GmbH																										9103.445				9103.445
SISAP: Sistemas Aplicativos																										9060.8				9060.8
Detech Bilism Teknolojileri San. Ve Tic A.S.															9047.5															9047.5
Consortium Networks, LLC																				9025						0				9025
NFORCE SECURE PUBLIC COMPANY LIMITED																									9000					9000
Atos IT Services - Morocco															8838.0655															8838.0655
Quadbridge												8670											0							8670
Datec														0	0							0		8662.5						8662.5
Meridian IT  Ltd											0	0						0						8548.596500000009						8548.596500000009
Cyber Self-Defense														8528																8528
IHM Technologies																										8518.72				8518.72
Xpert IT Serivces														8198																8198
Formind Morocco																									8091.099999999998					8091.099999999998
Exclusive Networks PH Inc															7890															7890
Flexential Corp.		7833																												7833
Atea A/S																		7796.25												7796.25
Inventum A.S.																	7783.920839160839													7783.920839160839
Axians ICT Austria GmbH	7693.35																													7693.35
AKAT Technologies																										7652.000736842105				7652.000736842105
Vars Corporation																									7626.01					7626.01
NetTects LLC HQ																										7570.950000000001				7570.950000000001
Singularis IT LLC		7560																												7560
Tangible Benefit								7528.390000000001																						7528.390000000001
Extravar B.V.				0								7462.665000000001												0				0		7462.665000000001
Data World Computer & Communication													7354.285714285715																	7354.285714285715
The CBORD Group Inc.																							7300.562857142857							7300.562857142857
Zivaro																										7180.039999999999				7180.039999999999
LES SOLUTIONS VICTRIX																									7067.817142857143					7067.817142857143
EAG Gulf Coast, LLC	6948																													6948
PCR Business Systems														6874																6874
Al Moammar Information Systems Co. (MIS)																										6815.567499999999				6815.567499999999
Shark Eurl Mako											6779.84																			6779.84
Concensus Technologies														6733.079999999999																6733.079999999999
System Source														6646																6646
OKIOK DATA LTÉE																									6619.57					6619.57
Kyndryl			4428.473333333333																					2143.373333333334						6571.846666666667
Mid-Range Computer Group Inc												0												6543.65						6543.65
NXGN, Inc												6428.780000000001																		6428.780000000001
Viris d.o.o.								6421.42																						6421.42
CREDE EXPERTO CZ				0								2766.3999999999996				0		3595.242214285714						0				0		6361.642214285714
CTC Global Pte Ltd																										6345.786999999999				6345.786999999999
SCC											0							0							6328.591428571429	0				6328.591428571429
microCAT GmbH											6309.110769230769																			6309.110769230769
MV3 Tecnologia da Informação																							6301.26							6301.26
CS Group (partner account)																										6282.982166666666				6282.982166666666
Trillium Technologies Pte Ltd																								6187.5						6187.5
Innov8 PVT LTD																										6077.820000000001				6077.820000000001
Meridian IT Ltd - MS1044																								6063.552						6063.552
Inter Engineering											6034.779999999998																			6034.779999999998
Performanta						0							6012.863450999999																	6012.863450999999
... [truncated at 400 non-empty rows; sheet has 1523 rows]

===== SHEET: Number of New Subs by Brand (1523r x 31c) =====
Quarter	(Multiple Items)
Direct v Channel	Channel
Sum of New Sub Count	Column Labels
Row Labels	Agari	Alert Logic - MDR	ASM	BI	BoKS	BSEC	Cap Mgmt	Cobalt Strike	Core CTS	Core IGA	CTP	Cybersecurity	Data Classification	DDI	Digital Guardian	Doc Mgmt	Globalscape	MFT	Network Monitoring	Outflank	PhishLabs	PowertechX	RPA	SM	Terranova	Tripwire	Vera	WLA	(blank)	Grand Total
Carahsoft	2				0			64	15		1	1	18		1		1	8	2	2	3	1	0	2	0		0	0	0	121
Cisco	10																								99					109
AT&T						0								56											8					64
CyberKnight Technologies								10	3		6		23		3			5		5					1					56
Computer Gross S.P.A.						0		18	7		5		0	13						6				1						50
HANDD Business Solutions							0	3	3		1		2				8	29		0									2	48
Bakotech Sp. z o.o								3	3		0		5	0	22			3		1					4		1			42
BlueFinch B.V.											5	1				0		34												40
Climb Channel Solutions - US	2							3	0		0	0	1	3			10	6		0	4	0	0		8				1	38
e92plus	0						1	4	3		11		0	1	0			9		8							0			37
SHI International	3	1		0					0		0	0	2		9	1	3	0			2		1	4	2		0	2	2	32
DETECH AS								5	0				23		3			0		0										31
Green Light Technology											6	0				0		24					0	0						30
Bulwark Technologies LLC											2		3		7			17	0				0							29
S4 Applications Limited								15	4					2						6										27
Emerging Market Technologies Trading FZCO	0							7	2		4		8	0	3			2		1					0					27
Private Protocol				0				4	2			0	2					10	2	2				0	2					24
Mainline								8	7			0								8		0		0	0					23
Optiv	2					0		3	0	0	0		0	0	2					2	1				2	9	0		2	23
NSS SA								3	2				0	12				3		2										22
Pro2col											2						2	16					0					0	1	21
Aqaio GmbH								12	2					1	0					6			0							21
Messagenet						2		2	0		0	0	1	3	1	0	0	10		0			0		1			0		20
SmartNet Technology Co Ltd						3		6	2											6	1									18
GuidePoint Security	10							2					1		3					0	1	0				0				17
TD Synnex Canada																									16					16
Sysob IT-Distribution GmbH & Co. KG											7							8												15
Softchoice	0												0		0								7		7	0		1		15
COMPUTER 2000 Bulgaria Ltd.								2	0		1		2		3					1					6					15
Tech Titan Distribution Company Limited - Thailand								10	3					1																14
Sourcepass														14																14
ORION INNOVATION																									14					14
OSI Vision														14																14
Esperto Consultants Private Limited								7	4					0						3										14
CMCFlex												14																		14
CYBERSWAT (GROUPE CYBERSWAT INC.)																									14					14
CCZ BUSINESS SARL																									14					14
Starlink DMCC (UAE)								2	0				1		3										7					13
S.I.T. Secure Internet Traffic	6										7		0																	13
Inversion6														12							1									13
Aquion								2	1		0		1				3	1				5	0						0	13
Logicworks MSP		12																												12
Vizo Financial Corporate Credit Union														12																12
GOSECURE INC																					1				11					12
ESI TECHNOLOGIES																					1				11					12
Wavetel						0		7	3											1										11
TECHSO																									11	0				11
J'S COMMUNICATION CO LTD								9	1											1										11
iSecurity Inc.															10												1			11
CDW															1		0							0		10			0	11
Secure Networks																										10				10
THE CYBER ACADEMY																									10					10
OneTeam IT Pty Ltd												4												6				0		10
Presidio	6														4		0									0				10
CT Cloud Design GmbH & Co. KG											10																			10
Bell																					2				8					10
Satcom Infotech Pvt Ltd	0												3		0											6				9
BAKOTECH S.r.o. (Czech Republic)								0					0		6										3					9
INFINIGATE				1				1					3	1	1			2		0										9
IT2 Trust AS								4	1		0		0		0			2		2										9
Infranet Technologies Group														9																9
BARTECH SOFTWARE Y SERVICIOS S.L.				5								3						1					0	0				0		9
DeFY Security, LLC	2							0							6					1										9
Computacenter (UK) Ltd	2									0					4											3				9
VIET SUNSHINE ELECTRONIC SOLUTION JOINT STOCK COMPANY															4						4									8
Tech Titan								3	4											1										8
ACESI																									8					8
SMEUP ICS S.R.L.			4	4								0												0						8
NetCon Unternehmensberatung GmbH	0										8																			8
S.I.T. GmbH & Co. KG	2										3		3																	8
SOFTWARE GREENHOUSE S.A.												4						0					4							8
SHI													0													1			7	8
Korper ICT																	1	0					7							8
Liberty Communications														8											0					8
Flexential		7																											1	8
Haboob																										8				8
INSEC Security								8	0																					8
South Asian Technologies (Private) Limited				1							0	2	0					1				3		0						7
Presidio HQ																										7				7
MICROSERVE																									7					7
Pro TECHnology																										7				7
LC Networks Communication (LCNC)						3		3	1																					7
EQUIPE MICROFIX																									7					7
apia systemhaus gmbh											7																			7
Solutions II, Inc.												6												0						6
Fortra, LLC																	6													6
Computacenter United States Inc																		0	6											6
Tech Titan Distribution Sdn Bhd - Malaysia								1	2		0	1								2										6
TELUS Corporation																									6					6
Velocity Network														6																6
ALSO Spain (ex IREO Soluciones)								3	0		0		0					0		1					2					6
Move AS											2							4					0							6
SoftwareONE	0			0	0		0	0			4	0	0				0	0	0				0	0		1		1		6
Grupo Incisive, C.A.			0	0								4						0				1		1						6
Dataprotect																										6			0	6
Avertium														6																6
Amazon Web Services		6																												6
Bridgeway Communication System, Inc.											5							1												6
HighStrat Consulting																					5									5
Chillisoft Limited								1			3														1					5
Microage Abitibi-Témiscamingue																									5					5
T2S - Tecnologia de Informação Ltda																		5												5
perfTech Solutions Private Limited											1							4												5
STF Consulting														5																5
GBM Costa Rica			0									4										1							0	5
OKIOK DATA LTÉE																									5					5
Liquid PC	2							0	0			0	0		3		0	0	0			0	0					0		5
Dewpoint		1												4																5
Formind Morocco																									5					5
Insight													0				1									4			0	5
IT Federal Sales									5			0																		5
Huber & Associates												3				0							0	2						5
Hyperflex Technologies S. de R.L. de C.V.			0									5												0						5
Axians											5																			5
CREDE EXPERTO CZ				0								5				0		0						0				0		5
Ballast Services									0					5																5
ITPoint AG												4																		4
SYSTECH Technocraft Services Pvt. Ltd											0						2	2											0	4
Tierpoint, LLC		4																												4
APTEC									4																					4
NRB REVENDEUR																									4					4
AITG Solutions														1				3												4
Tech-Trans Telecom (China) Limited												1										3				0				4
Systematik GmbH											1							3												4
RedZone Technologies														4																4
PT TTI Group Distribution								0	1				1		1						0					1				4
SmartData Technologies								3	1																					4
Sheng-Bo Technology Corp.											4																			4
SHI International Corp	2																				1		1		0					4
FOLIATEAM OPERATEUR																									4					4
GROUPE INFORMATIQUE PRESENT																									4					4
Kite Distribution Ltd	4																													4
EMT Group													4																	4
American Top Tools				2								2				0		0												4
CAPGEMINI UK PLC											4																			4
Avant Communications		3																											1	4
Concensus Technologies														3																3
NXGN, Inc												3																		3
SoftwareOne BE B.V.								0			2									1										3
TechNet Enterprises																									3					3
Hitachi Systems Security Inc. (Customer)																									3					3
Tarlogic Security SL								3																						3
CPS Technology Solutions, Inc.												3																		3
Xpert IT Serivces														3																3
Omada Technologies, LLC															0						3									3
Toshiba																										3				3
VILSOL									3																					3
Eviden AG (Switzerland)															3															3
System Source														3																3
Y365																		0						3						3
Service Express, LLC												3												0						3
MICROAGE DRUMMOND INFORMATIQUE LTEE																									3					3
WatServ		3																												3
MONDATA																									3					3
SEDIKA TECHNOLOGIES																									3					3
NFORCE SECURE PUBLIC COMPANY LIMITED																									3					3
OnePath		2																											1	3
SmartTechNXT																							3							3
OneWorld InfoTech									3																					3
Panasonic Information Systems															3															3
KPMG																									3					3
Inter Engineering											3																			3
INSPIRA ENTERPRISE																									3					3
IVSG LLC																									3					3
iVision		3																												3
Insight - US	1			0				1			0								0	1			0					0		3
INFOSEC BILGI TEKNOLOJILERI LTD																										3				3
Iron Bow Technologies HQ								3											0							0				3
Infosystems AA Ltd																												3		3
ePlus	1	1												1	0			0	0							0	0		0	3
InfoTrust	3																													3
E-xpert Solutions											0		3																	3
DEVENSYS CYBERSECURITY																									3					3
Logicworks		3																												3
iValue											2		1																	3
Halock Security Labs		3																												3
Aptum		3																												3
Colombeia S.A.S.				3														0												3
CDS Americas			0	0								3						0					0	0						3
Consortium Networks, LLC																				3						0				3
AmiViz													3														0			3
ALUS Outsourcing Servico Ltda - EPP								3																						3
Bahrain Business Machines WLL												0										3								3
Cyber Self-Defense														3																3
IT Savvy																							2							2
Leonardo DRS													2																	2
Bulwark Saudi for Information Technology													1		1															2
Deloitte LLP																									2					2
Continental Information and Telecom Services (CITS)																													2	2
NIL d.o.o.	2																													2
Minoria Tech LLC	2																													2
Azoure Engineering and services								1	1																					2
Complys Technologies																									2					2
Globalscape																	2													2
TET Limited																		2												2
Five Rivers IT, Inc. (Reseller)		2																												2
Infinigate Global Services Limited Europe B.V.													1												1					2
Evolve		2																												2
JCD GROUPE																									2					2
Locked Stack														2																2
Network Intelligence India Pvt Ltd																										2				2
VAR ENGINEERING SRL				1			0					0						0					1	0				0		2
ValuePoint Techsol Pvt Ltd	2										0																			2
Axians ICT Austria GmbH	2																													2
Logicworks Systems Corporation		2																												2
Flexential Corp.		2																												2
GoGoByte						2																								2
EAG Gulf Coast, LLC	2																													2
Detech Bilism Teknolojileri San. Ve Tic A.S.															2															2
Tanet GmbH											2																			2
SEKYURITI																									2					2
Vormittag Associates, Inc.																2														2
UNICC INTERNATIONAL COMPUTING CENTRE																									2					2
Sosy A/S												1				0		0						1						2
x-dream-distribution GmbH																		2												2
World Wide Technology									0													0		0		2				2
SSI Sviluppo Sistemi Informativi srl												2						0						0						2
SPSS srl a socio unico				2																										2
Towerwall, Inc.		2																												2
The Eniac Corporation				0								0						2					0	0				0		2
Trustmarque Solutions											2																			2
Data Partner Inc.		2																												2
TRC Informática S.L.								2	0																					2
STC Solutions																										0			2	2
ISMACORP																									2					2
Mi Mi Informatics Joint Stock Company								0	0				2																	2
Sagiss LLC														2																2
NABLA SRL																			2											2
MoreDirect											2						0	0					0							2
SOLPAC Co. Ltd.				0								1						1						0						2
Softcell Ltd																										2			0	2
Nexus Technologies, Inc.						0			0																	0			2	2
NSS Limited								1	1				0		0			0		0										2
Pulsant		2																												2
MO: MOTEX Inc.																										2			0	2
Rackspace		1																											1	2
NETILITY GmbH & Co. KG											2																			2
Redington Gulf FZE													1		1															2
Microage																									2			0		2
Mid Atlantic Broadband						0								2																2
PSYND																									2					2
LOAD SYSTEMS AB																								2						2
Insight Canada																									2	0				2
Innov8 PVT LTD																										2				2
digit solutions GmbH																										2				2
Kyndryl			1																					1						2
Generic Systems Australia											0					0		2												2
M.Tech Holdings Pte Ltd						0			0			0	2																	2
GTO GESTION INFORMATIQUE																									2					2
Innovative Business Systems, Inc.												2												0						2
Hanacompany Co Ltd.						2								0																2
KD Service & Consulting GmbH & Co. KG											2																			2
Hinton & Associates, Inc.														2																2
LGIT Computers																									2					2
HIS HANSE IT Systeme GmbH											2																			2
Information Union World															2															2
LUTESSA																									2					2
AdmTools																	1												1	2
DANSLENUAGE.QUEBEC INC																									2					2
CONNEXTEK INC.																									2					2
ATS Networks																										2			0	2
Clip Tecnologia SAC			0					0	0			0											0					2		2
Data#3								0	0		1							0					0			1		0	0	2
Complete Solution Finder Pte Ltd.													1		1															2
araneaNET											2																			2
Atlas Consulting Limited												2												0						2
CDI LLC											2																			2
CTC Technologies															2															2
AAA Bits Consulting Ltd.																										0			2	2
beSECURITY Pte Ltd						2								0																2
BlackBridge																0		2					0							2
Datec														0	0							0		2						2
EASI - Belgium																									1					1
Tenfold Security Consulting Inc.																					1									1
Highstreet IT Solutions																													1	1
Meridian IT Ltd - MS1044																								1						1
Exclusive Networks PH Inc															1															1
UPINFO																									1					1
INFINIGATE S.R.L.																									1					1
LONDON HEALTH SCIENCES CENTRE											1																			1
Guangzhou LingYi Information Technology Co. Ltd.																			0				1							1
Exclusive Networks - India															1															1
CYBERCAL																									1					1
Infosys - Texas											1																			1
Extreme Technologies PLC																										1				1
NCSECU																					1									1
Prianto PPM GmbH											1																			1
NSS SA (Greece)													1																	1
Infinigate Global Services Limited											0		0		0			1												1
Tangible Benefit								1																						1
Viris d.o.o.								1																						1
VarGroup S.p.A.												0						0						1						1
Syner Solutions Technologies Inc.								1					0							0										1
Meridian IT Ltd - RO0051																								1						1
Nomios (fka AXELI, Morocco)																										1				1
Northbay Solutions		1																												1
GBM Dominicana,S.A.												1																		1
Intersec Worldwide		1																												1
Ensono		1																												1
Simmons Computer														1																1
HelpAG																										1				1
Rolta AdvizeX																										1				1
Security Labs Peru SAC								1																						1
e-logicsarl																		1												1
AXIANS NOUVELLE-CALÉDONIE																									1					1
Cyvault																									1					1
Información Segura, S A de CV																		1												1
Point IT SRL								1	0																					1
Respect Technology Inc																1														1
SONEMA																									1					1
Platinum Technology Managed Services Pty Ltd.	1																													1
PT. TTI GROUP DISTRIBUTION (Tech Titan Indo)								1	0				0																	1
IST Americas								1	0																					1
Medical Technology Solutions, LLC		1																												1
TEUNO								1												0										1
CyberNest Secure								1																						1
AXIANS CYBERSECURITY																									1					1
Aplidigital Comércio e Serviços de Tecnologia LTDA													1																	1
I-Gouvernancia																										1				1
SEFISA Guatemala								1	0																					1
MillenniumIT ESP																										1				1
Scitum S.A. de C.V.									1																					1
Altisec Technologies Pvt.Ltd.															1															1
1kx consulting limited											1																			1
NGNEX LLC								1	0																					1
EC Council Global Services												1																		1
ThreatAdvice														1																1
Netpoleons Pte Ltd (Singapore)													1																	1
Data Sec																										1				1
Hitachi Systems India Pvt. Ltd.													1																	1
Open Systems International, Inc. (OSII) / AspenTech																										1				1
PCR Business Systems														1																1
Leaders Solutions for Information Technology																										1				1
AWS Marketplace														1																1
Information and Communication Technology WLL (ICT Qatar)																										1				1
ProTech Systems Group, Inc.		1																												1
SITE																										1			0	1
Datagroup Operations GmbH (MSP)											1																			1
Footprint Africa Business Solutions Ltd																									1					1
Systex Corporation																										1			0	1
Internap Holding LLC (INAP)		1																												1
USCOM SAS									1																					1
Diagon Consulting Ltd														1																1
Truis Pty Ltd																						1		0						1
TOYOTA TSUSHO SYSTEMS US, INC.(TTS-US)													1																	1
SRC Secure Solutions bv												1												0						1
TTNL				0								1												0						1
QBS										1									0				0					0		1
Kontron, d. o. o.,											1															0				1
Security Innovation, Inc.																									1					1
Triangle Computer Services											1													0						1
COMPLETE SOLUTION FINDER PRIVATE LIMITED											0				0										1					1
Voelker Handel und Dienstleistung UG (haftungsbeschraenkt)											1																			1
Notable Frontier Sdn Bhd															1															1
Volta, Inc.												0										1								1
OMNI LEX																									1					1
SynerSolutions Technologies Inc													0		0										1					1
Speedcom											1																			1
Syntax Systems Limited																		1										0		1
Wysetek Systems Technologists Pvt. Ltd.																										1			0	1
Teksetra														1																1
CyberOne, LLC															1															1
Trillium Technologies Pte Ltd																								1						1
CYOLOGY LABS																									1					1
GOTRUST CONSULTINGS																									1					1
Xamin		1																												1
Quadbridge												1											0							1
Eviden Services, Inc.																									1					1
PT SISTEMS ASIAN TEKNOLOGI												0												1						1
SunGard		1																												1
Vars Corporation																									1					1
Swish Data Corporation								1					0																	1
Singularis IT LLC		1																												1
Gulf Business Center (GBC), Qatar																										1				1
Systembetreuung Hofmann GmbH											1																			1
The TSL Group																									1					1
Versos																										1			0	1
SRSG Broadcast India Private Ltd																		1												1
TechniData TCC Products GmbH											1																			1
Waident Technology Solutions														1																1
SMLB-NEXT								0										0							1					1
SicoloS Tecnologia																							1							1
Mission Cloud		1																												1
Proximus Luxembourg S.A. (MSP)											1																			1
SISAP: Sistemas Aplicativos																										1				1
microCAT GmbH											1																			1
Solid Border, Inc.									0					1																1
Neyond																		0					1							1
SHI INTERNATIONAL SAS						1					0		0																	1
MV3 Tecnologia da Informação																							1							1
Singular People Europa S.L.																							1							1
PureLogic IT					0			1										0	0											1
PerComp Verlag GmbH											1																			1
Northdoor Plc (reseller)												1												0						1
PKWARE													1																	1
REDES Y SISTEMAS INTEGRADOS S A S											1												0	0						1
... [truncated at 400 non-empty rows; sheet has 1523 rows]

===== SHEET: Sub Region Pivot - ALE (213r x 15c) =====
Sales Region	(All)
Row Labels
Africa - English
Angola
Botswana
Burundi
Cape Verde
Central African Republic
Comoros
Congo
Congo, Democratic Republic
Equatorial Guinea
Eritrea
Ethiopia
Gambia
Ghana
Guinea
Guinea-Bissau
Kenya
Lesotho
Liberia
Malawi
Mauritania
Mauritius
Mozambique
Namibia
Niger
Nigeria
Rwanda
Saint Helena
Sao Tome and Principe
Seychelles
Sierra Leone
Somalia
South Africa
South Sudan
Sudan
Swaziland
Tanzania
Uganda
Western Sahara
Zambia
Zimbabwe
Africa - French
Algeria
Benin
Burkina Faso
Cameroon
Chad
Cote d'Ivoire
Djibouti
Gabon
Madagascar
Mali
Mayotte
Morocco
Reunion
Senegal
Togo
Tunisia
DACH
Austria
Germany
Liechtenstein
Switzerland
Eastern Europe
Albania
Armenia
Azerbaijan
Belarus
Bosnia and Herzegovina
Bulgaria
Croatia
Cyprus
Czech Republic
Estonia
Georgia
Greece
Hungary
Israel
Kosovo
Kyrgyzstan
Latvia
Lithuania
Macedonia
Moldova
Montenegro
Poland
Romania
Russian Federation
Serbia
Slovakia
Slovenia
Tajikistan
Turkey
Turkmenistan
Ukraine
Uzbekistan
Middle East
Afghanistan
Bahrain
Egypt
Iran
Iraq
Jordan
Kuwait
Lebanon
Libya
Oman
Palestine
Qatar
Saudi Arabia
Syria
United Arab Emirates
Yemen
Nordics
Akrotiri
Belgium
Dehkelia
Denmark
Faroe Islands
Finland
Greenland
Iceland
Netherlands
Norway
Svalbard
Sweden
South Europe - French
France
Luxembourg
Monaco
South Europe - Other
Italy
Portugal
San Marino
Vatican
South Europe - Spanish
Andorra
Spain
UKI
Gibraltar
Guernsey
Ireland
Jersey
Malta
United Kingdom
(blank)
Total
ANZ
American Samoa
Australia
Christmas Island
Cocos (Keeling) Islands
Cook Islands
East Timor
Fiji Islands
French Polynesia
Guam
Kiribati
Marshall Islands
Micronesia
Nauru
New Caledonia
New Zealand
Norfolk Island
Northern Mariana Island
Pacific Islands Trust Tr
Palau
Papua New Guinea
Samoa
Solomon Islands
Timor-Leste
Tokelau
Tonga
Tuvalu
Vanuatu
Wallis & Futuna Islands
Southeast Asia
Azerbaijan
Brunei Darussalam
Cambodia
China
Hong Kong
Indonesia
Kazakhstan
Laos
Macau
Malaysia
Mongolia
Myanmar
North Korea
Philippines
Singapore
South Korea
Taiwan
Thailand
Vietnam
SAARC
Bangladesh
Bhutan
British Indian Ocean Territory
India
Maldives
Nepal
Pakistan
Sri Lanka
Japan
Japan
Grand Total

===== SHEET: International ALE (408r x 43c) =====
International Channel ALE and YTD Growth											EMEA Channel ALE and YTD Growth											APAC Channel ALE and YTD Growth											LATAM Channel ALE and YTD Growth
Direct v Channel	Channel										Direct v Channel	Channel										Direct v Channel	Channel										Direct v Channel	Channel
Global Region	(Multiple Items)										Global Region	EMEA										Global Region	APAC										Global Region	LATAM
Sum of ALE	Column Labels										Sum of ALE	Column Labels										Sum of ALE	Column Labels										Sum of ALE	Column Labels
Row Labels	Q1 '25								H1 YTD Growth		Row Labels	Q1 '25								H1 YTD Growth		Row Labels	Q1 '25								H1 YTD Growth		Row Labels	Q1 '25								H1 YTD Growth
Infinigate Global Services Limited	507520.27133333345								-1		Infinigate Global Services Limited	507520.27133333345								-1		PT TTI Group Distribution	189372.2857142857								-1		Grupo Incisive, C.A.	26210.79333333333								-1
Emerging Modern Technologies for Publication	303820								-1		Emerging Modern Technologies for Publication	303820								-1		Tesla Consulting Pte. Ltd.	114443.99999999999								-1		Green Light Technology	25364.3625								-1
Starlink DMCC (UAE)	295940.04324324324								-1		Starlink DMCC (UAE)	295940.04324324324								-1		iSecurity Inc.	112333.38461538461								-1		Cirilo Ayling SAIC	15212.076666666668								-1
BlueFinch B.V.	233672.3397765568								-1		BlueFinch B.V.	233672.3397765568								-1		HANDD Business Solutions	110034.68000000001								-1		ASSERTIVA	10989.5								-1
HANDD Business Solutions	223100.8782324345								-1		CyberKnight Technologies	191556.15956937798								-1		Satcom Infotech Pvt Ltd	73742.8								-1		Grupo Sypsa SAC	5844.160000000001								-1
CyberKnight Technologies	191556.15956937798								-1		Advania Norge AS	124019.27333333335								-1		Softcell Ltd	56800.62								-1		GBM Honduras, S.A.	5525								-1
PT TTI Group Distribution	189372.2857142857								-1		Pro2col	122802.38538084467								-1		J'S COMMUNICATION CO LTD	48401.600000000006								-1		CDS Americas	4080								-1
Advania Norge AS	124019.27333333335								-1		HANDD Business Solutions	113066.19823243449								-1		Aquion	46903.63452380953								-1		Información Segura S.A de C.V.	2681.25								-1
Pro2col	122802.38538084467								-1		Infinigate Global Services Europe B.V.	75429.3605								-1		M-Security Technology	38145.230769230766								-1		GBM Costa Rica	2310								-1
Tesla Consulting Pte. Ltd.	114443.99999999999								-1		Haboob	74086.27894736841								-1		Generic Systems Australia	36112.07800000002								-1		BAMM! Technologies LLC	1821.6								-1
iSecurity Inc.	112333.38461538461								-1		BAKOTECH S.r.o. (Czech Republic)	66309.78								-1		Stone Forest IT Pte	32804.5643076923								-1		NEXT-IT EXPERTS S.A. de C.V.	1575								-1
Satcom Infotech Pvt Ltd	112094.5								-1		Alnahil Computer	65933.59999999999								-1		Systex Corporation	32595.9645								-1		The Eniac Corporation	1143.4499999999998								-1
Infinigate Global Services Europe B.V.	75429.3605								-1		Korper ICT	56984.549705882346								-1		iValue Infosolutions Limited	31732.52								-1		Etek	568.7								-1
Cisco	75288.03133333333								-1		S4 Applications Limited	54935.229999999996								-1		MO: MOTEX Inc.	25867.599999999988								-1		Singular People Europa S.L.	0								N/A
Haboob	74086.27894736841								-1		AL-Networks GmbH	54318.081499999986								-1		SYSTECH Technocraft Services Pvt.Ltd	24002.769999999997								-1		RAN Ingenierfa de Sistemas SRL	0								N/A
BAKOTECH S.r.o. (Czech Republic)	66309.78								-1		Sysob IT-Distribution GmbH & Co. KG	53889.76725862067								-1		Cisco	21908.818								-1		Colombeia S.A.S.	0								N/A
Alnahil Computer	65933.59999999999								-1		Cisco	53379.21333333334								-1		Panasonic Information Systems	19381.379999999997								-1		Control and Security of Data S.A. de C.V.	0								N/A
Korper ICT	56984.549705882346								-1		Private Protocol	52608.8								-1		SHI Singapore Solutions Pte. Ltd.	18250								-1		Ricoh Canada	0								N/A
Softcell Ltd	56800.62								-1		CFAO Group	52108.47								-1		Esperto Consultants Private Limited	17478								-1		Cybolt	0								N/A
S4 Applications Limited	54935.229999999996								-1		INFINIGATE	49084.0895								-1		South Asian Technologies (Private) Limited	14577.5								-1		SOFTWARE GREENHOUSE S.A.	0								N/A
Bulwark Technologies LLC	54568.203692307696								-1		Bulwark Technologies LLC	47990.203692307696								-1		SmartNet Technology Co Ltd	13657.130000000001								-1		DANYSOFT INTERNACIONAL, S.L.	0								N/A
AL-Networks GmbH	54318.081499999986								-1		Nexus Technologies, Inc.	45360								-1		Atos	12750								-1		Clip Tecnologia SAC	0								N/A
Sysob IT-Distribution GmbH & Co. KG	53889.76725862067								-1		Messagenet	40995.91203846154								-1		Information Union World	11718								-1		Galia Technologies SAS	0								N/A
Private Protocol	52608.8								-1		Aqaio GmbH	39377.375								-1		A-NETWORKS (PVT) LTD	10962.9								-1		Redsisusa del Ecuador CIA LTDA	0								N/A
CFAO Group	52108.47								-1		Satcom Infotech Pvt Ltd	38351.7								-1		Sanwa Comtec K.K.	9075								-1		ALSO Spain (ex IREO Soluciones)	0								N/A
INFINIGATE	49084.0895								-1		COMPUTER SYSTEMS INTEGRATION LTD	38291.42								-1		Insung Digital Co., Ltd.	8778.48								-1		SHI International	0								N/A
J'S COMMUNICATION CO LTD	48401.600000000006								-1		Emerging Market Technologies Trading FZCO	33084.92								-1		Bulwark Technologies LLC	6578								-1		GBM de Guatemala, S. A.	0								N/A
Aquion	46903.63452380953								-1		COMPUTER 2000 Bulgaria Ltd.	31487.545833333337								-1		SoftwareONE	6500								-1		SmartTechNXT	0								N/A
Nexus Technologies, Inc.	45360								-1		SMEUP ICS S.R.L.	29185.259999999966								-1		Tech Titan Distribution Sdn Bhd - Malaysia	6240.5								-1		GLOBAL ADVISORY SOLUTIONS S.A	0								N/A
Messagenet	40995.91203846154								-1		TECHSO	27912.989999999998								-1		SYSTECH Technocraft Services Pvt. Ltd	6219.200000000001								-1		TECNOAV	0								N/A
Aqaio GmbH	39377.375								-1		Innovative Solutions	27041.206153846157								-1		Rah Infotech Private Limited	5900								-1		ALUS Outsourcing Servico Ltda - EPP	0								N/A
COMPUTER SYSTEMS INTEGRATION LTD	38291.42								-1		BlackBridge	26814.523333333327								-1		Kirra Services	5727.9974999999995								-1		Consultora Tecnológica S.A.	0								N/A
M-Security Technology	38145.230769230766								-1		Qatar Datamation Systems	26505.7365								-1		Tech Titan	5699.999999999998								-1		American Top Tools	0								N/A
Generic Systems Australia	36112.07800000002								-1		TET Limited	25439.799999999996								-1		Data#3	4421.304								-1		PST Products	0								N/A
Emerging Market Technologies Trading FZCO	33084.92								-1		NSS SA	25305.330000000005								-1		Information Union World Company Limited (IUW)	3932.2666666666664								-1		ADD Systems	0								N/A
Stone Forest IT Pte	32804.5643076923								-1		Insight - UK	19000								-1		Hitachi Systems India Pvt. Ltd.	3738								-1		REDES Y SISTEMAS INTEGRADOS S A S	0								N/A
Systex Corporation	32595.9645								-1		Atlantic Data Security	18830.890000000003								-1		InfoTrust	3600								-1		IBM	0								N/A
iValue Infosolutions Limited	31732.52								-1		Bulwark Saudi for Information Technology	18396.666666666668								-1		INSPIRA ENTERPRISE	3093.75								-1		REDSISUSA S DE RL DE CV	0								N/A
COMPUTER 2000 Bulgaria Ltd.	31487.545833333337								-1		Security Matters	18217.1135								-1		beSECURITY Pte Ltd	1700								-1		INETUM Luxembourg S.A.	0								N/A
SMEUP ICS S.R.L.	29185.259999999966								-1		Systematik GmbH	17866.012023166022								-1		Yam Pong Corp	1471.2								-1		Robot One - R1 Software Tecnologia e Serviços Ltda	0								N/A
TECHSO	27912.989999999998								-1		SBL	17000								-1		CTC Global Sdn Bhd	1101.9113333333335								-1		Información Segura, S A de CV	0								N/A
Innovative Solutions	27041.206153846157								-1		Computer Gross S.P.A.	16600.030000000002								-1		NFORCE SECURE PUBLIC COMPANY LIMITED	1028.5714285714284								-1		SicoloS Tecnologia	0								N/A
BlackBridge	26814.523333333327								-1		Gulf Business Center (GBC), Qatar	16427.175								-1		Networld Corporation	934.5599999999998								-1		Innovery España SLU	0								N/A
Qatar Datamation Systems	26505.7365								-1		SoftwareONE	15940.572666666663								-1		Hanacompany Co Ltd.	900								-1		Sisap	0								N/A
Grupo Incisive, C.A.	26210.79333333333								-1		Orange Cyberdefense Sweden AB	15346								-1		Hitachi Solutions, Ltd.	859.0635								-1		Intecsus Technologies, C.A.	0								N/A
MO: MOTEX Inc.	25867.599999999988								-1		DXC Technology	15187.61								-1		CROSS POINT SOLUTION CO LTD	857.27								-1		SMEUP ICS S.R.L.	0								N/A
TET Limited	25439.799999999996								-1		Wavetel	15177.3								-1		Net One Asia Pte Ltd	675.025								-1		IT JETS & Co.	0								N/A
Green Light Technology	25364.3625								-1		Intellect Design Arena Inc	12712.62								-1		Joule Tech Singapore	665.6199999999999								-1		SOS Software Service GmbH	0								N/A
NSS SA	25305.330000000005								-1		AnyKey Technologies	12404.426								-1		Rabita Software	493.20000000000005								-1		CLIP Tecnologia SpA	0								N/A
SYSTECH Technocraft Services Pvt.Ltd	24002.769999999997								-1		SHI Corp	12000								-1		TI: TIS Inc.	453.12								-1		The CBORD Group Inc.	0								N/A
SoftwareONE	22440.57266666667								-1		SOFTWARE GREENHOUSE S.A.	11323.84088235294								-1		NS	403.43999999999994								-1		Valcallidus Olaf Kozłowski	0								N/A
Panasonic Information Systems	19381.379999999997								-1		Disig, a.s.	11103.070714285714								-1		CYBERCAL	0.002173913043407083								-1		Unitecnic SL	0								N/A
Insight - UK	19000								-1		DETECH AS	9888.076923076924								-1		Netcracker Technology	0								N/A		Telecomunicaciones  Digitales S.A.	0								N/A
Atlantic Data Security	18830.890000000003								-1		Tarlogic Security SL	9440								-1		Transcend Solutions Pte Ltd	0								N/A		VAR ENGINEERING SRL	0								N/A
Bulwark Saudi for Information Technology	18396.666666666668								-1		Razorthorn Security	9083.039999999999								-1		Bridgeway Communication System, Inc.	0								N/A		VAR GROUP SUISSE SA	0								N/A
SHI Singapore Solutions Pte. Ltd.	18250								-1		INDRA III SOLUÇÕES DE TECNOLOGIA DA INFORMAÇÃO PORTUGAL, UNIPESSOAL, LDA	9078.738947368422								-1		ABPCyber Pte. Ltd. fka Tindo Pte Ltd	0								N/A		MV3 Tecnologia da Informação	0								N/A
Security Matters	18217.1135								-1		Data3V	8720.25								-1		JB Service	0								N/A		GBM Dominicana,S.A.	0								N/A
Systematik GmbH	17866.012023166022								-1		T-Systems Hungary Ltd.	8118.310000000001								-1		Y365	0								N/A		AUTOMATE BRASIL - CIBER DATA SISTEMA DE INFORMAÇÃO LTDA	0								N/A
Esperto Consultants Private Limited	17478								-1		NSI	7988.125714285715								-1		Insight - US	0								N/A		BARTECH SOFTWARE Y SERVICIOS S.L.	0								N/A
SBL	17000								-1		DEVENSYS CYBERSECURITY	7960.46								-1		Magna Systems & Engineering (Singapore)	0								N/A		Netlogic SRL	0								N/A
Computer Gross S.P.A.	16600.030000000002								-1		Service Express Europe Limited	6812.09								-1		Progression Infonet Private Limited	0								N/A		PRICE WATERHOUSE COOPERS CONSULTORES SA	0								N/A
Gulf Business Center (GBC), Qatar	16427.175								-1		Formind Morocco	6548.970000000001								-1		M.Tech Holdings	0								N/A		Korper ICT	0								N/A
Orange Cyberdefense Sweden AB	15346								-1		EMIB Consulting LLC	6494.088048780488								-1		PT SISTEMS ASIAN TEKNOLOGI	0								N/A		Accolm	0								N/A
Cirilo Ayling SAIC	15212.076666666668								-1		NSS Limited	6360.01								-1		Value Point Techsol Pvt Ltd	0								N/A		Kyndryl Ecuador S.A.	0								N/A
DXC Technology	15187.61								-1		CT Cloud Design GmbH & Co. KG	5735.744666666668								-1		DIGITAL-EFFECT NETWORK CO LTD	0								N/A		Grand Total	103325.8925								-1
Wavetel	15177.3								-1		ALSO Spain (ex IREO Soluciones)	5506.763333333333								-1		M.Tech (Shanghai) Co.,Ltd	0								N/A											N/A
South Asian Technologies (Private) Limited	14577.5								-1		CCZ BUSINESS SARL	5406.633333333333								-1		Asiapeak	0								N/A											N/A
SmartNet Technology Co Ltd	13657.130000000001								-1		VAR ENGINEERING SRL	5052.627142857144								-1		Telstra Limited	0								N/A											N/A
Atos	12750								-1		Dataprotect	5025.830499999999								-1		Accenture	0								N/A											N/A
Intellect Design Arena Inc	12712.62								-1		Bakotech Sp. z o.o	4612.09								-1		NTT Data	0								N/A											N/A
AnyKey Technologies	12404.426								-1		PRIORITY QUALITY CONSULTANTS S.A.	4602.950769230769								-1		Tech Mahindra (Thailand) Ltd.	0								N/A											N/A
SHI Corp	12000								-1		Inter Engineering	4565.56								-1		M.TECH SOLUTIONS (INDIA) PVT LTD	0								N/A											N/A
Information Union World	11718								-1		Accolm	4496.25								-1		Fujitsu	0								N/A											N/A
SOFTWARE GREENHOUSE S.A.	11323.84088235294								-1		Pelican Tech	3250.67								-1		Tech-Trans Telecom (China) Limited	0								N/A											N/A
Disig, a.s.	11103.070714285714								-1		INETUM Luxembourg S.A.	2922.6366666666663								-1		Acelium Inc.	0								N/A											N/A
ASSERTIVA	10989.5								-1		Data Protect Support	2808								-1		The CBORD Group Inc.	0								N/A											N/A
A-NETWORKS (PVT) LTD	10962.9								-1		PST Products	2678.65								-1		Sheng-Bo Technology Corp.	0								N/A											N/A
DETECH AS	9888.076923076924								-1		CREDE EXPERTO CZ	2594.9								-1		Toshiba	0								N/A											N/A
Tarlogic Security SL	9440								-1		Neyond	2194.2916153846154								-1		Smartlink Hong Kong Ltd	0								N/A											N/A
Razorthorn Security	9083.039999999999								-1		ef & ef Software- und Beratungsges. mbH	1998.0533333333333								-1		Truis Pty Ltd	0								N/A											N/A
INDRA III SOLUÇÕES DE TECNOLOGIA DA INFORMAÇÃO PORTUGAL, UNIPESSOAL, LDA	9078.738947368422								-1		Simac	1846.44								-1		DT Asia	0								N/A											N/A
Sanwa Comtec K.K.	9075								-1		TTNL	1598.9199999999998								-1		Wysetek Systems Technologists Pvt. Ltd.	0								N/A											N/A
Insung Digital Co., Ltd.	8778.48								-1		S.I.T. GmbH & Co. KG	1585.5933333333332								-1		Kanematsu Electronics	0								N/A											N/A
Data3V	8720.25								-1		apia systemhaus gmbh	1476.1466666666665								-1		ML IT PARTNERS SDN BHD	0								N/A											N/A
T-Systems Hungary Ltd.	8118.310000000001								-1		Edgetec Systems (Pty) Ltd	1425.55								-1		GENIUS INFORMATION TECHNOLOGY CO., LTD.	0								N/A											N/A
NSI	7988.125714285715								-1		EASI - Belgium	1398.82								-1		ICO Limited	0								N/A											N/A
DEVENSYS CYBERSECURITY	7960.46								-1		Move AS	1196.4								-1		SOLPAC Co. Ltd.	0								N/A											N/A
Service Express Europe Limited	6812.09								-1		SSI Sviluppo Sistemi Informativi srl	1171.668								-1		Intellect Design Arena Inc	0								N/A											N/A
Formind Morocco	6548.970000000001								-1		Softcat Plc	1059.8922857142857								-1		EVOLUTION SYSTEMS PTY LIMITED	0								N/A											N/A
EMIB Consulting LLC	6494.088048780488								-1		Akhter	1050								-1		CEC: Computer Engineering & Consulting Ltd.	0								N/A											N/A
NSS Limited	6360.01								-1		Leitwerk AG	970.2399999999999								-1		SRSG Broadcast India Private Ltd	0								N/A											N/A
Tech Titan Distribution Sdn Bhd - Malaysia	6240.5								-1		UNICC INTERNATIONAL COMPUTING CENTRE	855								-1		Datacom Systems (AU) Pty Ltd	0								N/A											N/A
SYSTECH Technocraft Services Pvt. Ltd	6219.200000000001								-1		MediaCircle GmbH	599.37								-1		CTCSP Corporation	0								N/A											N/A
Rah Infotech Private Limited	5900								-1		THE CYBER ACADEMY	546								-1		NTT Australia Pty Ltd	0								N/A											N/A
Grupo Sypsa SAC	5844.160000000001								-1		Axians	504.31								-1		M.Tech Holdings Pte Ltd	0								N/A											N/A
CT Cloud Design GmbH & Co. KG	5735.744666666668								-1		JCD COMMUNICATION	261.12								-1		DYNACONS SYSTEMS AND SOLUTIONS LTD.	0								N/A											N/A
Kirra Services	5727.9974999999995								-1		ESI TECHNOLOGIES	176.07								-1		Systemcom Co Ltd	0								N/A											N/A
Tech Titan	5699.999999999998								-1		Optiv	0								N/A		Scientific Software and Systems Limited	0								N/A											N/A
GBM Honduras, S.A.	5525								-1		SONEMA	0								N/A		Cogate Co., Ltd.	0								N/A											N/A
ALSO Spain (ex IREO Soluciones)	5506.763333333333								-1		ACESI	0								N/A		SB C&S Corp	0								N/A											N/A
CCZ BUSINESS SARL	5406.633333333333								-1		PKWARE	0								N/A		Progression Infonet	0								N/A											N/A
VAR ENGINEERING SRL	5052.627142857144								-1		Securado	0								N/A		Partner : Hewlett-Packard/Japan	0								N/A											N/A
Dataprotect	5025.830499999999								-1		ACP IT Solutions GmbH	0								N/A		Network Intelligence India Pvt Ltd	0								N/A											N/A
Bakotech Sp. z o.o	4612.09								-1		Hermitage Solutions	0								N/A		Partner: Kyndryl Japan	0								N/A											N/A
PRIORITY QUALITY CONSULTANTS S.A.	4602.950769230769								-1		Atos	0								N/A		perfTech Solutions Private Limited	0								N/A											N/A
Inter Engineering	4565.56								-1		Insight - US	0								N/A		Platinum Technology Managed Services Pty Ltd.	0								N/A											N/A
Accolm	4496.25								-1		Romsym Data SRL	0								N/A		Tech Titan Distribution Company Limited - Thailand	-11940.5								-1											N/A
Data#3	4421.304								-1		Bechtle NV	0								N/A		Grand Total	1193084.442032887								-1											N/A
CDS Americas	4080								-1		Dartalis	0								N/A											N/A											N/A
Information Union World Company Limited (IUW)	3932.2666666666664								-1		iValue Infosolutions Limited	0								N/A											N/A											N/A
Hitachi Systems India Pvt. Ltd.	3738								-1		S.I.T. Secure Internet Traffic	0								N/A											N/A											N/A
InfoTrust	3600								-1		NetCon Unternehmensberatung GmbH	0								N/A											N/A											N/A
Pelican Tech	3250.67								-1		ATS Networks	0								N/A											N/A											N/A
INSPIRA ENTERPRISE	3093.75								-1		digit solutions GmbH	0								N/A											N/A											N/A
INETUM Luxembourg S.A.	2922.6366666666663								-1		Saudi Business Machines	0								N/A											N/A											N/A
Data Protect Support	2808								-1		Mi Mi Informatics Joint Stock Company	0								N/A											N/A											N/A
Información Segura S.A de C.V.	2681.25								-1		Saudi Paramount Computer Systems	0								N/A											N/A											N/A
PST Products	2678.65								-1		BWG Informationssysteme GmbH	0								N/A											N/A											N/A
CREDE EXPERTO CZ	2594.9								-1		Alinto	0								N/A											N/A											N/A
GBM Costa Rica	2310								-1		Netsecurity	0								N/A											N/A											N/A
Neyond	2194.2916153846154								-1		scanelec Büroelektronik GmbH	0								N/A											N/A											N/A
ef & ef Software- und Beratungsges. mbH	1998.0533333333333								-1		KD Service & Consulting GmbH & Co. KG	0								N/A											N/A											N/A
Simac	1846.44								-1		SCC	0								N/A											N/A											N/A
BAMM! Technologies LLC	1821.6								-1		LargeNet GmbH	0								N/A											N/A											N/A
beSECURITY Pte Ltd	1700								-1		Seclore	0								N/A											N/A											N/A
TTNL	1598.9199999999998								-1		Pheron Technologies Group GmbH	0								N/A											N/A											N/A
S.I.T. GmbH & Co. KG	1585.5933333333332								-1		Alpha Data	0								N/A											N/A											N/A
NEXT-IT EXPERTS S.A. de C.V.	1575								-1		Consortium Networks LLC	0								N/A											N/A											N/A
apia systemhaus gmbh	1476.1466666666665								-1		Dimension Data Saudi Arabia	0								N/A											N/A											N/A
Yam Pong Corp	1471.2								-1		Eversec Group INC	0								N/A											N/A											N/A
Edgetec Systems (Pty) Ltd	1425.55								-1		Bechtle GmbH - Freiburg	0								N/A											N/A											N/A
EASI - Belgium	1398.82								-1		TECHNICOM	0								N/A											N/A											N/A
Move AS	1196.4								-1		SHI International	0								N/A											N/A											N/A
SSI Sviluppo Sistemi Informativi srl	1171.668								-1		Sirar By STC	0								N/A											N/A											N/A
The Eniac Corporation	1143.4499999999998								-1		SIMAC PSF S.A.	0								N/A											N/A											N/A
CTC Global Sdn Bhd	1101.9113333333335								-1		Bluematic AG	0								N/A											N/A											N/A
Softcat Plc	1059.8922857142857								-1		Simplified IT	0								N/A											N/A											N/A
Akhter	1050								-1		Varghese Morarka Enterprise Security Solutions Private Limited(Indusone)	0								N/A											N/A											N/A
NFORCE SECURE PUBLIC COMPANY LIMITED	1028.5714285714284								-1		DSShield	0								N/A											N/A											N/A
Leitwerk AG	970.2399999999999								-1		Insung Digital Co., Ltd.	0								N/A											N/A											N/A
Networld Corporation	934.5599999999998								-1		Bechtle Logistik & Service GmbH	0								N/A											N/A											N/A
Hanacompany Co Ltd.	900								-1		AccessIT Group Inc.	0								N/A											N/A											N/A
Hitachi Solutions, Ltd.	859.0635								-1		Softchoice	0								N/A											N/A											N/A
CROSS POINT SOLUTION CO LTD	857.27								-1		AKC - Alexander Kreuch Consulting	0								N/A											N/A											N/A
UNICC INTERNATIONAL COMPUTING CENTRE	855								-1		dyna bcs Informatik GmbH	0								N/A											N/A											N/A
Net One Asia Pte Ltd	675.025								-1		TechNet Enterprises	0								N/A											N/A											N/A
Joule Tech Singapore	665.6199999999999								-1		e92plus	0								N/A											N/A
MediaCircle GmbH	599.37								-1		UPINFO	0								N/A											N/A
Etek	568.7								-1		Bechtle Schweiz AG	0								N/A											N/A
THE CYBER ACADEMY	546								-1		Accenture Ecosystem Sourcing Services, Middle East	0								N/A											N/A
Axians	504.31								-1		NTT DATA Deutschland GmbH - Ettlingen	0								N/A											N/A
Rabita Software	493.20000000000005								-1		Aplidigital Comércio e Serviços de Tecnologia LTDA	0								N/A											N/A
TI: TIS Inc.	453.12								-1		SITE	0								N/A											N/A
NS	403.43999999999994								-1		Netzwerk Kommunikationssysteme GmbH	0								N/A											N/A
JCD COMMUNICATION	261.12								-1		Bin-Control GmbH	0								N/A											N/A
ESI TECHNOLOGIES	176.07								-1		LOAD SYSTEMS AB	0								N/A											N/A
CYBERCAL	0.002173913043407083								-1		American Top Tools	0								N/A											N/A
IP Options Ltd	0								N/A		Prodata Systems NV	0								N/A											N/A
HelpAG	0								N/A		SYSTEM SOLUTIONS LUXEMBOURG	0								N/A											N/A
TechNet Enterprises	0								N/A		Adexsus S.A.	0								N/A											N/A
Progression Infonet	0								N/A		Exaprobe	0								N/A											N/A
Cogate Co., Ltd.	0								N/A		Mtech	0								N/A											N/A
Progression Infonet Private Limited	0								N/A		Systembetreuung Hofmann GmbH	0								N/A											N/A
NRB REVENDEUR	0								N/A		Software ONE	0								N/A											N/A
Extravar B.V.	0								N/A		E-xpert Solutions	0								N/A											N/A
Detech Bilisim Teknolojileri San. Ve Tic. A.S	0								N/A		NETILITY GmbH & Co. KG	0								N/A											N/A
Fujitsu	0								N/A		Telecom Liechtenstein	0								N/A											N/A
M.Tech Holdings Pte Ltd	0								N/A		HIS HANSE IT Systeme GmbH	0								N/A											N/A
RAN Ingenierfa de Sistemas SRL	0								N/A		Totalsec SA de CV	0								N/A											N/A
Kanematsu Electronics	0								N/A		IBM	0								N/A											N/A
REDES Y SISTEMAS INTEGRADOS S A S	0								N/A		Triangle Computer Services	0								N/A											N/A
Mi Mi Informatics Joint Stock Company	0								N/A		LOCKDOWN IT	0								N/A											N/A
Redsisusa del Ecuador CIA LTDA	0								N/A		Extravar B.V.	0								N/A											N/A
Información Segura, S A de CV	0								N/A		Rocksolid Establishment	0								N/A											N/A
REDSISUSA S DE RL DE CV	0								N/A		Fujitsu	0								N/A											N/A
Blue Communications Software GmbH	0								N/A		MICROAGE DRUMMOND INFORMATIQUE LTEE	0								N/A											N/A
Ricoh Canada	0								N/A		Versos	0								N/A											N/A
ADD Systems	0								N/A		Security Innovation, Inc.	0								N/A											N/A
Robot One - R1 Software Tecnologia e Serviços Ltda	0								N/A		Y365	0								N/A											N/A
Leopold Netzwerke GmbH	0								N/A		AmiViz	0								N/A											N/A
Romsym Data SRL	0								N/A		Yokogawa Electric Corporation	0								N/A											N/A
CLIP Tecnologia SpA	0								N/A		Eviden Services, Inc.	0								N/A											N/A
Fujitsu Services	0								N/A		OKIOK DATA LTÉE	0								N/A											N/A
Cosus Computersysteme GmbH	0								N/A		Eviden Czech Republic s.r.o	0								N/A											N/A
S.I.T. Secure Internet Traffic	0								N/A		TELUS Corporation	0								N/A											N/A
Datacom Systems (AU) Pty Ltd	0								N/A		NRB REVENDEUR	0								N/A											N/A
Galia Technologies SAS	0								N/A		Fujitsu Services	0								N/A											N/A
PT SISTEMS ASIAN TEKNOLOGI	0								N/A		Bytes Software Services Ltd	0								N/A											N/A
GBM de Guatemala, S. A.	0								N/A		FOLIATEAM OPERATEUR	0								N/A											N/A
Eviden Services, Inc.	0								N/A		OMNI LEX	0								N/A											N/A
Saudi Business Machines	0								N/A		MTF Solutions AG	0								N/A											N/A
perfTech Solutions Private Limited	0								N/A		IP Options Ltd	0								N/A											N/A
Saudi Paramount Computer Systems	0								N/A		PRIVAL	0								N/A											N/A
Hitachi Systems Security Inc. (Customer)	0								N/A		Hitachi Systems Security Inc. (Customer)	0								N/A											N/A
SB C&S Corp	0								N/A		Greschitz Management GmbH	0								N/A											N/A
M.Tech (Shanghai) Co.,Ltd	0								N/A		IT2 Trust AS	0								N/A											N/A
Accenture	0								N/A		Deutsche Telekom Business Solutions GmbH	0								N/A											N/A
Seti & Sidif Dominicana, SRL	0								N/A		ITdesign Software Projects & Consulting GmbH	0								N/A											N/A
scanelec Büroelektronik GmbH	0								N/A		TUV Trust IT TUV AUSTRIA GmbH	0								N/A											N/A
Telstra Limited	0								N/A		REAL Security d.o.o.	0								N/A											N/A
SCC	0								N/A		Cosus Computersysteme GmbH	0								N/A											N/A
Jeraisy Computer & Communication Services	0								N/A		araneaNET	0								N/A											N/A
Scientific Software and Systems Limited	0								N/A		CYBERSWAT (GROUPE CYBERSWAT INC.)	0								N/A											N/A
POST Luxembourg	0								N/A		CDW	0								N/A											N/A
Seclore	0								N/A		INSPIRA ENTERPRISE	0								N/A											N/A
Clip Tecnologia SAC	0								N/A		Seti & Sidif Dominicana, SRL	0								N/A											N/A
GENIUS INFORMATION TECHNOLOGY CO., LTD.	0								N/A		KEENVIEW INC	0								N/A											N/A
EVOLUTION SYSTEMS PTY LIMITED	0								N/A		Kuwaiti Digital Computer Co. (KDCC)	0								N/A											N/A
GLOBAL ADVISORY SOLUTIONS S.A	0								N/A		Orange Cyberdefense France	0								N/A											N/A
M.Tech Holdings	0								N/A		Detech Bilisim Teknolojileri San. Ve Tic. A.S	0								N/A											N/A
Sheng-Bo Technology Corp.	0								N/A		GOSECURE INC	0								N/A											N/A
DLT Solutions, LLC.	0								N/A		Bayside Solutions Inc.	0								N/A											N/A
Alpha Data	0								N/A		Blue Communications Software GmbH	0								N/A											N/A
Bechtle Logistik & Service GmbH	0								N/A		Leopold Netzwerke GmbH	0								N/A											N/A
SHI International	0								N/A		Jeraisy Computer & Communication Services	0								N/A											N/A
TECHNICOM	0								N/A		LMsis. Sistemas Informáticos, Lda.	0								N/A											N/A
SicoloS Tecnologia	0								N/A		Data Sec	0								N/A											N/A
LOCKDOWN IT	0								N/A		Kontron SI, sistemske integracije, d.o.o.	0								N/A											N/A
SIMAC PSF S.A.	0								N/A		HelpAG	0								N/A											N/A
ACESI	0								N/A		ABBA Networks, SAPI de CV	0								N/A											N/A
Simplified IT	0								N/A		Extreme Technologies PLC	0								N/A											N/A
dyna bcs Informatik GmbH	0								N/A		Leaders Solutions for Information Technology	0								N/A											N/A
Singular People Europa S.L.	0								N/A		Abbakan France	0								N/A											N/A
IT2 Trust AS	0								N/A		Dell Technologies	0								N/A											N/A
Smartlink Hong Kong Ltd	0								N/A		POST Luxembourg	0								N/A											N/A
Eviden Czech Republic s.r.o	0								N/A		VNE	0								N/A											N/A
SmartTechNXT	0								N/A		NetCon IT-Security GmbH	0								N/A											N/A
Bin-Control GmbH	0								N/A		Blue Cube Security	0								N/A											N/A
ATS Networks	0								N/A		Bechtle Austria GmbH	0								N/A											N/A
OMNI LEX	0								N/A		TTS Company Sp. z o.o.	0								N/A											N/A
NETCONN	0								N/A		SHIELD Security Technologia Eireli	0								N/A											N/A
AKC - Alexander Kreuch Consulting	0								N/A		Controlware GmbH Kommunikationssysteme (M)	0								N/A											N/A
AUTOMATE BRASIL - CIBER DATA SISTEMA DE INFORMAÇÃO LTDA	0								N/A		Michael Wessel Informationstechnologie GmbH	0								N/A											N/A
Value Point Techsol Pvt Ltd	0								N/A		Storm Technologies Ltd	0								N/A											N/A
Softchoice	0								N/A		Mnemonic AS	0								N/A											N/A
Bechtle NV	0								N/A		Vohkus	0								N/A											N/A
Greschitz Management GmbH	0								N/A		Computacenter (UK) Ltd	0								N/A											N/A
PRICE WATERHOUSE COOPERS CONSULTORES SA	0								N/A		4Prime sp. z o.o.	0								N/A											N/A
Netfox AG	0								N/A		NETCONN	0								N/A											N/A
Accenture Ecosystem Sourcing Services, Middle East	0								N/A		Barq Systems Egypt	0								N/A											N/A
A. Baggenstos & Co. AG -IT Services and Solutions	0								N/A		Netfox AG	0								N/A											N/A
Bluematic AG	0								N/A		Transform8tion	0								N/A											N/A
SOS Software Service GmbH	0								N/A		SIXworks	0								N/A											N/A
Bayside Solutions Inc.	0								N/A		Hemaya IT	0								N/A											N/A
Sosy A/S	0								N/A		Forequest Technologies	0								N/A											N/A
Kyndryl Ecuador S.A.	0								N/A		Sosy A/S	0								N/A											N/A
ALUS Outsourcing Servico Ltda - EPP	0								N/A		DLT Solutions, LLC.	0								N/A											N/A
Bytes Software Services Ltd	0								N/A		South Asian Technologies (Private) Limited	0								N/A											N/A
Specialist Computer Centres	0								N/A		FORMIND	0								N/A											N/A
Data Sec	0								N/A		Specialist Computer Centres	0								N/A											N/A
Spike Reply	0								N/A		A. Baggenstos & Co. AG -IT Services and Solutions	0								N/A											N/A
LargeNet GmbH	0								N/A		Spike Reply	0								N/A											N/A
SRSG Broadcast India Private Ltd	0								N/A		TechniData TCC Products GmbH	-28.82333333333328								-1											N/A
PKWARE	0								N/A		Exclusive Networks	-42267.81999999999								-1											N/A
Consultora Tecnológica S.A.	0								N/A		Grand Total	3503509.8495654482								-1											N/A
SHIELD Security Technologia Eireli	0								N/A											N/A											N/A
NETILITY GmbH & Co. KG	0								N/A											N/A											N/A
LMsis. Sistemas Informáticos, Lda.	0								N/A											N/A											N/A
American Top Tools	0								N/A											N/A											N/A
Magna Systems & Engineering (Singapore)	0								N/A											N/A											N/A
SYSTEM SOLUTIONS LUXEMBOURG	0								N/A											N/A											N/A
Acelium Inc.	0								N/A											N/A											N/A
NetCon Unternehmensberatung GmbH	0								N/A											N/A											N/A
Eversec Group INC	0								N/A											N/A											N/A
Systembetreuung Hofmann GmbH	0								N/A											N/A											N/A
ML IT PARTNERS SDN BHD	0								N/A											N/A											N/A
Systemcom Co Ltd	0								N/A											N/A											N/A
Partner: Kyndryl Japan	0								N/A											N/A											N/A
AmiViz	0								N/A											N/A											N/A
Network Intelligence India Pvt Ltd	0								N/A											N/A											N/A
Hemaya IT	0								N/A											N/A											N/A
Forequest Technologies	0								N/A											N/A											N/A
Hermitage Solutions	0								N/A											N/A											N/A
Bechtle Schweiz AG	0								N/A											N/A											N/A
Tech-Trans Telecom (China) Limited	0								N/A											N/A											N/A
DT Asia	0								N/A											N/A											N/A
TECNOAV	0								N/A											N/A											N/A
Alinto	0								N/A											N/A											N/A
Telecom Liechtenstein	0								N/A											N/A											N/A
digit solutions GmbH	0								N/A											N/A											N/A
HIS HANSE IT Systeme GmbH	0								N/A											N/A											N/A
Sirar By STC	0								N/A											N/A											N/A
The CBORD Group Inc.	0								N/A											N/A											N/A
Rocksolid Establishment	0								N/A											N/A											N/A
SITE	0								N/A											N/A											N/A
MICROAGE DRUMMOND INFORMATIQUE LTEE	0								N/A											N/A											N/A
FORMIND	0								N/A											N/A											N/A
Unitecnic SL	0								N/A											N/A											N/A
Computacenter (UK) Ltd	0								N/A											N/A											N/A
Security Innovation, Inc.	0								N/A											N/A											N/A
Transcend Solutions Pte Ltd	0								N/A											N/A											N/A
IT JETS & Co.	0								N/A											N/A											N/A
Triangle Computer Services	0								N/A											N/A											N/A
Varghese Morarka Enterprise Security Solutions Private Limited(Indusone)	0								N/A											N/A											N/A
Truis Pty Ltd	0								N/A											N/A											N/A
ITdesign Software Projects & Consulting GmbH	0								N/A											N/A											N/A
IBM	0								N/A											N/A											N/A
JB Service	0								N/A											N/A											N/A
Netzwerk Kommunikationssysteme GmbH	0								N/A											N/A											N/A
NTT Australia Pty Ltd	0								N/A											N/A											N/A
Valcallidus Olaf Kozłowski	0								N/A											N/A											N/A
Intecsus Technologies, C.A.	0								N/A											N/A											N/A
Versos	0								N/A											N/A											N/A
AccessIT Group Inc.	0								N/A											N/A											N/A
Y365	0								N/A											N/A											N/A
SONEMA	0								N/A											N/A											N/A
Control and Security of Data S.A. de C.V.	0								N/A											N/A											N/A
e92plus	0								N/A											N/A											N/A
Yokogawa Electric Corporation	0								N/A											N/A											N/A
Platinum Technology Managed Services Pty Ltd.	0								N/A											N/A											N/A
OKIOK DATA LTÉE	0								N/A											N/A											N/A
Netsecurity	0								N/A											N/A											N/A
TELUS Corporation	0								N/A											N/A											N/A
ACP IT Solutions GmbH	0								N/A											N/A											N/A
Dimension Data Saudi Arabia	0								N/A											N/A											N/A
KD Service & Consulting GmbH & Co. KG	0								N/A											N/A											N/A
FOLIATEAM OPERATEUR	0								N/A											N/A											N/A
REAL Security d.o.o.	0								N/A											N/A											N/A
Netlogic SRL	0								N/A											N/A											N/A
UPINFO	0								N/A											N/A											N/A
MTF Solutions AG	0								N/A											N/A											N/A
Telecomunicaciones  Digitales S.A.	0								N/A											N/A											N/A
PRIVAL	0								N/A											N/A											N/A
E-xpert Solutions	0								N/A											N/A											N/A
Blue Cube Security	0								N/A											N/A											N/A
Innovery España SLU	0								N/A											N/A											N/A
VAR GROUP SUISSE SA	0								N/A											N/A
Wysetek Systems Technologists Pvt. Ltd.	0								N/A											N/A
Securado	0								N/A											N/A
Deutsche Telekom Business Solutions GmbH	0								N/A											N/A
Aplidigital Comércio e Serviços de Tecnologia LTDA	0								N/A											N/A
TUV Trust IT TUV AUSTRIA GmbH	0								N/A											N/A
Cybolt	0								N/A											N/A
araneaNET	0								N/A											N/A
Kuwaiti Digital Computer Co. (KDCC)	0								N/A											N/A
CYBERSWAT (GROUPE CYBERSWAT INC.)	0								N/A											N/A
CEC: Computer Engineering & Consulting Ltd.	0								N/A											N/A
Dartalis	0								N/A											N/A
Bridgeway Communication System, Inc.	0								N/A											N/A
KEENVIEW INC	0								N/A											N/A
BWG Informationssysteme GmbH	0								N/A											N/A
Orange Cyberdefense France	0								N/A											N/A
Kontron SI, sistemske integracije, d.o.o.	0								N/A											N/A
GOSECURE INC	0								N/A											N/A
GBM Dominicana,S.A.	0								N/A											N/A
ICO Limited	0								N/A											N/A
Extreme Technologies PLC	0								N/A											N/A
BARTECH SOFTWARE Y SERVICIOS S.L.	0								N/A											N/A
Leaders Solutions for Information Technology	0								N/A											N/A
DIGITAL-EFFECT NETWORK CO LTD	0								N/A											N/A
Dell Technologies	0								N/A											N/A
ABBA Networks, SAPI de CV	0								N/A											N/A
Asiapeak	0								N/A											N/A
NTT Data	0								N/A											N/A
NetCon IT-Security GmbH	0								N/A											N/A
Prodata Systems NV	0								N/A											N/A
Bechtle Austria GmbH	0								N/A											N/A
CDW	0								N/A											N/A
VNE	0								N/A											N/A
Optiv	0								N/A											N/A
Sisap	0								N/A											N/A
Adexsus S.A.	0								N/A											N/A
Bechtle GmbH - Freiburg	0								N/A											N/A
Consortium Networks LLC	0								N/A											N/A
TTS Company Sp. z o.o.	0								N/A											N/A
LOAD SYSTEMS AB	0								N/A											N/A
Controlware GmbH Kommunikationssysteme (M)	0								N/A											N/A
Mtech	0								N/A											N/A
ABPCyber Pte. Ltd. fka Tindo Pte Ltd	0								N/A											N/A
Tech Mahindra (Thailand) Ltd.	0								N/A											N/A
M.TECH SOLUTIONS (INDIA) PVT LTD	0								N/A											N/A
Exaprobe	0								N/A											N/A
MV3 Tecnologia da Informação	0								N/A											N/A
Software ONE	0								N/A											N/A
CTCSP Corporation	0								N/A											N/A
Partner : Hewlett-Packard/Japan	0								N/A											N/A
Insight - US	0								N/A											N/A
Michael Wessel Informationstechnologie GmbH	0								N/A											N/A
Storm Technologies Ltd	0								N/A											N/A
SIXworks	0								N/A											N/A
Vohkus	0								N/A											N/A
Mnemonic AS	0								N/A											N/A
4Prime sp. z o.o.	0								N/A											N/A
DANYSOFT INTERNACIONAL, S.L.	0								N/A											N/A
Barq Systems Egypt	0								N/A											N/A
NTT DATA Deutschland GmbH - Ettlingen	0								N/A											N/A
Transform8tion	0								N/A											N/A
Netcracker Technology	0								N/A											N/A
DYNACONS SYSTEMS AND SOLUTIONS LTD.	0								N/A											N/A
Pheron Technologies Group GmbH	0								N/A											N/A
DSShield	0								N/A											N/A
Colombeia S.A.S.	0
Toshiba	0
Abbakan France	0
Totalsec SA de CV	0
... [truncated at 400 non-empty rows; sheet has 408 rows]

===== SHEET: Master Billings (506036r x 22c) =====
	INPUT	INPUT	INPUT	INPUT	INPUT	INPUT	INPUT	INPUT	INPUT	INPUT	INPUT	INPUT	INPUT	INPUT		Direct
	Invoice Number	Close Period	Sales Date Original	Company Name	Sales Type Name	Vendor Name	Channel Partner	USD Currency	Billing Start Date	Billing End Date	Sales Rep Region	Sales Rep Name	ALE	Group	Revised Partner	Direct v Channel	Quarter	Global Region	INV Count	New Sub Count	Geographic Area
	V0000230192	2024-01-01 00:00:00		CONSTRUCTION PROCAM INC	Base Subscription	ITECH SOLUTIONS	ITECH SOLUTIONS	-1193.46	TBD	TBD	CANADA	Marc Cohen	0	Terranova	iTech Solutions Group, LLC	Channel	Q1 '24	NA	#REF!	#REF!
	V0000230194	2024-01-01 00:00:00		JG LESSARD	Base Subscription	ITECH SOLUTIONS	ITECH SOLUTIONS	-1193.46	TBD	TBD	CANADA	Marc Cohen	0	Terranova	iTech Solutions Group, LLC	Channel	Q1 '24	NA	1	0
	V0000239889	2024-01-01 00:00:00		VÉRIFICATEUR GÉNÉRAL DU QUÉBEC	Base Subscription	Direct		-7345.65	TBD	TBD	CANADA	Nicolas Delisle	0	Terranova	Direct	Direct	Q1 '24	NA	1	0
	V0000239889	2024-01-01 00:00:00		VÉRIFICATEUR GÉNÉRAL DU QUÉBEC	New Subscription	Direct		-419.75	TBD	TBD	CANADA	Nicolas Delisle	-265.10526315789474	Terranova	Direct	Direct	Q1 '24	NA	0	0
	V0000239889	2024-01-01 00:00:00		VÉRIFICATEUR GÉNÉRAL DU QUÉBEC	Services	Direct		-999.41	TBD	TBD	CANADA	Nicolas Delisle	0	Terranova	Direct	Direct	Q1 '24	NA	0	0
	V0000243063	2024-01-01 00:00:00		RENAULT SAS API	Base Subscription	Direct		-78769.3	TBD	TBD	FRANCE	Dalila Ben Attia	0	Terranova	Direct	Direct	Q1 '24	EMEA	1	0	South Europe - French
	V0000243394	2024-01-01 00:00:00		Gundersen Health System	Base Subscription	Direct		-37176.3	TBD	TBD	UNITED STATES	Danielle Brown	0	Terranova	Direct	Direct	Q1 '24	NA	1	0
	V0000250883	2024-01-01 00:00:00		Healthwest Inc	New Subscription	Cisco Systems Inc.	Cisco Systems Inc.	-2959.98	TBD	TBD	CANADA	Issen Appadoo	-2959.98	Terranova	Cisco	Channel	Q1 '24	NA	1	1
	V0000252846	2024-01-01 00:00:00		SHOTSPOTTER INC	Base Subscription	ORION INNOVATION	ORION INNOVATION	3718	TBD	TBD	UNITED KINGDOM	Mihaela Olariu	0	Terranova	ORION INNOVATION	Channel	Q1 '24	EMEA	1	0	UKI
	V0000252846	2024-01-01 00:00:00		SHOTSPOTTER INC	New Subscription	ORION INNOVATION	ORION INNOVATION	770	TBD	TBD	UNITED KINGDOM	Mihaela Olariu	770	Terranova	ORION INNOVATION	Channel	Q1 '24	EMEA	0	0	UKI
	V0000252864	2024-01-01 00:00:00		Gestion Orion Ltee	Base Subscription	Direct		3484.25	TBD	TBD	CANADA	Suzanne De La Durantaye	0	Terranova	Direct	Direct	Q1 '24	NA	1	0
	V0000252867	2024-01-01 00:00:00		TRUELAYER LIMITED	Base Subscription	Direct		5512	TBD	TBD	CANADA	Suzanne De La Durantaye	0	Terranova	Direct	Direct	Q1 '24	NA	1	0
	V0000252876	2024-01-01 00:00:00		NATIONAL BANK OF DOMINICA LTD	Base Subscription	Direct		5070.45	TBD	TBD	UNITED KINGDOM	Annabelle Brooker	0	Terranova	Direct	Direct	Q1 '24	EMEA	1	0	UKI
	V0000252881	2024-01-01 00:00:00		WHITECAP RESOURCES INC.	Services	Direct		3982.01	TBD	TBD	CANADA	Nicolas Delisle	0	Terranova	Direct	Direct	Q1 '24	NA	1	0
	V0000252881	2024-01-01 00:00:00		WHITECAP RESOURCES INC.	Services	Direct		5899.27	TBD	TBD	CANADA	Nicolas Delisle	0	Terranova	Direct	Direct	Q1 '24	NA	0	0
	V0000252889	2024-01-01 00:00:00		Banco Unico	New Subscription	Cisco Systems Inc.	Cisco Systems Inc.	4735.97	TBD	TBD	CANADA	Issen Appadoo	4735.97	Terranova	Cisco	Channel	Q1 '24	NA	1	1
	V0000252902	2024-01-01 00:00:00		QUADRA CHEMICALS LTD	Base Subscription	BELL CANADA	BELL CANADA	4059.69	TBD	TBD	CANADA	Issen Appadoo	0	Terranova	Bell	Channel	Q1 '24	NA	1	0
	V0000252902	2024-01-01 00:00:00		QUADRA CHEMICALS LTD	Services	BELL CANADA	BELL CANADA	7095.06	TBD	TBD	CANADA	Issen Appadoo	0	Terranova	Bell	Channel	Q1 '24	NA	0	0
	V0000252910	2024-01-01 00:00:00		GIVAUDAN	Services	Direct		2980.46	TBD	TBD	FRANCE	Dalila Ben Attia	0	Terranova	Direct	Direct	Q1 '24	EMEA	1	0	South Europe - French
	V0000252927	2024-01-01 00:00:00		FONTAINE INC	Base Subscription	MICROAGE DRUMMOND INFORMATIQUE LTEE	MICROAGE DRUMMOND INFORMATIQUE LTEE	1644.02	TBD	TBD	UNITED KINGDOM	Mihaela Olariu	0	Terranova	MICROAGE DRUMMOND INFORMATIQUE LTEE	Channel	Q1 '24	EMEA	1	0	UKI
	V0000252928	2024-01-01 00:00:00		CHARTON-HOBBS INC	Base Subscription	TELUS Corporation	TELUS Corporation	2616.48	TBD	TBD	UNITED KINGDOM	Mihaela Olariu	0	Terranova	TELUS Corporation	Channel	Q1 '24	EMEA	1	0	UKI
	V0000252932	2024-01-01 00:00:00		Resolute FP Canada Inc.	New Subscription	Direct		755.11	TBD	TBD	CANADA	Nicolas Delisle	755.11	Terranova	Direct	Direct	Q1 '24	NA	1	1
	V0000252932	2024-01-01 00:00:00		Resolute FP Canada Inc.	Services	Direct		611.64	TBD	TBD	CANADA	Nicolas Delisle	0	Terranova	Direct	Direct	Q1 '24	NA	0	0
	V0000252936	2024-01-01 00:00:00		BANCO SANTANDER INTERNATIONAL	Base Subscription	Cisco Systems Inc.	Cisco Systems Inc.	5180.04	TBD	TBD	CANADA	Issen Appadoo	0	Terranova	Cisco	Channel	Q1 '24	NA	1	0
	V0000252937	2024-01-01 00:00:00		SEDIKA TECHNOLOGIES	Base Subscription	Direct		0	TBD	TBD	CANADA	Issen Appadoo	0	Terranova	Direct	Direct	Q1 '24	NA	1	0
	V0000252943	2024-01-01 00:00:00		PORT DE MONTRÉAL	Base Subscription	GOSECURE INC	GOSECURE INC	2045.89	TBD	TBD	UNITED STATES	Erinn Cihak	0	Terranova	GOSECURE INC	Channel	Q1 '24	NA	1	0
	V0000252943	2024-01-01 00:00:00		PORT DE MONTRÉAL	Base Subscription	GOSECURE INC	GOSECURE INC	204.59	TBD	TBD	UNITED STATES	Erinn Cihak	0	Terranova	GOSECURE INC	Channel	Q1 '24	NA	0	0
	V0000252981	2024-01-01 00:00:00		DEVERON CORP	Base Subscription	Direct		1230.94	TBD	TBD	UNITED KINGDOM	Mihaela Olariu	0	Terranova	Direct	Direct	Q1 '24	EMEA	1	0	UKI
	V0000252982	2024-01-01 00:00:00		VILLE DE VAUDREUIL-DORION	Base Subscription	Direct		3851.1	TBD	TBD	UNITED KINGDOM	Mihaela Olariu	0	Terranova	Direct	Direct	Q1 '24	EMEA	1	0	UKI
	V0000252984	2024-01-01 00:00:00		Blackbaud	Base Subscription	Direct		20828.85	TBD	TBD	UNITED STATES	Foya Libon	0	Terranova	Direct	Direct	Q1 '24	NA	1	0
	V0000252984	2024-01-01 00:00:00		Blackbaud	Services	Direct		18723.31	TBD	TBD	UNITED STATES	Foya Libon	0	Terranova	Direct	Direct	Q1 '24	NA	0	0
	V0000252985	2024-01-01 00:00:00		Healthwest Inc	New Subscription	Cisco Systems Inc.	Cisco Systems Inc.	2959.98	TBD	TBD	UNITED STATES	Don Seiler	2959.98	Terranova	Cisco	Channel	Q1 '24	NA	1	1
	V0000252986	2024-01-01 00:00:00		UNIVERSITY FURNISHINGS, INC.	Base Subscription	Direct		1105	TBD	TBD	UNITED KINGDOM	Annabelle Brooker	0	Terranova	Direct	Direct	Q1 '24	EMEA	1	0	UKI
	V0000252991	2024-01-01 00:00:00		9366-6501 QUÉBEC INC.(VARS Corporation)	Base Subscription	Direct		0	TBD	TBD	CANADA	Issen Appadoo	0	Terranova	Direct	Direct	Q1 '24	NA	1	0
	V0000252992	2024-01-01 00:00:00		9366-6501 QUÉBEC INC.(VARS Corporation)	Base Subscription	Direct		0	TBD	TBD	CANADA	Issen Appadoo	0	Terranova	Direct	Direct	Q1 '24	NA	1	0
	V0000252994	2024-01-01 00:00:00		9366-6501 QUÉBEC INC.(VARS Corporation)	New Subscription	Direct		0	TBD	TBD	CANADA	Issen Appadoo	0	Terranova	Direct	Direct	Q1 '24	NA	1	1
	V0000252996	2024-01-01 00:00:00		KOLIBRI	New Subscription	Direct		0	TBD	TBD	CANADA	Issen Appadoo	0	Terranova	Direct	Direct	Q1 '24	NA	1	1
	V0000252997	2024-01-01 00:00:00		VOLVO GROUP	New Subscription	Direct		0	TBD	TBD	CANADA	Christine Larose	0	Terranova	Direct	Direct	Q1 '24	NA	1	1
	V0000252997	2024-01-01 00:00:00		VOLVO GROUP	New Subscription	Direct		7000	TBD	TBD	CANADA	Christine Larose	7000	Terranova	Direct	Direct	Q1 '24	NA	0	0
	V0000253002	2024-01-01 00:00:00		THYSSENKRUPP MATERIALS NA	Base Subscription	Direct		-29750	TBD	TBD	CANADA	Suzanne De La Durantaye	0	Terranova	Direct	Direct	Q1 '24	NA	1	0
	V0000253009	2024-01-01 00:00:00		COUNTY OF FRESNO	Base Subscription	Direct		19600	TBD	TBD	CANADA	Suzanne De La Durantaye	0	Terranova	Direct	Direct	Q1 '24	NA	1	0
	V0000253016	2024-01-01 00:00:00		JERUSALEM INSURANCE COMPANY	Base Subscription	Direct		1530	TBD	TBD	UNITED KINGDOM	Mihaela Olariu	0	Terranova	Direct	Direct	Q1 '24	EMEA	1	0	UKI
	V0000253017	2024-01-01 00:00:00		JERUSALEM INSURANCE COMPANY	Base Subscription	Direct		1530	TBD	TBD	UNITED KINGDOM	Mihaela Olariu	0	Terranova	Direct	Direct	Q1 '24	EMEA	1	0	UKI
	V0000253018	2024-01-01 00:00:00		DEVERON CORP	Base Subscription	Direct		-1490.44	TBD	TBD	UNITED KINGDOM	Mihaela Olariu	0	Terranova	Direct	Direct	Q1 '24	EMEA	1	0	UKI
	V0000253051	2024-01-01 00:00:00		VILLE DE ROBERVAL	Base Subscription	Direct		1948.2	TBD	TBD	UNITED KINGDOM	Mihaela Olariu	0	Terranova	Direct	Direct	Q1 '24	EMEA	1	0	UKI
	V0000253059	2024-01-01 00:00:00		CONSTRUCTION PROCAM INC	Base Subscription	ITECH SOLUTIONS	ITECH SOLUTIONS	1223.29	TBD	TBD	CANADA	Marc Cohen	0	Terranova	iTech Solutions Group, LLC	Channel	Q1 '24	NA	1	0
	V0000253060	2024-01-01 00:00:00		JG LESSARD	Base Subscription	ITECH SOLUTIONS	ITECH SOLUTIONS	1223.29	TBD	TBD	CANADA	Marc Cohen	0	Terranova	iTech Solutions Group, LLC	Channel	Q1 '24	NA	1	0
	V0000253068	2024-01-01 00:00:00		GROUPE CASINO	Base Subscription	Direct		8972.57	TBD	TBD	FRANCE	Dalila Ben Attia	0	Terranova	Direct	Direct	Q1 '24	EMEA	1	0	South Europe - French
	V0000253071	2024-01-01 00:00:00		SEDIKA TECHNOLOGIES	New Subscription	Direct		0	TBD	TBD	CANADA	Issen Appadoo	0	Terranova	Direct	Direct	Q1 '24	NA	1	1
	V0000253074	2024-01-01 00:00:00		SEDIKA TECHNOLOGIES	New Subscription	Direct		0	TBD	TBD	CANADA	Issen Appadoo	0	Terranova	Direct	Direct	Q1 '24	NA	1	1
	V0000253079	2024-01-01 00:00:00		TRUDEAU CORPORATION INTERNATIONAL	Base Subscription	Direct		3131.85	TBD	TBD	UNITED KINGDOM	Mihaela Olariu	0	Terranova	Direct	Direct	Q1 '24	EMEA	1	0	UKI
	V0000253088	2024-01-01 00:00:00		AXPER INC	Base Subscription	ESI TECHNOLOGIES	ESI TECHNOLOGIES	872.16	TBD	TBD	UNITED KINGDOM	Mihaela Olariu	0	Terranova	ESI TECHNOLOGIES	Channel	Q1 '24	EMEA	1	0	UKI
	V0000253102	2024-01-01 00:00:00		CCG CLIMAT	Base Subscription	Direct		1883.86	TBD	TBD	UNITED KINGDOM	Mihaela Olariu	0	Terranova	Direct	Direct	Q1 '24	EMEA	1	0	UKI
	V0000253111	2024-01-01 00:00:00		CAROLLO ENGINEERS	Base Subscription	Direct		15750	TBD	TBD	CANADA	Suzanne De La Durantaye	0	Terranova	Direct	Direct	Q1 '24	NA	1	0
	V0000253117	2024-01-01 00:00:00		DIRECTION GENERALE DES IMPOTS	Base Subscription	TECHNICOM	TECHNICOM	7881.66	TBD	TBD	FRANCE	Smahene Mairchie	0	Terranova	TECHNICOM	Channel	Q1 '24	EMEA	1	0	South Europe - French
	V0000253130	2024-01-01 00:00:00		The Aerospace Corporation	Base Subscription	Cisco Systems Inc.	Cisco Systems Inc.	15840	TBD	TBD	UNITED STATES	Don Seiler	0	Terranova	Cisco	Channel	Q1 '24	NA	1	0
	V0000253135	2024-01-01 00:00:00		WFCU Credit Union	Base Subscription	Direct		5000	TBD	TBD	CANADA	Shanna Gordon	0	Terranova	Direct	Direct	Q1 '24	NA	1	0
	V0000253136	2024-01-01 00:00:00		HESAV	Base Subscription	CCZ BUSINESS SARL	CCZ BUSINESS SARL	2160	TBD	TBD	FRANCE	Smahene Mairchie	0	Terranova	CCZ BUSINESS SARL	Channel	Q1 '24	EMEA	1	0	South Europe - French
	V0000253137	2024-01-01 00:00:00		MTSG LLC	Base Subscription	ORION INNOVATION	ORION INNOVATION	-1689.38	TBD	TBD	UNITED KINGDOM	Mihaela Olariu	0	Terranova	ORION INNOVATION	Channel	Q1 '24	EMEA	1	0	UKI
	V0000253141	2024-01-01 00:00:00		KALIA	Base Subscription	MicroAge Quebec	MicroAge Quebec	-2219.48	TBD	TBD	UNITED KINGDOM	Mihaela Olariu	0	Terranova	Microage	Channel	Q1 '24	EMEA	1	0	UKI
	V0000253142	2024-01-01 00:00:00		PANAVIDEO INC.	Base Subscription	MicroAge Quebec	MicroAge Quebec	-1936.87	TBD	TBD	UNITED KINGDOM	Mihaela Olariu	0	Terranova	Microage	Channel	Q1 '24	EMEA	1	0	UKI
	V0000253145	2024-01-01 00:00:00		QUANTUM MANAGEMENT SERVICES LIMITED	Base Subscription	Direct		-2378.61	TBD	TBD	UNITED KINGDOM	Mihaela Olariu	0	Terranova	Direct	Direct	Q1 '24	EMEA	1	0	UKI
	V0000253158	2024-01-01 00:00:00		CENTRE CANADIEN D'ARCHITECTURE	Base Subscription	GROUPE INFORMATIQUE PRESENT	GROUPE INFORMATIQUE PRESENT	654.12	TBD	TBD	CANADA	Nicolas Delisle	0	Terranova	GROUPE INFORMATIQUE PRESENT	Channel	Q1 '24	NA	1	0
	V0000253158	2024-01-01 00:00:00		CENTRE CANADIEN D'ARCHITECTURE	Services	GROUPE INFORMATIQUE PRESENT	GROUPE INFORMATIQUE PRESENT	917.85	TBD	TBD	CANADA	Nicolas Delisle	0	Terranova	GROUPE INFORMATIQUE PRESENT	Channel	Q1 '24	NA	0	0
	V0000253172	2024-01-01 00:00:00		ORAGROUP SA	Base Subscription	ISMACORP	ISMACORP	17110.06	TBD	TBD	FRANCE	Smahene Mairchie	0	Terranova	ISMACORP	Channel	Q1 '24	EMEA	1	0	South Europe - French
	V0000253177	2024-01-01 00:00:00		REFRACO	Base Subscription	Direct		2247.79	TBD	TBD	UNITED KINGDOM	Mihaela Olariu	0	Terranova	Direct	Direct	Q1 '24	EMEA	1	0	UKI
	V0000253180	2024-01-01 00:00:00		OFFICE MUNICIPAL D'HABITATION DE LAVAL	Base Subscription	Direct		673.94	TBD	TBD	UNITED KINGDOM	Mihaela Olariu	0	Terranova	Direct	Direct	Q1 '24	EMEA	1	0	UKI
	V0000253180	2024-01-01 00:00:00		OFFICE MUNICIPAL D'HABITATION DE LAVAL	Base Subscription	Direct		2775.05	TBD	TBD	UNITED KINGDOM	Mihaela Olariu	0	Terranova	Direct	Direct	Q1 '24	EMEA	0	0	UKI
	V0000253182	2024-01-01 00:00:00		SWISSCONTACT	Base Subscription	Direct		3060	TBD	TBD	FRANCE	Dalila Ben Attia	0	Terranova	Direct	Direct	Q1 '24	EMEA	1	0	South Europe - French
	V0000253184	2024-01-01 00:00:00		Resolute FP Canada Inc.	Base Subscription	Direct		32090.91	TBD	TBD	CANADA	Nicolas Delisle	0	Terranova	Direct	Direct	Q1 '24	NA	1	0
	V0000253185	2024-01-01 00:00:00		GOVERNMENT OF NUNAVUT	Services	Direct		3160.16	TBD	TBD	CANADA	Suzanne De La Durantaye	0	Terranova	Direct	Direct	Q1 '24	NA	1	0
	V0000253185	2024-01-01 00:00:00		GOVERNMENT OF NUNAVUT	Services	Direct		2265.35	TBD	TBD	CANADA	Suzanne De La Durantaye	0	Terranova	Direct	Direct	Q1 '24	NA	0	0
	V0000253186	2024-01-01 00:00:00		VICAT	Base Subscription	Direct		23926.48	TBD	TBD	FRANCE	Dalila Ben Attia	0	Terranova	Direct	Direct	Q1 '24	EMEA	1	0	South Europe - French
	V0000253188	2024-01-01 00:00:00		ODIGO	Base Subscription	Direct		9007.62	TBD	TBD	FRANCE	Dalila Ben Attia	0	Terranova	Direct	Direct	Q1 '24	EMEA	1	0	South Europe - French
	V0000253191	2024-01-01 00:00:00		WORLD HEALTH ORGANIZATION	Base Subscription	UNICC INTERNATIONAL COMPUTING CENTRE	UNICC INTERNATIONAL COMPUTING CENTRE	17136	TBD	TBD	CANADA	Issen Appadoo	0	Terranova	UNICC INTERNATIONAL COMPUTING CENTRE	Channel	Q1 '24	NA	1	0
	V0000253197	2024-01-01 00:00:00		Equinix SV5	New Subscription	Cisco Systems Inc.	Cisco Systems Inc.	-293532	TBD	TBD	CANADA	Andrew Delacretaz	-103599.52941176471	Terranova	Cisco	Channel	Q1 '24	NA	1	1
	V0000253199	2024-01-01 00:00:00		LRV NOTAIRES	Base Subscription	Direct		4059.51	TBD	TBD	UNITED KINGDOM	Mihaela Olariu	0	Terranova	Direct	Direct	Q1 '24	EMEA	1	0	UKI
	V0000253208	2024-01-01 00:00:00		Equinix SV5	New Subscription	Cisco Systems Inc.	Cisco Systems Inc.	2935.32	TBD	TBD	UNITED STATES	Don Seiler	1035.995294117647	Terranova	Cisco	Channel	Q1 '24	NA	1	1
	V0000253215	2024-01-01 00:00:00		STANLEY TOTAL LIVING CENTER	Base Subscription	ORION INNOVATION	ORION INNOVATION	0	TBD	TBD	UNITED KINGDOM	Mihaela Olariu	0	Terranova	ORION INNOVATION	Channel	Q1 '24	EMEA	1	0	UKI
	V0000253217	2024-01-01 00:00:00		CENTRE D'ACCÈS À L'INFORMATION JURIDIQUE	Base Subscription	Direct		2913.81	TBD	TBD	UNITED KINGDOM	Mihaela Olariu	0	Terranova	Direct	Direct	Q1 '24	EMEA	1	0	UKI
	V0000253222	2024-01-01 00:00:00		HONDA DE TERREBONNE	Base Subscription	ORANGE ÉVOLUTION	ORANGE ÉVOLUTION	951.45	TBD	TBD	UNITED KINGDOM	Mihaela Olariu	0	Terranova	ORANGE ÉVOLUTION	Channel	Q1 '24	EMEA	1	0	UKI
	V0000253233	2024-01-01 00:00:00		École Les Mélèzes	New Subscription	Direct		2265.34	TBD	TBD	CANADA	Alexandre Hazan	2265.34	Terranova	Direct	Direct	Q1 '24	NA	1	1
	V0000253234	2024-01-01 00:00:00		MAGIL LAURENTIAN REALTY INVESTMENTS COMPANY	New Subscription	ESI TECHNOLOGIES	ESI TECHNOLOGIES	1704.3	TBD	TBD	CANADA	Alexandre Hazan	1704.3000000000002	Terranova	ESI TECHNOLOGIES	Channel	Q1 '24	NA	1	1
	V0000253238	2024-01-01 00:00:00		LE LOGEMENT BRUXELLOIS	Base Subscription	Direct		3179.16	TBD	TBD	FRANCE	Dalila Ben Attia	0	Terranova	Direct	Direct	Q1 '24	EMEA	1	0	South Europe - French
	V0000253241	2024-01-01 00:00:00		LA REGIE DE L ENERGIE	Base Subscription	Direct		1925.54	TBD	TBD	UNITED KINGDOM	Mihaela Olariu	0	Terranova	Direct	Direct	Q1 '24	EMEA	1	0	UKI
	V0000253241	2024-01-01 00:00:00		LA REGIE DE L ENERGIE	Base Subscription	Direct		320.92	TBD	TBD	UNITED KINGDOM	Mihaela Olariu	0	Terranova	Direct	Direct	Q1 '24	EMEA	0	0	UKI
	V0000253242	2024-01-01 00:00:00		ALPLA WERKE ALWIN LEHNER GMBH & CO	Base Subscription	Cisco Systems Inc.	Cisco Systems Inc.	18000	TBD	TBD	UNITED STATES	Clarissa Kyselov	0	Terranova	Cisco	Channel	Q1 '24	NA	1	0
	V0000253254	2024-01-01 00:00:00		École Polytechnique (Poly)	New Subscription	ESI TECHNOLOGIES	ESI TECHNOLOGIES	8004.23	TBD	TBD	CANADA	Vladimir Badrieh	8004.23	Terranova	ESI TECHNOLOGIES	Channel	Q1 '24	NA	1	1
	V0000253254	2024-01-01 00:00:00		École Polytechnique (Poly)	New Subscription	ESI TECHNOLOGIES	ESI TECHNOLOGIES	3835.99	TBD	TBD	CANADA	Vladimir Badrieh	3835.99	Terranova	ESI TECHNOLOGIES	Channel	Q1 '24	NA	0	0
	V0000253254	2024-01-01 00:00:00		École Polytechnique (Poly)	Services	ESI TECHNOLOGIES	ESI TECHNOLOGIES	3567.92	TBD	TBD	CANADA	Vladimir Badrieh	0	Terranova	ESI TECHNOLOGIES	Channel	Q1 '24	NA	0	0
	V0000253255	2024-01-01 00:00:00		PEAK FINANCIAL SERVICES	Base Subscription	Direct		6612.32	TBD	TBD	CANADA	Jean-Louis Bonneau Charland	0	Terranova	Direct	Direct	Q1 '24	NA	1	0
	V0000253280	2024-01-01 00:00:00		OPTO-RÉSEAU	Base Subscription	MICROAGE DRUMMOND INFORMATIQUE LTEE	MICROAGE DRUMMOND INFORMATIQUE LTEE	961.56	TBD	TBD	UNITED KINGDOM	Mihaela Olariu	0	Terranova	MICROAGE DRUMMOND INFORMATIQUE LTEE	Channel	Q1 '24	EMEA	1	0	UKI
	V0000253285	2024-01-01 00:00:00		SOCIÉTÉ VIA	Base Subscription	Direct		2841.76	TBD	TBD	UNITED KINGDOM	Mihaela Olariu	0	Terranova	Direct	Direct	Q1 '24	EMEA	1	0	UKI
	V0000253289	2024-01-01 00:00:00		DUBRETON INC.	Base Subscription	Direct		3330.06	TBD	TBD	UNITED KINGDOM	Mihaela Olariu	0	Terranova	Direct	Direct	Q1 '24	EMEA	1	0	UKI
	V0000253299	2024-01-01 00:00:00		DUBOIS AGRINOVATION	Base Subscription	Direct		3171.49	TBD	TBD	UNITED KINGDOM	Mihaela Olariu	0	Terranova	Direct	Direct	Q1 '24	EMEA	1	0	UKI
	V0000253307	2024-01-01 00:00:00		CUBIT TECHNOLOGIES LLC	New Subscription	Cisco Systems Inc.	Cisco Systems Inc.	1036	TBD	TBD	CANADA	Issen Appadoo	1036	Terranova	Cisco	Channel	Q1 '24	NA	1	1
	V0000253309	2024-01-01 00:00:00		BSA Software	New Subscription	Cisco Systems Inc.	Cisco Systems Inc.	2220	TBD	TBD	CANADA	Issen Appadoo	2220	Terranova	Cisco	Channel	Q1 '24	NA	1	1
	V0000253311	2024-01-01 00:00:00		RESEARCH INSTITUTE OF THE MCGILL UNIVERSITY HEALTH CENTRE	Base Subscription	Direct		25032.1	TBD	TBD	UNITED STATES	Clarissa Kyselov	0	Terranova	Direct	Direct	Q1 '24	NA	1	0
	V0000253329	2024-01-01 00:00:00		CENTRAIDE DU GRAND MONTREAL	Base Subscription	Direct		4304.16	TBD	TBD	UNITED KINGDOM	Mihaela Olariu	0	Terranova	Direct	Direct	Q1 '24	EMEA	1	0	UKI
	V0000253336	2024-01-01 00:00:00		BLACK WINCH	New Subscription	SEKYURITI	SEKYURITI	1788.28	TBD	TBD	FRANCE	Smahene Mairchie	1788.2800000000002	Terranova	SEKYURITI	Channel	Q1 '24	EMEA	1	1	South Europe - French
	V0000253337	2024-01-01 00:00:00		ORCHESTRE SYMPHONIQUE DE MONTREAL	Base Subscription	Direct		0	TBD	TBD	UNITED KINGDOM	Mihaela Olariu	0	Terranova	Direct	Direct	Q1 '24	EMEA	1	0	UKI
	V0000253338	2024-01-01 00:00:00		Mindsprint PTE LTD	Base Subscription	Direct		8274	TBD	TBD	CANADA	Issen Appadoo	0	Terranova	Direct	Direct	Q1 '24	NA	1	0
	V0000253338	2024-01-01 00:00:00		Mindsprint PTE LTD	Base Subscription	Direct		8963.5	TBD	TBD	CANADA	Issen Appadoo	0	Terranova	Direct	Direct	Q1 '24	NA	0	0
	V0000253338	2024-01-01 00:00:00		Mindsprint PTE LTD	Base Subscription	Direct		17237.5	TBD	TBD	CANADA	Issen Appadoo	0	Terranova	Direct	Direct	Q1 '24	NA	0	0
	V0000253338	2024-01-01 00:00:00		Mindsprint PTE LTD	Services	Direct		2700	TBD	TBD	CANADA	Issen Appadoo	0	Terranova	Direct	Direct	Q1 '24	NA	0	0
	V0000253353	2024-01-01 00:00:00		NGK CERAMICS EUROPE SA	New Subscription	Direct		1986.97	TBD	TBD	FRANCE	Smahene Mairchie	1986.9700000000003	Terranova	Direct	Direct	Q1 '24	EMEA	1	1	South Europe - French
	V0000253364	2024-01-01 00:00:00		MONOPRIX	Base Subscription	Direct		24677.12	TBD	TBD	FRANCE	Dalila Ben Attia	0	Terranova	Direct	Direct	Q1 '24	EMEA	1	0	South Europe - French
	V0000253366	2024-01-01 00:00:00		CALCUTTA ELECTRIC SUPPLY CORPORATION	Base Subscription	Cisco Systems Inc.	Cisco Systems Inc.	27648	TBD	TBD	CANADA	Issen Appadoo	0	Terranova	Cisco	Channel	Q1 '24	NA	1	0
	V0000253369	2024-01-01 00:00:00		ORCHESTRE SYMPHONIQUE DE MONTREAL	Base Subscription	Direct		1359.21	TBD	TBD	UNITED KINGDOM	Mihaela Olariu	0	Terranova	Direct	Direct	Q1 '24	EMEA	1	0	UKI
	V0000253373	2024-01-01 00:00:00		METHODIST FAMILY HEALTH INC	Base Subscription	Cisco Systems Inc.	Cisco Systems Inc.	1008	TBD	TBD	UNITED KINGDOM	Annabelle Brooker	0	Terranova	Cisco	Channel	Q1 '24	EMEA	1	0	UKI
	V0000253376	2024-01-01 00:00:00		INVEST INDUSTRIAL LTD	Base Subscription	Cisco Systems Inc.	Cisco Systems Inc.	1512	TBD	TBD	UNITED KINGDOM	Annabelle Brooker	0	Terranova	Cisco	Channel	Q1 '24	EMEA	1	0	UKI
	V0000253378	2024-01-01 00:00:00		CHARLES OAKES	Base Subscription	Direct		1490.23	TBD	TBD	CANADA	Suzanne De La Durantaye	0	Terranova	Direct	Direct	Q1 '24	NA	1	0
	V0000253380	2024-01-01 00:00:00		ORDRE DES PHARMACIENS DU QUÉBEC	Base Subscription	Direct		2599.48	TBD	TBD	UNITED KINGDOM	Mihaela Olariu	0	Terranova	Direct	Direct	Q1 '24	EMEA	1	0	UKI
	V0000253382	2024-01-01 00:00:00		SURECOM LTD	Base Subscription	Cisco Systems Inc.	Cisco Systems Inc.	2592	TBD	TBD	UNITED KINGDOM	Annabelle Brooker	0	Terranova	Cisco	Channel	Q1 '24	EMEA	1	0	UKI
	V0000253387	2024-01-01 00:00:00		CONFIDENCE MANAGEMENT LTD.	Base Subscription	Direct		6382.62	TBD	TBD	CANADA	Nicolas Delisle	0	Terranova	Direct	Direct	Q1 '24	NA	1	0
	V0000253387	2024-01-01 00:00:00		CONFIDENCE MANAGEMENT LTD.	New Subscription	Direct		1037.15	TBD	TBD	CANADA	Nicolas Delisle	1037.15	Terranova	Direct	Direct	Q1 '24	NA	0	0
	V0000253388	2024-01-01 00:00:00		ENMAX	Base Subscription	Direct		1248.77	TBD	TBD	CANADA	Nicolas Delisle	0	Terranova	Direct	Direct	Q1 '24	NA	1	0
	V0000253388	2024-01-01 00:00:00		ENMAX	Base Subscription	Direct		1248.77	TBD	TBD	CANADA	Nicolas Delisle	0	Terranova	Direct	Direct	Q1 '24	NA	0	0
	V0000253388	2024-01-01 00:00:00		ENMAX	Base Subscription	Direct		1248.77	TBD	TBD	CANADA	Nicolas Delisle	0	Terranova	Direct	Direct	Q1 '24	NA	0	0
	V0000253398	2024-01-01 00:00:00		GOBIERNO DE NAVARRA	Base Subscription	Cisco Systems Inc.	Cisco Systems Inc.	28800	TBD	TBD	CANADA	Issen Appadoo	0	Terranova	Cisco	Channel	Q1 '24	NA	1	0
	V0000253411	2024-01-01 00:00:00		SOLJIT	Base Subscription	Direct		-1759.42	TBD	TBD	UNITED KINGDOM	Mihaela Olariu	0	Terranova	Direct	Direct	Q1 '24	EMEA	1	0	UKI
	V0000253413	2024-01-01 00:00:00		APRIL SUPER FLO INC	Base Subscription	Direct		1948.2	TBD	TBD	UNITED KINGDOM	Mihaela Olariu	0	Terranova	Direct	Direct	Q1 '24	EMEA	1	0	UKI
	V0000253414	2024-01-01 00:00:00		GENTEC ELECTRO-OPTIQUES	Base Subscription	Direct		-3624.55	TBD	TBD	UNITED KINGDOM	Mihaela Olariu	0	Terranova	Direct	Direct	Q1 '24	EMEA	1	0	UKI
	V0000253417	2024-01-01 00:00:00		GEM SHOPPING NETWORK INC	Base Subscription	Cisco Systems Inc.	Cisco Systems Inc.	-1512	TBD	TBD	UNITED KINGDOM	Mihaela Olariu	0	Terranova	Cisco	Channel	Q1 '24	EMEA	1	0	UKI
	V0000253418	2024-01-01 00:00:00		CCG CLIMAT	Base Subscription	Direct		-1605.23	TBD	TBD	UNITED KINGDOM	Mihaela Olariu	0	Terranova	Direct	Direct	Q1 '24	EMEA	1	0	UKI
	V0000253432	2024-01-01 00:00:00		ECOPAK	Base Subscription	Direct		2140.75	TBD	TBD	UNITED KINGDOM	Mihaela Olariu	0	Terranova	Direct	Direct	Q1 '24	EMEA	1	0	UKI
	V0000253441	2024-01-01 00:00:00		VAUDOISE GENERALE, Compagnie d'Assurances SA	Base Subscription	Direct		3595.71	TBD	TBD	CANADA	Nicolas Delisle	0	Terranova	Direct	Direct	Q1 '24	NA	1	0
	V0000253441	2024-01-01 00:00:00		VAUDOISE GENERALE, Compagnie d'Assurances SA	Base Subscription	Direct		20590.57	TBD	TBD	CANADA	Nicolas Delisle	0	Terranova	Direct	Direct	Q1 '24	NA	0	0
	V0000253444	2024-01-01 00:00:00		ECOPAK	Base Subscription	Direct		-1736.77	TBD	TBD	UNITED KINGDOM	Mihaela Olariu	0	Terranova	Direct	Direct	Q1 '24	EMEA	1	0	UKI
	V0000253447	2024-01-01 00:00:00		9366-6501 QUÉBEC INC.(VARS Corporation)	New Subscription	Direct		0	TBD	TBD	CANADA	Issen Appadoo	0	Terranova	Direct	Direct	Q1 '24	NA	1	1
	V0000253448	2024-01-01 00:00:00		9366-6501 QUÉBEC INC.(VARS Corporation)	Base Subscription	Direct		0	TBD	TBD	CANADA	Issen Appadoo	0	Terranova	Direct	Direct	Q1 '24	NA	1	0
	V0000253450	2024-01-01 00:00:00		DECENS OY	New Subscription	Direct		0	TBD	TBD	CANADA	Issen Appadoo	0	Terranova	Direct	Direct	Q1 '24	NA	1	1
	V0000253451	2024-01-01 00:00:00		DECENS OY	New Subscription	Direct		0	TBD	TBD	CANADA	Issen Appadoo	0	Terranova	Direct	Direct	Q1 '24	NA	1	1
	V0000253452	2024-01-01 00:00:00		DECENS OY	New Subscription	Direct		0	TBD	TBD	CANADA	Issen Appadoo	0	Terranova	Direct	Direct	Q1 '24	NA	1	1
	V0000253453	2024-01-01 00:00:00		AFAQ for Leadership Development	New Subscription	Direct		13920	TBD	TBD	CANADA	Nicolas Delisle	13920	Terranova	Direct	Direct	Q1 '24	NA	1	1
	V0000253460	2024-01-01 00:00:00		CAA QUEBEC	Base Subscription	Direct		9438.95	TBD	TBD	CANADA	Suzanne De La Durantaye	0	Terranova	Direct	Direct	Q1 '24	NA	1	0
	V0000253462	2024-01-01 00:00:00		WHITECAP RESOURCES INC.	Base Subscription	Direct		11692.55	TBD	TBD	CANADA	Nicolas Delisle	0	Terranova	Direct	Direct	Q1 '24	NA	1	0
	V0000253474	2024-01-01 00:00:00		VILLE DE ROBERVAL	Base Subscription	Direct		-1917.98	TBD	TBD	UNITED KINGDOM	Mihaela Olariu	0	Terranova	Direct	Direct	Q1 '24	EMEA	1	0	UKI
	V0000253476	2024-01-01 00:00:00		Screen Australia	Base Subscription	Cisco Systems Inc.	Cisco Systems Inc.	3132.87	TBD	TBD	UNITED KINGDOM	Annabelle Brooker	0	Terranova	Cisco	Channel	Q1 '24	EMEA	1	0	UKI
	V0000253476	2024-01-01 00:00:00		Screen Australia	New Subscription	Cisco Systems Inc.	Cisco Systems Inc.	363.63	TBD	TBD	UNITED KINGDOM	Annabelle Brooker	121.21000000000001	Terranova	Cisco	Channel	Q1 '24	EMEA	0	0	UKI
	V0000253478	2024-01-01 00:00:00		VILLEMAIRE PNEUS ET MÉCANIQUE	Base Subscription	LES SOLUTIONS VICTRIX	LES SOLUTIONS VICTRIX	-1699.01	TBD	TBD	UNITED KINGDOM	Mihaela Olariu	0	Terranova	LES SOLUTIONS VICTRIX	Channel	Q1 '24	EMEA	1	0	UKI
	V0000253484	2024-01-01 00:00:00		EMBLM	Base Subscription	Direct		-3020.47	TBD	TBD	UNITED KINGDOM	Mihaela Olariu	0	Terranova	Direct	Direct	Q1 '24	EMEA	1	0	UKI
	V0000253491	2024-01-01 00:00:00		LOGIENT INC	Base Subscription	Direct		1132.68	TBD	TBD	UNITED KINGDOM	Mihaela Olariu	0	Terranova	Direct	Direct	Q1 '24	EMEA	1	0	UKI
	V0000253491	2024-01-01 00:00:00		LOGIENT INC	New Subscription	Direct		291.06	TBD	TBD	UNITED KINGDOM	Mihaela Olariu	291.06	Terranova	Direct	Direct	Q1 '24	EMEA	0	0	UKI
	V0000253491	2024-01-01 00:00:00		LOGIENT INC	Services	Direct		1019.41	TBD	TBD	UNITED KINGDOM	Mihaela Olariu	0	Terranova	Direct	Direct	Q1 '24	EMEA	0	0	UKI
	V0000253493	2024-01-01 00:00:00		LAURENTIS ENERGY PARTNERS	Base Subscription	Direct		2081.28	TBD	TBD	UNITED KINGDOM	Mihaela Olariu	0	Terranova	Direct	Direct	Q1 '24	EMEA	1	0	UKI
	V0000253511	2024-01-01 00:00:00		PLAINS MIDSTREAM CANADA	Services	Direct		509.7	TBD	TBD	CANADA	Suzanne De La Durantaye	0	Terranova	Direct	Direct	Q1 '24	NA	1	0
	V0000253514	2024-01-01 00:00:00		GROUPE BIRON SANTE INC.	Base Subscription	Prival	Prival	0	TBD	TBD	CANADA	Issen Appadoo	0	Terranova	PRIVAL	Channel	Q1 '24	NA	1	0
	V0000253515	2024-01-01 00:00:00		GROUPE BIRON SANTE INC.	Base Subscription	Prival	Prival	0	TBD	TBD	CANADA	Issen Appadoo	0	Terranova	PRIVAL	Channel	Q1 '24	NA	1	0
	V0000253516	2024-01-01 00:00:00		GROUPE BIRON SANTE INC.	Base Subscription	Prival	Prival	0	TBD	TBD	CANADA	Issen Appadoo	0	Terranova	PRIVAL	Channel	Q1 '24	NA	1	0
	V0000253530	2024-01-01 00:00:00		ACADÉMIE LOUIS-PASTEUR	Base Subscription	Direct		1248.78	TBD	TBD	UNITED KINGDOM	Mihaela Olariu	0	Terranova	Direct	Direct	Q1 '24	EMEA	1	0	UKI
	V0000253534	2024-01-01 00:00:00		PENSIONNAT DU SAINT-NOM-DE-MARIE	Base Subscription	Direct		1887.03	TBD	TBD	UNITED KINGDOM	Mihaela Olariu	0	Terranova	Direct	Direct	Q1 '24	EMEA	1	0	UKI
	V0000253536	2024-01-01 00:00:00		RESEAU DE TRANSPORT DE LA CAPITALE (RTC)	Base Subscription	Direct		6105.11	TBD	TBD	CANADA	Suzanne De La Durantaye	0	Terranova	Direct	Direct	Q1 '24	NA	1	0
	V0000253536	2024-01-01 00:00:00		RESEAU DE TRANSPORT DE LA CAPITALE (RTC)	Services	Direct		3058.22	TBD	TBD	CANADA	Suzanne De La Durantaye	0	Terranova	Direct	Direct	Q1 '24	NA	0	0
	V0000253548	2024-01-01 00:00:00		CSOB LEASING, A.S.	New Subscription	Cisco Systems Inc.	Cisco Systems Inc.	2220	TBD	TBD	CANADA	Issen Appadoo	2220	Terranova	Cisco	Channel	Q1 '24	NA	1	1
	V0000253551	2024-01-01 00:00:00		QATAR PUBLIC PROSECUTION	New Subscription	Cisco Systems Inc.	Cisco Systems Inc.	15540.12	TBD	TBD	CANADA	Issen Appadoo	5180.04	Terranova	Cisco	Channel	Q1 '24	NA	1	1
	V0000253557	2024-01-01 00:00:00		HALDANES SOLICITORS AND NOTARIES	New Subscription	Cisco Systems Inc.	Cisco Systems Inc.	704	TBD	TBD	CANADA	Issen Appadoo	704	Terranova	Cisco	Channel	Q1 '24	NA	1	1
	V0000253572	2024-01-01 00:00:00		TRANSPORT RDL	Base Subscription	CYBERSWAT (GROUPE CYBERSWAT INC.)	CYBERSWAT (GROUPE CYBERSWAT INC.)	1278.11	TBD	TBD	UNITED KINGDOM	Mihaela Olariu	0	Terranova	CYBERSWAT (GROUPE CYBERSWAT INC.)	Channel	Q1 '24	EMEA	1	0	UKI
	V0000253573	2024-01-01 00:00:00		FÉDERATION DE NATATION DU QUÉBEC	Base Subscription	GOSECURE INC	GOSECURE INC	1019.41	TBD	TBD	UNITED KINGDOM	Mihaela Olariu	0	Terranova	GOSECURE INC	Channel	Q1 '24	EMEA	1	0	UKI
	V0000253576	2024-01-01 00:00:00		CONSEIL DES ARTS ET DES LETTRES DU QUEBEC	Base Subscription	Direct		3121.93	TBD	TBD	UNITED KINGDOM	Mihaela Olariu	0	Terranova	Direct	Direct	Q1 '24	EMEA	1	0	UKI
	V0000253576	2024-01-01 00:00:00		CONSEIL DES ARTS ET DES LETTRES DU QUEBEC	Services	Direct		1019.41	TBD	TBD	UNITED KINGDOM	Mihaela Olariu	0	Terranova	Direct	Direct	Q1 '24	EMEA	0	0	UKI
	V0000253578	2024-01-01 00:00:00		PENSIONNAT DU SAINT-NOM-DE-MARIE	Base Subscription	Direct		-1057.16	TBD	TBD	UNITED KINGDOM	Mihaela Olariu	0	Terranova	Direct	Direct	Q1 '24	EMEA	1	0	UKI
	V0000253579	2024-01-01 00:00:00		CENTRE COMMUNAUTAIRE JURIDIQUE DE l'ESTRIE	Base Subscription	MICROAGE DRUMMOND INFORMATIQUE LTEE	MICROAGE DRUMMOND INFORMATIQUE LTEE	-1217.62	TBD	TBD	UNITED KINGDOM	Mihaela Olariu	0	Terranova	MICROAGE DRUMMOND INFORMATIQUE LTEE	Channel	Q1 '24	EMEA	1	0	UKI
	V0000253617	2024-01-01 00:00:00		Aqua Logistics	New Subscription	ORION INNOVATION	ORION INNOVATION	1689	TBD	TBD	UNITED STATES	Don Seiler	1689	Terranova	ORION INNOVATION	Channel	Q1 '24	NA	1	1
	V0000253622	2024-01-01 00:00:00		TRANSPORT BOURRET INC	Base Subscription	TD Synnex Canada	TD Synnex Canada	891.98	TBD	TBD	UNITED KINGDOM	Mihaela Olariu	0	Terranova	TD Synnex Canada	Channel	Q1 '24	EMEA	1	0	UKI
	V0000253622	2024-01-01 00:00:00		TRANSPORT BOURRET INC	New Subscription	TD Synnex Canada	TD Synnex Canada	2247.8	TBD	TBD	UNITED KINGDOM	Mihaela Olariu	2247.8	Terranova	TD Synnex Canada	Channel	Q1 '24	EMEA	0	0	UKI
	V0000253629	2024-01-01 00:00:00		Hydro-Québec	Base Subscription	BELL CANADA	BELL CANADA	-24463.87	TBD	TBD	CANADA	Nicolas Delisle	0	Terranova	Bell	Channel	Q1 '24	NA	1	0
	V0000253653	2024-01-01 00:00:00		TRANSPORT BOURRET INC	Services	TD Synnex Canada	TD Synnex Canada	4587.33	TBD	TBD	CANADA	Issen Appadoo	0	Terranova	TD Synnex Canada	Channel	Q1 '24	NA	1	0
	V0000253654	2024-01-01 00:00:00		Glover Property Management, Inc	New Subscription	AT&T-CBS	AT&T-CBS	750	TBD	TBD	UNITED STATES	Vivian Goss	750	Terranova	AT&T	Channel	Q1 '24	NA	1	1
	V0000253655	2024-01-01 00:00:00		FÉDERATION DE NATATION DU QUÉBEC	Base Subscription	GOSECURE INC	GOSECURE INC	-48.55	TBD	TBD	UNITED KINGDOM	Mihaela Olariu	0	Terranova	GOSECURE INC	Channel	Q1 '24	EMEA	1	0	UKI
	V0000253660	2024-01-01 00:00:00		QUEEN LILIUOKALANI TRUST	New Subscription	Cisco Systems Inc.	Cisco Systems Inc.	2952.6	TBD	TBD	CANADA	Issen Appadoo	1864.8000000000002	Terranova	Cisco	Channel	Q1 '24	NA	1	1
	V0000253664	2024-01-01 00:00:00		ARORA HOLDINGS LTD	New Subscription	Cisco Systems Inc.	Cisco Systems Inc.	9590.4	TBD	TBD	CANADA	Issen Appadoo	3196.7999999999997	Terranova	Cisco	Channel	Q1 '24	NA	1	1
	V0000253665	2024-01-01 00:00:00		CENTRAL ENERGY FUND	Base Subscription	LOCKDOWN IT	LOCKDOWN IT	1771.87	TBD	TBD	UNITED KINGDOM	Annabelle Brooker	0	Terranova	LOCKDOWN IT	Channel	Q1 '24	EMEA	1	0	UKI
	V0000253690	2024-01-01 00:00:00		Hydro-Québec	Base Subscription	Bell Canada - Ottawa	Bell Canada - Ottawa	-6831.91	TBD	TBD	CANADA	Nicolas Delisle	0	Terranova	Bell	Channel	Q1 '24	NA	1	0
	V0000253694	2024-01-01 00:00:00		LE MINISTRE DE L'IMMIGRATION DE LA FRANCISATION ET DE L'INTEGRATION	Base Subscription	Direct		0	TBD	TBD	CANADA	Suzanne De La Durantaye	0	Terranova	Direct	Direct	Q1 '24	NA	1	0
	V0000253694	2024-01-01 00:00:00		LE MINISTRE DE L'IMMIGRATION DE LA FRANCISATION ET DE L'INTEGRATION	Base Subscription	Direct		11893.07	TBD	TBD	CANADA	Suzanne De La Durantaye	0	Terranova	Direct	Direct	Q1 '24	NA	0	0
	V0000253694	2024-01-01 00:00:00		LE MINISTRE DE L'IMMIGRATION DE LA FRANCISATION ET DE L'INTEGRATION	Base Subscription	Direct		1914.79	TBD	TBD	CANADA	Suzanne De La Durantaye	0	Terranova	Direct	Direct	Q1 '24	NA	0	0
	V0000253694	2024-01-01 00:00:00		LE MINISTRE DE L'IMMIGRATION DE LA FRANCISATION ET DE L'INTEGRATION	Services	Direct		305.82	TBD	TBD	CANADA	Suzanne De La Durantaye	0	Terranova	Direct	Direct	Q1 '24	NA	0	0
	V0000253697	2024-01-01 00:00:00		Securities Investor Protection Corporation	Base Subscription	Direct		13125	TBD	TBD	UNITED STATES	Danielle Brown	0	Terranova	Direct	Direct	Q1 '24	NA	1	0
	V0000253701	2024-01-01 00:00:00		Centre De Services scolaire des Hautes-Rivières	New Subscription	EQUIPE MICROFIX	EQUIPE MICROFIX	453.07	TBD	TBD	CANADA	Issen Appadoo	906.1400000000001	Terranova	EQUIPE MICROFIX	Channel	Q1 '24	NA	1	1
	V0000253702	2024-01-01 00:00:00		EDMUNDS.com, Inc.	Base Subscription	Direct		6825	TBD	TBD	CANADA	Nicolas Delisle	0	Terranova	Direct	Direct	Q1 '24	NA	1	0
	V0000253711	2024-01-01 00:00:00		Centre de Services Scolaire des Îles	Base Subscription	Direct		6743.37	TBD	TBD	UNITED KINGDOM	Mihaela Olariu	0	Terranova	Direct	Direct	Q1 '24	EMEA	1	0	UKI
	V0000253714	2024-01-01 00:00:00		MUNICIPALITÉ DE CANTLEY	Base Subscription	TD Synnex Canada	TD Synnex Canada	1151.25	TBD	TBD	UNITED KINGDOM	Mihaela Olariu	0	Terranova	TD Synnex Canada	Channel	Q1 '24	EMEA	1	0	UKI
	V0000253716	2024-01-01 00:00:00		PSB BOISJOLI	New Subscription	LGIT Computers	LGIT Computers	88.73	TBD	TBD	UNITED KINGDOM	Mihaela Olariu	212.95200000000003	Terranova	LGIT Computers	Channel	Q1 '24	EMEA	1	1	UKI
	V0000253717	2024-01-01 00:00:00		COMPAGNIE FRANÇAISE D ASSURANCE POUR LE COMMERCE EXTERIEUR (COFACE)	Base Subscription	Direct		14902.31	TBD	TBD	FRANCE	Dalila Ben Attia	0	Terranova	Direct	Direct	Q1 '24	EMEA	1	0	South Europe - French
	V0000253729	2024-01-01 00:00:00		REITZEL GROUPE MANAGEMENT SA	Base Subscription	PSYND	PSYND	2626.96	TBD	TBD	FRANCE	Smahene Mairchie	0	Terranova	PSYND	Channel	Q1 '24	EMEA	1	0	South Europe - French
	V0000253731	2024-01-01 00:00:00		TARRYTOWN HONDA	Base Subscription	IVSG LLC	IVSG LLC	1181.25	TBD	TBD	UNITED KINGDOM	Mihaela Olariu	0	Terranova	IVSG LLC	Channel	Q1 '24	EMEA	1	0	UKI
	V0000253733	2024-01-01 00:00:00		ACCELBYTE	Base Subscription	Direct		3412.5	TBD	TBD	CANADA	Suzanne De La Durantaye	0	Terranova	Direct	Direct	Q1 '24	NA	1	0
	V0000253750	2024-01-01 00:00:00		Société en commandite Free 2 Play (Club de Foot Montréal)	New Subscription	Direct		1887.79	TBD	TBD	CANADA	Alexandre Hazan	1887.79	Terranova	Direct	Direct	Q1 '24	NA	1	1
	V0000253750	2024-01-01 00:00:00		Société en commandite Free 2 Play (Club de Foot Montréal)	Services	Direct		1208.18	TBD	TBD	CANADA	Alexandre Hazan	0	Terranova	Direct	Direct	Q1 '24	NA	0	0
	V0000253752	2024-01-01 00:00:00		Celco Community CU	Base Subscription	Direct		1890	TBD	TBD	UNITED KINGDOM	Mihaela Olariu	0	Terranova	Direct	Direct	Q1 '24	EMEA	1	0	UKI
	V0000253758	2024-01-01 00:00:00		UBIQUITY	Base Subscription	Direct		7171.88	TBD	TBD	CANADA	Suzanne De La Durantaye	0	Terranova	Direct	Direct	Q1 '24	NA	1	0
	V0000253759	2024-01-01 00:00:00		INGENIUM	Base Subscription	KEENVIEW INC	KEENVIEW INC	1693.12	TBD	TBD	UNITED KINGDOM	Mihaela Olariu	0	Terranova	KEENVIEW INC	Channel	Q1 '24	EMEA	1	0	UKI
	V0000253767	2024-01-01 00:00:00		Gundersen Health System	Base Subscription	Direct		36468.18	TBD	TBD	UNITED STATES	Danielle Brown	0	Terranova	Direct	Direct	Q1 '24	NA	1	0
	V0000253774	2024-01-01 00:00:00		TAKTIK MARKETING	Base Subscription	Direct		-1510.23	TBD	TBD	UNITED KINGDOM	Mihaela Olariu	0	Terranova	Direct	Direct	Q1 '24	EMEA	1	0	UKI
	V0000253774	2024-01-01 00:00:00		TAKTIK MARKETING	Base Subscription	Direct		-226.53	TBD	TBD	UNITED KINGDOM	Mihaela Olariu	0	Terranova	Direct	Direct	Q1 '24	EMEA	0	0	UKI
	V0000253776	2024-01-01 00:00:00		TRIGENEX INC	Base Subscription	GROUPE INFORMATIQUE PRESENT	GROUPE INFORMATIQUE PRESENT	-1492.86	TBD	TBD	UNITED KINGDOM	Mihaela Olariu	0	Terranova	GROUPE INFORMATIQUE PRESENT	Channel	Q1 '24	EMEA	1	0	UKI
	V0000253787	2024-01-01 00:00:00		ALLOPROF	Services	Direct		1529.11	TBD	TBD	UNITED KINGDOM	Mihaela Olariu	0	Terranova	Direct	Direct	Q1 '24	EMEA	1	0	UKI
	V0000253794	2024-01-01 00:00:00		SIRIUS FACILITIES GMBH	Base Subscription	Direct		1619.64	TBD	TBD	GERMANY	Ina Ziebarth	0	Terranova	Direct	Direct	Q1 '24	EMEA	1	0	DACH
	V0000253797	2024-01-01 00:00:00		RE-SOURCE INTEGRATION	Base Subscription	Direct		-2265.34	TBD	TBD	UNITED KINGDOM	Mihaela Olariu	0	Terranova	Direct	Direct	Q1 '24	EMEA	1	0	UKI
	V0000253801	2024-01-01 00:00:00		MALAKOFF MEDERIC HUMANIS	Base Subscription	Direct		-26492.99	TBD	TBD	FRANCE	Dalila Ben Attia	0	Terranova	Direct	Direct	Q1 '24	EMEA	1	0	South Europe - French
	V0000253806	2024-01-01 00:00:00		THE CANADIAN RED CROSS SOCIETY	Base Subscription	BELL CANADA	BELL CANADA	-12232.88	TBD	TBD	UNITED STATES	# CRM Console Apps	0	Terranova	Bell	Channel	Q1 '24	NA	1	0
	V0000253819	2024-01-01 00:00:00		Hydro-Québec	Base Subscription	Bell Canada - Ottawa	Bell Canada - Ottawa	6831.91	TBD	TBD	CANADA	Nicolas Delisle	0	Terranova	Bell	Channel	Q1 '24	NA	1	0
	V0000253832	2024-01-01 00:00:00		CSB	Base Subscription	AXIANS NOUVELLE CALEDONIE	AXIANS NOUVELLE CALEDONIE	1589.58	TBD	TBD	FRANCE	Smahene Mairchie	0	Terranova	AXIANS NOUVELLE CALEDONIE	Channel	Q1 '24	EMEA	1	0	South Europe - French
	V0000253834	2024-01-01 00:00:00		JPB-SYSTEME	New Subscription	Direct		4503.81	TBD	TBD	FRANCE	Smahene Mairchie	4503.81	Terranova	Direct	Direct	Q1 '24	EMEA	1	1	South Europe - French
	V0000253856	2024-01-01 00:00:00		Cegep de Matane	New Subscription	DANSLENUAGE.QUEBEC INC	DANSLENUAGE.QUEBEC INC	0	TBD	TBD	CANADA	Alexandre Hazan	0	Terranova	DANSLENUAGE.QUEBEC INC	Channel	Q1 '24	NA	1	1
	V0000253856	2024-01-01 00:00:00		Cegep de Matane	New Subscription	DANSLENUAGE.QUEBEC INC	DANSLENUAGE.QUEBEC INC	0	TBD	TBD	CANADA	Alexandre Hazan	0	Terranova	DANSLENUAGE.QUEBEC INC	Channel	Q1 '24	NA	0	0
	V0000253856	2024-01-01 00:00:00		Cegep de Matane	New Subscription	DANSLENUAGE.QUEBEC INC	DANSLENUAGE.QUEBEC INC	0	TBD	TBD	CANADA	Alexandre Hazan	0	Terranova	DANSLENUAGE.QUEBEC INC	Channel	Q1 '24	NA	0	0
	V0000253856	2024-01-01 00:00:00		Cegep de Matane	New Subscription	DANSLENUAGE.QUEBEC INC	DANSLENUAGE.QUEBEC INC	2265.34	TBD	TBD	CANADA	Alexandre Hazan	2265.34	Terranova	DANSLENUAGE.QUEBEC INC	Channel	Q1 '24	NA	0	0
	V0000253856	2024-01-01 00:00:00		Cegep de Matane	Services	DANSLENUAGE.QUEBEC INC	DANSLENUAGE.QUEBEC INC	3058.22	TBD	TBD	CANADA	Alexandre Hazan	0	Terranova	DANSLENUAGE.QUEBEC INC	Channel	Q1 '24	NA	0	0
	V0000253856	2024-01-01 00:00:00		Cegep de Matane	Services	DANSLENUAGE.QUEBEC INC	DANSLENUAGE.QUEBEC INC	1208.18	TBD	TBD	CANADA	Alexandre Hazan	0	Terranova	DANSLENUAGE.QUEBEC INC	Channel	Q1 '24	NA	0	0
	V0000253858	2024-01-01 00:00:00		Automatisation Baril	New Subscription	DANSLENUAGE.QUEBEC INC	DANSLENUAGE.QUEBEC INC	1631.05	TBD	TBD	CANADA	Alexandre Hazan	1631.0499999999997	Terranova	DANSLENUAGE.QUEBEC INC	Channel	Q1 '24	NA	1	1
	V0000253861	2024-01-01 00:00:00		Le Chic Resto Pop	Base Subscription	Direct		-2582.5	TBD	TBD	UNITED KINGDOM	Mihaela Olariu	0	Terranova	Direct	Direct	Q1 '24	EMEA	1	0	UKI
	V0000253869	2024-01-01 00:00:00		DEVENSYS	New Subscription	Direct		0	TBD	TBD	FRANCE	Dalila Ben Attia	0	Terranova	Direct	Direct	Q1 '24	EMEA	1	1	South Europe - French
	V0000253870	2024-01-01 00:00:00		ONE LAB TECHNOLOGIES CORP.	Base Subscription	Direct		-1565.93	TBD	TBD	UNITED KINGDOM	Mihaela Olariu	0	Terranova	Direct	Direct	Q1 '24	EMEA	1	0	UKI
	V0000253871	2024-01-01 00:00:00		CICCARELLO ASSURANCES LTÉE	Base Subscription	CONNEXTEK INC.	CONNEXTEK INC.	-1087.37	TBD	TBD	UNITED KINGDOM	Mihaela Olariu	0	Terranova	CONNEXTEK INC.	Channel	Q1 '24	EMEA	1	0	UKI
	V0000253872	2024-01-01 00:00:00		The Northern Trust Company	New Subscription	Direct		60000	TBD	TBD	CANADA	Vladimir Badrieh	60000	Terranova	Direct	Direct	Q1 '24	NA	1	1
	V0000253884	2024-01-01 00:00:00		BANQUE DE DEVELOPPEMENT DU CONSEIL DE L'EUROPE	Base Subscription	Direct		6954.41	TBD	TBD	CANADA	Suzanne De La Durantaye	0	Terranova	Direct	Direct	Q1 '24	NA	1	0
	V0000253884	2024-01-01 00:00:00		BANQUE DE DEVELOPPEMENT DU CONSEIL DE L'EUROPE	Services	Direct		2980.46	TBD	TBD	CANADA	Suzanne De La Durantaye	0	Terranova	Direct	Direct	Q1 '24	NA	0	0
	V0000253886	2024-01-01 00:00:00		1ST FRANKLIN FINANCIAL CORPORATION	Base Subscription	Direct		-16000	TBD	TBD	CANADA	Suzanne De La Durantaye	0	Terranova	Direct	Direct	Q1 '24	NA	1	0
	V0000253888	2024-01-01 00:00:00		ORES BELGIQUE	Base Subscription	Direct		-7340.77	TBD	TBD	UNITED STATES	Erinn Cihak	0	Terranova	Direct	Direct	Q1 '24	NA	1	0
	V0000253888	2024-01-01 00:00:00		ORES BELGIQUE	Base Subscription	Direct		-26824.15	TBD	TBD	UNITED STATES	Erinn Cihak	0	Terranova	Direct	Direct	Q1 '24	NA	0	0
	V0000253900	2024-01-01 00:00:00		Hindustan Petroleum Corporation Limited	New Subscription	Cisco Systems Inc.	Cisco Systems Inc.	1408.01	TBD	TBD	CANADA	Issen Appadoo	704.005	Terranova	Cisco	Channel	Q1 '24	NA	1	1
	V0000253903	2024-01-01 00:00:00		RECHERCHES NEURO-HIPPOCAMPE	Base Subscription	ONE LAB TECHNOLOGIES CORP.	ONE LAB TECHNOLOGIES CORP.	-1783.97	TBD	TBD	UNITED KINGDOM	Mihaela Olariu	0	Terranova	ONE LAB TECHNOLOGIES CORP.	Channel	Q1 '24	EMEA	1	0	UKI
	V0000253904	2024-01-01 00:00:00		LAUCANDRIQUE	Base Subscription	CONNEXTEK INC.	CONNEXTEK INC.	-707.92	TBD	TBD	UNITED KINGDOM	Mihaela Olariu	0	Terranova	CONNEXTEK INC.	Channel	Q1 '24	EMEA	1	0	UKI
	V0000253911	2024-01-01 00:00:00		LES 7 DOIGTS DE LA MAIN	Base Subscription	Direct		-1565.93	TBD	TBD	UNITED KINGDOM	Mihaela Olariu	0	Terranova	Direct	Direct	Q1 '24	EMEA	1	0	UKI
	V0000253929	2024-01-01 00:00:00		EMAGINE GROUP	Base Subscription	Direct		10790.37	TBD	TBD	CANADA	Nicolas Delisle	0	Terranova	Direct	Direct	Q1 '24	NA	1	0
	V0000253929	2024-01-01 00:00:00		EMAGINE GROUP	New Subscription	Direct		3139.09	TBD	TBD	CANADA	Nicolas Delisle	3139.09	Terranova	Direct	Direct	Q1 '24	NA	0	0
	V0000253933	2024-01-01 00:00:00		NORTHSTAR EARTH AND SPACE	Base Subscription	Direct		-1510.23	TBD	TBD	UNITED KINGDOM	Mihaela Olariu	0	Terranova	Direct	Direct	Q1 '24	EMEA	1	0	UKI
	V0000253934	2024-01-01 00:00:00		Thermo 2000 Inc	New Subscription	TD Synnex Canada	TD Synnex Canada	1223.29	TBD	TBD	CANADA	Alexandre Hazan	1223.29	Terranova	TD Synnex Canada	Channel	Q1 '24	NA	1	1
	V0000253936	2024-01-01 00:00:00		MOSELLE ATTRACTIVITE	Base Subscription	Direct		1738.6	TBD	TBD	UNITED KINGDOM	Mihaela Olariu	0	Terranova	Direct	Direct	Q1 '24	EMEA	1	0	UKI
	V0000253939	2024-01-01 00:00:00		VÉRIFICATEUR GÉNÉRAL DU QUÉBEC	Base Subscription	Direct		7492.63	TBD	TBD	CANADA	Nicolas Delisle	0	Terranova	Direct	Direct	Q1 '24	NA	1	0
	V0000253939	2024-01-01 00:00:00		VÉRIFICATEUR GÉNÉRAL DU QUÉBEC	New Subscription	Direct		428.15	TBD	TBD	CANADA	Nicolas Delisle	270.41052631578947	Terranova	Direct	Direct	Q1 '24	NA	0	0
	V0000253942	2024-01-01 00:00:00		EQUAD	Base Subscription	LUTESSA 2S	LUTESSA 2S	469.15	TBD	TBD	FRANCE	Smahene Mairchie	0	Terranova	LUTESSA	Channel	Q1 '24	EMEA	1	0	South Europe - French
	V0000253942	2024-01-01 00:00:00		EQUAD	Base Subscription	LUTESSA 2S	LUTESSA 2S	2759.69	TBD	TBD	FRANCE	Smahene Mairchie	0	Terranova	LUTESSA	Channel	Q1 '24	EMEA	0	0	South Europe - French
	V0000253943	2024-01-01 00:00:00		LUTESSA 2S	New Subscription	Direct		1140.03	TBD	TBD	FRANCE	Smahene Mairchie	1140.03	Terranova	Direct	Direct	Q1 '24	EMEA	1	1	South Europe - French
	V0000253944	2024-01-01 00:00:00		HLS THERAPEUTICS	New Subscription	Eviden Services, Inc.	Eviden Services, Inc.	679.61	TBD	TBD	UNITED KINGDOM	Mihaela Olariu	679.61	Terranova	Eviden Services, Inc.	Channel	Q1 '24	EMEA	1	1	UKI
	V0000253945	2024-01-01 00:00:00		Casa Grande de Cartagena SAU	New Subscription	ALSO Spain	ALSO Spain	1291.53	TBD	TBD	FRANCE	Smahene Mairchie	1291.53	Terranova	ALSO Spain (ex IREO Soluciones)	Channel	Q1 '24	EMEA	1	1	South Europe - French
	V0000253970	2024-01-01 00:00:00		J.M. HUBER CORPORATION	Base Subscription	Direct		0	TBD	TBD	CANADA	Nicolas Delisle	0	Terranova	Direct	Direct	Q1 '24	NA	1	0
	V0000253970	2024-01-01 00:00:00		J.M. HUBER CORPORATION	Base Subscription	Direct		27200	TBD	TBD	CANADA	Nicolas Delisle	0	Terranova	Direct	Direct	Q1 '24	NA	0	0
	V0000253970	2024-01-01 00:00:00		J.M. HUBER CORPORATION	New Subscription	Direct		7185.5	TBD	TBD	CANADA	Nicolas Delisle	7185.5	Terranova	Direct	Direct	Q1 '24	NA	0	0
	V0000253970	2024-01-01 00:00:00		J.M. HUBER CORPORATION	Services	Direct		5400	TBD	TBD	CANADA	Nicolas Delisle	0	Terranova	Direct	Direct	Q1 '24	NA	0	0
	V0000253982	2024-01-01 00:00:00		HYDROSOLUTION	Base Subscription	Direct		396.43	TBD	TBD	UNITED KINGDOM	Mihaela Olariu	0	Terranova	Direct	Direct	Q1 '24	EMEA	1	0	UKI
	V0000253988	2024-01-01 00:00:00		SPI SANTÉ SÉCURITÉ INC	Base Subscription	Direct		4360.8	TBD	TBD	CANADA	Nicolas Delisle	0	Terranova	Direct	Direct	Q1 '24	NA	1	0
	V0000253988	2024-01-01 00:00:00		SPI SANTÉ SÉCURITÉ INC	New Subscription	Direct		169.9	TBD	TBD	CANADA	Nicolas Delisle	169.9	Terranova	Direct	Direct	Q1 '24	NA	0	0
	V0000253988	2024-01-01 00:00:00		SPI SANTÉ SÉCURITÉ INC	Services	Direct		2038.81	TBD	TBD	CANADA	Nicolas Delisle	0	Terranova	Direct	Direct	Q1 '24	NA	0	0
	V0000253989	2024-01-01 00:00:00		THOM GROUP	Base Subscription	Direct		13246.5	TBD	TBD	CANADA	Nicolas Delisle	0	Terranova	Direct	Direct	Q1 '24	NA	1	0
	V0000254021	2024-01-01 00:00:00		LACHANCE PARENT CPA INC	Base Subscription	Direct		0	TBD	TBD	UNITED KINGDOM	Mihaela Olariu	0	Terranova	Direct	Direct	Q1 '24	EMEA	1	0	UKI
	V0000254022	2024-01-01 00:00:00		Alpian Bank	New Subscription	PSYND	PSYND	1490.23	TBD	TBD	FRANCE	Smahene Mairchie	1490.23	Terranova	PSYND	Channel	Q1 '24	EMEA	1	1	South Europe - French
	V0000254028	2024-01-01 00:00:00		McNaughton-McKay	Base Subscription	Direct		9192.75	TBD	TBD	UNITED STATES	Logan MacAlister	0	Terranova	Direct	Direct	Q1 '24	NA	1	0
	V0000254055	2024-01-01 00:00:00		Assurances Provencher-Verreault	New Subscription	CYBERSWAT (GROUPE CYBERSWAT INC.)	CYBERSWAT (GROUPE CYBERSWAT INC.)	1223.29	TBD	TBD	CANADA	Alexandre Hazan	1223.29	Terranova	CYBERSWAT (GROUPE CYBERSWAT INC.)	Channel	Q1 '24	NA	1	1
	V0000254057	2024-01-01 00:00:00		PENSIONNAT NOTRE-DAME-DES-ANGES	New Subscription	Direct		4153.13	TBD	TBD	CANADA	Alexandre Hazan	4153.13	Terranova	Direct	Direct	Q1 '24	NA	1	1
	V0000254059	2024-01-01 00:00:00		ENS DE LYON	Base Subscription	Direct		3766.97	TBD	TBD	CANADA	Suzanne De La Durantaye	0	Terranova	Direct	Direct	Q1 '24	NA	1	0
	V0000254069	2024-01-01 00:00:00		Transport Nanuk Inc.	New Subscription	Direct		3247	TBD	TBD	CANADA	Alexandre Hazan	3247	Terranova	Direct	Direct	Q1 '24	NA	1	1
	V0000254069	2024-01-01 00:00:00		Transport Nanuk Inc.	Services	Direct		509.7	TBD	TBD	CANADA	Alexandre Hazan	0	Terranova	Direct	Direct	Q1 '24	NA	0	0
	V0000254070	2024-01-01 00:00:00		Centennial Bank	New Subscription	Direct		6695	TBD	TBD	UNITED STATES	Michael Horgan	6695	Terranova	Direct	Direct	Q1 '24	NA	1	1
	V0000254070	2024-01-01 00:00:00		Centennial Bank	Base Subscription	Direct		36995	TBD	TBD	UNITED STATES	Michael Horgan	0	Terranova	Direct	Direct	Q1 '24	NA	0	0
	V0000254073	2024-01-01 00:00:00		Centre De Services scolaire des Hautes-Rivières	New Subscription	EQUIPE MICROFIX	EQUIPE MICROFIX	1246.39	TBD	TBD	CANADA	Vladimir Badrieh	2492.78	Terranova	EQUIPE MICROFIX	Channel	Q1 '24	NA	1	1
	V0000254078	2024-01-01 00:00:00		LABORATOIRE DERMO-COSMETIK	Base Subscription	GROUPE INFORMATIQUE PRESENT	GROUPE INFORMATIQUE PRESENT	5708.68	TBD	TBD	UNITED KINGDOM	Mihaela Olariu	0	Terranova	GROUPE INFORMATIQUE PRESENT	Channel	Q1 '24	EMEA	1	0	UKI
	V0000254083	2024-01-01 00:00:00		COLUMBUS EQUIPMENT	Base Subscription	ORION INNOVATION	ORION INNOVATION	-4800.71	TBD	TBD	UNITED KINGDOM	Mihaela Olariu	0	Terranova	ORION INNOVATION	Channel	Q1 '24	EMEA	1	0	UKI
	V0000254085	2024-01-01 00:00:00		CENTENNIAL TECH	Base Subscription	Direct		-999	TBD	TBD	UNITED STATES	AnneMarie Johnson	0	Terranova	Direct	Direct	Q1 '24	NA	1	0
	V0000254086	2024-01-01 00:00:00		FOUNDATIONS FOR THE FUTURE CHARTER ACADEMY	Base Subscription	MICROSERVE	MICROSERVE	-640.34	TBD	TBD	UNITED KINGDOM	Mihaela Olariu	0	Terranova	MICROSERVE	Channel	Q1 '24	EMEA	1	0	UKI
	V0000254105	2024-01-01 00:00:00		Broll Property Group	New Subscription	THE CYBER ACADEMY	THE CYBER ACADEMY	6468	TBD	TBD	CANADA	Alexandre Hazan	6468	Terranova	THE CYBER ACADEMY	Channel	Q1 '24	NA	1	1
	V0000254108	2024-01-01 00:00:00		ALTECA	New Subscription	Direct		9221.77	TBD	TBD	FRANCE	Smahene Mairchie	9221.77	Terranova	Direct	Direct	Q1 '24	EMEA	1	1	South Europe - French
	V0000254108	2024-01-01 00:00:00		ALTECA	Services	Direct		670.05	TBD	TBD	FRANCE	Smahene Mairchie	0	Terranova	Direct	Direct	Q1 '24	EMEA	0	0	South Europe - French
	V0000254108	2024-01-01 00:00:00		ALTECA	Services	Direct		745.12	TBD	TBD	FRANCE	Smahene Mairchie	0	Terranova	Direct	Direct	Q1 '24	EMEA	0	0	South Europe - French
	V0000254111	2024-01-01 00:00:00		University of Lethbridge	New Subscription	MICROSERVE	MICROSERVE	0	TBD	TBD	CANADA	Vladimir Badrieh	0	Terranova	MICROSERVE	Channel	Q1 '24	NA	1	1
	V0000254111	2024-01-01 00:00:00		University of Lethbridge	New Subscription	MICROSERVE	MICROSERVE	0	TBD	TBD	CANADA	Vladimir Badrieh	0	Terranova	MICROSERVE	Channel	Q1 '24	NA	0	0
	V0000254111	2024-01-01 00:00:00		University of Lethbridge	New Subscription	MICROSERVE	MICROSERVE	-14788.19	TBD	TBD	CANADA	Vladimir Badrieh	-4929.3966666666665	Terranova	MICROSERVE	Channel	Q1 '24	NA	0	0
	V0000254118	2024-01-01 00:00:00		CABINET FTPA	New Subscription	OMNI LEX	OMNI LEX	2145.93	TBD	TBD	FRANCE	Smahene Mairchie	2145.93	Terranova	OMNI LEX	Channel	Q1 '24	EMEA	1	1	South Europe - French
	V0000254126	2024-01-01 00:00:00		COLLEGE DE LEVIS	New Subscription	MicroAge Quebec	MicroAge Quebec	454.52	TBD	TBD	CANADA	Vladimir Badrieh	454.52	Terranova	Microage	Channel	Q1 '24	NA	1	1
	V0000254127	2024-01-01 00:00:00		University of Lethbridge	New Subscription	MICROSERVE	MICROSERVE	0	TBD	TBD	CANADA	Vladimir Badrieh	0	Terranova	MICROSERVE	Channel	Q1 '24	NA	1	1
	V0000254127	2024-01-01 00:00:00		University of Lethbridge	New Subscription	MICROSERVE	MICROSERVE	0	TBD	TBD	CANADA	Vladimir Badrieh	0	Terranova	MICROSERVE	Channel	Q1 '24	NA	0	0
	V0000254127	2024-01-01 00:00:00		University of Lethbridge	New Subscription	MICROSERVE	MICROSERVE	14788.19	TBD	TBD	CANADA	Vladimir Badrieh	4929.3966666666665	Terranova	MICROSERVE	Channel	Q1 '24	NA	0	0
	V0000254128	2024-01-01 00:00:00		PEREGRINE GENERAL PEST CONTROL INC.	Base Subscription	Direct		-1563.09	TBD	TBD	UNITED KINGDOM	Mihaela Olariu	0	Terranova	Direct	Direct	Q1 '24	EMEA	1	0	UKI
	V0000254133	2024-01-01 00:00:00		Dans La Rue	New Subscription	OKIOK DATA LTÉE	OKIOK DATA LTÉE	1529.11	TBD	TBD	CANADA	Andrew Delacretaz	1529.11	Terranova	OKIOK DATA LTÉE	Channel	Q1 '24	NA	1	1
	V0000254147	2024-01-01 00:00:00		Sallie Mae Bank	New Subscription	Optiv Security	Optiv Security	35784	TBD	TBD	UNITED STATES	Logan MacAlister	17892	Terranova	Optiv	Channel	Q1 '24	NA	1	1
	V0000254147	2024-01-01 00:00:00		Sallie Mae Bank	Services	Optiv Security	Optiv Security	10500	TBD	TBD	UNITED STATES	Logan MacAlister	0	Terranova	Optiv	Channel	Q1 '24	NA	0	0
	V0000254170	2024-01-01 00:00:00		SOLUTIONS GA	New Subscription	Direct		16612.55	TBD	TBD	CANADA	Vladimir Badrieh	16612.55	Terranova	Direct	Direct	Q1 '24	NA	1	1
	V0000254188	2024-01-01 00:00:00		LINCOLN SAVINGS BANK	Base Subscription	Direct		-5850	TBD	TBD	CANADA	Suzanne De La Durantaye	0	Terranova	Direct	Direct	Q1 '24	NA	1	0
	V0000254190	2024-01-01 00:00:00		KROMBERG & SCHUBERT GMBH & CO. KG	New Subscription	Cisco Systems Inc.	Cisco Systems Inc.	41440	TBD	TBD	CANADA	Issen Appadoo	15540	Terranova	Cisco	Channel	Q1 '24	NA	1	1
	V0000254193	2024-01-01 00:00:00		CIRCUIT FORD	Base Subscription	ORANGE ÉVOLUTION	ORANGE ÉVOLUTION	891.98	TBD	TBD	UNITED KINGDOM	Mihaela Olariu	0	Terranova	ORANGE ÉVOLUTION	Channel	Q1 '24	EMEA	1	0	UKI
	V0000254202	2024-01-01 00:00:00		Hudson Valley Federal Credit Union	New Subscription	Direct		2040	TBD	TBD	UNITED STATES	Danielle Brown	2040	Terranova	Direct	Direct	Q1 '24	NA	1	1
	V0000254202	2024-01-01 00:00:00		Hudson Valley Federal Credit Union	Services	Direct		7075	TBD	TBD	UNITED STATES	Danielle Brown	0	Terranova	Direct	Direct	Q1 '24	NA	0	0
	V0000254207	2024-01-01 00:00:00		TRIBUNAL ADMINISTRATIF DU TRAVAIL	New Subscription	Direct		5663.37	TBD	TBD	CANADA	Andrew Delacretaz	5663.37	Terranova	Direct	Direct	Q1 '24	NA	1	1
	V0000254207	2024-01-01 00:00:00		TRIBUNAL ADMINISTRATIF DU TRAVAIL	New Subscription	Direct		0	TBD	TBD	CANADA	Andrew Delacretaz	0	Terranova	Direct	Direct	Q1 '24	NA	0	0
		2024-01-01 00:00:00		DAF Trucks N.V.	Renewal Maintenance	Direct		-2956.85	TBD	TBD	UNITED STATES	0	0	Cap Mgmt	Direct	Direct	Q1 '24	NA	1	0
		2024-01-01 00:00:00		DAF Trucks N.V.	Renewal Maintenance	Direct		2956.85	TBD	TBD	UNITED STATES	0	0	Cap Mgmt	Direct	Direct	Q1 '24	NA	0	0
		2024-01-01 00:00:00		DAF Trucks N.V.	Renewal Maintenance	Direct		-555.89	TBD	TBD	UNITED STATES	0	0	Cap Mgmt	Direct	Direct	Q1 '24	NA	0	0
		2024-01-01 00:00:00		DAF Trucks N.V.	Renewal Maintenance	Direct		555.89	TBD	TBD	UNITED STATES	0	0	Cap Mgmt	Direct	Direct	Q1 '24	NA	0	0
		2024-01-01 00:00:00		DAF Trucks N.V.	Renewal Maintenance	Direct		-6776.54	TBD	TBD	UNITED STATES	0	0	Cap Mgmt	Direct	Direct	Q1 '24	NA	0	0
		2024-01-01 00:00:00		DAF Trucks N.V.	Renewal Maintenance	Direct		6776.54	TBD	TBD	UNITED STATES	0	0	Cap Mgmt	Direct	Direct	Q1 '24	NA	0	0
		2024-01-01 00:00:00		DAF Trucks N.V.	Renewal Maintenance	Direct		-1148.55	TBD	TBD	UNITED STATES	0	0	Cap Mgmt	Direct	Direct	Q1 '24	NA	0	0
		2024-01-01 00:00:00		DAF Trucks N.V.	Renewal Maintenance	Direct		1148.55	TBD	TBD	UNITED STATES	0	0	Cap Mgmt	Direct	Direct	Q1 '24	NA	0	0
		2024-01-01 00:00:00		DAF Trucks N.V.	Renewal Maintenance	Direct		-95.73	TBD	TBD	UNITED STATES	0	0	Cap Mgmt	Direct	Direct	Q1 '24	NA	0	0
		2024-01-01 00:00:00		DAF Trucks N.V.	Renewal Maintenance	Direct		95.73	TBD	TBD	UNITED STATES	0	0	Cap Mgmt	Direct	Direct	Q1 '24	NA	0	0
	V0000243489	2024-01-01 00:00:00		TERNA RETE ITALIA SPA	Services	Var Engineering S.r.l.	Var Engineering S.r.l.	-689.36	TBD	TBD	UNITED STATES	Emma Campbell	0	Cap Mgmt	Var Engineering S.r.l.	Channel	Q1 '24	NA	1	0
	V0000246499	2024-01-01 00:00:00		PepsiCo Beverages North America	Renewal Maintenance	Direct		-17060	TBD	TBD	UNITED STATES	Debby Stelter	0	Cap Mgmt	Direct	Direct	Q1 '24	NA	1	0
	V0000247262	2024-01-01 00:00:00		Orange Belgium	Renewal Maintenance	Direct		-35622.82	TBD	TBD	UNITED STATES	Debby Stelter	0	Cap Mgmt	Direct	Direct	Q1 '24	NA	1	0
	V0000251517	2024-01-01 00:00:00		Five9, Inc.	Renewal Maintenance	Direct		0	TBD	TBD	UNITED STATES	Debby Stelter	0	Cap Mgmt	Direct	Direct	Q1 '24	NA	1	0
	V0000251517	2024-01-01 00:00:00		Five9, Inc.	Renewal Maintenance	Direct		24116.6	TBD	TBD	UNITED STATES	Debby Stelter	0	Cap Mgmt	Direct	Direct	Q1 '24	NA	0	0
	V0000251874	2024-01-01 00:00:00		CGI - Montreal	Renewal Maintenance	Direct		857	TBD	TBD	UNITED STATES	Debby Stelter	0	Cap Mgmt	Direct	Direct	Q1 '24	NA	1	0
	V0000251874	2024-01-01 00:00:00		CGI - Montreal	Renewal Maintenance	Direct		12103.9	TBD	TBD	UNITED STATES	Debby Stelter	0	Cap Mgmt	Direct	Direct	Q1 '24	NA	0	0
	V0000253035	2024-01-01 00:00:00		Federale Cost Association	Base Subscription	Unisys Corporation	Unisys Corporation	2877	TBD	TBD	UNITED STATES	Karo Brattrud	0	Cap Mgmt	Unisys Corporation	Channel	Q1 '24	NA	1	0
	V0000253035	2024-01-01 00:00:00		Federale Cost Association	Base Subscription	Unisys Corporation	Unisys Corporation	4051	TBD	TBD	UNITED STATES	Karo Brattrud	0	Cap Mgmt	Unisys Corporation	Channel	Q1 '24	NA	0	0
	V0000253035	2024-01-01 00:00:00		Federale Cost Association	Base Subscription	Unisys Corporation	Unisys Corporation	8512	TBD	TBD	UNITED STATES	Karo Brattrud	0	Cap Mgmt	Unisys Corporation	Channel	Q1 '24	NA	0	0
	V0000253035	2024-01-01 00:00:00		Federale Cost Association	Base Subscription	Unisys Corporation	Unisys Corporation	12744	TBD	TBD	UNITED STATES	Karo Brattrud	0	Cap Mgmt	Unisys Corporation	Channel	Q1 '24	NA	0	0
	V0000253035	2024-01-01 00:00:00		Federale Cost Association	Base Subscription	Unisys Corporation	Unisys Corporation	6598	TBD	TBD	UNITED STATES	Karo Brattrud	0	Cap Mgmt	Unisys Corporation	Channel	Q1 '24	NA	0	0
	V0000253035	2024-01-01 00:00:00		Federale Cost Association	Base Subscription	Unisys Corporation	Unisys Corporation	9768	TBD	TBD	UNITED STATES	Karo Brattrud	0	Cap Mgmt	Unisys Corporation	Channel	Q1 '24	NA	0	0
	V0000253035	2024-01-01 00:00:00		Federale Cost Association	Base Subscription	Unisys Corporation	Unisys Corporation	18313	TBD	TBD	UNITED STATES	Karo Brattrud	0	Cap Mgmt	Unisys Corporation	Channel	Q1 '24	NA	0	0
	V0000253035	2024-01-01 00:00:00		Federale Cost Association	Base Subscription	Unisys Corporation	Unisys Corporation	27132	TBD	TBD	UNITED STATES	Karo Brattrud	0	Cap Mgmt	Unisys Corporation	Channel	Q1 '24	NA	0	0
	V0000253239	2024-01-01 00:00:00		Agriculture and Fishery Information Sharing	Base Subscription	Unisys Corporation	Unisys Corporation	4308	TBD	TBD	UNITED STATES	Karo Brattrud	0	Cap Mgmt	Unisys Corporation	Channel	Q1 '24	NA	1	0
	V0000253239	2024-01-01 00:00:00		Agriculture and Fishery Information Sharing	Base Subscription	Unisys Corporation	Unisys Corporation	4308	TBD	TBD	UNITED STATES	Karo Brattrud	0	Cap Mgmt	Unisys Corporation	Channel	Q1 '24	NA	0	0
	V0000253239	2024-01-01 00:00:00		Agriculture and Fishery Information Sharing	Base Subscription	Unisys Corporation	Unisys Corporation	16128	TBD	TBD	UNITED STATES	Karo Brattrud	0	Cap Mgmt	Unisys Corporation	Channel	Q1 '24	NA	0	0
	V0000253239	2024-01-01 00:00:00		Agriculture and Fishery Information Sharing	Base Subscription	Unisys Corporation	Unisys Corporation	16128	TBD	TBD	UNITED STATES	Karo Brattrud	0	Cap Mgmt	Unisys Corporation	Channel	Q1 '24	NA	0	0
	V0000253421	2024-01-01 00:00:00		TERNA RETE ITALIA SPA	Services	Var Engineering S.r.l.	Var Engineering S.r.l.	629.76	TBD	TBD	UNITED STATES	Emma Campbell	0	Cap Mgmt	Var Engineering S.r.l.	Channel	Q1 '24	NA	1	0
	V0000254067	2024-01-01 00:00:00		Uni Systems S.M.S.A. (Nexi)	Base Subscription	Unisys Corporation	Unisys Corporation	5090.12	TBD	TBD	UNITED STATES	Karo Brattrud	0	Cap Mgmt	Unisys Corporation	Channel	Q1 '24	NA	1	0
	V0000254067	2024-01-01 00:00:00		Uni Systems S.M.S.A. (Nexi)	Base Subscription	Unisys Corporation	Unisys Corporation	5090.12	TBD	TBD	UNITED STATES	Karo Brattrud	0	Cap Mgmt	Unisys Corporation	Channel	Q1 '24	NA	0	0
	V0000254067	2024-01-01 00:00:00		Uni Systems S.M.S.A. (Nexi)	Base Subscription	Unisys Corporation	Unisys Corporation	12681.84	TBD	TBD	UNITED STATES	Karo Brattrud	0	Cap Mgmt	Unisys Corporation	Channel	Q1 '24	NA	0	0
	V0000254067	2024-01-01 00:00:00		Uni Systems S.M.S.A. (Nexi)	Base Subscription	Unisys Corporation	Unisys Corporation	62424.46	TBD	TBD	UNITED STATES	Karo Brattrud	0	Cap Mgmt	Unisys Corporation	Channel	Q1 '24	NA	0	0
	V0000254067	2024-01-01 00:00:00		Uni Systems S.M.S.A. (Nexi)	Base Subscription	Unisys Corporation	Unisys Corporation	937.04	TBD	TBD	UNITED STATES	Karo Brattrud	0	Cap Mgmt	Unisys Corporation	Channel	Q1 '24	NA	0	0
	V0000254067	2024-01-01 00:00:00		Uni Systems S.M.S.A. (Nexi)	Base Subscription	Unisys Corporation	Unisys Corporation	937.04	TBD	TBD	UNITED STATES	Karo Brattrud	0	Cap Mgmt	Unisys Corporation	Channel	Q1 '24	NA	0	0
	V0000254067	2024-01-01 00:00:00		Uni Systems S.M.S.A. (Nexi)	Base Subscription	Unisys Corporation	Unisys Corporation	2057.46	TBD	TBD	UNITED STATES	Karo Brattrud	0	Cap Mgmt	Unisys Corporation	Channel	Q1 '24	NA	0	0
	V0000254067	2024-01-01 00:00:00		Uni Systems S.M.S.A. (Nexi)	Base Subscription	Unisys Corporation	Unisys Corporation	9096.92	TBD	TBD	UNITED STATES	Karo Brattrud	0	Cap Mgmt	Unisys Corporation	Channel	Q1 '24	NA	0	0
	V0000254067	2024-01-01 00:00:00		Uni Systems S.M.S.A. (Nexi)	Base Subscription	Unisys Corporation	Unisys Corporation	1303.8	TBD	TBD	UNITED STATES	Karo Brattrud	0	Cap Mgmt	Unisys Corporation	Channel	Q1 '24	NA	0	0
	V0000254067	2024-01-01 00:00:00		Uni Systems S.M.S.A. (Nexi)	Base Subscription	Unisys Corporation	Unisys Corporation	1303.8	TBD	TBD	UNITED STATES	Karo Brattrud	0	Cap Mgmt	Unisys Corporation	Channel	Q1 '24	NA	0	0
	V0000254067	2024-01-01 00:00:00		Uni Systems S.M.S.A. (Nexi)	Base Subscription	Unisys Corporation	Unisys Corporation	2887.44	TBD	TBD	UNITED STATES	Karo Brattrud	0	Cap Mgmt	Unisys Corporation	Channel	Q1 '24	NA	0	0
	V0000254067	2024-01-01 00:00:00		Uni Systems S.M.S.A. (Nexi)	Base Subscription	Unisys Corporation	Unisys Corporation	12922.46	TBD	TBD	UNITED STATES	Karo Brattrud	0	Cap Mgmt	Unisys Corporation	Channel	Q1 '24	NA	0	0
	V0000254067	2024-01-01 00:00:00		Uni Systems S.M.S.A. (Nexi)	Base Subscription	Unisys Corporation	Unisys Corporation	3403.66	TBD	TBD	UNITED STATES	Karo Brattrud	0	Cap Mgmt	Unisys Corporation	Channel	Q1 '24	NA	0	0
	V0000254067	2024-01-01 00:00:00		Uni Systems S.M.S.A. (Nexi)	Base Subscription	Unisys Corporation	Unisys Corporation	3403.66	TBD	TBD	UNITED STATES	Karo Brattrud	0	Cap Mgmt	Unisys Corporation	Channel	Q1 '24	NA	0	0
	V0000254067	2024-01-01 00:00:00		Uni Systems S.M.S.A. (Nexi)	Base Subscription	Unisys Corporation	Unisys Corporation	9022.72	TBD	TBD	UNITED STATES	Karo Brattrud	0	Cap Mgmt	Unisys Corporation	Channel	Q1 '24	NA	0	0
	V0000254067	2024-01-01 00:00:00		Uni Systems S.M.S.A. (Nexi)	Base Subscription	Unisys Corporation	Unisys Corporation	46818.08	TBD	TBD	UNITED STATES	Karo Brattrud	0	Cap Mgmt	Unisys Corporation	Channel	Q1 '24	NA	0	0
	V0000254067	2024-01-01 00:00:00		Uni Systems S.M.S.A. (Nexi)	Base Subscription	Unisys Corporation	Unisys Corporation	2785.68	TBD	TBD	UNITED STATES	Karo Brattrud	0	Cap Mgmt	Unisys Corporation	Channel	Q1 '24	NA	0	0
	V0000254067	2024-01-01 00:00:00		Uni Systems S.M.S.A. (Nexi)	Base Subscription	Unisys Corporation	Unisys Corporation	2785.68	TBD	TBD	UNITED STATES	Karo Brattrud	0	Cap Mgmt	Unisys Corporation	Channel	Q1 '24	NA	0	0
	V0000254067	2024-01-01 00:00:00		Uni Systems S.M.S.A. (Nexi)	Base Subscription	Unisys Corporation	Unisys Corporation	6993.88	TBD	TBD	UNITED STATES	Karo Brattrud	0	Cap Mgmt	Unisys Corporation	Channel	Q1 '24	NA	0	0
	V0000254067	2024-01-01 00:00:00		Uni Systems S.M.S.A. (Nexi)	Base Subscription	Unisys Corporation	Unisys Corporation	34333.4	TBD	TBD	UNITED STATES	Karo Brattrud	0	Cap Mgmt	Unisys Corporation	Channel	Q1 '24	NA	0	0
	V0000254067	2024-01-01 00:00:00		Uni Systems S.M.S.A. (Nexi)	Base Subscription	Unisys Corporation	Unisys Corporation	8884.92	TBD	TBD	UNITED STATES	Karo Brattrud	0	Cap Mgmt	Unisys Corporation	Channel	Q1 '24	NA	0	0
	V0000254067	2024-01-01 00:00:00		Uni Systems S.M.S.A. (Nexi)	Base Subscription	Unisys Corporation	Unisys Corporation	8884.92	TBD	TBD	UNITED STATES	Karo Brattrud	0	Cap Mgmt	Unisys Corporation	Channel	Q1 '24	NA	0	0
	V0000254067	2024-01-01 00:00:00		Uni Systems S.M.S.A. (Nexi)	Base Subscription	Unisys Corporation	Unisys Corporation	19411.78	TBD	TBD	UNITED STATES	Karo Brattrud	0	Cap Mgmt	Unisys Corporation	Channel	Q1 '24	NA	0	0
	V0000254067	2024-01-01 00:00:00		Uni Systems S.M.S.A. (Nexi)	Base Subscription	Unisys Corporation	Unisys Corporation	86145.14	TBD	TBD	UNITED STATES	Karo Brattrud	0	Cap Mgmt	Unisys Corporation	Channel	Q1 '24	NA	0	0
		2024-01-01 00:00:00		BANCO PATAGONIA S.A.	Base Subscription	Direct		-3000	TBD	TBD	UNITED STATES	0	0	ASM	Direct	Direct	Q1 '24	NA	1	0
		2024-01-01 00:00:00		BANCO PATAGONIA S.A.	Base Subscription	Direct		3000	TBD	TBD	UNITED STATES	0	0	ASM	Direct	Direct	Q1 '24	NA	0	0
	V0000251450	2024-01-01 00:00:00		Interdin SA	Renewal Maintenance	Kyndryl Ecuador S.A.	Kyndryl Ecuador S.A.	-50051.95	TBD	TBD	ARGENTINA	Marcelo Biagi	0	ASM	Kyndryl Ecuador S.A.	Channel	Q1 '24	LATAM	1	0
	V0000251450	2024-01-01 00:00:00		Interdin SA	Renewal Maintenance	Kyndryl Ecuador S.A.	Kyndryl Ecuador S.A.	0	TBD	TBD	ARGENTINA	Marcelo Biagi	0	ASM	Kyndryl Ecuador S.A.	Channel	Q1 '24	LATAM	0	0
	V0000251450	2024-01-01 00:00:00		Interdin SA	Renewal Maintenance	Kyndryl Ecuador S.A.	Kyndryl Ecuador S.A.	-3113.37	TBD	TBD	ARGENTINA	Marcelo Biagi	0	ASM	Kyndryl Ecuador S.A.	Channel	Q1 '24	LATAM	0	0
	V0000251450	2024-01-01 00:00:00		Interdin SA	Renewal Maintenance	Kyndryl Ecuador S.A.	Kyndryl Ecuador S.A.	0	TBD	TBD	ARGENTINA	Marcelo Biagi	0	ASM	Kyndryl Ecuador S.A.	Channel	Q1 '24	LATAM	0	0
	V0000251450	2024-01-01 00:00:00		Interdin SA	Renewal Maintenance	Kyndryl Ecuador S.A.	Kyndryl Ecuador S.A.	0	TBD	TBD	ARGENTINA	Marcelo Biagi	0	ASM	Kyndryl Ecuador S.A.	Channel	Q1 '24	LATAM	0	0
	V0000251450	2024-01-01 00:00:00		Interdin SA	Renewal Maintenance	Kyndryl Ecuador S.A.	Kyndryl Ecuador S.A.	0	TBD	TBD	ARGENTINA	Marcelo Biagi	0	ASM	Kyndryl Ecuador S.A.	Channel	Q1 '24	LATAM	0	0
	V0000251450	2024-01-01 00:00:00		Interdin SA	Renewal Maintenance	Kyndryl Ecuador S.A.	Kyndryl Ecuador S.A.	-888.3	TBD	TBD	ARGENTINA	Marcelo Biagi	0	ASM	Kyndryl Ecuador S.A.	Channel	Q1 '24	LATAM	0	0
	V0000252783	2024-01-01 00:00:00		ZURICH INSURANCE PLC, Sucursal en España	Renewal Maintenance	Direct		0	TBD	TBD	SPAIN	Nuria Jimenez	0	ASM	Direct	Direct	Q1 '24	EMEA	1	0	South Europe - Spanish
	V0000252783	2024-01-01 00:00:00		ZURICH INSURANCE PLC, Sucursal en España	Renewal Maintenance	Direct		0	TBD	TBD	SPAIN	Nuria Jimenez	0	ASM	Direct	Direct	Q1 '24	EMEA	0	0	South Europe - Spanish
	V0000252783	2024-01-01 00:00:00		ZURICH INSURANCE PLC, Sucursal en España	Renewal Maintenance	Direct		8384.15	TBD	TBD	SPAIN	Nuria Jimenez	0	ASM	Direct	Direct	Q1 '24	EMEA	0	0	South Europe - Spanish
	V0000252783	2024-01-01 00:00:00		ZURICH INSURANCE PLC, Sucursal en España	Renewal Maintenance	Direct		8384.15	TBD	TBD	SPAIN	Nuria Jimenez	0	ASM	Direct	Direct	Q1 '24	EMEA	0	0	South Europe - Spanish
	V0000252783	2024-01-01 00:00:00		ZURICH INSURANCE PLC, Sucursal en España	Renewal Maintenance	Direct		9697.89	TBD	TBD	SPAIN	Nuria Jimenez	0	ASM	Direct	Direct	Q1 '24	EMEA	0	0	South Europe - Spanish
	V0000252783	2024-01-01 00:00:00		ZURICH INSURANCE PLC, Sucursal en España	Renewal Maintenance	Direct		2327.14	TBD	TBD	SPAIN	Nuria Jimenez	0	ASM	Direct	Direct	Q1 '24	EMEA	0	0	South Europe - Spanish
	V0000252785	2024-01-01 00:00:00		LEASINT S.p.A.	Renewal Maintenance	SMEUP ICS S.R.L.	SMEUP ICS S.R.L.	877.44	TBD	TBD	SPAIN	Nuria Jimenez	0	ASM	SMEUP ICS S.R.L.	Channel	Q1 '24	EMEA	1	0	South Europe - Spanish
	V0000252785	2024-01-01 00:00:00		LEASINT S.p.A.	Renewal Maintenance	SMEUP ICS S.R.L.	SMEUP ICS S.R.L.	1893.43	TBD	TBD	SPAIN	Nuria Jimenez	0	ASM	SMEUP ICS S.R.L.	Channel	Q1 '24	EMEA	0	0	South Europe - Spanish
	V0000252786	2024-01-01 00:00:00		INTESA SAN PAOLO	Renewal Maintenance	SMEUP ICS S.R.L.	SMEUP ICS S.R.L.	0	TBD	TBD	SPAIN	Nuria Jimenez	0	ASM	SMEUP ICS S.R.L.	Channel	Q1 '24	EMEA	1	0	South Europe - Spanish
	V0000252786	2024-01-01 00:00:00		INTESA SAN PAOLO	Renewal Maintenance	SMEUP ICS S.R.L.	SMEUP ICS S.R.L.	617.82	TBD	TBD	SPAIN	Nuria Jimenez	0	ASM	SMEUP ICS S.R.L.	Channel	Q1 '24	EMEA	0	0	South Europe - Spanish
	V0000252786	2024-01-01 00:00:00		INTESA SAN PAOLO	Renewal Maintenance	SMEUP ICS S.R.L.	SMEUP ICS S.R.L.	762.79	TBD	TBD	SPAIN	Nuria Jimenez	0	ASM	SMEUP ICS S.R.L.	Channel	Q1 '24	EMEA	0	0	South Europe - Spanish
	V0000252786	2024-01-01 00:00:00		INTESA SAN PAOLO	Renewal Maintenance	SMEUP ICS S.R.L.	SMEUP ICS S.R.L.	977.23	TBD	TBD	SPAIN	Nuria Jimenez	0	ASM	SMEUP ICS S.R.L.	Channel	Q1 '24	EMEA	0	0	South Europe - Spanish
	V0000252786	2024-01-01 00:00:00		INTESA SAN PAOLO	Renewal Maintenance	SMEUP ICS S.R.L.	SMEUP ICS S.R.L.	1144.2	TBD	TBD	SPAIN	Nuria Jimenez	0	ASM	SMEUP ICS S.R.L.	Channel	Q1 '24	EMEA	0	0	South Europe - Spanish
	V0000252786	2024-01-01 00:00:00		INTESA SAN PAOLO	Renewal Maintenance	SMEUP ICS S.R.L.	SMEUP ICS S.R.L.	1487.04	TBD	TBD	SPAIN	Nuria Jimenez	0	ASM	SMEUP ICS S.R.L.	Channel	Q1 '24	EMEA	0	0	South Europe - Spanish
	V0000252786	2024-01-01 00:00:00		INTESA SAN PAOLO	Renewal Maintenance	SMEUP ICS S.R.L.	SMEUP ICS S.R.L.	1895.8	TBD	TBD	SPAIN	Nuria Jimenez	0	ASM	SMEUP ICS S.R.L.	Channel	Q1 '24	EMEA	0	0	South Europe - Spanish
	V0000252786	2024-01-01 00:00:00		INTESA SAN PAOLO	Renewal Maintenance	SMEUP ICS S.R.L.	SMEUP ICS S.R.L.	3641.07	TBD	TBD	SPAIN	Nuria Jimenez	0	ASM	SMEUP ICS S.R.L.	Channel	Q1 '24	EMEA	0	0	South Europe - Spanish
	V0000252786	2024-01-01 00:00:00		INTESA SAN PAOLO	Renewal Maintenance	SMEUP ICS S.R.L.	SMEUP ICS S.R.L.	0	TBD	TBD	SPAIN	Nuria Jimenez	0	ASM	SMEUP ICS S.R.L.	Channel	Q1 '24	EMEA	0	0	South Europe - Spanish
	V0000252786	2024-01-01 00:00:00		INTESA SAN PAOLO	Renewal Maintenance	SMEUP ICS S.R.L.	SMEUP ICS S.R.L.	0	TBD	TBD	SPAIN	Nuria Jimenez	0	ASM	SMEUP ICS S.R.L.	Channel	Q1 '24	EMEA	0	0	South Europe - Spanish
	V0000252786	2024-01-01 00:00:00		INTESA SAN PAOLO	Renewal Maintenance	SMEUP ICS S.R.L.	SMEUP ICS S.R.L.	0	TBD	TBD	SPAIN	Nuria Jimenez	0	ASM	SMEUP ICS S.R.L.	Channel	Q1 '24	EMEA	0	0	South Europe - Spanish
	V0000252786	2024-01-01 00:00:00		INTESA SAN PAOLO	Renewal Maintenance	SMEUP ICS S.R.L.	SMEUP ICS S.R.L.	0	TBD	TBD	SPAIN	Nuria Jimenez	0	ASM	SMEUP ICS S.R.L.	Channel	Q1 '24	EMEA	0	0	South Europe - Spanish
	V0000252786	2024-01-01 00:00:00		INTESA SAN PAOLO	Renewal Maintenance	SMEUP ICS S.R.L.	SMEUP ICS S.R.L.	0	TBD	TBD	SPAIN	Nuria Jimenez	0	ASM	SMEUP ICS S.R.L.	Channel	Q1 '24	EMEA	0	0	South Europe - Spanish
	V0000252786	2024-01-01 00:00:00		INTESA SAN PAOLO	Renewal Maintenance	SMEUP ICS S.R.L.	SMEUP ICS S.R.L.	0	TBD	TBD	SPAIN	Nuria Jimenez	0	ASM	SMEUP ICS S.R.L.	Channel	Q1 '24	EMEA	0	0	South Europe - Spanish
	V0000252786	2024-01-01 00:00:00		INTESA SAN PAOLO	Renewal Maintenance	SMEUP ICS S.R.L.	SMEUP ICS S.R.L.	0	TBD	TBD	SPAIN	Nuria Jimenez	0	ASM	SMEUP ICS S.R.L.	Channel	Q1 '24	EMEA	0	0	South Europe - Spanish
	V0000252786	2024-01-01 00:00:00		INTESA SAN PAOLO	Renewal Maintenance	SMEUP ICS S.R.L.	SMEUP ICS S.R.L.	0	TBD	TBD	SPAIN	Nuria Jimenez	0	ASM	SMEUP ICS S.R.L.	Channel	Q1 '24	EMEA	0	0	South Europe - Spanish
	V0000252786	2024-01-01 00:00:00		INTESA SAN PAOLO	Renewal Maintenance	SMEUP ICS S.R.L.	SMEUP ICS S.R.L.	0	TBD	TBD	SPAIN	Nuria Jimenez	0	ASM	SMEUP ICS S.R.L.	Channel	Q1 '24	EMEA	0	0	South Europe - Spanish
	V0000252786	2024-01-01 00:00:00		INTESA SAN PAOLO	Renewal Maintenance	SMEUP ICS S.R.L.	SMEUP ICS S.R.L.	0	TBD	TBD	SPAIN	Nuria Jimenez	0	ASM	SMEUP ICS S.R.L.	Channel	Q1 '24	EMEA	0	0	South Europe - Spanish
	V0000252786	2024-01-01 00:00:00		INTESA SAN PAOLO	Renewal Maintenance	SMEUP ICS S.R.L.	SMEUP ICS S.R.L.	0	TBD	TBD	SPAIN	Nuria Jimenez	0	ASM	SMEUP ICS S.R.L.	Channel	Q1 '24	EMEA	0	0	South Europe - Spanish
	V0000252786	2024-01-01 00:00:00		INTESA SAN PAOLO	Renewal Maintenance	SMEUP ICS S.R.L.	SMEUP ICS S.R.L.	0	TBD	TBD	SPAIN	Nuria Jimenez	0	ASM	SMEUP ICS S.R.L.	Channel	Q1 '24	EMEA	0	0	South Europe - Spanish
	V0000252786	2024-01-01 00:00:00		INTESA SAN PAOLO	Renewal Maintenance	SMEUP ICS S.R.L.	SMEUP ICS S.R.L.	0	TBD	TBD	SPAIN	Nuria Jimenez	0	ASM	SMEUP ICS S.R.L.	Channel	Q1 '24	EMEA	0	0	South Europe - Spanish
	V0000252786	2024-01-01 00:00:00		INTESA SAN PAOLO	Renewal Maintenance	SMEUP ICS S.R.L.	SMEUP ICS S.R.L.	0	TBD	TBD	SPAIN	Nuria Jimenez	0	ASM	SMEUP ICS S.R.L.	Channel	Q1 '24	EMEA	0	0	South Europe - Spanish
	V0000252786	2024-01-01 00:00:00		INTESA SAN PAOLO	Renewal Maintenance	SMEUP ICS S.R.L.	SMEUP ICS S.R.L.	0	TBD	TBD	SPAIN	Nuria Jimenez	0	ASM	SMEUP ICS S.R.L.	Channel	Q1 '24	EMEA	0	0	South Europe - Spanish
	V0000252786	2024-01-01 00:00:00		INTESA SAN PAOLO	Renewal Maintenance	SMEUP ICS S.R.L.	SMEUP ICS S.R.L.	0	TBD	TBD	SPAIN	Nuria Jimenez	0	ASM	SMEUP ICS S.R.L.	Channel	Q1 '24	EMEA	0	0	South Europe - Spanish
	V0000252786	2024-01-01 00:00:00		INTESA SAN PAOLO	Renewal Maintenance	SMEUP ICS S.R.L.	SMEUP ICS S.R.L.	0	TBD	TBD	SPAIN	Nuria Jimenez	0	ASM	SMEUP ICS S.R.L.	Channel	Q1 '24	EMEA	0	0	South Europe - Spanish
	V0000252786	2024-01-01 00:00:00		INTESA SAN PAOLO	Renewal Maintenance	SMEUP ICS S.R.L.	SMEUP ICS S.R.L.	0	TBD	TBD	SPAIN	Nuria Jimenez	0	ASM	SMEUP ICS S.R.L.	Channel	Q1 '24	EMEA	0	0	South Europe - Spanish
	V0000252786	2024-01-01 00:00:00		INTESA SAN PAOLO	Renewal Maintenance	SMEUP ICS S.R.L.	SMEUP ICS S.R.L.	0	TBD	TBD	SPAIN	Nuria Jimenez	0	ASM	SMEUP ICS S.R.L.	Channel	Q1 '24	EMEA	0	0	South Europe - Spanish
	V0000252786	2024-01-01 00:00:00		INTESA SAN PAOLO	Renewal Maintenance	SMEUP ICS S.R.L.	SMEUP ICS S.R.L.	3779.55	TBD	TBD	SPAIN	Nuria Jimenez	0	ASM	SMEUP ICS S.R.L.	Channel	Q1 '24	EMEA	0	0	South Europe - Spanish
	V0000252786	2024-01-01 00:00:00		INTESA SAN PAOLO	Renewal Maintenance	SMEUP ICS S.R.L.	SMEUP ICS S.R.L.	0	TBD	TBD	SPAIN	Nuria Jimenez	0	ASM	SMEUP ICS S.R.L.	Channel	Q1 '24	EMEA	0	0	South Europe - Spanish
	V0000252786	2024-01-01 00:00:00		INTESA SAN PAOLO	Renewal Maintenance	SMEUP ICS S.R.L.	SMEUP ICS S.R.L.	0	TBD	TBD	SPAIN	Nuria Jimenez	0	ASM	SMEUP ICS S.R.L.	Channel	Q1 '24	EMEA	0	0	South Europe - Spanish
	V0000252786	2024-01-01 00:00:00		INTESA SAN PAOLO	Renewal Maintenance	SMEUP ICS S.R.L.	SMEUP ICS S.R.L.	0	TBD	TBD	SPAIN	Nuria Jimenez	0	ASM	SMEUP ICS S.R.L.	Channel	Q1 '24	EMEA	0	0	South Europe - Spanish
	V0000252786	2024-01-01 00:00:00		INTESA SAN PAOLO	Renewal Maintenance	SMEUP ICS S.R.L.	SMEUP ICS S.R.L.	0	TBD	TBD	SPAIN	Nuria Jimenez	0	ASM	SMEUP ICS S.R.L.	Channel	Q1 '24	EMEA	0	0	South Europe - Spanish
	V0000252786	2024-01-01 00:00:00		INTESA SAN PAOLO	Renewal Maintenance	SMEUP ICS S.R.L.	SMEUP ICS S.R.L.	0	TBD	TBD	SPAIN	Nuria Jimenez	0	ASM	SMEUP ICS S.R.L.	Channel	Q1 '24	EMEA	0	0	South Europe - Spanish
	V0000252786	2024-01-01 00:00:00		INTESA SAN PAOLO	Renewal Maintenance	SMEUP ICS S.R.L.	SMEUP ICS S.R.L.	7559.12	TBD	TBD	SPAIN	Nuria Jimenez	0	ASM	SMEUP ICS S.R.L.	Channel	Q1 '24	EMEA	0	0	South Europe - Spanish
	V0000252786	2024-01-01 00:00:00		INTESA SAN PAOLO	Renewal Maintenance	SMEUP ICS S.R.L.	SMEUP ICS S.R.L.	0	TBD	TBD	SPAIN	Nuria Jimenez	0	ASM	SMEUP ICS S.R.L.	Channel	Q1 '24	EMEA	0	0	South Europe - Spanish
	V0000252786	2024-01-01 00:00:00		INTESA SAN PAOLO	Renewal Maintenance	SMEUP ICS S.R.L.	SMEUP ICS S.R.L.	7559.12	TBD	TBD	SPAIN	Nuria Jimenez	0	ASM	SMEUP ICS S.R.L.	Channel	Q1 '24	EMEA	0	0	South Europe - Spanish
	V0000252786	2024-01-01 00:00:00		INTESA SAN PAOLO	Renewal Maintenance	SMEUP ICS S.R.L.	SMEUP ICS S.R.L.	0	TBD	TBD	SPAIN	Nuria Jimenez	0	ASM	SMEUP ICS S.R.L.	Channel	Q1 '24	EMEA	0	0	South Europe - Spanish
	V0000252786	2024-01-01 00:00:00		INTESA SAN PAOLO	Renewal Maintenance	SMEUP ICS S.R.L.	SMEUP ICS S.R.L.	0	TBD	TBD	SPAIN	Nuria Jimenez	0	ASM	SMEUP ICS S.R.L.	Channel	Q1 '24	EMEA	0	0	South Europe - Spanish
	V0000252786	2024-01-01 00:00:00		INTESA SAN PAOLO	Renewal Maintenance	SMEUP ICS S.R.L.	SMEUP ICS S.R.L.	0	TBD	TBD	SPAIN	Nuria Jimenez	0	ASM	SMEUP ICS S.R.L.	Channel	Q1 '24	EMEA	0	0	South Europe - Spanish
	V0000252786	2024-01-01 00:00:00		INTESA SAN PAOLO	Renewal Maintenance	SMEUP ICS S.R.L.	SMEUP ICS S.R.L.	0	TBD	TBD	SPAIN	Nuria Jimenez	0	ASM	SMEUP ICS S.R.L.	Channel	Q1 '24	EMEA	0	0	South Europe - Spanish
	V0000252786	2024-01-01 00:00:00		INTESA SAN PAOLO	Renewal Maintenance	SMEUP ICS S.R.L.	SMEUP ICS S.R.L.	0	TBD	TBD	SPAIN	Nuria Jimenez	0	ASM	SMEUP ICS S.R.L.	Channel	Q1 '24	EMEA	0	0	South Europe - Spanish
... [truncated at 400 non-empty rows; sheet has 506036 rows]

===== SHEET: Control (43r x 10c) =====
	Month		Cancellation Discount Reason Text		Product	Group (in Master Billings)	Brand	2022 Solution Group	2023 Solution Group
	2025-04-01 00:00:00		Downgrade		Digital Defense	DDI	Digital Defense	Vulnerability Management	Vulnerability Management
			MFF Cancellation		Beyond Security	BSEC	Beyond Security	Vulnerability Management	Vulnerability Management
			Canceled		Globalscape	Globalscape	Globalscape	Secure File Transfer	Core
			Bankruptcy/Economic		Linoma	MFT	MFT	Secure File Transfer	Secure File Transfer
			Renewal Cancellation		Cobalt Strike	Cobalt Strike	Cobalt Strike	Offensive Security	Offensive Security
					Core CTS	Core CTS	Core CTS	Offensive Security	Offensive Security
					Alert Logic	Alert Logic	Alert Logic	Managed Services	Managed Services
					Tripwire	Tripwire	Tripwire	File Integrity Management	Core
					Agari	Agari	Agari	Email Security	Digital Risk and Email Protection
					CTP	CTP	CTP	Email Security	Digital Risk and Email Protection
					Phishlabs	Phishlabs	Phishlabs	Digital Risk Protection	Digital Risk and Email Protection
					Boldon James	Data Classification	Data Classification	Data Protection	Data Protection
					Titus	Data Classification	Data Classification	Data Protection	Data Protection
					Vera	Vera	Vera	Data Protection	Data Protection
					Digital Guardian	Digital Guardian	Digital Guardian	Data Protection	Data Protection
					HelpSystems Security Services	Cybersecurity	Cybersecurity	Core	Core
					PowerTech	Cybersecurity	Cybersecurity	Core	Core
					Safestone	Cybersecurity	Cybersecurity	Core	Core
					RJS	Doc Mgmt	Doc Mgmt	Core	Core
					CCSS	SM	SM	Core	Core
					Bytware	SM	SM	Core	Core
					Halcyon	SM	SM	Core	Core
					Robot	SM	SM	Core	Core
					Tango04	ASM	ASM	Core	Core
					SEQUEL	BI	BI	Core	Core
					Showcase	BI	BI	Core	Core
					Core IGA	Core IGA	Core IGA	Core	Core
					FoxT	BoKS	BoKS	Core	Core
					TeamQuest	Cap Mgmt	Cap Mgmt	Core	Core
					PowerTechX	PowertechX	PowertechX	Core	Core
					InterMapper	Network Monitoring	Network Monitoring	Core	Core
					IPP	IPP	IPP	Core	Core
					Fortra Security Services	Cybersecurity	Cybersecurity	Core	Core
					AutoMate	RPA	RPA	Automation	Automation
					JAMS	WLA	WLA	Automation	Automation
					Skybot	WLA	WLA	Automation	Automation
					File Catalyst	File Catalyst	File Catalyst	Secure File Transfer	Secure File Transfer
					Terranova	Terranova	Terranova	Security Awareness Training	Security Awareness Training
					Outflank	Outflank	Outflank	Secure File Transfer	Secure File Transfer
					Alert Logic - MDR	Alert Logic - MDR	Alert Logic - MDR	Managed Services	Managed Services
					Alert Logic - Legacy	Alert Logic - Legacy	Alert Logic - Legacy	Managed Services	Managed Services

===== SHEET: Partner List (4515r x 9c) =====
				Search:
	Original Channel Partner	Revised Channel Partner		SEFISA	2			Partner Exclusions
		Direct		0				CENTRAL ELECTRIC POWER COOPERATIVE
	(blank)	Direct		0				Blue Yonder, Inc.
	Direct	Direct		0				Huber & Associates
	0	Direct		0				Kudelski Security
	None	Direct		0				HCL AMERICA
	#N/A	Direct		0				Max Technogies
	1 Path	1 Path		0				Bytes Software Services Ltd
	24 Apps Oy	24 Apps Oy		0				Resonant Technology Partners
	3S Soft Company, Ltd.	3S Soft Company, Ltd.		0				NetGain Technologies, LLC
	5 Nines Data LLC	5 Nines Data LLC		0				AdvancedBITS
	802 Networks bvba	802 Networks bvba		0				CipherTechs
	A & T Systems Inc.	A & T Systems Inc.		0				GovSmart, Inc.
	A&T Systems INC	A & T Systems Inc.		0				Fenwick & West
	A. Baggenstos & Co. AG -IT Services and Solutions	A. Baggenstos & Co. AG -IT Services and Solutions		0				DLT Solutions, LLC.
	Abacus Solutions, LLC	Abacus Solutions, LLC		0				Beijing Xinheng Zhongda Technology
	Abbakan France	Abbakan France		0				ACT
	Able-One Systems Inc	Able-One Systems Inc		0				Network Intelligence India Pvt Ltd
	Absolute Performance	Absolute Performance		0				Kyndryl
	ACA Pacific Technology (M)	ACA Pacific Technology (M)		0				NTT Data
	Accenture	Accenture		0				Converge Technology Solutions
	Accenture - Australia	Accenture		0				Fishtech Group
	Accenture Australia Pty Ltd	Accenture		0				HCL Technologies Limited
	Access Path Software Solutions Inc	Access Path Software Solutions Inc		0				Datagroup Stuttgart GmbH
	AccessAgility LLC	AccessAgility LLC		0				Sagitec Solutions
	AccessAgility, LLC	AccessAgility LLC		0				Ocean Computer Group, Inc.
	Acclivis	Acclivis		0				DELL
	Accolm	Accolm		0				Fujitsu
	Acelium Inc.	Acelium Inc.		0				SITE
	ACMI	ACMI		0				KPMG
	ACP IT Solutions GmbH	ACP IT Solutions GmbH		0				Beach Point Capital
	Acronym IT Pty Ltd	Acronym IT - Australia		0				iVision-Customers
	AcronymIT	Acronym IT - US		0				KPN Internedservices
	Acsis Technologies Pty Ltd	Acsis Technologies Pty Ltd		0				Idor Group
	ActioNet, Inc.	ActioNet, Inc.		0				ASSERTIVA
	Active Logistics AG	Active Logistics AG		0				Innovative Solutions
	Adacom S.A.	Adacom S.A.		0				NTT Security
	ADD Systems	ADD Systems		0				STC Solutions
	Adexsus S.A.	Adexsus S.A.		0				Evolve
	AdmTools	AdmTools		0				INFINIGATE
	Advanced Network Systems, Inc.	Advanced Network Systems, Inc.		0				Reliable IT
	Advanced Systems Group LLC	Advanced Systems Group LLC		0				Sirius Solutions
	Advanced Technical Solutions	Advanced Technical Solutions		0				QBS Software - BNP Paribas
	Advania Norge AS	Advania Norge AS		0				Westcon
	Advens	Advens		0				RNS Technologies
	Affinity Technology Solutions Inc	Affinity Technology Solutions Inc		0				EGYDE
	Afrika Tec	Afrika Tec		0				Concensus Technologies
	AGC Automotive America	AGC Automotive America		0				EASI - Belgium
	AGENIUM Informatique & Systèmes	AGENIUM Informatique & Systèmes		0				Logicworks Systems Corporation
	Agesys	Agesys		0				ECAPS COMPUTERS
	Agile Technology Architects	Agile Technology Architects		0				M-Security Technology
	AgVantage Software, Inc	AgVantage Software, Inc		0				SoftwareONE
	AHA Computer Co. Ltd	AHA Computer Co. Ltd		0				Bell
	AHA COMPUTER CO., LTD.	AHA Computer Co. Ltd		0				DEEPCYBER
	AI Corporation	AI Corporation		0				FORMIND
	AIS International Inc.	AIS International Inc.		0				LSC
	AITEK SERVICES PTE. LTD.	AITEK SERVICES PTE. LTD.		0				MicroAge
	AKC - Alexander Kreuch Consulting	AKC - Alexander Kreuch Consulting		0				PC Connection
	Alarmspro, Inc.	Alarmspro, Inc.		0				SISAP: Sistemas Aplicativos
	ALEDIT PROFESSIONAL SERVICES	ALEDIT PROFESSIONAL SERVICES		0				Gestion Informatique SRPG - AGENT
	Alert Security AB	Alert Security AB		0				Real security
	Alicornio Africa (Pty) Ltd	Alicornio Africa (Pty) Ltd		0				Pomerol Groupe Conseil
	Alinto	Alinto		0				NTT
	Aliran Digital Sdn Bhd	Aliran Digital Sdn Bhd		0				Westcon Mexico
	All Covered, Inc.	All Covered, Inc.		0				ASM Technologies Ltd
	AL-Networks GmbH	AL-Networks GmbH		0				SecureSoft
	Alston Investment Inc. (Bouclair)	Alston Investment Inc. (Bouclair)		0				Software ONE
	AltaLink LP	AltaLink LP		0				M.TECH SOLUTIONS
	Alus It Security Corp	Alus It Security Corp		0				Toshiba
	ALUS Outsourcing Servico Ltda - EPP	ALUS Outsourcing Servico Ltda - EPP		0				Hyundai AutoEver
	Amazing (HK) Trading Ltd	Amazing (HK) Trading Ltd		0				DND-DIMEI (this is a government defense branch)
	American First Finance	American First Finance		0				Hasbro
	American Top Tools	American Top Tools		0				P.O. BOX 196300 5601 ELECTRON DRIVE
	AMEWAS	AMEWAS		0				P.O. Box 252
	AmiViz	AmiViz		0				Plot No S30902, Jebel Ali Free Zone, P O Box 17266
	AmiViz DMCC	AmiViz		0				PO Box 14222
	Amnesium Pty Ltd	Amnesium Pty Ltd		0				PO BOX 14750
	Ampion	Ampion		0				PO BOX 148
	AMSi Networks	AMSi Networks		0				PO BOX 1663
	Amsi Tecnologia Ltda.	Amsi Tecnologia Ltda.		0				PO BOX 1728
	Analyse & Design Computer Consulting GmbH	Analyse & Design Computer Consulting GmbH		0				PO BOX 21076
	ANDORSOFT	ANDORSOFT		0				PO BOX 269
	Andrew Walker	Andrew Walker		0				PO BOX 408
	ANSecurity	ANSecurity		0				PO BOX 4202
	anykey IT AG	anykey IT AG		0				PO BOX 430
	AnyKey Technologies	AnyKey Technologies		0				PO BOX 54970
	AnySoft.pl Rejestracja Oprogramowania	AnySoft.pl Rejestracja Oprogramowania		0				PO BOX 696002
	Apex Solutions Limited	Apex Solutions Limited		0				PO BOX 754
	apia systemhaus gmbh	apia systemhaus gmbh		0				PO BOX 9276
	APICIL TRANSVERSE	APICIL TRANSVERSE		0				Saks & Company LLC
	Applitec Optimizing, S.L	Applitec Optimizing, S.L		0				SUITE 309/ 50 HOLT STREET
	Aqaio GmbH	Aqaio GmbH		0				Suite# 498 Rosebank Centre 11 Bermudiana road
	Aquanta Ingeniería Computación SPA	Aquanta Ingeniería Computación SPA		0				University Hospitals of Cleveland
	Aquion	Aquion		0				University of Law
	Aquion - B	Aquion		0				University of Minnesota Physicians
	AQUION PTY LIMITED	Aquion		0				Valley Children's Hospital
	Aquion Pty Ltd	Aquion		0				Wynn Resorts, Limited
	araneaNET	araneaNET		0				W234 N2000 RIDGEVIEW PARKWAY COURT
	Arbor Solutions, Inc.	Arbor Solutions, Inc.		0				YAMAHA GP RACING TEAM
	Architechture Solutions, LLC	Architechture Solutions, LLC		0				ZIRMUNU STR. 139
	Arcticom LLC	Arcticom LLC		0				Zoom Video Communications, Inc.
	Argon Business Systems Limited	Argon Business Systems Limited		0				MCRA, LLC
	Aria Data Solutions	Aria Data Solutions		0				Technology Unlimited, Inc
	Arizona Water Company	Arizona Water Company		0				AAT Aero
	Arrow Electronics	Arrow Electronics		0				SHI HQ
	Artsyl	Artsyl		0				Systex Corporation
	Arxes Tolina GmbH	Arxes Tolina GmbH		0				Sirius Computer Solutions, Inc. HQ
	AS400 Services Pty. Ltd.	AS400 Services Pty. Ltd.		0				Etek (Partner)
	Asecure (M) Sdn Bhd	Asecure (M) Sdn Bhd		0				SECURUM Technologies
	Asentria	Asentria		0				SHI HQ
	Asgent, Inc	Asgent, Inc		0				Systex Corporation
	Asiapeak	Asiapeak		0				Sirius Computer Solutions, Inc. HQ
	ASIC S.A.S.	ASIC S.A.S.		0				Etek (Partner)
	ASM Technologies Limited	ASM Technologies Ltd		0				SECURUM Technologies
	ASM Technologies Ltd	ASM Technologies Ltd		0
	Aspen Wireless Technologies, Inc.	Aspen Wireless Technologies, Inc.		0
	ASR Soluciones SAS	ASR Soluciones SAS		0
	Asseco SEE	Asseco SEE		0
	Asseco SEE d.o.o. Belgrade	Asseco SEE		0
	Asseco South Eastern Europe SA	Asseco SEE		0
	Associated Computer Systems, Ltd.	Associated Computer Systems, Ltd.		0
	Asystec S.A.	Asystec S.A.		0
	Atea Sverige AB	Atea Sverige AB		0
	Atlantic Data Security	Atlantic Data Security		0
	ATOS	Atos		0
	Atos France	Atos		0
	Atos Governmental IT Outsourcing Services, LLC	Atos		0
	Atoss Software AG	Atos		0
	ATSG (Axispoint Technology Solutions Group, Inc.)	ATSG (Axispoint Technology Solutions Group, Inc.)		0
	Auction Edge Group	Auction Edge Group		0
	Aurora IT	Aurora IT		0
	Aurora Systems Consulting, Inc.	Aurora Systems Consulting, Inc.		0
	Autom8 Australia	Autom8 Australia		0
	AUTOMATE BRASIL - CIBER DATA SISTEMA DE INFORMAÇÃO LTDA	AUTOMATE BRASIL - CIBER DATA SISTEMA DE INFORMAÇÃO LTDA		0
	Avaloq Sourcing (Switzerland & Liechtenstein) SA	Avaloq Sourcing (Switzerland & Liechtenstein) SA		0
	Avatara CompleteCloud	Avatara CompleteCloud		0
	AVID - US	AVID - US		0
	AVID Technology International BV	AVID Technology International BV		0
	AVILADA BUSINESS CORPORATION	AVILADA BUSINESS CORPORATION		0
	Aviso Wealth Inc	Aviso Wealth Inc		0
	AVR International Ltd	AVR International Ltd		0
	Axial Systems Ltd	Axial Systems Ltd		0
	Axians	Axians		0
	Axians GNS AG	Axians		0
	axians IT Security GmbH	Axians		0
	Axle Video LLC	Axle Video LLC		0
	B&G Foods	B&G Foods		0
	BA Solutions	BA Solutions		0
	BadgePass, Inc.	BadgePass, Inc.		0
	BAE Systems Marine Ltd	BAE Systems Marine Ltd		0
	Baker Consultants Ltd.	Baker Consultants Ltd.		0
	Bakotech Sp. z o.o	Bakotech Sp. z o.o		0
	Bakotech Sp. z o.o.	Bakotech Sp. z o.o		0
	BAMM! Technologies LLC	BAMM! Technologies LLC		0
	Banco Comafi S.A.	Banco Comafi S.A.		0
	Bank of Hawaii	Bank of Hawaii		0
	Barnabas Systems, LLC	Barnabas Systems, LLC		0
	BARTECH SOFTWARE Y SERVICIOS S.L.	BARTECH SOFTWARE Y SERVICIOS S.L.		0
	base2DA	base2DA		0
	Bechtle Brussels NV	Bechtle Brussels NV		0
	Bechtle Comsoft	Bechtle Comsoft		0
	Bechtle direct GmbH	Bechtle direct GmbH		0
	Bechtle Direct Ltd	Bechtle Direct Ltd		0
	Bechtle GmbH - Freiburg	Bechtle GmbH - Freiburg		0
	Bechtle GmbH Bodensee	Bechtle GmbH Bodensee		0
	Bechtle GmbH, IT-Systemhaus Wien	Bechtle GmbH, IT-Systemhaus Wien		0
	Bechtle Group BE Public NV	Bechtle Group BE Public NV		0
	Bechtle Logistik & Service GmbH	Bechtle Logistik & Service GmbH		0
	Bechtle Schweiz AG	Bechtle Schweiz AG		0
	BeClever	BeClever		0
	Beijing Com&Lan Corp., Ltd.	Beijing Com&Lan Corp., Ltd.		0
	BEIJING COM&LAN SYSTEM TECH., CO., LTD.	Beijing Com&Lan Corp., Ltd.		0
	Beijing Com&Lan Tech. Corp., Ltd.	Beijing Com&Lan Tech. Corp., Ltd.		0
	Benchmark Corp.	Benchmark Corp.		0
	Berca Indonesia	Berca Indonesia		0
	Betis Group	Betis Group		0
	BG2 Services	BG2 Services		0
	Bin-Control GmbH	Bin-Control GmbH		0
	Black Cell LLC	Black Cell LLC		0
	Black Cube Technologies	Black Cube Technologies		0
	BlackBridge	BlackBridge		0
	Blend Labs, Inc.	Blend Labs, Inc.		0
	blinQ AS	blinQ AS		0
	Blue Bridge	Blue Bridge		0
	Blue Chip Customer Engineering Ltd	Blue Chip Customer Engineering Ltd		0
	Blue Communications Software GmbH	Blue Communications Software GmbH		0
	Blue Tech, Inc.	Blue Tech, Inc.		0
	Blue Yonder, Inc.	Blue Yonder, Inc.		0
	BlueFinch B.V.	BlueFinch B.V.		0
	Bluematic AG	Bluematic AG		0
	Bottomline Technologies - USA	Bottomline Technologies - USA		0
	Boxxe Limited	Boxxe Ltd		0
	Boxxe Ltd	Boxxe Ltd		0
	Boyd Gaming Corporation	Boyd Gaming Corporation		0
	Braathe Gruppen AS	Braathe Gruppen AS		0
	Brant Community Healthcare System	Brant Community Healthcare System		0
	Bridgeway Communication System Inc.	Bridgeway Communication System, Inc.		0
	Bridgeway Communication System, Inc.	Bridgeway Communication System, Inc.		0
	Bright Nexus (M) Sdn Bhd	Bright Nexus (M) Sdn Bhd		0
	Briteskies LLC	Briteskies LLC		0
	Brown & Company	Brown & Company		0
	Brown Enterprise Solutions	Brown Enterprise Solutions		0
	BT Global Services Belgium	BT Global Services Belgium		0
	BTS Pro	BTS Pro		0
	BTSoftware. BV - MASTER PARTNER	BTSoftware. BV - MASTER PARTNER		0
	Buholzer Informatik AG	Buholzer Informatik AG		0
	Bulwark Technologies L.L.C.	Bulwark Technologies LLC		0
	Bulwark Technologies LLC	Bulwark Technologies LLC		0
	Bulwark Technologies LLC.	Bulwark Technologies LLC		0
	Bulwark Technologies Private Limited	Bulwark Technologies LLC		0
	Bunzl Usa, Inc.	Bunzl Usa, Inc.		0
	Business Analysis and Solutions Inc.	Business Analysis and Solutions Inc.		0
	Business Connexion (Pty) Ltd	Business Connexion (Pty) Ltd		0
	Business IT Support Team	Business IT Support Team		0
	BW Digitronik AG	BW Digitronik AG		0
	BWG Informationssysteme GmbH	BWG Informationssysteme GmbH		0
	BWSec Tecnologia LTDA	BWSec Tecnologia LTDA		0
	Bytes	Bytes		0
	Bytes Software Services Limited	Bytes Software Services Ltd		0
	Bytes Software Services Ltd	Bytes Software Services Ltd		0
	CAC Shanghai Corporation	CAC Shanghai Corporation		0
	CAD IT ESPAÑA S.A.	CAD IT ESPAÑA S.A.		0
	CAD TECH IBERICA S.L.	CAD TECH IBERICA S.L.		0
	CAGIP	CAGIP		0
	Camden National Corporation	Camden National Corporation		0
	CANCOM GmbH	CANCOM GmbH		0
	CAPGEMINI UK PLC	CAPGEMINI UK PLC		0
	Carahsoft	Carahsoft		0
	Carahsoft Technology Corp	Carahsoft		0
	Carahsoft Technology Corporation	Carahsoft		0
	Caretower	Caretower		0
	Caretower Limited	Caretower		0
	CAS Severn, Inc - Richmond	CAS Severn, Inc - Richmond		0
	Castor Pollux Group LLC	Castor Pollux Group LLC		0
	CCL AG	CCL AG		0
	CCN Systems	CCN Systems		0
	CCP Software GmbH	CCP Software GmbH		0
	CCS Consultores S.A.	CCS Consultores S.A.		0
	C-Cure	C-Cure		0
	CDI LLC	CDI LLC		0
	CDL Legal LLC	CDL Legal LLC		0
	CDS Americas	CDS Americas		0
	CDS Américas	CDS Americas		0
	CDW	CDW		0
	CDW Computer Centers Inc	CDW		0
	CDW Corporate	CDW		0
	CDW Limited	CDW		0
	CDW LLC	CDW		0
	Cekirdek Bilisim Teknoloji Ltd. Sti	Cekirdek Bilisim Teknoloji Ltd. Sti		0
	Centerity Systems Inc.	Centerity Systems Inc.		0
	Central Maine Healthcare Corporation	Central Maine Healthcare Corporation		0
	Central Park Data Systems	Central Park Data Systems		0
	Central Square Technologies	Central Square Technologies		0
	Certezsa Evolutiva e Integral S.A. de C.V.	Certezsa Evolutiva e Integral S.A. de C.V.		0
	CESCE	CESCE		0
	CFI	CFI		0
	CGI IT UK Limited	CGI IT UK LTD		0
	CGI IT UK LTD	CGI IT UK LTD		0
	Channel Solutions Inc	Channel Solutions Inc		0
	Charter Telecom, Inc.	Charter Telecom, Inc.		0
	CHASS Computer Consultants (M) Sdn Bhd	CHASS Computer Consultants (M) Sdn Bhd		0
	CHASSasia (Singapore) Pte Ltd	CHASSasia (Singapore) Pte Ltd		0
	Cheops Ltd.	Cheops Ltd.		0
	Chesapeake Systems	Chesapeake Systems		0
	Chess CyberSecurity	Chess CyberSecurity		0
	CHH Consulting	CHH Consulting		0
	Chilli IT Ltd	Chilli IT Ltd		0
	Cineom Broadcast India Limited	Cineom Broadcast India Limited		0
	Cirrus Networks (WA) Pty Ltd.	Cirrus Networks PTY Ltd		0
	Cirrus Networks PTY Ltd	Cirrus Networks PTY Ltd		0
	Citco Technology Management Inc.	Citco Technology Management Inc.		0
	City of Fort Worth	City of Fort Worth		0
	Civica UK Limited	Civica UK Limited		0
	Claranet SAS	Claranet SAS		0
	Claritech SRL	Claritech SRL		0
	Clearswift	Clearswift		0
	Clever Consulting s.r.l.	Clever Consulting s.r.l.		0
	Clever Consulting srl - MASTER PARTNER	Clever Consulting s.r.l.		0
	Climb Channel Sales	Climb Channel Solutions - UK		0
	CLIMB Channel Solutions	Climb Channel Solutions - US		0
	Climb Channel Solutions Europe	Climb Channel Solutions - Europe		0
	Climb Channel Solutions UK	Climb Channel Solutions - UK		0
	Clip Tecnologia SAC	Clip Tecnologia SAC		0
	Clip Tecnología SAS	Clip Tecnología SAS		0
	CLIP Tecnologia SpA	CLIP Tecnologia SpA		0
	Cloud Digital Limited	Cloud Digital Limited		0
	Cloud Proven Networks LLC	Cloud Proven Networks LLC		0
	Cloud Solutions Ltd	Cloud Solutions Ltd		0
	Cloud Warehouse Consulting	Cloud Warehouse Consulting		0
	Clutch Solutions	Clutch Solutions		0
	CM1 Technologies, Inc	CM1 Technologies, Inc		0
	CM2 Software	CM2 Software		0
	CMCFlex	CMCFlex		0
	CMI	CMI		0
	Codenurse Technology Co., Ltd	Codenurse Technology Co., Ltd		0
	Cogate Co., Ltd.	Cogate Co., Ltd.		0
	COGITO SOFTWARE CO.,LTD	COGITO SOFTWARE CO.,LTD		0
	College Foundation, Inc.	College Foundation, Inc.		0
	Colombeia S.A.S.	Colombeia S.A.S.		0
	Colva IT	Colva IT		0
	Combitech AB	Combitech AB		0
	COMLINE Computer + Software Solutions SE	COMLINE Computer + Software Solutions SE		0
	Comline Computer und Softwareloesungen AG	Comline Computer und Softwareloesungen AG		0
	Commonwealth Care	Commonwealth Care		0
	Communications Consulting Group	Communications Consulting Group		0
	Community Home Health Care	Community Home Health Care		0
	COMPAREX AG	COMPAREX AG		0
	COMPAREX AG a Software ONE Company	COMPAREX AG		0
	Comparex Austria GmbH	Comparex Austria GmbH		0
	COMPAREX France S.A.S.	COMPAREX France S.A.S.		0
	COMPAREX Nederland B.V.	COMPAREX Nederland B.V.		0
	CompCiti	CompCiti		0
	Complete IT Systems Ltd	Complete IT Systems Ltd		0
	Complete Solution Finder Pte Ltd.	Complete Solution Finder Pte Ltd.		0
	Compugen Inc.	Compugen Inc.		0
	Computacenter (UK) Ltd	Computacenter (UK) Ltd		0
	Computacenter Fusionstorm	Computacenter Fusionstorm		0
	Compu-Tech  Inc.	Compu-Tech  Inc.		0
	Computer Aided Logistics SL (CALS)	Computer Aided Logistics SL (CALS)		0
	COMPUTER BUSINESS SOLUTIONS SDN BHD	COMPUTER BUSINESS SOLUTIONS SDN BHD		0
	COMPUTER GROSS S.P.A	Computer Gross S.P.A.		0
	Computer Gross S.P.A.	Computer Gross S.P.A.		0
	Computer Security Technology Ltd	Computer Security Technology Ltd		0
	Computer Systems Australia	Computer Systems Australia		0
	COMPUTER SYSTEMS INTEGRATION LTD	COMPUTER SYSTEMS INTEGRATION LTD		0
	Computer Technical Services Ltd	Computer Technical Services Ltd		0
	ComputerLand UK Ltd	ComputerLand UK Ltd		0
	Compuwave GmbH	Compuwave GmbH		0
	Comserve Consulting Services Pte Ltd	Comserve Consulting Services Pte Ltd		0
	Concentrade GmbH - The Network Security Company	Concentrade GmbH - The Network Security Company		0
	Conduent Business Services, LLC	Conduent Business Services, LLC		0
	CONNECT DISTRIBUTION Sp. z o.o.	CONNECT DISTRIBUTION Sp. z o.o.		0
	Connection	Connection		0
	ConnectWise	ConnectWise		0
	Consortium Networks, LLC	Consortium Networks, LLC		0
	Content Networks Sp. z o.o.	Content Networks Sp. z o.o.		0
	Continental Resources, Inc.	Continental Resources, Inc.		0
	Control and Security of Data S.A. de C.V.	Control and Security of Data S.A. de C.V.		0
	Coraud	Coraud		0
	Cornerstone Bank	Cornerstone Bank		0
	Corus Group, LLC	Corus Group, LLC		0
	Costa Fruit & Produce Co	Costa Fruit & Produce Co		0
	Costco Wholesale Australia PTY LTD	Costco Wholesale Australia PTY LTD		0
	Cosus Computersysteme GmbH	Cosus Computersysteme GmbH		0
	CRA	CRA		0
	Crayon AB	Crayon AB		0
	CREATIVE Associates B.V.B.A.	CREATIVE Associates B.V.B.A.		0
	CREDE EXPERTO CZ	CREDE EXPERTO CZ		0
	Cresting Wave	Cresting Wave		0
	Criteria First, Inc.	Criteria First, Inc.		0
	Critical Start	Critical Start		0
	CROSS POINT SOLUTION CO LTD	CROSS POINT SOLUTION CO LTD		0
	Croz	Croz		0
	Crucial Systems  and  Services	Crucial Systems  and  Services		0
	CryptoGen (Pvt) Ltd	CryptoGen (Pvt) Ltd		0
	CSO Group Pty Ltd	CSO Group Pty Ltd		0
	CSRA LLC	CSRA LLC		0
	CST Ltd	CST Ltd		0
	CT Cloud Design GmbH & Co. KG	CT Cloud Design GmbH & Co. KG		0
	CTECH BILISIM TEKNOLOJILERI SAN VE TIC A.S.	CTECH BILISIM TEKNOLOJILERI SAN VE TIC A.S.		0
	CTG Luxembourg PSF SA	CTG Luxembourg PSF SA		0
	CU Answers, Inc.	CU Answers, Inc.		0
	Cv Enterprises, Inc	Cv Enterprises, Inc		0
	CWL Systems Ltd	CWL Systems Ltd		0
	Cybercop Security	Cybercop Security		0
	Cybercopsecurity	Cybercop Security		0
	Cybercx	Cybercx		0
	CyberKnight Technologies	CyberKnight Technologies		0
	CyberKnight Technologies - B	CyberKnight Technologies		0
	Cygate Oy	Cygate Oy		0
	DALIAN Enterprises Inc. (Reseller)	DALIAN Enterprises Inc. (Reseller)		0
	Danet	Danet		0
	DANYSOFT INTERNACIONAL, S.L.	DANYSOFT INTERNACIONAL, S.L.		0
	Dartalis	Dartalis		0
	Dartalis S.A.	Dartalis		0
	Data Equipment AS	Data Equipment AS		0
	Data Processing Services Inc.	Data Processing Services Inc.		0
	Data#3 Limited	Data#3		0
	Data3V	Data3V		0
	Datacom Systems (AU) Pty Ltd	Datacom Systems (AU) Pty Ltd		0
	Datacon Integration Sdn Bhd	Datacon Integration Sdn Bhd		0
	DATAGROUP GmbH	DATAGROUP GmbH		0
	Datagroup Operations GmbH (MSP)	Datagroup Operations GmbH (MSP)		0
	DATAGROUP SE	DATAGROUP SE		0
	Datagroup Stuttgart GmbH	Datagroup Stuttgart GmbH		0
	Datasec	Datasec		0
	DataSeers	DataSeers		0
	Dataway	Dataway		0
	Datec Ltda	Datec		0
	Datos Media Technologies S.A.	Datos Media Technologies S.A.		0
	Datum Technology Pte Ltd	Datum Technology Pte Ltd		0
	DCW - Data Center Warehouse	DCW - Data Center Warehouse		0
	Dealertrack Inc	Dealertrack Inc		0
	Dealertrack Technologies, Inc.	Dealertrack Inc		0
	Decorous Limited	Decorous Limited		0
	DEDA CLOUD SRL	DEDA CLOUD SRL		0
	DeFY Security, LLC	DeFY Security, LLC		0
	Deliver ICT and Telecommunication Technology PLC	Deliver ICT and Telecommunication Technology PLC		0
	DELL	DELL		0
... [truncated at 400 non-empty rows; sheet has 4515 rows]

===== SHEET: Partner Region (1596r x 16c) =====
	Country Drop-Down Selection:	UNITED STATES
			Row Labels	2025-01-01 00:00:00	2025-02-01 00:00:00	2025-03-01 00:00:00	2025-04-01 00:00:00	2025-05-01 00:00:00	2025-06-01 00:00:00	2025-07-01 00:00:00	2025-08-01 00:00:00	2025-09-01 00:00:00	2025-10-01 00:00:00	2025-11-01 00:00:00	2025-12-01 00:00:00
			1kx consulting limited	0	0	0	0	0	0	0	0	0	0	0	0
			2SB Security Solutions 4 Business	0	0	0	0	0	0	0	0	0	0	0	0
			3S Soft Company, Ltd.	0	0	0	0	0	0	0	0	0	0	0	0
			4Prime sp. z o.o.	0	0	0	0	0	0	0	0	0	0	0	0
			802 Networks bvba	0	0	0	0	0	0	0	0	0	0	0	0
			A & T Systems Inc.	0	0	0	0	0	0	0	0	0	0	0	0
			A. Baggenstos & Co. AG -IT Services and Solutions	0	0	0	0	0	0	0	0	0	0	0	0
			AAA Bits Consulting Ltd.	0	0	0	0	0	0	0	0	0	0	0	0
			ABBA NETWORKS S.A.P.I. DE C.V.	0	0	0	0	0	0	0	0	0	0	0	0
			ABBA Networks, SAPI de CV	0	0	0	0	0	0	0	0	0	0	0	0
			Abbakan France	0	0	0	0	0	0	0	0	0	0	0	0
			ABPCyber Pte. Ltd. fka Tindo Pte Ltd	0	0	0	0	0	0	0	0	0	0	0	0
			Absolute Performance	0	0	0	0	0	0	0	0	0	0	0	0
			ACA Pacific Technology (M)	0	0	0	0	0	0	0	0	0	0	0	0
			ACADEMIA	0	0	0	0	0	0	0	0	0	0	0	0
			Accenture	0	0	0	0	0	0	0	0	0	0	0	0
			Accenture Ecosystem Sourcing Services, Middle East	0	0	0	0	0	0	0	0	0	0	0	0
			Access 2 Networks	0	0	0	0	0	0	0	0	0	0	0	0
			Access Path Software Solutions Inc	0	0	0	0	0	0	0	0	0	0	0	0
			AccessAgility LLC	0	0	0	0	0	0	0	0	0	0	0	0
			AccessIT Group	0	0	0	0	0	0	0	0	0	0	0	0
			AccessIT Group Inc.	0	0	0	0	0	0	0	0	0	0	0	0
			Acclivis	0	0	0	0	0	0	0	0	0	0	0	0
			Accolm	0	0	11824.994285714287	0	0	0	0	0	0	0	0	0
			ACE TECHNOLOGY INC	0	0	0	0	0	0	0	0	0	0	0	0
			Acelium Inc.	0	0	0	0	0	0	0	0	0	0	0	0
			ACESI	0	0	0	0	0	0	0	0	0	0	0	0
			ACMI	0	0	0	0	0	0	0	0	0	0	0	0
			ACP IT Solutions GmbH	0	0	0	0	0	0	0	0	0	0	0	0
			ACPL Systems Pvt. Ltd.	0	0	0	0	0	0	0	0	0	0	0	0
			Acronym IT - US	0	0	0	0	0	0	0	0	0	0	0	0
			Acsis Technologies Pty Ltd	0	0	0	0	0	0	0	0	0	0	0	0
			ACT	0	0	0	0	0	0	0	0	0	0	0	0
			Active Logistics AG	0	0	0	0	0	0	0	0	0	0	0	0
			ActivEdge Technologies	0	0	0	0	0	0	0	0	0	0	0	0
			ACW Distribution (Philippines), Inc.	0	0	0	0	0	0	0	0	0	0	0	0
			Adacom S.A.	0	0	0	0	0	0	0	0	0	0	0	0
			ADD Systems	1870	0	3740	0	0	0	0	0	0	0	0	0
			Adexsus S.A.	0	0	0	0	0	0	0	0	0	0	0	0
			AdmTools	0	0	0	0	0	0	0	0	0	0	0	0
			Advanced Technical Solutions	0	0	0	14471.720000000003	0	0	0	0	0	0	0	0
			Advanced Technology Services Group	0	0	0	0	0	0	0	0	0	0	0	0
			AdvancedBITS	0	0	1844.7999999999997	0	0	0	0	0	0	0	0	0
			Advania Norge AS	0	0	0	0	0	0	0	0	0	0	0	0
			Advens	0	0	0	0	0	0	0	0	0	0	0	0
			Affinity Technology Solutions Inc	0	0	0	0	0	0	0	0	0	0	0	0
			Agesys	0	0	0	0	0	0	0	0	0	0	0	0
			Agilant Solutions, Inc.	0	0	0	0	0	0	0	0	0	0	0	0
			Agile Technology Architects	0	0	0	0	0	0	0	0	0	0	0	0
			AGIO	0	0	0	0	0	0	0	0	0	0	0	0
			AgVantage Software, Inc	0	0	0	0	0	0	0	0	0	0	0	0
			AHA Computer Co. Ltd	0	0	0	0	0	0	0	0	0	0	0	0
			Ahead	0	0	6413.400000000001	0	0	0	0	0	0	0	0	0
			AHMED HARIZE ZETA CONSULTING	0	0	0	0	0	0	0	0	0	0	0	0
			AIS International Inc.	0	0	0	0	0	0	0	0	0	0	0	0
			AITEK SERVICES PTE. LTD.	0	0	0	0	0	0	0	0	0	0	0	0
			AITG Solutions	0	0	0	0	0	0	0	0	0	0	0	0
			AKAT Technologies	0	0	0	0	0	0	0	0	0	0	0	0
			AKC - Alexander Kreuch Consulting	0	0	0	0	0	0	0	0	0	0	0	0
			Akerva	0	0	0	0	0	0	0	0	0	0	0	0
			Akhter	0	0	0	0	0	0	0	0	0	0	0	0
			Al Moammar Information Systems Co. (MIS)	0	0	0	0	0	0	0	0	0	0	0	0
			Alacrinet Consulting Services, Inc.	0	0	0	0	0	0	0	0	0	0	0	0
			Alanata	0	0	0	0	0	0	0	0	0	0	0	0
			Alarmspro, Inc.	0	0	0	0	0	0	0	0	0	0	0	0
			ALEDIT PROFESSIONAL SERVICES	0	0	0	0	0	0	0	0	0	0	0	0
			Alicornio Africa (Pty) Ltd	0	0	0	0	0	0	0	0	0	0	0	0
			Alinto	0	0	0	0	0	0	0	0	0	0	0	0
			Aliran Digital Sdn Bhd	0	0	0	0	0	0	0	0	0	0	0	0
			All Covered, Inc.	0	0	0	0	0	0	0	0	0	0	0	0
			Allround Computer Service B.V.	0	0	0	0	0	0	0	0	0	0	0	0
			Almoayed Group WLL	0	0	0	0	0	0	0	0	0	0	0	0
			Alnahil Computer	0	0	0	0	0	0	0	0	0	0	0	0
			AL-Networks GmbH	0	0	0	0	0	0	0	0	0	0	0	0
			Alpha Data	0	0	0	0	0	0	0	0	0	0	0	0
			ALSO Spain (ex IREO Soluciones)	0	0	0	0	0	0	0	0	0	0	0	0
			Altisec Technologies Private Limited	0	0	0	0	0	0	0	0	0	0	0	0
			Altisec Technologies Pvt.Ltd.	0	0	0	0	0	0	0	0	0	0	0	0
			ALUS Outsourcing Servico Ltda - EPP	0	0	0	0	0	0	0	0	0	0	0	0
			Amazon Web Services	0	0	0	0	0	0	0	0	0	0	0	0
			American Top Tools	0	0	0	0	0	0	0	0	0	0	0	0
			AmiViz	0	0	0	0	0	0	0	0	0	0	0	0
			Amnesium Pty Ltd	0	0	0	0	0	0	0	0	0	0	0	0
			AMSi Networks	0	0	0	0	0	0	0	0	0	0	0	0
			An4 Group Ltd	0	0	0	0	0	0	0	0	0	0	0	0
			Anacapa Micro Products, Inc.	0	0	0	0	0	0	0	0	0	0	0	0
			Analyse & Design Computer Consulting GmbH	0	0	0	0	0	0	0	0	0	0	0	0
			A-NETWORKS (PVT) LTD	0	0	0	0	0	0	0	0	0	0	0	0
			ANSecurity	0	0	0	0	0	0	0	0	0	0	0	0
			anykey IT AG	0	0	0	0	0	0	0	0	0	0	0	0
			AnyKey Technologies	0	0	0	0	0	0	0	0	0	0	0	0
			AnySoft.pl Rejestracja Oprogramowania	0	0	0	0	0	0	0	0	0	0	0	0
			Apex Solutions Limited	0	0	0	0	0	0	0	0	0	0	0	0
			apia systemhaus gmbh	0	0	0	0	0	0	0	0	0	0	0	0
			APICIL TRANSVERSE	0	0	0	0	0	0	0	0	0	0	0	0
			Aplidigital Comércio e Serviços de Tecnologia LTDA	0	0	0	0	0	0	0	0	0	0	0	0
			Applied Technology Services	0	0	0	0	0	0	0	0	0	0	0	0
			APTEC	0	0	0	0	0	0	0	0	0	0	0	0
			Aptum	0	0	7800.24	0	0	0	0	0	0	0	0	0
			Aqaio GmbH	0	0	0	0	0	0	0	0	0	0	0	0
			Aquanta Ingeniería Computación SPA	0	0	0	0	0	0	0	0	0	0	0	0
			Aquion	0	0	0	0	0	0	0	0	0	0	0	0
			Arab System House ( ASH )	0	0	0	0	0	0	0	0	0	0	0	0
			araneaNET	0	0	0	0	0	0	0	0	0	0	0	0
			Arbor Solutions, Inc.	0	0	0	0	0	0	0	0	0	0	0	0
			Architechture Solutions, LLC	0	0	0	0	0	0	0	0	0	0	0	0
			Arctiq Inc	0	0	0	0	0	0	0	0	0	0	0	0
			Aria Data Solutions	0	0	0	0	0	0	0	0	0	0	0	0
			Arktos Inc.	0	0	0	0	0	0	0	0	0	0	0	0
			ARKYS SYSTÈMES	0	0	0	0	0	0	0	0	0	0	0	0
			Armadillo Managed Services	0	0	0	0	0	0	0	0	0	0	0	0
			AS400 Services Pty. Ltd.	0	0	0	0	0	0	0	0	0	0	0	0
			Asecure (M) Sdn Bhd	0	0	0	0	0	0	0	0	0	0	0	0
			ASEE Solutions d.o.o. Beograd	0	0	0	0	0	0	0	0	0	0	0	0
			Asentria	0	0	0	0	0	0	0	0	0	0	0	0
			Asgent, Inc	0	0	0	0	0	0	0	0	0	0	0	0
			Asiapac Distribution Pte Ltd	0	0	0	0	0	0	0	0	0	0	0	0
			Asiapeak	0	0	0	0	0	0	0	0	0	0	0	0
			ASIC S.A.S.	0	0	0	0	0	0	0	0	0	0	0	0
			ASM Technologies Ltd	0	0	0	0	0	0	0	0	0	0	0	0
			Asseco SEE	0	0	0	0	0	0	0	0	0	0	0	0
			Asseco Solution	0	0	0	0	0	0	0	0	0	0	0	0
			ASSERTIVA	0	0	0	0	0	0	0	0	0	0	0	0
			Associated Computer Systems, Ltd.	0	0	0	0	0	0	0	0	0	0	0	0
			Assurance Data, Inc./ Federal	0	0	0	0	0	0	0	0	0	0	0	0
			ASSURANCE IT	0	0	0	0	0	0	0	0	0	0	0	0
			AstonVertu	0	0	0	0	0	0	0	0	0	0	0	0
			Asystec S.A.	0	0	0	0	0	0	0	0	0	0	0	0
			AT&T	8775.270000000002	2470.98	1232.4	0	0	0	0	0	0	0	0	0
			Atayo Group, Inc.	0	0	0	0	0	0	0	0	0	0	0	0
			Atea A/S	0	0	0	0	0	0	0	0	0	0	0	0
			Atea Sverige AB	0	0	0	0	0	0	0	0	0	0	0	0
			Atlantic Data Security	0	0	0	0	0	0	0	0	0	0	0	0
			Atlantic Data Security LLC	0	0	0	0	0	0	0	0	0	0	0	0
			Atlas Consulting Limited	0	0	0	0	0	0	0	0	0	0	0	0
			Atos	0	0	0	0	0	0	0	0	0	0	0	0
			Atos IT Services - Morocco	0	0	0	0	0	0	0	0	0	0	0	0
			ATS Networks	0	0	0	0	0	0	0	0	0	0	0	0
			Aujas Cybersecurity Limited	0	0	0	0	0	0	0	0	0	0	0	0
			AUTOMATE BRASIL - CIBER DATA SISTEMA DE INFORMAÇÃO LTDA	0	0	0	0	0	0	0	0	0	0	0	0
			Auxilion Ireland Limited	0	0	0	0	0	0	0	0	0	0	0	0
			Avant Communications	93840	0	0	0	0	0	0	0	0	0	0	0
			Avertium	4305	0	0	0	0	0	0	0	0	0	0	0
			AVILADA BUSINESS CORPORATION	0	0	0	0	0	0	0	0	0	0	0	0
			AVR International Ltd	0	0	0	0	0	0	0	0	0	0	0	0
			AWS Marketplace	0	0	0	0	0	0	0	0	0	0	0	0
			Axcelerate Networks	0	0	0	0	0	0	0	0	0	0	0	0
			Axelliant	0	0	0	0	0	0	0	0	0	0	0	0
			Axians	0	0	0	0	0	0	0	0	0	0	0	0
			AXIANS CYBERSECURITY	0	0	0	0	0	0	0	0	0	0	0	0
			Axians ICT Austria GmbH	0	0	0	0	0	0	0	0	0	0	0	0
			AXIANS NOUVELLE CALEDONIE	0	0	0	0	0	0	0	0	0	0	0	0
			AXIANS NOUVELLE-CALÉDONIE	0	0	0	0	0	0	0	0	0	0	0	0
			AZEUS SYSTEMS LIMITED (HONG KONG)	0	0	0	0	0	0	0	0	0	0	0	0
			Azoure Engineering and services	0	0	0	0	0	0	0	0	0	0	0	0
			BA Solutions	0	0	0	0	0	0	0	0	0	0	0	0
			BadgePass, Inc.	0	0	0	0	0	0	0	0	0	0	0	0
			BahFed Corp	0	0	0	0	0	0	0	0	0	0	0	0
			Bahrain Business Machines WLL	0	0	0	0	0	0	0	0	0	0	0	0
			Bahwan IT	0	0	0	0	0	0	0	0	0	0	0	0
			Bailey Computing Technologies	0	0	0	0	0	0	0	0	0	0	0	0
			BAKOTECH S.r.o. (Czech Republic)	0	0	0	0	0	0	0	0	0	0	0	0
			Bakotech Sp. z o.o	0	0	0	0	0	0	0	0	0	0	0	0
			Ballast Services	0	0	6335.75	0	0	0	0	0	0	0	0	0
			BAMM! Technologies LLC	0	0	0	0	0	0	0	0	0	0	0	0
			Barq Systems Egypt	0	0	0	0	0	0	0	0	0	0	0	0
			BARTECH SOFTWARE Y SERVICIOS S.L.	0	0	0	0	0	0	0	0	0	0	0	0
			Bay Computing Co	0	0	0	0	0	0	0	0	0	0	0	0
			Bayside Solutions Inc.	0	0	0	0	0	0	0	0	0	0	0	0
			BB2 Technology Group, Inc.	0	0	0	0	0	0	0	0	0	0	0	0
			BBH Solutions, Inc.	0	0	0	0	0	0	0	0	0	0	0	0
			BCTI	0	0	0	0	0	0	0	0	0	0	0	0
			BDK, Inc.	0	0	0	0	0	0	0	0	0	0	0	0
			Bechtle Austria GmbH	0	0	0	0	0	0	0	0	0	0	0	0
			Bechtle Brussels NV	0	0	0	0	0	0	0	0	0	0	0	0
			Bechtle Comsoft	0	0	0	0	0	0	0	0	0	0	0	0
			Bechtle GmbH - Freiburg	0	0	0	0	0	0	0	0	0	0	0	0
			Bechtle GmbH, IT-Systemhaus Wien	0	0	0	0	0	0	0	0	0	0	0	0
			Bechtle IT-Systemhaus GmbH	0	0	0	0	0	0	0	0	0	0	0	0
			Bechtle Logistik & Service GmbH	0	0	0	0	0	0	0	0	0	0	0	0
			Bechtle NV	0	0	0	0	0	0	0	0	0	0	0	0
			Bechtle Schweiz AG	0	0	0	0	0	0	0	0	0	0	0	0
			BeClever	0	0	0	0	0	0	0	0	0	0	0	0
			Beijing Xinheng Zhongda Technology	0	0	0	0	0	0	0	0	0	0	0	0
			Belden	0	0	0	0	0	0	0	0	0	0	0	0
			Bell	0	0	0	0	0	0	0	0	0	0	0	0
			Bell Business Markets	0	0	0	0	0	0	0	0	0	0	0	0
			Berca Indonesia	0	0	0	0	0	0	0	0	0	0	0	0
			BESECURE	0	0	0	0	0	0	0	0	0	0	0	0
			beSECURITY Pte Ltd	0	0	0	0	0	0	0	0	0	0	0	0
			Beumergroup	0	0	0	0	0	0	0	0	0	0	0	0
			BGM INFORMATIQUE INC	0	0	0	0	0	0	0	0	0	0	0	0
			Bin-Control GmbH	0	0	0	0	0	0	0	0	0	0	0	0
			Bird Rock Systems	0	0	0	0	0	0	0	0	0	0	0	0
			Black Cube Technologies	0	0	0	0	0	0	0	0	0	0	0	0
			BlackBridge	0	0	0	0	0	0	0	0	0	0	0	0
			BlackLake Security	0	0	0	0	0	0	0	0	0	0	0	0
			Blue Communications Software GmbH	0	0	0	0	0	0	0	0	0	0	0	0
			Blue Cube Security	0	0	0	0	0	0	0	0	0	0	0	0
			Blue Yonder, Inc.	0	0	0	0	0	0	0	0	0	0	0	0
			BlueFinch B.V.	0	0	0	0	0	0	0	0	0	0	0	0
			Bluematic AG	0	0	0	0	0	0	0	0	0	0	0	0
			Boxxe Ltd	0	0	0	0	0	0	0	0	0	0	0	0
			Brennan IT	0	0	0	0	0	0	0	0	0	0	0	0
			Bridge Micro	0	0	0	0	0	0	0	0	0	0	0	0
			Bridgenext	0	0	0	0	0	0	0	0	0	0	0	0
			Bridgeway Communication System, Inc.	0	0	0	0	0	0	0	0	0	0	0	0
			Bright Nexus (M) Sdn Bhd	0	0	0	0	0	0	0	0	0	0	0	0
			Briteskies LLC	0	1522.4649999999997	0	0	0	0	0	0	0	0	0	0
			BroadBITS	0	0	0	0	0	0	0	0	0	0	0	0
			BroCoTec	0	0	0	0	0	0	0	0	0	0	0	0
			Brown & Company	0	0	0	0	0	0	0	0	0	0	0	0
			Brown Enterprise Solutions	0	0	0	0	0	0	0	0	0	0	0	0
			BT Global Services Belgium	0	0	0	0	0	0	0	0	0	0	0	0
			BTS Pro	0	0	0	0	0	0	0	0	0	0	0	0
			Bulwark Saudi for Information Technology	0	0	0	0	0	0	0	0	0	0	0	0
			Bulwark Technologies LLC	0	6993.699999999999	0	0	0	0	0	0	0	0	0	0
			Burk Consulting	0	0	0	0	0	0	0	0	0	0	0	0
			Business Connexion (Pty) Ltd	0	0	0	0	0	0	0	0	0	0	0	0
			BUSINESS SMART	0	0	0	0	0	0	0	0	0	0	0	0
			BW Digitronik AG	0	0	0	0	0	0	0	0	0	0	0	0
			BWG Informationssysteme GmbH	0	0	0	0	0	0	0	0	0	0	0	0
			Bytes Security Partnerships (BSP)	0	0	0	0	0	0	0	0	0	0	0	0
			Bytes Software Services Ltd	0	0	0	0	0	0	0	0	0	0	0	0
			CAC Shanghai Corporation	0	0	0	0	0	0	0	0	0	0	0	0
			CAD IT ESPAÑA S.A.	0	0	0	0	0	0	0	0	0	0	0	0
			Caden Telecom	0	0	0	0	0	0	0	0	0	0	0	0
			Cambridge Computer Services	0	0	0	0	0	0	0	0	0	0	0	0
			CANCOM GmbH	0	0	0	0	0	0	0	0	0	0	0	0
			CAPGEMINI UK PLC	0	0	0	0	0	0	0	0	0	0	0	0
			Carahsoft	174926.56799999994	51959.98199999999	191054.86333333334	135553.58900000004	0	0	0	0	0	0	0	0
			Caretower	0	0	0	0	0	0	0	0	0	0	0	0
			Carousel Industries	0	0	0	0	0	0	0	0	0	0	0	0
			CAS Severn, Inc - Richmond	0	0	0	0	0	0	0	0	0	0	0	0
			Castle Ventures Corporation	0	0	0	0	0	0	0	0	0	0	0	0
			Castor Pollux Group LLC	0	0	0	0	0	0	0	0	0	0	0	0
			CBTS Technology Solutions LLC	0	0	0	0	0	0	0	0	0	0	0	0
			CCN Systems	0	0	0	0	0	0	0	0	0	0	0	0
			CCP Software GmbH	0	0	0	0	0	0	0	0	0	0	0	0
			CCS Consultores S.A.	0	0	0	0	0	0	0	0	0	0	0	0
			CCZ BUSINESS SARL	0	0	0	0	0	0	0	0	0	0	0	0
			CDI LLC	0	0	0	0	0	0	0	0	0	0	0	0
			CDS Americas	0	0	0	0	0	0	0	0	0	0	0	0
			CDW	64136.159999999996	2362.5	32390.01	19913.4	0	0	0	0	0	0	0	0
			CEC: Computer Engineering & Consulting Ltd.	0	0	0	0	0	0	0	0	0	0	0	0
			Cekirdek Bilisim Teknoloji Ltd. Sti	0	0	0	0	0	0	0	0	0	0	0	0
			Cell Information Technology	0	0	0	0	0	0	0	0	0	0	0	0
			Centerity Systems Inc.	0	0	0	0	0	0	0	0	0	0	0	0
			Central Square Technologies	0	0	0	0	0	0	0	0	0	0	0	0
			Certezsa Evolutiva e Integral S.A. de C.V.	0	0	0	0	0	0	0	0	0	0	0	0
			CFAO Group	0	0	0	0	0	0	0	0	0	0	0	0
			Channel Solutions Inc	0	0	0	0	0	0	0	0	0	0	0	0
			Charter Telecom, Inc.	0	0	0	0	0	0	0	0	0	0	0	0
			CHASS Computer Consultants (M) Sdn Bhd	0	0	0	0	0	0	0	0	0	0	0	0
			CHASS Technologies SDN. BHD	0	0	0	0	0	0	0	0	0	0	0	0
			CHASSasia (Singapore) Pte Ltd	0	0	0	0	0	0	0	0	0	0	0	0
			Checkmark	0	0	0	0	0	0	0	0	0	0	0	0
			Cheops Ltd.	0	0	0	0	0	0	0	0	0	0	0	0
			CHH Consulting	0	0	0	0	0	0	0	0	0	0	0	0
			Chilli IT Ltd	0	0	0	0	0	0	0	0	0	0	0	0
			Chillisoft Limited	0	0	0	0	0	0	0	0	0	0	0	0
			Cirilo Ayling SAIC	0	0	0	0	0	0	0	0	0	0	0	0
			Cirrus Networks PTY Ltd	0	0	0	0	0	0	0	0	0	0	0	0
			Cisco	0	1942.5	0	3774.26	0	0	0	0	0	0	0	0
			CISO Global	0	0	0	0	0	0	0	0	0	0	0	0
			Claranet II Solutions S.A.	0	0	0	0	0	0	0	0	0	0	0	0
			Claritech SRL	0	0	0	0	0	0	0	0	0	0	0	0
			Clever Consulting s.r.l.	0	0	0	0	0	0	0	0	0	0	0	0
			Click Networks Inc.	0	0	0	0	0	0	0	0	0	0	0	0
			Climb Channel Solutions - US	57845.89691729325	39808.13650000001	134013.64530107524	133490.066	0	0	0	0	0	0	0	0
			Clip Tecnologia SAC	0	0	0	0	0	0	0	0	0	0	0	0
			CLIP Tecnologia SpA	0	0	0	0	0	0	0	0	0	0	0	0
			Cloud Consultancy for Digitalization & Security	0	0	0	0	0	0	0	0	0	0	0	0
			Cloud Digital Limited	0	0	0	0	0	0	0	0	0	0	0	0
			Cloud Proven Networks LLC	0	0	0	0	0	0	0	0	0	0	0	0
			CloudSAFE Group, LLC	4233.215	0	5625	0	0	0	0	0	0	0	0	0
			Clutch Solutions CA Incorporated	0	0	0	0	0	0	0	0	0	0	0	0
			CM1 Technologies, Inc	0	0	0	0	0	0	0	0	0	0	0	0
			CMA Technology	0	0	0	0	0	0	0	0	0	0	0	0
			CMCFlex	2000	0	2000	0	0	0	0	0	0	0	0	0
			CMIT Solutions	0	0	0	0	0	0	0	0	0	0	0	0
			CMIT Solutions of North Lake County/Chicagoland North	0	0	0	0	0	0	0	0	0	0	0	0
			Cogate Co., Ltd.	0	0	0	0	0	0	0	0	0	0	0	0
			Colombeia S.A.S.	0	0	0	0	0	0	0	0	0	0	0	0
			COMARCH	0	0	0	0	0	0	0	0	0	0	0	0
			Combined Computer Resources	0	0	0	0	0	0	0	0	0	0	0	0
			COMLINE Computer + Software Solutions SE	0	0	0	0	0	0	0	0	0	0	0	0
			CommPutercations Inc	0	0	0	0	0	0	0	0	0	0	0	0
			COMPLETE SOLUTION FINDER PRIVATE LIMITED	0	0	0	0	0	0	0	0	0	0	0	0
			Complete Solution Finder Pte Ltd.	0	0	0	0	0	0	0	0	0	0	0	0
			Complys Technologies	0	0	0	0	0	0	0	0	0	0	0	0
			Compugen	0	0	0	0	0	0	0	0	0	0	0	0
			Compulink Technologies	0	0	0	0	0	0	0	0	0	0	0	0
			Compunet Inc	0	0	0	0	0	0	0	0	0	0	0	0
			CompuNet, Inc.	0	0	0	0	0	0	0	0	0	0	0	0
			Compuquip Technologies, Inc.	0	0	0	0	0	0	0	0	0	0	0	0
			Computacenter (UK) Ltd	0	0	0	0	0	0	0	0	0	0	0	0
			Computacenter Fusionstorm	0	0	0	0	0	0	0	0	0	0	0	0
			Computacenter United States Inc	0	0	0	0	0	0	0	0	0	0	0	0
			Compu-Tech  Inc.	0	0	0	0	0	0	0	0	0	0	0	0
			COMPUTER 2000 Bulgaria Ltd.	0	0	0	0	0	0	0	0	0	0	0	0
			Computer Aided Logistics SL (CALS)	0	0	0	0	0	0	0	0	0	0	0	0
			Computer Aware	640	0	0	0	0	0	0	0	0	0	0	0
			COMPUTER BUSINESS SOLUTIONS SDN BHD	0	0	0	0	0	0	0	0	0	0	0	0
			Computer Design & Integration	0	0	0	0	0	0	0	0	0	0	0	0
			Computer Gross S.P.A.	0	0	0	0	0	0	0	0	0	0	0	0
			Computer House	0	0	0	0	0	0	0	0	0	0	0	0
			Computer Solutions	0	0	0	0	0	0	0	0	0	0	0	0
			COMPUTER SYSTEMS INTEGRATION LTD	0	0	0	0	0	0	0	0	0	0	0	0
			Computer Technical Services Ltd	0	0	0	0	0	0	0	0	0	0	0	0
			ComputerLand	0	0	0	0	0	0	0	0	0	0	0	0
			ComputerLand UK Ltd	0	0	0	0	0	0	0	0	0	0	0	0
			Concensus Technologies	0	0	0	0	0	0	0	0	0	0	0	0
			Concentrade GmbH - The Network Security Company	0	0	0	0	0	0	0	0	0	0	0	0
			CONNECT DISTRIBUTION Sp. z o.o.	0	0	0	0	0	0	0	0	0	0	0	0
			Connection	0	0	0	0	0	0	0	0	0	0	0	0
			Connection HQ	0	0	0	0	0	0	0	0	0	0	0	0
			CONNEXTEK INC.	0	0	0	0	0	0	0	0	0	0	0	0
			Consortium Networks LLC	0	0	0	0	0	0	0	0	0	0	0	0
			Consortium Networks, LLC	0	0	0	0	0	0	0	0	0	0	0	0
			Consult Dan Cook, LLC	0	0	0	0	0	0	0	0	0	0	0	0
			Consultora Tecnológica S.A.	0	0	0	0	0	0	0	0	0	0	0	0
			Content Networks Sp. z o.o.	0	0	0	0	0	0	0	0	0	0	0	0
			Continental Information and Telecom Services (CITS)	0	0	0	0	0	0	0	0	0	0	0	0
			Continental Resources, Inc.	0	0	0	0	0	0	0	0	0	0	0	0
			Control and Security of Data S.A. de C.V.	0	0	0	0	0	0	0	0	0	0	0	0
			Controlware GmbH Kommunikationssysteme (F)	0	0	0	0	0	0	0	0	0	0	0	0
			Controlware GmbH Kommunikationssysteme (M)	0	0	0	0	0	0	0	0	0	0	0	0
			Converge Company	0	0	0	0	0	0	0	0	0	0	0	0
			Converge Net, division de CDMS Inc.	0	0	0	0	0	0	0	0	0	0	0	0
			Converge Technology Solutions	0	0	0	0	0	0	0	0	0	0	0	0
			Converge Technology Solutions US, LLC	0	1575	787.5	0	0	0	0	0	0	0	0	0
			ConvergeOne	0	0	0	0	0	0	0	0	0	0	0	0
			Cornet Solutions K.K.	0	0	0	0	0	0	0	0	0	0	0	0
			Corus Group, LLC	0	0	0	0	0	0	0	0	0	0	0	0
			Cosmote Global Solutions N.V.	0	0	0	0	0	0	0	0	0	0	0	0
			Cosus Computersysteme GmbH	0	0	0	0	0	0	0	0	0	0	0	0
			CPI Solutions	0	0	0	0	0	0	0	0	0	0	0	0
			CPS Technology Solutions, Inc.	0	0	0	0	0	0	0	0	0	0	0	0
			CRA	0	0	0	0	0	0	0	0	0	0	0	0
			Crayon AB	0	0	0	0	0	0	0	0	0	0	0	0
			CREDE EXPERTO CZ	0	0	0	0	0	0	0	0	0	0	0	0
			Cresting Wave	0	0	0	0	0	0	0	0	0	0	0	0
			CROSS POINT SOLUTION CO LTD	0	0	0	0	0	0	0	0	0	0	0	0
			Crucial - RO	0	0	0	0	0	0	0	0	0	0	0	0
			Crucial Systems  and  Services	0	0	0	0	0	0	0	0	0	0	0	0
			Crucial Systems and Services	0	0	0	0	0	0	0	0	0	0	0	0
			CS Business Systems	0	0	0	0	0	0	0	0	0	0	0	0
			CS Group (partner account)	0	0	0	0	0	0	0	0	0	0	0	0
			CS: CEC Customer Service Ltd. (FKA: eSECTOR, LTD.)	0	0	0	0	0	0	0	0	0	0	0	0
			CS: eSECTOR	0	0	0	0	0	0	0	0	0	0	0	0
			CSE Gobal Limited	0	0	0	0	0	0	0	0	0	0	0	0
			CSE-ITS PTE LTD	0	0	0	0	0	0	0	0	0	0	0	0
			CSI Technologies	0	0	0	0	0	0	0	0	0	0	0	0
			CT Cloud Design GmbH & Co. KG	0	0	0	0	0	0	0	0	0	0	0	0
			CTC Global Pte Ltd	0	0	0	0	0	0	0	0	0	0	0	0
			CTC Global Sdn Bhd	0	0	0	0	0	0	0	0	0	0	0	0
			CTC Technologies	0	0	0	0	0	0	0	0	0	0	0	0
			CTCSP Corporation	0	0	0	0	0	0	0	0	0	0	0	0
			CTG Luxembourg PSF SA	0	0	0	0	0	0	0	0	0	0	0	0
			CU Answers, Inc.	0	0	0	0	0	0	0	0	0	0	0	0
			Currimjee Informatics Ltd	0	0	0	0	0	0	0	0	0	0	0	0
			Cv Enterprises, Inc	0	0	0	0	0	0	0	0	0	0	0	0
			Cyber Correlate	0	0	0	0	0	0	0	0	0	0	0	0
			CYBER DEFENCE QCD CORPORATION (CYDEF),	0	0	0	0	0	0	0	0	0	0	0	0
			Cyber Self-Defense	0	0	0	0	0	0	0	0	0	0	0	0
			Cyberani Solutions	0	0	0	0	0	0	0	0	0	0	0	0
			CYBERCAL	0	0	0	0	0	0	0	0	0	0	0	0
			Cybercx	0	0	0	0	0	0	0	0	0	0	0	0
			CyberHive Security	0	0	0	0	0	0	0	0	0	0	0	0
			CyberKnight Technologies	0	0	0	0	0	0	0	0	0	0	0	0
			CYBERLINX	0	0	0	0	0	0	0	0	0	0	0	0
			CyberMonks GmbH	0	0	0	0	0	0	0	0	0	0	0	0
			CyberNest Secure	0	0	0	0	0	0	0	0	0	0	0	0
			CyberOne	0	0	0	0	0	0	0	0	0	0	0	0
			CyberOne Security	0	0	0	0	0	0	0	0	0	0	0	0
			CyberOne, LLC	0	0	0	0	0	0	0	0	0	0	0	0
			CYBERSEL	0	0	0	0	0	0	0	0	0	0	0	0
			CYBERSWAT (GROUPE CYBERSWAT INC.)	0	0	1122.97	0	0	0	0	0	0	0	0	0
			CYBERUM	0	0	0	0	0	0	0	0	0	0	0	0
			Cybolt	0	0	0	0	0	0	0	0	0	0	0	0
			Cyderes Group LLC	0	0	0	0	0	0	0	0	0	0	0	0
			Cyderes Inc	0	0	0	0	0	0	0	0	0	0	0	0
			CynergisTek, Inc.	0	0	0	0	0	0	0	0	0	0	0	0
			CYOLOGY LABS	0	0	0	0	0	0	0	0	0	0	0	0
			Cyvault	0	0	0	0	0	0	0	0	0	0	0	0
			Daiwabo Information System Co., Ltd.	0	0	0	0	0	0	0	0	0	0	0	0
			DANSLENUAGE.QUEBEC INC	0	0	0	0	0	0	0	0	0	0	0	0
			DANYSOFT INTERNACIONAL, S.L.	0	0	0	0	0	0	0	0	0	0	0	0
			Dar Beta	0	0	0	0	0	0	0	0	0	0	0	0
			Dartalis	0	0	0	0	0	0	0	0	0	0	0	0
			Dasher Technologies, Inc.	0	0	0	0	0	0	0	0	0	0	0	0
			Data Partner Inc.	0	0	0	0	0	0	0	0	0	0	0	0
			Data Processing Services Inc.	0	0	0	0	0	0	0	0	0	0	0	0
			Data Protect Support	0	0	0	0	0	0	0	0	0	0	0	0
			Data Sec	0	0	0	0	0	0	0	0	0	0	0	0
			Data World Computer & Communication	0	0	0	0	0	0	0	0	0	0	0	0
			Data#3	0	0	0	0	0	0	0	0	0	0	0	0
... [truncated at 400 non-empty rows; sheet has 1596 rows]

===== SHEET: Region List (20r x 1c) =====
Row Labels
ARGENTINA
AUSTRALIA
CANADA
COLOMBIA
FRANCE
GERMANY
INDIA
ISRAEL
JAPAN
MALAYSIA
MEXICO
MOROCCO
SAUDI ARABIA
SINGAPORE
SPAIN
UNITED ARAB EMIRATES
UNITED KINGDOM
UNITED STATES
(blank)

===== SHEET: Sub Region List (194r x 17c) =====
	Country	Sales Region	Geographic area	2025-01-01 00:00:00	2025-02-01 00:00:00	2025-03-01 00:00:00	2025-04-01 00:00:00	2025-05-01 00:00:00	2025-06-01 00:00:00	2025-07-01 00:00:00	2025-08-01 00:00:00	2025-09-01 00:00:00	2025-10-01 00:00:00	2025-11-01 00:00:00	2025-12-01 00:00:00	% Total
	Angola	EMEA	Africa - English	0	0	0	0	0	0	0	0	0	0	0	0	0
	Botswana	EMEA	Africa - English	0	0	0	0	0	0	0	0	0	0	0	0	0
	Burundi	EMEA	Africa - English	0	0	0	0	0	0	0	0	0	0	0	0	0
	Cape Verde	EMEA	Africa - English	0	0	0	0	0	0	0	0	0	0	0	0	0
	Central African Republic	EMEA	Africa - English	0	0	0	0	0	0	0	0	0	0	0	0	0
	Comoros	EMEA	Africa - English	0	0	0	0	0	0	0	0	0	0	0	0	0
	Congo	EMEA	Africa - English	0	0	0	0	0	0	0	0	0	0	0	0	0
	Congo, Democratic Republic	EMEA	Africa - English	0	0	0	0	0	0	0	0	0	0	0	0	0
	Eritrea	EMEA	Africa - English	0	0	0	0	0	0	0	0	0	0	0	0	0
	Ethiopia	EMEA	Africa - English	0	0	0	0	0	0	0	0	0	0	0	0	0
	Gambia	EMEA	Africa - English	0	0	0	0	0	0	0	0	0	0	0	0	0
	Ghana	EMEA	Africa - English	0	0	0	0	0	0	0	0	0	0	0	0	0
	Guinea	EMEA	Africa - English	0	0	0	0	0	0	0	0	0	0	0	0	0
	Guinea-Bissau	EMEA	Africa - English	0	0	0	0	0	0	0	0	0	0	0	0	0
	Kenya	EMEA	Africa - English	0	0	0	0	0	0	0	0	0	0	0	0	0
	Liberia	EMEA	Africa - English	0	0	0	0	0	0	0	0	0	0	0	0	0
	Malawi	EMEA	Africa - English	0	0	0	0	0	0	0	0	0	0	0	0	0
	Mauritania	EMEA	Africa - English	0	0	0	0	0	0	0	0	0	0	0	0	0
	Mozambique	EMEA	Africa - English	0	0	0	0	0	0	0	0	0	0	0	0	0
	Namibia	EMEA	Africa - English	0	0	0	0	0	0	0	0	0	0	0	0	0
	Niger	EMEA	Africa - English	0	0	0	0	0	0	0	0	0	0	0	0	0
	Nigeria	EMEA	Africa - English	0	0	0	0	0	0	0	0	0	0	0	0	0
	Rwanda	EMEA	Africa - English	0	0	0	0	0	0	0	0	0	0	0	0	0
	Saint Helena	EMEA	Africa - English	0	0	0	0	0	0	0	0	0	0	0	0	0
	Sao Tome and Principe	EMEA	Africa - English	0	0	0	0	0	0	0	0	0	0	0	0	0
	Seychelles	EMEA	Africa - English	0	0	0	0	0	0	0	0	0	0	0	0	0
	Sierra Leone	EMEA	Africa - English	0	0	0	0	0	0	0	0	0	0	0	0	0
	Somalia	EMEA	Africa - English	0	0	0	0	0	0	0	0	0	0	0	0	0
	South Sudan	EMEA	Africa - English	0	0	0	0	0	0	0	0	0	0	0	0	0
	Sudan	EMEA	Africa - English	0	0	0	0	0	0	0	0	0	0	0	0	0
	Swaziland	EMEA	Africa - English	0	0	0	0	0	0	0	0	0	0	0	0	0
	Tanzania	EMEA	Africa - English	0	0	0	0	0	0	0	0	0	0	0	0	0
	Uganda	EMEA	Africa - English	0	0	0	0	0	0	0	0	0	0	0	0	0
	Western Sahara	EMEA	Africa - English	0	0	0	0	0	0	0	0	0	0	0	0	0
	Zambia	EMEA	Africa - English	0	0	0	0	0	0	0	0	0	0	0	0	0
	Zimbabwe	EMEA	Africa - English	0	0	0	0	0	0	0	0	0	0	0	0	0
	Lesotho	EMEA	Africa - English	0	0	0	0	0	0	0	0	0	0	0	0	0
	Mauritius	EMEA	Africa - English	0	0	0	0	0	0	0	0	0	0	0	0	0
	South Africa	EMEA	Africa - English	0	0	0	0	0	0	0	0	0	0	0	0	0
	Equatorial Guinea	EMEA	Africa - English	0	0	0	0	0	0	0	0	0	0	0	0	0
	Benin	EMEA	Africa - French	0	0	0	0	0	0	0	0	0	0	0	0	0
	Chad	EMEA	Africa - French	0	0	0	0	0	0	0	0	0	0	0	0	0
	Djibouti	EMEA	Africa - French	0	0	0	0	0	0	0	0	0	0	0	0	0
	Madagascar	EMEA	Africa - French	0	0	0	0	0	0	0	0	0	0	0	0	0
	Togo	EMEA	Africa - French	0	0	0	0	0	0	0	0	0	0	0	0	0
	Algeria	EMEA	Africa - French	0	0	0	0	0	0	0	0	0	0	0	0	0
	Burkina Faso	EMEA	Africa - French	0	0	0	0	0	0	0	0	0	0	0	0	0
	Cameroon	EMEA	Africa - French	0	0	0	0	0	0	0	0	0	0	0	0	0
	Cote d'Ivoire	EMEA	Africa - French	0	0	0	0	0	0	0	0	0	0	0	0	0
	Gabon	EMEA	Africa - French	0	0	0	0	0	0	0	0	0	0	0	0	0
	Mali	EMEA	Africa - French	0	0	0	0	0	0	0	0	0	0	0	0	0
	Mayotte	EMEA	Africa - French	0	0	0	0	0	0	0	0	0	0	0	0	0
	Morocco	EMEA	Africa - French	0	0	0	0	0	0	0	0	0	0	0	0	0
	Reunion	EMEA	Africa - French	0	0	0	0	0	0	0	0	0	0	0	0	0
	Senegal	EMEA	Africa - French	0	0	0	0	0	0	0	0	0	0	0	0	0
	Tunisia	EMEA	Africa - French	0	0	0	0	0	0	0	0	0	0	0	0	0
	American Samoa	APAC	ANZ	0	0	0	0	0	0	0	0	0	0	0	0	0
	Australia	APAC	ANZ	349544.33093215484	260516.83085714275	224313.20502380948	283359.12966666673	0	0	0	0	0	0	0	0	0.13056676524060595
	Christmas Island	APAC	ANZ	0	0	0	0	0	0	0	0	0	0	0	0	0
	Cocos (Keeling) Islands	APAC	ANZ	0	0	0	0	0	0	0	0	0	0	0	0	0
	Cook Islands	APAC	ANZ	0	0	0	0	0	0	0	0	0	0	0	0	0
	East Timor	APAC	ANZ	0	0	0	0	0	0	0	0	0	0	0	0	0
	Fiji Islands	APAC	ANZ	0	0	0	0	0	0	0	0	0	0	0	0	0
	French Polynesia	APAC	ANZ	0	0	0	0	0	0	0	0	0	0	0	0	0
	Guam	APAC	ANZ	0	0	0	0	0	0	0	0	0	0	0	0	0
	Kiribati	APAC	ANZ	0	0	0	0	0	0	0	0	0	0	0	0	0
	Marshall Islands	APAC	ANZ	0	0	0	0	0	0	0	0	0	0	0	0	0
	Micronesia	APAC	ANZ	0	0	0	0	0	0	0	0	0	0	0	0	0
	Nauru	APAC	ANZ	0	0	0	0	0	0	0	0	0	0	0	0	0
	New Caledonia	APAC	ANZ	0	0	0	0	0	0	0	0	0	0	0	0	0
	New Zealand	APAC	ANZ	0	0	0	0	0	0	0	0	0	0	0	0	0
	Norfolk Island	APAC	ANZ	0	0	0	0	0	0	0	0	0	0	0	0	0
	Northern Mariana Island	APAC	ANZ	0	0	0	0	0	0	0	0	0	0	0	0	0
	Pacific Islands Trust Tr	APAC	ANZ	0	0	0	0	0	0	0	0	0	0	0	0	0
	Palau	APAC	ANZ	0	0	0	0	0	0	0	0	0	0	0	0	0
	Papua New Guinea	APAC	ANZ	0	0	0	0	0	0	0	0	0	0	0	0	0
	Samoa	APAC	ANZ	0	0	0	0	0	0	0	0	0	0	0	0	0
	Solomon Islands	APAC	ANZ	0	0	0	0	0	0	0	0	0	0	0	0	0
	Timor-Leste	APAC	ANZ	0	0	0	0	0	0	0	0	0	0	0	0	0
	Tokelau	APAC	ANZ	0	0	0	0	0	0	0	0	0	0	0	0	0
	Tonga	APAC	ANZ	0	0	0	0	0	0	0	0	0	0	0	0	0
	Tuvalu	APAC	ANZ	0	0	0	0	0	0	0	0	0	0	0	0	0
	Vanuatu	APAC	ANZ	0	0	0	0	0	0	0	0	0	0	0	0	0
	Wallis & Futuna Islands	APAC	ANZ	0	0	0	0	0	0	0	0	0	0	0	0	0
	Austria	EMEA	DACH	0	0	0	0	0	0	0	0	0	0	0	0	0
	Germany	EMEA	DACH	20865.028	19940.88766666667	69985.74333333333	57004.5476076555	0	0	0	0	0	0	0	0	0.019600922747153637
	Liechtenstein	EMEA	DACH	0	0	0	0	0	0	0	0	0	0	0	0	0
	Switzerland	EMEA	DACH	0	0	0	0	0	0	0	0	0	0	0	0	0
	Albania	EMEA	Eastern Europe	0	0	0	0	0	0	0	0	0	0	0	0	0
	Armenia	EMEA	Eastern Europe	0	0	0	0	0	0	0	0	0	0	0	0	0
	Azerbaijan	APAC	Eastern Europe	0	0	0	0	0	0	0	0	0	0	0	0	0
	Belarus	EMEA	Eastern Europe	0	0	0	0	0	0	0	0	0	0	0	0	0
	Bosnia and Herzegovina	EMEA	Eastern Europe	0	0	0	0	0	0	0	0	0	0	0	0	0
	Bulgaria	EMEA	Eastern Europe	0	0	0	0	0	0	0	0	0	0	0	0	0
	Croatia	EMEA	Eastern Europe	0	0	0	0	0	0	0	0	0	0	0	0	0
	Czech Republic	EMEA	Eastern Europe	0	0	0	0	0	0	0	0	0	0	0	0	0
	Estonia	EMEA	Eastern Europe	0	0	0	0	0	0	0	0	0	0	0	0	0
	Georgia	EMEA	Eastern Europe	0	0	0	0	0	0	0	0	0	0	0	0	0
	Hungary	EMEA	Eastern Europe	0	0	0	0	0	0	0	0	0	0	0	0	0
	Kosovo	EMEA	Eastern Europe	0	0	0	0	0	0	0	0	0	0	0	0	0
	Kyrgyzstan	EMEA	Eastern Europe	0	0	0	0	0	0	0	0	0	0	0	0	0
	Latvia	EMEA	Eastern Europe	0	0	0	0	0	0	0	0	0	0	0	0	0
	Lithuania	EMEA	Eastern Europe	0	0	0	0	0	0	0	0	0	0	0	0	0
	Macedonia	EMEA	Eastern Europe	0	0	0	0	0	0	0	0	0	0	0	0	0
	Moldova	EMEA	Eastern Europe	0	0	0	0	0	0	0	0	0	0	0	0	0
	Montenegro	EMEA	Eastern Europe	0	0	0	0	0	0	0	0	0	0	0	0	0
	Poland	EMEA	Eastern Europe	0	0	0	0	0	0	0	0	0	0	0	0	0
	Romania	EMEA	Eastern Europe	0	0	0	0	0	0	0	0	0	0	0	0	0
	Serbia	EMEA	Eastern Europe	0	0	0	0	0	0	0	0	0	0	0	0	0
	Slovakia	EMEA	Eastern Europe	0	0	0	0	0	0	0	0	0	0	0	0	0
	Slovenia	EMEA	Eastern Europe	0	0	0	0	0	0	0	0	0	0	0	0	0
	Tajikistan	EMEA	Eastern Europe	0	0	0	0	0	0	0	0	0	0	0	0	0
	Turkmenistan	EMEA	Eastern Europe	0	0	0	0	0	0	0	0	0	0	0	0	0
	Ukraine	EMEA	Eastern Europe	0	0	0	0	0	0	0	0	0	0	0	0	0
	Uzbekistan	EMEA	Eastern Europe	0	0	0	0	0	0	0	0	0	0	0	0	0
	Turkey	EMEA	Eastern Europe	0	0	0	0	0	0	0	0	0	0	0	0	0
	Russian Federation	EMEA	Eastern Europe	0	0	0	0	0	0	0	0	0	0	0	0	0
	Cyprus	EMEA	Eastern Europe	0	0	0	0	0	0	0	0	0	0	0	0	0
	Greece	EMEA	Eastern Europe	0	0	0	0	0	0	0	0	0	0	0	0	0
	Israel	EMEA	Eastern Europe	31750.54	113469.56	43372.223333333335	62602.87	0	0	0	0	0	0	0	0	0.029343080386170978
	Japan	APAC	Japan	11391	15944.253599999998	0	0	0	0	0	0	0	0	0	0	0.003193136513152903
	Egypt	EMEA	Middle East	0	0	0	0	0	0	0	0	0	0	0	0	0
	Libya	EMEA	Middle East	0	0	0	0	0	0	0	0	0	0	0	0	0
	Yemen	EMEA	Middle East	0	0	0	0	0	0	0	0	0	0	0	0	0
	Afghanistan	EMEA	Middle East	0	0	0	0	0	0	0	0	0	0	0	0	0
	Bahrain	EMEA	Middle East	0	0	0	0	0	0	0	0	0	0	0	0	0
	Iran	EMEA	Middle East	0	0	0	0	0	0	0	0	0	0	0	0	0
	Iraq	EMEA	Middle East	0	0	0	0	0	0	0	0	0	0	0	0	0
	Jordan	EMEA	Middle East	0	0	0	0	0	0	0	0	0	0	0	0	0
	Kuwait	EMEA	Middle East	0	0	0	0	0	0	0	0	0	0	0	0	0
	Lebanon	EMEA	Middle East	0	0	0	0	0	0	0	0	0	0	0	0	0
	Oman	EMEA	Middle East	0	0	0	0	0	0	0	0	0	0	0	0	0
	Palestine	EMEA	Middle East	0	0	0	0	0	0	0	0	0	0	0	0	0
	Qatar	EMEA	Middle East	0	0	0	0	0	0	0	0	0	0	0	0	0
	Saudi Arabia	EMEA	Middle East	251406.3251746411	652918.1344959517	172342.83990990988	64471.415	0	0	0	0	0	0	0	0	0.13330081913340555
	Syria	EMEA	Middle East	0	0	0	0	0	0	0	0	0	0	0	0	0
	United Arab Emirates	EMEA	Middle East	0	0	0	0	0	0	0	0	0	0	0	0	0
	Belgium	EMEA	Nordics	0	0	0	0	0	0	0	0	0	0	0	0	0
	Denmark	EMEA	Nordics	0	0	0	0	0	0	0	0	0	0	0	0	0
	Faroe Islands	EMEA	Nordics	0	0	0	0	0	0	0	0	0	0	0	0	0
	Finland	EMEA	Nordics	0	0	0	0	0	0	0	0	0	0	0	0	0
	Greenland	EMEA	Nordics	0	0	0	0	0	0	0	0	0	0	0	0	0
	Iceland	EMEA	Nordics	0	0	0	0	0	0	0	0	0	0	0	0	0
	Netherlands	EMEA	Nordics	0	0	0	0	0	0	0	0	0	0	0	0	0
	Norway	EMEA	Nordics	0	0	0	0	0	0	0	0	0	0	0	0	0
	Svalbard	EMEA	Nordics	0	0	0	0	0	0	0	0	0	0	0	0	0
	Sweden	EMEA	Nordics	0	0	0	0	0	0	0	0	0	0	0	0	0
	Akrotiri	EMEA	Nordics	0	0	0	0	0	0	0	0	0	0	0	0	0
	Dehkelia	EMEA	Nordics	0	0	0	0	0	0	0	0	0	0	0	0	0
	Bangladesh	APAC	SAARC	0	0	0	0	0	0	0	0	0	0	0	0	0
	Bhutan	APAC	SAARC	0	0	0	0	0	0	0	0	0	0	0	0	0
	British Indian Ocean Territory	APAC	SAARC	0	0	0	0	0	0	0	0	0	0	0	0	0
	India	APAC	SAARC	34415.64	21258.2	169428.1037142857	83397.44550877193	0	0	0	0	0	0	0	0	0.03603700475687245
	Maldives	APAC	SAARC	0	0	0	0	0	0	0	0	0	0	0	0	0
	Nepal	APAC	SAARC	0	0	0	0	0	0	0	0	0	0	0	0	0
	Pakistan	APAC	SAARC	0	0	0	0	0	0	0	0	0	0	0	0	0
	Sri Lanka	APAC	SAARC	0	0	0	0	0	0	0	0	0	0	0	0	0
	France	EMEA	South Europe - French	29190.530000000002	36876.1941025641	82154.30050000001	49811.19	0	0	0	0	0	0	0	0	0.023132907580852995
	Luxembourg	EMEA	South Europe - French	0	0	0	0	0	0	0	0	0	0	0	0	0
	Monaco	EMEA	South Europe - French	0	0	0	0	0	0	0	0	0	0	0	0	0
	Italy	EMEA	South Europe - Other	0	0	0	0	0	0	0	0	0	0	0	0	0
	Portugal	EMEA	South Europe - Other	0	0	0	0	0	0	0	0	0	0	0	0	0
	San Marino	EMEA	South Europe - Other	0	0	0	0	0	0	0	0	0	0	0	0	0
	Vatican	EMEA	South Europe - Other	0	0	0	0	0	0	0	0	0	0	0	0	0
	Andorra	EMEA	South Europe - Spanish	0	0	0	0	0	0	0	0	0	0	0	0	0
	Spain	EMEA	South Europe - Spanish	95885.05764285696	209510.38181225688	98734.49480576467	513086.442785713	0	0	0	0	0	0	0	0	0.10714358633238699
	Azerbaijan	APAC	Southeast Asia	0	0	0	0	0	0	0	0	0	0	0	0	0
	Brunei Darussalam	APAC	Southeast Asia	0	0	0	0	0	0	0	0	0	0	0	0	0
	Cambodia	APAC	Southeast Asia	0	0	0	0	0	0	0	0	0	0	0	0	0
	China	APAC	Southeast Asia	0	0	0	0	0	0	0	0	0	0	0	0	0
	Hong Kong	APAC	Southeast Asia	0	0	0	0	0	0	0	0	0	0	0	0	0
	Indonesia	APAC	Southeast Asia	0	0	0	0	0	0	0	0	0	0	0	0	0
	Kazakhstan	APAC	Southeast Asia	0	0	0	0	0	0	0	0	0	0	0	0	0
	Laos	APAC	Southeast Asia	0	0	0	0	0	0	0	0	0	0	0	0	0
	Macau	APAC	Southeast Asia	0	0	0	0	0	0	0	0	0	0	0	0	0
	Malaysia	APAC	Southeast Asia	138344.5981666667	193977.52380769234	118045.5181025641	168874.58577472524	0	0	0	0	0	0	0	0	0.07233607526703083
	Mongolia	APAC	Southeast Asia	0	0	0	0	0	0	0	0	0	0	0	0	0
	Myanmar	APAC	Southeast Asia	0	0	0	0	0	0	0	0	0	0	0	0	0
	North Korea	APAC	Southeast Asia	0	0	0	0	0	0	0	0	0	0	0	0	0
	Philippines	APAC	Southeast Asia	0	0	0	0	0	0	0	0	0	0	0	0	0
	Singapore	APAC	Southeast Asia	0	0	0	0	0	0	0	0	0	0	0	0	0
	South Korea	APAC	Southeast Asia	0	0	0	0	0	0	0	0	0	0	0	0	0
	Taiwan	APAC	Southeast Asia	0	0	0	0	0	0	0	0	0	0	0	0	0
	Thailand	APAC	Southeast Asia	0	0	0	0	0	0	0	0	0	0	0	0	0
	Vietnam	APAC	Southeast Asia	0	0	0	0	0	0	0	0	0	0	0	0	0
	Malta	EMEA	UKI	0	0	0	0	0	0	0	0	0	0	0	0	0
	Gibraltar	EMEA	UKI	0	0	0	0	0	0	0	0	0	0	0	0	0
	Guernsey	EMEA	UKI	0	0	0	0	0	0	0	0	0	0	0	0	0
	Ireland	EMEA	UKI	0	0	0	0	0	0	0	0	0	0	0	0	0
	Jersey	EMEA	UKI	0	0	0	0	0	0	0	0	0	0	0	0	0
	United Kingdom	EMEA	UKI	1111852.1759069725	693176.0895684463	1382409.3178898871	625001.2694220771	0	0	0	0	0	0	0	0	0.44534570204236773
	Total			2074645.225823292	2217588.055910721	2360785.746612888	1907608.8957656096	0	0	0	0	0	0	0	0	8560627.92411251

===== SHEET: Misc List (43r x 18c) =====
	Month	Quarter	January	February	March	April	May	June	July	August	September	October	November	December		Region	Global Region
	2023-01-01 00:00:00	Q1 '23	1													US	NA
	2023-02-01 00:00:00	Q1 '23	1	1												INTL	EMEA
	2023-03-01 00:00:00	Q1 '23	1	1	1											CANADA	NA
	2023-04-01 00:00:00	Q2 '23	1	1	1	1										UNITED KINGDOM	EMEA
	2023-05-01 00:00:00	Q2 '23	1	1	1	1	1									FRANCE	EMEA
	2023-06-01 00:00:00	Q2 '23	1	1	1	1	1	1								UNITED STATES	NA
	2023-07-01 00:00:00	Q3 '23	1	1	1	1	1	1	1							ARGENTINA	LATAM
	2023-08-01 00:00:00	Q3 '23	1	1	1	1	1	1	1	1						SPAIN	EMEA
	2023-09-01 00:00:00	Q3 '23	1	1	1	1	1	1	1	1	1					GERMANY	EMEA
	2023-10-01 00:00:00	Q4 '23	1	1	1	1	1	1	1	1	1	1				INDIA	APAC
	2023-11-01 00:00:00	Q4 '23	1	1	1	1	1	1	1	1	1	1	1			AUSTRALIA	APAC
	2023-12-01 00:00:00	Q4 '23	1	1	1	1	1	1	1	1	1	1	1	1		MALAYSIA	APAC
	2024-01-01 00:00:00	Q1 '24	1													ISRAEL	EMEA
	2024-02-01 00:00:00	Q1 '24	1	1												SINGAPORE	APAC
	2024-03-01 00:00:00	Q1 '24	1	1	1											ARMENIA	EMEA
	2024-04-01 00:00:00	Q2 '24	1	1	1	1										JAPAN	APAC
	2024-05-01 00:00:00	Q2 '24	1	1	1	1	1									MEXICO	NA
	2024-06-01 00:00:00	Q2 '24	1	1	1	1	1	1								NETHERLANDS	EMEA
	2024-07-01 00:00:00	Q3 '24	1	1	1	1	1	1	1							MOROCCO	EMEA
	2024-08-01 00:00:00	Q3 '24	1	1	1	1	1	1	1	1						SAUDI ARABIA	EMEA
	2024-09-01 00:00:00	Q3 '24	1	1	1	1	1	1	1	1	1					UNITED ARAB EMIRATES	EMEA
	2024-10-01 00:00:00	Q4 '24	1	1	1	1	1	1	1	1	1	1				COLOMBIA	LATAM
	2024-11-01 00:00:00	Q4 '24	1	1	1	1	1	1	1	1	1	1	1			New Zealand	APAC
	2024-12-01 00:00:00	Q4 '24	1	1	1	1	1	1	1	1	1	1	1	1		Switzerland	EMEA
	2025-01-01 00:00:00	Q1 '25	1													USA	NA
	2025-02-01 00:00:00	Q1 '25	1	1												Tunisia	EMEA
	2025-03-01 00:00:00	Q1 '25	1	1	1											New Caledonia	APAC
	2025-04-01 00:00:00	Q2 '25	1	1	1	1										South Africa	EMEA
	2025-05-01 00:00:00	Q2 '25	1	1	1	1	1									Belgium	EMEA
	2025-06-01 00:00:00	Q2 '25	1	1	1	1	1	1								Denmark	EMEA
	2025-07-01 00:00:00	Q3 '25	1	1	1	1	1	1	1							Thailand	APAC
	2025-08-01 00:00:00	Q3 '25	1	1	1	1	1	1	1	1						Cyprus	EMEA
	2025-09-01 00:00:00	Q3 '25	1	1	1	1	1	1	1	1	1					Monaco	EMEA
	2025-10-01 00:00:00	Q4 '25	1	1	1	1	1	1	1	1	1	1				United States Virgin Islands	NA
	2025-11-01 00:00:00	Q4 '25	1	1	1	1	1	1	1	1	1	1	1			Luxembourg	EMEA
	2025-12-01 00:00:00	Q4 '25	1	1	1	1	1	1	1	1	1	1	1	1		Mali	EMEA
																Italy	EMEA
																Greece	EMEA
																Puerto Rico	LATAM
																Gabon	EMEA
																Ivory Coast	EMEA

===== SHEET: Partner Cleanup (1741r x 4c) =====
Revised Partner		Partner Duplicate Cleanup	Correct Name
2SB Security Solutions 4 Business		Axians
3i Infotech		Axians IT Security GmbH - IT Security Spezialist
3S Soft Company, Ltd.		AXIANS NOUVELLE CALEDONIE
4Prime sp. z o.o.
802 Networks bvba		BAE Systems Australia
A & T Systems Inc.		BAE Systems Marine Ltd
A&C International Trading Service Company
A. Baggenstos & Co. AG -IT Services and Solutions		Bechtle Brussels NV
AAA Bits Consulting Ltd.		Bechtle Comsoft
ABBA NETWORKS S.A.P.I. DE C.V.		Bechtle direct GmbH
Abbakan France		Bechtle GmbH - Freiburg
Able-One Systems Inc		Bechtle GmbH, IT-Systemhaus Wien
ABPCyber Pte. Ltd. fka Tindo Pte Ltd		Bechtle Group BE Public NV
Absolute Performance		Bechtle Logistik & Service GmbH
ACA Pacific Technology (M)		Bechtle Schweiz AG
ACADEMIA
Accenture		Bell
Accenture-Proquire / Chicago		Bell Business Markets
Access 2 Networks
Access Path Software Solutions Inc		Black Cube Technologies
AccessAgility LLC		Blue Cube Security
AccessIT Group
AccessIT Group Inc.		Bytes Security Partnerships (BSP)
Acclivis		Bytes Software Services Ltd
Accolm		Bytes Technology Group
Accudata Systems
ACE TECHNOLOGY INC		Carousel
Acelium Inc.		Carousel Industries
ACESI
ACLEDA Bank PLC		CCS Consultores S.A.
ACMI		CCS Media
ACP IT Solutions GmbH
ACPL Systems Pvt. Ltd.		CHASS Computer Consultants (M) Sdn Bhd
Acronym IT - US		CHASSasia (Singapore) Pte Ltd
Acsis Technologies Pty Ltd
Active Logistics AG		Cisco
ActivEdge Technologies		CISO Global
ACW Distribution (Philippines), Inc.
Adacom S.A.		Climb Channel Solutions - UK
ADD Systems		Climb Channel Solutions - US
Adexsus S.A.		Clip Tecnologia SAC
AdmTools		Clip Tecnología SAS
Advanced Computer Concepts		CLIP Tecnologia SpA
Advanced Network Systems, Inc.
Advanced Technical Solutions		ComputerLand
AdvancedBITS		ComputerLand UK Ltd
Advania Norge AS
Advens		Controlware GmbH Kommunikationssysteme (F)
Affinity Technology Solutions Inc		Controlware GmbH Kommunikationssysteme (M)
Agesys
Agilant Solutions, Inc.		Crucial Systems  and  Services
Agile Technology Architects		Crucial Systems and Services
AGIO
AgVantage Software, Inc		DELL
AHA Computer Co. Ltd		Dell - ASAP Software
Ahead		Dell | ASAP Software
AIS International Inc.		Dell Inc. - Texas
AITEK SERVICES PTE. LTD.
AITG Solutions		Excellium Services Belgium S.A.
AKAT Technologies		Excellium Services S.A.
AKC - Alexander Kreuch Consulting
Akhter		GBM de Guatemala, S. A.
Al Moammar Information Systems Co. (MIS)		GBM de Panamá S.A.
Alacrinet Consulting Services, Inc
Alanata		GuidePoint Security
Alarmspro, Inc.		GuidePoint Security / Federal
ALEDIT PROFESSIONAL SERVICES
Alert IT Solutions		IBM
Alert Security AB		IBM Deutschland - Fortra
Alicornio Africa (Pty) Ltd
Alinto		Infotec / ITSco
Aliran Digital Sdn Bhd		Infotech Private Limited
All Covered, Inc.
Allround Computer Service B.V.		Insight
Almond Consulting		Insight - Canada
AL-Networks GmbH		Insight - UK
Alpha Data		Insight - US
ALSO Spain (ex IREO Soluciones)		Insight / AZ
Altisec Technologies Private Limited		Insight Canada
Altisec Technologies Pvt.Ltd.		Insight Direct (UK) Ltd
ALUS Outsourcing Servico Ltda - EPP		Insight Direct UK
Amazing (HK) Trading Ltd.		Insight Enterprises
Amazon Web Services		Insight Enterprises Australia Pty Ltd
AMDOCS INFORMATION SECURITY		Insight Enterprises Hong Kong
American Top Tools		Insight Enterprises, Inc.
AmiViz		Insight Group
Amnesium Pty Ltd		Insight Public Sector - New Jersey T3121
AMSi Networks		Insight Technology Solutions SAS
An4 Group Ltd
Anacapa Micro Products, Inc.		INTELCOM
Analyse & Design Computer Consulting GmbH		INTELCOM COURRIER CANADA INC.
Andritz AG
anykey IT AG		Logicworks
AnyKey Technologies		Logicworks MSP
AnySoft.pl Rejestracja Oprogramowania
Apex Solutions Limited		MICRO TECH
apia systemhaus gmbh		MicroTech
APICIL TRANSVERSE
Aplidigital Comercio e Servicos de Tecnologia LTDA		Nixu
Apple, Inc		Nixu A/S
Applied Technology Services
Applitec Optimizing, S.L		NTT Data
APTEC		NTT DATA Deutschland GmbH - Ettlingen
Aptum
Aqaio GmbH		Optiv
Aquanta Ingeniería Computación SPA		Optiv / Federal
Aqueduct Technologies
Aquion		Orange Cyberdefense Belgium nv
Arab System House ( ASH )		Orange Cyberdefense France
araneaNET		Orange Cyberdefense Sweden AB
Arbor Solutions, Inc.
Architechture Solutions, LLC		Paramount Computer Systems
Archiva Group		Paramount Computers  Kuwait
Arctiq Inc
Aria Data Solutions		Presidio
AristoSOC		Presidio Government Solutions, LLC
Arkray America, Inc.
Arktos Inc.		S.I.T. GmbH & Co. KG
ARKYS SYSTÈMES		S.I.T. Secure Internet Traffic
Armadillo Managed Services
Arnold & Porter		Seclore
Artsyl		Seclore - B
AS400 Services Pty. Ltd.
Asecure (M) Sdn Bhd		SHI
Asentria		SHI Canada ULC
Asgent, Inc		SHI Corp
ASI System Integration		SHI Global IT Solutions Ireland Limited
Asiapeak		SHI International
ASIC S.A.S.		SHI International Corp
ASM Technologies GmbH		SHI INTERNATIONAL SAS
ASM Technologies Ltd
ASMPT		SMLB Alternative Distribution SAS
ASMtech		SMLB-NEXT
Aspire Technology Solutions
Asseco SEE		Softron
ASSERTIVA		Softron Argentina
Associated Computer Systems, Ltd.
Assurance Data, Inc./ Federal		SoftwareONE
ASSURANCE IT		SoftwareONE (US)
AstonVertu
Asystec S.A.		Solpac (Thailand) Co., Ltd.
AT&T		SOLPAC Co. Ltd.
Atayo Group, Inc.		SOLPAC Company - Japan
Atea A/S		Solpac Holdings (Thailand) Co., Ltd.
Atea Sverige AB
Atkins		Syntax Systems Limited
Atlantic Data Security		Syntax Systems USA, LP
Atlas Consulting Limited
Atos		Tech Mahindra Limited
ATS Networks		Tech Mahindra Vietnam Company Limited
ATSG (Axispoint Technology Solutions Group, Inc.)
Autom8 Australia		Tech Titan
AUTOMATE BRASIL - CIBER DATA SISTEMA DE INFORMAÇÃO LTDA		Tech Titan Distribution Company Limited
Auxilion Ireland Limited		Tech Titan Distribution Company Limited - Thailand
Avant Communications		Tech Titan Distribution Sdn Bhd - Malaysia
Avertium
AVILADA BUSINESS CORPORATION		TELUS Corporation
AVR International Ltd		TELUS Security Solutions HQ
Axcelerate Networks
Axelliant		Toyota Finanical Services Vietnam Company Limited
Axians		TOYOTA TSUSHO SYSTEMS US, INC.(TTS-US)
Axians IT Security GmbH - IT Security Spezialist
AXIANS NOUVELLE CALEDONIE		Yokogawa Electric Corporation
Axle Video LLC		Yokogawa Engineering
AZEUS SYSTEMS LIMITED (HONG KONG)
BA Solutions
BadgePass, Inc.
BAE Systems Australia
BAE Systems Marine Ltd
BahFed Corp
Bahrain Business Machines WLL
Bahwan IT
Bailey Computing Technologies
Baker Consultants Ltd.
Baker Hughes
BAKOTECH s.r.o.
Bakotech Sp. z o.o
Ballast Services
BAMM! Technologies LLC
Bank of Guam
Barq Systems Egypt
BARTECH SOFTWARE Y SERVICIOS S.L.
Basefarm AS
Bay Computing Co
BB2 Technology Group, Inc.
BBH Solutions, Inc.
BBR Partners
BCTI
Bechtle Brussels NV
Bechtle Comsoft
Bechtle direct GmbH
Bechtle GmbH - Freiburg
Bechtle GmbH, IT-Systemhaus Wien
Bechtle Group BE Public NV
Bechtle Logistik & Service GmbH
Bechtle Schweiz AG
BeClever
Beijing Com&Lan Corp., Ltd.
Beijing Xinheng Zhongda Technology
Belden
Bell
Bell Business Markets
BenQ Materials Corporation
Berca Indonesia
beSECURITY Pte Ltd
Beumergroup
Beximco Computers limited
BG2 Services
BGM INFORMATIQUE INC
BICES Group Executive
Bin-Control GmbH
Black Cube Technologies
BlackBridge
BlackLake Security
Blue Communications Software GmbH
Blue Cross Blue Shield of Tennessee
Blue Cube Security
Blue Tech Inc.
BlueFinch B.V.
Bluematic AG
BOC Aviation Limited
books.com Co., LTD
Boxxe Ltd
Bridgeway Communication System, Inc.
Bright Nexus (M) Sdn Bhd
Brilliant Telecommunications (Pty) Ltd
Briteskies LLC
BroCoTec
Brown & Company
Brown Enterprise Solutions
BT Global Services Belgium
BTS Pro
BTSoftware. BV - MASTER PARTNER
Bulwark Technologies LLC
Burk Consulting
Burwood Group, Inc.
Business Analysis and Solutions Inc.
Business Connexion (Pty) Ltd
Butachimie
BuyIn
BW Digitronik AG
BWG Informationssysteme GmbH
Bytes Security Partnerships (BSP)
Bytes Software Services Ltd
Bytes Technology Group
CAC Shanghai Corporation
CAD IT ESPAÑA S.A.
Cadillac Fairview
Cambridge Computer Services
CANCOM GmbH
Candex Solutions
Cap Gemini
CAPGEMINI UK PLC
Capula Limited
Carahsoft
Caretower
Caris Life Sciences
Carle Foundation Hospital
Carousel
Carousel Industries
CAS Severn, Inc - Richmond
Castle Ventures Corporation
Castor Pollux Group LLC
Caterpillar
CBTS Technology Solutions LLC
CCN Systems
CCP Software GmbH
CCS Consultores S.A.
CCS Media
CCZ BUSINESS SARL
CDI LLC
CDS Americas
CDW
Cekirdek Bilisim Teknoloji Ltd. Sti
Cell Information Technology
Centerity Systems Inc.
Central Bank Of Ireland
Central Park Data Systems
Central Square Technologies
CENTRAL TECHNOLOGY SERVICES
Certezsa Evolutiva e Integral S.A. de C.V.
CESCE
CF Industries Enterprises
CFI
Channel Solutions Inc
Charter Telecom, Inc.
CHASS Computer Consultants (M) Sdn Bhd
CHASSasia (Singapore) Pte Ltd
Checkmark
Cheops Ltd.
CHH Consulting
Chilli IT Ltd
Chongqing GoHigh Technology Development Co Ltd
Cidel Bank
Cigna
Cincinnati Bell Technology Solutions (CBTS)
Cirrus Networks PTY Ltd
Cisco
CISO Global
Citigroup
Civic Financial Services
Claritech SRL
Click Networks Inc.
Climb Channel Solutions - UK
Climb Channel Solutions - US
Clip Tecnologia SAC
Clip Tecnología SAS
CLIP Tecnologia SpA
Cloud Bridge Technologies Limited
Cloud Consultancy for Digitalization & Security
Cloud Digital Limited
Cloud Proven Networks LLC
Cloud Solutions Ltd
CloudLand B.V.
Cloudnexa Inc
Cloudreach
CloudSAFE Group, LLC
Clutch Solutions
CM1 Technologies, Inc
CMA Technology
CMCFlex
CMI
CMIT Solutions
COBALTIUM INC.
Cogate Co., Ltd.
COGITO SOFTWARE CO.,LTD
Colombeia S.A.S.
COMARCH
Combined Computer Resources
COMLINE Computer + Software Solutions SE
CommPutercations Inc
COMPLETE SOLUTION FINDER PRIVATE LIMITED
Complete Solution Finder Pte Ltd.
Compugen
Compulink Technologies
CompuNet, Inc.
Compuquip Technologies, Inc.
Computacenter (UK) Ltd
Computacenter Fusionstorm
Compu-Tech  Inc.
COMPUTER 2000 Bulgaria Ltd.
Computer Aided Logistics SL (CALS)
Computer Aware
COMPUTER BUSINESS SOLUTIONS SDN BHD
Computer Center Tanzania Ltd (CCTZ)
Computer Data Networks
Computer Gross S.P.A.
COMPUTER SYSTEMS INTEGRATION LTD
Computer Technical Services Ltd
Computer Transition Services, Inc.
ComputerLand
ComputerLand UK Ltd
Comserve Consulting Services Pte Ltd
Concentrade GmbH - The Network Security Company
Conduent Business Services, LLC
CONNECT DISTRIBUTION Sp. z o.o.
Connection
CONNEXTEK INC.
Consortium Networks, LLC
Consult Dan Cook, LLC
Consultora Tecnológica S.A.
Content Networks Sp. z o.o.
Continental Resources, Inc.
Control and Security of Data S.A. de C.V.
Controlware GmbH Kommunikationssysteme (F)
Controlware GmbH Kommunikationssysteme (M)
Converge Company
Converge Net, division de CDMS Inc.
Converge Technology Solutions
ConvergeOne
Cornerstone Research
Cornet Solutions K.K.
Cortavo
Corus Group, LLC
Cosus Computersysteme GmbH
CPI Solutions
CRA
Crayon AB
CREDE EXPERTO CZ
Cresting Wave
Critical Start
CROSS POINT SOLUTION CO LTD
Crucial Systems  and  Services
Crucial Systems and Services
CS Africa
CS Business Systems
CS Group (partner account)
CS: CEC Customer Service Ltd. (FKA: eSECTOR, LTD.)
CS: eSECTOR
CSE Gobal Limited
CSI Ltd.
CSI Technologies
CSO
CST, Inc
CT Cloud Design GmbH & Co. KG
CTC Global Sdn Bhd
CTC Technologies
CTCSP Corporation
CTG Luxembourg PSF SA
... [truncated at 400 non-empty rows; sheet has 1741 rows]