Id,Product2Id,Product2.Name,Product2.ProductCode,Product2.Family,Product2.IsActive,Pricebook2Id,Pricebook2.Name,CurrencyIsoCode,UnitPrice,IsActive
01uWC000005mZ7bYAE,01tWC00000DD1BRYA1,Device Profiler Ev Express-NewMaintenance,FIM-FIM-RNM-DPEENM,New Maintenance,true,01sWC000001yExBYAU,Fortra Derived Pricing,USD,0,true
01uWC000005mZ7cYAE,01tWC00000DD1BTYA1,Device Profiler Ev Express-RenewalMaintenance,FIM-FIM-RRM-DPEERM,Renewal Maintenance,true,01sWC000001yExBYAU,Fortra Derived Pricing,USD,0,true
01uWC000005pESkYAM,01tWC00000DD1OHYA1,GoAnywhere Premium Bundle-RenewalMaintenance,GOA-GAM-RRM-GAPBRM,Renewal Maintenance,true,01sa5000001vuxlAAA,Standard Price Book,USD,0,true
01uWC000005pESqYAM,01tWC00000DD1OMYA1,GoAnywhere Secure Folders-NewMaintenance,GOA-GAM-RNM-GASFNM,New Maintenance,true,01sa5000001vuxlAAA,Standard Price Book,USD,0,true
01uWC000005pESwYAM,01tWC00000DD1OOYA1,GoAnywhere Secure Folders-RenewalMaintenance,GOA-GAM-RRM-GASFRM,Renewal Maintenance,true,01sa5000001vuxlAAA,Standard Price Book,USD,0,true
01uWC000005pET2YAM,01tWC00000DD1OQYA1,GoAnywhere Secure Forms-NewMaintenance,GOA-GAM-RNM-GASM,New Maintenance,true,01sa5000001vuxlAAA,Standard Price Book,USD,0,true
01uWC000005pET8YAM,01tWC00000DD1OSYA1,GoAnywhere Secure Forms-RenewalMaintenance,GOA-GAM-RRM-GOANS,Renewal Maintenance,true,01sa5000001vuxlAAA,Standard Price Book,USD,0,true
01uWC000005pETEYA2,01tWC00000DD1OUYA1,GoAnywhere Secure Mail-NewMaintenance,GOA-GAM-RNM-GASMNM,New Maintenance,true,01sa5000001vuxlAAA,Standard Price Book,USD,0,true
01uWC000005pETKYA2,01tWC00000DD1OWYA1,GoAnywhere Secure Mail-RenewalMaintenance,GOA-GAM-RRM-GASMRM,Renewal Maintenance,true,01sa5000001vuxlAAA,Standard Price Book,USD,0,true
01uWC000005pETQYA2,01tWC00000DD1OYYA1,GoAnywhere Security Domains-NewMaintenance,GOA-GAM-RNM-GASDNM,New Maintenance,true,01sa5000001vuxlAAA,Standard Price Book,USD,0,true
01uWC000005pETWYA2,01tWC00000DD1OaYAL,GoAnywhere Security Domains-RenewalMaintenance,GOA-GAM-RRM-GASDRM,Renewal Maintenance,true,01sa5000001vuxlAAA,Standard Price Book,USD,0,true
01uWC000005pETcYAM,01tWC00000DD1OdYAL,GoAnywhere Services (legacy)-NewMaintenance,GOA-GAM-RNM-GASLNM,New Maintenance,true,01sa5000001vuxlAAA,Standard Price Book,USD,0,true
01uWC000005pETiYAM,01tWC00000DD1OfYAL,GoAnywhere Services (legacy)-RenewalMaintenance,GOA-GAM-RRM-GASLRM,Renewal Maintenance,true,01sa5000001vuxlAAA,Standard Price Book,USD,0,true
01uWC000005pEToYAM,01tWC00000DD1OgYAL,GoAnywhere SFTP Server-NewMaintenance,GOA-GAM-RNM-GASSNM,New Maintenance,true,01sa5000001vuxlAAA,Standard Price Book,USD,0,true
01uWC000005pETuYAM,01tWC00000DD1OiYAL,GoAnywhere SFTP Server-RenewalMaintenance,GOA-GAM-RRM-GASSRM,Renewal Maintenance,true,01sa5000001vuxlAAA,Standard Price Book,USD,0,true
01uWC000005pEU0YAM,01tWC00000DD1OkYAL,GoAnywhere Standard Agent-NewMaintenance,GOA-GAM-RNM-GASANM,New Maintenance,true,01sa5000001vuxlAAA,Standard Price Book,USD,0,true
01uWC000005pEU6YAM,01tWC00000DD1OmYAL,GoAnywhere Standard Agent-RenewalMaintenance,GOA-GAM-RRM-GASARM,Renewal Maintenance,true,01sa5000001vuxlAAA,Standard Price Book,USD,0,true
01uWC000005pEUCYA2,01tWC00000DD1OoYAL,GoAnywhere Starter Bundle-NewMaintenance,GOA-GAM-RNM-GASBNM,New Maintenance,true,01sa5000001vuxlAAA,Standard Price Book,USD,0,true
01uWC000005pHQLYA2,01tWC00000DCwVQYA1,iForms-RenewalMaintenance,DM-IFO-RRM-IFORRE,Renewal Maintenance,true,01sa5000001vuxlAAA,Standard Price Book,USD,0,true
01uWC000005pHQRYA2,01tWC00000DCwVSYA1,iForms Electronic Forms and Report Writer - Legacy-NewMaintenance,DM-IFO-RNM-IFOREF,New Maintenance,true,01sa5000001vuxlAAA,Standard Price Book,USD,0,true
01uWC000005pHTlYAM,01tWC00000DCwVUYA1,iForms Electronic Forms and Report Writer - Legacy-RenewalMaintenance,DM-IFO-RRM-IFORFA,Renewal Maintenance,true,01sa5000001vuxlAAA,Standard Price Book,USD,0,true
01uWC000005pHTrYAM,01tWC00000DCwVVYA1,IFS Tools-NewMaintenance,DM-IBM-RNM-IFSTNE,New Maintenance,true,01sa5000001vuxlAAA,Standard Price Book,USD,0,true
01uWC000005pHTxYAM,01tWC00000DCwVXYA1,IFS Tools-RenewalMaintenance,DM-IBM-RRM-IFSTRE,Renewal Maintenance,true,01sa5000001vuxlAAA,Standard Price Book,USD,0,true
01uWC000005pHU3YAM,01tWC00000DCwVZYA1,Image Viewer - Legacy-NewMaintenance,DM-WCU-RNM-IVLNEW,New Maintenance,true,01sa5000001vuxlAAA,Standard Price Book,USD,0,true
01uWC000005pHU9YAM,01tWC00000DCwVbYAL,Image Viewer - Legacy-RenewalMaintenance,DM-WCU-RRM-IVLREN,Renewal Maintenance,true,01sa5000001vuxlAAA,Standard Price Book,USD,0,true
01uWC000005pHUFYA2,01tWC00000DCwVcYAL,Imaging Barcode/OCR-NewMaintenance,DM-WCU-RNM-IBONEW,New Maintenance,true,01sa5000001vuxlAAA,Standard Price Book,USD,0,true
01uWC000005pHULYA2,01tWC00000DCwVeYAL,Imaging Barcode/OCR-RenewalMaintenance,DM-WCU-RRM-IBOREN,Renewal Maintenance,true,01sa5000001vuxlAAA,Standard Price Book,USD,0,true
01uWC000005pHURYA2,01tWC00000DCwVhYAL,Info Print Integrator/400-NewMaintenance,DM-DML-RNM-IPI4NE,New Maintenance,true,01sa5000001vuxlAAA,Standard Price Book,USD,0,true
01uWC000005pHUXYA2,01tWC00000DCwVjYAL,Info Print Integrator/400-RenewalMaintenance,DM-DML-RRM-IPI4RE,Renewal Maintenance,true,01sa5000001vuxlAAA,Standard Price Book,USD,0,true
01uWC000005pHUdYAM,01tWC00000DCwVlYAL,Information Governance Server (Registrars)-NewMaintenance,ES-SEG-RNM-IGSRNM,New Maintenance,true,01sa5000001vuxlAAA,Standard Price Book,USD,0,true
01uWC000005pHUjYAM,01tWC00000DCwVnYAL,Information Governance Server (Registrars)-RenewalMaintenance,ES-SEG-RRM-IGSRRM,Renewal Maintenance,true,01sa5000001vuxlAAA,Standard Price Book,USD,0,true
01uWC000005pHUpYAM,01tWC00000DCwVpYAL,Insite Analytics-NewMaintenance,BI-ISA-RNM-INSINE,New Maintenance,true,01sa5000001vuxlAAA,Standard Price Book,USD,0,true
01uWC000005pHV0YAM,01tWC00000DCwW1YAL,Integrated Access Control (IAC) Option - DATA CONN-NewMaintenance,CM-TQO-RNM-IACINE,New Maintenance,true,01sa5000001vuxlAAA,Standard Price Book,USD,0,true
01uWC000005pHV6YAM,01tWC00000DCwW3YAL,Integrated Access Control (IAC) Option - DATA CONN-RenewalMaintenance,CM-TQO-RRM-IACIRE,Renewal Maintenance,true,01sa5000001vuxlAAA,Standard Price Book,USD,0,true
01uWC000005pHVCYA2,01tWC00000DCwW4YAL,Integration Toolkit-NewMaintenance,DM-WFM-RNM-INTENE,New Maintenance,true,01sa5000001vuxlAAA,Standard Price Book,USD,0,true
01uWC000005pHVIYA2,01tWC00000DCwW6YAL,Integration Toolkit-RenewalMaintenance,DM-WFM-RRM-INTERE,Renewal Maintenance,true,01sa5000001vuxlAAA,Standard Price Book,USD,0,true
01uWC000005pHVOYA2,01tWC00000DCwW8YAL,Intermapper Server - Freeware-NewMaintenance,NW-INT-RNM-ISFNM,New Maintenance,true,01sa5000001vuxlAAA,Standard Price Book,USD,0,true
01uWC000005pHVUYA2,01tWC00000DCwWAYA1,Intermapper Server - Freeware-RenewalMaintenance,NW-INT-RRM-ISFRM,Renewal Maintenance,true,01sa5000001vuxlAAA,Standard Price Book,USD,0,true
01uWC000005pHVaYAM,01tWC00000DCwWBYA1,Intermapper Server-NewMaintenance,NW-INT-RNM-ISNM,New Maintenance,true,01sa5000001vuxlAAA,Standard Price Book,USD,0,true
01uWC000005pHVgYAM,01tWC00000DCwWDYA1,Intermapper Server-RenewalMaintenance,NW-INT-RRM-ISRM,Renewal Maintenance,true,01sa5000001vuxlAAA,Standard Price Book,USD,0,true
01uWC000005pHVmYAM,01tWC00000DCwWFYA1,Intermapper Server (Legacy)-NewMaintenance,NW-INT-RNM-ISLNM,New Maintenance,true,01sa5000001vuxlAAA,Standard Price Book,USD,0,true
01uWC000005pHVsYAM,01tWC00000DCwWHYA1,Intermapper Server (Legacy)-RenewalMaintenance,NW-INT-RRM-ISLRM,Renewal Maintenance,true,01sa5000001vuxlAAA,Standard Price Book,USD,0,true
01uWC000005pHVyYAM,01tWC00000DCwWJYA1,Intermapper Server Bundle-NewMaintenance,NW-INT-RNM-ISBNM,New Maintenance,true,01sa5000001vuxlAAA,Standard Price Book,USD,0,true
01uWC000005pHW4YAM,01tWC00000DCwWLYA1,Intermapper Server Bundle-RenewalMaintenance,NW-INT-RRM-ISBRM,Renewal Maintenance,true,01sa5000001vuxlAAA,Standard Price Book,USD,0,true
01uWC000005pHWAYA2,01tWC00000DCwWOYA1,Investigation Module-NewMaintenance,DP-DLP-RNM-INVENE,New Maintenance,true,01sa5000001vuxlAAA,Standard Price Book,USD,0,true
01uWC000005pHWGYA2,01tWC00000DCwWQYA1,Investigation Module-RenewalMaintenance,DP-DLP-RRM-INVERE,Renewal Maintenance,true,01sa5000001vuxlAAA,Standard Price Book,USD,0,true
01uWC000005pHWNYA2,01tWC00000DCwWYYA1,IP360 - Term Based-NewMaintenance,FIM-FIM-RNM-IP36TB,New Maintenance,true,01sa5000001vuxlAAA,Standard Price Book,USD,0,true
01uWC000005pHaIYAU,01tWC00000DD09mYAD,Network Traffic Controller-NewMaintenance,CS-DFT-RNM-NTCNM,New Maintenance,true,01sa5000001vuxlAAA,Standard Price Book,USD,0,true
01uWC000005pHaOYAU,01tWC00000DD09oYAD,Network Traffic Controller-RenewalMaintenance,CS-DFT-RRM-NTCRM,Renewal Maintenance,true,01sa5000001vuxlAAA,Standard Price Book,USD,0,true
01uWC000005pHaUYAU,01tWC00000DD09qYAD,NETWORK-Alternative Host-NewMaintenance,SM-RON-RNM-NAHNM,New Maintenance,true,01sa5000001vuxlAAA,Standard Price Book,USD,0,true
01uWC000005pHaaYAE,01tWC00000DD09sYAD,NETWORK-Alternative Host-RenewalMaintenance,SM-RON-RRM-NAHRM,Renewal Maintenance,true,01sa5000001vuxlAAA,Standard Price Book,USD,0,true
01uWC000005pHagYAE,01tWC00000DD09uYAD,NETWORK-Host-NewMaintenance,SM-RON-RNM-NHNM,New Maintenance,true,01sa5000001vuxlAAA,Standard Price Book,USD,0,true
01uWC000005pHamYAE,01tWC00000DD09wYAD,NETWORK-Host-RenewalMaintenance,SM-RON-RRM-NHRM,Renewal Maintenance,true,01sa5000001vuxlAAA,Standard Price Book,USD,0,true
01uWC000005pHasYAE,01tWC00000DD09yYAD,NETWORK-Node-NewMaintenance,SM-RON-RNM-NNNM,New Maintenance,true,01sa5000001vuxlAAA,Standard Price Book,USD,0,true
01uWC000005pHayYAE,01tWC00000DD0A0YAL,NETWORK-Node-RenewalMaintenance,SM-RON-RRM-NNRM,Renewal Maintenance,true,01sa5000001vuxlAAA,Standard Price Book,USD,0,true
01uWC000005pHb4YAE,01tWC00000DD0A2YAL,Non-Standard Core Connectors-NewMaintenance,IGA-AAS-RNM-NSCCNE,New Maintenance,true,01sa5000001vuxlAAA,Standard Price Book,USD,0,true
01uWC000005pHbAYAU,01tWC00000DD0A4YAL,Non-Standard Core Connectors-RenewalMaintenance,IGA-AAS-RRM-NSCCRE,Renewal Maintenance,true,01sa5000001vuxlAAA,Standard Price Book,USD,0,true
01uWC000005pHbGYAU,01tWC00000DD0A6YAL,Notes Classifier-NewMaintenance,DP-DC-RNM-NOTENE,New Maintenance,true,01sa5000001vuxlAAA,Standard Price Book,USD,0,true
01uWC000005pHbMYAU,01tWC00000DD0A8YAL,Notes Classifier-RenewalMaintenance,DP-DC-RRM-NOTERE,Renewal Maintenance,true,01sa5000001vuxlAAA,Standard Price Book,USD,0,true
01uWC000005pHbSYAU,01tWC00000DD0A9YAL,Nport 5110-UK-NewMaintenance,SM-SYM-RNM-N5UNEW,New Maintenance,true,01sa5000001vuxlAAA,Standard Price Book,USD,0,true
01uWC000005pHbYYAU,01tWC00000DD0ABYA1,Nport 5110-UK-RenewalMaintenance,SM-SYM-RRM-N5UREN,Renewal Maintenance,true,01sa5000001vuxlAAA,Standard Price Book,USD,0,true
01uWC000005pHbeYAE,01tWC00000DD0ADYA1,NSS - AIX-NewMaintenance,SM-NSS-RNM-NSSAIX,New Maintenance,true,01sa5000001vuxlAAA,Standard Price Book,USD,0,true
01uWC000005pHbkYAE,01tWC00000DD0AFYA1,NSS - AIX-RenewalMaintenance,SM-NSS-RRM-NSSARM,Renewal Maintenance,true,01sa5000001vuxlAAA,Standard Price Book,USD,0,true
01uWC000005pHbqYAE,01tWC00000DD0AHYA1,NSS - Linux-NewMaintenance,SM-NSS-RNM-NSSLNM,New Maintenance,true,01sa5000001vuxlAAA,Standard Price Book,USD,0,true
01uWC000005pHbwYAE,01tWC00000DD0AJYA1,NSS - Linux-RenewalMaintenance,SM-NSS-RRM-NSSLRM,Renewal Maintenance,true,01sa5000001vuxlAAA,Standard Price Book,USD,0,true
01uWC000005pHc2YAE,01tWC00000DD0ALYA1,NSS - SNMP Trap Receiver-NewMaintenance,SM-NSS-RNM-NSSSNM,New Maintenance,true,01sa5000001vuxlAAA,Standard Price Book,USD,0,true
01uWC000005pHc8YAE,01tWC00000DD0ANYA1,NSS - SNMP Trap Receiver-RenewalMaintenance,SM-NSS-RRM-NSSSNT,Renewal Maintenance,true,01sa5000001vuxlAAA,Standard Price Book,USD,0,true
01uWC000005pHcEYAU,01tWC00000DD0APYA1,NSS - VIOS-NewMaintenance,SM-NSS-RNM-NSSVIO,New Maintenance,true,01sa5000001vuxlAAA,Standard Price Book,USD,0,true
01uWC000005pHcKYAU,01tWC00000DD0ARYA1,NSS - VIOS-RenewalMaintenance,SM-NSS-RRM-NSSVRM,Renewal Maintenance,true,01sa5000001vuxlAAA,Standard Price Book,USD,0,true
01uWC000005pHcQYAU,01tWC00000DD0ATYA1,NSS - Web Application Monitor-NewMaintenance,SM-NSS-RNM-NSSWAM,New Maintenance,true,01sa5000001vuxlAAA,Standard Price Book,USD,0,true
01uWC000005pHcWYAU,01tWC00000DD0AVYA1,NSS - Web Application Monitor-RenewalMaintenance,SM-NSS-RRM-NSSWEA,Renewal Maintenance,true,01sa5000001vuxlAAA,Standard Price Book,USD,0,true
01uWC000005pHccYAE,01tWC00000DD0AXYA1,NSS - Windows-NewMaintenance,SM-NSS-RNM-NSSWNM,New Maintenance,true,01sa5000001vuxlAAA,Standard Price Book,USD,0,true
01uWC000005pHciYAE,01tWC00000DD0AZYA1,NSS - Windows-RenewalMaintenance,SM-NSS-RRM-NSSWRM,Renewal Maintenance,true,01sa5000001vuxlAAA,Standard Price Book,USD,0,true
01uWC000005pHcoYAE,01tWC00000DD0AbYAL,OCR Feature For Information Governance Server-NewMaintenance,ES-SEG-RNM-OCRF,New Maintenance,true,01sa5000001vuxlAAA,Standard Price Book,USD,0,true
01uWC000005pHcuYAE,01tWC00000DD0AdYAL,OCR Feature For Information Governance Server-RenewalMaintenance,ES-SEG-RRM-OFIM,Renewal Maintenance,true,01sa5000001vuxlAAA,Standard Price Book,USD,0,true
01uWC000005pHd0YAE,01tWC00000DD0AfYAL,OCR Feature For SECURE Email Gateway-NewMaintenance,ES-SEG-RNM-OFSM,New Maintenance,true,01sa5000001vuxlAAA,Standard Price Book,USD,0,true
01uWC000005pHd6YAE,01tWC00000DD0AhYAL,OCR Feature For SECURE Email Gateway-RenewalMaintenance,ES-SEG-RRM-OCFE,Renewal Maintenance,true,01sa5000001vuxlAAA,Standard Price Book,USD,0,true
01uWC000005pHdCYAU,01tWC00000DD0AjYAL,OCR Feature For SECURE Exchange Gateway-NewMaintenance,ES-SXG-RNM-OCNM,New Maintenance,true,01sa5000001vuxlAAA,Standard Price Book,USD,0,true
01uWC000005pHdIYAU,01tWC00000DD0AlYAL,OCR Feature For SECURE Exchange Gateway-RenewalMaintenance,ES-SXG-RRM-OCRM,Renewal Maintenance,true,01sa5000001vuxlAAA,Standard Price Book,USD,0,true
01uWC000005pHdOYAU,01tWC00000DD10VYAT,Digital Guardian Software-NewMaintenance,DP-DLP-RNM-DGSNM,New Maintenance,true,01sa5000001vuxlAAA,Standard Price Book,USD,0,true
01uWC000005pHq4YAE,01tWC00000DD13JYAT,Application System & Object Control-RenewalMaintenance,CS-DFT-RRM-ASOCRM,Renewal Maintenance,true,01sa5000001vuxlAAA,Standard Price Book,USD,0,true
01uWC000005pHqKYAU,01tWC00000DD13QYAT,Aspect Communications IVR Software-NewMaintenance,IGA-AAS-RNM-ACISNE,New Maintenance,true,01sa5000001vuxlAAA,Standard Price Book,USD,0,true
01uWC000005pHwsYAE,01tWC00000DD13SYAT,Aspect Communications IVR Software-RenewalMaintenance,IGA-AAS-RRM-ACISRE,Renewal Maintenance,true,01sa5000001vuxlAAA,Standard Price Book,USD,0,true
01uWC000005pHwyYAE,01tWC00000DD13VYAT,ATP-NewMaintenance,DP-DLP-RNM-ATPNEW,New Maintenance,true,01sa5000001vuxlAAA,Standard Price Book,USD,0,true
01uWC000005pHx4YAE,01tWC00000DD13XYAT,ATP-RenewalMaintenance,DP-DLP-RRM-ATPREN,Renewal Maintenance,true,01sa5000001vuxlAAA,Standard Price Book,USD,0,true
01uWC000005pHxFYAU,01tWC00000DD13aYAD,Flow Exporters-RenewalMaintenance,NW-AA-RRM-FLOWRE,Renewal Maintenance,true,01sa5000001vuxlAAA,Standard Price Book,USD,0,true
01uWC000005pHxVYAU,01tWC00000DD13gYAD,Audit Journal Manager-NewMaintenance,SM-AJM-RNM-AJMNM,New Maintenance,true,01sa5000001vuxlAAA,Standard Price Book,USD,0,true
01uWC000005pHxbYAE,01tWC00000DD13iYAD,Audit Journal Manager-RenewalMaintenance,SM-AJM-RRM-AJMRM,Renewal Maintenance,true,01sa5000001vuxlAAA,Standard Price Book,USD,0,true
01uWC000005pHxhYAE,01tWC00000DD13kYAD,Authority Swapper-NewMaintenance,SM-AUS-RNM-AUTHNE,New Maintenance,true,01sa5000001vuxlAAA,Standard Price Book,USD,0,true
01uWC000005pHxnYAE,01tWC00000DD13mYAD,Authority Swapper-RenewalMaintenance,SM-AUS-RRM-AUTHRE,Renewal Maintenance,true,01sa5000001vuxlAAA,Standard Price Book,USD,0,true
01uWC000005pHxtYAE,01tWC00000DD13pYAD,Automate Desktop-NewMaintenance,RPA-AUD-RNM-ADNM,New Maintenance,true,01sa5000001vuxlAAA,Standard Price Book,USD,0,true
01uWC000005pHxzYAE,01tWC00000DD13rYAD,Automate Desktop-RenewalMaintenance,RPA-AUD-RRM-ADRM,Renewal Maintenance,true,01sa5000001vuxlAAA,Standard Price Book,USD,0,true
01uWC000005pHy5YAE,01tWC00000DD13wYAD,Automate Enterprise-NewMaintenance,RPA-AUT-RNM-AUTOMA,New Maintenance,true,01sa5000001vuxlAAA,Standard Price Book,USD,0,true
01uWC000005pHyBYAU,01tWC00000DD13yYAD,Automate Enterprise-RenewalMaintenance,RPA-AUT-RRM-AURM,Renewal Maintenance,true,01sa5000001vuxlAAA,Standard Price Book,USD,0,true
01uWC000005pHyHYAU,01tWC00000DD140YAD,Automate Enterprise Agent-NewMaintenance,RPA-AUT-RNM-AEANM,New Maintenance,true,01sa5000001vuxlAAA,Standard Price Book,USD,0,true
01uWC000005pHyNYAU,01tWC00000DD142YAD,Automate Enterprise Agent-RenewalMaintenance,RPA-AUT-RRM-AEARM,Renewal Maintenance,true,01sa5000001vuxlAAA,Standard Price Book,USD,0,true
01uWC000005pHyTYAU,01tWC00000DD144YAD,Automate Enterprise Developer Tools-NewMaintenance,RPA-AUT-RNM-AEDTNM,New Maintenance,true,01sa5000001vuxlAAA,Standard Price Book,USD,0,true
01uWC000005pHyZYAU,01tWC00000DD146YAD,Automate Enterprise Developer Tools-RenewalMaintenance,RPA-AUT-RRM-AEDTRM,Renewal Maintenance,true,01sa5000001vuxlAAA,Standard Price Book,USD,0,true
01uWC000005pHyfYAE,01tWC00000DD14AYAT,Automate Full/Premium-NewMaintenance,RPA-AUD-RNM-AFPNM,New Maintenance,true,01sa5000001vuxlAAA,Standard Price Book,USD,0,true
01uWC000005pHylYAE,01tWC00000DD14CYAT,Automate Full/Premium-RenewalMaintenance,RPA-AUD-RRM-AFPRM,Renewal Maintenance,true,01sa5000001vuxlAAA,Standard Price Book,USD,0,true
01uWC000005pHyrYAE,01tWC00000DD14GYAT,Automate Intelligent Capture-NewMaintenance,RPA-AIC-RNM-AICNM,New Maintenance,true,01sa5000001vuxlAAA,Standard Price Book,USD,0,true
01uWC000005pHyxYAE,01tWC00000DD14IYAT,Automate Intelligent Capture-RenewalMaintenance,RPA-AIC-RRM-AICRM,Renewal Maintenance,true,01sa5000001vuxlAAA,Standard Price Book,USD,0,true
01uWC000005pHz3YAE,01tWC00000DD14PYAT,Automate OEM Royalty-NewMaintenance,RPA-AUT-RNM-AORNM,New Maintenance,true,01sa5000001vuxlAAA,Standard Price Book,USD,0,true
01uWC000005pHz9YAE,01tWC00000DD14RYAT,Automate OEM Royalty-RenewalMaintenance,RPA-AUT-RRM-AORRM,Renewal Maintenance,true,01sa5000001vuxlAAA,Standard Price Book,USD,0,true
01uWC000005pHzFYAU,01tWC00000DD14VYAT,Automate Ops Console-NewMaintenance,RPA-AUT-RNM-AOCNM,New Maintenance,true,01sa5000001vuxlAAA,Standard Price Book,USD,0,true
01uWC000005pHzLYAU,01tWC00000DD14XYAT,Automate Ops Console-RenewalMaintenance,RPA-AUT-RRM-AOCRM,Renewal Maintenance,true,01sa5000001vuxlAAA,Standard Price Book,USD,0,true
01uWC000005pI4qYAE,01tWC00000DD1LvYAL,GoAnywhere Advanced Agent-NewMaintenance,GOA-GAM-RNM-GAAANM,New Maintenance,true,01sa5000001vuxlAAA,Standard Price Book,USD,0,true
01uWC000005pI8FYAU,01tWC00000DD1LzYAL,GoAnywhere Advanced Reporting-NewMaintenance,GOA-GAM-RNM-GAARNM,New Maintenance,true,01sa5000001vuxlAAA,Standard Price Book,USD,0,true
01uWC000005pI8LYAU,01tWC00000DD1M1YAL,GoAnywhere Advanced Reporting-RenewalMaintenance,GOA-GAM-RRM-GAARRM,Renewal Maintenance,true,01sa5000001vuxlAAA,Standard Price Book,USD,0,true
01uWC000005pI8WYAU,01tWC00000DD1M5YAL,GoAnywhere Advanced Workflows-RenewalMaintenance,GOA-GAM-RRM-GAAWRM,Renewal Maintenance,true,01sa5000001vuxlAAA,Standard Price Book,USD,0,true
01uWC000005pI8cYAE,01tWC00000DD1M7YAL,GoAnywhere Advanced Workflows and Reporting-NewMaintenance,GOA-GAM-RNM-GAAWRN,New Maintenance,true,01sa5000001vuxlAAA,Standard Price Book,USD,0,true
01uWC000005pI8iYAE,01tWC00000DD1M9YAL,GoAnywhere Advanced Workflows and Reporting-RenewalMaintenance,GOA-GAM-RRM-GAAWRR,Renewal Maintenance,true,01sa5000001vuxlAAA,Standard Price Book,USD,0,true
01uWC000005pI8oYAE,01tWC00000DD1MBYA1,GoAnywhere Agent-NewMaintenance,GOA-GAM-RNM-GAANM,New Maintenance,true,01sa5000001vuxlAAA,Standard Price Book,USD,0,true
01uWC000005pI8uYAE,01tWC00000DD1MDYA1,GoAnywhere Agent-RenewalMaintenance,GOA-GAM-RRM-GAARM,Renewal Maintenance,true,01sa5000001vuxlAAA,Standard Price Book,USD,0,true
01uWC000005pI90YAE,01tWC00000DD1MFYA1,GoAnywhere AS2 Send/Receive-NewMaintenance,GOA-GAM-RNM-GAASRN,New Maintenance,true,01sa5000001vuxlAAA,Standard Price Book,USD,0,true
01uWC000005pI96YAE,01tWC00000DD1MHYA1,GoAnywhere AS2 Send/Receive-RenewalMaintenance,GOA-GAM-RRM-GAASRR,Renewal Maintenance,true,01sa5000001vuxlAAA,Standard Price Book,USD,0,true
01uWC000005pI9CYAU,01tWC00000DD1MJYA1,GoAnywhere AS3 Send/Receive-NewMaintenance,GOA-GAM-RNM-GONM,New Maintenance,true,01sa5000001vuxlAAA,Standard Price Book,USD,0,true
01uWC000005pI9IYAU,01tWC00000DD1MLYA1,GoAnywhere AS3 Send/Receive-RenewalMaintenance,GOA-GAM-RRM-GORM,Renewal Maintenance,true,01sa5000001vuxlAAA,Standard Price Book,USD,0,true
01uWC000005pI9OYAU,01tWC00000DD1MNYA1,GoAnywhere AS4 Send/Receive-NewMaintenance,GOA-GAM-RNM-GOANY,New Maintenance,true,01sa5000001vuxlAAA,Standard Price Book,USD,0,true
01uWC000005pI9UYAU,01tWC00000DD1MPYA1,GoAnywhere AS4 Send/Receive-RenewalMaintenance,GOA-GAM-RRM-GOAA,Renewal Maintenance,true,01sa5000001vuxlAAA,Standard Price Book,USD,0,true
01uWC000005pI9aYAE,01tWC00000DD1MRYA1,GoAnywhere Basic Agent-NewMaintenance,GOA-GAM-RNM-GABANM,New Maintenance,true,01sa5000001vuxlAAA,Standard Price Book,USD,0,true
01uWC000005pI9gYAE,01tWC00000DD1MTYA1,GoAnywhere Basic Agent-RenewalMaintenance,GOA-GAM-RRM-GABARM,Renewal Maintenance,true,01sa5000001vuxlAAA,Standard Price Book,USD,0,true
01uWC000005pI9mYAE,01tWC00000DD1MVYA1,GoAnywhere Business Activity Monitor-NewMaintenance,GOA-GAM-RNM-GABAMN,New Maintenance,true,01sa5000001vuxlAAA,Standard Price Book,USD,0,true
01uWC000005pI9sYAE,01tWC00000DD1MXYA1,GoAnywhere Business Activity Monitor-RenewalMaintenance,GOA-GAM-RRM-GABAMR,Renewal Maintenance,true,01sa5000001vuxlAAA,Standard Price Book,USD,0,true
01uWC000005pI9yYAE,01tWC00000DD1MZYA1,GoAnywhere Cloud Connector Premium-NewMaintenance,GOA-GAM-RNM-GACCPN,New Maintenance,true,01sa5000001vuxlAAA,Standard Price Book,USD,0,true
01uWC000005pIA4YAM,01tWC00000DD1MbYAL,GoAnywhere Cloud Connector Premium-RenewalMaintenance,GOA-GAM-RRM-GACCPR,Renewal Maintenance,true,01sa5000001vuxlAAA,Standard Price Book,USD,0,true
01uWC000005pIAAYA2,01tWC00000DD1MdYAL,GoAnywhere Cloud Connector Standard-NewMaintenance,GOA-GAM-RNM-GACCSN,New Maintenance,true,01sa5000001vuxlAAA,Standard Price Book,USD,0,true
01uWC000005pIAGYA2,01tWC00000DD1MfYAL,GoAnywhere Cloud Connector Standard-RenewalMaintenance,GOA-GAM-RRM-GACCSR,Renewal Maintenance,true,01sa5000001vuxlAAA,Standard Price Book,USD,0,true
01uWC000005pIAMYA2,01tWC00000DD1MhYAL,GoAnywhere Cloud Connector Standard Pack-NewMaintenance,GOA-GAM-RNM-GACM,New Maintenance,true,01sa5000001vuxlAAA,Standard Price Book,USD,0,true
01uWC000005pIASYA2,01tWC00000DD1MjYAL,GoAnywhere Cloud Connector Standard Pack-RenewalMaintenance,GOA-GAM-RRM-GOAC,Renewal Maintenance,true,01sa5000001vuxlAAA,Standard Price Book,USD,0,true
01uWC000005pIAYYA2,01tWC00000DD1MlYAL,GoAnywhere Collaboration Bundle-NewMaintenance,GOA-GAM-RNM-GACBNM,New Maintenance,true,01sa5000001vuxlAAA,Standard Price Book,USD,0,true
01uWC000005pIAeYAM,01tWC00000DD1MpYAL,GoAnywhere Collaboration Bundle-RenewalMaintenance,GOA-GAM-RRM-GACBRM,Renewal Maintenance,true,01sa5000001vuxlAAA,Standard Price Book,USD,0,true
01uWC000005pIAkYAM,01tWC00000DD1MuYAL,GoAnywhere Core Server Bundle-NewMaintenance,GOA-GAM-RNM-GACSBN,New Maintenance,true,01sa5000001vuxlAAA,Standard Price Book,USD,0,true
01uWC000005pIAqYAM,01tWC00000DD1MxYAL,Sequel Data Warehouse-NewMaintenance,BI-SDW-RNM-SDWNM,New Maintenance,true,01sa5000001vuxlAAA,Standard Price Book,USD,0,true
01uWC000005pIAwYAM,01tWC00000DD1N1YAL,GoAnywhere Core Server Bundle-RenewalMaintenance,GOA-GAM-RRM-GACSBR,Renewal Maintenance,true,01sa5000001vuxlAAA,Standard Price Book,USD,0,true
01uWC000005pIB2YAM,01tWC00000DD1N6YAL,GoAnywhere Enterprise Bundle-NewMaintenance,GOA-GAM-RNM-GAEBNM,New Maintenance,true,01sa5000001vuxlAAA,Standard Price Book,USD,0,true
01uWC000005pIB8YAM,01tWC00000DD1N8YAL,GoAnywhere Enterprise Bundle-RenewalMaintenance,GOA-GAM-RRM-GAEBRM,Renewal Maintenance,true,01sa5000001vuxlAAA,Standard Price Book,USD,0,true
01uWC000005pIBEYA2,01tWC00000DD1NBYA1,GoAnywhere FTP Client & Server-NewMaintenance,GOA-GAM-RNM-GAFCSN,New Maintenance,true,01sa5000001vuxlAAA,Standard Price Book,USD,0,true
01uWC000005pIWLYA2,01tWC00000DD1q2YAD,VISUAL Message Center Dashboards-NewMaintenance,SM-VIT-RNM-VISUAM,New Maintenance,true,01sa5000001vuxlAAA,Standard Price Book,USD,0,true
01uWC000005pIWRYA2,01tWC00000DD1q4YAD,VISUAL Message Center Dashboards-RenewalMaintenance,SM-VIT-RRM-VISUME,Renewal Maintenance,true,01sa5000001vuxlAAA,Standard Price Book,USD,0,true
01uWC000005pIWXYA2,01tWC00000DD1q6YAD,VISUAL Message Center iSeries Base-NewMaintenance,SM-VMC-RNM-VISMES,New Maintenance,true,01sa5000001vuxlAAA,Standard Price Book,USD,0,true
01uWC000005pIWdYAM,01tWC00000DD1q8YAD,VISUAL Message Center iSeries Base-RenewalMaintenance,SM-VMC-RRM-VIMESS,Renewal Maintenance,true,01sa5000001vuxlAAA,Standard Price Book,USD,0,true
01uWC000005pIWjYAM,01tWC00000DD1qAYAT,VISUAL Message Center Suite for Operations-NewMaintenance,SM-VMC-RNM-VMESSA,New Maintenance,true,01sa5000001vuxlAAA,Standard Price Book,USD,0,true
01uWC000005pIWpYAM,01tWC00000DD1qCYAT,VISUAL Message Center Suite for Operations-RenewalMaintenance,SM-VMC-RRM-VISUMC,Renewal Maintenance,true,01sa5000001vuxlAAA,Standard Price Book,USD,0,true
01uWC000005pIWvYAM,01tWC00000DD1qEYAT,VISUAL Remote Control-NewMaintenance,SM-VMC-RNM-VRCM,New Maintenance,true,01sa5000001vuxlAAA,Standard Price Book,USD,0,true
01uWC000005pIX1YAM,01tWC00000DD1qGYAT,VISUAL Remote Control-RenewalMaintenance,SM-VMC-RRM-VIRE,Renewal Maintenance,true,01sa5000001vuxlAAA,Standard Price Book,USD,0,true
01uWC000005pIX7YAM,01tWC00000DD1qIYAT,VISUAL Remote Control (add-on to VSP)-NewMaintenance,SM-VMC-RNM-VISUAR,New Maintenance,true,01sa5000001vuxlAAA,Standard Price Book,USD,0,true
01uWC000005pIXDYA2,01tWC00000DD1qKYAT,VISUAL Remote Control (add-on to VSP)-RenewalMaintenance,SM-VMC-RRM-VISURE,Renewal Maintenance,true,01sa5000001vuxlAAA,Standard Price Book,USD,0,true
01uWC000005pIXJYA2,01tWC00000DD1qMYAT,VISUAL Security Suite - Security Package-NewMaintenance,SM-VMC-RNM-VSSM,New Maintenance,true,01sa5000001vuxlAAA,Standard Price Book,USD,0,true
01uWC000005pIXPYA2,01tWC00000DD1qOYAT,VISUAL Security Suite - Security Package-RenewalMaintenance,SM-VMC-RRM-VISE,Renewal Maintenance,true,01sa5000001vuxlAAA,Standard Price Book,USD,0,true
01uWC000005pIXVYA2,01tWC00000DD1qQYAT,Vityl Capacity Management-NewMaintenance,CM-VCM-RNM-VCMNM,New Maintenance,true,01sa5000001vuxlAAA,Standard Price Book,USD,0,true
01uWC000005pIXbYAM,01tWC00000DD1qSYAT,Vityl Capacity Management-RenewalMaintenance,CM-VCM-RRM-VCMRM,Renewal Maintenance,true,01sa5000001vuxlAAA,Standard Price Book,USD,0,true
01uWC000005pIXhYAM,01tWC00000DD1qUYAT,Vityl Capacity Management Enterprise-NewMaintenance,CM-VCM-RNM-VCMENM,New Maintenance,true,01sa5000001vuxlAAA,Standard Price Book,USD,0,true
01uWC000005pIXnYAM,01tWC00000DD1qWYAT,Vityl Capacity Management Enterprise-RenewalMaintenance,CM-VCM-RRM-VCMERM,Renewal Maintenance,true,01sa5000001vuxlAAA,Standard Price Book,USD,0,true
01uWC000005pIZVYA2,01tWC00000DD1qYYAT,Vityl Capacity Management License Fee-NewMaintenance,CM-VCM-RNM-VCMLFN,New Maintenance,true,01sa5000001vuxlAAA,Standard Price Book,USD,0,true
01uWC000005pIZbYAM,01tWC00000DD1qaYAD,Vityl Capacity Management License Fee-RenewalMaintenance,CM-VCM-RRM-VCMLFR,Renewal Maintenance,true,01sa5000001vuxlAAA,Standard Price Book,USD,0,true
01uWC000005pIZhYAM,01tWC00000DD1qbYAD,Vityl IT & Business Monitoring-NewMaintenance,SM-VIT-RNM-VIBMNM,New Maintenance,true,01sa5000001vuxlAAA,Standard Price Book,USD,0,true
01uWC000005pIZnYAM,01tWC00000DD1qdYAD,Vityl IT & Business Monitoring-RenewalMaintenance,SM-VIT-RRM-VIBMRM,Renewal Maintenance,true,01sa5000001vuxlAAA,Standard Price Book,USD,0,true
01uWC000005pIZtYAM,01tWC00000DD1qfYAD,Vityl Monitor-NewMaintenance,CM-VIM-RNM-VMNM,New Maintenance,true,01sa5000001vuxlAAA,Standard Price Book,USD,0,true
01uWC000005pIZzYAM,01tWC00000DD1qhYAD,Vityl Monitor-RenewalMaintenance,CM-VIM-RRM-VMRM,Renewal Maintenance,true,01sa5000001vuxlAAA,Standard Price Book,USD,0,true
01uWC000005pIa5YAE,01tWC00000DD1qjYAD,Vityl Monitor & Predictor for Physical Systems-NewMaintenance,CM-VIM-RNM-VMPPSN,New Maintenance,true,01sa5000001vuxlAAA,Standard Price Book,USD,0,true
01uWC000005pIaBYAU,01tWC00000DD1qlYAD,Vityl Monitor & Predictor for Physical Systems-RenewalMaintenance,CM-VIM-RRM-VMPPSR,Renewal Maintenance,true,01sa5000001vuxlAAA,Standard Price Book,USD,0,true
01uWC000005pIaHYAU,01tWC00000DD1qpYAD,VMC - Additional ThinkServer-NewMaintenance,SM-VMC-RNM-VMCA,New Maintenance,true,01sa5000001vuxlAAA,Standard Price Book,USD,0,true
01uWC000005pIaNYAU,01tWC00000DD1qrYAD,VMC - Additional ThinkServer-RenewalMaintenance,SM-VMC-RRM-VATM,Renewal Maintenance,true,01sa5000001vuxlAAA,Standard Price Book,USD,0,true
01uWC000005pIaTYAU,01tWC00000DD1qtYAD,VMC - Cisco PIX/ASA Security Agent-NewMaintenance,SM-VMC-RNM-VMCC,New Maintenance,true,01sa5000001vuxlAAA,Standard Price Book,USD,0,true
01uWC000005pIaZYAU,01tWC00000DD1qvYAD,VMC - Cisco PIX/ASA Security Agent-RenewalMaintenance,SM-VMC-RRM-VMCCI,Renewal Maintenance,true,01sa5000001vuxlAAA,Standard Price Book,USD,0,true
01uWC000005pIafYAE,01tWC00000DD1qxYAD,VMC - Debugging Agent-NewMaintenance,SM-VMC-RNM-VMCD,New Maintenance,true,01sa5000001vuxlAAA,Standard Price Book,USD,0,true
01uWC000005pIalYAE,01tWC00000DD1qzYAD,VMC - Debugging Agent-RenewalMaintenance,SM-VMC-RRM-VDAM,Renewal Maintenance,true,01sa5000001vuxlAAA,Standard Price Book,USD,0,true
01uWC000005pIarYAE,01tWC00000DD1r1YAD,VMC - Debugging Agent (Powered by VDW)-NewMaintenance,SM-VMC-RNM-VMDE,New Maintenance,true,01sa5000001vuxlAAA,Standard Price Book,USD,0,true
01uWC000005pIaxYAE,01tWC00000DD1r3YAD,VMC - Debugging Agent (Powered by VDW)-RenewalMaintenance,SM-VMC-RRM-VMCDE,Renewal Maintenance,true,01sa5000001vuxlAAA,Standard Price Book,USD,0,true
01uWC000005pIb3YAE,01tWC00000DD1r5YAD,VMC - Exchange Server Operations Agent-NewMaintenance,SM-VMC-RNM-VMCE,New Maintenance,true,01sa5000001vuxlAAA,Standard Price Book,USD,0,true
01uWC000005pIb7YAE,01tWC00000DD1uMYAT,Unisys - TeamQuest MS2200 OS2200-OTC-NewMaintenance,CM-TQU-RNM-UTQMOO,New Maintenance,true,01sa5000001vuxlAAA,Standard Price Book,USD,0,true
01uWC000005pIbDYAU,01tWC00000DD1uOYAT,Unisys - TeamQuest MS2200 OS2200-OTC-RenewalMaintenance,CM-TQU-RRM-UTEQUE,Renewal Maintenance,true,01sa5000001vuxlAAA,Standard Price Book,USD,0,true
01uWC000005pIbJYAU,01tWC00000DD1uQYAT,Unisys - TeamQuest MSAR OS2200-OTC-NewMaintenance,CM-TQU-RNM-UNNM,New Maintenance,true,01sa5000001vuxlAAA,Standard Price Book,USD,0,true
01uWC000005pIbPYAU,01tWC00000DD1uSYAT,Unisys - TeamQuest MSAR OS2200-OTC-RenewalMaintenance,CM-TQU-RRM-UNTQUM,Renewal Maintenance,true,01sa5000001vuxlAAA,Standard Price Book,USD,0,true
01uWC000005pIbVYAU,01tWC00000DD1uUYAT,Unisys - TeamQuest MSManager OS2200-OTC-NewMaintenance,CM-TQU-RNM-UTEQMS,New Maintenance,true,01sa5000001vuxlAAA,Standard Price Book,USD,0,true
01uWC000005pIbbYAE,01tWC00000DD1uWYAT,Unisys - TeamQuest MSManager OS2200-OTC-RenewalMaintenance,CM-TQU-RRM-UTEQMO,Renewal Maintenance,true,01sa5000001vuxlAAA,Standard Price Book,USD,0,true
01uWC000005pIbhYAE,01tWC00000DD1uYYAT,Unisys - TeamQuest OEM Fixed Fee - Monthly - Mainframe - Unisys OEM-NewMaintenance,CM-TQU-RNM-UTQOFF,New Maintenance,true,01sa5000001vuxlAAA,Standard Price Book,USD,0,true
01uWC000005pIbnYAE,01tWC00000DD1uaYAD,Unisys - TeamQuest OEM Fixed Fee - Monthly - Mainframe - Unisys OEM-RenewalMaintenance,CM-TQU-RRM-UNTQUO,Renewal Maintenance,true,01sa5000001vuxlAAA,Standard Price Book,USD,0,true
01uWC000005pIbtYAE,01tWC00000DD1ucYAD,Unisys - TeamQuest Online MCP-OTC-NewMaintenance,CM-TQU-RNM-UTQOMO,New Maintenance,true,01sa5000001vuxlAAA,Standard Price Book,USD,0,true
01uWC000005pIbzYAE,01tWC00000DD1ueYAD,Unisys - TeamQuest Online MCP-OTC-RenewalMaintenance,CM-TQU-RRM-UNTQOM,Renewal Maintenance,true,01sa5000001vuxlAAA,Standard Price Book,USD,0,true
01uWC000005pIc5YAE,01tWC00000DD1ugYAD,Unisys - TeamQuest Online OS2200-OTC-NewMaintenance,CM-TQU-RNM-UTQOOO,New Maintenance,true,01sa5000001vuxlAAA,Standard Price Book,USD,0,true
01uWC000005pIcBYAU,01tWC00000DD1uiYAD,Unisys - TeamQuest Online OS2200-OTC-RenewalMaintenance,CM-TQU-RRM-UTEQOO,Renewal Maintenance,true,01sa5000001vuxlAAA,Standard Price Book,USD,0,true
01uWC000005pIcHYAU,01tWC00000DD1ukYAD,Unisys - TeamQuest OSAM OS2200-OTC-NewMaintenance,CM-TQU-RNM-UTEQOS,New Maintenance,true,01sa5000001vuxlAAA,Standard Price Book,USD,0,true
01uWC000005pIcNYAU,01tWC00000DD1umYAD,Unisys - TeamQuest OSAM OS2200-OTC-RenewalMaintenance,CM-TQU-RRM-UTQOOS,Renewal Maintenance,true,01sa5000001vuxlAAA,Standard Price Book,USD,0,true
01uWC000005pIcTYAU,01tWC00000DD1uoYAD,Unisys - TeamQuest PAR OS2200-OTC-NewMaintenance,CM-TQU-RNM-UTQPOO,New Maintenance,true,01sa5000001vuxlAAA,Standard Price Book,USD,0,true
01uWC000005pIcZYAU,01tWC00000DD1uqYAD,Unisys - TeamQuest PAR OS2200-OTC-RenewalMaintenance,CM-TQU-RRM-UNTQUP,Renewal Maintenance,true,01sa5000001vuxlAAA,Standard Price Book,USD,0,true
01uWC000005pIcfYAE,01tWC00000DD1usYAD,Unisys - TeamQuest PM2200 OS2200-OTC-NewMaintenance,CM-TQU-RNM-UTEQPM,New Maintenance,true,01sa5000001vuxlAAA,Standard Price Book,USD,0,true
01uWC000005pIclYAE,01tWC00000DD1uuYAD,Unisys - TeamQuest PM2200 OS2200-OTC-RenewalMaintenance,CM-TQU-RRM-UTEQPO,Renewal Maintenance,true,01sa5000001vuxlAAA,Standard Price Book,USD,0,true
01uWC000005pIcrYAE,01tWC00000DD1uwYAD,Unisys - TeamQuest PMLog OS2200-OTC-NewMaintenance,CM-TQU-RNM-UTQPMO,New Maintenance,true,01sa5000001vuxlAAA,Standard Price Book,USD,0,true
01uWC000005pIcxYAE,01tWC00000DD1uyYAD,Unisys - TeamQuest PMLog OS2200-OTC-RenewalMaintenance,CM-TQU-RRM-UTQORM,Renewal Maintenance,true,01sa5000001vuxlAAA,Standard Price Book,USD,0,true
01uWC000005pId3YAE,01tWC00000DD1v0YAD,Unisys - TeamQuest PMPlus MCP-OTC-NewMaintenance,CM-TQU-RNM-UNTQPM,New Maintenance,true,01sa5000001vuxlAAA,Standard Price Book,USD,0,true
01uWC000005pId9YAE,01tWC00000DD1v2YAD,Unisys - TeamQuest PMPlus MCP-OTC-RenewalMaintenance,CM-TQU-RRM-UTQPMM,Renewal Maintenance,true,01sa5000001vuxlAAA,Standard Price Book,USD,0,true
01uWC000005pIdFYAU,01tWC00000DD1v4YAD,Unisys - TeamQuest PMPlus OS2200-OTC-NewMaintenance,CM-TQU-RNM-UTQONM,New Maintenance,true,01sa5000001vuxlAAA,Standard Price Book,USD,0,true
01uWC000005pIdLYAU,01tWC00000DD1v6YAD,Unisys - TeamQuest PMPlus OS2200-OTC-RenewalMaintenance,CM-TQU-RRM-UTQSRM,Renewal Maintenance,true,01sa5000001vuxlAAA,Standard Price Book,USD,0,true
01uWC000005pIdRYAU,01tWC00000DD1v8YAD,Unisys - TeamQuest Probes MCP-OTC-NewMaintenance,CM-TQU-RNM-UTEQPR,New Maintenance,true,01sa5000001vuxlAAA,Standard Price Book,USD,0,true
01uWC000005pIdXYAU,01tWC00000DD1vAYAT,Unisys - TeamQuest Probes MCP-OTC-RenewalMaintenance,CM-TQU-RRM-UTQPRM,Renewal Maintenance,true,01sa5000001vuxlAAA,Standard Price Book,USD,0,true
01uWC000005pIddYAE,01tWC00000DD1vCYAT,Unisys - TeamQuest Probes OS2200-OTC-NewMaintenance,CM-TQU-RNM-UTQPRO,New Maintenance,true,01sa5000001vuxlAAA,Standard Price Book,USD,0,true
01uWC000005pIdjYAE,01tWC00000DD1vEYAT,Unisys - TeamQuest Probes OS2200-OTC-RenewalMaintenance,CM-TQU-RRM-UTQRRM,Renewal Maintenance,true,01sa5000001vuxlAAA,Standard Price Book,USD,0,true
01uWC000005pIdpYAE,01tWC00000DD1vGYAT,Unisys - TeamQuest RemD-Fragger OS2200-OTC-NewMaintenance,CM-TQU-RNM-UTQRDF,New Maintenance,true,01sa5000001vuxlAAA,Standard Price Book,USD,0,true
01uWC000005pIdvYAE,01tWC00000DD1vIYAT,Unisys - TeamQuest RemD-Fragger OS2200-OTC-RenewalMaintenance,CM-TQU-RRM-UNTQUR,Renewal Maintenance,true,01sa5000001vuxlAAA,Standard Price Book,USD,0,true
01uWC000005pIe1YAE,01tWC00000DD1vKYAT,Unisys - TeamQuest SAUtilities OS2200 - Unisys OEM-NewMaintenance,CM-TQU-RNM-UTQSOU,New Maintenance,true,01sa5000001vuxlAAA,Standard Price Book,USD,0,true
01uWC000005pIe7YAE,01tWC00000DD1vMYAT,Unisys - TeamQuest SAUtilities OS2200 - Unisys OEM-RenewalMaintenance,CM-TQU-RRM-UNTQUS,Renewal Maintenance,true,01sa5000001vuxlAAA,Standard Price Book,USD,0,true
01uWC000005pIeDYAU,01tWC00000DD1vOYAT,Unisys - TeamQuest SAUtilities OS2200-OTC-NewMaintenance,CM-TQU-RNM-UTQSOO,New Maintenance,true,01sa5000001vuxlAAA,Standard Price Book,USD,0,true
01uWC000005pIeJYAU,01tWC00000DD1vQYAT,Unisys - TeamQuest SAUtilities OS2200-OTC-RenewalMaintenance,CM-TQU-RRM-UNTQSO,Renewal Maintenance,true,01sa5000001vuxlAAA,Standard Price Book,USD,0,true
01uWC000005pIl5YAE,01tWC00000DD22mYAD,Remote Automation Agent-RenewalMaintenance,GS-GSE-RRM-RAARM,Renewal Maintenance,true,01sa5000001vuxlAAA,Standard Price Book,USD,0,true
01uWC000005pIlBYAU,01tWC00000DD236YAD,VISUAL Control Performance Planner-RenewalMaintenance,SM-PN-RRM-VCPPRM,Renewal Maintenance,true,01sa5000001vuxlAAA,Standard Price Book,USD,0,true
01uWC000005pIlHYAU,01tWC00000DD237YAD,VISUAL Control Performance Planner-NewMaintenance,SM-PN-RNM-VCPPNM,New Maintenance,true,01sa5000001vuxlAAA,Standard Price Book,USD,0,true
01uWC000005pIoFYAU,01tWC00000DD226YAD,Tripwire Enterprise for VMware ESX - EVAL-RenewalMaintenance,FIM-FIM-RRM-TEVEERM,Renewal Maintenance,true,01sa5000001vuxlAAA,Standard Price Book,USD,0,true
01uWC000005pIoLYAU,01tWC00000DD227YAD,Tripwire for Servers - EVAL-NewMaintenance,FIM-FIM-RNM-TSENM,New Maintenance,true,01sa5000001vuxlAAA,Standard Price Book,USD,0,true
01uWC000005pIoRYAU,01tWC00000DD228YAD,Tripwire for Servers - EVAL-RenewalMaintenance,FIM-FIM-RRM-TSERM,Renewal Maintenance,true,01sa5000001vuxlAAA,Standard Price Book,USD,0,true
01uWC000005pIoXYAU,01tWC00000DD229YAD,Tripwire Industrial Visibility Small Sensor-NewMaintenance,FIM-FIM-RNM-TIVSSNM,New Maintenance,true,01sa5000001vuxlAAA,Standard Price Book,USD,0,true
01uWC000005pIodYAE,01tWC00000DD22AYAT,Tripwire Industrial Visibility Small Sensor-RenewalMaintenance,FIM-FIM-RRM-TIVSSRM,Renewal Maintenance,true,01sa5000001vuxlAAA,Standard Price Book,USD,0,true
01uWC000005pIojYAE,01tWC00000DD22BYAT,Tripwire Industrial Visibility Threat Detection Console-NewMaintenance,FIM-FIM-RNM-TIVTDCNM,New Maintenance,true,01sa5000001vuxlAAA,Standard Price Book,USD,0,true
01uWC000005pIopYAE,01tWC00000DD22CYAT,Tripwire Industrial Visibility Threat Detection Console-RenewalMaintenance,FIM-FIM-RRM-TIVTDCRM,Renewal Maintenance,true,01sa5000001vuxlAAA,Standard Price Book,USD,0,true
01uWC000005pIovYAE,01tWC00000DD22DYAT,Tripwire State Analyzer - EVAL-NewMaintenance,FIM-FIM-RNM-TSAEVNM,New Maintenance,true,01sa5000001vuxlAAA,Standard Price Book,USD,0,true
01uWC000005pIp1YAE,01tWC00000DD22EYAT,Tripwire State Analyzer - EVAL-RenewalMaintenance,FIM-FIM-RRM-TSAEVRM,Renewal Maintenance,true,01sa5000001vuxlAAA,Standard Price Book,USD,0,true
01uWC000005pIp7YAE,01tWC00000DD22FYAT,VnE Manager - EVAL-NewMaintenance,FIM-FML-RNM-VMENM,New Maintenance,true,01sa5000001vuxlAAA,Standard Price Book,USD,0,true
01uWC000005pIpDYAU,01tWC00000DD22GYAT,VnE Manager - EVAL-RenewalMaintenance,FIM-FML-RRM-VMERM,Renewal Maintenance,true,01sa5000001vuxlAAA,Standard Price Book,USD,0,true
01uWC000005pIpJYAU,01tWC00000DD22HYAT,VnE Manager 1800-NewMaintenance,FIM-FML-RNM-VM1NM,New Maintenance,true,01sa5000001vuxlAAA,Standard Price Book,USD,0,true
01uWC000005pIpPYAU,01tWC00000DD22IYAT,Tripwire Log Center for Desktops-NewMaintenance,FIM-TLC-RNM-TLCDNM,New Maintenance,true,01sa5000001vuxlAAA,Standard Price Book,USD,0,true
01uWC000005pIpVYAU,01tWC00000DD22JYAT,Tripwire Log Center for Network Devices - EVAL-NewMaintenance,FIM-TLC-RNM-TLCNDENM,New Maintenance,true,01sa5000001vuxlAAA,Standard Price Book,USD,0,true
01uWC000005pIpbYAE,01tWC00000DD22KYAT,Tripwire Log Center for Network Devices - EVAL-RenewalMaintenance,FIM-TLC-RRM-TLCNDERM,Renewal Maintenance,true,01sa5000001vuxlAAA,Standard Price Book,USD,0,true
01uWC000005pIphYAE,01tWC00000DD22LYAT,Tripwire Log Center for Security Devices - EVAL-NewMaintenance,FIM-TLC-RNM-TLCSDENM,New Maintenance,true,01sa5000001vuxlAAA,Standard Price Book,USD,0,true
01uWC000005pIpnYAE,01tWC00000DD22MYAT,Tripwire Log Center for Security Devices - EVAL-RenewalMaintenance,FIM-TLC-RRM-TLCSDERM,Renewal Maintenance,true,01sa5000001vuxlAAA,Standard Price Book,USD,0,true
01uWC000005pIptYAE,01tWC00000DD22NYAT,Tripwire Log Center Manager License - EVAL-NewMaintenance,FIM-TLC-RNM-TLCMLENM,New Maintenance,true,01sa5000001vuxlAAA,Standard Price Book,USD,0,true
01uWC000005pIpzYAE,01tWC00000DD22OYAT,Tripwire Log Center Manager License - EVAL-RenewalMaintenance,FIM-TLC-RRM-TLCMLERM,Renewal Maintenance,true,01sa5000001vuxlAAA,Standard Price Book,USD,0,true
01uWC000005pIvNYAU,01tWC00000DCwWcYAL,iPhone/iPad PMM Feature For SECURE Email Gateway-NewMaintenance,ES-SEG-RNM-IPIPNE,New Maintenance,true,01sa5000001vuxlAAA,Standard Price Book,USD,0,true
01uWC000005pIvTYAU,01tWC00000DCwWeYAL,iPhone/iPad PMM Feature For SECURE Email Gateway-RenewalMaintenance,ES-SEG-RRM-IPIPRE,Renewal Maintenance,true,01sa5000001vuxlAAA,Standard Price Book,USD,0,true
01uWC000005pIvZYAU,01tWC00000DCwWiYAL,iSeries Data Access-NewMaintenance,DM-DML-RNM-ISDANM,New Maintenance,true,01sa5000001vuxlAAA,Standard Price Book,USD,0,true
01uWC000005pIvfYAE,01tWC00000DCwWkYAL,iSeries Data Access-RenewalMaintenance,DM-DML-RRM-ISDARM,Renewal Maintenance,true,01sa5000001vuxlAAA,Standard Price Book,USD,0,true
01uWC000005pIvlYAE,01tWC00000DCwWlYAL,iSeries Office Integrator-NewMaintenance,DM-IBM-RNM-ISOINM,New Maintenance,true,01sa5000001vuxlAAA,Standard Price Book,USD,0,true
01uWC000005pIvrYAE,01tWC00000DCwWnYAL,iSeries Office Integrator-RenewalMaintenance,DM-IBM-RRM-ISOIRM,Renewal Maintenance,true,01sa5000001vuxlAAA,Standard Price Book,USD,0,true
01uWC000005pIvxYAE,01tWC00000DCwWpYAL,iSeries PDF and TIFF-NewMaintenance,DM-DML-RNM-ISPTNM,New Maintenance,true,01sa5000001vuxlAAA,Standard Price Book,USD,0,true
01uWC000005pIw3YAE,01tWC00000DCwWrYAL,iSeries PDF and TIFF-RenewalMaintenance,DM-DML-RRM-ISPTRM,Renewal Maintenance,true,01sa5000001vuxlAAA,Standard Price Book,USD,0,true
01uWC000005pIw9YAE,01tWC00000DCwWsYAL,JDA Bundle-NewMaintenance,DM-DOE-RNM-JDABNE,New Maintenance,true,01sa5000001vuxlAAA,Standard Price Book,USD,0,true
01uWC000005pIwFYAU,01tWC00000DCwWuYAL,JDA Bundle-RenewalMaintenance,DM-DOE-RRM-JDABRE,Renewal Maintenance,true,01sa5000001vuxlAAA,Standard Price Book,USD,0,true
01uWC000005pIwLYAU,01tWC00000DCwWwYAL,Linux on Power-NewMaintenance,SM-NSS-RNM-LOPNEW,New Maintenance,true,01sa5000001vuxlAAA,Standard Price Book,USD,0,true
01uWC000005pIwRYAU,01tWC00000DCwWyYAL,Linux on Power-RenewalMaintenance,SM-NSS-RRM-LOPREN,Renewal Maintenance,true,01sa5000001vuxlAAA,Standard Price Book,USD,0,true
01uWC000005pIwuYAE,01tWC00000DCxkzYAD,TE Academic Institution Site License - VMWare ESX-RenewalMaintenance,FIM-FIM-RRM-TACAIN,Renewal Maintenance,true,01sa5000001vuxlAAA,Standard Price Book,USD,0,true
01uWC000005pIx6YAE,01tWC00000DCxl1YAD,TeamQuest Analyzer & CMIS for Systems-NewMaintenance,CM-TQO-RNM-TQACSN,New Maintenance,true,01sa5000001vuxlAAA,Standard Price Book,USD,0,true
01uWC000005pIxCYAU,01tWC00000DCxl3YAD,TeamQuest Analyzer & CMIS for Systems-RenewalMaintenance,CM-TQO-RRM-TQACSR,Renewal Maintenance,true,01sa5000001vuxlAAA,Standard Price Book,USD,0,true
01uWC000005pIxIYAU,01tWC00000DCxl5YAD,TeamQuest Analyzer & Predictor & CMIS for Systems-NewMaintenance,CM-TQO-RNM-TQAPCS,New Maintenance,true,01sa5000001vuxlAAA,Standard Price Book,USD,0,true
01uWC000005pIxOYAU,01tWC00000DCxl7YAD,TeamQuest Analyzer & Predictor & CMIS for Systems-RenewalMaintenance,CM-TQO-RRM-TQAM,Renewal Maintenance,true,01sa5000001vuxlAAA,Standard Price Book,USD,0,true
01uWC000005pIxUYAU,01tWC00000DCxl9YAD,TeamQuest Analyzer & Predictor & Surveyor & CMIS for Systems-NewMaintenance,CM-TQO-RNM-TQAPSC,New Maintenance,true,01sa5000001vuxlAAA,Standard Price Book,USD,0,true
01uWC000005pIxaYAE,01tWC00000DCxlBYAT,TeamQuest Analyzer & Predictor & Surveyor & CMIS for Systems-RenewalMaintenance,CM-TQO-RRM-TEQU,Renewal Maintenance,true,01sa5000001vuxlAAA,Standard Price Book,USD,0,true
01uWC000005pIxgYAE,01tWC00000DCxlEYAT,TeamQuest Analyzer & Surveyor & CMIS for Systems-NewMaintenance,CM-TQO-RNM-TQASCS,New Maintenance,true,01sa5000001vuxlAAA,Standard Price Book,USD,0,true
01uWC000005pJ2MYAU,01tWC00000DCxlGYAT,TeamQuest Analyzer & Surveyor & CMIS for Systems-RenewalMaintenance,CM-TQO-RRM-TEAMQU,Renewal Maintenance,true,01sa5000001vuxlAAA,Standard Price Book,USD,0,true
01uWC000005pJ2SYAU,01tWC00000DCxlMYAT,TeamQuest Surveyor for Systems-NewMaintenance,CM-TQR-RNM-TQSSNM,New Maintenance,true,01sa5000001vuxlAAA,Standard Price Book,USD,0,true
01uWC000005pJ5mYAE,01tWC00000DCxlOYAT,TeamQuest Surveyor for Systems-RenewalMaintenance,CM-TQR-RRM-TQSSRM,Renewal Maintenance,true,01sa5000001vuxlAAA,Standard Price Book,USD,0,true
01uWC000005pJ5sYAE,01tWC00000DCxlVYAT,Text Report Converter (ASCII/ANSI/TXT/PRN)-NewMaintenance,DM-IRC-RNM-TRCANE,New Maintenance,true,01sa5000001vuxlAAA,Standard Price Book,USD,0,true
01uWC000005pJ5yYAE,01tWC00000DCxlXYAT,Text Report Converter (ASCII/ANSI/TXT/PRN)-RenewalMaintenance,DM-IRC-RRM-TRCARE,Renewal Maintenance,true,01sa5000001vuxlAAA,Standard Price Book,USD,0,true
01uWC000005pJ6AYAU,01tWC00000DCxldYAD,Threat Aware-NewMaintenance,DP-DLP-RNM-THRENE,New Maintenance,true,01sa5000001vuxlAAA,Standard Price Book,USD,0,true
01uWC000005pJ6GYAU,01tWC00000DCxlfYAD,Threat Aware-RenewalMaintenance,DP-DLP-RRM-THRERE,Renewal Maintenance,true,01sa5000001vuxlAAA,Standard Price Book,USD,0,true
01uWC000005pJ6MYAU,01tWC00000DCxlhYAD,Titus-NewMaintenance,DP-DC-RNM-TNM,New Maintenance,true,01sa5000001vuxlAAA,Standard Price Book,USD,0,true
01uWC000005pJ6SYAU,01tWC00000DCxljYAD,Titus-RenewalMaintenance,DP-DC-RRM-TRM,Renewal Maintenance,true,01sa5000001vuxlAAA,Standard Price Book,USD,0,true
01uWC000005pJ6YYAU,01tWC00000DCxllYAD,Titus Classification Enterprise Suite-NewMaintenance,DP-DC-RNM-TCESNM,New Maintenance,true,01sa5000001vuxlAAA,Standard Price Book,USD,0,true
01uWC000005pJ6eYAE,01tWC00000DCxlnYAD,Titus Classification Enterprise Suite-RenewalMaintenance,DP-DC-RRM-TCESRM,Renewal Maintenance,true,01sa5000001vuxlAAA,Standard Price Book,USD,0,true
01uWC000005pJ6kYAE,01tWC00000DCxloYAD,Titus Classification for Mobile-NewMaintenance,DP-DC-RNM-TCMNM,New Maintenance,true,01sa5000001vuxlAAA,Standard Price Book,USD,0,true
01uWC000005pJ6qYAE,01tWC00000DCxlqYAD,Titus Classification for Mobile-RenewalMaintenance,DP-DC-RRM-TCMRM,Renewal Maintenance,true,01sa5000001vuxlAAA,Standard Price Book,USD,0,true
01uWC000005pJ6wYAE,01tWC00000DCxlsYAD,Titus Classification for Office and Files-NewMaintenance,DP-DC-RNM-TCOFNM,New Maintenance,true,01sa5000001vuxlAAA,Standard Price Book,USD,0,true
01uWC000005pJ72YAE,01tWC00000DCxluYAD,Titus Classification for Office and Files-RenewalMaintenance,DP-DC-RRM-TCOFRM,Renewal Maintenance,true,01sa5000001vuxlAAA,Standard Price Book,USD,0,true
01uWC000005pJ78YAE,01tWC00000DCxlvYAD,Titus Classification Suite-NewMaintenance,DP-DC-RNM-TCSNM,New Maintenance,true,01sa5000001vuxlAAA,Standard Price Book,USD,0,true
01uWC000005pJ7EYAU,01tWC00000DCxlyYAD,Titus Classification Suite-RenewalMaintenance,DP-DC-RRM-TCSRM,Renewal Maintenance,true,01sa5000001vuxlAAA,Standard Price Book,USD,0,true
01uWC000005pJ7KYAU,01tWC00000DCxm1YAD,Titus for Lotus Notes-NewMaintenance,DP-DC-RNM-TLNNM,New Maintenance,true,01sa5000001vuxlAAA,Standard Price Book,USD,0,true
01uWC000005pJ7QYAU,01tWC00000DCxm3YAD,Titus for Lotus Notes-RenewalMaintenance,DP-DC-RRM-TLNRM,Renewal Maintenance,true,01sa5000001vuxlAAA,Standard Price Book,USD,0,true
01uWC000005pJ7WYAU,01tWC00000DCxm4YAD,Titus Message Classification-NewMaintenance,DP-DC-RNM-TMCNM,New Maintenance,true,01sa5000001vuxlAAA,Standard Price Book,USD,0,true
01uWC000005pJ7cYAE,01tWC00000DCxm6YAD,Titus Message Classification-RenewalMaintenance,DP-DC-RRM-TMCRM,Renewal Maintenance,true,01sa5000001vuxlAAA,Standard Price Book,USD,0,true
01uWC000005pJ7iYAE,01tWC00000DCxm8YAD,TLC Reinstatement Fee-RenewalMaintenance,FIM-FIM-RRM-TLCR,Renewal Maintenance,true,01sa5000001vuxlAAA,Standard Price Book,USD,0,true
01uWC000005pJ7yYAE,01tWC00000DCxmJYAT,Trend Tables-NewMaintenance,BI-SDW-RNM-TRENNE,New Maintenance,true,01sa5000001vuxlAAA,Standard Price Book,USD,0,true
01uWC000005pJ84YAE,01tWC00000DCxmLYAT,Trend Tables-RenewalMaintenance,BI-SDW-RRM-TRENRE,Renewal Maintenance,true,01sa5000001vuxlAAA,Standard Price Book,USD,0,true
01uWC000005pJ8AYAU,01tWC00000DCxmNYAT,Tripwire - Term Based Enterprise License-NewMaintenance,FIM-FIM-RNM-TTBELN,New Maintenance,true,01sa5000001vuxlAAA,Standard Price Book,USD,0,true
01uWC000005pJ8HYAU,01tWC00000DCyxlYAD,VMC - Windows Performance Agent-NewMaintenance,SM-VMC-RNM-VWPM,New Maintenance,true,01sa5000001vuxlAAA,Standard Price Book,USD,0,true
01uWC000005pJ8NYAU,01tWC00000DCyxnYAD,VMC - Windows Performance Agent-RenewalMaintenance,SM-VMC-RRM-VMCWI,Renewal Maintenance,true,01sa5000001vuxlAAA,Standard Price Book,USD,0,true
01uWC000005pJ8TYAU,01tWC00000DCyxpYAD,VMC - Windows Security Agent - 10 Units Package-NewMaintenance,SM-VMC-RNM-VMCWIN,New Maintenance,true,01sa5000001vuxlAAA,Standard Price Book,USD,0,true
01uWC000005pJATYA2,01tWC00000DD19oYAD,Data Monitor for iSeries Base-NewMaintenance,SM-VMC-RNM-DMISBN,New Maintenance,true,01sa5000001vuxlAAA,Standard Price Book,USD,0,true
01uWC000005pJAZYA2,01tWC00000DD19qYAD,Data Monitor for iSeries Base-RenewalMaintenance,SM-VMC-RRM-DMISBR,Renewal Maintenance,true,01sa5000001vuxlAAA,Standard Price Book,USD,0,true
01uWC000005pJFVYA2,01tWC00000DD19sYAD,Data Monitor for iSeries Base (Changes)-NewMaintenance,SM-VMC-RNM-DMISBC,New Maintenance,true,01sa5000001vuxlAAA,Standard Price Book,USD,0,true
01uWC000005pJFbYAM,01tWC00000DD19uYAD,Data Monitor for iSeries Base (Changes)-RenewalMaintenance,SM-VMC-RRM-DMIM,Renewal Maintenance,true,01sa5000001vuxlAAA,Standard Price Book,USD,0,true
01uWC000005pJFhYAM,01tWC00000DD19wYAD,Data Monitor for iSeries Base Changes-NewMaintenance,SM-VMC-RNM-DAMO,New Maintenance,true,01sa5000001vuxlAAA,Standard Price Book,USD,0,true
01uWC000005pJFnYAM,01tWC00000DD19yYAD,Data Monitor for iSeries Base Changes-RenewalMaintenance,SM-VMC-RRM-DATAM,Renewal Maintenance,true,01sa5000001vuxlAAA,Standard Price Book,USD,0,true
01uWC000005pJFtYAM,01tWC00000DD1A0YAL,Data Monitor for iSeries Reads-NewMaintenance,SM-VMC-RNM-DMISRN,New Maintenance,true,01sa5000001vuxlAAA,Standard Price Book,USD,0,true
01uWC000005pJFzYAM,01tWC00000DD1A2YAL,Data Monitor for iSeries Reads-RenewalMaintenance,SM-VMC-RRM-DMISRR,Renewal Maintenance,true,01sa5000001vuxlAAA,Standard Price Book,USD,0,true
01uWC000005pJG5YAM,01tWC00000DD1A9YAL,Data Redaction For Secure Email Gateway-NewMaintenance,ES-SEG-RNM-DRSEGN,New Maintenance,true,01sa5000001vuxlAAA,Standard Price Book,USD,0,true
01uWC000005pJGBYA2,01tWC00000DD1ABYA1,Data Redaction For Secure Email Gateway-RenewalMaintenance,ES-SEG-RRM-DRSEGR,Renewal Maintenance,true,01sa5000001vuxlAAA,Standard Price Book,USD,0,true
01uWC000005pJGHYA2,01tWC00000DD1ADYA1,Data Redaction For SECURE Exchange Gateway-NewMaintenance,ES-SXG-RNM-DRSM,New Maintenance,true,01sa5000001vuxlAAA,Standard Price Book,USD,0,true
01uWC000005pJGNYA2,01tWC00000DD1AFYA1,Data Redaction For SECURE Exchange Gateway-RenewalMaintenance,ES-SXG-RRM-DARE,Renewal Maintenance,true,01sa5000001vuxlAAA,Standard Price Book,USD,0,true
01uWC000005pJGTYA2,01tWC00000DD1AHYA1,Data Redaction For SECURE ICAP Gateway-NewMaintenance,ES-SIG-RNM-DRSIGN,New Maintenance,true,01sa5000001vuxlAAA,Standard Price Book,USD,0,true
01uWC000005pJGZYA2,01tWC00000DD1AJYA1,Data Redaction For SECURE ICAP Gateway-RenewalMaintenance,ES-SIG-RRM-DRSIGR,Renewal Maintenance,true,01sa5000001vuxlAAA,Standard Price Book,USD,0,true
01uWC000005pJGfYAM,01tWC00000DD1ALYA1,Data Redaction For SECURE ICAP Gateway Per Instance-NewMaintenance,ES-SIG-RNM-DATAR,New Maintenance,true,01sa5000001vuxlAAA,Standard Price Book,USD,0,true
01uWC000005pJGlYAM,01tWC00000DD1ANYA1,Data Redaction For SECURE ICAP Gateway Per Instance-RenewalMaintenance,ES-SIG-RRM-DATARE,Renewal Maintenance,true,01sa5000001vuxlAAA,Standard Price Book,USD,0,true
01uWC000005pJGrYAM,01tWC00000DD1APYA1,Data Redaction For SECURE Web Gateway-NewMaintenance,ES-SWG-RNM-DRSWGN,New Maintenance,true,01sa5000001vuxlAAA,Standard Price Book,USD,0,true
01uWC000005pJGxYAM,01tWC00000DD1ARYA1,Data Redaction For SECURE Web Gateway-RenewalMaintenance,ES-SWG-RRM-DRSWGR,Renewal Maintenance,true,01sa5000001vuxlAAA,Standard Price Book,USD,0,true
01uWC000005pJH3YAM,01tWC00000DD1ATYA1,Data Set View Builder-NewMaintenance,BI-SDW-RNM-DSVBNM,New Maintenance,true,01sa5000001vuxlAAA,Standard Price Book,USD,0,true
01uWC000005pJH9YAM,01tWC00000DD1AVYA1,Data Set View Builder-RenewalMaintenance,BI-SDW-RRM-DSVBRM,Renewal Maintenance,true,01sa5000001vuxlAAA,Standard Price Book,USD,0,true
01uWC000005pJHFYA2,01tWC00000DD1AXYA1,Data Transfer/400 - Legacy-NewMaintenance,DM-DML-RNM-DT4LNM,New Maintenance,true,01sa5000001vuxlAAA,Standard Price Book,USD,0,true
01uWC000005pJHLYA2,01tWC00000DD1AZYA1,Data Transfer/400 - Legacy-RenewalMaintenance,DM-DML-RRM-DT4LRM,Renewal Maintenance,true,01sa5000001vuxlAAA,Standard Price Book,USD,0,true
01uWC000005pJHRYA2,01tWC00000DD1AaYAL,DataImport-NewMaintenance,DM-IBM-RNM-DATANE,New Maintenance,true,01sa5000001vuxlAAA,Standard Price Book,USD,0,true
01uWC000005pJHXYA2,01tWC00000DD1AcYAL,DataImport-RenewalMaintenance,DM-IBM-RRM-DATARM,Renewal Maintenance,true,01sa5000001vuxlAAA,Standard Price Book,USD,0,true
01uWC000005pJHdYAM,01tWC00000DD1AlYAL,DCS for Windows and OWA-NewMaintenance,DP-DC-RNM-DCSWON,New Maintenance,true,01sa5000001vuxlAAA,Standard Price Book,USD,0,true
01uWC000005pJHjYAM,01tWC00000DD1AnYAL,DCS for Windows and OWA-RenewalMaintenance,DP-DC-RRM-DCSWOR,Renewal Maintenance,true,01sa5000001vuxlAAA,Standard Price Book,USD,0,true
01uWC000005pJHpYAM,01tWC00000DD1AoYAL,DCS for Windows and SharePoint MDS-NewMaintenance,DP-DC-RNM-DCSWSP,New Maintenance,true,01sa5000001vuxlAAA,Standard Price Book,USD,0,true
01uWC000005pJHvYAM,01tWC00000DD1AqYAL,DCS for Windows and SharePoint MDS-RenewalMaintenance,DP-DC-RRM-DCSWIS,Renewal Maintenance,true,01sa5000001vuxlAAA,Standard Price Book,USD,0,true
01uWC000005pJI1YAM,01tWC00000DD1ArYAL,DCS Plus-NewMaintenance,DP-DC-RNM-DCSPNM,New Maintenance,true,01sa5000001vuxlAAA,Standard Price Book,USD,0,true
01uWC000005pJI7YAM,01tWC00000DD1AtYAL,DCS Plus-RenewalMaintenance,DP-DC-RRM-DCSPRM,Renewal Maintenance,true,01sa5000001vuxlAAA,Standard Price Book,USD,0,true
01uWC000005pJIDYA2,01tWC00000DD1AxYAL,DealerTrack Bundle - Legacy-NewMaintenance,DM-DML-RNM-DTBLNM,New Maintenance,true,01sa5000001vuxlAAA,Standard Price Book,USD,0,true
01uWC000005pJIJYA2,01tWC00000DD1AzYAL,DealerTrack Bundle - Legacy-RenewalMaintenance,DM-DML-RRM-DTBLRM,Renewal Maintenance,true,01sa5000001vuxlAAA,Standard Price Book,USD,0,true
01uWC000005pJLuYAM,01tWC00000DD1OsYAL,GoAnywhere Starter Bundle-RenewalMaintenance,GOA-GAM-RRM-GASBRM,Renewal Maintenance,true,01sa5000001vuxlAAA,Standard Price Book,USD,0,true
01uWC000005pJM0YAM,01tWC00000DD1OzYAL,GoAnywhere Ultimate AS2-NewMaintenance,GOA-GAM-RNM-GAUANM,New Maintenance,true,01sa5000001vuxlAAA,Standard Price Book,USD,0,true
01uWC000005pJM6YAM,01tWC00000DD1P1YAL,GoAnywhere Ultimate AS2-RenewalMaintenance,GOA-GAM-RRM-GAUARM,Renewal Maintenance,true,01sa5000001vuxlAAA,Standard Price Book,USD,0,true
01uWC000005pJMCYA2,01tWC00000DD1P3YAL,GoAnywhere Workflows Basic-NewMaintenance,GOA-GAM-RNM-GAWBNM,New Maintenance,true,01sa5000001vuxlAAA,Standard Price Book,USD,0,true
01uWC000005pJMIYA2,01tWC00000DD1P5YAL,GoAnywhere Workflows Basic-RenewalMaintenance,GOA-GAM-RRM-GAWBRM,Renewal Maintenance,true,01sa5000001vuxlAAA,Standard Price Book,USD,0,true
01uWC000005pJMOYA2,01tWC00000DD1P7YAL,GoAnywhere Workflows Express-NewMaintenance,GOA-GAM-RNM-GAWENM,New Maintenance,true,01sa5000001vuxlAAA,Standard Price Book,USD,0,true
01uWC000005pJMUYA2,01tWC00000DD1P9YAL,GoAnywhere Workflows Express-RenewalMaintenance,GOA-GAM-RRM-GAWERM,Renewal Maintenance,true,01sa5000001vuxlAAA,Standard Price Book,USD,0,true
01uWC000005pJMaYAM,01tWC00000DD1PBYA1,GoAnywhere Workflows Restricted-NewMaintenance,GOA-GAM-RNM-GAWRNM,New Maintenance,true,01sa5000001vuxlAAA,Standard Price Book,USD,0,true
01uWC000005pJMgYAM,01tWC00000DD1PDYA1,GoAnywhere Workflows Restricted-RenewalMaintenance,GOA-GAM-RRM-GAWRRM,Renewal Maintenance,true,01sa5000001vuxlAAA,Standard Price Book,USD,0,true
01uWC000005pJMmYAM,01tWC00000DD1PFYA1,Green Screen-NewMaintenance,BI-SQ-RNM-GREENE,New Maintenance,true,01sa5000001vuxlAAA,Standard Price Book,USD,0,true
01uWC000005pJMsYAM,01tWC00000DD1PHYA1,Green Screen-RenewalMaintenance,BI-SQ-RRM-GREERE,Renewal Maintenance,true,01sa5000001vuxlAAA,Standard Price Book,USD,0,true
01uWC000005pJMyYAM,01tWC00000DD1PIYA1,GSM TC35 Terminal Ph-NewMaintenance,SM-SYM-RNM-GSMTTP,New Maintenance,true,01sa5000001vuxlAAA,Standard Price Book,USD,0,true
01uWC000005pJN4YAM,01tWC00000DD1PKYA1,GSM TC35 Terminal Ph-RenewalMaintenance,SM-SYM-RRM-GSMTCT,Renewal Maintenance,true,01sa5000001vuxlAAA,Standard Price Book,USD,0,true
01uWC000005pJNAYA2,01tWC00000DD1PLYA1,GSM TC65 Terminal Ph-NewMaintenance,SM-SYM-RNM-GSMTC6,New Maintenance,true,01sa5000001vuxlAAA,Standard Price Book,USD,0,true
01uWC000005pJNGYA2,01tWC00000DD1PNYA1,GSM TC65 Terminal Ph-RenewalMaintenance,SM-SYM-RRM-GSMTCR,Renewal Maintenance,true,01sa5000001vuxlAAA,Standard Price Book,USD,0,true
01uWC000005pJNMYA2,01tWC00000DD1POYA1,HA-MX Monitor-NewMaintenance,SM-HAM-RNM-HAMNEW,New Maintenance,true,01sa5000001vuxlAAA,Standard Price Book,USD,0,true
01uWC000005pJNSYA2,01tWC00000DD1PQYA1,HA-MX Monitor-RenewalMaintenance,SM-HAM-RRM-HAMREN,Renewal Maintenance,true,01sa5000001vuxlAAA,Standard Price Book,USD,0,true
01uWC000005pJNYYA2,01tWC00000DD1PSYA1,Halcyon Exit Point Manager-NewMaintenance,SM-HEP-RNM-HEPMNM,New Maintenance,true,01sa5000001vuxlAAA,Standard Price Book,USD,0,true
01uWC000005pJVZYA2,01tWC00000DD1XhYAL,RemoteAccess - Individual (Legacy)-RenewalMaintenance,NW-IRA-RRM-RAILRM,Renewal Maintenance,true,01sa5000001vuxlAAA,Standard Price Book,USD,0,true
01uWC000005pJVfYAM,01tWC00000DD1XiYAL,RemoteAccess - Pooled - Freeware-NewMaintenance,NW-INT-RNM-RAPFNM,New Maintenance,true,01sa5000001vuxlAAA,Standard Price Book,USD,0,true
01uWC000005pJVlYAM,01tWC00000DD1XkYAL,RemoteAccess - Pooled - Freeware-RenewalMaintenance,NW-INT-RRM-RAPFRM,Renewal Maintenance,true,01sa5000001vuxlAAA,Standard Price Book,USD,0,true
01uWC000005pJVrYAM,01tWC00000DD1XlYAL,RemoteAccess - Pooled-NewMaintenance,NW-INT-RNM-RAPNM,New Maintenance,true,01sa5000001vuxlAAA,Standard Price Book,USD,0,true
01uWC000005pJVxYAM,01tWC00000DD1XnYAL,RemoteAccess - Pooled-RenewalMaintenance,NW-INT-RRM-RAPRM,Renewal Maintenance,true,01sa5000001vuxlAAA,Standard Price Book,USD,0,true
01uWC000005pJW3YAM,01tWC00000DD1XpYAL,RemoteAccess - Pooled (Legacy)-NewMaintenance,NW-INT-RNM-RAPLNM,New Maintenance,true,01sa5000001vuxlAAA,Standard Price Book,USD,0,true
01uWC000005pJW9YAM,01tWC00000DD1XrYAL,RemoteAccess - Pooled (Legacy)-RenewalMaintenance,NW-INT-RRM-RAPLRM,Renewal Maintenance,true,01sa5000001vuxlAAA,Standard Price Book,USD,0,true
01uWC000005pJWFYA2,01tWC00000DD1XsYAL,RemoteAccess Server Fee-NewMaintenance,NW-INT-RNM-RASFNM,New Maintenance,true,01sa5000001vuxlAAA,Standard Price Book,USD,0,true
01uWC000005pJWLYA2,01tWC00000DD1XuYAL,RemoteAccess Server Fee-RenewalMaintenance,NW-INT-RRM-RASFRM,Renewal Maintenance,true,01sa5000001vuxlAAA,Standard Price Book,USD,0,true
01uWC000005pJWRYA2,01tWC00000DD1XwYAL,Report Archive Bundle iSeries - Legacy-NewMaintenance,DM-DOE-RNM-REPOAB,New Maintenance,true,01sa5000001vuxlAAA,Standard Price Book,USD,0,true
01uWC000005pJWXYA2,01tWC00000DD1XyYAL,Report Archive Bundle iSeries - Legacy-RenewalMaintenance,DM-DOE-RRM-REPOFA,Renewal Maintenance,true,01sa5000001vuxlAAA,Standard Price Book,USD,0,true
01uWC000005pJWdYAM,01tWC00000DD1XzYAL,Report Splitter-NewMaintenance,DM-IBM-RNM-REPOSN,New Maintenance,true,01sa5000001vuxlAAA,Standard Price Book,USD,0,true
01uWC000005pJWjYAM,01tWC00000DD1Y1YAL,Report Splitter-RenewalMaintenance,DM-IBM-RRM-REPOSR,Renewal Maintenance,true,01sa5000001vuxlAAA,Standard Price Book,USD,0,true
01uWC000005pJWpYAM,01tWC00000DD1Y3YAL,Resource Accountant-NewMaintenance,BI-SL-RNM-RESONE,New Maintenance,true,01sa5000001vuxlAAA,Standard Price Book,USD,0,true
01uWC000005pJWvYAM,01tWC00000DD1Y5YAL,Resource Accountant-RenewalMaintenance,BI-SL-RRM-RESORE,Renewal Maintenance,true,01sa5000001vuxlAAA,Standard Price Book,USD,0,true
01uWC000005pJX1YAM,01tWC00000DD1Y6YAL,Restricted Tasks Manager-NewMaintenance,SM-SYM-RNM-RTMNEW,New Maintenance,true,01sa5000001vuxlAAA,Standard Price Book,USD,0,true
01uWC000005pJX7YAM,01tWC00000DD1Y8YAL,Restricted Tasks Manager-RenewalMaintenance,SM-SYM-RRM-RTMREN,Renewal Maintenance,true,01sa5000001vuxlAAA,Standard Price Book,USD,0,true
01uWC000005pJXDYA2,01tWC00000DD1YCYA1,Risk & Compliance Monitor-NewMaintenance,CS-DFT-RNM-RCMNEW,New Maintenance,true,01sa5000001vuxlAAA,Standard Price Book,USD,0,true
01uWC000005pJXJYA2,01tWC00000DD1YEYA1,Risk & Compliance Monitor-RenewalMaintenance,CS-DFT-RRM-RCMREN,Renewal Maintenance,true,01sa5000001vuxlAAA,Standard Price Book,USD,0,true
01uWC000005pJXPYA2,01tWC00000DD1YGYA1,RJS PDF API-NewMaintenance,DM-DML-RNM-RJSPNE,New Maintenance,true,01sa5000001vuxlAAA,Standard Price Book,USD,0,true
01uWC000005pJXVYA2,01tWC00000DD1YIYA1,RJS PDF API-RenewalMaintenance,DM-DML-RRM-RJSPRE,Renewal Maintenance,true,01sa5000001vuxlAAA,Standard Price Book,USD,0,true
01uWC000005pJXbYAM,01tWC00000DD1YLYA1,Robot Alert-NewMaintenance,SM-ROA-RNM-RANM,New Maintenance,true,01sa5000001vuxlAAA,Standard Price Book,USD,0,true
01uWC000005pJXhYAM,01tWC00000DD1YNYA1,Robot Alert-RenewalMaintenance,SM-ROA-RRM-RARM,Renewal Maintenance,true,01sa5000001vuxlAAA,Standard Price Book,USD,0,true
01uWC000005pJXnYAM,01tWC00000DD1YPYA1,Robot Autotune-NewMaintenance,SM-RAT-RNM-ROAU,New Maintenance,true,01sa5000001vuxlAAA,Standard Price Book,USD,0,true
01uWC000005pJXtYAM,01tWC00000DD1YRYA1,Robot Autotune-RenewalMaintenance,SM-RAT-RRM-RORM,Renewal Maintenance,true,01sa5000001vuxlAAA,Standard Price Book,USD,0,true
01uWC000005pJXzYAM,01tWC00000DD1YTYA1,Robot Bundle-NewMaintenance,SM-ROB-RNM-RBNM,New Maintenance,true,01sa5000001vuxlAAA,Standard Price Book,USD,0,true
01uWC000005pJY5YAM,01tWC00000DD1YZYA1,Robot Bundle-RenewalMaintenance,SM-ROB-RRM-RBRM,Renewal Maintenance,true,01sa5000001vuxlAAA,Standard Price Book,USD,0,true
01uWC000005pJYBYA2,01tWC00000DD1YfYAL,Robot Client-NewMaintenance,SM-SYM-RNM-RCNM,New Maintenance,true,01sa5000001vuxlAAA,Standard Price Book,USD,0,true
01uWC000005pJYHYA2,01tWC00000DD1YhYAL,Robot Client-RenewalMaintenance,SM-SYM-RRM-RCRM,Renewal Maintenance,true,01sa5000001vuxlAAA,Standard Price Book,USD,0,true
01uWC000005pJYNYA2,01tWC00000DD1YjYAL,Robot Console-NewMaintenance,SM-ROC-RNM-ROCO,New Maintenance,true,01sa5000001vuxlAAA,Standard Price Book,USD,0,true
01uWC000005pJYTYA2,01tWC00000DD1YlYAL,Robot Console-RenewalMaintenance,SM-ROC-RRM-ROBOTC,Renewal Maintenance,true,01sa5000001vuxlAAA,Standard Price Book,USD,0,true
01uWC000005pJYZYA2,01tWC00000DD1YnYAL,Robot CPA-NewMaintenance,SM-RCP-RNM-RONM,New Maintenance,true,01sa5000001vuxlAAA,Standard Price Book,USD,0,true
01uWC000005pJYfYAM,01tWC00000DD1YpYAL,Robot CPA-RenewalMaintenance,SM-RCP-RRM-ROBCPA,Renewal Maintenance,true,01sa5000001vuxlAAA,Standard Price Book,USD,0,true
01uWC000005pJYlYAM,01tWC00000DD1YrYAL,Robot HA-NewMaintenance,SM-RHA-RNM-RHNM,New Maintenance,true,01sa5000001vuxlAAA,Standard Price Book,USD,0,true
01uWC000005pJrOYAU,01tWC00000DD1t3YAD,VMC - WebSphere Application Server Operations Agent-RenewalMaintenance,SM-VMC-RRM-VMWE,Renewal Maintenance,true,01sa5000001vuxlAAA,Standard Price Book,USD,0,true
01uWC000005pJrUYAU,01tWC00000DD1t5YAD,VMC - WebSphere MQ Operations Agent-NewMaintenance,SM-VMC-RNM-VMCWE,New Maintenance,true,01sa5000001vuxlAAA,Standard Price Book,USD,0,true
01uWC000005pJraYAE,01tWC00000DD1t7YAD,VMC - WebSphere MQ Operations Agent-RenewalMaintenance,SM-VMC-RRM-VMWEB,Renewal Maintenance,true,01sa5000001vuxlAAA,Standard Price Book,USD,0,true
01uWC000005pJrgYAE,01tWC00000DD1t9YAD,VMC - Windows Operations Agent-NewMaintenance,SM-VMC-RNM-VWOM,New Maintenance,true,01sa5000001vuxlAAA,Standard Price Book,USD,0,true
01uWC000005pJrmYAE,01tWC00000DD1tCYAT,VMC - Windows Operations Agent-RenewalMaintenance,SM-VMC-RRM-VMWI,Renewal Maintenance,true,01sa5000001vuxlAAA,Standard Price Book,USD,0,true
01uWC000005pJrsYAE,01tWC00000DD1tHYAT,Tripwire Log Center Manager License-NewMaintenance,FIM-TLC-RNM-TLCMLN,New Maintenance,true,01sa5000001vuxlAAA,Standard Price Book,USD,0,true
01uWC000005pJtuYAE,01tWC00000DD1teYAD,Tripwire Console Orchestrator-RenewalMaintenance,FIM-FIM-RNM-TCORM,Renewal Maintenance,true,01sa5000001vuxlAAA,Standard Price Book,USD,0,true
01uWC000005pJuVYAU,01tWC00000DD1tpYAD,TrustCenter For SECURE Email Gateway-NewMaintenance,ES-SEG-RNM-TCSENE,New Maintenance,true,01sa5000001vuxlAAA,Standard Price Book,USD,0,true
01uWC000005pJubYAE,01tWC00000DD1trYAD,TrustCenter For SECURE Email Gateway-RenewalMaintenance,ES-SEG-RRM-TCSERE,Renewal Maintenance,true,01sa5000001vuxlAAA,Standard Price Book,USD,0,true
01uWC000005pJumYAE,01tWC00000DD1tvYAD,Unisys - TeamQuest Baseline OS2200-OTC-NewMaintenance,CM-TQU-RNM-UTQBOO,New Maintenance,true,01sa5000001vuxlAAA,Standard Price Book,USD,0,true
01uWC000005pJusYAE,01tWC00000DD1txYAD,Unisys - TeamQuest Baseline OS2200-OTC-RenewalMaintenance,CM-TQU-RRM-UTQM,Renewal Maintenance,true,01sa5000001vuxlAAA,Standard Price Book,USD,0,true
01uWC000005pJuyYAE,01tWC00000DD1tzYAD,Unisys - TeamQuest CULL OS2200-OTC-NewMaintenance,CM-TQU-RNM-UTQCOO,New Maintenance,true,01sa5000001vuxlAAA,Standard Price Book,USD,0,true
01uWC000005pJv4YAE,01tWC00000DD1u1YAD,Unisys - TeamQuest CULL OS2200-OTC-RenewalMaintenance,CM-TQU-RRM-UNTE,Renewal Maintenance,true,01sa5000001vuxlAAA,Standard Price Book,USD,0,true
01uWC000005pJvAYAU,01tWC00000DD1u4YAD,Unisys - TeamQuest D-Fragger OS2200-OTC-NewMaintenance,CM-TQU-RNM-UTQDFO,New Maintenance,true,01sa5000001vuxlAAA,Standard Price Book,USD,0,true
01uWC000005pJvGYAU,01tWC00000DD1u6YAD,Unisys - TeamQuest D-Fragger OS2200-OTC-RenewalMaintenance,CM-TQU-RRM-UNRM,Renewal Maintenance,true,01sa5000001vuxlAAA,Standard Price Book,USD,0,true
01uWC000005pJxfYAE,01tWC00000DD21VYAT,EFT 8 Continuum-RenewalMaintenance,GS-GSE-RRM-EFT8CRM,Renewal Maintenance,true,01sa5000001vuxlAAA,Standard Price Book,USD,0,true
01uWC000005pJxlYAE,01tWC00000DD21kYAD,EFT SMB Web Client WTC 10 Seats-NewMaintenance,GS-GSE-RNM-ESW10SNM,New Maintenance,true,01sa5000001vuxlAAA,Standard Price Book,USD,0,true
01uWC000005pJxrYAE,01tWC00000DD21lYAD,EFT SMB Web Client WTC 10 Seats-RenewalMaintenance,GS-GSE-RRM-ESW10SRM,Renewal Maintenance,true,01sa5000001vuxlAAA,Standard Price Book,USD,0,true
01uWC000005pJxxYAE,01tWC00000DD21qYAD,GoAnywhere Collaboration Bundle with Gateway and Threat Protection-NewMaintenance,GOA-GAM-RNM-GCBGTPNM,New Maintenance,true,01sa5000001vuxlAAA,Standard Price Book,USD,0,true
01uWC000005pJy3YAE,01tWC00000DD21rYAD,GoAnywhere Collaboration Bundle with Gateway and Threat Protection-RenewalMaintenance,GOA-GAM-RRM-GCBGTPRM,Renewal Maintenance,true,01sa5000001vuxlAAA,Standard Price Book,USD,0,true
01uWC000005pJy9YAE,01tWC00000DD21uYAD,GoAnywhere Core Server Bundle with Gateway and Threat Protection-NewMaintenance,GOA-GAM-RNM-GCSBTPNM,New Maintenance,true,01sa5000001vuxlAAA,Standard Price Book,USD,0,true
01uWC000005pJyFYAU,01tWC00000DD21vYAD,GoAnywhere Core Server Bundle with Gateway and Threat Protection-RenewalMaintenance,GOA-GAM-RRM-GCSBTPRM,Renewal Maintenance,true,01sa5000001vuxlAAA,Standard Price Book,USD,0,true
01uWC000005pJykYAE,01tWC00000DCyxrYAD,VMC - Windows Security Agent - 10 Units Package-RenewalMaintenance,SM-VMC-RRM-VMWIND,Renewal Maintenance,true,01sa5000001vuxlAAA,Standard Price Book,USD,0,true
01uWC000005pJyqYAE,01tWC00000DCyxtYAD,VMC - Windows Security Agent-NewMaintenance,SM-VMC-RNM-VWINDO,New Maintenance,true,01sa5000001vuxlAAA,Standard Price Book,USD,0,true
01uWC000005pJywYAE,01tWC00000DCyxvYAD,VMC - Windows Security Agent-RenewalMaintenance,SM-VMC-RRM-VMCWIS,Renewal Maintenance,true,01sa5000001vuxlAAA,Standard Price Book,USD,0,true
01uWC000005pJz2YAE,01tWC00000DCyxxYAD,VMC iSeries Performance Agent-NewMaintenance,SM-VMC-RNM-VISEP,New Maintenance,true,01sa5000001vuxlAAA,Standard Price Book,USD,0,true
01uWC000005pJz8YAE,01tWC00000DCyxzYAD,VMC iSeries Performance Agent-RenewalMaintenance,SM-VMC-RRM-VMISPA,Renewal Maintenance,true,01sa5000001vuxlAAA,Standard Price Book,USD,0,true
01uWC000005pJzEYAU,01tWC00000DCyy1YAD,VMC Monitoring Engine-NewMaintenance,SM-VMC-RNM-VMEM,New Maintenance,true,01sa5000001vuxlAAA,Standard Price Book,USD,0,true
01uWC000005pJzKYAU,01tWC00000DCyy3YAD,VMC Monitoring Engine-RenewalMaintenance,SM-VMC-RRM-VMMO,Renewal Maintenance,true,01sa5000001vuxlAAA,Standard Price Book,USD,0,true
01uWC000005pJzQYAU,01tWC00000DCyy4YAD,VMC Monitoring Engine - Security-NewMaintenance,SM-VMC-RNM-VMCMO,New Maintenance,true,01sa5000001vuxlAAA,Standard Price Book,USD,0,true
01uWC000005pJzWYAU,01tWC00000DCyy6YAD,VMC Monitoring Engine - Security-RenewalMaintenance,SM-VMC-RRM-VMCMON,Renewal Maintenance,true,01sa5000001vuxlAAA,Standard Price Book,USD,0,true
01uWC000005pJzdYAE,01tWC00000DCyyFYAT,VnE Manager Ev & Device Profiler Ev-NewMaintenance,FIM-FIM-RNM-VEMEDP,New Maintenance,true,01sa5000001vuxlAAA,Standard Price Book,USD,0,true
01uWC000005pJzjYAE,01tWC00000DCyyHYAT,VnE Manager Ev & Device Profiler Ev-RenewalMaintenance,FIM-FIM-RRM-VEMEVR,Renewal Maintenance,true,01sa5000001vuxlAAA,Standard Price Book,USD,0,true
01uWC000005pJzrYAE,01tWC00000DCyyTYAT,Warehouse Builder-NewMaintenance,BI-WB-RNM-WAREBN,New Maintenance,true,01sa5000001vuxlAAA,Standard Price Book,USD,0,true
01uWC000005pJzxYAE,01tWC00000DCyyVYAT,Warehouse Builder-RenewalMaintenance,BI-WB-RRM-WAREBR,Renewal Maintenance,true,01sa5000001vuxlAAA,Standard Price Book,USD,0,true
01uWC000005pK03YAE,01tWC00000DCyyXYAT,Warehouse Manager-NewMaintenance,BI-WM-RNM-WAREMN,New Maintenance,true,01sa5000001vuxlAAA,Standard Price Book,USD,0,true
01uWC000005pK14YAE,01tWC00000DCyyZYAT,Warehouse Manager-RenewalMaintenance,BI-WM-RRM-WAREMR,Renewal Maintenance,true,01sa5000001vuxlAAA,Standard Price Book,USD,0,true
01uWC000005pK1MYAU,01tWC00000DCzhaYAD,Insite Analytics - Starter Package-RenewalMaintenance,BI-ISA-RRM-IASPRM,Renewal Maintenance,true,01sa5000001vuxlAAA,Standard Price Book,USD,0,true
01uWC000005pK1SYAU,01tWC00000DCzhbYAD,Insite Analytics - Starter Package-NewMaintenance,BI-ISA-RNM-IASPNM,New Maintenance,true,01sa5000001vuxlAAA,Standard Price Book,USD,0,true
01uWC000005pK1YYAU,01tWC00000DD09LYAT,Native AFP to PDF Report-RenewalMaintenance,DM-DML-RRM-NATPRR,Renewal Maintenance,true,01sa5000001vuxlAAA,Standard Price Book,USD,0,true
01uWC000005pK1eYAE,01tWC00000DD09MYAT,Native AFP to TIFF Report-NewMaintenance,DM-DML-RNM-NATTRN,New Maintenance,true,01sa5000001vuxlAAA,Standard Price Book,USD,0,true
01uWC000005pK1kYAE,01tWC00000DD09OYAT,Native AFP to TIFF Report-RenewalMaintenance,DM-DML-RRM-NATTRR,Renewal Maintenance,true,01sa5000001vuxlAAA,Standard Price Book,USD,0,true
01uWC000005pKrtYAE,01tWC00000DD1pMYAT,Tripwire Log Center for Network Devices-NewMaintenance,FIM-TLC-RNM-TLCNDN,New Maintenance,true,01sa5000001vuxlAAA,Standard Price Book,USD,0,true
01uWC000005pKs7YAE,01tWC00000DD1pdYAD,Tripwire Log Center for Security Devices-NewMaintenance,FIM-TLC-RNM-TLCSDN,New Maintenance,true,01sa5000001vuxlAAA,Standard Price Book,USD,0,true
01uWC000005pKsKYAU,01tWC00000DD1pgYAD,Tripwire Log Center for VMware ESX (includes Advanced Log Collector Agent)-NewMaintenance,FIM-TLC-RNM-TLCVEI,New Maintenance,true,01sa5000001vuxlAAA,Standard Price Book,USD,0,true
01uWC000005pKsRYAU,01tWC00000DD1piYAD,Tripwire Log Center for VMware ESX (includes Advanced Log Collector Agent)-RenewalMaintenance,FIM-TLC-RRM-TRLCEV,Renewal Maintenance,true,01sa5000001vuxlAAA,Standard Price Book,USD,0,true
01uWC000005pKsdYAE,01tWC00000DD1r7YAD,VMC - Exchange Server Operations Agent-RenewalMaintenance,SM-VMC-RRM-VESM,Renewal Maintenance,true,01sa5000001vuxlAAA,Standard Price Book,USD,0,true
01uWC000005pKsjYAE,01tWC00000DD1r9YAD,VMC - Hub Option-NewMaintenance,SM-VMC-RNM-VMCH,New Maintenance,true,01sa5000001vuxlAAA,Standard Price Book,USD,0,true
01uWC000005pKspYAE,01tWC00000DD1rBYAT,VMC - Hub Option-RenewalMaintenance,SM-VMC-RRM-VHOM,Renewal Maintenance,true,01sa5000001vuxlAAA,Standard Price Book,USD,0,true
01uWC000005pKsvYAE,01tWC00000DD1rDYAT,VMC - iSeries Performance Agent (Powered by VCW)-NewMaintenance,SM-VMC-RNM-VISM,New Maintenance,true,01sa5000001vuxlAAA,Standard Price Book,USD,0,true
01uWC000005pKt1YAE,01tWC00000DD1rFYAT,VMC - iSeries Performance Agent (Powered by VCW)-RenewalMaintenance,SM-VMC-RRM-VMCISE,Renewal Maintenance,true,01sa5000001vuxlAAA,Standard Price Book,USD,0,true
01uWC000005pKt7YAE,01tWC00000DD1rHYAT,VMC - iSeries Performance Manager-NewMaintenance,SM-VMC-RNM-VMIS,New Maintenance,true,01sa5000001vuxlAAA,Standard Price Book,USD,0,true
01uWC000005pKtDYAU,01tWC00000DD1rJYAT,VMC - iSeries Performance Manager-RenewalMaintenance,SM-VMC-RRM-VMISER,Renewal Maintenance,true,01sa5000001vuxlAAA,Standard Price Book,USD,0,true
01uWC000005pKtJYAU,01tWC00000DD1rLYAT,VMC - iSeries Performance Manager (VCJ & VCP)-NewMaintenance,SM-VMC-RNM-VISER,New Maintenance,true,01sa5000001vuxlAAA,Standard Price Book,USD,0,true
01uWC000005pKtPYAU,01tWC00000DD1rNYAT,VMC - iSeries Performance Manager (VCJ & VCP)-RenewalMaintenance,SM-VMC-RRM-VMISP,Renewal Maintenance,true,01sa5000001vuxlAAA,Standard Price Book,USD,0,true
01uWC000005pKtVYAU,01tWC00000DD1rPYAT,VMC - iSeries Security Agent-NewMaintenance,SM-VMC-RNM-VMISS,New Maintenance,true,01sa5000001vuxlAAA,Standard Price Book,USD,0,true
01uWC000005pKtbYAE,01tWC00000DD1rRYAT,VMC - iSeries Security Agent-RenewalMaintenance,SM-VMC-RRM-VMISES,Renewal Maintenance,true,01sa5000001vuxlAAA,Standard Price Book,USD,0,true
01uWC000005pKthYAE,01tWC00000DD1rTYAT,VMC - iSeries SQL Agent-NewMaintenance,SM-VMC-RNM-VISSQ,New Maintenance,true,01sa5000001vuxlAAA,Standard Price Book,USD,0,true
01uWC000005pKtnYAE,01tWC00000DD1rVYAT,VMC - iSeries SQL Agent-RenewalMaintenance,SM-VMC-RRM-VISSA,Renewal Maintenance,true,01sa5000001vuxlAAA,Standard Price Book,USD,0,true
01uWC000005pKttYAE,01tWC00000DD1rXYAT,VMC - iSeries Support Agent-NewMaintenance,SM-VMC-RNM-VISSU,New Maintenance,true,01sa5000001vuxlAAA,Standard Price Book,USD,0,true
01uWC000005pL06YAE,01tWC00000DD220YAD,CCM - Scan Engine - EVAL-NewMaintenance,FIM-FIM-RNM-CSEENM,New Maintenance,true,01sa5000001vuxlAAA,Standard Price Book,USD,0,true
01uWC000005pL0CYAU,01tWC00000DD221YAD,CCM - Scan Engine - EVAL-RenewalMaintenance,FIM-FIM-RRM-CSEERM,Renewal Maintenance,true,01sa5000001vuxlAAA,Standard Price Book,USD,0,true
01uWC000005pL0IYAU,01tWC00000DD222YAD,Tripwire - Term Based Enterprise License-RenewalMaintenance,FIM-FIM-RRM-TTBELRM,Renewal Maintenance,true,01sa5000001vuxlAAA,Standard Price Book,USD,0,true
01uWC000005pL0PYAU,01tWC00000DD223YAD,Tripwire Enterprise for File Systems - EVAL-NewMaintenance,FIM-FIM-RNM-TEFSENM,New Maintenance,true,01sa5000001vuxlAAA,Standard Price Book,USD,0,true
01uWC000005pL0VYAU,01tWC00000DD224YAD,Tripwire Enterprise for File Systems - EVAL-RenewalMaintenance,FIM-FIM-RRM-TEFSERM,Renewal Maintenance,true,01sa5000001vuxlAAA,Standard Price Book,USD,0,true
01uWC000005pL0bYAE,01tWC00000DD225YAD,Tripwire Enterprise for VMware ESX - EVAL-NewMaintenance,FIM-FIM-RNM-TEVEENM,New Maintenance,true,01sa5000001vuxlAAA,Standard Price Book,USD,0,true
01uWC000005pL1VYAU,01tWC00000DD23EYAT,VMC - Operations Agent-RenewalMaintenance,SM-VMC-RRM-VOARM,Renewal Maintenance,true,01sa5000001vuxlAAA,Standard Price Book,USD,0,true
01uWC000005pL1bYAE,01tWC00000DD23FYAT,VMC - Operations Agent-NewMaintenance,SM-VMC-RNM-VOANM,New Maintenance,true,01sa5000001vuxlAAA,Standard Price Book,USD,0,true
01uWC000005pL1hYAE,01tWC00000DD23GYAT,VCM Starter Pack-RenewalMaintenance,CM-VCM-RRM-VSPRM,Renewal Maintenance,true,01sa5000001vuxlAAA,Standard Price Book,USD,0,true
01uWC000005pL1nYAE,01tWC00000DD23HYAT,VCM Starter Pack-NewMaintenance,CM-VCM-RNM-VSPNM,New Maintenance,true,01sa5000001vuxlAAA,Standard Price Book,USD,0,true
01uWC000005pyTwYAI,01tWC00000DD09PYAT,Native Converters-NewMaintenance,DM-DML-RNM-NCNM,New Maintenance,true,01sa5000001vuxlAAA,Standard Price Book,USD,0,true
01uWC000005pyU2YAI,01tWC00000DD09RYAT,Native Converters-RenewalMaintenance,DM-DML-RRM-NCRM,Renewal Maintenance,true,01sa5000001vuxlAAA,Standard Price Book,USD,0,true
01uWC000005pyU8YAI,01tWC00000DD09SYAT,Native DataImport Report Converter-NewMaintenance,DM-DML-RNM-NDIRCN,New Maintenance,true,01sa5000001vuxlAAA,Standard Price Book,USD,0,true
01uWC000005pyUEYAY,01tWC00000DD09UYAT,Native DataImport Report Converter-RenewalMaintenance,DM-DML-RRM-NDIRCR,Renewal Maintenance,true,01sa5000001vuxlAAA,Standard Price Book,USD,0,true
01uWC000005pyUKYAY,01tWC00000DD09VYAT,Native Host Print Transform Converter-NewMaintenance,DM-DML-RNM-NHPTCN,New Maintenance,true,01sa5000001vuxlAAA,Standard Price Book,USD,0,true
01uWC000005pyUQYAY,01tWC00000DD09XYAT,Native Host Print Transform Converter-RenewalMaintenance,DM-DML-RRM-NHPTCR,Renewal Maintenance,true,01sa5000001vuxlAAA,Standard Price Book,USD,0,true
01uWC000005pyUWYAY,01tWC00000DD09YYAT,Native PCL to PDF Converter - Legacy-NewMaintenance,DM-IBM-RNM-NPTPCL,New Maintenance,true,01sa5000001vuxlAAA,Standard Price Book,USD,0,true
01uWC000005pyUcYAI,01tWC00000DD09aYAD,Native PCL to PDF Converter - Legacy-RenewalMaintenance,DM-IBM-RRM-NPTM,Renewal Maintenance,true,01sa5000001vuxlAAA,Standard Price Book,USD,0,true
01uWC000005pyUiYAI,01tWC00000DD09bYAD,Native Text to CSV Converter-NewMaintenance,DM-DML-RNM-NTTCCN,New Maintenance,true,01sa5000001vuxlAAA,Standard Price Book,USD,0,true
01uWC000005pyUoYAI,01tWC00000DD09dYAD,Native Text to CSV Converter-RenewalMaintenance,DM-DML-RRM-NTTCCR,Renewal Maintenance,true,01sa5000001vuxlAAA,Standard Price Book,USD,0,true
01uWC000005pyUuYAI,01tWC00000DD09eYAD,Native Text to PDF Converter-NewMaintenance,DM-DML-RNM-NTTPCN,New Maintenance,true,01sa5000001vuxlAAA,Standard Price Book,USD,0,true
01uWC000005pyV0YAI,01tWC00000DD09gYAD,Native Text to PDF Converter-RenewalMaintenance,DM-DML-RRM-NTTPCR,Renewal Maintenance,true,01sa5000001vuxlAAA,Standard Price Book,USD,0,true
01uWC000005pyVEYAY,01tWC00000DD10WYAT,Digital Guardian Software-RenewalMaintenance,DP-DLP-RRM-DGSRM,Renewal Maintenance,true,01sa5000001vuxlAAA,Standard Price Book,USD,0,true
01uWC000005pyVKYAY,01tWC00000DD118YAD,5250 Integrator-RenewalMaintenance,DM-WCU-RRM-5250RE,Renewal Maintenance,true,01sa5000001vuxlAAA,Standard Price Book,USD,0,true
01uWC000005pyVfYAI,01tWC00000DD11FYAT,Abstract-RenewalMaintenance,BI-ABS-RRM-ABSTRE,Renewal Maintenance,true,01sa5000001vuxlAAA,Standard Price Book,USD,0,true
01uWC000005pyVlYAI,01tWC00000DD11MYAT,ActiveMetrics Enterprise Edition-NewMaintenance,CM-TQO-RNM-AMEENM,New Maintenance,true,01sa5000001vuxlAAA,Standard Price Book,USD,0,true
01uWC000005pyVrYAI,01tWC00000DD11OYAT,ActiveMetrics Enterprise Edition-RenewalMaintenance,CM-TQO-RRM-AMEERM,Renewal Maintenance,true,01sa5000001vuxlAAA,Standard Price Book,USD,0,true
01uWC000005pyVxYAI,01tWC00000DD11PYAT,ActiveMetrics Enterprise Plus Edition-NewMaintenance,CM-TQO-RNM-AMEPEN,New Maintenance,true,01sa5000001vuxlAAA,Standard Price Book,USD,0,true
01uWC000005pyW3YAI,01tWC00000DD11RYAT,ActiveMetrics Enterprise Plus Edition-RenewalMaintenance,CM-TQO-RRM-AMEPER,Renewal Maintenance,true,01sa5000001vuxlAAA,Standard Price Book,USD,0,true
01uWC000005pyWJYAY,01tWC00000DD11bYAD,Advanced Job Scheduler-NewMaintenance,SM-AJS-RNM-AJSNM,New Maintenance,true,01sa5000001vuxlAAA,Standard Price Book,USD,0,true
01uWC000005pyWPYAY,01tWC00000DD11dYAD,Advanced Job Scheduler-RenewalMaintenance,SM-AJS-RRM-AJSRM,Renewal Maintenance,true,01sa5000001vuxlAAA,Standard Price Book,USD,0,true
01uWC000005pyWVYAY,01tWC00000DD11fYAD,Advanced Reporting Suite-NewMaintenance,SM-ARS-RNM-ARSNM,New Maintenance,true,01sa5000001vuxlAAA,Standard Price Book,USD,0,true
01uWC000005pyWWYAY,01tWC00000DD11hYAD,Advanced Reporting Suite-RenewalMaintenance,SM-ARS-RRM-ARSRM,Renewal Maintenance,true,01sa5000001vuxlAAA,Standard Price Book,USD,0,true
01uWC000005pyWcYAI,01tWC00000DD11jYAD,Advanced Reporting Suite License-NewMaintenance,SM-ARS-RNM-ARSLNM,New Maintenance,true,01sa5000001vuxlAAA,Standard Price Book,USD,0,true
01uWC000005pyWiYAI,01tWC00000DD11lYAD,Advanced Reporting Suite License-RenewalMaintenance,SM-ARS-RRM-ARSLRM,Renewal Maintenance,true,01sa5000001vuxlAAA,Standard Price Book,USD,0,true
01uWC000005pyX3YAI,01tWC00000DD11tYAD,AFP Converter-NewMaintenance,DM-IRC-RNM-AFPCNE,New Maintenance,true,01sa5000001vuxlAAA,Standard Price Book,USD,0,true
01uWC000005pyX9YAI,01tWC00000DD11vYAD,AFP Converter-RenewalMaintenance,DM-IRC-RRM-AFPCRE,Renewal Maintenance,true,01sa5000001vuxlAAA,Standard Price Book,USD,0,true
01uWC000005pyXFYAY,01tWC00000DD121YAD,AIX on Power-NewMaintenance,SM-NSS-RNM-AIXOPN,New Maintenance,true,01sa5000001vuxlAAA,Standard Price Book,USD,0,true
01uWC000005pyXLYAY,01tWC00000DD123YAD,AIX on Power-RenewalMaintenance,SM-NSS-RRM-AIXOPR,Renewal Maintenance,true,01sa5000001vuxlAAA,Standard Price Book,USD,0,true
01uWC000005pyXRYAY,01tWC00000DD125YAD,AIX STD-NewMaintenance,SM-PN-RNM-AIXSTD,New Maintenance,true,01sa5000001vuxlAAA,Standard Price Book,USD,0,true
01uWC000005pyXXYAY,01tWC00000DD127YAD,AIX STD-RenewalMaintenance,SM-PN-RRM-AIXSRM,Renewal Maintenance,true,01sa5000001vuxlAAA,Standard Price Book,USD,0,true
01uWC000005pyXdYAI,01tWC00000DD128YAD,Alert Intelligence-NewMaintenance,SM-AI-RNM-ALERNE,New Maintenance,true,01sa5000001vuxlAAA,Standard Price Book,USD,0,true
01uWC000005pyXjYAI,01tWC00000DD12AYAT,Alert Intelligence-RenewalMaintenance,SM-AI-RRM-ALERRE,Renewal Maintenance,true,01sa5000001vuxlAAA,Standard Price Book,USD,0,true
01uWC000005pyXpYAI,01tWC00000DD12CYAT,Alignia - Batch Process-NewMaintenance,SM-VIT-RNM-ABPNM,New Maintenance,true,01sa5000001vuxlAAA,Standard Price Book,USD,0,true
01uWC000005pyXvYAI,01tWC00000DD12EYAT,Alignia - Batch Process-RenewalMaintenance,SM-VIT-RRM-ABPRM,Renewal Maintenance,true,01sa5000001vuxlAAA,Standard Price Book,USD,0,true
01uWC000005pyY1YAI,01tWC00000DD12GYAT,Alignia - Business Application-NewMaintenance,SM-VIT-RNM-ABANM,New Maintenance,true,01sa5000001vuxlAAA,Standard Price Book,USD,0,true
01uWC000005pyY7YAI,01tWC00000DD12IYAT,Alignia - Business Application-RenewalMaintenance,SM-VIT-RRM-ABARM,Renewal Maintenance,true,01sa5000001vuxlAAA,Standard Price Book,USD,0,true
01uWC000005pyYDYAY,01tWC00000DD12KYAT,Alignia - Business Consumers-NewMaintenance,SM-VIT-RNM-ABCNM,New Maintenance,true,01sa5000001vuxlAAA,Standard Price Book,USD,0,true
01uWC000005pyYJYAY,01tWC00000DD12MYAT,Alignia - Business Consumers-RenewalMaintenance,SM-VIT-RRM-ABCRM,Renewal Maintenance,true,01sa5000001vuxlAAA,Standard Price Book,USD,0,true
01uWC000005pyYPYAY,01tWC00000DD12OYAT,Alignia - Business Process-NewMaintenance,SM-VIT-RNM-ALIGNI,New Maintenance,true,01sa5000001vuxlAAA,Standard Price Book,USD,0,true
01uWC000005pyYVYAY,01tWC00000DD12QYAT,Alignia - Business Process-RenewalMaintenance,SM-VIT-RRM-ABPM,Renewal Maintenance,true,01sa5000001vuxlAAA,Standard Price Book,USD,0,true
01uWC000005pyYbYAI,01tWC00000DD12SYAT,Alignia - Business Service Instance-NewMaintenance,SM-VIT-RNM-ABSINM,New Maintenance,true,01sa5000001vuxlAAA,Standard Price Book,USD,0,true
01uWC000005pyYhYAI,01tWC00000DD12UYAT,Alignia - Business Service Instance-RenewalMaintenance,SM-VIT-RRM-ABSIRM,Renewal Maintenance,true,01sa5000001vuxlAAA,Standard Price Book,USD,0,true
01uWC000005pyYnYAI,01tWC00000DD12WYAT,Alignia - Continuous Process-NewMaintenance,SM-VIT-RNM-ACPNM,New Maintenance,true,01sa5000001vuxlAAA,Standard Price Book,USD,0,true
01uWC000005pyYtYAI,01tWC00000DD12YYAT,Alignia - Continuous Process-RenewalMaintenance,SM-VIT-RRM-ACPRM,Renewal Maintenance,true,01sa5000001vuxlAAA,Standard Price Book,USD,0,true
01uWC000005pyYzYAI,01tWC00000DD12aYAD,Alignia - Control Point-NewMaintenance,SM-VIT-RNM-ACPM,New Maintenance,true,01sa5000001vuxlAAA,Standard Price Book,USD,0,true
01uWC000005pyZ5YAI,01tWC00000DD12cYAD,Alignia - Control Point-RenewalMaintenance,SM-VIT-RRM-ALRM,Renewal Maintenance,true,01sa5000001vuxlAAA,Standard Price Book,USD,0,true
01uWC000005pyZBYAY,01tWC00000DD12eYAD,Alignia - Core-NewMaintenance,SM-VIT-RNM-ACNM,New Maintenance,true,01sa5000001vuxlAAA,Standard Price Book,USD,0,true
01uWC000005pyZHYAY,01tWC00000DD12gYAD,Alignia - Core-RenewalMaintenance,SM-VIT-RRM-ACRM,Renewal Maintenance,true,01sa5000001vuxlAAA,Standard Price Book,USD,0,true
01uWC000005pyZNYAY,01tWC00000DD12jYAD,Alignia - Engine-NewMaintenance,SM-VIT-RNM-AENM,New Maintenance,true,01sa5000001vuxlAAA,Standard Price Book,USD,0,true
01uWC000005pyZTYAY,01tWC00000DD12lYAD,Alignia - Engine-RenewalMaintenance,SM-VIT-RRM-AERM,Renewal Maintenance,true,01sa5000001vuxlAAA,Standard Price Book,USD,0,true
01uWC000005pyZZYAY,01tWC00000DD12nYAD,Alignia - External Service-NewMaintenance,SM-VIT-RNM-AESNM,New Maintenance,true,01sa5000001vuxlAAA,Standard Price Book,USD,0,true
01uWC000005pyZcYAI,01tWC00000DD12pYAD,Alignia - External Service-RenewalMaintenance,SM-VIT-RRM-AESRM,Renewal Maintenance,true,01sa5000001vuxlAAA,Standard Price Book,USD,0,true
01uWC000005pyZiYAI,01tWC00000DD12rYAD,Alignia - Internal Service-NewMaintenance,SM-VIT-RNM-AISNM,New Maintenance,true,01sa5000001vuxlAAA,Standard Price Book,USD,0,true
01uWC000005pyZoYAI,01tWC00000DD12tYAD,Alignia - Internal Service-RenewalMaintenance,SM-VIT-RRM-AISRM,Renewal Maintenance,true,01sa5000001vuxlAAA,Standard Price Book,USD,0,true
01uWC000005pyZuYAI,01tWC00000DD12vYAD,Alignia - Online Business Service-NewMaintenance,SM-VIT-RNM-AOBSNM,New Maintenance,true,01sa5000001vuxlAAA,Standard Price Book,USD,0,true
01uWC000005pya0YAA,01tWC00000DD12xYAD,Alignia - Online Business Service-RenewalMaintenance,SM-VIT-RRM-AOBSRM,Renewal Maintenance,true,01sa5000001vuxlAAA,Standard Price Book,USD,0,true
01uWC000005pya6YAA,01tWC00000DD12zYAD,Alignia - Task-NewMaintenance,SM-VIT-RNM-ATNM,New Maintenance,true,01sa5000001vuxlAAA,Standard Price Book,USD,0,true
01uWC000005pyaCYAQ,01tWC00000DD131YAD,Alignia - Task-RenewalMaintenance,SM-VIT-RRM-ATRM,Renewal Maintenance,true,01sa5000001vuxlAAA,Standard Price Book,USD,0,true
01uWC000005pyaIYAQ,01tWC00000DD133YAD,Alignia - Task Instance-NewMaintenance,SM-VIT-RNM-ATINM,New Maintenance,true,01sa5000001vuxlAAA,Standard Price Book,USD,0,true
01uWC000005pz3NYAQ,01tWC00000DD1wdYAD,WebDocs - SMB License - Legacy-RenewalMaintenance,DM-WEB-RRM-WDSLLR,Renewal Maintenance,true,01sa5000001vuxlAAA,Standard Price Book,USD,0,true
01uWC000005pz3TYAQ,01tWC00000DD1weYAD,WebDocs Batch Import-NewMaintenance,DM-DML-RNM-WDBINM,New Maintenance,true,01sa5000001vuxlAAA,Standard Price Book,USD,0,true
01uWC000005pz3ZYAQ,01tWC00000DD1wgYAD,WebDocs Batch Import-RenewalMaintenance,DM-DML-RRM-WDBIRM,Renewal Maintenance,true,01sa5000001vuxlAAA,Standard Price Book,USD,0,true
01uWC000005pz3fYAA,01tWC00000DD1wiYAD,WebDocs Document Management-NewMaintenance,DM-WEB-RNM-WDDMNM,New Maintenance,true,01sa5000001vuxlAAA,Standard Price Book,USD,0,true
01uWC000005pz3lYAA,01tWC00000DD1wkYAD,WebDocs Document Management-RenewalMaintenance,DM-WEB-RRM-WDDMRM,Renewal Maintenance,true,01sa5000001vuxlAAA,Standard Price Book,USD,0,true
01uWC000005pz3rYAA,01tWC00000DD1wnYAD,Webdocs Forms Management-NewMaintenance,DM-WFM-RNM-WFMNM,New Maintenance,true,01sa5000001vuxlAAA,Standard Price Book,USD,0,true
01uWC000005pz3vYAA,01tWC00000DD1wpYAD,Webdocs Forms Management-RenewalMaintenance,DM-WFM-RRM-WFMRM,Renewal Maintenance,true,01sa5000001vuxlAAA,Standard Price Book,USD,0,true
01uWC000005pz41YAA,01tWC00000DD1wrYAD,WebDocs Hosting-NewMaintenance,DM-WEB-RNM-WDHNM,New Maintenance,true,01sa5000001vuxlAAA,Standard Price Book,USD,0,true
01uWC000005pz47YAA,01tWC00000DD1wtYAD,WebDocs Hosting-RenewalMaintenance,DM-WEB-RRM-WDHRM,Renewal Maintenance,true,01sa5000001vuxlAAA,Standard Price Book,USD,0,true
01uWC000005pz4DYAQ,01tWC00000DD1wuYAD,WebDocs Invoice Manager-NewMaintenance,DM-WEB-RNM-WDIMNM,New Maintenance,true,01sa5000001vuxlAAA,Standard Price Book,USD,0,true
01uWC000005pz4JYAQ,01tWC00000DD1wwYAD,WebDocs Invoice Manager-RenewalMaintenance,DM-WEB-RRM-WDIMRM,Renewal Maintenance,true,01sa5000001vuxlAAA,Standard Price Book,USD,0,true
01uWC000005pz4PYAQ,01tWC00000DD1wyYAD,WebDocs Legacy-NewMaintenance,DM-WEB-RNM-WDLNM,New Maintenance,true,01sa5000001vuxlAAA,Standard Price Book,USD,0,true
01uWC000005pz4VYAQ,01tWC00000DD1x0YAD,WebDocs Legacy-RenewalMaintenance,DM-WEB-RRM-WDLRM,Renewal Maintenance,true,01sa5000001vuxlAAA,Standard Price Book,USD,0,true
01uWC000005pz4bYAA,01tWC00000DD1x1YAD,WebDocs Tray Capture-NewMaintenance,DM-DML-RNM-WDTCNM,New Maintenance,true,01sa5000001vuxlAAA,Standard Price Book,USD,0,true
01uWC000005pz4hYAA,01tWC00000DD1x3YAD,WebDocs Tray Capture-RenewalMaintenance,DM-DML-RRM-WDTCRM,Renewal Maintenance,true,01sa5000001vuxlAAA,Standard Price Book,USD,0,true
01uWC000005pz4nYAA,01tWC00000DD1x4YAD,WebDocs- iSeries Edition-NewMaintenance,DM-DML-RNM-WDISEN,New Maintenance,true,01sa5000001vuxlAAA,Standard Price Book,USD,0,true
01uWC000005pz4tYAA,01tWC00000DD1x6YAD,WebDocs- iSeries Edition-RenewalMaintenance,DM-DML-RRM-WDISER,Renewal Maintenance,true,01sa5000001vuxlAAA,Standard Price Book,USD,0,true
01uWC000005pz4zYAA,01tWC00000DD1x7YAD,WebForms-NewMaintenance,DM-WFM-RNM-WEBFNE,New Maintenance,true,01sa5000001vuxlAAA,Standard Price Book,USD,0,true
01uWC000005pz55YAA,01tWC00000DD1x9YAD,WebForms-RenewalMaintenance,DM-WFM-RRM-WEBFRE,Renewal Maintenance,true,01sa5000001vuxlAAA,Standard Price Book,USD,0,true
01uWC000005pz5BYAQ,01tWC00000DD1xBYAT,WebForms Hosting-NewMaintenance,DM-WFM-RNM-WEBFHN,New Maintenance,true,01sa5000001vuxlAAA,Standard Price Book,USD,0,true
01uWC000005pz5HYAQ,01tWC00000DD1xDYAT,WebForms Hosting-RenewalMaintenance,DM-WFM-RRM-WEBFHR,Renewal Maintenance,true,01sa5000001vuxlAAA,Standard Price Book,USD,0,true
01uWC000005pz5NYAQ,01tWC00000DD1xEYAT,WebForms Legacy-NewMaintenance,DM-WFM-RNM-WEBFLN,New Maintenance,true,01sa5000001vuxlAAA,Standard Price Book,USD,0,true
01uWC000005pz5TYAQ,01tWC00000DD1xGYAT,WebForms Legacy-RenewalMaintenance,DM-WFM-RRM-WEBFLR,Renewal Maintenance,true,01sa5000001vuxlAAA,Standard Price Book,USD,0,true
01uWC000005pz5ZYAQ,01tWC00000DD1xHYAT,WebForms SMB License-NewMaintenance,DM-WFM-RNM-WEBFSM,New Maintenance,true,01sa5000001vuxlAAA,Standard Price Book,USD,0,true
01uWC000005pz5fYAA,01tWC00000DD1xJYAT,WebForms SMB License-RenewalMaintenance,DM-WFM-RRM-WEBFFA,Renewal Maintenance,true,01sa5000001vuxlAAA,Standard Price Book,USD,0,true
01uWC000005pz5lYAA,01tWC00000DD1xMYAT,WebSpool-NewMaintenance,DM-WS-RNM-WEBSNE,New Maintenance,true,01sa5000001vuxlAAA,Standard Price Book,USD,0,true
01uWC000005pz5rYAA,01tWC00000DD1xOYAT,WebSpool-RenewalMaintenance,DM-WS-RRM-WEBSRE,Renewal Maintenance,true,01sa5000001vuxlAAA,Standard Price Book,USD,0,true
01uWC000005pz5xYAA,01tWC00000DD1xQYAT,Windows Application Integrator-NewMaintenance,DM-WCU-RNM-WAINEW,New Maintenance,true,01sa5000001vuxlAAA,Standard Price Book,USD,0,true
01uWC000005pz63YAA,01tWC00000DD1xSYAT,Windows Application Integrator-RenewalMaintenance,DM-WCU-RRM-WAIREN,Renewal Maintenance,true,01sa5000001vuxlAAA,Standard Price Book,USD,0,true
01uWC000005pz69YAA,01tWC00000DD1xUYAT,WinSpool-NewMaintenance,DM-DLN-RNM-WSNM,New Maintenance,true,01sa5000001vuxlAAA,Standard Price Book,USD,0,true
01uWC000005pz6FYAQ,01tWC00000DD1xWYAT,WinSpool-RenewalMaintenance,DM-DLN-RRM-WSRM,Renewal Maintenance,true,01sa5000001vuxlAAA,Standard Price Book,USD,0,true
01uWC000005pz6LYAQ,01tWC00000DD1xYYAT,WinSpool Batch Report Server-NewMaintenance,DM-DML-RNM-WSBRSN,New Maintenance,true,01sa5000001vuxlAAA,Standard Price Book,USD,0,true
01uWC000005pz6RYAQ,01tWC00000DD1xaYAD,WinSpool Batch Report Server-RenewalMaintenance,DM-DML-RRM-WSBRSR,Renewal Maintenance,true,01sa5000001vuxlAAA,Standard Price Book,USD,0,true
01uWC000005pz6XYAQ,01tWC00000DD1xcYAD,WinSpool Email Report Server-NewMaintenance,DM-DML-RNM-WSERSN,New Maintenance,true,01sa5000001vuxlAAA,Standard Price Book,USD,0,true
01uWC000005pz9nYAA,01tWC00000DD1uIYAT,Unisys - TeamQuest LA OS2200-OTC-NewMaintenance,CM-TQU-RNM-UTQLOO,New Maintenance,true,01sa5000001vuxlAAA,Standard Price Book,USD,0,true
01uWC000005pz9tYAA,01tWC00000DD1uKYAT,Unisys - TeamQuest LA OS2200-OTC-RenewalMaintenance,CM-TQU-RRM-UNTEAQ,Renewal Maintenance,true,01sa5000001vuxlAAA,Standard Price Book,USD,0,true
01uWC000005pzA3YAI,01tWC00000DD1vSYAT,Unisys - TeamQuest SIMAN OS2200-OTC-NewMaintenance,CM-TQU-RNM-UTEQSI,New Maintenance,true,01sa5000001vuxlAAA,Standard Price Book,USD,0,true
01uWC000005pzA9YAI,01tWC00000DD1vUYAT,Unisys - TeamQuest SIMAN OS2200-OTC-RenewalMaintenance,CM-TQU-RRM-UTQSIO,Renewal Maintenance,true,01sa5000001vuxlAAA,Standard Price Book,USD,0,true
01uWC000005pzAFYAY,01tWC00000DD1vWYAT,Unisys - TeamQuest SMFII MCP-OTC-NewMaintenance,CM-TQU-RNM-UTQSMO,New Maintenance,true,01sa5000001vuxlAAA,Standard Price Book,USD,0,true
01uWC000005pzALYAY,01tWC00000DD1vYYAT,Unisys - TeamQuest SMFII MCP-OTC-RenewalMaintenance,CM-TQU-RRM-UNTQSM,Renewal Maintenance,true,01sa5000001vuxlAAA,Standard Price Book,USD,0,true
01uWC000005pzANYAY,01tWC00000DD1vaYAD,Unisys - TeamQuest TipLA OS2200-OTC-NewMaintenance,CM-TQU-RNM-UTQTLO,New Maintenance,true,01sa5000001vuxlAAA,Standard Price Book,USD,0,true
01uWC000005pzATYAY,01tWC00000DD1vcYAD,Unisys - TeamQuest TipLA OS2200-OTC-RenewalMaintenance,CM-TQU-RRM-UNTQUT,Renewal Maintenance,true,01sa5000001vuxlAAA,Standard Price Book,USD,0,true
01uWC000005pzAZYAY,01tWC00000DD1vfYAD,User Classification-NewMaintenance,DP-DLP-RNM-UCNM,New Maintenance,true,01sa5000001vuxlAAA,Standard Price Book,USD,0,true
01uWC000005pzAfYAI,01tWC00000DD1vhYAD,User Classification-RenewalMaintenance,DP-DLP-RRM-UCRM,Renewal Maintenance,true,01sa5000001vuxlAAA,Standard Price Book,USD,0,true
01uWC000005pzAlYAI,01tWC00000DD1vmYAD,User Profile Manager-NewMaintenance,CS-DFT-RNM-UPMNM,New Maintenance,true,01sa5000001vuxlAAA,Standard Price Book,USD,0,true
01uWC000005pzArYAI,01tWC00000DD1voYAD,User Profile Manager-RenewalMaintenance,CS-DFT-RRM-UPMRM,Renewal Maintenance,true,01sa5000001vuxlAAA,Standard Price Book,USD,0,true
01uWC000005pzAxYAI,01tWC00000DD1vyYAD,VISUAL Control Center-NewMaintenance,SM-VMC-RNM-VISUAL,New Maintenance,true,01sa5000001vuxlAAA,Standard Price Book,USD,0,true
01uWC000005pzB3YAI,01tWC00000DD1w0YAD,VISUAL Control Center-RenewalMaintenance,SM-VMC-RRM-VCCM,Renewal Maintenance,true,01sa5000001vuxlAAA,Standard Price Book,USD,0,true
01uWC000005pzB9YAI,01tWC00000DD1w2YAD,VISUAL Control for Jobs-NewMaintenance,SM-VMC-RNM-VCJM,New Maintenance,true,01sa5000001vuxlAAA,Standard Price Book,USD,0,true
01uWC000005pzBFYAY,01tWC00000DD1w4YAD,VISUAL Control for Jobs-RenewalMaintenance,SM-VMC-RRM-VICO,Renewal Maintenance,true,01sa5000001vuxlAAA,Standard Price Book,USD,0,true
01uWC000005pzBLYAY,01tWC00000DD1w6YAD,VISUAL Control for Pools-NewMaintenance,SM-VMC-RNM-VCPM,New Maintenance,true,01sa5000001vuxlAAA,Standard Price Book,USD,0,true
01uWC000005pzBRYAY,01tWC00000DD1w8YAD,VISUAL Control for Pools-RenewalMaintenance,SM-VMC-RRM-VIRM,Renewal Maintenance,true,01sa5000001vuxlAAA,Standard Price Book,USD,0,true
01uWC000005pzBXYAY,01tWC00000DD1wAYAT,VISUAL Control Performance Planner - Any Tier- All LPARs-NewMaintenance,SM-PN-RNM-VINM,New Maintenance,true,01sa5000001vuxlAAA,Standard Price Book,USD,0,true
01uWC000005pzBdYAI,01tWC00000DD1wCYAT,VISUAL Control Performance Planner - Any Tier- All LPARs-RenewalMaintenance,SM-PN-RRM-VISUAC,Renewal Maintenance,true,01sa5000001vuxlAAA,Standard Price Book,USD,0,true
01uWC000005pzBjYAI,01tWC00000DD1wEYAT,VISUAL Control Performance Planner - for iSeries-NewMaintenance,SM-PN-RNM-VISUCO,New Maintenance,true,01sa5000001vuxlAAA,Standard Price Book,USD,0,true
01uWC000005pzBpYAI,01tWC00000DD1wGYAT,VISUAL Control Performance Planner - for iSeries-RenewalMaintenance,SM-PN-RRM-VISCON,Renewal Maintenance,true,01sa5000001vuxlAAA,Standard Price Book,USD,0,true
01uWC000005pzBvYAI,01tWC00000DD1wIYAT,VISUAL Control/LPAR Tuner-NewMaintenance,SM-VMC-RNM-VCLM,New Maintenance,true,01sa5000001vuxlAAA,Standard Price Book,USD,0,true
01uWC000005pzC1YAI,01tWC00000DD1wKYAT,VISUAL Control/LPAR Tuner-RenewalMaintenance,SM-VMC-RRM-VICONT,Renewal Maintenance,true,01sa5000001vuxlAAA,Standard Price Book,USD,0,true
01uWC000005pzC7YAI,01tWC00000DD1wMYAT,VISUAL Debugger 5250-NewMaintenance,SM-VMC-RNM-VD5M,New Maintenance,true,01sa5000001vuxlAAA,Standard Price Book,USD,0,true
01uWC000005pzCDYAY,01tWC00000DD1wOYAT,VISUAL Debugger 5250-RenewalMaintenance,SM-VMC-RRM-VIDE,Renewal Maintenance,true,01sa5000001vuxlAAA,Standard Price Book,USD,0,true
01uWC000005pzCJYAY,01tWC00000DD1wQYAT,VISUAL Message Center - Full Pack-NewMaintenance,SM-VMC-RNM-VMCM,New Maintenance,true,01sa5000001vuxlAAA,Standard Price Book,USD,0,true
01uWC000005pzCPYAY,01tWC00000DD1wSYAT,VISUAL Message Center - Full Pack-RenewalMaintenance,SM-VMC-RRM-VIME,Renewal Maintenance,true,01sa5000001vuxlAAA,Standard Price Book,USD,0,true
01uWC000005pzCVYAY,01tWC00000DD1wTYAT,Web Enablement (SWI)-NewMaintenance,BI-SQ-RNM-WEBESN,New Maintenance,true,01sa5000001vuxlAAA,Standard Price Book,USD,0,true
01uWC000005pzCbYAI,01tWC00000DD1wVYAT,Web Enablement (SWI)-RenewalMaintenance,BI-SQ-RRM-WEBESR,Renewal Maintenance,true,01sa5000001vuxlAAA,Standard Price Book,USD,0,true
01uWC000005pzChYAI,01tWC00000DD1wXYAT,Web Report Server/400 - Legacy-NewMaintenance,DM-IRM-RNM-WEBRS4,New Maintenance,true,01sa5000001vuxlAAA,Standard Price Book,USD,0,true
01uWC000005pzCnYAI,01tWC00000DD1wZYAT,Web Report Server/400 - Legacy-RenewalMaintenance,DM-IRM-RRM-WEBRES,Renewal Maintenance,true,01sa5000001vuxlAAA,Standard Price Book,USD,0,true
01uWC000005pzCtYAI,01tWC00000DD1wbYAD,WebDocs - SMB License - Legacy-NewMaintenance,DM-WEB-RNM-WDSLLN,New Maintenance,true,01sa5000001vuxlAAA,Standard Price Book,USD,0,true
01uWC000005pzLAYAY,01tWC00000DD135YAD,Alignia - Task Instance-RenewalMaintenance,SM-VIT-RRM-ATIRM,Renewal Maintenance,true,01sa5000001vuxlAAA,Standard Price Book,USD,0,true
01uWC000005pzLGYAY,01tWC00000DD137YAD,Alignia Core-NewMaintenance,SM-VIT-RNM-ALNM,New Maintenance,true,01sa5000001vuxlAAA,Standard Price Book,USD,0,true
01uWC000005pzLMYAY,01tWC00000DD139YAD,Alignia Core-RenewalMaintenance,SM-VIT-RRM-ALIGCO,Renewal Maintenance,true,01sa5000001vuxlAAA,Standard Price Book,USD,0,true
01uWC000005pzLXYAY,01tWC00000DD13DYAT,AnyDate-RenewalMaintenance,BI-AD-RRM-ANYDRE,Renewal Maintenance,true,01sa5000001vuxlAAA,Standard Price Book,USD,0,true
01uWC000005pzLdYAI,01tWC00000DD13HYAT,Application System & Object Control-NewMaintenance,CS-DFT-RNM-ASOCNM,New Maintenance,true,01sa5000001vuxlAAA,Standard Price Book,USD,0,true
01uWC000005pzLmYAI,01tWC00000DD14ZYAT,Automate Plus-NewMaintenance,RPA-AUT-RNM-APNM,New Maintenance,true,01sa5000001vuxlAAA,Standard Price Book,USD,0,true
01uWC000005pzLsYAI,01tWC00000DD14bYAD,Automate Plus-RenewalMaintenance,RPA-AUT-RRM-APRM,Renewal Maintenance,true,01sa5000001vuxlAAA,Standard Price Book,USD,0,true
01uWC000005pzLyYAI,01tWC00000DD14iYAD,Automate Professional-NewMaintenance,RPA-AUD-RNM-AUPR,New Maintenance,true,01sa5000001vuxlAAA,Standard Price Book,USD,0,true
01uWC000005pzM4YAI,01tWC00000DD14kYAD,Automate Professional-RenewalMaintenance,RPA-AUD-RRM-AUTOMP,Renewal Maintenance,true,01sa5000001vuxlAAA,Standard Price Book,USD,0,true
01uWC000005pzMAYAY,01tWC00000DD14mYAD,Automate Professional Action Pack-NewMaintenance,RPA-AUD-RNM-APAPNM,New Maintenance,true,01sa5000001vuxlAAA,Standard Price Book,USD,0,true
01uWC000005pzMGYAY,01tWC00000DD14oYAD,Automate Professional Action Pack-RenewalMaintenance,RPA-AUD-RRM-APAPRM,Renewal Maintenance,true,01sa5000001vuxlAAA,Standard Price Book,USD,0,true
01uWC000005pzMMYAY,01tWC00000DD14tYAD,Automate Runtime-NewMaintenance,RPA-AUD-RNM-AURU,New Maintenance,true,01sa5000001vuxlAAA,Standard Price Book,USD,0,true
01uWC000005pzMSYAY,01tWC00000DD14vYAD,Automate Runtime-RenewalMaintenance,RPA-AUD-RRM-ARRM,Renewal Maintenance,true,01sa5000001vuxlAAA,Standard Price Book,USD,0,true
01uWC000005pzMYYAY,01tWC00000DD14yYAD,Automate Ultimate-NewMaintenance,RPA-AUT-RNM-AUNM,New Maintenance,true,01sa5000001vuxlAAA,Standard Price Book,USD,0,true
01uWC000005pzMfYAI,01tWC00000DD150YAD,Automate Ultimate-RenewalMaintenance,RPA-AUT-RRM-AUUL,Renewal Maintenance,true,01sa5000001vuxlAAA,Standard Price Book,USD,0,true
01uWC000005pzMmYAI,01tWC00000DD156YAD,Batch Import Utility-NewMaintenance,DM-WCU-RNM-BIUNM,New Maintenance,true,01sa5000001vuxlAAA,Standard Price Book,USD,0,true
01uWC000005pzMsYAI,01tWC00000DD158YAD,Batch Import Utility-RenewalMaintenance,DM-WCU-RRM-BIURM,Renewal Maintenance,true,01sa5000001vuxlAAA,Standard Price Book,USD,0,true
01uWC000005pzMyYAI,01tWC00000DD15AYAT,Batch Report Server-NewMaintenance,DM-IRM-RNM-BRSNM,New Maintenance,true,01sa5000001vuxlAAA,Standard Price Book,USD,0,true
01uWC000005pzN4YAI,01tWC00000DD15CYAT,Batch Report Server-RenewalMaintenance,DM-IRM-RRM-BRSRM,Renewal Maintenance,true,01sa5000001vuxlAAA,Standard Price Book,USD,0,true
01uWC000005pzNAYAY,01tWC00000DD15MYAT,"BUNDLE - Message, Monitor, Remote Control-NewMaintenance",SM-SMB-RNM-BUNDLE,New Maintenance,true,01sa5000001vuxlAAA,Standard Price Book,USD,0,true
01uWC000005pzNBYAY,01tWC00000DD15OYAT,"BUNDLE - Message, Monitor, Remote Control-RenewalMaintenance",SM-SMB-RRM-BMMM,Renewal Maintenance,true,01sa5000001vuxlAAA,Standard Price Book,USD,0,true
01uWC000005pzNRYAY,01tWC00000DD15WYAT,CAD Classifier-NewMaintenance,DP-DC-RNM-CADCNE,New Maintenance,true,01sa5000001vuxlAAA,Standard Price Book,USD,0,true
01uWC000005pzNXYAY,01tWC00000DD15YYAT,CAD Classifier-RenewalMaintenance,DP-DC-RRM-CADCRE,Renewal Maintenance,true,01sa5000001vuxlAAA,Standard Price Book,USD,0,true
01uWC000005pzNdYAI,01tWC00000DD15aYAD,Capability Checker-NewMaintenance,DP-DCL-RNM-CAPANE,New Maintenance,true,01sa5000001vuxlAAA,Standard Price Book,USD,0,true
01uWC000005pzNjYAI,01tWC00000DD15cYAD,Capability Checker-RenewalMaintenance,DP-DCL-RRM-CAPARE,Renewal Maintenance,true,01sa5000001vuxlAAA,Standard Price Book,USD,0,true
01uWC000005pzNzYAI,01tWC00000DD15fYAD,Capacity Planning with Performance Navigator-NewMaintenance,SM-PN-RNM-CPWPNN,New Maintenance,true,01sa5000001vuxlAAA,Standard Price Book,USD,0,true
01uWC000005pzO5YAI,01tWC00000DD15hYAD,Capacity Planning with Performance Navigator-RenewalMaintenance,SM-PN-RRM-CPWPNR,Renewal Maintenance,true,01sa5000001vuxlAAA,Standard Price Book,USD,0,true
01uWC000005pzOLYAY,01tWC00000DD16AYAT,CCM Level 1 - PS APP MODULE-NewMaintenance,CM-TQO-RNM-CCML1P,New Maintenance,true,01sa5000001vuxlAAA,Standard Price Book,USD,0,true
01uWC000005pzORYAY,01tWC00000DD16CYAT,CCM Level 1 - PS APP MODULE-RenewalMaintenance,CM-TQO-RRM-CCMLE1,Renewal Maintenance,true,01sa5000001vuxlAAA,Standard Price Book,USD,0,true
01uWC000005pzOZYAY,01tWC00000DD16PYAT,CCM Reinstatement Fee-RenewalMaintenance,FIM-FIM-RRM-CCMRFR,Renewal Maintenance,true,01sa5000001vuxlAAA,Standard Price Book,USD,0,true
01uWC000005pzOfYAI,01tWC00000DD16ZYAT,CD Builder-NewMaintenance,SM-ROT-RNM-CDBNEW,New Maintenance,true,01sa5000001vuxlAAA,Standard Price Book,USD,0,true
01uWC000005pzOlYAI,01tWC00000DD16bYAD,CD Builder-RenewalMaintenance,SM-ROT-RRM-CDBREN,Renewal Maintenance,true,01sa5000001vuxlAAA,Standard Price Book,USD,0,true
01uWC000005pzOrYAI,01tWC00000DD16eYAD,CGI Suite-NewMaintenance,SM-HCS-RNM-CGISNE,New Maintenance,true,01sa5000001vuxlAAA,Standard Price Book,USD,0,true
01uWC000005pzOxYAI,01tWC00000DD16gYAD,CGI Suite-RenewalMaintenance,SM-HCS-RRM-CGISRE,Renewal Maintenance,true,01sa5000001vuxlAAA,Standard Price Book,USD,0,true
01uWC000005pzP3YAI,01tWC00000DD16iYAD,Change Data Capture Module-NewMaintenance,BI-SDW-RNM-CDCMNM,New Maintenance,true,01sa5000001vuxlAAA,Standard Price Book,USD,0,true
01uWC000005pzP9YAI,01tWC00000DD16kYAD,Change Data Capture Module-RenewalMaintenance,BI-SDW-RRM-CDCMRM,Renewal Maintenance,true,01sa5000001vuxlAAA,Standard Price Book,USD,0,true
01uWC000005pzPFYAY,01tWC00000DD16mYAD,Change Management-NewMaintenance,BI-SDW-RNM-CMNM,New Maintenance,true,01sa5000001vuxlAAA,Standard Price Book,USD,0,true
01uWC000005pzPLYAY,01tWC00000DD16oYAD,Change Management-RenewalMaintenance,BI-SDW-RRM-CHANGE,Renewal Maintenance,true,01sa5000001vuxlAAA,Standard Price Book,USD,0,true
01uWC000005pzPWYAY,01tWC00000DD16sYAD,Claims Metrics-NewMaintenance,CM-TQO-RNM-CLAINE,New Maintenance,true,01sa5000001vuxlAAA,Standard Price Book,USD,0,true
01uWC000005pzPcYAI,01tWC00000DD16uYAD,Claims Metrics-RenewalMaintenance,CM-TQO-RRM-CLAIRE,Renewal Maintenance,true,01sa5000001vuxlAAA,Standard Price Book,USD,0,true
01uWC000005pzPiYAI,01tWC00000DD16vYAD,Classification for Desktop-NewMaintenance,DP-DC-RNM-CDNM,New Maintenance,true,01sa5000001vuxlAAA,Standard Price Book,USD,0,true
01uWC000005pzPoYAI,01tWC00000DD16xYAD,Classification for Desktop-RenewalMaintenance,DP-DC-RRM-CDRM,Renewal Maintenance,true,01sa5000001vuxlAAA,Standard Price Book,USD,0,true
01uWC000005pzPuYAI,01tWC00000DD16yYAD,Classification for Desktop & Message Classification & Classification for Office Bundle-NewMaintenance,DP-DC-RNM-CDMCCO,New Maintenance,true,01sa5000001vuxlAAA,Standard Price Book,USD,0,true
01uWC000005pzQ0YAI,01tWC00000DD170YAD,Classification for Desktop & Message Classification & Classification for Office Bundle-RenewalMaintenance,DP-DC-RRM-CDMM,Renewal Maintenance,true,01sa5000001vuxlAAA,Standard Price Book,USD,0,true
01uWC000005pzQ6YAI,01tWC00000DD172YAD,Classification for Office-NewMaintenance,DP-DC-RNM-CONM,New Maintenance,true,01sa5000001vuxlAAA,Standard Price Book,USD,0,true
01uWC000005pzQCYAY,01tWC00000DD174YAD,Classification for Office-RenewalMaintenance,DP-DC-RRM-CORM,Renewal Maintenance,true,01sa5000001vuxlAAA,Standard Price Book,USD,0,true
01uWC000005pzQIYAY,01tWC00000DD175YAD,Classification for Office & Classification for Desktop Bundle-NewMaintenance,DP-DC-RNM-COCDBN,New Maintenance,true,01sa5000001vuxlAAA,Standard Price Book,USD,0,true
01uWC000005pzQOYAY,01tWC00000DD177YAD,Classification for Office & Classification for Desktop Bundle-RenewalMaintenance,DP-DC-RRM-COCDBR,Renewal Maintenance,true,01sa5000001vuxlAAA,Standard Price Book,USD,0,true
01uWC000005pzQUYAY,01tWC00000DD178YAD,Classification for Office Ultra & Message Classification Ultra Bundle-NewMaintenance,DP-DC-RNM-COUMCU,New Maintenance,true,01sa5000001vuxlAAA,Standard Price Book,USD,0,true
01uWC000005pzQaYAI,01tWC00000DD17AYAT,Classification for Office Ultra & Message Classification Ultra Bundle-RenewalMaintenance,DP-DC-RRM-COUM,Renewal Maintenance,true,01sa5000001vuxlAAA,Standard Price Book,USD,0,true
01uWC000005pzQgYAI,01tWC00000DD17CYAT,Classifier Essentials-NewMaintenance,DP-DC-RNM-CENM,New Maintenance,true,01sa5000001vuxlAAA,Standard Price Book,USD,0,true
01uWC000005pzQmYAI,01tWC00000DD17EYAT,Classifier Essentials-RenewalMaintenance,DP-DC-RRM-CERM,Renewal Maintenance,true,01sa5000001vuxlAAA,Standard Price Book,USD,0,true
01uWC000005pzQsYAI,01tWC00000DD17HYAT,Classifier for McAfee-NewMaintenance,DP-DC-RNM-CMANM,New Maintenance,true,01sa5000001vuxlAAA,Standard Price Book,USD,0,true
01uWC000005pzQyYAI,01tWC00000DD17JYAT,Classifier for McAfee-RenewalMaintenance,DP-DC-RRM-CMARM,Renewal Maintenance,true,01sa5000001vuxlAAA,Standard Price Book,USD,0,true
01uWC000005pzR4YAI,01tWC00000DD17LYAT,Classifier Reporting-NewMaintenance,DP-DC-RNM-CRNM,New Maintenance,true,01sa5000001vuxlAAA,Standard Price Book,USD,0,true
01uWC000005pzRAYAY,01tWC00000DD17NYAT,Classifier Reporting-RenewalMaintenance,DP-DC-RRM-CRRM,Renewal Maintenance,true,01sa5000001vuxlAAA,Standard Price Book,USD,0,true
01uWC000005pzUlYAI,01tWC00000DD1ByYAL,Digital Rights Management for Email Gateway (Powered by Seclore)-NewMaintenance,ES-SEG-RNM-DRMEGP,New Maintenance,true,01sa5000001vuxlAAA,Standard Price Book,USD,0,true
01uWC000005pzbJYAQ,01tWC00000DD1C0YAL,Digital Rights Management for Email Gateway (Powered by Seclore)-RenewalMaintenance,ES-SEG-RRM-DRMM,Renewal Maintenance,true,01sa5000001vuxlAAA,Standard Price Book,USD,0,true
01uWC000005pzbPYAQ,01tWC00000DD1C6YAL,Disk Space Manager-NewMaintenance,SM-DSM-RNM-DSMNEW,New Maintenance,true,01sa5000001vuxlAAA,Standard Price Book,USD,0,true
01uWC000005pzbVYAQ,01tWC00000DD1C8YAL,Disk Space Manager-RenewalMaintenance,SM-DSM-RRM-DSMREN,Renewal Maintenance,true,01sa5000001vuxlAAA,Standard Price Book,USD,0,true
01uWC000005pzbbYAA,01tWC00000DD1CAYA1,DLP-NewMaintenance,DP-DLP-RNM-DLPNEW,New Maintenance,true,01sa5000001vuxlAAA,Standard Price Book,USD,0,true
01uWC000005pzbhYAA,01tWC00000DD1CCYA1,DLP-RenewalMaintenance,DP-DLP-RRM-DLPREN,Renewal Maintenance,true,01sa5000001vuxlAAA,Standard Price Book,USD,0,true
01uWC000005pzcRYAQ,01tWC00000DD1CUYA1,Doc Management Bundle-NewMaintenance,DM-DML-RNM-DMBNM,New Maintenance,true,01sa5000001vuxlAAA,Standard Price Book,USD,0,true
01uWC000005pzcXYAQ,01tWC00000DD1CWYA1,Doc Management Bundle-RenewalMaintenance,DM-DML-RRM-DMBRM,Renewal Maintenance,true,01sa5000001vuxlAAA,Standard Price Book,USD,0,true
01uWC000005pzcdYAA,01tWC00000DD1CXYA1,Doc Management Legacy Product-NewMaintenance,DM-DML-RNM-DMLPNM,New Maintenance,true,01sa5000001vuxlAAA,Standard Price Book,USD,0,true
01uWC000005pzcjYAA,01tWC00000DD1CZYA1,Doc Management Legacy Product-RenewalMaintenance,DM-DML-RRM-DMLPRM,Renewal Maintenance,true,01sa5000001vuxlAAA,Standard Price Book,USD,0,true
01uWC000005pzcpYAA,01tWC00000DD1ChYAL,DocAlpha Advanced Capture - Header Footer-NewMaintenance,DM-WCU-RNM-DAACHF,New Maintenance,true,01sa5000001vuxlAAA,Standard Price Book,USD,0,true
01uWC000005pzcvYAA,01tWC00000DD1CjYAL,DocAlpha Advanced Capture - Header Footer-RenewalMaintenance,DM-WCU-RRM-DAAM,Renewal Maintenance,true,01sa5000001vuxlAAA,Standard Price Book,USD,0,true
01uWC000005pzd1YAA,01tWC00000DD1CkYAL,DocAlpha Advanced Capture - Line Item-NewMaintenance,DM-WCU-RNM-DAACLI,New Maintenance,true,01sa5000001vuxlAAA,Standard Price Book,USD,0,true
01uWC000005pzd7YAA,01tWC00000DD1CmYAL,DocAlpha Advanced Capture - Line Item-RenewalMaintenance,DM-WCU-RRM-DORM,Renewal Maintenance,true,01sa5000001vuxlAAA,Standard Price Book,USD,0,true
01uWC000005pzdDYAQ,01tWC00000DD1CnYAL,DocAlpha Concurrent Seat License-NewMaintenance,DM-WCU-RNM-DACSLN,New Maintenance,true,01sa5000001vuxlAAA,Standard Price Book,USD,0,true
01uWC000005pzdJYAQ,01tWC00000DD1CpYAL,DocAlpha Concurrent Seat License-RenewalMaintenance,DM-WCU-RRM-DACSLR,Renewal Maintenance,true,01sa5000001vuxlAAA,Standard Price Book,USD,0,true
01uWC000005pzdPYAQ,01tWC00000DD1CqYAL,DocAlpha Invoice Capture Header/Footer-NewMaintenance,DM-WCU-RNM-DAICHF,New Maintenance,true,01sa5000001vuxlAAA,Standard Price Book,USD,0,true
01uWC000005pzdVYAQ,01tWC00000DD1CsYAL,DocAlpha Invoice Capture Header/Footer-RenewalMaintenance,DM-WCU-RRM-DAIM,Renewal Maintenance,true,01sa5000001vuxlAAA,Standard Price Book,USD,0,true
01uWC000005pzdbYAA,01tWC00000DD1CtYAL,DocAlpha Invoice Capture Line Item-NewMaintenance,DM-WCU-RNM-DAICLI,New Maintenance,true,01sa5000001vuxlAAA,Standard Price Book,USD,0,true
01uWC000005pzdhYAA,01tWC00000DD1CvYAL,DocAlpha Invoice Capture Line Item-RenewalMaintenance,DM-WCU-RRM-DOCA,Renewal Maintenance,true,01sa5000001vuxlAAA,Standard Price Book,USD,0,true
01uWC000005pzdnYAA,01tWC00000DD1CwYAL,DocAlpha Output Connector-NewMaintenance,DM-WCU-RNM-DAOCNM,New Maintenance,true,01sa5000001vuxlAAA,Standard Price Book,USD,0,true
01uWC000005pzdtYAA,01tWC00000DD1CyYAL,DocAlpha Output Connector-RenewalMaintenance,DM-WCU-RRM-DAOCRM,Renewal Maintenance,true,01sa5000001vuxlAAA,Standard Price Book,USD,0,true
01uWC000005pzdzYAA,01tWC00000DD1CzYAL,docAlpha(Artsyl)-NewMaintenance,DM-WCU-RNM-DAANM,New Maintenance,true,01sa5000001vuxlAAA,Standard Price Book,USD,0,true
01uWC000005pze5YAA,01tWC00000DD1D1YAL,docAlpha(Artsyl)-RenewalMaintenance,DM-WCU-RRM-DAARM,Renewal Maintenance,true,01sa5000001vuxlAAA,Standard Price Book,USD,0,true
01uWC000005pzeBYAQ,01tWC00000DD1D4YAL,Document Management System-NewMaintenance,SM-SYM-RNM-DMSNM,New Maintenance,true,01sa5000001vuxlAAA,Standard Price Book,USD,0,true
01uWC000005pzeTYAQ,01tWC00000DD1D6YAL,Document Management System-RenewalMaintenance,SM-SYM-RRM-DMSRM,Renewal Maintenance,true,01sa5000001vuxlAAA,Standard Price Book,USD,0,true
01uWC000005pzeZYAQ,01tWC00000DD1D8YAL,Document Sanitization For SECURE Email Gateway-NewMaintenance,ES-SEG-RNM-DSSEGN,New Maintenance,true,01sa5000001vuxlAAA,Standard Price Book,USD,0,true
01uWC000005pzefYAA,01tWC00000DD1DAYA1,Document Sanitization For SECURE Email Gateway-RenewalMaintenance,ES-SEG-RRM-DSSEGR,Renewal Maintenance,true,01sa5000001vuxlAAA,Standard Price Book,USD,0,true
01uWC000005pzelYAA,01tWC00000DD1DCYA1,Document Sanitization For SECURE Exchange Gateway-NewMaintenance,ES-SXG-RNM-DSSM,New Maintenance,true,01sa5000001vuxlAAA,Standard Price Book,USD,0,true
01uWC000005pzerYAA,01tWC00000DD1DEYA1,Document Sanitization For SECURE Exchange Gateway-RenewalMaintenance,ES-SXG-RRM-DOSA,Renewal Maintenance,true,01sa5000001vuxlAAA,Standard Price Book,USD,0,true
01uWC000005pzexYAA,01tWC00000DD1DGYA1,Document Sanitization For SECURE ICAP Gateway-NewMaintenance,ES-SIG-RNM-DSSIGN,New Maintenance,true,01sa5000001vuxlAAA,Standard Price Book,USD,0,true
01uWC000005pzf3YAA,01tWC00000DD1DIYA1,Document Sanitization For SECURE ICAP Gateway-RenewalMaintenance,ES-SIG-RRM-DSSIGR,Renewal Maintenance,true,01sa5000001vuxlAAA,Standard Price Book,USD,0,true
01uWC000005pzf9YAA,01tWC00000DD1DKYA1,Document Sanitization For SECURE ICAP Gateway Per Instance-NewMaintenance,ES-SIG-RNM-DONM,New Maintenance,true,01sa5000001vuxlAAA,Standard Price Book,USD,0,true
01uWC000005pzfFYAQ,01tWC00000DD1DLYA1,Document Sanitization For SECURE ICAP Gateway Per Instance-RenewalMaintenance,ES-SIG-RRM-DOCUMS,Renewal Maintenance,true,01sa5000001vuxlAAA,Standard Price Book,USD,0,true
01uWC000005pzfLYAQ,01tWC00000DD1DMYA1,Document Sanitization For SECURE Web Gateway-NewMaintenance,ES-SWG-RNM-DSSWGN,New Maintenance,true,01sa5000001vuxlAAA,Standard Price Book,USD,0,true
01uWC000005pzfRYAQ,01tWC00000DD1DOYA1,Document Sanitization For SECURE Web Gateway-RenewalMaintenance,ES-SWG-RRM-DSSWGR,Renewal Maintenance,true,01sa5000001vuxlAAA,Standard Price Book,USD,0,true
01uWC000005pzfXYAQ,01tWC00000DD1DRYA1,Domino Report Server-NewMaintenance,DM-IRM-RNM-DRSNEW,New Maintenance,true,01sa5000001vuxlAAA,Standard Price Book,USD,0,true
01uWC000005pzfdYAA,01tWC00000DD1DTYA1,Domino Report Server-RenewalMaintenance,DM-IRM-RRM-DRSREN,Renewal Maintenance,true,01sa5000001vuxlAAA,Standard Price Book,USD,0,true
01uWC000005pzfjYAA,01tWC00000DD1DVYA1,Download Conv Bund Basic-NewMaintenance,DM-DML-RNM-DCBBNE,New Maintenance,true,01sa5000001vuxlAAA,Standard Price Book,USD,0,true
01uWC000005pzfpYAA,01tWC00000DD1DXYA1,Download Conv Bund Basic-RenewalMaintenance,DM-DML-RRM-DCBBRE,Renewal Maintenance,true,01sa5000001vuxlAAA,Standard Price Book,USD,0,true
01uWC000005pzfvYAA,01tWC00000DD1DcYAL,Draft & Release-NewMaintenance,DP-DCL-RNM-DRAFNE,New Maintenance,true,01sa5000001vuxlAAA,Standard Price Book,USD,0,true
01uWC000005pzg1YAA,01tWC00000DD1DeYAL,Draft & Release-RenewalMaintenance,DP-DCL-RRM-DRAFRE,Renewal Maintenance,true,01sa5000001vuxlAAA,Standard Price Book,USD,0,true
01uWC000005pzg7YAA,01tWC00000DD1DgYAL,DV&C-NewMaintenance,DP-DLP-RNM-DVCNEW,New Maintenance,true,01sa5000001vuxlAAA,Standard Price Book,USD,0,true
01uWC000005pzgDYAQ,01tWC00000DD1DiYAL,DV&C-RenewalMaintenance,DP-DLP-RRM-DVCREN,Renewal Maintenance,true,01sa5000001vuxlAAA,Standard Price Book,USD,0,true
01uWC000005pzgJYAQ,01tWC00000DD1DkYAL,E-tracker-NewMaintenance,DP-DCL-RNM-ETRANE,New Maintenance,true,01sa5000001vuxlAAA,Standard Price Book,USD,0,true
01uWC000005pzgPYAQ,01tWC00000DD1DmYAL,E-tracker-RenewalMaintenance,DP-DCL-RRM-ETRARE,Renewal Maintenance,true,01sa5000001vuxlAAA,Standard Price Book,USD,0,true
01uWC000005pzgVYAQ,01tWC00000DD1DnYAL,Easy View-NewMaintenance,SM-EV-RNM-EASYNE,New Maintenance,true,01sa5000001vuxlAAA,Standard Price Book,USD,0,true
01uWC000005pzgbYAA,01tWC00000DD1DpYAL,Easy View-RenewalMaintenance,SM-EV-RRM-EASYRE,Renewal Maintenance,true,01sa5000001vuxlAAA,Standard Price Book,USD,0,true
01uWC000005pzplYAA,01tWC00000DD1ZpYAL,Robot Trapper-RenewalMaintenance,SM-SYM-RRM-ROBTRA,Renewal Maintenance,true,01sa5000001vuxlAAA,Standard Price Book,USD,0,true
01uWC000005pzprYAA,01tWC00000DD1ZrYAL,Robot UPS-NewMaintenance,SM-SYM-RNM-RUNM,New Maintenance,true,01sa5000001vuxlAAA,Standard Price Book,USD,0,true
01uWC000005pzq3YAA,01tWC00000DD1a2YAD,Policy Manager for POS End Point Systems-RenewalMaintenance,FIM-FIM-RRM-PMPM,Renewal Maintenance,true,01sa5000001vuxlAAA,Standard Price Book,USD,0,true
01uWC000005pzqAYAQ,01tWC00000DD1a7YAD,Policy Manager for POS Servers-RenewalMaintenance,FIM-FIM-RRM-PMPSRM,Renewal Maintenance,true,01sa5000001vuxlAAA,Standard Price Book,USD,0,true
01uWC000005pzqNYAQ,01tWC00000DD1aEYAT,POP/400 Email Retrieval API-NewMaintenance,DM-EU-RNM-POP4NE,New Maintenance,true,01sa5000001vuxlAAA,Standard Price Book,USD,0,true
01uWC000005pzqTYAQ,01tWC00000DD1aGYAT,POP/400 Email Retrieval API-RenewalMaintenance,DM-EU-RRM-POP4RE,Renewal Maintenance,true,01sa5000001vuxlAAA,Standard Price Book,USD,0,true
01uWC000005pzqZYAQ,01tWC00000DD1aIYAT,Power Classifier for Admin-NewMaintenance,DP-DC-RNM-PCANEW,New Maintenance,true,01sa5000001vuxlAAA,Standard Price Book,USD,0,true
01uWC000005pzqfYAA,01tWC00000DD1aKYAT,Power Classifier for Admin-RenewalMaintenance,DP-DC-RRM-PCAREN,Renewal Maintenance,true,01sa5000001vuxlAAA,Standard Price Book,USD,0,true
01uWC000005pzqlYAA,01tWC00000DD1aLYAT,Powerful User Passport-NewMaintenance,CS-DFT-RNM-PUPNEW,New Maintenance,true,01sa5000001vuxlAAA,Standard Price Book,USD,0,true
01uWC000005pzqrYAA,01tWC00000DD1aNYAT,Powerful User Passport-RenewalMaintenance,CS-DFT-RRM-PUPREN,Renewal Maintenance,true,01sa5000001vuxlAAA,Standard Price Book,USD,0,true
01uWC000005pzqxYAA,01tWC00000DD1aPYAT,Powertech Antivirus - Linux / AIX-NewMaintenance,CS-PTA-RNM-PALANM,New Maintenance,true,01sa5000001vuxlAAA,Standard Price Book,USD,0,true
01uWC000005pzr3YAA,01tWC00000DD1aRYAT,Powertech Antivirus - Linux / AIX-RenewalMaintenance,CS-PTA-RRM-PALARM,Renewal Maintenance,true,01sa5000001vuxlAAA,Standard Price Book,USD,0,true
01uWC000005pzr9YAA,01tWC00000DD1aTYAT,Powertech Antivirus - Solaris-NewMaintenance,CS-PTA-RNM-PASNM,New Maintenance,true,01sa5000001vuxlAAA,Standard Price Book,USD,0,true
01uWC000005pzrFYAQ,01tWC00000DD1aVYAT,Powertech Antivirus - Solaris-RenewalMaintenance,CS-PTA-RRM-PASRM,Renewal Maintenance,true,01sa5000001vuxlAAA,Standard Price Book,USD,0,true
01uWC000005pzrLYAQ,01tWC00000DD1aXYAT,Powertech Antivirus - x86 Linux-NewMaintenance,CS-PTA-RNM-PAXLNM,New Maintenance,true,01sa5000001vuxlAAA,Standard Price Book,USD,0,true
01uWC000005pzrRYAQ,01tWC00000DD1aZYAT,Powertech Antivirus - x86 Linux-RenewalMaintenance,CS-PTA-RRM-PAXLRM,Renewal Maintenance,true,01sa5000001vuxlAAA,Standard Price Book,USD,0,true
01uWC000005pzrXYAQ,01tWC00000DD1abYAD,Powertech Antivirus for IBM i - Domino-NewMaintenance,CS-PTA-RNM-PAIIDN,New Maintenance,true,01sa5000001vuxlAAA,Standard Price Book,USD,0,true
01uWC000005pzrdYAA,01tWC00000DD1adYAD,Powertech Antivirus for IBM i - Domino-RenewalMaintenance,CS-PTA-RRM-PAIIDR,Renewal Maintenance,true,01sa5000001vuxlAAA,Standard Price Book,USD,0,true
01uWC000005pzriYAA,01tWC00000DD1afYAD,Powertech Antivirus for IBM i-NewMaintenance,CS-PTA-RNM-PAIINM,New Maintenance,true,01sa5000001vuxlAAA,Standard Price Book,USD,0,true
01uWC000005pzroYAA,01tWC00000DD1ahYAD,Powertech Antivirus for IBM i-RenewalMaintenance,CS-PTA-RRM-PAIIRM,Renewal Maintenance,true,01sa5000001vuxlAAA,Standard Price Book,USD,0,true
01uWC000005pzruYAA,01tWC00000DD1alYAD,Powertech Authority Broker for IBM i-NewMaintenance,CS-PAB-RNM-PABIIN,New Maintenance,true,01sa5000001vuxlAAA,Standard Price Book,USD,0,true
01uWC000005pzs0YAA,01tWC00000DD1anYAD,Powertech Authority Broker for IBM i-RenewalMaintenance,CS-PAB-RRM-PABIIR,Renewal Maintenance,true,01sa5000001vuxlAAA,Standard Price Book,USD,0,true
01uWC000005pzs6YAA,01tWC00000DD1apYAD,PowerTech Central Admin-NewMaintenance,CS-CLP-RNM-PTCANM,New Maintenance,true,01sa5000001vuxlAAA,Standard Price Book,USD,0,true
01uWC000005pzsCYAQ,01tWC00000DD1arYAD,PowerTech Central Admin-RenewalMaintenance,CS-CLP-RRM-PTCARM,Renewal Maintenance,true,01sa5000001vuxlAAA,Standard Price Book,USD,0,true
01uWC000005pzsIYAQ,01tWC00000DD1atYAD,Powertech Command Security for IBM i-NewMaintenance,CS-PCS-RNM-PCSIIN,New Maintenance,true,01sa5000001vuxlAAA,Standard Price Book,USD,0,true
01uWC000005pzsOYAQ,01tWC00000DD1avYAD,Powertech Command Security for IBM i-RenewalMaintenance,CS-PCS-RRM-PCSIIR,Renewal Maintenance,true,01sa5000001vuxlAAA,Standard Price Book,USD,0,true
01uWC000005pzsUYAQ,01tWC00000DD1ayYAD,Powertech Compliance Monitor Consolidator for IBM i-NewMaintenance,CS-PCM-RNM-PCMCII,New Maintenance,true,01sa5000001vuxlAAA,Standard Price Book,USD,0,true
01uWC000005pzsaYAA,01tWC00000DD1b0YAD,Powertech Compliance Monitor Consolidator for IBM i-RenewalMaintenance,CS-PCM-RRM-PCMM,Renewal Maintenance,true,01sa5000001vuxlAAA,Standard Price Book,USD,0,true
01uWC000005pzsgYAA,01tWC00000DD1b2YAD,Powertech Compliance Monitor Endpoint for IBM i-NewMaintenance,CS-PCM-RNM-PCMEII,New Maintenance,true,01sa5000001vuxlAAA,Standard Price Book,USD,0,true
01uWC000005pzsmYAA,01tWC00000DD1b4YAD,Powertech Compliance Monitor Endpoint for IBM i-RenewalMaintenance,CS-PCM-RRM-POCO,Renewal Maintenance,true,01sa5000001vuxlAAA,Standard Price Book,USD,0,true
01uWC000005pzssYAA,01tWC00000DD1b6YAD,Powertech Compliance Monitor for IBM i-NewMaintenance,CS-PCM-RNM-PCMIIN,New Maintenance,true,01sa5000001vuxlAAA,Standard Price Book,USD,0,true
01uWC000005pzsyYAA,01tWC00000DD1b8YAD,Powertech Compliance Monitor for IBM i-RenewalMaintenance,CS-PCM-RRM-PCMIIR,Renewal Maintenance,true,01sa5000001vuxlAAA,Standard Price Book,USD,0,true
01uWC000005pzwBYAQ,01tWC00000DD1XXYA1,Remote Data Sourcing-NewMaintenance,BI-SDW-RNM-RDSNM,New Maintenance,true,01sa5000001vuxlAAA,Standard Price Book,USD,0,true
01uWC000005pzzVYAQ,01tWC00000DD1XZYA1,Remote Data Sourcing-RenewalMaintenance,BI-SDW-RRM-RDSRM,Renewal Maintenance,true,01sa5000001vuxlAAA,Standard Price Book,USD,0,true
01uWC000005pzzbYAA,01tWC00000DD1XbYAL,RemoteAccess - Individual-NewMaintenance,NW-IRA-RNM-RAINM,New Maintenance,true,01sa5000001vuxlAAA,Standard Price Book,USD,0,true
01uWC000005pzzhYAA,01tWC00000DD1XdYAL,RemoteAccess - Individual-RenewalMaintenance,NW-IRA-RRM-RAIRM,Renewal Maintenance,true,01sa5000001vuxlAAA,Standard Price Book,USD,0,true
01uWC000005pzznYAA,01tWC00000DD1XfYAL,RemoteAccess - Individual (Legacy)-NewMaintenance,NW-IRA-RNM-RAILNM,New Maintenance,true,01sa5000001vuxlAAA,Standard Price Book,USD,0,true
01uWC000005pzzxYAA,01tWC00000DD1YtYAL,Robot HA-RenewalMaintenance,SM-RHA-RRM-RHRM,Renewal Maintenance,true,01sa5000001vuxlAAA,Standard Price Book,USD,0,true
01uWC000005q003YAA,01tWC00000DD1YvYAL,Robot Monitor - AIX-NewMaintenance,SM-ROM-RNM-RMANM,New Maintenance,true,01sa5000001vuxlAAA,Standard Price Book,USD,0,true
01uWC000005q009YAA,01tWC00000DD1YxYAL,Robot Monitor - AIX-RenewalMaintenance,SM-ROM-RRM-RMARM,Renewal Maintenance,true,01sa5000001vuxlAAA,Standard Price Book,USD,0,true
01uWC000005q00FYAQ,01tWC00000DD1YzYAL,Robot Monitor - Linux-NewMaintenance,SM-ROM-RNM-RMLNM,New Maintenance,true,01sa5000001vuxlAAA,Standard Price Book,USD,0,true
01uWC000005q00LYAQ,01tWC00000DD1Z1YAL,Robot Monitor - Linux-RenewalMaintenance,SM-ROM-RRM-RMLRM,Renewal Maintenance,true,01sa5000001vuxlAAA,Standard Price Book,USD,0,true
01uWC000005q00RYAQ,01tWC00000DD1Z3YAL,Robot Monitor - VIOS-NewMaintenance,SM-ROM-RNM-RMVNM,New Maintenance,true,01sa5000001vuxlAAA,Standard Price Book,USD,0,true
01uWC000005q00XYAQ,01tWC00000DD1Z5YAL,Robot Monitor - VIOS-RenewalMaintenance,SM-ROM-RRM-RMVRM,Renewal Maintenance,true,01sa5000001vuxlAAA,Standard Price Book,USD,0,true
01uWC000005q00dYAA,01tWC00000DD1Z7YAL,Robot Replay-NewMaintenance,SM-ROR-RNM-RRNM,New Maintenance,true,01sa5000001vuxlAAA,Standard Price Book,USD,0,true
01uWC000005q00jYAA,01tWC00000DD1Z9YAL,Robot Replay-RenewalMaintenance,SM-ROR-RRM-RRRM,Renewal Maintenance,true,01sa5000001vuxlAAA,Standard Price Book,USD,0,true
01uWC000005q00pYAA,01tWC00000DD1ZBYA1,Robot Reports-NewMaintenance,SM-RRE-RNM-RORE,New Maintenance,true,01sa5000001vuxlAAA,Standard Price Book,USD,0,true
01uWC000005q00vYAA,01tWC00000DD1ZDYA1,Robot Reports-RenewalMaintenance,SM-RRE-RRM-ROBOTR,Renewal Maintenance,true,01sa5000001vuxlAAA,Standard Price Book,USD,0,true
01uWC000005q011YAA,01tWC00000DD1ZFYA1,Robot Save-NewMaintenance,SM-ROS-RNM-RSNM,New Maintenance,true,01sa5000001vuxlAAA,Standard Price Book,USD,0,true
01uWC000005q017YAA,01tWC00000DD1ZHYA1,Robot Save-RenewalMaintenance,SM-ROS-RRM-RSRM,Renewal Maintenance,true,01sa5000001vuxlAAA,Standard Price Book,USD,0,true
01uWC000005q01DYAQ,01tWC00000DD1ZJYA1,Robot Schedule-NewMaintenance,SM-RSC-RNM-ROSC,New Maintenance,true,01sa5000001vuxlAAA,Standard Price Book,USD,0,true
01uWC000005q01JYAQ,01tWC00000DD1ZLYA1,Robot Schedule-RenewalMaintenance,SM-RSC-RRM-ROBOTS,Renewal Maintenance,true,01sa5000001vuxlAAA,Standard Price Book,USD,0,true
01uWC000005q01PYAQ,01tWC00000DD1ZNYA1,Robot Schedule Enterprise-NewMaintenance,SM-RSE-RNM-RSENM,New Maintenance,true,01sa5000001vuxlAAA,Standard Price Book,USD,0,true
01uWC000005q01VYAQ,01tWC00000DD1ZPYA1,Robot Schedule Enterprise-RenewalMaintenance,SM-RSE-RRM-RSERM,Renewal Maintenance,true,01sa5000001vuxlAAA,Standard Price Book,USD,0,true
01uWC000005q01bYAA,01tWC00000DD1ZRYA1,Robot Schedule Enterprise Agent-NewMaintenance,SM-RSE-RNM-RSEANM,New Maintenance,true,01sa5000001vuxlAAA,Standard Price Book,USD,0,true
01uWC000005q01hYAA,01tWC00000DD1ZTYA1,Robot Schedule Enterprise Agent-RenewalMaintenance,SM-RSE-RRM-RSEARM,Renewal Maintenance,true,01sa5000001vuxlAAA,Standard Price Book,USD,0,true
01uWC000005q01nYAA,01tWC00000DD1ZUYA1,Robot Schedule EnterpriseOne Interface-NewMaintenance,SM-RSI-RNM-RSEOIN,New Maintenance,true,01sa5000001vuxlAAA,Standard Price Book,USD,0,true
01uWC000005q01pYAA,01tWC00000DD1ZWYA1,Robot Schedule EnterpriseOne Interface-RenewalMaintenance,SM-RSI-RRM-RSEOIR,Renewal Maintenance,true,01sa5000001vuxlAAA,Standard Price Book,USD,0,true
01uWC000005q01vYAA,01tWC00000DD1ZbYAL,Robot Services-NewMaintenance,SM-SYM-RNM-ROBOSE,New Maintenance,true,01sa5000001vuxlAAA,Standard Price Book,USD,0,true
01uWC000005q021YAA,01tWC00000DD1ZdYAL,Robot Services-RenewalMaintenance,SM-SYM-RRM-ROSERV,Renewal Maintenance,true,01sa5000001vuxlAAA,Standard Price Book,USD,0,true
01uWC000005q027YAA,01tWC00000DD1ZeYAL,Robot Space-NewMaintenance,SM-RSP-RNM-ROBOSP,New Maintenance,true,01sa5000001vuxlAAA,Standard Price Book,USD,0,true
01uWC000005q02DYAQ,01tWC00000DD1ZgYAL,Robot Space-RenewalMaintenance,SM-RSP-RRM-ROSPAC,Renewal Maintenance,true,01sa5000001vuxlAAA,Standard Price Book,USD,0,true
01uWC000005q02JYAQ,01tWC00000DD1ZjYAL,Robot Transform-NewMaintenance,SM-ROT-RNM-RTNM,New Maintenance,true,01sa5000001vuxlAAA,Standard Price Book,USD,0,true
01uWC000005q02PYAQ,01tWC00000DD1ZlYAL,Robot Transform-RenewalMaintenance,SM-ROT-RRM-RTRM,Renewal Maintenance,true,01sa5000001vuxlAAA,Standard Price Book,USD,0,true
01uWC000005q02VYAQ,01tWC00000DD1ZnYAL,Robot Trapper-NewMaintenance,SM-SYM-RNM-ROTR,New Maintenance,true,01sa5000001vuxlAAA,Standard Price Book,USD,0,true
01uWC000005q07XYAQ,01tWC00000DD1oGYAT,"Tripwire IP360 Non-transferable Unlimited Use (IP360, VnE-Ev, DP-Ev)-NewMaintenance",FIM-FIM-RNM-TINTUU,New Maintenance,true,01sa5000001vuxlAAA,Standard Price Book,USD,0,true
01uWC000005q07kYAA,01tWC00000DD1oKYAT,Tripwire Log Center - Term Based-NewMaintenance,FIM-TLC-RNM-TLCTBN,New Maintenance,true,01sa5000001vuxlAAA,Standard Price Book,USD,0,true
01uWC000005q08JYAQ,01tWC00000DD1ozYAD,Tripwire Log Center for File Systems-NewMaintenance,FIM-TLC-RNM-TLCFSN,New Maintenance,true,01sa5000001vuxlAAA,Standard Price Book,USD,0,true
01uWC000005q08eYAA,01tWC00000DD1rZYAT,VMC - iSeries Support Agent-RenewalMaintenance,SM-VMC-RRM-VISSAG,Renewal Maintenance,true,01sa5000001vuxlAAA,Standard Price Book,USD,0,true
01uWC000005q08kYAA,01tWC00000DD1rbYAD,VMC - iSeries Support Agent (Powered by VSP)-NewMaintenance,SM-VMC-RNM-VMCSAN,New Maintenance,true,01sa5000001vuxlAAA,Standard Price Book,USD,0,true
01uWC000005q08qYAA,01tWC00000DD1rdYAD,VMC - iSeries Support Agent (Powered by VSP)-RenewalMaintenance,SM-VMC-RRM-VMCSAR,Renewal Maintenance,true,01sa5000001vuxlAAA,Standard Price Book,USD,0,true
01uWC000005q08wYAA,01tWC00000DD1rfYAD,VMC - iSeries VISION/Orion Agent-NewMaintenance,SM-VMC-RNM-VMISV,New Maintenance,true,01sa5000001vuxlAAA,Standard Price Book,USD,0,true
01uWC000005q092YAA,01tWC00000DD1rhYAD,VMC - iSeries VISION/Orion Agent-RenewalMaintenance,SM-VMC-RRM-VISEV,Renewal Maintenance,true,01sa5000001vuxlAAA,Standard Price Book,USD,0,true
01uWC000005q098YAA,01tWC00000DD1rjYAD,VMC - Linux Operations Agent-NewMaintenance,SM-VMC-RNM-VMCL,New Maintenance,true,01sa5000001vuxlAAA,Standard Price Book,USD,0,true
01uWC000005q09EYAQ,01tWC00000DD1rlYAD,VMC - Linux Operations Agent-RenewalMaintenance,SM-VMC-RRM-VLOM,Renewal Maintenance,true,01sa5000001vuxlAAA,Standard Price Book,USD,0,true
01uWC000005q09KYAQ,01tWC00000DD1rnYAD,VMC - Linux Security Agent-NewMaintenance,SM-VMC-RNM-VLSM,New Maintenance,true,01sa5000001vuxlAAA,Standard Price Book,USD,0,true
01uWC000005q09QYAQ,01tWC00000DD1rpYAD,VMC - Linux Security Agent-RenewalMaintenance,SM-VMC-RRM-VMLI,Renewal Maintenance,true,01sa5000001vuxlAAA,Standard Price Book,USD,0,true
01uWC000005q09WYAQ,01tWC00000DD1rrYAD,VMC - Network Operations Agent-NewMaintenance,SM-VMC-RNM-VMCN,New Maintenance,true,01sa5000001vuxlAAA,Standard Price Book,USD,0,true
01uWC000005q09cYAA,01tWC00000DD1rtYAD,VMC - Network Operations Agent-RenewalMaintenance,SM-VMC-RRM-VNOM,Renewal Maintenance,true,01sa5000001vuxlAAA,Standard Price Book,USD,0,true
01uWC000005q09iYAA,01tWC00000DD1rvYAD,VMC - Network Syslog Agent-NewMaintenance,SM-VMC-RNM-VNSM,New Maintenance,true,01sa5000001vuxlAAA,Standard Price Book,USD,0,true
01uWC000005q09oYAA,01tWC00000DD1rxYAD,VMC - Network Syslog Agent-RenewalMaintenance,SM-VMC-RRM-VMNE,Renewal Maintenance,true,01sa5000001vuxlAAA,Standard Price Book,USD,0,true
01uWC000005q09uYAA,01tWC00000DD1rzYAD,VMC - Oracle Operations Agent-NewMaintenance,SM-VMC-RNM-VMCO,New Maintenance,true,01sa5000001vuxlAAA,Standard Price Book,USD,0,true
01uWC000005q0A0YAI,01tWC00000DD1s1YAD,VMC - Oracle Operations Agent-RenewalMaintenance,SM-VMC-RRM-VOOM,Renewal Maintenance,true,01sa5000001vuxlAAA,Standard Price Book,USD,0,true
01uWC000005q0A6YAI,01tWC00000DD1s3YAD,VMC - Oracle Security Agent-NewMaintenance,SM-VMC-RNM-VOSM,New Maintenance,true,01sa5000001vuxlAAA,Standard Price Book,USD,0,true
01uWC000005q0ACYAY,01tWC00000DD1s5YAD,VMC - Oracle Security Agent-RenewalMaintenance,SM-VMC-RRM-VMOR,Renewal Maintenance,true,01sa5000001vuxlAAA,Standard Price Book,USD,0,true
01uWC000005q0AIYAY,01tWC00000DD1s7YAD,VMC - Policy Compliance for Windows-NewMaintenance,SM-VMC-RNM-VPCM,New Maintenance,true,01sa5000001vuxlAAA,Standard Price Book,USD,0,true
01uWC000005q0AOYAY,01tWC00000DD1s9YAD,VMC - Policy Compliance for Windows-RenewalMaintenance,SM-VMC-RRM-VMPO,Renewal Maintenance,true,01sa5000001vuxlAAA,Standard Price Book,USD,0,true
01uWC000005q0VcYAI,01tWC00000DD1g2YAD,Security Scan - Cross Platform-NewMaintenance,CS-PSS-RNM-SSCPNM,New Maintenance,true,01sa5000001vuxlAAA,Standard Price Book,USD,0,true
01uWC000005q0YwYAI,01tWC00000DD1g4YAD,Security Scan - Cross Platform-RenewalMaintenance,CS-PSS-RRM-SSCPRM,Renewal Maintenance,true,01sa5000001vuxlAAA,Standard Price Book,USD,0,true
01uWC000005q0Z2YAI,01tWC00000DD1g6YAD,Security Scan - i-NewMaintenance,CS-PSS-RNM-SSINM,New Maintenance,true,01sa5000001vuxlAAA,Standard Price Book,USD,0,true
01uWC000005q0Z8YAI,01tWC00000DD1g8YAD,Security Scan - i-RenewalMaintenance,CS-PSS-RRM-SSIRM,Renewal Maintenance,true,01sa5000001vuxlAAA,Standard Price Book,USD,0,true
01uWC000005q0ZEYAY,01tWC00000DD1gAYAT,Sequel-NewMaintenance,BI-SQ-RNM-SEQUEL,New Maintenance,true,01sa5000001vuxlAAA,Standard Price Book,USD,0,true
01uWC000005q0ZKYAY,01tWC00000DD1gCYAT,Sequel-RenewalMaintenance,BI-SQ-RRM-SERE,Renewal Maintenance,true,01sa5000001vuxlAAA,Standard Price Book,USD,0,true
01uWC000005q0ZQYAY,01tWC00000DD1gEYAT,Sequel - User Based-NewMaintenance,BI-SQ-RNM-SUBNM,New Maintenance,true,01sa5000001vuxlAAA,Standard Price Book,USD,0,true
01uWC000005q0ZWYAY,01tWC00000DD1gGYAT,Sequel - User Based-RenewalMaintenance,BI-SQ-RRM-SUBRM,Renewal Maintenance,true,01sa5000001vuxlAAA,Standard Price Book,USD,0,true
01uWC000005q0ZcYAI,01tWC00000DD1gIYAT,SEQUEL Client Report Option-NewMaintenance,BI-CRO-RNM-SCRM,New Maintenance,true,01sa5000001vuxlAAA,Standard Price Book,USD,0,true
01uWC000005q0ZiYAI,01tWC00000DD1gKYAT,SEQUEL Client Report Option-RenewalMaintenance,BI-CRO-RRM-SECL,Renewal Maintenance,true,01sa5000001vuxlAAA,Standard Price Book,USD,0,true
01uWC000005q0aBYAQ,01tWC00000DD1h5YAD,Tripwire App - TE Integration Framework - Remedy - Utility & Implementation-RenewalMaintenance,FIM-FML-RRM-TAPTIF,Renewal Maintenance,true,01sa5000001vuxlAAA,Standard Price Book,USD,0,true
01uWC000005q0aNYAQ,01tWC00000DD1hBYAT,Tripwire App - Term Based Enterprise Utility License-NewMaintenance,FIM-FIM-RNM-TATBEU,New Maintenance,true,01sa5000001vuxlAAA,Standard Price Book,USD,0,true
01uWC000005q0aUYAQ,01tWC00000DD1hDYAT,Tripwire App - Term Based Enterprise Utility License-RenewalMaintenance,FIM-FIM-RRM-TRATER,Renewal Maintenance,true,01sa5000001vuxlAAA,Standard Price Book,USD,0,true
01uWC000005q0abYAA,01tWC00000DD1hGYAT,Tripwire App - Whitelist Profiler - Utility-NewMaintenance,FIM-FIM-RNM-TAWPUN,New Maintenance,true,01sa5000001vuxlAAA,Standard Price Book,USD,0,true
01uWC000005q0ayYAA,01tWC00000DD1hNYAT,Tripwire Enterprise-NewMaintenance,FIM-FIM-RNM-TREN,New Maintenance,true,01sa5000001vuxlAAA,Standard Price Book,USD,0,true
01uWC000005q0bXYAQ,01tWC00000DD1hdYAD,Tripwire Enterprise Extra Extended Support Fee-RenewalMaintenance,FIM-FIM-RRM-TEEESF,Renewal Maintenance,true,01sa5000001vuxlAAA,Standard Price Book,USD,0,true
01uWC000005q0bcYAA,01tWC00000DD1heYAD,Tripwire Enterprise for Databases-NewMaintenance,FIM-FIM-RNM-TEDNM,New Maintenance,true,01sa5000001vuxlAAA,Standard Price Book,USD,0,true
01uWC000005q0bjYAA,01tWC00000DD1hgYAD,Tripwire Enterprise for Databases-RenewalMaintenance,FIM-FIM-RRM-TEDRM,Renewal Maintenance,true,01sa5000001vuxlAAA,Standard Price Book,USD,0,true
01uWC000005q0iIYAQ,01tWC00000DD1mBYAT,Surveyor/400 - Single User Price-RenewalMaintenance,DM-SV4-RRM-S4SUPR,Renewal Maintenance,true,01sa5000001vuxlAAA,Standard Price Book,USD,0,true
01uWC000005q0iOYAQ,01tWC00000DD1mDYAT,Surveyor/400 - Single User Price - Unlimited Partitions-NewMaintenance,DM-SV4-RNM-S4SUPU,New Maintenance,true,01sa5000001vuxlAAA,Standard Price Book,USD,0,true
01uWC000005q0iUYAQ,01tWC00000DD1mFYAT,Surveyor/400 - Single User Price - Unlimited Partitions-RenewalMaintenance,DM-SV4-RRM-S4SM,Renewal Maintenance,true,01sa5000001vuxlAAA,Standard Price Book,USD,0,true
01uWC000005q0iaYAA,01tWC00000DD1mIYAT,Surveyor/400 - Unlimited Partitions-NewMaintenance,DM-SV4-RNM-S4UPNM,New Maintenance,true,01sa5000001vuxlAAA,Standard Price Book,USD,0,true
01uWC000005q0igYAA,01tWC00000DD1mKYAT,Surveyor/400 - Unlimited Partitions-RenewalMaintenance,DM-SV4-RRM-S4UPRM,Renewal Maintenance,true,01sa5000001vuxlAAA,Standard Price Book,USD,0,true
01uWC000005q0iwYAA,01tWC00000DD1mVYAT,Tango/04 Portal User-NewMaintenance,SM-VMC-RNM-T0PUNM,New Maintenance,true,01sa5000001vuxlAAA,Standard Price Book,USD,0,true
01uWC000005q0j2YAA,01tWC00000DD1mXYAT,Tango/04 Portal User-RenewalMaintenance,SM-VMC-RRM-T0PURM,Renewal Maintenance,true,01sa5000001vuxlAAA,Standard Price Book,USD,0,true
01uWC000005q0j8YAA,01tWC00000DD1mZYAT,Task Supervisor-NewMaintenance,SM-TSK-RNM-TASKNE,New Maintenance,true,01sa5000001vuxlAAA,Standard Price Book,USD,0,true
01uWC000005q0jEYAQ,01tWC00000DD1mbYAD,Task Supervisor-RenewalMaintenance,SM-TSK-RRM-TASKRE,Renewal Maintenance,true,01sa5000001vuxlAAA,Standard Price Book,USD,0,true
01uWC000005q0kFYAQ,01tWC00000DD1nUYAT,"Tripwire Enterprise for Small Stores w/ ND & DB (up to 5 FS, 5 ND & 1 DB)-NewMaintenance",FIM-FIM-RNM-TESSWN,New Maintenance,true,01sa5000001vuxlAAA,Standard Price Book,USD,0,true
01uWC000005q0kYYAQ,01tWC00000DD1ndYAD,Tripwire Enterprise/DB-NewMaintenance,FIM-FIM-RNM-TRIPED,New Maintenance,true,01sa5000001vuxlAAA,Standard Price Book,USD,0,true
01uWC000005q0keYAA,01tWC00000DD1neYAD,Tripwire Enterprise/DS-NewMaintenance,FIM-FIM-RNM-TRIEND,New Maintenance,true,01sa5000001vuxlAAA,Standard Price Book,USD,0,true
01uWC000005q0kwYAA,01tWC00000DD1nwYAD,Tripwire for Net Devices-NewMaintenance,FIM-FIM-RNM-TNDNM,New Maintenance,true,01sa5000001vuxlAAA,Standard Price Book,USD,0,true
01uWC000005q0yoYAA,01tWC00000DD17kYAD,Compliance Center for i-NewMaintenance,CS-DFT-RNM-CCINM,New Maintenance,true,01sa5000001vuxlAAA,Standard Price Book,USD,0,true
01uWC000005q0yuYAA,01tWC00000DD17mYAD,Compliance Center for i-RenewalMaintenance,CS-DFT-RRM-CCIRM,Renewal Maintenance,true,01sa5000001vuxlAAA,Standard Price Book,USD,0,true
01uWC000005q0z0YAA,01tWC00000DD17pYAD,Comprehensive Bundle-NewMaintenance,DM-DML-RNM-CBNM,New Maintenance,true,01sa5000001vuxlAAA,Standard Price Book,USD,0,true
01uWC000005q0z6YAA,01tWC00000DD17rYAD,Comprehensive Bundle-RenewalMaintenance,DM-DML-RRM-CBRM,Renewal Maintenance,true,01sa5000001vuxlAAA,Standard Price Book,USD,0,true
01uWC000005q0zCYAQ,01tWC00000DD17sYAD,Comprehensive i Bundle-NewMaintenance,DM-DML-RNM-CIBNM,New Maintenance,true,01sa5000001vuxlAAA,Standard Price Book,USD,0,true
01uWC000005q0zIYAQ,01tWC00000DD17uYAD,Comprehensive i Bundle-RenewalMaintenance,DM-DML-RRM-CIBRM,Renewal Maintenance,true,01sa5000001vuxlAAA,Standard Price Book,USD,0,true
01uWC000005q0zOYAQ,01tWC00000DD18FYAT,Core Access-NewMaintenance,IGA-AAS-RNM-CANM,New Maintenance,true,01sa5000001vuxlAAA,Standard Price Book,USD,0,true
01uWC000005q0zUYAQ,01tWC00000DD18HYAT,Core Access-RenewalMaintenance,IGA-AAS-RRM-CARM,Renewal Maintenance,true,01sa5000001vuxlAAA,Standard Price Book,USD,0,true
01uWC000005q0zaYAA,01tWC00000DD18JYAT,Core Access Assurance Suite-NewMaintenance,IGA-AAS-RNM-CAASNM,New Maintenance,true,01sa5000001vuxlAAA,Standard Price Book,USD,0,true
01uWC000005q0zgYAA,01tWC00000DD18LYAT,Core Access Assurance Suite-RenewalMaintenance,IGA-AAS-RRM-CAASRM,Renewal Maintenance,true,01sa5000001vuxlAAA,Standard Price Book,USD,0,true
01uWC000005q0zmYAA,01tWC00000DD18NYAT,Core Access Insight-NewMaintenance,IGA-CAI-RNM-CAINM,New Maintenance,true,01sa5000001vuxlAAA,Standard Price Book,USD,0,true
01uWC000005q0zsYAA,01tWC00000DD18PYAT,Core Access Insight-RenewalMaintenance,IGA-CAI-RRM-CAIRM,Renewal Maintenance,true,01sa5000001vuxlAAA,Standard Price Book,USD,0,true
01uWC000005q0zyYAA,01tWC00000DD18QYAT,Core Certify-NewMaintenance,IGA-VIS-RNM-CCNM,New Maintenance,true,01sa5000001vuxlAAA,Standard Price Book,USD,0,true
01uWC000005q104YAA,01tWC00000DD18SYAT,Core Certify-RenewalMaintenance,IGA-VIS-RRM-CCRM,Renewal Maintenance,true,01sa5000001vuxlAAA,Standard Price Book,USD,0,true
01uWC000005q10AYAQ,01tWC00000DD18TYAT,Core Compliance-NewMaintenance,IGA-AAS-RNM-CORE,New Maintenance,true,01sa5000001vuxlAAA,Standard Price Book,USD,0,true
01uWC000005q10GYAQ,01tWC00000DD18VYAT,Core Compliance-RenewalMaintenance,IGA-AAS-RRM-COREC,Renewal Maintenance,true,01sa5000001vuxlAAA,Standard Price Book,USD,0,true
01uWC000005q10MYAQ,01tWC00000DD18XYAT,Core Connector Framework (RDK)-NewMaintenance,IGA-AAS-RNM-CCFRNM,New Maintenance,true,01sa5000001vuxlAAA,Standard Price Book,USD,0,true
01uWC000005q10SYAQ,01tWC00000DD18ZYAT,Core Connector Framework (RDK)-RenewalMaintenance,IGA-AAS-RRM-CCFRRM,Renewal Maintenance,true,01sa5000001vuxlAAA,Standard Price Book,USD,0,true
01uWC000005q10YYAQ,01tWC00000DD18bYAD,Core Connector Library-NewMaintenance,IGA-AAS-RNM-CCLNM,New Maintenance,true,01sa5000001vuxlAAA,Standard Price Book,USD,0,true
01uWC000005q10eYAA,01tWC00000DD18dYAD,Core Connector Library-RenewalMaintenance,IGA-AAS-RRM-CCLRM,Renewal Maintenance,true,01sa5000001vuxlAAA,Standard Price Book,USD,0,true
01uWC000005q10uYAA,01tWC00000DD18pYAD,Core Impact-NewMaintenance,OS-CI-RNM-COIM,New Maintenance,true,01sa5000001vuxlAAA,Standard Price Book,USD,0,true
01uWC000005q110YAA,01tWC00000DD18rYAD,Core Impact-RenewalMaintenance,OS-CI-RRM-COREI,Renewal Maintenance,true,01sa5000001vuxlAAA,Standard Price Book,USD,0,true
01uWC000005q116YAA,01tWC00000DD18sYAD,Core Password-NewMaintenance,IGA-AAS-RNM-CPNM,New Maintenance,true,01sa5000001vuxlAAA,Standard Price Book,USD,0,true
01uWC000005q11CYAQ,01tWC00000DD18uYAD,Core Password-RenewalMaintenance,IGA-AAS-RRM-CPRM,Renewal Maintenance,true,01sa5000001vuxlAAA,Standard Price Book,USD,0,true
01uWC000005q11IYAQ,01tWC00000DD18wYAD,Core Provisioning-NewMaintenance,IGA-AAS-RNM-COPR,New Maintenance,true,01sa5000001vuxlAAA,Standard Price Book,USD,0,true
01uWC000005q11OYAQ,01tWC00000DD18yYAD,Core Provisioning-RenewalMaintenance,IGA-AAS-RRM-COREP,Renewal Maintenance,true,01sa5000001vuxlAAA,Standard Price Book,USD,0,true
01uWC000005q11UYAQ,01tWC00000DD190YAD,Core Role Designer-NewMaintenance,IGA-VIS-RNM-CRDNM,New Maintenance,true,01sa5000001vuxlAAA,Standard Price Book,USD,0,true
01uWC000005q11aYAA,01tWC00000DD192YAD,Core Role Designer-RenewalMaintenance,IGA-VIS-RRM-CRDRM,Renewal Maintenance,true,01sa5000001vuxlAAA,Standard Price Book,USD,0,true
01uWC000005q11gYAA,01tWC00000DD196YAD,Costco Suite-NewMaintenance,SM-HCS-RNM-COSTNE,New Maintenance,true,01sa5000001vuxlAAA,Standard Price Book,USD,0,true
01uWC000005q11mYAA,01tWC00000DD198YAD,Costco Suite-RenewalMaintenance,SM-HCS-RRM-COSTRE,Renewal Maintenance,true,01sa5000001vuxlAAA,Standard Price Book,USD,0,true
01uWC000005q11sYAA,01tWC00000DD19EYAT,CSV Converter-NewMaintenance,DM-IRC-RNM-CSVCNE,New Maintenance,true,01sa5000001vuxlAAA,Standard Price Book,USD,0,true
01uWC000005q18NYAQ,01tWC00000DD1QHYA1,LPAR-RenewalMaintenance,SM-RLP-RRM-LPARRE,Renewal Maintenance,true,01sa5000001vuxlAAA,Standard Price Book,USD,0,true
01uWC000005q1A5YAI,01tWC00000DD1QJYA1,Lvl1: Message Management Suite-NewMaintenance,SM-LMM-RNM-LMMSNE,New Maintenance,true,01sa5000001vuxlAAA,Standard Price Book,USD,0,true
01uWC000005q1ABYAY,01tWC00000DD1QLYA1,Lvl1: Message Management Suite-RenewalMaintenance,SM-LMM-RRM-LMMSRE,Renewal Maintenance,true,01sa5000001vuxlAAA,Standard Price Book,USD,0,true
01uWC000005q1AHYAY,01tWC00000DD1QNYA1,Lvl2: Systems Operations Suite-NewMaintenance,SM-LSO-RNM-LSOSNE,New Maintenance,true,01sa5000001vuxlAAA,Standard Price Book,USD,0,true
01uWC000005q1AJYAY,01tWC00000DD1QPYA1,Lvl2: Systems Operations Suite-RenewalMaintenance,SM-LSO-RRM-LSOSRE,Renewal Maintenance,true,01sa5000001vuxlAAA,Standard Price Book,USD,0,true
01uWC000005q1APYAY,01tWC00000DD1QRYA1,Lvl3: Advanced Automation Suite-NewMaintenance,SM-LAA-RNM-LAASNE,New Maintenance,true,01sa5000001vuxlAAA,Standard Price Book,USD,0,true
01uWC000005q1AVYAY,01tWC00000DD1QTYA1,Lvl3: Advanced Automation Suite-RenewalMaintenance,SM-LAA-RRM-LAASRE,Renewal Maintenance,true,01sa5000001vuxlAAA,Standard Price Book,USD,0,true
01uWC000005q1AbYAI,01tWC00000DD1QVYA1,Lvl4: Operations Center Suite-NewMaintenance,SM-LOC-RNM-LOCSNE,New Maintenance,true,01sa5000001vuxlAAA,Standard Price Book,USD,0,true
01uWC000005q1AhYAI,01tWC00000DD1QXYA1,Lvl4: Operations Center Suite-RenewalMaintenance,SM-LOC-RRM-LOCSRE,Renewal Maintenance,true,01sa5000001vuxlAAA,Standard Price Book,USD,0,true
01uWC000005q1AnYAI,01tWC00000DD1QZYA1,Mac Classifier-NewMaintenance,DP-DC-RNM-MACCNE,New Maintenance,true,01sa5000001vuxlAAA,Standard Price Book,USD,0,true
01uWC000005q1AtYAI,01tWC00000DD1QbYAL,Mac Classifier-RenewalMaintenance,DP-DC-RRM-MACCRE,Renewal Maintenance,true,01sa5000001vuxlAAA,Standard Price Book,USD,0,true
01uWC000005q1AzYAI,01tWC00000DD1QjYAL,MCP Remote Support-NewMaintenance,SM-PN-RNM-MCPRNE,New Maintenance,true,01sa5000001vuxlAAA,Standard Price Book,USD,0,true
01uWC000005q1B5YAI,01tWC00000DD1QlYAL,MCP Remote Support-RenewalMaintenance,SM-PN-RRM-MCPRRE,Renewal Maintenance,true,01sa5000001vuxlAAA,Standard Price Book,USD,0,true
01uWC000005q1BBYAY,01tWC00000DD1QmYAL,Menu & Application Program-NewMaintenance,CS-DFT-RNM-MAPNEW,New Maintenance,true,01sa5000001vuxlAAA,Standard Price Book,USD,0,true
01uWC000005q1BHYAY,01tWC00000DD1QoYAL,Menu & Application Program-RenewalMaintenance,CS-DFT-RRM-MAPREN,Renewal Maintenance,true,01sa5000001vuxlAAA,Standard Price Book,USD,0,true
01uWC000005q1BNYAY,01tWC00000DD1QqYAL,Message Classification-NewMaintenance,DP-DC-RNM-MCNM,New Maintenance,true,01sa5000001vuxlAAA,Standard Price Book,USD,0,true
01uWC000005q1BTYAY,01tWC00000DD1QsYAL,Message Classification-RenewalMaintenance,DP-DC-RRM-MCRM,Renewal Maintenance,true,01sa5000001vuxlAAA,Standard Price Book,USD,0,true
01uWC000005q1BZYAY,01tWC00000DD1QtYAL,Message Classification & Classification for Office & Classification for Desktop Bundle-NewMaintenance,DP-DC-RNM-MCCOCD,New Maintenance,true,01sa5000001vuxlAAA,Standard Price Book,USD,0,true
01uWC000005q1BfYAI,01tWC00000DD1QwYAL,Message Classification & Classification for Office & Classification for Desktop Bundle-RenewalMaintenance,DP-DC-RRM-MCCM,Renewal Maintenance,true,01sa5000001vuxlAAA,Standard Price Book,USD,0,true
01uWC000005q1BlYAI,01tWC00000DD1QxYAL,Message Classification & Classification for Office Enterprise Bundle-NewMaintenance,DP-DC-RNM-MCCOEB,New Maintenance,true,01sa5000001vuxlAAA,Standard Price Book,USD,0,true
01uWC000005q1BrYAI,01tWC00000DD1QzYAL,Message Classification & Classification for Office Enterprise Bundle-RenewalMaintenance,DP-DC-RRM-MECL,Renewal Maintenance,true,01sa5000001vuxlAAA,Standard Price Book,USD,0,true
01uWC000005q1BxYAI,01tWC00000DD1R0YAL,Message Communicator-NewMaintenance,SM-SYM-RNM-MECO,New Maintenance,true,01sa5000001vuxlAAA,Standard Price Book,USD,0,true
01uWC000005q1C3YAI,01tWC00000DD1R2YAL,Message Communicator-RenewalMaintenance,SM-SYM-RRM-MERM,Renewal Maintenance,true,01sa5000001vuxlAAA,Standard Price Book,USD,0,true
01uWC000005q1C9YAI,01tWC00000DD1R4YAL,Message Manager-NewMaintenance,SM-SYM-RNM-MMNM,New Maintenance,true,01sa5000001vuxlAAA,Standard Price Book,USD,0,true
01uWC000005q1CFYAY,01tWC00000DD1R6YAL,Message Manager-RenewalMaintenance,SM-SYM-RRM-MMRM,Renewal Maintenance,true,01sa5000001vuxlAAA,Standard Price Book,USD,0,true
01uWC000005q1CLYAY,01tWC00000DD1R8YAL,MessengerConsole-NewMaintenance,SM-MES-RNM-MESSNE,New Maintenance,true,01sa5000001vuxlAAA,Standard Price Book,USD,0,true
01uWC000005q1CRYAY,01tWC00000DD1RAYA1,MessengerConsole-RenewalMaintenance,SM-MES-RRM-MESSRE,Renewal Maintenance,true,01sa5000001vuxlAAA,Standard Price Book,USD,0,true
01uWC000005q1CXYAY,01tWC00000DD1RCYA1,MessengerPlus-NewMaintenance,SM-MP-RNM-MPNM,New Maintenance,true,01sa5000001vuxlAAA,Standard Price Book,USD,0,true
01uWC000005q1CdYAI,01tWC00000DD1REYA1,MessengerPlus-RenewalMaintenance,SM-MP-RRM-MPRM,Renewal Maintenance,true,01sa5000001vuxlAAA,Standard Price Book,USD,0,true
01uWC000005q1CjYAI,01tWC00000DD1RGYA1,Metrics Catalog - PS-AM-NewMaintenance,CM-TQO-RNM-MCPANE,New Maintenance,true,01sa5000001vuxlAAA,Standard Price Book,USD,0,true
01uWC000005q1CpYAI,01tWC00000DD1RIYA1,Metrics Catalog - PS-AM-RenewalMaintenance,CM-TQO-RRM-MCPARE,Renewal Maintenance,true,01sa5000001vuxlAAA,Standard Price Book,USD,0,true
01uWC000005q1CvYAI,01tWC00000DD1RKYA1,Microsoft Office Add-Ins-NewMaintenance,DM-DML-RNM-MOAINE,New Maintenance,true,01sa5000001vuxlAAA,Standard Price Book,USD,0,true
01uWC000005q1D1YAI,01tWC00000DD1RMYA1,Microsoft Office Add-Ins-RenewalMaintenance,DM-DML-RRM-MOAIRE,Renewal Maintenance,true,01sa5000001vuxlAAA,Standard Price Book,USD,0,true
01uWC000005q1D7YAI,01tWC00000DD1RNYA1,Mizuno Suite-NewMaintenance,SM-HCS-RNM-MIZUNE,New Maintenance,true,01sa5000001vuxlAAA,Standard Price Book,USD,0,true
01uWC000005q1JdYAI,01tWC00000DD1c8YAD,Powertech Password Self Help for IBM i-RenewalMaintenance,CS-PPS-RRM-PPSM,Renewal Maintenance,true,01sa5000001vuxlAAA,Standard Price Book,USD,0,true
01uWC000005q1OZYAY,01tWC00000DD1cAYAT,Powertech Policy Minder for IBM i-NewMaintenance,CS-PPM-RNM-PPMIIN,New Maintenance,true,01sa5000001vuxlAAA,Standard Price Book,USD,0,true
01uWC000005q1OfYAI,01tWC00000DD1cCYAT,Powertech Policy Minder for IBM i-RenewalMaintenance,CS-PPM-RRM-PPMIIR,Renewal Maintenance,true,01sa5000001vuxlAAA,Standard Price Book,USD,0,true
01uWC000005q1OlYAI,01tWC00000DD1cEYAT,Powertech Risk Assessor for IBM i-NewMaintenance,CS-PRA-RNM-PRAIIN,New Maintenance,true,01sa5000001vuxlAAA,Standard Price Book,USD,0,true
01uWC000005q1OrYAI,01tWC00000DD1cGYAT,Powertech Risk Assessor for IBM i-RenewalMaintenance,CS-PRA-RRM-PRAIIR,Renewal Maintenance,true,01sa5000001vuxlAAA,Standard Price Book,USD,0,true
01uWC000005q1OxYAI,01tWC00000DD1cIYAT,Powertech RSA SecurID Agent for IBM i-NewMaintenance,CS-RSA-RNM-PRSIAI,New Maintenance,true,01sa5000001vuxlAAA,Standard Price Book,USD,0,true
01uWC000005q1P3YAI,01tWC00000DD1cKYAT,Powertech RSA SecurID Agent for IBM i-RenewalMaintenance,CS-RSA-RRM-PRSM,Renewal Maintenance,true,01sa5000001vuxlAAA,Standard Price Book,USD,0,true
01uWC000005q1P9YAI,01tWC00000DD1cMYAT,Powertech Security Auditor-NewMaintenance,CS-PSA-RNM-PSANM,New Maintenance,true,01sa5000001vuxlAAA,Standard Price Book,USD,0,true
01uWC000005q1PFYAY,01tWC00000DD1cOYAT,Powertech Security Auditor-RenewalMaintenance,CS-PSA-RRM-PSARM,Renewal Maintenance,true,01sa5000001vuxlAAA,Standard Price Book,USD,0,true
01uWC000005q1PLYAY,01tWC00000DD1cTYAT,Powertech SIEM Agent for IBM i-NewMaintenance,CS-PSI-RNM-PSAIIN,New Maintenance,true,01sa5000001vuxlAAA,Standard Price Book,USD,0,true
01uWC000005q1PRYAY,01tWC00000DD1cVYAT,Powertech SIEM Agent for IBM i-RenewalMaintenance,CS-PSI-RRM-PSAIIR,Renewal Maintenance,true,01sa5000001vuxlAAA,Standard Price Book,USD,0,true
01uWC000005q1PXYAY,01tWC00000DD1cZYAT,PowerVM-NewMaintenance,SM-PN-RNM-POWENE,New Maintenance,true,01sa5000001vuxlAAA,Standard Price Book,USD,0,true
01uWC000005q1PdYAI,01tWC00000DD1cbYAD,PowerVM-RenewalMaintenance,SM-PN-RRM-POWERM,Renewal Maintenance,true,01sa5000001vuxlAAA,Standard Price Book,USD,0,true
01uWC000005q1PjYAI,01tWC00000DD1ckYAD,Productivity Enablement-NewMaintenance,BI-SQ-RNM-PRODNE,New Maintenance,true,01sa5000001vuxlAAA,Standard Price Book,USD,0,true
01uWC000005q1PpYAI,01tWC00000DD1cmYAD,Productivity Enablement-RenewalMaintenance,BI-SQ-RRM-PRODRE,Renewal Maintenance,true,01sa5000001vuxlAAA,Standard Price Book,USD,0,true
01uWC000005q1PvYAI,01tWC00000DD1d7YAD,Robot UPS-RenewalMaintenance,SM-SYM-RRM-RURM,Renewal Maintenance,true,01sa5000001vuxlAAA,Standard Price Book,USD,0,true
01uWC000005q1QBYAY,01tWC00000DD1dBYAT,Rodin Enterprise - Legacy-NewMaintenance,BI-SDW-RNM-RELNM,New Maintenance,true,01sa5000001vuxlAAA,Standard Price Book,USD,0,true
01uWC000005q1QHYAY,01tWC00000DD1dDYAT,Rodin Enterprise - Legacy-RenewalMaintenance,BI-SDW-RRM-RELRM,Renewal Maintenance,true,01sa5000001vuxlAAA,Standard Price Book,USD,0,true
01uWC000005q1QNYAY,01tWC00000DD1dEYAT,Rodin Runtime - Legacy-NewMaintenance,BI-SDW-RNM-RRLNM,New Maintenance,true,01sa5000001vuxlAAA,Standard Price Book,USD,0,true
01uWC000005q1QTYAY,01tWC00000DD1dGYAT,Rodin Runtime - Legacy-RenewalMaintenance,BI-SDW-RRM-RRLRM,Renewal Maintenance,true,01sa5000001vuxlAAA,Standard Price Book,USD,0,true
01uWC000005q1QZYAY,01tWC00000DD1dHYAT,RoleCourier-NewMaintenance,IGA-AAS-RNM-ROLENE,New Maintenance,true,01sa5000001vuxlAAA,Standard Price Book,USD,0,true
01uWC000005q1QfYAI,01tWC00000DD1dJYAT,RoleCourier-RenewalMaintenance,IGA-AAS-RRM-ROLERE,Renewal Maintenance,true,01sa5000001vuxlAAA,Standard Price Book,USD,0,true
01uWC000005q1QlYAI,01tWC00000DD1dKYAT,RPG Toolbox-NewMaintenance,DM-RPG-RNM-RPGTNE,New Maintenance,true,01sa5000001vuxlAAA,Standard Price Book,USD,0,true
01uWC000005q1QrYAI,01tWC00000DD1dMYAT,RPG Toolbox-RenewalMaintenance,DM-RPG-RRM-RPGTRE,Renewal Maintenance,true,01sa5000001vuxlAAA,Standard Price Book,USD,0,true
01uWC000005q1QxYAI,01tWC00000DD1dOYAT,RPG2SQL Integrator-NewMaintenance,DM-IBM-RNM-RPG2NE,New Maintenance,true,01sa5000001vuxlAAA,Standard Price Book,USD,0,true
01uWC000005q1R3YAI,01tWC00000DD1dQYAT,RPG2SQL Integrator-RenewalMaintenance,DM-IBM-RRM-RPG2RE,Renewal Maintenance,true,01sa5000001vuxlAAA,Standard Price Book,USD,0,true
01uWC000005q1R9YAI,01tWC00000DD1dSYAT,RTF Report Converter-NewMaintenance,DM-IRC-RNM-RTFRNE,New Maintenance,true,01sa5000001vuxlAAA,Standard Price Book,USD,0,true
01uWC000005q1RFYAY,01tWC00000DD1dUYAT,RTF Report Converter-RenewalMaintenance,DM-IRC-RRM-RTFRRE,Renewal Maintenance,true,01sa5000001vuxlAAA,Standard Price Book,USD,0,true
01uWC000005q1RLYAY,01tWC00000DD1dXYAT,SAFEmail Suite-NewMaintenance,DP-DCL-RNM-SAFENE,New Maintenance,true,01sa5000001vuxlAAA,Standard Price Book,USD,0,true
01uWC000005q1RRYAY,01tWC00000DD1dZYAT,SAFEmail Suite-RenewalMaintenance,DP-DCL-RRM-SAFERE,Renewal Maintenance,true,01sa5000001vuxlAAA,Standard Price Book,USD,0,true
01uWC000005q1RXYAY,01tWC00000DD1daYAD,Safestone Password Self Help-NewMaintenance,CS-SPS-RNM-SPSHNM,New Maintenance,true,01sa5000001vuxlAAA,Standard Price Book,USD,0,true
01uWC000005q1S6YAI,01tWC00000DD20MYAT,Classification for Desktop & Message Classification Enterprise & Classification for Office Enterprise Bundle-NewMaintenance,DP-DC-RNM-CDMEBNM,New Maintenance,true,01sa5000001vuxlAAA,Standard Price Book,USD,0,true
01uWC000005q1SCYAY,01tWC00000DD20NYAT,Classification for Desktop & Message Classification Enterprise & Classification for Office Enterprise Bundle-RenewalMaintenance,DP-DC-RRM-CDMEBRM,Renewal Maintenance,true,01sa5000001vuxlAAA,Standard Price Book,USD,0,true
01uWC000005q1SIYAY,01tWC00000DD20OYAT,Classification for Office Ultra & Message Classification Bundle-RenewalMaintenance,DP-DC-RRM-COUMCBRM,Renewal Maintenance,true,01sa5000001vuxlAAA,Standard Price Book,USD,0,true
01uWC000005q1SOYAY,01tWC00000DD20PYAT,Classification for Office Ultra & Message Classification Bundle-NewMaintenance,DP-DC-RNM-COUMCBNM,New Maintenance,true,01sa5000001vuxlAAA,Standard Price Book,USD,0,true
01uWC000005q1SUYAY,01tWC00000DD20UYAT,Message Classification & Classification for Office & Classification for Desktop Bundle - Enterprise-RenewalMaintenance,DP-DC-RRM-MCCDBERM,Renewal Maintenance,true,01sa5000001vuxlAAA,Standard Price Book,USD,0,true
01uWC000005q1SaYAI,01tWC00000DD20VYAT,Message Classification & Classification for Office & Classification for Desktop Bundle - Enterprise-NewMaintenance,DP-DC-RNM-MCCDBENM,New Maintenance,true,01sa5000001vuxlAAA,Standard Price Book,USD,0,true
01uWC000005q1SgYAI,01tWC00000DD20WYAT,Message Classification & Classification for Office & Classification for Desktop Bundle - Standard-RenewalMaintenance,DP-DC-RRM-MCCDBSRM,Renewal Maintenance,true,01sa5000001vuxlAAA,Standard Price Book,USD,0,true
01uWC000005q1SmYAI,01tWC00000DD20XYAT,Message Classification & Classification for Office & Classification for Desktop Bundle - Standard-NewMaintenance,DP-DC-RNM-MCCDBSNM,New Maintenance,true,01sa5000001vuxlAAA,Standard Price Book,USD,0,true
01uWC000005q1SsYAI,01tWC00000DD20YYAT,Device Profiler 700-NewMaintenance,FIM-FIM-RNM-DP7NM,New Maintenance,true,01sa5000001vuxlAAA,Standard Price Book,USD,0,true
01uWC000005q1SyYAI,01tWC00000DD20ZYAT,DP Ev - EVAL-RenewalMaintenance,FIM-FIM-RRM-DEERM,Renewal Maintenance,true,01sa5000001vuxlAAA,Standard Price Book,USD,0,true
01uWC000005q1T4YAI,01tWC00000DD20aYAD,DP Ev - EVAL-NewMaintenance,FIM-FIM-RNM-DEENM,New Maintenance,true,01sa5000001vuxlAAA,Standard Price Book,USD,0,true
01uWC000005q1TAYAY,01tWC00000DD20bYAD,IP360 - EVAL-RenewalMaintenance,FIM-FIM-RRM-IERM,Renewal Maintenance,true,01sa5000001vuxlAAA,Standard Price Book,USD,0,true
01uWC000005q1THYAY,01tWC00000DD20cYAD,IP360 - EVAL-NewMaintenance,FIM-FIM-RNM-IENM,New Maintenance,true,01sa5000001vuxlAAA,Standard Price Book,USD,0,true
01uWC000005q1TOYAY,01tWC00000DD20dYAD,Tripwire Enterprise Console - MySQL Backend - EVAL-RenewalMaintenance,FIM-FIM-RRM-TECMBERM,Renewal Maintenance,true,01sa5000001vuxlAAA,Standard Price Book,USD,0,true
01uWC000005q1TUYAY,01tWC00000DD20eYAD,Tripwire Enterprise Console - MySQL Backend - EVAL-NewMaintenance,FIM-FIM-RNM-TECMBENM,New Maintenance,true,01sa5000001vuxlAAA,Standard Price Book,USD,0,true
01uWC000005q1TaYAI,01tWC00000DD20fYAD,Tripwire Enterprise for Databases - EVAL-RenewalMaintenance,FIM-FIM-RRM-TEDEVRM,Renewal Maintenance,true,01sa5000001vuxlAAA,Standard Price Book,USD,0,true
01uWC000005q1TgYAI,01tWC00000DD20gYAD,Tripwire Enterprise for Databases - EVAL-NewMaintenance,FIM-FIM-RNM-TEDEVNM,New Maintenance,true,01sa5000001vuxlAAA,Standard Price Book,USD,0,true
01uWC000005q1TmYAI,01tWC00000DD20hYAD,Tripwire Enterprise for Directory Services - EVAL-RenewalMaintenance,FIM-FIM-RRM-TEDSERM,Renewal Maintenance,true,01sa5000001vuxlAAA,Standard Price Book,USD,0,true
01uWC000005q1TsYAI,01tWC00000DD20iYAD,Tripwire Enterprise for Directory Services - EVAL-NewMaintenance,FIM-FIM-RNM-TEDSENM,New Maintenance,true,01sa5000001vuxlAAA,Standard Price Book,USD,0,true
01uWC000005q1TyYAI,01tWC00000DD20jYAD,Tripwire Enterprise for Desktops - EVAL-RenewalMaintenance,FIM-FIM-RRM-TEDERM,Renewal Maintenance,true,01sa5000001vuxlAAA,Standard Price Book,USD,0,true
01uWC000005q1U4YAI,01tWC00000DD20kYAD,Tripwire Enterprise for Desktops - EVAL-NewMaintenance,FIM-FIM-RNM-TEDENM,New Maintenance,true,01sa5000001vuxlAAA,Standard Price Book,USD,0,true
01uWC000005q1UAYAY,01tWC00000DD20lYAD,Tripwire Enterprise for Industrial Devices-NewMaintenance,FIM-FIM-RNM-TEIDNM,New Maintenance,true,01sa5000001vuxlAAA,Standard Price Book,USD,0,true
01uWC000005q1UGYAY,01tWC00000DD20mYAD,Tripwire Enterprise for Network Devices - EVAL-RenewalMaintenance,FIM-FIM-RRM-TENDERM,Renewal Maintenance,true,01sa5000001vuxlAAA,Standard Price Book,USD,0,true
01uWC000005q1UMYAY,01tWC00000DD20nYAD,Tripwire Enterprise for Network Devices - EVAL-NewMaintenance,FIM-FIM-RNM-TENDENM,New Maintenance,true,01sa5000001vuxlAAA,Standard Price Book,USD,0,true
01uWC000005q1USYAY,01tWC00000DD20oYAD,Tripwire Enterprise for TIV-RenewalMaintenance,FIM-FIM-RRM-TETRM,Renewal Maintenance,true,01sa5000001vuxlAAA,Standard Price Book,USD,0,true
01uWC000005q1UYYAY,01tWC00000DD20pYAD,Tripwire Enterprise for TIV-NewMaintenance,FIM-FIM-RNM-TETNM,New Maintenance,true,01sa5000001vuxlAAA,Standard Price Book,USD,0,true
01uWC000005q1UeYAI,01tWC00000DD20yYAD,"Titus Classification Suite, Illuminate and Ionic Connector-RenewalMaintenance",DP-DC-RRM-TCSIICRM,Renewal Maintenance,true,01sa5000001vuxlAAA,Standard Price Book,USD,0,true
01uWC000005q1UkYAI,01tWC00000DD20zYAD,"Titus Classification Suite, Illuminate and Ionic Connector-NewMaintenance",DP-DC-RNM-TCSIICNM,New Maintenance,true,01sa5000001vuxlAAA,Standard Price Book,USD,0,true
01uWC000005q1mhYAA,01tWC00000DD1klYAD,Showcase Client Reporting-NewMaintenance,BI-CRO-RNM-SCRNM,New Maintenance,true,01sa5000001vuxlAAA,Standard Price Book,USD,0,true
01uWC000005q1q1YAA,01tWC00000DD1knYAD,Showcase Client Reporting-RenewalMaintenance,BI-CRO-RRM-SCRRM,Renewal Maintenance,true,01sa5000001vuxlAAA,Standard Price Book,USD,0,true
01uWC000005q1q7YAA,01tWC00000DD1kpYAD,Sequel Repository-NewMaintenance,BI-QRW-RNM-SREPNM,New Maintenance,true,01sa5000001vuxlAAA,Standard Price Book,USD,0,true
01uWC000005q1qDYAQ,01tWC00000DD1krYAD,Sequel Repository-RenewalMaintenance,BI-QRW-RRM-SREPRM,Renewal Maintenance,true,01sa5000001vuxlAAA,Standard Price Book,USD,0,true
01uWC000005q1qJYAQ,01tWC00000DD1kxYAD,SignHere-NewMaintenance,DM-SH-RNM-SIGNNE,New Maintenance,true,01sa5000001vuxlAAA,Standard Price Book,USD,0,true
01uWC000005q1qPYAQ,01tWC00000DD1kzYAD,SignHere-RenewalMaintenance,DM-SH-RRM-SIGNRE,Renewal Maintenance,true,01sa5000001vuxlAAA,Standard Price Book,USD,0,true
01uWC000005q1qVYAQ,01tWC00000DD1l1YAD,SignHere Legacy-NewMaintenance,DM-SH-RNM-SIGNLN,New Maintenance,true,01sa5000001vuxlAAA,Standard Price Book,USD,0,true
01uWC000005q1qbYAA,01tWC00000DD1l3YAD,SignHere Legacy-RenewalMaintenance,DM-SH-RRM-SIGNLR,Renewal Maintenance,true,01sa5000001vuxlAAA,Standard Price Book,USD,0,true
01uWC000005q1qrYAA,01tWC00000DD1lAYAT,SMTP/400 Email Send API-NewMaintenance,DM-EU-RNM-SMTPNE,New Maintenance,true,01sa5000001vuxlAAA,Standard Price Book,USD,0,true
01uWC000005q1qxYAA,01tWC00000DD1lCYAT,SMTP/400 Email Send API-RenewalMaintenance,DM-EU-RRM-SMTPRE,Renewal Maintenance,true,01sa5000001vuxlAAA,Standard Price Book,USD,0,true
01uWC000005q1r3YAA,01tWC00000DD1lEYAT,Snapshot/TSC-NewMaintenance,SM-SNP-RNM-SNAPNE,New Maintenance,true,01sa5000001vuxlAAA,Standard Price Book,USD,0,true
01uWC000005q1r9YAA,01tWC00000DD1lGYAT,Snapshot/TSC-RenewalMaintenance,SM-SNP-RRM-SNAPRE,Renewal Maintenance,true,01sa5000001vuxlAAA,Standard Price Book,USD,0,true
01uWC000005q1rFYAQ,01tWC00000DD1lPYAT,Software - Misc-NewMaintenance,DM-DML-RNM-SOFTNE,New Maintenance,true,01sa5000001vuxlAAA,Standard Price Book,USD,0,true
01uWC000005q1rLYAQ,01tWC00000DD1lRYAT,Software - Misc-RenewalMaintenance,DM-DML-RRM-SOFTRE,Renewal Maintenance,true,01sa5000001vuxlAAA,Standard Price Book,USD,0,true
01uWC000005q1rRYAQ,01tWC00000DD1lSYAT,Spooled File Manager-NewMaintenance,SM-SFM-RNM-SFMNM,New Maintenance,true,01sa5000001vuxlAAA,Standard Price Book,USD,0,true
01uWC000005q1rXYAQ,01tWC00000DD1lUYAT,Spooled File Manager-RenewalMaintenance,SM-SFM-RRM-SFMRM,Renewal Maintenance,true,01sa5000001vuxlAAA,Standard Price Book,USD,0,true
01uWC000005q1rdYAA,01tWC00000DD1lWYAT,Spooled File Mgr-DMS-NewMaintenance,SM-SFM-RNM-SFMDNM,New Maintenance,true,01sa5000001vuxlAAA,Standard Price Book,USD,0,true
01uWC000005q1rjYAA,01tWC00000DD1lYYAT,Spooled File Mgr-DMS-RenewalMaintenance,SM-SFM-RRM-SFMDRM,Renewal Maintenance,true,01sa5000001vuxlAAA,Standard Price Book,USD,0,true
01uWC000005q1rpYAA,01tWC00000DD1laYAD,Spreadsheet Conv Bundle-NewMaintenance,DM-DML-RNM-SCBNEW,New Maintenance,true,01sa5000001vuxlAAA,Standard Price Book,USD,0,true
01uWC000005q1rvYAA,01tWC00000DD1lcYAD,Spreadsheet Conv Bundle-RenewalMaintenance,DM-DML-RRM-SCBREN,Renewal Maintenance,true,01sa5000001vuxlAAA,Standard Price Book,USD,0,true
01uWC000005q1s1YAA,01tWC00000DD1leYAD,Standard Core Connectors - In Product-NewMaintenance,IGA-AAS-RNM-SCCIPN,New Maintenance,true,01sa5000001vuxlAAA,Standard Price Book,USD,0,true
01uWC000005q1s7YAA,01tWC00000DD1lgYAD,Standard Core Connectors - In Product-RenewalMaintenance,IGA-AAS-RRM-SCCIPR,Renewal Maintenance,true,01sa5000001vuxlAAA,Standard Price Book,USD,0,true
01uWC000005q1sDYAQ,01tWC00000DD1liYAD,Standard Core Connectors - Standard Delivery-NewMaintenance,IGA-AAS-RNM-SCCSDN,New Maintenance,true,01sa5000001vuxlAAA,Standard Price Book,USD,0,true
01uWC000005q1sJYAQ,01tWC00000DD1lkYAD,Standard Core Connectors - Standard Delivery-RenewalMaintenance,IGA-AAS-RRM-SCCSDR,Renewal Maintenance,true,01sa5000001vuxlAAA,Standard Price Book,USD,0,true
01uWC000005q1sPYAQ,01tWC00000DD1loYAD,Structural Sanitization For SECURE Email Gateway-NewMaintenance,ES-SEG-RNM-SSSEGN,New Maintenance,true,01sa5000001vuxlAAA,Standard Price Book,USD,0,true
01uWC000005q1sVYAQ,01tWC00000DD1lqYAD,Structural Sanitization For SECURE Email Gateway-RenewalMaintenance,ES-SEG-RRM-SSSEGR,Renewal Maintenance,true,01sa5000001vuxlAAA,Standard Price Book,USD,0,true
01uWC000005q1sbYAA,01tWC00000DD1lsYAD,Structural Sanitization For SECURE Exchange Gateway-NewMaintenance,ES-SXG-RNM-SSSEXC,New Maintenance,true,01sa5000001vuxlAAA,Standard Price Book,USD,0,true
01uWC000005q1shYAA,01tWC00000DD1luYAD,Structural Sanitization For SECURE Exchange Gateway-RenewalMaintenance,ES-SXG-RRM-SSSEXR,Renewal Maintenance,true,01sa5000001vuxlAAA,Standard Price Book,USD,0,true
01uWC000005q1snYAA,01tWC00000DD1lwYAD,Structural Sanitization For SECURE ICAP Gateway-NewMaintenance,ES-SIG-RNM-SSSICA,New Maintenance,true,01sa5000001vuxlAAA,Standard Price Book,USD,0,true
01uWC000005q1stYAA,01tWC00000DD1lyYAD,Structural Sanitization For SECURE ICAP Gateway-RenewalMaintenance,ES-SIG-RRM-SSSIGR,Renewal Maintenance,true,01sa5000001vuxlAAA,Standard Price Book,USD,0,true
01uWC000005q1szYAA,01tWC00000DD1m0YAD,Structural Sanitization For SECURE ICAP Gateway Per Instance-NewMaintenance,ES-SIG-RNM-SSSICG,New Maintenance,true,01sa5000001vuxlAAA,Standard Price Book,USD,0,true
01uWC000005q1t1YAA,01tWC00000DD1m1YAD,Structural Sanitization For SECURE ICAP Gateway Per Instance-RenewalMaintenance,ES-SIG-RRM-SSSICR,Renewal Maintenance,true,01sa5000001vuxlAAA,Standard Price Book,USD,0,true
01uWC000005q27lYAA,01tWC00000DD19GYAT,CSV Converter-RenewalMaintenance,DM-IRC-RRM-CSVCRE,Renewal Maintenance,true,01sa5000001vuxlAAA,Standard Price Book,USD,0,true
01uWC000005q27rYAA,01tWC00000DD19LYAT,Custom Bundle-NewMaintenance,DM-DML-RNM-CUSTNE,New Maintenance,true,01sa5000001vuxlAAA,Standard Price Book,USD,0,true
01uWC000005q27xYAA,01tWC00000DD19NYAT,Custom Bundle-RenewalMaintenance,DM-DML-RRM-CUSTRE,Renewal Maintenance,true,01sa5000001vuxlAAA,Standard Price Book,USD,0,true
01uWC000005q28NYAQ,01tWC00000DD19YYAT,Data Acquisition-NewMaintenance,BI-SDW-RNM-DANM,New Maintenance,true,01sa5000001vuxlAAA,Standard Price Book,USD,0,true
01uWC000005q28TYAQ,01tWC00000DD19aYAD,Data Acquisition-RenewalMaintenance,BI-SDW-RRM-DARM,Renewal Maintenance,true,01sa5000001vuxlAAA,Standard Price Book,USD,0,true
01uWC000005q28ZYAQ,01tWC00000DD19cYAD,Data Classification-NewMaintenance,DP-DC-RNM-DCNM,New Maintenance,true,01sa5000001vuxlAAA,Standard Price Book,USD,0,true
01uWC000005q28fYAA,01tWC00000DD19eYAD,Data Classification-RenewalMaintenance,DP-DC-RRM-DCRM,Renewal Maintenance,true,01sa5000001vuxlAAA,Standard Price Book,USD,0,true
01uWC000005q28lYAA,01tWC00000DD19iYAD,Data Export/400 - Legacy-NewMaintenance,DM-EU-RNM-DE4LNM,New Maintenance,true,01sa5000001vuxlAAA,Standard Price Book,USD,0,true
01uWC000005q28rYAA,01tWC00000DD19kYAD,Data Export/400 - Legacy-RenewalMaintenance,DM-EU-RRM-DE4LRM,Renewal Maintenance,true,01sa5000001vuxlAAA,Standard Price Book,USD,0,true
01uWC000005q291YAA,01tWC00000DD1B0YAL,DealerTrack Bundle-NewMaintenance,DM-DOE-RNM-DTBNEW,New Maintenance,true,01sa5000001vuxlAAA,Standard Price Book,USD,0,true
01uWC000005q297YAA,01tWC00000DD1B2YAL,DealerTrack Bundle-RenewalMaintenance,DM-DOE-RRM-DTBREN,Renewal Maintenance,true,01sa5000001vuxlAAA,Standard Price Book,USD,0,true
01uWC000005q29DYAQ,01tWC00000DD1B3YAL,DeliverNow - Legacy-NewMaintenance,DM-DLN-RNM-DELILN,New Maintenance,true,01sa5000001vuxlAAA,Standard Price Book,USD,0,true
01uWC000005q2CXYAY,01tWC00000DD1B5YAL,DeliverNow - Legacy-RenewalMaintenance,DM-DLN-RRM-DELILR,Renewal Maintenance,true,01sa5000001vuxlAAA,Standard Price Book,USD,0,true
01uWC000005q2CdYAI,01tWC00000DD1B6YAL,DeliverNow-NewMaintenance,DM-DLN-RNM-DELINE,New Maintenance,true,01sa5000001vuxlAAA,Standard Price Book,USD,0,true
01uWC000005q2CjYAI,01tWC00000DD1B8YAL,DeliverNow-RenewalMaintenance,DM-DLN-RRM-DELIRE,Renewal Maintenance,true,01sa5000001vuxlAAA,Standard Price Book,USD,0,true
01uWC000005q2CpYAI,01tWC00000DD1BDYA1,Deployment Bundle-NewMaintenance,BI-DB-RNM-DEPLNE,New Maintenance,true,01sa5000001vuxlAAA,Standard Price Book,USD,0,true
01uWC000005q2CvYAI,01tWC00000DD1BFYA1,Deployment Bundle-RenewalMaintenance,BI-DB-RRM-DEPLRE,Renewal Maintenance,true,01sa5000001vuxlAAA,Standard Price Book,USD,0,true
01uWC000005q2D6YAI,01tWC00000DD1BIYA1,DetectIT-NewMaintenance,CS-DFT-RNM-DETENE,New Maintenance,true,01sa5000001vuxlAAA,Standard Price Book,USD,0,true
01uWC000005q2DCYAY,01tWC00000DD1BKYA1,DetectIT-RenewalMaintenance,CS-DFT-RRM-DETERE,Renewal Maintenance,true,01sa5000001vuxlAAA,Standard Price Book,USD,0,true
01uWC000005q2DKYAY,01tWC00000DD1BZYA1,Device Profiler Ev Non-Transferable Unlimited Use-NewMaintenance,FIM-FIM-RNM-DPENTU,New Maintenance,true,01sa5000001vuxlAAA,Standard Price Book,USD,0,true
01uWC000005q2DVYAY,01tWC00000DD1BhYAL,DG Management Console-NewMaintenance,DP-DLP-RNM-DGDMCN,New Maintenance,true,01sa5000001vuxlAAA,Standard Price Book,USD,0,true
01uWC000005q2DbYAI,01tWC00000DD1BjYAL,DG Management Console-RenewalMaintenance,DP-DLP-RRM-DGDMCR,Renewal Maintenance,true,01sa5000001vuxlAAA,Standard Price Book,USD,0,true
01uWC000005q2DhYAI,01tWC00000DD1BpYAL,DG VM-NewMaintenance,DP-DLP-RNM-DGDVMN,New Maintenance,true,01sa5000001vuxlAAA,Standard Price Book,USD,0,true
01uWC000005q2DnYAI,01tWC00000DD1BrYAL,DG VM-RenewalMaintenance,DP-DLP-RRM-DGDVMR,Renewal Maintenance,true,01sa5000001vuxlAAA,Standard Price Book,USD,0,true
01uWC000005q2DtYAI,01tWC00000DD1BuYAL,Digital Guardian Platinum-NewMaintenance,DP-DLP-RNM-DGPNM,New Maintenance,true,01sa5000001vuxlAAA,Standard Price Book,USD,0,true
01uWC000005q2DzYAI,01tWC00000DD1BwYAL,Digital Guardian Platinum-RenewalMaintenance,DP-DLP-RRM-DGPRM,Renewal Maintenance,true,01sa5000001vuxlAAA,Standard Price Book,USD,0,true
01uWC000005q2LGYAY,01tWC00000DD1y2YAD,WinSpool Web Report Server-RenewalMaintenance,DM-DML-RRM-WSWRSR,Renewal Maintenance,true,01sa5000001vuxlAAA,Standard Price Book,USD,0,true
01uWC000005q2LMYAY,01tWC00000DD1y3YAD,WinView-NewMaintenance,DM-DML-RNM-WINVNE,New Maintenance,true,01sa5000001vuxlAAA,Standard Price Book,USD,0,true
01uWC000005q2LSYAY,01tWC00000DD1y5YAD,WinView-RenewalMaintenance,DM-DML-RRM-WINVRE,Renewal Maintenance,true,01sa5000001vuxlAAA,Standard Price Book,USD,0,true
01uWC000005q2LcYAI,01tWC00000DD210YAD,CCM - EVAL-RenewalMaintenance,FIM-FIM-RRM-CCMEVRM,Renewal Maintenance,true,01sa5000001vuxlAAA,Standard Price Book,USD,0,true
01uWC000005q2LiYAI,01tWC00000DD211YAD,CCM - EVAL-NewMaintenance,FIM-FIM-RNM-CCMEVNM,New Maintenance,true,01sa5000001vuxlAAA,Standard Price Book,USD,0,true
01uWC000005q2LoYAI,01tWC00000DD212YAD,FORTRAVM - EVAL-RenewalMaintenance,FIM-FIM-RRM-FERM,Renewal Maintenance,true,01sa5000001vuxlAAA,Standard Price Book,USD,0,true
01uWC000005q2LuYAI,01tWC00000DD213YAD,FORTRAVM - EVAL-NewMaintenance,FIM-FIM-RNM-FENM,New Maintenance,true,01sa5000001vuxlAAA,Standard Price Book,USD,0,true
01uWC000005q2M0YAI,01tWC00000DD214YAD,Tripwire Connect Local-NewMaintenance,FIM-FIM-RNM-TCLNM,New Maintenance,true,01sa5000001vuxlAAA,Standard Price Book,USD,0,true
01uWC000005q2M6YAI,01tWC00000DD215YAD,Tripwire Industrial Appliance-RenewalMaintenance,FIM-FIM-RRM-TIARM,Renewal Maintenance,true,01sa5000001vuxlAAA,Standard Price Book,USD,0,true
01uWC000005q2MCYAY,01tWC00000DD216YAD,Tripwire Industrial Appliance-NewMaintenance,FIM-FIM-RNM-TIANM,New Maintenance,true,01sa5000001vuxlAAA,Standard Price Book,USD,0,true
01uWC000005q2PLYAY,01tWC00000DD1sjYAD,VMC - Visual Message Center Dashboards-RenewalMaintenance,SM-VMC-RRM-VVMM,Renewal Maintenance,true,01sa5000001vuxlAAA,Standard Price Book,USD,0,true
01uWC000005q2PWYAY,01tWC00000DD217YAD,Tripwire Manager - EVAL-RenewalMaintenance,FIM-FIM-RRM-TMERM,Renewal Maintenance,true,01sa5000001vuxlAAA,Standard Price Book,USD,0,true
01uWC000005q2PcYAI,01tWC00000DD218YAD,Tripwire Manager - EVAL-NewMaintenance,FIM-FIM-RNM-TMENM,New Maintenance,true,01sa5000001vuxlAAA,Standard Price Book,USD,0,true
01uWC000005q2PiYAI,01tWC00000DD219YAD,Tripwire for Server-SUL-Lic-RenewalMaintenance,FIM-FML-RRM-TSSLRM,Renewal Maintenance,true,01sa5000001vuxlAAA,Standard Price Book,USD,0,true
01uWC000005q2PoYAI,01tWC00000DD21AYAT,Tripwire for Server-SUL-Lic-NewMaintenance,FIM-FML-RNM-TSSLNM,New Maintenance,true,01sa5000001vuxlAAA,Standard Price Book,USD,0,true
01uWC000005q2PuYAI,01tWC00000DD21BYAT,Tripwire State Analyzer Upgrade-RenewalMaintenance,FIM-FML-RRM-TSAURM,Renewal Maintenance,true,01sa5000001vuxlAAA,Standard Price Book,USD,0,true
01uWC000005q2Q0YAI,01tWC00000DD21CYAT,Tripwire State Analyzer Upgrade-NewMaintenance,FIM-FML-RNM-TSAUNM,New Maintenance,true,01sa5000001vuxlAAA,Standard Price Book,USD,0,true
01uWC000005q2Q6YAI,01tWC00000DD21DYAT,Tripwire Log Center - EVAL-RenewalMaintenance,FIM-TLC-RRM-TLCERM,Renewal Maintenance,true,01sa5000001vuxlAAA,Standard Price Book,USD,0,true
01uWC000005q2QCYAY,01tWC00000DD21EYAT,Tripwire Log Center - EVAL-NewMaintenance,FIM-TLC-RNM-TLCENM,New Maintenance,true,01sa5000001vuxlAAA,Standard Price Book,USD,0,true
01uWC000005q2QIYAY,01tWC00000DD21FYAT,Tripwire Log Center for Desktops - EVAL-RenewalMaintenance,FIM-TLC-RRM-TLCDERM,Renewal Maintenance,true,01sa5000001vuxlAAA,Standard Price Book,USD,0,true
01uWC000005q2QOYAY,01tWC00000DD21GYAT,Tripwire Log Center for Desktops - EVAL-NewMaintenance,FIM-TLC-RNM-TLCDENM,New Maintenance,true,01sa5000001vuxlAAA,Standard Price Book,USD,0,true
01uWC000005q2QUYAY,01tWC00000DD21HYAT,Tripwire Log Center for File Systems - EVAL-RenewalMaintenance,FIM-TLC-RRM-TLCFSERM,Renewal Maintenance,true,01sa5000001vuxlAAA,Standard Price Book,USD,0,true
01uWC000005q2QaYAI,01tWC00000DD21IYAT,Tripwire Log Center for File Systems - EVAL-NewMaintenance,FIM-TLC-RNM-TLCFSENM,New Maintenance,true,01sa5000001vuxlAAA,Standard Price Book,USD,0,true
01uWC000005q2R3YAI,01tWC00000DD1slYAD,VMC - Visual Message Center Goals-NewMaintenance,SM-VMC-RNM-VMVI,New Maintenance,true,01sa5000001vuxlAAA,Standard Price Book,USD,0,true
01uWC000005q2R9YAI,01tWC00000DD1snYAD,VMC - Visual Message Center Goals-RenewalMaintenance,SM-VMC-RRM-VMCVI,Renewal Maintenance,true,01sa5000001vuxlAAA,Standard Price Book,USD,0,true
01uWC000005q2RFYAY,01tWC00000DD1spYAD,VMC - VMware Operations Agent-NewMaintenance,SM-VMC-RNM-VVOM,New Maintenance,true,01sa5000001vuxlAAA,Standard Price Book,USD,0,true
01uWC000005q2RLYAY,01tWC00000DD1srYAD,VMC - VMware Operations Agent-RenewalMaintenance,SM-VMC-RRM-VMVM,Renewal Maintenance,true,01sa5000001vuxlAAA,Standard Price Book,USD,0,true
01uWC000005q2RRYAY,01tWC00000DD1stYAD,VMC - VMware Security Agent-NewMaintenance,SM-VMC-RNM-VVSM,New Maintenance,true,01sa5000001vuxlAAA,Standard Price Book,USD,0,true
01uWC000005q2RXYAY,01tWC00000DD1svYAD,VMC - VMware Security Agent-RenewalMaintenance,SM-VMC-RRM-VMCVM,Renewal Maintenance,true,01sa5000001vuxlAAA,Standard Price Book,USD,0,true
01uWC000005q2RdYAI,01tWC00000DD1sxYAD,VMC - Web Availability & Response Time Agent-NewMaintenance,SM-VMC-RNM-VMCW,New Maintenance,true,01sa5000001vuxlAAA,Standard Price Book,USD,0,true
01uWC000005q2RjYAI,01tWC00000DD1szYAD,VMC - Web Availability & Response Time Agent-RenewalMaintenance,SM-VMC-RRM-VWAM,Renewal Maintenance,true,01sa5000001vuxlAAA,Standard Price Book,USD,0,true
01uWC000005q2RpYAI,01tWC00000DD1t1YAD,VMC - WebSphere Application Server Operations Agent-NewMaintenance,SM-VMC-RNM-VWSM,New Maintenance,true,01sa5000001vuxlAAA,Standard Price Book,USD,0,true
01uWC000005q2RyYAI,01tWC00000DD1u8YAD,Unisys - TeamQuest Harvest MCP-OTC-NewMaintenance,CM-TQU-RNM-UTQHMO,New Maintenance,true,01sa5000001vuxlAAA,Standard Price Book,USD,0,true
01uWC000005q2S4YAI,01tWC00000DD1uAYAT,Unisys - TeamQuest Harvest MCP-OTC-RenewalMaintenance,CM-TQU-RRM-UNITEA,Renewal Maintenance,true,01sa5000001vuxlAAA,Standard Price Book,USD,0,true
01uWC000005q2SAYAY,01tWC00000DD1uDYAT,Unisys - TeamQuest IACULL OS2200-OTC-NewMaintenance,CM-TQU-RNM-UTQIOO,New Maintenance,true,01sa5000001vuxlAAA,Standard Price Book,USD,0,true
01uWC000005q2SGYAY,01tWC00000DD1uFYAT,Unisys - TeamQuest IACULL OS2200-OTC-RenewalMaintenance,CM-TQU-RRM-UNISTQ,Renewal Maintenance,true,01sa5000001vuxlAAA,Standard Price Book,USD,0,true
01uWC000005q2SOYAY,01tWC00000DD1xeYAD,WinSpool Email Report Server-RenewalMaintenance,DM-DML-RRM-WSERSR,Renewal Maintenance,true,01sa5000001vuxlAAA,Standard Price Book,USD,0,true
01uWC000005q2SUYAY,01tWC00000DD1xfYAD,WinSpool Fax Report Server-NewMaintenance,DM-DML-RNM-WSFRSN,New Maintenance,true,01sa5000001vuxlAAA,Standard Price Book,USD,0,true
01uWC000005q2SaYAI,01tWC00000DD1xhYAD,WinSpool Fax Report Server-RenewalMaintenance,DM-DML-RRM-WSFRSR,Renewal Maintenance,true,01sa5000001vuxlAAA,Standard Price Book,USD,0,true
01uWC000005q2SgYAI,01tWC00000DD1xiYAD,WinSpool HTML Report Converter-NewMaintenance,DM-DML-RNM-WSHRCN,New Maintenance,true,01sa5000001vuxlAAA,Standard Price Book,USD,0,true
01uWC000005q2SmYAI,01tWC00000DD1xkYAD,WinSpool HTML Report Converter-RenewalMaintenance,DM-DML-RRM-WSHRCR,Renewal Maintenance,true,01sa5000001vuxlAAA,Standard Price Book,USD,0,true
01uWC000005q2SsYAI,01tWC00000DD1xlYAD,WinSpool Lotus Notes Report Server-NewMaintenance,DM-DML-RNM-WSLNRS,New Maintenance,true,01sa5000001vuxlAAA,Standard Price Book,USD,0,true
01uWC000005q2SyYAI,01tWC00000DD1xnYAD,WinSpool Lotus Notes Report Server-RenewalMaintenance,DM-DML-RRM-WSLM,Renewal Maintenance,true,01sa5000001vuxlAAA,Standard Price Book,USD,0,true
01uWC000005q2T4YAI,01tWC00000DD1xoYAD,WinSpool PCL to PDF Converter-NewMaintenance,DM-DML-RNM-WSPTPC,New Maintenance,true,01sa5000001vuxlAAA,Standard Price Book,USD,0,true
01uWC000005q2TAYAY,01tWC00000DD1xqYAD,WinSpool PCL to PDF Converter-RenewalMaintenance,DM-DML-RRM-WSPM,Renewal Maintenance,true,01sa5000001vuxlAAA,Standard Price Book,USD,0,true
01uWC000005q2TGYAY,01tWC00000DD1xrYAD,WinSpool PDF Report Converter-NewMaintenance,DM-DML-RNM-WSPRCN,New Maintenance,true,01sa5000001vuxlAAA,Standard Price Book,USD,0,true
01uWC000005q2TMYAY,01tWC00000DD1xtYAD,WinSpool PDF Report Converter-RenewalMaintenance,DM-DML-RRM-WSPRCR,Renewal Maintenance,true,01sa5000001vuxlAAA,Standard Price Book,USD,0,true
01uWC000005q2TSYAY,01tWC00000DD1xuYAD,WinSpool Postscript-NewMaintenance,DM-DML-RNM-WSPNM,New Maintenance,true,01sa5000001vuxlAAA,Standard Price Book,USD,0,true
01uWC000005q2TYYAY,01tWC00000DD1xwYAD,WinSpool Postscript-RenewalMaintenance,DM-DML-RRM-WSPRM,Renewal Maintenance,true,01sa5000001vuxlAAA,Standard Price Book,USD,0,true
01uWC000005q2TeYAI,01tWC00000DD1xxYAD,WinSpool RTF Report Converter-NewMaintenance,DM-DML-RNM-WSRRCN,New Maintenance,true,01sa5000001vuxlAAA,Standard Price Book,USD,0,true
01uWC000005q2TkYAI,01tWC00000DD1xzYAD,WinSpool RTF Report Converter-RenewalMaintenance,DM-DML-RRM-WSRRCR,Renewal Maintenance,true,01sa5000001vuxlAAA,Standard Price Book,USD,0,true
01uWC000005q2TqYAI,01tWC00000DD1y0YAD,WinSpool Web Report Server-NewMaintenance,DM-DML-RNM-WSWRSN,New Maintenance,true,01sa5000001vuxlAAA,Standard Price Book,USD,0,true
01uWC000005q2fUYAQ,01tWC00000DD1HTYA1,Enterprise Fax-NewMaintenance,DM-IRM-RNM-ENFA,New Maintenance,true,01sa5000001vuxlAAA,Standard Price Book,USD,0,true
01uWC000005q2kQYAQ,01tWC00000DD1HVYA1,Enterprise Fax-RenewalMaintenance,DM-IRM-RRM-ENTERF,Renewal Maintenance,true,01sa5000001vuxlAAA,Standard Price Book,USD,0,true
01uWC000005q2kWYAQ,01tWC00000DD1HaYAL,Enterprise Workflow - Legacy-NewMaintenance,DM-EW-RNM-EWLNM,New Maintenance,true,01sa5000001vuxlAAA,Standard Price Book,USD,0,true
01uWC000005q2kcYAA,01tWC00000DD1HcYAL,Enterprise Workflow - Legacy-RenewalMaintenance,DM-EW-RRM-EWLRM,Renewal Maintenance,true,01sa5000001vuxlAAA,Standard Price Book,USD,0,true
01uWC000005q2kiYAA,01tWC00000DD1HdYAL,Enterprise Workflow Lite - Legacy-NewMaintenance,DM-EW-RNM-EWLLNM,New Maintenance,true,01sa5000001vuxlAAA,Standard Price Book,USD,0,true
01uWC000005q2koYAA,01tWC00000DD1HfYAL,Enterprise Workflow Lite - Legacy-RenewalMaintenance,DM-EW-RRM-EWLLRM,Renewal Maintenance,true,01sa5000001vuxlAAA,Standard Price Book,USD,0,true
01uWC000005q2kuYAA,01tWC00000DD1HgYAL,Esend-NewMaintenance,BI-ESN-RNM-ESENNE,New Maintenance,true,01sa5000001vuxlAAA,Standard Price Book,USD,0,true
01uWC000005q2l0YAA,01tWC00000DD1HiYAL,Esend-RenewalMaintenance,BI-ESN-RRM-ESENRE,Renewal Maintenance,true,01sa5000001vuxlAAA,Standard Price Book,USD,0,true
01uWC000005q2l6YAA,01tWC00000DD1HmYAL,Exchange Capability Checker-NewMaintenance,DP-DCL-RNM-EXCHNM,New Maintenance,true,01sa5000001vuxlAAA,Standard Price Book,USD,0,true
01uWC000005q2lCYAQ,01tWC00000DD1HoYAL,Exchange Capability Checker-RenewalMaintenance,DP-DCL-RRM-EXCHFA,Renewal Maintenance,true,01sa5000001vuxlAAA,Standard Price Book,USD,0,true
01uWC000005q2lIYAQ,01tWC00000DD1HpYAL,Exchange Classifier-NewMaintenance,DP-DC-RNM-EXCHCN,New Maintenance,true,01sa5000001vuxlAAA,Standard Price Book,USD,0,true
01uWC000005q2lOYAQ,01tWC00000DD1HrYAL,Exchange Classifier-RenewalMaintenance,DP-DC-RRM-EXCHCR,Renewal Maintenance,true,01sa5000001vuxlAAA,Standard Price Book,USD,0,true
01uWC000005q2lUYAQ,01tWC00000DD1HsYAL,File Integrity Manager for Databases-NewMaintenance,FIM-FIM-RNM-FIMDNM,New Maintenance,true,01sa5000001vuxlAAA,Standard Price Book,USD,0,true
01uWC000005q2lbYAA,01tWC00000DD1HuYAL,File Integrity Manager for Databases-RenewalMaintenance,FIM-FIM-RRM-FIMDRM,Renewal Maintenance,true,01sa5000001vuxlAAA,Standard Price Book,USD,0,true
01uWC000005q2loYAA,01tWC00000DD1I0YAL,File Integrity Manager for Directory Services-NewMaintenance,FIM-FIM-RNM-FIMDSN,New Maintenance,true,01sa5000001vuxlAAA,Standard Price Book,USD,0,true
01uWC000005q2lvYAA,01tWC00000DD1I2YAL,File Integrity Manager for Directory Services-RenewalMaintenance,FIM-FIM-RRM-FIMDSR,Renewal Maintenance,true,01sa5000001vuxlAAA,Standard Price Book,USD,0,true
01uWC000005q2m8YAA,01tWC00000DD1I8YAL,File Integrity Manager for Large Stores (up to 75 FIM-FS)-NewMaintenance,FIM-FIM-RNM-FIMLSU,New Maintenance,true,01sa5000001vuxlAAA,Standard Price Book,USD,0,true
01uWC000005q2mFYAQ,01tWC00000DD1IAYA1,File Integrity Manager for Large Stores (up to 75 FIM-FS)-RenewalMaintenance,FIM-FIM-RRM-FIMLAS,Renewal Maintenance,true,01sa5000001vuxlAAA,Standard Price Book,USD,0,true
01uWC000005q2mfYAA,01tWC00000DD1IWYA1,File Integrity Manager for Small Stores (up to 5 FIM-FS)-NewMaintenance,FIM-FIM-RNM-FIMSSU,New Maintenance,true,01sa5000001vuxlAAA,Standard Price Book,USD,0,true
01uWC000005q2mxYAA,01tWC00000DD1IjYAL,FileCatalyst Central-NewMaintenance,GOA-FIL-RNM-FCCNM,New Maintenance,true,01sa5000001vuxlAAA,Standard Price Book,USD,0,true
01uWC000005q2n3YAA,01tWC00000DD1IlYAL,FileCatalyst Central-RenewalMaintenance,GOA-FIL-RRM-FCCRM,Renewal Maintenance,true,01sa5000001vuxlAAA,Standard Price Book,USD,0,true
01uWC000005q2n9YAA,01tWC00000DD1InYAL,FileCatalyst Central Additional Nodes-NewMaintenance,GOA-FIL-RNM-FCCANN,New Maintenance,true,01sa5000001vuxlAAA,Standard Price Book,USD,0,true
01uWC000005q2nFYAQ,01tWC00000DD1IpYAL,FileCatalyst Central Additional Nodes-RenewalMaintenance,GOA-FIL-RRM-FCCANR,Renewal Maintenance,true,01sa5000001vuxlAAA,Standard Price Book,USD,0,true
01uWC000005q2nLYAQ,01tWC00000DD1IuYAL,FileCatalyst Concurrent Connections-NewMaintenance,GOA-FIL-RNM-FCCCNM,New Maintenance,true,01sa5000001vuxlAAA,Standard Price Book,USD,0,true
01uWC000005q2tOYAQ,01tWC00000DD1fwYAD,Security KM Incidents-RenewalMaintenance,SM-VMC-RRM-SKIRM,Renewal Maintenance,true,01sa5000001vuxlAAA,Standard Price Book,USD,0,true
01uWC000005q2tUYAQ,01tWC00000DD1fyYAD,Security Knowledge Module-NewMaintenance,SM-VMC-RNM-SKMNM,New Maintenance,true,01sa5000001vuxlAAA,Standard Price Book,USD,0,true
01uWC000005q2taYAA,01tWC00000DD1g0YAD,Security Knowledge Module-RenewalMaintenance,SM-VMC-RRM-SKMRM,Renewal Maintenance,true,01sa5000001vuxlAAA,Standard Price Book,USD,0,true
01uWC000005q2toYAA,01tWC00000DD1hpYAD,Tripwire Enterprise for Directory Services-NewMaintenance,FIM-FIM-RNM-TEDSNM,New Maintenance,true,01sa5000001vuxlAAA,Standard Price Book,USD,0,true
01uWC000005q2tvYAA,01tWC00000DD1hrYAD,Tripwire Enterprise for Directory Services-RenewalMaintenance,FIM-FIM-RRM-TEDSRM,Renewal Maintenance,true,01sa5000001vuxlAAA,Standard Price Book,USD,0,true
01uWC000005q2u2YAA,01tWC00000DD1jZYAT,Sequel Data Warehouse-RenewalMaintenance,BI-SDW-RRM-SDWRM,Renewal Maintenance,true,01sa5000001vuxlAAA,Standard Price Book,USD,0,true
01uWC000005q2u5YAA,01tWC00000DD1c2YAD,Powertech Multi-Factor Authentication for IBM i-NewMaintenance,CS-PMF-RNM-PMFAII,New Maintenance,true,01sa5000001vuxlAAA,Standard Price Book,USD,0,true
01uWC000005q2uBYAQ,01tWC00000DD1c4YAD,Powertech Multi-Factor Authentication for IBM i-RenewalMaintenance,CS-PMF-RRM-PMFM,Renewal Maintenance,true,01sa5000001vuxlAAA,Standard Price Book,USD,0,true
01uWC000005q2uHYAQ,01tWC00000DD1c6YAD,Powertech Password Self Help for IBM i-NewMaintenance,CS-PPS-RNM-PPSHII,New Maintenance,true,01sa5000001vuxlAAA,Standard Price Book,USD,0,true
01uWC000005q2uPYAQ,01tWC00000DD1dcYAD,Safestone Password Self Help-RenewalMaintenance,CS-SPS-RRM-SPSHRM,Renewal Maintenance,true,01sa5000001vuxlAAA,Standard Price Book,USD,0,true
01uWC000005q2uVYAQ,01tWC00000DD1deYAD,Safestone Password Self Help Users-NewMaintenance,CS-SPS-RNM-SPSHUN,New Maintenance,true,01sa5000001vuxlAAA,Standard Price Book,USD,0,true
01uWC000005q2ubYAA,01tWC00000DD1dgYAD,Safestone Password Self Help Users-RenewalMaintenance,CS-SPS-RRM-SPSHUR,Renewal Maintenance,true,01sa5000001vuxlAAA,Standard Price Book,USD,0,true
01uWC000005q2uhYAA,01tWC00000DD1dlYAD,SAP Interface-NewMaintenance,SM-SAP-RNM-SAPINE,New Maintenance,true,01sa5000001vuxlAAA,Standard Price Book,USD,0,true
01uWC000005q2unYAA,01tWC00000DD1dnYAD,SAP Interface-RenewalMaintenance,SM-SAP-RRM-SAPIRE,Renewal Maintenance,true,01sa5000001vuxlAAA,Standard Price Book,USD,0,true
01uWC000005q2utYAA,01tWC00000DD1drYAD,Scan Workstation - Legacy-NewMaintenance,DM-WCU-RNM-SCANLN,New Maintenance,true,01sa5000001vuxlAAA,Standard Price Book,USD,0,true
01uWC000005q2uzYAA,01tWC00000DD1dtYAD,Scan Workstation - Legacy-RenewalMaintenance,DM-WCU-RRM-SCANLR,Renewal Maintenance,true,01sa5000001vuxlAAA,Standard Price Book,USD,0,true
01uWC000005q2v5YAA,01tWC00000DD1duYAD,Scan Workstation-NewMaintenance,DM-WCU-RNM-SCANNE,New Maintenance,true,01sa5000001vuxlAAA,Standard Price Book,USD,0,true
01uWC000005q2vBYAQ,01tWC00000DD1dwYAD,Scan Workstation-RenewalMaintenance,DM-WCU-RRM-SCANRE,Renewal Maintenance,true,01sa5000001vuxlAAA,Standard Price Book,USD,0,true
01uWC000005q2vRYAQ,01tWC00000DD1e5YAD,SECURE Email Gateway-NewMaintenance,ES-SEG-RNM-SECURE,New Maintenance,true,01sa5000001vuxlAAA,Standard Price Book,USD,0,true
01uWC000005q2vXYAQ,01tWC00000DD1e7YAD,SECURE Email Gateway-RenewalMaintenance,ES-SEG-RRM-SEGM,Renewal Maintenance,true,01sa5000001vuxlAAA,Standard Price Book,USD,0,true
01uWC000005q2vdYAA,01tWC00000DD1e9YAD,SECURE Email Gateway Advanced Security Package-NewMaintenance,ES-SEG-RNM-SEEM,New Maintenance,true,01sa5000001vuxlAAA,Standard Price Book,USD,0,true
01uWC000005q2vjYAA,01tWC00000DD1eBYAT,SECURE Email Gateway Advanced Security Package-RenewalMaintenance,ES-SEG-RRM-SERM,Renewal Maintenance,true,01sa5000001vuxlAAA,Standard Price Book,USD,0,true
01uWC000005q2vpYAA,01tWC00000DD1eDYAT,SECURE Email Gateway Elite Security Package-NewMaintenance,ES-SEG-RNM-SENM,New Maintenance,true,01sa5000001vuxlAAA,Standard Price Book,USD,0,true
01uWC000005q2vvYAA,01tWC00000DD1eFYAT,SECURE Email Gateway Elite Security Package-RenewalMaintenance,ES-SEG-RRM-SECEMA,Renewal Maintenance,true,01sa5000001vuxlAAA,Standard Price Book,USD,0,true
01uWC000005q2w1YAA,01tWC00000DD1eHYAT,SECURE Email Gateway Essential Security Package-NewMaintenance,ES-SEG-RNM-SEMAIL,New Maintenance,true,01sa5000001vuxlAAA,Standard Price Book,USD,0,true
01uWC000005q2w7YAA,01tWC00000DD1eJYAT,SECURE Email Gateway Essential Security Package-RenewalMaintenance,ES-SEG-RRM-SECEMG,Renewal Maintenance,true,01sa5000001vuxlAAA,Standard Price Book,USD,0,true
01uWC000005q2wDYAQ,01tWC00000DD1eLYAT,SECURE Exchange Gateway-NewMaintenance,ES-SXG-RNM-SEEX,New Maintenance,true,01sa5000001vuxlAAA,Standard Price Book,USD,0,true
01uWC000005q2wJYAQ,01tWC00000DD1eNYAT,SECURE Exchange Gateway-RenewalMaintenance,ES-SXG-RRM-SECEXC,Renewal Maintenance,true,01sa5000001vuxlAAA,Standard Price Book,USD,0,true
01uWC000005q2wPYAQ,01tWC00000DD1ePYAT,SECURE Exchange Gateway Advanced Security Package-NewMaintenance,ES-SXG-RNM-SEXCHA,New Maintenance,true,01sa5000001vuxlAAA,Standard Price Book,USD,0,true
01uWC000005q2wVYAQ,01tWC00000DD1eRYAT,SECURE Exchange Gateway Advanced Security Package-RenewalMaintenance,ES-SXG-RRM-SEEXCG,Renewal Maintenance,true,01sa5000001vuxlAAA,Standard Price Book,USD,0,true
01uWC000005q2wbYAA,01tWC00000DD1eTYAT,SECURE Exchange Gateway Elite Security Package-NewMaintenance,ES-SXG-RNM-SEXCGA,New Maintenance,true,01sa5000001vuxlAAA,Standard Price Book,USD,0,true
01uWC000005q2weYAA,01tWC00000DD1eVYAT,SECURE Exchange Gateway Elite Security Package-RenewalMaintenance,ES-SXG-RRM-SEEXGA,Renewal Maintenance,true,01sa5000001vuxlAAA,Standard Price Book,USD,0,true
01uWC000005q2wkYAA,01tWC00000DD1eXYAT,SECURE Exchange Gateway Essential Security Package-NewMaintenance,ES-SXG-RNM-SEEGAE,New Maintenance,true,01sa5000001vuxlAAA,Standard Price Book,USD,0,true
01uWC000005q2wqYAA,01tWC00000DD1eZYAT,SECURE Exchange Gateway Essential Security Package-RenewalMaintenance,ES-SXG-RRM-SEXGES,Renewal Maintenance,true,01sa5000001vuxlAAA,Standard Price Book,USD,0,true
01uWC000005q2x6YAA,01tWC00000DD1efYAD,SECURE ICAP Gateway-NewMaintenance,ES-SIG-RNM-SIGM,New Maintenance,true,01sa5000001vuxlAAA,Standard Price Book,USD,0,true
01uWC000005q2xCYAQ,01tWC00000DD1ehYAD,SECURE ICAP Gateway-RenewalMaintenance,ES-SIG-RRM-SEIC,Renewal Maintenance,true,01sa5000001vuxlAAA,Standard Price Book,USD,0,true
01uWC000005q2xMYAQ,01tWC00000DD1jbYAD,Sequel Data Warehouse (RODIN) Select License-NewMaintenance,BI-SDW-RNM-SDWRSL,New Maintenance,true,01sa5000001vuxlAAA,Standard Price Book,USD,0,true
01uWC000005q2xSYAQ,01tWC00000DD1jgYAD,Sequel Data Warehouse (RODIN) Select License-RenewalMaintenance,BI-SDW-RRM-SDWM,Renewal Maintenance,true,01sa5000001vuxlAAA,Standard Price Book,USD,0,true
01uWC000005q2xYYAQ,01tWC00000DD1jlYAD,SEQUEL Data Warehouse Bundle-NewMaintenance,BI-SDW-RNM-SEQUED,New Maintenance,true,01sa5000001vuxlAAA,Standard Price Book,USD,0,true
01uWC000005q2xeYAA,01tWC00000DD1jqYAD,SEQUEL Data Warehouse Bundle-RenewalMaintenance,BI-SDW-RRM-SEQUDA,Renewal Maintenance,true,01sa5000001vuxlAAA,Standard Price Book,USD,0,true
01uWC000005q2xkYAA,01tWC00000DD1jvYAD,SEQUEL FYI-NewMaintenance,BI-SL-RNM-SEFY,New Maintenance,true,01sa5000001vuxlAAA,Standard Price Book,USD,0,true
01uWC000005q2xqYAA,01tWC00000DD1jxYAD,SEQUEL FYI-RenewalMaintenance,BI-SL-RRM-SFRM,Renewal Maintenance,true,01sa5000001vuxlAAA,Standard Price Book,USD,0,true
01uWC000005q2xwYAA,01tWC00000DD1jyYAD,Sequel Repository Designer-NewMaintenance,BI-SQ-RNM-SRDNM,New Maintenance,true,01sa5000001vuxlAAA,Standard Price Book,USD,0,true
01uWC000005q2y2YAA,01tWC00000DD1k0YAD,Sequel Repository Designer-RenewalMaintenance,BI-SQ-RRM-SRDRM,Renewal Maintenance,true,01sa5000001vuxlAAA,Standard Price Book,USD,0,true
01uWC000005q2yDYAQ,01tWC00000DD1k7YAD,SEQUEL SMB Bundle-RenewalMaintenance,BI-SQ-RRM-SESM,Renewal Maintenance,true,01sa5000001vuxlAAA,Standard Price Book,USD,0,true
01uWC000005q2yJYAQ,01tWC00000DD1kAYAT,SEQUEL SMB Bundle Additional User-NewMaintenance,BI-SQ-RNM-SEQUSM,New Maintenance,true,01sa5000001vuxlAAA,Standard Price Book,USD,0,true
01uWC000005q2yPYAQ,01tWC00000DD1kCYAT,SEQUEL SMB Bundle Additional User-RenewalMaintenance,BI-SQ-RRM-SESMB,Renewal Maintenance,true,01sa5000001vuxlAAA,Standard Price Book,USD,0,true
01uWC000005q2yVYAQ,01tWC00000DD1kEYAT,SEQUEL SMB Bundle Included Users-NewMaintenance,BI-SQ-RNM-SEQUSB,New Maintenance,true,01sa5000001vuxlAAA,Standard Price Book,USD,0,true
01uWC000005q2ybYAA,01tWC00000DD1kGYAT,SEQUEL SMB Bundle Included Users-RenewalMaintenance,BI-SQ-RRM-SESMBB,Renewal Maintenance,true,01sa5000001vuxlAAA,Standard Price Book,USD,0,true
01uWC000005q2yhYAA,01tWC00000DD1kIYAT,SEQUEL Solution Bundle-NewMaintenance,BI-SQ-RNM-SESO,New Maintenance,true,01sa5000001vuxlAAA,Standard Price Book,USD,0,true
01uWC000005q2ynYAA,01tWC00000DD1kKYAT,SEQUEL Solution Bundle-RenewalMaintenance,BI-SQ-RRM-SEQSOL,Renewal Maintenance,true,01sa5000001vuxlAAA,Standard Price Book,USD,0,true
01uWC000005q2ytYAA,01tWC00000DD1kOYAT,SEQUEL Web Interface-NewMaintenance,BI-SWI-RNM-SWIM,New Maintenance,true,01sa5000001vuxlAAA,Standard Price Book,USD,0,true
01uWC000005q2yzYAA,01tWC00000DD1kQYAT,SEQUEL Web Interface-RenewalMaintenance,BI-SWI-RRM-SEQUEW,Renewal Maintenance,true,01sa5000001vuxlAAA,Standard Price Book,USD,0,true
01uWC000005q2zFYAQ,01tWC00000DD1keYAD,SharePoint Classifier-NewMaintenance,DP-DC-RNM-SHARCN,New Maintenance,true,01sa5000001vuxlAAA,Standard Price Book,USD,0,true
01uWC000005q2zLYAQ,01tWC00000DD1kgYAD,SharePoint Classifier-RenewalMaintenance,DP-DC-RRM-SHARCR,Renewal Maintenance,true,01sa5000001vuxlAAA,Standard Price Book,USD,0,true
01uWC000005q2zRYAQ,01tWC00000DD1kiYAD,SharePoint MDS-NewMaintenance,DP-DC-RNM-SHARMD,New Maintenance,true,01sa5000001vuxlAAA,Standard Price Book,USD,0,true
01uWC000005q3IFYAY,01tWC00000DD1UIYA1,PCL to PDF Converter-RenewalMaintenance,DM-IBM-RRM-PCLTRE,Renewal Maintenance,true,01sa5000001vuxlAAA,Standard Price Book,USD,0,true
01uWC000005q3JMYAY,01tWC00000DD1sRYAT,VMC - Universal Transaction Agent - 5 Script Runners-NewMaintenance,SM-VMC-RNM-VMCU,New Maintenance,true,01sa5000001vuxlAAA,Standard Price Book,USD,0,true
01uWC000005q3JSYAY,01tWC00000DD1sTYAT,VMC - Universal Transaction Agent - 5 Script Runners-RenewalMaintenance,SM-VMC-RRM-VUTM,Renewal Maintenance,true,01sa5000001vuxlAAA,Standard Price Book,USD,0,true
01uWC000005q3JYYAY,01tWC00000DD1sVYAT,VMC - Universal Transaction Agent - Additional Script Runners-NewMaintenance,SM-VMC-RNM-VMUN,New Maintenance,true,01sa5000001vuxlAAA,Standard Price Book,USD,0,true
01uWC000005q3JeYAI,01tWC00000DD1sXYAT,VMC - Universal Transaction Agent - Additional Script Runners-RenewalMaintenance,SM-VMC-RRM-VMCUN,Renewal Maintenance,true,01sa5000001vuxlAAA,Standard Price Book,USD,0,true
01uWC000005q3JkYAI,01tWC00000DD1sZYAT,VMC - Unix Operations Agent-NewMaintenance,SM-VMC-RNM-VUOM,New Maintenance,true,01sa5000001vuxlAAA,Standard Price Book,USD,0,true
01uWC000005q3JqYAI,01tWC00000DD1sbYAD,VMC - Unix Operations Agent-RenewalMaintenance,SM-VMC-RRM-VMCUNI,Renewal Maintenance,true,01sa5000001vuxlAAA,Standard Price Book,USD,0,true
01uWC000005q3JxYAI,01tWC00000DD1UKYA1,PDF Converter-NewMaintenance,DM-IRC-RNM-PDFCNM,New Maintenance,true,01sa5000001vuxlAAA,Standard Price Book,USD,0,true
01uWC000005q3K3YAI,01tWC00000DD1UMYA1,PDF Converter-RenewalMaintenance,DM-IRC-RRM-PDFCRM,Renewal Maintenance,true,01sa5000001vuxlAAA,Standard Price Book,USD,0,true
01uWC000005q3K9YAI,01tWC00000DD1UOYA1,PDF Splitter-NewMaintenance,DM-PCR-RNM-PDFSNM,New Maintenance,true,01sa5000001vuxlAAA,Standard Price Book,USD,0,true
01uWC000005q3KFYAY,01tWC00000DD1UQYA1,PDF Splitter-RenewalMaintenance,DM-PCR-RRM-PDFSRM,Renewal Maintenance,true,01sa5000001vuxlAAA,Standard Price Book,USD,0,true
01uWC000005q3KLYAY,01tWC00000DD1USYA1,PeekPlus-NewMaintenance,SM-PKP-RNM-PEEKNE,New Maintenance,true,01sa5000001vuxlAAA,Standard Price Book,USD,0,true
01uWC000005q3KRYAY,01tWC00000DD1UUYA1,PeekPlus-RenewalMaintenance,SM-PKP-RRM-PEEKRE,Renewal Maintenance,true,01sa5000001vuxlAAA,Standard Price Book,USD,0,true
01uWC000005q3KXYAY,01tWC00000DD1UWYA1,Perf Analyzer GUI-NewMaintenance,SM-PFA-RNM-PAGNEW,New Maintenance,true,01sa5000001vuxlAAA,Standard Price Book,USD,0,true
01uWC000005q3KdYAI,01tWC00000DD1UYYA1,Perf Analyzer GUI-RenewalMaintenance,SM-PFA-RRM-PAGREN,Renewal Maintenance,true,01sa5000001vuxlAAA,Standard Price Book,USD,0,true
01uWC000005q3KjYAI,01tWC00000DD1UaYAL,Performance Analyzer-NewMaintenance,SM-PFA-RNM-PANM,New Maintenance,true,01sa5000001vuxlAAA,Standard Price Book,USD,0,true
01uWC000005q3KpYAI,01tWC00000DD1UcYAL,Performance Analyzer-RenewalMaintenance,SM-PFA-RRM-PARM,Renewal Maintenance,true,01sa5000001vuxlAAA,Standard Price Book,USD,0,true
01uWC000005q3KvYAI,01tWC00000DD1UeYAL,Performance Monitor-NewMaintenance,SM-SYM-RNM-PMNM,New Maintenance,true,01sa5000001vuxlAAA,Standard Price Book,USD,0,true
01uWC000005q3L1YAI,01tWC00000DD1UgYAL,Performance Monitor-RenewalMaintenance,SM-SYM-RRM-PMRM,Renewal Maintenance,true,01sa5000001vuxlAAA,Standard Price Book,USD,0,true
01uWC000005q3L7YAI,01tWC00000DD1UiYAL,Performance Navigator-NewMaintenance,SM-PN-RNM-PNNM,New Maintenance,true,01sa5000001vuxlAAA,Standard Price Book,USD,0,true
01uWC000005q3LDYAY,01tWC00000DD1UkYAL,Performance Navigator-RenewalMaintenance,SM-PN-RRM-PNRM,Renewal Maintenance,true,01sa5000001vuxlAAA,Standard Price Book,USD,0,true
01uWC000005q3LJYAY,01tWC00000DD1UmYAL,Performance Navigator for IBM i-NewMaintenance,SM-PN-RNM-PNIINM,New Maintenance,true,01sa5000001vuxlAAA,Standard Price Book,USD,0,true
01uWC000005q3LPYAY,01tWC00000DD1UnYAL,Performance Navigator for IBM i-RenewalMaintenance,SM-PN-RRM-PNIIRM,Renewal Maintenance,true,01sa5000001vuxlAAA,Standard Price Book,USD,0,true
01uWC000005q3LfYAI,01tWC00000DD1V0YAL,PMPlus OS2200-1-Year-Tier10-Mainframe-NewMaintenance,CM-TQO-RNM-PO1YNE,New Maintenance,true,01sa5000001vuxlAAA,Standard Price Book,USD,0,true
01uWC000005q3LlYAI,01tWC00000DD1V2YAL,PMPlus OS2200-1-Year-Tier10-Mainframe-RenewalMaintenance,CM-TQO-RRM-PO1YRE,Renewal Maintenance,true,01sa5000001vuxlAAA,Standard Price Book,USD,0,true
01uWC000005q3M3YAI,01tWC00000DD1WnYAL,QMessage Monitor-NewMaintenance,SM-QMM-RNM-QMESNE,New Maintenance,true,01sa5000001vuxlAAA,Standard Price Book,USD,0,true
01uWC000005q3M9YAI,01tWC00000DD1WpYAL,QMessage Monitor-RenewalMaintenance,SM-QMM-RRM-QMESRE,Renewal Maintenance,true,01sa5000001vuxlAAA,Standard Price Book,USD,0,true
01uWC000005q3MFYAY,01tWC00000DD1WrYAL,QRemote Control-NewMaintenance,SM-QRC-RNM-QREMNE,New Maintenance,true,01sa5000001vuxlAAA,Standard Price Book,USD,0,true
01uWC000005q3MLYAY,01tWC00000DD1WtYAL,QRemote Control-RenewalMaintenance,SM-QRC-RRM-QREMRE,Renewal Maintenance,true,01sa5000001vuxlAAA,Standard Price Book,USD,0,true
01uWC000005q3MRYAY,01tWC00000DD1WvYAL,QSystem Monitor-NewMaintenance,SM-QSM-RNM-QSYSNE,New Maintenance,true,01sa5000001vuxlAAA,Standard Price Book,USD,0,true
01uWC000005q3MXYAY,01tWC00000DD1WxYAL,QSystem Monitor-RenewalMaintenance,SM-QSM-RRM-QSYSRE,Renewal Maintenance,true,01sa5000001vuxlAAA,Standard Price Book,USD,0,true
01uWC000005q3MdYAI,01tWC00000DD1WzYAL,Query & Report Writer-NewMaintenance,BI-QRW-RNM-QRWNEW,New Maintenance,true,01sa5000001vuxlAAA,Standard Price Book,USD,0,true
01uWC000005q3MjYAI,01tWC00000DD1X1YAL,Query & Report Writer-RenewalMaintenance,BI-QRW-RRM-QRWREN,Renewal Maintenance,true,01sa5000001vuxlAAA,Standard Price Book,USD,0,true
01uWC000005q3MpYAI,01tWC00000DD1X4YAL,RAW Report Converter-NewMaintenance,DM-IRC-RNM-RAWRNE,New Maintenance,true,01sa5000001vuxlAAA,Standard Price Book,USD,0,true
01uWC000005q3MvYAI,01tWC00000DD1X6YAL,RAW Report Converter-RenewalMaintenance,DM-IRC-RRM-RAWRRE,Renewal Maintenance,true,01sa5000001vuxlAAA,Standard Price Book,USD,0,true
01uWC000005q3N1YAI,01tWC00000DD1X9YAL,Record and Playback-NewMaintenance,SM-RAP-RNM-RECONE,New Maintenance,true,01sa5000001vuxlAAA,Standard Price Book,USD,0,true
01uWC000005q3N7YAI,01tWC00000DD1sdYAD,VMC - Unix Security Agent-NewMaintenance,SM-VMC-RNM-VUSM,New Maintenance,true,01sa5000001vuxlAAA,Standard Price Book,USD,0,true
01uWC000005q3NDYAY,01tWC00000DD1sfYAD,VMC - Unix Security Agent-RenewalMaintenance,SM-VMC-RRM-VMUNIX,Renewal Maintenance,true,01sa5000001vuxlAAA,Standard Price Book,USD,0,true
01uWC000005q3NJYAY,01tWC00000DD1shYAD,VMC - Visual Message Center Dashboards-NewMaintenance,SM-VMC-RNM-VMCV,New Maintenance,true,01sa5000001vuxlAAA,Standard Price Book,USD,0,true
01uWC000005q3bbYAA,01tWC00000DD1K4YAL,"Fortra DCS ""Advance"" ULTRA Package-NewMaintenance",DP-DC-RNM-FDUPN,New Maintenance,true,01sa5000001vuxlAAA,Standard Price Book,USD,0,true
01uWC000005q3bhYAA,01tWC00000DD1K7YAL,"Fortra DCS ""Advance"" ULTRA Package-RenewalMaintenance",DP-DC-RRM-FDUPR,Renewal Maintenance,true,01sa5000001vuxlAAA,Standard Price Book,USD,0,true
01uWC000005q3bnYAA,01tWC00000DD1KBYA1,"Fortra DCS ""Plus"" ULTRA Package-NewMaintenance",DP-DC-RNM-FDPUPN,New Maintenance,true,01sa5000001vuxlAAA,Standard Price Book,USD,0,true
01uWC000005q3btYAA,01tWC00000DD1KEYA1,"Fortra DCS ""Plus"" ULTRA Package-RenewalMaintenance",DP-DC-RRM-FDPUPR,Renewal Maintenance,true,01sa5000001vuxlAAA,Standard Price Book,USD,0,true
01uWC000005q3bzYAA,01tWC00000DD1KHYA1,Fortra DCS Advanced Package-NewMaintenance,DP-DC-RNM-FDAPNM,New Maintenance,true,01sa5000001vuxlAAA,Standard Price Book,USD,0,true
01uWC000005q3c5YAA,01tWC00000DD1KJYA1,Fortra DCS Advanced Package-RenewalMaintenance,DP-DC-RRM-FDAPRM,Renewal Maintenance,true,01sa5000001vuxlAAA,Standard Price Book,USD,0,true
01uWC000005q3cBYAQ,01tWC00000DD1KKYA1,Fortra DCS Essential Package-NewMaintenance,DP-DC-RNM-FDEPNM,New Maintenance,true,01sa5000001vuxlAAA,Standard Price Book,USD,0,true
01uWC000005q3cHYAQ,01tWC00000DD1KMYA1,Fortra DCS Essential Package-RenewalMaintenance,DP-DC-RRM-FDEPRM,Renewal Maintenance,true,01sa5000001vuxlAAA,Standard Price Book,USD,0,true
01uWC000005q3cNYAQ,01tWC00000DD1KOYA1,Fortra DCS ESSENTIALS ULTRA PACKAGE-NewMaintenance,DP-DC-RNM-FDEUPN,New Maintenance,true,01sa5000001vuxlAAA,Standard Price Book,USD,0,true
01uWC000005q3cTYAQ,01tWC00000DD1KQYA1,Fortra DCS ESSENTIALS ULTRA PACKAGE-RenewalMaintenance,DP-DC-RRM-FDEUPR,Renewal Maintenance,true,01sa5000001vuxlAAA,Standard Price Book,USD,0,true
01uWC000005q3cZYAQ,01tWC00000DD1KSYA1,Fortra DCS for DaR (Data at rest) with DCS INTELLIGENT PROTECTION-NewMaintenance,DP-DC-RNM-FDDRDA,New Maintenance,true,01sa5000001vuxlAAA,Standard Price Book,USD,0,true
01uWC000005q3ccYAA,01tWC00000DD1KVYA1,Fortra DCS for DaR (Data at rest) with DCS INTELLIGENT PROTECTION-RenewalMaintenance,DP-DC-RRM-FDDM,Renewal Maintenance,true,01sa5000001vuxlAAA,Standard Price Book,USD,0,true
01uWC000005q3ciYAA,01tWC00000DD1KYYA1,Fortra DCS for Data at Rest-NewMaintenance,DP-DC-RNM-FDDARN,New Maintenance,true,01sa5000001vuxlAAA,Standard Price Book,USD,0,true
01uWC000005q3coYAA,01tWC00000DD1KaYAL,Fortra DCS for Data at Rest-RenewalMaintenance,DP-DC-RRM-FDDARR,Renewal Maintenance,true,01sa5000001vuxlAAA,Standard Price Book,USD,0,true
01uWC000005q3cuYAA,01tWC00000DD1KbYAL,Fortra Mail for iOS-NewMaintenance,DP-DC-RNM-FMIONM,New Maintenance,true,01sa5000001vuxlAAA,Standard Price Book,USD,0,true
01uWC000005q3d0YAA,01tWC00000DD1KdYAL,Fortra Mail for iOS-RenewalMaintenance,DP-DC-RRM-FMIORM,Renewal Maintenance,true,01sa5000001vuxlAAA,Standard Price Book,USD,0,true
01uWC000005q3d6YAA,01tWC00000DD1LVYA1,FTP/400-NewMaintenance,DM-DML-RNM-FTP4,New Maintenance,true,01sa5000001vuxlAAA,Standard Price Book,USD,0,true
01uWC000005q3dCYAQ,01tWC00000DD1LXYA1,FTP/400-RenewalMaintenance,DM-DML-RRM-F4RM,Renewal Maintenance,true,01sa5000001vuxlAAA,Standard Price Book,USD,0,true
01uWC000005q3dIYAQ,01tWC00000DD1LYYA1,FTP/400 Remote Comma-NewMaintenance,DM-DML-RNM-FT40,New Maintenance,true,01sa5000001vuxlAAA,Standard Price Book,USD,0,true
01uWC000005q3dOYAQ,01tWC00000DD1LaYAL,FTP/400 Remote Comma-RenewalMaintenance,DM-DML-RRM-FTRM,Renewal Maintenance,true,01sa5000001vuxlAAA,Standard Price Book,USD,0,true
01uWC000005q3deYAA,01tWC00000DD1LfYAL,Gannett Suite-NewMaintenance,SM-HCS-RNM-GANNNE,New Maintenance,true,01sa5000001vuxlAAA,Standard Price Book,USD,0,true
01uWC000005q3dkYAA,01tWC00000DD1LhYAL,Gannett Suite-RenewalMaintenance,SM-HCS-RRM-GANNRE,Renewal Maintenance,true,01sa5000001vuxlAAA,Standard Price Book,USD,0,true
01uWC000005q3e0YAA,01tWC00000DD1LnYAL,GoAnywhere Accelerated File Transfer-NewMaintenance,GOA-GAM-RNM-GAAFTN,New Maintenance,true,01sa5000001vuxlAAA,Standard Price Book,USD,0,true
01uWC000005q3e6YAA,01tWC00000DD1LpYAL,GoAnywhere Accelerated File Transfer-RenewalMaintenance,GOA-GAM-RRM-GAAFTR,Renewal Maintenance,true,01sa5000001vuxlAAA,Standard Price Book,USD,0,true
01uWC000005q3eCYAQ,01tWC00000DD1LrYAL,GoAnywhere Accelerated File Transfer Per Gbps-NewMaintenance,GOA-GAM-RNM-GOANYW,New Maintenance,true,01sa5000001vuxlAAA,Standard Price Book,USD,0,true
01uWC000005q3eIYAQ,01tWC00000DD1LtYAL,GoAnywhere Accelerated File Transfer Per Gbps-RenewalMaintenance,GOA-GAM-RRM-GAAM,Renewal Maintenance,true,01sa5000001vuxlAAA,Standard Price Book,USD,0,true
01uWC000005q3eTYAQ,01tWC00000DD1NDYA1,GoAnywhere FTP Client & Server-RenewalMaintenance,GOA-GAM-RRM-GAFCSR,Renewal Maintenance,true,01sa5000001vuxlAAA,Standard Price Book,USD,0,true
01uWC000005q3eZYAQ,01tWC00000DD1NFYA1,GoAnywhere FTPS Server-NewMaintenance,GOA-GAM-RNM-GAFSNM,New Maintenance,true,01sa5000001vuxlAAA,Standard Price Book,USD,0,true
01uWC000005q3efYAA,01tWC00000DD1NHYA1,GoAnywhere FTPS Server-RenewalMaintenance,GOA-GAM-RRM-GAFSRM,Renewal Maintenance,true,01sa5000001vuxlAAA,Standard Price Book,USD,0,true
01uWC000005q3elYAA,01tWC00000DD1NJYA1,GoAnywhere Gateway-NewMaintenance,GOA-GAM-RNM-GAGNM,New Maintenance,true,01sa5000001vuxlAAA,Standard Price Book,USD,0,true
01uWC000005q3nqYAA,01tWC00000DD1FbYAL,EFT MTC-NewMaintenance,GS-GSE-RNM-EFTM,New Maintenance,true,01sa5000001vuxlAAA,Standard Price Book,USD,0,true
01uWC000005q3zoYAA,01tWC00000DD1PcYAL,"HMM, HEP, HPM-NewMaintenance",SM-SYM-RNM-HHHNEW,New Maintenance,true,01sa5000001vuxlAAA,Standard Price Book,USD,0,true
01uWC000005q438YAA,01tWC00000DD1PeYAL,"HMM, HEP, HPM-RenewalMaintenance",SM-SYM-RRM-HHHREN,Renewal Maintenance,true,01sa5000001vuxlAAA,Standard Price Book,USD,0,true
01uWC000005q43EYAQ,01tWC00000DD1PqYAL,HTML Report Converter-NewMaintenance,DM-IRC-RNM-HTMLNE,New Maintenance,true,01sa5000001vuxlAAA,Standard Price Book,USD,0,true
01uWC000005q43KYAQ,01tWC00000DD1PsYAL,HTML Report Converter-RenewalMaintenance,DM-IRC-RRM-HTMLRE,Renewal Maintenance,true,01sa5000001vuxlAAA,Standard Price Book,USD,0,true
01uWC000005q43QYAQ,01tWC00000DD1PuYAL,HTTPS Feature for SECURE Web Gateway-NewMaintenance,ES-SWG-RNM-HTTPSF,New Maintenance,true,01sa5000001vuxlAAA,Standard Price Book,USD,0,true
01uWC000005q43WYAQ,01tWC00000DD1PwYAL,HTTPS Feature for SECURE Web Gateway-RenewalMaintenance,ES-SWG-RRM-HFSM,Renewal Maintenance,true,01sa5000001vuxlAAA,Standard Price Book,USD,0,true
01uWC000005q43mYAA,01tWC00000DD1Q5YAL,iEncrypt-NewMaintenance,DM-IBM-RNM-IENCNE,New Maintenance,true,01sa5000001vuxlAAA,Standard Price Book,USD,0,true
01uWC000005q43sYAA,01tWC00000DD1Q7YAL,iEncrypt-RenewalMaintenance,DM-IBM-RRM-IENCRE,Renewal Maintenance,true,01sa5000001vuxlAAA,Standard Price Book,USD,0,true
01uWC000005q43yYAA,01tWC00000DD1Q9YAL,IFDS Suite-NewMaintenance,SM-HCS-RNM-IFDSNE,New Maintenance,true,01sa5000001vuxlAAA,Standard Price Book,USD,0,true
01uWC000005q444YAA,01tWC00000DD1QBYA1,IFDS Suite-RenewalMaintenance,SM-HCS-RRM-IFDSRE,Renewal Maintenance,true,01sa5000001vuxlAAA,Standard Price Book,USD,0,true
01uWC000005q44AYAQ,01tWC00000DD1QCYA1,iForms-NewMaintenance,DM-IFO-RNM-IFORNE,New Maintenance,true,01sa5000001vuxlAAA,Standard Price Book,USD,0,true
01uWC000005q44GYAQ,01tWC00000DD1QFYA1,LPAR-NewMaintenance,SM-RLP-RNM-LPARNE,New Maintenance,true,01sa5000001vuxlAAA,Standard Price Book,USD,0,true
01uWC000005q44OYAQ,01tWC00000DD1RPYA1,Mizuno Suite-RenewalMaintenance,SM-HCS-RRM-MIZURE,Renewal Maintenance,true,01sa5000001vuxlAAA,Standard Price Book,USD,0,true
01uWC000005q44UYAQ,01tWC00000DD1RRYA1,Mobile Classifier-NewMaintenance,DP-DC-RNM-MOBICN,New Maintenance,true,01sa5000001vuxlAAA,Standard Price Book,USD,0,true
01uWC000005q44aYAA,01tWC00000DD1RTYA1,Mobile Classifier-RenewalMaintenance,DP-DC-RRM-MOBICR,Renewal Maintenance,true,01sa5000001vuxlAAA,Standard Price Book,USD,0,true
01uWC000005q44gYAA,01tWC00000DD1RWYA1,Monitor-NewMaintenance,SM-ROM-RNM-MONINE,New Maintenance,true,01sa5000001vuxlAAA,Standard Price Book,USD,0,true
01uWC000005q44mYAA,01tWC00000DD1RYYA1,Monitor-RenewalMaintenance,SM-ROM-RRM-MONIRE,Renewal Maintenance,true,01sa5000001vuxlAAA,Standard Price Book,USD,0,true
01uWC000005q44sYAA,01tWC00000DD1RbYAL,MQ Manager-NewMaintenance,SM-MQM-RNM-MQMNEW,New Maintenance,true,01sa5000001vuxlAAA,Standard Price Book,USD,0,true
01uWC000005q44yYAA,01tWC00000DD1RdYAL,MQ Manager-RenewalMaintenance,SM-MQM-RRM-MQMREN,Renewal Maintenance,true,01sa5000001vuxlAAA,Standard Price Book,USD,0,true
01uWC000005q45EYAQ,01tWC00000DD1RkYAL,Multiple System Administrator-NewMaintenance,CS-DFT-RNM-MSANEW,New Maintenance,true,01sa5000001vuxlAAA,Standard Price Book,USD,0,true
01uWC000005q45KYAQ,01tWC00000DD1RmYAL,Multiple System Administrator-RenewalMaintenance,CS-DFT-RRM-MSAREN,Renewal Maintenance,true,01sa5000001vuxlAAA,Standard Price Book,USD,0,true
01uWC000005q45QYAQ,01tWC00000DD1RpYAL,Native AFP to PDF Report-NewMaintenance,DM-DML-RNM-NATPRN,New Maintenance,true,01sa5000001vuxlAAA,Standard Price Book,USD,0,true
01uWC000005q45WYAQ,01tWC00000DD1TRYA1,OCR Feature For SECURE ICAP Gateway-NewMaintenance,ES-SIG-RNM-OCRFE,New Maintenance,true,01sa5000001vuxlAAA,Standard Price Book,USD,0,true
01uWC000005q45cYAA,01tWC00000DD1TTYA1,OCR Feature For SECURE ICAP Gateway-RenewalMaintenance,ES-SIG-RRM-OCFEAT,Renewal Maintenance,true,01sa5000001vuxlAAA,Standard Price Book,USD,0,true
01uWC000005q45iYAA,01tWC00000DD1TVYA1,OCR Feature For SECURE Web Gateway-NewMaintenance,ES-SWG-RNM-OCRFS,New Maintenance,true,01sa5000001vuxlAAA,Standard Price Book,USD,0,true
01uWC000005q45oYAA,01tWC00000DD1TXYA1,OCR Feature For SECURE Web Gateway-RenewalMaintenance,ES-SWG-RRM-OCRFSE,Renewal Maintenance,true,01sa5000001vuxlAAA,Standard Price Book,USD,0,true
01uWC000005q45uYAA,01tWC00000DD1TZYA1,OCR For SECURE ICAP Gateway Per Instance-NewMaintenance,ES-SIG-RNM-OCRS,New Maintenance,true,01sa5000001vuxlAAA,Standard Price Book,USD,0,true
01uWC000005q460YAA,01tWC00000DD1TbYAL,OCR For SECURE ICAP Gateway Per Instance-RenewalMaintenance,ES-SIG-RRM-OSIM,Renewal Maintenance,true,01sa5000001vuxlAAA,Standard Price Book,USD,0,true
01uWC000005q466YAA,01tWC00000DD1TnYAL,ORG PERP SECURE Email Gateway-NewMaintenance,ES-SEG-RNM-ORGPNE,New Maintenance,true,01sa5000001vuxlAAA,Standard Price Book,USD,0,true
01uWC000005q46CYAQ,01tWC00000DD1TpYAL,ORG PERP SECURE Email Gateway-RenewalMaintenance,ES-SEG-RRM-ORGPRE,Renewal Maintenance,true,01sa5000001vuxlAAA,Standard Price Book,USD,0,true
01uWC000005q49TYAQ,01tWC00000DD1beYAD,Powertech Encryption for IBM i (Backup Encryption Module)-RenewalMaintenance,CS-PEI-RRM-POWERE,Renewal Maintenance,true,01sa5000001vuxlAAA,Standard Price Book,USD,0,true
01uWC000005q4CLYAY,01tWC00000DD1fNYAT,SECURE Web Gateway Essential Security Package-NewMaintenance,ES-SWG-RNM-SEWEBG,New Maintenance,true,01sa5000001vuxlAAA,Standard Price Book,USD,0,true
01uWC000005q4CRYAY,01tWC00000DD1fPYAT,SECURE Web Gateway Essential Security Package-RenewalMaintenance,ES-SWG-RRM-SWEBGA,Renewal Maintenance,true,01sa5000001vuxlAAA,Standard Price Book,USD,0,true
01uWC000005q4CXYAY,01tWC00000DD1fRYAT,SecureReset-NewMaintenance,IGA-AAS-RNM-SECUNE,New Maintenance,true,01sa5000001vuxlAAA,Standard Price Book,USD,0,true
01uWC000005q4CdYAI,01tWC00000DD1fTYAT,SecureReset-RenewalMaintenance,IGA-AAS-RRM-SECURM,Renewal Maintenance,true,01sa5000001vuxlAAA,Standard Price Book,USD,0,true
01uWC000005q4CnYAI,01tWC00000DD1bgYAD,Powertech Encryption for IBM i (Field Encryption Module)-NewMaintenance,CS-PEI-RNM-PEIIFE,New Maintenance,true,01sa5000001vuxlAAA,Standard Price Book,USD,0,true
01uWC000005q4CtYAI,01tWC00000DD1biYAD,Powertech Encryption for IBM i (Field Encryption Module)-RenewalMaintenance,CS-PEI-RRM-POWEEN,Renewal Maintenance,true,01sa5000001vuxlAAA,Standard Price Book,USD,0,true
01uWC000005q4CzYAI,01tWC00000DD1bkYAD,Powertech Event Manager-NewMaintenance,CS-PEM-RNM-PEMNM,New Maintenance,true,01sa5000001vuxlAAA,Standard Price Book,USD,0,true
01uWC000005q4D5YAI,01tWC00000DD1bmYAD,Powertech Event Manager-RenewalMaintenance,CS-PEM-RRM-PEMRM,Renewal Maintenance,true,01sa5000001vuxlAAA,Standard Price Book,USD,0,true
01uWC000005q4DBYAY,01tWC00000DD1boYAD,Powertech Exit Point Manager for IBM i-NewMaintenance,CS-PEP-RNM-PEPMII,New Maintenance,true,01sa5000001vuxlAAA,Standard Price Book,USD,0,true
01uWC000005q4DHYAY,01tWC00000DD1bqYAD,Powertech Exit Point Manager for IBM i-RenewalMaintenance,CS-PEP-RRM-PEPM,Renewal Maintenance,true,01sa5000001vuxlAAA,Standard Price Book,USD,0,true
01uWC000005q4DZYAY,01tWC00000DD1byYAD,Powertech Identity Manager for IBM i-NewMaintenance,CS-PIM-RNM-PIMIIN,New Maintenance,true,01sa5000001vuxlAAA,Standard Price Book,USD,0,true
01uWC000005q4DfYAI,01tWC00000DD1c0YAD,Powertech Identity Manager for IBM i-RenewalMaintenance,CS-PIM-RRM-PIMIIR,Renewal Maintenance,true,01sa5000001vuxlAAA,Standard Price Book,USD,0,true
01uWC000005q4DqYAI,01tWC00000DD1ejYAD,SECURE ICAP Gateway Advanced Security Package Per Instance-NewMaintenance,ES-SIG-RNM-SECURI,New Maintenance,true,01sa5000001vuxlAAA,Standard Price Book,USD,0,true
01uWC000005q4DwYAI,01tWC00000DD1elYAD,SECURE ICAP Gateway Advanced Security Package Per Instance-RenewalMaintenance,ES-SIG-RRM-SECUIC,Renewal Maintenance,true,01sa5000001vuxlAAA,Standard Price Book,USD,0,true
01uWC000005q4E2YAI,01tWC00000DD1enYAD,SECURE ICAP Gateway Advanced Security Package Per User-NewMaintenance,ES-SIG-RNM-SECICA,New Maintenance,true,01sa5000001vuxlAAA,Standard Price Book,USD,0,true
01uWC000005q4E8YAI,01tWC00000DD1epYAD,SECURE ICAP Gateway Advanced Security Package Per User-RenewalMaintenance,ES-SIG-RRM-SEICAP,Renewal Maintenance,true,01sa5000001vuxlAAA,Standard Price Book,USD,0,true
01uWC000005q4EEYAY,01tWC00000DD1erYAD,SECURE ICAP Gateway Elite Security Package Per Instance-NewMaintenance,ES-SIG-RNM-SICAP,New Maintenance,true,01sa5000001vuxlAAA,Standard Price Book,USD,0,true
01uWC000005q4EKYAY,01tWC00000DD1etYAD,SECURE ICAP Gateway Elite Security Package Per Instance-RenewalMaintenance,ES-SIG-RRM-SECICG,Renewal Maintenance,true,01sa5000001vuxlAAA,Standard Price Book,USD,0,true
01uWC000005q4EQYAY,01tWC00000DD1evYAD,SECURE ICAP Gateway Elite Security Package Per User-NewMaintenance,ES-SIG-RNM-SEICAG,New Maintenance,true,01sa5000001vuxlAAA,Standard Price Book,USD,0,true
01uWC000005q4EWYAY,01tWC00000DD1exYAD,SECURE ICAP Gateway Elite Security Package Per User-RenewalMaintenance,ES-SIG-RRM-SICAGA,Renewal Maintenance,true,01sa5000001vuxlAAA,Standard Price Book,USD,0,true
01uWC000005q4EcYAI,01tWC00000DD1ezYAD,SECURE ICAP Gateway Essential Security Package Per Instance-NewMaintenance,ES-SIG-RNM-SEICGA,New Maintenance,true,01sa5000001vuxlAAA,Standard Price Book,USD,0,true
01uWC000005q4EiYAI,01tWC00000DD1f1YAD,SECURE ICAP Gateway Essential Security Package Per Instance-RenewalMaintenance,ES-SIG-RRM-SEIGAE,Renewal Maintenance,true,01sa5000001vuxlAAA,Standard Price Book,USD,0,true
01uWC000005q4EoYAI,01tWC00000DD1f3YAD,SECURE ICAP Gateway Essential Security Package Per User-NewMaintenance,ES-SIG-RNM-SICGES,New Maintenance,true,01sa5000001vuxlAAA,Standard Price Book,USD,0,true
01uWC000005q4EuYAI,01tWC00000DD1f5YAD,SECURE ICAP Gateway Essential Security Package Per User-RenewalMaintenance,ES-SIG-RRM-SIGAES,Renewal Maintenance,true,01sa5000001vuxlAAA,Standard Price Book,USD,0,true
01uWC000005q4F0YAI,01tWC00000DD1f7YAD,SECURE ICAP Gateway Per Instance-NewMaintenance,ES-SIG-RNM-SEICGP,New Maintenance,true,01sa5000001vuxlAAA,Standard Price Book,USD,0,true
01uWC000005q4F6YAI,01tWC00000DD1f9YAD,SECURE ICAP Gateway Per Instance-RenewalMaintenance,ES-SIG-RRM-SICGAP,Renewal Maintenance,true,01sa5000001vuxlAAA,Standard Price Book,USD,0,true
01uWC000005q4FCYAY,01tWC00000DD1fBYAT,SECURE Web Gateway-NewMaintenance,ES-SWG-RNM-SWGM,New Maintenance,true,01sa5000001vuxlAAA,Standard Price Book,USD,0,true
01uWC000005q4FIYAY,01tWC00000DD1fDYAT,SECURE Web Gateway-RenewalMaintenance,ES-SWG-RRM-SEWE,Renewal Maintenance,true,01sa5000001vuxlAAA,Standard Price Book,USD,0,true
01uWC000005q4FOYAY,01tWC00000DD1fFYAT,SECURE Web Gateway Advanced Security Package-NewMaintenance,ES-SWG-RNM-SECURW,New Maintenance,true,01sa5000001vuxlAAA,Standard Price Book,USD,0,true
01uWC000005q4FUYAY,01tWC00000DD1fHYAT,SECURE Web Gateway Advanced Security Package-RenewalMaintenance,ES-SWG-RRM-SECWEB,Renewal Maintenance,true,01sa5000001vuxlAAA,Standard Price Book,USD,0,true
01uWC000005q4FaYAI,01tWC00000DD1fJYAT,SECURE Web Gateway Elite Security Package-NewMaintenance,ES-SWG-RNM-SWEB,New Maintenance,true,01sa5000001vuxlAAA,Standard Price Book,USD,0,true
01uWC000005q4FgYAI,01tWC00000DD1fLYAT,SECURE Web Gateway Elite Security Package-RenewalMaintenance,ES-SWG-RRM-SECWEG,Renewal Maintenance,true,01sa5000001vuxlAAA,Standard Price Book,USD,0,true
01uWC000005q4FxYAI,01tWC00000DD1fVYAT,Security-NewMaintenance,SM-SYM-RNM-SNM,New Maintenance,true,01sa5000001vuxlAAA,Standard Price Book,USD,0,true
01uWC000005q4G3YAI,01tWC00000DD1fXYAT,Security-RenewalMaintenance,SM-SYM-RRM-SRM,Renewal Maintenance,true,01sa5000001vuxlAAA,Standard Price Book,USD,0,true
01uWC000005q4G8YAI,01tWC00000DD1faYAD,Security Audit-NewMaintenance,CS-SA-RNM-SANM,New Maintenance,true,01sa5000001vuxlAAA,Standard Price Book,USD,0,true
01uWC000005q4GEYAY,01tWC00000DD1fcYAD,Security Audit-RenewalMaintenance,CS-SA-RRM-SARM,Renewal Maintenance,true,01sa5000001vuxlAAA,Standard Price Book,USD,0,true
01uWC000005q4GKYAY,01tWC00000DD1feYAD,Security Audit & Detection-NewMaintenance,CS-DFT-RNM-SADNM,New Maintenance,true,01sa5000001vuxlAAA,Standard Price Book,USD,0,true
01uWC000005q4GQYAY,01tWC00000DD1fgYAD,Security Audit & Detection-RenewalMaintenance,CS-DFT-RRM-SADRM,Renewal Maintenance,true,01sa5000001vuxlAAA,Standard Price Book,USD,0,true
01uWC000005q4GWYAY,01tWC00000DD1fqYAD,Security KM Events-NewMaintenance,SM-VMC-RNM-SKENM,New Maintenance,true,01sa5000001vuxlAAA,Standard Price Book,USD,0,true
01uWC000005q4GcYAI,01tWC00000DD1fsYAD,Security KM Events-RenewalMaintenance,SM-VMC-RRM-SKERM,Renewal Maintenance,true,01sa5000001vuxlAAA,Standard Price Book,USD,0,true
01uWC000005q4GiYAI,01tWC00000DD1fuYAD,Security KM Incidents-NewMaintenance,SM-VMC-RNM-SKINM,New Maintenance,true,01sa5000001vuxlAAA,Standard Price Book,USD,0,true
01uWC000005q4GtYAI,01tWC00000DD1kkYAD,SharePoint MDS-RenewalMaintenance,DP-DC-RRM-SHARMR,Renewal Maintenance,true,01sa5000001vuxlAAA,Standard Price Book,USD,0,true
01uWC000005q4H1YAI,01tWC00000DD1m2YAD,Structural Sanitization For SECURE Web Gateway-NewMaintenance,ES-SWG-RNM-SSSWGN,New Maintenance,true,01sa5000001vuxlAAA,Standard Price Book,USD,0,true
01uWC000005q4H7YAI,01tWC00000DD1m4YAD,Structural Sanitization For SECURE Web Gateway-RenewalMaintenance,ES-SWG-RRM-SSSWGR,Renewal Maintenance,true,01sa5000001vuxlAAA,Standard Price Book,USD,0,true
01uWC000005q4HDYAY,01tWC00000DD1m6YAD,Surveyor/400-NewMaintenance,DM-SV4-RNM-S4NM,New Maintenance,true,01sa5000001vuxlAAA,Standard Price Book,USD,0,true
01uWC000005q4HJYAY,01tWC00000DD1m8YAD,Surveyor/400-RenewalMaintenance,DM-SV4-RRM-S4RM,Renewal Maintenance,true,01sa5000001vuxlAAA,Standard Price Book,USD,0,true
01uWC000005q4HPYAY,01tWC00000DD1m9YAD,Surveyor/400 - Single User Price-NewMaintenance,DM-SV4-RNM-S4SUPN,New Maintenance,true,01sa5000001vuxlAAA,Standard Price Book,USD,0,true
01uWC000005q4ZLYAY,01tWC00000DD1JoYAL,Formdocs License-NewMaintenance,DM-DML-RNM-FORMNE,New Maintenance,true,01sa5000001vuxlAAA,Standard Price Book,USD,0,true
01uWC000005q4ZRYAY,01tWC00000DD1JqYAL,Formdocs License-RenewalMaintenance,DM-DML-RRM-FORMRE,Renewal Maintenance,true,01sa5000001vuxlAAA,Standard Price Book,USD,0,true
01uWC000005q4ZXYAY,01tWC00000DD1JrYAL,Forms-NewMaintenance,DP-DCL-RNM-FORMNM,New Maintenance,true,01sa5000001vuxlAAA,Standard Price Book,USD,0,true
01uWC000005q4ZdYAI,01tWC00000DD1JtYAL,Forms-RenewalMaintenance,DP-DCL-RRM-FORMRM,Renewal Maintenance,true,01sa5000001vuxlAAA,Standard Price Book,USD,0,true
01uWC000005q4ZjYAI,01tWC00000DD1JwYAL,Fortra Classifier Suite Essentials-NewMaintenance,DP-DC-RNM-FCSENM,New Maintenance,true,01sa5000001vuxlAAA,Standard Price Book,USD,0,true
01uWC000005q4ZpYAI,01tWC00000DD1JyYAL,Fortra Classifier Suite Essentials-RenewalMaintenance,DP-DC-RRM-FCSERM,Renewal Maintenance,true,01sa5000001vuxlAAA,Standard Price Book,USD,0,true
01uWC000005q4ZvYAI,01tWC00000DD1K0YAL,Fortra Classifier Suite Plus-NewMaintenance,DP-DC-RNM-FCSPNM,New Maintenance,true,01sa5000001vuxlAAA,Standard Price Book,USD,0,true
01uWC000005q4a1YAA,01tWC00000DD1K2YAL,Fortra Classifier Suite Plus-RenewalMaintenance,DP-DC-RRM-FCSPRM,Renewal Maintenance,true,01sa5000001vuxlAAA,Standard Price Book,USD,0,true
01uWC000005q4aBYAQ,01tWC00000DD1NLYA1,GoAnywhere Gateway-RenewalMaintenance,GOA-GAM-RRM-GAGRM,Renewal Maintenance,true,01sa5000001vuxlAAA,Standard Price Book,USD,0,true
01uWC000005q4aHYAQ,01tWC00000DD1NNYA1,GoAnywhere Gateway and Load Balancer-NewMaintenance,GOA-GAM-RNM-GAGLBN,New Maintenance,true,01sa5000001vuxlAAA,Standard Price Book,USD,0,true
01uWC000005q4aNYAQ,01tWC00000DD1NPYA1,GoAnywhere Gateway and Load Balancer-RenewalMaintenance,GOA-GAM-RRM-GAGLBR,Renewal Maintenance,true,01sa5000001vuxlAAA,Standard Price Book,USD,0,true
01uWC000005q4aTYAQ,01tWC00000DD1NRYA1,GoAnywhere Gateway Load Balancer-NewMaintenance,GOA-GAM-RNM-GAGM,New Maintenance,true,01sa5000001vuxlAAA,Standard Price Book,USD,0,true
01uWC000005q4aZYAQ,01tWC00000DD1NTYA1,GoAnywhere Gateway Load Balancer-RenewalMaintenance,GOA-GAM-RRM-GOAG,Renewal Maintenance,true,01sa5000001vuxlAAA,Standard Price Book,USD,0,true
01uWC000005q4afYAA,01tWC00000DD1NVYA1,GoAnywhere GoDrive-NewMaintenance,GOA-GAM-RNM-GAGDNM,New Maintenance,true,01sa5000001vuxlAAA,Standard Price Book,USD,0,true
01uWC000005q4alYAA,01tWC00000DD1NXYA1,GoAnywhere GoDrive-RenewalMaintenance,GOA-GAM-RRM-GAGDRM,Renewal Maintenance,true,01sa5000001vuxlAAA,Standard Price Book,USD,0,true
01uWC000005q4arYAA,01tWC00000DD1NZYA1,GoAnywhere GoFast Server-NewMaintenance,GOA-GAM-RNM-GAGFSN,New Maintenance,true,01sa5000001vuxlAAA,Standard Price Book,USD,0,true
01uWC000005q4axYAA,01tWC00000DD1NbYAL,GoAnywhere GoFast Server-RenewalMaintenance,GOA-GAM-RRM-GAGFSR,Renewal Maintenance,true,01sa5000001vuxlAAA,Standard Price Book,USD,0,true
01uWC000005q4b1YAA,01tWC00000DD1NlYAL,GoAnywhere PeSIT Client-NewMaintenance,GOA-GAM-RNM-GAPSCN,New Maintenance,true,01sa5000001vuxlAAA,Standard Price Book,USD,0,true
01uWC000005q4b7YAA,01tWC00000DD1NnYAL,GoAnywhere PeSIT Client-RenewalMaintenance,GOA-GAM-RRM-GAPSCR,Renewal Maintenance,true,01sa5000001vuxlAAA,Standard Price Book,USD,0,true
01uWC000005q4bDYAQ,01tWC00000DD1NpYAL,GoAnywhere PeSIT Express Bundle-NewMaintenance,GOA-GAM-RNM-GAPSEB,New Maintenance,true,01sa5000001vuxlAAA,Standard Price Book,USD,0,true
01uWC000005q4bJYAQ,01tWC00000DD1NsYAL,GoAnywhere PeSIT Express Bundle-RenewalMaintenance,GOA-GAM-RRM-GAPM,Renewal Maintenance,true,01sa5000001vuxlAAA,Standard Price Book,USD,0,true
01uWC000005q4bPYAQ,01tWC00000DD1NvYAL,GoAnywhere PeSIT Premium Bundle-NewMaintenance,GOA-GAM-RNM-GAPSPB,New Maintenance,true,01sa5000001vuxlAAA,Standard Price Book,USD,0,true
01uWC000005q4bVYAQ,01tWC00000DD1NxYAL,GoAnywhere PeSIT Premium Bundle-RenewalMaintenance,GOA-GAM-RRM-GOANP,Renewal Maintenance,true,01sa5000001vuxlAAA,Standard Price Book,USD,0,true
01uWC000005q4bbYAA,01tWC00000DD1NzYAL,GoAnywhere PeSIT Server-NewMaintenance,GOA-GAM-RNM-GAPSSN,New Maintenance,true,01sa5000001vuxlAAA,Standard Price Book,USD,0,true
01uWC000005q4bhYAA,01tWC00000DD1O1YAL,GoAnywhere PeSIT Server-RenewalMaintenance,GOA-GAM-RRM-GAPSSR,Renewal Maintenance,true,01sa5000001vuxlAAA,Standard Price Book,USD,0,true
01uWC000005q4bnYAA,01tWC00000DD1O3YAL,GoAnywhere PeSIT Starter Bundle-NewMaintenance,GOA-GAM-RNM-GAPSSB,New Maintenance,true,01sa5000001vuxlAAA,Standard Price Book,USD,0,true
01uWC000005q4btYAA,01tWC00000DD1O6YAL,GoAnywhere PeSIT Starter Bundle-RenewalMaintenance,GOA-GAM-RRM-GANYPE,Renewal Maintenance,true,01sa5000001vuxlAAA,Standard Price Book,USD,0,true
01uWC000005q4bzYAA,01tWC00000DD1O9YAL,GoAnywhere Premium AS2-NewMaintenance,GOA-GAM-RNM-GAPANM,New Maintenance,true,01sa5000001vuxlAAA,Standard Price Book,USD,0,true
01uWC000005q4c5YAA,01tWC00000DD1OBYA1,GoAnywhere Premium AS2-RenewalMaintenance,GOA-GAM-RRM-GAPARM,Renewal Maintenance,true,01sa5000001vuxlAAA,Standard Price Book,USD,0,true
01uWC000005q4cBYAQ,01tWC00000DD1ODYA1,GoAnywhere Premium Bundle-NewMaintenance,GOA-GAM-RNM-GAPBNM,New Maintenance,true,01sa5000001vuxlAAA,Standard Price Book,USD,0,true
01uWC000005q4cLYAQ,01tWC00000DD1PUYA1,Halcyon Exit Point Manager-RenewalMaintenance,SM-HEP-RRM-HEPMRM,Renewal Maintenance,true,01sa5000001vuxlAAA,Standard Price Book,USD,0,true
01uWC000005q4cbYAA,01tWC00000DD1TwYAL,OWA Classifier-NewMaintenance,DP-DC-RNM-OWACNE,New Maintenance,true,01sa5000001vuxlAAA,Standard Price Book,USD,0,true
01uWC000005q4chYAA,01tWC00000DD1TyYAL,OWA Classifier-RenewalMaintenance,DP-DC-RRM-OWACRE,Renewal Maintenance,true,01sa5000001vuxlAAA,Standard Price Book,USD,0,true
01uWC000005q4cnYAA,01tWC00000DD1U0YAL,Paragon Suite-NewMaintenance,SM-HCS-RNM-PARANE,New Maintenance,true,01sa5000001vuxlAAA,Standard Price Book,USD,0,true
01uWC000005q4ctYAA,01tWC00000DD1U2YAL,Paragon Suite-RenewalMaintenance,SM-HCS-RRM-PARARE,Renewal Maintenance,true,01sa5000001vuxlAAA,Standard Price Book,USD,0,true
01uWC000005q4czYAA,01tWC00000DD1U4YAL,Parallel Loading-NewMaintenance,BI-SDW-RNM-PLNM,New Maintenance,true,01sa5000001vuxlAAA,Standard Price Book,USD,0,true
01uWC000005q4d5YAA,01tWC00000DD1U6YAL,Parallel Loading-RenewalMaintenance,BI-SDW-RRM-PLRM,Renewal Maintenance,true,01sa5000001vuxlAAA,Standard Price Book,USD,0,true
01uWC000005q4dBYAQ,01tWC00000DD1U9YAL,Password Reset-NewMaintenance,SM-PRM-RNM-PASSNE,New Maintenance,true,01sa5000001vuxlAAA,Standard Price Book,USD,0,true
01uWC000005q4dHYAQ,01tWC00000DD1UBYA1,Password Reset-RenewalMaintenance,SM-PRM-RRM-PASSRE,Renewal Maintenance,true,01sa5000001vuxlAAA,Standard Price Book,USD,0,true
01uWC000005q4dNYAQ,01tWC00000DD1UGYA1,PCL to PDF Converter-NewMaintenance,DM-IBM-RNM-PCLTNE,New Maintenance,true,01sa5000001vuxlAAA,Standard Price Book,USD,0,true
01uWC000005q4dXYAQ,01tWC00000DD1XBYA1,Record and Playback-RenewalMaintenance,SM-RAP-RRM-RECORE,Renewal Maintenance,true,01sa5000001vuxlAAA,Standard Price Book,USD,0,true
01uWC000005q4e0YAA,01tWC00000DD1XTYA1,Remote Data Push-NewMaintenance,BI-SDW-RNM-RDPNM,New Maintenance,true,01sa5000001vuxlAAA,Standard Price Book,USD,0,true
01uWC000005q4e6YAA,01tWC00000DD1XVYA1,Remote Data Push-RenewalMaintenance,BI-SDW-RRM-RDPRM,Renewal Maintenance,true,01sa5000001vuxlAAA,Standard Price Book,USD,0,true
01uWC000005q4ftYAA,01tWC00000DD1bAYAT,Powertech Compliance Suite-NewMaintenance,CS-CLP-RNM-PCSNM,New Maintenance,true,01sa5000001vuxlAAA,Standard Price Book,USD,0,true
01uWC000005q4fzYAA,01tWC00000DD1bCYAT,Powertech Compliance Suite-RenewalMaintenance,CS-CLP-RRM-PCSRM,Renewal Maintenance,true,01sa5000001vuxlAAA,Standard Price Book,USD,0,true
01uWC000005q4g5YAA,01tWC00000DD1bEYAT,Powertech Database Monitor for IBM i-NewMaintenance,CS-PDM-RNM-PDMIIN,New Maintenance,true,01sa5000001vuxlAAA,Standard Price Book,USD,0,true
01uWC000005q4gBYAQ,01tWC00000DD1bGYAT,Powertech Database Monitor for IBM i - PMRT-NewMaintenance,CS-PDM-RNM-PDMM,New Maintenance,true,01sa5000001vuxlAAA,Standard Price Book,USD,0,true
01uWC000005q4gHYAQ,01tWC00000DD1bIYAT,Powertech Database Monitor for IBM i - PMRT-RenewalMaintenance,CS-PDM-RRM-PODA,Renewal Maintenance,true,01sa5000001vuxlAAA,Standard Price Book,USD,0,true
01uWC000005q4gNYAQ,01tWC00000DD1bKYAT,Powertech Database Monitor for IBM i - Rapid Validation-NewMaintenance,CS-PDM-RNM-PDMIIR,New Maintenance,true,01sa5000001vuxlAAA,Standard Price Book,USD,0,true
01uWC000005q4gTYAQ,01tWC00000DD1bMYAT,Powertech Database Monitor for IBM i - Rapid Validation-RenewalMaintenance,CS-PDM-RRM-PORM,Renewal Maintenance,true,01sa5000001vuxlAAA,Standard Price Book,USD,0,true
01uWC000005q4gZYAQ,01tWC00000DD1bOYAT,Powertech Database Monitor for IBM i - Read-NewMaintenance,CS-PDM-RNM-PONM,New Maintenance,true,01sa5000001vuxlAAA,Standard Price Book,USD,0,true
01uWC000005q4gfYAA,01tWC00000DD1bQYAT,Powertech Database Monitor for IBM i - Read-RenewalMaintenance,CS-PDM-RRM-POWERD,Renewal Maintenance,true,01sa5000001vuxlAAA,Standard Price Book,USD,0,true
01uWC000005q4glYAA,01tWC00000DD1bSYAT,Powertech Database Monitor for IBM i-RenewalMaintenance,CS-PDM-RRM-POWEDA,Renewal Maintenance,true,01sa5000001vuxlAAA,Standard Price Book,USD,0,true
01uWC000005q4grYAA,01tWC00000DD1bUYAT,Powertech Encryption for IBM i-NewMaintenance,CS-PEI-RNM-PEIINM,New Maintenance,true,01sa5000001vuxlAAA,Standard Price Book,USD,0,true
01uWC000005q4gxYAA,01tWC00000DD1bWYAT,Powertech Encryption for IBM i-RenewalMaintenance,CS-PEI-RRM-PEIIRM,Renewal Maintenance,true,01sa5000001vuxlAAA,Standard Price Book,USD,0,true
01uWC000005q4h3YAA,01tWC00000DD1bYYAT,Powertech Encryption for IBM i (Auto IFS Encryption Module)-NewMaintenance,CS-PEI-RNM-PEIIAI,New Maintenance,true,01sa5000001vuxlAAA,Standard Price Book,USD,0,true
01uWC000005q4h9YAA,01tWC00000DD1baYAD,Powertech Encryption for IBM i (Auto IFS Encryption Module)-RenewalMaintenance,CS-PEI-RRM-PEIM,Renewal Maintenance,true,01sa5000001vuxlAAA,Standard Price Book,USD,0,true
01uWC000005q4oTYAQ,01tWC00000DD1HBYA1,Enhanced ESEND for SMB Pricing - Per User-RenewalMaintenance,BI-ESN-RRM-ENES,Renewal Maintenance,true,01sa5000001vuxlAAA,Standard Price Book,USD,0,true
01uWC000005q4oZYAQ,01tWC00000DD1HDYA1,Enhanced ETL-NewMaintenance,BI-SDW-RNM-ENET,New Maintenance,true,01sa5000001vuxlAAA,Standard Price Book,USD,0,true
01uWC000005q4ofYAA,01tWC00000DD1HFYA1,Enhanced ETL-RenewalMaintenance,BI-SDW-RRM-ENRM,Renewal Maintenance,true,01sa5000001vuxlAAA,Standard Price Book,USD,0,true
01uWC000005q4olYAA,01tWC00000DD1HHYA1,Enhanced Metadata Management-NewMaintenance,BI-SDW-RNM-EMMNM,New Maintenance,true,01sa5000001vuxlAAA,Standard Price Book,USD,0,true
01uWC000005q4orYAA,01tWC00000DD1HJYA1,Enhanced Metadata Management-RenewalMaintenance,BI-SDW-RRM-EMMRM,Renewal Maintenance,true,01sa5000001vuxlAAA,Standard Price Book,USD,0,true
01uWC000005q4p7YAA,01tWC00000DD1HPYA1,Enterprise Console-NewMaintenance,SM-EC-RNM-ECNM,New Maintenance,true,01sa5000001vuxlAAA,Standard Price Book,USD,0,true
01uWC000005q4pDYAQ,01tWC00000DD1HRYA1,Enterprise Console-RenewalMaintenance,SM-EC-RRM-ECRM,Renewal Maintenance,true,01sa5000001vuxlAAA,Standard Price Book,USD,0,true
01uWC000005q4pOYAQ,01tWC00000DD1IwYAL,FileCatalyst Concurrent Connections-RenewalMaintenance,GOA-FIL-RRM-FCCCRM,Renewal Maintenance,true,01sa5000001vuxlAAA,Standard Price Book,USD,0,true
01uWC000005q4qYYAQ,01tWC00000DD1bcYAD,Powertech Encryption for IBM i (Backup Encryption Module)-NewMaintenance,CS-PEI-RNM-PEIIBE,New Maintenance,true,01sa5000001vuxlAAA,Standard Price Book,USD,0,true
01uWC000005q4qiYAA,01tWC00000DD1sBYAT,VMC - Portal Users-NewMaintenance,SM-VMC-RNM-VPUM,New Maintenance,true,01sa5000001vuxlAAA,Standard Price Book,USD,0,true
01uWC000005q4qoYAA,01tWC00000DD1sDYAT,VMC - Portal Users-RenewalMaintenance,SM-VMC-RRM-VMCPO,Renewal Maintenance,true,01sa5000001vuxlAAA,Standard Price Book,USD,0,true
01uWC000005q4quYAA,01tWC00000DD1sFYAT,VMC - SLA Analytics-NewMaintenance,SM-VMC-RNM-VSAM,New Maintenance,true,01sa5000001vuxlAAA,Standard Price Book,USD,0,true
01uWC000005q4r0YAA,01tWC00000DD1sHYAT,VMC - SLA Analytics-RenewalMaintenance,SM-VMC-RRM-VMSL,Renewal Maintenance,true,01sa5000001vuxlAAA,Standard Price Book,USD,0,true
01uWC000005q4r6YAA,01tWC00000DD1IyYAL,FileCatalyst Concurrent Connections Additional-NewMaintenance,GOA-FIL-RNM-FCCCAN,New Maintenance,true,01sa5000001vuxlAAA,Standard Price Book,USD,0,true
01uWC000005q4rCYAQ,01tWC00000DD1J0YAL,FileCatalyst Concurrent Connections Additional-RenewalMaintenance,GOA-FIL-RRM-FCCCAR,Renewal Maintenance,true,01sa5000001vuxlAAA,Standard Price Book,USD,0,true
01uWC000005q4rIYAQ,01tWC00000DD1J2YAL,FileCatalyst Development Kit-NewMaintenance,GOA-FIL-RNM-FCDKNM,New Maintenance,true,01sa5000001vuxlAAA,Standard Price Book,USD,0,true
01uWC000005q4rOYAQ,01tWC00000DD1J4YAL,FileCatalyst Development Kit-RenewalMaintenance,GOA-FIL-RRM-FCDKRM,Renewal Maintenance,true,01sa5000001vuxlAAA,Standard Price Book,USD,0,true
01uWC000005q4rUYAQ,01tWC00000DD1J6YAL,FileCatalyst Direct-NewMaintenance,GOA-FIL-RNM-FCDNM,New Maintenance,true,01sa5000001vuxlAAA,Standard Price Book,USD,0,true
01uWC000005q4raYAA,01tWC00000DD1J8YAL,FileCatalyst Direct-RenewalMaintenance,GOA-FIL-RRM-FCDRM,Renewal Maintenance,true,01sa5000001vuxlAAA,Standard Price Book,USD,0,true
01uWC000005q4rgYAA,01tWC00000DD1JCYA1,FileCatalyst Hotfolder for Automation-NewMaintenance,GOA-FIL-RNM-FCHANM,New Maintenance,true,01sa5000001vuxlAAA,Standard Price Book,USD,0,true
01uWC000005q4rmYAA,01tWC00000DD1JEYA1,FileCatalyst Hotfolder for Automation-RenewalMaintenance,GOA-FIL-RRM-FCHARM,Renewal Maintenance,true,01sa5000001vuxlAAA,Standard Price Book,USD,0,true
01uWC000005q4rsYAA,01tWC00000DD1JHYA1,FileCatalyst Load Balancer-NewMaintenance,GOA-FIL-RNM-FCLBNM,New Maintenance,true,01sa5000001vuxlAAA,Standard Price Book,USD,0,true
01uWC000005q4ryYAA,01tWC00000DD1JJYA1,FileCatalyst Load Balancer-RenewalMaintenance,GOA-FIL-RRM-FCLBRM,Renewal Maintenance,true,01sa5000001vuxlAAA,Standard Price Book,USD,0,true
01uWC000005q4s1YAA,01tWC00000DD1JLYA1,FileCatalyst Reverse Proxy-NewMaintenance,GOA-FIL-RNM-FCRPNM,New Maintenance,true,01sa5000001vuxlAAA,Standard Price Book,USD,0,true
01uWC000005q4s7YAA,01tWC00000DD1JNYA1,FileCatalyst Reverse Proxy-RenewalMaintenance,GOA-FIL-RRM-FCRPRM,Renewal Maintenance,true,01sa5000001vuxlAAA,Standard Price Book,USD,0,true
01uWC000005q4sDYAQ,01tWC00000DD1JQYA1,FileCatalyst TransferAgent - Web Integration Kit-NewMaintenance,GOA-FIL-RNM-FCTAWI,New Maintenance,true,01sa5000001vuxlAAA,Standard Price Book,USD,0,true
01uWC000005q4sJYAQ,01tWC00000DD1JSYA1,FileCatalyst TransferAgent - Web Integration Kit-RenewalMaintenance,GOA-FIL-RRM-FCTM,Renewal Maintenance,true,01sa5000001vuxlAAA,Standard Price Book,USD,0,true
01uWC000005q4sPYAQ,01tWC00000DD1JUYA1,FileCatalyst Workflow-NewMaintenance,GOA-FIL-RNM-FCWNM,New Maintenance,true,01sa5000001vuxlAAA,Standard Price Book,USD,0,true
01uWC000005q4sVYAQ,01tWC00000DD1JWYA1,FileCatalyst Workflow-RenewalMaintenance,GOA-FIL-RRM-FCWRM,Renewal Maintenance,true,01sa5000001vuxlAAA,Standard Price Book,USD,0,true
01uWC000005q4sbYAA,01tWC00000DD1JYYA1,FileCatalyst Workflow Acceleration-NewMaintenance,GOA-FIL-RNM-FCWANM,New Maintenance,true,01sa5000001vuxlAAA,Standard Price Book,USD,0,true
01uWC000005q4shYAA,01tWC00000DD1JaYAL,FileCatalyst Workflow Acceleration-RenewalMaintenance,GOA-FIL-RRM-FCWARM,Renewal Maintenance,true,01sa5000001vuxlAAA,Standard Price Book,USD,0,true
01uWC000005q4snYAA,01tWC00000DD1JgYAL,Fire and Forget-NewMaintenance,DP-DCL-RNM-FIRENE,New Maintenance,true,01sa5000001vuxlAAA,Standard Price Book,USD,0,true
01uWC000005q4stYAA,01tWC00000DD1JiYAL,Fire and Forget-RenewalMaintenance,DP-DCL-RRM-FIRERE,Renewal Maintenance,true,01sa5000001vuxlAAA,Standard Price Book,USD,0,true
01uWC000005q4szYAA,01tWC00000DD1JjYAL,Flow Exporters-NewMaintenance,NW-INT-RNM-FLOWNE,New Maintenance,true,01sa5000001vuxlAAA,Standard Price Book,USD,0,true
01uWC000005q4uKYAQ,01tWC00000DD1sJYAT,VMC - SQL Server Operations Agent-NewMaintenance,SM-VMC-RNM-VMSQ,New Maintenance,true,01sa5000001vuxlAAA,Standard Price Book,USD,0,true
01uWC000005q4uQYAQ,01tWC00000DD1sLYAT,VMC - SQL Server Operations Agent-RenewalMaintenance,SM-VMC-RRM-VMCSQL,Renewal Maintenance,true,01sa5000001vuxlAAA,Standard Price Book,USD,0,true
01uWC000005q4uWYAQ,01tWC00000DD1sNYAT,VMC - SQL Server Security Agent-NewMaintenance,SM-VMC-RNM-VSQL,New Maintenance,true,01sa5000001vuxlAAA,Standard Price Book,USD,0,true
01uWC000005q4ucYAA,01tWC00000DD1sPYAT,VMC - SQL Server Security Agent-RenewalMaintenance,SM-VMC-RRM-VMCSQS,Renewal Maintenance,true,01sa5000001vuxlAAA,Standard Price Book,USD,0,true
01uWC000005q52nYAA,01tWC00000DD1GMYA1,EFT WTC-NewMaintenance,GS-GSE-RNM-EWNM,New Maintenance,true,01sa5000001vuxlAAA,Standard Price Book,USD,0,true
01uWC000005q52tYAA,01tWC00000DD1GNYA1,Electronic Forms Designer-NewMaintenance,DM-DML-RNM-ELECDN,New Maintenance,true,01sa5000001vuxlAAA,Standard Price Book,USD,0,true
01uWC000005q52zYAA,01tWC00000DD1GPYA1,Electronic Forms Designer-RenewalMaintenance,DM-DML-RRM-ELECDR,Renewal Maintenance,true,01sa5000001vuxlAAA,Standard Price Book,USD,0,true
01uWC000005q535YAA,01tWC00000DD1GQYA1,Electronic Forms License-NewMaintenance,DM-DML-RNM-ELECLN,New Maintenance,true,01sa5000001vuxlAAA,Standard Price Book,USD,0,true
01uWC000005q53BYAQ,01tWC00000DD1GSYA1,Electronic Forms License-RenewalMaintenance,DM-DML-RRM-ELECLR,Renewal Maintenance,true,01sa5000001vuxlAAA,Standard Price Book,USD,0,true
01uWC000005q53HYAQ,01tWC00000DD1GVYA1,Email Dist Bundle Basic-NewMaintenance,DM-DML-RNM-EDBBNM,New Maintenance,true,01sa5000001vuxlAAA,Standard Price Book,USD,0,true
01uWC000005q53NYAQ,01tWC00000DD1GXYA1,Email Dist Bundle Basic-RenewalMaintenance,DM-DML-RRM-EDBBRM,Renewal Maintenance,true,01sa5000001vuxlAAA,Standard Price Book,USD,0,true
01uWC000005q53TYAQ,01tWC00000DD1GYYA1,Email File Server - Legacy-NewMaintenance,DM-DML-RNM-EFSLNM,New Maintenance,true,01sa5000001vuxlAAA,Standard Price Book,USD,0,true
01uWC000005q53ZYAQ,01tWC00000DD1GaYAL,Email File Server - Legacy-RenewalMaintenance,DM-DML-RRM-EFSLRM,Renewal Maintenance,true,01sa5000001vuxlAAA,Standard Price Book,USD,0,true
01uWC000005q53fYAA,01tWC00000DD1GbYAL,Email Monitor-NewMaintenance,DM-WCU-RNM-EMNM,New Maintenance,true,01sa5000001vuxlAAA,Standard Price Book,USD,0,true
01uWC000005q53lYAA,01tWC00000DD1GdYAL,Email Monitor-RenewalMaintenance,DM-WCU-RRM-EMAIL,Renewal Maintenance,true,01sa5000001vuxlAAA,Standard Price Book,USD,0,true
01uWC000005q53rYAA,01tWC00000DD1GfYAL,Email Report Distribution Bundle PC-NewMaintenance,DM-DML-RNM-ERDBPN,New Maintenance,true,01sa5000001vuxlAAA,Standard Price Book,USD,0,true
01uWC000005q53xYAA,01tWC00000DD1GhYAL,Email Report Distribution Bundle PC-RenewalMaintenance,DM-DML-RRM-ERDBPR,Renewal Maintenance,true,01sa5000001vuxlAAA,Standard Price Book,USD,0,true
01uWC000005q543YAA,01tWC00000DD1GiYAL,Email Report Server-NewMaintenance,DM-EU-RNM-ERSNM,New Maintenance,true,01sa5000001vuxlAAA,Standard Price Book,USD,0,true
01uWC000005q549YAA,01tWC00000DD1GkYAL,Email Report Server-RenewalMaintenance,DM-EU-RRM-ERSRM,Renewal Maintenance,true,01sa5000001vuxlAAA,Standard Price Book,USD,0,true
01uWC000005q54JYAQ,01tWC00000DD1H5YAL,Enhanced Data Sources-NewMaintenance,BI-SDW-RNM-EDSNM,New Maintenance,true,01sa5000001vuxlAAA,Standard Price Book,USD,0,true
01uWC000005q54PYAQ,01tWC00000DD1H7YAL,Enhanced Data Sources-RenewalMaintenance,BI-SDW-RRM-EDSRM,Renewal Maintenance,true,01sa5000001vuxlAAA,Standard Price Book,USD,0,true
01uWC000005q54VYAQ,01tWC00000DD1H9YAL,Enhanced ESEND for SMB Pricing - Per User-NewMaintenance,BI-ESN-RNM-EESPPU,New Maintenance,true,01sa5000001vuxlAAA,Standard Price Book,USD,0,true
01uWC000005q6BBYAY,01tWC00000DD22fYAD,Folder Monitor-RenewalMaintenance,GS-GSE-RRM-FMRM,Renewal Maintenance,true,01sa5000001vuxlAAA,Standard Price Book,USD,0,true
01uWC000005q6BHYAY,01tWC00000DD22gYAD,HTTPS Server (includes Web client)-RenewalMaintenance,GS-GSE-RRM-HS(WCRM,Renewal Maintenance,true,01sa5000001vuxlAAA,Standard Price Book,USD,0,true
01uWC000005q6ETYAY,01tWC00000DD21dYAD,EFT Insight Module-NewMaintenance,GS-GSE-RNM-EIMNM,New Maintenance,true,01sa5000001vuxlAAA,Standard Price Book,USD,0,true
01uWC000005q6EbYAI,01tWC00000DD22hYAD,Multi-site Gateway-RenewalMaintenance,GS-GSE-RRM-MSGRM,Renewal Maintenance,true,01sa5000001vuxlAAA,Standard Price Book,USD,0,true
01uWC000005q6EhYAI,01tWC00000DD22iYAD,PGP Actions-RenewalMaintenance,GS-GSE-RRM-PGPARM,Renewal Maintenance,true,01sa5000001vuxlAAA,Standard Price Book,USD,0,true
01uWC000005q6EnYAI,01tWC00000DD22jYAD,Premium Bundle-RenewalMaintenance,GS-GSE-RRM-PBRM,Renewal Maintenance,true,01sa5000001vuxlAAA,Standard Price Book,USD,0,true
01uWC000005q6EtYAI,01tWC00000DD22kYAD,Premium Bundle-NewMaintenance,GS-GSE-RNM-PBNM,New Maintenance,true,01sa5000001vuxlAAA,Standard Price Book,USD,0,true
01uWC000005q6EzYAI,01tWC00000DD22lYAD,Regulatory Compliance-RenewalMaintenance,GS-GSE-RRM-REGCOMRM,Renewal Maintenance,true,01sa5000001vuxlAAA,Standard Price Book,USD,0,true
01uWC000005q6F5YAI,01tWC00000DD22nYAD,Scheduler-RenewalMaintenance,GS-GSE-RRM-SCHEDRM,Renewal Maintenance,true,01sa5000001vuxlAAA,Standard Price Book,USD,0,true
01uWC000005q6FBYAY,01tWC00000DD22oYAD,Secure Forms-RenewalMaintenance,GS-GSE-RRM-SECFRM,Renewal Maintenance,true,01sa5000001vuxlAAA,Standard Price Book,USD,0,true
01uWC000005q6FHYAY,01tWC00000DD22pYAD,SFTP Server-RenewalMaintenance,GS-GSE-RRM-SSRM,Renewal Maintenance,true,01sa5000001vuxlAAA,Standard Price Book,USD,0,true
01uWC000005q6FNYAY,01tWC00000DD22qYAD,SFTP Server Bundle-RenewalMaintenance,GS-GSE-RRM-SSBRM,Renewal Maintenance,true,01sa5000001vuxlAAA,Standard Price Book,USD,0,true
01uWC000005q6FTYAY,01tWC00000DD22rYAD,Single-site Gateway-RenewalMaintenance,GS-GSE-RRM-SSGRM,Renewal Maintenance,true,01sa5000001vuxlAAA,Standard Price Book,USD,0,true
01uWC000005q6FZYAY,01tWC00000DD22sYAD,Starter Bundle-RenewalMaintenance,GS-GSE-RRM-SBRM,Renewal Maintenance,true,01sa5000001vuxlAAA,Standard Price Book,USD,0,true
01uWC000005q6FfYAI,01tWC00000DD22tYAD,Starter Bundle-NewMaintenance,GS-GSE-RNM-SBNM,New Maintenance,true,01sa5000001vuxlAAA,Standard Price Book,USD,0,true
01uWC000005q6FlYAI,01tWC00000DD22uYAD,GoAnywhere Collaboration Bundle with Gateway-RenewalMaintenance,GOA-GAM-RRM-GCBGRM,Renewal Maintenance,true,01sa5000001vuxlAAA,Standard Price Book,USD,0,true
01uWC000005q6FrYAI,01tWC00000DD22vYAD,Sequel Data Warehouse (RODIN) Select License - Platinum Edition-NewMaintenance,BI-SDW-RNM-SDWSPENM,New Maintenance,true,01sa5000001vuxlAAA,Standard Price Book,USD,0,true
01uWC000005q6FxYAI,01tWC00000DD22wYAD,Sequel Data Warehouse (RODIN) Select License - Silver Edition-RenewalMaintenance,BI-SDW-RRM-SDWSSERM,Renewal Maintenance,true,01sa5000001vuxlAAA,Standard Price Book,USD,0,true
01uWC000005q6G3YAI,01tWC00000DD22xYAD,Sequel Data Warehouse (RODIN) Select License - Silver Edition-NewMaintenance,BI-SDW-RNM-SDWSSENM,New Maintenance,true,01sa5000001vuxlAAA,Standard Price Book,USD,0,true
01uWC000005q6G9YAI,01tWC00000DD22yYAD,SEQUEL Data Warehouse Bundle - Bronze Edition-RenewalMaintenance,BI-SDW-RRM-SDWBBERM,Renewal Maintenance,true,01sa5000001vuxlAAA,Standard Price Book,USD,0,true
01uWC000005q6GFYAY,01tWC00000DD22zYAD,SEQUEL Data Warehouse Bundle - Bronze Edition-NewMaintenance,BI-SDW-RNM-SDWBBENM,New Maintenance,true,01sa5000001vuxlAAA,Standard Price Book,USD,0,true
01uWC000005q6GLYAY,01tWC00000DD230YAD,SEQUEL Data Warehouse Bundle - Gold Edition-RenewalMaintenance,BI-SDW-RRM-SDWBGERM,Renewal Maintenance,true,01sa5000001vuxlAAA,Standard Price Book,USD,0,true
01uWC000005q6GRYAY,01tWC00000DD231YAD,SEQUEL Data Warehouse Bundle - Gold Edition-NewMaintenance,BI-SDW-RNM-SDWBGENM,New Maintenance,true,01sa5000001vuxlAAA,Standard Price Book,USD,0,true
01uWC000005q6GXYAY,01tWC00000DD232YAD,SEQUEL Data Warehouse Bundle - Platinum Edition-RenewalMaintenance,BI-SDW-RRM-SDWBPERM,Renewal Maintenance,true,01sa5000001vuxlAAA,Standard Price Book,USD,0,true
01uWC000005q6GdYAI,01tWC00000DD233YAD,SEQUEL Data Warehouse Bundle - Platinum Edition-NewMaintenance,BI-SDW-RNM-SDWBPENM,New Maintenance,true,01sa5000001vuxlAAA,Standard Price Book,USD,0,true
01uWC000005q6GjYAI,01tWC00000DD234YAD,SEQUEL Data Warehouse Bundle - Silver Edition-RenewalMaintenance,BI-SDW-RRM-SDWBSERM,Renewal Maintenance,true,01sa5000001vuxlAAA,Standard Price Book,USD,0,true
01uWC000005q6GpYAI,01tWC00000DD235YAD,SEQUEL Data Warehouse Bundle - Silver Edition-NewMaintenance,BI-SDW-RNM-SDWBSENM,New Maintenance,true,01sa5000001vuxlAAA,Standard Price Book,USD,0,true
01uWC000005q6GvYAI,01tWC00000DD238YAD,"Robot Bundle - Console, Alert, Network-RenewalMaintenance",SM-ROB-RRM-RBCANRM,Renewal Maintenance,true,01sa5000001vuxlAAA,Standard Price Book,USD,0,true
01uWC000005q6H1YAI,01tWC00000DD239YAD,"Robot Bundle - Console, Alert, Network-NewMaintenance",SM-ROB-RNM-RBCANNM,New Maintenance,true,01sa5000001vuxlAAA,Standard Price Book,USD,0,true
01uWC000005q6H7YAI,01tWC00000DD23AYAT,Robot Bundle - Schedule & Alert-RenewalMaintenance,SM-ROB-RRM-RBSARM,Renewal Maintenance,true,01sa5000001vuxlAAA,Standard Price Book,USD,0,true
01uWC000005q6HDYAY,01tWC00000DD23BYAT,Robot Bundle - Schedule & Alert-NewMaintenance,SM-ROB-RNM-RBSANM,New Maintenance,true,01sa5000001vuxlAAA,Standard Price Book,USD,0,true
01uWC000005q6HJYAY,01tWC00000DD23CYAT,"Robot Bundle - Schedule, Alert, Network-RenewalMaintenance",SM-ROB-RRM-RBSANRM,Renewal Maintenance,true,01sa5000001vuxlAAA,Standard Price Book,USD,0,true
01uWC000005q6HPYAY,01tWC00000DD23DYAT,"Robot Bundle - Schedule, Alert, Network-NewMaintenance",SM-ROB-RNM-RBSANNM,New Maintenance,true,01sa5000001vuxlAAA,Standard Price Book,USD,0,true
01uWC000005q6HnYAI,01tWC00000DD21eYAD,EFT Folder Monitor Module FMM-RenewalMaintenance,GS-GSE-RRM-EFMMFRM,Renewal Maintenance,true,01sa5000001vuxlAAA,Standard Price Book,USD,0,true
01uWC000005q6HtYAI,01tWC00000DD21fYAD,EFT Remote Agent Module (RAM)-NewMaintenance,GS-GSE-RNM-ERAM(NM,New Maintenance,true,01sa5000001vuxlAAA,Standard Price Book,USD,0,true
01uWC000005q6HzYAI,01tWC00000DD21gYAD,EFT Remote Agent Module (RAM)-RenewalMaintenance,GS-GSE-RRM-ERAM(RM,Renewal Maintenance,true,01sa5000001vuxlAAA,Standard Price Book,USD,0,true
01uWC000005q6I5YAI,01tWC00000DD21hYAD,EFT Secure Mobile Access Module (SMAM)-NewMaintenance,GS-GSE-RNM-ESMAM(NM,New Maintenance,true,01sa5000001vuxlAAA,Standard Price Book,USD,0,true
01uWC000005q6IBYAY,01tWC00000DD21iYAD,EFT Secure Mobile Access Module (SMAM)-RenewalMaintenance,GS-GSE-RRM-ESMAM(RM,Renewal Maintenance,true,01sa5000001vuxlAAA,Standard Price Book,USD,0,true
01uWC000005q6IHYAY,01tWC00000DD21jYAD,EFT Timer Event Module TEM-RenewalMaintenance,GS-GSE-RRM-ETEMTRM,Renewal Maintenance,true,01sa5000001vuxlAAA,Standard Price Book,USD,0,true
01uWC000005q6INYAY,01tWC00000DD21mYAD,EFT SMB Web Client WTC 50 Seats-NewMaintenance,GS-GSE-RNM-ESW50SNM,New Maintenance,true,01sa5000001vuxlAAA,Standard Price Book,USD,0,true
01uWC000005q6ITYAY,01tWC00000DD21nYAD,EFT SMB Web Client WTC 50 Seats-RenewalMaintenance,GS-GSE-RRM-ESW50SRM,Renewal Maintenance,true,01sa5000001vuxlAAA,Standard Price Book,USD,0,true
01uWC000005q6IZYAY,01tWC00000DD21oYAD,FTPS Server-RenewalMaintenance,GS-GSE-RRM-FSRM,Renewal Maintenance,true,01sa5000001vuxlAAA,Standard Price Book,USD,0,true
01uWC000005q6IfYAI,01tWC00000DD21pYAD,Transfer Actions-RenewalMaintenance,GS-GSE-RRM-TARM,Renewal Maintenance,true,01sa5000001vuxlAAA,Standard Price Book,USD,0,true
01uWC000005q6IlYAI,01tWC00000DD21sYAD,GoAnywhere Core Server Bundle with Gateway-NewMaintenance,GOA-GAM-RNM-GCSBWGNM,New Maintenance,true,01sa5000001vuxlAAA,Standard Price Book,USD,0,true
01uWC000005q6IrYAI,01tWC00000DD21tYAD,GoAnywhere Core Server Bundle with Gateway-RenewalMaintenance,GOA-GAM-RRM-GCSBWGRM,Renewal Maintenance,true,01sa5000001vuxlAAA,Standard Price Book,USD,0,true
01uWC000005q6IxYAI,01tWC00000DD21wYAD,GoAnywhere PeSIT Express Bundle with Gateway-NewMaintenance,GOA-GAM-RNM-GPEBWGNM,New Maintenance,true,01sa5000001vuxlAAA,Standard Price Book,USD,0,true
01uWC000005q6J3YAI,01tWC00000DD21xYAD,GoAnywhere PeSIT Express Bundle with Gateway-RenewalMaintenance,GOA-GAM-RRM-GPEBWGRM,Renewal Maintenance,true,01sa5000001vuxlAAA,Standard Price Book,USD,0,true
01uWC000005q6J9YAI,01tWC00000DD21yYAD,GoAnywhere PeSIT Starter Bundle with Gateway-NewMaintenance,GOA-GAM-RNM-GPSBWGNM,New Maintenance,true,01sa5000001vuxlAAA,Standard Price Book,USD,0,true
01uWC000005q6JFYAY,01tWC00000DD21zYAD,GoAnywhere PeSIT Starter Bundle with Gateway-RenewalMaintenance,GOA-GAM-RRM-GPSBWGRM,Renewal Maintenance,true,01sa5000001vuxlAAA,Standard Price Book,USD,0,true
01uWC000005q6L2YAI,01tWC00000DD22QYAT,AS2 Client/Server-RenewalMaintenance,GS-GSE-RRM-AS2CRM,Renewal Maintenance,true,01sa5000001vuxlAAA,Standard Price Book,USD,0,true
01uWC000005q6L8YAI,01tWC00000DD22RYAT,Collaboration Bundle-NewMaintenance,GS-GSE-RNM-COLBNM,New Maintenance,true,01sa5000001vuxlAAA,Standard Price Book,USD,0,true
01uWC000005q6LEYAY,01tWC00000DD22SYAT,Collaboration Bundle-RenewalMaintenance,GS-GSE-RRM-COLBRM,Renewal Maintenance,true,01sa5000001vuxlAAA,Standard Price Book,USD,0,true
01uWC000005q6LKYAY,01tWC00000DD22TYAT,Core Server Bundle-RenewalMaintenance,GS-GSE-RRM-CSBRM,Renewal Maintenance,true,01sa5000001vuxlAAA,Standard Price Book,USD,0,true
01uWC000005q6LQYAY,01tWC00000DD22UYAT,DMZ Gateway Enterprise 3 - Multi-Site-NewMaintenance,GS-GSE-RNM-DGE3MSNM,New Maintenance,true,01sa5000001vuxlAAA,Standard Price Book,USD,0,true
01uWC000005q6LbYAI,01tWC00000DD22WYAT,DMZ Gateway Enterprise 3 - Multi-Site Upgrade-NewMaintenance,GS-GSE-RNM-DGE3MUNM,New Maintenance,true,01sa5000001vuxlAAA,Standard Price Book,USD,0,true
01uWC000005q6LmYAI,01tWC00000DD22YYAT,EFT Accelerate-NewMaintenance,GS-GSE-RNM-EFTACNM,New Maintenance,true,01sa5000001vuxlAAA,Standard Price Book,USD,0,true
01uWC000005q6LxYAI,01tWC00000DD22aYAD,EFT Continuum BAM Portal-RenewalMaintenance,GS-GSE-RRM-ECBPRM,Renewal Maintenance,true,01sa5000001vuxlAAA,Standard Price Book,USD,0,true
01uWC000005q6M3YAI,01tWC00000DD22bYAD,EFT Express Auditing & Reporting Module ARM-RenewalMaintenance,GS-GSE-RRM-EEARMARM,Renewal Maintenance,true,01sa5000001vuxlAAA,Standard Price Book,USD,0,true
01uWC000005q6M9YAI,01tWC00000DD22cYAD,EFT Express Security Module ESM-RenewalMaintenance,GS-GSE-RRM-EESMERM,Renewal Maintenance,true,01sa5000001vuxlAAA,Standard Price Book,USD,0,true
01uWC000005q6MFYAY,01tWC00000DD22dYAD,EFT SFTP SSH2 Module-RenewalMaintenance,GS-GSE-RRM-ESSMRM,Renewal Maintenance,true,01sa5000001vuxlAAA,Standard Price Book,USD,0,true
01uWC000005q6MLYAY,01tWC00000DD22eYAD,Enterprise Actions-RenewalMaintenance,GS-GSE-RRM-ENTACRM,Renewal Maintenance,true,01sa5000001vuxlAAA,Standard Price Book,USD,0,true
01uWC000005q6haYAA,01tWC00000DD1hUYAT,Tripwire Enterprise Console-NewMaintenance,FIM-FIM-RNM-TECNM,New Maintenance,true,01sa5000001vuxlAAA,Standard Price Book,USD,0,true
01uWC000005q6hgYAA,01tWC00000DD1hZYAT,Tripwire Enterprise Express Console-NewMaintenance,FIM-FIM-RNM-TEECNM,New Maintenance,true,01sa5000001vuxlAAA,Standard Price Book,USD,0,true
01uWC000005q6hmYAA,01tWC00000DD1hlYAD,Tripwire Enterprise for Desktops-NewMaintenance,FIM-FIM-RNM-TEDM,New Maintenance,true,01sa5000001vuxlAAA,Standard Price Book,USD,0,true
01uWC000005q6hsYAA,01tWC00000DD1hwYAD,Tripwire Enterprise for File Systems-NewMaintenance,FIM-FIM-RNM-TEFSNM,New Maintenance,true,01sa5000001vuxlAAA,Standard Price Book,USD,0,true
01uWC000005q6i3YAA,01tWC00000DD1mdYAD,TE Academic Institution Site License - Database-NewMaintenance,FIM-FIM-RNM-TEA,New Maintenance,true,01sa5000001vuxlAAA,Standard Price Book,USD,0,true
01uWC000005q6i9YAA,01tWC00000DD1mgYAD,TE Academic Institution Site License - Desktop-NewMaintenance,FIM-FIM-RNM-TEAC,New Maintenance,true,01sa5000001vuxlAAA,Standard Price Book,USD,0,true
01uWC000005q6iFYAQ,01tWC00000DD1mjYAD,TE Academic Institution Site License - Directory Services-NewMaintenance,FIM-FIM-RNM-TENM,New Maintenance,true,01sa5000001vuxlAAA,Standard Price Book,USD,0,true
01uWC000005q6iLYAQ,01tWC00000DD1moYAD,Tripwire Enterprise for Large Stores (up to 75 FS)-NewMaintenance,FIM-FIM-RNM-TELSUT,New Maintenance,true,01sa5000001vuxlAAA,Standard Price Book,USD,0,true
01uWC000005q6iWYAQ,01tWC00000DD1mrYAD,"Tripwire Enterprise for Large Stores w/ ND & DB (up to 75 FS, 75 ND & 1 DB)-NewMaintenance",FIM-FIM-RNM-TELSWN,New Maintenance,true,01sa5000001vuxlAAA,Standard Price Book,USD,0,true
01uWC000005q6ihYAA,01tWC00000DD1muYAD,Tripwire Enterprise for Microsoft Exchange-NewMaintenance,FIM-FIM-RNM-TEMENM,New Maintenance,true,01sa5000001vuxlAAA,Standard Price Book,USD,0,true
01uWC000005q6inYAA,01tWC00000DD1n0YAD,Tripwire Enterprise for Microsoft IIS-NewMaintenance,FIM-FIM-RNM-TEMINM,New Maintenance,true,01sa5000001vuxlAAA,Standard Price Book,USD,0,true
01uWC000005q6itYAA,01tWC00000DD1n4YAD,Tripwire Enterprise for Mid-Size Stores (Up to 20 FS)-NewMaintenance,FIM-FIM-RNM-TEMSSU,New Maintenance,true,01sa5000001vuxlAAA,Standard Price Book,USD,0,true
01uWC000005q6j4YAA,01tWC00000DD1n7YAD,"Tripwire Enterprise for Mid-Size Stores w/ ND & DB (up to 20 FS, 20 ND & 1 DB)-NewMaintenance",FIM-FIM-RNM-TEMSSW,New Maintenance,true,01sa5000001vuxlAAA,Standard Price Book,USD,0,true
01uWC000005q6jFYAQ,01tWC00000DD1nDYAT,Tripwire Enterprise for Network Devices-NewMaintenance,FIM-FIM-RNM-TENDNM,New Maintenance,true,01sa5000001vuxlAAA,Standard Price Book,USD,0,true
01uWC000005q6jLYAQ,01tWC00000DD1nIYAT,Tripwire Enterprise for POS End Point Systems-NewMaintenance,FIM-FIM-RNM-TEPM,New Maintenance,true,01sa5000001vuxlAAA,Standard Price Book,USD,0,true
01uWC000005q6jRYAQ,01tWC00000DD1nNYAT,Tripwire Enterprise for POS Servers-NewMaintenance,FIM-FIM-RNM-TEPSNM,New Maintenance,true,01sa5000001vuxlAAA,Standard Price Book,USD,0,true
01uWC000005q6jXYAQ,01tWC00000DD1nRYAT,Tripwire Enterprise for Small Stores (up to 5 FS)-NewMaintenance,FIM-FIM-RNM-TESSUT,New Maintenance,true,01sa5000001vuxlAAA,Standard Price Book,USD,0,true
01uWC000005q6jdYAA,01tWC00000DD1noYAD,Tripwire for Databases-NewMaintenance,FIM-FIM-RNM-TDNM,New Maintenance,true,01sa5000001vuxlAAA,Standard Price Book,USD,0,true
01uWC000005q6jjYAA,01tWC00000DD1nsYAD,Tripwire for Directory Services-NewMaintenance,FIM-FIM-RNM-TDSNM,New Maintenance,true,01sa5000001vuxlAAA,Standard Price Book,USD,0,true
01uWC000005q6jpYAA,01tWC00000DD1o1YAD,Tripwire for Servers-NewMaintenance,FIM-FIM-RNM-TSNM,New Maintenance,true,01sa5000001vuxlAAA,Standard Price Book,USD,0,true
01uWC000005q6k0YAA,01tWC00000DD1oQYAT,Tripwire Log Center Advanced Log Collector-NewMaintenance,FIM-TLC-RNM-TLCM,New Maintenance,true,01sa5000001vuxlAAA,Standard Price Book,USD,0,true
01uWC000005q6kGYAQ,01tWC00000DD1oWYAT,Tripwire Log Center Console-NewMaintenance,FIM-TLC-RNM-TLCCNM,New Maintenance,true,01sa5000001vuxlAAA,Standard Price Book,USD,0,true
01uWC000005q6kRYAQ,01tWC00000DD1obYAD,Tripwire Log Center for Databases (includes Remote Log Collector)-NewMaintenance,FIM-TLC-RNM-TRIPWL,New Maintenance,true,01sa5000001vuxlAAA,Standard Price Book,USD,0,true
01uWC000005q6l2YAA,01tWC00000DD20QYAT,"Fortra DCS ""Advance"" ULTRA Package - Government-RenewalMaintenance",DP-DC-RRM-FDAUPGRM,Renewal Maintenance,true,01sa5000001vuxlAAA,Standard Price Book,USD,0,true
01uWC000005q6l8YAA,01tWC00000DD20RYAT,"Fortra DCS ""Advance"" ULTRA Package - Government-NewMaintenance",DP-DC-RNM-FDAUPGNM,New Maintenance,true,01sa5000001vuxlAAA,Standard Price Book,USD,0,true
01uWC000005q6lEYAQ,01tWC00000DD20SYAT,"Fortra DCS ""Plus"" ULTRA Package - Government-RenewalMaintenance",DP-DC-RRM-FDPUPGRM,Renewal Maintenance,true,01sa5000001vuxlAAA,Standard Price Book,USD,0,true
01uWC000005q6lKYAQ,01tWC00000DD20TYAT,"Fortra DCS ""Plus"" ULTRA Package - Government-NewMaintenance",DP-DC-RNM-FDPUPGNM,New Maintenance,true,01sa5000001vuxlAAA,Standard Price Book,USD,0,true
01uWC000005q6lQYAQ,01tWC00000DD20qYAD,VMC - Security Agent-RenewalMaintenance,SM-VMC-RRM-VSARM,Renewal Maintenance,true,01sa5000001vuxlAAA,Standard Price Book,USD,0,true
01uWC000005q6lWYAQ,01tWC00000DD20rYAD,VMC - Security Agent-NewMaintenance,SM-VMC-RNM-VSANM,New Maintenance,true,01sa5000001vuxlAAA,Standard Price Book,USD,0,true
01uWC000005q6lcYAA,01tWC00000DD20sYAD,"Robot Bundle - Schedule, Alert, Replay-RenewalMaintenance",SM-ROB-RRM-RBSARRM,Renewal Maintenance,true,01sa5000001vuxlAAA,Standard Price Book,USD,0,true
01uWC000005q6liYAA,01tWC00000DD20tYAD,"Robot Bundle - Schedule, Alert, Replay-NewMaintenance",SM-ROB-RNM-RBSARNM,New Maintenance,true,01sa5000001vuxlAAA,Standard Price Book,USD,0,true
01uWC000005q6loYAA,01tWC00000DD20uYAD,Robot Bundle - Console & Alert-RenewalMaintenance,SM-ROB-RRM-RBCARM,Renewal Maintenance,true,01sa5000001vuxlAAA,Standard Price Book,USD,0,true
01uWC000005q6luYAA,01tWC00000DD20vYAD,Robot Bundle - Console & Alert-NewMaintenance,SM-ROB-RNM-RBCANM,New Maintenance,true,01sa5000001vuxlAAA,Standard Price Book,USD,0,true
01uWC000005q6m0YAA,01tWC00000DD20wYAD,Fortra DCS for DaR (Data at rest) with DCS INTELLIGENT PROTECTION - Government-RenewalMaintenance,DP-DC-RRM-DCDARGRM,Renewal Maintenance,true,01sa5000001vuxlAAA,Standard Price Book,USD,0,true
01uWC000005q6m6YAA,01tWC00000DD20xYAD,Fortra DCS for DaR (Data at rest) with DCS INTELLIGENT PROTECTION - Government-NewMaintenance,DP-DC-RNM-DCDARGNM,New Maintenance,true,01sa5000001vuxlAAA,Standard Price Book,USD,0,true
01uWC000005q6mHYAQ,01tWC00000DD21KYAT,Audit & Reporting-RenewalMaintenance,GS-GSE-RRM-AUDREPRM,Renewal Maintenance,true,01sa5000001vuxlAAA,Standard Price Book,USD,0,true
01uWC000005q6mNYAQ,01tWC00000DD21LYAT,Cloud Connector Actions-RenewalMaintenance,GS-GSE-RRM-CCARM,Renewal Maintenance,true,01sa5000001vuxlAAA,Standard Price Book,USD,0,true
01uWC000005q6mTYAQ,01tWC00000DD21MYAT,DMZ Gateway 3 - Single Site-RenewalMaintenance,GS-GSE-RRM-DG3SSRM,Renewal Maintenance,true,01sa5000001vuxlAAA,Standard Price Book,USD,0,true
01uWC000005q6mjYAA,01tWC00000DD21PYAT,EFT 7 Enterprise-RenewalMaintenance,GS-GSE-RRM-EFT7ERM,Renewal Maintenance,true,01sa5000001vuxlAAA,Standard Price Book,USD,0,true
01uWC000005q6mpYAA,01tWC00000DD21QYAT,EFT 7 Express-NewMaintenance,GS-GSE-RNM-EFT7EXNM,New Maintenance,true,01sa5000001vuxlAAA,Standard Price Book,USD,0,true
01uWC000005q6n0YAA,01tWC00000DD21SYAT,EFT 7 Express Upgrade-NewMaintenance,GS-GSE-RNM-EFT7EUNM,New Maintenance,true,01sa5000001vuxlAAA,Standard Price Book,USD,0,true
01uWC000005q6n6YAA,01tWC00000DD21TYAT,EFT 7 Express Upgrade-RenewalMaintenance,GS-GSE-RRM-E7EURM,Renewal Maintenance,true,01sa5000001vuxlAAA,Standard Price Book,USD,0,true
01uWC000005q6nMYAQ,01tWC00000DD21XYAT,EFT Advanced Workflow Engine (AWE) Module-RenewalMaintenance,GS-GSE-RRM-EAWEMRM,Renewal Maintenance,true,01sa5000001vuxlAAA,Standard Price Book,USD,0,true
01uWC000005q6nXYAQ,01tWC00000DD21ZYAT,EFT Business Activity Monitor (BAM)-RenewalMaintenance,GS-GSE-RRM-EBAMRM,Renewal Maintenance,true,01sa5000001vuxlAAA,Standard Price Book,USD,0,true
01uWC000005q6ndYAA,01tWC00000DD21aYAD,EFT Continuum Business Activity Monitor (BAM)-RenewalMaintenance,GS-GSE-RRM-ECBAMRM,Renewal Maintenance,true,01sa5000001vuxlAAA,Standard Price Book,USD,0,true
01uWC000005q6njYAA,01tWC00000DD21bYAD,EFT Express Mobile Transfer Client-NewMaintenance,GS-GSE-RNM-EEMTCNM,New Maintenance,true,01sa5000001vuxlAAA,Standard Price Book,USD,0,true
01uWC000005q6npYAA,01tWC00000DD21cYAD,EFT File Transfer Client Module FTC-RenewalMaintenance,GS-GSE-RRM-EFTCMFRM,Renewal Maintenance,true,01sa5000001vuxlAAA,Standard Price Book,USD,0,true
01uWC000005q6uTYAQ,01tWC00000DCwWUYA1,IP360-NewMaintenance,FIM-FIM-RNM-IP36NE,New Maintenance,true,01sa5000001vuxlAAA,Standard Price Book,USD,0,true
01uWC000005q6ueYAA,01tWC00000DCwWgYAL,IPP-NewMaintenance,IPP-IPP-RNM-IPPNEW,New Maintenance,true,01sa5000001vuxlAAA,Standard Price Book,USD,0,true
01uWC000005q6ukYAA,01tWC00000DCwWhYAL,IPP-RenewalMaintenance,IPP-IPP-RRM-IPPREN,Renewal Maintenance,true,01sa5000001vuxlAAA,Standard Price Book,USD,0,true
01uWC000005q6uqYAA,01tWC00000DCxkqYAD,TE Academic Institution Site License - File Systems-NewMaintenance,FIM-FIM-RNM-TACADE,New Maintenance,true,01sa5000001vuxlAAA,Standard Price Book,USD,0,true
01uWC000005q6uwYAA,01tWC00000DCxkuYAD,TE Academic Institution Site License - Network Device-NewMaintenance,FIM-FIM-RNM-TEAIN,New Maintenance,true,01sa5000001vuxlAAA,Standard Price Book,USD,0,true
01uWC000005q6v2YAA,01tWC00000DCxkxYAD,TE Academic Institution Site License - VMWare ESX-NewMaintenance,FIM-FIM-RNM-TEAINS,New Maintenance,true,01sa5000001vuxlAAA,Standard Price Book,USD,0,true
01uWC000005q6v8YAA,01tWC00000DCxlZYAT,TFS for Workstations-NewMaintenance,FIM-FIM-RNM-TFSWNM,New Maintenance,true,01sa5000001vuxlAAA,Standard Price Book,USD,0,true
01uWC000005q6vJYAQ,01tWC00000DCyyBYAT,VnE Manager Ev-NewMaintenance,FIM-FIM-RNM-VEMENM,New Maintenance,true,01sa5000001vuxlAAA,Standard Price Book,USD,0,true
01uWC000005q6vUYAQ,01tWC00000DCyyIYAT,VnE Manager Ev Express-NewMaintenance,FIM-FIM-RNM-VEMEEN,New Maintenance,true,01sa5000001vuxlAAA,Standard Price Book,USD,0,true
01uWC000005q6vaYAA,01tWC00000DCyyKYAT,VnE Manager Ev Limited-NewMaintenance,FIM-FIM-RNM-VEMELN,New Maintenance,true,01sa5000001vuxlAAA,Standard Price Book,USD,0,true
01uWC000005q6vlYAA,01tWC00000DCyyRYAT,Vulnerability Management-NewMaintenance,VM-DDL-RNM-VULNNE,New Maintenance,true,01sa5000001vuxlAAA,Standard Price Book,USD,0,true
01uWC000005q6vrYAA,01tWC00000DCyySYAT,Vulnerability Management-RenewalMaintenance,VM-DDL-RRM-VULNRE,Renewal Maintenance,true,01sa5000001vuxlAAA,Standard Price Book,USD,0,true
01uWC000005q6w2YAA,01tWC00000DCzhLYAT,GoAnywhere Collaboration Bundle with Gateway-NewMaintenance,GOA-GAM-RNM-GCBGNM,New Maintenance,true,01sa5000001vuxlAAA,Standard Price Book,USD,0,true
01uWC000005q6xkYAA,01tWC00000DCzhMYAT,GoAnywhere Premium Bundle - Clustered-RenewalMaintenance,GOA-GAM-RRM-GPBCRM,Renewal Maintenance,true,01sa5000001vuxlAAA,Standard Price Book,USD,0,true
01uWC000005q6xqYAA,01tWC00000DCzhNYAT,GoAnywhere Premium Bundle - Clustered-NewMaintenance,GOA-GAM-RNM-GPBCNM,New Maintenance,true,01sa5000001vuxlAAA,Standard Price Book,USD,0,true
01uWC000005q6xwYAA,01tWC00000DCzhOYAT,GoAnywhere Premium Bundle with Threat Protection-RenewalMaintenance,GOA-GAM-RRM-GPBTPRM,Renewal Maintenance,true,01sa5000001vuxlAAA,Standard Price Book,USD,0,true
01uWC000005q6y2YAA,01tWC00000DCzhPYAT,GoAnywhere Premium Bundle with Threat Protection-NewMaintenance,GOA-GAM-RNM-GPBTPNM,New Maintenance,true,01sa5000001vuxlAAA,Standard Price Book,USD,0,true
01uWC000005q6y8YAA,01tWC00000DCzhQYAT,GoAnywhere Starter Bundle with Gateway-RenewalMaintenance,GOA-GAM-RRM-GSBGRM,Renewal Maintenance,true,01sa5000001vuxlAAA,Standard Price Book,USD,0,true
01uWC000005q6yEYAQ,01tWC00000DCzhRYAT,GoAnywhere Starter Bundle with Gateway-NewMaintenance,GOA-GAM-RNM-GSBGNM,New Maintenance,true,01sa5000001vuxlAAA,Standard Price Book,USD,0,true
01uWC000005q6yKYAQ,01tWC00000DCzhSYAT,GoAnywhere Starter Bundle with Gateway and Threat Protection-RenewalMaintenance,GOA-GAM-RRM-GSBGTPRM,Renewal Maintenance,true,01sa5000001vuxlAAA,Standard Price Book,USD,0,true
01uWC000005q6yQYAQ,01tWC00000DCzhTYAT,GoAnywhere Starter Bundle with Gateway and Threat Protection-NewMaintenance,GOA-GAM-RNM-GSBGTPNM,New Maintenance,true,01sa5000001vuxlAAA,Standard Price Book,USD,0,true
01uWC000005q6yWYAQ,01tWC00000DCzhUYAT,Insite Analytics - Core-RenewalMaintenance,BI-ISA-RRM-IACRM,Renewal Maintenance,true,01sa5000001vuxlAAA,Standard Price Book,USD,0,true
01uWC000005q6ycYAA,01tWC00000DCzhVYAT,Insite Analytics - Core-NewMaintenance,BI-ISA-RNM-IACNM,New Maintenance,true,01sa5000001vuxlAAA,Standard Price Book,USD,0,true
01uWC000005q6yiYAA,01tWC00000DCzhWYAT,Insite Analytics - Premium-RenewalMaintenance,BI-ISA-RRM-IAPRMRM,Renewal Maintenance,true,01sa5000001vuxlAAA,Standard Price Book,USD,0,true
01uWC000005q6yoYAA,01tWC00000DCzhXYAT,Insite Analytics - Premium-NewMaintenance,BI-ISA-RNM-IAPRMNM,New Maintenance,true,01sa5000001vuxlAAA,Standard Price Book,USD,0,true
01uWC000005q6yuYAA,01tWC00000DCzhYYAT,Insite Analytics - Pro-RenewalMaintenance,BI-ISA-RRM-IAPROM,Renewal Maintenance,true,01sa5000001vuxlAAA,Standard Price Book,USD,0,true
01uWC000005q6z0YAA,01tWC00000DCzhZYAT,Insite Analytics - Pro-NewMaintenance,BI-ISA-RNM-IAPRONM,New Maintenance,true,01sa5000001vuxlAAA,Standard Price Book,USD,0,true
01uWC000005q6z6YAA,01tWC00000DCzhcYAD,SEQUEL SMB Bundle - Primary-RenewalMaintenance,BI-SQ-RRM-SSBPRM,Renewal Maintenance,true,01sa5000001vuxlAAA,Standard Price Book,USD,0,true
01uWC000005q6zCYAQ,01tWC00000DCzhdYAD,SEQUEL SMB Bundle - Primary-NewMaintenance,BI-SQ-RNM-SSBPNM,New Maintenance,true,01sa5000001vuxlAAA,Standard Price Book,USD,0,true
01uWC000005q6zrYAA,01tWC00000DD1tYYAT,Tripwire State Analyzer-NewMaintenance,FIM-FIM-RNM-TSANM,New Maintenance,true,01sa5000001vuxlAAA,Standard Price Book,USD,0,true
01uWC000005q6zxYAA,01tWC00000DD1tcYAD,Tripwire State Analyzer Express-NewMaintenance,FIM-FIM-RNM-TSAENM,New Maintenance,true,01sa5000001vuxlAAA,Standard Price Book,USD,0,true
01uWC000005q75oYAA,01tWC00000DD1oiYAD,Tripwire Log Center for Desktops (includes Advanced Log Collector Agent)-NewMaintenance,FIM-TLC-RNM-TLCDIA,New Maintenance,true,01sa5000001vuxlAAA,Standard Price Book,USD,0,true
01uWC000005q75zYAA,01tWC00000DD1omYAD,Tripwire Log Center for Directory Services (includes Advanced Log Collector Agent)-NewMaintenance,FIM-TLC-RNM-TLCDSI,New Maintenance,true,01sa5000001vuxlAAA,Standard Price Book,USD,0,true
01uWC000005q76AYAQ,01tWC00000DD1oqYAD,Tripwire Log Center for File Systems  (includes Advanced Log Collector Agent)-NewMaintenance,FIM-TLC-RNM-TLCFSI,New Maintenance,true,01sa5000001vuxlAAA,Standard Price Book,USD,0,true
01uWC000005q76QYAQ,01tWC00000DD1p2YAD,Tripwire Log Center for Industrial Environments-NewMaintenance,FIM-TLC-RNM-TLCIEN,New Maintenance,true,01sa5000001vuxlAAA,Standard Price Book,USD,0,true
01uWC000005q76bYAA,01tWC00000DD1p6YAD,Tripwire Log Center for Microsoft Exchange (includes Advanced Log Collector Agent)-NewMaintenance,FIM-TLC-RNM-TLCMEI,New Maintenance,true,01sa5000001vuxlAAA,Standard Price Book,USD,0,true
01uWC000005q76mYAA,01tWC00000DD1p9YAD,Tripwire Asset Discovery Profiler Ev Limited-RenewalMaintenance,FIM-FIM-RRM-TADPELRM,Renewal Maintenance,true,01sa5000001vuxlAAA,Standard Price Book,USD,0,true
01uWC000005q772YAA,01tWC00000DD1pGYAT,Tripwire Log Center for Microsoft IIS (includes Advanced Log Collector Agent)-NewMaintenance,FIM-TLC-RNM-TLCMII,New Maintenance,true,01sa5000001vuxlAAA,Standard Price Book,USD,0,true
01uWC000005q77DYAQ,01tWC00000DD1pPYAT,Tripwire Log Center for Network Devices (includes Remote Collector)-NewMaintenance,FIM-TLC-RNM-TLCNDI,New Maintenance,true,01sa5000001vuxlAAA,Standard Price Book,USD,0,true
01uWC000005q77OYAQ,01tWC00000DD1pTYAT,Tripwire Log Center for POS End Point Systems (includes Advanced Log Collector Agent)-NewMaintenance,FIM-TLC-RNM-TLCPEP,New Maintenance,true,01sa5000001vuxlAAA,Standard Price Book,USD,0,true
01uWC000005q77UYAQ,01tWC00000DD1pVYAT,Tripwire Log Center for POS End Point Systems (includes Advanced Log Collector Agent)-RenewalMaintenance,FIM-TLC-RRM-TRLCEP,Renewal Maintenance,true,01sa5000001vuxlAAA,Standard Price Book,USD,0,true
01uWC000005q77aYAA,01tWC00000DD1pXYAT,Tripwire Log Center for POS Servers (includes Advanced Log Collector Agent)-NewMaintenance,FIM-TLC-RNM-TLCPSI,New Maintenance,true,01sa5000001vuxlAAA,Standard Price Book,USD,0,true
01uWC000005q77gYAA,01tWC00000DD1pZYAT,Tripwire Log Center for POS Servers (includes Advanced Log Collector Agent)-RenewalMaintenance,FIM-TLC-RRM-TRLCPS,Renewal Maintenance,true,01sa5000001vuxlAAA,Standard Price Book,USD,0,true
01uWC000005q77mYAA,01tWC00000DD1pjYAD,Tripwire Log Center for VMware ESX (includes Remote Collector)-NewMaintenance,FIM-TLC-RNM-TLOCEV,New Maintenance,true,01sa5000001vuxlAAA,Standard Price Book,USD,0,true
01uWC000005q782YAA,01tWC00000DD1ppYAD,Tripwire Log Center Manager-NewMaintenance,FIM-TLC-RNM-TLCMNM,New Maintenance,true,01sa5000001vuxlAAA,Standard Price Book,USD,0,true
01uWC000005q788YAA,01tWC00000DD1tKYAT,Tripwire Log Center Remote Log Collector-NewMaintenance,FIM-TLC-RNM-TLCRLC,New Maintenance,true,01sa5000001vuxlAAA,Standard Price Book,USD,0,true
01uWC000005q78JYAQ,01tWC00000DD1tQYAT,Tripwire Manager-NewMaintenance,FIM-FIM-RNM-TMNM,New Maintenance,true,01sa5000001vuxlAAA,Standard Price Book,USD,0,true
01uWC000005q7CCYAY,01tWC00000DCzheYAD,SEQUEL SMB Bundle - Secondary-RenewalMaintenance,BI-SQ-RRM-SSBSRM,Renewal Maintenance,true,01sa5000001vuxlAAA,Standard Price Book,USD,0,true
01uWC000005q7FWYAY,01tWC00000DCzhfYAD,SEQUEL SMB Bundle - Secondary-NewMaintenance,BI-SQ-RNM-SSBSNM,New Maintenance,true,01sa5000001vuxlAAA,Standard Price Book,USD,0,true
01uWC000005q7FcYAI,01tWC00000DCzhgYAD,Sequel Data Warehouse (RODIN) Select License - Bronze Edition-RenewalMaintenance,BI-SDW-RRM-SDWSBERM,Renewal Maintenance,true,01sa5000001vuxlAAA,Standard Price Book,USD,0,true
01uWC000005q7FiYAI,01tWC00000DCzhhYAD,Sequel Data Warehouse (RODIN) Select License - Bronze Edition-NewMaintenance,BI-SDW-RNM-SDWSBENM,New Maintenance,true,01sa5000001vuxlAAA,Standard Price Book,USD,0,true
01uWC000005q7FoYAI,01tWC00000DCzhiYAD,Sequel Data Warehouse (RODIN) Select License - Gold Edition-RenewalMaintenance,BI-SDW-RRM-SDWSGERM,Renewal Maintenance,true,01sa5000001vuxlAAA,Standard Price Book,USD,0,true
01uWC000005q7FuYAI,01tWC00000DCzhjYAD,Sequel Data Warehouse (RODIN) Select License - Gold Edition-NewMaintenance,BI-SDW-RNM-SDWSGENM,New Maintenance,true,01sa5000001vuxlAAA,Standard Price Book,USD,0,true
01uWC000005q7G0YAI,01tWC00000DCzhkYAD,Sequel Data Warehouse (RODIN) Select License - Platinum Edition-RenewalMaintenance,BI-SDW-RRM-SDWSPERM,Renewal Maintenance,true,01sa5000001vuxlAAA,Standard Price Book,USD,0,true
01uWC000005q7GDYAY,01tWC00000DD10mYAD,Cobalt Strike-NewMaintenance,OS-COS-RNM-CSNM,New Maintenance,true,01sa5000001vuxlAAA,Standard Price Book,USD,0,true
01uWC000005q7GJYAY,01tWC00000DD10nYAD,Cobalt Strike-RenewalMaintenance,OS-COS-RRM-CSRM,Renewal Maintenance,true,01sa5000001vuxlAAA,Standard Price Book,USD,0,true
01uWC000005q7GcYAI,01tWC00000DD14wYAD,Automate Services-RenewalMaintenance,RPA-AUT-RRM-ASRM,Renewal Maintenance,true,01sa5000001vuxlAAA,Standard Price Book,USD,0,true
01uWC000005q7GiYAI,01tWC00000DD15rYAD,CCM for Network Devices-NewMaintenance,FIM-FIM-RNM-CCMNDN,New Maintenance,true,01sa5000001vuxlAAA,Standard Price Book,USD,0,true
01uWC000005q7GtYAI,01tWC00000DD15wYAD,CCM for Servers-NewMaintenance,FIM-FIM-RNM-CCMSNM,New Maintenance,true,01sa5000001vuxlAAA,Standard Price Book,USD,0,true
01uWC000005q7H4YAI,01tWC00000DD161YAD,CCM for Single Purpose Devices-NewMaintenance,FIM-FIM-RNM-CCMSIN,New Maintenance,true,01sa5000001vuxlAAA,Standard Price Book,USD,0,true
01uWC000005q7HFYAY,01tWC00000DD166YAD,CCM for Workstations-NewMaintenance,FIM-FIM-RNM-CCMWNM,New Maintenance,true,01sa5000001vuxlAAA,Standard Price Book,USD,0,true
01uWC000005q7HQYAY,01tWC00000DD16DYAT,CCM Limited Management Server-NewMaintenance,FIM-FIM-RNM-CCMLMS,New Maintenance,true,01sa5000001vuxlAAA,Standard Price Book,USD,0,true
01uWC000005q7HbYAI,01tWC00000DD16HYAT,CCM Limited Scan Engine-NewMaintenance,FIM-FIM-RNM-CCMLSE,New Maintenance,true,01sa5000001vuxlAAA,Standard Price Book,USD,0,true
01uWC000005q7HhYAI,01tWC00000DD16JYAT,CCM Limited Scan Engine-RenewalMaintenance,FIM-FIM-RRM-CCMLSC,Renewal Maintenance,true,01sa5000001vuxlAAA,Standard Price Book,USD,0,true
01uWC000005q7HnYAI,01tWC00000DD16LYAT,CCM Management Server-NewMaintenance,FIM-FIM-RNM-CCMMSN,New Maintenance,true,01sa5000001vuxlAAA,Standard Price Book,USD,0,true
01uWC000005q7HyYAI,01tWC00000DD16QYAT,CCM Scan Engine-NewMaintenance,FIM-FIM-RNM-CCMSEN,New Maintenance,true,01sa5000001vuxlAAA,Standard Price Book,USD,0,true
01uWC000005q7L6YAI,01tWC00000DD1h7YAD,Tripwire App - TE Integration Framework - ServiceNow - Utility-NewMaintenance,FIM-FIM-RNM-TATEIF,New Maintenance,true,01sa5000001vuxlAAA,Standard Price Book,USD,0,true
01uWC000005q7SWYAY,01tWC00000DD1BNYA1,Device Profiler Ev-NewMaintenance,FIM-FIM-RNM-DPENEW,New Maintenance,true,01sa5000001vuxlAAA,Standard Price Book,USD,0,true
01uWC000005q7SrYAI,01tWC00000DD1BVYA1,Device Profiler Ev Limited-NewMaintenance,FIM-FIM-RNM-DPELNM,New Maintenance,true,01sa5000001vuxlAAA,Standard Price Book,USD,0,true
01uWC000005q7TqYAI,01tWC00000DD1HwYAL,File Integrity Manager for Desktops-NewMaintenance,FIM-FIM-RNM-FIMDES,New Maintenance,true,01sa5000001vuxlAAA,Standard Price Book,USD,0,true
01uWC000005q7TwYAI,01tWC00000DD1I4YAL,File Integrity Manager for File Systems-NewMaintenance,FIM-FIM-RNM-FIMFSN,New Maintenance,true,01sa5000001vuxlAAA,Standard Price Book,USD,0,true
01uWC000005q7U2YAI,01tWC00000DD1IBYA1,"File Integrity Manager for Large Stores w/ND & DB (up to 75 FS, 75 ND & 1 DB)-NewMaintenance",FIM-FIM-RNM-FIMLSW,New Maintenance,true,01sa5000001vuxlAAA,Standard Price Book,USD,0,true
01uWC000005q7U8YAI,01tWC00000DD1IDYA1,"File Integrity Manager for Large Stores w/ND & DB (up to 75 FS, 75 ND & 1 DB)-RenewalMaintenance",FIM-FIM-RRM-FIMLST,Renewal Maintenance,true,01sa5000001vuxlAAA,Standard Price Book,USD,0,true
01uWC000005q7UEYAY,01tWC00000DD1IEYA1,File Integrity Manager for Mid-Size Stores (up to 20 FS)-NewMaintenance,FIM-FIM-RNM-FIMMSS,New Maintenance,true,01sa5000001vuxlAAA,Standard Price Book,USD,0,true
01uWC000005q7UPYAY,01tWC00000DD1IIYA1,File Integrity Manager for Network Devices-NewMaintenance,FIM-FIM-RNM-FIMNDN,New Maintenance,true,01sa5000001vuxlAAA,Standard Price Book,USD,0,true
01uWC000005q7UVYAY,01tWC00000DD1INYA1,File Integrity Manager for POS End Point Systems-NewMaintenance,FIM-FIM-RNM-FIMPEP,New Maintenance,true,01sa5000001vuxlAAA,Standard Price Book,USD,0,true
01uWC000005q7UbYAI,01tWC00000DD1ISYA1,File Integrity Manager for POS Servers-NewMaintenance,FIM-FIM-RNM-FIMPSN,New Maintenance,true,01sa5000001vuxlAAA,Standard Price Book,USD,0,true
01uWC000005q7UhYAI,01tWC00000DD1IZYA1,"File Integrity Manager for Small Stores w/ND & DB (up to 5 FS, 5 ND & 1 DB)-NewMaintenance",FIM-FIM-RNM-FIMSSW,New Maintenance,true,01sa5000001vuxlAAA,Standard Price Book,USD,0,true
01uWC000005q7XFYAY,01tWC00000DD1IdYAL,File Integrity Manager for VMware ESX-NewMaintenance,FIM-FIM-RNM-FIMVEN,New Maintenance,true,01sa5000001vuxlAAA,Standard Price Book,USD,0,true
01uWC000005q7XVYAY,01tWC00000DD1JdYAL,"FIM for Mid-Size Stores w/ND & DB (up to 20 FS, 20 ND & 1 DB)-NewMaintenance",FIM-FIM-RNM-FIMMNE,New Maintenance,true,01sa5000001vuxlAAA,Standard Price Book,USD,0,true
01uWC000005q7XbYAI,01tWC00000DD1JfYAL,"FIM for Mid-Size Stores w/ND & DB (up to 20 FS, 20 ND & 1 DB)-RenewalMaintenance",FIM-FIM-RRM-FIMMRE,Renewal Maintenance,true,01sa5000001vuxlAAA,Standard Price Book,USD,0,true
01uWC000005q7XhYAI,01tWC00000DD1Q1YAL,Human Risk Management-RenewalMaintenance,HRM-HRM-RRM-HRMRM,Renewal Maintenance,true,01sa5000001vuxlAAA,Standard Price Book,USD,0,true
01uWC000005q7XxYAI,01tWC00000DD1V5YAL,Policy Manager for Desktops-NewMaintenance,FIM-FIM-RNM-PMDNM,New Maintenance,true,01sa5000001vuxlAAA,Standard Price Book,USD,0,true
01uWC000005q7Y3YAI,01tWC00000DD1VAYA1,Policy Manager for File Systems-NewMaintenance,FIM-FIM-RNM-PMFSNM,New Maintenance,true,01sa5000001vuxlAAA,Standard Price Book,USD,0,true
01uWC000005q7YJYAY,01tWC00000DD1ZvYAL,Policy Manager for Network Devices-NewMaintenance,FIM-FIM-RNM-PMNDNM,New Maintenance,true,01sa5000001vuxlAAA,Standard Price Book,USD,0,true
01uWC000005q7YPYAY,01tWC00000DD1a0YAD,Policy Manager for POS End Point Systems-NewMaintenance,FIM-FIM-RNM-POLICY,New Maintenance,true,01sa5000001vuxlAAA,Standard Price Book,USD,0,true
01uWC000005q7YVYAY,01tWC00000DD1a5YAD,Policy Manager for POS Servers-NewMaintenance,FIM-FIM-RNM-PMPSNM,New Maintenance,true,01sa5000001vuxlAAA,Standard Price Book,USD,0,true
01uWC000005q7YbYAI,01tWC00000DD1aAYAT,Policy Manager for VMware ESX-NewMaintenance,FIM-FIM-RNM-PMVENM,New Maintenance,true,01sa5000001vuxlAAA,Standard Price Book,USD,0,true
01uWC000005q7YhYAI,01tWC00000DD1gLYAT,Tripwire App - Custom Workflow Integration for Nozomi - Utility-NewMaintenance,FIM-FIM-RNM-TACWIN,New Maintenance,true,01sa5000001vuxlAAA,Standard Price Book,USD,0,true
01uWC000005q7YnYAI,01tWC00000DD1gNYAT,Tripwire App - Custom Workflow Integration for Nozomi - Utility-RenewalMaintenance,FIM-FIM-RRM-TACM,Renewal Maintenance,true,01sa5000001vuxlAAA,Standard Price Book,USD,0,true
01uWC000005q7YtYAI,01tWC00000DD1gRYAT,Tripwire App - Dynamic Software Reconciliation - Utility-NewMaintenance,FIM-FIM-RNM-TADM,New Maintenance,true,01sa5000001vuxlAAA,Standard Price Book,USD,0,true
01uWC000005q7Z4YAI,01tWC00000DD1gWYAT,Tripwire App - Dynamic Software Reconciliation Express - Utility-NewMaintenance,FIM-FIM-RNM-TRNM,New Maintenance,true,01sa5000001vuxlAAA,Standard Price Book,USD,0,true
01uWC000005q7ZFYAY,01tWC00000DD1gbYAD,Tripwire App - Event Sender - Utility-NewMaintenance,FIM-FIM-RNM-TAESUN,New Maintenance,true,01sa5000001vuxlAAA,Standard Price Book,USD,0,true
01uWC000005q7ZQYAY,01tWC00000DD1ggYAD,Tripwire App - TE Integration Framework - CA Service Desk - Utility-NewMaintenance,FIM-FIM-RNM-TATM,New Maintenance,true,01sa5000001vuxlAAA,Standard Price Book,USD,0,true
01uWC000005q7ZWYAY,01tWC00000DD1ghYAD,Tripwire App - TE Integration Framework - CA Service Desk - Utility-RenewalMaintenance,FIM-FIM-RRM-TRIPAP,Renewal Maintenance,true,01sa5000001vuxlAAA,Standard Price Book,USD,0,true
01uWC000005q7ZcYAI,01tWC00000DD1gkYAD,Tripwire App - TE Integration Framework - ChangeGear - Utility-NewMaintenance,FIM-FIM-RNM-TRIAPP,New Maintenance,true,01sa5000001vuxlAAA,Standard Price Book,USD,0,true
01uWC000005q7ZnYAI,01tWC00000DD1goYAD,Tripwire App - TE Integration Framework - Cherwell - Utility-NewMaintenance,FIM-FIM-RNM-TRIPAT,New Maintenance,true,01sa5000001vuxlAAA,Standard Price Book,USD,0,true
01uWC000005q7ZyYAI,01tWC00000DD1gsYAD,Tripwire App - TE Integration Framework - Flex - Utility-NewMaintenance,FIM-FIM-RNM-TRAPPT,New Maintenance,true,01sa5000001vuxlAAA,Standard Price Book,USD,0,true
01uWC000005q7a9YAA,01tWC00000DD1gxYAD,Tripwire App - TE Integration Framework - Jira - Utility-NewMaintenance,FIM-FIM-RNM-TRAPTE,New Maintenance,true,01sa5000001vuxlAAA,Standard Price Book,USD,0,true
01uWC000005q7cOYAQ,01tWC00000DD1h2YAD,Tripwire App - TE Integration Framework - Remedy - Utility-NewMaintenance,FIM-FIM-RNM-TAPTEI,New Maintenance,true,01sa5000001vuxlAAA,Standard Price Book,USD,0,true
01uWC000005wqeUYAQ,01tWC00000DD1atYAD,Powertech Command Security for IBM i-NewMaintenance,CS-PCS-RNM-PCSIIN,New Maintenance,true,01sWC0000022GHFYA2,Fortra Price Book,USD,0,true
01uWC000005wqeVYAQ,01tWC00000DD1avYAD,Powertech Command Security for IBM i-RenewalMaintenance,CS-PCS-RRM-PCSIIR,Renewal Maintenance,true,01sWC0000022GHFYA2,Fortra Price Book,USD,0,true
01uWC000005wqeWYAQ,01tWC00000DD1ayYAD,Powertech Compliance Monitor Consolidator for IBM i-NewMaintenance,CS-PCM-RNM-PCMCII,New Maintenance,true,01sWC0000022GHFYA2,Fortra Price Book,USD,0,true
01uWC000005wqeXYAQ,01tWC00000DD1b0YAD,Powertech Compliance Monitor Consolidator for IBM i-RenewalMaintenance,CS-PCM-RRM-PCMM,Renewal Maintenance,true,01sWC0000022GHFYA2,Fortra Price Book,USD,0,true
01uWC000005wqeYYAQ,01tWC00000DD1b2YAD,Powertech Compliance Monitor Endpoint for IBM i-NewMaintenance,CS-PCM-RNM-PCMEII,New Maintenance,true,01sWC0000022GHFYA2,Fortra Price Book,USD,0,true
01uWC000005wqeZYAQ,01tWC00000DD1b4YAD,Powertech Compliance Monitor Endpoint for IBM i-RenewalMaintenance,CS-PCM-RRM-POCO,Renewal Maintenance,true,01sWC0000022GHFYA2,Fortra Price Book,USD,0,true
01uWC000005wqeaYAA,01tWC00000DD1b6YAD,Powertech Compliance Monitor for IBM i-NewMaintenance,CS-PCM-RNM-PCMIIN,New Maintenance,true,01sWC0000022GHFYA2,Fortra Price Book,USD,0,true
01uWC000005wqebYAA,01tWC00000DD1b8YAD,Powertech Compliance Monitor for IBM i-RenewalMaintenance,CS-PCM-RRM-PCMIIR,Renewal Maintenance,true,01sWC0000022GHFYA2,Fortra Price Book,USD,0,true
01uWC000005wqecYAA,01tWC00000DD1XXYA1,Remote Data Sourcing-NewMaintenance,BI-SDW-RNM-RDSNM,New Maintenance,true,01sWC0000022GHFYA2,Fortra Price Book,USD,0,true
01uWC000005wqedYAA,01tWC00000DD1XZYA1,Remote Data Sourcing-RenewalMaintenance,BI-SDW-RRM-RDSRM,Renewal Maintenance,true,01sWC0000022GHFYA2,Fortra Price Book,USD,0,true
01uWC000005wqeeYAA,01tWC00000DD1XbYAL,RemoteAccess - Individual-NewMaintenance,NW-IRA-RNM-RAINM,New Maintenance,true,01sWC0000022GHFYA2,Fortra Price Book,USD,0,true
01uWC000005wqefYAA,01tWC00000DD1XdYAL,RemoteAccess - Individual-RenewalMaintenance,NW-IRA-RRM-RAIRM,Renewal Maintenance,true,01sWC0000022GHFYA2,Fortra Price Book,USD,0,true
01uWC000005wqegYAA,01tWC00000DD1XfYAL,RemoteAccess - Individual (Legacy)-NewMaintenance,NW-IRA-RNM-RAILNM,New Maintenance,true,01sWC0000022GHFYA2,Fortra Price Book,USD,0,true
01uWC000005wqehYAA,01tWC00000DD1YtYAL,Robot HA-RenewalMaintenance,SM-RHA-RRM-RHRM,Renewal Maintenance,true,01sWC0000022GHFYA2,Fortra Price Book,USD,0,true
01uWC000005wqeiYAA,01tWC00000DD1YvYAL,Robot Monitor - AIX-NewMaintenance,SM-ROM-RNM-RMANM,New Maintenance,true,01sWC0000022GHFYA2,Fortra Price Book,USD,0,true
01uWC000005wqejYAA,01tWC00000DD1YxYAL,Robot Monitor - AIX-RenewalMaintenance,SM-ROM-RRM-RMARM,Renewal Maintenance,true,01sWC0000022GHFYA2,Fortra Price Book,USD,0,true
01uWC000005wqekYAA,01tWC00000DD1YzYAL,Robot Monitor - Linux-NewMaintenance,SM-ROM-RNM-RMLNM,New Maintenance,true,01sWC0000022GHFYA2,Fortra Price Book,USD,0,true
01uWC000005wqelYAA,01tWC00000DD1Z1YAL,Robot Monitor - Linux-RenewalMaintenance,SM-ROM-RRM-RMLRM,Renewal Maintenance,true,01sWC0000022GHFYA2,Fortra Price Book,USD,0,true
01uWC000005wqemYAA,01tWC00000DD1Z3YAL,Robot Monitor - VIOS-NewMaintenance,SM-ROM-RNM-RMVNM,New Maintenance,true,01sWC0000022GHFYA2,Fortra Price Book,USD,0,true
01uWC000005wqenYAA,01tWC00000DD1Z5YAL,Robot Monitor - VIOS-RenewalMaintenance,SM-ROM-RRM-RMVRM,Renewal Maintenance,true,01sWC0000022GHFYA2,Fortra Price Book,USD,0,true
01uWC000005wqeoYAA,01tWC00000DD1Z7YAL,Robot Replay-NewMaintenance,SM-ROR-RNM-RRNM,New Maintenance,true,01sWC0000022GHFYA2,Fortra Price Book,USD,0,true
01uWC000005wqepYAA,01tWC00000DD1Z9YAL,Robot Replay-RenewalMaintenance,SM-ROR-RRM-RRRM,Renewal Maintenance,true,01sWC0000022GHFYA2,Fortra Price Book,USD,0,true
01uWC000005wqeqYAA,01tWC00000DD1ZBYA1,Robot Reports-NewMaintenance,SM-RRE-RNM-RORE,New Maintenance,true,01sWC0000022GHFYA2,Fortra Price Book,USD,0,true
01uWC000005wqerYAA,01tWC00000DD1ZDYA1,Robot Reports-RenewalMaintenance,SM-RRE-RRM-ROBOTR,Renewal Maintenance,true,01sWC0000022GHFYA2,Fortra Price Book,USD,0,true
01uWC000005wqesYAA,01tWC00000DD1ZFYA1,Robot Save-NewMaintenance,SM-ROS-RNM-RSNM,New Maintenance,true,01sWC0000022GHFYA2,Fortra Price Book,USD,0,true
01uWC000005wqetYAA,01tWC00000DD1ZHYA1,Robot Save-RenewalMaintenance,SM-ROS-RRM-RSRM,Renewal Maintenance,true,01sWC0000022GHFYA2,Fortra Price Book,USD,0,true
01uWC000005wqeuYAA,01tWC00000DD1ZJYA1,Robot Schedule-NewMaintenance,SM-RSC-RNM-ROSC,New Maintenance,true,01sWC0000022GHFYA2,Fortra Price Book,USD,0,true
01uWC000005wqevYAA,01tWC00000DD1ZLYA1,Robot Schedule-RenewalMaintenance,SM-RSC-RRM-ROBOTS,Renewal Maintenance,true,01sWC0000022GHFYA2,Fortra Price Book,USD,0,true
01uWC000005wqewYAA,01tWC00000DD1ZNYA1,Robot Schedule Enterprise-NewMaintenance,SM-RSE-RNM-RSENM,New Maintenance,true,01sWC0000022GHFYA2,Fortra Price Book,USD,0,true
01uWC000005wqexYAA,01tWC00000DD1ZPYA1,Robot Schedule Enterprise-RenewalMaintenance,SM-RSE-RRM-RSERM,Renewal Maintenance,true,01sWC0000022GHFYA2,Fortra Price Book,USD,0,true
01uWC000005wqeyYAA,01tWC00000DD1ZRYA1,Robot Schedule Enterprise Agent-NewMaintenance,SM-RSE-RNM-RSEANM,New Maintenance,true,01sWC0000022GHFYA2,Fortra Price Book,USD,0,true
01uWC000005wqezYAA,01tWC00000DD1ZTYA1,Robot Schedule Enterprise Agent-RenewalMaintenance,SM-RSE-RRM-RSEARM,Renewal Maintenance,true,01sWC0000022GHFYA2,Fortra Price Book,USD,0,true
01uWC000005wqf0YAA,01tWC00000DD1ZUYA1,Robot Schedule EnterpriseOne Interface-NewMaintenance,SM-RSI-RNM-RSEOIN,New Maintenance,true,01sWC0000022GHFYA2,Fortra Price Book,USD,0,true
01uWC000005wqf1YAA,01tWC00000DD1ZWYA1,Robot Schedule EnterpriseOne Interface-RenewalMaintenance,SM-RSI-RRM-RSEOIR,Renewal Maintenance,true,01sWC0000022GHFYA2,Fortra Price Book,USD,0,true
01uWC000005wqf2YAA,01tWC00000DD1ZbYAL,Robot Services-NewMaintenance,SM-SYM-RNM-ROBOSE,New Maintenance,true,01sWC0000022GHFYA2,Fortra Price Book,USD,0,true
01uWC000005wqf3YAA,01tWC00000DD1ZdYAL,Robot Services-RenewalMaintenance,SM-SYM-RRM-ROSERV,Renewal Maintenance,true,01sWC0000022GHFYA2,Fortra Price Book,USD,0,true
01uWC000005wqf4YAA,01tWC00000DD1ZeYAL,Robot Space-NewMaintenance,SM-RSP-RNM-ROBOSP,New Maintenance,true,01sWC0000022GHFYA2,Fortra Price Book,USD,0,true
01uWC000005wqf5YAA,01tWC00000DD1ZgYAL,Robot Space-RenewalMaintenance,SM-RSP-RRM-ROSPAC,Renewal Maintenance,true,01sWC0000022GHFYA2,Fortra Price Book,USD,0,true
01uWC000005wqf6YAA,01tWC00000DD1ZjYAL,Robot Transform-NewMaintenance,SM-ROT-RNM-RTNM,New Maintenance,true,01sWC0000022GHFYA2,Fortra Price Book,USD,0,true
01uWC000005wqf7YAA,01tWC00000DD1ZlYAL,Robot Transform-RenewalMaintenance,SM-ROT-RRM-RTRM,Renewal Maintenance,true,01sWC0000022GHFYA2,Fortra Price Book,USD,0,true
01uWC000005wqf8YAA,01tWC00000DD1ZnYAL,Robot Trapper-NewMaintenance,SM-SYM-RNM-ROTR,New Maintenance,true,01sWC0000022GHFYA2,Fortra Price Book,USD,0,true
01uWC000005wqf9YAA,01tWC00000DD1oGYAT,"Tripwire IP360 Non-transferable Unlimited Use (IP360, VnE-Ev, DP-Ev)-NewMaintenance",FIM-FIM-RNM-TINTUU,New Maintenance,true,01sWC0000022GHFYA2,Fortra Price Book,USD,0,true
01uWC000005wqfAYAQ,01tWC00000DD1oKYAT,Tripwire Log Center - Term Based-NewMaintenance,FIM-TLC-RNM-TLCTBN,New Maintenance,true,01sWC0000022GHFYA2,Fortra Price Book,USD,0,true
01uWC000005wqfBYAQ,01tWC00000DD1ozYAD,Tripwire Log Center for File Systems-NewMaintenance,FIM-TLC-RNM-TLCFSN,New Maintenance,true,01sWC0000022GHFYA2,Fortra Price Book,USD,0,true
01uWC000005wqfCYAQ,01tWC00000DD1rZYAT,VMC - iSeries Support Agent-RenewalMaintenance,SM-VMC-RRM-VISSAG,Renewal Maintenance,true,01sWC0000022GHFYA2,Fortra Price Book,USD,0,true
01uWC000005wqfDYAQ,01tWC00000DD1rbYAD,VMC - iSeries Support Agent (Powered by VSP)-NewMaintenance,SM-VMC-RNM-VMCSAN,New Maintenance,true,01sWC0000022GHFYA2,Fortra Price Book,USD,0,true
01uWC000005wqfEYAQ,01tWC00000DD1rdYAD,VMC - iSeries Support Agent (Powered by VSP)-RenewalMaintenance,SM-VMC-RRM-VMCSAR,Renewal Maintenance,true,01sWC0000022GHFYA2,Fortra Price Book,USD,0,true
01uWC000005wqfFYAQ,01tWC00000DD1rfYAD,VMC - iSeries VISION/Orion Agent-NewMaintenance,SM-VMC-RNM-VMISV,New Maintenance,true,01sWC0000022GHFYA2,Fortra Price Book,USD,0,true
01uWC000005wqfGYAQ,01tWC00000DD1rhYAD,VMC - iSeries VISION/Orion Agent-RenewalMaintenance,SM-VMC-RRM-VISEV,Renewal Maintenance,true,01sWC0000022GHFYA2,Fortra Price Book,USD,0,true
01uWC000005wqfHYAQ,01tWC00000DD1rjYAD,VMC - Linux Operations Agent-NewMaintenance,SM-VMC-RNM-VMCL,New Maintenance,true,01sWC0000022GHFYA2,Fortra Price Book,USD,0,true
01uWC000005wqfIYAQ,01tWC00000DD1rlYAD,VMC - Linux Operations Agent-RenewalMaintenance,SM-VMC-RRM-VLOM,Renewal Maintenance,true,01sWC0000022GHFYA2,Fortra Price Book,USD,0,true
01uWC000005wqfJYAQ,01tWC00000DD1rnYAD,VMC - Linux Security Agent-NewMaintenance,SM-VMC-RNM-VLSM,New Maintenance,true,01sWC0000022GHFYA2,Fortra Price Book,USD,0,true
01uWC000005wqfKYAQ,01tWC00000DD1rpYAD,VMC - Linux Security Agent-RenewalMaintenance,SM-VMC-RRM-VMLI,Renewal Maintenance,true,01sWC0000022GHFYA2,Fortra Price Book,USD,0,true
01uWC000005wqfLYAQ,01tWC00000DD1rrYAD,VMC - Network Operations Agent-NewMaintenance,SM-VMC-RNM-VMCN,New Maintenance,true,01sWC0000022GHFYA2,Fortra Price Book,USD,0,true
01uWC000005wqfMYAQ,01tWC00000DD1rtYAD,VMC - Network Operations Agent-RenewalMaintenance,SM-VMC-RRM-VNOM,Renewal Maintenance,true,01sWC0000022GHFYA2,Fortra Price Book,USD,0,true
01uWC000005wqfNYAQ,01tWC00000DD1rvYAD,VMC - Network Syslog Agent-NewMaintenance,SM-VMC-RNM-VNSM,New Maintenance,true,01sWC0000022GHFYA2,Fortra Price Book,USD,0,true
01uWC000005wqfOYAQ,01tWC00000DD1rxYAD,VMC - Network Syslog Agent-RenewalMaintenance,SM-VMC-RRM-VMNE,Renewal Maintenance,true,01sWC0000022GHFYA2,Fortra Price Book,USD,0,true
01uWC000005wqfPYAQ,01tWC00000DD1rzYAD,VMC - Oracle Operations Agent-NewMaintenance,SM-VMC-RNM-VMCO,New Maintenance,true,01sWC0000022GHFYA2,Fortra Price Book,USD,0,true
01uWC000005wqfQYAQ,01tWC00000DD1s1YAD,VMC - Oracle Operations Agent-RenewalMaintenance,SM-VMC-RRM-VOOM,Renewal Maintenance,true,01sWC0000022GHFYA2,Fortra Price Book,USD,0,true
01uWC000005wqfRYAQ,01tWC00000DD1s3YAD,VMC - Oracle Security Agent-NewMaintenance,SM-VMC-RNM-VOSM,New Maintenance,true,01sWC0000022GHFYA2,Fortra Price Book,USD,0,true
01uWC000005wqfSYAQ,01tWC00000DD1s5YAD,VMC - Oracle Security Agent-RenewalMaintenance,SM-VMC-RRM-VMOR,Renewal Maintenance,true,01sWC0000022GHFYA2,Fortra Price Book,USD,0,true
01uWC000005wqfTYAQ,01tWC00000DD1s7YAD,VMC - Policy Compliance for Windows-NewMaintenance,SM-VMC-RNM-VPCM,New Maintenance,true,01sWC0000022GHFYA2,Fortra Price Book,USD,0,true
01uWC000005wqfUYAQ,01tWC00000DD1s9YAD,VMC - Policy Compliance for Windows-RenewalMaintenance,SM-VMC-RRM-VMPO,Renewal Maintenance,true,01sWC0000022GHFYA2,Fortra Price Book,USD,0,true
01uWC000005wqfVYAQ,01tWC00000DD1g2YAD,Security Scan - Cross Platform-NewMaintenance,CS-PSS-RNM-SSCPNM,New Maintenance,true,01sWC0000022GHFYA2,Fortra Price Book,USD,0,true
01uWC000005wqfWYAQ,01tWC00000DD1g4YAD,Security Scan - Cross Platform-RenewalMaintenance,CS-PSS-RRM-SSCPRM,Renewal Maintenance,true,01sWC0000022GHFYA2,Fortra Price Book,USD,0,true
01uWC000005wqfXYAQ,01tWC00000DD1g6YAD,Security Scan - i-NewMaintenance,CS-PSS-RNM-SSINM,New Maintenance,true,01sWC0000022GHFYA2,Fortra Price Book,USD,0,true
01uWC000005wqfYYAQ,01tWC00000DD1g8YAD,Security Scan - i-RenewalMaintenance,CS-PSS-RRM-SSIRM,Renewal Maintenance,true,01sWC0000022GHFYA2,Fortra Price Book,USD,0,true
01uWC000005wqfZYAQ,01tWC00000DD1gAYAT,Sequel-NewMaintenance,BI-SQ-RNM-SEQUEL,New Maintenance,true,01sWC0000022GHFYA2,Fortra Price Book,USD,0,true
01uWC000005wqfaYAA,01tWC00000DD1gCYAT,Sequel-RenewalMaintenance,BI-SQ-RRM-SERE,Renewal Maintenance,true,01sWC0000022GHFYA2,Fortra Price Book,USD,0,true
01uWC000005wqfbYAA,01tWC00000DD1gEYAT,Sequel - User Based-NewMaintenance,BI-SQ-RNM-SUBNM,New Maintenance,true,01sWC0000022GHFYA2,Fortra Price Book,USD,0,true
01uWC000005wqfcYAA,01tWC00000DD1gGYAT,Sequel - User Based-RenewalMaintenance,BI-SQ-RRM-SUBRM,Renewal Maintenance,true,01sWC0000022GHFYA2,Fortra Price Book,USD,0,true
01uWC000005wqfdYAA,01tWC00000DD1gIYAT,SEQUEL Client Report Option-NewMaintenance,BI-CRO-RNM-SCRM,New Maintenance,true,01sWC0000022GHFYA2,Fortra Price Book,USD,0,true
01uWC000005wqfeYAA,01tWC00000DD1gKYAT,SEQUEL Client Report Option-RenewalMaintenance,BI-CRO-RRM-SECL,Renewal Maintenance,true,01sWC0000022GHFYA2,Fortra Price Book,USD,0,true
01uWC000005wqffYAA,01tWC00000DD1h5YAD,Tripwire App - TE Integration Framework - Remedy - Utility & Implementation-RenewalMaintenance,FIM-FML-RRM-TAPTIF,Renewal Maintenance,true,01sWC0000022GHFYA2,Fortra Price Book,USD,0,true
01uWC000005wqfgYAA,01tWC00000DD1hBYAT,Tripwire App - Term Based Enterprise Utility License-NewMaintenance,FIM-FIM-RNM-TATBEU,New Maintenance,true,01sWC0000022GHFYA2,Fortra Price Book,USD,0,true
01uWC000005wqfhYAA,01tWC00000DD1hDYAT,Tripwire App - Term Based Enterprise Utility License-RenewalMaintenance,FIM-FIM-RRM-TRATER,Renewal Maintenance,true,01sWC0000022GHFYA2,Fortra Price Book,USD,0,true
01uWC000005wqfiYAA,01tWC00000DD1hGYAT,Tripwire App - Whitelist Profiler - Utility-NewMaintenance,FIM-FIM-RNM-TAWPUN,New Maintenance,true,01sWC0000022GHFYA2,Fortra Price Book,USD,0,true
01uWC000005wqfjYAA,01tWC00000DD1hNYAT,Tripwire Enterprise-NewMaintenance,FIM-FIM-RNM-TREN,New Maintenance,true,01sWC0000022GHFYA2,Fortra Price Book,USD,0,true
01uWC000005wqfkYAA,01tWC00000DD1hdYAD,Tripwire Enterprise Extra Extended Support Fee-RenewalMaintenance,FIM-FIM-RRM-TEEESF,Renewal Maintenance,true,01sWC0000022GHFYA2,Fortra Price Book,USD,0,true
01uWC000005wqflYAA,01tWC00000DD1heYAD,Tripwire Enterprise for Databases-NewMaintenance,FIM-FIM-RNM-TEDNM,New Maintenance,true,01sWC0000022GHFYA2,Fortra Price Book,USD,0,true
01uWC000005wqfmYAA,01tWC00000DD1hgYAD,Tripwire Enterprise for Databases-RenewalMaintenance,FIM-FIM-RRM-TEDRM,Renewal Maintenance,true,01sWC0000022GHFYA2,Fortra Price Book,USD,0,true
01uWC000005wqfnYAA,01tWC00000DD1mBYAT,Surveyor/400 - Single User Price-RenewalMaintenance,DM-SV4-RRM-S4SUPR,Renewal Maintenance,true,01sWC0000022GHFYA2,Fortra Price Book,USD,0,true
01uWC000005wqfoYAA,01tWC00000DD1mDYAT,Surveyor/400 - Single User Price - Unlimited Partitions-NewMaintenance,DM-SV4-RNM-S4SUPU,New Maintenance,true,01sWC0000022GHFYA2,Fortra Price Book,USD,0,true
01uWC000005wqfpYAA,01tWC00000DD1mFYAT,Surveyor/400 - Single User Price - Unlimited Partitions-RenewalMaintenance,DM-SV4-RRM-S4SM,Renewal Maintenance,true,01sWC0000022GHFYA2,Fortra Price Book,USD,0,true
01uWC000005wqfqYAA,01tWC00000DD1mIYAT,Surveyor/400 - Unlimited Partitions-NewMaintenance,DM-SV4-RNM-S4UPNM,New Maintenance,true,01sWC0000022GHFYA2,Fortra Price Book,USD,0,true
01uWC000005wqfrYAA,01tWC00000DD1mKYAT,Surveyor/400 - Unlimited Partitions-RenewalMaintenance,DM-SV4-RRM-S4UPRM,Renewal Maintenance,true,01sWC0000022GHFYA2,Fortra Price Book,USD,0,true
01uWC000005wqfsYAA,01tWC00000DD1mVYAT,Tango/04 Portal User-NewMaintenance,SM-VMC-RNM-T0PUNM,New Maintenance,true,01sWC0000022GHFYA2,Fortra Price Book,USD,0,true
01uWC000005wqftYAA,01tWC00000DD1mXYAT,Tango/04 Portal User-RenewalMaintenance,SM-VMC-RRM-T0PURM,Renewal Maintenance,true,01sWC0000022GHFYA2,Fortra Price Book,USD,0,true
01uWC000005wqfuYAA,01tWC00000DD1mZYAT,Task Supervisor-NewMaintenance,SM-TSK-RNM-TASKNE,New Maintenance,true,01sWC0000022GHFYA2,Fortra Price Book,USD,0,true
01uWC000005wqfvYAA,01tWC00000DD1mbYAD,Task Supervisor-RenewalMaintenance,SM-TSK-RRM-TASKRE,Renewal Maintenance,true,01sWC0000022GHFYA2,Fortra Price Book,USD,0,true
01uWC000005wqfwYAA,01tWC00000DD1nUYAT,"Tripwire Enterprise for Small Stores w/ ND & DB (up to 5 FS, 5 ND & 1 DB)-NewMaintenance",FIM-FIM-RNM-TESSWN,New Maintenance,true,01sWC0000022GHFYA2,Fortra Price Book,USD,0,true
01uWC000005wqfxYAA,01tWC00000DD1ndYAD,Tripwire Enterprise/DB-NewMaintenance,FIM-FIM-RNM-TRIPED,New Maintenance,true,01sWC0000022GHFYA2,Fortra Price Book,USD,0,true
01uWC000005wqfyYAA,01tWC00000DD1neYAD,Tripwire Enterprise/DS-NewMaintenance,FIM-FIM-RNM-TRIEND,New Maintenance,true,01sWC0000022GHFYA2,Fortra Price Book,USD,0,true
01uWC000005wqfzYAA,01tWC00000DD1nwYAD,Tripwire for Net Devices-NewMaintenance,FIM-FIM-RNM-TNDNM,New Maintenance,true,01sWC0000022GHFYA2,Fortra Price Book,USD,0,true
01uWC000005wqg0YAA,01tWC00000DD17kYAD,Compliance Center for i-NewMaintenance,CS-DFT-RNM-CCINM,New Maintenance,true,01sWC0000022GHFYA2,Fortra Price Book,USD,0,true
01uWC000005wqg1YAA,01tWC00000DD17mYAD,Compliance Center for i-RenewalMaintenance,CS-DFT-RRM-CCIRM,Renewal Maintenance,true,01sWC0000022GHFYA2,Fortra Price Book,USD,0,true
01uWC000005wqg2YAA,01tWC00000DD17pYAD,Comprehensive Bundle-NewMaintenance,DM-DML-RNM-CBNM,New Maintenance,true,01sWC0000022GHFYA2,Fortra Price Book,USD,0,true
01uWC000005wqg3YAA,01tWC00000DD17rYAD,Comprehensive Bundle-RenewalMaintenance,DM-DML-RRM-CBRM,Renewal Maintenance,true,01sWC0000022GHFYA2,Fortra Price Book,USD,0,true
01uWC000005wqg4YAA,01tWC00000DD17sYAD,Comprehensive i Bundle-NewMaintenance,DM-DML-RNM-CIBNM,New Maintenance,true,01sWC0000022GHFYA2,Fortra Price Book,USD,0,true
01uWC000005wsZBYAY,01tWC00000DD15SYAT,Business Intelligence - New Maintenance-NewMaintenance,BI-SQ-RNM-BUSIIN,New Maintenance,true,01sWC0000022GHFYA2,Fortra Price Book,USD,0,true
01uWC000005wsZCYAY,01tWC00000DD15TYAT,Business Intelligence-RenewalMaintenance,BI-SQ-RRM-BUSIIR,Renewal Maintenance,true,01sWC0000022GHFYA2,Fortra Price Book,USD,0,true
01uWC000005wsZDYAY,01tWC00000DD11AYAT,A la Carte Menu and Security System-NewMaintenance,SM-SYM-RNM-ALCMNE,New Maintenance,true,01sWC0000022GHFYA2,Fortra Price Book,USD,0,true
01uWC000005wsZEYAY,01tWC00000DD11CYAT,A la Carte Menu and Security System-RenewalMaintenance,SM-SYM-RRM-ALCMRE,Renewal Maintenance,true,01sWC0000022GHFYA2,Fortra Price Book,USD,0,true
01uWC000005wsZFYAY,01tWC00000DD11DYAT,Abstract-NewMaintenance,BI-ABS-RNM-ABSTNE,New Maintenance,true,01sWC0000022GHFYA2,Fortra Price Book,USD,0,true
01uWC000005wsZGYAY,01tWC00000DD11XYAT,Advanced Authentication Modes-NewMaintenance,GS-GSE-RNM-AAMNM,New Maintenance,true,01sWC0000022GHFYA2,Fortra Price Book,USD,0,true
01uWC000005wsZHYAY,01tWC00000DD11aYAD,Advanced Authentication Modes - Yearly-NewMaintenance,GS-GSE-RNM-AAMYNM,New Maintenance,true,01sWC0000022GHFYA2,Fortra Price Book,USD,0,true
01uWC000005wsZIYAY,01tWC00000DD11oYAD,Advanced Security Module ASM-NewMaintenance,GS-GSE-RNM-ASMANM,New Maintenance,true,01sWC0000022GHFYA2,Fortra Price Book,USD,0,true
01uWC000005wsZJYAY,01tWC00000DD11pYAD,Advanced Workflow Engine-NewMaintenance,GS-GSE-RNM-AWENM,New Maintenance,true,01sWC0000022GHFYA2,Fortra Price Book,USD,0,true
01uWC000005wsZKYAY,01tWC00000DD11sYAD,Advanced Workflow Engine - Yearly-NewMaintenance,GS-GSE-RNM-AWEYNM,New Maintenance,true,01sWC0000022GHFYA2,Fortra Price Book,USD,0,true
01uWC000005wsZLYAY,01tWC00000DD13BYAT,AnyDate-NewMaintenance,BI-AD-RNM-ANYDNE,New Maintenance,true,01sWC0000022GHFYA2,Fortra Price Book,USD,0,true
01uWC000005wsZMYAY,01tWC00000DD13MYAT,AS2 Client/Server-NewMaintenance,GS-GSE-RNM-ACSNEW,New Maintenance,true,01sWC0000022GHFYA2,Fortra Price Book,USD,0,true
01uWC000005wsZNYAY,01tWC00000DD13OYAT,AS2 Client/Server - Yearly-NewMaintenance,GS-GSE-RNM-ACSYNM,New Maintenance,true,01sWC0000022GHFYA2,Fortra Price Book,USD,0,true
01uWC000005wsZOYAY,01tWC00000DD13ZYAT,Audit & Reporting-NewMaintenance,GS-GSE-RNM-ARNM,New Maintenance,true,01sWC0000022GHFYA2,Fortra Price Book,USD,0,true
01uWC000005wsZPYAY,01tWC00000DD13fYAD,Audit & Reporting - Yearly-NewMaintenance,GS-GSE-RNM-ARYNM,New Maintenance,true,01sWC0000022GHFYA2,Fortra Price Book,USD,0,true
01uWC000005wsZQYAY,01tWC00000DD15dYAD,Capacity Management - New Maintenance-NewMaintenance,CM-TQO-RNM-CMNMNM,New Maintenance,true,01sWC0000022GHFYA2,Fortra Price Book,USD,0,true
01uWC000005wsZRYAY,01tWC00000DD15eYAD,Capacity Management-RenewalMaintenance,CM-TQO-RRM-CMRM,Renewal Maintenance,true,01sWC0000022GHFYA2,Fortra Price Book,USD,0,true
01uWC000005wsZSYAY,01tWC00000DD16rYAD,CIC Module-RenewalMaintenance,GS-GSE-RRM-CICM,Renewal Maintenance,true,01sWC0000022GHFYA2,Fortra Price Book,USD,0,true
01uWC000005wsZTYAY,01tWC00000DD17SYAT,Cloud Connector Actions-NewMaintenance,GS-GSE-RNM-CCANM,New Maintenance,true,01sWC0000022GHFYA2,Fortra Price Book,USD,0,true
01uWC000005wsZUYAY,01tWC00000DD17VYAT,Cloud Connector Actions - Yearly-NewMaintenance,GS-GSE-RNM-CCAYNM,New Maintenance,true,01sWC0000022GHFYA2,Fortra Price Book,USD,0,true
01uWC000005wsZVYAY,01tWC00000DD17WYAT,Cloud Connector Module CCM-NewMaintenance,GS-GSE-RNM-CCMCNM,New Maintenance,true,01sWC0000022GHFYA2,Fortra Price Book,USD,0,true
01uWC000005wsZWYAY,01tWC00000DD17YYAT,Cloud Connector Module CCM-RenewalMaintenance,GS-GSE-RRM-CCMCRM,Renewal Maintenance,true,01sWC0000022GHFYA2,Fortra Price Book,USD,0,true
01uWC000005wsZXYAY,01tWC00000DD18fYAD,Core IGA-NewMaintenance,IGA-AAS-RNM-CINM,New Maintenance,true,01sWC0000022GHFYA2,Fortra Price Book,USD,0,true
01uWC000005wsZYYAY,01tWC00000DD18gYAD,Core IGA-RenewalMaintenance,IGA-AAS-RRM-CIRM,Renewal Maintenance,true,01sWC0000022GHFYA2,Fortra Price Book,USD,0,true
01uWC000005wsZZYAY,01tWC00000DD19QYAT,CuteFTP 9-NewMaintenance,GS-CFT-RNM-CF9NEW,New Maintenance,true,01sWC0000022GHFYA2,Fortra Price Book,USD,0,true
01uWC000005wsZaYAI,01tWC00000DD19SYAT,CuteFTP 9-RenewalMaintenance,GS-CFT-RRM-CF9REN,Renewal Maintenance,true,01sWC0000022GHFYA2,Fortra Price Book,USD,0,true
01uWC000005wsZbYAI,01tWC00000DD19TYAT,Cybersecurity-NewMaintenance,CS-CLP-RNM-CYBENE,New Maintenance,true,01sWC0000022GHFYA2,Fortra Price Book,USD,0,true
01uWC000005wsZcYAI,01tWC00000DD19UYAT,Cybersecurity-RenewalMaintenance,CS-CLP-RRM-CYBERE,Renewal Maintenance,true,01sWC0000022GHFYA2,Fortra Price Book,USD,0,true
01uWC000005wsZdYAI,01tWC00000DD1BHYA1,Desktop Transfer Client DTC-RenewalMaintenance,GS-GSE-RRM-DTCDRM,Renewal Maintenance,true,01sWC0000022GHFYA2,Fortra Price Book,USD,0,true
01uWC000005wsZeYAI,01tWC00000DD1BbYAL,Device Profiler Ev Non-Transferable Unlimited Use-RenewalMaintenance,FIM-FIM-RRM-DPENOT,Renewal Maintenance,true,01sWC0000022GHFYA2,Fortra Price Book,USD,0,true
01uWC000005wsZfYAI,01tWC00000DD1CJYA1,DMZ Gateway 3 Single Site-NewMaintenance,GS-GSE-RNM-DG3M,New Maintenance,true,01sWC0000022GHFYA2,Fortra Price Book,USD,0,true
01uWC000005wsZgYAI,01tWC00000DD1CLYA1,DMZ Gateway Enterprise-NewMaintenance,GS-GSE-RNM-DGEM,New Maintenance,true,01sWC0000022GHFYA2,Fortra Price Book,USD,0,true
01uWC000005wsZhYAI,01tWC00000DD1CMYA1,DMZ Gateway Enterprise-RenewalMaintenance,GS-GSE-RRM-DMGA,Renewal Maintenance,true,01sWC0000022GHFYA2,Fortra Price Book,USD,0,true
01uWC000005wsZiYAI,01tWC00000DD1CPYA1,DMZ Gateway Enterprise 3-NewMaintenance,GS-GSE-RNM-DMNM,New Maintenance,true,01sWC0000022GHFYA2,Fortra Price Book,USD,0,true
01uWC000005wsZjYAI,01tWC00000DD1CQYA1,DMZ Gateway Single Site-NewMaintenance,GS-GSE-RNM-DGSM,New Maintenance,true,01sWC0000022GHFYA2,Fortra Price Book,USD,0,true
01uWC000005wsZkYAI,01tWC00000DD1CRYA1,DMZ Gateway Single Site-RenewalMaintenance,GS-GSE-RRM-DMRM,Renewal Maintenance,true,01sWC0000022GHFYA2,Fortra Price Book,USD,0,true
01uWC000005wsZlYAI,01tWC00000DD1CSYA1,Doc Management-NewMaintenance,DM-DML-RNM-DOC,New Maintenance,true,01sWC0000022GHFYA2,Fortra Price Book,USD,0,true
01uWC000005wsZmYAI,01tWC00000DD1CTYA1,Doc Management-RenewalMaintenance,DM-DML-RRM-DOMA,Renewal Maintenance,true,01sWC0000022GHFYA2,Fortra Price Book,USD,0,true
01uWC000005wsZnYAI,01tWC00000DD1DwYAL,EFT 8 Continuum-NewMaintenance,GS-GSE-RNM-EFT8,New Maintenance,true,01sWC0000022GHFYA2,Fortra Price Book,USD,0,true
01uWC000005wsZoYAI,01tWC00000DD1DzYAL,EFT 8 Enterprise-NewMaintenance,GS-GSE-RNM-E8EM,New Maintenance,true,01sWC0000022GHFYA2,Fortra Price Book,USD,0,true
01uWC000005wsZpYAI,01tWC00000DD1E2YAL,EFT 8 Express-NewMaintenance,GS-GSE-RNM-EF8,New Maintenance,true,01sWC0000022GHFYA2,Fortra Price Book,USD,0,true
01uWC000005wsZqYAI,01tWC00000DD1E6YAL,EFT Accelerate-RenewalMaintenance,GS-GSE-RRM-EARM,Renewal Maintenance,true,01sWC0000022GHFYA2,Fortra Price Book,USD,0,true
01uWC000005wsZrYAI,01tWC00000DD1E9YAL,EFT Advanced Workflow Engine (AWE) Module-NewMaintenance,GS-GSE-RNM-EAWM,New Maintenance,true,01sWC0000022GHFYA2,Fortra Price Book,USD,0,true
01uWC000005wsZsYAI,01tWC00000DD1EBYA1,EFT Advanced Workflow Engine AWE Module-NewMaintenance,GS-GSE-RNM-EFAD,New Maintenance,true,01sWC0000022GHFYA2,Fortra Price Book,USD,0,true
01uWC000005wsZtYAI,01tWC00000DD1EEYA1,EFT ARM Module-NewMaintenance,GS-GSE-RNM-EAMM,New Maintenance,true,01sWC0000022GHFYA2,Fortra Price Book,USD,0,true
01uWC000005wsZuYAI,01tWC00000DD1EFYA1,EFT ARM Module-RenewalMaintenance,GS-GSE-RRM-EFAR,Renewal Maintenance,true,01sWC0000022GHFYA2,Fortra Price Book,USD,0,true
01uWC000005wsZvYAI,01tWC00000DD1EGYA1,EFT AS2 Module-NewMaintenance,GS-GSE-RNM-EFAS,New Maintenance,true,01sWC0000022GHFYA2,Fortra Price Book,USD,0,true
01uWC000005wsZwYAI,01tWC00000DD1EIYA1,EFT AS2 Module-RenewalMaintenance,GS-GSE-RRM-EFRM,Renewal Maintenance,true,01sWC0000022GHFYA2,Fortra Price Book,USD,0,true
01uWC000005wsZxYAI,01tWC00000DD1EKYA1,EFT ASM Module-NewMaintenance,GS-GSE-RNM-EFNM,New Maintenance,true,01sWC0000022GHFYA2,Fortra Price Book,USD,0,true
01uWC000005wsZyYAI,01tWC00000DD1ELYA1,EFT ASM Module-RenewalMaintenance,GS-GSE-RRM-EFTAS,Renewal Maintenance,true,01sWC0000022GHFYA2,Fortra Price Book,USD,0,true
01uWC000005wsZzYAI,01tWC00000DD1ENYA1,EFT Auditing & Reporting Module (ARM)-NewMaintenance,GS-GSE-RNM-EFAU,New Maintenance,true,01sWC0000022GHFYA2,Fortra Price Book,USD,0,true
01uWC000005wsa0YAA,01tWC00000DD1EPYA1,EFT Auditing & Reporting Module ARM-NewMaintenance,GS-GSE-RNM-EFTAU,New Maintenance,true,01sWC0000022GHFYA2,Fortra Price Book,USD,0,true
01uWC000005wsa1YAA,01tWC00000DD1ERYA1,EFT AWE Module-NewMaintenance,GS-GSE-RNM-EFAW,New Maintenance,true,01sWC0000022GHFYA2,Fortra Price Book,USD,0,true
01uWC000005wsa2YAA,01tWC00000DD1ESYA1,EFT AWE Module-RenewalMaintenance,GS-GSE-RRM-EFTAW,Renewal Maintenance,true,01sWC0000022GHFYA2,Fortra Price Book,USD,0,true
01uWC000005wsa3YAA,01tWC00000DD1ETYA1,EFT BAM Module-NewMaintenance,GS-GSE-RNM-EFTB,New Maintenance,true,01sWC0000022GHFYA2,Fortra Price Book,USD,0,true
01uWC000005wsa4YAA,01tWC00000DD1EUYA1,EFT BAM Module-RenewalMaintenance,GS-GSE-RRM-EBMM,Renewal Maintenance,true,01sWC0000022GHFYA2,Fortra Price Book,USD,0,true
01uWC000005wsa5YAA,01tWC00000DD1EVYA1,EFT BAM Portal-NewMaintenance,GS-GSE-RNM-EBPM,New Maintenance,true,01sWC0000022GHFYA2,Fortra Price Book,USD,0,true
01uWC000005wsa6YAA,01tWC00000DD1EXYA1,EFT BAM Portal-RenewalMaintenance,GS-GSE-RRM-EFBA,Renewal Maintenance,true,01sWC0000022GHFYA2,Fortra Price Book,USD,0,true
01uWC000005wsa7YAA,01tWC00000DD1EaYAL,EFT Business Activity Monitor BAM-NewMaintenance,GS-GSE-RNM-EBAM,New Maintenance,true,01sWC0000022GHFYA2,Fortra Price Book,USD,0,true
01uWC000005wsa8YAA,01tWC00000DD1EeYAL,EFT Continuum Business Activity Monitor (BAM)-NewMaintenance,GS-GSE-RNM-ECBM,New Maintenance,true,01sWC0000022GHFYA2,Fortra Price Book,USD,0,true
01uWC000005wsa9YAA,01tWC00000DD1EiYAL,EFT Enterprise-NewMaintenance,GS-GSE-RNM-EFTE,New Maintenance,true,01sWC0000022GHFYA2,Fortra Price Book,USD,0,true
01uWC000005wsaAYAQ,01tWC00000DD1EjYAL,EFT Enterprise-RenewalMaintenance,GS-GSE-RRM-EERM,Renewal Maintenance,true,01sWC0000022GHFYA2,Fortra Price Book,USD,0,true
01uWC000005wsaBYAQ,01tWC00000DD1EnYAL,EFT Express-NewMaintenance,GS-GSE-RNM-EENM,New Maintenance,true,01sWC0000022GHFYA2,Fortra Price Book,USD,0,true
01uWC000005wsaCYAQ,01tWC00000DD1EoYAL,EFT Express-RenewalMaintenance,GS-GSE-RRM-EFEX,Renewal Maintenance,true,01sWC0000022GHFYA2,Fortra Price Book,USD,0,true
01uWC000005wsaDYAQ,01tWC00000DD1EpYAL,EFT Express ARM-NewMaintenance,GS-GSE-RNM-EEAM,New Maintenance,true,01sWC0000022GHFYA2,Fortra Price Book,USD,0,true
01uWC000005wsaEYAQ,01tWC00000DD1EqYAL,EFT Express ARM-RenewalMaintenance,GS-GSE-RRM-EFTEX,Renewal Maintenance,true,01sWC0000022GHFYA2,Fortra Price Book,USD,0,true
01uWC000005wsaFYAQ,01tWC00000DD1ErYAL,EFT Express Auditing & Reporting Module ARM-NewMaintenance,GS-GSE-RNM-EFTEXP,New Maintenance,true,01sWC0000022GHFYA2,Fortra Price Book,USD,0,true
01uWC000005wsaGYAQ,01tWC00000DD1EuYAL,EFT Express DMZ Gateway-NewMaintenance,GS-GSE-RNM-EEDM,New Maintenance,true,01sWC0000022GHFYA2,Fortra Price Book,USD,0,true
01uWC000005wsaHYAQ,01tWC00000DD1EwYAL,EFT Express DMZ Gateway-RenewalMaintenance,GS-GSE-RRM-EFEXPR,Renewal Maintenance,true,01sWC0000022GHFYA2,Fortra Price Book,USD,0,true
01uWC000005wsaIYAQ,01tWC00000DD1F0YAL,EFT Express DMZ Gateway Multi-Site-RenewalMaintenance,GS-GSE-RRM-EFTED,Renewal Maintenance,true,01sWC0000022GHFYA2,Fortra Price Book,USD,0,true
01uWC000005wsaJYAQ,01tWC00000DD1F1YAL,EFT Express ESM-NewMaintenance,GS-GSE-RNM-EEEM,New Maintenance,true,01sWC0000022GHFYA2,Fortra Price Book,USD,0,true
01uWC000005wsaKYAQ,01tWC00000DD1F2YAL,EFT Express ESM-RenewalMaintenance,GS-GSE-RRM-EFTEE,Renewal Maintenance,true,01sWC0000022GHFYA2,Fortra Price Book,USD,0,true
01uWC000005wsaLYAQ,01tWC00000DD1F5YAL,EFT Express MTC-RenewalMaintenance,GS-GSE-RRM-EFTEM,Renewal Maintenance,true,01sWC0000022GHFYA2,Fortra Price Book,USD,0,true
01uWC000005wsaMYAQ,01tWC00000DD1F6YAL,EFT Express OpenPGP Module-NewMaintenance,GS-GSE-RNM-EEOM,New Maintenance,true,01sWC0000022GHFYA2,Fortra Price Book,USD,0,true
01uWC000005wsaNYAQ,01tWC00000DD1F8YAL,EFT Express OpenPGP Module-RenewalMaintenance,GS-GSE-RRM-EFTEO,Renewal Maintenance,true,01sWC0000022GHFYA2,Fortra Price Book,USD,0,true
01uWC000005wsaOYAQ,01tWC00000DD1FAYA1,EFT Express Security Module ESM-NewMaintenance,GS-GSE-RNM-EESM,New Maintenance,true,01sWC0000022GHFYA2,Fortra Price Book,USD,0,true
01uWC000005wsaPYAQ,01tWC00000DD1FDYA1,EFT Express Workspaces-NewMaintenance,GS-GSE-RNM-EEWM,New Maintenance,true,01sWC0000022GHFYA2,Fortra Price Book,USD,0,true
01uWC000005wsaQYAQ,01tWC00000DD1FFYA1,EFT Express Workspaces-RenewalMaintenance,GS-GSE-RRM-EFTEW,Renewal Maintenance,true,01sWC0000022GHFYA2,Fortra Price Book,USD,0,true
01uWC000005wsaRYAQ,01tWC00000DD1FIYA1,EFT Express WSM Module-RenewalMaintenance,GS-GSE-RRM-EFTEWS,Renewal Maintenance,true,01sWC0000022GHFYA2,Fortra Price Book,USD,0,true
01uWC000005wsaSYAQ,01tWC00000DD1FJYA1,EFT File Transfer Client Module FTC-NewMaintenance,GS-GSE-RNM-EFTF,New Maintenance,true,01sWC0000022GHFYA2,Fortra Price Book,USD,0,true
01uWC000005wsaTYAQ,01tWC00000DD1FMYA1,EFT FM Module-NewMaintenance,GS-GSE-RNM-EFMM,New Maintenance,true,01sWC0000022GHFYA2,Fortra Price Book,USD,0,true
01uWC000005wsaUYAQ,01tWC00000DD1FNYA1,EFT FM Module-RenewalMaintenance,GS-GSE-RRM-EFFM,Renewal Maintenance,true,01sWC0000022GHFYA2,Fortra Price Book,USD,0,true
01uWC000005wsaVYAQ,01tWC00000DD1FOYA1,EFT Folder Monitor Module FMM-NewMaintenance,GS-GSE-RNM-EFFO,New Maintenance,true,01sWC0000022GHFYA2,Fortra Price Book,USD,0,true
01uWC000005wsaWYAQ,01tWC00000DD1FRYA1,EFT FTC Module-NewMaintenance,GS-GSE-RNM-EFFT,New Maintenance,true,01sWC0000022GHFYA2,Fortra Price Book,USD,0,true
01uWC000005wsaXYAQ,01tWC00000DD1FSYA1,EFT FTC Module-RenewalMaintenance,GS-GSE-RRM-EFTFT,Renewal Maintenance,true,01sWC0000022GHFYA2,Fortra Price Book,USD,0,true
01uWC000005wsaYYAQ,01tWC00000DD1FTYA1,EFT HSM Module-NewMaintenance,GS-GSE-RNM-EFTH,New Maintenance,true,01sWC0000022GHFYA2,Fortra Price Book,USD,0,true
01uWC000005wsaZYAQ,01tWC00000DD1FUYA1,EFT HTTP/S Module-NewMaintenance,GS-GSE-RNM-EHSM,New Maintenance,true,01sWC0000022GHFYA2,Fortra Price Book,USD,0,true
01uWC000005wsaaYAA,01tWC00000DD1FWYA1,EFT HTTP/S Module-RenewalMaintenance,GS-GSE-RRM-EFHT,Renewal Maintenance,true,01sWC0000022GHFYA2,Fortra Price Book,USD,0,true
01uWC000005wsabYAA,01tWC00000DD1FZYA1,EFT Insight Module-RenewalMaintenance,GS-GSE-RRM-EIMM,Renewal Maintenance,true,01sWC0000022GHFYA2,Fortra Price Book,USD,0,true
01uWC000005wsacYAA,01tWC00000DD1FcYAL,EFT MTC-RenewalMaintenance,GS-GSE-RRM-EMRM,Renewal Maintenance,true,01sWC0000022GHFYA2,Fortra Price Book,USD,0,true
01uWC000005wsadYAA,01tWC00000DD1FdYAL,EFT OpenPGP Module-NewMaintenance,GS-GSE-RNM-EFTO,New Maintenance,true,01sWC0000022GHFYA2,Fortra Price Book,USD,0,true
01uWC000005wsaeYAA,01tWC00000DD1FfYAL,EFT OpenPGP Module-RenewalMaintenance,GS-GSE-RRM-EOPM,Renewal Maintenance,true,01sWC0000022GHFYA2,Fortra Price Book,USD,0,true
01uWC000005wsafYAA,01tWC00000DD1FiYAL,EFT Remote Agent Module-NewMaintenance,GS-GSE-RNM-EFTR,New Maintenance,true,01sWC0000022GHFYA2,Fortra Price Book,USD,0,true
01uWC000005wsagYAA,01tWC00000DD1FjYAL,EFT Remote Agent Module-RenewalMaintenance,GS-GSE-RRM-ERAM,Renewal Maintenance,true,01sWC0000022GHFYA2,Fortra Price Book,USD,0,true
01uWC000005wsahYAA,01tWC00000DD1FmYAL,EFT Remote Agent Module RAM-NewMaintenance,GS-GSE-RNM-EFRE,New Maintenance,true,01sWC0000022GHFYA2,Fortra Price Book,USD,0,true
01uWC000005wsaiYAA,01tWC00000DD1FqYAL,EFT SAT Module-RenewalMaintenance,GS-GSE-RRM-EFSA,Renewal Maintenance,true,01sWC0000022GHFYA2,Fortra Price Book,USD,0,true
01uWC000005wsajYAA,01tWC00000DD1FsYAL,EFT Server Admin Web Service Custom Solution-RenewalMaintenance,GS-GSE-RRM-ESAM,Renewal Maintenance,true,01sWC0000022GHFYA2,Fortra Price Book,USD,0,true
01uWC000005wsakYAA,01tWC00000DD1FvYAL,EFT Server Migration Tools Custom Solution-RenewalMaintenance,GS-GSE-RRM-EFSERV,Renewal Maintenance,true,01sWC0000022GHFYA2,Fortra Price Book,USD,0,true
01uWC000005wsalYAA,01tWC00000DD1FwYAL,EFT Server WebBasiced Admin-RenewalMaintenance,GS-GSE-RRM-ESWM,Renewal Maintenance,true,01sWC0000022GHFYA2,Fortra Price Book,USD,0,true
01uWC000005wsamYAA,01tWC00000DD1FxYAL,EFT SFTP Module-NewMaintenance,GS-GSE-RNM-EFSF,New Maintenance,true,01sWC0000022GHFYA2,Fortra Price Book,USD,0,true
01uWC000005wsanYAA,01tWC00000DD1FyYAL,EFT SFTP Module-RenewalMaintenance,GS-GSE-RRM-EFTSF,Renewal Maintenance,true,01sWC0000022GHFYA2,Fortra Price Book,USD,0,true
01uWC000005wsaoYAA,01tWC00000DD1FzYAL,EFT SFTP SSH2 Module-NewMaintenance,GS-GSE-RNM-ESSM,New Maintenance,true,01sWC0000022GHFYA2,Fortra Price Book,USD,0,true
01uWC000005wsapYAA,01tWC00000DD1G3YAL,EFT SMB Web Client-NewMaintenance,GS-GSE-RNM-EFSM,New Maintenance,true,01sWC0000022GHFYA2,Fortra Price Book,USD,0,true
01uWC000005wsaqYAA,01tWC00000DD1G4YAL,EFT SMB Web Client-RenewalMaintenance,GS-GSE-RRM-EFTSM,Renewal Maintenance,true,01sWC0000022GHFYA2,Fortra Price Book,USD,0,true
01uWC000005wsarYAA,01tWC00000DD1G8YAL,EFT TE Module-NewMaintenance,GS-GSE-RNM-EFTT,New Maintenance,true,01sWC0000022GHFYA2,Fortra Price Book,USD,0,true
01uWC000005wsasYAA,01tWC00000DD1G9YAL,EFT TE Module-RenewalMaintenance,GS-GSE-RRM-ETMM,Renewal Maintenance,true,01sWC0000022GHFYA2,Fortra Price Book,USD,0,true
01uWC000005wsatYAA,01tWC00000DD1GAYA1,EFT Timer Event Module TEM-NewMaintenance,GS-GSE-RNM-ETEM,New Maintenance,true,01sWC0000022GHFYA2,Fortra Price Book,USD,0,true
01uWC000005wsauYAA,01tWC00000DD1GFYA1,EFT Workspaces-NewMaintenance,GS-GSE-RNM-EFTW,New Maintenance,true,01sWC0000022GHFYA2,Fortra Price Book,USD,0,true
01uWC000005wsavYAA,01tWC00000DD1GHYA1,EFT Workspaces-RenewalMaintenance,GS-GSE-RRM-EWRM,Renewal Maintenance,true,01sWC0000022GHFYA2,Fortra Price Book,USD,0,true
01uWC000005wsawYAA,01tWC00000DD1GJYA1,EFT Workspaces (WSM)-NewMaintenance,GS-GSE-RNM-EWWM,New Maintenance,true,01sWC0000022GHFYA2,Fortra Price Book,USD,0,true
01uWC000005wsaxYAA,01tWC00000DD1GLYA1,EFT Workspaces (WSM)-RenewalMaintenance,GS-GSE-RRM-EFWO,Renewal Maintenance,true,01sWC0000022GHFYA2,Fortra Price Book,USD,0,true
01uWC000005wsayYAA,01tWC00000DD1GmYAL,Email Security-NewMaintenance,ES-SEG-RNM-ESNM,New Maintenance,true,01sWC0000022GHFYA2,Fortra Price Book,USD,0,true
01uWC000005wsazYAA,01tWC00000DD1HLYA1,Enterprise Actions-NewMaintenance,GS-GSE-RNM-EANM,New Maintenance,true,01sWC0000022GHFYA2,Fortra Price Book,USD,0,true
01uWC000005wsb0YAA,01tWC00000DD1HOYA1,Enterprise Actions - Yearly-NewMaintenance,GS-GSE-RNM-EAYNM,New Maintenance,true,01sWC0000022GHFYA2,Fortra Price Book,USD,0,true
01uWC000005wsb1YAA,01tWC00000DD1HyYAL,File Integrity Manager for Desktops-RenewalMaintenance,FIM-FIM-RRM-FIMDER,Renewal Maintenance,true,01sWC0000022GHFYA2,Fortra Price Book,USD,0,true
01uWC000005wsb2YAA,01tWC00000DD1I6YAL,File Integrity Manager for File Systems-RenewalMaintenance,FIM-FIM-RRM-FIMFSR,Renewal Maintenance,true,01sWC0000022GHFYA2,Fortra Price Book,USD,0,true
01uWC000005wsb3YAA,01tWC00000DD1IKYA1,File Integrity Manager for Network Devices-RenewalMaintenance,FIM-FIM-RRM-FIMNDR,Renewal Maintenance,true,01sWC0000022GHFYA2,Fortra Price Book,USD,0,true
01uWC000005wsb4YAA,01tWC00000DD1IPYA1,File Integrity Manager for POS End Point Systems-RenewalMaintenance,FIM-FIM-RRM-FIMPOR,Renewal Maintenance,true,01sWC0000022GHFYA2,Fortra Price Book,USD,0,true
01uWC000005wsb5YAA,01tWC00000DD1IUYA1,File Integrity Manager for POS Servers-RenewalMaintenance,FIM-FIM-RRM-FIMPSR,Renewal Maintenance,true,01sWC0000022GHFYA2,Fortra Price Book,USD,0,true
01uWC000005wsb6YAA,01tWC00000DD1IYYA1,File Integrity Manager for Small Stores (up to 5 FIM-FS)-RenewalMaintenance,FIM-FIM-RRM-FIMSMS,Renewal Maintenance,true,01sWC0000022GHFYA2,Fortra Price Book,USD,0,true
01uWC000005wsb7YAA,01tWC00000DD1IfYAL,File Integrity Manager for VMware ESX-RenewalMaintenance,FIM-FIM-RRM-FIMVER,Renewal Maintenance,true,01sWC0000022GHFYA2,Fortra Price Book,USD,0,true
01uWC000005wsb8YAA,01tWC00000DD13cYAD,Folder Monitor-NewMaintenance,GS-GSE-RNM-FOLDNE,New Maintenance,true,01sWC0000022GHFYA2,Fortra Price Book,USD,0,true
01uWC000005wsb9YAA,01tWC00000DD1JnYAL,Folder Monitor - Yearly-NewMaintenance,GS-GSE-RNM-FMYNM,New Maintenance,true,01sWC0000022GHFYA2,Fortra Price Book,USD,0,true
01uWC000005wsbAYAQ,01tWC00000DD1LbYAL,FTPS Server-NewMaintenance,GS-GSE-RNM-FTPSNE,New Maintenance,true,01sWC0000022GHFYA2,Fortra Price Book,USD,0,true
01uWC000005wsbBYAQ,01tWC00000DD1LeYAL,FTPS Server - Yearly-NewMaintenance,GS-GSE-RNM-FSYNM,New Maintenance,true,01sWC0000022GHFYA2,Fortra Price Book,USD,0,true
01uWC000005wsbCYAQ,01tWC00000DD1LlYAL,GoAnywhere-NewMaintenance,GOA-GAM-RNM-GANM,New Maintenance,true,01sWC0000022GHFYA2,Fortra Price Book,USD,0,true
01uWC000005wsbDYAQ,01tWC00000DD1LmYAL,GoAnywhere-RenewalMaintenance,GOA-GAM-RRM-GARM,Renewal Maintenance,true,01sWC0000022GHFYA2,Fortra Price Book,USD,0,true
01uWC000005wsbEYAQ,01tWC00000DD1LxYAL,GoAnywhere Advanced Agent-RenewalMaintenance,GOA-GAM-RRM-GAAARM,Renewal Maintenance,true,01sWC0000022GHFYA2,Fortra Price Book,USD,0,true
01uWC000005wsbFYAQ,01tWC00000DD1M3YAL,GoAnywhere Advanced Workflows-NewMaintenance,GOA-GAM-RNM-GAAWNM,New Maintenance,true,01sWC0000022GHFYA2,Fortra Price Book,USD,0,true
01uWC000005wsbGYAQ,01tWC00000DD1PxYAL,HTTPS Server (includes Web client)-NewMaintenance,GS-GSE-RNM-HTTPSS,New Maintenance,true,01sWC0000022GHFYA2,Fortra Price Book,USD,0,true
01uWC000005wsbHYAQ,01tWC00000DD1Q0YAL,HTTPS Server (includes Web client) - Yearly-NewMaintenance,GS-GSE-RNM-HSWCYNM,New Maintenance,true,01sWC0000022GHFYA2,Fortra Price Book,USD,0,true
01uWC000005wsbIYAQ,01tWC00000DCwVvYAL,Insite Analytics-RenewalMaintenance,BI-ISA-RRM-INSIRE,Renewal Maintenance,true,01sWC0000022GHFYA2,Fortra Price Book,USD,0,true
01uWC000005wsbJYAQ,01tWC00000DCwWaYAL,IP360 - Term Based-RenewalMaintenance,FIM-FIM-RRM-IP36FA,Renewal Maintenance,true,01sWC0000022GHFYA2,Fortra Price Book,USD,0,true
01uWC000005wsbKYAQ,01tWC00000DD1RgYAL,Multi-site Gateway-NewMaintenance,GS-GSE-RNM-MSGNEW,New Maintenance,true,01sWC0000022GHFYA2,Fortra Price Book,USD,0,true
01uWC000005wsbLYAQ,01tWC00000DD1RjYAL,Multi-site Gateway - Yearly-NewMaintenance,GS-GSE-RNM-MSGYNM,New Maintenance,true,01sWC0000022GHFYA2,Fortra Price Book,USD,0,true
01uWC000005wsbMYAQ,01tWC00000DD09kYAD,Network Monitoring-NewMaintenance,NW-INT-RNM-NMNM,New Maintenance,true,01sWC0000022GHFYA2,Fortra Price Book,USD,0,true
01uWC000005wsbNYAQ,01tWC00000DD09lYAD,Network Monitoring-RenewalMaintenance,NW-INT-RRM-NMRM,Renewal Maintenance,true,01sWC0000022GHFYA2,Fortra Price Book,USD,0,true
01uWC000005wsbOYAQ,01tWC00000DD1UpYAL,PGP Actions-NewMaintenance,GS-GSE-RNM-PGPANE,New Maintenance,true,01sWC0000022GHFYA2,Fortra Price Book,USD,0,true
01uWC000005wsbPYAQ,01tWC00000DD1UsYAL,PGP Actions - Yearly-NewMaintenance,GS-GSE-RNM-PAYNM,New Maintenance,true,01sWC0000022GHFYA2,Fortra Price Book,USD,0,true
01uWC000005wsbQYAQ,01tWC00000DD1V7YAL,Policy Manager for Desktops-RenewalMaintenance,FIM-FIM-RRM-PMDRM,Renewal Maintenance,true,01sWC0000022GHFYA2,Fortra Price Book,USD,0,true
01uWC000005wsbRYAQ,01tWC00000DD1VCYA1,Policy Manager for File Systems-RenewalMaintenance,FIM-FIM-RRM-PMFSRM,Renewal Maintenance,true,01sWC0000022GHFYA2,Fortra Price Book,USD,0,true
01uWC000005wsbSYAQ,01tWC00000DD1ZxYAL,Policy Manager for Network Devices-RenewalMaintenance,FIM-FIM-RRM-PMNDRM,Renewal Maintenance,true,01sWC0000022GHFYA2,Fortra Price Book,USD,0,true
01uWC000005wsbTYAQ,01tWC00000DD1aCYAT,Policy Manager for VMware ESX-RenewalMaintenance,FIM-FIM-RRM-PMVERM,Renewal Maintenance,true,01sWC0000022GHFYA2,Fortra Price Book,USD,0,true
01uWC000005wsbUYAQ,01tWC00000DD1bsYAD,Powertech Identity & Access Manager (BoKS)-NewMaintenance,PIA-PIA-RNM-PIAMBK,New Maintenance,true,01sWC0000022GHFYA2,Fortra Price Book,USD,0,true
01uWC000005wsbVYAQ,01tWC00000DD1buYAD,Powertech Identity & Access Manager (BoKS)-RenewalMaintenance,PIA-PIA-RRM-PIAM,Renewal Maintenance,true,01sWC0000022GHFYA2,Fortra Price Book,USD,0,true
01uWC000005wsbWYAQ,01tWC00000DD1XHYA1,Regulatory Compliance-NewMaintenance,GS-GSE-RNM-REGUNE,New Maintenance,true,01sWC0000022GHFYA2,Fortra Price Book,USD,0,true
01uWC000005wsbXYAQ,01tWC00000DD1XKYA1,Regulatory Compliance - Yearly-NewMaintenance,GS-GSE-RNM-RCYNM,New Maintenance,true,01sWC0000022GHFYA2,Fortra Price Book,USD,0,true
01uWC000005wsbYYAQ,01tWC00000DD1XLYA1,Remote Agent Module-NewMaintenance,GS-GSE-RNM-RAMNM,New Maintenance,true,01sWC0000022GHFYA2,Fortra Price Book,USD,0,true
01uWC000005wsbZYAQ,01tWC00000DD1XNYA1,Remote Automation Agent-NewMaintenance,GS-GSE-RNM-RAANM,New Maintenance,true,01sWC0000022GHFYA2,Fortra Price Book,USD,0,true
01uWC000005wsbaYAA,01tWC00000DD1XQYA1,Remote Automation Agent - Yearly-NewMaintenance,GS-GSE-RNM-RAAYNM,New Maintenance,true,01sWC0000022GHFYA2,Fortra Price Book,USD,0,true
01uWC000005wsbbYAA,01tWC00000DD1d9YAD,Robotic Process Automation-NewMaintenance,RPA-AUT-RNM-RPANEW,New Maintenance,true,01sWC0000022GHFYA2,Fortra Price Book,USD,0,true
01uWC000005wsbcYAA,01tWC00000DD1dAYAT,Robotic Process Automation-RenewalMaintenance,RPA-AUT-RRM-RPAREN,Renewal Maintenance,true,01sWC0000022GHFYA2,Fortra Price Book,USD,0,true
01uWC000005wsbdYAA,01tWC00000DD1dyYAD,Scheduler-NewMaintenance,GS-GSE-RNM-SCHENE,New Maintenance,true,01sWC0000022GHFYA2,Fortra Price Book,USD,0,true
01uWC000005wsbeYAA,01tWC00000DD1e1YAD,Scheduler - Yearly-NewMaintenance,GS-GSE-RNM-SYNM,New Maintenance,true,01sWC0000022GHFYA2,Fortra Price Book,USD,0,true
01uWC000005wsbfYAA,01tWC00000DD1ebYAD,Secure Forms-NewMaintenance,GS-GSE-RNM-SFNM,New Maintenance,true,01sWC0000022GHFYA2,Fortra Price Book,USD,0,true
01uWC000005wsbgYAA,01tWC00000DD1eeYAD,Secure Forms - Yearly-NewMaintenance,GS-GSE-RNM-SFYNM,New Maintenance,true,01sWC0000022GHFYA2,Fortra Price Book,USD,0,true
01uWC000005wsbhYAA,01tWC00000DD1k4YAD,SEQUEL SMB Bundle-NewMaintenance,BI-SQ-RNM-SSBM,New Maintenance,true,01sWC0000022GHFYA2,Fortra Price Book,USD,0,true
01uWC000005wsbiYAA,01tWC00000DD1kYYAT,SFTP Server-NewMaintenance,GS-GSE-RNM-SFTPNE,New Maintenance,true,01sWC0000022GHFYA2,Fortra Price Book,USD,0,true
01uWC000005wsbjYAA,01tWC00000DD1kbYAD,SFTP Server - Yearly-NewMaintenance,GS-GSE-RNM-SSYNM,New Maintenance,true,01sWC0000022GHFYA2,Fortra Price Book,USD,0,true
01uWC000005wsbkYAA,01tWC00000DD1l5YAD,Single-site Gateway-NewMaintenance,GS-GSE-RNM-SINGSG,New Maintenance,true,01sWC0000022GHFYA2,Fortra Price Book,USD,0,true
01uWC000005wsfSYAQ,01tWC00000DD1l8YAD,Single-site Gateway - Yearly-NewMaintenance,GS-GSE-RNM-SSGYNM,New Maintenance,true,01sWC0000022GHFYA2,Fortra Price Book,USD,0,true
01uWC000005wsfTYAQ,01tWC00000DD1mPYAT,Systems Management-NewMaintenance,SM-SYM-RNM-SYSTNE,New Maintenance,true,01sWC0000022GHFYA2,Fortra Price Book,USD,0,true
01uWC000005wsfUYAQ,01tWC00000DD1mQYAT,Systems Management-RenewalMaintenance,SM-SYM-RRM-SYSTRE,Renewal Maintenance,true,01sWC0000022GHFYA2,Fortra Price Book,USD,0,true
01uWC000005wsfVYAQ,01tWC00000DD1mfYAD,TE Academic Institution Site License - Database-RenewalMaintenance,FIM-FIM-RRM-TAIM,Renewal Maintenance,true,01sWC0000022GHFYA2,Fortra Price Book,USD,0,true
01uWC000005wsfWYAQ,01tWC00000DD1miYAD,TE Academic Institution Site License - Desktop-RenewalMaintenance,FIM-FIM-RRM-TERM,Renewal Maintenance,true,01sWC0000022GHFYA2,Fortra Price Book,USD,0,true
01uWC000005wsfXYAQ,01tWC00000DCxkpYAD,TE Academic Institution Site License - Directory Services-RenewalMaintenance,FIM-FIM-RRM-TEACA,Renewal Maintenance,true,01sWC0000022GHFYA2,Fortra Price Book,USD,0,true
01uWC000005wsfYYAQ,01tWC00000DCxksYAD,Tripwire Enterprise for VMware ESX-NewMaintenance,FIM-FIM-RNM-TEVENM,New Maintenance,true,01sWC0000022GHFYA2,Fortra Price Book,USD,0,true
01uWC000005wsfZYAQ,01tWC00000DCxktYAD,TE Academic Institution Site License - File Systems-RenewalMaintenance,FIM-FIM-RRM-TEACI,Renewal Maintenance,true,01sWC0000022GHFYA2,Fortra Price Book,USD,0,true
01uWC000005wsfaYAA,01tWC00000DCxkwYAD,TE Academic Institution Site License - Network Device-RenewalMaintenance,FIM-FIM-RRM-TEACAI,Renewal Maintenance,true,01sWC0000022GHFYA2,Fortra Price Book,USD,0,true
01uWC000005wsfbYAA,01tWC00000DCxl0YAD,TE Reinstatement Fee-RenewalMaintenance,FIM-FIM-RRM-TER,Renewal Maintenance,true,01sWC0000022GHFYA2,Fortra Price Book,USD,0,true
01uWC000005wsfcYAA,01tWC00000DCxlcYAD,TFS/TM Reinstatement Fee-RenewalMaintenance,FIM-FIM-RRM-TFSTMR,Renewal Maintenance,true,01sWC0000022GHFYA2,Fortra Price Book,USD,0,true
01uWC000005wsfdYAA,01tWC00000DCxmEYAT,Transfer Actions-NewMaintenance,GS-GSE-RNM-TRANNE,New Maintenance,true,01sWC0000022GHFYA2,Fortra Price Book,USD,0,true
01uWC000005wsfeYAA,01tWC00000DCxmHYAT,Transfer Actions - Yearly-NewMaintenance,GS-GSE-RNM-TAYNM,New Maintenance,true,01sWC0000022GHFYA2,Fortra Price Book,USD,0,true
01uWC000005wsffYAA,01tWC00000DD1gUYAT,Tripwire App - Dynamic Software Reconciliation - Utility & Implementation-RenewalMaintenance,FIM-FML-RRM-TRRM,Renewal Maintenance,true,01sWC0000022GHFYA2,Fortra Price Book,USD,0,true
01uWC000005wsfgYAA,01tWC00000DD1geYAD,Tripwire App - Event Sender - Utility & Implementation-RenewalMaintenance,FIM-FML-RRM-TAESUI,Renewal Maintenance,true,01sWC0000022GHFYA2,Fortra Price Book,USD,0,true
01uWC000005wsfhYAA,01tWC00000DD1gvYAD,Tripwire App - TE Integration Framework - Flex - Utility & Implementation-RenewalMaintenance,FIM-FML-RRM-TAPTE,Renewal Maintenance,true,01sWC0000022GHFYA2,Fortra Price Book,USD,0,true
01uWC000005wsfiYAA,01tWC00000DD1hAYAT,Tripwire App - TE Integration Framework - ServiceNow - Utility & Implementation-RenewalMaintenance,FIM-FML-RRM-TATSNR,Renewal Maintenance,true,01sWC0000022GHFYA2,Fortra Price Book,USD,0,true
01uWC000005wsfjYAA,01tWC00000DD1hHYAT,Tripwire App - Whitelist Profiler - Utility-RenewalMaintenance,FIM-FIM-RRM-TAWPUR,Renewal Maintenance,true,01sWC0000022GHFYA2,Fortra Price Book,USD,0,true
01uWC000005wsfkYAA,01tWC00000DD1hJYAT,Tripwire CCM Unlimited Use-NewMaintenance,FIM-FIM-RNM-TCUUNM,New Maintenance,true,01sWC0000022GHFYA2,Fortra Price Book,USD,0,true
01uWC000005wsflYAA,01tWC00000DD1hLYAT,Tripwire CCM Unlimited Use-RenewalMaintenance,FIM-FIM-RRM-TCUURM,Renewal Maintenance,true,01sWC0000022GHFYA2,Fortra Price Book,USD,0,true
01uWC000005wsfmYAA,01tWC00000DD1hPYAT,Tripwire Enterprise-RenewalMaintenance,FIM-FIM-RRM-TRIPWE,Renewal Maintenance,true,01sWC0000022GHFYA2,Fortra Price Book,USD,0,true
01uWC000005wsfnYAA,01tWC00000DD1hSYAT,Tripwire Enterprise Console - MS SQL-RenewalMaintenance,FIM-FIM-RRM-TECMSR,Renewal Maintenance,true,01sWC0000022GHFYA2,Fortra Price Book,USD,0,true
01uWC000005wsfoYAA,01tWC00000DD1hVYAT,Tripwire Enterprise Console - Oracle-RenewalMaintenance,FIM-FIM-RRM-TECORM,Renewal Maintenance,true,01sWC0000022GHFYA2,Fortra Price Book,USD,0,true
01uWC000005wsfpYAA,01tWC00000DD1hXYAT,Tripwire Enterprise Console-RenewalMaintenance,FIM-FIM-RRM-TECRM,Renewal Maintenance,true,01sWC0000022GHFYA2,Fortra Price Book,USD,0,true
01uWC000005wsfqYAA,01tWC00000DD1hbYAD,Tripwire Enterprise Express Console-RenewalMaintenance,FIM-FIM-RRM-TEECRM,Renewal Maintenance,true,01sWC0000022GHFYA2,Fortra Price Book,USD,0,true
01uWC000005wsfrYAA,01tWC00000DD1hnYAD,Tripwire Enterprise for Desktops-RenewalMaintenance,FIM-FIM-RRM-TRIENT,Renewal Maintenance,true,01sWC0000022GHFYA2,Fortra Price Book,USD,0,true
01uWC000005wsfsYAA,01tWC00000DCzGGYA1,Tripwire Enterprise for File Systems-RenewalMaintenance,FIM-FIM-RRM-TEFSRM,Renewal Maintenance,true,01sWC0000022GHFYA2,Fortra Price Book,USD,0,true
01uWC000005wsftYAA,01tWC00000DCzGIYA1,Tripwire Enterprise for File Systems (17+ Processors)-RenewalMaintenance,FIM-FML-RRM-TEFS1P,Renewal Maintenance,true,01sWC0000022GHFYA2,Fortra Price Book,USD,0,true
01uWC000005wsfuYAA,01tWC00000DD1mwYAD,Tripwire Enterprise for Microsoft Exchange-RenewalMaintenance,FIM-FIM-RRM-TEMERM,Renewal Maintenance,true,01sWC0000022GHFYA2,Fortra Price Book,USD,0,true
01uWC000005wsfvYAA,01tWC00000DD1n2YAD,Tripwire Enterprise for Microsoft IIS-RenewalMaintenance,FIM-FIM-RRM-TEMIRM,Renewal Maintenance,true,01sWC0000022GHFYA2,Fortra Price Book,USD,0,true
01uWC000005wsfwYAA,01tWC00000DD1n8YAD,Tripwire Log Center 1500-RenewalMaintenance,FIM-FML-RRM-TLC15RE,Renewal Maintenance,true,01sWC0000022GHFYA2,Fortra Price Book,USD,0,true
01uWC000005wsfxYAA,01tWC00000DD1nFYAT,Tripwire Enterprise for Network Devices-RenewalMaintenance,FIM-FIM-RRM-TENDRM,Renewal Maintenance,true,01sWC0000022GHFYA2,Fortra Price Book,USD,0,true
01uWC000005wsfyYAA,01tWC00000DD1nKYAT,Tripwire Enterprise for POS End Point Systems-RenewalMaintenance,FIM-FIM-RRM-TRIPEP,Renewal Maintenance,true,01sWC0000022GHFYA2,Fortra Price Book,USD,0,true
01uWC000005wsfzYAA,01tWC00000DD1nPYAT,Tripwire Enterprise for POS Servers-RenewalMaintenance,FIM-FIM-RRM-TEPSRM,Renewal Maintenance,true,01sWC0000022GHFYA2,Fortra Price Book,USD,0,true
01uWC000005wsg0YAA,01tWC00000DD1nTYAT,Tripwire Enterprise for Small Stores (up to 5 FS)-RenewalMaintenance,FIM-FIM-RRM-TESM,Renewal Maintenance,true,01sWC0000022GHFYA2,Fortra Price Book,USD,0,true
01uWC000005wsg1YAA,01tWC00000DD1nWYAT,"Tripwire Enterprise for Small Stores w/ ND & DB (up to 5 FS, 5 ND & 1 DB)-RenewalMaintenance",FIM-FIM-RRM-TRIENS,Renewal Maintenance,true,01sWC0000022GHFYA2,Fortra Price Book,USD,0,true
01uWC000005wsg2YAA,01tWC00000DD1nZYAT,Tripwire Enterprise for VMware ESX-RenewalMaintenance,FIM-FIM-RRM-TEVERM,Renewal Maintenance,true,01sWC0000022GHFYA2,Fortra Price Book,USD,0,true
01uWC000005wsg3YAA,01tWC00000DD1nqYAD,Tripwire for Databases-RenewalMaintenance,FIM-FIM-RRM-TDRM,Renewal Maintenance,true,01sWC0000022GHFYA2,Fortra Price Book,USD,0,true
01uWC000005wsg4YAA,01tWC00000DD1nuYAD,Tripwire for Directory Services-RenewalMaintenance,FIM-FIM-RRM-TDSRM,Renewal Maintenance,true,01sWC0000022GHFYA2,Fortra Price Book,USD,0,true
01uWC000005wsg5YAA,01tWC00000DD1nyYAD,Tripwire VIA for File Systems-RenewalMaintenance,FIM-FML-RRM-TVFFRM,Renewal Maintenance,true,01sWC0000022GHFYA2,Fortra Price Book,USD,0,true
01uWC000005wsg6YAA,01tWC00000DD1nzYAD,Tripwire VIA for Network Devices-RenewalMaintenance,FIM-FML-RRM-TVFNDRM,Renewal Maintenance,true,01sWC0000022GHFYA2,Fortra Price Book,USD,0,true
01uWC000005wsg7YAA,01tWC00000DD1o3YAD,Tripwire VIA Console-RenewalMaintenance,FIM-FML-RRM-TVCRM,Renewal Maintenance,true,01sWC0000022GHFYA2,Fortra Price Book,USD,0,true
01uWC000005wsg8YAA,01tWC00000DD1o6YAD,Tripwire Connect Local-RenewalMaintenance,FIM-FIM-RRM-TCLRM,Renewal Maintenance,true,01sWC0000022GHFYA2,Fortra Price Book,USD,0,true
01uWC000005wsg9YAA,01tWC00000DD1oIYAT,"Tripwire IP360 Non-transferable Unlimited Use (IP360, VnE-Ev, DP-Ev)-RenewalMaintenance",FIM-FML-RRM-TINM,Renewal Maintenance,true,01sWC0000022GHFYA2,Fortra Price Book,USD,0,true
01uWC000005wsgAYAQ,01tWC00000DD1oMYAT,Tripwire Log Center - Term Based-RenewalMaintenance,FIM-TLC-RRM-TLCTBR,Renewal Maintenance,true,01sWC0000022GHFYA2,Fortra Price Book,USD,0,true
01uWC000005wsgBYAQ,01tWC00000DD1oOYAT,Tripwire Log Center 500-RenewalMaintenance,FIM-FML-RRM-TLC5RM,Renewal Maintenance,true,01sWC0000022GHFYA2,Fortra Price Book,USD,0,true
01uWC000005wsgCYAQ,01tWC00000DD1ohYAD,Tripwire Log Center for Desktops-RenewalMaintenance,FIM-TLC-RRM-TLCDRM,Renewal Maintenance,true,01sWC0000022GHFYA2,Fortra Price Book,USD,0,true
01uWC000005wsgDYAQ,01tWC00000DD1orYAD,VnE Manager 1800-RenewalMaintenance,FIM-FIM-RRM-VM18RE,Renewal Maintenance,true,01sWC0000022GHFYA2,Fortra Price Book,USD,0,true
01uWC000005wsgEYAQ,01tWC00000DD1p1YAD,Tripwire Log Center for File Systems-RenewalMaintenance,FIM-TLC-RRM-TLCFSR,Renewal Maintenance,true,01sWC0000022GHFYA2,Fortra Price Book,USD,0,true
01uWC000005wsgFYAQ,01tWC00000DD1pOYAT,Tripwire Log Center for Network Devices-RenewalMaintenance,FIM-TLC-RRM-TLCNDR,Renewal Maintenance,true,01sWC0000022GHFYA2,Fortra Price Book,USD,0,true
01uWC000005wsgGYAQ,01tWC00000DD1pfYAD,Tripwire Log Center for Security Devices-RenewalMaintenance,FIM-TLC-RRM-TLCSDR,Renewal Maintenance,true,01sWC0000022GHFYA2,Fortra Price Book,USD,0,true
01uWC000005wsgHYAQ,01tWC00000DD13XYAT,ATP-RenewalMaintenance,DP-DLP-RRM-ATPREN,Renewal Maintenance,true,01sWC0000022GHFYA2,Fortra Price Book,USD,0,true
01uWC000005wsgIYAQ,01tWC00000DD13aYAD,Flow Exporters-RenewalMaintenance,NW-AA-RRM-FLOWRE,Renewal Maintenance,true,01sWC0000022GHFYA2,Fortra Price Book,USD,0,true
01uWC000005wsgJYAQ,01tWC00000DD13gYAD,Audit Journal Manager-NewMaintenance,SM-AJM-RNM-AJMNM,New Maintenance,true,01sWC0000022GHFYA2,Fortra Price Book,USD,0,true
01uWC000005wsgKYAQ,01tWC00000DD13iYAD,Audit Journal Manager-RenewalMaintenance,SM-AJM-RRM-AJMRM,Renewal Maintenance,true,01sWC0000022GHFYA2,Fortra Price Book,USD,0,true
01uWC000005wsgLYAQ,01tWC00000DD13kYAD,Authority Swapper-NewMaintenance,SM-AUS-RNM-AUTHNE,New Maintenance,true,01sWC0000022GHFYA2,Fortra Price Book,USD,0,true
01uWC000005wsgMYAQ,01tWC00000DD13mYAD,Authority Swapper-RenewalMaintenance,SM-AUS-RRM-AUTHRE,Renewal Maintenance,true,01sWC0000022GHFYA2,Fortra Price Book,USD,0,true
01uWC000005wsgNYAQ,01tWC00000DD13pYAD,Automate Desktop-NewMaintenance,RPA-AUD-RNM-ADNM,New Maintenance,true,01sWC0000022GHFYA2,Fortra Price Book,USD,0,true
01uWC000005wsgOYAQ,01tWC00000DD13rYAD,Automate Desktop-RenewalMaintenance,RPA-AUD-RRM-ADRM,Renewal Maintenance,true,01sWC0000022GHFYA2,Fortra Price Book,USD,0,true
01uWC000005wsgPYAQ,01tWC00000DD13wYAD,Automate Enterprise-NewMaintenance,RPA-AUT-RNM-AUTOMA,New Maintenance,true,01sWC0000022GHFYA2,Fortra Price Book,USD,0,true
01uWC000005wsgQYAQ,01tWC00000DD13yYAD,Automate Enterprise-RenewalMaintenance,RPA-AUT-RRM-AURM,Renewal Maintenance,true,01sWC0000022GHFYA2,Fortra Price Book,USD,0,true
01uWC000005wsgRYAQ,01tWC00000DD140YAD,Automate Enterprise Agent-NewMaintenance,RPA-AUT-RNM-AEANM,New Maintenance,true,01sWC0000022GHFYA2,Fortra Price Book,USD,0,true
01uWC000005wsgSYAQ,01tWC00000DD142YAD,Automate Enterprise Agent-RenewalMaintenance,RPA-AUT-RRM-AEARM,Renewal Maintenance,true,01sWC0000022GHFYA2,Fortra Price Book,USD,0,true
01uWC000005wsgTYAQ,01tWC00000DD144YAD,Automate Enterprise Developer Tools-NewMaintenance,RPA-AUT-RNM-AEDTNM,New Maintenance,true,01sWC0000022GHFYA2,Fortra Price Book,USD,0,true
01uWC000005wsgUYAQ,01tWC00000DD146YAD,Automate Enterprise Developer Tools-RenewalMaintenance,RPA-AUT-RRM-AEDTRM,Renewal Maintenance,true,01sWC0000022GHFYA2,Fortra Price Book,USD,0,true
01uWC000005wsgVYAQ,01tWC00000DD14AYAT,Automate Full/Premium-NewMaintenance,RPA-AUD-RNM-AFPNM,New Maintenance,true,01sWC0000022GHFYA2,Fortra Price Book,USD,0,true
01uWC000005wsgWYAQ,01tWC00000DD14CYAT,Automate Full/Premium-RenewalMaintenance,RPA-AUD-RRM-AFPRM,Renewal Maintenance,true,01sWC0000022GHFYA2,Fortra Price Book,USD,0,true
01uWC000005wsgXYAQ,01tWC00000DD14GYAT,Automate Intelligent Capture-NewMaintenance,RPA-AIC-RNM-AICNM,New Maintenance,true,01sWC0000022GHFYA2,Fortra Price Book,USD,0,true
01uWC000005wsgYYAQ,01tWC00000DD14IYAT,Automate Intelligent Capture-RenewalMaintenance,RPA-AIC-RRM-AICRM,Renewal Maintenance,true,01sWC0000022GHFYA2,Fortra Price Book,USD,0,true
01uWC000005wsgZYAQ,01tWC00000DD14PYAT,Automate OEM Royalty-NewMaintenance,RPA-AUT-RNM-AORNM,New Maintenance,true,01sWC0000022GHFYA2,Fortra Price Book,USD,0,true
01uWC000005wsgaYAA,01tWC00000DD14RYAT,Automate OEM Royalty-RenewalMaintenance,RPA-AUT-RRM-AORRM,Renewal Maintenance,true,01sWC0000022GHFYA2,Fortra Price Book,USD,0,true
01uWC000005wsgbYAA,01tWC00000DD14VYAT,Automate Ops Console-NewMaintenance,RPA-AUT-RNM-AOCNM,New Maintenance,true,01sWC0000022GHFYA2,Fortra Price Book,USD,0,true
01uWC000005wsgcYAA,01tWC00000DD14XYAT,Automate Ops Console-RenewalMaintenance,RPA-AUT-RRM-AOCRM,Renewal Maintenance,true,01sWC0000022GHFYA2,Fortra Price Book,USD,0,true
01uWC000005wsgdYAA,01tWC00000DD1LvYAL,GoAnywhere Advanced Agent-NewMaintenance,GOA-GAM-RNM-GAAANM,New Maintenance,true,01sWC0000022GHFYA2,Fortra Price Book,USD,0,true
01uWC000005wsgeYAA,01tWC00000DD1LzYAL,GoAnywhere Advanced Reporting-NewMaintenance,GOA-GAM-RNM-GAARNM,New Maintenance,true,01sWC0000022GHFYA2,Fortra Price Book,USD,0,true
01uWC000005wsgfYAA,01tWC00000DD1M1YAL,GoAnywhere Advanced Reporting-RenewalMaintenance,GOA-GAM-RRM-GAARRM,Renewal Maintenance,true,01sWC0000022GHFYA2,Fortra Price Book,USD,0,true
01uWC000005wsggYAA,01tWC00000DD1M5YAL,GoAnywhere Advanced Workflows-RenewalMaintenance,GOA-GAM-RRM-GAAWRM,Renewal Maintenance,true,01sWC0000022GHFYA2,Fortra Price Book,USD,0,true
01uWC000005wsghYAA,01tWC00000DD1M7YAL,GoAnywhere Advanced Workflows and Reporting-NewMaintenance,GOA-GAM-RNM-GAAWRN,New Maintenance,true,01sWC0000022GHFYA2,Fortra Price Book,USD,0,true
01uWC000005wsgiYAA,01tWC00000DD1M9YAL,GoAnywhere Advanced Workflows and Reporting-RenewalMaintenance,GOA-GAM-RRM-GAAWRR,Renewal Maintenance,true,01sWC0000022GHFYA2,Fortra Price Book,USD,0,true
01uWC000005wsgjYAA,01tWC00000DD1MBYA1,GoAnywhere Agent-NewMaintenance,GOA-GAM-RNM-GAANM,New Maintenance,true,01sWC0000022GHFYA2,Fortra Price Book,USD,0,true
01uWC000005wsgkYAA,01tWC00000DD1MDYA1,GoAnywhere Agent-RenewalMaintenance,GOA-GAM-RRM-GAARM,Renewal Maintenance,true,01sWC0000022GHFYA2,Fortra Price Book,USD,0,true
01uWC000005wsglYAA,01tWC00000DD1MFYA1,GoAnywhere AS2 Send/Receive-NewMaintenance,GOA-GAM-RNM-GAASRN,New Maintenance,true,01sWC0000022GHFYA2,Fortra Price Book,USD,0,true
01uWC000005wsgmYAA,01tWC00000DD1MHYA1,GoAnywhere AS2 Send/Receive-RenewalMaintenance,GOA-GAM-RRM-GAASRR,Renewal Maintenance,true,01sWC0000022GHFYA2,Fortra Price Book,USD,0,true
01uWC000005wsgnYAA,01tWC00000DD1MJYA1,GoAnywhere AS3 Send/Receive-NewMaintenance,GOA-GAM-RNM-GONM,New Maintenance,true,01sWC0000022GHFYA2,Fortra Price Book,USD,0,true
01uWC000005wsgoYAA,01tWC00000DD1MLYA1,GoAnywhere AS3 Send/Receive-RenewalMaintenance,GOA-GAM-RRM-GORM,Renewal Maintenance,true,01sWC0000022GHFYA2,Fortra Price Book,USD,0,true
01uWC000005wsgpYAA,01tWC00000DD1MNYA1,GoAnywhere AS4 Send/Receive-NewMaintenance,GOA-GAM-RNM-GOANY,New Maintenance,true,01sWC0000022GHFYA2,Fortra Price Book,USD,0,true
01uWC000005wsgqYAA,01tWC00000DD1MPYA1,GoAnywhere AS4 Send/Receive-RenewalMaintenance,GOA-GAM-RRM-GOAA,Renewal Maintenance,true,01sWC0000022GHFYA2,Fortra Price Book,USD,0,true
01uWC000005wsgrYAA,01tWC00000DD1MRYA1,GoAnywhere Basic Agent-NewMaintenance,GOA-GAM-RNM-GABANM,New Maintenance,true,01sWC0000022GHFYA2,Fortra Price Book,USD,0,true
01uWC000005wsgsYAA,01tWC00000DD1MTYA1,GoAnywhere Basic Agent-RenewalMaintenance,GOA-GAM-RRM-GABARM,Renewal Maintenance,true,01sWC0000022GHFYA2,Fortra Price Book,USD,0,true
01uWC000005wsgtYAA,01tWC00000DD1MVYA1,GoAnywhere Business Activity Monitor-NewMaintenance,GOA-GAM-RNM-GABAMN,New Maintenance,true,01sWC0000022GHFYA2,Fortra Price Book,USD,0,true
01uWC000005wsguYAA,01tWC00000DD1MXYA1,GoAnywhere Business Activity Monitor-RenewalMaintenance,GOA-GAM-RRM-GABAMR,Renewal Maintenance,true,01sWC0000022GHFYA2,Fortra Price Book,USD,0,true
01uWC000005wsgvYAA,01tWC00000DD1MZYA1,GoAnywhere Cloud Connector Premium-NewMaintenance,GOA-GAM-RNM-GACCPN,New Maintenance,true,01sWC0000022GHFYA2,Fortra Price Book,USD,0,true
01uWC000005wsgwYAA,01tWC00000DD1MbYAL,GoAnywhere Cloud Connector Premium-RenewalMaintenance,GOA-GAM-RRM-GACCPR,Renewal Maintenance,true,01sWC0000022GHFYA2,Fortra Price Book,USD,0,true
01uWC000005wsgxYAA,01tWC00000DD1MdYAL,GoAnywhere Cloud Connector Standard-NewMaintenance,GOA-GAM-RNM-GACCSN,New Maintenance,true,01sWC0000022GHFYA2,Fortra Price Book,USD,0,true
01uWC000005wsgyYAA,01tWC00000DD1MfYAL,GoAnywhere Cloud Connector Standard-RenewalMaintenance,GOA-GAM-RRM-GACCSR,Renewal Maintenance,true,01sWC0000022GHFYA2,Fortra Price Book,USD,0,true
01uWC000005wsgzYAA,01tWC00000DD1MhYAL,GoAnywhere Cloud Connector Standard Pack-NewMaintenance,GOA-GAM-RNM-GACM,New Maintenance,true,01sWC0000022GHFYA2,Fortra Price Book,USD,0,true
01uWC000005wsh0YAA,01tWC00000DD1MjYAL,GoAnywhere Cloud Connector Standard Pack-RenewalMaintenance,GOA-GAM-RRM-GOAC,Renewal Maintenance,true,01sWC0000022GHFYA2,Fortra Price Book,USD,0,true
01uWC000005wsh1YAA,01tWC00000DD1MlYAL,GoAnywhere Collaboration Bundle-NewMaintenance,GOA-GAM-RNM-GACBNM,New Maintenance,true,01sWC0000022GHFYA2,Fortra Price Book,USD,0,true
01uWC000005wsh2YAA,01tWC00000DD1MpYAL,GoAnywhere Collaboration Bundle-RenewalMaintenance,GOA-GAM-RRM-GACBRM,Renewal Maintenance,true,01sWC0000022GHFYA2,Fortra Price Book,USD,0,true
01uWC000005wsh3YAA,01tWC00000DD1MuYAL,GoAnywhere Core Server Bundle-NewMaintenance,GOA-GAM-RNM-GACSBN,New Maintenance,true,01sWC0000022GHFYA2,Fortra Price Book,USD,0,true
01uWC000005wsh4YAA,01tWC00000DD1MxYAL,Sequel Data Warehouse-NewMaintenance,BI-SDW-RNM-SDWNM,New Maintenance,true,01sWC0000022GHFYA2,Fortra Price Book,USD,0,true
01uWC000005wsh5YAA,01tWC00000DD1N1YAL,GoAnywhere Core Server Bundle-RenewalMaintenance,GOA-GAM-RRM-GACSBR,Renewal Maintenance,true,01sWC0000022GHFYA2,Fortra Price Book,USD,0,true
01uWC000005wsh6YAA,01tWC00000DD1N6YAL,GoAnywhere Enterprise Bundle-NewMaintenance,GOA-GAM-RNM-GAEBNM,New Maintenance,true,01sWC0000022GHFYA2,Fortra Price Book,USD,0,true
01uWC000005wsh7YAA,01tWC00000DD1N8YAL,GoAnywhere Enterprise Bundle-RenewalMaintenance,GOA-GAM-RRM-GAEBRM,Renewal Maintenance,true,01sWC0000022GHFYA2,Fortra Price Book,USD,0,true
01uWC000005wsh8YAA,01tWC00000DD1NBYA1,GoAnywhere FTP Client & Server-NewMaintenance,GOA-GAM-RNM-GAFCSN,New Maintenance,true,01sWC0000022GHFYA2,Fortra Price Book,USD,0,true
01uWC000005wsh9YAA,01tWC00000DD1q2YAD,VISUAL Message Center Dashboards-NewMaintenance,SM-VIT-RNM-VISUAM,New Maintenance,true,01sWC0000022GHFYA2,Fortra Price Book,USD,0,true
01uWC000005wshAYAQ,01tWC00000DD1q4YAD,VISUAL Message Center Dashboards-RenewalMaintenance,SM-VIT-RRM-VISUME,Renewal Maintenance,true,01sWC0000022GHFYA2,Fortra Price Book,USD,0,true
01uWC000005wshBYAQ,01tWC00000DD1q6YAD,VISUAL Message Center iSeries Base-NewMaintenance,SM-VMC-RNM-VISMES,New Maintenance,true,01sWC0000022GHFYA2,Fortra Price Book,USD,0,true
01uWC000005wshCYAQ,01tWC00000DD1q8YAD,VISUAL Message Center iSeries Base-RenewalMaintenance,SM-VMC-RRM-VIMESS,Renewal Maintenance,true,01sWC0000022GHFYA2,Fortra Price Book,USD,0,true
01uWC000005wshDYAQ,01tWC00000DD1qAYAT,VISUAL Message Center Suite for Operations-NewMaintenance,SM-VMC-RNM-VMESSA,New Maintenance,true,01sWC0000022GHFYA2,Fortra Price Book,USD,0,true
01uWC000005wshEYAQ,01tWC00000DD1qCYAT,VISUAL Message Center Suite for Operations-RenewalMaintenance,SM-VMC-RRM-VISUMC,Renewal Maintenance,true,01sWC0000022GHFYA2,Fortra Price Book,USD,0,true
01uWC000005wshFYAQ,01tWC00000DD1qEYAT,VISUAL Remote Control-NewMaintenance,SM-VMC-RNM-VRCM,New Maintenance,true,01sWC0000022GHFYA2,Fortra Price Book,USD,0,true
01uWC000005wshGYAQ,01tWC00000DD1qGYAT,VISUAL Remote Control-RenewalMaintenance,SM-VMC-RRM-VIRE,Renewal Maintenance,true,01sWC0000022GHFYA2,Fortra Price Book,USD,0,true
01uWC000005wshHYAQ,01tWC00000DD1qIYAT,VISUAL Remote Control (add-on to VSP)-NewMaintenance,SM-VMC-RNM-VISUAR,New Maintenance,true,01sWC0000022GHFYA2,Fortra Price Book,USD,0,true
01uWC000005wshIYAQ,01tWC00000DD1qKYAT,VISUAL Remote Control (add-on to VSP)-RenewalMaintenance,SM-VMC-RRM-VISURE,Renewal Maintenance,true,01sWC0000022GHFYA2,Fortra Price Book,USD,0,true
01uWC000005wshJYAQ,01tWC00000DD1qMYAT,VISUAL Security Suite - Security Package-NewMaintenance,SM-VMC-RNM-VSSM,New Maintenance,true,01sWC0000022GHFYA2,Fortra Price Book,USD,0,true
01uWC000005wshKYAQ,01tWC00000DD1qOYAT,VISUAL Security Suite - Security Package-RenewalMaintenance,SM-VMC-RRM-VISE,Renewal Maintenance,true,01sWC0000022GHFYA2,Fortra Price Book,USD,0,true
01uWC000005wshLYAQ,01tWC00000DD1qQYAT,Vityl Capacity Management-NewMaintenance,CM-VCM-RNM-VCMNM,New Maintenance,true,01sWC0000022GHFYA2,Fortra Price Book,USD,0,true
01uWC000005wshMYAQ,01tWC00000DD1qSYAT,Vityl Capacity Management-RenewalMaintenance,CM-VCM-RRM-VCMRM,Renewal Maintenance,true,01sWC0000022GHFYA2,Fortra Price Book,USD,0,true
01uWC000005wshNYAQ,01tWC00000DD1qUYAT,Vityl Capacity Management Enterprise-NewMaintenance,CM-VCM-RNM-VCMENM,New Maintenance,true,01sWC0000022GHFYA2,Fortra Price Book,USD,0,true
01uWC000005wshOYAQ,01tWC00000DD1qWYAT,Vityl Capacity Management Enterprise-RenewalMaintenance,CM-VCM-RRM-VCMERM,Renewal Maintenance,true,01sWC0000022GHFYA2,Fortra Price Book,USD,0,true
01uWC000005wshPYAQ,01tWC00000DD1qYYAT,Vityl Capacity Management License Fee-NewMaintenance,CM-VCM-RNM-VCMLFN,New Maintenance,true,01sWC0000022GHFYA2,Fortra Price Book,USD,0,true
01uWC000005wshQYAQ,01tWC00000DD1qaYAD,Vityl Capacity Management License Fee-RenewalMaintenance,CM-VCM-RRM-VCMLFR,Renewal Maintenance,true,01sWC0000022GHFYA2,Fortra Price Book,USD,0,true
01uWC000005wshRYAQ,01tWC00000DD1qbYAD,Vityl IT & Business Monitoring-NewMaintenance,SM-VIT-RNM-VIBMNM,New Maintenance,true,01sWC0000022GHFYA2,Fortra Price Book,USD,0,true
01uWC000005wshSYAQ,01tWC00000DD1qdYAD,Vityl IT & Business Monitoring-RenewalMaintenance,SM-VIT-RRM-VIBMRM,Renewal Maintenance,true,01sWC0000022GHFYA2,Fortra Price Book,USD,0,true
01uWC000005wshTYAQ,01tWC00000DD1qfYAD,Vityl Monitor-NewMaintenance,CM-VIM-RNM-VMNM,New Maintenance,true,01sWC0000022GHFYA2,Fortra Price Book,USD,0,true
01uWC000005wshUYAQ,01tWC00000DD1qhYAD,Vityl Monitor-RenewalMaintenance,CM-VIM-RRM-VMRM,Renewal Maintenance,true,01sWC0000022GHFYA2,Fortra Price Book,USD,0,true
01uWC000005wshVYAQ,01tWC00000DD1qjYAD,Vityl Monitor & Predictor for Physical Systems-NewMaintenance,CM-VIM-RNM-VMPPSN,New Maintenance,true,01sWC0000022GHFYA2,Fortra Price Book,USD,0,true
01uWC000005wshWYAQ,01tWC00000DD1qlYAD,Vityl Monitor & Predictor for Physical Systems-RenewalMaintenance,CM-VIM-RRM-VMPPSR,Renewal Maintenance,true,01sWC0000022GHFYA2,Fortra Price Book,USD,0,true
01uWC000005wshXYAQ,01tWC00000DD1qpYAD,VMC - Additional ThinkServer-NewMaintenance,SM-VMC-RNM-VMCA,New Maintenance,true,01sWC0000022GHFYA2,Fortra Price Book,USD,0,true
01uWC000005wshYYAQ,01tWC00000DD1qrYAD,VMC - Additional ThinkServer-RenewalMaintenance,SM-VMC-RRM-VATM,Renewal Maintenance,true,01sWC0000022GHFYA2,Fortra Price Book,USD,0,true
01uWC000005wshZYAQ,01tWC00000DD1qtYAD,VMC - Cisco PIX/ASA Security Agent-NewMaintenance,SM-VMC-RNM-VMCC,New Maintenance,true,01sWC0000022GHFYA2,Fortra Price Book,USD,0,true
01uWC000005wshaYAA,01tWC00000DD1qvYAD,VMC - Cisco PIX/ASA Security Agent-RenewalMaintenance,SM-VMC-RRM-VMCCI,Renewal Maintenance,true,01sWC0000022GHFYA2,Fortra Price Book,USD,0,true
01uWC000005wshbYAA,01tWC00000DD1qxYAD,VMC - Debugging Agent-NewMaintenance,SM-VMC-RNM-VMCD,New Maintenance,true,01sWC0000022GHFYA2,Fortra Price Book,USD,0,true
01uWC000005wshcYAA,01tWC00000DD1qzYAD,VMC - Debugging Agent-RenewalMaintenance,SM-VMC-RRM-VDAM,Renewal Maintenance,true,01sWC0000022GHFYA2,Fortra Price Book,USD,0,true
01uWC000005wshdYAA,01tWC00000DD1r1YAD,VMC - Debugging Agent (Powered by VDW)-NewMaintenance,SM-VMC-RNM-VMDE,New Maintenance,true,01sWC0000022GHFYA2,Fortra Price Book,USD,0,true
01uWC000005wsheYAA,01tWC00000DD1r3YAD,VMC - Debugging Agent (Powered by VDW)-RenewalMaintenance,SM-VMC-RRM-VMCDE,Renewal Maintenance,true,01sWC0000022GHFYA2,Fortra Price Book,USD,0,true
01uWC000005wshfYAA,01tWC00000DD1r5YAD,VMC - Exchange Server Operations Agent-NewMaintenance,SM-VMC-RNM-VMCE,New Maintenance,true,01sWC0000022GHFYA2,Fortra Price Book,USD,0,true
01uWC000005wshgYAA,01tWC00000DD1uMYAT,Unisys - TeamQuest MS2200 OS2200-OTC-NewMaintenance,CM-TQU-RNM-UTQMOO,New Maintenance,true,01sWC0000022GHFYA2,Fortra Price Book,USD,0,true
01uWC000005wshhYAA,01tWC00000DD1uOYAT,Unisys - TeamQuest MS2200 OS2200-OTC-RenewalMaintenance,CM-TQU-RRM-UTEQUE,Renewal Maintenance,true,01sWC0000022GHFYA2,Fortra Price Book,USD,0,true
01uWC000005wshiYAA,01tWC00000DD1uQYAT,Unisys - TeamQuest MSAR OS2200-OTC-NewMaintenance,CM-TQU-RNM-UNNM,New Maintenance,true,01sWC0000022GHFYA2,Fortra Price Book,USD,0,true
01uWC000005wshjYAA,01tWC00000DD1uSYAT,Unisys - TeamQuest MSAR OS2200-OTC-RenewalMaintenance,CM-TQU-RRM-UNTQUM,Renewal Maintenance,true,01sWC0000022GHFYA2,Fortra Price Book,USD,0,true
01uWC000005wshkYAA,01tWC00000DD1uUYAT,Unisys - TeamQuest MSManager OS2200-OTC-NewMaintenance,CM-TQU-RNM-UTEQMS,New Maintenance,true,01sWC0000022GHFYA2,Fortra Price Book,USD,0,true
01uWC000005wshlYAA,01tWC00000DD1uWYAT,Unisys - TeamQuest MSManager OS2200-OTC-RenewalMaintenance,CM-TQU-RRM-UTEQMO,Renewal Maintenance,true,01sWC0000022GHFYA2,Fortra Price Book,USD,0,true
01uWC000005wshmYAA,01tWC00000DD1uYYAT,Unisys - TeamQuest OEM Fixed Fee - Monthly - Mainframe - Unisys OEM-NewMaintenance,CM-TQU-RNM-UTQOFF,New Maintenance,true,01sWC0000022GHFYA2,Fortra Price Book,USD,0,true
01uWC000005wshnYAA,01tWC00000DD1uaYAD,Unisys - TeamQuest OEM Fixed Fee - Monthly - Mainframe - Unisys OEM-RenewalMaintenance,CM-TQU-RRM-UNTQUO,Renewal Maintenance,true,01sWC0000022GHFYA2,Fortra Price Book,USD,0,true
01uWC000005wshoYAA,01tWC00000DD1ucYAD,Unisys - TeamQuest Online MCP-OTC-NewMaintenance,CM-TQU-RNM-UTQOMO,New Maintenance,true,01sWC0000022GHFYA2,Fortra Price Book,USD,0,true
01uWC000005wshpYAA,01tWC00000DD1ueYAD,Unisys - TeamQuest Online MCP-OTC-RenewalMaintenance,CM-TQU-RRM-UNTQOM,Renewal Maintenance,true,01sWC0000022GHFYA2,Fortra Price Book,USD,0,true
01uWC000005wshqYAA,01tWC00000DD1ugYAD,Unisys - TeamQuest Online OS2200-OTC-NewMaintenance,CM-TQU-RNM-UTQOOO,New Maintenance,true,01sWC0000022GHFYA2,Fortra Price Book,USD,0,true
01uWC000005wshrYAA,01tWC00000DD1uiYAD,Unisys - TeamQuest Online OS2200-OTC-RenewalMaintenance,CM-TQU-RRM-UTEQOO,Renewal Maintenance,true,01sWC0000022GHFYA2,Fortra Price Book,USD,0,true
01uWC000005wshsYAA,01tWC00000DD1ukYAD,Unisys - TeamQuest OSAM OS2200-OTC-NewMaintenance,CM-TQU-RNM-UTEQOS,New Maintenance,true,01sWC0000022GHFYA2,Fortra Price Book,USD,0,true
01uWC000005wshtYAA,01tWC00000DD1umYAD,Unisys - TeamQuest OSAM OS2200-OTC-RenewalMaintenance,CM-TQU-RRM-UTQOOS,Renewal Maintenance,true,01sWC0000022GHFYA2,Fortra Price Book,USD,0,true
01uWC000005wshuYAA,01tWC00000DD1uoYAD,Unisys - TeamQuest PAR OS2200-OTC-NewMaintenance,CM-TQU-RNM-UTQPOO,New Maintenance,true,01sWC0000022GHFYA2,Fortra Price Book,USD,0,true
01uWC000005wshvYAA,01tWC00000DD1uqYAD,Unisys - TeamQuest PAR OS2200-OTC-RenewalMaintenance,CM-TQU-RRM-UNTQUP,Renewal Maintenance,true,01sWC0000022GHFYA2,Fortra Price Book,USD,0,true
01uWC000005wshwYAA,01tWC00000DD1usYAD,Unisys - TeamQuest PM2200 OS2200-OTC-NewMaintenance,CM-TQU-RNM-UTEQPM,New Maintenance,true,01sWC0000022GHFYA2,Fortra Price Book,USD,0,true
01uWC000005wshxYAA,01tWC00000DD1uuYAD,Unisys - TeamQuest PM2200 OS2200-OTC-RenewalMaintenance,CM-TQU-RRM-UTEQPO,Renewal Maintenance,true,01sWC0000022GHFYA2,Fortra Price Book,USD,0,true
01uWC000005wshyYAA,01tWC00000DD1uwYAD,Unisys - TeamQuest PMLog OS2200-OTC-NewMaintenance,CM-TQU-RNM-UTQPMO,New Maintenance,true,01sWC0000022GHFYA2,Fortra Price Book,USD,0,true
01uWC000005wshzYAA,01tWC00000DD1uyYAD,Unisys - TeamQuest PMLog OS2200-OTC-RenewalMaintenance,CM-TQU-RRM-UTQORM,Renewal Maintenance,true,01sWC0000022GHFYA2,Fortra Price Book,USD,0,true
01uWC000005wsi0YAA,01tWC00000DD1v0YAD,Unisys - TeamQuest PMPlus MCP-OTC-NewMaintenance,CM-TQU-RNM-UNTQPM,New Maintenance,true,01sWC0000022GHFYA2,Fortra Price Book,USD,0,true
01uWC000005wsi1YAA,01tWC00000DD1v2YAD,Unisys - TeamQuest PMPlus MCP-OTC-RenewalMaintenance,CM-TQU-RRM-UTQPMM,Renewal Maintenance,true,01sWC0000022GHFYA2,Fortra Price Book,USD,0,true
01uWC000005wsi2YAA,01tWC00000DD1v4YAD,Unisys - TeamQuest PMPlus OS2200-OTC-NewMaintenance,CM-TQU-RNM-UTQONM,New Maintenance,true,01sWC0000022GHFYA2,Fortra Price Book,USD,0,true
01uWC000005wsi3YAA,01tWC00000DD1v6YAD,Unisys - TeamQuest PMPlus OS2200-OTC-RenewalMaintenance,CM-TQU-RRM-UTQSRM,Renewal Maintenance,true,01sWC0000022GHFYA2,Fortra Price Book,USD,0,true
01uWC000005wsi4YAA,01tWC00000DD1v8YAD,Unisys - TeamQuest Probes MCP-OTC-NewMaintenance,CM-TQU-RNM-UTEQPR,New Maintenance,true,01sWC0000022GHFYA2,Fortra Price Book,USD,0,true
01uWC000005wsi5YAA,01tWC00000DD1vAYAT,Unisys - TeamQuest Probes MCP-OTC-RenewalMaintenance,CM-TQU-RRM-UTQPRM,Renewal Maintenance,true,01sWC0000022GHFYA2,Fortra Price Book,USD,0,true
01uWC000005wsi6YAA,01tWC00000DD1vCYAT,Unisys - TeamQuest Probes OS2200-OTC-NewMaintenance,CM-TQU-RNM-UTQPRO,New Maintenance,true,01sWC0000022GHFYA2,Fortra Price Book,USD,0,true
01uWC000005wsi7YAA,01tWC00000DD1vEYAT,Unisys - TeamQuest Probes OS2200-OTC-RenewalMaintenance,CM-TQU-RRM-UTQRRM,Renewal Maintenance,true,01sWC0000022GHFYA2,Fortra Price Book,USD,0,true
01uWC000005wsi8YAA,01tWC00000DD1vGYAT,Unisys - TeamQuest RemD-Fragger OS2200-OTC-NewMaintenance,CM-TQU-RNM-UTQRDF,New Maintenance,true,01sWC0000022GHFYA2,Fortra Price Book,USD,0,true
01uWC000005wsi9YAA,01tWC00000DD1vIYAT,Unisys - TeamQuest RemD-Fragger OS2200-OTC-RenewalMaintenance,CM-TQU-RRM-UNTQUR,Renewal Maintenance,true,01sWC0000022GHFYA2,Fortra Price Book,USD,0,true
01uWC000005wsiAYAQ,01tWC00000DD1vKYAT,Unisys - TeamQuest SAUtilities OS2200 - Unisys OEM-NewMaintenance,CM-TQU-RNM-UTQSOU,New Maintenance,true,01sWC0000022GHFYA2,Fortra Price Book,USD,0,true
01uWC000005wsiBYAQ,01tWC00000DD1vMYAT,Unisys - TeamQuest SAUtilities OS2200 - Unisys OEM-RenewalMaintenance,CM-TQU-RRM-UNTQUS,Renewal Maintenance,true,01sWC0000022GHFYA2,Fortra Price Book,USD,0,true
01uWC000005wsiCYAQ,01tWC00000DD1vOYAT,Unisys - TeamQuest SAUtilities OS2200-OTC-NewMaintenance,CM-TQU-RNM-UTQSOO,New Maintenance,true,01sWC0000022GHFYA2,Fortra Price Book,USD,0,true
01uWC000005wsiDYAQ,01tWC00000DD1vQYAT,Unisys - TeamQuest SAUtilities OS2200-OTC-RenewalMaintenance,CM-TQU-RRM-UNTQSO,Renewal Maintenance,true,01sWC0000022GHFYA2,Fortra Price Book,USD,0,true
01uWC000005wsiEYAQ,01tWC00000DD22mYAD,Remote Automation Agent-RenewalMaintenance,GS-GSE-RRM-RAARM,Renewal Maintenance,true,01sWC0000022GHFYA2,Fortra Price Book,USD,0,true
01uWC000005wsiFYAQ,01tWC00000DD236YAD,VISUAL Control Performance Planner-RenewalMaintenance,SM-PN-RRM-VCPPRM,Renewal Maintenance,true,01sWC0000022GHFYA2,Fortra Price Book,USD,0,true
01uWC000005wsiGYAQ,01tWC00000DD237YAD,VISUAL Control Performance Planner-NewMaintenance,SM-PN-RNM-VCPPNM,New Maintenance,true,01sWC0000022GHFYA2,Fortra Price Book,USD,0,true
01uWC000005wsiHYAQ,01tWC00000DD226YAD,Tripwire Enterprise for VMware ESX - EVAL-RenewalMaintenance,FIM-FIM-RRM-TEVEERM,Renewal Maintenance,true,01sWC0000022GHFYA2,Fortra Price Book,USD,0,true
01uWC000005wsiIYAQ,01tWC00000DD227YAD,Tripwire for Servers - EVAL-NewMaintenance,FIM-FIM-RNM-TSENM,New Maintenance,true,01sWC0000022GHFYA2,Fortra Price Book,USD,0,true
01uWC000005wsiJYAQ,01tWC00000DD228YAD,Tripwire for Servers - EVAL-RenewalMaintenance,FIM-FIM-RRM-TSERM,Renewal Maintenance,true,01sWC0000022GHFYA2,Fortra Price Book,USD,0,true
01uWC000005wsiKYAQ,01tWC00000DD229YAD,Tripwire Industrial Visibility Small Sensor-NewMaintenance,FIM-FIM-RNM-TIVSSNM,New Maintenance,true,01sWC0000022GHFYA2,Fortra Price Book,USD,0,true
01uWC000005wsiLYAQ,01tWC00000DD22AYAT,Tripwire Industrial Visibility Small Sensor-RenewalMaintenance,FIM-FIM-RRM-TIVSSRM,Renewal Maintenance,true,01sWC0000022GHFYA2,Fortra Price Book,USD,0,true
01uWC000005wsiMYAQ,01tWC00000DD22BYAT,Tripwire Industrial Visibility Threat Detection Console-NewMaintenance,FIM-FIM-RNM-TIVTDCNM,New Maintenance,true,01sWC0000022GHFYA2,Fortra Price Book,USD,0,true
01uWC000005wsiNYAQ,01tWC00000DD22CYAT,Tripwire Industrial Visibility Threat Detection Console-RenewalMaintenance,FIM-FIM-RRM-TIVTDCRM,Renewal Maintenance,true,01sWC0000022GHFYA2,Fortra Price Book,USD,0,true
01uWC000005wsiOYAQ,01tWC00000DD22DYAT,Tripwire State Analyzer - EVAL-NewMaintenance,FIM-FIM-RNM-TSAEVNM,New Maintenance,true,01sWC0000022GHFYA2,Fortra Price Book,USD,0,true
01uWC000005wsiPYAQ,01tWC00000DD22EYAT,Tripwire State Analyzer - EVAL-RenewalMaintenance,FIM-FIM-RRM-TSAEVRM,Renewal Maintenance,true,01sWC0000022GHFYA2,Fortra Price Book,USD,0,true
01uWC000005wsiQYAQ,01tWC00000DD22FYAT,VnE Manager - EVAL-NewMaintenance,FIM-FML-RNM-VMENM,New Maintenance,true,01sWC0000022GHFYA2,Fortra Price Book,USD,0,true
01uWC000005wsiRYAQ,01tWC00000DD22GYAT,VnE Manager - EVAL-RenewalMaintenance,FIM-FML-RRM-VMERM,Renewal Maintenance,true,01sWC0000022GHFYA2,Fortra Price Book,USD,0,true
01uWC000005wsiSYAQ,01tWC00000DD22HYAT,VnE Manager 1800-NewMaintenance,FIM-FML-RNM-VM1NM,New Maintenance,true,01sWC0000022GHFYA2,Fortra Price Book,USD,0,true
01uWC000005wsiTYAQ,01tWC00000DD22IYAT,Tripwire Log Center for Desktops-NewMaintenance,FIM-TLC-RNM-TLCDNM,New Maintenance,true,01sWC0000022GHFYA2,Fortra Price Book,USD,0,true
01uWC000005wsiUYAQ,01tWC00000DD22JYAT,Tripwire Log Center for Network Devices - EVAL-NewMaintenance,FIM-TLC-RNM-TLCNDENM,New Maintenance,true,01sWC0000022GHFYA2,Fortra Price Book,USD,0,true
01uWC000005wsiVYAQ,01tWC00000DD22KYAT,Tripwire Log Center for Network Devices - EVAL-RenewalMaintenance,FIM-TLC-RRM-TLCNDERM,Renewal Maintenance,true,01sWC0000022GHFYA2,Fortra Price Book,USD,0,true
01uWC000005wsiWYAQ,01tWC00000DD22LYAT,Tripwire Log Center for Security Devices - EVAL-NewMaintenance,FIM-TLC-RNM-TLCSDENM,New Maintenance,true,01sWC0000022GHFYA2,Fortra Price Book,USD,0,true
01uWC000005wsiXYAQ,01tWC00000DD22MYAT,Tripwire Log Center for Security Devices - EVAL-RenewalMaintenance,FIM-TLC-RRM-TLCSDERM,Renewal Maintenance,true,01sWC0000022GHFYA2,Fortra Price Book,USD,0,true
01uWC000005wsiYYAQ,01tWC00000DD22NYAT,Tripwire Log Center Manager License - EVAL-NewMaintenance,FIM-TLC-RNM-TLCMLENM,New Maintenance,true,01sWC0000022GHFYA2,Fortra Price Book,USD,0,true
01uWC000005wsiZYAQ,01tWC00000DD22OYAT,Tripwire Log Center Manager License - EVAL-RenewalMaintenance,FIM-TLC-RRM-TLCMLERM,Renewal Maintenance,true,01sWC0000022GHFYA2,Fortra Price Book,USD,0,true
01uWC000005wsiaYAA,01tWC00000DCwWcYAL,iPhone/iPad PMM Feature For SECURE Email Gateway-NewMaintenance,ES-SEG-RNM-IPIPNE,New Maintenance,true,01sWC0000022GHFYA2,Fortra Price Book,USD,0,true
01uWC000005wsibYAA,01tWC00000DCwWeYAL,iPhone/iPad PMM Feature For SECURE Email Gateway-RenewalMaintenance,ES-SEG-RRM-IPIPRE,Renewal Maintenance,true,01sWC0000022GHFYA2,Fortra Price Book,USD,0,true
01uWC000005wsicYAA,01tWC00000DCwWiYAL,iSeries Data Access-NewMaintenance,DM-DML-RNM-ISDANM,New Maintenance,true,01sWC0000022GHFYA2,Fortra Price Book,USD,0,true
01uWC000005wsidYAA,01tWC00000DCwWkYAL,iSeries Data Access-RenewalMaintenance,DM-DML-RRM-ISDARM,Renewal Maintenance,true,01sWC0000022GHFYA2,Fortra Price Book,USD,0,true
01uWC000005wsieYAA,01tWC00000DCwWlYAL,iSeries Office Integrator-NewMaintenance,DM-IBM-RNM-ISOINM,New Maintenance,true,01sWC0000022GHFYA2,Fortra Price Book,USD,0,true
01uWC000005wsifYAA,01tWC00000DCwWnYAL,iSeries Office Integrator-RenewalMaintenance,DM-IBM-RRM-ISOIRM,Renewal Maintenance,true,01sWC0000022GHFYA2,Fortra Price Book,USD,0,true
01uWC000005wsigYAA,01tWC00000DCwWpYAL,iSeries PDF and TIFF-NewMaintenance,DM-DML-RNM-ISPTNM,New Maintenance,true,01sWC0000022GHFYA2,Fortra Price Book,USD,0,true
01uWC000005wsihYAA,01tWC00000DCwWrYAL,iSeries PDF and TIFF-RenewalMaintenance,DM-DML-RRM-ISPTRM,Renewal Maintenance,true,01sWC0000022GHFYA2,Fortra Price Book,USD,0,true
01uWC000005wsiiYAA,01tWC00000DCwWsYAL,JDA Bundle-NewMaintenance,DM-DOE-RNM-JDABNE,New Maintenance,true,01sWC0000022GHFYA2,Fortra Price Book,USD,0,true
01uWC000005wsijYAA,01tWC00000DCwWuYAL,JDA Bundle-RenewalMaintenance,DM-DOE-RRM-JDABRE,Renewal Maintenance,true,01sWC0000022GHFYA2,Fortra Price Book,USD,0,true
01uWC000005wsikYAA,01tWC00000DCwWwYAL,Linux on Power-NewMaintenance,SM-NSS-RNM-LOPNEW,New Maintenance,true,01sWC0000022GHFYA2,Fortra Price Book,USD,0,true
01uWC000005wsilYAA,01tWC00000DCwWyYAL,Linux on Power-RenewalMaintenance,SM-NSS-RRM-LOPREN,Renewal Maintenance,true,01sWC0000022GHFYA2,Fortra Price Book,USD,0,true
01uWC000005wsimYAA,01tWC00000DCxkzYAD,TE Academic Institution Site License - VMWare ESX-RenewalMaintenance,FIM-FIM-RRM-TACAIN,Renewal Maintenance,true,01sWC0000022GHFYA2,Fortra Price Book,USD,0,true
01uWC000005wsinYAA,01tWC00000DCxl1YAD,TeamQuest Analyzer & CMIS for Systems-NewMaintenance,CM-TQO-RNM-TQACSN,New Maintenance,true,01sWC0000022GHFYA2,Fortra Price Book,USD,0,true
01uWC000005wsioYAA,01tWC00000DCxl3YAD,TeamQuest Analyzer & CMIS for Systems-RenewalMaintenance,CM-TQO-RRM-TQACSR,Renewal Maintenance,true,01sWC0000022GHFYA2,Fortra Price Book,USD,0,true
01uWC000005wsipYAA,01tWC00000DCxl5YAD,TeamQuest Analyzer & Predictor & CMIS for Systems-NewMaintenance,CM-TQO-RNM-TQAPCS,New Maintenance,true,01sWC0000022GHFYA2,Fortra Price Book,USD,0,true
01uWC000005wsiqYAA,01tWC00000DCxl7YAD,TeamQuest Analyzer & Predictor & CMIS for Systems-RenewalMaintenance,CM-TQO-RRM-TQAM,Renewal Maintenance,true,01sWC0000022GHFYA2,Fortra Price Book,USD,0,true
01uWC000005wsirYAA,01tWC00000DCxl9YAD,TeamQuest Analyzer & Predictor & Surveyor & CMIS for Systems-NewMaintenance,CM-TQO-RNM-TQAPSC,New Maintenance,true,01sWC0000022GHFYA2,Fortra Price Book,USD,0,true
01uWC000005wsisYAA,01tWC00000DCxlBYAT,TeamQuest Analyzer & Predictor & Surveyor & CMIS for Systems-RenewalMaintenance,CM-TQO-RRM-TEQU,Renewal Maintenance,true,01sWC0000022GHFYA2,Fortra Price Book,USD,0,true
01uWC000005wsitYAA,01tWC00000DCxlEYAT,TeamQuest Analyzer & Surveyor & CMIS for Systems-NewMaintenance,CM-TQO-RNM-TQASCS,New Maintenance,true,01sWC0000022GHFYA2,Fortra Price Book,USD,0,true
01uWC000005wsiuYAA,01tWC00000DCxlGYAT,TeamQuest Analyzer & Surveyor & CMIS for Systems-RenewalMaintenance,CM-TQO-RRM-TEAMQU,Renewal Maintenance,true,01sWC0000022GHFYA2,Fortra Price Book,USD,0,true
01uWC000005wsivYAA,01tWC00000DCxlMYAT,TeamQuest Surveyor for Systems-NewMaintenance,CM-TQR-RNM-TQSSNM,New Maintenance,true,01sWC0000022GHFYA2,Fortra Price Book,USD,0,true
01uWC000005wsiwYAA,01tWC00000DCxlOYAT,TeamQuest Surveyor for Systems-RenewalMaintenance,CM-TQR-RRM-TQSSRM,Renewal Maintenance,true,01sWC0000022GHFYA2,Fortra Price Book,USD,0,true
01uWC000005wsixYAA,01tWC00000DCxlVYAT,Text Report Converter (ASCII/ANSI/TXT/PRN)-NewMaintenance,DM-IRC-RNM-TRCANE,New Maintenance,true,01sWC0000022GHFYA2,Fortra Price Book,USD,0,true
01uWC000005wsiyYAA,01tWC00000DCxlXYAT,Text Report Converter (ASCII/ANSI/TXT/PRN)-RenewalMaintenance,DM-IRC-RRM-TRCARE,Renewal Maintenance,true,01sWC0000022GHFYA2,Fortra Price Book,USD,0,true
01uWC000005wsizYAA,01tWC00000DCxldYAD,Threat Aware-NewMaintenance,DP-DLP-RNM-THRENE,New Maintenance,true,01sWC0000022GHFYA2,Fortra Price Book,USD,0,true
01uWC000005wsj0YAA,01tWC00000DCxlfYAD,Threat Aware-RenewalMaintenance,DP-DLP-RRM-THRERE,Renewal Maintenance,true,01sWC0000022GHFYA2,Fortra Price Book,USD,0,true
01uWC000005wsj1YAA,01tWC00000DCxlhYAD,Titus-NewMaintenance,DP-DC-RNM-TNM,New Maintenance,true,01sWC0000022GHFYA2,Fortra Price Book,USD,0,true
01uWC000005wsj2YAA,01tWC00000DCxljYAD,Titus-RenewalMaintenance,DP-DC-RRM-TRM,Renewal Maintenance,true,01sWC0000022GHFYA2,Fortra Price Book,USD,0,true
01uWC000005wsj3YAA,01tWC00000DCxllYAD,Titus Classification Enterprise Suite-NewMaintenance,DP-DC-RNM-TCESNM,New Maintenance,true,01sWC0000022GHFYA2,Fortra Price Book,USD,0,true
01uWC000005wsj4YAA,01tWC00000DCxlnYAD,Titus Classification Enterprise Suite-RenewalMaintenance,DP-DC-RRM-TCESRM,Renewal Maintenance,true,01sWC0000022GHFYA2,Fortra Price Book,USD,0,true
01uWC000005wsj5YAA,01tWC00000DCxloYAD,Titus Classification for Mobile-NewMaintenance,DP-DC-RNM-TCMNM,New Maintenance,true,01sWC0000022GHFYA2,Fortra Price Book,USD,0,true
01uWC000005wsj6YAA,01tWC00000DCxlqYAD,Titus Classification for Mobile-RenewalMaintenance,DP-DC-RRM-TCMRM,Renewal Maintenance,true,01sWC0000022GHFYA2,Fortra Price Book,USD,0,true
01uWC000005wsj7YAA,01tWC00000DCxlsYAD,Titus Classification for Office and Files-NewMaintenance,DP-DC-RNM-TCOFNM,New Maintenance,true,01sWC0000022GHFYA2,Fortra Price Book,USD,0,true
01uWC000005wsj8YAA,01tWC00000DCxluYAD,Titus Classification for Office and Files-RenewalMaintenance,DP-DC-RRM-TCOFRM,Renewal Maintenance,true,01sWC0000022GHFYA2,Fortra Price Book,USD,0,true
01uWC000005wsj9YAA,01tWC00000DCxlvYAD,Titus Classification Suite-NewMaintenance,DP-DC-RNM-TCSNM,New Maintenance,true,01sWC0000022GHFYA2,Fortra Price Book,USD,0,true
01uWC000005wsjAYAQ,01tWC00000DCxlyYAD,Titus Classification Suite-RenewalMaintenance,DP-DC-RRM-TCSRM,Renewal Maintenance,true,01sWC0000022GHFYA2,Fortra Price Book,USD,0,true
01uWC000005wsjBYAQ,01tWC00000DCxm1YAD,Titus for Lotus Notes-NewMaintenance,DP-DC-RNM-TLNNM,New Maintenance,true,01sWC0000022GHFYA2,Fortra Price Book,USD,0,true
01uWC000005wsjCYAQ,01tWC00000DCxm3YAD,Titus for Lotus Notes-RenewalMaintenance,DP-DC-RRM-TLNRM,Renewal Maintenance,true,01sWC0000022GHFYA2,Fortra Price Book,USD,0,true
01uWC000005wsjDYAQ,01tWC00000DCxm4YAD,Titus Message Classification-NewMaintenance,DP-DC-RNM-TMCNM,New Maintenance,true,01sWC0000022GHFYA2,Fortra Price Book,USD,0,true
01uWC000005wsjEYAQ,01tWC00000DCxm6YAD,Titus Message Classification-RenewalMaintenance,DP-DC-RRM-TMCRM,Renewal Maintenance,true,01sWC0000022GHFYA2,Fortra Price Book,USD,0,true
01uWC000005wsjFYAQ,01tWC00000DCxm8YAD,TLC Reinstatement Fee-RenewalMaintenance,FIM-FIM-RRM-TLCR,Renewal Maintenance,true,01sWC0000022GHFYA2,Fortra Price Book,USD,0,true
01uWC000005wsjGYAQ,01tWC00000DCxmJYAT,Trend Tables-NewMaintenance,BI-SDW-RNM-TRENNE,New Maintenance,true,01sWC0000022GHFYA2,Fortra Price Book,USD,0,true
01uWC000005wsjHYAQ,01tWC00000DCxmLYAT,Trend Tables-RenewalMaintenance,BI-SDW-RRM-TRENRE,Renewal Maintenance,true,01sWC0000022GHFYA2,Fortra Price Book,USD,0,true
01uWC000005wsjIYAQ,01tWC00000DCxmNYAT,Tripwire - Term Based Enterprise License-NewMaintenance,FIM-FIM-RNM-TTBELN,New Maintenance,true,01sWC0000022GHFYA2,Fortra Price Book,USD,0,true
01uWC000005wsjJYAQ,01tWC00000DCyxlYAD,VMC - Windows Performance Agent-NewMaintenance,SM-VMC-RNM-VWPM,New Maintenance,true,01sWC0000022GHFYA2,Fortra Price Book,USD,0,true
01uWC000005wsjKYAQ,01tWC00000DCyxnYAD,VMC - Windows Performance Agent-RenewalMaintenance,SM-VMC-RRM-VMCWI,Renewal Maintenance,true,01sWC0000022GHFYA2,Fortra Price Book,USD,0,true
01uWC000005wsjLYAQ,01tWC00000DCyxpYAD,VMC - Windows Security Agent - 10 Units Package-NewMaintenance,SM-VMC-RNM-VMCWIN,New Maintenance,true,01sWC0000022GHFYA2,Fortra Price Book,USD,0,true
01uWC000005wsjMYAQ,01tWC00000DD19oYAD,Data Monitor for iSeries Base-NewMaintenance,SM-VMC-RNM-DMISBN,New Maintenance,true,01sWC0000022GHFYA2,Fortra Price Book,USD,0,true
01uWC000005wsjNYAQ,01tWC00000DD19qYAD,Data Monitor for iSeries Base-RenewalMaintenance,SM-VMC-RRM-DMISBR,Renewal Maintenance,true,01sWC0000022GHFYA2,Fortra Price Book,USD,0,true
01uWC000005wsjOYAQ,01tWC00000DD19sYAD,Data Monitor for iSeries Base (Changes)-NewMaintenance,SM-VMC-RNM-DMISBC,New Maintenance,true,01sWC0000022GHFYA2,Fortra Price Book,USD,0,true
01uWC000005wsjPYAQ,01tWC00000DD19uYAD,Data Monitor for iSeries Base (Changes)-RenewalMaintenance,SM-VMC-RRM-DMIM,Renewal Maintenance,true,01sWC0000022GHFYA2,Fortra Price Book,USD,0,true
01uWC000005wsjQYAQ,01tWC00000DD19wYAD,Data Monitor for iSeries Base Changes-NewMaintenance,SM-VMC-RNM-DAMO,New Maintenance,true,01sWC0000022GHFYA2,Fortra Price Book,USD,0,true
01uWC000005wsjRYAQ,01tWC00000DD19yYAD,Data Monitor for iSeries Base Changes-RenewalMaintenance,SM-VMC-RRM-DATAM,Renewal Maintenance,true,01sWC0000022GHFYA2,Fortra Price Book,USD,0,true
01uWC000005wsjSYAQ,01tWC00000DD1A0YAL,Data Monitor for iSeries Reads-NewMaintenance,SM-VMC-RNM-DMISRN,New Maintenance,true,01sWC0000022GHFYA2,Fortra Price Book,USD,0,true
01uWC000005wsjTYAQ,01tWC00000DD1A2YAL,Data Monitor for iSeries Reads-RenewalMaintenance,SM-VMC-RRM-DMISRR,Renewal Maintenance,true,01sWC0000022GHFYA2,Fortra Price Book,USD,0,true
01uWC000005wsjUYAQ,01tWC00000DD1A9YAL,Data Redaction For Secure Email Gateway-NewMaintenance,ES-SEG-RNM-DRSEGN,New Maintenance,true,01sWC0000022GHFYA2,Fortra Price Book,USD,0,true
01uWC000005wsjVYAQ,01tWC00000DD1ptYAD,Tripwire Log Center Manager-RenewalMaintenance,FIM-TLC-RRM-TLCMRM,Renewal Maintenance,true,01sWC0000022GHFYA2,Fortra Price Book,USD,0,true
01uWC000005wsjWYAQ,01tWC00000DD1tJYAT,Tripwire Log Center Manager License-RenewalMaintenance,FIM-TLC-RRM-TLCMLR,Renewal Maintenance,true,01sWC0000022GHFYA2,Fortra Price Book,USD,0,true
01uWC000005wsjXYAQ,01tWC00000DD1tOYAT,Tripwire Log Center VIA Agent-RenewalMaintenance,FIM-FML-RRM-TLCVAR,Renewal Maintenance,true,01sWC0000022GHFYA2,Fortra Price Book,USD,0,true
01uWC000005wsjYYAQ,01tWC00000DD1taYAD,Tripwire State Analyzer-RenewalMaintenance,FIM-FIM-RRM-TSARM,Renewal Maintenance,true,01sWC0000022GHFYA2,Fortra Price Book,USD,0,true
01uWC000005wsjZYAQ,01tWC00000DD1thYAD,Tripwire VIA Express Console-RenewalMaintenance,FIM-FML-RRM-TVECRM,Renewal Maintenance,true,01sWC0000022GHFYA2,Fortra Price Book,USD,0,true
01uWC000005wsjaYAA,01tWC00000DD1tiYAD,Tripwire VIA for Desktop-RenewalMaintenance,FIM-FML-RRM-TVDRM,Renewal Maintenance,true,01sWC0000022GHFYA2,Fortra Price Book,USD,0,true
01uWC000005wsjbYAA,01tWC00000DD1tjYAD,Tripwire VIA for Large Stores-RenewalMaintenance,FIM-FML-RRM-TVLSRM,Renewal Maintenance,true,01sWC0000022GHFYA2,Fortra Price Book,USD,0,true
01uWC000005wsjcYAA,01tWC00000DD1tkYAD,Tripwire VIA for Security Devices-RenewalMaintenance,FIM-FML-RRM-TVSDRM,Renewal Maintenance,true,01sWC0000022GHFYA2,Fortra Price Book,USD,0,true
01uWC000005wsjdYAA,01tWC00000DD1tlYAD,Tripwire VIA for Small Stores-RenewalMaintenance,FIM-FML-RRM-TVSSRM,Renewal Maintenance,true,01sWC0000022GHFYA2,Fortra Price Book,USD,0,true
01uWC000005wsjeYAA,01tWC00000DD1tmYAD,Tripwire VIA for VMware ESX-RenewalMaintenance,FIM-FML-RRM-TVVERM,Renewal Maintenance,true,01sWC0000022GHFYA2,Fortra Price Book,USD,0,true
01uWC000005wsjfYAA,01tWC00000DD1tuYAD,TW Manager/Server University Site Licenses-RenewalMaintenance,FIM-FML-RRM-TWTMSU,Renewal Maintenance,true,01sWC0000022GHFYA2,Fortra Price Book,USD,0,true
01uWC000005wsjgYAA,01tWC00000DD1y8YAD,WMS Module-NewMaintenance,GS-GSE-RNM-WMSMNE,New Maintenance,true,01sWC0000022GHFYA2,Fortra Price Book,USD,0,true
01uWC000005wsjhYAA,01tWC00000DD1y9YAD,WMS Module-RenewalMaintenance,GS-GSE-RRM-WMSMRE,Renewal Maintenance,true,01sWC0000022GHFYA2,Fortra Price Book,USD,0,true
01uWC000005wsjiYAA,01tWC00000DD1yAYAT,Workspaces-NewMaintenance,GS-GSE-RNM-WORKNE,New Maintenance,true,01sWC0000022GHFYA2,Fortra Price Book,USD,0,true
01uWC000005wsjjYAA,01tWC00000DD1yEYAT,Workspaces - Yearly-NewMaintenance,GS-GSE-RNM-WYNM,New Maintenance,true,01sWC0000022GHFYA2,Fortra Price Book,USD,0,true
01uWC000005wsjkYAA,01tWC00000DD1yFYAT,WSM Module-RenewalMaintenance,GS-GSE-RRM-WSMM,Renewal Maintenance,true,01sWC0000022GHFYA2,Fortra Price Book,USD,0,true
01uWC000005wsjlYAA,01tWC00000DD1OHYA1,GoAnywhere Premium Bundle-RenewalMaintenance,GOA-GAM-RRM-GAPBRM,Renewal Maintenance,true,01sWC0000022GHFYA2,Fortra Price Book,USD,0,true
01uWC000005wsjmYAA,01tWC00000DD1OMYA1,GoAnywhere Secure Folders-NewMaintenance,GOA-GAM-RNM-GASFNM,New Maintenance,true,01sWC0000022GHFYA2,Fortra Price Book,USD,0,true
01uWC000005wsjnYAA,01tWC00000DD1OOYA1,GoAnywhere Secure Folders-RenewalMaintenance,GOA-GAM-RRM-GASFRM,Renewal Maintenance,true,01sWC0000022GHFYA2,Fortra Price Book,USD,0,true
01uWC000005wsjoYAA,01tWC00000DD1OQYA1,GoAnywhere Secure Forms-NewMaintenance,GOA-GAM-RNM-GASM,New Maintenance,true,01sWC0000022GHFYA2,Fortra Price Book,USD,0,true
01uWC000005wsjpYAA,01tWC00000DD1OSYA1,GoAnywhere Secure Forms-RenewalMaintenance,GOA-GAM-RRM-GOANS,Renewal Maintenance,true,01sWC0000022GHFYA2,Fortra Price Book,USD,0,true
01uWC000005wsjqYAA,01tWC00000DD1OUYA1,GoAnywhere Secure Mail-NewMaintenance,GOA-GAM-RNM-GASMNM,New Maintenance,true,01sWC0000022GHFYA2,Fortra Price Book,USD,0,true
01uWC000005wsjrYAA,01tWC00000DD1OWYA1,GoAnywhere Secure Mail-RenewalMaintenance,GOA-GAM-RRM-GASMRM,Renewal Maintenance,true,01sWC0000022GHFYA2,Fortra Price Book,USD,0,true
01uWC000005wsjsYAA,01tWC00000DD1OYYA1,GoAnywhere Security Domains-NewMaintenance,GOA-GAM-RNM-GASDNM,New Maintenance,true,01sWC0000022GHFYA2,Fortra Price Book,USD,0,true
01uWC000005wsjtYAA,01tWC00000DD1OaYAL,GoAnywhere Security Domains-RenewalMaintenance,GOA-GAM-RRM-GASDRM,Renewal Maintenance,true,01sWC0000022GHFYA2,Fortra Price Book,USD,0,true
01uWC000005wsjuYAA,01tWC00000DD1OdYAL,GoAnywhere Services (legacy)-NewMaintenance,GOA-GAM-RNM-GASLNM,New Maintenance,true,01sWC0000022GHFYA2,Fortra Price Book,USD,0,true
01uWC000005wsjvYAA,01tWC00000DD1OfYAL,GoAnywhere Services (legacy)-RenewalMaintenance,GOA-GAM-RRM-GASLRM,Renewal Maintenance,true,01sWC0000022GHFYA2,Fortra Price Book,USD,0,true
01uWC000005wsjwYAA,01tWC00000DD1OgYAL,GoAnywhere SFTP Server-NewMaintenance,GOA-GAM-RNM-GASSNM,New Maintenance,true,01sWC0000022GHFYA2,Fortra Price Book,USD,0,true
01uWC000005wsjxYAA,01tWC00000DD1OiYAL,GoAnywhere SFTP Server-RenewalMaintenance,GOA-GAM-RRM-GASSRM,Renewal Maintenance,true,01sWC0000022GHFYA2,Fortra Price Book,USD,0,true
01uWC000005wsjyYAA,01tWC00000DD1OkYAL,GoAnywhere Standard Agent-NewMaintenance,GOA-GAM-RNM-GASANM,New Maintenance,true,01sWC0000022GHFYA2,Fortra Price Book,USD,0,true
01uWC000005wsjzYAA,01tWC00000DD1OmYAL,GoAnywhere Standard Agent-RenewalMaintenance,GOA-GAM-RRM-GASARM,Renewal Maintenance,true,01sWC0000022GHFYA2,Fortra Price Book,USD,0,true
01uWC000005wsk0YAA,01tWC00000DD1OoYAL,GoAnywhere Starter Bundle-NewMaintenance,GOA-GAM-RNM-GASBNM,New Maintenance,true,01sWC0000022GHFYA2,Fortra Price Book,USD,0,true
01uWC000005wsk1YAA,01tWC00000DCwVQYA1,iForms-RenewalMaintenance,DM-IFO-RRM-IFORRE,Renewal Maintenance,true,01sWC0000022GHFYA2,Fortra Price Book,USD,0,true
01uWC000005wsk2YAA,01tWC00000DCwVSYA1,iForms Electronic Forms and Report Writer - Legacy-NewMaintenance,DM-IFO-RNM-IFOREF,New Maintenance,true,01sWC0000022GHFYA2,Fortra Price Book,USD,0,true
01uWC000005wsk3YAA,01tWC00000DCwVUYA1,iForms Electronic Forms and Report Writer - Legacy-RenewalMaintenance,DM-IFO-RRM-IFORFA,Renewal Maintenance,true,01sWC0000022GHFYA2,Fortra Price Book,USD,0,true
01uWC000005wsk4YAA,01tWC00000DCwVVYA1,IFS Tools-NewMaintenance,DM-IBM-RNM-IFSTNE,New Maintenance,true,01sWC0000022GHFYA2,Fortra Price Book,USD,0,true
01uWC000005wsk5YAA,01tWC00000DCwVXYA1,IFS Tools-RenewalMaintenance,DM-IBM-RRM-IFSTRE,Renewal Maintenance,true,01sWC0000022GHFYA2,Fortra Price Book,USD,0,true
01uWC000005wsk6YAA,01tWC00000DCwVZYA1,Image Viewer - Legacy-NewMaintenance,DM-WCU-RNM-IVLNEW,New Maintenance,true,01sWC0000022GHFYA2,Fortra Price Book,USD,0,true
01uWC000005wsk7YAA,01tWC00000DCwVbYAL,Image Viewer - Legacy-RenewalMaintenance,DM-WCU-RRM-IVLREN,Renewal Maintenance,true,01sWC0000022GHFYA2,Fortra Price Book,USD,0,true
01uWC000005wsk8YAA,01tWC00000DCwVcYAL,Imaging Barcode/OCR-NewMaintenance,DM-WCU-RNM-IBONEW,New Maintenance,true,01sWC0000022GHFYA2,Fortra Price Book,USD,0,true
01uWC000005wsk9YAA,01tWC00000DCwVeYAL,Imaging Barcode/OCR-RenewalMaintenance,DM-WCU-RRM-IBOREN,Renewal Maintenance,true,01sWC0000022GHFYA2,Fortra Price Book,USD,0,true
01uWC000005wskAYAQ,01tWC00000DCwVhYAL,Info Print Integrator/400-NewMaintenance,DM-DML-RNM-IPI4NE,New Maintenance,true,01sWC0000022GHFYA2,Fortra Price Book,USD,0,true
01uWC000005wskBYAQ,01tWC00000DCwVjYAL,Info Print Integrator/400-RenewalMaintenance,DM-DML-RRM-IPI4RE,Renewal Maintenance,true,01sWC0000022GHFYA2,Fortra Price Book,USD,0,true
01uWC000005wskCYAQ,01tWC00000DCwVlYAL,Information Governance Server (Registrars)-NewMaintenance,ES-SEG-RNM-IGSRNM,New Maintenance,true,01sWC0000022GHFYA2,Fortra Price Book,USD,0,true
01uWC000005wskDYAQ,01tWC00000DCwVnYAL,Information Governance Server (Registrars)-RenewalMaintenance,ES-SEG-RRM-IGSRRM,Renewal Maintenance,true,01sWC0000022GHFYA2,Fortra Price Book,USD,0,true
01uWC000005wskEYAQ,01tWC00000DCwVpYAL,Insite Analytics-NewMaintenance,BI-ISA-RNM-INSINE,New Maintenance,true,01sWC0000022GHFYA2,Fortra Price Book,USD,0,true
01uWC000005wskFYAQ,01tWC00000DCwW1YAL,Integrated Access Control (IAC) Option - DATA CONN-NewMaintenance,CM-TQO-RNM-IACINE,New Maintenance,true,01sWC0000022GHFYA2,Fortra Price Book,USD,0,true
01uWC000005wskGYAQ,01tWC00000DCwW3YAL,Integrated Access Control (IAC) Option - DATA CONN-RenewalMaintenance,CM-TQO-RRM-IACIRE,Renewal Maintenance,true,01sWC0000022GHFYA2,Fortra Price Book,USD,0,true
01uWC000005wskHYAQ,01tWC00000DCwW4YAL,Integration Toolkit-NewMaintenance,DM-WFM-RNM-INTENE,New Maintenance,true,01sWC0000022GHFYA2,Fortra Price Book,USD,0,true
01uWC000005wskIYAQ,01tWC00000DCwW6YAL,Integration Toolkit-RenewalMaintenance,DM-WFM-RRM-INTERE,Renewal Maintenance,true,01sWC0000022GHFYA2,Fortra Price Book,USD,0,true
01uWC000005wskJYAQ,01tWC00000DCwW8YAL,Intermapper Server - Freeware-NewMaintenance,NW-INT-RNM-ISFNM,New Maintenance,true,01sWC0000022GHFYA2,Fortra Price Book,USD,0,true
01uWC000005wskKYAQ,01tWC00000DCwWAYA1,Intermapper Server - Freeware-RenewalMaintenance,NW-INT-RRM-ISFRM,Renewal Maintenance,true,01sWC0000022GHFYA2,Fortra Price Book,USD,0,true
01uWC000005wskLYAQ,01tWC00000DCwWBYA1,Intermapper Server-NewMaintenance,NW-INT-RNM-ISNM,New Maintenance,true,01sWC0000022GHFYA2,Fortra Price Book,USD,0,true
01uWC000005wskMYAQ,01tWC00000DCwWDYA1,Intermapper Server-RenewalMaintenance,NW-INT-RRM-ISRM,Renewal Maintenance,true,01sWC0000022GHFYA2,Fortra Price Book,USD,0,true
01uWC000005wskNYAQ,01tWC00000DCwWFYA1,Intermapper Server (Legacy)-NewMaintenance,NW-INT-RNM-ISLNM,New Maintenance,true,01sWC0000022GHFYA2,Fortra Price Book,USD,0,true
01uWC000005wskOYAQ,01tWC00000DCwWHYA1,Intermapper Server (Legacy)-RenewalMaintenance,NW-INT-RRM-ISLRM,Renewal Maintenance,true,01sWC0000022GHFYA2,Fortra Price Book,USD,0,true
01uWC000005wskPYAQ,01tWC00000DCwWJYA1,Intermapper Server Bundle-NewMaintenance,NW-INT-RNM-ISBNM,New Maintenance,true,01sWC0000022GHFYA2,Fortra Price Book,USD,0,true
01uWC000005wskQYAQ,01tWC00000DCwWLYA1,Intermapper Server Bundle-RenewalMaintenance,NW-INT-RRM-ISBRM,Renewal Maintenance,true,01sWC0000022GHFYA2,Fortra Price Book,USD,0,true
01uWC000005wskRYAQ,01tWC00000DCwWOYA1,Investigation Module-NewMaintenance,DP-DLP-RNM-INVENE,New Maintenance,true,01sWC0000022GHFYA2,Fortra Price Book,USD,0,true
01uWC000005wskSYAQ,01tWC00000DCwWQYA1,Investigation Module-RenewalMaintenance,DP-DLP-RRM-INVERE,Renewal Maintenance,true,01sWC0000022GHFYA2,Fortra Price Book,USD,0,true
01uWC000005wskTYAQ,01tWC00000DCwWYYA1,IP360 - Term Based-NewMaintenance,FIM-FIM-RNM-IP36TB,New Maintenance,true,01sWC0000022GHFYA2,Fortra Price Book,USD,0,true
01uWC000005wskUYAQ,01tWC00000DD09mYAD,Network Traffic Controller-NewMaintenance,CS-DFT-RNM-NTCNM,New Maintenance,true,01sWC0000022GHFYA2,Fortra Price Book,USD,0,true
01uWC000005wskVYAQ,01tWC00000DD09oYAD,Network Traffic Controller-RenewalMaintenance,CS-DFT-RRM-NTCRM,Renewal Maintenance,true,01sWC0000022GHFYA2,Fortra Price Book,USD,0,true
01uWC000005wskWYAQ,01tWC00000DD09qYAD,NETWORK-Alternative Host-NewMaintenance,SM-RON-RNM-NAHNM,New Maintenance,true,01sWC0000022GHFYA2,Fortra Price Book,USD,0,true
01uWC000005wskXYAQ,01tWC00000DD09sYAD,NETWORK-Alternative Host-RenewalMaintenance,SM-RON-RRM-NAHRM,Renewal Maintenance,true,01sWC0000022GHFYA2,Fortra Price Book,USD,0,true
01uWC000005wskYYAQ,01tWC00000DD09uYAD,NETWORK-Host-NewMaintenance,SM-RON-RNM-NHNM,New Maintenance,true,01sWC0000022GHFYA2,Fortra Price Book,USD,0,true
01uWC000005wskZYAQ,01tWC00000DD09wYAD,NETWORK-Host-RenewalMaintenance,SM-RON-RRM-NHRM,Renewal Maintenance,true,01sWC0000022GHFYA2,Fortra Price Book,USD,0,true
01uWC000005wskaYAA,01tWC00000DD09yYAD,NETWORK-Node-NewMaintenance,SM-RON-RNM-NNNM,New Maintenance,true,01sWC0000022GHFYA2,Fortra Price Book,USD,0,true
01uWC000005wskbYAA,01tWC00000DD0A0YAL,NETWORK-Node-RenewalMaintenance,SM-RON-RRM-NNRM,Renewal Maintenance,true,01sWC0000022GHFYA2,Fortra Price Book,USD,0,true
01uWC000005wskcYAA,01tWC00000DD0A2YAL,Non-Standard Core Connectors-NewMaintenance,IGA-AAS-RNM-NSCCNE,New Maintenance,true,01sWC0000022GHFYA2,Fortra Price Book,USD,0,true
01uWC000005wskdYAA,01tWC00000DD0A4YAL,Non-Standard Core Connectors-RenewalMaintenance,IGA-AAS-RRM-NSCCRE,Renewal Maintenance,true,01sWC0000022GHFYA2,Fortra Price Book,USD,0,true
01uWC000005wskeYAA,01tWC00000DD0A6YAL,Notes Classifier-NewMaintenance,DP-DC-RNM-NOTENE,New Maintenance,true,01sWC0000022GHFYA2,Fortra Price Book,USD,0,true
01uWC000005wskfYAA,01tWC00000DD0A8YAL,Notes Classifier-RenewalMaintenance,DP-DC-RRM-NOTERE,Renewal Maintenance,true,01sWC0000022GHFYA2,Fortra Price Book,USD,0,true
01uWC000005wskgYAA,01tWC00000DD0A9YAL,Nport 5110-UK-NewMaintenance,SM-SYM-RNM-N5UNEW,New Maintenance,true,01sWC0000022GHFYA2,Fortra Price Book,USD,0,true
01uWC000005wskhYAA,01tWC00000DD0ABYA1,Nport 5110-UK-RenewalMaintenance,SM-SYM-RRM-N5UREN,Renewal Maintenance,true,01sWC0000022GHFYA2,Fortra Price Book,USD,0,true
01uWC000005wskiYAA,01tWC00000DD0ADYA1,NSS - AIX-NewMaintenance,SM-NSS-RNM-NSSAIX,New Maintenance,true,01sWC0000022GHFYA2,Fortra Price Book,USD,0,true
01uWC000005wskjYAA,01tWC00000DD0AFYA1,NSS - AIX-RenewalMaintenance,SM-NSS-RRM-NSSARM,Renewal Maintenance,true,01sWC0000022GHFYA2,Fortra Price Book,USD,0,true
01uWC000005wskkYAA,01tWC00000DD0AHYA1,NSS - Linux-NewMaintenance,SM-NSS-RNM-NSSLNM,New Maintenance,true,01sWC0000022GHFYA2,Fortra Price Book,USD,0,true
01uWC000005wsklYAA,01tWC00000DD0AJYA1,NSS - Linux-RenewalMaintenance,SM-NSS-RRM-NSSLRM,Renewal Maintenance,true,01sWC0000022GHFYA2,Fortra Price Book,USD,0,true
01uWC000005wskmYAA,01tWC00000DD0ALYA1,NSS - SNMP Trap Receiver-NewMaintenance,SM-NSS-RNM-NSSSNM,New Maintenance,true,01sWC0000022GHFYA2,Fortra Price Book,USD,0,true
01uWC000005wsknYAA,01tWC00000DD0ANYA1,NSS - SNMP Trap Receiver-RenewalMaintenance,SM-NSS-RRM-NSSSNT,Renewal Maintenance,true,01sWC0000022GHFYA2,Fortra Price Book,USD,0,true
01uWC000005wskoYAA,01tWC00000DD0APYA1,NSS - VIOS-NewMaintenance,SM-NSS-RNM-NSSVIO,New Maintenance,true,01sWC0000022GHFYA2,Fortra Price Book,USD,0,true
01uWC000005wskpYAA,01tWC00000DD0ARYA1,NSS - VIOS-RenewalMaintenance,SM-NSS-RRM-NSSVRM,Renewal Maintenance,true,01sWC0000022GHFYA2,Fortra Price Book,USD,0,true
01uWC000005wskqYAA,01tWC00000DD0ATYA1,NSS - Web Application Monitor-NewMaintenance,SM-NSS-RNM-NSSWAM,New Maintenance,true,01sWC0000022GHFYA2,Fortra Price Book,USD,0,true
01uWC000005wskrYAA,01tWC00000DD0AVYA1,NSS - Web Application Monitor-RenewalMaintenance,SM-NSS-RRM-NSSWEA,Renewal Maintenance,true,01sWC0000022GHFYA2,Fortra Price Book,USD,0,true
01uWC000005wsksYAA,01tWC00000DD0AXYA1,NSS - Windows-NewMaintenance,SM-NSS-RNM-NSSWNM,New Maintenance,true,01sWC0000022GHFYA2,Fortra Price Book,USD,0,true
01uWC000005wsktYAA,01tWC00000DD0AZYA1,NSS - Windows-RenewalMaintenance,SM-NSS-RRM-NSSWRM,Renewal Maintenance,true,01sWC0000022GHFYA2,Fortra Price Book,USD,0,true
01uWC000005wskuYAA,01tWC00000DD0AbYAL,OCR Feature For Information Governance Server-NewMaintenance,ES-SEG-RNM-OCRF,New Maintenance,true,01sWC0000022GHFYA2,Fortra Price Book,USD,0,true
01uWC000005wskvYAA,01tWC00000DD0AdYAL,OCR Feature For Information Governance Server-RenewalMaintenance,ES-SEG-RRM-OFIM,Renewal Maintenance,true,01sWC0000022GHFYA2,Fortra Price Book,USD,0,true
01uWC000005wskwYAA,01tWC00000DD0AfYAL,OCR Feature For SECURE Email Gateway-NewMaintenance,ES-SEG-RNM-OFSM,New Maintenance,true,01sWC0000022GHFYA2,Fortra Price Book,USD,0,true
01uWC000005wskxYAA,01tWC00000DD0AhYAL,OCR Feature For SECURE Email Gateway-RenewalMaintenance,ES-SEG-RRM-OCFE,Renewal Maintenance,true,01sWC0000022GHFYA2,Fortra Price Book,USD,0,true
01uWC000005wskyYAA,01tWC00000DD0AjYAL,OCR Feature For SECURE Exchange Gateway-NewMaintenance,ES-SXG-RNM-OCNM,New Maintenance,true,01sWC0000022GHFYA2,Fortra Price Book,USD,0,true
01uWC000005wskzYAA,01tWC00000DD0AlYAL,OCR Feature For SECURE Exchange Gateway-RenewalMaintenance,ES-SXG-RRM-OCRM,Renewal Maintenance,true,01sWC0000022GHFYA2,Fortra Price Book,USD,0,true
01uWC000005wsl0YAA,01tWC00000DD10VYAT,Digital Guardian Software-NewMaintenance,DP-DLP-RNM-DGSNM,New Maintenance,true,01sWC0000022GHFYA2,Fortra Price Book,USD,0,true
01uWC000005wsl1YAA,01tWC00000DD13JYAT,Application System & Object Control-RenewalMaintenance,CS-DFT-RRM-ASOCRM,Renewal Maintenance,true,01sWC0000022GHFYA2,Fortra Price Book,USD,0,true
01uWC000005wsl2YAA,01tWC00000DD13QYAT,Aspect Communications IVR Software-NewMaintenance,IGA-AAS-RNM-ACISNE,New Maintenance,true,01sWC0000022GHFYA2,Fortra Price Book,USD,0,true
01uWC000005wsl3YAA,01tWC00000DD13SYAT,Aspect Communications IVR Software-RenewalMaintenance,IGA-AAS-RRM-ACISRE,Renewal Maintenance,true,01sWC0000022GHFYA2,Fortra Price Book,USD,0,true
01uWC000005wsl4YAA,01tWC00000DD13VYAT,ATP-NewMaintenance,DP-DLP-RNM-ATPNEW,New Maintenance,true,01sWC0000022GHFYA2,Fortra Price Book,USD,0,true
01uWC000005wsl7YAA,01tWC00000DD1ABYA1,Data Redaction For Secure Email Gateway-RenewalMaintenance,ES-SEG-RRM-DRSEGR,Renewal Maintenance,true,01sWC0000022GHFYA2,Fortra Price Book,USD,0,true
01uWC000005wsl8YAA,01tWC00000DD1ADYA1,Data Redaction For SECURE Exchange Gateway-NewMaintenance,ES-SXG-RNM-DRSM,New Maintenance,true,01sWC0000022GHFYA2,Fortra Price Book,USD,0,true
01uWC000005wsl9YAA,01tWC00000DD1AFYA1,Data Redaction For SECURE Exchange Gateway-RenewalMaintenance,ES-SXG-RRM-DARE,Renewal Maintenance,true,01sWC0000022GHFYA2,Fortra Price Book,USD,0,true
01uWC000005wslAYAQ,01tWC00000DD1AHYA1,Data Redaction For SECURE ICAP Gateway-NewMaintenance,ES-SIG-RNM-DRSIGN,New Maintenance,true,01sWC0000022GHFYA2,Fortra Price Book,USD,0,true
01uWC000005wslBYAQ,01tWC00000DD1AJYA1,Data Redaction For SECURE ICAP Gateway-RenewalMaintenance,ES-SIG-RRM-DRSIGR,Renewal Maintenance,true,01sWC0000022GHFYA2,Fortra Price Book,USD,0,true
01uWC000005wslCYAQ,01tWC00000DD1ALYA1,Data Redaction For SECURE ICAP Gateway Per Instance-NewMaintenance,ES-SIG-RNM-DATAR,New Maintenance,true,01sWC0000022GHFYA2,Fortra Price Book,USD,0,true
01uWC000005wslDYAQ,01tWC00000DD1ANYA1,Data Redaction For SECURE ICAP Gateway Per Instance-RenewalMaintenance,ES-SIG-RRM-DATARE,Renewal Maintenance,true,01sWC0000022GHFYA2,Fortra Price Book,USD,0,true
01uWC000005wslEYAQ,01tWC00000DD1APYA1,Data Redaction For SECURE Web Gateway-NewMaintenance,ES-SWG-RNM-DRSWGN,New Maintenance,true,01sWC0000022GHFYA2,Fortra Price Book,USD,0,true
01uWC000005wslFYAQ,01tWC00000DD1ARYA1,Data Redaction For SECURE Web Gateway-RenewalMaintenance,ES-SWG-RRM-DRSWGR,Renewal Maintenance,true,01sWC0000022GHFYA2,Fortra Price Book,USD,0,true
01uWC000005wslGYAQ,01tWC00000DD1ATYA1,Data Set View Builder-NewMaintenance,BI-SDW-RNM-DSVBNM,New Maintenance,true,01sWC0000022GHFYA2,Fortra Price Book,USD,0,true
01uWC000005wslHYAQ,01tWC00000DD1AVYA1,Data Set View Builder-RenewalMaintenance,BI-SDW-RRM-DSVBRM,Renewal Maintenance,true,01sWC0000022GHFYA2,Fortra Price Book,USD,0,true
01uWC000005wslIYAQ,01tWC00000DD1AXYA1,Data Transfer/400 - Legacy-NewMaintenance,DM-DML-RNM-DT4LNM,New Maintenance,true,01sWC0000022GHFYA2,Fortra Price Book,USD,0,true
01uWC000005wslJYAQ,01tWC00000DD1AZYA1,Data Transfer/400 - Legacy-RenewalMaintenance,DM-DML-RRM-DT4LRM,Renewal Maintenance,true,01sWC0000022GHFYA2,Fortra Price Book,USD,0,true
01uWC000005wslKYAQ,01tWC00000DD1AaYAL,DataImport-NewMaintenance,DM-IBM-RNM-DATANE,New Maintenance,true,01sWC0000022GHFYA2,Fortra Price Book,USD,0,true
01uWC000005wslLYAQ,01tWC00000DD1AcYAL,DataImport-RenewalMaintenance,DM-IBM-RRM-DATARM,Renewal Maintenance,true,01sWC0000022GHFYA2,Fortra Price Book,USD,0,true
01uWC000005wslMYAQ,01tWC00000DD1AlYAL,DCS for Windows and OWA-NewMaintenance,DP-DC-RNM-DCSWON,New Maintenance,true,01sWC0000022GHFYA2,Fortra Price Book,USD,0,true
01uWC000005wslNYAQ,01tWC00000DD1AnYAL,DCS for Windows and OWA-RenewalMaintenance,DP-DC-RRM-DCSWOR,Renewal Maintenance,true,01sWC0000022GHFYA2,Fortra Price Book,USD,0,true
01uWC000005wslOYAQ,01tWC00000DD1AoYAL,DCS for Windows and SharePoint MDS-NewMaintenance,DP-DC-RNM-DCSWSP,New Maintenance,true,01sWC0000022GHFYA2,Fortra Price Book,USD,0,true
01uWC000005wslPYAQ,01tWC00000DD1AqYAL,DCS for Windows and SharePoint MDS-RenewalMaintenance,DP-DC-RRM-DCSWIS,Renewal Maintenance,true,01sWC0000022GHFYA2,Fortra Price Book,USD,0,true
01uWC000005wslQYAQ,01tWC00000DD1ArYAL,DCS Plus-NewMaintenance,DP-DC-RNM-DCSPNM,New Maintenance,true,01sWC0000022GHFYA2,Fortra Price Book,USD,0,true
01uWC000005wslRYAQ,01tWC00000DD1AtYAL,DCS Plus-RenewalMaintenance,DP-DC-RRM-DCSPRM,Renewal Maintenance,true,01sWC0000022GHFYA2,Fortra Price Book,USD,0,true
01uWC000005wslSYAQ,01tWC00000DD1AxYAL,DealerTrack Bundle - Legacy-NewMaintenance,DM-DML-RNM-DTBLNM,New Maintenance,true,01sWC0000022GHFYA2,Fortra Price Book,USD,0,true
01uWC000005wslTYAQ,01tWC00000DD1AzYAL,DealerTrack Bundle - Legacy-RenewalMaintenance,DM-DML-RRM-DTBLRM,Renewal Maintenance,true,01sWC0000022GHFYA2,Fortra Price Book,USD,0,true
01uWC000005wslUYAQ,01tWC00000DD1OsYAL,GoAnywhere Starter Bundle-RenewalMaintenance,GOA-GAM-RRM-GASBRM,Renewal Maintenance,true,01sWC0000022GHFYA2,Fortra Price Book,USD,0,true
01uWC000005wslVYAQ,01tWC00000DD1OzYAL,GoAnywhere Ultimate AS2-NewMaintenance,GOA-GAM-RNM-GAUANM,New Maintenance,true,01sWC0000022GHFYA2,Fortra Price Book,USD,0,true
01uWC000005wslWYAQ,01tWC00000DD1P1YAL,GoAnywhere Ultimate AS2-RenewalMaintenance,GOA-GAM-RRM-GAUARM,Renewal Maintenance,true,01sWC0000022GHFYA2,Fortra Price Book,USD,0,true
01uWC000005wslXYAQ,01tWC00000DD1P3YAL,GoAnywhere Workflows Basic-NewMaintenance,GOA-GAM-RNM-GAWBNM,New Maintenance,true,01sWC0000022GHFYA2,Fortra Price Book,USD,0,true
01uWC000005wslYYAQ,01tWC00000DD1P5YAL,GoAnywhere Workflows Basic-RenewalMaintenance,GOA-GAM-RRM-GAWBRM,Renewal Maintenance,true,01sWC0000022GHFYA2,Fortra Price Book,USD,0,true
01uWC000005wslZYAQ,01tWC00000DD1P7YAL,GoAnywhere Workflows Express-NewMaintenance,GOA-GAM-RNM-GAWENM,New Maintenance,true,01sWC0000022GHFYA2,Fortra Price Book,USD,0,true
01uWC000005wslaYAA,01tWC00000DD1P9YAL,GoAnywhere Workflows Express-RenewalMaintenance,GOA-GAM-RRM-GAWERM,Renewal Maintenance,true,01sWC0000022GHFYA2,Fortra Price Book,USD,0,true
01uWC000005wslbYAA,01tWC00000DD1PBYA1,GoAnywhere Workflows Restricted-NewMaintenance,GOA-GAM-RNM-GAWRNM,New Maintenance,true,01sWC0000022GHFYA2,Fortra Price Book,USD,0,true
01uWC000005wslcYAA,01tWC00000DD1PDYA1,GoAnywhere Workflows Restricted-RenewalMaintenance,GOA-GAM-RRM-GAWRRM,Renewal Maintenance,true,01sWC0000022GHFYA2,Fortra Price Book,USD,0,true
01uWC000005wsldYAA,01tWC00000DD1PFYA1,Green Screen-NewMaintenance,BI-SQ-RNM-GREENE,New Maintenance,true,01sWC0000022GHFYA2,Fortra Price Book,USD,0,true
01uWC000005wsleYAA,01tWC00000DD1PHYA1,Green Screen-RenewalMaintenance,BI-SQ-RRM-GREERE,Renewal Maintenance,true,01sWC0000022GHFYA2,Fortra Price Book,USD,0,true
01uWC000005wslfYAA,01tWC00000DD1PIYA1,GSM TC35 Terminal Ph-NewMaintenance,SM-SYM-RNM-GSMTTP,New Maintenance,true,01sWC0000022GHFYA2,Fortra Price Book,USD,0,true
01uWC000005wslgYAA,01tWC00000DD1PKYA1,GSM TC35 Terminal Ph-RenewalMaintenance,SM-SYM-RRM-GSMTCT,Renewal Maintenance,true,01sWC0000022GHFYA2,Fortra Price Book,USD,0,true
01uWC000005wslhYAA,01tWC00000DD1PLYA1,GSM TC65 Terminal Ph-NewMaintenance,SM-SYM-RNM-GSMTC6,New Maintenance,true,01sWC0000022GHFYA2,Fortra Price Book,USD,0,true
01uWC000005wsliYAA,01tWC00000DD1PNYA1,GSM TC65 Terminal Ph-RenewalMaintenance,SM-SYM-RRM-GSMTCR,Renewal Maintenance,true,01sWC0000022GHFYA2,Fortra Price Book,USD,0,true
01uWC000005wsljYAA,01tWC00000DD1POYA1,HA-MX Monitor-NewMaintenance,SM-HAM-RNM-HAMNEW,New Maintenance,true,01sWC0000022GHFYA2,Fortra Price Book,USD,0,true
01uWC000005wslkYAA,01tWC00000DD1PQYA1,HA-MX Monitor-RenewalMaintenance,SM-HAM-RRM-HAMREN,Renewal Maintenance,true,01sWC0000022GHFYA2,Fortra Price Book,USD,0,true
01uWC000005wsllYAA,01tWC00000DD1PSYA1,Halcyon Exit Point Manager-NewMaintenance,SM-HEP-RNM-HEPMNM,New Maintenance,true,01sWC0000022GHFYA2,Fortra Price Book,USD,0,true
01uWC000005wslmYAA,01tWC00000DD1XhYAL,RemoteAccess - Individual (Legacy)-RenewalMaintenance,NW-IRA-RRM-RAILRM,Renewal Maintenance,true,01sWC0000022GHFYA2,Fortra Price Book,USD,0,true
01uWC000005wslnYAA,01tWC00000DD1XiYAL,RemoteAccess - Pooled - Freeware-NewMaintenance,NW-INT-RNM-RAPFNM,New Maintenance,true,01sWC0000022GHFYA2,Fortra Price Book,USD,0,true
01uWC000005wsloYAA,01tWC00000DD1XkYAL,RemoteAccess - Pooled - Freeware-RenewalMaintenance,NW-INT-RRM-RAPFRM,Renewal Maintenance,true,01sWC0000022GHFYA2,Fortra Price Book,USD,0,true
01uWC000005wslpYAA,01tWC00000DD1XlYAL,RemoteAccess - Pooled-NewMaintenance,NW-INT-RNM-RAPNM,New Maintenance,true,01sWC0000022GHFYA2,Fortra Price Book,USD,0,true
01uWC000005wslqYAA,01tWC00000DD1XnYAL,RemoteAccess - Pooled-RenewalMaintenance,NW-INT-RRM-RAPRM,Renewal Maintenance,true,01sWC0000022GHFYA2,Fortra Price Book,USD,0,true
01uWC000005wslrYAA,01tWC00000DD1XpYAL,RemoteAccess - Pooled (Legacy)-NewMaintenance,NW-INT-RNM-RAPLNM,New Maintenance,true,01sWC0000022GHFYA2,Fortra Price Book,USD,0,true
01uWC000005wslsYAA,01tWC00000DD1XrYAL,RemoteAccess - Pooled (Legacy)-RenewalMaintenance,NW-INT-RRM-RAPLRM,Renewal Maintenance,true,01sWC0000022GHFYA2,Fortra Price Book,USD,0,true
01uWC000005wsltYAA,01tWC00000DD1XsYAL,RemoteAccess Server Fee-NewMaintenance,NW-INT-RNM-RASFNM,New Maintenance,true,01sWC0000022GHFYA2,Fortra Price Book,USD,0,true
01uWC000005wsluYAA,01tWC00000DD1XuYAL,RemoteAccess Server Fee-RenewalMaintenance,NW-INT-RRM-RASFRM,Renewal Maintenance,true,01sWC0000022GHFYA2,Fortra Price Book,USD,0,true
01uWC000005wslvYAA,01tWC00000DD1XwYAL,Report Archive Bundle iSeries - Legacy-NewMaintenance,DM-DOE-RNM-REPOAB,New Maintenance,true,01sWC0000022GHFYA2,Fortra Price Book,USD,0,true
01uWC000005wslwYAA,01tWC00000DD1XyYAL,Report Archive Bundle iSeries - Legacy-RenewalMaintenance,DM-DOE-RRM-REPOFA,Renewal Maintenance,true,01sWC0000022GHFYA2,Fortra Price Book,USD,0,true
01uWC000005wslxYAA,01tWC00000DD1XzYAL,Report Splitter-NewMaintenance,DM-IBM-RNM-REPOSN,New Maintenance,true,01sWC0000022GHFYA2,Fortra Price Book,USD,0,true
01uWC000005wslyYAA,01tWC00000DD1Y1YAL,Report Splitter-RenewalMaintenance,DM-IBM-RRM-REPOSR,Renewal Maintenance,true,01sWC0000022GHFYA2,Fortra Price Book,USD,0,true
01uWC000005wslzYAA,01tWC00000DD1Y3YAL,Resource Accountant-NewMaintenance,BI-SL-RNM-RESONE,New Maintenance,true,01sWC0000022GHFYA2,Fortra Price Book,USD,0,true
01uWC000005wsm0YAA,01tWC00000DD1Y5YAL,Resource Accountant-RenewalMaintenance,BI-SL-RRM-RESORE,Renewal Maintenance,true,01sWC0000022GHFYA2,Fortra Price Book,USD,0,true
01uWC000005wsm1YAA,01tWC00000DD1Y6YAL,Restricted Tasks Manager-NewMaintenance,SM-SYM-RNM-RTMNEW,New Maintenance,true,01sWC0000022GHFYA2,Fortra Price Book,USD,0,true
01uWC000005wsm2YAA,01tWC00000DD1Y8YAL,Restricted Tasks Manager-RenewalMaintenance,SM-SYM-RRM-RTMREN,Renewal Maintenance,true,01sWC0000022GHFYA2,Fortra Price Book,USD,0,true
01uWC000005wsm3YAA,01tWC00000DD1YCYA1,Risk & Compliance Monitor-NewMaintenance,CS-DFT-RNM-RCMNEW,New Maintenance,true,01sWC0000022GHFYA2,Fortra Price Book,USD,0,true
01uWC000005wsm4YAA,01tWC00000DD1YEYA1,Risk & Compliance Monitor-RenewalMaintenance,CS-DFT-RRM-RCMREN,Renewal Maintenance,true,01sWC0000022GHFYA2,Fortra Price Book,USD,0,true
01uWC000005wsm5YAA,01tWC00000DD1YGYA1,RJS PDF API-NewMaintenance,DM-DML-RNM-RJSPNE,New Maintenance,true,01sWC0000022GHFYA2,Fortra Price Book,USD,0,true
01uWC000005wsm6YAA,01tWC00000DD1YIYA1,RJS PDF API-RenewalMaintenance,DM-DML-RRM-RJSPRE,Renewal Maintenance,true,01sWC0000022GHFYA2,Fortra Price Book,USD,0,true
01uWC000005wsm7YAA,01tWC00000DD1YLYA1,Robot Alert-NewMaintenance,SM-ROA-RNM-RANM,New Maintenance,true,01sWC0000022GHFYA2,Fortra Price Book,USD,0,true
01uWC000005wsm8YAA,01tWC00000DD1YNYA1,Robot Alert-RenewalMaintenance,SM-ROA-RRM-RARM,Renewal Maintenance,true,01sWC0000022GHFYA2,Fortra Price Book,USD,0,true
01uWC000005wsm9YAA,01tWC00000DD1YPYA1,Robot Autotune-NewMaintenance,SM-RAT-RNM-ROAU,New Maintenance,true,01sWC0000022GHFYA2,Fortra Price Book,USD,0,true
01uWC000005wsmAYAQ,01tWC00000DD1YRYA1,Robot Autotune-RenewalMaintenance,SM-RAT-RRM-RORM,Renewal Maintenance,true,01sWC0000022GHFYA2,Fortra Price Book,USD,0,true
01uWC000005wsmBYAQ,01tWC00000DD1YTYA1,Robot Bundle-NewMaintenance,SM-ROB-RNM-RBNM,New Maintenance,true,01sWC0000022GHFYA2,Fortra Price Book,USD,0,true
01uWC000005wsmCYAQ,01tWC00000DD1YZYA1,Robot Bundle-RenewalMaintenance,SM-ROB-RRM-RBRM,Renewal Maintenance,true,01sWC0000022GHFYA2,Fortra Price Book,USD,0,true
01uWC000005wsmDYAQ,01tWC00000DD1YfYAL,Robot Client-NewMaintenance,SM-SYM-RNM-RCNM,New Maintenance,true,01sWC0000022GHFYA2,Fortra Price Book,USD,0,true
01uWC000005wsmEYAQ,01tWC00000DD1YhYAL,Robot Client-RenewalMaintenance,SM-SYM-RRM-RCRM,Renewal Maintenance,true,01sWC0000022GHFYA2,Fortra Price Book,USD,0,true
01uWC000005wsmFYAQ,01tWC00000DD1YjYAL,Robot Console-NewMaintenance,SM-ROC-RNM-ROCO,New Maintenance,true,01sWC0000022GHFYA2,Fortra Price Book,USD,0,true
01uWC000005wsmGYAQ,01tWC00000DD1YlYAL,Robot Console-RenewalMaintenance,SM-ROC-RRM-ROBOTC,Renewal Maintenance,true,01sWC0000022GHFYA2,Fortra Price Book,USD,0,true
01uWC000005wsmHYAQ,01tWC00000DD1YnYAL,Robot CPA-NewMaintenance,SM-RCP-RNM-RONM,New Maintenance,true,01sWC0000022GHFYA2,Fortra Price Book,USD,0,true
01uWC000005wsmIYAQ,01tWC00000DD1YpYAL,Robot CPA-RenewalMaintenance,SM-RCP-RRM-ROBCPA,Renewal Maintenance,true,01sWC0000022GHFYA2,Fortra Price Book,USD,0,true
01uWC000005wsmJYAQ,01tWC00000DD1YrYAL,Robot HA-NewMaintenance,SM-RHA-RNM-RHNM,New Maintenance,true,01sWC0000022GHFYA2,Fortra Price Book,USD,0,true
01uWC000005wsmKYAQ,01tWC00000DD1t3YAD,VMC - WebSphere Application Server Operations Agent-RenewalMaintenance,SM-VMC-RRM-VMWE,Renewal Maintenance,true,01sWC0000022GHFYA2,Fortra Price Book,USD,0,true
01uWC000005wsmLYAQ,01tWC00000DD1t5YAD,VMC - WebSphere MQ Operations Agent-NewMaintenance,SM-VMC-RNM-VMCWE,New Maintenance,true,01sWC0000022GHFYA2,Fortra Price Book,USD,0,true
01uWC000005wsmMYAQ,01tWC00000DD1t7YAD,VMC - WebSphere MQ Operations Agent-RenewalMaintenance,SM-VMC-RRM-VMWEB,Renewal Maintenance,true,01sWC0000022GHFYA2,Fortra Price Book,USD,0,true
01uWC000005wsmNYAQ,01tWC00000DD1t9YAD,VMC - Windows Operations Agent-NewMaintenance,SM-VMC-RNM-VWOM,New Maintenance,true,01sWC0000022GHFYA2,Fortra Price Book,USD,0,true
01uWC000005wsmOYAQ,01tWC00000DD1tCYAT,VMC - Windows Operations Agent-RenewalMaintenance,SM-VMC-RRM-VMWI,Renewal Maintenance,true,01sWC0000022GHFYA2,Fortra Price Book,USD,0,true
01uWC000005wsmPYAQ,01tWC00000DD1tHYAT,Tripwire Log Center Manager License-NewMaintenance,FIM-TLC-RNM-TLCMLN,New Maintenance,true,01sWC0000022GHFYA2,Fortra Price Book,USD,0,true
01uWC000005wsmQYAQ,01tWC00000DD1teYAD,Tripwire Console Orchestrator-RenewalMaintenance,FIM-FIM-RNM-TCORM,Renewal Maintenance,true,01sWC0000022GHFYA2,Fortra Price Book,USD,0,true
01uWC000005wsmRYAQ,01tWC00000DD1tpYAD,TrustCenter For SECURE Email Gateway-NewMaintenance,ES-SEG-RNM-TCSENE,New Maintenance,true,01sWC0000022GHFYA2,Fortra Price Book,USD,0,true
01uWC000005wsmSYAQ,01tWC00000DD1trYAD,TrustCenter For SECURE Email Gateway-RenewalMaintenance,ES-SEG-RRM-TCSERE,Renewal Maintenance,true,01sWC0000022GHFYA2,Fortra Price Book,USD,0,true
01uWC000005wsmTYAQ,01tWC00000DD1tvYAD,Unisys - TeamQuest Baseline OS2200-OTC-NewMaintenance,CM-TQU-RNM-UTQBOO,New Maintenance,true,01sWC0000022GHFYA2,Fortra Price Book,USD,0,true
01uWC000005wsmUYAQ,01tWC00000DD1txYAD,Unisys - TeamQuest Baseline OS2200-OTC-RenewalMaintenance,CM-TQU-RRM-UTQM,Renewal Maintenance,true,01sWC0000022GHFYA2,Fortra Price Book,USD,0,true
01uWC000005wsmVYAQ,01tWC00000DD1tzYAD,Unisys - TeamQuest CULL OS2200-OTC-NewMaintenance,CM-TQU-RNM-UTQCOO,New Maintenance,true,01sWC0000022GHFYA2,Fortra Price Book,USD,0,true
01uWC000005wsmWYAQ,01tWC00000DD1u1YAD,Unisys - TeamQuest CULL OS2200-OTC-RenewalMaintenance,CM-TQU-RRM-UNTE,Renewal Maintenance,true,01sWC0000022GHFYA2,Fortra Price Book,USD,0,true
01uWC000005wsmXYAQ,01tWC00000DD1u4YAD,Unisys - TeamQuest D-Fragger OS2200-OTC-NewMaintenance,CM-TQU-RNM-UTQDFO,New Maintenance,true,01sWC0000022GHFYA2,Fortra Price Book,USD,0,true
01uWC000005wsmYYAQ,01tWC00000DD1u6YAD,Unisys - TeamQuest D-Fragger OS2200-OTC-RenewalMaintenance,CM-TQU-RRM-UNRM,Renewal Maintenance,true,01sWC0000022GHFYA2,Fortra Price Book,USD,0,true
01uWC000005wsmZYAQ,01tWC00000DD21VYAT,EFT 8 Continuum-RenewalMaintenance,GS-GSE-RRM-EFT8CRM,Renewal Maintenance,true,01sWC0000022GHFYA2,Fortra Price Book,USD,0,true
01uWC000005wsmaYAA,01tWC00000DD21kYAD,EFT SMB Web Client WTC 10 Seats-NewMaintenance,GS-GSE-RNM-ESW10SNM,New Maintenance,true,01sWC0000022GHFYA2,Fortra Price Book,USD,0,true
01uWC000005wsmbYAA,01tWC00000DD21lYAD,EFT SMB Web Client WTC 10 Seats-RenewalMaintenance,GS-GSE-RRM-ESW10SRM,Renewal Maintenance,true,01sWC0000022GHFYA2,Fortra Price Book,USD,0,true
01uWC000005wsmcYAA,01tWC00000DD21qYAD,GoAnywhere Collaboration Bundle with Gateway and Threat Protection-NewMaintenance,GOA-GAM-RNM-GCBGTPNM,New Maintenance,true,01sWC0000022GHFYA2,Fortra Price Book,USD,0,true
01uWC000005wsmdYAA,01tWC00000DD21rYAD,GoAnywhere Collaboration Bundle with Gateway and Threat Protection-RenewalMaintenance,GOA-GAM-RRM-GCBGTPRM,Renewal Maintenance,true,01sWC0000022GHFYA2,Fortra Price Book,USD,0,true
01uWC000005wsmeYAA,01tWC00000DD21uYAD,GoAnywhere Core Server Bundle with Gateway and Threat Protection-NewMaintenance,GOA-GAM-RNM-GCSBTPNM,New Maintenance,true,01sWC0000022GHFYA2,Fortra Price Book,USD,0,true
01uWC000005wsmfYAA,01tWC00000DD21vYAD,GoAnywhere Core Server Bundle with Gateway and Threat Protection-RenewalMaintenance,GOA-GAM-RRM-GCSBTPRM,Renewal Maintenance,true,01sWC0000022GHFYA2,Fortra Price Book,USD,0,true
01uWC000005wsmgYAA,01tWC00000DCyxrYAD,VMC - Windows Security Agent - 10 Units Package-RenewalMaintenance,SM-VMC-RRM-VMWIND,Renewal Maintenance,true,01sWC0000022GHFYA2,Fortra Price Book,USD,0,true
01uWC000005wsmhYAA,01tWC00000DCyxtYAD,VMC - Windows Security Agent-NewMaintenance,SM-VMC-RNM-VWINDO,New Maintenance,true,01sWC0000022GHFYA2,Fortra Price Book,USD,0,true
01uWC000005wsmiYAA,01tWC00000DCyxvYAD,VMC - Windows Security Agent-RenewalMaintenance,SM-VMC-RRM-VMCWIS,Renewal Maintenance,true,01sWC0000022GHFYA2,Fortra Price Book,USD,0,true
01uWC000005wsmjYAA,01tWC00000DCyxxYAD,VMC iSeries Performance Agent-NewMaintenance,SM-VMC-RNM-VISEP,New Maintenance,true,01sWC0000022GHFYA2,Fortra Price Book,USD,0,true
01uWC000005wsmkYAA,01tWC00000DCyxzYAD,VMC iSeries Performance Agent-RenewalMaintenance,SM-VMC-RRM-VMISPA,Renewal Maintenance,true,01sWC0000022GHFYA2,Fortra Price Book,USD,0,true
01uWC000005wsmlYAA,01tWC00000DCyy1YAD,VMC Monitoring Engine-NewMaintenance,SM-VMC-RNM-VMEM,New Maintenance,true,01sWC0000022GHFYA2,Fortra Price Book,USD,0,true
01uWC000005wsmmYAA,01tWC00000DCyy3YAD,VMC Monitoring Engine-RenewalMaintenance,SM-VMC-RRM-VMMO,Renewal Maintenance,true,01sWC0000022GHFYA2,Fortra Price Book,USD,0,true
01uWC000005wsmnYAA,01tWC00000DCyy4YAD,VMC Monitoring Engine - Security-NewMaintenance,SM-VMC-RNM-VMCMO,New Maintenance,true,01sWC0000022GHFYA2,Fortra Price Book,USD,0,true
01uWC000005wsmoYAA,01tWC00000DCyy6YAD,VMC Monitoring Engine - Security-RenewalMaintenance,SM-VMC-RRM-VMCMON,Renewal Maintenance,true,01sWC0000022GHFYA2,Fortra Price Book,USD,0,true
01uWC000005wsmpYAA,01tWC00000DCyyFYAT,VnE Manager Ev & Device Profiler Ev-NewMaintenance,FIM-FIM-RNM-VEMEDP,New Maintenance,true,01sWC0000022GHFYA2,Fortra Price Book,USD,0,true
01uWC000005wsmqYAA,01tWC00000DCyyHYAT,VnE Manager Ev & Device Profiler Ev-RenewalMaintenance,FIM-FIM-RRM-VEMEVR,Renewal Maintenance,true,01sWC0000022GHFYA2,Fortra Price Book,USD,0,true
01uWC000005wsmrYAA,01tWC00000DCyyTYAT,Warehouse Builder-NewMaintenance,BI-WB-RNM-WAREBN,New Maintenance,true,01sWC0000022GHFYA2,Fortra Price Book,USD,0,true
01uWC000005wsmsYAA,01tWC00000DCyyVYAT,Warehouse Builder-RenewalMaintenance,BI-WB-RRM-WAREBR,Renewal Maintenance,true,01sWC0000022GHFYA2,Fortra Price Book,USD,0,true
01uWC000005wsmtYAA,01tWC00000DCyyXYAT,Warehouse Manager-NewMaintenance,BI-WM-RNM-WAREMN,New Maintenance,true,01sWC0000022GHFYA2,Fortra Price Book,USD,0,true
01uWC000005wsmuYAA,01tWC00000DCyyZYAT,Warehouse Manager-RenewalMaintenance,BI-WM-RRM-WAREMR,Renewal Maintenance,true,01sWC0000022GHFYA2,Fortra Price Book,USD,0,true
01uWC000005wsmvYAA,01tWC00000DCzhaYAD,Insite Analytics - Starter Package-RenewalMaintenance,BI-ISA-RRM-IASPRM,Renewal Maintenance,true,01sWC0000022GHFYA2,Fortra Price Book,USD,0,true
01uWC000005wsmwYAA,01tWC00000DCzhbYAD,Insite Analytics - Starter Package-NewMaintenance,BI-ISA-RNM-IASPNM,New Maintenance,true,01sWC0000022GHFYA2,Fortra Price Book,USD,0,true
01uWC000005wsmxYAA,01tWC00000DD09LYAT,Native AFP to PDF Report-RenewalMaintenance,DM-DML-RRM-NATPRR,Renewal Maintenance,true,01sWC0000022GHFYA2,Fortra Price Book,USD,0,true
01uWC000005wsmyYAA,01tWC00000DD09MYAT,Native AFP to TIFF Report-NewMaintenance,DM-DML-RNM-NATTRN,New Maintenance,true,01sWC0000022GHFYA2,Fortra Price Book,USD,0,true
01uWC000005wsmzYAA,01tWC00000DD09OYAT,Native AFP to TIFF Report-RenewalMaintenance,DM-DML-RRM-NATTRR,Renewal Maintenance,true,01sWC0000022GHFYA2,Fortra Price Book,USD,0,true
01uWC000005wsn0YAA,01tWC00000DD1pMYAT,Tripwire Log Center for Network Devices-NewMaintenance,FIM-TLC-RNM-TLCNDN,New Maintenance,true,01sWC0000022GHFYA2,Fortra Price Book,USD,0,true
01uWC000005wsn1YAA,01tWC00000DD1pdYAD,Tripwire Log Center for Security Devices-NewMaintenance,FIM-TLC-RNM-TLCSDN,New Maintenance,true,01sWC0000022GHFYA2,Fortra Price Book,USD,0,true
01uWC000005wsn2YAA,01tWC00000DD1pgYAD,Tripwire Log Center for VMware ESX (includes Advanced Log Collector Agent)-NewMaintenance,FIM-TLC-RNM-TLCVEI,New Maintenance,true,01sWC0000022GHFYA2,Fortra Price Book,USD,0,true
01uWC000005wsn3YAA,01tWC00000DD1piYAD,Tripwire Log Center for VMware ESX (includes Advanced Log Collector Agent)-RenewalMaintenance,FIM-TLC-RRM-TRLCEV,Renewal Maintenance,true,01sWC0000022GHFYA2,Fortra Price Book,USD,0,true
01uWC000005wsn4YAA,01tWC00000DD1r7YAD,VMC - Exchange Server Operations Agent-RenewalMaintenance,SM-VMC-RRM-VESM,Renewal Maintenance,true,01sWC0000022GHFYA2,Fortra Price Book,USD,0,true
01uWC000005wsn5YAA,01tWC00000DD1r9YAD,VMC - Hub Option-NewMaintenance,SM-VMC-RNM-VMCH,New Maintenance,true,01sWC0000022GHFYA2,Fortra Price Book,USD,0,true
01uWC000005wsn6YAA,01tWC00000DD1rBYAT,VMC - Hub Option-RenewalMaintenance,SM-VMC-RRM-VHOM,Renewal Maintenance,true,01sWC0000022GHFYA2,Fortra Price Book,USD,0,true
01uWC000005wsn7YAA,01tWC00000DD1rDYAT,VMC - iSeries Performance Agent (Powered by VCW)-NewMaintenance,SM-VMC-RNM-VISM,New Maintenance,true,01sWC0000022GHFYA2,Fortra Price Book,USD,0,true
01uWC000005wsn8YAA,01tWC00000DD1rFYAT,VMC - iSeries Performance Agent (Powered by VCW)-RenewalMaintenance,SM-VMC-RRM-VMCISE,Renewal Maintenance,true,01sWC0000022GHFYA2,Fortra Price Book,USD,0,true
01uWC000005wsn9YAA,01tWC00000DD1rHYAT,VMC - iSeries Performance Manager-NewMaintenance,SM-VMC-RNM-VMIS,New Maintenance,true,01sWC0000022GHFYA2,Fortra Price Book,USD,0,true
01uWC000005wsnAYAQ,01tWC00000DD1rJYAT,VMC - iSeries Performance Manager-RenewalMaintenance,SM-VMC-RRM-VMISER,Renewal Maintenance,true,01sWC0000022GHFYA2,Fortra Price Book,USD,0,true
01uWC000005wsnBYAQ,01tWC00000DD1rLYAT,VMC - iSeries Performance Manager (VCJ & VCP)-NewMaintenance,SM-VMC-RNM-VISER,New Maintenance,true,01sWC0000022GHFYA2,Fortra Price Book,USD,0,true
01uWC000005wsnCYAQ,01tWC00000DD1rNYAT,VMC - iSeries Performance Manager (VCJ & VCP)-RenewalMaintenance,SM-VMC-RRM-VMISP,Renewal Maintenance,true,01sWC0000022GHFYA2,Fortra Price Book,USD,0,true
01uWC000005wsnDYAQ,01tWC00000DD1rPYAT,VMC - iSeries Security Agent-NewMaintenance,SM-VMC-RNM-VMISS,New Maintenance,true,01sWC0000022GHFYA2,Fortra Price Book,USD,0,true
01uWC000005wsnEYAQ,01tWC00000DD1rRYAT,VMC - iSeries Security Agent-RenewalMaintenance,SM-VMC-RRM-VMISES,Renewal Maintenance,true,01sWC0000022GHFYA2,Fortra Price Book,USD,0,true
01uWC000005wsnFYAQ,01tWC00000DD1rTYAT,VMC - iSeries SQL Agent-NewMaintenance,SM-VMC-RNM-VISSQ,New Maintenance,true,01sWC0000022GHFYA2,Fortra Price Book,USD,0,true
01uWC000005wsnGYAQ,01tWC00000DD1rVYAT,VMC - iSeries SQL Agent-RenewalMaintenance,SM-VMC-RRM-VISSA,Renewal Maintenance,true,01sWC0000022GHFYA2,Fortra Price Book,USD,0,true
01uWC000005wsnHYAQ,01tWC00000DD1rXYAT,VMC - iSeries Support Agent-NewMaintenance,SM-VMC-RNM-VISSU,New Maintenance,true,01sWC0000022GHFYA2,Fortra Price Book,USD,0,true
01uWC000005wsnIYAQ,01tWC00000DD220YAD,CCM - Scan Engine - EVAL-NewMaintenance,FIM-FIM-RNM-CSEENM,New Maintenance,true,01sWC0000022GHFYA2,Fortra Price Book,USD,0,true
01uWC000005wsnJYAQ,01tWC00000DD221YAD,CCM - Scan Engine - EVAL-RenewalMaintenance,FIM-FIM-RRM-CSEERM,Renewal Maintenance,true,01sWC0000022GHFYA2,Fortra Price Book,USD,0,true
01uWC000005wsnKYAQ,01tWC00000DD222YAD,Tripwire - Term Based Enterprise License-RenewalMaintenance,FIM-FIM-RRM-TTBELRM,Renewal Maintenance,true,01sWC0000022GHFYA2,Fortra Price Book,USD,0,true
01uWC000005wsnLYAQ,01tWC00000DD223YAD,Tripwire Enterprise for File Systems - EVAL-NewMaintenance,FIM-FIM-RNM-TEFSENM,New Maintenance,true,01sWC0000022GHFYA2,Fortra Price Book,USD,0,true
01uWC000005wsnMYAQ,01tWC00000DD224YAD,Tripwire Enterprise for File Systems - EVAL-RenewalMaintenance,FIM-FIM-RRM-TEFSERM,Renewal Maintenance,true,01sWC0000022GHFYA2,Fortra Price Book,USD,0,true
01uWC000005wsnNYAQ,01tWC00000DD225YAD,Tripwire Enterprise for VMware ESX - EVAL-NewMaintenance,FIM-FIM-RNM-TEVEENM,New Maintenance,true,01sWC0000022GHFYA2,Fortra Price Book,USD,0,true
01uWC000005wsnOYAQ,01tWC00000DD23EYAT,VMC - Operations Agent-RenewalMaintenance,SM-VMC-RRM-VOARM,Renewal Maintenance,true,01sWC0000022GHFYA2,Fortra Price Book,USD,0,true
01uWC000005wsnPYAQ,01tWC00000DD23FYAT,VMC - Operations Agent-NewMaintenance,SM-VMC-RNM-VOANM,New Maintenance,true,01sWC0000022GHFYA2,Fortra Price Book,USD,0,true
01uWC000005wsnQYAQ,01tWC00000DD23GYAT,VCM Starter Pack-RenewalMaintenance,CM-VCM-RRM-VSPRM,Renewal Maintenance,true,01sWC0000022GHFYA2,Fortra Price Book,USD,0,true
01uWC000005wsnRYAQ,01tWC00000DD23HYAT,VCM Starter Pack-NewMaintenance,CM-VCM-RNM-VSPNM,New Maintenance,true,01sWC0000022GHFYA2,Fortra Price Book,USD,0,true
01uWC000005wsnSYAQ,01tWC00000DD09PYAT,Native Converters-NewMaintenance,DM-DML-RNM-NCNM,New Maintenance,true,01sWC0000022GHFYA2,Fortra Price Book,USD,0,true
01uWC000005wsnTYAQ,01tWC00000DD09RYAT,Native Converters-RenewalMaintenance,DM-DML-RRM-NCRM,Renewal Maintenance,true,01sWC0000022GHFYA2,Fortra Price Book,USD,0,true
01uWC000005wsnUYAQ,01tWC00000DD09SYAT,Native DataImport Report Converter-NewMaintenance,DM-DML-RNM-NDIRCN,New Maintenance,true,01sWC0000022GHFYA2,Fortra Price Book,USD,0,true
01uWC000005wsnVYAQ,01tWC00000DD09UYAT,Native DataImport Report Converter-RenewalMaintenance,DM-DML-RRM-NDIRCR,Renewal Maintenance,true,01sWC0000022GHFYA2,Fortra Price Book,USD,0,true
01uWC000005wsnWYAQ,01tWC00000DD09VYAT,Native Host Print Transform Converter-NewMaintenance,DM-DML-RNM-NHPTCN,New Maintenance,true,01sWC0000022GHFYA2,Fortra Price Book,USD,0,true
01uWC000005wsnXYAQ,01tWC00000DD09XYAT,Native Host Print Transform Converter-RenewalMaintenance,DM-DML-RRM-NHPTCR,Renewal Maintenance,true,01sWC0000022GHFYA2,Fortra Price Book,USD,0,true
01uWC000005wsnYYAQ,01tWC00000DD09YYAT,Native PCL to PDF Converter - Legacy-NewMaintenance,DM-IBM-RNM-NPTPCL,New Maintenance,true,01sWC0000022GHFYA2,Fortra Price Book,USD,0,true
01uWC000005wsnZYAQ,01tWC00000DD09aYAD,Native PCL to PDF Converter - Legacy-RenewalMaintenance,DM-IBM-RRM-NPTM,Renewal Maintenance,true,01sWC0000022GHFYA2,Fortra Price Book,USD,0,true
01uWC000005wsnaYAA,01tWC00000DD09bYAD,Native Text to CSV Converter-NewMaintenance,DM-DML-RNM-NTTCCN,New Maintenance,true,01sWC0000022GHFYA2,Fortra Price Book,USD,0,true
01uWC000005wsnbYAA,01tWC00000DD09dYAD,Native Text to CSV Converter-RenewalMaintenance,DM-DML-RRM-NTTCCR,Renewal Maintenance,true,01sWC0000022GHFYA2,Fortra Price Book,USD,0,true
01uWC000005wsncYAA,01tWC00000DD09eYAD,Native Text to PDF Converter-NewMaintenance,DM-DML-RNM-NTTPCN,New Maintenance,true,01sWC0000022GHFYA2,Fortra Price Book,USD,0,true
01uWC000005wsndYAA,01tWC00000DD09gYAD,Native Text to PDF Converter-RenewalMaintenance,DM-DML-RRM-NTTPCR,Renewal Maintenance,true,01sWC0000022GHFYA2,Fortra Price Book,USD,0,true
01uWC000005wsneYAA,01tWC00000DD10WYAT,Digital Guardian Software-RenewalMaintenance,DP-DLP-RRM-DGSRM,Renewal Maintenance,true,01sWC0000022GHFYA2,Fortra Price Book,USD,0,true
01uWC000005wsnfYAA,01tWC00000DD118YAD,5250 Integrator-RenewalMaintenance,DM-WCU-RRM-5250RE,Renewal Maintenance,true,01sWC0000022GHFYA2,Fortra Price Book,USD,0,true
01uWC000005wsngYAA,01tWC00000DD11FYAT,Abstract-RenewalMaintenance,BI-ABS-RRM-ABSTRE,Renewal Maintenance,true,01sWC0000022GHFYA2,Fortra Price Book,USD,0,true
01uWC000005wsnhYAA,01tWC00000DD11MYAT,ActiveMetrics Enterprise Edition-NewMaintenance,CM-TQO-RNM-AMEENM,New Maintenance,true,01sWC0000022GHFYA2,Fortra Price Book,USD,0,true
01uWC000005wsniYAA,01tWC00000DD11OYAT,ActiveMetrics Enterprise Edition-RenewalMaintenance,CM-TQO-RRM-AMEERM,Renewal Maintenance,true,01sWC0000022GHFYA2,Fortra Price Book,USD,0,true
01uWC000005wsnjYAA,01tWC00000DD11PYAT,ActiveMetrics Enterprise Plus Edition-NewMaintenance,CM-TQO-RNM-AMEPEN,New Maintenance,true,01sWC0000022GHFYA2,Fortra Price Book,USD,0,true
01uWC000005wsnkYAA,01tWC00000DD11RYAT,ActiveMetrics Enterprise Plus Edition-RenewalMaintenance,CM-TQO-RRM-AMEPER,Renewal Maintenance,true,01sWC0000022GHFYA2,Fortra Price Book,USD,0,true
01uWC000005wsnlYAA,01tWC00000DD11bYAD,Advanced Job Scheduler-NewMaintenance,SM-AJS-RNM-AJSNM,New Maintenance,true,01sWC0000022GHFYA2,Fortra Price Book,USD,0,true
01uWC000005wsnmYAA,01tWC00000DD11dYAD,Advanced Job Scheduler-RenewalMaintenance,SM-AJS-RRM-AJSRM,Renewal Maintenance,true,01sWC0000022GHFYA2,Fortra Price Book,USD,0,true
01uWC000005wsnnYAA,01tWC00000DD11fYAD,Advanced Reporting Suite-NewMaintenance,SM-ARS-RNM-ARSNM,New Maintenance,true,01sWC0000022GHFYA2,Fortra Price Book,USD,0,true
01uWC000005wsnoYAA,01tWC00000DD11hYAD,Advanced Reporting Suite-RenewalMaintenance,SM-ARS-RRM-ARSRM,Renewal Maintenance,true,01sWC0000022GHFYA2,Fortra Price Book,USD,0,true
01uWC000005wsnpYAA,01tWC00000DD11jYAD,Advanced Reporting Suite License-NewMaintenance,SM-ARS-RNM-ARSLNM,New Maintenance,true,01sWC0000022GHFYA2,Fortra Price Book,USD,0,true
01uWC000005wsnqYAA,01tWC00000DD11lYAD,Advanced Reporting Suite License-RenewalMaintenance,SM-ARS-RRM-ARSLRM,Renewal Maintenance,true,01sWC0000022GHFYA2,Fortra Price Book,USD,0,true
01uWC000005wsnrYAA,01tWC00000DD11tYAD,AFP Converter-NewMaintenance,DM-IRC-RNM-AFPCNE,New Maintenance,true,01sWC0000022GHFYA2,Fortra Price Book,USD,0,true
01uWC000005wsnsYAA,01tWC00000DD11vYAD,AFP Converter-RenewalMaintenance,DM-IRC-RRM-AFPCRE,Renewal Maintenance,true,01sWC0000022GHFYA2,Fortra Price Book,USD,0,true
01uWC000005wsntYAA,01tWC00000DD121YAD,AIX on Power-NewMaintenance,SM-NSS-RNM-AIXOPN,New Maintenance,true,01sWC0000022GHFYA2,Fortra Price Book,USD,0,true
01uWC000005wsnuYAA,01tWC00000DD123YAD,AIX on Power-RenewalMaintenance,SM-NSS-RRM-AIXOPR,Renewal Maintenance,true,01sWC0000022GHFYA2,Fortra Price Book,USD,0,true
01uWC000005wsnvYAA,01tWC00000DD125YAD,AIX STD-NewMaintenance,SM-PN-RNM-AIXSTD,New Maintenance,true,01sWC0000022GHFYA2,Fortra Price Book,USD,0,true
01uWC000005wsnwYAA,01tWC00000DD127YAD,AIX STD-RenewalMaintenance,SM-PN-RRM-AIXSRM,Renewal Maintenance,true,01sWC0000022GHFYA2,Fortra Price Book,USD,0,true
01uWC000005wsnxYAA,01tWC00000DD128YAD,Alert Intelligence-NewMaintenance,SM-AI-RNM-ALERNE,New Maintenance,true,01sWC0000022GHFYA2,Fortra Price Book,USD,0,true
01uWC000005wsnyYAA,01tWC00000DD12AYAT,Alert Intelligence-RenewalMaintenance,SM-AI-RRM-ALERRE,Renewal Maintenance,true,01sWC0000022GHFYA2,Fortra Price Book,USD,0,true
01uWC000005wsnzYAA,01tWC00000DD12CYAT,Alignia - Batch Process-NewMaintenance,SM-VIT-RNM-ABPNM,New Maintenance,true,01sWC0000022GHFYA2,Fortra Price Book,USD,0,true
01uWC000005wso0YAA,01tWC00000DD12EYAT,Alignia - Batch Process-RenewalMaintenance,SM-VIT-RRM-ABPRM,Renewal Maintenance,true,01sWC0000022GHFYA2,Fortra Price Book,USD,0,true
01uWC000005wso1YAA,01tWC00000DD12GYAT,Alignia - Business Application-NewMaintenance,SM-VIT-RNM-ABANM,New Maintenance,true,01sWC0000022GHFYA2,Fortra Price Book,USD,0,true
01uWC000005wso2YAA,01tWC00000DD12IYAT,Alignia - Business Application-RenewalMaintenance,SM-VIT-RRM-ABARM,Renewal Maintenance,true,01sWC0000022GHFYA2,Fortra Price Book,USD,0,true
01uWC000005wso3YAA,01tWC00000DD12KYAT,Alignia - Business Consumers-NewMaintenance,SM-VIT-RNM-ABCNM,New Maintenance,true,01sWC0000022GHFYA2,Fortra Price Book,USD,0,true
01uWC000005wso4YAA,01tWC00000DD12MYAT,Alignia - Business Consumers-RenewalMaintenance,SM-VIT-RRM-ABCRM,Renewal Maintenance,true,01sWC0000022GHFYA2,Fortra Price Book,USD,0,true
01uWC000005wso5YAA,01tWC00000DD12OYAT,Alignia - Business Process-NewMaintenance,SM-VIT-RNM-ALIGNI,New Maintenance,true,01sWC0000022GHFYA2,Fortra Price Book,USD,0,true
01uWC000005wso6YAA,01tWC00000DD12QYAT,Alignia - Business Process-RenewalMaintenance,SM-VIT-RRM-ABPM,Renewal Maintenance,true,01sWC0000022GHFYA2,Fortra Price Book,USD,0,true
01uWC000005wso7YAA,01tWC00000DD12SYAT,Alignia - Business Service Instance-NewMaintenance,SM-VIT-RNM-ABSINM,New Maintenance,true,01sWC0000022GHFYA2,Fortra Price Book,USD,0,true
01uWC000005wso8YAA,01tWC00000DD12UYAT,Alignia - Business Service Instance-RenewalMaintenance,SM-VIT-RRM-ABSIRM,Renewal Maintenance,true,01sWC0000022GHFYA2,Fortra Price Book,USD,0,true
01uWC000005wso9YAA,01tWC00000DD12WYAT,Alignia - Continuous Process-NewMaintenance,SM-VIT-RNM-ACPNM,New Maintenance,true,01sWC0000022GHFYA2,Fortra Price Book,USD,0,true
01uWC000005wsoAYAQ,01tWC00000DD12YYAT,Alignia - Continuous Process-RenewalMaintenance,SM-VIT-RRM-ACPRM,Renewal Maintenance,true,01sWC0000022GHFYA2,Fortra Price Book,USD,0,true
01uWC000005wsoBYAQ,01tWC00000DD12aYAD,Alignia - Control Point-NewMaintenance,SM-VIT-RNM-ACPM,New Maintenance,true,01sWC0000022GHFYA2,Fortra Price Book,USD,0,true
01uWC000005wsoCYAQ,01tWC00000DD12cYAD,Alignia - Control Point-RenewalMaintenance,SM-VIT-RRM-ALRM,Renewal Maintenance,true,01sWC0000022GHFYA2,Fortra Price Book,USD,0,true
01uWC000005wsoDYAQ,01tWC00000DD12eYAD,Alignia - Core-NewMaintenance,SM-VIT-RNM-ACNM,New Maintenance,true,01sWC0000022GHFYA2,Fortra Price Book,USD,0,true
01uWC000005wsoEYAQ,01tWC00000DD12gYAD,Alignia - Core-RenewalMaintenance,SM-VIT-RRM-ACRM,Renewal Maintenance,true,01sWC0000022GHFYA2,Fortra Price Book,USD,0,true
01uWC000005wsoFYAQ,01tWC00000DD12jYAD,Alignia - Engine-NewMaintenance,SM-VIT-RNM-AENM,New Maintenance,true,01sWC0000022GHFYA2,Fortra Price Book,USD,0,true
01uWC000005wsoGYAQ,01tWC00000DD12lYAD,Alignia - Engine-RenewalMaintenance,SM-VIT-RRM-AERM,Renewal Maintenance,true,01sWC0000022GHFYA2,Fortra Price Book,USD,0,true
01uWC000005wsoHYAQ,01tWC00000DD12nYAD,Alignia - External Service-NewMaintenance,SM-VIT-RNM-AESNM,New Maintenance,true,01sWC0000022GHFYA2,Fortra Price Book,USD,0,true
01uWC000005wsoIYAQ,01tWC00000DD12pYAD,Alignia - External Service-RenewalMaintenance,SM-VIT-RRM-AESRM,Renewal Maintenance,true,01sWC0000022GHFYA2,Fortra Price Book,USD,0,true
01uWC000005wsoJYAQ,01tWC00000DD12rYAD,Alignia - Internal Service-NewMaintenance,SM-VIT-RNM-AISNM,New Maintenance,true,01sWC0000022GHFYA2,Fortra Price Book,USD,0,true
01uWC000005wsoKYAQ,01tWC00000DD12tYAD,Alignia - Internal Service-RenewalMaintenance,SM-VIT-RRM-AISRM,Renewal Maintenance,true,01sWC0000022GHFYA2,Fortra Price Book,USD,0,true
01uWC000005wsoLYAQ,01tWC00000DD12vYAD,Alignia - Online Business Service-NewMaintenance,SM-VIT-RNM-AOBSNM,New Maintenance,true,01sWC0000022GHFYA2,Fortra Price Book,USD,0,true
01uWC000005wsoMYAQ,01tWC00000DD12xYAD,Alignia - Online Business Service-RenewalMaintenance,SM-VIT-RRM-AOBSRM,Renewal Maintenance,true,01sWC0000022GHFYA2,Fortra Price Book,USD,0,true
01uWC000005wsoNYAQ,01tWC00000DD12zYAD,Alignia - Task-NewMaintenance,SM-VIT-RNM-ATNM,New Maintenance,true,01sWC0000022GHFYA2,Fortra Price Book,USD,0,true
01uWC000005wsoOYAQ,01tWC00000DD131YAD,Alignia - Task-RenewalMaintenance,SM-VIT-RRM-ATRM,Renewal Maintenance,true,01sWC0000022GHFYA2,Fortra Price Book,USD,0,true
01uWC000005wsoPYAQ,01tWC00000DD133YAD,Alignia - Task Instance-NewMaintenance,SM-VIT-RNM-ATINM,New Maintenance,true,01sWC0000022GHFYA2,Fortra Price Book,USD,0,true
01uWC000005wsoQYAQ,01tWC00000DD1wdYAD,WebDocs - SMB License - Legacy-RenewalMaintenance,DM-WEB-RRM-WDSLLR,Renewal Maintenance,true,01sWC0000022GHFYA2,Fortra Price Book,USD,0,true
01uWC000005wsoRYAQ,01tWC00000DD1weYAD,WebDocs Batch Import-NewMaintenance,DM-DML-RNM-WDBINM,New Maintenance,true,01sWC0000022GHFYA2,Fortra Price Book,USD,0,true
01uWC000005wsoSYAQ,01tWC00000DD1wgYAD,WebDocs Batch Import-RenewalMaintenance,DM-DML-RRM-WDBIRM,Renewal Maintenance,true,01sWC0000022GHFYA2,Fortra Price Book,USD,0,true
01uWC000005wsoTYAQ,01tWC00000DD1wiYAD,WebDocs Document Management-NewMaintenance,DM-WEB-RNM-WDDMNM,New Maintenance,true,01sWC0000022GHFYA2,Fortra Price Book,USD,0,true
01uWC000005wsoUYAQ,01tWC00000DD1wkYAD,WebDocs Document Management-RenewalMaintenance,DM-WEB-RRM-WDDMRM,Renewal Maintenance,true,01sWC0000022GHFYA2,Fortra Price Book,USD,0,true
01uWC000005wsoVYAQ,01tWC00000DD1wnYAD,Webdocs Forms Management-NewMaintenance,DM-WFM-RNM-WFMNM,New Maintenance,true,01sWC0000022GHFYA2,Fortra Price Book,USD,0,true
01uWC000005wsoWYAQ,01tWC00000DD1wpYAD,Webdocs Forms Management-RenewalMaintenance,DM-WFM-RRM-WFMRM,Renewal Maintenance,true,01sWC0000022GHFYA2,Fortra Price Book,USD,0,true
01uWC000005wsoXYAQ,01tWC00000DD1wrYAD,WebDocs Hosting-NewMaintenance,DM-WEB-RNM-WDHNM,New Maintenance,true,01sWC0000022GHFYA2,Fortra Price Book,USD,0,true
01uWC000005wsoYYAQ,01tWC00000DD1wtYAD,WebDocs Hosting-RenewalMaintenance,DM-WEB-RRM-WDHRM,Renewal Maintenance,true,01sWC0000022GHFYA2,Fortra Price Book,USD,0,true
01uWC000005wsoZYAQ,01tWC00000DD1wuYAD,WebDocs Invoice Manager-NewMaintenance,DM-WEB-RNM-WDIMNM,New Maintenance,true,01sWC0000022GHFYA2,Fortra Price Book,USD,0,true
01uWC000005wsoaYAA,01tWC00000DD1wwYAD,WebDocs Invoice Manager-RenewalMaintenance,DM-WEB-RRM-WDIMRM,Renewal Maintenance,true,01sWC0000022GHFYA2,Fortra Price Book,USD,0,true
01uWC000005wsobYAA,01tWC00000DD1wyYAD,WebDocs Legacy-NewMaintenance,DM-WEB-RNM-WDLNM,New Maintenance,true,01sWC0000022GHFYA2,Fortra Price Book,USD,0,true
01uWC000005wsocYAA,01tWC00000DD1x0YAD,WebDocs Legacy-RenewalMaintenance,DM-WEB-RRM-WDLRM,Renewal Maintenance,true,01sWC0000022GHFYA2,Fortra Price Book,USD,0,true
01uWC000005wsodYAA,01tWC00000DD1x1YAD,WebDocs Tray Capture-NewMaintenance,DM-DML-RNM-WDTCNM,New Maintenance,true,01sWC0000022GHFYA2,Fortra Price Book,USD,0,true
01uWC000005wsoeYAA,01tWC00000DD1x3YAD,WebDocs Tray Capture-RenewalMaintenance,DM-DML-RRM-WDTCRM,Renewal Maintenance,true,01sWC0000022GHFYA2,Fortra Price Book,USD,0,true
01uWC000005wsofYAA,01tWC00000DD1x4YAD,WebDocs- iSeries Edition-NewMaintenance,DM-DML-RNM-WDISEN,New Maintenance,true,01sWC0000022GHFYA2,Fortra Price Book,USD,0,true
01uWC000005wsogYAA,01tWC00000DD1x6YAD,WebDocs- iSeries Edition-RenewalMaintenance,DM-DML-RRM-WDISER,Renewal Maintenance,true,01sWC0000022GHFYA2,Fortra Price Book,USD,0,true
01uWC000005wsohYAA,01tWC00000DD1x7YAD,WebForms-NewMaintenance,DM-WFM-RNM-WEBFNE,New Maintenance,true,01sWC0000022GHFYA2,Fortra Price Book,USD,0,true
01uWC000005wsoiYAA,01tWC00000DD1x9YAD,WebForms-RenewalMaintenance,DM-WFM-RRM-WEBFRE,Renewal Maintenance,true,01sWC0000022GHFYA2,Fortra Price Book,USD,0,true
01uWC000005wsojYAA,01tWC00000DD1xBYAT,WebForms Hosting-NewMaintenance,DM-WFM-RNM-WEBFHN,New Maintenance,true,01sWC0000022GHFYA2,Fortra Price Book,USD,0,true
01uWC000005wsokYAA,01tWC00000DD1xDYAT,WebForms Hosting-RenewalMaintenance,DM-WFM-RRM-WEBFHR,Renewal Maintenance,true,01sWC0000022GHFYA2,Fortra Price Book,USD,0,true
01uWC000005wsolYAA,01tWC00000DD1xEYAT,WebForms Legacy-NewMaintenance,DM-WFM-RNM-WEBFLN,New Maintenance,true,01sWC0000022GHFYA2,Fortra Price Book,USD,0,true
01uWC000005wsomYAA,01tWC00000DD1xGYAT,WebForms Legacy-RenewalMaintenance,DM-WFM-RRM-WEBFLR,Renewal Maintenance,true,01sWC0000022GHFYA2,Fortra Price Book,USD,0,true
01uWC000005wsonYAA,01tWC00000DD1xHYAT,WebForms SMB License-NewMaintenance,DM-WFM-RNM-WEBFSM,New Maintenance,true,01sWC0000022GHFYA2,Fortra Price Book,USD,0,true
01uWC000005wsooYAA,01tWC00000DD1xJYAT,WebForms SMB License-RenewalMaintenance,DM-WFM-RRM-WEBFFA,Renewal Maintenance,true,01sWC0000022GHFYA2,Fortra Price Book,USD,0,true
01uWC000005wsopYAA,01tWC00000DD1xMYAT,WebSpool-NewMaintenance,DM-WS-RNM-WEBSNE,New Maintenance,true,01sWC0000022GHFYA2,Fortra Price Book,USD,0,true
01uWC000005wsoqYAA,01tWC00000DD1xOYAT,WebSpool-RenewalMaintenance,DM-WS-RRM-WEBSRE,Renewal Maintenance,true,01sWC0000022GHFYA2,Fortra Price Book,USD,0,true
01uWC000005wsorYAA,01tWC00000DD1xQYAT,Windows Application Integrator-NewMaintenance,DM-WCU-RNM-WAINEW,New Maintenance,true,01sWC0000022GHFYA2,Fortra Price Book,USD,0,true
01uWC000005wsosYAA,01tWC00000DD1xSYAT,Windows Application Integrator-RenewalMaintenance,DM-WCU-RRM-WAIREN,Renewal Maintenance,true,01sWC0000022GHFYA2,Fortra Price Book,USD,0,true
01uWC000005wsotYAA,01tWC00000DD1xUYAT,WinSpool-NewMaintenance,DM-DLN-RNM-WSNM,New Maintenance,true,01sWC0000022GHFYA2,Fortra Price Book,USD,0,true
01uWC000005wsouYAA,01tWC00000DD1xWYAT,WinSpool-RenewalMaintenance,DM-DLN-RRM-WSRM,Renewal Maintenance,true,01sWC0000022GHFYA2,Fortra Price Book,USD,0,true
01uWC000005wsovYAA,01tWC00000DD1xYYAT,WinSpool Batch Report Server-NewMaintenance,DM-DML-RNM-WSBRSN,New Maintenance,true,01sWC0000022GHFYA2,Fortra Price Book,USD,0,true
01uWC000005wsowYAA,01tWC00000DD1xaYAD,WinSpool Batch Report Server-RenewalMaintenance,DM-DML-RRM-WSBRSR,Renewal Maintenance,true,01sWC0000022GHFYA2,Fortra Price Book,USD,0,true
01uWC000005wsoxYAA,01tWC00000DD1xcYAD,WinSpool Email Report Server-NewMaintenance,DM-DML-RNM-WSERSN,New Maintenance,true,01sWC0000022GHFYA2,Fortra Price Book,USD,0,true
01uWC000005wsoyYAA,01tWC00000DD1uIYAT,Unisys - TeamQuest LA OS2200-OTC-NewMaintenance,CM-TQU-RNM-UTQLOO,New Maintenance,true,01sWC0000022GHFYA2,Fortra Price Book,USD,0,true
01uWC000005wsozYAA,01tWC00000DD1uKYAT,Unisys - TeamQuest LA OS2200-OTC-RenewalMaintenance,CM-TQU-RRM-UNTEAQ,Renewal Maintenance,true,01sWC0000022GHFYA2,Fortra Price Book,USD,0,true
01uWC000005wsp0YAA,01tWC00000DD1vSYAT,Unisys - TeamQuest SIMAN OS2200-OTC-NewMaintenance,CM-TQU-RNM-UTEQSI,New Maintenance,true,01sWC0000022GHFYA2,Fortra Price Book,USD,0,true
01uWC000005wsp1YAA,01tWC00000DD1vUYAT,Unisys - TeamQuest SIMAN OS2200-OTC-RenewalMaintenance,CM-TQU-RRM-UTQSIO,Renewal Maintenance,true,01sWC0000022GHFYA2,Fortra Price Book,USD,0,true
01uWC000005wsp2YAA,01tWC00000DD1vWYAT,Unisys - TeamQuest SMFII MCP-OTC-NewMaintenance,CM-TQU-RNM-UTQSMO,New Maintenance,true,01sWC0000022GHFYA2,Fortra Price Book,USD,0,true
01uWC000005wsp3YAA,01tWC00000DD1vYYAT,Unisys - TeamQuest SMFII MCP-OTC-RenewalMaintenance,CM-TQU-RRM-UNTQSM,Renewal Maintenance,true,01sWC0000022GHFYA2,Fortra Price Book,USD,0,true
01uWC000005wsp4YAA,01tWC00000DD1vaYAD,Unisys - TeamQuest TipLA OS2200-OTC-NewMaintenance,CM-TQU-RNM-UTQTLO,New Maintenance,true,01sWC0000022GHFYA2,Fortra Price Book,USD,0,true
01uWC000005wsp5YAA,01tWC00000DD1vcYAD,Unisys - TeamQuest TipLA OS2200-OTC-RenewalMaintenance,CM-TQU-RRM-UNTQUT,Renewal Maintenance,true,01sWC0000022GHFYA2,Fortra Price Book,USD,0,true
01uWC000005wsp6YAA,01tWC00000DD1vfYAD,User Classification-NewMaintenance,DP-DLP-RNM-UCNM,New Maintenance,true,01sWC0000022GHFYA2,Fortra Price Book,USD,0,true
01uWC000005wsp7YAA,01tWC00000DD1vhYAD,User Classification-RenewalMaintenance,DP-DLP-RRM-UCRM,Renewal Maintenance,true,01sWC0000022GHFYA2,Fortra Price Book,USD,0,true
01uWC000005wsp8YAA,01tWC00000DD1vmYAD,User Profile Manager-NewMaintenance,CS-DFT-RNM-UPMNM,New Maintenance,true,01sWC0000022GHFYA2,Fortra Price Book,USD,0,true
01uWC000005wsp9YAA,01tWC00000DD1voYAD,User Profile Manager-RenewalMaintenance,CS-DFT-RRM-UPMRM,Renewal Maintenance,true,01sWC0000022GHFYA2,Fortra Price Book,USD,0,true
01uWC000005wspAYAQ,01tWC00000DD1vyYAD,VISUAL Control Center-NewMaintenance,SM-VMC-RNM-VISUAL,New Maintenance,true,01sWC0000022GHFYA2,Fortra Price Book,USD,0,true
01uWC000005wspBYAQ,01tWC00000DD1w0YAD,VISUAL Control Center-RenewalMaintenance,SM-VMC-RRM-VCCM,Renewal Maintenance,true,01sWC0000022GHFYA2,Fortra Price Book,USD,0,true
01uWC000005wspCYAQ,01tWC00000DD1w2YAD,VISUAL Control for Jobs-NewMaintenance,SM-VMC-RNM-VCJM,New Maintenance,true,01sWC0000022GHFYA2,Fortra Price Book,USD,0,true
01uWC000005wspDYAQ,01tWC00000DD1w4YAD,VISUAL Control for Jobs-RenewalMaintenance,SM-VMC-RRM-VICO,Renewal Maintenance,true,01sWC0000022GHFYA2,Fortra Price Book,USD,0,true
01uWC000005wspEYAQ,01tWC00000DD1w6YAD,VISUAL Control for Pools-NewMaintenance,SM-VMC-RNM-VCPM,New Maintenance,true,01sWC0000022GHFYA2,Fortra Price Book,USD,0,true
01uWC000005wspFYAQ,01tWC00000DD1w8YAD,VISUAL Control for Pools-RenewalMaintenance,SM-VMC-RRM-VIRM,Renewal Maintenance,true,01sWC0000022GHFYA2,Fortra Price Book,USD,0,true
01uWC000005wspGYAQ,01tWC00000DD1wAYAT,VISUAL Control Performance Planner - Any Tier- All LPARs-NewMaintenance,SM-PN-RNM-VINM,New Maintenance,true,01sWC0000022GHFYA2,Fortra Price Book,USD,0,true
01uWC000005wspHYAQ,01tWC00000DD1wCYAT,VISUAL Control Performance Planner - Any Tier- All LPARs-RenewalMaintenance,SM-PN-RRM-VISUAC,Renewal Maintenance,true,01sWC0000022GHFYA2,Fortra Price Book,USD,0,true
01uWC000005wspIYAQ,01tWC00000DD1wEYAT,VISUAL Control Performance Planner - for iSeries-NewMaintenance,SM-PN-RNM-VISUCO,New Maintenance,true,01sWC0000022GHFYA2,Fortra Price Book,USD,0,true
01uWC000005wspJYAQ,01tWC00000DD1wGYAT,VISUAL Control Performance Planner - for iSeries-RenewalMaintenance,SM-PN-RRM-VISCON,Renewal Maintenance,true,01sWC0000022GHFYA2,Fortra Price Book,USD,0,true
01uWC000005wspKYAQ,01tWC00000DD1wIYAT,VISUAL Control/LPAR Tuner-NewMaintenance,SM-VMC-RNM-VCLM,New Maintenance,true,01sWC0000022GHFYA2,Fortra Price Book,USD,0,true
01uWC000005wspLYAQ,01tWC00000DD1wKYAT,VISUAL Control/LPAR Tuner-RenewalMaintenance,SM-VMC-RRM-VICONT,Renewal Maintenance,true,01sWC0000022GHFYA2,Fortra Price Book,USD,0,true
01uWC000005wspMYAQ,01tWC00000DD1wMYAT,VISUAL Debugger 5250-NewMaintenance,SM-VMC-RNM-VD5M,New Maintenance,true,01sWC0000022GHFYA2,Fortra Price Book,USD,0,true
01uWC000005wspNYAQ,01tWC00000DD1wOYAT,VISUAL Debugger 5250-RenewalMaintenance,SM-VMC-RRM-VIDE,Renewal Maintenance,true,01sWC0000022GHFYA2,Fortra Price Book,USD,0,true
01uWC000005wspOYAQ,01tWC00000DD1wQYAT,VISUAL Message Center - Full Pack-NewMaintenance,SM-VMC-RNM-VMCM,New Maintenance,true,01sWC0000022GHFYA2,Fortra Price Book,USD,0,true
01uWC000005wspPYAQ,01tWC00000DD1wSYAT,VISUAL Message Center - Full Pack-RenewalMaintenance,SM-VMC-RRM-VIME,Renewal Maintenance,true,01sWC0000022GHFYA2,Fortra Price Book,USD,0,true
01uWC000005wspQYAQ,01tWC00000DD1wTYAT,Web Enablement (SWI)-NewMaintenance,BI-SQ-RNM-WEBESN,New Maintenance,true,01sWC0000022GHFYA2,Fortra Price Book,USD,0,true
01uWC000005wspRYAQ,01tWC00000DD1wVYAT,Web Enablement (SWI)-RenewalMaintenance,BI-SQ-RRM-WEBESR,Renewal Maintenance,true,01sWC0000022GHFYA2,Fortra Price Book,USD,0,true
01uWC000005wspSYAQ,01tWC00000DD1wXYAT,Web Report Server/400 - Legacy-NewMaintenance,DM-IRM-RNM-WEBRS4,New Maintenance,true,01sWC0000022GHFYA2,Fortra Price Book,USD,0,true
01uWC000005wspTYAQ,01tWC00000DD1wZYAT,Web Report Server/400 - Legacy-RenewalMaintenance,DM-IRM-RRM-WEBRES,Renewal Maintenance,true,01sWC0000022GHFYA2,Fortra Price Book,USD,0,true
01uWC000005wspUYAQ,01tWC00000DD1wbYAD,WebDocs - SMB License - Legacy-NewMaintenance,DM-WEB-RNM-WDSLLN,New Maintenance,true,01sWC0000022GHFYA2,Fortra Price Book,USD,0,true
01uWC000005wspVYAQ,01tWC00000DD135YAD,Alignia - Task Instance-RenewalMaintenance,SM-VIT-RRM-ATIRM,Renewal Maintenance,true,01sWC0000022GHFYA2,Fortra Price Book,USD,0,true
01uWC000005wspWYAQ,01tWC00000DD137YAD,Alignia Core-NewMaintenance,SM-VIT-RNM-ALNM,New Maintenance,true,01sWC0000022GHFYA2,Fortra Price Book,USD,0,true
01uWC000005wspXYAQ,01tWC00000DD139YAD,Alignia Core-RenewalMaintenance,SM-VIT-RRM-ALIGCO,Renewal Maintenance,true,01sWC0000022GHFYA2,Fortra Price Book,USD,0,true
01uWC000005wspYYAQ,01tWC00000DD13DYAT,AnyDate-RenewalMaintenance,BI-AD-RRM-ANYDRE,Renewal Maintenance,true,01sWC0000022GHFYA2,Fortra Price Book,USD,0,true
01uWC000005wspZYAQ,01tWC00000DD13HYAT,Application System & Object Control-NewMaintenance,CS-DFT-RNM-ASOCNM,New Maintenance,true,01sWC0000022GHFYA2,Fortra Price Book,USD,0,true
01uWC000005wspaYAA,01tWC00000DD14ZYAT,Automate Plus-NewMaintenance,RPA-AUT-RNM-APNM,New Maintenance,true,01sWC0000022GHFYA2,Fortra Price Book,USD,0,true
01uWC000005wspbYAA,01tWC00000DD14bYAD,Automate Plus-RenewalMaintenance,RPA-AUT-RRM-APRM,Renewal Maintenance,true,01sWC0000022GHFYA2,Fortra Price Book,USD,0,true
01uWC000005wspcYAA,01tWC00000DD14iYAD,Automate Professional-NewMaintenance,RPA-AUD-RNM-AUPR,New Maintenance,true,01sWC0000022GHFYA2,Fortra Price Book,USD,0,true
01uWC000005wspdYAA,01tWC00000DD14kYAD,Automate Professional-RenewalMaintenance,RPA-AUD-RRM-AUTOMP,Renewal Maintenance,true,01sWC0000022GHFYA2,Fortra Price Book,USD,0,true
01uWC000005wspeYAA,01tWC00000DD14mYAD,Automate Professional Action Pack-NewMaintenance,RPA-AUD-RNM-APAPNM,New Maintenance,true,01sWC0000022GHFYA2,Fortra Price Book,USD,0,true
01uWC000005wspfYAA,01tWC00000DD14oYAD,Automate Professional Action Pack-RenewalMaintenance,RPA-AUD-RRM-APAPRM,Renewal Maintenance,true,01sWC0000022GHFYA2,Fortra Price Book,USD,0,true
01uWC000005wspgYAA,01tWC00000DD14tYAD,Automate Runtime-NewMaintenance,RPA-AUD-RNM-AURU,New Maintenance,true,01sWC0000022GHFYA2,Fortra Price Book,USD,0,true
01uWC000005wsphYAA,01tWC00000DD14vYAD,Automate Runtime-RenewalMaintenance,RPA-AUD-RRM-ARRM,Renewal Maintenance,true,01sWC0000022GHFYA2,Fortra Price Book,USD,0,true
01uWC000005wspiYAA,01tWC00000DD14yYAD,Automate Ultimate-NewMaintenance,RPA-AUT-RNM-AUNM,New Maintenance,true,01sWC0000022GHFYA2,Fortra Price Book,USD,0,true
01uWC000005wspjYAA,01tWC00000DD150YAD,Automate Ultimate-RenewalMaintenance,RPA-AUT-RRM-AUUL,Renewal Maintenance,true,01sWC0000022GHFYA2,Fortra Price Book,USD,0,true
01uWC000005wspkYAA,01tWC00000DD156YAD,Batch Import Utility-NewMaintenance,DM-WCU-RNM-BIUNM,New Maintenance,true,01sWC0000022GHFYA2,Fortra Price Book,USD,0,true
01uWC000005wsplYAA,01tWC00000DD158YAD,Batch Import Utility-RenewalMaintenance,DM-WCU-RRM-BIURM,Renewal Maintenance,true,01sWC0000022GHFYA2,Fortra Price Book,USD,0,true
01uWC000005wspmYAA,01tWC00000DD15AYAT,Batch Report Server-NewMaintenance,DM-IRM-RNM-BRSNM,New Maintenance,true,01sWC0000022GHFYA2,Fortra Price Book,USD,0,true
01uWC000005wspnYAA,01tWC00000DD15CYAT,Batch Report Server-RenewalMaintenance,DM-IRM-RRM-BRSRM,Renewal Maintenance,true,01sWC0000022GHFYA2,Fortra Price Book,USD,0,true
01uWC000005wspoYAA,01tWC00000DD15MYAT,"BUNDLE - Message, Monitor, Remote Control-NewMaintenance",SM-SMB-RNM-BUNDLE,New Maintenance,true,01sWC0000022GHFYA2,Fortra Price Book,USD,0,true
01uWC000005wsppYAA,01tWC00000DD15OYAT,"BUNDLE - Message, Monitor, Remote Control-RenewalMaintenance",SM-SMB-RRM-BMMM,Renewal Maintenance,true,01sWC0000022GHFYA2,Fortra Price Book,USD,0,true
01uWC000005wspqYAA,01tWC00000DD15WYAT,CAD Classifier-NewMaintenance,DP-DC-RNM-CADCNE,New Maintenance,true,01sWC0000022GHFYA2,Fortra Price Book,USD,0,true
01uWC000005wsprYAA,01tWC00000DD15YYAT,CAD Classifier-RenewalMaintenance,DP-DC-RRM-CADCRE,Renewal Maintenance,true,01sWC0000022GHFYA2,Fortra Price Book,USD,0,true
01uWC000005wspsYAA,01tWC00000DD15aYAD,Capability Checker-NewMaintenance,DP-DCL-RNM-CAPANE,New Maintenance,true,01sWC0000022GHFYA2,Fortra Price Book,USD,0,true
01uWC000005wsptYAA,01tWC00000DD15cYAD,Capability Checker-RenewalMaintenance,DP-DCL-RRM-CAPARE,Renewal Maintenance,true,01sWC0000022GHFYA2,Fortra Price Book,USD,0,true
01uWC000005wspuYAA,01tWC00000DD15fYAD,Capacity Planning with Performance Navigator-NewMaintenance,SM-PN-RNM-CPWPNN,New Maintenance,true,01sWC0000022GHFYA2,Fortra Price Book,USD,0,true
01uWC000005wspvYAA,01tWC00000DD15hYAD,Capacity Planning with Performance Navigator-RenewalMaintenance,SM-PN-RRM-CPWPNR,Renewal Maintenance,true,01sWC0000022GHFYA2,Fortra Price Book,USD,0,true
01uWC000005wspwYAA,01tWC00000DD16AYAT,CCM Level 1 - PS APP MODULE-NewMaintenance,CM-TQO-RNM-CCML1P,New Maintenance,true,01sWC0000022GHFYA2,Fortra Price Book,USD,0,true
01uWC000005wspxYAA,01tWC00000DD16CYAT,CCM Level 1 - PS APP MODULE-RenewalMaintenance,CM-TQO-RRM-CCMLE1,Renewal Maintenance,true,01sWC0000022GHFYA2,Fortra Price Book,USD,0,true
01uWC000005wspyYAA,01tWC00000DD16PYAT,CCM Reinstatement Fee-RenewalMaintenance,FIM-FIM-RRM-CCMRFR,Renewal Maintenance,true,01sWC0000022GHFYA2,Fortra Price Book,USD,0,true
01uWC000005wspzYAA,01tWC00000DD16ZYAT,CD Builder-NewMaintenance,SM-ROT-RNM-CDBNEW,New Maintenance,true,01sWC0000022GHFYA2,Fortra Price Book,USD,0,true
01uWC000005wsq0YAA,01tWC00000DD16bYAD,CD Builder-RenewalMaintenance,SM-ROT-RRM-CDBREN,Renewal Maintenance,true,01sWC0000022GHFYA2,Fortra Price Book,USD,0,true
01uWC000005wsq1YAA,01tWC00000DD16eYAD,CGI Suite-NewMaintenance,SM-HCS-RNM-CGISNE,New Maintenance,true,01sWC0000022GHFYA2,Fortra Price Book,USD,0,true
01uWC000005wsq2YAA,01tWC00000DD16gYAD,CGI Suite-RenewalMaintenance,SM-HCS-RRM-CGISRE,Renewal Maintenance,true,01sWC0000022GHFYA2,Fortra Price Book,USD,0,true
01uWC000005wsq3YAA,01tWC00000DD16iYAD,Change Data Capture Module-NewMaintenance,BI-SDW-RNM-CDCMNM,New Maintenance,true,01sWC0000022GHFYA2,Fortra Price Book,USD,0,true
01uWC000005wsq4YAA,01tWC00000DD16kYAD,Change Data Capture Module-RenewalMaintenance,BI-SDW-RRM-CDCMRM,Renewal Maintenance,true,01sWC0000022GHFYA2,Fortra Price Book,USD,0,true
01uWC000005wsq5YAA,01tWC00000DD16mYAD,Change Management-NewMaintenance,BI-SDW-RNM-CMNM,New Maintenance,true,01sWC0000022GHFYA2,Fortra Price Book,USD,0,true
01uWC000005wsq6YAA,01tWC00000DD16oYAD,Change Management-RenewalMaintenance,BI-SDW-RRM-CHANGE,Renewal Maintenance,true,01sWC0000022GHFYA2,Fortra Price Book,USD,0,true
01uWC000005wsq7YAA,01tWC00000DD16sYAD,Claims Metrics-NewMaintenance,CM-TQO-RNM-CLAINE,New Maintenance,true,01sWC0000022GHFYA2,Fortra Price Book,USD,0,true
01uWC000005wsq8YAA,01tWC00000DD16uYAD,Claims Metrics-RenewalMaintenance,CM-TQO-RRM-CLAIRE,Renewal Maintenance,true,01sWC0000022GHFYA2,Fortra Price Book,USD,0,true
01uWC000005wsq9YAA,01tWC00000DD16vYAD,Classification for Desktop-NewMaintenance,DP-DC-RNM-CDNM,New Maintenance,true,01sWC0000022GHFYA2,Fortra Price Book,USD,0,true
01uWC000005wsqAYAQ,01tWC00000DD16xYAD,Classification for Desktop-RenewalMaintenance,DP-DC-RRM-CDRM,Renewal Maintenance,true,01sWC0000022GHFYA2,Fortra Price Book,USD,0,true
01uWC000005wsqBYAQ,01tWC00000DD16yYAD,Classification for Desktop & Message Classification & Classification for Office Bundle-NewMaintenance,DP-DC-RNM-CDMCCO,New Maintenance,true,01sWC0000022GHFYA2,Fortra Price Book,USD,0,true
01uWC000005wsqCYAQ,01tWC00000DD170YAD,Classification for Desktop & Message Classification & Classification for Office Bundle-RenewalMaintenance,DP-DC-RRM-CDMM,Renewal Maintenance,true,01sWC0000022GHFYA2,Fortra Price Book,USD,0,true
01uWC000005wsqDYAQ,01tWC00000DD172YAD,Classification for Office-NewMaintenance,DP-DC-RNM-CONM,New Maintenance,true,01sWC0000022GHFYA2,Fortra Price Book,USD,0,true
01uWC000005wsqEYAQ,01tWC00000DD174YAD,Classification for Office-RenewalMaintenance,DP-DC-RRM-CORM,Renewal Maintenance,true,01sWC0000022GHFYA2,Fortra Price Book,USD,0,true
01uWC000005wsqFYAQ,01tWC00000DD175YAD,Classification for Office & Classification for Desktop Bundle-NewMaintenance,DP-DC-RNM-COCDBN,New Maintenance,true,01sWC0000022GHFYA2,Fortra Price Book,USD,0,true
01uWC000005wsqGYAQ,01tWC00000DD177YAD,Classification for Office & Classification for Desktop Bundle-RenewalMaintenance,DP-DC-RRM-COCDBR,Renewal Maintenance,true,01sWC0000022GHFYA2,Fortra Price Book,USD,0,true
01uWC000005wsqHYAQ,01tWC00000DD178YAD,Classification for Office Ultra & Message Classification Ultra Bundle-NewMaintenance,DP-DC-RNM-COUMCU,New Maintenance,true,01sWC0000022GHFYA2,Fortra Price Book,USD,0,true
01uWC000005wsqIYAQ,01tWC00000DD17AYAT,Classification for Office Ultra & Message Classification Ultra Bundle-RenewalMaintenance,DP-DC-RRM-COUM,Renewal Maintenance,true,01sWC0000022GHFYA2,Fortra Price Book,USD,0,true
01uWC000005wsqJYAQ,01tWC00000DD17CYAT,Classifier Essentials-NewMaintenance,DP-DC-RNM-CENM,New Maintenance,true,01sWC0000022GHFYA2,Fortra Price Book,USD,0,true
01uWC000005wsqKYAQ,01tWC00000DD17EYAT,Classifier Essentials-RenewalMaintenance,DP-DC-RRM-CERM,Renewal Maintenance,true,01sWC0000022GHFYA2,Fortra Price Book,USD,0,true
01uWC000005wsqLYAQ,01tWC00000DD17HYAT,Classifier for McAfee-NewMaintenance,DP-DC-RNM-CMANM,New Maintenance,true,01sWC0000022GHFYA2,Fortra Price Book,USD,0,true
01uWC000005wsqMYAQ,01tWC00000DD17JYAT,Classifier for McAfee-RenewalMaintenance,DP-DC-RRM-CMARM,Renewal Maintenance,true,01sWC0000022GHFYA2,Fortra Price Book,USD,0,true
01uWC000005wsqNYAQ,01tWC00000DD17LYAT,Classifier Reporting-NewMaintenance,DP-DC-RNM-CRNM,New Maintenance,true,01sWC0000022GHFYA2,Fortra Price Book,USD,0,true
01uWC000005wsqOYAQ,01tWC00000DD17NYAT,Classifier Reporting-RenewalMaintenance,DP-DC-RRM-CRRM,Renewal Maintenance,true,01sWC0000022GHFYA2,Fortra Price Book,USD,0,true
01uWC000005wsqPYAQ,01tWC00000DD1ByYAL,Digital Rights Management for Email Gateway (Powered by Seclore)-NewMaintenance,ES-SEG-RNM-DRMEGP,New Maintenance,true,01sWC0000022GHFYA2,Fortra Price Book,USD,0,true
01uWC000005wsqQYAQ,01tWC00000DD1C0YAL,Digital Rights Management for Email Gateway (Powered by Seclore)-RenewalMaintenance,ES-SEG-RRM-DRMM,Renewal Maintenance,true,01sWC0000022GHFYA2,Fortra Price Book,USD,0,true
01uWC000005wsqRYAQ,01tWC00000DD1C6YAL,Disk Space Manager-NewMaintenance,SM-DSM-RNM-DSMNEW,New Maintenance,true,01sWC0000022GHFYA2,Fortra Price Book,USD,0,true
01uWC000005wsqSYAQ,01tWC00000DD1C8YAL,Disk Space Manager-RenewalMaintenance,SM-DSM-RRM-DSMREN,Renewal Maintenance,true,01sWC0000022GHFYA2,Fortra Price Book,USD,0,true
01uWC000005wsqTYAQ,01tWC00000DD1CAYA1,DLP-NewMaintenance,DP-DLP-RNM-DLPNEW,New Maintenance,true,01sWC0000022GHFYA2,Fortra Price Book,USD,0,true
01uWC000005wsqUYAQ,01tWC00000DD1CCYA1,DLP-RenewalMaintenance,DP-DLP-RRM-DLPREN,Renewal Maintenance,true,01sWC0000022GHFYA2,Fortra Price Book,USD,0,true
01uWC000005wsqVYAQ,01tWC00000DD1CUYA1,Doc Management Bundle-NewMaintenance,DM-DML-RNM-DMBNM,New Maintenance,true,01sWC0000022GHFYA2,Fortra Price Book,USD,0,true
01uWC000005wsqWYAQ,01tWC00000DD1CWYA1,Doc Management Bundle-RenewalMaintenance,DM-DML-RRM-DMBRM,Renewal Maintenance,true,01sWC0000022GHFYA2,Fortra Price Book,USD,0,true
01uWC000005wsqXYAQ,01tWC00000DD1CXYA1,Doc Management Legacy Product-NewMaintenance,DM-DML-RNM-DMLPNM,New Maintenance,true,01sWC0000022GHFYA2,Fortra Price Book,USD,0,true
01uWC000005wsqYYAQ,01tWC00000DD1CZYA1,Doc Management Legacy Product-RenewalMaintenance,DM-DML-RRM-DMLPRM,Renewal Maintenance,true,01sWC0000022GHFYA2,Fortra Price Book,USD,0,true
01uWC000005wsqZYAQ,01tWC00000DD1ChYAL,DocAlpha Advanced Capture - Header Footer-NewMaintenance,DM-WCU-RNM-DAACHF,New Maintenance,true,01sWC0000022GHFYA2,Fortra Price Book,USD,0,true
01uWC000005wsqaYAA,01tWC00000DD1CjYAL,DocAlpha Advanced Capture - Header Footer-RenewalMaintenance,DM-WCU-RRM-DAAM,Renewal Maintenance,true,01sWC0000022GHFYA2,Fortra Price Book,USD,0,true
01uWC000005wsqbYAA,01tWC00000DD1CkYAL,DocAlpha Advanced Capture - Line Item-NewMaintenance,DM-WCU-RNM-DAACLI,New Maintenance,true,01sWC0000022GHFYA2,Fortra Price Book,USD,0,true
01uWC000005wsqcYAA,01tWC00000DD1CmYAL,DocAlpha Advanced Capture - Line Item-RenewalMaintenance,DM-WCU-RRM-DORM,Renewal Maintenance,true,01sWC0000022GHFYA2,Fortra Price Book,USD,0,true
01uWC000005wsqdYAA,01tWC00000DD1CnYAL,DocAlpha Concurrent Seat License-NewMaintenance,DM-WCU-RNM-DACSLN,New Maintenance,true,01sWC0000022GHFYA2,Fortra Price Book,USD,0,true
01uWC000005wsqeYAA,01tWC00000DD1CpYAL,DocAlpha Concurrent Seat License-RenewalMaintenance,DM-WCU-RRM-DACSLR,Renewal Maintenance,true,01sWC0000022GHFYA2,Fortra Price Book,USD,0,true
01uWC000005wsqfYAA,01tWC00000DD1CqYAL,DocAlpha Invoice Capture Header/Footer-NewMaintenance,DM-WCU-RNM-DAICHF,New Maintenance,true,01sWC0000022GHFYA2,Fortra Price Book,USD,0,true
01uWC000005wsqgYAA,01tWC00000DD1CsYAL,DocAlpha Invoice Capture Header/Footer-RenewalMaintenance,DM-WCU-RRM-DAIM,Renewal Maintenance,true,01sWC0000022GHFYA2,Fortra Price Book,USD,0,true
01uWC000005wsqhYAA,01tWC00000DD1CtYAL,DocAlpha Invoice Capture Line Item-NewMaintenance,DM-WCU-RNM-DAICLI,New Maintenance,true,01sWC0000022GHFYA2,Fortra Price Book,USD,0,true
01uWC000005wsqiYAA,01tWC00000DD1CvYAL,DocAlpha Invoice Capture Line Item-RenewalMaintenance,DM-WCU-RRM-DOCA,Renewal Maintenance,true,01sWC0000022GHFYA2,Fortra Price Book,USD,0,true
01uWC000005wsqjYAA,01tWC00000DD1CwYAL,DocAlpha Output Connector-NewMaintenance,DM-WCU-RNM-DAOCNM,New Maintenance,true,01sWC0000022GHFYA2,Fortra Price Book,USD,0,true
01uWC000005wsqkYAA,01tWC00000DD1CyYAL,DocAlpha Output Connector-RenewalMaintenance,DM-WCU-RRM-DAOCRM,Renewal Maintenance,true,01sWC0000022GHFYA2,Fortra Price Book,USD,0,true
01uWC000005wsqlYAA,01tWC00000DD1CzYAL,docAlpha(Artsyl)-NewMaintenance,DM-WCU-RNM-DAANM,New Maintenance,true,01sWC0000022GHFYA2,Fortra Price Book,USD,0,true
01uWC000005wsqmYAA,01tWC00000DD1D1YAL,docAlpha(Artsyl)-RenewalMaintenance,DM-WCU-RRM-DAARM,Renewal Maintenance,true,01sWC0000022GHFYA2,Fortra Price Book,USD,0,true
01uWC000005wsqnYAA,01tWC00000DD1D4YAL,Document Management System-NewMaintenance,SM-SYM-RNM-DMSNM,New Maintenance,true,01sWC0000022GHFYA2,Fortra Price Book,USD,0,true
01uWC000005wsqoYAA,01tWC00000DD1D6YAL,Document Management System-RenewalMaintenance,SM-SYM-RRM-DMSRM,Renewal Maintenance,true,01sWC0000022GHFYA2,Fortra Price Book,USD,0,true
01uWC000005wsqpYAA,01tWC00000DD1D8YAL,Document Sanitization For SECURE Email Gateway-NewMaintenance,ES-SEG-RNM-DSSEGN,New Maintenance,true,01sWC0000022GHFYA2,Fortra Price Book,USD,0,true
01uWC000005wsqqYAA,01tWC00000DD1DAYA1,Document Sanitization For SECURE Email Gateway-RenewalMaintenance,ES-SEG-RRM-DSSEGR,Renewal Maintenance,true,01sWC0000022GHFYA2,Fortra Price Book,USD,0,true
01uWC000005wsqrYAA,01tWC00000DD1DCYA1,Document Sanitization For SECURE Exchange Gateway-NewMaintenance,ES-SXG-RNM-DSSM,New Maintenance,true,01sWC0000022GHFYA2,Fortra Price Book,USD,0,true
01uWC000005wsqsYAA,01tWC00000DD1DEYA1,Document Sanitization For SECURE Exchange Gateway-RenewalMaintenance,ES-SXG-RRM-DOSA,Renewal Maintenance,true,01sWC0000022GHFYA2,Fortra Price Book,USD,0,true
01uWC000005wsqtYAA,01tWC00000DD1DGYA1,Document Sanitization For SECURE ICAP Gateway-NewMaintenance,ES-SIG-RNM-DSSIGN,New Maintenance,true,01sWC0000022GHFYA2,Fortra Price Book,USD,0,true
01uWC000005wsquYAA,01tWC00000DD1DIYA1,Document Sanitization For SECURE ICAP Gateway-RenewalMaintenance,ES-SIG-RRM-DSSIGR,Renewal Maintenance,true,01sWC0000022GHFYA2,Fortra Price Book,USD,0,true
01uWC000005wsqvYAA,01tWC00000DD1DKYA1,Document Sanitization For SECURE ICAP Gateway Per Instance-NewMaintenance,ES-SIG-RNM-DONM,New Maintenance,true,01sWC0000022GHFYA2,Fortra Price Book,USD,0,true
01uWC000005wsqwYAA,01tWC00000DD1DLYA1,Document Sanitization For SECURE ICAP Gateway Per Instance-RenewalMaintenance,ES-SIG-RRM-DOCUMS,Renewal Maintenance,true,01sWC0000022GHFYA2,Fortra Price Book,USD,0,true
01uWC000005wsqxYAA,01tWC00000DD1DMYA1,Document Sanitization For SECURE Web Gateway-NewMaintenance,ES-SWG-RNM-DSSWGN,New Maintenance,true,01sWC0000022GHFYA2,Fortra Price Book,USD,0,true
01uWC000005wsqyYAA,01tWC00000DD1DOYA1,Document Sanitization For SECURE Web Gateway-RenewalMaintenance,ES-SWG-RRM-DSSWGR,Renewal Maintenance,true,01sWC0000022GHFYA2,Fortra Price Book,USD,0,true
01uWC000005wsqzYAA,01tWC00000DD1DRYA1,Domino Report Server-NewMaintenance,DM-IRM-RNM-DRSNEW,New Maintenance,true,01sWC0000022GHFYA2,Fortra Price Book,USD,0,true
01uWC000005wsr0YAA,01tWC00000DD1DTYA1,Domino Report Server-RenewalMaintenance,DM-IRM-RRM-DRSREN,Renewal Maintenance,true,01sWC0000022GHFYA2,Fortra Price Book,USD,0,true
01uWC000005wsr1YAA,01tWC00000DD1DVYA1,Download Conv Bund Basic-NewMaintenance,DM-DML-RNM-DCBBNE,New Maintenance,true,01sWC0000022GHFYA2,Fortra Price Book,USD,0,true
01uWC000005wsr2YAA,01tWC00000DD1DXYA1,Download Conv Bund Basic-RenewalMaintenance,DM-DML-RRM-DCBBRE,Renewal Maintenance,true,01sWC0000022GHFYA2,Fortra Price Book,USD,0,true
01uWC000005wsr3YAA,01tWC00000DD1DcYAL,Draft & Release-NewMaintenance,DP-DCL-RNM-DRAFNE,New Maintenance,true,01sWC0000022GHFYA2,Fortra Price Book,USD,0,true
01uWC000005wsr4YAA,01tWC00000DD1DeYAL,Draft & Release-RenewalMaintenance,DP-DCL-RRM-DRAFRE,Renewal Maintenance,true,01sWC0000022GHFYA2,Fortra Price Book,USD,0,true
01uWC000005wsr5YAA,01tWC00000DD1DgYAL,DV&C-NewMaintenance,DP-DLP-RNM-DVCNEW,New Maintenance,true,01sWC0000022GHFYA2,Fortra Price Book,USD,0,true
01uWC000005wsr6YAA,01tWC00000DD1DiYAL,DV&C-RenewalMaintenance,DP-DLP-RRM-DVCREN,Renewal Maintenance,true,01sWC0000022GHFYA2,Fortra Price Book,USD,0,true
01uWC000005wsr7YAA,01tWC00000DD1DkYAL,E-tracker-NewMaintenance,DP-DCL-RNM-ETRANE,New Maintenance,true,01sWC0000022GHFYA2,Fortra Price Book,USD,0,true
01uWC000005wsr8YAA,01tWC00000DD1DmYAL,E-tracker-RenewalMaintenance,DP-DCL-RRM-ETRARE,Renewal Maintenance,true,01sWC0000022GHFYA2,Fortra Price Book,USD,0,true
01uWC000005wsr9YAA,01tWC00000DD1DnYAL,Easy View-NewMaintenance,SM-EV-RNM-EASYNE,New Maintenance,true,01sWC0000022GHFYA2,Fortra Price Book,USD,0,true
01uWC000005wsrAYAQ,01tWC00000DD1DpYAL,Easy View-RenewalMaintenance,SM-EV-RRM-EASYRE,Renewal Maintenance,true,01sWC0000022GHFYA2,Fortra Price Book,USD,0,true
01uWC000005wsrBYAQ,01tWC00000DD1ZpYAL,Robot Trapper-RenewalMaintenance,SM-SYM-RRM-ROBTRA,Renewal Maintenance,true,01sWC0000022GHFYA2,Fortra Price Book,USD,0,true
01uWC000005wsrCYAQ,01tWC00000DD1ZrYAL,Robot UPS-NewMaintenance,SM-SYM-RNM-RUNM,New Maintenance,true,01sWC0000022GHFYA2,Fortra Price Book,USD,0,true
01uWC000005wsrDYAQ,01tWC00000DD1a2YAD,Policy Manager for POS End Point Systems-RenewalMaintenance,FIM-FIM-RRM-PMPM,Renewal Maintenance,true,01sWC0000022GHFYA2,Fortra Price Book,USD,0,true
01uWC000005wsrEYAQ,01tWC00000DD1a7YAD,Policy Manager for POS Servers-RenewalMaintenance,FIM-FIM-RRM-PMPSRM,Renewal Maintenance,true,01sWC0000022GHFYA2,Fortra Price Book,USD,0,true
01uWC000005wsrFYAQ,01tWC00000DD1aEYAT,POP/400 Email Retrieval API-NewMaintenance,DM-EU-RNM-POP4NE,New Maintenance,true,01sWC0000022GHFYA2,Fortra Price Book,USD,0,true
01uWC000005wsrGYAQ,01tWC00000DD1aGYAT,POP/400 Email Retrieval API-RenewalMaintenance,DM-EU-RRM-POP4RE,Renewal Maintenance,true,01sWC0000022GHFYA2,Fortra Price Book,USD,0,true
01uWC000005wsrHYAQ,01tWC00000DD1aIYAT,Power Classifier for Admin-NewMaintenance,DP-DC-RNM-PCANEW,New Maintenance,true,01sWC0000022GHFYA2,Fortra Price Book,USD,0,true
01uWC000005wsrIYAQ,01tWC00000DD1aKYAT,Power Classifier for Admin-RenewalMaintenance,DP-DC-RRM-PCAREN,Renewal Maintenance,true,01sWC0000022GHFYA2,Fortra Price Book,USD,0,true
01uWC000005wsrJYAQ,01tWC00000DD1aLYAT,Powerful User Passport-NewMaintenance,CS-DFT-RNM-PUPNEW,New Maintenance,true,01sWC0000022GHFYA2,Fortra Price Book,USD,0,true
01uWC000005wsrKYAQ,01tWC00000DD1aNYAT,Powerful User Passport-RenewalMaintenance,CS-DFT-RRM-PUPREN,Renewal Maintenance,true,01sWC0000022GHFYA2,Fortra Price Book,USD,0,true
01uWC000005wsrLYAQ,01tWC00000DD1aPYAT,Powertech Antivirus - Linux / AIX-NewMaintenance,CS-PTA-RNM-PALANM,New Maintenance,true,01sWC0000022GHFYA2,Fortra Price Book,USD,0,true
01uWC000005wsrMYAQ,01tWC00000DD1aRYAT,Powertech Antivirus - Linux / AIX-RenewalMaintenance,CS-PTA-RRM-PALARM,Renewal Maintenance,true,01sWC0000022GHFYA2,Fortra Price Book,USD,0,true
01uWC000005wsrNYAQ,01tWC00000DD1aTYAT,Powertech Antivirus - Solaris-NewMaintenance,CS-PTA-RNM-PASNM,New Maintenance,true,01sWC0000022GHFYA2,Fortra Price Book,USD,0,true
01uWC000005wsrOYAQ,01tWC00000DD1aVYAT,Powertech Antivirus - Solaris-RenewalMaintenance,CS-PTA-RRM-PASRM,Renewal Maintenance,true,01sWC0000022GHFYA2,Fortra Price Book,USD,0,true
01uWC000005wsrPYAQ,01tWC00000DD1aXYAT,Powertech Antivirus - x86 Linux-NewMaintenance,CS-PTA-RNM-PAXLNM,New Maintenance,true,01sWC0000022GHFYA2,Fortra Price Book,USD,0,true
01uWC000005wsrQYAQ,01tWC00000DD1aZYAT,Powertech Antivirus - x86 Linux-RenewalMaintenance,CS-PTA-RRM-PAXLRM,Renewal Maintenance,true,01sWC0000022GHFYA2,Fortra Price Book,USD,0,true
01uWC000005wsrRYAQ,01tWC00000DD1abYAD,Powertech Antivirus for IBM i - Domino-NewMaintenance,CS-PTA-RNM-PAIIDN,New Maintenance,true,01sWC0000022GHFYA2,Fortra Price Book,USD,0,true
01uWC000005wsrSYAQ,01tWC00000DD1adYAD,Powertech Antivirus for IBM i - Domino-RenewalMaintenance,CS-PTA-RRM-PAIIDR,Renewal Maintenance,true,01sWC0000022GHFYA2,Fortra Price Book,USD,0,true
01uWC000005wsrTYAQ,01tWC00000DD1afYAD,Powertech Antivirus for IBM i-NewMaintenance,CS-PTA-RNM-PAIINM,New Maintenance,true,01sWC0000022GHFYA2,Fortra Price Book,USD,0,true
01uWC000005wsrUYAQ,01tWC00000DD1ahYAD,Powertech Antivirus for IBM i-RenewalMaintenance,CS-PTA-RRM-PAIIRM,Renewal Maintenance,true,01sWC0000022GHFYA2,Fortra Price Book,USD,0,true
01uWC000005wsrVYAQ,01tWC00000DD1alYAD,Powertech Authority Broker for IBM i-NewMaintenance,CS-PAB-RNM-PABIIN,New Maintenance,true,01sWC0000022GHFYA2,Fortra Price Book,USD,0,true
01uWC000005wsrWYAQ,01tWC00000DD1anYAD,Powertech Authority Broker for IBM i-RenewalMaintenance,CS-PAB-RRM-PABIIR,Renewal Maintenance,true,01sWC0000022GHFYA2,Fortra Price Book,USD,0,true
01uWC000005wsrXYAQ,01tWC00000DD1apYAD,PowerTech Central Admin-NewMaintenance,CS-CLP-RNM-PTCANM,New Maintenance,true,01sWC0000022GHFYA2,Fortra Price Book,USD,0,true
01uWC000005wsrYYAQ,01tWC00000DD1arYAD,PowerTech Central Admin-RenewalMaintenance,CS-CLP-RRM-PTCARM,Renewal Maintenance,true,01sWC0000022GHFYA2,Fortra Price Book,USD,0,true
01uWC000005wsrZYAQ,01tWC00000DD17uYAD,Comprehensive i Bundle-RenewalMaintenance,DM-DML-RRM-CIBRM,Renewal Maintenance,true,01sWC0000022GHFYA2,Fortra Price Book,USD,0,true
01uWC000005wsraYAA,01tWC00000DD18FYAT,Core Access-NewMaintenance,IGA-AAS-RNM-CANM,New Maintenance,true,01sWC0000022GHFYA2,Fortra Price Book,USD,0,true
01uWC000005wsrbYAA,01tWC00000DD18HYAT,Core Access-RenewalMaintenance,IGA-AAS-RRM-CARM,Renewal Maintenance,true,01sWC0000022GHFYA2,Fortra Price Book,USD,0,true
01uWC000005wsrcYAA,01tWC00000DD18JYAT,Core Access Assurance Suite-NewMaintenance,IGA-AAS-RNM-CAASNM,New Maintenance,true,01sWC0000022GHFYA2,Fortra Price Book,USD,0,true
01uWC000005wsrdYAA,01tWC00000DD18LYAT,Core Access Assurance Suite-RenewalMaintenance,IGA-AAS-RRM-CAASRM,Renewal Maintenance,true,01sWC0000022GHFYA2,Fortra Price Book,USD,0,true
01uWC000005wsreYAA,01tWC00000DD18NYAT,Core Access Insight-NewMaintenance,IGA-CAI-RNM-CAINM,New Maintenance,true,01sWC0000022GHFYA2,Fortra Price Book,USD,0,true
01uWC000005wsrfYAA,01tWC00000DD18PYAT,Core Access Insight-RenewalMaintenance,IGA-CAI-RRM-CAIRM,Renewal Maintenance,true,01sWC0000022GHFYA2,Fortra Price Book,USD,0,true
01uWC000005wsrgYAA,01tWC00000DD18QYAT,Core Certify-NewMaintenance,IGA-VIS-RNM-CCNM,New Maintenance,true,01sWC0000022GHFYA2,Fortra Price Book,USD,0,true
01uWC000005wsrhYAA,01tWC00000DD18SYAT,Core Certify-RenewalMaintenance,IGA-VIS-RRM-CCRM,Renewal Maintenance,true,01sWC0000022GHFYA2,Fortra Price Book,USD,0,true
01uWC000005wsriYAA,01tWC00000DD18TYAT,Core Compliance-NewMaintenance,IGA-AAS-RNM-CORE,New Maintenance,true,01sWC0000022GHFYA2,Fortra Price Book,USD,0,true
01uWC000005wsrjYAA,01tWC00000DD18VYAT,Core Compliance-RenewalMaintenance,IGA-AAS-RRM-COREC,Renewal Maintenance,true,01sWC0000022GHFYA2,Fortra Price Book,USD,0,true
01uWC000005wsrkYAA,01tWC00000DD18XYAT,Core Connector Framework (RDK)-NewMaintenance,IGA-AAS-RNM-CCFRNM,New Maintenance,true,01sWC0000022GHFYA2,Fortra Price Book,USD,0,true
01uWC000005wsrlYAA,01tWC00000DD18ZYAT,Core Connector Framework (RDK)-RenewalMaintenance,IGA-AAS-RRM-CCFRRM,Renewal Maintenance,true,01sWC0000022GHFYA2,Fortra Price Book,USD,0,true
01uWC000005wsrmYAA,01tWC00000DD18bYAD,Core Connector Library-NewMaintenance,IGA-AAS-RNM-CCLNM,New Maintenance,true,01sWC0000022GHFYA2,Fortra Price Book,USD,0,true
01uWC000005wsrnYAA,01tWC00000DD18dYAD,Core Connector Library-RenewalMaintenance,IGA-AAS-RRM-CCLRM,Renewal Maintenance,true,01sWC0000022GHFYA2,Fortra Price Book,USD,0,true
01uWC000005wsroYAA,01tWC00000DD18pYAD,Core Impact-NewMaintenance,OS-CI-RNM-COIM,New Maintenance,true,01sWC0000022GHFYA2,Fortra Price Book,USD,0,true
01uWC000005wsrpYAA,01tWC00000DD18rYAD,Core Impact-RenewalMaintenance,OS-CI-RRM-COREI,Renewal Maintenance,true,01sWC0000022GHFYA2,Fortra Price Book,USD,0,true
01uWC000005wsrqYAA,01tWC00000DD18sYAD,Core Password-NewMaintenance,IGA-AAS-RNM-CPNM,New Maintenance,true,01sWC0000022GHFYA2,Fortra Price Book,USD,0,true
01uWC000005wsrrYAA,01tWC00000DD18uYAD,Core Password-RenewalMaintenance,IGA-AAS-RRM-CPRM,Renewal Maintenance,true,01sWC0000022GHFYA2,Fortra Price Book,USD,0,true
01uWC000005wsrsYAA,01tWC00000DD18wYAD,Core Provisioning-NewMaintenance,IGA-AAS-RNM-COPR,New Maintenance,true,01sWC0000022GHFYA2,Fortra Price Book,USD,0,true
01uWC000005wsrtYAA,01tWC00000DD18yYAD,Core Provisioning-RenewalMaintenance,IGA-AAS-RRM-COREP,Renewal Maintenance,true,01sWC0000022GHFYA2,Fortra Price Book,USD,0,true
01uWC000005wsruYAA,01tWC00000DD190YAD,Core Role Designer-NewMaintenance,IGA-VIS-RNM-CRDNM,New Maintenance,true,01sWC0000022GHFYA2,Fortra Price Book,USD,0,true
01uWC000005wsrvYAA,01tWC00000DD192YAD,Core Role Designer-RenewalMaintenance,IGA-VIS-RRM-CRDRM,Renewal Maintenance,true,01sWC0000022GHFYA2,Fortra Price Book,USD,0,true
01uWC000005wsrwYAA,01tWC00000DD196YAD,Costco Suite-NewMaintenance,SM-HCS-RNM-COSTNE,New Maintenance,true,01sWC0000022GHFYA2,Fortra Price Book,USD,0,true
01uWC000005wsrxYAA,01tWC00000DD198YAD,Costco Suite-RenewalMaintenance,SM-HCS-RRM-COSTRE,Renewal Maintenance,true,01sWC0000022GHFYA2,Fortra Price Book,USD,0,true
01uWC000005wsryYAA,01tWC00000DD19EYAT,CSV Converter-NewMaintenance,DM-IRC-RNM-CSVCNE,New Maintenance,true,01sWC0000022GHFYA2,Fortra Price Book,USD,0,true
01uWC000005wsrzYAA,01tWC00000DD1QHYA1,LPAR-RenewalMaintenance,SM-RLP-RRM-LPARRE,Renewal Maintenance,true,01sWC0000022GHFYA2,Fortra Price Book,USD,0,true
01uWC000005wss0YAA,01tWC00000DD1QJYA1,Lvl1: Message Management Suite-NewMaintenance,SM-LMM-RNM-LMMSNE,New Maintenance,true,01sWC0000022GHFYA2,Fortra Price Book,USD,0,true
01uWC000005wss1YAA,01tWC00000DD1QLYA1,Lvl1: Message Management Suite-RenewalMaintenance,SM-LMM-RRM-LMMSRE,Renewal Maintenance,true,01sWC0000022GHFYA2,Fortra Price Book,USD,0,true
01uWC000005wss2YAA,01tWC00000DD1QNYA1,Lvl2: Systems Operations Suite-NewMaintenance,SM-LSO-RNM-LSOSNE,New Maintenance,true,01sWC0000022GHFYA2,Fortra Price Book,USD,0,true
01uWC000005wss3YAA,01tWC00000DD1QPYA1,Lvl2: Systems Operations Suite-RenewalMaintenance,SM-LSO-RRM-LSOSRE,Renewal Maintenance,true,01sWC0000022GHFYA2,Fortra Price Book,USD,0,true
01uWC000005wss4YAA,01tWC00000DD1QRYA1,Lvl3: Advanced Automation Suite-NewMaintenance,SM-LAA-RNM-LAASNE,New Maintenance,true,01sWC0000022GHFYA2,Fortra Price Book,USD,0,true
01uWC000005wss5YAA,01tWC00000DD1QTYA1,Lvl3: Advanced Automation Suite-RenewalMaintenance,SM-LAA-RRM-LAASRE,Renewal Maintenance,true,01sWC0000022GHFYA2,Fortra Price Book,USD,0,true
01uWC000005wss6YAA,01tWC00000DD1QVYA1,Lvl4: Operations Center Suite-NewMaintenance,SM-LOC-RNM-LOCSNE,New Maintenance,true,01sWC0000022GHFYA2,Fortra Price Book,USD,0,true
01uWC000005wss7YAA,01tWC00000DD1QXYA1,Lvl4: Operations Center Suite-RenewalMaintenance,SM-LOC-RRM-LOCSRE,Renewal Maintenance,true,01sWC0000022GHFYA2,Fortra Price Book,USD,0,true
01uWC000005wss8YAA,01tWC00000DD1QZYA1,Mac Classifier-NewMaintenance,DP-DC-RNM-MACCNE,New Maintenance,true,01sWC0000022GHFYA2,Fortra Price Book,USD,0,true
01uWC000005wss9YAA,01tWC00000DD1QbYAL,Mac Classifier-RenewalMaintenance,DP-DC-RRM-MACCRE,Renewal Maintenance,true,01sWC0000022GHFYA2,Fortra Price Book,USD,0,true
01uWC000005wssAYAQ,01tWC00000DD1QjYAL,MCP Remote Support-NewMaintenance,SM-PN-RNM-MCPRNE,New Maintenance,true,01sWC0000022GHFYA2,Fortra Price Book,USD,0,true
01uWC000005wssBYAQ,01tWC00000DD1QlYAL,MCP Remote Support-RenewalMaintenance,SM-PN-RRM-MCPRRE,Renewal Maintenance,true,01sWC0000022GHFYA2,Fortra Price Book,USD,0,true
01uWC000005wssCYAQ,01tWC00000DD1QmYAL,Menu & Application Program-NewMaintenance,CS-DFT-RNM-MAPNEW,New Maintenance,true,01sWC0000022GHFYA2,Fortra Price Book,USD,0,true
01uWC000005wssDYAQ,01tWC00000DD1QoYAL,Menu & Application Program-RenewalMaintenance,CS-DFT-RRM-MAPREN,Renewal Maintenance,true,01sWC0000022GHFYA2,Fortra Price Book,USD,0,true
01uWC000005wssEYAQ,01tWC00000DD1QqYAL,Message Classification-NewMaintenance,DP-DC-RNM-MCNM,New Maintenance,true,01sWC0000022GHFYA2,Fortra Price Book,USD,0,true
01uWC000005wssFYAQ,01tWC00000DD1QsYAL,Message Classification-RenewalMaintenance,DP-DC-RRM-MCRM,Renewal Maintenance,true,01sWC0000022GHFYA2,Fortra Price Book,USD,0,true
01uWC000005wssGYAQ,01tWC00000DD1QtYAL,Message Classification & Classification for Office & Classification for Desktop Bundle-NewMaintenance,DP-DC-RNM-MCCOCD,New Maintenance,true,01sWC0000022GHFYA2,Fortra Price Book,USD,0,true
01uWC000005wssHYAQ,01tWC00000DD1QwYAL,Message Classification & Classification for Office & Classification for Desktop Bundle-RenewalMaintenance,DP-DC-RRM-MCCM,Renewal Maintenance,true,01sWC0000022GHFYA2,Fortra Price Book,USD,0,true
01uWC000005wssIYAQ,01tWC00000DD1QxYAL,Message Classification & Classification for Office Enterprise Bundle-NewMaintenance,DP-DC-RNM-MCCOEB,New Maintenance,true,01sWC0000022GHFYA2,Fortra Price Book,USD,0,true
01uWC000005wssJYAQ,01tWC00000DD1QzYAL,Message Classification & Classification for Office Enterprise Bundle-RenewalMaintenance,DP-DC-RRM-MECL,Renewal Maintenance,true,01sWC0000022GHFYA2,Fortra Price Book,USD,0,true
01uWC000005wssKYAQ,01tWC00000DD1R0YAL,Message Communicator-NewMaintenance,SM-SYM-RNM-MECO,New Maintenance,true,01sWC0000022GHFYA2,Fortra Price Book,USD,0,true
01uWC000005wssLYAQ,01tWC00000DD1R2YAL,Message Communicator-RenewalMaintenance,SM-SYM-RRM-MERM,Renewal Maintenance,true,01sWC0000022GHFYA2,Fortra Price Book,USD,0,true
01uWC000005wssMYAQ,01tWC00000DD1R4YAL,Message Manager-NewMaintenance,SM-SYM-RNM-MMNM,New Maintenance,true,01sWC0000022GHFYA2,Fortra Price Book,USD,0,true
01uWC000005wssNYAQ,01tWC00000DD1R6YAL,Message Manager-RenewalMaintenance,SM-SYM-RRM-MMRM,Renewal Maintenance,true,01sWC0000022GHFYA2,Fortra Price Book,USD,0,true
01uWC000005wssOYAQ,01tWC00000DD1R8YAL,MessengerConsole-NewMaintenance,SM-MES-RNM-MESSNE,New Maintenance,true,01sWC0000022GHFYA2,Fortra Price Book,USD,0,true
01uWC000005wssPYAQ,01tWC00000DD1RAYA1,MessengerConsole-RenewalMaintenance,SM-MES-RRM-MESSRE,Renewal Maintenance,true,01sWC0000022GHFYA2,Fortra Price Book,USD,0,true
01uWC000005wssQYAQ,01tWC00000DD1RCYA1,MessengerPlus-NewMaintenance,SM-MP-RNM-MPNM,New Maintenance,true,01sWC0000022GHFYA2,Fortra Price Book,USD,0,true
01uWC000005wssRYAQ,01tWC00000DD1REYA1,MessengerPlus-RenewalMaintenance,SM-MP-RRM-MPRM,Renewal Maintenance,true,01sWC0000022GHFYA2,Fortra Price Book,USD,0,true
01uWC000005wssSYAQ,01tWC00000DD1RGYA1,Metrics Catalog - PS-AM-NewMaintenance,CM-TQO-RNM-MCPANE,New Maintenance,true,01sWC0000022GHFYA2,Fortra Price Book,USD,0,true
01uWC000005wssTYAQ,01tWC00000DD1RIYA1,Metrics Catalog - PS-AM-RenewalMaintenance,CM-TQO-RRM-MCPARE,Renewal Maintenance,true,01sWC0000022GHFYA2,Fortra Price Book,USD,0,true
01uWC000005wssUYAQ,01tWC00000DD1RKYA1,Microsoft Office Add-Ins-NewMaintenance,DM-DML-RNM-MOAINE,New Maintenance,true,01sWC0000022GHFYA2,Fortra Price Book,USD,0,true
01uWC000005wssVYAQ,01tWC00000DD1RMYA1,Microsoft Office Add-Ins-RenewalMaintenance,DM-DML-RRM-MOAIRE,Renewal Maintenance,true,01sWC0000022GHFYA2,Fortra Price Book,USD,0,true
01uWC000005wssWYAQ,01tWC00000DD1RNYA1,Mizuno Suite-NewMaintenance,SM-HCS-RNM-MIZUNE,New Maintenance,true,01sWC0000022GHFYA2,Fortra Price Book,USD,0,true
01uWC000005wssXYAQ,01tWC00000DD1c8YAD,Powertech Password Self Help for IBM i-RenewalMaintenance,CS-PPS-RRM-PPSM,Renewal Maintenance,true,01sWC0000022GHFYA2,Fortra Price Book,USD,0,true
01uWC000005wssYYAQ,01tWC00000DD1cAYAT,Powertech Policy Minder for IBM i-NewMaintenance,CS-PPM-RNM-PPMIIN,New Maintenance,true,01sWC0000022GHFYA2,Fortra Price Book,USD,0,true
01uWC000005wssZYAQ,01tWC00000DD1cCYAT,Powertech Policy Minder for IBM i-RenewalMaintenance,CS-PPM-RRM-PPMIIR,Renewal Maintenance,true,01sWC0000022GHFYA2,Fortra Price Book,USD,0,true
01uWC000005wssaYAA,01tWC00000DD1cEYAT,Powertech Risk Assessor for IBM i-NewMaintenance,CS-PRA-RNM-PRAIIN,New Maintenance,true,01sWC0000022GHFYA2,Fortra Price Book,USD,0,true
01uWC000005wssbYAA,01tWC00000DD1cGYAT,Powertech Risk Assessor for IBM i-RenewalMaintenance,CS-PRA-RRM-PRAIIR,Renewal Maintenance,true,01sWC0000022GHFYA2,Fortra Price Book,USD,0,true
01uWC000005wsscYAA,01tWC00000DD1cIYAT,Powertech RSA SecurID Agent for IBM i-NewMaintenance,CS-RSA-RNM-PRSIAI,New Maintenance,true,01sWC0000022GHFYA2,Fortra Price Book,USD,0,true
01uWC000005wssdYAA,01tWC00000DD1cKYAT,Powertech RSA SecurID Agent for IBM i-RenewalMaintenance,CS-RSA-RRM-PRSM,Renewal Maintenance,true,01sWC0000022GHFYA2,Fortra Price Book,USD,0,true
01uWC000005wsseYAA,01tWC00000DD1cMYAT,Powertech Security Auditor-NewMaintenance,CS-PSA-RNM-PSANM,New Maintenance,true,01sWC0000022GHFYA2,Fortra Price Book,USD,0,true
01uWC000005wssfYAA,01tWC00000DD1cOYAT,Powertech Security Auditor-RenewalMaintenance,CS-PSA-RRM-PSARM,Renewal Maintenance,true,01sWC0000022GHFYA2,Fortra Price Book,USD,0,true
01uWC000005wssgYAA,01tWC00000DD1cTYAT,Powertech SIEM Agent for IBM i-NewMaintenance,CS-PSI-RNM-PSAIIN,New Maintenance,true,01sWC0000022GHFYA2,Fortra Price Book,USD,0,true
01uWC000005wsshYAA,01tWC00000DD1cVYAT,Powertech SIEM Agent for IBM i-RenewalMaintenance,CS-PSI-RRM-PSAIIR,Renewal Maintenance,true,01sWC0000022GHFYA2,Fortra Price Book,USD,0,true
01uWC000005wssiYAA,01tWC00000DD1cZYAT,PowerVM-NewMaintenance,SM-PN-RNM-POWENE,New Maintenance,true,01sWC0000022GHFYA2,Fortra Price Book,USD,0,true
01uWC000005wssjYAA,01tWC00000DD1cbYAD,PowerVM-RenewalMaintenance,SM-PN-RRM-POWERM,Renewal Maintenance,true,01sWC0000022GHFYA2,Fortra Price Book,USD,0,true
01uWC000005wsskYAA,01tWC00000DD1ckYAD,Productivity Enablement-NewMaintenance,BI-SQ-RNM-PRODNE,New Maintenance,true,01sWC0000022GHFYA2,Fortra Price Book,USD,0,true
01uWC000005wsslYAA,01tWC00000DD1cmYAD,Productivity Enablement-RenewalMaintenance,BI-SQ-RRM-PRODRE,Renewal Maintenance,true,01sWC0000022GHFYA2,Fortra Price Book,USD,0,true
01uWC000005wssmYAA,01tWC00000DD1d7YAD,Robot UPS-RenewalMaintenance,SM-SYM-RRM-RURM,Renewal Maintenance,true,01sWC0000022GHFYA2,Fortra Price Book,USD,0,true
01uWC000005wssnYAA,01tWC00000DD1dBYAT,Rodin Enterprise - Legacy-NewMaintenance,BI-SDW-RNM-RELNM,New Maintenance,true,01sWC0000022GHFYA2,Fortra Price Book,USD,0,true
01uWC000005wssoYAA,01tWC00000DD1dDYAT,Rodin Enterprise - Legacy-RenewalMaintenance,BI-SDW-RRM-RELRM,Renewal Maintenance,true,01sWC0000022GHFYA2,Fortra Price Book,USD,0,true
01uWC000005wsspYAA,01tWC00000DD1dEYAT,Rodin Runtime - Legacy-NewMaintenance,BI-SDW-RNM-RRLNM,New Maintenance,true,01sWC0000022GHFYA2,Fortra Price Book,USD,0,true
01uWC000005wssqYAA,01tWC00000DD1dGYAT,Rodin Runtime - Legacy-RenewalMaintenance,BI-SDW-RRM-RRLRM,Renewal Maintenance,true,01sWC0000022GHFYA2,Fortra Price Book,USD,0,true
01uWC000005wssrYAA,01tWC00000DD1dHYAT,RoleCourier-NewMaintenance,IGA-AAS-RNM-ROLENE,New Maintenance,true,01sWC0000022GHFYA2,Fortra Price Book,USD,0,true
01uWC000005wsssYAA,01tWC00000DD1dJYAT,RoleCourier-RenewalMaintenance,IGA-AAS-RRM-ROLERE,Renewal Maintenance,true,01sWC0000022GHFYA2,Fortra Price Book,USD,0,true
01uWC000005wsstYAA,01tWC00000DD1dKYAT,RPG Toolbox-NewMaintenance,DM-RPG-RNM-RPGTNE,New Maintenance,true,01sWC0000022GHFYA2,Fortra Price Book,USD,0,true
01uWC000005wssuYAA,01tWC00000DD1dMYAT,RPG Toolbox-RenewalMaintenance,DM-RPG-RRM-RPGTRE,Renewal Maintenance,true,01sWC0000022GHFYA2,Fortra Price Book,USD,0,true
01uWC000005wssvYAA,01tWC00000DD1dOYAT,RPG2SQL Integrator-NewMaintenance,DM-IBM-RNM-RPG2NE,New Maintenance,true,01sWC0000022GHFYA2,Fortra Price Book,USD,0,true
01uWC000005wsswYAA,01tWC00000DD1dQYAT,RPG2SQL Integrator-RenewalMaintenance,DM-IBM-RRM-RPG2RE,Renewal Maintenance,true,01sWC0000022GHFYA2,Fortra Price Book,USD,0,true
01uWC000005wssxYAA,01tWC00000DD1dSYAT,RTF Report Converter-NewMaintenance,DM-IRC-RNM-RTFRNE,New Maintenance,true,01sWC0000022GHFYA2,Fortra Price Book,USD,0,true
01uWC000005wssyYAA,01tWC00000DD1dUYAT,RTF Report Converter-RenewalMaintenance,DM-IRC-RRM-RTFRRE,Renewal Maintenance,true,01sWC0000022GHFYA2,Fortra Price Book,USD,0,true
01uWC000005wsszYAA,01tWC00000DD1dXYAT,SAFEmail Suite-NewMaintenance,DP-DCL-RNM-SAFENE,New Maintenance,true,01sWC0000022GHFYA2,Fortra Price Book,USD,0,true
01uWC000005wst0YAA,01tWC00000DD1dZYAT,SAFEmail Suite-RenewalMaintenance,DP-DCL-RRM-SAFERE,Renewal Maintenance,true,01sWC0000022GHFYA2,Fortra Price Book,USD,0,true
01uWC000005wst1YAA,01tWC00000DD1daYAD,Safestone Password Self Help-NewMaintenance,CS-SPS-RNM-SPSHNM,New Maintenance,true,01sWC0000022GHFYA2,Fortra Price Book,USD,0,true
01uWC000005wst2YAA,01tWC00000DD20MYAT,Classification for Desktop & Message Classification Enterprise & Classification for Office Enterprise Bundle-NewMaintenance,DP-DC-RNM-CDMEBNM,New Maintenance,true,01sWC0000022GHFYA2,Fortra Price Book,USD,0,true
01uWC000005wst3YAA,01tWC00000DD20NYAT,Classification for Desktop & Message Classification Enterprise & Classification for Office Enterprise Bundle-RenewalMaintenance,DP-DC-RRM-CDMEBRM,Renewal Maintenance,true,01sWC0000022GHFYA2,Fortra Price Book,USD,0,true
01uWC000005wst4YAA,01tWC00000DD20OYAT,Classification for Office Ultra & Message Classification Bundle-RenewalMaintenance,DP-DC-RRM-COUMCBRM,Renewal Maintenance,true,01sWC0000022GHFYA2,Fortra Price Book,USD,0,true
01uWC000005wst5YAA,01tWC00000DD20PYAT,Classification for Office Ultra & Message Classification Bundle-NewMaintenance,DP-DC-RNM-COUMCBNM,New Maintenance,true,01sWC0000022GHFYA2,Fortra Price Book,USD,0,true
01uWC000005wst6YAA,01tWC00000DD20UYAT,Message Classification & Classification for Office & Classification for Desktop Bundle - Enterprise-RenewalMaintenance,DP-DC-RRM-MCCDBERM,Renewal Maintenance,true,01sWC0000022GHFYA2,Fortra Price Book,USD,0,true
01uWC000005wst7YAA,01tWC00000DD20VYAT,Message Classification & Classification for Office & Classification for Desktop Bundle - Enterprise-NewMaintenance,DP-DC-RNM-MCCDBENM,New Maintenance,true,01sWC0000022GHFYA2,Fortra Price Book,USD,0,true
01uWC000005wst8YAA,01tWC00000DD20WYAT,Message Classification & Classification for Office & Classification for Desktop Bundle - Standard-RenewalMaintenance,DP-DC-RRM-MCCDBSRM,Renewal Maintenance,true,01sWC0000022GHFYA2,Fortra Price Book,USD,0,true
01uWC000005wst9YAA,01tWC00000DD20XYAT,Message Classification & Classification for Office & Classification for Desktop Bundle - Standard-NewMaintenance,DP-DC-RNM-MCCDBSNM,New Maintenance,true,01sWC0000022GHFYA2,Fortra Price Book,USD,0,true
01uWC000005wstAYAQ,01tWC00000DD20YYAT,Device Profiler 700-NewMaintenance,FIM-FIM-RNM-DP7NM,New Maintenance,true,01sWC0000022GHFYA2,Fortra Price Book,USD,0,true
01uWC000005wstBYAQ,01tWC00000DD20ZYAT,DP Ev - EVAL-RenewalMaintenance,FIM-FIM-RRM-DEERM,Renewal Maintenance,true,01sWC0000022GHFYA2,Fortra Price Book,USD,0,true
01uWC000005wsunYAA,01tWC00000DD20aYAD,DP Ev - EVAL-NewMaintenance,FIM-FIM-RNM-DEENM,New Maintenance,true,01sWC0000022GHFYA2,Fortra Price Book,USD,0,true
01uWC000005wsuoYAA,01tWC00000DD20bYAD,IP360 - EVAL-RenewalMaintenance,FIM-FIM-RRM-IERM,Renewal Maintenance,true,01sWC0000022GHFYA2,Fortra Price Book,USD,0,true
01uWC000005wsupYAA,01tWC00000DD20cYAD,IP360 - EVAL-NewMaintenance,FIM-FIM-RNM-IENM,New Maintenance,true,01sWC0000022GHFYA2,Fortra Price Book,USD,0,true
01uWC000005wsuqYAA,01tWC00000DD20dYAD,Tripwire Enterprise Console - MySQL Backend - EVAL-RenewalMaintenance,FIM-FIM-RRM-TECMBERM,Renewal Maintenance,true,01sWC0000022GHFYA2,Fortra Price Book,USD,0,true
01uWC000005wsurYAA,01tWC00000DD20eYAD,Tripwire Enterprise Console - MySQL Backend - EVAL-NewMaintenance,FIM-FIM-RNM-TECMBENM,New Maintenance,true,01sWC0000022GHFYA2,Fortra Price Book,USD,0,true
01uWC000005wsusYAA,01tWC00000DD20fYAD,Tripwire Enterprise for Databases - EVAL-RenewalMaintenance,FIM-FIM-RRM-TEDEVRM,Renewal Maintenance,true,01sWC0000022GHFYA2,Fortra Price Book,USD,0,true
01uWC000005wsutYAA,01tWC00000DD20gYAD,Tripwire Enterprise for Databases - EVAL-NewMaintenance,FIM-FIM-RNM-TEDEVNM,New Maintenance,true,01sWC0000022GHFYA2,Fortra Price Book,USD,0,true
01uWC000005wsuuYAA,01tWC00000DD20hYAD,Tripwire Enterprise for Directory Services - EVAL-RenewalMaintenance,FIM-FIM-RRM-TEDSERM,Renewal Maintenance,true,01sWC0000022GHFYA2,Fortra Price Book,USD,0,true
01uWC000005wsuvYAA,01tWC00000DD20iYAD,Tripwire Enterprise for Directory Services - EVAL-NewMaintenance,FIM-FIM-RNM-TEDSENM,New Maintenance,true,01sWC0000022GHFYA2,Fortra Price Book,USD,0,true
01uWC000005wsuwYAA,01tWC00000DD20jYAD,Tripwire Enterprise for Desktops - EVAL-RenewalMaintenance,FIM-FIM-RRM-TEDERM,Renewal Maintenance,true,01sWC0000022GHFYA2,Fortra Price Book,USD,0,true
01uWC000005wsuxYAA,01tWC00000DD20kYAD,Tripwire Enterprise for Desktops - EVAL-NewMaintenance,FIM-FIM-RNM-TEDENM,New Maintenance,true,01sWC0000022GHFYA2,Fortra Price Book,USD,0,true
01uWC000005wsuyYAA,01tWC00000DD20lYAD,Tripwire Enterprise for Industrial Devices-NewMaintenance,FIM-FIM-RNM-TEIDNM,New Maintenance,true,01sWC0000022GHFYA2,Fortra Price Book,USD,0,true
01uWC000005wsuzYAA,01tWC00000DD20mYAD,Tripwire Enterprise for Network Devices - EVAL-RenewalMaintenance,FIM-FIM-RRM-TENDERM,Renewal Maintenance,true,01sWC0000022GHFYA2,Fortra Price Book,USD,0,true
01uWC000005wsv0YAA,01tWC00000DD20nYAD,Tripwire Enterprise for Network Devices - EVAL-NewMaintenance,FIM-FIM-RNM-TENDENM,New Maintenance,true,01sWC0000022GHFYA2,Fortra Price Book,USD,0,true
01uWC000005wsv1YAA,01tWC00000DD20oYAD,Tripwire Enterprise for TIV-RenewalMaintenance,FIM-FIM-RRM-TETRM,Renewal Maintenance,true,01sWC0000022GHFYA2,Fortra Price Book,USD,0,true
01uWC000005wsv2YAA,01tWC00000DD20pYAD,Tripwire Enterprise for TIV-NewMaintenance,FIM-FIM-RNM-TETNM,New Maintenance,true,01sWC0000022GHFYA2,Fortra Price Book,USD,0,true
01uWC000005wsv3YAA,01tWC00000DD20yYAD,"Titus Classification Suite, Illuminate and Ionic Connector-RenewalMaintenance",DP-DC-RRM-TCSIICRM,Renewal Maintenance,true,01sWC0000022GHFYA2,Fortra Price Book,USD,0,true
01uWC000005wsv4YAA,01tWC00000DD20zYAD,"Titus Classification Suite, Illuminate and Ionic Connector-NewMaintenance",DP-DC-RNM-TCSIICNM,New Maintenance,true,01sWC0000022GHFYA2,Fortra Price Book,USD,0,true
01uWC000005wsv5YAA,01tWC00000DD1klYAD,Showcase Client Reporting-NewMaintenance,BI-CRO-RNM-SCRNM,New Maintenance,true,01sWC0000022GHFYA2,Fortra Price Book,USD,0,true
01uWC000005wsv6YAA,01tWC00000DD1knYAD,Showcase Client Reporting-RenewalMaintenance,BI-CRO-RRM-SCRRM,Renewal Maintenance,true,01sWC0000022GHFYA2,Fortra Price Book,USD,0,true
01uWC000005wsv7YAA,01tWC00000DD1kpYAD,Sequel Repository-NewMaintenance,BI-QRW-RNM-SREPNM,New Maintenance,true,01sWC0000022GHFYA2,Fortra Price Book,USD,0,true
01uWC000005wsv8YAA,01tWC00000DD1krYAD,Sequel Repository-RenewalMaintenance,BI-QRW-RRM-SREPRM,Renewal Maintenance,true,01sWC0000022GHFYA2,Fortra Price Book,USD,0,true
01uWC000005wsv9YAA,01tWC00000DD1kxYAD,SignHere-NewMaintenance,DM-SH-RNM-SIGNNE,New Maintenance,true,01sWC0000022GHFYA2,Fortra Price Book,USD,0,true
01uWC000005wsvAYAQ,01tWC00000DD1kzYAD,SignHere-RenewalMaintenance,DM-SH-RRM-SIGNRE,Renewal Maintenance,true,01sWC0000022GHFYA2,Fortra Price Book,USD,0,true
01uWC000005wsvBYAQ,01tWC00000DD1l1YAD,SignHere Legacy-NewMaintenance,DM-SH-RNM-SIGNLN,New Maintenance,true,01sWC0000022GHFYA2,Fortra Price Book,USD,0,true
01uWC000005wsvCYAQ,01tWC00000DD1l3YAD,SignHere Legacy-RenewalMaintenance,DM-SH-RRM-SIGNLR,Renewal Maintenance,true,01sWC0000022GHFYA2,Fortra Price Book,USD,0,true
01uWC000005wsvDYAQ,01tWC00000DD1lAYAT,SMTP/400 Email Send API-NewMaintenance,DM-EU-RNM-SMTPNE,New Maintenance,true,01sWC0000022GHFYA2,Fortra Price Book,USD,0,true
01uWC000005wsvEYAQ,01tWC00000DD1lCYAT,SMTP/400 Email Send API-RenewalMaintenance,DM-EU-RRM-SMTPRE,Renewal Maintenance,true,01sWC0000022GHFYA2,Fortra Price Book,USD,0,true
01uWC000005wsvFYAQ,01tWC00000DD1lEYAT,Snapshot/TSC-NewMaintenance,SM-SNP-RNM-SNAPNE,New Maintenance,true,01sWC0000022GHFYA2,Fortra Price Book,USD,0,true
01uWC000005wsvGYAQ,01tWC00000DD1lGYAT,Snapshot/TSC-RenewalMaintenance,SM-SNP-RRM-SNAPRE,Renewal Maintenance,true,01sWC0000022GHFYA2,Fortra Price Book,USD,0,true
01uWC000005wsvHYAQ,01tWC00000DD1lPYAT,Software - Misc-NewMaintenance,DM-DML-RNM-SOFTNE,New Maintenance,true,01sWC0000022GHFYA2,Fortra Price Book,USD,0,true
01uWC000005wsvIYAQ,01tWC00000DD1lRYAT,Software - Misc-RenewalMaintenance,DM-DML-RRM-SOFTRE,Renewal Maintenance,true,01sWC0000022GHFYA2,Fortra Price Book,USD,0,true
01uWC000005wsvJYAQ,01tWC00000DD1lSYAT,Spooled File Manager-NewMaintenance,SM-SFM-RNM-SFMNM,New Maintenance,true,01sWC0000022GHFYA2,Fortra Price Book,USD,0,true
01uWC000005wsvKYAQ,01tWC00000DD1lUYAT,Spooled File Manager-RenewalMaintenance,SM-SFM-RRM-SFMRM,Renewal Maintenance,true,01sWC0000022GHFYA2,Fortra Price Book,USD,0,true
01uWC000005wsvLYAQ,01tWC00000DD1lWYAT,Spooled File Mgr-DMS-NewMaintenance,SM-SFM-RNM-SFMDNM,New Maintenance,true,01sWC0000022GHFYA2,Fortra Price Book,USD,0,true
01uWC000005wsvMYAQ,01tWC00000DD1lYYAT,Spooled File Mgr-DMS-RenewalMaintenance,SM-SFM-RRM-SFMDRM,Renewal Maintenance,true,01sWC0000022GHFYA2,Fortra Price Book,USD,0,true
01uWC000005wsvNYAQ,01tWC00000DD1laYAD,Spreadsheet Conv Bundle-NewMaintenance,DM-DML-RNM-SCBNEW,New Maintenance,true,01sWC0000022GHFYA2,Fortra Price Book,USD,0,true
01uWC000005wsvOYAQ,01tWC00000DD1lcYAD,Spreadsheet Conv Bundle-RenewalMaintenance,DM-DML-RRM-SCBREN,Renewal Maintenance,true,01sWC0000022GHFYA2,Fortra Price Book,USD,0,true
01uWC000005wsvPYAQ,01tWC00000DD1leYAD,Standard Core Connectors - In Product-NewMaintenance,IGA-AAS-RNM-SCCIPN,New Maintenance,true,01sWC0000022GHFYA2,Fortra Price Book,USD,0,true
01uWC000005wsvQYAQ,01tWC00000DD1lgYAD,Standard Core Connectors - In Product-RenewalMaintenance,IGA-AAS-RRM-SCCIPR,Renewal Maintenance,true,01sWC0000022GHFYA2,Fortra Price Book,USD,0,true
01uWC000005wsvRYAQ,01tWC00000DD1liYAD,Standard Core Connectors - Standard Delivery-NewMaintenance,IGA-AAS-RNM-SCCSDN,New Maintenance,true,01sWC0000022GHFYA2,Fortra Price Book,USD,0,true
01uWC000005wsvSYAQ,01tWC00000DD1lkYAD,Standard Core Connectors - Standard Delivery-RenewalMaintenance,IGA-AAS-RRM-SCCSDR,Renewal Maintenance,true,01sWC0000022GHFYA2,Fortra Price Book,USD,0,true
01uWC000005wsvTYAQ,01tWC00000DD1loYAD,Structural Sanitization For SECURE Email Gateway-NewMaintenance,ES-SEG-RNM-SSSEGN,New Maintenance,true,01sWC0000022GHFYA2,Fortra Price Book,USD,0,true
01uWC000005wsvUYAQ,01tWC00000DD1lqYAD,Structural Sanitization For SECURE Email Gateway-RenewalMaintenance,ES-SEG-RRM-SSSEGR,Renewal Maintenance,true,01sWC0000022GHFYA2,Fortra Price Book,USD,0,true
01uWC000005wsvVYAQ,01tWC00000DD1lsYAD,Structural Sanitization For SECURE Exchange Gateway-NewMaintenance,ES-SXG-RNM-SSSEXC,New Maintenance,true,01sWC0000022GHFYA2,Fortra Price Book,USD,0,true
01uWC000005wsvWYAQ,01tWC00000DD1luYAD,Structural Sanitization For SECURE Exchange Gateway-RenewalMaintenance,ES-SXG-RRM-SSSEXR,Renewal Maintenance,true,01sWC0000022GHFYA2,Fortra Price Book,USD,0,true
01uWC000005wsvXYAQ,01tWC00000DD1lwYAD,Structural Sanitization For SECURE ICAP Gateway-NewMaintenance,ES-SIG-RNM-SSSICA,New Maintenance,true,01sWC0000022GHFYA2,Fortra Price Book,USD,0,true
01uWC000005wsvYYAQ,01tWC00000DD1lyYAD,Structural Sanitization For SECURE ICAP Gateway-RenewalMaintenance,ES-SIG-RRM-SSSIGR,Renewal Maintenance,true,01sWC0000022GHFYA2,Fortra Price Book,USD,0,true
01uWC000005wsvZYAQ,01tWC00000DD1m0YAD,Structural Sanitization For SECURE ICAP Gateway Per Instance-NewMaintenance,ES-SIG-RNM-SSSICG,New Maintenance,true,01sWC0000022GHFYA2,Fortra Price Book,USD,0,true
01uWC000005wsvaYAA,01tWC00000DD1m1YAD,Structural Sanitization For SECURE ICAP Gateway Per Instance-RenewalMaintenance,ES-SIG-RRM-SSSICR,Renewal Maintenance,true,01sWC0000022GHFYA2,Fortra Price Book,USD,0,true
01uWC000005wsvbYAA,01tWC00000DD19GYAT,CSV Converter-RenewalMaintenance,DM-IRC-RRM-CSVCRE,Renewal Maintenance,true,01sWC0000022GHFYA2,Fortra Price Book,USD,0,true
01uWC000005wsvcYAA,01tWC00000DD19LYAT,Custom Bundle-NewMaintenance,DM-DML-RNM-CUSTNE,New Maintenance,true,01sWC0000022GHFYA2,Fortra Price Book,USD,0,true
01uWC000005wsvdYAA,01tWC00000DD19NYAT,Custom Bundle-RenewalMaintenance,DM-DML-RRM-CUSTRE,Renewal Maintenance,true,01sWC0000022GHFYA2,Fortra Price Book,USD,0,true
01uWC000005wsveYAA,01tWC00000DD19YYAT,Data Acquisition-NewMaintenance,BI-SDW-RNM-DANM,New Maintenance,true,01sWC0000022GHFYA2,Fortra Price Book,USD,0,true
01uWC000005wsvfYAA,01tWC00000DD19aYAD,Data Acquisition-RenewalMaintenance,BI-SDW-RRM-DARM,Renewal Maintenance,true,01sWC0000022GHFYA2,Fortra Price Book,USD,0,true
01uWC000005wsvgYAA,01tWC00000DD19cYAD,Data Classification-NewMaintenance,DP-DC-RNM-DCNM,New Maintenance,true,01sWC0000022GHFYA2,Fortra Price Book,USD,0,true
01uWC000005wsvhYAA,01tWC00000DD19eYAD,Data Classification-RenewalMaintenance,DP-DC-RRM-DCRM,Renewal Maintenance,true,01sWC0000022GHFYA2,Fortra Price Book,USD,0,true
01uWC000005wsviYAA,01tWC00000DD19iYAD,Data Export/400 - Legacy-NewMaintenance,DM-EU-RNM-DE4LNM,New Maintenance,true,01sWC0000022GHFYA2,Fortra Price Book,USD,0,true
01uWC000005wsvjYAA,01tWC00000DD19kYAD,Data Export/400 - Legacy-RenewalMaintenance,DM-EU-RRM-DE4LRM,Renewal Maintenance,true,01sWC0000022GHFYA2,Fortra Price Book,USD,0,true
01uWC000005wsvkYAA,01tWC00000DD1B0YAL,DealerTrack Bundle-NewMaintenance,DM-DOE-RNM-DTBNEW,New Maintenance,true,01sWC0000022GHFYA2,Fortra Price Book,USD,0,true
01uWC000005wsvlYAA,01tWC00000DD1B2YAL,DealerTrack Bundle-RenewalMaintenance,DM-DOE-RRM-DTBREN,Renewal Maintenance,true,01sWC0000022GHFYA2,Fortra Price Book,USD,0,true
01uWC000005wsvmYAA,01tWC00000DD1B3YAL,DeliverNow - Legacy-NewMaintenance,DM-DLN-RNM-DELILN,New Maintenance,true,01sWC0000022GHFYA2,Fortra Price Book,USD,0,true
01uWC000005wsvnYAA,01tWC00000DD1B5YAL,DeliverNow - Legacy-RenewalMaintenance,DM-DLN-RRM-DELILR,Renewal Maintenance,true,01sWC0000022GHFYA2,Fortra Price Book,USD,0,true
01uWC000005wsvoYAA,01tWC00000DD1B6YAL,DeliverNow-NewMaintenance,DM-DLN-RNM-DELINE,New Maintenance,true,01sWC0000022GHFYA2,Fortra Price Book,USD,0,true
01uWC000005wsvpYAA,01tWC00000DD1B8YAL,DeliverNow-RenewalMaintenance,DM-DLN-RRM-DELIRE,Renewal Maintenance,true,01sWC0000022GHFYA2,Fortra Price Book,USD,0,true
01uWC000005wsvqYAA,01tWC00000DD1BDYA1,Deployment Bundle-NewMaintenance,BI-DB-RNM-DEPLNE,New Maintenance,true,01sWC0000022GHFYA2,Fortra Price Book,USD,0,true
01uWC000005wsvrYAA,01tWC00000DD1BFYA1,Deployment Bundle-RenewalMaintenance,BI-DB-RRM-DEPLRE,Renewal Maintenance,true,01sWC0000022GHFYA2,Fortra Price Book,USD,0,true
01uWC000005wsvsYAA,01tWC00000DD1BIYA1,DetectIT-NewMaintenance,CS-DFT-RNM-DETENE,New Maintenance,true,01sWC0000022GHFYA2,Fortra Price Book,USD,0,true
01uWC000005wsvtYAA,01tWC00000DD1BKYA1,DetectIT-RenewalMaintenance,CS-DFT-RRM-DETERE,Renewal Maintenance,true,01sWC0000022GHFYA2,Fortra Price Book,USD,0,true
01uWC000005wsvuYAA,01tWC00000DD1BZYA1,Device Profiler Ev Non-Transferable Unlimited Use-NewMaintenance,FIM-FIM-RNM-DPENTU,New Maintenance,true,01sWC0000022GHFYA2,Fortra Price Book,USD,0,true
01uWC000005wsvvYAA,01tWC00000DD1BhYAL,DG Management Console-NewMaintenance,DP-DLP-RNM-DGDMCN,New Maintenance,true,01sWC0000022GHFYA2,Fortra Price Book,USD,0,true
01uWC000005wsvwYAA,01tWC00000DD1BjYAL,DG Management Console-RenewalMaintenance,DP-DLP-RRM-DGDMCR,Renewal Maintenance,true,01sWC0000022GHFYA2,Fortra Price Book,USD,0,true
01uWC000005wsvxYAA,01tWC00000DD1BpYAL,DG VM-NewMaintenance,DP-DLP-RNM-DGDVMN,New Maintenance,true,01sWC0000022GHFYA2,Fortra Price Book,USD,0,true
01uWC000005wsvyYAA,01tWC00000DD1BrYAL,DG VM-RenewalMaintenance,DP-DLP-RRM-DGDVMR,Renewal Maintenance,true,01sWC0000022GHFYA2,Fortra Price Book,USD,0,true
01uWC000005wsvzYAA,01tWC00000DD1BuYAL,Digital Guardian Platinum-NewMaintenance,DP-DLP-RNM-DGPNM,New Maintenance,true,01sWC0000022GHFYA2,Fortra Price Book,USD,0,true
01uWC000005wsw0YAA,01tWC00000DD1BwYAL,Digital Guardian Platinum-RenewalMaintenance,DP-DLP-RRM-DGPRM,Renewal Maintenance,true,01sWC0000022GHFYA2,Fortra Price Book,USD,0,true
01uWC000005wsw1YAA,01tWC00000DD1y2YAD,WinSpool Web Report Server-RenewalMaintenance,DM-DML-RRM-WSWRSR,Renewal Maintenance,true,01sWC0000022GHFYA2,Fortra Price Book,USD,0,true
01uWC000005wsw2YAA,01tWC00000DD1y3YAD,WinView-NewMaintenance,DM-DML-RNM-WINVNE,New Maintenance,true,01sWC0000022GHFYA2,Fortra Price Book,USD,0,true
01uWC000005wsw3YAA,01tWC00000DD1y5YAD,WinView-RenewalMaintenance,DM-DML-RRM-WINVRE,Renewal Maintenance,true,01sWC0000022GHFYA2,Fortra Price Book,USD,0,true
01uWC000005wsw4YAA,01tWC00000DD210YAD,CCM - EVAL-RenewalMaintenance,FIM-FIM-RRM-CCMEVRM,Renewal Maintenance,true,01sWC0000022GHFYA2,Fortra Price Book,USD,0,true
01uWC000005wsw5YAA,01tWC00000DD211YAD,CCM - EVAL-NewMaintenance,FIM-FIM-RNM-CCMEVNM,New Maintenance,true,01sWC0000022GHFYA2,Fortra Price Book,USD,0,true
01uWC000005wsw6YAA,01tWC00000DD212YAD,FORTRAVM - EVAL-RenewalMaintenance,FIM-FIM-RRM-FERM,Renewal Maintenance,true,01sWC0000022GHFYA2,Fortra Price Book,USD,0,true
01uWC000005wsw7YAA,01tWC00000DD213YAD,FORTRAVM - EVAL-NewMaintenance,FIM-FIM-RNM-FENM,New Maintenance,true,01sWC0000022GHFYA2,Fortra Price Book,USD,0,true
01uWC000005wsw8YAA,01tWC00000DD214YAD,Tripwire Connect Local-NewMaintenance,FIM-FIM-RNM-TCLNM,New Maintenance,true,01sWC0000022GHFYA2,Fortra Price Book,USD,0,true
01uWC000005wsw9YAA,01tWC00000DD215YAD,Tripwire Industrial Appliance-RenewalMaintenance,FIM-FIM-RRM-TIARM,Renewal Maintenance,true,01sWC0000022GHFYA2,Fortra Price Book,USD,0,true
01uWC000005wswAYAQ,01tWC00000DD216YAD,Tripwire Industrial Appliance-NewMaintenance,FIM-FIM-RNM-TIANM,New Maintenance,true,01sWC0000022GHFYA2,Fortra Price Book,USD,0,true
01uWC000005wswBYAQ,01tWC00000DD1sjYAD,VMC - Visual Message Center Dashboards-RenewalMaintenance,SM-VMC-RRM-VVMM,Renewal Maintenance,true,01sWC0000022GHFYA2,Fortra Price Book,USD,0,true
01uWC000005wswCYAQ,01tWC00000DD217YAD,Tripwire Manager - EVAL-RenewalMaintenance,FIM-FIM-RRM-TMERM,Renewal Maintenance,true,01sWC0000022GHFYA2,Fortra Price Book,USD,0,true
01uWC000005wswDYAQ,01tWC00000DD218YAD,Tripwire Manager - EVAL-NewMaintenance,FIM-FIM-RNM-TMENM,New Maintenance,true,01sWC0000022GHFYA2,Fortra Price Book,USD,0,true
01uWC000005wswEYAQ,01tWC00000DD219YAD,Tripwire for Server-SUL-Lic-RenewalMaintenance,FIM-FML-RRM-TSSLRM,Renewal Maintenance,true,01sWC0000022GHFYA2,Fortra Price Book,USD,0,true
01uWC000005wswFYAQ,01tWC00000DD21AYAT,Tripwire for Server-SUL-Lic-NewMaintenance,FIM-FML-RNM-TSSLNM,New Maintenance,true,01sWC0000022GHFYA2,Fortra Price Book,USD,0,true
01uWC000005wswGYAQ,01tWC00000DD21BYAT,Tripwire State Analyzer Upgrade-RenewalMaintenance,FIM-FML-RRM-TSAURM,Renewal Maintenance,true,01sWC0000022GHFYA2,Fortra Price Book,USD,0,true
01uWC000005wswHYAQ,01tWC00000DD21CYAT,Tripwire State Analyzer Upgrade-NewMaintenance,FIM-FML-RNM-TSAUNM,New Maintenance,true,01sWC0000022GHFYA2,Fortra Price Book,USD,0,true
01uWC000005wswIYAQ,01tWC00000DD21DYAT,Tripwire Log Center - EVAL-RenewalMaintenance,FIM-TLC-RRM-TLCERM,Renewal Maintenance,true,01sWC0000022GHFYA2,Fortra Price Book,USD,0,true
01uWC000005wswJYAQ,01tWC00000DD21EYAT,Tripwire Log Center - EVAL-NewMaintenance,FIM-TLC-RNM-TLCENM,New Maintenance,true,01sWC0000022GHFYA2,Fortra Price Book,USD,0,true
01uWC000005wswKYAQ,01tWC00000DD21FYAT,Tripwire Log Center for Desktops - EVAL-RenewalMaintenance,FIM-TLC-RRM-TLCDERM,Renewal Maintenance,true,01sWC0000022GHFYA2,Fortra Price Book,USD,0,true
01uWC000005wswLYAQ,01tWC00000DD21GYAT,Tripwire Log Center for Desktops - EVAL-NewMaintenance,FIM-TLC-RNM-TLCDENM,New Maintenance,true,01sWC0000022GHFYA2,Fortra Price Book,USD,0,true
01uWC000005wswMYAQ,01tWC00000DD21HYAT,Tripwire Log Center for File Systems - EVAL-RenewalMaintenance,FIM-TLC-RRM-TLCFSERM,Renewal Maintenance,true,01sWC0000022GHFYA2,Fortra Price Book,USD,0,true
01uWC000005wswNYAQ,01tWC00000DD21IYAT,Tripwire Log Center for File Systems - EVAL-NewMaintenance,FIM-TLC-RNM-TLCFSENM,New Maintenance,true,01sWC0000022GHFYA2,Fortra Price Book,USD,0,true
01uWC000005wswOYAQ,01tWC00000DD1slYAD,VMC - Visual Message Center Goals-NewMaintenance,SM-VMC-RNM-VMVI,New Maintenance,true,01sWC0000022GHFYA2,Fortra Price Book,USD,0,true
01uWC000005wswPYAQ,01tWC00000DD1snYAD,VMC - Visual Message Center Goals-RenewalMaintenance,SM-VMC-RRM-VMCVI,Renewal Maintenance,true,01sWC0000022GHFYA2,Fortra Price Book,USD,0,true
01uWC000005wswQYAQ,01tWC00000DD1spYAD,VMC - VMware Operations Agent-NewMaintenance,SM-VMC-RNM-VVOM,New Maintenance,true,01sWC0000022GHFYA2,Fortra Price Book,USD,0,true
01uWC000005wswRYAQ,01tWC00000DD1srYAD,VMC - VMware Operations Agent-RenewalMaintenance,SM-VMC-RRM-VMVM,Renewal Maintenance,true,01sWC0000022GHFYA2,Fortra Price Book,USD,0,true
01uWC000005wswSYAQ,01tWC00000DD1stYAD,VMC - VMware Security Agent-NewMaintenance,SM-VMC-RNM-VVSM,New Maintenance,true,01sWC0000022GHFYA2,Fortra Price Book,USD,0,true
01uWC000005wswTYAQ,01tWC00000DD1svYAD,VMC - VMware Security Agent-RenewalMaintenance,SM-VMC-RRM-VMCVM,Renewal Maintenance,true,01sWC0000022GHFYA2,Fortra Price Book,USD,0,true
01uWC000005wswUYAQ,01tWC00000DD1sxYAD,VMC - Web Availability & Response Time Agent-NewMaintenance,SM-VMC-RNM-VMCW,New Maintenance,true,01sWC0000022GHFYA2,Fortra Price Book,USD,0,true
01uWC000005wswVYAQ,01tWC00000DD1szYAD,VMC - Web Availability & Response Time Agent-RenewalMaintenance,SM-VMC-RRM-VWAM,Renewal Maintenance,true,01sWC0000022GHFYA2,Fortra Price Book,USD,0,true
01uWC000005wswWYAQ,01tWC00000DD1t1YAD,VMC - WebSphere Application Server Operations Agent-NewMaintenance,SM-VMC-RNM-VWSM,New Maintenance,true,01sWC0000022GHFYA2,Fortra Price Book,USD,0,true
01uWC000005wswXYAQ,01tWC00000DD1u8YAD,Unisys - TeamQuest Harvest MCP-OTC-NewMaintenance,CM-TQU-RNM-UTQHMO,New Maintenance,true,01sWC0000022GHFYA2,Fortra Price Book,USD,0,true
01uWC000005wswYYAQ,01tWC00000DD1uAYAT,Unisys - TeamQuest Harvest MCP-OTC-RenewalMaintenance,CM-TQU-RRM-UNITEA,Renewal Maintenance,true,01sWC0000022GHFYA2,Fortra Price Book,USD,0,true
01uWC000005wswZYAQ,01tWC00000DD1uDYAT,Unisys - TeamQuest IACULL OS2200-OTC-NewMaintenance,CM-TQU-RNM-UTQIOO,New Maintenance,true,01sWC0000022GHFYA2,Fortra Price Book,USD,0,true
01uWC000005wswaYAA,01tWC00000DD1uFYAT,Unisys - TeamQuest IACULL OS2200-OTC-RenewalMaintenance,CM-TQU-RRM-UNISTQ,Renewal Maintenance,true,01sWC0000022GHFYA2,Fortra Price Book,USD,0,true
01uWC000005wswbYAA,01tWC00000DD1xeYAD,WinSpool Email Report Server-RenewalMaintenance,DM-DML-RRM-WSERSR,Renewal Maintenance,true,01sWC0000022GHFYA2,Fortra Price Book,USD,0,true
01uWC000005wswcYAA,01tWC00000DD1xfYAD,WinSpool Fax Report Server-NewMaintenance,DM-DML-RNM-WSFRSN,New Maintenance,true,01sWC0000022GHFYA2,Fortra Price Book,USD,0,true
01uWC000005wswdYAA,01tWC00000DD1xhYAD,WinSpool Fax Report Server-RenewalMaintenance,DM-DML-RRM-WSFRSR,Renewal Maintenance,true,01sWC0000022GHFYA2,Fortra Price Book,USD,0,true
01uWC000005wsweYAA,01tWC00000DD1xiYAD,WinSpool HTML Report Converter-NewMaintenance,DM-DML-RNM-WSHRCN,New Maintenance,true,01sWC0000022GHFYA2,Fortra Price Book,USD,0,true
01uWC000005wswfYAA,01tWC00000DD1xkYAD,WinSpool HTML Report Converter-RenewalMaintenance,DM-DML-RRM-WSHRCR,Renewal Maintenance,true,01sWC0000022GHFYA2,Fortra Price Book,USD,0,true
01uWC000005wswgYAA,01tWC00000DD1xlYAD,WinSpool Lotus Notes Report Server-NewMaintenance,DM-DML-RNM-WSLNRS,New Maintenance,true,01sWC0000022GHFYA2,Fortra Price Book,USD,0,true
01uWC000005wswhYAA,01tWC00000DD1xnYAD,WinSpool Lotus Notes Report Server-RenewalMaintenance,DM-DML-RRM-WSLM,Renewal Maintenance,true,01sWC0000022GHFYA2,Fortra Price Book,USD,0,true
01uWC000005wswiYAA,01tWC00000DD1xoYAD,WinSpool PCL to PDF Converter-NewMaintenance,DM-DML-RNM-WSPTPC,New Maintenance,true,01sWC0000022GHFYA2,Fortra Price Book,USD,0,true
01uWC000005wswjYAA,01tWC00000DD1xqYAD,WinSpool PCL to PDF Converter-RenewalMaintenance,DM-DML-RRM-WSPM,Renewal Maintenance,true,01sWC0000022GHFYA2,Fortra Price Book,USD,0,true
01uWC000005wswkYAA,01tWC00000DD1xrYAD,WinSpool PDF Report Converter-NewMaintenance,DM-DML-RNM-WSPRCN,New Maintenance,true,01sWC0000022GHFYA2,Fortra Price Book,USD,0,true
01uWC000005wswlYAA,01tWC00000DD1xtYAD,WinSpool PDF Report Converter-RenewalMaintenance,DM-DML-RRM-WSPRCR,Renewal Maintenance,true,01sWC0000022GHFYA2,Fortra Price Book,USD,0,true
01uWC000005wswmYAA,01tWC00000DD1xuYAD,WinSpool Postscript-NewMaintenance,DM-DML-RNM-WSPNM,New Maintenance,true,01sWC0000022GHFYA2,Fortra Price Book,USD,0,true
01uWC000005wswnYAA,01tWC00000DD1xwYAD,WinSpool Postscript-RenewalMaintenance,DM-DML-RRM-WSPRM,Renewal Maintenance,true,01sWC0000022GHFYA2,Fortra Price Book,USD,0,true
01uWC000005wswoYAA,01tWC00000DD1xxYAD,WinSpool RTF Report Converter-NewMaintenance,DM-DML-RNM-WSRRCN,New Maintenance,true,01sWC0000022GHFYA2,Fortra Price Book,USD,0,true
01uWC000005wswpYAA,01tWC00000DD1xzYAD,WinSpool RTF Report Converter-RenewalMaintenance,DM-DML-RRM-WSRRCR,Renewal Maintenance,true,01sWC0000022GHFYA2,Fortra Price Book,USD,0,true
01uWC000005wswqYAA,01tWC00000DD1y0YAD,WinSpool Web Report Server-NewMaintenance,DM-DML-RNM-WSWRSN,New Maintenance,true,01sWC0000022GHFYA2,Fortra Price Book,USD,0,true
01uWC000005wswrYAA,01tWC00000DD1HTYA1,Enterprise Fax-NewMaintenance,DM-IRM-RNM-ENFA,New Maintenance,true,01sWC0000022GHFYA2,Fortra Price Book,USD,0,true
01uWC000005wswsYAA,01tWC00000DD1HVYA1,Enterprise Fax-RenewalMaintenance,DM-IRM-RRM-ENTERF,Renewal Maintenance,true,01sWC0000022GHFYA2,Fortra Price Book,USD,0,true
01uWC000005wswtYAA,01tWC00000DD1HaYAL,Enterprise Workflow - Legacy-NewMaintenance,DM-EW-RNM-EWLNM,New Maintenance,true,01sWC0000022GHFYA2,Fortra Price Book,USD,0,true
01uWC000005wswuYAA,01tWC00000DD1HcYAL,Enterprise Workflow - Legacy-RenewalMaintenance,DM-EW-RRM-EWLRM,Renewal Maintenance,true,01sWC0000022GHFYA2,Fortra Price Book,USD,0,true
01uWC000005wswvYAA,01tWC00000DD1HdYAL,Enterprise Workflow Lite - Legacy-NewMaintenance,DM-EW-RNM-EWLLNM,New Maintenance,true,01sWC0000022GHFYA2,Fortra Price Book,USD,0,true
01uWC000005wswwYAA,01tWC00000DD1HfYAL,Enterprise Workflow Lite - Legacy-RenewalMaintenance,DM-EW-RRM-EWLLRM,Renewal Maintenance,true,01sWC0000022GHFYA2,Fortra Price Book,USD,0,true
01uWC000005wswxYAA,01tWC00000DD1HgYAL,Esend-NewMaintenance,BI-ESN-RNM-ESENNE,New Maintenance,true,01sWC0000022GHFYA2,Fortra Price Book,USD,0,true
01uWC000005wswyYAA,01tWC00000DD1HiYAL,Esend-RenewalMaintenance,BI-ESN-RRM-ESENRE,Renewal Maintenance,true,01sWC0000022GHFYA2,Fortra Price Book,USD,0,true
01uWC000005wswzYAA,01tWC00000DD1HmYAL,Exchange Capability Checker-NewMaintenance,DP-DCL-RNM-EXCHNM,New Maintenance,true,01sWC0000022GHFYA2,Fortra Price Book,USD,0,true
01uWC000005wsx0YAA,01tWC00000DD1HoYAL,Exchange Capability Checker-RenewalMaintenance,DP-DCL-RRM-EXCHFA,Renewal Maintenance,true,01sWC0000022GHFYA2,Fortra Price Book,USD,0,true
01uWC000005wsx1YAA,01tWC00000DD1HpYAL,Exchange Classifier-NewMaintenance,DP-DC-RNM-EXCHCN,New Maintenance,true,01sWC0000022GHFYA2,Fortra Price Book,USD,0,true
01uWC000005wsx2YAA,01tWC00000DD1HrYAL,Exchange Classifier-RenewalMaintenance,DP-DC-RRM-EXCHCR,Renewal Maintenance,true,01sWC0000022GHFYA2,Fortra Price Book,USD,0,true
01uWC000005wsx3YAA,01tWC00000DD1HsYAL,File Integrity Manager for Databases-NewMaintenance,FIM-FIM-RNM-FIMDNM,New Maintenance,true,01sWC0000022GHFYA2,Fortra Price Book,USD,0,true
01uWC000005wsx4YAA,01tWC00000DD1HuYAL,File Integrity Manager for Databases-RenewalMaintenance,FIM-FIM-RRM-FIMDRM,Renewal Maintenance,true,01sWC0000022GHFYA2,Fortra Price Book,USD,0,true
01uWC000005wsx5YAA,01tWC00000DD1I0YAL,File Integrity Manager for Directory Services-NewMaintenance,FIM-FIM-RNM-FIMDSN,New Maintenance,true,01sWC0000022GHFYA2,Fortra Price Book,USD,0,true
01uWC000005wsx6YAA,01tWC00000DD1I2YAL,File Integrity Manager for Directory Services-RenewalMaintenance,FIM-FIM-RRM-FIMDSR,Renewal Maintenance,true,01sWC0000022GHFYA2,Fortra Price Book,USD,0,true
01uWC000005wsx7YAA,01tWC00000DD1I8YAL,File Integrity Manager for Large Stores (up to 75 FIM-FS)-NewMaintenance,FIM-FIM-RNM-FIMLSU,New Maintenance,true,01sWC0000022GHFYA2,Fortra Price Book,USD,0,true
01uWC000005wsx8YAA,01tWC00000DD1IAYA1,File Integrity Manager for Large Stores (up to 75 FIM-FS)-RenewalMaintenance,FIM-FIM-RRM-FIMLAS,Renewal Maintenance,true,01sWC0000022GHFYA2,Fortra Price Book,USD,0,true
01uWC000005wsx9YAA,01tWC00000DD1IWYA1,File Integrity Manager for Small Stores (up to 5 FIM-FS)-NewMaintenance,FIM-FIM-RNM-FIMSSU,New Maintenance,true,01sWC0000022GHFYA2,Fortra Price Book,USD,0,true
01uWC000005wsxAYAQ,01tWC00000DD1IjYAL,FileCatalyst Central-NewMaintenance,GOA-FIL-RNM-FCCNM,New Maintenance,true,01sWC0000022GHFYA2,Fortra Price Book,USD,0,true
01uWC000005wsxBYAQ,01tWC00000DD1IlYAL,FileCatalyst Central-RenewalMaintenance,GOA-FIL-RRM-FCCRM,Renewal Maintenance,true,01sWC0000022GHFYA2,Fortra Price Book,USD,0,true
01uWC000005wsxCYAQ,01tWC00000DD1InYAL,FileCatalyst Central Additional Nodes-NewMaintenance,GOA-FIL-RNM-FCCANN,New Maintenance,true,01sWC0000022GHFYA2,Fortra Price Book,USD,0,true
01uWC000005wsxDYAQ,01tWC00000DD1IpYAL,FileCatalyst Central Additional Nodes-RenewalMaintenance,GOA-FIL-RRM-FCCANR,Renewal Maintenance,true,01sWC0000022GHFYA2,Fortra Price Book,USD,0,true
01uWC000005wsxEYAQ,01tWC00000DD1IuYAL,FileCatalyst Concurrent Connections-NewMaintenance,GOA-FIL-RNM-FCCCNM,New Maintenance,true,01sWC0000022GHFYA2,Fortra Price Book,USD,0,true
01uWC000005wsxFYAQ,01tWC00000DD1fwYAD,Security KM Incidents-RenewalMaintenance,SM-VMC-RRM-SKIRM,Renewal Maintenance,true,01sWC0000022GHFYA2,Fortra Price Book,USD,0,true
01uWC000005wsxGYAQ,01tWC00000DD1fyYAD,Security Knowledge Module-NewMaintenance,SM-VMC-RNM-SKMNM,New Maintenance,true,01sWC0000022GHFYA2,Fortra Price Book,USD,0,true
01uWC000005wsxHYAQ,01tWC00000DD1g0YAD,Security Knowledge Module-RenewalMaintenance,SM-VMC-RRM-SKMRM,Renewal Maintenance,true,01sWC0000022GHFYA2,Fortra Price Book,USD,0,true
01uWC000005wsxIYAQ,01tWC00000DD1hpYAD,Tripwire Enterprise for Directory Services-NewMaintenance,FIM-FIM-RNM-TEDSNM,New Maintenance,true,01sWC0000022GHFYA2,Fortra Price Book,USD,0,true
01uWC000005wsxJYAQ,01tWC00000DD1hrYAD,Tripwire Enterprise for Directory Services-RenewalMaintenance,FIM-FIM-RRM-TEDSRM,Renewal Maintenance,true,01sWC0000022GHFYA2,Fortra Price Book,USD,0,true
01uWC000005wsxKYAQ,01tWC00000DD1jZYAT,Sequel Data Warehouse-RenewalMaintenance,BI-SDW-RRM-SDWRM,Renewal Maintenance,true,01sWC0000022GHFYA2,Fortra Price Book,USD,0,true
01uWC000005wsxLYAQ,01tWC00000DD1c2YAD,Powertech Multi-Factor Authentication for IBM i-NewMaintenance,CS-PMF-RNM-PMFAII,New Maintenance,true,01sWC0000022GHFYA2,Fortra Price Book,USD,0,true
01uWC000005wsxMYAQ,01tWC00000DD1c4YAD,Powertech Multi-Factor Authentication for IBM i-RenewalMaintenance,CS-PMF-RRM-PMFM,Renewal Maintenance,true,01sWC0000022GHFYA2,Fortra Price Book,USD,0,true
01uWC000005wsxNYAQ,01tWC00000DD1c6YAD,Powertech Password Self Help for IBM i-NewMaintenance,CS-PPS-RNM-PPSHII,New Maintenance,true,01sWC0000022GHFYA2,Fortra Price Book,USD,0,true
01uWC000005wsxOYAQ,01tWC00000DD1dcYAD,Safestone Password Self Help-RenewalMaintenance,CS-SPS-RRM-SPSHRM,Renewal Maintenance,true,01sWC0000022GHFYA2,Fortra Price Book,USD,0,true
01uWC000005wsxPYAQ,01tWC00000DD1deYAD,Safestone Password Self Help Users-NewMaintenance,CS-SPS-RNM-SPSHUN,New Maintenance,true,01sWC0000022GHFYA2,Fortra Price Book,USD,0,true
01uWC000005wsxQYAQ,01tWC00000DD1dgYAD,Safestone Password Self Help Users-RenewalMaintenance,CS-SPS-RRM-SPSHUR,Renewal Maintenance,true,01sWC0000022GHFYA2,Fortra Price Book,USD,0,true
01uWC000005wsxRYAQ,01tWC00000DD1dlYAD,SAP Interface-NewMaintenance,SM-SAP-RNM-SAPINE,New Maintenance,true,01sWC0000022GHFYA2,Fortra Price Book,USD,0,true
01uWC000005wsxSYAQ,01tWC00000DD1dnYAD,SAP Interface-RenewalMaintenance,SM-SAP-RRM-SAPIRE,Renewal Maintenance,true,01sWC0000022GHFYA2,Fortra Price Book,USD,0,true
01uWC000005wsxTYAQ,01tWC00000DD1drYAD,Scan Workstation - Legacy-NewMaintenance,DM-WCU-RNM-SCANLN,New Maintenance,true,01sWC0000022GHFYA2,Fortra Price Book,USD,0,true
01uWC000005wsxUYAQ,01tWC00000DD1dtYAD,Scan Workstation - Legacy-RenewalMaintenance,DM-WCU-RRM-SCANLR,Renewal Maintenance,true,01sWC0000022GHFYA2,Fortra Price Book,USD,0,true
01uWC000005wsxVYAQ,01tWC00000DD1duYAD,Scan Workstation-NewMaintenance,DM-WCU-RNM-SCANNE,New Maintenance,true,01sWC0000022GHFYA2,Fortra Price Book,USD,0,true
01uWC000005wsxWYAQ,01tWC00000DD1dwYAD,Scan Workstation-RenewalMaintenance,DM-WCU-RRM-SCANRE,Renewal Maintenance,true,01sWC0000022GHFYA2,Fortra Price Book,USD,0,true
01uWC000005wsxXYAQ,01tWC00000DD1e5YAD,SECURE Email Gateway-NewMaintenance,ES-SEG-RNM-SECURE,New Maintenance,true,01sWC0000022GHFYA2,Fortra Price Book,USD,0,true
01uWC000005wsxYYAQ,01tWC00000DD1e7YAD,SECURE Email Gateway-RenewalMaintenance,ES-SEG-RRM-SEGM,Renewal Maintenance,true,01sWC0000022GHFYA2,Fortra Price Book,USD,0,true
01uWC000005wsxZYAQ,01tWC00000DD1e9YAD,SECURE Email Gateway Advanced Security Package-NewMaintenance,ES-SEG-RNM-SEEM,New Maintenance,true,01sWC0000022GHFYA2,Fortra Price Book,USD,0,true
01uWC000005wsxaYAA,01tWC00000DD1eBYAT,SECURE Email Gateway Advanced Security Package-RenewalMaintenance,ES-SEG-RRM-SERM,Renewal Maintenance,true,01sWC0000022GHFYA2,Fortra Price Book,USD,0,true
01uWC000005wsxbYAA,01tWC00000DD1eDYAT,SECURE Email Gateway Elite Security Package-NewMaintenance,ES-SEG-RNM-SENM,New Maintenance,true,01sWC0000022GHFYA2,Fortra Price Book,USD,0,true
01uWC000005wsxcYAA,01tWC00000DD1eFYAT,SECURE Email Gateway Elite Security Package-RenewalMaintenance,ES-SEG-RRM-SECEMA,Renewal Maintenance,true,01sWC0000022GHFYA2,Fortra Price Book,USD,0,true
01uWC000005wsxdYAA,01tWC00000DD1eHYAT,SECURE Email Gateway Essential Security Package-NewMaintenance,ES-SEG-RNM-SEMAIL,New Maintenance,true,01sWC0000022GHFYA2,Fortra Price Book,USD,0,true
01uWC000005wsxeYAA,01tWC00000DD1eJYAT,SECURE Email Gateway Essential Security Package-RenewalMaintenance,ES-SEG-RRM-SECEMG,Renewal Maintenance,true,01sWC0000022GHFYA2,Fortra Price Book,USD,0,true
01uWC000005wsxfYAA,01tWC00000DD1eLYAT,SECURE Exchange Gateway-NewMaintenance,ES-SXG-RNM-SEEX,New Maintenance,true,01sWC0000022GHFYA2,Fortra Price Book,USD,0,true
01uWC000005wsxgYAA,01tWC00000DD1eNYAT,SECURE Exchange Gateway-RenewalMaintenance,ES-SXG-RRM-SECEXC,Renewal Maintenance,true,01sWC0000022GHFYA2,Fortra Price Book,USD,0,true
01uWC000005wsxhYAA,01tWC00000DD1ePYAT,SECURE Exchange Gateway Advanced Security Package-NewMaintenance,ES-SXG-RNM-SEXCHA,New Maintenance,true,01sWC0000022GHFYA2,Fortra Price Book,USD,0,true
01uWC000005wsxiYAA,01tWC00000DD1eRYAT,SECURE Exchange Gateway Advanced Security Package-RenewalMaintenance,ES-SXG-RRM-SEEXCG,Renewal Maintenance,true,01sWC0000022GHFYA2,Fortra Price Book,USD,0,true
01uWC000005wsxjYAA,01tWC00000DD1eTYAT,SECURE Exchange Gateway Elite Security Package-NewMaintenance,ES-SXG-RNM-SEXCGA,New Maintenance,true,01sWC0000022GHFYA2,Fortra Price Book,USD,0,true
01uWC000005wsxkYAA,01tWC00000DD1eVYAT,SECURE Exchange Gateway Elite Security Package-RenewalMaintenance,ES-SXG-RRM-SEEXGA,Renewal Maintenance,true,01sWC0000022GHFYA2,Fortra Price Book,USD,0,true
01uWC000005wsxlYAA,01tWC00000DD1eXYAT,SECURE Exchange Gateway Essential Security Package-NewMaintenance,ES-SXG-RNM-SEEGAE,New Maintenance,true,01sWC0000022GHFYA2,Fortra Price Book,USD,0,true
01uWC000005wsxmYAA,01tWC00000DD1eZYAT,SECURE Exchange Gateway Essential Security Package-RenewalMaintenance,ES-SXG-RRM-SEXGES,Renewal Maintenance,true,01sWC0000022GHFYA2,Fortra Price Book,USD,0,true
01uWC000005wsxnYAA,01tWC00000DD1efYAD,SECURE ICAP Gateway-NewMaintenance,ES-SIG-RNM-SIGM,New Maintenance,true,01sWC0000022GHFYA2,Fortra Price Book,USD,0,true
01uWC000005wsxoYAA,01tWC00000DD1ehYAD,SECURE ICAP Gateway-RenewalMaintenance,ES-SIG-RRM-SEIC,Renewal Maintenance,true,01sWC0000022GHFYA2,Fortra Price Book,USD,0,true
01uWC000005wsxpYAA,01tWC00000DD1jbYAD,Sequel Data Warehouse (RODIN) Select License-NewMaintenance,BI-SDW-RNM-SDWRSL,New Maintenance,true,01sWC0000022GHFYA2,Fortra Price Book,USD,0,true
01uWC000005wsxqYAA,01tWC00000DD1jgYAD,Sequel Data Warehouse (RODIN) Select License-RenewalMaintenance,BI-SDW-RRM-SDWM,Renewal Maintenance,true,01sWC0000022GHFYA2,Fortra Price Book,USD,0,true
01uWC000005wsxrYAA,01tWC00000DD1jlYAD,SEQUEL Data Warehouse Bundle-NewMaintenance,BI-SDW-RNM-SEQUED,New Maintenance,true,01sWC0000022GHFYA2,Fortra Price Book,USD,0,true
01uWC000005wsxsYAA,01tWC00000DD1jqYAD,SEQUEL Data Warehouse Bundle-RenewalMaintenance,BI-SDW-RRM-SEQUDA,Renewal Maintenance,true,01sWC0000022GHFYA2,Fortra Price Book,USD,0,true
01uWC000005wsxtYAA,01tWC00000DD1jvYAD,SEQUEL FYI-NewMaintenance,BI-SL-RNM-SEFY,New Maintenance,true,01sWC0000022GHFYA2,Fortra Price Book,USD,0,true
01uWC000005wsxuYAA,01tWC00000DD1jxYAD,SEQUEL FYI-RenewalMaintenance,BI-SL-RRM-SFRM,Renewal Maintenance,true,01sWC0000022GHFYA2,Fortra Price Book,USD,0,true
01uWC000005wsxvYAA,01tWC00000DD1jyYAD,Sequel Repository Designer-NewMaintenance,BI-SQ-RNM-SRDNM,New Maintenance,true,01sWC0000022GHFYA2,Fortra Price Book,USD,0,true
01uWC000005wsxwYAA,01tWC00000DD1k0YAD,Sequel Repository Designer-RenewalMaintenance,BI-SQ-RRM-SRDRM,Renewal Maintenance,true,01sWC0000022GHFYA2,Fortra Price Book,USD,0,true
01uWC000005wsxxYAA,01tWC00000DD1k7YAD,SEQUEL SMB Bundle-RenewalMaintenance,BI-SQ-RRM-SESM,Renewal Maintenance,true,01sWC0000022GHFYA2,Fortra Price Book,USD,0,true
01uWC000005wsxyYAA,01tWC00000DD1kAYAT,SEQUEL SMB Bundle Additional User-NewMaintenance,BI-SQ-RNM-SEQUSM,New Maintenance,true,01sWC0000022GHFYA2,Fortra Price Book,USD,0,true
01uWC000005wsxzYAA,01tWC00000DD1kCYAT,SEQUEL SMB Bundle Additional User-RenewalMaintenance,BI-SQ-RRM-SESMB,Renewal Maintenance,true,01sWC0000022GHFYA2,Fortra Price Book,USD,0,true
01uWC000005wsy0YAA,01tWC00000DD1kEYAT,SEQUEL SMB Bundle Included Users-NewMaintenance,BI-SQ-RNM-SEQUSB,New Maintenance,true,01sWC0000022GHFYA2,Fortra Price Book,USD,0,true
01uWC000005wsy1YAA,01tWC00000DCzhWYAT,Insite Analytics - Premium-RenewalMaintenance,BI-ISA-RRM-IAPRMRM,Renewal Maintenance,true,01sWC0000022GHFYA2,Fortra Price Book,USD,0,true
01uWC000005wsy2YAA,01tWC00000DCzhXYAT,Insite Analytics - Premium-NewMaintenance,BI-ISA-RNM-IAPRMNM,New Maintenance,true,01sWC0000022GHFYA2,Fortra Price Book,USD,0,true
01uWC000005wsy3YAA,01tWC00000DCzhYYAT,Insite Analytics - Pro-RenewalMaintenance,BI-ISA-RRM-IAPROM,Renewal Maintenance,true,01sWC0000022GHFYA2,Fortra Price Book,USD,0,true
01uWC000005wsy4YAA,01tWC00000DCzhZYAT,Insite Analytics - Pro-NewMaintenance,BI-ISA-RNM-IAPRONM,New Maintenance,true,01sWC0000022GHFYA2,Fortra Price Book,USD,0,true
01uWC000005wsy5YAA,01tWC00000DCzhcYAD,SEQUEL SMB Bundle - Primary-RenewalMaintenance,BI-SQ-RRM-SSBPRM,Renewal Maintenance,true,01sWC0000022GHFYA2,Fortra Price Book,USD,0,true
01uWC000005wsy6YAA,01tWC00000DCzhdYAD,SEQUEL SMB Bundle - Primary-NewMaintenance,BI-SQ-RNM-SSBPNM,New Maintenance,true,01sWC0000022GHFYA2,Fortra Price Book,USD,0,true
01uWC000005wsy7YAA,01tWC00000DD1tYYAT,Tripwire State Analyzer-NewMaintenance,FIM-FIM-RNM-TSANM,New Maintenance,true,01sWC0000022GHFYA2,Fortra Price Book,USD,0,true
01uWC000005wsy8YAA,01tWC00000DD1tcYAD,Tripwire State Analyzer Express-NewMaintenance,FIM-FIM-RNM-TSAENM,New Maintenance,true,01sWC0000022GHFYA2,Fortra Price Book,USD,0,true
01uWC000005wsy9YAA,01tWC00000DD1oiYAD,Tripwire Log Center for Desktops (includes Advanced Log Collector Agent)-NewMaintenance,FIM-TLC-RNM-TLCDIA,New Maintenance,true,01sWC0000022GHFYA2,Fortra Price Book,USD,0,true
01uWC000005wsyAYAQ,01tWC00000DD1omYAD,Tripwire Log Center for Directory Services (includes Advanced Log Collector Agent)-NewMaintenance,FIM-TLC-RNM-TLCDSI,New Maintenance,true,01sWC0000022GHFYA2,Fortra Price Book,USD,0,true
01uWC000005wsyBYAQ,01tWC00000DD1oqYAD,Tripwire Log Center for File Systems  (includes Advanced Log Collector Agent)-NewMaintenance,FIM-TLC-RNM-TLCFSI,New Maintenance,true,01sWC0000022GHFYA2,Fortra Price Book,USD,0,true
01uWC000005wsyCYAQ,01tWC00000DD1p2YAD,Tripwire Log Center for Industrial Environments-NewMaintenance,FIM-TLC-RNM-TLCIEN,New Maintenance,true,01sWC0000022GHFYA2,Fortra Price Book,USD,0,true
01uWC000005wsyDYAQ,01tWC00000DD1p6YAD,Tripwire Log Center for Microsoft Exchange (includes Advanced Log Collector Agent)-NewMaintenance,FIM-TLC-RNM-TLCMEI,New Maintenance,true,01sWC0000022GHFYA2,Fortra Price Book,USD,0,true
01uWC000005wsyEYAQ,01tWC00000DD1p9YAD,Tripwire Asset Discovery Profiler Ev Limited-RenewalMaintenance,FIM-FIM-RRM-TADPELRM,Renewal Maintenance,true,01sWC0000022GHFYA2,Fortra Price Book,USD,0,true
01uWC000005wsyFYAQ,01tWC00000DD1pGYAT,Tripwire Log Center for Microsoft IIS (includes Advanced Log Collector Agent)-NewMaintenance,FIM-TLC-RNM-TLCMII,New Maintenance,true,01sWC0000022GHFYA2,Fortra Price Book,USD,0,true
01uWC000005wsyGYAQ,01tWC00000DD1pPYAT,Tripwire Log Center for Network Devices (includes Remote Collector)-NewMaintenance,FIM-TLC-RNM-TLCNDI,New Maintenance,true,01sWC0000022GHFYA2,Fortra Price Book,USD,0,true
01uWC000005wsyHYAQ,01tWC00000DD1pTYAT,Tripwire Log Center for POS End Point Systems (includes Advanced Log Collector Agent)-NewMaintenance,FIM-TLC-RNM-TLCPEP,New Maintenance,true,01sWC0000022GHFYA2,Fortra Price Book,USD,0,true
01uWC000005wsyIYAQ,01tWC00000DD1pVYAT,Tripwire Log Center for POS End Point Systems (includes Advanced Log Collector Agent)-RenewalMaintenance,FIM-TLC-RRM-TRLCEP,Renewal Maintenance,true,01sWC0000022GHFYA2,Fortra Price Book,USD,0,true
01uWC000005wsyJYAQ,01tWC00000DD1pXYAT,Tripwire Log Center for POS Servers (includes Advanced Log Collector Agent)-NewMaintenance,FIM-TLC-RNM-TLCPSI,New Maintenance,true,01sWC0000022GHFYA2,Fortra Price Book,USD,0,true
01uWC000005wsyKYAQ,01tWC00000DD1pZYAT,Tripwire Log Center for POS Servers (includes Advanced Log Collector Agent)-RenewalMaintenance,FIM-TLC-RRM-TRLCPS,Renewal Maintenance,true,01sWC0000022GHFYA2,Fortra Price Book,USD,0,true
01uWC000005wsyLYAQ,01tWC00000DD1pjYAD,Tripwire Log Center for VMware ESX (includes Remote Collector)-NewMaintenance,FIM-TLC-RNM-TLOCEV,New Maintenance,true,01sWC0000022GHFYA2,Fortra Price Book,USD,0,true
01uWC000005wsyMYAQ,01tWC00000DD1ppYAD,Tripwire Log Center Manager-NewMaintenance,FIM-TLC-RNM-TLCMNM,New Maintenance,true,01sWC0000022GHFYA2,Fortra Price Book,USD,0,true
01uWC000005wsyNYAQ,01tWC00000DD1tKYAT,Tripwire Log Center Remote Log Collector-NewMaintenance,FIM-TLC-RNM-TLCRLC,New Maintenance,true,01sWC0000022GHFYA2,Fortra Price Book,USD,0,true
01uWC000005wsyOYAQ,01tWC00000DD1tQYAT,Tripwire Manager-NewMaintenance,FIM-FIM-RNM-TMNM,New Maintenance,true,01sWC0000022GHFYA2,Fortra Price Book,USD,0,true
01uWC000005wsyPYAQ,01tWC00000DCzheYAD,SEQUEL SMB Bundle - Secondary-RenewalMaintenance,BI-SQ-RRM-SSBSRM,Renewal Maintenance,true,01sWC0000022GHFYA2,Fortra Price Book,USD,0,true
01uWC000005wsyQYAQ,01tWC00000DCzhfYAD,SEQUEL SMB Bundle - Secondary-NewMaintenance,BI-SQ-RNM-SSBSNM,New Maintenance,true,01sWC0000022GHFYA2,Fortra Price Book,USD,0,true
01uWC000005wsyRYAQ,01tWC00000DCzhgYAD,Sequel Data Warehouse (RODIN) Select License - Bronze Edition-RenewalMaintenance,BI-SDW-RRM-SDWSBERM,Renewal Maintenance,true,01sWC0000022GHFYA2,Fortra Price Book,USD,0,true
01uWC000005wsySYAQ,01tWC00000DCzhhYAD,Sequel Data Warehouse (RODIN) Select License - Bronze Edition-NewMaintenance,BI-SDW-RNM-SDWSBENM,New Maintenance,true,01sWC0000022GHFYA2,Fortra Price Book,USD,0,true
01uWC000005wsyTYAQ,01tWC00000DCzhiYAD,Sequel Data Warehouse (RODIN) Select License - Gold Edition-RenewalMaintenance,BI-SDW-RRM-SDWSGERM,Renewal Maintenance,true,01sWC0000022GHFYA2,Fortra Price Book,USD,0,true
01uWC000005wsyUYAQ,01tWC00000DCzhjYAD,Sequel Data Warehouse (RODIN) Select License - Gold Edition-NewMaintenance,BI-SDW-RNM-SDWSGENM,New Maintenance,true,01sWC0000022GHFYA2,Fortra Price Book,USD,0,true
01uWC000005wsyVYAQ,01tWC00000DCzhkYAD,Sequel Data Warehouse (RODIN) Select License - Platinum Edition-RenewalMaintenance,BI-SDW-RRM-SDWSPERM,Renewal Maintenance,true,01sWC0000022GHFYA2,Fortra Price Book,USD,0,true
01uWC000005wsyWYAQ,01tWC00000DD10mYAD,Cobalt Strike-NewMaintenance,OS-COS-RNM-CSNM,New Maintenance,true,01sWC0000022GHFYA2,Fortra Price Book,USD,0,true
01uWC000005wsyXYAQ,01tWC00000DD10nYAD,Cobalt Strike-RenewalMaintenance,OS-COS-RRM-CSRM,Renewal Maintenance,true,01sWC0000022GHFYA2,Fortra Price Book,USD,0,true
01uWC000005wsyYYAQ,01tWC00000DD14wYAD,Automate Services-RenewalMaintenance,RPA-AUT-RRM-ASRM,Renewal Maintenance,true,01sWC0000022GHFYA2,Fortra Price Book,USD,0,true
01uWC000005wsyZYAQ,01tWC00000DD15rYAD,CCM for Network Devices-NewMaintenance,FIM-FIM-RNM-CCMNDN,New Maintenance,true,01sWC0000022GHFYA2,Fortra Price Book,USD,0,true
01uWC000005wsyaYAA,01tWC00000DD15wYAD,CCM for Servers-NewMaintenance,FIM-FIM-RNM-CCMSNM,New Maintenance,true,01sWC0000022GHFYA2,Fortra Price Book,USD,0,true
01uWC000005wsybYAA,01tWC00000DD161YAD,CCM for Single Purpose Devices-NewMaintenance,FIM-FIM-RNM-CCMSIN,New Maintenance,true,01sWC0000022GHFYA2,Fortra Price Book,USD,0,true
01uWC000005wsycYAA,01tWC00000DD166YAD,CCM for Workstations-NewMaintenance,FIM-FIM-RNM-CCMWNM,New Maintenance,true,01sWC0000022GHFYA2,Fortra Price Book,USD,0,true
01uWC000005wsydYAA,01tWC00000DD16DYAT,CCM Limited Management Server-NewMaintenance,FIM-FIM-RNM-CCMLMS,New Maintenance,true,01sWC0000022GHFYA2,Fortra Price Book,USD,0,true
01uWC000005wsyeYAA,01tWC00000DD16HYAT,CCM Limited Scan Engine-NewMaintenance,FIM-FIM-RNM-CCMLSE,New Maintenance,true,01sWC0000022GHFYA2,Fortra Price Book,USD,0,true
01uWC000005wsyfYAA,01tWC00000DD16JYAT,CCM Limited Scan Engine-RenewalMaintenance,FIM-FIM-RRM-CCMLSC,Renewal Maintenance,true,01sWC0000022GHFYA2,Fortra Price Book,USD,0,true
01uWC000005wsygYAA,01tWC00000DD16LYAT,CCM Management Server-NewMaintenance,FIM-FIM-RNM-CCMMSN,New Maintenance,true,01sWC0000022GHFYA2,Fortra Price Book,USD,0,true
01uWC000005wsyhYAA,01tWC00000DD16QYAT,CCM Scan Engine-NewMaintenance,FIM-FIM-RNM-CCMSEN,New Maintenance,true,01sWC0000022GHFYA2,Fortra Price Book,USD,0,true
01uWC000005wsyiYAA,01tWC00000DD1h7YAD,Tripwire App - TE Integration Framework - ServiceNow - Utility-NewMaintenance,FIM-FIM-RNM-TATEIF,New Maintenance,true,01sWC0000022GHFYA2,Fortra Price Book,USD,0,true
01uWC000005wsyjYAA,01tWC00000DD1BNYA1,Device Profiler Ev-NewMaintenance,FIM-FIM-RNM-DPENEW,New Maintenance,true,01sWC0000022GHFYA2,Fortra Price Book,USD,0,true
01uWC000005wsykYAA,01tWC00000DD1BVYA1,Device Profiler Ev Limited-NewMaintenance,FIM-FIM-RNM-DPELNM,New Maintenance,true,01sWC0000022GHFYA2,Fortra Price Book,USD,0,true
01uWC000005wsylYAA,01tWC00000DD1HwYAL,File Integrity Manager for Desktops-NewMaintenance,FIM-FIM-RNM-FIMDES,New Maintenance,true,01sWC0000022GHFYA2,Fortra Price Book,USD,0,true
01uWC000005wsymYAA,01tWC00000DD1I4YAL,File Integrity Manager for File Systems-NewMaintenance,FIM-FIM-RNM-FIMFSN,New Maintenance,true,01sWC0000022GHFYA2,Fortra Price Book,USD,0,true
01uWC000005wsynYAA,01tWC00000DD1IBYA1,"File Integrity Manager for Large Stores w/ND & DB (up to 75 FS, 75 ND & 1 DB)-NewMaintenance",FIM-FIM-RNM-FIMLSW,New Maintenance,true,01sWC0000022GHFYA2,Fortra Price Book,USD,0,true
01uWC000005wsyoYAA,01tWC00000DD1IDYA1,"File Integrity Manager for Large Stores w/ND & DB (up to 75 FS, 75 ND & 1 DB)-RenewalMaintenance",FIM-FIM-RRM-FIMLST,Renewal Maintenance,true,01sWC0000022GHFYA2,Fortra Price Book,USD,0,true
01uWC000005wsypYAA,01tWC00000DD1IEYA1,File Integrity Manager for Mid-Size Stores (up to 20 FS)-NewMaintenance,FIM-FIM-RNM-FIMMSS,New Maintenance,true,01sWC0000022GHFYA2,Fortra Price Book,USD,0,true
01uWC000005wsyqYAA,01tWC00000DD1IIYA1,File Integrity Manager for Network Devices-NewMaintenance,FIM-FIM-RNM-FIMNDN,New Maintenance,true,01sWC0000022GHFYA2,Fortra Price Book,USD,0,true
01uWC000005wsyrYAA,01tWC00000DD1INYA1,File Integrity Manager for POS End Point Systems-NewMaintenance,FIM-FIM-RNM-FIMPEP,New Maintenance,true,01sWC0000022GHFYA2,Fortra Price Book,USD,0,true
01uWC000005wsysYAA,01tWC00000DD1ISYA1,File Integrity Manager for POS Servers-NewMaintenance,FIM-FIM-RNM-FIMPSN,New Maintenance,true,01sWC0000022GHFYA2,Fortra Price Book,USD,0,true
01uWC000005wsytYAA,01tWC00000DD1IZYA1,"File Integrity Manager for Small Stores w/ND & DB (up to 5 FS, 5 ND & 1 DB)-NewMaintenance",FIM-FIM-RNM-FIMSSW,New Maintenance,true,01sWC0000022GHFYA2,Fortra Price Book,USD,0,true
01uWC000005wsyuYAA,01tWC00000DD1IdYAL,File Integrity Manager for VMware ESX-NewMaintenance,FIM-FIM-RNM-FIMVEN,New Maintenance,true,01sWC0000022GHFYA2,Fortra Price Book,USD,0,true
01uWC000005wsyvYAA,01tWC00000DD1JdYAL,"FIM for Mid-Size Stores w/ND & DB (up to 20 FS, 20 ND & 1 DB)-NewMaintenance",FIM-FIM-RNM-FIMMNE,New Maintenance,true,01sWC0000022GHFYA2,Fortra Price Book,USD,0,true
01uWC000005wsywYAA,01tWC00000DD1JfYAL,"FIM for Mid-Size Stores w/ND & DB (up to 20 FS, 20 ND & 1 DB)-RenewalMaintenance",FIM-FIM-RRM-FIMMRE,Renewal Maintenance,true,01sWC0000022GHFYA2,Fortra Price Book,USD,0,true
01uWC000005wsyxYAA,01tWC00000DD1Q1YAL,Human Risk Management-RenewalMaintenance,HRM-HRM-RRM-HRMRM,Renewal Maintenance,true,01sWC0000022GHFYA2,Fortra Price Book,USD,0,true
01uWC000005wsyyYAA,01tWC00000DD1V5YAL,Policy Manager for Desktops-NewMaintenance,FIM-FIM-RNM-PMDNM,New Maintenance,true,01sWC0000022GHFYA2,Fortra Price Book,USD,0,true
01uWC000005wsyzYAA,01tWC00000DD1VAYA1,Policy Manager for File Systems-NewMaintenance,FIM-FIM-RNM-PMFSNM,New Maintenance,true,01sWC0000022GHFYA2,Fortra Price Book,USD,0,true
01uWC000005wsz0YAA,01tWC00000DD1ZvYAL,Policy Manager for Network Devices-NewMaintenance,FIM-FIM-RNM-PMNDNM,New Maintenance,true,01sWC0000022GHFYA2,Fortra Price Book,USD,0,true
01uWC000005wsz1YAA,01tWC00000DD1a0YAD,Policy Manager for POS End Point Systems-NewMaintenance,FIM-FIM-RNM-POLICY,New Maintenance,true,01sWC0000022GHFYA2,Fortra Price Book,USD,0,true
01uWC000005wsz2YAA,01tWC00000DD1a5YAD,Policy Manager for POS Servers-NewMaintenance,FIM-FIM-RNM-PMPSNM,New Maintenance,true,01sWC0000022GHFYA2,Fortra Price Book,USD,0,true
01uWC000005wsz3YAA,01tWC00000DD1aAYAT,Policy Manager for VMware ESX-NewMaintenance,FIM-FIM-RNM-PMVENM,New Maintenance,true,01sWC0000022GHFYA2,Fortra Price Book,USD,0,true
01uWC000005wsz4YAA,01tWC00000DD1gLYAT,Tripwire App - Custom Workflow Integration for Nozomi - Utility-NewMaintenance,FIM-FIM-RNM-TACWIN,New Maintenance,true,01sWC0000022GHFYA2,Fortra Price Book,USD,0,true
01uWC000005wsz5YAA,01tWC00000DD1gNYAT,Tripwire App - Custom Workflow Integration for Nozomi - Utility-RenewalMaintenance,FIM-FIM-RRM-TACM,Renewal Maintenance,true,01sWC0000022GHFYA2,Fortra Price Book,USD,0,true
01uWC000005wsz6YAA,01tWC00000DD1gRYAT,Tripwire App - Dynamic Software Reconciliation - Utility-NewMaintenance,FIM-FIM-RNM-TADM,New Maintenance,true,01sWC0000022GHFYA2,Fortra Price Book,USD,0,true
01uWC000005wsz7YAA,01tWC00000DD1gWYAT,Tripwire App - Dynamic Software Reconciliation Express - Utility-NewMaintenance,FIM-FIM-RNM-TRNM,New Maintenance,true,01sWC0000022GHFYA2,Fortra Price Book,USD,0,true
01uWC000005wsz8YAA,01tWC00000DD1gbYAD,Tripwire App - Event Sender - Utility-NewMaintenance,FIM-FIM-RNM-TAESUN,New Maintenance,true,01sWC0000022GHFYA2,Fortra Price Book,USD,0,true
01uWC000005wsz9YAA,01tWC00000DD1ggYAD,Tripwire App - TE Integration Framework - CA Service Desk - Utility-NewMaintenance,FIM-FIM-RNM-TATM,New Maintenance,true,01sWC0000022GHFYA2,Fortra Price Book,USD,0,true
01uWC000005wszAYAQ,01tWC00000DD1ghYAD,Tripwire App - TE Integration Framework - CA Service Desk - Utility-RenewalMaintenance,FIM-FIM-RRM-TRIPAP,Renewal Maintenance,true,01sWC0000022GHFYA2,Fortra Price Book,USD,0,true
01uWC000005wszBYAQ,01tWC00000DD1gkYAD,Tripwire App - TE Integration Framework - ChangeGear - Utility-NewMaintenance,FIM-FIM-RNM-TRIAPP,New Maintenance,true,01sWC0000022GHFYA2,Fortra Price Book,USD,0,true
01uWC000005wszCYAQ,01tWC00000DD1goYAD,Tripwire App - TE Integration Framework - Cherwell - Utility-NewMaintenance,FIM-FIM-RNM-TRIPAT,New Maintenance,true,01sWC0000022GHFYA2,Fortra Price Book,USD,0,true
01uWC000005wszDYAQ,01tWC00000DD1gsYAD,Tripwire App - TE Integration Framework - Flex - Utility-NewMaintenance,FIM-FIM-RNM-TRAPPT,New Maintenance,true,01sWC0000022GHFYA2,Fortra Price Book,USD,0,true
01uWC000005wszEYAQ,01tWC00000DD1gxYAD,Tripwire App - TE Integration Framework - Jira - Utility-NewMaintenance,FIM-FIM-RNM-TRAPTE,New Maintenance,true,01sWC0000022GHFYA2,Fortra Price Book,USD,0,true
01uWC000005wszFYAQ,01tWC00000DD1h2YAD,Tripwire App - TE Integration Framework - Remedy - Utility-NewMaintenance,FIM-FIM-RNM-TAPTEI,New Maintenance,true,01sWC0000022GHFYA2,Fortra Price Book,USD,0,true
01uWC000005wszdYAA,01tWC00000DD1kGYAT,SEQUEL SMB Bundle Included Users-RenewalMaintenance,BI-SQ-RRM-SESMBB,Renewal Maintenance,true,01sWC0000022GHFYA2,Fortra Price Book,USD,0,true
01uWC000005wszeYAA,01tWC00000DD1kIYAT,SEQUEL Solution Bundle-NewMaintenance,BI-SQ-RNM-SESO,New Maintenance,true,01sWC0000022GHFYA2,Fortra Price Book,USD,0,true
01uWC000005wszfYAA,01tWC00000DD1kKYAT,SEQUEL Solution Bundle-RenewalMaintenance,BI-SQ-RRM-SEQSOL,Renewal Maintenance,true,01sWC0000022GHFYA2,Fortra Price Book,USD,0,true
01uWC000005wszgYAA,01tWC00000DD1kOYAT,SEQUEL Web Interface-NewMaintenance,BI-SWI-RNM-SWIM,New Maintenance,true,01sWC0000022GHFYA2,Fortra Price Book,USD,0,true
01uWC000005wszhYAA,01tWC00000DD1kQYAT,SEQUEL Web Interface-RenewalMaintenance,BI-SWI-RRM-SEQUEW,Renewal Maintenance,true,01sWC0000022GHFYA2,Fortra Price Book,USD,0,true
01uWC000005wsziYAA,01tWC00000DD1keYAD,SharePoint Classifier-NewMaintenance,DP-DC-RNM-SHARCN,New Maintenance,true,01sWC0000022GHFYA2,Fortra Price Book,USD,0,true
01uWC000005wszjYAA,01tWC00000DD1kgYAD,SharePoint Classifier-RenewalMaintenance,DP-DC-RRM-SHARCR,Renewal Maintenance,true,01sWC0000022GHFYA2,Fortra Price Book,USD,0,true
01uWC000005wszkYAA,01tWC00000DD1kiYAD,SharePoint MDS-NewMaintenance,DP-DC-RNM-SHARMD,New Maintenance,true,01sWC0000022GHFYA2,Fortra Price Book,USD,0,true
01uWC000005wszlYAA,01tWC00000DD1UIYA1,PCL to PDF Converter-RenewalMaintenance,DM-IBM-RRM-PCLTRE,Renewal Maintenance,true,01sWC0000022GHFYA2,Fortra Price Book,USD,0,true
01uWC000005wszmYAA,01tWC00000DD1sRYAT,VMC - Universal Transaction Agent - 5 Script Runners-NewMaintenance,SM-VMC-RNM-VMCU,New Maintenance,true,01sWC0000022GHFYA2,Fortra Price Book,USD,0,true
01uWC000005wsznYAA,01tWC00000DD1sTYAT,VMC - Universal Transaction Agent - 5 Script Runners-RenewalMaintenance,SM-VMC-RRM-VUTM,Renewal Maintenance,true,01sWC0000022GHFYA2,Fortra Price Book,USD,0,true
01uWC000005wszoYAA,01tWC00000DD1sVYAT,VMC - Universal Transaction Agent - Additional Script Runners-NewMaintenance,SM-VMC-RNM-VMUN,New Maintenance,true,01sWC0000022GHFYA2,Fortra Price Book,USD,0,true
01uWC000005wszpYAA,01tWC00000DD1sXYAT,VMC - Universal Transaction Agent - Additional Script Runners-RenewalMaintenance,SM-VMC-RRM-VMCUN,Renewal Maintenance,true,01sWC0000022GHFYA2,Fortra Price Book,USD,0,true
01uWC000005wszqYAA,01tWC00000DD1sZYAT,VMC - Unix Operations Agent-NewMaintenance,SM-VMC-RNM-VUOM,New Maintenance,true,01sWC0000022GHFYA2,Fortra Price Book,USD,0,true
01uWC000005wszrYAA,01tWC00000DD1sbYAD,VMC - Unix Operations Agent-RenewalMaintenance,SM-VMC-RRM-VMCUNI,Renewal Maintenance,true,01sWC0000022GHFYA2,Fortra Price Book,USD,0,true
01uWC000005wszsYAA,01tWC00000DD1UKYA1,PDF Converter-NewMaintenance,DM-IRC-RNM-PDFCNM,New Maintenance,true,01sWC0000022GHFYA2,Fortra Price Book,USD,0,true
01uWC000005wsztYAA,01tWC00000DD1UMYA1,PDF Converter-RenewalMaintenance,DM-IRC-RRM-PDFCRM,Renewal Maintenance,true,01sWC0000022GHFYA2,Fortra Price Book,USD,0,true
01uWC000005wszuYAA,01tWC00000DD1UOYA1,PDF Splitter-NewMaintenance,DM-PCR-RNM-PDFSNM,New Maintenance,true,01sWC0000022GHFYA2,Fortra Price Book,USD,0,true
01uWC000005wszvYAA,01tWC00000DD1UQYA1,PDF Splitter-RenewalMaintenance,DM-PCR-RRM-PDFSRM,Renewal Maintenance,true,01sWC0000022GHFYA2,Fortra Price Book,USD,0,true
01uWC000005wszwYAA,01tWC00000DD1USYA1,PeekPlus-NewMaintenance,SM-PKP-RNM-PEEKNE,New Maintenance,true,01sWC0000022GHFYA2,Fortra Price Book,USD,0,true
01uWC000005wszxYAA,01tWC00000DD1UUYA1,PeekPlus-RenewalMaintenance,SM-PKP-RRM-PEEKRE,Renewal Maintenance,true,01sWC0000022GHFYA2,Fortra Price Book,USD,0,true
01uWC000005wszyYAA,01tWC00000DD1UWYA1,Perf Analyzer GUI-NewMaintenance,SM-PFA-RNM-PAGNEW,New Maintenance,true,01sWC0000022GHFYA2,Fortra Price Book,USD,0,true
01uWC000005wszzYAA,01tWC00000DD1UYYA1,Perf Analyzer GUI-RenewalMaintenance,SM-PFA-RRM-PAGREN,Renewal Maintenance,true,01sWC0000022GHFYA2,Fortra Price Book,USD,0,true
01uWC000005wt00YAA,01tWC00000DD1UaYAL,Performance Analyzer-NewMaintenance,SM-PFA-RNM-PANM,New Maintenance,true,01sWC0000022GHFYA2,Fortra Price Book,USD,0,true
01uWC000005wt01YAA,01tWC00000DD1UcYAL,Performance Analyzer-RenewalMaintenance,SM-PFA-RRM-PARM,Renewal Maintenance,true,01sWC0000022GHFYA2,Fortra Price Book,USD,0,true
01uWC000005wt02YAA,01tWC00000DD1UeYAL,Performance Monitor-NewMaintenance,SM-SYM-RNM-PMNM,New Maintenance,true,01sWC0000022GHFYA2,Fortra Price Book,USD,0,true
01uWC000005wt03YAA,01tWC00000DD1UgYAL,Performance Monitor-RenewalMaintenance,SM-SYM-RRM-PMRM,Renewal Maintenance,true,01sWC0000022GHFYA2,Fortra Price Book,USD,0,true
01uWC000005wt04YAA,01tWC00000DD1UiYAL,Performance Navigator-NewMaintenance,SM-PN-RNM-PNNM,New Maintenance,true,01sWC0000022GHFYA2,Fortra Price Book,USD,0,true
01uWC000005wt05YAA,01tWC00000DD1UkYAL,Performance Navigator-RenewalMaintenance,SM-PN-RRM-PNRM,Renewal Maintenance,true,01sWC0000022GHFYA2,Fortra Price Book,USD,0,true
01uWC000005wt06YAA,01tWC00000DD1UmYAL,Performance Navigator for IBM i-NewMaintenance,SM-PN-RNM-PNIINM,New Maintenance,true,01sWC0000022GHFYA2,Fortra Price Book,USD,0,true
01uWC000005wt07YAA,01tWC00000DD1UnYAL,Performance Navigator for IBM i-RenewalMaintenance,SM-PN-RRM-PNIIRM,Renewal Maintenance,true,01sWC0000022GHFYA2,Fortra Price Book,USD,0,true
01uWC000005wt08YAA,01tWC00000DD1V0YAL,PMPlus OS2200-1-Year-Tier10-Mainframe-NewMaintenance,CM-TQO-RNM-PO1YNE,New Maintenance,true,01sWC0000022GHFYA2,Fortra Price Book,USD,0,true
01uWC000005wt09YAA,01tWC00000DD1V2YAL,PMPlus OS2200-1-Year-Tier10-Mainframe-RenewalMaintenance,CM-TQO-RRM-PO1YRE,Renewal Maintenance,true,01sWC0000022GHFYA2,Fortra Price Book,USD,0,true
01uWC000005wt0AYAQ,01tWC00000DD1WnYAL,QMessage Monitor-NewMaintenance,SM-QMM-RNM-QMESNE,New Maintenance,true,01sWC0000022GHFYA2,Fortra Price Book,USD,0,true
01uWC000005wt0BYAQ,01tWC00000DD1WpYAL,QMessage Monitor-RenewalMaintenance,SM-QMM-RRM-QMESRE,Renewal Maintenance,true,01sWC0000022GHFYA2,Fortra Price Book,USD,0,true
01uWC000005wt0CYAQ,01tWC00000DD1WrYAL,QRemote Control-NewMaintenance,SM-QRC-RNM-QREMNE,New Maintenance,true,01sWC0000022GHFYA2,Fortra Price Book,USD,0,true
01uWC000005wt0DYAQ,01tWC00000DD1WtYAL,QRemote Control-RenewalMaintenance,SM-QRC-RRM-QREMRE,Renewal Maintenance,true,01sWC0000022GHFYA2,Fortra Price Book,USD,0,true
01uWC000005wt0EYAQ,01tWC00000DD1WvYAL,QSystem Monitor-NewMaintenance,SM-QSM-RNM-QSYSNE,New Maintenance,true,01sWC0000022GHFYA2,Fortra Price Book,USD,0,true
01uWC000005wt0FYAQ,01tWC00000DD1WxYAL,QSystem Monitor-RenewalMaintenance,SM-QSM-RRM-QSYSRE,Renewal Maintenance,true,01sWC0000022GHFYA2,Fortra Price Book,USD,0,true
01uWC000005wt0GYAQ,01tWC00000DD1WzYAL,Query & Report Writer-NewMaintenance,BI-QRW-RNM-QRWNEW,New Maintenance,true,01sWC0000022GHFYA2,Fortra Price Book,USD,0,true
01uWC000005wt0HYAQ,01tWC00000DD1X1YAL,Query & Report Writer-RenewalMaintenance,BI-QRW-RRM-QRWREN,Renewal Maintenance,true,01sWC0000022GHFYA2,Fortra Price Book,USD,0,true
01uWC000005wt0IYAQ,01tWC00000DD1X4YAL,RAW Report Converter-NewMaintenance,DM-IRC-RNM-RAWRNE,New Maintenance,true,01sWC0000022GHFYA2,Fortra Price Book,USD,0,true
01uWC000005wt0JYAQ,01tWC00000DD1X6YAL,RAW Report Converter-RenewalMaintenance,DM-IRC-RRM-RAWRRE,Renewal Maintenance,true,01sWC0000022GHFYA2,Fortra Price Book,USD,0,true
01uWC000005wt0KYAQ,01tWC00000DD1X9YAL,Record and Playback-NewMaintenance,SM-RAP-RNM-RECONE,New Maintenance,true,01sWC0000022GHFYA2,Fortra Price Book,USD,0,true
01uWC000005wt0LYAQ,01tWC00000DD1sdYAD,VMC - Unix Security Agent-NewMaintenance,SM-VMC-RNM-VUSM,New Maintenance,true,01sWC0000022GHFYA2,Fortra Price Book,USD,0,true
01uWC000005wt0MYAQ,01tWC00000DD1sfYAD,VMC - Unix Security Agent-RenewalMaintenance,SM-VMC-RRM-VMUNIX,Renewal Maintenance,true,01sWC0000022GHFYA2,Fortra Price Book,USD,0,true
01uWC000005wt0NYAQ,01tWC00000DD1shYAD,VMC - Visual Message Center Dashboards-NewMaintenance,SM-VMC-RNM-VMCV,New Maintenance,true,01sWC0000022GHFYA2,Fortra Price Book,USD,0,true
01uWC000005wt0OYAQ,01tWC00000DD1K4YAL,"Fortra DCS ""Advance"" ULTRA Package-NewMaintenance",DP-DC-RNM-FDUPN,New Maintenance,true,01sWC0000022GHFYA2,Fortra Price Book,USD,0,true
01uWC000005wt0PYAQ,01tWC00000DD1K7YAL,"Fortra DCS ""Advance"" ULTRA Package-RenewalMaintenance",DP-DC-RRM-FDUPR,Renewal Maintenance,true,01sWC0000022GHFYA2,Fortra Price Book,USD,0,true
01uWC000005wt0QYAQ,01tWC00000DD1KBYA1,"Fortra DCS ""Plus"" ULTRA Package-NewMaintenance",DP-DC-RNM-FDPUPN,New Maintenance,true,01sWC0000022GHFYA2,Fortra Price Book,USD,0,true
01uWC000005wt0RYAQ,01tWC00000DD1KEYA1,"Fortra DCS ""Plus"" ULTRA Package-RenewalMaintenance",DP-DC-RRM-FDPUPR,Renewal Maintenance,true,01sWC0000022GHFYA2,Fortra Price Book,USD,0,true
01uWC000005wt0SYAQ,01tWC00000DD1KHYA1,Fortra DCS Advanced Package-NewMaintenance,DP-DC-RNM-FDAPNM,New Maintenance,true,01sWC0000022GHFYA2,Fortra Price Book,USD,0,true
01uWC000005wt0TYAQ,01tWC00000DD1KJYA1,Fortra DCS Advanced Package-RenewalMaintenance,DP-DC-RRM-FDAPRM,Renewal Maintenance,true,01sWC0000022GHFYA2,Fortra Price Book,USD,0,true
01uWC000005wt0UYAQ,01tWC00000DD1KKYA1,Fortra DCS Essential Package-NewMaintenance,DP-DC-RNM-FDEPNM,New Maintenance,true,01sWC0000022GHFYA2,Fortra Price Book,USD,0,true
01uWC000005wt0VYAQ,01tWC00000DD1KMYA1,Fortra DCS Essential Package-RenewalMaintenance,DP-DC-RRM-FDEPRM,Renewal Maintenance,true,01sWC0000022GHFYA2,Fortra Price Book,USD,0,true
01uWC000005wt0WYAQ,01tWC00000DD1KOYA1,Fortra DCS ESSENTIALS ULTRA PACKAGE-NewMaintenance,DP-DC-RNM-FDEUPN,New Maintenance,true,01sWC0000022GHFYA2,Fortra Price Book,USD,0,true
01uWC000005wt0XYAQ,01tWC00000DD1KQYA1,Fortra DCS ESSENTIALS ULTRA PACKAGE-RenewalMaintenance,DP-DC-RRM-FDEUPR,Renewal Maintenance,true,01sWC0000022GHFYA2,Fortra Price Book,USD,0,true
01uWC000005wt0YYAQ,01tWC00000DD1KSYA1,Fortra DCS for DaR (Data at rest) with DCS INTELLIGENT PROTECTION-NewMaintenance,DP-DC-RNM-FDDRDA,New Maintenance,true,01sWC0000022GHFYA2,Fortra Price Book,USD,0,true
01uWC000005wt0ZYAQ,01tWC00000DD1KVYA1,Fortra DCS for DaR (Data at rest) with DCS INTELLIGENT PROTECTION-RenewalMaintenance,DP-DC-RRM-FDDM,Renewal Maintenance,true,01sWC0000022GHFYA2,Fortra Price Book,USD,0,true
01uWC000005wt0aYAA,01tWC00000DD1KYYA1,Fortra DCS for Data at Rest-NewMaintenance,DP-DC-RNM-FDDARN,New Maintenance,true,01sWC0000022GHFYA2,Fortra Price Book,USD,0,true
01uWC000005wt0bYAA,01tWC00000DD1KaYAL,Fortra DCS for Data at Rest-RenewalMaintenance,DP-DC-RRM-FDDARR,Renewal Maintenance,true,01sWC0000022GHFYA2,Fortra Price Book,USD,0,true
01uWC000005wt0cYAA,01tWC00000DD1KbYAL,Fortra Mail for iOS-NewMaintenance,DP-DC-RNM-FMIONM,New Maintenance,true,01sWC0000022GHFYA2,Fortra Price Book,USD,0,true
01uWC000005wt0dYAA,01tWC00000DD1KdYAL,Fortra Mail for iOS-RenewalMaintenance,DP-DC-RRM-FMIORM,Renewal Maintenance,true,01sWC0000022GHFYA2,Fortra Price Book,USD,0,true
01uWC000005wt0eYAA,01tWC00000DD1LVYA1,FTP/400-NewMaintenance,DM-DML-RNM-FTP4,New Maintenance,true,01sWC0000022GHFYA2,Fortra Price Book,USD,0,true
01uWC000005wt0fYAA,01tWC00000DD1LXYA1,FTP/400-RenewalMaintenance,DM-DML-RRM-F4RM,Renewal Maintenance,true,01sWC0000022GHFYA2,Fortra Price Book,USD,0,true
01uWC000005wt0gYAA,01tWC00000DD1LYYA1,FTP/400 Remote Comma-NewMaintenance,DM-DML-RNM-FT40,New Maintenance,true,01sWC0000022GHFYA2,Fortra Price Book,USD,0,true
01uWC000005wt0hYAA,01tWC00000DD1LaYAL,FTP/400 Remote Comma-RenewalMaintenance,DM-DML-RRM-FTRM,Renewal Maintenance,true,01sWC0000022GHFYA2,Fortra Price Book,USD,0,true
01uWC000005wt0iYAA,01tWC00000DD1LfYAL,Gannett Suite-NewMaintenance,SM-HCS-RNM-GANNNE,New Maintenance,true,01sWC0000022GHFYA2,Fortra Price Book,USD,0,true
01uWC000005wt0jYAA,01tWC00000DD1LhYAL,Gannett Suite-RenewalMaintenance,SM-HCS-RRM-GANNRE,Renewal Maintenance,true,01sWC0000022GHFYA2,Fortra Price Book,USD,0,true
01uWC000005wt0kYAA,01tWC00000DD1LnYAL,GoAnywhere Accelerated File Transfer-NewMaintenance,GOA-GAM-RNM-GAAFTN,New Maintenance,true,01sWC0000022GHFYA2,Fortra Price Book,USD,0,true
01uWC000005wt0lYAA,01tWC00000DD1LpYAL,GoAnywhere Accelerated File Transfer-RenewalMaintenance,GOA-GAM-RRM-GAAFTR,Renewal Maintenance,true,01sWC0000022GHFYA2,Fortra Price Book,USD,0,true
01uWC000005wt0mYAA,01tWC00000DD1LrYAL,GoAnywhere Accelerated File Transfer Per Gbps-NewMaintenance,GOA-GAM-RNM-GOANYW,New Maintenance,true,01sWC0000022GHFYA2,Fortra Price Book,USD,0,true
01uWC000005wt0nYAA,01tWC00000DD1LtYAL,GoAnywhere Accelerated File Transfer Per Gbps-RenewalMaintenance,GOA-GAM-RRM-GAAM,Renewal Maintenance,true,01sWC0000022GHFYA2,Fortra Price Book,USD,0,true
01uWC000005wt0oYAA,01tWC00000DD1NDYA1,GoAnywhere FTP Client & Server-RenewalMaintenance,GOA-GAM-RRM-GAFCSR,Renewal Maintenance,true,01sWC0000022GHFYA2,Fortra Price Book,USD,0,true
01uWC000005wt0pYAA,01tWC00000DD1NFYA1,GoAnywhere FTPS Server-NewMaintenance,GOA-GAM-RNM-GAFSNM,New Maintenance,true,01sWC0000022GHFYA2,Fortra Price Book,USD,0,true
01uWC000005wt0qYAA,01tWC00000DD1NHYA1,GoAnywhere FTPS Server-RenewalMaintenance,GOA-GAM-RRM-GAFSRM,Renewal Maintenance,true,01sWC0000022GHFYA2,Fortra Price Book,USD,0,true
01uWC000005wt0rYAA,01tWC00000DD1NJYA1,GoAnywhere Gateway-NewMaintenance,GOA-GAM-RNM-GAGNM,New Maintenance,true,01sWC0000022GHFYA2,Fortra Price Book,USD,0,true
01uWC000005wt0sYAA,01tWC00000DD1FbYAL,EFT MTC-NewMaintenance,GS-GSE-RNM-EFTM,New Maintenance,true,01sWC0000022GHFYA2,Fortra Price Book,USD,0,true
01uWC000005wt0tYAA,01tWC00000DD1PcYAL,"HMM, HEP, HPM-NewMaintenance",SM-SYM-RNM-HHHNEW,New Maintenance,true,01sWC0000022GHFYA2,Fortra Price Book,USD,0,true
01uWC000005wt0uYAA,01tWC00000DD1PeYAL,"HMM, HEP, HPM-RenewalMaintenance",SM-SYM-RRM-HHHREN,Renewal Maintenance,true,01sWC0000022GHFYA2,Fortra Price Book,USD,0,true
01uWC000005wt0vYAA,01tWC00000DD1PqYAL,HTML Report Converter-NewMaintenance,DM-IRC-RNM-HTMLNE,New Maintenance,true,01sWC0000022GHFYA2,Fortra Price Book,USD,0,true
01uWC000005wt0wYAA,01tWC00000DD1PsYAL,HTML Report Converter-RenewalMaintenance,DM-IRC-RRM-HTMLRE,Renewal Maintenance,true,01sWC0000022GHFYA2,Fortra Price Book,USD,0,true
01uWC000005wt0xYAA,01tWC00000DD1PuYAL,HTTPS Feature for SECURE Web Gateway-NewMaintenance,ES-SWG-RNM-HTTPSF,New Maintenance,true,01sWC0000022GHFYA2,Fortra Price Book,USD,0,true
01uWC000005wt0yYAA,01tWC00000DD1PwYAL,HTTPS Feature for SECURE Web Gateway-RenewalMaintenance,ES-SWG-RRM-HFSM,Renewal Maintenance,true,01sWC0000022GHFYA2,Fortra Price Book,USD,0,true
01uWC000005wt0zYAA,01tWC00000DD1Q5YAL,iEncrypt-NewMaintenance,DM-IBM-RNM-IENCNE,New Maintenance,true,01sWC0000022GHFYA2,Fortra Price Book,USD,0,true
01uWC000005wt10YAA,01tWC00000DD1Q7YAL,iEncrypt-RenewalMaintenance,DM-IBM-RRM-IENCRE,Renewal Maintenance,true,01sWC0000022GHFYA2,Fortra Price Book,USD,0,true
01uWC000005wt11YAA,01tWC00000DD1Q9YAL,IFDS Suite-NewMaintenance,SM-HCS-RNM-IFDSNE,New Maintenance,true,01sWC0000022GHFYA2,Fortra Price Book,USD,0,true
01uWC000005wt12YAA,01tWC00000DD1QBYA1,IFDS Suite-RenewalMaintenance,SM-HCS-RRM-IFDSRE,Renewal Maintenance,true,01sWC0000022GHFYA2,Fortra Price Book,USD,0,true
01uWC000005wt13YAA,01tWC00000DD1QCYA1,iForms-NewMaintenance,DM-IFO-RNM-IFORNE,New Maintenance,true,01sWC0000022GHFYA2,Fortra Price Book,USD,0,true
01uWC000005wt14YAA,01tWC00000DD1QFYA1,LPAR-NewMaintenance,SM-RLP-RNM-LPARNE,New Maintenance,true,01sWC0000022GHFYA2,Fortra Price Book,USD,0,true
01uWC000005wt15YAA,01tWC00000DD1RPYA1,Mizuno Suite-RenewalMaintenance,SM-HCS-RRM-MIZURE,Renewal Maintenance,true,01sWC0000022GHFYA2,Fortra Price Book,USD,0,true
01uWC000005wt16YAA,01tWC00000DD1RRYA1,Mobile Classifier-NewMaintenance,DP-DC-RNM-MOBICN,New Maintenance,true,01sWC0000022GHFYA2,Fortra Price Book,USD,0,true
01uWC000005wt17YAA,01tWC00000DD1RTYA1,Mobile Classifier-RenewalMaintenance,DP-DC-RRM-MOBICR,Renewal Maintenance,true,01sWC0000022GHFYA2,Fortra Price Book,USD,0,true
01uWC000005wt18YAA,01tWC00000DD1RWYA1,Monitor-NewMaintenance,SM-ROM-RNM-MONINE,New Maintenance,true,01sWC0000022GHFYA2,Fortra Price Book,USD,0,true
01uWC000005wt19YAA,01tWC00000DD1RYYA1,Monitor-RenewalMaintenance,SM-ROM-RRM-MONIRE,Renewal Maintenance,true,01sWC0000022GHFYA2,Fortra Price Book,USD,0,true
01uWC000005wt1AYAQ,01tWC00000DD1RbYAL,MQ Manager-NewMaintenance,SM-MQM-RNM-MQMNEW,New Maintenance,true,01sWC0000022GHFYA2,Fortra Price Book,USD,0,true
01uWC000005wt1BYAQ,01tWC00000DD1RdYAL,MQ Manager-RenewalMaintenance,SM-MQM-RRM-MQMREN,Renewal Maintenance,true,01sWC0000022GHFYA2,Fortra Price Book,USD,0,true
01uWC000005wt1CYAQ,01tWC00000DD1RkYAL,Multiple System Administrator-NewMaintenance,CS-DFT-RNM-MSANEW,New Maintenance,true,01sWC0000022GHFYA2,Fortra Price Book,USD,0,true
01uWC000005wt1DYAQ,01tWC00000DD1RmYAL,Multiple System Administrator-RenewalMaintenance,CS-DFT-RRM-MSAREN,Renewal Maintenance,true,01sWC0000022GHFYA2,Fortra Price Book,USD,0,true
01uWC000005wt1EYAQ,01tWC00000DD1RpYAL,Native AFP to PDF Report-NewMaintenance,DM-DML-RNM-NATPRN,New Maintenance,true,01sWC0000022GHFYA2,Fortra Price Book,USD,0,true
01uWC000005wt1FYAQ,01tWC00000DD1TRYA1,OCR Feature For SECURE ICAP Gateway-NewMaintenance,ES-SIG-RNM-OCRFE,New Maintenance,true,01sWC0000022GHFYA2,Fortra Price Book,USD,0,true
01uWC000005wt1GYAQ,01tWC00000DD1TTYA1,OCR Feature For SECURE ICAP Gateway-RenewalMaintenance,ES-SIG-RRM-OCFEAT,Renewal Maintenance,true,01sWC0000022GHFYA2,Fortra Price Book,USD,0,true
01uWC000005wt1HYAQ,01tWC00000DD1TVYA1,OCR Feature For SECURE Web Gateway-NewMaintenance,ES-SWG-RNM-OCRFS,New Maintenance,true,01sWC0000022GHFYA2,Fortra Price Book,USD,0,true
01uWC000005wt1IYAQ,01tWC00000DD1TXYA1,OCR Feature For SECURE Web Gateway-RenewalMaintenance,ES-SWG-RRM-OCRFSE,Renewal Maintenance,true,01sWC0000022GHFYA2,Fortra Price Book,USD,0,true
01uWC000005wt1JYAQ,01tWC00000DD1TZYA1,OCR For SECURE ICAP Gateway Per Instance-NewMaintenance,ES-SIG-RNM-OCRS,New Maintenance,true,01sWC0000022GHFYA2,Fortra Price Book,USD,0,true
01uWC000005wt1KYAQ,01tWC00000DD1TbYAL,OCR For SECURE ICAP Gateway Per Instance-RenewalMaintenance,ES-SIG-RRM-OSIM,Renewal Maintenance,true,01sWC0000022GHFYA2,Fortra Price Book,USD,0,true
01uWC000005wt1LYAQ,01tWC00000DD1TnYAL,ORG PERP SECURE Email Gateway-NewMaintenance,ES-SEG-RNM-ORGPNE,New Maintenance,true,01sWC0000022GHFYA2,Fortra Price Book,USD,0,true
01uWC000005wt1MYAQ,01tWC00000DD1TpYAL,ORG PERP SECURE Email Gateway-RenewalMaintenance,ES-SEG-RRM-ORGPRE,Renewal Maintenance,true,01sWC0000022GHFYA2,Fortra Price Book,USD,0,true
01uWC000005wt1NYAQ,01tWC00000DD1beYAD,Powertech Encryption for IBM i (Backup Encryption Module)-RenewalMaintenance,CS-PEI-RRM-POWERE,Renewal Maintenance,true,01sWC0000022GHFYA2,Fortra Price Book,USD,0,true
01uWC000005wt1OYAQ,01tWC00000DD1fNYAT,SECURE Web Gateway Essential Security Package-NewMaintenance,ES-SWG-RNM-SEWEBG,New Maintenance,true,01sWC0000022GHFYA2,Fortra Price Book,USD,0,true
01uWC000005wt1PYAQ,01tWC00000DD1fPYAT,SECURE Web Gateway Essential Security Package-RenewalMaintenance,ES-SWG-RRM-SWEBGA,Renewal Maintenance,true,01sWC0000022GHFYA2,Fortra Price Book,USD,0,true
01uWC000005wt1QYAQ,01tWC00000DD1fRYAT,SecureReset-NewMaintenance,IGA-AAS-RNM-SECUNE,New Maintenance,true,01sWC0000022GHFYA2,Fortra Price Book,USD,0,true
01uWC000005wt1RYAQ,01tWC00000DD1fTYAT,SecureReset-RenewalMaintenance,IGA-AAS-RRM-SECURM,Renewal Maintenance,true,01sWC0000022GHFYA2,Fortra Price Book,USD,0,true
01uWC000005wt1SYAQ,01tWC00000DD1bgYAD,Powertech Encryption for IBM i (Field Encryption Module)-NewMaintenance,CS-PEI-RNM-PEIIFE,New Maintenance,true,01sWC0000022GHFYA2,Fortra Price Book,USD,0,true
01uWC000005wt1TYAQ,01tWC00000DD1biYAD,Powertech Encryption for IBM i (Field Encryption Module)-RenewalMaintenance,CS-PEI-RRM-POWEEN,Renewal Maintenance,true,01sWC0000022GHFYA2,Fortra Price Book,USD,0,true
01uWC000005wt1UYAQ,01tWC00000DD1bkYAD,Powertech Event Manager-NewMaintenance,CS-PEM-RNM-PEMNM,New Maintenance,true,01sWC0000022GHFYA2,Fortra Price Book,USD,0,true
01uWC000005wt1VYAQ,01tWC00000DD1bmYAD,Powertech Event Manager-RenewalMaintenance,CS-PEM-RRM-PEMRM,Renewal Maintenance,true,01sWC0000022GHFYA2,Fortra Price Book,USD,0,true
01uWC000005wt1WYAQ,01tWC00000DD1boYAD,Powertech Exit Point Manager for IBM i-NewMaintenance,CS-PEP-RNM-PEPMII,New Maintenance,true,01sWC0000022GHFYA2,Fortra Price Book,USD,0,true
01uWC000005wt1XYAQ,01tWC00000DD1bqYAD,Powertech Exit Point Manager for IBM i-RenewalMaintenance,CS-PEP-RRM-PEPM,Renewal Maintenance,true,01sWC0000022GHFYA2,Fortra Price Book,USD,0,true
01uWC000005wt1YYAQ,01tWC00000DD1byYAD,Powertech Identity Manager for IBM i-NewMaintenance,CS-PIM-RNM-PIMIIN,New Maintenance,true,01sWC0000022GHFYA2,Fortra Price Book,USD,0,true
01uWC000005wt1ZYAQ,01tWC00000DD1c0YAD,Powertech Identity Manager for IBM i-RenewalMaintenance,CS-PIM-RRM-PIMIIR,Renewal Maintenance,true,01sWC0000022GHFYA2,Fortra Price Book,USD,0,true
01uWC000005wt1aYAA,01tWC00000DD1ejYAD,SECURE ICAP Gateway Advanced Security Package Per Instance-NewMaintenance,ES-SIG-RNM-SECURI,New Maintenance,true,01sWC0000022GHFYA2,Fortra Price Book,USD,0,true
01uWC000005wt1bYAA,01tWC00000DD1elYAD,SECURE ICAP Gateway Advanced Security Package Per Instance-RenewalMaintenance,ES-SIG-RRM-SECUIC,Renewal Maintenance,true,01sWC0000022GHFYA2,Fortra Price Book,USD,0,true
01uWC000005wt1cYAA,01tWC00000DD1enYAD,SECURE ICAP Gateway Advanced Security Package Per User-NewMaintenance,ES-SIG-RNM-SECICA,New Maintenance,true,01sWC0000022GHFYA2,Fortra Price Book,USD,0,true
01uWC000005wt1dYAA,01tWC00000DD1epYAD,SECURE ICAP Gateway Advanced Security Package Per User-RenewalMaintenance,ES-SIG-RRM-SEICAP,Renewal Maintenance,true,01sWC0000022GHFYA2,Fortra Price Book,USD,0,true
01uWC000005wt1eYAA,01tWC00000DD1erYAD,SECURE ICAP Gateway Elite Security Package Per Instance-NewMaintenance,ES-SIG-RNM-SICAP,New Maintenance,true,01sWC0000022GHFYA2,Fortra Price Book,USD,0,true
01uWC000005wt1fYAA,01tWC00000DD1etYAD,SECURE ICAP Gateway Elite Security Package Per Instance-RenewalMaintenance,ES-SIG-RRM-SECICG,Renewal Maintenance,true,01sWC0000022GHFYA2,Fortra Price Book,USD,0,true
01uWC000005wt1gYAA,01tWC00000DD1evYAD,SECURE ICAP Gateway Elite Security Package Per User-NewMaintenance,ES-SIG-RNM-SEICAG,New Maintenance,true,01sWC0000022GHFYA2,Fortra Price Book,USD,0,true
01uWC000005wt1hYAA,01tWC00000DD1exYAD,SECURE ICAP Gateway Elite Security Package Per User-RenewalMaintenance,ES-SIG-RRM-SICAGA,Renewal Maintenance,true,01sWC0000022GHFYA2,Fortra Price Book,USD,0,true
01uWC000005wt1iYAA,01tWC00000DD1ezYAD,SECURE ICAP Gateway Essential Security Package Per Instance-NewMaintenance,ES-SIG-RNM-SEICGA,New Maintenance,true,01sWC0000022GHFYA2,Fortra Price Book,USD,0,true
01uWC000005wt1jYAA,01tWC00000DD1f1YAD,SECURE ICAP Gateway Essential Security Package Per Instance-RenewalMaintenance,ES-SIG-RRM-SEIGAE,Renewal Maintenance,true,01sWC0000022GHFYA2,Fortra Price Book,USD,0,true
01uWC000005wt1kYAA,01tWC00000DD1f3YAD,SECURE ICAP Gateway Essential Security Package Per User-NewMaintenance,ES-SIG-RNM-SICGES,New Maintenance,true,01sWC0000022GHFYA2,Fortra Price Book,USD,0,true
01uWC000005wt1lYAA,01tWC00000DD1f5YAD,SECURE ICAP Gateway Essential Security Package Per User-RenewalMaintenance,ES-SIG-RRM-SIGAES,Renewal Maintenance,true,01sWC0000022GHFYA2,Fortra Price Book,USD,0,true
01uWC000005wt1mYAA,01tWC00000DD1f7YAD,SECURE ICAP Gateway Per Instance-NewMaintenance,ES-SIG-RNM-SEICGP,New Maintenance,true,01sWC0000022GHFYA2,Fortra Price Book,USD,0,true
01uWC000005wt1nYAA,01tWC00000DD1f9YAD,SECURE ICAP Gateway Per Instance-RenewalMaintenance,ES-SIG-RRM-SICGAP,Renewal Maintenance,true,01sWC0000022GHFYA2,Fortra Price Book,USD,0,true
01uWC000005wt1oYAA,01tWC00000DD1fBYAT,SECURE Web Gateway-NewMaintenance,ES-SWG-RNM-SWGM,New Maintenance,true,01sWC0000022GHFYA2,Fortra Price Book,USD,0,true
01uWC000005wt1pYAA,01tWC00000DD1fDYAT,SECURE Web Gateway-RenewalMaintenance,ES-SWG-RRM-SEWE,Renewal Maintenance,true,01sWC0000022GHFYA2,Fortra Price Book,USD,0,true
01uWC000005wt1qYAA,01tWC00000DD1fFYAT,SECURE Web Gateway Advanced Security Package-NewMaintenance,ES-SWG-RNM-SECURW,New Maintenance,true,01sWC0000022GHFYA2,Fortra Price Book,USD,0,true
01uWC000005wt1rYAA,01tWC00000DD1fHYAT,SECURE Web Gateway Advanced Security Package-RenewalMaintenance,ES-SWG-RRM-SECWEB,Renewal Maintenance,true,01sWC0000022GHFYA2,Fortra Price Book,USD,0,true
01uWC000005wt1sYAA,01tWC00000DD1fJYAT,SECURE Web Gateway Elite Security Package-NewMaintenance,ES-SWG-RNM-SWEB,New Maintenance,true,01sWC0000022GHFYA2,Fortra Price Book,USD,0,true
01uWC000005wt1tYAA,01tWC00000DD1fLYAT,SECURE Web Gateway Elite Security Package-RenewalMaintenance,ES-SWG-RRM-SECWEG,Renewal Maintenance,true,01sWC0000022GHFYA2,Fortra Price Book,USD,0,true
01uWC000005wt1uYAA,01tWC00000DD1fVYAT,Security-NewMaintenance,SM-SYM-RNM-SNM,New Maintenance,true,01sWC0000022GHFYA2,Fortra Price Book,USD,0,true
01uWC000005wt1vYAA,01tWC00000DD1fXYAT,Security-RenewalMaintenance,SM-SYM-RRM-SRM,Renewal Maintenance,true,01sWC0000022GHFYA2,Fortra Price Book,USD,0,true
01uWC000005wt1wYAA,01tWC00000DD1faYAD,Security Audit-NewMaintenance,CS-SA-RNM-SANM,New Maintenance,true,01sWC0000022GHFYA2,Fortra Price Book,USD,0,true
01uWC000005wt1xYAA,01tWC00000DD1fcYAD,Security Audit-RenewalMaintenance,CS-SA-RRM-SARM,Renewal Maintenance,true,01sWC0000022GHFYA2,Fortra Price Book,USD,0,true
01uWC000005wt1yYAA,01tWC00000DD1feYAD,Security Audit & Detection-NewMaintenance,CS-DFT-RNM-SADNM,New Maintenance,true,01sWC0000022GHFYA2,Fortra Price Book,USD,0,true
01uWC000005wt1zYAA,01tWC00000DD1fgYAD,Security Audit & Detection-RenewalMaintenance,CS-DFT-RRM-SADRM,Renewal Maintenance,true,01sWC0000022GHFYA2,Fortra Price Book,USD,0,true
01uWC000005wt20YAA,01tWC00000DD1fqYAD,Security KM Events-NewMaintenance,SM-VMC-RNM-SKENM,New Maintenance,true,01sWC0000022GHFYA2,Fortra Price Book,USD,0,true
01uWC000005wt21YAA,01tWC00000DD1fsYAD,Security KM Events-RenewalMaintenance,SM-VMC-RRM-SKERM,Renewal Maintenance,true,01sWC0000022GHFYA2,Fortra Price Book,USD,0,true
01uWC000005wt22YAA,01tWC00000DD1fuYAD,Security KM Incidents-NewMaintenance,SM-VMC-RNM-SKINM,New Maintenance,true,01sWC0000022GHFYA2,Fortra Price Book,USD,0,true
01uWC000005wt23YAA,01tWC00000DD1kkYAD,SharePoint MDS-RenewalMaintenance,DP-DC-RRM-SHARMR,Renewal Maintenance,true,01sWC0000022GHFYA2,Fortra Price Book,USD,0,true
01uWC000005wt24YAA,01tWC00000DD1m2YAD,Structural Sanitization For SECURE Web Gateway-NewMaintenance,ES-SWG-RNM-SSSWGN,New Maintenance,true,01sWC0000022GHFYA2,Fortra Price Book,USD,0,true
01uWC000005wt25YAA,01tWC00000DD1m4YAD,Structural Sanitization For SECURE Web Gateway-RenewalMaintenance,ES-SWG-RRM-SSSWGR,Renewal Maintenance,true,01sWC0000022GHFYA2,Fortra Price Book,USD,0,true
01uWC000005wt26YAA,01tWC00000DD1m6YAD,Surveyor/400-NewMaintenance,DM-SV4-RNM-S4NM,New Maintenance,true,01sWC0000022GHFYA2,Fortra Price Book,USD,0,true
01uWC000005wt27YAA,01tWC00000DD1m8YAD,Surveyor/400-RenewalMaintenance,DM-SV4-RRM-S4RM,Renewal Maintenance,true,01sWC0000022GHFYA2,Fortra Price Book,USD,0,true
01uWC000005wt28YAA,01tWC00000DD1m9YAD,Surveyor/400 - Single User Price-NewMaintenance,DM-SV4-RNM-S4SUPN,New Maintenance,true,01sWC0000022GHFYA2,Fortra Price Book,USD,0,true
01uWC000005wt29YAA,01tWC00000DD1JoYAL,Formdocs License-NewMaintenance,DM-DML-RNM-FORMNE,New Maintenance,true,01sWC0000022GHFYA2,Fortra Price Book,USD,0,true
01uWC000005wt2AYAQ,01tWC00000DD1JqYAL,Formdocs License-RenewalMaintenance,DM-DML-RRM-FORMRE,Renewal Maintenance,true,01sWC0000022GHFYA2,Fortra Price Book,USD,0,true
01uWC000005wt2BYAQ,01tWC00000DD1JrYAL,Forms-NewMaintenance,DP-DCL-RNM-FORMNM,New Maintenance,true,01sWC0000022GHFYA2,Fortra Price Book,USD,0,true
01uWC000005wt2CYAQ,01tWC00000DD1JtYAL,Forms-RenewalMaintenance,DP-DCL-RRM-FORMRM,Renewal Maintenance,true,01sWC0000022GHFYA2,Fortra Price Book,USD,0,true
01uWC000005wt2DYAQ,01tWC00000DD1JwYAL,Fortra Classifier Suite Essentials-NewMaintenance,DP-DC-RNM-FCSENM,New Maintenance,true,01sWC0000022GHFYA2,Fortra Price Book,USD,0,true
01uWC000005wt2EYAQ,01tWC00000DD1JyYAL,Fortra Classifier Suite Essentials-RenewalMaintenance,DP-DC-RRM-FCSERM,Renewal Maintenance,true,01sWC0000022GHFYA2,Fortra Price Book,USD,0,true
01uWC000005wt2FYAQ,01tWC00000DD1K0YAL,Fortra Classifier Suite Plus-NewMaintenance,DP-DC-RNM-FCSPNM,New Maintenance,true,01sWC0000022GHFYA2,Fortra Price Book,USD,0,true
01uWC000005wt2GYAQ,01tWC00000DD1K2YAL,Fortra Classifier Suite Plus-RenewalMaintenance,DP-DC-RRM-FCSPRM,Renewal Maintenance,true,01sWC0000022GHFYA2,Fortra Price Book,USD,0,true
01uWC000005wt2HYAQ,01tWC00000DD1NLYA1,GoAnywhere Gateway-RenewalMaintenance,GOA-GAM-RRM-GAGRM,Renewal Maintenance,true,01sWC0000022GHFYA2,Fortra Price Book,USD,0,true
01uWC000005wt2IYAQ,01tWC00000DD1NNYA1,GoAnywhere Gateway and Load Balancer-NewMaintenance,GOA-GAM-RNM-GAGLBN,New Maintenance,true,01sWC0000022GHFYA2,Fortra Price Book,USD,0,true
01uWC000005wt2JYAQ,01tWC00000DD1NPYA1,GoAnywhere Gateway and Load Balancer-RenewalMaintenance,GOA-GAM-RRM-GAGLBR,Renewal Maintenance,true,01sWC0000022GHFYA2,Fortra Price Book,USD,0,true
01uWC000005wt2KYAQ,01tWC00000DD1NRYA1,GoAnywhere Gateway Load Balancer-NewMaintenance,GOA-GAM-RNM-GAGM,New Maintenance,true,01sWC0000022GHFYA2,Fortra Price Book,USD,0,true
01uWC000005wt2LYAQ,01tWC00000DD1NTYA1,GoAnywhere Gateway Load Balancer-RenewalMaintenance,GOA-GAM-RRM-GOAG,Renewal Maintenance,true,01sWC0000022GHFYA2,Fortra Price Book,USD,0,true
01uWC000005wt2MYAQ,01tWC00000DD1NVYA1,GoAnywhere GoDrive-NewMaintenance,GOA-GAM-RNM-GAGDNM,New Maintenance,true,01sWC0000022GHFYA2,Fortra Price Book,USD,0,true
01uWC000005wt2NYAQ,01tWC00000DD1NXYA1,GoAnywhere GoDrive-RenewalMaintenance,GOA-GAM-RRM-GAGDRM,Renewal Maintenance,true,01sWC0000022GHFYA2,Fortra Price Book,USD,0,true
01uWC000005wt2OYAQ,01tWC00000DD1NZYA1,GoAnywhere GoFast Server-NewMaintenance,GOA-GAM-RNM-GAGFSN,New Maintenance,true,01sWC0000022GHFYA2,Fortra Price Book,USD,0,true
01uWC000005wt2PYAQ,01tWC00000DD1NbYAL,GoAnywhere GoFast Server-RenewalMaintenance,GOA-GAM-RRM-GAGFSR,Renewal Maintenance,true,01sWC0000022GHFYA2,Fortra Price Book,USD,0,true
01uWC000005wt2QYAQ,01tWC00000DD1NlYAL,GoAnywhere PeSIT Client-NewMaintenance,GOA-GAM-RNM-GAPSCN,New Maintenance,true,01sWC0000022GHFYA2,Fortra Price Book,USD,0,true
01uWC000005wt2RYAQ,01tWC00000DD1NnYAL,GoAnywhere PeSIT Client-RenewalMaintenance,GOA-GAM-RRM-GAPSCR,Renewal Maintenance,true,01sWC0000022GHFYA2,Fortra Price Book,USD,0,true
01uWC000005wt2SYAQ,01tWC00000DD1NpYAL,GoAnywhere PeSIT Express Bundle-NewMaintenance,GOA-GAM-RNM-GAPSEB,New Maintenance,true,01sWC0000022GHFYA2,Fortra Price Book,USD,0,true
01uWC000005wt2TYAQ,01tWC00000DD1NsYAL,GoAnywhere PeSIT Express Bundle-RenewalMaintenance,GOA-GAM-RRM-GAPM,Renewal Maintenance,true,01sWC0000022GHFYA2,Fortra Price Book,USD,0,true
01uWC000005wt2UYAQ,01tWC00000DD1NvYAL,GoAnywhere PeSIT Premium Bundle-NewMaintenance,GOA-GAM-RNM-GAPSPB,New Maintenance,true,01sWC0000022GHFYA2,Fortra Price Book,USD,0,true
01uWC000005wt2VYAQ,01tWC00000DD1NxYAL,GoAnywhere PeSIT Premium Bundle-RenewalMaintenance,GOA-GAM-RRM-GOANP,Renewal Maintenance,true,01sWC0000022GHFYA2,Fortra Price Book,USD,0,true
01uWC000005wt2WYAQ,01tWC00000DD1NzYAL,GoAnywhere PeSIT Server-NewMaintenance,GOA-GAM-RNM-GAPSSN,New Maintenance,true,01sWC0000022GHFYA2,Fortra Price Book,USD,0,true
01uWC000005wt2XYAQ,01tWC00000DD1O1YAL,GoAnywhere PeSIT Server-RenewalMaintenance,GOA-GAM-RRM-GAPSSR,Renewal Maintenance,true,01sWC0000022GHFYA2,Fortra Price Book,USD,0,true
01uWC000005wt2YYAQ,01tWC00000DD1O3YAL,GoAnywhere PeSIT Starter Bundle-NewMaintenance,GOA-GAM-RNM-GAPSSB,New Maintenance,true,01sWC0000022GHFYA2,Fortra Price Book,USD,0,true
01uWC000005wt2ZYAQ,01tWC00000DD1O6YAL,GoAnywhere PeSIT Starter Bundle-RenewalMaintenance,GOA-GAM-RRM-GANYPE,Renewal Maintenance,true,01sWC0000022GHFYA2,Fortra Price Book,USD,0,true
01uWC000005wt2aYAA,01tWC00000DD1O9YAL,GoAnywhere Premium AS2-NewMaintenance,GOA-GAM-RNM-GAPANM,New Maintenance,true,01sWC0000022GHFYA2,Fortra Price Book,USD,0,true
01uWC000005wt2bYAA,01tWC00000DD1OBYA1,GoAnywhere Premium AS2-RenewalMaintenance,GOA-GAM-RRM-GAPARM,Renewal Maintenance,true,01sWC0000022GHFYA2,Fortra Price Book,USD,0,true
01uWC000005wt2cYAA,01tWC00000DD1ODYA1,GoAnywhere Premium Bundle-NewMaintenance,GOA-GAM-RNM-GAPBNM,New Maintenance,true,01sWC0000022GHFYA2,Fortra Price Book,USD,0,true
01uWC000005wt2dYAA,01tWC00000DD1PUYA1,Halcyon Exit Point Manager-RenewalMaintenance,SM-HEP-RRM-HEPMRM,Renewal Maintenance,true,01sWC0000022GHFYA2,Fortra Price Book,USD,0,true
01uWC000005wt2eYAA,01tWC00000DD1TwYAL,OWA Classifier-NewMaintenance,DP-DC-RNM-OWACNE,New Maintenance,true,01sWC0000022GHFYA2,Fortra Price Book,USD,0,true
01uWC000005wt2fYAA,01tWC00000DD1TyYAL,OWA Classifier-RenewalMaintenance,DP-DC-RRM-OWACRE,Renewal Maintenance,true,01sWC0000022GHFYA2,Fortra Price Book,USD,0,true
01uWC000005wt2gYAA,01tWC00000DD1U0YAL,Paragon Suite-NewMaintenance,SM-HCS-RNM-PARANE,New Maintenance,true,01sWC0000022GHFYA2,Fortra Price Book,USD,0,true
01uWC000005wt2hYAA,01tWC00000DD1U2YAL,Paragon Suite-RenewalMaintenance,SM-HCS-RRM-PARARE,Renewal Maintenance,true,01sWC0000022GHFYA2,Fortra Price Book,USD,0,true
01uWC000005wt2iYAA,01tWC00000DD1U4YAL,Parallel Loading-NewMaintenance,BI-SDW-RNM-PLNM,New Maintenance,true,01sWC0000022GHFYA2,Fortra Price Book,USD,0,true
01uWC000005wt2jYAA,01tWC00000DD1U6YAL,Parallel Loading-RenewalMaintenance,BI-SDW-RRM-PLRM,Renewal Maintenance,true,01sWC0000022GHFYA2,Fortra Price Book,USD,0,true
01uWC000005wt2kYAA,01tWC00000DD1U9YAL,Password Reset-NewMaintenance,SM-PRM-RNM-PASSNE,New Maintenance,true,01sWC0000022GHFYA2,Fortra Price Book,USD,0,true
01uWC000005wt2lYAA,01tWC00000DD1UBYA1,Password Reset-RenewalMaintenance,SM-PRM-RRM-PASSRE,Renewal Maintenance,true,01sWC0000022GHFYA2,Fortra Price Book,USD,0,true
01uWC000005wt2mYAA,01tWC00000DD1UGYA1,PCL to PDF Converter-NewMaintenance,DM-IBM-RNM-PCLTNE,New Maintenance,true,01sWC0000022GHFYA2,Fortra Price Book,USD,0,true
01uWC000005wt2nYAA,01tWC00000DD1XBYA1,Record and Playback-RenewalMaintenance,SM-RAP-RRM-RECORE,Renewal Maintenance,true,01sWC0000022GHFYA2,Fortra Price Book,USD,0,true
01uWC000005wt2oYAA,01tWC00000DD1XTYA1,Remote Data Push-NewMaintenance,BI-SDW-RNM-RDPNM,New Maintenance,true,01sWC0000022GHFYA2,Fortra Price Book,USD,0,true
01uWC000005wt2pYAA,01tWC00000DD1XVYA1,Remote Data Push-RenewalMaintenance,BI-SDW-RRM-RDPRM,Renewal Maintenance,true,01sWC0000022GHFYA2,Fortra Price Book,USD,0,true
01uWC000005wt2qYAA,01tWC00000DD1bAYAT,Powertech Compliance Suite-NewMaintenance,CS-CLP-RNM-PCSNM,New Maintenance,true,01sWC0000022GHFYA2,Fortra Price Book,USD,0,true
01uWC000005wt2rYAA,01tWC00000DD1bCYAT,Powertech Compliance Suite-RenewalMaintenance,CS-CLP-RRM-PCSRM,Renewal Maintenance,true,01sWC0000022GHFYA2,Fortra Price Book,USD,0,true
01uWC000005wt2sYAA,01tWC00000DD1bEYAT,Powertech Database Monitor for IBM i-NewMaintenance,CS-PDM-RNM-PDMIIN,New Maintenance,true,01sWC0000022GHFYA2,Fortra Price Book,USD,0,true
01uWC000005wt2tYAA,01tWC00000DD1bGYAT,Powertech Database Monitor for IBM i - PMRT-NewMaintenance,CS-PDM-RNM-PDMM,New Maintenance,true,01sWC0000022GHFYA2,Fortra Price Book,USD,0,true
01uWC000005wt2uYAA,01tWC00000DD1bIYAT,Powertech Database Monitor for IBM i - PMRT-RenewalMaintenance,CS-PDM-RRM-PODA,Renewal Maintenance,true,01sWC0000022GHFYA2,Fortra Price Book,USD,0,true
01uWC000005wt2vYAA,01tWC00000DD1bKYAT,Powertech Database Monitor for IBM i - Rapid Validation-NewMaintenance,CS-PDM-RNM-PDMIIR,New Maintenance,true,01sWC0000022GHFYA2,Fortra Price Book,USD,0,true
01uWC000005wt2wYAA,01tWC00000DD1bMYAT,Powertech Database Monitor for IBM i - Rapid Validation-RenewalMaintenance,CS-PDM-RRM-PORM,Renewal Maintenance,true,01sWC0000022GHFYA2,Fortra Price Book,USD,0,true
01uWC000005wt2xYAA,01tWC00000DD1bOYAT,Powertech Database Monitor for IBM i - Read-NewMaintenance,CS-PDM-RNM-PONM,New Maintenance,true,01sWC0000022GHFYA2,Fortra Price Book,USD,0,true
01uWC000005wt2yYAA,01tWC00000DD1bQYAT,Powertech Database Monitor for IBM i - Read-RenewalMaintenance,CS-PDM-RRM-POWERD,Renewal Maintenance,true,01sWC0000022GHFYA2,Fortra Price Book,USD,0,true
01uWC000005wt2zYAA,01tWC00000DD1bSYAT,Powertech Database Monitor for IBM i-RenewalMaintenance,CS-PDM-RRM-POWEDA,Renewal Maintenance,true,01sWC0000022GHFYA2,Fortra Price Book,USD,0,true
01uWC000005wt30YAA,01tWC00000DD1bUYAT,Powertech Encryption for IBM i-NewMaintenance,CS-PEI-RNM-PEIINM,New Maintenance,true,01sWC0000022GHFYA2,Fortra Price Book,USD,0,true
01uWC000005wt31YAA,01tWC00000DD1bWYAT,Powertech Encryption for IBM i-RenewalMaintenance,CS-PEI-RRM-PEIIRM,Renewal Maintenance,true,01sWC0000022GHFYA2,Fortra Price Book,USD,0,true
01uWC000005wt32YAA,01tWC00000DD1bYYAT,Powertech Encryption for IBM i (Auto IFS Encryption Module)-NewMaintenance,CS-PEI-RNM-PEIIAI,New Maintenance,true,01sWC0000022GHFYA2,Fortra Price Book,USD,0,true
01uWC000005wt33YAA,01tWC00000DD1baYAD,Powertech Encryption for IBM i (Auto IFS Encryption Module)-RenewalMaintenance,CS-PEI-RRM-PEIM,Renewal Maintenance,true,01sWC0000022GHFYA2,Fortra Price Book,USD,0,true
01uWC000005wt34YAA,01tWC00000DD1HBYA1,Enhanced ESEND for SMB Pricing - Per User-RenewalMaintenance,BI-ESN-RRM-ENES,Renewal Maintenance,true,01sWC0000022GHFYA2,Fortra Price Book,USD,0,true
01uWC000005wt35YAA,01tWC00000DD1HDYA1,Enhanced ETL-NewMaintenance,BI-SDW-RNM-ENET,New Maintenance,true,01sWC0000022GHFYA2,Fortra Price Book,USD,0,true
01uWC000005wt36YAA,01tWC00000DD1HFYA1,Enhanced ETL-RenewalMaintenance,BI-SDW-RRM-ENRM,Renewal Maintenance,true,01sWC0000022GHFYA2,Fortra Price Book,USD,0,true
01uWC000005wt37YAA,01tWC00000DD1HHYA1,Enhanced Metadata Management-NewMaintenance,BI-SDW-RNM-EMMNM,New Maintenance,true,01sWC0000022GHFYA2,Fortra Price Book,USD,0,true
01uWC000005wt38YAA,01tWC00000DD1HJYA1,Enhanced Metadata Management-RenewalMaintenance,BI-SDW-RRM-EMMRM,Renewal Maintenance,true,01sWC0000022GHFYA2,Fortra Price Book,USD,0,true
01uWC000005wt39YAA,01tWC00000DD1HPYA1,Enterprise Console-NewMaintenance,SM-EC-RNM-ECNM,New Maintenance,true,01sWC0000022GHFYA2,Fortra Price Book,USD,0,true
01uWC000005wt3AYAQ,01tWC00000DD1HRYA1,Enterprise Console-RenewalMaintenance,SM-EC-RRM-ECRM,Renewal Maintenance,true,01sWC0000022GHFYA2,Fortra Price Book,USD,0,true
01uWC000005wt3BYAQ,01tWC00000DD1IwYAL,FileCatalyst Concurrent Connections-RenewalMaintenance,GOA-FIL-RRM-FCCCRM,Renewal Maintenance,true,01sWC0000022GHFYA2,Fortra Price Book,USD,0,true
01uWC000005wt3CYAQ,01tWC00000DD1bcYAD,Powertech Encryption for IBM i (Backup Encryption Module)-NewMaintenance,CS-PEI-RNM-PEIIBE,New Maintenance,true,01sWC0000022GHFYA2,Fortra Price Book,USD,0,true
01uWC000005wt3DYAQ,01tWC00000DD1sBYAT,VMC - Portal Users-NewMaintenance,SM-VMC-RNM-VPUM,New Maintenance,true,01sWC0000022GHFYA2,Fortra Price Book,USD,0,true
01uWC000005wt3EYAQ,01tWC00000DD1sDYAT,VMC - Portal Users-RenewalMaintenance,SM-VMC-RRM-VMCPO,Renewal Maintenance,true,01sWC0000022GHFYA2,Fortra Price Book,USD,0,true
01uWC000005wt3FYAQ,01tWC00000DD1sFYAT,VMC - SLA Analytics-NewMaintenance,SM-VMC-RNM-VSAM,New Maintenance,true,01sWC0000022GHFYA2,Fortra Price Book,USD,0,true
01uWC000005wt3GYAQ,01tWC00000DD1sHYAT,VMC - SLA Analytics-RenewalMaintenance,SM-VMC-RRM-VMSL,Renewal Maintenance,true,01sWC0000022GHFYA2,Fortra Price Book,USD,0,true
01uWC000005wt3HYAQ,01tWC00000DD1IyYAL,FileCatalyst Concurrent Connections Additional-NewMaintenance,GOA-FIL-RNM-FCCCAN,New Maintenance,true,01sWC0000022GHFYA2,Fortra Price Book,USD,0,true
01uWC000005wt3IYAQ,01tWC00000DD1J0YAL,FileCatalyst Concurrent Connections Additional-RenewalMaintenance,GOA-FIL-RRM-FCCCAR,Renewal Maintenance,true,01sWC0000022GHFYA2,Fortra Price Book,USD,0,true
01uWC000005wt3JYAQ,01tWC00000DD1J2YAL,FileCatalyst Development Kit-NewMaintenance,GOA-FIL-RNM-FCDKNM,New Maintenance,true,01sWC0000022GHFYA2,Fortra Price Book,USD,0,true
01uWC000005wt3KYAQ,01tWC00000DD1J4YAL,FileCatalyst Development Kit-RenewalMaintenance,GOA-FIL-RRM-FCDKRM,Renewal Maintenance,true,01sWC0000022GHFYA2,Fortra Price Book,USD,0,true
01uWC000005wt3LYAQ,01tWC00000DD1J6YAL,FileCatalyst Direct-NewMaintenance,GOA-FIL-RNM-FCDNM,New Maintenance,true,01sWC0000022GHFYA2,Fortra Price Book,USD,0,true
01uWC000005wt3MYAQ,01tWC00000DD1J8YAL,FileCatalyst Direct-RenewalMaintenance,GOA-FIL-RRM-FCDRM,Renewal Maintenance,true,01sWC0000022GHFYA2,Fortra Price Book,USD,0,true
01uWC000005wt3NYAQ,01tWC00000DD1JCYA1,FileCatalyst Hotfolder for Automation-NewMaintenance,GOA-FIL-RNM-FCHANM,New Maintenance,true,01sWC0000022GHFYA2,Fortra Price Book,USD,0,true
01uWC000005wt3OYAQ,01tWC00000DD1JEYA1,FileCatalyst Hotfolder for Automation-RenewalMaintenance,GOA-FIL-RRM-FCHARM,Renewal Maintenance,true,01sWC0000022GHFYA2,Fortra Price Book,USD,0,true
01uWC000005wt3PYAQ,01tWC00000DD1JHYA1,FileCatalyst Load Balancer-NewMaintenance,GOA-FIL-RNM-FCLBNM,New Maintenance,true,01sWC0000022GHFYA2,Fortra Price Book,USD,0,true
01uWC000005wt3QYAQ,01tWC00000DD1JJYA1,FileCatalyst Load Balancer-RenewalMaintenance,GOA-FIL-RRM-FCLBRM,Renewal Maintenance,true,01sWC0000022GHFYA2,Fortra Price Book,USD,0,true
01uWC000005wt3RYAQ,01tWC00000DD1JLYA1,FileCatalyst Reverse Proxy-NewMaintenance,GOA-FIL-RNM-FCRPNM,New Maintenance,true,01sWC0000022GHFYA2,Fortra Price Book,USD,0,true
01uWC000005wt3SYAQ,01tWC00000DD1JNYA1,FileCatalyst Reverse Proxy-RenewalMaintenance,GOA-FIL-RRM-FCRPRM,Renewal Maintenance,true,01sWC0000022GHFYA2,Fortra Price Book,USD,0,true
01uWC000005wt3TYAQ,01tWC00000DD1JQYA1,FileCatalyst TransferAgent - Web Integration Kit-NewMaintenance,GOA-FIL-RNM-FCTAWI,New Maintenance,true,01sWC0000022GHFYA2,Fortra Price Book,USD,0,true
01uWC000005wt3UYAQ,01tWC00000DD1JSYA1,FileCatalyst TransferAgent - Web Integration Kit-RenewalMaintenance,GOA-FIL-RRM-FCTM,Renewal Maintenance,true,01sWC0000022GHFYA2,Fortra Price Book,USD,0,true
01uWC000005wt3VYAQ,01tWC00000DD1JUYA1,FileCatalyst Workflow-NewMaintenance,GOA-FIL-RNM-FCWNM,New Maintenance,true,01sWC0000022GHFYA2,Fortra Price Book,USD,0,true
01uWC000005wt3WYAQ,01tWC00000DD1JWYA1,FileCatalyst Workflow-RenewalMaintenance,GOA-FIL-RRM-FCWRM,Renewal Maintenance,true,01sWC0000022GHFYA2,Fortra Price Book,USD,0,true
01uWC000005wt3XYAQ,01tWC00000DD1JYYA1,FileCatalyst Workflow Acceleration-NewMaintenance,GOA-FIL-RNM-FCWANM,New Maintenance,true,01sWC0000022GHFYA2,Fortra Price Book,USD,0,true
01uWC000005wt3YYAQ,01tWC00000DD1JaYAL,FileCatalyst Workflow Acceleration-RenewalMaintenance,GOA-FIL-RRM-FCWARM,Renewal Maintenance,true,01sWC0000022GHFYA2,Fortra Price Book,USD,0,true
01uWC000005wt3ZYAQ,01tWC00000DD1JgYAL,Fire and Forget-NewMaintenance,DP-DCL-RNM-FIRENE,New Maintenance,true,01sWC0000022GHFYA2,Fortra Price Book,USD,0,true
01uWC000005wt3aYAA,01tWC00000DD1JiYAL,Fire and Forget-RenewalMaintenance,DP-DCL-RRM-FIRERE,Renewal Maintenance,true,01sWC0000022GHFYA2,Fortra Price Book,USD,0,true
01uWC000005wt3bYAA,01tWC00000DD1JjYAL,Flow Exporters-NewMaintenance,NW-INT-RNM-FLOWNE,New Maintenance,true,01sWC0000022GHFYA2,Fortra Price Book,USD,0,true
01uWC000005wt3cYAA,01tWC00000DD1sJYAT,VMC - SQL Server Operations Agent-NewMaintenance,SM-VMC-RNM-VMSQ,New Maintenance,true,01sWC0000022GHFYA2,Fortra Price Book,USD,0,true
01uWC000005wt3dYAA,01tWC00000DD1sLYAT,VMC - SQL Server Operations Agent-RenewalMaintenance,SM-VMC-RRM-VMCSQL,Renewal Maintenance,true,01sWC0000022GHFYA2,Fortra Price Book,USD,0,true
01uWC000005wt3eYAA,01tWC00000DD1sNYAT,VMC - SQL Server Security Agent-NewMaintenance,SM-VMC-RNM-VSQL,New Maintenance,true,01sWC0000022GHFYA2,Fortra Price Book,USD,0,true
01uWC000005wt3fYAA,01tWC00000DD1sPYAT,VMC - SQL Server Security Agent-RenewalMaintenance,SM-VMC-RRM-VMCSQS,Renewal Maintenance,true,01sWC0000022GHFYA2,Fortra Price Book,USD,0,true
01uWC000005wt3gYAA,01tWC00000DD1GMYA1,EFT WTC-NewMaintenance,GS-GSE-RNM-EWNM,New Maintenance,true,01sWC0000022GHFYA2,Fortra Price Book,USD,0,true
01uWC000005wt3hYAA,01tWC00000DD1GNYA1,Electronic Forms Designer-NewMaintenance,DM-DML-RNM-ELECDN,New Maintenance,true,01sWC0000022GHFYA2,Fortra Price Book,USD,0,true
01uWC000005wt3iYAA,01tWC00000DD1GPYA1,Electronic Forms Designer-RenewalMaintenance,DM-DML-RRM-ELECDR,Renewal Maintenance,true,01sWC0000022GHFYA2,Fortra Price Book,USD,0,true
01uWC000005wt3jYAA,01tWC00000DD1GQYA1,Electronic Forms License-NewMaintenance,DM-DML-RNM-ELECLN,New Maintenance,true,01sWC0000022GHFYA2,Fortra Price Book,USD,0,true
01uWC000005wt3kYAA,01tWC00000DD1GSYA1,Electronic Forms License-RenewalMaintenance,DM-DML-RRM-ELECLR,Renewal Maintenance,true,01sWC0000022GHFYA2,Fortra Price Book,USD,0,true
01uWC000005wt3lYAA,01tWC00000DD1GVYA1,Email Dist Bundle Basic-NewMaintenance,DM-DML-RNM-EDBBNM,New Maintenance,true,01sWC0000022GHFYA2,Fortra Price Book,USD,0,true
01uWC000005wt3mYAA,01tWC00000DD1GXYA1,Email Dist Bundle Basic-RenewalMaintenance,DM-DML-RRM-EDBBRM,Renewal Maintenance,true,01sWC0000022GHFYA2,Fortra Price Book,USD,0,true
01uWC000005wt3nYAA,01tWC00000DD1GYYA1,Email File Server - Legacy-NewMaintenance,DM-DML-RNM-EFSLNM,New Maintenance,true,01sWC0000022GHFYA2,Fortra Price Book,USD,0,true
01uWC000005wt3oYAA,01tWC00000DD1GaYAL,Email File Server - Legacy-RenewalMaintenance,DM-DML-RRM-EFSLRM,Renewal Maintenance,true,01sWC0000022GHFYA2,Fortra Price Book,USD,0,true
01uWC000005wt3pYAA,01tWC00000DD1GbYAL,Email Monitor-NewMaintenance,DM-WCU-RNM-EMNM,New Maintenance,true,01sWC0000022GHFYA2,Fortra Price Book,USD,0,true
01uWC000005wt3qYAA,01tWC00000DD1GdYAL,Email Monitor-RenewalMaintenance,DM-WCU-RRM-EMAIL,Renewal Maintenance,true,01sWC0000022GHFYA2,Fortra Price Book,USD,0,true
01uWC000005wt3rYAA,01tWC00000DD1GfYAL,Email Report Distribution Bundle PC-NewMaintenance,DM-DML-RNM-ERDBPN,New Maintenance,true,01sWC0000022GHFYA2,Fortra Price Book,USD,0,true
01uWC000005wt3sYAA,01tWC00000DD1GhYAL,Email Report Distribution Bundle PC-RenewalMaintenance,DM-DML-RRM-ERDBPR,Renewal Maintenance,true,01sWC0000022GHFYA2,Fortra Price Book,USD,0,true
01uWC000005wt3tYAA,01tWC00000DD1GiYAL,Email Report Server-NewMaintenance,DM-EU-RNM-ERSNM,New Maintenance,true,01sWC0000022GHFYA2,Fortra Price Book,USD,0,true
01uWC000005wt3uYAA,01tWC00000DD1GkYAL,Email Report Server-RenewalMaintenance,DM-EU-RRM-ERSRM,Renewal Maintenance,true,01sWC0000022GHFYA2,Fortra Price Book,USD,0,true
01uWC000005wt3vYAA,01tWC00000DD1H5YAL,Enhanced Data Sources-NewMaintenance,BI-SDW-RNM-EDSNM,New Maintenance,true,01sWC0000022GHFYA2,Fortra Price Book,USD,0,true
01uWC000005wt3wYAA,01tWC00000DD1H7YAL,Enhanced Data Sources-RenewalMaintenance,BI-SDW-RRM-EDSRM,Renewal Maintenance,true,01sWC0000022GHFYA2,Fortra Price Book,USD,0,true
01uWC000005wt3xYAA,01tWC00000DD1H9YAL,Enhanced ESEND for SMB Pricing - Per User-NewMaintenance,BI-ESN-RNM-EESPPU,New Maintenance,true,01sWC0000022GHFYA2,Fortra Price Book,USD,0,true
01uWC000005wt3yYAA,01tWC00000DD22fYAD,Folder Monitor-RenewalMaintenance,GS-GSE-RRM-FMRM,Renewal Maintenance,true,01sWC0000022GHFYA2,Fortra Price Book,USD,0,true
01uWC000005wt3zYAA,01tWC00000DD22gYAD,HTTPS Server (includes Web client)-RenewalMaintenance,GS-GSE-RRM-HS(WCRM,Renewal Maintenance,true,01sWC0000022GHFYA2,Fortra Price Book,USD,0,true
01uWC000005wt40YAA,01tWC00000DD21dYAD,EFT Insight Module-NewMaintenance,GS-GSE-RNM-EIMNM,New Maintenance,true,01sWC0000022GHFYA2,Fortra Price Book,USD,0,true
01uWC000005wt41YAA,01tWC00000DD22hYAD,Multi-site Gateway-RenewalMaintenance,GS-GSE-RRM-MSGRM,Renewal Maintenance,true,01sWC0000022GHFYA2,Fortra Price Book,USD,0,true
01uWC000005wt42YAA,01tWC00000DD22iYAD,PGP Actions-RenewalMaintenance,GS-GSE-RRM-PGPARM,Renewal Maintenance,true,01sWC0000022GHFYA2,Fortra Price Book,USD,0,true
01uWC000005wt43YAA,01tWC00000DD22jYAD,Premium Bundle-RenewalMaintenance,GS-GSE-RRM-PBRM,Renewal Maintenance,true,01sWC0000022GHFYA2,Fortra Price Book,USD,0,true
01uWC000005wt44YAA,01tWC00000DD22kYAD,Premium Bundle-NewMaintenance,GS-GSE-RNM-PBNM,New Maintenance,true,01sWC0000022GHFYA2,Fortra Price Book,USD,0,true
01uWC000005wt45YAA,01tWC00000DD22lYAD,Regulatory Compliance-RenewalMaintenance,GS-GSE-RRM-REGCOMRM,Renewal Maintenance,true,01sWC0000022GHFYA2,Fortra Price Book,USD,0,true
01uWC000005wt46YAA,01tWC00000DD22nYAD,Scheduler-RenewalMaintenance,GS-GSE-RRM-SCHEDRM,Renewal Maintenance,true,01sWC0000022GHFYA2,Fortra Price Book,USD,0,true
01uWC000005wt47YAA,01tWC00000DD22oYAD,Secure Forms-RenewalMaintenance,GS-GSE-RRM-SECFRM,Renewal Maintenance,true,01sWC0000022GHFYA2,Fortra Price Book,USD,0,true
01uWC000005wt48YAA,01tWC00000DD22pYAD,SFTP Server-RenewalMaintenance,GS-GSE-RRM-SSRM,Renewal Maintenance,true,01sWC0000022GHFYA2,Fortra Price Book,USD,0,true
01uWC000005wt49YAA,01tWC00000DD22qYAD,SFTP Server Bundle-RenewalMaintenance,GS-GSE-RRM-SSBRM,Renewal Maintenance,true,01sWC0000022GHFYA2,Fortra Price Book,USD,0,true
01uWC000005wt4AYAQ,01tWC00000DD22rYAD,Single-site Gateway-RenewalMaintenance,GS-GSE-RRM-SSGRM,Renewal Maintenance,true,01sWC0000022GHFYA2,Fortra Price Book,USD,0,true
01uWC000005wt4BYAQ,01tWC00000DD22sYAD,Starter Bundle-RenewalMaintenance,GS-GSE-RRM-SBRM,Renewal Maintenance,true,01sWC0000022GHFYA2,Fortra Price Book,USD,0,true
01uWC000005wt4CYAQ,01tWC00000DD22tYAD,Starter Bundle-NewMaintenance,GS-GSE-RNM-SBNM,New Maintenance,true,01sWC0000022GHFYA2,Fortra Price Book,USD,0,true
01uWC000005wt4DYAQ,01tWC00000DD22uYAD,GoAnywhere Collaboration Bundle with Gateway-RenewalMaintenance,GOA-GAM-RRM-GCBGRM,Renewal Maintenance,true,01sWC0000022GHFYA2,Fortra Price Book,USD,0,true
01uWC000005wt4EYAQ,01tWC00000DD22vYAD,Sequel Data Warehouse (RODIN) Select License - Platinum Edition-NewMaintenance,BI-SDW-RNM-SDWSPENM,New Maintenance,true,01sWC0000022GHFYA2,Fortra Price Book,USD,0,true
01uWC000005wt4FYAQ,01tWC00000DD22wYAD,Sequel Data Warehouse (RODIN) Select License - Silver Edition-RenewalMaintenance,BI-SDW-RRM-SDWSSERM,Renewal Maintenance,true,01sWC0000022GHFYA2,Fortra Price Book,USD,0,true
01uWC000005wt4GYAQ,01tWC00000DD22xYAD,Sequel Data Warehouse (RODIN) Select License - Silver Edition-NewMaintenance,BI-SDW-RNM-SDWSSENM,New Maintenance,true,01sWC0000022GHFYA2,Fortra Price Book,USD,0,true
01uWC000005wt4HYAQ,01tWC00000DD22yYAD,SEQUEL Data Warehouse Bundle - Bronze Edition-RenewalMaintenance,BI-SDW-RRM-SDWBBERM,Renewal Maintenance,true,01sWC0000022GHFYA2,Fortra Price Book,USD,0,true
01uWC000005wt4IYAQ,01tWC00000DD22zYAD,SEQUEL Data Warehouse Bundle - Bronze Edition-NewMaintenance,BI-SDW-RNM-SDWBBENM,New Maintenance,true,01sWC0000022GHFYA2,Fortra Price Book,USD,0,true
01uWC000005wt4JYAQ,01tWC00000DD230YAD,SEQUEL Data Warehouse Bundle - Gold Edition-RenewalMaintenance,BI-SDW-RRM-SDWBGERM,Renewal Maintenance,true,01sWC0000022GHFYA2,Fortra Price Book,USD,0,true
01uWC000005wt4KYAQ,01tWC00000DD231YAD,SEQUEL Data Warehouse Bundle - Gold Edition-NewMaintenance,BI-SDW-RNM-SDWBGENM,New Maintenance,true,01sWC0000022GHFYA2,Fortra Price Book,USD,0,true
01uWC000005wt4LYAQ,01tWC00000DD232YAD,SEQUEL Data Warehouse Bundle - Platinum Edition-RenewalMaintenance,BI-SDW-RRM-SDWBPERM,Renewal Maintenance,true,01sWC0000022GHFYA2,Fortra Price Book,USD,0,true
01uWC000005wt4MYAQ,01tWC00000DD233YAD,SEQUEL Data Warehouse Bundle - Platinum Edition-NewMaintenance,BI-SDW-RNM-SDWBPENM,New Maintenance,true,01sWC0000022GHFYA2,Fortra Price Book,USD,0,true
01uWC000005wt4NYAQ,01tWC00000DD234YAD,SEQUEL Data Warehouse Bundle - Silver Edition-RenewalMaintenance,BI-SDW-RRM-SDWBSERM,Renewal Maintenance,true,01sWC0000022GHFYA2,Fortra Price Book,USD,0,true
01uWC000005wt4OYAQ,01tWC00000DD235YAD,SEQUEL Data Warehouse Bundle - Silver Edition-NewMaintenance,BI-SDW-RNM-SDWBSENM,New Maintenance,true,01sWC0000022GHFYA2,Fortra Price Book,USD,0,true
01uWC000005wt4PYAQ,01tWC00000DD238YAD,"Robot Bundle - Console, Alert, Network-RenewalMaintenance",SM-ROB-RRM-RBCANRM,Renewal Maintenance,true,01sWC0000022GHFYA2,Fortra Price Book,USD,0,true
01uWC000005wt4QYAQ,01tWC00000DD239YAD,"Robot Bundle - Console, Alert, Network-NewMaintenance",SM-ROB-RNM-RBCANNM,New Maintenance,true,01sWC0000022GHFYA2,Fortra Price Book,USD,0,true
01uWC000005wt4RYAQ,01tWC00000DD23AYAT,Robot Bundle - Schedule & Alert-RenewalMaintenance,SM-ROB-RRM-RBSARM,Renewal Maintenance,true,01sWC0000022GHFYA2,Fortra Price Book,USD,0,true
01uWC000005wt4SYAQ,01tWC00000DD23BYAT,Robot Bundle - Schedule & Alert-NewMaintenance,SM-ROB-RNM-RBSANM,New Maintenance,true,01sWC0000022GHFYA2,Fortra Price Book,USD,0,true
01uWC000005wt4TYAQ,01tWC00000DD23CYAT,"Robot Bundle - Schedule, Alert, Network-RenewalMaintenance",SM-ROB-RRM-RBSANRM,Renewal Maintenance,true,01sWC0000022GHFYA2,Fortra Price Book,USD,0,true
01uWC000005wt4UYAQ,01tWC00000DD23DYAT,"Robot Bundle - Schedule, Alert, Network-NewMaintenance",SM-ROB-RNM-RBSANNM,New Maintenance,true,01sWC0000022GHFYA2,Fortra Price Book,USD,0,true
01uWC000005wt4VYAQ,01tWC00000DD21eYAD,EFT Folder Monitor Module FMM-RenewalMaintenance,GS-GSE-RRM-EFMMFRM,Renewal Maintenance,true,01sWC0000022GHFYA2,Fortra Price Book,USD,0,true
01uWC000005wt4WYAQ,01tWC00000DD21fYAD,EFT Remote Agent Module (RAM)-NewMaintenance,GS-GSE-RNM-ERAM(NM,New Maintenance,true,01sWC0000022GHFYA2,Fortra Price Book,USD,0,true
01uWC000005wt4XYAQ,01tWC00000DD21gYAD,EFT Remote Agent Module (RAM)-RenewalMaintenance,GS-GSE-RRM-ERAM(RM,Renewal Maintenance,true,01sWC0000022GHFYA2,Fortra Price Book,USD,0,true
01uWC000005wt4YYAQ,01tWC00000DD21hYAD,EFT Secure Mobile Access Module (SMAM)-NewMaintenance,GS-GSE-RNM-ESMAM(NM,New Maintenance,true,01sWC0000022GHFYA2,Fortra Price Book,USD,0,true
01uWC000005wt4ZYAQ,01tWC00000DD21iYAD,EFT Secure Mobile Access Module (SMAM)-RenewalMaintenance,GS-GSE-RRM-ESMAM(RM,Renewal Maintenance,true,01sWC0000022GHFYA2,Fortra Price Book,USD,0,true
01uWC000005wt4aYAA,01tWC00000DD21jYAD,EFT Timer Event Module TEM-RenewalMaintenance,GS-GSE-RRM-ETEMTRM,Renewal Maintenance,true,01sWC0000022GHFYA2,Fortra Price Book,USD,0,true
01uWC000005wt4bYAA,01tWC00000DD21mYAD,EFT SMB Web Client WTC 50 Seats-NewMaintenance,GS-GSE-RNM-ESW50SNM,New Maintenance,true,01sWC0000022GHFYA2,Fortra Price Book,USD,0,true
01uWC000005wt4cYAA,01tWC00000DD21nYAD,EFT SMB Web Client WTC 50 Seats-RenewalMaintenance,GS-GSE-RRM-ESW50SRM,Renewal Maintenance,true,01sWC0000022GHFYA2,Fortra Price Book,USD,0,true
01uWC000005wt4dYAA,01tWC00000DD21oYAD,FTPS Server-RenewalMaintenance,GS-GSE-RRM-FSRM,Renewal Maintenance,true,01sWC0000022GHFYA2,Fortra Price Book,USD,0,true
01uWC000005wt4eYAA,01tWC00000DD21pYAD,Transfer Actions-RenewalMaintenance,GS-GSE-RRM-TARM,Renewal Maintenance,true,01sWC0000022GHFYA2,Fortra Price Book,USD,0,true
01uWC000005wt4fYAA,01tWC00000DD21sYAD,GoAnywhere Core Server Bundle with Gateway-NewMaintenance,GOA-GAM-RNM-GCSBWGNM,New Maintenance,true,01sWC0000022GHFYA2,Fortra Price Book,USD,0,true
01uWC000005wt4gYAA,01tWC00000DD21tYAD,GoAnywhere Core Server Bundle with Gateway-RenewalMaintenance,GOA-GAM-RRM-GCSBWGRM,Renewal Maintenance,true,01sWC0000022GHFYA2,Fortra Price Book,USD,0,true
01uWC000005wt4hYAA,01tWC00000DD21wYAD,GoAnywhere PeSIT Express Bundle with Gateway-NewMaintenance,GOA-GAM-RNM-GPEBWGNM,New Maintenance,true,01sWC0000022GHFYA2,Fortra Price Book,USD,0,true
01uWC000005wt4iYAA,01tWC00000DD21xYAD,GoAnywhere PeSIT Express Bundle with Gateway-RenewalMaintenance,GOA-GAM-RRM-GPEBWGRM,Renewal Maintenance,true,01sWC0000022GHFYA2,Fortra Price Book,USD,0,true
01uWC000005wt4jYAA,01tWC00000DD21yYAD,GoAnywhere PeSIT Starter Bundle with Gateway-NewMaintenance,GOA-GAM-RNM-GPSBWGNM,New Maintenance,true,01sWC0000022GHFYA2,Fortra Price Book,USD,0,true
01uWC000005wt4kYAA,01tWC00000DD21zYAD,GoAnywhere PeSIT Starter Bundle with Gateway-RenewalMaintenance,GOA-GAM-RRM-GPSBWGRM,Renewal Maintenance,true,01sWC0000022GHFYA2,Fortra Price Book,USD,0,true
01uWC000005wt4lYAA,01tWC00000DD22QYAT,AS2 Client/Server-RenewalMaintenance,GS-GSE-RRM-AS2CRM,Renewal Maintenance,true,01sWC0000022GHFYA2,Fortra Price Book,USD,0,true
01uWC000005wt4mYAA,01tWC00000DD22RYAT,Collaboration Bundle-NewMaintenance,GS-GSE-RNM-COLBNM,New Maintenance,true,01sWC0000022GHFYA2,Fortra Price Book,USD,0,true
01uWC000005wt4nYAA,01tWC00000DD22SYAT,Collaboration Bundle-RenewalMaintenance,GS-GSE-RRM-COLBRM,Renewal Maintenance,true,01sWC0000022GHFYA2,Fortra Price Book,USD,0,true
01uWC000005wt4oYAA,01tWC00000DD22TYAT,Core Server Bundle-RenewalMaintenance,GS-GSE-RRM-CSBRM,Renewal Maintenance,true,01sWC0000022GHFYA2,Fortra Price Book,USD,0,true
01uWC000005wt4pYAA,01tWC00000DD22UYAT,DMZ Gateway Enterprise 3 - Multi-Site-NewMaintenance,GS-GSE-RNM-DGE3MSNM,New Maintenance,true,01sWC0000022GHFYA2,Fortra Price Book,USD,0,true
01uWC000005wt4qYAA,01tWC00000DD22WYAT,DMZ Gateway Enterprise 3 - Multi-Site Upgrade-NewMaintenance,GS-GSE-RNM-DGE3MUNM,New Maintenance,true,01sWC0000022GHFYA2,Fortra Price Book,USD,0,true
01uWC000005wt4rYAA,01tWC00000DD22YYAT,EFT Accelerate-NewMaintenance,GS-GSE-RNM-EFTACNM,New Maintenance,true,01sWC0000022GHFYA2,Fortra Price Book,USD,0,true
01uWC000005wt4sYAA,01tWC00000DD22aYAD,EFT Continuum BAM Portal-RenewalMaintenance,GS-GSE-RRM-ECBPRM,Renewal Maintenance,true,01sWC0000022GHFYA2,Fortra Price Book,USD,0,true
01uWC000005wt4tYAA,01tWC00000DD22bYAD,EFT Express Auditing & Reporting Module ARM-RenewalMaintenance,GS-GSE-RRM-EEARMARM,Renewal Maintenance,true,01sWC0000022GHFYA2,Fortra Price Book,USD,0,true
01uWC000005wt4uYAA,01tWC00000DD22cYAD,EFT Express Security Module ESM-RenewalMaintenance,GS-GSE-RRM-EESMERM,Renewal Maintenance,true,01sWC0000022GHFYA2,Fortra Price Book,USD,0,true
01uWC000005wt4vYAA,01tWC00000DD22dYAD,EFT SFTP SSH2 Module-RenewalMaintenance,GS-GSE-RRM-ESSMRM,Renewal Maintenance,true,01sWC0000022GHFYA2,Fortra Price Book,USD,0,true
01uWC000005wt4wYAA,01tWC00000DD22eYAD,Enterprise Actions-RenewalMaintenance,GS-GSE-RRM-ENTACRM,Renewal Maintenance,true,01sWC0000022GHFYA2,Fortra Price Book,USD,0,true
01uWC000005wt4xYAA,01tWC00000DD1hUYAT,Tripwire Enterprise Console-NewMaintenance,FIM-FIM-RNM-TECNM,New Maintenance,true,01sWC0000022GHFYA2,Fortra Price Book,USD,0,true
01uWC000005wt4yYAA,01tWC00000DD1hZYAT,Tripwire Enterprise Express Console-NewMaintenance,FIM-FIM-RNM-TEECNM,New Maintenance,true,01sWC0000022GHFYA2,Fortra Price Book,USD,0,true
01uWC000005wt4zYAA,01tWC00000DD1hlYAD,Tripwire Enterprise for Desktops-NewMaintenance,FIM-FIM-RNM-TEDM,New Maintenance,true,01sWC0000022GHFYA2,Fortra Price Book,USD,0,true
01uWC000005wt50YAA,01tWC00000DD1hwYAD,Tripwire Enterprise for File Systems-NewMaintenance,FIM-FIM-RNM-TEFSNM,New Maintenance,true,01sWC0000022GHFYA2,Fortra Price Book,USD,0,true
01uWC000005wt51YAA,01tWC00000DD1mdYAD,TE Academic Institution Site License - Database-NewMaintenance,FIM-FIM-RNM-TEA,New Maintenance,true,01sWC0000022GHFYA2,Fortra Price Book,USD,0,true
01uWC000005wt52YAA,01tWC00000DD1mgYAD,TE Academic Institution Site License - Desktop-NewMaintenance,FIM-FIM-RNM-TEAC,New Maintenance,true,01sWC0000022GHFYA2,Fortra Price Book,USD,0,true
01uWC000005wt53YAA,01tWC00000DD1mjYAD,TE Academic Institution Site License - Directory Services-NewMaintenance,FIM-FIM-RNM-TENM,New Maintenance,true,01sWC0000022GHFYA2,Fortra Price Book,USD,0,true
01uWC000005wt54YAA,01tWC00000DD1moYAD,Tripwire Enterprise for Large Stores (up to 75 FS)-NewMaintenance,FIM-FIM-RNM-TELSUT,New Maintenance,true,01sWC0000022GHFYA2,Fortra Price Book,USD,0,true
01uWC000005wt55YAA,01tWC00000DD1mrYAD,"Tripwire Enterprise for Large Stores w/ ND & DB (up to 75 FS, 75 ND & 1 DB)-NewMaintenance",FIM-FIM-RNM-TELSWN,New Maintenance,true,01sWC0000022GHFYA2,Fortra Price Book,USD,0,true
01uWC000005wt56YAA,01tWC00000DD1muYAD,Tripwire Enterprise for Microsoft Exchange-NewMaintenance,FIM-FIM-RNM-TEMENM,New Maintenance,true,01sWC0000022GHFYA2,Fortra Price Book,USD,0,true
01uWC000005wt57YAA,01tWC00000DD1n0YAD,Tripwire Enterprise for Microsoft IIS-NewMaintenance,FIM-FIM-RNM-TEMINM,New Maintenance,true,01sWC0000022GHFYA2,Fortra Price Book,USD,0,true
01uWC000005wt58YAA,01tWC00000DD1n4YAD,Tripwire Enterprise for Mid-Size Stores (Up to 20 FS)-NewMaintenance,FIM-FIM-RNM-TEMSSU,New Maintenance,true,01sWC0000022GHFYA2,Fortra Price Book,USD,0,true
01uWC000005wt59YAA,01tWC00000DD1n7YAD,"Tripwire Enterprise for Mid-Size Stores w/ ND & DB (up to 20 FS, 20 ND & 1 DB)-NewMaintenance",FIM-FIM-RNM-TEMSSW,New Maintenance,true,01sWC0000022GHFYA2,Fortra Price Book,USD,0,true
01uWC000005wt5AYAQ,01tWC00000DD1nDYAT,Tripwire Enterprise for Network Devices-NewMaintenance,FIM-FIM-RNM-TENDNM,New Maintenance,true,01sWC0000022GHFYA2,Fortra Price Book,USD,0,true
01uWC000005wt5BYAQ,01tWC00000DD1nIYAT,Tripwire Enterprise for POS End Point Systems-NewMaintenance,FIM-FIM-RNM-TEPM,New Maintenance,true,01sWC0000022GHFYA2,Fortra Price Book,USD,0,true
01uWC000005wt5CYAQ,01tWC00000DD1nNYAT,Tripwire Enterprise for POS Servers-NewMaintenance,FIM-FIM-RNM-TEPSNM,New Maintenance,true,01sWC0000022GHFYA2,Fortra Price Book,USD,0,true
01uWC000005wt5DYAQ,01tWC00000DD1nRYAT,Tripwire Enterprise for Small Stores (up to 5 FS)-NewMaintenance,FIM-FIM-RNM-TESSUT,New Maintenance,true,01sWC0000022GHFYA2,Fortra Price Book,USD,0,true
01uWC000005wt5EYAQ,01tWC00000DD1noYAD,Tripwire for Databases-NewMaintenance,FIM-FIM-RNM-TDNM,New Maintenance,true,01sWC0000022GHFYA2,Fortra Price Book,USD,0,true
01uWC000005wt5FYAQ,01tWC00000DD1nsYAD,Tripwire for Directory Services-NewMaintenance,FIM-FIM-RNM-TDSNM,New Maintenance,true,01sWC0000022GHFYA2,Fortra Price Book,USD,0,true
01uWC000005wt5GYAQ,01tWC00000DD1o1YAD,Tripwire for Servers-NewMaintenance,FIM-FIM-RNM-TSNM,New Maintenance,true,01sWC0000022GHFYA2,Fortra Price Book,USD,0,true
01uWC000005wt5HYAQ,01tWC00000DD1oQYAT,Tripwire Log Center Advanced Log Collector-NewMaintenance,FIM-TLC-RNM-TLCM,New Maintenance,true,01sWC0000022GHFYA2,Fortra Price Book,USD,0,true
01uWC000005wt5IYAQ,01tWC00000DD1oWYAT,Tripwire Log Center Console-NewMaintenance,FIM-TLC-RNM-TLCCNM,New Maintenance,true,01sWC0000022GHFYA2,Fortra Price Book,USD,0,true
01uWC000005wt5JYAQ,01tWC00000DD1obYAD,Tripwire Log Center for Databases (includes Remote Log Collector)-NewMaintenance,FIM-TLC-RNM-TRIPWL,New Maintenance,true,01sWC0000022GHFYA2,Fortra Price Book,USD,0,true
01uWC000005wt5KYAQ,01tWC00000DD20QYAT,"Fortra DCS ""Advance"" ULTRA Package - Government-RenewalMaintenance",DP-DC-RRM-FDAUPGRM,Renewal Maintenance,true,01sWC0000022GHFYA2,Fortra Price Book,USD,0,true
01uWC000005wt5LYAQ,01tWC00000DD20RYAT,"Fortra DCS ""Advance"" ULTRA Package - Government-NewMaintenance",DP-DC-RNM-FDAUPGNM,New Maintenance,true,01sWC0000022GHFYA2,Fortra Price Book,USD,0,true
01uWC000005wt5MYAQ,01tWC00000DD20SYAT,"Fortra DCS ""Plus"" ULTRA Package - Government-RenewalMaintenance",DP-DC-RRM-FDPUPGRM,Renewal Maintenance,true,01sWC0000022GHFYA2,Fortra Price Book,USD,0,true
01uWC000005wt5NYAQ,01tWC00000DD20TYAT,"Fortra DCS ""Plus"" ULTRA Package - Government-NewMaintenance",DP-DC-RNM-FDPUPGNM,New Maintenance,true,01sWC0000022GHFYA2,Fortra Price Book,USD,0,true
01uWC000005wt5OYAQ,01tWC00000DD20qYAD,VMC - Security Agent-RenewalMaintenance,SM-VMC-RRM-VSARM,Renewal Maintenance,true,01sWC0000022GHFYA2,Fortra Price Book,USD,0,true
01uWC000005wt5PYAQ,01tWC00000DD20rYAD,VMC - Security Agent-NewMaintenance,SM-VMC-RNM-VSANM,New Maintenance,true,01sWC0000022GHFYA2,Fortra Price Book,USD,0,true
01uWC000005wt5QYAQ,01tWC00000DD20sYAD,"Robot Bundle - Schedule, Alert, Replay-RenewalMaintenance",SM-ROB-RRM-RBSARRM,Renewal Maintenance,true,01sWC0000022GHFYA2,Fortra Price Book,USD,0,true
01uWC000005wt5RYAQ,01tWC00000DD20tYAD,"Robot Bundle - Schedule, Alert, Replay-NewMaintenance",SM-ROB-RNM-RBSARNM,New Maintenance,true,01sWC0000022GHFYA2,Fortra Price Book,USD,0,true
01uWC000005wt5SYAQ,01tWC00000DD20uYAD,Robot Bundle - Console & Alert-RenewalMaintenance,SM-ROB-RRM-RBCARM,Renewal Maintenance,true,01sWC0000022GHFYA2,Fortra Price Book,USD,0,true
01uWC000005wt5TYAQ,01tWC00000DD20vYAD,Robot Bundle - Console & Alert-NewMaintenance,SM-ROB-RNM-RBCANM,New Maintenance,true,01sWC0000022GHFYA2,Fortra Price Book,USD,0,true
01uWC000005wt5UYAQ,01tWC00000DD20wYAD,Fortra DCS for DaR (Data at rest) with DCS INTELLIGENT PROTECTION - Government-RenewalMaintenance,DP-DC-RRM-DCDARGRM,Renewal Maintenance,true,01sWC0000022GHFYA2,Fortra Price Book,USD,0,true
01uWC000005wt5VYAQ,01tWC00000DD20xYAD,Fortra DCS for DaR (Data at rest) with DCS INTELLIGENT PROTECTION - Government-NewMaintenance,DP-DC-RNM-DCDARGNM,New Maintenance,true,01sWC0000022GHFYA2,Fortra Price Book,USD,0,true
01uWC000005wt5WYAQ,01tWC00000DD21KYAT,Audit & Reporting-RenewalMaintenance,GS-GSE-RRM-AUDREPRM,Renewal Maintenance,true,01sWC0000022GHFYA2,Fortra Price Book,USD,0,true
01uWC000005wt5XYAQ,01tWC00000DD21LYAT,Cloud Connector Actions-RenewalMaintenance,GS-GSE-RRM-CCARM,Renewal Maintenance,true,01sWC0000022GHFYA2,Fortra Price Book,USD,0,true
01uWC000005wt5YYAQ,01tWC00000DD21MYAT,DMZ Gateway 3 - Single Site-RenewalMaintenance,GS-GSE-RRM-DG3SSRM,Renewal Maintenance,true,01sWC0000022GHFYA2,Fortra Price Book,USD,0,true
01uWC000005wt5ZYAQ,01tWC00000DD21PYAT,EFT 7 Enterprise-RenewalMaintenance,GS-GSE-RRM-EFT7ERM,Renewal Maintenance,true,01sWC0000022GHFYA2,Fortra Price Book,USD,0,true
01uWC000005wt5aYAA,01tWC00000DD21QYAT,EFT 7 Express-NewMaintenance,GS-GSE-RNM-EFT7EXNM,New Maintenance,true,01sWC0000022GHFYA2,Fortra Price Book,USD,0,true
01uWC000005wt5bYAA,01tWC00000DD21SYAT,EFT 7 Express Upgrade-NewMaintenance,GS-GSE-RNM-EFT7EUNM,New Maintenance,true,01sWC0000022GHFYA2,Fortra Price Book,USD,0,true
01uWC000005wt5cYAA,01tWC00000DD21TYAT,EFT 7 Express Upgrade-RenewalMaintenance,GS-GSE-RRM-E7EURM,Renewal Maintenance,true,01sWC0000022GHFYA2,Fortra Price Book,USD,0,true
01uWC000005wt5dYAA,01tWC00000DD21XYAT,EFT Advanced Workflow Engine (AWE) Module-RenewalMaintenance,GS-GSE-RRM-EAWEMRM,Renewal Maintenance,true,01sWC0000022GHFYA2,Fortra Price Book,USD,0,true
01uWC000005wt5eYAA,01tWC00000DD21ZYAT,EFT Business Activity Monitor (BAM)-RenewalMaintenance,GS-GSE-RRM-EBAMRM,Renewal Maintenance,true,01sWC0000022GHFYA2,Fortra Price Book,USD,0,true
01uWC000005wt5fYAA,01tWC00000DD21aYAD,EFT Continuum Business Activity Monitor (BAM)-RenewalMaintenance,GS-GSE-RRM-ECBAMRM,Renewal Maintenance,true,01sWC0000022GHFYA2,Fortra Price Book,USD,0,true
01uWC000005wt5gYAA,01tWC00000DD21bYAD,EFT Express Mobile Transfer Client-NewMaintenance,GS-GSE-RNM-EEMTCNM,New Maintenance,true,01sWC0000022GHFYA2,Fortra Price Book,USD,0,true
01uWC000005wt5hYAA,01tWC00000DD21cYAD,EFT File Transfer Client Module FTC-RenewalMaintenance,GS-GSE-RRM-EFTCMFRM,Renewal Maintenance,true,01sWC0000022GHFYA2,Fortra Price Book,USD,0,true
01uWC000005wt5iYAA,01tWC00000DCwWUYA1,IP360-NewMaintenance,FIM-FIM-RNM-IP36NE,New Maintenance,true,01sWC0000022GHFYA2,Fortra Price Book,USD,0,true
01uWC000005wt5jYAA,01tWC00000DCwWgYAL,IPP-NewMaintenance,IPP-IPP-RNM-IPPNEW,New Maintenance,true,01sWC0000022GHFYA2,Fortra Price Book,USD,0,true
01uWC000005wt5kYAA,01tWC00000DCwWhYAL,IPP-RenewalMaintenance,IPP-IPP-RRM-IPPREN,Renewal Maintenance,true,01sWC0000022GHFYA2,Fortra Price Book,USD,0,true
01uWC000005wt5lYAA,01tWC00000DCxkqYAD,TE Academic Institution Site License - File Systems-NewMaintenance,FIM-FIM-RNM-TACADE,New Maintenance,true,01sWC0000022GHFYA2,Fortra Price Book,USD,0,true
01uWC000005wt5mYAA,01tWC00000DCxkuYAD,TE Academic Institution Site License - Network Device-NewMaintenance,FIM-FIM-RNM-TEAIN,New Maintenance,true,01sWC0000022GHFYA2,Fortra Price Book,USD,0,true
01uWC000005wt5nYAA,01tWC00000DCxkxYAD,TE Academic Institution Site License - VMWare ESX-NewMaintenance,FIM-FIM-RNM-TEAINS,New Maintenance,true,01sWC0000022GHFYA2,Fortra Price Book,USD,0,true
01uWC000005wt5oYAA,01tWC00000DCxlZYAT,TFS for Workstations-NewMaintenance,FIM-FIM-RNM-TFSWNM,New Maintenance,true,01sWC0000022GHFYA2,Fortra Price Book,USD,0,true
01uWC000005wt5pYAA,01tWC00000DCyyBYAT,VnE Manager Ev-NewMaintenance,FIM-FIM-RNM-VEMENM,New Maintenance,true,01sWC0000022GHFYA2,Fortra Price Book,USD,0,true
01uWC000005wt5qYAA,01tWC00000DCyyIYAT,VnE Manager Ev Express-NewMaintenance,FIM-FIM-RNM-VEMEEN,New Maintenance,true,01sWC0000022GHFYA2,Fortra Price Book,USD,0,true
01uWC000005wt5rYAA,01tWC00000DCyyKYAT,VnE Manager Ev Limited-NewMaintenance,FIM-FIM-RNM-VEMELN,New Maintenance,true,01sWC0000022GHFYA2,Fortra Price Book,USD,0,true
01uWC000005wt5sYAA,01tWC00000DCyyRYAT,Vulnerability Management-NewMaintenance,VM-DDL-RNM-VULNNE,New Maintenance,true,01sWC0000022GHFYA2,Fortra Price Book,USD,0,true
01uWC000005wt5tYAA,01tWC00000DCyySYAT,Vulnerability Management-RenewalMaintenance,VM-DDL-RRM-VULNRE,Renewal Maintenance,true,01sWC0000022GHFYA2,Fortra Price Book,USD,0,true
01uWC000005wt5uYAA,01tWC00000DCzhLYAT,GoAnywhere Collaboration Bundle with Gateway-NewMaintenance,GOA-GAM-RNM-GCBGNM,New Maintenance,true,01sWC0000022GHFYA2,Fortra Price Book,USD,0,true
01uWC000005wt5vYAA,01tWC00000DCzhMYAT,GoAnywhere Premium Bundle - Clustered-RenewalMaintenance,GOA-GAM-RRM-GPBCRM,Renewal Maintenance,true,01sWC0000022GHFYA2,Fortra Price Book,USD,0,true
01uWC000005wt5wYAA,01tWC00000DCzhNYAT,GoAnywhere Premium Bundle - Clustered-NewMaintenance,GOA-GAM-RNM-GPBCNM,New Maintenance,true,01sWC0000022GHFYA2,Fortra Price Book,USD,0,true
01uWC000005wt5xYAA,01tWC00000DCzhOYAT,GoAnywhere Premium Bundle with Threat Protection-RenewalMaintenance,GOA-GAM-RRM-GPBTPRM,Renewal Maintenance,true,01sWC0000022GHFYA2,Fortra Price Book,USD,0,true
01uWC000005wt5yYAA,01tWC00000DCzhPYAT,GoAnywhere Premium Bundle with Threat Protection-NewMaintenance,GOA-GAM-RNM-GPBTPNM,New Maintenance,true,01sWC0000022GHFYA2,Fortra Price Book,USD,0,true
01uWC000005wt5zYAA,01tWC00000DCzhQYAT,GoAnywhere Starter Bundle with Gateway-RenewalMaintenance,GOA-GAM-RRM-GSBGRM,Renewal Maintenance,true,01sWC0000022GHFYA2,Fortra Price Book,USD,0,true
01uWC000005wt60YAA,01tWC00000DCzhRYAT,GoAnywhere Starter Bundle with Gateway-NewMaintenance,GOA-GAM-RNM-GSBGNM,New Maintenance,true,01sWC0000022GHFYA2,Fortra Price Book,USD,0,true
01uWC000005wt61YAA,01tWC00000DCzhSYAT,GoAnywhere Starter Bundle with Gateway and Threat Protection-RenewalMaintenance,GOA-GAM-RRM-GSBGTPRM,Renewal Maintenance,true,01sWC0000022GHFYA2,Fortra Price Book,USD,0,true
01uWC000005wt62YAA,01tWC00000DCzhTYAT,GoAnywhere Starter Bundle with Gateway and Threat Protection-NewMaintenance,GOA-GAM-RNM-GSBGTPNM,New Maintenance,true,01sWC0000022GHFYA2,Fortra Price Book,USD,0,true
01uWC000005wt63YAA,01tWC00000DCzhUYAT,Insite Analytics - Core-RenewalMaintenance,BI-ISA-RRM-IACRM,Renewal Maintenance,true,01sWC0000022GHFYA2,Fortra Price Book,USD,0,true
01uWC000005wt64YAA,01tWC00000DCzhVYAT,Insite Analytics - Core-NewMaintenance,BI-ISA-RNM-IACNM,New Maintenance,true,01sWC0000022GHFYA2,Fortra Price Book,USD,0,true
01uWC000005wt7hYAA,01tWC00000DD10XYAT,Clearswift SECURE Email Gateway (Kaspersky AV)-NewMaintenance,ES-SEG-RNM-CSEGANM,New Maintenance,true,01sWC0000022GHFYA2,Fortra Price Book,USD,0,true
01uWC000005wt7iYAA,01tWC00000DD10YYAT,Clearswift SECURE Email Gateway (Kaspersky AV)-RenewalMaintenance,ES-SEG-RRM-CSEGARM,Renewal Maintenance,true,01sWC0000022GHFYA2,Fortra Price Book,USD,0,true
01uWC000005wt7jYAA,01tWC00000DD116YAD,5250 Integrator-NewMaintenance,DM-WCU-RNM-5250NE,New Maintenance,true,01sWC0000022GHFYA2,Fortra Price Book,USD,0,true
01uWC000005wt7kYAA,01tWC00000DD14KYAT,Automate Maintenance Add Ons-NewMaintenance,RPA-AUT-RNM-AMAONM,New Maintenance,true,01sWC0000022GHFYA2,Fortra Price Book,USD,0,true
01uWC000005wt7lYAA,01tWC00000DD14MYAT,Automate Maintenance Add Ons-RenewalMaintenance,RPA-AUT-RRM-AMAORM,Renewal Maintenance,true,01sWC0000022GHFYA2,Fortra Price Book,USD,0,true
01uWC000005wt7mYAA,01tWC00000DD15tYAD,CCM for Network Devices-RenewalMaintenance,FIM-FIM-RRM-CCMNDR,Renewal Maintenance,true,01sWC0000022GHFYA2,Fortra Price Book,USD,0,true
01uWC000005wt7nYAA,01tWC00000DD15yYAD,CCM for Servers-RenewalMaintenance,FIM-FIM-RRM-CCMSRM,Renewal Maintenance,true,01sWC0000022GHFYA2,Fortra Price Book,USD,0,true
01uWC000005wt7oYAA,01tWC00000DD163YAD,CCM for Single Purpose Devices-RenewalMaintenance,FIM-FIM-RRM-CCMSIR,Renewal Maintenance,true,01sWC0000022GHFYA2,Fortra Price Book,USD,0,true
01uWC000005wt7pYAA,01tWC00000DD168YAD,CCM for Workstations-RenewalMaintenance,FIM-FIM-RRM-CCMWRM,Renewal Maintenance,true,01sWC0000022GHFYA2,Fortra Price Book,USD,0,true
01uWC000005wt7qYAA,01tWC00000DD16FYAT,CCM Limited Management Server-RenewalMaintenance,FIM-FIM-RRM-CCMLIR,Renewal Maintenance,true,01sWC0000022GHFYA2,Fortra Price Book,USD,0,true
01uWC000005wt7rYAA,01tWC00000DD16NYAT,CCM Management Server-RenewalMaintenance,FIM-FIM-RRM-CCMMSR,Renewal Maintenance,true,01sWC0000022GHFYA2,Fortra Price Book,USD,0,true
01uWC000005wt7sYAA,01tWC00000DD16SYAT,CCM Scan Engine-RenewalMaintenance,FIM-FIM-RRM-CCMSCA,Renewal Maintenance,true,01sWC0000022GHFYA2,Fortra Price Book,USD,0,true
01uWC000005wt7tYAA,01tWC00000DD16dYAD,CDP Add Agent-RenewalMaintenance,GS-GSE-RRM-CDPA,Renewal Maintenance,true,01sWC0000022GHFYA2,Fortra Price Book,USD,0,true
01uWC000005wt7uYAA,01tWC00000DD194YAD,Core Server Bundle-NewMaintenance,GS-GSE-RNM-CSBNM,New Maintenance,true,01sWC0000022GHFYA2,Fortra Price Book,USD,0,true
01uWC000005wt7vYAA,01tWC00000DD1A4YAL,Data Protection-NewMaintenance,DP-DLP-RNM-DPNM,New Maintenance,true,01sWC0000022GHFYA2,Fortra Price Book,USD,0,true
01uWC000005wt7wYAA,01tWC00000DD1A5YAL,Data Protection-RenewalMaintenance,DP-DLP-RRM-DPRM,Renewal Maintenance,true,01sWC0000022GHFYA2,Fortra Price Book,USD,0,true
01uWC000005wt7xYAA,01tWC00000DD1BPYA1,Device Profiler Ev-RenewalMaintenance,FIM-FIM-RRM-DPEREN,Renewal Maintenance,true,01sWC0000022GHFYA2,Fortra Price Book,USD,0,true
01uWC000005wt7yYAA,01tWC00000DD1BRYA1,Device Profiler Ev Express-NewMaintenance,FIM-FIM-RNM-DPEENM,New Maintenance,true,01sWC0000022GHFYA2,Fortra Price Book,USD,0,true
01uWC000005wt7zYAA,01tWC00000DD1BTYA1,Device Profiler Ev Express-RenewalMaintenance,FIM-FIM-RRM-DPEERM,Renewal Maintenance,true,01sWC0000022GHFYA2,Fortra Price Book,USD,0,true
01uWC000005wt80YAA,01tWC00000DD1BXYA1,Device Profiler Ev Limited-RenewalMaintenance,FIM-FIM-RRM-DPELRM,Renewal Maintenance,true,01sWC0000022GHFYA2,Fortra Price Book,USD,0,true
01uWC000005wt81YAA,01tWC00000DD1BlYAL,DG NDLP Appliance-NewMaintenance,DP-DLP-RNM-DGDNDL,New Maintenance,true,01sWC0000022GHFYA2,Fortra Price Book,USD,0,true
01uWC000005wt82YAA,01tWC00000DD1E7YAL,EFT Advanced Auth Module (AAM)-RenewalMaintenance,GS-GSE-RRM-EAAM,Renewal Maintenance,true,01sWC0000022GHFYA2,Fortra Price Book,USD,0,true
01uWC000005wt83YAA,01tWC00000DD1EcYAL,EFT Continuum BAM Portal-NewMaintenance,GS-GSE-RNM-EFTC,New Maintenance,true,01sWC0000022GHFYA2,Fortra Price Book,USD,0,true
01uWC000005wt84YAA,01tWC00000DD1EyYAL,EFT Express DMZ Gateway Multi-Site-NewMaintenance,GS-GSE-RNM-EEXPRE,New Maintenance,true,01sWC0000022GHFYA2,Fortra Price Book,USD,0,true
01uWC000005wt85YAA,01tWC00000DD1F4YAL,EFT Express MTC-NewMaintenance,GS-GSE-RNM-EEMM,New Maintenance,true,01sWC0000022GHFYA2,Fortra Price Book,USD,0,true
01uWC000005wt86YAA,01tWC00000DD1FHYA1,EFT Express WSM Module-NewMaintenance,GS-GSE-RNM-EFTEXW,New Maintenance,true,01sWC0000022GHFYA2,Fortra Price Book,USD,0,true
01uWC000005wt87YAA,01tWC00000DD1FnYAL,EFT SAT Module-NewMaintenance,GS-GSE-RNM-ESMM,New Maintenance,true,01sWC0000022GHFYA2,Fortra Price Book,USD,0,true
01uWC000005wt88YAA,01tWC00000DD1FtYAL,EFT Server Migration Tools Custom Solution-NewMaintenance,GS-GSE-RNM-EFTSE,New Maintenance,true,01sWC0000022GHFYA2,Fortra Price Book,USD,0,true
01uWC000005wt89YAA,01tWC00000DD1G7YAL,EFT SMB WSM Module 25 Users-RenewalMaintenance,GS-GSE-RRM-EFSMB,Renewal Maintenance,true,01sWC0000022GHFYA2,Fortra Price Book,USD,0,true
01uWC000005wt8AYAQ,01tWC00000DD1GnYAL,Email Security-RenewalMaintenance,ES-SEG-RRM-ESRM,Renewal Maintenance,true,01sWC0000022GHFYA2,Fortra Price Book,USD,0,true
01uWC000005wt8BYAQ,01tWC00000DD1IGYA1,File Integrity Manager for Mid-Size Stores (up to 20 FS)-RenewalMaintenance,FIM-FIM-RRM-FIMMIS,Renewal Maintenance,true,01sWC0000022GHFYA2,Fortra Price Book,USD,0,true
01uWC000005wt8CYAQ,01tWC00000DD1IbYAL,"File Integrity Manager for Small Stores w/ND & DB (up to 5 FS, 5 ND & 1 DB)-RenewalMaintenance",FIM-FIM-RRM-FIMSMR,Renewal Maintenance,true,01sWC0000022GHFYA2,Fortra Price Book,USD,0,true
01uWC000005wt8DYAQ,01tWC00000DD1IhYAL,FileCatalyst-NewMaintenance,GOA-FIL-RNM-FCNM,New Maintenance,true,01sWC0000022GHFYA2,Fortra Price Book,USD,0,true
01uWC000005wt8EYAQ,01tWC00000DD1IiYAL,FIleCatalyst-RenewalMaintenance,GOA-FIL-RRM-FCRM,Renewal Maintenance,true,01sWC0000022GHFYA2,Fortra Price Book,USD,0,true
01uWC000005wt8FYAQ,01tWC00000DCwWWYA1,IP360-RenewalMaintenance,FIM-FIM-RRM-IP36RE,Renewal Maintenance,true,01sWC0000022GHFYA2,Fortra Price Book,USD,0,true
01uWC000005wt8GYAQ,01tWC00000DD1TdYAL,Offensive Security-NewMaintenance,OS-CI-RNM-OFFENE,New Maintenance,true,01sWC0000022GHFYA2,Fortra Price Book,USD,0,true
01uWC000005wt8HYAQ,01tWC00000DD1TeYAL,Offensive Security-RenewalMaintenance,OS-CI-RRM-OFFERE,Renewal Maintenance,true,01sWC0000022GHFYA2,Fortra Price Book,USD,0,true
01uWC000005wt8IYAQ,01tWC00000DD1X8YAL,Reconnect-NewMaintenance,GS-GSE-RNM-RNM,New Maintenance,true,01sWC0000022GHFYA2,Fortra Price Book,USD,0,true
01uWC000005wt8JYAQ,01tWC00000DD1XMYA1,Remote Agent Module-RenewalMaintenance,GS-GSE-RRM-RAMRM,Renewal Maintenance,true,01sWC0000022GHFYA2,Fortra Price Book,USD,0,true
01uWC000005wt8KYAQ,01tWC00000DD1kcYAD,SFTP Server Bundle-NewMaintenance,GS-GSE-RNM-SFTPBN,New Maintenance,true,01sWC0000022GHFYA2,Fortra Price Book,USD,0,true
01uWC000005wt8LYAQ,01tWC00000DCxlbYAD,TFS for Workstations-RenewalMaintenance,FIM-FIM-RRM-TFSWRM,Renewal Maintenance,true,01sWC0000022GHFYA2,Fortra Price Book,USD,0,true
01uWC000005wt8MYAQ,01tWC00000DD1gSYAT,Tripwire App - Dynamic Software Reconciliation - Utility-RenewalMaintenance,FIM-FIM-RRM-TRAP,Renewal Maintenance,true,01sWC0000022GHFYA2,Fortra Price Book,USD,0,true
01uWC000005wt8NYAQ,01tWC00000DD1gXYAT,Tripwire App - Dynamic Software Reconciliation Express - Utility-RenewalMaintenance,FIM-FIM-RRM-TRIPWA,Renewal Maintenance,true,01sWC0000022GHFYA2,Fortra Price Book,USD,0,true
01uWC000005wt8OYAQ,01tWC00000DD1gcYAD,Tripwire App - Event Sender - Utility-RenewalMaintenance,FIM-FIM-RRM-TAESUR,Renewal Maintenance,true,01sWC0000022GHFYA2,Fortra Price Book,USD,0,true
01uWC000005wt8PYAQ,01tWC00000DD1glYAD,Tripwire App - TE Integration Framework - ChangeGear - Utility-RenewalMaintenance,FIM-FIM-RRM-TRAPP,Renewal Maintenance,true,01sWC0000022GHFYA2,Fortra Price Book,USD,0,true
01uWC000005wt8QYAQ,01tWC00000DD1gpYAD,Tripwire App - TE Integration Framework - Cherwell - Utility-RenewalMaintenance,FIM-FIM-RRM-TRIAPT,Renewal Maintenance,true,01sWC0000022GHFYA2,Fortra Price Book,USD,0,true
01uWC000005wt8RYAQ,01tWC00000DD1gtYAD,Tripwire App - TE Integration Framework - Flex - Utility-RenewalMaintenance,FIM-FIM-RRM-TRATE,Renewal Maintenance,true,01sWC0000022GHFYA2,Fortra Price Book,USD,0,true
01uWC000005wt8SYAQ,01tWC00000DD1gyYAD,TE University Site License-File Systems Monitoring-Tier 1-RenewalMaintenance,FIM-FIM-RRM-TEUSLFRM,Renewal Maintenance,true,01sWC0000022GHFYA2,Fortra Price Book,USD,0,true
01uWC000005wt8TYAQ,01tWC00000DD1gzYAD,Tripwire App - TE Integration Framework - Jira - Utility-RenewalMaintenance,FIM-FIM-RRM-TRAPTI,Renewal Maintenance,true,01sWC0000022GHFYA2,Fortra Price Book,USD,0,true
01uWC000005wt8UYAQ,01tWC00000DD1h3YAD,Tripwire App - TE Integration Framework - Remedy - Utility-RenewalMaintenance,FIM-FIM-RRM-TAPTIN,Renewal Maintenance,true,01sWC0000022GHFYA2,Fortra Price Book,USD,0,true
01uWC000005wt8VYAQ,01tWC00000DD1h8YAD,Tripwire App - TE Integration Framework - ServiceNow - Utility-RenewalMaintenance,FIM-FIM-RRM-TATINF,Renewal Maintenance,true,01sWC0000022GHFYA2,Fortra Price Book,USD,0,true
01uWC000005wt8WYAQ,01tWC00000DCzGKYA1,Tripwire Enterprise for Industrial Devices-RenewalMaintenance,FIM-FIM-RRM-TEIDRM,Renewal Maintenance,true,01sWC0000022GHFYA2,Fortra Price Book,USD,0,true
01uWC000005wt8XYAQ,01tWC00000DD1mqYAD,Tripwire Enterprise for Large Stores (up to 75 FS)-RenewalMaintenance,FIM-FIM-RRM-TELM,Renewal Maintenance,true,01sWC0000022GHFYA2,Fortra Price Book,USD,0,true
01uWC000005wt8YYAQ,01tWC00000DD1mtYAD,"Tripwire Enterprise for Large Stores w/ ND & DB (up to 75 FS, 75 ND & 1 DB)-RenewalMaintenance",FIM-FIM-RRM-TENTER,Renewal Maintenance,true,01sWC0000022GHFYA2,Fortra Price Book,USD,0,true
01uWC000005wt8ZYAQ,01tWC00000DD1n6YAD,Tripwire Enterprise for Mid-Size Stores (Up to 20 FS)-RenewalMaintenance,FIM-FIM-RRM-TEMM,Renewal Maintenance,true,01sWC0000022GHFYA2,Fortra Price Book,USD,0,true
01uWC000005wt8aYAA,01tWC00000DD1nAYAT,"Tripwire Enterprise for Mid-Size Stores w/ ND & DB (up to 20 FS, 20 ND & 1 DB)-RenewalMaintenance",FIM-FIM-RRM-TRIENM,Renewal Maintenance,true,01sWC0000022GHFYA2,Fortra Price Book,USD,0,true
01uWC000005wt8bYAA,01tWC00000DD1o4YAD,Tripwire for Servers-RenewalMaintenance,FIM-FIM-RRM-TSRM,Renewal Maintenance,true,01sWC0000022GHFYA2,Fortra Price Book,USD,0,true
01uWC000005wt8cYAA,01tWC00000DD1oTYAT,Tripwire Log Center Advanced Log Collector-RenewalMaintenance,FIM-TLC-RRM-TRLO,Renewal Maintenance,true,01sWC0000022GHFYA2,Fortra Price Book,USD,0,true
01uWC000005wt8dYAA,01tWC00000DD1oUYAT,IP360 Federal-RenewalMaintenance,FIM-FIM-RRM-IP36FRM,Renewal Maintenance,true,01sWC0000022GHFYA2,Fortra Price Book,USD,0,true
01uWC000005wt8eYAA,01tWC00000DD1oYYAT,Tripwire Log Center Console-RenewalMaintenance,FIM-TLC-RRM-TLCCRM,Renewal Maintenance,true,01sWC0000022GHFYA2,Fortra Price Book,USD,0,true
01uWC000005wt8fYAA,01tWC00000DD1odYAD,Tripwire Log Center for Databases (includes Remote Log Collector)-RenewalMaintenance,FIM-TLC-RRM-TRIPLO,Renewal Maintenance,true,01sWC0000022GHFYA2,Fortra Price Book,USD,0,true
01uWC000005wt8gYAA,01tWC00000DD1okYAD,Tripwire Log Center for Desktops (includes Advanced Log Collector Agent)-RenewalMaintenance,FIM-TLC-RRM-TRLOG,Renewal Maintenance,true,01sWC0000022GHFYA2,Fortra Price Book,USD,0,true
01uWC000005wt8hYAA,01tWC00000DD1ooYAD,Tripwire Log Center for Directory Services (includes Advanced Log Collector Agent)-RenewalMaintenance,FIM-TLC-RRM-TRIPLC,Renewal Maintenance,true,01sWC0000022GHFYA2,Fortra Price Book,USD,0,true
01uWC000005wt8iYAA,01tWC00000DD1ouYAD,VnE Manager Ev Express-RenewalMaintenance,FIM-FIM-RRM-VEMEER,Renewal Maintenance,true,01sWC0000022GHFYA2,Fortra Price Book,USD,0,true
01uWC000005wt8jYAA,01tWC00000DD1ovYAD,Tripwire Log Center for File Systems  (includes Advanced Log Collector Agent)-RenewalMaintenance,FIM-TLC-RRM-TRLOGC,Renewal Maintenance,true,01sWC0000022GHFYA2,Fortra Price Book,USD,0,true
01uWC000005wt8kYAA,01tWC00000DD1p4YAD,Tripwire Log Center for Industrial Environments-RenewalMaintenance,FIM-TLC-RRM-TLCIER,Renewal Maintenance,true,01sWC0000022GHFYA2,Fortra Price Book,USD,0,true
01uWC000005wt8lYAA,01tWC00000DD1p8YAD,Tripwire Asset Discovery Manager Ev Express-RenewalMaintenance,FIM-FIM-RRM-TADMEERM,Renewal Maintenance,true,01sWC0000022GHFYA2,Fortra Price Book,USD,0,true
01uWC000005wt8mYAA,01tWC00000DD1pBYAT,Tripwire Log Center for Microsoft Exchange (includes Advanced Log Collector Agent)-RenewalMaintenance,FIM-TLC-RRM-TLOCEN,Renewal Maintenance,true,01sWC0000022GHFYA2,Fortra Price Book,USD,0,true
01uWC000005wt8nYAA,01tWC00000DD1pEYAT,Device Profiler 700-RenewalMaintenance,FIM-FIM-RRM-DP700RM,Renewal Maintenance,true,01sWC0000022GHFYA2,Fortra Price Book,USD,0,true
01uWC000005wt8oYAA,01tWC00000DD1pIYAT,Tripwire Log Center for Microsoft IIS (includes Advanced Log Collector Agent)-RenewalMaintenance,FIM-TLC-RRM-TRLCEM,Renewal Maintenance,true,01sWC0000022GHFYA2,Fortra Price Book,USD,0,true
01uWC000005wt8pYAA,01tWC00000DD1pRYAT,Tripwire Log Center for Network Devices (includes Remote Collector)-RenewalMaintenance,FIM-TLC-RRM-TLOCNE,Renewal Maintenance,true,01sWC0000022GHFYA2,Fortra Price Book,USD,0,true
01uWC000005wt8qYAA,01tWC00000DD1plYAD,Tripwire Log Center for VMware ESX (includes Remote Collector)-RenewalMaintenance,FIM-TLC-RRM-TRLCVE,Renewal Maintenance,true,01sWC0000022GHFYA2,Fortra Price Book,USD,0,true
01uWC000005wt8rYAA,01tWC00000DD1pnYAD,Tripwire Log Center Forwarding Manager-RenewalMaintenance,FIM-TLC-RRM-TLCFMR,Renewal Maintenance,true,01sWC0000022GHFYA2,Fortra Price Book,USD,0,true
01uWC000005wt8sYAA,01tWC00000DD1tMYAT,Tripwire Log Center Remote Log Collector-RenewalMaintenance,FIM-TLC-RRM-TRLCER,Renewal Maintenance,true,01sWC0000022GHFYA2,Fortra Price Book,USD,0,true
01uWC000005wt8tYAA,01tWC00000DD1tSYAT,Tripwire Manager-RenewalMaintenance,FIM-FIM-RRM-TMRM,Renewal Maintenance,true,01sWC0000022GHFYA2,Fortra Price Book,USD,0,true
01uWC000005wt8uYAA,01tWC00000DD1tfYAD,Tripwire State Analyzer Express-RenewalMaintenance,FIM-FIM-RRM-TSAERM,Renewal Maintenance,true,01sWC0000022GHFYA2,Fortra Price Book,USD,0,true
01uWC000005wt8vYAA,01tWC00000DCyyDYAT,VnE Manager Ev-RenewalMaintenance,FIM-FIM-RRM-VEMERM,Renewal Maintenance,true,01sWC0000022GHFYA2,Fortra Price Book,USD,0,true
01uWC000005wt8wYAA,01tWC00000DCyyMYAT,VnE Manager Ev Limited-RenewalMaintenance,FIM-FIM-RRM-VEMELR,Renewal Maintenance,true,01sWC0000022GHFYA2,Fortra Price Book,USD,0,true
01uWC000005wt8xYAA,01tWC00000DD1yCYAT,Workspaces-RenewalMaintenance,GS-GSE-RRM-WORKRE,Renewal Maintenance,true,01sWC0000022GHFYA2,Fortra Price Book,USD,0,true
01uWC000005wt8yYAA,01tWC00000DD1yGYAT,EFT Express Mobile Transfer Client-RenewalMaintenance,GS-GSE-RRM-EEMTCRM,Renewal Maintenance,true,01sWC0000022GHFYA2,Fortra Price Book,USD,0,true
01uWC000005wt8zYAA,01tWC00000DD21JYAT,Advanced Authentication Modes-RenewalMaintenance,GS-GSE-RRM-AAMRM,Renewal Maintenance,true,01sWC0000022GHFYA2,Fortra Price Book,USD,0,true
01uWC000005wt90YAA,01tWC00000DD21NYAT,DMZ Gateway 3 - Single Site-NewMaintenance,GS-GSE-RNM-DG3SSNM,New Maintenance,true,01sWC0000022GHFYA2,Fortra Price Book,USD,0,true
01uWC000005wt91YAA,01tWC00000DD21OYAT,EFT 7 Enterprise-NewMaintenance,GS-GSE-RNM-EFT7ENM,New Maintenance,true,01sWC0000022GHFYA2,Fortra Price Book,USD,0,true
01uWC000005wt92YAA,01tWC00000DD21RYAT,EFT 7 Express-RenewalMaintenance,GS-GSE-RRM-EFT7EXRM,Renewal Maintenance,true,01sWC0000022GHFYA2,Fortra Price Book,USD,0,true
01uWC000005wt93YAA,01tWC00000DD21UYAT,EFT 8 Express-RenewalMaintenance,GS-GSE-RRM-EFT8EXRM,Renewal Maintenance,true,01sWC0000022GHFYA2,Fortra Price Book,USD,0,true
01uWC000005wt94YAA,01tWC00000DD21WYAT,EFT 8 Enterprise-RenewalMaintenance,GS-GSE-RRM-EFT8ERM,Renewal Maintenance,true,01sWC0000022GHFYA2,Fortra Price Book,USD,0,true
01uWC000005wt95YAA,01tWC00000DD21YYAT,EFT Business Activity Monitor (BAM)-NewMaintenance,GS-GSE-RNM-EBAMNM,New Maintenance,true,01sWC0000022GHFYA2,Fortra Price Book,USD,0,true
01uWC000005wt96YAA,01tWC00000DD22PYAT,Advanced Workflow Engine-RenewalMaintenance,GS-GSE-RRM-AWERM,Renewal Maintenance,true,01sWC0000022GHFYA2,Fortra Price Book,USD,0,true
01uWC000005wt97YAA,01tWC00000DD22VYAT,DMZ Gateway Enterprise 3 - Multi-Site-RenewalMaintenance,GS-GSE-RRM-DGE3MSRM,Renewal Maintenance,true,01sWC0000022GHFYA2,Fortra Price Book,USD,0,true
01uWC000005wt98YAA,01tWC00000DD22XYAT,DMZ Gateway Enterprise 3 - Multi-Site Upgrade-RenewalMaintenance,GS-GSE-RRM-DGE3MURM,Renewal Maintenance,true,01sWC0000022GHFYA2,Fortra Price Book,USD,0,true
01uWC000005wt99YAA,01tWC00000DD22ZYAT,EFT Auditing & Reporting Module (ARM)-RenewalMaintenance,GS-GSE-RRM-EARMRM,Renewal Maintenance,true,01sWC0000022GHFYA2,Fortra Price Book,USD,0,true
01uWC000005xE7JYAU,01tWC00000FBYsBYAX,CCM for Network Devices (Technical)-NewMaintenance,FIM-FIM-RNM-CCMNDN-TECH,New Maintenance,true,01sWC0000022GHFYA2,Fortra Price Book,USD,0,true
01uWC000005xE7KYAU,01tWC00000FBYsCYAX,CCM for Network Devices (Technical)-RenewalMaintenance,FIM-FIM-RRM-CCMNDR-TECH,Renewal Maintenance,true,01sWC0000022GHFYA2,Fortra Price Book,USD,0,true
01uWC000005xE7LYAU,01tWC00000FBYsFYAX,CCM for Servers (Technical)-NewMaintenance,FIM-FIM-RNM-CCMSNM-TECH,New Maintenance,true,01sWC0000022GHFYA2,Fortra Price Book,USD,0,true
01uWC000005xE7MYAU,01tWC00000FBYsGYAX,CCM for Servers (Technical)-RenewalMaintenance,FIM-FIM-RRM-CCMSRM-TECH,Renewal Maintenance,true,01sWC0000022GHFYA2,Fortra Price Book,USD,0,true
01uWC000005xE7NYAU,01tWC00000FBZZ7YAP,Policy Manager for Network Devices (Technical)-NewMaintenance,FIM-FIM-RNM-PMNDNM-TECH,New Maintenance,true,01sWC0000022GHFYA2,Fortra Price Book,USD,0,true
01uWC000005xE7OYAU,01tWC00000FBZZ9YAP,Policy Manager for Network Devices (Technical)-RenewalMaintenance,FIM-FIM-RRM-PMNDRM-TECH,Renewal Maintenance,true,01sWC0000022GHFYA2,Fortra Price Book,USD,0,true
01uWC000005xE7PYAU,01tWC00000FBZZCYA5,Policy Manager for POS End Point Systems (Technical)-NewMaintenance,FIM-FIM-RNM-POLICY-TECH,New Maintenance,true,01sWC0000022GHFYA2,Fortra Price Book,USD,0,true
01uWC000005xE7QYAU,01tWC00000FBZZEYA5,Policy Manager for POS End Point Systems (Technical)-RenewalMaintenance,FIM-FIM-RRM-PMPM-TECH,Renewal Maintenance,true,01sWC0000022GHFYA2,Fortra Price Book,USD,0,true
01uWC000005xE7RYAU,01tWC00000FBZZHYA5,Policy Manager for POS Servers (Technical)-NewMaintenance,FIM-FIM-RNM-PMPSNM-TECH,New Maintenance,true,01sWC0000022GHFYA2,Fortra Price Book,USD,0,true
01uWC000005xE7SYAU,01tWC00000FBZZJYA5,Policy Manager for POS Servers (Technical)-RenewalMaintenance,FIM-FIM-RRM-PMPSRM-TECH,Renewal Maintenance,true,01sWC0000022GHFYA2,Fortra Price Book,USD,0,true
01uWC000006XPKLYA4,01tWC00000DD1ouYAD,VnE Manager Ev Express-RenewalMaintenance,FIM-FIM-RRM-VEMEER,Renewal Maintenance,true,01sa5000001vuxlAAA,Standard Price Book,USD,0,true
01uWC000006XPLxYAO,01tWC00000DD1ouYAD,VnE Manager Ev Express-RenewalMaintenance,FIM-FIM-RRM-VEMEER,Renewal Maintenance,true,01sWC0000022GHFYA2,Fortra Price Book,USD,0,true
01uWC000006XPNZYA4,01tWC00000DD1buYAD,Powertech Identity & Access Manager (BoKS)-RenewalMaintenance,PIA-PIA-RRM-PIAM,Renewal Maintenance,true,01sa5000001vuxlAAA,Standard Price Book,USD,0,true
01uWC000006XPPBYA4,01tWC00000DD1buYAD,Powertech Identity & Access Manager (BoKS)-RenewalMaintenance,PIA-PIA-RRM-PIAM,Renewal Maintenance,true,01sWC0000022GHFYA2,Fortra Price Book,USD,0,true
01uWC000006otttYAA,01tWC00000IAluiYAD,ZZ_E2E_RCA_20260613 Test Product,ZZ_E2E_RCA_20260613,,true,01sWC000001yExBYAU,Fortra Derived Pricing,USD,0,true
