 ›   Warning: @salesforce/cli update available from 2.140.6 to 2.141.6.

 ────────────── Retrieving Metadata ──────────────


 ◼ Preparing retrieve request
 ◼ Sending request to org
 ◼ Waiting for the org to respond
 ◼ Done

 Status: ⠁
 Elapsed Time: 0ms

[2K[1A[2K[1A[2K[1A[2K[1A[2K[1A[2K[1A[2K[1A[2K[1A[2K[1A[2K[1A[2K[1A[2K[1A[2K[G
 ────────────── Retrieving Metadata ──────────────

 Retrieving v66.0 metadata from liam.jeong.c@fortra.com.uat using the v67.0 SOAP
  API

 ✔ Preparing retrieve request 3ms
 ⣾ Sending request to org 2ms
 ◼ Waiting for the org to respond
 ◼ Done

 Status: ⠁
 Elapsed Time: 11ms

[2K[1A[2K[1A[2K[1A[2K[1A[2K[1A[2K[1A[2K[1A[2K[1A[2K[1A[2K[1A[2K[1A[2K[1A[2K[1A[2K[1A[2K[G
 ────────────── Retrieving Metadata ──────────────

 Retrieving v66.0 metadata from liam.jeong.c@fortra.com.uat using the v67.0 SOAP
  API

 ✔ Preparing retrieve request 3ms
 ⣾ Sending request to org 36ms
 ◼ Waiting for the org to respond
 ◼ Done

 Status: ⠁
 Elapsed Time: 47ms

[2K[1A[2K[1A[2K[1A[2K[1A[2K[1A[2K[1A[2K[1A[2K[1A[2K[1A[2K[1A[2K[1A[2K[1A[2K[1A[2K[1A[2K[G
 ────────────── Retrieving Metadata ──────────────

 Retrieving v66.0 metadata from liam.jeong.c@fortra.com.uat using the v67.0 SOAP
  API

 ✔ Preparing retrieve request 3ms
 ⣾ Sending request to org 69ms
 ◼ Waiting for the org to respond
 ◼ Done

 Status: ⠁
 Elapsed Time: 78ms

[2K[1A[2K[1A[2K[1A[2K[1A[2K[1A[2K[1A[2K[1A[2K[1A[2K[1A[2K[1A[2K[1A[2K[1A[2K[1A[2K[1A[2K[G
 ────────────── Retrieving Metadata ──────────────

 Retrieving v66.0 metadata from liam.jeong.c@fortra.com.uat using the v67.0 SOAP
  API

 ✔ Preparing retrieve request 3ms
 ⣽ Sending request to org 101ms
 ◼ Waiting for the org to respond
 ◼ Done

 Status: ⠂
 Elapsed Time: 111ms

[2K[1A[2K[1A[2K[1A[2K[1A[2K[1A[2K[1A[2K[1A[2K[1A[2K[1A[2K[1A[2K[1A[2K[1A[2K[1A[2K[1A[2K[G
 ────────────── Retrieving Metadata ──────────────

 Retrieving v66.0 metadata from liam.jeong.c@fortra.com.uat using the v67.0 SOAP
  API

 ✔ Preparing retrieve request 3ms
 ⣽ Sending request to org 133ms
 ◼ Waiting for the org to respond
 ◼ Done

 Status: ⠂
 Elapsed Time: 144ms

[2K[1A[2K[1A[2K[1A[2K[1A[2K[1A[2K[1A[2K[1A[2K[1A[2K[1A[2K[1A[2K[1A[2K[1A[2K[1A[2K[1A[2K[G
 ────────────── Retrieving Metadata ──────────────

 Retrieving v66.0 metadata from liam.jeong.c@fortra.com.uat using the v67.0 SOAP
  API

 ✔ Preparing retrieve request 3ms
 ⣻ Sending request to org 165ms
 ◼ Waiting for the org to respond
 ◼ Done

 Status: ⠂
 Elapsed Time: 176ms

[2K[1A[2K[1A[2K[1A[2K[1A[2K[1A[2K[1A[2K[1A[2K[1A[2K[1A[2K[1A[2K[1A[2K[1A[2K[1A[2K[1A[2K[G
 ────────────── Retrieving Metadata ──────────────

 Retrieving v66.0 metadata from liam.jeong.c@fortra.com.uat using the v67.0 SOAP
  API

 ✔ Preparing retrieve request 3ms
 ⣻ Sending request to org 197ms
 ◼ Waiting for the org to respond
 ◼ Done

 Status: ⠄
 Elapsed Time: 207ms

[2K[1A[2K[1A[2K[1A[2K[1A[2K[1A[2K[1A[2K[1A[2K[1A[2K[1A[2K[1A[2K[1A[2K[1A[2K[1A[2K[1A[2K[G
 ────────────── Retrieving Metadata ──────────────

 Retrieving v66.0 metadata from liam.jeong.c@fortra.com.uat using the v67.0 SOAP
  API

 ✔ Preparing retrieve request 3ms
 ⣻ Sending request to org 229ms
 ◼ Waiting for the org to respond
 ◼ Done

 Status: ⠄
 Elapsed Time: 239ms

[2K[1A[2K[1A[2K[1A[2K[1A[2K[1A[2K[1A[2K[1A[2K[1A[2K[1A[2K[1A[2K[1A[2K[1A[2K[1A[2K[1A[2K[G
 ────────────── Retrieving Metadata ──────────────

 Retrieving v66.0 metadata from liam.jeong.c@fortra.com.uat using the v67.0 SOAP
  API

 ✔ Preparing retrieve request 3ms
 ⢿ Sending request to org 262ms
 ◼ Waiting for the org to respond
 ◼ Done

 Status: ⠄
 Elapsed Time: 272ms

[2K[1A[2K[1A[2K[1A[2K[1A[2K[1A[2K[1A[2K[1A[2K[1A[2K[1A[2K[1A[2K[1A[2K[1A[2K[1A[2K[1A[2K[G
 ────────────── Retrieving Metadata ──────────────

 Retrieving v66.0 metadata from liam.jeong.c@fortra.com.uat using the v67.0 SOAP
  API

 ✔ Preparing retrieve request 3ms
 ⢿ Sending request to org 293ms
 ◼ Waiting for the org to respond
 ◼ Done

 Status: ⡀
 Elapsed Time: 304ms

[2K[1A[2K[1A[2K[1A[2K[1A[2K[1A[2K[1A[2K[1A[2K[1A[2K[1A[2K[1A[2K[1A[2K[1A[2K[1A[2K[1A[2K[G
 ────────────── Retrieving Metadata ──────────────

 Retrieving v66.0 metadata from liam.jeong.c@fortra.com.uat using the v67.0 SOAP
  API

 ✔ Preparing retrieve request 3ms
 ⡿ Sending request to org 325ms
 ◼ Waiting for the org to respond
 ◼ Done

 Status: ⡀
 Elapsed Time: 335ms

[2K[1A[2K[1A[2K[1A[2K[1A[2K[1A[2K[1A[2K[1A[2K[1A[2K[1A[2K[1A[2K[1A[2K[1A[2K[1A[2K[1A[2K[G
 ────────────── Retrieving Metadata ──────────────

 Retrieving v66.0 metadata from liam.jeong.c@fortra.com.uat using the v67.0 SOAP
  API

 ✔ Preparing retrieve request 3ms
 ⡿ Sending request to org 358ms
 ◼ Waiting for the org to respond
 ◼ Done

 Status: ⡀
 Elapsed Time: 367ms

[2K[1A[2K[1A[2K[1A[2K[1A[2K[1A[2K[1A[2K[1A[2K[1A[2K[1A[2K[1A[2K[1A[2K[1A[2K[1A[2K[1A[2K[G
 ────────────── Retrieving Metadata ──────────────

 Retrieving v66.0 metadata from liam.jeong.c@fortra.com.uat using the v67.0 SOAP
  API

 ✔ Preparing retrieve request 3ms
 ⡿ Sending request to org 390ms
 ◼ Waiting for the org to respond
 ◼ Done

 Status: ⢀
 Elapsed Time: 399ms

[2K[1A[2K[1A[2K[1A[2K[1A[2K[1A[2K[1A[2K[1A[2K[1A[2K[1A[2K[1A[2K[1A[2K[1A[2K[1A[2K[1A[2K[G
 ────────────── Retrieving Metadata ──────────────

 Retrieving v66.0 metadata from liam.jeong.c@fortra.com.uat using the v67.0 SOAP
  API

 ✔ Preparing retrieve request 3ms
 ⣟ Sending request to org 423ms
 ◼ Waiting for the org to respond
 ◼ Done

 Status: ⢀
 Elapsed Time: 432ms

[2K[1A[2K[1A[2K[1A[2K[1A[2K[1A[2K[1A[2K[1A[2K[1A[2K[1A[2K[1A[2K[1A[2K[1A[2K[1A[2K[1A[2K[G
 ────────────── Retrieving Metadata ──────────────

 Retrieving v66.0 metadata from liam.jeong.c@fortra.com.uat using the v67.0 SOAP
  API

 ✔ Preparing retrieve request 3ms
 ⣟ Sending request to org 447ms
 ◼ Waiting for the org to respond
 ◼ Done

 Status: ⢀
 Elapsed Time: 469ms

[2K[1A[2K[1A[2K[1A[2K[1A[2K[1A[2K[1A[2K[1A[2K[1A[2K[1A[2K[1A[2K[1A[2K[1A[2K[1A[2K[1A[2K[G
 ────────────── Retrieving Metadata ──────────────

 Retrieving v66.0 metadata from liam.jeong.c@fortra.com.uat using the v67.0 SOAP
  API

 ✔ Preparing retrieve request 3ms
 ✔ Sending request to org 486ms
 ⣾ Waiting for the org to respond 18ms
 ◼ Done

 Status: Pending
 Elapsed Time: 513ms

[2K[1A[2K[1A[2K[1A[2K[1A[2K[1A[2K[1A[2K[1A[2K[1A[2K[1A[2K[1A[2K[1A[2K[1A[2K[1A[2K[1A[2K[G
 ────────────── Retrieving Metadata ──────────────

 Retrieving v66.0 metadata from liam.jeong.c@fortra.com.uat using the v67.0 SOAP
  API

 ✔ Preparing retrieve request 3ms
 ✔ Sending request to org 486ms
 ⣾ Waiting for the org to respond 51ms
 ◼ Done

 Status: Pending
 Elapsed Time: 544ms

[2K[1A[2K[1A[2K[1A[2K[1A[2K[1A[2K[1A[2K[1A[2K[1A[2K[1A[2K[1A[2K[1A[2K[1A[2K[1A[2K[1A[2K[G
 ────────────── Retrieving Metadata ──────────────

 Retrieving v66.0 metadata from liam.jeong.c@fortra.com.uat using the v67.0 SOAP
  API

 ✔ Preparing retrieve request 3ms
 ✔ Sending request to org 486ms
 ⣽ Waiting for the org to respond 82ms
 ◼ Done

 Status: Pending
 Elapsed Time: 576ms

[2K[1A[2K[1A[2K[1A[2K[1A[2K[1A[2K[1A[2K[1A[2K[1A[2K[1A[2K[1A[2K[1A[2K[1A[2K[1A[2K[1A[2K[G
 ────────────── Retrieving Metadata ──────────────

 Retrieving v66.0 metadata from liam.jeong.c@fortra.com.uat using the v67.0 SOAP
  API

 ✔ Preparing retrieve request 3ms
 ✔ Sending request to org 486ms
 ⣽ Waiting for the org to respond 114ms
 ◼ Done

 Status: Pending
 Elapsed Time: 609ms

[2K[1A[2K[1A[2K[1A[2K[1A[2K[1A[2K[1A[2K[1A[2K[1A[2K[1A[2K[1A[2K[1A[2K[1A[2K[1A[2K[1A[2K[G
 ────────────── Retrieving Metadata ──────────────

 Retrieving v66.0 metadata from liam.jeong.c@fortra.com.uat using the v67.0 SOAP
  API

 ✔ Preparing retrieve request 3ms
 ✔ Sending request to org 486ms
 ⣽ Waiting for the org to respond 146ms
 ◼ Done

 Status: Pending
 Elapsed Time: 641ms

[2K[1A[2K[1A[2K[1A[2K[1A[2K[1A[2K[1A[2K[1A[2K[1A[2K[1A[2K[1A[2K[1A[2K[1A[2K[1A[2K[1A[2K[G
 ────────────── Retrieving Metadata ──────────────

 Retrieving v66.0 metadata from liam.jeong.c@fortra.com.uat using the v67.0 SOAP
  API

 ✔ Preparing retrieve request 3ms
 ✔ Sending request to org 486ms
 ⣻ Waiting for the org to respond 179ms
 ◼ Done

 Status: Pending
 Elapsed Time: 673ms

[2K[1A[2K[1A[2K[1A[2K[1A[2K[1A[2K[1A[2K[1A[2K[1A[2K[1A[2K[1A[2K[1A[2K[1A[2K[1A[2K[1A[2K[G
 ────────────── Retrieving Metadata ──────────────

 Retrieving v66.0 metadata from liam.jeong.c@fortra.com.uat using the v67.0 SOAP
  API

 ✔ Preparing retrieve request 3ms
 ✔ Sending request to org 486ms
 ⣻ Waiting for the org to respond 210ms
 ◼ Done

 Status: Pending
 Elapsed Time: 705ms

[2K[1A[2K[1A[2K[1A[2K[1A[2K[1A[2K[1A[2K[1A[2K[1A[2K[1A[2K[1A[2K[1A[2K[1A[2K[1A[2K[1A[2K[G
 ────────────── Retrieving Metadata ──────────────

 Retrieving v66.0 metadata from liam.jeong.c@fortra.com.uat using the v67.0 SOAP
  API

 ✔ Preparing retrieve request 3ms
 ✔ Sending request to org 486ms
 ⢿ Waiting for the org to respond 243ms
 ◼ Done

 Status: Pending
 Elapsed Time: 737ms

[2K[1A[2K[1A[2K[1A[2K[1A[2K[1A[2K[1A[2K[1A[2K[1A[2K[1A[2K[1A[2K[1A[2K[1A[2K[1A[2K[1A[2K[G
 ────────────── Retrieving Metadata ──────────────

 Retrieving v66.0 metadata from liam.jeong.c@fortra.com.uat using the v67.0 SOAP
  API

 ✔ Preparing retrieve request 3ms
 ✔ Sending request to org 486ms
 ⢿ Waiting for the org to respond 275ms
 ◼ Done

 Status: Pending
 Elapsed Time: 769ms

[2K[1A[2K[1A[2K[1A[2K[1A[2K[1A[2K[1A[2K[1A[2K[1A[2K[1A[2K[1A[2K[1A[2K[1A[2K[1A[2K[1A[2K[G
 ────────────── Retrieving Metadata ──────────────

 Retrieving v66.0 metadata from liam.jeong.c@fortra.com.uat using the v67.0 SOAP
  API

 ✔ Preparing retrieve request 3ms
 ✔ Sending request to org 486ms
 ⢿ Waiting for the org to respond 306ms
 ◼ Done

 Status: Pending
 Elapsed Time: 801ms

[2K[1A[2K[1A[2K[1A[2K[1A[2K[1A[2K[1A[2K[1A[2K[1A[2K[1A[2K[1A[2K[1A[2K[1A[2K[1A[2K[1A[2K[G
 ────────────── Retrieving Metadata ──────────────

 Retrieving v66.0 metadata from liam.jeong.c@fortra.com.uat using the v67.0 SOAP
  API

 ✔ Preparing retrieve request 3ms
 ✔ Sending request to org 486ms
 ⡿ Waiting for the org to respond 339ms
 ◼ Done

 Status: Pending
 Elapsed Time: 834ms

[2K[1A[2K[1A[2K[1A[2K[1A[2K[1A[2K[1A[2K[1A[2K[1A[2K[1A[2K[1A[2K[1A[2K[1A[2K[1A[2K[1A[2K[G
 ────────────── Retrieving Metadata ──────────────

 Retrieving v66.0 metadata from liam.jeong.c@fortra.com.uat using the v67.0 SOAP
  API

 ✔ Preparing retrieve request 3ms
 ✔ Sending request to org 486ms
 ⡿ Waiting for the org to respond 374ms
 ◼ Done

 Status: Pending
 Elapsed Time: 867ms

[2K[1A[2K[1A[2K[1A[2K[1A[2K[1A[2K[1A[2K[1A[2K[1A[2K[1A[2K[1A[2K[1A[2K[1A[2K[1A[2K[1A[2K[G
 ────────────── Retrieving Metadata ──────────────

 Retrieving v66.0 metadata from liam.jeong.c@fortra.com.uat using the v67.0 SOAP
  API

 ✔ Preparing retrieve request 3ms
 ✔ Sending request to org 486ms
 ⣟ Waiting for the org to respond 405ms
 ◼ Done

 Status: Pending
 Elapsed Time: 900ms

[2K[1A[2K[1A[2K[1A[2K[1A[2K[1A[2K[1A[2K[1A[2K[1A[2K[1A[2K[1A[2K[1A[2K[1A[2K[1A[2K[1A[2K[G
 ────────────── Retrieving Metadata ──────────────

 Retrieving v66.0 metadata from liam.jeong.c@fortra.com.uat using the v67.0 SOAP
  API

 ✔ Preparing retrieve request 3ms
 ✔ Sending request to org 486ms
 ⣟ Waiting for the org to respond 438ms
 ◼ Done

 Status: Pending
 Elapsed Time: 932ms

[2K[1A[2K[1A[2K[1A[2K[1A[2K[1A[2K[1A[2K[1A[2K[1A[2K[1A[2K[1A[2K[1A[2K[1A[2K[1A[2K[1A[2K[G
 ────────────── Retrieving Metadata ──────────────

 Retrieving v66.0 metadata from liam.jeong.c@fortra.com.uat using the v67.0 SOAP
  API

 ✔ Preparing retrieve request 3ms
 ✔ Sending request to org 486ms
 ⣟ Waiting for the org to respond 470ms
 ◼ Done

 Status: Pending
 Elapsed Time: 964ms

[2K[1A[2K[1A[2K[1A[2K[1A[2K[1A[2K[1A[2K[1A[2K[1A[2K[1A[2K[1A[2K[1A[2K[1A[2K[1A[2K[1A[2K[G
 ────────────── Retrieving Metadata ──────────────

 Retrieving v66.0 metadata from liam.jeong.c@fortra.com.uat using the v67.0 SOAP
  API

 ✔ Preparing retrieve request 3ms
 ✔ Sending request to org 486ms
 ⣯ Waiting for the org to respond 501ms
 ◼ Done

 Status: Pending
 Elapsed Time: 994ms

[2K[1A[2K[1A[2K[1A[2K[1A[2K[1A[2K[1A[2K[1A[2K[1A[2K[1A[2K[1A[2K[1A[2K[1A[2K[1A[2K[1A[2K[G
 ────────────── Retrieving Metadata ──────────────

 Retrieving v66.0 metadata from liam.jeong.c@fortra.com.uat using the v67.0 SOAP
  API

 ✔ Preparing retrieve request 3ms
 ✔ Sending request to org 486ms
 ⣯ Waiting for the org to respond 534ms
 ◼ Done

 Status: Pending
 Elapsed Time: 1.02s

[2K[1A[2K[1A[2K[1A[2K[1A[2K[1A[2K[1A[2K[1A[2K[1A[2K[1A[2K[1A[2K[1A[2K[1A[2K[1A[2K[1A[2K[G
 ────────────── Retrieving Metadata ──────────────

 Retrieving v66.0 metadata from liam.jeong.c@fortra.com.uat using the v67.0 SOAP
  API

 ✔ Preparing retrieve request 3ms
 ✔ Sending request to org 486ms
 ⣷ Waiting for the org to respond 567ms
 ◼ Done

 Status: Pending
 Elapsed Time: 1.06s

[2K[1A[2K[1A[2K[1A[2K[1A[2K[1A[2K[1A[2K[1A[2K[1A[2K[1A[2K[1A[2K[1A[2K[1A[2K[1A[2K[1A[2K[G
 ────────────── Retrieving Metadata ──────────────

 Retrieving v66.0 metadata from liam.jeong.c@fortra.com.uat using the v67.0 SOAP
  API

 ✔ Preparing retrieve request 3ms
 ✔ Sending request to org 486ms
 ⣷ Waiting for the org to respond 598ms
 ◼ Done

 Status: Pending
 Elapsed Time: 1.09s

[2K[1A[2K[1A[2K[1A[2K[1A[2K[1A[2K[1A[2K[1A[2K[1A[2K[1A[2K[1A[2K[1A[2K[1A[2K[1A[2K[1A[2K[G
 ────────────── Retrieving Metadata ──────────────

 Retrieving v66.0 metadata from liam.jeong.c@fortra.com.uat using the v67.0 SOAP
  API

 ✔ Preparing retrieve request 3ms
 ✔ Sending request to org 486ms
 ⣷ Waiting for the org to respond 636ms
 ◼ Done

 Status: Pending
 Elapsed Time: 1.12s

[2K[1A[2K[1A[2K[1A[2K[1A[2K[1A[2K[1A[2K[1A[2K[1A[2K[1A[2K[1A[2K[1A[2K[1A[2K[1A[2K[1A[2K[G
 ────────────── Retrieving Metadata ──────────────

 Retrieving v66.0 metadata from liam.jeong.c@fortra.com.uat using the v67.0 SOAP
  API

 ✔ Preparing retrieve request 3ms
 ✔ Sending request to org 486ms
 ⣾ Waiting for the org to respond 668ms
 ◼ Done

 Status: Pending
 Elapsed Time: 1.16s

[2K[1A[2K[1A[2K[1A[2K[1A[2K[1A[2K[1A[2K[1A[2K[1A[2K[1A[2K[1A[2K[1A[2K[1A[2K[1A[2K[1A[2K[G
 ────────────── Retrieving Metadata ──────────────

 Retrieving v66.0 metadata from liam.jeong.c@fortra.com.uat using the v67.0 SOAP
  API

 ✔ Preparing retrieve request 3ms
 ✔ Sending request to org 486ms
 ⣾ Waiting for the org to respond 699ms
 ◼ Done

 Status: Pending
 Elapsed Time: 1.19s

[2K[1A[2K[1A[2K[1A[2K[1A[2K[1A[2K[1A[2K[1A[2K[1A[2K[1A[2K[1A[2K[1A[2K[1A[2K[1A[2K[1A[2K[G
 ────────────── Retrieving Metadata ──────────────

 Retrieving v66.0 metadata from liam.jeong.c@fortra.com.uat using the v67.0 SOAP
  API

 ✔ Preparing retrieve request 3ms
 ✔ Sending request to org 486ms
 ⣽ Waiting for the org to respond 731ms
 ◼ Done

 Status: Pending
 Elapsed Time: 1.22s

[2K[1A[2K[1A[2K[1A[2K[1A[2K[1A[2K[1A[2K[1A[2K[1A[2K[1A[2K[1A[2K[1A[2K[1A[2K[1A[2K[1A[2K[G
 ────────────── Retrieving Metadata ──────────────

 Retrieving v66.0 metadata from liam.jeong.c@fortra.com.uat using the v67.0 SOAP
  API

 ✔ Preparing retrieve request 3ms
 ✔ Sending request to org 486ms
 ⣽ Waiting for the org to respond 765ms
 ◼ Done

 Status: Pending
 Elapsed Time: 1.25s

[2K[1A[2K[1A[2K[1A[2K[1A[2K[1A[2K[1A[2K[1A[2K[1A[2K[1A[2K[1A[2K[1A[2K[1A[2K[1A[2K[1A[2K[G
 ────────────── Retrieving Metadata ──────────────

 Retrieving v66.0 metadata from liam.jeong.c@fortra.com.uat using the v67.0 SOAP
  API

 ✔ Preparing retrieve request 3ms
 ✔ Sending request to org 486ms
 ⣽ Waiting for the org to respond 797ms
 ◼ Done

 Status: Pending
 Elapsed Time: 1.29s

[2K[1A[2K[1A[2K[1A[2K[1A[2K[1A[2K[1A[2K[1A[2K[1A[2K[1A[2K[1A[2K[1A[2K[1A[2K[1A[2K[1A[2K[G
 ────────────── Retrieving Metadata ──────────────

 Retrieving v66.0 metadata from liam.jeong.c@fortra.com.uat using the v67.0 SOAP
  API

 ✔ Preparing retrieve request 3ms
 ✔ Sending request to org 486ms
 ⣻ Waiting for the org to respond 829ms
 ◼ Done

 Status: Pending
 Elapsed Time: 1.32s

[2K[1A[2K[1A[2K[1A[2K[1A[2K[1A[2K[1A[2K[1A[2K[1A[2K[1A[2K[1A[2K[1A[2K[1A[2K[1A[2K[1A[2K[G
 ────────────── Retrieving Metadata ──────────────

 Retrieving v66.0 metadata from liam.jeong.c@fortra.com.uat using the v67.0 SOAP
  API

 ✔ Preparing retrieve request 3ms
 ✔ Sending request to org 486ms
 ⣻ Waiting for the org to respond 861ms
 ◼ Done

 Status: Pending
 Elapsed Time: 1.35s

[2K[1A[2K[1A[2K[1A[2K[1A[2K[1A[2K[1A[2K[1A[2K[1A[2K[1A[2K[1A[2K[1A[2K[1A[2K[1A[2K[1A[2K[G
 ────────────── Retrieving Metadata ──────────────

 Retrieving v66.0 metadata from liam.jeong.c@fortra.com.uat using the v67.0 SOAP
  API

 ✔ Preparing retrieve request 3ms
 ✔ Sending request to org 486ms
 ⢿ Waiting for the org to respond 893ms
 ◼ Done

 Status: Pending
 Elapsed Time: 1.38s

[2K[1A[2K[1A[2K[1A[2K[1A[2K[1A[2K[1A[2K[1A[2K[1A[2K[1A[2K[1A[2K[1A[2K[1A[2K[1A[2K[1A[2K[G
 ────────────── Retrieving Metadata ──────────────

 Retrieving v66.0 metadata from liam.jeong.c@fortra.com.uat using the v67.0 SOAP
  API

 ✔ Preparing retrieve request 3ms
 ✔ Sending request to org 486ms
 ⢿ Waiting for the org to respond 927ms
 ◼ Done

 Status: Pending
 Elapsed Time: 1.42s

[2K[1A[2K[1A[2K[1A[2K[1A[2K[1A[2K[1A[2K[1A[2K[1A[2K[1A[2K[1A[2K[1A[2K[1A[2K[1A[2K[1A[2K[G
 ────────────── Retrieving Metadata ──────────────

 Retrieving v66.0 metadata from liam.jeong.c@fortra.com.uat using the v67.0 SOAP
  API

 ✔ Preparing retrieve request 3ms
 ✔ Sending request to org 486ms
 ⢿ Waiting for the org to respond 958ms
 ◼ Done

 Status: Pending
 Elapsed Time: 1.45s

[2K[1A[2K[1A[2K[1A[2K[1A[2K[1A[2K[1A[2K[1A[2K[1A[2K[1A[2K[1A[2K[1A[2K[1A[2K[1A[2K[1A[2K[G
 ────────────── Retrieving Metadata ──────────────

 Retrieving v66.0 metadata from liam.jeong.c@fortra.com.uat using the v67.0 SOAP
  API

 ✔ Preparing retrieve request 3ms
 ✔ Sending request to org 486ms
 ⡿ Waiting for the org to respond 989ms
 ◼ Done

 Status: Pending
 Elapsed Time: 1.48s

[2K[1A[2K[1A[2K[1A[2K[1A[2K[1A[2K[1A[2K[1A[2K[1A[2K[1A[2K[1A[2K[1A[2K[1A[2K[1A[2K[1A[2K[G
 ────────────── Retrieving Metadata ──────────────

 Retrieving v66.0 metadata from liam.jeong.c@fortra.com.uat using the v67.0 SOAP
  API

 ✔ Preparing retrieve request 3ms
 ✔ Sending request to org 486ms
 ⡿ Waiting for the org to respond 1.02s
 ◼ Done

 Status: Pending
 Elapsed Time: 1.51s

[2K[1A[2K[1A[2K[1A[2K[1A[2K[1A[2K[1A[2K[1A[2K[1A[2K[1A[2K[1A[2K[1A[2K[1A[2K[1A[2K[1A[2K[G
 ────────────── Retrieving Metadata ──────────────

 Retrieving v66.0 metadata from liam.jeong.c@fortra.com.uat using the v67.0 SOAP
  API

 ✔ Preparing retrieve request 3ms
 ✔ Sending request to org 486ms
 ⣟ Waiting for the org to respond 1.05s
 ◼ Done

 Status: Pending
 Elapsed Time: 1.54s

[2K[1A[2K[1A[2K[1A[2K[1A[2K[1A[2K[1A[2K[1A[2K[1A[2K[1A[2K[1A[2K[1A[2K[1A[2K[1A[2K[1A[2K[G
 ────────────── Retrieving Metadata ──────────────

 Retrieving v66.0 metadata from liam.jeong.c@fortra.com.uat using the v67.0 SOAP
  API

 ✔ Preparing retrieve request 3ms
 ✔ Sending request to org 486ms
 ⣟ Waiting for the org to respond 1.08s
 ◼ Done

 Status: Pending
 Elapsed Time: 1.58s

[2K[1A[2K[1A[2K[1A[2K[1A[2K[1A[2K[1A[2K[1A[2K[1A[2K[1A[2K[1A[2K[1A[2K[1A[2K[1A[2K[1A[2K[G
 ────────────── Retrieving Metadata ──────────────

 Retrieving v66.0 metadata from liam.jeong.c@fortra.com.uat using the v67.0 SOAP
  API

 ✔ Preparing retrieve request 3ms
 ✔ Sending request to org 486ms
 ⣟ Waiting for the org to respond 1.12s
 ◼ Done

 Status: Pending
 Elapsed Time: 1.61s

[2K[1A[2K[1A[2K[1A[2K[1A[2K[1A[2K[1A[2K[1A[2K[1A[2K[1A[2K[1A[2K[1A[2K[1A[2K[1A[2K[1A[2K[G
 ────────────── Retrieving Metadata ──────────────

 Retrieving v66.0 metadata from liam.jeong.c@fortra.com.uat using the v67.0 SOAP
  API

 ✔ Preparing retrieve request 3ms
 ✔ Sending request to org 486ms
 ⣯ Waiting for the org to respond 1.15s
 ◼ Done

 Status: Pending
 Elapsed Time: 1.64s

[2K[1A[2K[1A[2K[1A[2K[1A[2K[1A[2K[1A[2K[1A[2K[1A[2K[1A[2K[1A[2K[1A[2K[1A[2K[1A[2K[1A[2K[G
 ────────────── Retrieving Metadata ──────────────

 Retrieving v66.0 metadata from liam.jeong.c@fortra.com.uat using the v67.0 SOAP
  API

 ✔ Preparing retrieve request 3ms
 ✔ Sending request to org 486ms
 ⣯ Waiting for the org to respond 1.18s
 ◼ Done

 Status: Pending
 Elapsed Time: 1.67s

[2K[1A[2K[1A[2K[1A[2K[1A[2K[1A[2K[1A[2K[1A[2K[1A[2K[1A[2K[1A[2K[1A[2K[1A[2K[1A[2K[1A[2K[G
 ────────────── Retrieving Metadata ──────────────

 Retrieving v66.0 metadata from liam.jeong.c@fortra.com.uat using the v67.0 SOAP
  API

 ✔ Preparing retrieve request 3ms
 ✔ Sending request to org 486ms
 ⣷ Waiting for the org to respond 1.21s
 ◼ Done

 Status: Pending
 Elapsed Time: 1.71s

[2K[1A[2K[1A[2K[1A[2K[1A[2K[1A[2K[1A[2K[1A[2K[1A[2K[1A[2K[1A[2K[1A[2K[1A[2K[1A[2K[1A[2K[G
 ────────────── Retrieving Metadata ──────────────

 Retrieving v66.0 metadata from liam.jeong.c@fortra.com.uat using the v67.0 SOAP
  API

 ✔ Preparing retrieve request 3ms
 ✔ Sending request to org 486ms
 ⣷ Waiting for the org to respond 1.24s
 ◼ Done

 Status: In Progress
 Elapsed Time: 1.73s

[2K[1A[2K[1A[2K[1A[2K[1A[2K[1A[2K[1A[2K[1A[2K[1A[2K[1A[2K[1A[2K[1A[2K[1A[2K[1A[2K[1A[2K[G
 ────────────── Retrieving Metadata ──────────────

 Retrieving v66.0 metadata from liam.jeong.c@fortra.com.uat using the v67.0 SOAP
  API

 ✔ Preparing retrieve request 3ms
 ✔ Sending request to org 486ms
 ⣷ Waiting for the org to respond 1.28s
 ◼ Done

 Status: In Progress
 Elapsed Time: 1.77s

[2K[1A[2K[1A[2K[1A[2K[1A[2K[1A[2K[1A[2K[1A[2K[1A[2K[1A[2K[1A[2K[1A[2K[1A[2K[1A[2K[1A[2K[G
 ────────────── Retrieving Metadata ──────────────

 Retrieving v66.0 metadata from liam.jeong.c@fortra.com.uat using the v67.0 SOAP
  API

 ✔ Preparing retrieve request 3ms
 ✔ Sending request to org 486ms
 ⣾ Waiting for the org to respond 1.31s
 ◼ Done

 Status: In Progress
 Elapsed Time: 1.80s

[2K[1A[2K[1A[2K[1A[2K[1A[2K[1A[2K[1A[2K[1A[2K[1A[2K[1A[2K[1A[2K[1A[2K[1A[2K[1A[2K[1A[2K[G
 ────────────── Retrieving Metadata ──────────────

 Retrieving v66.0 metadata from liam.jeong.c@fortra.com.uat using the v67.0 SOAP
  API

 ✔ Preparing retrieve request 3ms
 ✔ Sending request to org 486ms
 ⣾ Waiting for the org to respond 1.34s
 ◼ Done

 Status: In Progress
 Elapsed Time: 1.83s

[2K[1A[2K[1A[2K[1A[2K[1A[2K[1A[2K[1A[2K[1A[2K[1A[2K[1A[2K[1A[2K[1A[2K[1A[2K[1A[2K[1A[2K[G
 ────────────── Retrieving Metadata ──────────────

 Retrieving v66.0 metadata from liam.jeong.c@fortra.com.uat using the v67.0 SOAP
  API

 ✔ Preparing retrieve request 3ms
 ✔ Sending request to org 486ms
 ⣽ Waiting for the org to respond 1.37s
 ◼ Done

 Status: In Progress
 Elapsed Time: 1.87s

[2K[1A[2K[1A[2K[1A[2K[1A[2K[1A[2K[1A[2K[1A[2K[1A[2K[1A[2K[1A[2K[1A[2K[1A[2K[1A[2K[1A[2K[G
 ────────────── Retrieving Metadata ──────────────

 Retrieving v66.0 metadata from liam.jeong.c@fortra.com.uat using the v67.0 SOAP
  API

 ✔ Preparing retrieve request 3ms
 ✔ Sending request to org 486ms
 ⣽ Waiting for the org to respond 1.41s
 ◼ Done

 Status: In Progress
 Elapsed Time: 1.90s

[2K[1A[2K[1A[2K[1A[2K[1A[2K[1A[2K[1A[2K[1A[2K[1A[2K[1A[2K[1A[2K[1A[2K[1A[2K[1A[2K[1A[2K[G
 ────────────── Retrieving Metadata ──────────────

 Retrieving v66.0 metadata from liam.jeong.c@fortra.com.uat using the v67.0 SOAP
  API

 ✔ Preparing retrieve request 3ms
 ✔ Sending request to org 486ms
 ⣽ Waiting for the org to respond 1.44s
 ◼ Done

 Status: In Progress
 Elapsed Time: 1.93s

[2K[1A[2K[1A[2K[1A[2K[1A[2K[1A[2K[1A[2K[1A[2K[1A[2K[1A[2K[1A[2K[1A[2K[1A[2K[1A[2K[1A[2K[G
 ────────────── Retrieving Metadata ──────────────

 Retrieving v66.0 metadata from liam.jeong.c@fortra.com.uat using the v67.0 SOAP
  API

 ✔ Preparing retrieve request 3ms
 ✔ Sending request to org 486ms
 ⣻ Waiting for the org to respond 1.47s
 ◼ Done

 Status: In Progress
 Elapsed Time: 1.96s

[2K[1A[2K[1A[2K[1A[2K[1A[2K[1A[2K[1A[2K[1A[2K[1A[2K[1A[2K[1A[2K[1A[2K[1A[2K[1A[2K[1A[2K[G
 ────────────── Retrieving Metadata ──────────────

 Retrieving v66.0 metadata from liam.jeong.c@fortra.com.uat using the v67.0 SOAP
  API

 ✔ Preparing retrieve request 3ms
 ✔ Sending request to org 486ms
 ⣻ Waiting for the org to respond 1.50s
 ◼ Done

 Status: In Progress
 Elapsed Time: 2.00s

[2K[1A[2K[1A[2K[1A[2K[1A[2K[1A[2K[1A[2K[1A[2K[1A[2K[1A[2K[1A[2K[1A[2K[1A[2K[1A[2K[1A[2K[G
 ────────────── Retrieving Metadata ──────────────

 Retrieving v66.0 metadata from liam.jeong.c@fortra.com.uat using the v67.0 SOAP
  API

 ✔ Preparing retrieve request 3ms
 ✔ Sending request to org 486ms
 ⢿ Waiting for the org to respond 1.53s
 ◼ Done

 Status: In Progress
 Elapsed Time: 2.03s

[2K[1A[2K[1A[2K[1A[2K[1A[2K[1A[2K[1A[2K[1A[2K[1A[2K[1A[2K[1A[2K[1A[2K[1A[2K[1A[2K[1A[2K[G
 ────────────── Retrieving Metadata ──────────────

 Retrieving v66.0 metadata from liam.jeong.c@fortra.com.uat using the v67.0 SOAP
  API

 ✔ Preparing retrieve request 3ms
 ✔ Sending request to org 486ms
 ⢿ Waiting for the org to respond 1.56s
 ◼ Done

 Status: In Progress
 Elapsed Time: 2.06s

[2K[1A[2K[1A[2K[1A[2K[1A[2K[1A[2K[1A[2K[1A[2K[1A[2K[1A[2K[1A[2K[1A[2K[1A[2K[1A[2K[1A[2K[G
 ────────────── Retrieving Metadata ──────────────

 Retrieving v66.0 metadata from liam.jeong.c@fortra.com.uat using the v67.0 SOAP
  API

 ✔ Preparing retrieve request 3ms
 ✔ Sending request to org 486ms
 ⢿ Waiting for the org to respond 1.60s
 ◼ Done

 Status: In Progress
 Elapsed Time: 2.09s

[2K[1A[2K[1A[2K[1A[2K[1A[2K[1A[2K[1A[2K[1A[2K[1A[2K[1A[2K[1A[2K[1A[2K[1A[2K[1A[2K[1A[2K[G
 ────────────── Retrieving Metadata ──────────────

 Retrieving v66.0 metadata from liam.jeong.c@fortra.com.uat using the v67.0 SOAP
  API

 ✔ Preparing retrieve request 3ms
 ✔ Sending request to org 486ms
 ⡿ Waiting for the org to respond 1.64s
 ◼ Done

 Status: In Progress
 Elapsed Time: 2.12s

[2K[1A[2K[1A[2K[1A[2K[1A[2K[1A[2K[1A[2K[1A[2K[1A[2K[1A[2K[1A[2K[1A[2K[1A[2K[1A[2K[1A[2K[G
 ────────────── Retrieving Metadata ──────────────

 Retrieving v66.0 metadata from liam.jeong.c@fortra.com.uat using the v67.0 SOAP
  API

 ✔ Preparing retrieve request 3ms
 ✔ Sending request to org 486ms
 ⡿ Waiting for the org to respond 1.67s
 ◼ Done

 Status: In Progress
 Elapsed Time: 2.16s

[2K[1A[2K[1A[2K[1A[2K[1A[2K[1A[2K[1A[2K[1A[2K[1A[2K[1A[2K[1A[2K[1A[2K[1A[2K[1A[2K[1A[2K[G
 ────────────── Retrieving Metadata ──────────────

 Retrieving v66.0 metadata from liam.jeong.c@fortra.com.uat using the v67.0 SOAP
  API

 ✔ Preparing retrieve request 3ms
 ✔ Sending request to org 486ms
 ⣟ Waiting for the org to respond 1.70s
 ◼ Done

 Status: In Progress
 Elapsed Time: 2.20s

[2K[1A[2K[1A[2K[1A[2K[1A[2K[1A[2K[1A[2K[1A[2K[1A[2K[1A[2K[1A[2K[1A[2K[1A[2K[1A[2K[1A[2K[G
 ────────────── Retrieving Metadata ──────────────

 Retrieving v66.0 metadata from liam.jeong.c@fortra.com.uat using the v67.0 SOAP
  API

 ✔ Preparing retrieve request 3ms
 ✔ Sending request to org 486ms
 ⣟ Waiting for the org to respond 1.73s
 ◼ Done

 Status: In Progress
 Elapsed Time: 2.23s

[2K[1A[2K[1A[2K[1A[2K[1A[2K[1A[2K[1A[2K[1A[2K[1A[2K[1A[2K[1A[2K[1A[2K[1A[2K[1A[2K[1A[2K[G
 ────────────── Retrieving Metadata ──────────────

 Retrieving v66.0 metadata from liam.jeong.c@fortra.com.uat using the v67.0 SOAP
  API

 ✔ Preparing retrieve request 3ms
 ✔ Sending request to org 486ms
 ⣟ Waiting for the org to respond 1.77s
 ◼ Done

 Status: In Progress
 Elapsed Time: 2.26s

[2K[1A[2K[1A[2K[1A[2K[1A[2K[1A[2K[1A[2K[1A[2K[1A[2K[1A[2K[1A[2K[1A[2K[1A[2K[1A[2K[1A[2K[G
 ────────────── Retrieving Metadata ──────────────

 Retrieving v66.0 metadata from liam.jeong.c@fortra.com.uat using the v67.0 SOAP
  API

 ✔ Preparing retrieve request 3ms
 ✔ Sending request to org 486ms
 ⣯ Waiting for the org to respond 1.80s
 ◼ Done

 Status: In Progress
 Elapsed Time: 2.29s

[2K[1A[2K[1A[2K[1A[2K[1A[2K[1A[2K[1A[2K[1A[2K[1A[2K[1A[2K[1A[2K[1A[2K[1A[2K[1A[2K[1A[2K[G
 ────────────── Retrieving Metadata ──────────────

 Retrieving v66.0 metadata from liam.jeong.c@fortra.com.uat using the v67.0 SOAP
  API

 ✔ Preparing retrieve request 3ms
 ✔ Sending request to org 486ms
 ⣯ Waiting for the org to respond 1.83s
 ◼ Done

 Status: In Progress
 Elapsed Time: 2.32s

[2K[1A[2K[1A[2K[1A[2K[1A[2K[1A[2K[1A[2K[1A[2K[1A[2K[1A[2K[1A[2K[1A[2K[1A[2K[1A[2K[1A[2K[G
 ────────────── Retrieving Metadata ──────────────

 Retrieving v66.0 metadata from liam.jeong.c@fortra.com.uat using the v67.0 SOAP
  API

 ✔ Preparing retrieve request 3ms
 ✔ Sending request to org 486ms
 ⣷ Waiting for the org to respond 1.86s
 ◼ Done

 Status: In Progress
 Elapsed Time: 2.36s

[2K[1A[2K[1A[2K[1A[2K[1A[2K[1A[2K[1A[2K[1A[2K[1A[2K[1A[2K[1A[2K[1A[2K[1A[2K[1A[2K[1A[2K[G
 ────────────── Retrieving Metadata ──────────────

 Retrieving v66.0 metadata from liam.jeong.c@fortra.com.uat using the v67.0 SOAP
  API

 ✔ Preparing retrieve request 3ms
 ✔ Sending request to org 486ms
 ⣷ Waiting for the org to respond 1.89s
 ◼ Done

 Status: In Progress
 Elapsed Time: 2.39s

[2K[1A[2K[1A[2K[1A[2K[1A[2K[1A[2K[1A[2K[1A[2K[1A[2K[1A[2K[1A[2K[1A[2K[1A[2K[1A[2K[1A[2K[G
 ────────────── Retrieving Metadata ──────────────

 Retrieving v66.0 metadata from liam.jeong.c@fortra.com.uat using the v67.0 SOAP
  API

 ✔ Preparing retrieve request 3ms
 ✔ Sending request to org 486ms
 ⣷ Waiting for the org to respond 1.93s
 ◼ Done

 Status: In Progress
 Elapsed Time: 2.42s

[2K[1A[2K[1A[2K[1A[2K[1A[2K[1A[2K[1A[2K[1A[2K[1A[2K[1A[2K[1A[2K[1A[2K[1A[2K[1A[2K[1A[2K[G
 ────────────── Retrieving Metadata ──────────────

 Retrieving v66.0 metadata from liam.jeong.c@fortra.com.uat using the v67.0 SOAP
  API

 ✔ Preparing retrieve request 3ms
 ✔ Sending request to org 486ms
 ⣾ Waiting for the org to respond 1.96s
 ◼ Done

 Status: In Progress
 Elapsed Time: 2.45s

[2K[1A[2K[1A[2K[1A[2K[1A[2K[1A[2K[1A[2K[1A[2K[1A[2K[1A[2K[1A[2K[1A[2K[1A[2K[1A[2K[1A[2K[G
 ────────────── Retrieving Metadata ──────────────

 Retrieving v66.0 metadata from liam.jeong.c@fortra.com.uat using the v67.0 SOAP
  API

 ✔ Preparing retrieve request 3ms
 ✔ Sending request to org 486ms
 ⣾ Waiting for the org to respond 1.99s
 ◼ Done

 Status: In Progress
 Elapsed Time: 2.48s

[2K[1A[2K[1A[2K[1A[2K[1A[2K[1A[2K[1A[2K[1A[2K[1A[2K[1A[2K[1A[2K[1A[2K[1A[2K[1A[2K[1A[2K[G
 ────────────── Retrieving Metadata ──────────────

 Retrieving v66.0 metadata from liam.jeong.c@fortra.com.uat using the v67.0 SOAP
  API

 ✔ Preparing retrieve request 3ms
 ✔ Sending request to org 486ms
 ⣽ Waiting for the org to respond 2.02s
 ◼ Done

 Status: In Progress
 Elapsed Time: 2.52s

[2K[1A[2K[1A[2K[1A[2K[1A[2K[1A[2K[1A[2K[1A[2K[1A[2K[1A[2K[1A[2K[1A[2K[1A[2K[1A[2K[1A[2K[G
 ────────────── Retrieving Metadata ──────────────

 Retrieving v66.0 metadata from liam.jeong.c@fortra.com.uat using the v67.0 SOAP
  API

 ✔ Preparing retrieve request 3ms
 ✔ Sending request to org 486ms
 ⣽ Waiting for the org to respond 2.05s
 ◼ Done

 Status: In Progress
 Elapsed Time: 2.55s

[2K[1A[2K[1A[2K[1A[2K[1A[2K[1A[2K[1A[2K[1A[2K[1A[2K[1A[2K[1A[2K[1A[2K[1A[2K[1A[2K[1A[2K[G
 ────────────── Retrieving Metadata ──────────────

 Retrieving v66.0 metadata from liam.jeong.c@fortra.com.uat using the v67.0 SOAP
  API

 ✔ Preparing retrieve request 3ms
 ✔ Sending request to org 486ms
 ⣽ Waiting for the org to respond 2.09s
 ◼ Done

 Status: In Progress
 Elapsed Time: 2.58s

[2K[1A[2K[1A[2K[1A[2K[1A[2K[1A[2K[1A[2K[1A[2K[1A[2K[1A[2K[1A[2K[1A[2K[1A[2K[1A[2K[1A[2K[G
 ────────────── Retrieving Metadata ──────────────

 Retrieving v66.0 metadata from liam.jeong.c@fortra.com.uat using the v67.0 SOAP
  API

 ✔ Preparing retrieve request 3ms
 ✔ Sending request to org 486ms
 ⣻ Waiting for the org to respond 2.12s
 ◼ Done

 Status: In Progress
 Elapsed Time: 2.61s

[2K[1A[2K[1A[2K[1A[2K[1A[2K[1A[2K[1A[2K[1A[2K[1A[2K[1A[2K[1A[2K[1A[2K[1A[2K[1A[2K[1A[2K[G
 ────────────── Retrieving Metadata ──────────────

 Retrieving v66.0 metadata from liam.jeong.c@fortra.com.uat using the v67.0 SOAP
  API

 ✔ Preparing retrieve request 3ms
 ✔ Sending request to org 486ms
 ⣻ Waiting for the org to respond 2.15s
 ◼ Done

 Status: In Progress
 Elapsed Time: 2.65s

[2K[1A[2K[1A[2K[1A[2K[1A[2K[1A[2K[1A[2K[1A[2K[1A[2K[1A[2K[1A[2K[1A[2K[1A[2K[1A[2K[1A[2K[G
 ────────────── Retrieving Metadata ──────────────

 Retrieving v66.0 metadata from liam.jeong.c@fortra.com.uat using the v67.0 SOAP
  API

 ✔ Preparing retrieve request 3ms
 ✔ Sending request to org 486ms
 ⢿ Waiting for the org to respond 2.18s
 ◼ Done

 Status: In Progress
 Elapsed Time: 2.68s

[2K[1A[2K[1A[2K[1A[2K[1A[2K[1A[2K[1A[2K[1A[2K[1A[2K[1A[2K[1A[2K[1A[2K[1A[2K[1A[2K[1A[2K[G
 ────────────── Retrieving Metadata ──────────────

 Retrieving v66.0 metadata from liam.jeong.c@fortra.com.uat using the v67.0 SOAP
  API

 ✔ Preparing retrieve request 3ms
 ✔ Sending request to org 486ms
 ⢿ Waiting for the org to respond 2.22s
 ◼ Done

 Status: In Progress
 Elapsed Time: 2.71s

[2K[1A[2K[1A[2K[1A[2K[1A[2K[1A[2K[1A[2K[1A[2K[1A[2K[1A[2K[1A[2K[1A[2K[1A[2K[1A[2K[1A[2K[G
 ────────────── Retrieving Metadata ──────────────

 Retrieving v66.0 metadata from liam.jeong.c@fortra.com.uat using the v67.0 SOAP
  API

 ✔ Preparing retrieve request 3ms
 ✔ Sending request to org 486ms
 ⢿ Waiting for the org to respond 2.25s
 ◼ Done

 Status: In Progress
 Elapsed Time: 2.74s

[2K[1A[2K[1A[2K[1A[2K[1A[2K[1A[2K[1A[2K[1A[2K[1A[2K[1A[2K[1A[2K[1A[2K[1A[2K[1A[2K[1A[2K[G
 ────────────── Retrieving Metadata ──────────────

 Retrieving v66.0 metadata from liam.jeong.c@fortra.com.uat using the v67.0 SOAP
  API

 ✔ Preparing retrieve request 3ms
 ✔ Sending request to org 486ms
 ⡿ Waiting for the org to respond 2.29s
 ◼ Done

 Status: In Progress
 Elapsed Time: 2.77s

[2K[1A[2K[1A[2K[1A[2K[1A[2K[1A[2K[1A[2K[1A[2K[1A[2K[1A[2K[1A[2K[1A[2K[1A[2K[1A[2K[1A[2K[G
 ────────────── Retrieving Metadata ──────────────

 Retrieving v66.0 metadata from liam.jeong.c@fortra.com.uat using the v67.0 SOAP
  API

 ✔ Preparing retrieve request 3ms
 ✔ Sending request to org 486ms
 ⡿ Waiting for the org to respond 2.32s
 ◼ Done

 Status: In Progress
 Elapsed Time: 2.82s

[2K[1A[2K[1A[2K[1A[2K[1A[2K[1A[2K[1A[2K[1A[2K[1A[2K[1A[2K[1A[2K[1A[2K[1A[2K[1A[2K[1A[2K[G
 ────────────── Retrieving Metadata ──────────────

 Retrieving v66.0 metadata from liam.jeong.c@fortra.com.uat using the v67.0 SOAP
  API

 ✔ Preparing retrieve request 3ms
 ✔ Sending request to org 486ms
 ⣟ Waiting for the org to respond 2.35s
 ◼ Done

 Status: In Progress
 Elapsed Time: 2.85s

[2K[1A[2K[1A[2K[1A[2K[1A[2K[1A[2K[1A[2K[1A[2K[1A[2K[1A[2K[1A[2K[1A[2K[1A[2K[1A[2K[1A[2K[G
 ────────────── Retrieving Metadata ──────────────

 Retrieving v66.0 metadata from liam.jeong.c@fortra.com.uat using the v67.0 SOAP
  API

 ✔ Preparing retrieve request 3ms
 ✔ Sending request to org 486ms
 ⣟ Waiting for the org to respond 2.39s
 ◼ Done

 Status: In Progress
 Elapsed Time: 2.88s

[2K[1A[2K[1A[2K[1A[2K[1A[2K[1A[2K[1A[2K[1A[2K[1A[2K[1A[2K[1A[2K[1A[2K[1A[2K[1A[2K[1A[2K[G
 ────────────── Retrieving Metadata ──────────────

 Retrieving v66.0 metadata from liam.jeong.c@fortra.com.uat using the v67.0 SOAP
  API

 ✔ Preparing retrieve request 3ms
 ✔ Sending request to org 486ms
 ⣯ Waiting for the org to respond 2.42s
 ◼ Done

 Status: In Progress
 Elapsed Time: 2.91s

[2K[1A[2K[1A[2K[1A[2K[1A[2K[1A[2K[1A[2K[1A[2K[1A[2K[1A[2K[1A[2K[1A[2K[1A[2K[1A[2K[1A[2K[G
 ────────────── Retrieving Metadata ──────────────

 Retrieving v66.0 metadata from liam.jeong.c@fortra.com.uat using the v67.0 SOAP
  API

 ✔ Preparing retrieve request 3ms
 ✔ Sending request to org 486ms
 ⣯ Waiting for the org to respond 2.45s
 ◼ Done

 Status: In Progress
 Elapsed Time: 2.94s

[2K[1A[2K[1A[2K[1A[2K[1A[2K[1A[2K[1A[2K[1A[2K[1A[2K[1A[2K[1A[2K[1A[2K[1A[2K[1A[2K[1A[2K[G
 ────────────── Retrieving Metadata ──────────────

 Retrieving v66.0 metadata from liam.jeong.c@fortra.com.uat using the v67.0 SOAP
  API

 ✔ Preparing retrieve request 3ms
 ✔ Sending request to org 486ms
 ⣯ Waiting for the org to respond 2.48s
 ◼ Done

 Status: In Progress
 Elapsed Time: 2.98s

[2K[1A[2K[1A[2K[1A[2K[1A[2K[1A[2K[1A[2K[1A[2K[1A[2K[1A[2K[1A[2K[1A[2K[1A[2K[1A[2K[1A[2K[G
 ────────────── Retrieving Metadata ──────────────

 Retrieving v66.0 metadata from liam.jeong.c@fortra.com.uat using the v67.0 SOAP
  API

 ✔ Preparing retrieve request 3ms
 ✔ Sending request to org 486ms
 ⣷ Waiting for the org to respond 2.51s
 ◼ Done

 Status: In Progress
 Elapsed Time: 3.01s

[2K[1A[2K[1A[2K[1A[2K[1A[2K[1A[2K[1A[2K[1A[2K[1A[2K[1A[2K[1A[2K[1A[2K[1A[2K[1A[2K[1A[2K[G
 ────────────── Retrieving Metadata ──────────────

 Retrieving v66.0 metadata from liam.jeong.c@fortra.com.uat using the v67.0 SOAP
  API

 ✔ Preparing retrieve request 3ms
 ✔ Sending request to org 486ms
 ⣷ Waiting for the org to respond 2.54s
 ◼ Done

 Status: In Progress
 Elapsed Time: 3.04s

[2K[1A[2K[1A[2K[1A[2K[1A[2K[1A[2K[1A[2K[1A[2K[1A[2K[1A[2K[1A[2K[1A[2K[1A[2K[1A[2K[1A[2K[G
 ────────────── Retrieving Metadata ──────────────

 Retrieving v66.0 metadata from liam.jeong.c@fortra.com.uat using the v67.0 SOAP
  API

 ✔ Preparing retrieve request 3ms
 ✔ Sending request to org 486ms
 ⣾ Waiting for the org to respond 2.58s
 ◼ Done

 Status: In Progress
 Elapsed Time: 3.07s

[2K[1A[2K[1A[2K[1A[2K[1A[2K[1A[2K[1A[2K[1A[2K[1A[2K[1A[2K[1A[2K[1A[2K[1A[2K[1A[2K[1A[2K[G
 ────────────── Retrieving Metadata ──────────────

 Retrieving v66.0 metadata from liam.jeong.c@fortra.com.uat using the v67.0 SOAP
  API

 ✔ Preparing retrieve request 3ms
 ✔ Sending request to org 486ms
 ⣾ Waiting for the org to respond 2.61s
 ◼ Done

 Status: In Progress
 Elapsed Time: 3.11s

[2K[1A[2K[1A[2K[1A[2K[1A[2K[1A[2K[1A[2K[1A[2K[1A[2K[1A[2K[1A[2K[1A[2K[1A[2K[1A[2K[1A[2K[G
 ────────────── Retrieving Metadata ──────────────

 Retrieving v66.0 metadata from liam.jeong.c@fortra.com.uat using the v67.0 SOAP
  API

 ✔ Preparing retrieve request 3ms
 ✔ Sending request to org 486ms
 ⣾ Waiting for the org to respond 2.64s
 ◼ Done

 Status: In Progress
 Elapsed Time: 3.14s

[2K[1A[2K[1A[2K[1A[2K[1A[2K[1A[2K[1A[2K[1A[2K[1A[2K[1A[2K[1A[2K[1A[2K[1A[2K[1A[2K[1A[2K[G
 ────────────── Retrieving Metadata ──────────────

 Retrieving v66.0 metadata from liam.jeong.c@fortra.com.uat using the v67.0 SOAP
  API

 ✔ Preparing retrieve request 3ms
 ✔ Sending request to org 486ms
 ⣽ Waiting for the org to respond 2.67s
 ◼ Done

 Status: In Progress
 Elapsed Time: 3.17s

[2K[1A[2K[1A[2K[1A[2K[1A[2K[1A[2K[1A[2K[1A[2K[1A[2K[1A[2K[1A[2K[1A[2K[1A[2K[1A[2K[1A[2K[G
 ────────────── Retrieving Metadata ──────────────

 Retrieving v66.0 metadata from liam.jeong.c@fortra.com.uat using the v67.0 SOAP
  API

 ✔ Preparing retrieve request 3ms
 ✔ Sending request to org 486ms
 ⣽ Waiting for the org to respond 2.71s
 ◼ Done

 Status: In Progress
 Elapsed Time: 3.20s

[2K[1A[2K[1A[2K[1A[2K[1A[2K[1A[2K[1A[2K[1A[2K[1A[2K[1A[2K[1A[2K[1A[2K[1A[2K[1A[2K[1A[2K[G
 ────────────── Retrieving Metadata ──────────────

 Retrieving v66.0 metadata from liam.jeong.c@fortra.com.uat using the v67.0 SOAP
  API

 ✔ Preparing retrieve request 3ms
 ✔ Sending request to org 486ms
 ⣻ Waiting for the org to respond 2.74s
 ◼ Done

 Status: In Progress
 Elapsed Time: 3.23s

[2K[1A[2K[1A[2K[1A[2K[1A[2K[1A[2K[1A[2K[1A[2K[1A[2K[1A[2K[1A[2K[1A[2K[1A[2K[1A[2K[1A[2K[G
 ────────────── Retrieving Metadata ──────────────

 Retrieving v66.0 metadata from liam.jeong.c@fortra.com.uat using the v67.0 SOAP
  API

 ✔ Preparing retrieve request 3ms
 ✔ Sending request to org 486ms
 ⣻ Waiting for the org to respond 2.77s
 ◼ Done

 Status: In Progress
 Elapsed Time: 3.27s

[2K[1A[2K[1A[2K[1A[2K[1A[2K[1A[2K[1A[2K[1A[2K[1A[2K[1A[2K[1A[2K[1A[2K[1A[2K[1A[2K[1A[2K[G
 ────────────── Retrieving Metadata ──────────────

 Retrieving v66.0 metadata from liam.jeong.c@fortra.com.uat using the v67.0 SOAP
  API

 ✔ Preparing retrieve request 3ms
 ✔ Sending request to org 486ms
 ⣻ Waiting for the org to respond 2.81s
 ◼ Done

 Status: In Progress
 Elapsed Time: 3.30s

[2K[1A[2K[1A[2K[1A[2K[1A[2K[1A[2K[1A[2K[1A[2K[1A[2K[1A[2K[1A[2K[1A[2K[1A[2K[1A[2K[1A[2K[G
 ────────────── Retrieving Metadata ──────────────

 Retrieving v66.0 metadata from liam.jeong.c@fortra.com.uat using the v67.0 SOAP
  API

 ✔ Preparing retrieve request 3ms
 ✔ Sending request to org 486ms
 ⢿ Waiting for the org to respond 2.84s
 ◼ Done

 Status: In Progress
 Elapsed Time: 3.33s

[2K[1A[2K[1A[2K[1A[2K[1A[2K[1A[2K[1A[2K[1A[2K[1A[2K[1A[2K[1A[2K[1A[2K[1A[2K[1A[2K[1A[2K[G
 ────────────── Retrieving Metadata ──────────────

 Retrieving v66.0 metadata from liam.jeong.c@fortra.com.uat using the v67.0 SOAP
  API

 ✔ Preparing retrieve request 3ms
 ✔ Sending request to org 486ms
 ⢿ Waiting for the org to respond 2.87s
 ◼ Done

 Status: In Progress
 Elapsed Time: 3.36s

[2K[1A[2K[1A[2K[1A[2K[1A[2K[1A[2K[1A[2K[1A[2K[1A[2K[1A[2K[1A[2K[1A[2K[1A[2K[1A[2K[1A[2K[G
 ────────────── Retrieving Metadata ──────────────

 Retrieving v66.0 metadata from liam.jeong.c@fortra.com.uat using the v67.0 SOAP
  API

 ✔ Preparing retrieve request 3ms
 ✔ Sending request to org 486ms
 ⡿ Waiting for the org to respond 2.90s
 ◼ Done

 Status: In Progress
 Elapsed Time: 3.39s

[2K[1A[2K[1A[2K[1A[2K[1A[2K[1A[2K[1A[2K[1A[2K[1A[2K[1A[2K[1A[2K[1A[2K[1A[2K[1A[2K[1A[2K[G
 ────────────── Retrieving Metadata ──────────────

 Retrieving v66.0 metadata from liam.jeong.c@fortra.com.uat using the v67.0 SOAP
  API

 ✔ Preparing retrieve request 3ms
 ✔ Sending request to org 486ms
 ⡿ Waiting for the org to respond 2.93s
 ◼ Done

 Status: In Progress
 Elapsed Time: 3.43s

[2K[1A[2K[1A[2K[1A[2K[1A[2K[1A[2K[1A[2K[1A[2K[1A[2K[1A[2K[1A[2K[1A[2K[1A[2K[1A[2K[1A[2K[G
 ────────────── Retrieving Metadata ──────────────

 Retrieving v66.0 metadata from liam.jeong.c@fortra.com.uat using the v67.0 SOAP
  API

 ✔ Preparing retrieve request 3ms
 ✔ Sending request to org 486ms
 ⡿ Waiting for the org to respond 2.96s
 ◼ Done

 Status: In Progress
 Elapsed Time: 3.46s

[2K[1A[2K[1A[2K[1A[2K[1A[2K[1A[2K[1A[2K[1A[2K[1A[2K[1A[2K[1A[2K[1A[2K[1A[2K[1A[2K[1A[2K[G
 ────────────── Retrieving Metadata ──────────────

 Retrieving v66.0 metadata from liam.jeong.c@fortra.com.uat using the v67.0 SOAP
  API

 ✔ Preparing retrieve request 3ms
 ✔ Sending request to org 486ms
 ⣟ Waiting for the org to respond 3.00s
 ◼ Done

 Status: In Progress
 Elapsed Time: 3.49s

[2K[1A[2K[1A[2K[1A[2K[1A[2K[1A[2K[1A[2K[1A[2K[1A[2K[1A[2K[1A[2K[1A[2K[1A[2K[1A[2K[1A[2K[G
 ────────────── Retrieving Metadata ──────────────

 Retrieving v66.0 metadata from liam.jeong.c@fortra.com.uat using the v67.0 SOAP
  API

 ✔ Preparing retrieve request 3ms
 ✔ Sending request to org 486ms
 ⣟ Waiting for the org to respond 3.03s
 ◼ Done

 Status: In Progress
 Elapsed Time: 3.53s

[2K[1A[2K[1A[2K[1A[2K[1A[2K[1A[2K[1A[2K[1A[2K[1A[2K[1A[2K[1A[2K[1A[2K[1A[2K[1A[2K[1A[2K[G
 ────────────── Retrieving Metadata ──────────────

 Retrieving v66.0 metadata from liam.jeong.c@fortra.com.uat using the v67.0 SOAP
  API

 ✔ Preparing retrieve request 3ms
 ✔ Sending request to org 486ms
 ⣯ Waiting for the org to respond 3.06s
 ◼ Done

 Status: In Progress
 Elapsed Time: 3.56s

[2K[1A[2K[1A[2K[1A[2K[1A[2K[1A[2K[1A[2K[1A[2K[1A[2K[1A[2K[1A[2K[1A[2K[1A[2K[1A[2K[1A[2K[G
 ────────────── Retrieving Metadata ──────────────

 Retrieving v66.0 metadata from liam.jeong.c@fortra.com.uat using the v67.0 SOAP
  API

 ✔ Preparing retrieve request 3ms
 ✔ Sending request to org 486ms
 ⣯ Waiting for the org to respond 3.10s
 ◼ Done

 Status: In Progress
 Elapsed Time: 3.59s

[2K[1A[2K[1A[2K[1A[2K[1A[2K[1A[2K[1A[2K[1A[2K[1A[2K[1A[2K[1A[2K[1A[2K[1A[2K[1A[2K[1A[2K[G
 ────────────── Retrieving Metadata ──────────────

 Retrieving v66.0 metadata from liam.jeong.c@fortra.com.uat using the v67.0 SOAP
  API

 ✔ Preparing retrieve request 3ms
 ✔ Sending request to org 486ms
 ⣯ Waiting for the org to respond 3.13s
 ◼ Done

 Status: In Progress
 Elapsed Time: 3.62s

[2K[1A[2K[1A[2K[1A[2K[1A[2K[1A[2K[1A[2K[1A[2K[1A[2K[1A[2K[1A[2K[1A[2K[1A[2K[1A[2K[1A[2K[G
 ────────────── Retrieving Metadata ──────────────

 Retrieving v66.0 metadata from liam.jeong.c@fortra.com.uat using the v67.0 SOAP
  API

 ✔ Preparing retrieve request 3ms
 ✔ Sending request to org 486ms
 ⣷ Waiting for the org to respond 3.16s
 ◼ Done

 Status: In Progress
 Elapsed Time: 3.65s

[2K[1A[2K[1A[2K[1A[2K[1A[2K[1A[2K[1A[2K[1A[2K[1A[2K[1A[2K[1A[2K[1A[2K[1A[2K[1A[2K[1A[2K[G
 ────────────── Retrieving Metadata ──────────────

 Retrieving v66.0 metadata from liam.jeong.c@fortra.com.uat using the v67.0 SOAP
  API

 ✔ Preparing retrieve request 3ms
 ✔ Sending request to org 486ms
 ⣷ Waiting for the org to respond 3.19s
 ◼ Done

 Status: In Progress
 Elapsed Time: 3.69s

[2K[1A[2K[1A[2K[1A[2K[1A[2K[1A[2K[1A[2K[1A[2K[1A[2K[1A[2K[1A[2K[1A[2K[1A[2K[1A[2K[1A[2K[G
 ────────────── Retrieving Metadata ──────────────

 Retrieving v66.0 metadata from liam.jeong.c@fortra.com.uat using the v67.0 SOAP
  API

 ✔ Preparing retrieve request 3ms
 ✔ Sending request to org 486ms
 ⣾ Waiting for the org to respond 3.23s
 ◼ Done

 Status: In Progress
 Elapsed Time: 3.72s

[2K[1A[2K[1A[2K[1A[2K[1A[2K[1A[2K[1A[2K[1A[2K[1A[2K[1A[2K[1A[2K[1A[2K[1A[2K[1A[2K[1A[2K[G
 ────────────── Retrieving Metadata ──────────────

 Retrieving v66.0 metadata from liam.jeong.c@fortra.com.uat using the v67.0 SOAP
  API

 ✔ Preparing retrieve request 3ms
 ✔ Sending request to org 486ms
 ⣾ Waiting for the org to respond 3.26s
 ◼ Done

 Status: In Progress
 Elapsed Time: 3.75s

[2K[1A[2K[1A[2K[1A[2K[1A[2K[1A[2K[1A[2K[1A[2K[1A[2K[1A[2K[1A[2K[1A[2K[1A[2K[1A[2K[1A[2K[G
 ────────────── Retrieving Metadata ──────────────

 Retrieving v66.0 metadata from liam.jeong.c@fortra.com.uat using the v67.0 SOAP
  API

 ✔ Preparing retrieve request 3ms
 ✔ Sending request to org 486ms
 ⣾ Waiting for the org to respond 3.29s
 ◼ Done

 Status: In Progress
 Elapsed Time: 3.78s

[2K[1A[2K[1A[2K[1A[2K[1A[2K[1A[2K[1A[2K[1A[2K[1A[2K[1A[2K[1A[2K[1A[2K[1A[2K[1A[2K[1A[2K[G
 ────────────── Retrieving Metadata ──────────────

 Retrieving v66.0 metadata from liam.jeong.c@fortra.com.uat using the v67.0 SOAP
  API

 ✔ Preparing retrieve request 3ms
 ✔ Sending request to org 486ms
 ⣽ Waiting for the org to respond 3.32s
 ◼ Done

 Status: In Progress
 Elapsed Time: 3.82s

[2K[1A[2K[1A[2K[1A[2K[1A[2K[1A[2K[1A[2K[1A[2K[1A[2K[1A[2K[1A[2K[1A[2K[1A[2K[1A[2K[1A[2K[G
 ────────────── Retrieving Metadata ──────────────

 Retrieving v66.0 metadata from liam.jeong.c@fortra.com.uat using the v67.0 SOAP
  API

 ✔ Preparing retrieve request 3ms
 ✔ Sending request to org 486ms
 ⣽ Waiting for the org to respond 3.35s
 ◼ Done

 Status: In Progress
 Elapsed Time: 3.85s

[2K[1A[2K[1A[2K[1A[2K[1A[2K[1A[2K[1A[2K[1A[2K[1A[2K[1A[2K[1A[2K[1A[2K[1A[2K[1A[2K[1A[2K[G
 ────────────── Retrieving Metadata ──────────────

 Retrieving v66.0 metadata from liam.jeong.c@fortra.com.uat using the v67.0 SOAP
  API

 ✔ Preparing retrieve request 3ms
 ✔ Sending request to org 486ms
 ⣻ Waiting for the org to respond 3.39s
 ◼ Done

 Status: In Progress
 Elapsed Time: 3.88s

[2K[1A[2K[1A[2K[1A[2K[1A[2K[1A[2K[1A[2K[1A[2K[1A[2K[1A[2K[1A[2K[1A[2K[1A[2K[1A[2K[1A[2K[G
 ────────────── Retrieving Metadata ──────────────

 Retrieving v66.0 metadata from liam.jeong.c@fortra.com.uat using the v67.0 SOAP
  API

 ✔ Preparing retrieve request 3ms
 ✔ Sending request to org 486ms
 ⣻ Waiting for the org to respond 3.42s
 ◼ Done

 Status: In Progress
 Elapsed Time: 3.91s

[2K[1A[2K[1A[2K[1A[2K[1A[2K[1A[2K[1A[2K[1A[2K[1A[2K[1A[2K[1A[2K[1A[2K[1A[2K[1A[2K[1A[2K[G
 ────────────── Retrieving Metadata ──────────────

 Retrieving v66.0 metadata from liam.jeong.c@fortra.com.uat using the v67.0 SOAP
  API

 ✔ Preparing retrieve request 3ms
 ✔ Sending request to org 486ms
 ⣻ Waiting for the org to respond 3.45s
 ◼ Done

 Status: In Progress
 Elapsed Time: 3.94s

[2K[1A[2K[1A[2K[1A[2K[1A[2K[1A[2K[1A[2K[1A[2K[1A[2K[1A[2K[1A[2K[1A[2K[1A[2K[1A[2K[1A[2K[G
 ────────────── Retrieving Metadata ──────────────

 Retrieving v66.0 metadata from liam.jeong.c@fortra.com.uat using the v67.0 SOAP
  API

 ✔ Preparing retrieve request 3ms
 ✔ Sending request to org 486ms
 ⢿ Waiting for the org to respond 3.48s
 ◼ Done

 Status: In Progress
 Elapsed Time: 3.98s

[2K[1A[2K[1A[2K[1A[2K[1A[2K[1A[2K[1A[2K[1A[2K[1A[2K[1A[2K[1A[2K[1A[2K[1A[2K[1A[2K[1A[2K[G
 ────────────── Retrieving Metadata ──────────────

 Retrieving v66.0 metadata from liam.jeong.c@fortra.com.uat using the v67.0 SOAP
  API

 ✔ Preparing retrieve request 3ms
 ✔ Sending request to org 486ms
 ⢿ Waiting for the org to respond 3.52s
 ◼ Done

 Status: In Progress
 Elapsed Time: 4.01s

[2K[1A[2K[1A[2K[1A[2K[1A[2K[1A[2K[1A[2K[1A[2K[1A[2K[1A[2K[1A[2K[1A[2K[1A[2K[1A[2K[1A[2K[G
 ────────────── Retrieving Metadata ──────────────

 Retrieving v66.0 metadata from liam.jeong.c@fortra.com.uat using the v67.0 SOAP
  API

 ✔ Preparing retrieve request 3ms
 ✔ Sending request to org 486ms
 ⡿ Waiting for the org to respond 3.55s
 ◼ Done

 Status: In Progress
 Elapsed Time: 4.04s

[2K[1A[2K[1A[2K[1A[2K[1A[2K[1A[2K[1A[2K[1A[2K[1A[2K[1A[2K[1A[2K[1A[2K[1A[2K[1A[2K[1A[2K[G
 ────────────── Retrieving Metadata ──────────────

 Retrieving v66.0 metadata from liam.jeong.c@fortra.com.uat using the v67.0 SOAP
  API

 ✔ Preparing retrieve request 3ms
 ✔ Sending request to org 486ms
 ⡿ Waiting for the org to respond 3.58s
 ◼ Done

 Status: In Progress
 Elapsed Time: 4.07s

[2K[1A[2K[1A[2K[1A[2K[1A[2K[1A[2K[1A[2K[1A[2K[1A[2K[1A[2K[1A[2K[1A[2K[1A[2K[1A[2K[1A[2K[G
 ────────────── Retrieving Metadata ──────────────

 Retrieving v66.0 metadata from liam.jeong.c@fortra.com.uat using the v67.0 SOAP
  API

 ✔ Preparing retrieve request 3ms
 ✔ Sending request to org 486ms
 ⡿ Waiting for the org to respond 3.61s
 ◼ Done

 Status: In Progress
 Elapsed Time: 4.11s

[2K[1A[2K[1A[2K[1A[2K[1A[2K[1A[2K[1A[2K[1A[2K[1A[2K[1A[2K[1A[2K[1A[2K[1A[2K[1A[2K[1A[2K[G
 ────────────── Retrieving Metadata ──────────────

 Retrieving v66.0 metadata from liam.jeong.c@fortra.com.uat using the v67.0 SOAP
  API

 ✔ Preparing retrieve request 3ms
 ✔ Sending request to org 486ms
 ⣟ Waiting for the org to respond 3.65s
 ◼ Done

 Status: In Progress
 Elapsed Time: 4.14s

[2K[1A[2K[1A[2K[1A[2K[1A[2K[1A[2K[1A[2K[1A[2K[1A[2K[1A[2K[1A[2K[1A[2K[1A[2K[1A[2K[1A[2K[G
 ────────────── Retrieving Metadata ──────────────

 Retrieving v66.0 metadata from liam.jeong.c@fortra.com.uat using the v67.0 SOAP
  API

 ✔ Preparing retrieve request 3ms
 ✔ Sending request to org 486ms
 ⣟ Waiting for the org to respond 3.68s
 ◼ Done

 Status: In Progress
 Elapsed Time: 4.17s

[2K[1A[2K[1A[2K[1A[2K[1A[2K[1A[2K[1A[2K[1A[2K[1A[2K[1A[2K[1A[2K[1A[2K[1A[2K[1A[2K[1A[2K[G
 ────────────── Retrieving Metadata ──────────────

 Retrieving v66.0 metadata from liam.jeong.c@fortra.com.uat using the v67.0 SOAP
  API

 ✔ Preparing retrieve request 3ms
 ✔ Sending request to org 486ms
 ⣯ Waiting for the org to respond 3.71s
 ◼ Done

 Status: In Progress
 Elapsed Time: 4.20s

[2K[1A[2K[1A[2K[1A[2K[1A[2K[1A[2K[1A[2K[1A[2K[1A[2K[1A[2K[1A[2K[1A[2K[1A[2K[1A[2K[1A[2K[G
 ────────────── Retrieving Metadata ──────────────

 Retrieving v66.0 metadata from liam.jeong.c@fortra.com.uat using the v67.0 SOAP
  API

 ✔ Preparing retrieve request 3ms
 ✔ Sending request to org 486ms
 ⣯ Waiting for the org to respond 3.74s
 ◼ Done

 Status: In Progress
 Elapsed Time: 4.24s

[2K[1A[2K[1A[2K[1A[2K[1A[2K[1A[2K[1A[2K[1A[2K[1A[2K[1A[2K[1A[2K[1A[2K[1A[2K[1A[2K[1A[2K[G
 ────────────── Retrieving Metadata ──────────────

 Retrieving v66.0 metadata from liam.jeong.c@fortra.com.uat using the v67.0 SOAP
  API

 ✔ Preparing retrieve request 3ms
 ✔ Sending request to org 486ms
 ⣯ Waiting for the org to respond 3.77s
 ◼ Done

 Status: In Progress
 Elapsed Time: 4.27s

[2K[1A[2K[1A[2K[1A[2K[1A[2K[1A[2K[1A[2K[1A[2K[1A[2K[1A[2K[1A[2K[1A[2K[1A[2K[1A[2K[1A[2K[G
 ────────────── Retrieving Metadata ──────────────

 Retrieving v66.0 metadata from liam.jeong.c@fortra.com.uat using the v67.0 SOAP
  API

 ✔ Preparing retrieve request 3ms
 ✔ Sending request to org 486ms
 ⣷ Waiting for the org to respond 3.81s
 ◼ Done

 Status: In Progress
 Elapsed Time: 4.30s

[2K[1A[2K[1A[2K[1A[2K[1A[2K[1A[2K[1A[2K[1A[2K[1A[2K[1A[2K[1A[2K[1A[2K[1A[2K[1A[2K[1A[2K[G
 ────────────── Retrieving Metadata ──────────────

 Retrieving v66.0 metadata from liam.jeong.c@fortra.com.uat using the v67.0 SOAP
  API

 ✔ Preparing retrieve request 3ms
 ✔ Sending request to org 486ms
 ⣷ Waiting for the org to respond 3.84s
 ◼ Done

 Status: In Progress
 Elapsed Time: 4.33s

[2K[1A[2K[1A[2K[1A[2K[1A[2K[1A[2K[1A[2K[1A[2K[1A[2K[1A[2K[1A[2K[1A[2K[1A[2K[1A[2K[1A[2K[G
 ────────────── Retrieving Metadata ──────────────

 Retrieving v66.0 metadata from liam.jeong.c@fortra.com.uat using the v67.0 SOAP
  API

 ✔ Preparing retrieve request 3ms
 ✔ Sending request to org 486ms
 ⣾ Waiting for the org to respond 3.87s
 ◼ Done

 Status: In Progress
 Elapsed Time: 4.36s

[2K[1A[2K[1A[2K[1A[2K[1A[2K[1A[2K[1A[2K[1A[2K[1A[2K[1A[2K[1A[2K[1A[2K[1A[2K[1A[2K[1A[2K[G
 ────────────── Retrieving Metadata ──────────────

 Retrieving v66.0 metadata from liam.jeong.c@fortra.com.uat using the v67.0 SOAP
  API

 ✔ Preparing retrieve request 3ms
 ✔ Sending request to org 486ms
 ⣾ Waiting for the org to respond 3.90s
 ◼ Done

 Status: In Progress
 Elapsed Time: 4.40s

[2K[1A[2K[1A[2K[1A[2K[1A[2K[1A[2K[1A[2K[1A[2K[1A[2K[1A[2K[1A[2K[1A[2K[1A[2K[1A[2K[1A[2K[G
 ────────────── Retrieving Metadata ──────────────

 Retrieving v66.0 metadata from liam.jeong.c@fortra.com.uat using the v67.0 SOAP
  API

 ✔ Preparing retrieve request 3ms
 ✔ Sending request to org 486ms
 ⣾ Waiting for the org to respond 3.93s
 ◼ Done

 Status: In Progress
 Elapsed Time: 4.43s

[2K[1A[2K[1A[2K[1A[2K[1A[2K[1A[2K[1A[2K[1A[2K[1A[2K[1A[2K[1A[2K[1A[2K[1A[2K[1A[2K[1A[2K[G
 ────────────── Retrieving Metadata ──────────────

 Retrieving v66.0 metadata from liam.jeong.c@fortra.com.uat using the v67.0 SOAP
  API

 ✔ Preparing retrieve request 3ms
 ✔ Sending request to org 486ms
 ⣽ Waiting for the org to respond 3.97s
 ◼ Done

 Status: In Progress
 Elapsed Time: 4.46s

[2K[1A[2K[1A[2K[1A[2K[1A[2K[1A[2K[1A[2K[1A[2K[1A[2K[1A[2K[1A[2K[1A[2K[1A[2K[1A[2K[1A[2K[G
 ────────────── Retrieving Metadata ──────────────

 Retrieving v66.0 metadata from liam.jeong.c@fortra.com.uat using the v67.0 SOAP
  API

 ✔ Preparing retrieve request 3ms
 ✔ Sending request to org 486ms
 ⣽ Waiting for the org to respond 4.00s
 ◼ Done

 Status: In Progress
 Elapsed Time: 4.49s

[2K[1A[2K[1A[2K[1A[2K[1A[2K[1A[2K[1A[2K[1A[2K[1A[2K[1A[2K[1A[2K[1A[2K[1A[2K[1A[2K[1A[2K[G
 ────────────── Retrieving Metadata ──────────────

 Retrieving v66.0 metadata from liam.jeong.c@fortra.com.uat using the v67.0 SOAP
  API

 ✔ Preparing retrieve request 3ms
 ✔ Sending request to org 486ms
 ⣻ Waiting for the org to respond 4.03s
 ◼ Done

 Status: In Progress
 Elapsed Time: 4.53s

[2K[1A[2K[1A[2K[1A[2K[1A[2K[1A[2K[1A[2K[1A[2K[1A[2K[1A[2K[1A[2K[1A[2K[1A[2K[1A[2K[1A[2K[G
 ────────────── Retrieving Metadata ──────────────

 Retrieving v66.0 metadata from liam.jeong.c@fortra.com.uat using the v67.0 SOAP
  API

 ✔ Preparing retrieve request 3ms
 ✔ Sending request to org 486ms
 ⣻ Waiting for the org to respond 4.07s
 ◼ Done

 Status: In Progress
 Elapsed Time: 4.56s

[2K[1A[2K[1A[2K[1A[2K[1A[2K[1A[2K[1A[2K[1A[2K[1A[2K[1A[2K[1A[2K[1A[2K[1A[2K[1A[2K[1A[2K[G
 ────────────── Retrieving Metadata ──────────────

 Retrieving v66.0 metadata from liam.jeong.c@fortra.com.uat using the v67.0 SOAP
  API

 ✔ Preparing retrieve request 3ms
 ✔ Sending request to org 486ms
 ⣻ Waiting for the org to respond 4.10s
 ◼ Done

 Status: In Progress
 Elapsed Time: 4.59s

[2K[1A[2K[1A[2K[1A[2K[1A[2K[1A[2K[1A[2K[1A[2K[1A[2K[1A[2K[1A[2K[1A[2K[1A[2K[1A[2K[1A[2K[G
 ────────────── Retrieving Metadata ──────────────

 Retrieving v66.0 metadata from liam.jeong.c@fortra.com.uat using the v67.0 SOAP
  API

 ✔ Preparing retrieve request 3ms
 ✔ Sending request to org 486ms
 ⢿ Waiting for the org to respond 4.13s
 ◼ Done

 Status: In Progress
 Elapsed Time: 4.63s

[2K[1A[2K[1A[2K[1A[2K[1A[2K[1A[2K[1A[2K[1A[2K[1A[2K[1A[2K[1A[2K[1A[2K[1A[2K[1A[2K[1A[2K[G
 ────────────── Retrieving Metadata ──────────────

 Retrieving v66.0 metadata from liam.jeong.c@fortra.com.uat using the v67.0 SOAP
  API

 ✔ Preparing retrieve request 3ms
 ✔ Sending request to org 486ms
 ⢿ Waiting for the org to respond 4.16s
 ◼ Done

 Status: In Progress
 Elapsed Time: 4.66s

[2K[1A[2K[1A[2K[1A[2K[1A[2K[1A[2K[1A[2K[1A[2K[1A[2K[1A[2K[1A[2K[1A[2K[1A[2K[1A[2K[1A[2K[G
 ────────────── Retrieving Metadata ──────────────

 Retrieving v66.0 metadata from liam.jeong.c@fortra.com.uat using the v67.0 SOAP
  API

 ✔ Preparing retrieve request 3ms
 ✔ Sending request to org 486ms
 ⡿ Waiting for the org to respond 4.20s
 ◼ Done

 Status: In Progress
 Elapsed Time: 4.69s

[2K[1A[2K[1A[2K[1A[2K[1A[2K[1A[2K[1A[2K[1A[2K[1A[2K[1A[2K[1A[2K[1A[2K[1A[2K[1A[2K[1A[2K[G
 ────────────── Retrieving Metadata ──────────────

 Retrieving v66.0 metadata from liam.jeong.c@fortra.com.uat using the v67.0 SOAP
  API

 ✔ Preparing retrieve request 3ms
 ✔ Sending request to org 486ms
 ⡿ Waiting for the org to respond 4.23s
 ◼ Done

 Status: In Progress
 Elapsed Time: 4.72s

[2K[1A[2K[1A[2K[1A[2K[1A[2K[1A[2K[1A[2K[1A[2K[1A[2K[1A[2K[1A[2K[1A[2K[1A[2K[1A[2K[1A[2K[G
 ────────────── Retrieving Metadata ──────────────

 Retrieving v66.0 metadata from liam.jeong.c@fortra.com.uat using the v67.0 SOAP
  API

 ✔ Preparing retrieve request 3ms
 ✔ Sending request to org 486ms
 ⣟ Waiting for the org to respond 4.26s
 ◼ Done

 Status: In Progress
 Elapsed Time: 4.76s

[2K[1A[2K[1A[2K[1A[2K[1A[2K[1A[2K[1A[2K[1A[2K[1A[2K[1A[2K[1A[2K[1A[2K[1A[2K[1A[2K[1A[2K[G
 ────────────── Retrieving Metadata ──────────────

 Retrieving v66.0 metadata from liam.jeong.c@fortra.com.uat using the v67.0 SOAP
  API

 ✔ Preparing retrieve request 3ms
 ✔ Sending request to org 486ms
 ⣟ Waiting for the org to respond 4.29s
 ◼ Done

 Status: In Progress
 Elapsed Time: 4.79s

[2K[1A[2K[1A[2K[1A[2K[1A[2K[1A[2K[1A[2K[1A[2K[1A[2K[1A[2K[1A[2K[1A[2K[1A[2K[1A[2K[1A[2K[G
 ────────────── Retrieving Metadata ──────────────

 Retrieving v66.0 metadata from liam.jeong.c@fortra.com.uat using the v67.0 SOAP
  API

 ✔ Preparing retrieve request 3ms
 ✔ Sending request to org 486ms
 ⣟ Waiting for the org to respond 4.33s
 ◼ Done

 Status: In Progress
 Elapsed Time: 4.82s

[2K[1A[2K[1A[2K[1A[2K[1A[2K[1A[2K[1A[2K[1A[2K[1A[2K[1A[2K[1A[2K[1A[2K[1A[2K[1A[2K[1A[2K[G
 ────────────── Retrieving Metadata ──────────────

 Retrieving v66.0 metadata from liam.jeong.c@fortra.com.uat using the v67.0 SOAP
  API

 ✔ Preparing retrieve request 3ms
 ✔ Sending request to org 486ms
 ⣯ Waiting for the org to respond 4.36s
 ◼ Done

 Status: In Progress
 Elapsed Time: 4.85s

[2K[1A[2K[1A[2K[1A[2K[1A[2K[1A[2K[1A[2K[1A[2K[1A[2K[1A[2K[1A[2K[1A[2K[1A[2K[1A[2K[1A[2K[G
 ────────────── Retrieving Metadata ──────────────

 Retrieving v66.0 metadata from liam.jeong.c@fortra.com.uat using the v67.0 SOAP
  API

 ✔ Preparing retrieve request 3ms
 ✔ Sending request to org 486ms
 ⣯ Waiting for the org to respond 4.39s
 ◼ Done

 Status: In Progress
 Elapsed Time: 4.88s

[2K[1A[2K[1A[2K[1A[2K[1A[2K[1A[2K[1A[2K[1A[2K[1A[2K[1A[2K[1A[2K[1A[2K[1A[2K[1A[2K[1A[2K[G
 ────────────── Retrieving Metadata ──────────────

 Retrieving v66.0 metadata from liam.jeong.c@fortra.com.uat using the v67.0 SOAP
  API

 ✔ Preparing retrieve request 3ms
 ✔ Sending request to org 486ms
 ⣷ Waiting for the org to respond 4.42s
 ◼ Done

 Status: In Progress
 Elapsed Time: 4.92s

[2K[1A[2K[1A[2K[1A[2K[1A[2K[1A[2K[1A[2K[1A[2K[1A[2K[1A[2K[1A[2K[1A[2K[1A[2K[1A[2K[1A[2K[G
 ────────────── Retrieving Metadata ──────────────

 Retrieving v66.0 metadata from liam.jeong.c@fortra.com.uat using the v67.0 SOAP
  API

 ✔ Preparing retrieve request 3ms
 ✔ Sending request to org 486ms
 ⣷ Waiting for the org to respond 4.46s
 ◼ Done

 Status: In Progress
 Elapsed Time: 4.95s

[2K[1A[2K[1A[2K[1A[2K[1A[2K[1A[2K[1A[2K[1A[2K[1A[2K[1A[2K[1A[2K[1A[2K[1A[2K[1A[2K[1A[2K[G
 ────────────── Retrieving Metadata ──────────────

 Retrieving v66.0 metadata from liam.jeong.c@fortra.com.uat using the v67.0 SOAP
  API

 ✔ Preparing retrieve request 3ms
 ✔ Sending request to org 486ms
 ⣷ Waiting for the org to respond 4.49s
 ◼ Done

 Status: In Progress
 Elapsed Time: 4.98s

[2K[1A[2K[1A[2K[1A[2K[1A[2K[1A[2K[1A[2K[1A[2K[1A[2K[1A[2K[1A[2K[1A[2K[1A[2K[1A[2K[1A[2K[G
 ────────────── Retrieving Metadata ──────────────

 Retrieving v66.0 metadata from liam.jeong.c@fortra.com.uat using the v67.0 SOAP
  API

 ✔ Preparing retrieve request 3ms
 ✔ Sending request to org 486ms
 ⣾ Waiting for the org to respond 4.52s
 ◼ Done

 Status: In Progress
 Elapsed Time: 5.01s

[2K[1A[2K[1A[2K[1A[2K[1A[2K[1A[2K[1A[2K[1A[2K[1A[2K[1A[2K[1A[2K[1A[2K[1A[2K[1A[2K[1A[2K[G
 ────────────── Retrieving Metadata ──────────────

 Retrieving v66.0 metadata from liam.jeong.c@fortra.com.uat using the v67.0 SOAP
  API

 ✔ Preparing retrieve request 3ms
 ✔ Sending request to org 486ms
 ⣾ Waiting for the org to respond 4.55s
 ◼ Done

 Status: In Progress
 Elapsed Time: 5.05s

[2K[1A[2K[1A[2K[1A[2K[1A[2K[1A[2K[1A[2K[1A[2K[1A[2K[1A[2K[1A[2K[1A[2K[1A[2K[1A[2K[1A[2K[G
 ────────────── Retrieving Metadata ──────────────

 Retrieving v66.0 metadata from liam.jeong.c@fortra.com.uat using the v67.0 SOAP
  API

 ✔ Preparing retrieve request 3ms
 ✔ Sending request to org 486ms
 ⣽ Waiting for the org to respond 4.58s
 ◼ Done

 Status: In Progress
 Elapsed Time: 5.08s

[2K[1A[2K[1A[2K[1A[2K[1A[2K[1A[2K[1A[2K[1A[2K[1A[2K[1A[2K[1A[2K[1A[2K[1A[2K[1A[2K[1A[2K[G
 ────────────── Retrieving Metadata ──────────────

 Retrieving v66.0 metadata from liam.jeong.c@fortra.com.uat using the v67.0 SOAP
  API

 ✔ Preparing retrieve request 3ms
 ✔ Sending request to org 486ms
 ⣽ Waiting for the org to respond 4.61s
 ◼ Done

 Status: In Progress
 Elapsed Time: 5.11s

[2K[1A[2K[1A[2K[1A[2K[1A[2K[1A[2K[1A[2K[1A[2K[1A[2K[1A[2K[1A[2K[1A[2K[1A[2K[1A[2K[1A[2K[G
 ────────────── Retrieving Metadata ──────────────

 Retrieving v66.0 metadata from liam.jeong.c@fortra.com.uat using the v67.0 SOAP
  API

 ✔ Preparing retrieve request 3ms
 ✔ Sending request to org 486ms
 ⣽ Waiting for the org to respond 4.65s
 ◼ Done

 Status: In Progress
 Elapsed Time: 5.14s

[2K[1A[2K[1A[2K[1A[2K[1A[2K[1A[2K[1A[2K[1A[2K[1A[2K[1A[2K[1A[2K[1A[2K[1A[2K[1A[2K[1A[2K[G
 ────────────── Retrieving Metadata ──────────────

 Retrieving v66.0 metadata from liam.jeong.c@fortra.com.uat using the v67.0 SOAP
  API

 ✔ Preparing retrieve request 3ms
 ✔ Sending request to org 486ms
 ⣻ Waiting for the org to respond 4.68s
 ◼ Done

 Status: In Progress
 Elapsed Time: 5.17s

[2K[1A[2K[1A[2K[1A[2K[1A[2K[1A[2K[1A[2K[1A[2K[1A[2K[1A[2K[1A[2K[1A[2K[1A[2K[1A[2K[1A[2K[G
 ────────────── Retrieving Metadata ──────────────

 Retrieving v66.0 metadata from liam.jeong.c@fortra.com.uat using the v67.0 SOAP
  API

 ✔ Preparing retrieve request 3ms
 ✔ Sending request to org 486ms
 ⣻ Waiting for the org to respond 4.71s
 ◼ Done

 Status: In Progress
 Elapsed Time: 5.21s

[2K[1A[2K[1A[2K[1A[2K[1A[2K[1A[2K[1A[2K[1A[2K[1A[2K[1A[2K[1A[2K[1A[2K[1A[2K[1A[2K[1A[2K[G
 ────────────── Retrieving Metadata ──────────────

 Retrieving v66.0 metadata from liam.jeong.c@fortra.com.uat using the v67.0 SOAP
  API

 ✔ Preparing retrieve request 3ms
 ✔ Sending request to org 486ms
 ⢿ Waiting for the org to respond 4.74s
 ◼ Done

 Status: In Progress
 Elapsed Time: 5.24s

[2K[1A[2K[1A[2K[1A[2K[1A[2K[1A[2K[1A[2K[1A[2K[1A[2K[1A[2K[1A[2K[1A[2K[1A[2K[1A[2K[1A[2K[G
 ────────────── Retrieving Metadata ──────────────

 Retrieving v66.0 metadata from liam.jeong.c@fortra.com.uat using the v67.0 SOAP
  API

 ✔ Preparing retrieve request 3ms
 ✔ Sending request to org 486ms
 ⢿ Waiting for the org to respond 4.77s
 ◼ Done

 Status: In Progress
 Elapsed Time: 5.27s

[2K[1A[2K[1A[2K[1A[2K[1A[2K[1A[2K[1A[2K[1A[2K[1A[2K[1A[2K[1A[2K[1A[2K[1A[2K[1A[2K[1A[2K[G
 ────────────── Retrieving Metadata ──────────────

 Retrieving v66.0 metadata from liam.jeong.c@fortra.com.uat using the v67.0 SOAP
  API

 ✔ Preparing retrieve request 3ms
 ✔ Sending request to org 486ms
 ⢿ Waiting for the org to respond 4.81s
 ◼ Done

 Status: In Progress
 Elapsed Time: 5.30s

[2K[1A[2K[1A[2K[1A[2K[1A[2K[1A[2K[1A[2K[1A[2K[1A[2K[1A[2K[1A[2K[1A[2K[1A[2K[1A[2K[1A[2K[G
 ────────────── Retrieving Metadata ──────────────

 Retrieving v66.0 metadata from liam.jeong.c@fortra.com.uat using the v67.0 SOAP
  API

 ✔ Preparing retrieve request 3ms
 ✔ Sending request to org 486ms
 ⡿ Waiting for the org to respond 4.84s
 ◼ Done

 Status: In Progress
 Elapsed Time: 5.33s

[2K[1A[2K[1A[2K[1A[2K[1A[2K[1A[2K[1A[2K[1A[2K[1A[2K[1A[2K[1A[2K[1A[2K[1A[2K[1A[2K[1A[2K[G
 ────────────── Retrieving Metadata ──────────────

 Retrieving v66.0 metadata from liam.jeong.c@fortra.com.uat using the v67.0 SOAP
  API

 ✔ Preparing retrieve request 3ms
 ✔ Sending request to org 486ms
 ⡿ Waiting for the org to respond 4.87s
 ◼ Done

 Status: In Progress
 Elapsed Time: 5.37s

[2K[1A[2K[1A[2K[1A[2K[1A[2K[1A[2K[1A[2K[1A[2K[1A[2K[1A[2K[1A[2K[1A[2K[1A[2K[1A[2K[1A[2K[G
 ────────────── Retrieving Metadata ──────────────

 Retrieving v66.0 metadata from liam.jeong.c@fortra.com.uat using the v67.0 SOAP
  API

 ✔ Preparing retrieve request 3ms
 ✔ Sending request to org 486ms
 ⣟ Waiting for the org to respond 4.90s
 ◼ Done

 Status: In Progress
 Elapsed Time: 5.40s

[2K[1A[2K[1A[2K[1A[2K[1A[2K[1A[2K[1A[2K[1A[2K[1A[2K[1A[2K[1A[2K[1A[2K[1A[2K[1A[2K[1A[2K[G
 ────────────── Retrieving Metadata ──────────────

 Retrieving v66.0 metadata from liam.jeong.c@fortra.com.uat using the v67.0 SOAP
  API

 ✔ Preparing retrieve request 3ms
 ✔ Sending request to org 486ms
 ⣟ Waiting for the org to respond 4.94s
 ◼ Done

 Status: In Progress
 Elapsed Time: 5.43s

[2K[1A[2K[1A[2K[1A[2K[1A[2K[1A[2K[1A[2K[1A[2K[1A[2K[1A[2K[1A[2K[1A[2K[1A[2K[1A[2K[1A[2K[G
 ────────────── Retrieving Metadata ──────────────

 Retrieving v66.0 metadata from liam.jeong.c@fortra.com.uat using the v67.0 SOAP
  API

 ✔ Preparing retrieve request 3ms
 ✔ Sending request to org 486ms
 ⣟ Waiting for the org to respond 4.97s
 ◼ Done

 Status: In Progress
 Elapsed Time: 5.46s

[2K[1A[2K[1A[2K[1A[2K[1A[2K[1A[2K[1A[2K[1A[2K[1A[2K[1A[2K[1A[2K[1A[2K[1A[2K[1A[2K[1A[2K[G
 ────────────── Retrieving Metadata ──────────────

 Retrieving v66.0 metadata from liam.jeong.c@fortra.com.uat using the v67.0 SOAP
  API

 ✔ Preparing retrieve request 3ms
 ✔ Sending request to org 486ms
 ⣯ Waiting for the org to respond 5.00s
 ◼ Done

 Status: In Progress
 Elapsed Time: 5.50s

[2K[1A[2K[1A[2K[1A[2K[1A[2K[1A[2K[1A[2K[1A[2K[1A[2K[1A[2K[1A[2K[1A[2K[1A[2K[1A[2K[1A[2K[G
 ────────────── Retrieving Metadata ──────────────

 Retrieving v66.0 metadata from liam.jeong.c@fortra.com.uat using the v67.0 SOAP
  API

 ✔ Preparing retrieve request 3ms
 ✔ Sending request to org 486ms
 ⣯ Waiting for the org to respond 5.04s
 ◼ Done

 Status: In Progress
 Elapsed Time: 5.53s

[2K[1A[2K[1A[2K[1A[2K[1A[2K[1A[2K[1A[2K[1A[2K[1A[2K[1A[2K[1A[2K[1A[2K[1A[2K[1A[2K[1A[2K[G
 ────────────── Retrieving Metadata ──────────────

 Retrieving v66.0 metadata from liam.jeong.c@fortra.com.uat using the v67.0 SOAP
  API

 ✔ Preparing retrieve request 3ms
 ✔ Sending request to org 486ms
 ⣷ Waiting for the org to respond 5.07s
 ◼ Done

 Status: In Progress
 Elapsed Time: 5.56s

[2K[1A[2K[1A[2K[1A[2K[1A[2K[1A[2K[1A[2K[1A[2K[1A[2K[1A[2K[1A[2K[1A[2K[1A[2K[1A[2K[1A[2K[G
 ────────────── Retrieving Metadata ──────────────

 Retrieving v66.0 metadata from liam.jeong.c@fortra.com.uat using the v67.0 SOAP
  API

 ✔ Preparing retrieve request 3ms
 ✔ Sending request to org 486ms
 ⣷ Waiting for the org to respond 5.10s
 ◼ Done

 Status: In Progress
 Elapsed Time: 5.59s

[2K[1A[2K[1A[2K[1A[2K[1A[2K[1A[2K[1A[2K[1A[2K[1A[2K[1A[2K[1A[2K[1A[2K[1A[2K[1A[2K[1A[2K[G
 ────────────── Retrieving Metadata ──────────────

 Retrieving v66.0 metadata from liam.jeong.c@fortra.com.uat using the v67.0 SOAP
  API

 ✔ Preparing retrieve request 3ms
 ✔ Sending request to org 486ms
 ⣷ Waiting for the org to respond 5.13s
 ◼ Done

 Status: In Progress
 Elapsed Time: 5.63s

[2K[1A[2K[1A[2K[1A[2K[1A[2K[1A[2K[1A[2K[1A[2K[1A[2K[1A[2K[1A[2K[1A[2K[1A[2K[1A[2K[1A[2K[G
 ────────────── Retrieving Metadata ──────────────

 Retrieving v66.0 metadata from liam.jeong.c@fortra.com.uat using the v67.0 SOAP
  API

 ✔ Preparing retrieve request 3ms
 ✔ Sending request to org 486ms
 ⣾ Waiting for the org to respond 5.16s
 ◼ Done

 Status: In Progress
 Elapsed Time: 5.66s

[2K[1A[2K[1A[2K[1A[2K[1A[2K[1A[2K[1A[2K[1A[2K[1A[2K[1A[2K[1A[2K[1A[2K[1A[2K[1A[2K[1A[2K[G
 ────────────── Retrieving Metadata ──────────────

 Retrieving v66.0 metadata from liam.jeong.c@fortra.com.uat using the v67.0 SOAP
  API

 ✔ Preparing retrieve request 3ms
 ✔ Sending request to org 486ms
 ⣾ Waiting for the org to respond 5.20s
 ◼ Done

 Status: In Progress
 Elapsed Time: 5.69s

[2K[1A[2K[1A[2K[1A[2K[1A[2K[1A[2K[1A[2K[1A[2K[1A[2K[1A[2K[1A[2K[1A[2K[1A[2K[1A[2K[1A[2K[G
 ────────────── Retrieving Metadata ──────────────

 Retrieving v66.0 metadata from liam.jeong.c@fortra.com.uat using the v67.0 SOAP
  API

 ✔ Preparing retrieve request 3ms
 ✔ Sending request to org 486ms
 ⣽ Waiting for the org to respond 5.23s
 ◼ Done

 Status: In Progress
 Elapsed Time: 5.72s

[2K[1A[2K[1A[2K[1A[2K[1A[2K[1A[2K[1A[2K[1A[2K[1A[2K[1A[2K[1A[2K[1A[2K[1A[2K[1A[2K[1A[2K[G
 ────────────── Retrieving Metadata ──────────────

 Retrieving v66.0 metadata from liam.jeong.c@fortra.com.uat using the v67.0 SOAP
  API

 ✔ Preparing retrieve request 3ms
 ✔ Sending request to org 486ms
 ⣽ Waiting for the org to respond 5.27s
 ◼ Done

 Status: In Progress
 Elapsed Time: 5.76s

[2K[1A[2K[1A[2K[1A[2K[1A[2K[1A[2K[1A[2K[1A[2K[1A[2K[1A[2K[1A[2K[1A[2K[1A[2K[1A[2K[1A[2K[G
 ────────────── Retrieving Metadata ──────────────

 Retrieving v66.0 metadata from liam.jeong.c@fortra.com.uat using the v67.0 SOAP
  API

 ✔ Preparing retrieve request 3ms
 ✔ Sending request to org 486ms
 ⣽ Waiting for the org to respond 5.30s
 ◼ Done

 Status: In Progress
 Elapsed Time: 5.79s

[2K[1A[2K[1A[2K[1A[2K[1A[2K[1A[2K[1A[2K[1A[2K[1A[2K[1A[2K[1A[2K[1A[2K[1A[2K[1A[2K[1A[2K[G
 ────────────── Retrieving Metadata ──────────────

 Retrieving v66.0 metadata from liam.jeong.c@fortra.com.uat using the v67.0 SOAP
  API

 ✔ Preparing retrieve request 3ms
 ✔ Sending request to org 486ms
 ⣻ Waiting for the org to respond 5.33s
 ◼ Done

 Status: In Progress
 Elapsed Time: 5.82s

[2K[1A[2K[1A[2K[1A[2K[1A[2K[1A[2K[1A[2K[1A[2K[1A[2K[1A[2K[1A[2K[1A[2K[1A[2K[1A[2K[1A[2K[G
 ────────────── Retrieving Metadata ──────────────

 Retrieving v66.0 metadata from liam.jeong.c@fortra.com.uat using the v67.0 SOAP
  API

 ✔ Preparing retrieve request 3ms
 ✔ Sending request to org 486ms
 ⣻ Waiting for the org to respond 5.38s
 ◼ Done

 Status: In Progress
 Elapsed Time: 5.85s

[2K[1A[2K[1A[2K[1A[2K[1A[2K[1A[2K[1A[2K[1A[2K[1A[2K[1A[2K[1A[2K[1A[2K[1A[2K[1A[2K[1A[2K[G
 ────────────── Retrieving Metadata ──────────────

 Retrieving v66.0 metadata from liam.jeong.c@fortra.com.uat using the v67.0 SOAP
  API

 ✔ Preparing retrieve request 3ms
 ✔ Sending request to org 486ms
 ⢿ Waiting for the org to respond 5.41s
 ◼ Done

 Status: In Progress
 Elapsed Time: 5.90s

[2K[1A[2K[1A[2K[1A[2K[1A[2K[1A[2K[1A[2K[1A[2K[1A[2K[1A[2K[1A[2K[1A[2K[1A[2K[1A[2K[1A[2K[G
 ────────────── Retrieving Metadata ──────────────

 Retrieving v66.0 metadata from liam.jeong.c@fortra.com.uat using the v67.0 SOAP
  API

 ✔ Preparing retrieve request 3ms
 ✔ Sending request to org 486ms
 ⢿ Waiting for the org to respond 5.44s
 ◼ Done

 Status: In Progress
 Elapsed Time: 5.94s

[2K[1A[2K[1A[2K[1A[2K[1A[2K[1A[2K[1A[2K[1A[2K[1A[2K[1A[2K[1A[2K[1A[2K[1A[2K[1A[2K[1A[2K[G
 ────────────── Retrieving Metadata ──────────────

 Retrieving v66.0 metadata from liam.jeong.c@fortra.com.uat using the v67.0 SOAP
  API

 ✔ Preparing retrieve request 3ms
 ✔ Sending request to org 486ms
 ⡿ Waiting for the org to respond 5.47s
 ◼ Done

 Status: In Progress
 Elapsed Time: 5.97s

[2K[1A[2K[1A[2K[1A[2K[1A[2K[1A[2K[1A[2K[1A[2K[1A[2K[1A[2K[1A[2K[1A[2K[1A[2K[1A[2K[1A[2K[G
 ────────────── Retrieving Metadata ──────────────

 Retrieving v66.0 metadata from liam.jeong.c@fortra.com.uat using the v67.0 SOAP
  API

 ✔ Preparing retrieve request 3ms
 ✔ Sending request to org 486ms
 ⡿ Waiting for the org to respond 5.50s
 ◼ Done

 Status: In Progress
 Elapsed Time: 6.00s

[2K[1A[2K[1A[2K[1A[2K[1A[2K[1A[2K[1A[2K[1A[2K[1A[2K[1A[2K[1A[2K[1A[2K[1A[2K[1A[2K[1A[2K[G
 ────────────── Retrieving Metadata ──────────────

 Retrieving v66.0 metadata from liam.jeong.c@fortra.com.uat using the v67.0 SOAP
  API

 ✔ Preparing retrieve request 3ms
 ✔ Sending request to org 486ms
 ⡿ Waiting for the org to respond 5.54s
 ◼ Done

 Status: In Progress
 Elapsed Time: 6.03s

[2K[1A[2K[1A[2K[1A[2K[1A[2K[1A[2K[1A[2K[1A[2K[1A[2K[1A[2K[1A[2K[1A[2K[1A[2K[1A[2K[1A[2K[G
 ────────────── Retrieving Metadata ──────────────

 Retrieving v66.0 metadata from liam.jeong.c@fortra.com.uat using the v67.0 SOAP
  API

 ✔ Preparing retrieve request 3ms
 ✔ Sending request to org 486ms
 ⣟ Waiting for the org to respond 5.57s
 ◼ Done

 Status: In Progress
 Elapsed Time: 6.06s

[2K[1A[2K[1A[2K[1A[2K[1A[2K[1A[2K[1A[2K[1A[2K[1A[2K[1A[2K[1A[2K[1A[2K[1A[2K[1A[2K[1A[2K[G
 ────────────── Retrieving Metadata ──────────────

 Retrieving v66.0 metadata from liam.jeong.c@fortra.com.uat using the v67.0 SOAP
  API

 ✔ Preparing retrieve request 3ms
 ✔ Sending request to org 486ms
 ⣟ Waiting for the org to respond 5.60s
 ◼ Done

 Status: In Progress
 Elapsed Time: 6.10s

[2K[1A[2K[1A[2K[1A[2K[1A[2K[1A[2K[1A[2K[1A[2K[1A[2K[1A[2K[1A[2K[1A[2K[1A[2K[1A[2K[1A[2K[G
 ────────────── Retrieving Metadata ──────────────

 Retrieving v66.0 metadata from liam.jeong.c@fortra.com.uat using the v67.0 SOAP
  API

 ✔ Preparing retrieve request 3ms
 ✔ Sending request to org 486ms
 ⣯ Waiting for the org to respond 5.63s
 ◼ Done

 Status: In Progress
 Elapsed Time: 6.13s

[2K[1A[2K[1A[2K[1A[2K[1A[2K[1A[2K[1A[2K[1A[2K[1A[2K[1A[2K[1A[2K[1A[2K[1A[2K[1A[2K[1A[2K[G
 ────────────── Retrieving Metadata ──────────────

 Retrieving v66.0 metadata from liam.jeong.c@fortra.com.uat using the v67.0 SOAP
  API

 ✔ Preparing retrieve request 3ms
 ✔ Sending request to org 486ms
 ⣯ Waiting for the org to respond 5.67s
 ◼ Done

 Status: In Progress
 Elapsed Time: 6.16s

[2K[1A[2K[1A[2K[1A[2K[1A[2K[1A[2K[1A[2K[1A[2K[1A[2K[1A[2K[1A[2K[1A[2K[1A[2K[1A[2K[1A[2K[G
 ────────────── Retrieving Metadata ──────────────

 Retrieving v66.0 metadata from liam.jeong.c@fortra.com.uat using the v67.0 SOAP
  API

 ✔ Preparing retrieve request 3ms
 ✔ Sending request to org 486ms
 ⣯ Waiting for the org to respond 5.70s
 ◼ Done

 Status: In Progress
 Elapsed Time: 6.19s

[2K[1A[2K[1A[2K[1A[2K[1A[2K[1A[2K[1A[2K[1A[2K[1A[2K[1A[2K[1A[2K[1A[2K[1A[2K[1A[2K[1A[2K[G
 ────────────── Retrieving Metadata ──────────────

 Retrieving v66.0 metadata from liam.jeong.c@fortra.com.uat using the v67.0 SOAP
  API

 ✔ Preparing retrieve request 3ms
 ✔ Sending request to org 486ms
 ⣷ Waiting for the org to respond 5.73s
 ◼ Done

 Status: In Progress
 Elapsed Time: 6.23s

[2K[1A[2K[1A[2K[1A[2K[1A[2K[1A[2K[1A[2K[1A[2K[1A[2K[1A[2K[1A[2K[1A[2K[1A[2K[1A[2K[1A[2K[G
 ────────────── Retrieving Metadata ──────────────

 Retrieving v66.0 metadata from liam.jeong.c@fortra.com.uat using the v67.0 SOAP
  API

 ✔ Preparing retrieve request 3ms
 ✔ Sending request to org 486ms
 ⣷ Waiting for the org to respond 5.77s
 ◼ Done

 Status: In Progress
 Elapsed Time: 6.25s

[2K[1A[2K[1A[2K[1A[2K[1A[2K[1A[2K[1A[2K[1A[2K[1A[2K[1A[2K[1A[2K[1A[2K[1A[2K[1A[2K[1A[2K[G
 ────────────── Retrieving Metadata ──────────────

 Retrieving v66.0 metadata from liam.jeong.c@fortra.com.uat using the v67.0 SOAP
  API

 ✔ Preparing retrieve request 3ms
 ✔ Sending request to org 486ms
 ⣾ Waiting for the org to respond 5.80s
 ◼ Done

 Status: In Progress
 Elapsed Time: 6.30s

[2K[1A[2K[1A[2K[1A[2K[1A[2K[1A[2K[1A[2K[1A[2K[1A[2K[1A[2K[1A[2K[1A[2K[1A[2K[1A[2K[1A[2K[G
 ────────────── Retrieving Metadata ──────────────

 Retrieving v66.0 metadata from liam.jeong.c@fortra.com.uat using the v67.0 SOAP
  API

 ✔ Preparing retrieve request 3ms
 ✔ Sending request to org 486ms
 ⣾ Waiting for the org to respond 5.84s
 ◼ Done

 Status: In Progress
 Elapsed Time: 6.33s

[2K[1A[2K[1A[2K[1A[2K[1A[2K[1A[2K[1A[2K[1A[2K[1A[2K[1A[2K[1A[2K[1A[2K[1A[2K[1A[2K[1A[2K[G
 ────────────── Retrieving Metadata ──────────────

 Retrieving v66.0 metadata from liam.jeong.c@fortra.com.uat using the v67.0 SOAP
  API

 ✔ Preparing retrieve request 3ms
 ✔ Sending request to org 486ms
 ⣾ Waiting for the org to respond 5.87s
 ◼ Done

 Status: In Progress
 Elapsed Time: 6.36s

[2K[1A[2K[1A[2K[1A[2K[1A[2K[1A[2K[1A[2K[1A[2K[1A[2K[1A[2K[1A[2K[1A[2K[1A[2K[1A[2K[1A[2K[G
 ────────────── Retrieving Metadata ──────────────

 Retrieving v66.0 metadata from liam.jeong.c@fortra.com.uat using the v67.0 SOAP
  API

 ✔ Preparing retrieve request 3ms
 ✔ Sending request to org 486ms
 ⣽ Waiting for the org to respond 5.90s
 ◼ Done

 Status: In Progress
 Elapsed Time: 6.39s

[2K[1A[2K[1A[2K[1A[2K[1A[2K[1A[2K[1A[2K[1A[2K[1A[2K[1A[2K[1A[2K[1A[2K[1A[2K[1A[2K[1A[2K[G
 ────────────── Retrieving Metadata ──────────────

 Retrieving v66.0 metadata from liam.jeong.c@fortra.com.uat using the v67.0 SOAP
  API

 ✔ Preparing retrieve request 3ms
 ✔ Sending request to org 486ms
 ⣽ Waiting for the org to respond 5.93s
 ◼ Done

 Status: In Progress
 Elapsed Time: 6.43s

[2K[1A[2K[1A[2K[1A[2K[1A[2K[1A[2K[1A[2K[1A[2K[1A[2K[1A[2K[1A[2K[1A[2K[1A[2K[1A[2K[1A[2K[G
 ────────────── Retrieving Metadata ──────────────

 Retrieving v66.0 metadata from liam.jeong.c@fortra.com.uat using the v67.0 SOAP
  API

 ✔ Preparing retrieve request 3ms
 ✔ Sending request to org 486ms
 ⣻ Waiting for the org to respond 5.96s
 ◼ Done

 Status: In Progress
 Elapsed Time: 6.45s

[2K[1A[2K[1A[2K[1A[2K[1A[2K[1A[2K[1A[2K[1A[2K[1A[2K[1A[2K[1A[2K[1A[2K[1A[2K[1A[2K[1A[2K[G
 ────────────── Retrieving Metadata ──────────────

 Retrieving v66.0 metadata from liam.jeong.c@fortra.com.uat using the v67.0 SOAP
  API

 ✔ Preparing retrieve request 3ms
 ✔ Sending request to org 486ms
 ⣻ Waiting for the org to respond 6.00s
 ◼ Done

 Status: In Progress
 Elapsed Time: 6.49s

[2K[1A[2K[1A[2K[1A[2K[1A[2K[1A[2K[1A[2K[1A[2K[1A[2K[1A[2K[1A[2K[1A[2K[1A[2K[1A[2K[1A[2K[G
 ────────────── Retrieving Metadata ──────────────

 Retrieving v66.0 metadata from liam.jeong.c@fortra.com.uat using the v67.0 SOAP
  API

 ✔ Preparing retrieve request 3ms
 ✔ Sending request to org 486ms
 ⣻ Waiting for the org to respond 6.03s
 ◼ Done

 Status: In Progress
 Elapsed Time: 6.52s

[2K[1A[2K[1A[2K[1A[2K[1A[2K[1A[2K[1A[2K[1A[2K[1A[2K[1A[2K[1A[2K[1A[2K[1A[2K[1A[2K[1A[2K[G
 ────────────── Retrieving Metadata ──────────────

 Retrieving v66.0 metadata from liam.jeong.c@fortra.com.uat using the v67.0 SOAP
  API

 ✔ Preparing retrieve request 3ms
 ✔ Sending request to org 486ms
 ⢿ Waiting for the org to respond 6.06s
 ◼ Done

 Status: In Progress
 Elapsed Time: 6.56s

[2K[1A[2K[1A[2K[1A[2K[1A[2K[1A[2K[1A[2K[1A[2K[1A[2K[1A[2K[1A[2K[1A[2K[1A[2K[1A[2K[1A[2K[G
 ────────────── Retrieving Metadata ──────────────

 Retrieving v66.0 metadata from liam.jeong.c@fortra.com.uat using the v67.0 SOAP
  API

 ✔ Preparing retrieve request 3ms
 ✔ Sending request to org 486ms
 ⢿ Waiting for the org to respond 6.10s
 ◼ Done

 Status: In Progress
 Elapsed Time: 6.59s

[2K[1A[2K[1A[2K[1A[2K[1A[2K[1A[2K[1A[2K[1A[2K[1A[2K[1A[2K[1A[2K[1A[2K[1A[2K[1A[2K[1A[2K[G
 ────────────── Retrieving Metadata ──────────────

 Retrieving v66.0 metadata from liam.jeong.c@fortra.com.uat using the v67.0 SOAP
  API

 ✔ Preparing retrieve request 3ms
 ✔ Sending request to org 486ms
 ⡿ Waiting for the org to respond 6.13s
 ◼ Done

 Status: In Progress
 Elapsed Time: 6.63s

[2K[1A[2K[1A[2K[1A[2K[1A[2K[1A[2K[1A[2K[1A[2K[1A[2K[1A[2K[1A[2K[1A[2K[1A[2K[1A[2K[1A[2K[G
 ────────────── Retrieving Metadata ──────────────

 Retrieving v66.0 metadata from liam.jeong.c@fortra.com.uat using the v67.0 SOAP
  API

 ✔ Preparing retrieve request 3ms
 ✔ Sending request to org 486ms
 ⡿ Waiting for the org to respond 6.17s
 ◼ Done

 Status: In Progress
 Elapsed Time: 6.65s

[2K[1A[2K[1A[2K[1A[2K[1A[2K[1A[2K[1A[2K[1A[2K[1A[2K[1A[2K[1A[2K[1A[2K[1A[2K[1A[2K[1A[2K[G
 ────────────── Retrieving Metadata ──────────────

 Retrieving v66.0 metadata from liam.jeong.c@fortra.com.uat using the v67.0 SOAP
  API

 ✔ Preparing retrieve request 3ms
 ✔ Sending request to org 486ms
 ⣟ Waiting for the org to respond 6.20s
 ◼ Done

 Status: In Progress
 Elapsed Time: 6.69s

[2K[1A[2K[1A[2K[1A[2K[1A[2K[1A[2K[1A[2K[1A[2K[1A[2K[1A[2K[1A[2K[1A[2K[1A[2K[1A[2K[1A[2K[G
 ────────────── Retrieving Metadata ──────────────

 Retrieving v66.0 metadata from liam.jeong.c@fortra.com.uat using the v67.0 SOAP
  API

 ✔ Preparing retrieve request 3ms
 ✔ Sending request to org 486ms
 ⣟ Waiting for the org to respond 6.23s
 ◼ Done

 Status: In Progress
 Elapsed Time: 6.72s

[2K[1A[2K[1A[2K[1A[2K[1A[2K[1A[2K[1A[2K[1A[2K[1A[2K[1A[2K[1A[2K[1A[2K[1A[2K[1A[2K[1A[2K[G
 ────────────── Retrieving Metadata ──────────────

 Retrieving v66.0 metadata from liam.jeong.c@fortra.com.uat using the v67.0 SOAP
  API

 ✔ Preparing retrieve request 3ms
 ✔ Sending request to org 486ms
 ⣟ Waiting for the org to respond 6.27s
 ◼ Done

 Status: In Progress
 Elapsed Time: 6.76s

[2K[1A[2K[1A[2K[1A[2K[1A[2K[1A[2K[1A[2K[1A[2K[1A[2K[1A[2K[1A[2K[1A[2K[1A[2K[1A[2K[1A[2K[G
 ────────────── Retrieving Metadata ──────────────

 Retrieving v66.0 metadata from liam.jeong.c@fortra.com.uat using the v67.0 SOAP
  API

 ✔ Preparing retrieve request 3ms
 ✔ Sending request to org 486ms
 ⣯ Waiting for the org to respond 6.30s
 ◼ Done

 Status: In Progress
 Elapsed Time: 6.79s

[2K[1A[2K[1A[2K[1A[2K[1A[2K[1A[2K[1A[2K[1A[2K[1A[2K[1A[2K[1A[2K[1A[2K[1A[2K[1A[2K[1A[2K[G
 ────────────── Retrieving Metadata ──────────────

 Retrieving v66.0 metadata from liam.jeong.c@fortra.com.uat using the v67.0 SOAP
  API

 ✔ Preparing retrieve request 3ms
 ✔ Sending request to org 486ms
 ⣯ Waiting for the org to respond 6.33s
 ◼ Done

 Status: In Progress
 Elapsed Time: 6.82s

[2K[1A[2K[1A[2K[1A[2K[1A[2K[1A[2K[1A[2K[1A[2K[1A[2K[1A[2K[1A[2K[1A[2K[1A[2K[1A[2K[1A[2K[G
 ────────────── Retrieving Metadata ──────────────

 Retrieving v66.0 metadata from liam.jeong.c@fortra.com.uat using the v67.0 SOAP
  API

 ✔ Preparing retrieve request 3ms
 ✔ Sending request to org 486ms
 ⣷ Waiting for the org to respond 6.36s
 ◼ Done

 Status: In Progress
 Elapsed Time: 6.86s

[2K[1A[2K[1A[2K[1A[2K[1A[2K[1A[2K[1A[2K[1A[2K[1A[2K[1A[2K[1A[2K[1A[2K[1A[2K[1A[2K[1A[2K[G
 ────────────── Retrieving Metadata ──────────────

 Retrieving v66.0 metadata from liam.jeong.c@fortra.com.uat using the v67.0 SOAP
  API

 ✔ Preparing retrieve request 3ms
 ✔ Sending request to org 486ms
 ⣷ Waiting for the org to respond 6.40s
 ◼ Done

 Status: In Progress
 Elapsed Time: 6.89s

[2K[1A[2K[1A[2K[1A[2K[1A[2K[1A[2K[1A[2K[1A[2K[1A[2K[1A[2K[1A[2K[1A[2K[1A[2K[1A[2K[1A[2K[G
 ────────────── Retrieving Metadata ──────────────

 Retrieving v66.0 metadata from liam.jeong.c@fortra.com.uat using the v67.0 SOAP
  API

 ✔ Preparing retrieve request 3ms
 ✔ Sending request to org 486ms
 ⣷ Waiting for the org to respond 6.43s
 ◼ Done

 Status: In Progress
 Elapsed Time: 6.92s

[2K[1A[2K[1A[2K[1A[2K[1A[2K[1A[2K[1A[2K[1A[2K[1A[2K[1A[2K[1A[2K[1A[2K[1A[2K[1A[2K[1A[2K[G
 ────────────── Retrieving Metadata ──────────────

 Retrieving v66.0 metadata from liam.jeong.c@fortra.com.uat using the v67.0 SOAP
  API

 ✔ Preparing retrieve request 3ms
 ✔ Sending request to org 486ms
 ⣾ Waiting for the org to respond 6.46s
 ◼ Done

 Status: In Progress
 Elapsed Time: 6.96s

[2K[1A[2K[1A[2K[1A[2K[1A[2K[1A[2K[1A[2K[1A[2K[1A[2K[1A[2K[1A[2K[1A[2K[1A[2K[1A[2K[1A[2K[G
 ────────────── Retrieving Metadata ──────────────

 Retrieving v66.0 metadata from liam.jeong.c@fortra.com.uat using the v67.0 SOAP
  API

 ✔ Preparing retrieve request 3ms
 ✔ Sending request to org 486ms
 ⣾ Waiting for the org to respond 6.50s
 ◼ Done

 Status: In Progress
 Elapsed Time: 6.99s

[2K[1A[2K[1A[2K[1A[2K[1A[2K[1A[2K[1A[2K[1A[2K[1A[2K[1A[2K[1A[2K[1A[2K[1A[2K[1A[2K[1A[2K[G
 ────────────── Retrieving Metadata ──────────────

 Retrieving v66.0 metadata from liam.jeong.c@fortra.com.uat using the v67.0 SOAP
  API

 ✔ Preparing retrieve request 3ms
 ✔ Sending request to org 486ms
 ⣽ Waiting for the org to respond 6.53s
 ◼ Done

 Status: In Progress
 Elapsed Time: 7.02s

[2K[1A[2K[1A[2K[1A[2K[1A[2K[1A[2K[1A[2K[1A[2K[1A[2K[1A[2K[1A[2K[1A[2K[1A[2K[1A[2K[1A[2K[G
 ────────────── Retrieving Metadata ──────────────

 Retrieving v66.0 metadata from liam.jeong.c@fortra.com.uat using the v67.0 SOAP
  API

 ✔ Preparing retrieve request 3ms
 ✔ Sending request to org 486ms
 ⣽ Waiting for the org to respond 6.56s
 ◼ Done

 Status: In Progress
 Elapsed Time: 7.05s

[2K[1A[2K[1A[2K[1A[2K[1A[2K[1A[2K[1A[2K[1A[2K[1A[2K[1A[2K[1A[2K[1A[2K[1A[2K[1A[2K[1A[2K[G
 ────────────── Retrieving Metadata ──────────────

 Retrieving v66.0 metadata from liam.jeong.c@fortra.com.uat using the v67.0 SOAP
  API

 ✔ Preparing retrieve request 3ms
 ✔ Sending request to org 486ms
 ⣻ Waiting for the org to respond 6.60s
 ◼ Done

 Status: In Progress
 Elapsed Time: 7.09s

[2K[1A[2K[1A[2K[1A[2K[1A[2K[1A[2K[1A[2K[1A[2K[1A[2K[1A[2K[1A[2K[1A[2K[1A[2K[1A[2K[1A[2K[G
 ────────────── Retrieving Metadata ──────────────

 Retrieving v66.0 metadata from liam.jeong.c@fortra.com.uat using the v67.0 SOAP
  API

 ✔ Preparing retrieve request 3ms
 ✔ Sending request to org 486ms
 ⣻ Waiting for the org to respond 6.63s
 ◼ Done

 Status: In Progress
 Elapsed Time: 7.12s

[2K[1A[2K[1A[2K[1A[2K[1A[2K[1A[2K[1A[2K[1A[2K[1A[2K[1A[2K[1A[2K[1A[2K[1A[2K[1A[2K[1A[2K[G
 ────────────── Retrieving Metadata ──────────────

 Retrieving v66.0 metadata from liam.jeong.c@fortra.com.uat using the v67.0 SOAP
  API

 ✔ Preparing retrieve request 3ms
 ✔ Sending request to org 486ms
 ⣻ Waiting for the org to respond 6.66s
 ◼ Done

 Status: In Progress
 Elapsed Time: 7.16s

[2K[1A[2K[1A[2K[1A[2K[1A[2K[1A[2K[1A[2K[1A[2K[1A[2K[1A[2K[1A[2K[1A[2K[1A[2K[1A[2K[1A[2K[G
 ────────────── Retrieving Metadata ──────────────

 Retrieving v66.0 metadata from liam.jeong.c@fortra.com.uat using the v67.0 SOAP
  API

 ✔ Preparing retrieve request 3ms
 ✔ Sending request to org 486ms
 ⢿ Waiting for the org to respond 6.69s
 ◼ Done

 Status: In Progress
 Elapsed Time: 7.19s

[2K[1A[2K[1A[2K[1A[2K[1A[2K[1A[2K[1A[2K[1A[2K[1A[2K[1A[2K[1A[2K[1A[2K[1A[2K[1A[2K[1A[2K[G
 ────────────── Retrieving Metadata ──────────────

 Retrieving v66.0 metadata from liam.jeong.c@fortra.com.uat using the v67.0 SOAP
  API

 ✔ Preparing retrieve request 3ms
 ✔ Sending request to org 486ms
 ⢿ Waiting for the org to respond 6.73s
 ◼ Done

 Status: In Progress
 Elapsed Time: 7.22s

[2K[1A[2K[1A[2K[1A[2K[1A[2K[1A[2K[1A[2K[1A[2K[1A[2K[1A[2K[1A[2K[1A[2K[1A[2K[1A[2K[1A[2K[G
 ────────────── Retrieving Metadata ──────────────

 Retrieving v66.0 metadata from liam.jeong.c@fortra.com.uat using the v67.0 SOAP
  API

 ✔ Preparing retrieve request 3ms
 ✔ Sending request to org 486ms
 ⢿ Waiting for the org to respond 6.76s
 ◼ Done

 Status: In Progress
 Elapsed Time: 7.25s

[2K[1A[2K[1A[2K[1A[2K[1A[2K[1A[2K[1A[2K[1A[2K[1A[2K[1A[2K[1A[2K[1A[2K[1A[2K[1A[2K[1A[2K[G
 ────────────── Retrieving Metadata ──────────────

 Retrieving v66.0 metadata from liam.jeong.c@fortra.com.uat using the v67.0 SOAP
  API

 ✔ Preparing retrieve request 3ms
 ✔ Sending request to org 486ms
 ⡿ Waiting for the org to respond 6.79s
 ◼ Done

 Status: In Progress
 Elapsed Time: 7.29s

[2K[1A[2K[1A[2K[1A[2K[1A[2K[1A[2K[1A[2K[1A[2K[1A[2K[1A[2K[1A[2K[1A[2K[1A[2K[1A[2K[1A[2K[G
 ────────────── Retrieving Metadata ──────────────

 Retrieving v66.0 metadata from liam.jeong.c@fortra.com.uat using the v67.0 SOAP
  API

 ✔ Preparing retrieve request 3ms
 ✔ Sending request to org 486ms
 ⡿ Waiting for the org to respond 6.83s
 ◼ Done

 Status: In Progress
 Elapsed Time: 7.32s

[2K[1A[2K[1A[2K[1A[2K[1A[2K[1A[2K[1A[2K[1A[2K[1A[2K[1A[2K[1A[2K[1A[2K[1A[2K[1A[2K[1A[2K[G
 ────────────── Retrieving Metadata ──────────────

 Retrieving v66.0 metadata from liam.jeong.c@fortra.com.uat using the v67.0 SOAP
  API

 ✔ Preparing retrieve request 3ms
 ✔ Sending request to org 486ms
 ⣟ Waiting for the org to respond 6.86s
 ◼ Done

 Status: In Progress
 Elapsed Time: 7.35s

[2K[1A[2K[1A[2K[1A[2K[1A[2K[1A[2K[1A[2K[1A[2K[1A[2K[1A[2K[1A[2K[1A[2K[1A[2K[1A[2K[1A[2K[G
 ────────────── Retrieving Metadata ──────────────

 Retrieving v66.0 metadata from liam.jeong.c@fortra.com.uat using the v67.0 SOAP
  API

 ✔ Preparing retrieve request 3ms
 ✔ Sending request to org 486ms
 ⣟ Waiting for the org to respond 6.89s
 ◼ Done

 Status: In Progress
 Elapsed Time: 7.39s

[2K[1A[2K[1A[2K[1A[2K[1A[2K[1A[2K[1A[2K[1A[2K[1A[2K[1A[2K[1A[2K[1A[2K[1A[2K[1A[2K[1A[2K[G
 ────────────── Retrieving Metadata ──────────────

 Retrieving v66.0 metadata from liam.jeong.c@fortra.com.uat using the v67.0 SOAP
  API

 ✔ Preparing retrieve request 3ms
 ✔ Sending request to org 486ms
 ⣟ Waiting for the org to respond 6.92s
 ◼ Done

 Status: In Progress
 Elapsed Time: 7.42s

[2K[1A[2K[1A[2K[1A[2K[1A[2K[1A[2K[1A[2K[1A[2K[1A[2K[1A[2K[1A[2K[1A[2K[1A[2K[1A[2K[1A[2K[G
 ────────────── Retrieving Metadata ──────────────

 Retrieving v66.0 metadata from liam.jeong.c@fortra.com.uat using the v67.0 SOAP
  API

 ✔ Preparing retrieve request 3ms
 ✔ Sending request to org 486ms
 ⣯ Waiting for the org to respond 6.96s
 ◼ Done

 Status: In Progress
 Elapsed Time: 7.45s

[2K[1A[2K[1A[2K[1A[2K[1A[2K[1A[2K[1A[2K[1A[2K[1A[2K[1A[2K[1A[2K[1A[2K[1A[2K[1A[2K[1A[2K[G
 ────────────── Retrieving Metadata ──────────────

 Retrieving v66.0 metadata from liam.jeong.c@fortra.com.uat using the v67.0 SOAP
  API

 ✔ Preparing retrieve request 3ms
 ✔ Sending request to org 486ms
 ⣯ Waiting for the org to respond 6.99s
 ◼ Done

 Status: In Progress
 Elapsed Time: 7.48s

[2K[1A[2K[1A[2K[1A[2K[1A[2K[1A[2K[1A[2K[1A[2K[1A[2K[1A[2K[1A[2K[1A[2K[1A[2K[1A[2K[1A[2K[G
 ────────────── Retrieving Metadata ──────────────

 Retrieving v66.0 metadata from liam.jeong.c@fortra.com.uat using the v67.0 SOAP
  API

 ✔ Preparing retrieve request 3ms
 ✔ Sending request to org 486ms
 ⣷ Waiting for the org to respond 7.02s
 ◼ Done

 Status: In Progress
 Elapsed Time: 7.51s

[2K[1A[2K[1A[2K[1A[2K[1A[2K[1A[2K[1A[2K[1A[2K[1A[2K[1A[2K[1A[2K[1A[2K[1A[2K[1A[2K[1A[2K[G
 ────────────── Retrieving Metadata ──────────────

 Retrieving v66.0 metadata from liam.jeong.c@fortra.com.uat using the v67.0 SOAP
  API

 ✔ Preparing retrieve request 3ms
 ✔ Sending request to org 486ms
 ⣷ Waiting for the org to respond 7.05s
 ◼ Done

 Status: In Progress
 Elapsed Time: 7.55s

[2K[1A[2K[1A[2K[1A[2K[1A[2K[1A[2K[1A[2K[1A[2K[1A[2K[1A[2K[1A[2K[1A[2K[1A[2K[1A[2K[1A[2K[G
 ────────────── Retrieving Metadata ──────────────

 Retrieving v66.0 metadata from liam.jeong.c@fortra.com.uat using the v67.0 SOAP
  API

 ✔ Preparing retrieve request 3ms
 ✔ Sending request to org 486ms
 ⣷ Waiting for the org to respond 7.09s
 ◼ Done

 Status: In Progress
 Elapsed Time: 7.58s

[2K[1A[2K[1A[2K[1A[2K[1A[2K[1A[2K[1A[2K[1A[2K[1A[2K[1A[2K[1A[2K[1A[2K[1A[2K[1A[2K[1A[2K[G
 ────────────── Retrieving Metadata ──────────────

 Retrieving v66.0 metadata from liam.jeong.c@fortra.com.uat using the v67.0 SOAP
  API

 ✔ Preparing retrieve request 3ms
 ✔ Sending request to org 486ms
 ⣾ Waiting for the org to respond 7.12s
 ◼ Done

 Status: In Progress
 Elapsed Time: 7.61s

[2K[1A[2K[1A[2K[1A[2K[1A[2K[1A[2K[1A[2K[1A[2K[1A[2K[1A[2K[1A[2K[1A[2K[1A[2K[1A[2K[1A[2K[G
 ────────────── Retrieving Metadata ──────────────

 Retrieving v66.0 metadata from liam.jeong.c@fortra.com.uat using the v67.0 SOAP
  API

 ✔ Preparing retrieve request 3ms
 ✔ Sending request to org 486ms
 ⣾ Waiting for the org to respond 7.15s
 ◼ Done

 Status: In Progress
 Elapsed Time: 7.64s

[2K[1A[2K[1A[2K[1A[2K[1A[2K[1A[2K[1A[2K[1A[2K[1A[2K[1A[2K[1A[2K[1A[2K[1A[2K[1A[2K[1A[2K[G
 ────────────── Retrieving Metadata ──────────────

 Retrieving v66.0 metadata from liam.jeong.c@fortra.com.uat using the v67.0 SOAP
  API

 ✔ Preparing retrieve request 3ms
 ✔ Sending request to org 486ms
 ⣽ Waiting for the org to respond 7.18s
 ◼ Done

 Status: In Progress
 Elapsed Time: 7.68s

[2K[1A[2K[1A[2K[1A[2K[1A[2K[1A[2K[1A[2K[1A[2K[1A[2K[1A[2K[1A[2K[1A[2K[1A[2K[1A[2K[1A[2K[G
 ────────────── Retrieving Metadata ──────────────

 Retrieving v66.0 metadata from liam.jeong.c@fortra.com.uat using the v67.0 SOAP
  API

 ✔ Preparing retrieve request 3ms
 ✔ Sending request to org 486ms
 ⣽ Waiting for the org to respond 7.21s
 ◼ Done

 Status: In Progress
 Elapsed Time: 7.71s

[2K[1A[2K[1A[2K[1A[2K[1A[2K[1A[2K[1A[2K[1A[2K[1A[2K[1A[2K[1A[2K[1A[2K[1A[2K[1A[2K[1A[2K[G
 ────────────── Retrieving Metadata ──────────────

 Retrieving v66.0 metadata from liam.jeong.c@fortra.com.uat using the v67.0 SOAP
  API

 ✔ Preparing retrieve request 3ms
 ✔ Sending request to org 486ms
 ⣽ Waiting for the org to respond 7.25s
 ◼ Done

 Status: In Progress
 Elapsed Time: 7.74s

[2K[1A[2K[1A[2K[1A[2K[1A[2K[1A[2K[1A[2K[1A[2K[1A[2K[1A[2K[1A[2K[1A[2K[1A[2K[1A[2K[1A[2K[G
 ────────────── Retrieving Metadata ──────────────

 Retrieving v66.0 metadata from liam.jeong.c@fortra.com.uat using the v67.0 SOAP
  API

 ✔ Preparing retrieve request 3ms
 ✔ Sending request to org 486ms
 ⣻ Waiting for the org to respond 7.28s
 ◼ Done

 Status: In Progress
 Elapsed Time: 7.77s

[2K[1A[2K[1A[2K[1A[2K[1A[2K[1A[2K[1A[2K[1A[2K[1A[2K[1A[2K[1A[2K[1A[2K[1A[2K[1A[2K[1A[2K[G
 ────────────── Retrieving Metadata ──────────────

 Retrieving v66.0 metadata from liam.jeong.c@fortra.com.uat using the v67.0 SOAP
  API

 ✔ Preparing retrieve request 3ms
 ✔ Sending request to org 486ms
 ⣻ Waiting for the org to respond 7.31s
 ◼ Done

 Status: In Progress
 Elapsed Time: 7.81s

[2K[1A[2K[1A[2K[1A[2K[1A[2K[1A[2K[1A[2K[1A[2K[1A[2K[1A[2K[1A[2K[1A[2K[1A[2K[1A[2K[1A[2K[G
 ────────────── Retrieving Metadata ──────────────

 Retrieving v66.0 metadata from liam.jeong.c@fortra.com.uat using the v67.0 SOAP
  API

 ✔ Preparing retrieve request 3ms
 ✔ Sending request to org 486ms
 ⢿ Waiting for the org to respond 7.34s
 ◼ Done

 Status: In Progress
 Elapsed Time: 7.84s

[2K[1A[2K[1A[2K[1A[2K[1A[2K[1A[2K[1A[2K[1A[2K[1A[2K[1A[2K[1A[2K[1A[2K[1A[2K[1A[2K[1A[2K[G
 ────────────── Retrieving Metadata ──────────────

 Retrieving v66.0 metadata from liam.jeong.c@fortra.com.uat using the v67.0 SOAP
  API

 ✔ Preparing retrieve request 3ms
 ✔ Sending request to org 486ms
 ⢿ Waiting for the org to respond 7.38s
 ◼ Done

 Status: In Progress
 Elapsed Time: 7.87s

[2K[1A[2K[1A[2K[1A[2K[1A[2K[1A[2K[1A[2K[1A[2K[1A[2K[1A[2K[1A[2K[1A[2K[1A[2K[1A[2K[1A[2K[G
 ────────────── Retrieving Metadata ──────────────

 Retrieving v66.0 metadata from liam.jeong.c@fortra.com.uat using the v67.0 SOAP
  API

 ✔ Preparing retrieve request 3ms
 ✔ Sending request to org 486ms
 ⢿ Waiting for the org to respond 7.41s
 ◼ Done

 Status: In Progress
 Elapsed Time: 7.90s

[2K[1A[2K[1A[2K[1A[2K[1A[2K[1A[2K[1A[2K[1A[2K[1A[2K[1A[2K[1A[2K[1A[2K[1A[2K[1A[2K[1A[2K[G
 ────────────── Retrieving Metadata ──────────────

 Retrieving v66.0 metadata from liam.jeong.c@fortra.com.uat using the v67.0 SOAP
  API

 ✔ Preparing retrieve request 3ms
 ✔ Sending request to org 486ms
 ⡿ Waiting for the org to respond 7.44s
 ◼ Done

 Status: In Progress
 Elapsed Time: 7.93s

[2K[1A[2K[1A[2K[1A[2K[1A[2K[1A[2K[1A[2K[1A[2K[1A[2K[1A[2K[1A[2K[1A[2K[1A[2K[1A[2K[1A[2K[G
 ────────────── Retrieving Metadata ──────────────

 Retrieving v66.0 metadata from liam.jeong.c@fortra.com.uat using the v67.0 SOAP
  API

 ✔ Preparing retrieve request 3ms
 ✔ Sending request to org 486ms
 ⡿ Waiting for the org to respond 7.48s
 ◼ Done

 Status: In Progress
 Elapsed Time: 7.97s

[2K[1A[2K[1A[2K[1A[2K[1A[2K[1A[2K[1A[2K[1A[2K[1A[2K[1A[2K[1A[2K[1A[2K[1A[2K[1A[2K[1A[2K[G
 ────────────── Retrieving Metadata ──────────────

 Retrieving v66.0 metadata from liam.jeong.c@fortra.com.uat using the v67.0 SOAP
  API

 ✔ Preparing retrieve request 3ms
 ✔ Sending request to org 486ms
 ⣟ Waiting for the org to respond 7.51s
 ◼ Done

 Status: In Progress
 Elapsed Time: 8.00s

[2K[1A[2K[1A[2K[1A[2K[1A[2K[1A[2K[1A[2K[1A[2K[1A[2K[1A[2K[1A[2K[1A[2K[1A[2K[1A[2K[1A[2K[G
 ────────────── Retrieving Metadata ──────────────

 Retrieving v66.0 metadata from liam.jeong.c@fortra.com.uat using the v67.0 SOAP
  API

 ✔ Preparing retrieve request 3ms
 ✔ Sending request to org 486ms
 ⣟ Waiting for the org to respond 7.54s
 ◼ Done

 Status: In Progress
 Elapsed Time: 8.03s

[2K[1A[2K[1A[2K[1A[2K[1A[2K[1A[2K[1A[2K[1A[2K[1A[2K[1A[2K[1A[2K[1A[2K[1A[2K[1A[2K[1A[2K[G
 ────────────── Retrieving Metadata ──────────────

 Retrieving v66.0 metadata from liam.jeong.c@fortra.com.uat using the v67.0 SOAP
  API

 ✔ Preparing retrieve request 3ms
 ✔ Sending request to org 486ms
 ⣟ Waiting for the org to respond 7.57s
 ◼ Done

 Status: In Progress
 Elapsed Time: 8.07s

[2K[1A[2K[1A[2K[1A[2K[1A[2K[1A[2K[1A[2K[1A[2K[1A[2K[1A[2K[1A[2K[1A[2K[1A[2K[1A[2K[1A[2K[G
 ────────────── Retrieving Metadata ──────────────

 Retrieving v66.0 metadata from liam.jeong.c@fortra.com.uat using the v67.0 SOAP
  API

 ✔ Preparing retrieve request 3ms
 ✔ Sending request to org 486ms
 ⣯ Waiting for the org to respond 7.60s
 ◼ Done

 Status: In Progress
 Elapsed Time: 8.10s

[2K[1A[2K[1A[2K[1A[2K[1A[2K[1A[2K[1A[2K[1A[2K[1A[2K[1A[2K[1A[2K[1A[2K[1A[2K[1A[2K[1A[2K[G
 ────────────── Retrieving Metadata ──────────────

 Retrieving v66.0 metadata from liam.jeong.c@fortra.com.uat using the v67.0 SOAP
  API

 ✔ Preparing retrieve request 3ms
 ✔ Sending request to org 486ms
 ⣯ Waiting for the org to respond 7.63s
 ◼ Done

 Status: In Progress
 Elapsed Time: 8.13s

[2K[1A[2K[1A[2K[1A[2K[1A[2K[1A[2K[1A[2K[1A[2K[1A[2K[1A[2K[1A[2K[1A[2K[1A[2K[1A[2K[1A[2K[G
 ────────────── Retrieving Metadata ──────────────

 Retrieving v66.0 metadata from liam.jeong.c@fortra.com.uat using the v67.0 SOAP
  API

 ✔ Preparing retrieve request 3ms
 ✔ Sending request to org 486ms
 ⣷ Waiting for the org to respond 7.67s
 ◼ Done

 Status: In Progress
 Elapsed Time: 8.16s

[2K[1A[2K[1A[2K[1A[2K[1A[2K[1A[2K[1A[2K[1A[2K[1A[2K[1A[2K[1A[2K[1A[2K[1A[2K[1A[2K[1A[2K[G
 ────────────── Retrieving Metadata ──────────────

 Retrieving v66.0 metadata from liam.jeong.c@fortra.com.uat using the v67.0 SOAP
  API

 ✔ Preparing retrieve request 3ms
 ✔ Sending request to org 486ms
 ⣷ Waiting for the org to respond 7.70s
 ◼ Done

 Status: In Progress
 Elapsed Time: 8.19s

[2K[1A[2K[1A[2K[1A[2K[1A[2K[1A[2K[1A[2K[1A[2K[1A[2K[1A[2K[1A[2K[1A[2K[1A[2K[1A[2K[1A[2K[G
 ────────────── Retrieving Metadata ──────────────

 Retrieving v66.0 metadata from liam.jeong.c@fortra.com.uat using the v67.0 SOAP
  API

 ✔ Preparing retrieve request 3ms
 ✔ Sending request to org 486ms
 ⣷ Waiting for the org to respond 7.73s
 ◼ Done

 Status: In Progress
 Elapsed Time: 8.23s

[2K[1A[2K[1A[2K[1A[2K[1A[2K[1A[2K[1A[2K[1A[2K[1A[2K[1A[2K[1A[2K[1A[2K[1A[2K[1A[2K[1A[2K[G
 ────────────── Retrieving Metadata ──────────────

 Retrieving v66.0 metadata from liam.jeong.c@fortra.com.uat using the v67.0 SOAP
  API

 ✔ Preparing retrieve request 3ms
 ✔ Sending request to org 486ms
 ⣾ Waiting for the org to respond 7.77s
 ◼ Done

 Status: In Progress
 Elapsed Time: 8.26s

[2K[1A[2K[1A[2K[1A[2K[1A[2K[1A[2K[1A[2K[1A[2K[1A[2K[1A[2K[1A[2K[1A[2K[1A[2K[1A[2K[1A[2K[G
 ────────────── Retrieving Metadata ──────────────

 Retrieving v66.0 metadata from liam.jeong.c@fortra.com.uat using the v67.0 SOAP
  API

 ✔ Preparing retrieve request 3ms
 ✔ Sending request to org 486ms
 ⣾ Waiting for the org to respond 7.80s
 ◼ Done

 Status: In Progress
 Elapsed Time: 8.29s

[2K[1A[2K[1A[2K[1A[2K[1A[2K[1A[2K[1A[2K[1A[2K[1A[2K[1A[2K[1A[2K[1A[2K[1A[2K[1A[2K[1A[2K[G
 ────────────── Retrieving Metadata ──────────────

 Retrieving v66.0 metadata from liam.jeong.c@fortra.com.uat using the v67.0 SOAP
  API

 ✔ Preparing retrieve request 3ms
 ✔ Sending request to org 486ms
 ⣽ Waiting for the org to respond 7.83s
 ◼ Done

 Status: In Progress
 Elapsed Time: 8.32s

[2K[1A[2K[1A[2K[1A[2K[1A[2K[1A[2K[1A[2K[1A[2K[1A[2K[1A[2K[1A[2K[1A[2K[1A[2K[1A[2K[1A[2K[G
 ────────────── Retrieving Metadata ──────────────

 Retrieving v66.0 metadata from liam.jeong.c@fortra.com.uat using the v67.0 SOAP
  API

 ✔ Preparing retrieve request 3ms
 ✔ Sending request to org 486ms
 ⣽ Waiting for the org to respond 7.86s
 ◼ Done

 Status: In Progress
 Elapsed Time: 8.36s

[2K[1A[2K[1A[2K[1A[2K[1A[2K[1A[2K[1A[2K[1A[2K[1A[2K[1A[2K[1A[2K[1A[2K[1A[2K[1A[2K[1A[2K[G
 ────────────── Retrieving Metadata ──────────────

 Retrieving v66.0 metadata from liam.jeong.c@fortra.com.uat using the v67.0 SOAP
  API

 ✔ Preparing retrieve request 3ms
 ✔ Sending request to org 486ms
 ⣽ Waiting for the org to respond 7.89s
 ◼ Done

 Status: In Progress
 Elapsed Time: 8.39s

[2K[1A[2K[1A[2K[1A[2K[1A[2K[1A[2K[1A[2K[1A[2K[1A[2K[1A[2K[1A[2K[1A[2K[1A[2K[1A[2K[1A[2K[G
 ────────────── Retrieving Metadata ──────────────

 Retrieving v66.0 metadata from liam.jeong.c@fortra.com.uat using the v67.0 SOAP
  API

 ✔ Preparing retrieve request 3ms
 ✔ Sending request to org 486ms
 ⣻ Waiting for the org to respond 7.92s
 ◼ Done

 Status: In Progress
 Elapsed Time: 8.42s

[2K[1A[2K[1A[2K[1A[2K[1A[2K[1A[2K[1A[2K[1A[2K[1A[2K[1A[2K[1A[2K[1A[2K[1A[2K[1A[2K[1A[2K[G
 ────────────── Retrieving Metadata ──────────────

 Retrieving v66.0 metadata from liam.jeong.c@fortra.com.uat using the v67.0 SOAP
  API

 ✔ Preparing retrieve request 3ms
 ✔ Sending request to org 486ms
 ⣻ Waiting for the org to respond 7.96s
 ◼ Done

 Status: In Progress
 Elapsed Time: 8.45s

[2K[1A[2K[1A[2K[1A[2K[1A[2K[1A[2K[1A[2K[1A[2K[1A[2K[1A[2K[1A[2K[1A[2K[1A[2K[1A[2K[1A[2K[G
 ────────────── Retrieving Metadata ──────────────

 Retrieving v66.0 metadata from liam.jeong.c@fortra.com.uat using the v67.0 SOAP
  API

 ✔ Preparing retrieve request 3ms
 ✔ Sending request to org 486ms
 ⢿ Waiting for the org to respond 7.99s
 ◼ Done

 Status: In Progress
 Elapsed Time: 8.48s

[2K[1A[2K[1A[2K[1A[2K[1A[2K[1A[2K[1A[2K[1A[2K[1A[2K[1A[2K[1A[2K[1A[2K[1A[2K[1A[2K[1A[2K[G
 ────────────── Retrieving Metadata ──────────────

 Retrieving v66.0 metadata from liam.jeong.c@fortra.com.uat using the v67.0 SOAP
  API

 ✔ Preparing retrieve request 3ms
 ✔ Sending request to org 486ms
 ⢿ Waiting for the org to respond 8.02s
 ◼ Done

 Status: In Progress
 Elapsed Time: 8.52s

[2K[1A[2K[1A[2K[1A[2K[1A[2K[1A[2K[1A[2K[1A[2K[1A[2K[1A[2K[1A[2K[1A[2K[1A[2K[1A[2K[1A[2K[G
 ────────────── Retrieving Metadata ──────────────

 Retrieving v66.0 metadata from liam.jeong.c@fortra.com.uat using the v67.0 SOAP
  API

 ✔ Preparing retrieve request 3ms
 ✔ Sending request to org 486ms
 ⢿ Waiting for the org to respond 8.05s
 ◼ Done

 Status: In Progress
 Elapsed Time: 8.55s

[2K[1A[2K[1A[2K[1A[2K[1A[2K[1A[2K[1A[2K[1A[2K[1A[2K[1A[2K[1A[2K[1A[2K[1A[2K[1A[2K[1A[2K[G
 ────────────── Retrieving Metadata ──────────────

 Retrieving v66.0 metadata from liam.jeong.c@fortra.com.uat using the v67.0 SOAP
  API

 ✔ Preparing retrieve request 3ms
 ✔ Sending request to org 486ms
 ⡿ Waiting for the org to respond 8.09s
 ◼ Done

 Status: In Progress
 Elapsed Time: 8.58s

[2K[1A[2K[1A[2K[1A[2K[1A[2K[1A[2K[1A[2K[1A[2K[1A[2K[1A[2K[1A[2K[1A[2K[1A[2K[1A[2K[1A[2K[G
 ────────────── Retrieving Metadata ──────────────

 Retrieving v66.0 metadata from liam.jeong.c@fortra.com.uat using the v67.0 SOAP
  API

 ✔ Preparing retrieve request 3ms
 ✔ Sending request to org 486ms
 ⡿ Waiting for the org to respond 8.12s
 ◼ Done

 Status: In Progress
 Elapsed Time: 8.61s

[2K[1A[2K[1A[2K[1A[2K[1A[2K[1A[2K[1A[2K[1A[2K[1A[2K[1A[2K[1A[2K[1A[2K[1A[2K[1A[2K[1A[2K[G
 ────────────── Retrieving Metadata ──────────────

 Retrieving v66.0 metadata from liam.jeong.c@fortra.com.uat using the v67.0 SOAP
  API

 ✔ Preparing retrieve request 3ms
 ✔ Sending request to org 486ms
 ⣟ Waiting for the org to respond 8.15s
 ◼ Done

 Status: In Progress
 Elapsed Time: 8.64s

[2K[1A[2K[1A[2K[1A[2K[1A[2K[1A[2K[1A[2K[1A[2K[1A[2K[1A[2K[1A[2K[1A[2K[1A[2K[1A[2K[1A[2K[G
 ────────────── Retrieving Metadata ──────────────

 Retrieving v66.0 metadata from liam.jeong.c@fortra.com.uat using the v67.0 SOAP
  API

 ✔ Preparing retrieve request 3ms
 ✔ Sending request to org 486ms
 ⣟ Waiting for the org to respond 8.18s
 ◼ Done

 Status: In Progress
 Elapsed Time: 8.68s

[2K[1A[2K[1A[2K[1A[2K[1A[2K[1A[2K[1A[2K[1A[2K[1A[2K[1A[2K[1A[2K[1A[2K[1A[2K[1A[2K[1A[2K[G
 ────────────── Retrieving Metadata ──────────────

 Retrieving v66.0 metadata from liam.jeong.c@fortra.com.uat using the v67.0 SOAP
  API

 ✔ Preparing retrieve request 3ms
 ✔ Sending request to org 486ms
 ⣯ Waiting for the org to respond 8.22s
 ◼ Done

 Status: In Progress
 Elapsed Time: 8.71s

[2K[1A[2K[1A[2K[1A[2K[1A[2K[1A[2K[1A[2K[1A[2K[1A[2K[1A[2K[1A[2K[1A[2K[1A[2K[1A[2K[1A[2K[G
 ────────────── Retrieving Metadata ──────────────

 Retrieving v66.0 metadata from liam.jeong.c@fortra.com.uat using the v67.0 SOAP
  API

 ✔ Preparing retrieve request 3ms
 ✔ Sending request to org 486ms
 ⣯ Waiting for the org to respond 8.25s
 ◼ Done

 Status: In Progress
 Elapsed Time: 8.74s

[2K[1A[2K[1A[2K[1A[2K[1A[2K[1A[2K[1A[2K[1A[2K[1A[2K[1A[2K[1A[2K[1A[2K[1A[2K[1A[2K[1A[2K[G
 ────────────── Retrieving Metadata ──────────────

 Retrieving v66.0 metadata from liam.jeong.c@fortra.com.uat using the v67.0 SOAP
  API

 ✔ Preparing retrieve request 3ms
 ✔ Sending request to org 486ms
 ⣯ Waiting for the org to respond 8.28s
 ◼ Done

 Status: In Progress
 Elapsed Time: 8.77s

[2K[1A[2K[1A[2K[1A[2K[1A[2K[1A[2K[1A[2K[1A[2K[1A[2K[1A[2K[1A[2K[1A[2K[1A[2K[1A[2K[1A[2K[G
 ────────────── Retrieving Metadata ──────────────

 Retrieving v66.0 metadata from liam.jeong.c@fortra.com.uat using the v67.0 SOAP
  API

 ✔ Preparing retrieve request 3ms
 ✔ Sending request to org 486ms
 ⣷ Waiting for the org to respond 8.31s
 ◼ Done

 Status: In Progress
 Elapsed Time: 8.81s

[2K[1A[2K[1A[2K[1A[2K[1A[2K[1A[2K[1A[2K[1A[2K[1A[2K[1A[2K[1A[2K[1A[2K[1A[2K[1A[2K[1A[2K[G
 ────────────── Retrieving Metadata ──────────────

 Retrieving v66.0 metadata from liam.jeong.c@fortra.com.uat using the v67.0 SOAP
  API

 ✔ Preparing retrieve request 3ms
 ✔ Sending request to org 486ms
 ⣷ Waiting for the org to respond 8.34s
 ◼ Done

 Status: In Progress
 Elapsed Time: 8.84s

[2K[1A[2K[1A[2K[1A[2K[1A[2K[1A[2K[1A[2K[1A[2K[1A[2K[1A[2K[1A[2K[1A[2K[1A[2K[1A[2K[1A[2K[G
 ────────────── Retrieving Metadata ──────────────

 Retrieving v66.0 metadata from liam.jeong.c@fortra.com.uat using the v67.0 SOAP
  API

 ✔ Preparing retrieve request 3ms
 ✔ Sending request to org 486ms
 ⣾ Waiting for the org to respond 8.38s
 ◼ Done

 Status: In Progress
 Elapsed Time: 8.87s

[2K[1A[2K[1A[2K[1A[2K[1A[2K[1A[2K[1A[2K[1A[2K[1A[2K[1A[2K[1A[2K[1A[2K[1A[2K[1A[2K[1A[2K[G
 ────────────── Retrieving Metadata ──────────────

 Retrieving v66.0 metadata from liam.jeong.c@fortra.com.uat using the v67.0 SOAP
  API

 ✔ Preparing retrieve request 3ms
 ✔ Sending request to org 486ms
 ⣾ Waiting for the org to respond 8.41s
 ◼ Done

 Status: In Progress
 Elapsed Time: 8.90s

[2K[1A[2K[1A[2K[1A[2K[1A[2K[1A[2K[1A[2K[1A[2K[1A[2K[1A[2K[1A[2K[1A[2K[1A[2K[1A[2K[1A[2K[G
 ────────────── Retrieving Metadata ──────────────

 Retrieving v66.0 metadata from liam.jeong.c@fortra.com.uat using the v67.0 SOAP
  API

 ✔ Preparing retrieve request 3ms
 ✔ Sending request to org 486ms
 ⣾ Waiting for the org to respond 8.44s
 ◼ Done

 Status: In Progress
 Elapsed Time: 8.93s

[2K[1A[2K[1A[2K[1A[2K[1A[2K[1A[2K[1A[2K[1A[2K[1A[2K[1A[2K[1A[2K[1A[2K[1A[2K[1A[2K[1A[2K[G
 ────────────── Retrieving Metadata ──────────────

 Retrieving v66.0 metadata from liam.jeong.c@fortra.com.uat using the v67.0 SOAP
  API

 ✔ Preparing retrieve request 3ms
 ✔ Sending request to org 486ms
 ⣽ Waiting for the org to respond 8.47s
 ◼ Done

 Status: In Progress
 Elapsed Time: 8.97s

[2K[1A[2K[1A[2K[1A[2K[1A[2K[1A[2K[1A[2K[1A[2K[1A[2K[1A[2K[1A[2K[1A[2K[1A[2K[1A[2K[1A[2K[G
 ────────────── Retrieving Metadata ──────────────

 Retrieving v66.0 metadata from liam.jeong.c@fortra.com.uat using the v67.0 SOAP
  API

 ✔ Preparing retrieve request 3ms
 ✔ Sending request to org 486ms
 ⣽ Waiting for the org to respond 8.51s
 ◼ Done

 Status: In Progress
 Elapsed Time: 9.00s

[2K[1A[2K[1A[2K[1A[2K[1A[2K[1A[2K[1A[2K[1A[2K[1A[2K[1A[2K[1A[2K[1A[2K[1A[2K[1A[2K[1A[2K[G
 ────────────── Retrieving Metadata ──────────────

 Retrieving v66.0 metadata from liam.jeong.c@fortra.com.uat using the v67.0 SOAP
  API

 ✔ Preparing retrieve request 3ms
 ✔ Sending request to org 486ms
 ⣻ Waiting for the org to respond 8.54s
 ◼ Done

 Status: In Progress
 Elapsed Time: 9.04s

[2K[1A[2K[1A[2K[1A[2K[1A[2K[1A[2K[1A[2K[1A[2K[1A[2K[1A[2K[1A[2K[1A[2K[1A[2K[1A[2K[1A[2K[G
 ────────────── Retrieving Metadata ──────────────

 Retrieving v66.0 metadata from liam.jeong.c@fortra.com.uat using the v67.0 SOAP
  API

 ✔ Preparing retrieve request 3ms
 ✔ Sending request to org 486ms
 ⣻ Waiting for the org to respond 8.58s
 ◼ Done

 Status: In Progress
 Elapsed Time: 9.07s

[2K[1A[2K[1A[2K[1A[2K[1A[2K[1A[2K[1A[2K[1A[2K[1A[2K[1A[2K[1A[2K[1A[2K[1A[2K[1A[2K[1A[2K[G
 ────────────── Retrieving Metadata ──────────────

 Retrieving v66.0 metadata from liam.jeong.c@fortra.com.uat using the v67.0 SOAP
  API

 ✔ Preparing retrieve request 3ms
 ✔ Sending request to org 486ms
 ⣻ Waiting for the org to respond 8.61s
 ◼ Done

 Status: In Progress
 Elapsed Time: 9.10s

[2K[1A[2K[1A[2K[1A[2K[1A[2K[1A[2K[1A[2K[1A[2K[1A[2K[1A[2K[1A[2K[1A[2K[1A[2K[1A[2K[1A[2K[G
 ────────────── Retrieving Metadata ──────────────

 Retrieving v66.0 metadata from liam.jeong.c@fortra.com.uat using the v67.0 SOAP
  API

 ✔ Preparing retrieve request 3ms
 ✔ Sending request to org 486ms
 ⢿ Waiting for the org to respond 8.64s
 ◼ Done

 Status: In Progress
 Elapsed Time: 9.14s

[2K[1A[2K[1A[2K[1A[2K[1A[2K[1A[2K[1A[2K[1A[2K[1A[2K[1A[2K[1A[2K[1A[2K[1A[2K[1A[2K[1A[2K[G
 ────────────── Retrieving Metadata ──────────────

 Retrieving v66.0 metadata from liam.jeong.c@fortra.com.uat using the v67.0 SOAP
  API

 ✔ Preparing retrieve request 3ms
 ✔ Sending request to org 486ms
 ⢿ Waiting for the org to respond 8.68s
 ◼ Done

 Status: In Progress
 Elapsed Time: 9.17s

[2K[1A[2K[1A[2K[1A[2K[1A[2K[1A[2K[1A[2K[1A[2K[1A[2K[1A[2K[1A[2K[1A[2K[1A[2K[1A[2K[1A[2K[G
 ────────────── Retrieving Metadata ──────────────

 Retrieving v66.0 metadata from liam.jeong.c@fortra.com.uat using the v67.0 SOAP
  API

 ✔ Preparing retrieve request 3ms
 ✔ Sending request to org 486ms
 ⡿ Waiting for the org to respond 8.71s
 ◼ Done

 Status: In Progress
 Elapsed Time: 9.20s

[2K[1A[2K[1A[2K[1A[2K[1A[2K[1A[2K[1A[2K[1A[2K[1A[2K[1A[2K[1A[2K[1A[2K[1A[2K[1A[2K[1A[2K[G
 ────────────── Retrieving Metadata ──────────────

 Retrieving v66.0 metadata from liam.jeong.c@fortra.com.uat using the v67.0 SOAP
  API

 ✔ Preparing retrieve request 3ms
 ✔ Sending request to org 486ms
 ⡿ Waiting for the org to respond 8.74s
 ◼ Done

 Status: In Progress
 Elapsed Time: 9.24s

[2K[1A[2K[1A[2K[1A[2K[1A[2K[1A[2K[1A[2K[1A[2K[1A[2K[1A[2K[1A[2K[1A[2K[1A[2K[1A[2K[1A[2K[G
 ────────────── Retrieving Metadata ──────────────

 Retrieving v66.0 metadata from liam.jeong.c@fortra.com.uat using the v67.0 SOAP
  API

 ✔ Preparing retrieve request 3ms
 ✔ Sending request to org 486ms
 ⡿ Waiting for the org to respond 8.77s
 ◼ Done

 Status: In Progress
 Elapsed Time: 9.27s

[2K[1A[2K[1A[2K[1A[2K[1A[2K[1A[2K[1A[2K[1A[2K[1A[2K[1A[2K[1A[2K[1A[2K[1A[2K[1A[2K[1A[2K[G
 ────────────── Retrieving Metadata ──────────────

 Retrieving v66.0 metadata from liam.jeong.c@fortra.com.uat using the v67.0 SOAP
  API

 ✔ Preparing retrieve request 3ms
 ✔ Sending request to org 486ms
 ⣟ Waiting for the org to respond 8.81s
 ◼ Done

 Status: In Progress
 Elapsed Time: 9.30s

[2K[1A[2K[1A[2K[1A[2K[1A[2K[1A[2K[1A[2K[1A[2K[1A[2K[1A[2K[1A[2K[1A[2K[1A[2K[1A[2K[1A[2K[G
 ────────────── Retrieving Metadata ──────────────

 Retrieving v66.0 metadata from liam.jeong.c@fortra.com.uat using the v67.0 SOAP
  API

 ✔ Preparing retrieve request 3ms
 ✔ Sending request to org 486ms
 ⣟ Waiting for the org to respond 8.84s
 ◼ Done

 Status: In Progress
 Elapsed Time: 9.33s

[2K[1A[2K[1A[2K[1A[2K[1A[2K[1A[2K[1A[2K[1A[2K[1A[2K[1A[2K[1A[2K[1A[2K[1A[2K[1A[2K[1A[2K[G
 ────────────── Retrieving Metadata ──────────────

 Retrieving v66.0 metadata from liam.jeong.c@fortra.com.uat using the v67.0 SOAP
  API

 ✔ Preparing retrieve request 3ms
 ✔ Sending request to org 486ms
 ⣯ Waiting for the org to respond 8.87s
 ◼ Done

 Status: In Progress
 Elapsed Time: 9.36s

[2K[1A[2K[1A[2K[1A[2K[1A[2K[1A[2K[1A[2K[1A[2K[1A[2K[1A[2K[1A[2K[1A[2K[1A[2K[1A[2K[1A[2K[G
 ────────────── Retrieving Metadata ──────────────

 Retrieving v66.0 metadata from liam.jeong.c@fortra.com.uat using the v67.0 SOAP
  API

 ✔ Preparing retrieve request 3ms
 ✔ Sending request to org 486ms
 ⣯ Waiting for the org to respond 8.90s
 ◼ Done

 Status: In Progress
 Elapsed Time: 9.40s

[2K[1A[2K[1A[2K[1A[2K[1A[2K[1A[2K[1A[2K[1A[2K[1A[2K[1A[2K[1A[2K[1A[2K[1A[2K[1A[2K[1A[2K[G
 ────────────── Retrieving Metadata ──────────────

 Retrieving v66.0 metadata from liam.jeong.c@fortra.com.uat using the v67.0 SOAP
  API

 ✔ Preparing retrieve request 3ms
 ✔ Sending request to org 486ms
 ⣯ Waiting for the org to respond 8.93s
 ◼ Done

 Status: In Progress
 Elapsed Time: 9.43s

[2K[1A[2K[1A[2K[1A[2K[1A[2K[1A[2K[1A[2K[1A[2K[1A[2K[1A[2K[1A[2K[1A[2K[1A[2K[1A[2K[1A[2K[G
 ────────────── Retrieving Metadata ──────────────

 Retrieving v66.0 metadata from liam.jeong.c@fortra.com.uat using the v67.0 SOAP
  API

 ✔ Preparing retrieve request 3ms
 ✔ Sending request to org 486ms
 ⣷ Waiting for the org to respond 8.97s
 ◼ Done

 Status: In Progress
 Elapsed Time: 9.46s

[2K[1A[2K[1A[2K[1A[2K[1A[2K[1A[2K[1A[2K[1A[2K[1A[2K[1A[2K[1A[2K[1A[2K[1A[2K[1A[2K[1A[2K[G
 ────────────── Retrieving Metadata ──────────────

 Retrieving v66.0 metadata from liam.jeong.c@fortra.com.uat using the v67.0 SOAP
  API

 ✔ Preparing retrieve request 3ms
 ✔ Sending request to org 486ms
 ⣷ Waiting for the org to respond 9.00s
 ◼ Done

 Status: In Progress
 Elapsed Time: 9.49s

[2K[1A[2K[1A[2K[1A[2K[1A[2K[1A[2K[1A[2K[1A[2K[1A[2K[1A[2K[1A[2K[1A[2K[1A[2K[1A[2K[1A[2K[G
 ────────────── Retrieving Metadata ──────────────

 Retrieving v66.0 metadata from liam.jeong.c@fortra.com.uat using the v67.0 SOAP
  API

 ✔ Preparing retrieve request 3ms
 ✔ Sending request to org 486ms
 ⣾ Waiting for the org to respond 9.03s
 ◼ Done

 Status: In Progress
 Elapsed Time: 9.52s

[2K[1A[2K[1A[2K[1A[2K[1A[2K[1A[2K[1A[2K[1A[2K[1A[2K[1A[2K[1A[2K[1A[2K[1A[2K[1A[2K[1A[2K[G
 ────────────── Retrieving Metadata ──────────────

 Retrieving v66.0 metadata from liam.jeong.c@fortra.com.uat using the v67.0 SOAP
  API

 ✔ Preparing retrieve request 3ms
 ✔ Sending request to org 486ms
 ⣾ Waiting for the org to respond 9.06s
 ◼ Done

 Status: In Progress
 Elapsed Time: 9.56s

[2K[1A[2K[1A[2K[1A[2K[1A[2K[1A[2K[1A[2K[1A[2K[1A[2K[1A[2K[1A[2K[1A[2K[1A[2K[1A[2K[1A[2K[G
 ────────────── Retrieving Metadata ──────────────

 Retrieving v66.0 metadata from liam.jeong.c@fortra.com.uat using the v67.0 SOAP
  API

 ✔ Preparing retrieve request 3ms
 ✔ Sending request to org 486ms
 ⣾ Waiting for the org to respond 9.10s
 ◼ Done

 Status: In Progress
 Elapsed Time: 9.59s

[2K[1A[2K[1A[2K[1A[2K[1A[2K[1A[2K[1A[2K[1A[2K[1A[2K[1A[2K[1A[2K[1A[2K[1A[2K[1A[2K[1A[2K[G
 ────────────── Retrieving Metadata ──────────────

 Retrieving v66.0 metadata from liam.jeong.c@fortra.com.uat using the v67.0 SOAP
  API

 ✔ Preparing retrieve request 3ms
 ✔ Sending request to org 486ms
 ⣽ Waiting for the org to respond 9.13s
 ◼ Done

 Status: In Progress
 Elapsed Time: 9.62s

[2K[1A[2K[1A[2K[1A[2K[1A[2K[1A[2K[1A[2K[1A[2K[1A[2K[1A[2K[1A[2K[1A[2K[1A[2K[1A[2K[1A[2K[G
 ────────────── Retrieving Metadata ──────────────

 Retrieving v66.0 metadata from liam.jeong.c@fortra.com.uat using the v67.0 SOAP
  API

 ✔ Preparing retrieve request 3ms
 ✔ Sending request to org 486ms
 ⣽ Waiting for the org to respond 9.16s
 ◼ Done

 Status: In Progress
 Elapsed Time: 9.65s

[2K[1A[2K[1A[2K[1A[2K[1A[2K[1A[2K[1A[2K[1A[2K[1A[2K[1A[2K[1A[2K[1A[2K[1A[2K[1A[2K[1A[2K[G
 ────────────── Retrieving Metadata ──────────────

 Retrieving v66.0 metadata from liam.jeong.c@fortra.com.uat using the v67.0 SOAP
  API

 ✔ Preparing retrieve request 3ms
 ✔ Sending request to org 486ms
 ⣻ Waiting for the org to respond 9.19s
 ◼ Done

 Status: In Progress
 Elapsed Time: 9.69s

[2K[1A[2K[1A[2K[1A[2K[1A[2K[1A[2K[1A[2K[1A[2K[1A[2K[1A[2K[1A[2K[1A[2K[1A[2K[1A[2K[1A[2K[G
 ────────────── Retrieving Metadata ──────────────

 Retrieving v66.0 metadata from liam.jeong.c@fortra.com.uat using the v67.0 SOAP
  API

 ✔ Preparing retrieve request 3ms
 ✔ Sending request to org 486ms
 ⣻ Waiting for the org to respond 9.22s
 ◼ Done

 Status: In Progress
 Elapsed Time: 9.72s

[2K[1A[2K[1A[2K[1A[2K[1A[2K[1A[2K[1A[2K[1A[2K[1A[2K[1A[2K[1A[2K[1A[2K[1A[2K[1A[2K[1A[2K[G
 ────────────── Retrieving Metadata ──────────────

 Retrieving v66.0 metadata from liam.jeong.c@fortra.com.uat using the v67.0 SOAP
  API

 ✔ Preparing retrieve request 3ms
 ✔ Sending request to org 486ms
 ⣻ Waiting for the org to respond 9.26s
 ◼ Done

 Status: In Progress
 Elapsed Time: 9.75s

[2K[1A[2K[1A[2K[1A[2K[1A[2K[1A[2K[1A[2K[1A[2K[1A[2K[1A[2K[1A[2K[1A[2K[1A[2K[1A[2K[1A[2K[G
 ────────────── Retrieving Metadata ──────────────

 Retrieving v66.0 metadata from liam.jeong.c@fortra.com.uat using the v67.0 SOAP
  API

 ✔ Preparing retrieve request 3ms
 ✔ Sending request to org 486ms
 ⢿ Waiting for the org to respond 9.29s
 ◼ Done

 Status: In Progress
 Elapsed Time: 9.78s

[2K[1A[2K[1A[2K[1A[2K[1A[2K[1A[2K[1A[2K[1A[2K[1A[2K[1A[2K[1A[2K[1A[2K[1A[2K[1A[2K[1A[2K[G
 ────────────── Retrieving Metadata ──────────────

 Retrieving v66.0 metadata from liam.jeong.c@fortra.com.uat using the v67.0 SOAP
  API

 ✔ Preparing retrieve request 3ms
 ✔ Sending request to org 486ms
 ⢿ Waiting for the org to respond 9.32s
 ◼ Done

 Status: In Progress
 Elapsed Time: 9.81s

[2K[1A[2K[1A[2K[1A[2K[1A[2K[1A[2K[1A[2K[1A[2K[1A[2K[1A[2K[1A[2K[1A[2K[1A[2K[1A[2K[1A[2K[G
 ────────────── Retrieving Metadata ──────────────

 Retrieving v66.0 metadata from liam.jeong.c@fortra.com.uat using the v67.0 SOAP
  API

 ✔ Preparing retrieve request 3ms
 ✔ Sending request to org 486ms
 ⡿ Waiting for the org to respond 9.35s
 ◼ Done

 Status: In Progress
 Elapsed Time: 9.85s

[2K[1A[2K[1A[2K[1A[2K[1A[2K[1A[2K[1A[2K[1A[2K[1A[2K[1A[2K[1A[2K[1A[2K[1A[2K[1A[2K[1A[2K[G
 ────────────── Retrieving Metadata ──────────────

 Retrieving v66.0 metadata from liam.jeong.c@fortra.com.uat using the v67.0 SOAP
  API

 ✔ Preparing retrieve request 3ms
 ✔ Sending request to org 486ms
 ⡿ Waiting for the org to respond 9.39s
 ◼ Done

 Status: In Progress
 Elapsed Time: 9.88s

[2K[1A[2K[1A[2K[1A[2K[1A[2K[1A[2K[1A[2K[1A[2K[1A[2K[1A[2K[1A[2K[1A[2K[1A[2K[1A[2K[1A[2K[G
 ────────────── Retrieving Metadata ──────────────

 Retrieving v66.0 metadata from liam.jeong.c@fortra.com.uat using the v67.0 SOAP
  API

 ✔ Preparing retrieve request 3ms
 ✔ Sending request to org 486ms
 ⣟ Waiting for the org to respond 9.42s
 ◼ Done

 Status: In Progress
 Elapsed Time: 9.91s

[2K[1A[2K[1A[2K[1A[2K[1A[2K[1A[2K[1A[2K[1A[2K[1A[2K[1A[2K[1A[2K[1A[2K[1A[2K[1A[2K[1A[2K[G
 ────────────── Retrieving Metadata ──────────────

 Retrieving v66.0 metadata from liam.jeong.c@fortra.com.uat using the v67.0 SOAP
  API

 ✔ Preparing retrieve request 3ms
 ✔ Sending request to org 486ms
 ⣟ Waiting for the org to respond 9.45s
 ◼ Done

 Status: In Progress
 Elapsed Time: 9.94s

[2K[1A[2K[1A[2K[1A[2K[1A[2K[1A[2K[1A[2K[1A[2K[1A[2K[1A[2K[1A[2K[1A[2K[1A[2K[1A[2K[1A[2K[G
 ────────────── Retrieving Metadata ──────────────

 Retrieving v66.0 metadata from liam.jeong.c@fortra.com.uat using the v67.0 SOAP
  API

 ✔ Preparing retrieve request 3ms
 ✔ Sending request to org 486ms
 ⣟ Waiting for the org to respond 9.48s
 ◼ Done

 Status: In Progress
 Elapsed Time: 9.97s

[2K[1A[2K[1A[2K[1A[2K[1A[2K[1A[2K[1A[2K[1A[2K[1A[2K[1A[2K[1A[2K[1A[2K[1A[2K[1A[2K[1A[2K[G
 ────────────── Retrieving Metadata ──────────────

 Retrieving v66.0 metadata from liam.jeong.c@fortra.com.uat using the v67.0 SOAP
  API

 ✔ Preparing retrieve request 3ms
 ✔ Sending request to org 486ms
 ⣯ Waiting for the org to respond 9.52s
 ◼ Done

 Status: In Progress
 Elapsed Time: 10.01s

[2K[1A[2K[1A[2K[1A[2K[1A[2K[1A[2K[1A[2K[1A[2K[1A[2K[1A[2K[1A[2K[1A[2K[1A[2K[1A[2K[1A[2K[G
 ────────────── Retrieving Metadata ──────────────

 Retrieving v66.0 metadata from liam.jeong.c@fortra.com.uat using the v67.0 SOAP
  API

 ✔ Preparing retrieve request 3ms
 ✔ Sending request to org 486ms
 ⣯ Waiting for the org to respond 9.55s
 ◼ Done

 Status: In Progress
 Elapsed Time: 10.04s

[2K[1A[2K[1A[2K[1A[2K[1A[2K[1A[2K[1A[2K[1A[2K[1A[2K[1A[2K[1A[2K[1A[2K[1A[2K[1A[2K[1A[2K[G
 ────────────── Retrieving Metadata ──────────────

 Retrieving v66.0 metadata from liam.jeong.c@fortra.com.uat using the v67.0 SOAP
  API

 ✔ Preparing retrieve request 3ms
 ✔ Sending request to org 486ms
 ⣷ Waiting for the org to respond 9.58s
 ◼ Done

 Status: In Progress
 Elapsed Time: 10.08s

[2K[1A[2K[1A[2K[1A[2K[1A[2K[1A[2K[1A[2K[1A[2K[1A[2K[1A[2K[1A[2K[1A[2K[1A[2K[1A[2K[1A[2K[G
 ────────────── Retrieving Metadata ──────────────

 Retrieving v66.0 metadata from liam.jeong.c@fortra.com.uat using the v67.0 SOAP
  API

 ✔ Preparing retrieve request 3ms
 ✔ Sending request to org 486ms
 ⣷ Waiting for the org to respond 9.61s
 ◼ Done

 Status: In Progress
 Elapsed Time: 10.11s

[2K[1A[2K[1A[2K[1A[2K[1A[2K[1A[2K[1A[2K[1A[2K[1A[2K[1A[2K[1A[2K[1A[2K[1A[2K[1A[2K[1A[2K[G
 ────────────── Retrieving Metadata ──────────────

 Retrieving v66.0 metadata from liam.jeong.c@fortra.com.uat using the v67.0 SOAP
  API

 ✔ Preparing retrieve request 3ms
 ✔ Sending request to org 486ms
 ⣷ Waiting for the org to respond 9.65s
 ◼ Done

 Status: In Progress
 Elapsed Time: 10.14s

[2K[1A[2K[1A[2K[1A[2K[1A[2K[1A[2K[1A[2K[1A[2K[1A[2K[1A[2K[1A[2K[1A[2K[1A[2K[1A[2K[1A[2K[G
 ────────────── Retrieving Metadata ──────────────

 Retrieving v66.0 metadata from liam.jeong.c@fortra.com.uat using the v67.0 SOAP
  API

 ✔ Preparing retrieve request 3ms
 ✔ Sending request to org 486ms
 ⣾ Waiting for the org to respond 9.68s
 ◼ Done

 Status: In Progress
 Elapsed Time: 10.17s

[2K[1A[2K[1A[2K[1A[2K[1A[2K[1A[2K[1A[2K[1A[2K[1A[2K[1A[2K[1A[2K[1A[2K[1A[2K[1A[2K[1A[2K[G
 ────────────── Retrieving Metadata ──────────────

 Retrieving v66.0 metadata from liam.jeong.c@fortra.com.uat using the v67.0 SOAP
  API

 ✔ Preparing retrieve request 3ms
 ✔ Sending request to org 486ms
 ⣾ Waiting for the org to respond 9.71s
 ◼ Done

 Status: In Progress
 Elapsed Time: 10.20s

[2K[1A[2K[1A[2K[1A[2K[1A[2K[1A[2K[1A[2K[1A[2K[1A[2K[1A[2K[1A[2K[1A[2K[1A[2K[1A[2K[1A[2K[G
 ────────────── Retrieving Metadata ──────────────

 Retrieving v66.0 metadata from liam.jeong.c@fortra.com.uat using the v67.0 SOAP
  API

 ✔ Preparing retrieve request 3ms
 ✔ Sending request to org 486ms
 ⣽ Waiting for the org to respond 9.74s
 ◼ Done

 Status: In Progress
 Elapsed Time: 10.23s

[2K[1A[2K[1A[2K[1A[2K[1A[2K[1A[2K[1A[2K[1A[2K[1A[2K[1A[2K[1A[2K[1A[2K[1A[2K[1A[2K[1A[2K[G
 ────────────── Retrieving Metadata ──────────────

 Retrieving v66.0 metadata from liam.jeong.c@fortra.com.uat using the v67.0 SOAP
  API

 ✔ Preparing retrieve request 3ms
 ✔ Sending request to org 486ms
 ⣽ Waiting for the org to respond 9.77s
 ◼ Done

 Status: In Progress
 Elapsed Time: 10.27s

[2K[1A[2K[1A[2K[1A[2K[1A[2K[1A[2K[1A[2K[1A[2K[1A[2K[1A[2K[1A[2K[1A[2K[1A[2K[1A[2K[1A[2K[G
 ────────────── Retrieving Metadata ──────────────

 Retrieving v66.0 metadata from liam.jeong.c@fortra.com.uat using the v67.0 SOAP
  API

 ✔ Preparing retrieve request 3ms
 ✔ Sending request to org 486ms
 ⣽ Waiting for the org to respond 9.81s
 ◼ Done

 Status: In Progress
 Elapsed Time: 10.30s

[2K[1A[2K[1A[2K[1A[2K[1A[2K[1A[2K[1A[2K[1A[2K[1A[2K[1A[2K[1A[2K[1A[2K[1A[2K[1A[2K[1A[2K[G
 ────────────── Retrieving Metadata ──────────────

 Retrieving v66.0 metadata from liam.jeong.c@fortra.com.uat using the v67.0 SOAP
  API

 ✔ Preparing retrieve request 3ms
 ✔ Sending request to org 486ms
 ⣻ Waiting for the org to respond 9.84s
 ◼ Done

 Status: In Progress
 Elapsed Time: 10.33s

[2K[1A[2K[1A[2K[1A[2K[1A[2K[1A[2K[1A[2K[1A[2K[1A[2K[1A[2K[1A[2K[1A[2K[1A[2K[1A[2K[1A[2K[G
 ────────────── Retrieving Metadata ──────────────

 Retrieving v66.0 metadata from liam.jeong.c@fortra.com.uat using the v67.0 SOAP
  API

 ✔ Preparing retrieve request 3ms
 ✔ Sending request to org 486ms
 ⣻ Waiting for the org to respond 9.87s
 ◼ Done

 Status: In Progress
 Elapsed Time: 10.36s

[2K[1A[2K[1A[2K[1A[2K[1A[2K[1A[2K[1A[2K[1A[2K[1A[2K[1A[2K[1A[2K[1A[2K[1A[2K[1A[2K[1A[2K[G
 ────────────── Retrieving Metadata ──────────────

 Retrieving v66.0 metadata from liam.jeong.c@fortra.com.uat using the v67.0 SOAP
  API

 ✔ Preparing retrieve request 3ms
 ✔ Sending request to org 486ms
 ⢿ Waiting for the org to respond 9.90s
 ◼ Done

 Status: In Progress
 Elapsed Time: 10.40s

[2K[1A[2K[1A[2K[1A[2K[1A[2K[1A[2K[1A[2K[1A[2K[1A[2K[1A[2K[1A[2K[1A[2K[1A[2K[1A[2K[1A[2K[G
 ────────────── Retrieving Metadata ──────────────

 Retrieving v66.0 metadata from liam.jeong.c@fortra.com.uat using the v67.0 SOAP
  API

 ✔ Preparing retrieve request 3ms
 ✔ Sending request to org 486ms
 ⢿ Waiting for the org to respond 9.93s
 ◼ Done

 Status: In Progress
 Elapsed Time: 10.43s

[2K[1A[2K[1A[2K[1A[2K[1A[2K[1A[2K[1A[2K[1A[2K[1A[2K[1A[2K[1A[2K[1A[2K[1A[2K[1A[2K[1A[2K[G
 ────────────── Retrieving Metadata ──────────────

 Retrieving v66.0 metadata from liam.jeong.c@fortra.com.uat using the v67.0 SOAP
  API

 ✔ Preparing retrieve request 3ms
 ✔ Sending request to org 486ms
 ⢿ Waiting for the org to respond 9.97s
 ◼ Done

 Status: In Progress
 Elapsed Time: 10.46s

[2K[1A[2K[1A[2K[1A[2K[1A[2K[1A[2K[1A[2K[1A[2K[1A[2K[1A[2K[1A[2K[1A[2K[1A[2K[1A[2K[1A[2K[G
 ────────────── Retrieving Metadata ──────────────

 Retrieving v66.0 metadata from liam.jeong.c@fortra.com.uat using the v67.0 SOAP
  API

 ✔ Preparing retrieve request 3ms
 ✔ Sending request to org 486ms
 ⡿ Waiting for the org to respond 10.00s
 ◼ Done

 Status: In Progress
 Elapsed Time: 10.49s

[2K[1A[2K[1A[2K[1A[2K[1A[2K[1A[2K[1A[2K[1A[2K[1A[2K[1A[2K[1A[2K[1A[2K[1A[2K[1A[2K[1A[2K[G
 ────────────── Retrieving Metadata ──────────────

 Retrieving v66.0 metadata from liam.jeong.c@fortra.com.uat using the v67.0 SOAP
  API

 ✔ Preparing retrieve request 3ms
 ✔ Sending request to org 486ms
 ⡿ Waiting for the org to respond 10.03s
 ◼ Done

 Status: In Progress
 Elapsed Time: 10.52s

[2K[1A[2K[1A[2K[1A[2K[1A[2K[1A[2K[1A[2K[1A[2K[1A[2K[1A[2K[1A[2K[1A[2K[1A[2K[1A[2K[1A[2K[G
 ────────────── Retrieving Metadata ──────────────

 Retrieving v66.0 metadata from liam.jeong.c@fortra.com.uat using the v67.0 SOAP
  API

 ✔ Preparing retrieve request 3ms
 ✔ Sending request to org 486ms
 ⣟ Waiting for the org to respond 10.06s
 ◼ Done

 Status: In Progress
 Elapsed Time: 10.56s

[2K[1A[2K[1A[2K[1A[2K[1A[2K[1A[2K[1A[2K[1A[2K[1A[2K[1A[2K[1A[2K[1A[2K[1A[2K[1A[2K[1A[2K[G
 ────────────── Retrieving Metadata ──────────────

 Retrieving v66.0 metadata from liam.jeong.c@fortra.com.uat using the v67.0 SOAP
  API

 ✔ Preparing retrieve request 3ms
 ✔ Sending request to org 486ms
 ⣟ Waiting for the org to respond 10.10s
 ◼ Done

 Status: In Progress
 Elapsed Time: 10.59s

[2K[1A[2K[1A[2K[1A[2K[1A[2K[1A[2K[1A[2K[1A[2K[1A[2K[1A[2K[1A[2K[1A[2K[1A[2K[1A[2K[1A[2K[G
 ────────────── Retrieving Metadata ──────────────

 Retrieving v66.0 metadata from liam.jeong.c@fortra.com.uat using the v67.0 SOAP
  API

 ✔ Preparing retrieve request 3ms
 ✔ Sending request to org 486ms
 ⣟ Waiting for the org to respond 10.13s
 ◼ Done

 Status: In Progress
 Elapsed Time: 10.62s

[2K[1A[2K[1A[2K[1A[2K[1A[2K[1A[2K[1A[2K[1A[2K[1A[2K[1A[2K[1A[2K[1A[2K[1A[2K[1A[2K[1A[2K[G
 ────────────── Retrieving Metadata ──────────────

 Retrieving v66.0 metadata from liam.jeong.c@fortra.com.uat using the v67.0 SOAP
  API

 ✔ Preparing retrieve request 3ms
 ✔ Sending request to org 486ms
 ⣯ Waiting for the org to respond 10.16s
 ◼ Done

 Status: In Progress
 Elapsed Time: 10.65s

[2K[1A[2K[1A[2K[1A[2K[1A[2K[1A[2K[1A[2K[1A[2K[1A[2K[1A[2K[1A[2K[1A[2K[1A[2K[1A[2K[1A[2K[G
 ────────────── Retrieving Metadata ──────────────

 Retrieving v66.0 metadata from liam.jeong.c@fortra.com.uat using the v67.0 SOAP
  API

 ✔ Preparing retrieve request 3ms
 ✔ Sending request to org 486ms
 ⣯ Waiting for the org to respond 10.20s
 ◼ Done

 Status: In Progress
 Elapsed Time: 10.69s

[2K[1A[2K[1A[2K[1A[2K[1A[2K[1A[2K[1A[2K[1A[2K[1A[2K[1A[2K[1A[2K[1A[2K[1A[2K[1A[2K[1A[2K[G
 ────────────── Retrieving Metadata ──────────────

 Retrieving v66.0 metadata from liam.jeong.c@fortra.com.uat using the v67.0 SOAP
  API

 ✔ Preparing retrieve request 3ms
 ✔ Sending request to org 486ms
 ⣷ Waiting for the org to respond 10.23s
 ◼ Done

 Status: In Progress
 Elapsed Time: 10.72s

[2K[1A[2K[1A[2K[1A[2K[1A[2K[1A[2K[1A[2K[1A[2K[1A[2K[1A[2K[1A[2K[1A[2K[1A[2K[1A[2K[1A[2K[G
 ────────────── Retrieving Metadata ──────────────

 Retrieving v66.0 metadata from liam.jeong.c@fortra.com.uat using the v67.0 SOAP
  API

 ✔ Preparing retrieve request 3ms
 ✔ Sending request to org 486ms
 ⣷ Waiting for the org to respond 10.26s
 ◼ Done

 Status: In Progress
 Elapsed Time: 10.76s

[2K[1A[2K[1A[2K[1A[2K[1A[2K[1A[2K[1A[2K[1A[2K[1A[2K[1A[2K[1A[2K[1A[2K[1A[2K[1A[2K[1A[2K[G
 ────────────── Retrieving Metadata ──────────────

 Retrieving v66.0 metadata from liam.jeong.c@fortra.com.uat using the v67.0 SOAP
  API

 ✔ Preparing retrieve request 3ms
 ✔ Sending request to org 486ms
 ⣷ Waiting for the org to respond 10.30s
 ◼ Done

 Status: In Progress
 Elapsed Time: 10.79s

[2K[1A[2K[1A[2K[1A[2K[1A[2K[1A[2K[1A[2K[1A[2K[1A[2K[1A[2K[1A[2K[1A[2K[1A[2K[1A[2K[1A[2K[G
 ────────────── Retrieving Metadata ──────────────

 Retrieving v66.0 metadata from liam.jeong.c@fortra.com.uat using the v67.0 SOAP
  API

 ✔ Preparing retrieve request 3ms
 ✔ Sending request to org 486ms
 ⣾ Waiting for the org to respond 10.33s
 ◼ Done

 Status: In Progress
 Elapsed Time: 10.82s

[2K[1A[2K[1A[2K[1A[2K[1A[2K[1A[2K[1A[2K[1A[2K[1A[2K[1A[2K[1A[2K[1A[2K[1A[2K[1A[2K[1A[2K[G
 ────────────── Retrieving Metadata ──────────────

 Retrieving v66.0 metadata from liam.jeong.c@fortra.com.uat using the v67.0 SOAP
  API

 ✔ Preparing retrieve request 3ms
 ✔ Sending request to org 486ms
 ⣾ Waiting for the org to respond 10.36s
 ◼ Done

 Status: In Progress
 Elapsed Time: 10.85s

[2K[1A[2K[1A[2K[1A[2K[1A[2K[1A[2K[1A[2K[1A[2K[1A[2K[1A[2K[1A[2K[1A[2K[1A[2K[1A[2K[1A[2K[G
 ────────────── Retrieving Metadata ──────────────

 Retrieving v66.0 metadata from liam.jeong.c@fortra.com.uat using the v67.0 SOAP
  API

 ✔ Preparing retrieve request 3ms
 ✔ Sending request to org 486ms
 ⣽ Waiting for the org to respond 10.39s
 ◼ Done

 Status: In Progress
 Elapsed Time: 10.89s

[2K[1A[2K[1A[2K[1A[2K[1A[2K[1A[2K[1A[2K[1A[2K[1A[2K[1A[2K[1A[2K[1A[2K[1A[2K[1A[2K[1A[2K[G
 ────────────── Retrieving Metadata ──────────────

 Retrieving v66.0 metadata from liam.jeong.c@fortra.com.uat using the v67.0 SOAP
  API

 ✔ Preparing retrieve request 3ms
 ✔ Sending request to org 486ms
 ⣽ Waiting for the org to respond 10.42s
 ◼ Done

 Status: In Progress
 Elapsed Time: 10.92s

[2K[1A[2K[1A[2K[1A[2K[1A[2K[1A[2K[1A[2K[1A[2K[1A[2K[1A[2K[1A[2K[1A[2K[1A[2K[1A[2K[1A[2K[G
 ────────────── Retrieving Metadata ──────────────

 Retrieving v66.0 metadata from liam.jeong.c@fortra.com.uat using the v67.0 SOAP
  API

 ✔ Preparing retrieve request 3ms
 ✔ Sending request to org 486ms
 ⣽ Waiting for the org to respond 10.46s
 ◼ Done

 Status: In Progress
 Elapsed Time: 10.95s

[2K[1A[2K[1A[2K[1A[2K[1A[2K[1A[2K[1A[2K[1A[2K[1A[2K[1A[2K[1A[2K[1A[2K[1A[2K[1A[2K[1A[2K[G
 ────────────── Retrieving Metadata ──────────────

 Retrieving v66.0 metadata from liam.jeong.c@fortra.com.uat using the v67.0 SOAP
  API

 ✔ Preparing retrieve request 3ms
 ✔ Sending request to org 486ms
 ⣻ Waiting for the org to respond 10.49s
 ◼ Done

 Status: In Progress
 Elapsed Time: 10.98s

[2K[1A[2K[1A[2K[1A[2K[1A[2K[1A[2K[1A[2K[1A[2K[1A[2K[1A[2K[1A[2K[1A[2K[1A[2K[1A[2K[1A[2K[G
 ────────────── Retrieving Metadata ──────────────

 Retrieving v66.0 metadata from liam.jeong.c@fortra.com.uat using the v67.0 SOAP
  API

 ✔ Preparing retrieve request 3ms
 ✔ Sending request to org 486ms
 ⣻ Waiting for the org to respond 10.52s
 ◼ Done

 Status: In Progress
 Elapsed Time: 11.01s

[2K[1A[2K[1A[2K[1A[2K[1A[2K[1A[2K[1A[2K[1A[2K[1A[2K[1A[2K[1A[2K[1A[2K[1A[2K[1A[2K[1A[2K[G
 ────────────── Retrieving Metadata ──────────────

 Retrieving v66.0 metadata from liam.jeong.c@fortra.com.uat using the v67.0 SOAP
  API

 ✔ Preparing retrieve request 3ms
 ✔ Sending request to org 486ms
 ⢿ Waiting for the org to respond 10.55s
 ◼ Done

 Status: In Progress
 Elapsed Time: 11.05s

[2K[1A[2K[1A[2K[1A[2K[1A[2K[1A[2K[1A[2K[1A[2K[1A[2K[1A[2K[1A[2K[1A[2K[1A[2K[1A[2K[1A[2K[G
 ────────────── Retrieving Metadata ──────────────

 Retrieving v66.0 metadata from liam.jeong.c@fortra.com.uat using the v67.0 SOAP
  API

 ✔ Preparing retrieve request 3ms
 ✔ Sending request to org 486ms
 ⢿ Waiting for the org to respond 10.58s
 ◼ Done

 Status: In Progress
 Elapsed Time: 11.08s

[2K[1A[2K[1A[2K[1A[2K[1A[2K[1A[2K[1A[2K[1A[2K[1A[2K[1A[2K[1A[2K[1A[2K[1A[2K[1A[2K[1A[2K[G
 ────────────── Retrieving Metadata ──────────────

 Retrieving v66.0 metadata from liam.jeong.c@fortra.com.uat using the v67.0 SOAP
  API

 ✔ Preparing retrieve request 3ms
 ✔ Sending request to org 486ms
 ⢿ Waiting for the org to respond 10.62s
 ◼ Done

 Status: In Progress
 Elapsed Time: 11.11s

[2K[1A[2K[1A[2K[1A[2K[1A[2K[1A[2K[1A[2K[1A[2K[1A[2K[1A[2K[1A[2K[1A[2K[1A[2K[1A[2K[1A[2K[G
 ────────────── Retrieving Metadata ──────────────

 Retrieving v66.0 metadata from liam.jeong.c@fortra.com.uat using the v67.0 SOAP
  API

 ✔ Preparing retrieve request 3ms
 ✔ Sending request to org 486ms
 ⡿ Waiting for the org to respond 10.65s
 ◼ Done

 Status: In Progress
 Elapsed Time: 11.14s

[2K[1A[2K[1A[2K[1A[2K[1A[2K[1A[2K[1A[2K[1A[2K[1A[2K[1A[2K[1A[2K[1A[2K[1A[2K[1A[2K[1A[2K[G
 ────────────── Retrieving Metadata ──────────────

 Retrieving v66.0 metadata from liam.jeong.c@fortra.com.uat using the v67.0 SOAP
  API

 ✔ Preparing retrieve request 3ms
 ✔ Sending request to org 486ms
 ⡿ Waiting for the org to respond 10.69s
 ◼ Done

 Status: In Progress
 Elapsed Time: 11.17s

[2K[1A[2K[1A[2K[1A[2K[1A[2K[1A[2K[1A[2K[1A[2K[1A[2K[1A[2K[1A[2K[1A[2K[1A[2K[1A[2K[1A[2K[G
 ────────────── Retrieving Metadata ──────────────

 Retrieving v66.0 metadata from liam.jeong.c@fortra.com.uat using the v67.0 SOAP
  API

 ✔ Preparing retrieve request 3ms
 ✔ Sending request to org 486ms
 ⣟ Waiting for the org to respond 10.72s
 ◼ Done

 Status: In Progress
 Elapsed Time: 11.21s

[2K[1A[2K[1A[2K[1A[2K[1A[2K[1A[2K[1A[2K[1A[2K[1A[2K[1A[2K[1A[2K[1A[2K[1A[2K[1A[2K[1A[2K[G
 ────────────── Retrieving Metadata ──────────────

 Retrieving v66.0 metadata from liam.jeong.c@fortra.com.uat using the v67.0 SOAP
  API

 ✔ Preparing retrieve request 3ms
 ✔ Sending request to org 486ms
 ⣟ Waiting for the org to respond 10.75s
 ◼ Done

 Status: In Progress
 Elapsed Time: 11.24s

[2K[1A[2K[1A[2K[1A[2K[1A[2K[1A[2K[1A[2K[1A[2K[1A[2K[1A[2K[1A[2K[1A[2K[1A[2K[1A[2K[1A[2K[G
 ────────────── Retrieving Metadata ──────────────

 Retrieving v66.0 metadata from liam.jeong.c@fortra.com.uat using the v67.0 SOAP
  API

 ✔ Preparing retrieve request 3ms
 ✔ Sending request to org 486ms
 ⣟ Waiting for the org to respond 10.78s
 ◼ Done

 Status: In Progress
 Elapsed Time: 11.27s

[2K[1A[2K[1A[2K[1A[2K[1A[2K[1A[2K[1A[2K[1A[2K[1A[2K[1A[2K[1A[2K[1A[2K[1A[2K[1A[2K[1A[2K[G
 ────────────── Retrieving Metadata ──────────────

 Retrieving v66.0 metadata from liam.jeong.c@fortra.com.uat using the v67.0 SOAP
  API

 ✔ Preparing retrieve request 3ms
 ✔ Sending request to org 486ms
 ⣯ Waiting for the org to respond 10.81s
 ◼ Done

 Status: In Progress
 Elapsed Time: 11.31s

[2K[1A[2K[1A[2K[1A[2K[1A[2K[1A[2K[1A[2K[1A[2K[1A[2K[1A[2K[1A[2K[1A[2K[1A[2K[1A[2K[1A[2K[G
 ────────────── Retrieving Metadata ──────────────

 Retrieving v66.0 metadata from liam.jeong.c@fortra.com.uat using the v67.0 SOAP
  API

 ✔ Preparing retrieve request 3ms
 ✔ Sending request to org 486ms
 ⣯ Waiting for the org to respond 10.85s
 ◼ Done

 Status: In Progress
 Elapsed Time: 11.34s

[2K[1A[2K[1A[2K[1A[2K[1A[2K[1A[2K[1A[2K[1A[2K[1A[2K[1A[2K[1A[2K[1A[2K[1A[2K[1A[2K[1A[2K[G
 ────────────── Retrieving Metadata ──────────────

 Retrieving v66.0 metadata from liam.jeong.c@fortra.com.uat using the v67.0 SOAP
  API

 ✔ Preparing retrieve request 3ms
 ✔ Sending request to org 486ms
 ⣷ Waiting for the org to respond 10.88s
 ◼ Done

 Status: In Progress
 Elapsed Time: 11.37s

[2K[1A[2K[1A[2K[1A[2K[1A[2K[1A[2K[1A[2K[1A[2K[1A[2K[1A[2K[1A[2K[1A[2K[1A[2K[1A[2K[1A[2K[G
 ────────────── Retrieving Metadata ──────────────

 Retrieving v66.0 metadata from liam.jeong.c@fortra.com.uat using the v67.0 SOAP
  API

 ✔ Preparing retrieve request 3ms
 ✔ Sending request to org 486ms
 ⣷ Waiting for the org to respond 10.91s
 ◼ Done

 Status: In Progress
 Elapsed Time: 11.40s

[2K[1A[2K[1A[2K[1A[2K[1A[2K[1A[2K[1A[2K[1A[2K[1A[2K[1A[2K[1A[2K[1A[2K[1A[2K[1A[2K[1A[2K[G
 ────────────── Retrieving Metadata ──────────────

 Retrieving v66.0 metadata from liam.jeong.c@fortra.com.uat using the v67.0 SOAP
  API

 ✔ Preparing retrieve request 3ms
 ✔ Sending request to org 486ms
 ⣷ Waiting for the org to respond 10.94s
 ◼ Done

 Status: In Progress
 Elapsed Time: 11.43s

[2K[1A[2K[1A[2K[1A[2K[1A[2K[1A[2K[1A[2K[1A[2K[1A[2K[1A[2K[1A[2K[1A[2K[1A[2K[1A[2K[1A[2K[G
 ────────────── Retrieving Metadata ──────────────

 Retrieving v66.0 metadata from liam.jeong.c@fortra.com.uat using the v67.0 SOAP
  API

 ✔ Preparing retrieve request 3ms
 ✔ Sending request to org 486ms
 ⣾ Waiting for the org to respond 10.97s
 ◼ Done

 Status: In Progress
 Elapsed Time: 11.47s

[2K[1A[2K[1A[2K[1A[2K[1A[2K[1A[2K[1A[2K[1A[2K[1A[2K[1A[2K[1A[2K[1A[2K[1A[2K[1A[2K[1A[2K[G
 ────────────── Retrieving Metadata ──────────────

 Retrieving v66.0 metadata from liam.jeong.c@fortra.com.uat using the v67.0 SOAP
  API

 ✔ Preparing retrieve request 3ms
 ✔ Sending request to org 486ms
 ⣾ Waiting for the org to respond 11.00s
 ◼ Done

 Status: In Progress
 Elapsed Time: 11.50s

[2K[1A[2K[1A[2K[1A[2K[1A[2K[1A[2K[1A[2K[1A[2K[1A[2K[1A[2K[1A[2K[1A[2K[1A[2K[1A[2K[1A[2K[G
 ────────────── Retrieving Metadata ──────────────

 Retrieving v66.0 metadata from liam.jeong.c@fortra.com.uat using the v67.0 SOAP
  API

 ✔ Preparing retrieve request 3ms
 ✔ Sending request to org 486ms
 ⣽ Waiting for the org to respond 11.04s
 ◼ Done

 Status: In Progress
 Elapsed Time: 11.53s

[2K[1A[2K[1A[2K[1A[2K[1A[2K[1A[2K[1A[2K[1A[2K[1A[2K[1A[2K[1A[2K[1A[2K[1A[2K[1A[2K[1A[2K[G
 ────────────── Retrieving Metadata ──────────────

 Retrieving v66.0 metadata from liam.jeong.c@fortra.com.uat using the v67.0 SOAP
  API

 ✔ Preparing retrieve request 3ms
 ✔ Sending request to org 486ms
 ⣽ Waiting for the org to respond 11.07s
 ◼ Done

 Status: In Progress
 Elapsed Time: 11.56s

[2K[1A[2K[1A[2K[1A[2K[1A[2K[1A[2K[1A[2K[1A[2K[1A[2K[1A[2K[1A[2K[1A[2K[1A[2K[1A[2K[1A[2K[G
 ────────────── Retrieving Metadata ──────────────

 Retrieving v66.0 metadata from liam.jeong.c@fortra.com.uat using the v67.0 SOAP
  API

 ✔ Preparing retrieve request 3ms
 ✔ Sending request to org 486ms
 ⣽ Waiting for the org to respond 11.10s
 ◼ Done

 Status: In Progress
 Elapsed Time: 11.60s

[2K[1A[2K[1A[2K[1A[2K[1A[2K[1A[2K[1A[2K[1A[2K[1A[2K[1A[2K[1A[2K[1A[2K[1A[2K[1A[2K[1A[2K[G
 ────────────── Retrieving Metadata ──────────────

 Retrieving v66.0 metadata from liam.jeong.c@fortra.com.uat using the v67.0 SOAP
  API

 ✔ Preparing retrieve request 3ms
 ✔ Sending request to org 486ms
 ⣻ Waiting for the org to respond 11.13s
 ◼ Done

 Status: In Progress
 Elapsed Time: 11.63s

[2K[1A[2K[1A[2K[1A[2K[1A[2K[1A[2K[1A[2K[1A[2K[1A[2K[1A[2K[1A[2K[1A[2K[1A[2K[1A[2K[1A[2K[G
 ────────────── Retrieving Metadata ──────────────

 Retrieving v66.0 metadata from liam.jeong.c@fortra.com.uat using the v67.0 SOAP
  API

 ✔ Preparing retrieve request 3ms
 ✔ Sending request to org 486ms
 ⣻ Waiting for the org to respond 11.16s
 ◼ Done

 Status: In Progress
 Elapsed Time: 11.66s

[2K[1A[2K[1A[2K[1A[2K[1A[2K[1A[2K[1A[2K[1A[2K[1A[2K[1A[2K[1A[2K[1A[2K[1A[2K[1A[2K[1A[2K[G
 ────────────── Retrieving Metadata ──────────────

 Retrieving v66.0 metadata from liam.jeong.c@fortra.com.uat using the v67.0 SOAP
  API

 ✔ Preparing retrieve request 3ms
 ✔ Sending request to org 486ms
 ⢿ Waiting for the org to respond 11.20s
 ◼ Done

 Status: In Progress
 Elapsed Time: 11.69s

[2K[1A[2K[1A[2K[1A[2K[1A[2K[1A[2K[1A[2K[1A[2K[1A[2K[1A[2K[1A[2K[1A[2K[1A[2K[1A[2K[1A[2K[G
 ────────────── Retrieving Metadata ──────────────

 Retrieving v66.0 metadata from liam.jeong.c@fortra.com.uat using the v67.0 SOAP
  API

 ✔ Preparing retrieve request 3ms
 ✔ Sending request to org 486ms
 ⢿ Waiting for the org to respond 11.24s
 ◼ Done

 Status: In Progress
 Elapsed Time: 11.72s

[2K[1A[2K[1A[2K[1A[2K[1A[2K[1A[2K[1A[2K[1A[2K[1A[2K[1A[2K[1A[2K[1A[2K[1A[2K[1A[2K[1A[2K[G
 ────────────── Retrieving Metadata ──────────────

 Retrieving v66.0 metadata from liam.jeong.c@fortra.com.uat using the v67.0 SOAP
  API

 ✔ Preparing retrieve request 3ms
 ✔ Sending request to org 486ms
 ⡿ Waiting for the org to respond 11.27s
 ◼ Done

 Status: In Progress
 Elapsed Time: 11.76s

[2K[1A[2K[1A[2K[1A[2K[1A[2K[1A[2K[1A[2K[1A[2K[1A[2K[1A[2K[1A[2K[1A[2K[1A[2K[1A[2K[1A[2K[G
 ────────────── Retrieving Metadata ──────────────

 Retrieving v66.0 metadata from liam.jeong.c@fortra.com.uat using the v67.0 SOAP
  API

 ✔ Preparing retrieve request 3ms
 ✔ Sending request to org 486ms
 ⡿ Waiting for the org to respond 11.31s
 ◼ Done

 Status: In Progress
 Elapsed Time: 11.79s

[2K[1A[2K[1A[2K[1A[2K[1A[2K[1A[2K[1A[2K[1A[2K[1A[2K[1A[2K[1A[2K[1A[2K[1A[2K[1A[2K[1A[2K[G
 ────────────── Retrieving Metadata ──────────────

 Retrieving v66.0 metadata from liam.jeong.c@fortra.com.uat using the v67.0 SOAP
  API

 ✔ Preparing retrieve request 3ms
 ✔ Sending request to org 486ms
 ⡿ Waiting for the org to respond 11.34s
 ◼ Done

 Status: In Progress
 Elapsed Time: 11.83s

[2K[1A[2K[1A[2K[1A[2K[1A[2K[1A[2K[1A[2K[1A[2K[1A[2K[1A[2K[1A[2K[1A[2K[1A[2K[1A[2K[1A[2K[G
 ────────────── Retrieving Metadata ──────────────

 Retrieving v66.0 metadata from liam.jeong.c@fortra.com.uat using the v67.0 SOAP
  API

 ✔ Preparing retrieve request 3ms
 ✔ Sending request to org 486ms
 ⣟ Waiting for the org to respond 11.37s
 ◼ Done

 Status: In Progress
 Elapsed Time: 11.86s

[2K[1A[2K[1A[2K[1A[2K[1A[2K[1A[2K[1A[2K[1A[2K[1A[2K[1A[2K[1A[2K[1A[2K[1A[2K[1A[2K[1A[2K[G
 ────────────── Retrieving Metadata ──────────────

 Retrieving v66.0 metadata from liam.jeong.c@fortra.com.uat using the v67.0 SOAP
  API

 ✔ Preparing retrieve request 3ms
 ✔ Sending request to org 486ms
 ⣟ Waiting for the org to respond 11.40s
 ◼ Done

 Status: In Progress
 Elapsed Time: 11.90s

[2K[1A[2K[1A[2K[1A[2K[1A[2K[1A[2K[1A[2K[1A[2K[1A[2K[1A[2K[1A[2K[1A[2K[1A[2K[1A[2K[1A[2K[G
 ────────────── Retrieving Metadata ──────────────

 Retrieving v66.0 metadata from liam.jeong.c@fortra.com.uat using the v67.0 SOAP
  API

 ✔ Preparing retrieve request 3ms
 ✔ Sending request to org 486ms
 ⣯ Waiting for the org to respond 11.44s
 ◼ Done

 Status: In Progress
 Elapsed Time: 11.93s

[2K[1A[2K[1A[2K[1A[2K[1A[2K[1A[2K[1A[2K[1A[2K[1A[2K[1A[2K[1A[2K[1A[2K[1A[2K[1A[2K[1A[2K[G
 ────────────── Retrieving Metadata ──────────────

 Retrieving v66.0 metadata from liam.jeong.c@fortra.com.uat using the v67.0 SOAP
  API

 ✔ Preparing retrieve request 3ms
 ✔ Sending request to org 486ms
 ⣯ Waiting for the org to respond 11.47s
 ◼ Done

 Status: In Progress
 Elapsed Time: 11.96s

[2K[1A[2K[1A[2K[1A[2K[1A[2K[1A[2K[1A[2K[1A[2K[1A[2K[1A[2K[1A[2K[1A[2K[1A[2K[1A[2K[1A[2K[G
 ────────────── Retrieving Metadata ──────────────

 Retrieving v66.0 metadata from liam.jeong.c@fortra.com.uat using the v67.0 SOAP
  API

 ✔ Preparing retrieve request 3ms
 ✔ Sending request to org 486ms
 ⣯ Waiting for the org to respond 11.50s
 ◼ Done

 Status: In Progress
 Elapsed Time: 11.99s

[2K[1A[2K[1A[2K[1A[2K[1A[2K[1A[2K[1A[2K[1A[2K[1A[2K[1A[2K[1A[2K[1A[2K[1A[2K[1A[2K[1A[2K[G
 ────────────── Retrieving Metadata ──────────────

 Retrieving v66.0 metadata from liam.jeong.c@fortra.com.uat using the v67.0 SOAP
  API

 ✔ Preparing retrieve request 3ms
 ✔ Sending request to org 486ms
 ⣷ Waiting for the org to respond 11.53s
 ◼ Done

 Status: In Progress
 Elapsed Time: 12.03s

[2K[1A[2K[1A[2K[1A[2K[1A[2K[1A[2K[1A[2K[1A[2K[1A[2K[1A[2K[1A[2K[1A[2K[1A[2K[1A[2K[1A[2K[G
 ────────────── Retrieving Metadata ──────────────

 Retrieving v66.0 metadata from liam.jeong.c@fortra.com.uat using the v67.0 SOAP
  API

 ✔ Preparing retrieve request 3ms
 ✔ Sending request to org 486ms
 ⣷ Waiting for the org to respond 11.57s
 ◼ Done

 Status: In Progress
 Elapsed Time: 12.05s

[2K[1A[2K[1A[2K[1A[2K[1A[2K[1A[2K[1A[2K[1A[2K[1A[2K[1A[2K[1A[2K[1A[2K[1A[2K[1A[2K[1A[2K[G
 ────────────── Retrieving Metadata ──────────────

 Retrieving v66.0 metadata from liam.jeong.c@fortra.com.uat using the v67.0 SOAP
  API

 ✔ Preparing retrieve request 3ms
 ✔ Sending request to org 486ms
 ⣾ Waiting for the org to respond 11.60s
 ◼ Done

 Status: In Progress
 Elapsed Time: 12.09s

[2K[1A[2K[1A[2K[1A[2K[1A[2K[1A[2K[1A[2K[1A[2K[1A[2K[1A[2K[1A[2K[1A[2K[1A[2K[1A[2K[1A[2K[G
 ────────────── Retrieving Metadata ──────────────

 Retrieving v66.0 metadata from liam.jeong.c@fortra.com.uat using the v67.0 SOAP
  API

 ✔ Preparing retrieve request 3ms
 ✔ Sending request to org 486ms
 ⣾ Waiting for the org to respond 11.63s
 ◼ Done

 Status: In Progress
 Elapsed Time: 12.12s

[2K[1A[2K[1A[2K[1A[2K[1A[2K[1A[2K[1A[2K[1A[2K[1A[2K[1A[2K[1A[2K[1A[2K[1A[2K[1A[2K[1A[2K[G
 ────────────── Retrieving Metadata ──────────────

 Retrieving v66.0 metadata from liam.jeong.c@fortra.com.uat using the v67.0 SOAP
  API

 ✔ Preparing retrieve request 3ms
 ✔ Sending request to org 486ms
 ⣽ Waiting for the org to respond 11.66s
 ◼ Done

 Status: In Progress
 Elapsed Time: 12.16s

[2K[1A[2K[1A[2K[1A[2K[1A[2K[1A[2K[1A[2K[1A[2K[1A[2K[1A[2K[1A[2K[1A[2K[1A[2K[1A[2K[1A[2K[G
 ────────────── Retrieving Metadata ──────────────

 Retrieving v66.0 metadata from liam.jeong.c@fortra.com.uat using the v67.0 SOAP
  API

 ✔ Preparing retrieve request 3ms
 ✔ Sending request to org 486ms
 ⣽ Waiting for the org to respond 11.70s
 ◼ Done

 Status: In Progress
 Elapsed Time: 12.19s

[2K[1A[2K[1A[2K[1A[2K[1A[2K[1A[2K[1A[2K[1A[2K[1A[2K[1A[2K[1A[2K[1A[2K[1A[2K[1A[2K[1A[2K[G
 ────────────── Retrieving Metadata ──────────────

 Retrieving v66.0 metadata from liam.jeong.c@fortra.com.uat using the v67.0 SOAP
  API

 ✔ Preparing retrieve request 3ms
 ✔ Sending request to org 486ms
 ⣽ Waiting for the org to respond 11.73s
 ◼ Done

 Status: In Progress
 Elapsed Time: 12.23s

[2K[1A[2K[1A[2K[1A[2K[1A[2K[1A[2K[1A[2K[1A[2K[1A[2K[1A[2K[1A[2K[1A[2K[1A[2K[1A[2K[1A[2K[G
 ────────────── Retrieving Metadata ──────────────

 Retrieving v66.0 metadata from liam.jeong.c@fortra.com.uat using the v67.0 SOAP
  API

 ✔ Preparing retrieve request 3ms
 ✔ Sending request to org 486ms
 ⣻ Waiting for the org to respond 11.77s
 ◼ Done

 Status: In Progress
 Elapsed Time: 12.25s

[2K[1A[2K[1A[2K[1A[2K[1A[2K[1A[2K[1A[2K[1A[2K[1A[2K[1A[2K[1A[2K[1A[2K[1A[2K[1A[2K[1A[2K[G
 ────────────── Retrieving Metadata ──────────────

 Retrieving v66.0 metadata from liam.jeong.c@fortra.com.uat using the v67.0 SOAP
  API

 ✔ Preparing retrieve request 3ms
 ✔ Sending request to org 486ms
 ⣻ Waiting for the org to respond 11.80s
 ◼ Done

 Status: In Progress
 Elapsed Time: 12.29s

[2K[1A[2K[1A[2K[1A[2K[1A[2K[1A[2K[1A[2K[1A[2K[1A[2K[1A[2K[1A[2K[1A[2K[1A[2K[1A[2K[1A[2K[G
 ────────────── Retrieving Metadata ──────────────

 Retrieving v66.0 metadata from liam.jeong.c@fortra.com.uat using the v67.0 SOAP
  API

 ✔ Preparing retrieve request 3ms
 ✔ Sending request to org 486ms
 ⢿ Waiting for the org to respond 11.83s
 ◼ Done

 Status: In Progress
 Elapsed Time: 12.32s

[2K[1A[2K[1A[2K[1A[2K[1A[2K[1A[2K[1A[2K[1A[2K[1A[2K[1A[2K[1A[2K[1A[2K[1A[2K[1A[2K[1A[2K[G
 ────────────── Retrieving Metadata ──────────────

 Retrieving v66.0 metadata from liam.jeong.c@fortra.com.uat using the v67.0 SOAP
  API

 ✔ Preparing retrieve request 3ms
 ✔ Sending request to org 486ms
 ⢿ Waiting for the org to respond 11.86s
 ◼ Done

 Status: In Progress
 Elapsed Time: 12.36s

[2K[1A[2K[1A[2K[1A[2K[1A[2K[1A[2K[1A[2K[1A[2K[1A[2K[1A[2K[1A[2K[1A[2K[1A[2K[1A[2K[1A[2K[G
 ────────────── Retrieving Metadata ──────────────

 Retrieving v66.0 metadata from liam.jeong.c@fortra.com.uat using the v67.0 SOAP
  API

 ✔ Preparing retrieve request 3ms
 ✔ Sending request to org 486ms
 ⢿ Waiting for the org to respond 11.90s
 ◼ Done

 Status: In Progress
 Elapsed Time: 12.39s

[2K[1A[2K[1A[2K[1A[2K[1A[2K[1A[2K[1A[2K[1A[2K[1A[2K[1A[2K[1A[2K[1A[2K[1A[2K[1A[2K[1A[2K[G
 ────────────── Retrieving Metadata ──────────────

 Retrieving v66.0 metadata from liam.jeong.c@fortra.com.uat using the v67.0 SOAP
  API

 ✔ Preparing retrieve request 3ms
 ✔ Sending request to org 486ms
 ⡿ Waiting for the org to respond 11.93s
 ◼ Done

 Status: In Progress
 Elapsed Time: 12.42s

[2K[1A[2K[1A[2K[1A[2K[1A[2K[1A[2K[1A[2K[1A[2K[1A[2K[1A[2K[1A[2K[1A[2K[1A[2K[1A[2K[1A[2K[G
 ────────────── Retrieving Metadata ──────────────

 Retrieving v66.0 metadata from liam.jeong.c@fortra.com.uat using the v67.0 SOAP
  API

 ✔ Preparing retrieve request 3ms
 ✔ Sending request to org 486ms
 ⡿ Waiting for the org to respond 11.96s
 ◼ Done

 Status: In Progress
 Elapsed Time: 12.45s

[2K[1A[2K[1A[2K[1A[2K[1A[2K[1A[2K[1A[2K[1A[2K[1A[2K[1A[2K[1A[2K[1A[2K[1A[2K[1A[2K[1A[2K[G
 ────────────── Retrieving Metadata ──────────────

 Retrieving v66.0 metadata from liam.jeong.c@fortra.com.uat using the v67.0 SOAP
  API

 ✔ Preparing retrieve request 3ms
 ✔ Sending request to org 486ms
 ⣟ Waiting for the org to respond 12.00s
 ◼ Done

 Status: In Progress
 Elapsed Time: 12.49s

[2K[1A[2K[1A[2K[1A[2K[1A[2K[1A[2K[1A[2K[1A[2K[1A[2K[1A[2K[1A[2K[1A[2K[1A[2K[1A[2K[1A[2K[G
 ────────────── Retrieving Metadata ──────────────

 Retrieving v66.0 metadata from liam.jeong.c@fortra.com.uat using the v67.0 SOAP
  API

 ✔ Preparing retrieve request 3ms
 ✔ Sending request to org 486ms
 ⣟ Waiting for the org to respond 12.03s
 ◼ Done

 Status: In Progress
 Elapsed Time: 12.52s

[2K[1A[2K[1A[2K[1A[2K[1A[2K[1A[2K[1A[2K[1A[2K[1A[2K[1A[2K[1A[2K[1A[2K[1A[2K[1A[2K[1A[2K[G
 ────────────── Retrieving Metadata ──────────────

 Retrieving v66.0 metadata from liam.jeong.c@fortra.com.uat using the v67.0 SOAP
  API

 ✔ Preparing retrieve request 3ms
 ✔ Sending request to org 486ms
 ⣟ Waiting for the org to respond 12.06s
 ◼ Done

 Status: In Progress
 Elapsed Time: 12.56s

[2K[1A[2K[1A[2K[1A[2K[1A[2K[1A[2K[1A[2K[1A[2K[1A[2K[1A[2K[1A[2K[1A[2K[1A[2K[1A[2K[1A[2K[G
 ────────────── Retrieving Metadata ──────────────

 Retrieving v66.0 metadata from liam.jeong.c@fortra.com.uat using the v67.0 SOAP
  API

 ✔ Preparing retrieve request 3ms
 ✔ Sending request to org 486ms
 ⣯ Waiting for the org to respond 12.09s
 ◼ Done

 Status: In Progress
 Elapsed Time: 12.59s

[2K[1A[2K[1A[2K[1A[2K[1A[2K[1A[2K[1A[2K[1A[2K[1A[2K[1A[2K[1A[2K[1A[2K[1A[2K[1A[2K[1A[2K[G
 ────────────── Retrieving Metadata ──────────────

 Retrieving v66.0 metadata from liam.jeong.c@fortra.com.uat using the v67.0 SOAP
  API

 ✔ Preparing retrieve request 3ms
 ✔ Sending request to org 486ms
 ⣯ Waiting for the org to respond 12.13s
 ◼ Done

 Status: In Progress
 Elapsed Time: 12.62s

[2K[1A[2K[1A[2K[1A[2K[1A[2K[1A[2K[1A[2K[1A[2K[1A[2K[1A[2K[1A[2K[1A[2K[1A[2K[1A[2K[1A[2K[G
 ────────────── Retrieving Metadata ──────────────

 Retrieving v66.0 metadata from liam.jeong.c@fortra.com.uat using the v67.0 SOAP
  API

 ✔ Preparing retrieve request 3ms
 ✔ Sending request to org 486ms
 ⣷ Waiting for the org to respond 12.16s
 ◼ Done

 Status: In Progress
 Elapsed Time: 12.65s

[2K[1A[2K[1A[2K[1A[2K[1A[2K[1A[2K[1A[2K[1A[2K[1A[2K[1A[2K[1A[2K[1A[2K[1A[2K[1A[2K[1A[2K[G
 ────────────── Retrieving Metadata ──────────────

 Retrieving v66.0 metadata from liam.jeong.c@fortra.com.uat using the v67.0 SOAP
  API

 ✔ Preparing retrieve request 3ms
 ✔ Sending request to org 486ms
 ⣷ Waiting for the org to respond 12.19s
 ◼ Done

 Status: In Progress
 Elapsed Time: 12.69s

[2K[1A[2K[1A[2K[1A[2K[1A[2K[1A[2K[1A[2K[1A[2K[1A[2K[1A[2K[1A[2K[1A[2K[1A[2K[1A[2K[1A[2K[G
 ────────────── Retrieving Metadata ──────────────

 Retrieving v66.0 metadata from liam.jeong.c@fortra.com.uat using the v67.0 SOAP
  API

 ✔ Preparing retrieve request 3ms
 ✔ Sending request to org 486ms
 ⣾ Waiting for the org to respond 12.23s
 ◼ Done

 Status: In Progress
 Elapsed Time: 12.72s

[2K[1A[2K[1A[2K[1A[2K[1A[2K[1A[2K[1A[2K[1A[2K[1A[2K[1A[2K[1A[2K[1A[2K[1A[2K[1A[2K[1A[2K[G
 ────────────── Retrieving Metadata ──────────────

 Retrieving v66.0 metadata from liam.jeong.c@fortra.com.uat using the v67.0 SOAP
  API

 ✔ Preparing retrieve request 3ms
 ✔ Sending request to org 486ms
 ⣾ Waiting for the org to respond 12.26s
 ◼ Done

 Status: In Progress
 Elapsed Time: 12.76s

[2K[1A[2K[1A[2K[1A[2K[1A[2K[1A[2K[1A[2K[1A[2K[1A[2K[1A[2K[1A[2K[1A[2K[1A[2K[1A[2K[1A[2K[G
 ────────────── Retrieving Metadata ──────────────

 Retrieving v66.0 metadata from liam.jeong.c@fortra.com.uat using the v67.0 SOAP
  API

 ✔ Preparing retrieve request 3ms
 ✔ Sending request to org 486ms
 ⣾ Waiting for the org to respond 12.29s
 ◼ Done

 Status: In Progress
 Elapsed Time: 12.79s

[2K[1A[2K[1A[2K[1A[2K[1A[2K[1A[2K[1A[2K[1A[2K[1A[2K[1A[2K[1A[2K[1A[2K[1A[2K[1A[2K[1A[2K[G
 ────────────── Retrieving Metadata ──────────────

 Retrieving v66.0 metadata from liam.jeong.c@fortra.com.uat using the v67.0 SOAP
  API

 ✔ Preparing retrieve request 3ms
 ✔ Sending request to org 486ms
 ⣽ Waiting for the org to respond 12.32s
 ◼ Done

 Status: In Progress
 Elapsed Time: 12.82s

[2K[1A[2K[1A[2K[1A[2K[1A[2K[1A[2K[1A[2K[1A[2K[1A[2K[1A[2K[1A[2K[1A[2K[1A[2K[1A[2K[1A[2K[G
 ────────────── Retrieving Metadata ──────────────

 Retrieving v66.0 metadata from liam.jeong.c@fortra.com.uat using the v67.0 SOAP
  API

 ✔ Preparing retrieve request 3ms
 ✔ Sending request to org 486ms
 ⣽ Waiting for the org to respond 12.36s
 ◼ Done

 Status: In Progress
 Elapsed Time: 12.85s

[2K[1A[2K[1A[2K[1A[2K[1A[2K[1A[2K[1A[2K[1A[2K[1A[2K[1A[2K[1A[2K[1A[2K[1A[2K[1A[2K[1A[2K[G
 ────────────── Retrieving Metadata ──────────────

 Retrieving v66.0 metadata from liam.jeong.c@fortra.com.uat using the v67.0 SOAP
  API

 ✔ Preparing retrieve request 3ms
 ✔ Sending request to org 486ms
 ⣻ Waiting for the org to respond 12.39s
 ◼ Done

 Status: In Progress
 Elapsed Time: 12.88s

[2K[1A[2K[1A[2K[1A[2K[1A[2K[1A[2K[1A[2K[1A[2K[1A[2K[1A[2K[1A[2K[1A[2K[1A[2K[1A[2K[1A[2K[G
 ────────────── Retrieving Metadata ──────────────

 Retrieving v66.0 metadata from liam.jeong.c@fortra.com.uat using the v67.0 SOAP
  API

 ✔ Preparing retrieve request 3ms
 ✔ Sending request to org 486ms
 ⣻ Waiting for the org to respond 12.42s
 ◼ Done

 Status: In Progress
 Elapsed Time: 12.92s

[2K[1A[2K[1A[2K[1A[2K[1A[2K[1A[2K[1A[2K[1A[2K[1A[2K[1A[2K[1A[2K[1A[2K[1A[2K[1A[2K[1A[2K[G
 ────────────── Retrieving Metadata ──────────────

 Retrieving v66.0 metadata from liam.jeong.c@fortra.com.uat using the v67.0 SOAP
  API

 ✔ Preparing retrieve request 3ms
 ✔ Sending request to org 486ms
 ⣻ Waiting for the org to respond 12.45s
 ◼ Done

 Status: In Progress
 Elapsed Time: 12.95s

[2K[1A[2K[1A[2K[1A[2K[1A[2K[1A[2K[1A[2K[1A[2K[1A[2K[1A[2K[1A[2K[1A[2K[1A[2K[1A[2K[1A[2K[G
 ────────────── Retrieving Metadata ──────────────

 Retrieving v66.0 metadata from liam.jeong.c@fortra.com.uat using the v67.0 SOAP
  API

 ✔ Preparing retrieve request 3ms
 ✔ Sending request to org 486ms
 ⢿ Waiting for the org to respond 12.49s
 ◼ Done

 Status: In Progress
 Elapsed Time: 12.98s

[2K[1A[2K[1A[2K[1A[2K[1A[2K[1A[2K[1A[2K[1A[2K[1A[2K[1A[2K[1A[2K[1A[2K[1A[2K[1A[2K[1A[2K[G
 ────────────── Retrieving Metadata ──────────────

 Retrieving v66.0 metadata from liam.jeong.c@fortra.com.uat using the v67.0 SOAP
  API

 ✔ Preparing retrieve request 3ms
 ✔ Sending request to org 486ms
 ⢿ Waiting for the org to respond 12.52s
 ◼ Done

 Status: In Progress
 Elapsed Time: 13.01s

[2K[1A[2K[1A[2K[1A[2K[1A[2K[1A[2K[1A[2K[1A[2K[1A[2K[1A[2K[1A[2K[1A[2K[1A[2K[1A[2K[1A[2K[G
 ────────────── Retrieving Metadata ──────────────

 Retrieving v66.0 metadata from liam.jeong.c@fortra.com.uat using the v67.0 SOAP
  API

 ✔ Preparing retrieve request 3ms
 ✔ Sending request to org 486ms
 ⡿ Waiting for the org to respond 12.55s
 ◼ Done

 Status: In Progress
 Elapsed Time: 13.04s

[2K[1A[2K[1A[2K[1A[2K[1A[2K[1A[2K[1A[2K[1A[2K[1A[2K[1A[2K[1A[2K[1A[2K[1A[2K[1A[2K[1A[2K[G
 ────────────── Retrieving Metadata ──────────────

 Retrieving v66.0 metadata from liam.jeong.c@fortra.com.uat using the v67.0 SOAP
  API

 ✔ Preparing retrieve request 3ms
 ✔ Sending request to org 486ms
 ⡿ Waiting for the org to respond 12.58s
 ◼ Done

 Status: In Progress
 Elapsed Time: 13.08s

[2K[1A[2K[1A[2K[1A[2K[1A[2K[1A[2K[1A[2K[1A[2K[1A[2K[1A[2K[1A[2K[1A[2K[1A[2K[1A[2K[1A[2K[G
 ────────────── Retrieving Metadata ──────────────

 Retrieving v66.0 metadata from liam.jeong.c@fortra.com.uat using the v67.0 SOAP
  API

 ✔ Preparing retrieve request 3ms
 ✔ Sending request to org 486ms
 ⡿ Waiting for the org to respond 12.61s
 ◼ Done

 Status: In Progress
 Elapsed Time: 13.11s

[2K[1A[2K[1A[2K[1A[2K[1A[2K[1A[2K[1A[2K[1A[2K[1A[2K[1A[2K[1A[2K[1A[2K[1A[2K[1A[2K[1A[2K[G
 ────────────── Retrieving Metadata ──────────────

 Retrieving v66.0 metadata from liam.jeong.c@fortra.com.uat using the v67.0 SOAP
  API

 ✔ Preparing retrieve request 3ms
 ✔ Sending request to org 486ms
 ⣟ Waiting for the org to respond 12.65s
 ◼ Done

 Status: In Progress
 Elapsed Time: 13.14s

[2K[1A[2K[1A[2K[1A[2K[1A[2K[1A[2K[1A[2K[1A[2K[1A[2K[1A[2K[1A[2K[1A[2K[1A[2K[1A[2K[1A[2K[G
 ────────────── Retrieving Metadata ──────────────

 Retrieving v66.0 metadata from liam.jeong.c@fortra.com.uat using the v67.0 SOAP
  API

 ✔ Preparing retrieve request 3ms
 ✔ Sending request to org 486ms
 ⣟ Waiting for the org to respond 12.68s
 ◼ Done

 Status: In Progress
 Elapsed Time: 13.17s

[2K[1A[2K[1A[2K[1A[2K[1A[2K[1A[2K[1A[2K[1A[2K[1A[2K[1A[2K[1A[2K[1A[2K[1A[2K[1A[2K[1A[2K[G
 ────────────── Retrieving Metadata ──────────────

 Retrieving v66.0 metadata from liam.jeong.c@fortra.com.uat using the v67.0 SOAP
  API

 ✔ Preparing retrieve request 3ms
 ✔ Sending request to org 486ms
 ⣯ Waiting for the org to respond 12.71s
 ◼ Done

 Status: In Progress
 Elapsed Time: 13.20s

[2K[1A[2K[1A[2K[1A[2K[1A[2K[1A[2K[1A[2K[1A[2K[1A[2K[1A[2K[1A[2K[1A[2K[1A[2K[1A[2K[1A[2K[G
 ────────────── Retrieving Metadata ──────────────

 Retrieving v66.0 metadata from liam.jeong.c@fortra.com.uat using the v67.0 SOAP
  API

 ✔ Preparing retrieve request 3ms
 ✔ Sending request to org 486ms
 ⣯ Waiting for the org to respond 12.74s
 ◼ Done

 Status: In Progress
 Elapsed Time: 13.24s

[2K[1A[2K[1A[2K[1A[2K[1A[2K[1A[2K[1A[2K[1A[2K[1A[2K[1A[2K[1A[2K[1A[2K[1A[2K[1A[2K[1A[2K[G
 ────────────── Retrieving Metadata ──────────────

 Retrieving v66.0 metadata from liam.jeong.c@fortra.com.uat using the v67.0 SOAP
  API

 ✔ Preparing retrieve request 3ms
 ✔ Sending request to org 486ms
 ⣯ Waiting for the org to respond 12.78s
 ◼ Done

 Status: In Progress
 Elapsed Time: 13.26s

[2K[1A[2K[1A[2K[1A[2K[1A[2K[1A[2K[1A[2K[1A[2K[1A[2K[1A[2K[1A[2K[1A[2K[1A[2K[1A[2K[1A[2K[G
 ────────────── Retrieving Metadata ──────────────

 Retrieving v66.0 metadata from liam.jeong.c@fortra.com.uat using the v67.0 SOAP
  API

 ✔ Preparing retrieve request 3ms
 ✔ Sending request to org 486ms
 ⣷ Waiting for the org to respond 12.81s
 ◼ Done

 Status: In Progress
 Elapsed Time: 13.31s

[2K[1A[2K[1A[2K[1A[2K[1A[2K[1A[2K[1A[2K[1A[2K[1A[2K[1A[2K[1A[2K[1A[2K[1A[2K[1A[2K[1A[2K[G
 ────────────── Retrieving Metadata ──────────────

 Retrieving v66.0 metadata from liam.jeong.c@fortra.com.uat using the v67.0 SOAP
  API

 ✔ Preparing retrieve request 3ms
 ✔ Sending request to org 486ms
 ⣷ Waiting for the org to respond 12.84s
 ◼ Done

 Status: In Progress
 Elapsed Time: 13.34s

[2K[1A[2K[1A[2K[1A[2K[1A[2K[1A[2K[1A[2K[1A[2K[1A[2K[1A[2K[1A[2K[1A[2K[1A[2K[1A[2K[1A[2K[G
 ────────────── Retrieving Metadata ──────────────

 Retrieving v66.0 metadata from liam.jeong.c@fortra.com.uat using the v67.0 SOAP
  API

 ✔ Preparing retrieve request 3ms
 ✔ Sending request to org 486ms
 ⣾ Waiting for the org to respond 12.88s
 ◼ Done

 Status: In Progress
 Elapsed Time: 13.37s

[2K[1A[2K[1A[2K[1A[2K[1A[2K[1A[2K[1A[2K[1A[2K[1A[2K[1A[2K[1A[2K[1A[2K[1A[2K[1A[2K[1A[2K[G
 ────────────── Retrieving Metadata ──────────────

 Retrieving v66.0 metadata from liam.jeong.c@fortra.com.uat using the v67.0 SOAP
  API

 ✔ Preparing retrieve request 3ms
 ✔ Sending request to org 486ms
 ⣾ Waiting for the org to respond 12.91s
 ◼ Done

 Status: In Progress
 Elapsed Time: 13.40s

[2K[1A[2K[1A[2K[1A[2K[1A[2K[1A[2K[1A[2K[1A[2K[1A[2K[1A[2K[1A[2K[1A[2K[1A[2K[1A[2K[1A[2K[G
 ────────────── Retrieving Metadata ──────────────

 Retrieving v66.0 metadata from liam.jeong.c@fortra.com.uat using the v67.0 SOAP
  API

 ✔ Preparing retrieve request 3ms
 ✔ Sending request to org 486ms
 ⣾ Waiting for the org to respond 12.94s
 ◼ Done

 Status: In Progress
 Elapsed Time: 13.43s

[2K[1A[2K[1A[2K[1A[2K[1A[2K[1A[2K[1A[2K[1A[2K[1A[2K[1A[2K[1A[2K[1A[2K[1A[2K[1A[2K[1A[2K[G
 ────────────── Retrieving Metadata ──────────────

 Retrieving v66.0 metadata from liam.jeong.c@fortra.com.uat using the v67.0 SOAP
  API

 ✔ Preparing retrieve request 3ms
 ✔ Sending request to org 486ms
 ⣽ Waiting for the org to respond 12.97s
 ◼ Done

 Status: In Progress
 Elapsed Time: 13.47s

[2K[1A[2K[1A[2K[1A[2K[1A[2K[1A[2K[1A[2K[1A[2K[1A[2K[1A[2K[1A[2K[1A[2K[1A[2K[1A[2K[1A[2K[G
 ────────────── Retrieving Metadata ──────────────

 Retrieving v66.0 metadata from liam.jeong.c@fortra.com.uat using the v67.0 SOAP
  API

 ✔ Preparing retrieve request 3ms
 ✔ Sending request to org 486ms
 ⣽ Waiting for the org to respond 13.00s
 ◼ Done

 Status: In Progress
 Elapsed Time: 13.50s

[2K[1A[2K[1A[2K[1A[2K[1A[2K[1A[2K[1A[2K[1A[2K[1A[2K[1A[2K[1A[2K[1A[2K[1A[2K[1A[2K[1A[2K[G
 ────────────── Retrieving Metadata ──────────────

 Retrieving v66.0 metadata from liam.jeong.c@fortra.com.uat using the v67.0 SOAP
  API

 ✔ Preparing retrieve request 3ms
 ✔ Sending request to org 486ms
 ⣻ Waiting for the org to respond 13.04s
 ◼ Done

 Status: In Progress
 Elapsed Time: 13.53s

[2K[1A[2K[1A[2K[1A[2K[1A[2K[1A[2K[1A[2K[1A[2K[1A[2K[1A[2K[1A[2K[1A[2K[1A[2K[1A[2K[1A[2K[G
 ────────────── Retrieving Metadata ──────────────

 Retrieving v66.0 metadata from liam.jeong.c@fortra.com.uat using the v67.0 SOAP
  API

 ✔ Preparing retrieve request 3ms
 ✔ Sending request to org 486ms
 ⣻ Waiting for the org to respond 13.07s
 ◼ Done

 Status: In Progress
 Elapsed Time: 13.56s

[2K[1A[2K[1A[2K[1A[2K[1A[2K[1A[2K[1A[2K[1A[2K[1A[2K[1A[2K[1A[2K[1A[2K[1A[2K[1A[2K[1A[2K[G
 ────────────── Retrieving Metadata ──────────────

 Retrieving v66.0 metadata from liam.jeong.c@fortra.com.uat using the v67.0 SOAP
  API

 ✔ Preparing retrieve request 3ms
 ✔ Sending request to org 486ms
 ⣻ Waiting for the org to respond 13.10s
 ◼ Done

 Status: In Progress
 Elapsed Time: 13.60s

[2K[1A[2K[1A[2K[1A[2K[1A[2K[1A[2K[1A[2K[1A[2K[1A[2K[1A[2K[1A[2K[1A[2K[1A[2K[1A[2K[1A[2K[G
 ────────────── Retrieving Metadata ──────────────

 Retrieving v66.0 metadata from liam.jeong.c@fortra.com.uat using the v67.0 SOAP
  API

 ✔ Preparing retrieve request 3ms
 ✔ Sending request to org 486ms
 ⢿ Waiting for the org to respond 13.13s
 ◼ Done

 Status: In Progress
 Elapsed Time: 13.63s

[2K[1A[2K[1A[2K[1A[2K[1A[2K[1A[2K[1A[2K[1A[2K[1A[2K[1A[2K[1A[2K[1A[2K[1A[2K[1A[2K[1A[2K[G
 ────────────── Retrieving Metadata ──────────────

 Retrieving v66.0 metadata from liam.jeong.c@fortra.com.uat using the v67.0 SOAP
  API

 ✔ Preparing retrieve request 3ms
 ✔ Sending request to org 486ms
 ⢿ Waiting for the org to respond 13.17s
 ◼ Done

 Status: In Progress
 Elapsed Time: 13.66s

[2K[1A[2K[1A[2K[1A[2K[1A[2K[1A[2K[1A[2K[1A[2K[1A[2K[1A[2K[1A[2K[1A[2K[1A[2K[1A[2K[1A[2K[G
 ────────────── Retrieving Metadata ──────────────

 Retrieving v66.0 metadata from liam.jeong.c@fortra.com.uat using the v67.0 SOAP
  API

 ✔ Preparing retrieve request 3ms
 ✔ Sending request to org 486ms
 ⡿ Waiting for the org to respond 13.20s
 ◼ Done

 Status: In Progress
 Elapsed Time: 13.69s

[2K[1A[2K[1A[2K[1A[2K[1A[2K[1A[2K[1A[2K[1A[2K[1A[2K[1A[2K[1A[2K[1A[2K[1A[2K[1A[2K[1A[2K[G
 ────────────── Retrieving Metadata ──────────────

 Retrieving v66.0 metadata from liam.jeong.c@fortra.com.uat using the v67.0 SOAP
  API

 ✔ Preparing retrieve request 3ms
 ✔ Sending request to org 486ms
 ⡿ Waiting for the org to respond 13.23s
 ◼ Done

 Status: In Progress
 Elapsed Time: 13.72s

[2K[1A[2K[1A[2K[1A[2K[1A[2K[1A[2K[1A[2K[1A[2K[1A[2K[1A[2K[1A[2K[1A[2K[1A[2K[1A[2K[1A[2K[G
 ────────────── Retrieving Metadata ──────────────

 Retrieving v66.0 metadata from liam.jeong.c@fortra.com.uat using the v67.0 SOAP
  API

 ✔ Preparing retrieve request 3ms
 ✔ Sending request to org 486ms
 ⡿ Waiting for the org to respond 13.26s
 ◼ Done

 Status: In Progress
 Elapsed Time: 13.76s

[2K[1A[2K[1A[2K[1A[2K[1A[2K[1A[2K[1A[2K[1A[2K[1A[2K[1A[2K[1A[2K[1A[2K[1A[2K[1A[2K[1A[2K[G
 ────────────── Retrieving Metadata ──────────────

 Retrieving v66.0 metadata from liam.jeong.c@fortra.com.uat using the v67.0 SOAP
  API

 ✔ Preparing retrieve request 3ms
 ✔ Sending request to org 486ms
 ⣟ Waiting for the org to respond 13.29s
 ◼ Done

 Status: In Progress
 Elapsed Time: 13.79s

[2K[1A[2K[1A[2K[1A[2K[1A[2K[1A[2K[1A[2K[1A[2K[1A[2K[1A[2K[1A[2K[1A[2K[1A[2K[1A[2K[1A[2K[G
 ────────────── Retrieving Metadata ──────────────

 Retrieving v66.0 metadata from liam.jeong.c@fortra.com.uat using the v67.0 SOAP
  API

 ✔ Preparing retrieve request 3ms
 ✔ Sending request to org 486ms
 ⣟ Waiting for the org to respond 13.33s
 ◼ Done

 Status: In Progress
 Elapsed Time: 13.82s

[2K[1A[2K[1A[2K[1A[2K[1A[2K[1A[2K[1A[2K[1A[2K[1A[2K[1A[2K[1A[2K[1A[2K[1A[2K[1A[2K[1A[2K[G
 ────────────── Retrieving Metadata ──────────────

 Retrieving v66.0 metadata from liam.jeong.c@fortra.com.uat using the v67.0 SOAP
  API

 ✔ Preparing retrieve request 3ms
 ✔ Sending request to org 486ms
 ⣯ Waiting for the org to respond 13.36s
 ◼ Done

 Status: In Progress
 Elapsed Time: 13.85s

[2K[1A[2K[1A[2K[1A[2K[1A[2K[1A[2K[1A[2K[1A[2K[1A[2K[1A[2K[1A[2K[1A[2K[1A[2K[1A[2K[1A[2K[G
 ────────────── Retrieving Metadata ──────────────

 Retrieving v66.0 metadata from liam.jeong.c@fortra.com.uat using the v67.0 SOAP
  API

 ✔ Preparing retrieve request 3ms
 ✔ Sending request to org 486ms
 ⣯ Waiting for the org to respond 13.39s
 ◼ Done

 Status: In Progress
 Elapsed Time: 13.88s

[2K[1A[2K[1A[2K[1A[2K[1A[2K[1A[2K[1A[2K[1A[2K[1A[2K[1A[2K[1A[2K[1A[2K[1A[2K[1A[2K[1A[2K[G
 ────────────── Retrieving Metadata ──────────────

 Retrieving v66.0 metadata from liam.jeong.c@fortra.com.uat using the v67.0 SOAP
  API

 ✔ Preparing retrieve request 3ms
 ✔ Sending request to org 486ms
 ⣯ Waiting for the org to respond 13.42s
 ◼ Done

 Status: In Progress
 Elapsed Time: 13.92s

[2K[1A[2K[1A[2K[1A[2K[1A[2K[1A[2K[1A[2K[1A[2K[1A[2K[1A[2K[1A[2K[1A[2K[1A[2K[1A[2K[1A[2K[G
 ────────────── Retrieving Metadata ──────────────

 Retrieving v66.0 metadata from liam.jeong.c@fortra.com.uat using the v67.0 SOAP
  API

 ✔ Preparing retrieve request 3ms
 ✔ Sending request to org 486ms
 ⣷ Waiting for the org to respond 13.45s
 ◼ Done

 Status: In Progress
 Elapsed Time: 13.95s

[2K[1A[2K[1A[2K[1A[2K[1A[2K[1A[2K[1A[2K[1A[2K[1A[2K[1A[2K[1A[2K[1A[2K[1A[2K[1A[2K[1A[2K[G
 ────────────── Retrieving Metadata ──────────────

 Retrieving v66.0 metadata from liam.jeong.c@fortra.com.uat using the v67.0 SOAP
  API

 ✔ Preparing retrieve request 3ms
 ✔ Sending request to org 486ms
 ⣷ Waiting for the org to respond 13.49s
 ◼ Done

 Status: In Progress
 Elapsed Time: 13.98s

[2K[1A[2K[1A[2K[1A[2K[1A[2K[1A[2K[1A[2K[1A[2K[1A[2K[1A[2K[1A[2K[1A[2K[1A[2K[1A[2K[1A[2K[G
 ────────────── Retrieving Metadata ──────────────

 Retrieving v66.0 metadata from liam.jeong.c@fortra.com.uat using the v67.0 SOAP
  API

 ✔ Preparing retrieve request 3ms
 ✔ Sending request to org 486ms
 ⣾ Waiting for the org to respond 13.52s
 ◼ Done

 Status: In Progress
 Elapsed Time: 14.01s

[2K[1A[2K[1A[2K[1A[2K[1A[2K[1A[2K[1A[2K[1A[2K[1A[2K[1A[2K[1A[2K[1A[2K[1A[2K[1A[2K[1A[2K[G
 ────────────── Retrieving Metadata ──────────────

 Retrieving v66.0 metadata from liam.jeong.c@fortra.com.uat using the v67.0 SOAP
  API

 ✔ Preparing retrieve request 3ms
 ✔ Sending request to org 486ms
 ⣾ Waiting for the org to respond 13.55s
 ◼ Done

 Status: In Progress
 Elapsed Time: 14.04s

[2K[1A[2K[1A[2K[1A[2K[1A[2K[1A[2K[1A[2K[1A[2K[1A[2K[1A[2K[1A[2K[1A[2K[1A[2K[1A[2K[1A[2K[G
 ────────────── Retrieving Metadata ──────────────

 Retrieving v66.0 metadata from liam.jeong.c@fortra.com.uat using the v67.0 SOAP
  API

 ✔ Preparing retrieve request 3ms
 ✔ Sending request to org 486ms
 ⣾ Waiting for the org to respond 13.58s
 ◼ Done

 Status: In Progress
 Elapsed Time: 14.08s

[2K[1A[2K[1A[2K[1A[2K[1A[2K[1A[2K[1A[2K[1A[2K[1A[2K[1A[2K[1A[2K[1A[2K[1A[2K[1A[2K[1A[2K[G
 ────────────── Retrieving Metadata ──────────────

 Retrieving v66.0 metadata from liam.jeong.c@fortra.com.uat using the v67.0 SOAP
  API

 ✔ Preparing retrieve request 3ms
 ✔ Sending request to org 486ms
 ✔ Waiting for the org to respond 13.59s
 ✔ Done 0ms

 Status: Succeeded
 Elapsed Time: 14.08s

Wrote retrieve zip file to /Users/liamjeong/Documents/Code/Fortra/Data/pricing-refactor-scratch/live/esd_md/unpackaged.zip.
