67.0 APEX_CODE,FINEST;APEX_PROFILING,FINEST;CALLOUT,FINEST;DATA_ACCESS,INFO;DB,FINEST;NBA,FINE;SYSTEM,FINE;VALIDATION,INFO;VISUALFORCE,FINER;WAVE,FINEST;WORKFLOW,FINER
19:56:16.0 (813075)|USER_INFO|[EXTERNAL]|005WC00000MgTN2|liam.jeong.c@fortra.com.uat|(GMT-07:00) Pacific Daylight Time (America/Los_Angeles)|GMT-07:00
19:56:16.0 (920832)|EXECUTION_STARTED
19:56:16.0 (954762)|CODE_UNIT_STARTED|[EXTERNAL]|Flow:Quote
19:56:16.0 (1689497)|CODE_UNIT_FINISHED|Flow:Quote
19:56:16.0 (1717671)|EXECUTION_FINISHED
19:56:16.9 (9773674)|USER_INFO|[EXTERNAL]|005WC00000MgTN2|liam.jeong.c@fortra.com.uat|(GMT-07:00) Pacific Daylight Time (America/Los_Angeles)|GMT-07:00
19:56:16.9 (9812391)|EXECUTION_STARTED
19:56:16.9 (9836836)|CODE_UNIT_STARTED|[EXTERNAL]|TRIGGERS
19:56:16.9 (9867240)|CODE_UNIT_STARTED|[EXTERNAL]|01qWC000007NC1F|QuoteTrigger on Quote trigger event BeforeUpdate|__sfdc_trigger/QuoteTrigger
19:56:16.9 (9928033)|HEAP_ALLOCATE|[EXTERNAL]|Bytes:8
19:56:16.9 (10079609)|HEAP_ALLOCATE|[EXTERNAL]|Bytes:8
19:56:16.9 (11276040)|HEAP_ALLOCATE|[95]|Bytes:3
19:56:16.9 (11336500)|HEAP_ALLOCATE|[100]|Bytes:152
19:56:16.9 (11351263)|HEAP_ALLOCATE|[417]|Bytes:408
19:56:16.9 (11362743)|HEAP_ALLOCATE|[430]|Bytes:408
19:56:16.9 (11382920)|HEAP_ALLOCATE|[317]|Bytes:6
19:56:16.9 (11406629)|HEAP_ALLOCATE|[EXTERNAL]|Bytes:4
19:56:16.9 (11439426)|VARIABLE_SCOPE_BEGIN|[4]|this|QuoteTrigger|true|false
19:56:16.9 (11578229)|VARIABLE_ASSIGNMENT|[4]|this|{}|0x75912a99
19:56:16.9 (11622656)|HEAP_ALLOCATE|[EXTERNAL]|Bytes:4
19:56:16.9 (11636083)|VARIABLE_SCOPE_BEGIN|[4]|this|QuoteTrigger|true|false
19:56:16.9 (11646134)|VARIABLE_ASSIGNMENT|[4]|this|{}|0x75912a99
19:56:16.9 (11658129)|STATEMENT_EXECUTE|[4]
19:56:16.9 (11677168)|HEAP_ALLOCATE|[68]|Bytes:5
19:56:16.9 (11703959)|HEAP_ALLOCATE|[74]|Bytes:5
19:56:16.9 (11709954)|HEAP_ALLOCATE|[82]|Bytes:7
19:56:16.9 (11747109)|STATEMENT_EXECUTE|[5]
19:56:16.9 (11748872)|STATEMENT_EXECUTE|[6]
19:56:16.9 (17721127)|VARIABLE_SCOPE_BEGIN|[9]|QuoteRenewalTypeHandler.ORIGINAL_ACTION_RENEW|String|false|true
19:56:16.9 (17745487)|VARIABLE_SCOPE_BEGIN|[8]|QuoteRenewalTypeHandler.QUOTE_TYPE_RENEWAL|String|false|true
19:56:16.9 (17801946)|HEAP_ALLOCATE|[6]|Bytes:5
19:56:16.9 (17811793)|HEAP_ALLOCATE|[6]|Bytes:5
19:56:16.9 (17855547)|VARIABLE_ASSIGNMENT|[6]|QuoteRenewalTypeHandler.ORIGINAL_ACTION_RENEW|"Renew"
19:56:16.9 (17859211)|HEAP_ALLOCATE|[6]|Bytes:7
19:56:16.9 (17863594)|VARIABLE_ASSIGNMENT|[6]|QuoteRenewalTypeHandler.QUOTE_TYPE_RENEWAL|"Renewal"
19:56:16.9 (17914482)|METHOD_ENTRY|[6]|01pWC000002VWVV|QuoteRenewalTypeHandler.QuoteRenewalTypeHandler()
19:56:16.9 (17922621)|STATEMENT_EXECUTE|[6]
19:56:16.9 (17930844)|STATEMENT_EXECUTE|[6]
19:56:16.9 (19013117)|SYSTEM_MODE_ENTER|false
19:56:16.9 (19446234)|HEAP_ALLOCATE|[6]|Bytes:5
19:56:16.9 (19473003)|SYSTEM_MODE_EXIT|false
19:56:16.9 (19503251)|METHOD_EXIT|[6]|QuoteRenewalTypeHandler
19:56:16.9 (19559615)|METHOD_ENTRY|[6]|01pWC000002VWVV|QuoteRenewalTypeHandler.applyRenewalQuoteType(List<Quote>)
19:56:16.9 (19613487)|VARIABLE_SCOPE_BEGIN|[11]|quotes|List<Quote>|true|false
19:56:16.9 (49590522)|VARIABLE_ASSIGNMENT|[11]|quotes|[{"LastModifiedDate":"2026-06-14T02:54:10.000Z","Quote_Type__c":"Renewal","Bill_To_Place__c":"a0lWC000004nA5ZYAU","Export_Compliance_Status__c":"Pending","Net_Terms_Approval__c":false,"Exchange_Rate_To_USD__c":1.0000000000,"Export_Review_Required__c":false,"Within_Renewal_Window__c":false,"IsPrimary__c":false,"Credit_Renewal_Approval__c":false,"Days_Until_Renewal__c":362,"Renewal_Contract__c":"800WC00000SB0FtYAL","QuoteAccountId":"001WC00000kZKNxYAO","Pro_Ration_Method__c":"Monthly","Renewal_ARR_Approval__c":false,"Status":"Draft","Show_Hide_Discounts__c":"Show","IsDeleted":false,"Subtotal":67.38,"Force_New_Contract__c":false,"Net_Contract_Change__c":0.00,"Signed_Quote_Approval__c":false,"Terms_and_Conditions__c":false,"Payment_Portal__c":"Fortra (default)","Original_Contract_ARR__c":0.00,"BillingStateCode":"MN","GrandTotal":67.38,"ShippingPostalCode":"55344","ShippingState":"Minnesota","Mycap__c":false,"Deal_Type__c":"Fortra Originated","Id":"0Q0WC00000382MH0AY","Subscription_Pricing_Discount_Approval__c":false,"Net_Terms__c":"Net_30","Discount":0.00,"Services_Discount_Approval__c":false,"Total_Contract_Value_TCV__c":67.38,"LineItemCount":2,"OwnerId":"005WC00000DZ6xVYAT","OpportunityId":"006WC00000QuJ4DYAV","LegalEntityId":"0fwWC000000034LYAQ","Language__c":"English","ShippingCity":"Eden Prairie","GSW__c":false,"Manually_Sent__c":false,"CalculationStatus":"Saving","Corporate_Currency_Amount__c":67.38,"Annual_Contract_Value_ACV__c":67.38,"Max_Discount_on_QLIs__c":0.00,"Quote_Displaced_ARR__c":0.00,"OriginalActionType":"Renew","Ship_To_Place__c":"a0lWC000004nA5ZYAU","Show_Hide_Product_Number__c":"Show","SystemModstamp":"2026-06-14T02:54:10.000Z","Create_Order_from_Quote__c":false,"BillingCountry":"United States","Manual_Discount__c":0.00,"QuoteToCountryCode":"US","TotalPrice":67.38,"AdditionalCountryCode":"US","Legal_Support_Approval__c":false,"AccountId":"001WC00000kZKNxYAO","ShippingStateCode":"MN","BillingCity":"Eden Prairie","QuoteToCountry":"United States","Total_Discount_Amount__c":0.00,"MYCAP_Approval__c":false,"Name":"Renewal Quote","License_Extension_Approval__c":false,"StartDate":"2026-06-11T00:00:00.000Z","CreatedById":"005WC00000DZ6xVYAT","Auto_Renewal__c":false,"Channel_MSP_Pricing_Discount_Approval__c":false,"BillingPostalCode":"55344","Annualized_License_Equivalent_Base__c":67.38,"Show_Hide_Free_Products__c":"Show","Maintenance_Max_Discount__c":0.00,"Total_Displaced_ARR__c":0.00,"CurrencyIsoCode":"USD","LegacyRenewalQuote__c":false,"Credit_Renewal_ARR__c":false,"ShippingStreet":"11095 Viking Drive","Annuial_Revenue_Base__c":67.38,"AdditionalCountry":"United States","Total_Quote_Line_ARR__c":0.00,"CreatedDate":"2026-06-11T21:14:56.000Z","Pricebook2Id":"01sWC0000022GHFYA2","IsSyncing":false,"Renewal_Cancellation_Approval__c":false,"BillingState":"Minnesota","TransactionType":"Fortra_Advanced_Pric (3 more) ...","Discount_Renewal_ARR__c":false,"Contains_Offensive_Security__c":false,"BillingCountryCode":"US","Temp_License_Key_Extension__c":false,"Disable_Export_Control__c":false,"ContactId":"003WC00000x4jCfYAI","PartnerAccountId":"001WC00000ZtazZYAR","Export_License_Required__c":false,"Billing_Partner__c":"001WC00000ZtazZYAR","SalesTransactionTypeId":"1ChWC0000002eJ70AI","Maintenance_Discount_Approval__c":false,"Partner_Pricing_Model__c":"Discount","ShippingCountry":"United States","LineGroupCount":0,"Approval_Status__c":"None","Unsigned_Quote_Approval__c":false,"ContractId":"800WC00000SB0FtYAL","BillToContactId":"003WC00000x4jCfYAI","QuoteTypeText__c":"Renewal","Approval_Rejected_Checkbox__c":false,"ShippingCountryCode":"US","QuoteNumber":"00781084","CanCreateQuoteLineItems":false,"ALE__c":67.38,"BillingStreet":"11095 Viking Drive","Request_Legal_Support__c":false,"Perpetual_Pricing_Discount_Approval__c":false,"LastModifiedById":"005WC00000MgTN2YAN","Displaced_ARR_Approval__c":false}]|0x71c31377
19:56:16.9 (50866905)|SYSTEM_MODE_ENTER|false
19:56:16.9 (50896226)|HEAP_ALLOCATE|[12]|Bytes:5
19:56:16.9 (50909976)|STATEMENT_EXECUTE|[11]
19:56:16.9 (50986076)|SYSTEM_METHOD_ENTRY|[12]|List<Quote>.isEmpty()
19:56:16.9 (51063620)|SYSTEM_METHOD_EXIT|[12]|List<Quote>.isEmpty()
19:56:16.9 (51074669)|STATEMENT_EXECUTE|[12]
19:56:16.9 (51080900)|SYSTEM_METHOD_ENTRY|[16]|List<Quote>.iterator()
19:56:16.9 (51226640)|SYSTEM_METHOD_EXIT|[16]|List<Quote>.iterator()
19:56:16.9 (51245594)|SYSTEM_METHOD_ENTRY|[16]|system.ListIterator.hasNext()
19:56:16.9 (51254608)|HEAP_ALLOCATE|[16]|Bytes:5
19:56:16.9 (51262383)|SYSTEM_METHOD_EXIT|[16]|system.ListIterator.hasNext()
19:56:16.9 (51312867)|HEAP_ALLOCATE|[16]|Bytes:4
19:56:16.9 (51323488)|VARIABLE_SCOPE_BEGIN|[16]|quote|Quote|true|false
19:56:16.9 (52751826)|VARIABLE_ASSIGNMENT|[16]|quote|{"LastModifiedDate":"2026-06-14T02:54:10.000Z","Quote_Type__c":"Renewal","Bill_To_Place__c":"a0lWC000004nA5ZYAU","Export_Compliance_Status__c":"Pending","Net_Terms_Approval__c":false,"Exchange_Rate_To_USD__c":1.0000000000,"Export_Review_Required__c":false,"Within_Renewal_Window__c":false,"IsPrimary__c":false,"Credit_Renewal_Approval__c":false,"Days_Until_Renewal__c":362,"Renewal_Contract__c":"800WC00000SB0FtYAL","QuoteAccountId":"001WC00000kZKNxYAO","Pro_Ration_Method__c":"Monthly","Renewal_ARR_Approval__c":false,"Status":"Draft","Show_Hide_Discounts__c":"Show","IsDeleted":false,"Subtotal":67.38,"Force_New_Contract__c":false,"Net_Contract_Change__c":0.00,"Signed_Quote_Approval__c":false,"Terms_and_Conditions__c":false,"Payment_Portal__c":"Fortra (default)","Original_Contract_ARR__c":0.00,"BillingStateCode":"MN","GrandTotal":67.38,"ShippingPostalCode":"55344","ShippingState":"Minnesota","Mycap__c":false,"Deal_Type__c":"Fortra Originated","Id":"0Q0WC00000382MH0AY","Subscription_Pricing_Discount_Approval__c":false,"Net_Terms__c":"Net_30","Discount":0.00,"Services_Discount_Approval__c":false,"Total_Contract_Value_TCV__c":67.38,"LineItemCount":2,"OwnerId":"005WC00000DZ6xVYAT","OpportunityId":"006WC00000QuJ4DYAV","LegalEntityId":"0fwWC000000034LYAQ","Language__c":"English","ShippingCity":"Eden Prairie","GSW__c":false,"Manually_Sent__c":false,"CalculationStatus":"Saving","Corporate_Currency_Amount__c":67.38,"Annual_Contract_Value_ACV__c":67.38,"Max_Discount_on_QLIs__c":0.00,"Quote_Displaced_ARR__c":0.00,"OriginalActionType":"Renew","Ship_To_Place__c":"a0lWC000004nA5ZYAU","Show_Hide_Product_Number__c":"Show","SystemModstamp":"2026-06-14T02:54:10.000Z","Create_Order_from_Quote__c":false,"BillingCountry":"United States","Manual_Discount__c":0.00,"QuoteToCountryCode":"US","TotalPrice":67.38,"AdditionalCountryCode":"US","Legal_Support_Approval__c":false,"AccountId":"001WC00000kZKNxYAO","ShippingStateCode":"MN","BillingCity":"Eden Prairie","QuoteToCountry":"United States","Total_Discount_Amount__c":0.00,"MYCAP_Approval__c":false,"Name":"Renewal Quote","License_Extension_Approval__c":false,"StartDate":"2026-06-11T00:00:00.000Z","CreatedById":"005WC00000DZ6xVYAT","Auto_Renewal__c":false,"Channel_MSP_Pricing_Discount_Approval__c":false,"BillingPostalCode":"55344","Annualized_License_Equivalent_Base__c":67.38,"Show_Hide_Free_Products__c":"Show","Maintenance_Max_Discount__c":0.00,"Total_Displaced_ARR__c":0.00,"CurrencyIsoCode":"USD","LegacyRenewalQuote__c":false,"Credit_Renewal_ARR__c":false,"ShippingStreet":"11095 Viking Drive","Annuial_Revenue_Base__c":67.38,"AdditionalCountry":"United States","Total_Quote_Line_ARR__c":0.00,"CreatedDate":"2026-06-11T21:14:56.000Z","Pricebook2Id":"01sWC0000022GHFYA2","IsSyncing":false,"Renewal_Cancellation_Approval__c":false,"BillingState":"Minnesota","TransactionType":"Fortra_Advanced_Pric (3 more) ...","Discount_Renewal_ARR__c":false,"Contains_Offensive_Security__c":false,"BillingCountryCode":"US","Temp_License_Key_Extension__c":false,"Disable_Export_Control__c":false,"ContactId":"003WC00000x4jCfYAI","PartnerAccountId":"001WC00000ZtazZYAR","Export_License_Required__c":false,"Billing_Partner__c":"001WC00000ZtazZYAR","SalesTransactionTypeId":"1ChWC0000002eJ70AI","Maintenance_Discount_Approval__c":false,"Partner_Pricing_Model__c":"Discount","ShippingCountry":"United States","LineGroupCount":0,"Approval_Status__c":"None","Unsigned_Quote_Approval__c":false,"ContractId":"800WC00000SB0FtYAL","BillToContactId":"003WC00000x4jCfYAI","QuoteTypeText__c":"Renewal","Approval_Rejected_Checkbox__c":false,"ShippingCountryCode":"US","QuoteNumber":"00781084","CanCreateQuoteLineItems":false,"ALE__c":67.38,"BillingStreet":"11095 Viking Drive","Request_Legal_Support__c":false,"Perpetual_Pricing_Discount_Approval__c":false,"LastModifiedById":"005WC00000MgTN2YAN","Displaced_ARR_Approval__c":false}|0x1d181be1
19:56:16.9 (52798723)|STATEMENT_EXECUTE|[16]
19:56:16.9 (52800608)|STATEMENT_EXECUTE|[17]
19:56:16.9 (52831506)|METHOD_ENTRY|[17]|01pWC000002VWVV|QuoteRenewalTypeHandler.normalizeRenewalQuoteType(Quote)
19:56:16.9 (52869388)|VARIABLE_SCOPE_BEGIN|[21]|quote|Quote|true|false
19:56:16.9 (53871180)|VARIABLE_ASSIGNMENT|[21]|quote|{"LastModifiedDate":"2026-06-14T02:54:10.000Z","Quote_Type__c":"Renewal","Bill_To_Place__c":"a0lWC000004nA5ZYAU","Export_Compliance_Status__c":"Pending","Net_Terms_Approval__c":false,"Exchange_Rate_To_USD__c":1.0000000000,"Export_Review_Required__c":false,"Within_Renewal_Window__c":false,"IsPrimary__c":false,"Credit_Renewal_Approval__c":false,"Days_Until_Renewal__c":362,"Renewal_Contract__c":"800WC00000SB0FtYAL","QuoteAccountId":"001WC00000kZKNxYAO","Pro_Ration_Method__c":"Monthly","Renewal_ARR_Approval__c":false,"Status":"Draft","Show_Hide_Discounts__c":"Show","IsDeleted":false,"Subtotal":67.38,"Force_New_Contract__c":false,"Net_Contract_Change__c":0.00,"Signed_Quote_Approval__c":false,"Terms_and_Conditions__c":false,"Payment_Portal__c":"Fortra (default)","Original_Contract_ARR__c":0.00,"BillingStateCode":"MN","GrandTotal":67.38,"ShippingPostalCode":"55344","ShippingState":"Minnesota","Mycap__c":false,"Deal_Type__c":"Fortra Originated","Id":"0Q0WC00000382MH0AY","Subscription_Pricing_Discount_Approval__c":false,"Net_Terms__c":"Net_30","Discount":0.00,"Services_Discount_Approval__c":false,"Total_Contract_Value_TCV__c":67.38,"LineItemCount":2,"OwnerId":"005WC00000DZ6xVYAT","OpportunityId":"006WC00000QuJ4DYAV","LegalEntityId":"0fwWC000000034LYAQ","Language__c":"English","ShippingCity":"Eden Prairie","GSW__c":false,"Manually_Sent__c":false,"CalculationStatus":"Saving","Corporate_Currency_Amount__c":67.38,"Annual_Contract_Value_ACV__c":67.38,"Max_Discount_on_QLIs__c":0.00,"Quote_Displaced_ARR__c":0.00,"OriginalActionType":"Renew","Ship_To_Place__c":"a0lWC000004nA5ZYAU","Show_Hide_Product_Number__c":"Show","SystemModstamp":"2026-06-14T02:54:10.000Z","Create_Order_from_Quote__c":false,"BillingCountry":"United States","Manual_Discount__c":0.00,"QuoteToCountryCode":"US","TotalPrice":67.38,"AdditionalCountryCode":"US","Legal_Support_Approval__c":false,"AccountId":"001WC00000kZKNxYAO","ShippingStateCode":"MN","BillingCity":"Eden Prairie","QuoteToCountry":"United States","Total_Discount_Amount__c":0.00,"MYCAP_Approval__c":false,"Name":"Renewal Quote","License_Extension_Approval__c":false,"StartDate":"2026-06-11T00:00:00.000Z","CreatedById":"005WC00000DZ6xVYAT","Auto_Renewal__c":false,"Channel_MSP_Pricing_Discount_Approval__c":false,"BillingPostalCode":"55344","Annualized_License_Equivalent_Base__c":67.38,"Show_Hide_Free_Products__c":"Show","Maintenance_Max_Discount__c":0.00,"Total_Displaced_ARR__c":0.00,"CurrencyIsoCode":"USD","LegacyRenewalQuote__c":false,"Credit_Renewal_ARR__c":false,"ShippingStreet":"11095 Viking Drive","Annuial_Revenue_Base__c":67.38,"AdditionalCountry":"United States","Total_Quote_Line_ARR__c":0.00,"CreatedDate":"2026-06-11T21:14:56.000Z","Pricebook2Id":"01sWC0000022GHFYA2","IsSyncing":false,"Renewal_Cancellation_Approval__c":false,"BillingState":"Minnesota","TransactionType":"Fortra_Advanced_Pric (3 more) ...","Discount_Renewal_ARR__c":false,"Contains_Offensive_Security__c":false,"BillingCountryCode":"US","Temp_License_Key_Extension__c":false,"Disable_Export_Control__c":false,"ContactId":"003WC00000x4jCfYAI","PartnerAccountId":"001WC00000ZtazZYAR","Export_License_Required__c":false,"Billing_Partner__c":"001WC00000ZtazZYAR","SalesTransactionTypeId":"1ChWC0000002eJ70AI","Maintenance_Discount_Approval__c":false,"Partner_Pricing_Model__c":"Discount","ShippingCountry":"United States","LineGroupCount":0,"Approval_Status__c":"None","Unsigned_Quote_Approval__c":false,"ContractId":"800WC00000SB0FtYAL","BillToContactId":"003WC00000x4jCfYAI","QuoteTypeText__c":"Renewal","Approval_Rejected_Checkbox__c":false,"ShippingCountryCode":"US","QuoteNumber":"00781084","CanCreateQuoteLineItems":false,"ALE__c":67.38,"BillingStreet":"11095 Viking Drive","Request_Legal_Support__c":false,"Perpetual_Pricing_Discount_Approval__c":false,"LastModifiedById":"005WC00000MgTN2YAN","Displaced_ARR_Approval__c":false}|0x1d181be1
19:56:16.9 (53916973)|HEAP_ALLOCATE|[22]|Bytes:5
19:56:16.9 (53923910)|STATEMENT_EXECUTE|[21]
19:56:16.9 (53993311)|STATEMENT_EXECUTE|[22]
19:56:16.9 (54005140)|STATEMENT_EXECUTE|[26]
19:56:16.9 (54018602)|METHOD_EXIT|[17]|01pWC000002VWVV|QuoteRenewalTypeHandler.normalizeRenewalQuoteType(Quote)
19:56:16.9 (54031165)|SYSTEM_METHOD_ENTRY|[16]|system.ListIterator.hasNext()
19:56:16.9 (54039087)|HEAP_ALLOCATE|[16]|Bytes:5
19:56:16.9 (54044149)|SYSTEM_METHOD_EXIT|[16]|system.ListIterator.hasNext()
19:56:16.9 (54056082)|VARIABLE_ASSIGNMENT|[16]|quote|null|
19:56:16.9 (54067615)|SYSTEM_MODE_EXIT|false
19:56:16.9 (54076892)|METHOD_EXIT|[6]|01pWC000002VWVV|QuoteRenewalTypeHandler.applyRenewalQuoteType(List<Quote>)
19:56:16.9 (54079717)|STATEMENT_EXECUTE|[7]
19:56:16.9 (56285580)|VARIABLE_SCOPE_BEGIN|[9]|RenewalQuoteHeaderHandler.testSourceQuoteIdByContractId|Map<Id,Id>|true|true
19:56:16.9 (56313674)|HEAP_ALLOCATE|[7]|Bytes:30
19:56:16.9 (56358961)|METHOD_ENTRY|[6]|01pWC000002WbCz|RenewalQuoteHeaderHandler.RenewalQuoteHeaderHandler()
19:56:16.9 (56365045)|STATEMENT_EXECUTE|[6]
19:56:16.9 (56369963)|STATEMENT_EXECUTE|[6]
19:56:16.9 (56376473)|SYSTEM_MODE_ENTER|false
19:56:16.9 (56386097)|HEAP_ALLOCATE|[7]|Bytes:5
19:56:16.9 (56392999)|SYSTEM_MODE_EXIT|false
19:56:16.9 (56402781)|METHOD_EXIT|[6]|RenewalQuoteHeaderHandler
19:56:16.9 (56423424)|METHOD_ENTRY|[7]|01pWC000002WbCz|RenewalQuoteHeaderHandler.applyRenewalQuoteHeaders(List<Quote>)
19:56:16.9 (56451742)|VARIABLE_SCOPE_BEGIN|[11]|quotes|List<Quote>|true|false
19:56:16.9 (57561941)|VARIABLE_ASSIGNMENT|[11]|quotes|[{"LastModifiedDate":"2026-06-14T02:54:10.000Z","Quote_Type__c":"Renewal","Bill_To_Place__c":"a0lWC000004nA5ZYAU","Export_Compliance_Status__c":"Pending","Net_Terms_Approval__c":false,"Exchange_Rate_To_USD__c":1.0000000000,"Export_Review_Required__c":false,"Within_Renewal_Window__c":false,"IsPrimary__c":false,"Credit_Renewal_Approval__c":false,"Days_Until_Renewal__c":362,"Renewal_Contract__c":"800WC00000SB0FtYAL","QuoteAccountId":"001WC00000kZKNxYAO","Pro_Ration_Method__c":"Monthly","Renewal_ARR_Approval__c":false,"Status":"Draft","Show_Hide_Discounts__c":"Show","IsDeleted":false,"Subtotal":67.38,"Force_New_Contract__c":false,"Net_Contract_Change__c":0.00,"Signed_Quote_Approval__c":false,"Terms_and_Conditions__c":false,"Payment_Portal__c":"Fortra (default)","Original_Contract_ARR__c":0.00,"BillingStateCode":"MN","GrandTotal":67.38,"ShippingPostalCode":"55344","ShippingState":"Minnesota","Mycap__c":false,"Deal_Type__c":"Fortra Originated","Id":"0Q0WC00000382MH0AY","Subscription_Pricing_Discount_Approval__c":false,"Net_Terms__c":"Net_30","Discount":0.00,"Services_Discount_Approval__c":false,"Total_Contract_Value_TCV__c":67.38,"LineItemCount":2,"OwnerId":"005WC00000DZ6xVYAT","OpportunityId":"006WC00000QuJ4DYAV","LegalEntityId":"0fwWC000000034LYAQ","Language__c":"English","ShippingCity":"Eden Prairie","GSW__c":false,"Manually_Sent__c":false,"CalculationStatus":"Saving","Corporate_Currency_Amount__c":67.38,"Annual_Contract_Value_ACV__c":67.38,"Max_Discount_on_QLIs__c":0.00,"Quote_Displaced_ARR__c":0.00,"OriginalActionType":"Renew","Ship_To_Place__c":"a0lWC000004nA5ZYAU","Show_Hide_Product_Number__c":"Show","SystemModstamp":"2026-06-14T02:54:10.000Z","Create_Order_from_Quote__c":false,"BillingCountry":"United States","Manual_Discount__c":0.00,"QuoteToCountryCode":"US","TotalPrice":67.38,"AdditionalCountryCode":"US","Legal_Support_Approval__c":false,"AccountId":"001WC00000kZKNxYAO","ShippingStateCode":"MN","BillingCity":"Eden Prairie","QuoteToCountry":"United States","Total_Discount_Amount__c":0.00,"MYCAP_Approval__c":false,"Name":"Renewal Quote","License_Extension_Approval__c":false,"StartDate":"2026-06-11T00:00:00.000Z","CreatedById":"005WC00000DZ6xVYAT","Auto_Renewal__c":false,"Channel_MSP_Pricing_Discount_Approval__c":false,"BillingPostalCode":"55344","Annualized_License_Equivalent_Base__c":67.38,"Show_Hide_Free_Products__c":"Show","Maintenance_Max_Discount__c":0.00,"Total_Displaced_ARR__c":0.00,"CurrencyIsoCode":"USD","LegacyRenewalQuote__c":false,"Credit_Renewal_ARR__c":false,"ShippingStreet":"11095 Viking Drive","Annuial_Revenue_Base__c":67.38,"AdditionalCountry":"United States","Total_Quote_Line_ARR__c":0.00,"CreatedDate":"2026-06-11T21:14:56.000Z","Pricebook2Id":"01sWC0000022GHFYA2","IsSyncing":false,"Renewal_Cancellation_Approval__c":false,"BillingState":"Minnesota","TransactionType":"Fortra_Advanced_Pric (3 more) ...","Discount_Renewal_ARR__c":false,"Contains_Offensive_Security__c":false,"BillingCountryCode":"US","Temp_License_Key_Extension__c":false,"Disable_Export_Control__c":false,"ContactId":"003WC00000x4jCfYAI","PartnerAccountId":"001WC00000ZtazZYAR","Export_License_Required__c":false,"Billing_Partner__c":"001WC00000ZtazZYAR","SalesTransactionTypeId":"1ChWC0000002eJ70AI","Maintenance_Discount_Approval__c":false,"Partner_Pricing_Model__c":"Discount","ShippingCountry":"United States","LineGroupCount":0,"Approval_Status__c":"None","Unsigned_Quote_Approval__c":false,"ContractId":"800WC00000SB0FtYAL","BillToContactId":"003WC00000x4jCfYAI","QuoteTypeText__c":"Renewal","Approval_Rejected_Checkbox__c":false,"ShippingCountryCode":"US","QuoteNumber":"00781084","CanCreateQuoteLineItems":false,"ALE__c":67.38,"BillingStreet":"11095 Viking Drive","Request_Legal_Support__c":false,"Perpetual_Pricing_Discount_Approval__c":false,"LastModifiedById":"005WC00000MgTN2YAN","Displaced_ARR_Approval__c":false}]|0x71c31377
19:56:16.9 (57602425)|SYSTEM_MODE_ENTER|false
19:56:16.9 (57613287)|HEAP_ALLOCATE|[12]|Bytes:5
19:56:16.9 (57620378)|STATEMENT_EXECUTE|[11]
19:56:16.9 (57634097)|SYSTEM_METHOD_ENTRY|[12]|List<Quote>.isEmpty()
19:56:16.9 (57682028)|SYSTEM_METHOD_EXIT|[12]|List<Quote>.isEmpty()
19:56:16.9 (57689437)|STATEMENT_EXECUTE|[12]
19:56:16.9 (57690887)|STATEMENT_EXECUTE|[16]
19:56:16.9 (57742722)|HEAP_ALLOCATE|[16]|Bytes:4
19:56:16.9 (57777162)|VARIABLE_SCOPE_BEGIN|[16]|quotesByContractId|Map<Id,Quote>|true|false
19:56:16.9 (57798984)|VARIABLE_ASSIGNMENT|[16]|quotesByContractId|{}|0xe479c86
19:56:16.9 (57807654)|SYSTEM_METHOD_ENTRY|[17]|List<Quote>.iterator()
19:56:16.9 (57818419)|SYSTEM_METHOD_EXIT|[17]|List<Quote>.iterator()
19:56:16.9 (57824854)|SYSTEM_METHOD_ENTRY|[17]|system.ListIterator.hasNext()
19:56:16.9 (57831007)|HEAP_ALLOCATE|[17]|Bytes:5
19:56:16.9 (57834969)|SYSTEM_METHOD_EXIT|[17]|system.ListIterator.hasNext()
19:56:16.9 (57847611)|HEAP_ALLOCATE|[17]|Bytes:4
19:56:16.9 (57853024)|VARIABLE_SCOPE_BEGIN|[17]|quote|Quote|true|false
19:56:16.9 (58690328)|VARIABLE_ASSIGNMENT|[17]|quote|{"LastModifiedDate":"2026-06-14T02:54:10.000Z","Quote_Type__c":"Renewal","Bill_To_Place__c":"a0lWC000004nA5ZYAU","Export_Compliance_Status__c":"Pending","Net_Terms_Approval__c":false,"Exchange_Rate_To_USD__c":1.0000000000,"Export_Review_Required__c":false,"Within_Renewal_Window__c":false,"IsPrimary__c":false,"Credit_Renewal_Approval__c":false,"Days_Until_Renewal__c":362,"Renewal_Contract__c":"800WC00000SB0FtYAL","QuoteAccountId":"001WC00000kZKNxYAO","Pro_Ration_Method__c":"Monthly","Renewal_ARR_Approval__c":false,"Status":"Draft","Show_Hide_Discounts__c":"Show","IsDeleted":false,"Subtotal":67.38,"Force_New_Contract__c":false,"Net_Contract_Change__c":0.00,"Signed_Quote_Approval__c":false,"Terms_and_Conditions__c":false,"Payment_Portal__c":"Fortra (default)","Original_Contract_ARR__c":0.00,"BillingStateCode":"MN","GrandTotal":67.38,"ShippingPostalCode":"55344","ShippingState":"Minnesota","Mycap__c":false,"Deal_Type__c":"Fortra Originated","Id":"0Q0WC00000382MH0AY","Subscription_Pricing_Discount_Approval__c":false,"Net_Terms__c":"Net_30","Discount":0.00,"Services_Discount_Approval__c":false,"Total_Contract_Value_TCV__c":67.38,"LineItemCount":2,"OwnerId":"005WC00000DZ6xVYAT","OpportunityId":"006WC00000QuJ4DYAV","LegalEntityId":"0fwWC000000034LYAQ","Language__c":"English","ShippingCity":"Eden Prairie","GSW__c":false,"Manually_Sent__c":false,"CalculationStatus":"Saving","Corporate_Currency_Amount__c":67.38,"Annual_Contract_Value_ACV__c":67.38,"Max_Discount_on_QLIs__c":0.00,"Quote_Displaced_ARR__c":0.00,"OriginalActionType":"Renew","Ship_To_Place__c":"a0lWC000004nA5ZYAU","Show_Hide_Product_Number__c":"Show","SystemModstamp":"2026-06-14T02:54:10.000Z","Create_Order_from_Quote__c":false,"BillingCountry":"United States","Manual_Discount__c":0.00,"QuoteToCountryCode":"US","TotalPrice":67.38,"AdditionalCountryCode":"US","Legal_Support_Approval__c":false,"AccountId":"001WC00000kZKNxYAO","ShippingStateCode":"MN","BillingCity":"Eden Prairie","QuoteToCountry":"United States","Total_Discount_Amount__c":0.00,"MYCAP_Approval__c":false,"Name":"Renewal Quote","License_Extension_Approval__c":false,"StartDate":"2026-06-11T00:00:00.000Z","CreatedById":"005WC00000DZ6xVYAT","Auto_Renewal__c":false,"Channel_MSP_Pricing_Discount_Approval__c":false,"BillingPostalCode":"55344","Annualized_License_Equivalent_Base__c":67.38,"Show_Hide_Free_Products__c":"Show","Maintenance_Max_Discount__c":0.00,"Total_Displaced_ARR__c":0.00,"CurrencyIsoCode":"USD","LegacyRenewalQuote__c":false,"Credit_Renewal_ARR__c":false,"ShippingStreet":"11095 Viking Drive","Annuial_Revenue_Base__c":67.38,"AdditionalCountry":"United States","Total_Quote_Line_ARR__c":0.00,"CreatedDate":"2026-06-11T21:14:56.000Z","Pricebook2Id":"01sWC0000022GHFYA2","IsSyncing":false,"Renewal_Cancellation_Approval__c":false,"BillingState":"Minnesota","TransactionType":"Fortra_Advanced_Pric (3 more) ...","Discount_Renewal_ARR__c":false,"Contains_Offensive_Security__c":false,"BillingCountryCode":"US","Temp_License_Key_Extension__c":false,"Disable_Export_Control__c":false,"ContactId":"003WC00000x4jCfYAI","PartnerAccountId":"001WC00000ZtazZYAR","Export_License_Required__c":false,"Billing_Partner__c":"001WC00000ZtazZYAR","SalesTransactionTypeId":"1ChWC0000002eJ70AI","Maintenance_Discount_Approval__c":false,"Partner_Pricing_Model__c":"Discount","ShippingCountry":"United States","LineGroupCount":0,"Approval_Status__c":"None","Unsigned_Quote_Approval__c":false,"ContractId":"800WC00000SB0FtYAL","BillToContactId":"003WC00000x4jCfYAI","QuoteTypeText__c":"Renewal","Approval_Rejected_Checkbox__c":false,"ShippingCountryCode":"US","QuoteNumber":"00781084","CanCreateQuoteLineItems":false,"ALE__c":67.38,"BillingStreet":"11095 Viking Drive","Request_Legal_Support__c":false,"Perpetual_Pricing_Discount_Approval__c":false,"LastModifiedById":"005WC00000MgTN2YAN","Displaced_ARR_Approval__c":false}|0x1d181be1
19:56:16.9 (58721212)|STATEMENT_EXECUTE|[17]
19:56:16.9 (58740570)|METHOD_ENTRY|[18]|01pWC000002WbCz|RenewalQuoteHeaderHandler.isRenewalQuoteContext(Quote)
19:56:16.9 (58757356)|VARIABLE_SCOPE_BEGIN|[49]|quote|Quote|true|false
19:56:16.9 (59466766)|VARIABLE_ASSIGNMENT|[49]|quote|{"LastModifiedDate":"2026-06-14T02:54:10.000Z","Quote_Type__c":"Renewal","Bill_To_Place__c":"a0lWC000004nA5ZYAU","Export_Compliance_Status__c":"Pending","Net_Terms_Approval__c":false,"Exchange_Rate_To_USD__c":1.0000000000,"Export_Review_Required__c":false,"Within_Renewal_Window__c":false,"IsPrimary__c":false,"Credit_Renewal_Approval__c":false,"Days_Until_Renewal__c":362,"Renewal_Contract__c":"800WC00000SB0FtYAL","QuoteAccountId":"001WC00000kZKNxYAO","Pro_Ration_Method__c":"Monthly","Renewal_ARR_Approval__c":false,"Status":"Draft","Show_Hide_Discounts__c":"Show","IsDeleted":false,"Subtotal":67.38,"Force_New_Contract__c":false,"Net_Contract_Change__c":0.00,"Signed_Quote_Approval__c":false,"Terms_and_Conditions__c":false,"Payment_Portal__c":"Fortra (default)","Original_Contract_ARR__c":0.00,"BillingStateCode":"MN","GrandTotal":67.38,"ShippingPostalCode":"55344","ShippingState":"Minnesota","Mycap__c":false,"Deal_Type__c":"Fortra Originated","Id":"0Q0WC00000382MH0AY","Subscription_Pricing_Discount_Approval__c":false,"Net_Terms__c":"Net_30","Discount":0.00,"Services_Discount_Approval__c":false,"Total_Contract_Value_TCV__c":67.38,"LineItemCount":2,"OwnerId":"005WC00000DZ6xVYAT","OpportunityId":"006WC00000QuJ4DYAV","LegalEntityId":"0fwWC000000034LYAQ","Language__c":"English","ShippingCity":"Eden Prairie","GSW__c":false,"Manually_Sent__c":false,"CalculationStatus":"Saving","Corporate_Currency_Amount__c":67.38,"Annual_Contract_Value_ACV__c":67.38,"Max_Discount_on_QLIs__c":0.00,"Quote_Displaced_ARR__c":0.00,"OriginalActionType":"Renew","Ship_To_Place__c":"a0lWC000004nA5ZYAU","Show_Hide_Product_Number__c":"Show","SystemModstamp":"2026-06-14T02:54:10.000Z","Create_Order_from_Quote__c":false,"BillingCountry":"United States","Manual_Discount__c":0.00,"QuoteToCountryCode":"US","TotalPrice":67.38,"AdditionalCountryCode":"US","Legal_Support_Approval__c":false,"AccountId":"001WC00000kZKNxYAO","ShippingStateCode":"MN","BillingCity":"Eden Prairie","QuoteToCountry":"United States","Total_Discount_Amount__c":0.00,"MYCAP_Approval__c":false,"Name":"Renewal Quote","License_Extension_Approval__c":false,"StartDate":"2026-06-11T00:00:00.000Z","CreatedById":"005WC00000DZ6xVYAT","Auto_Renewal__c":false,"Channel_MSP_Pricing_Discount_Approval__c":false,"BillingPostalCode":"55344","Annualized_License_Equivalent_Base__c":67.38,"Show_Hide_Free_Products__c":"Show","Maintenance_Max_Discount__c":0.00,"Total_Displaced_ARR__c":0.00,"CurrencyIsoCode":"USD","LegacyRenewalQuote__c":false,"Credit_Renewal_ARR__c":false,"ShippingStreet":"11095 Viking Drive","Annuial_Revenue_Base__c":67.38,"AdditionalCountry":"United States","Total_Quote_Line_ARR__c":0.00,"CreatedDate":"2026-06-11T21:14:56.000Z","Pricebook2Id":"01sWC0000022GHFYA2","IsSyncing":false,"Renewal_Cancellation_Approval__c":false,"BillingState":"Minnesota","TransactionType":"Fortra_Advanced_Pric (3 more) ...","Discount_Renewal_ARR__c":false,"Contains_Offensive_Security__c":false,"BillingCountryCode":"US","Temp_License_Key_Extension__c":false,"Disable_Export_Control__c":false,"ContactId":"003WC00000x4jCfYAI","PartnerAccountId":"001WC00000ZtazZYAR","Export_License_Required__c":false,"Billing_Partner__c":"001WC00000ZtazZYAR","SalesTransactionTypeId":"1ChWC0000002eJ70AI","Maintenance_Discount_Approval__c":false,"Partner_Pricing_Model__c":"Discount","ShippingCountry":"United States","LineGroupCount":0,"Approval_Status__c":"None","Unsigned_Quote_Approval__c":false,"ContractId":"800WC00000SB0FtYAL","BillToContactId":"003WC00000x4jCfYAI","QuoteTypeText__c":"Renewal","Approval_Rejected_Checkbox__c":false,"ShippingCountryCode":"US","QuoteNumber":"00781084","CanCreateQuoteLineItems":false,"ALE__c":67.38,"BillingStreet":"11095 Viking Drive","Request_Legal_Support__c":false,"Perpetual_Pricing_Discount_Approval__c":false,"LastModifiedById":"005WC00000MgTN2YAN","Displaced_ARR_Approval__c":false}|0x1d181be1
19:56:16.9 (59502190)|HEAP_ALLOCATE|[50]|Bytes:5
19:56:16.9 (59507178)|STATEMENT_EXECUTE|[49]
19:56:16.9 (59508549)|STATEMENT_EXECUTE|[50]
19:56:16.9 (59543881)|HEAP_ALLOCATE|[50]|Bytes:5
19:56:16.9 (59555135)|METHOD_EXIT|[18]|01pWC000002WbCz|RenewalQuoteHeaderHandler.isRenewalQuoteContext(Quote)
19:56:16.9 (59560265)|STATEMENT_EXECUTE|[18]
19:56:16.9 (59561440)|STATEMENT_EXECUTE|[22]
19:56:16.9 (59571661)|METHOD_ENTRY|[22]|01pWC000002WbCz|RenewalQuoteHeaderHandler.resolveContractId(Quote)
19:56:16.9 (59585860)|VARIABLE_SCOPE_BEGIN|[57]|quote|Quote|true|false
19:56:16.9 (60247512)|VARIABLE_ASSIGNMENT|[57]|quote|{"LastModifiedDate":"2026-06-14T02:54:10.000Z","Quote_Type__c":"Renewal","Bill_To_Place__c":"a0lWC000004nA5ZYAU","Export_Compliance_Status__c":"Pending","Net_Terms_Approval__c":false,"Exchange_Rate_To_USD__c":1.0000000000,"Export_Review_Required__c":false,"Within_Renewal_Window__c":false,"IsPrimary__c":false,"Credit_Renewal_Approval__c":false,"Days_Until_Renewal__c":362,"Renewal_Contract__c":"800WC00000SB0FtYAL","QuoteAccountId":"001WC00000kZKNxYAO","Pro_Ration_Method__c":"Monthly","Renewal_ARR_Approval__c":false,"Status":"Draft","Show_Hide_Discounts__c":"Show","IsDeleted":false,"Subtotal":67.38,"Force_New_Contract__c":false,"Net_Contract_Change__c":0.00,"Signed_Quote_Approval__c":false,"Terms_and_Conditions__c":false,"Payment_Portal__c":"Fortra (default)","Original_Contract_ARR__c":0.00,"BillingStateCode":"MN","GrandTotal":67.38,"ShippingPostalCode":"55344","ShippingState":"Minnesota","Mycap__c":false,"Deal_Type__c":"Fortra Originated","Id":"0Q0WC00000382MH0AY","Subscription_Pricing_Discount_Approval__c":false,"Net_Terms__c":"Net_30","Discount":0.00,"Services_Discount_Approval__c":false,"Total_Contract_Value_TCV__c":67.38,"LineItemCount":2,"OwnerId":"005WC00000DZ6xVYAT","OpportunityId":"006WC00000QuJ4DYAV","LegalEntityId":"0fwWC000000034LYAQ","Language__c":"English","ShippingCity":"Eden Prairie","GSW__c":false,"Manually_Sent__c":false,"CalculationStatus":"Saving","Corporate_Currency_Amount__c":67.38,"Annual_Contract_Value_ACV__c":67.38,"Max_Discount_on_QLIs__c":0.00,"Quote_Displaced_ARR__c":0.00,"OriginalActionType":"Renew","Ship_To_Place__c":"a0lWC000004nA5ZYAU","Show_Hide_Product_Number__c":"Show","SystemModstamp":"2026-06-14T02:54:10.000Z","Create_Order_from_Quote__c":false,"BillingCountry":"United States","Manual_Discount__c":0.00,"QuoteToCountryCode":"US","TotalPrice":67.38,"AdditionalCountryCode":"US","Legal_Support_Approval__c":false,"AccountId":"001WC00000kZKNxYAO","ShippingStateCode":"MN","BillingCity":"Eden Prairie","QuoteToCountry":"United States","Total_Discount_Amount__c":0.00,"MYCAP_Approval__c":false,"Name":"Renewal Quote","License_Extension_Approval__c":false,"StartDate":"2026-06-11T00:00:00.000Z","CreatedById":"005WC00000DZ6xVYAT","Auto_Renewal__c":false,"Channel_MSP_Pricing_Discount_Approval__c":false,"BillingPostalCode":"55344","Annualized_License_Equivalent_Base__c":67.38,"Show_Hide_Free_Products__c":"Show","Maintenance_Max_Discount__c":0.00,"Total_Displaced_ARR__c":0.00,"CurrencyIsoCode":"USD","LegacyRenewalQuote__c":false,"Credit_Renewal_ARR__c":false,"ShippingStreet":"11095 Viking Drive","Annuial_Revenue_Base__c":67.38,"AdditionalCountry":"United States","Total_Quote_Line_ARR__c":0.00,"CreatedDate":"2026-06-11T21:14:56.000Z","Pricebook2Id":"01sWC0000022GHFYA2","IsSyncing":false,"Renewal_Cancellation_Approval__c":false,"BillingState":"Minnesota","TransactionType":"Fortra_Advanced_Pric (3 more) ...","Discount_Renewal_ARR__c":false,"Contains_Offensive_Security__c":false,"BillingCountryCode":"US","Temp_License_Key_Extension__c":false,"Disable_Export_Control__c":false,"ContactId":"003WC00000x4jCfYAI","PartnerAccountId":"001WC00000ZtazZYAR","Export_License_Required__c":false,"Billing_Partner__c":"001WC00000ZtazZYAR","SalesTransactionTypeId":"1ChWC0000002eJ70AI","Maintenance_Discount_Approval__c":false,"Partner_Pricing_Model__c":"Discount","ShippingCountry":"United States","LineGroupCount":0,"Approval_Status__c":"None","Unsigned_Quote_Approval__c":false,"ContractId":"800WC00000SB0FtYAL","BillToContactId":"003WC00000x4jCfYAI","QuoteTypeText__c":"Renewal","Approval_Rejected_Checkbox__c":false,"ShippingCountryCode":"US","QuoteNumber":"00781084","CanCreateQuoteLineItems":false,"ALE__c":67.38,"BillingStreet":"11095 Viking Drive","Request_Legal_Support__c":false,"Perpetual_Pricing_Discount_Approval__c":false,"LastModifiedById":"005WC00000MgTN2YAN","Displaced_ARR_Approval__c":false}|0x1d181be1
19:56:16.9 (60277782)|HEAP_ALLOCATE|[58]|Bytes:5
19:56:16.9 (60281660)|STATEMENT_EXECUTE|[57]
19:56:16.9 (60283412)|STATEMENT_EXECUTE|[58]
19:56:16.9 (60309674)|STATEMENT_EXECUTE|[61]
19:56:16.9 (60311121)|STATEMENT_EXECUTE|[62]
19:56:16.9 (60321848)|METHOD_EXIT|[22]|01pWC000002WbCz|RenewalQuoteHeaderHandler.resolveContractId(Quote)
19:56:16.9 (60327831)|VARIABLE_SCOPE_BEGIN|[22]|contractId|Id|false|false
19:56:16.9 (60544853)|VARIABLE_ASSIGNMENT|[22]|contractId|"800WC00000SB0FtYAL"
19:56:16.9 (60550948)|STATEMENT_EXECUTE|[23]
19:56:16.9 (60556221)|STATEMENT_EXECUTE|[27]
19:56:16.9 (60557332)|STATEMENT_EXECUTE|[31]
19:56:16.9 (60592638)|SYSTEM_METHOD_ENTRY|[31]|Map<Id,Quote>.put(Object, Object)
19:56:16.9 (60613389)|HEAP_ALLOCATE|[EXTERNAL]|Bytes:-4
19:56:16.9 (60620806)|SYSTEM_METHOD_EXIT|[31]|Map<Id,Quote>.put(Object, Object)
19:56:16.9 (60627261)|SYSTEM_METHOD_ENTRY|[17]|system.ListIterator.hasNext()
19:56:16.9 (60635365)|HEAP_ALLOCATE|[17]|Bytes:5
19:56:16.9 (60639890)|SYSTEM_METHOD_EXIT|[17]|system.ListIterator.hasNext()
19:56:16.9 (60649579)|VARIABLE_ASSIGNMENT|[17]|quote|null|
19:56:16.9 (60654323)|SYSTEM_METHOD_ENTRY|[34]|Map<Id,Quote>.isEmpty()
19:56:16.9 (60660902)|SYSTEM_METHOD_EXIT|[34]|Map<Id,Quote>.isEmpty()
19:56:16.9 (60664438)|STATEMENT_EXECUTE|[34]
19:56:16.9 (60665735)|STATEMENT_EXECUTE|[38]
19:56:16.9 (60668212)|SYSTEM_METHOD_ENTRY|[38]|Map<Id,Quote>.keySet()
19:56:16.9 (60702599)|HEAP_ALLOCATE|[38]|Bytes:26
19:56:16.9 (60707148)|SYSTEM_METHOD_EXIT|[38]|Map<Id,Quote>.keySet()
19:56:16.9 (60717491)|METHOD_ENTRY|[38]|01pWC000002WbCz|RenewalQuoteHeaderHandler.loadSourceQuotesByContractId(Set<Id>)
19:56:16.9 (60722813)|VARIABLE_SCOPE_BEGIN|[68]|contractIds|Set<Id>|true|false
19:56:16.9 (60735008)|VARIABLE_ASSIGNMENT|[68]|contractIds|["800WC00000SB0FtYAL"]|0x16071fa7
19:56:16.9 (60742220)|HEAP_ALLOCATE|[69]|Bytes:5
19:56:16.9 (60744713)|STATEMENT_EXECUTE|[68]
19:56:16.9 (60745798)|STATEMENT_EXECUTE|[69]
19:56:16.9 (60755606)|HEAP_ALLOCATE|[69]|Bytes:4
19:56:16.9 (60761286)|VARIABLE_SCOPE_BEGIN|[69]|sourceQuotesByContractId|Map<Id,Quote>|true|false
19:56:16.9 (60771719)|VARIABLE_ASSIGNMENT|[69]|sourceQuotesByContractId|{}|0x839a15
19:56:16.9 (60778251)|SYSTEM_METHOD_ENTRY|[70]|Set<Id>.isEmpty()
19:56:16.9 (60789221)|SYSTEM_METHOD_EXIT|[70]|Set<Id>.isEmpty()
19:56:16.9 (60793434)|STATEMENT_EXECUTE|[70]
19:56:16.9 (60794636)|STATEMENT_EXECUTE|[74]
19:56:16.9 (60799129)|METHOD_ENTRY|[74]|01pWC000002WbCz|RenewalQuoteHeaderHandler.resolveSourceQuoteIdByContractId(Set<Id>)
19:56:16.9 (60806254)|VARIABLE_SCOPE_BEGIN|[90]|contractIds|Set<Id>|true|false
19:56:16.9 (60811921)|VARIABLE_ASSIGNMENT|[90]|contractIds|["800WC00000SB0FtYAL"]|0x16071fa7
19:56:16.9 (60817221)|HEAP_ALLOCATE|[91]|Bytes:5
19:56:16.9 (60819345)|STATEMENT_EXECUTE|[90]
19:56:16.9 (60820458)|STATEMENT_EXECUTE|[91]
19:56:16.9 (60824682)|HEAP_ALLOCATE|[91]|Bytes:4
19:56:16.9 (60829637)|VARIABLE_SCOPE_BEGIN|[91]|sourceQuoteIdByContractId|Map<Id,Id>|true|false
19:56:16.9 (60838459)|VARIABLE_ASSIGNMENT|[91]|sourceQuoteIdByContractId|{}|0xa6f8a71
19:56:16.9 (60925217)|HEAP_ALLOCATE|[93]|Bytes:118
19:56:16.9 (60952112)|SYSTEM_METHOD_ENTRY|[1]|Test.Test()
19:56:16.9 (60957021)|STATEMENT_EXECUTE|[1]
19:56:16.9 (60965998)|SYSTEM_METHOD_EXIT|[1]|Test
19:56:16.9 (60973510)|METHOD_ENTRY|[93]||System.Test.isRunningTest()
19:56:16.9 (60996580)|METHOD_EXIT|[93]||System.Test.isRunningTest()
19:56:16.9 (60999770)|STATEMENT_EXECUTE|[93]
19:56:16.9 (61004125)|HEAP_ALLOCATE|[102]|Bytes:86
19:56:16.9 (61015644)|HEAP_ALLOCATE|[102]|Bytes:4
19:56:16.9 (61019860)|HEAP_ALLOCATE|[102]|Bytes:7
19:56:16.9 (61567380)|SOQL_EXECUTE_BEGIN|[102]|Aggregations:0|SELECT Id, SourceQuoteId FROM Contract WHERE (Id = :tmpVar1 AND SourceQuoteId != NULL)
19:56:16.9 (61599322)|LIMIT_USAGE|[102]|SOQL|1|100
19:56:16.9 (61606017)|LIMIT_USAGE|[102]|AGGS|0|300
19:56:16.9 (69668031)|SOQL_EXECUTE_EXPLAIN|[102]|Index on Quote : [Id], cardinality: 1, sobjectCardinality: 166346, relativeCost 0
19:56:16.9 (69694497)|SOQL_EXECUTE_END|[102]|Rows:0
19:56:16.9 (69780423)|SYSTEM_METHOD_ENTRY|[102]|Database.QueryLocator.iterator()
19:56:16.9 (69905748)|HEAP_ALLOCATE|[102]|Bytes:54
19:56:16.9 (69913051)|HEAP_ALLOCATE|[102]|Bytes:8
19:56:16.9 (69931544)|SYSTEM_METHOD_ENTRY|[7]|QueryLocatorIterator.QueryLocatorIterator()
19:56:16.9 (69935145)|STATEMENT_EXECUTE|[7]
19:56:16.9 (69945125)|SYSTEM_METHOD_EXIT|[7]|QueryLocatorIterator
19:56:16.9 (69953567)|HEAP_ALLOCATE|[102]|Bytes:28
19:56:16.9 (69964772)|HEAP_ALLOCATE|[102]|Bytes:8
19:56:16.9 (69966754)|HEAP_ALLOCATE|[102]|Bytes:8
19:56:16.9 (69975143)|VARIABLE_SCOPE_BEGIN|[15]|this|Database.QueryLocatorIterator|true|false
19:56:16.9 (70036017)|VARIABLE_ASSIGNMENT|[15]|this|{}|0x22785180
19:56:16.9 (70040235)|VARIABLE_SCOPE_BEGIN|[15]|values|List<SObject>|true|false
19:56:16.9 (70045816)|VARIABLE_ASSIGNMENT|[15]|values|null|
19:56:16.9 (70048160)|VARIABLE_SCOPE_BEGIN|[15]|ql|Database.QueryLocator|true|false
19:56:16.9 (70065121)|VARIABLE_ASSIGNMENT|[15]|ql|{"query":"SELECT Id, SourceQuo (66 more) ..."}|0x718bf736
19:56:16.9 (70068589)|VARIABLE_SCOPE_BEGIN|[15]|totalNumRecords|Integer|false|false
19:56:16.9 (70074689)|VARIABLE_ASSIGNMENT|[15]|totalNumRecords|0
19:56:16.9 (70077005)|VARIABLE_SCOPE_BEGIN|[15]|queryMoreSize|Integer|false|false
19:56:16.9 (70081136)|VARIABLE_ASSIGNMENT|[15]|queryMoreSize|50000
19:56:16.9 (71483564)|HEAP_ALLOCATE|[102]|Bytes:28
19:56:16.9 (71498599)|SYSTEM_METHOD_EXIT|[102]|Database.QueryLocator.iterator()
19:56:16.9 (71519196)|METHOD_ENTRY|[102]||Database.QueryLocatorIterator.hasNext()
19:56:16.9 (71538120)|METHOD_EXIT|[102]||Database.QueryLocatorIterator.hasNext()
19:56:16.9 (71588166)|VARIABLE_ASSIGNMENT|[102]|contract|null|
19:56:16.9 (71592462)|STATEMENT_EXECUTE|[102]
19:56:16.9 (71606513)|STATEMENT_EXECUTE|[111]
19:56:16.9 (71619642)|HEAP_ALLOCATE|[111]|Bytes:4
19:56:16.9 (71652064)|SYSTEM_CONSTRUCTOR_ENTRY|[111]|<init>(Integer)
19:56:16.9 (71689318)|SYSTEM_CONSTRUCTOR_EXIT|[111]|<init>(Integer)
19:56:16.9 (71692657)|VARIABLE_SCOPE_BEGIN|[111]|contractsWithoutSource|Set<Id>|true|false
19:56:16.9 (71722082)|VARIABLE_ASSIGNMENT|[111]|contractsWithoutSource|[]|0x1015e2a3
19:56:16.9 (71733001)|SYSTEM_METHOD_ENTRY|[112]|Set<Id>.iterator()
19:56:16.9 (71761979)|SYSTEM_METHOD_EXIT|[112]|Set<Id>.iterator()
19:56:16.9 (71780250)|SYSTEM_METHOD_ENTRY|[112]|com.salesforce.api.fast.SetIterator..lcom.force.swag.id.ID..r.hasNext()
19:56:16.9 (71788442)|HEAP_ALLOCATE|[112]|Bytes:5
19:56:16.9 (71792676)|SYSTEM_METHOD_EXIT|[112]|com.salesforce.api.fast.SetIterator..lcom.force.swag.id.ID..r.hasNext()
19:56:16.9 (71823956)|HEAP_ALLOCATE|[112]|Bytes:4
19:56:16.9 (71826781)|VARIABLE_SCOPE_BEGIN|[112]|contractId|Id|false|false
19:56:16.9 (71901306)|VARIABLE_ASSIGNMENT|[112]|contractId|"800WC00000SB0FtYAL"
19:56:16.9 (71905012)|STATEMENT_EXECUTE|[112]
19:56:16.9 (71923878)|SYSTEM_METHOD_ENTRY|[113]|Map<Id,Id>.containsKey(Object)
19:56:16.9 (71934789)|SYSTEM_METHOD_EXIT|[113]|Map<Id,Id>.containsKey(Object)
19:56:16.9 (71938656)|STATEMENT_EXECUTE|[113]
19:56:16.9 (71939904)|STATEMENT_EXECUTE|[114]
19:56:16.9 (71944461)|SYSTEM_METHOD_ENTRY|[114]|Set<Id>.add(Object)
19:56:16.9 (71950860)|HEAP_ALLOCATE|[EXTERNAL]|Bytes:4
19:56:16.9 (71955909)|SYSTEM_METHOD_EXIT|[114]|Set<Id>.add(Object)
19:56:16.9 (71960089)|SYSTEM_METHOD_ENTRY|[112]|com.salesforce.api.fast.SetIterator..lcom.force.swag.id.ID..r.hasNext()
19:56:16.9 (71963134)|HEAP_ALLOCATE|[112]|Bytes:5
19:56:16.9 (71965886)|SYSTEM_METHOD_EXIT|[112]|com.salesforce.api.fast.SetIterator..lcom.force.swag.id.ID..r.hasNext()
19:56:16.9 (71970543)|VARIABLE_ASSIGNMENT|[112]|contractId|null
19:56:16.9 (71974410)|SYSTEM_METHOD_ENTRY|[118]|Set<Id>.isEmpty()
19:56:16.9 (71979034)|SYSTEM_METHOD_EXIT|[118]|Set<Id>.isEmpty()
19:56:16.9 (71981520)|STATEMENT_EXECUTE|[118]
19:56:16.9 (71984530)|HEAP_ALLOCATE|[119]|Bytes:125
19:56:16.9 (71995342)|HEAP_ALLOCATE|[119]|Bytes:4
19:56:16.9 (74561499)|SOQL_EXECUTE_BEGIN|[119]|Aggregations:0|SELECT ContractId, QuoteId FROM Order WHERE (ContractId = :tmpVar1 AND QuoteId != NULL) ORDER BY CreatedDate DESC NULLS FIRST
19:56:16.9 (74588345)|LIMIT_USAGE|[119]|SOQL|2|100
19:56:16.9 (74595403)|LIMIT_USAGE|[119]|AGGS|0|300
19:56:16.9 (82530286)|SOQL_EXECUTE_EXPLAIN|[119]|Index on Quote : [Id], cardinality: 1, sobjectCardinality: 166346, relativeCost 0
19:56:16.9 (82553285)|SOQL_EXECUTE_END|[119]|Rows:1
19:56:16.9 (82571751)|LIMIT_USAGE|[119]|SOQL_ROWS|1|50000
19:56:16.9 (82584002)|HEAP_ALLOCATE|[EXTERNAL]|Bytes:8
19:56:16.9 (82644426)|SYSTEM_METHOD_ENTRY|[119]|Database.QueryLocator.iterator()
19:56:16.9 (82726677)|HEAP_ALLOCATE|[119]|Bytes:28
19:56:16.9 (82801676)|HEAP_ALLOCATE|[119]|Bytes:8
19:56:16.9 (82809593)|HEAP_ALLOCATE|[119]|Bytes:8
19:56:16.9 (82811550)|HEAP_ALLOCATE|[119]|Bytes:8
19:56:16.9 (82816040)|VARIABLE_SCOPE_BEGIN|[15]|this|Database.QueryLocatorIterator|true|false
19:56:16.9 (82877899)|VARIABLE_ASSIGNMENT|[15]|this|{}|0x45c1f905
19:56:16.9 (82881924)|VARIABLE_SCOPE_BEGIN|[15]|values|List<SObject>|true|false
19:56:16.9 (83012822)|VARIABLE_ASSIGNMENT|[15]|values|[{"QuoteId":"0Q0WC0000037yTx0AI","ContractId":"800WC00000SB0FtYAL","Id":"801WC00000kaGBpYAM"}]|0x76d7538c
19:56:16.9 (83018218)|VARIABLE_SCOPE_BEGIN|[15]|ql|Database.QueryLocator|true|false
19:56:16.9 (83033183)|VARIABLE_ASSIGNMENT|[15]|ql|{"query":"SELECT ContractId, Q (105 more) ..."}|0x41249340
19:56:16.9 (83036654)|VARIABLE_SCOPE_BEGIN|[15]|totalNumRecords|Integer|false|false
19:56:16.9 (83043084)|VARIABLE_ASSIGNMENT|[15]|totalNumRecords|1
19:56:16.9 (83045487)|VARIABLE_SCOPE_BEGIN|[15]|queryMoreSize|Integer|false|false
19:56:16.9 (83049898)|VARIABLE_ASSIGNMENT|[15]|queryMoreSize|49999
19:56:16.9 (83104282)|HEAP_ALLOCATE|[119]|Bytes:28
19:56:16.9 (83113445)|SYSTEM_METHOD_EXIT|[119]|Database.QueryLocator.iterator()
19:56:16.9 (83128849)|METHOD_ENTRY|[119]||Database.QueryLocatorIterator.hasNext()
19:56:16.9 (83208174)|METHOD_EXIT|[119]||Database.QueryLocatorIterator.hasNext()
19:56:16.9 (83213634)|METHOD_ENTRY|[119]||Database.QueryLocatorIterator.next()
19:56:16.9 (83274924)|METHOD_EXIT|[119]||Database.QueryLocatorIterator.next()
19:56:16.9 (83279664)|VARIABLE_SCOPE_BEGIN|[119]|sourceOrder|Order|true|false
19:56:16.9 (83307759)|VARIABLE_ASSIGNMENT|[119]|sourceOrder|{"QuoteId":"0Q0WC0000037yTx0AI","ContractId":"800WC00000SB0FtYAL","Id":"801WC00000kaGBpYAM"}|0x7d10f39e
19:56:16.9 (83313521)|STATEMENT_EXECUTE|[125]
19:56:16.9 (83352004)|SYSTEM_METHOD_ENTRY|[126]|Map<Id,Id>.containsKey(Object)
19:56:16.9 (83364890)|SYSTEM_METHOD_EXIT|[126]|Map<Id,Id>.containsKey(Object)
19:56:16.9 (83368729)|STATEMENT_EXECUTE|[126]
19:56:16.9 (83369854)|STATEMENT_EXECUTE|[127]
19:56:16.9 (83385484)|SYSTEM_METHOD_ENTRY|[127]|Map<Id,Id>.put(Object, Object)
19:56:16.9 (83395123)|HEAP_ALLOCATE|[EXTERNAL]|Bytes:-4
19:56:16.9 (83400634)|SYSTEM_METHOD_EXIT|[127]|Map<Id,Id>.put(Object, Object)
19:56:16.9 (83405198)|METHOD_ENTRY|[119]||Database.QueryLocatorIterator.hasNext()
19:56:16.9 (83412860)|METHOD_EXIT|[119]||Database.QueryLocatorIterator.hasNext()
19:56:16.9 (83417932)|VARIABLE_ASSIGNMENT|[119]|sourceOrder|null|
19:56:16.9 (83430896)|STATEMENT_EXECUTE|[132]
19:56:16.9 (83437587)|METHOD_EXIT|[74]|01pWC000002WbCz|RenewalQuoteHeaderHandler.resolveSourceQuoteIdByContractId(Set<Id>)
19:56:16.9 (83441567)|VARIABLE_SCOPE_BEGIN|[74]|sourceQuoteIdByContractId|Map<Id,Id>|true|false
19:56:16.9 (83536786)|VARIABLE_ASSIGNMENT|[74]|sourceQuoteIdByContractId|"{800WC00000SB0FtYAL=0Q0WC0000037yTx0AI}"|0xa6f8a71
19:56:16.9 (83541029)|STATEMENT_EXECUTE|[75]
19:56:16.9 (83553754)|HEAP_ALLOCATE|[75]|Bytes:4
19:56:16.9 (83559446)|SYSTEM_METHOD_ENTRY|[75]|Map<Id,Id>.values()
19:56:16.9 (83588660)|HEAP_ALLOCATE|[EXTERNAL]|Bytes:8
19:56:16.9 (83595753)|HEAP_ALLOCATE|[75]|Bytes:26
19:56:16.9 (83598835)|SYSTEM_METHOD_EXIT|[75]|Map<Id,Id>.values()
19:56:16.9 (83628108)|SYSTEM_CONSTRUCTOR_ENTRY|[75]|<init>(Object)
19:56:16.9 (83634087)|HEAP_ALLOCATE|[75]|Bytes:18
19:56:16.9 (83655948)|SYSTEM_CONSTRUCTOR_EXIT|[75]|<init>(Object)
19:56:16.9 (83658721)|VARIABLE_SCOPE_BEGIN|[75]|sourceQuoteIds|Set<Id>|true|false
19:56:16.9 (83678974)|VARIABLE_ASSIGNMENT|[75]|sourceQuoteIds|["0Q0WC0000037yTx0AI"]|0x31979483
19:56:16.9 (83684999)|SYSTEM_METHOD_ENTRY|[76]|Set<Id>.isEmpty()
19:56:16.9 (83691293)|SYSTEM_METHOD_EXIT|[76]|Set<Id>.isEmpty()
19:56:16.9 (83694183)|STATEMENT_EXECUTE|[76]
19:56:16.9 (83695288)|STATEMENT_EXECUTE|[80]
19:56:16.9 (83704423)|HEAP_ALLOCATE|[80]|Bytes:4
19:56:16.9 (83715288)|METHOD_ENTRY|[80]|01pWC000002WbCz|RenewalQuoteHeaderHandler.querySourceQuotes(Set<Id>)
19:56:16.9 (83723898)|VARIABLE_SCOPE_BEGIN|[135]|sourceQuoteIds|Set<Id>|true|false
19:56:16.9 (83729978)|VARIABLE_ASSIGNMENT|[135]|sourceQuoteIds|["0Q0WC0000037yTx0AI"]|0x31979483
19:56:16.9 (83741985)|HEAP_ALLOCATE|[136]|Bytes:5
19:56:16.9 (83744099)|STATEMENT_EXECUTE|[135]
19:56:16.9 (83745176)|STATEMENT_EXECUTE|[136]
19:56:16.9 (83748735)|HEAP_ALLOCATE|[136]|Bytes:813
19:56:16.9 (83755180)|HEAP_ALLOCATE|[136]|Bytes:4
19:56:16.9 (84918054)|SOQL_EXECUTE_BEGIN|[136]|Aggregations:0|SELECT Id, OpportunityId, LegalEntityId, SalesTransactionTypeId, ContactId, BillToContactId, Bill_To_Place__c, Ship_To_Place__c, Primary_Place__c, End_User_Place__c, Install_Place__c, Service_Place__c, Regulatory_Place__c, Partner_Place__c, Billing_Partner__c, PartnerAccountId, Partner_Pricing_Model__c, Deal_Type__c, Reseller__c, Distributor__c, Referral_Partner__c, Net_Terms__c, Language__c, Payment_Portal__c, CurrencyIsoCode, BillingStreet, BillingCity, BillingState, BillingPostalCode, BillingCountry, BillingStateCode, BillingCountryCode, ShippingStreet, ShippingCity, ShippingState, ShippingPostalCode, ShippingCountry, ShippingStateCode, ShippingCountryCode, QuoteToStreet, QuoteToCity, QuoteToState, QuoteToPostalCode, QuoteToCountry, QuoteToStateCode, QuoteToCountryCode FROM Quote WHERE Id = :tmpVar1
19:56:16.9 (84941202)|LIMIT_USAGE|[136]|SOQL|3|100
19:56:16.9 (84952397)|LIMIT_USAGE|[136]|AGGS|0|300
19:56:16.9 (90183228)|SOQL_EXECUTE_EXPLAIN|[136]|Index on Quote : [Id], cardinality: 1, sobjectCardinality: 166346, relativeCost 0
19:56:16.9 (90203154)|SOQL_EXECUTE_END|[136]|Rows:1
19:56:16.9 (90218615)|LIMIT_USAGE|[136]|SOQL_ROWS|2|50000
19:56:16.9 (90230424)|HEAP_ALLOCATE|[136]|Bytes:8
19:56:16.9 (90253218)|HEAP_ALLOCATE|[136]|Bytes:979
19:56:16.9 (90288514)|HEAP_ALLOCATE|[136]|Bytes:8
19:56:16.9 (90310943)|METHOD_EXIT|[80]|01pWC000002WbCz|RenewalQuoteHeaderHandler.querySourceQuotes(Set<Id>)
19:56:16.9 (90334808)|HEAP_ALLOCATE|[80]|Bytes:132
19:56:16.9 (90355420)|HEAP_ALLOCATE|[80]|Bytes:4
19:56:16.9 (90362187)|VARIABLE_SCOPE_BEGIN|[80]|sourceQuotesById|Map<Id,Quote>|true|false
19:56:16.9 (90579933)|VARIABLE_ASSIGNMENT|[80]|sourceQuotesById|{"0Q0WC0000037yTx0AI":{"Net_Terms__c":"Net_30","ShippingStateCode":"MN","BillingCity":"Eden Prairie","Bill_To_Place__c":"a0lWC000004nA5ZYAU","BillingCountryCode":"US","QuoteToCountry":"United States","ContactId":"003WC00000x4jCfYAI","PartnerAccountId":"001WC00000ZtazZYAR","Billing_Partner__c":"001WC00000ZtazZYAR","SalesTransactionTypeId":"1ChWC0000002eJ70AI","OpportunityId":"006WC00000QuJ4DYAV","LegalEntityId":"0fwWC000000034LYAQ","Partner_Pricing_Model__c":"Discount","Language__c":"English","ShippingCountry":"United States","BillingPostalCode":"55344","ShippingCity":"Eden Prairie","Ship_To_Place__c":"a0lWC000004nA5ZYAU","BillToContactId":"003WC00000x4jCfYAI","CurrencyIsoCode":"USD","ShippingStreet":"11095 Viking Drive","ShippingCountryCode":"US","Payment_Portal__c":"Fortra (default)","BillingCountry":"United States","BillingStreet":"11095 Viking Drive","BillingStateCode":"MN","ShippingPostalCode":"55344","QuoteToCountryCode":"US","Deal_Type__c":"Fortra Originated","ShippingState":"Minnesota","Id":"0Q0WC0000037yTx0AI","BillingState":"Minnesota"}}|0xb6812b5
19:56:16.9 (90601985)|SYSTEM_METHOD_ENTRY|[81]|Map<Id,Id>.keySet()
19:56:16.9 (90640232)|HEAP_ALLOCATE|[81]|Bytes:26
19:56:16.9 (90645321)|SYSTEM_METHOD_EXIT|[81]|Map<Id,Id>.keySet()
19:56:16.9 (90652916)|SYSTEM_METHOD_ENTRY|[81]|Set<Id>.iterator()
19:56:16.9 (90660060)|SYSTEM_METHOD_EXIT|[81]|Set<Id>.iterator()
19:56:16.9 (90667551)|SYSTEM_METHOD_ENTRY|[81]|com.salesforce.api.fast.SetIterator..lcom.force.swag.id.ID..r.hasNext()
19:56:16.9 (90676359)|HEAP_ALLOCATE|[81]|Bytes:5
19:56:16.9 (90680248)|SYSTEM_METHOD_EXIT|[81]|com.salesforce.api.fast.SetIterator..lcom.force.swag.id.ID..r.hasNext()
19:56:16.9 (90711590)|HEAP_ALLOCATE|[81]|Bytes:4
19:56:16.9 (90715097)|VARIABLE_SCOPE_BEGIN|[81]|contractId|Id|false|false
19:56:16.9 (90781015)|VARIABLE_ASSIGNMENT|[81]|contractId|"800WC00000SB0FtYAL"
19:56:16.9 (90786498)|STATEMENT_EXECUTE|[81]
19:56:16.9 (90787835)|STATEMENT_EXECUTE|[82]
19:56:16.9 (90798442)|SYSTEM_METHOD_ENTRY|[82]|Map<Id,Id>.get(Object)
19:56:16.9 (90811390)|SYSTEM_METHOD_EXIT|[82]|Map<Id,Id>.get(Object)
19:56:16.9 (90817191)|SYSTEM_METHOD_ENTRY|[82]|Map<Id,Quote>.get(Object)
19:56:16.9 (90823192)|SYSTEM_METHOD_EXIT|[82]|Map<Id,Quote>.get(Object)
19:56:16.9 (90827203)|VARIABLE_SCOPE_BEGIN|[82]|sourceQuote|Quote|true|false
19:56:16.9 (91086848)|VARIABLE_ASSIGNMENT|[82]|sourceQuote|{"Net_Terms__c":"Net_30","ShippingStateCode":"MN","BillingCity":"Eden Prairie","Bill_To_Place__c":"a0lWC000004nA5ZYAU","BillingCountryCode":"US","QuoteToCountry":"United States","ContactId":"003WC00000x4jCfYAI","PartnerAccountId":"001WC00000ZtazZYAR","Billing_Partner__c":"001WC00000ZtazZYAR","SalesTransactionTypeId":"1ChWC0000002eJ70AI","OpportunityId":"006WC00000QuJ4DYAV","LegalEntityId":"0fwWC000000034LYAQ","Partner_Pricing_Model__c":"Discount","Language__c":"English","ShippingCountry":"United States","BillingPostalCode":"55344","ShippingCity":"Eden Prairie","Ship_To_Place__c":"a0lWC000004nA5ZYAU","BillToContactId":"003WC00000x4jCfYAI","CurrencyIsoCode":"USD","ShippingStreet":"11095 Viking Drive","ShippingCountryCode":"US","Payment_Portal__c":"Fortra (default)","BillingCountry":"United States","BillingStreet":"11095 Viking Drive","BillingStateCode":"MN","ShippingPostalCode":"55344","QuoteToCountryCode":"US","Deal_Type__c":"Fortra Originated","ShippingState":"Minnesota","Id":"0Q0WC0000037yTx0AI","BillingState":"Minnesota"}|0x5eafe35f
19:56:16.9 (91097393)|STATEMENT_EXECUTE|[83]
19:56:16.9 (91098534)|STATEMENT_EXECUTE|[84]
19:56:16.9 (91106509)|SYSTEM_METHOD_ENTRY|[84]|Map<Id,Quote>.put(Object, Object)
19:56:16.9 (91116374)|HEAP_ALLOCATE|[EXTERNAL]|Bytes:-4
19:56:16.9 (91122572)|SYSTEM_METHOD_EXIT|[84]|Map<Id,Quote>.put(Object, Object)
19:56:16.9 (91127774)|SYSTEM_METHOD_ENTRY|[81]|com.salesforce.api.fast.SetIterator..lcom.force.swag.id.ID..r.hasNext()
19:56:16.9 (91132472)|HEAP_ALLOCATE|[81]|Bytes:5
19:56:16.9 (91135764)|SYSTEM_METHOD_EXIT|[81]|com.salesforce.api.fast.SetIterator..lcom.force.swag.id.ID..r.hasNext()
19:56:16.9 (91141689)|VARIABLE_ASSIGNMENT|[81]|contractId|null
19:56:16.9 (91144832)|STATEMENT_EXECUTE|[87]
19:56:16.9 (91151934)|METHOD_EXIT|[38]|01pWC000002WbCz|RenewalQuoteHeaderHandler.loadSourceQuotesByContractId(Set<Id>)
19:56:16.9 (91155182)|VARIABLE_SCOPE_BEGIN|[38]|sourceQuotesByContractId|Map<Id,Quote>|true|false
19:56:16.9 (91267234)|VARIABLE_ASSIGNMENT|[38]|sourceQuotesByContractId|{"800WC00000SB0FtYAL":{"Net_Terms__c":"Net_30","ShippingStateCode":"MN","BillingCity":"Eden Prairie","Bill_To_Place__c":"a0lWC000004nA5ZYAU","BillingCountryCode":"US","QuoteToCountry":"United States","ContactId":"003WC00000x4jCfYAI","PartnerAccountId":"001WC00000ZtazZYAR","Billing_Partner__c":"001WC00000ZtazZYAR","SalesTransactionTypeId":"1ChWC0000002eJ70AI","OpportunityId":"006WC00000QuJ4DYAV","LegalEntityId":"0fwWC000000034LYAQ","Partner_Pricing_Model__c":"Discount","Language__c":"English","ShippingCountry":"United States","BillingPostalCode":"55344","ShippingCity":"Eden Prairie","Ship_To_Place__c":"a0lWC000004nA5ZYAU","BillToContactId":"003WC00000x4jCfYAI","CurrencyIsoCode":"USD","ShippingStreet":"11095 Viking Drive","ShippingCountryCode":"US","Payment_Portal__c":"Fortra (default)","BillingCountry":"United States","BillingStreet":"11095 Viking Drive","BillingStateCode":"MN","ShippingPostalCode":"55344","QuoteToCountryCode":"US","Deal_Type__c":"Fortra Originated","ShippingState":"Minnesota","Id":"0Q0WC0000037yTx0AI","BillingState":"Minnesota"}}|0x839a15
19:56:16.9 (91278452)|SYSTEM_METHOD_ENTRY|[39]|Map<Id,Quote>.keySet()
19:56:16.9 (91293124)|HEAP_ALLOCATE|[39]|Bytes:26
19:56:16.9 (91296327)|SYSTEM_METHOD_EXIT|[39]|Map<Id,Quote>.keySet()
19:56:16.9 (91300418)|SYSTEM_METHOD_ENTRY|[39]|Set<Id>.iterator()
19:56:16.9 (91303951)|SYSTEM_METHOD_EXIT|[39]|Set<Id>.iterator()
19:56:16.9 (91307244)|SYSTEM_METHOD_ENTRY|[39]|com.salesforce.api.fast.SetIterator..lcom.force.swag.id.ID..r.hasNext()
19:56:16.9 (91310112)|HEAP_ALLOCATE|[39]|Bytes:5
19:56:16.9 (91312771)|SYSTEM_METHOD_EXIT|[39]|com.salesforce.api.fast.SetIterator..lcom.force.swag.id.ID..r.hasNext()
19:56:16.9 (91326645)|HEAP_ALLOCATE|[39]|Bytes:4
19:56:16.9 (91329269)|VARIABLE_SCOPE_BEGIN|[39]|contractId|Id|false|false
19:56:16.9 (91372738)|VARIABLE_ASSIGNMENT|[39]|contractId|"800WC00000SB0FtYAL"
19:56:16.9 (91375773)|STATEMENT_EXECUTE|[39]
19:56:16.9 (91376860)|STATEMENT_EXECUTE|[40]
19:56:16.9 (91381923)|SYSTEM_METHOD_ENTRY|[40]|Map<Id,Quote>.get(Object)
19:56:16.9 (91390901)|SYSTEM_METHOD_EXIT|[40]|Map<Id,Quote>.get(Object)
19:56:16.9 (91393889)|VARIABLE_SCOPE_BEGIN|[40]|sourceQuote|Quote|true|false
19:56:16.9 (91501570)|VARIABLE_ASSIGNMENT|[40]|sourceQuote|{"Net_Terms__c":"Net_30","ShippingStateCode":"MN","BillingCity":"Eden Prairie","Bill_To_Place__c":"a0lWC000004nA5ZYAU","BillingCountryCode":"US","QuoteToCountry":"United States","ContactId":"003WC00000x4jCfYAI","PartnerAccountId":"001WC00000ZtazZYAR","Billing_Partner__c":"001WC00000ZtazZYAR","SalesTransactionTypeId":"1ChWC0000002eJ70AI","OpportunityId":"006WC00000QuJ4DYAV","LegalEntityId":"0fwWC000000034LYAQ","Partner_Pricing_Model__c":"Discount","Language__c":"English","ShippingCountry":"United States","BillingPostalCode":"55344","ShippingCity":"Eden Prairie","Ship_To_Place__c":"a0lWC000004nA5ZYAU","BillToContactId":"003WC00000x4jCfYAI","CurrencyIsoCode":"USD","ShippingStreet":"11095 Viking Drive","ShippingCountryCode":"US","Payment_Portal__c":"Fortra (default)","BillingCountry":"United States","BillingStreet":"11095 Viking Drive","BillingStateCode":"MN","ShippingPostalCode":"55344","QuoteToCountryCode":"US","Deal_Type__c":"Fortra Originated","ShippingState":"Minnesota","Id":"0Q0WC0000037yTx0AI","BillingState":"Minnesota"}|0x5eafe35f
19:56:16.9 (91510286)|STATEMENT_EXECUTE|[41]
19:56:16.9 (91511375)|STATEMENT_EXECUTE|[44]
19:56:16.9 (91515649)|SYSTEM_METHOD_ENTRY|[44]|Map<Id,Quote>.get(Object)
19:56:16.9 (91526608)|SYSTEM_METHOD_EXIT|[44]|Map<Id,Quote>.get(Object)
19:56:16.9 (91540192)|METHOD_ENTRY|[44]|01pWC000002WbCz|RenewalQuoteHeaderHandler.stampHeaderFields(Quote, Quote)
19:56:16.9 (91545923)|VARIABLE_SCOPE_BEGIN|[189]|target|Quote|true|false
19:56:16.9 (92635286)|VARIABLE_ASSIGNMENT|[189]|target|{"LastModifiedDate":"2026-06-14T02:54:10.000Z","Quote_Type__c":"Renewal","Bill_To_Place__c":"a0lWC000004nA5ZYAU","Export_Compliance_Status__c":"Pending","Net_Terms_Approval__c":false,"Exchange_Rate_To_USD__c":1.0000000000,"Export_Review_Required__c":false,"Within_Renewal_Window__c":false,"IsPrimary__c":false,"Credit_Renewal_Approval__c":false,"Days_Until_Renewal__c":362,"Renewal_Contract__c":"800WC00000SB0FtYAL","QuoteAccountId":"001WC00000kZKNxYAO","Pro_Ration_Method__c":"Monthly","Renewal_ARR_Approval__c":false,"Status":"Draft","Show_Hide_Discounts__c":"Show","IsDeleted":false,"Subtotal":67.38,"Force_New_Contract__c":false,"Net_Contract_Change__c":0.00,"Signed_Quote_Approval__c":false,"Terms_and_Conditions__c":false,"Payment_Portal__c":"Fortra (default)","Original_Contract_ARR__c":0.00,"BillingStateCode":"MN","GrandTotal":67.38,"ShippingPostalCode":"55344","ShippingState":"Minnesota","Mycap__c":false,"Deal_Type__c":"Fortra Originated","Id":"0Q0WC00000382MH0AY","Subscription_Pricing_Discount_Approval__c":false,"Net_Terms__c":"Net_30","Discount":0.00,"Services_Discount_Approval__c":false,"Total_Contract_Value_TCV__c":67.38,"LineItemCount":2,"OwnerId":"005WC00000DZ6xVYAT","OpportunityId":"006WC00000QuJ4DYAV","LegalEntityId":"0fwWC000000034LYAQ","Language__c":"English","ShippingCity":"Eden Prairie","GSW__c":false,"Manually_Sent__c":false,"CalculationStatus":"Saving","Corporate_Currency_Amount__c":67.38,"Annual_Contract_Value_ACV__c":67.38,"Max_Discount_on_QLIs__c":0.00,"Quote_Displaced_ARR__c":0.00,"OriginalActionType":"Renew","Ship_To_Place__c":"a0lWC000004nA5ZYAU","Show_Hide_Product_Number__c":"Show","SystemModstamp":"2026-06-14T02:54:10.000Z","Create_Order_from_Quote__c":false,"BillingCountry":"United States","Manual_Discount__c":0.00,"QuoteToCountryCode":"US","TotalPrice":67.38,"AdditionalCountryCode":"US","Legal_Support_Approval__c":false,"AccountId":"001WC00000kZKNxYAO","ShippingStateCode":"MN","BillingCity":"Eden Prairie","QuoteToCountry":"United States","Total_Discount_Amount__c":0.00,"MYCAP_Approval__c":false,"Name":"Renewal Quote","License_Extension_Approval__c":false,"StartDate":"2026-06-11T00:00:00.000Z","CreatedById":"005WC00000DZ6xVYAT","Auto_Renewal__c":false,"Channel_MSP_Pricing_Discount_Approval__c":false,"BillingPostalCode":"55344","Annualized_License_Equivalent_Base__c":67.38,"Show_Hide_Free_Products__c":"Show","Maintenance_Max_Discount__c":0.00,"Total_Displaced_ARR__c":0.00,"CurrencyIsoCode":"USD","LegacyRenewalQuote__c":false,"Credit_Renewal_ARR__c":false,"ShippingStreet":"11095 Viking Drive","Annuial_Revenue_Base__c":67.38,"AdditionalCountry":"United States","Total_Quote_Line_ARR__c":0.00,"CreatedDate":"2026-06-11T21:14:56.000Z","Pricebook2Id":"01sWC0000022GHFYA2","IsSyncing":false,"Renewal_Cancellation_Approval__c":false,"BillingState":"Minnesota","TransactionType":"Fortra_Advanced_Pric (3 more) ...","Discount_Renewal_ARR__c":false,"Contains_Offensive_Security__c":false,"BillingCountryCode":"US","Temp_License_Key_Extension__c":false,"Disable_Export_Control__c":false,"ContactId":"003WC00000x4jCfYAI","PartnerAccountId":"001WC00000ZtazZYAR","Export_License_Required__c":false,"Billing_Partner__c":"001WC00000ZtazZYAR","SalesTransactionTypeId":"1ChWC0000002eJ70AI","Maintenance_Discount_Approval__c":false,"Partner_Pricing_Model__c":"Discount","ShippingCountry":"United States","LineGroupCount":0,"Approval_Status__c":"None","Unsigned_Quote_Approval__c":false,"ContractId":"800WC00000SB0FtYAL","BillToContactId":"003WC00000x4jCfYAI","QuoteTypeText__c":"Renewal","Approval_Rejected_Checkbox__c":false,"ShippingCountryCode":"US","QuoteNumber":"00781084","CanCreateQuoteLineItems":false,"ALE__c":67.38,"BillingStreet":"11095 Viking Drive","Request_Legal_Support__c":false,"Perpetual_Pricing_Discount_Approval__c":false,"LastModifiedById":"005WC00000MgTN2YAN","Displaced_ARR_Approval__c":false}|0x1d181be1
19:56:16.9 (92665761)|VARIABLE_SCOPE_BEGIN|[189]|source|Quote|true|false
19:56:16.9 (92787376)|VARIABLE_ASSIGNMENT|[189]|source|{"Net_Terms__c":"Net_30","ShippingStateCode":"MN","BillingCity":"Eden Prairie","Bill_To_Place__c":"a0lWC000004nA5ZYAU","BillingCountryCode":"US","QuoteToCountry":"United States","ContactId":"003WC00000x4jCfYAI","PartnerAccountId":"001WC00000ZtazZYAR","Billing_Partner__c":"001WC00000ZtazZYAR","SalesTransactionTypeId":"1ChWC0000002eJ70AI","OpportunityId":"006WC00000QuJ4DYAV","LegalEntityId":"0fwWC000000034LYAQ","Partner_Pricing_Model__c":"Discount","Language__c":"English","ShippingCountry":"United States","BillingPostalCode":"55344","ShippingCity":"Eden Prairie","Ship_To_Place__c":"a0lWC000004nA5ZYAU","BillToContactId":"003WC00000x4jCfYAI","CurrencyIsoCode":"USD","ShippingStreet":"11095 Viking Drive","ShippingCountryCode":"US","Payment_Portal__c":"Fortra (default)","BillingCountry":"United States","BillingStreet":"11095 Viking Drive","BillingStateCode":"MN","ShippingPostalCode":"55344","QuoteToCountryCode":"US","Deal_Type__c":"Fortra Originated","ShippingState":"Minnesota","Id":"0Q0WC0000037yTx0AI","BillingState":"Minnesota"}|0x5eafe35f
19:56:16.9 (92804871)|HEAP_ALLOCATE|[190]|Bytes:5
19:56:16.9 (92809725)|STATEMENT_EXECUTE|[189]
19:56:16.9 (92814195)|STATEMENT_EXECUTE|[190]
19:56:16.9 (92815410)|STATEMENT_EXECUTE|[194]
19:56:16.9 (92819442)|HEAP_ALLOCATE|[194]|Bytes:13
19:56:16.9 (92837135)|METHOD_ENTRY|[194]|01pWC000002WbCz|RenewalQuoteHeaderHandler.copyIdIfBlank(Quote, Quote, String)
19:56:16.9 (92858135)|VARIABLE_SCOPE_BEGIN|[241]|target|Quote|true|false
19:56:16.9 (93670808)|VARIABLE_ASSIGNMENT|[241]|target|{"LastModifiedDate":"2026-06-14T02:54:10.000Z","Quote_Type__c":"Renewal","Bill_To_Place__c":"a0lWC000004nA5ZYAU","Export_Compliance_Status__c":"Pending","Net_Terms_Approval__c":false,"Exchange_Rate_To_USD__c":1.0000000000,"Export_Review_Required__c":false,"Within_Renewal_Window__c":false,"IsPrimary__c":false,"Credit_Renewal_Approval__c":false,"Days_Until_Renewal__c":362,"Renewal_Contract__c":"800WC00000SB0FtYAL","QuoteAccountId":"001WC00000kZKNxYAO","Pro_Ration_Method__c":"Monthly","Renewal_ARR_Approval__c":false,"Status":"Draft","Show_Hide_Discounts__c":"Show","IsDeleted":false,"Subtotal":67.38,"Force_New_Contract__c":false,"Net_Contract_Change__c":0.00,"Signed_Quote_Approval__c":false,"Terms_and_Conditions__c":false,"Payment_Portal__c":"Fortra (default)","Original_Contract_ARR__c":0.00,"BillingStateCode":"MN","GrandTotal":67.38,"ShippingPostalCode":"55344","ShippingState":"Minnesota","Mycap__c":false,"Deal_Type__c":"Fortra Originated","Id":"0Q0WC00000382MH0AY","Subscription_Pricing_Discount_Approval__c":false,"Net_Terms__c":"Net_30","Discount":0.00,"Services_Discount_Approval__c":false,"Total_Contract_Value_TCV__c":67.38,"LineItemCount":2,"OwnerId":"005WC00000DZ6xVYAT","OpportunityId":"006WC00000QuJ4DYAV","LegalEntityId":"0fwWC000000034LYAQ","Language__c":"English","ShippingCity":"Eden Prairie","GSW__c":false,"Manually_Sent__c":false,"CalculationStatus":"Saving","Corporate_Currency_Amount__c":67.38,"Annual_Contract_Value_ACV__c":67.38,"Max_Discount_on_QLIs__c":0.00,"Quote_Displaced_ARR__c":0.00,"OriginalActionType":"Renew","Ship_To_Place__c":"a0lWC000004nA5ZYAU","Show_Hide_Product_Number__c":"Show","SystemModstamp":"2026-06-14T02:54:10.000Z","Create_Order_from_Quote__c":false,"BillingCountry":"United States","Manual_Discount__c":0.00,"QuoteToCountryCode":"US","TotalPrice":67.38,"AdditionalCountryCode":"US","Legal_Support_Approval__c":false,"AccountId":"001WC00000kZKNxYAO","ShippingStateCode":"MN","BillingCity":"Eden Prairie","QuoteToCountry":"United States","Total_Discount_Amount__c":0.00,"MYCAP_Approval__c":false,"Name":"Renewal Quote","License_Extension_Approval__c":false,"StartDate":"2026-06-11T00:00:00.000Z","CreatedById":"005WC00000DZ6xVYAT","Auto_Renewal__c":false,"Channel_MSP_Pricing_Discount_Approval__c":false,"BillingPostalCode":"55344","Annualized_License_Equivalent_Base__c":67.38,"Show_Hide_Free_Products__c":"Show","Maintenance_Max_Discount__c":0.00,"Total_Displaced_ARR__c":0.00,"CurrencyIsoCode":"USD","LegacyRenewalQuote__c":false,"Credit_Renewal_ARR__c":false,"ShippingStreet":"11095 Viking Drive","Annuial_Revenue_Base__c":67.38,"AdditionalCountry":"United States","Total_Quote_Line_ARR__c":0.00,"CreatedDate":"2026-06-11T21:14:56.000Z","Pricebook2Id":"01sWC0000022GHFYA2","IsSyncing":false,"Renewal_Cancellation_Approval__c":false,"BillingState":"Minnesota","TransactionType":"Fortra_Advanced_Pric (3 more) ...","Discount_Renewal_ARR__c":false,"Contains_Offensive_Security__c":false,"BillingCountryCode":"US","Temp_License_Key_Extension__c":false,"Disable_Export_Control__c":false,"ContactId":"003WC00000x4jCfYAI","PartnerAccountId":"001WC00000ZtazZYAR","Export_License_Required__c":false,"Billing_Partner__c":"001WC00000ZtazZYAR","SalesTransactionTypeId":"1ChWC0000002eJ70AI","Maintenance_Discount_Approval__c":false,"Partner_Pricing_Model__c":"Discount","ShippingCountry":"United States","LineGroupCount":0,"Approval_Status__c":"None","Unsigned_Quote_Approval__c":false,"ContractId":"800WC00000SB0FtYAL","BillToContactId":"003WC00000x4jCfYAI","QuoteTypeText__c":"Renewal","Approval_Rejected_Checkbox__c":false,"ShippingCountryCode":"US","QuoteNumber":"00781084","CanCreateQuoteLineItems":false,"ALE__c":67.38,"BillingStreet":"11095 Viking Drive","Request_Legal_Support__c":false,"Perpetual_Pricing_Discount_Approval__c":false,"LastModifiedById":"005WC00000MgTN2YAN","Displaced_ARR_Approval__c":false}|0x1d181be1
19:56:16.9 (93699702)|VARIABLE_SCOPE_BEGIN|[241]|source|Quote|true|false
19:56:16.9 (93813261)|VARIABLE_ASSIGNMENT|[241]|source|{"Net_Terms__c":"Net_30","ShippingStateCode":"MN","BillingCity":"Eden Prairie","Bill_To_Place__c":"a0lWC000004nA5ZYAU","BillingCountryCode":"US","QuoteToCountry":"United States","ContactId":"003WC00000x4jCfYAI","PartnerAccountId":"001WC00000ZtazZYAR","Billing_Partner__c":"001WC00000ZtazZYAR","SalesTransactionTypeId":"1ChWC0000002eJ70AI","OpportunityId":"006WC00000QuJ4DYAV","LegalEntityId":"0fwWC000000034LYAQ","Partner_Pricing_Model__c":"Discount","Language__c":"English","ShippingCountry":"United States","BillingPostalCode":"55344","ShippingCity":"Eden Prairie","Ship_To_Place__c":"a0lWC000004nA5ZYAU","BillToContactId":"003WC00000x4jCfYAI","CurrencyIsoCode":"USD","ShippingStreet":"11095 Viking Drive","ShippingCountryCode":"US","Payment_Portal__c":"Fortra (default)","BillingCountry":"United States","BillingStreet":"11095 Viking Drive","BillingStateCode":"MN","ShippingPostalCode":"55344","QuoteToCountryCode":"US","Deal_Type__c":"Fortra Originated","ShippingState":"Minnesota","Id":"0Q0WC0000037yTx0AI","BillingState":"Minnesota"}|0x5eafe35f
19:56:16.9 (93823363)|VARIABLE_SCOPE_BEGIN|[241]|fieldName|String|false|false
19:56:16.9 (93829941)|VARIABLE_ASSIGNMENT|[241]|fieldName|"OpportunityId"
19:56:16.9 (93841285)|HEAP_ALLOCATE|[242]|Bytes:5
19:56:16.9 (93846253)|STATEMENT_EXECUTE|[241]
19:56:16.9 (93890748)|SYSTEM_METHOD_ENTRY|[242]|SObject.get(String)
19:56:16.9 (93934584)|HEAP_ALLOCATE|[242]|Bytes:4
19:56:16.9 (93943733)|SYSTEM_METHOD_EXIT|[242]|SObject.get(String)
19:56:16.9 (93946505)|STATEMENT_EXECUTE|[242]
19:56:16.9 (93947544)|STATEMENT_EXECUTE|[243]
19:56:16.9 (93955254)|METHOD_EXIT|[194]|01pWC000002WbCz|RenewalQuoteHeaderHandler.copyIdIfBlank(Quote, Quote, String)
19:56:16.9 (93958200)|STATEMENT_EXECUTE|[195]
19:56:16.9 (93960756)|HEAP_ALLOCATE|[195]|Bytes:13
19:56:16.9 (93965966)|METHOD_ENTRY|[195]|01pWC000002WbCz|RenewalQuoteHeaderHandler.copyIdIfBlank(Quote, Quote, String)
19:56:16.9 (93972569)|VARIABLE_SCOPE_BEGIN|[241]|target|Quote|true|false
19:56:16.9 (94720588)|VARIABLE_ASSIGNMENT|[241]|target|{"LastModifiedDate":"2026-06-14T02:54:10.000Z","Quote_Type__c":"Renewal","Bill_To_Place__c":"a0lWC000004nA5ZYAU","Export_Compliance_Status__c":"Pending","Net_Terms_Approval__c":false,"Exchange_Rate_To_USD__c":1.0000000000,"Export_Review_Required__c":false,"Within_Renewal_Window__c":false,"IsPrimary__c":false,"Credit_Renewal_Approval__c":false,"Days_Until_Renewal__c":362,"Renewal_Contract__c":"800WC00000SB0FtYAL","QuoteAccountId":"001WC00000kZKNxYAO","Pro_Ration_Method__c":"Monthly","Renewal_ARR_Approval__c":false,"Status":"Draft","Show_Hide_Discounts__c":"Show","IsDeleted":false,"Subtotal":67.38,"Force_New_Contract__c":false,"Net_Contract_Change__c":0.00,"Signed_Quote_Approval__c":false,"Terms_and_Conditions__c":false,"Payment_Portal__c":"Fortra (default)","Original_Contract_ARR__c":0.00,"BillingStateCode":"MN","GrandTotal":67.38,"ShippingPostalCode":"55344","ShippingState":"Minnesota","Mycap__c":false,"Deal_Type__c":"Fortra Originated","Id":"0Q0WC00000382MH0AY","Subscription_Pricing_Discount_Approval__c":false,"Net_Terms__c":"Net_30","Discount":0.00,"Services_Discount_Approval__c":false,"Total_Contract_Value_TCV__c":67.38,"LineItemCount":2,"OwnerId":"005WC00000DZ6xVYAT","OpportunityId":"006WC00000QuJ4DYAV","LegalEntityId":"0fwWC000000034LYAQ","Language__c":"English","ShippingCity":"Eden Prairie","GSW__c":false,"Manually_Sent__c":false,"CalculationStatus":"Saving","Corporate_Currency_Amount__c":67.38,"Annual_Contract_Value_ACV__c":67.38,"Max_Discount_on_QLIs__c":0.00,"Quote_Displaced_ARR__c":0.00,"OriginalActionType":"Renew","Ship_To_Place__c":"a0lWC000004nA5ZYAU","Show_Hide_Product_Number__c":"Show","SystemModstamp":"2026-06-14T02:54:10.000Z","Create_Order_from_Quote__c":false,"BillingCountry":"United States","Manual_Discount__c":0.00,"QuoteToCountryCode":"US","TotalPrice":67.38,"AdditionalCountryCode":"US","Legal_Support_Approval__c":false,"AccountId":"001WC00000kZKNxYAO","ShippingStateCode":"MN","BillingCity":"Eden Prairie","QuoteToCountry":"United States","Total_Discount_Amount__c":0.00,"MYCAP_Approval__c":false,"Name":"Renewal Quote","License_Extension_Approval__c":false,"StartDate":"2026-06-11T00:00:00.000Z","CreatedById":"005WC00000DZ6xVYAT","Auto_Renewal__c":false,"Channel_MSP_Pricing_Discount_Approval__c":false,"BillingPostalCode":"55344","Annualized_License_Equivalent_Base__c":67.38,"Show_Hide_Free_Products__c":"Show","Maintenance_Max_Discount__c":0.00,"Total_Displaced_ARR__c":0.00,"CurrencyIsoCode":"USD","LegacyRenewalQuote__c":false,"Credit_Renewal_ARR__c":false,"ShippingStreet":"11095 Viking Drive","Annuial_Revenue_Base__c":67.38,"AdditionalCountry":"United States","Total_Quote_Line_ARR__c":0.00,"CreatedDate":"2026-06-11T21:14:56.000Z","Pricebook2Id":"01sWC0000022GHFYA2","IsSyncing":false,"Renewal_Cancellation_Approval__c":false,"BillingState":"Minnesota","TransactionType":"Fortra_Advanced_Pric (3 more) ...","Discount_Renewal_ARR__c":false,"Contains_Offensive_Security__c":false,"BillingCountryCode":"US","Temp_License_Key_Extension__c":false,"Disable_Export_Control__c":false,"ContactId":"003WC00000x4jCfYAI","PartnerAccountId":"001WC00000ZtazZYAR","Export_License_Required__c":false,"Billing_Partner__c":"001WC00000ZtazZYAR","SalesTransactionTypeId":"1ChWC0000002eJ70AI","Maintenance_Discount_Approval__c":false,"Partner_Pricing_Model__c":"Discount","ShippingCountry":"United States","LineGroupCount":0,"Approval_Status__c":"None","Unsigned_Quote_Approval__c":false,"ContractId":"800WC00000SB0FtYAL","BillToContactId":"003WC00000x4jCfYAI","QuoteTypeText__c":"Renewal","Approval_Rejected_Checkbox__c":false,"ShippingCountryCode":"US","QuoteNumber":"00781084","CanCreateQuoteLineItems":false,"ALE__c":67.38,"BillingStreet":"11095 Viking Drive","Request_Legal_Support__c":false,"Perpetual_Pricing_Discount_Approval__c":false,"LastModifiedById":"005WC00000MgTN2YAN","Displaced_ARR_Approval__c":false}|0x1d181be1
19:56:16.9 (94750079)|VARIABLE_SCOPE_BEGIN|[241]|source|Quote|true|false
19:56:16.9 (94870837)|VARIABLE_ASSIGNMENT|[241]|source|{"Net_Terms__c":"Net_30","ShippingStateCode":"MN","BillingCity":"Eden Prairie","Bill_To_Place__c":"a0lWC000004nA5ZYAU","BillingCountryCode":"US","QuoteToCountry":"United States","ContactId":"003WC00000x4jCfYAI","PartnerAccountId":"001WC00000ZtazZYAR","Billing_Partner__c":"001WC00000ZtazZYAR","SalesTransactionTypeId":"1ChWC0000002eJ70AI","OpportunityId":"006WC00000QuJ4DYAV","LegalEntityId":"0fwWC000000034LYAQ","Partner_Pricing_Model__c":"Discount","Language__c":"English","ShippingCountry":"United States","BillingPostalCode":"55344","ShippingCity":"Eden Prairie","Ship_To_Place__c":"a0lWC000004nA5ZYAU","BillToContactId":"003WC00000x4jCfYAI","CurrencyIsoCode":"USD","ShippingStreet":"11095 Viking Drive","ShippingCountryCode":"US","Payment_Portal__c":"Fortra (default)","BillingCountry":"United States","BillingStreet":"11095 Viking Drive","BillingStateCode":"MN","ShippingPostalCode":"55344","QuoteToCountryCode":"US","Deal_Type__c":"Fortra Originated","ShippingState":"Minnesota","Id":"0Q0WC0000037yTx0AI","BillingState":"Minnesota"}|0x5eafe35f
19:56:16.9 (94879465)|VARIABLE_SCOPE_BEGIN|[241]|fieldName|String|false|false
19:56:16.9 (94886121)|VARIABLE_ASSIGNMENT|[241]|fieldName|"LegalEntityId"
19:56:16.9 (94895778)|HEAP_ALLOCATE|[242]|Bytes:5
19:56:16.9 (94900111)|STATEMENT_EXECUTE|[241]
19:56:16.9 (94914876)|SYSTEM_METHOD_ENTRY|[242]|SObject.get(String)
19:56:16.9 (94933164)|HEAP_ALLOCATE|[242]|Bytes:4
19:56:16.9 (94939882)|SYSTEM_METHOD_EXIT|[242]|SObject.get(String)
19:56:16.9 (94942317)|STATEMENT_EXECUTE|[242]
19:56:16.9 (94943212)|STATEMENT_EXECUTE|[243]
19:56:16.9 (94949695)|METHOD_EXIT|[195]|01pWC000002WbCz|RenewalQuoteHeaderHandler.copyIdIfBlank(Quote, Quote, String)
19:56:16.9 (94952409)|STATEMENT_EXECUTE|[196]
19:56:16.9 (94954867)|HEAP_ALLOCATE|[196]|Bytes:22
19:56:16.9 (94959545)|METHOD_ENTRY|[196]|01pWC000002WbCz|RenewalQuoteHeaderHandler.copyIdIfBlank(Quote, Quote, String)
19:56:16.9 (94967931)|VARIABLE_SCOPE_BEGIN|[241]|target|Quote|true|false
19:56:16.9 (95676209)|VARIABLE_ASSIGNMENT|[241]|target|{"LastModifiedDate":"2026-06-14T02:54:10.000Z","Quote_Type__c":"Renewal","Bill_To_Place__c":"a0lWC000004nA5ZYAU","Export_Compliance_Status__c":"Pending","Net_Terms_Approval__c":false,"Exchange_Rate_To_USD__c":1.0000000000,"Export_Review_Required__c":false,"Within_Renewal_Window__c":false,"IsPrimary__c":false,"Credit_Renewal_Approval__c":false,"Days_Until_Renewal__c":362,"Renewal_Contract__c":"800WC00000SB0FtYAL","QuoteAccountId":"001WC00000kZKNxYAO","Pro_Ration_Method__c":"Monthly","Renewal_ARR_Approval__c":false,"Status":"Draft","Show_Hide_Discounts__c":"Show","IsDeleted":false,"Subtotal":67.38,"Force_New_Contract__c":false,"Net_Contract_Change__c":0.00,"Signed_Quote_Approval__c":false,"Terms_and_Conditions__c":false,"Payment_Portal__c":"Fortra (default)","Original_Contract_ARR__c":0.00,"BillingStateCode":"MN","GrandTotal":67.38,"ShippingPostalCode":"55344","ShippingState":"Minnesota","Mycap__c":false,"Deal_Type__c":"Fortra Originated","Id":"0Q0WC00000382MH0AY","Subscription_Pricing_Discount_Approval__c":false,"Net_Terms__c":"Net_30","Discount":0.00,"Services_Discount_Approval__c":false,"Total_Contract_Value_TCV__c":67.38,"LineItemCount":2,"OwnerId":"005WC00000DZ6xVYAT","OpportunityId":"006WC00000QuJ4DYAV","LegalEntityId":"0fwWC000000034LYAQ","Language__c":"English","ShippingCity":"Eden Prairie","GSW__c":false,"Manually_Sent__c":false,"CalculationStatus":"Saving","Corporate_Currency_Amount__c":67.38,"Annual_Contract_Value_ACV__c":67.38,"Max_Discount_on_QLIs__c":0.00,"Quote_Displaced_ARR__c":0.00,"OriginalActionType":"Renew","Ship_To_Place__c":"a0lWC000004nA5ZYAU","Show_Hide_Product_Number__c":"Show","SystemModstamp":"2026-06-14T02:54:10.000Z","Create_Order_from_Quote__c":false,"BillingCountry":"United States","Manual_Discount__c":0.00,"QuoteToCountryCode":"US","TotalPrice":67.38,"AdditionalCountryCode":"US","Legal_Support_Approval__c":false,"AccountId":"001WC00000kZKNxYAO","ShippingStateCode":"MN","BillingCity":"Eden Prairie","QuoteToCountry":"United States","Total_Discount_Amount__c":0.00,"MYCAP_Approval__c":false,"Name":"Renewal Quote","License_Extension_Approval__c":false,"StartDate":"2026-06-11T00:00:00.000Z","CreatedById":"005WC00000DZ6xVYAT","Auto_Renewal__c":false,"Channel_MSP_Pricing_Discount_Approval__c":false,"BillingPostalCode":"55344","Annualized_License_Equivalent_Base__c":67.38,"Show_Hide_Free_Products__c":"Show","Maintenance_Max_Discount__c":0.00,"Total_Displaced_ARR__c":0.00,"CurrencyIsoCode":"USD","LegacyRenewalQuote__c":false,"Credit_Renewal_ARR__c":false,"ShippingStreet":"11095 Viking Drive","Annuial_Revenue_Base__c":67.38,"AdditionalCountry":"United States","Total_Quote_Line_ARR__c":0.00,"CreatedDate":"2026-06-11T21:14:56.000Z","Pricebook2Id":"01sWC0000022GHFYA2","IsSyncing":false,"Renewal_Cancellation_Approval__c":false,"BillingState":"Minnesota","TransactionType":"Fortra_Advanced_Pric (3 more) ...","Discount_Renewal_ARR__c":false,"Contains_Offensive_Security__c":false,"BillingCountryCode":"US","Temp_License_Key_Extension__c":false,"Disable_Export_Control__c":false,"ContactId":"003WC00000x4jCfYAI","PartnerAccountId":"001WC00000ZtazZYAR","Export_License_Required__c":false,"Billing_Partner__c":"001WC00000ZtazZYAR","SalesTransactionTypeId":"1ChWC0000002eJ70AI","Maintenance_Discount_Approval__c":false,"Partner_Pricing_Model__c":"Discount","ShippingCountry":"United States","LineGroupCount":0,"Approval_Status__c":"None","Unsigned_Quote_Approval__c":false,"ContractId":"800WC00000SB0FtYAL","BillToContactId":"003WC00000x4jCfYAI","QuoteTypeText__c":"Renewal","Approval_Rejected_Checkbox__c":false,"ShippingCountryCode":"US","QuoteNumber":"00781084","CanCreateQuoteLineItems":false,"ALE__c":67.38,"BillingStreet":"11095 Viking Drive","Request_Legal_Support__c":false,"Perpetual_Pricing_Discount_Approval__c":false,"LastModifiedById":"005WC00000MgTN2YAN","Displaced_ARR_Approval__c":false}|0x1d181be1
19:56:16.9 (95703578)|VARIABLE_SCOPE_BEGIN|[241]|source|Quote|true|false
19:56:16.9 (95819264)|VARIABLE_ASSIGNMENT|[241]|source|{"Net_Terms__c":"Net_30","ShippingStateCode":"MN","BillingCity":"Eden Prairie","Bill_To_Place__c":"a0lWC000004nA5ZYAU","BillingCountryCode":"US","QuoteToCountry":"United States","ContactId":"003WC00000x4jCfYAI","PartnerAccountId":"001WC00000ZtazZYAR","Billing_Partner__c":"001WC00000ZtazZYAR","SalesTransactionTypeId":"1ChWC0000002eJ70AI","OpportunityId":"006WC00000QuJ4DYAV","LegalEntityId":"0fwWC000000034LYAQ","Partner_Pricing_Model__c":"Discount","Language__c":"English","ShippingCountry":"United States","BillingPostalCode":"55344","ShippingCity":"Eden Prairie","Ship_To_Place__c":"a0lWC000004nA5ZYAU","BillToContactId":"003WC00000x4jCfYAI","CurrencyIsoCode":"USD","ShippingStreet":"11095 Viking Drive","ShippingCountryCode":"US","Payment_Portal__c":"Fortra (default)","BillingCountry":"United States","BillingStreet":"11095 Viking Drive","BillingStateCode":"MN","ShippingPostalCode":"55344","QuoteToCountryCode":"US","Deal_Type__c":"Fortra Originated","ShippingState":"Minnesota","Id":"0Q0WC0000037yTx0AI","BillingState":"Minnesota"}|0x5eafe35f
19:56:16.9 (95827367)|VARIABLE_SCOPE_BEGIN|[241]|fieldName|String|false|false
19:56:16.9 (95834007)|VARIABLE_ASSIGNMENT|[241]|fieldName|"SalesTransactionType (2 more) ..."
19:56:16.9 (95842894)|HEAP_ALLOCATE|[242]|Bytes:5
19:56:16.9 (95846655)|STATEMENT_EXECUTE|[241]
19:56:16.9 (95859688)|SYSTEM_METHOD_ENTRY|[242]|SObject.get(String)
19:56:16.9 (95877104)|HEAP_ALLOCATE|[242]|Bytes:4
19:56:16.9 (95884104)|SYSTEM_METHOD_EXIT|[242]|SObject.get(String)
19:56:16.9 (95886451)|STATEMENT_EXECUTE|[242]
19:56:16.9 (95887520)|STATEMENT_EXECUTE|[243]
19:56:16.9 (95893593)|METHOD_EXIT|[196]|01pWC000002WbCz|RenewalQuoteHeaderHandler.copyIdIfBlank(Quote, Quote, String)
19:56:16.9 (95896369)|STATEMENT_EXECUTE|[197]
19:56:16.9 (95898478)|HEAP_ALLOCATE|[197]|Bytes:9
19:56:16.9 (95903272)|METHOD_ENTRY|[197]|01pWC000002WbCz|RenewalQuoteHeaderHandler.copyIdIfBlank(Quote, Quote, String)
19:56:16.9 (95911075)|VARIABLE_SCOPE_BEGIN|[241]|target|Quote|true|false
19:56:16.9 (96588080)|VARIABLE_ASSIGNMENT|[241]|target|{"LastModifiedDate":"2026-06-14T02:54:10.000Z","Quote_Type__c":"Renewal","Bill_To_Place__c":"a0lWC000004nA5ZYAU","Export_Compliance_Status__c":"Pending","Net_Terms_Approval__c":false,"Exchange_Rate_To_USD__c":1.0000000000,"Export_Review_Required__c":false,"Within_Renewal_Window__c":false,"IsPrimary__c":false,"Credit_Renewal_Approval__c":false,"Days_Until_Renewal__c":362,"Renewal_Contract__c":"800WC00000SB0FtYAL","QuoteAccountId":"001WC00000kZKNxYAO","Pro_Ration_Method__c":"Monthly","Renewal_ARR_Approval__c":false,"Status":"Draft","Show_Hide_Discounts__c":"Show","IsDeleted":false,"Subtotal":67.38,"Force_New_Contract__c":false,"Net_Contract_Change__c":0.00,"Signed_Quote_Approval__c":false,"Terms_and_Conditions__c":false,"Payment_Portal__c":"Fortra (default)","Original_Contract_ARR__c":0.00,"BillingStateCode":"MN","GrandTotal":67.38,"ShippingPostalCode":"55344","ShippingState":"Minnesota","Mycap__c":false,"Deal_Type__c":"Fortra Originated","Id":"0Q0WC00000382MH0AY","Subscription_Pricing_Discount_Approval__c":false,"Net_Terms__c":"Net_30","Discount":0.00,"Services_Discount_Approval__c":false,"Total_Contract_Value_TCV__c":67.38,"LineItemCount":2,"OwnerId":"005WC00000DZ6xVYAT","OpportunityId":"006WC00000QuJ4DYAV","LegalEntityId":"0fwWC000000034LYAQ","Language__c":"English","ShippingCity":"Eden Prairie","GSW__c":false,"Manually_Sent__c":false,"CalculationStatus":"Saving","Corporate_Currency_Amount__c":67.38,"Annual_Contract_Value_ACV__c":67.38,"Max_Discount_on_QLIs__c":0.00,"Quote_Displaced_ARR__c":0.00,"OriginalActionType":"Renew","Ship_To_Place__c":"a0lWC000004nA5ZYAU","Show_Hide_Product_Number__c":"Show","SystemModstamp":"2026-06-14T02:54:10.000Z","Create_Order_from_Quote__c":false,"BillingCountry":"United States","Manual_Discount__c":0.00,"QuoteToCountryCode":"US","TotalPrice":67.38,"AdditionalCountryCode":"US","Legal_Support_Approval__c":false,"AccountId":"001WC00000kZKNxYAO","ShippingStateCode":"MN","BillingCity":"Eden Prairie","QuoteToCountry":"United States","Total_Discount_Amount__c":0.00,"MYCAP_Approval__c":false,"Name":"Renewal Quote","License_Extension_Approval__c":false,"StartDate":"2026-06-11T00:00:00.000Z","CreatedById":"005WC00000DZ6xVYAT","Auto_Renewal__c":false,"Channel_MSP_Pricing_Discount_Approval__c":false,"BillingPostalCode":"55344","Annualized_License_Equivalent_Base__c":67.38,"Show_Hide_Free_Products__c":"Show","Maintenance_Max_Discount__c":0.00,"Total_Displaced_ARR__c":0.00,"CurrencyIsoCode":"USD","LegacyRenewalQuote__c":false,"Credit_Renewal_ARR__c":false,"ShippingStreet":"11095 Viking Drive","Annuial_Revenue_Base__c":67.38,"AdditionalCountry":"United States","Total_Quote_Line_ARR__c":0.00,"CreatedDate":"2026-06-11T21:14:56.000Z","Pricebook2Id":"01sWC0000022GHFYA2","IsSyncing":false,"Renewal_Cancellation_Approval__c":false,"BillingState":"Minnesota","TransactionType":"Fortra_Advanced_Pric (3 more) ...","Discount_Renewal_ARR__c":false,"Contains_Offensive_Security__c":false,"BillingCountryCode":"US","Temp_License_Key_Extension__c":false,"Disable_Export_Control__c":false,"ContactId":"003WC00000x4jCfYAI","PartnerAccountId":"001WC00000ZtazZYAR","Export_License_Required__c":false,"Billing_Partner__c":"001WC00000ZtazZYAR","SalesTransactionTypeId":"1ChWC0000002eJ70AI","Maintenance_Discount_Approval__c":false,"Partner_Pricing_Model__c":"Discount","ShippingCountry":"United States","LineGroupCount":0,"Approval_Status__c":"None","Unsigned_Quote_Approval__c":false,"ContractId":"800WC00000SB0FtYAL","BillToContactId":"003WC00000x4jCfYAI","QuoteTypeText__c":"Renewal","Approval_Rejected_Checkbox__c":false,"ShippingCountryCode":"US","QuoteNumber":"00781084","CanCreateQuoteLineItems":false,"ALE__c":67.38,"BillingStreet":"11095 Viking Drive","Request_Legal_Support__c":false,"Perpetual_Pricing_Discount_Approval__c":false,"LastModifiedById":"005WC00000MgTN2YAN","Displaced_ARR_Approval__c":false}|0x1d181be1
19:56:16.9 (96613697)|VARIABLE_SCOPE_BEGIN|[241]|source|Quote|true|false
19:56:16.9 (96724980)|VARIABLE_ASSIGNMENT|[241]|source|{"Net_Terms__c":"Net_30","ShippingStateCode":"MN","BillingCity":"Eden Prairie","Bill_To_Place__c":"a0lWC000004nA5ZYAU","BillingCountryCode":"US","QuoteToCountry":"United States","ContactId":"003WC00000x4jCfYAI","PartnerAccountId":"001WC00000ZtazZYAR","Billing_Partner__c":"001WC00000ZtazZYAR","SalesTransactionTypeId":"1ChWC0000002eJ70AI","OpportunityId":"006WC00000QuJ4DYAV","LegalEntityId":"0fwWC000000034LYAQ","Partner_Pricing_Model__c":"Discount","Language__c":"English","ShippingCountry":"United States","BillingPostalCode":"55344","ShippingCity":"Eden Prairie","Ship_To_Place__c":"a0lWC000004nA5ZYAU","BillToContactId":"003WC00000x4jCfYAI","CurrencyIsoCode":"USD","ShippingStreet":"11095 Viking Drive","ShippingCountryCode":"US","Payment_Portal__c":"Fortra (default)","BillingCountry":"United States","BillingStreet":"11095 Viking Drive","BillingStateCode":"MN","ShippingPostalCode":"55344","QuoteToCountryCode":"US","Deal_Type__c":"Fortra Originated","ShippingState":"Minnesota","Id":"0Q0WC0000037yTx0AI","BillingState":"Minnesota"}|0x5eafe35f
19:56:16.9 (96732826)|VARIABLE_SCOPE_BEGIN|[241]|fieldName|String|false|false
19:56:16.9 (96738067)|VARIABLE_ASSIGNMENT|[241]|fieldName|"ContactId"
19:56:16.9 (96746746)|HEAP_ALLOCATE|[242]|Bytes:5
19:56:16.9 (96750432)|STATEMENT_EXECUTE|[241]
19:56:16.9 (96763000)|SYSTEM_METHOD_ENTRY|[242]|SObject.get(String)
19:56:16.9 (96778559)|HEAP_ALLOCATE|[242]|Bytes:4
19:56:16.9 (96785423)|SYSTEM_METHOD_EXIT|[242]|SObject.get(String)
19:56:16.9 (96787755)|STATEMENT_EXECUTE|[242]
19:56:16.9 (96788745)|STATEMENT_EXECUTE|[243]
19:56:16.9 (96794255)|METHOD_EXIT|[197]|01pWC000002WbCz|RenewalQuoteHeaderHandler.copyIdIfBlank(Quote, Quote, String)
19:56:16.9 (96797120)|STATEMENT_EXECUTE|[198]
19:56:16.9 (96799450)|HEAP_ALLOCATE|[198]|Bytes:15
19:56:16.9 (96804808)|METHOD_ENTRY|[198]|01pWC000002WbCz|RenewalQuoteHeaderHandler.copyIdIfBlank(Quote, Quote, String)
19:56:16.9 (96812420)|VARIABLE_SCOPE_BEGIN|[241]|target|Quote|true|false
19:56:16.9 (97518490)|VARIABLE_ASSIGNMENT|[241]|target|{"LastModifiedDate":"2026-06-14T02:54:10.000Z","Quote_Type__c":"Renewal","Bill_To_Place__c":"a0lWC000004nA5ZYAU","Export_Compliance_Status__c":"Pending","Net_Terms_Approval__c":false,"Exchange_Rate_To_USD__c":1.0000000000,"Export_Review_Required__c":false,"Within_Renewal_Window__c":false,"IsPrimary__c":false,"Credit_Renewal_Approval__c":false,"Days_Until_Renewal__c":362,"Renewal_Contract__c":"800WC00000SB0FtYAL","QuoteAccountId":"001WC00000kZKNxYAO","Pro_Ration_Method__c":"Monthly","Renewal_ARR_Approval__c":false,"Status":"Draft","Show_Hide_Discounts__c":"Show","IsDeleted":false,"Subtotal":67.38,"Force_New_Contract__c":false,"Net_Contract_Change__c":0.00,"Signed_Quote_Approval__c":false,"Terms_and_Conditions__c":false,"Payment_Portal__c":"Fortra (default)","Original_Contract_ARR__c":0.00,"BillingStateCode":"MN","GrandTotal":67.38,"ShippingPostalCode":"55344","ShippingState":"Minnesota","Mycap__c":false,"Deal_Type__c":"Fortra Originated","Id":"0Q0WC00000382MH0AY","Subscription_Pricing_Discount_Approval__c":false,"Net_Terms__c":"Net_30","Discount":0.00,"Services_Discount_Approval__c":false,"Total_Contract_Value_TCV__c":67.38,"LineItemCount":2,"OwnerId":"005WC00000DZ6xVYAT","OpportunityId":"006WC00000QuJ4DYAV","LegalEntityId":"0fwWC000000034LYAQ","Language__c":"English","ShippingCity":"Eden Prairie","GSW__c":false,"Manually_Sent__c":false,"CalculationStatus":"Saving","Corporate_Currency_Amount__c":67.38,"Annual_Contract_Value_ACV__c":67.38,"Max_Discount_on_QLIs__c":0.00,"Quote_Displaced_ARR__c":0.00,"OriginalActionType":"Renew","Ship_To_Place__c":"a0lWC000004nA5ZYAU","Show_Hide_Product_Number__c":"Show","SystemModstamp":"2026-06-14T02:54:10.000Z","Create_Order_from_Quote__c":false,"BillingCountry":"United States","Manual_Discount__c":0.00,"QuoteToCountryCode":"US","TotalPrice":67.38,"AdditionalCountryCode":"US","Legal_Support_Approval__c":false,"AccountId":"001WC00000kZKNxYAO","ShippingStateCode":"MN","BillingCity":"Eden Prairie","QuoteToCountry":"United States","Total_Discount_Amount__c":0.00,"MYCAP_Approval__c":false,"Name":"Renewal Quote","License_Extension_Approval__c":false,"StartDate":"2026-06-11T00:00:00.000Z","CreatedById":"005WC00000DZ6xVYAT","Auto_Renewal__c":false,"Channel_MSP_Pricing_Discount_Approval__c":false,"BillingPostalCode":"55344","Annualized_License_Equivalent_Base__c":67.38,"Show_Hide_Free_Products__c":"Show","Maintenance_Max_Discount__c":0.00,"Total_Displaced_ARR__c":0.00,"CurrencyIsoCode":"USD","LegacyRenewalQuote__c":false,"Credit_Renewal_ARR__c":false,"ShippingStreet":"11095 Viking Drive","Annuial_Revenue_Base__c":67.38,"AdditionalCountry":"United States","Total_Quote_Line_ARR__c":0.00,"CreatedDate":"2026-06-11T21:14:56.000Z","Pricebook2Id":"01sWC0000022GHFYA2","IsSyncing":false,"Renewal_Cancellation_Approval__c":false,"BillingState":"Minnesota","TransactionType":"Fortra_Advanced_Pric (3 more) ...","Discount_Renewal_ARR__c":false,"Contains_Offensive_Security__c":false,"BillingCountryCode":"US","Temp_License_Key_Extension__c":false,"Disable_Export_Control__c":false,"ContactId":"003WC00000x4jCfYAI","PartnerAccountId":"001WC00000ZtazZYAR","Export_License_Required__c":false,"Billing_Partner__c":"001WC00000ZtazZYAR","SalesTransactionTypeId":"1ChWC0000002eJ70AI","Maintenance_Discount_Approval__c":false,"Partner_Pricing_Model__c":"Discount","ShippingCountry":"United States","LineGroupCount":0,"Approval_Status__c":"None","Unsigned_Quote_Approval__c":false,"ContractId":"800WC00000SB0FtYAL","BillToContactId":"003WC00000x4jCfYAI","QuoteTypeText__c":"Renewal","Approval_Rejected_Checkbox__c":false,"ShippingCountryCode":"US","QuoteNumber":"00781084","CanCreateQuoteLineItems":false,"ALE__c":67.38,"BillingStreet":"11095 Viking Drive","Request_Legal_Support__c":false,"Perpetual_Pricing_Discount_Approval__c":false,"LastModifiedById":"005WC00000MgTN2YAN","Displaced_ARR_Approval__c":false}|0x1d181be1
19:56:16.9 (97546239)|VARIABLE_SCOPE_BEGIN|[241]|source|Quote|true|false
19:56:16.9 (97664739)|VARIABLE_ASSIGNMENT|[241]|source|{"Net_Terms__c":"Net_30","ShippingStateCode":"MN","BillingCity":"Eden Prairie","Bill_To_Place__c":"a0lWC000004nA5ZYAU","BillingCountryCode":"US","QuoteToCountry":"United States","ContactId":"003WC00000x4jCfYAI","PartnerAccountId":"001WC00000ZtazZYAR","Billing_Partner__c":"001WC00000ZtazZYAR","SalesTransactionTypeId":"1ChWC0000002eJ70AI","OpportunityId":"006WC00000QuJ4DYAV","LegalEntityId":"0fwWC000000034LYAQ","Partner_Pricing_Model__c":"Discount","Language__c":"English","ShippingCountry":"United States","BillingPostalCode":"55344","ShippingCity":"Eden Prairie","Ship_To_Place__c":"a0lWC000004nA5ZYAU","BillToContactId":"003WC00000x4jCfYAI","CurrencyIsoCode":"USD","ShippingStreet":"11095 Viking Drive","ShippingCountryCode":"US","Payment_Portal__c":"Fortra (default)","BillingCountry":"United States","BillingStreet":"11095 Viking Drive","BillingStateCode":"MN","ShippingPostalCode":"55344","QuoteToCountryCode":"US","Deal_Type__c":"Fortra Originated","ShippingState":"Minnesota","Id":"0Q0WC0000037yTx0AI","BillingState":"Minnesota"}|0x5eafe35f
19:56:16.9 (97673653)|VARIABLE_SCOPE_BEGIN|[241]|fieldName|String|false|false
19:56:16.9 (97679971)|VARIABLE_ASSIGNMENT|[241]|fieldName|"BillToContactId"
19:56:16.9 (97690097)|HEAP_ALLOCATE|[242]|Bytes:5
19:56:16.9 (97694919)|STATEMENT_EXECUTE|[241]
19:56:16.9 (97709863)|SYSTEM_METHOD_ENTRY|[242]|SObject.get(String)
19:56:16.9 (97726653)|HEAP_ALLOCATE|[242]|Bytes:4
19:56:16.9 (97733756)|SYSTEM_METHOD_EXIT|[242]|SObject.get(String)
19:56:16.9 (97736040)|STATEMENT_EXECUTE|[242]
19:56:16.9 (97737054)|STATEMENT_EXECUTE|[243]
19:56:16.9 (97742736)|METHOD_EXIT|[198]|01pWC000002WbCz|RenewalQuoteHeaderHandler.copyIdIfBlank(Quote, Quote, String)
19:56:16.9 (97745265)|STATEMENT_EXECUTE|[199]
19:56:16.9 (97747488)|HEAP_ALLOCATE|[199]|Bytes:16
19:56:16.9 (97752998)|METHOD_ENTRY|[199]|01pWC000002WbCz|RenewalQuoteHeaderHandler.copyIdIfBlank(Quote, Quote, String)
19:56:16.9 (97762490)|VARIABLE_SCOPE_BEGIN|[241]|target|Quote|true|false
19:56:16.9 (98501789)|VARIABLE_ASSIGNMENT|[241]|target|{"LastModifiedDate":"2026-06-14T02:54:10.000Z","Quote_Type__c":"Renewal","Bill_To_Place__c":"a0lWC000004nA5ZYAU","Export_Compliance_Status__c":"Pending","Net_Terms_Approval__c":false,"Exchange_Rate_To_USD__c":1.0000000000,"Export_Review_Required__c":false,"Within_Renewal_Window__c":false,"IsPrimary__c":false,"Credit_Renewal_Approval__c":false,"Days_Until_Renewal__c":362,"Renewal_Contract__c":"800WC00000SB0FtYAL","QuoteAccountId":"001WC00000kZKNxYAO","Pro_Ration_Method__c":"Monthly","Renewal_ARR_Approval__c":false,"Status":"Draft","Show_Hide_Discounts__c":"Show","IsDeleted":false,"Subtotal":67.38,"Force_New_Contract__c":false,"Net_Contract_Change__c":0.00,"Signed_Quote_Approval__c":false,"Terms_and_Conditions__c":false,"Payment_Portal__c":"Fortra (default)","Original_Contract_ARR__c":0.00,"BillingStateCode":"MN","GrandTotal":67.38,"ShippingPostalCode":"55344","ShippingState":"Minnesota","Mycap__c":false,"Deal_Type__c":"Fortra Originated","Id":"0Q0WC00000382MH0AY","Subscription_Pricing_Discount_Approval__c":false,"Net_Terms__c":"Net_30","Discount":0.00,"Services_Discount_Approval__c":false,"Total_Contract_Value_TCV__c":67.38,"LineItemCount":2,"OwnerId":"005WC00000DZ6xVYAT","OpportunityId":"006WC00000QuJ4DYAV","LegalEntityId":"0fwWC000000034LYAQ","Language__c":"English","ShippingCity":"Eden Prairie","GSW__c":false,"Manually_Sent__c":false,"CalculationStatus":"Saving","Corporate_Currency_Amount__c":67.38,"Annual_Contract_Value_ACV__c":67.38,"Max_Discount_on_QLIs__c":0.00,"Quote_Displaced_ARR__c":0.00,"OriginalActionType":"Renew","Ship_To_Place__c":"a0lWC000004nA5ZYAU","Show_Hide_Product_Number__c":"Show","SystemModstamp":"2026-06-14T02:54:10.000Z","Create_Order_from_Quote__c":false,"BillingCountry":"United States","Manual_Discount__c":0.00,"QuoteToCountryCode":"US","TotalPrice":67.38,"AdditionalCountryCode":"US","Legal_Support_Approval__c":false,"AccountId":"001WC00000kZKNxYAO","ShippingStateCode":"MN","BillingCity":"Eden Prairie","QuoteToCountry":"United States","Total_Discount_Amount__c":0.00,"MYCAP_Approval__c":false,"Name":"Renewal Quote","License_Extension_Approval__c":false,"StartDate":"2026-06-11T00:00:00.000Z","CreatedById":"005WC00000DZ6xVYAT","Auto_Renewal__c":false,"Channel_MSP_Pricing_Discount_Approval__c":false,"BillingPostalCode":"55344","Annualized_License_Equivalent_Base__c":67.38,"Show_Hide_Free_Products__c":"Show","Maintenance_Max_Discount__c":0.00,"Total_Displaced_ARR__c":0.00,"CurrencyIsoCode":"USD","LegacyRenewalQuote__c":false,"Credit_Renewal_ARR__c":false,"ShippingStreet":"11095 Viking Drive","Annuial_Revenue_Base__c":67.38,"AdditionalCountry":"United States","Total_Quote_Line_ARR__c":0.00,"CreatedDate":"2026-06-11T21:14:56.000Z","Pricebook2Id":"01sWC0000022GHFYA2","IsSyncing":false,"Renewal_Cancellation_Approval__c":false,"BillingState":"Minnesota","TransactionType":"Fortra_Advanced_Pric (3 more) ...","Discount_Renewal_ARR__c":false,"Contains_Offensive_Security__c":false,"BillingCountryCode":"US","Temp_License_Key_Extension__c":false,"Disable_Export_Control__c":false,"ContactId":"003WC00000x4jCfYAI","PartnerAccountId":"001WC00000ZtazZYAR","Export_License_Required__c":false,"Billing_Partner__c":"001WC00000ZtazZYAR","SalesTransactionTypeId":"1ChWC0000002eJ70AI","Maintenance_Discount_Approval__c":false,"Partner_Pricing_Model__c":"Discount","ShippingCountry":"United States","LineGroupCount":0,"Approval_Status__c":"None","Unsigned_Quote_Approval__c":false,"ContractId":"800WC00000SB0FtYAL","BillToContactId":"003WC00000x4jCfYAI","QuoteTypeText__c":"Renewal","Approval_Rejected_Checkbox__c":false,"ShippingCountryCode":"US","QuoteNumber":"00781084","CanCreateQuoteLineItems":false,"ALE__c":67.38,"BillingStreet":"11095 Viking Drive","Request_Legal_Support__c":false,"Perpetual_Pricing_Discount_Approval__c":false,"LastModifiedById":"005WC00000MgTN2YAN","Displaced_ARR_Approval__c":false}|0x1d181be1
19:56:16.9 (98528736)|VARIABLE_SCOPE_BEGIN|[241]|source|Quote|true|false
19:56:16.9 (98643132)|VARIABLE_ASSIGNMENT|[241]|source|{"Net_Terms__c":"Net_30","ShippingStateCode":"MN","BillingCity":"Eden Prairie","Bill_To_Place__c":"a0lWC000004nA5ZYAU","BillingCountryCode":"US","QuoteToCountry":"United States","ContactId":"003WC00000x4jCfYAI","PartnerAccountId":"001WC00000ZtazZYAR","Billing_Partner__c":"001WC00000ZtazZYAR","SalesTransactionTypeId":"1ChWC0000002eJ70AI","OpportunityId":"006WC00000QuJ4DYAV","LegalEntityId":"0fwWC000000034LYAQ","Partner_Pricing_Model__c":"Discount","Language__c":"English","ShippingCountry":"United States","BillingPostalCode":"55344","ShippingCity":"Eden Prairie","Ship_To_Place__c":"a0lWC000004nA5ZYAU","BillToContactId":"003WC00000x4jCfYAI","CurrencyIsoCode":"USD","ShippingStreet":"11095 Viking Drive","ShippingCountryCode":"US","Payment_Portal__c":"Fortra (default)","BillingCountry":"United States","BillingStreet":"11095 Viking Drive","BillingStateCode":"MN","ShippingPostalCode":"55344","QuoteToCountryCode":"US","Deal_Type__c":"Fortra Originated","ShippingState":"Minnesota","Id":"0Q0WC0000037yTx0AI","BillingState":"Minnesota"}|0x5eafe35f
19:56:16.9 (98651283)|VARIABLE_SCOPE_BEGIN|[241]|fieldName|String|false|false
19:56:16.9 (98657034)|VARIABLE_ASSIGNMENT|[241]|fieldName|"Bill_To_Place__c"
19:56:16.9 (98666711)|HEAP_ALLOCATE|[242]|Bytes:5
19:56:16.9 (98671052)|STATEMENT_EXECUTE|[241]
19:56:16.9 (98686305)|SYSTEM_METHOD_ENTRY|[242]|SObject.get(String)
19:56:16.9 (98702526)|HEAP_ALLOCATE|[242]|Bytes:4
19:56:16.9 (98709383)|SYSTEM_METHOD_EXIT|[242]|SObject.get(String)
19:56:16.9 (98711606)|STATEMENT_EXECUTE|[242]
19:56:16.9 (98712632)|STATEMENT_EXECUTE|[243]
19:56:16.9 (98718830)|METHOD_EXIT|[199]|01pWC000002WbCz|RenewalQuoteHeaderHandler.copyIdIfBlank(Quote, Quote, String)
19:56:16.9 (98721563)|STATEMENT_EXECUTE|[200]
19:56:16.9 (98723755)|HEAP_ALLOCATE|[200]|Bytes:16
19:56:16.9 (98729379)|METHOD_ENTRY|[200]|01pWC000002WbCz|RenewalQuoteHeaderHandler.copyIdIfBlank(Quote, Quote, String)
19:56:16.9 (98738428)|VARIABLE_SCOPE_BEGIN|[241]|target|Quote|true|false
19:56:16.9 (99415970)|VARIABLE_ASSIGNMENT|[241]|target|{"LastModifiedDate":"2026-06-14T02:54:10.000Z","Quote_Type__c":"Renewal","Bill_To_Place__c":"a0lWC000004nA5ZYAU","Export_Compliance_Status__c":"Pending","Net_Terms_Approval__c":false,"Exchange_Rate_To_USD__c":1.0000000000,"Export_Review_Required__c":false,"Within_Renewal_Window__c":false,"IsPrimary__c":false,"Credit_Renewal_Approval__c":false,"Days_Until_Renewal__c":362,"Renewal_Contract__c":"800WC00000SB0FtYAL","QuoteAccountId":"001WC00000kZKNxYAO","Pro_Ration_Method__c":"Monthly","Renewal_ARR_Approval__c":false,"Status":"Draft","Show_Hide_Discounts__c":"Show","IsDeleted":false,"Subtotal":67.38,"Force_New_Contract__c":false,"Net_Contract_Change__c":0.00,"Signed_Quote_Approval__c":false,"Terms_and_Conditions__c":false,"Payment_Portal__c":"Fortra (default)","Original_Contract_ARR__c":0.00,"BillingStateCode":"MN","GrandTotal":67.38,"ShippingPostalCode":"55344","ShippingState":"Minnesota","Mycap__c":false,"Deal_Type__c":"Fortra Originated","Id":"0Q0WC00000382MH0AY","Subscription_Pricing_Discount_Approval__c":false,"Net_Terms__c":"Net_30","Discount":0.00,"Services_Discount_Approval__c":false,"Total_Contract_Value_TCV__c":67.38,"LineItemCount":2,"OwnerId":"005WC00000DZ6xVYAT","OpportunityId":"006WC00000QuJ4DYAV","LegalEntityId":"0fwWC000000034LYAQ","Language__c":"English","ShippingCity":"Eden Prairie","GSW__c":false,"Manually_Sent__c":false,"CalculationStatus":"Saving","Corporate_Currency_Amount__c":67.38,"Annual_Contract_Value_ACV__c":67.38,"Max_Discount_on_QLIs__c":0.00,"Quote_Displaced_ARR__c":0.00,"OriginalActionType":"Renew","Ship_To_Place__c":"a0lWC000004nA5ZYAU","Show_Hide_Product_Number__c":"Show","SystemModstamp":"2026-06-14T02:54:10.000Z","Create_Order_from_Quote__c":false,"BillingCountry":"United States","Manual_Discount__c":0.00,"QuoteToCountryCode":"US","TotalPrice":67.38,"AdditionalCountryCode":"US","Legal_Support_Approval__c":false,"AccountId":"001WC00000kZKNxYAO","ShippingStateCode":"MN","BillingCity":"Eden Prairie","QuoteToCountry":"United States","Total_Discount_Amount__c":0.00,"MYCAP_Approval__c":false,"Name":"Renewal Quote","License_Extension_Approval__c":false,"StartDate":"2026-06-11T00:00:00.000Z","CreatedById":"005WC00000DZ6xVYAT","Auto_Renewal__c":false,"Channel_MSP_Pricing_Discount_Approval__c":false,"BillingPostalCode":"55344","Annualized_License_Equivalent_Base__c":67.38,"Show_Hide_Free_Products__c":"Show","Maintenance_Max_Discount__c":0.00,"Total_Displaced_ARR__c":0.00,"CurrencyIsoCode":"USD","LegacyRenewalQuote__c":false,"Credit_Renewal_ARR__c":false,"ShippingStreet":"11095 Viking Drive","Annuial_Revenue_Base__c":67.38,"AdditionalCountry":"United States","Total_Quote_Line_ARR__c":0.00,"CreatedDate":"2026-06-11T21:14:56.000Z","Pricebook2Id":"01sWC0000022GHFYA2","IsSyncing":false,"Renewal_Cancellation_Approval__c":false,"BillingState":"Minnesota","TransactionType":"Fortra_Advanced_Pric (3 more) ...","Discount_Renewal_ARR__c":false,"Contains_Offensive_Security__c":false,"BillingCountryCode":"US","Temp_License_Key_Extension__c":false,"Disable_Export_Control__c":false,"ContactId":"003WC00000x4jCfYAI","PartnerAccountId":"001WC00000ZtazZYAR","Export_License_Required__c":false,"Billing_Partner__c":"001WC00000ZtazZYAR","SalesTransactionTypeId":"1ChWC0000002eJ70AI","Maintenance_Discount_Approval__c":false,"Partner_Pricing_Model__c":"Discount","ShippingCountry":"United States","LineGroupCount":0,"Approval_Status__c":"None","Unsigned_Quote_Approval__c":false,"ContractId":"800WC00000SB0FtYAL","BillToContactId":"003WC00000x4jCfYAI","QuoteTypeText__c":"Renewal","Approval_Rejected_Checkbox__c":false,"ShippingCountryCode":"US","QuoteNumber":"00781084","CanCreateQuoteLineItems":false,"ALE__c":67.38,"BillingStreet":"11095 Viking Drive","Request_Legal_Support__c":false,"Perpetual_Pricing_Discount_Approval__c":false,"LastModifiedById":"005WC00000MgTN2YAN","Displaced_ARR_Approval__c":false}|0x1d181be1
19:56:16.9 (99441591)|VARIABLE_SCOPE_BEGIN|[241]|source|Quote|true|false
19:56:16.9 (99552362)|VARIABLE_ASSIGNMENT|[241]|source|{"Net_Terms__c":"Net_30","ShippingStateCode":"MN","BillingCity":"Eden Prairie","Bill_To_Place__c":"a0lWC000004nA5ZYAU","BillingCountryCode":"US","QuoteToCountry":"United States","ContactId":"003WC00000x4jCfYAI","PartnerAccountId":"001WC00000ZtazZYAR","Billing_Partner__c":"001WC00000ZtazZYAR","SalesTransactionTypeId":"1ChWC0000002eJ70AI","OpportunityId":"006WC00000QuJ4DYAV","LegalEntityId":"0fwWC000000034LYAQ","Partner_Pricing_Model__c":"Discount","Language__c":"English","ShippingCountry":"United States","BillingPostalCode":"55344","ShippingCity":"Eden Prairie","Ship_To_Place__c":"a0lWC000004nA5ZYAU","BillToContactId":"003WC00000x4jCfYAI","CurrencyIsoCode":"USD","ShippingStreet":"11095 Viking Drive","ShippingCountryCode":"US","Payment_Portal__c":"Fortra (default)","BillingCountry":"United States","BillingStreet":"11095 Viking Drive","BillingStateCode":"MN","ShippingPostalCode":"55344","QuoteToCountryCode":"US","Deal_Type__c":"Fortra Originated","ShippingState":"Minnesota","Id":"0Q0WC0000037yTx0AI","BillingState":"Minnesota"}|0x5eafe35f
19:56:16.9 (99560595)|VARIABLE_SCOPE_BEGIN|[241]|fieldName|String|false|false
19:56:16.9 (99566053)|VARIABLE_ASSIGNMENT|[241]|fieldName|"Ship_To_Place__c"
19:56:16.9 (99574662)|HEAP_ALLOCATE|[242]|Bytes:5
19:56:16.9 (99578014)|STATEMENT_EXECUTE|[241]
19:56:16.9 (99589749)|SYSTEM_METHOD_ENTRY|[242]|SObject.get(String)
19:56:16.9 (99604416)|HEAP_ALLOCATE|[242]|Bytes:4
19:56:16.9 (99610383)|SYSTEM_METHOD_EXIT|[242]|SObject.get(String)
19:56:16.9 (99612591)|STATEMENT_EXECUTE|[242]
19:56:16.9 (99613639)|STATEMENT_EXECUTE|[243]
19:56:16.9 (99618469)|METHOD_EXIT|[200]|01pWC000002WbCz|RenewalQuoteHeaderHandler.copyIdIfBlank(Quote, Quote, String)
19:56:16.9 (99621124)|STATEMENT_EXECUTE|[201]
19:56:16.9 (99623103)|HEAP_ALLOCATE|[201]|Bytes:16
19:56:16.9 (99627894)|METHOD_ENTRY|[201]|01pWC000002WbCz|RenewalQuoteHeaderHandler.copyIdIfBlank(Quote, Quote, String)
19:56:16.9 (99636162)|VARIABLE_SCOPE_BEGIN|[241]|target|Quote|true|false
19:56:16.9 (100309818)|VARIABLE_ASSIGNMENT|[241]|target|{"LastModifiedDate":"2026-06-14T02:54:10.000Z","Quote_Type__c":"Renewal","Bill_To_Place__c":"a0lWC000004nA5ZYAU","Export_Compliance_Status__c":"Pending","Net_Terms_Approval__c":false,"Exchange_Rate_To_USD__c":1.0000000000,"Export_Review_Required__c":false,"Within_Renewal_Window__c":false,"IsPrimary__c":false,"Credit_Renewal_Approval__c":false,"Days_Until_Renewal__c":362,"Renewal_Contract__c":"800WC00000SB0FtYAL","QuoteAccountId":"001WC00000kZKNxYAO","Pro_Ration_Method__c":"Monthly","Renewal_ARR_Approval__c":false,"Status":"Draft","Show_Hide_Discounts__c":"Show","IsDeleted":false,"Subtotal":67.38,"Force_New_Contract__c":false,"Net_Contract_Change__c":0.00,"Signed_Quote_Approval__c":false,"Terms_and_Conditions__c":false,"Payment_Portal__c":"Fortra (default)","Original_Contract_ARR__c":0.00,"BillingStateCode":"MN","GrandTotal":67.38,"ShippingPostalCode":"55344","ShippingState":"Minnesota","Mycap__c":false,"Deal_Type__c":"Fortra Originated","Id":"0Q0WC00000382MH0AY","Subscription_Pricing_Discount_Approval__c":false,"Net_Terms__c":"Net_30","Discount":0.00,"Services_Discount_Approval__c":false,"Total_Contract_Value_TCV__c":67.38,"LineItemCount":2,"OwnerId":"005WC00000DZ6xVYAT","OpportunityId":"006WC00000QuJ4DYAV","LegalEntityId":"0fwWC000000034LYAQ","Language__c":"English","ShippingCity":"Eden Prairie","GSW__c":false,"Manually_Sent__c":false,"CalculationStatus":"Saving","Corporate_Currency_Amount__c":67.38,"Annual_Contract_Value_ACV__c":67.38,"Max_Discount_on_QLIs__c":0.00,"Quote_Displaced_ARR__c":0.00,"OriginalActionType":"Renew","Ship_To_Place__c":"a0lWC000004nA5ZYAU","Show_Hide_Product_Number__c":"Show","SystemModstamp":"2026-06-14T02:54:10.000Z","Create_Order_from_Quote__c":false,"BillingCountry":"United States","Manual_Discount__c":0.00,"QuoteToCountryCode":"US","TotalPrice":67.38,"AdditionalCountryCode":"US","Legal_Support_Approval__c":false,"AccountId":"001WC00000kZKNxYAO","ShippingStateCode":"MN","BillingCity":"Eden Prairie","QuoteToCountry":"United States","Total_Discount_Amount__c":0.00,"MYCAP_Approval__c":false,"Name":"Renewal Quote","License_Extension_Approval__c":false,"StartDate":"2026-06-11T00:00:00.000Z","CreatedById":"005WC00000DZ6xVYAT","Auto_Renewal__c":false,"Channel_MSP_Pricing_Discount_Approval__c":false,"BillingPostalCode":"55344","Annualized_License_Equivalent_Base__c":67.38,"Show_Hide_Free_Products__c":"Show","Maintenance_Max_Discount__c":0.00,"Total_Displaced_ARR__c":0.00,"CurrencyIsoCode":"USD","LegacyRenewalQuote__c":false,"Credit_Renewal_ARR__c":false,"ShippingStreet":"11095 Viking Drive","Annuial_Revenue_Base__c":67.38,"AdditionalCountry":"United States","Total_Quote_Line_ARR__c":0.00,"CreatedDate":"2026-06-11T21:14:56.000Z","Pricebook2Id":"01sWC0000022GHFYA2","IsSyncing":false,"Renewal_Cancellation_Approval__c":false,"BillingState":"Minnesota","TransactionType":"Fortra_Advanced_Pric (3 more) ...","Discount_Renewal_ARR__c":false,"Contains_Offensive_Security__c":false,"BillingCountryCode":"US","Temp_License_Key_Extension__c":false,"Disable_Export_Control__c":false,"ContactId":"003WC00000x4jCfYAI","PartnerAccountId":"001WC00000ZtazZYAR","Export_License_Required__c":false,"Billing_Partner__c":"001WC00000ZtazZYAR","SalesTransactionTypeId":"1ChWC0000002eJ70AI","Maintenance_Discount_Approval__c":false,"Partner_Pricing_Model__c":"Discount","ShippingCountry":"United States","LineGroupCount":0,"Approval_Status__c":"None","Unsigned_Quote_Approval__c":false,"ContractId":"800WC00000SB0FtYAL","BillToContactId":"003WC00000x4jCfYAI","QuoteTypeText__c":"Renewal","Approval_Rejected_Checkbox__c":false,"ShippingCountryCode":"US","QuoteNumber":"00781084","CanCreateQuoteLineItems":false,"ALE__c":67.38,"BillingStreet":"11095 Viking Drive","Request_Legal_Support__c":false,"Perpetual_Pricing_Discount_Approval__c":false,"LastModifiedById":"005WC00000MgTN2YAN","Displaced_ARR_Approval__c":false}|0x1d181be1
19:56:16.9 (100337218)|VARIABLE_SCOPE_BEGIN|[241]|source|Quote|true|false
19:56:16.9 (100452619)|VARIABLE_ASSIGNMENT|[241]|source|{"Net_Terms__c":"Net_30","ShippingStateCode":"MN","BillingCity":"Eden Prairie","Bill_To_Place__c":"a0lWC000004nA5ZYAU","BillingCountryCode":"US","QuoteToCountry":"United States","ContactId":"003WC00000x4jCfYAI","PartnerAccountId":"001WC00000ZtazZYAR","Billing_Partner__c":"001WC00000ZtazZYAR","SalesTransactionTypeId":"1ChWC0000002eJ70AI","OpportunityId":"006WC00000QuJ4DYAV","LegalEntityId":"0fwWC000000034LYAQ","Partner_Pricing_Model__c":"Discount","Language__c":"English","ShippingCountry":"United States","BillingPostalCode":"55344","ShippingCity":"Eden Prairie","Ship_To_Place__c":"a0lWC000004nA5ZYAU","BillToContactId":"003WC00000x4jCfYAI","CurrencyIsoCode":"USD","ShippingStreet":"11095 Viking Drive","ShippingCountryCode":"US","Payment_Portal__c":"Fortra (default)","BillingCountry":"United States","BillingStreet":"11095 Viking Drive","BillingStateCode":"MN","ShippingPostalCode":"55344","QuoteToCountryCode":"US","Deal_Type__c":"Fortra Originated","ShippingState":"Minnesota","Id":"0Q0WC0000037yTx0AI","BillingState":"Minnesota"}|0x5eafe35f
19:56:16.9 (100460463)|VARIABLE_SCOPE_BEGIN|[241]|fieldName|String|false|false
19:56:16.9 (100466458)|VARIABLE_ASSIGNMENT|[241]|fieldName|"Primary_Place__c"
19:56:16.9 (100474416)|HEAP_ALLOCATE|[242]|Bytes:5
19:56:16.9 (100478317)|STATEMENT_EXECUTE|[241]
19:56:16.9 (101121239)|SYSTEM_METHOD_ENTRY|[242]|SObject.get(String)
19:56:16.9 (101152390)|SYSTEM_METHOD_EXIT|[242]|SObject.get(String)
19:56:16.9 (101155528)|STATEMENT_EXECUTE|[242]
19:56:16.9 (101156863)|STATEMENT_EXECUTE|[245]
19:56:16.9 (101162777)|SYSTEM_METHOD_ENTRY|[245]|SObject.get(String)
19:56:16.9 (101192817)|SYSTEM_METHOD_EXIT|[245]|SObject.get(String)
19:56:16.9 (101197339)|VARIABLE_SCOPE_BEGIN|[245]|sourceValue|Object|false|false
19:56:16.9 (101204737)|VARIABLE_ASSIGNMENT|[245]|sourceValue|null
19:56:16.9 (101207424)|STATEMENT_EXECUTE|[246]
19:56:16.9 (101214650)|METHOD_EXIT|[201]|01pWC000002WbCz|RenewalQuoteHeaderHandler.copyIdIfBlank(Quote, Quote, String)
19:56:16.9 (101217276)|STATEMENT_EXECUTE|[202]
19:56:16.9 (101220212)|HEAP_ALLOCATE|[202]|Bytes:17
19:56:16.9 (101226637)|METHOD_ENTRY|[202]|01pWC000002WbCz|RenewalQuoteHeaderHandler.copyIdIfBlank(Quote, Quote, String)
19:56:16.9 (101233482)|VARIABLE_SCOPE_BEGIN|[241]|target|Quote|true|false
19:56:16.9 (102093294)|VARIABLE_ASSIGNMENT|[241]|target|{"LastModifiedDate":"2026-06-14T02:54:10.000Z","Quote_Type__c":"Renewal","Bill_To_Place__c":"a0lWC000004nA5ZYAU","Export_Compliance_Status__c":"Pending","Net_Terms_Approval__c":false,"Exchange_Rate_To_USD__c":1.0000000000,"Export_Review_Required__c":false,"Within_Renewal_Window__c":false,"IsPrimary__c":false,"Credit_Renewal_Approval__c":false,"Days_Until_Renewal__c":362,"Renewal_Contract__c":"800WC00000SB0FtYAL","QuoteAccountId":"001WC00000kZKNxYAO","Pro_Ration_Method__c":"Monthly","Renewal_ARR_Approval__c":false,"Status":"Draft","Show_Hide_Discounts__c":"Show","IsDeleted":false,"Subtotal":67.38,"Force_New_Contract__c":false,"Net_Contract_Change__c":0.00,"Signed_Quote_Approval__c":false,"Terms_and_Conditions__c":false,"Payment_Portal__c":"Fortra (default)","Original_Contract_ARR__c":0.00,"BillingStateCode":"MN","GrandTotal":67.38,"ShippingPostalCode":"55344","ShippingState":"Minnesota","Mycap__c":false,"Deal_Type__c":"Fortra Originated","Id":"0Q0WC00000382MH0AY","Subscription_Pricing_Discount_Approval__c":false,"Net_Terms__c":"Net_30","Discount":0.00,"Services_Discount_Approval__c":false,"Total_Contract_Value_TCV__c":67.38,"LineItemCount":2,"OwnerId":"005WC00000DZ6xVYAT","OpportunityId":"006WC00000QuJ4DYAV","LegalEntityId":"0fwWC000000034LYAQ","Language__c":"English","ShippingCity":"Eden Prairie","GSW__c":false,"Manually_Sent__c":false,"CalculationStatus":"Saving","Corporate_Currency_Amount__c":67.38,"Annual_Contract_Value_ACV__c":67.38,"Max_Discount_on_QLIs__c":0.00,"Quote_Displaced_ARR__c":0.00,"OriginalActionType":"Renew","Ship_To_Place__c":"a0lWC000004nA5ZYAU","Show_Hide_Product_Number__c":"Show","SystemModstamp":"2026-06-14T02:54:10.000Z","Create_Order_from_Quote__c":false,"BillingCountry":"United States","Manual_Discount__c":0.00,"QuoteToCountryCode":"US","TotalPrice":67.38,"AdditionalCountryCode":"US","Legal_Support_Approval__c":false,"AccountId":"001WC00000kZKNxYAO","ShippingStateCode":"MN","BillingCity":"Eden Prairie","QuoteToCountry":"United States","Total_Discount_Amount__c":0.00,"MYCAP_Approval__c":false,"Name":"Renewal Quote","License_Extension_Approval__c":false,"StartDate":"2026-06-11T00:00:00.000Z","CreatedById":"005WC00000DZ6xVYAT","Auto_Renewal__c":false,"Channel_MSP_Pricing_Discount_Approval__c":false,"BillingPostalCode":"55344","Annualized_License_Equivalent_Base__c":67.38,"Show_Hide_Free_Products__c":"Show","Maintenance_Max_Discount__c":0.00,"Total_Displaced_ARR__c":0.00,"CurrencyIsoCode":"USD","LegacyRenewalQuote__c":false,"Credit_Renewal_ARR__c":false,"ShippingStreet":"11095 Viking Drive","Annuial_Revenue_Base__c":67.38,"AdditionalCountry":"United States","Total_Quote_Line_ARR__c":0.00,"CreatedDate":"2026-06-11T21:14:56.000Z","Pricebook2Id":"01sWC0000022GHFYA2","IsSyncing":false,"Renewal_Cancellation_Approval__c":false,"BillingState":"Minnesota","TransactionType":"Fortra_Advanced_Pric (3 more) ...","Discount_Renewal_ARR__c":false,"Contains_Offensive_Security__c":false,"BillingCountryCode":"US","Temp_License_Key_Extension__c":false,"Disable_Export_Control__c":false,"ContactId":"003WC00000x4jCfYAI","PartnerAccountId":"001WC00000ZtazZYAR","Export_License_Required__c":false,"Billing_Partner__c":"001WC00000ZtazZYAR","SalesTransactionTypeId":"1ChWC0000002eJ70AI","Maintenance_Discount_Approval__c":false,"Partner_Pricing_Model__c":"Discount","ShippingCountry":"United States","LineGroupCount":0,"Approval_Status__c":"None","Unsigned_Quote_Approval__c":false,"ContractId":"800WC00000SB0FtYAL","BillToContactId":"003WC00000x4jCfYAI","QuoteTypeText__c":"Renewal","Approval_Rejected_Checkbox__c":false,"ShippingCountryCode":"US","QuoteNumber":"00781084","CanCreateQuoteLineItems":false,"ALE__c":67.38,"BillingStreet":"11095 Viking Drive","Request_Legal_Support__c":false,"Perpetual_Pricing_Discount_Approval__c":false,"LastModifiedById":"005WC00000MgTN2YAN","Displaced_ARR_Approval__c":false}|0x1d181be1
19:56:16.9 (102140321)|VARIABLE_SCOPE_BEGIN|[241]|source|Quote|true|false
19:56:16.9 (102354860)|VARIABLE_ASSIGNMENT|[241]|source|{"Net_Terms__c":"Net_30","ShippingStateCode":"MN","BillingCity":"Eden Prairie","Bill_To_Place__c":"a0lWC000004nA5ZYAU","BillingCountryCode":"US","QuoteToCountry":"United States","ContactId":"003WC00000x4jCfYAI","PartnerAccountId":"001WC00000ZtazZYAR","Billing_Partner__c":"001WC00000ZtazZYAR","SalesTransactionTypeId":"1ChWC0000002eJ70AI","OpportunityId":"006WC00000QuJ4DYAV","LegalEntityId":"0fwWC000000034LYAQ","Partner_Pricing_Model__c":"Discount","Language__c":"English","ShippingCountry":"United States","BillingPostalCode":"55344","ShippingCity":"Eden Prairie","Ship_To_Place__c":"a0lWC000004nA5ZYAU","BillToContactId":"003WC00000x4jCfYAI","CurrencyIsoCode":"USD","ShippingStreet":"11095 Viking Drive","ShippingCountryCode":"US","Payment_Portal__c":"Fortra (default)","BillingCountry":"United States","BillingStreet":"11095 Viking Drive","BillingStateCode":"MN","ShippingPostalCode":"55344","QuoteToCountryCode":"US","Deal_Type__c":"Fortra Originated","ShippingState":"Minnesota","Id":"0Q0WC0000037yTx0AI","BillingState":"Minnesota"}|0x5eafe35f
19:56:16.9 (102365814)|VARIABLE_SCOPE_BEGIN|[241]|fieldName|String|false|false
19:56:16.9 (102374204)|VARIABLE_ASSIGNMENT|[241]|fieldName|"End_User_Place__c"
19:56:16.9 (102388684)|HEAP_ALLOCATE|[242]|Bytes:5
19:56:16.9 (102394373)|STATEMENT_EXECUTE|[241]
19:56:16.9 (102419819)|SYSTEM_METHOD_ENTRY|[242]|SObject.get(String)
19:56:16.9 (102458895)|SYSTEM_METHOD_EXIT|[242]|SObject.get(String)
19:56:16.9 (102461947)|STATEMENT_EXECUTE|[242]
19:56:16.9 (102463273)|STATEMENT_EXECUTE|[245]
19:56:16.9 (102467290)|SYSTEM_METHOD_ENTRY|[245]|SObject.get(String)
19:56:16.9 (102479003)|SYSTEM_METHOD_EXIT|[245]|SObject.get(String)
19:56:16.9 (102484210)|VARIABLE_SCOPE_BEGIN|[245]|sourceValue|Object|false|false
19:56:16.9 (102491100)|VARIABLE_ASSIGNMENT|[245]|sourceValue|null
19:56:16.9 (102493643)|STATEMENT_EXECUTE|[246]
19:56:16.9 (102501940)|METHOD_EXIT|[202]|01pWC000002WbCz|RenewalQuoteHeaderHandler.copyIdIfBlank(Quote, Quote, String)
19:56:16.9 (102504958)|STATEMENT_EXECUTE|[203]
19:56:16.9 (102508618)|HEAP_ALLOCATE|[203]|Bytes:16
19:56:16.9 (102515217)|METHOD_ENTRY|[203]|01pWC000002WbCz|RenewalQuoteHeaderHandler.copyIdIfBlank(Quote, Quote, String)
19:56:16.9 (102526993)|VARIABLE_SCOPE_BEGIN|[241]|target|Quote|true|false
19:56:16.9 (103340485)|VARIABLE_ASSIGNMENT|[241]|target|{"LastModifiedDate":"2026-06-14T02:54:10.000Z","Quote_Type__c":"Renewal","Bill_To_Place__c":"a0lWC000004nA5ZYAU","Export_Compliance_Status__c":"Pending","Net_Terms_Approval__c":false,"Exchange_Rate_To_USD__c":1.0000000000,"Export_Review_Required__c":false,"Within_Renewal_Window__c":false,"IsPrimary__c":false,"Credit_Renewal_Approval__c":false,"Days_Until_Renewal__c":362,"Renewal_Contract__c":"800WC00000SB0FtYAL","QuoteAccountId":"001WC00000kZKNxYAO","Pro_Ration_Method__c":"Monthly","Renewal_ARR_Approval__c":false,"Status":"Draft","Show_Hide_Discounts__c":"Show","IsDeleted":false,"Subtotal":67.38,"Force_New_Contract__c":false,"Net_Contract_Change__c":0.00,"Signed_Quote_Approval__c":false,"Terms_and_Conditions__c":false,"Payment_Portal__c":"Fortra (default)","Original_Contract_ARR__c":0.00,"BillingStateCode":"MN","GrandTotal":67.38,"ShippingPostalCode":"55344","ShippingState":"Minnesota","Mycap__c":false,"Deal_Type__c":"Fortra Originated","Id":"0Q0WC00000382MH0AY","Subscription_Pricing_Discount_Approval__c":false,"Net_Terms__c":"Net_30","Discount":0.00,"Services_Discount_Approval__c":false,"Total_Contract_Value_TCV__c":67.38,"LineItemCount":2,"OwnerId":"005WC00000DZ6xVYAT","OpportunityId":"006WC00000QuJ4DYAV","LegalEntityId":"0fwWC000000034LYAQ","Language__c":"English","ShippingCity":"Eden Prairie","GSW__c":false,"Manually_Sent__c":false,"CalculationStatus":"Saving","Corporate_Currency_Amount__c":67.38,"Annual_Contract_Value_ACV__c":67.38,"Max_Discount_on_QLIs__c":0.00,"Quote_Displaced_ARR__c":0.00,"OriginalActionType":"Renew","Ship_To_Place__c":"a0lWC000004nA5ZYAU","Show_Hide_Product_Number__c":"Show","SystemModstamp":"2026-06-14T02:54:10.000Z","Create_Order_from_Quote__c":false,"BillingCountry":"United States","Manual_Discount__c":0.00,"QuoteToCountryCode":"US","TotalPrice":67.38,"AdditionalCountryCode":"US","Legal_Support_Approval__c":false,"AccountId":"001WC00000kZKNxYAO","ShippingStateCode":"MN","BillingCity":"Eden Prairie","QuoteToCountry":"United States","Total_Discount_Amount__c":0.00,"MYCAP_Approval__c":false,"Name":"Renewal Quote","License_Extension_Approval__c":false,"StartDate":"2026-06-11T00:00:00.000Z","CreatedById":"005WC00000DZ6xVYAT","Auto_Renewal__c":false,"Channel_MSP_Pricing_Discount_Approval__c":false,"BillingPostalCode":"55344","Annualized_License_Equivalent_Base__c":67.38,"Show_Hide_Free_Products__c":"Show","Maintenance_Max_Discount__c":0.00,"Total_Displaced_ARR__c":0.00,"CurrencyIsoCode":"USD","LegacyRenewalQuote__c":false,"Credit_Renewal_ARR__c":false,"ShippingStreet":"11095 Viking Drive","Annuial_Revenue_Base__c":67.38,"AdditionalCountry":"United States","Total_Quote_Line_ARR__c":0.00,"CreatedDate":"2026-06-11T21:14:56.000Z","Pricebook2Id":"01sWC0000022GHFYA2","IsSyncing":false,"Renewal_Cancellation_Approval__c":false,"BillingState":"Minnesota","TransactionType":"Fortra_Advanced_Pric (3 more) ...","Discount_Renewal_ARR__c":false,"Contains_Offensive_Security__c":false,"BillingCountryCode":"US","Temp_License_Key_Extension__c":false,"Disable_Export_Control__c":false,"ContactId":"003WC00000x4jCfYAI","PartnerAccountId":"001WC00000ZtazZYAR","Export_License_Required__c":false,"Billing_Partner__c":"001WC00000ZtazZYAR","SalesTransactionTypeId":"1ChWC0000002eJ70AI","Maintenance_Discount_Approval__c":false,"Partner_Pricing_Model__c":"Discount","ShippingCountry":"United States","LineGroupCount":0,"Approval_Status__c":"None","Unsigned_Quote_Approval__c":false,"ContractId":"800WC00000SB0FtYAL","BillToContactId":"003WC00000x4jCfYAI","QuoteTypeText__c":"Renewal","Approval_Rejected_Checkbox__c":false,"ShippingCountryCode":"US","QuoteNumber":"00781084","CanCreateQuoteLineItems":false,"ALE__c":67.38,"BillingStreet":"11095 Viking Drive","Request_Legal_Support__c":false,"Perpetual_Pricing_Discount_Approval__c":false,"LastModifiedById":"005WC00000MgTN2YAN","Displaced_ARR_Approval__c":false}|0x1d181be1
19:56:16.9 (103367471)|VARIABLE_SCOPE_BEGIN|[241]|source|Quote|true|false
19:56:16.9 (103488962)|VARIABLE_ASSIGNMENT|[241]|source|{"Net_Terms__c":"Net_30","ShippingStateCode":"MN","BillingCity":"Eden Prairie","Bill_To_Place__c":"a0lWC000004nA5ZYAU","BillingCountryCode":"US","QuoteToCountry":"United States","ContactId":"003WC00000x4jCfYAI","PartnerAccountId":"001WC00000ZtazZYAR","Billing_Partner__c":"001WC00000ZtazZYAR","SalesTransactionTypeId":"1ChWC0000002eJ70AI","OpportunityId":"006WC00000QuJ4DYAV","LegalEntityId":"0fwWC000000034LYAQ","Partner_Pricing_Model__c":"Discount","Language__c":"English","ShippingCountry":"United States","BillingPostalCode":"55344","ShippingCity":"Eden Prairie","Ship_To_Place__c":"a0lWC000004nA5ZYAU","BillToContactId":"003WC00000x4jCfYAI","CurrencyIsoCode":"USD","ShippingStreet":"11095 Viking Drive","ShippingCountryCode":"US","Payment_Portal__c":"Fortra (default)","BillingCountry":"United States","BillingStreet":"11095 Viking Drive","BillingStateCode":"MN","ShippingPostalCode":"55344","QuoteToCountryCode":"US","Deal_Type__c":"Fortra Originated","ShippingState":"Minnesota","Id":"0Q0WC0000037yTx0AI","BillingState":"Minnesota"}|0x5eafe35f
19:56:16.9 (103497198)|VARIABLE_SCOPE_BEGIN|[241]|fieldName|String|false|false
19:56:16.9 (103503489)|VARIABLE_ASSIGNMENT|[241]|fieldName|"Install_Place__c"
19:56:16.9 (103514077)|HEAP_ALLOCATE|[242]|Bytes:5
19:56:16.9 (103518342)|STATEMENT_EXECUTE|[241]
19:56:16.9 (103532267)|SYSTEM_METHOD_ENTRY|[242]|SObject.get(String)
19:56:16.9 (103555810)|SYSTEM_METHOD_EXIT|[242]|SObject.get(String)
19:56:16.9 (103558690)|STATEMENT_EXECUTE|[242]
19:56:16.9 (103559761)|STATEMENT_EXECUTE|[245]
19:56:16.9 (103563737)|SYSTEM_METHOD_ENTRY|[245]|SObject.get(String)
19:56:16.9 (103574990)|SYSTEM_METHOD_EXIT|[245]|SObject.get(String)
19:56:16.9 (103579604)|VARIABLE_SCOPE_BEGIN|[245]|sourceValue|Object|false|false
19:56:16.9 (103585880)|VARIABLE_ASSIGNMENT|[245]|sourceValue|null
19:56:16.9 (103588409)|STATEMENT_EXECUTE|[246]
19:56:16.9 (103594820)|METHOD_EXIT|[203]|01pWC000002WbCz|RenewalQuoteHeaderHandler.copyIdIfBlank(Quote, Quote, String)
19:56:16.9 (103597695)|STATEMENT_EXECUTE|[204]
19:56:16.9 (103600902)|HEAP_ALLOCATE|[204]|Bytes:16
19:56:16.9 (103606951)|METHOD_ENTRY|[204]|01pWC000002WbCz|RenewalQuoteHeaderHandler.copyIdIfBlank(Quote, Quote, String)
19:56:16.9 (103616184)|VARIABLE_SCOPE_BEGIN|[241]|target|Quote|true|false
19:56:16.9 (104336065)|VARIABLE_ASSIGNMENT|[241]|target|{"LastModifiedDate":"2026-06-14T02:54:10.000Z","Quote_Type__c":"Renewal","Bill_To_Place__c":"a0lWC000004nA5ZYAU","Export_Compliance_Status__c":"Pending","Net_Terms_Approval__c":false,"Exchange_Rate_To_USD__c":1.0000000000,"Export_Review_Required__c":false,"Within_Renewal_Window__c":false,"IsPrimary__c":false,"Credit_Renewal_Approval__c":false,"Days_Until_Renewal__c":362,"Renewal_Contract__c":"800WC00000SB0FtYAL","QuoteAccountId":"001WC00000kZKNxYAO","Pro_Ration_Method__c":"Monthly","Renewal_ARR_Approval__c":false,"Status":"Draft","Show_Hide_Discounts__c":"Show","IsDeleted":false,"Subtotal":67.38,"Force_New_Contract__c":false,"Net_Contract_Change__c":0.00,"Signed_Quote_Approval__c":false,"Terms_and_Conditions__c":false,"Payment_Portal__c":"Fortra (default)","Original_Contract_ARR__c":0.00,"BillingStateCode":"MN","GrandTotal":67.38,"ShippingPostalCode":"55344","ShippingState":"Minnesota","Mycap__c":false,"Deal_Type__c":"Fortra Originated","Id":"0Q0WC00000382MH0AY","Subscription_Pricing_Discount_Approval__c":false,"Net_Terms__c":"Net_30","Discount":0.00,"Services_Discount_Approval__c":false,"Total_Contract_Value_TCV__c":67.38,"LineItemCount":2,"OwnerId":"005WC00000DZ6xVYAT","OpportunityId":"006WC00000QuJ4DYAV","LegalEntityId":"0fwWC000000034LYAQ","Language__c":"English","ShippingCity":"Eden Prairie","GSW__c":false,"Manually_Sent__c":false,"CalculationStatus":"Saving","Corporate_Currency_Amount__c":67.38,"Annual_Contract_Value_ACV__c":67.38,"Max_Discount_on_QLIs__c":0.00,"Quote_Displaced_ARR__c":0.00,"OriginalActionType":"Renew","Ship_To_Place__c":"a0lWC000004nA5ZYAU","Show_Hide_Product_Number__c":"Show","SystemModstamp":"2026-06-14T02:54:10.000Z","Create_Order_from_Quote__c":false,"BillingCountry":"United States","Manual_Discount__c":0.00,"QuoteToCountryCode":"US","TotalPrice":67.38,"AdditionalCountryCode":"US","Legal_Support_Approval__c":false,"AccountId":"001WC00000kZKNxYAO","ShippingStateCode":"MN","BillingCity":"Eden Prairie","QuoteToCountry":"United States","Total_Discount_Amount__c":0.00,"MYCAP_Approval__c":false,"Name":"Renewal Quote","License_Extension_Approval__c":false,"StartDate":"2026-06-11T00:00:00.000Z","CreatedById":"005WC00000DZ6xVYAT","Auto_Renewal__c":false,"Channel_MSP_Pricing_Discount_Approval__c":false,"BillingPostalCode":"55344","Annualized_License_Equivalent_Base__c":67.38,"Show_Hide_Free_Products__c":"Show","Maintenance_Max_Discount__c":0.00,"Total_Displaced_ARR__c":0.00,"CurrencyIsoCode":"USD","LegacyRenewalQuote__c":false,"Credit_Renewal_ARR__c":false,"ShippingStreet":"11095 Viking Drive","Annuial_Revenue_Base__c":67.38,"AdditionalCountry":"United States","Total_Quote_Line_ARR__c":0.00,"CreatedDate":"2026-06-11T21:14:56.000Z","Pricebook2Id":"01sWC0000022GHFYA2","IsSyncing":false,"Renewal_Cancellation_Approval__c":false,"BillingState":"Minnesota","TransactionType":"Fortra_Advanced_Pric (3 more) ...","Discount_Renewal_ARR__c":false,"Contains_Offensive_Security__c":false,"BillingCountryCode":"US","Temp_License_Key_Extension__c":false,"Disable_Export_Control__c":false,"ContactId":"003WC00000x4jCfYAI","PartnerAccountId":"001WC00000ZtazZYAR","Export_License_Required__c":false,"Billing_Partner__c":"001WC00000ZtazZYAR","SalesTransactionTypeId":"1ChWC0000002eJ70AI","Maintenance_Discount_Approval__c":false,"Partner_Pricing_Model__c":"Discount","ShippingCountry":"United States","LineGroupCount":0,"Approval_Status__c":"None","Unsigned_Quote_Approval__c":false,"ContractId":"800WC00000SB0FtYAL","BillToContactId":"003WC00000x4jCfYAI","QuoteTypeText__c":"Renewal","Approval_Rejected_Checkbox__c":false,"ShippingCountryCode":"US","QuoteNumber":"00781084","CanCreateQuoteLineItems":false,"ALE__c":67.38,"BillingStreet":"11095 Viking Drive","Request_Legal_Support__c":false,"Perpetual_Pricing_Discount_Approval__c":false,"LastModifiedById":"005WC00000MgTN2YAN","Displaced_ARR_Approval__c":false}|0x1d181be1
19:56:16.9 (104362037)|VARIABLE_SCOPE_BEGIN|[241]|source|Quote|true|false
19:56:16.9 (104477800)|VARIABLE_ASSIGNMENT|[241]|source|{"Net_Terms__c":"Net_30","ShippingStateCode":"MN","BillingCity":"Eden Prairie","Bill_To_Place__c":"a0lWC000004nA5ZYAU","BillingCountryCode":"US","QuoteToCountry":"United States","ContactId":"003WC00000x4jCfYAI","PartnerAccountId":"001WC00000ZtazZYAR","Billing_Partner__c":"001WC00000ZtazZYAR","SalesTransactionTypeId":"1ChWC0000002eJ70AI","OpportunityId":"006WC00000QuJ4DYAV","LegalEntityId":"0fwWC000000034LYAQ","Partner_Pricing_Model__c":"Discount","Language__c":"English","ShippingCountry":"United States","BillingPostalCode":"55344","ShippingCity":"Eden Prairie","Ship_To_Place__c":"a0lWC000004nA5ZYAU","BillToContactId":"003WC00000x4jCfYAI","CurrencyIsoCode":"USD","ShippingStreet":"11095 Viking Drive","ShippingCountryCode":"US","Payment_Portal__c":"Fortra (default)","BillingCountry":"United States","BillingStreet":"11095 Viking Drive","BillingStateCode":"MN","ShippingPostalCode":"55344","QuoteToCountryCode":"US","Deal_Type__c":"Fortra Originated","ShippingState":"Minnesota","Id":"0Q0WC0000037yTx0AI","BillingState":"Minnesota"}|0x5eafe35f
19:56:16.9 (104485778)|VARIABLE_SCOPE_BEGIN|[241]|fieldName|String|false|false
19:56:16.9 (104491359)|VARIABLE_ASSIGNMENT|[241]|fieldName|"Service_Place__c"
19:56:16.9 (104501178)|HEAP_ALLOCATE|[242]|Bytes:5
19:56:16.9 (104505048)|STATEMENT_EXECUTE|[241]
19:56:16.9 (104516646)|SYSTEM_METHOD_ENTRY|[242]|SObject.get(String)
19:56:16.9 (104537564)|SYSTEM_METHOD_EXIT|[242]|SObject.get(String)
19:56:16.9 (104540274)|STATEMENT_EXECUTE|[242]
19:56:16.9 (104541360)|STATEMENT_EXECUTE|[245]
19:56:16.9 (104545288)|SYSTEM_METHOD_ENTRY|[245]|SObject.get(String)
19:56:16.9 (104555704)|SYSTEM_METHOD_EXIT|[245]|SObject.get(String)
19:56:16.9 (104559987)|VARIABLE_SCOPE_BEGIN|[245]|sourceValue|Object|false|false
19:56:16.9 (104566140)|VARIABLE_ASSIGNMENT|[245]|sourceValue|null
19:56:16.9 (104568421)|STATEMENT_EXECUTE|[246]
19:56:16.9 (104574626)|METHOD_EXIT|[204]|01pWC000002WbCz|RenewalQuoteHeaderHandler.copyIdIfBlank(Quote, Quote, String)
19:56:16.9 (104577436)|STATEMENT_EXECUTE|[205]
19:56:16.9 (104580302)|HEAP_ALLOCATE|[205]|Bytes:19
19:56:16.9 (104586219)|METHOD_ENTRY|[205]|01pWC000002WbCz|RenewalQuoteHeaderHandler.copyIdIfBlank(Quote, Quote, String)
19:56:16.9 (104594848)|VARIABLE_SCOPE_BEGIN|[241]|target|Quote|true|false
19:56:16.9 (105330925)|VARIABLE_ASSIGNMENT|[241]|target|{"LastModifiedDate":"2026-06-14T02:54:10.000Z","Quote_Type__c":"Renewal","Bill_To_Place__c":"a0lWC000004nA5ZYAU","Export_Compliance_Status__c":"Pending","Net_Terms_Approval__c":false,"Exchange_Rate_To_USD__c":1.0000000000,"Export_Review_Required__c":false,"Within_Renewal_Window__c":false,"IsPrimary__c":false,"Credit_Renewal_Approval__c":false,"Days_Until_Renewal__c":362,"Renewal_Contract__c":"800WC00000SB0FtYAL","QuoteAccountId":"001WC00000kZKNxYAO","Pro_Ration_Method__c":"Monthly","Renewal_ARR_Approval__c":false,"Status":"Draft","Show_Hide_Discounts__c":"Show","IsDeleted":false,"Subtotal":67.38,"Force_New_Contract__c":false,"Net_Contract_Change__c":0.00,"Signed_Quote_Approval__c":false,"Terms_and_Conditions__c":false,"Payment_Portal__c":"Fortra (default)","Original_Contract_ARR__c":0.00,"BillingStateCode":"MN","GrandTotal":67.38,"ShippingPostalCode":"55344","ShippingState":"Minnesota","Mycap__c":false,"Deal_Type__c":"Fortra Originated","Id":"0Q0WC00000382MH0AY","Subscription_Pricing_Discount_Approval__c":false,"Net_Terms__c":"Net_30","Discount":0.00,"Services_Discount_Approval__c":false,"Total_Contract_Value_TCV__c":67.38,"LineItemCount":2,"OwnerId":"005WC00000DZ6xVYAT","OpportunityId":"006WC00000QuJ4DYAV","LegalEntityId":"0fwWC000000034LYAQ","Language__c":"English","ShippingCity":"Eden Prairie","GSW__c":false,"Manually_Sent__c":false,"CalculationStatus":"Saving","Corporate_Currency_Amount__c":67.38,"Annual_Contract_Value_ACV__c":67.38,"Max_Discount_on_QLIs__c":0.00,"Quote_Displaced_ARR__c":0.00,"OriginalActionType":"Renew","Ship_To_Place__c":"a0lWC000004nA5ZYAU","Show_Hide_Product_Number__c":"Show","SystemModstamp":"2026-06-14T02:54:10.000Z","Create_Order_from_Quote__c":false,"BillingCountry":"United States","Manual_Discount__c":0.00,"QuoteToCountryCode":"US","TotalPrice":67.38,"AdditionalCountryCode":"US","Legal_Support_Approval__c":false,"AccountId":"001WC00000kZKNxYAO","ShippingStateCode":"MN","BillingCity":"Eden Prairie","QuoteToCountry":"United States","Total_Discount_Amount__c":0.00,"MYCAP_Approval__c":false,"Name":"Renewal Quote","License_Extension_Approval__c":false,"StartDate":"2026-06-11T00:00:00.000Z","CreatedById":"005WC00000DZ6xVYAT","Auto_Renewal__c":false,"Channel_MSP_Pricing_Discount_Approval__c":false,"BillingPostalCode":"55344","Annualized_License_Equivalent_Base__c":67.38,"Show_Hide_Free_Products__c":"Show","Maintenance_Max_Discount__c":0.00,"Total_Displaced_ARR__c":0.00,"CurrencyIsoCode":"USD","LegacyRenewalQuote__c":false,"Credit_Renewal_ARR__c":false,"ShippingStreet":"11095 Viking Drive","Annuial_Revenue_Base__c":67.38,"AdditionalCountry":"United States","Total_Quote_Line_ARR__c":0.00,"CreatedDate":"2026-06-11T21:14:56.000Z","Pricebook2Id":"01sWC0000022GHFYA2","IsSyncing":false,"Renewal_Cancellation_Approval__c":false,"BillingState":"Minnesota","TransactionType":"Fortra_Advanced_Pric (3 more) ...","Discount_Renewal_ARR__c":false,"Contains_Offensive_Security__c":false,"BillingCountryCode":"US","Temp_License_Key_Extension__c":false,"Disable_Export_Control__c":false,"ContactId":"003WC00000x4jCfYAI","PartnerAccountId":"001WC00000ZtazZYAR","Export_License_Required__c":false,"Billing_Partner__c":"001WC00000ZtazZYAR","SalesTransactionTypeId":"1ChWC0000002eJ70AI","Maintenance_Discount_Approval__c":false,"Partner_Pricing_Model__c":"Discount","ShippingCountry":"United States","LineGroupCount":0,"Approval_Status__c":"None","Unsigned_Quote_Approval__c":false,"ContractId":"800WC00000SB0FtYAL","BillToContactId":"003WC00000x4jCfYAI","QuoteTypeText__c":"Renewal","Approval_Rejected_Checkbox__c":false,"ShippingCountryCode":"US","QuoteNumber":"00781084","CanCreateQuoteLineItems":false,"ALE__c":67.38,"BillingStreet":"11095 Viking Drive","Request_Legal_Support__c":false,"Perpetual_Pricing_Discount_Approval__c":false,"LastModifiedById":"005WC00000MgTN2YAN","Displaced_ARR_Approval__c":false}|0x1d181be1
19:56:16.9 (105359465)|VARIABLE_SCOPE_BEGIN|[241]|source|Quote|true|false
19:56:16.9 (105485579)|VARIABLE_ASSIGNMENT|[241]|source|{"Net_Terms__c":"Net_30","ShippingStateCode":"MN","BillingCity":"Eden Prairie","Bill_To_Place__c":"a0lWC000004nA5ZYAU","BillingCountryCode":"US","QuoteToCountry":"United States","ContactId":"003WC00000x4jCfYAI","PartnerAccountId":"001WC00000ZtazZYAR","Billing_Partner__c":"001WC00000ZtazZYAR","SalesTransactionTypeId":"1ChWC0000002eJ70AI","OpportunityId":"006WC00000QuJ4DYAV","LegalEntityId":"0fwWC000000034LYAQ","Partner_Pricing_Model__c":"Discount","Language__c":"English","ShippingCountry":"United States","BillingPostalCode":"55344","ShippingCity":"Eden Prairie","Ship_To_Place__c":"a0lWC000004nA5ZYAU","BillToContactId":"003WC00000x4jCfYAI","CurrencyIsoCode":"USD","ShippingStreet":"11095 Viking Drive","ShippingCountryCode":"US","Payment_Portal__c":"Fortra (default)","BillingCountry":"United States","BillingStreet":"11095 Viking Drive","BillingStateCode":"MN","ShippingPostalCode":"55344","QuoteToCountryCode":"US","Deal_Type__c":"Fortra Originated","ShippingState":"Minnesota","Id":"0Q0WC0000037yTx0AI","BillingState":"Minnesota"}|0x5eafe35f
19:56:16.9 (105494414)|VARIABLE_SCOPE_BEGIN|[241]|fieldName|String|false|false
19:56:16.9 (105500591)|VARIABLE_ASSIGNMENT|[241]|fieldName|"Regulatory_Place__c"
19:56:16.9 (105510180)|HEAP_ALLOCATE|[242]|Bytes:5
19:56:16.9 (105514498)|STATEMENT_EXECUTE|[241]
19:56:16.9 (105529068)|SYSTEM_METHOD_ENTRY|[242]|SObject.get(String)
19:56:16.9 (105553676)|SYSTEM_METHOD_EXIT|[242]|SObject.get(String)
19:56:16.9 (105556610)|STATEMENT_EXECUTE|[242]
19:56:16.9 (105557691)|STATEMENT_EXECUTE|[245]
19:56:16.9 (105561225)|SYSTEM_METHOD_ENTRY|[245]|SObject.get(String)
19:56:16.9 (105571027)|SYSTEM_METHOD_EXIT|[245]|SObject.get(String)
19:56:16.9 (105575290)|VARIABLE_SCOPE_BEGIN|[245]|sourceValue|Object|false|false
19:56:16.9 (105581412)|VARIABLE_ASSIGNMENT|[245]|sourceValue|null
19:56:16.9 (105583560)|STATEMENT_EXECUTE|[246]
19:56:16.9 (105590444)|METHOD_EXIT|[205]|01pWC000002WbCz|RenewalQuoteHeaderHandler.copyIdIfBlank(Quote, Quote, String)
19:56:16.9 (105593155)|STATEMENT_EXECUTE|[206]
19:56:16.9 (105596061)|HEAP_ALLOCATE|[206]|Bytes:16
19:56:16.9 (105602516)|METHOD_ENTRY|[206]|01pWC000002WbCz|RenewalQuoteHeaderHandler.copyIdIfBlank(Quote, Quote, String)
19:56:16.9 (105612302)|VARIABLE_SCOPE_BEGIN|[241]|target|Quote|true|false
19:56:16.9 (106332218)|VARIABLE_ASSIGNMENT|[241]|target|{"LastModifiedDate":"2026-06-14T02:54:10.000Z","Quote_Type__c":"Renewal","Bill_To_Place__c":"a0lWC000004nA5ZYAU","Export_Compliance_Status__c":"Pending","Net_Terms_Approval__c":false,"Exchange_Rate_To_USD__c":1.0000000000,"Export_Review_Required__c":false,"Within_Renewal_Window__c":false,"IsPrimary__c":false,"Credit_Renewal_Approval__c":false,"Days_Until_Renewal__c":362,"Renewal_Contract__c":"800WC00000SB0FtYAL","QuoteAccountId":"001WC00000kZKNxYAO","Pro_Ration_Method__c":"Monthly","Renewal_ARR_Approval__c":false,"Status":"Draft","Show_Hide_Discounts__c":"Show","IsDeleted":false,"Subtotal":67.38,"Force_New_Contract__c":false,"Net_Contract_Change__c":0.00,"Signed_Quote_Approval__c":false,"Terms_and_Conditions__c":false,"Payment_Portal__c":"Fortra (default)","Original_Contract_ARR__c":0.00,"BillingStateCode":"MN","GrandTotal":67.38,"ShippingPostalCode":"55344","ShippingState":"Minnesota","Mycap__c":false,"Deal_Type__c":"Fortra Originated","Id":"0Q0WC00000382MH0AY","Subscription_Pricing_Discount_Approval__c":false,"Net_Terms__c":"Net_30","Discount":0.00,"Services_Discount_Approval__c":false,"Total_Contract_Value_TCV__c":67.38,"LineItemCount":2,"OwnerId":"005WC00000DZ6xVYAT","OpportunityId":"006WC00000QuJ4DYAV","LegalEntityId":"0fwWC000000034LYAQ","Language__c":"English","ShippingCity":"Eden Prairie","GSW__c":false,"Manually_Sent__c":false,"CalculationStatus":"Saving","Corporate_Currency_Amount__c":67.38,"Annual_Contract_Value_ACV__c":67.38,"Max_Discount_on_QLIs__c":0.00,"Quote_Displaced_ARR__c":0.00,"OriginalActionType":"Renew","Ship_To_Place__c":"a0lWC000004nA5ZYAU","Show_Hide_Product_Number__c":"Show","SystemModstamp":"2026-06-14T02:54:10.000Z","Create_Order_from_Quote__c":false,"BillingCountry":"United States","Manual_Discount__c":0.00,"QuoteToCountryCode":"US","TotalPrice":67.38,"AdditionalCountryCode":"US","Legal_Support_Approval__c":false,"AccountId":"001WC00000kZKNxYAO","ShippingStateCode":"MN","BillingCity":"Eden Prairie","QuoteToCountry":"United States","Total_Discount_Amount__c":0.00,"MYCAP_Approval__c":false,"Name":"Renewal Quote","License_Extension_Approval__c":false,"StartDate":"2026-06-11T00:00:00.000Z","CreatedById":"005WC00000DZ6xVYAT","Auto_Renewal__c":false,"Channel_MSP_Pricing_Discount_Approval__c":false,"BillingPostalCode":"55344","Annualized_License_Equivalent_Base__c":67.38,"Show_Hide_Free_Products__c":"Show","Maintenance_Max_Discount__c":0.00,"Total_Displaced_ARR__c":0.00,"CurrencyIsoCode":"USD","LegacyRenewalQuote__c":false,"Credit_Renewal_ARR__c":false,"ShippingStreet":"11095 Viking Drive","Annuial_Revenue_Base__c":67.38,"AdditionalCountry":"United States","Total_Quote_Line_ARR__c":0.00,"CreatedDate":"2026-06-11T21:14:56.000Z","Pricebook2Id":"01sWC0000022GHFYA2","IsSyncing":false,"Renewal_Cancellation_Approval__c":false,"BillingState":"Minnesota","TransactionType":"Fortra_Advanced_Pric (3 more) ...","Discount_Renewal_ARR__c":false,"Contains_Offensive_Security__c":false,"BillingCountryCode":"US","Temp_License_Key_Extension__c":false,"Disable_Export_Control__c":false,"ContactId":"003WC00000x4jCfYAI","PartnerAccountId":"001WC00000ZtazZYAR","Export_License_Required__c":false,"Billing_Partner__c":"001WC00000ZtazZYAR","SalesTransactionTypeId":"1ChWC0000002eJ70AI","Maintenance_Discount_Approval__c":false,"Partner_Pricing_Model__c":"Discount","ShippingCountry":"United States","LineGroupCount":0,"Approval_Status__c":"None","Unsigned_Quote_Approval__c":false,"ContractId":"800WC00000SB0FtYAL","BillToContactId":"003WC00000x4jCfYAI","QuoteTypeText__c":"Renewal","Approval_Rejected_Checkbox__c":false,"ShippingCountryCode":"US","QuoteNumber":"00781084","CanCreateQuoteLineItems":false,"ALE__c":67.38,"BillingStreet":"11095 Viking Drive","Request_Legal_Support__c":false,"Perpetual_Pricing_Discount_Approval__c":false,"LastModifiedById":"005WC00000MgTN2YAN","Displaced_ARR_Approval__c":false}|0x1d181be1
19:56:16.9 (106358935)|VARIABLE_SCOPE_BEGIN|[241]|source|Quote|true|false
19:56:16.9 (106477265)|VARIABLE_ASSIGNMENT|[241]|source|{"Net_Terms__c":"Net_30","ShippingStateCode":"MN","BillingCity":"Eden Prairie","Bill_To_Place__c":"a0lWC000004nA5ZYAU","BillingCountryCode":"US","QuoteToCountry":"United States","ContactId":"003WC00000x4jCfYAI","PartnerAccountId":"001WC00000ZtazZYAR","Billing_Partner__c":"001WC00000ZtazZYAR","SalesTransactionTypeId":"1ChWC0000002eJ70AI","OpportunityId":"006WC00000QuJ4DYAV","LegalEntityId":"0fwWC000000034LYAQ","Partner_Pricing_Model__c":"Discount","Language__c":"English","ShippingCountry":"United States","BillingPostalCode":"55344","ShippingCity":"Eden Prairie","Ship_To_Place__c":"a0lWC000004nA5ZYAU","BillToContactId":"003WC00000x4jCfYAI","CurrencyIsoCode":"USD","ShippingStreet":"11095 Viking Drive","ShippingCountryCode":"US","Payment_Portal__c":"Fortra (default)","BillingCountry":"United States","BillingStreet":"11095 Viking Drive","BillingStateCode":"MN","ShippingPostalCode":"55344","QuoteToCountryCode":"US","Deal_Type__c":"Fortra Originated","ShippingState":"Minnesota","Id":"0Q0WC0000037yTx0AI","BillingState":"Minnesota"}|0x5eafe35f
19:56:16.9 (106485137)|VARIABLE_SCOPE_BEGIN|[241]|fieldName|String|false|false
19:56:16.9 (106490934)|VARIABLE_ASSIGNMENT|[241]|fieldName|"Partner_Place__c"
19:56:16.9 (106500108)|HEAP_ALLOCATE|[242]|Bytes:5
19:56:16.9 (106504693)|STATEMENT_EXECUTE|[241]
19:56:16.9 (106517971)|SYSTEM_METHOD_ENTRY|[242]|SObject.get(String)
19:56:16.9 (106541149)|SYSTEM_METHOD_EXIT|[242]|SObject.get(String)
19:56:16.9 (106544005)|STATEMENT_EXECUTE|[242]
19:56:16.9 (106545068)|STATEMENT_EXECUTE|[245]
19:56:16.9 (106548772)|SYSTEM_METHOD_ENTRY|[245]|SObject.get(String)
19:56:16.9 (106559270)|SYSTEM_METHOD_EXIT|[245]|SObject.get(String)
19:56:16.9 (106563715)|VARIABLE_SCOPE_BEGIN|[245]|sourceValue|Object|false|false
19:56:16.9 (106570243)|VARIABLE_ASSIGNMENT|[245]|sourceValue|null
19:56:16.9 (106572463)|STATEMENT_EXECUTE|[246]
19:56:16.9 (106578513)|METHOD_EXIT|[206]|01pWC000002WbCz|RenewalQuoteHeaderHandler.copyIdIfBlank(Quote, Quote, String)
19:56:16.9 (106581237)|STATEMENT_EXECUTE|[207]
19:56:16.9 (106584497)|HEAP_ALLOCATE|[207]|Bytes:18
19:56:16.9 (106590199)|METHOD_ENTRY|[207]|01pWC000002WbCz|RenewalQuoteHeaderHandler.copyIdIfBlank(Quote, Quote, String)
19:56:16.9 (106599305)|VARIABLE_SCOPE_BEGIN|[241]|target|Quote|true|false
19:56:16.9 (107287457)|VARIABLE_ASSIGNMENT|[241]|target|{"LastModifiedDate":"2026-06-14T02:54:10.000Z","Quote_Type__c":"Renewal","Bill_To_Place__c":"a0lWC000004nA5ZYAU","Export_Compliance_Status__c":"Pending","Net_Terms_Approval__c":false,"Exchange_Rate_To_USD__c":1.0000000000,"Export_Review_Required__c":false,"Within_Renewal_Window__c":false,"IsPrimary__c":false,"Credit_Renewal_Approval__c":false,"Days_Until_Renewal__c":362,"Renewal_Contract__c":"800WC00000SB0FtYAL","QuoteAccountId":"001WC00000kZKNxYAO","Pro_Ration_Method__c":"Monthly","Renewal_ARR_Approval__c":false,"Status":"Draft","Show_Hide_Discounts__c":"Show","IsDeleted":false,"Subtotal":67.38,"Force_New_Contract__c":false,"Net_Contract_Change__c":0.00,"Signed_Quote_Approval__c":false,"Terms_and_Conditions__c":false,"Payment_Portal__c":"Fortra (default)","Original_Contract_ARR__c":0.00,"BillingStateCode":"MN","GrandTotal":67.38,"ShippingPostalCode":"55344","ShippingState":"Minnesota","Mycap__c":false,"Deal_Type__c":"Fortra Originated","Id":"0Q0WC00000382MH0AY","Subscription_Pricing_Discount_Approval__c":false,"Net_Terms__c":"Net_30","Discount":0.00,"Services_Discount_Approval__c":false,"Total_Contract_Value_TCV__c":67.38,"LineItemCount":2,"OwnerId":"005WC00000DZ6xVYAT","OpportunityId":"006WC00000QuJ4DYAV","LegalEntityId":"0fwWC000000034LYAQ","Language__c":"English","ShippingCity":"Eden Prairie","GSW__c":false,"Manually_Sent__c":false,"CalculationStatus":"Saving","Corporate_Currency_Amount__c":67.38,"Annual_Contract_Value_ACV__c":67.38,"Max_Discount_on_QLIs__c":0.00,"Quote_Displaced_ARR__c":0.00,"OriginalActionType":"Renew","Ship_To_Place__c":"a0lWC000004nA5ZYAU","Show_Hide_Product_Number__c":"Show","SystemModstamp":"2026-06-14T02:54:10.000Z","Create_Order_from_Quote__c":false,"BillingCountry":"United States","Manual_Discount__c":0.00,"QuoteToCountryCode":"US","TotalPrice":67.38,"AdditionalCountryCode":"US","Legal_Support_Approval__c":false,"AccountId":"001WC00000kZKNxYAO","ShippingStateCode":"MN","BillingCity":"Eden Prairie","QuoteToCountry":"United States","Total_Discount_Amount__c":0.00,"MYCAP_Approval__c":false,"Name":"Renewal Quote","License_Extension_Approval__c":false,"StartDate":"2026-06-11T00:00:00.000Z","CreatedById":"005WC00000DZ6xVYAT","Auto_Renewal__c":false,"Channel_MSP_Pricing_Discount_Approval__c":false,"BillingPostalCode":"55344","Annualized_License_Equivalent_Base__c":67.38,"Show_Hide_Free_Products__c":"Show","Maintenance_Max_Discount__c":0.00,"Total_Displaced_ARR__c":0.00,"CurrencyIsoCode":"USD","LegacyRenewalQuote__c":false,"Credit_Renewal_ARR__c":false,"ShippingStreet":"11095 Viking Drive","Annuial_Revenue_Base__c":67.38,"AdditionalCountry":"United States","Total_Quote_Line_ARR__c":0.00,"CreatedDate":"2026-06-11T21:14:56.000Z","Pricebook2Id":"01sWC0000022GHFYA2","IsSyncing":false,"Renewal_Cancellation_Approval__c":false,"BillingState":"Minnesota","TransactionType":"Fortra_Advanced_Pric (3 more) ...","Discount_Renewal_ARR__c":false,"Contains_Offensive_Security__c":false,"BillingCountryCode":"US","Temp_License_Key_Extension__c":false,"Disable_Export_Control__c":false,"ContactId":"003WC00000x4jCfYAI","PartnerAccountId":"001WC00000ZtazZYAR","Export_License_Required__c":false,"Billing_Partner__c":"001WC00000ZtazZYAR","SalesTransactionTypeId":"1ChWC0000002eJ70AI","Maintenance_Discount_Approval__c":false,"Partner_Pricing_Model__c":"Discount","ShippingCountry":"United States","LineGroupCount":0,"Approval_Status__c":"None","Unsigned_Quote_Approval__c":false,"ContractId":"800WC00000SB0FtYAL","BillToContactId":"003WC00000x4jCfYAI","QuoteTypeText__c":"Renewal","Approval_Rejected_Checkbox__c":false,"ShippingCountryCode":"US","QuoteNumber":"00781084","CanCreateQuoteLineItems":false,"ALE__c":67.38,"BillingStreet":"11095 Viking Drive","Request_Legal_Support__c":false,"Perpetual_Pricing_Discount_Approval__c":false,"LastModifiedById":"005WC00000MgTN2YAN","Displaced_ARR_Approval__c":false}|0x1d181be1
19:56:16.9 (107313002)|VARIABLE_SCOPE_BEGIN|[241]|source|Quote|true|false
19:56:16.9 (107426946)|VARIABLE_ASSIGNMENT|[241]|source|{"Net_Terms__c":"Net_30","ShippingStateCode":"MN","BillingCity":"Eden Prairie","Bill_To_Place__c":"a0lWC000004nA5ZYAU","BillingCountryCode":"US","QuoteToCountry":"United States","ContactId":"003WC00000x4jCfYAI","PartnerAccountId":"001WC00000ZtazZYAR","Billing_Partner__c":"001WC00000ZtazZYAR","SalesTransactionTypeId":"1ChWC0000002eJ70AI","OpportunityId":"006WC00000QuJ4DYAV","LegalEntityId":"0fwWC000000034LYAQ","Partner_Pricing_Model__c":"Discount","Language__c":"English","ShippingCountry":"United States","BillingPostalCode":"55344","ShippingCity":"Eden Prairie","Ship_To_Place__c":"a0lWC000004nA5ZYAU","BillToContactId":"003WC00000x4jCfYAI","CurrencyIsoCode":"USD","ShippingStreet":"11095 Viking Drive","ShippingCountryCode":"US","Payment_Portal__c":"Fortra (default)","BillingCountry":"United States","BillingStreet":"11095 Viking Drive","BillingStateCode":"MN","ShippingPostalCode":"55344","QuoteToCountryCode":"US","Deal_Type__c":"Fortra Originated","ShippingState":"Minnesota","Id":"0Q0WC0000037yTx0AI","BillingState":"Minnesota"}|0x5eafe35f
19:56:16.9 (107434869)|VARIABLE_SCOPE_BEGIN|[241]|fieldName|String|false|false
19:56:16.9 (107440673)|VARIABLE_ASSIGNMENT|[241]|fieldName|"Billing_Partner__c"
19:56:16.9 (107449501)|HEAP_ALLOCATE|[242]|Bytes:5
19:56:16.9 (107453055)|STATEMENT_EXECUTE|[241]
19:56:16.9 (107465322)|SYSTEM_METHOD_ENTRY|[242]|SObject.get(String)
19:56:16.9 (107480384)|HEAP_ALLOCATE|[242]|Bytes:4
19:56:16.9 (107487179)|SYSTEM_METHOD_EXIT|[242]|SObject.get(String)
19:56:16.9 (107489526)|STATEMENT_EXECUTE|[242]
19:56:16.9 (107490464)|STATEMENT_EXECUTE|[243]
19:56:16.9 (107495901)|METHOD_EXIT|[207]|01pWC000002WbCz|RenewalQuoteHeaderHandler.copyIdIfBlank(Quote, Quote, String)
19:56:16.9 (107498421)|STATEMENT_EXECUTE|[208]
19:56:16.9 (107500881)|HEAP_ALLOCATE|[208]|Bytes:16
19:56:16.9 (107507999)|METHOD_ENTRY|[208]|01pWC000002WbCz|RenewalQuoteHeaderHandler.copyIdIfBlank(Quote, Quote, String)
19:56:16.9 (107516709)|VARIABLE_SCOPE_BEGIN|[241]|target|Quote|true|false
19:56:16.9 (108249332)|VARIABLE_ASSIGNMENT|[241]|target|{"LastModifiedDate":"2026-06-14T02:54:10.000Z","Quote_Type__c":"Renewal","Bill_To_Place__c":"a0lWC000004nA5ZYAU","Export_Compliance_Status__c":"Pending","Net_Terms_Approval__c":false,"Exchange_Rate_To_USD__c":1.0000000000,"Export_Review_Required__c":false,"Within_Renewal_Window__c":false,"IsPrimary__c":false,"Credit_Renewal_Approval__c":false,"Days_Until_Renewal__c":362,"Renewal_Contract__c":"800WC00000SB0FtYAL","QuoteAccountId":"001WC00000kZKNxYAO","Pro_Ration_Method__c":"Monthly","Renewal_ARR_Approval__c":false,"Status":"Draft","Show_Hide_Discounts__c":"Show","IsDeleted":false,"Subtotal":67.38,"Force_New_Contract__c":false,"Net_Contract_Change__c":0.00,"Signed_Quote_Approval__c":false,"Terms_and_Conditions__c":false,"Payment_Portal__c":"Fortra (default)","Original_Contract_ARR__c":0.00,"BillingStateCode":"MN","GrandTotal":67.38,"ShippingPostalCode":"55344","ShippingState":"Minnesota","Mycap__c":false,"Deal_Type__c":"Fortra Originated","Id":"0Q0WC00000382MH0AY","Subscription_Pricing_Discount_Approval__c":false,"Net_Terms__c":"Net_30","Discount":0.00,"Services_Discount_Approval__c":false,"Total_Contract_Value_TCV__c":67.38,"LineItemCount":2,"OwnerId":"005WC00000DZ6xVYAT","OpportunityId":"006WC00000QuJ4DYAV","LegalEntityId":"0fwWC000000034LYAQ","Language__c":"English","ShippingCity":"Eden Prairie","GSW__c":false,"Manually_Sent__c":false,"CalculationStatus":"Saving","Corporate_Currency_Amount__c":67.38,"Annual_Contract_Value_ACV__c":67.38,"Max_Discount_on_QLIs__c":0.00,"Quote_Displaced_ARR__c":0.00,"OriginalActionType":"Renew","Ship_To_Place__c":"a0lWC000004nA5ZYAU","Show_Hide_Product_Number__c":"Show","SystemModstamp":"2026-06-14T02:54:10.000Z","Create_Order_from_Quote__c":false,"BillingCountry":"United States","Manual_Discount__c":0.00,"QuoteToCountryCode":"US","TotalPrice":67.38,"AdditionalCountryCode":"US","Legal_Support_Approval__c":false,"AccountId":"001WC00000kZKNxYAO","ShippingStateCode":"MN","BillingCity":"Eden Prairie","QuoteToCountry":"United States","Total_Discount_Amount__c":0.00,"MYCAP_Approval__c":false,"Name":"Renewal Quote","License_Extension_Approval__c":false,"StartDate":"2026-06-11T00:00:00.000Z","CreatedById":"005WC00000DZ6xVYAT","Auto_Renewal__c":false,"Channel_MSP_Pricing_Discount_Approval__c":false,"BillingPostalCode":"55344","Annualized_License_Equivalent_Base__c":67.38,"Show_Hide_Free_Products__c":"Show","Maintenance_Max_Discount__c":0.00,"Total_Displaced_ARR__c":0.00,"CurrencyIsoCode":"USD","LegacyRenewalQuote__c":false,"Credit_Renewal_ARR__c":false,"ShippingStreet":"11095 Viking Drive","Annuial_Revenue_Base__c":67.38,"AdditionalCountry":"United States","Total_Quote_Line_ARR__c":0.00,"CreatedDate":"2026-06-11T21:14:56.000Z","Pricebook2Id":"01sWC0000022GHFYA2","IsSyncing":false,"Renewal_Cancellation_Approval__c":false,"BillingState":"Minnesota","TransactionType":"Fortra_Advanced_Pric (3 more) ...","Discount_Renewal_ARR__c":false,"Contains_Offensive_Security__c":false,"BillingCountryCode":"US","Temp_License_Key_Extension__c":false,"Disable_Export_Control__c":false,"ContactId":"003WC00000x4jCfYAI","PartnerAccountId":"001WC00000ZtazZYAR","Export_License_Required__c":false,"Billing_Partner__c":"001WC00000ZtazZYAR","SalesTransactionTypeId":"1ChWC0000002eJ70AI","Maintenance_Discount_Approval__c":false,"Partner_Pricing_Model__c":"Discount","ShippingCountry":"United States","LineGroupCount":0,"Approval_Status__c":"None","Unsigned_Quote_Approval__c":false,"ContractId":"800WC00000SB0FtYAL","BillToContactId":"003WC00000x4jCfYAI","QuoteTypeText__c":"Renewal","Approval_Rejected_Checkbox__c":false,"ShippingCountryCode":"US","QuoteNumber":"00781084","CanCreateQuoteLineItems":false,"ALE__c":67.38,"BillingStreet":"11095 Viking Drive","Request_Legal_Support__c":false,"Perpetual_Pricing_Discount_Approval__c":false,"LastModifiedById":"005WC00000MgTN2YAN","Displaced_ARR_Approval__c":false}|0x1d181be1
19:56:16.9 (108286989)|VARIABLE_SCOPE_BEGIN|[241]|source|Quote|true|false
19:56:16.9 (108412773)|VARIABLE_ASSIGNMENT|[241]|source|{"Net_Terms__c":"Net_30","ShippingStateCode":"MN","BillingCity":"Eden Prairie","Bill_To_Place__c":"a0lWC000004nA5ZYAU","BillingCountryCode":"US","QuoteToCountry":"United States","ContactId":"003WC00000x4jCfYAI","PartnerAccountId":"001WC00000ZtazZYAR","Billing_Partner__c":"001WC00000ZtazZYAR","SalesTransactionTypeId":"1ChWC0000002eJ70AI","OpportunityId":"006WC00000QuJ4DYAV","LegalEntityId":"0fwWC000000034LYAQ","Partner_Pricing_Model__c":"Discount","Language__c":"English","ShippingCountry":"United States","BillingPostalCode":"55344","ShippingCity":"Eden Prairie","Ship_To_Place__c":"a0lWC000004nA5ZYAU","BillToContactId":"003WC00000x4jCfYAI","CurrencyIsoCode":"USD","ShippingStreet":"11095 Viking Drive","ShippingCountryCode":"US","Payment_Portal__c":"Fortra (default)","BillingCountry":"United States","BillingStreet":"11095 Viking Drive","BillingStateCode":"MN","ShippingPostalCode":"55344","QuoteToCountryCode":"US","Deal_Type__c":"Fortra Originated","ShippingState":"Minnesota","Id":"0Q0WC0000037yTx0AI","BillingState":"Minnesota"}|0x5eafe35f
19:56:16.9 (108420951)|VARIABLE_SCOPE_BEGIN|[241]|fieldName|String|false|false
19:56:16.9 (108427080)|VARIABLE_ASSIGNMENT|[241]|fieldName|"PartnerAccountId"
19:56:16.9 (108437154)|HEAP_ALLOCATE|[242]|Bytes:5
19:56:16.9 (108441602)|STATEMENT_EXECUTE|[241]
19:56:16.9 (108459123)|SYSTEM_METHOD_ENTRY|[242]|SObject.get(String)
19:56:16.9 (108479723)|HEAP_ALLOCATE|[242]|Bytes:4
19:56:16.9 (108486775)|SYSTEM_METHOD_EXIT|[242]|SObject.get(String)
19:56:16.9 (108489693)|STATEMENT_EXECUTE|[242]
19:56:16.9 (108490693)|STATEMENT_EXECUTE|[243]
19:56:16.9 (108497287)|METHOD_EXIT|[208]|01pWC000002WbCz|RenewalQuoteHeaderHandler.copyIdIfBlank(Quote, Quote, String)
19:56:16.9 (108500323)|STATEMENT_EXECUTE|[209]
19:56:16.9 (108503423)|HEAP_ALLOCATE|[209]|Bytes:24
19:56:16.9 (108517635)|METHOD_ENTRY|[209]|01pWC000002WbCz|RenewalQuoteHeaderHandler.copyStringIfBlank(Quote, Quote, String)
19:56:16.9 (108535971)|VARIABLE_SCOPE_BEGIN|[251]|target|Quote|true|false
19:56:16.9 (109288632)|VARIABLE_ASSIGNMENT|[251]|target|{"LastModifiedDate":"2026-06-14T02:54:10.000Z","Quote_Type__c":"Renewal","Bill_To_Place__c":"a0lWC000004nA5ZYAU","Export_Compliance_Status__c":"Pending","Net_Terms_Approval__c":false,"Exchange_Rate_To_USD__c":1.0000000000,"Export_Review_Required__c":false,"Within_Renewal_Window__c":false,"IsPrimary__c":false,"Credit_Renewal_Approval__c":false,"Days_Until_Renewal__c":362,"Renewal_Contract__c":"800WC00000SB0FtYAL","QuoteAccountId":"001WC00000kZKNxYAO","Pro_Ration_Method__c":"Monthly","Renewal_ARR_Approval__c":false,"Status":"Draft","Show_Hide_Discounts__c":"Show","IsDeleted":false,"Subtotal":67.38,"Force_New_Contract__c":false,"Net_Contract_Change__c":0.00,"Signed_Quote_Approval__c":false,"Terms_and_Conditions__c":false,"Payment_Portal__c":"Fortra (default)","Original_Contract_ARR__c":0.00,"BillingStateCode":"MN","GrandTotal":67.38,"ShippingPostalCode":"55344","ShippingState":"Minnesota","Mycap__c":false,"Deal_Type__c":"Fortra Originated","Id":"0Q0WC00000382MH0AY","Subscription_Pricing_Discount_Approval__c":false,"Net_Terms__c":"Net_30","Discount":0.00,"Services_Discount_Approval__c":false,"Total_Contract_Value_TCV__c":67.38,"LineItemCount":2,"OwnerId":"005WC00000DZ6xVYAT","OpportunityId":"006WC00000QuJ4DYAV","LegalEntityId":"0fwWC000000034LYAQ","Language__c":"English","ShippingCity":"Eden Prairie","GSW__c":false,"Manually_Sent__c":false,"CalculationStatus":"Saving","Corporate_Currency_Amount__c":67.38,"Annual_Contract_Value_ACV__c":67.38,"Max_Discount_on_QLIs__c":0.00,"Quote_Displaced_ARR__c":0.00,"OriginalActionType":"Renew","Ship_To_Place__c":"a0lWC000004nA5ZYAU","Show_Hide_Product_Number__c":"Show","SystemModstamp":"2026-06-14T02:54:10.000Z","Create_Order_from_Quote__c":false,"BillingCountry":"United States","Manual_Discount__c":0.00,"QuoteToCountryCode":"US","TotalPrice":67.38,"AdditionalCountryCode":"US","Legal_Support_Approval__c":false,"AccountId":"001WC00000kZKNxYAO","ShippingStateCode":"MN","BillingCity":"Eden Prairie","QuoteToCountry":"United States","Total_Discount_Amount__c":0.00,"MYCAP_Approval__c":false,"Name":"Renewal Quote","License_Extension_Approval__c":false,"StartDate":"2026-06-11T00:00:00.000Z","CreatedById":"005WC00000DZ6xVYAT","Auto_Renewal__c":false,"Channel_MSP_Pricing_Discount_Approval__c":false,"BillingPostalCode":"55344","Annualized_License_Equivalent_Base__c":67.38,"Show_Hide_Free_Products__c":"Show","Maintenance_Max_Discount__c":0.00,"Total_Displaced_ARR__c":0.00,"CurrencyIsoCode":"USD","LegacyRenewalQuote__c":false,"Credit_Renewal_ARR__c":false,"ShippingStreet":"11095 Viking Drive","Annuial_Revenue_Base__c":67.38,"AdditionalCountry":"United States","Total_Quote_Line_ARR__c":0.00,"CreatedDate":"2026-06-11T21:14:56.000Z","Pricebook2Id":"01sWC0000022GHFYA2","IsSyncing":false,"Renewal_Cancellation_Approval__c":false,"BillingState":"Minnesota","TransactionType":"Fortra_Advanced_Pric (3 more) ...","Discount_Renewal_ARR__c":false,"Contains_Offensive_Security__c":false,"BillingCountryCode":"US","Temp_License_Key_Extension__c":false,"Disable_Export_Control__c":false,"ContactId":"003WC00000x4jCfYAI","PartnerAccountId":"001WC00000ZtazZYAR","Export_License_Required__c":false,"Billing_Partner__c":"001WC00000ZtazZYAR","SalesTransactionTypeId":"1ChWC0000002eJ70AI","Maintenance_Discount_Approval__c":false,"Partner_Pricing_Model__c":"Discount","ShippingCountry":"United States","LineGroupCount":0,"Approval_Status__c":"None","Unsigned_Quote_Approval__c":false,"ContractId":"800WC00000SB0FtYAL","BillToContactId":"003WC00000x4jCfYAI","QuoteTypeText__c":"Renewal","Approval_Rejected_Checkbox__c":false,"ShippingCountryCode":"US","QuoteNumber":"00781084","CanCreateQuoteLineItems":false,"ALE__c":67.38,"BillingStreet":"11095 Viking Drive","Request_Legal_Support__c":false,"Perpetual_Pricing_Discount_Approval__c":false,"LastModifiedById":"005WC00000MgTN2YAN","Displaced_ARR_Approval__c":false}|0x1d181be1
19:56:16.9 (109317948)|VARIABLE_SCOPE_BEGIN|[251]|source|Quote|true|false
19:56:16.9 (109439404)|VARIABLE_ASSIGNMENT|[251]|source|{"Net_Terms__c":"Net_30","ShippingStateCode":"MN","BillingCity":"Eden Prairie","Bill_To_Place__c":"a0lWC000004nA5ZYAU","BillingCountryCode":"US","QuoteToCountry":"United States","ContactId":"003WC00000x4jCfYAI","PartnerAccountId":"001WC00000ZtazZYAR","Billing_Partner__c":"001WC00000ZtazZYAR","SalesTransactionTypeId":"1ChWC0000002eJ70AI","OpportunityId":"006WC00000QuJ4DYAV","LegalEntityId":"0fwWC000000034LYAQ","Partner_Pricing_Model__c":"Discount","Language__c":"English","ShippingCountry":"United States","BillingPostalCode":"55344","ShippingCity":"Eden Prairie","Ship_To_Place__c":"a0lWC000004nA5ZYAU","BillToContactId":"003WC00000x4jCfYAI","CurrencyIsoCode":"USD","ShippingStreet":"11095 Viking Drive","ShippingCountryCode":"US","Payment_Portal__c":"Fortra (default)","BillingCountry":"United States","BillingStreet":"11095 Viking Drive","BillingStateCode":"MN","ShippingPostalCode":"55344","QuoteToCountryCode":"US","Deal_Type__c":"Fortra Originated","ShippingState":"Minnesota","Id":"0Q0WC0000037yTx0AI","BillingState":"Minnesota"}|0x5eafe35f
19:56:16.9 (109449647)|VARIABLE_SCOPE_BEGIN|[251]|fieldName|String|false|false
19:56:16.9 (109455837)|VARIABLE_ASSIGNMENT|[251]|fieldName|"Partner_Pricing_Mode (4 more) ..."
19:56:16.9 (109467071)|HEAP_ALLOCATE|[252]|Bytes:5
19:56:16.9 (109471976)|STATEMENT_EXECUTE|[251]
19:56:16.9 (109487521)|SYSTEM_METHOD_ENTRY|[252]|SObject.get(String)
19:56:16.9 (109516454)|HEAP_ALLOCATE|[252]|Bytes:8
19:56:16.9 (109524011)|SYSTEM_METHOD_EXIT|[252]|SObject.get(String)
19:56:16.9 (109544371)|SYSTEM_METHOD_ENTRY|[252]|String.isNotBlank(String)
19:56:16.9 (109550255)|SYSTEM_METHOD_EXIT|[252]|String.isNotBlank(String)
19:56:16.9 (109553375)|STATEMENT_EXECUTE|[252]
19:56:16.9 (109554645)|STATEMENT_EXECUTE|[253]
19:56:16.9 (109561187)|METHOD_EXIT|[209]|01pWC000002WbCz|RenewalQuoteHeaderHandler.copyStringIfBlank(Quote, Quote, String)
19:56:16.9 (109563949)|STATEMENT_EXECUTE|[210]
19:56:16.9 (109566730)|HEAP_ALLOCATE|[210]|Bytes:12
19:56:16.9 (109571691)|METHOD_ENTRY|[210]|01pWC000002WbCz|RenewalQuoteHeaderHandler.copyStringIfBlank(Quote, Quote, String)
19:56:16.9 (109580319)|VARIABLE_SCOPE_BEGIN|[251]|target|Quote|true|false
19:56:16.9 (110295456)|VARIABLE_ASSIGNMENT|[251]|target|{"LastModifiedDate":"2026-06-14T02:54:10.000Z","Quote_Type__c":"Renewal","Bill_To_Place__c":"a0lWC000004nA5ZYAU","Export_Compliance_Status__c":"Pending","Net_Terms_Approval__c":false,"Exchange_Rate_To_USD__c":1.0000000000,"Export_Review_Required__c":false,"Within_Renewal_Window__c":false,"IsPrimary__c":false,"Credit_Renewal_Approval__c":false,"Days_Until_Renewal__c":362,"Renewal_Contract__c":"800WC00000SB0FtYAL","QuoteAccountId":"001WC00000kZKNxYAO","Pro_Ration_Method__c":"Monthly","Renewal_ARR_Approval__c":false,"Status":"Draft","Show_Hide_Discounts__c":"Show","IsDeleted":false,"Subtotal":67.38,"Force_New_Contract__c":false,"Net_Contract_Change__c":0.00,"Signed_Quote_Approval__c":false,"Terms_and_Conditions__c":false,"Payment_Portal__c":"Fortra (default)","Original_Contract_ARR__c":0.00,"BillingStateCode":"MN","GrandTotal":67.38,"ShippingPostalCode":"55344","ShippingState":"Minnesota","Mycap__c":false,"Deal_Type__c":"Fortra Originated","Id":"0Q0WC00000382MH0AY","Subscription_Pricing_Discount_Approval__c":false,"Net_Terms__c":"Net_30","Discount":0.00,"Services_Discount_Approval__c":false,"Total_Contract_Value_TCV__c":67.38,"LineItemCount":2,"OwnerId":"005WC00000DZ6xVYAT","OpportunityId":"006WC00000QuJ4DYAV","LegalEntityId":"0fwWC000000034LYAQ","Language__c":"English","ShippingCity":"Eden Prairie","GSW__c":false,"Manually_Sent__c":false,"CalculationStatus":"Saving","Corporate_Currency_Amount__c":67.38,"Annual_Contract_Value_ACV__c":67.38,"Max_Discount_on_QLIs__c":0.00,"Quote_Displaced_ARR__c":0.00,"OriginalActionType":"Renew","Ship_To_Place__c":"a0lWC000004nA5ZYAU","Show_Hide_Product_Number__c":"Show","SystemModstamp":"2026-06-14T02:54:10.000Z","Create_Order_from_Quote__c":false,"BillingCountry":"United States","Manual_Discount__c":0.00,"QuoteToCountryCode":"US","TotalPrice":67.38,"AdditionalCountryCode":"US","Legal_Support_Approval__c":false,"AccountId":"001WC00000kZKNxYAO","ShippingStateCode":"MN","BillingCity":"Eden Prairie","QuoteToCountry":"United States","Total_Discount_Amount__c":0.00,"MYCAP_Approval__c":false,"Name":"Renewal Quote","License_Extension_Approval__c":false,"StartDate":"2026-06-11T00:00:00.000Z","CreatedById":"005WC00000DZ6xVYAT","Auto_Renewal__c":false,"Channel_MSP_Pricing_Discount_Approval__c":false,"BillingPostalCode":"55344","Annualized_License_Equivalent_Base__c":67.38,"Show_Hide_Free_Products__c":"Show","Maintenance_Max_Discount__c":0.00,"Total_Displaced_ARR__c":0.00,"CurrencyIsoCode":"USD","LegacyRenewalQuote__c":false,"Credit_Renewal_ARR__c":false,"ShippingStreet":"11095 Viking Drive","Annuial_Revenue_Base__c":67.38,"AdditionalCountry":"United States","Total_Quote_Line_ARR__c":0.00,"CreatedDate":"2026-06-11T21:14:56.000Z","Pricebook2Id":"01sWC0000022GHFYA2","IsSyncing":false,"Renewal_Cancellation_Approval__c":false,"BillingState":"Minnesota","TransactionType":"Fortra_Advanced_Pric (3 more) ...","Discount_Renewal_ARR__c":false,"Contains_Offensive_Security__c":false,"BillingCountryCode":"US","Temp_License_Key_Extension__c":false,"Disable_Export_Control__c":false,"ContactId":"003WC00000x4jCfYAI","PartnerAccountId":"001WC00000ZtazZYAR","Export_License_Required__c":false,"Billing_Partner__c":"001WC00000ZtazZYAR","SalesTransactionTypeId":"1ChWC0000002eJ70AI","Maintenance_Discount_Approval__c":false,"Partner_Pricing_Model__c":"Discount","ShippingCountry":"United States","LineGroupCount":0,"Approval_Status__c":"None","Unsigned_Quote_Approval__c":false,"ContractId":"800WC00000SB0FtYAL","BillToContactId":"003WC00000x4jCfYAI","QuoteTypeText__c":"Renewal","Approval_Rejected_Checkbox__c":false,"ShippingCountryCode":"US","QuoteNumber":"00781084","CanCreateQuoteLineItems":false,"ALE__c":67.38,"BillingStreet":"11095 Viking Drive","Request_Legal_Support__c":false,"Perpetual_Pricing_Discount_Approval__c":false,"LastModifiedById":"005WC00000MgTN2YAN","Displaced_ARR_Approval__c":false}|0x1d181be1
19:56:16.9 (110321034)|VARIABLE_SCOPE_BEGIN|[251]|source|Quote|true|false
19:56:16.9 (110434525)|VARIABLE_ASSIGNMENT|[251]|source|{"Net_Terms__c":"Net_30","ShippingStateCode":"MN","BillingCity":"Eden Prairie","Bill_To_Place__c":"a0lWC000004nA5ZYAU","BillingCountryCode":"US","QuoteToCountry":"United States","ContactId":"003WC00000x4jCfYAI","PartnerAccountId":"001WC00000ZtazZYAR","Billing_Partner__c":"001WC00000ZtazZYAR","SalesTransactionTypeId":"1ChWC0000002eJ70AI","OpportunityId":"006WC00000QuJ4DYAV","LegalEntityId":"0fwWC000000034LYAQ","Partner_Pricing_Model__c":"Discount","Language__c":"English","ShippingCountry":"United States","BillingPostalCode":"55344","ShippingCity":"Eden Prairie","Ship_To_Place__c":"a0lWC000004nA5ZYAU","BillToContactId":"003WC00000x4jCfYAI","CurrencyIsoCode":"USD","ShippingStreet":"11095 Viking Drive","ShippingCountryCode":"US","Payment_Portal__c":"Fortra (default)","BillingCountry":"United States","BillingStreet":"11095 Viking Drive","BillingStateCode":"MN","ShippingPostalCode":"55344","QuoteToCountryCode":"US","Deal_Type__c":"Fortra Originated","ShippingState":"Minnesota","Id":"0Q0WC0000037yTx0AI","BillingState":"Minnesota"}|0x5eafe35f
19:56:16.9 (110442408)|VARIABLE_SCOPE_BEGIN|[251]|fieldName|String|false|false
19:56:16.9 (110448012)|VARIABLE_ASSIGNMENT|[251]|fieldName|"Deal_Type__c"
19:56:16.9 (110457076)|HEAP_ALLOCATE|[252]|Bytes:5
19:56:16.9 (110461244)|STATEMENT_EXECUTE|[251]
19:56:16.9 (110472928)|SYSTEM_METHOD_ENTRY|[252]|SObject.get(String)
19:56:16.9 (110487357)|HEAP_ALLOCATE|[252]|Bytes:17
19:56:16.9 (110493806)|SYSTEM_METHOD_EXIT|[252]|SObject.get(String)
19:56:16.9 (110500788)|SYSTEM_METHOD_ENTRY|[252]|String.isNotBlank(String)
19:56:16.9 (110505673)|SYSTEM_METHOD_EXIT|[252]|String.isNotBlank(String)
19:56:16.9 (110508700)|STATEMENT_EXECUTE|[252]
19:56:16.9 (110509809)|STATEMENT_EXECUTE|[253]
19:56:16.9 (110515122)|METHOD_EXIT|[210]|01pWC000002WbCz|RenewalQuoteHeaderHandler.copyStringIfBlank(Quote, Quote, String)
19:56:16.9 (110517828)|STATEMENT_EXECUTE|[211]
19:56:16.9 (110520359)|HEAP_ALLOCATE|[211]|Bytes:11
19:56:16.9 (110525985)|METHOD_ENTRY|[211]|01pWC000002WbCz|RenewalQuoteHeaderHandler.copyIdIfBlank(Quote, Quote, String)
19:56:16.9 (110533568)|VARIABLE_SCOPE_BEGIN|[241]|target|Quote|true|false
19:56:16.9 (111206708)|VARIABLE_ASSIGNMENT|[241]|target|{"LastModifiedDate":"2026-06-14T02:54:10.000Z","Quote_Type__c":"Renewal","Bill_To_Place__c":"a0lWC000004nA5ZYAU","Export_Compliance_Status__c":"Pending","Net_Terms_Approval__c":false,"Exchange_Rate_To_USD__c":1.0000000000,"Export_Review_Required__c":false,"Within_Renewal_Window__c":false,"IsPrimary__c":false,"Credit_Renewal_Approval__c":false,"Days_Until_Renewal__c":362,"Renewal_Contract__c":"800WC00000SB0FtYAL","QuoteAccountId":"001WC00000kZKNxYAO","Pro_Ration_Method__c":"Monthly","Renewal_ARR_Approval__c":false,"Status":"Draft","Show_Hide_Discounts__c":"Show","IsDeleted":false,"Subtotal":67.38,"Force_New_Contract__c":false,"Net_Contract_Change__c":0.00,"Signed_Quote_Approval__c":false,"Terms_and_Conditions__c":false,"Payment_Portal__c":"Fortra (default)","Original_Contract_ARR__c":0.00,"BillingStateCode":"MN","GrandTotal":67.38,"ShippingPostalCode":"55344","ShippingState":"Minnesota","Mycap__c":false,"Deal_Type__c":"Fortra Originated","Id":"0Q0WC00000382MH0AY","Subscription_Pricing_Discount_Approval__c":false,"Net_Terms__c":"Net_30","Discount":0.00,"Services_Discount_Approval__c":false,"Total_Contract_Value_TCV__c":67.38,"LineItemCount":2,"OwnerId":"005WC00000DZ6xVYAT","OpportunityId":"006WC00000QuJ4DYAV","LegalEntityId":"0fwWC000000034LYAQ","Language__c":"English","ShippingCity":"Eden Prairie","GSW__c":false,"Manually_Sent__c":false,"CalculationStatus":"Saving","Corporate_Currency_Amount__c":67.38,"Annual_Contract_Value_ACV__c":67.38,"Max_Discount_on_QLIs__c":0.00,"Quote_Displaced_ARR__c":0.00,"OriginalActionType":"Renew","Ship_To_Place__c":"a0lWC000004nA5ZYAU","Show_Hide_Product_Number__c":"Show","SystemModstamp":"2026-06-14T02:54:10.000Z","Create_Order_from_Quote__c":false,"BillingCountry":"United States","Manual_Discount__c":0.00,"QuoteToCountryCode":"US","TotalPrice":67.38,"AdditionalCountryCode":"US","Legal_Support_Approval__c":false,"AccountId":"001WC00000kZKNxYAO","ShippingStateCode":"MN","BillingCity":"Eden Prairie","QuoteToCountry":"United States","Total_Discount_Amount__c":0.00,"MYCAP_Approval__c":false,"Name":"Renewal Quote","License_Extension_Approval__c":false,"StartDate":"2026-06-11T00:00:00.000Z","CreatedById":"005WC00000DZ6xVYAT","Auto_Renewal__c":false,"Channel_MSP_Pricing_Discount_Approval__c":false,"BillingPostalCode":"55344","Annualized_License_Equivalent_Base__c":67.38,"Show_Hide_Free_Products__c":"Show","Maintenance_Max_Discount__c":0.00,"Total_Displaced_ARR__c":0.00,"CurrencyIsoCode":"USD","LegacyRenewalQuote__c":false,"Credit_Renewal_ARR__c":false,"ShippingStreet":"11095 Viking Drive","Annuial_Revenue_Base__c":67.38,"AdditionalCountry":"United States","Total_Quote_Line_ARR__c":0.00,"CreatedDate":"2026-06-11T21:14:56.000Z","Pricebook2Id":"01sWC0000022GHFYA2","IsSyncing":false,"Renewal_Cancellation_Approval__c":false,"BillingState":"Minnesota","TransactionType":"Fortra_Advanced_Pric (3 more) ...","Discount_Renewal_ARR__c":false,"Contains_Offensive_Security__c":false,"BillingCountryCode":"US","Temp_License_Key_Extension__c":false,"Disable_Export_Control__c":false,"ContactId":"003WC00000x4jCfYAI","PartnerAccountId":"001WC00000ZtazZYAR","Export_License_Required__c":false,"Billing_Partner__c":"001WC00000ZtazZYAR","SalesTransactionTypeId":"1ChWC0000002eJ70AI","Maintenance_Discount_Approval__c":false,"Partner_Pricing_Model__c":"Discount","ShippingCountry":"United States","LineGroupCount":0,"Approval_Status__c":"None","Unsigned_Quote_Approval__c":false,"ContractId":"800WC00000SB0FtYAL","BillToContactId":"003WC00000x4jCfYAI","QuoteTypeText__c":"Renewal","Approval_Rejected_Checkbox__c":false,"ShippingCountryCode":"US","QuoteNumber":"00781084","CanCreateQuoteLineItems":false,"ALE__c":67.38,"BillingStreet":"11095 Viking Drive","Request_Legal_Support__c":false,"Perpetual_Pricing_Discount_Approval__c":false,"LastModifiedById":"005WC00000MgTN2YAN","Displaced_ARR_Approval__c":false}|0x1d181be1
19:56:16.9 (111232199)|VARIABLE_SCOPE_BEGIN|[241]|source|Quote|true|false
19:56:16.9 (111344172)|VARIABLE_ASSIGNMENT|[241]|source|{"Net_Terms__c":"Net_30","ShippingStateCode":"MN","BillingCity":"Eden Prairie","Bill_To_Place__c":"a0lWC000004nA5ZYAU","BillingCountryCode":"US","QuoteToCountry":"United States","ContactId":"003WC00000x4jCfYAI","PartnerAccountId":"001WC00000ZtazZYAR","Billing_Partner__c":"001WC00000ZtazZYAR","SalesTransactionTypeId":"1ChWC0000002eJ70AI","OpportunityId":"006WC00000QuJ4DYAV","LegalEntityId":"0fwWC000000034LYAQ","Partner_Pricing_Model__c":"Discount","Language__c":"English","ShippingCountry":"United States","BillingPostalCode":"55344","ShippingCity":"Eden Prairie","Ship_To_Place__c":"a0lWC000004nA5ZYAU","BillToContactId":"003WC00000x4jCfYAI","CurrencyIsoCode":"USD","ShippingStreet":"11095 Viking Drive","ShippingCountryCode":"US","Payment_Portal__c":"Fortra (default)","BillingCountry":"United States","BillingStreet":"11095 Viking Drive","BillingStateCode":"MN","ShippingPostalCode":"55344","QuoteToCountryCode":"US","Deal_Type__c":"Fortra Originated","ShippingState":"Minnesota","Id":"0Q0WC0000037yTx0AI","BillingState":"Minnesota"}|0x5eafe35f
19:56:16.9 (111351859)|VARIABLE_SCOPE_BEGIN|[241]|fieldName|String|false|false
19:56:16.9 (111357522)|VARIABLE_ASSIGNMENT|[241]|fieldName|"Reseller__c"
19:56:16.9 (111366307)|HEAP_ALLOCATE|[242]|Bytes:5
19:56:16.9 (111369862)|STATEMENT_EXECUTE|[241]
19:56:16.9 (111380885)|SYSTEM_METHOD_ENTRY|[242]|SObject.get(String)
19:56:16.9 (111401202)|SYSTEM_METHOD_EXIT|[242]|SObject.get(String)
19:56:16.9 (111404029)|STATEMENT_EXECUTE|[242]
19:56:16.9 (111405082)|STATEMENT_EXECUTE|[245]
19:56:16.9 (111408629)|SYSTEM_METHOD_ENTRY|[245]|SObject.get(String)
19:56:16.9 (111419411)|SYSTEM_METHOD_EXIT|[245]|SObject.get(String)
19:56:16.9 (111424241)|VARIABLE_SCOPE_BEGIN|[245]|sourceValue|Object|false|false
19:56:16.9 (111430847)|VARIABLE_ASSIGNMENT|[245]|sourceValue|null
19:56:16.9 (111433289)|STATEMENT_EXECUTE|[246]
19:56:16.9 (111438704)|METHOD_EXIT|[211]|01pWC000002WbCz|RenewalQuoteHeaderHandler.copyIdIfBlank(Quote, Quote, String)
19:56:16.9 (111441206)|STATEMENT_EXECUTE|[212]
19:56:16.9 (111443980)|HEAP_ALLOCATE|[212]|Bytes:14
19:56:16.9 (111449506)|METHOD_ENTRY|[212]|01pWC000002WbCz|RenewalQuoteHeaderHandler.copyIdIfBlank(Quote, Quote, String)
19:56:16.9 (111457184)|VARIABLE_SCOPE_BEGIN|[241]|target|Quote|true|false
19:56:16.9 (112124492)|VARIABLE_ASSIGNMENT|[241]|target|{"LastModifiedDate":"2026-06-14T02:54:10.000Z","Quote_Type__c":"Renewal","Bill_To_Place__c":"a0lWC000004nA5ZYAU","Export_Compliance_Status__c":"Pending","Net_Terms_Approval__c":false,"Exchange_Rate_To_USD__c":1.0000000000,"Export_Review_Required__c":false,"Within_Renewal_Window__c":false,"IsPrimary__c":false,"Credit_Renewal_Approval__c":false,"Days_Until_Renewal__c":362,"Renewal_Contract__c":"800WC00000SB0FtYAL","QuoteAccountId":"001WC00000kZKNxYAO","Pro_Ration_Method__c":"Monthly","Renewal_ARR_Approval__c":false,"Status":"Draft","Show_Hide_Discounts__c":"Show","IsDeleted":false,"Subtotal":67.38,"Force_New_Contract__c":false,"Net_Contract_Change__c":0.00,"Signed_Quote_Approval__c":false,"Terms_and_Conditions__c":false,"Payment_Portal__c":"Fortra (default)","Original_Contract_ARR__c":0.00,"BillingStateCode":"MN","GrandTotal":67.38,"ShippingPostalCode":"55344","ShippingState":"Minnesota","Mycap__c":false,"Deal_Type__c":"Fortra Originated","Id":"0Q0WC00000382MH0AY","Subscription_Pricing_Discount_Approval__c":false,"Net_Terms__c":"Net_30","Discount":0.00,"Services_Discount_Approval__c":false,"Total_Contract_Value_TCV__c":67.38,"LineItemCount":2,"OwnerId":"005WC00000DZ6xVYAT","OpportunityId":"006WC00000QuJ4DYAV","LegalEntityId":"0fwWC000000034LYAQ","Language__c":"English","ShippingCity":"Eden Prairie","GSW__c":false,"Manually_Sent__c":false,"CalculationStatus":"Saving","Corporate_Currency_Amount__c":67.38,"Annual_Contract_Value_ACV__c":67.38,"Max_Discount_on_QLIs__c":0.00,"Quote_Displaced_ARR__c":0.00,"OriginalActionType":"Renew","Ship_To_Place__c":"a0lWC000004nA5ZYAU","Show_Hide_Product_Number__c":"Show","SystemModstamp":"2026-06-14T02:54:10.000Z","Create_Order_from_Quote__c":false,"BillingCountry":"United States","Manual_Discount__c":0.00,"QuoteToCountryCode":"US","TotalPrice":67.38,"AdditionalCountryCode":"US","Legal_Support_Approval__c":false,"AccountId":"001WC00000kZKNxYAO","ShippingStateCode":"MN","BillingCity":"Eden Prairie","QuoteToCountry":"United States","Total_Discount_Amount__c":0.00,"MYCAP_Approval__c":false,"Name":"Renewal Quote","License_Extension_Approval__c":false,"StartDate":"2026-06-11T00:00:00.000Z","CreatedById":"005WC00000DZ6xVYAT","Auto_Renewal__c":false,"Channel_MSP_Pricing_Discount_Approval__c":false,"BillingPostalCode":"55344","Annualized_License_Equivalent_Base__c":67.38,"Show_Hide_Free_Products__c":"Show","Maintenance_Max_Discount__c":0.00,"Total_Displaced_ARR__c":0.00,"CurrencyIsoCode":"USD","LegacyRenewalQuote__c":false,"Credit_Renewal_ARR__c":false,"ShippingStreet":"11095 Viking Drive","Annuial_Revenue_Base__c":67.38,"AdditionalCountry":"United States","Total_Quote_Line_ARR__c":0.00,"CreatedDate":"2026-06-11T21:14:56.000Z","Pricebook2Id":"01sWC0000022GHFYA2","IsSyncing":false,"Renewal_Cancellation_Approval__c":false,"BillingState":"Minnesota","TransactionType":"Fortra_Advanced_Pric (3 more) ...","Discount_Renewal_ARR__c":false,"Contains_Offensive_Security__c":false,"BillingCountryCode":"US","Temp_License_Key_Extension__c":false,"Disable_Export_Control__c":false,"ContactId":"003WC00000x4jCfYAI","PartnerAccountId":"001WC00000ZtazZYAR","Export_License_Required__c":false,"Billing_Partner__c":"001WC00000ZtazZYAR","SalesTransactionTypeId":"1ChWC0000002eJ70AI","Maintenance_Discount_Approval__c":false,"Partner_Pricing_Model__c":"Discount","ShippingCountry":"United States","LineGroupCount":0,"Approval_Status__c":"None","Unsigned_Quote_Approval__c":false,"ContractId":"800WC00000SB0FtYAL","BillToContactId":"003WC00000x4jCfYAI","QuoteTypeText__c":"Renewal","Approval_Rejected_Checkbox__c":false,"ShippingCountryCode":"US","QuoteNumber":"00781084","CanCreateQuoteLineItems":false,"ALE__c":67.38,"BillingStreet":"11095 Viking Drive","Request_Legal_Support__c":false,"Perpetual_Pricing_Discount_Approval__c":false,"LastModifiedById":"005WC00000MgTN2YAN","Displaced_ARR_Approval__c":false}|0x1d181be1
19:56:16.9 (112301281)|VARIABLE_SCOPE_BEGIN|[241]|source|Quote|true|false
19:56:16.9 (112420436)|VARIABLE_ASSIGNMENT|[241]|source|{"Net_Terms__c":"Net_30","ShippingStateCode":"MN","BillingCity":"Eden Prairie","Bill_To_Place__c":"a0lWC000004nA5ZYAU","BillingCountryCode":"US","QuoteToCountry":"United States","ContactId":"003WC00000x4jCfYAI","PartnerAccountId":"001WC00000ZtazZYAR","Billing_Partner__c":"001WC00000ZtazZYAR","SalesTransactionTypeId":"1ChWC0000002eJ70AI","OpportunityId":"006WC00000QuJ4DYAV","LegalEntityId":"0fwWC000000034LYAQ","Partner_Pricing_Model__c":"Discount","Language__c":"English","ShippingCountry":"United States","BillingPostalCode":"55344","ShippingCity":"Eden Prairie","Ship_To_Place__c":"a0lWC000004nA5ZYAU","BillToContactId":"003WC00000x4jCfYAI","CurrencyIsoCode":"USD","ShippingStreet":"11095 Viking Drive","ShippingCountryCode":"US","Payment_Portal__c":"Fortra (default)","BillingCountry":"United States","BillingStreet":"11095 Viking Drive","BillingStateCode":"MN","ShippingPostalCode":"55344","QuoteToCountryCode":"US","Deal_Type__c":"Fortra Originated","ShippingState":"Minnesota","Id":"0Q0WC0000037yTx0AI","BillingState":"Minnesota"}|0x5eafe35f
19:56:16.9 (112428580)|VARIABLE_SCOPE_BEGIN|[241]|fieldName|String|false|false
19:56:16.9 (112434781)|VARIABLE_ASSIGNMENT|[241]|fieldName|"Distributor__c"
19:56:16.9 (112444119)|HEAP_ALLOCATE|[242]|Bytes:5
19:56:16.9 (112448423)|STATEMENT_EXECUTE|[241]
19:56:16.9 (112461896)|SYSTEM_METHOD_ENTRY|[242]|SObject.get(String)
19:56:16.9 (112484286)|SYSTEM_METHOD_EXIT|[242]|SObject.get(String)
19:56:16.9 (112486878)|STATEMENT_EXECUTE|[242]
19:56:16.9 (112487947)|STATEMENT_EXECUTE|[245]
19:56:16.9 (112491766)|SYSTEM_METHOD_ENTRY|[245]|SObject.get(String)
19:56:16.9 (112501175)|SYSTEM_METHOD_EXIT|[245]|SObject.get(String)
19:56:16.9 (112505424)|VARIABLE_SCOPE_BEGIN|[245]|sourceValue|Object|false|false
19:56:16.9 (112511975)|VARIABLE_ASSIGNMENT|[245]|sourceValue|null
19:56:16.9 (112514435)|STATEMENT_EXECUTE|[246]
19:56:16.9 (112520828)|METHOD_EXIT|[212]|01pWC000002WbCz|RenewalQuoteHeaderHandler.copyIdIfBlank(Quote, Quote, String)
19:56:16.9 (112523393)|STATEMENT_EXECUTE|[213]
19:56:16.9 (112526615)|HEAP_ALLOCATE|[213]|Bytes:19
19:56:16.9 (112532478)|METHOD_ENTRY|[213]|01pWC000002WbCz|RenewalQuoteHeaderHandler.copyIdIfBlank(Quote, Quote, String)
19:56:16.9 (112541317)|VARIABLE_SCOPE_BEGIN|[241]|target|Quote|true|false
19:56:16.9 (113267338)|VARIABLE_ASSIGNMENT|[241]|target|{"LastModifiedDate":"2026-06-14T02:54:10.000Z","Quote_Type__c":"Renewal","Bill_To_Place__c":"a0lWC000004nA5ZYAU","Export_Compliance_Status__c":"Pending","Net_Terms_Approval__c":false,"Exchange_Rate_To_USD__c":1.0000000000,"Export_Review_Required__c":false,"Within_Renewal_Window__c":false,"IsPrimary__c":false,"Credit_Renewal_Approval__c":false,"Days_Until_Renewal__c":362,"Renewal_Contract__c":"800WC00000SB0FtYAL","QuoteAccountId":"001WC00000kZKNxYAO","Pro_Ration_Method__c":"Monthly","Renewal_ARR_Approval__c":false,"Status":"Draft","Show_Hide_Discounts__c":"Show","IsDeleted":false,"Subtotal":67.38,"Force_New_Contract__c":false,"Net_Contract_Change__c":0.00,"Signed_Quote_Approval__c":false,"Terms_and_Conditions__c":false,"Payment_Portal__c":"Fortra (default)","Original_Contract_ARR__c":0.00,"BillingStateCode":"MN","GrandTotal":67.38,"ShippingPostalCode":"55344","ShippingState":"Minnesota","Mycap__c":false,"Deal_Type__c":"Fortra Originated","Id":"0Q0WC00000382MH0AY","Subscription_Pricing_Discount_Approval__c":false,"Net_Terms__c":"Net_30","Discount":0.00,"Services_Discount_Approval__c":false,"Total_Contract_Value_TCV__c":67.38,"LineItemCount":2,"OwnerId":"005WC00000DZ6xVYAT","OpportunityId":"006WC00000QuJ4DYAV","LegalEntityId":"0fwWC000000034LYAQ","Language__c":"English","ShippingCity":"Eden Prairie","GSW__c":false,"Manually_Sent__c":false,"CalculationStatus":"Saving","Corporate_Currency_Amount__c":67.38,"Annual_Contract_Value_ACV__c":67.38,"Max_Discount_on_QLIs__c":0.00,"Quote_Displaced_ARR__c":0.00,"OriginalActionType":"Renew","Ship_To_Place__c":"a0lWC000004nA5ZYAU","Show_Hide_Product_Number__c":"Show","SystemModstamp":"2026-06-14T02:54:10.000Z","Create_Order_from_Quote__c":false,"BillingCountry":"United States","Manual_Discount__c":0.00,"QuoteToCountryCode":"US","TotalPrice":67.38,"AdditionalCountryCode":"US","Legal_Support_Approval__c":false,"AccountId":"001WC00000kZKNxYAO","ShippingStateCode":"MN","BillingCity":"Eden Prairie","QuoteToCountry":"United States","Total_Discount_Amount__c":0.00,"MYCAP_Approval__c":false,"Name":"Renewal Quote","License_Extension_Approval__c":false,"StartDate":"2026-06-11T00:00:00.000Z","CreatedById":"005WC00000DZ6xVYAT","Auto_Renewal__c":false,"Channel_MSP_Pricing_Discount_Approval__c":false,"BillingPostalCode":"55344","Annualized_License_Equivalent_Base__c":67.38,"Show_Hide_Free_Products__c":"Show","Maintenance_Max_Discount__c":0.00,"Total_Displaced_ARR__c":0.00,"CurrencyIsoCode":"USD","LegacyRenewalQuote__c":false,"Credit_Renewal_ARR__c":false,"ShippingStreet":"11095 Viking Drive","Annuial_Revenue_Base__c":67.38,"AdditionalCountry":"United States","Total_Quote_Line_ARR__c":0.00,"CreatedDate":"2026-06-11T21:14:56.000Z","Pricebook2Id":"01sWC0000022GHFYA2","IsSyncing":false,"Renewal_Cancellation_Approval__c":false,"BillingState":"Minnesota","TransactionType":"Fortra_Advanced_Pric (3 more) ...","Discount_Renewal_ARR__c":false,"Contains_Offensive_Security__c":false,"BillingCountryCode":"US","Temp_License_Key_Extension__c":false,"Disable_Export_Control__c":false,"ContactId":"003WC00000x4jCfYAI","PartnerAccountId":"001WC00000ZtazZYAR","Export_License_Required__c":false,"Billing_Partner__c":"001WC00000ZtazZYAR","SalesTransactionTypeId":"1ChWC0000002eJ70AI","Maintenance_Discount_Approval__c":false,"Partner_Pricing_Model__c":"Discount","ShippingCountry":"United States","LineGroupCount":0,"Approval_Status__c":"None","Unsigned_Quote_Approval__c":false,"ContractId":"800WC00000SB0FtYAL","BillToContactId":"003WC00000x4jCfYAI","QuoteTypeText__c":"Renewal","Approval_Rejected_Checkbox__c":false,"ShippingCountryCode":"US","QuoteNumber":"00781084","CanCreateQuoteLineItems":false,"ALE__c":67.38,"BillingStreet":"11095 Viking Drive","Request_Legal_Support__c":false,"Perpetual_Pricing_Discount_Approval__c":false,"LastModifiedById":"005WC00000MgTN2YAN","Displaced_ARR_Approval__c":false}|0x1d181be1
19:56:16.9 (113293768)|VARIABLE_SCOPE_BEGIN|[241]|source|Quote|true|false
19:56:16.9 (113410705)|VARIABLE_ASSIGNMENT|[241]|source|{"Net_Terms__c":"Net_30","ShippingStateCode":"MN","BillingCity":"Eden Prairie","Bill_To_Place__c":"a0lWC000004nA5ZYAU","BillingCountryCode":"US","QuoteToCountry":"United States","ContactId":"003WC00000x4jCfYAI","PartnerAccountId":"001WC00000ZtazZYAR","Billing_Partner__c":"001WC00000ZtazZYAR","SalesTransactionTypeId":"1ChWC0000002eJ70AI","OpportunityId":"006WC00000QuJ4DYAV","LegalEntityId":"0fwWC000000034LYAQ","Partner_Pricing_Model__c":"Discount","Language__c":"English","ShippingCountry":"United States","BillingPostalCode":"55344","ShippingCity":"Eden Prairie","Ship_To_Place__c":"a0lWC000004nA5ZYAU","BillToContactId":"003WC00000x4jCfYAI","CurrencyIsoCode":"USD","ShippingStreet":"11095 Viking Drive","ShippingCountryCode":"US","Payment_Portal__c":"Fortra (default)","BillingCountry":"United States","BillingStreet":"11095 Viking Drive","BillingStateCode":"MN","ShippingPostalCode":"55344","QuoteToCountryCode":"US","Deal_Type__c":"Fortra Originated","ShippingState":"Minnesota","Id":"0Q0WC0000037yTx0AI","BillingState":"Minnesota"}|0x5eafe35f
19:56:16.9 (113418490)|VARIABLE_SCOPE_BEGIN|[241]|fieldName|String|false|false
19:56:16.9 (113424022)|VARIABLE_ASSIGNMENT|[241]|fieldName|"Referral_Partner__c"
19:56:16.9 (113432810)|HEAP_ALLOCATE|[242]|Bytes:5
19:56:16.9 (113436687)|STATEMENT_EXECUTE|[241]
19:56:16.9 (113449845)|SYSTEM_METHOD_ENTRY|[242]|SObject.get(String)
19:56:16.9 (113471211)|SYSTEM_METHOD_EXIT|[242]|SObject.get(String)
19:56:16.9 (113474011)|STATEMENT_EXECUTE|[242]
19:56:16.9 (113475139)|STATEMENT_EXECUTE|[245]
19:56:16.9 (113478769)|SYSTEM_METHOD_ENTRY|[245]|SObject.get(String)
19:56:16.9 (113489159)|SYSTEM_METHOD_EXIT|[245]|SObject.get(String)
19:56:16.9 (113493851)|VARIABLE_SCOPE_BEGIN|[245]|sourceValue|Object|false|false
19:56:16.9 (113500324)|VARIABLE_ASSIGNMENT|[245]|sourceValue|null
19:56:16.9 (113502790)|STATEMENT_EXECUTE|[246]
19:56:16.9 (113508501)|METHOD_EXIT|[213]|01pWC000002WbCz|RenewalQuoteHeaderHandler.copyIdIfBlank(Quote, Quote, String)
19:56:16.9 (113511089)|STATEMENT_EXECUTE|[214]
19:56:16.9 (113514114)|HEAP_ALLOCATE|[214]|Bytes:12
19:56:16.9 (113520499)|METHOD_ENTRY|[214]|01pWC000002WbCz|RenewalQuoteHeaderHandler.copyStringIfBlank(Quote, Quote, String)
19:56:16.9 (113529194)|VARIABLE_SCOPE_BEGIN|[251]|target|Quote|true|false
19:56:16.9 (114206008)|VARIABLE_ASSIGNMENT|[251]|target|{"LastModifiedDate":"2026-06-14T02:54:10.000Z","Quote_Type__c":"Renewal","Bill_To_Place__c":"a0lWC000004nA5ZYAU","Export_Compliance_Status__c":"Pending","Net_Terms_Approval__c":false,"Exchange_Rate_To_USD__c":1.0000000000,"Export_Review_Required__c":false,"Within_Renewal_Window__c":false,"IsPrimary__c":false,"Credit_Renewal_Approval__c":false,"Days_Until_Renewal__c":362,"Renewal_Contract__c":"800WC00000SB0FtYAL","QuoteAccountId":"001WC00000kZKNxYAO","Pro_Ration_Method__c":"Monthly","Renewal_ARR_Approval__c":false,"Status":"Draft","Show_Hide_Discounts__c":"Show","IsDeleted":false,"Subtotal":67.38,"Force_New_Contract__c":false,"Net_Contract_Change__c":0.00,"Signed_Quote_Approval__c":false,"Terms_and_Conditions__c":false,"Payment_Portal__c":"Fortra (default)","Original_Contract_ARR__c":0.00,"BillingStateCode":"MN","GrandTotal":67.38,"ShippingPostalCode":"55344","ShippingState":"Minnesota","Mycap__c":false,"Deal_Type__c":"Fortra Originated","Id":"0Q0WC00000382MH0AY","Subscription_Pricing_Discount_Approval__c":false,"Net_Terms__c":"Net_30","Discount":0.00,"Services_Discount_Approval__c":false,"Total_Contract_Value_TCV__c":67.38,"LineItemCount":2,"OwnerId":"005WC00000DZ6xVYAT","OpportunityId":"006WC00000QuJ4DYAV","LegalEntityId":"0fwWC000000034LYAQ","Language__c":"English","ShippingCity":"Eden Prairie","GSW__c":false,"Manually_Sent__c":false,"CalculationStatus":"Saving","Corporate_Currency_Amount__c":67.38,"Annual_Contract_Value_ACV__c":67.38,"Max_Discount_on_QLIs__c":0.00,"Quote_Displaced_ARR__c":0.00,"OriginalActionType":"Renew","Ship_To_Place__c":"a0lWC000004nA5ZYAU","Show_Hide_Product_Number__c":"Show","SystemModstamp":"2026-06-14T02:54:10.000Z","Create_Order_from_Quote__c":false,"BillingCountry":"United States","Manual_Discount__c":0.00,"QuoteToCountryCode":"US","TotalPrice":67.38,"AdditionalCountryCode":"US","Legal_Support_Approval__c":false,"AccountId":"001WC00000kZKNxYAO","ShippingStateCode":"MN","BillingCity":"Eden Prairie","QuoteToCountry":"United States","Total_Discount_Amount__c":0.00,"MYCAP_Approval__c":false,"Name":"Renewal Quote","License_Extension_Approval__c":false,"StartDate":"2026-06-11T00:00:00.000Z","CreatedById":"005WC00000DZ6xVYAT","Auto_Renewal__c":false,"Channel_MSP_Pricing_Discount_Approval__c":false,"BillingPostalCode":"55344","Annualized_License_Equivalent_Base__c":67.38,"Show_Hide_Free_Products__c":"Show","Maintenance_Max_Discount__c":0.00,"Total_Displaced_ARR__c":0.00,"CurrencyIsoCode":"USD","LegacyRenewalQuote__c":false,"Credit_Renewal_ARR__c":false,"ShippingStreet":"11095 Viking Drive","Annuial_Revenue_Base__c":67.38,"AdditionalCountry":"United States","Total_Quote_Line_ARR__c":0.00,"CreatedDate":"2026-06-11T21:14:56.000Z","Pricebook2Id":"01sWC0000022GHFYA2","IsSyncing":false,"Renewal_Cancellation_Approval__c":false,"BillingState":"Minnesota","TransactionType":"Fortra_Advanced_Pric (3 more) ...","Discount_Renewal_ARR__c":false,"Contains_Offensive_Security__c":false,"BillingCountryCode":"US","Temp_License_Key_Extension__c":false,"Disable_Export_Control__c":false,"ContactId":"003WC00000x4jCfYAI","PartnerAccountId":"001WC00000ZtazZYAR","Export_License_Required__c":false,"Billing_Partner__c":"001WC00000ZtazZYAR","SalesTransactionTypeId":"1ChWC0000002eJ70AI","Maintenance_Discount_Approval__c":false,"Partner_Pricing_Model__c":"Discount","ShippingCountry":"United States","LineGroupCount":0,"Approval_Status__c":"None","Unsigned_Quote_Approval__c":false,"ContractId":"800WC00000SB0FtYAL","BillToContactId":"003WC00000x4jCfYAI","QuoteTypeText__c":"Renewal","Approval_Rejected_Checkbox__c":false,"ShippingCountryCode":"US","QuoteNumber":"00781084","CanCreateQuoteLineItems":false,"ALE__c":67.38,"BillingStreet":"11095 Viking Drive","Request_Legal_Support__c":false,"Perpetual_Pricing_Discount_Approval__c":false,"LastModifiedById":"005WC00000MgTN2YAN","Displaced_ARR_Approval__c":false}|0x1d181be1
19:56:16.9 (114232126)|VARIABLE_SCOPE_BEGIN|[251]|source|Quote|true|false
19:56:16.9 (114343913)|VARIABLE_ASSIGNMENT|[251]|source|{"Net_Terms__c":"Net_30","ShippingStateCode":"MN","BillingCity":"Eden Prairie","Bill_To_Place__c":"a0lWC000004nA5ZYAU","BillingCountryCode":"US","QuoteToCountry":"United States","ContactId":"003WC00000x4jCfYAI","PartnerAccountId":"001WC00000ZtazZYAR","Billing_Partner__c":"001WC00000ZtazZYAR","SalesTransactionTypeId":"1ChWC0000002eJ70AI","OpportunityId":"006WC00000QuJ4DYAV","LegalEntityId":"0fwWC000000034LYAQ","Partner_Pricing_Model__c":"Discount","Language__c":"English","ShippingCountry":"United States","BillingPostalCode":"55344","ShippingCity":"Eden Prairie","Ship_To_Place__c":"a0lWC000004nA5ZYAU","BillToContactId":"003WC00000x4jCfYAI","CurrencyIsoCode":"USD","ShippingStreet":"11095 Viking Drive","ShippingCountryCode":"US","Payment_Portal__c":"Fortra (default)","BillingCountry":"United States","BillingStreet":"11095 Viking Drive","BillingStateCode":"MN","ShippingPostalCode":"55344","QuoteToCountryCode":"US","Deal_Type__c":"Fortra Originated","ShippingState":"Minnesota","Id":"0Q0WC0000037yTx0AI","BillingState":"Minnesota"}|0x5eafe35f
19:56:16.9 (114352658)|VARIABLE_SCOPE_BEGIN|[251]|fieldName|String|false|false
19:56:16.9 (114357998)|VARIABLE_ASSIGNMENT|[251]|fieldName|"Net_Terms__c"
19:56:16.9 (114367800)|HEAP_ALLOCATE|[252]|Bytes:5
19:56:16.9 (114372127)|STATEMENT_EXECUTE|[251]
19:56:16.9 (114383233)|SYSTEM_METHOD_ENTRY|[252]|SObject.get(String)
19:56:16.9 (114397223)|HEAP_ALLOCATE|[252]|Bytes:6
19:56:16.9 (114403633)|SYSTEM_METHOD_EXIT|[252]|SObject.get(String)
19:56:16.9 (114410264)|SYSTEM_METHOD_ENTRY|[252]|String.isNotBlank(String)
19:56:16.9 (114415923)|SYSTEM_METHOD_EXIT|[252]|String.isNotBlank(String)
19:56:16.9 (114418424)|STATEMENT_EXECUTE|[252]
19:56:16.9 (114419437)|STATEMENT_EXECUTE|[253]
19:56:16.9 (114424955)|METHOD_EXIT|[214]|01pWC000002WbCz|RenewalQuoteHeaderHandler.copyStringIfBlank(Quote, Quote, String)
19:56:16.9 (114427785)|STATEMENT_EXECUTE|[215]
19:56:16.9 (114429937)|HEAP_ALLOCATE|[215]|Bytes:11
19:56:16.9 (114434494)|METHOD_ENTRY|[215]|01pWC000002WbCz|RenewalQuoteHeaderHandler.copyStringIfBlank(Quote, Quote, String)
19:56:16.9 (114442184)|VARIABLE_SCOPE_BEGIN|[251]|target|Quote|true|false
19:56:16.9 (115141815)|VARIABLE_ASSIGNMENT|[251]|target|{"LastModifiedDate":"2026-06-14T02:54:10.000Z","Quote_Type__c":"Renewal","Bill_To_Place__c":"a0lWC000004nA5ZYAU","Export_Compliance_Status__c":"Pending","Net_Terms_Approval__c":false,"Exchange_Rate_To_USD__c":1.0000000000,"Export_Review_Required__c":false,"Within_Renewal_Window__c":false,"IsPrimary__c":false,"Credit_Renewal_Approval__c":false,"Days_Until_Renewal__c":362,"Renewal_Contract__c":"800WC00000SB0FtYAL","QuoteAccountId":"001WC00000kZKNxYAO","Pro_Ration_Method__c":"Monthly","Renewal_ARR_Approval__c":false,"Status":"Draft","Show_Hide_Discounts__c":"Show","IsDeleted":false,"Subtotal":67.38,"Force_New_Contract__c":false,"Net_Contract_Change__c":0.00,"Signed_Quote_Approval__c":false,"Terms_and_Conditions__c":false,"Payment_Portal__c":"Fortra (default)","Original_Contract_ARR__c":0.00,"BillingStateCode":"MN","GrandTotal":67.38,"ShippingPostalCode":"55344","ShippingState":"Minnesota","Mycap__c":false,"Deal_Type__c":"Fortra Originated","Id":"0Q0WC00000382MH0AY","Subscription_Pricing_Discount_Approval__c":false,"Net_Terms__c":"Net_30","Discount":0.00,"Services_Discount_Approval__c":false,"Total_Contract_Value_TCV__c":67.38,"LineItemCount":2,"OwnerId":"005WC00000DZ6xVYAT","OpportunityId":"006WC00000QuJ4DYAV","LegalEntityId":"0fwWC000000034LYAQ","Language__c":"English","ShippingCity":"Eden Prairie","GSW__c":false,"Manually_Sent__c":false,"CalculationStatus":"Saving","Corporate_Currency_Amount__c":67.38,"Annual_Contract_Value_ACV__c":67.38,"Max_Discount_on_QLIs__c":0.00,"Quote_Displaced_ARR__c":0.00,"OriginalActionType":"Renew","Ship_To_Place__c":"a0lWC000004nA5ZYAU","Show_Hide_Product_Number__c":"Show","SystemModstamp":"2026-06-14T02:54:10.000Z","Create_Order_from_Quote__c":false,"BillingCountry":"United States","Manual_Discount__c":0.00,"QuoteToCountryCode":"US","TotalPrice":67.38,"AdditionalCountryCode":"US","Legal_Support_Approval__c":false,"AccountId":"001WC00000kZKNxYAO","ShippingStateCode":"MN","BillingCity":"Eden Prairie","QuoteToCountry":"United States","Total_Discount_Amount__c":0.00,"MYCAP_Approval__c":false,"Name":"Renewal Quote","License_Extension_Approval__c":false,"StartDate":"2026-06-11T00:00:00.000Z","CreatedById":"005WC00000DZ6xVYAT","Auto_Renewal__c":false,"Channel_MSP_Pricing_Discount_Approval__c":false,"BillingPostalCode":"55344","Annualized_License_Equivalent_Base__c":67.38,"Show_Hide_Free_Products__c":"Show","Maintenance_Max_Discount__c":0.00,"Total_Displaced_ARR__c":0.00,"CurrencyIsoCode":"USD","LegacyRenewalQuote__c":false,"Credit_Renewal_ARR__c":false,"ShippingStreet":"11095 Viking Drive","Annuial_Revenue_Base__c":67.38,"AdditionalCountry":"United States","Total_Quote_Line_ARR__c":0.00,"CreatedDate":"2026-06-11T21:14:56.000Z","Pricebook2Id":"01sWC0000022GHFYA2","IsSyncing":false,"Renewal_Cancellation_Approval__c":false,"BillingState":"Minnesota","TransactionType":"Fortra_Advanced_Pric (3 more) ...","Discount_Renewal_ARR__c":false,"Contains_Offensive_Security__c":false,"BillingCountryCode":"US","Temp_License_Key_Extension__c":false,"Disable_Export_Control__c":false,"ContactId":"003WC00000x4jCfYAI","PartnerAccountId":"001WC00000ZtazZYAR","Export_License_Required__c":false,"Billing_Partner__c":"001WC00000ZtazZYAR","SalesTransactionTypeId":"1ChWC0000002eJ70AI","Maintenance_Discount_Approval__c":false,"Partner_Pricing_Model__c":"Discount","ShippingCountry":"United States","LineGroupCount":0,"Approval_Status__c":"None","Unsigned_Quote_Approval__c":false,"ContractId":"800WC00000SB0FtYAL","BillToContactId":"003WC00000x4jCfYAI","QuoteTypeText__c":"Renewal","Approval_Rejected_Checkbox__c":false,"ShippingCountryCode":"US","QuoteNumber":"00781084","CanCreateQuoteLineItems":false,"ALE__c":67.38,"BillingStreet":"11095 Viking Drive","Request_Legal_Support__c":false,"Perpetual_Pricing_Discount_Approval__c":false,"LastModifiedById":"005WC00000MgTN2YAN","Displaced_ARR_Approval__c":false}|0x1d181be1
19:56:16.9 (115168054)|VARIABLE_SCOPE_BEGIN|[251]|source|Quote|true|false
19:56:16.9 (115287323)|VARIABLE_ASSIGNMENT|[251]|source|{"Net_Terms__c":"Net_30","ShippingStateCode":"MN","BillingCity":"Eden Prairie","Bill_To_Place__c":"a0lWC000004nA5ZYAU","BillingCountryCode":"US","QuoteToCountry":"United States","ContactId":"003WC00000x4jCfYAI","PartnerAccountId":"001WC00000ZtazZYAR","Billing_Partner__c":"001WC00000ZtazZYAR","SalesTransactionTypeId":"1ChWC0000002eJ70AI","OpportunityId":"006WC00000QuJ4DYAV","LegalEntityId":"0fwWC000000034LYAQ","Partner_Pricing_Model__c":"Discount","Language__c":"English","ShippingCountry":"United States","BillingPostalCode":"55344","ShippingCity":"Eden Prairie","Ship_To_Place__c":"a0lWC000004nA5ZYAU","BillToContactId":"003WC00000x4jCfYAI","CurrencyIsoCode":"USD","ShippingStreet":"11095 Viking Drive","ShippingCountryCode":"US","Payment_Portal__c":"Fortra (default)","BillingCountry":"United States","BillingStreet":"11095 Viking Drive","BillingStateCode":"MN","ShippingPostalCode":"55344","QuoteToCountryCode":"US","Deal_Type__c":"Fortra Originated","ShippingState":"Minnesota","Id":"0Q0WC0000037yTx0AI","BillingState":"Minnesota"}|0x5eafe35f
19:56:16.9 (115295405)|VARIABLE_SCOPE_BEGIN|[251]|fieldName|String|false|false
19:56:16.9 (115300733)|VARIABLE_ASSIGNMENT|[251]|fieldName|"Language__c"
19:56:16.9 (115309115)|HEAP_ALLOCATE|[252]|Bytes:5
19:56:16.9 (115312570)|STATEMENT_EXECUTE|[251]
19:56:16.9 (115322592)|SYSTEM_METHOD_ENTRY|[252]|SObject.get(String)
19:56:16.9 (115336032)|HEAP_ALLOCATE|[252]|Bytes:7
19:56:16.9 (115341495)|SYSTEM_METHOD_EXIT|[252]|SObject.get(String)
19:56:16.9 (115347161)|SYSTEM_METHOD_ENTRY|[252]|String.isNotBlank(String)
19:56:16.9 (115351647)|SYSTEM_METHOD_EXIT|[252]|String.isNotBlank(String)
19:56:16.9 (115354204)|STATEMENT_EXECUTE|[252]
19:56:16.9 (115355202)|STATEMENT_EXECUTE|[253]
19:56:16.9 (115360181)|METHOD_EXIT|[215]|01pWC000002WbCz|RenewalQuoteHeaderHandler.copyStringIfBlank(Quote, Quote, String)
19:56:16.9 (115362477)|STATEMENT_EXECUTE|[216]
19:56:16.9 (115364570)|HEAP_ALLOCATE|[216]|Bytes:17
19:56:16.9 (115369584)|METHOD_ENTRY|[216]|01pWC000002WbCz|RenewalQuoteHeaderHandler.copyStringIfBlank(Quote, Quote, String)
19:56:16.9 (115376537)|VARIABLE_SCOPE_BEGIN|[251]|target|Quote|true|false
19:56:16.9 (116043791)|VARIABLE_ASSIGNMENT|[251]|target|{"LastModifiedDate":"2026-06-14T02:54:10.000Z","Quote_Type__c":"Renewal","Bill_To_Place__c":"a0lWC000004nA5ZYAU","Export_Compliance_Status__c":"Pending","Net_Terms_Approval__c":false,"Exchange_Rate_To_USD__c":1.0000000000,"Export_Review_Required__c":false,"Within_Renewal_Window__c":false,"IsPrimary__c":false,"Credit_Renewal_Approval__c":false,"Days_Until_Renewal__c":362,"Renewal_Contract__c":"800WC00000SB0FtYAL","QuoteAccountId":"001WC00000kZKNxYAO","Pro_Ration_Method__c":"Monthly","Renewal_ARR_Approval__c":false,"Status":"Draft","Show_Hide_Discounts__c":"Show","IsDeleted":false,"Subtotal":67.38,"Force_New_Contract__c":false,"Net_Contract_Change__c":0.00,"Signed_Quote_Approval__c":false,"Terms_and_Conditions__c":false,"Payment_Portal__c":"Fortra (default)","Original_Contract_ARR__c":0.00,"BillingStateCode":"MN","GrandTotal":67.38,"ShippingPostalCode":"55344","ShippingState":"Minnesota","Mycap__c":false,"Deal_Type__c":"Fortra Originated","Id":"0Q0WC00000382MH0AY","Subscription_Pricing_Discount_Approval__c":false,"Net_Terms__c":"Net_30","Discount":0.00,"Services_Discount_Approval__c":false,"Total_Contract_Value_TCV__c":67.38,"LineItemCount":2,"OwnerId":"005WC00000DZ6xVYAT","OpportunityId":"006WC00000QuJ4DYAV","LegalEntityId":"0fwWC000000034LYAQ","Language__c":"English","ShippingCity":"Eden Prairie","GSW__c":false,"Manually_Sent__c":false,"CalculationStatus":"Saving","Corporate_Currency_Amount__c":67.38,"Annual_Contract_Value_ACV__c":67.38,"Max_Discount_on_QLIs__c":0.00,"Quote_Displaced_ARR__c":0.00,"OriginalActionType":"Renew","Ship_To_Place__c":"a0lWC000004nA5ZYAU","Show_Hide_Product_Number__c":"Show","SystemModstamp":"2026-06-14T02:54:10.000Z","Create_Order_from_Quote__c":false,"BillingCountry":"United States","Manual_Discount__c":0.00,"QuoteToCountryCode":"US","TotalPrice":67.38,"AdditionalCountryCode":"US","Legal_Support_Approval__c":false,"AccountId":"001WC00000kZKNxYAO","ShippingStateCode":"MN","BillingCity":"Eden Prairie","QuoteToCountry":"United States","Total_Discount_Amount__c":0.00,"MYCAP_Approval__c":false,"Name":"Renewal Quote","License_Extension_Approval__c":false,"StartDate":"2026-06-11T00:00:00.000Z","CreatedById":"005WC00000DZ6xVYAT","Auto_Renewal__c":false,"Channel_MSP_Pricing_Discount_Approval__c":false,"BillingPostalCode":"55344","Annualized_License_Equivalent_Base__c":67.38,"Show_Hide_Free_Products__c":"Show","Maintenance_Max_Discount__c":0.00,"Total_Displaced_ARR__c":0.00,"CurrencyIsoCode":"USD","LegacyRenewalQuote__c":false,"Credit_Renewal_ARR__c":false,"ShippingStreet":"11095 Viking Drive","Annuial_Revenue_Base__c":67.38,"AdditionalCountry":"United States","Total_Quote_Line_ARR__c":0.00,"CreatedDate":"2026-06-11T21:14:56.000Z","Pricebook2Id":"01sWC0000022GHFYA2","IsSyncing":false,"Renewal_Cancellation_Approval__c":false,"BillingState":"Minnesota","TransactionType":"Fortra_Advanced_Pric (3 more) ...","Discount_Renewal_ARR__c":false,"Contains_Offensive_Security__c":false,"BillingCountryCode":"US","Temp_License_Key_Extension__c":false,"Disable_Export_Control__c":false,"ContactId":"003WC00000x4jCfYAI","PartnerAccountId":"001WC00000ZtazZYAR","Export_License_Required__c":false,"Billing_Partner__c":"001WC00000ZtazZYAR","SalesTransactionTypeId":"1ChWC0000002eJ70AI","Maintenance_Discount_Approval__c":false,"Partner_Pricing_Model__c":"Discount","ShippingCountry":"United States","LineGroupCount":0,"Approval_Status__c":"None","Unsigned_Quote_Approval__c":false,"ContractId":"800WC00000SB0FtYAL","BillToContactId":"003WC00000x4jCfYAI","QuoteTypeText__c":"Renewal","Approval_Rejected_Checkbox__c":false,"ShippingCountryCode":"US","QuoteNumber":"00781084","CanCreateQuoteLineItems":false,"ALE__c":67.38,"BillingStreet":"11095 Viking Drive","Request_Legal_Support__c":false,"Perpetual_Pricing_Discount_Approval__c":false,"LastModifiedById":"005WC00000MgTN2YAN","Displaced_ARR_Approval__c":false}|0x1d181be1
19:56:16.9 (116069208)|VARIABLE_SCOPE_BEGIN|[251]|source|Quote|true|false
19:56:16.9 (116182282)|VARIABLE_ASSIGNMENT|[251]|source|{"Net_Terms__c":"Net_30","ShippingStateCode":"MN","BillingCity":"Eden Prairie","Bill_To_Place__c":"a0lWC000004nA5ZYAU","BillingCountryCode":"US","QuoteToCountry":"United States","ContactId":"003WC00000x4jCfYAI","PartnerAccountId":"001WC00000ZtazZYAR","Billing_Partner__c":"001WC00000ZtazZYAR","SalesTransactionTypeId":"1ChWC0000002eJ70AI","OpportunityId":"006WC00000QuJ4DYAV","LegalEntityId":"0fwWC000000034LYAQ","Partner_Pricing_Model__c":"Discount","Language__c":"English","ShippingCountry":"United States","BillingPostalCode":"55344","ShippingCity":"Eden Prairie","Ship_To_Place__c":"a0lWC000004nA5ZYAU","BillToContactId":"003WC00000x4jCfYAI","CurrencyIsoCode":"USD","ShippingStreet":"11095 Viking Drive","ShippingCountryCode":"US","Payment_Portal__c":"Fortra (default)","BillingCountry":"United States","BillingStreet":"11095 Viking Drive","BillingStateCode":"MN","ShippingPostalCode":"55344","QuoteToCountryCode":"US","Deal_Type__c":"Fortra Originated","ShippingState":"Minnesota","Id":"0Q0WC0000037yTx0AI","BillingState":"Minnesota"}|0x5eafe35f
19:56:16.9 (116189928)|VARIABLE_SCOPE_BEGIN|[251]|fieldName|String|false|false
19:56:16.9 (116195675)|VARIABLE_ASSIGNMENT|[251]|fieldName|"Payment_Portal__c"
19:56:16.9 (116203913)|HEAP_ALLOCATE|[252]|Bytes:5
19:56:16.9 (116207415)|STATEMENT_EXECUTE|[251]
19:56:16.9 (116217048)|SYSTEM_METHOD_ENTRY|[252]|SObject.get(String)
19:56:16.9 (116229808)|HEAP_ALLOCATE|[252]|Bytes:16
19:56:16.9 (116235717)|SYSTEM_METHOD_EXIT|[252]|SObject.get(String)
19:56:16.9 (116241264)|SYSTEM_METHOD_ENTRY|[252]|String.isNotBlank(String)
19:56:16.9 (116245733)|SYSTEM_METHOD_EXIT|[252]|String.isNotBlank(String)
19:56:16.9 (116248241)|STATEMENT_EXECUTE|[252]
19:56:16.9 (116249195)|STATEMENT_EXECUTE|[253]
19:56:16.9 (116254181)|METHOD_EXIT|[216]|01pWC000002WbCz|RenewalQuoteHeaderHandler.copyStringIfBlank(Quote, Quote, String)
19:56:16.9 (116256585)|STATEMENT_EXECUTE|[217]
19:56:16.9 (116258849)|HEAP_ALLOCATE|[217]|Bytes:15
19:56:16.9 (116263856)|METHOD_ENTRY|[217]|01pWC000002WbCz|RenewalQuoteHeaderHandler.copyStringIfBlank(Quote, Quote, String)
19:56:16.9 (116270350)|VARIABLE_SCOPE_BEGIN|[251]|target|Quote|true|false
19:56:16.9 (116941212)|VARIABLE_ASSIGNMENT|[251]|target|{"LastModifiedDate":"2026-06-14T02:54:10.000Z","Quote_Type__c":"Renewal","Bill_To_Place__c":"a0lWC000004nA5ZYAU","Export_Compliance_Status__c":"Pending","Net_Terms_Approval__c":false,"Exchange_Rate_To_USD__c":1.0000000000,"Export_Review_Required__c":false,"Within_Renewal_Window__c":false,"IsPrimary__c":false,"Credit_Renewal_Approval__c":false,"Days_Until_Renewal__c":362,"Renewal_Contract__c":"800WC00000SB0FtYAL","QuoteAccountId":"001WC00000kZKNxYAO","Pro_Ration_Method__c":"Monthly","Renewal_ARR_Approval__c":false,"Status":"Draft","Show_Hide_Discounts__c":"Show","IsDeleted":false,"Subtotal":67.38,"Force_New_Contract__c":false,"Net_Contract_Change__c":0.00,"Signed_Quote_Approval__c":false,"Terms_and_Conditions__c":false,"Payment_Portal__c":"Fortra (default)","Original_Contract_ARR__c":0.00,"BillingStateCode":"MN","GrandTotal":67.38,"ShippingPostalCode":"55344","ShippingState":"Minnesota","Mycap__c":false,"Deal_Type__c":"Fortra Originated","Id":"0Q0WC00000382MH0AY","Subscription_Pricing_Discount_Approval__c":false,"Net_Terms__c":"Net_30","Discount":0.00,"Services_Discount_Approval__c":false,"Total_Contract_Value_TCV__c":67.38,"LineItemCount":2,"OwnerId":"005WC00000DZ6xVYAT","OpportunityId":"006WC00000QuJ4DYAV","LegalEntityId":"0fwWC000000034LYAQ","Language__c":"English","ShippingCity":"Eden Prairie","GSW__c":false,"Manually_Sent__c":false,"CalculationStatus":"Saving","Corporate_Currency_Amount__c":67.38,"Annual_Contract_Value_ACV__c":67.38,"Max_Discount_on_QLIs__c":0.00,"Quote_Displaced_ARR__c":0.00,"OriginalActionType":"Renew","Ship_To_Place__c":"a0lWC000004nA5ZYAU","Show_Hide_Product_Number__c":"Show","SystemModstamp":"2026-06-14T02:54:10.000Z","Create_Order_from_Quote__c":false,"BillingCountry":"United States","Manual_Discount__c":0.00,"QuoteToCountryCode":"US","TotalPrice":67.38,"AdditionalCountryCode":"US","Legal_Support_Approval__c":false,"AccountId":"001WC00000kZKNxYAO","ShippingStateCode":"MN","BillingCity":"Eden Prairie","QuoteToCountry":"United States","Total_Discount_Amount__c":0.00,"MYCAP_Approval__c":false,"Name":"Renewal Quote","License_Extension_Approval__c":false,"StartDate":"2026-06-11T00:00:00.000Z","CreatedById":"005WC00000DZ6xVYAT","Auto_Renewal__c":false,"Channel_MSP_Pricing_Discount_Approval__c":false,"BillingPostalCode":"55344","Annualized_License_Equivalent_Base__c":67.38,"Show_Hide_Free_Products__c":"Show","Maintenance_Max_Discount__c":0.00,"Total_Displaced_ARR__c":0.00,"CurrencyIsoCode":"USD","LegacyRenewalQuote__c":false,"Credit_Renewal_ARR__c":false,"ShippingStreet":"11095 Viking Drive","Annuial_Revenue_Base__c":67.38,"AdditionalCountry":"United States","Total_Quote_Line_ARR__c":0.00,"CreatedDate":"2026-06-11T21:14:56.000Z","Pricebook2Id":"01sWC0000022GHFYA2","IsSyncing":false,"Renewal_Cancellation_Approval__c":false,"BillingState":"Minnesota","TransactionType":"Fortra_Advanced_Pric (3 more) ...","Discount_Renewal_ARR__c":false,"Contains_Offensive_Security__c":false,"BillingCountryCode":"US","Temp_License_Key_Extension__c":false,"Disable_Export_Control__c":false,"ContactId":"003WC00000x4jCfYAI","PartnerAccountId":"001WC00000ZtazZYAR","Export_License_Required__c":false,"Billing_Partner__c":"001WC00000ZtazZYAR","SalesTransactionTypeId":"1ChWC0000002eJ70AI","Maintenance_Discount_Approval__c":false,"Partner_Pricing_Model__c":"Discount","ShippingCountry":"United States","LineGroupCount":0,"Approval_Status__c":"None","Unsigned_Quote_Approval__c":false,"ContractId":"800WC00000SB0FtYAL","BillToContactId":"003WC00000x4jCfYAI","QuoteTypeText__c":"Renewal","Approval_Rejected_Checkbox__c":false,"ShippingCountryCode":"US","QuoteNumber":"00781084","CanCreateQuoteLineItems":false,"ALE__c":67.38,"BillingStreet":"11095 Viking Drive","Request_Legal_Support__c":false,"Perpetual_Pricing_Discount_Approval__c":false,"LastModifiedById":"005WC00000MgTN2YAN","Displaced_ARR_Approval__c":false}|0x1d181be1
19:56:16.9 (116967115)|VARIABLE_SCOPE_BEGIN|[251]|source|Quote|true|false
19:56:16.9 (117088034)|VARIABLE_ASSIGNMENT|[251]|source|{"Net_Terms__c":"Net_30","ShippingStateCode":"MN","BillingCity":"Eden Prairie","Bill_To_Place__c":"a0lWC000004nA5ZYAU","BillingCountryCode":"US","QuoteToCountry":"United States","ContactId":"003WC00000x4jCfYAI","PartnerAccountId":"001WC00000ZtazZYAR","Billing_Partner__c":"001WC00000ZtazZYAR","SalesTransactionTypeId":"1ChWC0000002eJ70AI","OpportunityId":"006WC00000QuJ4DYAV","LegalEntityId":"0fwWC000000034LYAQ","Partner_Pricing_Model__c":"Discount","Language__c":"English","ShippingCountry":"United States","BillingPostalCode":"55344","ShippingCity":"Eden Prairie","Ship_To_Place__c":"a0lWC000004nA5ZYAU","BillToContactId":"003WC00000x4jCfYAI","CurrencyIsoCode":"USD","ShippingStreet":"11095 Viking Drive","ShippingCountryCode":"US","Payment_Portal__c":"Fortra (default)","BillingCountry":"United States","BillingStreet":"11095 Viking Drive","BillingStateCode":"MN","ShippingPostalCode":"55344","QuoteToCountryCode":"US","Deal_Type__c":"Fortra Originated","ShippingState":"Minnesota","Id":"0Q0WC0000037yTx0AI","BillingState":"Minnesota"}|0x5eafe35f
19:56:16.9 (117096453)|VARIABLE_SCOPE_BEGIN|[251]|fieldName|String|false|false
19:56:16.9 (117102089)|VARIABLE_ASSIGNMENT|[251]|fieldName|"CurrencyIsoCode"
19:56:16.9 (117110252)|HEAP_ALLOCATE|[252]|Bytes:5
19:56:16.9 (117114247)|STATEMENT_EXECUTE|[251]
19:56:16.9 (117126153)|SYSTEM_METHOD_ENTRY|[252]|SObject.get(String)
19:56:16.9 (117142607)|HEAP_ALLOCATE|[252]|Bytes:3
19:56:16.9 (117149034)|SYSTEM_METHOD_EXIT|[252]|SObject.get(String)
19:56:16.9 (117154460)|SYSTEM_METHOD_ENTRY|[252]|String.isNotBlank(String)
19:56:16.9 (117158831)|SYSTEM_METHOD_EXIT|[252]|String.isNotBlank(String)
19:56:16.9 (117161294)|STATEMENT_EXECUTE|[252]
19:56:16.9 (117162263)|STATEMENT_EXECUTE|[253]
19:56:16.9 (117167129)|METHOD_EXIT|[217]|01pWC000002WbCz|RenewalQuoteHeaderHandler.copyStringIfBlank(Quote, Quote, String)
19:56:16.9 (117169633)|STATEMENT_EXECUTE|[218]
19:56:16.9 (117171905)|HEAP_ALLOCATE|[218]|Bytes:13
19:56:16.9 (117177024)|METHOD_ENTRY|[218]|01pWC000002WbCz|RenewalQuoteHeaderHandler.copyStringIfBlank(Quote, Quote, String)
19:56:16.9 (117184810)|VARIABLE_SCOPE_BEGIN|[251]|target|Quote|true|false
19:56:16.9 (117842057)|VARIABLE_ASSIGNMENT|[251]|target|{"LastModifiedDate":"2026-06-14T02:54:10.000Z","Quote_Type__c":"Renewal","Bill_To_Place__c":"a0lWC000004nA5ZYAU","Export_Compliance_Status__c":"Pending","Net_Terms_Approval__c":false,"Exchange_Rate_To_USD__c":1.0000000000,"Export_Review_Required__c":false,"Within_Renewal_Window__c":false,"IsPrimary__c":false,"Credit_Renewal_Approval__c":false,"Days_Until_Renewal__c":362,"Renewal_Contract__c":"800WC00000SB0FtYAL","QuoteAccountId":"001WC00000kZKNxYAO","Pro_Ration_Method__c":"Monthly","Renewal_ARR_Approval__c":false,"Status":"Draft","Show_Hide_Discounts__c":"Show","IsDeleted":false,"Subtotal":67.38,"Force_New_Contract__c":false,"Net_Contract_Change__c":0.00,"Signed_Quote_Approval__c":false,"Terms_and_Conditions__c":false,"Payment_Portal__c":"Fortra (default)","Original_Contract_ARR__c":0.00,"BillingStateCode":"MN","GrandTotal":67.38,"ShippingPostalCode":"55344","ShippingState":"Minnesota","Mycap__c":false,"Deal_Type__c":"Fortra Originated","Id":"0Q0WC00000382MH0AY","Subscription_Pricing_Discount_Approval__c":false,"Net_Terms__c":"Net_30","Discount":0.00,"Services_Discount_Approval__c":false,"Total_Contract_Value_TCV__c":67.38,"LineItemCount":2,"OwnerId":"005WC00000DZ6xVYAT","OpportunityId":"006WC00000QuJ4DYAV","LegalEntityId":"0fwWC000000034LYAQ","Language__c":"English","ShippingCity":"Eden Prairie","GSW__c":false,"Manually_Sent__c":false,"CalculationStatus":"Saving","Corporate_Currency_Amount__c":67.38,"Annual_Contract_Value_ACV__c":67.38,"Max_Discount_on_QLIs__c":0.00,"Quote_Displaced_ARR__c":0.00,"OriginalActionType":"Renew","Ship_To_Place__c":"a0lWC000004nA5ZYAU","Show_Hide_Product_Number__c":"Show","SystemModstamp":"2026-06-14T02:54:10.000Z","Create_Order_from_Quote__c":false,"BillingCountry":"United States","Manual_Discount__c":0.00,"QuoteToCountryCode":"US","TotalPrice":67.38,"AdditionalCountryCode":"US","Legal_Support_Approval__c":false,"AccountId":"001WC00000kZKNxYAO","ShippingStateCode":"MN","BillingCity":"Eden Prairie","QuoteToCountry":"United States","Total_Discount_Amount__c":0.00,"MYCAP_Approval__c":false,"Name":"Renewal Quote","License_Extension_Approval__c":false,"StartDate":"2026-06-11T00:00:00.000Z","CreatedById":"005WC00000DZ6xVYAT","Auto_Renewal__c":false,"Channel_MSP_Pricing_Discount_Approval__c":false,"BillingPostalCode":"55344","Annualized_License_Equivalent_Base__c":67.38,"Show_Hide_Free_Products__c":"Show","Maintenance_Max_Discount__c":0.00,"Total_Displaced_ARR__c":0.00,"CurrencyIsoCode":"USD","LegacyRenewalQuote__c":false,"Credit_Renewal_ARR__c":false,"ShippingStreet":"11095 Viking Drive","Annuial_Revenue_Base__c":67.38,"AdditionalCountry":"United States","Total_Quote_Line_ARR__c":0.00,"CreatedDate":"2026-06-11T21:14:56.000Z","Pricebook2Id":"01sWC0000022GHFYA2","IsSyncing":false,"Renewal_Cancellation_Approval__c":false,"BillingState":"Minnesota","TransactionType":"Fortra_Advanced_Pric (3 more) ...","Discount_Renewal_ARR__c":false,"Contains_Offensive_Security__c":false,"BillingCountryCode":"US","Temp_License_Key_Extension__c":false,"Disable_Export_Control__c":false,"ContactId":"003WC00000x4jCfYAI","PartnerAccountId":"001WC00000ZtazZYAR","Export_License_Required__c":false,"Billing_Partner__c":"001WC00000ZtazZYAR","SalesTransactionTypeId":"1ChWC0000002eJ70AI","Maintenance_Discount_Approval__c":false,"Partner_Pricing_Model__c":"Discount","ShippingCountry":"United States","LineGroupCount":0,"Approval_Status__c":"None","Unsigned_Quote_Approval__c":false,"ContractId":"800WC00000SB0FtYAL","BillToContactId":"003WC00000x4jCfYAI","QuoteTypeText__c":"Renewal","Approval_Rejected_Checkbox__c":false,"ShippingCountryCode":"US","QuoteNumber":"00781084","CanCreateQuoteLineItems":false,"ALE__c":67.38,"BillingStreet":"11095 Viking Drive","Request_Legal_Support__c":false,"Perpetual_Pricing_Discount_Approval__c":false,"LastModifiedById":"005WC00000MgTN2YAN","Displaced_ARR_Approval__c":false}|0x1d181be1
19:56:16.9 (117867094)|VARIABLE_SCOPE_BEGIN|[251]|source|Quote|true|false
19:56:16.9 (118008075)|VARIABLE_ASSIGNMENT|[251]|source|{"Net_Terms__c":"Net_30","ShippingStateCode":"MN","BillingCity":"Eden Prairie","Bill_To_Place__c":"a0lWC000004nA5ZYAU","BillingCountryCode":"US","QuoteToCountry":"United States","ContactId":"003WC00000x4jCfYAI","PartnerAccountId":"001WC00000ZtazZYAR","Billing_Partner__c":"001WC00000ZtazZYAR","SalesTransactionTypeId":"1ChWC0000002eJ70AI","OpportunityId":"006WC00000QuJ4DYAV","LegalEntityId":"0fwWC000000034LYAQ","Partner_Pricing_Model__c":"Discount","Language__c":"English","ShippingCountry":"United States","BillingPostalCode":"55344","ShippingCity":"Eden Prairie","Ship_To_Place__c":"a0lWC000004nA5ZYAU","BillToContactId":"003WC00000x4jCfYAI","CurrencyIsoCode":"USD","ShippingStreet":"11095 Viking Drive","ShippingCountryCode":"US","Payment_Portal__c":"Fortra (default)","BillingCountry":"United States","BillingStreet":"11095 Viking Drive","BillingStateCode":"MN","ShippingPostalCode":"55344","QuoteToCountryCode":"US","Deal_Type__c":"Fortra Originated","ShippingState":"Minnesota","Id":"0Q0WC0000037yTx0AI","BillingState":"Minnesota"}|0x5eafe35f
19:56:16.9 (118017672)|VARIABLE_SCOPE_BEGIN|[251]|fieldName|String|false|false
19:56:16.9 (118023202)|VARIABLE_ASSIGNMENT|[251]|fieldName|"BillingStreet"
19:56:16.9 (118031573)|HEAP_ALLOCATE|[252]|Bytes:5
19:56:16.9 (118036453)|STATEMENT_EXECUTE|[251]
19:56:16.9 (118050026)|SYSTEM_METHOD_ENTRY|[252]|SObject.get(String)
19:56:16.9 (118068370)|HEAP_ALLOCATE|[252]|Bytes:18
19:56:16.9 (118075428)|SYSTEM_METHOD_EXIT|[252]|SObject.get(String)
19:56:16.9 (118081126)|SYSTEM_METHOD_ENTRY|[252]|String.isNotBlank(String)
19:56:16.9 (118085612)|SYSTEM_METHOD_EXIT|[252]|String.isNotBlank(String)
19:56:16.9 (118088231)|STATEMENT_EXECUTE|[252]
19:56:16.9 (118089366)|STATEMENT_EXECUTE|[253]
19:56:16.9 (118094801)|METHOD_EXIT|[218]|01pWC000002WbCz|RenewalQuoteHeaderHandler.copyStringIfBlank(Quote, Quote, String)
19:56:16.9 (118097441)|STATEMENT_EXECUTE|[219]
19:56:16.9 (118099501)|HEAP_ALLOCATE|[219]|Bytes:11
19:56:16.9 (118104799)|METHOD_ENTRY|[219]|01pWC000002WbCz|RenewalQuoteHeaderHandler.copyStringIfBlank(Quote, Quote, String)
19:56:16.9 (118113767)|VARIABLE_SCOPE_BEGIN|[251]|target|Quote|true|false
19:56:16.9 (118826607)|VARIABLE_ASSIGNMENT|[251]|target|{"LastModifiedDate":"2026-06-14T02:54:10.000Z","Quote_Type__c":"Renewal","Bill_To_Place__c":"a0lWC000004nA5ZYAU","Export_Compliance_Status__c":"Pending","Net_Terms_Approval__c":false,"Exchange_Rate_To_USD__c":1.0000000000,"Export_Review_Required__c":false,"Within_Renewal_Window__c":false,"IsPrimary__c":false,"Credit_Renewal_Approval__c":false,"Days_Until_Renewal__c":362,"Renewal_Contract__c":"800WC00000SB0FtYAL","QuoteAccountId":"001WC00000kZKNxYAO","Pro_Ration_Method__c":"Monthly","Renewal_ARR_Approval__c":false,"Status":"Draft","Show_Hide_Discounts__c":"Show","IsDeleted":false,"Subtotal":67.38,"Force_New_Contract__c":false,"Net_Contract_Change__c":0.00,"Signed_Quote_Approval__c":false,"Terms_and_Conditions__c":false,"Payment_Portal__c":"Fortra (default)","Original_Contract_ARR__c":0.00,"BillingStateCode":"MN","GrandTotal":67.38,"ShippingPostalCode":"55344","ShippingState":"Minnesota","Mycap__c":false,"Deal_Type__c":"Fortra Originated","Id":"0Q0WC00000382MH0AY","Subscription_Pricing_Discount_Approval__c":false,"Net_Terms__c":"Net_30","Discount":0.00,"Services_Discount_Approval__c":false,"Total_Contract_Value_TCV__c":67.38,"LineItemCount":2,"OwnerId":"005WC00000DZ6xVYAT","OpportunityId":"006WC00000QuJ4DYAV","LegalEntityId":"0fwWC000000034LYAQ","Language__c":"English","ShippingCity":"Eden Prairie","GSW__c":false,"Manually_Sent__c":false,"CalculationStatus":"Saving","Corporate_Currency_Amount__c":67.38,"Annual_Contract_Value_ACV__c":67.38,"Max_Discount_on_QLIs__c":0.00,"Quote_Displaced_ARR__c":0.00,"OriginalActionType":"Renew","Ship_To_Place__c":"a0lWC000004nA5ZYAU","Show_Hide_Product_Number__c":"Show","SystemModstamp":"2026-06-14T02:54:10.000Z","Create_Order_from_Quote__c":false,"BillingCountry":"United States","Manual_Discount__c":0.00,"QuoteToCountryCode":"US","TotalPrice":67.38,"AdditionalCountryCode":"US","Legal_Support_Approval__c":false,"AccountId":"001WC00000kZKNxYAO","ShippingStateCode":"MN","BillingCity":"Eden Prairie","QuoteToCountry":"United States","Total_Discount_Amount__c":0.00,"MYCAP_Approval__c":false,"Name":"Renewal Quote","License_Extension_Approval__c":false,"StartDate":"2026-06-11T00:00:00.000Z","CreatedById":"005WC00000DZ6xVYAT","Auto_Renewal__c":false,"Channel_MSP_Pricing_Discount_Approval__c":false,"BillingPostalCode":"55344","Annualized_License_Equivalent_Base__c":67.38,"Show_Hide_Free_Products__c":"Show","Maintenance_Max_Discount__c":0.00,"Total_Displaced_ARR__c":0.00,"CurrencyIsoCode":"USD","LegacyRenewalQuote__c":false,"Credit_Renewal_ARR__c":false,"ShippingStreet":"11095 Viking Drive","Annuial_Revenue_Base__c":67.38,"AdditionalCountry":"United States","Total_Quote_Line_ARR__c":0.00,"CreatedDate":"2026-06-11T21:14:56.000Z","Pricebook2Id":"01sWC0000022GHFYA2","IsSyncing":false,"Renewal_Cancellation_Approval__c":false,"BillingState":"Minnesota","TransactionType":"Fortra_Advanced_Pric (3 more) ...","Discount_Renewal_ARR__c":false,"Contains_Offensive_Security__c":false,"BillingCountryCode":"US","Temp_License_Key_Extension__c":false,"Disable_Export_Control__c":false,"ContactId":"003WC00000x4jCfYAI","PartnerAccountId":"001WC00000ZtazZYAR","Export_License_Required__c":false,"Billing_Partner__c":"001WC00000ZtazZYAR","SalesTransactionTypeId":"1ChWC0000002eJ70AI","Maintenance_Discount_Approval__c":false,"Partner_Pricing_Model__c":"Discount","ShippingCountry":"United States","LineGroupCount":0,"Approval_Status__c":"None","Unsigned_Quote_Approval__c":false,"ContractId":"800WC00000SB0FtYAL","BillToContactId":"003WC00000x4jCfYAI","QuoteTypeText__c":"Renewal","Approval_Rejected_Checkbox__c":false,"ShippingCountryCode":"US","QuoteNumber":"00781084","CanCreateQuoteLineItems":false,"ALE__c":67.38,"BillingStreet":"11095 Viking Drive","Request_Legal_Support__c":false,"Perpetual_Pricing_Discount_Approval__c":false,"LastModifiedById":"005WC00000MgTN2YAN","Displaced_ARR_Approval__c":false}|0x1d181be1
19:56:16.9 (118852117)|VARIABLE_SCOPE_BEGIN|[251]|source|Quote|true|false
19:56:16.9 (118969238)|VARIABLE_ASSIGNMENT|[251]|source|{"Net_Terms__c":"Net_30","ShippingStateCode":"MN","BillingCity":"Eden Prairie","Bill_To_Place__c":"a0lWC000004nA5ZYAU","BillingCountryCode":"US","QuoteToCountry":"United States","ContactId":"003WC00000x4jCfYAI","PartnerAccountId":"001WC00000ZtazZYAR","Billing_Partner__c":"001WC00000ZtazZYAR","SalesTransactionTypeId":"1ChWC0000002eJ70AI","OpportunityId":"006WC00000QuJ4DYAV","LegalEntityId":"0fwWC000000034LYAQ","Partner_Pricing_Model__c":"Discount","Language__c":"English","ShippingCountry":"United States","BillingPostalCode":"55344","ShippingCity":"Eden Prairie","Ship_To_Place__c":"a0lWC000004nA5ZYAU","BillToContactId":"003WC00000x4jCfYAI","CurrencyIsoCode":"USD","ShippingStreet":"11095 Viking Drive","ShippingCountryCode":"US","Payment_Portal__c":"Fortra (default)","BillingCountry":"United States","BillingStreet":"11095 Viking Drive","BillingStateCode":"MN","ShippingPostalCode":"55344","QuoteToCountryCode":"US","Deal_Type__c":"Fortra Originated","ShippingState":"Minnesota","Id":"0Q0WC0000037yTx0AI","BillingState":"Minnesota"}|0x5eafe35f
19:56:16.9 (118977174)|VARIABLE_SCOPE_BEGIN|[251]|fieldName|String|false|false
19:56:16.9 (118982735)|VARIABLE_ASSIGNMENT|[251]|fieldName|"BillingCity"
19:56:16.9 (118990598)|HEAP_ALLOCATE|[252]|Bytes:5
19:56:16.9 (118994150)|STATEMENT_EXECUTE|[251]
19:56:16.9 (119005581)|SYSTEM_METHOD_ENTRY|[252]|SObject.get(String)
19:56:16.9 (119020472)|HEAP_ALLOCATE|[252]|Bytes:12
19:56:16.9 (119026458)|SYSTEM_METHOD_EXIT|[252]|SObject.get(String)
19:56:16.9 (119031663)|SYSTEM_METHOD_ENTRY|[252]|String.isNotBlank(String)
19:56:16.9 (119035817)|SYSTEM_METHOD_EXIT|[252]|String.isNotBlank(String)
19:56:16.9 (119044648)|STATEMENT_EXECUTE|[252]
19:56:16.9 (119045751)|STATEMENT_EXECUTE|[253]
19:56:16.9 (119050992)|METHOD_EXIT|[219]|01pWC000002WbCz|RenewalQuoteHeaderHandler.copyStringIfBlank(Quote, Quote, String)
19:56:16.9 (119053618)|STATEMENT_EXECUTE|[220]
19:56:16.9 (119055742)|HEAP_ALLOCATE|[220]|Bytes:12
19:56:16.9 (119060445)|METHOD_ENTRY|[220]|01pWC000002WbCz|RenewalQuoteHeaderHandler.copyStringIfBlank(Quote, Quote, String)
19:56:16.9 (119068203)|VARIABLE_SCOPE_BEGIN|[251]|target|Quote|true|false
19:56:16.9 (119918055)|VARIABLE_ASSIGNMENT|[251]|target|{"LastModifiedDate":"2026-06-14T02:54:10.000Z","Quote_Type__c":"Renewal","Bill_To_Place__c":"a0lWC000004nA5ZYAU","Export_Compliance_Status__c":"Pending","Net_Terms_Approval__c":false,"Exchange_Rate_To_USD__c":1.0000000000,"Export_Review_Required__c":false,"Within_Renewal_Window__c":false,"IsPrimary__c":false,"Credit_Renewal_Approval__c":false,"Days_Until_Renewal__c":362,"Renewal_Contract__c":"800WC00000SB0FtYAL","QuoteAccountId":"001WC00000kZKNxYAO","Pro_Ration_Method__c":"Monthly","Renewal_ARR_Approval__c":false,"Status":"Draft","Show_Hide_Discounts__c":"Show","IsDeleted":false,"Subtotal":67.38,"Force_New_Contract__c":false,"Net_Contract_Change__c":0.00,"Signed_Quote_Approval__c":false,"Terms_and_Conditions__c":false,"Payment_Portal__c":"Fortra (default)","Original_Contract_ARR__c":0.00,"BillingStateCode":"MN","GrandTotal":67.38,"ShippingPostalCode":"55344","ShippingState":"Minnesota","Mycap__c":false,"Deal_Type__c":"Fortra Originated","Id":"0Q0WC00000382MH0AY","Subscription_Pricing_Discount_Approval__c":false,"Net_Terms__c":"Net_30","Discount":0.00,"Services_Discount_Approval__c":false,"Total_Contract_Value_TCV__c":67.38,"LineItemCount":2,"OwnerId":"005WC00000DZ6xVYAT","OpportunityId":"006WC00000QuJ4DYAV","LegalEntityId":"0fwWC000000034LYAQ","Language__c":"English","ShippingCity":"Eden Prairie","GSW__c":false,"Manually_Sent__c":false,"CalculationStatus":"Saving","Corporate_Currency_Amount__c":67.38,"Annual_Contract_Value_ACV__c":67.38,"Max_Discount_on_QLIs__c":0.00,"Quote_Displaced_ARR__c":0.00,"OriginalActionType":"Renew","Ship_To_Place__c":"a0lWC000004nA5ZYAU","Show_Hide_Product_Number__c":"Show","SystemModstamp":"2026-06-14T02:54:10.000Z","Create_Order_from_Quote__c":false,"BillingCountry":"United States","Manual_Discount__c":0.00,"QuoteToCountryCode":"US","TotalPrice":67.38,"AdditionalCountryCode":"US","Legal_Support_Approval__c":false,"AccountId":"001WC00000kZKNxYAO","ShippingStateCode":"MN","BillingCity":"Eden Prairie","QuoteToCountry":"United States","Total_Discount_Amount__c":0.00,"MYCAP_Approval__c":false,"Name":"Renewal Quote","License_Extension_Approval__c":false,"StartDate":"2026-06-11T00:00:00.000Z","CreatedById":"005WC00000DZ6xVYAT","Auto_Renewal__c":false,"Channel_MSP_Pricing_Discount_Approval__c":false,"BillingPostalCode":"55344","Annualized_License_Equivalent_Base__c":67.38,"Show_Hide_Free_Products__c":"Show","Maintenance_Max_Discount__c":0.00,"Total_Displaced_ARR__c":0.00,"CurrencyIsoCode":"USD","LegacyRenewalQuote__c":false,"Credit_Renewal_ARR__c":false,"ShippingStreet":"11095 Viking Drive","Annuial_Revenue_Base__c":67.38,"AdditionalCountry":"United States","Total_Quote_Line_ARR__c":0.00,"CreatedDate":"2026-06-11T21:14:56.000Z","Pricebook2Id":"01sWC0000022GHFYA2","IsSyncing":false,"Renewal_Cancellation_Approval__c":false,"BillingState":"Minnesota","TransactionType":"Fortra_Advanced_Pric (3 more) ...","Discount_Renewal_ARR__c":false,"Contains_Offensive_Security__c":false,"BillingCountryCode":"US","Temp_License_Key_Extension__c":false,"Disable_Export_Control__c":false,"ContactId":"003WC00000x4jCfYAI","PartnerAccountId":"001WC00000ZtazZYAR","Export_License_Required__c":false,"Billing_Partner__c":"001WC00000ZtazZYAR","SalesTransactionTypeId":"1ChWC0000002eJ70AI","Maintenance_Discount_Approval__c":false,"Partner_Pricing_Model__c":"Discount","ShippingCountry":"United States","LineGroupCount":0,"Approval_Status__c":"None","Unsigned_Quote_Approval__c":false,"ContractId":"800WC00000SB0FtYAL","BillToContactId":"003WC00000x4jCfYAI","QuoteTypeText__c":"Renewal","Approval_Rejected_Checkbox__c":false,"ShippingCountryCode":"US","QuoteNumber":"00781084","CanCreateQuoteLineItems":false,"ALE__c":67.38,"BillingStreet":"11095 Viking Drive","Request_Legal_Support__c":false,"Perpetual_Pricing_Discount_Approval__c":false,"LastModifiedById":"005WC00000MgTN2YAN","Displaced_ARR_Approval__c":false}|0x1d181be1
19:56:16.9 (119944517)|VARIABLE_SCOPE_BEGIN|[251]|source|Quote|true|false
19:56:16.9 (120061982)|VARIABLE_ASSIGNMENT|[251]|source|{"Net_Terms__c":"Net_30","ShippingStateCode":"MN","BillingCity":"Eden Prairie","Bill_To_Place__c":"a0lWC000004nA5ZYAU","BillingCountryCode":"US","QuoteToCountry":"United States","ContactId":"003WC00000x4jCfYAI","PartnerAccountId":"001WC00000ZtazZYAR","Billing_Partner__c":"001WC00000ZtazZYAR","SalesTransactionTypeId":"1ChWC0000002eJ70AI","OpportunityId":"006WC00000QuJ4DYAV","LegalEntityId":"0fwWC000000034LYAQ","Partner_Pricing_Model__c":"Discount","Language__c":"English","ShippingCountry":"United States","BillingPostalCode":"55344","ShippingCity":"Eden Prairie","Ship_To_Place__c":"a0lWC000004nA5ZYAU","BillToContactId":"003WC00000x4jCfYAI","CurrencyIsoCode":"USD","ShippingStreet":"11095 Viking Drive","ShippingCountryCode":"US","Payment_Portal__c":"Fortra (default)","BillingCountry":"United States","BillingStreet":"11095 Viking Drive","BillingStateCode":"MN","ShippingPostalCode":"55344","QuoteToCountryCode":"US","Deal_Type__c":"Fortra Originated","ShippingState":"Minnesota","Id":"0Q0WC0000037yTx0AI","BillingState":"Minnesota"}|0x5eafe35f
19:56:16.9 (120070237)|VARIABLE_SCOPE_BEGIN|[251]|fieldName|String|false|false
19:56:16.9 (120076399)|VARIABLE_ASSIGNMENT|[251]|fieldName|"BillingState"
19:56:16.9 (120085231)|HEAP_ALLOCATE|[252]|Bytes:5
19:56:16.9 (120089425)|STATEMENT_EXECUTE|[251]
19:56:16.9 (120101531)|SYSTEM_METHOD_ENTRY|[252]|SObject.get(String)
19:56:16.9 (120118006)|HEAP_ALLOCATE|[252]|Bytes:9
19:56:16.9 (120124186)|SYSTEM_METHOD_EXIT|[252]|SObject.get(String)
19:56:16.9 (120129657)|SYSTEM_METHOD_ENTRY|[252]|String.isNotBlank(String)
19:56:16.9 (120133938)|SYSTEM_METHOD_EXIT|[252]|String.isNotBlank(String)
19:56:16.9 (120136526)|STATEMENT_EXECUTE|[252]
19:56:16.9 (120137696)|STATEMENT_EXECUTE|[253]
19:56:16.9 (120143225)|METHOD_EXIT|[220]|01pWC000002WbCz|RenewalQuoteHeaderHandler.copyStringIfBlank(Quote, Quote, String)
19:56:16.9 (120145518)|STATEMENT_EXECUTE|[221]
19:56:16.9 (120147577)|HEAP_ALLOCATE|[221]|Bytes:17
19:56:16.9 (120153018)|METHOD_ENTRY|[221]|01pWC000002WbCz|RenewalQuoteHeaderHandler.copyStringIfBlank(Quote, Quote, String)
19:56:16.9 (120161188)|VARIABLE_SCOPE_BEGIN|[251]|target|Quote|true|false
19:56:16.9 (120829347)|VARIABLE_ASSIGNMENT|[251]|target|{"LastModifiedDate":"2026-06-14T02:54:10.000Z","Quote_Type__c":"Renewal","Bill_To_Place__c":"a0lWC000004nA5ZYAU","Export_Compliance_Status__c":"Pending","Net_Terms_Approval__c":false,"Exchange_Rate_To_USD__c":1.0000000000,"Export_Review_Required__c":false,"Within_Renewal_Window__c":false,"IsPrimary__c":false,"Credit_Renewal_Approval__c":false,"Days_Until_Renewal__c":362,"Renewal_Contract__c":"800WC00000SB0FtYAL","QuoteAccountId":"001WC00000kZKNxYAO","Pro_Ration_Method__c":"Monthly","Renewal_ARR_Approval__c":false,"Status":"Draft","Show_Hide_Discounts__c":"Show","IsDeleted":false,"Subtotal":67.38,"Force_New_Contract__c":false,"Net_Contract_Change__c":0.00,"Signed_Quote_Approval__c":false,"Terms_and_Conditions__c":false,"Payment_Portal__c":"Fortra (default)","Original_Contract_ARR__c":0.00,"BillingStateCode":"MN","GrandTotal":67.38,"ShippingPostalCode":"55344","ShippingState":"Minnesota","Mycap__c":false,"Deal_Type__c":"Fortra Originated","Id":"0Q0WC00000382MH0AY","Subscription_Pricing_Discount_Approval__c":false,"Net_Terms__c":"Net_30","Discount":0.00,"Services_Discount_Approval__c":false,"Total_Contract_Value_TCV__c":67.38,"LineItemCount":2,"OwnerId":"005WC00000DZ6xVYAT","OpportunityId":"006WC00000QuJ4DYAV","LegalEntityId":"0fwWC000000034LYAQ","Language__c":"English","ShippingCity":"Eden Prairie","GSW__c":false,"Manually_Sent__c":false,"CalculationStatus":"Saving","Corporate_Currency_Amount__c":67.38,"Annual_Contract_Value_ACV__c":67.38,"Max_Discount_on_QLIs__c":0.00,"Quote_Displaced_ARR__c":0.00,"OriginalActionType":"Renew","Ship_To_Place__c":"a0lWC000004nA5ZYAU","Show_Hide_Product_Number__c":"Show","SystemModstamp":"2026-06-14T02:54:10.000Z","Create_Order_from_Quote__c":false,"BillingCountry":"United States","Manual_Discount__c":0.00,"QuoteToCountryCode":"US","TotalPrice":67.38,"AdditionalCountryCode":"US","Legal_Support_Approval__c":false,"AccountId":"001WC00000kZKNxYAO","ShippingStateCode":"MN","BillingCity":"Eden Prairie","QuoteToCountry":"United States","Total_Discount_Amount__c":0.00,"MYCAP_Approval__c":false,"Name":"Renewal Quote","License_Extension_Approval__c":false,"StartDate":"2026-06-11T00:00:00.000Z","CreatedById":"005WC00000DZ6xVYAT","Auto_Renewal__c":false,"Channel_MSP_Pricing_Discount_Approval__c":false,"BillingPostalCode":"55344","Annualized_License_Equivalent_Base__c":67.38,"Show_Hide_Free_Products__c":"Show","Maintenance_Max_Discount__c":0.00,"Total_Displaced_ARR__c":0.00,"CurrencyIsoCode":"USD","LegacyRenewalQuote__c":false,"Credit_Renewal_ARR__c":false,"ShippingStreet":"11095 Viking Drive","Annuial_Revenue_Base__c":67.38,"AdditionalCountry":"United States","Total_Quote_Line_ARR__c":0.00,"CreatedDate":"2026-06-11T21:14:56.000Z","Pricebook2Id":"01sWC0000022GHFYA2","IsSyncing":false,"Renewal_Cancellation_Approval__c":false,"BillingState":"Minnesota","TransactionType":"Fortra_Advanced_Pric (3 more) ...","Discount_Renewal_ARR__c":false,"Contains_Offensive_Security__c":false,"BillingCountryCode":"US","Temp_License_Key_Extension__c":false,"Disable_Export_Control__c":false,"ContactId":"003WC00000x4jCfYAI","PartnerAccountId":"001WC00000ZtazZYAR","Export_License_Required__c":false,"Billing_Partner__c":"001WC00000ZtazZYAR","SalesTransactionTypeId":"1ChWC0000002eJ70AI","Maintenance_Discount_Approval__c":false,"Partner_Pricing_Model__c":"Discount","ShippingCountry":"United States","LineGroupCount":0,"Approval_Status__c":"None","Unsigned_Quote_Approval__c":false,"ContractId":"800WC00000SB0FtYAL","BillToContactId":"003WC00000x4jCfYAI","QuoteTypeText__c":"Renewal","Approval_Rejected_Checkbox__c":false,"ShippingCountryCode":"US","QuoteNumber":"00781084","CanCreateQuoteLineItems":false,"ALE__c":67.38,"BillingStreet":"11095 Viking Drive","Request_Legal_Support__c":false,"Perpetual_Pricing_Discount_Approval__c":false,"LastModifiedById":"005WC00000MgTN2YAN","Displaced_ARR_Approval__c":false}|0x1d181be1
19:56:16.9 (120854234)|VARIABLE_SCOPE_BEGIN|[251]|source|Quote|true|false
19:56:16.9 (120987075)|VARIABLE_ASSIGNMENT|[251]|source|{"Net_Terms__c":"Net_30","ShippingStateCode":"MN","BillingCity":"Eden Prairie","Bill_To_Place__c":"a0lWC000004nA5ZYAU","BillingCountryCode":"US","QuoteToCountry":"United States","ContactId":"003WC00000x4jCfYAI","PartnerAccountId":"001WC00000ZtazZYAR","Billing_Partner__c":"001WC00000ZtazZYAR","SalesTransactionTypeId":"1ChWC0000002eJ70AI","OpportunityId":"006WC00000QuJ4DYAV","LegalEntityId":"0fwWC000000034LYAQ","Partner_Pricing_Model__c":"Discount","Language__c":"English","ShippingCountry":"United States","BillingPostalCode":"55344","ShippingCity":"Eden Prairie","Ship_To_Place__c":"a0lWC000004nA5ZYAU","BillToContactId":"003WC00000x4jCfYAI","CurrencyIsoCode":"USD","ShippingStreet":"11095 Viking Drive","ShippingCountryCode":"US","Payment_Portal__c":"Fortra (default)","BillingCountry":"United States","BillingStreet":"11095 Viking Drive","BillingStateCode":"MN","ShippingPostalCode":"55344","QuoteToCountryCode":"US","Deal_Type__c":"Fortra Originated","ShippingState":"Minnesota","Id":"0Q0WC0000037yTx0AI","BillingState":"Minnesota"}|0x5eafe35f
19:56:16.9 (120995660)|VARIABLE_SCOPE_BEGIN|[251]|fieldName|String|false|false
19:56:16.9 (121001894)|VARIABLE_ASSIGNMENT|[251]|fieldName|"BillingPostalCode"
19:56:16.9 (121011086)|HEAP_ALLOCATE|[252]|Bytes:5
19:56:16.9 (121015018)|STATEMENT_EXECUTE|[251]
19:56:16.9 (121027674)|SYSTEM_METHOD_ENTRY|[252]|SObject.get(String)
19:56:16.9 (121044485)|HEAP_ALLOCATE|[252]|Bytes:5
19:56:16.9 (121051481)|SYSTEM_METHOD_EXIT|[252]|SObject.get(String)
19:56:16.9 (121057075)|SYSTEM_METHOD_ENTRY|[252]|String.isNotBlank(String)
19:56:16.9 (121061575)|SYSTEM_METHOD_EXIT|[252]|String.isNotBlank(String)
19:56:16.9 (121064199)|STATEMENT_EXECUTE|[252]
19:56:16.9 (121065198)|STATEMENT_EXECUTE|[253]
19:56:16.9 (121070405)|METHOD_EXIT|[221]|01pWC000002WbCz|RenewalQuoteHeaderHandler.copyStringIfBlank(Quote, Quote, String)
19:56:16.9 (121072995)|STATEMENT_EXECUTE|[222]
19:56:16.9 (121075247)|HEAP_ALLOCATE|[222]|Bytes:14
19:56:16.9 (121080529)|METHOD_ENTRY|[222]|01pWC000002WbCz|RenewalQuoteHeaderHandler.copyStringIfBlank(Quote, Quote, String)
19:56:16.9 (121088561)|VARIABLE_SCOPE_BEGIN|[251]|target|Quote|true|false
19:56:16.9 (121799259)|VARIABLE_ASSIGNMENT|[251]|target|{"LastModifiedDate":"2026-06-14T02:54:10.000Z","Quote_Type__c":"Renewal","Bill_To_Place__c":"a0lWC000004nA5ZYAU","Export_Compliance_Status__c":"Pending","Net_Terms_Approval__c":false,"Exchange_Rate_To_USD__c":1.0000000000,"Export_Review_Required__c":false,"Within_Renewal_Window__c":false,"IsPrimary__c":false,"Credit_Renewal_Approval__c":false,"Days_Until_Renewal__c":362,"Renewal_Contract__c":"800WC00000SB0FtYAL","QuoteAccountId":"001WC00000kZKNxYAO","Pro_Ration_Method__c":"Monthly","Renewal_ARR_Approval__c":false,"Status":"Draft","Show_Hide_Discounts__c":"Show","IsDeleted":false,"Subtotal":67.38,"Force_New_Contract__c":false,"Net_Contract_Change__c":0.00,"Signed_Quote_Approval__c":false,"Terms_and_Conditions__c":false,"Payment_Portal__c":"Fortra (default)","Original_Contract_ARR__c":0.00,"BillingStateCode":"MN","GrandTotal":67.38,"ShippingPostalCode":"55344","ShippingState":"Minnesota","Mycap__c":false,"Deal_Type__c":"Fortra Originated","Id":"0Q0WC00000382MH0AY","Subscription_Pricing_Discount_Approval__c":false,"Net_Terms__c":"Net_30","Discount":0.00,"Services_Discount_Approval__c":false,"Total_Contract_Value_TCV__c":67.38,"LineItemCount":2,"OwnerId":"005WC00000DZ6xVYAT","OpportunityId":"006WC00000QuJ4DYAV","LegalEntityId":"0fwWC000000034LYAQ","Language__c":"English","ShippingCity":"Eden Prairie","GSW__c":false,"Manually_Sent__c":false,"CalculationStatus":"Saving","Corporate_Currency_Amount__c":67.38,"Annual_Contract_Value_ACV__c":67.38,"Max_Discount_on_QLIs__c":0.00,"Quote_Displaced_ARR__c":0.00,"OriginalActionType":"Renew","Ship_To_Place__c":"a0lWC000004nA5ZYAU","Show_Hide_Product_Number__c":"Show","SystemModstamp":"2026-06-14T02:54:10.000Z","Create_Order_from_Quote__c":false,"BillingCountry":"United States","Manual_Discount__c":0.00,"QuoteToCountryCode":"US","TotalPrice":67.38,"AdditionalCountryCode":"US","Legal_Support_Approval__c":false,"AccountId":"001WC00000kZKNxYAO","ShippingStateCode":"MN","BillingCity":"Eden Prairie","QuoteToCountry":"United States","Total_Discount_Amount__c":0.00,"MYCAP_Approval__c":false,"Name":"Renewal Quote","License_Extension_Approval__c":false,"StartDate":"2026-06-11T00:00:00.000Z","CreatedById":"005WC00000DZ6xVYAT","Auto_Renewal__c":false,"Channel_MSP_Pricing_Discount_Approval__c":false,"BillingPostalCode":"55344","Annualized_License_Equivalent_Base__c":67.38,"Show_Hide_Free_Products__c":"Show","Maintenance_Max_Discount__c":0.00,"Total_Displaced_ARR__c":0.00,"CurrencyIsoCode":"USD","LegacyRenewalQuote__c":false,"Credit_Renewal_ARR__c":false,"ShippingStreet":"11095 Viking Drive","Annuial_Revenue_Base__c":67.38,"AdditionalCountry":"United States","Total_Quote_Line_ARR__c":0.00,"CreatedDate":"2026-06-11T21:14:56.000Z","Pricebook2Id":"01sWC0000022GHFYA2","IsSyncing":false,"Renewal_Cancellation_Approval__c":false,"BillingState":"Minnesota","TransactionType":"Fortra_Advanced_Pric (3 more) ...","Discount_Renewal_ARR__c":false,"Contains_Offensive_Security__c":false,"BillingCountryCode":"US","Temp_License_Key_Extension__c":false,"Disable_Export_Control__c":false,"ContactId":"003WC00000x4jCfYAI","PartnerAccountId":"001WC00000ZtazZYAR","Export_License_Required__c":false,"Billing_Partner__c":"001WC00000ZtazZYAR","SalesTransactionTypeId":"1ChWC0000002eJ70AI","Maintenance_Discount_Approval__c":false,"Partner_Pricing_Model__c":"Discount","ShippingCountry":"United States","LineGroupCount":0,"Approval_Status__c":"None","Unsigned_Quote_Approval__c":false,"ContractId":"800WC00000SB0FtYAL","BillToContactId":"003WC00000x4jCfYAI","QuoteTypeText__c":"Renewal","Approval_Rejected_Checkbox__c":false,"ShippingCountryCode":"US","QuoteNumber":"00781084","CanCreateQuoteLineItems":false,"ALE__c":67.38,"BillingStreet":"11095 Viking Drive","Request_Legal_Support__c":false,"Perpetual_Pricing_Discount_Approval__c":false,"LastModifiedById":"005WC00000MgTN2YAN","Displaced_ARR_Approval__c":false}|0x1d181be1
19:56:16.9 (121824778)|VARIABLE_SCOPE_BEGIN|[251]|source|Quote|true|false
19:56:16.9 (121939364)|VARIABLE_ASSIGNMENT|[251]|source|{"Net_Terms__c":"Net_30","ShippingStateCode":"MN","BillingCity":"Eden Prairie","Bill_To_Place__c":"a0lWC000004nA5ZYAU","BillingCountryCode":"US","QuoteToCountry":"United States","ContactId":"003WC00000x4jCfYAI","PartnerAccountId":"001WC00000ZtazZYAR","Billing_Partner__c":"001WC00000ZtazZYAR","SalesTransactionTypeId":"1ChWC0000002eJ70AI","OpportunityId":"006WC00000QuJ4DYAV","LegalEntityId":"0fwWC000000034LYAQ","Partner_Pricing_Model__c":"Discount","Language__c":"English","ShippingCountry":"United States","BillingPostalCode":"55344","ShippingCity":"Eden Prairie","Ship_To_Place__c":"a0lWC000004nA5ZYAU","BillToContactId":"003WC00000x4jCfYAI","CurrencyIsoCode":"USD","ShippingStreet":"11095 Viking Drive","ShippingCountryCode":"US","Payment_Portal__c":"Fortra (default)","BillingCountry":"United States","BillingStreet":"11095 Viking Drive","BillingStateCode":"MN","ShippingPostalCode":"55344","QuoteToCountryCode":"US","Deal_Type__c":"Fortra Originated","ShippingState":"Minnesota","Id":"0Q0WC0000037yTx0AI","BillingState":"Minnesota"}|0x5eafe35f
19:56:16.9 (121947733)|VARIABLE_SCOPE_BEGIN|[251]|fieldName|String|false|false
19:56:16.9 (121953487)|VARIABLE_ASSIGNMENT|[251]|fieldName|"BillingCountry"
19:56:16.9 (121963377)|HEAP_ALLOCATE|[252]|Bytes:5
19:56:16.9 (121967883)|STATEMENT_EXECUTE|[251]
19:56:16.9 (121978754)|SYSTEM_METHOD_ENTRY|[252]|SObject.get(String)
19:56:16.9 (121993855)|HEAP_ALLOCATE|[252]|Bytes:13
19:56:16.9 (121999835)|SYSTEM_METHOD_EXIT|[252]|SObject.get(String)
19:56:16.9 (122005398)|SYSTEM_METHOD_ENTRY|[252]|String.isNotBlank(String)
19:56:16.9 (122010125)|SYSTEM_METHOD_EXIT|[252]|String.isNotBlank(String)
19:56:16.9 (122012562)|STATEMENT_EXECUTE|[252]
19:56:16.9 (122013572)|STATEMENT_EXECUTE|[253]
19:56:16.9 (122018518)|METHOD_EXIT|[222]|01pWC000002WbCz|RenewalQuoteHeaderHandler.copyStringIfBlank(Quote, Quote, String)
19:56:16.9 (122021593)|STATEMENT_EXECUTE|[223]
19:56:16.9 (122023973)|HEAP_ALLOCATE|[223]|Bytes:16
19:56:16.9 (122028778)|METHOD_ENTRY|[223]|01pWC000002WbCz|RenewalQuoteHeaderHandler.copyStringIfBlank(Quote, Quote, String)
19:56:16.9 (122036537)|VARIABLE_SCOPE_BEGIN|[251]|target|Quote|true|false
19:56:16.9 (122709372)|VARIABLE_ASSIGNMENT|[251]|target|{"LastModifiedDate":"2026-06-14T02:54:10.000Z","Quote_Type__c":"Renewal","Bill_To_Place__c":"a0lWC000004nA5ZYAU","Export_Compliance_Status__c":"Pending","Net_Terms_Approval__c":false,"Exchange_Rate_To_USD__c":1.0000000000,"Export_Review_Required__c":false,"Within_Renewal_Window__c":false,"IsPrimary__c":false,"Credit_Renewal_Approval__c":false,"Days_Until_Renewal__c":362,"Renewal_Contract__c":"800WC00000SB0FtYAL","QuoteAccountId":"001WC00000kZKNxYAO","Pro_Ration_Method__c":"Monthly","Renewal_ARR_Approval__c":false,"Status":"Draft","Show_Hide_Discounts__c":"Show","IsDeleted":false,"Subtotal":67.38,"Force_New_Contract__c":false,"Net_Contract_Change__c":0.00,"Signed_Quote_Approval__c":false,"Terms_and_Conditions__c":false,"Payment_Portal__c":"Fortra (default)","Original_Contract_ARR__c":0.00,"BillingStateCode":"MN","GrandTotal":67.38,"ShippingPostalCode":"55344","ShippingState":"Minnesota","Mycap__c":false,"Deal_Type__c":"Fortra Originated","Id":"0Q0WC00000382MH0AY","Subscription_Pricing_Discount_Approval__c":false,"Net_Terms__c":"Net_30","Discount":0.00,"Services_Discount_Approval__c":false,"Total_Contract_Value_TCV__c":67.38,"LineItemCount":2,"OwnerId":"005WC00000DZ6xVYAT","OpportunityId":"006WC00000QuJ4DYAV","LegalEntityId":"0fwWC000000034LYAQ","Language__c":"English","ShippingCity":"Eden Prairie","GSW__c":false,"Manually_Sent__c":false,"CalculationStatus":"Saving","Corporate_Currency_Amount__c":67.38,"Annual_Contract_Value_ACV__c":67.38,"Max_Discount_on_QLIs__c":0.00,"Quote_Displaced_ARR__c":0.00,"OriginalActionType":"Renew","Ship_To_Place__c":"a0lWC000004nA5ZYAU","Show_Hide_Product_Number__c":"Show","SystemModstamp":"2026-06-14T02:54:10.000Z","Create_Order_from_Quote__c":false,"BillingCountry":"United States","Manual_Discount__c":0.00,"QuoteToCountryCode":"US","TotalPrice":67.38,"AdditionalCountryCode":"US","Legal_Support_Approval__c":false,"AccountId":"001WC00000kZKNxYAO","ShippingStateCode":"MN","BillingCity":"Eden Prairie","QuoteToCountry":"United States","Total_Discount_Amount__c":0.00,"MYCAP_Approval__c":false,"Name":"Renewal Quote","License_Extension_Approval__c":false,"StartDate":"2026-06-11T00:00:00.000Z","CreatedById":"005WC00000DZ6xVYAT","Auto_Renewal__c":false,"Channel_MSP_Pricing_Discount_Approval__c":false,"BillingPostalCode":"55344","Annualized_License_Equivalent_Base__c":67.38,"Show_Hide_Free_Products__c":"Show","Maintenance_Max_Discount__c":0.00,"Total_Displaced_ARR__c":0.00,"CurrencyIsoCode":"USD","LegacyRenewalQuote__c":false,"Credit_Renewal_ARR__c":false,"ShippingStreet":"11095 Viking Drive","Annuial_Revenue_Base__c":67.38,"AdditionalCountry":"United States","Total_Quote_Line_ARR__c":0.00,"CreatedDate":"2026-06-11T21:14:56.000Z","Pricebook2Id":"01sWC0000022GHFYA2","IsSyncing":false,"Renewal_Cancellation_Approval__c":false,"BillingState":"Minnesota","TransactionType":"Fortra_Advanced_Pric (3 more) ...","Discount_Renewal_ARR__c":false,"Contains_Offensive_Security__c":false,"BillingCountryCode":"US","Temp_License_Key_Extension__c":false,"Disable_Export_Control__c":false,"ContactId":"003WC00000x4jCfYAI","PartnerAccountId":"001WC00000ZtazZYAR","Export_License_Required__c":false,"Billing_Partner__c":"001WC00000ZtazZYAR","SalesTransactionTypeId":"1ChWC0000002eJ70AI","Maintenance_Discount_Approval__c":false,"Partner_Pricing_Model__c":"Discount","ShippingCountry":"United States","LineGroupCount":0,"Approval_Status__c":"None","Unsigned_Quote_Approval__c":false,"ContractId":"800WC00000SB0FtYAL","BillToContactId":"003WC00000x4jCfYAI","QuoteTypeText__c":"Renewal","Approval_Rejected_Checkbox__c":false,"ShippingCountryCode":"US","QuoteNumber":"00781084","CanCreateQuoteLineItems":false,"ALE__c":67.38,"BillingStreet":"11095 Viking Drive","Request_Legal_Support__c":false,"Perpetual_Pricing_Discount_Approval__c":false,"LastModifiedById":"005WC00000MgTN2YAN","Displaced_ARR_Approval__c":false}|0x1d181be1
19:56:16.9 (122779432)|VARIABLE_SCOPE_BEGIN|[251]|source|Quote|true|false
19:56:16.9 (122896586)|VARIABLE_ASSIGNMENT|[251]|source|{"Net_Terms__c":"Net_30","ShippingStateCode":"MN","BillingCity":"Eden Prairie","Bill_To_Place__c":"a0lWC000004nA5ZYAU","BillingCountryCode":"US","QuoteToCountry":"United States","ContactId":"003WC00000x4jCfYAI","PartnerAccountId":"001WC00000ZtazZYAR","Billing_Partner__c":"001WC00000ZtazZYAR","SalesTransactionTypeId":"1ChWC0000002eJ70AI","OpportunityId":"006WC00000QuJ4DYAV","LegalEntityId":"0fwWC000000034LYAQ","Partner_Pricing_Model__c":"Discount","Language__c":"English","ShippingCountry":"United States","BillingPostalCode":"55344","ShippingCity":"Eden Prairie","Ship_To_Place__c":"a0lWC000004nA5ZYAU","BillToContactId":"003WC00000x4jCfYAI","CurrencyIsoCode":"USD","ShippingStreet":"11095 Viking Drive","ShippingCountryCode":"US","Payment_Portal__c":"Fortra (default)","BillingCountry":"United States","BillingStreet":"11095 Viking Drive","BillingStateCode":"MN","ShippingPostalCode":"55344","QuoteToCountryCode":"US","Deal_Type__c":"Fortra Originated","ShippingState":"Minnesota","Id":"0Q0WC0000037yTx0AI","BillingState":"Minnesota"}|0x5eafe35f
19:56:16.9 (122904573)|VARIABLE_SCOPE_BEGIN|[251]|fieldName|String|false|false
19:56:16.9 (122909822)|VARIABLE_ASSIGNMENT|[251]|fieldName|"BillingStateCode"
19:56:16.9 (122918131)|HEAP_ALLOCATE|[252]|Bytes:5
19:56:16.9 (122922010)|STATEMENT_EXECUTE|[251]
19:56:16.9 (122933388)|SYSTEM_METHOD_ENTRY|[252]|SObject.get(String)
19:56:16.9 (122949344)|HEAP_ALLOCATE|[252]|Bytes:2
19:56:16.9 (122955589)|SYSTEM_METHOD_EXIT|[252]|SObject.get(String)
19:56:16.9 (122960861)|SYSTEM_METHOD_ENTRY|[252]|String.isNotBlank(String)
19:56:16.9 (122964892)|SYSTEM_METHOD_EXIT|[252]|String.isNotBlank(String)
19:56:16.9 (122967386)|STATEMENT_EXECUTE|[252]
19:56:16.9 (122968425)|STATEMENT_EXECUTE|[253]
19:56:16.9 (122973690)|METHOD_EXIT|[223]|01pWC000002WbCz|RenewalQuoteHeaderHandler.copyStringIfBlank(Quote, Quote, String)
19:56:16.9 (122981541)|STATEMENT_EXECUTE|[224]
19:56:16.9 (122984406)|HEAP_ALLOCATE|[224]|Bytes:18
19:56:16.9 (122989607)|METHOD_ENTRY|[224]|01pWC000002WbCz|RenewalQuoteHeaderHandler.copyStringIfBlank(Quote, Quote, String)
19:56:16.9 (122997122)|VARIABLE_SCOPE_BEGIN|[251]|target|Quote|true|false
19:56:16.9 (123757850)|VARIABLE_ASSIGNMENT|[251]|target|{"LastModifiedDate":"2026-06-14T02:54:10.000Z","Quote_Type__c":"Renewal","Bill_To_Place__c":"a0lWC000004nA5ZYAU","Export_Compliance_Status__c":"Pending","Net_Terms_Approval__c":false,"Exchange_Rate_To_USD__c":1.0000000000,"Export_Review_Required__c":false,"Within_Renewal_Window__c":false,"IsPrimary__c":false,"Credit_Renewal_Approval__c":false,"Days_Until_Renewal__c":362,"Renewal_Contract__c":"800WC00000SB0FtYAL","QuoteAccountId":"001WC00000kZKNxYAO","Pro_Ration_Method__c":"Monthly","Renewal_ARR_Approval__c":false,"Status":"Draft","Show_Hide_Discounts__c":"Show","IsDeleted":false,"Subtotal":67.38,"Force_New_Contract__c":false,"Net_Contract_Change__c":0.00,"Signed_Quote_Approval__c":false,"Terms_and_Conditions__c":false,"Payment_Portal__c":"Fortra (default)","Original_Contract_ARR__c":0.00,"BillingStateCode":"MN","GrandTotal":67.38,"ShippingPostalCode":"55344","ShippingState":"Minnesota","Mycap__c":false,"Deal_Type__c":"Fortra Originated","Id":"0Q0WC00000382MH0AY","Subscription_Pricing_Discount_Approval__c":false,"Net_Terms__c":"Net_30","Discount":0.00,"Services_Discount_Approval__c":false,"Total_Contract_Value_TCV__c":67.38,"LineItemCount":2,"OwnerId":"005WC00000DZ6xVYAT","OpportunityId":"006WC00000QuJ4DYAV","LegalEntityId":"0fwWC000000034LYAQ","Language__c":"English","ShippingCity":"Eden Prairie","GSW__c":false,"Manually_Sent__c":false,"CalculationStatus":"Saving","Corporate_Currency_Amount__c":67.38,"Annual_Contract_Value_ACV__c":67.38,"Max_Discount_on_QLIs__c":0.00,"Quote_Displaced_ARR__c":0.00,"OriginalActionType":"Renew","Ship_To_Place__c":"a0lWC000004nA5ZYAU","Show_Hide_Product_Number__c":"Show","SystemModstamp":"2026-06-14T02:54:10.000Z","Create_Order_from_Quote__c":false,"BillingCountry":"United States","Manual_Discount__c":0.00,"QuoteToCountryCode":"US","TotalPrice":67.38,"AdditionalCountryCode":"US","Legal_Support_Approval__c":false,"AccountId":"001WC00000kZKNxYAO","ShippingStateCode":"MN","BillingCity":"Eden Prairie","QuoteToCountry":"United States","Total_Discount_Amount__c":0.00,"MYCAP_Approval__c":false,"Name":"Renewal Quote","License_Extension_Approval__c":false,"StartDate":"2026-06-11T00:00:00.000Z","CreatedById":"005WC00000DZ6xVYAT","Auto_Renewal__c":false,"Channel_MSP_Pricing_Discount_Approval__c":false,"BillingPostalCode":"55344","Annualized_License_Equivalent_Base__c":67.38,"Show_Hide_Free_Products__c":"Show","Maintenance_Max_Discount__c":0.00,"Total_Displaced_ARR__c":0.00,"CurrencyIsoCode":"USD","LegacyRenewalQuote__c":false,"Credit_Renewal_ARR__c":false,"ShippingStreet":"11095 Viking Drive","Annuial_Revenue_Base__c":67.38,"AdditionalCountry":"United States","Total_Quote_Line_ARR__c":0.00,"CreatedDate":"2026-06-11T21:14:56.000Z","Pricebook2Id":"01sWC0000022GHFYA2","IsSyncing":false,"Renewal_Cancellation_Approval__c":false,"BillingState":"Minnesota","TransactionType":"Fortra_Advanced_Pric (3 more) ...","Discount_Renewal_ARR__c":false,"Contains_Offensive_Security__c":false,"BillingCountryCode":"US","Temp_License_Key_Extension__c":false,"Disable_Export_Control__c":false,"ContactId":"003WC00000x4jCfYAI","PartnerAccountId":"001WC00000ZtazZYAR","Export_License_Required__c":false,"Billing_Partner__c":"001WC00000ZtazZYAR","SalesTransactionTypeId":"1ChWC0000002eJ70AI","Maintenance_Discount_Approval__c":false,"Partner_Pricing_Model__c":"Discount","ShippingCountry":"United States","LineGroupCount":0,"Approval_Status__c":"None","Unsigned_Quote_Approval__c":false,"ContractId":"800WC00000SB0FtYAL","BillToContactId":"003WC00000x4jCfYAI","QuoteTypeText__c":"Renewal","Approval_Rejected_Checkbox__c":false,"ShippingCountryCode":"US","QuoteNumber":"00781084","CanCreateQuoteLineItems":false,"ALE__c":67.38,"BillingStreet":"11095 Viking Drive","Request_Legal_Support__c":false,"Perpetual_Pricing_Discount_Approval__c":false,"LastModifiedById":"005WC00000MgTN2YAN","Displaced_ARR_Approval__c":false}|0x1d181be1
19:56:16.9 (123787033)|VARIABLE_SCOPE_BEGIN|[251]|source|Quote|true|false
19:56:16.9 (123907899)|VARIABLE_ASSIGNMENT|[251]|source|{"Net_Terms__c":"Net_30","ShippingStateCode":"MN","BillingCity":"Eden Prairie","Bill_To_Place__c":"a0lWC000004nA5ZYAU","BillingCountryCode":"US","QuoteToCountry":"United States","ContactId":"003WC00000x4jCfYAI","PartnerAccountId":"001WC00000ZtazZYAR","Billing_Partner__c":"001WC00000ZtazZYAR","SalesTransactionTypeId":"1ChWC0000002eJ70AI","OpportunityId":"006WC00000QuJ4DYAV","LegalEntityId":"0fwWC000000034LYAQ","Partner_Pricing_Model__c":"Discount","Language__c":"English","ShippingCountry":"United States","BillingPostalCode":"55344","ShippingCity":"Eden Prairie","Ship_To_Place__c":"a0lWC000004nA5ZYAU","BillToContactId":"003WC00000x4jCfYAI","CurrencyIsoCode":"USD","ShippingStreet":"11095 Viking Drive","ShippingCountryCode":"US","Payment_Portal__c":"Fortra (default)","BillingCountry":"United States","BillingStreet":"11095 Viking Drive","BillingStateCode":"MN","ShippingPostalCode":"55344","QuoteToCountryCode":"US","Deal_Type__c":"Fortra Originated","ShippingState":"Minnesota","Id":"0Q0WC0000037yTx0AI","BillingState":"Minnesota"}|0x5eafe35f
19:56:16.9 (123916216)|VARIABLE_SCOPE_BEGIN|[251]|fieldName|String|false|false
19:56:16.9 (123921777)|VARIABLE_ASSIGNMENT|[251]|fieldName|"BillingCountryCode"
19:56:16.9 (123931443)|HEAP_ALLOCATE|[252]|Bytes:5
19:56:16.9 (123935750)|STATEMENT_EXECUTE|[251]
19:56:16.9 (123950995)|SYSTEM_METHOD_ENTRY|[252]|SObject.get(String)
19:56:16.9 (123968520)|HEAP_ALLOCATE|[252]|Bytes:2
19:56:16.9 (123975324)|SYSTEM_METHOD_EXIT|[252]|SObject.get(String)
19:56:16.9 (123981097)|SYSTEM_METHOD_ENTRY|[252]|String.isNotBlank(String)
19:56:16.9 (123985492)|SYSTEM_METHOD_EXIT|[252]|String.isNotBlank(String)
19:56:16.9 (123988107)|STATEMENT_EXECUTE|[252]
19:56:16.9 (123989216)|STATEMENT_EXECUTE|[253]
19:56:16.9 (123995213)|METHOD_EXIT|[224]|01pWC000002WbCz|RenewalQuoteHeaderHandler.copyStringIfBlank(Quote, Quote, String)
19:56:16.9 (123997948)|STATEMENT_EXECUTE|[225]
19:56:16.9 (124000284)|HEAP_ALLOCATE|[225]|Bytes:14
19:56:16.9 (124006007)|METHOD_ENTRY|[225]|01pWC000002WbCz|RenewalQuoteHeaderHandler.copyStringIfBlank(Quote, Quote, String)
19:56:16.9 (124014781)|VARIABLE_SCOPE_BEGIN|[251]|target|Quote|true|false
19:56:16.9 (124702458)|VARIABLE_ASSIGNMENT|[251]|target|{"LastModifiedDate":"2026-06-14T02:54:10.000Z","Quote_Type__c":"Renewal","Bill_To_Place__c":"a0lWC000004nA5ZYAU","Export_Compliance_Status__c":"Pending","Net_Terms_Approval__c":false,"Exchange_Rate_To_USD__c":1.0000000000,"Export_Review_Required__c":false,"Within_Renewal_Window__c":false,"IsPrimary__c":false,"Credit_Renewal_Approval__c":false,"Days_Until_Renewal__c":362,"Renewal_Contract__c":"800WC00000SB0FtYAL","QuoteAccountId":"001WC00000kZKNxYAO","Pro_Ration_Method__c":"Monthly","Renewal_ARR_Approval__c":false,"Status":"Draft","Show_Hide_Discounts__c":"Show","IsDeleted":false,"Subtotal":67.38,"Force_New_Contract__c":false,"Net_Contract_Change__c":0.00,"Signed_Quote_Approval__c":false,"Terms_and_Conditions__c":false,"Payment_Portal__c":"Fortra (default)","Original_Contract_ARR__c":0.00,"BillingStateCode":"MN","GrandTotal":67.38,"ShippingPostalCode":"55344","ShippingState":"Minnesota","Mycap__c":false,"Deal_Type__c":"Fortra Originated","Id":"0Q0WC00000382MH0AY","Subscription_Pricing_Discount_Approval__c":false,"Net_Terms__c":"Net_30","Discount":0.00,"Services_Discount_Approval__c":false,"Total_Contract_Value_TCV__c":67.38,"LineItemCount":2,"OwnerId":"005WC00000DZ6xVYAT","OpportunityId":"006WC00000QuJ4DYAV","LegalEntityId":"0fwWC000000034LYAQ","Language__c":"English","ShippingCity":"Eden Prairie","GSW__c":false,"Manually_Sent__c":false,"CalculationStatus":"Saving","Corporate_Currency_Amount__c":67.38,"Annual_Contract_Value_ACV__c":67.38,"Max_Discount_on_QLIs__c":0.00,"Quote_Displaced_ARR__c":0.00,"OriginalActionType":"Renew","Ship_To_Place__c":"a0lWC000004nA5ZYAU","Show_Hide_Product_Number__c":"Show","SystemModstamp":"2026-06-14T02:54:10.000Z","Create_Order_from_Quote__c":false,"BillingCountry":"United States","Manual_Discount__c":0.00,"QuoteToCountryCode":"US","TotalPrice":67.38,"AdditionalCountryCode":"US","Legal_Support_Approval__c":false,"AccountId":"001WC00000kZKNxYAO","ShippingStateCode":"MN","BillingCity":"Eden Prairie","QuoteToCountry":"United States","Total_Discount_Amount__c":0.00,"MYCAP_Approval__c":false,"Name":"Renewal Quote","License_Extension_Approval__c":false,"StartDate":"2026-06-11T00:00:00.000Z","CreatedById":"005WC00000DZ6xVYAT","Auto_Renewal__c":false,"Channel_MSP_Pricing_Discount_Approval__c":false,"BillingPostalCode":"55344","Annualized_License_Equivalent_Base__c":67.38,"Show_Hide_Free_Products__c":"Show","Maintenance_Max_Discount__c":0.00,"Total_Displaced_ARR__c":0.00,"CurrencyIsoCode":"USD","LegacyRenewalQuote__c":false,"Credit_Renewal_ARR__c":false,"ShippingStreet":"11095 Viking Drive","Annuial_Revenue_Base__c":67.38,"AdditionalCountry":"United States","Total_Quote_Line_ARR__c":0.00,"CreatedDate":"2026-06-11T21:14:56.000Z","Pricebook2Id":"01sWC0000022GHFYA2","IsSyncing":false,"Renewal_Cancellation_Approval__c":false,"BillingState":"Minnesota","TransactionType":"Fortra_Advanced_Pric (3 more) ...","Discount_Renewal_ARR__c":false,"Contains_Offensive_Security__c":false,"BillingCountryCode":"US","Temp_License_Key_Extension__c":false,"Disable_Export_Control__c":false,"ContactId":"003WC00000x4jCfYAI","PartnerAccountId":"001WC00000ZtazZYAR","Export_License_Required__c":false,"Billing_Partner__c":"001WC00000ZtazZYAR","SalesTransactionTypeId":"1ChWC0000002eJ70AI","Maintenance_Discount_Approval__c":false,"Partner_Pricing_Model__c":"Discount","ShippingCountry":"United States","LineGroupCount":0,"Approval_Status__c":"None","Unsigned_Quote_Approval__c":false,"ContractId":"800WC00000SB0FtYAL","BillToContactId":"003WC00000x4jCfYAI","QuoteTypeText__c":"Renewal","Approval_Rejected_Checkbox__c":false,"ShippingCountryCode":"US","QuoteNumber":"00781084","CanCreateQuoteLineItems":false,"ALE__c":67.38,"BillingStreet":"11095 Viking Drive","Request_Legal_Support__c":false,"Perpetual_Pricing_Discount_Approval__c":false,"LastModifiedById":"005WC00000MgTN2YAN","Displaced_ARR_Approval__c":false}|0x1d181be1
19:56:16.9 (124729046)|VARIABLE_SCOPE_BEGIN|[251]|source|Quote|true|false
19:56:16.9 (124844429)|VARIABLE_ASSIGNMENT|[251]|source|{"Net_Terms__c":"Net_30","ShippingStateCode":"MN","BillingCity":"Eden Prairie","Bill_To_Place__c":"a0lWC000004nA5ZYAU","BillingCountryCode":"US","QuoteToCountry":"United States","ContactId":"003WC00000x4jCfYAI","PartnerAccountId":"001WC00000ZtazZYAR","Billing_Partner__c":"001WC00000ZtazZYAR","SalesTransactionTypeId":"1ChWC0000002eJ70AI","OpportunityId":"006WC00000QuJ4DYAV","LegalEntityId":"0fwWC000000034LYAQ","Partner_Pricing_Model__c":"Discount","Language__c":"English","ShippingCountry":"United States","BillingPostalCode":"55344","ShippingCity":"Eden Prairie","Ship_To_Place__c":"a0lWC000004nA5ZYAU","BillToContactId":"003WC00000x4jCfYAI","CurrencyIsoCode":"USD","ShippingStreet":"11095 Viking Drive","ShippingCountryCode":"US","Payment_Portal__c":"Fortra (default)","BillingCountry":"United States","BillingStreet":"11095 Viking Drive","BillingStateCode":"MN","ShippingPostalCode":"55344","QuoteToCountryCode":"US","Deal_Type__c":"Fortra Originated","ShippingState":"Minnesota","Id":"0Q0WC0000037yTx0AI","BillingState":"Minnesota"}|0x5eafe35f
19:56:16.9 (124852405)|VARIABLE_SCOPE_BEGIN|[251]|fieldName|String|false|false
19:56:16.9 (124858644)|VARIABLE_ASSIGNMENT|[251]|fieldName|"ShippingStreet"
19:56:16.9 (124868137)|HEAP_ALLOCATE|[252]|Bytes:5
19:56:16.9 (124883573)|STATEMENT_EXECUTE|[251]
19:56:16.9 (124899076)|SYSTEM_METHOD_ENTRY|[252]|SObject.get(String)
19:56:16.9 (124918096)|HEAP_ALLOCATE|[252]|Bytes:18
19:56:16.9 (124924547)|SYSTEM_METHOD_EXIT|[252]|SObject.get(String)
19:56:16.9 (124930095)|SYSTEM_METHOD_ENTRY|[252]|String.isNotBlank(String)
19:56:16.9 (124934332)|SYSTEM_METHOD_EXIT|[252]|String.isNotBlank(String)
19:56:16.9 (124936866)|STATEMENT_EXECUTE|[252]
19:56:16.9 (124937873)|STATEMENT_EXECUTE|[253]
19:56:16.9 (124943784)|METHOD_EXIT|[225]|01pWC000002WbCz|RenewalQuoteHeaderHandler.copyStringIfBlank(Quote, Quote, String)
19:56:16.9 (124946601)|STATEMENT_EXECUTE|[226]
19:56:16.9 (124948692)|HEAP_ALLOCATE|[226]|Bytes:12
19:56:16.9 (124954064)|METHOD_ENTRY|[226]|01pWC000002WbCz|RenewalQuoteHeaderHandler.copyStringIfBlank(Quote, Quote, String)
19:56:16.9 (124962641)|VARIABLE_SCOPE_BEGIN|[251]|target|Quote|true|false
19:56:16.9 (125642084)|VARIABLE_ASSIGNMENT|[251]|target|{"LastModifiedDate":"2026-06-14T02:54:10.000Z","Quote_Type__c":"Renewal","Bill_To_Place__c":"a0lWC000004nA5ZYAU","Export_Compliance_Status__c":"Pending","Net_Terms_Approval__c":false,"Exchange_Rate_To_USD__c":1.0000000000,"Export_Review_Required__c":false,"Within_Renewal_Window__c":false,"IsPrimary__c":false,"Credit_Renewal_Approval__c":false,"Days_Until_Renewal__c":362,"Renewal_Contract__c":"800WC00000SB0FtYAL","QuoteAccountId":"001WC00000kZKNxYAO","Pro_Ration_Method__c":"Monthly","Renewal_ARR_Approval__c":false,"Status":"Draft","Show_Hide_Discounts__c":"Show","IsDeleted":false,"Subtotal":67.38,"Force_New_Contract__c":false,"Net_Contract_Change__c":0.00,"Signed_Quote_Approval__c":false,"Terms_and_Conditions__c":false,"Payment_Portal__c":"Fortra (default)","Original_Contract_ARR__c":0.00,"BillingStateCode":"MN","GrandTotal":67.38,"ShippingPostalCode":"55344","ShippingState":"Minnesota","Mycap__c":false,"Deal_Type__c":"Fortra Originated","Id":"0Q0WC00000382MH0AY","Subscription_Pricing_Discount_Approval__c":false,"Net_Terms__c":"Net_30","Discount":0.00,"Services_Discount_Approval__c":false,"Total_Contract_Value_TCV__c":67.38,"LineItemCount":2,"OwnerId":"005WC00000DZ6xVYAT","OpportunityId":"006WC00000QuJ4DYAV","LegalEntityId":"0fwWC000000034LYAQ","Language__c":"English","ShippingCity":"Eden Prairie","GSW__c":false,"Manually_Sent__c":false,"CalculationStatus":"Saving","Corporate_Currency_Amount__c":67.38,"Annual_Contract_Value_ACV__c":67.38,"Max_Discount_on_QLIs__c":0.00,"Quote_Displaced_ARR__c":0.00,"OriginalActionType":"Renew","Ship_To_Place__c":"a0lWC000004nA5ZYAU","Show_Hide_Product_Number__c":"Show","SystemModstamp":"2026-06-14T02:54:10.000Z","Create_Order_from_Quote__c":false,"BillingCountry":"United States","Manual_Discount__c":0.00,"QuoteToCountryCode":"US","TotalPrice":67.38,"AdditionalCountryCode":"US","Legal_Support_Approval__c":false,"AccountId":"001WC00000kZKNxYAO","ShippingStateCode":"MN","BillingCity":"Eden Prairie","QuoteToCountry":"United States","Total_Discount_Amount__c":0.00,"MYCAP_Approval__c":false,"Name":"Renewal Quote","License_Extension_Approval__c":false,"StartDate":"2026-06-11T00:00:00.000Z","CreatedById":"005WC00000DZ6xVYAT","Auto_Renewal__c":false,"Channel_MSP_Pricing_Discount_Approval__c":false,"BillingPostalCode":"55344","Annualized_License_Equivalent_Base__c":67.38,"Show_Hide_Free_Products__c":"Show","Maintenance_Max_Discount__c":0.00,"Total_Displaced_ARR__c":0.00,"CurrencyIsoCode":"USD","LegacyRenewalQuote__c":false,"Credit_Renewal_ARR__c":false,"ShippingStreet":"11095 Viking Drive","Annuial_Revenue_Base__c":67.38,"AdditionalCountry":"United States","Total_Quote_Line_ARR__c":0.00,"CreatedDate":"2026-06-11T21:14:56.000Z","Pricebook2Id":"01sWC0000022GHFYA2","IsSyncing":false,"Renewal_Cancellation_Approval__c":false,"BillingState":"Minnesota","TransactionType":"Fortra_Advanced_Pric (3 more) ...","Discount_Renewal_ARR__c":false,"Contains_Offensive_Security__c":false,"BillingCountryCode":"US","Temp_License_Key_Extension__c":false,"Disable_Export_Control__c":false,"ContactId":"003WC00000x4jCfYAI","PartnerAccountId":"001WC00000ZtazZYAR","Export_License_Required__c":false,"Billing_Partner__c":"001WC00000ZtazZYAR","SalesTransactionTypeId":"1ChWC0000002eJ70AI","Maintenance_Discount_Approval__c":false,"Partner_Pricing_Model__c":"Discount","ShippingCountry":"United States","LineGroupCount":0,"Approval_Status__c":"None","Unsigned_Quote_Approval__c":false,"ContractId":"800WC00000SB0FtYAL","BillToContactId":"003WC00000x4jCfYAI","QuoteTypeText__c":"Renewal","Approval_Rejected_Checkbox__c":false,"ShippingCountryCode":"US","QuoteNumber":"00781084","CanCreateQuoteLineItems":false,"ALE__c":67.38,"BillingStreet":"11095 Viking Drive","Request_Legal_Support__c":false,"Perpetual_Pricing_Discount_Approval__c":false,"LastModifiedById":"005WC00000MgTN2YAN","Displaced_ARR_Approval__c":false}|0x1d181be1
19:56:16.9 (125668134)|VARIABLE_SCOPE_BEGIN|[251]|source|Quote|true|false
19:56:16.9 (125782002)|VARIABLE_ASSIGNMENT|[251]|source|{"Net_Terms__c":"Net_30","ShippingStateCode":"MN","BillingCity":"Eden Prairie","Bill_To_Place__c":"a0lWC000004nA5ZYAU","BillingCountryCode":"US","QuoteToCountry":"United States","ContactId":"003WC00000x4jCfYAI","PartnerAccountId":"001WC00000ZtazZYAR","Billing_Partner__c":"001WC00000ZtazZYAR","SalesTransactionTypeId":"1ChWC0000002eJ70AI","OpportunityId":"006WC00000QuJ4DYAV","LegalEntityId":"0fwWC000000034LYAQ","Partner_Pricing_Model__c":"Discount","Language__c":"English","ShippingCountry":"United States","BillingPostalCode":"55344","ShippingCity":"Eden Prairie","Ship_To_Place__c":"a0lWC000004nA5ZYAU","BillToContactId":"003WC00000x4jCfYAI","CurrencyIsoCode":"USD","ShippingStreet":"11095 Viking Drive","ShippingCountryCode":"US","Payment_Portal__c":"Fortra (default)","BillingCountry":"United States","BillingStreet":"11095 Viking Drive","BillingStateCode":"MN","ShippingPostalCode":"55344","QuoteToCountryCode":"US","Deal_Type__c":"Fortra Originated","ShippingState":"Minnesota","Id":"0Q0WC0000037yTx0AI","BillingState":"Minnesota"}|0x5eafe35f
19:56:16.9 (125790519)|VARIABLE_SCOPE_BEGIN|[251]|fieldName|String|false|false
19:56:16.9 (125795797)|VARIABLE_ASSIGNMENT|[251]|fieldName|"ShippingCity"
19:56:16.9 (125804699)|HEAP_ALLOCATE|[252]|Bytes:5
19:56:16.9 (125808873)|STATEMENT_EXECUTE|[251]
19:56:16.9 (125819926)|SYSTEM_METHOD_ENTRY|[252]|SObject.get(String)
19:56:16.9 (125835326)|HEAP_ALLOCATE|[252]|Bytes:12
19:56:16.9 (125841568)|SYSTEM_METHOD_EXIT|[252]|SObject.get(String)
19:56:16.9 (125846969)|SYSTEM_METHOD_ENTRY|[252]|String.isNotBlank(String)
19:56:16.9 (125851753)|SYSTEM_METHOD_EXIT|[252]|String.isNotBlank(String)
19:56:16.9 (125854396)|STATEMENT_EXECUTE|[252]
19:56:16.9 (125855541)|STATEMENT_EXECUTE|[253]
19:56:16.9 (125861236)|METHOD_EXIT|[226]|01pWC000002WbCz|RenewalQuoteHeaderHandler.copyStringIfBlank(Quote, Quote, String)
19:56:16.9 (125863829)|STATEMENT_EXECUTE|[227]
19:56:16.9 (125866019)|HEAP_ALLOCATE|[227]|Bytes:13
19:56:16.9 (125871223)|METHOD_ENTRY|[227]|01pWC000002WbCz|RenewalQuoteHeaderHandler.copyStringIfBlank(Quote, Quote, String)
19:56:16.9 (125879274)|VARIABLE_SCOPE_BEGIN|[251]|target|Quote|true|false
19:56:16.9 (126531449)|VARIABLE_ASSIGNMENT|[251]|target|{"LastModifiedDate":"2026-06-14T02:54:10.000Z","Quote_Type__c":"Renewal","Bill_To_Place__c":"a0lWC000004nA5ZYAU","Export_Compliance_Status__c":"Pending","Net_Terms_Approval__c":false,"Exchange_Rate_To_USD__c":1.0000000000,"Export_Review_Required__c":false,"Within_Renewal_Window__c":false,"IsPrimary__c":false,"Credit_Renewal_Approval__c":false,"Days_Until_Renewal__c":362,"Renewal_Contract__c":"800WC00000SB0FtYAL","QuoteAccountId":"001WC00000kZKNxYAO","Pro_Ration_Method__c":"Monthly","Renewal_ARR_Approval__c":false,"Status":"Draft","Show_Hide_Discounts__c":"Show","IsDeleted":false,"Subtotal":67.38,"Force_New_Contract__c":false,"Net_Contract_Change__c":0.00,"Signed_Quote_Approval__c":false,"Terms_and_Conditions__c":false,"Payment_Portal__c":"Fortra (default)","Original_Contract_ARR__c":0.00,"BillingStateCode":"MN","GrandTotal":67.38,"ShippingPostalCode":"55344","ShippingState":"Minnesota","Mycap__c":false,"Deal_Type__c":"Fortra Originated","Id":"0Q0WC00000382MH0AY","Subscription_Pricing_Discount_Approval__c":false,"Net_Terms__c":"Net_30","Discount":0.00,"Services_Discount_Approval__c":false,"Total_Contract_Value_TCV__c":67.38,"LineItemCount":2,"OwnerId":"005WC00000DZ6xVYAT","OpportunityId":"006WC00000QuJ4DYAV","LegalEntityId":"0fwWC000000034LYAQ","Language__c":"English","ShippingCity":"Eden Prairie","GSW__c":false,"Manually_Sent__c":false,"CalculationStatus":"Saving","Corporate_Currency_Amount__c":67.38,"Annual_Contract_Value_ACV__c":67.38,"Max_Discount_on_QLIs__c":0.00,"Quote_Displaced_ARR__c":0.00,"OriginalActionType":"Renew","Ship_To_Place__c":"a0lWC000004nA5ZYAU","Show_Hide_Product_Number__c":"Show","SystemModstamp":"2026-06-14T02:54:10.000Z","Create_Order_from_Quote__c":false,"BillingCountry":"United States","Manual_Discount__c":0.00,"QuoteToCountryCode":"US","TotalPrice":67.38,"AdditionalCountryCode":"US","Legal_Support_Approval__c":false,"AccountId":"001WC00000kZKNxYAO","ShippingStateCode":"MN","BillingCity":"Eden Prairie","QuoteToCountry":"United States","Total_Discount_Amount__c":0.00,"MYCAP_Approval__c":false,"Name":"Renewal Quote","License_Extension_Approval__c":false,"StartDate":"2026-06-11T00:00:00.000Z","CreatedById":"005WC00000DZ6xVYAT","Auto_Renewal__c":false,"Channel_MSP_Pricing_Discount_Approval__c":false,"BillingPostalCode":"55344","Annualized_License_Equivalent_Base__c":67.38,"Show_Hide_Free_Products__c":"Show","Maintenance_Max_Discount__c":0.00,"Total_Displaced_ARR__c":0.00,"CurrencyIsoCode":"USD","LegacyRenewalQuote__c":false,"Credit_Renewal_ARR__c":false,"ShippingStreet":"11095 Viking Drive","Annuial_Revenue_Base__c":67.38,"AdditionalCountry":"United States","Total_Quote_Line_ARR__c":0.00,"CreatedDate":"2026-06-11T21:14:56.000Z","Pricebook2Id":"01sWC0000022GHFYA2","IsSyncing":false,"Renewal_Cancellation_Approval__c":false,"BillingState":"Minnesota","TransactionType":"Fortra_Advanced_Pric (3 more) ...","Discount_Renewal_ARR__c":false,"Contains_Offensive_Security__c":false,"BillingCountryCode":"US","Temp_License_Key_Extension__c":false,"Disable_Export_Control__c":false,"ContactId":"003WC00000x4jCfYAI","PartnerAccountId":"001WC00000ZtazZYAR","Export_License_Required__c":false,"Billing_Partner__c":"001WC00000ZtazZYAR","SalesTransactionTypeId":"1ChWC0000002eJ70AI","Maintenance_Discount_Approval__c":false,"Partner_Pricing_Model__c":"Discount","ShippingCountry":"United States","LineGroupCount":0,"Approval_Status__c":"None","Unsigned_Quote_Approval__c":false,"ContractId":"800WC00000SB0FtYAL","BillToContactId":"003WC00000x4jCfYAI","QuoteTypeText__c":"Renewal","Approval_Rejected_Checkbox__c":false,"ShippingCountryCode":"US","QuoteNumber":"00781084","CanCreateQuoteLineItems":false,"ALE__c":67.38,"BillingStreet":"11095 Viking Drive","Request_Legal_Support__c":false,"Perpetual_Pricing_Discount_Approval__c":false,"LastModifiedById":"005WC00000MgTN2YAN","Displaced_ARR_Approval__c":false}|0x1d181be1
19:56:16.9 (126556443)|VARIABLE_SCOPE_BEGIN|[251]|source|Quote|true|false
19:56:16.9 (126667878)|VARIABLE_ASSIGNMENT|[251]|source|{"Net_Terms__c":"Net_30","ShippingStateCode":"MN","BillingCity":"Eden Prairie","Bill_To_Place__c":"a0lWC000004nA5ZYAU","BillingCountryCode":"US","QuoteToCountry":"United States","ContactId":"003WC00000x4jCfYAI","PartnerAccountId":"001WC00000ZtazZYAR","Billing_Partner__c":"001WC00000ZtazZYAR","SalesTransactionTypeId":"1ChWC0000002eJ70AI","OpportunityId":"006WC00000QuJ4DYAV","LegalEntityId":"0fwWC000000034LYAQ","Partner_Pricing_Model__c":"Discount","Language__c":"English","ShippingCountry":"United States","BillingPostalCode":"55344","ShippingCity":"Eden Prairie","Ship_To_Place__c":"a0lWC000004nA5ZYAU","BillToContactId":"003WC00000x4jCfYAI","CurrencyIsoCode":"USD","ShippingStreet":"11095 Viking Drive","ShippingCountryCode":"US","Payment_Portal__c":"Fortra (default)","BillingCountry":"United States","BillingStreet":"11095 Viking Drive","BillingStateCode":"MN","ShippingPostalCode":"55344","QuoteToCountryCode":"US","Deal_Type__c":"Fortra Originated","ShippingState":"Minnesota","Id":"0Q0WC0000037yTx0AI","BillingState":"Minnesota"}|0x5eafe35f
19:56:16.9 (126676543)|VARIABLE_SCOPE_BEGIN|[251]|fieldName|String|false|false
19:56:16.9 (126681827)|VARIABLE_ASSIGNMENT|[251]|fieldName|"ShippingState"
19:56:16.9 (126690282)|HEAP_ALLOCATE|[252]|Bytes:5
19:56:16.9 (126693870)|STATEMENT_EXECUTE|[251]
19:56:16.9 (126704215)|SYSTEM_METHOD_ENTRY|[252]|SObject.get(String)
19:56:16.9 (126722400)|HEAP_ALLOCATE|[252]|Bytes:9
19:56:16.9 (126731718)|SYSTEM_METHOD_EXIT|[252]|SObject.get(String)
19:56:16.9 (126739580)|SYSTEM_METHOD_ENTRY|[252]|String.isNotBlank(String)
19:56:16.9 (126746582)|SYSTEM_METHOD_EXIT|[252]|String.isNotBlank(String)
19:56:16.9 (126750111)|STATEMENT_EXECUTE|[252]
19:56:16.9 (126751655)|STATEMENT_EXECUTE|[253]
19:56:16.9 (126759432)|METHOD_EXIT|[227]|01pWC000002WbCz|RenewalQuoteHeaderHandler.copyStringIfBlank(Quote, Quote, String)
19:56:16.9 (126762993)|STATEMENT_EXECUTE|[228]
19:56:16.9 (126765906)|HEAP_ALLOCATE|[228]|Bytes:18
19:56:16.9 (126773177)|METHOD_ENTRY|[228]|01pWC000002WbCz|RenewalQuoteHeaderHandler.copyStringIfBlank(Quote, Quote, String)
19:56:16.9 (126784725)|VARIABLE_SCOPE_BEGIN|[251]|target|Quote|true|false
19:56:16.9 (127760794)|VARIABLE_ASSIGNMENT|[251]|target|{"LastModifiedDate":"2026-06-14T02:54:10.000Z","Quote_Type__c":"Renewal","Bill_To_Place__c":"a0lWC000004nA5ZYAU","Export_Compliance_Status__c":"Pending","Net_Terms_Approval__c":false,"Exchange_Rate_To_USD__c":1.0000000000,"Export_Review_Required__c":false,"Within_Renewal_Window__c":false,"IsPrimary__c":false,"Credit_Renewal_Approval__c":false,"Days_Until_Renewal__c":362,"Renewal_Contract__c":"800WC00000SB0FtYAL","QuoteAccountId":"001WC00000kZKNxYAO","Pro_Ration_Method__c":"Monthly","Renewal_ARR_Approval__c":false,"Status":"Draft","Show_Hide_Discounts__c":"Show","IsDeleted":false,"Subtotal":67.38,"Force_New_Contract__c":false,"Net_Contract_Change__c":0.00,"Signed_Quote_Approval__c":false,"Terms_and_Conditions__c":false,"Payment_Portal__c":"Fortra (default)","Original_Contract_ARR__c":0.00,"BillingStateCode":"MN","GrandTotal":67.38,"ShippingPostalCode":"55344","ShippingState":"Minnesota","Mycap__c":false,"Deal_Type__c":"Fortra Originated","Id":"0Q0WC00000382MH0AY","Subscription_Pricing_Discount_Approval__c":false,"Net_Terms__c":"Net_30","Discount":0.00,"Services_Discount_Approval__c":false,"Total_Contract_Value_TCV__c":67.38,"LineItemCount":2,"OwnerId":"005WC00000DZ6xVYAT","OpportunityId":"006WC00000QuJ4DYAV","LegalEntityId":"0fwWC000000034LYAQ","Language__c":"English","ShippingCity":"Eden Prairie","GSW__c":false,"Manually_Sent__c":false,"CalculationStatus":"Saving","Corporate_Currency_Amount__c":67.38,"Annual_Contract_Value_ACV__c":67.38,"Max_Discount_on_QLIs__c":0.00,"Quote_Displaced_ARR__c":0.00,"OriginalActionType":"Renew","Ship_To_Place__c":"a0lWC000004nA5ZYAU","Show_Hide_Product_Number__c":"Show","SystemModstamp":"2026-06-14T02:54:10.000Z","Create_Order_from_Quote__c":false,"BillingCountry":"United States","Manual_Discount__c":0.00,"QuoteToCountryCode":"US","TotalPrice":67.38,"AdditionalCountryCode":"US","Legal_Support_Approval__c":false,"AccountId":"001WC00000kZKNxYAO","ShippingStateCode":"MN","BillingCity":"Eden Prairie","QuoteToCountry":"United States","Total_Discount_Amount__c":0.00,"MYCAP_Approval__c":false,"Name":"Renewal Quote","License_Extension_Approval__c":false,"StartDate":"2026-06-11T00:00:00.000Z","CreatedById":"005WC00000DZ6xVYAT","Auto_Renewal__c":false,"Channel_MSP_Pricing_Discount_Approval__c":false,"BillingPostalCode":"55344","Annualized_License_Equivalent_Base__c":67.38,"Show_Hide_Free_Products__c":"Show","Maintenance_Max_Discount__c":0.00,"Total_Displaced_ARR__c":0.00,"CurrencyIsoCode":"USD","LegacyRenewalQuote__c":false,"Credit_Renewal_ARR__c":false,"ShippingStreet":"11095 Viking Drive","Annuial_Revenue_Base__c":67.38,"AdditionalCountry":"United States","Total_Quote_Line_ARR__c":0.00,"CreatedDate":"2026-06-11T21:14:56.000Z","Pricebook2Id":"01sWC0000022GHFYA2","IsSyncing":false,"Renewal_Cancellation_Approval__c":false,"BillingState":"Minnesota","TransactionType":"Fortra_Advanced_Pric (3 more) ...","Discount_Renewal_ARR__c":false,"Contains_Offensive_Security__c":false,"BillingCountryCode":"US","Temp_License_Key_Extension__c":false,"Disable_Export_Control__c":false,"ContactId":"003WC00000x4jCfYAI","PartnerAccountId":"001WC00000ZtazZYAR","Export_License_Required__c":false,"Billing_Partner__c":"001WC00000ZtazZYAR","SalesTransactionTypeId":"1ChWC0000002eJ70AI","Maintenance_Discount_Approval__c":false,"Partner_Pricing_Model__c":"Discount","ShippingCountry":"United States","LineGroupCount":0,"Approval_Status__c":"None","Unsigned_Quote_Approval__c":false,"ContractId":"800WC00000SB0FtYAL","BillToContactId":"003WC00000x4jCfYAI","QuoteTypeText__c":"Renewal","Approval_Rejected_Checkbox__c":false,"ShippingCountryCode":"US","QuoteNumber":"00781084","CanCreateQuoteLineItems":false,"ALE__c":67.38,"BillingStreet":"11095 Viking Drive","Request_Legal_Support__c":false,"Perpetual_Pricing_Discount_Approval__c":false,"LastModifiedById":"005WC00000MgTN2YAN","Displaced_ARR_Approval__c":false}|0x1d181be1
19:56:16.9 (127794657)|VARIABLE_SCOPE_BEGIN|[251]|source|Quote|true|false
19:56:16.9 (127926713)|VARIABLE_ASSIGNMENT|[251]|source|{"Net_Terms__c":"Net_30","ShippingStateCode":"MN","BillingCity":"Eden Prairie","Bill_To_Place__c":"a0lWC000004nA5ZYAU","BillingCountryCode":"US","QuoteToCountry":"United States","ContactId":"003WC00000x4jCfYAI","PartnerAccountId":"001WC00000ZtazZYAR","Billing_Partner__c":"001WC00000ZtazZYAR","SalesTransactionTypeId":"1ChWC0000002eJ70AI","OpportunityId":"006WC00000QuJ4DYAV","LegalEntityId":"0fwWC000000034LYAQ","Partner_Pricing_Model__c":"Discount","Language__c":"English","ShippingCountry":"United States","BillingPostalCode":"55344","ShippingCity":"Eden Prairie","Ship_To_Place__c":"a0lWC000004nA5ZYAU","BillToContactId":"003WC00000x4jCfYAI","CurrencyIsoCode":"USD","ShippingStreet":"11095 Viking Drive","ShippingCountryCode":"US","Payment_Portal__c":"Fortra (default)","BillingCountry":"United States","BillingStreet":"11095 Viking Drive","BillingStateCode":"MN","ShippingPostalCode":"55344","QuoteToCountryCode":"US","Deal_Type__c":"Fortra Originated","ShippingState":"Minnesota","Id":"0Q0WC0000037yTx0AI","BillingState":"Minnesota"}|0x5eafe35f
19:56:16.9 (127935339)|VARIABLE_SCOPE_BEGIN|[251]|fieldName|String|false|false
19:56:16.9 (127941167)|VARIABLE_ASSIGNMENT|[251]|fieldName|"ShippingPostalCode"
19:56:16.9 (127953511)|HEAP_ALLOCATE|[252]|Bytes:5
19:56:16.9 (127958903)|STATEMENT_EXECUTE|[251]
19:56:16.9 (128019280)|SYSTEM_METHOD_ENTRY|[252]|SObject.get(String)
19:56:16.9 (128044886)|HEAP_ALLOCATE|[252]|Bytes:5
19:56:16.9 (128053684)|SYSTEM_METHOD_EXIT|[252]|SObject.get(String)
19:56:16.9 (128060533)|SYSTEM_METHOD_ENTRY|[252]|String.isNotBlank(String)
19:56:16.9 (128065252)|SYSTEM_METHOD_EXIT|[252]|String.isNotBlank(String)
19:56:16.9 (128067888)|STATEMENT_EXECUTE|[252]
19:56:16.9 (128068854)|STATEMENT_EXECUTE|[253]
19:56:16.9 (128075740)|METHOD_EXIT|[228]|01pWC000002WbCz|RenewalQuoteHeaderHandler.copyStringIfBlank(Quote, Quote, String)
19:56:16.9 (128078294)|STATEMENT_EXECUTE|[229]
19:56:16.9 (128080913)|HEAP_ALLOCATE|[229]|Bytes:15
19:56:16.9 (128089989)|METHOD_ENTRY|[229]|01pWC000002WbCz|RenewalQuoteHeaderHandler.copyStringIfBlank(Quote, Quote, String)
19:56:16.9 (128100702)|VARIABLE_SCOPE_BEGIN|[251]|target|Quote|true|false
19:56:16.9 (128852674)|VARIABLE_ASSIGNMENT|[251]|target|{"LastModifiedDate":"2026-06-14T02:54:10.000Z","Quote_Type__c":"Renewal","Bill_To_Place__c":"a0lWC000004nA5ZYAU","Export_Compliance_Status__c":"Pending","Net_Terms_Approval__c":false,"Exchange_Rate_To_USD__c":1.0000000000,"Export_Review_Required__c":false,"Within_Renewal_Window__c":false,"IsPrimary__c":false,"Credit_Renewal_Approval__c":false,"Days_Until_Renewal__c":362,"Renewal_Contract__c":"800WC00000SB0FtYAL","QuoteAccountId":"001WC00000kZKNxYAO","Pro_Ration_Method__c":"Monthly","Renewal_ARR_Approval__c":false,"Status":"Draft","Show_Hide_Discounts__c":"Show","IsDeleted":false,"Subtotal":67.38,"Force_New_Contract__c":false,"Net_Contract_Change__c":0.00,"Signed_Quote_Approval__c":false,"Terms_and_Conditions__c":false,"Payment_Portal__c":"Fortra (default)","Original_Contract_ARR__c":0.00,"BillingStateCode":"MN","GrandTotal":67.38,"ShippingPostalCode":"55344","ShippingState":"Minnesota","Mycap__c":false,"Deal_Type__c":"Fortra Originated","Id":"0Q0WC00000382MH0AY","Subscription_Pricing_Discount_Approval__c":false,"Net_Terms__c":"Net_30","Discount":0.00,"Services_Discount_Approval__c":false,"Total_Contract_Value_TCV__c":67.38,"LineItemCount":2,"OwnerId":"005WC00000DZ6xVYAT","OpportunityId":"006WC00000QuJ4DYAV","LegalEntityId":"0fwWC000000034LYAQ","Language__c":"English","ShippingCity":"Eden Prairie","GSW__c":false,"Manually_Sent__c":false,"CalculationStatus":"Saving","Corporate_Currency_Amount__c":67.38,"Annual_Contract_Value_ACV__c":67.38,"Max_Discount_on_QLIs__c":0.00,"Quote_Displaced_ARR__c":0.00,"OriginalActionType":"Renew","Ship_To_Place__c":"a0lWC000004nA5ZYAU","Show_Hide_Product_Number__c":"Show","SystemModstamp":"2026-06-14T02:54:10.000Z","Create_Order_from_Quote__c":false,"BillingCountry":"United States","Manual_Discount__c":0.00,"QuoteToCountryCode":"US","TotalPrice":67.38,"AdditionalCountryCode":"US","Legal_Support_Approval__c":false,"AccountId":"001WC00000kZKNxYAO","ShippingStateCode":"MN","BillingCity":"Eden Prairie","QuoteToCountry":"United States","Total_Discount_Amount__c":0.00,"MYCAP_Approval__c":false,"Name":"Renewal Quote","License_Extension_Approval__c":false,"StartDate":"2026-06-11T00:00:00.000Z","CreatedById":"005WC00000DZ6xVYAT","Auto_Renewal__c":false,"Channel_MSP_Pricing_Discount_Approval__c":false,"BillingPostalCode":"55344","Annualized_License_Equivalent_Base__c":67.38,"Show_Hide_Free_Products__c":"Show","Maintenance_Max_Discount__c":0.00,"Total_Displaced_ARR__c":0.00,"CurrencyIsoCode":"USD","LegacyRenewalQuote__c":false,"Credit_Renewal_ARR__c":false,"ShippingStreet":"11095 Viking Drive","Annuial_Revenue_Base__c":67.38,"AdditionalCountry":"United States","Total_Quote_Line_ARR__c":0.00,"CreatedDate":"2026-06-11T21:14:56.000Z","Pricebook2Id":"01sWC0000022GHFYA2","IsSyncing":false,"Renewal_Cancellation_Approval__c":false,"BillingState":"Minnesota","TransactionType":"Fortra_Advanced_Pric (3 more) ...","Discount_Renewal_ARR__c":false,"Contains_Offensive_Security__c":false,"BillingCountryCode":"US","Temp_License_Key_Extension__c":false,"Disable_Export_Control__c":false,"ContactId":"003WC00000x4jCfYAI","PartnerAccountId":"001WC00000ZtazZYAR","Export_License_Required__c":false,"Billing_Partner__c":"001WC00000ZtazZYAR","SalesTransactionTypeId":"1ChWC0000002eJ70AI","Maintenance_Discount_Approval__c":false,"Partner_Pricing_Model__c":"Discount","ShippingCountry":"United States","LineGroupCount":0,"Approval_Status__c":"None","Unsigned_Quote_Approval__c":false,"ContractId":"800WC00000SB0FtYAL","BillToContactId":"003WC00000x4jCfYAI","QuoteTypeText__c":"Renewal","Approval_Rejected_Checkbox__c":false,"ShippingCountryCode":"US","QuoteNumber":"00781084","CanCreateQuoteLineItems":false,"ALE__c":67.38,"BillingStreet":"11095 Viking Drive","Request_Legal_Support__c":false,"Perpetual_Pricing_Discount_Approval__c":false,"LastModifiedById":"005WC00000MgTN2YAN","Displaced_ARR_Approval__c":false}|0x1d181be1
19:56:16.9 (128892068)|VARIABLE_SCOPE_BEGIN|[251]|source|Quote|true|false
19:56:16.9 (129018656)|VARIABLE_ASSIGNMENT|[251]|source|{"Net_Terms__c":"Net_30","ShippingStateCode":"MN","BillingCity":"Eden Prairie","Bill_To_Place__c":"a0lWC000004nA5ZYAU","BillingCountryCode":"US","QuoteToCountry":"United States","ContactId":"003WC00000x4jCfYAI","PartnerAccountId":"001WC00000ZtazZYAR","Billing_Partner__c":"001WC00000ZtazZYAR","SalesTransactionTypeId":"1ChWC0000002eJ70AI","OpportunityId":"006WC00000QuJ4DYAV","LegalEntityId":"0fwWC000000034LYAQ","Partner_Pricing_Model__c":"Discount","Language__c":"English","ShippingCountry":"United States","BillingPostalCode":"55344","ShippingCity":"Eden Prairie","Ship_To_Place__c":"a0lWC000004nA5ZYAU","BillToContactId":"003WC00000x4jCfYAI","CurrencyIsoCode":"USD","ShippingStreet":"11095 Viking Drive","ShippingCountryCode":"US","Payment_Portal__c":"Fortra (default)","BillingCountry":"United States","BillingStreet":"11095 Viking Drive","BillingStateCode":"MN","ShippingPostalCode":"55344","QuoteToCountryCode":"US","Deal_Type__c":"Fortra Originated","ShippingState":"Minnesota","Id":"0Q0WC0000037yTx0AI","BillingState":"Minnesota"}|0x5eafe35f
19:56:16.9 (129027165)|VARIABLE_SCOPE_BEGIN|[251]|fieldName|String|false|false
19:56:16.9 (129033225)|VARIABLE_ASSIGNMENT|[251]|fieldName|"ShippingCountry"
19:56:16.9 (129043515)|HEAP_ALLOCATE|[252]|Bytes:5
19:56:16.9 (129047937)|STATEMENT_EXECUTE|[251]
19:56:16.9 (129061516)|SYSTEM_METHOD_ENTRY|[252]|SObject.get(String)
19:56:16.9 (129079240)|HEAP_ALLOCATE|[252]|Bytes:13
19:56:16.9 (129085965)|SYSTEM_METHOD_EXIT|[252]|SObject.get(String)
19:56:16.9 (129091449)|SYSTEM_METHOD_ENTRY|[252]|String.isNotBlank(String)
19:56:16.9 (129096018)|SYSTEM_METHOD_EXIT|[252]|String.isNotBlank(String)
19:56:16.9 (129098730)|STATEMENT_EXECUTE|[252]
19:56:16.9 (129099745)|STATEMENT_EXECUTE|[253]
19:56:16.9 (129105700)|METHOD_EXIT|[229]|01pWC000002WbCz|RenewalQuoteHeaderHandler.copyStringIfBlank(Quote, Quote, String)
19:56:16.9 (129108304)|STATEMENT_EXECUTE|[230]
19:56:16.9 (129110497)|HEAP_ALLOCATE|[230]|Bytes:17
19:56:16.9 (129115955)|METHOD_ENTRY|[230]|01pWC000002WbCz|RenewalQuoteHeaderHandler.copyStringIfBlank(Quote, Quote, String)
19:56:16.9 (129125055)|VARIABLE_SCOPE_BEGIN|[251]|target|Quote|true|false
19:56:16.9 (129825424)|VARIABLE_ASSIGNMENT|[251]|target|{"LastModifiedDate":"2026-06-14T02:54:10.000Z","Quote_Type__c":"Renewal","Bill_To_Place__c":"a0lWC000004nA5ZYAU","Export_Compliance_Status__c":"Pending","Net_Terms_Approval__c":false,"Exchange_Rate_To_USD__c":1.0000000000,"Export_Review_Required__c":false,"Within_Renewal_Window__c":false,"IsPrimary__c":false,"Credit_Renewal_Approval__c":false,"Days_Until_Renewal__c":362,"Renewal_Contract__c":"800WC00000SB0FtYAL","QuoteAccountId":"001WC00000kZKNxYAO","Pro_Ration_Method__c":"Monthly","Renewal_ARR_Approval__c":false,"Status":"Draft","Show_Hide_Discounts__c":"Show","IsDeleted":false,"Subtotal":67.38,"Force_New_Contract__c":false,"Net_Contract_Change__c":0.00,"Signed_Quote_Approval__c":false,"Terms_and_Conditions__c":false,"Payment_Portal__c":"Fortra (default)","Original_Contract_ARR__c":0.00,"BillingStateCode":"MN","GrandTotal":67.38,"ShippingPostalCode":"55344","ShippingState":"Minnesota","Mycap__c":false,"Deal_Type__c":"Fortra Originated","Id":"0Q0WC00000382MH0AY","Subscription_Pricing_Discount_Approval__c":false,"Net_Terms__c":"Net_30","Discount":0.00,"Services_Discount_Approval__c":false,"Total_Contract_Value_TCV__c":67.38,"LineItemCount":2,"OwnerId":"005WC00000DZ6xVYAT","OpportunityId":"006WC00000QuJ4DYAV","LegalEntityId":"0fwWC000000034LYAQ","Language__c":"English","ShippingCity":"Eden Prairie","GSW__c":false,"Manually_Sent__c":false,"CalculationStatus":"Saving","Corporate_Currency_Amount__c":67.38,"Annual_Contract_Value_ACV__c":67.38,"Max_Discount_on_QLIs__c":0.00,"Quote_Displaced_ARR__c":0.00,"OriginalActionType":"Renew","Ship_To_Place__c":"a0lWC000004nA5ZYAU","Show_Hide_Product_Number__c":"Show","SystemModstamp":"2026-06-14T02:54:10.000Z","Create_Order_from_Quote__c":false,"BillingCountry":"United States","Manual_Discount__c":0.00,"QuoteToCountryCode":"US","TotalPrice":67.38,"AdditionalCountryCode":"US","Legal_Support_Approval__c":false,"AccountId":"001WC00000kZKNxYAO","ShippingStateCode":"MN","BillingCity":"Eden Prairie","QuoteToCountry":"United States","Total_Discount_Amount__c":0.00,"MYCAP_Approval__c":false,"Name":"Renewal Quote","License_Extension_Approval__c":false,"StartDate":"2026-06-11T00:00:00.000Z","CreatedById":"005WC00000DZ6xVYAT","Auto_Renewal__c":false,"Channel_MSP_Pricing_Discount_Approval__c":false,"BillingPostalCode":"55344","Annualized_License_Equivalent_Base__c":67.38,"Show_Hide_Free_Products__c":"Show","Maintenance_Max_Discount__c":0.00,"Total_Displaced_ARR__c":0.00,"CurrencyIsoCode":"USD","LegacyRenewalQuote__c":false,"Credit_Renewal_ARR__c":false,"ShippingStreet":"11095 Viking Drive","Annuial_Revenue_Base__c":67.38,"AdditionalCountry":"United States","Total_Quote_Line_ARR__c":0.00,"CreatedDate":"2026-06-11T21:14:56.000Z","Pricebook2Id":"01sWC0000022GHFYA2","IsSyncing":false,"Renewal_Cancellation_Approval__c":false,"BillingState":"Minnesota","TransactionType":"Fortra_Advanced_Pric (3 more) ...","Discount_Renewal_ARR__c":false,"Contains_Offensive_Security__c":false,"BillingCountryCode":"US","Temp_License_Key_Extension__c":false,"Disable_Export_Control__c":false,"ContactId":"003WC00000x4jCfYAI","PartnerAccountId":"001WC00000ZtazZYAR","Export_License_Required__c":false,"Billing_Partner__c":"001WC00000ZtazZYAR","SalesTransactionTypeId":"1ChWC0000002eJ70AI","Maintenance_Discount_Approval__c":false,"Partner_Pricing_Model__c":"Discount","ShippingCountry":"United States","LineGroupCount":0,"Approval_Status__c":"None","Unsigned_Quote_Approval__c":false,"ContractId":"800WC00000SB0FtYAL","BillToContactId":"003WC00000x4jCfYAI","QuoteTypeText__c":"Renewal","Approval_Rejected_Checkbox__c":false,"ShippingCountryCode":"US","QuoteNumber":"00781084","CanCreateQuoteLineItems":false,"ALE__c":67.38,"BillingStreet":"11095 Viking Drive","Request_Legal_Support__c":false,"Perpetual_Pricing_Discount_Approval__c":false,"LastModifiedById":"005WC00000MgTN2YAN","Displaced_ARR_Approval__c":false}|0x1d181be1
19:56:16.9 (129850955)|VARIABLE_SCOPE_BEGIN|[251]|source|Quote|true|false
19:56:16.9 (129967571)|VARIABLE_ASSIGNMENT|[251]|source|{"Net_Terms__c":"Net_30","ShippingStateCode":"MN","BillingCity":"Eden Prairie","Bill_To_Place__c":"a0lWC000004nA5ZYAU","BillingCountryCode":"US","QuoteToCountry":"United States","ContactId":"003WC00000x4jCfYAI","PartnerAccountId":"001WC00000ZtazZYAR","Billing_Partner__c":"001WC00000ZtazZYAR","SalesTransactionTypeId":"1ChWC0000002eJ70AI","OpportunityId":"006WC00000QuJ4DYAV","LegalEntityId":"0fwWC000000034LYAQ","Partner_Pricing_Model__c":"Discount","Language__c":"English","ShippingCountry":"United States","BillingPostalCode":"55344","ShippingCity":"Eden Prairie","Ship_To_Place__c":"a0lWC000004nA5ZYAU","BillToContactId":"003WC00000x4jCfYAI","CurrencyIsoCode":"USD","ShippingStreet":"11095 Viking Drive","ShippingCountryCode":"US","Payment_Portal__c":"Fortra (default)","BillingCountry":"United States","BillingStreet":"11095 Viking Drive","BillingStateCode":"MN","ShippingPostalCode":"55344","QuoteToCountryCode":"US","Deal_Type__c":"Fortra Originated","ShippingState":"Minnesota","Id":"0Q0WC0000037yTx0AI","BillingState":"Minnesota"}|0x5eafe35f
19:56:16.9 (129976441)|VARIABLE_SCOPE_BEGIN|[251]|fieldName|String|false|false
19:56:16.9 (129982520)|VARIABLE_ASSIGNMENT|[251]|fieldName|"ShippingStateCode"
19:56:16.9 (129993340)|HEAP_ALLOCATE|[252]|Bytes:5
19:56:16.9 (129997900)|STATEMENT_EXECUTE|[251]
19:56:16.9 (130008618)|SYSTEM_METHOD_ENTRY|[252]|SObject.get(String)
19:56:16.9 (130025818)|HEAP_ALLOCATE|[252]|Bytes:2
19:56:16.9 (130032468)|SYSTEM_METHOD_EXIT|[252]|SObject.get(String)
19:56:16.9 (130038293)|SYSTEM_METHOD_ENTRY|[252]|String.isNotBlank(String)
19:56:16.9 (130042971)|SYSTEM_METHOD_EXIT|[252]|String.isNotBlank(String)
19:56:16.9 (130045698)|STATEMENT_EXECUTE|[252]
19:56:16.9 (130046715)|STATEMENT_EXECUTE|[253]
19:56:16.9 (130052792)|METHOD_EXIT|[230]|01pWC000002WbCz|RenewalQuoteHeaderHandler.copyStringIfBlank(Quote, Quote, String)
19:56:16.9 (130055481)|STATEMENT_EXECUTE|[231]
19:56:16.9 (130057680)|HEAP_ALLOCATE|[231]|Bytes:19
19:56:16.9 (130062896)|METHOD_ENTRY|[231]|01pWC000002WbCz|RenewalQuoteHeaderHandler.copyStringIfBlank(Quote, Quote, String)
19:56:16.9 (130071546)|VARIABLE_SCOPE_BEGIN|[251]|target|Quote|true|false
19:56:16.9 (130832222)|VARIABLE_ASSIGNMENT|[251]|target|{"LastModifiedDate":"2026-06-14T02:54:10.000Z","Quote_Type__c":"Renewal","Bill_To_Place__c":"a0lWC000004nA5ZYAU","Export_Compliance_Status__c":"Pending","Net_Terms_Approval__c":false,"Exchange_Rate_To_USD__c":1.0000000000,"Export_Review_Required__c":false,"Within_Renewal_Window__c":false,"IsPrimary__c":false,"Credit_Renewal_Approval__c":false,"Days_Until_Renewal__c":362,"Renewal_Contract__c":"800WC00000SB0FtYAL","QuoteAccountId":"001WC00000kZKNxYAO","Pro_Ration_Method__c":"Monthly","Renewal_ARR_Approval__c":false,"Status":"Draft","Show_Hide_Discounts__c":"Show","IsDeleted":false,"Subtotal":67.38,"Force_New_Contract__c":false,"Net_Contract_Change__c":0.00,"Signed_Quote_Approval__c":false,"Terms_and_Conditions__c":false,"Payment_Portal__c":"Fortra (default)","Original_Contract_ARR__c":0.00,"BillingStateCode":"MN","GrandTotal":67.38,"ShippingPostalCode":"55344","ShippingState":"Minnesota","Mycap__c":false,"Deal_Type__c":"Fortra Originated","Id":"0Q0WC00000382MH0AY","Subscription_Pricing_Discount_Approval__c":false,"Net_Terms__c":"Net_30","Discount":0.00,"Services_Discount_Approval__c":false,"Total_Contract_Value_TCV__c":67.38,"LineItemCount":2,"OwnerId":"005WC00000DZ6xVYAT","OpportunityId":"006WC00000QuJ4DYAV","LegalEntityId":"0fwWC000000034LYAQ","Language__c":"English","ShippingCity":"Eden Prairie","GSW__c":false,"Manually_Sent__c":false,"CalculationStatus":"Saving","Corporate_Currency_Amount__c":67.38,"Annual_Contract_Value_ACV__c":67.38,"Max_Discount_on_QLIs__c":0.00,"Quote_Displaced_ARR__c":0.00,"OriginalActionType":"Renew","Ship_To_Place__c":"a0lWC000004nA5ZYAU","Show_Hide_Product_Number__c":"Show","SystemModstamp":"2026-06-14T02:54:10.000Z","Create_Order_from_Quote__c":false,"BillingCountry":"United States","Manual_Discount__c":0.00,"QuoteToCountryCode":"US","TotalPrice":67.38,"AdditionalCountryCode":"US","Legal_Support_Approval__c":false,"AccountId":"001WC00000kZKNxYAO","ShippingStateCode":"MN","BillingCity":"Eden Prairie","QuoteToCountry":"United States","Total_Discount_Amount__c":0.00,"MYCAP_Approval__c":false,"Name":"Renewal Quote","License_Extension_Approval__c":false,"StartDate":"2026-06-11T00:00:00.000Z","CreatedById":"005WC00000DZ6xVYAT","Auto_Renewal__c":false,"Channel_MSP_Pricing_Discount_Approval__c":false,"BillingPostalCode":"55344","Annualized_License_Equivalent_Base__c":67.38,"Show_Hide_Free_Products__c":"Show","Maintenance_Max_Discount__c":0.00,"Total_Displaced_ARR__c":0.00,"CurrencyIsoCode":"USD","LegacyRenewalQuote__c":false,"Credit_Renewal_ARR__c":false,"ShippingStreet":"11095 Viking Drive","Annuial_Revenue_Base__c":67.38,"AdditionalCountry":"United States","Total_Quote_Line_ARR__c":0.00,"CreatedDate":"2026-06-11T21:14:56.000Z","Pricebook2Id":"01sWC0000022GHFYA2","IsSyncing":false,"Renewal_Cancellation_Approval__c":false,"BillingState":"Minnesota","TransactionType":"Fortra_Advanced_Pric (3 more) ...","Discount_Renewal_ARR__c":false,"Contains_Offensive_Security__c":false,"BillingCountryCode":"US","Temp_License_Key_Extension__c":false,"Disable_Export_Control__c":false,"ContactId":"003WC00000x4jCfYAI","PartnerAccountId":"001WC00000ZtazZYAR","Export_License_Required__c":false,"Billing_Partner__c":"001WC00000ZtazZYAR","SalesTransactionTypeId":"1ChWC0000002eJ70AI","Maintenance_Discount_Approval__c":false,"Partner_Pricing_Model__c":"Discount","ShippingCountry":"United States","LineGroupCount":0,"Approval_Status__c":"None","Unsigned_Quote_Approval__c":false,"ContractId":"800WC00000SB0FtYAL","BillToContactId":"003WC00000x4jCfYAI","QuoteTypeText__c":"Renewal","Approval_Rejected_Checkbox__c":false,"ShippingCountryCode":"US","QuoteNumber":"00781084","CanCreateQuoteLineItems":false,"ALE__c":67.38,"BillingStreet":"11095 Viking Drive","Request_Legal_Support__c":false,"Perpetual_Pricing_Discount_Approval__c":false,"LastModifiedById":"005WC00000MgTN2YAN","Displaced_ARR_Approval__c":false}|0x1d181be1
19:56:16.9 (130860500)|VARIABLE_SCOPE_BEGIN|[251]|source|Quote|true|false
19:56:16.9 (130980130)|VARIABLE_ASSIGNMENT|[251]|source|{"Net_Terms__c":"Net_30","ShippingStateCode":"MN","BillingCity":"Eden Prairie","Bill_To_Place__c":"a0lWC000004nA5ZYAU","BillingCountryCode":"US","QuoteToCountry":"United States","ContactId":"003WC00000x4jCfYAI","PartnerAccountId":"001WC00000ZtazZYAR","Billing_Partner__c":"001WC00000ZtazZYAR","SalesTransactionTypeId":"1ChWC0000002eJ70AI","OpportunityId":"006WC00000QuJ4DYAV","LegalEntityId":"0fwWC000000034LYAQ","Partner_Pricing_Model__c":"Discount","Language__c":"English","ShippingCountry":"United States","BillingPostalCode":"55344","ShippingCity":"Eden Prairie","Ship_To_Place__c":"a0lWC000004nA5ZYAU","BillToContactId":"003WC00000x4jCfYAI","CurrencyIsoCode":"USD","ShippingStreet":"11095 Viking Drive","ShippingCountryCode":"US","Payment_Portal__c":"Fortra (default)","BillingCountry":"United States","BillingStreet":"11095 Viking Drive","BillingStateCode":"MN","ShippingPostalCode":"55344","QuoteToCountryCode":"US","Deal_Type__c":"Fortra Originated","ShippingState":"Minnesota","Id":"0Q0WC0000037yTx0AI","BillingState":"Minnesota"}|0x5eafe35f
19:56:16.9 (130988091)|VARIABLE_SCOPE_BEGIN|[251]|fieldName|String|false|false
19:56:16.9 (130993908)|VARIABLE_ASSIGNMENT|[251]|fieldName|"ShippingCountryCode"
19:56:16.9 (131005003)|HEAP_ALLOCATE|[252]|Bytes:5
19:56:16.9 (131010120)|STATEMENT_EXECUTE|[251]
19:56:16.9 (131024840)|SYSTEM_METHOD_ENTRY|[252]|SObject.get(String)
19:56:16.9 (131043073)|HEAP_ALLOCATE|[252]|Bytes:2
19:56:16.9 (131050165)|SYSTEM_METHOD_EXIT|[252]|SObject.get(String)
19:56:16.9 (131056015)|SYSTEM_METHOD_ENTRY|[252]|String.isNotBlank(String)
19:56:16.9 (131060463)|SYSTEM_METHOD_EXIT|[252]|String.isNotBlank(String)
19:56:16.9 (131063227)|STATEMENT_EXECUTE|[252]
19:56:16.9 (131064307)|STATEMENT_EXECUTE|[253]
19:56:16.9 (131070900)|METHOD_EXIT|[231]|01pWC000002WbCz|RenewalQuoteHeaderHandler.copyStringIfBlank(Quote, Quote, String)
19:56:16.9 (131073697)|STATEMENT_EXECUTE|[232]
19:56:16.9 (131076400)|HEAP_ALLOCATE|[232]|Bytes:13
19:56:16.9 (131081751)|METHOD_ENTRY|[232]|01pWC000002WbCz|RenewalQuoteHeaderHandler.copyStringIfBlank(Quote, Quote, String)
19:56:16.9 (131090678)|VARIABLE_SCOPE_BEGIN|[251]|target|Quote|true|false
19:56:16.9 (131819797)|VARIABLE_ASSIGNMENT|[251]|target|{"LastModifiedDate":"2026-06-14T02:54:10.000Z","Quote_Type__c":"Renewal","Bill_To_Place__c":"a0lWC000004nA5ZYAU","Export_Compliance_Status__c":"Pending","Net_Terms_Approval__c":false,"Exchange_Rate_To_USD__c":1.0000000000,"Export_Review_Required__c":false,"Within_Renewal_Window__c":false,"IsPrimary__c":false,"Credit_Renewal_Approval__c":false,"Days_Until_Renewal__c":362,"Renewal_Contract__c":"800WC00000SB0FtYAL","QuoteAccountId":"001WC00000kZKNxYAO","Pro_Ration_Method__c":"Monthly","Renewal_ARR_Approval__c":false,"Status":"Draft","Show_Hide_Discounts__c":"Show","IsDeleted":false,"Subtotal":67.38,"Force_New_Contract__c":false,"Net_Contract_Change__c":0.00,"Signed_Quote_Approval__c":false,"Terms_and_Conditions__c":false,"Payment_Portal__c":"Fortra (default)","Original_Contract_ARR__c":0.00,"BillingStateCode":"MN","GrandTotal":67.38,"ShippingPostalCode":"55344","ShippingState":"Minnesota","Mycap__c":false,"Deal_Type__c":"Fortra Originated","Id":"0Q0WC00000382MH0AY","Subscription_Pricing_Discount_Approval__c":false,"Net_Terms__c":"Net_30","Discount":0.00,"Services_Discount_Approval__c":false,"Total_Contract_Value_TCV__c":67.38,"LineItemCount":2,"OwnerId":"005WC00000DZ6xVYAT","OpportunityId":"006WC00000QuJ4DYAV","LegalEntityId":"0fwWC000000034LYAQ","Language__c":"English","ShippingCity":"Eden Prairie","GSW__c":false,"Manually_Sent__c":false,"CalculationStatus":"Saving","Corporate_Currency_Amount__c":67.38,"Annual_Contract_Value_ACV__c":67.38,"Max_Discount_on_QLIs__c":0.00,"Quote_Displaced_ARR__c":0.00,"OriginalActionType":"Renew","Ship_To_Place__c":"a0lWC000004nA5ZYAU","Show_Hide_Product_Number__c":"Show","SystemModstamp":"2026-06-14T02:54:10.000Z","Create_Order_from_Quote__c":false,"BillingCountry":"United States","Manual_Discount__c":0.00,"QuoteToCountryCode":"US","TotalPrice":67.38,"AdditionalCountryCode":"US","Legal_Support_Approval__c":false,"AccountId":"001WC00000kZKNxYAO","ShippingStateCode":"MN","BillingCity":"Eden Prairie","QuoteToCountry":"United States","Total_Discount_Amount__c":0.00,"MYCAP_Approval__c":false,"Name":"Renewal Quote","License_Extension_Approval__c":false,"StartDate":"2026-06-11T00:00:00.000Z","CreatedById":"005WC00000DZ6xVYAT","Auto_Renewal__c":false,"Channel_MSP_Pricing_Discount_Approval__c":false,"BillingPostalCode":"55344","Annualized_License_Equivalent_Base__c":67.38,"Show_Hide_Free_Products__c":"Show","Maintenance_Max_Discount__c":0.00,"Total_Displaced_ARR__c":0.00,"CurrencyIsoCode":"USD","LegacyRenewalQuote__c":false,"Credit_Renewal_ARR__c":false,"ShippingStreet":"11095 Viking Drive","Annuial_Revenue_Base__c":67.38,"AdditionalCountry":"United States","Total_Quote_Line_ARR__c":0.00,"CreatedDate":"2026-06-11T21:14:56.000Z","Pricebook2Id":"01sWC0000022GHFYA2","IsSyncing":false,"Renewal_Cancellation_Approval__c":false,"BillingState":"Minnesota","TransactionType":"Fortra_Advanced_Pric (3 more) ...","Discount_Renewal_ARR__c":false,"Contains_Offensive_Security__c":false,"BillingCountryCode":"US","Temp_License_Key_Extension__c":false,"Disable_Export_Control__c":false,"ContactId":"003WC00000x4jCfYAI","PartnerAccountId":"001WC00000ZtazZYAR","Export_License_Required__c":false,"Billing_Partner__c":"001WC00000ZtazZYAR","SalesTransactionTypeId":"1ChWC0000002eJ70AI","Maintenance_Discount_Approval__c":false,"Partner_Pricing_Model__c":"Discount","ShippingCountry":"United States","LineGroupCount":0,"Approval_Status__c":"None","Unsigned_Quote_Approval__c":false,"ContractId":"800WC00000SB0FtYAL","BillToContactId":"003WC00000x4jCfYAI","QuoteTypeText__c":"Renewal","Approval_Rejected_Checkbox__c":false,"ShippingCountryCode":"US","QuoteNumber":"00781084","CanCreateQuoteLineItems":false,"ALE__c":67.38,"BillingStreet":"11095 Viking Drive","Request_Legal_Support__c":false,"Perpetual_Pricing_Discount_Approval__c":false,"LastModifiedById":"005WC00000MgTN2YAN","Displaced_ARR_Approval__c":false}|0x1d181be1
19:56:16.9 (131846620)|VARIABLE_SCOPE_BEGIN|[251]|source|Quote|true|false
19:56:16.9 (131961566)|VARIABLE_ASSIGNMENT|[251]|source|{"Net_Terms__c":"Net_30","ShippingStateCode":"MN","BillingCity":"Eden Prairie","Bill_To_Place__c":"a0lWC000004nA5ZYAU","BillingCountryCode":"US","QuoteToCountry":"United States","ContactId":"003WC00000x4jCfYAI","PartnerAccountId":"001WC00000ZtazZYAR","Billing_Partner__c":"001WC00000ZtazZYAR","SalesTransactionTypeId":"1ChWC0000002eJ70AI","OpportunityId":"006WC00000QuJ4DYAV","LegalEntityId":"0fwWC000000034LYAQ","Partner_Pricing_Model__c":"Discount","Language__c":"English","ShippingCountry":"United States","BillingPostalCode":"55344","ShippingCity":"Eden Prairie","Ship_To_Place__c":"a0lWC000004nA5ZYAU","BillToContactId":"003WC00000x4jCfYAI","CurrencyIsoCode":"USD","ShippingStreet":"11095 Viking Drive","ShippingCountryCode":"US","Payment_Portal__c":"Fortra (default)","BillingCountry":"United States","BillingStreet":"11095 Viking Drive","BillingStateCode":"MN","ShippingPostalCode":"55344","QuoteToCountryCode":"US","Deal_Type__c":"Fortra Originated","ShippingState":"Minnesota","Id":"0Q0WC0000037yTx0AI","BillingState":"Minnesota"}|0x5eafe35f
19:56:16.9 (131969328)|VARIABLE_SCOPE_BEGIN|[251]|fieldName|String|false|false
19:56:16.9 (131975139)|VARIABLE_ASSIGNMENT|[251]|fieldName|"QuoteToStreet"
19:56:16.9 (131985690)|HEAP_ALLOCATE|[252]|Bytes:5
19:56:16.9 (131989691)|STATEMENT_EXECUTE|[251]
19:56:16.9 (132002998)|SYSTEM_METHOD_ENTRY|[252]|SObject.get(String)
19:56:16.9 (132028378)|SYSTEM_METHOD_EXIT|[252]|SObject.get(String)
19:56:16.9 (132034370)|SYSTEM_METHOD_ENTRY|[252]|String.isNotBlank(String)
19:56:16.9 (132038992)|SYSTEM_METHOD_EXIT|[252]|String.isNotBlank(String)
19:56:16.9 (132041680)|STATEMENT_EXECUTE|[252]
19:56:16.9 (132043038)|STATEMENT_EXECUTE|[255]
19:56:16.9 (132048884)|SYSTEM_METHOD_ENTRY|[255]|SObject.get(String)
19:56:16.9 (132079845)|SYSTEM_METHOD_EXIT|[255]|SObject.get(String)
19:56:16.9 (132083430)|VARIABLE_SCOPE_BEGIN|[255]|sourceValue|String|false|false
19:56:16.9 (132089476)|VARIABLE_ASSIGNMENT|[255]|sourceValue|null
19:56:16.9 (132095173)|SYSTEM_METHOD_ENTRY|[256]|String.isNotBlank(String)
19:56:16.9 (132103746)|SYSTEM_METHOD_EXIT|[256]|String.isNotBlank(String)
19:56:16.9 (132105781)|STATEMENT_EXECUTE|[256]
19:56:16.9 (132112383)|METHOD_EXIT|[232]|01pWC000002WbCz|RenewalQuoteHeaderHandler.copyStringIfBlank(Quote, Quote, String)
19:56:16.9 (132115054)|STATEMENT_EXECUTE|[233]
19:56:16.9 (132118157)|HEAP_ALLOCATE|[233]|Bytes:11
19:56:16.9 (132122849)|METHOD_ENTRY|[233]|01pWC000002WbCz|RenewalQuoteHeaderHandler.copyStringIfBlank(Quote, Quote, String)
19:56:16.9 (132128019)|VARIABLE_SCOPE_BEGIN|[251]|target|Quote|true|false
19:56:16.9 (132830314)|VARIABLE_ASSIGNMENT|[251]|target|{"LastModifiedDate":"2026-06-14T02:54:10.000Z","Quote_Type__c":"Renewal","Bill_To_Place__c":"a0lWC000004nA5ZYAU","Export_Compliance_Status__c":"Pending","Net_Terms_Approval__c":false,"Exchange_Rate_To_USD__c":1.0000000000,"Export_Review_Required__c":false,"Within_Renewal_Window__c":false,"IsPrimary__c":false,"Credit_Renewal_Approval__c":false,"Days_Until_Renewal__c":362,"Renewal_Contract__c":"800WC00000SB0FtYAL","QuoteAccountId":"001WC00000kZKNxYAO","Pro_Ration_Method__c":"Monthly","Renewal_ARR_Approval__c":false,"Status":"Draft","Show_Hide_Discounts__c":"Show","IsDeleted":false,"Subtotal":67.38,"Force_New_Contract__c":false,"Net_Contract_Change__c":0.00,"Signed_Quote_Approval__c":false,"Terms_and_Conditions__c":false,"Payment_Portal__c":"Fortra (default)","Original_Contract_ARR__c":0.00,"BillingStateCode":"MN","GrandTotal":67.38,"ShippingPostalCode":"55344","ShippingState":"Minnesota","Mycap__c":false,"Deal_Type__c":"Fortra Originated","Id":"0Q0WC00000382MH0AY","Subscription_Pricing_Discount_Approval__c":false,"Net_Terms__c":"Net_30","Discount":0.00,"Services_Discount_Approval__c":false,"Total_Contract_Value_TCV__c":67.38,"LineItemCount":2,"OwnerId":"005WC00000DZ6xVYAT","OpportunityId":"006WC00000QuJ4DYAV","LegalEntityId":"0fwWC000000034LYAQ","Language__c":"English","ShippingCity":"Eden Prairie","GSW__c":false,"Manually_Sent__c":false,"CalculationStatus":"Saving","Corporate_Currency_Amount__c":67.38,"Annual_Contract_Value_ACV__c":67.38,"Max_Discount_on_QLIs__c":0.00,"Quote_Displaced_ARR__c":0.00,"OriginalActionType":"Renew","Ship_To_Place__c":"a0lWC000004nA5ZYAU","Show_Hide_Product_Number__c":"Show","SystemModstamp":"2026-06-14T02:54:10.000Z","Create_Order_from_Quote__c":false,"BillingCountry":"United States","Manual_Discount__c":0.00,"QuoteToCountryCode":"US","TotalPrice":67.38,"AdditionalCountryCode":"US","Legal_Support_Approval__c":false,"AccountId":"001WC00000kZKNxYAO","ShippingStateCode":"MN","BillingCity":"Eden Prairie","QuoteToCountry":"United States","Total_Discount_Amount__c":0.00,"MYCAP_Approval__c":false,"Name":"Renewal Quote","License_Extension_Approval__c":false,"StartDate":"2026-06-11T00:00:00.000Z","CreatedById":"005WC00000DZ6xVYAT","Auto_Renewal__c":false,"Channel_MSP_Pricing_Discount_Approval__c":false,"BillingPostalCode":"55344","Annualized_License_Equivalent_Base__c":67.38,"Show_Hide_Free_Products__c":"Show","Maintenance_Max_Discount__c":0.00,"Total_Displaced_ARR__c":0.00,"CurrencyIsoCode":"USD","LegacyRenewalQuote__c":false,"Credit_Renewal_ARR__c":false,"ShippingStreet":"11095 Viking Drive","Annuial_Revenue_Base__c":67.38,"AdditionalCountry":"United States","Total_Quote_Line_ARR__c":0.00,"CreatedDate":"2026-06-11T21:14:56.000Z","Pricebook2Id":"01sWC0000022GHFYA2","IsSyncing":false,"Renewal_Cancellation_Approval__c":false,"BillingState":"Minnesota","TransactionType":"Fortra_Advanced_Pric (3 more) ...","Discount_Renewal_ARR__c":false,"Contains_Offensive_Security__c":false,"BillingCountryCode":"US","Temp_License_Key_Extension__c":false,"Disable_Export_Control__c":false,"ContactId":"003WC00000x4jCfYAI","PartnerAccountId":"001WC00000ZtazZYAR","Export_License_Required__c":false,"Billing_Partner__c":"001WC00000ZtazZYAR","SalesTransactionTypeId":"1ChWC0000002eJ70AI","Maintenance_Discount_Approval__c":false,"Partner_Pricing_Model__c":"Discount","ShippingCountry":"United States","LineGroupCount":0,"Approval_Status__c":"None","Unsigned_Quote_Approval__c":false,"ContractId":"800WC00000SB0FtYAL","BillToContactId":"003WC00000x4jCfYAI","QuoteTypeText__c":"Renewal","Approval_Rejected_Checkbox__c":false,"ShippingCountryCode":"US","QuoteNumber":"00781084","CanCreateQuoteLineItems":false,"ALE__c":67.38,"BillingStreet":"11095 Viking Drive","Request_Legal_Support__c":false,"Perpetual_Pricing_Discount_Approval__c":false,"LastModifiedById":"005WC00000MgTN2YAN","Displaced_ARR_Approval__c":false}|0x1d181be1
19:56:16.9 (132856695)|VARIABLE_SCOPE_BEGIN|[251]|source|Quote|true|false
19:56:16.9 (132994810)|VARIABLE_ASSIGNMENT|[251]|source|{"Net_Terms__c":"Net_30","ShippingStateCode":"MN","BillingCity":"Eden Prairie","Bill_To_Place__c":"a0lWC000004nA5ZYAU","BillingCountryCode":"US","QuoteToCountry":"United States","ContactId":"003WC00000x4jCfYAI","PartnerAccountId":"001WC00000ZtazZYAR","Billing_Partner__c":"001WC00000ZtazZYAR","SalesTransactionTypeId":"1ChWC0000002eJ70AI","OpportunityId":"006WC00000QuJ4DYAV","LegalEntityId":"0fwWC000000034LYAQ","Partner_Pricing_Model__c":"Discount","Language__c":"English","ShippingCountry":"United States","BillingPostalCode":"55344","ShippingCity":"Eden Prairie","Ship_To_Place__c":"a0lWC000004nA5ZYAU","BillToContactId":"003WC00000x4jCfYAI","CurrencyIsoCode":"USD","ShippingStreet":"11095 Viking Drive","ShippingCountryCode":"US","Payment_Portal__c":"Fortra (default)","BillingCountry":"United States","BillingStreet":"11095 Viking Drive","BillingStateCode":"MN","ShippingPostalCode":"55344","QuoteToCountryCode":"US","Deal_Type__c":"Fortra Originated","ShippingState":"Minnesota","Id":"0Q0WC0000037yTx0AI","BillingState":"Minnesota"}|0x5eafe35f
19:56:16.9 (133003367)|VARIABLE_SCOPE_BEGIN|[251]|fieldName|String|false|false
19:56:16.9 (133009911)|VARIABLE_ASSIGNMENT|[251]|fieldName|"QuoteToCity"
19:56:16.9 (133020251)|HEAP_ALLOCATE|[252]|Bytes:5
19:56:16.9 (133024316)|STATEMENT_EXECUTE|[251]
19:56:16.9 (133039444)|SYSTEM_METHOD_ENTRY|[252]|SObject.get(String)
19:56:16.9 (133068370)|SYSTEM_METHOD_EXIT|[252]|SObject.get(String)
19:56:16.9 (133074585)|SYSTEM_METHOD_ENTRY|[252]|String.isNotBlank(String)
19:56:16.9 (133079285)|SYSTEM_METHOD_EXIT|[252]|String.isNotBlank(String)
19:56:16.9 (133081802)|STATEMENT_EXECUTE|[252]
19:56:16.9 (133083125)|STATEMENT_EXECUTE|[255]
19:56:16.9 (133087065)|SYSTEM_METHOD_ENTRY|[255]|SObject.get(String)
19:56:16.9 (133098835)|SYSTEM_METHOD_EXIT|[255]|SObject.get(String)
19:56:16.9 (133101871)|VARIABLE_SCOPE_BEGIN|[255]|sourceValue|String|false|false
19:56:16.9 (133107120)|VARIABLE_ASSIGNMENT|[255]|sourceValue|null
19:56:16.9 (133112205)|SYSTEM_METHOD_ENTRY|[256]|String.isNotBlank(String)
19:56:16.9 (133116010)|SYSTEM_METHOD_EXIT|[256]|String.isNotBlank(String)
19:56:16.9 (133117911)|STATEMENT_EXECUTE|[256]
19:56:16.9 (133124215)|METHOD_EXIT|[233]|01pWC000002WbCz|RenewalQuoteHeaderHandler.copyStringIfBlank(Quote, Quote, String)
19:56:16.9 (133126743)|STATEMENT_EXECUTE|[234]
19:56:16.9 (133129937)|HEAP_ALLOCATE|[234]|Bytes:12
19:56:16.9 (133135641)|METHOD_ENTRY|[234]|01pWC000002WbCz|RenewalQuoteHeaderHandler.copyStringIfBlank(Quote, Quote, String)
19:56:16.9 (133144310)|VARIABLE_SCOPE_BEGIN|[251]|target|Quote|true|false
19:56:16.9 (134029995)|VARIABLE_ASSIGNMENT|[251]|target|{"LastModifiedDate":"2026-06-14T02:54:10.000Z","Quote_Type__c":"Renewal","Bill_To_Place__c":"a0lWC000004nA5ZYAU","Export_Compliance_Status__c":"Pending","Net_Terms_Approval__c":false,"Exchange_Rate_To_USD__c":1.0000000000,"Export_Review_Required__c":false,"Within_Renewal_Window__c":false,"IsPrimary__c":false,"Credit_Renewal_Approval__c":false,"Days_Until_Renewal__c":362,"Renewal_Contract__c":"800WC00000SB0FtYAL","QuoteAccountId":"001WC00000kZKNxYAO","Pro_Ration_Method__c":"Monthly","Renewal_ARR_Approval__c":false,"Status":"Draft","Show_Hide_Discounts__c":"Show","IsDeleted":false,"Subtotal":67.38,"Force_New_Contract__c":false,"Net_Contract_Change__c":0.00,"Signed_Quote_Approval__c":false,"Terms_and_Conditions__c":false,"Payment_Portal__c":"Fortra (default)","Original_Contract_ARR__c":0.00,"BillingStateCode":"MN","GrandTotal":67.38,"ShippingPostalCode":"55344","ShippingState":"Minnesota","Mycap__c":false,"Deal_Type__c":"Fortra Originated","Id":"0Q0WC00000382MH0AY","Subscription_Pricing_Discount_Approval__c":false,"Net_Terms__c":"Net_30","Discount":0.00,"Services_Discount_Approval__c":false,"Total_Contract_Value_TCV__c":67.38,"LineItemCount":2,"OwnerId":"005WC00000DZ6xVYAT","OpportunityId":"006WC00000QuJ4DYAV","LegalEntityId":"0fwWC000000034LYAQ","Language__c":"English","ShippingCity":"Eden Prairie","GSW__c":false,"Manually_Sent__c":false,"CalculationStatus":"Saving","Corporate_Currency_Amount__c":67.38,"Annual_Contract_Value_ACV__c":67.38,"Max_Discount_on_QLIs__c":0.00,"Quote_Displaced_ARR__c":0.00,"OriginalActionType":"Renew","Ship_To_Place__c":"a0lWC000004nA5ZYAU","Show_Hide_Product_Number__c":"Show","SystemModstamp":"2026-06-14T02:54:10.000Z","Create_Order_from_Quote__c":false,"BillingCountry":"United States","Manual_Discount__c":0.00,"QuoteToCountryCode":"US","TotalPrice":67.38,"AdditionalCountryCode":"US","Legal_Support_Approval__c":false,"AccountId":"001WC00000kZKNxYAO","ShippingStateCode":"MN","BillingCity":"Eden Prairie","QuoteToCountry":"United States","Total_Discount_Amount__c":0.00,"MYCAP_Approval__c":false,"Name":"Renewal Quote","License_Extension_Approval__c":false,"StartDate":"2026-06-11T00:00:00.000Z","CreatedById":"005WC00000DZ6xVYAT","Auto_Renewal__c":false,"Channel_MSP_Pricing_Discount_Approval__c":false,"BillingPostalCode":"55344","Annualized_License_Equivalent_Base__c":67.38,"Show_Hide_Free_Products__c":"Show","Maintenance_Max_Discount__c":0.00,"Total_Displaced_ARR__c":0.00,"CurrencyIsoCode":"USD","LegacyRenewalQuote__c":false,"Credit_Renewal_ARR__c":false,"ShippingStreet":"11095 Viking Drive","Annuial_Revenue_Base__c":67.38,"AdditionalCountry":"United States","Total_Quote_Line_ARR__c":0.00,"CreatedDate":"2026-06-11T21:14:56.000Z","Pricebook2Id":"01sWC0000022GHFYA2","IsSyncing":false,"Renewal_Cancellation_Approval__c":false,"BillingState":"Minnesota","TransactionType":"Fortra_Advanced_Pric (3 more) ...","Discount_Renewal_ARR__c":false,"Contains_Offensive_Security__c":false,"BillingCountryCode":"US","Temp_License_Key_Extension__c":false,"Disable_Export_Control__c":false,"ContactId":"003WC00000x4jCfYAI","PartnerAccountId":"001WC00000ZtazZYAR","Export_License_Required__c":false,"Billing_Partner__c":"001WC00000ZtazZYAR","SalesTransactionTypeId":"1ChWC0000002eJ70AI","Maintenance_Discount_Approval__c":false,"Partner_Pricing_Model__c":"Discount","ShippingCountry":"United States","LineGroupCount":0,"Approval_Status__c":"None","Unsigned_Quote_Approval__c":false,"ContractId":"800WC00000SB0FtYAL","BillToContactId":"003WC00000x4jCfYAI","QuoteTypeText__c":"Renewal","Approval_Rejected_Checkbox__c":false,"ShippingCountryCode":"US","QuoteNumber":"00781084","CanCreateQuoteLineItems":false,"ALE__c":67.38,"BillingStreet":"11095 Viking Drive","Request_Legal_Support__c":false,"Perpetual_Pricing_Discount_Approval__c":false,"LastModifiedById":"005WC00000MgTN2YAN","Displaced_ARR_Approval__c":false}|0x1d181be1
19:56:16.9 (134057734)|VARIABLE_SCOPE_BEGIN|[251]|source|Quote|true|false
19:56:16.9 (134174048)|VARIABLE_ASSIGNMENT|[251]|source|{"Net_Terms__c":"Net_30","ShippingStateCode":"MN","BillingCity":"Eden Prairie","Bill_To_Place__c":"a0lWC000004nA5ZYAU","BillingCountryCode":"US","QuoteToCountry":"United States","ContactId":"003WC00000x4jCfYAI","PartnerAccountId":"001WC00000ZtazZYAR","Billing_Partner__c":"001WC00000ZtazZYAR","SalesTransactionTypeId":"1ChWC0000002eJ70AI","OpportunityId":"006WC00000QuJ4DYAV","LegalEntityId":"0fwWC000000034LYAQ","Partner_Pricing_Model__c":"Discount","Language__c":"English","ShippingCountry":"United States","BillingPostalCode":"55344","ShippingCity":"Eden Prairie","Ship_To_Place__c":"a0lWC000004nA5ZYAU","BillToContactId":"003WC00000x4jCfYAI","CurrencyIsoCode":"USD","ShippingStreet":"11095 Viking Drive","ShippingCountryCode":"US","Payment_Portal__c":"Fortra (default)","BillingCountry":"United States","BillingStreet":"11095 Viking Drive","BillingStateCode":"MN","ShippingPostalCode":"55344","QuoteToCountryCode":"US","Deal_Type__c":"Fortra Originated","ShippingState":"Minnesota","Id":"0Q0WC0000037yTx0AI","BillingState":"Minnesota"}|0x5eafe35f
19:56:16.9 (134182549)|VARIABLE_SCOPE_BEGIN|[251]|fieldName|String|false|false
19:56:16.9 (134188121)|VARIABLE_ASSIGNMENT|[251]|fieldName|"QuoteToState"
19:56:16.9 (134197672)|HEAP_ALLOCATE|[252]|Bytes:5
19:56:16.9 (134202186)|STATEMENT_EXECUTE|[251]
19:56:16.9 (134215986)|SYSTEM_METHOD_ENTRY|[252]|SObject.get(String)
19:56:16.9 (134240841)|SYSTEM_METHOD_EXIT|[252]|SObject.get(String)
19:56:16.9 (134246387)|SYSTEM_METHOD_ENTRY|[252]|String.isNotBlank(String)
19:56:16.9 (134250789)|SYSTEM_METHOD_EXIT|[252]|String.isNotBlank(String)
19:56:16.9 (134253433)|STATEMENT_EXECUTE|[252]
19:56:16.9 (134254854)|STATEMENT_EXECUTE|[255]
19:56:16.9 (134258979)|SYSTEM_METHOD_ENTRY|[255]|SObject.get(String)
19:56:16.9 (134270596)|SYSTEM_METHOD_EXIT|[255]|SObject.get(String)
19:56:16.9 (134273511)|VARIABLE_SCOPE_BEGIN|[255]|sourceValue|String|false|false
19:56:16.9 (134278871)|VARIABLE_ASSIGNMENT|[255]|sourceValue|null
19:56:16.9 (134283585)|SYSTEM_METHOD_ENTRY|[256]|String.isNotBlank(String)
19:56:16.9 (134287337)|SYSTEM_METHOD_EXIT|[256]|String.isNotBlank(String)
19:56:16.9 (134289215)|STATEMENT_EXECUTE|[256]
19:56:16.9 (134295223)|METHOD_EXIT|[234]|01pWC000002WbCz|RenewalQuoteHeaderHandler.copyStringIfBlank(Quote, Quote, String)
19:56:16.9 (134297945)|STATEMENT_EXECUTE|[235]
19:56:16.9 (134301260)|HEAP_ALLOCATE|[235]|Bytes:17
19:56:16.9 (134307272)|METHOD_ENTRY|[235]|01pWC000002WbCz|RenewalQuoteHeaderHandler.copyStringIfBlank(Quote, Quote, String)
19:56:16.9 (134316498)|VARIABLE_SCOPE_BEGIN|[251]|target|Quote|true|false
19:56:16.9 (135066366)|VARIABLE_ASSIGNMENT|[251]|target|{"LastModifiedDate":"2026-06-14T02:54:10.000Z","Quote_Type__c":"Renewal","Bill_To_Place__c":"a0lWC000004nA5ZYAU","Export_Compliance_Status__c":"Pending","Net_Terms_Approval__c":false,"Exchange_Rate_To_USD__c":1.0000000000,"Export_Review_Required__c":false,"Within_Renewal_Window__c":false,"IsPrimary__c":false,"Credit_Renewal_Approval__c":false,"Days_Until_Renewal__c":362,"Renewal_Contract__c":"800WC00000SB0FtYAL","QuoteAccountId":"001WC00000kZKNxYAO","Pro_Ration_Method__c":"Monthly","Renewal_ARR_Approval__c":false,"Status":"Draft","Show_Hide_Discounts__c":"Show","IsDeleted":false,"Subtotal":67.38,"Force_New_Contract__c":false,"Net_Contract_Change__c":0.00,"Signed_Quote_Approval__c":false,"Terms_and_Conditions__c":false,"Payment_Portal__c":"Fortra (default)","Original_Contract_ARR__c":0.00,"BillingStateCode":"MN","GrandTotal":67.38,"ShippingPostalCode":"55344","ShippingState":"Minnesota","Mycap__c":false,"Deal_Type__c":"Fortra Originated","Id":"0Q0WC00000382MH0AY","Subscription_Pricing_Discount_Approval__c":false,"Net_Terms__c":"Net_30","Discount":0.00,"Services_Discount_Approval__c":false,"Total_Contract_Value_TCV__c":67.38,"LineItemCount":2,"OwnerId":"005WC00000DZ6xVYAT","OpportunityId":"006WC00000QuJ4DYAV","LegalEntityId":"0fwWC000000034LYAQ","Language__c":"English","ShippingCity":"Eden Prairie","GSW__c":false,"Manually_Sent__c":false,"CalculationStatus":"Saving","Corporate_Currency_Amount__c":67.38,"Annual_Contract_Value_ACV__c":67.38,"Max_Discount_on_QLIs__c":0.00,"Quote_Displaced_ARR__c":0.00,"OriginalActionType":"Renew","Ship_To_Place__c":"a0lWC000004nA5ZYAU","Show_Hide_Product_Number__c":"Show","SystemModstamp":"2026-06-14T02:54:10.000Z","Create_Order_from_Quote__c":false,"BillingCountry":"United States","Manual_Discount__c":0.00,"QuoteToCountryCode":"US","TotalPrice":67.38,"AdditionalCountryCode":"US","Legal_Support_Approval__c":false,"AccountId":"001WC00000kZKNxYAO","ShippingStateCode":"MN","BillingCity":"Eden Prairie","QuoteToCountry":"United States","Total_Discount_Amount__c":0.00,"MYCAP_Approval__c":false,"Name":"Renewal Quote","License_Extension_Approval__c":false,"StartDate":"2026-06-11T00:00:00.000Z","CreatedById":"005WC00000DZ6xVYAT","Auto_Renewal__c":false,"Channel_MSP_Pricing_Discount_Approval__c":false,"BillingPostalCode":"55344","Annualized_License_Equivalent_Base__c":67.38,"Show_Hide_Free_Products__c":"Show","Maintenance_Max_Discount__c":0.00,"Total_Displaced_ARR__c":0.00,"CurrencyIsoCode":"USD","LegacyRenewalQuote__c":false,"Credit_Renewal_ARR__c":false,"ShippingStreet":"11095 Viking Drive","Annuial_Revenue_Base__c":67.38,"AdditionalCountry":"United States","Total_Quote_Line_ARR__c":0.00,"CreatedDate":"2026-06-11T21:14:56.000Z","Pricebook2Id":"01sWC0000022GHFYA2","IsSyncing":false,"Renewal_Cancellation_Approval__c":false,"BillingState":"Minnesota","TransactionType":"Fortra_Advanced_Pric (3 more) ...","Discount_Renewal_ARR__c":false,"Contains_Offensive_Security__c":false,"BillingCountryCode":"US","Temp_License_Key_Extension__c":false,"Disable_Export_Control__c":false,"ContactId":"003WC00000x4jCfYAI","PartnerAccountId":"001WC00000ZtazZYAR","Export_License_Required__c":false,"Billing_Partner__c":"001WC00000ZtazZYAR","SalesTransactionTypeId":"1ChWC0000002eJ70AI","Maintenance_Discount_Approval__c":false,"Partner_Pricing_Model__c":"Discount","ShippingCountry":"United States","LineGroupCount":0,"Approval_Status__c":"None","Unsigned_Quote_Approval__c":false,"ContractId":"800WC00000SB0FtYAL","BillToContactId":"003WC00000x4jCfYAI","QuoteTypeText__c":"Renewal","Approval_Rejected_Checkbox__c":false,"ShippingCountryCode":"US","QuoteNumber":"00781084","CanCreateQuoteLineItems":false,"ALE__c":67.38,"BillingStreet":"11095 Viking Drive","Request_Legal_Support__c":false,"Perpetual_Pricing_Discount_Approval__c":false,"LastModifiedById":"005WC00000MgTN2YAN","Displaced_ARR_Approval__c":false}|0x1d181be1
19:56:16.9 (135094465)|VARIABLE_SCOPE_BEGIN|[251]|source|Quote|true|false
19:56:16.9 (135210482)|VARIABLE_ASSIGNMENT|[251]|source|{"Net_Terms__c":"Net_30","ShippingStateCode":"MN","BillingCity":"Eden Prairie","Bill_To_Place__c":"a0lWC000004nA5ZYAU","BillingCountryCode":"US","QuoteToCountry":"United States","ContactId":"003WC00000x4jCfYAI","PartnerAccountId":"001WC00000ZtazZYAR","Billing_Partner__c":"001WC00000ZtazZYAR","SalesTransactionTypeId":"1ChWC0000002eJ70AI","OpportunityId":"006WC00000QuJ4DYAV","LegalEntityId":"0fwWC000000034LYAQ","Partner_Pricing_Model__c":"Discount","Language__c":"English","ShippingCountry":"United States","BillingPostalCode":"55344","ShippingCity":"Eden Prairie","Ship_To_Place__c":"a0lWC000004nA5ZYAU","BillToContactId":"003WC00000x4jCfYAI","CurrencyIsoCode":"USD","ShippingStreet":"11095 Viking Drive","ShippingCountryCode":"US","Payment_Portal__c":"Fortra (default)","BillingCountry":"United States","BillingStreet":"11095 Viking Drive","BillingStateCode":"MN","ShippingPostalCode":"55344","QuoteToCountryCode":"US","Deal_Type__c":"Fortra Originated","ShippingState":"Minnesota","Id":"0Q0WC0000037yTx0AI","BillingState":"Minnesota"}|0x5eafe35f
19:56:16.9 (135218499)|VARIABLE_SCOPE_BEGIN|[251]|fieldName|String|false|false
19:56:16.9 (135224776)|VARIABLE_ASSIGNMENT|[251]|fieldName|"QuoteToPostalCode"
19:56:16.9 (135234520)|HEAP_ALLOCATE|[252]|Bytes:5
19:56:16.9 (135238878)|STATEMENT_EXECUTE|[251]
19:56:16.9 (135253054)|SYSTEM_METHOD_ENTRY|[252]|SObject.get(String)
19:56:16.9 (135278053)|SYSTEM_METHOD_EXIT|[252]|SObject.get(String)
19:56:16.9 (135283488)|SYSTEM_METHOD_ENTRY|[252]|String.isNotBlank(String)
19:56:16.9 (135287794)|SYSTEM_METHOD_EXIT|[252]|String.isNotBlank(String)
19:56:16.9 (135290129)|STATEMENT_EXECUTE|[252]
19:56:16.9 (135291474)|STATEMENT_EXECUTE|[255]
19:56:16.9 (135295614)|SYSTEM_METHOD_ENTRY|[255]|SObject.get(String)
19:56:16.9 (135307434)|SYSTEM_METHOD_EXIT|[255]|SObject.get(String)
19:56:16.9 (135310736)|VARIABLE_SCOPE_BEGIN|[255]|sourceValue|String|false|false
19:56:16.9 (135316153)|VARIABLE_ASSIGNMENT|[255]|sourceValue|null
19:56:16.9 (135320682)|SYSTEM_METHOD_ENTRY|[256]|String.isNotBlank(String)
19:56:16.9 (135324499)|SYSTEM_METHOD_EXIT|[256]|String.isNotBlank(String)
19:56:16.9 (135326276)|STATEMENT_EXECUTE|[256]
19:56:16.9 (135332274)|METHOD_EXIT|[235]|01pWC000002WbCz|RenewalQuoteHeaderHandler.copyStringIfBlank(Quote, Quote, String)
19:56:16.9 (135334893)|STATEMENT_EXECUTE|[236]
19:56:16.9 (135337906)|HEAP_ALLOCATE|[236]|Bytes:14
19:56:16.9 (135343668)|METHOD_ENTRY|[236]|01pWC000002WbCz|RenewalQuoteHeaderHandler.copyStringIfBlank(Quote, Quote, String)
19:56:16.9 (135352465)|VARIABLE_SCOPE_BEGIN|[251]|target|Quote|true|false
19:56:16.9 (136111098)|VARIABLE_ASSIGNMENT|[251]|target|{"LastModifiedDate":"2026-06-14T02:54:10.000Z","Quote_Type__c":"Renewal","Bill_To_Place__c":"a0lWC000004nA5ZYAU","Export_Compliance_Status__c":"Pending","Net_Terms_Approval__c":false,"Exchange_Rate_To_USD__c":1.0000000000,"Export_Review_Required__c":false,"Within_Renewal_Window__c":false,"IsPrimary__c":false,"Credit_Renewal_Approval__c":false,"Days_Until_Renewal__c":362,"Renewal_Contract__c":"800WC00000SB0FtYAL","QuoteAccountId":"001WC00000kZKNxYAO","Pro_Ration_Method__c":"Monthly","Renewal_ARR_Approval__c":false,"Status":"Draft","Show_Hide_Discounts__c":"Show","IsDeleted":false,"Subtotal":67.38,"Force_New_Contract__c":false,"Net_Contract_Change__c":0.00,"Signed_Quote_Approval__c":false,"Terms_and_Conditions__c":false,"Payment_Portal__c":"Fortra (default)","Original_Contract_ARR__c":0.00,"BillingStateCode":"MN","GrandTotal":67.38,"ShippingPostalCode":"55344","ShippingState":"Minnesota","Mycap__c":false,"Deal_Type__c":"Fortra Originated","Id":"0Q0WC00000382MH0AY","Subscription_Pricing_Discount_Approval__c":false,"Net_Terms__c":"Net_30","Discount":0.00,"Services_Discount_Approval__c":false,"Total_Contract_Value_TCV__c":67.38,"LineItemCount":2,"OwnerId":"005WC00000DZ6xVYAT","OpportunityId":"006WC00000QuJ4DYAV","LegalEntityId":"0fwWC000000034LYAQ","Language__c":"English","ShippingCity":"Eden Prairie","GSW__c":false,"Manually_Sent__c":false,"CalculationStatus":"Saving","Corporate_Currency_Amount__c":67.38,"Annual_Contract_Value_ACV__c":67.38,"Max_Discount_on_QLIs__c":0.00,"Quote_Displaced_ARR__c":0.00,"OriginalActionType":"Renew","Ship_To_Place__c":"a0lWC000004nA5ZYAU","Show_Hide_Product_Number__c":"Show","SystemModstamp":"2026-06-14T02:54:10.000Z","Create_Order_from_Quote__c":false,"BillingCountry":"United States","Manual_Discount__c":0.00,"QuoteToCountryCode":"US","TotalPrice":67.38,"AdditionalCountryCode":"US","Legal_Support_Approval__c":false,"AccountId":"001WC00000kZKNxYAO","ShippingStateCode":"MN","BillingCity":"Eden Prairie","QuoteToCountry":"United States","Total_Discount_Amount__c":0.00,"MYCAP_Approval__c":false,"Name":"Renewal Quote","License_Extension_Approval__c":false,"StartDate":"2026-06-11T00:00:00.000Z","CreatedById":"005WC00000DZ6xVYAT","Auto_Renewal__c":false,"Channel_MSP_Pricing_Discount_Approval__c":false,"BillingPostalCode":"55344","Annualized_License_Equivalent_Base__c":67.38,"Show_Hide_Free_Products__c":"Show","Maintenance_Max_Discount__c":0.00,"Total_Displaced_ARR__c":0.00,"CurrencyIsoCode":"USD","LegacyRenewalQuote__c":false,"Credit_Renewal_ARR__c":false,"ShippingStreet":"11095 Viking Drive","Annuial_Revenue_Base__c":67.38,"AdditionalCountry":"United States","Total_Quote_Line_ARR__c":0.00,"CreatedDate":"2026-06-11T21:14:56.000Z","Pricebook2Id":"01sWC0000022GHFYA2","IsSyncing":false,"Renewal_Cancellation_Approval__c":false,"BillingState":"Minnesota","TransactionType":"Fortra_Advanced_Pric (3 more) ...","Discount_Renewal_ARR__c":false,"Contains_Offensive_Security__c":false,"BillingCountryCode":"US","Temp_License_Key_Extension__c":false,"Disable_Export_Control__c":false,"ContactId":"003WC00000x4jCfYAI","PartnerAccountId":"001WC00000ZtazZYAR","Export_License_Required__c":false,"Billing_Partner__c":"001WC00000ZtazZYAR","SalesTransactionTypeId":"1ChWC0000002eJ70AI","Maintenance_Discount_Approval__c":false,"Partner_Pricing_Model__c":"Discount","ShippingCountry":"United States","LineGroupCount":0,"Approval_Status__c":"None","Unsigned_Quote_Approval__c":false,"ContractId":"800WC00000SB0FtYAL","BillToContactId":"003WC00000x4jCfYAI","QuoteTypeText__c":"Renewal","Approval_Rejected_Checkbox__c":false,"ShippingCountryCode":"US","QuoteNumber":"00781084","CanCreateQuoteLineItems":false,"ALE__c":67.38,"BillingStreet":"11095 Viking Drive","Request_Legal_Support__c":false,"Perpetual_Pricing_Discount_Approval__c":false,"LastModifiedById":"005WC00000MgTN2YAN","Displaced_ARR_Approval__c":false}|0x1d181be1
19:56:16.9 (136138988)|VARIABLE_SCOPE_BEGIN|[251]|source|Quote|true|false
19:56:16.9 (136261043)|VARIABLE_ASSIGNMENT|[251]|source|{"Net_Terms__c":"Net_30","ShippingStateCode":"MN","BillingCity":"Eden Prairie","Bill_To_Place__c":"a0lWC000004nA5ZYAU","BillingCountryCode":"US","QuoteToCountry":"United States","ContactId":"003WC00000x4jCfYAI","PartnerAccountId":"001WC00000ZtazZYAR","Billing_Partner__c":"001WC00000ZtazZYAR","SalesTransactionTypeId":"1ChWC0000002eJ70AI","OpportunityId":"006WC00000QuJ4DYAV","LegalEntityId":"0fwWC000000034LYAQ","Partner_Pricing_Model__c":"Discount","Language__c":"English","ShippingCountry":"United States","BillingPostalCode":"55344","ShippingCity":"Eden Prairie","Ship_To_Place__c":"a0lWC000004nA5ZYAU","BillToContactId":"003WC00000x4jCfYAI","CurrencyIsoCode":"USD","ShippingStreet":"11095 Viking Drive","ShippingCountryCode":"US","Payment_Portal__c":"Fortra (default)","BillingCountry":"United States","BillingStreet":"11095 Viking Drive","BillingStateCode":"MN","ShippingPostalCode":"55344","QuoteToCountryCode":"US","Deal_Type__c":"Fortra Originated","ShippingState":"Minnesota","Id":"0Q0WC0000037yTx0AI","BillingState":"Minnesota"}|0x5eafe35f
19:56:16.9 (136269061)|VARIABLE_SCOPE_BEGIN|[251]|fieldName|String|false|false
19:56:16.9 (136274913)|VARIABLE_ASSIGNMENT|[251]|fieldName|"QuoteToCountry"
19:56:16.9 (136285098)|HEAP_ALLOCATE|[252]|Bytes:5
19:56:16.9 (136289048)|STATEMENT_EXECUTE|[251]
19:56:16.9 (136301828)|SYSTEM_METHOD_ENTRY|[252]|SObject.get(String)
19:56:16.9 (136319063)|HEAP_ALLOCATE|[252]|Bytes:13
19:56:16.9 (136325737)|SYSTEM_METHOD_EXIT|[252]|SObject.get(String)
19:56:16.9 (136331206)|SYSTEM_METHOD_ENTRY|[252]|String.isNotBlank(String)
19:56:16.9 (136335497)|SYSTEM_METHOD_EXIT|[252]|String.isNotBlank(String)
19:56:16.9 (136338123)|STATEMENT_EXECUTE|[252]
19:56:16.9 (136339108)|STATEMENT_EXECUTE|[253]
19:56:16.9 (136345073)|METHOD_EXIT|[236]|01pWC000002WbCz|RenewalQuoteHeaderHandler.copyStringIfBlank(Quote, Quote, String)
19:56:16.9 (136347553)|STATEMENT_EXECUTE|[237]
19:56:16.9 (136349991)|HEAP_ALLOCATE|[237]|Bytes:16
19:56:16.9 (136355408)|METHOD_ENTRY|[237]|01pWC000002WbCz|RenewalQuoteHeaderHandler.copyStringIfBlank(Quote, Quote, String)
19:56:16.9 (136364011)|VARIABLE_SCOPE_BEGIN|[251]|target|Quote|true|false
19:56:16.9 (137080175)|VARIABLE_ASSIGNMENT|[251]|target|{"LastModifiedDate":"2026-06-14T02:54:10.000Z","Quote_Type__c":"Renewal","Bill_To_Place__c":"a0lWC000004nA5ZYAU","Export_Compliance_Status__c":"Pending","Net_Terms_Approval__c":false,"Exchange_Rate_To_USD__c":1.0000000000,"Export_Review_Required__c":false,"Within_Renewal_Window__c":false,"IsPrimary__c":false,"Credit_Renewal_Approval__c":false,"Days_Until_Renewal__c":362,"Renewal_Contract__c":"800WC00000SB0FtYAL","QuoteAccountId":"001WC00000kZKNxYAO","Pro_Ration_Method__c":"Monthly","Renewal_ARR_Approval__c":false,"Status":"Draft","Show_Hide_Discounts__c":"Show","IsDeleted":false,"Subtotal":67.38,"Force_New_Contract__c":false,"Net_Contract_Change__c":0.00,"Signed_Quote_Approval__c":false,"Terms_and_Conditions__c":false,"Payment_Portal__c":"Fortra (default)","Original_Contract_ARR__c":0.00,"BillingStateCode":"MN","GrandTotal":67.38,"ShippingPostalCode":"55344","ShippingState":"Minnesota","Mycap__c":false,"Deal_Type__c":"Fortra Originated","Id":"0Q0WC00000382MH0AY","Subscription_Pricing_Discount_Approval__c":false,"Net_Terms__c":"Net_30","Discount":0.00,"Services_Discount_Approval__c":false,"Total_Contract_Value_TCV__c":67.38,"LineItemCount":2,"OwnerId":"005WC00000DZ6xVYAT","OpportunityId":"006WC00000QuJ4DYAV","LegalEntityId":"0fwWC000000034LYAQ","Language__c":"English","ShippingCity":"Eden Prairie","GSW__c":false,"Manually_Sent__c":false,"CalculationStatus":"Saving","Corporate_Currency_Amount__c":67.38,"Annual_Contract_Value_ACV__c":67.38,"Max_Discount_on_QLIs__c":0.00,"Quote_Displaced_ARR__c":0.00,"OriginalActionType":"Renew","Ship_To_Place__c":"a0lWC000004nA5ZYAU","Show_Hide_Product_Number__c":"Show","SystemModstamp":"2026-06-14T02:54:10.000Z","Create_Order_from_Quote__c":false,"BillingCountry":"United States","Manual_Discount__c":0.00,"QuoteToCountryCode":"US","TotalPrice":67.38,"AdditionalCountryCode":"US","Legal_Support_Approval__c":false,"AccountId":"001WC00000kZKNxYAO","ShippingStateCode":"MN","BillingCity":"Eden Prairie","QuoteToCountry":"United States","Total_Discount_Amount__c":0.00,"MYCAP_Approval__c":false,"Name":"Renewal Quote","License_Extension_Approval__c":false,"StartDate":"2026-06-11T00:00:00.000Z","CreatedById":"005WC00000DZ6xVYAT","Auto_Renewal__c":false,"Channel_MSP_Pricing_Discount_Approval__c":false,"BillingPostalCode":"55344","Annualized_License_Equivalent_Base__c":67.38,"Show_Hide_Free_Products__c":"Show","Maintenance_Max_Discount__c":0.00,"Total_Displaced_ARR__c":0.00,"CurrencyIsoCode":"USD","LegacyRenewalQuote__c":false,"Credit_Renewal_ARR__c":false,"ShippingStreet":"11095 Viking Drive","Annuial_Revenue_Base__c":67.38,"AdditionalCountry":"United States","Total_Quote_Line_ARR__c":0.00,"CreatedDate":"2026-06-11T21:14:56.000Z","Pricebook2Id":"01sWC0000022GHFYA2","IsSyncing":false,"Renewal_Cancellation_Approval__c":false,"BillingState":"Minnesota","TransactionType":"Fortra_Advanced_Pric (3 more) ...","Discount_Renewal_ARR__c":false,"Contains_Offensive_Security__c":false,"BillingCountryCode":"US","Temp_License_Key_Extension__c":false,"Disable_Export_Control__c":false,"ContactId":"003WC00000x4jCfYAI","PartnerAccountId":"001WC00000ZtazZYAR","Export_License_Required__c":false,"Billing_Partner__c":"001WC00000ZtazZYAR","SalesTransactionTypeId":"1ChWC0000002eJ70AI","Maintenance_Discount_Approval__c":false,"Partner_Pricing_Model__c":"Discount","ShippingCountry":"United States","LineGroupCount":0,"Approval_Status__c":"None","Unsigned_Quote_Approval__c":false,"ContractId":"800WC00000SB0FtYAL","BillToContactId":"003WC00000x4jCfYAI","QuoteTypeText__c":"Renewal","Approval_Rejected_Checkbox__c":false,"ShippingCountryCode":"US","QuoteNumber":"00781084","CanCreateQuoteLineItems":false,"ALE__c":67.38,"BillingStreet":"11095 Viking Drive","Request_Legal_Support__c":false,"Perpetual_Pricing_Discount_Approval__c":false,"LastModifiedById":"005WC00000MgTN2YAN","Displaced_ARR_Approval__c":false}|0x1d181be1
19:56:16.9 (137107317)|VARIABLE_SCOPE_BEGIN|[251]|source|Quote|true|false
19:56:16.9 (137226154)|VARIABLE_ASSIGNMENT|[251]|source|{"Net_Terms__c":"Net_30","ShippingStateCode":"MN","BillingCity":"Eden Prairie","Bill_To_Place__c":"a0lWC000004nA5ZYAU","BillingCountryCode":"US","QuoteToCountry":"United States","ContactId":"003WC00000x4jCfYAI","PartnerAccountId":"001WC00000ZtazZYAR","Billing_Partner__c":"001WC00000ZtazZYAR","SalesTransactionTypeId":"1ChWC0000002eJ70AI","OpportunityId":"006WC00000QuJ4DYAV","LegalEntityId":"0fwWC000000034LYAQ","Partner_Pricing_Model__c":"Discount","Language__c":"English","ShippingCountry":"United States","BillingPostalCode":"55344","ShippingCity":"Eden Prairie","Ship_To_Place__c":"a0lWC000004nA5ZYAU","BillToContactId":"003WC00000x4jCfYAI","CurrencyIsoCode":"USD","ShippingStreet":"11095 Viking Drive","ShippingCountryCode":"US","Payment_Portal__c":"Fortra (default)","BillingCountry":"United States","BillingStreet":"11095 Viking Drive","BillingStateCode":"MN","ShippingPostalCode":"55344","QuoteToCountryCode":"US","Deal_Type__c":"Fortra Originated","ShippingState":"Minnesota","Id":"0Q0WC0000037yTx0AI","BillingState":"Minnesota"}|0x5eafe35f
19:56:16.9 (137233869)|VARIABLE_SCOPE_BEGIN|[251]|fieldName|String|false|false
19:56:16.9 (137240089)|VARIABLE_ASSIGNMENT|[251]|fieldName|"QuoteToStateCode"
19:56:16.9 (137249678)|HEAP_ALLOCATE|[252]|Bytes:5
19:56:16.9 (137253464)|STATEMENT_EXECUTE|[251]
19:56:16.9 (137265784)|SYSTEM_METHOD_ENTRY|[252]|SObject.get(String)
19:56:16.9 (137290469)|SYSTEM_METHOD_EXIT|[252]|SObject.get(String)
19:56:16.9 (137295938)|SYSTEM_METHOD_ENTRY|[252]|String.isNotBlank(String)
19:56:16.9 (137300315)|SYSTEM_METHOD_EXIT|[252]|String.isNotBlank(String)
19:56:16.9 (137302897)|STATEMENT_EXECUTE|[252]
19:56:16.9 (137304150)|STATEMENT_EXECUTE|[255]
19:56:16.9 (137308344)|SYSTEM_METHOD_ENTRY|[255]|SObject.get(String)
19:56:16.9 (137319685)|SYSTEM_METHOD_EXIT|[255]|SObject.get(String)
19:56:16.9 (137322912)|VARIABLE_SCOPE_BEGIN|[255]|sourceValue|String|false|false
19:56:16.9 (137328524)|VARIABLE_ASSIGNMENT|[255]|sourceValue|null
19:56:16.9 (137333344)|SYSTEM_METHOD_ENTRY|[256]|String.isNotBlank(String)
19:56:16.9 (137337049)|SYSTEM_METHOD_EXIT|[256]|String.isNotBlank(String)
19:56:16.9 (137338875)|STATEMENT_EXECUTE|[256]
19:56:16.9 (137344997)|METHOD_EXIT|[237]|01pWC000002WbCz|RenewalQuoteHeaderHandler.copyStringIfBlank(Quote, Quote, String)
19:56:16.9 (137347989)|STATEMENT_EXECUTE|[238]
19:56:16.9 (137350957)|HEAP_ALLOCATE|[238]|Bytes:18
19:56:16.9 (137356569)|METHOD_ENTRY|[238]|01pWC000002WbCz|RenewalQuoteHeaderHandler.copyStringIfBlank(Quote, Quote, String)
19:56:16.9 (137365168)|VARIABLE_SCOPE_BEGIN|[251]|target|Quote|true|false
19:56:16.9 (138086518)|VARIABLE_ASSIGNMENT|[251]|target|{"LastModifiedDate":"2026-06-14T02:54:10.000Z","Quote_Type__c":"Renewal","Bill_To_Place__c":"a0lWC000004nA5ZYAU","Export_Compliance_Status__c":"Pending","Net_Terms_Approval__c":false,"Exchange_Rate_To_USD__c":1.0000000000,"Export_Review_Required__c":false,"Within_Renewal_Window__c":false,"IsPrimary__c":false,"Credit_Renewal_Approval__c":false,"Days_Until_Renewal__c":362,"Renewal_Contract__c":"800WC00000SB0FtYAL","QuoteAccountId":"001WC00000kZKNxYAO","Pro_Ration_Method__c":"Monthly","Renewal_ARR_Approval__c":false,"Status":"Draft","Show_Hide_Discounts__c":"Show","IsDeleted":false,"Subtotal":67.38,"Force_New_Contract__c":false,"Net_Contract_Change__c":0.00,"Signed_Quote_Approval__c":false,"Terms_and_Conditions__c":false,"Payment_Portal__c":"Fortra (default)","Original_Contract_ARR__c":0.00,"BillingStateCode":"MN","GrandTotal":67.38,"ShippingPostalCode":"55344","ShippingState":"Minnesota","Mycap__c":false,"Deal_Type__c":"Fortra Originated","Id":"0Q0WC00000382MH0AY","Subscription_Pricing_Discount_Approval__c":false,"Net_Terms__c":"Net_30","Discount":0.00,"Services_Discount_Approval__c":false,"Total_Contract_Value_TCV__c":67.38,"LineItemCount":2,"OwnerId":"005WC00000DZ6xVYAT","OpportunityId":"006WC00000QuJ4DYAV","LegalEntityId":"0fwWC000000034LYAQ","Language__c":"English","ShippingCity":"Eden Prairie","GSW__c":false,"Manually_Sent__c":false,"CalculationStatus":"Saving","Corporate_Currency_Amount__c":67.38,"Annual_Contract_Value_ACV__c":67.38,"Max_Discount_on_QLIs__c":0.00,"Quote_Displaced_ARR__c":0.00,"OriginalActionType":"Renew","Ship_To_Place__c":"a0lWC000004nA5ZYAU","Show_Hide_Product_Number__c":"Show","SystemModstamp":"2026-06-14T02:54:10.000Z","Create_Order_from_Quote__c":false,"BillingCountry":"United States","Manual_Discount__c":0.00,"QuoteToCountryCode":"US","TotalPrice":67.38,"AdditionalCountryCode":"US","Legal_Support_Approval__c":false,"AccountId":"001WC00000kZKNxYAO","ShippingStateCode":"MN","BillingCity":"Eden Prairie","QuoteToCountry":"United States","Total_Discount_Amount__c":0.00,"MYCAP_Approval__c":false,"Name":"Renewal Quote","License_Extension_Approval__c":false,"StartDate":"2026-06-11T00:00:00.000Z","CreatedById":"005WC00000DZ6xVYAT","Auto_Renewal__c":false,"Channel_MSP_Pricing_Discount_Approval__c":false,"BillingPostalCode":"55344","Annualized_License_Equivalent_Base__c":67.38,"Show_Hide_Free_Products__c":"Show","Maintenance_Max_Discount__c":0.00,"Total_Displaced_ARR__c":0.00,"CurrencyIsoCode":"USD","LegacyRenewalQuote__c":false,"Credit_Renewal_ARR__c":false,"ShippingStreet":"11095 Viking Drive","Annuial_Revenue_Base__c":67.38,"AdditionalCountry":"United States","Total_Quote_Line_ARR__c":0.00,"CreatedDate":"2026-06-11T21:14:56.000Z","Pricebook2Id":"01sWC0000022GHFYA2","IsSyncing":false,"Renewal_Cancellation_Approval__c":false,"BillingState":"Minnesota","TransactionType":"Fortra_Advanced_Pric (3 more) ...","Discount_Renewal_ARR__c":false,"Contains_Offensive_Security__c":false,"BillingCountryCode":"US","Temp_License_Key_Extension__c":false,"Disable_Export_Control__c":false,"ContactId":"003WC00000x4jCfYAI","PartnerAccountId":"001WC00000ZtazZYAR","Export_License_Required__c":false,"Billing_Partner__c":"001WC00000ZtazZYAR","SalesTransactionTypeId":"1ChWC0000002eJ70AI","Maintenance_Discount_Approval__c":false,"Partner_Pricing_Model__c":"Discount","ShippingCountry":"United States","LineGroupCount":0,"Approval_Status__c":"None","Unsigned_Quote_Approval__c":false,"ContractId":"800WC00000SB0FtYAL","BillToContactId":"003WC00000x4jCfYAI","QuoteTypeText__c":"Renewal","Approval_Rejected_Checkbox__c":false,"ShippingCountryCode":"US","QuoteNumber":"00781084","CanCreateQuoteLineItems":false,"ALE__c":67.38,"BillingStreet":"11095 Viking Drive","Request_Legal_Support__c":false,"Perpetual_Pricing_Discount_Approval__c":false,"LastModifiedById":"005WC00000MgTN2YAN","Displaced_ARR_Approval__c":false}|0x1d181be1
19:56:16.9 (138113645)|VARIABLE_SCOPE_BEGIN|[251]|source|Quote|true|false
19:56:16.9 (138230189)|VARIABLE_ASSIGNMENT|[251]|source|{"Net_Terms__c":"Net_30","ShippingStateCode":"MN","BillingCity":"Eden Prairie","Bill_To_Place__c":"a0lWC000004nA5ZYAU","BillingCountryCode":"US","QuoteToCountry":"United States","ContactId":"003WC00000x4jCfYAI","PartnerAccountId":"001WC00000ZtazZYAR","Billing_Partner__c":"001WC00000ZtazZYAR","SalesTransactionTypeId":"1ChWC0000002eJ70AI","OpportunityId":"006WC00000QuJ4DYAV","LegalEntityId":"0fwWC000000034LYAQ","Partner_Pricing_Model__c":"Discount","Language__c":"English","ShippingCountry":"United States","BillingPostalCode":"55344","ShippingCity":"Eden Prairie","Ship_To_Place__c":"a0lWC000004nA5ZYAU","BillToContactId":"003WC00000x4jCfYAI","CurrencyIsoCode":"USD","ShippingStreet":"11095 Viking Drive","ShippingCountryCode":"US","Payment_Portal__c":"Fortra (default)","BillingCountry":"United States","BillingStreet":"11095 Viking Drive","BillingStateCode":"MN","ShippingPostalCode":"55344","QuoteToCountryCode":"US","Deal_Type__c":"Fortra Originated","ShippingState":"Minnesota","Id":"0Q0WC0000037yTx0AI","BillingState":"Minnesota"}|0x5eafe35f
19:56:16.9 (138238686)|VARIABLE_SCOPE_BEGIN|[251]|fieldName|String|false|false
19:56:16.9 (138244502)|VARIABLE_ASSIGNMENT|[251]|fieldName|"QuoteToCountryCode"
19:56:16.9 (138255462)|HEAP_ALLOCATE|[252]|Bytes:5
19:56:16.9 (138260282)|STATEMENT_EXECUTE|[251]
19:56:16.9 (138308406)|SYSTEM_METHOD_ENTRY|[252]|SObject.get(String)
19:56:16.9 (138328148)|HEAP_ALLOCATE|[252]|Bytes:2
19:56:16.9 (138342072)|SYSTEM_METHOD_EXIT|[252]|SObject.get(String)
19:56:16.9 (138351536)|SYSTEM_METHOD_ENTRY|[252]|String.isNotBlank(String)
19:56:16.9 (138359474)|SYSTEM_METHOD_EXIT|[252]|String.isNotBlank(String)
19:56:16.9 (138362956)|STATEMENT_EXECUTE|[252]
19:56:16.9 (138364204)|STATEMENT_EXECUTE|[253]
19:56:16.9 (138373995)|METHOD_EXIT|[238]|01pWC000002WbCz|RenewalQuoteHeaderHandler.copyStringIfBlank(Quote, Quote, String)
19:56:16.9 (138384038)|METHOD_EXIT|[44]|01pWC000002WbCz|RenewalQuoteHeaderHandler.stampHeaderFields(Quote, Quote)
19:56:16.9 (138397695)|SYSTEM_METHOD_ENTRY|[39]|com.salesforce.api.fast.SetIterator..lcom.force.swag.id.ID..r.hasNext()
19:56:16.9 (138406078)|HEAP_ALLOCATE|[39]|Bytes:5
19:56:16.9 (138412213)|SYSTEM_METHOD_EXIT|[39]|com.salesforce.api.fast.SetIterator..lcom.force.swag.id.ID..r.hasNext()
19:56:16.9 (138421001)|VARIABLE_ASSIGNMENT|[39]|contractId|null
19:56:16.9 (138436173)|SYSTEM_MODE_EXIT|false
19:56:16.9 (138446885)|METHOD_EXIT|[7]|01pWC000002WbCz|RenewalQuoteHeaderHandler.applyRenewalQuoteHeaders(List<Quote>)
19:56:16.138 (138466403)|CUMULATIVE_LIMIT_USAGE
19:56:16.138 (138466403)|LIMIT_USAGE_FOR_NS|(default)|
  Number of SOQL queries: 3 out of 100
  Number of query rows: 2 out of 50000
  Number of SOSL queries: 0 out of 20
  Number of DML statements: 0 out of 150
  Number of Publish Immediate DML: 0 out of 150
  Number of DML rows: 0 out of 10000
  Maximum CPU time: 0 out of 10000
  Maximum heap size: 0 out of 6000000
  Number of callouts: 0 out of 100
  Number of Email Invocations: 0 out of 10
  Number of future calls: 0 out of 50
  Number of queueable jobs added to the queue: 0 out of 50
  Number of Mobile Apex push calls: 0 out of 10

19:56:16.138 (138466403)|TOTAL_EMAIL_RECIPIENTS_QUEUED|0
19:56:16.138 (138466403)|STATIC_VARIABLE_LIST|
  int:BYTES:0
  int:BYTES:0
  byte[]:DigitOnes:0
  byte[]:DigitTens:0
  Boolean:FALSE:0
  int:MAX_EXPONENT:0
  double:MAX_VALUE:0
  int:MAX_VALUE:0
  int:MIN_EXPONENT:0
  double:MIN_NORMAL:0
  double:MIN_VALUE:0
  int:MIN_VALUE:0
  double:NEGATIVE_INFINITY:0
  double:NaN:0
  double:POSITIVE_INFINITY:0
  int:PRECISION:0
  int:SIZE:0
  int:SIZE:0
  Boolean:TRUE:0
  String:__sfdcParameterizedTypes:0
  String:_sfdcAdditionalCodeLocations:0
  String:_sfdcAdditionalCodeLocations:0
  String:_sfdcAdditionalCodeLocations:0
  String:_sfdcAdditionalCodeLocations:0
  String:_sfdcAdditionalCodeLocations:0
  String:_static_ORIGINAL_ACTION_RENEW:0
  String:_static_QUOTE_TYPE_RENEWAL:0
  char[]:digits:0
  long:serialVersionUID:0
  long:serialVersionUID:0
  long:serialVersionUID:0

19:56:16.138 (138466403)|CUMULATIVE_LIMIT_USAGE_END

19:56:16.9 (138960977)|CODE_UNIT_FINISHED|QuoteTrigger on Quote trigger event BeforeUpdate|__sfdc_trigger/QuoteTrigger
19:56:16.9 (172690822)|CODE_UNIT_STARTED|[EXTERNAL]|Validation:Quote:0Q0WC00000382MH
19:56:16.9 (172722513)|VALIDATION_RULE|03dWC000001hZQ9|Enforce_Amendment_Sales_Restriction
19:56:16.9 (175818709)|VALIDATION_FORMULA|AND(
    ISPICKVAL(Quote_Type__c, 'Amendment'),
    Within_Renewal_Window__c = TRUE,
    NOT(
        OR(
            ISPICKVAL(Amendment_Reason__c, 'Upsell'),
            ISPICKVAL(Amendment_Reason__c, 'Cross-sell')
        )
    ),
    NOT(CONTAINS($UserRole.Name, 'Customer Ops')),
    NOT(CONTAINS($UserRole.Name, 'Operations'))
)|Within_Renewal_Window__c=0 , Quote_Type__c=Renewal , Amendment_Reason__c=null , $UserRole.Name=System Admin
19:56:16.9 (175841299)|VALIDATION_PASS
19:56:16.9 (175844179)|VALIDATION_RULE|03dWC000001pC09|Quote_BillToContactAcct_Equal_QuoteAcct
19:56:16.9 (176053244)|VALIDATION_FORMULA|AND(
NOT(ISBLANK(BillToContact.AccountId)),
 BillToContact.AccountId != QuoteAccountId
)|BillToContact.AccountId=001WC00000kZKNx , QuoteAccountId=001WC00000kZKNx
19:56:16.9 (176058767)|VALIDATION_PASS
19:56:16.9 (176060531)|VALIDATION_RULE|03dWC000001pC3N|Quote_BillToPlacceAcct_Equal_QuoteAcct
19:56:16.9 (176169630)|VALIDATION_FORMULA|AND(
NOT(ISBLANK(Bill_To_Place__r.Account__c)),
 Bill_To_Place__r.Account__c !=  QuoteAccountId 
)|Bill_To_Place__r.Account__c=001WC00000kZKNx , QuoteAccountId=001WC00000kZKNx
19:56:16.9 (176173878)|VALIDATION_PASS
19:56:16.9 (176176008)|VALIDATION_RULE|03dWC000001hZQA|Sales_Cannot_Create_Downsell
19:56:16.9 (176364847)|VALIDATION_FORMULA|AND(
    ISPICKVAL(Quote_Type__c, 'Amendment'),
    OR(
        ISPICKVAL(Amendment_Reason__c, 'Downsell'),
        ISPICKVAL(Amendment_Reason__c, 'Full Cancellation')
    ),
    NOT(CONTAINS($UserRole.Name, 'Customer Ops')),
    NOT(CONTAINS($UserRole.Name, 'Operations'))
)|Quote_Type__c=Renewal , Amendment_Reason__c=null , $UserRole.Name=System Admin
19:56:16.9 (176370857)|VALIDATION_PASS
19:56:16.9 (176380440)|CODE_UNIT_FINISHED|Validation:Quote:0Q0WC00000382MH
19:56:16.9 (189200716)|CODE_UNIT_STARTED|[EXTERNAL]|01qWC000005ZrWR|QuoteSyncingTrigger on Quote trigger event AfterUpdate|__sfdc_trigger/QuoteSyncingTrigger
19:56:16.9 (189268716)|HEAP_ALLOCATE|[EXTERNAL]|Bytes:8
19:56:16.9 (189353038)|HEAP_ALLOCATE|[EXTERNAL]|Bytes:8
19:56:16.9 (189501856)|HEAP_ALLOCATE|[EXTERNAL]|Bytes:4
19:56:16.9 (189515821)|VARIABLE_SCOPE_BEGIN|[4]|this|QuoteSyncingTrigger|true|false
19:56:16.9 (189576878)|VARIABLE_ASSIGNMENT|[4]|this|{}|0x36670b85
19:56:16.9 (189617181)|HEAP_ALLOCATE|[EXTERNAL]|Bytes:4
19:56:16.9 (189622406)|VARIABLE_SCOPE_BEGIN|[4]|this|QuoteSyncingTrigger|true|false
19:56:16.9 (189630236)|VARIABLE_ASSIGNMENT|[4]|this|{}|0x36670b85
19:56:16.9 (189636666)|STATEMENT_EXECUTE|[4]
19:56:16.9 (189638103)|STATEMENT_EXECUTE|[5]
19:56:16.9 (192102618)|HEAP_ALLOCATE|[5]|Bytes:5
19:56:16.9 (192149792)|METHOD_ENTRY|[4]|01pWC000001wqaV|QuoteSyncingTriggerHandler.QuoteSyncingTriggerHandler()
19:56:16.9 (192155962)|STATEMENT_EXECUTE|[4]
19:56:16.9 (192161605)|STATEMENT_EXECUTE|[4]
19:56:16.9 (193333462)|SYSTEM_MODE_ENTER|false
19:56:16.9 (193356313)|HEAP_ALLOCATE|[5]|Bytes:5
19:56:16.9 (193370893)|SYSTEM_MODE_EXIT|false
19:56:16.9 (193392843)|METHOD_EXIT|[4]|QuoteSyncingTriggerHandler
19:56:16.9 (193450171)|METHOD_ENTRY|[5]|01pWC000001wqaV|QuoteSyncingTriggerHandler.handleAfterUpdate(List<Quote>, Map<Id,Quote>)
19:56:16.9 (193484015)|VARIABLE_SCOPE_BEGIN|[11]|newQuotes|List<Quote>|true|false
19:56:16.9 (196765240)|VARIABLE_ASSIGNMENT|[11]|newQuotes|[{"LastModifiedDate":"2026-06-14T02:56:16.000Z","Quote_Type__c":"Renewal","Bill_To_Place__c":"a0lWC000004nA5ZYAU","Export_Compliance_Status__c":"Pending","Net_Terms_Approval__c":false,"Exchange_Rate_To_USD__c":1.0000000000,"Export_Review_Required__c":false,"Within_Renewal_Window__c":false,"IsPrimary__c":false,"Credit_Renewal_Approval__c":false,"Days_Until_Renewal__c":362,"Renewal_Contract__c":"800WC00000SB0FtYAL","QuoteAccountId":"001WC00000kZKNxYAO","Pro_Ration_Method__c":"Monthly","Renewal_ARR_Approval__c":false,"Status":"Draft","Show_Hide_Discounts__c":"Show","IsDeleted":false,"Subtotal":67.38,"Force_New_Contract__c":false,"Net_Contract_Change__c":0.00,"Signed_Quote_Approval__c":false,"Terms_and_Conditions__c":false,"Payment_Portal__c":"Fortra (default)","Original_Contract_ARR__c":0.00,"BillingStateCode":"MN","GrandTotal":67.38,"ShippingPostalCode":"55344","ShippingState":"Minnesota","Mycap__c":false,"Deal_Type__c":"Fortra Originated","Id":"0Q0WC00000382MH0AY","Subscription_Pricing_Discount_Approval__c":false,"Net_Terms__c":"Net_30","Discount":0.00,"Services_Discount_Approval__c":false,"Total_Contract_Value_TCV__c":67.38,"LineItemCount":2,"OwnerId":"005WC00000DZ6xVYAT","OpportunityId":"006WC00000QuJ4DYAV","LegalEntityId":"0fwWC000000034LYAQ","Language__c":"English","ShippingCity":"Eden Prairie","GSW__c":false,"Manually_Sent__c":false,"CalculationStatus":"Saving","Corporate_Currency_Amount__c":67.38,"Annual_Contract_Value_ACV__c":67.38,"Max_Discount_on_QLIs__c":0.00,"Quote_Displaced_ARR__c":0.00,"OriginalActionType":"Renew","Ship_To_Place__c":"a0lWC000004nA5ZYAU","Show_Hide_Product_Number__c":"Show","SystemModstamp":"2026-06-14T02:56:16.000Z","Create_Order_from_Quote__c":false,"BillingCountry":"United States","Manual_Discount__c":0.00,"QuoteToCountryCode":"US","TotalPrice":67.38,"AdditionalCountryCode":"US","Legal_Support_Approval__c":false,"AccountId":"001WC00000kZKNxYAO","ShippingStateCode":"MN","BillingCity":"Eden Prairie","QuoteToCountry":"United States","Total_Discount_Amount__c":0.00,"MYCAP_Approval__c":false,"Name":"Renewal Quote","License_Extension_Approval__c":false,"StartDate":"2026-06-11T00:00:00.000Z","CreatedById":"005WC00000DZ6xVYAT","Auto_Renewal__c":false,"Channel_MSP_Pricing_Discount_Approval__c":false,"BillingPostalCode":"55344","Annualized_License_Equivalent_Base__c":67.38,"Show_Hide_Free_Products__c":"Show","Maintenance_Max_Discount__c":0.00,"Total_Displaced_ARR__c":0.00,"CurrencyIsoCode":"USD","LegacyRenewalQuote__c":false,"Credit_Renewal_ARR__c":false,"ShippingStreet":"11095 Viking Drive","Annuial_Revenue_Base__c":67.38,"AdditionalCountry":"United States","Total_Quote_Line_ARR__c":0.00,"CreatedDate":"2026-06-11T21:14:56.000Z","Pricebook2Id":"01sWC0000022GHFYA2","IsSyncing":false,"Renewal_Cancellation_Approval__c":false,"BillingState":"Minnesota","Discount_Renewal_ARR__c":false,"Contains_Offensive_Security__c":false,"BillingCountryCode":"US","Temp_License_Key_Extension__c":false,"Disable_Export_Control__c":false,"ContactId":"003WC00000x4jCfYAI","PartnerAccountId":"001WC00000ZtazZYAR","Export_License_Required__c":false,"Billing_Partner__c":"001WC00000ZtazZYAR","SalesTransactionTypeId":"1ChWC0000002eJ70AI","Maintenance_Discount_Approval__c":false,"Partner_Pricing_Model__c":"Discount","ShippingCountry":"United States","Approval_Status__c":"None","Unsigned_Quote_Approval__c":false,"ContractId":"800WC00000SB0FtYAL","BillToContactId":"003WC00000x4jCfYAI","QuoteTypeText__c":"Renewal","Approval_Rejected_Checkbox__c":false,"ShippingCountryCode":"US","QuoteNumber":"00781084","CanCreateQuoteLineItems":false,"ALE__c":67.38,"BillingStreet":"11095 Viking Drive","Request_Legal_Support__c":false,"Perpetual_Pricing_Discount_Approval__c":false,"LastModifiedById":"005WC00000MgTN2YAN","Displaced_ARR_Approval__c":false}]|0x2f6bf49e
19:56:16.9 (196930070)|VARIABLE_SCOPE_BEGIN|[11]|oldQuoteMap|Map<Id,Quote>|true|false
19:56:16.9 (198834936)|VARIABLE_ASSIGNMENT|[11]|oldQuoteMap|{"0Q0WC00000382MH0AY":{"LastModifiedDate":"2026-06-14T02:54:10.000Z","Quote_Type__c":"Renewal","Bill_To_Place__c":"a0lWC000004nA5ZYAU","Export_Compliance_Status__c":"Pending","Net_Terms_Approval__c":false,"Exchange_Rate_To_USD__c":1.0000000000,"Export_Review_Required__c":false,"Within_Renewal_Window__c":false,"IsPrimary__c":false,"Credit_Renewal_Approval__c":false,"Days_Until_Renewal__c":362,"Renewal_Contract__c":"800WC00000SB0FtYAL","QuoteAccountId":"001WC00000kZKNxYAO","Pro_Ration_Method__c":"Monthly","Renewal_ARR_Approval__c":false,"Status":"Draft","Show_Hide_Discounts__c":"Show","IsDeleted":false,"Subtotal":67.38,"Force_New_Contract__c":false,"Net_Contract_Change__c":0.00,"Signed_Quote_Approval__c":false,"Terms_and_Conditions__c":false,"Payment_Portal__c":"Fortra (default)","Original_Contract_ARR__c":0.00,"BillingStateCode":"MN","GrandTotal":67.38,"ShippingPostalCode":"55344","ShippingState":"Minnesota","Mycap__c":false,"Deal_Type__c":"Fortra Originated","Id":"0Q0WC00000382MH0AY","Subscription_Pricing_Discount_Approval__c":false,"Net_Terms__c":"Net_30","Discount":0.00,"Services_Discount_Approval__c":false,"Total_Contract_Value_TCV__c":67.38,"LineItemCount":2,"OwnerId":"005WC00000DZ6xVYAT","OpportunityId":"006WC00000QuJ4DYAV","LegalEntityId":"0fwWC000000034LYAQ","Language__c":"English","ShippingCity":"Eden Prairie","GSW__c":false,"Manually_Sent__c":false,"CalculationStatus":"CompletedWithPricing","Corporate_Currency_Amount__c":67.38,"Annual_Contract_Value_ACV__c":67.38,"Max_Discount_on_QLIs__c":0.00,"Quote_Displaced_ARR__c":0.00,"OriginalActionType":"Renew","Ship_To_Place__c":"a0lWC000004nA5ZYAU","Show_Hide_Product_Number__c":"Show","SystemModstamp":"2026-06-14T02:54:10.000Z","Create_Order_from_Quote__c":false,"BillingCountry":"United States","Manual_Discount__c":0.00,"QuoteToCountryCode":"US","TotalPrice":67.38,"AdditionalCountryCode":"US","Legal_Support_Approval__c":false,"AccountId":"001WC00000kZKNxYAO","ShippingStateCode":"MN","BillingCity":"Eden Prairie","QuoteToCountry":"United States","Total_Discount_Amount__c":0.00,"MYCAP_Approval__c":false,"Name":"Renewal Quote","License_Extension_Approval__c":false,"StartDate":"2026-06-11T00:00:00.000Z","CreatedById":"005WC00000DZ6xVYAT","Auto_Renewal__c":false,"Channel_MSP_Pricing_Discount_Approval__c":false,"BillingPostalCode":"55344","Annualized_License_Equivalent_Base__c":67.38,"Show_Hide_Free_Products__c":"Show","Maintenance_Max_Discount__c":0.00,"Total_Displaced_ARR__c":0.00,"CurrencyIsoCode":"USD","LegacyRenewalQuote__c":false,"Credit_Renewal_ARR__c":false,"ShippingStreet":"11095 Viking Drive","Annuial_Revenue_Base__c":67.38,"AdditionalCountry":"United States","Total_Quote_Line_ARR__c":0.00,"CreatedDate":"2026-06-11T21:14:56.000Z","Pricebook2Id":"01sWC0000022GHFYA2","IsSyncing":false,"Renewal_Cancellation_Approval__c":false,"BillingState":"Minnesota","Discount_Renewal_ARR__c":false,"Contains_Offensive_Security__c":false,"BillingCountryCode":"US","Temp_License_Key_Extension__c":false,"Disable_Export_Control__c":false,"ContactId":"003WC00000x4jCfYAI","PartnerAccountId":"001WC00000ZtazZYAR","Export_License_Required__c":false,"Billing_Partner__c":"001WC00000ZtazZYAR","SalesTransactionTypeId":"1ChWC0000002eJ70AI","Maintenance_Discount_Approval__c":false,"Partner_Pricing_Model__c":"Discount","ShippingCountry":"United States","Approval_Status__c":"None","Unsigned_Quote_Approval__c":false,"ContractId":"800WC00000SB0FtYAL","BillToContactId":"003WC00000x4jCfYAI","QuoteTypeText__c":"Renewal","Approval_Rejected_Checkbox__c":false,"ShippingCountryCode":"US","QuoteNumber":"00781084","CanCreateQuoteLineItems":false,"ALE__c":67.38,"BillingStreet":"11095 Viking Drive","Request_Legal_Support__c":false,"Perpetual_Pricing_Discount_Approval__c":false,"LastModifiedById":"005WC00000MgTN2YAN","Displaced_ARR_Approval__c":false}}|0x36ee60ed
19:56:16.9 (198880630)|SYSTEM_MODE_ENTER|false
19:56:16.9 (198895439)|HEAP_ALLOCATE|[13]|Bytes:5
19:56:16.9 (198904874)|STATEMENT_EXECUTE|[11]
19:56:16.9 (198906520)|STATEMENT_EXECUTE|[13]
19:56:16.9 (198925887)|HEAP_ALLOCATE|[13]|Bytes:4
19:56:16.9 (198962094)|SYSTEM_CONSTRUCTOR_ENTRY|[13]|<init>(Integer)
19:56:16.9 (199008886)|SYSTEM_CONSTRUCTOR_EXIT|[13]|<init>(Integer)
19:56:16.9 (199013427)|VARIABLE_SCOPE_BEGIN|[13]|opportunityIds|Set<Id>|true|false
19:56:16.9 (199052295)|VARIABLE_ASSIGNMENT|[13]|opportunityIds|[]|0x54935976
19:56:16.9 (199071433)|SYSTEM_METHOD_ENTRY|[15]|List<Quote>.iterator()
19:56:16.9 (199088770)|SYSTEM_METHOD_EXIT|[15]|List<Quote>.iterator()
19:56:16.9 (199099729)|SYSTEM_METHOD_ENTRY|[15]|system.ListIterator.hasNext()
19:56:16.9 (199108122)|HEAP_ALLOCATE|[15]|Bytes:5
19:56:16.9 (199113354)|SYSTEM_METHOD_EXIT|[15]|system.ListIterator.hasNext()
19:56:16.9 (199135650)|VARIABLE_SCOPE_BEGIN|[15]|newQuote|Quote|true|false
19:56:16.9 (200302749)|VARIABLE_ASSIGNMENT|[15]|newQuote|{"LastModifiedDate":"2026-06-14T02:56:16.000Z","Quote_Type__c":"Renewal","Bill_To_Place__c":"a0lWC000004nA5ZYAU","Export_Compliance_Status__c":"Pending","Net_Terms_Approval__c":false,"Exchange_Rate_To_USD__c":1.0000000000,"Export_Review_Required__c":false,"Within_Renewal_Window__c":false,"IsPrimary__c":false,"Credit_Renewal_Approval__c":false,"Days_Until_Renewal__c":362,"Renewal_Contract__c":"800WC00000SB0FtYAL","QuoteAccountId":"001WC00000kZKNxYAO","Pro_Ration_Method__c":"Monthly","Renewal_ARR_Approval__c":false,"Status":"Draft","Show_Hide_Discounts__c":"Show","IsDeleted":false,"Subtotal":67.38,"Force_New_Contract__c":false,"Net_Contract_Change__c":0.00,"Signed_Quote_Approval__c":false,"Terms_and_Conditions__c":false,"Payment_Portal__c":"Fortra (default)","Original_Contract_ARR__c":0.00,"BillingStateCode":"MN","GrandTotal":67.38,"ShippingPostalCode":"55344","ShippingState":"Minnesota","Mycap__c":false,"Deal_Type__c":"Fortra Originated","Id":"0Q0WC00000382MH0AY","Subscription_Pricing_Discount_Approval__c":false,"Net_Terms__c":"Net_30","Discount":0.00,"Services_Discount_Approval__c":false,"Total_Contract_Value_TCV__c":67.38,"LineItemCount":2,"OwnerId":"005WC00000DZ6xVYAT","OpportunityId":"006WC00000QuJ4DYAV","LegalEntityId":"0fwWC000000034LYAQ","Language__c":"English","ShippingCity":"Eden Prairie","GSW__c":false,"Manually_Sent__c":false,"CalculationStatus":"Saving","Corporate_Currency_Amount__c":67.38,"Annual_Contract_Value_ACV__c":67.38,"Max_Discount_on_QLIs__c":0.00,"Quote_Displaced_ARR__c":0.00,"OriginalActionType":"Renew","Ship_To_Place__c":"a0lWC000004nA5ZYAU","Show_Hide_Product_Number__c":"Show","SystemModstamp":"2026-06-14T02:56:16.000Z","Create_Order_from_Quote__c":false,"BillingCountry":"United States","Manual_Discount__c":0.00,"QuoteToCountryCode":"US","TotalPrice":67.38,"AdditionalCountryCode":"US","Legal_Support_Approval__c":false,"AccountId":"001WC00000kZKNxYAO","ShippingStateCode":"MN","BillingCity":"Eden Prairie","QuoteToCountry":"United States","Total_Discount_Amount__c":0.00,"MYCAP_Approval__c":false,"Name":"Renewal Quote","License_Extension_Approval__c":false,"StartDate":"2026-06-11T00:00:00.000Z","CreatedById":"005WC00000DZ6xVYAT","Auto_Renewal__c":false,"Channel_MSP_Pricing_Discount_Approval__c":false,"BillingPostalCode":"55344","Annualized_License_Equivalent_Base__c":67.38,"Show_Hide_Free_Products__c":"Show","Maintenance_Max_Discount__c":0.00,"Total_Displaced_ARR__c":0.00,"CurrencyIsoCode":"USD","LegacyRenewalQuote__c":false,"Credit_Renewal_ARR__c":false,"ShippingStreet":"11095 Viking Drive","Annuial_Revenue_Base__c":67.38,"AdditionalCountry":"United States","Total_Quote_Line_ARR__c":0.00,"CreatedDate":"2026-06-11T21:14:56.000Z","Pricebook2Id":"01sWC0000022GHFYA2","IsSyncing":false,"Renewal_Cancellation_Approval__c":false,"BillingState":"Minnesota","Discount_Renewal_ARR__c":false,"Contains_Offensive_Security__c":false,"BillingCountryCode":"US","Temp_License_Key_Extension__c":false,"Disable_Export_Control__c":false,"ContactId":"003WC00000x4jCfYAI","PartnerAccountId":"001WC00000ZtazZYAR","Export_License_Required__c":false,"Billing_Partner__c":"001WC00000ZtazZYAR","SalesTransactionTypeId":"1ChWC0000002eJ70AI","Maintenance_Discount_Approval__c":false,"Partner_Pricing_Model__c":"Discount","ShippingCountry":"United States","Approval_Status__c":"None","Unsigned_Quote_Approval__c":false,"ContractId":"800WC00000SB0FtYAL","BillToContactId":"003WC00000x4jCfYAI","QuoteTypeText__c":"Renewal","Approval_Rejected_Checkbox__c":false,"ShippingCountryCode":"US","QuoteNumber":"00781084","CanCreateQuoteLineItems":false,"ALE__c":67.38,"BillingStreet":"11095 Viking Drive","Request_Legal_Support__c":false,"Perpetual_Pricing_Discount_Approval__c":false,"LastModifiedById":"005WC00000MgTN2YAN","Displaced_ARR_Approval__c":false}|0x64e241a6
19:56:16.9 (200332919)|STATEMENT_EXECUTE|[15]
19:56:16.9 (200334576)|STATEMENT_EXECUTE|[16]
19:56:16.9 (200387135)|SYSTEM_METHOD_ENTRY|[16]|Map<Id,Quote>.get(Object)
19:56:16.9 (200412966)|SYSTEM_METHOD_EXIT|[16]|Map<Id,Quote>.get(Object)
19:56:16.9 (200419320)|VARIABLE_SCOPE_BEGIN|[16]|oldQuote|Quote|true|false
19:56:16.9 (201140793)|VARIABLE_ASSIGNMENT|[16]|oldQuote|{"LastModifiedDate":"2026-06-14T02:54:10.000Z","Quote_Type__c":"Renewal","Bill_To_Place__c":"a0lWC000004nA5ZYAU","Export_Compliance_Status__c":"Pending","Net_Terms_Approval__c":false,"Exchange_Rate_To_USD__c":1.0000000000,"Export_Review_Required__c":false,"Within_Renewal_Window__c":false,"IsPrimary__c":false,"Credit_Renewal_Approval__c":false,"Days_Until_Renewal__c":362,"Renewal_Contract__c":"800WC00000SB0FtYAL","QuoteAccountId":"001WC00000kZKNxYAO","Pro_Ration_Method__c":"Monthly","Renewal_ARR_Approval__c":false,"Status":"Draft","Show_Hide_Discounts__c":"Show","IsDeleted":false,"Subtotal":67.38,"Force_New_Contract__c":false,"Net_Contract_Change__c":0.00,"Signed_Quote_Approval__c":false,"Terms_and_Conditions__c":false,"Payment_Portal__c":"Fortra (default)","Original_Contract_ARR__c":0.00,"BillingStateCode":"MN","GrandTotal":67.38,"ShippingPostalCode":"55344","ShippingState":"Minnesota","Mycap__c":false,"Deal_Type__c":"Fortra Originated","Id":"0Q0WC00000382MH0AY","Subscription_Pricing_Discount_Approval__c":false,"Net_Terms__c":"Net_30","Discount":0.00,"Services_Discount_Approval__c":false,"Total_Contract_Value_TCV__c":67.38,"LineItemCount":2,"OwnerId":"005WC00000DZ6xVYAT","OpportunityId":"006WC00000QuJ4DYAV","LegalEntityId":"0fwWC000000034LYAQ","Language__c":"English","ShippingCity":"Eden Prairie","GSW__c":false,"Manually_Sent__c":false,"CalculationStatus":"CompletedWithPricing","Corporate_Currency_Amount__c":67.38,"Annual_Contract_Value_ACV__c":67.38,"Max_Discount_on_QLIs__c":0.00,"Quote_Displaced_ARR__c":0.00,"OriginalActionType":"Renew","Ship_To_Place__c":"a0lWC000004nA5ZYAU","Show_Hide_Product_Number__c":"Show","SystemModstamp":"2026-06-14T02:54:10.000Z","Create_Order_from_Quote__c":false,"BillingCountry":"United States","Manual_Discount__c":0.00,"QuoteToCountryCode":"US","TotalPrice":67.38,"AdditionalCountryCode":"US","Legal_Support_Approval__c":false,"AccountId":"001WC00000kZKNxYAO","ShippingStateCode":"MN","BillingCity":"Eden Prairie","QuoteToCountry":"United States","Total_Discount_Amount__c":0.00,"MYCAP_Approval__c":false,"Name":"Renewal Quote","License_Extension_Approval__c":false,"StartDate":"2026-06-11T00:00:00.000Z","CreatedById":"005WC00000DZ6xVYAT","Auto_Renewal__c":false,"Channel_MSP_Pricing_Discount_Approval__c":false,"BillingPostalCode":"55344","Annualized_License_Equivalent_Base__c":67.38,"Show_Hide_Free_Products__c":"Show","Maintenance_Max_Discount__c":0.00,"Total_Displaced_ARR__c":0.00,"CurrencyIsoCode":"USD","LegacyRenewalQuote__c":false,"Credit_Renewal_ARR__c":false,"ShippingStreet":"11095 Viking Drive","Annuial_Revenue_Base__c":67.38,"AdditionalCountry":"United States","Total_Quote_Line_ARR__c":0.00,"CreatedDate":"2026-06-11T21:14:56.000Z","Pricebook2Id":"01sWC0000022GHFYA2","IsSyncing":false,"Renewal_Cancellation_Approval__c":false,"BillingState":"Minnesota","Discount_Renewal_ARR__c":false,"Contains_Offensive_Security__c":false,"BillingCountryCode":"US","Temp_License_Key_Extension__c":false,"Disable_Export_Control__c":false,"ContactId":"003WC00000x4jCfYAI","PartnerAccountId":"001WC00000ZtazZYAR","Export_License_Required__c":false,"Billing_Partner__c":"001WC00000ZtazZYAR","SalesTransactionTypeId":"1ChWC0000002eJ70AI","Maintenance_Discount_Approval__c":false,"Partner_Pricing_Model__c":"Discount","ShippingCountry":"United States","Approval_Status__c":"None","Unsigned_Quote_Approval__c":false,"ContractId":"800WC00000SB0FtYAL","BillToContactId":"003WC00000x4jCfYAI","QuoteTypeText__c":"Renewal","Approval_Rejected_Checkbox__c":false,"ShippingCountryCode":"US","QuoteNumber":"00781084","CanCreateQuoteLineItems":false,"ALE__c":67.38,"BillingStreet":"11095 Viking Drive","Request_Legal_Support__c":false,"Perpetual_Pricing_Discount_Approval__c":false,"LastModifiedById":"005WC00000MgTN2YAN","Displaced_ARR_Approval__c":false}|0x6fd81969
19:56:16.9 (201191050)|STATEMENT_EXECUTE|[19]
19:56:16.9 (201201978)|SYSTEM_METHOD_ENTRY|[15]|system.ListIterator.hasNext()
19:56:16.9 (201211395)|HEAP_ALLOCATE|[15]|Bytes:5
19:56:16.9 (201219228)|SYSTEM_METHOD_EXIT|[15]|system.ListIterator.hasNext()
19:56:16.9 (201228555)|VARIABLE_ASSIGNMENT|[15]|newQuote|null|
19:56:16.9 (201236483)|SYSTEM_METHOD_ENTRY|[24]|Set<Id>.isEmpty()
19:56:16.9 (201250426)|SYSTEM_METHOD_EXIT|[24]|Set<Id>.isEmpty()
19:56:16.9 (201254236)|STATEMENT_EXECUTE|[24]
19:56:16.9 (201265495)|SYSTEM_MODE_EXIT|false
19:56:16.9 (201277099)|METHOD_EXIT|[5]|01pWC000001wqaV|QuoteSyncingTriggerHandler.handleAfterUpdate(List<Quote>, Map<Id,Quote>)
19:56:16.201 (201292934)|CUMULATIVE_LIMIT_USAGE
19:56:16.201 (201292934)|LIMIT_USAGE_FOR_NS|(default)|
  Number of SOQL queries: 3 out of 100
  Number of query rows: 2 out of 50000
  Number of SOSL queries: 0 out of 20
  Number of DML statements: 0 out of 150
  Number of Publish Immediate DML: 0 out of 150
  Number of DML rows: 0 out of 10000
  Maximum CPU time: 0 out of 10000
  Maximum heap size: 0 out of 6000000
  Number of callouts: 0 out of 100
  Number of Email Invocations: 0 out of 10
  Number of future calls: 0 out of 50
  Number of queueable jobs added to the queue: 0 out of 50
  Number of Mobile Apex push calls: 0 out of 10

19:56:16.201 (201292934)|TOTAL_EMAIL_RECIPIENTS_QUEUED|0
19:56:16.201 (201292934)|STATIC_VARIABLE_LIST|
  int:BYTES:0
  int:BYTES:0
  byte[]:DigitOnes:0
  byte[]:DigitTens:0
  Boolean:FALSE:0
  int:MAX_EXPONENT:0
  double:MAX_VALUE:0
  int:MAX_VALUE:0
  int:MIN_EXPONENT:0
  double:MIN_NORMAL:0
  double:MIN_VALUE:0
  int:MIN_VALUE:0
  double:NEGATIVE_INFINITY:0
  double:NaN:0
  double:POSITIVE_INFINITY:0
  int:PRECISION:0
  int:SIZE:0
  int:SIZE:0
  Boolean:TRUE:0
  String:__sfdcParameterizedTypes:0
  String:_sfdcAdditionalCodeLocations:0
  String:_sfdcAdditionalCodeLocations:0
  String:_sfdcAdditionalCodeLocations:0
  String:_sfdcAdditionalCodeLocations:0
  String:_sfdcAdditionalCodeLocations:0
  String:_sfdcAdditionalCodeLocations:0
  String:_static_ORIGINAL_ACTION_RENEW:0
  String:_static_QUOTE_TYPE_RENEWAL:0
  char[]:digits:0
  long:serialVersionUID:0
  long:serialVersionUID:0
  long:serialVersionUID:0

19:56:16.201 (201292934)|CUMULATIVE_LIMIT_USAGE_END

19:56:16.9 (201650052)|CODE_UNIT_FINISHED|QuoteSyncingTrigger on Quote trigger event AfterUpdate|__sfdc_trigger/QuoteSyncingTrigger
19:56:16.9 (202928534)|CODE_UNIT_STARTED|[EXTERNAL]|Flow:Quote
19:56:16.9 (203633149)|CODE_UNIT_FINISHED|Flow:Quote
19:56:16.9 (206168386)|CODE_UNIT_STARTED|[EXTERNAL]|Flow:Quote
19:56:16.9 (209770584)|CODE_UNIT_FINISHED|Flow:Quote
19:56:16.9 (696654762)|CODE_UNIT_STARTED|[EXTERNAL]|Get context price for context id and record id ...7cd3a8:0Q0WC00000382MH0AY
19:56:16.9 (745012247)|CODE_UNIT_FINISHED|Get context price for context id and record id ...7cd3a8:0Q0WC00000382MH0AY
19:56:16.9 (812918687)|CODE_UNIT_STARTED|[EXTERNAL]|Flow:Quote
19:56:16.9 (813651894)|CODE_UNIT_FINISHED|Flow:Quote
19:56:16.9 (814800033)|CODE_UNIT_STARTED|[EXTERNAL]|01qWC000007NC1F|QuoteTrigger on Quote trigger event BeforeUpdate|__sfdc_trigger/QuoteTrigger
19:56:16.9 (814870909)|HEAP_ALLOCATE|[EXTERNAL]|Bytes:8
19:56:16.9 (814948152)|HEAP_ALLOCATE|[EXTERNAL]|Bytes:8
19:56:16.9 (815044329)|HEAP_ALLOCATE|[EXTERNAL]|Bytes:4
19:56:16.9 (815056453)|VARIABLE_SCOPE_BEGIN|[4]|this|QuoteTrigger|true|false
19:56:16.9 (815107834)|VARIABLE_ASSIGNMENT|[4]|this|{}|0x55b5682e
19:56:16.9 (815136686)|HEAP_ALLOCATE|[EXTERNAL]|Bytes:4
19:56:16.9 (815141717)|VARIABLE_SCOPE_BEGIN|[4]|this|QuoteTrigger|true|false
19:56:16.9 (815149079)|VARIABLE_ASSIGNMENT|[4]|this|{}|0x55b5682e
19:56:16.9 (815155305)|STATEMENT_EXECUTE|[4]
19:56:16.9 (815180143)|STATEMENT_EXECUTE|[5]
19:56:16.9 (815181262)|STATEMENT_EXECUTE|[6]
19:56:16.9 (815243656)|METHOD_ENTRY|[6]|01pWC000002VWVV|QuoteRenewalTypeHandler.applyRenewalQuoteType(List<Quote>)
19:56:16.9 (815250654)|VARIABLE_SCOPE_BEGIN|[11]|quotes|List<Quote>|true|false
19:56:16.9 (822872637)|VARIABLE_ASSIGNMENT|[11]|quotes|[{"LastModifiedDate":"2026-06-14T02:56:16.000Z","Quote_Type__c":"Renewal","Bill_To_Place__c":"a0lWC000004nA5ZYAU","Export_Compliance_Status__c":"Pending","Net_Terms_Approval__c":false,"Exchange_Rate_To_USD__c":1.0000000000,"Export_Review_Required__c":false,"Within_Renewal_Window__c":false,"IsPrimary__c":false,"Credit_Renewal_Approval__c":false,"Days_Until_Renewal__c":362,"Renewal_Contract__c":"800WC00000SB0FtYAL","QuoteAccountId":"001WC00000kZKNxYAO","Pro_Ration_Method__c":"Monthly","Renewal_ARR_Approval__c":false,"Status":"Draft","Show_Hide_Discounts__c":"Show","IsDeleted":false,"Subtotal":67.38,"Force_New_Contract__c":false,"Net_Contract_Change__c":0.00,"Signed_Quote_Approval__c":false,"Terms_and_Conditions__c":false,"Payment_Portal__c":"Fortra (default)","Original_Contract_ARR__c":0.00,"BillingStateCode":"MN","GrandTotal":67.38,"ShippingPostalCode":"55344","ShippingState":"Minnesota","Mycap__c":false,"Deal_Type__c":"Fortra Originated","Id":"0Q0WC00000382MH0AY","Subscription_Pricing_Discount_Approval__c":false,"Net_Terms__c":"Net_30","Discount":0.00,"Services_Discount_Approval__c":false,"Total_Contract_Value_TCV__c":67.38,"LineItemCount":2,"OwnerId":"005WC00000DZ6xVYAT","OpportunityId":"006WC00000QuJ4DYAV","LegalEntityId":"0fwWC000000034LYAQ","Language__c":"English","ShippingCity":"Eden Prairie","GSW__c":false,"Manually_Sent__c":false,"CalculationStatus":"PriceCalculationFail (2 more) ...","Corporate_Currency_Amount__c":67.38,"Annual_Contract_Value_ACV__c":67.38,"Max_Discount_on_QLIs__c":0.00,"Quote_Displaced_ARR__c":0.00,"OriginalActionType":"Renew","Ship_To_Place__c":"a0lWC000004nA5ZYAU","Show_Hide_Product_Number__c":"Show","SystemModstamp":"2026-06-14T02:56:16.000Z","Create_Order_from_Quote__c":false,"BillingCountry":"United States","Manual_Discount__c":0.00,"QuoteToCountryCode":"US","TotalPrice":67.38,"AdditionalCountryCode":"US","Legal_Support_Approval__c":false,"AccountId":"001WC00000kZKNxYAO","ShippingStateCode":"MN","BillingCity":"Eden Prairie","QuoteToCountry":"United States","Total_Discount_Amount__c":0.00,"MYCAP_Approval__c":false,"Name":"Renewal Quote","License_Extension_Approval__c":false,"StartDate":"2026-06-11T00:00:00.000Z","CreatedById":"005WC00000DZ6xVYAT","Auto_Renewal__c":false,"Channel_MSP_Pricing_Discount_Approval__c":false,"BillingPostalCode":"55344","Annualized_License_Equivalent_Base__c":67.38,"Show_Hide_Free_Products__c":"Show","Maintenance_Max_Discount__c":0.00,"Total_Displaced_ARR__c":0.00,"CurrencyIsoCode":"USD","LegacyRenewalQuote__c":false,"Credit_Renewal_ARR__c":false,"ShippingStreet":"11095 Viking Drive","Annuial_Revenue_Base__c":67.38,"AdditionalCountry":"United States","Total_Quote_Line_ARR__c":0.00,"CreatedDate":"2026-06-11T21:14:56.000Z","Pricebook2Id":"01sWC0000022GHFYA2","IsSyncing":false,"Renewal_Cancellation_Approval__c":false,"BillingState":"Minnesota","TransactionType":"Fortra_Advanced_Pric (3 more) ...","Discount_Renewal_ARR__c":false,"Contains_Offensive_Security__c":false,"BillingCountryCode":"US","Temp_License_Key_Extension__c":false,"Disable_Export_Control__c":false,"ContactId":"003WC00000x4jCfYAI","PartnerAccountId":"001WC00000ZtazZYAR","Export_License_Required__c":false,"Billing_Partner__c":"001WC00000ZtazZYAR","SalesTransactionTypeId":"1ChWC0000002eJ70AI","Maintenance_Discount_Approval__c":false,"Partner_Pricing_Model__c":"Discount","ShippingCountry":"United States","LineGroupCount":0,"Approval_Status__c":"None","Unsigned_Quote_Approval__c":false,"ContractId":"800WC00000SB0FtYAL","BillToContactId":"003WC00000x4jCfYAI","QuoteTypeText__c":"Renewal","Approval_Rejected_Checkbox__c":false,"ShippingCountryCode":"US","QuoteNumber":"00781084","CanCreateQuoteLineItems":false,"ALE__c":67.38,"BillingStreet":"11095 Viking Drive","Request_Legal_Support__c":false,"Perpetual_Pricing_Discount_Approval__c":false,"LastModifiedById":"005WC00000MgTN2YAN","Displaced_ARR_Approval__c":false}]|0x274c400d
19:56:16.9 (823877990)|SYSTEM_MODE_ENTER|false
19:56:16.9 (823906798)|HEAP_ALLOCATE|[12]|Bytes:5
19:56:16.9 (823919238)|STATEMENT_EXECUTE|[11]
19:56:16.9 (823942407)|SYSTEM_METHOD_ENTRY|[12]|List<Quote>.isEmpty()
19:56:16.9 (823957683)|SYSTEM_METHOD_EXIT|[12]|List<Quote>.isEmpty()
19:56:16.9 (823967149)|STATEMENT_EXECUTE|[12]
19:56:16.9 (823972873)|SYSTEM_METHOD_ENTRY|[16]|List<Quote>.iterator()
19:56:16.9 (823979365)|SYSTEM_METHOD_EXIT|[16]|List<Quote>.iterator()
19:56:16.9 (823987739)|SYSTEM_METHOD_ENTRY|[16]|system.ListIterator.hasNext()
19:56:16.9 (823996234)|HEAP_ALLOCATE|[16]|Bytes:5
19:56:16.9 (824002600)|SYSTEM_METHOD_EXIT|[16]|system.ListIterator.hasNext()
19:56:16.9 (824020554)|HEAP_ALLOCATE|[16]|Bytes:4
19:56:16.9 (824034953)|VARIABLE_SCOPE_BEGIN|[16]|quote|Quote|true|false
19:56:16.9 (825562362)|VARIABLE_ASSIGNMENT|[16]|quote|{"LastModifiedDate":"2026-06-14T02:56:16.000Z","Quote_Type__c":"Renewal","Bill_To_Place__c":"a0lWC000004nA5ZYAU","Export_Compliance_Status__c":"Pending","Net_Terms_Approval__c":false,"Exchange_Rate_To_USD__c":1.0000000000,"Export_Review_Required__c":false,"Within_Renewal_Window__c":false,"IsPrimary__c":false,"Credit_Renewal_Approval__c":false,"Days_Until_Renewal__c":362,"Renewal_Contract__c":"800WC00000SB0FtYAL","QuoteAccountId":"001WC00000kZKNxYAO","Pro_Ration_Method__c":"Monthly","Renewal_ARR_Approval__c":false,"Status":"Draft","Show_Hide_Discounts__c":"Show","IsDeleted":false,"Subtotal":67.38,"Force_New_Contract__c":false,"Net_Contract_Change__c":0.00,"Signed_Quote_Approval__c":false,"Terms_and_Conditions__c":false,"Payment_Portal__c":"Fortra (default)","Original_Contract_ARR__c":0.00,"BillingStateCode":"MN","GrandTotal":67.38,"ShippingPostalCode":"55344","ShippingState":"Minnesota","Mycap__c":false,"Deal_Type__c":"Fortra Originated","Id":"0Q0WC00000382MH0AY","Subscription_Pricing_Discount_Approval__c":false,"Net_Terms__c":"Net_30","Discount":0.00,"Services_Discount_Approval__c":false,"Total_Contract_Value_TCV__c":67.38,"LineItemCount":2,"OwnerId":"005WC00000DZ6xVYAT","OpportunityId":"006WC00000QuJ4DYAV","LegalEntityId":"0fwWC000000034LYAQ","Language__c":"English","ShippingCity":"Eden Prairie","GSW__c":false,"Manually_Sent__c":false,"CalculationStatus":"PriceCalculationFail (2 more) ...","Corporate_Currency_Amount__c":67.38,"Annual_Contract_Value_ACV__c":67.38,"Max_Discount_on_QLIs__c":0.00,"Quote_Displaced_ARR__c":0.00,"OriginalActionType":"Renew","Ship_To_Place__c":"a0lWC000004nA5ZYAU","Show_Hide_Product_Number__c":"Show","SystemModstamp":"2026-06-14T02:56:16.000Z","Create_Order_from_Quote__c":false,"BillingCountry":"United States","Manual_Discount__c":0.00,"QuoteToCountryCode":"US","TotalPrice":67.38,"AdditionalCountryCode":"US","Legal_Support_Approval__c":false,"AccountId":"001WC00000kZKNxYAO","ShippingStateCode":"MN","BillingCity":"Eden Prairie","QuoteToCountry":"United States","Total_Discount_Amount__c":0.00,"MYCAP_Approval__c":false,"Name":"Renewal Quote","License_Extension_Approval__c":false,"StartDate":"2026-06-11T00:00:00.000Z","CreatedById":"005WC00000DZ6xVYAT","Auto_Renewal__c":false,"Channel_MSP_Pricing_Discount_Approval__c":false,"BillingPostalCode":"55344","Annualized_License_Equivalent_Base__c":67.38,"Show_Hide_Free_Products__c":"Show","Maintenance_Max_Discount__c":0.00,"Total_Displaced_ARR__c":0.00,"CurrencyIsoCode":"USD","LegacyRenewalQuote__c":false,"Credit_Renewal_ARR__c":false,"ShippingStreet":"11095 Viking Drive","Annuial_Revenue_Base__c":67.38,"AdditionalCountry":"United States","Total_Quote_Line_ARR__c":0.00,"CreatedDate":"2026-06-11T21:14:56.000Z","Pricebook2Id":"01sWC0000022GHFYA2","IsSyncing":false,"Renewal_Cancellation_Approval__c":false,"BillingState":"Minnesota","TransactionType":"Fortra_Advanced_Pric (3 more) ...","Discount_Renewal_ARR__c":false,"Contains_Offensive_Security__c":false,"BillingCountryCode":"US","Temp_License_Key_Extension__c":false,"Disable_Export_Control__c":false,"ContactId":"003WC00000x4jCfYAI","PartnerAccountId":"001WC00000ZtazZYAR","Export_License_Required__c":false,"Billing_Partner__c":"001WC00000ZtazZYAR","SalesTransactionTypeId":"1ChWC0000002eJ70AI","Maintenance_Discount_Approval__c":false,"Partner_Pricing_Model__c":"Discount","ShippingCountry":"United States","LineGroupCount":0,"Approval_Status__c":"None","Unsigned_Quote_Approval__c":false,"ContractId":"800WC00000SB0FtYAL","BillToContactId":"003WC00000x4jCfYAI","QuoteTypeText__c":"Renewal","Approval_Rejected_Checkbox__c":false,"ShippingCountryCode":"US","QuoteNumber":"00781084","CanCreateQuoteLineItems":false,"ALE__c":67.38,"BillingStreet":"11095 Viking Drive","Request_Legal_Support__c":false,"Perpetual_Pricing_Discount_Approval__c":false,"LastModifiedById":"005WC00000MgTN2YAN","Displaced_ARR_Approval__c":false}|0x30918162
19:56:16.9 (825594815)|STATEMENT_EXECUTE|[16]
19:56:16.9 (825596591)|STATEMENT_EXECUTE|[17]
19:56:16.9 (825609837)|METHOD_ENTRY|[17]|01pWC000002VWVV|QuoteRenewalTypeHandler.normalizeRenewalQuoteType(Quote)
19:56:16.9 (825617703)|VARIABLE_SCOPE_BEGIN|[21]|quote|Quote|true|false
19:56:16.9 (826449285)|VARIABLE_ASSIGNMENT|[21]|quote|{"LastModifiedDate":"2026-06-14T02:56:16.000Z","Quote_Type__c":"Renewal","Bill_To_Place__c":"a0lWC000004nA5ZYAU","Export_Compliance_Status__c":"Pending","Net_Terms_Approval__c":false,"Exchange_Rate_To_USD__c":1.0000000000,"Export_Review_Required__c":false,"Within_Renewal_Window__c":false,"IsPrimary__c":false,"Credit_Renewal_Approval__c":false,"Days_Until_Renewal__c":362,"Renewal_Contract__c":"800WC00000SB0FtYAL","QuoteAccountId":"001WC00000kZKNxYAO","Pro_Ration_Method__c":"Monthly","Renewal_ARR_Approval__c":false,"Status":"Draft","Show_Hide_Discounts__c":"Show","IsDeleted":false,"Subtotal":67.38,"Force_New_Contract__c":false,"Net_Contract_Change__c":0.00,"Signed_Quote_Approval__c":false,"Terms_and_Conditions__c":false,"Payment_Portal__c":"Fortra (default)","Original_Contract_ARR__c":0.00,"BillingStateCode":"MN","GrandTotal":67.38,"ShippingPostalCode":"55344","ShippingState":"Minnesota","Mycap__c":false,"Deal_Type__c":"Fortra Originated","Id":"0Q0WC00000382MH0AY","Subscription_Pricing_Discount_Approval__c":false,"Net_Terms__c":"Net_30","Discount":0.00,"Services_Discount_Approval__c":false,"Total_Contract_Value_TCV__c":67.38,"LineItemCount":2,"OwnerId":"005WC00000DZ6xVYAT","OpportunityId":"006WC00000QuJ4DYAV","LegalEntityId":"0fwWC000000034LYAQ","Language__c":"English","ShippingCity":"Eden Prairie","GSW__c":false,"Manually_Sent__c":false,"CalculationStatus":"PriceCalculationFail (2 more) ...","Corporate_Currency_Amount__c":67.38,"Annual_Contract_Value_ACV__c":67.38,"Max_Discount_on_QLIs__c":0.00,"Quote_Displaced_ARR__c":0.00,"OriginalActionType":"Renew","Ship_To_Place__c":"a0lWC000004nA5ZYAU","Show_Hide_Product_Number__c":"Show","SystemModstamp":"2026-06-14T02:56:16.000Z","Create_Order_from_Quote__c":false,"BillingCountry":"United States","Manual_Discount__c":0.00,"QuoteToCountryCode":"US","TotalPrice":67.38,"AdditionalCountryCode":"US","Legal_Support_Approval__c":false,"AccountId":"001WC00000kZKNxYAO","ShippingStateCode":"MN","BillingCity":"Eden Prairie","QuoteToCountry":"United States","Total_Discount_Amount__c":0.00,"MYCAP_Approval__c":false,"Name":"Renewal Quote","License_Extension_Approval__c":false,"StartDate":"2026-06-11T00:00:00.000Z","CreatedById":"005WC00000DZ6xVYAT","Auto_Renewal__c":false,"Channel_MSP_Pricing_Discount_Approval__c":false,"BillingPostalCode":"55344","Annualized_License_Equivalent_Base__c":67.38,"Show_Hide_Free_Products__c":"Show","Maintenance_Max_Discount__c":0.00,"Total_Displaced_ARR__c":0.00,"CurrencyIsoCode":"USD","LegacyRenewalQuote__c":false,"Credit_Renewal_ARR__c":false,"ShippingStreet":"11095 Viking Drive","Annuial_Revenue_Base__c":67.38,"AdditionalCountry":"United States","Total_Quote_Line_ARR__c":0.00,"CreatedDate":"2026-06-11T21:14:56.000Z","Pricebook2Id":"01sWC0000022GHFYA2","IsSyncing":false,"Renewal_Cancellation_Approval__c":false,"BillingState":"Minnesota","TransactionType":"Fortra_Advanced_Pric (3 more) ...","Discount_Renewal_ARR__c":false,"Contains_Offensive_Security__c":false,"BillingCountryCode":"US","Temp_License_Key_Extension__c":false,"Disable_Export_Control__c":false,"ContactId":"003WC00000x4jCfYAI","PartnerAccountId":"001WC00000ZtazZYAR","Export_License_Required__c":false,"Billing_Partner__c":"001WC00000ZtazZYAR","SalesTransactionTypeId":"1ChWC0000002eJ70AI","Maintenance_Discount_Approval__c":false,"Partner_Pricing_Model__c":"Discount","ShippingCountry":"United States","LineGroupCount":0,"Approval_Status__c":"None","Unsigned_Quote_Approval__c":false,"ContractId":"800WC00000SB0FtYAL","BillToContactId":"003WC00000x4jCfYAI","QuoteTypeText__c":"Renewal","Approval_Rejected_Checkbox__c":false,"ShippingCountryCode":"US","QuoteNumber":"00781084","CanCreateQuoteLineItems":false,"ALE__c":67.38,"BillingStreet":"11095 Viking Drive","Request_Legal_Support__c":false,"Perpetual_Pricing_Discount_Approval__c":false,"LastModifiedById":"005WC00000MgTN2YAN","Displaced_ARR_Approval__c":false}|0x30918162
19:56:16.9 (826507393)|HEAP_ALLOCATE|[22]|Bytes:5
19:56:16.9 (826514037)|STATEMENT_EXECUTE|[21]
19:56:16.9 (826554365)|STATEMENT_EXECUTE|[22]
19:56:16.9 (826560487)|STATEMENT_EXECUTE|[26]
19:56:16.9 (826574094)|METHOD_EXIT|[17]|01pWC000002VWVV|QuoteRenewalTypeHandler.normalizeRenewalQuoteType(Quote)
19:56:16.9 (826584550)|SYSTEM_METHOD_ENTRY|[16]|system.ListIterator.hasNext()
19:56:16.9 (826591788)|HEAP_ALLOCATE|[16]|Bytes:5
19:56:16.9 (826596534)|SYSTEM_METHOD_EXIT|[16]|system.ListIterator.hasNext()
19:56:16.9 (826608231)|VARIABLE_ASSIGNMENT|[16]|quote|null|
19:56:16.9 (826621219)|SYSTEM_MODE_EXIT|false
19:56:16.9 (826629723)|METHOD_EXIT|[6]|01pWC000002VWVV|QuoteRenewalTypeHandler.applyRenewalQuoteType(List<Quote>)
19:56:16.9 (826632194)|STATEMENT_EXECUTE|[7]
19:56:16.9 (826679236)|METHOD_ENTRY|[7]|01pWC000002WbCz|RenewalQuoteHeaderHandler.applyRenewalQuoteHeaders(List<Quote>)
19:56:16.9 (826684307)|VARIABLE_SCOPE_BEGIN|[11]|quotes|List<Quote>|true|false
19:56:16.9 (827572819)|VARIABLE_ASSIGNMENT|[11]|quotes|[{"LastModifiedDate":"2026-06-14T02:56:16.000Z","Quote_Type__c":"Renewal","Bill_To_Place__c":"a0lWC000004nA5ZYAU","Export_Compliance_Status__c":"Pending","Net_Terms_Approval__c":false,"Exchange_Rate_To_USD__c":1.0000000000,"Export_Review_Required__c":false,"Within_Renewal_Window__c":false,"IsPrimary__c":false,"Credit_Renewal_Approval__c":false,"Days_Until_Renewal__c":362,"Renewal_Contract__c":"800WC00000SB0FtYAL","QuoteAccountId":"001WC00000kZKNxYAO","Pro_Ration_Method__c":"Monthly","Renewal_ARR_Approval__c":false,"Status":"Draft","Show_Hide_Discounts__c":"Show","IsDeleted":false,"Subtotal":67.38,"Force_New_Contract__c":false,"Net_Contract_Change__c":0.00,"Signed_Quote_Approval__c":false,"Terms_and_Conditions__c":false,"Payment_Portal__c":"Fortra (default)","Original_Contract_ARR__c":0.00,"BillingStateCode":"MN","GrandTotal":67.38,"ShippingPostalCode":"55344","ShippingState":"Minnesota","Mycap__c":false,"Deal_Type__c":"Fortra Originated","Id":"0Q0WC00000382MH0AY","Subscription_Pricing_Discount_Approval__c":false,"Net_Terms__c":"Net_30","Discount":0.00,"Services_Discount_Approval__c":false,"Total_Contract_Value_TCV__c":67.38,"LineItemCount":2,"OwnerId":"005WC00000DZ6xVYAT","OpportunityId":"006WC00000QuJ4DYAV","LegalEntityId":"0fwWC000000034LYAQ","Language__c":"English","ShippingCity":"Eden Prairie","GSW__c":false,"Manually_Sent__c":false,"CalculationStatus":"PriceCalculationFail (2 more) ...","Corporate_Currency_Amount__c":67.38,"Annual_Contract_Value_ACV__c":67.38,"Max_Discount_on_QLIs__c":0.00,"Quote_Displaced_ARR__c":0.00,"OriginalActionType":"Renew","Ship_To_Place__c":"a0lWC000004nA5ZYAU","Show_Hide_Product_Number__c":"Show","SystemModstamp":"2026-06-14T02:56:16.000Z","Create_Order_from_Quote__c":false,"BillingCountry":"United States","Manual_Discount__c":0.00,"QuoteToCountryCode":"US","TotalPrice":67.38,"AdditionalCountryCode":"US","Legal_Support_Approval__c":false,"AccountId":"001WC00000kZKNxYAO","ShippingStateCode":"MN","BillingCity":"Eden Prairie","QuoteToCountry":"United States","Total_Discount_Amount__c":0.00,"MYCAP_Approval__c":false,"Name":"Renewal Quote","License_Extension_Approval__c":false,"StartDate":"2026-06-11T00:00:00.000Z","CreatedById":"005WC00000DZ6xVYAT","Auto_Renewal__c":false,"Channel_MSP_Pricing_Discount_Approval__c":false,"BillingPostalCode":"55344","Annualized_License_Equivalent_Base__c":67.38,"Show_Hide_Free_Products__c":"Show","Maintenance_Max_Discount__c":0.00,"Total_Displaced_ARR__c":0.00,"CurrencyIsoCode":"USD","LegacyRenewalQuote__c":false,"Credit_Renewal_ARR__c":false,"ShippingStreet":"11095 Viking Drive","Annuial_Revenue_Base__c":67.38,"AdditionalCountry":"United States","Total_Quote_Line_ARR__c":0.00,"CreatedDate":"2026-06-11T21:14:56.000Z","Pricebook2Id":"01sWC0000022GHFYA2","IsSyncing":false,"Renewal_Cancellation_Approval__c":false,"BillingState":"Minnesota","TransactionType":"Fortra_Advanced_Pric (3 more) ...","Discount_Renewal_ARR__c":false,"Contains_Offensive_Security__c":false,"BillingCountryCode":"US","Temp_License_Key_Extension__c":false,"Disable_Export_Control__c":false,"ContactId":"003WC00000x4jCfYAI","PartnerAccountId":"001WC00000ZtazZYAR","Export_License_Required__c":false,"Billing_Partner__c":"001WC00000ZtazZYAR","SalesTransactionTypeId":"1ChWC0000002eJ70AI","Maintenance_Discount_Approval__c":false,"Partner_Pricing_Model__c":"Discount","ShippingCountry":"United States","LineGroupCount":0,"Approval_Status__c":"None","Unsigned_Quote_Approval__c":false,"ContractId":"800WC00000SB0FtYAL","BillToContactId":"003WC00000x4jCfYAI","QuoteTypeText__c":"Renewal","Approval_Rejected_Checkbox__c":false,"ShippingCountryCode":"US","QuoteNumber":"00781084","CanCreateQuoteLineItems":false,"ALE__c":67.38,"BillingStreet":"11095 Viking Drive","Request_Legal_Support__c":false,"Perpetual_Pricing_Discount_Approval__c":false,"LastModifiedById":"005WC00000MgTN2YAN","Displaced_ARR_Approval__c":false}]|0x274c400d
19:56:16.9 (827607341)|SYSTEM_MODE_ENTER|false
19:56:16.9 (827615054)|HEAP_ALLOCATE|[12]|Bytes:5
19:56:16.9 (827620102)|STATEMENT_EXECUTE|[11]
19:56:16.9 (827628138)|SYSTEM_METHOD_ENTRY|[12]|List<Quote>.isEmpty()
19:56:16.9 (827634765)|SYSTEM_METHOD_EXIT|[12]|List<Quote>.isEmpty()
19:56:16.9 (827640418)|STATEMENT_EXECUTE|[12]
19:56:16.9 (827641611)|STATEMENT_EXECUTE|[16]
19:56:16.9 (827658405)|HEAP_ALLOCATE|[16]|Bytes:4
19:56:16.9 (827666638)|VARIABLE_SCOPE_BEGIN|[16]|quotesByContractId|Map<Id,Quote>|true|false
19:56:16.9 (827685186)|VARIABLE_ASSIGNMENT|[16]|quotesByContractId|{}|0xe886c0b
19:56:16.9 (827690766)|SYSTEM_METHOD_ENTRY|[17]|List<Quote>.iterator()
19:56:16.9 (827695376)|SYSTEM_METHOD_EXIT|[17]|List<Quote>.iterator()
19:56:16.9 (827699787)|SYSTEM_METHOD_ENTRY|[17]|system.ListIterator.hasNext()
19:56:16.9 (827703967)|HEAP_ALLOCATE|[17]|Bytes:5
19:56:16.9 (827707603)|SYSTEM_METHOD_EXIT|[17]|system.ListIterator.hasNext()
19:56:16.9 (827718226)|HEAP_ALLOCATE|[17]|Bytes:4
19:56:16.9 (827723101)|VARIABLE_SCOPE_BEGIN|[17]|quote|Quote|true|false
19:56:16.9 (828636759)|VARIABLE_ASSIGNMENT|[17]|quote|{"LastModifiedDate":"2026-06-14T02:56:16.000Z","Quote_Type__c":"Renewal","Bill_To_Place__c":"a0lWC000004nA5ZYAU","Export_Compliance_Status__c":"Pending","Net_Terms_Approval__c":false,"Exchange_Rate_To_USD__c":1.0000000000,"Export_Review_Required__c":false,"Within_Renewal_Window__c":false,"IsPrimary__c":false,"Credit_Renewal_Approval__c":false,"Days_Until_Renewal__c":362,"Renewal_Contract__c":"800WC00000SB0FtYAL","QuoteAccountId":"001WC00000kZKNxYAO","Pro_Ration_Method__c":"Monthly","Renewal_ARR_Approval__c":false,"Status":"Draft","Show_Hide_Discounts__c":"Show","IsDeleted":false,"Subtotal":67.38,"Force_New_Contract__c":false,"Net_Contract_Change__c":0.00,"Signed_Quote_Approval__c":false,"Terms_and_Conditions__c":false,"Payment_Portal__c":"Fortra (default)","Original_Contract_ARR__c":0.00,"BillingStateCode":"MN","GrandTotal":67.38,"ShippingPostalCode":"55344","ShippingState":"Minnesota","Mycap__c":false,"Deal_Type__c":"Fortra Originated","Id":"0Q0WC00000382MH0AY","Subscription_Pricing_Discount_Approval__c":false,"Net_Terms__c":"Net_30","Discount":0.00,"Services_Discount_Approval__c":false,"Total_Contract_Value_TCV__c":67.38,"LineItemCount":2,"OwnerId":"005WC00000DZ6xVYAT","OpportunityId":"006WC00000QuJ4DYAV","LegalEntityId":"0fwWC000000034LYAQ","Language__c":"English","ShippingCity":"Eden Prairie","GSW__c":false,"Manually_Sent__c":false,"CalculationStatus":"PriceCalculationFail (2 more) ...","Corporate_Currency_Amount__c":67.38,"Annual_Contract_Value_ACV__c":67.38,"Max_Discount_on_QLIs__c":0.00,"Quote_Displaced_ARR__c":0.00,"OriginalActionType":"Renew","Ship_To_Place__c":"a0lWC000004nA5ZYAU","Show_Hide_Product_Number__c":"Show","SystemModstamp":"2026-06-14T02:56:16.000Z","Create_Order_from_Quote__c":false,"BillingCountry":"United States","Manual_Discount__c":0.00,"QuoteToCountryCode":"US","TotalPrice":67.38,"AdditionalCountryCode":"US","Legal_Support_Approval__c":false,"AccountId":"001WC00000kZKNxYAO","ShippingStateCode":"MN","BillingCity":"Eden Prairie","QuoteToCountry":"United States","Total_Discount_Amount__c":0.00,"MYCAP_Approval__c":false,"Name":"Renewal Quote","License_Extension_Approval__c":false,"StartDate":"2026-06-11T00:00:00.000Z","CreatedById":"005WC00000DZ6xVYAT","Auto_Renewal__c":false,"Channel_MSP_Pricing_Discount_Approval__c":false,"BillingPostalCode":"55344","Annualized_License_Equivalent_Base__c":67.38,"Show_Hide_Free_Products__c":"Show","Maintenance_Max_Discount__c":0.00,"Total_Displaced_ARR__c":0.00,"CurrencyIsoCode":"USD","LegacyRenewalQuote__c":false,"Credit_Renewal_ARR__c":false,"ShippingStreet":"11095 Viking Drive","Annuial_Revenue_Base__c":67.38,"AdditionalCountry":"United States","Total_Quote_Line_ARR__c":0.00,"CreatedDate":"2026-06-11T21:14:56.000Z","Pricebook2Id":"01sWC0000022GHFYA2","IsSyncing":false,"Renewal_Cancellation_Approval__c":false,"BillingState":"Minnesota","TransactionType":"Fortra_Advanced_Pric (3 more) ...","Discount_Renewal_ARR__c":false,"Contains_Offensive_Security__c":false,"BillingCountryCode":"US","Temp_License_Key_Extension__c":false,"Disable_Export_Control__c":false,"ContactId":"003WC00000x4jCfYAI","PartnerAccountId":"001WC00000ZtazZYAR","Export_License_Required__c":false,"Billing_Partner__c":"001WC00000ZtazZYAR","SalesTransactionTypeId":"1ChWC0000002eJ70AI","Maintenance_Discount_Approval__c":false,"Partner_Pricing_Model__c":"Discount","ShippingCountry":"United States","LineGroupCount":0,"Approval_Status__c":"None","Unsigned_Quote_Approval__c":false,"ContractId":"800WC00000SB0FtYAL","BillToContactId":"003WC00000x4jCfYAI","QuoteTypeText__c":"Renewal","Approval_Rejected_Checkbox__c":false,"ShippingCountryCode":"US","QuoteNumber":"00781084","CanCreateQuoteLineItems":false,"ALE__c":67.38,"BillingStreet":"11095 Viking Drive","Request_Legal_Support__c":false,"Perpetual_Pricing_Discount_Approval__c":false,"LastModifiedById":"005WC00000MgTN2YAN","Displaced_ARR_Approval__c":false}|0x30918162
19:56:16.9 (828684862)|STATEMENT_EXECUTE|[17]
19:56:16.9 (828699171)|METHOD_ENTRY|[18]|01pWC000002WbCz|RenewalQuoteHeaderHandler.isRenewalQuoteContext(Quote)
19:56:16.9 (828707765)|VARIABLE_SCOPE_BEGIN|[49]|quote|Quote|true|false
19:56:16.9 (829554932)|VARIABLE_ASSIGNMENT|[49]|quote|{"LastModifiedDate":"2026-06-14T02:56:16.000Z","Quote_Type__c":"Renewal","Bill_To_Place__c":"a0lWC000004nA5ZYAU","Export_Compliance_Status__c":"Pending","Net_Terms_Approval__c":false,"Exchange_Rate_To_USD__c":1.0000000000,"Export_Review_Required__c":false,"Within_Renewal_Window__c":false,"IsPrimary__c":false,"Credit_Renewal_Approval__c":false,"Days_Until_Renewal__c":362,"Renewal_Contract__c":"800WC00000SB0FtYAL","QuoteAccountId":"001WC00000kZKNxYAO","Pro_Ration_Method__c":"Monthly","Renewal_ARR_Approval__c":false,"Status":"Draft","Show_Hide_Discounts__c":"Show","IsDeleted":false,"Subtotal":67.38,"Force_New_Contract__c":false,"Net_Contract_Change__c":0.00,"Signed_Quote_Approval__c":false,"Terms_and_Conditions__c":false,"Payment_Portal__c":"Fortra (default)","Original_Contract_ARR__c":0.00,"BillingStateCode":"MN","GrandTotal":67.38,"ShippingPostalCode":"55344","ShippingState":"Minnesota","Mycap__c":false,"Deal_Type__c":"Fortra Originated","Id":"0Q0WC00000382MH0AY","Subscription_Pricing_Discount_Approval__c":false,"Net_Terms__c":"Net_30","Discount":0.00,"Services_Discount_Approval__c":false,"Total_Contract_Value_TCV__c":67.38,"LineItemCount":2,"OwnerId":"005WC00000DZ6xVYAT","OpportunityId":"006WC00000QuJ4DYAV","LegalEntityId":"0fwWC000000034LYAQ","Language__c":"English","ShippingCity":"Eden Prairie","GSW__c":false,"Manually_Sent__c":false,"CalculationStatus":"PriceCalculationFail (2 more) ...","Corporate_Currency_Amount__c":67.38,"Annual_Contract_Value_ACV__c":67.38,"Max_Discount_on_QLIs__c":0.00,"Quote_Displaced_ARR__c":0.00,"OriginalActionType":"Renew","Ship_To_Place__c":"a0lWC000004nA5ZYAU","Show_Hide_Product_Number__c":"Show","SystemModstamp":"2026-06-14T02:56:16.000Z","Create_Order_from_Quote__c":false,"BillingCountry":"United States","Manual_Discount__c":0.00,"QuoteToCountryCode":"US","TotalPrice":67.38,"AdditionalCountryCode":"US","Legal_Support_Approval__c":false,"AccountId":"001WC00000kZKNxYAO","ShippingStateCode":"MN","BillingCity":"Eden Prairie","QuoteToCountry":"United States","Total_Discount_Amount__c":0.00,"MYCAP_Approval__c":false,"Name":"Renewal Quote","License_Extension_Approval__c":false,"StartDate":"2026-06-11T00:00:00.000Z","CreatedById":"005WC00000DZ6xVYAT","Auto_Renewal__c":false,"Channel_MSP_Pricing_Discount_Approval__c":false,"BillingPostalCode":"55344","Annualized_License_Equivalent_Base__c":67.38,"Show_Hide_Free_Products__c":"Show","Maintenance_Max_Discount__c":0.00,"Total_Displaced_ARR__c":0.00,"CurrencyIsoCode":"USD","LegacyRenewalQuote__c":false,"Credit_Renewal_ARR__c":false,"ShippingStreet":"11095 Viking Drive","Annuial_Revenue_Base__c":67.38,"AdditionalCountry":"United States","Total_Quote_Line_ARR__c":0.00,"CreatedDate":"2026-06-11T21:14:56.000Z","Pricebook2Id":"01sWC0000022GHFYA2","IsSyncing":false,"Renewal_Cancellation_Approval__c":false,"BillingState":"Minnesota","TransactionType":"Fortra_Advanced_Pric (3 more) ...","Discount_Renewal_ARR__c":false,"Contains_Offensive_Security__c":false,"BillingCountryCode":"US","Temp_License_Key_Extension__c":false,"Disable_Export_Control__c":false,"ContactId":"003WC00000x4jCfYAI","PartnerAccountId":"001WC00000ZtazZYAR","Export_License_Required__c":false,"Billing_Partner__c":"001WC00000ZtazZYAR","SalesTransactionTypeId":"1ChWC0000002eJ70AI","Maintenance_Discount_Approval__c":false,"Partner_Pricing_Model__c":"Discount","ShippingCountry":"United States","LineGroupCount":0,"Approval_Status__c":"None","Unsigned_Quote_Approval__c":false,"ContractId":"800WC00000SB0FtYAL","BillToContactId":"003WC00000x4jCfYAI","QuoteTypeText__c":"Renewal","Approval_Rejected_Checkbox__c":false,"ShippingCountryCode":"US","QuoteNumber":"00781084","CanCreateQuoteLineItems":false,"ALE__c":67.38,"BillingStreet":"11095 Viking Drive","Request_Legal_Support__c":false,"Perpetual_Pricing_Discount_Approval__c":false,"LastModifiedById":"005WC00000MgTN2YAN","Displaced_ARR_Approval__c":false}|0x30918162
19:56:16.9 (829596513)|HEAP_ALLOCATE|[50]|Bytes:5
19:56:16.9 (829603237)|STATEMENT_EXECUTE|[49]
19:56:16.9 (829604693)|STATEMENT_EXECUTE|[50]
19:56:16.9 (829635001)|HEAP_ALLOCATE|[50]|Bytes:5
19:56:16.9 (829647673)|METHOD_EXIT|[18]|01pWC000002WbCz|RenewalQuoteHeaderHandler.isRenewalQuoteContext(Quote)
19:56:16.9 (829652937)|STATEMENT_EXECUTE|[18]
19:56:16.9 (829654077)|STATEMENT_EXECUTE|[22]
19:56:16.9 (829658892)|METHOD_ENTRY|[22]|01pWC000002WbCz|RenewalQuoteHeaderHandler.resolveContractId(Quote)
19:56:16.9 (829665221)|VARIABLE_SCOPE_BEGIN|[57]|quote|Quote|true|false
19:56:16.9 (830395634)|VARIABLE_ASSIGNMENT|[57]|quote|{"LastModifiedDate":"2026-06-14T02:56:16.000Z","Quote_Type__c":"Renewal","Bill_To_Place__c":"a0lWC000004nA5ZYAU","Export_Compliance_Status__c":"Pending","Net_Terms_Approval__c":false,"Exchange_Rate_To_USD__c":1.0000000000,"Export_Review_Required__c":false,"Within_Renewal_Window__c":false,"IsPrimary__c":false,"Credit_Renewal_Approval__c":false,"Days_Until_Renewal__c":362,"Renewal_Contract__c":"800WC00000SB0FtYAL","QuoteAccountId":"001WC00000kZKNxYAO","Pro_Ration_Method__c":"Monthly","Renewal_ARR_Approval__c":false,"Status":"Draft","Show_Hide_Discounts__c":"Show","IsDeleted":false,"Subtotal":67.38,"Force_New_Contract__c":false,"Net_Contract_Change__c":0.00,"Signed_Quote_Approval__c":false,"Terms_and_Conditions__c":false,"Payment_Portal__c":"Fortra (default)","Original_Contract_ARR__c":0.00,"BillingStateCode":"MN","GrandTotal":67.38,"ShippingPostalCode":"55344","ShippingState":"Minnesota","Mycap__c":false,"Deal_Type__c":"Fortra Originated","Id":"0Q0WC00000382MH0AY","Subscription_Pricing_Discount_Approval__c":false,"Net_Terms__c":"Net_30","Discount":0.00,"Services_Discount_Approval__c":false,"Total_Contract_Value_TCV__c":67.38,"LineItemCount":2,"OwnerId":"005WC00000DZ6xVYAT","OpportunityId":"006WC00000QuJ4DYAV","LegalEntityId":"0fwWC000000034LYAQ","Language__c":"English","ShippingCity":"Eden Prairie","GSW__c":false,"Manually_Sent__c":false,"CalculationStatus":"PriceCalculationFail (2 more) ...","Corporate_Currency_Amount__c":67.38,"Annual_Contract_Value_ACV__c":67.38,"Max_Discount_on_QLIs__c":0.00,"Quote_Displaced_ARR__c":0.00,"OriginalActionType":"Renew","Ship_To_Place__c":"a0lWC000004nA5ZYAU","Show_Hide_Product_Number__c":"Show","SystemModstamp":"2026-06-14T02:56:16.000Z","Create_Order_from_Quote__c":false,"BillingCountry":"United States","Manual_Discount__c":0.00,"QuoteToCountryCode":"US","TotalPrice":67.38,"AdditionalCountryCode":"US","Legal_Support_Approval__c":false,"AccountId":"001WC00000kZKNxYAO","ShippingStateCode":"MN","BillingCity":"Eden Prairie","QuoteToCountry":"United States","Total_Discount_Amount__c":0.00,"MYCAP_Approval__c":false,"Name":"Renewal Quote","License_Extension_Approval__c":false,"StartDate":"2026-06-11T00:00:00.000Z","CreatedById":"005WC00000DZ6xVYAT","Auto_Renewal__c":false,"Channel_MSP_Pricing_Discount_Approval__c":false,"BillingPostalCode":"55344","Annualized_License_Equivalent_Base__c":67.38,"Show_Hide_Free_Products__c":"Show","Maintenance_Max_Discount__c":0.00,"Total_Displaced_ARR__c":0.00,"CurrencyIsoCode":"USD","LegacyRenewalQuote__c":false,"Credit_Renewal_ARR__c":false,"ShippingStreet":"11095 Viking Drive","Annuial_Revenue_Base__c":67.38,"AdditionalCountry":"United States","Total_Quote_Line_ARR__c":0.00,"CreatedDate":"2026-06-11T21:14:56.000Z","Pricebook2Id":"01sWC0000022GHFYA2","IsSyncing":false,"Renewal_Cancellation_Approval__c":false,"BillingState":"Minnesota","TransactionType":"Fortra_Advanced_Pric (3 more) ...","Discount_Renewal_ARR__c":false,"Contains_Offensive_Security__c":false,"BillingCountryCode":"US","Temp_License_Key_Extension__c":false,"Disable_Export_Control__c":false,"ContactId":"003WC00000x4jCfYAI","PartnerAccountId":"001WC00000ZtazZYAR","Export_License_Required__c":false,"Billing_Partner__c":"001WC00000ZtazZYAR","SalesTransactionTypeId":"1ChWC0000002eJ70AI","Maintenance_Discount_Approval__c":false,"Partner_Pricing_Model__c":"Discount","ShippingCountry":"United States","LineGroupCount":0,"Approval_Status__c":"None","Unsigned_Quote_Approval__c":false,"ContractId":"800WC00000SB0FtYAL","BillToContactId":"003WC00000x4jCfYAI","QuoteTypeText__c":"Renewal","Approval_Rejected_Checkbox__c":false,"ShippingCountryCode":"US","QuoteNumber":"00781084","CanCreateQuoteLineItems":false,"ALE__c":67.38,"BillingStreet":"11095 Viking Drive","Request_Legal_Support__c":false,"Perpetual_Pricing_Discount_Approval__c":false,"LastModifiedById":"005WC00000MgTN2YAN","Displaced_ARR_Approval__c":false}|0x30918162
19:56:16.9 (830432172)|HEAP_ALLOCATE|[58]|Bytes:5
19:56:16.9 (830437762)|STATEMENT_EXECUTE|[57]
19:56:16.9 (830439520)|STATEMENT_EXECUTE|[58]
19:56:16.9 (830448381)|STATEMENT_EXECUTE|[61]
19:56:16.9 (830449339)|STATEMENT_EXECUTE|[62]
19:56:16.9 (830461167)|METHOD_EXIT|[22]|01pWC000002WbCz|RenewalQuoteHeaderHandler.resolveContractId(Quote)
19:56:16.9 (830468977)|VARIABLE_SCOPE_BEGIN|[22]|contractId|Id|false|false
19:56:16.9 (830585869)|VARIABLE_ASSIGNMENT|[22]|contractId|"800WC00000SB0FtYAL"
19:56:16.9 (830589997)|STATEMENT_EXECUTE|[23]
19:56:16.9 (830593840)|STATEMENT_EXECUTE|[27]
19:56:16.9 (830594930)|STATEMENT_EXECUTE|[31]
19:56:16.9 (830628912)|SYSTEM_METHOD_ENTRY|[31]|Map<Id,Quote>.put(Object, Object)
19:56:16.9 (830644525)|HEAP_ALLOCATE|[EXTERNAL]|Bytes:-4
19:56:16.9 (830654711)|SYSTEM_METHOD_EXIT|[31]|Map<Id,Quote>.put(Object, Object)
19:56:16.9 (830662370)|SYSTEM_METHOD_ENTRY|[17]|system.ListIterator.hasNext()
19:56:16.9 (830670755)|HEAP_ALLOCATE|[17]|Bytes:5
19:56:16.9 (830676999)|SYSTEM_METHOD_EXIT|[17]|system.ListIterator.hasNext()
19:56:16.9 (830688923)|VARIABLE_ASSIGNMENT|[17]|quote|null|
19:56:16.9 (830695464)|SYSTEM_METHOD_ENTRY|[34]|Map<Id,Quote>.isEmpty()
19:56:16.9 (830700401)|SYSTEM_METHOD_EXIT|[34]|Map<Id,Quote>.isEmpty()
19:56:16.9 (830704822)|STATEMENT_EXECUTE|[34]
19:56:16.9 (830706234)|STATEMENT_EXECUTE|[38]
19:56:16.9 (830709469)|SYSTEM_METHOD_ENTRY|[38]|Map<Id,Quote>.keySet()
19:56:16.9 (830740026)|HEAP_ALLOCATE|[38]|Bytes:26
19:56:16.9 (830743693)|SYSTEM_METHOD_EXIT|[38]|Map<Id,Quote>.keySet()
19:56:16.9 (830749556)|METHOD_ENTRY|[38]|01pWC000002WbCz|RenewalQuoteHeaderHandler.loadSourceQuotesByContractId(Set<Id>)
19:56:16.9 (830753695)|VARIABLE_SCOPE_BEGIN|[68]|contractIds|Set<Id>|true|false
19:56:16.9 (830765997)|VARIABLE_ASSIGNMENT|[68]|contractIds|["800WC00000SB0FtYAL"]|0x1871edb2
19:56:16.9 (830773819)|HEAP_ALLOCATE|[69]|Bytes:5
19:56:16.9 (830776262)|STATEMENT_EXECUTE|[68]
19:56:16.9 (830777288)|STATEMENT_EXECUTE|[69]
19:56:16.9 (830789304)|HEAP_ALLOCATE|[69]|Bytes:4
19:56:16.9 (830794444)|VARIABLE_SCOPE_BEGIN|[69]|sourceQuotesByContractId|Map<Id,Quote>|true|false
19:56:16.9 (830805845)|VARIABLE_ASSIGNMENT|[69]|sourceQuotesByContractId|{}|0x592f4fbb
19:56:16.9 (830811784)|SYSTEM_METHOD_ENTRY|[70]|Set<Id>.isEmpty()
19:56:16.9 (830815424)|SYSTEM_METHOD_EXIT|[70]|Set<Id>.isEmpty()
19:56:16.9 (830818633)|STATEMENT_EXECUTE|[70]
19:56:16.9 (830819701)|STATEMENT_EXECUTE|[74]
19:56:16.9 (830823158)|METHOD_ENTRY|[74]|01pWC000002WbCz|RenewalQuoteHeaderHandler.resolveSourceQuoteIdByContractId(Set<Id>)
19:56:16.9 (830826303)|VARIABLE_SCOPE_BEGIN|[90]|contractIds|Set<Id>|true|false
19:56:16.9 (830831382)|VARIABLE_ASSIGNMENT|[90]|contractIds|["800WC00000SB0FtYAL"]|0x1871edb2
19:56:16.9 (830836193)|HEAP_ALLOCATE|[91]|Bytes:5
19:56:16.9 (830838253)|STATEMENT_EXECUTE|[90]
19:56:16.9 (830839284)|STATEMENT_EXECUTE|[91]
19:56:16.9 (830844683)|HEAP_ALLOCATE|[91]|Bytes:4
19:56:16.9 (830847445)|VARIABLE_SCOPE_BEGIN|[91]|sourceQuoteIdByContractId|Map<Id,Id>|true|false
19:56:16.9 (830853169)|VARIABLE_ASSIGNMENT|[91]|sourceQuoteIdByContractId|{}|0x280b38d5
19:56:16.9 (830859619)|METHOD_ENTRY|[93]||System.Test.isRunningTest()
19:56:16.9 (830871827)|METHOD_EXIT|[93]||System.Test.isRunningTest()
19:56:16.9 (830874334)|STATEMENT_EXECUTE|[93]
19:56:16.9 (830883008)|HEAP_ALLOCATE|[102]|Bytes:4
19:56:16.9 (831442653)|SOQL_EXECUTE_BEGIN|[102]|Aggregations:0|SELECT Id, SourceQuoteId FROM Contract WHERE (Id = :tmpVar1 AND SourceQuoteId != NULL)
19:56:16.9 (831469183)|LIMIT_USAGE|[102]|SOQL|4|100
19:56:16.9 (831475839)|LIMIT_USAGE|[102]|AGGS|0|300
19:56:16.9 (835499643)|SOQL_EXECUTE_EXPLAIN|[102]|Index on Quote : [Id], cardinality: 1, sobjectCardinality: 166346, relativeCost 0
19:56:16.9 (835522575)|SOQL_EXECUTE_END|[102]|Rows:0
19:56:16.9 (835597029)|SYSTEM_METHOD_ENTRY|[102]|Database.QueryLocator.iterator()
19:56:16.9 (835694551)|HEAP_ALLOCATE|[102]|Bytes:28
19:56:16.9 (835708840)|HEAP_ALLOCATE|[102]|Bytes:8
19:56:16.9 (835710916)|HEAP_ALLOCATE|[102]|Bytes:8
19:56:16.9 (835715324)|VARIABLE_SCOPE_BEGIN|[15]|this|Database.QueryLocatorIterator|true|false
19:56:16.9 (835774666)|VARIABLE_ASSIGNMENT|[15]|this|{}|0x1822a984
19:56:16.9 (835778737)|VARIABLE_SCOPE_BEGIN|[15]|values|List<SObject>|true|false
19:56:16.9 (835784433)|VARIABLE_ASSIGNMENT|[15]|values|null|
19:56:16.9 (835787111)|VARIABLE_SCOPE_BEGIN|[15]|ql|Database.QueryLocator|true|false
19:56:16.9 (835802531)|VARIABLE_ASSIGNMENT|[15]|ql|{"query":"SELECT Id, SourceQuo (66 more) ..."}|0x2fd7fde2
19:56:16.9 (835805877)|VARIABLE_SCOPE_BEGIN|[15]|totalNumRecords|Integer|false|false
19:56:16.9 (835811146)|VARIABLE_ASSIGNMENT|[15]|totalNumRecords|0
19:56:16.9 (835813534)|VARIABLE_SCOPE_BEGIN|[15]|queryMoreSize|Integer|false|false
19:56:16.9 (835817507)|VARIABLE_ASSIGNMENT|[15]|queryMoreSize|49998
19:56:16.9 (835874558)|HEAP_ALLOCATE|[102]|Bytes:28
19:56:16.9 (835882111)|SYSTEM_METHOD_EXIT|[102]|Database.QueryLocator.iterator()
19:56:16.9 (835891996)|METHOD_ENTRY|[102]||Database.QueryLocatorIterator.hasNext()
19:56:16.9 (835911224)|METHOD_EXIT|[102]||Database.QueryLocatorIterator.hasNext()
19:56:16.9 (835921571)|VARIABLE_ASSIGNMENT|[102]|contract|null|
19:56:16.9 (835925530)|STATEMENT_EXECUTE|[102]
19:56:16.9 (835933446)|STATEMENT_EXECUTE|[111]
19:56:16.9 (835945823)|HEAP_ALLOCATE|[111]|Bytes:4
19:56:16.9 (835970433)|SYSTEM_CONSTRUCTOR_ENTRY|[111]|<init>(Integer)
19:56:16.9 (835978499)|SYSTEM_CONSTRUCTOR_EXIT|[111]|<init>(Integer)
19:56:16.9 (835981499)|VARIABLE_SCOPE_BEGIN|[111]|contractsWithoutSource|Set<Id>|true|false
19:56:16.9 (836008216)|VARIABLE_ASSIGNMENT|[111]|contractsWithoutSource|[]|0xa6abb51
19:56:16.9 (836016895)|SYSTEM_METHOD_ENTRY|[112]|Set<Id>.iterator()
19:56:16.9 (836025139)|SYSTEM_METHOD_EXIT|[112]|Set<Id>.iterator()
19:56:16.9 (836030814)|SYSTEM_METHOD_ENTRY|[112]|com.salesforce.api.fast.SetIterator..lcom.force.swag.id.ID..r.hasNext()
19:56:16.9 (836036396)|HEAP_ALLOCATE|[112]|Bytes:5
19:56:16.9 (836040147)|SYSTEM_METHOD_EXIT|[112]|com.salesforce.api.fast.SetIterator..lcom.force.swag.id.ID..r.hasNext()
19:56:16.9 (836075065)|HEAP_ALLOCATE|[112]|Bytes:4
19:56:16.9 (836078693)|VARIABLE_SCOPE_BEGIN|[112]|contractId|Id|false|false
19:56:16.9 (836149443)|VARIABLE_ASSIGNMENT|[112]|contractId|"800WC00000SB0FtYAL"
19:56:16.9 (836153361)|STATEMENT_EXECUTE|[112]
19:56:16.9 (836170783)|SYSTEM_METHOD_ENTRY|[113]|Map<Id,Id>.containsKey(Object)
19:56:16.9 (836177543)|SYSTEM_METHOD_EXIT|[113]|Map<Id,Id>.containsKey(Object)
19:56:16.9 (836181352)|STATEMENT_EXECUTE|[113]
19:56:16.9 (836182437)|STATEMENT_EXECUTE|[114]
19:56:16.9 (836187533)|SYSTEM_METHOD_ENTRY|[114]|Set<Id>.add(Object)
19:56:16.9 (836192168)|HEAP_ALLOCATE|[EXTERNAL]|Bytes:4
19:56:16.9 (836197138)|SYSTEM_METHOD_EXIT|[114]|Set<Id>.add(Object)
19:56:16.9 (836200889)|SYSTEM_METHOD_ENTRY|[112]|com.salesforce.api.fast.SetIterator..lcom.force.swag.id.ID..r.hasNext()
19:56:16.9 (836204121)|HEAP_ALLOCATE|[112]|Bytes:5
19:56:16.9 (836206887)|SYSTEM_METHOD_EXIT|[112]|com.salesforce.api.fast.SetIterator..lcom.force.swag.id.ID..r.hasNext()
19:56:16.9 (836211013)|VARIABLE_ASSIGNMENT|[112]|contractId|null
19:56:16.9 (836215153)|SYSTEM_METHOD_ENTRY|[118]|Set<Id>.isEmpty()
19:56:16.9 (836217822)|SYSTEM_METHOD_EXIT|[118]|Set<Id>.isEmpty()
19:56:16.9 (836220246)|STATEMENT_EXECUTE|[118]
19:56:16.9 (836231191)|HEAP_ALLOCATE|[119]|Bytes:4
19:56:16.9 (836758350)|SOQL_EXECUTE_BEGIN|[119]|Aggregations:0|SELECT ContractId, QuoteId FROM Order WHERE (ContractId = :tmpVar1 AND QuoteId != NULL) ORDER BY CreatedDate DESC NULLS FIRST
19:56:16.9 (836779062)|LIMIT_USAGE|[119]|SOQL|5|100
19:56:16.9 (836784688)|LIMIT_USAGE|[119]|AGGS|0|300
19:56:16.9 (841105656)|SOQL_EXECUTE_EXPLAIN|[119]|Index on Quote : [Id], cardinality: 1, sobjectCardinality: 166346, relativeCost 0
19:56:16.9 (841126190)|SOQL_EXECUTE_END|[119]|Rows:1
19:56:16.9 (841142586)|LIMIT_USAGE|[119]|SOQL_ROWS|3|50000
19:56:16.9 (841153793)|HEAP_ALLOCATE|[EXTERNAL]|Bytes:8
19:56:16.9 (841197028)|SYSTEM_METHOD_ENTRY|[119]|Database.QueryLocator.iterator()
19:56:16.9 (841277175)|HEAP_ALLOCATE|[119]|Bytes:28
19:56:16.9 (841310052)|HEAP_ALLOCATE|[119]|Bytes:8
19:56:16.9 (841317050)|HEAP_ALLOCATE|[119]|Bytes:8
19:56:16.9 (841318969)|HEAP_ALLOCATE|[119]|Bytes:8
19:56:16.9 (841323411)|VARIABLE_SCOPE_BEGIN|[15]|this|Database.QueryLocatorIterator|true|false
19:56:16.9 (841377921)|VARIABLE_ASSIGNMENT|[15]|this|{}|0x1a7d5187
19:56:16.9 (841381636)|VARIABLE_SCOPE_BEGIN|[15]|values|List<SObject>|true|false
19:56:16.9 (841499245)|VARIABLE_ASSIGNMENT|[15]|values|[{"QuoteId":"0Q0WC0000037yTx0AI","ContractId":"800WC00000SB0FtYAL","Id":"801WC00000kaGBpYAM"}]|0x4faeed5d
19:56:16.9 (841503928)|VARIABLE_SCOPE_BEGIN|[15]|ql|Database.QueryLocator|true|false
19:56:16.9 (841518059)|VARIABLE_ASSIGNMENT|[15]|ql|{"query":"SELECT ContractId, Q (105 more) ..."}|0x68a6658
19:56:16.9 (841526909)|VARIABLE_SCOPE_BEGIN|[15]|totalNumRecords|Integer|false|false
19:56:16.9 (841532968)|VARIABLE_ASSIGNMENT|[15]|totalNumRecords|1
19:56:16.9 (841535316)|VARIABLE_SCOPE_BEGIN|[15]|queryMoreSize|Integer|false|false
19:56:16.9 (841539236)|VARIABLE_ASSIGNMENT|[15]|queryMoreSize|49997
19:56:16.9 (841588813)|HEAP_ALLOCATE|[119]|Bytes:28
19:56:16.9 (841594883)|SYSTEM_METHOD_EXIT|[119]|Database.QueryLocator.iterator()
19:56:16.9 (841603593)|METHOD_ENTRY|[119]||Database.QueryLocatorIterator.hasNext()
19:56:16.9 (841627437)|METHOD_EXIT|[119]||Database.QueryLocatorIterator.hasNext()
19:56:16.9 (841631250)|METHOD_ENTRY|[119]||Database.QueryLocatorIterator.next()
19:56:16.9 (841678055)|METHOD_EXIT|[119]||Database.QueryLocatorIterator.next()
19:56:16.9 (841682514)|VARIABLE_SCOPE_BEGIN|[119]|sourceOrder|Order|true|false
19:56:16.9 (841707957)|VARIABLE_ASSIGNMENT|[119]|sourceOrder|{"QuoteId":"0Q0WC0000037yTx0AI","ContractId":"800WC00000SB0FtYAL","Id":"801WC00000kaGBpYAM"}|0x2f8cfe79
19:56:16.9 (841712453)|STATEMENT_EXECUTE|[125]
19:56:16.9 (841739227)|SYSTEM_METHOD_ENTRY|[126]|Map<Id,Id>.containsKey(Object)
19:56:16.9 (841746388)|SYSTEM_METHOD_EXIT|[126]|Map<Id,Id>.containsKey(Object)
19:56:16.9 (841750009)|STATEMENT_EXECUTE|[126]
19:56:16.9 (841751068)|STATEMENT_EXECUTE|[127]
19:56:16.9 (841759786)|SYSTEM_METHOD_ENTRY|[127]|Map<Id,Id>.put(Object, Object)
19:56:16.9 (841765819)|HEAP_ALLOCATE|[EXTERNAL]|Bytes:-4
19:56:16.9 (841770987)|SYSTEM_METHOD_EXIT|[127]|Map<Id,Id>.put(Object, Object)
19:56:16.9 (841774701)|METHOD_ENTRY|[119]||Database.QueryLocatorIterator.hasNext()
19:56:16.9 (841781707)|METHOD_EXIT|[119]||Database.QueryLocatorIterator.hasNext()
19:56:16.9 (841786343)|VARIABLE_ASSIGNMENT|[119]|sourceOrder|null|
19:56:16.9 (841795672)|STATEMENT_EXECUTE|[132]
19:56:16.9 (841801942)|METHOD_EXIT|[74]|01pWC000002WbCz|RenewalQuoteHeaderHandler.resolveSourceQuoteIdByContractId(Set<Id>)
19:56:16.9 (841805461)|VARIABLE_SCOPE_BEGIN|[74]|sourceQuoteIdByContractId|Map<Id,Id>|true|false
19:56:16.9 (841889756)|VARIABLE_ASSIGNMENT|[74]|sourceQuoteIdByContractId|"{800WC00000SB0FtYAL=0Q0WC0000037yTx0AI}"|0x280b38d5
19:56:16.9 (841893811)|STATEMENT_EXECUTE|[75]
19:56:16.9 (841904370)|HEAP_ALLOCATE|[75]|Bytes:4
19:56:16.9 (841909527)|SYSTEM_METHOD_ENTRY|[75]|Map<Id,Id>.values()
19:56:16.9 (841932405)|HEAP_ALLOCATE|[EXTERNAL]|Bytes:8
19:56:16.9 (841940099)|HEAP_ALLOCATE|[75]|Bytes:26
19:56:16.9 (841963370)|SYSTEM_METHOD_EXIT|[75]|Map<Id,Id>.values()
19:56:16.9 (841986504)|SYSTEM_CONSTRUCTOR_ENTRY|[75]|<init>(Object)
19:56:16.9 (841992041)|HEAP_ALLOCATE|[75]|Bytes:18
19:56:16.9 (842014105)|SYSTEM_CONSTRUCTOR_EXIT|[75]|<init>(Object)
19:56:16.9 (842017645)|VARIABLE_SCOPE_BEGIN|[75]|sourceQuoteIds|Set<Id>|true|false
19:56:16.9 (842037912)|VARIABLE_ASSIGNMENT|[75]|sourceQuoteIds|["0Q0WC0000037yTx0AI"]|0x5f0d7366
19:56:16.9 (842043266)|SYSTEM_METHOD_ENTRY|[76]|Set<Id>.isEmpty()
19:56:16.9 (842046248)|SYSTEM_METHOD_EXIT|[76]|Set<Id>.isEmpty()
19:56:16.9 (842048692)|STATEMENT_EXECUTE|[76]
19:56:16.9 (842049865)|STATEMENT_EXECUTE|[80]
19:56:16.9 (842057742)|HEAP_ALLOCATE|[80]|Bytes:4
19:56:16.9 (842062999)|METHOD_ENTRY|[80]|01pWC000002WbCz|RenewalQuoteHeaderHandler.querySourceQuotes(Set<Id>)
19:56:16.9 (842066439)|VARIABLE_SCOPE_BEGIN|[135]|sourceQuoteIds|Set<Id>|true|false
19:56:16.9 (842071678)|VARIABLE_ASSIGNMENT|[135]|sourceQuoteIds|["0Q0WC0000037yTx0AI"]|0x5f0d7366
19:56:16.9 (842081103)|HEAP_ALLOCATE|[136]|Bytes:5
19:56:16.9 (842083434)|STATEMENT_EXECUTE|[135]
19:56:16.9 (842084704)|STATEMENT_EXECUTE|[136]
19:56:16.9 (842090983)|HEAP_ALLOCATE|[136]|Bytes:4
19:56:16.9 (843146400)|SOQL_EXECUTE_BEGIN|[136]|Aggregations:0|SELECT Id, OpportunityId, LegalEntityId, SalesTransactionTypeId, ContactId, BillToContactId, Bill_To_Place__c, Ship_To_Place__c, Primary_Place__c, End_User_Place__c, Install_Place__c, Service_Place__c, Regulatory_Place__c, Partner_Place__c, Billing_Partner__c, PartnerAccountId, Partner_Pricing_Model__c, Deal_Type__c, Reseller__c, Distributor__c, Referral_Partner__c, Net_Terms__c, Language__c, Payment_Portal__c, CurrencyIsoCode, BillingStreet, BillingCity, BillingState, BillingPostalCode, BillingCountry, BillingStateCode, BillingCountryCode, ShippingStreet, ShippingCity, ShippingState, ShippingPostalCode, ShippingCountry, ShippingStateCode, ShippingCountryCode, QuoteToStreet, QuoteToCity, QuoteToState, QuoteToPostalCode, QuoteToCountry, QuoteToStateCode, QuoteToCountryCode FROM Quote WHERE Id = :tmpVar1
19:56:16.9 (843167814)|LIMIT_USAGE|[136]|SOQL|6|100
19:56:16.9 (843173755)|LIMIT_USAGE|[136]|AGGS|0|300
19:56:16.9 (848185963)|SOQL_EXECUTE_EXPLAIN|[136]|Index on Quote : [Id], cardinality: 1, sobjectCardinality: 166346, relativeCost 0
19:56:16.9 (848206613)|SOQL_EXECUTE_END|[136]|Rows:1
19:56:16.9 (848222509)|LIMIT_USAGE|[136]|SOQL_ROWS|4|50000
19:56:16.9 (848234288)|HEAP_ALLOCATE|[136]|Bytes:8
19:56:16.9 (848259578)|HEAP_ALLOCATE|[136]|Bytes:979
19:56:16.9 (848298553)|HEAP_ALLOCATE|[136]|Bytes:8
19:56:16.9 (848318816)|METHOD_EXIT|[80]|01pWC000002WbCz|RenewalQuoteHeaderHandler.querySourceQuotes(Set<Id>)
19:56:16.9 (848333650)|HEAP_ALLOCATE|[80]|Bytes:132
19:56:16.9 (848355256)|HEAP_ALLOCATE|[80]|Bytes:4
19:56:16.9 (848362872)|VARIABLE_SCOPE_BEGIN|[80]|sourceQuotesById|Map<Id,Quote>|true|false
19:56:16.9 (848579365)|VARIABLE_ASSIGNMENT|[80]|sourceQuotesById|{"0Q0WC0000037yTx0AI":{"Net_Terms__c":"Net_30","ShippingStateCode":"MN","BillingCity":"Eden Prairie","Bill_To_Place__c":"a0lWC000004nA5ZYAU","BillingCountryCode":"US","QuoteToCountry":"United States","ContactId":"003WC00000x4jCfYAI","PartnerAccountId":"001WC00000ZtazZYAR","Billing_Partner__c":"001WC00000ZtazZYAR","SalesTransactionTypeId":"1ChWC0000002eJ70AI","OpportunityId":"006WC00000QuJ4DYAV","LegalEntityId":"0fwWC000000034LYAQ","Partner_Pricing_Model__c":"Discount","Language__c":"English","ShippingCountry":"United States","BillingPostalCode":"55344","ShippingCity":"Eden Prairie","Ship_To_Place__c":"a0lWC000004nA5ZYAU","BillToContactId":"003WC00000x4jCfYAI","CurrencyIsoCode":"USD","ShippingStreet":"11095 Viking Drive","ShippingCountryCode":"US","Payment_Portal__c":"Fortra (default)","BillingCountry":"United States","BillingStreet":"11095 Viking Drive","BillingStateCode":"MN","ShippingPostalCode":"55344","QuoteToCountryCode":"US","Deal_Type__c":"Fortra Originated","ShippingState":"Minnesota","Id":"0Q0WC0000037yTx0AI","BillingState":"Minnesota"}}|0x5e4947f0
19:56:16.9 (848597520)|SYSTEM_METHOD_ENTRY|[81]|Map<Id,Id>.keySet()
19:56:16.9 (848617300)|HEAP_ALLOCATE|[81]|Bytes:26
19:56:16.9 (848621603)|SYSTEM_METHOD_EXIT|[81]|Map<Id,Id>.keySet()
19:56:16.9 (848627829)|SYSTEM_METHOD_ENTRY|[81]|Set<Id>.iterator()
19:56:16.9 (848634395)|SYSTEM_METHOD_EXIT|[81]|Set<Id>.iterator()
19:56:16.9 (848641132)|SYSTEM_METHOD_ENTRY|[81]|com.salesforce.api.fast.SetIterator..lcom.force.swag.id.ID..r.hasNext()
19:56:16.9 (848649361)|HEAP_ALLOCATE|[81]|Bytes:5
19:56:16.9 (848653757)|SYSTEM_METHOD_EXIT|[81]|com.salesforce.api.fast.SetIterator..lcom.force.swag.id.ID..r.hasNext()
19:56:16.9 (848684452)|HEAP_ALLOCATE|[81]|Bytes:4
19:56:16.9 (848688132)|VARIABLE_SCOPE_BEGIN|[81]|contractId|Id|false|false
19:56:16.9 (848752084)|VARIABLE_ASSIGNMENT|[81]|contractId|"800WC00000SB0FtYAL"
19:56:16.9 (848756703)|STATEMENT_EXECUTE|[81]
19:56:16.9 (848758034)|STATEMENT_EXECUTE|[82]
19:56:16.9 (848777437)|SYSTEM_METHOD_ENTRY|[82]|Map<Id,Id>.get(Object)
19:56:16.9 (848784461)|SYSTEM_METHOD_EXIT|[82]|Map<Id,Id>.get(Object)
19:56:16.9 (848789271)|SYSTEM_METHOD_ENTRY|[82]|Map<Id,Quote>.get(Object)
19:56:16.9 (848794882)|SYSTEM_METHOD_EXIT|[82]|Map<Id,Quote>.get(Object)
19:56:16.9 (848798709)|VARIABLE_SCOPE_BEGIN|[82]|sourceQuote|Quote|true|false
19:56:16.9 (848939826)|VARIABLE_ASSIGNMENT|[82]|sourceQuote|{"Net_Terms__c":"Net_30","ShippingStateCode":"MN","BillingCity":"Eden Prairie","Bill_To_Place__c":"a0lWC000004nA5ZYAU","BillingCountryCode":"US","QuoteToCountry":"United States","ContactId":"003WC00000x4jCfYAI","PartnerAccountId":"001WC00000ZtazZYAR","Billing_Partner__c":"001WC00000ZtazZYAR","SalesTransactionTypeId":"1ChWC0000002eJ70AI","OpportunityId":"006WC00000QuJ4DYAV","LegalEntityId":"0fwWC000000034LYAQ","Partner_Pricing_Model__c":"Discount","Language__c":"English","ShippingCountry":"United States","BillingPostalCode":"55344","ShippingCity":"Eden Prairie","Ship_To_Place__c":"a0lWC000004nA5ZYAU","BillToContactId":"003WC00000x4jCfYAI","CurrencyIsoCode":"USD","ShippingStreet":"11095 Viking Drive","ShippingCountryCode":"US","Payment_Portal__c":"Fortra (default)","BillingCountry":"United States","BillingStreet":"11095 Viking Drive","BillingStateCode":"MN","ShippingPostalCode":"55344","QuoteToCountryCode":"US","Deal_Type__c":"Fortra Originated","ShippingState":"Minnesota","Id":"0Q0WC0000037yTx0AI","BillingState":"Minnesota"}|0x78625d60
19:56:16.9 (848949161)|STATEMENT_EXECUTE|[83]
19:56:16.9 (848950333)|STATEMENT_EXECUTE|[84]
19:56:16.9 (848958369)|SYSTEM_METHOD_ENTRY|[84]|Map<Id,Quote>.put(Object, Object)
19:56:16.9 (848964782)|HEAP_ALLOCATE|[EXTERNAL]|Bytes:-4
19:56:16.9 (848970532)|SYSTEM_METHOD_EXIT|[84]|Map<Id,Quote>.put(Object, Object)
19:56:16.9 (848974923)|SYSTEM_METHOD_ENTRY|[81]|com.salesforce.api.fast.SetIterator..lcom.force.swag.id.ID..r.hasNext()
19:56:16.9 (848979134)|HEAP_ALLOCATE|[81]|Bytes:5
19:56:16.9 (848982133)|SYSTEM_METHOD_EXIT|[81]|com.salesforce.api.fast.SetIterator..lcom.force.swag.id.ID..r.hasNext()
19:56:16.9 (848987880)|VARIABLE_ASSIGNMENT|[81]|contractId|null
19:56:16.9 (848991058)|STATEMENT_EXECUTE|[87]
19:56:16.9 (848998808)|METHOD_EXIT|[38]|01pWC000002WbCz|RenewalQuoteHeaderHandler.loadSourceQuotesByContractId(Set<Id>)
19:56:16.9 (849002309)|VARIABLE_SCOPE_BEGIN|[38]|sourceQuotesByContractId|Map<Id,Quote>|true|false
19:56:16.9 (849110957)|VARIABLE_ASSIGNMENT|[38]|sourceQuotesByContractId|{"800WC00000SB0FtYAL":{"Net_Terms__c":"Net_30","ShippingStateCode":"MN","BillingCity":"Eden Prairie","Bill_To_Place__c":"a0lWC000004nA5ZYAU","BillingCountryCode":"US","QuoteToCountry":"United States","ContactId":"003WC00000x4jCfYAI","PartnerAccountId":"001WC00000ZtazZYAR","Billing_Partner__c":"001WC00000ZtazZYAR","SalesTransactionTypeId":"1ChWC0000002eJ70AI","OpportunityId":"006WC00000QuJ4DYAV","LegalEntityId":"0fwWC000000034LYAQ","Partner_Pricing_Model__c":"Discount","Language__c":"English","ShippingCountry":"United States","BillingPostalCode":"55344","ShippingCity":"Eden Prairie","Ship_To_Place__c":"a0lWC000004nA5ZYAU","BillToContactId":"003WC00000x4jCfYAI","CurrencyIsoCode":"USD","ShippingStreet":"11095 Viking Drive","ShippingCountryCode":"US","Payment_Portal__c":"Fortra (default)","BillingCountry":"United States","BillingStreet":"11095 Viking Drive","BillingStateCode":"MN","ShippingPostalCode":"55344","QuoteToCountryCode":"US","Deal_Type__c":"Fortra Originated","ShippingState":"Minnesota","Id":"0Q0WC0000037yTx0AI","BillingState":"Minnesota"}}|0x592f4fbb
19:56:16.9 (849122142)|SYSTEM_METHOD_ENTRY|[39]|Map<Id,Quote>.keySet()
19:56:16.9 (849133355)|HEAP_ALLOCATE|[39]|Bytes:26
19:56:16.9 (849136789)|SYSTEM_METHOD_EXIT|[39]|Map<Id,Quote>.keySet()
19:56:16.9 (849140110)|SYSTEM_METHOD_ENTRY|[39]|Set<Id>.iterator()
19:56:16.9 (849143358)|SYSTEM_METHOD_EXIT|[39]|Set<Id>.iterator()
19:56:16.9 (849146676)|SYSTEM_METHOD_ENTRY|[39]|com.salesforce.api.fast.SetIterator..lcom.force.swag.id.ID..r.hasNext()
19:56:16.9 (849149503)|HEAP_ALLOCATE|[39]|Bytes:5
19:56:16.9 (849152129)|SYSTEM_METHOD_EXIT|[39]|com.salesforce.api.fast.SetIterator..lcom.force.swag.id.ID..r.hasNext()
19:56:16.9 (849165334)|HEAP_ALLOCATE|[39]|Bytes:4
19:56:16.9 (849167831)|VARIABLE_SCOPE_BEGIN|[39]|contractId|Id|false|false
19:56:16.9 (849206399)|VARIABLE_ASSIGNMENT|[39]|contractId|"800WC00000SB0FtYAL"
19:56:16.9 (849209495)|STATEMENT_EXECUTE|[39]
19:56:16.9 (849210544)|STATEMENT_EXECUTE|[40]
19:56:16.9 (849216589)|SYSTEM_METHOD_ENTRY|[40]|Map<Id,Quote>.get(Object)
19:56:16.9 (849222251)|SYSTEM_METHOD_EXIT|[40]|Map<Id,Quote>.get(Object)
19:56:16.9 (849225214)|VARIABLE_SCOPE_BEGIN|[40]|sourceQuote|Quote|true|false
19:56:16.9 (849331381)|VARIABLE_ASSIGNMENT|[40]|sourceQuote|{"Net_Terms__c":"Net_30","ShippingStateCode":"MN","BillingCity":"Eden Prairie","Bill_To_Place__c":"a0lWC000004nA5ZYAU","BillingCountryCode":"US","QuoteToCountry":"United States","ContactId":"003WC00000x4jCfYAI","PartnerAccountId":"001WC00000ZtazZYAR","Billing_Partner__c":"001WC00000ZtazZYAR","SalesTransactionTypeId":"1ChWC0000002eJ70AI","OpportunityId":"006WC00000QuJ4DYAV","LegalEntityId":"0fwWC000000034LYAQ","Partner_Pricing_Model__c":"Discount","Language__c":"English","ShippingCountry":"United States","BillingPostalCode":"55344","ShippingCity":"Eden Prairie","Ship_To_Place__c":"a0lWC000004nA5ZYAU","BillToContactId":"003WC00000x4jCfYAI","CurrencyIsoCode":"USD","ShippingStreet":"11095 Viking Drive","ShippingCountryCode":"US","Payment_Portal__c":"Fortra (default)","BillingCountry":"United States","BillingStreet":"11095 Viking Drive","BillingStateCode":"MN","ShippingPostalCode":"55344","QuoteToCountryCode":"US","Deal_Type__c":"Fortra Originated","ShippingState":"Minnesota","Id":"0Q0WC0000037yTx0AI","BillingState":"Minnesota"}|0x78625d60
19:56:16.9 (849340009)|STATEMENT_EXECUTE|[41]
19:56:16.9 (849341163)|STATEMENT_EXECUTE|[44]
19:56:16.9 (849345736)|SYSTEM_METHOD_ENTRY|[44]|Map<Id,Quote>.get(Object)
19:56:16.9 (849353654)|SYSTEM_METHOD_EXIT|[44]|Map<Id,Quote>.get(Object)
19:56:16.9 (849359441)|METHOD_ENTRY|[44]|01pWC000002WbCz|RenewalQuoteHeaderHandler.stampHeaderFields(Quote, Quote)
19:56:16.9 (849363173)|VARIABLE_SCOPE_BEGIN|[189]|target|Quote|true|false
19:56:16.9 (850450947)|VARIABLE_ASSIGNMENT|[189]|target|{"LastModifiedDate":"2026-06-14T02:56:16.000Z","Quote_Type__c":"Renewal","Bill_To_Place__c":"a0lWC000004nA5ZYAU","Export_Compliance_Status__c":"Pending","Net_Terms_Approval__c":false,"Exchange_Rate_To_USD__c":1.0000000000,"Export_Review_Required__c":false,"Within_Renewal_Window__c":false,"IsPrimary__c":false,"Credit_Renewal_Approval__c":false,"Days_Until_Renewal__c":362,"Renewal_Contract__c":"800WC00000SB0FtYAL","QuoteAccountId":"001WC00000kZKNxYAO","Pro_Ration_Method__c":"Monthly","Renewal_ARR_Approval__c":false,"Status":"Draft","Show_Hide_Discounts__c":"Show","IsDeleted":false,"Subtotal":67.38,"Force_New_Contract__c":false,"Net_Contract_Change__c":0.00,"Signed_Quote_Approval__c":false,"Terms_and_Conditions__c":false,"Payment_Portal__c":"Fortra (default)","Original_Contract_ARR__c":0.00,"BillingStateCode":"MN","GrandTotal":67.38,"ShippingPostalCode":"55344","ShippingState":"Minnesota","Mycap__c":false,"Deal_Type__c":"Fortra Originated","Id":"0Q0WC00000382MH0AY","Subscription_Pricing_Discount_Approval__c":false,"Net_Terms__c":"Net_30","Discount":0.00,"Services_Discount_Approval__c":false,"Total_Contract_Value_TCV__c":67.38,"LineItemCount":2,"OwnerId":"005WC00000DZ6xVYAT","OpportunityId":"006WC00000QuJ4DYAV","LegalEntityId":"0fwWC000000034LYAQ","Language__c":"English","ShippingCity":"Eden Prairie","GSW__c":false,"Manually_Sent__c":false,"CalculationStatus":"PriceCalculationFail (2 more) ...","Corporate_Currency_Amount__c":67.38,"Annual_Contract_Value_ACV__c":67.38,"Max_Discount_on_QLIs__c":0.00,"Quote_Displaced_ARR__c":0.00,"OriginalActionType":"Renew","Ship_To_Place__c":"a0lWC000004nA5ZYAU","Show_Hide_Product_Number__c":"Show","SystemModstamp":"2026-06-14T02:56:16.000Z","Create_Order_from_Quote__c":false,"BillingCountry":"United States","Manual_Discount__c":0.00,"QuoteToCountryCode":"US","TotalPrice":67.38,"AdditionalCountryCode":"US","Legal_Support_Approval__c":false,"AccountId":"001WC00000kZKNxYAO","ShippingStateCode":"MN","BillingCity":"Eden Prairie","QuoteToCountry":"United States","Total_Discount_Amount__c":0.00,"MYCAP_Approval__c":false,"Name":"Renewal Quote","License_Extension_Approval__c":false,"StartDate":"2026-06-11T00:00:00.000Z","CreatedById":"005WC00000DZ6xVYAT","Auto_Renewal__c":false,"Channel_MSP_Pricing_Discount_Approval__c":false,"BillingPostalCode":"55344","Annualized_License_Equivalent_Base__c":67.38,"Show_Hide_Free_Products__c":"Show","Maintenance_Max_Discount__c":0.00,"Total_Displaced_ARR__c":0.00,"CurrencyIsoCode":"USD","LegacyRenewalQuote__c":false,"Credit_Renewal_ARR__c":false,"ShippingStreet":"11095 Viking Drive","Annuial_Revenue_Base__c":67.38,"AdditionalCountry":"United States","Total_Quote_Line_ARR__c":0.00,"CreatedDate":"2026-06-11T21:14:56.000Z","Pricebook2Id":"01sWC0000022GHFYA2","IsSyncing":false,"Renewal_Cancellation_Approval__c":false,"BillingState":"Minnesota","TransactionType":"Fortra_Advanced_Pric (3 more) ...","Discount_Renewal_ARR__c":false,"Contains_Offensive_Security__c":false,"BillingCountryCode":"US","Temp_License_Key_Extension__c":false,"Disable_Export_Control__c":false,"ContactId":"003WC00000x4jCfYAI","PartnerAccountId":"001WC00000ZtazZYAR","Export_License_Required__c":false,"Billing_Partner__c":"001WC00000ZtazZYAR","SalesTransactionTypeId":"1ChWC0000002eJ70AI","Maintenance_Discount_Approval__c":false,"Partner_Pricing_Model__c":"Discount","ShippingCountry":"United States","LineGroupCount":0,"Approval_Status__c":"None","Unsigned_Quote_Approval__c":false,"ContractId":"800WC00000SB0FtYAL","BillToContactId":"003WC00000x4jCfYAI","QuoteTypeText__c":"Renewal","Approval_Rejected_Checkbox__c":false,"ShippingCountryCode":"US","QuoteNumber":"00781084","CanCreateQuoteLineItems":false,"ALE__c":67.38,"BillingStreet":"11095 Viking Drive","Request_Legal_Support__c":false,"Perpetual_Pricing_Discount_Approval__c":false,"LastModifiedById":"005WC00000MgTN2YAN","Displaced_ARR_Approval__c":false}|0x30918162
19:56:16.9 (850482987)|VARIABLE_SCOPE_BEGIN|[189]|source|Quote|true|false
19:56:16.9 (850625035)|VARIABLE_ASSIGNMENT|[189]|source|{"Net_Terms__c":"Net_30","ShippingStateCode":"MN","BillingCity":"Eden Prairie","Bill_To_Place__c":"a0lWC000004nA5ZYAU","BillingCountryCode":"US","QuoteToCountry":"United States","ContactId":"003WC00000x4jCfYAI","PartnerAccountId":"001WC00000ZtazZYAR","Billing_Partner__c":"001WC00000ZtazZYAR","SalesTransactionTypeId":"1ChWC0000002eJ70AI","OpportunityId":"006WC00000QuJ4DYAV","LegalEntityId":"0fwWC000000034LYAQ","Partner_Pricing_Model__c":"Discount","Language__c":"English","ShippingCountry":"United States","BillingPostalCode":"55344","ShippingCity":"Eden Prairie","Ship_To_Place__c":"a0lWC000004nA5ZYAU","BillToContactId":"003WC00000x4jCfYAI","CurrencyIsoCode":"USD","ShippingStreet":"11095 Viking Drive","ShippingCountryCode":"US","Payment_Portal__c":"Fortra (default)","BillingCountry":"United States","BillingStreet":"11095 Viking Drive","BillingStateCode":"MN","ShippingPostalCode":"55344","QuoteToCountryCode":"US","Deal_Type__c":"Fortra Originated","ShippingState":"Minnesota","Id":"0Q0WC0000037yTx0AI","BillingState":"Minnesota"}|0x78625d60
19:56:16.9 (850649012)|HEAP_ALLOCATE|[190]|Bytes:5
19:56:16.9 (850655042)|STATEMENT_EXECUTE|[189]
19:56:16.9 (850659280)|STATEMENT_EXECUTE|[190]
19:56:16.9 (850660505)|STATEMENT_EXECUTE|[194]
19:56:16.9 (850671490)|METHOD_ENTRY|[194]|01pWC000002WbCz|RenewalQuoteHeaderHandler.copyIdIfBlank(Quote, Quote, String)
19:56:16.9 (850676825)|VARIABLE_SCOPE_BEGIN|[241]|target|Quote|true|false
19:56:16.9 (851579044)|VARIABLE_ASSIGNMENT|[241]|target|{"LastModifiedDate":"2026-06-14T02:56:16.000Z","Quote_Type__c":"Renewal","Bill_To_Place__c":"a0lWC000004nA5ZYAU","Export_Compliance_Status__c":"Pending","Net_Terms_Approval__c":false,"Exchange_Rate_To_USD__c":1.0000000000,"Export_Review_Required__c":false,"Within_Renewal_Window__c":false,"IsPrimary__c":false,"Credit_Renewal_Approval__c":false,"Days_Until_Renewal__c":362,"Renewal_Contract__c":"800WC00000SB0FtYAL","QuoteAccountId":"001WC00000kZKNxYAO","Pro_Ration_Method__c":"Monthly","Renewal_ARR_Approval__c":false,"Status":"Draft","Show_Hide_Discounts__c":"Show","IsDeleted":false,"Subtotal":67.38,"Force_New_Contract__c":false,"Net_Contract_Change__c":0.00,"Signed_Quote_Approval__c":false,"Terms_and_Conditions__c":false,"Payment_Portal__c":"Fortra (default)","Original_Contract_ARR__c":0.00,"BillingStateCode":"MN","GrandTotal":67.38,"ShippingPostalCode":"55344","ShippingState":"Minnesota","Mycap__c":false,"Deal_Type__c":"Fortra Originated","Id":"0Q0WC00000382MH0AY","Subscription_Pricing_Discount_Approval__c":false,"Net_Terms__c":"Net_30","Discount":0.00,"Services_Discount_Approval__c":false,"Total_Contract_Value_TCV__c":67.38,"LineItemCount":2,"OwnerId":"005WC00000DZ6xVYAT","OpportunityId":"006WC00000QuJ4DYAV","LegalEntityId":"0fwWC000000034LYAQ","Language__c":"English","ShippingCity":"Eden Prairie","GSW__c":false,"Manually_Sent__c":false,"CalculationStatus":"PriceCalculationFail (2 more) ...","Corporate_Currency_Amount__c":67.38,"Annual_Contract_Value_ACV__c":67.38,"Max_Discount_on_QLIs__c":0.00,"Quote_Displaced_ARR__c":0.00,"OriginalActionType":"Renew","Ship_To_Place__c":"a0lWC000004nA5ZYAU","Show_Hide_Product_Number__c":"Show","SystemModstamp":"2026-06-14T02:56:16.000Z","Create_Order_from_Quote__c":false,"BillingCountry":"United States","Manual_Discount__c":0.00,"QuoteToCountryCode":"US","TotalPrice":67.38,"AdditionalCountryCode":"US","Legal_Support_Approval__c":false,"AccountId":"001WC00000kZKNxYAO","ShippingStateCode":"MN","BillingCity":"Eden Prairie","QuoteToCountry":"United States","Total_Discount_Amount__c":0.00,"MYCAP_Approval__c":false,"Name":"Renewal Quote","License_Extension_Approval__c":false,"StartDate":"2026-06-11T00:00:00.000Z","CreatedById":"005WC00000DZ6xVYAT","Auto_Renewal__c":false,"Channel_MSP_Pricing_Discount_Approval__c":false,"BillingPostalCode":"55344","Annualized_License_Equivalent_Base__c":67.38,"Show_Hide_Free_Products__c":"Show","Maintenance_Max_Discount__c":0.00,"Total_Displaced_ARR__c":0.00,"CurrencyIsoCode":"USD","LegacyRenewalQuote__c":false,"Credit_Renewal_ARR__c":false,"ShippingStreet":"11095 Viking Drive","Annuial_Revenue_Base__c":67.38,"AdditionalCountry":"United States","Total_Quote_Line_ARR__c":0.00,"CreatedDate":"2026-06-11T21:14:56.000Z","Pricebook2Id":"01sWC0000022GHFYA2","IsSyncing":false,"Renewal_Cancellation_Approval__c":false,"BillingState":"Minnesota","TransactionType":"Fortra_Advanced_Pric (3 more) ...","Discount_Renewal_ARR__c":false,"Contains_Offensive_Security__c":false,"BillingCountryCode":"US","Temp_License_Key_Extension__c":false,"Disable_Export_Control__c":false,"ContactId":"003WC00000x4jCfYAI","PartnerAccountId":"001WC00000ZtazZYAR","Export_License_Required__c":false,"Billing_Partner__c":"001WC00000ZtazZYAR","SalesTransactionTypeId":"1ChWC0000002eJ70AI","Maintenance_Discount_Approval__c":false,"Partner_Pricing_Model__c":"Discount","ShippingCountry":"United States","LineGroupCount":0,"Approval_Status__c":"None","Unsigned_Quote_Approval__c":false,"ContractId":"800WC00000SB0FtYAL","BillToContactId":"003WC00000x4jCfYAI","QuoteTypeText__c":"Renewal","Approval_Rejected_Checkbox__c":false,"ShippingCountryCode":"US","QuoteNumber":"00781084","CanCreateQuoteLineItems":false,"ALE__c":67.38,"BillingStreet":"11095 Viking Drive","Request_Legal_Support__c":false,"Perpetual_Pricing_Discount_Approval__c":false,"LastModifiedById":"005WC00000MgTN2YAN","Displaced_ARR_Approval__c":false}|0x30918162
19:56:16.9 (851608704)|VARIABLE_SCOPE_BEGIN|[241]|source|Quote|true|false
19:56:16.9 (851733941)|VARIABLE_ASSIGNMENT|[241]|source|{"Net_Terms__c":"Net_30","ShippingStateCode":"MN","BillingCity":"Eden Prairie","Bill_To_Place__c":"a0lWC000004nA5ZYAU","BillingCountryCode":"US","QuoteToCountry":"United States","ContactId":"003WC00000x4jCfYAI","PartnerAccountId":"001WC00000ZtazZYAR","Billing_Partner__c":"001WC00000ZtazZYAR","SalesTransactionTypeId":"1ChWC0000002eJ70AI","OpportunityId":"006WC00000QuJ4DYAV","LegalEntityId":"0fwWC000000034LYAQ","Partner_Pricing_Model__c":"Discount","Language__c":"English","ShippingCountry":"United States","BillingPostalCode":"55344","ShippingCity":"Eden Prairie","Ship_To_Place__c":"a0lWC000004nA5ZYAU","BillToContactId":"003WC00000x4jCfYAI","CurrencyIsoCode":"USD","ShippingStreet":"11095 Viking Drive","ShippingCountryCode":"US","Payment_Portal__c":"Fortra (default)","BillingCountry":"United States","BillingStreet":"11095 Viking Drive","BillingStateCode":"MN","ShippingPostalCode":"55344","QuoteToCountryCode":"US","Deal_Type__c":"Fortra Originated","ShippingState":"Minnesota","Id":"0Q0WC0000037yTx0AI","BillingState":"Minnesota"}|0x78625d60
19:56:16.9 (851742574)|VARIABLE_SCOPE_BEGIN|[241]|fieldName|String|false|false
19:56:16.9 (851749583)|VARIABLE_ASSIGNMENT|[241]|fieldName|"OpportunityId"
19:56:16.9 (851761107)|HEAP_ALLOCATE|[242]|Bytes:5
19:56:16.9 (851766304)|STATEMENT_EXECUTE|[241]
19:56:16.9 (851797173)|SYSTEM_METHOD_ENTRY|[242]|SObject.get(String)
19:56:16.9 (851827107)|HEAP_ALLOCATE|[242]|Bytes:4
19:56:16.9 (851835611)|SYSTEM_METHOD_EXIT|[242]|SObject.get(String)
19:56:16.9 (851838443)|STATEMENT_EXECUTE|[242]
19:56:16.9 (851839545)|STATEMENT_EXECUTE|[243]
19:56:16.9 (851847783)|METHOD_EXIT|[194]|01pWC000002WbCz|RenewalQuoteHeaderHandler.copyIdIfBlank(Quote, Quote, String)
19:56:16.9 (851850693)|STATEMENT_EXECUTE|[195]
19:56:16.9 (851855300)|METHOD_ENTRY|[195]|01pWC000002WbCz|RenewalQuoteHeaderHandler.copyIdIfBlank(Quote, Quote, String)
19:56:16.9 (851858589)|VARIABLE_SCOPE_BEGIN|[241]|target|Quote|true|false
19:56:16.9 (852589559)|VARIABLE_ASSIGNMENT|[241]|target|{"LastModifiedDate":"2026-06-14T02:56:16.000Z","Quote_Type__c":"Renewal","Bill_To_Place__c":"a0lWC000004nA5ZYAU","Export_Compliance_Status__c":"Pending","Net_Terms_Approval__c":false,"Exchange_Rate_To_USD__c":1.0000000000,"Export_Review_Required__c":false,"Within_Renewal_Window__c":false,"IsPrimary__c":false,"Credit_Renewal_Approval__c":false,"Days_Until_Renewal__c":362,"Renewal_Contract__c":"800WC00000SB0FtYAL","QuoteAccountId":"001WC00000kZKNxYAO","Pro_Ration_Method__c":"Monthly","Renewal_ARR_Approval__c":false,"Status":"Draft","Show_Hide_Discounts__c":"Show","IsDeleted":false,"Subtotal":67.38,"Force_New_Contract__c":false,"Net_Contract_Change__c":0.00,"Signed_Quote_Approval__c":false,"Terms_and_Conditions__c":false,"Payment_Portal__c":"Fortra (default)","Original_Contract_ARR__c":0.00,"BillingStateCode":"MN","GrandTotal":67.38,"ShippingPostalCode":"55344","ShippingState":"Minnesota","Mycap__c":false,"Deal_Type__c":"Fortra Originated","Id":"0Q0WC00000382MH0AY","Subscription_Pricing_Discount_Approval__c":false,"Net_Terms__c":"Net_30","Discount":0.00,"Services_Discount_Approval__c":false,"Total_Contract_Value_TCV__c":67.38,"LineItemCount":2,"OwnerId":"005WC00000DZ6xVYAT","OpportunityId":"006WC00000QuJ4DYAV","LegalEntityId":"0fwWC000000034LYAQ","Language__c":"English","ShippingCity":"Eden Prairie","GSW__c":false,"Manually_Sent__c":false,"CalculationStatus":"PriceCalculationFail (2 more) ...","Corporate_Currency_Amount__c":67.38,"Annual_Contract_Value_ACV__c":67.38,"Max_Discount_on_QLIs__c":0.00,"Quote_Displaced_ARR__c":0.00,"OriginalActionType":"Renew","Ship_To_Place__c":"a0lWC000004nA5ZYAU","Show_Hide_Product_Number__c":"Show","SystemModstamp":"2026-06-14T02:56:16.000Z","Create_Order_from_Quote__c":false,"BillingCountry":"United States","Manual_Discount__c":0.00,"QuoteToCountryCode":"US","TotalPrice":67.38,"AdditionalCountryCode":"US","Legal_Support_Approval__c":false,"AccountId":"001WC00000kZKNxYAO","ShippingStateCode":"MN","BillingCity":"Eden Prairie","QuoteToCountry":"United States","Total_Discount_Amount__c":0.00,"MYCAP_Approval__c":false,"Name":"Renewal Quote","License_Extension_Approval__c":false,"StartDate":"2026-06-11T00:00:00.000Z","CreatedById":"005WC00000DZ6xVYAT","Auto_Renewal__c":false,"Channel_MSP_Pricing_Discount_Approval__c":false,"BillingPostalCode":"55344","Annualized_License_Equivalent_Base__c":67.38,"Show_Hide_Free_Products__c":"Show","Maintenance_Max_Discount__c":0.00,"Total_Displaced_ARR__c":0.00,"CurrencyIsoCode":"USD","LegacyRenewalQuote__c":false,"Credit_Renewal_ARR__c":false,"ShippingStreet":"11095 Viking Drive","Annuial_Revenue_Base__c":67.38,"AdditionalCountry":"United States","Total_Quote_Line_ARR__c":0.00,"CreatedDate":"2026-06-11T21:14:56.000Z","Pricebook2Id":"01sWC0000022GHFYA2","IsSyncing":false,"Renewal_Cancellation_Approval__c":false,"BillingState":"Minnesota","TransactionType":"Fortra_Advanced_Pric (3 more) ...","Discount_Renewal_ARR__c":false,"Contains_Offensive_Security__c":false,"BillingCountryCode":"US","Temp_License_Key_Extension__c":false,"Disable_Export_Control__c":false,"ContactId":"003WC00000x4jCfYAI","PartnerAccountId":"001WC00000ZtazZYAR","Export_License_Required__c":false,"Billing_Partner__c":"001WC00000ZtazZYAR","SalesTransactionTypeId":"1ChWC0000002eJ70AI","Maintenance_Discount_Approval__c":false,"Partner_Pricing_Model__c":"Discount","ShippingCountry":"United States","LineGroupCount":0,"Approval_Status__c":"None","Unsigned_Quote_Approval__c":false,"ContractId":"800WC00000SB0FtYAL","BillToContactId":"003WC00000x4jCfYAI","QuoteTypeText__c":"Renewal","Approval_Rejected_Checkbox__c":false,"ShippingCountryCode":"US","QuoteNumber":"00781084","CanCreateQuoteLineItems":false,"ALE__c":67.38,"BillingStreet":"11095 Viking Drive","Request_Legal_Support__c":false,"Perpetual_Pricing_Discount_Approval__c":false,"LastModifiedById":"005WC00000MgTN2YAN","Displaced_ARR_Approval__c":false}|0x30918162
19:56:16.9 (852615480)|VARIABLE_SCOPE_BEGIN|[241]|source|Quote|true|false
19:56:16.9 (852728978)|VARIABLE_ASSIGNMENT|[241]|source|{"Net_Terms__c":"Net_30","ShippingStateCode":"MN","BillingCity":"Eden Prairie","Bill_To_Place__c":"a0lWC000004nA5ZYAU","BillingCountryCode":"US","QuoteToCountry":"United States","ContactId":"003WC00000x4jCfYAI","PartnerAccountId":"001WC00000ZtazZYAR","Billing_Partner__c":"001WC00000ZtazZYAR","SalesTransactionTypeId":"1ChWC0000002eJ70AI","OpportunityId":"006WC00000QuJ4DYAV","LegalEntityId":"0fwWC000000034LYAQ","Partner_Pricing_Model__c":"Discount","Language__c":"English","ShippingCountry":"United States","BillingPostalCode":"55344","ShippingCity":"Eden Prairie","Ship_To_Place__c":"a0lWC000004nA5ZYAU","BillToContactId":"003WC00000x4jCfYAI","CurrencyIsoCode":"USD","ShippingStreet":"11095 Viking Drive","ShippingCountryCode":"US","Payment_Portal__c":"Fortra (default)","BillingCountry":"United States","BillingStreet":"11095 Viking Drive","BillingStateCode":"MN","ShippingPostalCode":"55344","QuoteToCountryCode":"US","Deal_Type__c":"Fortra Originated","ShippingState":"Minnesota","Id":"0Q0WC0000037yTx0AI","BillingState":"Minnesota"}|0x78625d60
19:56:16.9 (852737217)|VARIABLE_SCOPE_BEGIN|[241]|fieldName|String|false|false
19:56:16.9 (852742995)|VARIABLE_ASSIGNMENT|[241]|fieldName|"LegalEntityId"
19:56:16.9 (852752930)|HEAP_ALLOCATE|[242]|Bytes:5
19:56:16.9 (852757162)|STATEMENT_EXECUTE|[241]
19:56:16.9 (852773687)|SYSTEM_METHOD_ENTRY|[242]|SObject.get(String)
19:56:16.9 (852793122)|HEAP_ALLOCATE|[242]|Bytes:4
19:56:16.9 (852800122)|SYSTEM_METHOD_EXIT|[242]|SObject.get(String)
19:56:16.9 (852802353)|STATEMENT_EXECUTE|[242]
19:56:16.9 (852803579)|STATEMENT_EXECUTE|[243]
19:56:16.9 (852810197)|METHOD_EXIT|[195]|01pWC000002WbCz|RenewalQuoteHeaderHandler.copyIdIfBlank(Quote, Quote, String)
19:56:16.9 (852812760)|STATEMENT_EXECUTE|[196]
19:56:16.9 (852816987)|METHOD_ENTRY|[196]|01pWC000002WbCz|RenewalQuoteHeaderHandler.copyIdIfBlank(Quote, Quote, String)
19:56:16.9 (852820006)|VARIABLE_SCOPE_BEGIN|[241]|target|Quote|true|false
19:56:16.9 (853672043)|VARIABLE_ASSIGNMENT|[241]|target|{"LastModifiedDate":"2026-06-14T02:56:16.000Z","Quote_Type__c":"Renewal","Bill_To_Place__c":"a0lWC000004nA5ZYAU","Export_Compliance_Status__c":"Pending","Net_Terms_Approval__c":false,"Exchange_Rate_To_USD__c":1.0000000000,"Export_Review_Required__c":false,"Within_Renewal_Window__c":false,"IsPrimary__c":false,"Credit_Renewal_Approval__c":false,"Days_Until_Renewal__c":362,"Renewal_Contract__c":"800WC00000SB0FtYAL","QuoteAccountId":"001WC00000kZKNxYAO","Pro_Ration_Method__c":"Monthly","Renewal_ARR_Approval__c":false,"Status":"Draft","Show_Hide_Discounts__c":"Show","IsDeleted":false,"Subtotal":67.38,"Force_New_Contract__c":false,"Net_Contract_Change__c":0.00,"Signed_Quote_Approval__c":false,"Terms_and_Conditions__c":false,"Payment_Portal__c":"Fortra (default)","Original_Contract_ARR__c":0.00,"BillingStateCode":"MN","GrandTotal":67.38,"ShippingPostalCode":"55344","ShippingState":"Minnesota","Mycap__c":false,"Deal_Type__c":"Fortra Originated","Id":"0Q0WC00000382MH0AY","Subscription_Pricing_Discount_Approval__c":false,"Net_Terms__c":"Net_30","Discount":0.00,"Services_Discount_Approval__c":false,"Total_Contract_Value_TCV__c":67.38,"LineItemCount":2,"OwnerId":"005WC00000DZ6xVYAT","OpportunityId":"006WC00000QuJ4DYAV","LegalEntityId":"0fwWC000000034LYAQ","Language__c":"English","ShippingCity":"Eden Prairie","GSW__c":false,"Manually_Sent__c":false,"CalculationStatus":"PriceCalculationFail (2 more) ...","Corporate_Currency_Amount__c":67.38,"Annual_Contract_Value_ACV__c":67.38,"Max_Discount_on_QLIs__c":0.00,"Quote_Displaced_ARR__c":0.00,"OriginalActionType":"Renew","Ship_To_Place__c":"a0lWC000004nA5ZYAU","Show_Hide_Product_Number__c":"Show","SystemModstamp":"2026-06-14T02:56:16.000Z","Create_Order_from_Quote__c":false,"BillingCountry":"United States","Manual_Discount__c":0.00,"QuoteToCountryCode":"US","TotalPrice":67.38,"AdditionalCountryCode":"US","Legal_Support_Approval__c":false,"AccountId":"001WC00000kZKNxYAO","ShippingStateCode":"MN","BillingCity":"Eden Prairie","QuoteToCountry":"United States","Total_Discount_Amount__c":0.00,"MYCAP_Approval__c":false,"Name":"Renewal Quote","License_Extension_Approval__c":false,"StartDate":"2026-06-11T00:00:00.000Z","CreatedById":"005WC00000DZ6xVYAT","Auto_Renewal__c":false,"Channel_MSP_Pricing_Discount_Approval__c":false,"BillingPostalCode":"55344","Annualized_License_Equivalent_Base__c":67.38,"Show_Hide_Free_Products__c":"Show","Maintenance_Max_Discount__c":0.00,"Total_Displaced_ARR__c":0.00,"CurrencyIsoCode":"USD","LegacyRenewalQuote__c":false,"Credit_Renewal_ARR__c":false,"ShippingStreet":"11095 Viking Drive","Annuial_Revenue_Base__c":67.38,"AdditionalCountry":"United States","Total_Quote_Line_ARR__c":0.00,"CreatedDate":"2026-06-11T21:14:56.000Z","Pricebook2Id":"01sWC0000022GHFYA2","IsSyncing":false,"Renewal_Cancellation_Approval__c":false,"BillingState":"Minnesota","TransactionType":"Fortra_Advanced_Pric (3 more) ...","Discount_Renewal_ARR__c":false,"Contains_Offensive_Security__c":false,"BillingCountryCode":"US","Temp_License_Key_Extension__c":false,"Disable_Export_Control__c":false,"ContactId":"003WC00000x4jCfYAI","PartnerAccountId":"001WC00000ZtazZYAR","Export_License_Required__c":false,"Billing_Partner__c":"001WC00000ZtazZYAR","SalesTransactionTypeId":"1ChWC0000002eJ70AI","Maintenance_Discount_Approval__c":false,"Partner_Pricing_Model__c":"Discount","ShippingCountry":"United States","LineGroupCount":0,"Approval_Status__c":"None","Unsigned_Quote_Approval__c":false,"ContractId":"800WC00000SB0FtYAL","BillToContactId":"003WC00000x4jCfYAI","QuoteTypeText__c":"Renewal","Approval_Rejected_Checkbox__c":false,"ShippingCountryCode":"US","QuoteNumber":"00781084","CanCreateQuoteLineItems":false,"ALE__c":67.38,"BillingStreet":"11095 Viking Drive","Request_Legal_Support__c":false,"Perpetual_Pricing_Discount_Approval__c":false,"LastModifiedById":"005WC00000MgTN2YAN","Displaced_ARR_Approval__c":false}|0x30918162
19:56:16.9 (853701021)|VARIABLE_SCOPE_BEGIN|[241]|source|Quote|true|false
19:56:16.9 (853821347)|VARIABLE_ASSIGNMENT|[241]|source|{"Net_Terms__c":"Net_30","ShippingStateCode":"MN","BillingCity":"Eden Prairie","Bill_To_Place__c":"a0lWC000004nA5ZYAU","BillingCountryCode":"US","QuoteToCountry":"United States","ContactId":"003WC00000x4jCfYAI","PartnerAccountId":"001WC00000ZtazZYAR","Billing_Partner__c":"001WC00000ZtazZYAR","SalesTransactionTypeId":"1ChWC0000002eJ70AI","OpportunityId":"006WC00000QuJ4DYAV","LegalEntityId":"0fwWC000000034LYAQ","Partner_Pricing_Model__c":"Discount","Language__c":"English","ShippingCountry":"United States","BillingPostalCode":"55344","ShippingCity":"Eden Prairie","Ship_To_Place__c":"a0lWC000004nA5ZYAU","BillToContactId":"003WC00000x4jCfYAI","CurrencyIsoCode":"USD","ShippingStreet":"11095 Viking Drive","ShippingCountryCode":"US","Payment_Portal__c":"Fortra (default)","BillingCountry":"United States","BillingStreet":"11095 Viking Drive","BillingStateCode":"MN","ShippingPostalCode":"55344","QuoteToCountryCode":"US","Deal_Type__c":"Fortra Originated","ShippingState":"Minnesota","Id":"0Q0WC0000037yTx0AI","BillingState":"Minnesota"}|0x78625d60
19:56:16.9 (853830197)|VARIABLE_SCOPE_BEGIN|[241]|fieldName|String|false|false
19:56:16.9 (853836952)|VARIABLE_ASSIGNMENT|[241]|fieldName|"SalesTransactionType (2 more) ..."
19:56:16.9 (853847444)|HEAP_ALLOCATE|[242]|Bytes:5
19:56:16.9 (853852948)|STATEMENT_EXECUTE|[241]
19:56:16.9 (853869703)|SYSTEM_METHOD_ENTRY|[242]|SObject.get(String)
19:56:16.9 (853889286)|HEAP_ALLOCATE|[242]|Bytes:4
19:56:16.9 (853896877)|SYSTEM_METHOD_EXIT|[242]|SObject.get(String)
19:56:16.9 (853899311)|STATEMENT_EXECUTE|[242]
19:56:16.9 (853900349)|STATEMENT_EXECUTE|[243]
19:56:16.9 (853906981)|METHOD_EXIT|[196]|01pWC000002WbCz|RenewalQuoteHeaderHandler.copyIdIfBlank(Quote, Quote, String)
19:56:16.9 (853909719)|STATEMENT_EXECUTE|[197]
19:56:16.9 (853914464)|METHOD_ENTRY|[197]|01pWC000002WbCz|RenewalQuoteHeaderHandler.copyIdIfBlank(Quote, Quote, String)
19:56:16.9 (853918315)|VARIABLE_SCOPE_BEGIN|[241]|target|Quote|true|false
19:56:16.9 (854630894)|VARIABLE_ASSIGNMENT|[241]|target|{"LastModifiedDate":"2026-06-14T02:56:16.000Z","Quote_Type__c":"Renewal","Bill_To_Place__c":"a0lWC000004nA5ZYAU","Export_Compliance_Status__c":"Pending","Net_Terms_Approval__c":false,"Exchange_Rate_To_USD__c":1.0000000000,"Export_Review_Required__c":false,"Within_Renewal_Window__c":false,"IsPrimary__c":false,"Credit_Renewal_Approval__c":false,"Days_Until_Renewal__c":362,"Renewal_Contract__c":"800WC00000SB0FtYAL","QuoteAccountId":"001WC00000kZKNxYAO","Pro_Ration_Method__c":"Monthly","Renewal_ARR_Approval__c":false,"Status":"Draft","Show_Hide_Discounts__c":"Show","IsDeleted":false,"Subtotal":67.38,"Force_New_Contract__c":false,"Net_Contract_Change__c":0.00,"Signed_Quote_Approval__c":false,"Terms_and_Conditions__c":false,"Payment_Portal__c":"Fortra (default)","Original_Contract_ARR__c":0.00,"BillingStateCode":"MN","GrandTotal":67.38,"ShippingPostalCode":"55344","ShippingState":"Minnesota","Mycap__c":false,"Deal_Type__c":"Fortra Originated","Id":"0Q0WC00000382MH0AY","Subscription_Pricing_Discount_Approval__c":false,"Net_Terms__c":"Net_30","Discount":0.00,"Services_Discount_Approval__c":false,"Total_Contract_Value_TCV__c":67.38,"LineItemCount":2,"OwnerId":"005WC00000DZ6xVYAT","OpportunityId":"006WC00000QuJ4DYAV","LegalEntityId":"0fwWC000000034LYAQ","Language__c":"English","ShippingCity":"Eden Prairie","GSW__c":false,"Manually_Sent__c":false,"CalculationStatus":"PriceCalculationFail (2 more) ...","Corporate_Currency_Amount__c":67.38,"Annual_Contract_Value_ACV__c":67.38,"Max_Discount_on_QLIs__c":0.00,"Quote_Displaced_ARR__c":0.00,"OriginalActionType":"Renew","Ship_To_Place__c":"a0lWC000004nA5ZYAU","Show_Hide_Product_Number__c":"Show","SystemModstamp":"2026-06-14T02:56:16.000Z","Create_Order_from_Quote__c":false,"BillingCountry":"United States","Manual_Discount__c":0.00,"QuoteToCountryCode":"US","TotalPrice":67.38,"AdditionalCountryCode":"US","Legal_Support_Approval__c":false,"AccountId":"001WC00000kZKNxYAO","ShippingStateCode":"MN","BillingCity":"Eden Prairie","QuoteToCountry":"United States","Total_Discount_Amount__c":0.00,"MYCAP_Approval__c":false,"Name":"Renewal Quote","License_Extension_Approval__c":false,"StartDate":"2026-06-11T00:00:00.000Z","CreatedById":"005WC00000DZ6xVYAT","Auto_Renewal__c":false,"Channel_MSP_Pricing_Discount_Approval__c":false,"BillingPostalCode":"55344","Annualized_License_Equivalent_Base__c":67.38,"Show_Hide_Free_Products__c":"Show","Maintenance_Max_Discount__c":0.00,"Total_Displaced_ARR__c":0.00,"CurrencyIsoCode":"USD","LegacyRenewalQuote__c":false,"Credit_Renewal_ARR__c":false,"ShippingStreet":"11095 Viking Drive","Annuial_Revenue_Base__c":67.38,"AdditionalCountry":"United States","Total_Quote_Line_ARR__c":0.00,"CreatedDate":"2026-06-11T21:14:56.000Z","Pricebook2Id":"01sWC0000022GHFYA2","IsSyncing":false,"Renewal_Cancellation_Approval__c":false,"BillingState":"Minnesota","TransactionType":"Fortra_Advanced_Pric (3 more) ...","Discount_Renewal_ARR__c":false,"Contains_Offensive_Security__c":false,"BillingCountryCode":"US","Temp_License_Key_Extension__c":false,"Disable_Export_Control__c":false,"ContactId":"003WC00000x4jCfYAI","PartnerAccountId":"001WC00000ZtazZYAR","Export_License_Required__c":false,"Billing_Partner__c":"001WC00000ZtazZYAR","SalesTransactionTypeId":"1ChWC0000002eJ70AI","Maintenance_Discount_Approval__c":false,"Partner_Pricing_Model__c":"Discount","ShippingCountry":"United States","LineGroupCount":0,"Approval_Status__c":"None","Unsigned_Quote_Approval__c":false,"ContractId":"800WC00000SB0FtYAL","BillToContactId":"003WC00000x4jCfYAI","QuoteTypeText__c":"Renewal","Approval_Rejected_Checkbox__c":false,"ShippingCountryCode":"US","QuoteNumber":"00781084","CanCreateQuoteLineItems":false,"ALE__c":67.38,"BillingStreet":"11095 Viking Drive","Request_Legal_Support__c":false,"Perpetual_Pricing_Discount_Approval__c":false,"LastModifiedById":"005WC00000MgTN2YAN","Displaced_ARR_Approval__c":false}|0x30918162
19:56:16.9 (854657646)|VARIABLE_SCOPE_BEGIN|[241]|source|Quote|true|false
19:56:16.9 (854769747)|VARIABLE_ASSIGNMENT|[241]|source|{"Net_Terms__c":"Net_30","ShippingStateCode":"MN","BillingCity":"Eden Prairie","Bill_To_Place__c":"a0lWC000004nA5ZYAU","BillingCountryCode":"US","QuoteToCountry":"United States","ContactId":"003WC00000x4jCfYAI","PartnerAccountId":"001WC00000ZtazZYAR","Billing_Partner__c":"001WC00000ZtazZYAR","SalesTransactionTypeId":"1ChWC0000002eJ70AI","OpportunityId":"006WC00000QuJ4DYAV","LegalEntityId":"0fwWC000000034LYAQ","Partner_Pricing_Model__c":"Discount","Language__c":"English","ShippingCountry":"United States","BillingPostalCode":"55344","ShippingCity":"Eden Prairie","Ship_To_Place__c":"a0lWC000004nA5ZYAU","BillToContactId":"003WC00000x4jCfYAI","CurrencyIsoCode":"USD","ShippingStreet":"11095 Viking Drive","ShippingCountryCode":"US","Payment_Portal__c":"Fortra (default)","BillingCountry":"United States","BillingStreet":"11095 Viking Drive","BillingStateCode":"MN","ShippingPostalCode":"55344","QuoteToCountryCode":"US","Deal_Type__c":"Fortra Originated","ShippingState":"Minnesota","Id":"0Q0WC0000037yTx0AI","BillingState":"Minnesota"}|0x78625d60
19:56:16.9 (854777502)|VARIABLE_SCOPE_BEGIN|[241]|fieldName|String|false|false
19:56:16.9 (854783297)|VARIABLE_ASSIGNMENT|[241]|fieldName|"ContactId"
19:56:16.9 (854792262)|HEAP_ALLOCATE|[242]|Bytes:5
19:56:16.9 (854796081)|STATEMENT_EXECUTE|[241]
19:56:16.9 (854809409)|SYSTEM_METHOD_ENTRY|[242]|SObject.get(String)
19:56:16.9 (854827535)|HEAP_ALLOCATE|[242]|Bytes:4
19:56:16.9 (854833825)|SYSTEM_METHOD_EXIT|[242]|SObject.get(String)
19:56:16.9 (854836167)|STATEMENT_EXECUTE|[242]
19:56:16.9 (854837257)|STATEMENT_EXECUTE|[243]
19:56:16.9 (854842850)|METHOD_EXIT|[197]|01pWC000002WbCz|RenewalQuoteHeaderHandler.copyIdIfBlank(Quote, Quote, String)
19:56:16.9 (854845939)|STATEMENT_EXECUTE|[198]
19:56:16.9 (854850224)|METHOD_ENTRY|[198]|01pWC000002WbCz|RenewalQuoteHeaderHandler.copyIdIfBlank(Quote, Quote, String)
19:56:16.9 (854853049)|VARIABLE_SCOPE_BEGIN|[241]|target|Quote|true|false
19:56:16.9 (855528589)|VARIABLE_ASSIGNMENT|[241]|target|{"LastModifiedDate":"2026-06-14T02:56:16.000Z","Quote_Type__c":"Renewal","Bill_To_Place__c":"a0lWC000004nA5ZYAU","Export_Compliance_Status__c":"Pending","Net_Terms_Approval__c":false,"Exchange_Rate_To_USD__c":1.0000000000,"Export_Review_Required__c":false,"Within_Renewal_Window__c":false,"IsPrimary__c":false,"Credit_Renewal_Approval__c":false,"Days_Until_Renewal__c":362,"Renewal_Contract__c":"800WC00000SB0FtYAL","QuoteAccountId":"001WC00000kZKNxYAO","Pro_Ration_Method__c":"Monthly","Renewal_ARR_Approval__c":false,"Status":"Draft","Show_Hide_Discounts__c":"Show","IsDeleted":false,"Subtotal":67.38,"Force_New_Contract__c":false,"Net_Contract_Change__c":0.00,"Signed_Quote_Approval__c":false,"Terms_and_Conditions__c":false,"Payment_Portal__c":"Fortra (default)","Original_Contract_ARR__c":0.00,"BillingStateCode":"MN","GrandTotal":67.38,"ShippingPostalCode":"55344","ShippingState":"Minnesota","Mycap__c":false,"Deal_Type__c":"Fortra Originated","Id":"0Q0WC00000382MH0AY","Subscription_Pricing_Discount_Approval__c":false,"Net_Terms__c":"Net_30","Discount":0.00,"Services_Discount_Approval__c":false,"Total_Contract_Value_TCV__c":67.38,"LineItemCount":2,"OwnerId":"005WC00000DZ6xVYAT","OpportunityId":"006WC00000QuJ4DYAV","LegalEntityId":"0fwWC000000034LYAQ","Language__c":"English","ShippingCity":"Eden Prairie","GSW__c":false,"Manually_Sent__c":false,"CalculationStatus":"PriceCalculationFail (2 more) ...","Corporate_Currency_Amount__c":67.38,"Annual_Contract_Value_ACV__c":67.38,"Max_Discount_on_QLIs__c":0.00,"Quote_Displaced_ARR__c":0.00,"OriginalActionType":"Renew","Ship_To_Place__c":"a0lWC000004nA5ZYAU","Show_Hide_Product_Number__c":"Show","SystemModstamp":"2026-06-14T02:56:16.000Z","Create_Order_from_Quote__c":false,"BillingCountry":"United States","Manual_Discount__c":0.00,"QuoteToCountryCode":"US","TotalPrice":67.38,"AdditionalCountryCode":"US","Legal_Support_Approval__c":false,"AccountId":"001WC00000kZKNxYAO","ShippingStateCode":"MN","BillingCity":"Eden Prairie","QuoteToCountry":"United States","Total_Discount_Amount__c":0.00,"MYCAP_Approval__c":false,"Name":"Renewal Quote","License_Extension_Approval__c":false,"StartDate":"2026-06-11T00:00:00.000Z","CreatedById":"005WC00000DZ6xVYAT","Auto_Renewal__c":false,"Channel_MSP_Pricing_Discount_Approval__c":false,"BillingPostalCode":"55344","Annualized_License_Equivalent_Base__c":67.38,"Show_Hide_Free_Products__c":"Show","Maintenance_Max_Discount__c":0.00,"Total_Displaced_ARR__c":0.00,"CurrencyIsoCode":"USD","LegacyRenewalQuote__c":false,"Credit_Renewal_ARR__c":false,"ShippingStreet":"11095 Viking Drive","Annuial_Revenue_Base__c":67.38,"AdditionalCountry":"United States","Total_Quote_Line_ARR__c":0.00,"CreatedDate":"2026-06-11T21:14:56.000Z","Pricebook2Id":"01sWC0000022GHFYA2","IsSyncing":false,"Renewal_Cancellation_Approval__c":false,"BillingState":"Minnesota","TransactionType":"Fortra_Advanced_Pric (3 more) ...","Discount_Renewal_ARR__c":false,"Contains_Offensive_Security__c":false,"BillingCountryCode":"US","Temp_License_Key_Extension__c":false,"Disable_Export_Control__c":false,"ContactId":"003WC00000x4jCfYAI","PartnerAccountId":"001WC00000ZtazZYAR","Export_License_Required__c":false,"Billing_Partner__c":"001WC00000ZtazZYAR","SalesTransactionTypeId":"1ChWC0000002eJ70AI","Maintenance_Discount_Approval__c":false,"Partner_Pricing_Model__c":"Discount","ShippingCountry":"United States","LineGroupCount":0,"Approval_Status__c":"None","Unsigned_Quote_Approval__c":false,"ContractId":"800WC00000SB0FtYAL","BillToContactId":"003WC00000x4jCfYAI","QuoteTypeText__c":"Renewal","Approval_Rejected_Checkbox__c":false,"ShippingCountryCode":"US","QuoteNumber":"00781084","CanCreateQuoteLineItems":false,"ALE__c":67.38,"BillingStreet":"11095 Viking Drive","Request_Legal_Support__c":false,"Perpetual_Pricing_Discount_Approval__c":false,"LastModifiedById":"005WC00000MgTN2YAN","Displaced_ARR_Approval__c":false}|0x30918162
19:56:16.9 (855554234)|VARIABLE_SCOPE_BEGIN|[241]|source|Quote|true|false
19:56:16.9 (855695780)|VARIABLE_ASSIGNMENT|[241]|source|{"Net_Terms__c":"Net_30","ShippingStateCode":"MN","BillingCity":"Eden Prairie","Bill_To_Place__c":"a0lWC000004nA5ZYAU","BillingCountryCode":"US","QuoteToCountry":"United States","ContactId":"003WC00000x4jCfYAI","PartnerAccountId":"001WC00000ZtazZYAR","Billing_Partner__c":"001WC00000ZtazZYAR","SalesTransactionTypeId":"1ChWC0000002eJ70AI","OpportunityId":"006WC00000QuJ4DYAV","LegalEntityId":"0fwWC000000034LYAQ","Partner_Pricing_Model__c":"Discount","Language__c":"English","ShippingCountry":"United States","BillingPostalCode":"55344","ShippingCity":"Eden Prairie","Ship_To_Place__c":"a0lWC000004nA5ZYAU","BillToContactId":"003WC00000x4jCfYAI","CurrencyIsoCode":"USD","ShippingStreet":"11095 Viking Drive","ShippingCountryCode":"US","Payment_Portal__c":"Fortra (default)","BillingCountry":"United States","BillingStreet":"11095 Viking Drive","BillingStateCode":"MN","ShippingPostalCode":"55344","QuoteToCountryCode":"US","Deal_Type__c":"Fortra Originated","ShippingState":"Minnesota","Id":"0Q0WC0000037yTx0AI","BillingState":"Minnesota"}|0x78625d60
19:56:16.9 (855704448)|VARIABLE_SCOPE_BEGIN|[241]|fieldName|String|false|false
19:56:16.9 (855710423)|VARIABLE_ASSIGNMENT|[241]|fieldName|"BillToContactId"
19:56:16.9 (855719602)|HEAP_ALLOCATE|[242]|Bytes:5
19:56:16.9 (855723708)|STATEMENT_EXECUTE|[241]
19:56:16.9 (855737357)|SYSTEM_METHOD_ENTRY|[242]|SObject.get(String)
19:56:16.9 (855754218)|HEAP_ALLOCATE|[242]|Bytes:4
19:56:16.9 (855760966)|SYSTEM_METHOD_EXIT|[242]|SObject.get(String)
19:56:16.9 (855763412)|STATEMENT_EXECUTE|[242]
19:56:16.9 (855764427)|STATEMENT_EXECUTE|[243]
19:56:16.9 (855769892)|METHOD_EXIT|[198]|01pWC000002WbCz|RenewalQuoteHeaderHandler.copyIdIfBlank(Quote, Quote, String)
19:56:16.9 (855772515)|STATEMENT_EXECUTE|[199]
19:56:16.9 (855776430)|METHOD_ENTRY|[199]|01pWC000002WbCz|RenewalQuoteHeaderHandler.copyIdIfBlank(Quote, Quote, String)
19:56:16.9 (855779267)|VARIABLE_SCOPE_BEGIN|[241]|target|Quote|true|false
19:56:16.9 (856557691)|VARIABLE_ASSIGNMENT|[241]|target|{"LastModifiedDate":"2026-06-14T02:56:16.000Z","Quote_Type__c":"Renewal","Bill_To_Place__c":"a0lWC000004nA5ZYAU","Export_Compliance_Status__c":"Pending","Net_Terms_Approval__c":false,"Exchange_Rate_To_USD__c":1.0000000000,"Export_Review_Required__c":false,"Within_Renewal_Window__c":false,"IsPrimary__c":false,"Credit_Renewal_Approval__c":false,"Days_Until_Renewal__c":362,"Renewal_Contract__c":"800WC00000SB0FtYAL","QuoteAccountId":"001WC00000kZKNxYAO","Pro_Ration_Method__c":"Monthly","Renewal_ARR_Approval__c":false,"Status":"Draft","Show_Hide_Discounts__c":"Show","IsDeleted":false,"Subtotal":67.38,"Force_New_Contract__c":false,"Net_Contract_Change__c":0.00,"Signed_Quote_Approval__c":false,"Terms_and_Conditions__c":false,"Payment_Portal__c":"Fortra (default)","Original_Contract_ARR__c":0.00,"BillingStateCode":"MN","GrandTotal":67.38,"ShippingPostalCode":"55344","ShippingState":"Minnesota","Mycap__c":false,"Deal_Type__c":"Fortra Originated","Id":"0Q0WC00000382MH0AY","Subscription_Pricing_Discount_Approval__c":false,"Net_Terms__c":"Net_30","Discount":0.00,"Services_Discount_Approval__c":false,"Total_Contract_Value_TCV__c":67.38,"LineItemCount":2,"OwnerId":"005WC00000DZ6xVYAT","OpportunityId":"006WC00000QuJ4DYAV","LegalEntityId":"0fwWC000000034LYAQ","Language__c":"English","ShippingCity":"Eden Prairie","GSW__c":false,"Manually_Sent__c":false,"CalculationStatus":"PriceCalculationFail (2 more) ...","Corporate_Currency_Amount__c":67.38,"Annual_Contract_Value_ACV__c":67.38,"Max_Discount_on_QLIs__c":0.00,"Quote_Displaced_ARR__c":0.00,"OriginalActionType":"Renew","Ship_To_Place__c":"a0lWC000004nA5ZYAU","Show_Hide_Product_Number__c":"Show","SystemModstamp":"2026-06-14T02:56:16.000Z","Create_Order_from_Quote__c":false,"BillingCountry":"United States","Manual_Discount__c":0.00,"QuoteToCountryCode":"US","TotalPrice":67.38,"AdditionalCountryCode":"US","Legal_Support_Approval__c":false,"AccountId":"001WC00000kZKNxYAO","ShippingStateCode":"MN","BillingCity":"Eden Prairie","QuoteToCountry":"United States","Total_Discount_Amount__c":0.00,"MYCAP_Approval__c":false,"Name":"Renewal Quote","License_Extension_Approval__c":false,"StartDate":"2026-06-11T00:00:00.000Z","CreatedById":"005WC00000DZ6xVYAT","Auto_Renewal__c":false,"Channel_MSP_Pricing_Discount_Approval__c":false,"BillingPostalCode":"55344","Annualized_License_Equivalent_Base__c":67.38,"Show_Hide_Free_Products__c":"Show","Maintenance_Max_Discount__c":0.00,"Total_Displaced_ARR__c":0.00,"CurrencyIsoCode":"USD","LegacyRenewalQuote__c":false,"Credit_Renewal_ARR__c":false,"ShippingStreet":"11095 Viking Drive","Annuial_Revenue_Base__c":67.38,"AdditionalCountry":"United States","Total_Quote_Line_ARR__c":0.00,"CreatedDate":"2026-06-11T21:14:56.000Z","Pricebook2Id":"01sWC0000022GHFYA2","IsSyncing":false,"Renewal_Cancellation_Approval__c":false,"BillingState":"Minnesota","TransactionType":"Fortra_Advanced_Pric (3 more) ...","Discount_Renewal_ARR__c":false,"Contains_Offensive_Security__c":false,"BillingCountryCode":"US","Temp_License_Key_Extension__c":false,"Disable_Export_Control__c":false,"ContactId":"003WC00000x4jCfYAI","PartnerAccountId":"001WC00000ZtazZYAR","Export_License_Required__c":false,"Billing_Partner__c":"001WC00000ZtazZYAR","SalesTransactionTypeId":"1ChWC0000002eJ70AI","Maintenance_Discount_Approval__c":false,"Partner_Pricing_Model__c":"Discount","ShippingCountry":"United States","LineGroupCount":0,"Approval_Status__c":"None","Unsigned_Quote_Approval__c":false,"ContractId":"800WC00000SB0FtYAL","BillToContactId":"003WC00000x4jCfYAI","QuoteTypeText__c":"Renewal","Approval_Rejected_Checkbox__c":false,"ShippingCountryCode":"US","QuoteNumber":"00781084","CanCreateQuoteLineItems":false,"ALE__c":67.38,"BillingStreet":"11095 Viking Drive","Request_Legal_Support__c":false,"Perpetual_Pricing_Discount_Approval__c":false,"LastModifiedById":"005WC00000MgTN2YAN","Displaced_ARR_Approval__c":false}|0x30918162
19:56:16.9 (856588262)|VARIABLE_SCOPE_BEGIN|[241]|source|Quote|true|false
19:56:16.9 (856710699)|VARIABLE_ASSIGNMENT|[241]|source|{"Net_Terms__c":"Net_30","ShippingStateCode":"MN","BillingCity":"Eden Prairie","Bill_To_Place__c":"a0lWC000004nA5ZYAU","BillingCountryCode":"US","QuoteToCountry":"United States","ContactId":"003WC00000x4jCfYAI","PartnerAccountId":"001WC00000ZtazZYAR","Billing_Partner__c":"001WC00000ZtazZYAR","SalesTransactionTypeId":"1ChWC0000002eJ70AI","OpportunityId":"006WC00000QuJ4DYAV","LegalEntityId":"0fwWC000000034LYAQ","Partner_Pricing_Model__c":"Discount","Language__c":"English","ShippingCountry":"United States","BillingPostalCode":"55344","ShippingCity":"Eden Prairie","Ship_To_Place__c":"a0lWC000004nA5ZYAU","BillToContactId":"003WC00000x4jCfYAI","CurrencyIsoCode":"USD","ShippingStreet":"11095 Viking Drive","ShippingCountryCode":"US","Payment_Portal__c":"Fortra (default)","BillingCountry":"United States","BillingStreet":"11095 Viking Drive","BillingStateCode":"MN","ShippingPostalCode":"55344","QuoteToCountryCode":"US","Deal_Type__c":"Fortra Originated","ShippingState":"Minnesota","Id":"0Q0WC0000037yTx0AI","BillingState":"Minnesota"}|0x78625d60
19:56:16.9 (856718970)|VARIABLE_SCOPE_BEGIN|[241]|fieldName|String|false|false
19:56:16.9 (856725290)|VARIABLE_ASSIGNMENT|[241]|fieldName|"Bill_To_Place__c"
19:56:16.9 (856735103)|HEAP_ALLOCATE|[242]|Bytes:5
19:56:16.9 (856739997)|STATEMENT_EXECUTE|[241]
19:56:16.9 (856756992)|SYSTEM_METHOD_ENTRY|[242]|SObject.get(String)
19:56:16.9 (856775050)|HEAP_ALLOCATE|[242]|Bytes:4
19:56:16.9 (856782122)|SYSTEM_METHOD_EXIT|[242]|SObject.get(String)
19:56:16.9 (856784677)|STATEMENT_EXECUTE|[242]
19:56:16.9 (856785712)|STATEMENT_EXECUTE|[243]
19:56:16.9 (856792191)|METHOD_EXIT|[199]|01pWC000002WbCz|RenewalQuoteHeaderHandler.copyIdIfBlank(Quote, Quote, String)
19:56:16.9 (856795205)|STATEMENT_EXECUTE|[200]
19:56:16.9 (856799612)|METHOD_ENTRY|[200]|01pWC000002WbCz|RenewalQuoteHeaderHandler.copyIdIfBlank(Quote, Quote, String)
19:56:16.9 (856802634)|VARIABLE_SCOPE_BEGIN|[241]|target|Quote|true|false
19:56:16.9 (857532814)|VARIABLE_ASSIGNMENT|[241]|target|{"LastModifiedDate":"2026-06-14T02:56:16.000Z","Quote_Type__c":"Renewal","Bill_To_Place__c":"a0lWC000004nA5ZYAU","Export_Compliance_Status__c":"Pending","Net_Terms_Approval__c":false,"Exchange_Rate_To_USD__c":1.0000000000,"Export_Review_Required__c":false,"Within_Renewal_Window__c":false,"IsPrimary__c":false,"Credit_Renewal_Approval__c":false,"Days_Until_Renewal__c":362,"Renewal_Contract__c":"800WC00000SB0FtYAL","QuoteAccountId":"001WC00000kZKNxYAO","Pro_Ration_Method__c":"Monthly","Renewal_ARR_Approval__c":false,"Status":"Draft","Show_Hide_Discounts__c":"Show","IsDeleted":false,"Subtotal":67.38,"Force_New_Contract__c":false,"Net_Contract_Change__c":0.00,"Signed_Quote_Approval__c":false,"Terms_and_Conditions__c":false,"Payment_Portal__c":"Fortra (default)","Original_Contract_ARR__c":0.00,"BillingStateCode":"MN","GrandTotal":67.38,"ShippingPostalCode":"55344","ShippingState":"Minnesota","Mycap__c":false,"Deal_Type__c":"Fortra Originated","Id":"0Q0WC00000382MH0AY","Subscription_Pricing_Discount_Approval__c":false,"Net_Terms__c":"Net_30","Discount":0.00,"Services_Discount_Approval__c":false,"Total_Contract_Value_TCV__c":67.38,"LineItemCount":2,"OwnerId":"005WC00000DZ6xVYAT","OpportunityId":"006WC00000QuJ4DYAV","LegalEntityId":"0fwWC000000034LYAQ","Language__c":"English","ShippingCity":"Eden Prairie","GSW__c":false,"Manually_Sent__c":false,"CalculationStatus":"PriceCalculationFail (2 more) ...","Corporate_Currency_Amount__c":67.38,"Annual_Contract_Value_ACV__c":67.38,"Max_Discount_on_QLIs__c":0.00,"Quote_Displaced_ARR__c":0.00,"OriginalActionType":"Renew","Ship_To_Place__c":"a0lWC000004nA5ZYAU","Show_Hide_Product_Number__c":"Show","SystemModstamp":"2026-06-14T02:56:16.000Z","Create_Order_from_Quote__c":false,"BillingCountry":"United States","Manual_Discount__c":0.00,"QuoteToCountryCode":"US","TotalPrice":67.38,"AdditionalCountryCode":"US","Legal_Support_Approval__c":false,"AccountId":"001WC00000kZKNxYAO","ShippingStateCode":"MN","BillingCity":"Eden Prairie","QuoteToCountry":"United States","Total_Discount_Amount__c":0.00,"MYCAP_Approval__c":false,"Name":"Renewal Quote","License_Extension_Approval__c":false,"StartDate":"2026-06-11T00:00:00.000Z","CreatedById":"005WC00000DZ6xVYAT","Auto_Renewal__c":false,"Channel_MSP_Pricing_Discount_Approval__c":false,"BillingPostalCode":"55344","Annualized_License_Equivalent_Base__c":67.38,"Show_Hide_Free_Products__c":"Show","Maintenance_Max_Discount__c":0.00,"Total_Displaced_ARR__c":0.00,"CurrencyIsoCode":"USD","LegacyRenewalQuote__c":false,"Credit_Renewal_ARR__c":false,"ShippingStreet":"11095 Viking Drive","Annuial_Revenue_Base__c":67.38,"AdditionalCountry":"United States","Total_Quote_Line_ARR__c":0.00,"CreatedDate":"2026-06-11T21:14:56.000Z","Pricebook2Id":"01sWC0000022GHFYA2","IsSyncing":false,"Renewal_Cancellation_Approval__c":false,"BillingState":"Minnesota","TransactionType":"Fortra_Advanced_Pric (3 more) ...","Discount_Renewal_ARR__c":false,"Contains_Offensive_Security__c":false,"BillingCountryCode":"US","Temp_License_Key_Extension__c":false,"Disable_Export_Control__c":false,"ContactId":"003WC00000x4jCfYAI","PartnerAccountId":"001WC00000ZtazZYAR","Export_License_Required__c":false,"Billing_Partner__c":"001WC00000ZtazZYAR","SalesTransactionTypeId":"1ChWC0000002eJ70AI","Maintenance_Discount_Approval__c":false,"Partner_Pricing_Model__c":"Discount","ShippingCountry":"United States","LineGroupCount":0,"Approval_Status__c":"None","Unsigned_Quote_Approval__c":false,"ContractId":"800WC00000SB0FtYAL","BillToContactId":"003WC00000x4jCfYAI","QuoteTypeText__c":"Renewal","Approval_Rejected_Checkbox__c":false,"ShippingCountryCode":"US","QuoteNumber":"00781084","CanCreateQuoteLineItems":false,"ALE__c":67.38,"BillingStreet":"11095 Viking Drive","Request_Legal_Support__c":false,"Perpetual_Pricing_Discount_Approval__c":false,"LastModifiedById":"005WC00000MgTN2YAN","Displaced_ARR_Approval__c":false}|0x30918162
19:56:16.9 (857560094)|VARIABLE_SCOPE_BEGIN|[241]|source|Quote|true|false
19:56:16.9 (857676233)|VARIABLE_ASSIGNMENT|[241]|source|{"Net_Terms__c":"Net_30","ShippingStateCode":"MN","BillingCity":"Eden Prairie","Bill_To_Place__c":"a0lWC000004nA5ZYAU","BillingCountryCode":"US","QuoteToCountry":"United States","ContactId":"003WC00000x4jCfYAI","PartnerAccountId":"001WC00000ZtazZYAR","Billing_Partner__c":"001WC00000ZtazZYAR","SalesTransactionTypeId":"1ChWC0000002eJ70AI","OpportunityId":"006WC00000QuJ4DYAV","LegalEntityId":"0fwWC000000034LYAQ","Partner_Pricing_Model__c":"Discount","Language__c":"English","ShippingCountry":"United States","BillingPostalCode":"55344","ShippingCity":"Eden Prairie","Ship_To_Place__c":"a0lWC000004nA5ZYAU","BillToContactId":"003WC00000x4jCfYAI","CurrencyIsoCode":"USD","ShippingStreet":"11095 Viking Drive","ShippingCountryCode":"US","Payment_Portal__c":"Fortra (default)","BillingCountry":"United States","BillingStreet":"11095 Viking Drive","BillingStateCode":"MN","ShippingPostalCode":"55344","QuoteToCountryCode":"US","Deal_Type__c":"Fortra Originated","ShippingState":"Minnesota","Id":"0Q0WC0000037yTx0AI","BillingState":"Minnesota"}|0x78625d60
19:56:16.9 (857685141)|VARIABLE_SCOPE_BEGIN|[241]|fieldName|String|false|false
19:56:16.9 (857691448)|VARIABLE_ASSIGNMENT|[241]|fieldName|"Ship_To_Place__c"
19:56:16.9 (857701448)|HEAP_ALLOCATE|[242]|Bytes:5
19:56:16.9 (857705728)|STATEMENT_EXECUTE|[241]
19:56:16.9 (857720131)|SYSTEM_METHOD_ENTRY|[242]|SObject.get(String)
19:56:16.9 (857736578)|HEAP_ALLOCATE|[242]|Bytes:4
19:56:16.9 (857743896)|SYSTEM_METHOD_EXIT|[242]|SObject.get(String)
19:56:16.9 (857746510)|STATEMENT_EXECUTE|[242]
19:56:16.9 (857747517)|STATEMENT_EXECUTE|[243]
19:56:16.9 (857753391)|METHOD_EXIT|[200]|01pWC000002WbCz|RenewalQuoteHeaderHandler.copyIdIfBlank(Quote, Quote, String)
19:56:16.9 (857756291)|STATEMENT_EXECUTE|[201]
19:56:16.9 (857760526)|METHOD_ENTRY|[201]|01pWC000002WbCz|RenewalQuoteHeaderHandler.copyIdIfBlank(Quote, Quote, String)
19:56:16.9 (857763445)|VARIABLE_SCOPE_BEGIN|[241]|target|Quote|true|false
19:56:16.9 (858598091)|VARIABLE_ASSIGNMENT|[241]|target|{"LastModifiedDate":"2026-06-14T02:56:16.000Z","Quote_Type__c":"Renewal","Bill_To_Place__c":"a0lWC000004nA5ZYAU","Export_Compliance_Status__c":"Pending","Net_Terms_Approval__c":false,"Exchange_Rate_To_USD__c":1.0000000000,"Export_Review_Required__c":false,"Within_Renewal_Window__c":false,"IsPrimary__c":false,"Credit_Renewal_Approval__c":false,"Days_Until_Renewal__c":362,"Renewal_Contract__c":"800WC00000SB0FtYAL","QuoteAccountId":"001WC00000kZKNxYAO","Pro_Ration_Method__c":"Monthly","Renewal_ARR_Approval__c":false,"Status":"Draft","Show_Hide_Discounts__c":"Show","IsDeleted":false,"Subtotal":67.38,"Force_New_Contract__c":false,"Net_Contract_Change__c":0.00,"Signed_Quote_Approval__c":false,"Terms_and_Conditions__c":false,"Payment_Portal__c":"Fortra (default)","Original_Contract_ARR__c":0.00,"BillingStateCode":"MN","GrandTotal":67.38,"ShippingPostalCode":"55344","ShippingState":"Minnesota","Mycap__c":false,"Deal_Type__c":"Fortra Originated","Id":"0Q0WC00000382MH0AY","Subscription_Pricing_Discount_Approval__c":false,"Net_Terms__c":"Net_30","Discount":0.00,"Services_Discount_Approval__c":false,"Total_Contract_Value_TCV__c":67.38,"LineItemCount":2,"OwnerId":"005WC00000DZ6xVYAT","OpportunityId":"006WC00000QuJ4DYAV","LegalEntityId":"0fwWC000000034LYAQ","Language__c":"English","ShippingCity":"Eden Prairie","GSW__c":false,"Manually_Sent__c":false,"CalculationStatus":"PriceCalculationFail (2 more) ...","Corporate_Currency_Amount__c":67.38,"Annual_Contract_Value_ACV__c":67.38,"Max_Discount_on_QLIs__c":0.00,"Quote_Displaced_ARR__c":0.00,"OriginalActionType":"Renew","Ship_To_Place__c":"a0lWC000004nA5ZYAU","Show_Hide_Product_Number__c":"Show","SystemModstamp":"2026-06-14T02:56:16.000Z","Create_Order_from_Quote__c":false,"BillingCountry":"United States","Manual_Discount__c":0.00,"QuoteToCountryCode":"US","TotalPrice":67.38,"AdditionalCountryCode":"US","Legal_Support_Approval__c":false,"AccountId":"001WC00000kZKNxYAO","ShippingStateCode":"MN","BillingCity":"Eden Prairie","QuoteToCountry":"United States","Total_Discount_Amount__c":0.00,"MYCAP_Approval__c":false,"Name":"Renewal Quote","License_Extension_Approval__c":false,"StartDate":"2026-06-11T00:00:00.000Z","CreatedById":"005WC00000DZ6xVYAT","Auto_Renewal__c":false,"Channel_MSP_Pricing_Discount_Approval__c":false,"BillingPostalCode":"55344","Annualized_License_Equivalent_Base__c":67.38,"Show_Hide_Free_Products__c":"Show","Maintenance_Max_Discount__c":0.00,"Total_Displaced_ARR__c":0.00,"CurrencyIsoCode":"USD","LegacyRenewalQuote__c":false,"Credit_Renewal_ARR__c":false,"ShippingStreet":"11095 Viking Drive","Annuial_Revenue_Base__c":67.38,"AdditionalCountry":"United States","Total_Quote_Line_ARR__c":0.00,"CreatedDate":"2026-06-11T21:14:56.000Z","Pricebook2Id":"01sWC0000022GHFYA2","IsSyncing":false,"Renewal_Cancellation_Approval__c":false,"BillingState":"Minnesota","TransactionType":"Fortra_Advanced_Pric (3 more) ...","Discount_Renewal_ARR__c":false,"Contains_Offensive_Security__c":false,"BillingCountryCode":"US","Temp_License_Key_Extension__c":false,"Disable_Export_Control__c":false,"ContactId":"003WC00000x4jCfYAI","PartnerAccountId":"001WC00000ZtazZYAR","Export_License_Required__c":false,"Billing_Partner__c":"001WC00000ZtazZYAR","SalesTransactionTypeId":"1ChWC0000002eJ70AI","Maintenance_Discount_Approval__c":false,"Partner_Pricing_Model__c":"Discount","ShippingCountry":"United States","LineGroupCount":0,"Approval_Status__c":"None","Unsigned_Quote_Approval__c":false,"ContractId":"800WC00000SB0FtYAL","BillToContactId":"003WC00000x4jCfYAI","QuoteTypeText__c":"Renewal","Approval_Rejected_Checkbox__c":false,"ShippingCountryCode":"US","QuoteNumber":"00781084","CanCreateQuoteLineItems":false,"ALE__c":67.38,"BillingStreet":"11095 Viking Drive","Request_Legal_Support__c":false,"Perpetual_Pricing_Discount_Approval__c":false,"LastModifiedById":"005WC00000MgTN2YAN","Displaced_ARR_Approval__c":false}|0x30918162
19:56:16.9 (858628452)|VARIABLE_SCOPE_BEGIN|[241]|source|Quote|true|false
19:56:16.9 (858751028)|VARIABLE_ASSIGNMENT|[241]|source|{"Net_Terms__c":"Net_30","ShippingStateCode":"MN","BillingCity":"Eden Prairie","Bill_To_Place__c":"a0lWC000004nA5ZYAU","BillingCountryCode":"US","QuoteToCountry":"United States","ContactId":"003WC00000x4jCfYAI","PartnerAccountId":"001WC00000ZtazZYAR","Billing_Partner__c":"001WC00000ZtazZYAR","SalesTransactionTypeId":"1ChWC0000002eJ70AI","OpportunityId":"006WC00000QuJ4DYAV","LegalEntityId":"0fwWC000000034LYAQ","Partner_Pricing_Model__c":"Discount","Language__c":"English","ShippingCountry":"United States","BillingPostalCode":"55344","ShippingCity":"Eden Prairie","Ship_To_Place__c":"a0lWC000004nA5ZYAU","BillToContactId":"003WC00000x4jCfYAI","CurrencyIsoCode":"USD","ShippingStreet":"11095 Viking Drive","ShippingCountryCode":"US","Payment_Portal__c":"Fortra (default)","BillingCountry":"United States","BillingStreet":"11095 Viking Drive","BillingStateCode":"MN","ShippingPostalCode":"55344","QuoteToCountryCode":"US","Deal_Type__c":"Fortra Originated","ShippingState":"Minnesota","Id":"0Q0WC0000037yTx0AI","BillingState":"Minnesota"}|0x78625d60
19:56:16.9 (858759350)|VARIABLE_SCOPE_BEGIN|[241]|fieldName|String|false|false
19:56:16.9 (858765835)|VARIABLE_ASSIGNMENT|[241]|fieldName|"Primary_Place__c"
19:56:16.9 (858776614)|HEAP_ALLOCATE|[242]|Bytes:5
19:56:16.9 (858781374)|STATEMENT_EXECUTE|[241]
19:56:16.9 (858799081)|SYSTEM_METHOD_ENTRY|[242]|SObject.get(String)
19:56:16.9 (858832301)|SYSTEM_METHOD_EXIT|[242]|SObject.get(String)
19:56:16.9 (858836035)|STATEMENT_EXECUTE|[242]
19:56:16.9 (858837204)|STATEMENT_EXECUTE|[245]
19:56:16.9 (858841838)|SYSTEM_METHOD_ENTRY|[245]|SObject.get(String)
19:56:16.9 (858861692)|SYSTEM_METHOD_EXIT|[245]|SObject.get(String)
19:56:16.9 (858868958)|VARIABLE_SCOPE_BEGIN|[245]|sourceValue|Object|false|false
19:56:16.9 (858877049)|VARIABLE_ASSIGNMENT|[245]|sourceValue|null
19:56:16.9 (858879821)|STATEMENT_EXECUTE|[246]
19:56:16.9 (858887092)|METHOD_EXIT|[201]|01pWC000002WbCz|RenewalQuoteHeaderHandler.copyIdIfBlank(Quote, Quote, String)
19:56:16.9 (858889787)|STATEMENT_EXECUTE|[202]
19:56:16.9 (858894304)|METHOD_ENTRY|[202]|01pWC000002WbCz|RenewalQuoteHeaderHandler.copyIdIfBlank(Quote, Quote, String)
19:56:16.9 (858897404)|VARIABLE_SCOPE_BEGIN|[241]|target|Quote|true|false
19:56:16.9 (859649535)|VARIABLE_ASSIGNMENT|[241]|target|{"LastModifiedDate":"2026-06-14T02:56:16.000Z","Quote_Type__c":"Renewal","Bill_To_Place__c":"a0lWC000004nA5ZYAU","Export_Compliance_Status__c":"Pending","Net_Terms_Approval__c":false,"Exchange_Rate_To_USD__c":1.0000000000,"Export_Review_Required__c":false,"Within_Renewal_Window__c":false,"IsPrimary__c":false,"Credit_Renewal_Approval__c":false,"Days_Until_Renewal__c":362,"Renewal_Contract__c":"800WC00000SB0FtYAL","QuoteAccountId":"001WC00000kZKNxYAO","Pro_Ration_Method__c":"Monthly","Renewal_ARR_Approval__c":false,"Status":"Draft","Show_Hide_Discounts__c":"Show","IsDeleted":false,"Subtotal":67.38,"Force_New_Contract__c":false,"Net_Contract_Change__c":0.00,"Signed_Quote_Approval__c":false,"Terms_and_Conditions__c":false,"Payment_Portal__c":"Fortra (default)","Original_Contract_ARR__c":0.00,"BillingStateCode":"MN","GrandTotal":67.38,"ShippingPostalCode":"55344","ShippingState":"Minnesota","Mycap__c":false,"Deal_Type__c":"Fortra Originated","Id":"0Q0WC00000382MH0AY","Subscription_Pricing_Discount_Approval__c":false,"Net_Terms__c":"Net_30","Discount":0.00,"Services_Discount_Approval__c":false,"Total_Contract_Value_TCV__c":67.38,"LineItemCount":2,"OwnerId":"005WC00000DZ6xVYAT","OpportunityId":"006WC00000QuJ4DYAV","LegalEntityId":"0fwWC000000034LYAQ","Language__c":"English","ShippingCity":"Eden Prairie","GSW__c":false,"Manually_Sent__c":false,"CalculationStatus":"PriceCalculationFail (2 more) ...","Corporate_Currency_Amount__c":67.38,"Annual_Contract_Value_ACV__c":67.38,"Max_Discount_on_QLIs__c":0.00,"Quote_Displaced_ARR__c":0.00,"OriginalActionType":"Renew","Ship_To_Place__c":"a0lWC000004nA5ZYAU","Show_Hide_Product_Number__c":"Show","SystemModstamp":"2026-06-14T02:56:16.000Z","Create_Order_from_Quote__c":false,"BillingCountry":"United States","Manual_Discount__c":0.00,"QuoteToCountryCode":"US","TotalPrice":67.38,"AdditionalCountryCode":"US","Legal_Support_Approval__c":false,"AccountId":"001WC00000kZKNxYAO","ShippingStateCode":"MN","BillingCity":"Eden Prairie","QuoteToCountry":"United States","Total_Discount_Amount__c":0.00,"MYCAP_Approval__c":false,"Name":"Renewal Quote","License_Extension_Approval__c":false,"StartDate":"2026-06-11T00:00:00.000Z","CreatedById":"005WC00000DZ6xVYAT","Auto_Renewal__c":false,"Channel_MSP_Pricing_Discount_Approval__c":false,"BillingPostalCode":"55344","Annualized_License_Equivalent_Base__c":67.38,"Show_Hide_Free_Products__c":"Show","Maintenance_Max_Discount__c":0.00,"Total_Displaced_ARR__c":0.00,"CurrencyIsoCode":"USD","LegacyRenewalQuote__c":false,"Credit_Renewal_ARR__c":false,"ShippingStreet":"11095 Viking Drive","Annuial_Revenue_Base__c":67.38,"AdditionalCountry":"United States","Total_Quote_Line_ARR__c":0.00,"CreatedDate":"2026-06-11T21:14:56.000Z","Pricebook2Id":"01sWC0000022GHFYA2","IsSyncing":false,"Renewal_Cancellation_Approval__c":false,"BillingState":"Minnesota","TransactionType":"Fortra_Advanced_Pric (3 more) ...","Discount_Renewal_ARR__c":false,"Contains_Offensive_Security__c":false,"BillingCountryCode":"US","Temp_License_Key_Extension__c":false,"Disable_Export_Control__c":false,"ContactId":"003WC00000x4jCfYAI","PartnerAccountId":"001WC00000ZtazZYAR","Export_License_Required__c":false,"Billing_Partner__c":"001WC00000ZtazZYAR","SalesTransactionTypeId":"1ChWC0000002eJ70AI","Maintenance_Discount_Approval__c":false,"Partner_Pricing_Model__c":"Discount","ShippingCountry":"United States","LineGroupCount":0,"Approval_Status__c":"None","Unsigned_Quote_Approval__c":false,"ContractId":"800WC00000SB0FtYAL","BillToContactId":"003WC00000x4jCfYAI","QuoteTypeText__c":"Renewal","Approval_Rejected_Checkbox__c":false,"ShippingCountryCode":"US","QuoteNumber":"00781084","CanCreateQuoteLineItems":false,"ALE__c":67.38,"BillingStreet":"11095 Viking Drive","Request_Legal_Support__c":false,"Perpetual_Pricing_Discount_Approval__c":false,"LastModifiedById":"005WC00000MgTN2YAN","Displaced_ARR_Approval__c":false}|0x30918162
19:56:16.9 (859676428)|VARIABLE_SCOPE_BEGIN|[241]|source|Quote|true|false
19:56:16.9 (859833349)|VARIABLE_ASSIGNMENT|[241]|source|{"Net_Terms__c":"Net_30","ShippingStateCode":"MN","BillingCity":"Eden Prairie","Bill_To_Place__c":"a0lWC000004nA5ZYAU","BillingCountryCode":"US","QuoteToCountry":"United States","ContactId":"003WC00000x4jCfYAI","PartnerAccountId":"001WC00000ZtazZYAR","Billing_Partner__c":"001WC00000ZtazZYAR","SalesTransactionTypeId":"1ChWC0000002eJ70AI","OpportunityId":"006WC00000QuJ4DYAV","LegalEntityId":"0fwWC000000034LYAQ","Partner_Pricing_Model__c":"Discount","Language__c":"English","ShippingCountry":"United States","BillingPostalCode":"55344","ShippingCity":"Eden Prairie","Ship_To_Place__c":"a0lWC000004nA5ZYAU","BillToContactId":"003WC00000x4jCfYAI","CurrencyIsoCode":"USD","ShippingStreet":"11095 Viking Drive","ShippingCountryCode":"US","Payment_Portal__c":"Fortra (default)","BillingCountry":"United States","BillingStreet":"11095 Viking Drive","BillingStateCode":"MN","ShippingPostalCode":"55344","QuoteToCountryCode":"US","Deal_Type__c":"Fortra Originated","ShippingState":"Minnesota","Id":"0Q0WC0000037yTx0AI","BillingState":"Minnesota"}|0x78625d60
19:56:16.9 (859847267)|VARIABLE_SCOPE_BEGIN|[241]|fieldName|String|false|false
19:56:16.9 (859856237)|VARIABLE_ASSIGNMENT|[241]|fieldName|"End_User_Place__c"
19:56:16.9 (859869688)|HEAP_ALLOCATE|[242]|Bytes:5
19:56:16.9 (859875712)|STATEMENT_EXECUTE|[241]
19:56:16.9 (859895192)|SYSTEM_METHOD_ENTRY|[242]|SObject.get(String)
19:56:16.9 (859935341)|SYSTEM_METHOD_EXIT|[242]|SObject.get(String)
19:56:16.9 (859940033)|STATEMENT_EXECUTE|[242]
19:56:16.9 (859941776)|STATEMENT_EXECUTE|[245]
19:56:16.9 (859948319)|SYSTEM_METHOD_ENTRY|[245]|SObject.get(String)
19:56:16.9 (859968220)|SYSTEM_METHOD_EXIT|[245]|SObject.get(String)
19:56:16.9 (859976336)|VARIABLE_SCOPE_BEGIN|[245]|sourceValue|Object|false|false
19:56:16.9 (859986620)|VARIABLE_ASSIGNMENT|[245]|sourceValue|null
19:56:16.9 (859990590)|STATEMENT_EXECUTE|[246]
19:56:16.9 (860000671)|METHOD_EXIT|[202]|01pWC000002WbCz|RenewalQuoteHeaderHandler.copyIdIfBlank(Quote, Quote, String)
19:56:16.9 (860005660)|STATEMENT_EXECUTE|[203]
19:56:16.9 (860012052)|METHOD_ENTRY|[203]|01pWC000002WbCz|RenewalQuoteHeaderHandler.copyIdIfBlank(Quote, Quote, String)
19:56:16.9 (860016863)|VARIABLE_SCOPE_BEGIN|[241]|target|Quote|true|false
19:56:16.9 (861136184)|VARIABLE_ASSIGNMENT|[241]|target|{"LastModifiedDate":"2026-06-14T02:56:16.000Z","Quote_Type__c":"Renewal","Bill_To_Place__c":"a0lWC000004nA5ZYAU","Export_Compliance_Status__c":"Pending","Net_Terms_Approval__c":false,"Exchange_Rate_To_USD__c":1.0000000000,"Export_Review_Required__c":false,"Within_Renewal_Window__c":false,"IsPrimary__c":false,"Credit_Renewal_Approval__c":false,"Days_Until_Renewal__c":362,"Renewal_Contract__c":"800WC00000SB0FtYAL","QuoteAccountId":"001WC00000kZKNxYAO","Pro_Ration_Method__c":"Monthly","Renewal_ARR_Approval__c":false,"Status":"Draft","Show_Hide_Discounts__c":"Show","IsDeleted":false,"Subtotal":67.38,"Force_New_Contract__c":false,"Net_Contract_Change__c":0.00,"Signed_Quote_Approval__c":false,"Terms_and_Conditions__c":false,"Payment_Portal__c":"Fortra (default)","Original_Contract_ARR__c":0.00,"BillingStateCode":"MN","GrandTotal":67.38,"ShippingPostalCode":"55344","ShippingState":"Minnesota","Mycap__c":false,"Deal_Type__c":"Fortra Originated","Id":"0Q0WC00000382MH0AY","Subscription_Pricing_Discount_Approval__c":false,"Net_Terms__c":"Net_30","Discount":0.00,"Services_Discount_Approval__c":false,"Total_Contract_Value_TCV__c":67.38,"LineItemCount":2,"OwnerId":"005WC00000DZ6xVYAT","OpportunityId":"006WC00000QuJ4DYAV","LegalEntityId":"0fwWC000000034LYAQ","Language__c":"English","ShippingCity":"Eden Prairie","GSW__c":false,"Manually_Sent__c":false,"CalculationStatus":"PriceCalculationFail (2 more) ...","Corporate_Currency_Amount__c":67.38,"Annual_Contract_Value_ACV__c":67.38,"Max_Discount_on_QLIs__c":0.00,"Quote_Displaced_ARR__c":0.00,"OriginalActionType":"Renew","Ship_To_Place__c":"a0lWC000004nA5ZYAU","Show_Hide_Product_Number__c":"Show","SystemModstamp":"2026-06-14T02:56:16.000Z","Create_Order_from_Quote__c":false,"BillingCountry":"United States","Manual_Discount__c":0.00,"QuoteToCountryCode":"US","TotalPrice":67.38,"AdditionalCountryCode":"US","Legal_Support_Approval__c":false,"AccountId":"001WC00000kZKNxYAO","ShippingStateCode":"MN","BillingCity":"Eden Prairie","QuoteToCountry":"United States","Total_Discount_Amount__c":0.00,"MYCAP_Approval__c":false,"Name":"Renewal Quote","License_Extension_Approval__c":false,"StartDate":"2026-06-11T00:00:00.000Z","CreatedById":"005WC00000DZ6xVYAT","Auto_Renewal__c":false,"Channel_MSP_Pricing_Discount_Approval__c":false,"BillingPostalCode":"55344","Annualized_License_Equivalent_Base__c":67.38,"Show_Hide_Free_Products__c":"Show","Maintenance_Max_Discount__c":0.00,"Total_Displaced_ARR__c":0.00,"CurrencyIsoCode":"USD","LegacyRenewalQuote__c":false,"Credit_Renewal_ARR__c":false,"ShippingStreet":"11095 Viking Drive","Annuial_Revenue_Base__c":67.38,"AdditionalCountry":"United States","Total_Quote_Line_ARR__c":0.00,"CreatedDate":"2026-06-11T21:14:56.000Z","Pricebook2Id":"01sWC0000022GHFYA2","IsSyncing":false,"Renewal_Cancellation_Approval__c":false,"BillingState":"Minnesota","TransactionType":"Fortra_Advanced_Pric (3 more) ...","Discount_Renewal_ARR__c":false,"Contains_Offensive_Security__c":false,"BillingCountryCode":"US","Temp_License_Key_Extension__c":false,"Disable_Export_Control__c":false,"ContactId":"003WC00000x4jCfYAI","PartnerAccountId":"001WC00000ZtazZYAR","Export_License_Required__c":false,"Billing_Partner__c":"001WC00000ZtazZYAR","SalesTransactionTypeId":"1ChWC0000002eJ70AI","Maintenance_Discount_Approval__c":false,"Partner_Pricing_Model__c":"Discount","ShippingCountry":"United States","LineGroupCount":0,"Approval_Status__c":"None","Unsigned_Quote_Approval__c":false,"ContractId":"800WC00000SB0FtYAL","BillToContactId":"003WC00000x4jCfYAI","QuoteTypeText__c":"Renewal","Approval_Rejected_Checkbox__c":false,"ShippingCountryCode":"US","QuoteNumber":"00781084","CanCreateQuoteLineItems":false,"ALE__c":67.38,"BillingStreet":"11095 Viking Drive","Request_Legal_Support__c":false,"Perpetual_Pricing_Discount_Approval__c":false,"LastModifiedById":"005WC00000MgTN2YAN","Displaced_ARR_Approval__c":false}|0x30918162
19:56:16.9 (861169915)|VARIABLE_SCOPE_BEGIN|[241]|source|Quote|true|false
19:56:16.9 (861302266)|VARIABLE_ASSIGNMENT|[241]|source|{"Net_Terms__c":"Net_30","ShippingStateCode":"MN","BillingCity":"Eden Prairie","Bill_To_Place__c":"a0lWC000004nA5ZYAU","BillingCountryCode":"US","QuoteToCountry":"United States","ContactId":"003WC00000x4jCfYAI","PartnerAccountId":"001WC00000ZtazZYAR","Billing_Partner__c":"001WC00000ZtazZYAR","SalesTransactionTypeId":"1ChWC0000002eJ70AI","OpportunityId":"006WC00000QuJ4DYAV","LegalEntityId":"0fwWC000000034LYAQ","Partner_Pricing_Model__c":"Discount","Language__c":"English","ShippingCountry":"United States","BillingPostalCode":"55344","ShippingCity":"Eden Prairie","Ship_To_Place__c":"a0lWC000004nA5ZYAU","BillToContactId":"003WC00000x4jCfYAI","CurrencyIsoCode":"USD","ShippingStreet":"11095 Viking Drive","ShippingCountryCode":"US","Payment_Portal__c":"Fortra (default)","BillingCountry":"United States","BillingStreet":"11095 Viking Drive","BillingStateCode":"MN","ShippingPostalCode":"55344","QuoteToCountryCode":"US","Deal_Type__c":"Fortra Originated","ShippingState":"Minnesota","Id":"0Q0WC0000037yTx0AI","BillingState":"Minnesota"}|0x78625d60
19:56:16.9 (861311200)|VARIABLE_SCOPE_BEGIN|[241]|fieldName|String|false|false
19:56:16.9 (861318187)|VARIABLE_ASSIGNMENT|[241]|fieldName|"Install_Place__c"
19:56:16.9 (861329970)|HEAP_ALLOCATE|[242]|Bytes:5
19:56:16.9 (861335515)|STATEMENT_EXECUTE|[241]
19:56:16.9 (861355797)|SYSTEM_METHOD_ENTRY|[242]|SObject.get(String)
19:56:16.9 (861385134)|SYSTEM_METHOD_EXIT|[242]|SObject.get(String)
19:56:16.9 (861388331)|STATEMENT_EXECUTE|[242]
19:56:16.9 (861389626)|STATEMENT_EXECUTE|[245]
19:56:16.9 (861393745)|SYSTEM_METHOD_ENTRY|[245]|SObject.get(String)
19:56:16.9 (861404773)|SYSTEM_METHOD_EXIT|[245]|SObject.get(String)
19:56:16.9 (861410507)|VARIABLE_SCOPE_BEGIN|[245]|sourceValue|Object|false|false
19:56:16.9 (861417154)|VARIABLE_ASSIGNMENT|[245]|sourceValue|null
19:56:16.9 (861419720)|STATEMENT_EXECUTE|[246]
19:56:16.9 (861427405)|METHOD_EXIT|[203]|01pWC000002WbCz|RenewalQuoteHeaderHandler.copyIdIfBlank(Quote, Quote, String)
19:56:16.9 (861430511)|STATEMENT_EXECUTE|[204]
19:56:16.9 (861435460)|METHOD_ENTRY|[204]|01pWC000002WbCz|RenewalQuoteHeaderHandler.copyIdIfBlank(Quote, Quote, String)
19:56:16.9 (861438479)|VARIABLE_SCOPE_BEGIN|[241]|target|Quote|true|false
19:56:16.9 (862405619)|VARIABLE_ASSIGNMENT|[241]|target|{"LastModifiedDate":"2026-06-14T02:56:16.000Z","Quote_Type__c":"Renewal","Bill_To_Place__c":"a0lWC000004nA5ZYAU","Export_Compliance_Status__c":"Pending","Net_Terms_Approval__c":false,"Exchange_Rate_To_USD__c":1.0000000000,"Export_Review_Required__c":false,"Within_Renewal_Window__c":false,"IsPrimary__c":false,"Credit_Renewal_Approval__c":false,"Days_Until_Renewal__c":362,"Renewal_Contract__c":"800WC00000SB0FtYAL","QuoteAccountId":"001WC00000kZKNxYAO","Pro_Ration_Method__c":"Monthly","Renewal_ARR_Approval__c":false,"Status":"Draft","Show_Hide_Discounts__c":"Show","IsDeleted":false,"Subtotal":67.38,"Force_New_Contract__c":false,"Net_Contract_Change__c":0.00,"Signed_Quote_Approval__c":false,"Terms_and_Conditions__c":false,"Payment_Portal__c":"Fortra (default)","Original_Contract_ARR__c":0.00,"BillingStateCode":"MN","GrandTotal":67.38,"ShippingPostalCode":"55344","ShippingState":"Minnesota","Mycap__c":false,"Deal_Type__c":"Fortra Originated","Id":"0Q0WC00000382MH0AY","Subscription_Pricing_Discount_Approval__c":false,"Net_Terms__c":"Net_30","Discount":0.00,"Services_Discount_Approval__c":false,"Total_Contract_Value_TCV__c":67.38,"LineItemCount":2,"OwnerId":"005WC00000DZ6xVYAT","OpportunityId":"006WC00000QuJ4DYAV","LegalEntityId":"0fwWC000000034LYAQ","Language__c":"English","ShippingCity":"Eden Prairie","GSW__c":false,"Manually_Sent__c":false,"CalculationStatus":"PriceCalculationFail (2 more) ...","Corporate_Currency_Amount__c":67.38,"Annual_Contract_Value_ACV__c":67.38,"Max_Discount_on_QLIs__c":0.00,"Quote_Displaced_ARR__c":0.00,"OriginalActionType":"Renew","Ship_To_Place__c":"a0lWC000004nA5ZYAU","Show_Hide_Product_Number__c":"Show","SystemModstamp":"2026-06-14T02:56:16.000Z","Create_Order_from_Quote__c":false,"BillingCountry":"United States","Manual_Discount__c":0.00,"QuoteToCountryCode":"US","TotalPrice":67.38,"AdditionalCountryCode":"US","Legal_Support_Approval__c":false,"AccountId":"001WC00000kZKNxYAO","ShippingStateCode":"MN","BillingCity":"Eden Prairie","QuoteToCountry":"United States","Total_Discount_Amount__c":0.00,"MYCAP_Approval__c":false,"Name":"Renewal Quote","License_Extension_Approval__c":false,"StartDate":"2026-06-11T00:00:00.000Z","CreatedById":"005WC00000DZ6xVYAT","Auto_Renewal__c":false,"Channel_MSP_Pricing_Discount_Approval__c":false,"BillingPostalCode":"55344","Annualized_License_Equivalent_Base__c":67.38,"Show_Hide_Free_Products__c":"Show","Maintenance_Max_Discount__c":0.00,"Total_Displaced_ARR__c":0.00,"CurrencyIsoCode":"USD","LegacyRenewalQuote__c":false,"Credit_Renewal_ARR__c":false,"ShippingStreet":"11095 Viking Drive","Annuial_Revenue_Base__c":67.38,"AdditionalCountry":"United States","Total_Quote_Line_ARR__c":0.00,"CreatedDate":"2026-06-11T21:14:56.000Z","Pricebook2Id":"01sWC0000022GHFYA2","IsSyncing":false,"Renewal_Cancellation_Approval__c":false,"BillingState":"Minnesota","TransactionType":"Fortra_Advanced_Pric (3 more) ...","Discount_Renewal_ARR__c":false,"Contains_Offensive_Security__c":false,"BillingCountryCode":"US","Temp_License_Key_Extension__c":false,"Disable_Export_Control__c":false,"ContactId":"003WC00000x4jCfYAI","PartnerAccountId":"001WC00000ZtazZYAR","Export_License_Required__c":false,"Billing_Partner__c":"001WC00000ZtazZYAR","SalesTransactionTypeId":"1ChWC0000002eJ70AI","Maintenance_Discount_Approval__c":false,"Partner_Pricing_Model__c":"Discount","ShippingCountry":"United States","LineGroupCount":0,"Approval_Status__c":"None","Unsigned_Quote_Approval__c":false,"ContractId":"800WC00000SB0FtYAL","BillToContactId":"003WC00000x4jCfYAI","QuoteTypeText__c":"Renewal","Approval_Rejected_Checkbox__c":false,"ShippingCountryCode":"US","QuoteNumber":"00781084","CanCreateQuoteLineItems":false,"ALE__c":67.38,"BillingStreet":"11095 Viking Drive","Request_Legal_Support__c":false,"Perpetual_Pricing_Discount_Approval__c":false,"LastModifiedById":"005WC00000MgTN2YAN","Displaced_ARR_Approval__c":false}|0x30918162
19:56:16.9 (862437180)|VARIABLE_SCOPE_BEGIN|[241]|source|Quote|true|false
19:56:16.9 (862561859)|VARIABLE_ASSIGNMENT|[241]|source|{"Net_Terms__c":"Net_30","ShippingStateCode":"MN","BillingCity":"Eden Prairie","Bill_To_Place__c":"a0lWC000004nA5ZYAU","BillingCountryCode":"US","QuoteToCountry":"United States","ContactId":"003WC00000x4jCfYAI","PartnerAccountId":"001WC00000ZtazZYAR","Billing_Partner__c":"001WC00000ZtazZYAR","SalesTransactionTypeId":"1ChWC0000002eJ70AI","OpportunityId":"006WC00000QuJ4DYAV","LegalEntityId":"0fwWC000000034LYAQ","Partner_Pricing_Model__c":"Discount","Language__c":"English","ShippingCountry":"United States","BillingPostalCode":"55344","ShippingCity":"Eden Prairie","Ship_To_Place__c":"a0lWC000004nA5ZYAU","BillToContactId":"003WC00000x4jCfYAI","CurrencyIsoCode":"USD","ShippingStreet":"11095 Viking Drive","ShippingCountryCode":"US","Payment_Portal__c":"Fortra (default)","BillingCountry":"United States","BillingStreet":"11095 Viking Drive","BillingStateCode":"MN","ShippingPostalCode":"55344","QuoteToCountryCode":"US","Deal_Type__c":"Fortra Originated","ShippingState":"Minnesota","Id":"0Q0WC0000037yTx0AI","BillingState":"Minnesota"}|0x78625d60
19:56:16.9 (862570446)|VARIABLE_SCOPE_BEGIN|[241]|fieldName|String|false|false
19:56:16.9 (862576768)|VARIABLE_ASSIGNMENT|[241]|fieldName|"Service_Place__c"
19:56:16.9 (862588502)|HEAP_ALLOCATE|[242]|Bytes:5
19:56:16.9 (862593438)|STATEMENT_EXECUTE|[241]
19:56:16.9 (862612770)|SYSTEM_METHOD_ENTRY|[242]|SObject.get(String)
19:56:16.9 (862641007)|SYSTEM_METHOD_EXIT|[242]|SObject.get(String)
19:56:16.9 (862644070)|STATEMENT_EXECUTE|[242]
19:56:16.9 (862645307)|STATEMENT_EXECUTE|[245]
19:56:16.9 (862649447)|SYSTEM_METHOD_ENTRY|[245]|SObject.get(String)
19:56:16.9 (862660116)|SYSTEM_METHOD_EXIT|[245]|SObject.get(String)
19:56:16.9 (862665636)|VARIABLE_SCOPE_BEGIN|[245]|sourceValue|Object|false|false
19:56:16.9 (862671987)|VARIABLE_ASSIGNMENT|[245]|sourceValue|null
19:56:16.9 (862674382)|STATEMENT_EXECUTE|[246]
19:56:16.9 (862681847)|METHOD_EXIT|[204]|01pWC000002WbCz|RenewalQuoteHeaderHandler.copyIdIfBlank(Quote, Quote, String)
19:56:16.9 (862684729)|STATEMENT_EXECUTE|[205]
19:56:16.9 (862689132)|METHOD_ENTRY|[205]|01pWC000002WbCz|RenewalQuoteHeaderHandler.copyIdIfBlank(Quote, Quote, String)
19:56:16.9 (862692291)|VARIABLE_SCOPE_BEGIN|[241]|target|Quote|true|false
19:56:16.9 (863444602)|VARIABLE_ASSIGNMENT|[241]|target|{"LastModifiedDate":"2026-06-14T02:56:16.000Z","Quote_Type__c":"Renewal","Bill_To_Place__c":"a0lWC000004nA5ZYAU","Export_Compliance_Status__c":"Pending","Net_Terms_Approval__c":false,"Exchange_Rate_To_USD__c":1.0000000000,"Export_Review_Required__c":false,"Within_Renewal_Window__c":false,"IsPrimary__c":false,"Credit_Renewal_Approval__c":false,"Days_Until_Renewal__c":362,"Renewal_Contract__c":"800WC00000SB0FtYAL","QuoteAccountId":"001WC00000kZKNxYAO","Pro_Ration_Method__c":"Monthly","Renewal_ARR_Approval__c":false,"Status":"Draft","Show_Hide_Discounts__c":"Show","IsDeleted":false,"Subtotal":67.38,"Force_New_Contract__c":false,"Net_Contract_Change__c":0.00,"Signed_Quote_Approval__c":false,"Terms_and_Conditions__c":false,"Payment_Portal__c":"Fortra (default)","Original_Contract_ARR__c":0.00,"BillingStateCode":"MN","GrandTotal":67.38,"ShippingPostalCode":"55344","ShippingState":"Minnesota","Mycap__c":false,"Deal_Type__c":"Fortra Originated","Id":"0Q0WC00000382MH0AY","Subscription_Pricing_Discount_Approval__c":false,"Net_Terms__c":"Net_30","Discount":0.00,"Services_Discount_Approval__c":false,"Total_Contract_Value_TCV__c":67.38,"LineItemCount":2,"OwnerId":"005WC00000DZ6xVYAT","OpportunityId":"006WC00000QuJ4DYAV","LegalEntityId":"0fwWC000000034LYAQ","Language__c":"English","ShippingCity":"Eden Prairie","GSW__c":false,"Manually_Sent__c":false,"CalculationStatus":"PriceCalculationFail (2 more) ...","Corporate_Currency_Amount__c":67.38,"Annual_Contract_Value_ACV__c":67.38,"Max_Discount_on_QLIs__c":0.00,"Quote_Displaced_ARR__c":0.00,"OriginalActionType":"Renew","Ship_To_Place__c":"a0lWC000004nA5ZYAU","Show_Hide_Product_Number__c":"Show","SystemModstamp":"2026-06-14T02:56:16.000Z","Create_Order_from_Quote__c":false,"BillingCountry":"United States","Manual_Discount__c":0.00,"QuoteToCountryCode":"US","TotalPrice":67.38,"AdditionalCountryCode":"US","Legal_Support_Approval__c":false,"AccountId":"001WC00000kZKNxYAO","ShippingStateCode":"MN","BillingCity":"Eden Prairie","QuoteToCountry":"United States","Total_Discount_Amount__c":0.00,"MYCAP_Approval__c":false,"Name":"Renewal Quote","License_Extension_Approval__c":false,"StartDate":"2026-06-11T00:00:00.000Z","CreatedById":"005WC00000DZ6xVYAT","Auto_Renewal__c":false,"Channel_MSP_Pricing_Discount_Approval__c":false,"BillingPostalCode":"55344","Annualized_License_Equivalent_Base__c":67.38,"Show_Hide_Free_Products__c":"Show","Maintenance_Max_Discount__c":0.00,"Total_Displaced_ARR__c":0.00,"CurrencyIsoCode":"USD","LegacyRenewalQuote__c":false,"Credit_Renewal_ARR__c":false,"ShippingStreet":"11095 Viking Drive","Annuial_Revenue_Base__c":67.38,"AdditionalCountry":"United States","Total_Quote_Line_ARR__c":0.00,"CreatedDate":"2026-06-11T21:14:56.000Z","Pricebook2Id":"01sWC0000022GHFYA2","IsSyncing":false,"Renewal_Cancellation_Approval__c":false,"BillingState":"Minnesota","TransactionType":"Fortra_Advanced_Pric (3 more) ...","Discount_Renewal_ARR__c":false,"Contains_Offensive_Security__c":false,"BillingCountryCode":"US","Temp_License_Key_Extension__c":false,"Disable_Export_Control__c":false,"ContactId":"003WC00000x4jCfYAI","PartnerAccountId":"001WC00000ZtazZYAR","Export_License_Required__c":false,"Billing_Partner__c":"001WC00000ZtazZYAR","SalesTransactionTypeId":"1ChWC0000002eJ70AI","Maintenance_Discount_Approval__c":false,"Partner_Pricing_Model__c":"Discount","ShippingCountry":"United States","LineGroupCount":0,"Approval_Status__c":"None","Unsigned_Quote_Approval__c":false,"ContractId":"800WC00000SB0FtYAL","BillToContactId":"003WC00000x4jCfYAI","QuoteTypeText__c":"Renewal","Approval_Rejected_Checkbox__c":false,"ShippingCountryCode":"US","QuoteNumber":"00781084","CanCreateQuoteLineItems":false,"ALE__c":67.38,"BillingStreet":"11095 Viking Drive","Request_Legal_Support__c":false,"Perpetual_Pricing_Discount_Approval__c":false,"LastModifiedById":"005WC00000MgTN2YAN","Displaced_ARR_Approval__c":false}|0x30918162
19:56:16.9 (863474193)|VARIABLE_SCOPE_BEGIN|[241]|source|Quote|true|false
19:56:16.9 (863595491)|VARIABLE_ASSIGNMENT|[241]|source|{"Net_Terms__c":"Net_30","ShippingStateCode":"MN","BillingCity":"Eden Prairie","Bill_To_Place__c":"a0lWC000004nA5ZYAU","BillingCountryCode":"US","QuoteToCountry":"United States","ContactId":"003WC00000x4jCfYAI","PartnerAccountId":"001WC00000ZtazZYAR","Billing_Partner__c":"001WC00000ZtazZYAR","SalesTransactionTypeId":"1ChWC0000002eJ70AI","OpportunityId":"006WC00000QuJ4DYAV","LegalEntityId":"0fwWC000000034LYAQ","Partner_Pricing_Model__c":"Discount","Language__c":"English","ShippingCountry":"United States","BillingPostalCode":"55344","ShippingCity":"Eden Prairie","Ship_To_Place__c":"a0lWC000004nA5ZYAU","BillToContactId":"003WC00000x4jCfYAI","CurrencyIsoCode":"USD","ShippingStreet":"11095 Viking Drive","ShippingCountryCode":"US","Payment_Portal__c":"Fortra (default)","BillingCountry":"United States","BillingStreet":"11095 Viking Drive","BillingStateCode":"MN","ShippingPostalCode":"55344","QuoteToCountryCode":"US","Deal_Type__c":"Fortra Originated","ShippingState":"Minnesota","Id":"0Q0WC0000037yTx0AI","BillingState":"Minnesota"}|0x78625d60
19:56:16.9 (863604098)|VARIABLE_SCOPE_BEGIN|[241]|fieldName|String|false|false
19:56:16.9 (863610469)|VARIABLE_ASSIGNMENT|[241]|fieldName|"Regulatory_Place__c"
19:56:16.9 (863622162)|HEAP_ALLOCATE|[242]|Bytes:5
19:56:16.9 (863627568)|STATEMENT_EXECUTE|[241]
19:56:16.9 (863642359)|SYSTEM_METHOD_ENTRY|[242]|SObject.get(String)
19:56:16.9 (863665823)|SYSTEM_METHOD_EXIT|[242]|SObject.get(String)
19:56:16.9 (863668600)|STATEMENT_EXECUTE|[242]
19:56:16.9 (863669813)|STATEMENT_EXECUTE|[245]
19:56:16.9 (863673614)|SYSTEM_METHOD_ENTRY|[245]|SObject.get(String)
19:56:16.9 (863684344)|SYSTEM_METHOD_EXIT|[245]|SObject.get(String)
19:56:16.9 (863689102)|VARIABLE_SCOPE_BEGIN|[245]|sourceValue|Object|false|false
19:56:16.9 (863695513)|VARIABLE_ASSIGNMENT|[245]|sourceValue|null
19:56:16.9 (863698049)|STATEMENT_EXECUTE|[246]
19:56:16.9 (863710008)|METHOD_EXIT|[205]|01pWC000002WbCz|RenewalQuoteHeaderHandler.copyIdIfBlank(Quote, Quote, String)
19:56:16.9 (863713020)|STATEMENT_EXECUTE|[206]
19:56:16.9 (863717661)|METHOD_ENTRY|[206]|01pWC000002WbCz|RenewalQuoteHeaderHandler.copyIdIfBlank(Quote, Quote, String)
19:56:16.9 (863721271)|VARIABLE_SCOPE_BEGIN|[241]|target|Quote|true|false
19:56:16.9 (864555118)|VARIABLE_ASSIGNMENT|[241]|target|{"LastModifiedDate":"2026-06-14T02:56:16.000Z","Quote_Type__c":"Renewal","Bill_To_Place__c":"a0lWC000004nA5ZYAU","Export_Compliance_Status__c":"Pending","Net_Terms_Approval__c":false,"Exchange_Rate_To_USD__c":1.0000000000,"Export_Review_Required__c":false,"Within_Renewal_Window__c":false,"IsPrimary__c":false,"Credit_Renewal_Approval__c":false,"Days_Until_Renewal__c":362,"Renewal_Contract__c":"800WC00000SB0FtYAL","QuoteAccountId":"001WC00000kZKNxYAO","Pro_Ration_Method__c":"Monthly","Renewal_ARR_Approval__c":false,"Status":"Draft","Show_Hide_Discounts__c":"Show","IsDeleted":false,"Subtotal":67.38,"Force_New_Contract__c":false,"Net_Contract_Change__c":0.00,"Signed_Quote_Approval__c":false,"Terms_and_Conditions__c":false,"Payment_Portal__c":"Fortra (default)","Original_Contract_ARR__c":0.00,"BillingStateCode":"MN","GrandTotal":67.38,"ShippingPostalCode":"55344","ShippingState":"Minnesota","Mycap__c":false,"Deal_Type__c":"Fortra Originated","Id":"0Q0WC00000382MH0AY","Subscription_Pricing_Discount_Approval__c":false,"Net_Terms__c":"Net_30","Discount":0.00,"Services_Discount_Approval__c":false,"Total_Contract_Value_TCV__c":67.38,"LineItemCount":2,"OwnerId":"005WC00000DZ6xVYAT","OpportunityId":"006WC00000QuJ4DYAV","LegalEntityId":"0fwWC000000034LYAQ","Language__c":"English","ShippingCity":"Eden Prairie","GSW__c":false,"Manually_Sent__c":false,"CalculationStatus":"PriceCalculationFail (2 more) ...","Corporate_Currency_Amount__c":67.38,"Annual_Contract_Value_ACV__c":67.38,"Max_Discount_on_QLIs__c":0.00,"Quote_Displaced_ARR__c":0.00,"OriginalActionType":"Renew","Ship_To_Place__c":"a0lWC000004nA5ZYAU","Show_Hide_Product_Number__c":"Show","SystemModstamp":"2026-06-14T02:56:16.000Z","Create_Order_from_Quote__c":false,"BillingCountry":"United States","Manual_Discount__c":0.00,"QuoteToCountryCode":"US","TotalPrice":67.38,"AdditionalCountryCode":"US","Legal_Support_Approval__c":false,"AccountId":"001WC00000kZKNxYAO","ShippingStateCode":"MN","BillingCity":"Eden Prairie","QuoteToCountry":"United States","Total_Discount_Amount__c":0.00,"MYCAP_Approval__c":false,"Name":"Renewal Quote","License_Extension_Approval__c":false,"StartDate":"2026-06-11T00:00:00.000Z","CreatedById":"005WC00000DZ6xVYAT","Auto_Renewal__c":false,"Channel_MSP_Pricing_Discount_Approval__c":false,"BillingPostalCode":"55344","Annualized_License_Equivalent_Base__c":67.38,"Show_Hide_Free_Products__c":"Show","Maintenance_Max_Discount__c":0.00,"Total_Displaced_ARR__c":0.00,"CurrencyIsoCode":"USD","LegacyRenewalQuote__c":false,"Credit_Renewal_ARR__c":false,"ShippingStreet":"11095 Viking Drive","Annuial_Revenue_Base__c":67.38,"AdditionalCountry":"United States","Total_Quote_Line_ARR__c":0.00,"CreatedDate":"2026-06-11T21:14:56.000Z","Pricebook2Id":"01sWC0000022GHFYA2","IsSyncing":false,"Renewal_Cancellation_Approval__c":false,"BillingState":"Minnesota","TransactionType":"Fortra_Advanced_Pric (3 more) ...","Discount_Renewal_ARR__c":false,"Contains_Offensive_Security__c":false,"BillingCountryCode":"US","Temp_License_Key_Extension__c":false,"Disable_Export_Control__c":false,"ContactId":"003WC00000x4jCfYAI","PartnerAccountId":"001WC00000ZtazZYAR","Export_License_Required__c":false,"Billing_Partner__c":"001WC00000ZtazZYAR","SalesTransactionTypeId":"1ChWC0000002eJ70AI","Maintenance_Discount_Approval__c":false,"Partner_Pricing_Model__c":"Discount","ShippingCountry":"United States","LineGroupCount":0,"Approval_Status__c":"None","Unsigned_Quote_Approval__c":false,"ContractId":"800WC00000SB0FtYAL","BillToContactId":"003WC00000x4jCfYAI","QuoteTypeText__c":"Renewal","Approval_Rejected_Checkbox__c":false,"ShippingCountryCode":"US","QuoteNumber":"00781084","CanCreateQuoteLineItems":false,"ALE__c":67.38,"BillingStreet":"11095 Viking Drive","Request_Legal_Support__c":false,"Perpetual_Pricing_Discount_Approval__c":false,"LastModifiedById":"005WC00000MgTN2YAN","Displaced_ARR_Approval__c":false}|0x30918162
19:56:16.9 (864582643)|VARIABLE_SCOPE_BEGIN|[241]|source|Quote|true|false
19:56:16.9 (864698678)|VARIABLE_ASSIGNMENT|[241]|source|{"Net_Terms__c":"Net_30","ShippingStateCode":"MN","BillingCity":"Eden Prairie","Bill_To_Place__c":"a0lWC000004nA5ZYAU","BillingCountryCode":"US","QuoteToCountry":"United States","ContactId":"003WC00000x4jCfYAI","PartnerAccountId":"001WC00000ZtazZYAR","Billing_Partner__c":"001WC00000ZtazZYAR","SalesTransactionTypeId":"1ChWC0000002eJ70AI","OpportunityId":"006WC00000QuJ4DYAV","LegalEntityId":"0fwWC000000034LYAQ","Partner_Pricing_Model__c":"Discount","Language__c":"English","ShippingCountry":"United States","BillingPostalCode":"55344","ShippingCity":"Eden Prairie","Ship_To_Place__c":"a0lWC000004nA5ZYAU","BillToContactId":"003WC00000x4jCfYAI","CurrencyIsoCode":"USD","ShippingStreet":"11095 Viking Drive","ShippingCountryCode":"US","Payment_Portal__c":"Fortra (default)","BillingCountry":"United States","BillingStreet":"11095 Viking Drive","BillingStateCode":"MN","ShippingPostalCode":"55344","QuoteToCountryCode":"US","Deal_Type__c":"Fortra Originated","ShippingState":"Minnesota","Id":"0Q0WC0000037yTx0AI","BillingState":"Minnesota"}|0x78625d60
19:56:16.9 (864706610)|VARIABLE_SCOPE_BEGIN|[241]|fieldName|String|false|false
19:56:16.9 (864712514)|VARIABLE_ASSIGNMENT|[241]|fieldName|"Partner_Place__c"
19:56:16.9 (864722986)|HEAP_ALLOCATE|[242]|Bytes:5
19:56:16.9 (864727676)|STATEMENT_EXECUTE|[241]
19:56:16.9 (864741465)|SYSTEM_METHOD_ENTRY|[242]|SObject.get(String)
19:56:16.9 (864765580)|SYSTEM_METHOD_EXIT|[242]|SObject.get(String)
19:56:16.9 (864768532)|STATEMENT_EXECUTE|[242]
19:56:16.9 (864769710)|STATEMENT_EXECUTE|[245]
19:56:16.9 (864773325)|SYSTEM_METHOD_ENTRY|[245]|SObject.get(String)
19:56:16.9 (864783588)|SYSTEM_METHOD_EXIT|[245]|SObject.get(String)
19:56:16.9 (864788320)|VARIABLE_SCOPE_BEGIN|[245]|sourceValue|Object|false|false
19:56:16.9 (864794741)|VARIABLE_ASSIGNMENT|[245]|sourceValue|null
19:56:16.9 (864797176)|STATEMENT_EXECUTE|[246]
19:56:16.9 (864803545)|METHOD_EXIT|[206]|01pWC000002WbCz|RenewalQuoteHeaderHandler.copyIdIfBlank(Quote, Quote, String)
19:56:16.9 (864806924)|STATEMENT_EXECUTE|[207]
19:56:16.9 (864811100)|METHOD_ENTRY|[207]|01pWC000002WbCz|RenewalQuoteHeaderHandler.copyIdIfBlank(Quote, Quote, String)
19:56:16.9 (864813783)|VARIABLE_SCOPE_BEGIN|[241]|target|Quote|true|false
19:56:16.9 (865526093)|VARIABLE_ASSIGNMENT|[241]|target|{"LastModifiedDate":"2026-06-14T02:56:16.000Z","Quote_Type__c":"Renewal","Bill_To_Place__c":"a0lWC000004nA5ZYAU","Export_Compliance_Status__c":"Pending","Net_Terms_Approval__c":false,"Exchange_Rate_To_USD__c":1.0000000000,"Export_Review_Required__c":false,"Within_Renewal_Window__c":false,"IsPrimary__c":false,"Credit_Renewal_Approval__c":false,"Days_Until_Renewal__c":362,"Renewal_Contract__c":"800WC00000SB0FtYAL","QuoteAccountId":"001WC00000kZKNxYAO","Pro_Ration_Method__c":"Monthly","Renewal_ARR_Approval__c":false,"Status":"Draft","Show_Hide_Discounts__c":"Show","IsDeleted":false,"Subtotal":67.38,"Force_New_Contract__c":false,"Net_Contract_Change__c":0.00,"Signed_Quote_Approval__c":false,"Terms_and_Conditions__c":false,"Payment_Portal__c":"Fortra (default)","Original_Contract_ARR__c":0.00,"BillingStateCode":"MN","GrandTotal":67.38,"ShippingPostalCode":"55344","ShippingState":"Minnesota","Mycap__c":false,"Deal_Type__c":"Fortra Originated","Id":"0Q0WC00000382MH0AY","Subscription_Pricing_Discount_Approval__c":false,"Net_Terms__c":"Net_30","Discount":0.00,"Services_Discount_Approval__c":false,"Total_Contract_Value_TCV__c":67.38,"LineItemCount":2,"OwnerId":"005WC00000DZ6xVYAT","OpportunityId":"006WC00000QuJ4DYAV","LegalEntityId":"0fwWC000000034LYAQ","Language__c":"English","ShippingCity":"Eden Prairie","GSW__c":false,"Manually_Sent__c":false,"CalculationStatus":"PriceCalculationFail (2 more) ...","Corporate_Currency_Amount__c":67.38,"Annual_Contract_Value_ACV__c":67.38,"Max_Discount_on_QLIs__c":0.00,"Quote_Displaced_ARR__c":0.00,"OriginalActionType":"Renew","Ship_To_Place__c":"a0lWC000004nA5ZYAU","Show_Hide_Product_Number__c":"Show","SystemModstamp":"2026-06-14T02:56:16.000Z","Create_Order_from_Quote__c":false,"BillingCountry":"United States","Manual_Discount__c":0.00,"QuoteToCountryCode":"US","TotalPrice":67.38,"AdditionalCountryCode":"US","Legal_Support_Approval__c":false,"AccountId":"001WC00000kZKNxYAO","ShippingStateCode":"MN","BillingCity":"Eden Prairie","QuoteToCountry":"United States","Total_Discount_Amount__c":0.00,"MYCAP_Approval__c":false,"Name":"Renewal Quote","License_Extension_Approval__c":false,"StartDate":"2026-06-11T00:00:00.000Z","CreatedById":"005WC00000DZ6xVYAT","Auto_Renewal__c":false,"Channel_MSP_Pricing_Discount_Approval__c":false,"BillingPostalCode":"55344","Annualized_License_Equivalent_Base__c":67.38,"Show_Hide_Free_Products__c":"Show","Maintenance_Max_Discount__c":0.00,"Total_Displaced_ARR__c":0.00,"CurrencyIsoCode":"USD","LegacyRenewalQuote__c":false,"Credit_Renewal_ARR__c":false,"ShippingStreet":"11095 Viking Drive","Annuial_Revenue_Base__c":67.38,"AdditionalCountry":"United States","Total_Quote_Line_ARR__c":0.00,"CreatedDate":"2026-06-11T21:14:56.000Z","Pricebook2Id":"01sWC0000022GHFYA2","IsSyncing":false,"Renewal_Cancellation_Approval__c":false,"BillingState":"Minnesota","TransactionType":"Fortra_Advanced_Pric (3 more) ...","Discount_Renewal_ARR__c":false,"Contains_Offensive_Security__c":false,"BillingCountryCode":"US","Temp_License_Key_Extension__c":false,"Disable_Export_Control__c":false,"ContactId":"003WC00000x4jCfYAI","PartnerAccountId":"001WC00000ZtazZYAR","Export_License_Required__c":false,"Billing_Partner__c":"001WC00000ZtazZYAR","SalesTransactionTypeId":"1ChWC0000002eJ70AI","Maintenance_Discount_Approval__c":false,"Partner_Pricing_Model__c":"Discount","ShippingCountry":"United States","LineGroupCount":0,"Approval_Status__c":"None","Unsigned_Quote_Approval__c":false,"ContractId":"800WC00000SB0FtYAL","BillToContactId":"003WC00000x4jCfYAI","QuoteTypeText__c":"Renewal","Approval_Rejected_Checkbox__c":false,"ShippingCountryCode":"US","QuoteNumber":"00781084","CanCreateQuoteLineItems":false,"ALE__c":67.38,"BillingStreet":"11095 Viking Drive","Request_Legal_Support__c":false,"Perpetual_Pricing_Discount_Approval__c":false,"LastModifiedById":"005WC00000MgTN2YAN","Displaced_ARR_Approval__c":false}|0x30918162
19:56:16.9 (865552642)|VARIABLE_SCOPE_BEGIN|[241]|source|Quote|true|false
19:56:16.9 (865666814)|VARIABLE_ASSIGNMENT|[241]|source|{"Net_Terms__c":"Net_30","ShippingStateCode":"MN","BillingCity":"Eden Prairie","Bill_To_Place__c":"a0lWC000004nA5ZYAU","BillingCountryCode":"US","QuoteToCountry":"United States","ContactId":"003WC00000x4jCfYAI","PartnerAccountId":"001WC00000ZtazZYAR","Billing_Partner__c":"001WC00000ZtazZYAR","SalesTransactionTypeId":"1ChWC0000002eJ70AI","OpportunityId":"006WC00000QuJ4DYAV","LegalEntityId":"0fwWC000000034LYAQ","Partner_Pricing_Model__c":"Discount","Language__c":"English","ShippingCountry":"United States","BillingPostalCode":"55344","ShippingCity":"Eden Prairie","Ship_To_Place__c":"a0lWC000004nA5ZYAU","BillToContactId":"003WC00000x4jCfYAI","CurrencyIsoCode":"USD","ShippingStreet":"11095 Viking Drive","ShippingCountryCode":"US","Payment_Portal__c":"Fortra (default)","BillingCountry":"United States","BillingStreet":"11095 Viking Drive","BillingStateCode":"MN","ShippingPostalCode":"55344","QuoteToCountryCode":"US","Deal_Type__c":"Fortra Originated","ShippingState":"Minnesota","Id":"0Q0WC0000037yTx0AI","BillingState":"Minnesota"}|0x78625d60
19:56:16.9 (865674798)|VARIABLE_SCOPE_BEGIN|[241]|fieldName|String|false|false
19:56:16.9 (865681019)|VARIABLE_ASSIGNMENT|[241]|fieldName|"Billing_Partner__c"
19:56:16.9 (865690828)|HEAP_ALLOCATE|[242]|Bytes:5
19:56:16.9 (865694829)|STATEMENT_EXECUTE|[241]
19:56:16.9 (865708220)|SYSTEM_METHOD_ENTRY|[242]|SObject.get(String)
19:56:16.9 (865727868)|HEAP_ALLOCATE|[242]|Bytes:4
19:56:16.9 (865737841)|SYSTEM_METHOD_EXIT|[242]|SObject.get(String)
19:56:16.9 (865741481)|STATEMENT_EXECUTE|[242]
19:56:16.9 (865742928)|STATEMENT_EXECUTE|[243]
19:56:16.9 (865751044)|METHOD_EXIT|[207]|01pWC000002WbCz|RenewalQuoteHeaderHandler.copyIdIfBlank(Quote, Quote, String)
19:56:16.9 (865754892)|STATEMENT_EXECUTE|[208]
19:56:16.9 (865760715)|METHOD_ENTRY|[208]|01pWC000002WbCz|RenewalQuoteHeaderHandler.copyIdIfBlank(Quote, Quote, String)
19:56:16.9 (865765423)|VARIABLE_SCOPE_BEGIN|[241]|target|Quote|true|false
19:56:16.9 (866654545)|VARIABLE_ASSIGNMENT|[241]|target|{"LastModifiedDate":"2026-06-14T02:56:16.000Z","Quote_Type__c":"Renewal","Bill_To_Place__c":"a0lWC000004nA5ZYAU","Export_Compliance_Status__c":"Pending","Net_Terms_Approval__c":false,"Exchange_Rate_To_USD__c":1.0000000000,"Export_Review_Required__c":false,"Within_Renewal_Window__c":false,"IsPrimary__c":false,"Credit_Renewal_Approval__c":false,"Days_Until_Renewal__c":362,"Renewal_Contract__c":"800WC00000SB0FtYAL","QuoteAccountId":"001WC00000kZKNxYAO","Pro_Ration_Method__c":"Monthly","Renewal_ARR_Approval__c":false,"Status":"Draft","Show_Hide_Discounts__c":"Show","IsDeleted":false,"Subtotal":67.38,"Force_New_Contract__c":false,"Net_Contract_Change__c":0.00,"Signed_Quote_Approval__c":false,"Terms_and_Conditions__c":false,"Payment_Portal__c":"Fortra (default)","Original_Contract_ARR__c":0.00,"BillingStateCode":"MN","GrandTotal":67.38,"ShippingPostalCode":"55344","ShippingState":"Minnesota","Mycap__c":false,"Deal_Type__c":"Fortra Originated","Id":"0Q0WC00000382MH0AY","Subscription_Pricing_Discount_Approval__c":false,"Net_Terms__c":"Net_30","Discount":0.00,"Services_Discount_Approval__c":false,"Total_Contract_Value_TCV__c":67.38,"LineItemCount":2,"OwnerId":"005WC00000DZ6xVYAT","OpportunityId":"006WC00000QuJ4DYAV","LegalEntityId":"0fwWC000000034LYAQ","Language__c":"English","ShippingCity":"Eden Prairie","GSW__c":false,"Manually_Sent__c":false,"CalculationStatus":"PriceCalculationFail (2 more) ...","Corporate_Currency_Amount__c":67.38,"Annual_Contract_Value_ACV__c":67.38,"Max_Discount_on_QLIs__c":0.00,"Quote_Displaced_ARR__c":0.00,"OriginalActionType":"Renew","Ship_To_Place__c":"a0lWC000004nA5ZYAU","Show_Hide_Product_Number__c":"Show","SystemModstamp":"2026-06-14T02:56:16.000Z","Create_Order_from_Quote__c":false,"BillingCountry":"United States","Manual_Discount__c":0.00,"QuoteToCountryCode":"US","TotalPrice":67.38,"AdditionalCountryCode":"US","Legal_Support_Approval__c":false,"AccountId":"001WC00000kZKNxYAO","ShippingStateCode":"MN","BillingCity":"Eden Prairie","QuoteToCountry":"United States","Total_Discount_Amount__c":0.00,"MYCAP_Approval__c":false,"Name":"Renewal Quote","License_Extension_Approval__c":false,"StartDate":"2026-06-11T00:00:00.000Z","CreatedById":"005WC00000DZ6xVYAT","Auto_Renewal__c":false,"Channel_MSP_Pricing_Discount_Approval__c":false,"BillingPostalCode":"55344","Annualized_License_Equivalent_Base__c":67.38,"Show_Hide_Free_Products__c":"Show","Maintenance_Max_Discount__c":0.00,"Total_Displaced_ARR__c":0.00,"CurrencyIsoCode":"USD","LegacyRenewalQuote__c":false,"Credit_Renewal_ARR__c":false,"ShippingStreet":"11095 Viking Drive","Annuial_Revenue_Base__c":67.38,"AdditionalCountry":"United States","Total_Quote_Line_ARR__c":0.00,"CreatedDate":"2026-06-11T21:14:56.000Z","Pricebook2Id":"01sWC0000022GHFYA2","IsSyncing":false,"Renewal_Cancellation_Approval__c":false,"BillingState":"Minnesota","TransactionType":"Fortra_Advanced_Pric (3 more) ...","Discount_Renewal_ARR__c":false,"Contains_Offensive_Security__c":false,"BillingCountryCode":"US","Temp_License_Key_Extension__c":false,"Disable_Export_Control__c":false,"ContactId":"003WC00000x4jCfYAI","PartnerAccountId":"001WC00000ZtazZYAR","Export_License_Required__c":false,"Billing_Partner__c":"001WC00000ZtazZYAR","SalesTransactionTypeId":"1ChWC0000002eJ70AI","Maintenance_Discount_Approval__c":false,"Partner_Pricing_Model__c":"Discount","ShippingCountry":"United States","LineGroupCount":0,"Approval_Status__c":"None","Unsigned_Quote_Approval__c":false,"ContractId":"800WC00000SB0FtYAL","BillToContactId":"003WC00000x4jCfYAI","QuoteTypeText__c":"Renewal","Approval_Rejected_Checkbox__c":false,"ShippingCountryCode":"US","QuoteNumber":"00781084","CanCreateQuoteLineItems":false,"ALE__c":67.38,"BillingStreet":"11095 Viking Drive","Request_Legal_Support__c":false,"Perpetual_Pricing_Discount_Approval__c":false,"LastModifiedById":"005WC00000MgTN2YAN","Displaced_ARR_Approval__c":false}|0x30918162
19:56:16.9 (866686790)|VARIABLE_SCOPE_BEGIN|[241]|source|Quote|true|false
19:56:16.9 (866815008)|VARIABLE_ASSIGNMENT|[241]|source|{"Net_Terms__c":"Net_30","ShippingStateCode":"MN","BillingCity":"Eden Prairie","Bill_To_Place__c":"a0lWC000004nA5ZYAU","BillingCountryCode":"US","QuoteToCountry":"United States","ContactId":"003WC00000x4jCfYAI","PartnerAccountId":"001WC00000ZtazZYAR","Billing_Partner__c":"001WC00000ZtazZYAR","SalesTransactionTypeId":"1ChWC0000002eJ70AI","OpportunityId":"006WC00000QuJ4DYAV","LegalEntityId":"0fwWC000000034LYAQ","Partner_Pricing_Model__c":"Discount","Language__c":"English","ShippingCountry":"United States","BillingPostalCode":"55344","ShippingCity":"Eden Prairie","Ship_To_Place__c":"a0lWC000004nA5ZYAU","BillToContactId":"003WC00000x4jCfYAI","CurrencyIsoCode":"USD","ShippingStreet":"11095 Viking Drive","ShippingCountryCode":"US","Payment_Portal__c":"Fortra (default)","BillingCountry":"United States","BillingStreet":"11095 Viking Drive","BillingStateCode":"MN","ShippingPostalCode":"55344","QuoteToCountryCode":"US","Deal_Type__c":"Fortra Originated","ShippingState":"Minnesota","Id":"0Q0WC0000037yTx0AI","BillingState":"Minnesota"}|0x78625d60
19:56:16.9 (866823360)|VARIABLE_SCOPE_BEGIN|[241]|fieldName|String|false|false
19:56:16.9 (866829962)|VARIABLE_ASSIGNMENT|[241]|fieldName|"PartnerAccountId"
19:56:16.9 (866840958)|HEAP_ALLOCATE|[242]|Bytes:5
19:56:16.9 (866846390)|STATEMENT_EXECUTE|[241]
19:56:16.9 (866865087)|SYSTEM_METHOD_ENTRY|[242]|SObject.get(String)
19:56:16.9 (866886147)|HEAP_ALLOCATE|[242]|Bytes:4
19:56:16.9 (866894040)|SYSTEM_METHOD_EXIT|[242]|SObject.get(String)
19:56:16.9 (866896672)|STATEMENT_EXECUTE|[242]
19:56:16.9 (866897691)|STATEMENT_EXECUTE|[243]
19:56:16.9 (866905199)|METHOD_EXIT|[208]|01pWC000002WbCz|RenewalQuoteHeaderHandler.copyIdIfBlank(Quote, Quote, String)
19:56:16.9 (866908484)|STATEMENT_EXECUTE|[209]
19:56:16.9 (866914740)|METHOD_ENTRY|[209]|01pWC000002WbCz|RenewalQuoteHeaderHandler.copyStringIfBlank(Quote, Quote, String)
19:56:16.9 (866918428)|VARIABLE_SCOPE_BEGIN|[251]|target|Quote|true|false
19:56:16.9 (867747980)|VARIABLE_ASSIGNMENT|[251]|target|{"LastModifiedDate":"2026-06-14T02:56:16.000Z","Quote_Type__c":"Renewal","Bill_To_Place__c":"a0lWC000004nA5ZYAU","Export_Compliance_Status__c":"Pending","Net_Terms_Approval__c":false,"Exchange_Rate_To_USD__c":1.0000000000,"Export_Review_Required__c":false,"Within_Renewal_Window__c":false,"IsPrimary__c":false,"Credit_Renewal_Approval__c":false,"Days_Until_Renewal__c":362,"Renewal_Contract__c":"800WC00000SB0FtYAL","QuoteAccountId":"001WC00000kZKNxYAO","Pro_Ration_Method__c":"Monthly","Renewal_ARR_Approval__c":false,"Status":"Draft","Show_Hide_Discounts__c":"Show","IsDeleted":false,"Subtotal":67.38,"Force_New_Contract__c":false,"Net_Contract_Change__c":0.00,"Signed_Quote_Approval__c":false,"Terms_and_Conditions__c":false,"Payment_Portal__c":"Fortra (default)","Original_Contract_ARR__c":0.00,"BillingStateCode":"MN","GrandTotal":67.38,"ShippingPostalCode":"55344","ShippingState":"Minnesota","Mycap__c":false,"Deal_Type__c":"Fortra Originated","Id":"0Q0WC00000382MH0AY","Subscription_Pricing_Discount_Approval__c":false,"Net_Terms__c":"Net_30","Discount":0.00,"Services_Discount_Approval__c":false,"Total_Contract_Value_TCV__c":67.38,"LineItemCount":2,"OwnerId":"005WC00000DZ6xVYAT","OpportunityId":"006WC00000QuJ4DYAV","LegalEntityId":"0fwWC000000034LYAQ","Language__c":"English","ShippingCity":"Eden Prairie","GSW__c":false,"Manually_Sent__c":false,"CalculationStatus":"PriceCalculationFail (2 more) ...","Corporate_Currency_Amount__c":67.38,"Annual_Contract_Value_ACV__c":67.38,"Max_Discount_on_QLIs__c":0.00,"Quote_Displaced_ARR__c":0.00,"OriginalActionType":"Renew","Ship_To_Place__c":"a0lWC000004nA5ZYAU","Show_Hide_Product_Number__c":"Show","SystemModstamp":"2026-06-14T02:56:16.000Z","Create_Order_from_Quote__c":false,"BillingCountry":"United States","Manual_Discount__c":0.00,"QuoteToCountryCode":"US","TotalPrice":67.38,"AdditionalCountryCode":"US","Legal_Support_Approval__c":false,"AccountId":"001WC00000kZKNxYAO","ShippingStateCode":"MN","BillingCity":"Eden Prairie","QuoteToCountry":"United States","Total_Discount_Amount__c":0.00,"MYCAP_Approval__c":false,"Name":"Renewal Quote","License_Extension_Approval__c":false,"StartDate":"2026-06-11T00:00:00.000Z","CreatedById":"005WC00000DZ6xVYAT","Auto_Renewal__c":false,"Channel_MSP_Pricing_Discount_Approval__c":false,"BillingPostalCode":"55344","Annualized_License_Equivalent_Base__c":67.38,"Show_Hide_Free_Products__c":"Show","Maintenance_Max_Discount__c":0.00,"Total_Displaced_ARR__c":0.00,"CurrencyIsoCode":"USD","LegacyRenewalQuote__c":false,"Credit_Renewal_ARR__c":false,"ShippingStreet":"11095 Viking Drive","Annuial_Revenue_Base__c":67.38,"AdditionalCountry":"United States","Total_Quote_Line_ARR__c":0.00,"CreatedDate":"2026-06-11T21:14:56.000Z","Pricebook2Id":"01sWC0000022GHFYA2","IsSyncing":false,"Renewal_Cancellation_Approval__c":false,"BillingState":"Minnesota","TransactionType":"Fortra_Advanced_Pric (3 more) ...","Discount_Renewal_ARR__c":false,"Contains_Offensive_Security__c":false,"BillingCountryCode":"US","Temp_License_Key_Extension__c":false,"Disable_Export_Control__c":false,"ContactId":"003WC00000x4jCfYAI","PartnerAccountId":"001WC00000ZtazZYAR","Export_License_Required__c":false,"Billing_Partner__c":"001WC00000ZtazZYAR","SalesTransactionTypeId":"1ChWC0000002eJ70AI","Maintenance_Discount_Approval__c":false,"Partner_Pricing_Model__c":"Discount","ShippingCountry":"United States","LineGroupCount":0,"Approval_Status__c":"None","Unsigned_Quote_Approval__c":false,"ContractId":"800WC00000SB0FtYAL","BillToContactId":"003WC00000x4jCfYAI","QuoteTypeText__c":"Renewal","Approval_Rejected_Checkbox__c":false,"ShippingCountryCode":"US","QuoteNumber":"00781084","CanCreateQuoteLineItems":false,"ALE__c":67.38,"BillingStreet":"11095 Viking Drive","Request_Legal_Support__c":false,"Perpetual_Pricing_Discount_Approval__c":false,"LastModifiedById":"005WC00000MgTN2YAN","Displaced_ARR_Approval__c":false}|0x30918162
19:56:16.9 (867778487)|VARIABLE_SCOPE_BEGIN|[251]|source|Quote|true|false
19:56:16.9 (867899906)|VARIABLE_ASSIGNMENT|[251]|source|{"Net_Terms__c":"Net_30","ShippingStateCode":"MN","BillingCity":"Eden Prairie","Bill_To_Place__c":"a0lWC000004nA5ZYAU","BillingCountryCode":"US","QuoteToCountry":"United States","ContactId":"003WC00000x4jCfYAI","PartnerAccountId":"001WC00000ZtazZYAR","Billing_Partner__c":"001WC00000ZtazZYAR","SalesTransactionTypeId":"1ChWC0000002eJ70AI","OpportunityId":"006WC00000QuJ4DYAV","LegalEntityId":"0fwWC000000034LYAQ","Partner_Pricing_Model__c":"Discount","Language__c":"English","ShippingCountry":"United States","BillingPostalCode":"55344","ShippingCity":"Eden Prairie","Ship_To_Place__c":"a0lWC000004nA5ZYAU","BillToContactId":"003WC00000x4jCfYAI","CurrencyIsoCode":"USD","ShippingStreet":"11095 Viking Drive","ShippingCountryCode":"US","Payment_Portal__c":"Fortra (default)","BillingCountry":"United States","BillingStreet":"11095 Viking Drive","BillingStateCode":"MN","ShippingPostalCode":"55344","QuoteToCountryCode":"US","Deal_Type__c":"Fortra Originated","ShippingState":"Minnesota","Id":"0Q0WC0000037yTx0AI","BillingState":"Minnesota"}|0x78625d60
19:56:16.9 (867909012)|VARIABLE_SCOPE_BEGIN|[251]|fieldName|String|false|false
19:56:16.9 (867915926)|VARIABLE_ASSIGNMENT|[251]|fieldName|"Partner_Pricing_Mode (4 more) ..."
19:56:16.9 (867926907)|HEAP_ALLOCATE|[252]|Bytes:5
19:56:16.9 (867932518)|STATEMENT_EXECUTE|[251]
19:56:16.9 (867950026)|SYSTEM_METHOD_ENTRY|[252]|SObject.get(String)
19:56:16.9 (867967187)|HEAP_ALLOCATE|[252]|Bytes:8
19:56:16.9 (868011623)|SYSTEM_METHOD_EXIT|[252]|SObject.get(String)
19:56:16.9 (868024291)|SYSTEM_METHOD_ENTRY|[252]|String.isNotBlank(String)
19:56:16.9 (868032453)|SYSTEM_METHOD_EXIT|[252]|String.isNotBlank(String)
19:56:16.9 (868036471)|STATEMENT_EXECUTE|[252]
19:56:16.9 (868037786)|STATEMENT_EXECUTE|[253]
19:56:16.9 (868046460)|METHOD_EXIT|[209]|01pWC000002WbCz|RenewalQuoteHeaderHandler.copyStringIfBlank(Quote, Quote, String)
19:56:16.9 (868049702)|STATEMENT_EXECUTE|[210]
19:56:16.9 (868054195)|METHOD_ENTRY|[210]|01pWC000002WbCz|RenewalQuoteHeaderHandler.copyStringIfBlank(Quote, Quote, String)
19:56:16.9 (868057719)|VARIABLE_SCOPE_BEGIN|[251]|target|Quote|true|false
19:56:16.9 (868796470)|VARIABLE_ASSIGNMENT|[251]|target|{"LastModifiedDate":"2026-06-14T02:56:16.000Z","Quote_Type__c":"Renewal","Bill_To_Place__c":"a0lWC000004nA5ZYAU","Export_Compliance_Status__c":"Pending","Net_Terms_Approval__c":false,"Exchange_Rate_To_USD__c":1.0000000000,"Export_Review_Required__c":false,"Within_Renewal_Window__c":false,"IsPrimary__c":false,"Credit_Renewal_Approval__c":false,"Days_Until_Renewal__c":362,"Renewal_Contract__c":"800WC00000SB0FtYAL","QuoteAccountId":"001WC00000kZKNxYAO","Pro_Ration_Method__c":"Monthly","Renewal_ARR_Approval__c":false,"Status":"Draft","Show_Hide_Discounts__c":"Show","IsDeleted":false,"Subtotal":67.38,"Force_New_Contract__c":false,"Net_Contract_Change__c":0.00,"Signed_Quote_Approval__c":false,"Terms_and_Conditions__c":false,"Payment_Portal__c":"Fortra (default)","Original_Contract_ARR__c":0.00,"BillingStateCode":"MN","GrandTotal":67.38,"ShippingPostalCode":"55344","ShippingState":"Minnesota","Mycap__c":false,"Deal_Type__c":"Fortra Originated","Id":"0Q0WC00000382MH0AY","Subscription_Pricing_Discount_Approval__c":false,"Net_Terms__c":"Net_30","Discount":0.00,"Services_Discount_Approval__c":false,"Total_Contract_Value_TCV__c":67.38,"LineItemCount":2,"OwnerId":"005WC00000DZ6xVYAT","OpportunityId":"006WC00000QuJ4DYAV","LegalEntityId":"0fwWC000000034LYAQ","Language__c":"English","ShippingCity":"Eden Prairie","GSW__c":false,"Manually_Sent__c":false,"CalculationStatus":"PriceCalculationFail (2 more) ...","Corporate_Currency_Amount__c":67.38,"Annual_Contract_Value_ACV__c":67.38,"Max_Discount_on_QLIs__c":0.00,"Quote_Displaced_ARR__c":0.00,"OriginalActionType":"Renew","Ship_To_Place__c":"a0lWC000004nA5ZYAU","Show_Hide_Product_Number__c":"Show","SystemModstamp":"2026-06-14T02:56:16.000Z","Create_Order_from_Quote__c":false,"BillingCountry":"United States","Manual_Discount__c":0.00,"QuoteToCountryCode":"US","TotalPrice":67.38,"AdditionalCountryCode":"US","Legal_Support_Approval__c":false,"AccountId":"001WC00000kZKNxYAO","ShippingStateCode":"MN","BillingCity":"Eden Prairie","QuoteToCountry":"United States","Total_Discount_Amount__c":0.00,"MYCAP_Approval__c":false,"Name":"Renewal Quote","License_Extension_Approval__c":false,"StartDate":"2026-06-11T00:00:00.000Z","CreatedById":"005WC00000DZ6xVYAT","Auto_Renewal__c":false,"Channel_MSP_Pricing_Discount_Approval__c":false,"BillingPostalCode":"55344","Annualized_License_Equivalent_Base__c":67.38,"Show_Hide_Free_Products__c":"Show","Maintenance_Max_Discount__c":0.00,"Total_Displaced_ARR__c":0.00,"CurrencyIsoCode":"USD","LegacyRenewalQuote__c":false,"Credit_Renewal_ARR__c":false,"ShippingStreet":"11095 Viking Drive","Annuial_Revenue_Base__c":67.38,"AdditionalCountry":"United States","Total_Quote_Line_ARR__c":0.00,"CreatedDate":"2026-06-11T21:14:56.000Z","Pricebook2Id":"01sWC0000022GHFYA2","IsSyncing":false,"Renewal_Cancellation_Approval__c":false,"BillingState":"Minnesota","TransactionType":"Fortra_Advanced_Pric (3 more) ...","Discount_Renewal_ARR__c":false,"Contains_Offensive_Security__c":false,"BillingCountryCode":"US","Temp_License_Key_Extension__c":false,"Disable_Export_Control__c":false,"ContactId":"003WC00000x4jCfYAI","PartnerAccountId":"001WC00000ZtazZYAR","Export_License_Required__c":false,"Billing_Partner__c":"001WC00000ZtazZYAR","SalesTransactionTypeId":"1ChWC0000002eJ70AI","Maintenance_Discount_Approval__c":false,"Partner_Pricing_Model__c":"Discount","ShippingCountry":"United States","LineGroupCount":0,"Approval_Status__c":"None","Unsigned_Quote_Approval__c":false,"ContractId":"800WC00000SB0FtYAL","BillToContactId":"003WC00000x4jCfYAI","QuoteTypeText__c":"Renewal","Approval_Rejected_Checkbox__c":false,"ShippingCountryCode":"US","QuoteNumber":"00781084","CanCreateQuoteLineItems":false,"ALE__c":67.38,"BillingStreet":"11095 Viking Drive","Request_Legal_Support__c":false,"Perpetual_Pricing_Discount_Approval__c":false,"LastModifiedById":"005WC00000MgTN2YAN","Displaced_ARR_Approval__c":false}|0x30918162
19:56:16.9 (868823477)|VARIABLE_SCOPE_BEGIN|[251]|source|Quote|true|false
19:56:16.9 (868953453)|VARIABLE_ASSIGNMENT|[251]|source|{"Net_Terms__c":"Net_30","ShippingStateCode":"MN","BillingCity":"Eden Prairie","Bill_To_Place__c":"a0lWC000004nA5ZYAU","BillingCountryCode":"US","QuoteToCountry":"United States","ContactId":"003WC00000x4jCfYAI","PartnerAccountId":"001WC00000ZtazZYAR","Billing_Partner__c":"001WC00000ZtazZYAR","SalesTransactionTypeId":"1ChWC0000002eJ70AI","OpportunityId":"006WC00000QuJ4DYAV","LegalEntityId":"0fwWC000000034LYAQ","Partner_Pricing_Model__c":"Discount","Language__c":"English","ShippingCountry":"United States","BillingPostalCode":"55344","ShippingCity":"Eden Prairie","Ship_To_Place__c":"a0lWC000004nA5ZYAU","BillToContactId":"003WC00000x4jCfYAI","CurrencyIsoCode":"USD","ShippingStreet":"11095 Viking Drive","ShippingCountryCode":"US","Payment_Portal__c":"Fortra (default)","BillingCountry":"United States","BillingStreet":"11095 Viking Drive","BillingStateCode":"MN","ShippingPostalCode":"55344","QuoteToCountryCode":"US","Deal_Type__c":"Fortra Originated","ShippingState":"Minnesota","Id":"0Q0WC0000037yTx0AI","BillingState":"Minnesota"}|0x78625d60
19:56:16.9 (868962269)|VARIABLE_SCOPE_BEGIN|[251]|fieldName|String|false|false
19:56:16.9 (868968495)|VARIABLE_ASSIGNMENT|[251]|fieldName|"Deal_Type__c"
19:56:16.9 (868977992)|HEAP_ALLOCATE|[252]|Bytes:5
19:56:16.9 (868982449)|STATEMENT_EXECUTE|[251]
19:56:16.9 (868996685)|SYSTEM_METHOD_ENTRY|[252]|SObject.get(String)
19:56:16.9 (869014109)|HEAP_ALLOCATE|[252]|Bytes:17
19:56:16.9 (869021620)|SYSTEM_METHOD_EXIT|[252]|SObject.get(String)
19:56:16.9 (869028611)|SYSTEM_METHOD_ENTRY|[252]|String.isNotBlank(String)
19:56:16.9 (869034517)|SYSTEM_METHOD_EXIT|[252]|String.isNotBlank(String)
19:56:16.9 (869037917)|STATEMENT_EXECUTE|[252]
19:56:16.9 (869039028)|STATEMENT_EXECUTE|[253]
19:56:16.9 (869045753)|METHOD_EXIT|[210]|01pWC000002WbCz|RenewalQuoteHeaderHandler.copyStringIfBlank(Quote, Quote, String)
19:56:16.9 (869048585)|STATEMENT_EXECUTE|[211]
19:56:16.9 (869053519)|METHOD_ENTRY|[211]|01pWC000002WbCz|RenewalQuoteHeaderHandler.copyIdIfBlank(Quote, Quote, String)
19:56:16.9 (869056522)|VARIABLE_SCOPE_BEGIN|[241]|target|Quote|true|false
19:56:16.9 (869760398)|VARIABLE_ASSIGNMENT|[241]|target|{"LastModifiedDate":"2026-06-14T02:56:16.000Z","Quote_Type__c":"Renewal","Bill_To_Place__c":"a0lWC000004nA5ZYAU","Export_Compliance_Status__c":"Pending","Net_Terms_Approval__c":false,"Exchange_Rate_To_USD__c":1.0000000000,"Export_Review_Required__c":false,"Within_Renewal_Window__c":false,"IsPrimary__c":false,"Credit_Renewal_Approval__c":false,"Days_Until_Renewal__c":362,"Renewal_Contract__c":"800WC00000SB0FtYAL","QuoteAccountId":"001WC00000kZKNxYAO","Pro_Ration_Method__c":"Monthly","Renewal_ARR_Approval__c":false,"Status":"Draft","Show_Hide_Discounts__c":"Show","IsDeleted":false,"Subtotal":67.38,"Force_New_Contract__c":false,"Net_Contract_Change__c":0.00,"Signed_Quote_Approval__c":false,"Terms_and_Conditions__c":false,"Payment_Portal__c":"Fortra (default)","Original_Contract_ARR__c":0.00,"BillingStateCode":"MN","GrandTotal":67.38,"ShippingPostalCode":"55344","ShippingState":"Minnesota","Mycap__c":false,"Deal_Type__c":"Fortra Originated","Id":"0Q0WC00000382MH0AY","Subscription_Pricing_Discount_Approval__c":false,"Net_Terms__c":"Net_30","Discount":0.00,"Services_Discount_Approval__c":false,"Total_Contract_Value_TCV__c":67.38,"LineItemCount":2,"OwnerId":"005WC00000DZ6xVYAT","OpportunityId":"006WC00000QuJ4DYAV","LegalEntityId":"0fwWC000000034LYAQ","Language__c":"English","ShippingCity":"Eden Prairie","GSW__c":false,"Manually_Sent__c":false,"CalculationStatus":"PriceCalculationFail (2 more) ...","Corporate_Currency_Amount__c":67.38,"Annual_Contract_Value_ACV__c":67.38,"Max_Discount_on_QLIs__c":0.00,"Quote_Displaced_ARR__c":0.00,"OriginalActionType":"Renew","Ship_To_Place__c":"a0lWC000004nA5ZYAU","Show_Hide_Product_Number__c":"Show","SystemModstamp":"2026-06-14T02:56:16.000Z","Create_Order_from_Quote__c":false,"BillingCountry":"United States","Manual_Discount__c":0.00,"QuoteToCountryCode":"US","TotalPrice":67.38,"AdditionalCountryCode":"US","Legal_Support_Approval__c":false,"AccountId":"001WC00000kZKNxYAO","ShippingStateCode":"MN","BillingCity":"Eden Prairie","QuoteToCountry":"United States","Total_Discount_Amount__c":0.00,"MYCAP_Approval__c":false,"Name":"Renewal Quote","License_Extension_Approval__c":false,"StartDate":"2026-06-11T00:00:00.000Z","CreatedById":"005WC00000DZ6xVYAT","Auto_Renewal__c":false,"Channel_MSP_Pricing_Discount_Approval__c":false,"BillingPostalCode":"55344","Annualized_License_Equivalent_Base__c":67.38,"Show_Hide_Free_Products__c":"Show","Maintenance_Max_Discount__c":0.00,"Total_Displaced_ARR__c":0.00,"CurrencyIsoCode":"USD","LegacyRenewalQuote__c":false,"Credit_Renewal_ARR__c":false,"ShippingStreet":"11095 Viking Drive","Annuial_Revenue_Base__c":67.38,"AdditionalCountry":"United States","Total_Quote_Line_ARR__c":0.00,"CreatedDate":"2026-06-11T21:14:56.000Z","Pricebook2Id":"01sWC0000022GHFYA2","IsSyncing":false,"Renewal_Cancellation_Approval__c":false,"BillingState":"Minnesota","TransactionType":"Fortra_Advanced_Pric (3 more) ...","Discount_Renewal_ARR__c":false,"Contains_Offensive_Security__c":false,"BillingCountryCode":"US","Temp_License_Key_Extension__c":false,"Disable_Export_Control__c":false,"ContactId":"003WC00000x4jCfYAI","PartnerAccountId":"001WC00000ZtazZYAR","Export_License_Required__c":false,"Billing_Partner__c":"001WC00000ZtazZYAR","SalesTransactionTypeId":"1ChWC0000002eJ70AI","Maintenance_Discount_Approval__c":false,"Partner_Pricing_Model__c":"Discount","ShippingCountry":"United States","LineGroupCount":0,"Approval_Status__c":"None","Unsigned_Quote_Approval__c":false,"ContractId":"800WC00000SB0FtYAL","BillToContactId":"003WC00000x4jCfYAI","QuoteTypeText__c":"Renewal","Approval_Rejected_Checkbox__c":false,"ShippingCountryCode":"US","QuoteNumber":"00781084","CanCreateQuoteLineItems":false,"ALE__c":67.38,"BillingStreet":"11095 Viking Drive","Request_Legal_Support__c":false,"Perpetual_Pricing_Discount_Approval__c":false,"LastModifiedById":"005WC00000MgTN2YAN","Displaced_ARR_Approval__c":false}|0x30918162
19:56:16.9 (869787378)|VARIABLE_SCOPE_BEGIN|[241]|source|Quote|true|false
19:56:16.9 (869903367)|VARIABLE_ASSIGNMENT|[241]|source|{"Net_Terms__c":"Net_30","ShippingStateCode":"MN","BillingCity":"Eden Prairie","Bill_To_Place__c":"a0lWC000004nA5ZYAU","BillingCountryCode":"US","QuoteToCountry":"United States","ContactId":"003WC00000x4jCfYAI","PartnerAccountId":"001WC00000ZtazZYAR","Billing_Partner__c":"001WC00000ZtazZYAR","SalesTransactionTypeId":"1ChWC0000002eJ70AI","OpportunityId":"006WC00000QuJ4DYAV","LegalEntityId":"0fwWC000000034LYAQ","Partner_Pricing_Model__c":"Discount","Language__c":"English","ShippingCountry":"United States","BillingPostalCode":"55344","ShippingCity":"Eden Prairie","Ship_To_Place__c":"a0lWC000004nA5ZYAU","BillToContactId":"003WC00000x4jCfYAI","CurrencyIsoCode":"USD","ShippingStreet":"11095 Viking Drive","ShippingCountryCode":"US","Payment_Portal__c":"Fortra (default)","BillingCountry":"United States","BillingStreet":"11095 Viking Drive","BillingStateCode":"MN","ShippingPostalCode":"55344","QuoteToCountryCode":"US","Deal_Type__c":"Fortra Originated","ShippingState":"Minnesota","Id":"0Q0WC0000037yTx0AI","BillingState":"Minnesota"}|0x78625d60
19:56:16.9 (869911657)|VARIABLE_SCOPE_BEGIN|[241]|fieldName|String|false|false
19:56:16.9 (869917459)|VARIABLE_ASSIGNMENT|[241]|fieldName|"Reseller__c"
19:56:16.9 (869926094)|HEAP_ALLOCATE|[242]|Bytes:5
19:56:16.9 (869930136)|STATEMENT_EXECUTE|[241]
19:56:16.9 (869942402)|SYSTEM_METHOD_ENTRY|[242]|SObject.get(String)
19:56:16.9 (869964332)|SYSTEM_METHOD_EXIT|[242]|SObject.get(String)
19:56:16.9 (869967237)|STATEMENT_EXECUTE|[242]
19:56:16.9 (869968312)|STATEMENT_EXECUTE|[245]
19:56:16.9 (869972033)|SYSTEM_METHOD_ENTRY|[245]|SObject.get(String)
19:56:16.9 (869982768)|SYSTEM_METHOD_EXIT|[245]|SObject.get(String)
19:56:16.9 (869988520)|VARIABLE_SCOPE_BEGIN|[245]|sourceValue|Object|false|false
19:56:16.9 (869995281)|VARIABLE_ASSIGNMENT|[245]|sourceValue|null
19:56:16.9 (869997672)|STATEMENT_EXECUTE|[246]
19:56:16.9 (870004181)|METHOD_EXIT|[211]|01pWC000002WbCz|RenewalQuoteHeaderHandler.copyIdIfBlank(Quote, Quote, String)
19:56:16.9 (870007556)|STATEMENT_EXECUTE|[212]
19:56:16.9 (870012156)|METHOD_ENTRY|[212]|01pWC000002WbCz|RenewalQuoteHeaderHandler.copyIdIfBlank(Quote, Quote, String)
19:56:16.9 (870014812)|VARIABLE_SCOPE_BEGIN|[241]|target|Quote|true|false
19:56:16.9 (870843621)|VARIABLE_ASSIGNMENT|[241]|target|{"LastModifiedDate":"2026-06-14T02:56:16.000Z","Quote_Type__c":"Renewal","Bill_To_Place__c":"a0lWC000004nA5ZYAU","Export_Compliance_Status__c":"Pending","Net_Terms_Approval__c":false,"Exchange_Rate_To_USD__c":1.0000000000,"Export_Review_Required__c":false,"Within_Renewal_Window__c":false,"IsPrimary__c":false,"Credit_Renewal_Approval__c":false,"Days_Until_Renewal__c":362,"Renewal_Contract__c":"800WC00000SB0FtYAL","QuoteAccountId":"001WC00000kZKNxYAO","Pro_Ration_Method__c":"Monthly","Renewal_ARR_Approval__c":false,"Status":"Draft","Show_Hide_Discounts__c":"Show","IsDeleted":false,"Subtotal":67.38,"Force_New_Contract__c":false,"Net_Contract_Change__c":0.00,"Signed_Quote_Approval__c":false,"Terms_and_Conditions__c":false,"Payment_Portal__c":"Fortra (default)","Original_Contract_ARR__c":0.00,"BillingStateCode":"MN","GrandTotal":67.38,"ShippingPostalCode":"55344","ShippingState":"Minnesota","Mycap__c":false,"Deal_Type__c":"Fortra Originated","Id":"0Q0WC00000382MH0AY","Subscription_Pricing_Discount_Approval__c":false,"Net_Terms__c":"Net_30","Discount":0.00,"Services_Discount_Approval__c":false,"Total_Contract_Value_TCV__c":67.38,"LineItemCount":2,"OwnerId":"005WC00000DZ6xVYAT","OpportunityId":"006WC00000QuJ4DYAV","LegalEntityId":"0fwWC000000034LYAQ","Language__c":"English","ShippingCity":"Eden Prairie","GSW__c":false,"Manually_Sent__c":false,"CalculationStatus":"PriceCalculationFail (2 more) ...","Corporate_Currency_Amount__c":67.38,"Annual_Contract_Value_ACV__c":67.38,"Max_Discount_on_QLIs__c":0.00,"Quote_Displaced_ARR__c":0.00,"OriginalActionType":"Renew","Ship_To_Place__c":"a0lWC000004nA5ZYAU","Show_Hide_Product_Number__c":"Show","SystemModstamp":"2026-06-14T02:56:16.000Z","Create_Order_from_Quote__c":false,"BillingCountry":"United States","Manual_Discount__c":0.00,"QuoteToCountryCode":"US","TotalPrice":67.38,"AdditionalCountryCode":"US","Legal_Support_Approval__c":false,"AccountId":"001WC00000kZKNxYAO","ShippingStateCode":"MN","BillingCity":"Eden Prairie","QuoteToCountry":"United States","Total_Discount_Amount__c":0.00,"MYCAP_Approval__c":false,"Name":"Renewal Quote","License_Extension_Approval__c":false,"StartDate":"2026-06-11T00:00:00.000Z","CreatedById":"005WC00000DZ6xVYAT","Auto_Renewal__c":false,"Channel_MSP_Pricing_Discount_Approval__c":false,"BillingPostalCode":"55344","Annualized_License_Equivalent_Base__c":67.38,"Show_Hide_Free_Products__c":"Show","Maintenance_Max_Discount__c":0.00,"Total_Displaced_ARR__c":0.00,"CurrencyIsoCode":"USD","LegacyRenewalQuote__c":false,"Credit_Renewal_ARR__c":false,"ShippingStreet":"11095 Viking Drive","Annuial_Revenue_Base__c":67.38,"AdditionalCountry":"United States","Total_Quote_Line_ARR__c":0.00,"CreatedDate":"2026-06-11T21:14:56.000Z","Pricebook2Id":"01sWC0000022GHFYA2","IsSyncing":false,"Renewal_Cancellation_Approval__c":false,"BillingState":"Minnesota","TransactionType":"Fortra_Advanced_Pric (3 more) ...","Discount_Renewal_ARR__c":false,"Contains_Offensive_Security__c":false,"BillingCountryCode":"US","Temp_License_Key_Extension__c":false,"Disable_Export_Control__c":false,"ContactId":"003WC00000x4jCfYAI","PartnerAccountId":"001WC00000ZtazZYAR","Export_License_Required__c":false,"Billing_Partner__c":"001WC00000ZtazZYAR","SalesTransactionTypeId":"1ChWC0000002eJ70AI","Maintenance_Discount_Approval__c":false,"Partner_Pricing_Model__c":"Discount","ShippingCountry":"United States","LineGroupCount":0,"Approval_Status__c":"None","Unsigned_Quote_Approval__c":false,"ContractId":"800WC00000SB0FtYAL","BillToContactId":"003WC00000x4jCfYAI","QuoteTypeText__c":"Renewal","Approval_Rejected_Checkbox__c":false,"ShippingCountryCode":"US","QuoteNumber":"00781084","CanCreateQuoteLineItems":false,"ALE__c":67.38,"BillingStreet":"11095 Viking Drive","Request_Legal_Support__c":false,"Perpetual_Pricing_Discount_Approval__c":false,"LastModifiedById":"005WC00000MgTN2YAN","Displaced_ARR_Approval__c":false}|0x30918162
19:56:16.9 (870870969)|VARIABLE_SCOPE_BEGIN|[241]|source|Quote|true|false
19:56:16.9 (870990333)|VARIABLE_ASSIGNMENT|[241]|source|{"Net_Terms__c":"Net_30","ShippingStateCode":"MN","BillingCity":"Eden Prairie","Bill_To_Place__c":"a0lWC000004nA5ZYAU","BillingCountryCode":"US","QuoteToCountry":"United States","ContactId":"003WC00000x4jCfYAI","PartnerAccountId":"001WC00000ZtazZYAR","Billing_Partner__c":"001WC00000ZtazZYAR","SalesTransactionTypeId":"1ChWC0000002eJ70AI","OpportunityId":"006WC00000QuJ4DYAV","LegalEntityId":"0fwWC000000034LYAQ","Partner_Pricing_Model__c":"Discount","Language__c":"English","ShippingCountry":"United States","BillingPostalCode":"55344","ShippingCity":"Eden Prairie","Ship_To_Place__c":"a0lWC000004nA5ZYAU","BillToContactId":"003WC00000x4jCfYAI","CurrencyIsoCode":"USD","ShippingStreet":"11095 Viking Drive","ShippingCountryCode":"US","Payment_Portal__c":"Fortra (default)","BillingCountry":"United States","BillingStreet":"11095 Viking Drive","BillingStateCode":"MN","ShippingPostalCode":"55344","QuoteToCountryCode":"US","Deal_Type__c":"Fortra Originated","ShippingState":"Minnesota","Id":"0Q0WC0000037yTx0AI","BillingState":"Minnesota"}|0x78625d60
19:56:16.9 (870998477)|VARIABLE_SCOPE_BEGIN|[241]|fieldName|String|false|false
19:56:16.9 (871004982)|VARIABLE_ASSIGNMENT|[241]|fieldName|"Distributor__c"
19:56:16.9 (871015332)|HEAP_ALLOCATE|[242]|Bytes:5
19:56:16.9 (871019753)|STATEMENT_EXECUTE|[241]
19:56:16.9 (871034750)|SYSTEM_METHOD_ENTRY|[242]|SObject.get(String)
19:56:16.9 (871059322)|SYSTEM_METHOD_EXIT|[242]|SObject.get(String)
19:56:16.9 (871062104)|STATEMENT_EXECUTE|[242]
19:56:16.9 (871063212)|STATEMENT_EXECUTE|[245]
19:56:16.9 (871067173)|SYSTEM_METHOD_ENTRY|[245]|SObject.get(String)
19:56:16.9 (871078273)|SYSTEM_METHOD_EXIT|[245]|SObject.get(String)
19:56:16.9 (871083373)|VARIABLE_SCOPE_BEGIN|[245]|sourceValue|Object|false|false
19:56:16.9 (871090280)|VARIABLE_ASSIGNMENT|[245]|sourceValue|null
19:56:16.9 (871092619)|STATEMENT_EXECUTE|[246]
19:56:16.9 (871099357)|METHOD_EXIT|[212]|01pWC000002WbCz|RenewalQuoteHeaderHandler.copyIdIfBlank(Quote, Quote, String)
19:56:16.9 (871102084)|STATEMENT_EXECUTE|[213]
19:56:16.9 (871106239)|METHOD_ENTRY|[213]|01pWC000002WbCz|RenewalQuoteHeaderHandler.copyIdIfBlank(Quote, Quote, String)
19:56:16.9 (871109153)|VARIABLE_SCOPE_BEGIN|[241]|target|Quote|true|false
19:56:16.9 (871969934)|VARIABLE_ASSIGNMENT|[241]|target|{"LastModifiedDate":"2026-06-14T02:56:16.000Z","Quote_Type__c":"Renewal","Bill_To_Place__c":"a0lWC000004nA5ZYAU","Export_Compliance_Status__c":"Pending","Net_Terms_Approval__c":false,"Exchange_Rate_To_USD__c":1.0000000000,"Export_Review_Required__c":false,"Within_Renewal_Window__c":false,"IsPrimary__c":false,"Credit_Renewal_Approval__c":false,"Days_Until_Renewal__c":362,"Renewal_Contract__c":"800WC00000SB0FtYAL","QuoteAccountId":"001WC00000kZKNxYAO","Pro_Ration_Method__c":"Monthly","Renewal_ARR_Approval__c":false,"Status":"Draft","Show_Hide_Discounts__c":"Show","IsDeleted":false,"Subtotal":67.38,"Force_New_Contract__c":false,"Net_Contract_Change__c":0.00,"Signed_Quote_Approval__c":false,"Terms_and_Conditions__c":false,"Payment_Portal__c":"Fortra (default)","Original_Contract_ARR__c":0.00,"BillingStateCode":"MN","GrandTotal":67.38,"ShippingPostalCode":"55344","ShippingState":"Minnesota","Mycap__c":false,"Deal_Type__c":"Fortra Originated","Id":"0Q0WC00000382MH0AY","Subscription_Pricing_Discount_Approval__c":false,"Net_Terms__c":"Net_30","Discount":0.00,"Services_Discount_Approval__c":false,"Total_Contract_Value_TCV__c":67.38,"LineItemCount":2,"OwnerId":"005WC00000DZ6xVYAT","OpportunityId":"006WC00000QuJ4DYAV","LegalEntityId":"0fwWC000000034LYAQ","Language__c":"English","ShippingCity":"Eden Prairie","GSW__c":false,"Manually_Sent__c":false,"CalculationStatus":"PriceCalculationFail (2 more) ...","Corporate_Currency_Amount__c":67.38,"Annual_Contract_Value_ACV__c":67.38,"Max_Discount_on_QLIs__c":0.00,"Quote_Displaced_ARR__c":0.00,"OriginalActionType":"Renew","Ship_To_Place__c":"a0lWC000004nA5ZYAU","Show_Hide_Product_Number__c":"Show","SystemModstamp":"2026-06-14T02:56:16.000Z","Create_Order_from_Quote__c":false,"BillingCountry":"United States","Manual_Discount__c":0.00,"QuoteToCountryCode":"US","TotalPrice":67.38,"AdditionalCountryCode":"US","Legal_Support_Approval__c":false,"AccountId":"001WC00000kZKNxYAO","ShippingStateCode":"MN","BillingCity":"Eden Prairie","QuoteToCountry":"United States","Total_Discount_Amount__c":0.00,"MYCAP_Approval__c":false,"Name":"Renewal Quote","License_Extension_Approval__c":false,"StartDate":"2026-06-11T00:00:00.000Z","CreatedById":"005WC00000DZ6xVYAT","Auto_Renewal__c":false,"Channel_MSP_Pricing_Discount_Approval__c":false,"BillingPostalCode":"55344","Annualized_License_Equivalent_Base__c":67.38,"Show_Hide_Free_Products__c":"Show","Maintenance_Max_Discount__c":0.00,"Total_Displaced_ARR__c":0.00,"CurrencyIsoCode":"USD","LegacyRenewalQuote__c":false,"Credit_Renewal_ARR__c":false,"ShippingStreet":"11095 Viking Drive","Annuial_Revenue_Base__c":67.38,"AdditionalCountry":"United States","Total_Quote_Line_ARR__c":0.00,"CreatedDate":"2026-06-11T21:14:56.000Z","Pricebook2Id":"01sWC0000022GHFYA2","IsSyncing":false,"Renewal_Cancellation_Approval__c":false,"BillingState":"Minnesota","TransactionType":"Fortra_Advanced_Pric (3 more) ...","Discount_Renewal_ARR__c":false,"Contains_Offensive_Security__c":false,"BillingCountryCode":"US","Temp_License_Key_Extension__c":false,"Disable_Export_Control__c":false,"ContactId":"003WC00000x4jCfYAI","PartnerAccountId":"001WC00000ZtazZYAR","Export_License_Required__c":false,"Billing_Partner__c":"001WC00000ZtazZYAR","SalesTransactionTypeId":"1ChWC0000002eJ70AI","Maintenance_Discount_Approval__c":false,"Partner_Pricing_Model__c":"Discount","ShippingCountry":"United States","LineGroupCount":0,"Approval_Status__c":"None","Unsigned_Quote_Approval__c":false,"ContractId":"800WC00000SB0FtYAL","BillToContactId":"003WC00000x4jCfYAI","QuoteTypeText__c":"Renewal","Approval_Rejected_Checkbox__c":false,"ShippingCountryCode":"US","QuoteNumber":"00781084","CanCreateQuoteLineItems":false,"ALE__c":67.38,"BillingStreet":"11095 Viking Drive","Request_Legal_Support__c":false,"Perpetual_Pricing_Discount_Approval__c":false,"LastModifiedById":"005WC00000MgTN2YAN","Displaced_ARR_Approval__c":false}|0x30918162
19:56:16.9 (873708302)|VARIABLE_SCOPE_BEGIN|[241]|source|Quote|true|false
19:56:16.9 (873934363)|VARIABLE_ASSIGNMENT|[241]|source|{"Net_Terms__c":"Net_30","ShippingStateCode":"MN","BillingCity":"Eden Prairie","Bill_To_Place__c":"a0lWC000004nA5ZYAU","BillingCountryCode":"US","QuoteToCountry":"United States","ContactId":"003WC00000x4jCfYAI","PartnerAccountId":"001WC00000ZtazZYAR","Billing_Partner__c":"001WC00000ZtazZYAR","SalesTransactionTypeId":"1ChWC0000002eJ70AI","OpportunityId":"006WC00000QuJ4DYAV","LegalEntityId":"0fwWC000000034LYAQ","Partner_Pricing_Model__c":"Discount","Language__c":"English","ShippingCountry":"United States","BillingPostalCode":"55344","ShippingCity":"Eden Prairie","Ship_To_Place__c":"a0lWC000004nA5ZYAU","BillToContactId":"003WC00000x4jCfYAI","CurrencyIsoCode":"USD","ShippingStreet":"11095 Viking Drive","ShippingCountryCode":"US","Payment_Portal__c":"Fortra (default)","BillingCountry":"United States","BillingStreet":"11095 Viking Drive","BillingStateCode":"MN","ShippingPostalCode":"55344","QuoteToCountryCode":"US","Deal_Type__c":"Fortra Originated","ShippingState":"Minnesota","Id":"0Q0WC0000037yTx0AI","BillingState":"Minnesota"}|0x78625d60
19:56:16.9 (873946404)|VARIABLE_SCOPE_BEGIN|[241]|fieldName|String|false|false
19:56:16.9 (873955528)|VARIABLE_ASSIGNMENT|[241]|fieldName|"Referral_Partner__c"
19:56:16.9 (873970338)|HEAP_ALLOCATE|[242]|Bytes:5
19:56:16.9 (873976271)|STATEMENT_EXECUTE|[241]
19:56:16.9 (874001303)|SYSTEM_METHOD_ENTRY|[242]|SObject.get(String)
19:56:16.9 (874044435)|SYSTEM_METHOD_EXIT|[242]|SObject.get(String)
19:56:16.9 (874047757)|STATEMENT_EXECUTE|[242]
19:56:16.9 (874049096)|STATEMENT_EXECUTE|[245]
19:56:16.9 (874053320)|SYSTEM_METHOD_ENTRY|[245]|SObject.get(String)
19:56:16.9 (874065097)|SYSTEM_METHOD_EXIT|[245]|SObject.get(String)
19:56:16.9 (874071109)|VARIABLE_SCOPE_BEGIN|[245]|sourceValue|Object|false|false
19:56:16.9 (874078496)|VARIABLE_ASSIGNMENT|[245]|sourceValue|null
19:56:16.9 (874081046)|STATEMENT_EXECUTE|[246]
19:56:16.9 (874089258)|METHOD_EXIT|[213]|01pWC000002WbCz|RenewalQuoteHeaderHandler.copyIdIfBlank(Quote, Quote, String)
19:56:16.9 (874092688)|STATEMENT_EXECUTE|[214]
19:56:16.9 (874098267)|METHOD_ENTRY|[214]|01pWC000002WbCz|RenewalQuoteHeaderHandler.copyStringIfBlank(Quote, Quote, String)
19:56:16.9 (874101927)|VARIABLE_SCOPE_BEGIN|[251]|target|Quote|true|false
19:56:16.9 (875025668)|VARIABLE_ASSIGNMENT|[251]|target|{"LastModifiedDate":"2026-06-14T02:56:16.000Z","Quote_Type__c":"Renewal","Bill_To_Place__c":"a0lWC000004nA5ZYAU","Export_Compliance_Status__c":"Pending","Net_Terms_Approval__c":false,"Exchange_Rate_To_USD__c":1.0000000000,"Export_Review_Required__c":false,"Within_Renewal_Window__c":false,"IsPrimary__c":false,"Credit_Renewal_Approval__c":false,"Days_Until_Renewal__c":362,"Renewal_Contract__c":"800WC00000SB0FtYAL","QuoteAccountId":"001WC00000kZKNxYAO","Pro_Ration_Method__c":"Monthly","Renewal_ARR_Approval__c":false,"Status":"Draft","Show_Hide_Discounts__c":"Show","IsDeleted":false,"Subtotal":67.38,"Force_New_Contract__c":false,"Net_Contract_Change__c":0.00,"Signed_Quote_Approval__c":false,"Terms_and_Conditions__c":false,"Payment_Portal__c":"Fortra (default)","Original_Contract_ARR__c":0.00,"BillingStateCode":"MN","GrandTotal":67.38,"ShippingPostalCode":"55344","ShippingState":"Minnesota","Mycap__c":false,"Deal_Type__c":"Fortra Originated","Id":"0Q0WC00000382MH0AY","Subscription_Pricing_Discount_Approval__c":false,"Net_Terms__c":"Net_30","Discount":0.00,"Services_Discount_Approval__c":false,"Total_Contract_Value_TCV__c":67.38,"LineItemCount":2,"OwnerId":"005WC00000DZ6xVYAT","OpportunityId":"006WC00000QuJ4DYAV","LegalEntityId":"0fwWC000000034LYAQ","Language__c":"English","ShippingCity":"Eden Prairie","GSW__c":false,"Manually_Sent__c":false,"CalculationStatus":"PriceCalculationFail (2 more) ...","Corporate_Currency_Amount__c":67.38,"Annual_Contract_Value_ACV__c":67.38,"Max_Discount_on_QLIs__c":0.00,"Quote_Displaced_ARR__c":0.00,"OriginalActionType":"Renew","Ship_To_Place__c":"a0lWC000004nA5ZYAU","Show_Hide_Product_Number__c":"Show","SystemModstamp":"2026-06-14T02:56:16.000Z","Create_Order_from_Quote__c":false,"BillingCountry":"United States","Manual_Discount__c":0.00,"QuoteToCountryCode":"US","TotalPrice":67.38,"AdditionalCountryCode":"US","Legal_Support_Approval__c":false,"AccountId":"001WC00000kZKNxYAO","ShippingStateCode":"MN","BillingCity":"Eden Prairie","QuoteToCountry":"United States","Total_Discount_Amount__c":0.00,"MYCAP_Approval__c":false,"Name":"Renewal Quote","License_Extension_Approval__c":false,"StartDate":"2026-06-11T00:00:00.000Z","CreatedById":"005WC00000DZ6xVYAT","Auto_Renewal__c":false,"Channel_MSP_Pricing_Discount_Approval__c":false,"BillingPostalCode":"55344","Annualized_License_Equivalent_Base__c":67.38,"Show_Hide_Free_Products__c":"Show","Maintenance_Max_Discount__c":0.00,"Total_Displaced_ARR__c":0.00,"CurrencyIsoCode":"USD","LegacyRenewalQuote__c":false,"Credit_Renewal_ARR__c":false,"ShippingStreet":"11095 Viking Drive","Annuial_Revenue_Base__c":67.38,"AdditionalCountry":"United States","Total_Quote_Line_ARR__c":0.00,"CreatedDate":"2026-06-11T21:14:56.000Z","Pricebook2Id":"01sWC0000022GHFYA2","IsSyncing":false,"Renewal_Cancellation_Approval__c":false,"BillingState":"Minnesota","TransactionType":"Fortra_Advanced_Pric (3 more) ...","Discount_Renewal_ARR__c":false,"Contains_Offensive_Security__c":false,"BillingCountryCode":"US","Temp_License_Key_Extension__c":false,"Disable_Export_Control__c":false,"ContactId":"003WC00000x4jCfYAI","PartnerAccountId":"001WC00000ZtazZYAR","Export_License_Required__c":false,"Billing_Partner__c":"001WC00000ZtazZYAR","SalesTransactionTypeId":"1ChWC0000002eJ70AI","Maintenance_Discount_Approval__c":false,"Partner_Pricing_Model__c":"Discount","ShippingCountry":"United States","LineGroupCount":0,"Approval_Status__c":"None","Unsigned_Quote_Approval__c":false,"ContractId":"800WC00000SB0FtYAL","BillToContactId":"003WC00000x4jCfYAI","QuoteTypeText__c":"Renewal","Approval_Rejected_Checkbox__c":false,"ShippingCountryCode":"US","QuoteNumber":"00781084","CanCreateQuoteLineItems":false,"ALE__c":67.38,"BillingStreet":"11095 Viking Drive","Request_Legal_Support__c":false,"Perpetual_Pricing_Discount_Approval__c":false,"LastModifiedById":"005WC00000MgTN2YAN","Displaced_ARR_Approval__c":false}|0x30918162
19:56:16.9 (875079181)|VARIABLE_SCOPE_BEGIN|[251]|source|Quote|true|false
19:56:16.9 (875209628)|VARIABLE_ASSIGNMENT|[251]|source|{"Net_Terms__c":"Net_30","ShippingStateCode":"MN","BillingCity":"Eden Prairie","Bill_To_Place__c":"a0lWC000004nA5ZYAU","BillingCountryCode":"US","QuoteToCountry":"United States","ContactId":"003WC00000x4jCfYAI","PartnerAccountId":"001WC00000ZtazZYAR","Billing_Partner__c":"001WC00000ZtazZYAR","SalesTransactionTypeId":"1ChWC0000002eJ70AI","OpportunityId":"006WC00000QuJ4DYAV","LegalEntityId":"0fwWC000000034LYAQ","Partner_Pricing_Model__c":"Discount","Language__c":"English","ShippingCountry":"United States","BillingPostalCode":"55344","ShippingCity":"Eden Prairie","Ship_To_Place__c":"a0lWC000004nA5ZYAU","BillToContactId":"003WC00000x4jCfYAI","CurrencyIsoCode":"USD","ShippingStreet":"11095 Viking Drive","ShippingCountryCode":"US","Payment_Portal__c":"Fortra (default)","BillingCountry":"United States","BillingStreet":"11095 Viking Drive","BillingStateCode":"MN","ShippingPostalCode":"55344","QuoteToCountryCode":"US","Deal_Type__c":"Fortra Originated","ShippingState":"Minnesota","Id":"0Q0WC0000037yTx0AI","BillingState":"Minnesota"}|0x78625d60
19:56:16.9 (875217924)|VARIABLE_SCOPE_BEGIN|[251]|fieldName|String|false|false
19:56:16.9 (875224314)|VARIABLE_ASSIGNMENT|[251]|fieldName|"Net_Terms__c"
19:56:16.9 (875236656)|HEAP_ALLOCATE|[252]|Bytes:5
19:56:16.9 (875242160)|STATEMENT_EXECUTE|[251]
19:56:16.9 (875260389)|SYSTEM_METHOD_ENTRY|[252]|SObject.get(String)
19:56:16.9 (875278481)|HEAP_ALLOCATE|[252]|Bytes:6
19:56:16.9 (875285717)|SYSTEM_METHOD_EXIT|[252]|SObject.get(String)
19:56:16.9 (875293513)|SYSTEM_METHOD_ENTRY|[252]|String.isNotBlank(String)
19:56:16.9 (875299412)|SYSTEM_METHOD_EXIT|[252]|String.isNotBlank(String)
19:56:16.9 (875302652)|STATEMENT_EXECUTE|[252]
19:56:16.9 (875303894)|STATEMENT_EXECUTE|[253]
19:56:16.9 (875311009)|METHOD_EXIT|[214]|01pWC000002WbCz|RenewalQuoteHeaderHandler.copyStringIfBlank(Quote, Quote, String)
19:56:16.9 (875314087)|STATEMENT_EXECUTE|[215]
19:56:16.9 (875318569)|METHOD_ENTRY|[215]|01pWC000002WbCz|RenewalQuoteHeaderHandler.copyStringIfBlank(Quote, Quote, String)
19:56:16.9 (875321496)|VARIABLE_SCOPE_BEGIN|[251]|target|Quote|true|false
19:56:16.9 (876058013)|VARIABLE_ASSIGNMENT|[251]|target|{"LastModifiedDate":"2026-06-14T02:56:16.000Z","Quote_Type__c":"Renewal","Bill_To_Place__c":"a0lWC000004nA5ZYAU","Export_Compliance_Status__c":"Pending","Net_Terms_Approval__c":false,"Exchange_Rate_To_USD__c":1.0000000000,"Export_Review_Required__c":false,"Within_Renewal_Window__c":false,"IsPrimary__c":false,"Credit_Renewal_Approval__c":false,"Days_Until_Renewal__c":362,"Renewal_Contract__c":"800WC00000SB0FtYAL","QuoteAccountId":"001WC00000kZKNxYAO","Pro_Ration_Method__c":"Monthly","Renewal_ARR_Approval__c":false,"Status":"Draft","Show_Hide_Discounts__c":"Show","IsDeleted":false,"Subtotal":67.38,"Force_New_Contract__c":false,"Net_Contract_Change__c":0.00,"Signed_Quote_Approval__c":false,"Terms_and_Conditions__c":false,"Payment_Portal__c":"Fortra (default)","Original_Contract_ARR__c":0.00,"BillingStateCode":"MN","GrandTotal":67.38,"ShippingPostalCode":"55344","ShippingState":"Minnesota","Mycap__c":false,"Deal_Type__c":"Fortra Originated","Id":"0Q0WC00000382MH0AY","Subscription_Pricing_Discount_Approval__c":false,"Net_Terms__c":"Net_30","Discount":0.00,"Services_Discount_Approval__c":false,"Total_Contract_Value_TCV__c":67.38,"LineItemCount":2,"OwnerId":"005WC00000DZ6xVYAT","OpportunityId":"006WC00000QuJ4DYAV","LegalEntityId":"0fwWC000000034LYAQ","Language__c":"English","ShippingCity":"Eden Prairie","GSW__c":false,"Manually_Sent__c":false,"CalculationStatus":"PriceCalculationFail (2 more) ...","Corporate_Currency_Amount__c":67.38,"Annual_Contract_Value_ACV__c":67.38,"Max_Discount_on_QLIs__c":0.00,"Quote_Displaced_ARR__c":0.00,"OriginalActionType":"Renew","Ship_To_Place__c":"a0lWC000004nA5ZYAU","Show_Hide_Product_Number__c":"Show","SystemModstamp":"2026-06-14T02:56:16.000Z","Create_Order_from_Quote__c":false,"BillingCountry":"United States","Manual_Discount__c":0.00,"QuoteToCountryCode":"US","TotalPrice":67.38,"AdditionalCountryCode":"US","Legal_Support_Approval__c":false,"AccountId":"001WC00000kZKNxYAO","ShippingStateCode":"MN","BillingCity":"Eden Prairie","QuoteToCountry":"United States","Total_Discount_Amount__c":0.00,"MYCAP_Approval__c":false,"Name":"Renewal Quote","License_Extension_Approval__c":false,"StartDate":"2026-06-11T00:00:00.000Z","CreatedById":"005WC00000DZ6xVYAT","Auto_Renewal__c":false,"Channel_MSP_Pricing_Discount_Approval__c":false,"BillingPostalCode":"55344","Annualized_License_Equivalent_Base__c":67.38,"Show_Hide_Free_Products__c":"Show","Maintenance_Max_Discount__c":0.00,"Total_Displaced_ARR__c":0.00,"CurrencyIsoCode":"USD","LegacyRenewalQuote__c":false,"Credit_Renewal_ARR__c":false,"ShippingStreet":"11095 Viking Drive","Annuial_Revenue_Base__c":67.38,"AdditionalCountry":"United States","Total_Quote_Line_ARR__c":0.00,"CreatedDate":"2026-06-11T21:14:56.000Z","Pricebook2Id":"01sWC0000022GHFYA2","IsSyncing":false,"Renewal_Cancellation_Approval__c":false,"BillingState":"Minnesota","TransactionType":"Fortra_Advanced_Pric (3 more) ...","Discount_Renewal_ARR__c":false,"Contains_Offensive_Security__c":false,"BillingCountryCode":"US","Temp_License_Key_Extension__c":false,"Disable_Export_Control__c":false,"ContactId":"003WC00000x4jCfYAI","PartnerAccountId":"001WC00000ZtazZYAR","Export_License_Required__c":false,"Billing_Partner__c":"001WC00000ZtazZYAR","SalesTransactionTypeId":"1ChWC0000002eJ70AI","Maintenance_Discount_Approval__c":false,"Partner_Pricing_Model__c":"Discount","ShippingCountry":"United States","LineGroupCount":0,"Approval_Status__c":"None","Unsigned_Quote_Approval__c":false,"ContractId":"800WC00000SB0FtYAL","BillToContactId":"003WC00000x4jCfYAI","QuoteTypeText__c":"Renewal","Approval_Rejected_Checkbox__c":false,"ShippingCountryCode":"US","QuoteNumber":"00781084","CanCreateQuoteLineItems":false,"ALE__c":67.38,"BillingStreet":"11095 Viking Drive","Request_Legal_Support__c":false,"Perpetual_Pricing_Discount_Approval__c":false,"LastModifiedById":"005WC00000MgTN2YAN","Displaced_ARR_Approval__c":false}|0x30918162
19:56:16.9 (876100623)|VARIABLE_SCOPE_BEGIN|[251]|source|Quote|true|false
19:56:16.9 (876263341)|VARIABLE_ASSIGNMENT|[251]|source|{"Net_Terms__c":"Net_30","ShippingStateCode":"MN","BillingCity":"Eden Prairie","Bill_To_Place__c":"a0lWC000004nA5ZYAU","BillingCountryCode":"US","QuoteToCountry":"United States","ContactId":"003WC00000x4jCfYAI","PartnerAccountId":"001WC00000ZtazZYAR","Billing_Partner__c":"001WC00000ZtazZYAR","SalesTransactionTypeId":"1ChWC0000002eJ70AI","OpportunityId":"006WC00000QuJ4DYAV","LegalEntityId":"0fwWC000000034LYAQ","Partner_Pricing_Model__c":"Discount","Language__c":"English","ShippingCountry":"United States","BillingPostalCode":"55344","ShippingCity":"Eden Prairie","Ship_To_Place__c":"a0lWC000004nA5ZYAU","BillToContactId":"003WC00000x4jCfYAI","CurrencyIsoCode":"USD","ShippingStreet":"11095 Viking Drive","ShippingCountryCode":"US","Payment_Portal__c":"Fortra (default)","BillingCountry":"United States","BillingStreet":"11095 Viking Drive","BillingStateCode":"MN","ShippingPostalCode":"55344","QuoteToCountryCode":"US","Deal_Type__c":"Fortra Originated","ShippingState":"Minnesota","Id":"0Q0WC0000037yTx0AI","BillingState":"Minnesota"}|0x78625d60
19:56:16.9 (876275842)|VARIABLE_SCOPE_BEGIN|[251]|fieldName|String|false|false
19:56:16.9 (876282705)|VARIABLE_ASSIGNMENT|[251]|fieldName|"Language__c"
19:56:16.9 (876294340)|HEAP_ALLOCATE|[252]|Bytes:5
19:56:16.9 (876299348)|STATEMENT_EXECUTE|[251]
19:56:16.9 (876316597)|SYSTEM_METHOD_ENTRY|[252]|SObject.get(String)
19:56:16.9 (876335396)|HEAP_ALLOCATE|[252]|Bytes:7
19:56:16.9 (876342562)|SYSTEM_METHOD_EXIT|[252]|SObject.get(String)
19:56:16.9 (876349475)|SYSTEM_METHOD_ENTRY|[252]|String.isNotBlank(String)
19:56:16.9 (876354458)|SYSTEM_METHOD_EXIT|[252]|String.isNotBlank(String)
19:56:16.9 (876357554)|STATEMENT_EXECUTE|[252]
19:56:16.9 (876358628)|STATEMENT_EXECUTE|[253]
19:56:16.9 (876365759)|METHOD_EXIT|[215]|01pWC000002WbCz|RenewalQuoteHeaderHandler.copyStringIfBlank(Quote, Quote, String)
19:56:16.9 (876368907)|STATEMENT_EXECUTE|[216]
19:56:16.9 (876373773)|METHOD_ENTRY|[216]|01pWC000002WbCz|RenewalQuoteHeaderHandler.copyStringIfBlank(Quote, Quote, String)
19:56:16.9 (876376663)|VARIABLE_SCOPE_BEGIN|[251]|target|Quote|true|false
19:56:16.9 (877125604)|VARIABLE_ASSIGNMENT|[251]|target|{"LastModifiedDate":"2026-06-14T02:56:16.000Z","Quote_Type__c":"Renewal","Bill_To_Place__c":"a0lWC000004nA5ZYAU","Export_Compliance_Status__c":"Pending","Net_Terms_Approval__c":false,"Exchange_Rate_To_USD__c":1.0000000000,"Export_Review_Required__c":false,"Within_Renewal_Window__c":false,"IsPrimary__c":false,"Credit_Renewal_Approval__c":false,"Days_Until_Renewal__c":362,"Renewal_Contract__c":"800WC00000SB0FtYAL","QuoteAccountId":"001WC00000kZKNxYAO","Pro_Ration_Method__c":"Monthly","Renewal_ARR_Approval__c":false,"Status":"Draft","Show_Hide_Discounts__c":"Show","IsDeleted":false,"Subtotal":67.38,"Force_New_Contract__c":false,"Net_Contract_Change__c":0.00,"Signed_Quote_Approval__c":false,"Terms_and_Conditions__c":false,"Payment_Portal__c":"Fortra (default)","Original_Contract_ARR__c":0.00,"BillingStateCode":"MN","GrandTotal":67.38,"ShippingPostalCode":"55344","ShippingState":"Minnesota","Mycap__c":false,"Deal_Type__c":"Fortra Originated","Id":"0Q0WC00000382MH0AY","Subscription_Pricing_Discount_Approval__c":false,"Net_Terms__c":"Net_30","Discount":0.00,"Services_Discount_Approval__c":false,"Total_Contract_Value_TCV__c":67.38,"LineItemCount":2,"OwnerId":"005WC00000DZ6xVYAT","OpportunityId":"006WC00000QuJ4DYAV","LegalEntityId":"0fwWC000000034LYAQ","Language__c":"English","ShippingCity":"Eden Prairie","GSW__c":false,"Manually_Sent__c":false,"CalculationStatus":"PriceCalculationFail (2 more) ...","Corporate_Currency_Amount__c":67.38,"Annual_Contract_Value_ACV__c":67.38,"Max_Discount_on_QLIs__c":0.00,"Quote_Displaced_ARR__c":0.00,"OriginalActionType":"Renew","Ship_To_Place__c":"a0lWC000004nA5ZYAU","Show_Hide_Product_Number__c":"Show","SystemModstamp":"2026-06-14T02:56:16.000Z","Create_Order_from_Quote__c":false,"BillingCountry":"United States","Manual_Discount__c":0.00,"QuoteToCountryCode":"US","TotalPrice":67.38,"AdditionalCountryCode":"US","Legal_Support_Approval__c":false,"AccountId":"001WC00000kZKNxYAO","ShippingStateCode":"MN","BillingCity":"Eden Prairie","QuoteToCountry":"United States","Total_Discount_Amount__c":0.00,"MYCAP_Approval__c":false,"Name":"Renewal Quote","License_Extension_Approval__c":false,"StartDate":"2026-06-11T00:00:00.000Z","CreatedById":"005WC00000DZ6xVYAT","Auto_Renewal__c":false,"Channel_MSP_Pricing_Discount_Approval__c":false,"BillingPostalCode":"55344","Annualized_License_Equivalent_Base__c":67.38,"Show_Hide_Free_Products__c":"Show","Maintenance_Max_Discount__c":0.00,"Total_Displaced_ARR__c":0.00,"CurrencyIsoCode":"USD","LegacyRenewalQuote__c":false,"Credit_Renewal_ARR__c":false,"ShippingStreet":"11095 Viking Drive","Annuial_Revenue_Base__c":67.38,"AdditionalCountry":"United States","Total_Quote_Line_ARR__c":0.00,"CreatedDate":"2026-06-11T21:14:56.000Z","Pricebook2Id":"01sWC0000022GHFYA2","IsSyncing":false,"Renewal_Cancellation_Approval__c":false,"BillingState":"Minnesota","TransactionType":"Fortra_Advanced_Pric (3 more) ...","Discount_Renewal_ARR__c":false,"Contains_Offensive_Security__c":false,"BillingCountryCode":"US","Temp_License_Key_Extension__c":false,"Disable_Export_Control__c":false,"ContactId":"003WC00000x4jCfYAI","PartnerAccountId":"001WC00000ZtazZYAR","Export_License_Required__c":false,"Billing_Partner__c":"001WC00000ZtazZYAR","SalesTransactionTypeId":"1ChWC0000002eJ70AI","Maintenance_Discount_Approval__c":false,"Partner_Pricing_Model__c":"Discount","ShippingCountry":"United States","LineGroupCount":0,"Approval_Status__c":"None","Unsigned_Quote_Approval__c":false,"ContractId":"800WC00000SB0FtYAL","BillToContactId":"003WC00000x4jCfYAI","QuoteTypeText__c":"Renewal","Approval_Rejected_Checkbox__c":false,"ShippingCountryCode":"US","QuoteNumber":"00781084","CanCreateQuoteLineItems":false,"ALE__c":67.38,"BillingStreet":"11095 Viking Drive","Request_Legal_Support__c":false,"Perpetual_Pricing_Discount_Approval__c":false,"LastModifiedById":"005WC00000MgTN2YAN","Displaced_ARR_Approval__c":false}|0x30918162
19:56:16.9 (877170884)|VARIABLE_SCOPE_BEGIN|[251]|source|Quote|true|false
19:56:16.9 (877347302)|VARIABLE_ASSIGNMENT|[251]|source|{"Net_Terms__c":"Net_30","ShippingStateCode":"MN","BillingCity":"Eden Prairie","Bill_To_Place__c":"a0lWC000004nA5ZYAU","BillingCountryCode":"US","QuoteToCountry":"United States","ContactId":"003WC00000x4jCfYAI","PartnerAccountId":"001WC00000ZtazZYAR","Billing_Partner__c":"001WC00000ZtazZYAR","SalesTransactionTypeId":"1ChWC0000002eJ70AI","OpportunityId":"006WC00000QuJ4DYAV","LegalEntityId":"0fwWC000000034LYAQ","Partner_Pricing_Model__c":"Discount","Language__c":"English","ShippingCountry":"United States","BillingPostalCode":"55344","ShippingCity":"Eden Prairie","Ship_To_Place__c":"a0lWC000004nA5ZYAU","BillToContactId":"003WC00000x4jCfYAI","CurrencyIsoCode":"USD","ShippingStreet":"11095 Viking Drive","ShippingCountryCode":"US","Payment_Portal__c":"Fortra (default)","BillingCountry":"United States","BillingStreet":"11095 Viking Drive","BillingStateCode":"MN","ShippingPostalCode":"55344","QuoteToCountryCode":"US","Deal_Type__c":"Fortra Originated","ShippingState":"Minnesota","Id":"0Q0WC0000037yTx0AI","BillingState":"Minnesota"}|0x78625d60
19:56:16.9 (877355447)|VARIABLE_SCOPE_BEGIN|[251]|fieldName|String|false|false
19:56:16.9 (877365966)|VARIABLE_ASSIGNMENT|[251]|fieldName|"Payment_Portal__c"
19:56:16.9 (877376864)|HEAP_ALLOCATE|[252]|Bytes:5
19:56:16.9 (877381562)|STATEMENT_EXECUTE|[251]
19:56:16.9 (877398771)|SYSTEM_METHOD_ENTRY|[252]|SObject.get(String)
19:56:16.9 (877416464)|HEAP_ALLOCATE|[252]|Bytes:16
19:56:16.9 (877422981)|SYSTEM_METHOD_EXIT|[252]|SObject.get(String)
19:56:16.9 (877429388)|SYSTEM_METHOD_ENTRY|[252]|String.isNotBlank(String)
19:56:16.9 (877434201)|SYSTEM_METHOD_EXIT|[252]|String.isNotBlank(String)
19:56:16.9 (877436948)|STATEMENT_EXECUTE|[252]
19:56:16.9 (877438048)|STATEMENT_EXECUTE|[253]
19:56:16.9 (877445455)|METHOD_EXIT|[216]|01pWC000002WbCz|RenewalQuoteHeaderHandler.copyStringIfBlank(Quote, Quote, String)
19:56:16.9 (877448327)|STATEMENT_EXECUTE|[217]
19:56:16.9 (877452757)|METHOD_ENTRY|[217]|01pWC000002WbCz|RenewalQuoteHeaderHandler.copyStringIfBlank(Quote, Quote, String)
19:56:16.9 (877455598)|VARIABLE_SCOPE_BEGIN|[251]|target|Quote|true|false
19:56:16.9 (878216042)|VARIABLE_ASSIGNMENT|[251]|target|{"LastModifiedDate":"2026-06-14T02:56:16.000Z","Quote_Type__c":"Renewal","Bill_To_Place__c":"a0lWC000004nA5ZYAU","Export_Compliance_Status__c":"Pending","Net_Terms_Approval__c":false,"Exchange_Rate_To_USD__c":1.0000000000,"Export_Review_Required__c":false,"Within_Renewal_Window__c":false,"IsPrimary__c":false,"Credit_Renewal_Approval__c":false,"Days_Until_Renewal__c":362,"Renewal_Contract__c":"800WC00000SB0FtYAL","QuoteAccountId":"001WC00000kZKNxYAO","Pro_Ration_Method__c":"Monthly","Renewal_ARR_Approval__c":false,"Status":"Draft","Show_Hide_Discounts__c":"Show","IsDeleted":false,"Subtotal":67.38,"Force_New_Contract__c":false,"Net_Contract_Change__c":0.00,"Signed_Quote_Approval__c":false,"Terms_and_Conditions__c":false,"Payment_Portal__c":"Fortra (default)","Original_Contract_ARR__c":0.00,"BillingStateCode":"MN","GrandTotal":67.38,"ShippingPostalCode":"55344","ShippingState":"Minnesota","Mycap__c":false,"Deal_Type__c":"Fortra Originated","Id":"0Q0WC00000382MH0AY","Subscription_Pricing_Discount_Approval__c":false,"Net_Terms__c":"Net_30","Discount":0.00,"Services_Discount_Approval__c":false,"Total_Contract_Value_TCV__c":67.38,"LineItemCount":2,"OwnerId":"005WC00000DZ6xVYAT","OpportunityId":"006WC00000QuJ4DYAV","LegalEntityId":"0fwWC000000034LYAQ","Language__c":"English","ShippingCity":"Eden Prairie","GSW__c":false,"Manually_Sent__c":false,"CalculationStatus":"PriceCalculationFail (2 more) ...","Corporate_Currency_Amount__c":67.38,"Annual_Contract_Value_ACV__c":67.38,"Max_Discount_on_QLIs__c":0.00,"Quote_Displaced_ARR__c":0.00,"OriginalActionType":"Renew","Ship_To_Place__c":"a0lWC000004nA5ZYAU","Show_Hide_Product_Number__c":"Show","SystemModstamp":"2026-06-14T02:56:16.000Z","Create_Order_from_Quote__c":false,"BillingCountry":"United States","Manual_Discount__c":0.00,"QuoteToCountryCode":"US","TotalPrice":67.38,"AdditionalCountryCode":"US","Legal_Support_Approval__c":false,"AccountId":"001WC00000kZKNxYAO","ShippingStateCode":"MN","BillingCity":"Eden Prairie","QuoteToCountry":"United States","Total_Discount_Amount__c":0.00,"MYCAP_Approval__c":false,"Name":"Renewal Quote","License_Extension_Approval__c":false,"StartDate":"2026-06-11T00:00:00.000Z","CreatedById":"005WC00000DZ6xVYAT","Auto_Renewal__c":false,"Channel_MSP_Pricing_Discount_Approval__c":false,"BillingPostalCode":"55344","Annualized_License_Equivalent_Base__c":67.38,"Show_Hide_Free_Products__c":"Show","Maintenance_Max_Discount__c":0.00,"Total_Displaced_ARR__c":0.00,"CurrencyIsoCode":"USD","LegacyRenewalQuote__c":false,"Credit_Renewal_ARR__c":false,"ShippingStreet":"11095 Viking Drive","Annuial_Revenue_Base__c":67.38,"AdditionalCountry":"United States","Total_Quote_Line_ARR__c":0.00,"CreatedDate":"2026-06-11T21:14:56.000Z","Pricebook2Id":"01sWC0000022GHFYA2","IsSyncing":false,"Renewal_Cancellation_Approval__c":false,"BillingState":"Minnesota","TransactionType":"Fortra_Advanced_Pric (3 more) ...","Discount_Renewal_ARR__c":false,"Contains_Offensive_Security__c":false,"BillingCountryCode":"US","Temp_License_Key_Extension__c":false,"Disable_Export_Control__c":false,"ContactId":"003WC00000x4jCfYAI","PartnerAccountId":"001WC00000ZtazZYAR","Export_License_Required__c":false,"Billing_Partner__c":"001WC00000ZtazZYAR","SalesTransactionTypeId":"1ChWC0000002eJ70AI","Maintenance_Discount_Approval__c":false,"Partner_Pricing_Model__c":"Discount","ShippingCountry":"United States","LineGroupCount":0,"Approval_Status__c":"None","Unsigned_Quote_Approval__c":false,"ContractId":"800WC00000SB0FtYAL","BillToContactId":"003WC00000x4jCfYAI","QuoteTypeText__c":"Renewal","Approval_Rejected_Checkbox__c":false,"ShippingCountryCode":"US","QuoteNumber":"00781084","CanCreateQuoteLineItems":false,"ALE__c":67.38,"BillingStreet":"11095 Viking Drive","Request_Legal_Support__c":false,"Perpetual_Pricing_Discount_Approval__c":false,"LastModifiedById":"005WC00000MgTN2YAN","Displaced_ARR_Approval__c":false}|0x30918162
19:56:16.9 (878266201)|VARIABLE_SCOPE_BEGIN|[251]|source|Quote|true|false
19:56:16.9 (878383955)|VARIABLE_ASSIGNMENT|[251]|source|{"Net_Terms__c":"Net_30","ShippingStateCode":"MN","BillingCity":"Eden Prairie","Bill_To_Place__c":"a0lWC000004nA5ZYAU","BillingCountryCode":"US","QuoteToCountry":"United States","ContactId":"003WC00000x4jCfYAI","PartnerAccountId":"001WC00000ZtazZYAR","Billing_Partner__c":"001WC00000ZtazZYAR","SalesTransactionTypeId":"1ChWC0000002eJ70AI","OpportunityId":"006WC00000QuJ4DYAV","LegalEntityId":"0fwWC000000034LYAQ","Partner_Pricing_Model__c":"Discount","Language__c":"English","ShippingCountry":"United States","BillingPostalCode":"55344","ShippingCity":"Eden Prairie","Ship_To_Place__c":"a0lWC000004nA5ZYAU","BillToContactId":"003WC00000x4jCfYAI","CurrencyIsoCode":"USD","ShippingStreet":"11095 Viking Drive","ShippingCountryCode":"US","Payment_Portal__c":"Fortra (default)","BillingCountry":"United States","BillingStreet":"11095 Viking Drive","BillingStateCode":"MN","ShippingPostalCode":"55344","QuoteToCountryCode":"US","Deal_Type__c":"Fortra Originated","ShippingState":"Minnesota","Id":"0Q0WC0000037yTx0AI","BillingState":"Minnesota"}|0x78625d60
19:56:16.9 (878392578)|VARIABLE_SCOPE_BEGIN|[251]|fieldName|String|false|false
19:56:16.9 (878398826)|VARIABLE_ASSIGNMENT|[251]|fieldName|"CurrencyIsoCode"
19:56:16.9 (878410645)|HEAP_ALLOCATE|[252]|Bytes:5
19:56:16.9 (878415872)|STATEMENT_EXECUTE|[251]
19:56:16.9 (878431659)|SYSTEM_METHOD_ENTRY|[252]|SObject.get(String)
19:56:16.9 (878451696)|HEAP_ALLOCATE|[252]|Bytes:3
19:56:16.9 (878459371)|SYSTEM_METHOD_EXIT|[252]|SObject.get(String)
19:56:16.9 (878466145)|SYSTEM_METHOD_ENTRY|[252]|String.isNotBlank(String)
19:56:16.9 (878471510)|SYSTEM_METHOD_EXIT|[252]|String.isNotBlank(String)
19:56:16.9 (878474491)|STATEMENT_EXECUTE|[252]
19:56:16.9 (878475641)|STATEMENT_EXECUTE|[253]
19:56:16.9 (878482651)|METHOD_EXIT|[217]|01pWC000002WbCz|RenewalQuoteHeaderHandler.copyStringIfBlank(Quote, Quote, String)
19:56:16.9 (878485835)|STATEMENT_EXECUTE|[218]
19:56:16.9 (878490315)|METHOD_ENTRY|[218]|01pWC000002WbCz|RenewalQuoteHeaderHandler.copyStringIfBlank(Quote, Quote, String)
19:56:16.9 (878493273)|VARIABLE_SCOPE_BEGIN|[251]|target|Quote|true|false
19:56:16.9 (879292346)|VARIABLE_ASSIGNMENT|[251]|target|{"LastModifiedDate":"2026-06-14T02:56:16.000Z","Quote_Type__c":"Renewal","Bill_To_Place__c":"a0lWC000004nA5ZYAU","Export_Compliance_Status__c":"Pending","Net_Terms_Approval__c":false,"Exchange_Rate_To_USD__c":1.0000000000,"Export_Review_Required__c":false,"Within_Renewal_Window__c":false,"IsPrimary__c":false,"Credit_Renewal_Approval__c":false,"Days_Until_Renewal__c":362,"Renewal_Contract__c":"800WC00000SB0FtYAL","QuoteAccountId":"001WC00000kZKNxYAO","Pro_Ration_Method__c":"Monthly","Renewal_ARR_Approval__c":false,"Status":"Draft","Show_Hide_Discounts__c":"Show","IsDeleted":false,"Subtotal":67.38,"Force_New_Contract__c":false,"Net_Contract_Change__c":0.00,"Signed_Quote_Approval__c":false,"Terms_and_Conditions__c":false,"Payment_Portal__c":"Fortra (default)","Original_Contract_ARR__c":0.00,"BillingStateCode":"MN","GrandTotal":67.38,"ShippingPostalCode":"55344","ShippingState":"Minnesota","Mycap__c":false,"Deal_Type__c":"Fortra Originated","Id":"0Q0WC00000382MH0AY","Subscription_Pricing_Discount_Approval__c":false,"Net_Terms__c":"Net_30","Discount":0.00,"Services_Discount_Approval__c":false,"Total_Contract_Value_TCV__c":67.38,"LineItemCount":2,"OwnerId":"005WC00000DZ6xVYAT","OpportunityId":"006WC00000QuJ4DYAV","LegalEntityId":"0fwWC000000034LYAQ","Language__c":"English","ShippingCity":"Eden Prairie","GSW__c":false,"Manually_Sent__c":false,"CalculationStatus":"PriceCalculationFail (2 more) ...","Corporate_Currency_Amount__c":67.38,"Annual_Contract_Value_ACV__c":67.38,"Max_Discount_on_QLIs__c":0.00,"Quote_Displaced_ARR__c":0.00,"OriginalActionType":"Renew","Ship_To_Place__c":"a0lWC000004nA5ZYAU","Show_Hide_Product_Number__c":"Show","SystemModstamp":"2026-06-14T02:56:16.000Z","Create_Order_from_Quote__c":false,"BillingCountry":"United States","Manual_Discount__c":0.00,"QuoteToCountryCode":"US","TotalPrice":67.38,"AdditionalCountryCode":"US","Legal_Support_Approval__c":false,"AccountId":"001WC00000kZKNxYAO","ShippingStateCode":"MN","BillingCity":"Eden Prairie","QuoteToCountry":"United States","Total_Discount_Amount__c":0.00,"MYCAP_Approval__c":false,"Name":"Renewal Quote","License_Extension_Approval__c":false,"StartDate":"2026-06-11T00:00:00.000Z","CreatedById":"005WC00000DZ6xVYAT","Auto_Renewal__c":false,"Channel_MSP_Pricing_Discount_Approval__c":false,"BillingPostalCode":"55344","Annualized_License_Equivalent_Base__c":67.38,"Show_Hide_Free_Products__c":"Show","Maintenance_Max_Discount__c":0.00,"Total_Displaced_ARR__c":0.00,"CurrencyIsoCode":"USD","LegacyRenewalQuote__c":false,"Credit_Renewal_ARR__c":false,"ShippingStreet":"11095 Viking Drive","Annuial_Revenue_Base__c":67.38,"AdditionalCountry":"United States","Total_Quote_Line_ARR__c":0.00,"CreatedDate":"2026-06-11T21:14:56.000Z","Pricebook2Id":"01sWC0000022GHFYA2","IsSyncing":false,"Renewal_Cancellation_Approval__c":false,"BillingState":"Minnesota","TransactionType":"Fortra_Advanced_Pric (3 more) ...","Discount_Renewal_ARR__c":false,"Contains_Offensive_Security__c":false,"BillingCountryCode":"US","Temp_License_Key_Extension__c":false,"Disable_Export_Control__c":false,"ContactId":"003WC00000x4jCfYAI","PartnerAccountId":"001WC00000ZtazZYAR","Export_License_Required__c":false,"Billing_Partner__c":"001WC00000ZtazZYAR","SalesTransactionTypeId":"1ChWC0000002eJ70AI","Maintenance_Discount_Approval__c":false,"Partner_Pricing_Model__c":"Discount","ShippingCountry":"United States","LineGroupCount":0,"Approval_Status__c":"None","Unsigned_Quote_Approval__c":false,"ContractId":"800WC00000SB0FtYAL","BillToContactId":"003WC00000x4jCfYAI","QuoteTypeText__c":"Renewal","Approval_Rejected_Checkbox__c":false,"ShippingCountryCode":"US","QuoteNumber":"00781084","CanCreateQuoteLineItems":false,"ALE__c":67.38,"BillingStreet":"11095 Viking Drive","Request_Legal_Support__c":false,"Perpetual_Pricing_Discount_Approval__c":false,"LastModifiedById":"005WC00000MgTN2YAN","Displaced_ARR_Approval__c":false}|0x30918162
19:56:16.9 (879341461)|VARIABLE_SCOPE_BEGIN|[251]|source|Quote|true|false
19:56:16.9 (879466912)|VARIABLE_ASSIGNMENT|[251]|source|{"Net_Terms__c":"Net_30","ShippingStateCode":"MN","BillingCity":"Eden Prairie","Bill_To_Place__c":"a0lWC000004nA5ZYAU","BillingCountryCode":"US","QuoteToCountry":"United States","ContactId":"003WC00000x4jCfYAI","PartnerAccountId":"001WC00000ZtazZYAR","Billing_Partner__c":"001WC00000ZtazZYAR","SalesTransactionTypeId":"1ChWC0000002eJ70AI","OpportunityId":"006WC00000QuJ4DYAV","LegalEntityId":"0fwWC000000034LYAQ","Partner_Pricing_Model__c":"Discount","Language__c":"English","ShippingCountry":"United States","BillingPostalCode":"55344","ShippingCity":"Eden Prairie","Ship_To_Place__c":"a0lWC000004nA5ZYAU","BillToContactId":"003WC00000x4jCfYAI","CurrencyIsoCode":"USD","ShippingStreet":"11095 Viking Drive","ShippingCountryCode":"US","Payment_Portal__c":"Fortra (default)","BillingCountry":"United States","BillingStreet":"11095 Viking Drive","BillingStateCode":"MN","ShippingPostalCode":"55344","QuoteToCountryCode":"US","Deal_Type__c":"Fortra Originated","ShippingState":"Minnesota","Id":"0Q0WC0000037yTx0AI","BillingState":"Minnesota"}|0x78625d60
19:56:16.9 (879475119)|VARIABLE_SCOPE_BEGIN|[251]|fieldName|String|false|false
19:56:16.9 (879480869)|VARIABLE_ASSIGNMENT|[251]|fieldName|"BillingStreet"
19:56:16.9 (879492090)|HEAP_ALLOCATE|[252]|Bytes:5
19:56:16.9 (879496438)|STATEMENT_EXECUTE|[251]
19:56:16.9 (879513585)|SYSTEM_METHOD_ENTRY|[252]|SObject.get(String)
19:56:16.9 (879533986)|HEAP_ALLOCATE|[252]|Bytes:18
19:56:16.9 (879541170)|SYSTEM_METHOD_EXIT|[252]|SObject.get(String)
19:56:16.9 (879547551)|SYSTEM_METHOD_ENTRY|[252]|String.isNotBlank(String)
19:56:16.9 (879552413)|SYSTEM_METHOD_EXIT|[252]|String.isNotBlank(String)
19:56:16.9 (879555161)|STATEMENT_EXECUTE|[252]
19:56:16.9 (879556286)|STATEMENT_EXECUTE|[253]
19:56:16.9 (879563104)|METHOD_EXIT|[218]|01pWC000002WbCz|RenewalQuoteHeaderHandler.copyStringIfBlank(Quote, Quote, String)
19:56:16.9 (879565924)|STATEMENT_EXECUTE|[219]
19:56:16.9 (879570375)|METHOD_ENTRY|[219]|01pWC000002WbCz|RenewalQuoteHeaderHandler.copyStringIfBlank(Quote, Quote, String)
19:56:16.9 (879573271)|VARIABLE_SCOPE_BEGIN|[251]|target|Quote|true|false
19:56:16.9 (880295702)|VARIABLE_ASSIGNMENT|[251]|target|{"LastModifiedDate":"2026-06-14T02:56:16.000Z","Quote_Type__c":"Renewal","Bill_To_Place__c":"a0lWC000004nA5ZYAU","Export_Compliance_Status__c":"Pending","Net_Terms_Approval__c":false,"Exchange_Rate_To_USD__c":1.0000000000,"Export_Review_Required__c":false,"Within_Renewal_Window__c":false,"IsPrimary__c":false,"Credit_Renewal_Approval__c":false,"Days_Until_Renewal__c":362,"Renewal_Contract__c":"800WC00000SB0FtYAL","QuoteAccountId":"001WC00000kZKNxYAO","Pro_Ration_Method__c":"Monthly","Renewal_ARR_Approval__c":false,"Status":"Draft","Show_Hide_Discounts__c":"Show","IsDeleted":false,"Subtotal":67.38,"Force_New_Contract__c":false,"Net_Contract_Change__c":0.00,"Signed_Quote_Approval__c":false,"Terms_and_Conditions__c":false,"Payment_Portal__c":"Fortra (default)","Original_Contract_ARR__c":0.00,"BillingStateCode":"MN","GrandTotal":67.38,"ShippingPostalCode":"55344","ShippingState":"Minnesota","Mycap__c":false,"Deal_Type__c":"Fortra Originated","Id":"0Q0WC00000382MH0AY","Subscription_Pricing_Discount_Approval__c":false,"Net_Terms__c":"Net_30","Discount":0.00,"Services_Discount_Approval__c":false,"Total_Contract_Value_TCV__c":67.38,"LineItemCount":2,"OwnerId":"005WC00000DZ6xVYAT","OpportunityId":"006WC00000QuJ4DYAV","LegalEntityId":"0fwWC000000034LYAQ","Language__c":"English","ShippingCity":"Eden Prairie","GSW__c":false,"Manually_Sent__c":false,"CalculationStatus":"PriceCalculationFail (2 more) ...","Corporate_Currency_Amount__c":67.38,"Annual_Contract_Value_ACV__c":67.38,"Max_Discount_on_QLIs__c":0.00,"Quote_Displaced_ARR__c":0.00,"OriginalActionType":"Renew","Ship_To_Place__c":"a0lWC000004nA5ZYAU","Show_Hide_Product_Number__c":"Show","SystemModstamp":"2026-06-14T02:56:16.000Z","Create_Order_from_Quote__c":false,"BillingCountry":"United States","Manual_Discount__c":0.00,"QuoteToCountryCode":"US","TotalPrice":67.38,"AdditionalCountryCode":"US","Legal_Support_Approval__c":false,"AccountId":"001WC00000kZKNxYAO","ShippingStateCode":"MN","BillingCity":"Eden Prairie","QuoteToCountry":"United States","Total_Discount_Amount__c":0.00,"MYCAP_Approval__c":false,"Name":"Renewal Quote","License_Extension_Approval__c":false,"StartDate":"2026-06-11T00:00:00.000Z","CreatedById":"005WC00000DZ6xVYAT","Auto_Renewal__c":false,"Channel_MSP_Pricing_Discount_Approval__c":false,"BillingPostalCode":"55344","Annualized_License_Equivalent_Base__c":67.38,"Show_Hide_Free_Products__c":"Show","Maintenance_Max_Discount__c":0.00,"Total_Displaced_ARR__c":0.00,"CurrencyIsoCode":"USD","LegacyRenewalQuote__c":false,"Credit_Renewal_ARR__c":false,"ShippingStreet":"11095 Viking Drive","Annuial_Revenue_Base__c":67.38,"AdditionalCountry":"United States","Total_Quote_Line_ARR__c":0.00,"CreatedDate":"2026-06-11T21:14:56.000Z","Pricebook2Id":"01sWC0000022GHFYA2","IsSyncing":false,"Renewal_Cancellation_Approval__c":false,"BillingState":"Minnesota","TransactionType":"Fortra_Advanced_Pric (3 more) ...","Discount_Renewal_ARR__c":false,"Contains_Offensive_Security__c":false,"BillingCountryCode":"US","Temp_License_Key_Extension__c":false,"Disable_Export_Control__c":false,"ContactId":"003WC00000x4jCfYAI","PartnerAccountId":"001WC00000ZtazZYAR","Export_License_Required__c":false,"Billing_Partner__c":"001WC00000ZtazZYAR","SalesTransactionTypeId":"1ChWC0000002eJ70AI","Maintenance_Discount_Approval__c":false,"Partner_Pricing_Model__c":"Discount","ShippingCountry":"United States","LineGroupCount":0,"Approval_Status__c":"None","Unsigned_Quote_Approval__c":false,"ContractId":"800WC00000SB0FtYAL","BillToContactId":"003WC00000x4jCfYAI","QuoteTypeText__c":"Renewal","Approval_Rejected_Checkbox__c":false,"ShippingCountryCode":"US","QuoteNumber":"00781084","CanCreateQuoteLineItems":false,"ALE__c":67.38,"BillingStreet":"11095 Viking Drive","Request_Legal_Support__c":false,"Perpetual_Pricing_Discount_Approval__c":false,"LastModifiedById":"005WC00000MgTN2YAN","Displaced_ARR_Approval__c":false}|0x30918162
19:56:16.9 (880339036)|VARIABLE_SCOPE_BEGIN|[251]|source|Quote|true|false
19:56:16.9 (880452029)|VARIABLE_ASSIGNMENT|[251]|source|{"Net_Terms__c":"Net_30","ShippingStateCode":"MN","BillingCity":"Eden Prairie","Bill_To_Place__c":"a0lWC000004nA5ZYAU","BillingCountryCode":"US","QuoteToCountry":"United States","ContactId":"003WC00000x4jCfYAI","PartnerAccountId":"001WC00000ZtazZYAR","Billing_Partner__c":"001WC00000ZtazZYAR","SalesTransactionTypeId":"1ChWC0000002eJ70AI","OpportunityId":"006WC00000QuJ4DYAV","LegalEntityId":"0fwWC000000034LYAQ","Partner_Pricing_Model__c":"Discount","Language__c":"English","ShippingCountry":"United States","BillingPostalCode":"55344","ShippingCity":"Eden Prairie","Ship_To_Place__c":"a0lWC000004nA5ZYAU","BillToContactId":"003WC00000x4jCfYAI","CurrencyIsoCode":"USD","ShippingStreet":"11095 Viking Drive","ShippingCountryCode":"US","Payment_Portal__c":"Fortra (default)","BillingCountry":"United States","BillingStreet":"11095 Viking Drive","BillingStateCode":"MN","ShippingPostalCode":"55344","QuoteToCountryCode":"US","Deal_Type__c":"Fortra Originated","ShippingState":"Minnesota","Id":"0Q0WC0000037yTx0AI","BillingState":"Minnesota"}|0x78625d60
19:56:16.9 (880459930)|VARIABLE_SCOPE_BEGIN|[251]|fieldName|String|false|false
19:56:16.9 (880465785)|VARIABLE_ASSIGNMENT|[251]|fieldName|"BillingCity"
19:56:16.9 (880475215)|HEAP_ALLOCATE|[252]|Bytes:5
19:56:16.9 (880479363)|STATEMENT_EXECUTE|[251]
19:56:16.9 (880491367)|SYSTEM_METHOD_ENTRY|[252]|SObject.get(String)
19:56:16.9 (880509052)|HEAP_ALLOCATE|[252]|Bytes:12
19:56:16.9 (880515547)|SYSTEM_METHOD_EXIT|[252]|SObject.get(String)
19:56:16.9 (880521241)|SYSTEM_METHOD_ENTRY|[252]|String.isNotBlank(String)
19:56:16.9 (880525567)|SYSTEM_METHOD_EXIT|[252]|String.isNotBlank(String)
19:56:16.9 (880528228)|STATEMENT_EXECUTE|[252]
19:56:16.9 (880529278)|STATEMENT_EXECUTE|[253]
19:56:16.9 (880535300)|METHOD_EXIT|[219]|01pWC000002WbCz|RenewalQuoteHeaderHandler.copyStringIfBlank(Quote, Quote, String)
19:56:16.9 (880538045)|STATEMENT_EXECUTE|[220]
19:56:16.9 (880542103)|METHOD_ENTRY|[220]|01pWC000002WbCz|RenewalQuoteHeaderHandler.copyStringIfBlank(Quote, Quote, String)
19:56:16.9 (880544943)|VARIABLE_SCOPE_BEGIN|[251]|target|Quote|true|false
19:56:16.9 (881250008)|VARIABLE_ASSIGNMENT|[251]|target|{"LastModifiedDate":"2026-06-14T02:56:16.000Z","Quote_Type__c":"Renewal","Bill_To_Place__c":"a0lWC000004nA5ZYAU","Export_Compliance_Status__c":"Pending","Net_Terms_Approval__c":false,"Exchange_Rate_To_USD__c":1.0000000000,"Export_Review_Required__c":false,"Within_Renewal_Window__c":false,"IsPrimary__c":false,"Credit_Renewal_Approval__c":false,"Days_Until_Renewal__c":362,"Renewal_Contract__c":"800WC00000SB0FtYAL","QuoteAccountId":"001WC00000kZKNxYAO","Pro_Ration_Method__c":"Monthly","Renewal_ARR_Approval__c":false,"Status":"Draft","Show_Hide_Discounts__c":"Show","IsDeleted":false,"Subtotal":67.38,"Force_New_Contract__c":false,"Net_Contract_Change__c":0.00,"Signed_Quote_Approval__c":false,"Terms_and_Conditions__c":false,"Payment_Portal__c":"Fortra (default)","Original_Contract_ARR__c":0.00,"BillingStateCode":"MN","GrandTotal":67.38,"ShippingPostalCode":"55344","ShippingState":"Minnesota","Mycap__c":false,"Deal_Type__c":"Fortra Originated","Id":"0Q0WC00000382MH0AY","Subscription_Pricing_Discount_Approval__c":false,"Net_Terms__c":"Net_30","Discount":0.00,"Services_Discount_Approval__c":false,"Total_Contract_Value_TCV__c":67.38,"LineItemCount":2,"OwnerId":"005WC00000DZ6xVYAT","OpportunityId":"006WC00000QuJ4DYAV","LegalEntityId":"0fwWC000000034LYAQ","Language__c":"English","ShippingCity":"Eden Prairie","GSW__c":false,"Manually_Sent__c":false,"CalculationStatus":"PriceCalculationFail (2 more) ...","Corporate_Currency_Amount__c":67.38,"Annual_Contract_Value_ACV__c":67.38,"Max_Discount_on_QLIs__c":0.00,"Quote_Displaced_ARR__c":0.00,"OriginalActionType":"Renew","Ship_To_Place__c":"a0lWC000004nA5ZYAU","Show_Hide_Product_Number__c":"Show","SystemModstamp":"2026-06-14T02:56:16.000Z","Create_Order_from_Quote__c":false,"BillingCountry":"United States","Manual_Discount__c":0.00,"QuoteToCountryCode":"US","TotalPrice":67.38,"AdditionalCountryCode":"US","Legal_Support_Approval__c":false,"AccountId":"001WC00000kZKNxYAO","ShippingStateCode":"MN","BillingCity":"Eden Prairie","QuoteToCountry":"United States","Total_Discount_Amount__c":0.00,"MYCAP_Approval__c":false,"Name":"Renewal Quote","License_Extension_Approval__c":false,"StartDate":"2026-06-11T00:00:00.000Z","CreatedById":"005WC00000DZ6xVYAT","Auto_Renewal__c":false,"Channel_MSP_Pricing_Discount_Approval__c":false,"BillingPostalCode":"55344","Annualized_License_Equivalent_Base__c":67.38,"Show_Hide_Free_Products__c":"Show","Maintenance_Max_Discount__c":0.00,"Total_Displaced_ARR__c":0.00,"CurrencyIsoCode":"USD","LegacyRenewalQuote__c":false,"Credit_Renewal_ARR__c":false,"ShippingStreet":"11095 Viking Drive","Annuial_Revenue_Base__c":67.38,"AdditionalCountry":"United States","Total_Quote_Line_ARR__c":0.00,"CreatedDate":"2026-06-11T21:14:56.000Z","Pricebook2Id":"01sWC0000022GHFYA2","IsSyncing":false,"Renewal_Cancellation_Approval__c":false,"BillingState":"Minnesota","TransactionType":"Fortra_Advanced_Pric (3 more) ...","Discount_Renewal_ARR__c":false,"Contains_Offensive_Security__c":false,"BillingCountryCode":"US","Temp_License_Key_Extension__c":false,"Disable_Export_Control__c":false,"ContactId":"003WC00000x4jCfYAI","PartnerAccountId":"001WC00000ZtazZYAR","Export_License_Required__c":false,"Billing_Partner__c":"001WC00000ZtazZYAR","SalesTransactionTypeId":"1ChWC0000002eJ70AI","Maintenance_Discount_Approval__c":false,"Partner_Pricing_Model__c":"Discount","ShippingCountry":"United States","LineGroupCount":0,"Approval_Status__c":"None","Unsigned_Quote_Approval__c":false,"ContractId":"800WC00000SB0FtYAL","BillToContactId":"003WC00000x4jCfYAI","QuoteTypeText__c":"Renewal","Approval_Rejected_Checkbox__c":false,"ShippingCountryCode":"US","QuoteNumber":"00781084","CanCreateQuoteLineItems":false,"ALE__c":67.38,"BillingStreet":"11095 Viking Drive","Request_Legal_Support__c":false,"Perpetual_Pricing_Discount_Approval__c":false,"LastModifiedById":"005WC00000MgTN2YAN","Displaced_ARR_Approval__c":false}|0x30918162
19:56:16.9 (881297302)|VARIABLE_SCOPE_BEGIN|[251]|source|Quote|true|false
19:56:16.9 (881442955)|VARIABLE_ASSIGNMENT|[251]|source|{"Net_Terms__c":"Net_30","ShippingStateCode":"MN","BillingCity":"Eden Prairie","Bill_To_Place__c":"a0lWC000004nA5ZYAU","BillingCountryCode":"US","QuoteToCountry":"United States","ContactId":"003WC00000x4jCfYAI","PartnerAccountId":"001WC00000ZtazZYAR","Billing_Partner__c":"001WC00000ZtazZYAR","SalesTransactionTypeId":"1ChWC0000002eJ70AI","OpportunityId":"006WC00000QuJ4DYAV","LegalEntityId":"0fwWC000000034LYAQ","Partner_Pricing_Model__c":"Discount","Language__c":"English","ShippingCountry":"United States","BillingPostalCode":"55344","ShippingCity":"Eden Prairie","Ship_To_Place__c":"a0lWC000004nA5ZYAU","BillToContactId":"003WC00000x4jCfYAI","CurrencyIsoCode":"USD","ShippingStreet":"11095 Viking Drive","ShippingCountryCode":"US","Payment_Portal__c":"Fortra (default)","BillingCountry":"United States","BillingStreet":"11095 Viking Drive","BillingStateCode":"MN","ShippingPostalCode":"55344","QuoteToCountryCode":"US","Deal_Type__c":"Fortra Originated","ShippingState":"Minnesota","Id":"0Q0WC0000037yTx0AI","BillingState":"Minnesota"}|0x78625d60
19:56:16.9 (881452469)|VARIABLE_SCOPE_BEGIN|[251]|fieldName|String|false|false
19:56:16.9 (881459403)|VARIABLE_ASSIGNMENT|[251]|fieldName|"BillingState"
19:56:16.9 (881470349)|HEAP_ALLOCATE|[252]|Bytes:5
19:56:16.9 (881475000)|STATEMENT_EXECUTE|[251]
19:56:16.9 (881491970)|SYSTEM_METHOD_ENTRY|[252]|SObject.get(String)
19:56:16.9 (881513714)|HEAP_ALLOCATE|[252]|Bytes:9
19:56:16.9 (881525306)|SYSTEM_METHOD_EXIT|[252]|SObject.get(String)
19:56:16.9 (881534570)|SYSTEM_METHOD_ENTRY|[252]|String.isNotBlank(String)
19:56:16.9 (881542242)|SYSTEM_METHOD_EXIT|[252]|String.isNotBlank(String)
19:56:16.9 (881546507)|STATEMENT_EXECUTE|[252]
19:56:16.9 (881548126)|STATEMENT_EXECUTE|[253]
19:56:16.9 (881556351)|METHOD_EXIT|[220]|01pWC000002WbCz|RenewalQuoteHeaderHandler.copyStringIfBlank(Quote, Quote, String)
19:56:16.9 (881559297)|STATEMENT_EXECUTE|[221]
19:56:16.9 (881564309)|METHOD_ENTRY|[221]|01pWC000002WbCz|RenewalQuoteHeaderHandler.copyStringIfBlank(Quote, Quote, String)
19:56:16.9 (881567581)|VARIABLE_SCOPE_BEGIN|[251]|target|Quote|true|false
19:56:16.9 (882324030)|VARIABLE_ASSIGNMENT|[251]|target|{"LastModifiedDate":"2026-06-14T02:56:16.000Z","Quote_Type__c":"Renewal","Bill_To_Place__c":"a0lWC000004nA5ZYAU","Export_Compliance_Status__c":"Pending","Net_Terms_Approval__c":false,"Exchange_Rate_To_USD__c":1.0000000000,"Export_Review_Required__c":false,"Within_Renewal_Window__c":false,"IsPrimary__c":false,"Credit_Renewal_Approval__c":false,"Days_Until_Renewal__c":362,"Renewal_Contract__c":"800WC00000SB0FtYAL","QuoteAccountId":"001WC00000kZKNxYAO","Pro_Ration_Method__c":"Monthly","Renewal_ARR_Approval__c":false,"Status":"Draft","Show_Hide_Discounts__c":"Show","IsDeleted":false,"Subtotal":67.38,"Force_New_Contract__c":false,"Net_Contract_Change__c":0.00,"Signed_Quote_Approval__c":false,"Terms_and_Conditions__c":false,"Payment_Portal__c":"Fortra (default)","Original_Contract_ARR__c":0.00,"BillingStateCode":"MN","GrandTotal":67.38,"ShippingPostalCode":"55344","ShippingState":"Minnesota","Mycap__c":false,"Deal_Type__c":"Fortra Originated","Id":"0Q0WC00000382MH0AY","Subscription_Pricing_Discount_Approval__c":false,"Net_Terms__c":"Net_30","Discount":0.00,"Services_Discount_Approval__c":false,"Total_Contract_Value_TCV__c":67.38,"LineItemCount":2,"OwnerId":"005WC00000DZ6xVYAT","OpportunityId":"006WC00000QuJ4DYAV","LegalEntityId":"0fwWC000000034LYAQ","Language__c":"English","ShippingCity":"Eden Prairie","GSW__c":false,"Manually_Sent__c":false,"CalculationStatus":"PriceCalculationFail (2 more) ...","Corporate_Currency_Amount__c":67.38,"Annual_Contract_Value_ACV__c":67.38,"Max_Discount_on_QLIs__c":0.00,"Quote_Displaced_ARR__c":0.00,"OriginalActionType":"Renew","Ship_To_Place__c":"a0lWC000004nA5ZYAU","Show_Hide_Product_Number__c":"Show","SystemModstamp":"2026-06-14T02:56:16.000Z","Create_Order_from_Quote__c":false,"BillingCountry":"United States","Manual_Discount__c":0.00,"QuoteToCountryCode":"US","TotalPrice":67.38,"AdditionalCountryCode":"US","Legal_Support_Approval__c":false,"AccountId":"001WC00000kZKNxYAO","ShippingStateCode":"MN","BillingCity":"Eden Prairie","QuoteToCountry":"United States","Total_Discount_Amount__c":0.00,"MYCAP_Approval__c":false,"Name":"Renewal Quote","License_Extension_Approval__c":false,"StartDate":"2026-06-11T00:00:00.000Z","CreatedById":"005WC00000DZ6xVYAT","Auto_Renewal__c":false,"Channel_MSP_Pricing_Discount_Approval__c":false,"BillingPostalCode":"55344","Annualized_License_Equivalent_Base__c":67.38,"Show_Hide_Free_Products__c":"Show","Maintenance_Max_Discount__c":0.00,"Total_Displaced_ARR__c":0.00,"CurrencyIsoCode":"USD","LegacyRenewalQuote__c":false,"Credit_Renewal_ARR__c":false,"ShippingStreet":"11095 Viking Drive","Annuial_Revenue_Base__c":67.38,"AdditionalCountry":"United States","Total_Quote_Line_ARR__c":0.00,"CreatedDate":"2026-06-11T21:14:56.000Z","Pricebook2Id":"01sWC0000022GHFYA2","IsSyncing":false,"Renewal_Cancellation_Approval__c":false,"BillingState":"Minnesota","TransactionType":"Fortra_Advanced_Pric (3 more) ...","Discount_Renewal_ARR__c":false,"Contains_Offensive_Security__c":false,"BillingCountryCode":"US","Temp_License_Key_Extension__c":false,"Disable_Export_Control__c":false,"ContactId":"003WC00000x4jCfYAI","PartnerAccountId":"001WC00000ZtazZYAR","Export_License_Required__c":false,"Billing_Partner__c":"001WC00000ZtazZYAR","SalesTransactionTypeId":"1ChWC0000002eJ70AI","Maintenance_Discount_Approval__c":false,"Partner_Pricing_Model__c":"Discount","ShippingCountry":"United States","LineGroupCount":0,"Approval_Status__c":"None","Unsigned_Quote_Approval__c":false,"ContractId":"800WC00000SB0FtYAL","BillToContactId":"003WC00000x4jCfYAI","QuoteTypeText__c":"Renewal","Approval_Rejected_Checkbox__c":false,"ShippingCountryCode":"US","QuoteNumber":"00781084","CanCreateQuoteLineItems":false,"ALE__c":67.38,"BillingStreet":"11095 Viking Drive","Request_Legal_Support__c":false,"Perpetual_Pricing_Discount_Approval__c":false,"LastModifiedById":"005WC00000MgTN2YAN","Displaced_ARR_Approval__c":false}|0x30918162
19:56:16.9 (882369543)|VARIABLE_SCOPE_BEGIN|[251]|source|Quote|true|false
19:56:16.9 (882485264)|VARIABLE_ASSIGNMENT|[251]|source|{"Net_Terms__c":"Net_30","ShippingStateCode":"MN","BillingCity":"Eden Prairie","Bill_To_Place__c":"a0lWC000004nA5ZYAU","BillingCountryCode":"US","QuoteToCountry":"United States","ContactId":"003WC00000x4jCfYAI","PartnerAccountId":"001WC00000ZtazZYAR","Billing_Partner__c":"001WC00000ZtazZYAR","SalesTransactionTypeId":"1ChWC0000002eJ70AI","OpportunityId":"006WC00000QuJ4DYAV","LegalEntityId":"0fwWC000000034LYAQ","Partner_Pricing_Model__c":"Discount","Language__c":"English","ShippingCountry":"United States","BillingPostalCode":"55344","ShippingCity":"Eden Prairie","Ship_To_Place__c":"a0lWC000004nA5ZYAU","BillToContactId":"003WC00000x4jCfYAI","CurrencyIsoCode":"USD","ShippingStreet":"11095 Viking Drive","ShippingCountryCode":"US","Payment_Portal__c":"Fortra (default)","BillingCountry":"United States","BillingStreet":"11095 Viking Drive","BillingStateCode":"MN","ShippingPostalCode":"55344","QuoteToCountryCode":"US","Deal_Type__c":"Fortra Originated","ShippingState":"Minnesota","Id":"0Q0WC0000037yTx0AI","BillingState":"Minnesota"}|0x78625d60
19:56:16.9 (882494108)|VARIABLE_SCOPE_BEGIN|[251]|fieldName|String|false|false
19:56:16.9 (882500182)|VARIABLE_ASSIGNMENT|[251]|fieldName|"BillingPostalCode"
19:56:16.9 (882511480)|HEAP_ALLOCATE|[252]|Bytes:5
19:56:16.9 (882516545)|STATEMENT_EXECUTE|[251]
19:56:16.9 (882531000)|SYSTEM_METHOD_ENTRY|[252]|SObject.get(String)
19:56:16.9 (882548248)|HEAP_ALLOCATE|[252]|Bytes:5
19:56:16.9 (882555545)|SYSTEM_METHOD_EXIT|[252]|SObject.get(String)
19:56:16.9 (882561369)|SYSTEM_METHOD_ENTRY|[252]|String.isNotBlank(String)
19:56:16.9 (882566055)|SYSTEM_METHOD_EXIT|[252]|String.isNotBlank(String)
19:56:16.9 (882568811)|STATEMENT_EXECUTE|[252]
19:56:16.9 (882569927)|STATEMENT_EXECUTE|[253]
19:56:16.9 (882576390)|METHOD_EXIT|[221]|01pWC000002WbCz|RenewalQuoteHeaderHandler.copyStringIfBlank(Quote, Quote, String)
19:56:16.9 (882579455)|STATEMENT_EXECUTE|[222]
19:56:16.9 (882584243)|METHOD_ENTRY|[222]|01pWC000002WbCz|RenewalQuoteHeaderHandler.copyStringIfBlank(Quote, Quote, String)
19:56:16.9 (882587528)|VARIABLE_SCOPE_BEGIN|[251]|target|Quote|true|false
19:56:16.9 (883282467)|VARIABLE_ASSIGNMENT|[251]|target|{"LastModifiedDate":"2026-06-14T02:56:16.000Z","Quote_Type__c":"Renewal","Bill_To_Place__c":"a0lWC000004nA5ZYAU","Export_Compliance_Status__c":"Pending","Net_Terms_Approval__c":false,"Exchange_Rate_To_USD__c":1.0000000000,"Export_Review_Required__c":false,"Within_Renewal_Window__c":false,"IsPrimary__c":false,"Credit_Renewal_Approval__c":false,"Days_Until_Renewal__c":362,"Renewal_Contract__c":"800WC00000SB0FtYAL","QuoteAccountId":"001WC00000kZKNxYAO","Pro_Ration_Method__c":"Monthly","Renewal_ARR_Approval__c":false,"Status":"Draft","Show_Hide_Discounts__c":"Show","IsDeleted":false,"Subtotal":67.38,"Force_New_Contract__c":false,"Net_Contract_Change__c":0.00,"Signed_Quote_Approval__c":false,"Terms_and_Conditions__c":false,"Payment_Portal__c":"Fortra (default)","Original_Contract_ARR__c":0.00,"BillingStateCode":"MN","GrandTotal":67.38,"ShippingPostalCode":"55344","ShippingState":"Minnesota","Mycap__c":false,"Deal_Type__c":"Fortra Originated","Id":"0Q0WC00000382MH0AY","Subscription_Pricing_Discount_Approval__c":false,"Net_Terms__c":"Net_30","Discount":0.00,"Services_Discount_Approval__c":false,"Total_Contract_Value_TCV__c":67.38,"LineItemCount":2,"OwnerId":"005WC00000DZ6xVYAT","OpportunityId":"006WC00000QuJ4DYAV","LegalEntityId":"0fwWC000000034LYAQ","Language__c":"English","ShippingCity":"Eden Prairie","GSW__c":false,"Manually_Sent__c":false,"CalculationStatus":"PriceCalculationFail (2 more) ...","Corporate_Currency_Amount__c":67.38,"Annual_Contract_Value_ACV__c":67.38,"Max_Discount_on_QLIs__c":0.00,"Quote_Displaced_ARR__c":0.00,"OriginalActionType":"Renew","Ship_To_Place__c":"a0lWC000004nA5ZYAU","Show_Hide_Product_Number__c":"Show","SystemModstamp":"2026-06-14T02:56:16.000Z","Create_Order_from_Quote__c":false,"BillingCountry":"United States","Manual_Discount__c":0.00,"QuoteToCountryCode":"US","TotalPrice":67.38,"AdditionalCountryCode":"US","Legal_Support_Approval__c":false,"AccountId":"001WC00000kZKNxYAO","ShippingStateCode":"MN","BillingCity":"Eden Prairie","QuoteToCountry":"United States","Total_Discount_Amount__c":0.00,"MYCAP_Approval__c":false,"Name":"Renewal Quote","License_Extension_Approval__c":false,"StartDate":"2026-06-11T00:00:00.000Z","CreatedById":"005WC00000DZ6xVYAT","Auto_Renewal__c":false,"Channel_MSP_Pricing_Discount_Approval__c":false,"BillingPostalCode":"55344","Annualized_License_Equivalent_Base__c":67.38,"Show_Hide_Free_Products__c":"Show","Maintenance_Max_Discount__c":0.00,"Total_Displaced_ARR__c":0.00,"CurrencyIsoCode":"USD","LegacyRenewalQuote__c":false,"Credit_Renewal_ARR__c":false,"ShippingStreet":"11095 Viking Drive","Annuial_Revenue_Base__c":67.38,"AdditionalCountry":"United States","Total_Quote_Line_ARR__c":0.00,"CreatedDate":"2026-06-11T21:14:56.000Z","Pricebook2Id":"01sWC0000022GHFYA2","IsSyncing":false,"Renewal_Cancellation_Approval__c":false,"BillingState":"Minnesota","TransactionType":"Fortra_Advanced_Pric (3 more) ...","Discount_Renewal_ARR__c":false,"Contains_Offensive_Security__c":false,"BillingCountryCode":"US","Temp_License_Key_Extension__c":false,"Disable_Export_Control__c":false,"ContactId":"003WC00000x4jCfYAI","PartnerAccountId":"001WC00000ZtazZYAR","Export_License_Required__c":false,"Billing_Partner__c":"001WC00000ZtazZYAR","SalesTransactionTypeId":"1ChWC0000002eJ70AI","Maintenance_Discount_Approval__c":false,"Partner_Pricing_Model__c":"Discount","ShippingCountry":"United States","LineGroupCount":0,"Approval_Status__c":"None","Unsigned_Quote_Approval__c":false,"ContractId":"800WC00000SB0FtYAL","BillToContactId":"003WC00000x4jCfYAI","QuoteTypeText__c":"Renewal","Approval_Rejected_Checkbox__c":false,"ShippingCountryCode":"US","QuoteNumber":"00781084","CanCreateQuoteLineItems":false,"ALE__c":67.38,"BillingStreet":"11095 Viking Drive","Request_Legal_Support__c":false,"Perpetual_Pricing_Discount_Approval__c":false,"LastModifiedById":"005WC00000MgTN2YAN","Displaced_ARR_Approval__c":false}|0x30918162
19:56:16.9 (883324726)|VARIABLE_SCOPE_BEGIN|[251]|source|Quote|true|false
19:56:16.9 (883435659)|VARIABLE_ASSIGNMENT|[251]|source|{"Net_Terms__c":"Net_30","ShippingStateCode":"MN","BillingCity":"Eden Prairie","Bill_To_Place__c":"a0lWC000004nA5ZYAU","BillingCountryCode":"US","QuoteToCountry":"United States","ContactId":"003WC00000x4jCfYAI","PartnerAccountId":"001WC00000ZtazZYAR","Billing_Partner__c":"001WC00000ZtazZYAR","SalesTransactionTypeId":"1ChWC0000002eJ70AI","OpportunityId":"006WC00000QuJ4DYAV","LegalEntityId":"0fwWC000000034LYAQ","Partner_Pricing_Model__c":"Discount","Language__c":"English","ShippingCountry":"United States","BillingPostalCode":"55344","ShippingCity":"Eden Prairie","Ship_To_Place__c":"a0lWC000004nA5ZYAU","BillToContactId":"003WC00000x4jCfYAI","CurrencyIsoCode":"USD","ShippingStreet":"11095 Viking Drive","ShippingCountryCode":"US","Payment_Portal__c":"Fortra (default)","BillingCountry":"United States","BillingStreet":"11095 Viking Drive","BillingStateCode":"MN","ShippingPostalCode":"55344","QuoteToCountryCode":"US","Deal_Type__c":"Fortra Originated","ShippingState":"Minnesota","Id":"0Q0WC0000037yTx0AI","BillingState":"Minnesota"}|0x78625d60
19:56:16.9 (883443234)|VARIABLE_SCOPE_BEGIN|[251]|fieldName|String|false|false
19:56:16.9 (883448969)|VARIABLE_ASSIGNMENT|[251]|fieldName|"BillingCountry"
19:56:16.9 (883458398)|HEAP_ALLOCATE|[252]|Bytes:5
19:56:16.9 (883462305)|STATEMENT_EXECUTE|[251]
19:56:16.9 (883474411)|SYSTEM_METHOD_ENTRY|[252]|SObject.get(String)
19:56:16.9 (883491089)|HEAP_ALLOCATE|[252]|Bytes:13
19:56:16.9 (883498041)|SYSTEM_METHOD_EXIT|[252]|SObject.get(String)
19:56:16.9 (883503416)|SYSTEM_METHOD_ENTRY|[252]|String.isNotBlank(String)
19:56:16.9 (883507891)|SYSTEM_METHOD_EXIT|[252]|String.isNotBlank(String)
19:56:16.9 (883510541)|STATEMENT_EXECUTE|[252]
19:56:16.9 (883511644)|STATEMENT_EXECUTE|[253]
19:56:16.9 (883517943)|METHOD_EXIT|[222]|01pWC000002WbCz|RenewalQuoteHeaderHandler.copyStringIfBlank(Quote, Quote, String)
19:56:16.9 (883520691)|STATEMENT_EXECUTE|[223]
19:56:16.9 (883525219)|METHOD_ENTRY|[223]|01pWC000002WbCz|RenewalQuoteHeaderHandler.copyStringIfBlank(Quote, Quote, String)
19:56:16.9 (883528061)|VARIABLE_SCOPE_BEGIN|[251]|target|Quote|true|false
19:56:16.9 (884197723)|VARIABLE_ASSIGNMENT|[251]|target|{"LastModifiedDate":"2026-06-14T02:56:16.000Z","Quote_Type__c":"Renewal","Bill_To_Place__c":"a0lWC000004nA5ZYAU","Export_Compliance_Status__c":"Pending","Net_Terms_Approval__c":false,"Exchange_Rate_To_USD__c":1.0000000000,"Export_Review_Required__c":false,"Within_Renewal_Window__c":false,"IsPrimary__c":false,"Credit_Renewal_Approval__c":false,"Days_Until_Renewal__c":362,"Renewal_Contract__c":"800WC00000SB0FtYAL","QuoteAccountId":"001WC00000kZKNxYAO","Pro_Ration_Method__c":"Monthly","Renewal_ARR_Approval__c":false,"Status":"Draft","Show_Hide_Discounts__c":"Show","IsDeleted":false,"Subtotal":67.38,"Force_New_Contract__c":false,"Net_Contract_Change__c":0.00,"Signed_Quote_Approval__c":false,"Terms_and_Conditions__c":false,"Payment_Portal__c":"Fortra (default)","Original_Contract_ARR__c":0.00,"BillingStateCode":"MN","GrandTotal":67.38,"ShippingPostalCode":"55344","ShippingState":"Minnesota","Mycap__c":false,"Deal_Type__c":"Fortra Originated","Id":"0Q0WC00000382MH0AY","Subscription_Pricing_Discount_Approval__c":false,"Net_Terms__c":"Net_30","Discount":0.00,"Services_Discount_Approval__c":false,"Total_Contract_Value_TCV__c":67.38,"LineItemCount":2,"OwnerId":"005WC00000DZ6xVYAT","OpportunityId":"006WC00000QuJ4DYAV","LegalEntityId":"0fwWC000000034LYAQ","Language__c":"English","ShippingCity":"Eden Prairie","GSW__c":false,"Manually_Sent__c":false,"CalculationStatus":"PriceCalculationFail (2 more) ...","Corporate_Currency_Amount__c":67.38,"Annual_Contract_Value_ACV__c":67.38,"Max_Discount_on_QLIs__c":0.00,"Quote_Displaced_ARR__c":0.00,"OriginalActionType":"Renew","Ship_To_Place__c":"a0lWC000004nA5ZYAU","Show_Hide_Product_Number__c":"Show","SystemModstamp":"2026-06-14T02:56:16.000Z","Create_Order_from_Quote__c":false,"BillingCountry":"United States","Manual_Discount__c":0.00,"QuoteToCountryCode":"US","TotalPrice":67.38,"AdditionalCountryCode":"US","Legal_Support_Approval__c":false,"AccountId":"001WC00000kZKNxYAO","ShippingStateCode":"MN","BillingCity":"Eden Prairie","QuoteToCountry":"United States","Total_Discount_Amount__c":0.00,"MYCAP_Approval__c":false,"Name":"Renewal Quote","License_Extension_Approval__c":false,"StartDate":"2026-06-11T00:00:00.000Z","CreatedById":"005WC00000DZ6xVYAT","Auto_Renewal__c":false,"Channel_MSP_Pricing_Discount_Approval__c":false,"BillingPostalCode":"55344","Annualized_License_Equivalent_Base__c":67.38,"Show_Hide_Free_Products__c":"Show","Maintenance_Max_Discount__c":0.00,"Total_Displaced_ARR__c":0.00,"CurrencyIsoCode":"USD","LegacyRenewalQuote__c":false,"Credit_Renewal_ARR__c":false,"ShippingStreet":"11095 Viking Drive","Annuial_Revenue_Base__c":67.38,"AdditionalCountry":"United States","Total_Quote_Line_ARR__c":0.00,"CreatedDate":"2026-06-11T21:14:56.000Z","Pricebook2Id":"01sWC0000022GHFYA2","IsSyncing":false,"Renewal_Cancellation_Approval__c":false,"BillingState":"Minnesota","TransactionType":"Fortra_Advanced_Pric (3 more) ...","Discount_Renewal_ARR__c":false,"Contains_Offensive_Security__c":false,"BillingCountryCode":"US","Temp_License_Key_Extension__c":false,"Disable_Export_Control__c":false,"ContactId":"003WC00000x4jCfYAI","PartnerAccountId":"001WC00000ZtazZYAR","Export_License_Required__c":false,"Billing_Partner__c":"001WC00000ZtazZYAR","SalesTransactionTypeId":"1ChWC0000002eJ70AI","Maintenance_Discount_Approval__c":false,"Partner_Pricing_Model__c":"Discount","ShippingCountry":"United States","LineGroupCount":0,"Approval_Status__c":"None","Unsigned_Quote_Approval__c":false,"ContractId":"800WC00000SB0FtYAL","BillToContactId":"003WC00000x4jCfYAI","QuoteTypeText__c":"Renewal","Approval_Rejected_Checkbox__c":false,"ShippingCountryCode":"US","QuoteNumber":"00781084","CanCreateQuoteLineItems":false,"ALE__c":67.38,"BillingStreet":"11095 Viking Drive","Request_Legal_Support__c":false,"Perpetual_Pricing_Discount_Approval__c":false,"LastModifiedById":"005WC00000MgTN2YAN","Displaced_ARR_Approval__c":false}|0x30918162
19:56:16.9 (884240302)|VARIABLE_SCOPE_BEGIN|[251]|source|Quote|true|false
19:56:16.9 (884351826)|VARIABLE_ASSIGNMENT|[251]|source|{"Net_Terms__c":"Net_30","ShippingStateCode":"MN","BillingCity":"Eden Prairie","Bill_To_Place__c":"a0lWC000004nA5ZYAU","BillingCountryCode":"US","QuoteToCountry":"United States","ContactId":"003WC00000x4jCfYAI","PartnerAccountId":"001WC00000ZtazZYAR","Billing_Partner__c":"001WC00000ZtazZYAR","SalesTransactionTypeId":"1ChWC0000002eJ70AI","OpportunityId":"006WC00000QuJ4DYAV","LegalEntityId":"0fwWC000000034LYAQ","Partner_Pricing_Model__c":"Discount","Language__c":"English","ShippingCountry":"United States","BillingPostalCode":"55344","ShippingCity":"Eden Prairie","Ship_To_Place__c":"a0lWC000004nA5ZYAU","BillToContactId":"003WC00000x4jCfYAI","CurrencyIsoCode":"USD","ShippingStreet":"11095 Viking Drive","ShippingCountryCode":"US","Payment_Portal__c":"Fortra (default)","BillingCountry":"United States","BillingStreet":"11095 Viking Drive","BillingStateCode":"MN","ShippingPostalCode":"55344","QuoteToCountryCode":"US","Deal_Type__c":"Fortra Originated","ShippingState":"Minnesota","Id":"0Q0WC0000037yTx0AI","BillingState":"Minnesota"}|0x78625d60
19:56:16.9 (884363720)|VARIABLE_SCOPE_BEGIN|[251]|fieldName|String|false|false
19:56:16.9 (884372224)|VARIABLE_ASSIGNMENT|[251]|fieldName|"BillingStateCode"
19:56:16.9 (884384164)|HEAP_ALLOCATE|[252]|Bytes:5
19:56:16.9 (884389649)|STATEMENT_EXECUTE|[251]
19:56:16.9 (884406708)|SYSTEM_METHOD_ENTRY|[252]|SObject.get(String)
19:56:16.9 (884432513)|HEAP_ALLOCATE|[252]|Bytes:2
19:56:16.9 (884440830)|SYSTEM_METHOD_EXIT|[252]|SObject.get(String)
19:56:16.9 (884446627)|SYSTEM_METHOD_ENTRY|[252]|String.isNotBlank(String)
19:56:16.9 (884451016)|SYSTEM_METHOD_EXIT|[252]|String.isNotBlank(String)
19:56:16.9 (884453796)|STATEMENT_EXECUTE|[252]
19:56:16.9 (884454908)|STATEMENT_EXECUTE|[253]
19:56:16.9 (884461423)|METHOD_EXIT|[223]|01pWC000002WbCz|RenewalQuoteHeaderHandler.copyStringIfBlank(Quote, Quote, String)
19:56:16.9 (884464272)|STATEMENT_EXECUTE|[224]
19:56:16.9 (884468726)|METHOD_ENTRY|[224]|01pWC000002WbCz|RenewalQuoteHeaderHandler.copyStringIfBlank(Quote, Quote, String)
19:56:16.9 (884471702)|VARIABLE_SCOPE_BEGIN|[251]|target|Quote|true|false
19:56:16.9 (885234543)|VARIABLE_ASSIGNMENT|[251]|target|{"LastModifiedDate":"2026-06-14T02:56:16.000Z","Quote_Type__c":"Renewal","Bill_To_Place__c":"a0lWC000004nA5ZYAU","Export_Compliance_Status__c":"Pending","Net_Terms_Approval__c":false,"Exchange_Rate_To_USD__c":1.0000000000,"Export_Review_Required__c":false,"Within_Renewal_Window__c":false,"IsPrimary__c":false,"Credit_Renewal_Approval__c":false,"Days_Until_Renewal__c":362,"Renewal_Contract__c":"800WC00000SB0FtYAL","QuoteAccountId":"001WC00000kZKNxYAO","Pro_Ration_Method__c":"Monthly","Renewal_ARR_Approval__c":false,"Status":"Draft","Show_Hide_Discounts__c":"Show","IsDeleted":false,"Subtotal":67.38,"Force_New_Contract__c":false,"Net_Contract_Change__c":0.00,"Signed_Quote_Approval__c":false,"Terms_and_Conditions__c":false,"Payment_Portal__c":"Fortra (default)","Original_Contract_ARR__c":0.00,"BillingStateCode":"MN","GrandTotal":67.38,"ShippingPostalCode":"55344","ShippingState":"Minnesota","Mycap__c":false,"Deal_Type__c":"Fortra Originated","Id":"0Q0WC00000382MH0AY","Subscription_Pricing_Discount_Approval__c":false,"Net_Terms__c":"Net_30","Discount":0.00,"Services_Discount_Approval__c":false,"Total_Contract_Value_TCV__c":67.38,"LineItemCount":2,"OwnerId":"005WC00000DZ6xVYAT","OpportunityId":"006WC00000QuJ4DYAV","LegalEntityId":"0fwWC000000034LYAQ","Language__c":"English","ShippingCity":"Eden Prairie","GSW__c":false,"Manually_Sent__c":false,"CalculationStatus":"PriceCalculationFail (2 more) ...","Corporate_Currency_Amount__c":67.38,"Annual_Contract_Value_ACV__c":67.38,"Max_Discount_on_QLIs__c":0.00,"Quote_Displaced_ARR__c":0.00,"OriginalActionType":"Renew","Ship_To_Place__c":"a0lWC000004nA5ZYAU","Show_Hide_Product_Number__c":"Show","SystemModstamp":"2026-06-14T02:56:16.000Z","Create_Order_from_Quote__c":false,"BillingCountry":"United States","Manual_Discount__c":0.00,"QuoteToCountryCode":"US","TotalPrice":67.38,"AdditionalCountryCode":"US","Legal_Support_Approval__c":false,"AccountId":"001WC00000kZKNxYAO","ShippingStateCode":"MN","BillingCity":"Eden Prairie","QuoteToCountry":"United States","Total_Discount_Amount__c":0.00,"MYCAP_Approval__c":false,"Name":"Renewal Quote","License_Extension_Approval__c":false,"StartDate":"2026-06-11T00:00:00.000Z","CreatedById":"005WC00000DZ6xVYAT","Auto_Renewal__c":false,"Channel_MSP_Pricing_Discount_Approval__c":false,"BillingPostalCode":"55344","Annualized_License_Equivalent_Base__c":67.38,"Show_Hide_Free_Products__c":"Show","Maintenance_Max_Discount__c":0.00,"Total_Displaced_ARR__c":0.00,"CurrencyIsoCode":"USD","LegacyRenewalQuote__c":false,"Credit_Renewal_ARR__c":false,"ShippingStreet":"11095 Viking Drive","Annuial_Revenue_Base__c":67.38,"AdditionalCountry":"United States","Total_Quote_Line_ARR__c":0.00,"CreatedDate":"2026-06-11T21:14:56.000Z","Pricebook2Id":"01sWC0000022GHFYA2","IsSyncing":false,"Renewal_Cancellation_Approval__c":false,"BillingState":"Minnesota","TransactionType":"Fortra_Advanced_Pric (3 more) ...","Discount_Renewal_ARR__c":false,"Contains_Offensive_Security__c":false,"BillingCountryCode":"US","Temp_License_Key_Extension__c":false,"Disable_Export_Control__c":false,"ContactId":"003WC00000x4jCfYAI","PartnerAccountId":"001WC00000ZtazZYAR","Export_License_Required__c":false,"Billing_Partner__c":"001WC00000ZtazZYAR","SalesTransactionTypeId":"1ChWC0000002eJ70AI","Maintenance_Discount_Approval__c":false,"Partner_Pricing_Model__c":"Discount","ShippingCountry":"United States","LineGroupCount":0,"Approval_Status__c":"None","Unsigned_Quote_Approval__c":false,"ContractId":"800WC00000SB0FtYAL","BillToContactId":"003WC00000x4jCfYAI","QuoteTypeText__c":"Renewal","Approval_Rejected_Checkbox__c":false,"ShippingCountryCode":"US","QuoteNumber":"00781084","CanCreateQuoteLineItems":false,"ALE__c":67.38,"BillingStreet":"11095 Viking Drive","Request_Legal_Support__c":false,"Perpetual_Pricing_Discount_Approval__c":false,"LastModifiedById":"005WC00000MgTN2YAN","Displaced_ARR_Approval__c":false}|0x30918162
19:56:16.9 (885282164)|VARIABLE_SCOPE_BEGIN|[251]|source|Quote|true|false
19:56:16.9 (885443021)|VARIABLE_ASSIGNMENT|[251]|source|{"Net_Terms__c":"Net_30","ShippingStateCode":"MN","BillingCity":"Eden Prairie","Bill_To_Place__c":"a0lWC000004nA5ZYAU","BillingCountryCode":"US","QuoteToCountry":"United States","ContactId":"003WC00000x4jCfYAI","PartnerAccountId":"001WC00000ZtazZYAR","Billing_Partner__c":"001WC00000ZtazZYAR","SalesTransactionTypeId":"1ChWC0000002eJ70AI","OpportunityId":"006WC00000QuJ4DYAV","LegalEntityId":"0fwWC000000034LYAQ","Partner_Pricing_Model__c":"Discount","Language__c":"English","ShippingCountry":"United States","BillingPostalCode":"55344","ShippingCity":"Eden Prairie","Ship_To_Place__c":"a0lWC000004nA5ZYAU","BillToContactId":"003WC00000x4jCfYAI","CurrencyIsoCode":"USD","ShippingStreet":"11095 Viking Drive","ShippingCountryCode":"US","Payment_Portal__c":"Fortra (default)","BillingCountry":"United States","BillingStreet":"11095 Viking Drive","BillingStateCode":"MN","ShippingPostalCode":"55344","QuoteToCountryCode":"US","Deal_Type__c":"Fortra Originated","ShippingState":"Minnesota","Id":"0Q0WC0000037yTx0AI","BillingState":"Minnesota"}|0x78625d60
19:56:16.9 (885457381)|VARIABLE_SCOPE_BEGIN|[251]|fieldName|String|false|false
19:56:16.9 (885467053)|VARIABLE_ASSIGNMENT|[251]|fieldName|"BillingCountryCode"
19:56:16.9 (885487496)|HEAP_ALLOCATE|[252]|Bytes:5
19:56:16.9 (885493515)|STATEMENT_EXECUTE|[251]
19:56:16.9 (885516450)|SYSTEM_METHOD_ENTRY|[252]|SObject.get(String)
19:56:16.9 (885541766)|HEAP_ALLOCATE|[252]|Bytes:2
19:56:16.9 (885549485)|SYSTEM_METHOD_EXIT|[252]|SObject.get(String)
19:56:16.9 (885555831)|SYSTEM_METHOD_ENTRY|[252]|String.isNotBlank(String)
19:56:16.9 (885560607)|SYSTEM_METHOD_EXIT|[252]|String.isNotBlank(String)
19:56:16.9 (885563581)|STATEMENT_EXECUTE|[252]
19:56:16.9 (885564640)|STATEMENT_EXECUTE|[253]
19:56:16.9 (885571639)|METHOD_EXIT|[224]|01pWC000002WbCz|RenewalQuoteHeaderHandler.copyStringIfBlank(Quote, Quote, String)
19:56:16.9 (885574701)|STATEMENT_EXECUTE|[225]
19:56:16.9 (885579245)|METHOD_ENTRY|[225]|01pWC000002WbCz|RenewalQuoteHeaderHandler.copyStringIfBlank(Quote, Quote, String)
19:56:16.9 (885582181)|VARIABLE_SCOPE_BEGIN|[251]|target|Quote|true|false
19:56:16.9 (886571878)|VARIABLE_ASSIGNMENT|[251]|target|{"LastModifiedDate":"2026-06-14T02:56:16.000Z","Quote_Type__c":"Renewal","Bill_To_Place__c":"a0lWC000004nA5ZYAU","Export_Compliance_Status__c":"Pending","Net_Terms_Approval__c":false,"Exchange_Rate_To_USD__c":1.0000000000,"Export_Review_Required__c":false,"Within_Renewal_Window__c":false,"IsPrimary__c":false,"Credit_Renewal_Approval__c":false,"Days_Until_Renewal__c":362,"Renewal_Contract__c":"800WC00000SB0FtYAL","QuoteAccountId":"001WC00000kZKNxYAO","Pro_Ration_Method__c":"Monthly","Renewal_ARR_Approval__c":false,"Status":"Draft","Show_Hide_Discounts__c":"Show","IsDeleted":false,"Subtotal":67.38,"Force_New_Contract__c":false,"Net_Contract_Change__c":0.00,"Signed_Quote_Approval__c":false,"Terms_and_Conditions__c":false,"Payment_Portal__c":"Fortra (default)","Original_Contract_ARR__c":0.00,"BillingStateCode":"MN","GrandTotal":67.38,"ShippingPostalCode":"55344","ShippingState":"Minnesota","Mycap__c":false,"Deal_Type__c":"Fortra Originated","Id":"0Q0WC00000382MH0AY","Subscription_Pricing_Discount_Approval__c":false,"Net_Terms__c":"Net_30","Discount":0.00,"Services_Discount_Approval__c":false,"Total_Contract_Value_TCV__c":67.38,"LineItemCount":2,"OwnerId":"005WC00000DZ6xVYAT","OpportunityId":"006WC00000QuJ4DYAV","LegalEntityId":"0fwWC000000034LYAQ","Language__c":"English","ShippingCity":"Eden Prairie","GSW__c":false,"Manually_Sent__c":false,"CalculationStatus":"PriceCalculationFail (2 more) ...","Corporate_Currency_Amount__c":67.38,"Annual_Contract_Value_ACV__c":67.38,"Max_Discount_on_QLIs__c":0.00,"Quote_Displaced_ARR__c":0.00,"OriginalActionType":"Renew","Ship_To_Place__c":"a0lWC000004nA5ZYAU","Show_Hide_Product_Number__c":"Show","SystemModstamp":"2026-06-14T02:56:16.000Z","Create_Order_from_Quote__c":false,"BillingCountry":"United States","Manual_Discount__c":0.00,"QuoteToCountryCode":"US","TotalPrice":67.38,"AdditionalCountryCode":"US","Legal_Support_Approval__c":false,"AccountId":"001WC00000kZKNxYAO","ShippingStateCode":"MN","BillingCity":"Eden Prairie","QuoteToCountry":"United States","Total_Discount_Amount__c":0.00,"MYCAP_Approval__c":false,"Name":"Renewal Quote","License_Extension_Approval__c":false,"StartDate":"2026-06-11T00:00:00.000Z","CreatedById":"005WC00000DZ6xVYAT","Auto_Renewal__c":false,"Channel_MSP_Pricing_Discount_Approval__c":false,"BillingPostalCode":"55344","Annualized_License_Equivalent_Base__c":67.38,"Show_Hide_Free_Products__c":"Show","Maintenance_Max_Discount__c":0.00,"Total_Displaced_ARR__c":0.00,"CurrencyIsoCode":"USD","LegacyRenewalQuote__c":false,"Credit_Renewal_ARR__c":false,"ShippingStreet":"11095 Viking Drive","Annuial_Revenue_Base__c":67.38,"AdditionalCountry":"United States","Total_Quote_Line_ARR__c":0.00,"CreatedDate":"2026-06-11T21:14:56.000Z","Pricebook2Id":"01sWC0000022GHFYA2","IsSyncing":false,"Renewal_Cancellation_Approval__c":false,"BillingState":"Minnesota","TransactionType":"Fortra_Advanced_Pric (3 more) ...","Discount_Renewal_ARR__c":false,"Contains_Offensive_Security__c":false,"BillingCountryCode":"US","Temp_License_Key_Extension__c":false,"Disable_Export_Control__c":false,"ContactId":"003WC00000x4jCfYAI","PartnerAccountId":"001WC00000ZtazZYAR","Export_License_Required__c":false,"Billing_Partner__c":"001WC00000ZtazZYAR","SalesTransactionTypeId":"1ChWC0000002eJ70AI","Maintenance_Discount_Approval__c":false,"Partner_Pricing_Model__c":"Discount","ShippingCountry":"United States","LineGroupCount":0,"Approval_Status__c":"None","Unsigned_Quote_Approval__c":false,"ContractId":"800WC00000SB0FtYAL","BillToContactId":"003WC00000x4jCfYAI","QuoteTypeText__c":"Renewal","Approval_Rejected_Checkbox__c":false,"ShippingCountryCode":"US","QuoteNumber":"00781084","CanCreateQuoteLineItems":false,"ALE__c":67.38,"BillingStreet":"11095 Viking Drive","Request_Legal_Support__c":false,"Perpetual_Pricing_Discount_Approval__c":false,"LastModifiedById":"005WC00000MgTN2YAN","Displaced_ARR_Approval__c":false}|0x30918162
19:56:16.9 (886623485)|VARIABLE_SCOPE_BEGIN|[251]|source|Quote|true|false
19:56:16.9 (886778682)|VARIABLE_ASSIGNMENT|[251]|source|{"Net_Terms__c":"Net_30","ShippingStateCode":"MN","BillingCity":"Eden Prairie","Bill_To_Place__c":"a0lWC000004nA5ZYAU","BillingCountryCode":"US","QuoteToCountry":"United States","ContactId":"003WC00000x4jCfYAI","PartnerAccountId":"001WC00000ZtazZYAR","Billing_Partner__c":"001WC00000ZtazZYAR","SalesTransactionTypeId":"1ChWC0000002eJ70AI","OpportunityId":"006WC00000QuJ4DYAV","LegalEntityId":"0fwWC000000034LYAQ","Partner_Pricing_Model__c":"Discount","Language__c":"English","ShippingCountry":"United States","BillingPostalCode":"55344","ShippingCity":"Eden Prairie","Ship_To_Place__c":"a0lWC000004nA5ZYAU","BillToContactId":"003WC00000x4jCfYAI","CurrencyIsoCode":"USD","ShippingStreet":"11095 Viking Drive","ShippingCountryCode":"US","Payment_Portal__c":"Fortra (default)","BillingCountry":"United States","BillingStreet":"11095 Viking Drive","BillingStateCode":"MN","ShippingPostalCode":"55344","QuoteToCountryCode":"US","Deal_Type__c":"Fortra Originated","ShippingState":"Minnesota","Id":"0Q0WC0000037yTx0AI","BillingState":"Minnesota"}|0x78625d60
19:56:16.9 (886788477)|VARIABLE_SCOPE_BEGIN|[251]|fieldName|String|false|false
19:56:16.9 (886795350)|VARIABLE_ASSIGNMENT|[251]|fieldName|"ShippingStreet"
19:56:16.9 (886808575)|HEAP_ALLOCATE|[252]|Bytes:5
19:56:16.9 (886814174)|STATEMENT_EXECUTE|[251]
19:56:16.9 (886834847)|SYSTEM_METHOD_ENTRY|[252]|SObject.get(String)
19:56:16.9 (886857113)|HEAP_ALLOCATE|[252]|Bytes:18
19:56:16.9 (886865738)|SYSTEM_METHOD_EXIT|[252]|SObject.get(String)
19:56:16.9 (886871983)|SYSTEM_METHOD_ENTRY|[252]|String.isNotBlank(String)
19:56:16.9 (886876983)|SYSTEM_METHOD_EXIT|[252]|String.isNotBlank(String)
19:56:16.9 (886879754)|STATEMENT_EXECUTE|[252]
19:56:16.9 (886880912)|STATEMENT_EXECUTE|[253]
19:56:16.9 (886888553)|METHOD_EXIT|[225]|01pWC000002WbCz|RenewalQuoteHeaderHandler.copyStringIfBlank(Quote, Quote, String)
19:56:16.9 (886891676)|STATEMENT_EXECUTE|[226]
19:56:16.9 (886896335)|METHOD_ENTRY|[226]|01pWC000002WbCz|RenewalQuoteHeaderHandler.copyStringIfBlank(Quote, Quote, String)
19:56:16.9 (886899570)|VARIABLE_SCOPE_BEGIN|[251]|target|Quote|true|false
19:56:16.9 (887756835)|VARIABLE_ASSIGNMENT|[251]|target|{"LastModifiedDate":"2026-06-14T02:56:16.000Z","Quote_Type__c":"Renewal","Bill_To_Place__c":"a0lWC000004nA5ZYAU","Export_Compliance_Status__c":"Pending","Net_Terms_Approval__c":false,"Exchange_Rate_To_USD__c":1.0000000000,"Export_Review_Required__c":false,"Within_Renewal_Window__c":false,"IsPrimary__c":false,"Credit_Renewal_Approval__c":false,"Days_Until_Renewal__c":362,"Renewal_Contract__c":"800WC00000SB0FtYAL","QuoteAccountId":"001WC00000kZKNxYAO","Pro_Ration_Method__c":"Monthly","Renewal_ARR_Approval__c":false,"Status":"Draft","Show_Hide_Discounts__c":"Show","IsDeleted":false,"Subtotal":67.38,"Force_New_Contract__c":false,"Net_Contract_Change__c":0.00,"Signed_Quote_Approval__c":false,"Terms_and_Conditions__c":false,"Payment_Portal__c":"Fortra (default)","Original_Contract_ARR__c":0.00,"BillingStateCode":"MN","GrandTotal":67.38,"ShippingPostalCode":"55344","ShippingState":"Minnesota","Mycap__c":false,"Deal_Type__c":"Fortra Originated","Id":"0Q0WC00000382MH0AY","Subscription_Pricing_Discount_Approval__c":false,"Net_Terms__c":"Net_30","Discount":0.00,"Services_Discount_Approval__c":false,"Total_Contract_Value_TCV__c":67.38,"LineItemCount":2,"OwnerId":"005WC00000DZ6xVYAT","OpportunityId":"006WC00000QuJ4DYAV","LegalEntityId":"0fwWC000000034LYAQ","Language__c":"English","ShippingCity":"Eden Prairie","GSW__c":false,"Manually_Sent__c":false,"CalculationStatus":"PriceCalculationFail (2 more) ...","Corporate_Currency_Amount__c":67.38,"Annual_Contract_Value_ACV__c":67.38,"Max_Discount_on_QLIs__c":0.00,"Quote_Displaced_ARR__c":0.00,"OriginalActionType":"Renew","Ship_To_Place__c":"a0lWC000004nA5ZYAU","Show_Hide_Product_Number__c":"Show","SystemModstamp":"2026-06-14T02:56:16.000Z","Create_Order_from_Quote__c":false,"BillingCountry":"United States","Manual_Discount__c":0.00,"QuoteToCountryCode":"US","TotalPrice":67.38,"AdditionalCountryCode":"US","Legal_Support_Approval__c":false,"AccountId":"001WC00000kZKNxYAO","ShippingStateCode":"MN","BillingCity":"Eden Prairie","QuoteToCountry":"United States","Total_Discount_Amount__c":0.00,"MYCAP_Approval__c":false,"Name":"Renewal Quote","License_Extension_Approval__c":false,"StartDate":"2026-06-11T00:00:00.000Z","CreatedById":"005WC00000DZ6xVYAT","Auto_Renewal__c":false,"Channel_MSP_Pricing_Discount_Approval__c":false,"BillingPostalCode":"55344","Annualized_License_Equivalent_Base__c":67.38,"Show_Hide_Free_Products__c":"Show","Maintenance_Max_Discount__c":0.00,"Total_Displaced_ARR__c":0.00,"CurrencyIsoCode":"USD","LegacyRenewalQuote__c":false,"Credit_Renewal_ARR__c":false,"ShippingStreet":"11095 Viking Drive","Annuial_Revenue_Base__c":67.38,"AdditionalCountry":"United States","Total_Quote_Line_ARR__c":0.00,"CreatedDate":"2026-06-11T21:14:56.000Z","Pricebook2Id":"01sWC0000022GHFYA2","IsSyncing":false,"Renewal_Cancellation_Approval__c":false,"BillingState":"Minnesota","TransactionType":"Fortra_Advanced_Pric (3 more) ...","Discount_Renewal_ARR__c":false,"Contains_Offensive_Security__c":false,"BillingCountryCode":"US","Temp_License_Key_Extension__c":false,"Disable_Export_Control__c":false,"ContactId":"003WC00000x4jCfYAI","PartnerAccountId":"001WC00000ZtazZYAR","Export_License_Required__c":false,"Billing_Partner__c":"001WC00000ZtazZYAR","SalesTransactionTypeId":"1ChWC0000002eJ70AI","Maintenance_Discount_Approval__c":false,"Partner_Pricing_Model__c":"Discount","ShippingCountry":"United States","LineGroupCount":0,"Approval_Status__c":"None","Unsigned_Quote_Approval__c":false,"ContractId":"800WC00000SB0FtYAL","BillToContactId":"003WC00000x4jCfYAI","QuoteTypeText__c":"Renewal","Approval_Rejected_Checkbox__c":false,"ShippingCountryCode":"US","QuoteNumber":"00781084","CanCreateQuoteLineItems":false,"ALE__c":67.38,"BillingStreet":"11095 Viking Drive","Request_Legal_Support__c":false,"Perpetual_Pricing_Discount_Approval__c":false,"LastModifiedById":"005WC00000MgTN2YAN","Displaced_ARR_Approval__c":false}|0x30918162
19:56:16.9 (887808064)|VARIABLE_SCOPE_BEGIN|[251]|source|Quote|true|false
19:56:16.9 (887932092)|VARIABLE_ASSIGNMENT|[251]|source|{"Net_Terms__c":"Net_30","ShippingStateCode":"MN","BillingCity":"Eden Prairie","Bill_To_Place__c":"a0lWC000004nA5ZYAU","BillingCountryCode":"US","QuoteToCountry":"United States","ContactId":"003WC00000x4jCfYAI","PartnerAccountId":"001WC00000ZtazZYAR","Billing_Partner__c":"001WC00000ZtazZYAR","SalesTransactionTypeId":"1ChWC0000002eJ70AI","OpportunityId":"006WC00000QuJ4DYAV","LegalEntityId":"0fwWC000000034LYAQ","Partner_Pricing_Model__c":"Discount","Language__c":"English","ShippingCountry":"United States","BillingPostalCode":"55344","ShippingCity":"Eden Prairie","Ship_To_Place__c":"a0lWC000004nA5ZYAU","BillToContactId":"003WC00000x4jCfYAI","CurrencyIsoCode":"USD","ShippingStreet":"11095 Viking Drive","ShippingCountryCode":"US","Payment_Portal__c":"Fortra (default)","BillingCountry":"United States","BillingStreet":"11095 Viking Drive","BillingStateCode":"MN","ShippingPostalCode":"55344","QuoteToCountryCode":"US","Deal_Type__c":"Fortra Originated","ShippingState":"Minnesota","Id":"0Q0WC0000037yTx0AI","BillingState":"Minnesota"}|0x78625d60
19:56:16.9 (887940165)|VARIABLE_SCOPE_BEGIN|[251]|fieldName|String|false|false
19:56:16.9 (887946916)|VARIABLE_ASSIGNMENT|[251]|fieldName|"ShippingCity"
19:56:16.9 (887958967)|HEAP_ALLOCATE|[252]|Bytes:5
19:56:16.9 (887964020)|STATEMENT_EXECUTE|[251]
19:56:16.9 (888017799)|SYSTEM_METHOD_ENTRY|[252]|SObject.get(String)
19:56:16.9 (888044509)|HEAP_ALLOCATE|[252]|Bytes:12
19:56:16.9 (888053257)|SYSTEM_METHOD_EXIT|[252]|SObject.get(String)
19:56:16.9 (888059317)|SYSTEM_METHOD_ENTRY|[252]|String.isNotBlank(String)
19:56:16.9 (888064297)|SYSTEM_METHOD_EXIT|[252]|String.isNotBlank(String)
19:56:16.9 (888066992)|STATEMENT_EXECUTE|[252]
19:56:16.9 (888068092)|STATEMENT_EXECUTE|[253]
19:56:16.9 (888075785)|METHOD_EXIT|[226]|01pWC000002WbCz|RenewalQuoteHeaderHandler.copyStringIfBlank(Quote, Quote, String)
19:56:16.9 (888078640)|STATEMENT_EXECUTE|[227]
19:56:16.9 (888083581)|METHOD_ENTRY|[227]|01pWC000002WbCz|RenewalQuoteHeaderHandler.copyStringIfBlank(Quote, Quote, String)
19:56:16.9 (888086747)|VARIABLE_SCOPE_BEGIN|[251]|target|Quote|true|false
19:56:16.9 (888958350)|VARIABLE_ASSIGNMENT|[251]|target|{"LastModifiedDate":"2026-06-14T02:56:16.000Z","Quote_Type__c":"Renewal","Bill_To_Place__c":"a0lWC000004nA5ZYAU","Export_Compliance_Status__c":"Pending","Net_Terms_Approval__c":false,"Exchange_Rate_To_USD__c":1.0000000000,"Export_Review_Required__c":false,"Within_Renewal_Window__c":false,"IsPrimary__c":false,"Credit_Renewal_Approval__c":false,"Days_Until_Renewal__c":362,"Renewal_Contract__c":"800WC00000SB0FtYAL","QuoteAccountId":"001WC00000kZKNxYAO","Pro_Ration_Method__c":"Monthly","Renewal_ARR_Approval__c":false,"Status":"Draft","Show_Hide_Discounts__c":"Show","IsDeleted":false,"Subtotal":67.38,"Force_New_Contract__c":false,"Net_Contract_Change__c":0.00,"Signed_Quote_Approval__c":false,"Terms_and_Conditions__c":false,"Payment_Portal__c":"Fortra (default)","Original_Contract_ARR__c":0.00,"BillingStateCode":"MN","GrandTotal":67.38,"ShippingPostalCode":"55344","ShippingState":"Minnesota","Mycap__c":false,"Deal_Type__c":"Fortra Originated","Id":"0Q0WC00000382MH0AY","Subscription_Pricing_Discount_Approval__c":false,"Net_Terms__c":"Net_30","Discount":0.00,"Services_Discount_Approval__c":false,"Total_Contract_Value_TCV__c":67.38,"LineItemCount":2,"OwnerId":"005WC00000DZ6xVYAT","OpportunityId":"006WC00000QuJ4DYAV","LegalEntityId":"0fwWC000000034LYAQ","Language__c":"English","ShippingCity":"Eden Prairie","GSW__c":false,"Manually_Sent__c":false,"CalculationStatus":"PriceCalculationFail (2 more) ...","Corporate_Currency_Amount__c":67.38,"Annual_Contract_Value_ACV__c":67.38,"Max_Discount_on_QLIs__c":0.00,"Quote_Displaced_ARR__c":0.00,"OriginalActionType":"Renew","Ship_To_Place__c":"a0lWC000004nA5ZYAU","Show_Hide_Product_Number__c":"Show","SystemModstamp":"2026-06-14T02:56:16.000Z","Create_Order_from_Quote__c":false,"BillingCountry":"United States","Manual_Discount__c":0.00,"QuoteToCountryCode":"US","TotalPrice":67.38,"AdditionalCountryCode":"US","Legal_Support_Approval__c":false,"AccountId":"001WC00000kZKNxYAO","ShippingStateCode":"MN","BillingCity":"Eden Prairie","QuoteToCountry":"United States","Total_Discount_Amount__c":0.00,"MYCAP_Approval__c":false,"Name":"Renewal Quote","License_Extension_Approval__c":false,"StartDate":"2026-06-11T00:00:00.000Z","CreatedById":"005WC00000DZ6xVYAT","Auto_Renewal__c":false,"Channel_MSP_Pricing_Discount_Approval__c":false,"BillingPostalCode":"55344","Annualized_License_Equivalent_Base__c":67.38,"Show_Hide_Free_Products__c":"Show","Maintenance_Max_Discount__c":0.00,"Total_Displaced_ARR__c":0.00,"CurrencyIsoCode":"USD","LegacyRenewalQuote__c":false,"Credit_Renewal_ARR__c":false,"ShippingStreet":"11095 Viking Drive","Annuial_Revenue_Base__c":67.38,"AdditionalCountry":"United States","Total_Quote_Line_ARR__c":0.00,"CreatedDate":"2026-06-11T21:14:56.000Z","Pricebook2Id":"01sWC0000022GHFYA2","IsSyncing":false,"Renewal_Cancellation_Approval__c":false,"BillingState":"Minnesota","TransactionType":"Fortra_Advanced_Pric (3 more) ...","Discount_Renewal_ARR__c":false,"Contains_Offensive_Security__c":false,"BillingCountryCode":"US","Temp_License_Key_Extension__c":false,"Disable_Export_Control__c":false,"ContactId":"003WC00000x4jCfYAI","PartnerAccountId":"001WC00000ZtazZYAR","Export_License_Required__c":false,"Billing_Partner__c":"001WC00000ZtazZYAR","SalesTransactionTypeId":"1ChWC0000002eJ70AI","Maintenance_Discount_Approval__c":false,"Partner_Pricing_Model__c":"Discount","ShippingCountry":"United States","LineGroupCount":0,"Approval_Status__c":"None","Unsigned_Quote_Approval__c":false,"ContractId":"800WC00000SB0FtYAL","BillToContactId":"003WC00000x4jCfYAI","QuoteTypeText__c":"Renewal","Approval_Rejected_Checkbox__c":false,"ShippingCountryCode":"US","QuoteNumber":"00781084","CanCreateQuoteLineItems":false,"ALE__c":67.38,"BillingStreet":"11095 Viking Drive","Request_Legal_Support__c":false,"Perpetual_Pricing_Discount_Approval__c":false,"LastModifiedById":"005WC00000MgTN2YAN","Displaced_ARR_Approval__c":false}|0x30918162
19:56:16.9 (889016170)|VARIABLE_SCOPE_BEGIN|[251]|source|Quote|true|false
19:56:16.9 (889147227)|VARIABLE_ASSIGNMENT|[251]|source|{"Net_Terms__c":"Net_30","ShippingStateCode":"MN","BillingCity":"Eden Prairie","Bill_To_Place__c":"a0lWC000004nA5ZYAU","BillingCountryCode":"US","QuoteToCountry":"United States","ContactId":"003WC00000x4jCfYAI","PartnerAccountId":"001WC00000ZtazZYAR","Billing_Partner__c":"001WC00000ZtazZYAR","SalesTransactionTypeId":"1ChWC0000002eJ70AI","OpportunityId":"006WC00000QuJ4DYAV","LegalEntityId":"0fwWC000000034LYAQ","Partner_Pricing_Model__c":"Discount","Language__c":"English","ShippingCountry":"United States","BillingPostalCode":"55344","ShippingCity":"Eden Prairie","Ship_To_Place__c":"a0lWC000004nA5ZYAU","BillToContactId":"003WC00000x4jCfYAI","CurrencyIsoCode":"USD","ShippingStreet":"11095 Viking Drive","ShippingCountryCode":"US","Payment_Portal__c":"Fortra (default)","BillingCountry":"United States","BillingStreet":"11095 Viking Drive","BillingStateCode":"MN","ShippingPostalCode":"55344","QuoteToCountryCode":"US","Deal_Type__c":"Fortra Originated","ShippingState":"Minnesota","Id":"0Q0WC0000037yTx0AI","BillingState":"Minnesota"}|0x78625d60
19:56:16.9 (889155760)|VARIABLE_SCOPE_BEGIN|[251]|fieldName|String|false|false
19:56:16.9 (889162250)|VARIABLE_ASSIGNMENT|[251]|fieldName|"ShippingState"
19:56:16.9 (889174423)|HEAP_ALLOCATE|[252]|Bytes:5
19:56:16.9 (889179913)|STATEMENT_EXECUTE|[251]
19:56:16.9 (889201671)|SYSTEM_METHOD_ENTRY|[252]|SObject.get(String)
19:56:16.9 (889224816)|HEAP_ALLOCATE|[252]|Bytes:9
19:56:16.9 (889232857)|SYSTEM_METHOD_EXIT|[252]|SObject.get(String)
19:56:16.9 (889238970)|SYSTEM_METHOD_ENTRY|[252]|String.isNotBlank(String)
19:56:16.9 (889243912)|SYSTEM_METHOD_EXIT|[252]|String.isNotBlank(String)
19:56:16.9 (889246853)|STATEMENT_EXECUTE|[252]
19:56:16.9 (889247911)|STATEMENT_EXECUTE|[253]
19:56:16.9 (889255954)|METHOD_EXIT|[227]|01pWC000002WbCz|RenewalQuoteHeaderHandler.copyStringIfBlank(Quote, Quote, String)
19:56:16.9 (889258982)|STATEMENT_EXECUTE|[228]
19:56:16.9 (889263747)|METHOD_ENTRY|[228]|01pWC000002WbCz|RenewalQuoteHeaderHandler.copyStringIfBlank(Quote, Quote, String)
19:56:16.9 (889266924)|VARIABLE_SCOPE_BEGIN|[251]|target|Quote|true|false
19:56:16.9 (890099230)|VARIABLE_ASSIGNMENT|[251]|target|{"LastModifiedDate":"2026-06-14T02:56:16.000Z","Quote_Type__c":"Renewal","Bill_To_Place__c":"a0lWC000004nA5ZYAU","Export_Compliance_Status__c":"Pending","Net_Terms_Approval__c":false,"Exchange_Rate_To_USD__c":1.0000000000,"Export_Review_Required__c":false,"Within_Renewal_Window__c":false,"IsPrimary__c":false,"Credit_Renewal_Approval__c":false,"Days_Until_Renewal__c":362,"Renewal_Contract__c":"800WC00000SB0FtYAL","QuoteAccountId":"001WC00000kZKNxYAO","Pro_Ration_Method__c":"Monthly","Renewal_ARR_Approval__c":false,"Status":"Draft","Show_Hide_Discounts__c":"Show","IsDeleted":false,"Subtotal":67.38,"Force_New_Contract__c":false,"Net_Contract_Change__c":0.00,"Signed_Quote_Approval__c":false,"Terms_and_Conditions__c":false,"Payment_Portal__c":"Fortra (default)","Original_Contract_ARR__c":0.00,"BillingStateCode":"MN","GrandTotal":67.38,"ShippingPostalCode":"55344","ShippingState":"Minnesota","Mycap__c":false,"Deal_Type__c":"Fortra Originated","Id":"0Q0WC00000382MH0AY","Subscription_Pricing_Discount_Approval__c":false,"Net_Terms__c":"Net_30","Discount":0.00,"Services_Discount_Approval__c":false,"Total_Contract_Value_TCV__c":67.38,"LineItemCount":2,"OwnerId":"005WC00000DZ6xVYAT","OpportunityId":"006WC00000QuJ4DYAV","LegalEntityId":"0fwWC000000034LYAQ","Language__c":"English","ShippingCity":"Eden Prairie","GSW__c":false,"Manually_Sent__c":false,"CalculationStatus":"PriceCalculationFail (2 more) ...","Corporate_Currency_Amount__c":67.38,"Annual_Contract_Value_ACV__c":67.38,"Max_Discount_on_QLIs__c":0.00,"Quote_Displaced_ARR__c":0.00,"OriginalActionType":"Renew","Ship_To_Place__c":"a0lWC000004nA5ZYAU","Show_Hide_Product_Number__c":"Show","SystemModstamp":"2026-06-14T02:56:16.000Z","Create_Order_from_Quote__c":false,"BillingCountry":"United States","Manual_Discount__c":0.00,"QuoteToCountryCode":"US","TotalPrice":67.38,"AdditionalCountryCode":"US","Legal_Support_Approval__c":false,"AccountId":"001WC00000kZKNxYAO","ShippingStateCode":"MN","BillingCity":"Eden Prairie","QuoteToCountry":"United States","Total_Discount_Amount__c":0.00,"MYCAP_Approval__c":false,"Name":"Renewal Quote","License_Extension_Approval__c":false,"StartDate":"2026-06-11T00:00:00.000Z","CreatedById":"005WC00000DZ6xVYAT","Auto_Renewal__c":false,"Channel_MSP_Pricing_Discount_Approval__c":false,"BillingPostalCode":"55344","Annualized_License_Equivalent_Base__c":67.38,"Show_Hide_Free_Products__c":"Show","Maintenance_Max_Discount__c":0.00,"Total_Displaced_ARR__c":0.00,"CurrencyIsoCode":"USD","LegacyRenewalQuote__c":false,"Credit_Renewal_ARR__c":false,"ShippingStreet":"11095 Viking Drive","Annuial_Revenue_Base__c":67.38,"AdditionalCountry":"United States","Total_Quote_Line_ARR__c":0.00,"CreatedDate":"2026-06-11T21:14:56.000Z","Pricebook2Id":"01sWC0000022GHFYA2","IsSyncing":false,"Renewal_Cancellation_Approval__c":false,"BillingState":"Minnesota","TransactionType":"Fortra_Advanced_Pric (3 more) ...","Discount_Renewal_ARR__c":false,"Contains_Offensive_Security__c":false,"BillingCountryCode":"US","Temp_License_Key_Extension__c":false,"Disable_Export_Control__c":false,"ContactId":"003WC00000x4jCfYAI","PartnerAccountId":"001WC00000ZtazZYAR","Export_License_Required__c":false,"Billing_Partner__c":"001WC00000ZtazZYAR","SalesTransactionTypeId":"1ChWC0000002eJ70AI","Maintenance_Discount_Approval__c":false,"Partner_Pricing_Model__c":"Discount","ShippingCountry":"United States","LineGroupCount":0,"Approval_Status__c":"None","Unsigned_Quote_Approval__c":false,"ContractId":"800WC00000SB0FtYAL","BillToContactId":"003WC00000x4jCfYAI","QuoteTypeText__c":"Renewal","Approval_Rejected_Checkbox__c":false,"ShippingCountryCode":"US","QuoteNumber":"00781084","CanCreateQuoteLineItems":false,"ALE__c":67.38,"BillingStreet":"11095 Viking Drive","Request_Legal_Support__c":false,"Perpetual_Pricing_Discount_Approval__c":false,"LastModifiedById":"005WC00000MgTN2YAN","Displaced_ARR_Approval__c":false}|0x30918162
19:56:16.9 (890147329)|VARIABLE_SCOPE_BEGIN|[251]|source|Quote|true|false
19:56:16.9 (890288336)|VARIABLE_ASSIGNMENT|[251]|source|{"Net_Terms__c":"Net_30","ShippingStateCode":"MN","BillingCity":"Eden Prairie","Bill_To_Place__c":"a0lWC000004nA5ZYAU","BillingCountryCode":"US","QuoteToCountry":"United States","ContactId":"003WC00000x4jCfYAI","PartnerAccountId":"001WC00000ZtazZYAR","Billing_Partner__c":"001WC00000ZtazZYAR","SalesTransactionTypeId":"1ChWC0000002eJ70AI","OpportunityId":"006WC00000QuJ4DYAV","LegalEntityId":"0fwWC000000034LYAQ","Partner_Pricing_Model__c":"Discount","Language__c":"English","ShippingCountry":"United States","BillingPostalCode":"55344","ShippingCity":"Eden Prairie","Ship_To_Place__c":"a0lWC000004nA5ZYAU","BillToContactId":"003WC00000x4jCfYAI","CurrencyIsoCode":"USD","ShippingStreet":"11095 Viking Drive","ShippingCountryCode":"US","Payment_Portal__c":"Fortra (default)","BillingCountry":"United States","BillingStreet":"11095 Viking Drive","BillingStateCode":"MN","ShippingPostalCode":"55344","QuoteToCountryCode":"US","Deal_Type__c":"Fortra Originated","ShippingState":"Minnesota","Id":"0Q0WC0000037yTx0AI","BillingState":"Minnesota"}|0x78625d60
19:56:16.9 (890297173)|VARIABLE_SCOPE_BEGIN|[251]|fieldName|String|false|false
19:56:16.9 (890304023)|VARIABLE_ASSIGNMENT|[251]|fieldName|"ShippingPostalCode"
19:56:16.9 (890315986)|HEAP_ALLOCATE|[252]|Bytes:5
19:56:16.9 (890321188)|STATEMENT_EXECUTE|[251]
19:56:16.9 (890340828)|SYSTEM_METHOD_ENTRY|[252]|SObject.get(String)
19:56:16.9 (890362461)|HEAP_ALLOCATE|[252]|Bytes:5
19:56:16.9 (890370365)|SYSTEM_METHOD_EXIT|[252]|SObject.get(String)
19:56:16.9 (890376674)|SYSTEM_METHOD_ENTRY|[252]|String.isNotBlank(String)
19:56:16.9 (890381408)|SYSTEM_METHOD_EXIT|[252]|String.isNotBlank(String)
19:56:16.9 (890384284)|STATEMENT_EXECUTE|[252]
19:56:16.9 (890385400)|STATEMENT_EXECUTE|[253]
19:56:16.9 (890393170)|METHOD_EXIT|[228]|01pWC000002WbCz|RenewalQuoteHeaderHandler.copyStringIfBlank(Quote, Quote, String)
19:56:16.9 (890396042)|STATEMENT_EXECUTE|[229]
19:56:16.9 (890400632)|METHOD_ENTRY|[229]|01pWC000002WbCz|RenewalQuoteHeaderHandler.copyStringIfBlank(Quote, Quote, String)
19:56:16.9 (890403558)|VARIABLE_SCOPE_BEGIN|[251]|target|Quote|true|false
19:56:16.9 (891177559)|VARIABLE_ASSIGNMENT|[251]|target|{"LastModifiedDate":"2026-06-14T02:56:16.000Z","Quote_Type__c":"Renewal","Bill_To_Place__c":"a0lWC000004nA5ZYAU","Export_Compliance_Status__c":"Pending","Net_Terms_Approval__c":false,"Exchange_Rate_To_USD__c":1.0000000000,"Export_Review_Required__c":false,"Within_Renewal_Window__c":false,"IsPrimary__c":false,"Credit_Renewal_Approval__c":false,"Days_Until_Renewal__c":362,"Renewal_Contract__c":"800WC00000SB0FtYAL","QuoteAccountId":"001WC00000kZKNxYAO","Pro_Ration_Method__c":"Monthly","Renewal_ARR_Approval__c":false,"Status":"Draft","Show_Hide_Discounts__c":"Show","IsDeleted":false,"Subtotal":67.38,"Force_New_Contract__c":false,"Net_Contract_Change__c":0.00,"Signed_Quote_Approval__c":false,"Terms_and_Conditions__c":false,"Payment_Portal__c":"Fortra (default)","Original_Contract_ARR__c":0.00,"BillingStateCode":"MN","GrandTotal":67.38,"ShippingPostalCode":"55344","ShippingState":"Minnesota","Mycap__c":false,"Deal_Type__c":"Fortra Originated","Id":"0Q0WC00000382MH0AY","Subscription_Pricing_Discount_Approval__c":false,"Net_Terms__c":"Net_30","Discount":0.00,"Services_Discount_Approval__c":false,"Total_Contract_Value_TCV__c":67.38,"LineItemCount":2,"OwnerId":"005WC00000DZ6xVYAT","OpportunityId":"006WC00000QuJ4DYAV","LegalEntityId":"0fwWC000000034LYAQ","Language__c":"English","ShippingCity":"Eden Prairie","GSW__c":false,"Manually_Sent__c":false,"CalculationStatus":"PriceCalculationFail (2 more) ...","Corporate_Currency_Amount__c":67.38,"Annual_Contract_Value_ACV__c":67.38,"Max_Discount_on_QLIs__c":0.00,"Quote_Displaced_ARR__c":0.00,"OriginalActionType":"Renew","Ship_To_Place__c":"a0lWC000004nA5ZYAU","Show_Hide_Product_Number__c":"Show","SystemModstamp":"2026-06-14T02:56:16.000Z","Create_Order_from_Quote__c":false,"BillingCountry":"United States","Manual_Discount__c":0.00,"QuoteToCountryCode":"US","TotalPrice":67.38,"AdditionalCountryCode":"US","Legal_Support_Approval__c":false,"AccountId":"001WC00000kZKNxYAO","ShippingStateCode":"MN","BillingCity":"Eden Prairie","QuoteToCountry":"United States","Total_Discount_Amount__c":0.00,"MYCAP_Approval__c":false,"Name":"Renewal Quote","License_Extension_Approval__c":false,"StartDate":"2026-06-11T00:00:00.000Z","CreatedById":"005WC00000DZ6xVYAT","Auto_Renewal__c":false,"Channel_MSP_Pricing_Discount_Approval__c":false,"BillingPostalCode":"55344","Annualized_License_Equivalent_Base__c":67.38,"Show_Hide_Free_Products__c":"Show","Maintenance_Max_Discount__c":0.00,"Total_Displaced_ARR__c":0.00,"CurrencyIsoCode":"USD","LegacyRenewalQuote__c":false,"Credit_Renewal_ARR__c":false,"ShippingStreet":"11095 Viking Drive","Annuial_Revenue_Base__c":67.38,"AdditionalCountry":"United States","Total_Quote_Line_ARR__c":0.00,"CreatedDate":"2026-06-11T21:14:56.000Z","Pricebook2Id":"01sWC0000022GHFYA2","IsSyncing":false,"Renewal_Cancellation_Approval__c":false,"BillingState":"Minnesota","TransactionType":"Fortra_Advanced_Pric (3 more) ...","Discount_Renewal_ARR__c":false,"Contains_Offensive_Security__c":false,"BillingCountryCode":"US","Temp_License_Key_Extension__c":false,"Disable_Export_Control__c":false,"ContactId":"003WC00000x4jCfYAI","PartnerAccountId":"001WC00000ZtazZYAR","Export_License_Required__c":false,"Billing_Partner__c":"001WC00000ZtazZYAR","SalesTransactionTypeId":"1ChWC0000002eJ70AI","Maintenance_Discount_Approval__c":false,"Partner_Pricing_Model__c":"Discount","ShippingCountry":"United States","LineGroupCount":0,"Approval_Status__c":"None","Unsigned_Quote_Approval__c":false,"ContractId":"800WC00000SB0FtYAL","BillToContactId":"003WC00000x4jCfYAI","QuoteTypeText__c":"Renewal","Approval_Rejected_Checkbox__c":false,"ShippingCountryCode":"US","QuoteNumber":"00781084","CanCreateQuoteLineItems":false,"ALE__c":67.38,"BillingStreet":"11095 Viking Drive","Request_Legal_Support__c":false,"Perpetual_Pricing_Discount_Approval__c":false,"LastModifiedById":"005WC00000MgTN2YAN","Displaced_ARR_Approval__c":false}|0x30918162
19:56:16.9 (891225188)|VARIABLE_SCOPE_BEGIN|[251]|source|Quote|true|false
19:56:16.9 (891345474)|VARIABLE_ASSIGNMENT|[251]|source|{"Net_Terms__c":"Net_30","ShippingStateCode":"MN","BillingCity":"Eden Prairie","Bill_To_Place__c":"a0lWC000004nA5ZYAU","BillingCountryCode":"US","QuoteToCountry":"United States","ContactId":"003WC00000x4jCfYAI","PartnerAccountId":"001WC00000ZtazZYAR","Billing_Partner__c":"001WC00000ZtazZYAR","SalesTransactionTypeId":"1ChWC0000002eJ70AI","OpportunityId":"006WC00000QuJ4DYAV","LegalEntityId":"0fwWC000000034LYAQ","Partner_Pricing_Model__c":"Discount","Language__c":"English","ShippingCountry":"United States","BillingPostalCode":"55344","ShippingCity":"Eden Prairie","Ship_To_Place__c":"a0lWC000004nA5ZYAU","BillToContactId":"003WC00000x4jCfYAI","CurrencyIsoCode":"USD","ShippingStreet":"11095 Viking Drive","ShippingCountryCode":"US","Payment_Portal__c":"Fortra (default)","BillingCountry":"United States","BillingStreet":"11095 Viking Drive","BillingStateCode":"MN","ShippingPostalCode":"55344","QuoteToCountryCode":"US","Deal_Type__c":"Fortra Originated","ShippingState":"Minnesota","Id":"0Q0WC0000037yTx0AI","BillingState":"Minnesota"}|0x78625d60
19:56:16.9 (891353705)|VARIABLE_SCOPE_BEGIN|[251]|fieldName|String|false|false
19:56:16.9 (891360154)|VARIABLE_ASSIGNMENT|[251]|fieldName|"ShippingCountry"
19:56:16.9 (891371752)|HEAP_ALLOCATE|[252]|Bytes:5
19:56:16.9 (891376964)|STATEMENT_EXECUTE|[251]
19:56:16.9 (891394468)|SYSTEM_METHOD_ENTRY|[252]|SObject.get(String)
19:56:16.9 (891415376)|HEAP_ALLOCATE|[252]|Bytes:13
19:56:16.9 (891422678)|SYSTEM_METHOD_EXIT|[252]|SObject.get(String)
19:56:16.9 (891429079)|SYSTEM_METHOD_ENTRY|[252]|String.isNotBlank(String)
19:56:16.9 (891433950)|SYSTEM_METHOD_EXIT|[252]|String.isNotBlank(String)
19:56:16.9 (891436756)|STATEMENT_EXECUTE|[252]
19:56:16.9 (891437849)|STATEMENT_EXECUTE|[253]
19:56:16.9 (891445413)|METHOD_EXIT|[229]|01pWC000002WbCz|RenewalQuoteHeaderHandler.copyStringIfBlank(Quote, Quote, String)
19:56:16.9 (891448339)|STATEMENT_EXECUTE|[230]
19:56:16.9 (891453220)|METHOD_ENTRY|[230]|01pWC000002WbCz|RenewalQuoteHeaderHandler.copyStringIfBlank(Quote, Quote, String)
19:56:16.9 (891456515)|VARIABLE_SCOPE_BEGIN|[251]|target|Quote|true|false
19:56:16.9 (892205018)|VARIABLE_ASSIGNMENT|[251]|target|{"LastModifiedDate":"2026-06-14T02:56:16.000Z","Quote_Type__c":"Renewal","Bill_To_Place__c":"a0lWC000004nA5ZYAU","Export_Compliance_Status__c":"Pending","Net_Terms_Approval__c":false,"Exchange_Rate_To_USD__c":1.0000000000,"Export_Review_Required__c":false,"Within_Renewal_Window__c":false,"IsPrimary__c":false,"Credit_Renewal_Approval__c":false,"Days_Until_Renewal__c":362,"Renewal_Contract__c":"800WC00000SB0FtYAL","QuoteAccountId":"001WC00000kZKNxYAO","Pro_Ration_Method__c":"Monthly","Renewal_ARR_Approval__c":false,"Status":"Draft","Show_Hide_Discounts__c":"Show","IsDeleted":false,"Subtotal":67.38,"Force_New_Contract__c":false,"Net_Contract_Change__c":0.00,"Signed_Quote_Approval__c":false,"Terms_and_Conditions__c":false,"Payment_Portal__c":"Fortra (default)","Original_Contract_ARR__c":0.00,"BillingStateCode":"MN","GrandTotal":67.38,"ShippingPostalCode":"55344","ShippingState":"Minnesota","Mycap__c":false,"Deal_Type__c":"Fortra Originated","Id":"0Q0WC00000382MH0AY","Subscription_Pricing_Discount_Approval__c":false,"Net_Terms__c":"Net_30","Discount":0.00,"Services_Discount_Approval__c":false,"Total_Contract_Value_TCV__c":67.38,"LineItemCount":2,"OwnerId":"005WC00000DZ6xVYAT","OpportunityId":"006WC00000QuJ4DYAV","LegalEntityId":"0fwWC000000034LYAQ","Language__c":"English","ShippingCity":"Eden Prairie","GSW__c":false,"Manually_Sent__c":false,"CalculationStatus":"PriceCalculationFail (2 more) ...","Corporate_Currency_Amount__c":67.38,"Annual_Contract_Value_ACV__c":67.38,"Max_Discount_on_QLIs__c":0.00,"Quote_Displaced_ARR__c":0.00,"OriginalActionType":"Renew","Ship_To_Place__c":"a0lWC000004nA5ZYAU","Show_Hide_Product_Number__c":"Show","SystemModstamp":"2026-06-14T02:56:16.000Z","Create_Order_from_Quote__c":false,"BillingCountry":"United States","Manual_Discount__c":0.00,"QuoteToCountryCode":"US","TotalPrice":67.38,"AdditionalCountryCode":"US","Legal_Support_Approval__c":false,"AccountId":"001WC00000kZKNxYAO","ShippingStateCode":"MN","BillingCity":"Eden Prairie","QuoteToCountry":"United States","Total_Discount_Amount__c":0.00,"MYCAP_Approval__c":false,"Name":"Renewal Quote","License_Extension_Approval__c":false,"StartDate":"2026-06-11T00:00:00.000Z","CreatedById":"005WC00000DZ6xVYAT","Auto_Renewal__c":false,"Channel_MSP_Pricing_Discount_Approval__c":false,"BillingPostalCode":"55344","Annualized_License_Equivalent_Base__c":67.38,"Show_Hide_Free_Products__c":"Show","Maintenance_Max_Discount__c":0.00,"Total_Displaced_ARR__c":0.00,"CurrencyIsoCode":"USD","LegacyRenewalQuote__c":false,"Credit_Renewal_ARR__c":false,"ShippingStreet":"11095 Viking Drive","Annuial_Revenue_Base__c":67.38,"AdditionalCountry":"United States","Total_Quote_Line_ARR__c":0.00,"CreatedDate":"2026-06-11T21:14:56.000Z","Pricebook2Id":"01sWC0000022GHFYA2","IsSyncing":false,"Renewal_Cancellation_Approval__c":false,"BillingState":"Minnesota","TransactionType":"Fortra_Advanced_Pric (3 more) ...","Discount_Renewal_ARR__c":false,"Contains_Offensive_Security__c":false,"BillingCountryCode":"US","Temp_License_Key_Extension__c":false,"Disable_Export_Control__c":false,"ContactId":"003WC00000x4jCfYAI","PartnerAccountId":"001WC00000ZtazZYAR","Export_License_Required__c":false,"Billing_Partner__c":"001WC00000ZtazZYAR","SalesTransactionTypeId":"1ChWC0000002eJ70AI","Maintenance_Discount_Approval__c":false,"Partner_Pricing_Model__c":"Discount","ShippingCountry":"United States","LineGroupCount":0,"Approval_Status__c":"None","Unsigned_Quote_Approval__c":false,"ContractId":"800WC00000SB0FtYAL","BillToContactId":"003WC00000x4jCfYAI","QuoteTypeText__c":"Renewal","Approval_Rejected_Checkbox__c":false,"ShippingCountryCode":"US","QuoteNumber":"00781084","CanCreateQuoteLineItems":false,"ALE__c":67.38,"BillingStreet":"11095 Viking Drive","Request_Legal_Support__c":false,"Perpetual_Pricing_Discount_Approval__c":false,"LastModifiedById":"005WC00000MgTN2YAN","Displaced_ARR_Approval__c":false}|0x30918162
19:56:16.9 (892248071)|VARIABLE_SCOPE_BEGIN|[251]|source|Quote|true|false
19:56:16.9 (892363575)|VARIABLE_ASSIGNMENT|[251]|source|{"Net_Terms__c":"Net_30","ShippingStateCode":"MN","BillingCity":"Eden Prairie","Bill_To_Place__c":"a0lWC000004nA5ZYAU","BillingCountryCode":"US","QuoteToCountry":"United States","ContactId":"003WC00000x4jCfYAI","PartnerAccountId":"001WC00000ZtazZYAR","Billing_Partner__c":"001WC00000ZtazZYAR","SalesTransactionTypeId":"1ChWC0000002eJ70AI","OpportunityId":"006WC00000QuJ4DYAV","LegalEntityId":"0fwWC000000034LYAQ","Partner_Pricing_Model__c":"Discount","Language__c":"English","ShippingCountry":"United States","BillingPostalCode":"55344","ShippingCity":"Eden Prairie","Ship_To_Place__c":"a0lWC000004nA5ZYAU","BillToContactId":"003WC00000x4jCfYAI","CurrencyIsoCode":"USD","ShippingStreet":"11095 Viking Drive","ShippingCountryCode":"US","Payment_Portal__c":"Fortra (default)","BillingCountry":"United States","BillingStreet":"11095 Viking Drive","BillingStateCode":"MN","ShippingPostalCode":"55344","QuoteToCountryCode":"US","Deal_Type__c":"Fortra Originated","ShippingState":"Minnesota","Id":"0Q0WC0000037yTx0AI","BillingState":"Minnesota"}|0x78625d60
19:56:16.9 (892372155)|VARIABLE_SCOPE_BEGIN|[251]|fieldName|String|false|false
19:56:16.9 (892377864)|VARIABLE_ASSIGNMENT|[251]|fieldName|"ShippingStateCode"
19:56:16.9 (892388856)|HEAP_ALLOCATE|[252]|Bytes:5
19:56:16.9 (892393847)|STATEMENT_EXECUTE|[251]
19:56:16.9 (892406971)|SYSTEM_METHOD_ENTRY|[252]|SObject.get(String)
19:56:16.9 (892424151)|HEAP_ALLOCATE|[252]|Bytes:2
19:56:16.9 (892431483)|SYSTEM_METHOD_EXIT|[252]|SObject.get(String)
19:56:16.9 (892437308)|SYSTEM_METHOD_ENTRY|[252]|String.isNotBlank(String)
19:56:16.9 (892441991)|SYSTEM_METHOD_EXIT|[252]|String.isNotBlank(String)
19:56:16.9 (892444682)|STATEMENT_EXECUTE|[252]
19:56:16.9 (892445832)|STATEMENT_EXECUTE|[253]
19:56:16.9 (892452745)|METHOD_EXIT|[230]|01pWC000002WbCz|RenewalQuoteHeaderHandler.copyStringIfBlank(Quote, Quote, String)
19:56:16.9 (892455662)|STATEMENT_EXECUTE|[231]
19:56:16.9 (892460236)|METHOD_ENTRY|[231]|01pWC000002WbCz|RenewalQuoteHeaderHandler.copyStringIfBlank(Quote, Quote, String)
19:56:16.9 (892463585)|VARIABLE_SCOPE_BEGIN|[251]|target|Quote|true|false
19:56:16.9 (893210045)|VARIABLE_ASSIGNMENT|[251]|target|{"LastModifiedDate":"2026-06-14T02:56:16.000Z","Quote_Type__c":"Renewal","Bill_To_Place__c":"a0lWC000004nA5ZYAU","Export_Compliance_Status__c":"Pending","Net_Terms_Approval__c":false,"Exchange_Rate_To_USD__c":1.0000000000,"Export_Review_Required__c":false,"Within_Renewal_Window__c":false,"IsPrimary__c":false,"Credit_Renewal_Approval__c":false,"Days_Until_Renewal__c":362,"Renewal_Contract__c":"800WC00000SB0FtYAL","QuoteAccountId":"001WC00000kZKNxYAO","Pro_Ration_Method__c":"Monthly","Renewal_ARR_Approval__c":false,"Status":"Draft","Show_Hide_Discounts__c":"Show","IsDeleted":false,"Subtotal":67.38,"Force_New_Contract__c":false,"Net_Contract_Change__c":0.00,"Signed_Quote_Approval__c":false,"Terms_and_Conditions__c":false,"Payment_Portal__c":"Fortra (default)","Original_Contract_ARR__c":0.00,"BillingStateCode":"MN","GrandTotal":67.38,"ShippingPostalCode":"55344","ShippingState":"Minnesota","Mycap__c":false,"Deal_Type__c":"Fortra Originated","Id":"0Q0WC00000382MH0AY","Subscription_Pricing_Discount_Approval__c":false,"Net_Terms__c":"Net_30","Discount":0.00,"Services_Discount_Approval__c":false,"Total_Contract_Value_TCV__c":67.38,"LineItemCount":2,"OwnerId":"005WC00000DZ6xVYAT","OpportunityId":"006WC00000QuJ4DYAV","LegalEntityId":"0fwWC000000034LYAQ","Language__c":"English","ShippingCity":"Eden Prairie","GSW__c":false,"Manually_Sent__c":false,"CalculationStatus":"PriceCalculationFail (2 more) ...","Corporate_Currency_Amount__c":67.38,"Annual_Contract_Value_ACV__c":67.38,"Max_Discount_on_QLIs__c":0.00,"Quote_Displaced_ARR__c":0.00,"OriginalActionType":"Renew","Ship_To_Place__c":"a0lWC000004nA5ZYAU","Show_Hide_Product_Number__c":"Show","SystemModstamp":"2026-06-14T02:56:16.000Z","Create_Order_from_Quote__c":false,"BillingCountry":"United States","Manual_Discount__c":0.00,"QuoteToCountryCode":"US","TotalPrice":67.38,"AdditionalCountryCode":"US","Legal_Support_Approval__c":false,"AccountId":"001WC00000kZKNxYAO","ShippingStateCode":"MN","BillingCity":"Eden Prairie","QuoteToCountry":"United States","Total_Discount_Amount__c":0.00,"MYCAP_Approval__c":false,"Name":"Renewal Quote","License_Extension_Approval__c":false,"StartDate":"2026-06-11T00:00:00.000Z","CreatedById":"005WC00000DZ6xVYAT","Auto_Renewal__c":false,"Channel_MSP_Pricing_Discount_Approval__c":false,"BillingPostalCode":"55344","Annualized_License_Equivalent_Base__c":67.38,"Show_Hide_Free_Products__c":"Show","Maintenance_Max_Discount__c":0.00,"Total_Displaced_ARR__c":0.00,"CurrencyIsoCode":"USD","LegacyRenewalQuote__c":false,"Credit_Renewal_ARR__c":false,"ShippingStreet":"11095 Viking Drive","Annuial_Revenue_Base__c":67.38,"AdditionalCountry":"United States","Total_Quote_Line_ARR__c":0.00,"CreatedDate":"2026-06-11T21:14:56.000Z","Pricebook2Id":"01sWC0000022GHFYA2","IsSyncing":false,"Renewal_Cancellation_Approval__c":false,"BillingState":"Minnesota","TransactionType":"Fortra_Advanced_Pric (3 more) ...","Discount_Renewal_ARR__c":false,"Contains_Offensive_Security__c":false,"BillingCountryCode":"US","Temp_License_Key_Extension__c":false,"Disable_Export_Control__c":false,"ContactId":"003WC00000x4jCfYAI","PartnerAccountId":"001WC00000ZtazZYAR","Export_License_Required__c":false,"Billing_Partner__c":"001WC00000ZtazZYAR","SalesTransactionTypeId":"1ChWC0000002eJ70AI","Maintenance_Discount_Approval__c":false,"Partner_Pricing_Model__c":"Discount","ShippingCountry":"United States","LineGroupCount":0,"Approval_Status__c":"None","Unsigned_Quote_Approval__c":false,"ContractId":"800WC00000SB0FtYAL","BillToContactId":"003WC00000x4jCfYAI","QuoteTypeText__c":"Renewal","Approval_Rejected_Checkbox__c":false,"ShippingCountryCode":"US","QuoteNumber":"00781084","CanCreateQuoteLineItems":false,"ALE__c":67.38,"BillingStreet":"11095 Viking Drive","Request_Legal_Support__c":false,"Perpetual_Pricing_Discount_Approval__c":false,"LastModifiedById":"005WC00000MgTN2YAN","Displaced_ARR_Approval__c":false}|0x30918162
19:56:16.9 (893254662)|VARIABLE_SCOPE_BEGIN|[251]|source|Quote|true|false
19:56:16.9 (893366944)|VARIABLE_ASSIGNMENT|[251]|source|{"Net_Terms__c":"Net_30","ShippingStateCode":"MN","BillingCity":"Eden Prairie","Bill_To_Place__c":"a0lWC000004nA5ZYAU","BillingCountryCode":"US","QuoteToCountry":"United States","ContactId":"003WC00000x4jCfYAI","PartnerAccountId":"001WC00000ZtazZYAR","Billing_Partner__c":"001WC00000ZtazZYAR","SalesTransactionTypeId":"1ChWC0000002eJ70AI","OpportunityId":"006WC00000QuJ4DYAV","LegalEntityId":"0fwWC000000034LYAQ","Partner_Pricing_Model__c":"Discount","Language__c":"English","ShippingCountry":"United States","BillingPostalCode":"55344","ShippingCity":"Eden Prairie","Ship_To_Place__c":"a0lWC000004nA5ZYAU","BillToContactId":"003WC00000x4jCfYAI","CurrencyIsoCode":"USD","ShippingStreet":"11095 Viking Drive","ShippingCountryCode":"US","Payment_Portal__c":"Fortra (default)","BillingCountry":"United States","BillingStreet":"11095 Viking Drive","BillingStateCode":"MN","ShippingPostalCode":"55344","QuoteToCountryCode":"US","Deal_Type__c":"Fortra Originated","ShippingState":"Minnesota","Id":"0Q0WC0000037yTx0AI","BillingState":"Minnesota"}|0x78625d60
19:56:16.9 (893374771)|VARIABLE_SCOPE_BEGIN|[251]|fieldName|String|false|false
19:56:16.9 (893380790)|VARIABLE_ASSIGNMENT|[251]|fieldName|"ShippingCountryCode"
19:56:16.9 (893390084)|HEAP_ALLOCATE|[252]|Bytes:5
19:56:16.9 (893394213)|STATEMENT_EXECUTE|[251]
19:56:16.9 (893408298)|SYSTEM_METHOD_ENTRY|[252]|SObject.get(String)
19:56:16.9 (893426114)|HEAP_ALLOCATE|[252]|Bytes:2
19:56:16.9 (893433336)|SYSTEM_METHOD_EXIT|[252]|SObject.get(String)
19:56:16.9 (893439096)|SYSTEM_METHOD_ENTRY|[252]|String.isNotBlank(String)
19:56:16.9 (893444213)|SYSTEM_METHOD_EXIT|[252]|String.isNotBlank(String)
19:56:16.9 (893447105)|STATEMENT_EXECUTE|[252]
19:56:16.9 (893448216)|STATEMENT_EXECUTE|[253]
19:56:16.9 (893454605)|METHOD_EXIT|[231]|01pWC000002WbCz|RenewalQuoteHeaderHandler.copyStringIfBlank(Quote, Quote, String)
19:56:16.9 (893457662)|STATEMENT_EXECUTE|[232]
19:56:16.9 (893462134)|METHOD_ENTRY|[232]|01pWC000002WbCz|RenewalQuoteHeaderHandler.copyStringIfBlank(Quote, Quote, String)
19:56:16.9 (893465117)|VARIABLE_SCOPE_BEGIN|[251]|target|Quote|true|false
19:56:16.9 (894150262)|VARIABLE_ASSIGNMENT|[251]|target|{"LastModifiedDate":"2026-06-14T02:56:16.000Z","Quote_Type__c":"Renewal","Bill_To_Place__c":"a0lWC000004nA5ZYAU","Export_Compliance_Status__c":"Pending","Net_Terms_Approval__c":false,"Exchange_Rate_To_USD__c":1.0000000000,"Export_Review_Required__c":false,"Within_Renewal_Window__c":false,"IsPrimary__c":false,"Credit_Renewal_Approval__c":false,"Days_Until_Renewal__c":362,"Renewal_Contract__c":"800WC00000SB0FtYAL","QuoteAccountId":"001WC00000kZKNxYAO","Pro_Ration_Method__c":"Monthly","Renewal_ARR_Approval__c":false,"Status":"Draft","Show_Hide_Discounts__c":"Show","IsDeleted":false,"Subtotal":67.38,"Force_New_Contract__c":false,"Net_Contract_Change__c":0.00,"Signed_Quote_Approval__c":false,"Terms_and_Conditions__c":false,"Payment_Portal__c":"Fortra (default)","Original_Contract_ARR__c":0.00,"BillingStateCode":"MN","GrandTotal":67.38,"ShippingPostalCode":"55344","ShippingState":"Minnesota","Mycap__c":false,"Deal_Type__c":"Fortra Originated","Id":"0Q0WC00000382MH0AY","Subscription_Pricing_Discount_Approval__c":false,"Net_Terms__c":"Net_30","Discount":0.00,"Services_Discount_Approval__c":false,"Total_Contract_Value_TCV__c":67.38,"LineItemCount":2,"OwnerId":"005WC00000DZ6xVYAT","OpportunityId":"006WC00000QuJ4DYAV","LegalEntityId":"0fwWC000000034LYAQ","Language__c":"English","ShippingCity":"Eden Prairie","GSW__c":false,"Manually_Sent__c":false,"CalculationStatus":"PriceCalculationFail (2 more) ...","Corporate_Currency_Amount__c":67.38,"Annual_Contract_Value_ACV__c":67.38,"Max_Discount_on_QLIs__c":0.00,"Quote_Displaced_ARR__c":0.00,"OriginalActionType":"Renew","Ship_To_Place__c":"a0lWC000004nA5ZYAU","Show_Hide_Product_Number__c":"Show","SystemModstamp":"2026-06-14T02:56:16.000Z","Create_Order_from_Quote__c":false,"BillingCountry":"United States","Manual_Discount__c":0.00,"QuoteToCountryCode":"US","TotalPrice":67.38,"AdditionalCountryCode":"US","Legal_Support_Approval__c":false,"AccountId":"001WC00000kZKNxYAO","ShippingStateCode":"MN","BillingCity":"Eden Prairie","QuoteToCountry":"United States","Total_Discount_Amount__c":0.00,"MYCAP_Approval__c":false,"Name":"Renewal Quote","License_Extension_Approval__c":false,"StartDate":"2026-06-11T00:00:00.000Z","CreatedById":"005WC00000DZ6xVYAT","Auto_Renewal__c":false,"Channel_MSP_Pricing_Discount_Approval__c":false,"BillingPostalCode":"55344","Annualized_License_Equivalent_Base__c":67.38,"Show_Hide_Free_Products__c":"Show","Maintenance_Max_Discount__c":0.00,"Total_Displaced_ARR__c":0.00,"CurrencyIsoCode":"USD","LegacyRenewalQuote__c":false,"Credit_Renewal_ARR__c":false,"ShippingStreet":"11095 Viking Drive","Annuial_Revenue_Base__c":67.38,"AdditionalCountry":"United States","Total_Quote_Line_ARR__c":0.00,"CreatedDate":"2026-06-11T21:14:56.000Z","Pricebook2Id":"01sWC0000022GHFYA2","IsSyncing":false,"Renewal_Cancellation_Approval__c":false,"BillingState":"Minnesota","TransactionType":"Fortra_Advanced_Pric (3 more) ...","Discount_Renewal_ARR__c":false,"Contains_Offensive_Security__c":false,"BillingCountryCode":"US","Temp_License_Key_Extension__c":false,"Disable_Export_Control__c":false,"ContactId":"003WC00000x4jCfYAI","PartnerAccountId":"001WC00000ZtazZYAR","Export_License_Required__c":false,"Billing_Partner__c":"001WC00000ZtazZYAR","SalesTransactionTypeId":"1ChWC0000002eJ70AI","Maintenance_Discount_Approval__c":false,"Partner_Pricing_Model__c":"Discount","ShippingCountry":"United States","LineGroupCount":0,"Approval_Status__c":"None","Unsigned_Quote_Approval__c":false,"ContractId":"800WC00000SB0FtYAL","BillToContactId":"003WC00000x4jCfYAI","QuoteTypeText__c":"Renewal","Approval_Rejected_Checkbox__c":false,"ShippingCountryCode":"US","QuoteNumber":"00781084","CanCreateQuoteLineItems":false,"ALE__c":67.38,"BillingStreet":"11095 Viking Drive","Request_Legal_Support__c":false,"Perpetual_Pricing_Discount_Approval__c":false,"LastModifiedById":"005WC00000MgTN2YAN","Displaced_ARR_Approval__c":false}|0x30918162
19:56:16.9 (894189987)|VARIABLE_SCOPE_BEGIN|[251]|source|Quote|true|false
19:56:16.9 (894303283)|VARIABLE_ASSIGNMENT|[251]|source|{"Net_Terms__c":"Net_30","ShippingStateCode":"MN","BillingCity":"Eden Prairie","Bill_To_Place__c":"a0lWC000004nA5ZYAU","BillingCountryCode":"US","QuoteToCountry":"United States","ContactId":"003WC00000x4jCfYAI","PartnerAccountId":"001WC00000ZtazZYAR","Billing_Partner__c":"001WC00000ZtazZYAR","SalesTransactionTypeId":"1ChWC0000002eJ70AI","OpportunityId":"006WC00000QuJ4DYAV","LegalEntityId":"0fwWC000000034LYAQ","Partner_Pricing_Model__c":"Discount","Language__c":"English","ShippingCountry":"United States","BillingPostalCode":"55344","ShippingCity":"Eden Prairie","Ship_To_Place__c":"a0lWC000004nA5ZYAU","BillToContactId":"003WC00000x4jCfYAI","CurrencyIsoCode":"USD","ShippingStreet":"11095 Viking Drive","ShippingCountryCode":"US","Payment_Portal__c":"Fortra (default)","BillingCountry":"United States","BillingStreet":"11095 Viking Drive","BillingStateCode":"MN","ShippingPostalCode":"55344","QuoteToCountryCode":"US","Deal_Type__c":"Fortra Originated","ShippingState":"Minnesota","Id":"0Q0WC0000037yTx0AI","BillingState":"Minnesota"}|0x78625d60
19:56:16.9 (894311055)|VARIABLE_SCOPE_BEGIN|[251]|fieldName|String|false|false
19:56:16.9 (894316904)|VARIABLE_ASSIGNMENT|[251]|fieldName|"QuoteToStreet"
19:56:16.9 (894325637)|HEAP_ALLOCATE|[252]|Bytes:5
19:56:16.9 (894335163)|STATEMENT_EXECUTE|[251]
19:56:16.9 (894346360)|SYSTEM_METHOD_ENTRY|[252]|SObject.get(String)
19:56:16.9 (894372212)|SYSTEM_METHOD_EXIT|[252]|SObject.get(String)
19:56:16.9 (894378155)|SYSTEM_METHOD_ENTRY|[252]|String.isNotBlank(String)
19:56:16.9 (894382612)|SYSTEM_METHOD_EXIT|[252]|String.isNotBlank(String)
19:56:16.9 (894385443)|STATEMENT_EXECUTE|[252]
19:56:16.9 (894386749)|STATEMENT_EXECUTE|[255]
19:56:16.9 (894391550)|SYSTEM_METHOD_ENTRY|[255]|SObject.get(String)
19:56:16.9 (894404844)|SYSTEM_METHOD_EXIT|[255]|SObject.get(String)
19:56:16.9 (894409815)|VARIABLE_SCOPE_BEGIN|[255]|sourceValue|String|false|false
19:56:16.9 (894416418)|VARIABLE_ASSIGNMENT|[255]|sourceValue|null
19:56:16.9 (894421804)|SYSTEM_METHOD_ENTRY|[256]|String.isNotBlank(String)
19:56:16.9 (894425864)|SYSTEM_METHOD_EXIT|[256]|String.isNotBlank(String)
19:56:16.9 (894428934)|STATEMENT_EXECUTE|[256]
19:56:16.9 (894436329)|METHOD_EXIT|[232]|01pWC000002WbCz|RenewalQuoteHeaderHandler.copyStringIfBlank(Quote, Quote, String)
19:56:16.9 (894439174)|STATEMENT_EXECUTE|[233]
19:56:16.9 (894443366)|METHOD_ENTRY|[233]|01pWC000002WbCz|RenewalQuoteHeaderHandler.copyStringIfBlank(Quote, Quote, String)
19:56:16.9 (894446164)|VARIABLE_SCOPE_BEGIN|[251]|target|Quote|true|false
19:56:16.9 (895117507)|VARIABLE_ASSIGNMENT|[251]|target|{"LastModifiedDate":"2026-06-14T02:56:16.000Z","Quote_Type__c":"Renewal","Bill_To_Place__c":"a0lWC000004nA5ZYAU","Export_Compliance_Status__c":"Pending","Net_Terms_Approval__c":false,"Exchange_Rate_To_USD__c":1.0000000000,"Export_Review_Required__c":false,"Within_Renewal_Window__c":false,"IsPrimary__c":false,"Credit_Renewal_Approval__c":false,"Days_Until_Renewal__c":362,"Renewal_Contract__c":"800WC00000SB0FtYAL","QuoteAccountId":"001WC00000kZKNxYAO","Pro_Ration_Method__c":"Monthly","Renewal_ARR_Approval__c":false,"Status":"Draft","Show_Hide_Discounts__c":"Show","IsDeleted":false,"Subtotal":67.38,"Force_New_Contract__c":false,"Net_Contract_Change__c":0.00,"Signed_Quote_Approval__c":false,"Terms_and_Conditions__c":false,"Payment_Portal__c":"Fortra (default)","Original_Contract_ARR__c":0.00,"BillingStateCode":"MN","GrandTotal":67.38,"ShippingPostalCode":"55344","ShippingState":"Minnesota","Mycap__c":false,"Deal_Type__c":"Fortra Originated","Id":"0Q0WC00000382MH0AY","Subscription_Pricing_Discount_Approval__c":false,"Net_Terms__c":"Net_30","Discount":0.00,"Services_Discount_Approval__c":false,"Total_Contract_Value_TCV__c":67.38,"LineItemCount":2,"OwnerId":"005WC00000DZ6xVYAT","OpportunityId":"006WC00000QuJ4DYAV","LegalEntityId":"0fwWC000000034LYAQ","Language__c":"English","ShippingCity":"Eden Prairie","GSW__c":false,"Manually_Sent__c":false,"CalculationStatus":"PriceCalculationFail (2 more) ...","Corporate_Currency_Amount__c":67.38,"Annual_Contract_Value_ACV__c":67.38,"Max_Discount_on_QLIs__c":0.00,"Quote_Displaced_ARR__c":0.00,"OriginalActionType":"Renew","Ship_To_Place__c":"a0lWC000004nA5ZYAU","Show_Hide_Product_Number__c":"Show","SystemModstamp":"2026-06-14T02:56:16.000Z","Create_Order_from_Quote__c":false,"BillingCountry":"United States","Manual_Discount__c":0.00,"QuoteToCountryCode":"US","TotalPrice":67.38,"AdditionalCountryCode":"US","Legal_Support_Approval__c":false,"AccountId":"001WC00000kZKNxYAO","ShippingStateCode":"MN","BillingCity":"Eden Prairie","QuoteToCountry":"United States","Total_Discount_Amount__c":0.00,"MYCAP_Approval__c":false,"Name":"Renewal Quote","License_Extension_Approval__c":false,"StartDate":"2026-06-11T00:00:00.000Z","CreatedById":"005WC00000DZ6xVYAT","Auto_Renewal__c":false,"Channel_MSP_Pricing_Discount_Approval__c":false,"BillingPostalCode":"55344","Annualized_License_Equivalent_Base__c":67.38,"Show_Hide_Free_Products__c":"Show","Maintenance_Max_Discount__c":0.00,"Total_Displaced_ARR__c":0.00,"CurrencyIsoCode":"USD","LegacyRenewalQuote__c":false,"Credit_Renewal_ARR__c":false,"ShippingStreet":"11095 Viking Drive","Annuial_Revenue_Base__c":67.38,"AdditionalCountry":"United States","Total_Quote_Line_ARR__c":0.00,"CreatedDate":"2026-06-11T21:14:56.000Z","Pricebook2Id":"01sWC0000022GHFYA2","IsSyncing":false,"Renewal_Cancellation_Approval__c":false,"BillingState":"Minnesota","TransactionType":"Fortra_Advanced_Pric (3 more) ...","Discount_Renewal_ARR__c":false,"Contains_Offensive_Security__c":false,"BillingCountryCode":"US","Temp_License_Key_Extension__c":false,"Disable_Export_Control__c":false,"ContactId":"003WC00000x4jCfYAI","PartnerAccountId":"001WC00000ZtazZYAR","Export_License_Required__c":false,"Billing_Partner__c":"001WC00000ZtazZYAR","SalesTransactionTypeId":"1ChWC0000002eJ70AI","Maintenance_Discount_Approval__c":false,"Partner_Pricing_Model__c":"Discount","ShippingCountry":"United States","LineGroupCount":0,"Approval_Status__c":"None","Unsigned_Quote_Approval__c":false,"ContractId":"800WC00000SB0FtYAL","BillToContactId":"003WC00000x4jCfYAI","QuoteTypeText__c":"Renewal","Approval_Rejected_Checkbox__c":false,"ShippingCountryCode":"US","QuoteNumber":"00781084","CanCreateQuoteLineItems":false,"ALE__c":67.38,"BillingStreet":"11095 Viking Drive","Request_Legal_Support__c":false,"Perpetual_Pricing_Discount_Approval__c":false,"LastModifiedById":"005WC00000MgTN2YAN","Displaced_ARR_Approval__c":false}|0x30918162
19:56:16.9 (895161341)|VARIABLE_SCOPE_BEGIN|[251]|source|Quote|true|false
19:56:16.9 (895398064)|VARIABLE_ASSIGNMENT|[251]|source|{"Net_Terms__c":"Net_30","ShippingStateCode":"MN","BillingCity":"Eden Prairie","Bill_To_Place__c":"a0lWC000004nA5ZYAU","BillingCountryCode":"US","QuoteToCountry":"United States","ContactId":"003WC00000x4jCfYAI","PartnerAccountId":"001WC00000ZtazZYAR","Billing_Partner__c":"001WC00000ZtazZYAR","SalesTransactionTypeId":"1ChWC0000002eJ70AI","OpportunityId":"006WC00000QuJ4DYAV","LegalEntityId":"0fwWC000000034LYAQ","Partner_Pricing_Model__c":"Discount","Language__c":"English","ShippingCountry":"United States","BillingPostalCode":"55344","ShippingCity":"Eden Prairie","Ship_To_Place__c":"a0lWC000004nA5ZYAU","BillToContactId":"003WC00000x4jCfYAI","CurrencyIsoCode":"USD","ShippingStreet":"11095 Viking Drive","ShippingCountryCode":"US","Payment_Portal__c":"Fortra (default)","BillingCountry":"United States","BillingStreet":"11095 Viking Drive","BillingStateCode":"MN","ShippingPostalCode":"55344","QuoteToCountryCode":"US","Deal_Type__c":"Fortra Originated","ShippingState":"Minnesota","Id":"0Q0WC0000037yTx0AI","BillingState":"Minnesota"}|0x78625d60
19:56:16.9 (895407926)|VARIABLE_SCOPE_BEGIN|[251]|fieldName|String|false|false
19:56:16.9 (895415051)|VARIABLE_ASSIGNMENT|[251]|fieldName|"QuoteToCity"
19:56:16.9 (895424846)|HEAP_ALLOCATE|[252]|Bytes:5
19:56:16.9 (895429136)|STATEMENT_EXECUTE|[251]
19:56:16.9 (895443388)|SYSTEM_METHOD_ENTRY|[252]|SObject.get(String)
19:56:16.9 (895476801)|SYSTEM_METHOD_EXIT|[252]|SObject.get(String)
19:56:16.9 (895482820)|SYSTEM_METHOD_ENTRY|[252]|String.isNotBlank(String)
19:56:16.9 (895487510)|SYSTEM_METHOD_EXIT|[252]|String.isNotBlank(String)
19:56:16.9 (895489976)|STATEMENT_EXECUTE|[252]
19:56:16.9 (895491288)|STATEMENT_EXECUTE|[255]
19:56:16.9 (895495746)|SYSTEM_METHOD_ENTRY|[255]|SObject.get(String)
19:56:16.9 (895508868)|SYSTEM_METHOD_EXIT|[255]|SObject.get(String)
19:56:16.9 (895512835)|VARIABLE_SCOPE_BEGIN|[255]|sourceValue|String|false|false
19:56:16.9 (895519127)|VARIABLE_ASSIGNMENT|[255]|sourceValue|null
19:56:16.9 (895524048)|SYSTEM_METHOD_ENTRY|[256]|String.isNotBlank(String)
19:56:16.9 (895528089)|SYSTEM_METHOD_EXIT|[256]|String.isNotBlank(String)
19:56:16.9 (895529879)|STATEMENT_EXECUTE|[256]
19:56:16.9 (895536487)|METHOD_EXIT|[233]|01pWC000002WbCz|RenewalQuoteHeaderHandler.copyStringIfBlank(Quote, Quote, String)
19:56:16.9 (895539335)|STATEMENT_EXECUTE|[234]
19:56:16.9 (895543598)|METHOD_ENTRY|[234]|01pWC000002WbCz|RenewalQuoteHeaderHandler.copyStringIfBlank(Quote, Quote, String)
19:56:16.9 (895547118)|VARIABLE_SCOPE_BEGIN|[251]|target|Quote|true|false
19:56:16.9 (896290574)|VARIABLE_ASSIGNMENT|[251]|target|{"LastModifiedDate":"2026-06-14T02:56:16.000Z","Quote_Type__c":"Renewal","Bill_To_Place__c":"a0lWC000004nA5ZYAU","Export_Compliance_Status__c":"Pending","Net_Terms_Approval__c":false,"Exchange_Rate_To_USD__c":1.0000000000,"Export_Review_Required__c":false,"Within_Renewal_Window__c":false,"IsPrimary__c":false,"Credit_Renewal_Approval__c":false,"Days_Until_Renewal__c":362,"Renewal_Contract__c":"800WC00000SB0FtYAL","QuoteAccountId":"001WC00000kZKNxYAO","Pro_Ration_Method__c":"Monthly","Renewal_ARR_Approval__c":false,"Status":"Draft","Show_Hide_Discounts__c":"Show","IsDeleted":false,"Subtotal":67.38,"Force_New_Contract__c":false,"Net_Contract_Change__c":0.00,"Signed_Quote_Approval__c":false,"Terms_and_Conditions__c":false,"Payment_Portal__c":"Fortra (default)","Original_Contract_ARR__c":0.00,"BillingStateCode":"MN","GrandTotal":67.38,"ShippingPostalCode":"55344","ShippingState":"Minnesota","Mycap__c":false,"Deal_Type__c":"Fortra Originated","Id":"0Q0WC00000382MH0AY","Subscription_Pricing_Discount_Approval__c":false,"Net_Terms__c":"Net_30","Discount":0.00,"Services_Discount_Approval__c":false,"Total_Contract_Value_TCV__c":67.38,"LineItemCount":2,"OwnerId":"005WC00000DZ6xVYAT","OpportunityId":"006WC00000QuJ4DYAV","LegalEntityId":"0fwWC000000034LYAQ","Language__c":"English","ShippingCity":"Eden Prairie","GSW__c":false,"Manually_Sent__c":false,"CalculationStatus":"PriceCalculationFail (2 more) ...","Corporate_Currency_Amount__c":67.38,"Annual_Contract_Value_ACV__c":67.38,"Max_Discount_on_QLIs__c":0.00,"Quote_Displaced_ARR__c":0.00,"OriginalActionType":"Renew","Ship_To_Place__c":"a0lWC000004nA5ZYAU","Show_Hide_Product_Number__c":"Show","SystemModstamp":"2026-06-14T02:56:16.000Z","Create_Order_from_Quote__c":false,"BillingCountry":"United States","Manual_Discount__c":0.00,"QuoteToCountryCode":"US","TotalPrice":67.38,"AdditionalCountryCode":"US","Legal_Support_Approval__c":false,"AccountId":"001WC00000kZKNxYAO","ShippingStateCode":"MN","BillingCity":"Eden Prairie","QuoteToCountry":"United States","Total_Discount_Amount__c":0.00,"MYCAP_Approval__c":false,"Name":"Renewal Quote","License_Extension_Approval__c":false,"StartDate":"2026-06-11T00:00:00.000Z","CreatedById":"005WC00000DZ6xVYAT","Auto_Renewal__c":false,"Channel_MSP_Pricing_Discount_Approval__c":false,"BillingPostalCode":"55344","Annualized_License_Equivalent_Base__c":67.38,"Show_Hide_Free_Products__c":"Show","Maintenance_Max_Discount__c":0.00,"Total_Displaced_ARR__c":0.00,"CurrencyIsoCode":"USD","LegacyRenewalQuote__c":false,"Credit_Renewal_ARR__c":false,"ShippingStreet":"11095 Viking Drive","Annuial_Revenue_Base__c":67.38,"AdditionalCountry":"United States","Total_Quote_Line_ARR__c":0.00,"CreatedDate":"2026-06-11T21:14:56.000Z","Pricebook2Id":"01sWC0000022GHFYA2","IsSyncing":false,"Renewal_Cancellation_Approval__c":false,"BillingState":"Minnesota","TransactionType":"Fortra_Advanced_Pric (3 more) ...","Discount_Renewal_ARR__c":false,"Contains_Offensive_Security__c":false,"BillingCountryCode":"US","Temp_License_Key_Extension__c":false,"Disable_Export_Control__c":false,"ContactId":"003WC00000x4jCfYAI","PartnerAccountId":"001WC00000ZtazZYAR","Export_License_Required__c":false,"Billing_Partner__c":"001WC00000ZtazZYAR","SalesTransactionTypeId":"1ChWC0000002eJ70AI","Maintenance_Discount_Approval__c":false,"Partner_Pricing_Model__c":"Discount","ShippingCountry":"United States","LineGroupCount":0,"Approval_Status__c":"None","Unsigned_Quote_Approval__c":false,"ContractId":"800WC00000SB0FtYAL","BillToContactId":"003WC00000x4jCfYAI","QuoteTypeText__c":"Renewal","Approval_Rejected_Checkbox__c":false,"ShippingCountryCode":"US","QuoteNumber":"00781084","CanCreateQuoteLineItems":false,"ALE__c":67.38,"BillingStreet":"11095 Viking Drive","Request_Legal_Support__c":false,"Perpetual_Pricing_Discount_Approval__c":false,"LastModifiedById":"005WC00000MgTN2YAN","Displaced_ARR_Approval__c":false}|0x30918162
19:56:16.9 (896333654)|VARIABLE_SCOPE_BEGIN|[251]|source|Quote|true|false
19:56:16.9 (896481207)|VARIABLE_ASSIGNMENT|[251]|source|{"Net_Terms__c":"Net_30","ShippingStateCode":"MN","BillingCity":"Eden Prairie","Bill_To_Place__c":"a0lWC000004nA5ZYAU","BillingCountryCode":"US","QuoteToCountry":"United States","ContactId":"003WC00000x4jCfYAI","PartnerAccountId":"001WC00000ZtazZYAR","Billing_Partner__c":"001WC00000ZtazZYAR","SalesTransactionTypeId":"1ChWC0000002eJ70AI","OpportunityId":"006WC00000QuJ4DYAV","LegalEntityId":"0fwWC000000034LYAQ","Partner_Pricing_Model__c":"Discount","Language__c":"English","ShippingCountry":"United States","BillingPostalCode":"55344","ShippingCity":"Eden Prairie","Ship_To_Place__c":"a0lWC000004nA5ZYAU","BillToContactId":"003WC00000x4jCfYAI","CurrencyIsoCode":"USD","ShippingStreet":"11095 Viking Drive","ShippingCountryCode":"US","Payment_Portal__c":"Fortra (default)","BillingCountry":"United States","BillingStreet":"11095 Viking Drive","BillingStateCode":"MN","ShippingPostalCode":"55344","QuoteToCountryCode":"US","Deal_Type__c":"Fortra Originated","ShippingState":"Minnesota","Id":"0Q0WC0000037yTx0AI","BillingState":"Minnesota"}|0x78625d60
19:56:16.9 (896488927)|VARIABLE_SCOPE_BEGIN|[251]|fieldName|String|false|false
19:56:16.9 (896494647)|VARIABLE_ASSIGNMENT|[251]|fieldName|"QuoteToState"
19:56:16.9 (896504273)|HEAP_ALLOCATE|[252]|Bytes:5
19:56:16.9 (896508369)|STATEMENT_EXECUTE|[251]
19:56:16.9 (896521539)|SYSTEM_METHOD_ENTRY|[252]|SObject.get(String)
19:56:16.9 (896546580)|SYSTEM_METHOD_EXIT|[252]|SObject.get(String)
19:56:16.9 (896552284)|SYSTEM_METHOD_ENTRY|[252]|String.isNotBlank(String)
19:56:16.9 (896556804)|SYSTEM_METHOD_EXIT|[252]|String.isNotBlank(String)
19:56:16.9 (896559026)|STATEMENT_EXECUTE|[252]
19:56:16.9 (896560406)|STATEMENT_EXECUTE|[255]
19:56:16.9 (896564757)|SYSTEM_METHOD_ENTRY|[255]|SObject.get(String)
19:56:16.9 (896576958)|SYSTEM_METHOD_EXIT|[255]|SObject.get(String)
19:56:16.9 (896580361)|VARIABLE_SCOPE_BEGIN|[255]|sourceValue|String|false|false
19:56:16.9 (896585871)|VARIABLE_ASSIGNMENT|[255]|sourceValue|null
19:56:16.9 (896590577)|SYSTEM_METHOD_ENTRY|[256]|String.isNotBlank(String)
19:56:16.9 (896594476)|SYSTEM_METHOD_EXIT|[256]|String.isNotBlank(String)
19:56:16.9 (896596421)|STATEMENT_EXECUTE|[256]
19:56:16.9 (896603099)|METHOD_EXIT|[234]|01pWC000002WbCz|RenewalQuoteHeaderHandler.copyStringIfBlank(Quote, Quote, String)
19:56:16.9 (896605914)|STATEMENT_EXECUTE|[235]
19:56:16.9 (896610330)|METHOD_ENTRY|[235]|01pWC000002WbCz|RenewalQuoteHeaderHandler.copyStringIfBlank(Quote, Quote, String)
19:56:16.9 (896613071)|VARIABLE_SCOPE_BEGIN|[251]|target|Quote|true|false
19:56:16.9 (897340400)|VARIABLE_ASSIGNMENT|[251]|target|{"LastModifiedDate":"2026-06-14T02:56:16.000Z","Quote_Type__c":"Renewal","Bill_To_Place__c":"a0lWC000004nA5ZYAU","Export_Compliance_Status__c":"Pending","Net_Terms_Approval__c":false,"Exchange_Rate_To_USD__c":1.0000000000,"Export_Review_Required__c":false,"Within_Renewal_Window__c":false,"IsPrimary__c":false,"Credit_Renewal_Approval__c":false,"Days_Until_Renewal__c":362,"Renewal_Contract__c":"800WC00000SB0FtYAL","QuoteAccountId":"001WC00000kZKNxYAO","Pro_Ration_Method__c":"Monthly","Renewal_ARR_Approval__c":false,"Status":"Draft","Show_Hide_Discounts__c":"Show","IsDeleted":false,"Subtotal":67.38,"Force_New_Contract__c":false,"Net_Contract_Change__c":0.00,"Signed_Quote_Approval__c":false,"Terms_and_Conditions__c":false,"Payment_Portal__c":"Fortra (default)","Original_Contract_ARR__c":0.00,"BillingStateCode":"MN","GrandTotal":67.38,"ShippingPostalCode":"55344","ShippingState":"Minnesota","Mycap__c":false,"Deal_Type__c":"Fortra Originated","Id":"0Q0WC00000382MH0AY","Subscription_Pricing_Discount_Approval__c":false,"Net_Terms__c":"Net_30","Discount":0.00,"Services_Discount_Approval__c":false,"Total_Contract_Value_TCV__c":67.38,"LineItemCount":2,"OwnerId":"005WC00000DZ6xVYAT","OpportunityId":"006WC00000QuJ4DYAV","LegalEntityId":"0fwWC000000034LYAQ","Language__c":"English","ShippingCity":"Eden Prairie","GSW__c":false,"Manually_Sent__c":false,"CalculationStatus":"PriceCalculationFail (2 more) ...","Corporate_Currency_Amount__c":67.38,"Annual_Contract_Value_ACV__c":67.38,"Max_Discount_on_QLIs__c":0.00,"Quote_Displaced_ARR__c":0.00,"OriginalActionType":"Renew","Ship_To_Place__c":"a0lWC000004nA5ZYAU","Show_Hide_Product_Number__c":"Show","SystemModstamp":"2026-06-14T02:56:16.000Z","Create_Order_from_Quote__c":false,"BillingCountry":"United States","Manual_Discount__c":0.00,"QuoteToCountryCode":"US","TotalPrice":67.38,"AdditionalCountryCode":"US","Legal_Support_Approval__c":false,"AccountId":"001WC00000kZKNxYAO","ShippingStateCode":"MN","BillingCity":"Eden Prairie","QuoteToCountry":"United States","Total_Discount_Amount__c":0.00,"MYCAP_Approval__c":false,"Name":"Renewal Quote","License_Extension_Approval__c":false,"StartDate":"2026-06-11T00:00:00.000Z","CreatedById":"005WC00000DZ6xVYAT","Auto_Renewal__c":false,"Channel_MSP_Pricing_Discount_Approval__c":false,"BillingPostalCode":"55344","Annualized_License_Equivalent_Base__c":67.38,"Show_Hide_Free_Products__c":"Show","Maintenance_Max_Discount__c":0.00,"Total_Displaced_ARR__c":0.00,"CurrencyIsoCode":"USD","LegacyRenewalQuote__c":false,"Credit_Renewal_ARR__c":false,"ShippingStreet":"11095 Viking Drive","Annuial_Revenue_Base__c":67.38,"AdditionalCountry":"United States","Total_Quote_Line_ARR__c":0.00,"CreatedDate":"2026-06-11T21:14:56.000Z","Pricebook2Id":"01sWC0000022GHFYA2","IsSyncing":false,"Renewal_Cancellation_Approval__c":false,"BillingState":"Minnesota","TransactionType":"Fortra_Advanced_Pric (3 more) ...","Discount_Renewal_ARR__c":false,"Contains_Offensive_Security__c":false,"BillingCountryCode":"US","Temp_License_Key_Extension__c":false,"Disable_Export_Control__c":false,"ContactId":"003WC00000x4jCfYAI","PartnerAccountId":"001WC00000ZtazZYAR","Export_License_Required__c":false,"Billing_Partner__c":"001WC00000ZtazZYAR","SalesTransactionTypeId":"1ChWC0000002eJ70AI","Maintenance_Discount_Approval__c":false,"Partner_Pricing_Model__c":"Discount","ShippingCountry":"United States","LineGroupCount":0,"Approval_Status__c":"None","Unsigned_Quote_Approval__c":false,"ContractId":"800WC00000SB0FtYAL","BillToContactId":"003WC00000x4jCfYAI","QuoteTypeText__c":"Renewal","Approval_Rejected_Checkbox__c":false,"ShippingCountryCode":"US","QuoteNumber":"00781084","CanCreateQuoteLineItems":false,"ALE__c":67.38,"BillingStreet":"11095 Viking Drive","Request_Legal_Support__c":false,"Perpetual_Pricing_Discount_Approval__c":false,"LastModifiedById":"005WC00000MgTN2YAN","Displaced_ARR_Approval__c":false}|0x30918162
19:56:16.9 (898079947)|VARIABLE_SCOPE_BEGIN|[251]|source|Quote|true|false
19:56:16.9 (898259499)|VARIABLE_ASSIGNMENT|[251]|source|{"Net_Terms__c":"Net_30","ShippingStateCode":"MN","BillingCity":"Eden Prairie","Bill_To_Place__c":"a0lWC000004nA5ZYAU","BillingCountryCode":"US","QuoteToCountry":"United States","ContactId":"003WC00000x4jCfYAI","PartnerAccountId":"001WC00000ZtazZYAR","Billing_Partner__c":"001WC00000ZtazZYAR","SalesTransactionTypeId":"1ChWC0000002eJ70AI","OpportunityId":"006WC00000QuJ4DYAV","LegalEntityId":"0fwWC000000034LYAQ","Partner_Pricing_Model__c":"Discount","Language__c":"English","ShippingCountry":"United States","BillingPostalCode":"55344","ShippingCity":"Eden Prairie","Ship_To_Place__c":"a0lWC000004nA5ZYAU","BillToContactId":"003WC00000x4jCfYAI","CurrencyIsoCode":"USD","ShippingStreet":"11095 Viking Drive","ShippingCountryCode":"US","Payment_Portal__c":"Fortra (default)","BillingCountry":"United States","BillingStreet":"11095 Viking Drive","BillingStateCode":"MN","ShippingPostalCode":"55344","QuoteToCountryCode":"US","Deal_Type__c":"Fortra Originated","ShippingState":"Minnesota","Id":"0Q0WC0000037yTx0AI","BillingState":"Minnesota"}|0x78625d60
19:56:16.9 (898269012)|VARIABLE_SCOPE_BEGIN|[251]|fieldName|String|false|false
19:56:16.9 (898275832)|VARIABLE_ASSIGNMENT|[251]|fieldName|"QuoteToPostalCode"
19:56:16.9 (898289157)|HEAP_ALLOCATE|[252]|Bytes:5
19:56:16.9 (898295059)|STATEMENT_EXECUTE|[251]
19:56:16.9 (898315454)|SYSTEM_METHOD_ENTRY|[252]|SObject.get(String)
19:56:16.9 (898356125)|SYSTEM_METHOD_EXIT|[252]|SObject.get(String)
19:56:16.9 (898362153)|SYSTEM_METHOD_ENTRY|[252]|String.isNotBlank(String)
19:56:16.9 (898367023)|SYSTEM_METHOD_EXIT|[252]|String.isNotBlank(String)
19:56:16.9 (898369607)|STATEMENT_EXECUTE|[252]
19:56:16.9 (898371154)|STATEMENT_EXECUTE|[255]
19:56:16.9 (898375191)|SYSTEM_METHOD_ENTRY|[255]|SObject.get(String)
19:56:16.9 (898387264)|SYSTEM_METHOD_EXIT|[255]|SObject.get(String)
19:56:16.9 (898390672)|VARIABLE_SCOPE_BEGIN|[255]|sourceValue|String|false|false
19:56:16.9 (898396859)|VARIABLE_ASSIGNMENT|[255]|sourceValue|null
19:56:16.9 (898401627)|SYSTEM_METHOD_ENTRY|[256]|String.isNotBlank(String)
19:56:16.9 (898405622)|SYSTEM_METHOD_EXIT|[256]|String.isNotBlank(String)
19:56:16.9 (898407506)|STATEMENT_EXECUTE|[256]
19:56:16.9 (898414815)|METHOD_EXIT|[235]|01pWC000002WbCz|RenewalQuoteHeaderHandler.copyStringIfBlank(Quote, Quote, String)
19:56:16.9 (898417857)|STATEMENT_EXECUTE|[236]
19:56:16.9 (898424301)|METHOD_ENTRY|[236]|01pWC000002WbCz|RenewalQuoteHeaderHandler.copyStringIfBlank(Quote, Quote, String)
19:56:16.9 (898427071)|VARIABLE_SCOPE_BEGIN|[251]|target|Quote|true|false
19:56:16.9 (899204908)|VARIABLE_ASSIGNMENT|[251]|target|{"LastModifiedDate":"2026-06-14T02:56:16.000Z","Quote_Type__c":"Renewal","Bill_To_Place__c":"a0lWC000004nA5ZYAU","Export_Compliance_Status__c":"Pending","Net_Terms_Approval__c":false,"Exchange_Rate_To_USD__c":1.0000000000,"Export_Review_Required__c":false,"Within_Renewal_Window__c":false,"IsPrimary__c":false,"Credit_Renewal_Approval__c":false,"Days_Until_Renewal__c":362,"Renewal_Contract__c":"800WC00000SB0FtYAL","QuoteAccountId":"001WC00000kZKNxYAO","Pro_Ration_Method__c":"Monthly","Renewal_ARR_Approval__c":false,"Status":"Draft","Show_Hide_Discounts__c":"Show","IsDeleted":false,"Subtotal":67.38,"Force_New_Contract__c":false,"Net_Contract_Change__c":0.00,"Signed_Quote_Approval__c":false,"Terms_and_Conditions__c":false,"Payment_Portal__c":"Fortra (default)","Original_Contract_ARR__c":0.00,"BillingStateCode":"MN","GrandTotal":67.38,"ShippingPostalCode":"55344","ShippingState":"Minnesota","Mycap__c":false,"Deal_Type__c":"Fortra Originated","Id":"0Q0WC00000382MH0AY","Subscription_Pricing_Discount_Approval__c":false,"Net_Terms__c":"Net_30","Discount":0.00,"Services_Discount_Approval__c":false,"Total_Contract_Value_TCV__c":67.38,"LineItemCount":2,"OwnerId":"005WC00000DZ6xVYAT","OpportunityId":"006WC00000QuJ4DYAV","LegalEntityId":"0fwWC000000034LYAQ","Language__c":"English","ShippingCity":"Eden Prairie","GSW__c":false,"Manually_Sent__c":false,"CalculationStatus":"PriceCalculationFail (2 more) ...","Corporate_Currency_Amount__c":67.38,"Annual_Contract_Value_ACV__c":67.38,"Max_Discount_on_QLIs__c":0.00,"Quote_Displaced_ARR__c":0.00,"OriginalActionType":"Renew","Ship_To_Place__c":"a0lWC000004nA5ZYAU","Show_Hide_Product_Number__c":"Show","SystemModstamp":"2026-06-14T02:56:16.000Z","Create_Order_from_Quote__c":false,"BillingCountry":"United States","Manual_Discount__c":0.00,"QuoteToCountryCode":"US","TotalPrice":67.38,"AdditionalCountryCode":"US","Legal_Support_Approval__c":false,"AccountId":"001WC00000kZKNxYAO","ShippingStateCode":"MN","BillingCity":"Eden Prairie","QuoteToCountry":"United States","Total_Discount_Amount__c":0.00,"MYCAP_Approval__c":false,"Name":"Renewal Quote","License_Extension_Approval__c":false,"StartDate":"2026-06-11T00:00:00.000Z","CreatedById":"005WC00000DZ6xVYAT","Auto_Renewal__c":false,"Channel_MSP_Pricing_Discount_Approval__c":false,"BillingPostalCode":"55344","Annualized_License_Equivalent_Base__c":67.38,"Show_Hide_Free_Products__c":"Show","Maintenance_Max_Discount__c":0.00,"Total_Displaced_ARR__c":0.00,"CurrencyIsoCode":"USD","LegacyRenewalQuote__c":false,"Credit_Renewal_ARR__c":false,"ShippingStreet":"11095 Viking Drive","Annuial_Revenue_Base__c":67.38,"AdditionalCountry":"United States","Total_Quote_Line_ARR__c":0.00,"CreatedDate":"2026-06-11T21:14:56.000Z","Pricebook2Id":"01sWC0000022GHFYA2","IsSyncing":false,"Renewal_Cancellation_Approval__c":false,"BillingState":"Minnesota","TransactionType":"Fortra_Advanced_Pric (3 more) ...","Discount_Renewal_ARR__c":false,"Contains_Offensive_Security__c":false,"BillingCountryCode":"US","Temp_License_Key_Extension__c":false,"Disable_Export_Control__c":false,"ContactId":"003WC00000x4jCfYAI","PartnerAccountId":"001WC00000ZtazZYAR","Export_License_Required__c":false,"Billing_Partner__c":"001WC00000ZtazZYAR","SalesTransactionTypeId":"1ChWC0000002eJ70AI","Maintenance_Discount_Approval__c":false,"Partner_Pricing_Model__c":"Discount","ShippingCountry":"United States","LineGroupCount":0,"Approval_Status__c":"None","Unsigned_Quote_Approval__c":false,"ContractId":"800WC00000SB0FtYAL","BillToContactId":"003WC00000x4jCfYAI","QuoteTypeText__c":"Renewal","Approval_Rejected_Checkbox__c":false,"ShippingCountryCode":"US","QuoteNumber":"00781084","CanCreateQuoteLineItems":false,"ALE__c":67.38,"BillingStreet":"11095 Viking Drive","Request_Legal_Support__c":false,"Perpetual_Pricing_Discount_Approval__c":false,"LastModifiedById":"005WC00000MgTN2YAN","Displaced_ARR_Approval__c":false}|0x30918162
19:56:16.9 (899253498)|VARIABLE_SCOPE_BEGIN|[251]|source|Quote|true|false
19:56:16.9 (899370538)|VARIABLE_ASSIGNMENT|[251]|source|{"Net_Terms__c":"Net_30","ShippingStateCode":"MN","BillingCity":"Eden Prairie","Bill_To_Place__c":"a0lWC000004nA5ZYAU","BillingCountryCode":"US","QuoteToCountry":"United States","ContactId":"003WC00000x4jCfYAI","PartnerAccountId":"001WC00000ZtazZYAR","Billing_Partner__c":"001WC00000ZtazZYAR","SalesTransactionTypeId":"1ChWC0000002eJ70AI","OpportunityId":"006WC00000QuJ4DYAV","LegalEntityId":"0fwWC000000034LYAQ","Partner_Pricing_Model__c":"Discount","Language__c":"English","ShippingCountry":"United States","BillingPostalCode":"55344","ShippingCity":"Eden Prairie","Ship_To_Place__c":"a0lWC000004nA5ZYAU","BillToContactId":"003WC00000x4jCfYAI","CurrencyIsoCode":"USD","ShippingStreet":"11095 Viking Drive","ShippingCountryCode":"US","Payment_Portal__c":"Fortra (default)","BillingCountry":"United States","BillingStreet":"11095 Viking Drive","BillingStateCode":"MN","ShippingPostalCode":"55344","QuoteToCountryCode":"US","Deal_Type__c":"Fortra Originated","ShippingState":"Minnesota","Id":"0Q0WC0000037yTx0AI","BillingState":"Minnesota"}|0x78625d60
19:56:16.9 (899378538)|VARIABLE_SCOPE_BEGIN|[251]|fieldName|String|false|false
19:56:16.9 (899384121)|VARIABLE_ASSIGNMENT|[251]|fieldName|"QuoteToCountry"
19:56:16.9 (899394307)|HEAP_ALLOCATE|[252]|Bytes:5
19:56:16.9 (899398883)|STATEMENT_EXECUTE|[251]
19:56:16.9 (899412558)|SYSTEM_METHOD_ENTRY|[252]|SObject.get(String)
19:56:16.9 (899429339)|HEAP_ALLOCATE|[252]|Bytes:13
19:56:16.9 (899436306)|SYSTEM_METHOD_EXIT|[252]|SObject.get(String)
19:56:16.9 (899442182)|SYSTEM_METHOD_ENTRY|[252]|String.isNotBlank(String)
19:56:16.9 (899446479)|SYSTEM_METHOD_EXIT|[252]|String.isNotBlank(String)
19:56:16.9 (899449155)|STATEMENT_EXECUTE|[252]
19:56:16.9 (899450240)|STATEMENT_EXECUTE|[253]
19:56:16.9 (899456639)|METHOD_EXIT|[236]|01pWC000002WbCz|RenewalQuoteHeaderHandler.copyStringIfBlank(Quote, Quote, String)
19:56:16.9 (899459323)|STATEMENT_EXECUTE|[237]
19:56:16.9 (899463685)|METHOD_ENTRY|[237]|01pWC000002WbCz|RenewalQuoteHeaderHandler.copyStringIfBlank(Quote, Quote, String)
19:56:16.9 (899466378)|VARIABLE_SCOPE_BEGIN|[251]|target|Quote|true|false
19:56:16.9 (900190587)|VARIABLE_ASSIGNMENT|[251]|target|{"LastModifiedDate":"2026-06-14T02:56:16.000Z","Quote_Type__c":"Renewal","Bill_To_Place__c":"a0lWC000004nA5ZYAU","Export_Compliance_Status__c":"Pending","Net_Terms_Approval__c":false,"Exchange_Rate_To_USD__c":1.0000000000,"Export_Review_Required__c":false,"Within_Renewal_Window__c":false,"IsPrimary__c":false,"Credit_Renewal_Approval__c":false,"Days_Until_Renewal__c":362,"Renewal_Contract__c":"800WC00000SB0FtYAL","QuoteAccountId":"001WC00000kZKNxYAO","Pro_Ration_Method__c":"Monthly","Renewal_ARR_Approval__c":false,"Status":"Draft","Show_Hide_Discounts__c":"Show","IsDeleted":false,"Subtotal":67.38,"Force_New_Contract__c":false,"Net_Contract_Change__c":0.00,"Signed_Quote_Approval__c":false,"Terms_and_Conditions__c":false,"Payment_Portal__c":"Fortra (default)","Original_Contract_ARR__c":0.00,"BillingStateCode":"MN","GrandTotal":67.38,"ShippingPostalCode":"55344","ShippingState":"Minnesota","Mycap__c":false,"Deal_Type__c":"Fortra Originated","Id":"0Q0WC00000382MH0AY","Subscription_Pricing_Discount_Approval__c":false,"Net_Terms__c":"Net_30","Discount":0.00,"Services_Discount_Approval__c":false,"Total_Contract_Value_TCV__c":67.38,"LineItemCount":2,"OwnerId":"005WC00000DZ6xVYAT","OpportunityId":"006WC00000QuJ4DYAV","LegalEntityId":"0fwWC000000034LYAQ","Language__c":"English","ShippingCity":"Eden Prairie","GSW__c":false,"Manually_Sent__c":false,"CalculationStatus":"PriceCalculationFail (2 more) ...","Corporate_Currency_Amount__c":67.38,"Annual_Contract_Value_ACV__c":67.38,"Max_Discount_on_QLIs__c":0.00,"Quote_Displaced_ARR__c":0.00,"OriginalActionType":"Renew","Ship_To_Place__c":"a0lWC000004nA5ZYAU","Show_Hide_Product_Number__c":"Show","SystemModstamp":"2026-06-14T02:56:16.000Z","Create_Order_from_Quote__c":false,"BillingCountry":"United States","Manual_Discount__c":0.00,"QuoteToCountryCode":"US","TotalPrice":67.38,"AdditionalCountryCode":"US","Legal_Support_Approval__c":false,"AccountId":"001WC00000kZKNxYAO","ShippingStateCode":"MN","BillingCity":"Eden Prairie","QuoteToCountry":"United States","Total_Discount_Amount__c":0.00,"MYCAP_Approval__c":false,"Name":"Renewal Quote","License_Extension_Approval__c":false,"StartDate":"2026-06-11T00:00:00.000Z","CreatedById":"005WC00000DZ6xVYAT","Auto_Renewal__c":false,"Channel_MSP_Pricing_Discount_Approval__c":false,"BillingPostalCode":"55344","Annualized_License_Equivalent_Base__c":67.38,"Show_Hide_Free_Products__c":"Show","Maintenance_Max_Discount__c":0.00,"Total_Displaced_ARR__c":0.00,"CurrencyIsoCode":"USD","LegacyRenewalQuote__c":false,"Credit_Renewal_ARR__c":false,"ShippingStreet":"11095 Viking Drive","Annuial_Revenue_Base__c":67.38,"AdditionalCountry":"United States","Total_Quote_Line_ARR__c":0.00,"CreatedDate":"2026-06-11T21:14:56.000Z","Pricebook2Id":"01sWC0000022GHFYA2","IsSyncing":false,"Renewal_Cancellation_Approval__c":false,"BillingState":"Minnesota","TransactionType":"Fortra_Advanced_Pric (3 more) ...","Discount_Renewal_ARR__c":false,"Contains_Offensive_Security__c":false,"BillingCountryCode":"US","Temp_License_Key_Extension__c":false,"Disable_Export_Control__c":false,"ContactId":"003WC00000x4jCfYAI","PartnerAccountId":"001WC00000ZtazZYAR","Export_License_Required__c":false,"Billing_Partner__c":"001WC00000ZtazZYAR","SalesTransactionTypeId":"1ChWC0000002eJ70AI","Maintenance_Discount_Approval__c":false,"Partner_Pricing_Model__c":"Discount","ShippingCountry":"United States","LineGroupCount":0,"Approval_Status__c":"None","Unsigned_Quote_Approval__c":false,"ContractId":"800WC00000SB0FtYAL","BillToContactId":"003WC00000x4jCfYAI","QuoteTypeText__c":"Renewal","Approval_Rejected_Checkbox__c":false,"ShippingCountryCode":"US","QuoteNumber":"00781084","CanCreateQuoteLineItems":false,"ALE__c":67.38,"BillingStreet":"11095 Viking Drive","Request_Legal_Support__c":false,"Perpetual_Pricing_Discount_Approval__c":false,"LastModifiedById":"005WC00000MgTN2YAN","Displaced_ARR_Approval__c":false}|0x30918162
19:56:16.9 (900234821)|VARIABLE_SCOPE_BEGIN|[251]|source|Quote|true|false
19:56:16.9 (900347368)|VARIABLE_ASSIGNMENT|[251]|source|{"Net_Terms__c":"Net_30","ShippingStateCode":"MN","BillingCity":"Eden Prairie","Bill_To_Place__c":"a0lWC000004nA5ZYAU","BillingCountryCode":"US","QuoteToCountry":"United States","ContactId":"003WC00000x4jCfYAI","PartnerAccountId":"001WC00000ZtazZYAR","Billing_Partner__c":"001WC00000ZtazZYAR","SalesTransactionTypeId":"1ChWC0000002eJ70AI","OpportunityId":"006WC00000QuJ4DYAV","LegalEntityId":"0fwWC000000034LYAQ","Partner_Pricing_Model__c":"Discount","Language__c":"English","ShippingCountry":"United States","BillingPostalCode":"55344","ShippingCity":"Eden Prairie","Ship_To_Place__c":"a0lWC000004nA5ZYAU","BillToContactId":"003WC00000x4jCfYAI","CurrencyIsoCode":"USD","ShippingStreet":"11095 Viking Drive","ShippingCountryCode":"US","Payment_Portal__c":"Fortra (default)","BillingCountry":"United States","BillingStreet":"11095 Viking Drive","BillingStateCode":"MN","ShippingPostalCode":"55344","QuoteToCountryCode":"US","Deal_Type__c":"Fortra Originated","ShippingState":"Minnesota","Id":"0Q0WC0000037yTx0AI","BillingState":"Minnesota"}|0x78625d60
19:56:16.9 (900355068)|VARIABLE_SCOPE_BEGIN|[251]|fieldName|String|false|false
19:56:16.9 (900360734)|VARIABLE_ASSIGNMENT|[251]|fieldName|"QuoteToStateCode"
19:56:16.9 (900370260)|HEAP_ALLOCATE|[252]|Bytes:5
19:56:16.9 (900374757)|STATEMENT_EXECUTE|[251]
19:56:16.9 (900388702)|SYSTEM_METHOD_ENTRY|[252]|SObject.get(String)
19:56:16.9 (900413502)|SYSTEM_METHOD_EXIT|[252]|SObject.get(String)
19:56:16.9 (900419362)|SYSTEM_METHOD_ENTRY|[252]|String.isNotBlank(String)
19:56:16.9 (900424222)|SYSTEM_METHOD_EXIT|[252]|String.isNotBlank(String)
19:56:16.9 (900426788)|STATEMENT_EXECUTE|[252]
19:56:16.9 (900427986)|STATEMENT_EXECUTE|[255]
19:56:16.9 (900432145)|SYSTEM_METHOD_ENTRY|[255]|SObject.get(String)
19:56:16.9 (900443701)|SYSTEM_METHOD_EXIT|[255]|SObject.get(String)
19:56:16.9 (900447180)|VARIABLE_SCOPE_BEGIN|[255]|sourceValue|String|false|false
19:56:16.9 (900453035)|VARIABLE_ASSIGNMENT|[255]|sourceValue|null
19:56:16.9 (900457671)|SYSTEM_METHOD_ENTRY|[256]|String.isNotBlank(String)
19:56:16.9 (900461461)|SYSTEM_METHOD_EXIT|[256]|String.isNotBlank(String)
19:56:16.9 (900463379)|STATEMENT_EXECUTE|[256]
19:56:16.9 (900470027)|METHOD_EXIT|[237]|01pWC000002WbCz|RenewalQuoteHeaderHandler.copyStringIfBlank(Quote, Quote, String)
19:56:16.9 (900472796)|STATEMENT_EXECUTE|[238]
19:56:16.9 (900477102)|METHOD_ENTRY|[238]|01pWC000002WbCz|RenewalQuoteHeaderHandler.copyStringIfBlank(Quote, Quote, String)
19:56:16.9 (900479811)|VARIABLE_SCOPE_BEGIN|[251]|target|Quote|true|false
19:56:16.9 (901283358)|VARIABLE_ASSIGNMENT|[251]|target|{"LastModifiedDate":"2026-06-14T02:56:16.000Z","Quote_Type__c":"Renewal","Bill_To_Place__c":"a0lWC000004nA5ZYAU","Export_Compliance_Status__c":"Pending","Net_Terms_Approval__c":false,"Exchange_Rate_To_USD__c":1.0000000000,"Export_Review_Required__c":false,"Within_Renewal_Window__c":false,"IsPrimary__c":false,"Credit_Renewal_Approval__c":false,"Days_Until_Renewal__c":362,"Renewal_Contract__c":"800WC00000SB0FtYAL","QuoteAccountId":"001WC00000kZKNxYAO","Pro_Ration_Method__c":"Monthly","Renewal_ARR_Approval__c":false,"Status":"Draft","Show_Hide_Discounts__c":"Show","IsDeleted":false,"Subtotal":67.38,"Force_New_Contract__c":false,"Net_Contract_Change__c":0.00,"Signed_Quote_Approval__c":false,"Terms_and_Conditions__c":false,"Payment_Portal__c":"Fortra (default)","Original_Contract_ARR__c":0.00,"BillingStateCode":"MN","GrandTotal":67.38,"ShippingPostalCode":"55344","ShippingState":"Minnesota","Mycap__c":false,"Deal_Type__c":"Fortra Originated","Id":"0Q0WC00000382MH0AY","Subscription_Pricing_Discount_Approval__c":false,"Net_Terms__c":"Net_30","Discount":0.00,"Services_Discount_Approval__c":false,"Total_Contract_Value_TCV__c":67.38,"LineItemCount":2,"OwnerId":"005WC00000DZ6xVYAT","OpportunityId":"006WC00000QuJ4DYAV","LegalEntityId":"0fwWC000000034LYAQ","Language__c":"English","ShippingCity":"Eden Prairie","GSW__c":false,"Manually_Sent__c":false,"CalculationStatus":"PriceCalculationFail (2 more) ...","Corporate_Currency_Amount__c":67.38,"Annual_Contract_Value_ACV__c":67.38,"Max_Discount_on_QLIs__c":0.00,"Quote_Displaced_ARR__c":0.00,"OriginalActionType":"Renew","Ship_To_Place__c":"a0lWC000004nA5ZYAU","Show_Hide_Product_Number__c":"Show","SystemModstamp":"2026-06-14T02:56:16.000Z","Create_Order_from_Quote__c":false,"BillingCountry":"United States","Manual_Discount__c":0.00,"QuoteToCountryCode":"US","TotalPrice":67.38,"AdditionalCountryCode":"US","Legal_Support_Approval__c":false,"AccountId":"001WC00000kZKNxYAO","ShippingStateCode":"MN","BillingCity":"Eden Prairie","QuoteToCountry":"United States","Total_Discount_Amount__c":0.00,"MYCAP_Approval__c":false,"Name":"Renewal Quote","License_Extension_Approval__c":false,"StartDate":"2026-06-11T00:00:00.000Z","CreatedById":"005WC00000DZ6xVYAT","Auto_Renewal__c":false,"Channel_MSP_Pricing_Discount_Approval__c":false,"BillingPostalCode":"55344","Annualized_License_Equivalent_Base__c":67.38,"Show_Hide_Free_Products__c":"Show","Maintenance_Max_Discount__c":0.00,"Total_Displaced_ARR__c":0.00,"CurrencyIsoCode":"USD","LegacyRenewalQuote__c":false,"Credit_Renewal_ARR__c":false,"ShippingStreet":"11095 Viking Drive","Annuial_Revenue_Base__c":67.38,"AdditionalCountry":"United States","Total_Quote_Line_ARR__c":0.00,"CreatedDate":"2026-06-11T21:14:56.000Z","Pricebook2Id":"01sWC0000022GHFYA2","IsSyncing":false,"Renewal_Cancellation_Approval__c":false,"BillingState":"Minnesota","TransactionType":"Fortra_Advanced_Pric (3 more) ...","Discount_Renewal_ARR__c":false,"Contains_Offensive_Security__c":false,"BillingCountryCode":"US","Temp_License_Key_Extension__c":false,"Disable_Export_Control__c":false,"ContactId":"003WC00000x4jCfYAI","PartnerAccountId":"001WC00000ZtazZYAR","Export_License_Required__c":false,"Billing_Partner__c":"001WC00000ZtazZYAR","SalesTransactionTypeId":"1ChWC0000002eJ70AI","Maintenance_Discount_Approval__c":false,"Partner_Pricing_Model__c":"Discount","ShippingCountry":"United States","LineGroupCount":0,"Approval_Status__c":"None","Unsigned_Quote_Approval__c":false,"ContractId":"800WC00000SB0FtYAL","BillToContactId":"003WC00000x4jCfYAI","QuoteTypeText__c":"Renewal","Approval_Rejected_Checkbox__c":false,"ShippingCountryCode":"US","QuoteNumber":"00781084","CanCreateQuoteLineItems":false,"ALE__c":67.38,"BillingStreet":"11095 Viking Drive","Request_Legal_Support__c":false,"Perpetual_Pricing_Discount_Approval__c":false,"LastModifiedById":"005WC00000MgTN2YAN","Displaced_ARR_Approval__c":false}|0x30918162
19:56:16.9 (901347705)|VARIABLE_SCOPE_BEGIN|[251]|source|Quote|true|false
19:56:16.9 (901545403)|VARIABLE_ASSIGNMENT|[251]|source|{"Net_Terms__c":"Net_30","ShippingStateCode":"MN","BillingCity":"Eden Prairie","Bill_To_Place__c":"a0lWC000004nA5ZYAU","BillingCountryCode":"US","QuoteToCountry":"United States","ContactId":"003WC00000x4jCfYAI","PartnerAccountId":"001WC00000ZtazZYAR","Billing_Partner__c":"001WC00000ZtazZYAR","SalesTransactionTypeId":"1ChWC0000002eJ70AI","OpportunityId":"006WC00000QuJ4DYAV","LegalEntityId":"0fwWC000000034LYAQ","Partner_Pricing_Model__c":"Discount","Language__c":"English","ShippingCountry":"United States","BillingPostalCode":"55344","ShippingCity":"Eden Prairie","Ship_To_Place__c":"a0lWC000004nA5ZYAU","BillToContactId":"003WC00000x4jCfYAI","CurrencyIsoCode":"USD","ShippingStreet":"11095 Viking Drive","ShippingCountryCode":"US","Payment_Portal__c":"Fortra (default)","BillingCountry":"United States","BillingStreet":"11095 Viking Drive","BillingStateCode":"MN","ShippingPostalCode":"55344","QuoteToCountryCode":"US","Deal_Type__c":"Fortra Originated","ShippingState":"Minnesota","Id":"0Q0WC0000037yTx0AI","BillingState":"Minnesota"}|0x78625d60
19:56:16.9 (901559286)|VARIABLE_SCOPE_BEGIN|[251]|fieldName|String|false|false
19:56:16.9 (901569933)|VARIABLE_ASSIGNMENT|[251]|fieldName|"QuoteToCountryCode"
19:56:16.9 (901587577)|HEAP_ALLOCATE|[252]|Bytes:5
19:56:16.9 (901594314)|STATEMENT_EXECUTE|[251]
19:56:16.9 (901622920)|SYSTEM_METHOD_ENTRY|[252]|SObject.get(String)
19:56:16.9 (901656297)|HEAP_ALLOCATE|[252]|Bytes:2
19:56:16.9 (901668492)|SYSTEM_METHOD_EXIT|[252]|SObject.get(String)
19:56:16.9 (901677884)|SYSTEM_METHOD_ENTRY|[252]|String.isNotBlank(String)
19:56:16.9 (901685355)|SYSTEM_METHOD_EXIT|[252]|String.isNotBlank(String)
19:56:16.9 (901688900)|STATEMENT_EXECUTE|[252]
19:56:16.9 (901690440)|STATEMENT_EXECUTE|[253]
19:56:16.9 (901700059)|METHOD_EXIT|[238]|01pWC000002WbCz|RenewalQuoteHeaderHandler.copyStringIfBlank(Quote, Quote, String)
19:56:16.9 (901709897)|METHOD_EXIT|[44]|01pWC000002WbCz|RenewalQuoteHeaderHandler.stampHeaderFields(Quote, Quote)
19:56:16.9 (901726070)|SYSTEM_METHOD_ENTRY|[39]|com.salesforce.api.fast.SetIterator..lcom.force.swag.id.ID..r.hasNext()
19:56:16.9 (901738102)|HEAP_ALLOCATE|[39]|Bytes:5
19:56:16.9 (901746779)|SYSTEM_METHOD_EXIT|[39]|com.salesforce.api.fast.SetIterator..lcom.force.swag.id.ID..r.hasNext()
19:56:16.9 (901759680)|VARIABLE_ASSIGNMENT|[39]|contractId|null
19:56:16.9 (901777141)|SYSTEM_MODE_EXIT|false
19:56:16.9 (901790010)|METHOD_EXIT|[7]|01pWC000002WbCz|RenewalQuoteHeaderHandler.applyRenewalQuoteHeaders(List<Quote>)
19:56:16.901 (901809422)|CUMULATIVE_LIMIT_USAGE
19:56:16.901 (901809422)|LIMIT_USAGE_FOR_NS|(default)|
  Number of SOQL queries: 6 out of 100
  Number of query rows: 4 out of 50000
  Number of SOSL queries: 0 out of 20
  Number of DML statements: 0 out of 150
  Number of Publish Immediate DML: 0 out of 150
  Number of DML rows: 0 out of 10000
  Maximum CPU time: 400 out of 10000
  Maximum heap size: 0 out of 6000000
  Number of callouts: 0 out of 100
  Number of Email Invocations: 0 out of 10
  Number of future calls: 0 out of 50
  Number of queueable jobs added to the queue: 0 out of 50
  Number of Mobile Apex push calls: 0 out of 10

19:56:16.901 (901809422)|TOTAL_EMAIL_RECIPIENTS_QUEUED|0
19:56:16.901 (901809422)|STATIC_VARIABLE_LIST|
  int:BYTES:0
  int:BYTES:0
  byte[]:DigitOnes:0
  byte[]:DigitTens:0
  Boolean:FALSE:0
  int:MAX_EXPONENT:0
  double:MAX_VALUE:0
  int:MAX_VALUE:0
  int:MIN_EXPONENT:0
  double:MIN_NORMAL:0
  double:MIN_VALUE:0
  int:MIN_VALUE:0
  double:NEGATIVE_INFINITY:0
  double:NaN:0
  double:POSITIVE_INFINITY:0
  int:PRECISION:0
  int:SIZE:0
  int:SIZE:0
  Boolean:TRUE:0
  String:__sfdcParameterizedTypes:0
  String:_sfdcAdditionalCodeLocations:0
  String:_sfdcAdditionalCodeLocations:0
  String:_sfdcAdditionalCodeLocations:0
  String:_sfdcAdditionalCodeLocations:0
  String:_sfdcAdditionalCodeLocations:0
  String:_sfdcAdditionalCodeLocations:0
  String:_static_ORIGINAL_ACTION_RENEW:0
  String:_static_QUOTE_TYPE_RENEWAL:0
  char[]:digits:0
  long:serialVersionUID:0
  long:serialVersionUID:0
  long:serialVersionUID:0

19:56:16.901 (901809422)|CUMULATIVE_LIMIT_USAGE_END

19:56:16.9 (902192931)|CODE_UNIT_FINISHED|QuoteTrigger on Quote trigger event BeforeUpdate|__sfdc_trigger/QuoteTrigger
19:56:16.9 (913249556)|CODE_UNIT_STARTED|[EXTERNAL]|Validation:Quote:0Q0WC00000382MH
19:56:16.9 (913276646)|VALIDATION_RULE|03dWC000001hZQ9|Enforce_Amendment_Sales_Restriction
19:56:16.9 (915549313)|VALIDATION_FORMULA|AND(
    ISPICKVAL(Quote_Type__c, 'Amendment'),
    Within_Renewal_Window__c = TRUE,
    NOT(
        OR(
            ISPICKVAL(Amendment_Reason__c, 'Upsell'),
            ISPICKVAL(Amendment_Reason__c, 'Cross-sell')
        )
    ),
    NOT(CONTAINS($UserRole.Name, 'Customer Ops')),
    NOT(CONTAINS($UserRole.Name, 'Operations'))
)|Within_Renewal_Window__c=0 , Quote_Type__c=Renewal , Amendment_Reason__c=null , $UserRole.Name=System Admin
19:56:16.9 (915596138)|VALIDATION_PASS
19:56:16.9 (915599144)|VALIDATION_RULE|03dWC000001pC09|Quote_BillToContactAcct_Equal_QuoteAcct
19:56:16.9 (915779947)|VALIDATION_FORMULA|AND(
NOT(ISBLANK(BillToContact.AccountId)),
 BillToContact.AccountId != QuoteAccountId
)|BillToContact.AccountId=001WC00000kZKNx , QuoteAccountId=001WC00000kZKNx
19:56:16.9 (915784874)|VALIDATION_PASS
19:56:16.9 (915786747)|VALIDATION_RULE|03dWC000001pC3N|Quote_BillToPlacceAcct_Equal_QuoteAcct
19:56:16.9 (915882796)|VALIDATION_FORMULA|AND(
NOT(ISBLANK(Bill_To_Place__r.Account__c)),
 Bill_To_Place__r.Account__c !=  QuoteAccountId 
)|Bill_To_Place__r.Account__c=001WC00000kZKNx , QuoteAccountId=001WC00000kZKNx
19:56:16.9 (915886875)|VALIDATION_PASS
19:56:16.9 (915888576)|VALIDATION_RULE|03dWC000001hZQA|Sales_Cannot_Create_Downsell
19:56:16.9 (916044467)|VALIDATION_FORMULA|AND(
    ISPICKVAL(Quote_Type__c, 'Amendment'),
    OR(
        ISPICKVAL(Amendment_Reason__c, 'Downsell'),
        ISPICKVAL(Amendment_Reason__c, 'Full Cancellation')
    ),
    NOT(CONTAINS($UserRole.Name, 'Customer Ops')),
    NOT(CONTAINS($UserRole.Name, 'Operations'))
)|Quote_Type__c=Renewal , Amendment_Reason__c=null , $UserRole.Name=System Admin
19:56:16.9 (916050328)|VALIDATION_PASS
19:56:16.9 (916059859)|CODE_UNIT_FINISHED|Validation:Quote:0Q0WC00000382MH
19:56:16.9 (925720168)|CODE_UNIT_STARTED|[EXTERNAL]|01qWC000005ZrWR|QuoteSyncingTrigger on Quote trigger event AfterUpdate|__sfdc_trigger/QuoteSyncingTrigger
19:56:16.9 (925789167)|HEAP_ALLOCATE|[EXTERNAL]|Bytes:8
19:56:16.9 (925863819)|HEAP_ALLOCATE|[EXTERNAL]|Bytes:8
19:56:16.9 (925954544)|HEAP_ALLOCATE|[EXTERNAL]|Bytes:4
19:56:16.9 (925966750)|VARIABLE_SCOPE_BEGIN|[4]|this|QuoteSyncingTrigger|true|false
19:56:16.9 (926017611)|VARIABLE_ASSIGNMENT|[4]|this|{}|0x7c6ad9ec
19:56:16.9 (926046412)|HEAP_ALLOCATE|[EXTERNAL]|Bytes:4
19:56:16.9 (926051280)|VARIABLE_SCOPE_BEGIN|[4]|this|QuoteSyncingTrigger|true|false
19:56:16.9 (926058539)|VARIABLE_ASSIGNMENT|[4]|this|{}|0x7c6ad9ec
19:56:16.9 (926063828)|STATEMENT_EXECUTE|[4]
19:56:16.9 (926065236)|STATEMENT_EXECUTE|[5]
19:56:16.9 (926128173)|METHOD_ENTRY|[5]|01pWC000001wqaV|QuoteSyncingTriggerHandler.handleAfterUpdate(List<Quote>, Map<Id,Quote>)
19:56:16.9 (926135267)|VARIABLE_SCOPE_BEGIN|[11]|newQuotes|List<Quote>|true|false
19:56:16.9 (929446511)|VARIABLE_ASSIGNMENT|[11]|newQuotes|[{"LastModifiedDate":"2026-06-14T02:56:17.000Z","Quote_Type__c":"Renewal","Bill_To_Place__c":"a0lWC000004nA5ZYAU","Export_Compliance_Status__c":"Pending","Net_Terms_Approval__c":false,"Exchange_Rate_To_USD__c":1.0000000000,"Export_Review_Required__c":false,"Within_Renewal_Window__c":false,"IsPrimary__c":false,"Credit_Renewal_Approval__c":false,"Days_Until_Renewal__c":362,"Renewal_Contract__c":"800WC00000SB0FtYAL","QuoteAccountId":"001WC00000kZKNxYAO","Pro_Ration_Method__c":"Monthly","Renewal_ARR_Approval__c":false,"Status":"Draft","Show_Hide_Discounts__c":"Show","IsDeleted":false,"Subtotal":67.38,"Force_New_Contract__c":false,"Net_Contract_Change__c":0.00,"Signed_Quote_Approval__c":false,"Terms_and_Conditions__c":false,"Payment_Portal__c":"Fortra (default)","Original_Contract_ARR__c":0.00,"BillingStateCode":"MN","GrandTotal":67.38,"ShippingPostalCode":"55344","ShippingState":"Minnesota","Mycap__c":false,"Deal_Type__c":"Fortra Originated","Id":"0Q0WC00000382MH0AY","Subscription_Pricing_Discount_Approval__c":false,"Net_Terms__c":"Net_30","Discount":0.00,"Services_Discount_Approval__c":false,"Total_Contract_Value_TCV__c":67.38,"LineItemCount":2,"OwnerId":"005WC00000DZ6xVYAT","OpportunityId":"006WC00000QuJ4DYAV","LegalEntityId":"0fwWC000000034LYAQ","Language__c":"English","ShippingCity":"Eden Prairie","GSW__c":false,"Manually_Sent__c":false,"CalculationStatus":"PriceCalculationFail (2 more) ...","Corporate_Currency_Amount__c":67.38,"Annual_Contract_Value_ACV__c":67.38,"Max_Discount_on_QLIs__c":0.00,"Quote_Displaced_ARR__c":0.00,"OriginalActionType":"Renew","Ship_To_Place__c":"a0lWC000004nA5ZYAU","Show_Hide_Product_Number__c":"Show","SystemModstamp":"2026-06-14T02:56:17.000Z","Create_Order_from_Quote__c":false,"BillingCountry":"United States","Manual_Discount__c":0.00,"QuoteToCountryCode":"US","TotalPrice":67.38,"AdditionalCountryCode":"US","Legal_Support_Approval__c":false,"AccountId":"001WC00000kZKNxYAO","ShippingStateCode":"MN","BillingCity":"Eden Prairie","QuoteToCountry":"United States","Total_Discount_Amount__c":0.00,"MYCAP_Approval__c":false,"Name":"Renewal Quote","License_Extension_Approval__c":false,"StartDate":"2026-06-11T00:00:00.000Z","CreatedById":"005WC00000DZ6xVYAT","Auto_Renewal__c":false,"Channel_MSP_Pricing_Discount_Approval__c":false,"BillingPostalCode":"55344","Annualized_License_Equivalent_Base__c":67.38,"Show_Hide_Free_Products__c":"Show","Maintenance_Max_Discount__c":0.00,"Total_Displaced_ARR__c":0.00,"CurrencyIsoCode":"USD","LegacyRenewalQuote__c":false,"Credit_Renewal_ARR__c":false,"ShippingStreet":"11095 Viking Drive","Annuial_Revenue_Base__c":67.38,"AdditionalCountry":"United States","Total_Quote_Line_ARR__c":0.00,"CreatedDate":"2026-06-11T21:14:56.000Z","Pricebook2Id":"01sWC0000022GHFYA2","IsSyncing":false,"Renewal_Cancellation_Approval__c":false,"BillingState":"Minnesota","Discount_Renewal_ARR__c":false,"Contains_Offensive_Security__c":false,"BillingCountryCode":"US","Temp_License_Key_Extension__c":false,"Disable_Export_Control__c":false,"ContactId":"003WC00000x4jCfYAI","PartnerAccountId":"001WC00000ZtazZYAR","Export_License_Required__c":false,"Billing_Partner__c":"001WC00000ZtazZYAR","SalesTransactionTypeId":"1ChWC0000002eJ70AI","Maintenance_Discount_Approval__c":false,"Partner_Pricing_Model__c":"Discount","ShippingCountry":"United States","Approval_Status__c":"None","Unsigned_Quote_Approval__c":false,"ContractId":"800WC00000SB0FtYAL","BillToContactId":"003WC00000x4jCfYAI","QuoteTypeText__c":"Renewal","Approval_Rejected_Checkbox__c":false,"ShippingCountryCode":"US","QuoteNumber":"00781084","CanCreateQuoteLineItems":false,"ALE__c":67.38,"BillingStreet":"11095 Viking Drive","Request_Legal_Support__c":false,"Perpetual_Pricing_Discount_Approval__c":false,"LastModifiedById":"005WC00000MgTN2YAN","Displaced_ARR_Approval__c":false}]|0x2fa8ad80
19:56:16.9 (929484522)|VARIABLE_SCOPE_BEGIN|[11]|oldQuoteMap|Map<Id,Quote>|true|false
19:56:16.9 (931352980)|VARIABLE_ASSIGNMENT|[11]|oldQuoteMap|{"0Q0WC00000382MH0AY":{"LastModifiedDate":"2026-06-14T02:56:16.000Z","Quote_Type__c":"Renewal","Bill_To_Place__c":"a0lWC000004nA5ZYAU","Export_Compliance_Status__c":"Pending","Net_Terms_Approval__c":false,"Exchange_Rate_To_USD__c":1.0000000000,"Export_Review_Required__c":false,"Within_Renewal_Window__c":false,"IsPrimary__c":false,"Credit_Renewal_Approval__c":false,"Days_Until_Renewal__c":362,"Renewal_Contract__c":"800WC00000SB0FtYAL","QuoteAccountId":"001WC00000kZKNxYAO","Pro_Ration_Method__c":"Monthly","Renewal_ARR_Approval__c":false,"Status":"Draft","Show_Hide_Discounts__c":"Show","IsDeleted":false,"Subtotal":67.38,"Force_New_Contract__c":false,"Net_Contract_Change__c":0.00,"Signed_Quote_Approval__c":false,"Terms_and_Conditions__c":false,"Payment_Portal__c":"Fortra (default)","Original_Contract_ARR__c":0.00,"BillingStateCode":"MN","GrandTotal":67.38,"ShippingPostalCode":"55344","ShippingState":"Minnesota","Mycap__c":false,"Deal_Type__c":"Fortra Originated","Id":"0Q0WC00000382MH0AY","Subscription_Pricing_Discount_Approval__c":false,"Net_Terms__c":"Net_30","Discount":0.00,"Services_Discount_Approval__c":false,"Total_Contract_Value_TCV__c":67.38,"LineItemCount":2,"OwnerId":"005WC00000DZ6xVYAT","OpportunityId":"006WC00000QuJ4DYAV","LegalEntityId":"0fwWC000000034LYAQ","Language__c":"English","ShippingCity":"Eden Prairie","GSW__c":false,"Manually_Sent__c":false,"CalculationStatus":"Saving","Corporate_Currency_Amount__c":67.38,"Annual_Contract_Value_ACV__c":67.38,"Max_Discount_on_QLIs__c":0.00,"Quote_Displaced_ARR__c":0.00,"OriginalActionType":"Renew","Ship_To_Place__c":"a0lWC000004nA5ZYAU","Show_Hide_Product_Number__c":"Show","SystemModstamp":"2026-06-14T02:56:16.000Z","Create_Order_from_Quote__c":false,"BillingCountry":"United States","Manual_Discount__c":0.00,"QuoteToCountryCode":"US","TotalPrice":67.38,"AdditionalCountryCode":"US","Legal_Support_Approval__c":false,"AccountId":"001WC00000kZKNxYAO","ShippingStateCode":"MN","BillingCity":"Eden Prairie","QuoteToCountry":"United States","Total_Discount_Amount__c":0.00,"MYCAP_Approval__c":false,"Name":"Renewal Quote","License_Extension_Approval__c":false,"StartDate":"2026-06-11T00:00:00.000Z","CreatedById":"005WC00000DZ6xVYAT","Auto_Renewal__c":false,"Channel_MSP_Pricing_Discount_Approval__c":false,"BillingPostalCode":"55344","Annualized_License_Equivalent_Base__c":67.38,"Show_Hide_Free_Products__c":"Show","Maintenance_Max_Discount__c":0.00,"Total_Displaced_ARR__c":0.00,"CurrencyIsoCode":"USD","LegacyRenewalQuote__c":false,"Credit_Renewal_ARR__c":false,"ShippingStreet":"11095 Viking Drive","Annuial_Revenue_Base__c":67.38,"AdditionalCountry":"United States","Total_Quote_Line_ARR__c":0.00,"CreatedDate":"2026-06-11T21:14:56.000Z","Pricebook2Id":"01sWC0000022GHFYA2","IsSyncing":false,"Renewal_Cancellation_Approval__c":false,"BillingState":"Minnesota","Discount_Renewal_ARR__c":false,"Contains_Offensive_Security__c":false,"BillingCountryCode":"US","Temp_License_Key_Extension__c":false,"Disable_Export_Control__c":false,"ContactId":"003WC00000x4jCfYAI","PartnerAccountId":"001WC00000ZtazZYAR","Export_License_Required__c":false,"Billing_Partner__c":"001WC00000ZtazZYAR","SalesTransactionTypeId":"1ChWC0000002eJ70AI","Maintenance_Discount_Approval__c":false,"Partner_Pricing_Model__c":"Discount","ShippingCountry":"United States","Approval_Status__c":"None","Unsigned_Quote_Approval__c":false,"ContractId":"800WC00000SB0FtYAL","BillToContactId":"003WC00000x4jCfYAI","QuoteTypeText__c":"Renewal","Approval_Rejected_Checkbox__c":false,"ShippingCountryCode":"US","QuoteNumber":"00781084","CanCreateQuoteLineItems":false,"ALE__c":67.38,"BillingStreet":"11095 Viking Drive","Request_Legal_Support__c":false,"Perpetual_Pricing_Discount_Approval__c":false,"LastModifiedById":"005WC00000MgTN2YAN","Displaced_ARR_Approval__c":false}}|0x7756d066
19:56:16.9 (931451086)|SYSTEM_MODE_ENTER|false
19:56:16.9 (931471316)|HEAP_ALLOCATE|[13]|Bytes:5
19:56:16.9 (931482088)|STATEMENT_EXECUTE|[11]
19:56:16.9 (931484072)|STATEMENT_EXECUTE|[13]
19:56:16.9 (931506810)|HEAP_ALLOCATE|[13]|Bytes:4
19:56:16.9 (931551485)|SYSTEM_CONSTRUCTOR_ENTRY|[13]|<init>(Integer)
19:56:16.9 (931568570)|SYSTEM_CONSTRUCTOR_EXIT|[13]|<init>(Integer)
19:56:16.9 (931573370)|VARIABLE_SCOPE_BEGIN|[13]|opportunityIds|Set<Id>|true|false
19:56:16.9 (931621805)|VARIABLE_ASSIGNMENT|[13]|opportunityIds|[]|0x28f72455
19:56:16.9 (931642523)|SYSTEM_METHOD_ENTRY|[15]|List<Quote>.iterator()
19:56:16.9 (931652844)|SYSTEM_METHOD_EXIT|[15]|List<Quote>.iterator()
19:56:16.9 (931662466)|SYSTEM_METHOD_ENTRY|[15]|system.ListIterator.hasNext()
19:56:16.9 (931672158)|HEAP_ALLOCATE|[15]|Bytes:5
19:56:16.9 (931678316)|SYSTEM_METHOD_EXIT|[15]|system.ListIterator.hasNext()
19:56:16.9 (931700845)|VARIABLE_SCOPE_BEGIN|[15]|newQuote|Quote|true|false
19:56:16.9 (932969888)|VARIABLE_ASSIGNMENT|[15]|newQuote|{"LastModifiedDate":"2026-06-14T02:56:17.000Z","Quote_Type__c":"Renewal","Bill_To_Place__c":"a0lWC000004nA5ZYAU","Export_Compliance_Status__c":"Pending","Net_Terms_Approval__c":false,"Exchange_Rate_To_USD__c":1.0000000000,"Export_Review_Required__c":false,"Within_Renewal_Window__c":false,"IsPrimary__c":false,"Credit_Renewal_Approval__c":false,"Days_Until_Renewal__c":362,"Renewal_Contract__c":"800WC00000SB0FtYAL","QuoteAccountId":"001WC00000kZKNxYAO","Pro_Ration_Method__c":"Monthly","Renewal_ARR_Approval__c":false,"Status":"Draft","Show_Hide_Discounts__c":"Show","IsDeleted":false,"Subtotal":67.38,"Force_New_Contract__c":false,"Net_Contract_Change__c":0.00,"Signed_Quote_Approval__c":false,"Terms_and_Conditions__c":false,"Payment_Portal__c":"Fortra (default)","Original_Contract_ARR__c":0.00,"BillingStateCode":"MN","GrandTotal":67.38,"ShippingPostalCode":"55344","ShippingState":"Minnesota","Mycap__c":false,"Deal_Type__c":"Fortra Originated","Id":"0Q0WC00000382MH0AY","Subscription_Pricing_Discount_Approval__c":false,"Net_Terms__c":"Net_30","Discount":0.00,"Services_Discount_Approval__c":false,"Total_Contract_Value_TCV__c":67.38,"LineItemCount":2,"OwnerId":"005WC00000DZ6xVYAT","OpportunityId":"006WC00000QuJ4DYAV","LegalEntityId":"0fwWC000000034LYAQ","Language__c":"English","ShippingCity":"Eden Prairie","GSW__c":false,"Manually_Sent__c":false,"CalculationStatus":"PriceCalculationFail (2 more) ...","Corporate_Currency_Amount__c":67.38,"Annual_Contract_Value_ACV__c":67.38,"Max_Discount_on_QLIs__c":0.00,"Quote_Displaced_ARR__c":0.00,"OriginalActionType":"Renew","Ship_To_Place__c":"a0lWC000004nA5ZYAU","Show_Hide_Product_Number__c":"Show","SystemModstamp":"2026-06-14T02:56:17.000Z","Create_Order_from_Quote__c":false,"BillingCountry":"United States","Manual_Discount__c":0.00,"QuoteToCountryCode":"US","TotalPrice":67.38,"AdditionalCountryCode":"US","Legal_Support_Approval__c":false,"AccountId":"001WC00000kZKNxYAO","ShippingStateCode":"MN","BillingCity":"Eden Prairie","QuoteToCountry":"United States","Total_Discount_Amount__c":0.00,"MYCAP_Approval__c":false,"Name":"Renewal Quote","License_Extension_Approval__c":false,"StartDate":"2026-06-11T00:00:00.000Z","CreatedById":"005WC00000DZ6xVYAT","Auto_Renewal__c":false,"Channel_MSP_Pricing_Discount_Approval__c":false,"BillingPostalCode":"55344","Annualized_License_Equivalent_Base__c":67.38,"Show_Hide_Free_Products__c":"Show","Maintenance_Max_Discount__c":0.00,"Total_Displaced_ARR__c":0.00,"CurrencyIsoCode":"USD","LegacyRenewalQuote__c":false,"Credit_Renewal_ARR__c":false,"ShippingStreet":"11095 Viking Drive","Annuial_Revenue_Base__c":67.38,"AdditionalCountry":"United States","Total_Quote_Line_ARR__c":0.00,"CreatedDate":"2026-06-11T21:14:56.000Z","Pricebook2Id":"01sWC0000022GHFYA2","IsSyncing":false,"Renewal_Cancellation_Approval__c":false,"BillingState":"Minnesota","Discount_Renewal_ARR__c":false,"Contains_Offensive_Security__c":false,"BillingCountryCode":"US","Temp_License_Key_Extension__c":false,"Disable_Export_Control__c":false,"ContactId":"003WC00000x4jCfYAI","PartnerAccountId":"001WC00000ZtazZYAR","Export_License_Required__c":false,"Billing_Partner__c":"001WC00000ZtazZYAR","SalesTransactionTypeId":"1ChWC0000002eJ70AI","Maintenance_Discount_Approval__c":false,"Partner_Pricing_Model__c":"Discount","ShippingCountry":"United States","Approval_Status__c":"None","Unsigned_Quote_Approval__c":false,"ContractId":"800WC00000SB0FtYAL","BillToContactId":"003WC00000x4jCfYAI","QuoteTypeText__c":"Renewal","Approval_Rejected_Checkbox__c":false,"ShippingCountryCode":"US","QuoteNumber":"00781084","CanCreateQuoteLineItems":false,"ALE__c":67.38,"BillingStreet":"11095 Viking Drive","Request_Legal_Support__c":false,"Perpetual_Pricing_Discount_Approval__c":false,"LastModifiedById":"005WC00000MgTN2YAN","Displaced_ARR_Approval__c":false}|0xbbc2346
19:56:16.9 (933025680)|STATEMENT_EXECUTE|[15]
19:56:16.9 (933027473)|STATEMENT_EXECUTE|[16]
19:56:16.9 (933074474)|SYSTEM_METHOD_ENTRY|[16]|Map<Id,Quote>.get(Object)
19:56:16.9 (933089749)|SYSTEM_METHOD_EXIT|[16]|Map<Id,Quote>.get(Object)
19:56:16.9 (933096183)|VARIABLE_SCOPE_BEGIN|[16]|oldQuote|Quote|true|false
19:56:16.9 (933909525)|VARIABLE_ASSIGNMENT|[16]|oldQuote|{"LastModifiedDate":"2026-06-14T02:56:16.000Z","Quote_Type__c":"Renewal","Bill_To_Place__c":"a0lWC000004nA5ZYAU","Export_Compliance_Status__c":"Pending","Net_Terms_Approval__c":false,"Exchange_Rate_To_USD__c":1.0000000000,"Export_Review_Required__c":false,"Within_Renewal_Window__c":false,"IsPrimary__c":false,"Credit_Renewal_Approval__c":false,"Days_Until_Renewal__c":362,"Renewal_Contract__c":"800WC00000SB0FtYAL","QuoteAccountId":"001WC00000kZKNxYAO","Pro_Ration_Method__c":"Monthly","Renewal_ARR_Approval__c":false,"Status":"Draft","Show_Hide_Discounts__c":"Show","IsDeleted":false,"Subtotal":67.38,"Force_New_Contract__c":false,"Net_Contract_Change__c":0.00,"Signed_Quote_Approval__c":false,"Terms_and_Conditions__c":false,"Payment_Portal__c":"Fortra (default)","Original_Contract_ARR__c":0.00,"BillingStateCode":"MN","GrandTotal":67.38,"ShippingPostalCode":"55344","ShippingState":"Minnesota","Mycap__c":false,"Deal_Type__c":"Fortra Originated","Id":"0Q0WC00000382MH0AY","Subscription_Pricing_Discount_Approval__c":false,"Net_Terms__c":"Net_30","Discount":0.00,"Services_Discount_Approval__c":false,"Total_Contract_Value_TCV__c":67.38,"LineItemCount":2,"OwnerId":"005WC00000DZ6xVYAT","OpportunityId":"006WC00000QuJ4DYAV","LegalEntityId":"0fwWC000000034LYAQ","Language__c":"English","ShippingCity":"Eden Prairie","GSW__c":false,"Manually_Sent__c":false,"CalculationStatus":"Saving","Corporate_Currency_Amount__c":67.38,"Annual_Contract_Value_ACV__c":67.38,"Max_Discount_on_QLIs__c":0.00,"Quote_Displaced_ARR__c":0.00,"OriginalActionType":"Renew","Ship_To_Place__c":"a0lWC000004nA5ZYAU","Show_Hide_Product_Number__c":"Show","SystemModstamp":"2026-06-14T02:56:16.000Z","Create_Order_from_Quote__c":false,"BillingCountry":"United States","Manual_Discount__c":0.00,"QuoteToCountryCode":"US","TotalPrice":67.38,"AdditionalCountryCode":"US","Legal_Support_Approval__c":false,"AccountId":"001WC00000kZKNxYAO","ShippingStateCode":"MN","BillingCity":"Eden Prairie","QuoteToCountry":"United States","Total_Discount_Amount__c":0.00,"MYCAP_Approval__c":false,"Name":"Renewal Quote","License_Extension_Approval__c":false,"StartDate":"2026-06-11T00:00:00.000Z","CreatedById":"005WC00000DZ6xVYAT","Auto_Renewal__c":false,"Channel_MSP_Pricing_Discount_Approval__c":false,"BillingPostalCode":"55344","Annualized_License_Equivalent_Base__c":67.38,"Show_Hide_Free_Products__c":"Show","Maintenance_Max_Discount__c":0.00,"Total_Displaced_ARR__c":0.00,"CurrencyIsoCode":"USD","LegacyRenewalQuote__c":false,"Credit_Renewal_ARR__c":false,"ShippingStreet":"11095 Viking Drive","Annuial_Revenue_Base__c":67.38,"AdditionalCountry":"United States","Total_Quote_Line_ARR__c":0.00,"CreatedDate":"2026-06-11T21:14:56.000Z","Pricebook2Id":"01sWC0000022GHFYA2","IsSyncing":false,"Renewal_Cancellation_Approval__c":false,"BillingState":"Minnesota","Discount_Renewal_ARR__c":false,"Contains_Offensive_Security__c":false,"BillingCountryCode":"US","Temp_License_Key_Extension__c":false,"Disable_Export_Control__c":false,"ContactId":"003WC00000x4jCfYAI","PartnerAccountId":"001WC00000ZtazZYAR","Export_License_Required__c":false,"Billing_Partner__c":"001WC00000ZtazZYAR","SalesTransactionTypeId":"1ChWC0000002eJ70AI","Maintenance_Discount_Approval__c":false,"Partner_Pricing_Model__c":"Discount","ShippingCountry":"United States","Approval_Status__c":"None","Unsigned_Quote_Approval__c":false,"ContractId":"800WC00000SB0FtYAL","BillToContactId":"003WC00000x4jCfYAI","QuoteTypeText__c":"Renewal","Approval_Rejected_Checkbox__c":false,"ShippingCountryCode":"US","QuoteNumber":"00781084","CanCreateQuoteLineItems":false,"ALE__c":67.38,"BillingStreet":"11095 Viking Drive","Request_Legal_Support__c":false,"Perpetual_Pricing_Discount_Approval__c":false,"LastModifiedById":"005WC00000MgTN2YAN","Displaced_ARR_Approval__c":false}|0x5bec472b
19:56:16.9 (933953417)|STATEMENT_EXECUTE|[19]
19:56:16.9 (933963873)|SYSTEM_METHOD_ENTRY|[15]|system.ListIterator.hasNext()
19:56:16.9 (933973348)|HEAP_ALLOCATE|[15]|Bytes:5
19:56:16.9 (934002845)|SYSTEM_METHOD_EXIT|[15]|system.ListIterator.hasNext()
19:56:16.9 (934014222)|VARIABLE_ASSIGNMENT|[15]|newQuote|null|
19:56:16.9 (934021473)|SYSTEM_METHOD_ENTRY|[24]|Set<Id>.isEmpty()
19:56:16.9 (934025173)|SYSTEM_METHOD_EXIT|[24]|Set<Id>.isEmpty()
19:56:16.9 (934029006)|STATEMENT_EXECUTE|[24]
19:56:16.9 (934041232)|SYSTEM_MODE_EXIT|false
19:56:16.9 (934055185)|METHOD_EXIT|[5]|01pWC000001wqaV|QuoteSyncingTriggerHandler.handleAfterUpdate(List<Quote>, Map<Id,Quote>)
19:56:16.934 (934071620)|CUMULATIVE_LIMIT_USAGE
19:56:16.934 (934071620)|LIMIT_USAGE_FOR_NS|(default)|
  Number of SOQL queries: 6 out of 100
  Number of query rows: 4 out of 50000
  Number of SOSL queries: 0 out of 20
  Number of DML statements: 0 out of 150
  Number of Publish Immediate DML: 0 out of 150
  Number of DML rows: 0 out of 10000
  Maximum CPU time: 400 out of 10000
  Maximum heap size: 0 out of 6000000
  Number of callouts: 0 out of 100
  Number of Email Invocations: 0 out of 10
  Number of future calls: 0 out of 50
  Number of queueable jobs added to the queue: 0 out of 50
  Number of Mobile Apex push calls: 0 out of 10

19:56:16.934 (934071620)|TOTAL_EMAIL_RECIPIENTS_QUEUED|0
19:56:16.934 (934071620)|STATIC_VARIABLE_LIST|
  int:BYTES:0
  int:BYTES:0
  byte[]:DigitOnes:0
  byte[]:DigitTens:0
  Boolean:FALSE:0
  int:MAX_EXPONENT:0
  double:MAX_VALUE:0
  int:MAX_VALUE:0
  int:MIN_EXPONENT:0
  double:MIN_NORMAL:0
  double:MIN_VALUE:0
  int:MIN_VALUE:0
  double:NEGATIVE_INFINITY:0
  double:NaN:0
  double:POSITIVE_INFINITY:0
  int:PRECISION:0
  int:SIZE:0
  int:SIZE:0
  Boolean:TRUE:0
  String:__sfdcParameterizedTypes:0
  String:_sfdcAdditionalCodeLocations:0
  String:_sfdcAdditionalCodeLocations:0
  String:_sfdcAdditionalCodeLocations:0
  String:_sfdcAdditionalCodeLocations:0
  String:_sfdcAdditionalCodeLocations:0
  String:_sfdcAdditionalCodeLocations:0
  String:_static_ORIGINAL_ACTION_RENEW:0
  String:_static_QUOTE_TYPE_RENEWAL:0
  char[]:digits:0
  long:serialVersionUID:0
  long:serialVersionUID:0
  long:serialVersionUID:0

19:56:16.934 (934071620)|CUMULATIVE_LIMIT_USAGE_END

19:56:16.9 (934449948)|CODE_UNIT_FINISHED|QuoteSyncingTrigger on Quote trigger event AfterUpdate|__sfdc_trigger/QuoteSyncingTrigger
19:56:16.9 (935128832)|CODE_UNIT_STARTED|[EXTERNAL]|Flow:Quote
19:56:16.9 (935841668)|CODE_UNIT_FINISHED|Flow:Quote
19:56:16.9 (940882553)|CODE_UNIT_STARTED|[EXTERNAL]|Flow:Quote
19:56:16.9 (943405022)|CODE_UNIT_FINISHED|Flow:Quote
19:56:17.185 (1185566068)|CODE_UNIT_FINISHED|TRIGGERS
19:56:17.185 (1185627703)|EXECUTION_FINISHED
19:56:17.186 (1186000108)|CUMULATIVE_PROFILING_BEGIN
19:56:17.186 (1186000108)|CUMULATIVE_PROFILING|SOQL operations|
Class.RenewalQuoteHeaderHandler.resolveSourceQuoteIdByContractId: line 102, column 1: [
            SELECT Id, SourceQuoteId
            FROM Contract
            WHERE Id IN :contractIds
              AND SourceQuoteId != null
        ]: executed 6 times in 16 ms
Class.RenewalQuoteHeaderHandler.resolveSourceQuoteIdByContractId: line 119, column 1: [
                SELECT ContractId, QuoteId
                FROM Order
                WHERE ContractId IN :contractsWithoutSource
                  AND QuoteId != null
                ORDER BY CreatedDate DESC
            ]: executed 10 times in 16 ms
Class.RenewalQuoteHeaderHandler.querySourceQuotes: line 136, column 1: [
            SELECT Id,
                   OpportunityId,
                   LegalEntityId,
                   SalesTransactionTypeId,
                   ContactId,
                   BillToContactId,
                   Bill_To_Place__c,
                   Ship_To_Place__c,
                   Primary_Place__c,
                   End_User_Place__c,
                   Install_Place__c,
                   Service_Place__c,
                   Regulatory_Place__c,
                   Partner_Place__c,
                   Billing_Partner__c,
                   PartnerAccountId,
                   Partner_Pricing_Model__c,
                   Deal_Type__c,
                   Reseller__c,
                   Distributor__c,
                   Referral_Partner__c,
                   Net_Terms__c,
                   Language__c,
                   Payment_Portal__c,
                   CurrencyIsoCode,
                   BillingStreet,
                   BillingCity,
                   BillingState,
                   BillingPostalCode,
                   BillingCountry,
                   BillingStateCode,
                   BillingCountryCode,
                   ShippingStreet,
                   ShippingCity,
                   ShippingState,
                   ShippingPostalCode,
                   ShippingCountry,
                   ShippingStateCode,
                   ShippingCountryCode,
                   QuoteToStreet,
                   QuoteToCity,
                   QuoteToState,
                   QuoteToPostalCode,
                   QuoteToCountry,
                   QuoteToStateCode,
                   QuoteToCountryCode
            FROM Quote
            WHERE Id IN :sourceQuoteIds
        ]: executed 2 times in 14 ms

19:56:17.186 (1186000108)|CUMULATIVE_PROFILING|No profiling information for SOSL operations
19:56:17.186 (1186000108)|CUMULATIVE_PROFILING|No profiling information for DML operations
19:56:17.186 (1186000108)|CUMULATIVE_PROFILING|method invocations|
Trigger.QuoteTrigger: line 7, column 1: public static void applyRenewalQuoteHeaders(List<Quote>): executed 2 times in 157 ms
Class.RenewalQuoteHeaderHandler.applyRenewalQuoteHeaders: line 44, column 1: global public Object get(Object): executed 4 times in 99 ms
External entry point: public void invoke(): executed 1 time in 87 ms
Class.RenewalQuoteHeaderHandler.applyRenewalQuoteHeaders: line 38, column 1: global public Object keySet(): executed 4 times in 48 ms
Trigger.QuoteTrigger: line 6, column 1: public static void applyRenewalQuoteType(List<Quote>): executed 2 times in 45 ms
Class.RenewalQuoteHeaderHandler.loadSourceQuotesByContractId: line 74, column 1: private static Map<Id,Id> resolveSourceQuoteIdByContractId(Set<Id>): executed 2 times in 34 ms
Trigger.QuoteSyncingTrigger: line 5, column 1: public static void handleAfterUpdate(List<Quote>, Map<Id,Quote>): executed 2 times in 16 ms
Class.RenewalQuoteHeaderHandler.loadSourceQuotesByContractId: line 80, column 1: private static List<Quote> querySourceQuotes(Set<Id>): executed 2 times in 14 ms
External entry point: public void invoke(): executed 1 time in 8 ms
Class.RenewalQuoteHeaderHandler.stampHeaderFields: line 213, column 1: private static void copyIdIfBlank(Quote, Quote, String): executed 2 times in 4 ms
Class.RenewalQuoteHeaderHandler.stampHeaderFields: line 201, column 1: private static void copyIdIfBlank(Quote, Quote, String): executed 2 times in 3 ms

19:56:17.186 (1186000108)|CUMULATIVE_PROFILING_END

