Product2Id	ProductCode	Name
01tWC00000DD11DYAT	BI-ABS-RNM-ABSTNE	Abstract-NewMaintenance
01tWC00000FBezCYAT	BI-ABS-RNM-ABSTNE-TECH	Abstract (Technical)-NewMaintenance
01tWC00000DD13BYAT	BI-AD-RNM-ANYDNE	AnyDate-NewMaintenance
01tWC00000FBezGYAT	BI-AD-RNM-ANYDNE-TECH	AnyDate (Technical)-NewMaintenance
01tWC00000DD1gIYAT	BI-CRO-RNM-SCRM	SEQUEL Client Report Option-NewMaintenance
01tWC00000FBfM4YAL	BI-CRO-RNM-SCRM-TECH	SEQUEL Client Report Option (Technical)-NewMaintenance
01tWC00000DD1klYAD	BI-CRO-RNM-SCRNM	Showcase Client Reporting-NewMaintenance
01tWC00000FBXMOYA5	BI-CRO-RNM-SCRNM-TECH	Showcase Client Reporting (Technical)-NewMaintenance
01tWC00000DD1BDYA1	BI-DB-RNM-DEPLNE	Deployment Bundle-NewMaintenance
01tWC00000FBezcYAD	BI-DB-RNM-DEPLNE-TECH	Deployment Bundle (Technical)-NewMaintenance
01tWC00000DD1H9YAL	BI-ESN-RNM-EESPPU	Enhanced ESEND for SMB Pricing - Per User-NewMaintenance
01tWC00000FBezkYAD	BI-ESN-RNM-EESPPU-TECH	Enhanced ESEND for SMB Pricing - Per User (Technical)-NewMaintenance
01tWC00000DD1HgYAL	BI-ESN-RNM-ESENNE	Esend-NewMaintenance
01tWC00000FBezwYAD	BI-ESN-RNM-ESENNE-TECH	Esend (Technical)-NewMaintenance
01tWC00000DCzhVYAT	BI-ISA-RNM-IACNM	Insite Analytics - Core-NewMaintenance
01tWC00000FBfH8YAL	BI-ISA-RNM-IACNM-TECH	Insite Analytics - Core (Technical)-NewMaintenance
01tWC00000DCzhXYAT	BI-ISA-RNM-IAPRMNM	Insite Analytics - Premium-NewMaintenance
01tWC00000FBfHAYA1	BI-ISA-RNM-IAPRMNM-TECH	Insite Analytics - Premium (Technical)-NewMaintenance
01tWC00000DCzhZYAT	BI-ISA-RNM-IAPRONM	Insite Analytics - Pro-NewMaintenance
01tWC00000FBfHCYA1	BI-ISA-RNM-IAPRONM-TECH	Insite Analytics - Pro (Technical)-NewMaintenance
01tWC00000DCzhbYAD	BI-ISA-RNM-IASPNM	Insite Analytics - Starter Package-NewMaintenance
01tWC00000FBfHEYA1	BI-ISA-RNM-IASPNM-TECH	Insite Analytics - Starter Package (Technical)-NewMaintenance
01tWC00000DCwVpYAL	BI-ISA-RNM-INSINE	Insite Analytics-NewMaintenance
01tWC00000FBfGvYAL	BI-ISA-RNM-INSINE-TECH	Insite Analytics (Technical)-NewMaintenance
01tWC00000DD1WzYAL	BI-QRW-RNM-QRWNEW	Query & Report Writer-NewMaintenance
01tWC00000FBfHOYA1	BI-QRW-RNM-QRWNEW-TECH	Query & Report Writer (Technical)-NewMaintenance
01tWC00000DD1kpYAD	BI-QRW-RNM-SREPNM	Sequel Repository-NewMaintenance
01tWC00000DD16iYAD	BI-SDW-RNM-CDCMNM	Change Data Capture Module-NewMaintenance
01tWC00000FBezMYAT	BI-SDW-RNM-CDCMNM-TECH	Change Data Capture Module (Technical)-NewMaintenance
01tWC00000DD16mYAD	BI-SDW-RNM-CMNM	Change Management-NewMaintenance
01tWC00000FBezQYAT	BI-SDW-RNM-CMNM-TECH	Change Management (Technical)-NewMaintenance
01tWC00000DD19YYAT	BI-SDW-RNM-DANM	Data Acquisition-NewMaintenance
01tWC00000FBezUYAT	BI-SDW-RNM-DANM-TECH	Data Acquisition (Technical)-NewMaintenance
01tWC00000DD1ATYA1	BI-SDW-RNM-DSVBNM	Data Set View Builder-NewMaintenance
01tWC00000FBezYYAT	BI-SDW-RNM-DSVBNM-TECH	Data Set View Builder (Technical)-NewMaintenance
01tWC00000DD1H5YAL	BI-SDW-RNM-EDSNM	Enhanced Data Sources-NewMaintenance
01tWC00000FBezgYAD	BI-SDW-RNM-EDSNM-TECH	Enhanced Data Sources (Technical)-NewMaintenance
01tWC00000DD1HHYA1	BI-SDW-RNM-EMMNM	Enhanced Metadata Management-NewMaintenance
01tWC00000FBezsYAD	BI-SDW-RNM-EMMNM-TECH	Enhanced Metadata Management (Technical)-NewMaintenance
01tWC00000DD1HDYA1	BI-SDW-RNM-ENET	Enhanced ETL-NewMaintenance
01tWC00000FBezoYAD	BI-SDW-RNM-ENET-TECH	Enhanced ETL (Technical)-NewMaintenance
01tWC00000DD1U4YAL	BI-SDW-RNM-PLNM	Parallel Loading-NewMaintenance
01tWC00000FBfHKYA1	BI-SDW-RNM-PLNM-TECH	Parallel Loading (Technical)-NewMaintenance
01tWC00000DD1XTYA1	BI-SDW-RNM-RDPNM	Remote Data Push-NewMaintenance
01tWC00000FBfHSYA1	BI-SDW-RNM-RDPNM-TECH	Remote Data Push (Technical)-NewMaintenance
01tWC00000DD1XXYA1	BI-SDW-RNM-RDSNM	Remote Data Sourcing-NewMaintenance
01tWC00000FBfHWYA1	BI-SDW-RNM-RDSNM-TECH	Remote Data Sourcing (Technical)-NewMaintenance
01tWC00000DD1dBYAT	BI-SDW-RNM-RELNM	Rodin Enterprise - Legacy-NewMaintenance
01tWC00000FBfHgYAL	BI-SDW-RNM-RELNM-TECH	Rodin Enterprise - Legacy (Technical)-NewMaintenance
01tWC00000DD1dEYAT	BI-SDW-RNM-RRLNM	Rodin Runtime - Legacy-NewMaintenance
01tWC00000FBfLtYAL	BI-SDW-RNM-RRLNM-TECH	Rodin Runtime - Legacy (Technical)-NewMaintenance
01tWC00000DD22zYAD	BI-SDW-RNM-SDWBBENM	SEQUEL Data Warehouse Bundle - Bronze Edition-NewMaintenance
01tWC00000FBfMUYA1	BI-SDW-RNM-SDWBBENM-TECH	SEQUEL Data Warehouse Bundle - Bronze Edition (Technical)-NewMaintenance
01tWC00000DD231YAD	BI-SDW-RNM-SDWBGENM	SEQUEL Data Warehouse Bundle - Gold Edition-NewMaintenance
01tWC00000FBfMWYA1	BI-SDW-RNM-SDWBGENM-TECH	SEQUEL Data Warehouse Bundle - Gold Edition (Technical)-NewMaintenance
01tWC00000DD233YAD	BI-SDW-RNM-SDWBPENM	SEQUEL Data Warehouse Bundle - Platinum Edition-NewMaintenance
01tWC00000FBfMYYA1	BI-SDW-RNM-SDWBPENM-TECH	SEQUEL Data Warehouse Bundle - Platinum Edition (Technical)-NewMaintenance
01tWC00000DD235YAD	BI-SDW-RNM-SDWBSENM	SEQUEL Data Warehouse Bundle - Silver Edition-NewMaintenance
01tWC00000DD1MxYAL	BI-SDW-RNM-SDWNM	Sequel Data Warehouse-NewMaintenance
01tWC00000FBfLrYAL	BI-SDW-RNM-SDWNM-TECH	Sequel Data Warehouse (Technical)-NewMaintenance
01tWC00000DD1jbYAD	BI-SDW-RNM-SDWRSL	Sequel Data Warehouse (RODIN) Select License-NewMaintenance
01tWC00000FBfM9YAL	BI-SDW-RNM-SDWRSL-TECH	Sequel Data Warehouse (RODIN) Select License (Technical)-NewMaintenance
01tWC00000DCzhhYAD	BI-SDW-RNM-SDWSBENM	Sequel Data Warehouse (RODIN) Select License - Bronze Edition-NewMaintenance
01tWC00000FBfLmYAL	BI-SDW-RNM-SDWSBENM-TECH	Sequel Data Warehouse (RODIN) Select License - Bronze Edition (Technical)-NewMaintenance
01tWC00000DCzhjYAD	BI-SDW-RNM-SDWSGENM	Sequel Data Warehouse (RODIN) Select License - Gold Edition-NewMaintenance
01tWC00000FBfLoYAL	BI-SDW-RNM-SDWSGENM-TECH	Sequel Data Warehouse (RODIN) Select License - Gold Edition (Technical)-NewMaintenance
01tWC00000DD22vYAD	BI-SDW-RNM-SDWSPENM	Sequel Data Warehouse (RODIN) Select License - Platinum Edition-NewMaintenance
01tWC00000FBfMQYA1	BI-SDW-RNM-SDWSPENM-TECH	Sequel Data Warehouse (RODIN) Select License - Platinum Edition (Technical)-NewMaintenance
01tWC00000DD22xYAD	BI-SDW-RNM-SDWSSENM	Sequel Data Warehouse (RODIN) Select License - Silver Edition-NewMaintenance
01tWC00000FBfMSYA1	BI-SDW-RNM-SDWSSENM-TECH	Sequel Data Warehouse (RODIN) Select License - Silver Edition (Technical)-NewMaintenance
01tWC00000DD1jlYAD	BI-SDW-RNM-SEQUED	SEQUEL Data Warehouse Bundle-NewMaintenance
01tWC00000FBfMJYA1	BI-SDW-RNM-SEQUED-TECH	SEQUEL Data Warehouse Bundle (Technical)-NewMaintenance
01tWC00000DCxmJYAT	BI-SDW-RNM-TRENNE	Trend Tables-NewMaintenance
01tWC00000FBXLnYAP	BI-SDW-RNM-TRENNE-TECH	Trend Tables (Technical)-NewMaintenance
01tWC00000DD1Y3YAL	BI-SL-RNM-RESONE	Resource Accountant-NewMaintenance
01tWC00000FBfHaYAL	BI-SL-RNM-RESONE-TECH	Resource Accountant (Technical)-NewMaintenance
01tWC00000DD1jvYAD	BI-SL-RNM-SEFY	SEQUEL FYI-NewMaintenance
01tWC00000FBezKYAT	BI-SQ-RNM-BUSIIN-TECH	Business Intelligence - New Maintenance (Technical)-NewMaintenance
01tWC00000DD1PFYA1	BI-SQ-RNM-GREENE	Green Screen-NewMaintenance
01tWC00000FBfHHYA1	BI-SQ-RNM-GREENE-TECH	Green Screen (Technical)-NewMaintenance
01tWC00000DD1ckYAD	BI-SQ-RNM-PRODNE	Productivity Enablement-NewMaintenance
01tWC00000FBfHdYAL	BI-SQ-RNM-PRODNE-TECH	Productivity Enablement (Technical)-NewMaintenance
01tWC00000DD1gAYAT	BI-SQ-RNM-SEQUEL	Sequel-NewMaintenance
01tWC00000FBfLwYAL	BI-SQ-RNM-SEQUEL-TECH	Sequel (Technical)-NewMaintenance
01tWC00000DD1kEYAT	BI-SQ-RNM-SEQUSB	SEQUEL SMB Bundle Included Users-NewMaintenance
01tWC00000FBXMBYA5	BI-SQ-RNM-SEQUSB-TECH	SEQUEL SMB Bundle Included Users (Technical)-NewMaintenance
01tWC00000DD1kAYAT	BI-SQ-RNM-SEQUSM	SEQUEL SMB Bundle Additional User-NewMaintenance
01tWC00000FBXM7YAP	BI-SQ-RNM-SEQUSM-TECH	SEQUEL SMB Bundle Additional User (Technical)-NewMaintenance
01tWC00000DD1kIYAT	BI-SQ-RNM-SESO	SEQUEL Solution Bundle-NewMaintenance
01tWC00000FBXMFYA5	BI-SQ-RNM-SESO-TECH	SEQUEL Solution Bundle (Technical)-NewMaintenance
01tWC00000DD1jyYAD	BI-SQ-RNM-SRDNM	Sequel Repository Designer-NewMaintenance
01tWC00000DD1k4YAD	BI-SQ-RNM-SSBM	SEQUEL SMB Bundle-NewMaintenance
01tWC00000DCzhdYAD	BI-SQ-RNM-SSBPNM	SEQUEL SMB Bundle - Primary-NewMaintenance
01tWC00000FBXM0YAP	BI-SQ-RNM-SSBPNM-TECH	SEQUEL SMB Bundle - Primary (Technical)-NewMaintenance
01tWC00000DCzhfYAD	BI-SQ-RNM-SSBSNM	SEQUEL SMB Bundle - Secondary-NewMaintenance
01tWC00000FBXM2YAP	BI-SQ-RNM-SSBSNM-TECH	SEQUEL SMB Bundle - Secondary (Technical)-NewMaintenance
01tWC00000DD1gEYAT	BI-SQ-RNM-SUBNM	Sequel - User Based-NewMaintenance
01tWC00000FBfM0YAL	BI-SQ-RNM-SUBNM-TECH	Sequel - User Based (Technical)-NewMaintenance
01tWC00000DD1wTYAT	BI-SQ-RNM-WEBESN	Web Enablement (SWI)-NewMaintenance
01tWC00000FBXMVYA5	BI-SQ-RNM-WEBESN-TECH	Web Enablement (SWI) (Technical)-NewMaintenance
01tWC00000DD1kOYAT	BI-SWI-RNM-SWIM	SEQUEL Web Interface-NewMaintenance
01tWC00000FBXMKYA5	BI-SWI-RNM-SWIM-TECH	SEQUEL Web Interface (Technical)-NewMaintenance
01tWC00000DCyyTYAT	BI-WB-RNM-WAREBN	Warehouse Builder-NewMaintenance
01tWC00000FBXLrYAP	BI-WB-RNM-WAREBN-TECH	Warehouse Builder (Technical)-NewMaintenance
01tWC00000DCyyXYAT	BI-WM-RNM-WAREMN	Warehouse Manager-NewMaintenance
01tWC00000FBXLvYAP	BI-WM-RNM-WAREMN-TECH	Warehouse Manager (Technical)-NewMaintenance
01tWC00000DD11MYAT	CM-TQO-RNM-AMEENM	ActiveMetrics Enterprise Edition-NewMaintenance
01tWC00000FCQQBYA5	CM-TQO-RNM-AMEENM-TECH	ActiveMetrics Enterprise Edition (Technical)-NewMaintenance
01tWC00000DD11PYAT	CM-TQO-RNM-AMEPEN	ActiveMetrics Enterprise Plus Edition-NewMaintenance
01tWC00000FCQQEYA5	CM-TQO-RNM-AMEPEN-TECH	ActiveMetrics Enterprise Plus Edition (Technical)-NewMaintenance
01tWC00000DD16AYAT	CM-TQO-RNM-CCML1P	CCM Level 1 - PS APP MODULE-NewMaintenance
01tWC00000FCNYtYAP	CM-TQO-RNM-CCML1P-TECH	CCM Level 1 - PS APP MODULE (Technical)-NewMaintenance
01tWC00000DD16sYAD	CM-TQO-RNM-CLAINE	Claims Metrics-NewMaintenance
01tWC00000FCNYwYAP	CM-TQO-RNM-CLAINE-TECH	Claims Metrics (Technical)-NewMaintenance
01tWC00000DD15dYAD	CM-TQO-RNM-CMNMNM	Capacity Management - New Maintenance-NewMaintenance
01tWC00000FCNYrYAP	CM-TQO-RNM-CMNMNM-TECH	Capacity Management - New Maintenance (Technical)-NewMaintenance
01tWC00000DCwW1YAL	CM-TQO-RNM-IACINE	Integrated Access Control (IAC) Option - DATA CONN-NewMaintenance
01tWC00000FCUePYAX	CM-TQO-RNM-IACINE-TECH	Integrated Access Control (IAC) Option - DATA CONN (Technical)-NewMaintenance
01tWC00000DD1RGYA1	CM-TQO-RNM-MCPANE	Metrics Catalog - PS-AM-NewMaintenance
01tWC00000FCUf3YAH	CM-TQO-RNM-MCPANE-TECH	Metrics Catalog - PS-AM (Technical)-NewMaintenance
01tWC00000DD1V0YAL	CM-TQO-RNM-PO1YNE	PMPlus OS2200-1-Year-Tier10-Mainframe-NewMaintenance
01tWC00000FCUf6YAH	CM-TQO-RNM-PO1YNE-TECH	PMPlus OS2200-1-Year-Tier10-Mainframe (Technical)-NewMaintenance
01tWC00000DCxl1YAD	CM-TQO-RNM-TQACSN	TeamQuest Analyzer & CMIS for Systems-NewMaintenance
01tWC00000FCKK7YAP	CM-TQO-RNM-TQACSN-TECH	TeamQuest Analyzer & CMIS for Systems (Technical)-NewMaintenance
01tWC00000DCxl5YAD	CM-TQO-RNM-TQAPCS	TeamQuest Analyzer & Predictor & CMIS for Systems-NewMaintenance
01tWC00000FCKKBYA5	CM-TQO-RNM-TQAPCS-TECH	TeamQuest Analyzer & Predictor & CMIS for Systems (Technical)-NewMaintenance
01tWC00000DCxl9YAD	CM-TQO-RNM-TQAPSC	TeamQuest Analyzer & Predictor & Surveyor & CMIS for Systems-NewMaintenance
01tWC00000FCV4DYAX	CM-TQO-RNM-TQAPSC-TECH	TeamQuest Analyzer & Predictor & Surveyor & CMIS for Systems (Technical)-NewMaintenance
01tWC00000DCxlEYAT	CM-TQO-RNM-TQASCS	TeamQuest Analyzer & Surveyor & CMIS for Systems-NewMaintenance
01tWC00000FCV4GYAX	CM-TQO-RNM-TQASCS-TECH	TeamQuest Analyzer & Surveyor & CMIS for Systems (Technical)-NewMaintenance
01tWC00000DCxlMYAT	CM-TQR-RNM-TQSSNM	TeamQuest Surveyor for Systems-NewMaintenance
01tWC00000FCV4OYAX	CM-TQR-RNM-TQSSNM-TECH	TeamQuest Surveyor for Systems (Technical)-NewMaintenance
01tWC00000DD1uQYAT	CM-TQU-RNM-UNNM	Unisys - TeamQuest MSAR OS2200-OTC-NewMaintenance
01tWC00000FCV4wYAH	CM-TQU-RNM-UNNM-TECH	Unisys - TeamQuest MSAR OS2200-OTC (Technical)-NewMaintenance
01tWC00000DD1v0YAD	CM-TQU-RNM-UNTQPM	Unisys - TeamQuest PMPlus MCP-OTC-NewMaintenance
01tWC00000DD1uUYAT	CM-TQU-RNM-UTEQMS	Unisys - TeamQuest MSManager OS2200-OTC-NewMaintenance
01tWC00000DD1ukYAD	CM-TQU-RNM-UTEQOS	Unisys - TeamQuest OSAM OS2200-OTC-NewMaintenance
01tWC00000DD1usYAD	CM-TQU-RNM-UTEQPM	Unisys - TeamQuest PM2200 OS2200-OTC-NewMaintenance
01tWC00000DD1v8YAD	CM-TQU-RNM-UTEQPR	Unisys - TeamQuest Probes MCP-OTC-NewMaintenance
01tWC00000DD1vSYAT	CM-TQU-RNM-UTEQSI	Unisys - TeamQuest SIMAN OS2200-OTC-NewMaintenance
01tWC00000DD1tvYAD	CM-TQU-RNM-UTQBOO	Unisys - TeamQuest Baseline OS2200-OTC-NewMaintenance
01tWC00000FCV4UYAX	CM-TQU-RNM-UTQBOO-TECH	Unisys - TeamQuest Baseline OS2200-OTC (Technical)-NewMaintenance
01tWC00000DD1tzYAD	CM-TQU-RNM-UTQCOO	Unisys - TeamQuest CULL OS2200-OTC-NewMaintenance
01tWC00000FCV4YYAX	CM-TQU-RNM-UTQCOO-TECH	Unisys - TeamQuest CULL OS2200-OTC (Technical)-NewMaintenance
01tWC00000DD1u4YAD	CM-TQU-RNM-UTQDFO	Unisys - TeamQuest D-Fragger OS2200-OTC-NewMaintenance
01tWC00000FCV4cYAH	CM-TQU-RNM-UTQDFO-TECH	Unisys - TeamQuest D-Fragger OS2200-OTC (Technical)-NewMaintenance
01tWC00000DD1u8YAD	CM-TQU-RNM-UTQHMO	Unisys - TeamQuest Harvest MCP-OTC-NewMaintenance
01tWC00000FCV4gYAH	CM-TQU-RNM-UTQHMO-TECH	Unisys - TeamQuest Harvest MCP-OTC (Technical)-NewMaintenance
01tWC00000DD1uDYAT	CM-TQU-RNM-UTQIOO	Unisys - TeamQuest IACULL OS2200-OTC-NewMaintenance
01tWC00000FCV4kYAH	CM-TQU-RNM-UTQIOO-TECH	Unisys - TeamQuest IACULL OS2200-OTC (Technical)-NewMaintenance
01tWC00000DD1uIYAT	CM-TQU-RNM-UTQLOO	Unisys - TeamQuest LA OS2200-OTC-NewMaintenance
01tWC00000FCV4oYAH	CM-TQU-RNM-UTQLOO-TECH	Unisys - TeamQuest LA OS2200-OTC (Technical)-NewMaintenance
01tWC00000DD1uMYAT	CM-TQU-RNM-UTQMOO	Unisys - TeamQuest MS2200 OS2200-OTC-NewMaintenance
01tWC00000FCV4sYAH	CM-TQU-RNM-UTQMOO-TECH	Unisys - TeamQuest MS2200 OS2200-OTC (Technical)-NewMaintenance
01tWC00000DD1uYYAT	CM-TQU-RNM-UTQOFF	Unisys - TeamQuest OEM Fixed Fee - Monthly - Mainframe - Unisys OEM-NewMaintenance
01tWC00000DD1ucYAD	CM-TQU-RNM-UTQOMO	Unisys - TeamQuest Online MCP-OTC-NewMaintenance
01tWC00000DD1v4YAD	CM-TQU-RNM-UTQONM	Unisys - TeamQuest PMPlus OS2200-OTC-NewMaintenance
01tWC00000DD1ugYAD	CM-TQU-RNM-UTQOOO	Unisys - TeamQuest Online OS2200-OTC-NewMaintenance
01tWC00000DD1uwYAD	CM-TQU-RNM-UTQPMO	Unisys - TeamQuest PMLog OS2200-OTC-NewMaintenance
01tWC00000DD1uoYAD	CM-TQU-RNM-UTQPOO	Unisys - TeamQuest PAR OS2200-OTC-NewMaintenance
01tWC00000DD1vCYAT	CM-TQU-RNM-UTQPRO	Unisys - TeamQuest Probes OS2200-OTC-NewMaintenance
01tWC00000DD1vGYAT	CM-TQU-RNM-UTQRDF	Unisys - TeamQuest RemD-Fragger OS2200-OTC-NewMaintenance
01tWC00000DD1vWYAT	CM-TQU-RNM-UTQSMO	Unisys - TeamQuest SMFII MCP-OTC-NewMaintenance
01tWC00000DD1vOYAT	CM-TQU-RNM-UTQSOO	Unisys - TeamQuest SAUtilities OS2200-OTC-NewMaintenance
01tWC00000DD1vKYAT	CM-TQU-RNM-UTQSOU	Unisys - TeamQuest SAUtilities OS2200 - Unisys OEM-NewMaintenance
01tWC00000DD1vaYAD	CM-TQU-RNM-UTQTLO	Unisys - TeamQuest TipLA OS2200-OTC-NewMaintenance
01tWC00000DD1qUYAT	CM-VCM-RNM-VCMENM	Vityl Capacity Management Enterprise-NewMaintenance
01tWC00000DD1qYYAT	CM-VCM-RNM-VCMLFN	Vityl Capacity Management License Fee-NewMaintenance
01tWC00000DD1qQYAT	CM-VCM-RNM-VCMNM	Vityl Capacity Management-NewMaintenance
01tWC00000DD23HYAT	CM-VCM-RNM-VSPNM	VCM Starter Pack-NewMaintenance
01tWC00000DD1qfYAD	CM-VIM-RNM-VMNM	Vityl Monitor-NewMaintenance
01tWC00000DD1qjYAD	CM-VIM-RNM-VMPPSN	Vityl Monitor & Predictor for Physical Systems-NewMaintenance
01tWC00000DD19TYAT	CS-CLP-RNM-CYBENE	Cybersecurity-NewMaintenance
01tWC00000FBfcsYAD	CS-CLP-RNM-CYBENE-TECH	Cybersecurity (Technical)-NewMaintenance
01tWC00000DD1bAYAT	CS-CLP-RNM-PCSNM	Powertech Compliance Suite-NewMaintenance
01tWC00000FBg3uYAD	CS-CLP-RNM-PCSNM-TECH	Powertech Compliance Suite (Technical)-NewMaintenance
01tWC00000DD1apYAD	CS-CLP-RNM-PTCANM	PowerTech Central Admin-NewMaintenance
01tWC00000FBg3ZYAT	CS-CLP-RNM-PTCANM-TECH	PowerTech Central Admin (Technical)-NewMaintenance
01tWC00000DD13HYAT	CS-DFT-RNM-ASOCNM	Application System & Object Control-NewMaintenance
01tWC00000FBfckYAD	CS-DFT-RNM-ASOCNM-TECH	Application System & Object Control (Technical)-NewMaintenance
01tWC00000DD17kYAD	CS-DFT-RNM-CCINM	Compliance Center for i-NewMaintenance
01tWC00000FBfcoYAD	CS-DFT-RNM-CCINM-TECH	Compliance Center for i (Technical)-NewMaintenance
01tWC00000DD1BIYA1	CS-DFT-RNM-DETENE	DetectIT-NewMaintenance
01tWC00000FBfcvYAD	CS-DFT-RNM-DETENE-TECH	DetectIT (Technical)-NewMaintenance
01tWC00000DD1QmYAL	CS-DFT-RNM-MAPNEW	Menu & Application Program-NewMaintenance
01tWC00000FBfd2YAD	CS-DFT-RNM-MAPNEW-TECH	Menu & Application Program (Technical)-NewMaintenance
01tWC00000DD1RkYAL	CS-DFT-RNM-MSANEW	Multiple System Administrator-NewMaintenance
01tWC00000FBfd6YAD	CS-DFT-RNM-MSANEW-TECH	Multiple System Administrator (Technical)-NewMaintenance
01tWC00000DD09mYAD	CS-DFT-RNM-NTCNM	Network Traffic Controller-NewMaintenance
01tWC00000FBfcfYAD	CS-DFT-RNM-NTCNM-TECH	Network Traffic Controller (Technical)-NewMaintenance
01tWC00000DD1aLYAT	CS-DFT-RNM-PUPNEW	Powerful User Passport-NewMaintenance
01tWC00000FBfdAYAT	CS-DFT-RNM-PUPNEW-TECH	Powerful User Passport (Technical)-NewMaintenance
01tWC00000DD1YCYA1	CS-DFT-RNM-RCMNEW	Risk & Compliance Monitor-NewMaintenance
01tWC00000FBcuyYAD	CS-DFT-RNM-RCMNEW-TECH	Risk & Compliance Monitor (Technical)-NewMaintenance
01tWC00000DD1feYAD	CS-DFT-RNM-SADNM	Security Audit & Detection-NewMaintenance
01tWC00000FBcvOYAT	CS-DFT-RNM-SADNM-TECH	Security Audit & Detection (Technical)-NewMaintenance
01tWC00000DD1vmYAD	CS-DFT-RNM-UPMNM	User Profile Manager-NewMaintenance
01tWC00000FBcvbYAD	CS-DFT-RNM-UPMNM-TECH	User Profile Manager (Technical)-NewMaintenance
01tWC00000DD1alYAD	CS-PAB-RNM-PABIIN	Powertech Authority Broker for IBM i-NewMaintenance
01tWC00000FBg3VYAT	CS-PAB-RNM-PABIIN-TECH	Powertech Authority Broker for IBM i (Technical)-NewMaintenance
01tWC00000DD1ayYAD	CS-PCM-RNM-PCMCII	Powertech Compliance Monitor Consolidator for IBM i-NewMaintenance
01tWC00000FBg3iYAD	CS-PCM-RNM-PCMCII-TECH	Powertech Compliance Monitor Consolidator for IBM i (Technical)-NewMaintenance
01tWC00000DD1b2YAD	CS-PCM-RNM-PCMEII	Powertech Compliance Monitor Endpoint for IBM i-NewMaintenance
01tWC00000FBg3mYAD	CS-PCM-RNM-PCMEII-TECH	Powertech Compliance Monitor Endpoint for IBM i (Technical)-NewMaintenance
01tWC00000DD1b6YAD	CS-PCM-RNM-PCMIIN	Powertech Compliance Monitor for IBM i-NewMaintenance
01tWC00000FBg3qYAD	CS-PCM-RNM-PCMIIN-TECH	Powertech Compliance Monitor for IBM i (Technical)-NewMaintenance
01tWC00000DD1atYAD	CS-PCS-RNM-PCSIIN	Powertech Command Security for IBM i-NewMaintenance
01tWC00000FBg3dYAD	CS-PCS-RNM-PCSIIN-TECH	Powertech Command Security for IBM i (Technical)-NewMaintenance
01tWC00000DD1bEYAT	CS-PDM-RNM-PDMIIN	Powertech Database Monitor for IBM i-NewMaintenance
01tWC00000FBg3yYAD	CS-PDM-RNM-PDMIIN-TECH	Powertech Database Monitor for IBM i (Technical)-NewMaintenance
01tWC00000DD1bKYAT	CS-PDM-RNM-PDMIIR	Powertech Database Monitor for IBM i - Rapid Validation-NewMaintenance
01tWC00000DD1bGYAT	CS-PDM-RNM-PDMM	Powertech Database Monitor for IBM i - PMRT-NewMaintenance
01tWC00000FBg40YAD	CS-PDM-RNM-PDMM-TECH	Powertech Database Monitor for IBM i - PMRT (Technical)-NewMaintenance
01tWC00000DD1bOYAT	CS-PDM-RNM-PONM	Powertech Database Monitor for IBM i - Read-NewMaintenance
01tWC00000DD1bYYAT	CS-PEI-RNM-PEIIAI	Powertech Encryption for IBM i (Auto IFS Encryption Module)-NewMaintenance
01tWC00000FBgUnYAL	CS-PEI-RNM-PEIIAI-TECH	Powertech Encryption for IBM i (Auto IFS Encryption Module) (Technical)-NewMaintenance
01tWC00000DD1bcYAD	CS-PEI-RNM-PEIIBE	Powertech Encryption for IBM i (Backup Encryption Module)-NewMaintenance
01tWC00000FBgUrYAL	CS-PEI-RNM-PEIIBE-TECH	Powertech Encryption for IBM i (Backup Encryption Module) (Technical)-NewMaintenance
01tWC00000DD1bgYAD	CS-PEI-RNM-PEIIFE	Powertech Encryption for IBM i (Field Encryption Module)-NewMaintenance
01tWC00000FBgUvYAL	CS-PEI-RNM-PEIIFE-TECH	Powertech Encryption for IBM i (Field Encryption Module) (Technical)-NewMaintenance
01tWC00000DD1bUYAT	CS-PEI-RNM-PEIINM	Powertech Encryption for IBM i-NewMaintenance
01tWC00000FBgUjYAL	CS-PEI-RNM-PEIINM-TECH	Powertech Encryption for IBM i (Technical)-NewMaintenance
01tWC00000DD1bkYAD	CS-PEM-RNM-PEMNM	Powertech Event Manager-NewMaintenance
01tWC00000FBgUzYAL	CS-PEM-RNM-PEMNM-TECH	Powertech Event Manager (Technical)-NewMaintenance
01tWC00000DD1boYAD	CS-PEP-RNM-PEPMII	Powertech Exit Point Manager for IBM i-NewMaintenance
01tWC00000FBgV3YAL	CS-PEP-RNM-PEPMII-TECH	Powertech Exit Point Manager for IBM i (Technical)-NewMaintenance
01tWC00000DD1byYAD	CS-PIM-RNM-PIMIIN	Powertech Identity Manager for IBM i-NewMaintenance
01tWC00000FBgV7YAL	CS-PIM-RNM-PIMIIN-TECH	Powertech Identity Manager for IBM i (Technical)-NewMaintenance
01tWC00000DD1c2YAD	CS-PMF-RNM-PMFAII	Powertech Multi-Factor Authentication for IBM i-NewMaintenance
01tWC00000FBgVBYA1	CS-PMF-RNM-PMFAII-TECH	Powertech Multi-Factor Authentication for IBM i (Technical)-NewMaintenance
01tWC00000DD1cAYAT	CS-PPM-RNM-PPMIIN	Powertech Policy Minder for IBM i-NewMaintenance
01tWC00000FBgVJYA1	CS-PPM-RNM-PPMIIN-TECH	Powertech Policy Minder for IBM i (Technical)-NewMaintenance
01tWC00000DD1c6YAD	CS-PPS-RNM-PPSHII	Powertech Password Self Help for IBM i-NewMaintenance
01tWC00000FBgVFYA1	CS-PPS-RNM-PPSHII-TECH	Powertech Password Self Help for IBM i (Technical)-NewMaintenance
01tWC00000DD1cEYAT	CS-PRA-RNM-PRAIIN	Powertech Risk Assessor for IBM i-NewMaintenance
01tWC00000FBgVNYA1	CS-PRA-RNM-PRAIIN-TECH	Powertech Risk Assessor for IBM i (Technical)-NewMaintenance
01tWC00000DD1cMYAT	CS-PSA-RNM-PSANM	Powertech Security Auditor-NewMaintenance
01tWC00000FBcv2YAD	CS-PSA-RNM-PSANM-TECH	Powertech Security Auditor (Technical)-NewMaintenance
01tWC00000DD1cTYAT	CS-PSI-RNM-PSAIIN	Powertech SIEM Agent for IBM i-NewMaintenance
01tWC00000FBcv6YAD	CS-PSI-RNM-PSAIIN-TECH	Powertech SIEM Agent for IBM i (Technical)-NewMaintenance
01tWC00000DD1g2YAD	CS-PSS-RNM-SSCPNM	Security Scan - Cross Platform-NewMaintenance
01tWC00000FBcvSYAT	CS-PSS-RNM-SSCPNM-TECH	Security Scan - Cross Platform (Technical)-NewMaintenance
01tWC00000DD1g6YAD	CS-PSS-RNM-SSINM	Security Scan - i-NewMaintenance
01tWC00000FBcvWYAT	CS-PSS-RNM-SSINM-TECH	Security Scan - i (Technical)-NewMaintenance
01tWC00000DD1abYAD	CS-PTA-RNM-PAIIDN	Powertech Antivirus for IBM i - Domino-NewMaintenance
01tWC00000FBg3MYAT	CS-PTA-RNM-PAIIDN-TECH	Powertech Antivirus for IBM i - Domino (Technical)-NewMaintenance
01tWC00000DD1afYAD	CS-PTA-RNM-PAIINM	Powertech Antivirus for IBM i-NewMaintenance
01tWC00000FBg3QYAT	CS-PTA-RNM-PAIINM-TECH	Powertech Antivirus for IBM i (Technical)-NewMaintenance
01tWC00000DD1aPYAT	CS-PTA-RNM-PALANM	Powertech Antivirus - Linux / AIX-NewMaintenance
01tWC00000FBfdEYAT	CS-PTA-RNM-PALANM-TECH	Powertech Antivirus - Linux / AIX (Technical)-NewMaintenance
01tWC00000DD1aTYAT	CS-PTA-RNM-PASNM	Powertech Antivirus - Solaris-NewMaintenance
01tWC00000FBfdIYAT	CS-PTA-RNM-PASNM-TECH	Powertech Antivirus - Solaris (Technical)-NewMaintenance
01tWC00000DD1aXYAT	CS-PTA-RNM-PAXLNM	Powertech Antivirus - x86 Linux-NewMaintenance
01tWC00000FBfdMYAT	CS-PTA-RNM-PAXLNM-TECH	Powertech Antivirus - x86 Linux (Technical)-NewMaintenance
01tWC00000DD1cIYAT	CS-RSA-RNM-PRSIAI	Powertech RSA SecurID Agent for IBM i-NewMaintenance
01tWC00000FBgVRYA1	CS-RSA-RNM-PRSIAI-TECH	Powertech RSA SecurID Agent for IBM i (Technical)-NewMaintenance
01tWC00000DD1faYAD	CS-SA-RNM-SANM	Security Audit-NewMaintenance
01tWC00000FBcvKYAT	CS-SA-RNM-SANM-TECH	Security Audit (Technical)-NewMaintenance
01tWC00000DD1daYAD	CS-SPS-RNM-SPSHNM	Safestone Password Self Help-NewMaintenance
01tWC00000FBcvAYAT	CS-SPS-RNM-SPSHNM-TECH	Safestone Password Self Help (Technical)-NewMaintenance
01tWC00000DD1deYAD	CS-SPS-RNM-SPSHUN	Safestone Password Self Help Users-NewMaintenance
01tWC00000FBcvEYAT	CS-SPS-RNM-SPSHUN-TECH	Safestone Password Self Help Users (Technical)-NewMaintenance
01tWC00000DD1B3YAL	DM-DLN-RNM-DELILN	DeliverNow - Legacy-NewMaintenance
01tWC00000DD1B6YAL	DM-DLN-RNM-DELINE	DeliverNow-NewMaintenance
01tWC00000FBhHsYAL	DM-DLN-RNM-DELINE-TECH	DeliverNow (Technical)-NewMaintenance
01tWC00000DD1xUYAT	DM-DLN-RNM-WSNM	WinSpool-NewMaintenance
01tWC00000DD17pYAD	DM-DML-RNM-CBNM	Comprehensive Bundle-NewMaintenance
01tWC00000FBhHNYA1	DM-DML-RNM-CBNM-TECH	Comprehensive Bundle (Technical)-NewMaintenance
01tWC00000DD17sYAD	DM-DML-RNM-CIBNM	Comprehensive i Bundle-NewMaintenance
01tWC00000FBhHQYA1	DM-DML-RNM-CIBNM-TECH	Comprehensive i Bundle (Technical)-NewMaintenance
01tWC00000DD19LYAT	DM-DML-RNM-CUSTNE	Custom Bundle-NewMaintenance
01tWC00000FBhHYYA1	DM-DML-RNM-CUSTNE-TECH	Custom Bundle (Technical)-NewMaintenance
01tWC00000DD1DVYA1	DM-DML-RNM-DCBBNE	Download Conv Bund Basic-NewMaintenance
01tWC00000FBhxnYAD	DM-DML-RNM-DCBBNE-TECH	Download Conv Bund Basic (Technical)-NewMaintenance
01tWC00000DD1CUYA1	DM-DML-RNM-DMBNM	Doc Management Bundle-NewMaintenance
01tWC00000FBhx9YAD	DM-DML-RNM-DMBNM-TECH	Doc Management Bundle (Technical)-NewMaintenance
01tWC00000DD1CXYA1	DM-DML-RNM-DMLPNM	Doc Management Legacy Product-NewMaintenance
01tWC00000FBhxCYAT	DM-DML-RNM-DMLPNM-TECH	Doc Management Legacy Product (Technical)-NewMaintenance
01tWC00000DD1CSYA1	DM-DML-RNM-DOC	Doc Management-NewMaintenance
01tWC00000FBhx7YAD	DM-DML-RNM-DOC-TECH	Doc Management (Technical)-NewMaintenance
01tWC00000DD1AXYA1	DM-DML-RNM-DT4LNM	Data Transfer/400 - Legacy-NewMaintenance
01tWC00000FBhHfYAL	DM-DML-RNM-DT4LNM-TECH	Data Transfer/400 - Legacy (Technical)-NewMaintenance
01tWC00000DD1AxYAL	DM-DML-RNM-DTBLNM	DealerTrack Bundle - Legacy-NewMaintenance
01tWC00000FBhHmYAL	DM-DML-RNM-DTBLNM-TECH	DealerTrack Bundle - Legacy (Technical)-NewMaintenance
01tWC00000DD1GVYA1	DM-DML-RNM-EDBBNM	Email Dist Bundle Basic-NewMaintenance
01tWC00000FCFZ0YAP	DM-DML-RNM-EDBBNM-TECH	Email Dist Bundle Basic (Technical)-NewMaintenance
01tWC00000DD1GYYA1	DM-DML-RNM-EFSLNM	Email File Server - Legacy-NewMaintenance
01tWC00000FCFZ3YAP	DM-DML-RNM-EFSLNM-TECH	Email File Server - Legacy (Technical)-NewMaintenance
01tWC00000DD1GNYA1	DM-DML-RNM-ELECDN	Electronic Forms Designer-NewMaintenance
01tWC00000DD1GQYA1	DM-DML-RNM-ELECLN	Electronic Forms License-NewMaintenance
01tWC00000FCFYxYAP	DM-DML-RNM-ELECLN-TECH	Electronic Forms License (Technical)-NewMaintenance
01tWC00000DD1GfYAL	DM-DML-RNM-ERDBPN	Email Report Distribution Bundle PC-NewMaintenance
01tWC00000FCFZAYA5	DM-DML-RNM-ERDBPN-TECH	Email Report Distribution Bundle PC (Technical)-NewMaintenance
01tWC00000DD1JoYAL	DM-DML-RNM-FORMNE	Formdocs License-NewMaintenance
01tWC00000FCFZRYA5	DM-DML-RNM-FORMNE-TECH	Formdocs License (Technical)-NewMaintenance
01tWC00000DD1LYYA1	DM-DML-RNM-FT40	FTP/400 Remote Comma-NewMaintenance
01tWC00000FCFZXYA5	DM-DML-RNM-FT40-TECH	FTP/400 Remote Comma (Technical)-NewMaintenance
01tWC00000DD1LVYA1	DM-DML-RNM-FTP4	FTP/400-NewMaintenance
01tWC00000FCFZUYA5	DM-DML-RNM-FTP4-TECH	FTP/400 (Technical)-NewMaintenance
01tWC00000DCwVhYAL	DM-DML-RNM-IPI4NE	Info Print Integrator/400-NewMaintenance
01tWC00000FCFpHYAX	DM-DML-RNM-IPI4NE-TECH	Info Print Integrator/400 (Technical)-NewMaintenance
01tWC00000DCwWiYAL	DM-DML-RNM-ISDANM	iSeries Data Access-NewMaintenance
01tWC00000FCFpOYAX	DM-DML-RNM-ISDANM-TECH	iSeries Data Access (Technical)-NewMaintenance
01tWC00000DCwWpYAL	DM-DML-RNM-ISPTNM	iSeries PDF and TIFF-NewMaintenance
01tWC00000FCFpVYAX	DM-DML-RNM-ISPTNM-TECH	iSeries PDF and TIFF (Technical)-NewMaintenance
01tWC00000DD1RKYA1	DM-DML-RNM-MOAINE	Microsoft Office Add-Ins-NewMaintenance
01tWC00000FCEzpYAH	DM-DML-RNM-MOAINE-TECH	Microsoft Office Add-Ins (Technical)-NewMaintenance
01tWC00000FCFpmYAH	DM-DML-RNM-MOAINE-TECH-2	Microsoft Office Add-Ins (Technical)-NewMaintenance
01tWC00000DD1RpYAL	DM-DML-RNM-NATPRN	Native AFP to PDF Report-NewMaintenance
01tWC00000FCEzsYAH	DM-DML-RNM-NATPRN-TECH	Native AFP to PDF Report (Technical)-NewMaintenance
01tWC00000FCFppYAH	DM-DML-RNM-NATPRN-TECH-2	Native AFP to PDF Report (Technical)-NewMaintenance
01tWC00000DD09MYAT	DM-DML-RNM-NATTRN	Native AFP to TIFF Report-NewMaintenance
01tWC00000FCEzTYAX	DM-DML-RNM-NATTRN-TECH	Native AFP to TIFF Report (Technical)-NewMaintenance
01tWC00000FCFpcYAH	DM-DML-RNM-NATTRN-TECH-2	Native AFP to TIFF Report (Technical)-NewMaintenance
01tWC00000DD09PYAT	DM-DML-RNM-NCNM	Native Converters-NewMaintenance
01tWC00000FCEzWYAX	DM-DML-RNM-NCNM-TECH	Native Converters (Technical)-NewMaintenance
01tWC00000FCFpfYAH	DM-DML-RNM-NCNM-TECH-2	Native Converters (Technical)-NewMaintenance
01tWC00000DD09SYAT	DM-DML-RNM-NDIRCN	Native DataImport Report Converter-NewMaintenance
01tWC00000FCEzZYAX	DM-DML-RNM-NDIRCN-TECH	Native DataImport Report Converter (Technical)-NewMaintenance
01tWC00000FCFpiYAH	DM-DML-RNM-NDIRCN-TECH-2	Native DataImport Report Converter (Technical)-NewMaintenance
01tWC00000DD09VYAT	DM-DML-RNM-NHPTCN	Native Host Print Transform Converter-NewMaintenance
01tWC00000FCEzcYAH	DM-DML-RNM-NHPTCN-TECH	Native Host Print Transform Converter (Technical)-NewMaintenance
01tWC00000DD09bYAD	DM-DML-RNM-NTTCCN	Native Text to CSV Converter-NewMaintenance
01tWC00000FCEziYAH	DM-DML-RNM-NTTCCN-TECH	Native Text to CSV Converter (Technical)-NewMaintenance
01tWC00000DD09eYAD	DM-DML-RNM-NTTPCN	Native Text to PDF Converter-NewMaintenance
01tWC00000FCEzlYAH	DM-DML-RNM-NTTPCN-TECH	Native Text to PDF Converter (Technical)-NewMaintenance
01tWC00000DD1YGYA1	DM-DML-RNM-RJSPNE	RJS PDF API-NewMaintenance
01tWC00000DD1laYAD	DM-DML-RNM-SCBNEW	Spreadsheet Conv Bundle-NewMaintenance
01tWC00000DD1lPYAT	DM-DML-RNM-SOFTNE	Software - Misc-NewMaintenance
01tWC00000DD1weYAD	DM-DML-RNM-WDBINM	WebDocs Batch Import-NewMaintenance
01tWC00000DD1x4YAD	DM-DML-RNM-WDISEN	WebDocs- iSeries Edition-NewMaintenance
01tWC00000DD1x1YAD	DM-DML-RNM-WDTCNM	WebDocs Tray Capture-NewMaintenance
01tWC00000DD1y3YAD	DM-DML-RNM-WINVNE	WinView-NewMaintenance
01tWC00000DD1xYYAT	DM-DML-RNM-WSBRSN	WinSpool Batch Report Server-NewMaintenance
01tWC00000DD1xcYAD	DM-DML-RNM-WSERSN	WinSpool Email Report Server-NewMaintenance
01tWC00000DD1xfYAD	DM-DML-RNM-WSFRSN	WinSpool Fax Report Server-NewMaintenance
01tWC00000DD1xiYAD	DM-DML-RNM-WSHRCN	WinSpool HTML Report Converter-NewMaintenance
01tWC00000DD1xlYAD	DM-DML-RNM-WSLNRS	WinSpool Lotus Notes Report Server-NewMaintenance
01tWC00000DD1xuYAD	DM-DML-RNM-WSPNM	WinSpool Postscript-NewMaintenance
01tWC00000DD1xrYAD	DM-DML-RNM-WSPRCN	WinSpool PDF Report Converter-NewMaintenance
01tWC00000DD1xoYAD	DM-DML-RNM-WSPTPC	WinSpool PCL to PDF Converter-NewMaintenance
01tWC00000DD1xxYAD	DM-DML-RNM-WSRRCN	WinSpool RTF Report Converter-NewMaintenance
01tWC00000DD1y0YAD	DM-DML-RNM-WSWRSN	WinSpool Web Report Server-NewMaintenance
01tWC00000DD1B0YAL	DM-DOE-RNM-DTBNEW	DealerTrack Bundle-NewMaintenance
01tWC00000FBhHpYAL	DM-DOE-RNM-DTBNEW-TECH	DealerTrack Bundle (Technical)-NewMaintenance
01tWC00000DCwWsYAL	DM-DOE-RNM-JDABNE	JDA Bundle-NewMaintenance
01tWC00000FBiBZYA1	DM-DOE-RNM-JDABNE-TECH	JDA Bundle (Technical)-NewMaintenance
01tWC00000FCFpYYAX	DM-DOE-RNM-JDABNE-TECH-2	JDA Bundle (Technical)-NewMaintenance
01tWC00000DD1XwYAL	DM-DOE-RNM-REPOAB	Report Archive Bundle iSeries - Legacy-NewMaintenance
01tWC00000FBiBcYAL	DM-DOE-RNM-REPOAB-TECH	Report Archive Bundle iSeries - Legacy (Technical)-NewMaintenance
01tWC00000FCF0AYAX	DM-DOE-RNM-REPOAB-TECH-2	Report Archive Bundle iSeries - Legacy (Technical)-NewMaintenance
01tWC00000DD19iYAD	DM-EU-RNM-DE4LNM	Data Export/400 - Legacy-NewMaintenance
01tWC00000FBhHcYAL	DM-EU-RNM-DE4LNM-TECH	Data Export/400 - Legacy (Technical)-NewMaintenance
01tWC00000DD1GiYAL	DM-EU-RNM-ERSNM	Email Report Server-NewMaintenance
01tWC00000FCFZDYA5	DM-EU-RNM-ERSNM-TECH	Email Report Server (Technical)-NewMaintenance
01tWC00000DD1aEYAT	DM-EU-RNM-POP4NE	POP/400 Email Retrieval API-NewMaintenance
01tWC00000FCF0CYAX	DM-EU-RNM-POP4NE-TECH	POP/400 Email Retrieval API (Technical)-NewMaintenance
01tWC00000DD1lAYAT	DM-EU-RNM-SMTPNE	SMTP/400 Email Send API-NewMaintenance
01tWC00000DD1HdYAL	DM-EW-RNM-EWLLNM	Enterprise Workflow Lite - Legacy-NewMaintenance
01tWC00000FCFZOYA5	DM-EW-RNM-EWLLNM-TECH	Enterprise Workflow Lite - Legacy (Technical)-NewMaintenance
01tWC00000DD1HaYAL	DM-EW-RNM-EWLNM	Enterprise Workflow - Legacy-NewMaintenance
01tWC00000FCFZLYA5	DM-EW-RNM-EWLNM-TECH	Enterprise Workflow - Legacy (Technical)-NewMaintenance
01tWC00000DD1AaYAL	DM-IBM-RNM-DATANE	DataImport-NewMaintenance
01tWC00000FBhHiYAL	DM-IBM-RNM-DATANE-TECH	DataImport (Technical)-NewMaintenance
01tWC00000DD1Q5YAL	DM-IBM-RNM-IENCNE	iEncrypt-NewMaintenance
01tWC00000FCFZeYAP	DM-IBM-RNM-IENCNE-TECH	iEncrypt (Technical)-NewMaintenance
01tWC00000DCwVVYA1	DM-IBM-RNM-IFSTNE	IFS Tools-NewMaintenance
01tWC00000FCFp6YAH	DM-IBM-RNM-IFSTNE-TECH	IFS Tools (Technical)-NewMaintenance
01tWC00000DCwWlYAL	DM-IBM-RNM-ISOINM	iSeries Office Integrator-NewMaintenance
01tWC00000FCFpRYAX	DM-IBM-RNM-ISOINM-TECH	iSeries Office Integrator (Technical)-NewMaintenance
01tWC00000DD09YYAT	DM-IBM-RNM-NPTPCL	Native PCL to PDF Converter - Legacy-NewMaintenance
01tWC00000FCEzfYAH	DM-IBM-RNM-NPTPCL-TECH	Native PCL to PDF Converter - Legacy (Technical)-NewMaintenance
01tWC00000DD1UGYA1	DM-IBM-RNM-PCLTNE	PCL to PDF Converter-NewMaintenance
01tWC00000FCEzuYAH	DM-IBM-RNM-PCLTNE-TECH	PCL to PDF Converter (Technical)-NewMaintenance
01tWC00000DD1XzYAL	DM-IBM-RNM-REPOSN	Report Splitter-NewMaintenance
01tWC00000FCFyjYAH	DM-IBM-RNM-REPOSN-TECH	Report Splitter (Technical)-NewMaintenance
01tWC00000DD1dOYAT	DM-IBM-RNM-RPG2NE	RPG2SQL Integrator-NewMaintenance
01tWC00000DCwVSYA1	DM-IFO-RNM-IFOREF	iForms Electronic Forms and Report Writer - Legacy-NewMaintenance
01tWC00000FCFp3YAH	DM-IFO-RNM-IFOREF-TECH	iForms Electronic Forms and Report Writer - Legacy (Technical)-NewMaintenance
01tWC00000DD1QCYA1	DM-IFO-RNM-IFORNE	iForms-NewMaintenance
01tWC00000FCFZiYAP	DM-IFO-RNM-IFORNE-TECH	iForms (Technical)-NewMaintenance
01tWC00000DD11tYAD	DM-IRC-RNM-AFPCNE	AFP Converter-NewMaintenance
01tWC00000FBhHBYA1	DM-IRC-RNM-AFPCNE-TECH	AFP Converter (Technical)-NewMaintenance
01tWC00000DD19EYAT	DM-IRC-RNM-CSVCNE	CSV Converter-NewMaintenance
01tWC00000FBhHUYA1	DM-IRC-RNM-CSVCNE-TECH	CSV Converter (Technical)-NewMaintenance
01tWC00000DD1PqYAL	DM-IRC-RNM-HTMLNE	HTML Report Converter-NewMaintenance
01tWC00000FCFZaYAP	DM-IRC-RNM-HTMLNE-TECH	HTML Report Converter (Technical)-NewMaintenance
01tWC00000DD1UKYA1	DM-IRC-RNM-PDFCNM	PDF Converter-NewMaintenance
01tWC00000FCEzyYAH	DM-IRC-RNM-PDFCNM-TECH	PDF Converter (Technical)-NewMaintenance
01tWC00000DD1X4YAL	DM-IRC-RNM-RAWRNE	RAW Report Converter-NewMaintenance
01tWC00000FCF06YAH	DM-IRC-RNM-RAWRNE-TECH	RAW Report Converter (Technical)-NewMaintenance
01tWC00000DD1dSYAT	DM-IRC-RNM-RTFRNE	RTF Report Converter-NewMaintenance
01tWC00000DCxlVYAT	DM-IRC-RNM-TRCANE	Text Report Converter (ASCII/ANSI/TXT/PRN)-NewMaintenance
01tWC00000DD15AYAT	DM-IRM-RNM-BRSNM	Batch Report Server-NewMaintenance
01tWC00000FBhHJYA1	DM-IRM-RNM-BRSNM-TECH	Batch Report Server (Technical)-NewMaintenance
01tWC00000DD1DRYA1	DM-IRM-RNM-DRSNEW	Domino Report Server-NewMaintenance
01tWC00000FBhxjYAD	DM-IRM-RNM-DRSNEW-TECH	Domino Report Server (Technical)-NewMaintenance
01tWC00000DD1HTYA1	DM-IRM-RNM-ENFA	Enterprise Fax-NewMaintenance
01tWC00000FCFZHYA5	DM-IRM-RNM-ENFA-TECH	Enterprise Fax (Technical)-NewMaintenance
01tWC00000DD1wXYAT	DM-IRM-RNM-WEBRS4	Web Report Server/400 - Legacy-NewMaintenance
01tWC00000DD1UOYA1	DM-PCR-RNM-PDFSNM	PDF Splitter-NewMaintenance
01tWC00000FCF02YAH	DM-PCR-RNM-PDFSNM-TECH	PDF Splitter (Technical)-NewMaintenance
01tWC00000DD1dKYAT	DM-RPG-RNM-RPGTNE	RPG Toolbox-NewMaintenance
01tWC00000DD1l1YAD	DM-SH-RNM-SIGNLN	SignHere Legacy-NewMaintenance
01tWC00000DD1kxYAD	DM-SH-RNM-SIGNNE	SignHere-NewMaintenance
01tWC00000DD1m6YAD	DM-SV4-RNM-S4NM	Surveyor/400-NewMaintenance
01tWC00000DD1m9YAD	DM-SV4-RNM-S4SUPN	Surveyor/400 - Single User Price-NewMaintenance
01tWC00000DD1mDYAT	DM-SV4-RNM-S4SUPU	Surveyor/400 - Single User Price - Unlimited Partitions-NewMaintenance
01tWC00000DD1mIYAT	DM-SV4-RNM-S4UPNM	Surveyor/400 - Unlimited Partitions-NewMaintenance
01tWC00000FBhH7YAL	DM-WCU-RNM-5250NE-TECH	5250 Integrator (Technical)-NewMaintenance
01tWC00000DD156YAD	DM-WCU-RNM-BIUNM	Batch Import Utility-NewMaintenance
01tWC00000FBhHFYA1	DM-WCU-RNM-BIUNM-TECH	Batch Import Utility (Technical)-NewMaintenance
01tWC00000DD1ChYAL	DM-WCU-RNM-DAACHF	DocAlpha Advanced Capture - Header Footer-NewMaintenance
01tWC00000FBhxMYAT	DM-WCU-RNM-DAACHF-TECH	DocAlpha Advanced Capture - Header Footer (Technical)-NewMaintenance
01tWC00000DD1CkYAL	DM-WCU-RNM-DAACLI	DocAlpha Advanced Capture - Line Item-NewMaintenance
01tWC00000FBhxPYAT	DM-WCU-RNM-DAACLI-TECH	DocAlpha Advanced Capture - Line Item (Technical)-NewMaintenance
01tWC00000DD1CzYAL	DM-WCU-RNM-DAANM	docAlpha(Artsyl)-NewMaintenance
01tWC00000FBhxeYAD	DM-WCU-RNM-DAANM-TECH	docAlpha(Artsyl) (Technical)-NewMaintenance
01tWC00000DD1CnYAL	DM-WCU-RNM-DACSLN	DocAlpha Concurrent Seat License-NewMaintenance
01tWC00000FBhxSYAT	DM-WCU-RNM-DACSLN-TECH	DocAlpha Concurrent Seat License (Technical)-NewMaintenance
01tWC00000DD1CqYAL	DM-WCU-RNM-DAICHF	DocAlpha Invoice Capture Header/Footer-NewMaintenance
01tWC00000FBhxVYAT	DM-WCU-RNM-DAICHF-TECH	DocAlpha Invoice Capture Header/Footer (Technical)-NewMaintenance
01tWC00000DD1CtYAL	DM-WCU-RNM-DAICLI	DocAlpha Invoice Capture Line Item-NewMaintenance
01tWC00000FBhxYYAT	DM-WCU-RNM-DAICLI-TECH	DocAlpha Invoice Capture Line Item (Technical)-NewMaintenance
01tWC00000DD1CwYAL	DM-WCU-RNM-DAOCNM	DocAlpha Output Connector-NewMaintenance
01tWC00000FBhxbYAD	DM-WCU-RNM-DAOCNM-TECH	DocAlpha Output Connector (Technical)-NewMaintenance
01tWC00000DD1GbYAL	DM-WCU-RNM-EMNM	Email Monitor-NewMaintenance
01tWC00000FCFZ6YAP	DM-WCU-RNM-EMNM-TECH	Email Monitor (Technical)-NewMaintenance
01tWC00000DCwVcYAL	DM-WCU-RNM-IBONEW	Imaging Barcode/OCR-NewMaintenance
01tWC00000FCFpDYAX	DM-WCU-RNM-IBONEW-TECH	Imaging Barcode/OCR (Technical)-NewMaintenance
01tWC00000DCwVZYA1	DM-WCU-RNM-IVLNEW	Image Viewer - Legacy-NewMaintenance
01tWC00000FCFpAYAX	DM-WCU-RNM-IVLNEW-TECH	Image Viewer - Legacy (Technical)-NewMaintenance
01tWC00000DD1drYAD	DM-WCU-RNM-SCANLN	Scan Workstation - Legacy-NewMaintenance
01tWC00000DD1duYAD	DM-WCU-RNM-SCANNE	Scan Workstation-NewMaintenance
01tWC00000DD1xQYAT	DM-WCU-RNM-WAINEW	Windows Application Integrator-NewMaintenance
01tWC00000DD1wiYAD	DM-WEB-RNM-WDDMNM	WebDocs Document Management-NewMaintenance
01tWC00000DD1wrYAD	DM-WEB-RNM-WDHNM	WebDocs Hosting-NewMaintenance
01tWC00000DD1wuYAD	DM-WEB-RNM-WDIMNM	WebDocs Invoice Manager-NewMaintenance
01tWC00000DD1wyYAD	DM-WEB-RNM-WDLNM	WebDocs Legacy-NewMaintenance
01tWC00000DD1wbYAD	DM-WEB-RNM-WDSLLN	WebDocs - SMB License - Legacy-NewMaintenance
01tWC00000DCwW4YAL	DM-WFM-RNM-INTENE	Integration Toolkit-NewMaintenance
01tWC00000FCFpKYAX	DM-WFM-RNM-INTENE-TECH	Integration Toolkit (Technical)-NewMaintenance
01tWC00000DD1xBYAT	DM-WFM-RNM-WEBFHN	WebForms Hosting-NewMaintenance
01tWC00000DD1xEYAT	DM-WFM-RNM-WEBFLN	WebForms Legacy-NewMaintenance
01tWC00000DD1x7YAD	DM-WFM-RNM-WEBFNE	WebForms-NewMaintenance
01tWC00000DD1xHYAT	DM-WFM-RNM-WEBFSM	WebForms SMB License-NewMaintenance
01tWC00000DD1wnYAD	DM-WFM-RNM-WFMNM	Webdocs Forms Management-NewMaintenance
01tWC00000DD1xMYAT	DM-WS-RNM-WEBSNE	WebSpool-NewMaintenance
01tWC00000DD15WYAT	DP-DC-RNM-CADCNE	CAD Classifier-NewMaintenance
01tWC00000FBK1DYAX	DP-DC-RNM-CADCNE-TECH	CAD Classifier (Technical)-NewMaintenance
01tWC00000DD16yYAD	DP-DC-RNM-CDMCCO	Classification for Desktop & Message Classification & Classification for Office Bundle-NewMaintenance
01tWC00000FBK1KYAX	DP-DC-RNM-CDMCCO-TECH	Classification for Desktop & Message Classification & Classification for Office Bundle (Technical)-NewMaintenance
01tWC00000DD20MYAT	DP-DC-RNM-CDMEBNM	Classification for Desktop & Message Classification Enterprise & Classification for Office Enterprise Bundle-NewMaintenance
01tWC00000FBK1vYAH	DP-DC-RNM-CDMEBNM-TECH	Classification for Desktop & Message Classification Enterprise & Classification for Office Enterprise Bundle (Technical)-NewMaintenance
01tWC00000DD16vYAD	DP-DC-RNM-CDNM	Classification for Desktop-NewMaintenance
01tWC00000FBK1HYAX	DP-DC-RNM-CDNM-TECH	Classification for Desktop (Technical)-NewMaintenance
01tWC00000DD17CYAT	DP-DC-RNM-CENM	Classifier Essentials-NewMaintenance
01tWC00000FBK1YYAX	DP-DC-RNM-CENM-TECH	Classifier Essentials (Technical)-NewMaintenance
01tWC00000DD17HYAT	DP-DC-RNM-CMANM	Classifier for McAfee-NewMaintenance
01tWC00000FBK1dYAH	DP-DC-RNM-CMANM-TECH	Classifier for McAfee (Technical)-NewMaintenance
01tWC00000DD175YAD	DP-DC-RNM-COCDBN	Classification for Office & Classification for Desktop Bundle-NewMaintenance
01tWC00000FBK1RYAX	DP-DC-RNM-COCDBN-TECH	Classification for Office & Classification for Desktop Bundle (Technical)-NewMaintenance
01tWC00000DD172YAD	DP-DC-RNM-CONM	Classification for Office-NewMaintenance
01tWC00000FBK1OYAX	DP-DC-RNM-CONM-TECH	Classification for Office (Technical)-NewMaintenance
01tWC00000DD20PYAT	DP-DC-RNM-COUMCBNM	Classification for Office Ultra & Message Classification Bundle-NewMaintenance
01tWC00000FBK1yYAH	DP-DC-RNM-COUMCBNM-TECH	Classification for Office Ultra & Message Classification Bundle (Technical)-NewMaintenance
01tWC00000DD178YAD	DP-DC-RNM-COUMCU	Classification for Office Ultra & Message Classification Ultra Bundle-NewMaintenance
01tWC00000FBK1UYAX	DP-DC-RNM-COUMCU-TECH	Classification for Office Ultra & Message Classification Ultra Bundle (Technical)-NewMaintenance
01tWC00000DD17LYAT	DP-DC-RNM-CRNM	Classifier Reporting-NewMaintenance
01tWC00000FBK1hYAH	DP-DC-RNM-CRNM-TECH	Classifier Reporting (Technical)-NewMaintenance
01tWC00000DD20xYAD	DP-DC-RNM-DCDARGNM	Fortra DCS for DaR (Data at rest) with DCS INTELLIGENT PROTECTION - Government-NewMaintenance
01tWC00000FBX8sYAH	DP-DC-RNM-DCDARGNM-TECH	Fortra DCS for DaR (Data at rest) with DCS INTELLIGENT PROTECTION - Government (Technical)-NewMaintenance
01tWC00000DD19cYAD	DP-DC-RNM-DCNM	Data Classification-NewMaintenance
01tWC00000FBK1lYAH	DP-DC-RNM-DCNM-TECH	Data Classification (Technical)-NewMaintenance
01tWC00000DD1ArYAL	DP-DC-RNM-DCSPNM	DCS Plus-NewMaintenance
01tWC00000FBX3QYAX	DP-DC-RNM-DCSPNM-TECH	DCS Plus (Technical)-NewMaintenance
01tWC00000DD1AlYAL	DP-DC-RNM-DCSWON	DCS for Windows and OWA-NewMaintenance
01tWC00000FBX3KYAX	DP-DC-RNM-DCSWON-TECH	DCS for Windows and OWA (Technical)-NewMaintenance
01tWC00000DD1AoYAL	DP-DC-RNM-DCSWSP	DCS for Windows and SharePoint MDS-NewMaintenance
01tWC00000FBX3NYAX	DP-DC-RNM-DCSWSP-TECH	DCS for Windows and SharePoint MDS (Technical)-NewMaintenance
01tWC00000DD1HpYAL	DP-DC-RNM-EXCHCN	Exchange Classifier-NewMaintenance
01tWC00000FBX3WYAX	DP-DC-RNM-EXCHCN-TECH	Exchange Classifier (Technical)-NewMaintenance
01tWC00000DD1JwYAL	DP-DC-RNM-FCSENM	Fortra Classifier Suite Essentials-NewMaintenance
01tWC00000FBX3aYAH	DP-DC-RNM-FCSENM-TECH	Fortra Classifier Suite Essentials (Technical)-NewMaintenance
01tWC00000DD1K0YAL	DP-DC-RNM-FCSPNM	Fortra Classifier Suite Plus-NewMaintenance
01tWC00000FBX3eYAH	DP-DC-RNM-FCSPNM-TECH	Fortra Classifier Suite Plus (Technical)-NewMaintenance
01tWC00000DD1KHYA1	DP-DC-RNM-FDAPNM	Fortra DCS Advanced Package-NewMaintenance
01tWC00000FBX88YAH	DP-DC-RNM-FDAPNM-TECH	Fortra DCS Advanced Package (Technical)-NewMaintenance
01tWC00000DD20RYAT	DP-DC-RNM-FDAUPGNM	Fortra DCS "Advance" ULTRA Package - Government-NewMaintenance
01tWC00000FBX3yYAH	DP-DC-RNM-FDAUPGNM-TECH	Fortra DCS "Advance" ULTRA Package - Government (Technical)-NewMaintenance
01tWC00000DD1KYYA1	DP-DC-RNM-FDDARN	Fortra DCS for Data at Rest-NewMaintenance
01tWC00000FBX8PYAX	DP-DC-RNM-FDDARN-TECH	Fortra DCS for Data at Rest (Technical)-NewMaintenance
01tWC00000DD1KSYA1	DP-DC-RNM-FDDRDA	Fortra DCS for DaR (Data at rest) with DCS INTELLIGENT PROTECTION-NewMaintenance
01tWC00000FBX8JYAX	DP-DC-RNM-FDDRDA-TECH	Fortra DCS for DaR (Data at rest) with DCS INTELLIGENT PROTECTION (Technical)-NewMaintenance
01tWC00000DD1KKYA1	DP-DC-RNM-FDEPNM	Fortra DCS Essential Package-NewMaintenance
01tWC00000FBX8BYAX	DP-DC-RNM-FDEPNM-TECH	Fortra DCS Essential Package (Technical)-NewMaintenance
01tWC00000DD1KOYA1	DP-DC-RNM-FDEUPN	Fortra DCS ESSENTIALS ULTRA PACKAGE-NewMaintenance
01tWC00000FBX8FYAX	DP-DC-RNM-FDEUPN-TECH	Fortra DCS ESSENTIALS ULTRA PACKAGE (Technical)-NewMaintenance
01tWC00000DD20TYAT	DP-DC-RNM-FDPUPGNM	Fortra DCS "Plus" ULTRA Package - Government-NewMaintenance
01tWC00000FBX40YAH	DP-DC-RNM-FDPUPGNM-TECH	Fortra DCS "Plus" ULTRA Package - Government (Technical)-NewMaintenance
01tWC00000DD1KBYA1	DP-DC-RNM-FDPUPN	Fortra DCS "Plus" ULTRA Package-NewMaintenance
01tWC00000FBX3oYAH	DP-DC-RNM-FDPUPN-TECH	Fortra DCS "Plus" ULTRA Package (Technical)-NewMaintenance
01tWC00000DD1K4YAL	DP-DC-RNM-FDUPN	Fortra DCS "Advance" ULTRA Package-NewMaintenance
01tWC00000FBX3iYAH	DP-DC-RNM-FDUPN-TECH	Fortra DCS "Advance" ULTRA Package (Technical)-NewMaintenance
01tWC00000DD1KbYAL	DP-DC-RNM-FMIONM	Fortra Mail for iOS-NewMaintenance
01tWC00000FBX8SYAX	DP-DC-RNM-FMIONM-TECH	Fortra Mail for iOS (Technical)-NewMaintenance
01tWC00000DD1QZYA1	DP-DC-RNM-MACCNE	Mac Classifier-NewMaintenance
01tWC00000FBX8WYAX	DP-DC-RNM-MACCNE-TECH	Mac Classifier (Technical)-NewMaintenance
01tWC00000DD20VYAT	DP-DC-RNM-MCCDBENM	Message Classification & Classification for Office & Classification for Desktop Bundle - Enterprise-NewMaintenance
01tWC00000FBX8oYAH	DP-DC-RNM-MCCDBENM-TECH	Message Classification & Classification for Office & Classification for Desktop Bundle - Enterprise (Technical)-NewMaintenance
01tWC00000DD20XYAT	DP-DC-RNM-MCCDBSNM	Message Classification & Classification for Office & Classification for Desktop Bundle - Standard-NewMaintenance
01tWC00000FBX8qYAH	DP-DC-RNM-MCCDBSNM-TECH	Message Classification & Classification for Office & Classification for Desktop Bundle - Standard (Technical)-NewMaintenance
01tWC00000DD1QtYAL	DP-DC-RNM-MCCOCD	Message Classification & Classification for Office & Classification for Desktop Bundle-NewMaintenance
01tWC00000FBX8cYAH	DP-DC-RNM-MCCOCD-TECH	Message Classification & Classification for Office & Classification for Desktop Bundle (Technical)-NewMaintenance
01tWC00000DD1QxYAL	DP-DC-RNM-MCCOEB	Message Classification & Classification for Office Enterprise Bundle-NewMaintenance
01tWC00000FBX8gYAH	DP-DC-RNM-MCCOEB-TECH	Message Classification & Classification for Office Enterprise Bundle (Technical)-NewMaintenance
01tWC00000DD1QqYAL	DP-DC-RNM-MCNM	Message Classification-NewMaintenance
01tWC00000FBX8ZYAX	DP-DC-RNM-MCNM-TECH	Message Classification (Technical)-NewMaintenance
01tWC00000DD1RRYA1	DP-DC-RNM-MOBICN	Mobile Classifier-NewMaintenance
01tWC00000FBX8jYAH	DP-DC-RNM-MOBICN-TECH	Mobile Classifier (Technical)-NewMaintenance
01tWC00000DD0A6YAL	DP-DC-RNM-NOTENE	Notes Classifier-NewMaintenance
01tWC00000FBXBdYAP	DP-DC-RNM-NOTENE-TECH	Notes Classifier (Technical)-NewMaintenance
01tWC00000DD1TwYAL	DP-DC-RNM-OWACNE	OWA Classifier-NewMaintenance
01tWC00000FBXBhYAP	DP-DC-RNM-OWACNE-TECH	OWA Classifier (Technical)-NewMaintenance
01tWC00000DD1aIYAT	DP-DC-RNM-PCANEW	Power Classifier for Admin-NewMaintenance
01tWC00000FBXBnYAP	DP-DC-RNM-PCANEW-TECH	Power Classifier for Admin (Technical)-NewMaintenance
01tWC00000DD1keYAD	DP-DC-RNM-SHARCN	SharePoint Classifier-NewMaintenance
01tWC00000FBXBuYAP	DP-DC-RNM-SHARCN-TECH	SharePoint Classifier (Technical)-NewMaintenance
01tWC00000DD1kiYAD	DP-DC-RNM-SHARMD	SharePoint MDS-NewMaintenance
01tWC00000FBXByYAP	DP-DC-RNM-SHARMD-TECH	SharePoint MDS (Technical)-NewMaintenance
01tWC00000DCxllYAD	DP-DC-RNM-TCESNM	Titus Classification Enterprise Suite-NewMaintenance
01tWC00000FBXBNYA5	DP-DC-RNM-TCESNM-TECH	Titus Classification Enterprise Suite (Technical)-NewMaintenance
01tWC00000DCxloYAD	DP-DC-RNM-TCMNM	Titus Classification for Mobile-NewMaintenance
01tWC00000FBXBQYA5	DP-DC-RNM-TCMNM-TECH	Titus Classification for Mobile (Technical)-NewMaintenance
01tWC00000DCxlsYAD	DP-DC-RNM-TCOFNM	Titus Classification for Office and Files-NewMaintenance
01tWC00000FBXBUYA5	DP-DC-RNM-TCOFNM-TECH	Titus Classification for Office and Files (Technical)-NewMaintenance
01tWC00000DD20zYAD	DP-DC-RNM-TCSIICNM	Titus Classification Suite, Illuminate and Ionic Connector-NewMaintenance
01tWC00000FBXC6YAP	DP-DC-RNM-TCSIICNM-TECH	Titus Classification Suite, Illuminate and Ionic Connector (Technical)-NewMaintenance
01tWC00000DCxlvYAD	DP-DC-RNM-TCSNM	Titus Classification Suite-NewMaintenance
01tWC00000FBXBXYA5	DP-DC-RNM-TCSNM-TECH	Titus Classification Suite (Technical)-NewMaintenance
01tWC00000DCxm1YAD	DP-DC-RNM-TLNNM	Titus for Lotus Notes-NewMaintenance
01tWC00000FBXmYYAX	DP-DC-RNM-TLNNM-TECH	Titus for Lotus Notes (Technical)-NewMaintenance
01tWC00000DCxm4YAD	DP-DC-RNM-TMCNM	Titus Message Classification-NewMaintenance
01tWC00000FBXmbYAH	DP-DC-RNM-TMCNM-TECH	Titus Message Classification (Technical)-NewMaintenance
01tWC00000DCxlhYAD	DP-DC-RNM-TNM	Titus-NewMaintenance
01tWC00000FBXBJYA5	DP-DC-RNM-TNM-TECH	Titus (Technical)-NewMaintenance
01tWC00000DD15aYAD	DP-DCL-RNM-CAPANE	Capability Checker-NewMaintenance
01tWC00000FBXuTYAX	DP-DCL-RNM-CAPANE-TECH	Capability Checker (Technical)-NewMaintenance
01tWC00000DD1DcYAL	DP-DCL-RNM-DRAFNE	Draft & Release-NewMaintenance
01tWC00000FBXuWYAX	DP-DCL-RNM-DRAFNE-TECH	Draft & Release (Technical)-NewMaintenance
01tWC00000DD1DkYAL	DP-DCL-RNM-ETRANE	E-tracker-NewMaintenance
01tWC00000FBXuZYAX	DP-DCL-RNM-ETRANE-TECH	E-tracker (Technical)-NewMaintenance
01tWC00000DD1HmYAL	DP-DCL-RNM-EXCHNM	Exchange Capability Checker-NewMaintenance
01tWC00000FBXucYAH	DP-DCL-RNM-EXCHNM-TECH	Exchange Capability Checker (Technical)-NewMaintenance
01tWC00000DD1JgYAL	DP-DCL-RNM-FIRENE	Fire and Forget-NewMaintenance
01tWC00000FBXufYAH	DP-DCL-RNM-FIRENE-TECH	Fire and Forget (Technical)-NewMaintenance
01tWC00000DD1JrYAL	DP-DCL-RNM-FORMNM	Forms-NewMaintenance
01tWC00000FBXuiYAH	DP-DCL-RNM-FORMNM-TECH	Forms (Technical)-NewMaintenance
01tWC00000DD1dXYAT	DP-DCL-RNM-SAFENE	SAFEmail Suite-NewMaintenance
01tWC00000FBXulYAH	DP-DCL-RNM-SAFENE-TECH	SAFEmail Suite (Technical)-NewMaintenance
01tWC00000DD13VYAT	DP-DLP-RNM-ATPNEW	ATP-NewMaintenance
01tWC00000FBXxmYAH	DP-DLP-RNM-ATPNEW-TECH	ATP (Technical)-NewMaintenance
01tWC00000DD1BhYAL	DP-DLP-RNM-DGDMCN	DG Management Console-NewMaintenance
01tWC00000FBXy5YAH	DP-DLP-RNM-DGDMCN-TECH	DG Management Console (Technical)-NewMaintenance
01tWC00000FBXy9YAH	DP-DLP-RNM-DGDNDL-TECH	DG NDLP Appliance (Technical)-NewMaintenance
01tWC00000DD1BpYAL	DP-DLP-RNM-DGDVMN	DG VM-NewMaintenance
01tWC00000FBXyDYAX	DP-DLP-RNM-DGDVMN-TECH	DG VM (Technical)-NewMaintenance
01tWC00000DD1BuYAL	DP-DLP-RNM-DGPNM	Digital Guardian Platinum-NewMaintenance
01tWC00000FBXyHYAX	DP-DLP-RNM-DGPNM-TECH	Digital Guardian Platinum (Technical)-NewMaintenance
01tWC00000DD1CAYA1	DP-DLP-RNM-DLPNEW	DLP-NewMaintenance
01tWC00000FBXyNYAX	DP-DLP-RNM-DLPNEW-TECH	DLP (Technical)-NewMaintenance
01tWC00000DD1A4YAL	DP-DLP-RNM-DPNM	Data Protection-NewMaintenance
01tWC00000FBXxvYAH	DP-DLP-RNM-DPNM-TECH	Data Protection (Technical)-NewMaintenance
01tWC00000DD1DgYAL	DP-DLP-RNM-DVCNEW	DV&C-NewMaintenance
01tWC00000FBY0KYAX	DP-DLP-RNM-DVCNEW-TECH	DV&C (Technical)-NewMaintenance
01tWC00000DCwWOYA1	DP-DLP-RNM-INVENE	Investigation Module-NewMaintenance
01tWC00000FBY06YAH	DP-DLP-RNM-INVENE-TECH	Investigation Module (Technical)-NewMaintenance
01tWC00000DCxldYAD	DP-DLP-RNM-THRENE	Threat Aware-NewMaintenance
01tWC00000FBY0AYAX	DP-DLP-RNM-THRENE-TECH	Threat Aware (Technical)-NewMaintenance
01tWC00000DD1vfYAD	DP-DLP-RNM-UCNM	User Classification-NewMaintenance
01tWC00000FBY0vYAH	DP-DLP-RNM-UCNM-TECH	User Classification (Technical)-NewMaintenance
01tWC00000DD1ByYAL	ES-SEG-RNM-DRMEGP	Digital Rights Management for Email Gateway (Powered by Seclore)-NewMaintenance
01tWC00000FBYShYAP	ES-SEG-RNM-DRMEGP-TECH	Digital Rights Management for Email Gateway (Powered by Seclore) (Technical)-NewMaintenance
01tWC00000DD1A9YAL	ES-SEG-RNM-DRSEGN	Data Redaction For Secure Email Gateway-NewMaintenance
01tWC00000FBYSdYAP	ES-SEG-RNM-DRSEGN-TECH	Data Redaction For Secure Email Gateway (Technical)-NewMaintenance
01tWC00000DD1D8YAL	ES-SEG-RNM-DSSEGN	Document Sanitization For SECURE Email Gateway-NewMaintenance
01tWC00000FBYSlYAP	ES-SEG-RNM-DSSEGN-TECH	Document Sanitization For SECURE Email Gateway (Technical)-NewMaintenance
01tWC00000FBYSrYAP	ES-SEG-RNM-ESNM-TECH	Email Security (Technical)-NewMaintenance
01tWC00000DCwVlYAL	ES-SEG-RNM-IGSRNM	Information Governance Server (Registrars)-NewMaintenance
01tWC00000FBYSMYA5	ES-SEG-RNM-IGSRNM-TECH	Information Governance Server (Registrars) (Technical)-NewMaintenance
01tWC00000DCwWcYAL	ES-SEG-RNM-IPIPNE	iPhone/iPad PMM Feature For SECURE Email Gateway-NewMaintenance
01tWC00000FBYSQYA5	ES-SEG-RNM-IPIPNE-TECH	iPhone/iPad PMM Feature For SECURE Email Gateway (Technical)-NewMaintenance
01tWC00000DD0AbYAL	ES-SEG-RNM-OCRF	OCR Feature For Information Governance Server-NewMaintenance
01tWC00000FBYSUYA5	ES-SEG-RNM-OCRF-TECH	OCR Feature For Information Governance Server (Technical)-NewMaintenance
01tWC00000DD0AfYAL	ES-SEG-RNM-OFSM	OCR Feature For SECURE Email Gateway-NewMaintenance
01tWC00000FBYSYYA5	ES-SEG-RNM-OFSM-TECH	OCR Feature For SECURE Email Gateway (Technical)-NewMaintenance
01tWC00000DD1TnYAL	ES-SEG-RNM-ORGPNE	ORG PERP SECURE Email Gateway-NewMaintenance
01tWC00000FBYXHYA5	ES-SEG-RNM-ORGPNE-TECH	ORG PERP SECURE Email Gateway (Technical)-NewMaintenance
01tWC00000DD1e5YAD	ES-SEG-RNM-SECURE	SECURE Email Gateway-NewMaintenance
01tWC00000FBYXMYA5	ES-SEG-RNM-SECURE-TECH	SECURE Email Gateway (Technical)-NewMaintenance
01tWC00000DD1e9YAD	ES-SEG-RNM-SEEM	SECURE Email Gateway Advanced Security Package-NewMaintenance
01tWC00000FBYXQYA5	ES-SEG-RNM-SEEM-TECH	SECURE Email Gateway Advanced Security Package (Technical)-NewMaintenance
01tWC00000DD1eHYAT	ES-SEG-RNM-SEMAIL	SECURE Email Gateway Essential Security Package-NewMaintenance
01tWC00000FBYXYYA5	ES-SEG-RNM-SEMAIL-TECH	SECURE Email Gateway Essential Security Package (Technical)-NewMaintenance
01tWC00000DD1eDYAT	ES-SEG-RNM-SENM	SECURE Email Gateway Elite Security Package-NewMaintenance
01tWC00000FBYXUYA5	ES-SEG-RNM-SENM-TECH	SECURE Email Gateway Elite Security Package (Technical)-NewMaintenance
01tWC00000DD1loYAD	ES-SEG-RNM-SSSEGN	Structural Sanitization For SECURE Email Gateway-NewMaintenance
01tWC00000FBYXcYAP	ES-SEG-RNM-SSSEGN-TECH	Structural Sanitization For SECURE Email Gateway (Technical)-NewMaintenance
01tWC00000DD1tpYAD	ES-SEG-RNM-TCSENE	TrustCenter For SECURE Email Gateway-NewMaintenance
01tWC00000FBYXgYAP	ES-SEG-RNM-TCSENE-TECH	TrustCenter For SECURE Email Gateway (Technical)-NewMaintenance
01tWC00000DD1ALYA1	ES-SIG-RNM-DATAR	Data Redaction For SECURE ICAP Gateway Per Instance-NewMaintenance
01tWC00000FBYdhYAH	ES-SIG-RNM-DATAR-TECH	Data Redaction For SECURE ICAP Gateway Per Instance (Technical)-NewMaintenance
01tWC00000DD1DKYA1	ES-SIG-RNM-DONM	Document Sanitization For SECURE ICAP Gateway Per Instance-NewMaintenance
01tWC00000FBYdpYAH	ES-SIG-RNM-DONM-TECH	Document Sanitization For SECURE ICAP Gateway Per Instance (Technical)-NewMaintenance
01tWC00000DD1AHYA1	ES-SIG-RNM-DRSIGN	Data Redaction For SECURE ICAP Gateway-NewMaintenance
01tWC00000FBYddYAH	ES-SIG-RNM-DRSIGN-TECH	Data Redaction For SECURE ICAP Gateway (Technical)-NewMaintenance
01tWC00000DD1DGYA1	ES-SIG-RNM-DSSIGN	Document Sanitization For SECURE ICAP Gateway-NewMaintenance
01tWC00000FBYdlYAH	ES-SIG-RNM-DSSIGN-TECH	Document Sanitization For SECURE ICAP Gateway (Technical)-NewMaintenance
01tWC00000DD1TRYA1	ES-SIG-RNM-OCRFE	OCR Feature For SECURE ICAP Gateway-NewMaintenance
01tWC00000FBYdrYAH	ES-SIG-RNM-OCRFE-TECH	OCR Feature For SECURE ICAP Gateway (Technical)-NewMaintenance
01tWC00000DD1TZYA1	ES-SIG-RNM-OCRS	OCR For SECURE ICAP Gateway Per Instance-NewMaintenance
01tWC00000FBYdvYAH	ES-SIG-RNM-OCRS-TECH	OCR For SECURE ICAP Gateway Per Instance (Technical)-NewMaintenance
01tWC00000DD1enYAD	ES-SIG-RNM-SECICA	SECURE ICAP Gateway Advanced Security Package Per User-NewMaintenance
01tWC00000FBYe7YAH	ES-SIG-RNM-SECICA-TECH	SECURE ICAP Gateway Advanced Security Package Per User (Technical)-NewMaintenance
01tWC00000DD1ejYAD	ES-SIG-RNM-SECURI	SECURE ICAP Gateway Advanced Security Package Per Instance-NewMaintenance
01tWC00000FBYe3YAH	ES-SIG-RNM-SECURI-TECH	SECURE ICAP Gateway Advanced Security Package Per Instance (Technical)-NewMaintenance
01tWC00000DD1evYAD	ES-SIG-RNM-SEICAG	SECURE ICAP Gateway Elite Security Package Per User-NewMaintenance
01tWC00000FBYeFYAX	ES-SIG-RNM-SEICAG-TECH	SECURE ICAP Gateway Elite Security Package Per User (Technical)-NewMaintenance
01tWC00000DD1ezYAD	ES-SIG-RNM-SEICGA	SECURE ICAP Gateway Essential Security Package Per Instance-NewMaintenance
01tWC00000FBYeJYAX	ES-SIG-RNM-SEICGA-TECH	SECURE ICAP Gateway Essential Security Package Per Instance (Technical)-NewMaintenance
01tWC00000DD1f7YAD	ES-SIG-RNM-SEICGP	SECURE ICAP Gateway Per Instance-NewMaintenance
01tWC00000FBYiTYAX	ES-SIG-RNM-SEICGP-TECH	SECURE ICAP Gateway Per Instance (Technical)-NewMaintenance
01tWC00000DD1erYAD	ES-SIG-RNM-SICAP	SECURE ICAP Gateway Elite Security Package Per Instance-NewMaintenance
01tWC00000FBYeBYAX	ES-SIG-RNM-SICAP-TECH	SECURE ICAP Gateway Elite Security Package Per Instance (Technical)-NewMaintenance
01tWC00000DD1f3YAD	ES-SIG-RNM-SICGES	SECURE ICAP Gateway Essential Security Package Per User-NewMaintenance
01tWC00000FBYeNYAX	ES-SIG-RNM-SICGES-TECH	SECURE ICAP Gateway Essential Security Package Per User (Technical)-NewMaintenance
01tWC00000DD1efYAD	ES-SIG-RNM-SIGM	SECURE ICAP Gateway-NewMaintenance
01tWC00000FBYdzYAH	ES-SIG-RNM-SIGM-TECH	SECURE ICAP Gateway (Technical)-NewMaintenance
01tWC00000DD1lwYAD	ES-SIG-RNM-SSSICA	Structural Sanitization For SECURE ICAP Gateway-NewMaintenance
01tWC00000FBYiXYAX	ES-SIG-RNM-SSSICA-TECH	Structural Sanitization For SECURE ICAP Gateway (Technical)-NewMaintenance
01tWC00000DD1m0YAD	ES-SIG-RNM-SSSICG	Structural Sanitization For SECURE ICAP Gateway Per Instance-NewMaintenance
01tWC00000FBYibYAH	ES-SIG-RNM-SSSICG-TECH	Structural Sanitization For SECURE ICAP Gateway Per Instance (Technical)-NewMaintenance
01tWC00000DD1APYA1	ES-SWG-RNM-DRSWGN	Data Redaction For SECURE Web Gateway-NewMaintenance
01tWC00000FBYk5YAH	ES-SWG-RNM-DRSWGN-TECH	Data Redaction For SECURE Web Gateway (Technical)-NewMaintenance
01tWC00000DD1DMYA1	ES-SWG-RNM-DSSWGN	Document Sanitization For SECURE Web Gateway-NewMaintenance
01tWC00000FBYk9YAH	ES-SWG-RNM-DSSWGN-TECH	Document Sanitization For SECURE Web Gateway (Technical)-NewMaintenance
01tWC00000DD1PuYAL	ES-SWG-RNM-HTTPSF	HTTPS Feature for SECURE Web Gateway-NewMaintenance
01tWC00000FBYkDYAX	ES-SWG-RNM-HTTPSF-TECH	HTTPS Feature for SECURE Web Gateway (Technical)-NewMaintenance
01tWC00000DD1TVYA1	ES-SWG-RNM-OCRFS	OCR Feature For SECURE Web Gateway-NewMaintenance
01tWC00000FBYkGYAX	ES-SWG-RNM-OCRFS-TECH	OCR Feature For SECURE Web Gateway (Technical)-NewMaintenance
01tWC00000DD1fFYAT	ES-SWG-RNM-SECURW	SECURE Web Gateway Advanced Security Package-NewMaintenance
01tWC00000FBYkPYAX	ES-SWG-RNM-SECURW-TECH	SECURE Web Gateway Advanced Security Package (Technical)-NewMaintenance
01tWC00000DD1fNYAT	ES-SWG-RNM-SEWEBG	SECURE Web Gateway Essential Security Package-NewMaintenance
01tWC00000FBYkXYAX	ES-SWG-RNM-SEWEBG-TECH	SECURE Web Gateway Essential Security Package (Technical)-NewMaintenance
01tWC00000DD1m2YAD	ES-SWG-RNM-SSSWGN	Structural Sanitization For SECURE Web Gateway-NewMaintenance
01tWC00000FBYkbYAH	ES-SWG-RNM-SSSWGN-TECH	Structural Sanitization For SECURE Web Gateway (Technical)-NewMaintenance
01tWC00000DD1fJYAT	ES-SWG-RNM-SWEB	SECURE Web Gateway Elite Security Package-NewMaintenance
01tWC00000FBYkTYAX	ES-SWG-RNM-SWEB-TECH	SECURE Web Gateway Elite Security Package (Technical)-NewMaintenance
01tWC00000DD1fBYAT	ES-SWG-RNM-SWGM	SECURE Web Gateway-NewMaintenance
01tWC00000FBYkLYAX	ES-SWG-RNM-SWGM-TECH	SECURE Web Gateway (Technical)-NewMaintenance
01tWC00000DD1ADYA1	ES-SXG-RNM-DRSM	Data Redaction For SECURE Exchange Gateway-NewMaintenance
01tWC00000FBYYrYAP	ES-SXG-RNM-DRSM-TECH	Data Redaction For SECURE Exchange Gateway (Technical)-NewMaintenance
01tWC00000DD1DCYA1	ES-SXG-RNM-DSSM	Document Sanitization For SECURE Exchange Gateway-NewMaintenance
01tWC00000FBYYvYAP	ES-SXG-RNM-DSSM-TECH	Document Sanitization For SECURE Exchange Gateway (Technical)-NewMaintenance
01tWC00000DD0AjYAL	ES-SXG-RNM-OCNM	OCR Feature For SECURE Exchange Gateway-NewMaintenance
01tWC00000FBYYnYAP	ES-SXG-RNM-OCNM-TECH	OCR Feature For SECURE Exchange Gateway (Technical)-NewMaintenance
01tWC00000DD1eXYAT	ES-SXG-RNM-SEEGAE	SECURE Exchange Gateway Essential Security Package-NewMaintenance
01tWC00000FBYZBYA5	ES-SXG-RNM-SEEGAE-TECH	SECURE Exchange Gateway Essential Security Package (Technical)-NewMaintenance
01tWC00000DD1eLYAT	ES-SXG-RNM-SEEX	SECURE Exchange Gateway-NewMaintenance
01tWC00000FBYYzYAP	ES-SXG-RNM-SEEX-TECH	SECURE Exchange Gateway (Technical)-NewMaintenance
01tWC00000DD1eTYAT	ES-SXG-RNM-SEXCGA	SECURE Exchange Gateway Elite Security Package-NewMaintenance
01tWC00000FBYZ7YAP	ES-SXG-RNM-SEXCGA-TECH	SECURE Exchange Gateway Elite Security Package (Technical)-NewMaintenance
01tWC00000DD1ePYAT	ES-SXG-RNM-SEXCHA	SECURE Exchange Gateway Advanced Security Package-NewMaintenance
01tWC00000FBYZ3YAP	ES-SXG-RNM-SEXCHA-TECH	SECURE Exchange Gateway Advanced Security Package (Technical)-NewMaintenance
01tWC00000DD1lsYAD	ES-SXG-RNM-SSSEXC	Structural Sanitization For SECURE Exchange Gateway-NewMaintenance
01tWC00000FBYZFYA5	ES-SXG-RNM-SSSEXC-TECH	Structural Sanitization For SECURE Exchange Gateway (Technical)-NewMaintenance
01tWC00000DD211YAD	FIM-FIM-RNM-CCMEVNM	CCM - EVAL-NewMaintenance
01tWC00000FBYsuYAH	FIM-FIM-RNM-CCMEVNM-TECH	CCM - EVAL (Technical)-NewMaintenance
01tWC00000DD16DYAT	FIM-FIM-RNM-CCMLMS	CCM Limited Management Server-NewMaintenance
01tWC00000FBYsRYAX	FIM-FIM-RNM-CCMLMS-TECH	CCM Limited Management Server (Technical)-NewMaintenance
01tWC00000FBYsVYAX	FIM-FIM-RNM-CCMLSE-TECH	CCM Limited Scan Engine (Technical)-NewMaintenance
01tWC00000DD16LYAT	FIM-FIM-RNM-CCMMSN	CCM Management Server-NewMaintenance
01tWC00000FBYsZYAX	FIM-FIM-RNM-CCMMSN-TECH	CCM Management Server (Technical)-NewMaintenance
01tWC00000DD15rYAD	FIM-FIM-RNM-CCMNDN	CCM for Network Devices-NewMaintenance
01tWC00000FBYsBYAX	FIM-FIM-RNM-CCMNDN-TECH	CCM for Network Devices (Technical)-NewMaintenance
01tWC00000DD16QYAT	FIM-FIM-RNM-CCMSEN	CCM Scan Engine-NewMaintenance
01tWC00000FBYseYAH	FIM-FIM-RNM-CCMSEN-TECH	CCM Scan Engine (Technical)-NewMaintenance
01tWC00000DD161YAD	FIM-FIM-RNM-CCMSIN	CCM for Single Purpose Devices-NewMaintenance
01tWC00000FBYsJYAX	FIM-FIM-RNM-CCMSIN-TECH	CCM for Single Purpose Devices (Technical)-NewMaintenance
01tWC00000DD15wYAD	FIM-FIM-RNM-CCMSNM	CCM for Servers-NewMaintenance
01tWC00000FBYsFYAX	FIM-FIM-RNM-CCMSNM-TECH	CCM for Servers (Technical)-NewMaintenance
01tWC00000DD166YAD	FIM-FIM-RNM-CCMWNM	CCM for Workstations-NewMaintenance
01tWC00000FBYsNYAX	FIM-FIM-RNM-CCMWNM-TECH	CCM for Workstations (Technical)-NewMaintenance
01tWC00000DD220YAD	FIM-FIM-RNM-CSEENM	CCM - Scan Engine - EVAL-NewMaintenance
01tWC00000FBYsvYAH	FIM-FIM-RNM-CSEENM-TECH	CCM - Scan Engine - EVAL (Technical)-NewMaintenance
01tWC00000DD20aYAD	FIM-FIM-RNM-DEENM	DP Ev - EVAL-NewMaintenance
01tWC00000FBZDuYAP	FIM-FIM-RNM-DEENM-TECH	DP Ev - EVAL (Technical)-NewMaintenance
01tWC00000FBZDLYA5	FIM-FIM-RNM-DPEENM-TECH	Device Profiler Ev Express (Technical)-NewMaintenance
01tWC00000DD1BVYA1	FIM-FIM-RNM-DPELNM	Device Profiler Ev Limited-NewMaintenance
01tWC00000FBZDPYA5	FIM-FIM-RNM-DPELNM-TECH	Device Profiler Ev Limited (Technical)-NewMaintenance
01tWC00000DD1BNYA1	FIM-FIM-RNM-DPENEW	Device Profiler Ev-NewMaintenance
01tWC00000FBZDHYA5	FIM-FIM-RNM-DPENEW-TECH	Device Profiler Ev (Technical)-NewMaintenance
01tWC00000DD1BZYA1	FIM-FIM-RNM-DPENTU	Device Profiler Ev Non-Transferable Unlimited Use-NewMaintenance
01tWC00000FBZDTYA5	FIM-FIM-RNM-DPENTU-TECH	Device Profiler Ev Non-Transferable Unlimited Use (Technical)-NewMaintenance
01tWC00000DD213YAD	FIM-FIM-RNM-FENM	FORTRAVM - EVAL-NewMaintenance
01tWC00000FBZPuYAP	FIM-FIM-RNM-FENM-TECH	FORTRAVM - EVAL (Technical)-NewMaintenance
01tWC00000DD1HwYAL	FIM-FIM-RNM-FIMDES	File Integrity Manager for Desktops-NewMaintenance
01tWC00000FBZDbYAP	FIM-FIM-RNM-FIMDES-TECH	File Integrity Manager for Desktops (Technical)-NewMaintenance
01tWC00000DD1HsYAL	FIM-FIM-RNM-FIMDNM	File Integrity Manager for Databases-NewMaintenance
01tWC00000FBZDXYA5	FIM-FIM-RNM-FIMDNM-TECH	File Integrity Manager for Databases (Technical)-NewMaintenance
01tWC00000DD1I0YAL	FIM-FIM-RNM-FIMDSN	File Integrity Manager for Directory Services-NewMaintenance
01tWC00000FBZDfYAP	FIM-FIM-RNM-FIMDSN-TECH	File Integrity Manager for Directory Services (Technical)-NewMaintenance
01tWC00000DD1I4YAL	FIM-FIM-RNM-FIMFSN	File Integrity Manager for File Systems-NewMaintenance
01tWC00000FBZDjYAP	FIM-FIM-RNM-FIMFSN-TECH	File Integrity Manager for File Systems (Technical)-NewMaintenance
01tWC00000DD1I8YAL	FIM-FIM-RNM-FIMLSU	File Integrity Manager for Large Stores (up to 75 FIM-FS)-NewMaintenance
01tWC00000DD1IBYA1	FIM-FIM-RNM-FIMLSW	File Integrity Manager for Large Stores w/ND & DB (up to 75 FS, 75 ND & 1 DB)-NewMaintenance
01tWC00000FBZPGYA5	FIM-FIM-RNM-FIMLSW-TECH	File Integrity Manager for Large Stores w/ND & DB (up to 75 FS, 75 ND & 1 DB) (Technical)-NewMaintenance
01tWC00000DD1JdYAL	FIM-FIM-RNM-FIMMNE	FIM for Mid-Size Stores w/ND & DB (up to 20 FS, 20 ND & 1 DB)-NewMaintenance
01tWC00000FBZPmYAP	FIM-FIM-RNM-FIMMNE-TECH	FIM for Mid-Size Stores w/ND & DB (up to 20 FS, 20 ND & 1 DB) (Technical)-NewMaintenance
01tWC00000DD1IEYA1	FIM-FIM-RNM-FIMMSS	File Integrity Manager for Mid-Size Stores (up to 20 FS)-NewMaintenance
01tWC00000FBZPJYA5	FIM-FIM-RNM-FIMMSS-TECH	File Integrity Manager for Mid-Size Stores (up to 20 FS) (Technical)-NewMaintenance
01tWC00000FBZPNYA5	FIM-FIM-RNM-FIMNDN-TECH	File Integrity Manager for Network Devices (Technical)-NewMaintenance
01tWC00000DD1INYA1	FIM-FIM-RNM-FIMPEP	File Integrity Manager for POS End Point Systems-NewMaintenance
01tWC00000FBZPSYA5	FIM-FIM-RNM-FIMPEP-TECH	File Integrity Manager for POS End Point Systems (Technical)-NewMaintenance
01tWC00000DD1ISYA1	FIM-FIM-RNM-FIMPSN	File Integrity Manager for POS Servers-NewMaintenance
01tWC00000FBZPXYA5	FIM-FIM-RNM-FIMPSN-TECH	File Integrity Manager for POS Servers (Technical)-NewMaintenance
01tWC00000DD1IWYA1	FIM-FIM-RNM-FIMSSU	File Integrity Manager for Small Stores (up to 5 FIM-FS)-NewMaintenance
01tWC00000FBZPbYAP	FIM-FIM-RNM-FIMSSU-TECH	File Integrity Manager for Small Stores (up to 5 FIM-FS) (Technical)-NewMaintenance
01tWC00000DD1IZYA1	FIM-FIM-RNM-FIMSSW	File Integrity Manager for Small Stores w/ND & DB (up to 5 FS, 5 ND & 1 DB)-NewMaintenance
01tWC00000FBZPeYAP	FIM-FIM-RNM-FIMSSW-TECH	File Integrity Manager for Small Stores w/ND & DB (up to 5 FS, 5 ND & 1 DB) (Technical)-NewMaintenance
01tWC00000DD1IdYAL	FIM-FIM-RNM-FIMVEN	File Integrity Manager for VMware ESX-NewMaintenance
01tWC00000FBZPiYAP	FIM-FIM-RNM-FIMVEN-TECH	File Integrity Manager for VMware ESX (Technical)-NewMaintenance
01tWC00000DD20cYAD	FIM-FIM-RNM-IENM	IP360 - EVAL-NewMaintenance
01tWC00000FBZPsYAP	FIM-FIM-RNM-IENM-TECH	IP360 - EVAL (Technical)-NewMaintenance
01tWC00000DCwWUYA1	FIM-FIM-RNM-IP36NE	IP360-NewMaintenance
01tWC00000FBZPCYA5	FIM-FIM-RNM-IP36NE-TECH	IP360 (Technical)-NewMaintenance
01tWC00000DCwWYYA1	FIM-FIM-RNM-IP36TB	IP360 - Term Based-NewMaintenance
01tWC00000FBZYsYAP	FIM-FIM-RNM-IP36TB-TECH	IP360 - Term Based (Technical)-NewMaintenance
01tWC00000DD1V5YAL	FIM-FIM-RNM-PMDNM	Policy Manager for Desktops-NewMaintenance
01tWC00000FBZYxYAP	FIM-FIM-RNM-PMDNM-TECH	Policy Manager for Desktops (Technical)-NewMaintenance
01tWC00000DD1VAYA1	FIM-FIM-RNM-PMFSNM	Policy Manager for File Systems-NewMaintenance
01tWC00000FBZZ2YAP	FIM-FIM-RNM-PMFSNM-TECH	Policy Manager for File Systems (Technical)-NewMaintenance
01tWC00000DD1ZvYAL	FIM-FIM-RNM-PMNDNM	Policy Manager for Network Devices-NewMaintenance
01tWC00000FBZZ7YAP	FIM-FIM-RNM-PMNDNM-TECH	Policy Manager for Network Devices (Technical)-NewMaintenance
01tWC00000DD1a5YAD	FIM-FIM-RNM-PMPSNM	Policy Manager for POS Servers-NewMaintenance
01tWC00000FBZZHYA5	FIM-FIM-RNM-PMPSNM-TECH	Policy Manager for POS Servers (Technical)-NewMaintenance
01tWC00000DD1aAYAT	FIM-FIM-RNM-PMVENM	Policy Manager for VMware ESX-NewMaintenance
01tWC00000FBZZMYA5	FIM-FIM-RNM-PMVENM-TECH	Policy Manager for VMware ESX (Technical)-NewMaintenance
01tWC00000DD1a0YAD	FIM-FIM-RNM-POLICY	Policy Manager for POS End Point Systems-NewMaintenance
01tWC00000FBZZCYA5	FIM-FIM-RNM-POLICY-TECH	Policy Manager for POS End Point Systems (Technical)-NewMaintenance
01tWC00000DCxkqYAD	FIM-FIM-RNM-TACADE	TE Academic Institution Site License - File Systems-NewMaintenance
01tWC00000FBYisYAH	FIM-FIM-RNM-TACWIN-TECH	Tripwire App - Custom Workflow Integration for Nozomi - Utility (Technical)-NewMaintenance
01tWC00000DD1gRYAT	FIM-FIM-RNM-TADM	Tripwire App - Dynamic Software Reconciliation - Utility-NewMaintenance
01tWC00000FBYiyYAH	FIM-FIM-RNM-TADM-TECH	Tripwire App - Dynamic Software Reconciliation - Utility (Technical)-NewMaintenance
01tWC00000DD1gbYAD	FIM-FIM-RNM-TAESUN	Tripwire App - Event Sender - Utility-NewMaintenance
01tWC00000FBYj7YAH	FIM-FIM-RNM-TAESUN-TECH	Tripwire App - Event Sender - Utility (Technical)-NewMaintenance
01tWC00000DD1h2YAD	FIM-FIM-RNM-TAPTEI	Tripwire App - TE Integration Framework - Remedy - Utility-NewMaintenance
01tWC00000DD1hBYAT	FIM-FIM-RNM-TATBEU	Tripwire App - Term Based Enterprise Utility License-NewMaintenance
01tWC00000DD1h7YAD	FIM-FIM-RNM-TATEIF	Tripwire App - TE Integration Framework - ServiceNow - Utility-NewMaintenance
01tWC00000DD1ggYAD	FIM-FIM-RNM-TATM	Tripwire App - TE Integration Framework - CA Service Desk - Utility-NewMaintenance
01tWC00000FBYjBYAX	FIM-FIM-RNM-TATM-TECH	Tripwire App - TE Integration Framework - CA Service Desk - Utility (Technical)-NewMaintenance
01tWC00000DD1hGYAT	FIM-FIM-RNM-TAWPUN	Tripwire App - Whitelist Profiler - Utility-NewMaintenance
01tWC00000DD214YAD	FIM-FIM-RNM-TCLNM	Tripwire Connect Local-NewMaintenance
01tWC00000DD1hJYAT	FIM-FIM-RNM-TCUUNM	Tripwire CCM Unlimited Use-NewMaintenance
01tWC00000DD1noYAD	FIM-FIM-RNM-TDNM	Tripwire for Databases-NewMaintenance
01tWC00000DD1nsYAD	FIM-FIM-RNM-TDSNM	Tripwire for Directory Services-NewMaintenance
01tWC00000DD1mdYAD	FIM-FIM-RNM-TEA	TE Academic Institution Site License - Database-NewMaintenance
01tWC00000FBZZVYA5	FIM-FIM-RNM-TEA-TECH	TE Academic Institution Site License - Database (Technical)-NewMaintenance
01tWC00000DD1mgYAD	FIM-FIM-RNM-TEAC	TE Academic Institution Site License - Desktop-NewMaintenance
01tWC00000FBZZYYA5	FIM-FIM-RNM-TEAC-TECH	TE Academic Institution Site License - Desktop (Technical)-NewMaintenance
01tWC00000DCxkuYAD	FIM-FIM-RNM-TEAIN	TE Academic Institution Site License - Network Device-NewMaintenance
01tWC00000FBYidYAH	FIM-FIM-RNM-TEAIN-TECH	TE Academic Institution Site License - Network Device (Technical)-NewMaintenance
01tWC00000DCxkxYAD	FIM-FIM-RNM-TEAINS	TE Academic Institution Site License - VMWare ESX-NewMaintenance
01tWC00000FBYigYAH	FIM-FIM-RNM-TEAINS-TECH	TE Academic Institution Site License - VMWare ESX (Technical)-NewMaintenance
01tWC00000DD20eYAD	FIM-FIM-RNM-TECMBENM	Tripwire Enterprise Console - MySQL Backend - EVAL-NewMaintenance
01tWC00000DD1hUYAT	FIM-FIM-RNM-TECNM	Tripwire Enterprise Console-NewMaintenance
01tWC00000DD20kYAD	FIM-FIM-RNM-TEDENM	Tripwire Enterprise for Desktops - EVAL-NewMaintenance
01tWC00000DD20gYAD	FIM-FIM-RNM-TEDEVNM	Tripwire Enterprise for Databases - EVAL-NewMaintenance
01tWC00000DD1hlYAD	FIM-FIM-RNM-TEDM	Tripwire Enterprise for Desktops-NewMaintenance
01tWC00000DD1heYAD	FIM-FIM-RNM-TEDNM	Tripwire Enterprise for Databases-NewMaintenance
01tWC00000DD20iYAD	FIM-FIM-RNM-TEDSENM	Tripwire Enterprise for Directory Services - EVAL-NewMaintenance
01tWC00000DD1hpYAD	FIM-FIM-RNM-TEDSNM	Tripwire Enterprise for Directory Services-NewMaintenance
01tWC00000DD1hZYAT	FIM-FIM-RNM-TEECNM	Tripwire Enterprise Express Console-NewMaintenance
01tWC00000DD223YAD	FIM-FIM-RNM-TEFSENM	Tripwire Enterprise for File Systems - EVAL-NewMaintenance
01tWC00000DD1hwYAD	FIM-FIM-RNM-TEFSNM	Tripwire Enterprise for File Systems-NewMaintenance
01tWC00000DD20lYAD	FIM-FIM-RNM-TEIDNM	Tripwire Enterprise for Industrial Devices-NewMaintenance
01tWC00000DD1moYAD	FIM-FIM-RNM-TELSUT	Tripwire Enterprise for Large Stores (up to 75 FS)-NewMaintenance
01tWC00000DD1mrYAD	FIM-FIM-RNM-TELSWN	Tripwire Enterprise for Large Stores w/ ND & DB (up to 75 FS, 75 ND & 1 DB)-NewMaintenance
01tWC00000DD1muYAD	FIM-FIM-RNM-TEMENM	Tripwire Enterprise for Microsoft Exchange-NewMaintenance
01tWC00000DD1n0YAD	FIM-FIM-RNM-TEMINM	Tripwire Enterprise for Microsoft IIS-NewMaintenance
01tWC00000DD1n4YAD	FIM-FIM-RNM-TEMSSU	Tripwire Enterprise for Mid-Size Stores (Up to 20 FS)-NewMaintenance
01tWC00000DD1n7YAD	FIM-FIM-RNM-TEMSSW	Tripwire Enterprise for Mid-Size Stores w/ ND & DB (up to 20 FS, 20 ND & 1 DB)-NewMaintenance
01tWC00000DD20nYAD	FIM-FIM-RNM-TENDENM	Tripwire Enterprise for Network Devices - EVAL-NewMaintenance
01tWC00000DD1nDYAT	FIM-FIM-RNM-TENDNM	Tripwire Enterprise for Network Devices-NewMaintenance
01tWC00000DD1mjYAD	FIM-FIM-RNM-TENM	TE Academic Institution Site License - Directory Services-NewMaintenance
01tWC00000FBZZbYAP	FIM-FIM-RNM-TENM-TECH	TE Academic Institution Site License - Directory Services (Technical)-NewMaintenance
01tWC00000DD1nIYAT	FIM-FIM-RNM-TEPM	Tripwire Enterprise for POS End Point Systems-NewMaintenance
01tWC00000DD1nNYAT	FIM-FIM-RNM-TEPSNM	Tripwire Enterprise for POS Servers-NewMaintenance
01tWC00000DD1nRYAT	FIM-FIM-RNM-TESSUT	Tripwire Enterprise for Small Stores (up to 5 FS)-NewMaintenance
01tWC00000DD1nUYAT	FIM-FIM-RNM-TESSWN	Tripwire Enterprise for Small Stores w/ ND & DB (up to 5 FS, 5 ND & 1 DB)-NewMaintenance
01tWC00000DD20pYAD	FIM-FIM-RNM-TETNM	Tripwire Enterprise for TIV-NewMaintenance
01tWC00000DD225YAD	FIM-FIM-RNM-TEVEENM	Tripwire Enterprise for VMware ESX - EVAL-NewMaintenance
01tWC00000DCxksYAD	FIM-FIM-RNM-TEVENM	Tripwire Enterprise for VMware ESX-NewMaintenance
01tWC00000DCxlZYAT	FIM-FIM-RNM-TFSWNM	TFS for Workstations-NewMaintenance
01tWC00000FBYilYAH	FIM-FIM-RNM-TFSWNM-TECH	TFS for Workstations (Technical)-NewMaintenance
01tWC00000DD216YAD	FIM-FIM-RNM-TIANM	Tripwire Industrial Appliance-NewMaintenance
01tWC00000DD1oGYAT	FIM-FIM-RNM-TINTUU	Tripwire IP360 Non-transferable Unlimited Use (IP360, VnE-Ev, DP-Ev)-NewMaintenance
01tWC00000DD229YAD	FIM-FIM-RNM-TIVSSNM	Tripwire Industrial Visibility Small Sensor-NewMaintenance
01tWC00000DD22BYAT	FIM-FIM-RNM-TIVTDCNM	Tripwire Industrial Visibility Threat Detection Console-NewMaintenance
01tWC00000DD218YAD	FIM-FIM-RNM-TMENM	Tripwire Manager - EVAL-NewMaintenance
01tWC00000DD1tQYAT	FIM-FIM-RNM-TMNM	Tripwire Manager-NewMaintenance
01tWC00000DD1nwYAD	FIM-FIM-RNM-TNDNM	Tripwire for Net Devices-NewMaintenance
01tWC00000DD1gsYAD	FIM-FIM-RNM-TRAPPT	Tripwire App - TE Integration Framework - Flex - Utility-NewMaintenance
01tWC00000FBYjNYAX	FIM-FIM-RNM-TRAPPT-TECH	Tripwire App - TE Integration Framework - Flex - Utility (Technical)-NewMaintenance
01tWC00000DD1gxYAD	FIM-FIM-RNM-TRAPTE	Tripwire App - TE Integration Framework - Jira - Utility-NewMaintenance
01tWC00000DD1hNYAT	FIM-FIM-RNM-TREN	Tripwire Enterprise-NewMaintenance
01tWC00000DD1gkYAD	FIM-FIM-RNM-TRIAPP	Tripwire App - TE Integration Framework - ChangeGear - Utility-NewMaintenance
01tWC00000FBYjFYAX	FIM-FIM-RNM-TRIAPP-TECH	Tripwire App - TE Integration Framework - ChangeGear - Utility (Technical)-NewMaintenance
01tWC00000DD1neYAD	FIM-FIM-RNM-TRIEND	Tripwire Enterprise/DS-NewMaintenance
01tWC00000DD1goYAD	FIM-FIM-RNM-TRIPAT	Tripwire App - TE Integration Framework - Cherwell - Utility-NewMaintenance
01tWC00000FBYjJYAX	FIM-FIM-RNM-TRIPAT-TECH	Tripwire App - TE Integration Framework - Cherwell - Utility (Technical)-NewMaintenance
01tWC00000DD1ndYAD	FIM-FIM-RNM-TRIPED	Tripwire Enterprise/DB-NewMaintenance
01tWC00000DD1gWYAT	FIM-FIM-RNM-TRNM	Tripwire App - Dynamic Software Reconciliation Express - Utility-NewMaintenance
01tWC00000FBYj2YAH	FIM-FIM-RNM-TRNM-TECH	Tripwire App - Dynamic Software Reconciliation Express - Utility (Technical)-NewMaintenance
01tWC00000DD1tcYAD	FIM-FIM-RNM-TSAENM	Tripwire State Analyzer Express-NewMaintenance
01tWC00000DD22DYAT	FIM-FIM-RNM-TSAEVNM	Tripwire State Analyzer - EVAL-NewMaintenance
01tWC00000DD1tYYAT	FIM-FIM-RNM-TSANM	Tripwire State Analyzer-NewMaintenance
01tWC00000DD227YAD	FIM-FIM-RNM-TSENM	Tripwire for Servers - EVAL-NewMaintenance
01tWC00000DD1o1YAD	FIM-FIM-RNM-TSNM	Tripwire for Servers-NewMaintenance
01tWC00000DCxmNYAT	FIM-FIM-RNM-TTBELN	Tripwire - Term Based Enterprise License-NewMaintenance
01tWC00000FBYiqYAH	FIM-FIM-RNM-TTBELN-TECH	Tripwire - Term Based Enterprise License (Technical)-NewMaintenance
01tWC00000DCyyFYAT	FIM-FIM-RNM-VEMEDP	VnE Manager Ev & Device Profiler Ev-NewMaintenance
01tWC00000DCyyIYAT	FIM-FIM-RNM-VEMEEN	VnE Manager Ev Express-NewMaintenance
01tWC00000DCyyKYAT	FIM-FIM-RNM-VEMELN	VnE Manager Ev Limited-NewMaintenance
01tWC00000DD21CYAT	FIM-FML-RNM-TSAUNM	Tripwire State Analyzer Upgrade-NewMaintenance
01tWC00000FBZotYAH	FIM-FML-RNM-TSAUNM-TECH	Tripwire State Analyzer Upgrade (Technical)-NewMaintenance
01tWC00000DD21AYAT	FIM-FML-RNM-TSSLNM	Tripwire for Server-SUL-Lic-NewMaintenance
01tWC00000FBZorYAH	FIM-FML-RNM-TSSLNM-TECH	Tripwire for Server-SUL-Lic (Technical)-NewMaintenance
01tWC00000DD22HYAT	FIM-FML-RNM-VM1NM	VnE Manager 1800-NewMaintenance
01tWC00000FBZowYAH	FIM-FML-RNM-VM1NM-TECH	VnE Manager 1800 (Technical)-NewMaintenance
01tWC00000DD22FYAT	FIM-FML-RNM-VMENM	VnE Manager - EVAL-NewMaintenance
01tWC00000FBZouYAH	FIM-FML-RNM-VMENM-TECH	VnE Manager - EVAL (Technical)-NewMaintenance
01tWC00000DD1oWYAT	FIM-TLC-RNM-TLCCNM	Tripwire Log Center Console-NewMaintenance
01tWC00000FBZtEYAX	FIM-TLC-RNM-TLCCNM-TECH	Tripwire Log Center Console (Technical)-NewMaintenance
01tWC00000DD21GYAT	FIM-TLC-RNM-TLCDENM	Tripwire Log Center for Desktops - EVAL-NewMaintenance
01tWC00000FBZtnYAH	FIM-TLC-RNM-TLCDENM-TECH	Tripwire Log Center for Desktops - EVAL (Technical)-NewMaintenance
01tWC00000DD1oiYAD	FIM-TLC-RNM-TLCDIA	Tripwire Log Center for Desktops (includes Advanced Log Collector Agent)-NewMaintenance
01tWC00000FBZtQYAX	FIM-TLC-RNM-TLCDIA-TECH	Tripwire Log Center for Desktops (includes Advanced Log Collector Agent) (Technical)-NewMaintenance
01tWC00000DD22IYAT	FIM-TLC-RNM-TLCDNM	Tripwire Log Center for Desktops-NewMaintenance
01tWC00000FBZtqYAH	FIM-TLC-RNM-TLCDNM-TECH	Tripwire Log Center for Desktops (Technical)-NewMaintenance
01tWC00000DD1omYAD	FIM-TLC-RNM-TLCDSI	Tripwire Log Center for Directory Services (includes Advanced Log Collector Agent)-NewMaintenance
01tWC00000FBZtUYAX	FIM-TLC-RNM-TLCDSI-TECH	Tripwire Log Center for Directory Services (includes Advanced Log Collector Agent) (Technical)-NewMaintenance
01tWC00000DD21EYAT	FIM-TLC-RNM-TLCENM	Tripwire Log Center - EVAL-NewMaintenance
01tWC00000FBZtlYAH	FIM-TLC-RNM-TLCENM-TECH	Tripwire Log Center - EVAL (Technical)-NewMaintenance
01tWC00000DD21IYAT	FIM-TLC-RNM-TLCFSENM	Tripwire Log Center for File Systems - EVAL-NewMaintenance
01tWC00000FBZtpYAH	FIM-TLC-RNM-TLCFSENM-TECH	Tripwire Log Center for File Systems - EVAL (Technical)-NewMaintenance
01tWC00000DD1oqYAD	FIM-TLC-RNM-TLCFSI	Tripwire Log Center for File Systems  (includes Advanced Log Collector Agent)-NewMaintenance
01tWC00000FBZtYYAX	FIM-TLC-RNM-TLCFSI-TECH	Tripwire Log Center for File Systems  (includes Advanced Log Collector Agent) (Technical)-NewMaintenance
01tWC00000DD1ozYAD	FIM-TLC-RNM-TLCFSN	Tripwire Log Center for File Systems-NewMaintenance
01tWC00000FBZteYAH	FIM-TLC-RNM-TLCFSN-TECH	Tripwire Log Center for File Systems (Technical)-NewMaintenance
01tWC00000DD1p2YAD	FIM-TLC-RNM-TLCIEN	Tripwire Log Center for Industrial Environments-NewMaintenance
01tWC00000FBZthYAH	FIM-TLC-RNM-TLCIEN-TECH	Tripwire Log Center for Industrial Environments (Technical)-NewMaintenance
01tWC00000DD1oQYAT	FIM-TLC-RNM-TLCM	Tripwire Log Center Advanced Log Collector-NewMaintenance
01tWC00000FBZtAYAX	FIM-TLC-RNM-TLCM-TECH	Tripwire Log Center Advanced Log Collector (Technical)-NewMaintenance
01tWC00000DD1p6YAD	FIM-TLC-RNM-TLCMEI	Tripwire Log Center for Microsoft Exchange (includes Advanced Log Collector Agent)-NewMaintenance
01tWC00000FBWVQYA5	FIM-TLC-RNM-TLCMEI-TECH	Tripwire Log Center for Microsoft Exchange (includes Advanced Log Collector Agent) (Technical)-NewMaintenance
01tWC00000DD1pGYAT	FIM-TLC-RNM-TLCMII	Tripwire Log Center for Microsoft IIS (includes Advanced Log Collector Agent)-NewMaintenance
01tWC00000FBWVUYA5	FIM-TLC-RNM-TLCMII-TECH	Tripwire Log Center for Microsoft IIS (includes Advanced Log Collector Agent) (Technical)-NewMaintenance
01tWC00000DD22NYAT	FIM-TLC-RNM-TLCMLENM	Tripwire Log Center Manager License - EVAL-NewMaintenance
01tWC00000FBa2qYAD	FIM-TLC-RNM-TLCMLENM-TECH	Tripwire Log Center Manager License - EVAL (Technical)-NewMaintenance
01tWC00000DD1tHYAT	FIM-TLC-RNM-TLCMLN	Tripwire Log Center Manager License-NewMaintenance
01tWC00000FBWW7YAP	FIM-TLC-RNM-TLCMLN-TECH	Tripwire Log Center Manager License (Technical)-NewMaintenance
01tWC00000DD1ppYAD	FIM-TLC-RNM-TLCMNM	Tripwire Log Center Manager-NewMaintenance
01tWC00000FBWW3YAP	FIM-TLC-RNM-TLCMNM-TECH	Tripwire Log Center Manager (Technical)-NewMaintenance
01tWC00000DD22JYAT	FIM-TLC-RNM-TLCNDENM	Tripwire Log Center for Network Devices - EVAL-NewMaintenance
01tWC00000FBWW9YAP	FIM-TLC-RNM-TLCNDENM-TECH	Tripwire Log Center for Network Devices - EVAL (Technical)-NewMaintenance
01tWC00000DD1pPYAT	FIM-TLC-RNM-TLCNDI	Tripwire Log Center for Network Devices (includes Remote Collector)-NewMaintenance
01tWC00000FBWVdYAP	FIM-TLC-RNM-TLCNDI-TECH	Tripwire Log Center for Network Devices (includes Remote Collector) (Technical)-NewMaintenance
01tWC00000DD1pMYAT	FIM-TLC-RNM-TLCNDN	Tripwire Log Center for Network Devices-NewMaintenance
01tWC00000FBWVaYAP	FIM-TLC-RNM-TLCNDN-TECH	Tripwire Log Center for Network Devices (Technical)-NewMaintenance
01tWC00000FBWVhYAP	FIM-TLC-RNM-TLCPEP-TECH	Tripwire Log Center for POS End Point Systems (includes Advanced Log Collector Agent) (Technical)-NewMaintenance
01tWC00000DD1pXYAT	FIM-TLC-RNM-TLCPSI	Tripwire Log Center for POS Servers (includes Advanced Log Collector Agent)-NewMaintenance
01tWC00000FBWVlYAP	FIM-TLC-RNM-TLCPSI-TECH	Tripwire Log Center for POS Servers (includes Advanced Log Collector Agent) (Technical)-NewMaintenance
01tWC00000DD1tKYAT	FIM-TLC-RNM-TLCRLC	Tripwire Log Center Remote Log Collector-NewMaintenance
01tWC00000FBa2mYAD	FIM-TLC-RNM-TLCRLC-TECH	Tripwire Log Center Remote Log Collector (Technical)-NewMaintenance
01tWC00000DD22LYAT	FIM-TLC-RNM-TLCSDENM	Tripwire Log Center for Security Devices - EVAL-NewMaintenance
01tWC00000FBWWBYA5	FIM-TLC-RNM-TLCSDENM-TECH	Tripwire Log Center for Security Devices - EVAL (Technical)-NewMaintenance
01tWC00000DD1pdYAD	FIM-TLC-RNM-TLCSDN	Tripwire Log Center for Security Devices-NewMaintenance
01tWC00000FBWVrYAP	FIM-TLC-RNM-TLCSDN-TECH	Tripwire Log Center for Security Devices (Technical)-NewMaintenance
01tWC00000DD1oKYAT	FIM-TLC-RNM-TLCTBN	Tripwire Log Center - Term Based-NewMaintenance
01tWC00000FBZt5YAH	FIM-TLC-RNM-TLCTBN-TECH	Tripwire Log Center - Term Based (Technical)-NewMaintenance
01tWC00000DD1pgYAD	FIM-TLC-RNM-TLCVEI	Tripwire Log Center for VMware ESX (includes Advanced Log Collector Agent)-NewMaintenance
01tWC00000FBWVuYAP	FIM-TLC-RNM-TLCVEI-TECH	Tripwire Log Center for VMware ESX (includes Advanced Log Collector Agent) (Technical)-NewMaintenance
01tWC00000DD1pjYAD	FIM-TLC-RNM-TLOCEV	Tripwire Log Center for VMware ESX (includes Remote Collector)-NewMaintenance
01tWC00000FBWVxYAP	FIM-TLC-RNM-TLOCEV-TECH	Tripwire Log Center for VMware ESX (includes Remote Collector) (Technical)-NewMaintenance
01tWC00000DD1obYAD	FIM-TLC-RNM-TRIPWL	Tripwire Log Center for Databases (includes Remote Log Collector)-NewMaintenance
01tWC00000FBZtJYAX	FIM-TLC-RNM-TRIPWL-TECH	Tripwire Log Center for Databases (includes Remote Log Collector) (Technical)-NewMaintenance
01tWC00000DD1InYAL	GOA-FIL-RNM-FCCANN	FileCatalyst Central Additional Nodes-NewMaintenance
01tWC00000FBdDbYAL	GOA-FIL-RNM-FCCANN-TECH	FileCatalyst Central Additional Nodes (Technical)-NewMaintenance
01tWC00000DD1IyYAL	GOA-FIL-RNM-FCCCAN	FileCatalyst Concurrent Connections Additional-NewMaintenance
01tWC00000FBdDmYAL	GOA-FIL-RNM-FCCCAN-TECH	FileCatalyst Concurrent Connections Additional (Technical)-NewMaintenance
01tWC00000DD1IuYAL	GOA-FIL-RNM-FCCCNM	FileCatalyst Concurrent Connections-NewMaintenance
01tWC00000FBdDiYAL	GOA-FIL-RNM-FCCCNM-TECH	FileCatalyst Concurrent Connections (Technical)-NewMaintenance
01tWC00000DD1IjYAL	GOA-FIL-RNM-FCCNM	FileCatalyst Central-NewMaintenance
01tWC00000FBdDXYA1	GOA-FIL-RNM-FCCNM-TECH	FileCatalyst Central (Technical)-NewMaintenance
01tWC00000DD1J2YAL	GOA-FIL-RNM-FCDKNM	FileCatalyst Development Kit-NewMaintenance
01tWC00000FBdDqYAL	GOA-FIL-RNM-FCDKNM-TECH	FileCatalyst Development Kit (Technical)-NewMaintenance
01tWC00000DD1J6YAL	GOA-FIL-RNM-FCDNM	FileCatalyst Direct-NewMaintenance
01tWC00000FBdDuYAL	GOA-FIL-RNM-FCDNM-TECH	FileCatalyst Direct (Technical)-NewMaintenance
01tWC00000DD1JCYA1	GOA-FIL-RNM-FCHANM	FileCatalyst Hotfolder for Automation-NewMaintenance
01tWC00000FBdE0YAL	GOA-FIL-RNM-FCHANM-TECH	FileCatalyst Hotfolder for Automation (Technical)-NewMaintenance
01tWC00000DD1JHYA1	GOA-FIL-RNM-FCLBNM	FileCatalyst Load Balancer-NewMaintenance
01tWC00000FBdE5YAL	GOA-FIL-RNM-FCLBNM-TECH	FileCatalyst Load Balancer (Technical)-NewMaintenance
01tWC00000FBdDVYA1	GOA-FIL-RNM-FCNM-TECH	FileCatalyst (Technical)-NewMaintenance
01tWC00000DD1JLYA1	GOA-FIL-RNM-FCRPNM	FileCatalyst Reverse Proxy-NewMaintenance
01tWC00000FBdE9YAL	GOA-FIL-RNM-FCRPNM-TECH	FileCatalyst Reverse Proxy (Technical)-NewMaintenance
01tWC00000DD1JQYA1	GOA-FIL-RNM-FCTAWI	FileCatalyst TransferAgent - Web Integration Kit-NewMaintenance
01tWC00000FBdEEYA1	GOA-FIL-RNM-FCTAWI-TECH	FileCatalyst TransferAgent - Web Integration Kit (Technical)-NewMaintenance
01tWC00000DD1JYYA1	GOA-FIL-RNM-FCWANM	FileCatalyst Workflow Acceleration-NewMaintenance
01tWC00000FBdqHYAT	GOA-FIL-RNM-FCWANM-TECH	FileCatalyst Workflow Acceleration (Technical)-NewMaintenance
01tWC00000DD1JUYA1	GOA-FIL-RNM-FCWNM	FileCatalyst Workflow-NewMaintenance
01tWC00000FBdqDYAT	GOA-FIL-RNM-FCWNM-TECH	FileCatalyst Workflow (Technical)-NewMaintenance
01tWC00000DD1LvYAL	GOA-GAM-RNM-GAAANM	GoAnywhere Advanced Agent-NewMaintenance
01tWC00000FBWTzYAP	GOA-GAM-RNM-GAAANM-TECH	GoAnywhere Advanced Agent (Technical)-NewMaintenance
01tWC00000DD1LnYAL	GOA-GAM-RNM-GAAFTN	GoAnywhere Accelerated File Transfer-NewMaintenance
01tWC00000FBWTrYAP	GOA-GAM-RNM-GAAFTN-TECH	GoAnywhere Accelerated File Transfer (Technical)-NewMaintenance
01tWC00000DD1MBYA1	GOA-GAM-RNM-GAANM	GoAnywhere Agent-NewMaintenance
01tWC00000FBWUFYA5	GOA-GAM-RNM-GAANM-TECH	GoAnywhere Agent (Technical)-NewMaintenance
01tWC00000DD1LzYAL	GOA-GAM-RNM-GAARNM	GoAnywhere Advanced Reporting-NewMaintenance
01tWC00000FBWU3YAP	GOA-GAM-RNM-GAARNM-TECH	GoAnywhere Advanced Reporting (Technical)-NewMaintenance
01tWC00000DD1MFYA1	GOA-GAM-RNM-GAASRN	GoAnywhere AS2 Send/Receive-NewMaintenance
01tWC00000FBWUJYA5	GOA-GAM-RNM-GAASRN-TECH	GoAnywhere AS2 Send/Receive (Technical)-NewMaintenance
01tWC00000DD1M3YAL	GOA-GAM-RNM-GAAWNM	GoAnywhere Advanced Workflows-NewMaintenance
01tWC00000FBWU7YAP	GOA-GAM-RNM-GAAWNM-TECH	GoAnywhere Advanced Workflows (Technical)-NewMaintenance
01tWC00000DD1M7YAL	GOA-GAM-RNM-GAAWRN	GoAnywhere Advanced Workflows and Reporting-NewMaintenance
01tWC00000FBWUBYA5	GOA-GAM-RNM-GAAWRN-TECH	GoAnywhere Advanced Workflows and Reporting (Technical)-NewMaintenance
01tWC00000DD1MVYA1	GOA-GAM-RNM-GABAMN	GoAnywhere Business Activity Monitor-NewMaintenance
01tWC00000FBWUZYA5	GOA-GAM-RNM-GABAMN-TECH	GoAnywhere Business Activity Monitor (Technical)-NewMaintenance
01tWC00000DD1MRYA1	GOA-GAM-RNM-GABANM	GoAnywhere Basic Agent-NewMaintenance
01tWC00000FBWUVYA5	GOA-GAM-RNM-GABANM-TECH	GoAnywhere Basic Agent (Technical)-NewMaintenance
01tWC00000DD1MlYAL	GOA-GAM-RNM-GACBNM	GoAnywhere Collaboration Bundle-NewMaintenance
01tWC00000FBeDpYAL	GOA-GAM-RNM-GACBNM-TECH	GoAnywhere Collaboration Bundle (Technical)-NewMaintenance
01tWC00000DD1MZYA1	GOA-GAM-RNM-GACCPN	GoAnywhere Cloud Connector Premium-NewMaintenance
01tWC00000FBeDdYAL	GOA-GAM-RNM-GACCPN-TECH	GoAnywhere Cloud Connector Premium (Technical)-NewMaintenance
01tWC00000DD1MdYAL	GOA-GAM-RNM-GACCSN	GoAnywhere Cloud Connector Standard-NewMaintenance
01tWC00000FBeDhYAL	GOA-GAM-RNM-GACCSN-TECH	GoAnywhere Cloud Connector Standard (Technical)-NewMaintenance
01tWC00000DD1MhYAL	GOA-GAM-RNM-GACM	GoAnywhere Cloud Connector Standard Pack-NewMaintenance
01tWC00000FBeDlYAL	GOA-GAM-RNM-GACM-TECH	GoAnywhere Cloud Connector Standard Pack (Technical)-NewMaintenance
01tWC00000DD1MuYAL	GOA-GAM-RNM-GACSBN	GoAnywhere Core Server Bundle-NewMaintenance
01tWC00000FBeDyYAL	GOA-GAM-RNM-GACSBN-TECH	GoAnywhere Core Server Bundle (Technical)-NewMaintenance
01tWC00000DD1N6YAL	GOA-GAM-RNM-GAEBNM	GoAnywhere Enterprise Bundle-NewMaintenance
01tWC00000FBeE6YAL	GOA-GAM-RNM-GAEBNM-TECH	GoAnywhere Enterprise Bundle (Technical)-NewMaintenance
01tWC00000DD1NBYA1	GOA-GAM-RNM-GAFCSN	GoAnywhere FTP Client & Server-NewMaintenance
01tWC00000FBeEBYA1	GOA-GAM-RNM-GAFCSN-TECH	GoAnywhere FTP Client & Server (Technical)-NewMaintenance
01tWC00000DD1NFYA1	GOA-GAM-RNM-GAFSNM	GoAnywhere FTPS Server-NewMaintenance
01tWC00000FBeEFYA1	GOA-GAM-RNM-GAFSNM-TECH	GoAnywhere FTPS Server (Technical)-NewMaintenance
01tWC00000DD1NVYA1	GOA-GAM-RNM-GAGDNM	GoAnywhere GoDrive-NewMaintenance
01tWC00000FBebEYAT	GOA-GAM-RNM-GAGDNM-TECH	GoAnywhere GoDrive (Technical)-NewMaintenance
01tWC00000DD1NZYA1	GOA-GAM-RNM-GAGFSN	GoAnywhere GoFast Server-NewMaintenance
01tWC00000FBebIYAT	GOA-GAM-RNM-GAGFSN-TECH	GoAnywhere GoFast Server (Technical)-NewMaintenance
01tWC00000DD1NNYA1	GOA-GAM-RNM-GAGLBN	GoAnywhere Gateway and Load Balancer-NewMaintenance
01tWC00000FBeb6YAD	GOA-GAM-RNM-GAGLBN-TECH	GoAnywhere Gateway and Load Balancer (Technical)-NewMaintenance
01tWC00000DD1NRYA1	GOA-GAM-RNM-GAGM	GoAnywhere Gateway Load Balancer-NewMaintenance
01tWC00000FBebAYAT	GOA-GAM-RNM-GAGM-TECH	GoAnywhere Gateway Load Balancer (Technical)-NewMaintenance
01tWC00000DD1NJYA1	GOA-GAM-RNM-GAGNM	GoAnywhere Gateway-NewMaintenance
01tWC00000FBeb2YAD	GOA-GAM-RNM-GAGNM-TECH	GoAnywhere Gateway (Technical)-NewMaintenance
01tWC00000FBWTpYAP	GOA-GAM-RNM-GANM-TECH	GoAnywhere (Technical)-NewMaintenance
01tWC00000DD1O9YAL	GOA-GAM-RNM-GAPANM	GoAnywhere Premium AS2-NewMaintenance
01tWC00000FBenzYAD	GOA-GAM-RNM-GAPANM-TECH	GoAnywhere Premium AS2 (Technical)-NewMaintenance
01tWC00000DD1ODYA1	GOA-GAM-RNM-GAPBNM	GoAnywhere Premium Bundle-NewMaintenance
01tWC00000FBeo3YAD	GOA-GAM-RNM-GAPBNM-TECH	GoAnywhere Premium Bundle (Technical)-NewMaintenance
01tWC00000DD1NlYAL	GOA-GAM-RNM-GAPSCN	GoAnywhere PeSIT Client-NewMaintenance
01tWC00000FBebNYAT	GOA-GAM-RNM-GAPSCN-TECH	GoAnywhere PeSIT Client (Technical)-NewMaintenance
01tWC00000DD1NpYAL	GOA-GAM-RNM-GAPSEB	GoAnywhere PeSIT Express Bundle-NewMaintenance
01tWC00000FBebRYAT	GOA-GAM-RNM-GAPSEB-TECH	GoAnywhere PeSIT Express Bundle (Technical)-NewMaintenance
01tWC00000DD1NvYAL	GOA-GAM-RNM-GAPSPB	GoAnywhere PeSIT Premium Bundle-NewMaintenance
01tWC00000FBebXYAT	GOA-GAM-RNM-GAPSPB-TECH	GoAnywhere PeSIT Premium Bundle (Technical)-NewMaintenance
01tWC00000DD1O3YAL	GOA-GAM-RNM-GAPSSB	GoAnywhere PeSIT Starter Bundle-NewMaintenance
01tWC00000FBebfYAD	GOA-GAM-RNM-GAPSSB-TECH	GoAnywhere PeSIT Starter Bundle (Technical)-NewMaintenance
01tWC00000DD1NzYAL	GOA-GAM-RNM-GAPSSN	GoAnywhere PeSIT Server-NewMaintenance
01tWC00000FBebbYAD	GOA-GAM-RNM-GAPSSN-TECH	GoAnywhere PeSIT Server (Technical)-NewMaintenance
01tWC00000DD1OkYAL	GOA-GAM-RNM-GASANM	GoAnywhere Standard Agent-NewMaintenance
01tWC00000FBeoZYAT	GOA-GAM-RNM-GASANM-TECH	GoAnywhere Standard Agent (Technical)-NewMaintenance
01tWC00000DD1OoYAL	GOA-GAM-RNM-GASBNM	GoAnywhere Starter Bundle-NewMaintenance
01tWC00000FBeodYAD	GOA-GAM-RNM-GASBNM-TECH	GoAnywhere Starter Bundle (Technical)-NewMaintenance
01tWC00000DD1OYYA1	GOA-GAM-RNM-GASDNM	GoAnywhere Security Domains-NewMaintenance
01tWC00000FBeoOYAT	GOA-GAM-RNM-GASDNM-TECH	GoAnywhere Security Domains (Technical)-NewMaintenance
01tWC00000DD1OMYA1	GOA-GAM-RNM-GASFNM	GoAnywhere Secure Folders-NewMaintenance
01tWC00000FBeoCYAT	GOA-GAM-RNM-GASFNM-TECH	GoAnywhere Secure Folders (Technical)-NewMaintenance
01tWC00000DD1OdYAL	GOA-GAM-RNM-GASLNM	GoAnywhere Services (legacy)-NewMaintenance
01tWC00000FBeoSYAT	GOA-GAM-RNM-GASLNM-TECH	GoAnywhere Services (legacy) (Technical)-NewMaintenance
01tWC00000DD1OQYA1	GOA-GAM-RNM-GASM	GoAnywhere Secure Forms-NewMaintenance
01tWC00000FBeoGYAT	GOA-GAM-RNM-GASM-TECH	GoAnywhere Secure Forms (Technical)-NewMaintenance
01tWC00000DD1OUYA1	GOA-GAM-RNM-GASMNM	GoAnywhere Secure Mail-NewMaintenance
01tWC00000FBeoKYAT	GOA-GAM-RNM-GASMNM-TECH	GoAnywhere Secure Mail (Technical)-NewMaintenance
01tWC00000DD1OgYAL	GOA-GAM-RNM-GASSNM	GoAnywhere SFTP Server-NewMaintenance
01tWC00000FBeoVYAT	GOA-GAM-RNM-GASSNM-TECH	GoAnywhere SFTP Server (Technical)-NewMaintenance
01tWC00000DD1OzYAL	GOA-GAM-RNM-GAUANM	GoAnywhere Ultimate AS2-NewMaintenance
01tWC00000FBeuxYAD	GOA-GAM-RNM-GAUANM-TECH	GoAnywhere Ultimate AS2 (Technical)-NewMaintenance
01tWC00000DD1P3YAL	GOA-GAM-RNM-GAWBNM	GoAnywhere Workflows Basic-NewMaintenance
01tWC00000FBev1YAD	GOA-GAM-RNM-GAWBNM-TECH	GoAnywhere Workflows Basic (Technical)-NewMaintenance
01tWC00000DD1P7YAL	GOA-GAM-RNM-GAWENM	GoAnywhere Workflows Express-NewMaintenance
01tWC00000FBev5YAD	GOA-GAM-RNM-GAWENM-TECH	GoAnywhere Workflows Express (Technical)-NewMaintenance
01tWC00000DD1PBYA1	GOA-GAM-RNM-GAWRNM	GoAnywhere Workflows Restricted-NewMaintenance
01tWC00000FBev9YAD	GOA-GAM-RNM-GAWRNM-TECH	GoAnywhere Workflows Restricted (Technical)-NewMaintenance
01tWC00000DCzhLYAT	GOA-GAM-RNM-GCBGNM	GoAnywhere Collaboration Bundle with Gateway-NewMaintenance
01tWC00000FBeDaYAL	GOA-GAM-RNM-GCBGNM-TECH	GoAnywhere Collaboration Bundle with Gateway (Technical)-NewMaintenance
01tWC00000DD21qYAD	GOA-GAM-RNM-GCBGTPNM	GoAnywhere Collaboration Bundle with Gateway and Threat Protection-NewMaintenance
01tWC00000FBeEGYA1	GOA-GAM-RNM-GCBGTPNM-TECH	GoAnywhere Collaboration Bundle with Gateway and Threat Protection (Technical)-NewMaintenance
01tWC00000DD21uYAD	GOA-GAM-RNM-GCSBTPNM	GoAnywhere Core Server Bundle with Gateway and Threat Protection-NewMaintenance
01tWC00000FBeEKYA1	GOA-GAM-RNM-GCSBTPNM-TECH	GoAnywhere Core Server Bundle with Gateway and Threat Protection (Technical)-NewMaintenance
01tWC00000DD21sYAD	GOA-GAM-RNM-GCSBWGNM	GoAnywhere Core Server Bundle with Gateway-NewMaintenance
01tWC00000FBeEIYA1	GOA-GAM-RNM-GCSBWGNM-TECH	GoAnywhere Core Server Bundle with Gateway (Technical)-NewMaintenance
01tWC00000DD1MNYA1	GOA-GAM-RNM-GOANY	GoAnywhere AS4 Send/Receive-NewMaintenance
01tWC00000FBWURYA5	GOA-GAM-RNM-GOANY-TECH	GoAnywhere AS4 Send/Receive (Technical)-NewMaintenance
01tWC00000DD1LrYAL	GOA-GAM-RNM-GOANYW	GoAnywhere Accelerated File Transfer Per Gbps-NewMaintenance
01tWC00000FBWTvYAP	GOA-GAM-RNM-GOANYW-TECH	GoAnywhere Accelerated File Transfer Per Gbps (Technical)-NewMaintenance
01tWC00000DD1MJYA1	GOA-GAM-RNM-GONM	GoAnywhere AS3 Send/Receive-NewMaintenance
01tWC00000FBWUNYA5	GOA-GAM-RNM-GONM-TECH	GoAnywhere AS3 Send/Receive (Technical)-NewMaintenance
01tWC00000DCzhNYAT	GOA-GAM-RNM-GPBCNM	GoAnywhere Premium Bundle - Clustered-NewMaintenance
01tWC00000FBenuYAD	GOA-GAM-RNM-GPBCNM-TECH	GoAnywhere Premium Bundle - Clustered (Technical)-NewMaintenance
01tWC00000DCzhPYAT	GOA-GAM-RNM-GPBTPNM	GoAnywhere Premium Bundle with Threat Protection-NewMaintenance
01tWC00000FBenwYAD	GOA-GAM-RNM-GPBTPNM-TECH	GoAnywhere Premium Bundle with Threat Protection (Technical)-NewMaintenance
01tWC00000DD21wYAD	GOA-GAM-RNM-GPEBWGNM	GoAnywhere PeSIT Express Bundle with Gateway-NewMaintenance
01tWC00000FBebkYAD	GOA-GAM-RNM-GPEBWGNM-TECH	GoAnywhere PeSIT Express Bundle with Gateway (Technical)-NewMaintenance
01tWC00000DD21yYAD	GOA-GAM-RNM-GPSBWGNM	GoAnywhere PeSIT Starter Bundle with Gateway-NewMaintenance
01tWC00000FBebmYAD	GOA-GAM-RNM-GPSBWGNM-TECH	GoAnywhere PeSIT Starter Bundle with Gateway (Technical)-NewMaintenance
01tWC00000DCzhRYAT	GOA-GAM-RNM-GSBGNM	GoAnywhere Starter Bundle with Gateway-NewMaintenance
01tWC00000FBeunYAD	GOA-GAM-RNM-GSBGNM-TECH	GoAnywhere Starter Bundle with Gateway (Technical)-NewMaintenance
01tWC00000DCzhTYAT	GOA-GAM-RNM-GSBGTPNM	GoAnywhere Starter Bundle with Gateway and Threat Protection-NewMaintenance
01tWC00000FBeupYAD	GOA-GAM-RNM-GSBGTPNM-TECH	GoAnywhere Starter Bundle with Gateway and Threat Protection (Technical)-NewMaintenance
01tWC00000FBYT9YAP	GS-CFT-RNM-CF9NEW-TECH	CuteFTP 9 (Technical)-NewMaintenance
01tWC00000FBb5GYAT	GS-GSE-RNM-AAMNM-TECH	Advanced Authentication Modes (Technical)-NewMaintenance
01tWC00000FBb5QYAT	GS-GSE-RNM-ACSNEW-TECH	AS2 Client/Server (Technical)-NewMaintenance
01tWC00000FBb5SYAT	GS-GSE-RNM-ACSYNM-TECH	AS2 Client/Server - Yearly (Technical)-NewMaintenance
01tWC00000FBb5UYAT	GS-GSE-RNM-ARNM-TECH	Audit & Reporting (Technical)-NewMaintenance
01tWC00000FBb5LYAT	GS-GSE-RNM-ASMANM-TECH	Advanced Security Module ASM (Technical)-NewMaintenance
01tWC00000FBb5MYAT	GS-GSE-RNM-AWENM-TECH	Advanced Workflow Engine (Technical)-NewMaintenance
01tWC00000FBb5aYAD	GS-GSE-RNM-CCANM-TECH	Cloud Connector Actions (Technical)-NewMaintenance
01tWC00000FBb5eYAD	GS-GSE-RNM-CCMCNM-TECH	Cloud Connector Module CCM (Technical)-NewMaintenance
01tWC00000DD22RYAT	GS-GSE-RNM-COLBNM	Collaboration Bundle-NewMaintenance
01tWC00000FBb60YAD	GS-GSE-RNM-COLBNM-TECH	Collaboration Bundle (Technical)-NewMaintenance
01tWC00000FBb5jYAD	GS-GSE-RNM-CSBNM-TECH	Core Server Bundle (Technical)-NewMaintenance
01tWC00000FBb5oYAD	GS-GSE-RNM-DG3M-TECH	DMZ Gateway 3 Single Site (Technical)-NewMaintenance
01tWC00000DD21NYAT	GS-GSE-RNM-DG3SSNM	DMZ Gateway 3 - Single Site-NewMaintenance
01tWC00000FBb5xYAD	GS-GSE-RNM-DG3SSNM-TECH	DMZ Gateway 3 - Single Site (Technical)-NewMaintenance
01tWC00000DD22UYAT	GS-GSE-RNM-DGE3MSNM	DMZ Gateway Enterprise 3 - Multi-Site-NewMaintenance
01tWC00000FBbA9YAL	GS-GSE-RNM-DGE3MSNM-TECH	DMZ Gateway Enterprise 3 - Multi-Site (Technical)-NewMaintenance
01tWC00000DD22WYAT	GS-GSE-RNM-DGE3MUNM	DMZ Gateway Enterprise 3 - Multi-Site Upgrade-NewMaintenance
01tWC00000FBbABYA1	GS-GSE-RNM-DGE3MUNM-TECH	DMZ Gateway Enterprise 3 - Multi-Site Upgrade (Technical)-NewMaintenance
01tWC00000FBb5qYAD	GS-GSE-RNM-DGEM-TECH	DMZ Gateway Enterprise (Technical)-NewMaintenance
01tWC00000FBYjUYAX	GS-GSE-RNM-DGSM-TECH	DMZ Gateway Single Site (Technical)-NewMaintenance
01tWC00000FBYjTYAX	GS-GSE-RNM-DMNM-TECH	DMZ Gateway Enterprise 3 (Technical)-NewMaintenance
01tWC00000FBYjcYAH	GS-GSE-RNM-E8EM-TECH	EFT 8 Enterprise (Technical)-NewMaintenance
01tWC00000FBYjqYAH	GS-GSE-RNM-EAMM-TECH	EFT ARM Module (Technical)-NewMaintenance
01tWC00000FBd1BYAT	GS-GSE-RNM-EANM-TECH	Enterprise Actions (Technical)-NewMaintenance
01tWC00000DD1E9YAL	GS-GSE-RNM-EAWM	EFT Advanced Workflow Engine (AWE) Module-NewMaintenance
01tWC00000FBYjmYAH	GS-GSE-RNM-EAWM-TECH	EFT Advanced Workflow Engine (AWE) Module (Technical)-NewMaintenance
01tWC00000FBbiAYAT	GS-GSE-RNM-EBAM-TECH	EFT Business Activity Monitor BAM (Technical)-NewMaintenance
01tWC00000FBbifYAD	GS-GSE-RNM-EBAMNM-TECH	EFT Business Activity Monitor (BAM) (Technical)-NewMaintenance
01tWC00000FBbi5YAD	GS-GSE-RNM-EBPM-TECH	EFT BAM Portal (Technical)-NewMaintenance
01tWC00000FBbiEYAT	GS-GSE-RNM-ECBM-TECH	EFT Continuum Business Activity Monitor (BAM) (Technical)-NewMaintenance
01tWC00000FBbiPYAT	GS-GSE-RNM-EEAM-TECH	EFT Express ARM (Technical)-NewMaintenance
01tWC00000FBbiUYAT	GS-GSE-RNM-EEDM-TECH	EFT Express DMZ Gateway (Technical)-NewMaintenance
01tWC00000FBbibYAD	GS-GSE-RNM-EEEM-TECH	EFT Express ESM (Technical)-NewMaintenance
01tWC00000DD1F4YAL	GS-GSE-RNM-EEMM	EFT Express MTC-NewMaintenance
01tWC00000FBcqvYAD	GS-GSE-RNM-EEMM-TECH	EFT Express MTC (Technical)-NewMaintenance
01tWC00000DD21bYAD	GS-GSE-RNM-EEMTCNM	EFT Express Mobile Transfer Client-NewMaintenance
01tWC00000FBbiNYAT	GS-GSE-RNM-EENM-TECH	EFT Express (Technical)-NewMaintenance
01tWC00000FBcqxYAD	GS-GSE-RNM-EEOM-TECH	EFT Express OpenPGP Module (Technical)-NewMaintenance
01tWC00000FBcr1YAD	GS-GSE-RNM-EESM-TECH	EFT Express Security Module ESM (Technical)-NewMaintenance
01tWC00000FBcr4YAD	GS-GSE-RNM-EEWM-TECH	EFT Express Workspaces (Technical)-NewMaintenance
01tWC00000FBbiYYAT	GS-GSE-RNM-EEXPRE-TECH	EFT Express DMZ Gateway Multi-Site (Technical)-NewMaintenance
01tWC00000FBYjfYAH	GS-GSE-RNM-EF8-TECH	EFT 8 Express (Technical)-NewMaintenance
01tWC00000FBYjoYAH	GS-GSE-RNM-EFAD-TECH	EFT Advanced Workflow Engine AWE Module (Technical)-NewMaintenance
01tWC00000FBYjsYAH	GS-GSE-RNM-EFAS-TECH	EFT AS2 Module (Technical)-NewMaintenance
01tWC00000DD1ENYA1	GS-GSE-RNM-EFAU	EFT Auditing & Reporting Module (ARM)-NewMaintenance
01tWC00000FBbhxYAD	GS-GSE-RNM-EFAU-TECH	EFT Auditing & Reporting Module (ARM) (Technical)-NewMaintenance
01tWC00000FBbi1YAD	GS-GSE-RNM-EFAW-TECH	EFT AWE Module (Technical)-NewMaintenance
01tWC00000FBcrFYAT	GS-GSE-RNM-EFFO-TECH	EFT Folder Monitor Module FMM (Technical)-NewMaintenance
01tWC00000FBcrIYAT	GS-GSE-RNM-EFFT-TECH	EFT FTC Module (Technical)-NewMaintenance
01tWC00000DD1FMYA1	GS-GSE-RNM-EFMM	EFT FM Module-NewMaintenance
01tWC00000FBcrDYAT	GS-GSE-RNM-EFMM-TECH	EFT FM Module (Technical)-NewMaintenance
01tWC00000FBYjwYAH	GS-GSE-RNM-EFNM-TECH	EFT ASM Module (Technical)-NewMaintenance
01tWC00000FBd0bYAD	GS-GSE-RNM-EFRE-TECH	EFT Remote Agent Module RAM (Technical)-NewMaintenance
01tWC00000FBd0lYAD	GS-GSE-RNM-EFSF-TECH	EFT SFTP Module (Technical)-NewMaintenance
01tWC00000DD1G3YAL	GS-GSE-RNM-EFSM	EFT SMB Web Client-NewMaintenance
01tWC00000FBd0rYAD	GS-GSE-RNM-EFSM-TECH	EFT SMB Web Client (Technical)-NewMaintenance
01tWC00000DD21OYAT	GS-GSE-RNM-EFT7ENM	EFT 7 Enterprise-NewMaintenance
01tWC00000FBYjzYAH	GS-GSE-RNM-EFT7ENM-TECH	EFT 7 Enterprise (Technical)-NewMaintenance
01tWC00000DD21SYAT	GS-GSE-RNM-EFT7EUNM	EFT 7 Express Upgrade-NewMaintenance
01tWC00000FBYk3YAH	GS-GSE-RNM-EFT7EUNM-TECH	EFT 7 Express Upgrade (Technical)-NewMaintenance
01tWC00000DD21QYAT	GS-GSE-RNM-EFT7EXNM	EFT 7 Express-NewMaintenance
01tWC00000FBYk1YAH	GS-GSE-RNM-EFT7EXNM-TECH	EFT 7 Express (Technical)-NewMaintenance
01tWC00000FBYjZYAX	GS-GSE-RNM-EFT8-TECH	EFT 8 Continuum (Technical)-NewMaintenance
01tWC00000DD22YYAT	GS-GSE-RNM-EFTACNM	EFT Accelerate-NewMaintenance
01tWC00000FBbADYA1	GS-GSE-RNM-EFTACNM-TECH	EFT Accelerate (Technical)-NewMaintenance
01tWC00000FBbhzYAD	GS-GSE-RNM-EFTAU-TECH	EFT Auditing & Reporting Module ARM (Technical)-NewMaintenance
01tWC00000DD1ETYA1	GS-GSE-RNM-EFTB	EFT BAM Module-NewMaintenance
01tWC00000FBbi3YAD	GS-GSE-RNM-EFTB-TECH	EFT BAM Module (Technical)-NewMaintenance
01tWC00000FBbiCYAT	GS-GSE-RNM-EFTC-TECH	EFT Continuum BAM Portal (Technical)-NewMaintenance
01tWC00000FBbiIYAT	GS-GSE-RNM-EFTE-TECH	EFT Enterprise (Technical)-NewMaintenance
01tWC00000FBbiRYAT	GS-GSE-RNM-EFTEXP-TECH	EFT Express Auditing & Reporting Module ARM (Technical)-NewMaintenance
01tWC00000DD1FHYA1	GS-GSE-RNM-EFTEXW	EFT Express WSM Module-NewMaintenance
01tWC00000FBcr8YAD	GS-GSE-RNM-EFTEXW-TECH	EFT Express WSM Module (Technical)-NewMaintenance
01tWC00000FBcrAYAT	GS-GSE-RNM-EFTF-TECH	EFT File Transfer Client Module FTC (Technical)-NewMaintenance
01tWC00000DD1FTYA1	GS-GSE-RNM-EFTH	EFT HSM Module-NewMaintenance
01tWC00000FBcrKYAT	GS-GSE-RNM-EFTH-TECH	EFT HSM Module (Technical)-NewMaintenance
01tWC00000DD1FbYAL	GS-GSE-RNM-EFTM	EFT MTC-NewMaintenance
01tWC00000FBcrSYAT	GS-GSE-RNM-EFTM-TECH	EFT MTC (Technical)-NewMaintenance
01tWC00000FBcrUYAT	GS-GSE-RNM-EFTO-TECH	EFT OpenPGP Module (Technical)-NewMaintenance
01tWC00000FBcrZYAT	GS-GSE-RNM-EFTR-TECH	EFT Remote Agent Module (Technical)-NewMaintenance
01tWC00000DD1FtYAL	GS-GSE-RNM-EFTSE	EFT Server Migration Tools Custom Solution-NewMaintenance
01tWC00000FBd0hYAD	GS-GSE-RNM-EFTSE-TECH	EFT Server Migration Tools Custom Solution (Technical)-NewMaintenance
01tWC00000DD1G8YAL	GS-GSE-RNM-EFTT	EFT TE Module-NewMaintenance
01tWC00000FBd0wYAD	GS-GSE-RNM-EFTT-TECH	EFT TE Module (Technical)-NewMaintenance
01tWC00000FBd13YAD	GS-GSE-RNM-EFTW-TECH	EFT Workspaces (Technical)-NewMaintenance
01tWC00000FBcrLYAT	GS-GSE-RNM-EHSM-TECH	EFT HTTP/S Module (Technical)-NewMaintenance
01tWC00000DD21dYAD	GS-GSE-RNM-EIMNM	EFT Insight Module-NewMaintenance
01tWC00000FBcreYAD	GS-GSE-RNM-EIMNM-TECH	EFT Insight Module (Technical)-NewMaintenance
01tWC00000DD21fYAD	GS-GSE-RNM-ERAM(NM	EFT Remote Agent Module (RAM)-NewMaintenance
01tWC00000FBcrgYAD	GS-GSE-RNM-ERAM(NM-TECH	EFT Remote Agent Module (RAM) (Technical)-NewMaintenance
01tWC00000DD21hYAD	GS-GSE-RNM-ESMAM(NM	EFT Secure Mobile Access Module (SMAM)-NewMaintenance
01tWC00000FBd1FYAT	GS-GSE-RNM-ESMAM(NM-TECH	EFT Secure Mobile Access Module (SMAM) (Technical)-NewMaintenance
01tWC00000FBd0cYAD	GS-GSE-RNM-ESMM-TECH	EFT SAT Module (Technical)-NewMaintenance
01tWC00000FBd0nYAD	GS-GSE-RNM-ESSM-TECH	EFT SFTP SSH2 Module (Technical)-NewMaintenance
01tWC00000DD21kYAD	GS-GSE-RNM-ESW10SNM	EFT SMB Web Client WTC 10 Seats-NewMaintenance
01tWC00000FBd1IYAT	GS-GSE-RNM-ESW10SNM-TECH	EFT SMB Web Client WTC 10 Seats (Technical)-NewMaintenance
01tWC00000DD21mYAD	GS-GSE-RNM-ESW50SNM	EFT SMB Web Client WTC 50 Seats-NewMaintenance
01tWC00000FBd1KYAT	GS-GSE-RNM-ESW50SNM-TECH	EFT SMB Web Client WTC 50 Seats (Technical)-NewMaintenance
01tWC00000FBd0yYAD	GS-GSE-RNM-ETEM-TECH	EFT Timer Event Module TEM (Technical)-NewMaintenance
01tWC00000DD1GMYA1	GS-GSE-RNM-EWNM	EFT WTC-NewMaintenance
01tWC00000FBd1AYAT	GS-GSE-RNM-EWNM-TECH	EFT WTC (Technical)-NewMaintenance
01tWC00000FBd17YAD	GS-GSE-RNM-EWWM-TECH	EFT Workspaces (WSM) (Technical)-NewMaintenance
01tWC00000FBd5RYAT	GS-GSE-RNM-FOLDNE-TECH	Folder Monitor (Technical)-NewMaintenance
01tWC00000FBd5VYAT	GS-GSE-RNM-FTPSNE-TECH	FTPS Server (Technical)-NewMaintenance
01tWC00000FBd5gYAD	GS-GSE-RNM-HTTPSS-TECH	HTTPS Server (includes Web client) (Technical)-NewMaintenance
01tWC00000FBd5kYAD	GS-GSE-RNM-MSGNEW-TECH	Multi-site Gateway (Technical)-NewMaintenance
01tWC00000DD22kYAD	GS-GSE-RNM-PBNM	Premium Bundle-NewMaintenance
01tWC00000FBd6DYAT	GS-GSE-RNM-PBNM-TECH	Premium Bundle (Technical)-NewMaintenance
01tWC00000FBd5oYAD	GS-GSE-RNM-PGPANE-TECH	PGP Actions (Technical)-NewMaintenance
01tWC00000DD1X8YAL	GS-GSE-RNM-RNM	Reconnect-NewMaintenance
01tWC00000DD22tYAD	GS-GSE-RNM-SBNM	Starter Bundle-NewMaintenance
01tWC00000DD13QYAT	IGA-AAS-RNM-ACISNE	Aspect Communications IVR Software-NewMaintenance
01tWC00000FCQQKYA5	IGA-AAS-RNM-ACISNE-TECH	Aspect Communications IVR Software (Technical)-NewMaintenance
01tWC00000DD18JYAT	IGA-AAS-RNM-CAASNM	Core Access Assurance Suite-NewMaintenance
01tWC00000FCNZ3YAP	IGA-AAS-RNM-CAASNM-TECH	Core Access Assurance Suite (Technical)-NewMaintenance
01tWC00000DD18FYAT	IGA-AAS-RNM-CANM	Core Access-NewMaintenance
01tWC00000FCNYzYAP	IGA-AAS-RNM-CANM-TECH	Core Access (Technical)-NewMaintenance
01tWC00000DD18XYAT	IGA-AAS-RNM-CCFRNM	Core Connector Framework (RDK)-NewMaintenance
01tWC00000FCNZHYA5	IGA-AAS-RNM-CCFRNM-TECH	Core Connector Framework (RDK) (Technical)-NewMaintenance
01tWC00000DD18bYAD	IGA-AAS-RNM-CCLNM	Core Connector Library-NewMaintenance
01tWC00000FCNZLYA5	IGA-AAS-RNM-CCLNM-TECH	Core Connector Library (Technical)-NewMaintenance
01tWC00000DD18fYAD	IGA-AAS-RNM-CINM	Core IGA-NewMaintenance
01tWC00000FCNZPYA5	IGA-AAS-RNM-CINM-TECH	Core IGA (Technical)-NewMaintenance
01tWC00000DD18wYAD	IGA-AAS-RNM-COPR	Core Provisioning-NewMaintenance
01tWC00000FCUerYAH	IGA-AAS-RNM-COPR-TECH	Core Provisioning (Technical)-NewMaintenance
01tWC00000DD18TYAT	IGA-AAS-RNM-CORE	Core Compliance-NewMaintenance
01tWC00000FCNZDYA5	IGA-AAS-RNM-CORE-TECH	Core Compliance (Technical)-NewMaintenance
01tWC00000DD18sYAD	IGA-AAS-RNM-CPNM	Core Password-NewMaintenance
01tWC00000FCNZYYA5	IGA-AAS-RNM-CPNM-TECH	Core Password (Technical)-NewMaintenance
01tWC00000DD0A2YAL	IGA-AAS-RNM-NSCCNE	Non-Standard Core Connectors-NewMaintenance
01tWC00000FCUekYAH	IGA-AAS-RNM-NSCCNE-TECH	Non-Standard Core Connectors (Technical)-NewMaintenance
01tWC00000DD1dHYAT	IGA-AAS-RNM-ROLENE	RoleCourier-NewMaintenance
01tWC00000FCKKgYAP	IGA-AAS-RNM-ROLENE-TECH	RoleCourier (Technical)-NewMaintenance
01tWC00000DD1leYAD	IGA-AAS-RNM-SCCIPN	Standard Core Connectors - In Product-NewMaintenance
01tWC00000FCKKnYAP	IGA-AAS-RNM-SCCIPN-TECH	Standard Core Connectors - In Product (Technical)-NewMaintenance
01tWC00000DD1liYAD	IGA-AAS-RNM-SCCSDN	Standard Core Connectors - Standard Delivery-NewMaintenance
01tWC00000FCKKrYAP	IGA-AAS-RNM-SCCSDN-TECH	Standard Core Connectors - Standard Delivery (Technical)-NewMaintenance
01tWC00000DD1fRYAT	IGA-AAS-RNM-SECUNE	SecureReset-NewMaintenance
01tWC00000FCKKjYAP	IGA-AAS-RNM-SECUNE-TECH	SecureReset (Technical)-NewMaintenance
01tWC00000DD18NYAT	IGA-CAI-RNM-CAINM	Core Access Insight-NewMaintenance
01tWC00000FCNZ7YAP	IGA-CAI-RNM-CAINM-TECH	Core Access Insight (Technical)-NewMaintenance
01tWC00000DD18QYAT	IGA-VIS-RNM-CCNM	Core Certify-NewMaintenance
01tWC00000FCNZAYA5	IGA-VIS-RNM-CCNM-TECH	Core Certify (Technical)-NewMaintenance
01tWC00000DD190YAD	IGA-VIS-RNM-CRDNM	Core Role Designer-NewMaintenance
01tWC00000FCUevYAH	IGA-VIS-RNM-CRDNM-TECH	Core Role Designer (Technical)-NewMaintenance
01tWC00000DCwWgYAL	IPP-IPP-RNM-IPPNEW	IPP-NewMaintenance
01tWC00000FCG0LYAX	IPP-IPP-RNM-IPPNEW-TECH	IPP (Technical)-NewMaintenance
01tWC00000DD1JjYAL	NW-INT-RNM-FLOWNE	Flow Exporters-NewMaintenance
01tWC00000FCUezYAH	NW-INT-RNM-FLOWNE-TECH	Flow Exporters (Technical)-NewMaintenance
01tWC00000DCwWJYA1	NW-INT-RNM-ISBNM	Intermapper Server Bundle-NewMaintenance
01tWC00000FCUedYAH	NW-INT-RNM-ISBNM-TECH	Intermapper Server Bundle (Technical)-NewMaintenance
01tWC00000DCwW8YAL	NW-INT-RNM-ISFNM	Intermapper Server - Freeware-NewMaintenance
01tWC00000FCUeSYAX	NW-INT-RNM-ISFNM-TECH	Intermapper Server - Freeware (Technical)-NewMaintenance
01tWC00000DCwWFYA1	NW-INT-RNM-ISLNM	Intermapper Server (Legacy)-NewMaintenance
01tWC00000FCUeZYAX	NW-INT-RNM-ISLNM-TECH	Intermapper Server (Legacy) (Technical)-NewMaintenance
01tWC00000DCwWBYA1	NW-INT-RNM-ISNM	Intermapper Server-NewMaintenance
01tWC00000FCUeVYAX	NW-INT-RNM-ISNM-TECH	Intermapper Server (Technical)-NewMaintenance
01tWC00000FCUeiYAH	NW-INT-RNM-NMNM-TECH	Network Monitoring (Technical)-NewMaintenance
01tWC00000DD1XiYAL	NW-INT-RNM-RAPFNM	RemoteAccess - Pooled - Freeware-NewMaintenance
01tWC00000FCKKNYA5	NW-INT-RNM-RAPFNM-TECH	RemoteAccess - Pooled - Freeware (Technical)-NewMaintenance
01tWC00000DD1XpYAL	NW-INT-RNM-RAPLNM	RemoteAccess - Pooled (Legacy)-NewMaintenance
01tWC00000FCKKUYA5	NW-INT-RNM-RAPLNM-TECH	RemoteAccess - Pooled (Legacy) (Technical)-NewMaintenance
01tWC00000DD1XlYAL	NW-INT-RNM-RAPNM	RemoteAccess - Pooled-NewMaintenance
01tWC00000FCKKQYA5	NW-INT-RNM-RAPNM-TECH	RemoteAccess - Pooled (Technical)-NewMaintenance
01tWC00000DD1XsYAL	NW-INT-RNM-RASFNM	RemoteAccess Server Fee-NewMaintenance
01tWC00000FCKKXYA5	NW-INT-RNM-RASFNM-TECH	RemoteAccess Server Fee (Technical)-NewMaintenance
01tWC00000DD1XfYAL	NW-IRA-RNM-RAILNM	RemoteAccess - Individual (Legacy)-NewMaintenance
01tWC00000FCKKKYA5	NW-IRA-RNM-RAILNM-TECH	RemoteAccess - Individual (Legacy) (Technical)-NewMaintenance
01tWC00000DD1XbYAL	NW-IRA-RNM-RAINM	RemoteAccess - Individual-NewMaintenance
01tWC00000FCKKGYA5	NW-IRA-RNM-RAINM-TECH	RemoteAccess - Individual (Technical)-NewMaintenance
01tWC00000DD18pYAD	OS-CI-RNM-COIM	Core Impact-NewMaintenance
01tWC00000FBLafYAH	OS-CI-RNM-COIM-TECH	Core Impact (Technical)-NewMaintenance
01tWC00000DD1TdYAL	OS-CI-RNM-OFFENE	Offensive Security-NewMaintenance
01tWC00000FBLajYAH	OS-CI-RNM-OFFENE-TECH	Offensive Security (Technical)-NewMaintenance
01tWC00000FCUfAYAX	PIA-PIA-RNM-PIAMBK-TECH	Powertech Identity & Access Manager (BoKS) (Technical)-NewMaintenance
01tWC00000INlzxYAD	RNM-T-1782244241233	RNM Test
01tWC00000DD14GYAT	RPA-AIC-RNM-AICNM	Automate Intelligent Capture-NewMaintenance
01tWC00000FCPSZYA5	RPA-AIC-RNM-AICNM-TECH	Automate Intelligent Capture (Technical)-NewMaintenance
01tWC00000DD13pYAD	RPA-AUD-RNM-ADNM	Automate Desktop-NewMaintenance
01tWC00000FCQQPYA5	RPA-AUD-RNM-ADNM-TECH	Automate Desktop (Technical)-NewMaintenance
01tWC00000DD14AYAT	RPA-AUD-RNM-AFPNM	Automate Full/Premium-NewMaintenance
01tWC00000FCQQgYAP	RPA-AUD-RNM-AFPNM-TECH	Automate Full/Premium (Technical)-NewMaintenance
01tWC00000DD14mYAD	RPA-AUD-RNM-APAPNM	Automate Professional Action Pack-NewMaintenance
01tWC00000FCPSyYAP	RPA-AUD-RNM-APAPNM-TECH	Automate Professional Action Pack (Technical)-NewMaintenance
01tWC00000DD14iYAD	RPA-AUD-RNM-AUPR	Automate Professional-NewMaintenance
01tWC00000FCPSuYAP	RPA-AUD-RNM-AUPR-TECH	Automate Professional (Technical)-NewMaintenance
01tWC00000DD14tYAD	RPA-AUD-RNM-AURU	Automate Runtime-NewMaintenance
01tWC00000FCPT5YAP	RPA-AUD-RNM-AURU-TECH	Automate Runtime (Technical)-NewMaintenance
01tWC00000DD140YAD	RPA-AUT-RNM-AEANM	Automate Enterprise Agent-NewMaintenance
01tWC00000FCQQXYA5	RPA-AUT-RNM-AEANM-TECH	Automate Enterprise Agent (Technical)-NewMaintenance
01tWC00000DD144YAD	RPA-AUT-RNM-AEDTNM	Automate Enterprise Developer Tools-NewMaintenance
01tWC00000FCQQbYAP	RPA-AUT-RNM-AEDTNM-TECH	Automate Enterprise Developer Tools (Technical)-NewMaintenance
01tWC00000FCPSaYAP	RPA-AUT-RNM-AMAONM-TECH	Automate Maintenance Add Ons (Technical)-NewMaintenance
01tWC00000DD14VYAT	RPA-AUT-RNM-AOCNM	Automate Ops Console-NewMaintenance
01tWC00000FCPSkYAP	RPA-AUT-RNM-AOCNM-TECH	Automate Ops Console (Technical)-NewMaintenance
01tWC00000DD14PYAT	RPA-AUT-RNM-AORNM	Automate OEM Royalty-NewMaintenance
01tWC00000FCPSfYAP	RPA-AUT-RNM-AORNM-TECH	Automate OEM Royalty (Technical)-NewMaintenance
01tWC00000DD14ZYAT	RPA-AUT-RNM-APNM	Automate Plus-NewMaintenance
01tWC00000FCPSoYAP	RPA-AUT-RNM-APNM-TECH	Automate Plus (Technical)-NewMaintenance
01tWC00000FCPTAYA5	RPA-AUT-RNM-AUNM-TECH	Automate Ultimate (Technical)-NewMaintenance
01tWC00000DD13wYAD	RPA-AUT-RNM-AUTOMA	Automate Enterprise-NewMaintenance
01tWC00000FCQQTYA5	RPA-AUT-RNM-AUTOMA-TECH	Automate Enterprise (Technical)-NewMaintenance
01tWC00000FCKKeYAP	RPA-AUT-RNM-RPANEW-TECH	Robotic Process Automation (Technical)-NewMaintenance
01tWC00000DD128YAD	SM-AI-RNM-ALERNE	Alert Intelligence-NewMaintenance
01tWC00000FCG2JYAX	SM-AI-RNM-ALERNE-TECH	Alert Intelligence (Technical)-NewMaintenance
01tWC00000DD13gYAD	SM-AJM-RNM-AJMNM	Audit Journal Manager-NewMaintenance
01tWC00000FCDmFYAX	SM-AJM-RNM-AJMNM-TECH	Audit Journal Manager (Technical)-NewMaintenance
01tWC00000DD11bYAD	SM-AJS-RNM-AJSNM	Advanced Job Scheduler-NewMaintenance
01tWC00000FCG20YAH	SM-AJS-RNM-AJSNM-TECH	Advanced Job Scheduler (Technical)-NewMaintenance
01tWC00000DD11jYAD	SM-ARS-RNM-ARSLNM	Advanced Reporting Suite License-NewMaintenance
01tWC00000FCG28YAH	SM-ARS-RNM-ARSLNM-TECH	Advanced Reporting Suite License (Technical)-NewMaintenance
01tWC00000DD11fYAD	SM-ARS-RNM-ARSNM	Advanced Reporting Suite-NewMaintenance
01tWC00000FCG24YAH	SM-ARS-RNM-ARSNM-TECH	Advanced Reporting Suite (Technical)-NewMaintenance
01tWC00000DD13kYAD	SM-AUS-RNM-AUTHNE	Authority Swapper-NewMaintenance
01tWC00000FCDmJYAX	SM-AUS-RNM-AUTHNE-TECH	Authority Swapper (Technical)-NewMaintenance
01tWC00000DD1C6YAL	SM-DSM-RNM-DSMNEW	Disk Space Manager-NewMaintenance
01tWC00000FCGCzYAP	SM-DSM-RNM-DSMNEW-TECH	Disk Space Manager (Technical)-NewMaintenance
01tWC00000DD1HPYA1	SM-EC-RNM-ECNM	Enterprise Console-NewMaintenance
01tWC00000FCD0vYAH	SM-EC-RNM-ECNM-TECH	Enterprise Console (Technical)-NewMaintenance
01tWC00000DD1DnYAL	SM-EV-RNM-EASYNE	Easy View-NewMaintenance
01tWC00000FCGD7YAP	SM-EV-RNM-EASYNE-TECH	Easy View (Technical)-NewMaintenance
01tWC00000DD1POYA1	SM-HAM-RNM-HAMNEW	HA-MX Monitor-NewMaintenance
01tWC00000FCD16YAH	SM-HAM-RNM-HAMNEW-TECH	HA-MX Monitor (Technical)-NewMaintenance
01tWC00000DD16eYAD	SM-HCS-RNM-CGISNE	CGI Suite-NewMaintenance
01tWC00000FCGCcYAP	SM-HCS-RNM-CGISNE-TECH	CGI Suite (Technical)-NewMaintenance
01tWC00000DD196YAD	SM-HCS-RNM-COSTNE	Costco Suite-NewMaintenance
01tWC00000FCGCgYAP	SM-HCS-RNM-COSTNE-TECH	Costco Suite (Technical)-NewMaintenance
01tWC00000DD1LfYAL	SM-HCS-RNM-GANNNE	Gannett Suite-NewMaintenance
01tWC00000FCD0xYAH	SM-HCS-RNM-GANNNE-TECH	Gannett Suite (Technical)-NewMaintenance
01tWC00000DD1Q9YAL	SM-HCS-RNM-IFDSNE	IFDS Suite-NewMaintenance
01tWC00000DD1RNYA1	SM-HCS-RNM-MIZUNE	Mizuno Suite-NewMaintenance
01tWC00000FCKSnYAP	SM-HCS-RNM-MIZUNE-TECH	Mizuno Suite (Technical)-NewMaintenance
01tWC00000DD1U0YAL	SM-HCS-RNM-PARANE	Paragon Suite-NewMaintenance
01tWC00000FCLy4YAH	SM-HCS-RNM-PARANE-TECH	Paragon Suite (Technical)-NewMaintenance
01tWC00000DD1PSYA1	SM-HEP-RNM-HEPMNM	Halcyon Exit Point Manager-NewMaintenance
01tWC00000FCD1AYAX	SM-HEP-RNM-HEPMNM-TECH	Halcyon Exit Point Manager (Technical)-NewMaintenance
01tWC00000DD1QRYA1	SM-LAA-RNM-LAASNE	Lvl3: Advanced Automation Suite-NewMaintenance
01tWC00000FCD1aYAH	SM-LAA-RNM-LAASNE-TECH	Lvl3: Advanced Automation Suite (Technical)-NewMaintenance
01tWC00000DD1QJYA1	SM-LMM-RNM-LMMSNE	Lvl1: Message Management Suite-NewMaintenance
01tWC00000FCD1SYAX	SM-LMM-RNM-LMMSNE-TECH	Lvl1: Message Management Suite (Technical)-NewMaintenance
01tWC00000DD1QVYA1	SM-LOC-RNM-LOCSNE	Lvl4: Operations Center Suite-NewMaintenance
01tWC00000DD1QNYA1	SM-LSO-RNM-LSOSNE	Lvl2: Systems Operations Suite-NewMaintenance
01tWC00000FCD1WYAX	SM-LSO-RNM-LSOSNE-TECH	Lvl2: Systems Operations Suite (Technical)-NewMaintenance
01tWC00000DD1R8YAL	SM-MES-RNM-MESSNE	MessengerConsole-NewMaintenance
01tWC00000FCKSfYAP	SM-MES-RNM-MESSNE-TECH	MessengerConsole (Technical)-NewMaintenance
01tWC00000DD1RCYA1	SM-MP-RNM-MPNM	MessengerPlus-NewMaintenance
01tWC00000FCKSjYAP	SM-MP-RNM-MPNM-TECH	MessengerPlus (Technical)-NewMaintenance
01tWC00000DD1RbYAL	SM-MQM-RNM-MQMNEW	MQ Manager-NewMaintenance
01tWC00000FCKSvYAP	SM-MQM-RNM-MQMNEW-TECH	MQ Manager (Technical)-NewMaintenance
01tWC00000DD121YAD	SM-NSS-RNM-AIXOPN	AIX on Power-NewMaintenance
01tWC00000FCG2CYAX	SM-NSS-RNM-AIXOPN-TECH	AIX on Power (Technical)-NewMaintenance
01tWC00000DCwWwYAL	SM-NSS-RNM-LOPNEW	Linux on Power-NewMaintenance
01tWC00000FCD0sYAH	SM-NSS-RNM-LOPNEW-TECH	Linux on Power (Technical)-NewMaintenance
01tWC00000DD0ADYA1	SM-NSS-RNM-NSSAIX	NSS - AIX-NewMaintenance
01tWC00000FCKSRYA5	SM-NSS-RNM-NSSAIX-TECH	NSS - AIX (Technical)-NewMaintenance
01tWC00000FCLxhYAH	SM-NSS-RNM-NSSAIX-TECH-2	NSS - AIX (Technical)-NewMaintenance
01tWC00000DD0AHYA1	SM-NSS-RNM-NSSLNM	NSS - Linux-NewMaintenance
01tWC00000FCLxkYAH	SM-NSS-RNM-NSSLNM-TECH	NSS - Linux (Technical)-NewMaintenance
01tWC00000DD0ALYA1	SM-NSS-RNM-NSSSNM	NSS - SNMP Trap Receiver-NewMaintenance
01tWC00000FCLxoYAH	SM-NSS-RNM-NSSSNM-TECH	NSS - SNMP Trap Receiver (Technical)-NewMaintenance
01tWC00000DD0APYA1	SM-NSS-RNM-NSSVIO	NSS - VIOS-NewMaintenance
01tWC00000FCLxsYAH	SM-NSS-RNM-NSSVIO-TECH	NSS - VIOS (Technical)-NewMaintenance
01tWC00000DD0ATYA1	SM-NSS-RNM-NSSWAM	NSS - Web Application Monitor-NewMaintenance
01tWC00000FCLxwYAH	SM-NSS-RNM-NSSWAM-TECH	NSS - Web Application Monitor (Technical)-NewMaintenance
01tWC00000DD0AXYA1	SM-NSS-RNM-NSSWNM	NSS - Windows-NewMaintenance
01tWC00000FCLy0YAH	SM-NSS-RNM-NSSWNM-TECH	NSS - Windows (Technical)-NewMaintenance
01tWC00000DD1UWYA1	SM-PFA-RNM-PAGNEW	Perf Analyzer GUI-NewMaintenance
01tWC00000FCLyGYAX	SM-PFA-RNM-PAGNEW-TECH	Perf Analyzer GUI (Technical)-NewMaintenance
01tWC00000DD1UaYAL	SM-PFA-RNM-PANM	Performance Analyzer-NewMaintenance
01tWC00000FCLyKYAX	SM-PFA-RNM-PANM-TECH	Performance Analyzer (Technical)-NewMaintenance
01tWC00000DD1USYA1	SM-PKP-RNM-PEEKNE	PeekPlus-NewMaintenance
01tWC00000FCLyCYAX	SM-PKP-RNM-PEEKNE-TECH	PeekPlus (Technical)-NewMaintenance
01tWC00000DD125YAD	SM-PN-RNM-AIXSTD	AIX STD-NewMaintenance
01tWC00000FCG2GYAX	SM-PN-RNM-AIXSTD-TECH	AIX STD (Technical)-NewMaintenance
01tWC00000DD15fYAD	SM-PN-RNM-CPWPNN	Capacity Planning with Performance Navigator-NewMaintenance
01tWC00000FCGCSYA5	SM-PN-RNM-CPWPNN-TECH	Capacity Planning with Performance Navigator (Technical)-NewMaintenance
01tWC00000DD1QjYAL	SM-PN-RNM-MCPRNE	MCP Remote Support-NewMaintenance
01tWC00000FCKSUYA5	SM-PN-RNM-MCPRNE-TECH	MCP Remote Support (Technical)-NewMaintenance
01tWC00000DD1UmYAL	SM-PN-RNM-PNIINM	Performance Navigator for IBM i-NewMaintenance
01tWC00000FCN3kYAH	SM-PN-RNM-PNIINM-TECH	Performance Navigator for IBM i (Technical)-NewMaintenance
01tWC00000DD1UiYAL	SM-PN-RNM-PNNM	Performance Navigator-NewMaintenance
01tWC00000DD1cZYAT	SM-PN-RNM-POWENE	PowerVM-NewMaintenance
01tWC00000FCN3oYAH	SM-PN-RNM-POWENE-TECH	PowerVM (Technical)-NewMaintenance
01tWC00000DD237YAD	SM-PN-RNM-VCPPNM	VISUAL Control Performance Planner-NewMaintenance
01tWC00000FCN40YAH	SM-PN-RNM-VCPPNM-TECH	VISUAL Control Performance Planner (Technical)-NewMaintenance
01tWC00000DD1wAYAT	SM-PN-RNM-VINM	VISUAL Control Performance Planner - Any Tier- All LPARs-NewMaintenance
01tWC00000FCN3rYAH	SM-PN-RNM-VINM-TECH	VISUAL Control Performance Planner - Any Tier- All LPARs (Technical)-NewMaintenance
01tWC00000DD1wEYAT	SM-PN-RNM-VISUCO	VISUAL Control Performance Planner - for iSeries-NewMaintenance
01tWC00000FCN3vYAH	SM-PN-RNM-VISUCO-TECH	VISUAL Control Performance Planner - for iSeries (Technical)-NewMaintenance
01tWC00000DD1U9YAL	SM-PRM-RNM-PASSNE	Password Reset-NewMaintenance
01tWC00000FCLy8YAH	SM-PRM-RNM-PASSNE-TECH	Password Reset (Technical)-NewMaintenance
01tWC00000DD1WnYAL	SM-QMM-RNM-QMESNE	QMessage Monitor-NewMaintenance
01tWC00000DD1WrYAL	SM-QRC-RNM-QREMNE	QRemote Control-NewMaintenance
01tWC00000DD1WvYAL	SM-QSM-RNM-QSYSNE	QSystem Monitor-NewMaintenance
01tWC00000DD1X9YAL	SM-RAP-RNM-RECONE	Record and Playback-NewMaintenance
01tWC00000DD1YPYA1	SM-RAT-RNM-ROAU	Robot Autotune-NewMaintenance
01tWC00000DD1YnYAL	SM-RCP-RNM-RONM	Robot CPA-NewMaintenance
01tWC00000DD1YrYAL	SM-RHA-RNM-RHNM	Robot HA-NewMaintenance
01tWC00000DD1QFYA1	SM-RLP-RNM-LPARNE	LPAR-NewMaintenance
01tWC00000FCD1OYAX	SM-RLP-RNM-LPARNE-TECH	LPAR (Technical)-NewMaintenance
01tWC00000DD1YLYA1	SM-ROA-RNM-RANM	Robot Alert-NewMaintenance
01tWC00000DD20vYAD	SM-ROB-RNM-RBCANM	Robot Bundle - Console & Alert-NewMaintenance
01tWC00000DD239YAD	SM-ROB-RNM-RBCANNM	Robot Bundle - Console, Alert, Network-NewMaintenance
01tWC00000DD1YTYA1	SM-ROB-RNM-RBNM	Robot Bundle-NewMaintenance
01tWC00000DD23BYAT	SM-ROB-RNM-RBSANM	Robot Bundle - Schedule & Alert-NewMaintenance
01tWC00000DD23DYAT	SM-ROB-RNM-RBSANNM	Robot Bundle - Schedule, Alert, Network-NewMaintenance
01tWC00000DD20tYAD	SM-ROB-RNM-RBSARNM	Robot Bundle - Schedule, Alert, Replay-NewMaintenance
01tWC00000DD1YjYAL	SM-ROC-RNM-ROCO	Robot Console-NewMaintenance
01tWC00000DD1RWYA1	SM-ROM-RNM-MONINE	Monitor-NewMaintenance
01tWC00000FCKSqYAP	SM-ROM-RNM-MONINE-TECH	Monitor (Technical)-NewMaintenance
01tWC00000DD1YvYAL	SM-ROM-RNM-RMANM	Robot Monitor - AIX-NewMaintenance
01tWC00000DD1YzYAL	SM-ROM-RNM-RMLNM	Robot Monitor - Linux-NewMaintenance
01tWC00000DD1Z3YAL	SM-ROM-RNM-RMVNM	Robot Monitor - VIOS-NewMaintenance
01tWC00000DD09qYAD	SM-RON-RNM-NAHNM	NETWORK-Alternative Host-NewMaintenance
01tWC00000FCKSBYA5	SM-RON-RNM-NAHNM-TECH	NETWORK-Alternative Host (Technical)-NewMaintenance
01tWC00000DD09uYAD	SM-RON-RNM-NHNM	NETWORK-Host-NewMaintenance
01tWC00000FCKSFYA5	SM-RON-RNM-NHNM-TECH	NETWORK-Host (Technical)-NewMaintenance
01tWC00000DD09yYAD	SM-RON-RNM-NNNM	NETWORK-Node-NewMaintenance
01tWC00000FCKSJYA5	SM-RON-RNM-NNNM-TECH	NETWORK-Node (Technical)-NewMaintenance
01tWC00000DD1Z7YAL	SM-ROR-RNM-RRNM	Robot Replay-NewMaintenance
01tWC00000DD1ZFYA1	SM-ROS-RNM-RSNM	Robot Save-NewMaintenance
01tWC00000DD16ZYAT	SM-ROT-RNM-CDBNEW	CD Builder-NewMaintenance
01tWC00000FCGCYYA5	SM-ROT-RNM-CDBNEW-TECH	CD Builder (Technical)-NewMaintenance
01tWC00000DD1ZjYAL	SM-ROT-RNM-RTNM	Robot Transform-NewMaintenance
01tWC00000DD1ZBYA1	SM-RRE-RNM-RORE	Robot Reports-NewMaintenance
01tWC00000DD1ZJYA1	SM-RSC-RNM-ROSC	Robot Schedule-NewMaintenance
01tWC00000DD1ZRYA1	SM-RSE-RNM-RSEANM	Robot Schedule Enterprise Agent-NewMaintenance
01tWC00000DD1ZNYA1	SM-RSE-RNM-RSENM	Robot Schedule Enterprise-NewMaintenance
01tWC00000DD1ZUYA1	SM-RSI-RNM-RSEOIN	Robot Schedule EnterpriseOne Interface-NewMaintenance
01tWC00000DD1ZeYAL	SM-RSP-RNM-ROBOSP	Robot Space-NewMaintenance
01tWC00000DD1dlYAD	SM-SAP-RNM-SAPINE	SAP Interface-NewMaintenance
01tWC00000DD1lWYAT	SM-SFM-RNM-SFMDNM	Spooled File Mgr-DMS-NewMaintenance
01tWC00000DD1lSYAT	SM-SFM-RNM-SFMNM	Spooled File Manager-NewMaintenance
01tWC00000DD15MYAT	SM-SMB-RNM-BUNDLE	BUNDLE - Message, Monitor, Remote Control-NewMaintenance
01tWC00000FCDmNYAX	SM-SMB-RNM-BUNDLE-TECH	BUNDLE - Message, Monitor, Remote Control (Technical)-NewMaintenance
01tWC00000DD1lEYAT	SM-SNP-RNM-SNAPNE	Snapshot/TSC-NewMaintenance
01tWC00000FCG1xYAH	SM-SYM-RNM-ALCMNE-TECH	A la Carte Menu and Security System (Technical)-NewMaintenance
01tWC00000DD1D4YAL	SM-SYM-RNM-DMSNM	Document Management System-NewMaintenance
01tWC00000FCGD3YAP	SM-SYM-RNM-DMSNM-TECH	Document Management System (Technical)-NewMaintenance
01tWC00000DD1PLYA1	SM-SYM-RNM-GSMTC6	GSM TC65 Terminal Ph-NewMaintenance
01tWC00000FCD13YAH	SM-SYM-RNM-GSMTC6-TECH	GSM TC65 Terminal Ph (Technical)-NewMaintenance
01tWC00000DD1PIYA1	SM-SYM-RNM-GSMTTP	GSM TC35 Terminal Ph-NewMaintenance
01tWC00000FCD10YAH	SM-SYM-RNM-GSMTTP-TECH	GSM TC35 Terminal Ph (Technical)-NewMaintenance
01tWC00000DD1PcYAL	SM-SYM-RNM-HHHNEW	HMM, HEP, HPM-NewMaintenance
01tWC00000FCD1HYAX	SM-SYM-RNM-HHHNEW-TECH	HMM, HEP, HPM (Technical)-NewMaintenance
01tWC00000DD1R0YAL	SM-SYM-RNM-MECO	Message Communicator-NewMaintenance
01tWC00000FCKSXYA5	SM-SYM-RNM-MECO-TECH	Message Communicator (Technical)-NewMaintenance
01tWC00000DD1R4YAL	SM-SYM-RNM-MMNM	Message Manager-NewMaintenance
01tWC00000FCKSbYAP	SM-SYM-RNM-MMNM-TECH	Message Manager (Technical)-NewMaintenance
01tWC00000DD0A9YAL	SM-SYM-RNM-N5UNEW	Nport 5110-UK-NewMaintenance
01tWC00000FCKSNYA5	SM-SYM-RNM-N5UNEW-TECH	Nport 5110-UK (Technical)-NewMaintenance
01tWC00000DD1UeYAL	SM-SYM-RNM-PMNM	Performance Monitor-NewMaintenance
01tWC00000FCLyOYAX	SM-SYM-RNM-PMNM-TECH	Performance Monitor (Technical)-NewMaintenance
01tWC00000DD1YfYAL	SM-SYM-RNM-RCNM	Robot Client-NewMaintenance
01tWC00000FCJ7yYAH	SM-SYM-RNM-RCNM-TECH	Robot Client (Technical)-NewMaintenance
01tWC00000DD1ZbYAL	SM-SYM-RNM-ROBOSE	Robot Services-NewMaintenance
01tWC00000FCJ85YAH	SM-SYM-RNM-ROBOSE-TECH	Robot Services (Technical)-NewMaintenance
01tWC00000DD1ZnYAL	SM-SYM-RNM-ROTR	Robot Trapper-NewMaintenance
01tWC00000FCJ88YAH	SM-SYM-RNM-ROTR-TECH	Robot Trapper (Technical)-NewMaintenance
01tWC00000DD1Y6YAL	SM-SYM-RNM-RTMNEW	Restricted Tasks Manager-NewMaintenance
01tWC00000FCJ7uYAH	SM-SYM-RNM-RTMNEW-TECH	Restricted Tasks Manager (Technical)-NewMaintenance
01tWC00000DD1ZrYAL	SM-SYM-RNM-RUNM	Robot UPS-NewMaintenance
01tWC00000FCJ8CYAX	SM-SYM-RNM-RUNM-TECH	Robot UPS (Technical)-NewMaintenance
01tWC00000DD1fVYAT	SM-SYM-RNM-SNM	Security-NewMaintenance
01tWC00000FCJ8IYAX	SM-SYM-RNM-SNM-TECH	Security (Technical)-NewMaintenance
01tWC00000DD1mPYAT	SM-SYM-RNM-SYSTNE	Systems Management-NewMaintenance
01tWC00000FCJ8MYAX	SM-SYM-RNM-SYSTNE-TECH	Systems Management (Technical)-NewMaintenance
01tWC00000DD1mZYAT	SM-TSK-RNM-TASKNE	Task Supervisor-NewMaintenance
01tWC00000FCGbsYAH	SM-TSK-RNM-TASKNE-TECH	Task Supervisor (Technical)-NewMaintenance
01tWC00000DD12GYAT	SM-VIT-RNM-ABANM	Alignia - Business Application-NewMaintenance
01tWC00000FCG2RYAX	SM-VIT-RNM-ABANM-TECH	Alignia - Business Application (Technical)-NewMaintenance
01tWC00000DD12KYAT	SM-VIT-RNM-ABCNM	Alignia - Business Consumers-NewMaintenance
01tWC00000FCG2VYAX	SM-VIT-RNM-ABCNM-TECH	Alignia - Business Consumers (Technical)-NewMaintenance
01tWC00000DD12CYAT	SM-VIT-RNM-ABPNM	Alignia - Batch Process-NewMaintenance
01tWC00000FCG2NYAX	SM-VIT-RNM-ABPNM-TECH	Alignia - Batch Process (Technical)-NewMaintenance
01tWC00000DD12SYAT	SM-VIT-RNM-ABSINM	Alignia - Business Service Instance-NewMaintenance
01tWC00000FCG2dYAH	SM-VIT-RNM-ABSINM-TECH	Alignia - Business Service Instance (Technical)-NewMaintenance
01tWC00000DD12eYAD	SM-VIT-RNM-ACNM	Alignia - Core-NewMaintenance
01tWC00000FCDliYAH	SM-VIT-RNM-ACNM-TECH	Alignia - Core (Technical)-NewMaintenance
01tWC00000DD12aYAD	SM-VIT-RNM-ACPM	Alignia - Control Point-NewMaintenance
01tWC00000FCDleYAH	SM-VIT-RNM-ACPM-TECH	Alignia - Control Point (Technical)-NewMaintenance
01tWC00000DD12WYAT	SM-VIT-RNM-ACPNM	Alignia - Continuous Process-NewMaintenance
01tWC00000FCG2hYAH	SM-VIT-RNM-ACPNM-TECH	Alignia - Continuous Process (Technical)-NewMaintenance
01tWC00000DD12jYAD	SM-VIT-RNM-AENM	Alignia - Engine-NewMaintenance
01tWC00000FCDlnYAH	SM-VIT-RNM-AENM-TECH	Alignia - Engine (Technical)-NewMaintenance
01tWC00000DD12nYAD	SM-VIT-RNM-AESNM	Alignia - External Service-NewMaintenance
01tWC00000FCDlrYAH	SM-VIT-RNM-AESNM-TECH	Alignia - External Service (Technical)-NewMaintenance
01tWC00000DD12rYAD	SM-VIT-RNM-AISNM	Alignia - Internal Service-NewMaintenance
01tWC00000FCDlvYAH	SM-VIT-RNM-AISNM-TECH	Alignia - Internal Service (Technical)-NewMaintenance
01tWC00000DD12OYAT	SM-VIT-RNM-ALIGNI	Alignia - Business Process-NewMaintenance
01tWC00000FCG2ZYAX	SM-VIT-RNM-ALIGNI-TECH	Alignia - Business Process (Technical)-NewMaintenance
01tWC00000DD137YAD	SM-VIT-RNM-ALNM	Alignia Core-NewMaintenance
01tWC00000FCDmBYAX	SM-VIT-RNM-ALNM-TECH	Alignia Core (Technical)-NewMaintenance
01tWC00000DD12vYAD	SM-VIT-RNM-AOBSNM	Alignia - Online Business Service-NewMaintenance
01tWC00000FCDlzYAH	SM-VIT-RNM-AOBSNM-TECH	Alignia - Online Business Service (Technical)-NewMaintenance
01tWC00000DD133YAD	SM-VIT-RNM-ATINM	Alignia - Task Instance-NewMaintenance
01tWC00000FCDm7YAH	SM-VIT-RNM-ATINM-TECH	Alignia - Task Instance (Technical)-NewMaintenance
01tWC00000DD12zYAD	SM-VIT-RNM-ATNM	Alignia - Task-NewMaintenance
01tWC00000FCDm3YAH	SM-VIT-RNM-ATNM-TECH	Alignia - Task (Technical)-NewMaintenance
01tWC00000DD1qbYAD	SM-VIT-RNM-VIBMNM	Vityl IT & Business Monitoring-NewMaintenance
01tWC00000FCPq7YAH	SM-VIT-RNM-VIBMNM-TECH	Vityl IT & Business Monitoring (Technical)-NewMaintenance
01tWC00000DD1q2YAD	SM-VIT-RNM-VISUAM	VISUAL Message Center Dashboards-NewMaintenance
01tWC00000FCPq3YAH	SM-VIT-RNM-VISUAM-TECH	VISUAL Message Center Dashboards (Technical)-NewMaintenance
01tWC00000DD19wYAD	SM-VMC-RNM-DAMO	Data Monitor for iSeries Base Changes-NewMaintenance
01tWC00000FCGCrYAP	SM-VMC-RNM-DAMO-TECH	Data Monitor for iSeries Base Changes (Technical)-NewMaintenance
01tWC00000FCI5XYAX	SM-VMC-RNM-DAMO-TECH-2	Data Monitor for iSeries Base Changes (Technical)-NewMaintenance
01tWC00000FCI65YAH	SM-VMC-RNM-DAMO-TECH-TECH	Data Monitor for iSeries Base Changes (Technical) (Technical)-NewMaintenance
01tWC00000DD19sYAD	SM-VMC-RNM-DMISBC	Data Monitor for iSeries Base (Changes)-NewMaintenance
01tWC00000FCGCnYAP	SM-VMC-RNM-DMISBC-TECH	Data Monitor for iSeries Base (Changes) (Technical)-NewMaintenance
01tWC00000FCI5TYAX	SM-VMC-RNM-DMISBC-TECH-2	Data Monitor for iSeries Base (Changes) (Technical)-NewMaintenance
01tWC00000FCI61YAH	SM-VMC-RNM-DMISBC-TECH-TECH	Data Monitor for iSeries Base (Changes) (Technical) (Technical)-NewMaintenance
01tWC00000DD19oYAD	SM-VMC-RNM-DMISBN	Data Monitor for iSeries Base-NewMaintenance
01tWC00000FCGCjYAP	SM-VMC-RNM-DMISBN-TECH	Data Monitor for iSeries Base (Technical)-NewMaintenance
01tWC00000FCI5PYAX	SM-VMC-RNM-DMISBN-TECH-2	Data Monitor for iSeries Base (Technical)-NewMaintenance
01tWC00000FCI5xYAH	SM-VMC-RNM-DMISBN-TECH-TECH	Data Monitor for iSeries Base (Technical) (Technical)-NewMaintenance
01tWC00000DD1A0YAL	SM-VMC-RNM-DMISRN	Data Monitor for iSeries Reads-NewMaintenance
01tWC00000FCGCvYAP	SM-VMC-RNM-DMISRN-TECH	Data Monitor for iSeries Reads (Technical)-NewMaintenance
01tWC00000FCI5bYAH	SM-VMC-RNM-DMISRN-TECH-2	Data Monitor for iSeries Reads (Technical)-NewMaintenance
01tWC00000FCI69YAH	SM-VMC-RNM-DMISRN-TECH-TECH	Data Monitor for iSeries Reads (Technical) (Technical)-NewMaintenance
01tWC00000DD1fqYAD	SM-VMC-RNM-SKENM	Security KM Events-NewMaintenance
01tWC00000FCI5fYAH	SM-VMC-RNM-SKENM-TECH	Security KM Events (Technical)-NewMaintenance
01tWC00000DD1fuYAD	SM-VMC-RNM-SKINM	Security KM Incidents-NewMaintenance
01tWC00000FCI5jYAH	SM-VMC-RNM-SKINM-TECH	Security KM Incidents (Technical)-NewMaintenance
01tWC00000DD1fyYAD	SM-VMC-RNM-SKMNM	Security Knowledge Module-NewMaintenance
01tWC00000FCI5nYAH	SM-VMC-RNM-SKMNM-TECH	Security Knowledge Module (Technical)-NewMaintenance
01tWC00000DD1mVYAT	SM-VMC-RNM-T0PUNM	Tango/04 Portal User-NewMaintenance
01tWC00000FCI5rYAH	SM-VMC-RNM-T0PUNM-TECH	Tango/04 Portal User (Technical)-NewMaintenance
01tWC00000DD1w2YAD	SM-VMC-RNM-VCJM	VISUAL Control for Jobs-NewMaintenance
01tWC00000FCEGoYAP	SM-VMC-RNM-VCJM-TECH	VISUAL Control for Jobs (Technical)-NewMaintenance
01tWC00000DD1wIYAT	SM-VMC-RNM-VCLM	VISUAL Control/LPAR Tuner-NewMaintenance
01tWC00000FCEGwYAP	SM-VMC-RNM-VCLM-TECH	VISUAL Control/LPAR Tuner (Technical)-NewMaintenance
01tWC00000DD1w6YAD	SM-VMC-RNM-VCPM	VISUAL Control for Pools-NewMaintenance
01tWC00000FCEGsYAP	SM-VMC-RNM-VCPM-TECH	VISUAL Control for Pools (Technical)-NewMaintenance
01tWC00000DD1wMYAT	SM-VMC-RNM-VD5M	VISUAL Debugger 5250-NewMaintenance
01tWC00000FCEH0YAP	SM-VMC-RNM-VD5M-TECH	VISUAL Debugger 5250 (Technical)-NewMaintenance
01tWC00000DCyxxYAD	SM-VMC-RNM-VISEP	VMC iSeries Performance Agent-NewMaintenance
01tWC00000FCC8CYAX	SM-VMC-RNM-VISEP-TECH	VMC iSeries Performance Agent (Technical)-NewMaintenance
01tWC00000DD1rLYAT	SM-VMC-RNM-VISER	VMC - iSeries Performance Manager (VCJ & VCP)-NewMaintenance
01tWC00000FCPVRYA5	SM-VMC-RNM-VISER-TECH	VMC - iSeries Performance Manager (VCJ & VCP) (Technical)-NewMaintenance
01tWC00000DD1rDYAT	SM-VMC-RNM-VISM	VMC - iSeries Performance Agent (Powered by VCW)-NewMaintenance
01tWC00000FCPVJYA5	SM-VMC-RNM-VISM-TECH	VMC - iSeries Performance Agent (Powered by VCW) (Technical)-NewMaintenance
01tWC00000DD1q6YAD	SM-VMC-RNM-VISMES	VISUAL Message Center iSeries Base-NewMaintenance
01tWC00000FCEGKYA5	SM-VMC-RNM-VISMES-TECH	VISUAL Message Center iSeries Base (Technical)-NewMaintenance
01tWC00000DD1rTYAT	SM-VMC-RNM-VISSQ	VMC - iSeries SQL Agent-NewMaintenance
01tWC00000FCPVZYA5	SM-VMC-RNM-VISSQ-TECH	VMC - iSeries SQL Agent (Technical)-NewMaintenance
01tWC00000DD1rXYAT	SM-VMC-RNM-VISSU	VMC - iSeries Support Agent-NewMaintenance
01tWC00000FCPVdYAP	SM-VMC-RNM-VISSU-TECH	VMC - iSeries Support Agent (Technical)-NewMaintenance
01tWC00000DD1vyYAD	SM-VMC-RNM-VISUAL	VISUAL Control Center-NewMaintenance
01tWC00000FCEGmYAP	SM-VMC-RNM-VISUAL-TECH	VISUAL Control Center (Technical)-NewMaintenance
01tWC00000DD1qIYAT	SM-VMC-RNM-VISUAR	VISUAL Remote Control (add-on to VSP)-NewMaintenance
01tWC00000FCEGWYA5	SM-VMC-RNM-VISUAR-TECH	VISUAL Remote Control (add-on to VSP) (Technical)-NewMaintenance
01tWC00000DD1rnYAD	SM-VMC-RNM-VLSM	VMC - Linux Security Agent-NewMaintenance
01tWC00000FCPzhYAH	SM-VMC-RNM-VLSM-TECH	VMC - Linux Security Agent (Technical)-NewMaintenance
01tWC00000DD1qpYAD	SM-VMC-RNM-VMCA	VMC - Additional ThinkServer-NewMaintenance
01tWC00000FCEGeYAP	SM-VMC-RNM-VMCA-TECH	VMC - Additional ThinkServer (Technical)-NewMaintenance
01tWC00000DD1qtYAD	SM-VMC-RNM-VMCC	VMC - Cisco PIX/ASA Security Agent-NewMaintenance
01tWC00000FCEGiYAP	SM-VMC-RNM-VMCC-TECH	VMC - Cisco PIX/ASA Security Agent (Technical)-NewMaintenance
01tWC00000DD1qxYAD	SM-VMC-RNM-VMCD	VMC - Debugging Agent-NewMaintenance
01tWC00000FCPV3YAP	SM-VMC-RNM-VMCD-TECH	VMC - Debugging Agent (Technical)-NewMaintenance
01tWC00000DD1r5YAD	SM-VMC-RNM-VMCE	VMC - Exchange Server Operations Agent-NewMaintenance
01tWC00000FCPVBYA5	SM-VMC-RNM-VMCE-TECH	VMC - Exchange Server Operations Agent (Technical)-NewMaintenance
01tWC00000DD1r9YAD	SM-VMC-RNM-VMCH	VMC - Hub Option-NewMaintenance
01tWC00000FCPVFYA5	SM-VMC-RNM-VMCH-TECH	VMC - Hub Option (Technical)-NewMaintenance
01tWC00000DD1rjYAD	SM-VMC-RNM-VMCL	VMC - Linux Operations Agent-NewMaintenance
01tWC00000DD1wQYAT	SM-VMC-RNM-VMCM	VISUAL Message Center - Full Pack-NewMaintenance
01tWC00000FCEH4YAP	SM-VMC-RNM-VMCM-TECH	VISUAL Message Center - Full Pack (Technical)-NewMaintenance
01tWC00000DCyy4YAD	SM-VMC-RNM-VMCMO	VMC Monitoring Engine - Security-NewMaintenance
01tWC00000FCC8JYAX	SM-VMC-RNM-VMCMO-TECH	VMC Monitoring Engine - Security (Technical)-NewMaintenance
01tWC00000DD1rrYAD	SM-VMC-RNM-VMCN	VMC - Network Operations Agent-NewMaintenance
01tWC00000FCPzlYAH	SM-VMC-RNM-VMCN-TECH	VMC - Network Operations Agent (Technical)-NewMaintenance
01tWC00000DD1rzYAD	SM-VMC-RNM-VMCO	VMC - Oracle Operations Agent-NewMaintenance
01tWC00000FCPztYAH	SM-VMC-RNM-VMCO-TECH	VMC - Oracle Operations Agent (Technical)-NewMaintenance
01tWC00000DD1rbYAD	SM-VMC-RNM-VMCSAN	VMC - iSeries Support Agent (Powered by VSP)-NewMaintenance
01tWC00000FCPVhYAP	SM-VMC-RNM-VMCSAN-TECH	VMC - iSeries Support Agent (Powered by VSP) (Technical)-NewMaintenance
01tWC00000DD1sRYAT	SM-VMC-RNM-VMCU	VMC - Universal Transaction Agent - 5 Script Runners-NewMaintenance
01tWC00000FCQ0LYAX	SM-VMC-RNM-VMCU-TECH	VMC - Universal Transaction Agent - 5 Script Runners (Technical)-NewMaintenance
01tWC00000DD1shYAD	SM-VMC-RNM-VMCV	VMC - Visual Message Center Dashboards-NewMaintenance
01tWC00000DD1sxYAD	SM-VMC-RNM-VMCW	VMC - Web Availability & Response Time Agent-NewMaintenance
01tWC00000DD1t5YAD	SM-VMC-RNM-VMCWE	VMC - WebSphere MQ Operations Agent-NewMaintenance
01tWC00000DCyxpYAD	SM-VMC-RNM-VMCWIN	VMC - Windows Security Agent - 10 Units Package-NewMaintenance
01tWC00000FCC84YAH	SM-VMC-RNM-VMCWIN-TECH	VMC - Windows Security Agent - 10 Units Package (Technical)-NewMaintenance
01tWC00000DD1r1YAD	SM-VMC-RNM-VMDE	VMC - Debugging Agent (Powered by VDW)-NewMaintenance
01tWC00000FCPV7YAP	SM-VMC-RNM-VMDE-TECH	VMC - Debugging Agent (Powered by VDW) (Technical)-NewMaintenance
01tWC00000DCyy1YAD	SM-VMC-RNM-VMEM	VMC Monitoring Engine-NewMaintenance
01tWC00000FCC8GYAX	SM-VMC-RNM-VMEM-TECH	VMC Monitoring Engine (Technical)-NewMaintenance
01tWC00000DD1qAYAT	SM-VMC-RNM-VMESSA	VISUAL Message Center Suite for Operations-NewMaintenance
01tWC00000FCEGOYA5	SM-VMC-RNM-VMESSA-TECH	VISUAL Message Center Suite for Operations (Technical)-NewMaintenance
01tWC00000DD1rHYAT	SM-VMC-RNM-VMIS	VMC - iSeries Performance Manager-NewMaintenance
01tWC00000FCPVNYA5	SM-VMC-RNM-VMIS-TECH	VMC - iSeries Performance Manager (Technical)-NewMaintenance
01tWC00000DD1rPYAT	SM-VMC-RNM-VMISS	VMC - iSeries Security Agent-NewMaintenance
01tWC00000FCPVVYA5	SM-VMC-RNM-VMISS-TECH	VMC - iSeries Security Agent (Technical)-NewMaintenance
01tWC00000DD1rfYAD	SM-VMC-RNM-VMISV	VMC - iSeries VISION/Orion Agent-NewMaintenance
01tWC00000FCPVlYAP	SM-VMC-RNM-VMISV-TECH	VMC - iSeries VISION/Orion Agent (Technical)-NewMaintenance
01tWC00000DD1sJYAT	SM-VMC-RNM-VMSQ	VMC - SQL Server Operations Agent-NewMaintenance
01tWC00000FCQ0DYAX	SM-VMC-RNM-VMSQ-TECH	VMC - SQL Server Operations Agent (Technical)-NewMaintenance
01tWC00000DD1sVYAT	SM-VMC-RNM-VMUN	VMC - Universal Transaction Agent - Additional Script Runners-NewMaintenance
01tWC00000DD1slYAD	SM-VMC-RNM-VMVI	VMC - Visual Message Center Goals-NewMaintenance
01tWC00000DD1rvYAD	SM-VMC-RNM-VNSM	VMC - Network Syslog Agent-NewMaintenance
01tWC00000FCPzpYAH	SM-VMC-RNM-VNSM-TECH	VMC - Network Syslog Agent (Technical)-NewMaintenance
01tWC00000DD23FYAT	SM-VMC-RNM-VOANM	VMC - Operations Agent-NewMaintenance
01tWC00000FCQ0UYAX	SM-VMC-RNM-VOANM-TECH	VMC - Operations Agent (Technical)-NewMaintenance
01tWC00000DD1s3YAD	SM-VMC-RNM-VOSM	VMC - Oracle Security Agent-NewMaintenance
01tWC00000FCPzxYAH	SM-VMC-RNM-VOSM-TECH	VMC - Oracle Security Agent (Technical)-NewMaintenance
01tWC00000DD1s7YAD	SM-VMC-RNM-VPCM	VMC - Policy Compliance for Windows-NewMaintenance
01tWC00000FCQ01YAH	SM-VMC-RNM-VPCM-TECH	VMC - Policy Compliance for Windows (Technical)-NewMaintenance
01tWC00000DD1sBYAT	SM-VMC-RNM-VPUM	VMC - Portal Users-NewMaintenance
01tWC00000FCQ05YAH	SM-VMC-RNM-VPUM-TECH	VMC - Portal Users (Technical)-NewMaintenance
01tWC00000DD1qEYAT	SM-VMC-RNM-VRCM	VISUAL Remote Control-NewMaintenance
01tWC00000FCEGSYA5	SM-VMC-RNM-VRCM-TECH	VISUAL Remote Control (Technical)-NewMaintenance
01tWC00000DD1sFYAT	SM-VMC-RNM-VSAM	VMC - SLA Analytics-NewMaintenance
01tWC00000FCQ09YAH	SM-VMC-RNM-VSAM-TECH	VMC - SLA Analytics (Technical)-NewMaintenance
01tWC00000DD20rYAD	SM-VMC-RNM-VSANM	VMC - Security Agent-NewMaintenance
01tWC00000FCQ0SYAX	SM-VMC-RNM-VSANM-TECH	VMC - Security Agent (Technical)-NewMaintenance
01tWC00000DD1sNYAT	SM-VMC-RNM-VSQL	VMC - SQL Server Security Agent-NewMaintenance
01tWC00000FCQ0HYAX	SM-VMC-RNM-VSQL-TECH	VMC - SQL Server Security Agent (Technical)-NewMaintenance
01tWC00000DD1qMYAT	SM-VMC-RNM-VSSM	VISUAL Security Suite - Security Package-NewMaintenance
01tWC00000FCEGaYAP	SM-VMC-RNM-VSSM-TECH	VISUAL Security Suite - Security Package (Technical)-NewMaintenance
01tWC00000DD1sZYAT	SM-VMC-RNM-VUOM	VMC - Unix Operations Agent-NewMaintenance
01tWC00000DD1sdYAD	SM-VMC-RNM-VUSM	VMC - Unix Security Agent-NewMaintenance
01tWC00000DD1spYAD	SM-VMC-RNM-VVOM	VMC - VMware Operations Agent-NewMaintenance
01tWC00000DD1stYAD	SM-VMC-RNM-VVSM	VMC - VMware Security Agent-NewMaintenance
01tWC00000DCyxtYAD	SM-VMC-RNM-VWINDO	VMC - Windows Security Agent-NewMaintenance
01tWC00000FCC88YAH	SM-VMC-RNM-VWINDO-TECH	VMC - Windows Security Agent (Technical)-NewMaintenance
01tWC00000DD1t9YAD	SM-VMC-RNM-VWOM	VMC - Windows Operations Agent-NewMaintenance
01tWC00000DCyxlYAD	SM-VMC-RNM-VWPM	VMC - Windows Performance Agent-NewMaintenance
01tWC00000DD1t1YAD	SM-VMC-RNM-VWSM	VMC - WebSphere Application Server Operations Agent-NewMaintenance
01tWC00000IAMWLYA5	TYPE-PROBE-2	Type Probe 2
01tWC00000DCyyRYAT	VM-DDL-RNM-VULNNE	Vulnerability Management-NewMaintenance
01tWC00000FBWtZYAX	VM-DDL-RNM-VULNNE-TECH	Vulnerability Management (Technical)-NewMaintenance
