Id,Product2Id,Product2.ProductCode
01uWC000005mZ7bYAE,01tWC00000DD1BRYA1,FIM-FIM-RNM-DPEENM
01uWC000005mZ7cYAE,01tWC00000DD1BTYA1,FIM-FIM-RRM-DPEERM
01uWC000005pESkYAM,01tWC00000DD1OHYA1,GOA-GAM-RRM-GAPBRM
01uWC000005pESqYAM,01tWC00000DD1OMYA1,GOA-GAM-RNM-GASFNM
01uWC000005pESwYAM,01tWC00000DD1OOYA1,GOA-GAM-RRM-GASFRM
01uWC000005pET2YAM,01tWC00000DD1OQYA1,GOA-GAM-RNM-GASM
01uWC000005pET8YAM,01tWC00000DD1OSYA1,GOA-GAM-RRM-GOANS
01uWC000005pETEYA2,01tWC00000DD1OUYA1,GOA-GAM-RNM-GASMNM
01uWC000005pETKYA2,01tWC00000DD1OWYA1,GOA-GAM-RRM-GASMRM
01uWC000005pETQYA2,01tWC00000DD1OYYA1,GOA-GAM-RNM-GASDNM
01uWC000005pETWYA2,01tWC00000DD1OaYAL,GOA-GAM-RRM-GASDRM
01uWC000005pETcYAM,01tWC00000DD1OdYAL,GOA-GAM-RNM-GASLNM
01uWC000005pETiYAM,01tWC00000DD1OfYAL,GOA-GAM-RRM-GASLRM
01uWC000005pEToYAM,01tWC00000DD1OgYAL,GOA-GAM-RNM-GASSNM
01uWC000005pETuYAM,01tWC00000DD1OiYAL,GOA-GAM-RRM-GASSRM
01uWC000005pEU0YAM,01tWC00000DD1OkYAL,GOA-GAM-RNM-GASANM
01uWC000005pEU6YAM,01tWC00000DD1OmYAL,GOA-GAM-RRM-GASARM
01uWC000005pEUCYA2,01tWC00000DD1OoYAL,GOA-GAM-RNM-GASBNM
01uWC000005pHQLYA2,01tWC00000DCwVQYA1,DM-IFO-RRM-IFORRE
01uWC000005pHQRYA2,01tWC00000DCwVSYA1,DM-IFO-RNM-IFOREF
01uWC000005pHTlYAM,01tWC00000DCwVUYA1,DM-IFO-RRM-IFORFA
01uWC000005pHTrYAM,01tWC00000DCwVVYA1,DM-IBM-RNM-IFSTNE
01uWC000005pHTxYAM,01tWC00000DCwVXYA1,DM-IBM-RRM-IFSTRE
01uWC000005pHU3YAM,01tWC00000DCwVZYA1,DM-WCU-RNM-IVLNEW
01uWC000005pHU9YAM,01tWC00000DCwVbYAL,DM-WCU-RRM-IVLREN
01uWC000005pHUFYA2,01tWC00000DCwVcYAL,DM-WCU-RNM-IBONEW
01uWC000005pHULYA2,01tWC00000DCwVeYAL,DM-WCU-RRM-IBOREN
01uWC000005pHURYA2,01tWC00000DCwVhYAL,DM-DML-RNM-IPI4NE
01uWC000005pHUXYA2,01tWC00000DCwVjYAL,DM-DML-RRM-IPI4RE
01uWC000005pHUdYAM,01tWC00000DCwVlYAL,ES-SEG-RNM-IGSRNM
01uWC000005pHUjYAM,01tWC00000DCwVnYAL,ES-SEG-RRM-IGSRRM
01uWC000005pHUpYAM,01tWC00000DCwVpYAL,BI-ISA-RNM-INSINE
01uWC000005pHV0YAM,01tWC00000DCwW1YAL,CM-TQO-RNM-IACINE
01uWC000005pHV6YAM,01tWC00000DCwW3YAL,CM-TQO-RRM-IACIRE
01uWC000005pHVCYA2,01tWC00000DCwW4YAL,DM-WFM-RNM-INTENE
01uWC000005pHVIYA2,01tWC00000DCwW6YAL,DM-WFM-RRM-INTERE
01uWC000005pHVOYA2,01tWC00000DCwW8YAL,NW-INT-RNM-ISFNM
01uWC000005pHVUYA2,01tWC00000DCwWAYA1,NW-INT-RRM-ISFRM
01uWC000005pHVaYAM,01tWC00000DCwWBYA1,NW-INT-RNM-ISNM
01uWC000005pHVgYAM,01tWC00000DCwWDYA1,NW-INT-RRM-ISRM
01uWC000005pHVmYAM,01tWC00000DCwWFYA1,NW-INT-RNM-ISLNM
01uWC000005pHVsYAM,01tWC00000DCwWHYA1,NW-INT-RRM-ISLRM
01uWC000005pHVyYAM,01tWC00000DCwWJYA1,NW-INT-RNM-ISBNM
01uWC000005pHW4YAM,01tWC00000DCwWLYA1,NW-INT-RRM-ISBRM
01uWC000005pHWAYA2,01tWC00000DCwWOYA1,DP-DLP-RNM-INVENE
01uWC000005pHWGYA2,01tWC00000DCwWQYA1,DP-DLP-RRM-INVERE
01uWC000005pHWNYA2,01tWC00000DCwWYYA1,FIM-FIM-RNM-IP36TB
01uWC000005pHaIYAU,01tWC00000DD09mYAD,CS-DFT-RNM-NTCNM
01uWC000005pHaOYAU,01tWC00000DD09oYAD,CS-DFT-RRM-NTCRM
01uWC000005pHaUYAU,01tWC00000DD09qYAD,SM-RON-RNM-NAHNM
01uWC000005pHaaYAE,01tWC00000DD09sYAD,SM-RON-RRM-NAHRM
01uWC000005pHagYAE,01tWC00000DD09uYAD,SM-RON-RNM-NHNM
01uWC000005pHamYAE,01tWC00000DD09wYAD,SM-RON-RRM-NHRM
01uWC000005pHasYAE,01tWC00000DD09yYAD,SM-RON-RNM-NNNM
01uWC000005pHayYAE,01tWC00000DD0A0YAL,SM-RON-RRM-NNRM
01uWC000005pHb4YAE,01tWC00000DD0A2YAL,IGA-AAS-RNM-NSCCNE
01uWC000005pHbAYAU,01tWC00000DD0A4YAL,IGA-AAS-RRM-NSCCRE
01uWC000005pHbGYAU,01tWC00000DD0A6YAL,DP-DC-RNM-NOTENE
01uWC000005pHbMYAU,01tWC00000DD0A8YAL,DP-DC-RRM-NOTERE
01uWC000005pHbSYAU,01tWC00000DD0A9YAL,SM-SYM-RNM-N5UNEW
01uWC000005pHbYYAU,01tWC00000DD0ABYA1,SM-SYM-RRM-N5UREN
01uWC000005pHbeYAE,01tWC00000DD0ADYA1,SM-NSS-RNM-NSSAIX
01uWC000005pHbkYAE,01tWC00000DD0AFYA1,SM-NSS-RRM-NSSARM
01uWC000005pHbqYAE,01tWC00000DD0AHYA1,SM-NSS-RNM-NSSLNM
01uWC000005pHbwYAE,01tWC00000DD0AJYA1,SM-NSS-RRM-NSSLRM
01uWC000005pHc2YAE,01tWC00000DD0ALYA1,SM-NSS-RNM-NSSSNM
01uWC000005pHc8YAE,01tWC00000DD0ANYA1,SM-NSS-RRM-NSSSNT
01uWC000005pHcEYAU,01tWC00000DD0APYA1,SM-NSS-RNM-NSSVIO
01uWC000005pHcKYAU,01tWC00000DD0ARYA1,SM-NSS-RRM-NSSVRM
01uWC000005pHcQYAU,01tWC00000DD0ATYA1,SM-NSS-RNM-NSSWAM
01uWC000005pHcWYAU,01tWC00000DD0AVYA1,SM-NSS-RRM-NSSWEA
01uWC000005pHccYAE,01tWC00000DD0AXYA1,SM-NSS-RNM-NSSWNM
01uWC000005pHciYAE,01tWC00000DD0AZYA1,SM-NSS-RRM-NSSWRM
01uWC000005pHcoYAE,01tWC00000DD0AbYAL,ES-SEG-RNM-OCRF
01uWC000005pHcuYAE,01tWC00000DD0AdYAL,ES-SEG-RRM-OFIM
01uWC000005pHd0YAE,01tWC00000DD0AfYAL,ES-SEG-RNM-OFSM
01uWC000005pHd6YAE,01tWC00000DD0AhYAL,ES-SEG-RRM-OCFE
01uWC000005pHdCYAU,01tWC00000DD0AjYAL,ES-SXG-RNM-OCNM
01uWC000005pHdIYAU,01tWC00000DD0AlYAL,ES-SXG-RRM-OCRM
01uWC000005pHdOYAU,01tWC00000DD10VYAT,DP-DLP-RNM-DGSNM
01uWC000005pHq4YAE,01tWC00000DD13JYAT,CS-DFT-RRM-ASOCRM
01uWC000005pHqKYAU,01tWC00000DD13QYAT,IGA-AAS-RNM-ACISNE
01uWC000005pHwsYAE,01tWC00000DD13SYAT,IGA-AAS-RRM-ACISRE
01uWC000005pHwyYAE,01tWC00000DD13VYAT,DP-DLP-RNM-ATPNEW
01uWC000005pHx4YAE,01tWC00000DD13XYAT,DP-DLP-RRM-ATPREN
01uWC000005pHxFYAU,01tWC00000DD13aYAD,NW-AA-RRM-FLOWRE
01uWC000005pHxVYAU,01tWC00000DD13gYAD,SM-AJM-RNM-AJMNM
01uWC000005pHxbYAE,01tWC00000DD13iYAD,SM-AJM-RRM-AJMRM
01uWC000005pHxhYAE,01tWC00000DD13kYAD,SM-AUS-RNM-AUTHNE
01uWC000005pHxnYAE,01tWC00000DD13mYAD,SM-AUS-RRM-AUTHRE
01uWC000005pHxtYAE,01tWC00000DD13pYAD,RPA-AUD-RNM-ADNM
01uWC000005pHxzYAE,01tWC00000DD13rYAD,RPA-AUD-RRM-ADRM
01uWC000005pHy5YAE,01tWC00000DD13wYAD,RPA-AUT-RNM-AUTOMA
01uWC000005pHyBYAU,01tWC00000DD13yYAD,RPA-AUT-RRM-AURM
01uWC000005pHyHYAU,01tWC00000DD140YAD,RPA-AUT-RNM-AEANM
01uWC000005pHyNYAU,01tWC00000DD142YAD,RPA-AUT-RRM-AEARM
01uWC000005pHyTYAU,01tWC00000DD144YAD,RPA-AUT-RNM-AEDTNM
01uWC000005pHyZYAU,01tWC00000DD146YAD,RPA-AUT-RRM-AEDTRM
01uWC000005pHyfYAE,01tWC00000DD14AYAT,RPA-AUD-RNM-AFPNM
01uWC000005pHylYAE,01tWC00000DD14CYAT,RPA-AUD-RRM-AFPRM
01uWC000005pHyrYAE,01tWC00000DD14GYAT,RPA-AIC-RNM-AICNM
01uWC000005pHyxYAE,01tWC00000DD14IYAT,RPA-AIC-RRM-AICRM
01uWC000005pHz3YAE,01tWC00000DD14PYAT,RPA-AUT-RNM-AORNM
01uWC000005pHz9YAE,01tWC00000DD14RYAT,RPA-AUT-RRM-AORRM
01uWC000005pHzFYAU,01tWC00000DD14VYAT,RPA-AUT-RNM-AOCNM
01uWC000005pHzLYAU,01tWC00000DD14XYAT,RPA-AUT-RRM-AOCRM
01uWC000005pI4qYAE,01tWC00000DD1LvYAL,GOA-GAM-RNM-GAAANM
01uWC000005pI8FYAU,01tWC00000DD1LzYAL,GOA-GAM-RNM-GAARNM
01uWC000005pI8LYAU,01tWC00000DD1M1YAL,GOA-GAM-RRM-GAARRM
01uWC000005pI8WYAU,01tWC00000DD1M5YAL,GOA-GAM-RRM-GAAWRM
01uWC000005pI8cYAE,01tWC00000DD1M7YAL,GOA-GAM-RNM-GAAWRN
01uWC000005pI8iYAE,01tWC00000DD1M9YAL,GOA-GAM-RRM-GAAWRR
01uWC000005pI8oYAE,01tWC00000DD1MBYA1,GOA-GAM-RNM-GAANM
01uWC000005pI8uYAE,01tWC00000DD1MDYA1,GOA-GAM-RRM-GAARM
01uWC000005pI90YAE,01tWC00000DD1MFYA1,GOA-GAM-RNM-GAASRN
01uWC000005pI96YAE,01tWC00000DD1MHYA1,GOA-GAM-RRM-GAASRR
01uWC000005pI9CYAU,01tWC00000DD1MJYA1,GOA-GAM-RNM-GONM
01uWC000005pI9IYAU,01tWC00000DD1MLYA1,GOA-GAM-RRM-GORM
01uWC000005pI9OYAU,01tWC00000DD1MNYA1,GOA-GAM-RNM-GOANY
01uWC000005pI9UYAU,01tWC00000DD1MPYA1,GOA-GAM-RRM-GOAA
01uWC000005pI9aYAE,01tWC00000DD1MRYA1,GOA-GAM-RNM-GABANM
01uWC000005pI9gYAE,01tWC00000DD1MTYA1,GOA-GAM-RRM-GABARM
01uWC000005pI9mYAE,01tWC00000DD1MVYA1,GOA-GAM-RNM-GABAMN
01uWC000005pI9sYAE,01tWC00000DD1MXYA1,GOA-GAM-RRM-GABAMR
01uWC000005pI9yYAE,01tWC00000DD1MZYA1,GOA-GAM-RNM-GACCPN
01uWC000005pIA4YAM,01tWC00000DD1MbYAL,GOA-GAM-RRM-GACCPR
01uWC000005pIAAYA2,01tWC00000DD1MdYAL,GOA-GAM-RNM-GACCSN
01uWC000005pIAGYA2,01tWC00000DD1MfYAL,GOA-GAM-RRM-GACCSR
01uWC000005pIAMYA2,01tWC00000DD1MhYAL,GOA-GAM-RNM-GACM
01uWC000005pIASYA2,01tWC00000DD1MjYAL,GOA-GAM-RRM-GOAC
01uWC000005pIAYYA2,01tWC00000DD1MlYAL,GOA-GAM-RNM-GACBNM
01uWC000005pIAeYAM,01tWC00000DD1MpYAL,GOA-GAM-RRM-GACBRM
01uWC000005pIAkYAM,01tWC00000DD1MuYAL,GOA-GAM-RNM-GACSBN
01uWC000005pIAqYAM,01tWC00000DD1MxYAL,BI-SDW-RNM-SDWNM
01uWC000005pIAwYAM,01tWC00000DD1N1YAL,GOA-GAM-RRM-GACSBR
01uWC000005pIB2YAM,01tWC00000DD1N6YAL,GOA-GAM-RNM-GAEBNM
01uWC000005pIB8YAM,01tWC00000DD1N8YAL,GOA-GAM-RRM-GAEBRM
01uWC000005pIBEYA2,01tWC00000DD1NBYA1,GOA-GAM-RNM-GAFCSN
01uWC000005pIWLYA2,01tWC00000DD1q2YAD,SM-VIT-RNM-VISUAM
01uWC000005pIWRYA2,01tWC00000DD1q4YAD,SM-VIT-RRM-VISUME
01uWC000005pIWXYA2,01tWC00000DD1q6YAD,SM-VMC-RNM-VISMES
01uWC000005pIWdYAM,01tWC00000DD1q8YAD,SM-VMC-RRM-VIMESS
01uWC000005pIWjYAM,01tWC00000DD1qAYAT,SM-VMC-RNM-VMESSA
01uWC000005pIWpYAM,01tWC00000DD1qCYAT,SM-VMC-RRM-VISUMC
01uWC000005pIWvYAM,01tWC00000DD1qEYAT,SM-VMC-RNM-VRCM
01uWC000005pIX1YAM,01tWC00000DD1qGYAT,SM-VMC-RRM-VIRE
01uWC000005pIX7YAM,01tWC00000DD1qIYAT,SM-VMC-RNM-VISUAR
01uWC000005pIXDYA2,01tWC00000DD1qKYAT,SM-VMC-RRM-VISURE
01uWC000005pIXJYA2,01tWC00000DD1qMYAT,SM-VMC-RNM-VSSM
01uWC000005pIXPYA2,01tWC00000DD1qOYAT,SM-VMC-RRM-VISE
01uWC000005pIXVYA2,01tWC00000DD1qQYAT,CM-VCM-RNM-VCMNM
01uWC000005pIXbYAM,01tWC00000DD1qSYAT,CM-VCM-RRM-VCMRM
01uWC000005pIXhYAM,01tWC00000DD1qUYAT,CM-VCM-RNM-VCMENM
01uWC000005pIXnYAM,01tWC00000DD1qWYAT,CM-VCM-RRM-VCMERM
01uWC000005pIZVYA2,01tWC00000DD1qYYAT,CM-VCM-RNM-VCMLFN
01uWC000005pIZbYAM,01tWC00000DD1qaYAD,CM-VCM-RRM-VCMLFR
01uWC000005pIZhYAM,01tWC00000DD1qbYAD,SM-VIT-RNM-VIBMNM
01uWC000005pIZnYAM,01tWC00000DD1qdYAD,SM-VIT-RRM-VIBMRM
01uWC000005pIZtYAM,01tWC00000DD1qfYAD,CM-VIM-RNM-VMNM
01uWC000005pIZzYAM,01tWC00000DD1qhYAD,CM-VIM-RRM-VMRM
01uWC000005pIa5YAE,01tWC00000DD1qjYAD,CM-VIM-RNM-VMPPSN
01uWC000005pIaBYAU,01tWC00000DD1qlYAD,CM-VIM-RRM-VMPPSR
01uWC000005pIaHYAU,01tWC00000DD1qpYAD,SM-VMC-RNM-VMCA
01uWC000005pIaNYAU,01tWC00000DD1qrYAD,SM-VMC-RRM-VATM
01uWC000005pIaTYAU,01tWC00000DD1qtYAD,SM-VMC-RNM-VMCC
01uWC000005pIaZYAU,01tWC00000DD1qvYAD,SM-VMC-RRM-VMCCI
01uWC000005pIafYAE,01tWC00000DD1qxYAD,SM-VMC-RNM-VMCD
01uWC000005pIalYAE,01tWC00000DD1qzYAD,SM-VMC-RRM-VDAM
01uWC000005pIarYAE,01tWC00000DD1r1YAD,SM-VMC-RNM-VMDE
01uWC000005pIaxYAE,01tWC00000DD1r3YAD,SM-VMC-RRM-VMCDE
01uWC000005pIb3YAE,01tWC00000DD1r5YAD,SM-VMC-RNM-VMCE
01uWC000005pIb7YAE,01tWC00000DD1uMYAT,CM-TQU-RNM-UTQMOO
01uWC000005pIbDYAU,01tWC00000DD1uOYAT,CM-TQU-RRM-UTEQUE
01uWC000005pIbJYAU,01tWC00000DD1uQYAT,CM-TQU-RNM-UNNM
01uWC000005pIbPYAU,01tWC00000DD1uSYAT,CM-TQU-RRM-UNTQUM
01uWC000005pIbVYAU,01tWC00000DD1uUYAT,CM-TQU-RNM-UTEQMS
01uWC000005pIbbYAE,01tWC00000DD1uWYAT,CM-TQU-RRM-UTEQMO
01uWC000005pIbhYAE,01tWC00000DD1uYYAT,CM-TQU-RNM-UTQOFF
01uWC000005pIbnYAE,01tWC00000DD1uaYAD,CM-TQU-RRM-UNTQUO
01uWC000005pIbtYAE,01tWC00000DD1ucYAD,CM-TQU-RNM-UTQOMO
01uWC000005pIbzYAE,01tWC00000DD1ueYAD,CM-TQU-RRM-UNTQOM
01uWC000005pIc5YAE,01tWC00000DD1ugYAD,CM-TQU-RNM-UTQOOO
01uWC000005pIcBYAU,01tWC00000DD1uiYAD,CM-TQU-RRM-UTEQOO
01uWC000005pIcHYAU,01tWC00000DD1ukYAD,CM-TQU-RNM-UTEQOS
01uWC000005pIcNYAU,01tWC00000DD1umYAD,CM-TQU-RRM-UTQOOS
01uWC000005pIcTYAU,01tWC00000DD1uoYAD,CM-TQU-RNM-UTQPOO
01uWC000005pIcZYAU,01tWC00000DD1uqYAD,CM-TQU-RRM-UNTQUP
01uWC000005pIcfYAE,01tWC00000DD1usYAD,CM-TQU-RNM-UTEQPM
01uWC000005pIclYAE,01tWC00000DD1uuYAD,CM-TQU-RRM-UTEQPO
01uWC000005pIcrYAE,01tWC00000DD1uwYAD,CM-TQU-RNM-UTQPMO
01uWC000005pIcxYAE,01tWC00000DD1uyYAD,CM-TQU-RRM-UTQORM
01uWC000005pId3YAE,01tWC00000DD1v0YAD,CM-TQU-RNM-UNTQPM
01uWC000005pId9YAE,01tWC00000DD1v2YAD,CM-TQU-RRM-UTQPMM
01uWC000005pIdFYAU,01tWC00000DD1v4YAD,CM-TQU-RNM-UTQONM
01uWC000005pIdLYAU,01tWC00000DD1v6YAD,CM-TQU-RRM-UTQSRM
01uWC000005pIdRYAU,01tWC00000DD1v8YAD,CM-TQU-RNM-UTEQPR
01uWC000005pIdXYAU,01tWC00000DD1vAYAT,CM-TQU-RRM-UTQPRM
01uWC000005pIddYAE,01tWC00000DD1vCYAT,CM-TQU-RNM-UTQPRO
01uWC000005pIdjYAE,01tWC00000DD1vEYAT,CM-TQU-RRM-UTQRRM
01uWC000005pIdpYAE,01tWC00000DD1vGYAT,CM-TQU-RNM-UTQRDF
01uWC000005pIdvYAE,01tWC00000DD1vIYAT,CM-TQU-RRM-UNTQUR
01uWC000005pIe1YAE,01tWC00000DD1vKYAT,CM-TQU-RNM-UTQSOU
01uWC000005pIe7YAE,01tWC00000DD1vMYAT,CM-TQU-RRM-UNTQUS
01uWC000005pIeDYAU,01tWC00000DD1vOYAT,CM-TQU-RNM-UTQSOO
01uWC000005pIeJYAU,01tWC00000DD1vQYAT,CM-TQU-RRM-UNTQSO
01uWC000005pIl5YAE,01tWC00000DD22mYAD,GS-GSE-RRM-RAARM
01uWC000005pIlBYAU,01tWC00000DD236YAD,SM-PN-RRM-VCPPRM
01uWC000005pIlHYAU,01tWC00000DD237YAD,SM-PN-RNM-VCPPNM
01uWC000005pIoFYAU,01tWC00000DD226YAD,FIM-FIM-RRM-TEVEERM
01uWC000005pIoLYAU,01tWC00000DD227YAD,FIM-FIM-RNM-TSENM
01uWC000005pIoRYAU,01tWC00000DD228YAD,FIM-FIM-RRM-TSERM
01uWC000005pIoXYAU,01tWC00000DD229YAD,FIM-FIM-RNM-TIVSSNM
01uWC000005pIodYAE,01tWC00000DD22AYAT,FIM-FIM-RRM-TIVSSRM
01uWC000005pIojYAE,01tWC00000DD22BYAT,FIM-FIM-RNM-TIVTDCNM
01uWC000005pIopYAE,01tWC00000DD22CYAT,FIM-FIM-RRM-TIVTDCRM
01uWC000005pIovYAE,01tWC00000DD22DYAT,FIM-FIM-RNM-TSAEVNM
01uWC000005pIp1YAE,01tWC00000DD22EYAT,FIM-FIM-RRM-TSAEVRM
01uWC000005pIp7YAE,01tWC00000DD22FYAT,FIM-FML-RNM-VMENM
01uWC000005pIpDYAU,01tWC00000DD22GYAT,FIM-FML-RRM-VMERM
01uWC000005pIpJYAU,01tWC00000DD22HYAT,FIM-FML-RNM-VM1NM
01uWC000005pIpPYAU,01tWC00000DD22IYAT,FIM-TLC-RNM-TLCDNM
01uWC000005pIpVYAU,01tWC00000DD22JYAT,FIM-TLC-RNM-TLCNDENM
01uWC000005pIpbYAE,01tWC00000DD22KYAT,FIM-TLC-RRM-TLCNDERM
01uWC000005pIphYAE,01tWC00000DD22LYAT,FIM-TLC-RNM-TLCSDENM
01uWC000005pIpnYAE,01tWC00000DD22MYAT,FIM-TLC-RRM-TLCSDERM
01uWC000005pIptYAE,01tWC00000DD22NYAT,FIM-TLC-RNM-TLCMLENM
01uWC000005pIpzYAE,01tWC00000DD22OYAT,FIM-TLC-RRM-TLCMLERM
01uWC000005pIvNYAU,01tWC00000DCwWcYAL,ES-SEG-RNM-IPIPNE
01uWC000005pIvTYAU,01tWC00000DCwWeYAL,ES-SEG-RRM-IPIPRE
01uWC000005pIvZYAU,01tWC00000DCwWiYAL,DM-DML-RNM-ISDANM
01uWC000005pIvfYAE,01tWC00000DCwWkYAL,DM-DML-RRM-ISDARM
01uWC000005pIvlYAE,01tWC00000DCwWlYAL,DM-IBM-RNM-ISOINM
01uWC000005pIvrYAE,01tWC00000DCwWnYAL,DM-IBM-RRM-ISOIRM
01uWC000005pIvxYAE,01tWC00000DCwWpYAL,DM-DML-RNM-ISPTNM
01uWC000005pIw3YAE,01tWC00000DCwWrYAL,DM-DML-RRM-ISPTRM
01uWC000005pIw9YAE,01tWC00000DCwWsYAL,DM-DOE-RNM-JDABNE
01uWC000005pIwFYAU,01tWC00000DCwWuYAL,DM-DOE-RRM-JDABRE
01uWC000005pIwLYAU,01tWC00000DCwWwYAL,SM-NSS-RNM-LOPNEW
01uWC000005pIwRYAU,01tWC00000DCwWyYAL,SM-NSS-RRM-LOPREN
01uWC000005pIwuYAE,01tWC00000DCxkzYAD,FIM-FIM-RRM-TACAIN
01uWC000005pIx6YAE,01tWC00000DCxl1YAD,CM-TQO-RNM-TQACSN
01uWC000005pIxCYAU,01tWC00000DCxl3YAD,CM-TQO-RRM-TQACSR
01uWC000005pIxIYAU,01tWC00000DCxl5YAD,CM-TQO-RNM-TQAPCS
01uWC000005pIxOYAU,01tWC00000DCxl7YAD,CM-TQO-RRM-TQAM
01uWC000005pIxUYAU,01tWC00000DCxl9YAD,CM-TQO-RNM-TQAPSC
01uWC000005pIxaYAE,01tWC00000DCxlBYAT,CM-TQO-RRM-TEQU
01uWC000005pIxgYAE,01tWC00000DCxlEYAT,CM-TQO-RNM-TQASCS
01uWC000005pJ2MYAU,01tWC00000DCxlGYAT,CM-TQO-RRM-TEAMQU
01uWC000005pJ2SYAU,01tWC00000DCxlMYAT,CM-TQR-RNM-TQSSNM
01uWC000005pJ5mYAE,01tWC00000DCxlOYAT,CM-TQR-RRM-TQSSRM
01uWC000005pJ5sYAE,01tWC00000DCxlVYAT,DM-IRC-RNM-TRCANE
01uWC000005pJ5yYAE,01tWC00000DCxlXYAT,DM-IRC-RRM-TRCARE
01uWC000005pJ6AYAU,01tWC00000DCxldYAD,DP-DLP-RNM-THRENE
01uWC000005pJ6GYAU,01tWC00000DCxlfYAD,DP-DLP-RRM-THRERE
01uWC000005pJ6MYAU,01tWC00000DCxlhYAD,DP-DC-RNM-TNM
01uWC000005pJ6SYAU,01tWC00000DCxljYAD,DP-DC-RRM-TRM
01uWC000005pJ6YYAU,01tWC00000DCxllYAD,DP-DC-RNM-TCESNM
01uWC000005pJ6eYAE,01tWC00000DCxlnYAD,DP-DC-RRM-TCESRM
01uWC000005pJ6kYAE,01tWC00000DCxloYAD,DP-DC-RNM-TCMNM
01uWC000005pJ6qYAE,01tWC00000DCxlqYAD,DP-DC-RRM-TCMRM
01uWC000005pJ6wYAE,01tWC00000DCxlsYAD,DP-DC-RNM-TCOFNM
01uWC000005pJ72YAE,01tWC00000DCxluYAD,DP-DC-RRM-TCOFRM
01uWC000005pJ78YAE,01tWC00000DCxlvYAD,DP-DC-RNM-TCSNM
01uWC000005pJ7EYAU,01tWC00000DCxlyYAD,DP-DC-RRM-TCSRM
01uWC000005pJ7KYAU,01tWC00000DCxm1YAD,DP-DC-RNM-TLNNM
01uWC000005pJ7QYAU,01tWC00000DCxm3YAD,DP-DC-RRM-TLNRM
01uWC000005pJ7WYAU,01tWC00000DCxm4YAD,DP-DC-RNM-TMCNM
01uWC000005pJ7cYAE,01tWC00000DCxm6YAD,DP-DC-RRM-TMCRM
01uWC000005pJ7iYAE,01tWC00000DCxm8YAD,FIM-FIM-RRM-TLCR
01uWC000005pJ7yYAE,01tWC00000DCxmJYAT,BI-SDW-RNM-TRENNE
01uWC000005pJ84YAE,01tWC00000DCxmLYAT,BI-SDW-RRM-TRENRE
01uWC000005pJ8AYAU,01tWC00000DCxmNYAT,FIM-FIM-RNM-TTBELN
01uWC000005pJ8HYAU,01tWC00000DCyxlYAD,SM-VMC-RNM-VWPM
01uWC000005pJ8NYAU,01tWC00000DCyxnYAD,SM-VMC-RRM-VMCWI
01uWC000005pJ8TYAU,01tWC00000DCyxpYAD,SM-VMC-RNM-VMCWIN
01uWC000005pJATYA2,01tWC00000DD19oYAD,SM-VMC-RNM-DMISBN
01uWC000005pJAZYA2,01tWC00000DD19qYAD,SM-VMC-RRM-DMISBR
01uWC000005pJFVYA2,01tWC00000DD19sYAD,SM-VMC-RNM-DMISBC
01uWC000005pJFbYAM,01tWC00000DD19uYAD,SM-VMC-RRM-DMIM
01uWC000005pJFhYAM,01tWC00000DD19wYAD,SM-VMC-RNM-DAMO
01uWC000005pJFnYAM,01tWC00000DD19yYAD,SM-VMC-RRM-DATAM
01uWC000005pJFtYAM,01tWC00000DD1A0YAL,SM-VMC-RNM-DMISRN
01uWC000005pJFzYAM,01tWC00000DD1A2YAL,SM-VMC-RRM-DMISRR
01uWC000005pJG5YAM,01tWC00000DD1A9YAL,ES-SEG-RNM-DRSEGN
01uWC000005pJGBYA2,01tWC00000DD1ABYA1,ES-SEG-RRM-DRSEGR
01uWC000005pJGHYA2,01tWC00000DD1ADYA1,ES-SXG-RNM-DRSM
01uWC000005pJGNYA2,01tWC00000DD1AFYA1,ES-SXG-RRM-DARE
01uWC000005pJGTYA2,01tWC00000DD1AHYA1,ES-SIG-RNM-DRSIGN
01uWC000005pJGZYA2,01tWC00000DD1AJYA1,ES-SIG-RRM-DRSIGR
01uWC000005pJGfYAM,01tWC00000DD1ALYA1,ES-SIG-RNM-DATAR
01uWC000005pJGlYAM,01tWC00000DD1ANYA1,ES-SIG-RRM-DATARE
01uWC000005pJGrYAM,01tWC00000DD1APYA1,ES-SWG-RNM-DRSWGN
01uWC000005pJGxYAM,01tWC00000DD1ARYA1,ES-SWG-RRM-DRSWGR
01uWC000005pJH3YAM,01tWC00000DD1ATYA1,BI-SDW-RNM-DSVBNM
01uWC000005pJH9YAM,01tWC00000DD1AVYA1,BI-SDW-RRM-DSVBRM
01uWC000005pJHFYA2,01tWC00000DD1AXYA1,DM-DML-RNM-DT4LNM
01uWC000005pJHLYA2,01tWC00000DD1AZYA1,DM-DML-RRM-DT4LRM
01uWC000005pJHRYA2,01tWC00000DD1AaYAL,DM-IBM-RNM-DATANE
01uWC000005pJHXYA2,01tWC00000DD1AcYAL,DM-IBM-RRM-DATARM
01uWC000005pJHdYAM,01tWC00000DD1AlYAL,DP-DC-RNM-DCSWON
01uWC000005pJHjYAM,01tWC00000DD1AnYAL,DP-DC-RRM-DCSWOR
01uWC000005pJHpYAM,01tWC00000DD1AoYAL,DP-DC-RNM-DCSWSP
01uWC000005pJHvYAM,01tWC00000DD1AqYAL,DP-DC-RRM-DCSWIS
01uWC000005pJI1YAM,01tWC00000DD1ArYAL,DP-DC-RNM-DCSPNM
01uWC000005pJI7YAM,01tWC00000DD1AtYAL,DP-DC-RRM-DCSPRM
01uWC000005pJIDYA2,01tWC00000DD1AxYAL,DM-DML-RNM-DTBLNM
01uWC000005pJIJYA2,01tWC00000DD1AzYAL,DM-DML-RRM-DTBLRM
01uWC000005pJLuYAM,01tWC00000DD1OsYAL,GOA-GAM-RRM-GASBRM
01uWC000005pJM0YAM,01tWC00000DD1OzYAL,GOA-GAM-RNM-GAUANM
01uWC000005pJM6YAM,01tWC00000DD1P1YAL,GOA-GAM-RRM-GAUARM
01uWC000005pJMCYA2,01tWC00000DD1P3YAL,GOA-GAM-RNM-GAWBNM
01uWC000005pJMIYA2,01tWC00000DD1P5YAL,GOA-GAM-RRM-GAWBRM
01uWC000005pJMOYA2,01tWC00000DD1P7YAL,GOA-GAM-RNM-GAWENM
01uWC000005pJMUYA2,01tWC00000DD1P9YAL,GOA-GAM-RRM-GAWERM
01uWC000005pJMaYAM,01tWC00000DD1PBYA1,GOA-GAM-RNM-GAWRNM
01uWC000005pJMgYAM,01tWC00000DD1PDYA1,GOA-GAM-RRM-GAWRRM
01uWC000005pJMmYAM,01tWC00000DD1PFYA1,BI-SQ-RNM-GREENE
01uWC000005pJMsYAM,01tWC00000DD1PHYA1,BI-SQ-RRM-GREERE
01uWC000005pJMyYAM,01tWC00000DD1PIYA1,SM-SYM-RNM-GSMTTP
01uWC000005pJN4YAM,01tWC00000DD1PKYA1,SM-SYM-RRM-GSMTCT
01uWC000005pJNAYA2,01tWC00000DD1PLYA1,SM-SYM-RNM-GSMTC6
01uWC000005pJNGYA2,01tWC00000DD1PNYA1,SM-SYM-RRM-GSMTCR
01uWC000005pJNMYA2,01tWC00000DD1POYA1,SM-HAM-RNM-HAMNEW
01uWC000005pJNSYA2,01tWC00000DD1PQYA1,SM-HAM-RRM-HAMREN
01uWC000005pJNYYA2,01tWC00000DD1PSYA1,SM-HEP-RNM-HEPMNM
01uWC000005pJVZYA2,01tWC00000DD1XhYAL,NW-IRA-RRM-RAILRM
01uWC000005pJVfYAM,01tWC00000DD1XiYAL,NW-INT-RNM-RAPFNM
01uWC000005pJVlYAM,01tWC00000DD1XkYAL,NW-INT-RRM-RAPFRM
01uWC000005pJVrYAM,01tWC00000DD1XlYAL,NW-INT-RNM-RAPNM
01uWC000005pJVxYAM,01tWC00000DD1XnYAL,NW-INT-RRM-RAPRM
01uWC000005pJW3YAM,01tWC00000DD1XpYAL,NW-INT-RNM-RAPLNM
01uWC000005pJW9YAM,01tWC00000DD1XrYAL,NW-INT-RRM-RAPLRM
01uWC000005pJWFYA2,01tWC00000DD1XsYAL,NW-INT-RNM-RASFNM
01uWC000005pJWLYA2,01tWC00000DD1XuYAL,NW-INT-RRM-RASFRM
01uWC000005pJWRYA2,01tWC00000DD1XwYAL,DM-DOE-RNM-REPOAB
01uWC000005pJWXYA2,01tWC00000DD1XyYAL,DM-DOE-RRM-REPOFA
01uWC000005pJWdYAM,01tWC00000DD1XzYAL,DM-IBM-RNM-REPOSN
01uWC000005pJWjYAM,01tWC00000DD1Y1YAL,DM-IBM-RRM-REPOSR
01uWC000005pJWpYAM,01tWC00000DD1Y3YAL,BI-SL-RNM-RESONE
01uWC000005pJWvYAM,01tWC00000DD1Y5YAL,BI-SL-RRM-RESORE
01uWC000005pJX1YAM,01tWC00000DD1Y6YAL,SM-SYM-RNM-RTMNEW
01uWC000005pJX7YAM,01tWC00000DD1Y8YAL,SM-SYM-RRM-RTMREN
01uWC000005pJXDYA2,01tWC00000DD1YCYA1,CS-DFT-RNM-RCMNEW
01uWC000005pJXJYA2,01tWC00000DD1YEYA1,CS-DFT-RRM-RCMREN
01uWC000005pJXPYA2,01tWC00000DD1YGYA1,DM-DML-RNM-RJSPNE
01uWC000005pJXVYA2,01tWC00000DD1YIYA1,DM-DML-RRM-RJSPRE
01uWC000005pJXbYAM,01tWC00000DD1YLYA1,SM-ROA-RNM-RANM
01uWC000005pJXhYAM,01tWC00000DD1YNYA1,SM-ROA-RRM-RARM
01uWC000005pJXnYAM,01tWC00000DD1YPYA1,SM-RAT-RNM-ROAU
01uWC000005pJXtYAM,01tWC00000DD1YRYA1,SM-RAT-RRM-RORM
01uWC000005pJXzYAM,01tWC00000DD1YTYA1,SM-ROB-RNM-RBNM
01uWC000005pJY5YAM,01tWC00000DD1YZYA1,SM-ROB-RRM-RBRM
01uWC000005pJYBYA2,01tWC00000DD1YfYAL,SM-SYM-RNM-RCNM
01uWC000005pJYHYA2,01tWC00000DD1YhYAL,SM-SYM-RRM-RCRM
01uWC000005pJYNYA2,01tWC00000DD1YjYAL,SM-ROC-RNM-ROCO
01uWC000005pJYTYA2,01tWC00000DD1YlYAL,SM-ROC-RRM-ROBOTC
01uWC000005pJYZYA2,01tWC00000DD1YnYAL,SM-RCP-RNM-RONM
01uWC000005pJYfYAM,01tWC00000DD1YpYAL,SM-RCP-RRM-ROBCPA
01uWC000005pJYlYAM,01tWC00000DD1YrYAL,SM-RHA-RNM-RHNM
01uWC000005pJrOYAU,01tWC00000DD1t3YAD,SM-VMC-RRM-VMWE
01uWC000005pJrUYAU,01tWC00000DD1t5YAD,SM-VMC-RNM-VMCWE
01uWC000005pJraYAE,01tWC00000DD1t7YAD,SM-VMC-RRM-VMWEB
01uWC000005pJrgYAE,01tWC00000DD1t9YAD,SM-VMC-RNM-VWOM
01uWC000005pJrmYAE,01tWC00000DD1tCYAT,SM-VMC-RRM-VMWI
01uWC000005pJrsYAE,01tWC00000DD1tHYAT,FIM-TLC-RNM-TLCMLN
01uWC000005pJtuYAE,01tWC00000DD1teYAD,FIM-FIM-RNM-TCORM
01uWC000005pJuVYAU,01tWC00000DD1tpYAD,ES-SEG-RNM-TCSENE
01uWC000005pJubYAE,01tWC00000DD1trYAD,ES-SEG-RRM-TCSERE
01uWC000005pJumYAE,01tWC00000DD1tvYAD,CM-TQU-RNM-UTQBOO
01uWC000005pJusYAE,01tWC00000DD1txYAD,CM-TQU-RRM-UTQM
01uWC000005pJuyYAE,01tWC00000DD1tzYAD,CM-TQU-RNM-UTQCOO
01uWC000005pJv4YAE,01tWC00000DD1u1YAD,CM-TQU-RRM-UNTE
01uWC000005pJvAYAU,01tWC00000DD1u4YAD,CM-TQU-RNM-UTQDFO
01uWC000005pJvGYAU,01tWC00000DD1u6YAD,CM-TQU-RRM-UNRM
01uWC000005pJxfYAE,01tWC00000DD21VYAT,GS-GSE-RRM-EFT8CRM
01uWC000005pJxlYAE,01tWC00000DD21kYAD,GS-GSE-RNM-ESW10SNM
01uWC000005pJxrYAE,01tWC00000DD21lYAD,GS-GSE-RRM-ESW10SRM
01uWC000005pJxxYAE,01tWC00000DD21qYAD,GOA-GAM-RNM-GCBGTPNM
01uWC000005pJy3YAE,01tWC00000DD21rYAD,GOA-GAM-RRM-GCBGTPRM
01uWC000005pJy9YAE,01tWC00000DD21uYAD,GOA-GAM-RNM-GCSBTPNM
01uWC000005pJyFYAU,01tWC00000DD21vYAD,GOA-GAM-RRM-GCSBTPRM
01uWC000005pJykYAE,01tWC00000DCyxrYAD,SM-VMC-RRM-VMWIND
01uWC000005pJyqYAE,01tWC00000DCyxtYAD,SM-VMC-RNM-VWINDO
01uWC000005pJywYAE,01tWC00000DCyxvYAD,SM-VMC-RRM-VMCWIS
01uWC000005pJz2YAE,01tWC00000DCyxxYAD,SM-VMC-RNM-VISEP
01uWC000005pJz8YAE,01tWC00000DCyxzYAD,SM-VMC-RRM-VMISPA
01uWC000005pJzEYAU,01tWC00000DCyy1YAD,SM-VMC-RNM-VMEM
01uWC000005pJzKYAU,01tWC00000DCyy3YAD,SM-VMC-RRM-VMMO
01uWC000005pJzQYAU,01tWC00000DCyy4YAD,SM-VMC-RNM-VMCMO
01uWC000005pJzWYAU,01tWC00000DCyy6YAD,SM-VMC-RRM-VMCMON
01uWC000005pJzdYAE,01tWC00000DCyyFYAT,FIM-FIM-RNM-VEMEDP
01uWC000005pJzjYAE,01tWC00000DCyyHYAT,FIM-FIM-RRM-VEMEVR
01uWC000005pJzrYAE,01tWC00000DCyyTYAT,BI-WB-RNM-WAREBN
01uWC000005pJzxYAE,01tWC00000DCyyVYAT,BI-WB-RRM-WAREBR
01uWC000005pK03YAE,01tWC00000DCyyXYAT,BI-WM-RNM-WAREMN
01uWC000005pK14YAE,01tWC00000DCyyZYAT,BI-WM-RRM-WAREMR
01uWC000005pK1MYAU,01tWC00000DCzhaYAD,BI-ISA-RRM-IASPRM
01uWC000005pK1SYAU,01tWC00000DCzhbYAD,BI-ISA-RNM-IASPNM
01uWC000005pK1YYAU,01tWC00000DD09LYAT,DM-DML-RRM-NATPRR
01uWC000005pK1eYAE,01tWC00000DD09MYAT,DM-DML-RNM-NATTRN
01uWC000005pK1kYAE,01tWC00000DD09OYAT,DM-DML-RRM-NATTRR
01uWC000005pKrtYAE,01tWC00000DD1pMYAT,FIM-TLC-RNM-TLCNDN
01uWC000005pKs7YAE,01tWC00000DD1pdYAD,FIM-TLC-RNM-TLCSDN
01uWC000005pKsKYAU,01tWC00000DD1pgYAD,FIM-TLC-RNM-TLCVEI
01uWC000005pKsRYAU,01tWC00000DD1piYAD,FIM-TLC-RRM-TRLCEV
01uWC000005pKsdYAE,01tWC00000DD1r7YAD,SM-VMC-RRM-VESM
01uWC000005pKsjYAE,01tWC00000DD1r9YAD,SM-VMC-RNM-VMCH
01uWC000005pKspYAE,01tWC00000DD1rBYAT,SM-VMC-RRM-VHOM
01uWC000005pKsvYAE,01tWC00000DD1rDYAT,SM-VMC-RNM-VISM
01uWC000005pKt1YAE,01tWC00000DD1rFYAT,SM-VMC-RRM-VMCISE
01uWC000005pKt7YAE,01tWC00000DD1rHYAT,SM-VMC-RNM-VMIS
01uWC000005pKtDYAU,01tWC00000DD1rJYAT,SM-VMC-RRM-VMISER
01uWC000005pKtJYAU,01tWC00000DD1rLYAT,SM-VMC-RNM-VISER
01uWC000005pKtPYAU,01tWC00000DD1rNYAT,SM-VMC-RRM-VMISP
01uWC000005pKtVYAU,01tWC00000DD1rPYAT,SM-VMC-RNM-VMISS
01uWC000005pKtbYAE,01tWC00000DD1rRYAT,SM-VMC-RRM-VMISES
01uWC000005pKthYAE,01tWC00000DD1rTYAT,SM-VMC-RNM-VISSQ
01uWC000005pKtnYAE,01tWC00000DD1rVYAT,SM-VMC-RRM-VISSA
01uWC000005pKttYAE,01tWC00000DD1rXYAT,SM-VMC-RNM-VISSU
01uWC000005pL06YAE,01tWC00000DD220YAD,FIM-FIM-RNM-CSEENM
01uWC000005pL0CYAU,01tWC00000DD221YAD,FIM-FIM-RRM-CSEERM
01uWC000005pL0IYAU,01tWC00000DD222YAD,FIM-FIM-RRM-TTBELRM
01uWC000005pL0PYAU,01tWC00000DD223YAD,FIM-FIM-RNM-TEFSENM
01uWC000005pL0VYAU,01tWC00000DD224YAD,FIM-FIM-RRM-TEFSERM
01uWC000005pL0bYAE,01tWC00000DD225YAD,FIM-FIM-RNM-TEVEENM
01uWC000005pL1VYAU,01tWC00000DD23EYAT,SM-VMC-RRM-VOARM
01uWC000005pL1bYAE,01tWC00000DD23FYAT,SM-VMC-RNM-VOANM
01uWC000005pL1hYAE,01tWC00000DD23GYAT,CM-VCM-RRM-VSPRM
01uWC000005pL1nYAE,01tWC00000DD23HYAT,CM-VCM-RNM-VSPNM
01uWC000005pyTwYAI,01tWC00000DD09PYAT,DM-DML-RNM-NCNM
01uWC000005pyU2YAI,01tWC00000DD09RYAT,DM-DML-RRM-NCRM
01uWC000005pyU8YAI,01tWC00000DD09SYAT,DM-DML-RNM-NDIRCN
01uWC000005pyUEYAY,01tWC00000DD09UYAT,DM-DML-RRM-NDIRCR
01uWC000005pyUKYAY,01tWC00000DD09VYAT,DM-DML-RNM-NHPTCN
01uWC000005pyUQYAY,01tWC00000DD09XYAT,DM-DML-RRM-NHPTCR
01uWC000005pyUWYAY,01tWC00000DD09YYAT,DM-IBM-RNM-NPTPCL
01uWC000005pyUcYAI,01tWC00000DD09aYAD,DM-IBM-RRM-NPTM
01uWC000005pyUiYAI,01tWC00000DD09bYAD,DM-DML-RNM-NTTCCN
01uWC000005pyUoYAI,01tWC00000DD09dYAD,DM-DML-RRM-NTTCCR
01uWC000005pyUuYAI,01tWC00000DD09eYAD,DM-DML-RNM-NTTPCN
01uWC000005pyV0YAI,01tWC00000DD09gYAD,DM-DML-RRM-NTTPCR
01uWC000005pyVEYAY,01tWC00000DD10WYAT,DP-DLP-RRM-DGSRM
01uWC000005pyVKYAY,01tWC00000DD118YAD,DM-WCU-RRM-5250RE
01uWC000005pyVfYAI,01tWC00000DD11FYAT,BI-ABS-RRM-ABSTRE
01uWC000005pyVlYAI,01tWC00000DD11MYAT,CM-TQO-RNM-AMEENM
01uWC000005pyVrYAI,01tWC00000DD11OYAT,CM-TQO-RRM-AMEERM
01uWC000005pyVxYAI,01tWC00000DD11PYAT,CM-TQO-RNM-AMEPEN
01uWC000005pyW3YAI,01tWC00000DD11RYAT,CM-TQO-RRM-AMEPER
01uWC000005pyWJYAY,01tWC00000DD11bYAD,SM-AJS-RNM-AJSNM
01uWC000005pyWPYAY,01tWC00000DD11dYAD,SM-AJS-RRM-AJSRM
01uWC000005pyWVYAY,01tWC00000DD11fYAD,SM-ARS-RNM-ARSNM
01uWC000005pyWWYAY,01tWC00000DD11hYAD,SM-ARS-RRM-ARSRM
01uWC000005pyWcYAI,01tWC00000DD11jYAD,SM-ARS-RNM-ARSLNM
01uWC000005pyWiYAI,01tWC00000DD11lYAD,SM-ARS-RRM-ARSLRM
01uWC000005pyX3YAI,01tWC00000DD11tYAD,DM-IRC-RNM-AFPCNE
01uWC000005pyX9YAI,01tWC00000DD11vYAD,DM-IRC-RRM-AFPCRE
01uWC000005pyXFYAY,01tWC00000DD121YAD,SM-NSS-RNM-AIXOPN
01uWC000005pyXLYAY,01tWC00000DD123YAD,SM-NSS-RRM-AIXOPR
01uWC000005pyXRYAY,01tWC00000DD125YAD,SM-PN-RNM-AIXSTD
01uWC000005pyXXYAY,01tWC00000DD127YAD,SM-PN-RRM-AIXSRM
01uWC000005pyXdYAI,01tWC00000DD128YAD,SM-AI-RNM-ALERNE
01uWC000005pyXjYAI,01tWC00000DD12AYAT,SM-AI-RRM-ALERRE
01uWC000005pyXpYAI,01tWC00000DD12CYAT,SM-VIT-RNM-ABPNM
01uWC000005pyXvYAI,01tWC00000DD12EYAT,SM-VIT-RRM-ABPRM
01uWC000005pyY1YAI,01tWC00000DD12GYAT,SM-VIT-RNM-ABANM
01uWC000005pyY7YAI,01tWC00000DD12IYAT,SM-VIT-RRM-ABARM
01uWC000005pyYDYAY,01tWC00000DD12KYAT,SM-VIT-RNM-ABCNM
01uWC000005pyYJYAY,01tWC00000DD12MYAT,SM-VIT-RRM-ABCRM
01uWC000005pyYPYAY,01tWC00000DD12OYAT,SM-VIT-RNM-ALIGNI
01uWC000005pyYVYAY,01tWC00000DD12QYAT,SM-VIT-RRM-ABPM
01uWC000005pyYbYAI,01tWC00000DD12SYAT,SM-VIT-RNM-ABSINM
01uWC000005pyYhYAI,01tWC00000DD12UYAT,SM-VIT-RRM-ABSIRM
01uWC000005pyYnYAI,01tWC00000DD12WYAT,SM-VIT-RNM-ACPNM
01uWC000005pyYtYAI,01tWC00000DD12YYAT,SM-VIT-RRM-ACPRM
01uWC000005pyYzYAI,01tWC00000DD12aYAD,SM-VIT-RNM-ACPM
01uWC000005pyZ5YAI,01tWC00000DD12cYAD,SM-VIT-RRM-ALRM
01uWC000005pyZBYAY,01tWC00000DD12eYAD,SM-VIT-RNM-ACNM
01uWC000005pyZHYAY,01tWC00000DD12gYAD,SM-VIT-RRM-ACRM
01uWC000005pyZNYAY,01tWC00000DD12jYAD,SM-VIT-RNM-AENM
01uWC000005pyZTYAY,01tWC00000DD12lYAD,SM-VIT-RRM-AERM
01uWC000005pyZZYAY,01tWC00000DD12nYAD,SM-VIT-RNM-AESNM
01uWC000005pyZcYAI,01tWC00000DD12pYAD,SM-VIT-RRM-AESRM
01uWC000005pyZiYAI,01tWC00000DD12rYAD,SM-VIT-RNM-AISNM
01uWC000005pyZoYAI,01tWC00000DD12tYAD,SM-VIT-RRM-AISRM
01uWC000005pyZuYAI,01tWC00000DD12vYAD,SM-VIT-RNM-AOBSNM
01uWC000005pya0YAA,01tWC00000DD12xYAD,SM-VIT-RRM-AOBSRM
01uWC000005pya6YAA,01tWC00000DD12zYAD,SM-VIT-RNM-ATNM
01uWC000005pyaCYAQ,01tWC00000DD131YAD,SM-VIT-RRM-ATRM
01uWC000005pyaIYAQ,01tWC00000DD133YAD,SM-VIT-RNM-ATINM
01uWC000005pz3NYAQ,01tWC00000DD1wdYAD,DM-WEB-RRM-WDSLLR
01uWC000005pz3TYAQ,01tWC00000DD1weYAD,DM-DML-RNM-WDBINM
01uWC000005pz3ZYAQ,01tWC00000DD1wgYAD,DM-DML-RRM-WDBIRM
01uWC000005pz3fYAA,01tWC00000DD1wiYAD,DM-WEB-RNM-WDDMNM
01uWC000005pz3lYAA,01tWC00000DD1wkYAD,DM-WEB-RRM-WDDMRM
01uWC000005pz3rYAA,01tWC00000DD1wnYAD,DM-WFM-RNM-WFMNM
01uWC000005pz3vYAA,01tWC00000DD1wpYAD,DM-WFM-RRM-WFMRM
01uWC000005pz41YAA,01tWC00000DD1wrYAD,DM-WEB-RNM-WDHNM
01uWC000005pz47YAA,01tWC00000DD1wtYAD,DM-WEB-RRM-WDHRM
01uWC000005pz4DYAQ,01tWC00000DD1wuYAD,DM-WEB-RNM-WDIMNM
01uWC000005pz4JYAQ,01tWC00000DD1wwYAD,DM-WEB-RRM-WDIMRM
01uWC000005pz4PYAQ,01tWC00000DD1wyYAD,DM-WEB-RNM-WDLNM
01uWC000005pz4VYAQ,01tWC00000DD1x0YAD,DM-WEB-RRM-WDLRM
01uWC000005pz4bYAA,01tWC00000DD1x1YAD,DM-DML-RNM-WDTCNM
01uWC000005pz4hYAA,01tWC00000DD1x3YAD,DM-DML-RRM-WDTCRM
01uWC000005pz4nYAA,01tWC00000DD1x4YAD,DM-DML-RNM-WDISEN
01uWC000005pz4tYAA,01tWC00000DD1x6YAD,DM-DML-RRM-WDISER
01uWC000005pz4zYAA,01tWC00000DD1x7YAD,DM-WFM-RNM-WEBFNE
01uWC000005pz55YAA,01tWC00000DD1x9YAD,DM-WFM-RRM-WEBFRE
01uWC000005pz5BYAQ,01tWC00000DD1xBYAT,DM-WFM-RNM-WEBFHN
01uWC000005pz5HYAQ,01tWC00000DD1xDYAT,DM-WFM-RRM-WEBFHR
01uWC000005pz5NYAQ,01tWC00000DD1xEYAT,DM-WFM-RNM-WEBFLN
01uWC000005pz5TYAQ,01tWC00000DD1xGYAT,DM-WFM-RRM-WEBFLR
01uWC000005pz5ZYAQ,01tWC00000DD1xHYAT,DM-WFM-RNM-WEBFSM
01uWC000005pz5fYAA,01tWC00000DD1xJYAT,DM-WFM-RRM-WEBFFA
01uWC000005pz5lYAA,01tWC00000DD1xMYAT,DM-WS-RNM-WEBSNE
01uWC000005pz5rYAA,01tWC00000DD1xOYAT,DM-WS-RRM-WEBSRE
01uWC000005pz5xYAA,01tWC00000DD1xQYAT,DM-WCU-RNM-WAINEW
01uWC000005pz63YAA,01tWC00000DD1xSYAT,DM-WCU-RRM-WAIREN
01uWC000005pz69YAA,01tWC00000DD1xUYAT,DM-DLN-RNM-WSNM
01uWC000005pz6FYAQ,01tWC00000DD1xWYAT,DM-DLN-RRM-WSRM
01uWC000005pz6LYAQ,01tWC00000DD1xYYAT,DM-DML-RNM-WSBRSN
01uWC000005pz6RYAQ,01tWC00000DD1xaYAD,DM-DML-RRM-WSBRSR
01uWC000005pz6XYAQ,01tWC00000DD1xcYAD,DM-DML-RNM-WSERSN
01uWC000005pz9nYAA,01tWC00000DD1uIYAT,CM-TQU-RNM-UTQLOO
01uWC000005pz9tYAA,01tWC00000DD1uKYAT,CM-TQU-RRM-UNTEAQ
01uWC000005pzA3YAI,01tWC00000DD1vSYAT,CM-TQU-RNM-UTEQSI
01uWC000005pzA9YAI,01tWC00000DD1vUYAT,CM-TQU-RRM-UTQSIO
01uWC000005pzAFYAY,01tWC00000DD1vWYAT,CM-TQU-RNM-UTQSMO
01uWC000005pzALYAY,01tWC00000DD1vYYAT,CM-TQU-RRM-UNTQSM
01uWC000005pzANYAY,01tWC00000DD1vaYAD,CM-TQU-RNM-UTQTLO
01uWC000005pzATYAY,01tWC00000DD1vcYAD,CM-TQU-RRM-UNTQUT
01uWC000005pzAZYAY,01tWC00000DD1vfYAD,DP-DLP-RNM-UCNM
01uWC000005pzAfYAI,01tWC00000DD1vhYAD,DP-DLP-RRM-UCRM
01uWC000005pzAlYAI,01tWC00000DD1vmYAD,CS-DFT-RNM-UPMNM
01uWC000005pzArYAI,01tWC00000DD1voYAD,CS-DFT-RRM-UPMRM
01uWC000005pzAxYAI,01tWC00000DD1vyYAD,SM-VMC-RNM-VISUAL
01uWC000005pzB3YAI,01tWC00000DD1w0YAD,SM-VMC-RRM-VCCM
01uWC000005pzB9YAI,01tWC00000DD1w2YAD,SM-VMC-RNM-VCJM
01uWC000005pzBFYAY,01tWC00000DD1w4YAD,SM-VMC-RRM-VICO
01uWC000005pzBLYAY,01tWC00000DD1w6YAD,SM-VMC-RNM-VCPM
01uWC000005pzBRYAY,01tWC00000DD1w8YAD,SM-VMC-RRM-VIRM
01uWC000005pzBXYAY,01tWC00000DD1wAYAT,SM-PN-RNM-VINM
01uWC000005pzBdYAI,01tWC00000DD1wCYAT,SM-PN-RRM-VISUAC
01uWC000005pzBjYAI,01tWC00000DD1wEYAT,SM-PN-RNM-VISUCO
01uWC000005pzBpYAI,01tWC00000DD1wGYAT,SM-PN-RRM-VISCON
01uWC000005pzBvYAI,01tWC00000DD1wIYAT,SM-VMC-RNM-VCLM
01uWC000005pzC1YAI,01tWC00000DD1wKYAT,SM-VMC-RRM-VICONT
01uWC000005pzC7YAI,01tWC00000DD1wMYAT,SM-VMC-RNM-VD5M
01uWC000005pzCDYAY,01tWC00000DD1wOYAT,SM-VMC-RRM-VIDE
01uWC000005pzCJYAY,01tWC00000DD1wQYAT,SM-VMC-RNM-VMCM
01uWC000005pzCPYAY,01tWC00000DD1wSYAT,SM-VMC-RRM-VIME
01uWC000005pzCVYAY,01tWC00000DD1wTYAT,BI-SQ-RNM-WEBESN
01uWC000005pzCbYAI,01tWC00000DD1wVYAT,BI-SQ-RRM-WEBESR
01uWC000005pzChYAI,01tWC00000DD1wXYAT,DM-IRM-RNM-WEBRS4
01uWC000005pzCnYAI,01tWC00000DD1wZYAT,DM-IRM-RRM-WEBRES
01uWC000005pzCtYAI,01tWC00000DD1wbYAD,DM-WEB-RNM-WDSLLN
01uWC000005pzLAYAY,01tWC00000DD135YAD,SM-VIT-RRM-ATIRM
01uWC000005pzLGYAY,01tWC00000DD137YAD,SM-VIT-RNM-ALNM
01uWC000005pzLMYAY,01tWC00000DD139YAD,SM-VIT-RRM-ALIGCO
01uWC000005pzLXYAY,01tWC00000DD13DYAT,BI-AD-RRM-ANYDRE
01uWC000005pzLdYAI,01tWC00000DD13HYAT,CS-DFT-RNM-ASOCNM
01uWC000005pzLmYAI,01tWC00000DD14ZYAT,RPA-AUT-RNM-APNM
01uWC000005pzLsYAI,01tWC00000DD14bYAD,RPA-AUT-RRM-APRM
01uWC000005pzLyYAI,01tWC00000DD14iYAD,RPA-AUD-RNM-AUPR
01uWC000005pzM4YAI,01tWC00000DD14kYAD,RPA-AUD-RRM-AUTOMP
01uWC000005pzMAYAY,01tWC00000DD14mYAD,RPA-AUD-RNM-APAPNM
01uWC000005pzMGYAY,01tWC00000DD14oYAD,RPA-AUD-RRM-APAPRM
01uWC000005pzMMYAY,01tWC00000DD14tYAD,RPA-AUD-RNM-AURU
01uWC000005pzMSYAY,01tWC00000DD14vYAD,RPA-AUD-RRM-ARRM
01uWC000005pzMYYAY,01tWC00000DD14yYAD,RPA-AUT-RNM-AUNM
01uWC000005pzMfYAI,01tWC00000DD150YAD,RPA-AUT-RRM-AUUL
01uWC000005pzMmYAI,01tWC00000DD156YAD,DM-WCU-RNM-BIUNM
01uWC000005pzMsYAI,01tWC00000DD158YAD,DM-WCU-RRM-BIURM
01uWC000005pzMyYAI,01tWC00000DD15AYAT,DM-IRM-RNM-BRSNM
01uWC000005pzN4YAI,01tWC00000DD15CYAT,DM-IRM-RRM-BRSRM
01uWC000005pzNAYAY,01tWC00000DD15MYAT,SM-SMB-RNM-BUNDLE
01uWC000005pzNBYAY,01tWC00000DD15OYAT,SM-SMB-RRM-BMMM
01uWC000005pzNRYAY,01tWC00000DD15WYAT,DP-DC-RNM-CADCNE
01uWC000005pzNXYAY,01tWC00000DD15YYAT,DP-DC-RRM-CADCRE
01uWC000005pzNdYAI,01tWC00000DD15aYAD,DP-DCL-RNM-CAPANE
01uWC000005pzNjYAI,01tWC00000DD15cYAD,DP-DCL-RRM-CAPARE
01uWC000005pzNzYAI,01tWC00000DD15fYAD,SM-PN-RNM-CPWPNN
01uWC000005pzO5YAI,01tWC00000DD15hYAD,SM-PN-RRM-CPWPNR
01uWC000005pzOLYAY,01tWC00000DD16AYAT,CM-TQO-RNM-CCML1P
01uWC000005pzORYAY,01tWC00000DD16CYAT,CM-TQO-RRM-CCMLE1
01uWC000005pzOZYAY,01tWC00000DD16PYAT,FIM-FIM-RRM-CCMRFR
01uWC000005pzOfYAI,01tWC00000DD16ZYAT,SM-ROT-RNM-CDBNEW
01uWC000005pzOlYAI,01tWC00000DD16bYAD,SM-ROT-RRM-CDBREN
01uWC000005pzOrYAI,01tWC00000DD16eYAD,SM-HCS-RNM-CGISNE
01uWC000005pzOxYAI,01tWC00000DD16gYAD,SM-HCS-RRM-CGISRE
01uWC000005pzP3YAI,01tWC00000DD16iYAD,BI-SDW-RNM-CDCMNM
01uWC000005pzP9YAI,01tWC00000DD16kYAD,BI-SDW-RRM-CDCMRM
01uWC000005pzPFYAY,01tWC00000DD16mYAD,BI-SDW-RNM-CMNM
01uWC000005pzPLYAY,01tWC00000DD16oYAD,BI-SDW-RRM-CHANGE
01uWC000005pzPWYAY,01tWC00000DD16sYAD,CM-TQO-RNM-CLAINE
01uWC000005pzPcYAI,01tWC00000DD16uYAD,CM-TQO-RRM-CLAIRE
01uWC000005pzPiYAI,01tWC00000DD16vYAD,DP-DC-RNM-CDNM
01uWC000005pzPoYAI,01tWC00000DD16xYAD,DP-DC-RRM-CDRM
01uWC000005pzPuYAI,01tWC00000DD16yYAD,DP-DC-RNM-CDMCCO
01uWC000005pzQ0YAI,01tWC00000DD170YAD,DP-DC-RRM-CDMM
01uWC000005pzQ6YAI,01tWC00000DD172YAD,DP-DC-RNM-CONM
01uWC000005pzQCYAY,01tWC00000DD174YAD,DP-DC-RRM-CORM
01uWC000005pzQIYAY,01tWC00000DD175YAD,DP-DC-RNM-COCDBN
01uWC000005pzQOYAY,01tWC00000DD177YAD,DP-DC-RRM-COCDBR
01uWC000005pzQUYAY,01tWC00000DD178YAD,DP-DC-RNM-COUMCU
01uWC000005pzQaYAI,01tWC00000DD17AYAT,DP-DC-RRM-COUM
01uWC000005pzQgYAI,01tWC00000DD17CYAT,DP-DC-RNM-CENM
01uWC000005pzQmYAI,01tWC00000DD17EYAT,DP-DC-RRM-CERM
01uWC000005pzQsYAI,01tWC00000DD17HYAT,DP-DC-RNM-CMANM
01uWC000005pzQyYAI,01tWC00000DD17JYAT,DP-DC-RRM-CMARM
01uWC000005pzR4YAI,01tWC00000DD17LYAT,DP-DC-RNM-CRNM
01uWC000005pzRAYAY,01tWC00000DD17NYAT,DP-DC-RRM-CRRM
01uWC000005pzUlYAI,01tWC00000DD1ByYAL,ES-SEG-RNM-DRMEGP
01uWC000005pzbJYAQ,01tWC00000DD1C0YAL,ES-SEG-RRM-DRMM
01uWC000005pzbPYAQ,01tWC00000DD1C6YAL,SM-DSM-RNM-DSMNEW
01uWC000005pzbVYAQ,01tWC00000DD1C8YAL,SM-DSM-RRM-DSMREN
01uWC000005pzbbYAA,01tWC00000DD1CAYA1,DP-DLP-RNM-DLPNEW
01uWC000005pzbhYAA,01tWC00000DD1CCYA1,DP-DLP-RRM-DLPREN
01uWC000005pzcRYAQ,01tWC00000DD1CUYA1,DM-DML-RNM-DMBNM
01uWC000005pzcXYAQ,01tWC00000DD1CWYA1,DM-DML-RRM-DMBRM
01uWC000005pzcdYAA,01tWC00000DD1CXYA1,DM-DML-RNM-DMLPNM
01uWC000005pzcjYAA,01tWC00000DD1CZYA1,DM-DML-RRM-DMLPRM
01uWC000005pzcpYAA,01tWC00000DD1ChYAL,DM-WCU-RNM-DAACHF
01uWC000005pzcvYAA,01tWC00000DD1CjYAL,DM-WCU-RRM-DAAM
01uWC000005pzd1YAA,01tWC00000DD1CkYAL,DM-WCU-RNM-DAACLI
01uWC000005pzd7YAA,01tWC00000DD1CmYAL,DM-WCU-RRM-DORM
01uWC000005pzdDYAQ,01tWC00000DD1CnYAL,DM-WCU-RNM-DACSLN
01uWC000005pzdJYAQ,01tWC00000DD1CpYAL,DM-WCU-RRM-DACSLR
01uWC000005pzdPYAQ,01tWC00000DD1CqYAL,DM-WCU-RNM-DAICHF
01uWC000005pzdVYAQ,01tWC00000DD1CsYAL,DM-WCU-RRM-DAIM
01uWC000005pzdbYAA,01tWC00000DD1CtYAL,DM-WCU-RNM-DAICLI
01uWC000005pzdhYAA,01tWC00000DD1CvYAL,DM-WCU-RRM-DOCA
01uWC000005pzdnYAA,01tWC00000DD1CwYAL,DM-WCU-RNM-DAOCNM
01uWC000005pzdtYAA,01tWC00000DD1CyYAL,DM-WCU-RRM-DAOCRM
01uWC000005pzdzYAA,01tWC00000DD1CzYAL,DM-WCU-RNM-DAANM
01uWC000005pze5YAA,01tWC00000DD1D1YAL,DM-WCU-RRM-DAARM
01uWC000005pzeBYAQ,01tWC00000DD1D4YAL,SM-SYM-RNM-DMSNM
01uWC000005pzeTYAQ,01tWC00000DD1D6YAL,SM-SYM-RRM-DMSRM
01uWC000005pzeZYAQ,01tWC00000DD1D8YAL,ES-SEG-RNM-DSSEGN
01uWC000005pzefYAA,01tWC00000DD1DAYA1,ES-SEG-RRM-DSSEGR
01uWC000005pzelYAA,01tWC00000DD1DCYA1,ES-SXG-RNM-DSSM
01uWC000005pzerYAA,01tWC00000DD1DEYA1,ES-SXG-RRM-DOSA
01uWC000005pzexYAA,01tWC00000DD1DGYA1,ES-SIG-RNM-DSSIGN
01uWC000005pzf3YAA,01tWC00000DD1DIYA1,ES-SIG-RRM-DSSIGR
01uWC000005pzf9YAA,01tWC00000DD1DKYA1,ES-SIG-RNM-DONM
01uWC000005pzfFYAQ,01tWC00000DD1DLYA1,ES-SIG-RRM-DOCUMS
01uWC000005pzfLYAQ,01tWC00000DD1DMYA1,ES-SWG-RNM-DSSWGN
01uWC000005pzfRYAQ,01tWC00000DD1DOYA1,ES-SWG-RRM-DSSWGR
01uWC000005pzfXYAQ,01tWC00000DD1DRYA1,DM-IRM-RNM-DRSNEW
01uWC000005pzfdYAA,01tWC00000DD1DTYA1,DM-IRM-RRM-DRSREN
01uWC000005pzfjYAA,01tWC00000DD1DVYA1,DM-DML-RNM-DCBBNE
01uWC000005pzfpYAA,01tWC00000DD1DXYA1,DM-DML-RRM-DCBBRE
01uWC000005pzfvYAA,01tWC00000DD1DcYAL,DP-DCL-RNM-DRAFNE
01uWC000005pzg1YAA,01tWC00000DD1DeYAL,DP-DCL-RRM-DRAFRE
01uWC000005pzg7YAA,01tWC00000DD1DgYAL,DP-DLP-RNM-DVCNEW
01uWC000005pzgDYAQ,01tWC00000DD1DiYAL,DP-DLP-RRM-DVCREN
01uWC000005pzgJYAQ,01tWC00000DD1DkYAL,DP-DCL-RNM-ETRANE
01uWC000005pzgPYAQ,01tWC00000DD1DmYAL,DP-DCL-RRM-ETRARE
01uWC000005pzgVYAQ,01tWC00000DD1DnYAL,SM-EV-RNM-EASYNE
01uWC000005pzgbYAA,01tWC00000DD1DpYAL,SM-EV-RRM-EASYRE
01uWC000005pzplYAA,01tWC00000DD1ZpYAL,SM-SYM-RRM-ROBTRA
01uWC000005pzprYAA,01tWC00000DD1ZrYAL,SM-SYM-RNM-RUNM
01uWC000005pzq3YAA,01tWC00000DD1a2YAD,FIM-FIM-RRM-PMPM
01uWC000005pzqAYAQ,01tWC00000DD1a7YAD,FIM-FIM-RRM-PMPSRM
01uWC000005pzqNYAQ,01tWC00000DD1aEYAT,DM-EU-RNM-POP4NE
01uWC000005pzqTYAQ,01tWC00000DD1aGYAT,DM-EU-RRM-POP4RE
01uWC000005pzqZYAQ,01tWC00000DD1aIYAT,DP-DC-RNM-PCANEW
01uWC000005pzqfYAA,01tWC00000DD1aKYAT,DP-DC-RRM-PCAREN
01uWC000005pzqlYAA,01tWC00000DD1aLYAT,CS-DFT-RNM-PUPNEW
01uWC000005pzqrYAA,01tWC00000DD1aNYAT,CS-DFT-RRM-PUPREN
01uWC000005pzqxYAA,01tWC00000DD1aPYAT,CS-PTA-RNM-PALANM
01uWC000005pzr3YAA,01tWC00000DD1aRYAT,CS-PTA-RRM-PALARM
01uWC000005pzr9YAA,01tWC00000DD1aTYAT,CS-PTA-RNM-PASNM
01uWC000005pzrFYAQ,01tWC00000DD1aVYAT,CS-PTA-RRM-PASRM
01uWC000005pzrLYAQ,01tWC00000DD1aXYAT,CS-PTA-RNM-PAXLNM
01uWC000005pzrRYAQ,01tWC00000DD1aZYAT,CS-PTA-RRM-PAXLRM
01uWC000005pzrXYAQ,01tWC00000DD1abYAD,CS-PTA-RNM-PAIIDN
01uWC000005pzrdYAA,01tWC00000DD1adYAD,CS-PTA-RRM-PAIIDR
01uWC000005pzriYAA,01tWC00000DD1afYAD,CS-PTA-RNM-PAIINM
01uWC000005pzroYAA,01tWC00000DD1ahYAD,CS-PTA-RRM-PAIIRM
01uWC000005pzruYAA,01tWC00000DD1alYAD,CS-PAB-RNM-PABIIN
01uWC000005pzs0YAA,01tWC00000DD1anYAD,CS-PAB-RRM-PABIIR
01uWC000005pzs6YAA,01tWC00000DD1apYAD,CS-CLP-RNM-PTCANM
01uWC000005pzsCYAQ,01tWC00000DD1arYAD,CS-CLP-RRM-PTCARM
01uWC000005pzsIYAQ,01tWC00000DD1atYAD,CS-PCS-RNM-PCSIIN
01uWC000005pzsOYAQ,01tWC00000DD1avYAD,CS-PCS-RRM-PCSIIR
01uWC000005pzsUYAQ,01tWC00000DD1ayYAD,CS-PCM-RNM-PCMCII
01uWC000005pzsaYAA,01tWC00000DD1b0YAD,CS-PCM-RRM-PCMM
01uWC000005pzsgYAA,01tWC00000DD1b2YAD,CS-PCM-RNM-PCMEII
01uWC000005pzsmYAA,01tWC00000DD1b4YAD,CS-PCM-RRM-POCO
01uWC000005pzssYAA,01tWC00000DD1b6YAD,CS-PCM-RNM-PCMIIN
01uWC000005pzsyYAA,01tWC00000DD1b8YAD,CS-PCM-RRM-PCMIIR
01uWC000005pzwBYAQ,01tWC00000DD1XXYA1,BI-SDW-RNM-RDSNM
01uWC000005pzzVYAQ,01tWC00000DD1XZYA1,BI-SDW-RRM-RDSRM
01uWC000005pzzbYAA,01tWC00000DD1XbYAL,NW-IRA-RNM-RAINM
01uWC000005pzzhYAA,01tWC00000DD1XdYAL,NW-IRA-RRM-RAIRM
01uWC000005pzznYAA,01tWC00000DD1XfYAL,NW-IRA-RNM-RAILNM
01uWC000005pzzxYAA,01tWC00000DD1YtYAL,SM-RHA-RRM-RHRM
01uWC000005q003YAA,01tWC00000DD1YvYAL,SM-ROM-RNM-RMANM
01uWC000005q009YAA,01tWC00000DD1YxYAL,SM-ROM-RRM-RMARM
01uWC000005q00FYAQ,01tWC00000DD1YzYAL,SM-ROM-RNM-RMLNM
01uWC000005q00LYAQ,01tWC00000DD1Z1YAL,SM-ROM-RRM-RMLRM
01uWC000005q00RYAQ,01tWC00000DD1Z3YAL,SM-ROM-RNM-RMVNM
01uWC000005q00XYAQ,01tWC00000DD1Z5YAL,SM-ROM-RRM-RMVRM
01uWC000005q00dYAA,01tWC00000DD1Z7YAL,SM-ROR-RNM-RRNM
01uWC000005q00jYAA,01tWC00000DD1Z9YAL,SM-ROR-RRM-RRRM
01uWC000005q00pYAA,01tWC00000DD1ZBYA1,SM-RRE-RNM-RORE
01uWC000005q00vYAA,01tWC00000DD1ZDYA1,SM-RRE-RRM-ROBOTR
01uWC000005q011YAA,01tWC00000DD1ZFYA1,SM-ROS-RNM-RSNM
01uWC000005q017YAA,01tWC00000DD1ZHYA1,SM-ROS-RRM-RSRM
01uWC000005q01DYAQ,01tWC00000DD1ZJYA1,SM-RSC-RNM-ROSC
01uWC000005q01JYAQ,01tWC00000DD1ZLYA1,SM-RSC-RRM-ROBOTS
01uWC000005q01PYAQ,01tWC00000DD1ZNYA1,SM-RSE-RNM-RSENM
01uWC000005q01VYAQ,01tWC00000DD1ZPYA1,SM-RSE-RRM-RSERM
01uWC000005q01bYAA,01tWC00000DD1ZRYA1,SM-RSE-RNM-RSEANM
01uWC000005q01hYAA,01tWC00000DD1ZTYA1,SM-RSE-RRM-RSEARM
01uWC000005q01nYAA,01tWC00000DD1ZUYA1,SM-RSI-RNM-RSEOIN
01uWC000005q01pYAA,01tWC00000DD1ZWYA1,SM-RSI-RRM-RSEOIR
01uWC000005q01vYAA,01tWC00000DD1ZbYAL,SM-SYM-RNM-ROBOSE
01uWC000005q021YAA,01tWC00000DD1ZdYAL,SM-SYM-RRM-ROSERV
01uWC000005q027YAA,01tWC00000DD1ZeYAL,SM-RSP-RNM-ROBOSP
01uWC000005q02DYAQ,01tWC00000DD1ZgYAL,SM-RSP-RRM-ROSPAC
01uWC000005q02JYAQ,01tWC00000DD1ZjYAL,SM-ROT-RNM-RTNM
01uWC000005q02PYAQ,01tWC00000DD1ZlYAL,SM-ROT-RRM-RTRM
01uWC000005q02VYAQ,01tWC00000DD1ZnYAL,SM-SYM-RNM-ROTR
01uWC000005q07XYAQ,01tWC00000DD1oGYAT,FIM-FIM-RNM-TINTUU
01uWC000005q07kYAA,01tWC00000DD1oKYAT,FIM-TLC-RNM-TLCTBN
01uWC000005q08JYAQ,01tWC00000DD1ozYAD,FIM-TLC-RNM-TLCFSN
01uWC000005q08eYAA,01tWC00000DD1rZYAT,SM-VMC-RRM-VISSAG
01uWC000005q08kYAA,01tWC00000DD1rbYAD,SM-VMC-RNM-VMCSAN
01uWC000005q08qYAA,01tWC00000DD1rdYAD,SM-VMC-RRM-VMCSAR
01uWC000005q08wYAA,01tWC00000DD1rfYAD,SM-VMC-RNM-VMISV
01uWC000005q092YAA,01tWC00000DD1rhYAD,SM-VMC-RRM-VISEV
01uWC000005q098YAA,01tWC00000DD1rjYAD,SM-VMC-RNM-VMCL
01uWC000005q09EYAQ,01tWC00000DD1rlYAD,SM-VMC-RRM-VLOM
01uWC000005q09KYAQ,01tWC00000DD1rnYAD,SM-VMC-RNM-VLSM
01uWC000005q09QYAQ,01tWC00000DD1rpYAD,SM-VMC-RRM-VMLI
01uWC000005q09WYAQ,01tWC00000DD1rrYAD,SM-VMC-RNM-VMCN
01uWC000005q09cYAA,01tWC00000DD1rtYAD,SM-VMC-RRM-VNOM
01uWC000005q09iYAA,01tWC00000DD1rvYAD,SM-VMC-RNM-VNSM
01uWC000005q09oYAA,01tWC00000DD1rxYAD,SM-VMC-RRM-VMNE
01uWC000005q09uYAA,01tWC00000DD1rzYAD,SM-VMC-RNM-VMCO
01uWC000005q0A0YAI,01tWC00000DD1s1YAD,SM-VMC-RRM-VOOM
01uWC000005q0A6YAI,01tWC00000DD1s3YAD,SM-VMC-RNM-VOSM
01uWC000005q0ACYAY,01tWC00000DD1s5YAD,SM-VMC-RRM-VMOR
01uWC000005q0AIYAY,01tWC00000DD1s7YAD,SM-VMC-RNM-VPCM
01uWC000005q0AOYAY,01tWC00000DD1s9YAD,SM-VMC-RRM-VMPO
01uWC000005q0VcYAI,01tWC00000DD1g2YAD,CS-PSS-RNM-SSCPNM
01uWC000005q0YwYAI,01tWC00000DD1g4YAD,CS-PSS-RRM-SSCPRM
01uWC000005q0Z2YAI,01tWC00000DD1g6YAD,CS-PSS-RNM-SSINM
01uWC000005q0Z8YAI,01tWC00000DD1g8YAD,CS-PSS-RRM-SSIRM
01uWC000005q0ZEYAY,01tWC00000DD1gAYAT,BI-SQ-RNM-SEQUEL
01uWC000005q0ZKYAY,01tWC00000DD1gCYAT,BI-SQ-RRM-SERE
01uWC000005q0ZQYAY,01tWC00000DD1gEYAT,BI-SQ-RNM-SUBNM
01uWC000005q0ZWYAY,01tWC00000DD1gGYAT,BI-SQ-RRM-SUBRM
01uWC000005q0ZcYAI,01tWC00000DD1gIYAT,BI-CRO-RNM-SCRM
01uWC000005q0ZiYAI,01tWC00000DD1gKYAT,BI-CRO-RRM-SECL
01uWC000005q0aBYAQ,01tWC00000DD1h5YAD,FIM-FML-RRM-TAPTIF
01uWC000005q0aNYAQ,01tWC00000DD1hBYAT,FIM-FIM-RNM-TATBEU
01uWC000005q0aUYAQ,01tWC00000DD1hDYAT,FIM-FIM-RRM-TRATER
01uWC000005q0abYAA,01tWC00000DD1hGYAT,FIM-FIM-RNM-TAWPUN
01uWC000005q0ayYAA,01tWC00000DD1hNYAT,FIM-FIM-RNM-TREN
01uWC000005q0bXYAQ,01tWC00000DD1hdYAD,FIM-FIM-RRM-TEEESF
01uWC000005q0bcYAA,01tWC00000DD1heYAD,FIM-FIM-RNM-TEDNM
01uWC000005q0bjYAA,01tWC00000DD1hgYAD,FIM-FIM-RRM-TEDRM
01uWC000005q0iIYAQ,01tWC00000DD1mBYAT,DM-SV4-RRM-S4SUPR
01uWC000005q0iOYAQ,01tWC00000DD1mDYAT,DM-SV4-RNM-S4SUPU
01uWC000005q0iUYAQ,01tWC00000DD1mFYAT,DM-SV4-RRM-S4SM
01uWC000005q0iaYAA,01tWC00000DD1mIYAT,DM-SV4-RNM-S4UPNM
01uWC000005q0igYAA,01tWC00000DD1mKYAT,DM-SV4-RRM-S4UPRM
01uWC000005q0iwYAA,01tWC00000DD1mVYAT,SM-VMC-RNM-T0PUNM
01uWC000005q0j2YAA,01tWC00000DD1mXYAT,SM-VMC-RRM-T0PURM
01uWC000005q0j8YAA,01tWC00000DD1mZYAT,SM-TSK-RNM-TASKNE
01uWC000005q0jEYAQ,01tWC00000DD1mbYAD,SM-TSK-RRM-TASKRE
01uWC000005q0kFYAQ,01tWC00000DD1nUYAT,FIM-FIM-RNM-TESSWN
01uWC000005q0kYYAQ,01tWC00000DD1ndYAD,FIM-FIM-RNM-TRIPED
01uWC000005q0keYAA,01tWC00000DD1neYAD,FIM-FIM-RNM-TRIEND
01uWC000005q0kwYAA,01tWC00000DD1nwYAD,FIM-FIM-RNM-TNDNM
01uWC000005q0yoYAA,01tWC00000DD17kYAD,CS-DFT-RNM-CCINM
01uWC000005q0yuYAA,01tWC00000DD17mYAD,CS-DFT-RRM-CCIRM
01uWC000005q0z0YAA,01tWC00000DD17pYAD,DM-DML-RNM-CBNM
01uWC000005q0z6YAA,01tWC00000DD17rYAD,DM-DML-RRM-CBRM
01uWC000005q0zCYAQ,01tWC00000DD17sYAD,DM-DML-RNM-CIBNM
01uWC000005q0zIYAQ,01tWC00000DD17uYAD,DM-DML-RRM-CIBRM
01uWC000005q0zOYAQ,01tWC00000DD18FYAT,IGA-AAS-RNM-CANM
01uWC000005q0zUYAQ,01tWC00000DD18HYAT,IGA-AAS-RRM-CARM
01uWC000005q0zaYAA,01tWC00000DD18JYAT,IGA-AAS-RNM-CAASNM
01uWC000005q0zgYAA,01tWC00000DD18LYAT,IGA-AAS-RRM-CAASRM
01uWC000005q0zmYAA,01tWC00000DD18NYAT,IGA-CAI-RNM-CAINM
01uWC000005q0zsYAA,01tWC00000DD18PYAT,IGA-CAI-RRM-CAIRM
01uWC000005q0zyYAA,01tWC00000DD18QYAT,IGA-VIS-RNM-CCNM
01uWC000005q104YAA,01tWC00000DD18SYAT,IGA-VIS-RRM-CCRM
01uWC000005q10AYAQ,01tWC00000DD18TYAT,IGA-AAS-RNM-CORE
01uWC000005q10GYAQ,01tWC00000DD18VYAT,IGA-AAS-RRM-COREC
01uWC000005q10MYAQ,01tWC00000DD18XYAT,IGA-AAS-RNM-CCFRNM
01uWC000005q10SYAQ,01tWC00000DD18ZYAT,IGA-AAS-RRM-CCFRRM
01uWC000005q10YYAQ,01tWC00000DD18bYAD,IGA-AAS-RNM-CCLNM
01uWC000005q10eYAA,01tWC00000DD18dYAD,IGA-AAS-RRM-CCLRM
01uWC000005q10uYAA,01tWC00000DD18pYAD,OS-CI-RNM-COIM
01uWC000005q110YAA,01tWC00000DD18rYAD,OS-CI-RRM-COREI
01uWC000005q116YAA,01tWC00000DD18sYAD,IGA-AAS-RNM-CPNM
01uWC000005q11CYAQ,01tWC00000DD18uYAD,IGA-AAS-RRM-CPRM
01uWC000005q11IYAQ,01tWC00000DD18wYAD,IGA-AAS-RNM-COPR
01uWC000005q11OYAQ,01tWC00000DD18yYAD,IGA-AAS-RRM-COREP
01uWC000005q11UYAQ,01tWC00000DD190YAD,IGA-VIS-RNM-CRDNM
01uWC000005q11aYAA,01tWC00000DD192YAD,IGA-VIS-RRM-CRDRM
01uWC000005q11gYAA,01tWC00000DD196YAD,SM-HCS-RNM-COSTNE
01uWC000005q11mYAA,01tWC00000DD198YAD,SM-HCS-RRM-COSTRE
01uWC000005q11sYAA,01tWC00000DD19EYAT,DM-IRC-RNM-CSVCNE
01uWC000005q18NYAQ,01tWC00000DD1QHYA1,SM-RLP-RRM-LPARRE
01uWC000005q1A5YAI,01tWC00000DD1QJYA1,SM-LMM-RNM-LMMSNE
01uWC000005q1ABYAY,01tWC00000DD1QLYA1,SM-LMM-RRM-LMMSRE
01uWC000005q1AHYAY,01tWC00000DD1QNYA1,SM-LSO-RNM-LSOSNE
01uWC000005q1AJYAY,01tWC00000DD1QPYA1,SM-LSO-RRM-LSOSRE
01uWC000005q1APYAY,01tWC00000DD1QRYA1,SM-LAA-RNM-LAASNE
01uWC000005q1AVYAY,01tWC00000DD1QTYA1,SM-LAA-RRM-LAASRE
01uWC000005q1AbYAI,01tWC00000DD1QVYA1,SM-LOC-RNM-LOCSNE
01uWC000005q1AhYAI,01tWC00000DD1QXYA1,SM-LOC-RRM-LOCSRE
01uWC000005q1AnYAI,01tWC00000DD1QZYA1,DP-DC-RNM-MACCNE
01uWC000005q1AtYAI,01tWC00000DD1QbYAL,DP-DC-RRM-MACCRE
01uWC000005q1AzYAI,01tWC00000DD1QjYAL,SM-PN-RNM-MCPRNE
01uWC000005q1B5YAI,01tWC00000DD1QlYAL,SM-PN-RRM-MCPRRE
01uWC000005q1BBYAY,01tWC00000DD1QmYAL,CS-DFT-RNM-MAPNEW
01uWC000005q1BHYAY,01tWC00000DD1QoYAL,CS-DFT-RRM-MAPREN
01uWC000005q1BNYAY,01tWC00000DD1QqYAL,DP-DC-RNM-MCNM
01uWC000005q1BTYAY,01tWC00000DD1QsYAL,DP-DC-RRM-MCRM
01uWC000005q1BZYAY,01tWC00000DD1QtYAL,DP-DC-RNM-MCCOCD
01uWC000005q1BfYAI,01tWC00000DD1QwYAL,DP-DC-RRM-MCCM
01uWC000005q1BlYAI,01tWC00000DD1QxYAL,DP-DC-RNM-MCCOEB
01uWC000005q1BrYAI,01tWC00000DD1QzYAL,DP-DC-RRM-MECL
01uWC000005q1BxYAI,01tWC00000DD1R0YAL,SM-SYM-RNM-MECO
01uWC000005q1C3YAI,01tWC00000DD1R2YAL,SM-SYM-RRM-MERM
01uWC000005q1C9YAI,01tWC00000DD1R4YAL,SM-SYM-RNM-MMNM
01uWC000005q1CFYAY,01tWC00000DD1R6YAL,SM-SYM-RRM-MMRM
01uWC000005q1CLYAY,01tWC00000DD1R8YAL,SM-MES-RNM-MESSNE
01uWC000005q1CRYAY,01tWC00000DD1RAYA1,SM-MES-RRM-MESSRE
01uWC000005q1CXYAY,01tWC00000DD1RCYA1,SM-MP-RNM-MPNM
01uWC000005q1CdYAI,01tWC00000DD1REYA1,SM-MP-RRM-MPRM
01uWC000005q1CjYAI,01tWC00000DD1RGYA1,CM-TQO-RNM-MCPANE
01uWC000005q1CpYAI,01tWC00000DD1RIYA1,CM-TQO-RRM-MCPARE
01uWC000005q1CvYAI,01tWC00000DD1RKYA1,DM-DML-RNM-MOAINE
01uWC000005q1D1YAI,01tWC00000DD1RMYA1,DM-DML-RRM-MOAIRE
01uWC000005q1D7YAI,01tWC00000DD1RNYA1,SM-HCS-RNM-MIZUNE
01uWC000005q1JdYAI,01tWC00000DD1c8YAD,CS-PPS-RRM-PPSM
01uWC000005q1OZYAY,01tWC00000DD1cAYAT,CS-PPM-RNM-PPMIIN
01uWC000005q1OfYAI,01tWC00000DD1cCYAT,CS-PPM-RRM-PPMIIR
01uWC000005q1OlYAI,01tWC00000DD1cEYAT,CS-PRA-RNM-PRAIIN
01uWC000005q1OrYAI,01tWC00000DD1cGYAT,CS-PRA-RRM-PRAIIR
01uWC000005q1OxYAI,01tWC00000DD1cIYAT,CS-RSA-RNM-PRSIAI
01uWC000005q1P3YAI,01tWC00000DD1cKYAT,CS-RSA-RRM-PRSM
01uWC000005q1P9YAI,01tWC00000DD1cMYAT,CS-PSA-RNM-PSANM
01uWC000005q1PFYAY,01tWC00000DD1cOYAT,CS-PSA-RRM-PSARM
01uWC000005q1PLYAY,01tWC00000DD1cTYAT,CS-PSI-RNM-PSAIIN
01uWC000005q1PRYAY,01tWC00000DD1cVYAT,CS-PSI-RRM-PSAIIR
01uWC000005q1PXYAY,01tWC00000DD1cZYAT,SM-PN-RNM-POWENE
01uWC000005q1PdYAI,01tWC00000DD1cbYAD,SM-PN-RRM-POWERM
01uWC000005q1PjYAI,01tWC00000DD1ckYAD,BI-SQ-RNM-PRODNE
01uWC000005q1PpYAI,01tWC00000DD1cmYAD,BI-SQ-RRM-PRODRE
01uWC000005q1PvYAI,01tWC00000DD1d7YAD,SM-SYM-RRM-RURM
01uWC000005q1QBYAY,01tWC00000DD1dBYAT,BI-SDW-RNM-RELNM
01uWC000005q1QHYAY,01tWC00000DD1dDYAT,BI-SDW-RRM-RELRM
01uWC000005q1QNYAY,01tWC00000DD1dEYAT,BI-SDW-RNM-RRLNM
01uWC000005q1QTYAY,01tWC00000DD1dGYAT,BI-SDW-RRM-RRLRM
01uWC000005q1QZYAY,01tWC00000DD1dHYAT,IGA-AAS-RNM-ROLENE
01uWC000005q1QfYAI,01tWC00000DD1dJYAT,IGA-AAS-RRM-ROLERE
01uWC000005q1QlYAI,01tWC00000DD1dKYAT,DM-RPG-RNM-RPGTNE
01uWC000005q1QrYAI,01tWC00000DD1dMYAT,DM-RPG-RRM-RPGTRE
01uWC000005q1QxYAI,01tWC00000DD1dOYAT,DM-IBM-RNM-RPG2NE
01uWC000005q1R3YAI,01tWC00000DD1dQYAT,DM-IBM-RRM-RPG2RE
01uWC000005q1R9YAI,01tWC00000DD1dSYAT,DM-IRC-RNM-RTFRNE
01uWC000005q1RFYAY,01tWC00000DD1dUYAT,DM-IRC-RRM-RTFRRE
01uWC000005q1RLYAY,01tWC00000DD1dXYAT,DP-DCL-RNM-SAFENE
01uWC000005q1RRYAY,01tWC00000DD1dZYAT,DP-DCL-RRM-SAFERE
01uWC000005q1RXYAY,01tWC00000DD1daYAD,CS-SPS-RNM-SPSHNM
01uWC000005q1S6YAI,01tWC00000DD20MYAT,DP-DC-RNM-CDMEBNM
01uWC000005q1SCYAY,01tWC00000DD20NYAT,DP-DC-RRM-CDMEBRM
01uWC000005q1SIYAY,01tWC00000DD20OYAT,DP-DC-RRM-COUMCBRM
01uWC000005q1SOYAY,01tWC00000DD20PYAT,DP-DC-RNM-COUMCBNM
01uWC000005q1SUYAY,01tWC00000DD20UYAT,DP-DC-RRM-MCCDBERM
01uWC000005q1SaYAI,01tWC00000DD20VYAT,DP-DC-RNM-MCCDBENM
01uWC000005q1SgYAI,01tWC00000DD20WYAT,DP-DC-RRM-MCCDBSRM
01uWC000005q1SmYAI,01tWC00000DD20XYAT,DP-DC-RNM-MCCDBSNM
01uWC000005q1SsYAI,01tWC00000DD20YYAT,FIM-FIM-RNM-DP7NM
01uWC000005q1SyYAI,01tWC00000DD20ZYAT,FIM-FIM-RRM-DEERM
01uWC000005q1T4YAI,01tWC00000DD20aYAD,FIM-FIM-RNM-DEENM
01uWC000005q1TAYAY,01tWC00000DD20bYAD,FIM-FIM-RRM-IERM
01uWC000005q1THYAY,01tWC00000DD20cYAD,FIM-FIM-RNM-IENM
01uWC000005q1TOYAY,01tWC00000DD20dYAD,FIM-FIM-RRM-TECMBERM
01uWC000005q1TUYAY,01tWC00000DD20eYAD,FIM-FIM-RNM-TECMBENM
01uWC000005q1TaYAI,01tWC00000DD20fYAD,FIM-FIM-RRM-TEDEVRM
01uWC000005q1TgYAI,01tWC00000DD20gYAD,FIM-FIM-RNM-TEDEVNM
01uWC000005q1TmYAI,01tWC00000DD20hYAD,FIM-FIM-RRM-TEDSERM
01uWC000005q1TsYAI,01tWC00000DD20iYAD,FIM-FIM-RNM-TEDSENM
01uWC000005q1TyYAI,01tWC00000DD20jYAD,FIM-FIM-RRM-TEDERM
01uWC000005q1U4YAI,01tWC00000DD20kYAD,FIM-FIM-RNM-TEDENM
01uWC000005q1UAYAY,01tWC00000DD20lYAD,FIM-FIM-RNM-TEIDNM
01uWC000005q1UGYAY,01tWC00000DD20mYAD,FIM-FIM-RRM-TENDERM
01uWC000005q1UMYAY,01tWC00000DD20nYAD,FIM-FIM-RNM-TENDENM
01uWC000005q1USYAY,01tWC00000DD20oYAD,FIM-FIM-RRM-TETRM
01uWC000005q1UYYAY,01tWC00000DD20pYAD,FIM-FIM-RNM-TETNM
01uWC000005q1UeYAI,01tWC00000DD20yYAD,DP-DC-RRM-TCSIICRM
01uWC000005q1UkYAI,01tWC00000DD20zYAD,DP-DC-RNM-TCSIICNM
01uWC000005q1mhYAA,01tWC00000DD1klYAD,BI-CRO-RNM-SCRNM
01uWC000005q1q1YAA,01tWC00000DD1knYAD,BI-CRO-RRM-SCRRM
01uWC000005q1q7YAA,01tWC00000DD1kpYAD,BI-QRW-RNM-SREPNM
01uWC000005q1qDYAQ,01tWC00000DD1krYAD,BI-QRW-RRM-SREPRM
01uWC000005q1qJYAQ,01tWC00000DD1kxYAD,DM-SH-RNM-SIGNNE
01uWC000005q1qPYAQ,01tWC00000DD1kzYAD,DM-SH-RRM-SIGNRE
01uWC000005q1qVYAQ,01tWC00000DD1l1YAD,DM-SH-RNM-SIGNLN
01uWC000005q1qbYAA,01tWC00000DD1l3YAD,DM-SH-RRM-SIGNLR
01uWC000005q1qrYAA,01tWC00000DD1lAYAT,DM-EU-RNM-SMTPNE
01uWC000005q1qxYAA,01tWC00000DD1lCYAT,DM-EU-RRM-SMTPRE
01uWC000005q1r3YAA,01tWC00000DD1lEYAT,SM-SNP-RNM-SNAPNE
01uWC000005q1r9YAA,01tWC00000DD1lGYAT,SM-SNP-RRM-SNAPRE
01uWC000005q1rFYAQ,01tWC00000DD1lPYAT,DM-DML-RNM-SOFTNE
01uWC000005q1rLYAQ,01tWC00000DD1lRYAT,DM-DML-RRM-SOFTRE
01uWC000005q1rRYAQ,01tWC00000DD1lSYAT,SM-SFM-RNM-SFMNM
01uWC000005q1rXYAQ,01tWC00000DD1lUYAT,SM-SFM-RRM-SFMRM
01uWC000005q1rdYAA,01tWC00000DD1lWYAT,SM-SFM-RNM-SFMDNM
01uWC000005q1rjYAA,01tWC00000DD1lYYAT,SM-SFM-RRM-SFMDRM
01uWC000005q1rpYAA,01tWC00000DD1laYAD,DM-DML-RNM-SCBNEW
01uWC000005q1rvYAA,01tWC00000DD1lcYAD,DM-DML-RRM-SCBREN
01uWC000005q1s1YAA,01tWC00000DD1leYAD,IGA-AAS-RNM-SCCIPN
01uWC000005q1s7YAA,01tWC00000DD1lgYAD,IGA-AAS-RRM-SCCIPR
01uWC000005q1sDYAQ,01tWC00000DD1liYAD,IGA-AAS-RNM-SCCSDN
01uWC000005q1sJYAQ,01tWC00000DD1lkYAD,IGA-AAS-RRM-SCCSDR
01uWC000005q1sPYAQ,01tWC00000DD1loYAD,ES-SEG-RNM-SSSEGN
01uWC000005q1sVYAQ,01tWC00000DD1lqYAD,ES-SEG-RRM-SSSEGR
01uWC000005q1sbYAA,01tWC00000DD1lsYAD,ES-SXG-RNM-SSSEXC
01uWC000005q1shYAA,01tWC00000DD1luYAD,ES-SXG-RRM-SSSEXR
01uWC000005q1snYAA,01tWC00000DD1lwYAD,ES-SIG-RNM-SSSICA
01uWC000005q1stYAA,01tWC00000DD1lyYAD,ES-SIG-RRM-SSSIGR
01uWC000005q1szYAA,01tWC00000DD1m0YAD,ES-SIG-RNM-SSSICG
01uWC000005q1t1YAA,01tWC00000DD1m1YAD,ES-SIG-RRM-SSSICR
01uWC000005q27lYAA,01tWC00000DD19GYAT,DM-IRC-RRM-CSVCRE
01uWC000005q27rYAA,01tWC00000DD19LYAT,DM-DML-RNM-CUSTNE
01uWC000005q27xYAA,01tWC00000DD19NYAT,DM-DML-RRM-CUSTRE
01uWC000005q28NYAQ,01tWC00000DD19YYAT,BI-SDW-RNM-DANM
01uWC000005q28TYAQ,01tWC00000DD19aYAD,BI-SDW-RRM-DARM
01uWC000005q28ZYAQ,01tWC00000DD19cYAD,DP-DC-RNM-DCNM
01uWC000005q28fYAA,01tWC00000DD19eYAD,DP-DC-RRM-DCRM
01uWC000005q28lYAA,01tWC00000DD19iYAD,DM-EU-RNM-DE4LNM
01uWC000005q28rYAA,01tWC00000DD19kYAD,DM-EU-RRM-DE4LRM
01uWC000005q291YAA,01tWC00000DD1B0YAL,DM-DOE-RNM-DTBNEW
01uWC000005q297YAA,01tWC00000DD1B2YAL,DM-DOE-RRM-DTBREN
01uWC000005q29DYAQ,01tWC00000DD1B3YAL,DM-DLN-RNM-DELILN
01uWC000005q2CXYAY,01tWC00000DD1B5YAL,DM-DLN-RRM-DELILR
01uWC000005q2CdYAI,01tWC00000DD1B6YAL,DM-DLN-RNM-DELINE
01uWC000005q2CjYAI,01tWC00000DD1B8YAL,DM-DLN-RRM-DELIRE
01uWC000005q2CpYAI,01tWC00000DD1BDYA1,BI-DB-RNM-DEPLNE
01uWC000005q2CvYAI,01tWC00000DD1BFYA1,BI-DB-RRM-DEPLRE
01uWC000005q2D6YAI,01tWC00000DD1BIYA1,CS-DFT-RNM-DETENE
01uWC000005q2DCYAY,01tWC00000DD1BKYA1,CS-DFT-RRM-DETERE
01uWC000005q2DKYAY,01tWC00000DD1BZYA1,FIM-FIM-RNM-DPENTU
01uWC000005q2DVYAY,01tWC00000DD1BhYAL,DP-DLP-RNM-DGDMCN
01uWC000005q2DbYAI,01tWC00000DD1BjYAL,DP-DLP-RRM-DGDMCR
01uWC000005q2DhYAI,01tWC00000DD1BpYAL,DP-DLP-RNM-DGDVMN
01uWC000005q2DnYAI,01tWC00000DD1BrYAL,DP-DLP-RRM-DGDVMR
01uWC000005q2DtYAI,01tWC00000DD1BuYAL,DP-DLP-RNM-DGPNM
01uWC000005q2DzYAI,01tWC00000DD1BwYAL,DP-DLP-RRM-DGPRM
01uWC000005q2LGYAY,01tWC00000DD1y2YAD,DM-DML-RRM-WSWRSR
01uWC000005q2LMYAY,01tWC00000DD1y3YAD,DM-DML-RNM-WINVNE
01uWC000005q2LSYAY,01tWC00000DD1y5YAD,DM-DML-RRM-WINVRE
01uWC000005q2LcYAI,01tWC00000DD210YAD,FIM-FIM-RRM-CCMEVRM
01uWC000005q2LiYAI,01tWC00000DD211YAD,FIM-FIM-RNM-CCMEVNM
01uWC000005q2LoYAI,01tWC00000DD212YAD,FIM-FIM-RRM-FERM
01uWC000005q2LuYAI,01tWC00000DD213YAD,FIM-FIM-RNM-FENM
01uWC000005q2M0YAI,01tWC00000DD214YAD,FIM-FIM-RNM-TCLNM
01uWC000005q2M6YAI,01tWC00000DD215YAD,FIM-FIM-RRM-TIARM
01uWC000005q2MCYAY,01tWC00000DD216YAD,FIM-FIM-RNM-TIANM
01uWC000005q2PLYAY,01tWC00000DD1sjYAD,SM-VMC-RRM-VVMM
01uWC000005q2PWYAY,01tWC00000DD217YAD,FIM-FIM-RRM-TMERM
01uWC000005q2PcYAI,01tWC00000DD218YAD,FIM-FIM-RNM-TMENM
01uWC000005q2PiYAI,01tWC00000DD219YAD,FIM-FML-RRM-TSSLRM
01uWC000005q2PoYAI,01tWC00000DD21AYAT,FIM-FML-RNM-TSSLNM
01uWC000005q2PuYAI,01tWC00000DD21BYAT,FIM-FML-RRM-TSAURM
01uWC000005q2Q0YAI,01tWC00000DD21CYAT,FIM-FML-RNM-TSAUNM
01uWC000005q2Q6YAI,01tWC00000DD21DYAT,FIM-TLC-RRM-TLCERM
01uWC000005q2QCYAY,01tWC00000DD21EYAT,FIM-TLC-RNM-TLCENM
01uWC000005q2QIYAY,01tWC00000DD21FYAT,FIM-TLC-RRM-TLCDERM
01uWC000005q2QOYAY,01tWC00000DD21GYAT,FIM-TLC-RNM-TLCDENM
01uWC000005q2QUYAY,01tWC00000DD21HYAT,FIM-TLC-RRM-TLCFSERM
01uWC000005q2QaYAI,01tWC00000DD21IYAT,FIM-TLC-RNM-TLCFSENM
01uWC000005q2R3YAI,01tWC00000DD1slYAD,SM-VMC-RNM-VMVI
01uWC000005q2R9YAI,01tWC00000DD1snYAD,SM-VMC-RRM-VMCVI
01uWC000005q2RFYAY,01tWC00000DD1spYAD,SM-VMC-RNM-VVOM
01uWC000005q2RLYAY,01tWC00000DD1srYAD,SM-VMC-RRM-VMVM
01uWC000005q2RRYAY,01tWC00000DD1stYAD,SM-VMC-RNM-VVSM
01uWC000005q2RXYAY,01tWC00000DD1svYAD,SM-VMC-RRM-VMCVM
01uWC000005q2RdYAI,01tWC00000DD1sxYAD,SM-VMC-RNM-VMCW
01uWC000005q2RjYAI,01tWC00000DD1szYAD,SM-VMC-RRM-VWAM
01uWC000005q2RpYAI,01tWC00000DD1t1YAD,SM-VMC-RNM-VWSM
01uWC000005q2RyYAI,01tWC00000DD1u8YAD,CM-TQU-RNM-UTQHMO
01uWC000005q2S4YAI,01tWC00000DD1uAYAT,CM-TQU-RRM-UNITEA
01uWC000005q2SAYAY,01tWC00000DD1uDYAT,CM-TQU-RNM-UTQIOO
01uWC000005q2SGYAY,01tWC00000DD1uFYAT,CM-TQU-RRM-UNISTQ
01uWC000005q2SOYAY,01tWC00000DD1xeYAD,DM-DML-RRM-WSERSR
01uWC000005q2SUYAY,01tWC00000DD1xfYAD,DM-DML-RNM-WSFRSN
01uWC000005q2SaYAI,01tWC00000DD1xhYAD,DM-DML-RRM-WSFRSR
01uWC000005q2SgYAI,01tWC00000DD1xiYAD,DM-DML-RNM-WSHRCN
01uWC000005q2SmYAI,01tWC00000DD1xkYAD,DM-DML-RRM-WSHRCR
01uWC000005q2SsYAI,01tWC00000DD1xlYAD,DM-DML-RNM-WSLNRS
01uWC000005q2SyYAI,01tWC00000DD1xnYAD,DM-DML-RRM-WSLM
01uWC000005q2T4YAI,01tWC00000DD1xoYAD,DM-DML-RNM-WSPTPC
01uWC000005q2TAYAY,01tWC00000DD1xqYAD,DM-DML-RRM-WSPM
01uWC000005q2TGYAY,01tWC00000DD1xrYAD,DM-DML-RNM-WSPRCN
01uWC000005q2TMYAY,01tWC00000DD1xtYAD,DM-DML-RRM-WSPRCR
01uWC000005q2TSYAY,01tWC00000DD1xuYAD,DM-DML-RNM-WSPNM
01uWC000005q2TYYAY,01tWC00000DD1xwYAD,DM-DML-RRM-WSPRM
01uWC000005q2TeYAI,01tWC00000DD1xxYAD,DM-DML-RNM-WSRRCN
01uWC000005q2TkYAI,01tWC00000DD1xzYAD,DM-DML-RRM-WSRRCR
01uWC000005q2TqYAI,01tWC00000DD1y0YAD,DM-DML-RNM-WSWRSN
01uWC000005q2fUYAQ,01tWC00000DD1HTYA1,DM-IRM-RNM-ENFA
01uWC000005q2kQYAQ,01tWC00000DD1HVYA1,DM-IRM-RRM-ENTERF
01uWC000005q2kWYAQ,01tWC00000DD1HaYAL,DM-EW-RNM-EWLNM
01uWC000005q2kcYAA,01tWC00000DD1HcYAL,DM-EW-RRM-EWLRM
01uWC000005q2kiYAA,01tWC00000DD1HdYAL,DM-EW-RNM-EWLLNM
01uWC000005q2koYAA,01tWC00000DD1HfYAL,DM-EW-RRM-EWLLRM
01uWC000005q2kuYAA,01tWC00000DD1HgYAL,BI-ESN-RNM-ESENNE
01uWC000005q2l0YAA,01tWC00000DD1HiYAL,BI-ESN-RRM-ESENRE
01uWC000005q2l6YAA,01tWC00000DD1HmYAL,DP-DCL-RNM-EXCHNM
01uWC000005q2lCYAQ,01tWC00000DD1HoYAL,DP-DCL-RRM-EXCHFA
01uWC000005q2lIYAQ,01tWC00000DD1HpYAL,DP-DC-RNM-EXCHCN
01uWC000005q2lOYAQ,01tWC00000DD1HrYAL,DP-DC-RRM-EXCHCR
01uWC000005q2lUYAQ,01tWC00000DD1HsYAL,FIM-FIM-RNM-FIMDNM
01uWC000005q2lbYAA,01tWC00000DD1HuYAL,FIM-FIM-RRM-FIMDRM
01uWC000005q2loYAA,01tWC00000DD1I0YAL,FIM-FIM-RNM-FIMDSN
01uWC000005q2lvYAA,01tWC00000DD1I2YAL,FIM-FIM-RRM-FIMDSR
01uWC000005q2m8YAA,01tWC00000DD1I8YAL,FIM-FIM-RNM-FIMLSU
01uWC000005q2mFYAQ,01tWC00000DD1IAYA1,FIM-FIM-RRM-FIMLAS
01uWC000005q2mfYAA,01tWC00000DD1IWYA1,FIM-FIM-RNM-FIMSSU
01uWC000005q2mxYAA,01tWC00000DD1IjYAL,GOA-FIL-RNM-FCCNM
01uWC000005q2n3YAA,01tWC00000DD1IlYAL,GOA-FIL-RRM-FCCRM
01uWC000005q2n9YAA,01tWC00000DD1InYAL,GOA-FIL-RNM-FCCANN
01uWC000005q2nFYAQ,01tWC00000DD1IpYAL,GOA-FIL-RRM-FCCANR
01uWC000005q2nLYAQ,01tWC00000DD1IuYAL,GOA-FIL-RNM-FCCCNM
01uWC000005q2tOYAQ,01tWC00000DD1fwYAD,SM-VMC-RRM-SKIRM
01uWC000005q2tUYAQ,01tWC00000DD1fyYAD,SM-VMC-RNM-SKMNM
01uWC000005q2taYAA,01tWC00000DD1g0YAD,SM-VMC-RRM-SKMRM
01uWC000005q2toYAA,01tWC00000DD1hpYAD,FIM-FIM-RNM-TEDSNM
01uWC000005q2tvYAA,01tWC00000DD1hrYAD,FIM-FIM-RRM-TEDSRM
01uWC000005q2u2YAA,01tWC00000DD1jZYAT,BI-SDW-RRM-SDWRM
01uWC000005q2u5YAA,01tWC00000DD1c2YAD,CS-PMF-RNM-PMFAII
01uWC000005q2uBYAQ,01tWC00000DD1c4YAD,CS-PMF-RRM-PMFM
01uWC000005q2uHYAQ,01tWC00000DD1c6YAD,CS-PPS-RNM-PPSHII
01uWC000005q2uPYAQ,01tWC00000DD1dcYAD,CS-SPS-RRM-SPSHRM
01uWC000005q2uVYAQ,01tWC00000DD1deYAD,CS-SPS-RNM-SPSHUN
01uWC000005q2ubYAA,01tWC00000DD1dgYAD,CS-SPS-RRM-SPSHUR
01uWC000005q2uhYAA,01tWC00000DD1dlYAD,SM-SAP-RNM-SAPINE
01uWC000005q2unYAA,01tWC00000DD1dnYAD,SM-SAP-RRM-SAPIRE
01uWC000005q2utYAA,01tWC00000DD1drYAD,DM-WCU-RNM-SCANLN
01uWC000005q2uzYAA,01tWC00000DD1dtYAD,DM-WCU-RRM-SCANLR
01uWC000005q2v5YAA,01tWC00000DD1duYAD,DM-WCU-RNM-SCANNE
01uWC000005q2vBYAQ,01tWC00000DD1dwYAD,DM-WCU-RRM-SCANRE
01uWC000005q2vRYAQ,01tWC00000DD1e5YAD,ES-SEG-RNM-SECURE
01uWC000005q2vXYAQ,01tWC00000DD1e7YAD,ES-SEG-RRM-SEGM
01uWC000005q2vdYAA,01tWC00000DD1e9YAD,ES-SEG-RNM-SEEM
01uWC000005q2vjYAA,01tWC00000DD1eBYAT,ES-SEG-RRM-SERM
01uWC000005q2vpYAA,01tWC00000DD1eDYAT,ES-SEG-RNM-SENM
01uWC000005q2vvYAA,01tWC00000DD1eFYAT,ES-SEG-RRM-SECEMA
01uWC000005q2w1YAA,01tWC00000DD1eHYAT,ES-SEG-RNM-SEMAIL
01uWC000005q2w7YAA,01tWC00000DD1eJYAT,ES-SEG-RRM-SECEMG
01uWC000005q2wDYAQ,01tWC00000DD1eLYAT,ES-SXG-RNM-SEEX
01uWC000005q2wJYAQ,01tWC00000DD1eNYAT,ES-SXG-RRM-SECEXC
01uWC000005q2wPYAQ,01tWC00000DD1ePYAT,ES-SXG-RNM-SEXCHA
01uWC000005q2wVYAQ,01tWC00000DD1eRYAT,ES-SXG-RRM-SEEXCG
01uWC000005q2wbYAA,01tWC00000DD1eTYAT,ES-SXG-RNM-SEXCGA
01uWC000005q2weYAA,01tWC00000DD1eVYAT,ES-SXG-RRM-SEEXGA
01uWC000005q2wkYAA,01tWC00000DD1eXYAT,ES-SXG-RNM-SEEGAE
01uWC000005q2wqYAA,01tWC00000DD1eZYAT,ES-SXG-RRM-SEXGES
01uWC000005q2x6YAA,01tWC00000DD1efYAD,ES-SIG-RNM-SIGM
01uWC000005q2xCYAQ,01tWC00000DD1ehYAD,ES-SIG-RRM-SEIC
01uWC000005q2xMYAQ,01tWC00000DD1jbYAD,BI-SDW-RNM-SDWRSL
01uWC000005q2xSYAQ,01tWC00000DD1jgYAD,BI-SDW-RRM-SDWM
01uWC000005q2xYYAQ,01tWC00000DD1jlYAD,BI-SDW-RNM-SEQUED
01uWC000005q2xeYAA,01tWC00000DD1jqYAD,BI-SDW-RRM-SEQUDA
01uWC000005q2xkYAA,01tWC00000DD1jvYAD,BI-SL-RNM-SEFY
01uWC000005q2xqYAA,01tWC00000DD1jxYAD,BI-SL-RRM-SFRM
01uWC000005q2xwYAA,01tWC00000DD1jyYAD,BI-SQ-RNM-SRDNM
01uWC000005q2y2YAA,01tWC00000DD1k0YAD,BI-SQ-RRM-SRDRM
01uWC000005q2yDYAQ,01tWC00000DD1k7YAD,BI-SQ-RRM-SESM
01uWC000005q2yJYAQ,01tWC00000DD1kAYAT,BI-SQ-RNM-SEQUSM
01uWC000005q2yPYAQ,01tWC00000DD1kCYAT,BI-SQ-RRM-SESMB
01uWC000005q2yVYAQ,01tWC00000DD1kEYAT,BI-SQ-RNM-SEQUSB
01uWC000005q2ybYAA,01tWC00000DD1kGYAT,BI-SQ-RRM-SESMBB
01uWC000005q2yhYAA,01tWC00000DD1kIYAT,BI-SQ-RNM-SESO
01uWC000005q2ynYAA,01tWC00000DD1kKYAT,BI-SQ-RRM-SEQSOL
01uWC000005q2ytYAA,01tWC00000DD1kOYAT,BI-SWI-RNM-SWIM
01uWC000005q2yzYAA,01tWC00000DD1kQYAT,BI-SWI-RRM-SEQUEW
01uWC000005q2zFYAQ,01tWC00000DD1keYAD,DP-DC-RNM-SHARCN
01uWC000005q2zLYAQ,01tWC00000DD1kgYAD,DP-DC-RRM-SHARCR
01uWC000005q2zRYAQ,01tWC00000DD1kiYAD,DP-DC-RNM-SHARMD
01uWC000005q3IFYAY,01tWC00000DD1UIYA1,DM-IBM-RRM-PCLTRE
01uWC000005q3JMYAY,01tWC00000DD1sRYAT,SM-VMC-RNM-VMCU
01uWC000005q3JSYAY,01tWC00000DD1sTYAT,SM-VMC-RRM-VUTM
01uWC000005q3JYYAY,01tWC00000DD1sVYAT,SM-VMC-RNM-VMUN
01uWC000005q3JeYAI,01tWC00000DD1sXYAT,SM-VMC-RRM-VMCUN
01uWC000005q3JkYAI,01tWC00000DD1sZYAT,SM-VMC-RNM-VUOM
01uWC000005q3JqYAI,01tWC00000DD1sbYAD,SM-VMC-RRM-VMCUNI
01uWC000005q3JxYAI,01tWC00000DD1UKYA1,DM-IRC-RNM-PDFCNM
01uWC000005q3K3YAI,01tWC00000DD1UMYA1,DM-IRC-RRM-PDFCRM
01uWC000005q3K9YAI,01tWC00000DD1UOYA1,DM-PCR-RNM-PDFSNM
01uWC000005q3KFYAY,01tWC00000DD1UQYA1,DM-PCR-RRM-PDFSRM
01uWC000005q3KLYAY,01tWC00000DD1USYA1,SM-PKP-RNM-PEEKNE
01uWC000005q3KRYAY,01tWC00000DD1UUYA1,SM-PKP-RRM-PEEKRE
01uWC000005q3KXYAY,01tWC00000DD1UWYA1,SM-PFA-RNM-PAGNEW
01uWC000005q3KdYAI,01tWC00000DD1UYYA1,SM-PFA-RRM-PAGREN
01uWC000005q3KjYAI,01tWC00000DD1UaYAL,SM-PFA-RNM-PANM
01uWC000005q3KpYAI,01tWC00000DD1UcYAL,SM-PFA-RRM-PARM
01uWC000005q3KvYAI,01tWC00000DD1UeYAL,SM-SYM-RNM-PMNM
01uWC000005q3L1YAI,01tWC00000DD1UgYAL,SM-SYM-RRM-PMRM
01uWC000005q3L7YAI,01tWC00000DD1UiYAL,SM-PN-RNM-PNNM
01uWC000005q3LDYAY,01tWC00000DD1UkYAL,SM-PN-RRM-PNRM
01uWC000005q3LJYAY,01tWC00000DD1UmYAL,SM-PN-RNM-PNIINM
01uWC000005q3LPYAY,01tWC00000DD1UnYAL,SM-PN-RRM-PNIIRM
01uWC000005q3LfYAI,01tWC00000DD1V0YAL,CM-TQO-RNM-PO1YNE
01uWC000005q3LlYAI,01tWC00000DD1V2YAL,CM-TQO-RRM-PO1YRE
01uWC000005q3M3YAI,01tWC00000DD1WnYAL,SM-QMM-RNM-QMESNE
01uWC000005q3M9YAI,01tWC00000DD1WpYAL,SM-QMM-RRM-QMESRE
01uWC000005q3MFYAY,01tWC00000DD1WrYAL,SM-QRC-RNM-QREMNE
01uWC000005q3MLYAY,01tWC00000DD1WtYAL,SM-QRC-RRM-QREMRE
01uWC000005q3MRYAY,01tWC00000DD1WvYAL,SM-QSM-RNM-QSYSNE
01uWC000005q3MXYAY,01tWC00000DD1WxYAL,SM-QSM-RRM-QSYSRE
01uWC000005q3MdYAI,01tWC00000DD1WzYAL,BI-QRW-RNM-QRWNEW
01uWC000005q3MjYAI,01tWC00000DD1X1YAL,BI-QRW-RRM-QRWREN
01uWC000005q3MpYAI,01tWC00000DD1X4YAL,DM-IRC-RNM-RAWRNE
01uWC000005q3MvYAI,01tWC00000DD1X6YAL,DM-IRC-RRM-RAWRRE
01uWC000005q3N1YAI,01tWC00000DD1X9YAL,SM-RAP-RNM-RECONE
01uWC000005q3N7YAI,01tWC00000DD1sdYAD,SM-VMC-RNM-VUSM
01uWC000005q3NDYAY,01tWC00000DD1sfYAD,SM-VMC-RRM-VMUNIX
01uWC000005q3NJYAY,01tWC00000DD1shYAD,SM-VMC-RNM-VMCV
01uWC000005q3bbYAA,01tWC00000DD1K4YAL,DP-DC-RNM-FDUPN
01uWC000005q3bhYAA,01tWC00000DD1K7YAL,DP-DC-RRM-FDUPR
01uWC000005q3bnYAA,01tWC00000DD1KBYA1,DP-DC-RNM-FDPUPN
01uWC000005q3btYAA,01tWC00000DD1KEYA1,DP-DC-RRM-FDPUPR
01uWC000005q3bzYAA,01tWC00000DD1KHYA1,DP-DC-RNM-FDAPNM
01uWC000005q3c5YAA,01tWC00000DD1KJYA1,DP-DC-RRM-FDAPRM
01uWC000005q3cBYAQ,01tWC00000DD1KKYA1,DP-DC-RNM-FDEPNM
01uWC000005q3cHYAQ,01tWC00000DD1KMYA1,DP-DC-RRM-FDEPRM
01uWC000005q3cNYAQ,01tWC00000DD1KOYA1,DP-DC-RNM-FDEUPN
01uWC000005q3cTYAQ,01tWC00000DD1KQYA1,DP-DC-RRM-FDEUPR
01uWC000005q3cZYAQ,01tWC00000DD1KSYA1,DP-DC-RNM-FDDRDA
01uWC000005q3ccYAA,01tWC00000DD1KVYA1,DP-DC-RRM-FDDM
01uWC000005q3ciYAA,01tWC00000DD1KYYA1,DP-DC-RNM-FDDARN
01uWC000005q3coYAA,01tWC00000DD1KaYAL,DP-DC-RRM-FDDARR
01uWC000005q3cuYAA,01tWC00000DD1KbYAL,DP-DC-RNM-FMIONM
01uWC000005q3d0YAA,01tWC00000DD1KdYAL,DP-DC-RRM-FMIORM
01uWC000005q3d6YAA,01tWC00000DD1LVYA1,DM-DML-RNM-FTP4
01uWC000005q3dCYAQ,01tWC00000DD1LXYA1,DM-DML-RRM-F4RM
01uWC000005q3dIYAQ,01tWC00000DD1LYYA1,DM-DML-RNM-FT40
01uWC000005q3dOYAQ,01tWC00000DD1LaYAL,DM-DML-RRM-FTRM
01uWC000005q3deYAA,01tWC00000DD1LfYAL,SM-HCS-RNM-GANNNE
01uWC000005q3dkYAA,01tWC00000DD1LhYAL,SM-HCS-RRM-GANNRE
01uWC000005q3e0YAA,01tWC00000DD1LnYAL,GOA-GAM-RNM-GAAFTN
01uWC000005q3e6YAA,01tWC00000DD1LpYAL,GOA-GAM-RRM-GAAFTR
01uWC000005q3eCYAQ,01tWC00000DD1LrYAL,GOA-GAM-RNM-GOANYW
01uWC000005q3eIYAQ,01tWC00000DD1LtYAL,GOA-GAM-RRM-GAAM
01uWC000005q3eTYAQ,01tWC00000DD1NDYA1,GOA-GAM-RRM-GAFCSR
01uWC000005q3eZYAQ,01tWC00000DD1NFYA1,GOA-GAM-RNM-GAFSNM
01uWC000005q3efYAA,01tWC00000DD1NHYA1,GOA-GAM-RRM-GAFSRM
01uWC000005q3elYAA,01tWC00000DD1NJYA1,GOA-GAM-RNM-GAGNM
01uWC000005q3nqYAA,01tWC00000DD1FbYAL,GS-GSE-RNM-EFTM
01uWC000005q3zoYAA,01tWC00000DD1PcYAL,SM-SYM-RNM-HHHNEW
01uWC000005q438YAA,01tWC00000DD1PeYAL,SM-SYM-RRM-HHHREN
01uWC000005q43EYAQ,01tWC00000DD1PqYAL,DM-IRC-RNM-HTMLNE
01uWC000005q43KYAQ,01tWC00000DD1PsYAL,DM-IRC-RRM-HTMLRE
01uWC000005q43QYAQ,01tWC00000DD1PuYAL,ES-SWG-RNM-HTTPSF
01uWC000005q43WYAQ,01tWC00000DD1PwYAL,ES-SWG-RRM-HFSM
01uWC000005q43mYAA,01tWC00000DD1Q5YAL,DM-IBM-RNM-IENCNE
01uWC000005q43sYAA,01tWC00000DD1Q7YAL,DM-IBM-RRM-IENCRE
01uWC000005q43yYAA,01tWC00000DD1Q9YAL,SM-HCS-RNM-IFDSNE
01uWC000005q444YAA,01tWC00000DD1QBYA1,SM-HCS-RRM-IFDSRE
01uWC000005q44AYAQ,01tWC00000DD1QCYA1,DM-IFO-RNM-IFORNE
01uWC000005q44GYAQ,01tWC00000DD1QFYA1,SM-RLP-RNM-LPARNE
01uWC000005q44OYAQ,01tWC00000DD1RPYA1,SM-HCS-RRM-MIZURE
01uWC000005q44UYAQ,01tWC00000DD1RRYA1,DP-DC-RNM-MOBICN
01uWC000005q44aYAA,01tWC00000DD1RTYA1,DP-DC-RRM-MOBICR
01uWC000005q44gYAA,01tWC00000DD1RWYA1,SM-ROM-RNM-MONINE
01uWC000005q44mYAA,01tWC00000DD1RYYA1,SM-ROM-RRM-MONIRE
01uWC000005q44sYAA,01tWC00000DD1RbYAL,SM-MQM-RNM-MQMNEW
01uWC000005q44yYAA,01tWC00000DD1RdYAL,SM-MQM-RRM-MQMREN
01uWC000005q45EYAQ,01tWC00000DD1RkYAL,CS-DFT-RNM-MSANEW
01uWC000005q45KYAQ,01tWC00000DD1RmYAL,CS-DFT-RRM-MSAREN
01uWC000005q45QYAQ,01tWC00000DD1RpYAL,DM-DML-RNM-NATPRN
01uWC000005q45WYAQ,01tWC00000DD1TRYA1,ES-SIG-RNM-OCRFE
01uWC000005q45cYAA,01tWC00000DD1TTYA1,ES-SIG-RRM-OCFEAT
01uWC000005q45iYAA,01tWC00000DD1TVYA1,ES-SWG-RNM-OCRFS
01uWC000005q45oYAA,01tWC00000DD1TXYA1,ES-SWG-RRM-OCRFSE
01uWC000005q45uYAA,01tWC00000DD1TZYA1,ES-SIG-RNM-OCRS
01uWC000005q460YAA,01tWC00000DD1TbYAL,ES-SIG-RRM-OSIM
01uWC000005q466YAA,01tWC00000DD1TnYAL,ES-SEG-RNM-ORGPNE
01uWC000005q46CYAQ,01tWC00000DD1TpYAL,ES-SEG-RRM-ORGPRE
01uWC000005q49TYAQ,01tWC00000DD1beYAD,CS-PEI-RRM-POWERE
01uWC000005q4CLYAY,01tWC00000DD1fNYAT,ES-SWG-RNM-SEWEBG
01uWC000005q4CRYAY,01tWC00000DD1fPYAT,ES-SWG-RRM-SWEBGA
01uWC000005q4CXYAY,01tWC00000DD1fRYAT,IGA-AAS-RNM-SECUNE
01uWC000005q4CdYAI,01tWC00000DD1fTYAT,IGA-AAS-RRM-SECURM
01uWC000005q4CnYAI,01tWC00000DD1bgYAD,CS-PEI-RNM-PEIIFE
01uWC000005q4CtYAI,01tWC00000DD1biYAD,CS-PEI-RRM-POWEEN
01uWC000005q4CzYAI,01tWC00000DD1bkYAD,CS-PEM-RNM-PEMNM
01uWC000005q4D5YAI,01tWC00000DD1bmYAD,CS-PEM-RRM-PEMRM
01uWC000005q4DBYAY,01tWC00000DD1boYAD,CS-PEP-RNM-PEPMII
01uWC000005q4DHYAY,01tWC00000DD1bqYAD,CS-PEP-RRM-PEPM
01uWC000005q4DZYAY,01tWC00000DD1byYAD,CS-PIM-RNM-PIMIIN
01uWC000005q4DfYAI,01tWC00000DD1c0YAD,CS-PIM-RRM-PIMIIR
01uWC000005q4DqYAI,01tWC00000DD1ejYAD,ES-SIG-RNM-SECURI
01uWC000005q4DwYAI,01tWC00000DD1elYAD,ES-SIG-RRM-SECUIC
01uWC000005q4E2YAI,01tWC00000DD1enYAD,ES-SIG-RNM-SECICA
01uWC000005q4E8YAI,01tWC00000DD1epYAD,ES-SIG-RRM-SEICAP
01uWC000005q4EEYAY,01tWC00000DD1erYAD,ES-SIG-RNM-SICAP
01uWC000005q4EKYAY,01tWC00000DD1etYAD,ES-SIG-RRM-SECICG
01uWC000005q4EQYAY,01tWC00000DD1evYAD,ES-SIG-RNM-SEICAG
01uWC000005q4EWYAY,01tWC00000DD1exYAD,ES-SIG-RRM-SICAGA
01uWC000005q4EcYAI,01tWC00000DD1ezYAD,ES-SIG-RNM-SEICGA
01uWC000005q4EiYAI,01tWC00000DD1f1YAD,ES-SIG-RRM-SEIGAE
01uWC000005q4EoYAI,01tWC00000DD1f3YAD,ES-SIG-RNM-SICGES
01uWC000005q4EuYAI,01tWC00000DD1f5YAD,ES-SIG-RRM-SIGAES
01uWC000005q4F0YAI,01tWC00000DD1f7YAD,ES-SIG-RNM-SEICGP
01uWC000005q4F6YAI,01tWC00000DD1f9YAD,ES-SIG-RRM-SICGAP
01uWC000005q4FCYAY,01tWC00000DD1fBYAT,ES-SWG-RNM-SWGM
01uWC000005q4FIYAY,01tWC00000DD1fDYAT,ES-SWG-RRM-SEWE
01uWC000005q4FOYAY,01tWC00000DD1fFYAT,ES-SWG-RNM-SECURW
01uWC000005q4FUYAY,01tWC00000DD1fHYAT,ES-SWG-RRM-SECWEB
01uWC000005q4FaYAI,01tWC00000DD1fJYAT,ES-SWG-RNM-SWEB
01uWC000005q4FgYAI,01tWC00000DD1fLYAT,ES-SWG-RRM-SECWEG
01uWC000005q4FxYAI,01tWC00000DD1fVYAT,SM-SYM-RNM-SNM
01uWC000005q4G3YAI,01tWC00000DD1fXYAT,SM-SYM-RRM-SRM
01uWC000005q4G8YAI,01tWC00000DD1faYAD,CS-SA-RNM-SANM
01uWC000005q4GEYAY,01tWC00000DD1fcYAD,CS-SA-RRM-SARM
01uWC000005q4GKYAY,01tWC00000DD1feYAD,CS-DFT-RNM-SADNM
01uWC000005q4GQYAY,01tWC00000DD1fgYAD,CS-DFT-RRM-SADRM
01uWC000005q4GWYAY,01tWC00000DD1fqYAD,SM-VMC-RNM-SKENM
01uWC000005q4GcYAI,01tWC00000DD1fsYAD,SM-VMC-RRM-SKERM
01uWC000005q4GiYAI,01tWC00000DD1fuYAD,SM-VMC-RNM-SKINM
01uWC000005q4GtYAI,01tWC00000DD1kkYAD,DP-DC-RRM-SHARMR
01uWC000005q4H1YAI,01tWC00000DD1m2YAD,ES-SWG-RNM-SSSWGN
01uWC000005q4H7YAI,01tWC00000DD1m4YAD,ES-SWG-RRM-SSSWGR
01uWC000005q4HDYAY,01tWC00000DD1m6YAD,DM-SV4-RNM-S4NM
01uWC000005q4HJYAY,01tWC00000DD1m8YAD,DM-SV4-RRM-S4RM
01uWC000005q4HPYAY,01tWC00000DD1m9YAD,DM-SV4-RNM-S4SUPN
01uWC000005q4ZLYAY,01tWC00000DD1JoYAL,DM-DML-RNM-FORMNE
01uWC000005q4ZRYAY,01tWC00000DD1JqYAL,DM-DML-RRM-FORMRE
01uWC000005q4ZXYAY,01tWC00000DD1JrYAL,DP-DCL-RNM-FORMNM
01uWC000005q4ZdYAI,01tWC00000DD1JtYAL,DP-DCL-RRM-FORMRM
01uWC000005q4ZjYAI,01tWC00000DD1JwYAL,DP-DC-RNM-FCSENM
01uWC000005q4ZpYAI,01tWC00000DD1JyYAL,DP-DC-RRM-FCSERM
01uWC000005q4ZvYAI,01tWC00000DD1K0YAL,DP-DC-RNM-FCSPNM
01uWC000005q4a1YAA,01tWC00000DD1K2YAL,DP-DC-RRM-FCSPRM
01uWC000005q4aBYAQ,01tWC00000DD1NLYA1,GOA-GAM-RRM-GAGRM
01uWC000005q4aHYAQ,01tWC00000DD1NNYA1,GOA-GAM-RNM-GAGLBN
01uWC000005q4aNYAQ,01tWC00000DD1NPYA1,GOA-GAM-RRM-GAGLBR
01uWC000005q4aTYAQ,01tWC00000DD1NRYA1,GOA-GAM-RNM-GAGM
01uWC000005q4aZYAQ,01tWC00000DD1NTYA1,GOA-GAM-RRM-GOAG
01uWC000005q4afYAA,01tWC00000DD1NVYA1,GOA-GAM-RNM-GAGDNM
01uWC000005q4alYAA,01tWC00000DD1NXYA1,GOA-GAM-RRM-GAGDRM
01uWC000005q4arYAA,01tWC00000DD1NZYA1,GOA-GAM-RNM-GAGFSN
01uWC000005q4axYAA,01tWC00000DD1NbYAL,GOA-GAM-RRM-GAGFSR
01uWC000005q4b1YAA,01tWC00000DD1NlYAL,GOA-GAM-RNM-GAPSCN
01uWC000005q4b7YAA,01tWC00000DD1NnYAL,GOA-GAM-RRM-GAPSCR
01uWC000005q4bDYAQ,01tWC00000DD1NpYAL,GOA-GAM-RNM-GAPSEB
01uWC000005q4bJYAQ,01tWC00000DD1NsYAL,GOA-GAM-RRM-GAPM
01uWC000005q4bPYAQ,01tWC00000DD1NvYAL,GOA-GAM-RNM-GAPSPB
01uWC000005q4bVYAQ,01tWC00000DD1NxYAL,GOA-GAM-RRM-GOANP
01uWC000005q4bbYAA,01tWC00000DD1NzYAL,GOA-GAM-RNM-GAPSSN
01uWC000005q4bhYAA,01tWC00000DD1O1YAL,GOA-GAM-RRM-GAPSSR
01uWC000005q4bnYAA,01tWC00000DD1O3YAL,GOA-GAM-RNM-GAPSSB
01uWC000005q4btYAA,01tWC00000DD1O6YAL,GOA-GAM-RRM-GANYPE
01uWC000005q4bzYAA,01tWC00000DD1O9YAL,GOA-GAM-RNM-GAPANM
01uWC000005q4c5YAA,01tWC00000DD1OBYA1,GOA-GAM-RRM-GAPARM
01uWC000005q4cBYAQ,01tWC00000DD1ODYA1,GOA-GAM-RNM-GAPBNM
01uWC000005q4cLYAQ,01tWC00000DD1PUYA1,SM-HEP-RRM-HEPMRM
01uWC000005q4cbYAA,01tWC00000DD1TwYAL,DP-DC-RNM-OWACNE
01uWC000005q4chYAA,01tWC00000DD1TyYAL,DP-DC-RRM-OWACRE
01uWC000005q4cnYAA,01tWC00000DD1U0YAL,SM-HCS-RNM-PARANE
01uWC000005q4ctYAA,01tWC00000DD1U2YAL,SM-HCS-RRM-PARARE
01uWC000005q4czYAA,01tWC00000DD1U4YAL,BI-SDW-RNM-PLNM
01uWC000005q4d5YAA,01tWC00000DD1U6YAL,BI-SDW-RRM-PLRM
01uWC000005q4dBYAQ,01tWC00000DD1U9YAL,SM-PRM-RNM-PASSNE
01uWC000005q4dHYAQ,01tWC00000DD1UBYA1,SM-PRM-RRM-PASSRE
01uWC000005q4dNYAQ,01tWC00000DD1UGYA1,DM-IBM-RNM-PCLTNE
01uWC000005q4dXYAQ,01tWC00000DD1XBYA1,SM-RAP-RRM-RECORE
01uWC000005q4e0YAA,01tWC00000DD1XTYA1,BI-SDW-RNM-RDPNM
01uWC000005q4e6YAA,01tWC00000DD1XVYA1,BI-SDW-RRM-RDPRM
01uWC000005q4ftYAA,01tWC00000DD1bAYAT,CS-CLP-RNM-PCSNM
01uWC000005q4fzYAA,01tWC00000DD1bCYAT,CS-CLP-RRM-PCSRM
01uWC000005q4g5YAA,01tWC00000DD1bEYAT,CS-PDM-RNM-PDMIIN
01uWC000005q4gBYAQ,01tWC00000DD1bGYAT,CS-PDM-RNM-PDMM
01uWC000005q4gHYAQ,01tWC00000DD1bIYAT,CS-PDM-RRM-PODA
01uWC000005q4gNYAQ,01tWC00000DD1bKYAT,CS-PDM-RNM-PDMIIR
01uWC000005q4gTYAQ,01tWC00000DD1bMYAT,CS-PDM-RRM-PORM
01uWC000005q4gZYAQ,01tWC00000DD1bOYAT,CS-PDM-RNM-PONM
01uWC000005q4gfYAA,01tWC00000DD1bQYAT,CS-PDM-RRM-POWERD
01uWC000005q4glYAA,01tWC00000DD1bSYAT,CS-PDM-RRM-POWEDA
01uWC000005q4grYAA,01tWC00000DD1bUYAT,CS-PEI-RNM-PEIINM
01uWC000005q4gxYAA,01tWC00000DD1bWYAT,CS-PEI-RRM-PEIIRM
01uWC000005q4h3YAA,01tWC00000DD1bYYAT,CS-PEI-RNM-PEIIAI
01uWC000005q4h9YAA,01tWC00000DD1baYAD,CS-PEI-RRM-PEIM
01uWC000005q4oTYAQ,01tWC00000DD1HBYA1,BI-ESN-RRM-ENES
01uWC000005q4oZYAQ,01tWC00000DD1HDYA1,BI-SDW-RNM-ENET
01uWC000005q4ofYAA,01tWC00000DD1HFYA1,BI-SDW-RRM-ENRM
01uWC000005q4olYAA,01tWC00000DD1HHYA1,BI-SDW-RNM-EMMNM
01uWC000005q4orYAA,01tWC00000DD1HJYA1,BI-SDW-RRM-EMMRM
01uWC000005q4p7YAA,01tWC00000DD1HPYA1,SM-EC-RNM-ECNM
01uWC000005q4pDYAQ,01tWC00000DD1HRYA1,SM-EC-RRM-ECRM
01uWC000005q4pOYAQ,01tWC00000DD1IwYAL,GOA-FIL-RRM-FCCCRM
01uWC000005q4qYYAQ,01tWC00000DD1bcYAD,CS-PEI-RNM-PEIIBE
01uWC000005q4qiYAA,01tWC00000DD1sBYAT,SM-VMC-RNM-VPUM
01uWC000005q4qoYAA,01tWC00000DD1sDYAT,SM-VMC-RRM-VMCPO
01uWC000005q4quYAA,01tWC00000DD1sFYAT,SM-VMC-RNM-VSAM
01uWC000005q4r0YAA,01tWC00000DD1sHYAT,SM-VMC-RRM-VMSL
01uWC000005q4r6YAA,01tWC00000DD1IyYAL,GOA-FIL-RNM-FCCCAN
01uWC000005q4rCYAQ,01tWC00000DD1J0YAL,GOA-FIL-RRM-FCCCAR
01uWC000005q4rIYAQ,01tWC00000DD1J2YAL,GOA-FIL-RNM-FCDKNM
01uWC000005q4rOYAQ,01tWC00000DD1J4YAL,GOA-FIL-RRM-FCDKRM
01uWC000005q4rUYAQ,01tWC00000DD1J6YAL,GOA-FIL-RNM-FCDNM
01uWC000005q4raYAA,01tWC00000DD1J8YAL,GOA-FIL-RRM-FCDRM
01uWC000005q4rgYAA,01tWC00000DD1JCYA1,GOA-FIL-RNM-FCHANM
01uWC000005q4rmYAA,01tWC00000DD1JEYA1,GOA-FIL-RRM-FCHARM
01uWC000005q4rsYAA,01tWC00000DD1JHYA1,GOA-FIL-RNM-FCLBNM
01uWC000005q4ryYAA,01tWC00000DD1JJYA1,GOA-FIL-RRM-FCLBRM
01uWC000005q4s1YAA,01tWC00000DD1JLYA1,GOA-FIL-RNM-FCRPNM
01uWC000005q4s7YAA,01tWC00000DD1JNYA1,GOA-FIL-RRM-FCRPRM
01uWC000005q4sDYAQ,01tWC00000DD1JQYA1,GOA-FIL-RNM-FCTAWI
01uWC000005q4sJYAQ,01tWC00000DD1JSYA1,GOA-FIL-RRM-FCTM
01uWC000005q4sPYAQ,01tWC00000DD1JUYA1,GOA-FIL-RNM-FCWNM
01uWC000005q4sVYAQ,01tWC00000DD1JWYA1,GOA-FIL-RRM-FCWRM
01uWC000005q4sbYAA,01tWC00000DD1JYYA1,GOA-FIL-RNM-FCWANM
01uWC000005q4shYAA,01tWC00000DD1JaYAL,GOA-FIL-RRM-FCWARM
01uWC000005q4snYAA,01tWC00000DD1JgYAL,DP-DCL-RNM-FIRENE
01uWC000005q4stYAA,01tWC00000DD1JiYAL,DP-DCL-RRM-FIRERE
01uWC000005q4szYAA,01tWC00000DD1JjYAL,NW-INT-RNM-FLOWNE
01uWC000005q4uKYAQ,01tWC00000DD1sJYAT,SM-VMC-RNM-VMSQ
01uWC000005q4uQYAQ,01tWC00000DD1sLYAT,SM-VMC-RRM-VMCSQL
01uWC000005q4uWYAQ,01tWC00000DD1sNYAT,SM-VMC-RNM-VSQL
01uWC000005q4ucYAA,01tWC00000DD1sPYAT,SM-VMC-RRM-VMCSQS
01uWC000005q52nYAA,01tWC00000DD1GMYA1,GS-GSE-RNM-EWNM
01uWC000005q52tYAA,01tWC00000DD1GNYA1,DM-DML-RNM-ELECDN
01uWC000005q52zYAA,01tWC00000DD1GPYA1,DM-DML-RRM-ELECDR
01uWC000005q535YAA,01tWC00000DD1GQYA1,DM-DML-RNM-ELECLN
01uWC000005q53BYAQ,01tWC00000DD1GSYA1,DM-DML-RRM-ELECLR
01uWC000005q53HYAQ,01tWC00000DD1GVYA1,DM-DML-RNM-EDBBNM
01uWC000005q53NYAQ,01tWC00000DD1GXYA1,DM-DML-RRM-EDBBRM
01uWC000005q53TYAQ,01tWC00000DD1GYYA1,DM-DML-RNM-EFSLNM
01uWC000005q53ZYAQ,01tWC00000DD1GaYAL,DM-DML-RRM-EFSLRM
01uWC000005q53fYAA,01tWC00000DD1GbYAL,DM-WCU-RNM-EMNM
01uWC000005q53lYAA,01tWC00000DD1GdYAL,DM-WCU-RRM-EMAIL
01uWC000005q53rYAA,01tWC00000DD1GfYAL,DM-DML-RNM-ERDBPN
01uWC000005q53xYAA,01tWC00000DD1GhYAL,DM-DML-RRM-ERDBPR
01uWC000005q543YAA,01tWC00000DD1GiYAL,DM-EU-RNM-ERSNM
01uWC000005q549YAA,01tWC00000DD1GkYAL,DM-EU-RRM-ERSRM
01uWC000005q54JYAQ,01tWC00000DD1H5YAL,BI-SDW-RNM-EDSNM
01uWC000005q54PYAQ,01tWC00000DD1H7YAL,BI-SDW-RRM-EDSRM
01uWC000005q54VYAQ,01tWC00000DD1H9YAL,BI-ESN-RNM-EESPPU
01uWC000005q6BBYAY,01tWC00000DD22fYAD,GS-GSE-RRM-FMRM
01uWC000005q6BHYAY,01tWC00000DD22gYAD,GS-GSE-RRM-HS(WCRM
01uWC000005q6ETYAY,01tWC00000DD21dYAD,GS-GSE-RNM-EIMNM
01uWC000005q6EbYAI,01tWC00000DD22hYAD,GS-GSE-RRM-MSGRM
01uWC000005q6EhYAI,01tWC00000DD22iYAD,GS-GSE-RRM-PGPARM
01uWC000005q6EnYAI,01tWC00000DD22jYAD,GS-GSE-RRM-PBRM
01uWC000005q6EtYAI,01tWC00000DD22kYAD,GS-GSE-RNM-PBNM
01uWC000005q6EzYAI,01tWC00000DD22lYAD,GS-GSE-RRM-REGCOMRM
01uWC000005q6F5YAI,01tWC00000DD22nYAD,GS-GSE-RRM-SCHEDRM
01uWC000005q6FBYAY,01tWC00000DD22oYAD,GS-GSE-RRM-SECFRM
01uWC000005q6FHYAY,01tWC00000DD22pYAD,GS-GSE-RRM-SSRM
01uWC000005q6FNYAY,01tWC00000DD22qYAD,GS-GSE-RRM-SSBRM
01uWC000005q6FTYAY,01tWC00000DD22rYAD,GS-GSE-RRM-SSGRM
01uWC000005q6FZYAY,01tWC00000DD22sYAD,GS-GSE-RRM-SBRM
01uWC000005q6FfYAI,01tWC00000DD22tYAD,GS-GSE-RNM-SBNM
01uWC000005q6FlYAI,01tWC00000DD22uYAD,GOA-GAM-RRM-GCBGRM
01uWC000005q6FrYAI,01tWC00000DD22vYAD,BI-SDW-RNM-SDWSPENM
01uWC000005q6FxYAI,01tWC00000DD22wYAD,BI-SDW-RRM-SDWSSERM
01uWC000005q6G3YAI,01tWC00000DD22xYAD,BI-SDW-RNM-SDWSSENM
01uWC000005q6G9YAI,01tWC00000DD22yYAD,BI-SDW-RRM-SDWBBERM
01uWC000005q6GFYAY,01tWC00000DD22zYAD,BI-SDW-RNM-SDWBBENM
01uWC000005q6GLYAY,01tWC00000DD230YAD,BI-SDW-RRM-SDWBGERM
01uWC000005q6GRYAY,01tWC00000DD231YAD,BI-SDW-RNM-SDWBGENM
01uWC000005q6GXYAY,01tWC00000DD232YAD,BI-SDW-RRM-SDWBPERM
01uWC000005q6GdYAI,01tWC00000DD233YAD,BI-SDW-RNM-SDWBPENM
01uWC000005q6GjYAI,01tWC00000DD234YAD,BI-SDW-RRM-SDWBSERM
01uWC000005q6GpYAI,01tWC00000DD235YAD,BI-SDW-RNM-SDWBSENM
01uWC000005q6GvYAI,01tWC00000DD238YAD,SM-ROB-RRM-RBCANRM
01uWC000005q6H1YAI,01tWC00000DD239YAD,SM-ROB-RNM-RBCANNM
01uWC000005q6H7YAI,01tWC00000DD23AYAT,SM-ROB-RRM-RBSARM
01uWC000005q6HDYAY,01tWC00000DD23BYAT,SM-ROB-RNM-RBSANM
01uWC000005q6HJYAY,01tWC00000DD23CYAT,SM-ROB-RRM-RBSANRM
01uWC000005q6HPYAY,01tWC00000DD23DYAT,SM-ROB-RNM-RBSANNM
01uWC000005q6HnYAI,01tWC00000DD21eYAD,GS-GSE-RRM-EFMMFRM
01uWC000005q6HtYAI,01tWC00000DD21fYAD,GS-GSE-RNM-ERAM(NM
01uWC000005q6HzYAI,01tWC00000DD21gYAD,GS-GSE-RRM-ERAM(RM
01uWC000005q6I5YAI,01tWC00000DD21hYAD,GS-GSE-RNM-ESMAM(NM
01uWC000005q6IBYAY,01tWC00000DD21iYAD,GS-GSE-RRM-ESMAM(RM
01uWC000005q6IHYAY,01tWC00000DD21jYAD,GS-GSE-RRM-ETEMTRM
01uWC000005q6INYAY,01tWC00000DD21mYAD,GS-GSE-RNM-ESW50SNM
01uWC000005q6ITYAY,01tWC00000DD21nYAD,GS-GSE-RRM-ESW50SRM
01uWC000005q6IZYAY,01tWC00000DD21oYAD,GS-GSE-RRM-FSRM
01uWC000005q6IfYAI,01tWC00000DD21pYAD,GS-GSE-RRM-TARM
01uWC000005q6IlYAI,01tWC00000DD21sYAD,GOA-GAM-RNM-GCSBWGNM
01uWC000005q6IrYAI,01tWC00000DD21tYAD,GOA-GAM-RRM-GCSBWGRM
01uWC000005q6IxYAI,01tWC00000DD21wYAD,GOA-GAM-RNM-GPEBWGNM
01uWC000005q6J3YAI,01tWC00000DD21xYAD,GOA-GAM-RRM-GPEBWGRM
01uWC000005q6J9YAI,01tWC00000DD21yYAD,GOA-GAM-RNM-GPSBWGNM
01uWC000005q6JFYAY,01tWC00000DD21zYAD,GOA-GAM-RRM-GPSBWGRM
01uWC000005q6L2YAI,01tWC00000DD22QYAT,GS-GSE-RRM-AS2CRM
01uWC000005q6L8YAI,01tWC00000DD22RYAT,GS-GSE-RNM-COLBNM
01uWC000005q6LEYAY,01tWC00000DD22SYAT,GS-GSE-RRM-COLBRM
01uWC000005q6LKYAY,01tWC00000DD22TYAT,GS-GSE-RRM-CSBRM
01uWC000005q6LQYAY,01tWC00000DD22UYAT,GS-GSE-RNM-DGE3MSNM
01uWC000005q6LbYAI,01tWC00000DD22WYAT,GS-GSE-RNM-DGE3MUNM
01uWC000005q6LmYAI,01tWC00000DD22YYAT,GS-GSE-RNM-EFTACNM
01uWC000005q6LxYAI,01tWC00000DD22aYAD,GS-GSE-RRM-ECBPRM
01uWC000005q6M3YAI,01tWC00000DD22bYAD,GS-GSE-RRM-EEARMARM
01uWC000005q6M9YAI,01tWC00000DD22cYAD,GS-GSE-RRM-EESMERM
01uWC000005q6MFYAY,01tWC00000DD22dYAD,GS-GSE-RRM-ESSMRM
01uWC000005q6MLYAY,01tWC00000DD22eYAD,GS-GSE-RRM-ENTACRM
01uWC000005q6haYAA,01tWC00000DD1hUYAT,FIM-FIM-RNM-TECNM
01uWC000005q6hgYAA,01tWC00000DD1hZYAT,FIM-FIM-RNM-TEECNM
01uWC000005q6hmYAA,01tWC00000DD1hlYAD,FIM-FIM-RNM-TEDM
01uWC000005q6hsYAA,01tWC00000DD1hwYAD,FIM-FIM-RNM-TEFSNM
01uWC000005q6i3YAA,01tWC00000DD1mdYAD,FIM-FIM-RNM-TEA
01uWC000005q6i9YAA,01tWC00000DD1mgYAD,FIM-FIM-RNM-TEAC
01uWC000005q6iFYAQ,01tWC00000DD1mjYAD,FIM-FIM-RNM-TENM
01uWC000005q6iLYAQ,01tWC00000DD1moYAD,FIM-FIM-RNM-TELSUT
01uWC000005q6iWYAQ,01tWC00000DD1mrYAD,FIM-FIM-RNM-TELSWN
01uWC000005q6ihYAA,01tWC00000DD1muYAD,FIM-FIM-RNM-TEMENM
01uWC000005q6inYAA,01tWC00000DD1n0YAD,FIM-FIM-RNM-TEMINM
01uWC000005q6itYAA,01tWC00000DD1n4YAD,FIM-FIM-RNM-TEMSSU
01uWC000005q6j4YAA,01tWC00000DD1n7YAD,FIM-FIM-RNM-TEMSSW
01uWC000005q6jFYAQ,01tWC00000DD1nDYAT,FIM-FIM-RNM-TENDNM
01uWC000005q6jLYAQ,01tWC00000DD1nIYAT,FIM-FIM-RNM-TEPM
01uWC000005q6jRYAQ,01tWC00000DD1nNYAT,FIM-FIM-RNM-TEPSNM
01uWC000005q6jXYAQ,01tWC00000DD1nRYAT,FIM-FIM-RNM-TESSUT
01uWC000005q6jdYAA,01tWC00000DD1noYAD,FIM-FIM-RNM-TDNM
01uWC000005q6jjYAA,01tWC00000DD1nsYAD,FIM-FIM-RNM-TDSNM
01uWC000005q6jpYAA,01tWC00000DD1o1YAD,FIM-FIM-RNM-TSNM
01uWC000005q6k0YAA,01tWC00000DD1oQYAT,FIM-TLC-RNM-TLCM
01uWC000005q6kGYAQ,01tWC00000DD1oWYAT,FIM-TLC-RNM-TLCCNM
01uWC000005q6kRYAQ,01tWC00000DD1obYAD,FIM-TLC-RNM-TRIPWL
01uWC000005q6l2YAA,01tWC00000DD20QYAT,DP-DC-RRM-FDAUPGRM
01uWC000005q6l8YAA,01tWC00000DD20RYAT,DP-DC-RNM-FDAUPGNM
01uWC000005q6lEYAQ,01tWC00000DD20SYAT,DP-DC-RRM-FDPUPGRM
01uWC000005q6lKYAQ,01tWC00000DD20TYAT,DP-DC-RNM-FDPUPGNM
01uWC000005q6lQYAQ,01tWC00000DD20qYAD,SM-VMC-RRM-VSARM
01uWC000005q6lWYAQ,01tWC00000DD20rYAD,SM-VMC-RNM-VSANM
01uWC000005q6lcYAA,01tWC00000DD20sYAD,SM-ROB-RRM-RBSARRM
01uWC000005q6liYAA,01tWC00000DD20tYAD,SM-ROB-RNM-RBSARNM
01uWC000005q6loYAA,01tWC00000DD20uYAD,SM-ROB-RRM-RBCARM
01uWC000005q6luYAA,01tWC00000DD20vYAD,SM-ROB-RNM-RBCANM
01uWC000005q6m0YAA,01tWC00000DD20wYAD,DP-DC-RRM-DCDARGRM
01uWC000005q6m6YAA,01tWC00000DD20xYAD,DP-DC-RNM-DCDARGNM
01uWC000005q6mHYAQ,01tWC00000DD21KYAT,GS-GSE-RRM-AUDREPRM
01uWC000005q6mNYAQ,01tWC00000DD21LYAT,GS-GSE-RRM-CCARM
01uWC000005q6mTYAQ,01tWC00000DD21MYAT,GS-GSE-RRM-DG3SSRM
01uWC000005q6mjYAA,01tWC00000DD21PYAT,GS-GSE-RRM-EFT7ERM
01uWC000005q6mpYAA,01tWC00000DD21QYAT,GS-GSE-RNM-EFT7EXNM
01uWC000005q6n0YAA,01tWC00000DD21SYAT,GS-GSE-RNM-EFT7EUNM
01uWC000005q6n6YAA,01tWC00000DD21TYAT,GS-GSE-RRM-E7EURM
01uWC000005q6nMYAQ,01tWC00000DD21XYAT,GS-GSE-RRM-EAWEMRM
01uWC000005q6nXYAQ,01tWC00000DD21ZYAT,GS-GSE-RRM-EBAMRM
01uWC000005q6ndYAA,01tWC00000DD21aYAD,GS-GSE-RRM-ECBAMRM
01uWC000005q6njYAA,01tWC00000DD21bYAD,GS-GSE-RNM-EEMTCNM
01uWC000005q6npYAA,01tWC00000DD21cYAD,GS-GSE-RRM-EFTCMFRM
01uWC000005q6uTYAQ,01tWC00000DCwWUYA1,FIM-FIM-RNM-IP36NE
01uWC000005q6ueYAA,01tWC00000DCwWgYAL,IPP-IPP-RNM-IPPNEW
01uWC000005q6ukYAA,01tWC00000DCwWhYAL,IPP-IPP-RRM-IPPREN
01uWC000005q6uqYAA,01tWC00000DCxkqYAD,FIM-FIM-RNM-TACADE
01uWC000005q6uwYAA,01tWC00000DCxkuYAD,FIM-FIM-RNM-TEAIN
01uWC000005q6v2YAA,01tWC00000DCxkxYAD,FIM-FIM-RNM-TEAINS
01uWC000005q6v8YAA,01tWC00000DCxlZYAT,FIM-FIM-RNM-TFSWNM
01uWC000005q6vJYAQ,01tWC00000DCyyBYAT,FIM-FIM-RNM-VEMENM
01uWC000005q6vUYAQ,01tWC00000DCyyIYAT,FIM-FIM-RNM-VEMEEN
01uWC000005q6vaYAA,01tWC00000DCyyKYAT,FIM-FIM-RNM-VEMELN
01uWC000005q6vlYAA,01tWC00000DCyyRYAT,VM-DDL-RNM-VULNNE
01uWC000005q6vrYAA,01tWC00000DCyySYAT,VM-DDL-RRM-VULNRE
01uWC000005q6w2YAA,01tWC00000DCzhLYAT,GOA-GAM-RNM-GCBGNM
01uWC000005q6xkYAA,01tWC00000DCzhMYAT,GOA-GAM-RRM-GPBCRM
01uWC000005q6xqYAA,01tWC00000DCzhNYAT,GOA-GAM-RNM-GPBCNM
01uWC000005q6xwYAA,01tWC00000DCzhOYAT,GOA-GAM-RRM-GPBTPRM
01uWC000005q6y2YAA,01tWC00000DCzhPYAT,GOA-GAM-RNM-GPBTPNM
01uWC000005q6y8YAA,01tWC00000DCzhQYAT,GOA-GAM-RRM-GSBGRM
01uWC000005q6yEYAQ,01tWC00000DCzhRYAT,GOA-GAM-RNM-GSBGNM
01uWC000005q6yKYAQ,01tWC00000DCzhSYAT,GOA-GAM-RRM-GSBGTPRM
01uWC000005q6yQYAQ,01tWC00000DCzhTYAT,GOA-GAM-RNM-GSBGTPNM
01uWC000005q6yWYAQ,01tWC00000DCzhUYAT,BI-ISA-RRM-IACRM
01uWC000005q6ycYAA,01tWC00000DCzhVYAT,BI-ISA-RNM-IACNM
01uWC000005q6yiYAA,01tWC00000DCzhWYAT,BI-ISA-RRM-IAPRMRM
01uWC000005q6yoYAA,01tWC00000DCzhXYAT,BI-ISA-RNM-IAPRMNM
01uWC000005q6yuYAA,01tWC00000DCzhYYAT,BI-ISA-RRM-IAPROM
01uWC000005q6z0YAA,01tWC00000DCzhZYAT,BI-ISA-RNM-IAPRONM
01uWC000005q6z6YAA,01tWC00000DCzhcYAD,BI-SQ-RRM-SSBPRM
01uWC000005q6zCYAQ,01tWC00000DCzhdYAD,BI-SQ-RNM-SSBPNM
01uWC000005q6zrYAA,01tWC00000DD1tYYAT,FIM-FIM-RNM-TSANM
01uWC000005q6zxYAA,01tWC00000DD1tcYAD,FIM-FIM-RNM-TSAENM
01uWC000005q75oYAA,01tWC00000DD1oiYAD,FIM-TLC-RNM-TLCDIA
01uWC000005q75zYAA,01tWC00000DD1omYAD,FIM-TLC-RNM-TLCDSI
01uWC000005q76AYAQ,01tWC00000DD1oqYAD,FIM-TLC-RNM-TLCFSI
01uWC000005q76QYAQ,01tWC00000DD1p2YAD,FIM-TLC-RNM-TLCIEN
01uWC000005q76bYAA,01tWC00000DD1p6YAD,FIM-TLC-RNM-TLCMEI
01uWC000005q76mYAA,01tWC00000DD1p9YAD,FIM-FIM-RRM-TADPELRM
01uWC000005q772YAA,01tWC00000DD1pGYAT,FIM-TLC-RNM-TLCMII
01uWC000005q77DYAQ,01tWC00000DD1pPYAT,FIM-TLC-RNM-TLCNDI
01uWC000005q77OYAQ,01tWC00000DD1pTYAT,FIM-TLC-RNM-TLCPEP
01uWC000005q77UYAQ,01tWC00000DD1pVYAT,FIM-TLC-RRM-TRLCEP
01uWC000005q77aYAA,01tWC00000DD1pXYAT,FIM-TLC-RNM-TLCPSI
01uWC000005q77gYAA,01tWC00000DD1pZYAT,FIM-TLC-RRM-TRLCPS
01uWC000005q77mYAA,01tWC00000DD1pjYAD,FIM-TLC-RNM-TLOCEV
01uWC000005q782YAA,01tWC00000DD1ppYAD,FIM-TLC-RNM-TLCMNM
01uWC000005q788YAA,01tWC00000DD1tKYAT,FIM-TLC-RNM-TLCRLC
01uWC000005q78JYAQ,01tWC00000DD1tQYAT,FIM-FIM-RNM-TMNM
01uWC000005q7CCYAY,01tWC00000DCzheYAD,BI-SQ-RRM-SSBSRM
01uWC000005q7FWYAY,01tWC00000DCzhfYAD,BI-SQ-RNM-SSBSNM
01uWC000005q7FcYAI,01tWC00000DCzhgYAD,BI-SDW-RRM-SDWSBERM
01uWC000005q7FiYAI,01tWC00000DCzhhYAD,BI-SDW-RNM-SDWSBENM
01uWC000005q7FoYAI,01tWC00000DCzhiYAD,BI-SDW-RRM-SDWSGERM
01uWC000005q7FuYAI,01tWC00000DCzhjYAD,BI-SDW-RNM-SDWSGENM
01uWC000005q7G0YAI,01tWC00000DCzhkYAD,BI-SDW-RRM-SDWSPERM
01uWC000005q7GDYAY,01tWC00000DD10mYAD,OS-COS-RNM-CSNM
01uWC000005q7GJYAY,01tWC00000DD10nYAD,OS-COS-RRM-CSRM
01uWC000005q7GcYAI,01tWC00000DD14wYAD,RPA-AUT-RRM-ASRM
01uWC000005q7GiYAI,01tWC00000DD15rYAD,FIM-FIM-RNM-CCMNDN
01uWC000005q7GtYAI,01tWC00000DD15wYAD,FIM-FIM-RNM-CCMSNM
01uWC000005q7H4YAI,01tWC00000DD161YAD,FIM-FIM-RNM-CCMSIN
01uWC000005q7HFYAY,01tWC00000DD166YAD,FIM-FIM-RNM-CCMWNM
01uWC000005q7HQYAY,01tWC00000DD16DYAT,FIM-FIM-RNM-CCMLMS
01uWC000005q7HbYAI,01tWC00000DD16HYAT,FIM-FIM-RNM-CCMLSE
01uWC000005q7HhYAI,01tWC00000DD16JYAT,FIM-FIM-RRM-CCMLSC
01uWC000005q7HnYAI,01tWC00000DD16LYAT,FIM-FIM-RNM-CCMMSN
01uWC000005q7HyYAI,01tWC00000DD16QYAT,FIM-FIM-RNM-CCMSEN
01uWC000005q7L6YAI,01tWC00000DD1h7YAD,FIM-FIM-RNM-TATEIF
01uWC000005q7SWYAY,01tWC00000DD1BNYA1,FIM-FIM-RNM-DPENEW
01uWC000005q7SrYAI,01tWC00000DD1BVYA1,FIM-FIM-RNM-DPELNM
01uWC000005q7TqYAI,01tWC00000DD1HwYAL,FIM-FIM-RNM-FIMDES
01uWC000005q7TwYAI,01tWC00000DD1I4YAL,FIM-FIM-RNM-FIMFSN
01uWC000005q7U2YAI,01tWC00000DD1IBYA1,FIM-FIM-RNM-FIMLSW
01uWC000005q7U8YAI,01tWC00000DD1IDYA1,FIM-FIM-RRM-FIMLST
01uWC000005q7UEYAY,01tWC00000DD1IEYA1,FIM-FIM-RNM-FIMMSS
01uWC000005q7UPYAY,01tWC00000DD1IIYA1,FIM-FIM-RNM-FIMNDN
01uWC000005q7UVYAY,01tWC00000DD1INYA1,FIM-FIM-RNM-FIMPEP
01uWC000005q7UbYAI,01tWC00000DD1ISYA1,FIM-FIM-RNM-FIMPSN
01uWC000005q7UhYAI,01tWC00000DD1IZYA1,FIM-FIM-RNM-FIMSSW
01uWC000005q7XFYAY,01tWC00000DD1IdYAL,FIM-FIM-RNM-FIMVEN
01uWC000005q7XVYAY,01tWC00000DD1JdYAL,FIM-FIM-RNM-FIMMNE
01uWC000005q7XbYAI,01tWC00000DD1JfYAL,FIM-FIM-RRM-FIMMRE
01uWC000005q7XhYAI,01tWC00000DD1Q1YAL,HRM-HRM-RRM-HRMRM
01uWC000005q7XxYAI,01tWC00000DD1V5YAL,FIM-FIM-RNM-PMDNM
01uWC000005q7Y3YAI,01tWC00000DD1VAYA1,FIM-FIM-RNM-PMFSNM
01uWC000005q7YJYAY,01tWC00000DD1ZvYAL,FIM-FIM-RNM-PMNDNM
01uWC000005q7YPYAY,01tWC00000DD1a0YAD,FIM-FIM-RNM-POLICY
01uWC000005q7YVYAY,01tWC00000DD1a5YAD,FIM-FIM-RNM-PMPSNM
01uWC000005q7YbYAI,01tWC00000DD1aAYAT,FIM-FIM-RNM-PMVENM
01uWC000005q7YhYAI,01tWC00000DD1gLYAT,FIM-FIM-RNM-TACWIN
01uWC000005q7YnYAI,01tWC00000DD1gNYAT,FIM-FIM-RRM-TACM
01uWC000005q7YtYAI,01tWC00000DD1gRYAT,FIM-FIM-RNM-TADM
01uWC000005q7Z4YAI,01tWC00000DD1gWYAT,FIM-FIM-RNM-TRNM
01uWC000005q7ZFYAY,01tWC00000DD1gbYAD,FIM-FIM-RNM-TAESUN
01uWC000005q7ZQYAY,01tWC00000DD1ggYAD,FIM-FIM-RNM-TATM
01uWC000005q7ZWYAY,01tWC00000DD1ghYAD,FIM-FIM-RRM-TRIPAP
01uWC000005q7ZcYAI,01tWC00000DD1gkYAD,FIM-FIM-RNM-TRIAPP
01uWC000005q7ZnYAI,01tWC00000DD1goYAD,FIM-FIM-RNM-TRIPAT
01uWC000005q7ZyYAI,01tWC00000DD1gsYAD,FIM-FIM-RNM-TRAPPT
01uWC000005q7a9YAA,01tWC00000DD1gxYAD,FIM-FIM-RNM-TRAPTE
01uWC000005q7cOYAQ,01tWC00000DD1h2YAD,FIM-FIM-RNM-TAPTEI
01uWC000005wqeUYAQ,01tWC00000DD1atYAD,CS-PCS-RNM-PCSIIN
01uWC000005wqeVYAQ,01tWC00000DD1avYAD,CS-PCS-RRM-PCSIIR
01uWC000005wqeWYAQ,01tWC00000DD1ayYAD,CS-PCM-RNM-PCMCII
01uWC000005wqeXYAQ,01tWC00000DD1b0YAD,CS-PCM-RRM-PCMM
01uWC000005wqeYYAQ,01tWC00000DD1b2YAD,CS-PCM-RNM-PCMEII
01uWC000005wqeZYAQ,01tWC00000DD1b4YAD,CS-PCM-RRM-POCO
01uWC000005wqeaYAA,01tWC00000DD1b6YAD,CS-PCM-RNM-PCMIIN
01uWC000005wqebYAA,01tWC00000DD1b8YAD,CS-PCM-RRM-PCMIIR
01uWC000005wqecYAA,01tWC00000DD1XXYA1,BI-SDW-RNM-RDSNM
01uWC000005wqedYAA,01tWC00000DD1XZYA1,BI-SDW-RRM-RDSRM
01uWC000005wqeeYAA,01tWC00000DD1XbYAL,NW-IRA-RNM-RAINM
01uWC000005wqefYAA,01tWC00000DD1XdYAL,NW-IRA-RRM-RAIRM
01uWC000005wqegYAA,01tWC00000DD1XfYAL,NW-IRA-RNM-RAILNM
01uWC000005wqehYAA,01tWC00000DD1YtYAL,SM-RHA-RRM-RHRM
01uWC000005wqeiYAA,01tWC00000DD1YvYAL,SM-ROM-RNM-RMANM
01uWC000005wqejYAA,01tWC00000DD1YxYAL,SM-ROM-RRM-RMARM
01uWC000005wqekYAA,01tWC00000DD1YzYAL,SM-ROM-RNM-RMLNM
01uWC000005wqelYAA,01tWC00000DD1Z1YAL,SM-ROM-RRM-RMLRM
01uWC000005wqemYAA,01tWC00000DD1Z3YAL,SM-ROM-RNM-RMVNM
01uWC000005wqenYAA,01tWC00000DD1Z5YAL,SM-ROM-RRM-RMVRM
01uWC000005wqeoYAA,01tWC00000DD1Z7YAL,SM-ROR-RNM-RRNM
01uWC000005wqepYAA,01tWC00000DD1Z9YAL,SM-ROR-RRM-RRRM
01uWC000005wqeqYAA,01tWC00000DD1ZBYA1,SM-RRE-RNM-RORE
01uWC000005wqerYAA,01tWC00000DD1ZDYA1,SM-RRE-RRM-ROBOTR
01uWC000005wqesYAA,01tWC00000DD1ZFYA1,SM-ROS-RNM-RSNM
01uWC000005wqetYAA,01tWC00000DD1ZHYA1,SM-ROS-RRM-RSRM
01uWC000005wqeuYAA,01tWC00000DD1ZJYA1,SM-RSC-RNM-ROSC
01uWC000005wqevYAA,01tWC00000DD1ZLYA1,SM-RSC-RRM-ROBOTS
01uWC000005wqewYAA,01tWC00000DD1ZNYA1,SM-RSE-RNM-RSENM
01uWC000005wqexYAA,01tWC00000DD1ZPYA1,SM-RSE-RRM-RSERM
01uWC000005wqeyYAA,01tWC00000DD1ZRYA1,SM-RSE-RNM-RSEANM
01uWC000005wqezYAA,01tWC00000DD1ZTYA1,SM-RSE-RRM-RSEARM
01uWC000005wqf0YAA,01tWC00000DD1ZUYA1,SM-RSI-RNM-RSEOIN
01uWC000005wqf1YAA,01tWC00000DD1ZWYA1,SM-RSI-RRM-RSEOIR
01uWC000005wqf2YAA,01tWC00000DD1ZbYAL,SM-SYM-RNM-ROBOSE
01uWC000005wqf3YAA,01tWC00000DD1ZdYAL,SM-SYM-RRM-ROSERV
01uWC000005wqf4YAA,01tWC00000DD1ZeYAL,SM-RSP-RNM-ROBOSP
01uWC000005wqf5YAA,01tWC00000DD1ZgYAL,SM-RSP-RRM-ROSPAC
01uWC000005wqf6YAA,01tWC00000DD1ZjYAL,SM-ROT-RNM-RTNM
01uWC000005wqf7YAA,01tWC00000DD1ZlYAL,SM-ROT-RRM-RTRM
01uWC000005wqf8YAA,01tWC00000DD1ZnYAL,SM-SYM-RNM-ROTR
01uWC000005wqf9YAA,01tWC00000DD1oGYAT,FIM-FIM-RNM-TINTUU
01uWC000005wqfAYAQ,01tWC00000DD1oKYAT,FIM-TLC-RNM-TLCTBN
01uWC000005wqfBYAQ,01tWC00000DD1ozYAD,FIM-TLC-RNM-TLCFSN
01uWC000005wqfCYAQ,01tWC00000DD1rZYAT,SM-VMC-RRM-VISSAG
01uWC000005wqfDYAQ,01tWC00000DD1rbYAD,SM-VMC-RNM-VMCSAN
01uWC000005wqfEYAQ,01tWC00000DD1rdYAD,SM-VMC-RRM-VMCSAR
01uWC000005wqfFYAQ,01tWC00000DD1rfYAD,SM-VMC-RNM-VMISV
01uWC000005wqfGYAQ,01tWC00000DD1rhYAD,SM-VMC-RRM-VISEV
01uWC000005wqfHYAQ,01tWC00000DD1rjYAD,SM-VMC-RNM-VMCL
01uWC000005wqfIYAQ,01tWC00000DD1rlYAD,SM-VMC-RRM-VLOM
01uWC000005wqfJYAQ,01tWC00000DD1rnYAD,SM-VMC-RNM-VLSM
01uWC000005wqfKYAQ,01tWC00000DD1rpYAD,SM-VMC-RRM-VMLI
01uWC000005wqfLYAQ,01tWC00000DD1rrYAD,SM-VMC-RNM-VMCN
01uWC000005wqfMYAQ,01tWC00000DD1rtYAD,SM-VMC-RRM-VNOM
01uWC000005wqfNYAQ,01tWC00000DD1rvYAD,SM-VMC-RNM-VNSM
01uWC000005wqfOYAQ,01tWC00000DD1rxYAD,SM-VMC-RRM-VMNE
01uWC000005wqfPYAQ,01tWC00000DD1rzYAD,SM-VMC-RNM-VMCO
01uWC000005wqfQYAQ,01tWC00000DD1s1YAD,SM-VMC-RRM-VOOM
01uWC000005wqfRYAQ,01tWC00000DD1s3YAD,SM-VMC-RNM-VOSM
01uWC000005wqfSYAQ,01tWC00000DD1s5YAD,SM-VMC-RRM-VMOR
01uWC000005wqfTYAQ,01tWC00000DD1s7YAD,SM-VMC-RNM-VPCM
01uWC000005wqfUYAQ,01tWC00000DD1s9YAD,SM-VMC-RRM-VMPO
01uWC000005wqfVYAQ,01tWC00000DD1g2YAD,CS-PSS-RNM-SSCPNM
01uWC000005wqfWYAQ,01tWC00000DD1g4YAD,CS-PSS-RRM-SSCPRM
01uWC000005wqfXYAQ,01tWC00000DD1g6YAD,CS-PSS-RNM-SSINM
01uWC000005wqfYYAQ,01tWC00000DD1g8YAD,CS-PSS-RRM-SSIRM
01uWC000005wqfZYAQ,01tWC00000DD1gAYAT,BI-SQ-RNM-SEQUEL
01uWC000005wqfaYAA,01tWC00000DD1gCYAT,BI-SQ-RRM-SERE
01uWC000005wqfbYAA,01tWC00000DD1gEYAT,BI-SQ-RNM-SUBNM
01uWC000005wqfcYAA,01tWC00000DD1gGYAT,BI-SQ-RRM-SUBRM
01uWC000005wqfdYAA,01tWC00000DD1gIYAT,BI-CRO-RNM-SCRM
01uWC000005wqfeYAA,01tWC00000DD1gKYAT,BI-CRO-RRM-SECL
01uWC000005wqffYAA,01tWC00000DD1h5YAD,FIM-FML-RRM-TAPTIF
01uWC000005wqfgYAA,01tWC00000DD1hBYAT,FIM-FIM-RNM-TATBEU
01uWC000005wqfhYAA,01tWC00000DD1hDYAT,FIM-FIM-RRM-TRATER
01uWC000005wqfiYAA,01tWC00000DD1hGYAT,FIM-FIM-RNM-TAWPUN
01uWC000005wqfjYAA,01tWC00000DD1hNYAT,FIM-FIM-RNM-TREN
01uWC000005wqfkYAA,01tWC00000DD1hdYAD,FIM-FIM-RRM-TEEESF
01uWC000005wqflYAA,01tWC00000DD1heYAD,FIM-FIM-RNM-TEDNM
01uWC000005wqfmYAA,01tWC00000DD1hgYAD,FIM-FIM-RRM-TEDRM
01uWC000005wqfnYAA,01tWC00000DD1mBYAT,DM-SV4-RRM-S4SUPR
01uWC000005wqfoYAA,01tWC00000DD1mDYAT,DM-SV4-RNM-S4SUPU
01uWC000005wqfpYAA,01tWC00000DD1mFYAT,DM-SV4-RRM-S4SM
01uWC000005wqfqYAA,01tWC00000DD1mIYAT,DM-SV4-RNM-S4UPNM
01uWC000005wqfrYAA,01tWC00000DD1mKYAT,DM-SV4-RRM-S4UPRM
01uWC000005wqfsYAA,01tWC00000DD1mVYAT,SM-VMC-RNM-T0PUNM
01uWC000005wqftYAA,01tWC00000DD1mXYAT,SM-VMC-RRM-T0PURM
01uWC000005wqfuYAA,01tWC00000DD1mZYAT,SM-TSK-RNM-TASKNE
01uWC000005wqfvYAA,01tWC00000DD1mbYAD,SM-TSK-RRM-TASKRE
01uWC000005wqfwYAA,01tWC00000DD1nUYAT,FIM-FIM-RNM-TESSWN
01uWC000005wqfxYAA,01tWC00000DD1ndYAD,FIM-FIM-RNM-TRIPED
01uWC000005wqfyYAA,01tWC00000DD1neYAD,FIM-FIM-RNM-TRIEND
01uWC000005wqfzYAA,01tWC00000DD1nwYAD,FIM-FIM-RNM-TNDNM
01uWC000005wqg0YAA,01tWC00000DD17kYAD,CS-DFT-RNM-CCINM
01uWC000005wqg1YAA,01tWC00000DD17mYAD,CS-DFT-RRM-CCIRM
01uWC000005wqg2YAA,01tWC00000DD17pYAD,DM-DML-RNM-CBNM
01uWC000005wqg3YAA,01tWC00000DD17rYAD,DM-DML-RRM-CBRM
01uWC000005wqg4YAA,01tWC00000DD17sYAD,DM-DML-RNM-CIBNM
01uWC000005wsZBYAY,01tWC00000DD15SYAT,BI-SQ-RNM-BUSIIN
01uWC000005wsZCYAY,01tWC00000DD15TYAT,BI-SQ-RRM-BUSIIR
01uWC000005wsZDYAY,01tWC00000DD11AYAT,SM-SYM-RNM-ALCMNE
01uWC000005wsZEYAY,01tWC00000DD11CYAT,SM-SYM-RRM-ALCMRE
01uWC000005wsZFYAY,01tWC00000DD11DYAT,BI-ABS-RNM-ABSTNE
01uWC000005wsZGYAY,01tWC00000DD11XYAT,GS-GSE-RNM-AAMNM
01uWC000005wsZHYAY,01tWC00000DD11aYAD,GS-GSE-RNM-AAMYNM
01uWC000005wsZIYAY,01tWC00000DD11oYAD,GS-GSE-RNM-ASMANM
01uWC000005wsZJYAY,01tWC00000DD11pYAD,GS-GSE-RNM-AWENM
01uWC000005wsZKYAY,01tWC00000DD11sYAD,GS-GSE-RNM-AWEYNM
01uWC000005wsZLYAY,01tWC00000DD13BYAT,BI-AD-RNM-ANYDNE
01uWC000005wsZMYAY,01tWC00000DD13MYAT,GS-GSE-RNM-ACSNEW
01uWC000005wsZNYAY,01tWC00000DD13OYAT,GS-GSE-RNM-ACSYNM
01uWC000005wsZOYAY,01tWC00000DD13ZYAT,GS-GSE-RNM-ARNM
01uWC000005wsZPYAY,01tWC00000DD13fYAD,GS-GSE-RNM-ARYNM
01uWC000005wsZQYAY,01tWC00000DD15dYAD,CM-TQO-RNM-CMNMNM
01uWC000005wsZRYAY,01tWC00000DD15eYAD,CM-TQO-RRM-CMRM
01uWC000005wsZSYAY,01tWC00000DD16rYAD,GS-GSE-RRM-CICM
01uWC000005wsZTYAY,01tWC00000DD17SYAT,GS-GSE-RNM-CCANM
01uWC000005wsZUYAY,01tWC00000DD17VYAT,GS-GSE-RNM-CCAYNM
01uWC000005wsZVYAY,01tWC00000DD17WYAT,GS-GSE-RNM-CCMCNM
01uWC000005wsZWYAY,01tWC00000DD17YYAT,GS-GSE-RRM-CCMCRM
01uWC000005wsZXYAY,01tWC00000DD18fYAD,IGA-AAS-RNM-CINM
01uWC000005wsZYYAY,01tWC00000DD18gYAD,IGA-AAS-RRM-CIRM
01uWC000005wsZZYAY,01tWC00000DD19QYAT,GS-CFT-RNM-CF9NEW
01uWC000005wsZaYAI,01tWC00000DD19SYAT,GS-CFT-RRM-CF9REN
01uWC000005wsZbYAI,01tWC00000DD19TYAT,CS-CLP-RNM-CYBENE
01uWC000005wsZcYAI,01tWC00000DD19UYAT,CS-CLP-RRM-CYBERE
01uWC000005wsZdYAI,01tWC00000DD1BHYA1,GS-GSE-RRM-DTCDRM
01uWC000005wsZeYAI,01tWC00000DD1BbYAL,FIM-FIM-RRM-DPENOT
01uWC000005wsZfYAI,01tWC00000DD1CJYA1,GS-GSE-RNM-DG3M
01uWC000005wsZgYAI,01tWC00000DD1CLYA1,GS-GSE-RNM-DGEM
01uWC000005wsZhYAI,01tWC00000DD1CMYA1,GS-GSE-RRM-DMGA
01uWC000005wsZiYAI,01tWC00000DD1CPYA1,GS-GSE-RNM-DMNM
01uWC000005wsZjYAI,01tWC00000DD1CQYA1,GS-GSE-RNM-DGSM
01uWC000005wsZkYAI,01tWC00000DD1CRYA1,GS-GSE-RRM-DMRM
01uWC000005wsZlYAI,01tWC00000DD1CSYA1,DM-DML-RNM-DOC
01uWC000005wsZmYAI,01tWC00000DD1CTYA1,DM-DML-RRM-DOMA
01uWC000005wsZnYAI,01tWC00000DD1DwYAL,GS-GSE-RNM-EFT8
01uWC000005wsZoYAI,01tWC00000DD1DzYAL,GS-GSE-RNM-E8EM
01uWC000005wsZpYAI,01tWC00000DD1E2YAL,GS-GSE-RNM-EF8
01uWC000005wsZqYAI,01tWC00000DD1E6YAL,GS-GSE-RRM-EARM
01uWC000005wsZrYAI,01tWC00000DD1E9YAL,GS-GSE-RNM-EAWM
01uWC000005wsZsYAI,01tWC00000DD1EBYA1,GS-GSE-RNM-EFAD
01uWC000005wsZtYAI,01tWC00000DD1EEYA1,GS-GSE-RNM-EAMM
01uWC000005wsZuYAI,01tWC00000DD1EFYA1,GS-GSE-RRM-EFAR
01uWC000005wsZvYAI,01tWC00000DD1EGYA1,GS-GSE-RNM-EFAS
01uWC000005wsZwYAI,01tWC00000DD1EIYA1,GS-GSE-RRM-EFRM
01uWC000005wsZxYAI,01tWC00000DD1EKYA1,GS-GSE-RNM-EFNM
01uWC000005wsZyYAI,01tWC00000DD1ELYA1,GS-GSE-RRM-EFTAS
01uWC000005wsZzYAI,01tWC00000DD1ENYA1,GS-GSE-RNM-EFAU
01uWC000005wsa0YAA,01tWC00000DD1EPYA1,GS-GSE-RNM-EFTAU
01uWC000005wsa1YAA,01tWC00000DD1ERYA1,GS-GSE-RNM-EFAW
01uWC000005wsa2YAA,01tWC00000DD1ESYA1,GS-GSE-RRM-EFTAW
01uWC000005wsa3YAA,01tWC00000DD1ETYA1,GS-GSE-RNM-EFTB
01uWC000005wsa4YAA,01tWC00000DD1EUYA1,GS-GSE-RRM-EBMM
01uWC000005wsa5YAA,01tWC00000DD1EVYA1,GS-GSE-RNM-EBPM
01uWC000005wsa6YAA,01tWC00000DD1EXYA1,GS-GSE-RRM-EFBA
01uWC000005wsa7YAA,01tWC00000DD1EaYAL,GS-GSE-RNM-EBAM
01uWC000005wsa8YAA,01tWC00000DD1EeYAL,GS-GSE-RNM-ECBM
01uWC000005wsa9YAA,01tWC00000DD1EiYAL,GS-GSE-RNM-EFTE
01uWC000005wsaAYAQ,01tWC00000DD1EjYAL,GS-GSE-RRM-EERM
01uWC000005wsaBYAQ,01tWC00000DD1EnYAL,GS-GSE-RNM-EENM
01uWC000005wsaCYAQ,01tWC00000DD1EoYAL,GS-GSE-RRM-EFEX
01uWC000005wsaDYAQ,01tWC00000DD1EpYAL,GS-GSE-RNM-EEAM
01uWC000005wsaEYAQ,01tWC00000DD1EqYAL,GS-GSE-RRM-EFTEX
01uWC000005wsaFYAQ,01tWC00000DD1ErYAL,GS-GSE-RNM-EFTEXP
01uWC000005wsaGYAQ,01tWC00000DD1EuYAL,GS-GSE-RNM-EEDM
01uWC000005wsaHYAQ,01tWC00000DD1EwYAL,GS-GSE-RRM-EFEXPR
01uWC000005wsaIYAQ,01tWC00000DD1F0YAL,GS-GSE-RRM-EFTED
01uWC000005wsaJYAQ,01tWC00000DD1F1YAL,GS-GSE-RNM-EEEM
01uWC000005wsaKYAQ,01tWC00000DD1F2YAL,GS-GSE-RRM-EFTEE
01uWC000005wsaLYAQ,01tWC00000DD1F5YAL,GS-GSE-RRM-EFTEM
01uWC000005wsaMYAQ,01tWC00000DD1F6YAL,GS-GSE-RNM-EEOM
01uWC000005wsaNYAQ,01tWC00000DD1F8YAL,GS-GSE-RRM-EFTEO
01uWC000005wsaOYAQ,01tWC00000DD1FAYA1,GS-GSE-RNM-EESM
01uWC000005wsaPYAQ,01tWC00000DD1FDYA1,GS-GSE-RNM-EEWM
01uWC000005wsaQYAQ,01tWC00000DD1FFYA1,GS-GSE-RRM-EFTEW
01uWC000005wsaRYAQ,01tWC00000DD1FIYA1,GS-GSE-RRM-EFTEWS
01uWC000005wsaSYAQ,01tWC00000DD1FJYA1,GS-GSE-RNM-EFTF
01uWC000005wsaTYAQ,01tWC00000DD1FMYA1,GS-GSE-RNM-EFMM
01uWC000005wsaUYAQ,01tWC00000DD1FNYA1,GS-GSE-RRM-EFFM
01uWC000005wsaVYAQ,01tWC00000DD1FOYA1,GS-GSE-RNM-EFFO
01uWC000005wsaWYAQ,01tWC00000DD1FRYA1,GS-GSE-RNM-EFFT
01uWC000005wsaXYAQ,01tWC00000DD1FSYA1,GS-GSE-RRM-EFTFT
01uWC000005wsaYYAQ,01tWC00000DD1FTYA1,GS-GSE-RNM-EFTH
01uWC000005wsaZYAQ,01tWC00000DD1FUYA1,GS-GSE-RNM-EHSM
01uWC000005wsaaYAA,01tWC00000DD1FWYA1,GS-GSE-RRM-EFHT
01uWC000005wsabYAA,01tWC00000DD1FZYA1,GS-GSE-RRM-EIMM
01uWC000005wsacYAA,01tWC00000DD1FcYAL,GS-GSE-RRM-EMRM
01uWC000005wsadYAA,01tWC00000DD1FdYAL,GS-GSE-RNM-EFTO
01uWC000005wsaeYAA,01tWC00000DD1FfYAL,GS-GSE-RRM-EOPM
01uWC000005wsafYAA,01tWC00000DD1FiYAL,GS-GSE-RNM-EFTR
01uWC000005wsagYAA,01tWC00000DD1FjYAL,GS-GSE-RRM-ERAM
01uWC000005wsahYAA,01tWC00000DD1FmYAL,GS-GSE-RNM-EFRE
01uWC000005wsaiYAA,01tWC00000DD1FqYAL,GS-GSE-RRM-EFSA
01uWC000005wsajYAA,01tWC00000DD1FsYAL,GS-GSE-RRM-ESAM
01uWC000005wsakYAA,01tWC00000DD1FvYAL,GS-GSE-RRM-EFSERV
01uWC000005wsalYAA,01tWC00000DD1FwYAL,GS-GSE-RRM-ESWM
01uWC000005wsamYAA,01tWC00000DD1FxYAL,GS-GSE-RNM-EFSF
01uWC000005wsanYAA,01tWC00000DD1FyYAL,GS-GSE-RRM-EFTSF
01uWC000005wsaoYAA,01tWC00000DD1FzYAL,GS-GSE-RNM-ESSM
01uWC000005wsapYAA,01tWC00000DD1G3YAL,GS-GSE-RNM-EFSM
01uWC000005wsaqYAA,01tWC00000DD1G4YAL,GS-GSE-RRM-EFTSM
01uWC000005wsarYAA,01tWC00000DD1G8YAL,GS-GSE-RNM-EFTT
01uWC000005wsasYAA,01tWC00000DD1G9YAL,GS-GSE-RRM-ETMM
01uWC000005wsatYAA,01tWC00000DD1GAYA1,GS-GSE-RNM-ETEM
01uWC000005wsauYAA,01tWC00000DD1GFYA1,GS-GSE-RNM-EFTW
01uWC000005wsavYAA,01tWC00000DD1GHYA1,GS-GSE-RRM-EWRM
01uWC000005wsawYAA,01tWC00000DD1GJYA1,GS-GSE-RNM-EWWM
01uWC000005wsaxYAA,01tWC00000DD1GLYA1,GS-GSE-RRM-EFWO
01uWC000005wsayYAA,01tWC00000DD1GmYAL,ES-SEG-RNM-ESNM
01uWC000005wsazYAA,01tWC00000DD1HLYA1,GS-GSE-RNM-EANM
01uWC000005wsb0YAA,01tWC00000DD1HOYA1,GS-GSE-RNM-EAYNM
01uWC000005wsb1YAA,01tWC00000DD1HyYAL,FIM-FIM-RRM-FIMDER
01uWC000005wsb2YAA,01tWC00000DD1I6YAL,FIM-FIM-RRM-FIMFSR
01uWC000005wsb3YAA,01tWC00000DD1IKYA1,FIM-FIM-RRM-FIMNDR
01uWC000005wsb4YAA,01tWC00000DD1IPYA1,FIM-FIM-RRM-FIMPOR
01uWC000005wsb5YAA,01tWC00000DD1IUYA1,FIM-FIM-RRM-FIMPSR
01uWC000005wsb6YAA,01tWC00000DD1IYYA1,FIM-FIM-RRM-FIMSMS
01uWC000005wsb7YAA,01tWC00000DD1IfYAL,FIM-FIM-RRM-FIMVER
01uWC000005wsb8YAA,01tWC00000DD13cYAD,GS-GSE-RNM-FOLDNE
01uWC000005wsb9YAA,01tWC00000DD1JnYAL,GS-GSE-RNM-FMYNM
01uWC000005wsbAYAQ,01tWC00000DD1LbYAL,GS-GSE-RNM-FTPSNE
01uWC000005wsbBYAQ,01tWC00000DD1LeYAL,GS-GSE-RNM-FSYNM
01uWC000005wsbCYAQ,01tWC00000DD1LlYAL,GOA-GAM-RNM-GANM
01uWC000005wsbDYAQ,01tWC00000DD1LmYAL,GOA-GAM-RRM-GARM
01uWC000005wsbEYAQ,01tWC00000DD1LxYAL,GOA-GAM-RRM-GAAARM
01uWC000005wsbFYAQ,01tWC00000DD1M3YAL,GOA-GAM-RNM-GAAWNM
01uWC000005wsbGYAQ,01tWC00000DD1PxYAL,GS-GSE-RNM-HTTPSS
01uWC000005wsbHYAQ,01tWC00000DD1Q0YAL,GS-GSE-RNM-HSWCYNM
01uWC000005wsbIYAQ,01tWC00000DCwVvYAL,BI-ISA-RRM-INSIRE
01uWC000005wsbJYAQ,01tWC00000DCwWaYAL,FIM-FIM-RRM-IP36FA
01uWC000005wsbKYAQ,01tWC00000DD1RgYAL,GS-GSE-RNM-MSGNEW
01uWC000005wsbLYAQ,01tWC00000DD1RjYAL,GS-GSE-RNM-MSGYNM
01uWC000005wsbMYAQ,01tWC00000DD09kYAD,NW-INT-RNM-NMNM
01uWC000005wsbNYAQ,01tWC00000DD09lYAD,NW-INT-RRM-NMRM
01uWC000005wsbOYAQ,01tWC00000DD1UpYAL,GS-GSE-RNM-PGPANE
01uWC000005wsbPYAQ,01tWC00000DD1UsYAL,GS-GSE-RNM-PAYNM
01uWC000005wsbQYAQ,01tWC00000DD1V7YAL,FIM-FIM-RRM-PMDRM
01uWC000005wsbRYAQ,01tWC00000DD1VCYA1,FIM-FIM-RRM-PMFSRM
01uWC000005wsbSYAQ,01tWC00000DD1ZxYAL,FIM-FIM-RRM-PMNDRM
01uWC000005wsbTYAQ,01tWC00000DD1aCYAT,FIM-FIM-RRM-PMVERM
01uWC000005wsbUYAQ,01tWC00000DD1bsYAD,PIA-PIA-RNM-PIAMBK
01uWC000005wsbVYAQ,01tWC00000DD1buYAD,PIA-PIA-RRM-PIAM
01uWC000005wsbWYAQ,01tWC00000DD1XHYA1,GS-GSE-RNM-REGUNE
01uWC000005wsbXYAQ,01tWC00000DD1XKYA1,GS-GSE-RNM-RCYNM
01uWC000005wsbYYAQ,01tWC00000DD1XLYA1,GS-GSE-RNM-RAMNM
01uWC000005wsbZYAQ,01tWC00000DD1XNYA1,GS-GSE-RNM-RAANM
01uWC000005wsbaYAA,01tWC00000DD1XQYA1,GS-GSE-RNM-RAAYNM
01uWC000005wsbbYAA,01tWC00000DD1d9YAD,RPA-AUT-RNM-RPANEW
01uWC000005wsbcYAA,01tWC00000DD1dAYAT,RPA-AUT-RRM-RPAREN
01uWC000005wsbdYAA,01tWC00000DD1dyYAD,GS-GSE-RNM-SCHENE
01uWC000005wsbeYAA,01tWC00000DD1e1YAD,GS-GSE-RNM-SYNM
01uWC000005wsbfYAA,01tWC00000DD1ebYAD,GS-GSE-RNM-SFNM
01uWC000005wsbgYAA,01tWC00000DD1eeYAD,GS-GSE-RNM-SFYNM
01uWC000005wsbhYAA,01tWC00000DD1k4YAD,BI-SQ-RNM-SSBM
01uWC000005wsbiYAA,01tWC00000DD1kYYAT,GS-GSE-RNM-SFTPNE
01uWC000005wsbjYAA,01tWC00000DD1kbYAD,GS-GSE-RNM-SSYNM
01uWC000005wsbkYAA,01tWC00000DD1l5YAD,GS-GSE-RNM-SINGSG
01uWC000005wsfSYAQ,01tWC00000DD1l8YAD,GS-GSE-RNM-SSGYNM
01uWC000005wsfTYAQ,01tWC00000DD1mPYAT,SM-SYM-RNM-SYSTNE
01uWC000005wsfUYAQ,01tWC00000DD1mQYAT,SM-SYM-RRM-SYSTRE
01uWC000005wsfVYAQ,01tWC00000DD1mfYAD,FIM-FIM-RRM-TAIM
01uWC000005wsfWYAQ,01tWC00000DD1miYAD,FIM-FIM-RRM-TERM
01uWC000005wsfXYAQ,01tWC00000DCxkpYAD,FIM-FIM-RRM-TEACA
01uWC000005wsfYYAQ,01tWC00000DCxksYAD,FIM-FIM-RNM-TEVENM
01uWC000005wsfZYAQ,01tWC00000DCxktYAD,FIM-FIM-RRM-TEACI
01uWC000005wsfaYAA,01tWC00000DCxkwYAD,FIM-FIM-RRM-TEACAI
01uWC000005wsfbYAA,01tWC00000DCxl0YAD,FIM-FIM-RRM-TER
01uWC000005wsfcYAA,01tWC00000DCxlcYAD,FIM-FIM-RRM-TFSTMR
01uWC000005wsfdYAA,01tWC00000DCxmEYAT,GS-GSE-RNM-TRANNE
01uWC000005wsfeYAA,01tWC00000DCxmHYAT,GS-GSE-RNM-TAYNM
01uWC000005wsffYAA,01tWC00000DD1gUYAT,FIM-FML-RRM-TRRM
01uWC000005wsfgYAA,01tWC00000DD1geYAD,FIM-FML-RRM-TAESUI
01uWC000005wsfhYAA,01tWC00000DD1gvYAD,FIM-FML-RRM-TAPTE
01uWC000005wsfiYAA,01tWC00000DD1hAYAT,FIM-FML-RRM-TATSNR
01uWC000005wsfjYAA,01tWC00000DD1hHYAT,FIM-FIM-RRM-TAWPUR
01uWC000005wsfkYAA,01tWC00000DD1hJYAT,FIM-FIM-RNM-TCUUNM
01uWC000005wsflYAA,01tWC00000DD1hLYAT,FIM-FIM-RRM-TCUURM
01uWC000005wsfmYAA,01tWC00000DD1hPYAT,FIM-FIM-RRM-TRIPWE
01uWC000005wsfnYAA,01tWC00000DD1hSYAT,FIM-FIM-RRM-TECMSR
01uWC000005wsfoYAA,01tWC00000DD1hVYAT,FIM-FIM-RRM-TECORM
01uWC000005wsfpYAA,01tWC00000DD1hXYAT,FIM-FIM-RRM-TECRM
01uWC000005wsfqYAA,01tWC00000DD1hbYAD,FIM-FIM-RRM-TEECRM
01uWC000005wsfrYAA,01tWC00000DD1hnYAD,FIM-FIM-RRM-TRIENT
01uWC000005wsfsYAA,01tWC00000DCzGGYA1,FIM-FIM-RRM-TEFSRM
01uWC000005wsftYAA,01tWC00000DCzGIYA1,FIM-FML-RRM-TEFS1P
01uWC000005wsfuYAA,01tWC00000DD1mwYAD,FIM-FIM-RRM-TEMERM
01uWC000005wsfvYAA,01tWC00000DD1n2YAD,FIM-FIM-RRM-TEMIRM
01uWC000005wsfwYAA,01tWC00000DD1n8YAD,FIM-FML-RRM-TLC15RE
01uWC000005wsfxYAA,01tWC00000DD1nFYAT,FIM-FIM-RRM-TENDRM
01uWC000005wsfyYAA,01tWC00000DD1nKYAT,FIM-FIM-RRM-TRIPEP
01uWC000005wsfzYAA,01tWC00000DD1nPYAT,FIM-FIM-RRM-TEPSRM
01uWC000005wsg0YAA,01tWC00000DD1nTYAT,FIM-FIM-RRM-TESM
01uWC000005wsg1YAA,01tWC00000DD1nWYAT,FIM-FIM-RRM-TRIENS
01uWC000005wsg2YAA,01tWC00000DD1nZYAT,FIM-FIM-RRM-TEVERM
01uWC000005wsg3YAA,01tWC00000DD1nqYAD,FIM-FIM-RRM-TDRM
01uWC000005wsg4YAA,01tWC00000DD1nuYAD,FIM-FIM-RRM-TDSRM
01uWC000005wsg5YAA,01tWC00000DD1nyYAD,FIM-FML-RRM-TVFFRM
01uWC000005wsg6YAA,01tWC00000DD1nzYAD,FIM-FML-RRM-TVFNDRM
01uWC000005wsg7YAA,01tWC00000DD1o3YAD,FIM-FML-RRM-TVCRM
01uWC000005wsg8YAA,01tWC00000DD1o6YAD,FIM-FIM-RRM-TCLRM
01uWC000005wsg9YAA,01tWC00000DD1oIYAT,FIM-FML-RRM-TINM
01uWC000005wsgAYAQ,01tWC00000DD1oMYAT,FIM-TLC-RRM-TLCTBR
01uWC000005wsgBYAQ,01tWC00000DD1oOYAT,FIM-FML-RRM-TLC5RM
01uWC000005wsgCYAQ,01tWC00000DD1ohYAD,FIM-TLC-RRM-TLCDRM
01uWC000005wsgDYAQ,01tWC00000DD1orYAD,FIM-FIM-RRM-VM18RE
01uWC000005wsgEYAQ,01tWC00000DD1p1YAD,FIM-TLC-RRM-TLCFSR
01uWC000005wsgFYAQ,01tWC00000DD1pOYAT,FIM-TLC-RRM-TLCNDR
01uWC000005wsgGYAQ,01tWC00000DD1pfYAD,FIM-TLC-RRM-TLCSDR
01uWC000005wsgHYAQ,01tWC00000DD13XYAT,DP-DLP-RRM-ATPREN
01uWC000005wsgIYAQ,01tWC00000DD13aYAD,NW-AA-RRM-FLOWRE
01uWC000005wsgJYAQ,01tWC00000DD13gYAD,SM-AJM-RNM-AJMNM
01uWC000005wsgKYAQ,01tWC00000DD13iYAD,SM-AJM-RRM-AJMRM
01uWC000005wsgLYAQ,01tWC00000DD13kYAD,SM-AUS-RNM-AUTHNE
01uWC000005wsgMYAQ,01tWC00000DD13mYAD,SM-AUS-RRM-AUTHRE
01uWC000005wsgNYAQ,01tWC00000DD13pYAD,RPA-AUD-RNM-ADNM
01uWC000005wsgOYAQ,01tWC00000DD13rYAD,RPA-AUD-RRM-ADRM
01uWC000005wsgPYAQ,01tWC00000DD13wYAD,RPA-AUT-RNM-AUTOMA
01uWC000005wsgQYAQ,01tWC00000DD13yYAD,RPA-AUT-RRM-AURM
01uWC000005wsgRYAQ,01tWC00000DD140YAD,RPA-AUT-RNM-AEANM
01uWC000005wsgSYAQ,01tWC00000DD142YAD,RPA-AUT-RRM-AEARM
01uWC000005wsgTYAQ,01tWC00000DD144YAD,RPA-AUT-RNM-AEDTNM
01uWC000005wsgUYAQ,01tWC00000DD146YAD,RPA-AUT-RRM-AEDTRM
01uWC000005wsgVYAQ,01tWC00000DD14AYAT,RPA-AUD-RNM-AFPNM
01uWC000005wsgWYAQ,01tWC00000DD14CYAT,RPA-AUD-RRM-AFPRM
01uWC000005wsgXYAQ,01tWC00000DD14GYAT,RPA-AIC-RNM-AICNM
01uWC000005wsgYYAQ,01tWC00000DD14IYAT,RPA-AIC-RRM-AICRM
01uWC000005wsgZYAQ,01tWC00000DD14PYAT,RPA-AUT-RNM-AORNM
01uWC000005wsgaYAA,01tWC00000DD14RYAT,RPA-AUT-RRM-AORRM
01uWC000005wsgbYAA,01tWC00000DD14VYAT,RPA-AUT-RNM-AOCNM
01uWC000005wsgcYAA,01tWC00000DD14XYAT,RPA-AUT-RRM-AOCRM
01uWC000005wsgdYAA,01tWC00000DD1LvYAL,GOA-GAM-RNM-GAAANM
01uWC000005wsgeYAA,01tWC00000DD1LzYAL,GOA-GAM-RNM-GAARNM
01uWC000005wsgfYAA,01tWC00000DD1M1YAL,GOA-GAM-RRM-GAARRM
01uWC000005wsggYAA,01tWC00000DD1M5YAL,GOA-GAM-RRM-GAAWRM
01uWC000005wsghYAA,01tWC00000DD1M7YAL,GOA-GAM-RNM-GAAWRN
01uWC000005wsgiYAA,01tWC00000DD1M9YAL,GOA-GAM-RRM-GAAWRR
01uWC000005wsgjYAA,01tWC00000DD1MBYA1,GOA-GAM-RNM-GAANM
01uWC000005wsgkYAA,01tWC00000DD1MDYA1,GOA-GAM-RRM-GAARM
01uWC000005wsglYAA,01tWC00000DD1MFYA1,GOA-GAM-RNM-GAASRN
01uWC000005wsgmYAA,01tWC00000DD1MHYA1,GOA-GAM-RRM-GAASRR
01uWC000005wsgnYAA,01tWC00000DD1MJYA1,GOA-GAM-RNM-GONM
01uWC000005wsgoYAA,01tWC00000DD1MLYA1,GOA-GAM-RRM-GORM
01uWC000005wsgpYAA,01tWC00000DD1MNYA1,GOA-GAM-RNM-GOANY
01uWC000005wsgqYAA,01tWC00000DD1MPYA1,GOA-GAM-RRM-GOAA
01uWC000005wsgrYAA,01tWC00000DD1MRYA1,GOA-GAM-RNM-GABANM
01uWC000005wsgsYAA,01tWC00000DD1MTYA1,GOA-GAM-RRM-GABARM
01uWC000005wsgtYAA,01tWC00000DD1MVYA1,GOA-GAM-RNM-GABAMN
01uWC000005wsguYAA,01tWC00000DD1MXYA1,GOA-GAM-RRM-GABAMR
01uWC000005wsgvYAA,01tWC00000DD1MZYA1,GOA-GAM-RNM-GACCPN
01uWC000005wsgwYAA,01tWC00000DD1MbYAL,GOA-GAM-RRM-GACCPR
01uWC000005wsgxYAA,01tWC00000DD1MdYAL,GOA-GAM-RNM-GACCSN
01uWC000005wsgyYAA,01tWC00000DD1MfYAL,GOA-GAM-RRM-GACCSR
01uWC000005wsgzYAA,01tWC00000DD1MhYAL,GOA-GAM-RNM-GACM
01uWC000005wsh0YAA,01tWC00000DD1MjYAL,GOA-GAM-RRM-GOAC
01uWC000005wsh1YAA,01tWC00000DD1MlYAL,GOA-GAM-RNM-GACBNM
01uWC000005wsh2YAA,01tWC00000DD1MpYAL,GOA-GAM-RRM-GACBRM
01uWC000005wsh3YAA,01tWC00000DD1MuYAL,GOA-GAM-RNM-GACSBN
01uWC000005wsh4YAA,01tWC00000DD1MxYAL,BI-SDW-RNM-SDWNM
01uWC000005wsh5YAA,01tWC00000DD1N1YAL,GOA-GAM-RRM-GACSBR
01uWC000005wsh6YAA,01tWC00000DD1N6YAL,GOA-GAM-RNM-GAEBNM
01uWC000005wsh7YAA,01tWC00000DD1N8YAL,GOA-GAM-RRM-GAEBRM
01uWC000005wsh8YAA,01tWC00000DD1NBYA1,GOA-GAM-RNM-GAFCSN
01uWC000005wsh9YAA,01tWC00000DD1q2YAD,SM-VIT-RNM-VISUAM
01uWC000005wshAYAQ,01tWC00000DD1q4YAD,SM-VIT-RRM-VISUME
01uWC000005wshBYAQ,01tWC00000DD1q6YAD,SM-VMC-RNM-VISMES
01uWC000005wshCYAQ,01tWC00000DD1q8YAD,SM-VMC-RRM-VIMESS
01uWC000005wshDYAQ,01tWC00000DD1qAYAT,SM-VMC-RNM-VMESSA
01uWC000005wshEYAQ,01tWC00000DD1qCYAT,SM-VMC-RRM-VISUMC
01uWC000005wshFYAQ,01tWC00000DD1qEYAT,SM-VMC-RNM-VRCM
01uWC000005wshGYAQ,01tWC00000DD1qGYAT,SM-VMC-RRM-VIRE
01uWC000005wshHYAQ,01tWC00000DD1qIYAT,SM-VMC-RNM-VISUAR
01uWC000005wshIYAQ,01tWC00000DD1qKYAT,SM-VMC-RRM-VISURE
01uWC000005wshJYAQ,01tWC00000DD1qMYAT,SM-VMC-RNM-VSSM
01uWC000005wshKYAQ,01tWC00000DD1qOYAT,SM-VMC-RRM-VISE
01uWC000005wshLYAQ,01tWC00000DD1qQYAT,CM-VCM-RNM-VCMNM
01uWC000005wshMYAQ,01tWC00000DD1qSYAT,CM-VCM-RRM-VCMRM
01uWC000005wshNYAQ,01tWC00000DD1qUYAT,CM-VCM-RNM-VCMENM
01uWC000005wshOYAQ,01tWC00000DD1qWYAT,CM-VCM-RRM-VCMERM
01uWC000005wshPYAQ,01tWC00000DD1qYYAT,CM-VCM-RNM-VCMLFN
01uWC000005wshQYAQ,01tWC00000DD1qaYAD,CM-VCM-RRM-VCMLFR
01uWC000005wshRYAQ,01tWC00000DD1qbYAD,SM-VIT-RNM-VIBMNM
01uWC000005wshSYAQ,01tWC00000DD1qdYAD,SM-VIT-RRM-VIBMRM
01uWC000005wshTYAQ,01tWC00000DD1qfYAD,CM-VIM-RNM-VMNM
01uWC000005wshUYAQ,01tWC00000DD1qhYAD,CM-VIM-RRM-VMRM
01uWC000005wshVYAQ,01tWC00000DD1qjYAD,CM-VIM-RNM-VMPPSN
01uWC000005wshWYAQ,01tWC00000DD1qlYAD,CM-VIM-RRM-VMPPSR
01uWC000005wshXYAQ,01tWC00000DD1qpYAD,SM-VMC-RNM-VMCA
01uWC000005wshYYAQ,01tWC00000DD1qrYAD,SM-VMC-RRM-VATM
01uWC000005wshZYAQ,01tWC00000DD1qtYAD,SM-VMC-RNM-VMCC
01uWC000005wshaYAA,01tWC00000DD1qvYAD,SM-VMC-RRM-VMCCI
01uWC000005wshbYAA,01tWC00000DD1qxYAD,SM-VMC-RNM-VMCD
01uWC000005wshcYAA,01tWC00000DD1qzYAD,SM-VMC-RRM-VDAM
01uWC000005wshdYAA,01tWC00000DD1r1YAD,SM-VMC-RNM-VMDE
01uWC000005wsheYAA,01tWC00000DD1r3YAD,SM-VMC-RRM-VMCDE
01uWC000005wshfYAA,01tWC00000DD1r5YAD,SM-VMC-RNM-VMCE
01uWC000005wshgYAA,01tWC00000DD1uMYAT,CM-TQU-RNM-UTQMOO
01uWC000005wshhYAA,01tWC00000DD1uOYAT,CM-TQU-RRM-UTEQUE
01uWC000005wshiYAA,01tWC00000DD1uQYAT,CM-TQU-RNM-UNNM
01uWC000005wshjYAA,01tWC00000DD1uSYAT,CM-TQU-RRM-UNTQUM
01uWC000005wshkYAA,01tWC00000DD1uUYAT,CM-TQU-RNM-UTEQMS
01uWC000005wshlYAA,01tWC00000DD1uWYAT,CM-TQU-RRM-UTEQMO
01uWC000005wshmYAA,01tWC00000DD1uYYAT,CM-TQU-RNM-UTQOFF
01uWC000005wshnYAA,01tWC00000DD1uaYAD,CM-TQU-RRM-UNTQUO
01uWC000005wshoYAA,01tWC00000DD1ucYAD,CM-TQU-RNM-UTQOMO
01uWC000005wshpYAA,01tWC00000DD1ueYAD,CM-TQU-RRM-UNTQOM
01uWC000005wshqYAA,01tWC00000DD1ugYAD,CM-TQU-RNM-UTQOOO
01uWC000005wshrYAA,01tWC00000DD1uiYAD,CM-TQU-RRM-UTEQOO
01uWC000005wshsYAA,01tWC00000DD1ukYAD,CM-TQU-RNM-UTEQOS
01uWC000005wshtYAA,01tWC00000DD1umYAD,CM-TQU-RRM-UTQOOS
01uWC000005wshuYAA,01tWC00000DD1uoYAD,CM-TQU-RNM-UTQPOO
01uWC000005wshvYAA,01tWC00000DD1uqYAD,CM-TQU-RRM-UNTQUP
01uWC000005wshwYAA,01tWC00000DD1usYAD,CM-TQU-RNM-UTEQPM
01uWC000005wshxYAA,01tWC00000DD1uuYAD,CM-TQU-RRM-UTEQPO
01uWC000005wshyYAA,01tWC00000DD1uwYAD,CM-TQU-RNM-UTQPMO
01uWC000005wshzYAA,01tWC00000DD1uyYAD,CM-TQU-RRM-UTQORM
01uWC000005wsi0YAA,01tWC00000DD1v0YAD,CM-TQU-RNM-UNTQPM
01uWC000005wsi1YAA,01tWC00000DD1v2YAD,CM-TQU-RRM-UTQPMM
01uWC000005wsi2YAA,01tWC00000DD1v4YAD,CM-TQU-RNM-UTQONM
01uWC000005wsi3YAA,01tWC00000DD1v6YAD,CM-TQU-RRM-UTQSRM
01uWC000005wsi4YAA,01tWC00000DD1v8YAD,CM-TQU-RNM-UTEQPR
01uWC000005wsi5YAA,01tWC00000DD1vAYAT,CM-TQU-RRM-UTQPRM
01uWC000005wsi6YAA,01tWC00000DD1vCYAT,CM-TQU-RNM-UTQPRO
01uWC000005wsi7YAA,01tWC00000DD1vEYAT,CM-TQU-RRM-UTQRRM
01uWC000005wsi8YAA,01tWC00000DD1vGYAT,CM-TQU-RNM-UTQRDF
01uWC000005wsi9YAA,01tWC00000DD1vIYAT,CM-TQU-RRM-UNTQUR
01uWC000005wsiAYAQ,01tWC00000DD1vKYAT,CM-TQU-RNM-UTQSOU
01uWC000005wsiBYAQ,01tWC00000DD1vMYAT,CM-TQU-RRM-UNTQUS
01uWC000005wsiCYAQ,01tWC00000DD1vOYAT,CM-TQU-RNM-UTQSOO
01uWC000005wsiDYAQ,01tWC00000DD1vQYAT,CM-TQU-RRM-UNTQSO
01uWC000005wsiEYAQ,01tWC00000DD22mYAD,GS-GSE-RRM-RAARM
01uWC000005wsiFYAQ,01tWC00000DD236YAD,SM-PN-RRM-VCPPRM
01uWC000005wsiGYAQ,01tWC00000DD237YAD,SM-PN-RNM-VCPPNM
01uWC000005wsiHYAQ,01tWC00000DD226YAD,FIM-FIM-RRM-TEVEERM
01uWC000005wsiIYAQ,01tWC00000DD227YAD,FIM-FIM-RNM-TSENM
01uWC000005wsiJYAQ,01tWC00000DD228YAD,FIM-FIM-RRM-TSERM
01uWC000005wsiKYAQ,01tWC00000DD229YAD,FIM-FIM-RNM-TIVSSNM
01uWC000005wsiLYAQ,01tWC00000DD22AYAT,FIM-FIM-RRM-TIVSSRM
01uWC000005wsiMYAQ,01tWC00000DD22BYAT,FIM-FIM-RNM-TIVTDCNM
01uWC000005wsiNYAQ,01tWC00000DD22CYAT,FIM-FIM-RRM-TIVTDCRM
01uWC000005wsiOYAQ,01tWC00000DD22DYAT,FIM-FIM-RNM-TSAEVNM
01uWC000005wsiPYAQ,01tWC00000DD22EYAT,FIM-FIM-RRM-TSAEVRM
01uWC000005wsiQYAQ,01tWC00000DD22FYAT,FIM-FML-RNM-VMENM
01uWC000005wsiRYAQ,01tWC00000DD22GYAT,FIM-FML-RRM-VMERM
01uWC000005wsiSYAQ,01tWC00000DD22HYAT,FIM-FML-RNM-VM1NM
01uWC000005wsiTYAQ,01tWC00000DD22IYAT,FIM-TLC-RNM-TLCDNM
01uWC000005wsiUYAQ,01tWC00000DD22JYAT,FIM-TLC-RNM-TLCNDENM
01uWC000005wsiVYAQ,01tWC00000DD22KYAT,FIM-TLC-RRM-TLCNDERM
01uWC000005wsiWYAQ,01tWC00000DD22LYAT,FIM-TLC-RNM-TLCSDENM
01uWC000005wsiXYAQ,01tWC00000DD22MYAT,FIM-TLC-RRM-TLCSDERM
01uWC000005wsiYYAQ,01tWC00000DD22NYAT,FIM-TLC-RNM-TLCMLENM
01uWC000005wsiZYAQ,01tWC00000DD22OYAT,FIM-TLC-RRM-TLCMLERM
01uWC000005wsiaYAA,01tWC00000DCwWcYAL,ES-SEG-RNM-IPIPNE
01uWC000005wsibYAA,01tWC00000DCwWeYAL,ES-SEG-RRM-IPIPRE
01uWC000005wsicYAA,01tWC00000DCwWiYAL,DM-DML-RNM-ISDANM
01uWC000005wsidYAA,01tWC00000DCwWkYAL,DM-DML-RRM-ISDARM
01uWC000005wsieYAA,01tWC00000DCwWlYAL,DM-IBM-RNM-ISOINM
01uWC000005wsifYAA,01tWC00000DCwWnYAL,DM-IBM-RRM-ISOIRM
01uWC000005wsigYAA,01tWC00000DCwWpYAL,DM-DML-RNM-ISPTNM
01uWC000005wsihYAA,01tWC00000DCwWrYAL,DM-DML-RRM-ISPTRM
01uWC000005wsiiYAA,01tWC00000DCwWsYAL,DM-DOE-RNM-JDABNE
01uWC000005wsijYAA,01tWC00000DCwWuYAL,DM-DOE-RRM-JDABRE
01uWC000005wsikYAA,01tWC00000DCwWwYAL,SM-NSS-RNM-LOPNEW
01uWC000005wsilYAA,01tWC00000DCwWyYAL,SM-NSS-RRM-LOPREN
01uWC000005wsimYAA,01tWC00000DCxkzYAD,FIM-FIM-RRM-TACAIN
01uWC000005wsinYAA,01tWC00000DCxl1YAD,CM-TQO-RNM-TQACSN
01uWC000005wsioYAA,01tWC00000DCxl3YAD,CM-TQO-RRM-TQACSR
01uWC000005wsipYAA,01tWC00000DCxl5YAD,CM-TQO-RNM-TQAPCS
01uWC000005wsiqYAA,01tWC00000DCxl7YAD,CM-TQO-RRM-TQAM
01uWC000005wsirYAA,01tWC00000DCxl9YAD,CM-TQO-RNM-TQAPSC
01uWC000005wsisYAA,01tWC00000DCxlBYAT,CM-TQO-RRM-TEQU
01uWC000005wsitYAA,01tWC00000DCxlEYAT,CM-TQO-RNM-TQASCS
01uWC000005wsiuYAA,01tWC00000DCxlGYAT,CM-TQO-RRM-TEAMQU
01uWC000005wsivYAA,01tWC00000DCxlMYAT,CM-TQR-RNM-TQSSNM
01uWC000005wsiwYAA,01tWC00000DCxlOYAT,CM-TQR-RRM-TQSSRM
01uWC000005wsixYAA,01tWC00000DCxlVYAT,DM-IRC-RNM-TRCANE
01uWC000005wsiyYAA,01tWC00000DCxlXYAT,DM-IRC-RRM-TRCARE
01uWC000005wsizYAA,01tWC00000DCxldYAD,DP-DLP-RNM-THRENE
01uWC000005wsj0YAA,01tWC00000DCxlfYAD,DP-DLP-RRM-THRERE
01uWC000005wsj1YAA,01tWC00000DCxlhYAD,DP-DC-RNM-TNM
01uWC000005wsj2YAA,01tWC00000DCxljYAD,DP-DC-RRM-TRM
01uWC000005wsj3YAA,01tWC00000DCxllYAD,DP-DC-RNM-TCESNM
01uWC000005wsj4YAA,01tWC00000DCxlnYAD,DP-DC-RRM-TCESRM
01uWC000005wsj5YAA,01tWC00000DCxloYAD,DP-DC-RNM-TCMNM
01uWC000005wsj6YAA,01tWC00000DCxlqYAD,DP-DC-RRM-TCMRM
01uWC000005wsj7YAA,01tWC00000DCxlsYAD,DP-DC-RNM-TCOFNM
01uWC000005wsj8YAA,01tWC00000DCxluYAD,DP-DC-RRM-TCOFRM
01uWC000005wsj9YAA,01tWC00000DCxlvYAD,DP-DC-RNM-TCSNM
01uWC000005wsjAYAQ,01tWC00000DCxlyYAD,DP-DC-RRM-TCSRM
01uWC000005wsjBYAQ,01tWC00000DCxm1YAD,DP-DC-RNM-TLNNM
01uWC000005wsjCYAQ,01tWC00000DCxm3YAD,DP-DC-RRM-TLNRM
01uWC000005wsjDYAQ,01tWC00000DCxm4YAD,DP-DC-RNM-TMCNM
01uWC000005wsjEYAQ,01tWC00000DCxm6YAD,DP-DC-RRM-TMCRM
01uWC000005wsjFYAQ,01tWC00000DCxm8YAD,FIM-FIM-RRM-TLCR
01uWC000005wsjGYAQ,01tWC00000DCxmJYAT,BI-SDW-RNM-TRENNE
01uWC000005wsjHYAQ,01tWC00000DCxmLYAT,BI-SDW-RRM-TRENRE
01uWC000005wsjIYAQ,01tWC00000DCxmNYAT,FIM-FIM-RNM-TTBELN
01uWC000005wsjJYAQ,01tWC00000DCyxlYAD,SM-VMC-RNM-VWPM
01uWC000005wsjKYAQ,01tWC00000DCyxnYAD,SM-VMC-RRM-VMCWI
01uWC000005wsjLYAQ,01tWC00000DCyxpYAD,SM-VMC-RNM-VMCWIN
01uWC000005wsjMYAQ,01tWC00000DD19oYAD,SM-VMC-RNM-DMISBN
01uWC000005wsjNYAQ,01tWC00000DD19qYAD,SM-VMC-RRM-DMISBR
01uWC000005wsjOYAQ,01tWC00000DD19sYAD,SM-VMC-RNM-DMISBC
01uWC000005wsjPYAQ,01tWC00000DD19uYAD,SM-VMC-RRM-DMIM
01uWC000005wsjQYAQ,01tWC00000DD19wYAD,SM-VMC-RNM-DAMO
01uWC000005wsjRYAQ,01tWC00000DD19yYAD,SM-VMC-RRM-DATAM
01uWC000005wsjSYAQ,01tWC00000DD1A0YAL,SM-VMC-RNM-DMISRN
01uWC000005wsjTYAQ,01tWC00000DD1A2YAL,SM-VMC-RRM-DMISRR
01uWC000005wsjUYAQ,01tWC00000DD1A9YAL,ES-SEG-RNM-DRSEGN
01uWC000005wsjVYAQ,01tWC00000DD1ptYAD,FIM-TLC-RRM-TLCMRM
01uWC000005wsjWYAQ,01tWC00000DD1tJYAT,FIM-TLC-RRM-TLCMLR
01uWC000005wsjXYAQ,01tWC00000DD1tOYAT,FIM-FML-RRM-TLCVAR
01uWC000005wsjYYAQ,01tWC00000DD1taYAD,FIM-FIM-RRM-TSARM
01uWC000005wsjZYAQ,01tWC00000DD1thYAD,FIM-FML-RRM-TVECRM
01uWC000005wsjaYAA,01tWC00000DD1tiYAD,FIM-FML-RRM-TVDRM
01uWC000005wsjbYAA,01tWC00000DD1tjYAD,FIM-FML-RRM-TVLSRM
01uWC000005wsjcYAA,01tWC00000DD1tkYAD,FIM-FML-RRM-TVSDRM
01uWC000005wsjdYAA,01tWC00000DD1tlYAD,FIM-FML-RRM-TVSSRM
01uWC000005wsjeYAA,01tWC00000DD1tmYAD,FIM-FML-RRM-TVVERM
01uWC000005wsjfYAA,01tWC00000DD1tuYAD,FIM-FML-RRM-TWTMSU
01uWC000005wsjgYAA,01tWC00000DD1y8YAD,GS-GSE-RNM-WMSMNE
01uWC000005wsjhYAA,01tWC00000DD1y9YAD,GS-GSE-RRM-WMSMRE
01uWC000005wsjiYAA,01tWC00000DD1yAYAT,GS-GSE-RNM-WORKNE
01uWC000005wsjjYAA,01tWC00000DD1yEYAT,GS-GSE-RNM-WYNM
01uWC000005wsjkYAA,01tWC00000DD1yFYAT,GS-GSE-RRM-WSMM
01uWC000005wsjlYAA,01tWC00000DD1OHYA1,GOA-GAM-RRM-GAPBRM
01uWC000005wsjmYAA,01tWC00000DD1OMYA1,GOA-GAM-RNM-GASFNM
01uWC000005wsjnYAA,01tWC00000DD1OOYA1,GOA-GAM-RRM-GASFRM
01uWC000005wsjoYAA,01tWC00000DD1OQYA1,GOA-GAM-RNM-GASM
01uWC000005wsjpYAA,01tWC00000DD1OSYA1,GOA-GAM-RRM-GOANS
01uWC000005wsjqYAA,01tWC00000DD1OUYA1,GOA-GAM-RNM-GASMNM
01uWC000005wsjrYAA,01tWC00000DD1OWYA1,GOA-GAM-RRM-GASMRM
01uWC000005wsjsYAA,01tWC00000DD1OYYA1,GOA-GAM-RNM-GASDNM
01uWC000005wsjtYAA,01tWC00000DD1OaYAL,GOA-GAM-RRM-GASDRM
01uWC000005wsjuYAA,01tWC00000DD1OdYAL,GOA-GAM-RNM-GASLNM
01uWC000005wsjvYAA,01tWC00000DD1OfYAL,GOA-GAM-RRM-GASLRM
01uWC000005wsjwYAA,01tWC00000DD1OgYAL,GOA-GAM-RNM-GASSNM
01uWC000005wsjxYAA,01tWC00000DD1OiYAL,GOA-GAM-RRM-GASSRM
01uWC000005wsjyYAA,01tWC00000DD1OkYAL,GOA-GAM-RNM-GASANM
01uWC000005wsjzYAA,01tWC00000DD1OmYAL,GOA-GAM-RRM-GASARM
01uWC000005wsk0YAA,01tWC00000DD1OoYAL,GOA-GAM-RNM-GASBNM
01uWC000005wsk1YAA,01tWC00000DCwVQYA1,DM-IFO-RRM-IFORRE
01uWC000005wsk2YAA,01tWC00000DCwVSYA1,DM-IFO-RNM-IFOREF
01uWC000005wsk3YAA,01tWC00000DCwVUYA1,DM-IFO-RRM-IFORFA
01uWC000005wsk4YAA,01tWC00000DCwVVYA1,DM-IBM-RNM-IFSTNE
01uWC000005wsk5YAA,01tWC00000DCwVXYA1,DM-IBM-RRM-IFSTRE
01uWC000005wsk6YAA,01tWC00000DCwVZYA1,DM-WCU-RNM-IVLNEW
01uWC000005wsk7YAA,01tWC00000DCwVbYAL,DM-WCU-RRM-IVLREN
01uWC000005wsk8YAA,01tWC00000DCwVcYAL,DM-WCU-RNM-IBONEW
01uWC000005wsk9YAA,01tWC00000DCwVeYAL,DM-WCU-RRM-IBOREN
01uWC000005wskAYAQ,01tWC00000DCwVhYAL,DM-DML-RNM-IPI4NE
01uWC000005wskBYAQ,01tWC00000DCwVjYAL,DM-DML-RRM-IPI4RE
01uWC000005wskCYAQ,01tWC00000DCwVlYAL,ES-SEG-RNM-IGSRNM
01uWC000005wskDYAQ,01tWC00000DCwVnYAL,ES-SEG-RRM-IGSRRM
01uWC000005wskEYAQ,01tWC00000DCwVpYAL,BI-ISA-RNM-INSINE
01uWC000005wskFYAQ,01tWC00000DCwW1YAL,CM-TQO-RNM-IACINE
01uWC000005wskGYAQ,01tWC00000DCwW3YAL,CM-TQO-RRM-IACIRE
01uWC000005wskHYAQ,01tWC00000DCwW4YAL,DM-WFM-RNM-INTENE
01uWC000005wskIYAQ,01tWC00000DCwW6YAL,DM-WFM-RRM-INTERE
01uWC000005wskJYAQ,01tWC00000DCwW8YAL,NW-INT-RNM-ISFNM
01uWC000005wskKYAQ,01tWC00000DCwWAYA1,NW-INT-RRM-ISFRM
01uWC000005wskLYAQ,01tWC00000DCwWBYA1,NW-INT-RNM-ISNM
01uWC000005wskMYAQ,01tWC00000DCwWDYA1,NW-INT-RRM-ISRM
01uWC000005wskNYAQ,01tWC00000DCwWFYA1,NW-INT-RNM-ISLNM
01uWC000005wskOYAQ,01tWC00000DCwWHYA1,NW-INT-RRM-ISLRM
01uWC000005wskPYAQ,01tWC00000DCwWJYA1,NW-INT-RNM-ISBNM
01uWC000005wskQYAQ,01tWC00000DCwWLYA1,NW-INT-RRM-ISBRM
01uWC000005wskRYAQ,01tWC00000DCwWOYA1,DP-DLP-RNM-INVENE
01uWC000005wskSYAQ,01tWC00000DCwWQYA1,DP-DLP-RRM-INVERE
01uWC000005wskTYAQ,01tWC00000DCwWYYA1,FIM-FIM-RNM-IP36TB
01uWC000005wskUYAQ,01tWC00000DD09mYAD,CS-DFT-RNM-NTCNM
01uWC000005wskVYAQ,01tWC00000DD09oYAD,CS-DFT-RRM-NTCRM
01uWC000005wskWYAQ,01tWC00000DD09qYAD,SM-RON-RNM-NAHNM
01uWC000005wskXYAQ,01tWC00000DD09sYAD,SM-RON-RRM-NAHRM
01uWC000005wskYYAQ,01tWC00000DD09uYAD,SM-RON-RNM-NHNM
01uWC000005wskZYAQ,01tWC00000DD09wYAD,SM-RON-RRM-NHRM
01uWC000005wskaYAA,01tWC00000DD09yYAD,SM-RON-RNM-NNNM
01uWC000005wskbYAA,01tWC00000DD0A0YAL,SM-RON-RRM-NNRM
01uWC000005wskcYAA,01tWC00000DD0A2YAL,IGA-AAS-RNM-NSCCNE
01uWC000005wskdYAA,01tWC00000DD0A4YAL,IGA-AAS-RRM-NSCCRE
01uWC000005wskeYAA,01tWC00000DD0A6YAL,DP-DC-RNM-NOTENE
01uWC000005wskfYAA,01tWC00000DD0A8YAL,DP-DC-RRM-NOTERE
01uWC000005wskgYAA,01tWC00000DD0A9YAL,SM-SYM-RNM-N5UNEW
01uWC000005wskhYAA,01tWC00000DD0ABYA1,SM-SYM-RRM-N5UREN
01uWC000005wskiYAA,01tWC00000DD0ADYA1,SM-NSS-RNM-NSSAIX
01uWC000005wskjYAA,01tWC00000DD0AFYA1,SM-NSS-RRM-NSSARM
01uWC000005wskkYAA,01tWC00000DD0AHYA1,SM-NSS-RNM-NSSLNM
01uWC000005wsklYAA,01tWC00000DD0AJYA1,SM-NSS-RRM-NSSLRM
01uWC000005wskmYAA,01tWC00000DD0ALYA1,SM-NSS-RNM-NSSSNM
01uWC000005wsknYAA,01tWC00000DD0ANYA1,SM-NSS-RRM-NSSSNT
01uWC000005wskoYAA,01tWC00000DD0APYA1,SM-NSS-RNM-NSSVIO
01uWC000005wskpYAA,01tWC00000DD0ARYA1,SM-NSS-RRM-NSSVRM
01uWC000005wskqYAA,01tWC00000DD0ATYA1,SM-NSS-RNM-NSSWAM
01uWC000005wskrYAA,01tWC00000DD0AVYA1,SM-NSS-RRM-NSSWEA
01uWC000005wsksYAA,01tWC00000DD0AXYA1,SM-NSS-RNM-NSSWNM
01uWC000005wsktYAA,01tWC00000DD0AZYA1,SM-NSS-RRM-NSSWRM
01uWC000005wskuYAA,01tWC00000DD0AbYAL,ES-SEG-RNM-OCRF
01uWC000005wskvYAA,01tWC00000DD0AdYAL,ES-SEG-RRM-OFIM
01uWC000005wskwYAA,01tWC00000DD0AfYAL,ES-SEG-RNM-OFSM
01uWC000005wskxYAA,01tWC00000DD0AhYAL,ES-SEG-RRM-OCFE
01uWC000005wskyYAA,01tWC00000DD0AjYAL,ES-SXG-RNM-OCNM
01uWC000005wskzYAA,01tWC00000DD0AlYAL,ES-SXG-RRM-OCRM
01uWC000005wsl0YAA,01tWC00000DD10VYAT,DP-DLP-RNM-DGSNM
01uWC000005wsl1YAA,01tWC00000DD13JYAT,CS-DFT-RRM-ASOCRM
01uWC000005wsl2YAA,01tWC00000DD13QYAT,IGA-AAS-RNM-ACISNE
01uWC000005wsl3YAA,01tWC00000DD13SYAT,IGA-AAS-RRM-ACISRE
01uWC000005wsl4YAA,01tWC00000DD13VYAT,DP-DLP-RNM-ATPNEW
01uWC000005wsl7YAA,01tWC00000DD1ABYA1,ES-SEG-RRM-DRSEGR
01uWC000005wsl8YAA,01tWC00000DD1ADYA1,ES-SXG-RNM-DRSM
01uWC000005wsl9YAA,01tWC00000DD1AFYA1,ES-SXG-RRM-DARE
01uWC000005wslAYAQ,01tWC00000DD1AHYA1,ES-SIG-RNM-DRSIGN
01uWC000005wslBYAQ,01tWC00000DD1AJYA1,ES-SIG-RRM-DRSIGR
01uWC000005wslCYAQ,01tWC00000DD1ALYA1,ES-SIG-RNM-DATAR
01uWC000005wslDYAQ,01tWC00000DD1ANYA1,ES-SIG-RRM-DATARE
01uWC000005wslEYAQ,01tWC00000DD1APYA1,ES-SWG-RNM-DRSWGN
01uWC000005wslFYAQ,01tWC00000DD1ARYA1,ES-SWG-RRM-DRSWGR
01uWC000005wslGYAQ,01tWC00000DD1ATYA1,BI-SDW-RNM-DSVBNM
01uWC000005wslHYAQ,01tWC00000DD1AVYA1,BI-SDW-RRM-DSVBRM
01uWC000005wslIYAQ,01tWC00000DD1AXYA1,DM-DML-RNM-DT4LNM
01uWC000005wslJYAQ,01tWC00000DD1AZYA1,DM-DML-RRM-DT4LRM
01uWC000005wslKYAQ,01tWC00000DD1AaYAL,DM-IBM-RNM-DATANE
01uWC000005wslLYAQ,01tWC00000DD1AcYAL,DM-IBM-RRM-DATARM
01uWC000005wslMYAQ,01tWC00000DD1AlYAL,DP-DC-RNM-DCSWON
01uWC000005wslNYAQ,01tWC00000DD1AnYAL,DP-DC-RRM-DCSWOR
01uWC000005wslOYAQ,01tWC00000DD1AoYAL,DP-DC-RNM-DCSWSP
01uWC000005wslPYAQ,01tWC00000DD1AqYAL,DP-DC-RRM-DCSWIS
01uWC000005wslQYAQ,01tWC00000DD1ArYAL,DP-DC-RNM-DCSPNM
01uWC000005wslRYAQ,01tWC00000DD1AtYAL,DP-DC-RRM-DCSPRM
01uWC000005wslSYAQ,01tWC00000DD1AxYAL,DM-DML-RNM-DTBLNM
01uWC000005wslTYAQ,01tWC00000DD1AzYAL,DM-DML-RRM-DTBLRM
01uWC000005wslUYAQ,01tWC00000DD1OsYAL,GOA-GAM-RRM-GASBRM
01uWC000005wslVYAQ,01tWC00000DD1OzYAL,GOA-GAM-RNM-GAUANM
01uWC000005wslWYAQ,01tWC00000DD1P1YAL,GOA-GAM-RRM-GAUARM
01uWC000005wslXYAQ,01tWC00000DD1P3YAL,GOA-GAM-RNM-GAWBNM
01uWC000005wslYYAQ,01tWC00000DD1P5YAL,GOA-GAM-RRM-GAWBRM
01uWC000005wslZYAQ,01tWC00000DD1P7YAL,GOA-GAM-RNM-GAWENM
01uWC000005wslaYAA,01tWC00000DD1P9YAL,GOA-GAM-RRM-GAWERM
01uWC000005wslbYAA,01tWC00000DD1PBYA1,GOA-GAM-RNM-GAWRNM
01uWC000005wslcYAA,01tWC00000DD1PDYA1,GOA-GAM-RRM-GAWRRM
01uWC000005wsldYAA,01tWC00000DD1PFYA1,BI-SQ-RNM-GREENE
01uWC000005wsleYAA,01tWC00000DD1PHYA1,BI-SQ-RRM-GREERE
01uWC000005wslfYAA,01tWC00000DD1PIYA1,SM-SYM-RNM-GSMTTP
01uWC000005wslgYAA,01tWC00000DD1PKYA1,SM-SYM-RRM-GSMTCT
01uWC000005wslhYAA,01tWC00000DD1PLYA1,SM-SYM-RNM-GSMTC6
01uWC000005wsliYAA,01tWC00000DD1PNYA1,SM-SYM-RRM-GSMTCR
01uWC000005wsljYAA,01tWC00000DD1POYA1,SM-HAM-RNM-HAMNEW
01uWC000005wslkYAA,01tWC00000DD1PQYA1,SM-HAM-RRM-HAMREN
01uWC000005wsllYAA,01tWC00000DD1PSYA1,SM-HEP-RNM-HEPMNM
01uWC000005wslmYAA,01tWC00000DD1XhYAL,NW-IRA-RRM-RAILRM
01uWC000005wslnYAA,01tWC00000DD1XiYAL,NW-INT-RNM-RAPFNM
01uWC000005wsloYAA,01tWC00000DD1XkYAL,NW-INT-RRM-RAPFRM
01uWC000005wslpYAA,01tWC00000DD1XlYAL,NW-INT-RNM-RAPNM
01uWC000005wslqYAA,01tWC00000DD1XnYAL,NW-INT-RRM-RAPRM
01uWC000005wslrYAA,01tWC00000DD1XpYAL,NW-INT-RNM-RAPLNM
01uWC000005wslsYAA,01tWC00000DD1XrYAL,NW-INT-RRM-RAPLRM
01uWC000005wsltYAA,01tWC00000DD1XsYAL,NW-INT-RNM-RASFNM
01uWC000005wsluYAA,01tWC00000DD1XuYAL,NW-INT-RRM-RASFRM
01uWC000005wslvYAA,01tWC00000DD1XwYAL,DM-DOE-RNM-REPOAB
01uWC000005wslwYAA,01tWC00000DD1XyYAL,DM-DOE-RRM-REPOFA
01uWC000005wslxYAA,01tWC00000DD1XzYAL,DM-IBM-RNM-REPOSN
01uWC000005wslyYAA,01tWC00000DD1Y1YAL,DM-IBM-RRM-REPOSR
01uWC000005wslzYAA,01tWC00000DD1Y3YAL,BI-SL-RNM-RESONE
01uWC000005wsm0YAA,01tWC00000DD1Y5YAL,BI-SL-RRM-RESORE
01uWC000005wsm1YAA,01tWC00000DD1Y6YAL,SM-SYM-RNM-RTMNEW
01uWC000005wsm2YAA,01tWC00000DD1Y8YAL,SM-SYM-RRM-RTMREN
01uWC000005wsm3YAA,01tWC00000DD1YCYA1,CS-DFT-RNM-RCMNEW
01uWC000005wsm4YAA,01tWC00000DD1YEYA1,CS-DFT-RRM-RCMREN
01uWC000005wsm5YAA,01tWC00000DD1YGYA1,DM-DML-RNM-RJSPNE
01uWC000005wsm6YAA,01tWC00000DD1YIYA1,DM-DML-RRM-RJSPRE
01uWC000005wsm7YAA,01tWC00000DD1YLYA1,SM-ROA-RNM-RANM
01uWC000005wsm8YAA,01tWC00000DD1YNYA1,SM-ROA-RRM-RARM
01uWC000005wsm9YAA,01tWC00000DD1YPYA1,SM-RAT-RNM-ROAU
01uWC000005wsmAYAQ,01tWC00000DD1YRYA1,SM-RAT-RRM-RORM
01uWC000005wsmBYAQ,01tWC00000DD1YTYA1,SM-ROB-RNM-RBNM
01uWC000005wsmCYAQ,01tWC00000DD1YZYA1,SM-ROB-RRM-RBRM
01uWC000005wsmDYAQ,01tWC00000DD1YfYAL,SM-SYM-RNM-RCNM
01uWC000005wsmEYAQ,01tWC00000DD1YhYAL,SM-SYM-RRM-RCRM
01uWC000005wsmFYAQ,01tWC00000DD1YjYAL,SM-ROC-RNM-ROCO
01uWC000005wsmGYAQ,01tWC00000DD1YlYAL,SM-ROC-RRM-ROBOTC
01uWC000005wsmHYAQ,01tWC00000DD1YnYAL,SM-RCP-RNM-RONM
01uWC000005wsmIYAQ,01tWC00000DD1YpYAL,SM-RCP-RRM-ROBCPA
01uWC000005wsmJYAQ,01tWC00000DD1YrYAL,SM-RHA-RNM-RHNM
01uWC000005wsmKYAQ,01tWC00000DD1t3YAD,SM-VMC-RRM-VMWE
01uWC000005wsmLYAQ,01tWC00000DD1t5YAD,SM-VMC-RNM-VMCWE
01uWC000005wsmMYAQ,01tWC00000DD1t7YAD,SM-VMC-RRM-VMWEB
01uWC000005wsmNYAQ,01tWC00000DD1t9YAD,SM-VMC-RNM-VWOM
01uWC000005wsmOYAQ,01tWC00000DD1tCYAT,SM-VMC-RRM-VMWI
01uWC000005wsmPYAQ,01tWC00000DD1tHYAT,FIM-TLC-RNM-TLCMLN
01uWC000005wsmQYAQ,01tWC00000DD1teYAD,FIM-FIM-RNM-TCORM
01uWC000005wsmRYAQ,01tWC00000DD1tpYAD,ES-SEG-RNM-TCSENE
01uWC000005wsmSYAQ,01tWC00000DD1trYAD,ES-SEG-RRM-TCSERE
01uWC000005wsmTYAQ,01tWC00000DD1tvYAD,CM-TQU-RNM-UTQBOO
01uWC000005wsmUYAQ,01tWC00000DD1txYAD,CM-TQU-RRM-UTQM
01uWC000005wsmVYAQ,01tWC00000DD1tzYAD,CM-TQU-RNM-UTQCOO
01uWC000005wsmWYAQ,01tWC00000DD1u1YAD,CM-TQU-RRM-UNTE
01uWC000005wsmXYAQ,01tWC00000DD1u4YAD,CM-TQU-RNM-UTQDFO
01uWC000005wsmYYAQ,01tWC00000DD1u6YAD,CM-TQU-RRM-UNRM
01uWC000005wsmZYAQ,01tWC00000DD21VYAT,GS-GSE-RRM-EFT8CRM
01uWC000005wsmaYAA,01tWC00000DD21kYAD,GS-GSE-RNM-ESW10SNM
01uWC000005wsmbYAA,01tWC00000DD21lYAD,GS-GSE-RRM-ESW10SRM
01uWC000005wsmcYAA,01tWC00000DD21qYAD,GOA-GAM-RNM-GCBGTPNM
01uWC000005wsmdYAA,01tWC00000DD21rYAD,GOA-GAM-RRM-GCBGTPRM
01uWC000005wsmeYAA,01tWC00000DD21uYAD,GOA-GAM-RNM-GCSBTPNM
01uWC000005wsmfYAA,01tWC00000DD21vYAD,GOA-GAM-RRM-GCSBTPRM
01uWC000005wsmgYAA,01tWC00000DCyxrYAD,SM-VMC-RRM-VMWIND
01uWC000005wsmhYAA,01tWC00000DCyxtYAD,SM-VMC-RNM-VWINDO
01uWC000005wsmiYAA,01tWC00000DCyxvYAD,SM-VMC-RRM-VMCWIS
01uWC000005wsmjYAA,01tWC00000DCyxxYAD,SM-VMC-RNM-VISEP
01uWC000005wsmkYAA,01tWC00000DCyxzYAD,SM-VMC-RRM-VMISPA
01uWC000005wsmlYAA,01tWC00000DCyy1YAD,SM-VMC-RNM-VMEM
01uWC000005wsmmYAA,01tWC00000DCyy3YAD,SM-VMC-RRM-VMMO
01uWC000005wsmnYAA,01tWC00000DCyy4YAD,SM-VMC-RNM-VMCMO
01uWC000005wsmoYAA,01tWC00000DCyy6YAD,SM-VMC-RRM-VMCMON
01uWC000005wsmpYAA,01tWC00000DCyyFYAT,FIM-FIM-RNM-VEMEDP
01uWC000005wsmqYAA,01tWC00000DCyyHYAT,FIM-FIM-RRM-VEMEVR
01uWC000005wsmrYAA,01tWC00000DCyyTYAT,BI-WB-RNM-WAREBN
01uWC000005wsmsYAA,01tWC00000DCyyVYAT,BI-WB-RRM-WAREBR
01uWC000005wsmtYAA,01tWC00000DCyyXYAT,BI-WM-RNM-WAREMN
01uWC000005wsmuYAA,01tWC00000DCyyZYAT,BI-WM-RRM-WAREMR
01uWC000005wsmvYAA,01tWC00000DCzhaYAD,BI-ISA-RRM-IASPRM
01uWC000005wsmwYAA,01tWC00000DCzhbYAD,BI-ISA-RNM-IASPNM
01uWC000005wsmxYAA,01tWC00000DD09LYAT,DM-DML-RRM-NATPRR
01uWC000005wsmyYAA,01tWC00000DD09MYAT,DM-DML-RNM-NATTRN
01uWC000005wsmzYAA,01tWC00000DD09OYAT,DM-DML-RRM-NATTRR
01uWC000005wsn0YAA,01tWC00000DD1pMYAT,FIM-TLC-RNM-TLCNDN
01uWC000005wsn1YAA,01tWC00000DD1pdYAD,FIM-TLC-RNM-TLCSDN
01uWC000005wsn2YAA,01tWC00000DD1pgYAD,FIM-TLC-RNM-TLCVEI
01uWC000005wsn3YAA,01tWC00000DD1piYAD,FIM-TLC-RRM-TRLCEV
01uWC000005wsn4YAA,01tWC00000DD1r7YAD,SM-VMC-RRM-VESM
01uWC000005wsn5YAA,01tWC00000DD1r9YAD,SM-VMC-RNM-VMCH
01uWC000005wsn6YAA,01tWC00000DD1rBYAT,SM-VMC-RRM-VHOM
01uWC000005wsn7YAA,01tWC00000DD1rDYAT,SM-VMC-RNM-VISM
01uWC000005wsn8YAA,01tWC00000DD1rFYAT,SM-VMC-RRM-VMCISE
01uWC000005wsn9YAA,01tWC00000DD1rHYAT,SM-VMC-RNM-VMIS
01uWC000005wsnAYAQ,01tWC00000DD1rJYAT,SM-VMC-RRM-VMISER
01uWC000005wsnBYAQ,01tWC00000DD1rLYAT,SM-VMC-RNM-VISER
01uWC000005wsnCYAQ,01tWC00000DD1rNYAT,SM-VMC-RRM-VMISP
01uWC000005wsnDYAQ,01tWC00000DD1rPYAT,SM-VMC-RNM-VMISS
01uWC000005wsnEYAQ,01tWC00000DD1rRYAT,SM-VMC-RRM-VMISES
01uWC000005wsnFYAQ,01tWC00000DD1rTYAT,SM-VMC-RNM-VISSQ
01uWC000005wsnGYAQ,01tWC00000DD1rVYAT,SM-VMC-RRM-VISSA
01uWC000005wsnHYAQ,01tWC00000DD1rXYAT,SM-VMC-RNM-VISSU
01uWC000005wsnIYAQ,01tWC00000DD220YAD,FIM-FIM-RNM-CSEENM
01uWC000005wsnJYAQ,01tWC00000DD221YAD,FIM-FIM-RRM-CSEERM
01uWC000005wsnKYAQ,01tWC00000DD222YAD,FIM-FIM-RRM-TTBELRM
01uWC000005wsnLYAQ,01tWC00000DD223YAD,FIM-FIM-RNM-TEFSENM
01uWC000005wsnMYAQ,01tWC00000DD224YAD,FIM-FIM-RRM-TEFSERM
01uWC000005wsnNYAQ,01tWC00000DD225YAD,FIM-FIM-RNM-TEVEENM
01uWC000005wsnOYAQ,01tWC00000DD23EYAT,SM-VMC-RRM-VOARM
01uWC000005wsnPYAQ,01tWC00000DD23FYAT,SM-VMC-RNM-VOANM
01uWC000005wsnQYAQ,01tWC00000DD23GYAT,CM-VCM-RRM-VSPRM
01uWC000005wsnRYAQ,01tWC00000DD23HYAT,CM-VCM-RNM-VSPNM
01uWC000005wsnSYAQ,01tWC00000DD09PYAT,DM-DML-RNM-NCNM
01uWC000005wsnTYAQ,01tWC00000DD09RYAT,DM-DML-RRM-NCRM
01uWC000005wsnUYAQ,01tWC00000DD09SYAT,DM-DML-RNM-NDIRCN
01uWC000005wsnVYAQ,01tWC00000DD09UYAT,DM-DML-RRM-NDIRCR
01uWC000005wsnWYAQ,01tWC00000DD09VYAT,DM-DML-RNM-NHPTCN
01uWC000005wsnXYAQ,01tWC00000DD09XYAT,DM-DML-RRM-NHPTCR
01uWC000005wsnYYAQ,01tWC00000DD09YYAT,DM-IBM-RNM-NPTPCL
01uWC000005wsnZYAQ,01tWC00000DD09aYAD,DM-IBM-RRM-NPTM
01uWC000005wsnaYAA,01tWC00000DD09bYAD,DM-DML-RNM-NTTCCN
01uWC000005wsnbYAA,01tWC00000DD09dYAD,DM-DML-RRM-NTTCCR
01uWC000005wsncYAA,01tWC00000DD09eYAD,DM-DML-RNM-NTTPCN
01uWC000005wsndYAA,01tWC00000DD09gYAD,DM-DML-RRM-NTTPCR
01uWC000005wsneYAA,01tWC00000DD10WYAT,DP-DLP-RRM-DGSRM
01uWC000005wsnfYAA,01tWC00000DD118YAD,DM-WCU-RRM-5250RE
01uWC000005wsngYAA,01tWC00000DD11FYAT,BI-ABS-RRM-ABSTRE
01uWC000005wsnhYAA,01tWC00000DD11MYAT,CM-TQO-RNM-AMEENM
01uWC000005wsniYAA,01tWC00000DD11OYAT,CM-TQO-RRM-AMEERM
01uWC000005wsnjYAA,01tWC00000DD11PYAT,CM-TQO-RNM-AMEPEN
01uWC000005wsnkYAA,01tWC00000DD11RYAT,CM-TQO-RRM-AMEPER
01uWC000005wsnlYAA,01tWC00000DD11bYAD,SM-AJS-RNM-AJSNM
01uWC000005wsnmYAA,01tWC00000DD11dYAD,SM-AJS-RRM-AJSRM
01uWC000005wsnnYAA,01tWC00000DD11fYAD,SM-ARS-RNM-ARSNM
01uWC000005wsnoYAA,01tWC00000DD11hYAD,SM-ARS-RRM-ARSRM
01uWC000005wsnpYAA,01tWC00000DD11jYAD,SM-ARS-RNM-ARSLNM
01uWC000005wsnqYAA,01tWC00000DD11lYAD,SM-ARS-RRM-ARSLRM
01uWC000005wsnrYAA,01tWC00000DD11tYAD,DM-IRC-RNM-AFPCNE
01uWC000005wsnsYAA,01tWC00000DD11vYAD,DM-IRC-RRM-AFPCRE
01uWC000005wsntYAA,01tWC00000DD121YAD,SM-NSS-RNM-AIXOPN
01uWC000005wsnuYAA,01tWC00000DD123YAD,SM-NSS-RRM-AIXOPR
01uWC000005wsnvYAA,01tWC00000DD125YAD,SM-PN-RNM-AIXSTD
01uWC000005wsnwYAA,01tWC00000DD127YAD,SM-PN-RRM-AIXSRM
01uWC000005wsnxYAA,01tWC00000DD128YAD,SM-AI-RNM-ALERNE
01uWC000005wsnyYAA,01tWC00000DD12AYAT,SM-AI-RRM-ALERRE
01uWC000005wsnzYAA,01tWC00000DD12CYAT,SM-VIT-RNM-ABPNM
01uWC000005wso0YAA,01tWC00000DD12EYAT,SM-VIT-RRM-ABPRM
01uWC000005wso1YAA,01tWC00000DD12GYAT,SM-VIT-RNM-ABANM
01uWC000005wso2YAA,01tWC00000DD12IYAT,SM-VIT-RRM-ABARM
01uWC000005wso3YAA,01tWC00000DD12KYAT,SM-VIT-RNM-ABCNM
01uWC000005wso4YAA,01tWC00000DD12MYAT,SM-VIT-RRM-ABCRM
01uWC000005wso5YAA,01tWC00000DD12OYAT,SM-VIT-RNM-ALIGNI
01uWC000005wso6YAA,01tWC00000DD12QYAT,SM-VIT-RRM-ABPM
01uWC000005wso7YAA,01tWC00000DD12SYAT,SM-VIT-RNM-ABSINM
01uWC000005wso8YAA,01tWC00000DD12UYAT,SM-VIT-RRM-ABSIRM
01uWC000005wso9YAA,01tWC00000DD12WYAT,SM-VIT-RNM-ACPNM
01uWC000005wsoAYAQ,01tWC00000DD12YYAT,SM-VIT-RRM-ACPRM
01uWC000005wsoBYAQ,01tWC00000DD12aYAD,SM-VIT-RNM-ACPM
01uWC000005wsoCYAQ,01tWC00000DD12cYAD,SM-VIT-RRM-ALRM
01uWC000005wsoDYAQ,01tWC00000DD12eYAD,SM-VIT-RNM-ACNM
01uWC000005wsoEYAQ,01tWC00000DD12gYAD,SM-VIT-RRM-ACRM
01uWC000005wsoFYAQ,01tWC00000DD12jYAD,SM-VIT-RNM-AENM
01uWC000005wsoGYAQ,01tWC00000DD12lYAD,SM-VIT-RRM-AERM
01uWC000005wsoHYAQ,01tWC00000DD12nYAD,SM-VIT-RNM-AESNM
01uWC000005wsoIYAQ,01tWC00000DD12pYAD,SM-VIT-RRM-AESRM
01uWC000005wsoJYAQ,01tWC00000DD12rYAD,SM-VIT-RNM-AISNM
01uWC000005wsoKYAQ,01tWC00000DD12tYAD,SM-VIT-RRM-AISRM
01uWC000005wsoLYAQ,01tWC00000DD12vYAD,SM-VIT-RNM-AOBSNM
01uWC000005wsoMYAQ,01tWC00000DD12xYAD,SM-VIT-RRM-AOBSRM
01uWC000005wsoNYAQ,01tWC00000DD12zYAD,SM-VIT-RNM-ATNM
01uWC000005wsoOYAQ,01tWC00000DD131YAD,SM-VIT-RRM-ATRM
01uWC000005wsoPYAQ,01tWC00000DD133YAD,SM-VIT-RNM-ATINM
01uWC000005wsoQYAQ,01tWC00000DD1wdYAD,DM-WEB-RRM-WDSLLR
01uWC000005wsoRYAQ,01tWC00000DD1weYAD,DM-DML-RNM-WDBINM
01uWC000005wsoSYAQ,01tWC00000DD1wgYAD,DM-DML-RRM-WDBIRM
01uWC000005wsoTYAQ,01tWC00000DD1wiYAD,DM-WEB-RNM-WDDMNM
01uWC000005wsoUYAQ,01tWC00000DD1wkYAD,DM-WEB-RRM-WDDMRM
01uWC000005wsoVYAQ,01tWC00000DD1wnYAD,DM-WFM-RNM-WFMNM
01uWC000005wsoWYAQ,01tWC00000DD1wpYAD,DM-WFM-RRM-WFMRM
01uWC000005wsoXYAQ,01tWC00000DD1wrYAD,DM-WEB-RNM-WDHNM
01uWC000005wsoYYAQ,01tWC00000DD1wtYAD,DM-WEB-RRM-WDHRM
01uWC000005wsoZYAQ,01tWC00000DD1wuYAD,DM-WEB-RNM-WDIMNM
01uWC000005wsoaYAA,01tWC00000DD1wwYAD,DM-WEB-RRM-WDIMRM
01uWC000005wsobYAA,01tWC00000DD1wyYAD,DM-WEB-RNM-WDLNM
01uWC000005wsocYAA,01tWC00000DD1x0YAD,DM-WEB-RRM-WDLRM
01uWC000005wsodYAA,01tWC00000DD1x1YAD,DM-DML-RNM-WDTCNM
01uWC000005wsoeYAA,01tWC00000DD1x3YAD,DM-DML-RRM-WDTCRM
01uWC000005wsofYAA,01tWC00000DD1x4YAD,DM-DML-RNM-WDISEN
01uWC000005wsogYAA,01tWC00000DD1x6YAD,DM-DML-RRM-WDISER
01uWC000005wsohYAA,01tWC00000DD1x7YAD,DM-WFM-RNM-WEBFNE
01uWC000005wsoiYAA,01tWC00000DD1x9YAD,DM-WFM-RRM-WEBFRE
01uWC000005wsojYAA,01tWC00000DD1xBYAT,DM-WFM-RNM-WEBFHN
01uWC000005wsokYAA,01tWC00000DD1xDYAT,DM-WFM-RRM-WEBFHR
01uWC000005wsolYAA,01tWC00000DD1xEYAT,DM-WFM-RNM-WEBFLN
01uWC000005wsomYAA,01tWC00000DD1xGYAT,DM-WFM-RRM-WEBFLR
01uWC000005wsonYAA,01tWC00000DD1xHYAT,DM-WFM-RNM-WEBFSM
01uWC000005wsooYAA,01tWC00000DD1xJYAT,DM-WFM-RRM-WEBFFA
01uWC000005wsopYAA,01tWC00000DD1xMYAT,DM-WS-RNM-WEBSNE
01uWC000005wsoqYAA,01tWC00000DD1xOYAT,DM-WS-RRM-WEBSRE
01uWC000005wsorYAA,01tWC00000DD1xQYAT,DM-WCU-RNM-WAINEW
01uWC000005wsosYAA,01tWC00000DD1xSYAT,DM-WCU-RRM-WAIREN
01uWC000005wsotYAA,01tWC00000DD1xUYAT,DM-DLN-RNM-WSNM
01uWC000005wsouYAA,01tWC00000DD1xWYAT,DM-DLN-RRM-WSRM
01uWC000005wsovYAA,01tWC00000DD1xYYAT,DM-DML-RNM-WSBRSN
01uWC000005wsowYAA,01tWC00000DD1xaYAD,DM-DML-RRM-WSBRSR
01uWC000005wsoxYAA,01tWC00000DD1xcYAD,DM-DML-RNM-WSERSN
01uWC000005wsoyYAA,01tWC00000DD1uIYAT,CM-TQU-RNM-UTQLOO
01uWC000005wsozYAA,01tWC00000DD1uKYAT,CM-TQU-RRM-UNTEAQ
01uWC000005wsp0YAA,01tWC00000DD1vSYAT,CM-TQU-RNM-UTEQSI
01uWC000005wsp1YAA,01tWC00000DD1vUYAT,CM-TQU-RRM-UTQSIO
01uWC000005wsp2YAA,01tWC00000DD1vWYAT,CM-TQU-RNM-UTQSMO
01uWC000005wsp3YAA,01tWC00000DD1vYYAT,CM-TQU-RRM-UNTQSM
01uWC000005wsp4YAA,01tWC00000DD1vaYAD,CM-TQU-RNM-UTQTLO
01uWC000005wsp5YAA,01tWC00000DD1vcYAD,CM-TQU-RRM-UNTQUT
01uWC000005wsp6YAA,01tWC00000DD1vfYAD,DP-DLP-RNM-UCNM
01uWC000005wsp7YAA,01tWC00000DD1vhYAD,DP-DLP-RRM-UCRM
01uWC000005wsp8YAA,01tWC00000DD1vmYAD,CS-DFT-RNM-UPMNM
01uWC000005wsp9YAA,01tWC00000DD1voYAD,CS-DFT-RRM-UPMRM
01uWC000005wspAYAQ,01tWC00000DD1vyYAD,SM-VMC-RNM-VISUAL
01uWC000005wspBYAQ,01tWC00000DD1w0YAD,SM-VMC-RRM-VCCM
01uWC000005wspCYAQ,01tWC00000DD1w2YAD,SM-VMC-RNM-VCJM
01uWC000005wspDYAQ,01tWC00000DD1w4YAD,SM-VMC-RRM-VICO
01uWC000005wspEYAQ,01tWC00000DD1w6YAD,SM-VMC-RNM-VCPM
01uWC000005wspFYAQ,01tWC00000DD1w8YAD,SM-VMC-RRM-VIRM
01uWC000005wspGYAQ,01tWC00000DD1wAYAT,SM-PN-RNM-VINM
01uWC000005wspHYAQ,01tWC00000DD1wCYAT,SM-PN-RRM-VISUAC
01uWC000005wspIYAQ,01tWC00000DD1wEYAT,SM-PN-RNM-VISUCO
01uWC000005wspJYAQ,01tWC00000DD1wGYAT,SM-PN-RRM-VISCON
01uWC000005wspKYAQ,01tWC00000DD1wIYAT,SM-VMC-RNM-VCLM
01uWC000005wspLYAQ,01tWC00000DD1wKYAT,SM-VMC-RRM-VICONT
01uWC000005wspMYAQ,01tWC00000DD1wMYAT,SM-VMC-RNM-VD5M
01uWC000005wspNYAQ,01tWC00000DD1wOYAT,SM-VMC-RRM-VIDE
01uWC000005wspOYAQ,01tWC00000DD1wQYAT,SM-VMC-RNM-VMCM
01uWC000005wspPYAQ,01tWC00000DD1wSYAT,SM-VMC-RRM-VIME
01uWC000005wspQYAQ,01tWC00000DD1wTYAT,BI-SQ-RNM-WEBESN
01uWC000005wspRYAQ,01tWC00000DD1wVYAT,BI-SQ-RRM-WEBESR
01uWC000005wspSYAQ,01tWC00000DD1wXYAT,DM-IRM-RNM-WEBRS4
01uWC000005wspTYAQ,01tWC00000DD1wZYAT,DM-IRM-RRM-WEBRES
01uWC000005wspUYAQ,01tWC00000DD1wbYAD,DM-WEB-RNM-WDSLLN
01uWC000005wspVYAQ,01tWC00000DD135YAD,SM-VIT-RRM-ATIRM
01uWC000005wspWYAQ,01tWC00000DD137YAD,SM-VIT-RNM-ALNM
01uWC000005wspXYAQ,01tWC00000DD139YAD,SM-VIT-RRM-ALIGCO
01uWC000005wspYYAQ,01tWC00000DD13DYAT,BI-AD-RRM-ANYDRE
01uWC000005wspZYAQ,01tWC00000DD13HYAT,CS-DFT-RNM-ASOCNM
01uWC000005wspaYAA,01tWC00000DD14ZYAT,RPA-AUT-RNM-APNM
01uWC000005wspbYAA,01tWC00000DD14bYAD,RPA-AUT-RRM-APRM
01uWC000005wspcYAA,01tWC00000DD14iYAD,RPA-AUD-RNM-AUPR
01uWC000005wspdYAA,01tWC00000DD14kYAD,RPA-AUD-RRM-AUTOMP
01uWC000005wspeYAA,01tWC00000DD14mYAD,RPA-AUD-RNM-APAPNM
01uWC000005wspfYAA,01tWC00000DD14oYAD,RPA-AUD-RRM-APAPRM
01uWC000005wspgYAA,01tWC00000DD14tYAD,RPA-AUD-RNM-AURU
01uWC000005wsphYAA,01tWC00000DD14vYAD,RPA-AUD-RRM-ARRM
01uWC000005wspiYAA,01tWC00000DD14yYAD,RPA-AUT-RNM-AUNM
01uWC000005wspjYAA,01tWC00000DD150YAD,RPA-AUT-RRM-AUUL
01uWC000005wspkYAA,01tWC00000DD156YAD,DM-WCU-RNM-BIUNM
01uWC000005wsplYAA,01tWC00000DD158YAD,DM-WCU-RRM-BIURM
01uWC000005wspmYAA,01tWC00000DD15AYAT,DM-IRM-RNM-BRSNM
01uWC000005wspnYAA,01tWC00000DD15CYAT,DM-IRM-RRM-BRSRM
01uWC000005wspoYAA,01tWC00000DD15MYAT,SM-SMB-RNM-BUNDLE
01uWC000005wsppYAA,01tWC00000DD15OYAT,SM-SMB-RRM-BMMM
01uWC000005wspqYAA,01tWC00000DD15WYAT,DP-DC-RNM-CADCNE
01uWC000005wsprYAA,01tWC00000DD15YYAT,DP-DC-RRM-CADCRE
01uWC000005wspsYAA,01tWC00000DD15aYAD,DP-DCL-RNM-CAPANE
01uWC000005wsptYAA,01tWC00000DD15cYAD,DP-DCL-RRM-CAPARE
01uWC000005wspuYAA,01tWC00000DD15fYAD,SM-PN-RNM-CPWPNN
01uWC000005wspvYAA,01tWC00000DD15hYAD,SM-PN-RRM-CPWPNR
01uWC000005wspwYAA,01tWC00000DD16AYAT,CM-TQO-RNM-CCML1P
01uWC000005wspxYAA,01tWC00000DD16CYAT,CM-TQO-RRM-CCMLE1
01uWC000005wspyYAA,01tWC00000DD16PYAT,FIM-FIM-RRM-CCMRFR
01uWC000005wspzYAA,01tWC00000DD16ZYAT,SM-ROT-RNM-CDBNEW
01uWC000005wsq0YAA,01tWC00000DD16bYAD,SM-ROT-RRM-CDBREN
01uWC000005wsq1YAA,01tWC00000DD16eYAD,SM-HCS-RNM-CGISNE
01uWC000005wsq2YAA,01tWC00000DD16gYAD,SM-HCS-RRM-CGISRE
01uWC000005wsq3YAA,01tWC00000DD16iYAD,BI-SDW-RNM-CDCMNM
01uWC000005wsq4YAA,01tWC00000DD16kYAD,BI-SDW-RRM-CDCMRM
01uWC000005wsq5YAA,01tWC00000DD16mYAD,BI-SDW-RNM-CMNM
01uWC000005wsq6YAA,01tWC00000DD16oYAD,BI-SDW-RRM-CHANGE
01uWC000005wsq7YAA,01tWC00000DD16sYAD,CM-TQO-RNM-CLAINE
01uWC000005wsq8YAA,01tWC00000DD16uYAD,CM-TQO-RRM-CLAIRE
01uWC000005wsq9YAA,01tWC00000DD16vYAD,DP-DC-RNM-CDNM
01uWC000005wsqAYAQ,01tWC00000DD16xYAD,DP-DC-RRM-CDRM
01uWC000005wsqBYAQ,01tWC00000DD16yYAD,DP-DC-RNM-CDMCCO
01uWC000005wsqCYAQ,01tWC00000DD170YAD,DP-DC-RRM-CDMM
01uWC000005wsqDYAQ,01tWC00000DD172YAD,DP-DC-RNM-CONM
01uWC000005wsqEYAQ,01tWC00000DD174YAD,DP-DC-RRM-CORM
01uWC000005wsqFYAQ,01tWC00000DD175YAD,DP-DC-RNM-COCDBN
01uWC000005wsqGYAQ,01tWC00000DD177YAD,DP-DC-RRM-COCDBR
01uWC000005wsqHYAQ,01tWC00000DD178YAD,DP-DC-RNM-COUMCU
01uWC000005wsqIYAQ,01tWC00000DD17AYAT,DP-DC-RRM-COUM
01uWC000005wsqJYAQ,01tWC00000DD17CYAT,DP-DC-RNM-CENM
01uWC000005wsqKYAQ,01tWC00000DD17EYAT,DP-DC-RRM-CERM
01uWC000005wsqLYAQ,01tWC00000DD17HYAT,DP-DC-RNM-CMANM
01uWC000005wsqMYAQ,01tWC00000DD17JYAT,DP-DC-RRM-CMARM
01uWC000005wsqNYAQ,01tWC00000DD17LYAT,DP-DC-RNM-CRNM
01uWC000005wsqOYAQ,01tWC00000DD17NYAT,DP-DC-RRM-CRRM
01uWC000005wsqPYAQ,01tWC00000DD1ByYAL,ES-SEG-RNM-DRMEGP
01uWC000005wsqQYAQ,01tWC00000DD1C0YAL,ES-SEG-RRM-DRMM
01uWC000005wsqRYAQ,01tWC00000DD1C6YAL,SM-DSM-RNM-DSMNEW
01uWC000005wsqSYAQ,01tWC00000DD1C8YAL,SM-DSM-RRM-DSMREN
01uWC000005wsqTYAQ,01tWC00000DD1CAYA1,DP-DLP-RNM-DLPNEW
01uWC000005wsqUYAQ,01tWC00000DD1CCYA1,DP-DLP-RRM-DLPREN
01uWC000005wsqVYAQ,01tWC00000DD1CUYA1,DM-DML-RNM-DMBNM
01uWC000005wsqWYAQ,01tWC00000DD1CWYA1,DM-DML-RRM-DMBRM
01uWC000005wsqXYAQ,01tWC00000DD1CXYA1,DM-DML-RNM-DMLPNM
01uWC000005wsqYYAQ,01tWC00000DD1CZYA1,DM-DML-RRM-DMLPRM
01uWC000005wsqZYAQ,01tWC00000DD1ChYAL,DM-WCU-RNM-DAACHF
01uWC000005wsqaYAA,01tWC00000DD1CjYAL,DM-WCU-RRM-DAAM
01uWC000005wsqbYAA,01tWC00000DD1CkYAL,DM-WCU-RNM-DAACLI
01uWC000005wsqcYAA,01tWC00000DD1CmYAL,DM-WCU-RRM-DORM
01uWC000005wsqdYAA,01tWC00000DD1CnYAL,DM-WCU-RNM-DACSLN
01uWC000005wsqeYAA,01tWC00000DD1CpYAL,DM-WCU-RRM-DACSLR
01uWC000005wsqfYAA,01tWC00000DD1CqYAL,DM-WCU-RNM-DAICHF
01uWC000005wsqgYAA,01tWC00000DD1CsYAL,DM-WCU-RRM-DAIM
01uWC000005wsqhYAA,01tWC00000DD1CtYAL,DM-WCU-RNM-DAICLI
01uWC000005wsqiYAA,01tWC00000DD1CvYAL,DM-WCU-RRM-DOCA
01uWC000005wsqjYAA,01tWC00000DD1CwYAL,DM-WCU-RNM-DAOCNM
01uWC000005wsqkYAA,01tWC00000DD1CyYAL,DM-WCU-RRM-DAOCRM
01uWC000005wsqlYAA,01tWC00000DD1CzYAL,DM-WCU-RNM-DAANM
01uWC000005wsqmYAA,01tWC00000DD1D1YAL,DM-WCU-RRM-DAARM
01uWC000005wsqnYAA,01tWC00000DD1D4YAL,SM-SYM-RNM-DMSNM
01uWC000005wsqoYAA,01tWC00000DD1D6YAL,SM-SYM-RRM-DMSRM
01uWC000005wsqpYAA,01tWC00000DD1D8YAL,ES-SEG-RNM-DSSEGN
01uWC000005wsqqYAA,01tWC00000DD1DAYA1,ES-SEG-RRM-DSSEGR
01uWC000005wsqrYAA,01tWC00000DD1DCYA1,ES-SXG-RNM-DSSM
01uWC000005wsqsYAA,01tWC00000DD1DEYA1,ES-SXG-RRM-DOSA
01uWC000005wsqtYAA,01tWC00000DD1DGYA1,ES-SIG-RNM-DSSIGN
01uWC000005wsquYAA,01tWC00000DD1DIYA1,ES-SIG-RRM-DSSIGR
01uWC000005wsqvYAA,01tWC00000DD1DKYA1,ES-SIG-RNM-DONM
01uWC000005wsqwYAA,01tWC00000DD1DLYA1,ES-SIG-RRM-DOCUMS
01uWC000005wsqxYAA,01tWC00000DD1DMYA1,ES-SWG-RNM-DSSWGN
01uWC000005wsqyYAA,01tWC00000DD1DOYA1,ES-SWG-RRM-DSSWGR
01uWC000005wsqzYAA,01tWC00000DD1DRYA1,DM-IRM-RNM-DRSNEW
01uWC000005wsr0YAA,01tWC00000DD1DTYA1,DM-IRM-RRM-DRSREN
01uWC000005wsr1YAA,01tWC00000DD1DVYA1,DM-DML-RNM-DCBBNE
01uWC000005wsr2YAA,01tWC00000DD1DXYA1,DM-DML-RRM-DCBBRE
01uWC000005wsr3YAA,01tWC00000DD1DcYAL,DP-DCL-RNM-DRAFNE
01uWC000005wsr4YAA,01tWC00000DD1DeYAL,DP-DCL-RRM-DRAFRE
01uWC000005wsr5YAA,01tWC00000DD1DgYAL,DP-DLP-RNM-DVCNEW
01uWC000005wsr6YAA,01tWC00000DD1DiYAL,DP-DLP-RRM-DVCREN
01uWC000005wsr7YAA,01tWC00000DD1DkYAL,DP-DCL-RNM-ETRANE
01uWC000005wsr8YAA,01tWC00000DD1DmYAL,DP-DCL-RRM-ETRARE
01uWC000005wsr9YAA,01tWC00000DD1DnYAL,SM-EV-RNM-EASYNE
01uWC000005wsrAYAQ,01tWC00000DD1DpYAL,SM-EV-RRM-EASYRE
01uWC000005wsrBYAQ,01tWC00000DD1ZpYAL,SM-SYM-RRM-ROBTRA
01uWC000005wsrCYAQ,01tWC00000DD1ZrYAL,SM-SYM-RNM-RUNM
01uWC000005wsrDYAQ,01tWC00000DD1a2YAD,FIM-FIM-RRM-PMPM
01uWC000005wsrEYAQ,01tWC00000DD1a7YAD,FIM-FIM-RRM-PMPSRM
01uWC000005wsrFYAQ,01tWC00000DD1aEYAT,DM-EU-RNM-POP4NE
01uWC000005wsrGYAQ,01tWC00000DD1aGYAT,DM-EU-RRM-POP4RE
01uWC000005wsrHYAQ,01tWC00000DD1aIYAT,DP-DC-RNM-PCANEW
01uWC000005wsrIYAQ,01tWC00000DD1aKYAT,DP-DC-RRM-PCAREN
01uWC000005wsrJYAQ,01tWC00000DD1aLYAT,CS-DFT-RNM-PUPNEW
01uWC000005wsrKYAQ,01tWC00000DD1aNYAT,CS-DFT-RRM-PUPREN
01uWC000005wsrLYAQ,01tWC00000DD1aPYAT,CS-PTA-RNM-PALANM
01uWC000005wsrMYAQ,01tWC00000DD1aRYAT,CS-PTA-RRM-PALARM
01uWC000005wsrNYAQ,01tWC00000DD1aTYAT,CS-PTA-RNM-PASNM
01uWC000005wsrOYAQ,01tWC00000DD1aVYAT,CS-PTA-RRM-PASRM
01uWC000005wsrPYAQ,01tWC00000DD1aXYAT,CS-PTA-RNM-PAXLNM
01uWC000005wsrQYAQ,01tWC00000DD1aZYAT,CS-PTA-RRM-PAXLRM
01uWC000005wsrRYAQ,01tWC00000DD1abYAD,CS-PTA-RNM-PAIIDN
01uWC000005wsrSYAQ,01tWC00000DD1adYAD,CS-PTA-RRM-PAIIDR
01uWC000005wsrTYAQ,01tWC00000DD1afYAD,CS-PTA-RNM-PAIINM
01uWC000005wsrUYAQ,01tWC00000DD1ahYAD,CS-PTA-RRM-PAIIRM
01uWC000005wsrVYAQ,01tWC00000DD1alYAD,CS-PAB-RNM-PABIIN
01uWC000005wsrWYAQ,01tWC00000DD1anYAD,CS-PAB-RRM-PABIIR
01uWC000005wsrXYAQ,01tWC00000DD1apYAD,CS-CLP-RNM-PTCANM
01uWC000005wsrYYAQ,01tWC00000DD1arYAD,CS-CLP-RRM-PTCARM
01uWC000005wsrZYAQ,01tWC00000DD17uYAD,DM-DML-RRM-CIBRM
01uWC000005wsraYAA,01tWC00000DD18FYAT,IGA-AAS-RNM-CANM
01uWC000005wsrbYAA,01tWC00000DD18HYAT,IGA-AAS-RRM-CARM
01uWC000005wsrcYAA,01tWC00000DD18JYAT,IGA-AAS-RNM-CAASNM
01uWC000005wsrdYAA,01tWC00000DD18LYAT,IGA-AAS-RRM-CAASRM
01uWC000005wsreYAA,01tWC00000DD18NYAT,IGA-CAI-RNM-CAINM
01uWC000005wsrfYAA,01tWC00000DD18PYAT,IGA-CAI-RRM-CAIRM
01uWC000005wsrgYAA,01tWC00000DD18QYAT,IGA-VIS-RNM-CCNM
01uWC000005wsrhYAA,01tWC00000DD18SYAT,IGA-VIS-RRM-CCRM
01uWC000005wsriYAA,01tWC00000DD18TYAT,IGA-AAS-RNM-CORE
01uWC000005wsrjYAA,01tWC00000DD18VYAT,IGA-AAS-RRM-COREC
01uWC000005wsrkYAA,01tWC00000DD18XYAT,IGA-AAS-RNM-CCFRNM
01uWC000005wsrlYAA,01tWC00000DD18ZYAT,IGA-AAS-RRM-CCFRRM
01uWC000005wsrmYAA,01tWC00000DD18bYAD,IGA-AAS-RNM-CCLNM
01uWC000005wsrnYAA,01tWC00000DD18dYAD,IGA-AAS-RRM-CCLRM
01uWC000005wsroYAA,01tWC00000DD18pYAD,OS-CI-RNM-COIM
01uWC000005wsrpYAA,01tWC00000DD18rYAD,OS-CI-RRM-COREI
01uWC000005wsrqYAA,01tWC00000DD18sYAD,IGA-AAS-RNM-CPNM
01uWC000005wsrrYAA,01tWC00000DD18uYAD,IGA-AAS-RRM-CPRM
01uWC000005wsrsYAA,01tWC00000DD18wYAD,IGA-AAS-RNM-COPR
01uWC000005wsrtYAA,01tWC00000DD18yYAD,IGA-AAS-RRM-COREP
01uWC000005wsruYAA,01tWC00000DD190YAD,IGA-VIS-RNM-CRDNM
01uWC000005wsrvYAA,01tWC00000DD192YAD,IGA-VIS-RRM-CRDRM
01uWC000005wsrwYAA,01tWC00000DD196YAD,SM-HCS-RNM-COSTNE
01uWC000005wsrxYAA,01tWC00000DD198YAD,SM-HCS-RRM-COSTRE
01uWC000005wsryYAA,01tWC00000DD19EYAT,DM-IRC-RNM-CSVCNE
01uWC000005wsrzYAA,01tWC00000DD1QHYA1,SM-RLP-RRM-LPARRE
01uWC000005wss0YAA,01tWC00000DD1QJYA1,SM-LMM-RNM-LMMSNE
01uWC000005wss1YAA,01tWC00000DD1QLYA1,SM-LMM-RRM-LMMSRE
01uWC000005wss2YAA,01tWC00000DD1QNYA1,SM-LSO-RNM-LSOSNE
01uWC000005wss3YAA,01tWC00000DD1QPYA1,SM-LSO-RRM-LSOSRE
01uWC000005wss4YAA,01tWC00000DD1QRYA1,SM-LAA-RNM-LAASNE
01uWC000005wss5YAA,01tWC00000DD1QTYA1,SM-LAA-RRM-LAASRE
01uWC000005wss6YAA,01tWC00000DD1QVYA1,SM-LOC-RNM-LOCSNE
01uWC000005wss7YAA,01tWC00000DD1QXYA1,SM-LOC-RRM-LOCSRE
01uWC000005wss8YAA,01tWC00000DD1QZYA1,DP-DC-RNM-MACCNE
01uWC000005wss9YAA,01tWC00000DD1QbYAL,DP-DC-RRM-MACCRE
01uWC000005wssAYAQ,01tWC00000DD1QjYAL,SM-PN-RNM-MCPRNE
01uWC000005wssBYAQ,01tWC00000DD1QlYAL,SM-PN-RRM-MCPRRE
01uWC000005wssCYAQ,01tWC00000DD1QmYAL,CS-DFT-RNM-MAPNEW
01uWC000005wssDYAQ,01tWC00000DD1QoYAL,CS-DFT-RRM-MAPREN
01uWC000005wssEYAQ,01tWC00000DD1QqYAL,DP-DC-RNM-MCNM
01uWC000005wssFYAQ,01tWC00000DD1QsYAL,DP-DC-RRM-MCRM
01uWC000005wssGYAQ,01tWC00000DD1QtYAL,DP-DC-RNM-MCCOCD
01uWC000005wssHYAQ,01tWC00000DD1QwYAL,DP-DC-RRM-MCCM
01uWC000005wssIYAQ,01tWC00000DD1QxYAL,DP-DC-RNM-MCCOEB
01uWC000005wssJYAQ,01tWC00000DD1QzYAL,DP-DC-RRM-MECL
01uWC000005wssKYAQ,01tWC00000DD1R0YAL,SM-SYM-RNM-MECO
01uWC000005wssLYAQ,01tWC00000DD1R2YAL,SM-SYM-RRM-MERM
01uWC000005wssMYAQ,01tWC00000DD1R4YAL,SM-SYM-RNM-MMNM
01uWC000005wssNYAQ,01tWC00000DD1R6YAL,SM-SYM-RRM-MMRM
01uWC000005wssOYAQ,01tWC00000DD1R8YAL,SM-MES-RNM-MESSNE
01uWC000005wssPYAQ,01tWC00000DD1RAYA1,SM-MES-RRM-MESSRE
01uWC000005wssQYAQ,01tWC00000DD1RCYA1,SM-MP-RNM-MPNM
01uWC000005wssRYAQ,01tWC00000DD1REYA1,SM-MP-RRM-MPRM
01uWC000005wssSYAQ,01tWC00000DD1RGYA1,CM-TQO-RNM-MCPANE
01uWC000005wssTYAQ,01tWC00000DD1RIYA1,CM-TQO-RRM-MCPARE
01uWC000005wssUYAQ,01tWC00000DD1RKYA1,DM-DML-RNM-MOAINE
01uWC000005wssVYAQ,01tWC00000DD1RMYA1,DM-DML-RRM-MOAIRE
01uWC000005wssWYAQ,01tWC00000DD1RNYA1,SM-HCS-RNM-MIZUNE
01uWC000005wssXYAQ,01tWC00000DD1c8YAD,CS-PPS-RRM-PPSM
01uWC000005wssYYAQ,01tWC00000DD1cAYAT,CS-PPM-RNM-PPMIIN
01uWC000005wssZYAQ,01tWC00000DD1cCYAT,CS-PPM-RRM-PPMIIR
01uWC000005wssaYAA,01tWC00000DD1cEYAT,CS-PRA-RNM-PRAIIN
01uWC000005wssbYAA,01tWC00000DD1cGYAT,CS-PRA-RRM-PRAIIR
01uWC000005wsscYAA,01tWC00000DD1cIYAT,CS-RSA-RNM-PRSIAI
01uWC000005wssdYAA,01tWC00000DD1cKYAT,CS-RSA-RRM-PRSM
01uWC000005wsseYAA,01tWC00000DD1cMYAT,CS-PSA-RNM-PSANM
01uWC000005wssfYAA,01tWC00000DD1cOYAT,CS-PSA-RRM-PSARM
01uWC000005wssgYAA,01tWC00000DD1cTYAT,CS-PSI-RNM-PSAIIN
01uWC000005wsshYAA,01tWC00000DD1cVYAT,CS-PSI-RRM-PSAIIR
01uWC000005wssiYAA,01tWC00000DD1cZYAT,SM-PN-RNM-POWENE
01uWC000005wssjYAA,01tWC00000DD1cbYAD,SM-PN-RRM-POWERM
01uWC000005wsskYAA,01tWC00000DD1ckYAD,BI-SQ-RNM-PRODNE
01uWC000005wsslYAA,01tWC00000DD1cmYAD,BI-SQ-RRM-PRODRE
01uWC000005wssmYAA,01tWC00000DD1d7YAD,SM-SYM-RRM-RURM
01uWC000005wssnYAA,01tWC00000DD1dBYAT,BI-SDW-RNM-RELNM
01uWC000005wssoYAA,01tWC00000DD1dDYAT,BI-SDW-RRM-RELRM
01uWC000005wsspYAA,01tWC00000DD1dEYAT,BI-SDW-RNM-RRLNM
01uWC000005wssqYAA,01tWC00000DD1dGYAT,BI-SDW-RRM-RRLRM
01uWC000005wssrYAA,01tWC00000DD1dHYAT,IGA-AAS-RNM-ROLENE
01uWC000005wsssYAA,01tWC00000DD1dJYAT,IGA-AAS-RRM-ROLERE
01uWC000005wsstYAA,01tWC00000DD1dKYAT,DM-RPG-RNM-RPGTNE
01uWC000005wssuYAA,01tWC00000DD1dMYAT,DM-RPG-RRM-RPGTRE
01uWC000005wssvYAA,01tWC00000DD1dOYAT,DM-IBM-RNM-RPG2NE
01uWC000005wsswYAA,01tWC00000DD1dQYAT,DM-IBM-RRM-RPG2RE
01uWC000005wssxYAA,01tWC00000DD1dSYAT,DM-IRC-RNM-RTFRNE
01uWC000005wssyYAA,01tWC00000DD1dUYAT,DM-IRC-RRM-RTFRRE
01uWC000005wsszYAA,01tWC00000DD1dXYAT,DP-DCL-RNM-SAFENE
01uWC000005wst0YAA,01tWC00000DD1dZYAT,DP-DCL-RRM-SAFERE
01uWC000005wst1YAA,01tWC00000DD1daYAD,CS-SPS-RNM-SPSHNM
01uWC000005wst2YAA,01tWC00000DD20MYAT,DP-DC-RNM-CDMEBNM
01uWC000005wst3YAA,01tWC00000DD20NYAT,DP-DC-RRM-CDMEBRM
01uWC000005wst4YAA,01tWC00000DD20OYAT,DP-DC-RRM-COUMCBRM
01uWC000005wst5YAA,01tWC00000DD20PYAT,DP-DC-RNM-COUMCBNM
01uWC000005wst6YAA,01tWC00000DD20UYAT,DP-DC-RRM-MCCDBERM
01uWC000005wst7YAA,01tWC00000DD20VYAT,DP-DC-RNM-MCCDBENM
01uWC000005wst8YAA,01tWC00000DD20WYAT,DP-DC-RRM-MCCDBSRM
01uWC000005wst9YAA,01tWC00000DD20XYAT,DP-DC-RNM-MCCDBSNM
01uWC000005wstAYAQ,01tWC00000DD20YYAT,FIM-FIM-RNM-DP7NM
01uWC000005wstBYAQ,01tWC00000DD20ZYAT,FIM-FIM-RRM-DEERM
01uWC000005wsunYAA,01tWC00000DD20aYAD,FIM-FIM-RNM-DEENM
01uWC000005wsuoYAA,01tWC00000DD20bYAD,FIM-FIM-RRM-IERM
01uWC000005wsupYAA,01tWC00000DD20cYAD,FIM-FIM-RNM-IENM
01uWC000005wsuqYAA,01tWC00000DD20dYAD,FIM-FIM-RRM-TECMBERM
01uWC000005wsurYAA,01tWC00000DD20eYAD,FIM-FIM-RNM-TECMBENM
01uWC000005wsusYAA,01tWC00000DD20fYAD,FIM-FIM-RRM-TEDEVRM
01uWC000005wsutYAA,01tWC00000DD20gYAD,FIM-FIM-RNM-TEDEVNM
01uWC000005wsuuYAA,01tWC00000DD20hYAD,FIM-FIM-RRM-TEDSERM
01uWC000005wsuvYAA,01tWC00000DD20iYAD,FIM-FIM-RNM-TEDSENM
01uWC000005wsuwYAA,01tWC00000DD20jYAD,FIM-FIM-RRM-TEDERM
01uWC000005wsuxYAA,01tWC00000DD20kYAD,FIM-FIM-RNM-TEDENM
01uWC000005wsuyYAA,01tWC00000DD20lYAD,FIM-FIM-RNM-TEIDNM
01uWC000005wsuzYAA,01tWC00000DD20mYAD,FIM-FIM-RRM-TENDERM
01uWC000005wsv0YAA,01tWC00000DD20nYAD,FIM-FIM-RNM-TENDENM
01uWC000005wsv1YAA,01tWC00000DD20oYAD,FIM-FIM-RRM-TETRM
01uWC000005wsv2YAA,01tWC00000DD20pYAD,FIM-FIM-RNM-TETNM
01uWC000005wsv3YAA,01tWC00000DD20yYAD,DP-DC-RRM-TCSIICRM
01uWC000005wsv4YAA,01tWC00000DD20zYAD,DP-DC-RNM-TCSIICNM
01uWC000005wsv5YAA,01tWC00000DD1klYAD,BI-CRO-RNM-SCRNM
01uWC000005wsv6YAA,01tWC00000DD1knYAD,BI-CRO-RRM-SCRRM
01uWC000005wsv7YAA,01tWC00000DD1kpYAD,BI-QRW-RNM-SREPNM
01uWC000005wsv8YAA,01tWC00000DD1krYAD,BI-QRW-RRM-SREPRM
01uWC000005wsv9YAA,01tWC00000DD1kxYAD,DM-SH-RNM-SIGNNE
01uWC000005wsvAYAQ,01tWC00000DD1kzYAD,DM-SH-RRM-SIGNRE
01uWC000005wsvBYAQ,01tWC00000DD1l1YAD,DM-SH-RNM-SIGNLN
01uWC000005wsvCYAQ,01tWC00000DD1l3YAD,DM-SH-RRM-SIGNLR
01uWC000005wsvDYAQ,01tWC00000DD1lAYAT,DM-EU-RNM-SMTPNE
01uWC000005wsvEYAQ,01tWC00000DD1lCYAT,DM-EU-RRM-SMTPRE
01uWC000005wsvFYAQ,01tWC00000DD1lEYAT,SM-SNP-RNM-SNAPNE
01uWC000005wsvGYAQ,01tWC00000DD1lGYAT,SM-SNP-RRM-SNAPRE
01uWC000005wsvHYAQ,01tWC00000DD1lPYAT,DM-DML-RNM-SOFTNE
01uWC000005wsvIYAQ,01tWC00000DD1lRYAT,DM-DML-RRM-SOFTRE
01uWC000005wsvJYAQ,01tWC00000DD1lSYAT,SM-SFM-RNM-SFMNM
01uWC000005wsvKYAQ,01tWC00000DD1lUYAT,SM-SFM-RRM-SFMRM
01uWC000005wsvLYAQ,01tWC00000DD1lWYAT,SM-SFM-RNM-SFMDNM
01uWC000005wsvMYAQ,01tWC00000DD1lYYAT,SM-SFM-RRM-SFMDRM
01uWC000005wsvNYAQ,01tWC00000DD1laYAD,DM-DML-RNM-SCBNEW
01uWC000005wsvOYAQ,01tWC00000DD1lcYAD,DM-DML-RRM-SCBREN
01uWC000005wsvPYAQ,01tWC00000DD1leYAD,IGA-AAS-RNM-SCCIPN
01uWC000005wsvQYAQ,01tWC00000DD1lgYAD,IGA-AAS-RRM-SCCIPR
01uWC000005wsvRYAQ,01tWC00000DD1liYAD,IGA-AAS-RNM-SCCSDN
01uWC000005wsvSYAQ,01tWC00000DD1lkYAD,IGA-AAS-RRM-SCCSDR
01uWC000005wsvTYAQ,01tWC00000DD1loYAD,ES-SEG-RNM-SSSEGN
01uWC000005wsvUYAQ,01tWC00000DD1lqYAD,ES-SEG-RRM-SSSEGR
01uWC000005wsvVYAQ,01tWC00000DD1lsYAD,ES-SXG-RNM-SSSEXC
01uWC000005wsvWYAQ,01tWC00000DD1luYAD,ES-SXG-RRM-SSSEXR
01uWC000005wsvXYAQ,01tWC00000DD1lwYAD,ES-SIG-RNM-SSSICA
01uWC000005wsvYYAQ,01tWC00000DD1lyYAD,ES-SIG-RRM-SSSIGR
01uWC000005wsvZYAQ,01tWC00000DD1m0YAD,ES-SIG-RNM-SSSICG
01uWC000005wsvaYAA,01tWC00000DD1m1YAD,ES-SIG-RRM-SSSICR
01uWC000005wsvbYAA,01tWC00000DD19GYAT,DM-IRC-RRM-CSVCRE
01uWC000005wsvcYAA,01tWC00000DD19LYAT,DM-DML-RNM-CUSTNE
01uWC000005wsvdYAA,01tWC00000DD19NYAT,DM-DML-RRM-CUSTRE
01uWC000005wsveYAA,01tWC00000DD19YYAT,BI-SDW-RNM-DANM
01uWC000005wsvfYAA,01tWC00000DD19aYAD,BI-SDW-RRM-DARM
01uWC000005wsvgYAA,01tWC00000DD19cYAD,DP-DC-RNM-DCNM
01uWC000005wsvhYAA,01tWC00000DD19eYAD,DP-DC-RRM-DCRM
01uWC000005wsviYAA,01tWC00000DD19iYAD,DM-EU-RNM-DE4LNM
01uWC000005wsvjYAA,01tWC00000DD19kYAD,DM-EU-RRM-DE4LRM
01uWC000005wsvkYAA,01tWC00000DD1B0YAL,DM-DOE-RNM-DTBNEW
01uWC000005wsvlYAA,01tWC00000DD1B2YAL,DM-DOE-RRM-DTBREN
01uWC000005wsvmYAA,01tWC00000DD1B3YAL,DM-DLN-RNM-DELILN
01uWC000005wsvnYAA,01tWC00000DD1B5YAL,DM-DLN-RRM-DELILR
01uWC000005wsvoYAA,01tWC00000DD1B6YAL,DM-DLN-RNM-DELINE
01uWC000005wsvpYAA,01tWC00000DD1B8YAL,DM-DLN-RRM-DELIRE
01uWC000005wsvqYAA,01tWC00000DD1BDYA1,BI-DB-RNM-DEPLNE
01uWC000005wsvrYAA,01tWC00000DD1BFYA1,BI-DB-RRM-DEPLRE
01uWC000005wsvsYAA,01tWC00000DD1BIYA1,CS-DFT-RNM-DETENE
01uWC000005wsvtYAA,01tWC00000DD1BKYA1,CS-DFT-RRM-DETERE
01uWC000005wsvuYAA,01tWC00000DD1BZYA1,FIM-FIM-RNM-DPENTU
01uWC000005wsvvYAA,01tWC00000DD1BhYAL,DP-DLP-RNM-DGDMCN
01uWC000005wsvwYAA,01tWC00000DD1BjYAL,DP-DLP-RRM-DGDMCR
01uWC000005wsvxYAA,01tWC00000DD1BpYAL,DP-DLP-RNM-DGDVMN
01uWC000005wsvyYAA,01tWC00000DD1BrYAL,DP-DLP-RRM-DGDVMR
01uWC000005wsvzYAA,01tWC00000DD1BuYAL,DP-DLP-RNM-DGPNM
01uWC000005wsw0YAA,01tWC00000DD1BwYAL,DP-DLP-RRM-DGPRM
01uWC000005wsw1YAA,01tWC00000DD1y2YAD,DM-DML-RRM-WSWRSR
01uWC000005wsw2YAA,01tWC00000DD1y3YAD,DM-DML-RNM-WINVNE
01uWC000005wsw3YAA,01tWC00000DD1y5YAD,DM-DML-RRM-WINVRE
01uWC000005wsw4YAA,01tWC00000DD210YAD,FIM-FIM-RRM-CCMEVRM
01uWC000005wsw5YAA,01tWC00000DD211YAD,FIM-FIM-RNM-CCMEVNM
01uWC000005wsw6YAA,01tWC00000DD212YAD,FIM-FIM-RRM-FERM
01uWC000005wsw7YAA,01tWC00000DD213YAD,FIM-FIM-RNM-FENM
01uWC000005wsw8YAA,01tWC00000DD214YAD,FIM-FIM-RNM-TCLNM
01uWC000005wsw9YAA,01tWC00000DD215YAD,FIM-FIM-RRM-TIARM
01uWC000005wswAYAQ,01tWC00000DD216YAD,FIM-FIM-RNM-TIANM
01uWC000005wswBYAQ,01tWC00000DD1sjYAD,SM-VMC-RRM-VVMM
01uWC000005wswCYAQ,01tWC00000DD217YAD,FIM-FIM-RRM-TMERM
01uWC000005wswDYAQ,01tWC00000DD218YAD,FIM-FIM-RNM-TMENM
01uWC000005wswEYAQ,01tWC00000DD219YAD,FIM-FML-RRM-TSSLRM
01uWC000005wswFYAQ,01tWC00000DD21AYAT,FIM-FML-RNM-TSSLNM
01uWC000005wswGYAQ,01tWC00000DD21BYAT,FIM-FML-RRM-TSAURM
01uWC000005wswHYAQ,01tWC00000DD21CYAT,FIM-FML-RNM-TSAUNM
01uWC000005wswIYAQ,01tWC00000DD21DYAT,FIM-TLC-RRM-TLCERM
01uWC000005wswJYAQ,01tWC00000DD21EYAT,FIM-TLC-RNM-TLCENM
01uWC000005wswKYAQ,01tWC00000DD21FYAT,FIM-TLC-RRM-TLCDERM
01uWC000005wswLYAQ,01tWC00000DD21GYAT,FIM-TLC-RNM-TLCDENM
01uWC000005wswMYAQ,01tWC00000DD21HYAT,FIM-TLC-RRM-TLCFSERM
01uWC000005wswNYAQ,01tWC00000DD21IYAT,FIM-TLC-RNM-TLCFSENM
01uWC000005wswOYAQ,01tWC00000DD1slYAD,SM-VMC-RNM-VMVI
01uWC000005wswPYAQ,01tWC00000DD1snYAD,SM-VMC-RRM-VMCVI
01uWC000005wswQYAQ,01tWC00000DD1spYAD,SM-VMC-RNM-VVOM
01uWC000005wswRYAQ,01tWC00000DD1srYAD,SM-VMC-RRM-VMVM
01uWC000005wswSYAQ,01tWC00000DD1stYAD,SM-VMC-RNM-VVSM
01uWC000005wswTYAQ,01tWC00000DD1svYAD,SM-VMC-RRM-VMCVM
01uWC000005wswUYAQ,01tWC00000DD1sxYAD,SM-VMC-RNM-VMCW
01uWC000005wswVYAQ,01tWC00000DD1szYAD,SM-VMC-RRM-VWAM
01uWC000005wswWYAQ,01tWC00000DD1t1YAD,SM-VMC-RNM-VWSM
01uWC000005wswXYAQ,01tWC00000DD1u8YAD,CM-TQU-RNM-UTQHMO
01uWC000005wswYYAQ,01tWC00000DD1uAYAT,CM-TQU-RRM-UNITEA
01uWC000005wswZYAQ,01tWC00000DD1uDYAT,CM-TQU-RNM-UTQIOO
01uWC000005wswaYAA,01tWC00000DD1uFYAT,CM-TQU-RRM-UNISTQ
01uWC000005wswbYAA,01tWC00000DD1xeYAD,DM-DML-RRM-WSERSR
01uWC000005wswcYAA,01tWC00000DD1xfYAD,DM-DML-RNM-WSFRSN
01uWC000005wswdYAA,01tWC00000DD1xhYAD,DM-DML-RRM-WSFRSR
01uWC000005wsweYAA,01tWC00000DD1xiYAD,DM-DML-RNM-WSHRCN
01uWC000005wswfYAA,01tWC00000DD1xkYAD,DM-DML-RRM-WSHRCR
01uWC000005wswgYAA,01tWC00000DD1xlYAD,DM-DML-RNM-WSLNRS
01uWC000005wswhYAA,01tWC00000DD1xnYAD,DM-DML-RRM-WSLM
01uWC000005wswiYAA,01tWC00000DD1xoYAD,DM-DML-RNM-WSPTPC
01uWC000005wswjYAA,01tWC00000DD1xqYAD,DM-DML-RRM-WSPM
01uWC000005wswkYAA,01tWC00000DD1xrYAD,DM-DML-RNM-WSPRCN
01uWC000005wswlYAA,01tWC00000DD1xtYAD,DM-DML-RRM-WSPRCR
01uWC000005wswmYAA,01tWC00000DD1xuYAD,DM-DML-RNM-WSPNM
01uWC000005wswnYAA,01tWC00000DD1xwYAD,DM-DML-RRM-WSPRM
01uWC000005wswoYAA,01tWC00000DD1xxYAD,DM-DML-RNM-WSRRCN
01uWC000005wswpYAA,01tWC00000DD1xzYAD,DM-DML-RRM-WSRRCR
01uWC000005wswqYAA,01tWC00000DD1y0YAD,DM-DML-RNM-WSWRSN
01uWC000005wswrYAA,01tWC00000DD1HTYA1,DM-IRM-RNM-ENFA
01uWC000005wswsYAA,01tWC00000DD1HVYA1,DM-IRM-RRM-ENTERF
01uWC000005wswtYAA,01tWC00000DD1HaYAL,DM-EW-RNM-EWLNM
01uWC000005wswuYAA,01tWC00000DD1HcYAL,DM-EW-RRM-EWLRM
01uWC000005wswvYAA,01tWC00000DD1HdYAL,DM-EW-RNM-EWLLNM
01uWC000005wswwYAA,01tWC00000DD1HfYAL,DM-EW-RRM-EWLLRM
01uWC000005wswxYAA,01tWC00000DD1HgYAL,BI-ESN-RNM-ESENNE
01uWC000005wswyYAA,01tWC00000DD1HiYAL,BI-ESN-RRM-ESENRE
01uWC000005wswzYAA,01tWC00000DD1HmYAL,DP-DCL-RNM-EXCHNM
01uWC000005wsx0YAA,01tWC00000DD1HoYAL,DP-DCL-RRM-EXCHFA
01uWC000005wsx1YAA,01tWC00000DD1HpYAL,DP-DC-RNM-EXCHCN
01uWC000005wsx2YAA,01tWC00000DD1HrYAL,DP-DC-RRM-EXCHCR
01uWC000005wsx3YAA,01tWC00000DD1HsYAL,FIM-FIM-RNM-FIMDNM
01uWC000005wsx4YAA,01tWC00000DD1HuYAL,FIM-FIM-RRM-FIMDRM
01uWC000005wsx5YAA,01tWC00000DD1I0YAL,FIM-FIM-RNM-FIMDSN
01uWC000005wsx6YAA,01tWC00000DD1I2YAL,FIM-FIM-RRM-FIMDSR
01uWC000005wsx7YAA,01tWC00000DD1I8YAL,FIM-FIM-RNM-FIMLSU
01uWC000005wsx8YAA,01tWC00000DD1IAYA1,FIM-FIM-RRM-FIMLAS
01uWC000005wsx9YAA,01tWC00000DD1IWYA1,FIM-FIM-RNM-FIMSSU
01uWC000005wsxAYAQ,01tWC00000DD1IjYAL,GOA-FIL-RNM-FCCNM
01uWC000005wsxBYAQ,01tWC00000DD1IlYAL,GOA-FIL-RRM-FCCRM
01uWC000005wsxCYAQ,01tWC00000DD1InYAL,GOA-FIL-RNM-FCCANN
01uWC000005wsxDYAQ,01tWC00000DD1IpYAL,GOA-FIL-RRM-FCCANR
01uWC000005wsxEYAQ,01tWC00000DD1IuYAL,GOA-FIL-RNM-FCCCNM
01uWC000005wsxFYAQ,01tWC00000DD1fwYAD,SM-VMC-RRM-SKIRM
01uWC000005wsxGYAQ,01tWC00000DD1fyYAD,SM-VMC-RNM-SKMNM
01uWC000005wsxHYAQ,01tWC00000DD1g0YAD,SM-VMC-RRM-SKMRM
01uWC000005wsxIYAQ,01tWC00000DD1hpYAD,FIM-FIM-RNM-TEDSNM
01uWC000005wsxJYAQ,01tWC00000DD1hrYAD,FIM-FIM-RRM-TEDSRM
01uWC000005wsxKYAQ,01tWC00000DD1jZYAT,BI-SDW-RRM-SDWRM
01uWC000005wsxLYAQ,01tWC00000DD1c2YAD,CS-PMF-RNM-PMFAII
01uWC000005wsxMYAQ,01tWC00000DD1c4YAD,CS-PMF-RRM-PMFM
01uWC000005wsxNYAQ,01tWC00000DD1c6YAD,CS-PPS-RNM-PPSHII
01uWC000005wsxOYAQ,01tWC00000DD1dcYAD,CS-SPS-RRM-SPSHRM
01uWC000005wsxPYAQ,01tWC00000DD1deYAD,CS-SPS-RNM-SPSHUN
01uWC000005wsxQYAQ,01tWC00000DD1dgYAD,CS-SPS-RRM-SPSHUR
01uWC000005wsxRYAQ,01tWC00000DD1dlYAD,SM-SAP-RNM-SAPINE
01uWC000005wsxSYAQ,01tWC00000DD1dnYAD,SM-SAP-RRM-SAPIRE
01uWC000005wsxTYAQ,01tWC00000DD1drYAD,DM-WCU-RNM-SCANLN
01uWC000005wsxUYAQ,01tWC00000DD1dtYAD,DM-WCU-RRM-SCANLR
01uWC000005wsxVYAQ,01tWC00000DD1duYAD,DM-WCU-RNM-SCANNE
01uWC000005wsxWYAQ,01tWC00000DD1dwYAD,DM-WCU-RRM-SCANRE
01uWC000005wsxXYAQ,01tWC00000DD1e5YAD,ES-SEG-RNM-SECURE
01uWC000005wsxYYAQ,01tWC00000DD1e7YAD,ES-SEG-RRM-SEGM
01uWC000005wsxZYAQ,01tWC00000DD1e9YAD,ES-SEG-RNM-SEEM
01uWC000005wsxaYAA,01tWC00000DD1eBYAT,ES-SEG-RRM-SERM
01uWC000005wsxbYAA,01tWC00000DD1eDYAT,ES-SEG-RNM-SENM
01uWC000005wsxcYAA,01tWC00000DD1eFYAT,ES-SEG-RRM-SECEMA
01uWC000005wsxdYAA,01tWC00000DD1eHYAT,ES-SEG-RNM-SEMAIL
01uWC000005wsxeYAA,01tWC00000DD1eJYAT,ES-SEG-RRM-SECEMG
01uWC000005wsxfYAA,01tWC00000DD1eLYAT,ES-SXG-RNM-SEEX
01uWC000005wsxgYAA,01tWC00000DD1eNYAT,ES-SXG-RRM-SECEXC
01uWC000005wsxhYAA,01tWC00000DD1ePYAT,ES-SXG-RNM-SEXCHA
01uWC000005wsxiYAA,01tWC00000DD1eRYAT,ES-SXG-RRM-SEEXCG
01uWC000005wsxjYAA,01tWC00000DD1eTYAT,ES-SXG-RNM-SEXCGA
01uWC000005wsxkYAA,01tWC00000DD1eVYAT,ES-SXG-RRM-SEEXGA
01uWC000005wsxlYAA,01tWC00000DD1eXYAT,ES-SXG-RNM-SEEGAE
01uWC000005wsxmYAA,01tWC00000DD1eZYAT,ES-SXG-RRM-SEXGES
01uWC000005wsxnYAA,01tWC00000DD1efYAD,ES-SIG-RNM-SIGM
01uWC000005wsxoYAA,01tWC00000DD1ehYAD,ES-SIG-RRM-SEIC
01uWC000005wsxpYAA,01tWC00000DD1jbYAD,BI-SDW-RNM-SDWRSL
01uWC000005wsxqYAA,01tWC00000DD1jgYAD,BI-SDW-RRM-SDWM
01uWC000005wsxrYAA,01tWC00000DD1jlYAD,BI-SDW-RNM-SEQUED
01uWC000005wsxsYAA,01tWC00000DD1jqYAD,BI-SDW-RRM-SEQUDA
01uWC000005wsxtYAA,01tWC00000DD1jvYAD,BI-SL-RNM-SEFY
01uWC000005wsxuYAA,01tWC00000DD1jxYAD,BI-SL-RRM-SFRM
01uWC000005wsxvYAA,01tWC00000DD1jyYAD,BI-SQ-RNM-SRDNM
01uWC000005wsxwYAA,01tWC00000DD1k0YAD,BI-SQ-RRM-SRDRM
01uWC000005wsxxYAA,01tWC00000DD1k7YAD,BI-SQ-RRM-SESM
01uWC000005wsxyYAA,01tWC00000DD1kAYAT,BI-SQ-RNM-SEQUSM
01uWC000005wsxzYAA,01tWC00000DD1kCYAT,BI-SQ-RRM-SESMB
01uWC000005wsy0YAA,01tWC00000DD1kEYAT,BI-SQ-RNM-SEQUSB
01uWC000005wsy1YAA,01tWC00000DCzhWYAT,BI-ISA-RRM-IAPRMRM
01uWC000005wsy2YAA,01tWC00000DCzhXYAT,BI-ISA-RNM-IAPRMNM
01uWC000005wsy3YAA,01tWC00000DCzhYYAT,BI-ISA-RRM-IAPROM
01uWC000005wsy4YAA,01tWC00000DCzhZYAT,BI-ISA-RNM-IAPRONM
01uWC000005wsy5YAA,01tWC00000DCzhcYAD,BI-SQ-RRM-SSBPRM
01uWC000005wsy6YAA,01tWC00000DCzhdYAD,BI-SQ-RNM-SSBPNM
01uWC000005wsy7YAA,01tWC00000DD1tYYAT,FIM-FIM-RNM-TSANM
01uWC000005wsy8YAA,01tWC00000DD1tcYAD,FIM-FIM-RNM-TSAENM
01uWC000005wsy9YAA,01tWC00000DD1oiYAD,FIM-TLC-RNM-TLCDIA
01uWC000005wsyAYAQ,01tWC00000DD1omYAD,FIM-TLC-RNM-TLCDSI
01uWC000005wsyBYAQ,01tWC00000DD1oqYAD,FIM-TLC-RNM-TLCFSI
01uWC000005wsyCYAQ,01tWC00000DD1p2YAD,FIM-TLC-RNM-TLCIEN
01uWC000005wsyDYAQ,01tWC00000DD1p6YAD,FIM-TLC-RNM-TLCMEI
01uWC000005wsyEYAQ,01tWC00000DD1p9YAD,FIM-FIM-RRM-TADPELRM
01uWC000005wsyFYAQ,01tWC00000DD1pGYAT,FIM-TLC-RNM-TLCMII
01uWC000005wsyGYAQ,01tWC00000DD1pPYAT,FIM-TLC-RNM-TLCNDI
01uWC000005wsyHYAQ,01tWC00000DD1pTYAT,FIM-TLC-RNM-TLCPEP
01uWC000005wsyIYAQ,01tWC00000DD1pVYAT,FIM-TLC-RRM-TRLCEP
01uWC000005wsyJYAQ,01tWC00000DD1pXYAT,FIM-TLC-RNM-TLCPSI
01uWC000005wsyKYAQ,01tWC00000DD1pZYAT,FIM-TLC-RRM-TRLCPS
01uWC000005wsyLYAQ,01tWC00000DD1pjYAD,FIM-TLC-RNM-TLOCEV
01uWC000005wsyMYAQ,01tWC00000DD1ppYAD,FIM-TLC-RNM-TLCMNM
01uWC000005wsyNYAQ,01tWC00000DD1tKYAT,FIM-TLC-RNM-TLCRLC
01uWC000005wsyOYAQ,01tWC00000DD1tQYAT,FIM-FIM-RNM-TMNM
01uWC000005wsyPYAQ,01tWC00000DCzheYAD,BI-SQ-RRM-SSBSRM
01uWC000005wsyQYAQ,01tWC00000DCzhfYAD,BI-SQ-RNM-SSBSNM
01uWC000005wsyRYAQ,01tWC00000DCzhgYAD,BI-SDW-RRM-SDWSBERM
01uWC000005wsySYAQ,01tWC00000DCzhhYAD,BI-SDW-RNM-SDWSBENM
01uWC000005wsyTYAQ,01tWC00000DCzhiYAD,BI-SDW-RRM-SDWSGERM
01uWC000005wsyUYAQ,01tWC00000DCzhjYAD,BI-SDW-RNM-SDWSGENM
01uWC000005wsyVYAQ,01tWC00000DCzhkYAD,BI-SDW-RRM-SDWSPERM
01uWC000005wsyWYAQ,01tWC00000DD10mYAD,OS-COS-RNM-CSNM
01uWC000005wsyXYAQ,01tWC00000DD10nYAD,OS-COS-RRM-CSRM
01uWC000005wsyYYAQ,01tWC00000DD14wYAD,RPA-AUT-RRM-ASRM
01uWC000005wsyZYAQ,01tWC00000DD15rYAD,FIM-FIM-RNM-CCMNDN
01uWC000005wsyaYAA,01tWC00000DD15wYAD,FIM-FIM-RNM-CCMSNM
01uWC000005wsybYAA,01tWC00000DD161YAD,FIM-FIM-RNM-CCMSIN
01uWC000005wsycYAA,01tWC00000DD166YAD,FIM-FIM-RNM-CCMWNM
01uWC000005wsydYAA,01tWC00000DD16DYAT,FIM-FIM-RNM-CCMLMS
01uWC000005wsyeYAA,01tWC00000DD16HYAT,FIM-FIM-RNM-CCMLSE
01uWC000005wsyfYAA,01tWC00000DD16JYAT,FIM-FIM-RRM-CCMLSC
01uWC000005wsygYAA,01tWC00000DD16LYAT,FIM-FIM-RNM-CCMMSN
01uWC000005wsyhYAA,01tWC00000DD16QYAT,FIM-FIM-RNM-CCMSEN
01uWC000005wsyiYAA,01tWC00000DD1h7YAD,FIM-FIM-RNM-TATEIF
01uWC000005wsyjYAA,01tWC00000DD1BNYA1,FIM-FIM-RNM-DPENEW
01uWC000005wsykYAA,01tWC00000DD1BVYA1,FIM-FIM-RNM-DPELNM
01uWC000005wsylYAA,01tWC00000DD1HwYAL,FIM-FIM-RNM-FIMDES
01uWC000005wsymYAA,01tWC00000DD1I4YAL,FIM-FIM-RNM-FIMFSN
01uWC000005wsynYAA,01tWC00000DD1IBYA1,FIM-FIM-RNM-FIMLSW
01uWC000005wsyoYAA,01tWC00000DD1IDYA1,FIM-FIM-RRM-FIMLST
01uWC000005wsypYAA,01tWC00000DD1IEYA1,FIM-FIM-RNM-FIMMSS
01uWC000005wsyqYAA,01tWC00000DD1IIYA1,FIM-FIM-RNM-FIMNDN
01uWC000005wsyrYAA,01tWC00000DD1INYA1,FIM-FIM-RNM-FIMPEP
01uWC000005wsysYAA,01tWC00000DD1ISYA1,FIM-FIM-RNM-FIMPSN
01uWC000005wsytYAA,01tWC00000DD1IZYA1,FIM-FIM-RNM-FIMSSW
01uWC000005wsyuYAA,01tWC00000DD1IdYAL,FIM-FIM-RNM-FIMVEN
01uWC000005wsyvYAA,01tWC00000DD1JdYAL,FIM-FIM-RNM-FIMMNE
01uWC000005wsywYAA,01tWC00000DD1JfYAL,FIM-FIM-RRM-FIMMRE
01uWC000005wsyxYAA,01tWC00000DD1Q1YAL,HRM-HRM-RRM-HRMRM
01uWC000005wsyyYAA,01tWC00000DD1V5YAL,FIM-FIM-RNM-PMDNM
01uWC000005wsyzYAA,01tWC00000DD1VAYA1,FIM-FIM-RNM-PMFSNM
01uWC000005wsz0YAA,01tWC00000DD1ZvYAL,FIM-FIM-RNM-PMNDNM
01uWC000005wsz1YAA,01tWC00000DD1a0YAD,FIM-FIM-RNM-POLICY
01uWC000005wsz2YAA,01tWC00000DD1a5YAD,FIM-FIM-RNM-PMPSNM
01uWC000005wsz3YAA,01tWC00000DD1aAYAT,FIM-FIM-RNM-PMVENM
01uWC000005wsz4YAA,01tWC00000DD1gLYAT,FIM-FIM-RNM-TACWIN
01uWC000005wsz5YAA,01tWC00000DD1gNYAT,FIM-FIM-RRM-TACM
01uWC000005wsz6YAA,01tWC00000DD1gRYAT,FIM-FIM-RNM-TADM
01uWC000005wsz7YAA,01tWC00000DD1gWYAT,FIM-FIM-RNM-TRNM
01uWC000005wsz8YAA,01tWC00000DD1gbYAD,FIM-FIM-RNM-TAESUN
01uWC000005wsz9YAA,01tWC00000DD1ggYAD,FIM-FIM-RNM-TATM
01uWC000005wszAYAQ,01tWC00000DD1ghYAD,FIM-FIM-RRM-TRIPAP
01uWC000005wszBYAQ,01tWC00000DD1gkYAD,FIM-FIM-RNM-TRIAPP
01uWC000005wszCYAQ,01tWC00000DD1goYAD,FIM-FIM-RNM-TRIPAT
01uWC000005wszDYAQ,01tWC00000DD1gsYAD,FIM-FIM-RNM-TRAPPT
01uWC000005wszEYAQ,01tWC00000DD1gxYAD,FIM-FIM-RNM-TRAPTE
01uWC000005wszFYAQ,01tWC00000DD1h2YAD,FIM-FIM-RNM-TAPTEI
01uWC000005wszdYAA,01tWC00000DD1kGYAT,BI-SQ-RRM-SESMBB
01uWC000005wszeYAA,01tWC00000DD1kIYAT,BI-SQ-RNM-SESO
01uWC000005wszfYAA,01tWC00000DD1kKYAT,BI-SQ-RRM-SEQSOL
01uWC000005wszgYAA,01tWC00000DD1kOYAT,BI-SWI-RNM-SWIM
01uWC000005wszhYAA,01tWC00000DD1kQYAT,BI-SWI-RRM-SEQUEW
01uWC000005wsziYAA,01tWC00000DD1keYAD,DP-DC-RNM-SHARCN
01uWC000005wszjYAA,01tWC00000DD1kgYAD,DP-DC-RRM-SHARCR
01uWC000005wszkYAA,01tWC00000DD1kiYAD,DP-DC-RNM-SHARMD
01uWC000005wszlYAA,01tWC00000DD1UIYA1,DM-IBM-RRM-PCLTRE
01uWC000005wszmYAA,01tWC00000DD1sRYAT,SM-VMC-RNM-VMCU
01uWC000005wsznYAA,01tWC00000DD1sTYAT,SM-VMC-RRM-VUTM
01uWC000005wszoYAA,01tWC00000DD1sVYAT,SM-VMC-RNM-VMUN
01uWC000005wszpYAA,01tWC00000DD1sXYAT,SM-VMC-RRM-VMCUN
01uWC000005wszqYAA,01tWC00000DD1sZYAT,SM-VMC-RNM-VUOM
01uWC000005wszrYAA,01tWC00000DD1sbYAD,SM-VMC-RRM-VMCUNI
01uWC000005wszsYAA,01tWC00000DD1UKYA1,DM-IRC-RNM-PDFCNM
01uWC000005wsztYAA,01tWC00000DD1UMYA1,DM-IRC-RRM-PDFCRM
01uWC000005wszuYAA,01tWC00000DD1UOYA1,DM-PCR-RNM-PDFSNM
01uWC000005wszvYAA,01tWC00000DD1UQYA1,DM-PCR-RRM-PDFSRM
01uWC000005wszwYAA,01tWC00000DD1USYA1,SM-PKP-RNM-PEEKNE
01uWC000005wszxYAA,01tWC00000DD1UUYA1,SM-PKP-RRM-PEEKRE
01uWC000005wszyYAA,01tWC00000DD1UWYA1,SM-PFA-RNM-PAGNEW
01uWC000005wszzYAA,01tWC00000DD1UYYA1,SM-PFA-RRM-PAGREN
01uWC000005wt00YAA,01tWC00000DD1UaYAL,SM-PFA-RNM-PANM
01uWC000005wt01YAA,01tWC00000DD1UcYAL,SM-PFA-RRM-PARM
01uWC000005wt02YAA,01tWC00000DD1UeYAL,SM-SYM-RNM-PMNM
01uWC000005wt03YAA,01tWC00000DD1UgYAL,SM-SYM-RRM-PMRM
01uWC000005wt04YAA,01tWC00000DD1UiYAL,SM-PN-RNM-PNNM
01uWC000005wt05YAA,01tWC00000DD1UkYAL,SM-PN-RRM-PNRM
01uWC000005wt06YAA,01tWC00000DD1UmYAL,SM-PN-RNM-PNIINM
01uWC000005wt07YAA,01tWC00000DD1UnYAL,SM-PN-RRM-PNIIRM
01uWC000005wt08YAA,01tWC00000DD1V0YAL,CM-TQO-RNM-PO1YNE
01uWC000005wt09YAA,01tWC00000DD1V2YAL,CM-TQO-RRM-PO1YRE
01uWC000005wt0AYAQ,01tWC00000DD1WnYAL,SM-QMM-RNM-QMESNE
01uWC000005wt0BYAQ,01tWC00000DD1WpYAL,SM-QMM-RRM-QMESRE
01uWC000005wt0CYAQ,01tWC00000DD1WrYAL,SM-QRC-RNM-QREMNE
01uWC000005wt0DYAQ,01tWC00000DD1WtYAL,SM-QRC-RRM-QREMRE
01uWC000005wt0EYAQ,01tWC00000DD1WvYAL,SM-QSM-RNM-QSYSNE
01uWC000005wt0FYAQ,01tWC00000DD1WxYAL,SM-QSM-RRM-QSYSRE
01uWC000005wt0GYAQ,01tWC00000DD1WzYAL,BI-QRW-RNM-QRWNEW
01uWC000005wt0HYAQ,01tWC00000DD1X1YAL,BI-QRW-RRM-QRWREN
01uWC000005wt0IYAQ,01tWC00000DD1X4YAL,DM-IRC-RNM-RAWRNE
01uWC000005wt0JYAQ,01tWC00000DD1X6YAL,DM-IRC-RRM-RAWRRE
01uWC000005wt0KYAQ,01tWC00000DD1X9YAL,SM-RAP-RNM-RECONE
01uWC000005wt0LYAQ,01tWC00000DD1sdYAD,SM-VMC-RNM-VUSM
01uWC000005wt0MYAQ,01tWC00000DD1sfYAD,SM-VMC-RRM-VMUNIX
01uWC000005wt0NYAQ,01tWC00000DD1shYAD,SM-VMC-RNM-VMCV
01uWC000005wt0OYAQ,01tWC00000DD1K4YAL,DP-DC-RNM-FDUPN
01uWC000005wt0PYAQ,01tWC00000DD1K7YAL,DP-DC-RRM-FDUPR
01uWC000005wt0QYAQ,01tWC00000DD1KBYA1,DP-DC-RNM-FDPUPN
01uWC000005wt0RYAQ,01tWC00000DD1KEYA1,DP-DC-RRM-FDPUPR
01uWC000005wt0SYAQ,01tWC00000DD1KHYA1,DP-DC-RNM-FDAPNM
01uWC000005wt0TYAQ,01tWC00000DD1KJYA1,DP-DC-RRM-FDAPRM
01uWC000005wt0UYAQ,01tWC00000DD1KKYA1,DP-DC-RNM-FDEPNM
01uWC000005wt0VYAQ,01tWC00000DD1KMYA1,DP-DC-RRM-FDEPRM
01uWC000005wt0WYAQ,01tWC00000DD1KOYA1,DP-DC-RNM-FDEUPN
01uWC000005wt0XYAQ,01tWC00000DD1KQYA1,DP-DC-RRM-FDEUPR
01uWC000005wt0YYAQ,01tWC00000DD1KSYA1,DP-DC-RNM-FDDRDA
01uWC000005wt0ZYAQ,01tWC00000DD1KVYA1,DP-DC-RRM-FDDM
01uWC000005wt0aYAA,01tWC00000DD1KYYA1,DP-DC-RNM-FDDARN
01uWC000005wt0bYAA,01tWC00000DD1KaYAL,DP-DC-RRM-FDDARR
01uWC000005wt0cYAA,01tWC00000DD1KbYAL,DP-DC-RNM-FMIONM
01uWC000005wt0dYAA,01tWC00000DD1KdYAL,DP-DC-RRM-FMIORM
01uWC000005wt0eYAA,01tWC00000DD1LVYA1,DM-DML-RNM-FTP4
01uWC000005wt0fYAA,01tWC00000DD1LXYA1,DM-DML-RRM-F4RM
01uWC000005wt0gYAA,01tWC00000DD1LYYA1,DM-DML-RNM-FT40
01uWC000005wt0hYAA,01tWC00000DD1LaYAL,DM-DML-RRM-FTRM
01uWC000005wt0iYAA,01tWC00000DD1LfYAL,SM-HCS-RNM-GANNNE
01uWC000005wt0jYAA,01tWC00000DD1LhYAL,SM-HCS-RRM-GANNRE
01uWC000005wt0kYAA,01tWC00000DD1LnYAL,GOA-GAM-RNM-GAAFTN
01uWC000005wt0lYAA,01tWC00000DD1LpYAL,GOA-GAM-RRM-GAAFTR
01uWC000005wt0mYAA,01tWC00000DD1LrYAL,GOA-GAM-RNM-GOANYW
01uWC000005wt0nYAA,01tWC00000DD1LtYAL,GOA-GAM-RRM-GAAM
01uWC000005wt0oYAA,01tWC00000DD1NDYA1,GOA-GAM-RRM-GAFCSR
01uWC000005wt0pYAA,01tWC00000DD1NFYA1,GOA-GAM-RNM-GAFSNM
01uWC000005wt0qYAA,01tWC00000DD1NHYA1,GOA-GAM-RRM-GAFSRM
01uWC000005wt0rYAA,01tWC00000DD1NJYA1,GOA-GAM-RNM-GAGNM
01uWC000005wt0sYAA,01tWC00000DD1FbYAL,GS-GSE-RNM-EFTM
01uWC000005wt0tYAA,01tWC00000DD1PcYAL,SM-SYM-RNM-HHHNEW
01uWC000005wt0uYAA,01tWC00000DD1PeYAL,SM-SYM-RRM-HHHREN
01uWC000005wt0vYAA,01tWC00000DD1PqYAL,DM-IRC-RNM-HTMLNE
01uWC000005wt0wYAA,01tWC00000DD1PsYAL,DM-IRC-RRM-HTMLRE
01uWC000005wt0xYAA,01tWC00000DD1PuYAL,ES-SWG-RNM-HTTPSF
01uWC000005wt0yYAA,01tWC00000DD1PwYAL,ES-SWG-RRM-HFSM
01uWC000005wt0zYAA,01tWC00000DD1Q5YAL,DM-IBM-RNM-IENCNE
01uWC000005wt10YAA,01tWC00000DD1Q7YAL,DM-IBM-RRM-IENCRE
01uWC000005wt11YAA,01tWC00000DD1Q9YAL,SM-HCS-RNM-IFDSNE
01uWC000005wt12YAA,01tWC00000DD1QBYA1,SM-HCS-RRM-IFDSRE
01uWC000005wt13YAA,01tWC00000DD1QCYA1,DM-IFO-RNM-IFORNE
01uWC000005wt14YAA,01tWC00000DD1QFYA1,SM-RLP-RNM-LPARNE
01uWC000005wt15YAA,01tWC00000DD1RPYA1,SM-HCS-RRM-MIZURE
01uWC000005wt16YAA,01tWC00000DD1RRYA1,DP-DC-RNM-MOBICN
01uWC000005wt17YAA,01tWC00000DD1RTYA1,DP-DC-RRM-MOBICR
01uWC000005wt18YAA,01tWC00000DD1RWYA1,SM-ROM-RNM-MONINE
01uWC000005wt19YAA,01tWC00000DD1RYYA1,SM-ROM-RRM-MONIRE
01uWC000005wt1AYAQ,01tWC00000DD1RbYAL,SM-MQM-RNM-MQMNEW
01uWC000005wt1BYAQ,01tWC00000DD1RdYAL,SM-MQM-RRM-MQMREN
01uWC000005wt1CYAQ,01tWC00000DD1RkYAL,CS-DFT-RNM-MSANEW
01uWC000005wt1DYAQ,01tWC00000DD1RmYAL,CS-DFT-RRM-MSAREN
01uWC000005wt1EYAQ,01tWC00000DD1RpYAL,DM-DML-RNM-NATPRN
01uWC000005wt1FYAQ,01tWC00000DD1TRYA1,ES-SIG-RNM-OCRFE
01uWC000005wt1GYAQ,01tWC00000DD1TTYA1,ES-SIG-RRM-OCFEAT
01uWC000005wt1HYAQ,01tWC00000DD1TVYA1,ES-SWG-RNM-OCRFS
01uWC000005wt1IYAQ,01tWC00000DD1TXYA1,ES-SWG-RRM-OCRFSE
01uWC000005wt1JYAQ,01tWC00000DD1TZYA1,ES-SIG-RNM-OCRS
01uWC000005wt1KYAQ,01tWC00000DD1TbYAL,ES-SIG-RRM-OSIM
01uWC000005wt1LYAQ,01tWC00000DD1TnYAL,ES-SEG-RNM-ORGPNE
01uWC000005wt1MYAQ,01tWC00000DD1TpYAL,ES-SEG-RRM-ORGPRE
01uWC000005wt1NYAQ,01tWC00000DD1beYAD,CS-PEI-RRM-POWERE
01uWC000005wt1OYAQ,01tWC00000DD1fNYAT,ES-SWG-RNM-SEWEBG
01uWC000005wt1PYAQ,01tWC00000DD1fPYAT,ES-SWG-RRM-SWEBGA
01uWC000005wt1QYAQ,01tWC00000DD1fRYAT,IGA-AAS-RNM-SECUNE
01uWC000005wt1RYAQ,01tWC00000DD1fTYAT,IGA-AAS-RRM-SECURM
01uWC000005wt1SYAQ,01tWC00000DD1bgYAD,CS-PEI-RNM-PEIIFE
01uWC000005wt1TYAQ,01tWC00000DD1biYAD,CS-PEI-RRM-POWEEN
01uWC000005wt1UYAQ,01tWC00000DD1bkYAD,CS-PEM-RNM-PEMNM
01uWC000005wt1VYAQ,01tWC00000DD1bmYAD,CS-PEM-RRM-PEMRM
01uWC000005wt1WYAQ,01tWC00000DD1boYAD,CS-PEP-RNM-PEPMII
01uWC000005wt1XYAQ,01tWC00000DD1bqYAD,CS-PEP-RRM-PEPM
01uWC000005wt1YYAQ,01tWC00000DD1byYAD,CS-PIM-RNM-PIMIIN
01uWC000005wt1ZYAQ,01tWC00000DD1c0YAD,CS-PIM-RRM-PIMIIR
01uWC000005wt1aYAA,01tWC00000DD1ejYAD,ES-SIG-RNM-SECURI
01uWC000005wt1bYAA,01tWC00000DD1elYAD,ES-SIG-RRM-SECUIC
01uWC000005wt1cYAA,01tWC00000DD1enYAD,ES-SIG-RNM-SECICA
01uWC000005wt1dYAA,01tWC00000DD1epYAD,ES-SIG-RRM-SEICAP
01uWC000005wt1eYAA,01tWC00000DD1erYAD,ES-SIG-RNM-SICAP
01uWC000005wt1fYAA,01tWC00000DD1etYAD,ES-SIG-RRM-SECICG
01uWC000005wt1gYAA,01tWC00000DD1evYAD,ES-SIG-RNM-SEICAG
01uWC000005wt1hYAA,01tWC00000DD1exYAD,ES-SIG-RRM-SICAGA
01uWC000005wt1iYAA,01tWC00000DD1ezYAD,ES-SIG-RNM-SEICGA
01uWC000005wt1jYAA,01tWC00000DD1f1YAD,ES-SIG-RRM-SEIGAE
01uWC000005wt1kYAA,01tWC00000DD1f3YAD,ES-SIG-RNM-SICGES
01uWC000005wt1lYAA,01tWC00000DD1f5YAD,ES-SIG-RRM-SIGAES
01uWC000005wt1mYAA,01tWC00000DD1f7YAD,ES-SIG-RNM-SEICGP
01uWC000005wt1nYAA,01tWC00000DD1f9YAD,ES-SIG-RRM-SICGAP
01uWC000005wt1oYAA,01tWC00000DD1fBYAT,ES-SWG-RNM-SWGM
01uWC000005wt1pYAA,01tWC00000DD1fDYAT,ES-SWG-RRM-SEWE
01uWC000005wt1qYAA,01tWC00000DD1fFYAT,ES-SWG-RNM-SECURW
01uWC000005wt1rYAA,01tWC00000DD1fHYAT,ES-SWG-RRM-SECWEB
01uWC000005wt1sYAA,01tWC00000DD1fJYAT,ES-SWG-RNM-SWEB
01uWC000005wt1tYAA,01tWC00000DD1fLYAT,ES-SWG-RRM-SECWEG
01uWC000005wt1uYAA,01tWC00000DD1fVYAT,SM-SYM-RNM-SNM
01uWC000005wt1vYAA,01tWC00000DD1fXYAT,SM-SYM-RRM-SRM
01uWC000005wt1wYAA,01tWC00000DD1faYAD,CS-SA-RNM-SANM
01uWC000005wt1xYAA,01tWC00000DD1fcYAD,CS-SA-RRM-SARM
01uWC000005wt1yYAA,01tWC00000DD1feYAD,CS-DFT-RNM-SADNM
01uWC000005wt1zYAA,01tWC00000DD1fgYAD,CS-DFT-RRM-SADRM
01uWC000005wt20YAA,01tWC00000DD1fqYAD,SM-VMC-RNM-SKENM
01uWC000005wt21YAA,01tWC00000DD1fsYAD,SM-VMC-RRM-SKERM
01uWC000005wt22YAA,01tWC00000DD1fuYAD,SM-VMC-RNM-SKINM
01uWC000005wt23YAA,01tWC00000DD1kkYAD,DP-DC-RRM-SHARMR
01uWC000005wt24YAA,01tWC00000DD1m2YAD,ES-SWG-RNM-SSSWGN
01uWC000005wt25YAA,01tWC00000DD1m4YAD,ES-SWG-RRM-SSSWGR
01uWC000005wt26YAA,01tWC00000DD1m6YAD,DM-SV4-RNM-S4NM
01uWC000005wt27YAA,01tWC00000DD1m8YAD,DM-SV4-RRM-S4RM
01uWC000005wt28YAA,01tWC00000DD1m9YAD,DM-SV4-RNM-S4SUPN
01uWC000005wt29YAA,01tWC00000DD1JoYAL,DM-DML-RNM-FORMNE
01uWC000005wt2AYAQ,01tWC00000DD1JqYAL,DM-DML-RRM-FORMRE
01uWC000005wt2BYAQ,01tWC00000DD1JrYAL,DP-DCL-RNM-FORMNM
01uWC000005wt2CYAQ,01tWC00000DD1JtYAL,DP-DCL-RRM-FORMRM
01uWC000005wt2DYAQ,01tWC00000DD1JwYAL,DP-DC-RNM-FCSENM
01uWC000005wt2EYAQ,01tWC00000DD1JyYAL,DP-DC-RRM-FCSERM
01uWC000005wt2FYAQ,01tWC00000DD1K0YAL,DP-DC-RNM-FCSPNM
01uWC000005wt2GYAQ,01tWC00000DD1K2YAL,DP-DC-RRM-FCSPRM
01uWC000005wt2HYAQ,01tWC00000DD1NLYA1,GOA-GAM-RRM-GAGRM
01uWC000005wt2IYAQ,01tWC00000DD1NNYA1,GOA-GAM-RNM-GAGLBN
01uWC000005wt2JYAQ,01tWC00000DD1NPYA1,GOA-GAM-RRM-GAGLBR
01uWC000005wt2KYAQ,01tWC00000DD1NRYA1,GOA-GAM-RNM-GAGM
01uWC000005wt2LYAQ,01tWC00000DD1NTYA1,GOA-GAM-RRM-GOAG
01uWC000005wt2MYAQ,01tWC00000DD1NVYA1,GOA-GAM-RNM-GAGDNM
01uWC000005wt2NYAQ,01tWC00000DD1NXYA1,GOA-GAM-RRM-GAGDRM
01uWC000005wt2OYAQ,01tWC00000DD1NZYA1,GOA-GAM-RNM-GAGFSN
01uWC000005wt2PYAQ,01tWC00000DD1NbYAL,GOA-GAM-RRM-GAGFSR
01uWC000005wt2QYAQ,01tWC00000DD1NlYAL,GOA-GAM-RNM-GAPSCN
01uWC000005wt2RYAQ,01tWC00000DD1NnYAL,GOA-GAM-RRM-GAPSCR
01uWC000005wt2SYAQ,01tWC00000DD1NpYAL,GOA-GAM-RNM-GAPSEB
01uWC000005wt2TYAQ,01tWC00000DD1NsYAL,GOA-GAM-RRM-GAPM
01uWC000005wt2UYAQ,01tWC00000DD1NvYAL,GOA-GAM-RNM-GAPSPB
01uWC000005wt2VYAQ,01tWC00000DD1NxYAL,GOA-GAM-RRM-GOANP
01uWC000005wt2WYAQ,01tWC00000DD1NzYAL,GOA-GAM-RNM-GAPSSN
01uWC000005wt2XYAQ,01tWC00000DD1O1YAL,GOA-GAM-RRM-GAPSSR
01uWC000005wt2YYAQ,01tWC00000DD1O3YAL,GOA-GAM-RNM-GAPSSB
01uWC000005wt2ZYAQ,01tWC00000DD1O6YAL,GOA-GAM-RRM-GANYPE
01uWC000005wt2aYAA,01tWC00000DD1O9YAL,GOA-GAM-RNM-GAPANM
01uWC000005wt2bYAA,01tWC00000DD1OBYA1,GOA-GAM-RRM-GAPARM
01uWC000005wt2cYAA,01tWC00000DD1ODYA1,GOA-GAM-RNM-GAPBNM
01uWC000005wt2dYAA,01tWC00000DD1PUYA1,SM-HEP-RRM-HEPMRM
01uWC000005wt2eYAA,01tWC00000DD1TwYAL,DP-DC-RNM-OWACNE
01uWC000005wt2fYAA,01tWC00000DD1TyYAL,DP-DC-RRM-OWACRE
01uWC000005wt2gYAA,01tWC00000DD1U0YAL,SM-HCS-RNM-PARANE
01uWC000005wt2hYAA,01tWC00000DD1U2YAL,SM-HCS-RRM-PARARE
01uWC000005wt2iYAA,01tWC00000DD1U4YAL,BI-SDW-RNM-PLNM
01uWC000005wt2jYAA,01tWC00000DD1U6YAL,BI-SDW-RRM-PLRM
01uWC000005wt2kYAA,01tWC00000DD1U9YAL,SM-PRM-RNM-PASSNE
01uWC000005wt2lYAA,01tWC00000DD1UBYA1,SM-PRM-RRM-PASSRE
01uWC000005wt2mYAA,01tWC00000DD1UGYA1,DM-IBM-RNM-PCLTNE
01uWC000005wt2nYAA,01tWC00000DD1XBYA1,SM-RAP-RRM-RECORE
01uWC000005wt2oYAA,01tWC00000DD1XTYA1,BI-SDW-RNM-RDPNM
01uWC000005wt2pYAA,01tWC00000DD1XVYA1,BI-SDW-RRM-RDPRM
01uWC000005wt2qYAA,01tWC00000DD1bAYAT,CS-CLP-RNM-PCSNM
01uWC000005wt2rYAA,01tWC00000DD1bCYAT,CS-CLP-RRM-PCSRM
01uWC000005wt2sYAA,01tWC00000DD1bEYAT,CS-PDM-RNM-PDMIIN
01uWC000005wt2tYAA,01tWC00000DD1bGYAT,CS-PDM-RNM-PDMM
01uWC000005wt2uYAA,01tWC00000DD1bIYAT,CS-PDM-RRM-PODA
01uWC000005wt2vYAA,01tWC00000DD1bKYAT,CS-PDM-RNM-PDMIIR
01uWC000005wt2wYAA,01tWC00000DD1bMYAT,CS-PDM-RRM-PORM
01uWC000005wt2xYAA,01tWC00000DD1bOYAT,CS-PDM-RNM-PONM
01uWC000005wt2yYAA,01tWC00000DD1bQYAT,CS-PDM-RRM-POWERD
01uWC000005wt2zYAA,01tWC00000DD1bSYAT,CS-PDM-RRM-POWEDA
01uWC000005wt30YAA,01tWC00000DD1bUYAT,CS-PEI-RNM-PEIINM
01uWC000005wt31YAA,01tWC00000DD1bWYAT,CS-PEI-RRM-PEIIRM
01uWC000005wt32YAA,01tWC00000DD1bYYAT,CS-PEI-RNM-PEIIAI
01uWC000005wt33YAA,01tWC00000DD1baYAD,CS-PEI-RRM-PEIM
01uWC000005wt34YAA,01tWC00000DD1HBYA1,BI-ESN-RRM-ENES
01uWC000005wt35YAA,01tWC00000DD1HDYA1,BI-SDW-RNM-ENET
01uWC000005wt36YAA,01tWC00000DD1HFYA1,BI-SDW-RRM-ENRM
01uWC000005wt37YAA,01tWC00000DD1HHYA1,BI-SDW-RNM-EMMNM
01uWC000005wt38YAA,01tWC00000DD1HJYA1,BI-SDW-RRM-EMMRM
01uWC000005wt39YAA,01tWC00000DD1HPYA1,SM-EC-RNM-ECNM
01uWC000005wt3AYAQ,01tWC00000DD1HRYA1,SM-EC-RRM-ECRM
01uWC000005wt3BYAQ,01tWC00000DD1IwYAL,GOA-FIL-RRM-FCCCRM
01uWC000005wt3CYAQ,01tWC00000DD1bcYAD,CS-PEI-RNM-PEIIBE
01uWC000005wt3DYAQ,01tWC00000DD1sBYAT,SM-VMC-RNM-VPUM
01uWC000005wt3EYAQ,01tWC00000DD1sDYAT,SM-VMC-RRM-VMCPO
01uWC000005wt3FYAQ,01tWC00000DD1sFYAT,SM-VMC-RNM-VSAM
01uWC000005wt3GYAQ,01tWC00000DD1sHYAT,SM-VMC-RRM-VMSL
01uWC000005wt3HYAQ,01tWC00000DD1IyYAL,GOA-FIL-RNM-FCCCAN
01uWC000005wt3IYAQ,01tWC00000DD1J0YAL,GOA-FIL-RRM-FCCCAR
01uWC000005wt3JYAQ,01tWC00000DD1J2YAL,GOA-FIL-RNM-FCDKNM
01uWC000005wt3KYAQ,01tWC00000DD1J4YAL,GOA-FIL-RRM-FCDKRM
01uWC000005wt3LYAQ,01tWC00000DD1J6YAL,GOA-FIL-RNM-FCDNM
01uWC000005wt3MYAQ,01tWC00000DD1J8YAL,GOA-FIL-RRM-FCDRM
01uWC000005wt3NYAQ,01tWC00000DD1JCYA1,GOA-FIL-RNM-FCHANM
01uWC000005wt3OYAQ,01tWC00000DD1JEYA1,GOA-FIL-RRM-FCHARM
01uWC000005wt3PYAQ,01tWC00000DD1JHYA1,GOA-FIL-RNM-FCLBNM
01uWC000005wt3QYAQ,01tWC00000DD1JJYA1,GOA-FIL-RRM-FCLBRM
01uWC000005wt3RYAQ,01tWC00000DD1JLYA1,GOA-FIL-RNM-FCRPNM
01uWC000005wt3SYAQ,01tWC00000DD1JNYA1,GOA-FIL-RRM-FCRPRM
01uWC000005wt3TYAQ,01tWC00000DD1JQYA1,GOA-FIL-RNM-FCTAWI
01uWC000005wt3UYAQ,01tWC00000DD1JSYA1,GOA-FIL-RRM-FCTM
01uWC000005wt3VYAQ,01tWC00000DD1JUYA1,GOA-FIL-RNM-FCWNM
01uWC000005wt3WYAQ,01tWC00000DD1JWYA1,GOA-FIL-RRM-FCWRM
01uWC000005wt3XYAQ,01tWC00000DD1JYYA1,GOA-FIL-RNM-FCWANM
01uWC000005wt3YYAQ,01tWC00000DD1JaYAL,GOA-FIL-RRM-FCWARM
01uWC000005wt3ZYAQ,01tWC00000DD1JgYAL,DP-DCL-RNM-FIRENE
01uWC000005wt3aYAA,01tWC00000DD1JiYAL,DP-DCL-RRM-FIRERE
01uWC000005wt3bYAA,01tWC00000DD1JjYAL,NW-INT-RNM-FLOWNE
01uWC000005wt3cYAA,01tWC00000DD1sJYAT,SM-VMC-RNM-VMSQ
01uWC000005wt3dYAA,01tWC00000DD1sLYAT,SM-VMC-RRM-VMCSQL
01uWC000005wt3eYAA,01tWC00000DD1sNYAT,SM-VMC-RNM-VSQL
01uWC000005wt3fYAA,01tWC00000DD1sPYAT,SM-VMC-RRM-VMCSQS
01uWC000005wt3gYAA,01tWC00000DD1GMYA1,GS-GSE-RNM-EWNM
01uWC000005wt3hYAA,01tWC00000DD1GNYA1,DM-DML-RNM-ELECDN
01uWC000005wt3iYAA,01tWC00000DD1GPYA1,DM-DML-RRM-ELECDR
01uWC000005wt3jYAA,01tWC00000DD1GQYA1,DM-DML-RNM-ELECLN
01uWC000005wt3kYAA,01tWC00000DD1GSYA1,DM-DML-RRM-ELECLR
01uWC000005wt3lYAA,01tWC00000DD1GVYA1,DM-DML-RNM-EDBBNM
01uWC000005wt3mYAA,01tWC00000DD1GXYA1,DM-DML-RRM-EDBBRM
01uWC000005wt3nYAA,01tWC00000DD1GYYA1,DM-DML-RNM-EFSLNM
01uWC000005wt3oYAA,01tWC00000DD1GaYAL,DM-DML-RRM-EFSLRM
01uWC000005wt3pYAA,01tWC00000DD1GbYAL,DM-WCU-RNM-EMNM
01uWC000005wt3qYAA,01tWC00000DD1GdYAL,DM-WCU-RRM-EMAIL
01uWC000005wt3rYAA,01tWC00000DD1GfYAL,DM-DML-RNM-ERDBPN
01uWC000005wt3sYAA,01tWC00000DD1GhYAL,DM-DML-RRM-ERDBPR
01uWC000005wt3tYAA,01tWC00000DD1GiYAL,DM-EU-RNM-ERSNM
01uWC000005wt3uYAA,01tWC00000DD1GkYAL,DM-EU-RRM-ERSRM
01uWC000005wt3vYAA,01tWC00000DD1H5YAL,BI-SDW-RNM-EDSNM
01uWC000005wt3wYAA,01tWC00000DD1H7YAL,BI-SDW-RRM-EDSRM
01uWC000005wt3xYAA,01tWC00000DD1H9YAL,BI-ESN-RNM-EESPPU
01uWC000005wt3yYAA,01tWC00000DD22fYAD,GS-GSE-RRM-FMRM
01uWC000005wt3zYAA,01tWC00000DD22gYAD,GS-GSE-RRM-HS(WCRM
01uWC000005wt40YAA,01tWC00000DD21dYAD,GS-GSE-RNM-EIMNM
01uWC000005wt41YAA,01tWC00000DD22hYAD,GS-GSE-RRM-MSGRM
01uWC000005wt42YAA,01tWC00000DD22iYAD,GS-GSE-RRM-PGPARM
01uWC000005wt43YAA,01tWC00000DD22jYAD,GS-GSE-RRM-PBRM
01uWC000005wt44YAA,01tWC00000DD22kYAD,GS-GSE-RNM-PBNM
01uWC000005wt45YAA,01tWC00000DD22lYAD,GS-GSE-RRM-REGCOMRM
01uWC000005wt46YAA,01tWC00000DD22nYAD,GS-GSE-RRM-SCHEDRM
01uWC000005wt47YAA,01tWC00000DD22oYAD,GS-GSE-RRM-SECFRM
01uWC000005wt48YAA,01tWC00000DD22pYAD,GS-GSE-RRM-SSRM
01uWC000005wt49YAA,01tWC00000DD22qYAD,GS-GSE-RRM-SSBRM
01uWC000005wt4AYAQ,01tWC00000DD22rYAD,GS-GSE-RRM-SSGRM
01uWC000005wt4BYAQ,01tWC00000DD22sYAD,GS-GSE-RRM-SBRM
01uWC000005wt4CYAQ,01tWC00000DD22tYAD,GS-GSE-RNM-SBNM
01uWC000005wt4DYAQ,01tWC00000DD22uYAD,GOA-GAM-RRM-GCBGRM
01uWC000005wt4EYAQ,01tWC00000DD22vYAD,BI-SDW-RNM-SDWSPENM
01uWC000005wt4FYAQ,01tWC00000DD22wYAD,BI-SDW-RRM-SDWSSERM
01uWC000005wt4GYAQ,01tWC00000DD22xYAD,BI-SDW-RNM-SDWSSENM
01uWC000005wt4HYAQ,01tWC00000DD22yYAD,BI-SDW-RRM-SDWBBERM
01uWC000005wt4IYAQ,01tWC00000DD22zYAD,BI-SDW-RNM-SDWBBENM
01uWC000005wt4JYAQ,01tWC00000DD230YAD,BI-SDW-RRM-SDWBGERM
01uWC000005wt4KYAQ,01tWC00000DD231YAD,BI-SDW-RNM-SDWBGENM
01uWC000005wt4LYAQ,01tWC00000DD232YAD,BI-SDW-RRM-SDWBPERM
01uWC000005wt4MYAQ,01tWC00000DD233YAD,BI-SDW-RNM-SDWBPENM
01uWC000005wt4NYAQ,01tWC00000DD234YAD,BI-SDW-RRM-SDWBSERM
01uWC000005wt4OYAQ,01tWC00000DD235YAD,BI-SDW-RNM-SDWBSENM
01uWC000005wt4PYAQ,01tWC00000DD238YAD,SM-ROB-RRM-RBCANRM
01uWC000005wt4QYAQ,01tWC00000DD239YAD,SM-ROB-RNM-RBCANNM
01uWC000005wt4RYAQ,01tWC00000DD23AYAT,SM-ROB-RRM-RBSARM
01uWC000005wt4SYAQ,01tWC00000DD23BYAT,SM-ROB-RNM-RBSANM
01uWC000005wt4TYAQ,01tWC00000DD23CYAT,SM-ROB-RRM-RBSANRM
01uWC000005wt4UYAQ,01tWC00000DD23DYAT,SM-ROB-RNM-RBSANNM
01uWC000005wt4VYAQ,01tWC00000DD21eYAD,GS-GSE-RRM-EFMMFRM
01uWC000005wt4WYAQ,01tWC00000DD21fYAD,GS-GSE-RNM-ERAM(NM
01uWC000005wt4XYAQ,01tWC00000DD21gYAD,GS-GSE-RRM-ERAM(RM
01uWC000005wt4YYAQ,01tWC00000DD21hYAD,GS-GSE-RNM-ESMAM(NM
01uWC000005wt4ZYAQ,01tWC00000DD21iYAD,GS-GSE-RRM-ESMAM(RM
01uWC000005wt4aYAA,01tWC00000DD21jYAD,GS-GSE-RRM-ETEMTRM
01uWC000005wt4bYAA,01tWC00000DD21mYAD,GS-GSE-RNM-ESW50SNM
01uWC000005wt4cYAA,01tWC00000DD21nYAD,GS-GSE-RRM-ESW50SRM
01uWC000005wt4dYAA,01tWC00000DD21oYAD,GS-GSE-RRM-FSRM
01uWC000005wt4eYAA,01tWC00000DD21pYAD,GS-GSE-RRM-TARM
01uWC000005wt4fYAA,01tWC00000DD21sYAD,GOA-GAM-RNM-GCSBWGNM
01uWC000005wt4gYAA,01tWC00000DD21tYAD,GOA-GAM-RRM-GCSBWGRM
01uWC000005wt4hYAA,01tWC00000DD21wYAD,GOA-GAM-RNM-GPEBWGNM
01uWC000005wt4iYAA,01tWC00000DD21xYAD,GOA-GAM-RRM-GPEBWGRM
01uWC000005wt4jYAA,01tWC00000DD21yYAD,GOA-GAM-RNM-GPSBWGNM
01uWC000005wt4kYAA,01tWC00000DD21zYAD,GOA-GAM-RRM-GPSBWGRM
01uWC000005wt4lYAA,01tWC00000DD22QYAT,GS-GSE-RRM-AS2CRM
01uWC000005wt4mYAA,01tWC00000DD22RYAT,GS-GSE-RNM-COLBNM
01uWC000005wt4nYAA,01tWC00000DD22SYAT,GS-GSE-RRM-COLBRM
01uWC000005wt4oYAA,01tWC00000DD22TYAT,GS-GSE-RRM-CSBRM
01uWC000005wt4pYAA,01tWC00000DD22UYAT,GS-GSE-RNM-DGE3MSNM
01uWC000005wt4qYAA,01tWC00000DD22WYAT,GS-GSE-RNM-DGE3MUNM
01uWC000005wt4rYAA,01tWC00000DD22YYAT,GS-GSE-RNM-EFTACNM
01uWC000005wt4sYAA,01tWC00000DD22aYAD,GS-GSE-RRM-ECBPRM
01uWC000005wt4tYAA,01tWC00000DD22bYAD,GS-GSE-RRM-EEARMARM
01uWC000005wt4uYAA,01tWC00000DD22cYAD,GS-GSE-RRM-EESMERM
01uWC000005wt4vYAA,01tWC00000DD22dYAD,GS-GSE-RRM-ESSMRM
01uWC000005wt4wYAA,01tWC00000DD22eYAD,GS-GSE-RRM-ENTACRM
01uWC000005wt4xYAA,01tWC00000DD1hUYAT,FIM-FIM-RNM-TECNM
01uWC000005wt4yYAA,01tWC00000DD1hZYAT,FIM-FIM-RNM-TEECNM
01uWC000005wt4zYAA,01tWC00000DD1hlYAD,FIM-FIM-RNM-TEDM
01uWC000005wt50YAA,01tWC00000DD1hwYAD,FIM-FIM-RNM-TEFSNM
01uWC000005wt51YAA,01tWC00000DD1mdYAD,FIM-FIM-RNM-TEA
01uWC000005wt52YAA,01tWC00000DD1mgYAD,FIM-FIM-RNM-TEAC
01uWC000005wt53YAA,01tWC00000DD1mjYAD,FIM-FIM-RNM-TENM
01uWC000005wt54YAA,01tWC00000DD1moYAD,FIM-FIM-RNM-TELSUT
01uWC000005wt55YAA,01tWC00000DD1mrYAD,FIM-FIM-RNM-TELSWN
01uWC000005wt56YAA,01tWC00000DD1muYAD,FIM-FIM-RNM-TEMENM
01uWC000005wt57YAA,01tWC00000DD1n0YAD,FIM-FIM-RNM-TEMINM
01uWC000005wt58YAA,01tWC00000DD1n4YAD,FIM-FIM-RNM-TEMSSU
01uWC000005wt59YAA,01tWC00000DD1n7YAD,FIM-FIM-RNM-TEMSSW
01uWC000005wt5AYAQ,01tWC00000DD1nDYAT,FIM-FIM-RNM-TENDNM
01uWC000005wt5BYAQ,01tWC00000DD1nIYAT,FIM-FIM-RNM-TEPM
01uWC000005wt5CYAQ,01tWC00000DD1nNYAT,FIM-FIM-RNM-TEPSNM
01uWC000005wt5DYAQ,01tWC00000DD1nRYAT,FIM-FIM-RNM-TESSUT
01uWC000005wt5EYAQ,01tWC00000DD1noYAD,FIM-FIM-RNM-TDNM
01uWC000005wt5FYAQ,01tWC00000DD1nsYAD,FIM-FIM-RNM-TDSNM
01uWC000005wt5GYAQ,01tWC00000DD1o1YAD,FIM-FIM-RNM-TSNM
01uWC000005wt5HYAQ,01tWC00000DD1oQYAT,FIM-TLC-RNM-TLCM
01uWC000005wt5IYAQ,01tWC00000DD1oWYAT,FIM-TLC-RNM-TLCCNM
01uWC000005wt5JYAQ,01tWC00000DD1obYAD,FIM-TLC-RNM-TRIPWL
01uWC000005wt5KYAQ,01tWC00000DD20QYAT,DP-DC-RRM-FDAUPGRM
01uWC000005wt5LYAQ,01tWC00000DD20RYAT,DP-DC-RNM-FDAUPGNM
01uWC000005wt5MYAQ,01tWC00000DD20SYAT,DP-DC-RRM-FDPUPGRM
01uWC000005wt5NYAQ,01tWC00000DD20TYAT,DP-DC-RNM-FDPUPGNM
01uWC000005wt5OYAQ,01tWC00000DD20qYAD,SM-VMC-RRM-VSARM
01uWC000005wt5PYAQ,01tWC00000DD20rYAD,SM-VMC-RNM-VSANM
01uWC000005wt5QYAQ,01tWC00000DD20sYAD,SM-ROB-RRM-RBSARRM
01uWC000005wt5RYAQ,01tWC00000DD20tYAD,SM-ROB-RNM-RBSARNM
01uWC000005wt5SYAQ,01tWC00000DD20uYAD,SM-ROB-RRM-RBCARM
01uWC000005wt5TYAQ,01tWC00000DD20vYAD,SM-ROB-RNM-RBCANM
01uWC000005wt5UYAQ,01tWC00000DD20wYAD,DP-DC-RRM-DCDARGRM
01uWC000005wt5VYAQ,01tWC00000DD20xYAD,DP-DC-RNM-DCDARGNM
01uWC000005wt5WYAQ,01tWC00000DD21KYAT,GS-GSE-RRM-AUDREPRM
01uWC000005wt5XYAQ,01tWC00000DD21LYAT,GS-GSE-RRM-CCARM
01uWC000005wt5YYAQ,01tWC00000DD21MYAT,GS-GSE-RRM-DG3SSRM
01uWC000005wt5ZYAQ,01tWC00000DD21PYAT,GS-GSE-RRM-EFT7ERM
01uWC000005wt5aYAA,01tWC00000DD21QYAT,GS-GSE-RNM-EFT7EXNM
01uWC000005wt5bYAA,01tWC00000DD21SYAT,GS-GSE-RNM-EFT7EUNM
01uWC000005wt5cYAA,01tWC00000DD21TYAT,GS-GSE-RRM-E7EURM
01uWC000005wt5dYAA,01tWC00000DD21XYAT,GS-GSE-RRM-EAWEMRM
01uWC000005wt5eYAA,01tWC00000DD21ZYAT,GS-GSE-RRM-EBAMRM
01uWC000005wt5fYAA,01tWC00000DD21aYAD,GS-GSE-RRM-ECBAMRM
01uWC000005wt5gYAA,01tWC00000DD21bYAD,GS-GSE-RNM-EEMTCNM
01uWC000005wt5hYAA,01tWC00000DD21cYAD,GS-GSE-RRM-EFTCMFRM
01uWC000005wt5iYAA,01tWC00000DCwWUYA1,FIM-FIM-RNM-IP36NE
01uWC000005wt5jYAA,01tWC00000DCwWgYAL,IPP-IPP-RNM-IPPNEW
01uWC000005wt5kYAA,01tWC00000DCwWhYAL,IPP-IPP-RRM-IPPREN
01uWC000005wt5lYAA,01tWC00000DCxkqYAD,FIM-FIM-RNM-TACADE
01uWC000005wt5mYAA,01tWC00000DCxkuYAD,FIM-FIM-RNM-TEAIN
01uWC000005wt5nYAA,01tWC00000DCxkxYAD,FIM-FIM-RNM-TEAINS
01uWC000005wt5oYAA,01tWC00000DCxlZYAT,FIM-FIM-RNM-TFSWNM
01uWC000005wt5pYAA,01tWC00000DCyyBYAT,FIM-FIM-RNM-VEMENM
01uWC000005wt5qYAA,01tWC00000DCyyIYAT,FIM-FIM-RNM-VEMEEN
01uWC000005wt5rYAA,01tWC00000DCyyKYAT,FIM-FIM-RNM-VEMELN
01uWC000005wt5sYAA,01tWC00000DCyyRYAT,VM-DDL-RNM-VULNNE
01uWC000005wt5tYAA,01tWC00000DCyySYAT,VM-DDL-RRM-VULNRE
01uWC000005wt5uYAA,01tWC00000DCzhLYAT,GOA-GAM-RNM-GCBGNM
01uWC000005wt5vYAA,01tWC00000DCzhMYAT,GOA-GAM-RRM-GPBCRM
01uWC000005wt5wYAA,01tWC00000DCzhNYAT,GOA-GAM-RNM-GPBCNM
01uWC000005wt5xYAA,01tWC00000DCzhOYAT,GOA-GAM-RRM-GPBTPRM
01uWC000005wt5yYAA,01tWC00000DCzhPYAT,GOA-GAM-RNM-GPBTPNM
01uWC000005wt5zYAA,01tWC00000DCzhQYAT,GOA-GAM-RRM-GSBGRM
01uWC000005wt60YAA,01tWC00000DCzhRYAT,GOA-GAM-RNM-GSBGNM
01uWC000005wt61YAA,01tWC00000DCzhSYAT,GOA-GAM-RRM-GSBGTPRM
01uWC000005wt62YAA,01tWC00000DCzhTYAT,GOA-GAM-RNM-GSBGTPNM
01uWC000005wt63YAA,01tWC00000DCzhUYAT,BI-ISA-RRM-IACRM
01uWC000005wt64YAA,01tWC00000DCzhVYAT,BI-ISA-RNM-IACNM
01uWC000005wt7hYAA,01tWC00000DD10XYAT,ES-SEG-RNM-CSEGANM
01uWC000005wt7iYAA,01tWC00000DD10YYAT,ES-SEG-RRM-CSEGARM
01uWC000005wt7jYAA,01tWC00000DD116YAD,DM-WCU-RNM-5250NE
01uWC000005wt7kYAA,01tWC00000DD14KYAT,RPA-AUT-RNM-AMAONM
01uWC000005wt7lYAA,01tWC00000DD14MYAT,RPA-AUT-RRM-AMAORM
01uWC000005wt7mYAA,01tWC00000DD15tYAD,FIM-FIM-RRM-CCMNDR
01uWC000005wt7nYAA,01tWC00000DD15yYAD,FIM-FIM-RRM-CCMSRM
01uWC000005wt7oYAA,01tWC00000DD163YAD,FIM-FIM-RRM-CCMSIR
01uWC000005wt7pYAA,01tWC00000DD168YAD,FIM-FIM-RRM-CCMWRM
01uWC000005wt7qYAA,01tWC00000DD16FYAT,FIM-FIM-RRM-CCMLIR
01uWC000005wt7rYAA,01tWC00000DD16NYAT,FIM-FIM-RRM-CCMMSR
01uWC000005wt7sYAA,01tWC00000DD16SYAT,FIM-FIM-RRM-CCMSCA
01uWC000005wt7tYAA,01tWC00000DD16dYAD,GS-GSE-RRM-CDPA
01uWC000005wt7uYAA,01tWC00000DD194YAD,GS-GSE-RNM-CSBNM
01uWC000005wt7vYAA,01tWC00000DD1A4YAL,DP-DLP-RNM-DPNM
01uWC000005wt7wYAA,01tWC00000DD1A5YAL,DP-DLP-RRM-DPRM
01uWC000005wt7xYAA,01tWC00000DD1BPYA1,FIM-FIM-RRM-DPEREN
01uWC000005wt7yYAA,01tWC00000DD1BRYA1,FIM-FIM-RNM-DPEENM
01uWC000005wt7zYAA,01tWC00000DD1BTYA1,FIM-FIM-RRM-DPEERM
01uWC000005wt80YAA,01tWC00000DD1BXYA1,FIM-FIM-RRM-DPELRM
01uWC000005wt81YAA,01tWC00000DD1BlYAL,DP-DLP-RNM-DGDNDL
01uWC000005wt82YAA,01tWC00000DD1E7YAL,GS-GSE-RRM-EAAM
01uWC000005wt83YAA,01tWC00000DD1EcYAL,GS-GSE-RNM-EFTC
01uWC000005wt84YAA,01tWC00000DD1EyYAL,GS-GSE-RNM-EEXPRE
01uWC000005wt85YAA,01tWC00000DD1F4YAL,GS-GSE-RNM-EEMM
01uWC000005wt86YAA,01tWC00000DD1FHYA1,GS-GSE-RNM-EFTEXW
01uWC000005wt87YAA,01tWC00000DD1FnYAL,GS-GSE-RNM-ESMM
01uWC000005wt88YAA,01tWC00000DD1FtYAL,GS-GSE-RNM-EFTSE
01uWC000005wt89YAA,01tWC00000DD1G7YAL,GS-GSE-RRM-EFSMB
01uWC000005wt8AYAQ,01tWC00000DD1GnYAL,ES-SEG-RRM-ESRM
01uWC000005wt8BYAQ,01tWC00000DD1IGYA1,FIM-FIM-RRM-FIMMIS
01uWC000005wt8CYAQ,01tWC00000DD1IbYAL,FIM-FIM-RRM-FIMSMR
01uWC000005wt8DYAQ,01tWC00000DD1IhYAL,GOA-FIL-RNM-FCNM
01uWC000005wt8EYAQ,01tWC00000DD1IiYAL,GOA-FIL-RRM-FCRM
01uWC000005wt8FYAQ,01tWC00000DCwWWYA1,FIM-FIM-RRM-IP36RE
01uWC000005wt8GYAQ,01tWC00000DD1TdYAL,OS-CI-RNM-OFFENE
01uWC000005wt8HYAQ,01tWC00000DD1TeYAL,OS-CI-RRM-OFFERE
01uWC000005wt8IYAQ,01tWC00000DD1X8YAL,GS-GSE-RNM-RNM
01uWC000005wt8JYAQ,01tWC00000DD1XMYA1,GS-GSE-RRM-RAMRM
01uWC000005wt8KYAQ,01tWC00000DD1kcYAD,GS-GSE-RNM-SFTPBN
01uWC000005wt8LYAQ,01tWC00000DCxlbYAD,FIM-FIM-RRM-TFSWRM
01uWC000005wt8MYAQ,01tWC00000DD1gSYAT,FIM-FIM-RRM-TRAP
01uWC000005wt8NYAQ,01tWC00000DD1gXYAT,FIM-FIM-RRM-TRIPWA
01uWC000005wt8OYAQ,01tWC00000DD1gcYAD,FIM-FIM-RRM-TAESUR
01uWC000005wt8PYAQ,01tWC00000DD1glYAD,FIM-FIM-RRM-TRAPP
01uWC000005wt8QYAQ,01tWC00000DD1gpYAD,FIM-FIM-RRM-TRIAPT
01uWC000005wt8RYAQ,01tWC00000DD1gtYAD,FIM-FIM-RRM-TRATE
01uWC000005wt8SYAQ,01tWC00000DD1gyYAD,FIM-FIM-RRM-TEUSLFRM
01uWC000005wt8TYAQ,01tWC00000DD1gzYAD,FIM-FIM-RRM-TRAPTI
01uWC000005wt8UYAQ,01tWC00000DD1h3YAD,FIM-FIM-RRM-TAPTIN
01uWC000005wt8VYAQ,01tWC00000DD1h8YAD,FIM-FIM-RRM-TATINF
01uWC000005wt8WYAQ,01tWC00000DCzGKYA1,FIM-FIM-RRM-TEIDRM
01uWC000005wt8XYAQ,01tWC00000DD1mqYAD,FIM-FIM-RRM-TELM
01uWC000005wt8YYAQ,01tWC00000DD1mtYAD,FIM-FIM-RRM-TENTER
01uWC000005wt8ZYAQ,01tWC00000DD1n6YAD,FIM-FIM-RRM-TEMM
01uWC000005wt8aYAA,01tWC00000DD1nAYAT,FIM-FIM-RRM-TRIENM
01uWC000005wt8bYAA,01tWC00000DD1o4YAD,FIM-FIM-RRM-TSRM
01uWC000005wt8cYAA,01tWC00000DD1oTYAT,FIM-TLC-RRM-TRLO
01uWC000005wt8dYAA,01tWC00000DD1oUYAT,FIM-FIM-RRM-IP36FRM
01uWC000005wt8eYAA,01tWC00000DD1oYYAT,FIM-TLC-RRM-TLCCRM
01uWC000005wt8fYAA,01tWC00000DD1odYAD,FIM-TLC-RRM-TRIPLO
01uWC000005wt8gYAA,01tWC00000DD1okYAD,FIM-TLC-RRM-TRLOG
01uWC000005wt8hYAA,01tWC00000DD1ooYAD,FIM-TLC-RRM-TRIPLC
01uWC000005wt8iYAA,01tWC00000DD1ouYAD,FIM-FIM-RRM-VEMEER
01uWC000005wt8jYAA,01tWC00000DD1ovYAD,FIM-TLC-RRM-TRLOGC
01uWC000005wt8kYAA,01tWC00000DD1p4YAD,FIM-TLC-RRM-TLCIER
01uWC000005wt8lYAA,01tWC00000DD1p8YAD,FIM-FIM-RRM-TADMEERM
01uWC000005wt8mYAA,01tWC00000DD1pBYAT,FIM-TLC-RRM-TLOCEN
01uWC000005wt8nYAA,01tWC00000DD1pEYAT,FIM-FIM-RRM-DP700RM
01uWC000005wt8oYAA,01tWC00000DD1pIYAT,FIM-TLC-RRM-TRLCEM
01uWC000005wt8pYAA,01tWC00000DD1pRYAT,FIM-TLC-RRM-TLOCNE
01uWC000005wt8qYAA,01tWC00000DD1plYAD,FIM-TLC-RRM-TRLCVE
01uWC000005wt8rYAA,01tWC00000DD1pnYAD,FIM-TLC-RRM-TLCFMR
01uWC000005wt8sYAA,01tWC00000DD1tMYAT,FIM-TLC-RRM-TRLCER
01uWC000005wt8tYAA,01tWC00000DD1tSYAT,FIM-FIM-RRM-TMRM
01uWC000005wt8uYAA,01tWC00000DD1tfYAD,FIM-FIM-RRM-TSAERM
01uWC000005wt8vYAA,01tWC00000DCyyDYAT,FIM-FIM-RRM-VEMERM
01uWC000005wt8wYAA,01tWC00000DCyyMYAT,FIM-FIM-RRM-VEMELR
01uWC000005wt8xYAA,01tWC00000DD1yCYAT,GS-GSE-RRM-WORKRE
01uWC000005wt8yYAA,01tWC00000DD1yGYAT,GS-GSE-RRM-EEMTCRM
01uWC000005wt8zYAA,01tWC00000DD21JYAT,GS-GSE-RRM-AAMRM
01uWC000005wt90YAA,01tWC00000DD21NYAT,GS-GSE-RNM-DG3SSNM
01uWC000005wt91YAA,01tWC00000DD21OYAT,GS-GSE-RNM-EFT7ENM
01uWC000005wt92YAA,01tWC00000DD21RYAT,GS-GSE-RRM-EFT7EXRM
01uWC000005wt93YAA,01tWC00000DD21UYAT,GS-GSE-RRM-EFT8EXRM
01uWC000005wt94YAA,01tWC00000DD21WYAT,GS-GSE-RRM-EFT8ERM
01uWC000005wt95YAA,01tWC00000DD21YYAT,GS-GSE-RNM-EBAMNM
01uWC000005wt96YAA,01tWC00000DD22PYAT,GS-GSE-RRM-AWERM
01uWC000005wt97YAA,01tWC00000DD22VYAT,GS-GSE-RRM-DGE3MSRM
01uWC000005wt98YAA,01tWC00000DD22XYAT,GS-GSE-RRM-DGE3MURM
01uWC000005wt99YAA,01tWC00000DD22ZYAT,GS-GSE-RRM-EARMRM
01uWC000005xE7JYAU,01tWC00000FBYsBYAX,FIM-FIM-RNM-CCMNDN-TECH
01uWC000005xE7KYAU,01tWC00000FBYsCYAX,FIM-FIM-RRM-CCMNDR-TECH
01uWC000005xE7LYAU,01tWC00000FBYsFYAX,FIM-FIM-RNM-CCMSNM-TECH
01uWC000005xE7MYAU,01tWC00000FBYsGYAX,FIM-FIM-RRM-CCMSRM-TECH
01uWC000005xE7NYAU,01tWC00000FBZZ7YAP,FIM-FIM-RNM-PMNDNM-TECH
01uWC000005xE7OYAU,01tWC00000FBZZ9YAP,FIM-FIM-RRM-PMNDRM-TECH
01uWC000005xE7PYAU,01tWC00000FBZZCYA5,FIM-FIM-RNM-POLICY-TECH
01uWC000005xE7QYAU,01tWC00000FBZZEYA5,FIM-FIM-RRM-PMPM-TECH
01uWC000005xE7RYAU,01tWC00000FBZZHYA5,FIM-FIM-RNM-PMPSNM-TECH
01uWC000005xE7SYAU,01tWC00000FBZZJYA5,FIM-FIM-RRM-PMPSRM-TECH
01uWC000006XPKLYA4,01tWC00000DD1ouYAD,FIM-FIM-RRM-VEMEER
01uWC000006XPLxYAO,01tWC00000DD1ouYAD,FIM-FIM-RRM-VEMEER
01uWC000006XPNZYA4,01tWC00000DD1buYAD,PIA-PIA-RRM-PIAM
01uWC000006XPPBYA4,01tWC00000DD1buYAD,PIA-PIA-RRM-PIAM
01uWC000006otttYAA,01tWC00000IAluiYAD,ZZ_E2E_RCA_20260613
