Product2Id,Product2.ProductCode,Product2.Name,Product2.Family
01tWC00000DD1ggYAD,FIM-FIM-RNM-TATM,Tripwire App - TE Integration Framework - CA Service Desk - Utility-NewMaintenance,New Maintenance
01tWC00000DD09SYAT,DM-DML-RNM-NDIRCN,Native DataImport Report Converter-NewMaintenance,New Maintenance
01tWC00000DD1a5YAD,FIM-FIM-RNM-PMPSNM,Policy Manager for POS Servers-NewMaintenance,New Maintenance
01tWC00000DD23CYAT,SM-ROB-RRM-RBSANRM,"Robot Bundle - Schedule, Alert, Network-RenewalMaintenance",Renewal Maintenance
01tWC00000DD20XYAT,DP-DC-RNM-MCCDBSNM,Message Classification & Classification for Office & Classification for Desktop Bundle - Standard-NewMaintenance,New Maintenance
01tWC00000DD1qaYAD,CM-VCM-RRM-VCMLFR,Vityl Capacity Management License Fee-RenewalMaintenance,Renewal Maintenance
01tWC00000DD1aEYAT,DM-EU-RNM-POP4NE,POP/400 Email Retrieval API-NewMaintenance,New Maintenance
01tWC00000DD0AbYAL,ES-SEG-RNM-OCRF,OCR Feature For Information Governance Server-NewMaintenance,New Maintenance
01tWC00000DD1tzYAD,CM-TQU-RNM-UTQCOO,Unisys - TeamQuest CULL OS2200-OTC-NewMaintenance,New Maintenance
01tWC00000DD1K0YAL,DP-DC-RNM-FCSPNM,Fortra Classifier Suite Plus-NewMaintenance,New Maintenance
01tWC00000DD215YAD,FIM-FIM-RRM-TIARM,Tripwire Industrial Appliance-RenewalMaintenance,Renewal Maintenance
01tWC00000DD1sTYAT,SM-VMC-RRM-VUTM,VMC - Universal Transaction Agent - 5 Script Runners-RenewalMaintenance,Renewal Maintenance
01tWC00000DD1ouYAD,FIM-FIM-RRM-VEMEER,VnE Manager Ev Express-RenewalMaintenance,Renewal Maintenance
01tWC00000DD146YAD,RPA-AUT-RRM-AEDTRM,Automate Enterprise Developer Tools-RenewalMaintenance,Renewal Maintenance
01tWC00000DD238YAD,SM-ROB-RRM-RBCANRM,"Robot Bundle - Console, Alert, Network-RenewalMaintenance",Renewal Maintenance
01tWC00000DD213YAD,FIM-FIM-RNM-FENM,FORTRAVM - EVAL-NewMaintenance,New Maintenance
01tWC00000DD1wKYAT,SM-VMC-RRM-VICONT,VISUAL Control/LPAR Tuner-RenewalMaintenance,Renewal Maintenance
01tWC00000DCxl7YAD,CM-TQO-RRM-TQAM,TeamQuest Analyzer & Predictor & CMIS for Systems-RenewalMaintenance,Renewal Maintenance
01tWC00000DD1KJYA1,DP-DC-RRM-FDAPRM,Fortra DCS Advanced Package-RenewalMaintenance,Renewal Maintenance
01tWC00000DD1avYAD,CS-PCS-RRM-PCSIIR,Powertech Command Security for IBM i-RenewalMaintenance,Renewal Maintenance
01tWC00000DD22cYAD,GS-GSE-RRM-EESMERM,EFT Express Security Module ESM-RenewalMaintenance,Renewal Maintenance
01tWC00000DD1UKYA1,DM-IRC-RNM-PDFCNM,PDF Converter-NewMaintenance,New Maintenance
01tWC00000DD214YAD,FIM-FIM-RNM-TCLNM,Tripwire Connect Local-NewMaintenance,New Maintenance
01tWC00000DD18rYAD,OS-CI-RRM-COREI,Core Impact-RenewalMaintenance,Renewal Maintenance
01tWC00000DD1lYYAT,SM-SFM-RRM-SFMDRM,Spooled File Mgr-DMS-RenewalMaintenance,Renewal Maintenance
01tWC00000DD1uQYAT,CM-TQU-RNM-UNNM,Unisys - TeamQuest MSAR OS2200-OTC-NewMaintenance,New Maintenance
01tWC00000DCxlGYAT,CM-TQO-RRM-TEAMQU,TeamQuest Analyzer & Surveyor & CMIS for Systems-RenewalMaintenance,Renewal Maintenance
01tWC00000DD1mBYAT,DM-SV4-RRM-S4SUPR,Surveyor/400 - Single User Price-RenewalMaintenance,Renewal Maintenance
01tWC00000DD1t3YAD,SM-VMC-RRM-VMWE,VMC - WebSphere Application Server Operations Agent-RenewalMaintenance,Renewal Maintenance
01tWC00000DCyyBYAT,FIM-FIM-RNM-VEMENM,VnE Manager Ev-NewMaintenance,New Maintenance
01tWC00000DD1ARYA1,ES-SWG-RRM-DRSWGR,Data Redaction For SECURE Web Gateway-RenewalMaintenance,Renewal Maintenance
01tWC00000DD1xYYAT,DM-DML-RNM-WSBRSN,WinSpool Batch Report Server-NewMaintenance,New Maintenance
01tWC00000DD1MFYA1,GOA-GAM-RNM-GAASRN,GoAnywhere AS2 Send/Receive-NewMaintenance,New Maintenance
01tWC00000DD225YAD,FIM-FIM-RNM-TEVEENM,Tripwire Enterprise for VMware ESX - EVAL-NewMaintenance,New Maintenance
01tWC00000DD1OUYA1,GOA-GAM-RNM-GASMNM,GoAnywhere Secure Mail-NewMaintenance,New Maintenance
01tWC00000DD13QYAT,IGA-AAS-RNM-ACISNE,Aspect Communications IVR Software-NewMaintenance,New Maintenance
01tWC00000DD1fRYAT,IGA-AAS-RNM-SECUNE,SecureReset-NewMaintenance,New Maintenance
01tWC00000DD18QYAT,IGA-VIS-RNM-CCNM,Core Certify-NewMaintenance,New Maintenance
01tWC00000DD238YAD,SM-ROB-RRM-RBCANRM,"Robot Bundle - Console, Alert, Network-RenewalMaintenance",Renewal Maintenance
01tWC00000DD1J8YAL,GOA-FIL-RRM-FCDRM,FileCatalyst Direct-RenewalMaintenance,Renewal Maintenance
01tWC00000DD1m9YAD,DM-SV4-RNM-S4SUPN,Surveyor/400 - Single User Price-NewMaintenance,New Maintenance
01tWC00000DD1gCYAT,BI-SQ-RRM-SERE,Sequel-RenewalMaintenance,Renewal Maintenance
01tWC00000DD1bYYAT,CS-PEI-RNM-PEIIAI,Powertech Encryption for IBM i (Auto IFS Encryption Module)-NewMaintenance,New Maintenance
01tWC00000DD18NYAT,IGA-CAI-RNM-CAINM,Core Access Insight-NewMaintenance,New Maintenance
01tWC00000DD1spYAD,SM-VMC-RNM-VVOM,VMC - VMware Operations Agent-NewMaintenance,New Maintenance
01tWC00000DD1rFYAT,SM-VMC-RRM-VMCISE,VMC - iSeries Performance Agent (Powered by VCW)-RenewalMaintenance,Renewal Maintenance
01tWC00000DCxm4YAD,DP-DC-RNM-TMCNM,Titus Message Classification-NewMaintenance,New Maintenance
01tWC00000DD1qpYAD,SM-VMC-RNM-VMCA,VMC - Additional ThinkServer-NewMaintenance,New Maintenance
01tWC00000DD1YRYA1,SM-RAT-RRM-RORM,Robot Autotune-RenewalMaintenance,Renewal Maintenance
01tWC00000DD236YAD,SM-PN-RRM-VCPPRM,VISUAL Control Performance Planner-RenewalMaintenance,Renewal Maintenance
01tWC00000DD1m0YAD,ES-SIG-RNM-SSSICG,Structural Sanitization For SECURE ICAP Gateway Per Instance-NewMaintenance,New Maintenance
01tWC00000DD1JgYAL,DP-DCL-RNM-FIRENE,Fire and Forget-NewMaintenance,New Maintenance
01tWC00000DD1gkYAD,FIM-FIM-RNM-TRIAPP,Tripwire App - TE Integration Framework - ChangeGear - Utility-NewMaintenance,New Maintenance
01tWC00000DD1dnYAD,SM-SAP-RRM-SAPIRE,SAP Interface-RenewalMaintenance,Renewal Maintenance
01tWC00000DD16JYAT,FIM-FIM-RRM-CCMLSC,CCM Limited Scan Engine-RenewalMaintenance,Renewal Maintenance
01tWC00000DCyyVYAT,BI-WB-RRM-WAREBR,Warehouse Builder-RenewalMaintenance,Renewal Maintenance
01tWC00000DD1wGYAT,SM-PN-RRM-VISCON,VISUAL Control Performance Planner - for iSeries-RenewalMaintenance,Renewal Maintenance
01tWC00000DD1e5YAD,ES-SEG-RNM-SECURE,SECURE Email Gateway-NewMaintenance,New Maintenance
01tWC00000DD0AHYA1,SM-NSS-RNM-NSSLNM,NSS - Linux-NewMaintenance,New Maintenance
01tWC00000DD1qAYAT,SM-VMC-RNM-VMESSA,VISUAL Message Center Suite for Operations-NewMaintenance,New Maintenance
01tWC00000DD22cYAD,GS-GSE-RRM-EESMERM,EFT Express Security Module ESM-RenewalMaintenance,Renewal Maintenance
01tWC00000DD1QPYA1,SM-LSO-RRM-LSOSRE,Lvl2: Systems Operations Suite-RenewalMaintenance,Renewal Maintenance
01tWC00000DD11RYAT,CM-TQO-RRM-AMEPER,ActiveMetrics Enterprise Plus Edition-RenewalMaintenance,Renewal Maintenance
01tWC00000DCyyZYAT,BI-WM-RRM-WAREMR,Warehouse Manager-RenewalMaintenance,Renewal Maintenance
01tWC00000DD1p8YAD,FIM-FIM-RRM-TADMEERM,Tripwire Asset Discovery Manager Ev Express-RenewalMaintenance,Renewal Maintenance
01tWC00000DD1uuYAD,CM-TQU-RRM-UTEQPO,Unisys - TeamQuest PM2200 OS2200-OTC-RenewalMaintenance,Renewal Maintenance
01tWC00000DD11jYAD,SM-ARS-RNM-ARSLNM,Advanced Reporting Suite License-NewMaintenance,New Maintenance
01tWC00000DD1kQYAT,BI-SWI-RRM-SEQUEW,SEQUEL Web Interface-RenewalMaintenance,Renewal Maintenance
01tWC00000DD20WYAT,DP-DC-RRM-MCCDBSRM,Message Classification & Classification for Office & Classification for Desktop Bundle - Standard-RenewalMaintenance,Renewal Maintenance
01tWC00000DD21yYAD,GOA-GAM-RNM-GPSBWGNM,GoAnywhere PeSIT Starter Bundle with Gateway-NewMaintenance,New Maintenance
01tWC00000DD1NlYAL,GOA-GAM-RNM-GAPSCN,GoAnywhere PeSIT Client-NewMaintenance,New Maintenance
01tWC00000DD1tlYAD,FIM-FML-RRM-TVSSRM,Tripwire VIA for Small Stores-RenewalMaintenance,Renewal Maintenance
01tWC00000DD1mDYAT,DM-SV4-RNM-S4SUPU,Surveyor/400 - Single User Price - Unlimited Partitions-NewMaintenance,New Maintenance
01tWC00000DD1f9YAD,ES-SIG-RRM-SICGAP,SECURE ICAP Gateway Per Instance-RenewalMaintenance,Renewal Maintenance
01tWC00000DD09UYAT,DM-DML-RRM-NDIRCR,Native DataImport Report Converter-RenewalMaintenance,Renewal Maintenance
01tWC00000DD1gGYAT,BI-SQ-RRM-SUBRM,Sequel - User Based-RenewalMaintenance,Renewal Maintenance
01tWC00000DD1wgYAD,DM-DML-RRM-WDBIRM,WebDocs Batch Import-RenewalMaintenance,Renewal Maintenance
01tWC00000DCyxlYAD,SM-VMC-RNM-VWPM,VMC - Windows Performance Agent-NewMaintenance,New Maintenance
01tWC00000DD1R8YAL,SM-MES-RNM-MESSNE,MessengerConsole-NewMaintenance,New Maintenance
01tWC00000DD1DEYA1,ES-SXG-RRM-DOSA,Document Sanitization For SECURE Exchange Gateway-RenewalMaintenance,Renewal Maintenance
01tWC00000DD1fXYAT,SM-SYM-RRM-SRM,Security-RenewalMaintenance,Renewal Maintenance
01tWC00000DD1JaYAL,GOA-FIL-RRM-FCWARM,FileCatalyst Workflow Acceleration-RenewalMaintenance,Renewal Maintenance
01tWC00000DD1dZYAT,DP-DCL-RRM-SAFERE,SAFEmail Suite-RenewalMaintenance,Renewal Maintenance
01tWC00000DD1GPYA1,DM-DML-RRM-ELECDR,Electronic Forms Designer-RenewalMaintenance,Renewal Maintenance
01tWC00000DD1TRYA1,ES-SIG-RNM-OCRFE,OCR Feature For SECURE ICAP Gateway-NewMaintenance,New Maintenance
01tWC00000DD22UYAT,GS-GSE-RNM-DGE3MSNM,DMZ Gateway Enterprise 3 - Multi-Site-NewMaintenance,New Maintenance
01tWC00000DD1AFYA1,ES-SXG-RRM-DARE,Data Redaction For SECURE Exchange Gateway-RenewalMaintenance,Renewal Maintenance
01tWC00000DD1HPYA1,SM-EC-RNM-ECNM,Enterprise Console-NewMaintenance,New Maintenance
01tWC00000DD1xuYAD,DM-DML-RNM-WSPNM,WinSpool Postscript-NewMaintenance,New Maintenance
01tWC00000DD1ndYAD,FIM-FIM-RNM-TRIPED,Tripwire Enterprise/DB-NewMaintenance,New Maintenance
01tWC00000DD1XVYA1,BI-SDW-RRM-RDPRM,Remote Data Push-RenewalMaintenance,Renewal Maintenance
01tWC00000DD13SYAT,IGA-AAS-RRM-ACISRE,Aspect Communications IVR Software-RenewalMaintenance,Renewal Maintenance
01tWC00000DD1GSYA1,DM-DML-RRM-ELECLR,Electronic Forms License-RenewalMaintenance,Renewal Maintenance
01tWC00000DD1y2YAD,DM-DML-RRM-WSWRSR,WinSpool Web Report Server-RenewalMaintenance,Renewal Maintenance
01tWC00000DD1qzYAD,SM-VMC-RRM-VDAM,VMC - Debugging Agent-RenewalMaintenance,Renewal Maintenance
01tWC00000DD1V0YAL,CM-TQO-RNM-PO1YNE,PMPlus OS2200-1-Year-Tier10-Mainframe-NewMaintenance,New Maintenance
01tWC00000DD0AfYAL,ES-SEG-RNM-OFSM,OCR Feature For SECURE Email Gateway-NewMaintenance,New Maintenance
01tWC00000DD20QYAT,DP-DC-RRM-FDAUPGRM,"Fortra DCS ""Advance"" ULTRA Package - Government-RenewalMaintenance",Renewal Maintenance
01tWC00000DD1weYAD,DM-DML-RNM-WDBINM,WebDocs Batch Import-NewMaintenance,New Maintenance
01tWC00000DD1OHYA1,GOA-GAM-RRM-GAPBRM,GoAnywhere Premium Bundle-RenewalMaintenance,Renewal Maintenance
01tWC00000DD1NsYAL,GOA-GAM-RRM-GAPM,GoAnywhere PeSIT Express Bundle-RenewalMaintenance,Renewal Maintenance
01tWC00000DD1OgYAL,GOA-GAM-RNM-GASSNM,GoAnywhere SFTP Server-NewMaintenance,New Maintenance
01tWC00000DD1kzYAD,DM-SH-RRM-SIGNRE,SignHere-RenewalMaintenance,Renewal Maintenance
01tWC00000DD10mYAD,OS-COS-RNM-CSNM,Cobalt Strike-NewMaintenance,New Maintenance
01tWC00000DD1TwYAL,DP-DC-RNM-OWACNE,OWA Classifier-NewMaintenance,New Maintenance
01tWC00000DD1WvYAL,SM-QSM-RNM-QSYSNE,QSystem Monitor-NewMaintenance,New Maintenance
01tWC00000DD1fqYAD,SM-VMC-RNM-SKENM,Security KM Events-NewMaintenance,New Maintenance
01tWC00000DD1rZYAT,SM-VMC-RRM-VISSAG,VMC - iSeries Support Agent-RenewalMaintenance,Renewal Maintenance
01tWC00000DD1APYA1,ES-SWG-RNM-DRSWGN,Data Redaction For SECURE Web Gateway-NewMaintenance,New Maintenance
01tWC00000DD1UOYA1,DM-PCR-RNM-PDFSNM,PDF Splitter-NewMaintenance,New Maintenance
01tWC00000DD1y5YAD,DM-DML-RRM-WINVRE,WinView-RenewalMaintenance,Renewal Maintenance
01tWC00000DD20mYAD,FIM-FIM-RRM-TENDERM,Tripwire Enterprise for Network Devices - EVAL-RenewalMaintenance,Renewal Maintenance
01tWC00000DD16eYAD,SM-HCS-RNM-CGISNE,CGI Suite-NewMaintenance,New Maintenance
01tWC00000DCwWkYAL,DM-DML-RRM-ISDARM,iSeries Data Access-RenewalMaintenance,Renewal Maintenance
01tWC00000DD1P5YAL,GOA-GAM-RRM-GAWBRM,GoAnywhere Workflows Basic-RenewalMaintenance,Renewal Maintenance
01tWC00000DD1OiYAL,GOA-GAM-RRM-GASSRM,GoAnywhere SFTP Server-RenewalMaintenance,Renewal Maintenance
01tWC00000DCyyVYAT,BI-WB-RRM-WAREBR,Warehouse Builder-RenewalMaintenance,Renewal Maintenance
01tWC00000DD1LtYAL,GOA-GAM-RRM-GAAM,GoAnywhere Accelerated File Transfer Per Gbps-RenewalMaintenance,Renewal Maintenance
01tWC00000DD15MYAT,SM-SMB-RNM-BUNDLE,"BUNDLE - Message, Monitor, Remote Control-NewMaintenance",New Maintenance
01tWC00000DD1B3YAL,DM-DLN-RNM-DELILN,DeliverNow - Legacy-NewMaintenance,New Maintenance
01tWC00000DD1AJYA1,ES-SIG-RRM-DRSIGR,Data Redaction For SECURE ICAP Gateway-RenewalMaintenance,Renewal Maintenance
01tWC00000DD19GYAT,DM-IRC-RRM-CSVCRE,CSV Converter-RenewalMaintenance,Renewal Maintenance
01tWC00000DD1BhYAL,DP-DLP-RNM-DGDMCN,DG Management Console-NewMaintenance,New Maintenance
01tWC00000DD1wuYAD,DM-WEB-RNM-WDIMNM,WebDocs Invoice Manager-NewMaintenance,New Maintenance
01tWC00000DD1rtYAD,SM-VMC-RRM-VNOM,VMC - Network Operations Agent-RenewalMaintenance,Renewal Maintenance
01tWC00000DD1neYAD,FIM-FIM-RNM-TRIEND,Tripwire Enterprise/DS-NewMaintenance,New Maintenance
01tWC00000DD23AYAT,SM-ROB-RRM-RBSARM,Robot Bundle - Schedule & Alert-RenewalMaintenance,Renewal Maintenance
01tWC00000DD1AxYAL,DM-DML-RNM-DTBLNM,DealerTrack Bundle - Legacy-NewMaintenance,New Maintenance
01tWC00000DD1uQYAT,CM-TQU-RNM-UNNM,Unisys - TeamQuest MSAR OS2200-OTC-NewMaintenance,New Maintenance
01tWC00000DD1alYAD,CS-PAB-RNM-PABIIN,Powertech Authority Broker for IBM i-NewMaintenance,New Maintenance
01tWC00000DD1lSYAT,SM-SFM-RNM-SFMNM,Spooled File Manager-NewMaintenance,New Maintenance
01tWC00000DCxlXYAT,DM-IRC-RRM-TRCARE,Text Report Converter (ASCII/ANSI/TXT/PRN)-RenewalMaintenance,Renewal Maintenance
01tWC00000DD1K4YAL,DP-DC-RNM-FDUPN,"Fortra DCS ""Advance"" ULTRA Package-NewMaintenance",New Maintenance
01tWC00000DD1N6YAL,GOA-GAM-RNM-GAEBNM,GoAnywhere Enterprise Bundle-NewMaintenance,New Maintenance
01tWC00000DCzhhYAD,BI-SDW-RNM-SDWSBENM,Sequel Data Warehouse (RODIN) Select License - Bronze Edition-NewMaintenance,New Maintenance
01tWC00000DD0A4YAL,IGA-AAS-RRM-NSCCRE,Non-Standard Core Connectors-RenewalMaintenance,Renewal Maintenance
01tWC00000DD1CzYAL,DM-WCU-RNM-DAANM,docAlpha(Artsyl)-NewMaintenance,New Maintenance
01tWC00000DD1HDYA1,BI-SDW-RNM-ENET,Enhanced ETL-NewMaintenance,New Maintenance
01tWC00000DD1v0YAD,CM-TQU-RNM-UNTQPM,Unisys - TeamQuest PMPlus MCP-OTC-NewMaintenance,New Maintenance
01tWC00000DD20qYAD,SM-VMC-RRM-VSARM,VMC - Security Agent-RenewalMaintenance,Renewal Maintenance
01tWC00000DD1l1YAD,DM-SH-RNM-SIGNLN,SignHere Legacy-NewMaintenance,New Maintenance
01tWC00000DD20eYAD,FIM-FIM-RNM-TECMBENM,Tripwire Enterprise Console - MySQL Backend - EVAL-NewMaintenance,New Maintenance
01tWC00000DCwVXYA1,DM-IBM-RRM-IFSTRE,IFS Tools-RenewalMaintenance,Renewal Maintenance
01tWC00000DD17pYAD,DM-DML-RNM-CBNM,Comprehensive Bundle-NewMaintenance,New Maintenance
01tWC00000DD1ZvYAL,FIM-FIM-RNM-PMNDNM,Policy Manager for Network Devices-NewMaintenance,New Maintenance
01tWC00000DD1tzYAD,CM-TQU-RNM-UTQCOO,Unisys - TeamQuest CULL OS2200-OTC-NewMaintenance,New Maintenance
01tWC00000DD1xSYAT,DM-WCU-RRM-WAIREN,Windows Application Integrator-RenewalMaintenance,Renewal Maintenance
01tWC00000DD1LvYAL,GOA-GAM-RNM-GAAANM,GoAnywhere Advanced Agent-NewMaintenance,New Maintenance
01tWC00000DD21BYAT,FIM-FML-RRM-TSAURM,Tripwire State Analyzer Upgrade-RenewalMaintenance,Renewal Maintenance
01tWC00000DD20XYAT,DP-DC-RNM-MCCDBSNM,Message Classification & Classification for Office & Classification for Desktop Bundle - Standard-NewMaintenance,New Maintenance
01tWC00000DD1kAYAT,BI-SQ-RNM-SEQUSM,SEQUEL SMB Bundle Additional User-NewMaintenance,New Maintenance
01tWC00000DD1gEYAT,BI-SQ-RNM-SUBNM,Sequel - User Based-NewMaintenance,New Maintenance
01tWC00000DD21ZYAT,GS-GSE-RRM-EBAMRM,EFT Business Activity Monitor (BAM)-RenewalMaintenance,Renewal Maintenance
01tWC00000DD1KVYA1,DP-DC-RRM-FDDM,Fortra DCS for DaR (Data at rest) with DCS INTELLIGENT PROTECTION-RenewalMaintenance,Renewal Maintenance
01tWC00000DD1TbYAL,ES-SIG-RRM-OSIM,OCR For SECURE ICAP Gateway Per Instance-RenewalMaintenance,Renewal Maintenance
01tWC00000DD1eXYAT,ES-SXG-RNM-SEEGAE,SECURE Exchange Gateway Essential Security Package-NewMaintenance,New Maintenance
01tWC00000DD1sVYAT,SM-VMC-RNM-VMUN,VMC - Universal Transaction Agent - Additional Script Runners-NewMaintenance,New Maintenance
01tWC00000DD1qWYAT,CM-VCM-RRM-VCMERM,Vityl Capacity Management Enterprise-RenewalMaintenance,Renewal Maintenance
01tWC00000DD1IlYAL,GOA-FIL-RRM-FCCRM,FileCatalyst Central-RenewalMaintenance,Renewal Maintenance
01tWC00000DD1xoYAD,DM-DML-RNM-WSPTPC,WinSpool PCL to PDF Converter-NewMaintenance,New Maintenance
01tWC00000DD1GfYAL,DM-DML-RNM-ERDBPN,Email Report Distribution Bundle PC-NewMaintenance,New Maintenance
01tWC00000DD1vGYAT,CM-TQU-RNM-UTQRDF,Unisys - TeamQuest RemD-Fragger OS2200-OTC-NewMaintenance,New Maintenance
01tWC00000DD22AYAT,FIM-FIM-RRM-TIVSSRM,Tripwire Industrial Visibility Small Sensor-RenewalMaintenance,Renewal Maintenance
01tWC00000DD1qvYAD,SM-VMC-RRM-VMCCI,VMC - Cisco PIX/ASA Security Agent-RenewalMaintenance,Renewal Maintenance
01tWC00000DD1kKYAT,BI-SQ-RRM-SEQSOL,SEQUEL Solution Bundle-RenewalMaintenance,Renewal Maintenance
01tWC00000DD22BYAT,FIM-FIM-RNM-TIVTDCNM,Tripwire Industrial Visibility Threat Detection Console-NewMaintenance,New Maintenance
01tWC00000DD1vEYAT,CM-TQU-RRM-UTQRRM,Unisys - TeamQuest Probes OS2200-OTC-RenewalMaintenance,Renewal Maintenance
01tWC00000DD1J6YAL,GOA-FIL-RNM-FCDNM,FileCatalyst Direct-NewMaintenance,New Maintenance
01tWC00000DD1ChYAL,DM-WCU-RNM-DAACHF,DocAlpha Advanced Capture - Header Footer-NewMaintenance,New Maintenance
01tWC00000DD22LYAT,FIM-TLC-RNM-TLCSDENM,Tripwire Log Center for Security Devices - EVAL-NewMaintenance,New Maintenance
01tWC00000DD1eVYAT,ES-SXG-RRM-SEEXGA,SECURE Exchange Gateway Elite Security Package-RenewalMaintenance,Renewal Maintenance
01tWC00000DD1HHYA1,BI-SDW-RNM-EMMNM,Enhanced Metadata Management-NewMaintenance,New Maintenance
01tWC00000DD1AxYAL,DM-DML-RNM-DTBLNM,DealerTrack Bundle - Legacy-NewMaintenance,New Maintenance
01tWC00000DD1kIYAT,BI-SQ-RNM-SESO,SEQUEL Solution Bundle-NewMaintenance,New Maintenance
01tWC00000DD1ATYA1,BI-SDW-RNM-DSVBNM,Data Set View Builder-NewMaintenance,New Maintenance
01tWC00000DD18XYAT,IGA-AAS-RNM-CCFRNM,Core Connector Framework (RDK)-NewMaintenance,New Maintenance
01tWC00000DD1xDYAT,DM-WFM-RRM-WEBFHR,WebForms Hosting-RenewalMaintenance,Renewal Maintenance
01tWC00000DCxl5YAD,CM-TQO-RNM-TQAPCS,TeamQuest Analyzer & Predictor & CMIS for Systems-NewMaintenance,New Maintenance
01tWC00000DD21sYAD,GOA-GAM-RNM-GCSBWGNM,GoAnywhere Core Server Bundle with Gateway-NewMaintenance,New Maintenance
01tWC00000DD1MjYAL,GOA-GAM-RRM-GOAC,GoAnywhere Cloud Connector Standard Pack-RenewalMaintenance,Renewal Maintenance
01tWC00000DD1qbYAD,SM-VIT-RNM-VIBMNM,Vityl IT & Business Monitoring-NewMaintenance,New Maintenance
01tWC00000DD1B2YAL,DM-DOE-RRM-DTBREN,DealerTrack Bundle-RenewalMaintenance,Renewal Maintenance
01tWC00000DD1XnYAL,NW-INT-RRM-RAPRM,RemoteAccess - Pooled-RenewalMaintenance,Renewal Maintenance
01tWC00000DD11hYAD,SM-ARS-RRM-ARSRM,Advanced Reporting Suite-RenewalMaintenance,Renewal Maintenance
01tWC00000DD1MBYA1,GOA-GAM-RNM-GAANM,GoAnywhere Agent-NewMaintenance,New Maintenance
01tWC00000DD1ArYAL,DP-DC-RNM-DCSPNM,DCS Plus-NewMaintenance,New Maintenance
01tWC00000DD1LVYA1,DM-DML-RNM-FTP4,FTP/400-NewMaintenance,New Maintenance
01tWC00000DD1M1YAL,GOA-GAM-RRM-GAARRM,GoAnywhere Advanced Reporting-RenewalMaintenance,Renewal Maintenance
01tWC00000DD14kYAD,RPA-AUD-RRM-AUTOMP,Automate Professional-RenewalMaintenance,Renewal Maintenance
01tWC00000DD1lPYAT,DM-DML-RNM-SOFTNE,Software - Misc-NewMaintenance,New Maintenance
01tWC00000DD1bQYAT,CS-PDM-RRM-POWERD,Powertech Database Monitor for IBM i - Read-RenewalMaintenance,Renewal Maintenance
01tWC00000DD22UYAT,GS-GSE-RNM-DGE3MSNM,DMZ Gateway Enterprise 3 - Multi-Site-NewMaintenance,New Maintenance
01tWC00000DD22YYAT,GS-GSE-RNM-EFTACNM,EFT Accelerate-NewMaintenance,New Maintenance
01tWC00000DD1kIYAT,BI-SQ-RNM-SESO,SEQUEL Solution Bundle-NewMaintenance,New Maintenance
01tWC00000DD1XdYAL,NW-IRA-RRM-RAIRM,RemoteAccess - Individual-RenewalMaintenance,Renewal Maintenance
01tWC00000DD17kYAD,CS-DFT-RNM-CCINM,Compliance Center for i-NewMaintenance,New Maintenance
01tWC00000DD1kgYAD,DP-DC-RRM-SHARCR,SharePoint Classifier-RenewalMaintenance,Renewal Maintenance
01tWC00000DCzhLYAT,GOA-GAM-RNM-GCBGNM,GoAnywhere Collaboration Bundle with Gateway-NewMaintenance,New Maintenance
01tWC00000DD1jqYAD,BI-SDW-RRM-SEQUDA,SEQUEL Data Warehouse Bundle-RenewalMaintenance,Renewal Maintenance
01tWC00000DD20cYAD,FIM-FIM-RNM-IENM,IP360 - EVAL-NewMaintenance,New Maintenance
01tWC00000DD1wrYAD,DM-WEB-RNM-WDHNM,WebDocs Hosting-NewMaintenance,New Maintenance
01tWC00000DCxkqYAD,FIM-FIM-RNM-TACADE,TE Academic Institution Site License - File Systems-NewMaintenance,New Maintenance
01tWC00000DD1IBYA1,FIM-FIM-RNM-FIMLSW,"File Integrity Manager for Large Stores w/ND & DB (up to 75 FS, 75 ND & 1 DB)-NewMaintenance",New Maintenance
01tWC00000DD1sFYAT,SM-VMC-RNM-VSAM,VMC - SLA Analytics-NewMaintenance,New Maintenance
01tWC00000DD1usYAD,CM-TQU-RNM-UTEQPM,Unisys - TeamQuest PM2200 OS2200-OTC-NewMaintenance,New Maintenance
01tWC00000DD1PBYA1,GOA-GAM-RNM-GAWRNM,GoAnywhere Workflows Restricted-NewMaintenance,New Maintenance
01tWC00000DD1fyYAD,SM-VMC-RNM-SKMNM,Security Knowledge Module-NewMaintenance,New Maintenance
01tWC00000DD1cbYAD,SM-PN-RRM-POWERM,PowerVM-RenewalMaintenance,Renewal Maintenance
01tWC00000DD21xYAD,GOA-GAM-RRM-GPEBWGRM,GoAnywhere PeSIT Express Bundle with Gateway-RenewalMaintenance,Renewal Maintenance
01tWC00000DD1XyYAL,DM-DOE-RRM-REPOFA,Report Archive Bundle iSeries - Legacy-RenewalMaintenance,Renewal Maintenance
01tWC00000DD1ejYAD,ES-SIG-RNM-SECURI,SECURE ICAP Gateway Advanced Security Package Per Instance-NewMaintenance,New Maintenance
01tWC00000DD1Q7YAL,DM-IBM-RRM-IENCRE,iEncrypt-RenewalMaintenance,Renewal Maintenance
01tWC00000DD14vYAD,RPA-AUD-RRM-ARRM,Automate Runtime-RenewalMaintenance,Renewal Maintenance
01tWC00000DD1gxYAD,FIM-FIM-RNM-TRAPTE,Tripwire App - TE Integration Framework - Jira - Utility-NewMaintenance,New Maintenance
01tWC00000DD1DAYA1,ES-SEG-RRM-DSSEGR,Document Sanitization For SECURE Email Gateway-RenewalMaintenance,Renewal Maintenance
01tWC00000DD1tvYAD,CM-TQU-RNM-UTQBOO,Unisys - TeamQuest Baseline OS2200-OTC-NewMaintenance,New Maintenance
01tWC00000DD1WxYAL,SM-QSM-RRM-QSYSRE,QSystem Monitor-RenewalMaintenance,Renewal Maintenance
01tWC00000DD1RNYA1,SM-HCS-RNM-MIZUNE,Mizuno Suite-NewMaintenance,New Maintenance
01tWC00000DCyxrYAD,SM-VMC-RRM-VMWIND,VMC - Windows Security Agent - 10 Units Package-RenewalMaintenance,Renewal Maintenance
01tWC00000DCyxlYAD,SM-VMC-RNM-VWPM,VMC - Windows Performance Agent-NewMaintenance,New Maintenance
01tWC00000DD13pYAD,RPA-AUD-RNM-ADNM,Automate Desktop-NewMaintenance,New Maintenance
01tWC00000DD118YAD,DM-WCU-RRM-5250RE,5250 Integrator-RenewalMaintenance,Renewal Maintenance
01tWC00000DD19qYAD,SM-VMC-RRM-DMISBR,Data Monitor for iSeries Base-RenewalMaintenance,Renewal Maintenance
01tWC00000DD1gIYAT,BI-CRO-RNM-SCRM,SEQUEL Client Report Option-NewMaintenance,New Maintenance
01tWC00000DD12GYAT,SM-VIT-RNM-ABANM,Alignia - Business Application-NewMaintenance,New Maintenance
01tWC00000DD21KYAT,GS-GSE-RRM-AUDREPRM,Audit & Reporting-RenewalMaintenance,Renewal Maintenance
01tWC00000DD1HBYA1,BI-ESN-RRM-ENES,Enhanced ESEND for SMB Pricing - Per User-RenewalMaintenance,Renewal Maintenance
01tWC00000DD17rYAD,DM-DML-RRM-CBRM,Comprehensive Bundle-RenewalMaintenance,Renewal Maintenance
01tWC00000DD1rhYAD,SM-VMC-RRM-VISEV,VMC - iSeries VISION/Orion Agent-RenewalMaintenance,Renewal Maintenance
01tWC00000DD1nwYAD,FIM-FIM-RNM-TNDNM,Tripwire for Net Devices-NewMaintenance,New Maintenance
01tWC00000DD21jYAD,GS-GSE-RRM-ETEMTRM,EFT Timer Event Module TEM-RenewalMaintenance,Renewal Maintenance
01tWC00000DD14CYAT,RPA-AUD-RRM-AFPRM,Automate Full/Premium-RenewalMaintenance,Renewal Maintenance
01tWC00000DD1kpYAD,BI-QRW-RNM-SREPNM,Sequel Repository-NewMaintenance,New Maintenance
01tWC00000DD1LnYAL,GOA-GAM-RNM-GAAFTN,GoAnywhere Accelerated File Transfer-NewMaintenance,New Maintenance
01tWC00000DCwWJYA1,NW-INT-RNM-ISBNM,Intermapper Server Bundle-NewMaintenance,New Maintenance
01tWC00000DD1B2YAL,DM-DOE-RRM-DTBREN,DealerTrack Bundle-RenewalMaintenance,Renewal Maintenance
01tWC00000DD1oKYAT,FIM-TLC-RNM-TLCTBN,Tripwire Log Center - Term Based-NewMaintenance,New Maintenance
01tWC00000DD1IAYA1,FIM-FIM-RRM-FIMLAS,File Integrity Manager for Large Stores (up to 75 FIM-FS)-RenewalMaintenance,Renewal Maintenance
01tWC00000DD20lYAD,FIM-FIM-RNM-TEIDNM,Tripwire Enterprise for Industrial Devices-NewMaintenance,New Maintenance
01tWC00000DD1knYAD,BI-CRO-RRM-SCRRM,Showcase Client Reporting-RenewalMaintenance,Renewal Maintenance
01tWC00000DD1s1YAD,SM-VMC-RRM-VOOM,VMC - Oracle Operations Agent-RenewalMaintenance,Renewal Maintenance
01tWC00000DD1JHYA1,GOA-FIL-RNM-FCLBNM,FileCatalyst Load Balancer-NewMaintenance,New Maintenance
01tWC00000DD1sRYAT,SM-VMC-RNM-VMCU,VMC - Universal Transaction Agent - 5 Script Runners-NewMaintenance,New Maintenance
01tWC00000DD19yYAD,SM-VMC-RRM-DATAM,Data Monitor for iSeries Base Changes-RenewalMaintenance,Renewal Maintenance
01tWC00000DD20zYAD,DP-DC-RNM-TCSIICNM,"Titus Classification Suite, Illuminate and Ionic Connector-NewMaintenance",New Maintenance
01tWC00000DD1dUYAT,DM-IRC-RRM-RTFRRE,RTF Report Converter-RenewalMaintenance,Renewal Maintenance
01tWC00000DD1mbYAD,SM-TSK-RRM-TASKRE,Task Supervisor-RenewalMaintenance,Renewal Maintenance
01tWC00000DD21MYAT,GS-GSE-RRM-DG3SSRM,DMZ Gateway 3 - Single Site-RenewalMaintenance,Renewal Maintenance
01tWC00000DD1Y6YAL,SM-SYM-RNM-RTMNEW,Restricted Tasks Manager-NewMaintenance,New Maintenance
01tWC00000DD1hdYAD,FIM-FIM-RRM-TEEESF,Tripwire Enterprise Extra Extended Support Fee-RenewalMaintenance,Renewal Maintenance
01tWC00000DD1dtYAD,DM-WCU-RRM-SCANLR,Scan Workstation - Legacy-RenewalMaintenance,Renewal Maintenance
01tWC00000DD1A2YAL,SM-VMC-RRM-DMISRR,Data Monitor for iSeries Reads-RenewalMaintenance,Renewal Maintenance
01tWC00000DD21SYAT,GS-GSE-RNM-EFT7EUNM,EFT 7 Express Upgrade-NewMaintenance,New Maintenance
01tWC00000DD1l3YAD,DM-SH-RRM-SIGNLR,SignHere Legacy-RenewalMaintenance,Renewal Maintenance
01tWC00000DD1v4YAD,CM-TQU-RNM-UTQONM,Unisys - TeamQuest PMPlus OS2200-OTC-NewMaintenance,New Maintenance
01tWC00000DD1dnYAD,SM-SAP-RRM-SAPIRE,SAP Interface-RenewalMaintenance,Renewal Maintenance
01tWC00000DD1MHYA1,GOA-GAM-RRM-GAASRR,GoAnywhere AS2 Send/Receive-RenewalMaintenance,Renewal Maintenance
01tWC00000DD1OzYAL,GOA-GAM-RNM-GAUANM,GoAnywhere Ultimate AS2-NewMaintenance,New Maintenance
01tWC00000DCzhXYAT,BI-ISA-RNM-IAPRMNM,Insite Analytics - Premium-NewMaintenance,New Maintenance
01tWC00000DD1obYAD,FIM-TLC-RNM-TRIPWL,Tripwire Log Center for Databases (includes Remote Log Collector)-NewMaintenance,New Maintenance
01tWC00000DD19sYAD,SM-VMC-RNM-DMISBC,Data Monitor for iSeries Base (Changes)-NewMaintenance,New Maintenance
01tWC00000DD1U2YAL,SM-HCS-RRM-PARARE,Paragon Suite-RenewalMaintenance,Renewal Maintenance
01tWC00000DD20aYAD,FIM-FIM-RNM-DEENM,DP Ev - EVAL-NewMaintenance,New Maintenance
01tWC00000DCxmLYAT,BI-SDW-RRM-TRENRE,Trend Tables-RenewalMaintenance,Renewal Maintenance
01tWC00000DD21uYAD,GOA-GAM-RNM-GCSBTPNM,GoAnywhere Core Server Bundle with Gateway and Threat Protection-NewMaintenance,New Maintenance
01tWC00000DD1pXYAT,FIM-TLC-RNM-TLCPSI,Tripwire Log Center for POS Servers (includes Advanced Log Collector Agent)-NewMaintenance,New Maintenance
01tWC00000DCyxnYAD,SM-VMC-RRM-VMCWI,VMC - Windows Performance Agent-RenewalMaintenance,Renewal Maintenance
01tWC00000DD1lYYAT,SM-SFM-RRM-SFMDRM,Spooled File Mgr-DMS-RenewalMaintenance,Renewal Maintenance
01tWC00000DD20jYAD,FIM-FIM-RRM-TEDERM,Tripwire Enterprise for Desktops - EVAL-RenewalMaintenance,Renewal Maintenance
01tWC00000DD1N8YAL,GOA-GAM-RRM-GAEBRM,GoAnywhere Enterprise Bundle-RenewalMaintenance,Renewal Maintenance
01tWC00000DD1HmYAL,DP-DCL-RNM-EXCHNM,Exchange Capability Checker-NewMaintenance,New Maintenance
01tWC00000DD22pYAD,GS-GSE-RRM-SSRM,SFTP Server-RenewalMaintenance,Renewal Maintenance
01tWC00000DCxlfYAD,DP-DLP-RRM-THRERE,Threat Aware-RenewalMaintenance,Renewal Maintenance
01tWC00000DD1JQYA1,GOA-FIL-RNM-FCTAWI,FileCatalyst TransferAgent - Web Integration Kit-NewMaintenance,New Maintenance
01tWC00000DD1omYAD,FIM-TLC-RNM-TLCDSI,Tripwire Log Center for Directory Services (includes Advanced Log Collector Agent)-NewMaintenance,New Maintenance
01tWC00000DD0AFYA1,SM-NSS-RRM-NSSARM,NSS - AIX-RenewalMaintenance,Renewal Maintenance
01tWC00000DD1MXYA1,GOA-GAM-RRM-GABAMR,GoAnywhere Business Activity Monitor-RenewalMaintenance,Renewal Maintenance
01tWC00000DD1glYAD,FIM-FIM-RRM-TRAPP,Tripwire App - TE Integration Framework - ChangeGear - Utility-RenewalMaintenance,Renewal Maintenance
01tWC00000DD1oqYAD,FIM-TLC-RNM-TLCFSI,Tripwire Log Center for File Systems  (includes Advanced Log Collector Agent)-NewMaintenance,New Maintenance
01tWC00000DD1cEYAT,CS-PRA-RNM-PRAIIN,Powertech Risk Assessor for IBM i-NewMaintenance,New Maintenance
01tWC00000DD1AcYAL,DM-IBM-RRM-DATARM,DataImport-RenewalMaintenance,Renewal Maintenance
01tWC00000DD1qdYAD,SM-VIT-RRM-VIBMRM,Vityl IT & Business Monitoring-RenewalMaintenance,Renewal Maintenance
01tWC00000DD1voYAD,CS-DFT-RRM-UPMRM,User Profile Manager-RenewalMaintenance,Renewal Maintenance
01tWC00000DD1LYYA1,DM-DML-RNM-FT40,FTP/400 Remote Comma-NewMaintenance,New Maintenance
01tWC00000DD1YEYA1,CS-DFT-RRM-RCMREN,Risk & Compliance Monitor-RenewalMaintenance,Renewal Maintenance
01tWC00000DCzhiYAD,BI-SDW-RRM-SDWSGERM,Sequel Data Warehouse (RODIN) Select License - Gold Edition-RenewalMaintenance,Renewal Maintenance
01tWC00000DCwWQYA1,DP-DLP-RRM-INVERE,Investigation Module-RenewalMaintenance,Renewal Maintenance
01tWC00000DD1YpYAL,SM-RCP-RRM-ROBCPA,Robot CPA-RenewalMaintenance,Renewal Maintenance
01tWC00000DD10nYAD,OS-COS-RRM-CSRM,Cobalt Strike-RenewalMaintenance,Renewal Maintenance
01tWC00000DD14IYAT,RPA-AIC-RRM-AICRM,Automate Intelligent Capture-RenewalMaintenance,Renewal Maintenance
01tWC00000DD1DOYA1,ES-SWG-RRM-DSSWGR,Document Sanitization For SECURE Web Gateway-RenewalMaintenance,Renewal Maintenance
01tWC00000DD1LhYAL,SM-HCS-RRM-GANNRE,Gannett Suite-RenewalMaintenance,Renewal Maintenance
01tWC00000DD1jbYAD,BI-SDW-RNM-SDWRSL,Sequel Data Warehouse (RODIN) Select License-NewMaintenance,New Maintenance
01tWC00000DD1J4YAL,GOA-FIL-RRM-FCDKRM,FileCatalyst Development Kit-RenewalMaintenance,Renewal Maintenance
01tWC00000DD1N1YAL,GOA-GAM-RRM-GACSBR,GoAnywhere Core Server Bundle-RenewalMaintenance,Renewal Maintenance
01tWC00000DD1CWYA1,DM-DML-RRM-DMBRM,Doc Management Bundle-RenewalMaintenance,Renewal Maintenance
01tWC00000DD1q2YAD,SM-VIT-RNM-VISUAM,VISUAL Message Center Dashboards-NewMaintenance,New Maintenance
01tWC00000DD17NYAT,DP-DC-RRM-CRRM,Classifier Reporting-RenewalMaintenance,Renewal Maintenance
01tWC00000DD1PqYAL,DM-IRC-RNM-HTMLNE,HTML Report Converter-NewMaintenance,New Maintenance
01tWC00000DD1x7YAD,DM-WFM-RNM-WEBFNE,WebForms-NewMaintenance,New Maintenance
01tWC00000DD1drYAD,DM-WCU-RNM-SCANLN,Scan Workstation - Legacy-NewMaintenance,New Maintenance
01tWC00000DD1IWYA1,FIM-FIM-RNM-FIMSSU,File Integrity Manager for Small Stores (up to 5 FIM-FS)-NewMaintenance,New Maintenance
01tWC00000DD20eYAD,FIM-FIM-RNM-TECMBENM,Tripwire Enterprise Console - MySQL Backend - EVAL-NewMaintenance,New Maintenance
01tWC00000DD1PUYA1,SM-HEP-RRM-HEPMRM,Halcyon Exit Point Manager-RenewalMaintenance,Renewal Maintenance
01tWC00000DD1t7YAD,SM-VMC-RRM-VMWEB,VMC - WebSphere MQ Operations Agent-RenewalMaintenance,Renewal Maintenance
01tWC00000DD1PuYAL,ES-SWG-RNM-HTTPSF,HTTPS Feature for SECURE Web Gateway-NewMaintenance,New Maintenance
01tWC00000DD1QZYA1,DP-DC-RNM-MACCNE,Mac Classifier-NewMaintenance,New Maintenance
01tWC00000DD1GYYA1,DM-DML-RNM-EFSLNM,Email File Server - Legacy-NewMaintenance,New Maintenance
01tWC00000DD1xrYAD,DM-DML-RNM-WSPRCN,WinSpool PDF Report Converter-NewMaintenance,New Maintenance
01tWC00000DD1xMYAT,DM-WS-RNM-WEBSNE,WebSpool-NewMaintenance,New Maintenance
01tWC00000DCyyIYAT,FIM-FIM-RNM-VEMEEN,VnE Manager Ev Express-NewMaintenance,New Maintenance
01tWC00000DD21PYAT,GS-GSE-RRM-EFT7ERM,EFT 7 Enterprise-RenewalMaintenance,Renewal Maintenance
01tWC00000DD21aYAD,GS-GSE-RRM-ECBAMRM,EFT Continuum Business Activity Monitor (BAM)-RenewalMaintenance,Renewal Maintenance
01tWC00000DD1klYAD,BI-CRO-RNM-SCRNM,Showcase Client Reporting-NewMaintenance,New Maintenance
01tWC00000DD1n0YAD,FIM-FIM-RNM-TEMINM,Tripwire Enterprise for Microsoft IIS-NewMaintenance,New Maintenance
01tWC00000DD1GiYAL,DM-EU-RNM-ERSNM,Email Report Server-NewMaintenance,New Maintenance
01tWC00000DD13DYAT,BI-AD-RRM-ANYDRE,AnyDate-RenewalMaintenance,Renewal Maintenance
01tWC00000DD19eYAD,DP-DC-RRM-DCRM,Data Classification-RenewalMaintenance,Renewal Maintenance
01tWC00000DCwWwYAL,SM-NSS-RNM-LOPNEW,Linux on Power-NewMaintenance,New Maintenance
01tWC00000DD1uwYAD,CM-TQU-RNM-UTQPMO,Unisys - TeamQuest PMLog OS2200-OTC-NewMaintenance,New Maintenance
01tWC00000DD140YAD,RPA-AUT-RNM-AEANM,Automate Enterprise Agent-NewMaintenance,New Maintenance
01tWC00000DD1wSYAT,SM-VMC-RRM-VIME,VISUAL Message Center - Full Pack-RenewalMaintenance,Renewal Maintenance
01tWC00000DD1AlYAL,DP-DC-RNM-DCSWON,DCS for Windows and OWA-NewMaintenance,New Maintenance
01tWC00000DD22GYAT,FIM-FML-RRM-VMERM,VnE Manager - EVAL-RenewalMaintenance,Renewal Maintenance
01tWC00000DD1BpYAL,DP-DLP-RNM-DGDVMN,DG VM-NewMaintenance,New Maintenance
01tWC00000DD22gYAD,GS-GSE-RRM-HS(WCRM,HTTPS Server (includes Web client)-RenewalMaintenance,Renewal Maintenance
01tWC00000DD1w4YAD,SM-VMC-RRM-VICO,VISUAL Control for Jobs-RenewalMaintenance,Renewal Maintenance
01tWC00000DD1g6YAD,CS-PSS-RNM-SSINM,Security Scan - i-NewMaintenance,New Maintenance
01tWC00000DCxl9YAD,CM-TQO-RNM-TQAPSC,TeamQuest Analyzer & Predictor & Surveyor & CMIS for Systems-NewMaintenance,New Maintenance
01tWC00000DD22rYAD,GS-GSE-RRM-SSGRM,Single-site Gateway-RenewalMaintenance,Renewal Maintenance
01tWC00000DD1efYAD,ES-SIG-RNM-SIGM,SECURE ICAP Gateway-NewMaintenance,New Maintenance
01tWC00000DD1hNYAT,FIM-FIM-RNM-TREN,Tripwire Enterprise-NewMaintenance,New Maintenance
01tWC00000DD198YAD,SM-HCS-RRM-COSTRE,Costco Suite-RenewalMaintenance,Renewal Maintenance
01tWC00000DD1fTYAT,IGA-AAS-RRM-SECURM,SecureReset-RenewalMaintenance,Renewal Maintenance
01tWC00000DD1CXYA1,DM-DML-RNM-DMLPNM,Doc Management Legacy Product-NewMaintenance,New Maintenance
01tWC00000DD1TXYA1,ES-SWG-RRM-OCRFSE,OCR Feature For SECURE Web Gateway-RenewalMaintenance,Renewal Maintenance
01tWC00000DD1fLYAT,ES-SWG-RRM-SECWEG,SECURE Web Gateway Elite Security Package-RenewalMaintenance,Renewal Maintenance
01tWC00000DCwVeYAL,DM-WCU-RRM-IBOREN,Imaging Barcode/OCR-RenewalMaintenance,Renewal Maintenance
01tWC00000DD1h2YAD,FIM-FIM-RNM-TAPTEI,Tripwire App - TE Integration Framework - Remedy - Utility-NewMaintenance,New Maintenance
01tWC00000DD1QRYA1,SM-LAA-RNM-LAASNE,Lvl3: Advanced Automation Suite-NewMaintenance,New Maintenance
01tWC00000DD133YAD,SM-VIT-RNM-ATINM,Alignia - Task Instance-NewMaintenance,New Maintenance
01tWC00000DD1fRYAT,IGA-AAS-RNM-SECUNE,SecureReset-NewMaintenance,New Maintenance
01tWC00000DD20xYAD,DP-DC-RNM-DCDARGNM,Fortra DCS for DaR (Data at rest) with DCS INTELLIGENT PROTECTION - Government-NewMaintenance,New Maintenance
01tWC00000DD1NlYAL,GOA-GAM-RNM-GAPSCN,GoAnywhere PeSIT Client-NewMaintenance,New Maintenance
01tWC00000DD1YCYA1,CS-DFT-RNM-RCMNEW,Risk & Compliance Monitor-NewMaintenance,New Maintenance
01tWC00000DD1JYYA1,GOA-FIL-RNM-FCWANM,FileCatalyst Workflow Acceleration-NewMaintenance,New Maintenance
01tWC00000DD16ZYAT,SM-ROT-RNM-CDBNEW,CD Builder-NewMaintenance,New Maintenance
01tWC00000DD0AbYAL,ES-SEG-RNM-OCRF,OCR Feature For Information Governance Server-NewMaintenance,New Maintenance
01tWC00000DD1dcYAD,CS-SPS-RRM-SPSHRM,Safestone Password Self Help-RenewalMaintenance,Renewal Maintenance
01tWC00000DCwWyYAL,SM-NSS-RRM-LOPREN,Linux on Power-RenewalMaintenance,Renewal Maintenance
01tWC00000DD1qxYAD,SM-VMC-RNM-VMCD,VMC - Debugging Agent-NewMaintenance,New Maintenance
01tWC00000DD1wSYAT,SM-VMC-RRM-VIME,VISUAL Message Center - Full Pack-RenewalMaintenance,Renewal Maintenance
01tWC00000DD1rRYAT,SM-VMC-RRM-VMISES,VMC - iSeries Security Agent-RenewalMaintenance,Renewal Maintenance
01tWC00000DD1lgYAD,IGA-AAS-RRM-SCCIPR,Standard Core Connectors - In Product-RenewalMaintenance,Renewal Maintenance
01tWC00000DCwVlYAL,ES-SEG-RNM-IGSRNM,Information Governance Server (Registrars)-NewMaintenance,New Maintenance
01tWC00000DD1CpYAL,DM-WCU-RRM-DACSLR,DocAlpha Concurrent Seat License-RenewalMaintenance,Renewal Maintenance
01tWC00000DD1tiYAD,FIM-FML-RRM-TVDRM,Tripwire VIA for Desktop-RenewalMaintenance,Renewal Maintenance
01tWC00000DD1J4YAL,GOA-FIL-RRM-FCDKRM,FileCatalyst Development Kit-RenewalMaintenance,Renewal Maintenance
01tWC00000DD1e9YAD,ES-SEG-RNM-SEEM,SECURE Email Gateway Advanced Security Package-NewMaintenance,New Maintenance
01tWC00000DD1gGYAT,BI-SQ-RRM-SUBRM,Sequel - User Based-RenewalMaintenance,Renewal Maintenance
01tWC00000DD1NVYA1,GOA-GAM-RNM-GAGDNM,GoAnywhere GoDrive-NewMaintenance,New Maintenance
01tWC00000DD1HJYA1,BI-SDW-RRM-EMMRM,Enhanced Metadata Management-RenewalMaintenance,Renewal Maintenance
01tWC00000DD1wAYAT,SM-PN-RNM-VINM,VISUAL Control Performance Planner - Any Tier- All LPARs-NewMaintenance,New Maintenance
01tWC00000DCwWrYAL,DM-DML-RRM-ISPTRM,iSeries PDF and TIFF-RenewalMaintenance,Renewal Maintenance
01tWC00000DD1heYAD,FIM-FIM-RNM-TEDNM,Tripwire Enterprise for Databases-NewMaintenance,New Maintenance
01tWC00000DD1p6YAD,FIM-TLC-RNM-TLCMEI,Tripwire Log Center for Microsoft Exchange (includes Advanced Log Collector Agent)-NewMaintenance,New Maintenance
01tWC00000DD1rTYAT,SM-VMC-RNM-VISSQ,VMC - iSeries SQL Agent-NewMaintenance,New Maintenance
01tWC00000DD1JwYAL,DP-DC-RNM-FCSENM,Fortra Classifier Suite Essentials-NewMaintenance,New Maintenance
01tWC00000DCxl7YAD,CM-TQO-RRM-TQAM,TeamQuest Analyzer & Predictor & CMIS for Systems-RenewalMaintenance,Renewal Maintenance
01tWC00000DD1liYAD,IGA-AAS-RNM-SCCSDN,Standard Core Connectors - Standard Delivery-NewMaintenance,New Maintenance
01tWC00000DD0AhYAL,ES-SEG-RRM-OCFE,OCR Feature For SECURE Email Gateway-RenewalMaintenance,Renewal Maintenance
01tWC00000DD1p9YAD,FIM-FIM-RRM-TADPELRM,Tripwire Asset Discovery Profiler Ev Limited-RenewalMaintenance,Renewal Maintenance
01tWC00000DD137YAD,SM-VIT-RNM-ALNM,Alignia Core-NewMaintenance,New Maintenance
01tWC00000DD1PeYAL,SM-SYM-RRM-HHHREN,"HMM, HEP, HPM-RenewalMaintenance",Renewal Maintenance
01tWC00000DD1XrYAL,NW-INT-RRM-RAPLRM,RemoteAccess - Pooled (Legacy)-RenewalMaintenance,Renewal Maintenance
01tWC00000DD1sLYAT,SM-VMC-RRM-VMCSQL,VMC - SQL Server Operations Agent-RenewalMaintenance,Renewal Maintenance
01tWC00000DD22NYAT,FIM-TLC-RNM-TLCMLENM,Tripwire Log Center Manager License - EVAL-NewMaintenance,New Maintenance
01tWC00000DD1YxYAL,SM-ROM-RRM-RMARM,Robot Monitor - AIX-RenewalMaintenance,Renewal Maintenance
01tWC00000DD1QbYAL,DP-DC-RRM-MACCRE,Mac Classifier-RenewalMaintenance,Renewal Maintenance
01tWC00000DD1APYA1,ES-SWG-RNM-DRSWGN,Data Redaction For SECURE Web Gateway-NewMaintenance,New Maintenance
01tWC00000DD1HiYAL,BI-ESN-RRM-ESENRE,Esend-RenewalMaintenance,Renewal Maintenance
01tWC00000DD1f3YAD,ES-SIG-RNM-SICGES,SECURE ICAP Gateway Essential Security Package Per User-NewMaintenance,New Maintenance
01tWC00000DD1wEYAT,SM-PN-RNM-VISUCO,VISUAL Control Performance Planner - for iSeries-NewMaintenance,New Maintenance
01tWC00000DD1wtYAD,DM-WEB-RRM-WDHRM,WebDocs Hosting-RenewalMaintenance,Renewal Maintenance
01tWC00000DD196YAD,SM-HCS-RNM-COSTNE,Costco Suite-NewMaintenance,New Maintenance
01tWC00000DD1fgYAD,CS-DFT-RRM-SADRM,Security Audit & Detection-RenewalMaintenance,Renewal Maintenance
01tWC00000DD1XuYAL,NW-INT-RRM-RASFRM,RemoteAccess Server Fee-RenewalMaintenance,Renewal Maintenance
01tWC00000DD1y0YAD,DM-DML-RNM-WSWRSN,WinSpool Web Report Server-NewMaintenance,New Maintenance
01tWC00000DD22mYAD,GS-GSE-RRM-RAARM,Remote Automation Agent-RenewalMaintenance,Renewal Maintenance
01tWC00000DD1gbYAD,FIM-FIM-RNM-TAESUN,Tripwire App - Event Sender - Utility-NewMaintenance,New Maintenance
01tWC00000DD1xBYAT,DM-WFM-RNM-WEBFHN,WebForms Hosting-NewMaintenance,New Maintenance
01tWC00000DD1OWYA1,GOA-GAM-RRM-GASMRM,GoAnywhere Secure Mail-RenewalMaintenance,Renewal Maintenance
01tWC00000DD1hlYAD,FIM-FIM-RNM-TEDM,Tripwire Enterprise for Desktops-NewMaintenance,New Maintenance
01tWC00000DD20ZYAT,FIM-FIM-RRM-DEERM,DP Ev - EVAL-RenewalMaintenance,Renewal Maintenance
01tWC00000DD0AXYA1,SM-NSS-RNM-NSSWNM,NSS - Windows-NewMaintenance,New Maintenance
01tWC00000DCwWlYAL,DM-IBM-RNM-ISOINM,iSeries Office Integrator-NewMaintenance,New Maintenance
01tWC00000DD22vYAD,BI-SDW-RNM-SDWSPENM,Sequel Data Warehouse (RODIN) Select License - Platinum Edition-NewMaintenance,New Maintenance
01tWC00000DD1dQYAT,DM-IBM-RRM-RPG2RE,RPG2SQL Integrator-RenewalMaintenance,Renewal Maintenance
01tWC00000DD1AaYAL,DM-IBM-RNM-DATANE,DataImport-NewMaintenance,New Maintenance
01tWC00000DD1qxYAD,SM-VMC-RNM-VMCD,VMC - Debugging Agent-NewMaintenance,New Maintenance
01tWC00000DD210YAD,FIM-FIM-RRM-CCMEVRM,CCM - EVAL-RenewalMaintenance,Renewal Maintenance
01tWC00000DD22BYAT,FIM-FIM-RNM-TIVTDCNM,Tripwire Industrial Visibility Threat Detection Console-NewMaintenance,New Maintenance
01tWC00000DD21XYAT,GS-GSE-RRM-EAWEMRM,EFT Advanced Workflow Engine (AWE) Module-RenewalMaintenance,Renewal Maintenance
01tWC00000DD22RYAT,GS-GSE-RNM-COLBNM,Collaboration Bundle-NewMaintenance,New Maintenance
01tWC00000DD20ZYAT,FIM-FIM-RRM-DEERM,DP Ev - EVAL-RenewalMaintenance,Renewal Maintenance
01tWC00000DD1x6YAD,DM-DML-RRM-WDISER,WebDocs- iSeries Edition-RenewalMaintenance,Renewal Maintenance
01tWC00000DD14XYAT,RPA-AUT-RRM-AOCRM,Automate Ops Console-RenewalMaintenance,Renewal Maintenance
01tWC00000DD22pYAD,GS-GSE-RRM-SSRM,SFTP Server-RenewalMaintenance,Renewal Maintenance
01tWC00000DD1B5YAL,DM-DLN-RRM-DELILR,DeliverNow - Legacy-RenewalMaintenance,Renewal Maintenance
01tWC00000DD1QVYA1,SM-LOC-RNM-LOCSNE,Lvl4: Operations Center Suite-NewMaintenance,New Maintenance
01tWC00000DD1nNYAT,FIM-FIM-RNM-TEPSNM,Tripwire Enterprise for POS Servers-NewMaintenance,New Maintenance
01tWC00000DD1IpYAL,GOA-FIL-RRM-FCCANR,FileCatalyst Central Additional Nodes-RenewalMaintenance,Renewal Maintenance
01tWC00000DD1xfYAD,DM-DML-RNM-WSFRSN,WinSpool Fax Report Server-NewMaintenance,New Maintenance
01tWC00000DD16bYAD,SM-ROT-RRM-CDBREN,CD Builder-RenewalMaintenance,Renewal Maintenance
01tWC00000DD1xEYAT,DM-WFM-RNM-WEBFLN,WebForms Legacy-NewMaintenance,New Maintenance
01tWC00000DCzhhYAD,BI-SDW-RNM-SDWSBENM,Sequel Data Warehouse (RODIN) Select License - Bronze Edition-NewMaintenance,New Maintenance
01tWC00000DD1lgYAD,IGA-AAS-RRM-SCCIPR,Standard Core Connectors - In Product-RenewalMaintenance,Renewal Maintenance
01tWC00000DD1mFYAT,DM-SV4-RRM-S4SM,Surveyor/400 - Single User Price - Unlimited Partitions-RenewalMaintenance,Renewal Maintenance
01tWC00000DD1MNYA1,GOA-GAM-RNM-GOANY,GoAnywhere AS4 Send/Receive-NewMaintenance,New Maintenance
01tWC00000DD1OYYA1,GOA-GAM-RNM-GASDNM,GoAnywhere Security Domains-NewMaintenance,New Maintenance
01tWC00000DD13wYAD,RPA-AUT-RNM-AUTOMA,Automate Enterprise-NewMaintenance,New Maintenance
01tWC00000DD1lsYAD,ES-SXG-RNM-SSSEXC,Structural Sanitization For SECURE Exchange Gateway-NewMaintenance,New Maintenance
01tWC00000DD1XhYAL,NW-IRA-RRM-RAILRM,RemoteAccess - Individual (Legacy)-RenewalMaintenance,Renewal Maintenance
01tWC00000DD1DKYA1,ES-SIG-RNM-DONM,Document Sanitization For SECURE ICAP Gateway Per Instance-NewMaintenance,New Maintenance
01tWC00000DD22DYAT,FIM-FIM-RNM-TSAEVNM,Tripwire State Analyzer - EVAL-NewMaintenance,New Maintenance
01tWC00000DD1MxYAL,BI-SDW-RNM-SDWNM,Sequel Data Warehouse-NewMaintenance,New Maintenance
01tWC00000DD1UGYA1,DM-IBM-RNM-PCLTNE,PCL to PDF Converter-NewMaintenance,New Maintenance
01tWC00000DD13gYAD,SM-AJM-RNM-AJMNM,Audit Journal Manager-NewMaintenance,New Maintenance
01tWC00000DD1uqYAD,CM-TQU-RRM-UNTQUP,Unisys - TeamQuest PAR OS2200-OTC-RenewalMaintenance,Renewal Maintenance
01tWC00000DD1b4YAD,CS-PCM-RRM-POCO,Powertech Compliance Monitor Endpoint for IBM i-RenewalMaintenance,Renewal Maintenance
01tWC00000DD22WYAT,GS-GSE-RNM-DGE3MUNM,DMZ Gateway Enterprise 3 - Multi-Site Upgrade-NewMaintenance,New Maintenance
01tWC00000DD1JSYA1,GOA-FIL-RRM-FCTM,FileCatalyst TransferAgent - Web Integration Kit-RenewalMaintenance,Renewal Maintenance
01tWC00000DD21iYAD,GS-GSE-RRM-ESMAM(RM,EFT Secure Mobile Access Module (SMAM)-RenewalMaintenance,Renewal Maintenance
01tWC00000DD15fYAD,SM-PN-RNM-CPWPNN,Capacity Planning with Performance Navigator-NewMaintenance,New Maintenance
01tWC00000DD1JJYA1,GOA-FIL-RRM-FCLBRM,FileCatalyst Load Balancer-RenewalMaintenance,Renewal Maintenance
01tWC00000DD1mIYAT,DM-SV4-RNM-S4UPNM,Surveyor/400 - Unlimited Partitions-NewMaintenance,New Maintenance
01tWC00000DCxlqYAD,DP-DC-RRM-TCMRM,Titus Classification for Mobile-RenewalMaintenance,Renewal Maintenance
01tWC00000DD1dHYAT,IGA-AAS-RNM-ROLENE,RoleCourier-NewMaintenance,New Maintenance
01tWC00000DCwWsYAL,DM-DOE-RNM-JDABNE,JDA Bundle-NewMaintenance,New Maintenance
01tWC00000DD20fYAD,FIM-FIM-RRM-TEDEVRM,Tripwire Enterprise for Databases - EVAL-RenewalMaintenance,Renewal Maintenance
01tWC00000DD18FYAT,IGA-AAS-RNM-CANM,Core Access-NewMaintenance,New Maintenance
01tWC00000DD1rlYAD,SM-VMC-RRM-VLOM,VMC - Linux Operations Agent-RenewalMaintenance,Renewal Maintenance
01tWC00000DD22mYAD,GS-GSE-RRM-RAARM,Remote Automation Agent-RenewalMaintenance,Renewal Maintenance
01tWC00000DD12OYAT,SM-VIT-RNM-ALIGNI,Alignia - Business Process-NewMaintenance,New Maintenance
01tWC00000DD1PIYA1,SM-SYM-RNM-GSMTTP,GSM TC35 Terminal Ph-NewMaintenance,New Maintenance
01tWC00000DD13gYAD,SM-AJM-RNM-AJMNM,Audit Journal Manager-NewMaintenance,New Maintenance
01tWC00000DD1v8YAD,CM-TQU-RNM-UTEQPR,Unisys - TeamQuest Probes MCP-OTC-NewMaintenance,New Maintenance
01tWC00000DD1BKYA1,CS-DFT-RRM-DETERE,DetectIT-RenewalMaintenance,Renewal Maintenance
01tWC00000DD1sjYAD,SM-VMC-RRM-VVMM,VMC - Visual Message Center Dashboards-RenewalMaintenance,Renewal Maintenance
01tWC00000DD1XiYAL,NW-INT-RNM-RAPFNM,RemoteAccess - Pooled - Freeware-NewMaintenance,New Maintenance
01tWC00000DD235YAD,BI-SDW-RNM-SDWBSENM,SEQUEL Data Warehouse Bundle - Silver Edition-NewMaintenance,New Maintenance
01tWC00000DCyy6YAD,SM-VMC-RRM-VMCMON,VMC Monitoring Engine - Security-RenewalMaintenance,Renewal Maintenance
01tWC00000DD13VYAT,DP-DLP-RNM-ATPNEW,ATP-NewMaintenance,New Maintenance
01tWC00000DD1deYAD,CS-SPS-RNM-SPSHUN,Safestone Password Self Help Users-NewMaintenance,New Maintenance
01tWC00000DD1YPYA1,SM-RAT-RNM-ROAU,Robot Autotune-NewMaintenance,New Maintenance
01tWC00000DD1qaYAD,CM-VCM-RRM-VCMLFR,Vityl Capacity Management License Fee-RenewalMaintenance,Renewal Maintenance
01tWC00000DD1KbYAL,DP-DC-RNM-FMIONM,Fortra Mail for iOS-NewMaintenance,New Maintenance
01tWC00000DD1v6YAD,CM-TQU-RRM-UTQSRM,Unisys - TeamQuest PMPlus OS2200-OTC-RenewalMaintenance,Renewal Maintenance
01tWC00000DD13pYAD,RPA-AUD-RNM-ADNM,Automate Desktop-NewMaintenance,New Maintenance
01tWC00000DD1QzYAL,DP-DC-RRM-MECL,Message Classification & Classification for Office Enterprise Bundle-RenewalMaintenance,Renewal Maintenance
01tWC00000DD22QYAT,GS-GSE-RRM-AS2CRM,AS2 Client/Server-RenewalMaintenance,Renewal Maintenance
01tWC00000DD1MTYA1,GOA-GAM-RRM-GABARM,GoAnywhere Basic Agent-RenewalMaintenance,Renewal Maintenance
01tWC00000DD142YAD,RPA-AUT-RRM-AEARM,Automate Enterprise Agent-RenewalMaintenance,Renewal Maintenance
01tWC00000DD18QYAT,IGA-VIS-RNM-CCNM,Core Certify-NewMaintenance,New Maintenance
01tWC00000DD1YhYAL,SM-SYM-RRM-RCRM,Robot Client-RenewalMaintenance,Renewal Maintenance
01tWC00000DD1apYAD,CS-CLP-RNM-PTCANM,PowerTech Central Admin-NewMaintenance,New Maintenance
01tWC00000DD1UYYA1,SM-PFA-RRM-PAGREN,Perf Analyzer GUI-RenewalMaintenance,Renewal Maintenance
01tWC00000DD14mYAD,RPA-AUD-RNM-APAPNM,Automate Professional Action Pack-NewMaintenance,New Maintenance
01tWC00000DD1luYAD,ES-SXG-RRM-SSSEXR,Structural Sanitization For SECURE Exchange Gateway-RenewalMaintenance,Renewal Maintenance
01tWC00000DD21kYAD,GS-GSE-RNM-ESW10SNM,EFT SMB Web Client WTC 10 Seats-NewMaintenance,New Maintenance
01tWC00000DD11FYAT,BI-ABS-RRM-ABSTRE,Abstract-RenewalMaintenance,Renewal Maintenance
01tWC00000DD1snYAD,SM-VMC-RRM-VMCVI,VMC - Visual Message Center Goals-RenewalMaintenance,Renewal Maintenance
01tWC00000DD16eYAD,SM-HCS-RNM-CGISNE,CGI Suite-NewMaintenance,New Maintenance
01tWC00000DD0A6YAL,DP-DC-RNM-NOTENE,Notes Classifier-NewMaintenance,New Maintenance
01tWC00000DD21RYAT,GS-GSE-RRM-EFT7EXRM,EFT 7 Express-RenewalMaintenance,Renewal Maintenance
01tWC00000DD1s9YAD,SM-VMC-RRM-VMPO,VMC - Policy Compliance for Windows-RenewalMaintenance,Renewal Maintenance
01tWC00000DD1ZTYA1,SM-RSE-RRM-RSEARM,Robot Schedule Enterprise Agent-RenewalMaintenance,Renewal Maintenance
01tWC00000DD1m8YAD,DM-SV4-RRM-S4RM,Surveyor/400-RenewalMaintenance,Renewal Maintenance
01tWC00000DD20MYAT,DP-DC-RNM-CDMEBNM,Classification for Desktop & Message Classification Enterprise & Classification for Office Enterprise Bundle-NewMaintenance,New Maintenance
01tWC00000DD1XhYAL,NW-IRA-RRM-RAILRM,RemoteAccess - Individual (Legacy)-RenewalMaintenance,Renewal Maintenance
01tWC00000DD1K2YAL,DP-DC-RRM-FCSPRM,Fortra Classifier Suite Plus-RenewalMaintenance,Renewal Maintenance
01tWC00000DD1dMYAT,DM-RPG-RRM-RPGTRE,RPG Toolbox-RenewalMaintenance,Renewal Maintenance
01tWC00000DD1neYAD,FIM-FIM-RNM-TRIEND,Tripwire Enterprise/DS-NewMaintenance,New Maintenance
01tWC00000DD13BYAT,BI-AD-RNM-ANYDNE,AnyDate-NewMaintenance,New Maintenance
01tWC00000DD1xqYAD,DM-DML-RRM-WSPM,WinSpool PCL to PDF Converter-RenewalMaintenance,Renewal Maintenance
01tWC00000DD1uuYAD,CM-TQU-RRM-UTEQPO,Unisys - TeamQuest PM2200 OS2200-OTC-RenewalMaintenance,Renewal Maintenance
01tWC00000DCxm1YAD,DP-DC-RNM-TLNNM,Titus for Lotus Notes-NewMaintenance,New Maintenance
01tWC00000DD1LhYAL,SM-HCS-RRM-GANNRE,Gannett Suite-RenewalMaintenance,Renewal Maintenance
01tWC00000DD1qSYAT,CM-VCM-RRM-VCMRM,Vityl Capacity Management-RenewalMaintenance,Renewal Maintenance
01tWC00000DD13wYAD,RPA-AUT-RNM-AUTOMA,Automate Enterprise-NewMaintenance,New Maintenance
01tWC00000DD1y5YAD,DM-DML-RRM-WINVRE,WinView-RenewalMaintenance,Renewal Maintenance
01tWC00000DD1YvYAL,SM-ROM-RNM-RMANM,Robot Monitor - AIX-NewMaintenance,New Maintenance
01tWC00000DD1uOYAT,CM-TQU-RRM-UTEQUE,Unisys - TeamQuest MS2200 OS2200-OTC-RenewalMaintenance,Renewal Maintenance
01tWC00000DD1AzYAL,DM-DML-RRM-DTBLRM,DealerTrack Bundle - Legacy-RenewalMaintenance,Renewal Maintenance
01tWC00000DD1x4YAD,DM-DML-RNM-WDISEN,WebDocs- iSeries Edition-NewMaintenance,New Maintenance
01tWC00000DD12CYAT,SM-VIT-RNM-ABPNM,Alignia - Batch Process-NewMaintenance,New Maintenance
01tWC00000DD1rZYAT,SM-VMC-RRM-VISSAG,VMC - iSeries Support Agent-RenewalMaintenance,Renewal Maintenance
01tWC00000DD21nYAD,GS-GSE-RRM-ESW50SRM,EFT SMB Web Client WTC 50 Seats-RenewalMaintenance,Renewal Maintenance
01tWC00000DD20tYAD,SM-ROB-RNM-RBSARNM,"Robot Bundle - Schedule, Alert, Replay-NewMaintenance",New Maintenance
01tWC00000DD1t5YAD,SM-VMC-RNM-VMCWE,VMC - WebSphere MQ Operations Agent-NewMaintenance,New Maintenance
01tWC00000DD13aYAD,NW-AA-RRM-FLOWRE,Flow Exporters-RenewalMaintenance,Renewal Maintenance
01tWC00000DD1WxYAL,SM-QSM-RRM-QSYSRE,QSystem Monitor-RenewalMaintenance,Renewal Maintenance
01tWC00000DD1DGYA1,ES-SIG-RNM-DSSIGN,Document Sanitization For SECURE ICAP Gateway-NewMaintenance,New Maintenance
01tWC00000DD09uYAD,SM-RON-RNM-NHNM,NETWORK-Host-NewMaintenance,New Maintenance
01tWC00000DD1DmYAL,DP-DCL-RRM-ETRARE,E-tracker-RenewalMaintenance,Renewal Maintenance
01tWC00000DD1AoYAL,DP-DC-RNM-DCSWSP,DCS for Windows and SharePoint MDS-NewMaintenance,New Maintenance
01tWC00000DD1ZHYA1,SM-ROS-RRM-RSRM,Robot Save-RenewalMaintenance,Renewal Maintenance
01tWC00000DCwWAYA1,NW-INT-RRM-ISFRM,Intermapper Server - Freeware-RenewalMaintenance,Renewal Maintenance
01tWC00000DD1DLYA1,ES-SIG-RRM-DOCUMS,Document Sanitization For SECURE ICAP Gateway Per Instance-RenewalMaintenance,Renewal Maintenance
01tWC00000DD225YAD,FIM-FIM-RNM-TEVEENM,Tripwire Enterprise for VMware ESX - EVAL-NewMaintenance,New Maintenance
01tWC00000DD0ABYA1,SM-SYM-RRM-N5UREN,Nport 5110-UK-RenewalMaintenance,Renewal Maintenance
01tWC00000DD1rNYAT,SM-VMC-RRM-VMISP,VMC - iSeries Performance Manager (VCJ & VCP)-RenewalMaintenance,Renewal Maintenance
01tWC00000DD12IYAT,SM-VIT-RRM-ABARM,Alignia - Business Application-RenewalMaintenance,Renewal Maintenance
01tWC00000DD1nRYAT,FIM-FIM-RNM-TESSUT,Tripwire Enterprise for Small Stores (up to 5 FS)-NewMaintenance,New Maintenance
01tWC00000DD1CkYAL,DM-WCU-RNM-DAACLI,DocAlpha Advanced Capture - Line Item-NewMaintenance,New Maintenance
01tWC00000DD12vYAD,SM-VIT-RNM-AOBSNM,Alignia - Online Business Service-NewMaintenance,New Maintenance
01tWC00000DD1POYA1,SM-HAM-RNM-HAMNEW,HA-MX Monitor-NewMaintenance,New Maintenance
01tWC00000DD1U0YAL,SM-HCS-RNM-PARANE,Paragon Suite-NewMaintenance,New Maintenance
01tWC00000DD1HdYAL,DM-EW-RNM-EWLLNM,Enterprise Workflow Lite - Legacy-NewMaintenance,New Maintenance
01tWC00000DD1DiYAL,DP-DLP-RRM-DVCREN,DV&C-RenewalMaintenance,Renewal Maintenance
01tWC00000DD1rJYAT,SM-VMC-RRM-VMISER,VMC - iSeries Performance Manager-RenewalMaintenance,Renewal Maintenance
01tWC00000DCwWnYAL,DM-IBM-RRM-ISOIRM,iSeries Office Integrator-RenewalMaintenance,Renewal Maintenance
01tWC00000DD1wMYAT,SM-VMC-RNM-VD5M,VISUAL Debugger 5250-NewMaintenance,New Maintenance
01tWC00000DD223YAD,FIM-FIM-RNM-TEFSENM,Tripwire Enterprise for File Systems - EVAL-NewMaintenance,New Maintenance
01tWC00000DD1trYAD,ES-SEG-RRM-TCSERE,TrustCenter For SECURE Email Gateway-RenewalMaintenance,Renewal Maintenance
01tWC00000DD23EYAT,SM-VMC-RRM-VOARM,VMC - Operations Agent-RenewalMaintenance,Renewal Maintenance
01tWC00000DD1rVYAT,SM-VMC-RRM-VISSA,VMC - iSeries SQL Agent-RenewalMaintenance,Renewal Maintenance
01tWC00000DD1laYAD,DM-DML-RNM-SCBNEW,Spreadsheet Conv Bundle-NewMaintenance,New Maintenance
01tWC00000DD1aGYAT,DM-EU-RRM-POP4RE,POP/400 Email Retrieval API-RenewalMaintenance,Renewal Maintenance
01tWC00000DD1YGYA1,DM-DML-RNM-RJSPNE,RJS PDF API-NewMaintenance,New Maintenance
01tWC00000DD1UeYAL,SM-SYM-RNM-PMNM,Performance Monitor-NewMaintenance,New Maintenance
01tWC00000DD1kCYAT,BI-SQ-RRM-SESMB,SEQUEL SMB Bundle Additional User-RenewalMaintenance,Renewal Maintenance
01tWC00000DD1lUYAT,SM-SFM-RRM-SFMRM,Spooled File Manager-RenewalMaintenance,Renewal Maintenance
01tWC00000DD1UWYA1,SM-PFA-RNM-PAGNEW,Perf Analyzer GUI-NewMaintenance,New Maintenance
01tWC00000DD1vIYAT,CM-TQU-RRM-UNTQUR,Unisys - TeamQuest RemD-Fragger OS2200-OTC-RenewalMaintenance,Renewal Maintenance
01tWC00000DD1ukYAD,CM-TQU-RNM-UTEQOS,Unisys - TeamQuest OSAM OS2200-OTC-NewMaintenance,New Maintenance
01tWC00000DD21eYAD,GS-GSE-RRM-EFMMFRM,EFT Folder Monitor Module FMM-RenewalMaintenance,Renewal Maintenance
01tWC00000DD1eRYAT,ES-SXG-RRM-SEEXCG,SECURE Exchange Gateway Advanced Security Package-RenewalMaintenance,Renewal Maintenance
01tWC00000DD1xWYAT,DM-DLN-RRM-WSRM,WinSpool-RenewalMaintenance,Renewal Maintenance
01tWC00000DD1NsYAL,GOA-GAM-RRM-GAPM,GoAnywhere PeSIT Express Bundle-RenewalMaintenance,Renewal Maintenance
01tWC00000DD20NYAT,DP-DC-RRM-CDMEBRM,Classification for Desktop & Message Classification Enterprise & Classification for Office Enterprise Bundle-RenewalMaintenance,Renewal Maintenance
01tWC00000DD18rYAD,OS-CI-RRM-COREI,Core Impact-RenewalMaintenance,Renewal Maintenance
01tWC00000DD1m6YAD,DM-SV4-RNM-S4NM,Surveyor/400-NewMaintenance,New Maintenance
01tWC00000DD18JYAT,IGA-AAS-RNM-CAASNM,Core Access Assurance Suite-NewMaintenance,New Maintenance
01tWC00000DD1NpYAL,GOA-GAM-RNM-GAPSEB,GoAnywhere PeSIT Express Bundle-NewMaintenance,New Maintenance
01tWC00000DD20sYAD,SM-ROB-RRM-RBSARRM,"Robot Bundle - Schedule, Alert, Replay-RenewalMaintenance",Renewal Maintenance
01tWC00000DD1tCYAT,SM-VMC-RRM-VMWI,VMC - Windows Operations Agent-RenewalMaintenance,Renewal Maintenance
01tWC00000DD22CYAT,FIM-FIM-RRM-TIVTDCRM,Tripwire Industrial Visibility Threat Detection Console-RenewalMaintenance,Renewal Maintenance
01tWC00000DD1CUYA1,DM-DML-RNM-DMBNM,Doc Management Bundle-NewMaintenance,New Maintenance
01tWC00000DD216YAD,FIM-FIM-RNM-TIANM,Tripwire Industrial Appliance-NewMaintenance,New Maintenance
01tWC00000DD1bMYAT,CS-PDM-RRM-PORM,Powertech Database Monitor for IBM i - Rapid Validation-RenewalMaintenance,Renewal Maintenance
01tWC00000DD1kzYAD,DM-SH-RRM-SIGNRE,SignHere-RenewalMaintenance,Renewal Maintenance
01tWC00000DD1AZYA1,DM-DML-RRM-DT4LRM,Data Transfer/400 - Legacy-RenewalMaintenance,Renewal Maintenance
01tWC00000DD22HYAT,FIM-FML-RNM-VM1NM,VnE Manager 1800-NewMaintenance,New Maintenance
01tWC00000DD1hSYAT,FIM-FIM-RRM-TECMSR,Tripwire Enterprise Console - MS SQL-RenewalMaintenance,Renewal Maintenance
01tWC00000DD1klYAD,BI-CRO-RNM-SCRNM,Showcase Client Reporting-NewMaintenance,New Maintenance
01tWC00000DD1oQYAT,FIM-TLC-RNM-TLCM,Tripwire Log Center Advanced Log Collector-NewMaintenance,New Maintenance
01tWC00000DD20RYAT,DP-DC-RNM-FDAUPGNM,"Fortra DCS ""Advance"" ULTRA Package - Government-NewMaintenance",New Maintenance
01tWC00000DD1TXYA1,ES-SWG-RRM-OCRFSE,OCR Feature For SECURE Web Gateway-RenewalMaintenance,Renewal Maintenance
01tWC00000DCyy3YAD,SM-VMC-RRM-VMMO,VMC Monitoring Engine-RenewalMaintenance,Renewal Maintenance
01tWC00000DD18yYAD,IGA-AAS-RRM-COREP,Core Provisioning-RenewalMaintenance,Renewal Maintenance
01tWC00000DD144YAD,RPA-AUT-RNM-AEDTNM,Automate Enterprise Developer Tools-NewMaintenance,New Maintenance
01tWC00000DD1CtYAL,DM-WCU-RNM-DAICLI,DocAlpha Invoice Capture Line Item-NewMaintenance,New Maintenance
01tWC00000DD12WYAT,SM-VIT-RNM-ACPNM,Alignia - Continuous Process-NewMaintenance,New Maintenance
01tWC00000DD1LzYAL,GOA-GAM-RNM-GAARNM,GoAnywhere Advanced Reporting-NewMaintenance,New Maintenance
01tWC00000DD1XpYAL,NW-INT-RNM-RAPLNM,RemoteAccess - Pooled (Legacy)-NewMaintenance,New Maintenance
01tWC00000DD16DYAT,FIM-FIM-RNM-CCMLMS,CCM Limited Management Server-NewMaintenance,New Maintenance
01tWC00000DD21LYAT,GS-GSE-RRM-CCARM,Cloud Connector Actions-RenewalMaintenance,Renewal Maintenance
01tWC00000DD1bSYAT,CS-PDM-RRM-POWEDA,Powertech Database Monitor for IBM i-RenewalMaintenance,Renewal Maintenance
01tWC00000DD13aYAD,NW-AA-RRM-FLOWRE,Flow Exporters-RenewalMaintenance,Renewal Maintenance
01tWC00000DD1kpYAD,BI-QRW-RNM-SREPNM,Sequel Repository-NewMaintenance,New Maintenance
01tWC00000DD1shYAD,SM-VMC-RNM-VMCV,VMC - Visual Message Center Dashboards-NewMaintenance,New Maintenance
01tWC00000DD1KMYA1,DP-DC-RRM-FDEPRM,Fortra DCS Essential Package-RenewalMaintenance,Renewal Maintenance
01tWC00000DD1JqYAL,DM-DML-RRM-FORMRE,Formdocs License-RenewalMaintenance,Renewal Maintenance
01tWC00000DD1wCYAT,SM-PN-RRM-VISUAC,VISUAL Control Performance Planner - Any Tier- All LPARs-RenewalMaintenance,Renewal Maintenance
01tWC00000DD1qtYAD,SM-VMC-RNM-VMCC,VMC - Cisco PIX/ASA Security Agent-NewMaintenance,New Maintenance
01tWC00000DD21vYAD,GOA-GAM-RRM-GCSBTPRM,GoAnywhere Core Server Bundle with Gateway and Threat Protection-RenewalMaintenance,Renewal Maintenance
01tWC00000DD1wEYAT,SM-PN-RNM-VISUCO,VISUAL Control Performance Planner - for iSeries-NewMaintenance,New Maintenance
01tWC00000DD1xBYAT,DM-WFM-RNM-WEBFHN,WebForms Hosting-NewMaintenance,New Maintenance
01tWC00000DD1teYAD,FIM-FIM-RNM-TCORM,Tripwire Console Orchestrator-RenewalMaintenance,Renewal Maintenance
01tWC00000DD1sZYAT,SM-VMC-RNM-VUOM,VMC - Unix Operations Agent-NewMaintenance,New Maintenance
01tWC00000DCzhaYAD,BI-ISA-RRM-IASPRM,Insite Analytics - Starter Package-RenewalMaintenance,Renewal Maintenance
01tWC00000DD1Z5YAL,SM-ROM-RRM-RMVRM,Robot Monitor - VIOS-RenewalMaintenance,Renewal Maintenance
01tWC00000DD1YzYAL,SM-ROM-RNM-RMLNM,Robot Monitor - Linux-NewMaintenance,New Maintenance
01tWC00000DD1XfYAL,NW-IRA-RNM-RAILNM,RemoteAccess - Individual (Legacy)-NewMaintenance,New Maintenance
01tWC00000DD1TpYAL,ES-SEG-RRM-ORGPRE,ORG PERP SECURE Email Gateway-RenewalMaintenance,Renewal Maintenance
01tWC00000DD1KBYA1,DP-DC-RNM-FDPUPN,"Fortra DCS ""Plus"" ULTRA Package-NewMaintenance",New Maintenance
01tWC00000DD1dUYAT,DM-IRC-RRM-RTFRRE,RTF Report Converter-RenewalMaintenance,Renewal Maintenance
01tWC00000DD1PKYA1,SM-SYM-RRM-GSMTCT,GSM TC35 Terminal Ph-RenewalMaintenance,Renewal Maintenance
01tWC00000DD15OYAT,SM-SMB-RRM-BMMM,"BUNDLE - Message, Monitor, Remote Control-RenewalMaintenance",Renewal Maintenance
01tWC00000DD1mVYAT,SM-VMC-RNM-T0PUNM,Tango/04 Portal User-NewMaintenance,New Maintenance
01tWC00000DD1U0YAL,SM-HCS-RNM-PARANE,Paragon Suite-NewMaintenance,New Maintenance
01tWC00000DD1Z7YAL,SM-ROR-RNM-RRNM,Robot Replay-NewMaintenance,New Maintenance
01tWC00000DD1lPYAT,DM-DML-RNM-SOFTNE,Software - Misc-NewMaintenance,New Maintenance
01tWC00000DD22qYAD,GS-GSE-RRM-SSBRM,SFTP Server Bundle-RenewalMaintenance,Renewal Maintenance
01tWC00000DD21LYAT,GS-GSE-RRM-CCARM,Cloud Connector Actions-RenewalMaintenance,Renewal Maintenance
01tWC00000DD1vOYAT,CM-TQU-RNM-UTQSOO,Unisys - TeamQuest SAUtilities OS2200-OTC-NewMaintenance,New Maintenance
01tWC00000DD0A0YAL,SM-RON-RRM-NNRM,NETWORK-Node-RenewalMaintenance,Renewal Maintenance
01tWC00000DD1JoYAL,DM-DML-RNM-FORMNE,Formdocs License-NewMaintenance,New Maintenance
01tWC00000DD22OYAT,FIM-TLC-RRM-TLCMLERM,Tripwire Log Center Manager License - EVAL-RenewalMaintenance,Renewal Maintenance
01tWC00000DD1RMYA1,DM-DML-RRM-MOAIRE,Microsoft Office Add-Ins-RenewalMaintenance,Renewal Maintenance
01tWC00000DD1NBYA1,GOA-GAM-RNM-GAFCSN,GoAnywhere FTP Client & Server-NewMaintenance,New Maintenance
01tWC00000DD13yYAD,RPA-AUT-RRM-AURM,Automate Enterprise-RenewalMaintenance,Renewal Maintenance
01tWC00000DD1lCYAT,DM-EU-RRM-SMTPRE,SMTP/400 Email Send API-RenewalMaintenance,Renewal Maintenance
01tWC00000DD1qIYAT,SM-VMC-RNM-VISUAR,VISUAL Remote Control (add-on to VSP)-NewMaintenance,New Maintenance
01tWC00000DD1ZWYA1,SM-RSI-RRM-RSEOIR,Robot Schedule EnterpriseOne Interface-RenewalMaintenance,Renewal Maintenance
01tWC00000DD1K2YAL,DP-DC-RRM-FCSPRM,Fortra Classifier Suite Plus-RenewalMaintenance,Renewal Maintenance
01tWC00000DCwWkYAL,DM-DML-RRM-ISDARM,iSeries Data Access-RenewalMaintenance,Renewal Maintenance
01tWC00000DD1JgYAL,DP-DCL-RNM-FIRENE,Fire and Forget-NewMaintenance,New Maintenance
01tWC00000DD1wZYAT,DM-IRM-RRM-WEBRES,Web Report Server/400 - Legacy-RenewalMaintenance,Renewal Maintenance
01tWC00000DD23EYAT,SM-VMC-RRM-VOARM,VMC - Operations Agent-RenewalMaintenance,Renewal Maintenance
01tWC00000DD09oYAD,CS-DFT-RRM-NTCRM,Network Traffic Controller-RenewalMaintenance,Renewal Maintenance
01tWC00000DD1y3YAD,DM-DML-RNM-WINVNE,WinView-NewMaintenance,New Maintenance
01tWC00000DD1R6YAL,SM-SYM-RRM-MMRM,Message Manager-RenewalMaintenance,Renewal Maintenance
01tWC00000DD1DcYAL,DP-DCL-RNM-DRAFNE,Draft & Release-NewMaintenance,New Maintenance
01tWC00000DD1XdYAL,NW-IRA-RRM-RAIRM,RemoteAccess - Individual-RenewalMaintenance,Renewal Maintenance
01tWC00000DD1R6YAL,SM-SYM-RRM-MMRM,Message Manager-RenewalMaintenance,Renewal Maintenance
01tWC00000DD1xYYAT,DM-DML-RNM-WSBRSN,WinSpool Batch Report Server-NewMaintenance,New Maintenance
01tWC00000DD21dYAD,GS-GSE-RNM-EIMNM,EFT Insight Module-NewMaintenance,New Maintenance
01tWC00000DD1PBYA1,GOA-GAM-RNM-GAWRNM,GoAnywhere Workflows Restricted-NewMaintenance,New Maintenance
01tWC00000DD1leYAD,IGA-AAS-RNM-SCCIPN,Standard Core Connectors - In Product-NewMaintenance,New Maintenance
01tWC00000DD15aYAD,DP-DCL-RNM-CAPANE,Capability Checker-NewMaintenance,New Maintenance
01tWC00000DD1ePYAT,ES-SXG-RNM-SEXCHA,SECURE Exchange Gateway Advanced Security Package-NewMaintenance,New Maintenance
01tWC00000DD1slYAD,SM-VMC-RNM-VMVI,VMC - Visual Message Center Goals-NewMaintenance,New Maintenance
01tWC00000DD1fcYAD,CS-SA-RRM-SARM,Security Audit-RenewalMaintenance,Renewal Maintenance
01tWC00000DD1MjYAL,GOA-GAM-RRM-GOAC,GoAnywhere Cloud Connector Standard Pack-RenewalMaintenance,Renewal Maintenance
01tWC00000DD18FYAT,IGA-AAS-RNM-CANM,Core Access-NewMaintenance,New Maintenance
01tWC00000DD1pMYAT,FIM-TLC-RNM-TLCNDN,Tripwire Log Center for Network Devices-NewMaintenance,New Maintenance
01tWC00000DD1uiYAD,CM-TQU-RRM-UTEQOO,Unisys - TeamQuest Online OS2200-OTC-RenewalMaintenance,Renewal Maintenance
01tWC00000DD230YAD,BI-SDW-RRM-SDWBGERM,SEQUEL Data Warehouse Bundle - Gold Edition-RenewalMaintenance,Renewal Maintenance
01tWC00000DD1QPYA1,SM-LSO-RRM-LSOSRE,Lvl2: Systems Operations Suite-RenewalMaintenance,Renewal Maintenance
01tWC00000DD1gXYAT,FIM-FIM-RRM-TRIPWA,Tripwire App - Dynamic Software Reconciliation Express - Utility-RenewalMaintenance,Renewal Maintenance
01tWC00000DD1wCYAT,SM-PN-RRM-VISUAC,VISUAL Control Performance Planner - Any Tier- All LPARs-RenewalMaintenance,Renewal Maintenance
01tWC00000DD21YYAT,GS-GSE-RNM-EBAMNM,EFT Business Activity Monitor (BAM)-NewMaintenance,New Maintenance
01tWC00000DD1cKYAT,CS-RSA-RRM-PRSM,Powertech RSA SecurID Agent for IBM i-RenewalMaintenance,Renewal Maintenance
01tWC00000DD221YAD,FIM-FIM-RRM-CSEERM,CCM - Scan Engine - EVAL-RenewalMaintenance,Renewal Maintenance
01tWC00000DD1aRYAT,CS-PTA-RRM-PALARM,Powertech Antivirus - Linux / AIX-RenewalMaintenance,Renewal Maintenance
01tWC00000DCwWiYAL,DM-DML-RNM-ISDANM,iSeries Data Access-NewMaintenance,New Maintenance
01tWC00000DD1QLYA1,SM-LMM-RRM-LMMSRE,Lvl1: Message Management Suite-RenewalMaintenance,Renewal Maintenance
01tWC00000DCwWFYA1,NW-INT-RNM-ISLNM,Intermapper Server (Legacy)-NewMaintenance,New Maintenance
01tWC00000DD1ZBYA1,SM-RRE-RNM-RORE,Robot Reports-NewMaintenance,New Maintenance
01tWC00000DD12aYAD,SM-VIT-RNM-ACPM,Alignia - Control Point-NewMaintenance,New Maintenance
01tWC00000DD1YjYAL,SM-ROC-RNM-ROCO,Robot Console-NewMaintenance,New Maintenance
01tWC00000DD09qYAD,SM-RON-RNM-NAHNM,NETWORK-Alternative Host-NewMaintenance,New Maintenance
01tWC00000DD1OgYAL,GOA-GAM-RNM-GASSNM,GoAnywhere SFTP Server-NewMaintenance,New Maintenance
01tWC00000DD1apYAD,CS-CLP-RNM-PTCANM,PowerTech Central Admin-NewMaintenance,New Maintenance
01tWC00000DD1Q5YAL,DM-IBM-RNM-IENCNE,iEncrypt-NewMaintenance,New Maintenance
01tWC00000DD1qOYAT,SM-VMC-RRM-VISE,VISUAL Security Suite - Security Package-RenewalMaintenance,Renewal Maintenance
01tWC00000DD16ZYAT,SM-ROT-RNM-CDBNEW,CD Builder-NewMaintenance,New Maintenance
01tWC00000DCzhaYAD,BI-ISA-RRM-IASPRM,Insite Analytics - Starter Package-RenewalMaintenance,Renewal Maintenance
01tWC00000DD11vYAD,DM-IRC-RRM-AFPCRE,AFP Converter-RenewalMaintenance,Renewal Maintenance
01tWC00000DD1NzYAL,GOA-GAM-RNM-GAPSSN,GoAnywhere PeSIT Server-NewMaintenance,New Maintenance
01tWC00000DD18LYAT,IGA-AAS-RRM-CAASRM,Core Access Assurance Suite-RenewalMaintenance,Renewal Maintenance
01tWC00000DD11dYAD,SM-AJS-RRM-AJSRM,Advanced Job Scheduler-RenewalMaintenance,Renewal Maintenance
01tWC00000DD1QsYAL,DP-DC-RRM-MCRM,Message Classification-RenewalMaintenance,Renewal Maintenance
01tWC00000DD1PKYA1,SM-SYM-RRM-GSMTCT,GSM TC35 Terminal Ph-RenewalMaintenance,Renewal Maintenance
01tWC00000DD1eXYAT,ES-SXG-RNM-SEEGAE,SECURE Exchange Gateway Essential Security Package-NewMaintenance,New Maintenance
01tWC00000DD1sRYAT,SM-VMC-RNM-VMCU,VMC - Universal Transaction Agent - 5 Script Runners-NewMaintenance,New Maintenance
01tWC00000DD1aNYAT,CS-DFT-RRM-PUPREN,Powerful User Passport-RenewalMaintenance,Renewal Maintenance
01tWC00000DD1sxYAD,SM-VMC-RNM-VMCW,VMC - Web Availability & Response Time Agent-NewMaintenance,New Maintenance
01tWC00000DD19wYAD,SM-VMC-RNM-DAMO,Data Monitor for iSeries Base Changes-NewMaintenance,New Maintenance
01tWC00000DD1fcYAD,CS-SA-RRM-SARM,Security Audit-RenewalMaintenance,Renewal Maintenance
01tWC00000DD1R8YAL,SM-MES-RNM-MESSNE,MessengerConsole-NewMaintenance,New Maintenance
01tWC00000DD1NxYAL,GOA-GAM-RRM-GOANP,GoAnywhere PeSIT Premium Bundle-RenewalMaintenance,Renewal Maintenance
01tWC00000DD140YAD,RPA-AUT-RNM-AEANM,Automate Enterprise Agent-NewMaintenance,New Maintenance
01tWC00000DD1xtYAD,DM-DML-RRM-WSPRCR,WinSpool PDF Report Converter-RenewalMaintenance,Renewal Maintenance
01tWC00000DD1eTYAT,ES-SXG-RNM-SEXCGA,SECURE Exchange Gateway Elite Security Package-NewMaintenance,New Maintenance
01tWC00000DD1AVYA1,BI-SDW-RRM-DSVBRM,Data Set View Builder-RenewalMaintenance,Renewal Maintenance
01tWC00000DCxlMYAT,CM-TQR-RNM-TQSSNM,TeamQuest Surveyor for Systems-NewMaintenance,New Maintenance
01tWC00000DCwVUYA1,DM-IFO-RRM-IFORFA,iForms Electronic Forms and Report Writer - Legacy-RenewalMaintenance,Renewal Maintenance
01tWC00000DD1u4YAD,CM-TQU-RNM-UTQDFO,Unisys - TeamQuest D-Fragger OS2200-OTC-NewMaintenance,New Maintenance
01tWC00000DD17uYAD,DM-DML-RRM-CIBRM,Comprehensive i Bundle-RenewalMaintenance,Renewal Maintenance
01tWC00000DCzhVYAT,BI-ISA-RNM-IACNM,Insite Analytics - Core-NewMaintenance,New Maintenance
01tWC00000DD1duYAD,DM-WCU-RNM-SCANNE,Scan Workstation-NewMaintenance,New Maintenance
01tWC00000DCxm4YAD,DP-DC-RNM-TMCNM,Titus Message Classification-NewMaintenance,New Maintenance
01tWC00000DD1daYAD,CS-SPS-RNM-SPSHNM,Safestone Password Self Help-NewMaintenance,New Maintenance
01tWC00000DD1ckYAD,BI-SQ-RNM-PRODNE,Productivity Enablement-NewMaintenance,New Maintenance
01tWC00000DD1IjYAL,GOA-FIL-RNM-FCCNM,FileCatalyst Central-NewMaintenance,New Maintenance
01tWC00000DD1RGYA1,CM-TQO-RNM-MCPANE,Metrics Catalog - PS-AM-NewMaintenance,New Maintenance
01tWC00000DD1LnYAL,GOA-GAM-RNM-GAAFTN,GoAnywhere Accelerated File Transfer-NewMaintenance,New Maintenance
01tWC00000DD1hGYAT,FIM-FIM-RNM-TAWPUN,Tripwire App - Whitelist Profiler - Utility-NewMaintenance,New Maintenance
01tWC00000DD1X9YAL,SM-RAP-RNM-RECONE,Record and Playback-NewMaintenance,New Maintenance
01tWC00000DD1r5YAD,SM-VMC-RNM-VMCE,VMC - Exchange Server Operations Agent-NewMaintenance,New Maintenance
01tWC00000DD17uYAD,DM-DML-RRM-CIBRM,Comprehensive i Bundle-RenewalMaintenance,Renewal Maintenance
01tWC00000DD1xEYAT,DM-WFM-RNM-WEBFLN,WebForms Legacy-NewMaintenance,New Maintenance
01tWC00000DD1qIYAT,SM-VMC-RNM-VISUAR,VISUAL Remote Control (add-on to VSP)-NewMaintenance,New Maintenance
01tWC00000DD1gAYAT,BI-SQ-RNM-SEQUEL,Sequel-NewMaintenance,New Maintenance
01tWC00000DD1O9YAL,GOA-GAM-RNM-GAPANM,GoAnywhere Premium AS2-NewMaintenance,New Maintenance
01tWC00000DD1dcYAD,CS-SPS-RRM-SPSHRM,Safestone Password Self Help-RenewalMaintenance,Renewal Maintenance
01tWC00000DD1PDYA1,GOA-GAM-RRM-GAWRRM,GoAnywhere Workflows Restricted-RenewalMaintenance,Renewal Maintenance
01tWC00000DCzhNYAT,GOA-GAM-RNM-GPBCNM,GoAnywhere Premium Bundle - Clustered-NewMaintenance,New Maintenance
01tWC00000DD21cYAD,GS-GSE-RRM-EFTCMFRM,EFT File Transfer Client Module FTC-RenewalMaintenance,Renewal Maintenance
01tWC00000DD1kGYAT,BI-SQ-RRM-SESMBB,SEQUEL SMB Bundle Included Users-RenewalMaintenance,Renewal Maintenance
01tWC00000DD13HYAT,CS-DFT-RNM-ASOCNM,Application System & Object Control-NewMaintenance,New Maintenance
01tWC00000DD1s3YAD,SM-VMC-RNM-VOSM,VMC - Oracle Security Agent-NewMaintenance,New Maintenance
01tWC00000DCzhOYAT,GOA-GAM-RRM-GPBTPRM,GoAnywhere Premium Bundle with Threat Protection-RenewalMaintenance,Renewal Maintenance
01tWC00000DD12zYAD,SM-VIT-RNM-ATNM,Alignia - Task-NewMaintenance,New Maintenance
01tWC00000DD12AYAT,SM-AI-RRM-ALERRE,Alert Intelligence-RenewalMaintenance,Renewal Maintenance
01tWC00000DD1PcYAL,SM-SYM-RNM-HHHNEW,"HMM, HEP, HPM-NewMaintenance",New Maintenance
01tWC00000DD227YAD,FIM-FIM-RNM-TSENM,Tripwire for Servers - EVAL-NewMaintenance,New Maintenance
01tWC00000DD1fNYAT,ES-SWG-RNM-SEWEBG,SECURE Web Gateway Essential Security Package-NewMaintenance,New Maintenance
01tWC00000DD1s5YAD,SM-VMC-RRM-VMOR,VMC - Oracle Security Agent-RenewalMaintenance,Renewal Maintenance
01tWC00000DD1ehYAD,ES-SIG-RRM-SEIC,SECURE ICAP Gateway-RenewalMaintenance,Renewal Maintenance
01tWC00000DD13HYAT,CS-DFT-RNM-ASOCNM,Application System & Object Control-NewMaintenance,New Maintenance
01tWC00000DD1RbYAL,SM-MQM-RNM-MQMNEW,MQ Manager-NewMaintenance,New Maintenance
01tWC00000DD1ayYAD,CS-PCM-RNM-PCMCII,Powertech Compliance Monitor Consolidator for IBM i-NewMaintenance,New Maintenance
01tWC00000DD1MPYA1,GOA-GAM-RRM-GOAA,GoAnywhere AS4 Send/Receive-RenewalMaintenance,Renewal Maintenance
01tWC00000DD1MXYA1,GOA-GAM-RRM-GABAMR,GoAnywhere Business Activity Monitor-RenewalMaintenance,Renewal Maintenance
01tWC00000DD1wVYAT,BI-SQ-RRM-WEBESR,Web Enablement (SWI)-RenewalMaintenance,Renewal Maintenance
01tWC00000DD1m2YAD,ES-SWG-RNM-SSSWGN,Structural Sanitization For SECURE Web Gateway-NewMaintenance,New Maintenance
01tWC00000DD1faYAD,CS-SA-RNM-SANM,Security Audit-NewMaintenance,New Maintenance
01tWC00000DD1MPYA1,GOA-GAM-RRM-GOAA,GoAnywhere AS4 Send/Receive-RenewalMaintenance,Renewal Maintenance
01tWC00000DD1CpYAL,DM-WCU-RRM-DACSLR,DocAlpha Concurrent Seat License-RenewalMaintenance,Renewal Maintenance
01tWC00000DD1CXYA1,DM-DML-RNM-DMLPNM,Doc Management Legacy Product-NewMaintenance,New Maintenance
01tWC00000DD16uYAD,CM-TQO-RRM-CLAIRE,Claims Metrics-RenewalMaintenance,Renewal Maintenance
01tWC00000DCxl0YAD,FIM-FIM-RRM-TER,TE Reinstatement Fee-RenewalMaintenance,Renewal Maintenance
01tWC00000DD128YAD,SM-AI-RNM-ALERNE,Alert Intelligence-NewMaintenance,New Maintenance
01tWC00000DD11tYAD,DM-IRC-RNM-AFPCNE,AFP Converter-NewMaintenance,New Maintenance
01tWC00000DD1QFYA1,SM-RLP-RNM-LPARNE,LPAR-NewMaintenance,New Maintenance
01tWC00000DD1vaYAD,CM-TQU-RNM-UTQTLO,Unisys - TeamQuest TipLA OS2200-OTC-NewMaintenance,New Maintenance
01tWC00000DD1ezYAD,ES-SIG-RNM-SEICGA,SECURE ICAP Gateway Essential Security Package Per Instance-NewMaintenance,New Maintenance
01tWC00000DD20MYAT,DP-DC-RNM-CDMEBNM,Classification for Desktop & Message Classification Enterprise & Classification for Office Enterprise Bundle-NewMaintenance,New Maintenance
01tWC00000DD1B0YAL,DM-DOE-RNM-DTBNEW,DealerTrack Bundle-NewMaintenance,New Maintenance
01tWC00000DD234YAD,BI-SDW-RRM-SDWBSERM,SEQUEL Data Warehouse Bundle - Silver Edition-RenewalMaintenance,Renewal Maintenance
01tWC00000DD12QYAT,SM-VIT-RRM-ABPM,Alignia - Business Process-RenewalMaintenance,Renewal Maintenance
01tWC00000DD21NYAT,GS-GSE-RNM-DG3SSNM,DMZ Gateway 3 - Single Site-NewMaintenance,New Maintenance
01tWC00000DD1OkYAL,GOA-GAM-RNM-GASANM,GoAnywhere Standard Agent-NewMaintenance,New Maintenance
01tWC00000DD1u1YAD,CM-TQU-RRM-UNTE,Unisys - TeamQuest CULL OS2200-OTC-RenewalMaintenance,Renewal Maintenance
01tWC00000DD1xqYAD,DM-DML-RRM-WSPM,WinSpool PCL to PDF Converter-RenewalMaintenance,Renewal Maintenance
01tWC00000DD1x3YAD,DM-DML-RRM-WDTCRM,WebDocs Tray Capture-RenewalMaintenance,Renewal Maintenance
01tWC00000DD1KEYA1,DP-DC-RRM-FDPUPR,"Fortra DCS ""Plus"" ULTRA Package-RenewalMaintenance",Renewal Maintenance
01tWC00000DD1ozYAD,FIM-TLC-RNM-TLCFSN,Tripwire Log Center for File Systems-NewMaintenance,New Maintenance
01tWC00000DD1erYAD,ES-SIG-RNM-SICAP,SECURE ICAP Gateway Elite Security Package Per Instance-NewMaintenance,New Maintenance
01tWC00000DD1hAYAT,FIM-FML-RRM-TATSNR,Tripwire App - TE Integration Framework - ServiceNow - Utility & Implementation-RenewalMaintenance,Renewal Maintenance
01tWC00000DD1p9YAD,FIM-FIM-RRM-TADPELRM,Tripwire Asset Discovery Profiler Ev Limited-RenewalMaintenance,Renewal Maintenance
01tWC00000DD0AlYAL,ES-SXG-RRM-OCRM,OCR Feature For SECURE Exchange Gateway-RenewalMaintenance,Renewal Maintenance
01tWC00000DD12QYAT,SM-VIT-RRM-ABPM,Alignia - Business Process-RenewalMaintenance,Renewal Maintenance
01tWC00000DD1trYAD,ES-SEG-RRM-TCSERE,TrustCenter For SECURE Email Gateway-RenewalMaintenance,Renewal Maintenance
01tWC00000DD09PYAT,DM-DML-RNM-NCNM,Native Converters-NewMaintenance,New Maintenance
01tWC00000DD1D1YAL,DM-WCU-RRM-DAARM,docAlpha(Artsyl)-RenewalMaintenance,Renewal Maintenance
01tWC00000DD1QjYAL,SM-PN-RNM-MCPRNE,MCP Remote Support-NewMaintenance,New Maintenance
01tWC00000DD1atYAD,CS-PCS-RNM-PCSIIN,Powertech Command Security for IBM i-NewMaintenance,New Maintenance
01tWC00000DD09LYAT,DM-DML-RRM-NATPRR,Native AFP to PDF Report-RenewalMaintenance,Renewal Maintenance
01tWC00000DD1M7YAL,GOA-GAM-RNM-GAAWRN,GoAnywhere Advanced Workflows and Reporting-NewMaintenance,New Maintenance
01tWC00000DD1lwYAD,ES-SIG-RNM-SSSICA,Structural Sanitization For SECURE ICAP Gateway-NewMaintenance,New Maintenance
01tWC00000DD1hUYAT,FIM-FIM-RNM-TECNM,Tripwire Enterprise Console-NewMaintenance,New Maintenance
01tWC00000DD230YAD,BI-SDW-RRM-SDWBGERM,SEQUEL Data Warehouse Bundle - Gold Edition-RenewalMaintenance,Renewal Maintenance
01tWC00000DD1JiYAL,DP-DCL-RRM-FIRERE,Fire and Forget-RenewalMaintenance,Renewal Maintenance
01tWC00000DD1QBYA1,SM-HCS-RRM-IFDSRE,IFDS Suite-RenewalMaintenance,Renewal Maintenance
01tWC00000DCzhjYAD,BI-SDW-RNM-SDWSGENM,Sequel Data Warehouse (RODIN) Select License - Gold Edition-NewMaintenance,New Maintenance
01tWC00000DD1YrYAL,SM-RHA-RNM-RHNM,Robot HA-NewMaintenance,New Maintenance
01tWC00000DD1GNYA1,DM-DML-RNM-ELECDN,Electronic Forms Designer-NewMaintenance,New Maintenance
01tWC00000DD1wGYAT,SM-PN-RRM-VISCON,VISUAL Control Performance Planner - for iSeries-RenewalMaintenance,Renewal Maintenance
01tWC00000DD1PHYA1,BI-SQ-RRM-GREERE,Green Screen-RenewalMaintenance,Renewal Maintenance
01tWC00000DD1hpYAD,FIM-FIM-RNM-TEDSNM,Tripwire Enterprise for Directory Services-NewMaintenance,New Maintenance
01tWC00000DD16QYAT,FIM-FIM-RNM-CCMSEN,CCM Scan Engine-NewMaintenance,New Maintenance
01tWC00000DD1BjYAL,DP-DLP-RRM-DGDMCR,DG Management Console-RenewalMaintenance,Renewal Maintenance
01tWC00000DCwWOYA1,DP-DLP-RNM-INVENE,Investigation Module-NewMaintenance,New Maintenance
01tWC00000DD1gWYAT,FIM-FIM-RNM-TRNM,Tripwire App - Dynamic Software Reconciliation Express - Utility-NewMaintenance,New Maintenance
01tWC00000DD1arYAD,CS-CLP-RRM-PTCARM,PowerTech Central Admin-RenewalMaintenance,Renewal Maintenance
01tWC00000DD1qGYAT,SM-VMC-RRM-VIRE,VISUAL Remote Control-RenewalMaintenance,Renewal Maintenance
01tWC00000DD14PYAT,RPA-AUT-RNM-AORNM,Automate OEM Royalty-NewMaintenance,New Maintenance
01tWC00000DD1qCYAT,SM-VMC-RRM-VISUMC,VISUAL Message Center Suite for Operations-RenewalMaintenance,Renewal Maintenance
01tWC00000DCwWuYAL,DM-DOE-RRM-JDABRE,JDA Bundle-RenewalMaintenance,Renewal Maintenance
01tWC00000DD1uDYAT,CM-TQU-RNM-UTQIOO,Unisys - TeamQuest IACULL OS2200-OTC-NewMaintenance,New Maintenance
01tWC00000DCzhbYAD,BI-ISA-RNM-IASPNM,Insite Analytics - Starter Package-NewMaintenance,New Maintenance
01tWC00000DD1NNYA1,GOA-GAM-RNM-GAGLBN,GoAnywhere Gateway and Load Balancer-NewMaintenance,New Maintenance
01tWC00000DD1MuYAL,GOA-GAM-RNM-GACSBN,GoAnywhere Core Server Bundle-NewMaintenance,New Maintenance
01tWC00000DD1OiYAL,GOA-GAM-RRM-GASSRM,GoAnywhere SFTP Server-RenewalMaintenance,Renewal Maintenance
01tWC00000DCyyFYAT,FIM-FIM-RNM-VEMEDP,VnE Manager Ev & Device Profiler Ev-NewMaintenance,New Maintenance
01tWC00000DD20NYAT,DP-DC-RRM-CDMEBRM,Classification for Desktop & Message Classification Enterprise & Classification for Office Enterprise Bundle-RenewalMaintenance,Renewal Maintenance
01tWC00000DD1gyYAD,FIM-FIM-RRM-TEUSLFRM,TE University Site License-File Systems Monitoring-Tier 1-RenewalMaintenance,Renewal Maintenance
01tWC00000DD1gcYAD,FIM-FIM-RRM-TAESUR,Tripwire App - Event Sender - Utility-RenewalMaintenance,Renewal Maintenance
01tWC00000DD21lYAD,GS-GSE-RRM-ESW10SRM,EFT SMB Web Client WTC 10 Seats-RenewalMaintenance,Renewal Maintenance
01tWC00000DD1NTYA1,GOA-GAM-RRM-GOAG,GoAnywhere Gateway Load Balancer-RenewalMaintenance,Renewal Maintenance
01tWC00000DD21EYAT,FIM-TLC-RNM-TLCENM,Tripwire Log Center - EVAL-NewMaintenance,New Maintenance
01tWC00000DD142YAD,RPA-AUT-RRM-AEARM,Automate Enterprise Agent-RenewalMaintenance,Renewal Maintenance
01tWC00000DD11bYAD,SM-AJS-RNM-AJSNM,Advanced Job Scheduler-NewMaintenance,New Maintenance
01tWC00000DD21QYAT,GS-GSE-RNM-EFT7EXNM,EFT 7 Express-NewMaintenance,New Maintenance
01tWC00000DD1ejYAD,ES-SIG-RNM-SECURI,SECURE ICAP Gateway Advanced Security Package Per Instance-NewMaintenance,New Maintenance
01tWC00000DD1AqYAL,DP-DC-RRM-DCSWIS,DCS for Windows and SharePoint MDS-RenewalMaintenance,Renewal Maintenance
01tWC00000DD1mKYAT,DM-SV4-RRM-S4UPRM,Surveyor/400 - Unlimited Partitions-RenewalMaintenance,Renewal Maintenance
01tWC00000DD1X1YAL,BI-QRW-RRM-QRWREN,Query & Report Writer-RenewalMaintenance,Renewal Maintenance
01tWC00000DD1uYYAT,CM-TQU-RNM-UTQOFF,Unisys - TeamQuest OEM Fixed Fee - Monthly - Mainframe - Unisys OEM-NewMaintenance,New Maintenance
01tWC00000DCzheYAD,BI-SQ-RRM-SSBSRM,SEQUEL SMB Bundle - Secondary-RenewalMaintenance,Renewal Maintenance
01tWC00000DCxlfYAD,DP-DLP-RRM-THRERE,Threat Aware-RenewalMaintenance,Renewal Maintenance
01tWC00000DD1tpYAD,ES-SEG-RNM-TCSENE,TrustCenter For SECURE Email Gateway-NewMaintenance,New Maintenance
01tWC00000DD1YNYA1,SM-ROA-RRM-RARM,Robot Alert-RenewalMaintenance,Renewal Maintenance
01tWC00000DD21sYAD,GOA-GAM-RNM-GCSBWGNM,GoAnywhere Core Server Bundle with Gateway-NewMaintenance,New Maintenance
01tWC00000DD1xHYAT,DM-WFM-RNM-WEBFSM,WebForms SMB License-NewMaintenance,New Maintenance
01tWC00000DD12SYAT,SM-VIT-RNM-ABSINM,Alignia - Business Service Instance-NewMaintenance,New Maintenance
01tWC00000DD13iYAD,SM-AJM-RRM-AJMRM,Audit Journal Manager-RenewalMaintenance,Renewal Maintenance
01tWC00000DD13JYAT,CS-DFT-RRM-ASOCRM,Application System & Object Control-RenewalMaintenance,Renewal Maintenance
01tWC00000DD23CYAT,SM-ROB-RRM-RBSANRM,"Robot Bundle - Schedule, Alert, Network-RenewalMaintenance",Renewal Maintenance
01tWC00000DD1rHYAT,SM-VMC-RNM-VMIS,VMC - iSeries Performance Manager-NewMaintenance,New Maintenance
01tWC00000DD13rYAD,RPA-AUD-RRM-ADRM,Automate Desktop-RenewalMaintenance,Renewal Maintenance
01tWC00000DD1lGYAT,SM-SNP-RRM-SNAPRE,Snapshot/TSC-RenewalMaintenance,Renewal Maintenance
01tWC00000DD1ZbYAL,SM-SYM-RNM-ROBOSE,Robot Services-NewMaintenance,New Maintenance
01tWC00000DD1wQYAT,SM-VMC-RNM-VMCM,VISUAL Message Center - Full Pack-NewMaintenance,New Maintenance
01tWC00000DD1cVYAT,CS-PSI-RRM-PSAIIR,Powertech SIEM Agent for IBM i-RenewalMaintenance,Renewal Maintenance
01tWC00000DD1Z1YAL,SM-ROM-RRM-RMLRM,Robot Monitor - Linux-RenewalMaintenance,Renewal Maintenance
01tWC00000DD1ZjYAL,SM-ROT-RNM-RTNM,Robot Transform-NewMaintenance,New Maintenance
01tWC00000DD1C8YAL,SM-DSM-RRM-DSMREN,Disk Space Manager-RenewalMaintenance,Renewal Maintenance
01tWC00000DD1JEYA1,GOA-FIL-RRM-FCHARM,FileCatalyst Hotfolder for Automation-RenewalMaintenance,Renewal Maintenance
01tWC00000DD1REYA1,SM-MP-RRM-MPRM,MessengerPlus-RenewalMaintenance,Renewal Maintenance
01tWC00000DD1LxYAL,GOA-GAM-RRM-GAAARM,GoAnywhere Advanced Agent-RenewalMaintenance,Renewal Maintenance
01tWC00000DD22uYAD,GOA-GAM-RRM-GCBGRM,GoAnywhere Collaboration Bundle with Gateway-RenewalMaintenance,Renewal Maintenance
01tWC00000DD16oYAD,BI-SDW-RRM-CHANGE,Change Management-RenewalMaintenance,Renewal Maintenance
01tWC00000DD1sZYAT,SM-VMC-RNM-VUOM,VMC - Unix Operations Agent-NewMaintenance,New Maintenance
01tWC00000DD1tCYAT,SM-VMC-RRM-VMWI,VMC - Windows Operations Agent-RenewalMaintenance,Renewal Maintenance
01tWC00000DD1JYYA1,GOA-FIL-RNM-FCWANM,FileCatalyst Workflow Acceleration-NewMaintenance,New Maintenance
01tWC00000DD22yYAD,BI-SDW-RRM-SDWBBERM,SEQUEL Data Warehouse Bundle - Bronze Edition-RenewalMaintenance,Renewal Maintenance
01tWC00000DD1KVYA1,DP-DC-RRM-FDDM,Fortra DCS for DaR (Data at rest) with DCS INTELLIGENT PROTECTION-RenewalMaintenance,Renewal Maintenance
01tWC00000DD1hGYAT,FIM-FIM-RNM-TAWPUN,Tripwire App - Whitelist Profiler - Utility-NewMaintenance,New Maintenance
01tWC00000DD1rRYAT,SM-VMC-RRM-VMISES,VMC - iSeries Security Agent-RenewalMaintenance,Renewal Maintenance
01tWC00000DD1tpYAD,ES-SEG-RNM-TCSENE,TrustCenter For SECURE Email Gateway-NewMaintenance,New Maintenance
01tWC00000DD1bIYAT,CS-PDM-RRM-PODA,Powertech Database Monitor for IBM i - PMRT-RenewalMaintenance,Renewal Maintenance
01tWC00000DD23DYAT,SM-ROB-RNM-RBSANNM,"Robot Bundle - Schedule, Alert, Network-NewMaintenance",New Maintenance
01tWC00000DD1CvYAL,DM-WCU-RRM-DOCA,DocAlpha Invoice Capture Line Item-RenewalMaintenance,Renewal Maintenance
01tWC00000DD1rbYAD,SM-VMC-RNM-VMCSAN,VMC - iSeries Support Agent (Powered by VSP)-NewMaintenance,New Maintenance
01tWC00000DD1v2YAD,CM-TQU-RRM-UTQPMM,Unisys - TeamQuest PMPlus MCP-OTC-RenewalMaintenance,Renewal Maintenance
01tWC00000DD237YAD,SM-PN-RNM-VCPPNM,VISUAL Control Performance Planner-NewMaintenance,New Maintenance
01tWC00000DD09RYAT,DM-DML-RRM-NCRM,Native Converters-RenewalMaintenance,Renewal Maintenance
01tWC00000DD21AYAT,FIM-FML-RNM-TSSLNM,Tripwire for Server-SUL-Lic-NewMaintenance,New Maintenance
01tWC00000DD0A2YAL,IGA-AAS-RNM-NSCCNE,Non-Standard Core Connectors-NewMaintenance,New Maintenance
01tWC00000DCxkpYAD,FIM-FIM-RRM-TEACA,TE Academic Institution Site License - Directory Services-RenewalMaintenance,Renewal Maintenance
01tWC00000DD1OOYA1,GOA-GAM-RRM-GASFRM,GoAnywhere Secure Folders-RenewalMaintenance,Renewal Maintenance
01tWC00000DD1NHYA1,GOA-GAM-RRM-GAFSRM,GoAnywhere FTPS Server-RenewalMaintenance,Renewal Maintenance
01tWC00000DD1HcYAL,DM-EW-RRM-EWLRM,Enterprise Workflow - Legacy-RenewalMaintenance,Renewal Maintenance
01tWC00000DD1cZYAT,SM-PN-RNM-POWENE,PowerVM-NewMaintenance,New Maintenance
01tWC00000DD1gSYAT,FIM-FIM-RRM-TRAP,Tripwire App - Dynamic Software Reconciliation - Utility-RenewalMaintenance,Renewal Maintenance
01tWC00000DD1t1YAD,SM-VMC-RNM-VWSM,VMC - WebSphere Application Server Operations Agent-NewMaintenance,New Maintenance
01tWC00000DCzhcYAD,BI-SQ-RRM-SSBPRM,SEQUEL SMB Bundle - Primary-RenewalMaintenance,Renewal Maintenance
01tWC00000DD1Y5YAL,BI-SL-RRM-RESORE,Resource Accountant-RenewalMaintenance,Renewal Maintenance
01tWC00000DD1UBYA1,SM-PRM-RRM-PASSRE,Password Reset-RenewalMaintenance,Renewal Maintenance
01tWC00000DD1xwYAD,DM-DML-RRM-WSPRM,WinSpool Postscript-RenewalMaintenance,Renewal Maintenance
01tWC00000DD1faYAD,CS-SA-RNM-SANM,Security Audit-NewMaintenance,New Maintenance
01tWC00000DD1cIYAT,CS-RSA-RNM-PRSIAI,Powertech RSA SecurID Agent for IBM i-NewMaintenance,New Maintenance
01tWC00000DD1thYAD,FIM-FML-RRM-TVECRM,Tripwire VIA Express Console-RenewalMaintenance,Renewal Maintenance
01tWC00000DD11OYAT,CM-TQO-RRM-AMEERM,ActiveMetrics Enterprise Edition-RenewalMaintenance,Renewal Maintenance
01tWC00000DD1mZYAT,SM-TSK-RNM-TASKNE,Task Supervisor-NewMaintenance,New Maintenance
01tWC00000DCzhPYAT,GOA-GAM-RNM-GPBTPNM,GoAnywhere Premium Bundle with Threat Protection-NewMaintenance,New Maintenance
01tWC00000DD22hYAD,GS-GSE-RRM-MSGRM,Multi-site Gateway-RenewalMaintenance,Renewal Maintenance
01tWC00000DCwWBYA1,NW-INT-RNM-ISNM,Intermapper Server-NewMaintenance,New Maintenance
01tWC00000DD16HYAT,FIM-FIM-RNM-CCMLSE,CCM Limited Scan Engine-NewMaintenance,New Maintenance
01tWC00000DD20vYAD,SM-ROB-RNM-RBCANM,Robot Bundle - Console & Alert-NewMaintenance,New Maintenance
01tWC00000DD11lYAD,SM-ARS-RRM-ARSLRM,Advanced Reporting Suite License-RenewalMaintenance,Renewal Maintenance
01tWC00000DD1gtYAD,FIM-FIM-RRM-TRATE,Tripwire App - TE Integration Framework - Flex - Utility-RenewalMaintenance,Renewal Maintenance
01tWC00000DD21zYAD,GOA-GAM-RRM-GPSBWGRM,GoAnywhere PeSIT Starter Bundle with Gateway-RenewalMaintenance,Renewal Maintenance
01tWC00000DD1gzYAD,FIM-FIM-RRM-TRAPTI,Tripwire App - TE Integration Framework - Jira - Utility-RenewalMaintenance,Renewal Maintenance
01tWC00000DD1XbYAL,NW-IRA-RNM-RAINM,RemoteAccess - Individual-NewMaintenance,New Maintenance
01tWC00000DD1vaYAD,CM-TQU-RNM-UTQTLO,Unisys - TeamQuest TipLA OS2200-OTC-NewMaintenance,New Maintenance
01tWC00000DD174YAD,DP-DC-RRM-CORM,Classification for Office-RenewalMaintenance,Renewal Maintenance
01tWC00000DD1RRYA1,DP-DC-RNM-MOBICN,Mobile Classifier-NewMaintenance,New Maintenance
01tWC00000DD1NxYAL,GOA-GAM-RRM-GOANP,GoAnywhere PeSIT Premium Bundle-RenewalMaintenance,Renewal Maintenance
01tWC00000DD1xhYAD,DM-DML-RRM-WSFRSR,WinSpool Fax Report Server-RenewalMaintenance,Renewal Maintenance
01tWC00000DCwVhYAL,DM-DML-RNM-IPI4NE,Info Print Integrator/400-NewMaintenance,New Maintenance
01tWC00000DD1M3YAL,GOA-GAM-RNM-GAAWNM,GoAnywhere Advanced Workflows-NewMaintenance,New Maintenance
01tWC00000DD16gYAD,SM-HCS-RRM-CGISRE,CGI Suite-RenewalMaintenance,Renewal Maintenance
01tWC00000DD1JwYAL,DP-DC-RNM-FCSENM,Fortra Classifier Suite Essentials-NewMaintenance,New Maintenance
01tWC00000DD16PYAT,FIM-FIM-RRM-CCMRFR,CCM Reinstatement Fee-RenewalMaintenance,Renewal Maintenance
01tWC00000DD1ZpYAL,SM-SYM-RRM-ROBTRA,Robot Trapper-RenewalMaintenance,Renewal Maintenance
01tWC00000DD1ayYAD,CS-PCM-RNM-PCMCII,Powertech Compliance Monitor Consolidator for IBM i-NewMaintenance,New Maintenance
01tWC00000DD1O9YAL,GOA-GAM-RNM-GAPANM,GoAnywhere Premium AS2-NewMaintenance,New Maintenance
01tWC00000DD1WzYAL,BI-QRW-RNM-QRWNEW,Query & Report Writer-NewMaintenance,New Maintenance
01tWC00000DD1vYYAT,CM-TQU-RRM-UNTQSM,Unisys - TeamQuest SMFII MCP-OTC-RenewalMaintenance,Renewal Maintenance
01tWC00000DD1dlYAD,SM-SAP-RNM-SAPINE,SAP Interface-NewMaintenance,New Maintenance
01tWC00000DD1B0YAL,DM-DOE-RNM-DTBNEW,DealerTrack Bundle-NewMaintenance,New Maintenance
01tWC00000DD1J6YAL,GOA-FIL-RNM-FCDNM,FileCatalyst Direct-NewMaintenance,New Maintenance
01tWC00000DD19eYAD,DP-DC-RRM-DCRM,Data Classification-RenewalMaintenance,Renewal Maintenance
01tWC00000DD21UYAT,GS-GSE-RRM-EFT8EXRM,EFT 8 Express-RenewalMaintenance,Renewal Maintenance
01tWC00000DD1DTYA1,DM-IRM-RRM-DRSREN,Domino Report Server-RenewalMaintenance,Renewal Maintenance
01tWC00000DD17mYAD,CS-DFT-RRM-CCIRM,Compliance Center for i-RenewalMaintenance,Renewal Maintenance
01tWC00000DD1InYAL,GOA-FIL-RNM-FCCANN,FileCatalyst Central Additional Nodes-NewMaintenance,New Maintenance
01tWC00000DCyxzYAD,SM-VMC-RRM-VMISPA,VMC iSeries Performance Agent-RenewalMaintenance,Renewal Maintenance
01tWC00000DD21mYAD,GS-GSE-RNM-ESW50SNM,EFT SMB Web Client WTC 50 Seats-NewMaintenance,New Maintenance
01tWC00000DD20YYAT,FIM-FIM-RNM-DP7NM,Device Profiler 700-NewMaintenance,New Maintenance
01tWC00000DD09XYAT,DM-DML-RRM-NHPTCR,Native Host Print Transform Converter-RenewalMaintenance,Renewal Maintenance
01tWC00000DD1w0YAD,SM-VMC-RRM-VCCM,VISUAL Control Center-RenewalMaintenance,Renewal Maintenance
01tWC00000DD1wtYAD,DM-WEB-RRM-WDHRM,WebDocs Hosting-RenewalMaintenance,Renewal Maintenance
01tWC00000DD1xlYAD,DM-DML-RNM-WSLNRS,WinSpool Lotus Notes Report Server-NewMaintenance,New Maintenance
01tWC00000DD1QbYAL,DP-DC-RRM-MACCRE,Mac Classifier-RenewalMaintenance,Renewal Maintenance
01tWC00000DD1g2YAD,CS-PSS-RNM-SSCPNM,Security Scan - Cross Platform-NewMaintenance,New Maintenance
01tWC00000DD16xYAD,DP-DC-RRM-CDRM,Classification for Desktop-RenewalMaintenance,Renewal Maintenance
01tWC00000DD1uWYAT,CM-TQU-RRM-UTEQMO,Unisys - TeamQuest MSManager OS2200-OTC-RenewalMaintenance,Renewal Maintenance
01tWC00000DD1Z9YAL,SM-ROR-RRM-RRRM,Robot Replay-RenewalMaintenance,Renewal Maintenance
01tWC00000DD1ZPYA1,SM-RSE-RRM-RSERM,Robot Schedule Enterprise-RenewalMaintenance,Renewal Maintenance
01tWC00000DD13yYAD,RPA-AUT-RRM-AURM,Automate Enterprise-RenewalMaintenance,Renewal Maintenance
01tWC00000DD1R2YAL,SM-SYM-RRM-MERM,Message Communicator-RenewalMaintenance,Renewal Maintenance
01tWC00000DD20SYAT,DP-DC-RRM-FDPUPGRM,"Fortra DCS ""Plus"" ULTRA Package - Government-RenewalMaintenance",Renewal Maintenance
01tWC00000DD21HYAT,FIM-TLC-RRM-TLCFSERM,Tripwire Log Center for File Systems - EVAL-RenewalMaintenance,Renewal Maintenance
01tWC00000DD21mYAD,GS-GSE-RNM-ESW50SNM,EFT SMB Web Client WTC 50 Seats-NewMaintenance,New Maintenance
01tWC00000DD1ALYA1,ES-SIG-RNM-DATAR,Data Redaction For SECURE ICAP Gateway Per Instance-NewMaintenance,New Maintenance
01tWC00000DD1wbYAD,DM-WEB-RNM-WDSLLN,WebDocs - SMB License - Legacy-NewMaintenance,New Maintenance
01tWC00000DD1xJYAT,DM-WFM-RRM-WEBFFA,WebForms SMB License-RenewalMaintenance,Renewal Maintenance
01tWC00000DD1wIYAT,SM-VMC-RNM-VCLM,VISUAL Control/LPAR Tuner-NewMaintenance,New Maintenance
01tWC00000DD1uIYAT,CM-TQU-RNM-UTQLOO,Unisys - TeamQuest LA OS2200-OTC-NewMaintenance,New Maintenance
01tWC00000DD09YYAT,DM-IBM-RNM-NPTPCL,Native PCL to PDF Converter - Legacy-NewMaintenance,New Maintenance
01tWC00000DD1vMYAT,CM-TQU-RRM-UNTQUS,Unisys - TeamQuest SAUtilities OS2200 - Unisys OEM-RenewalMaintenance,Renewal Maintenance
01tWC00000DD12GYAT,SM-VIT-RNM-ABANM,Alignia - Business Application-NewMaintenance,New Maintenance
01tWC00000DD1CUYA1,DM-DML-RNM-DMBNM,Doc Management Bundle-NewMaintenance,New Maintenance
01tWC00000DD1beYAD,CS-PEI-RRM-POWERE,Powertech Encryption for IBM i (Backup Encryption Module)-RenewalMaintenance,Renewal Maintenance
01tWC00000DD1ZdYAL,SM-SYM-RRM-ROSERV,Robot Services-RenewalMaintenance,Renewal Maintenance
01tWC00000DD1vQYAT,CM-TQU-RRM-UNTQSO,Unisys - TeamQuest SAUtilities OS2200-OTC-RenewalMaintenance,Renewal Maintenance
01tWC00000DCxlhYAD,DP-DC-RNM-TNM,Titus-NewMaintenance,New Maintenance
01tWC00000DCxlEYAT,CM-TQO-RNM-TQASCS,TeamQuest Analyzer & Surveyor & CMIS for Systems-NewMaintenance,New Maintenance
01tWC00000DD237YAD,SM-PN-RNM-VCPPNM,VISUAL Control Performance Planner-NewMaintenance,New Maintenance
01tWC00000DD214YAD,FIM-FIM-RNM-TCLNM,Tripwire Connect Local-NewMaintenance,New Maintenance
01tWC00000DD18VYAT,IGA-AAS-RRM-COREC,Core Compliance-RenewalMaintenance,Renewal Maintenance
01tWC00000DD1uoYAD,CM-TQU-RNM-UTQPOO,Unisys - TeamQuest PAR OS2200-OTC-NewMaintenance,New Maintenance
01tWC00000DD178YAD,DP-DC-RNM-COUMCU,Classification for Office Ultra & Message Classification Ultra Bundle-NewMaintenance,New Maintenance
01tWC00000DD14iYAD,RPA-AUD-RNM-AUPR,Automate Professional-NewMaintenance,New Maintenance
01tWC00000DD0AlYAL,ES-SXG-RRM-OCRM,OCR Feature For SECURE Exchange Gateway-RenewalMaintenance,Renewal Maintenance
01tWC00000DD1gRYAT,FIM-FIM-RNM-TADM,Tripwire App - Dynamic Software Reconciliation - Utility-NewMaintenance,New Maintenance
01tWC00000DD22bYAD,GS-GSE-RRM-EEARMARM,EFT Express Auditing & Reporting Module ARM-RenewalMaintenance,Renewal Maintenance
01tWC00000DD1AXYA1,DM-DML-RNM-DT4LNM,Data Transfer/400 - Legacy-NewMaintenance,New Maintenance
01tWC00000DCwVjYAL,DM-DML-RRM-IPI4RE,Info Print Integrator/400-RenewalMaintenance,Renewal Maintenance
01tWC00000DD1ZrYAL,SM-SYM-RNM-RUNM,Robot UPS-NewMaintenance,New Maintenance
01tWC00000DD1fXYAT,SM-SYM-RRM-SRM,Security-RenewalMaintenance,Renewal Maintenance
01tWC00000DD0AjYAL,ES-SXG-RNM-OCNM,OCR Feature For SECURE Exchange Gateway-NewMaintenance,New Maintenance
01tWC00000DD1bOYAT,CS-PDM-RNM-PONM,Powertech Database Monitor for IBM i - Read-NewMaintenance,New Maintenance
01tWC00000DD1rNYAT,SM-VMC-RRM-VMISP,VMC - iSeries Performance Manager (VCJ & VCP)-RenewalMaintenance,Renewal Maintenance
01tWC00000DD1mjYAD,FIM-FIM-RNM-TENM,TE Academic Institution Site License - Directory Services-NewMaintenance,New Maintenance
01tWC00000DD1YjYAL,SM-ROC-RNM-ROCO,Robot Console-NewMaintenance,New Maintenance
01tWC00000DD1QwYAL,DP-DC-RRM-MCCM,Message Classification & Classification for Office & Classification for Desktop Bundle-RenewalMaintenance,Renewal Maintenance
01tWC00000DD177YAD,DP-DC-RRM-COCDBR,Classification for Office & Classification for Desktop Bundle-RenewalMaintenance,Renewal Maintenance
01tWC00000DD1CtYAL,DM-WCU-RNM-DAICLI,DocAlpha Invoice Capture Line Item-NewMaintenance,New Maintenance
01tWC00000DD233YAD,BI-SDW-RNM-SDWBPENM,SEQUEL Data Warehouse Bundle - Platinum Edition-NewMaintenance,New Maintenance
01tWC00000DD0ADYA1,SM-NSS-RNM-NSSAIX,NSS - AIX-NewMaintenance,New Maintenance
01tWC00000DD1xDYAT,DM-WFM-RRM-WEBFHR,WebForms Hosting-RenewalMaintenance,Renewal Maintenance
01tWC00000DD1a0YAD,FIM-FIM-RNM-POLICY,Policy Manager for POS End Point Systems-NewMaintenance,New Maintenance
01tWC00000DD23FYAT,SM-VMC-RNM-VOANM,VMC - Operations Agent-NewMaintenance,New Maintenance
01tWC00000DD1Y5YAL,BI-SL-RRM-RESORE,Resource Accountant-RenewalMaintenance,Renewal Maintenance
01tWC00000DD1M9YAL,GOA-GAM-RRM-GAAWRR,GoAnywhere Advanced Workflows and Reporting-RenewalMaintenance,Renewal Maintenance
01tWC00000DD1TyYAL,DP-DC-RRM-OWACRE,OWA Classifier-RenewalMaintenance,Renewal Maintenance
01tWC00000DD1qrYAD,SM-VMC-RRM-VATM,VMC - Additional ThinkServer-RenewalMaintenance,Renewal Maintenance
01tWC00000DCyxvYAD,SM-VMC-RRM-VMCWIS,VMC - Windows Security Agent-RenewalMaintenance,Renewal Maintenance
01tWC00000DD1dwYAD,DM-WCU-RRM-SCANRE,Scan Workstation-RenewalMaintenance,Renewal Maintenance
01tWC00000DD1XsYAL,NW-INT-RNM-RASFNM,RemoteAccess Server Fee-NewMaintenance,New Maintenance
01tWC00000DCxlXYAT,DM-IRC-RRM-TRCARE,Text Report Converter (ASCII/ANSI/TXT/PRN)-RenewalMaintenance,Renewal Maintenance
01tWC00000DD1AqYAL,DP-DC-RRM-DCSWIS,DCS for Windows and SharePoint MDS-RenewalMaintenance,Renewal Maintenance
01tWC00000DD1NFYA1,GOA-GAM-RNM-GAFSNM,GoAnywhere FTPS Server-NewMaintenance,New Maintenance
01tWC00000DD1UcYAL,SM-PFA-RRM-PARM,Performance Analyzer-RenewalMaintenance,Renewal Maintenance
01tWC00000DD1ANYA1,ES-SIG-RRM-DATARE,Data Redaction For SECURE ICAP Gateway Per Instance-RenewalMaintenance,Renewal Maintenance
01tWC00000DD21bYAD,GS-GSE-RNM-EEMTCNM,EFT Express Mobile Transfer Client-NewMaintenance,New Maintenance
01tWC00000DD12cYAD,SM-VIT-RRM-ALRM,Alignia - Control Point-RenewalMaintenance,Renewal Maintenance
01tWC00000DD1lAYAT,DM-EU-RNM-SMTPNE,SMTP/400 Email Send API-NewMaintenance,New Maintenance
01tWC00000DD1v6YAD,CM-TQU-RRM-UTQSRM,Unisys - TeamQuest PMPlus OS2200-OTC-RenewalMaintenance,Renewal Maintenance
01tWC00000DD1OUYA1,GOA-GAM-RNM-GASMNM,GoAnywhere Secure Mail-NewMaintenance,New Maintenance
01tWC00000DD1JtYAL,DP-DCL-RRM-FORMRM,Forms-RenewalMaintenance,Renewal Maintenance
01tWC00000DD1evYAD,ES-SIG-RNM-SEICAG,SECURE ICAP Gateway Elite Security Package Per User-NewMaintenance,New Maintenance
01tWC00000DD1sjYAD,SM-VMC-RRM-VVMM,VMC - Visual Message Center Dashboards-RenewalMaintenance,Renewal Maintenance
01tWC00000DD1M9YAL,GOA-GAM-RRM-GAAWRR,GoAnywhere Advanced Workflows and Reporting-RenewalMaintenance,Renewal Maintenance
01tWC00000DD127YAD,SM-PN-RRM-AIXSRM,AIX STD-RenewalMaintenance,Renewal Maintenance
01tWC00000DD1CwYAL,DM-WCU-RNM-DAOCNM,DocAlpha Output Connector-NewMaintenance,New Maintenance
01tWC00000DD1aEYAT,DM-EU-RNM-POP4NE,POP/400 Email Retrieval API-NewMaintenance,New Maintenance
01tWC00000DD20kYAD,FIM-FIM-RNM-TEDENM,Tripwire Enterprise for Desktops - EVAL-NewMaintenance,New Maintenance
01tWC00000DD1h7YAD,FIM-FIM-RNM-TATEIF,Tripwire App - TE Integration Framework - ServiceNow - Utility-NewMaintenance,New Maintenance
01tWC00000DD1pnYAD,FIM-TLC-RRM-TLCFMR,Tripwire Log Center Forwarding Manager-RenewalMaintenance,Renewal Maintenance
01tWC00000DD1IuYAL,GOA-FIL-RNM-FCCCNM,FileCatalyst Concurrent Connections-NewMaintenance,New Maintenance
01tWC00000DD121YAD,SM-NSS-RNM-AIXOPN,AIX on Power-NewMaintenance,New Maintenance
01tWC00000DD224YAD,FIM-FIM-RRM-TEFSERM,Tripwire Enterprise for File Systems - EVAL-RenewalMaintenance,Renewal Maintenance
01tWC00000DD1rFYAT,SM-VMC-RRM-VMCISE,VMC - iSeries Performance Agent (Powered by VCW)-RenewalMaintenance,Renewal Maintenance
01tWC00000DCwVVYA1,DM-IBM-RNM-IFSTNE,IFS Tools-NewMaintenance,New Maintenance
01tWC00000DCyyTYAT,BI-WB-RNM-WAREBN,Warehouse Builder-NewMaintenance,New Maintenance
01tWC00000DD11CYAT,SM-SYM-RRM-ALCMRE,A la Carte Menu and Security System-RenewalMaintenance,Renewal Maintenance
01tWC00000DD17JYAT,DP-DC-RRM-CMARM,Classifier for McAfee-RenewalMaintenance,Renewal Maintenance
01tWC00000DD1MTYA1,GOA-GAM-RRM-GABARM,GoAnywhere Basic Agent-RenewalMaintenance,Renewal Maintenance
01tWC00000DD1PeYAL,SM-SYM-RRM-HHHREN,"HMM, HEP, HPM-RenewalMaintenance",Renewal Maintenance
01tWC00000DD1HuYAL,FIM-FIM-RRM-FIMDRM,File Integrity Manager for Databases-RenewalMaintenance,Renewal Maintenance
01tWC00000DD1eBYAT,ES-SEG-RRM-SERM,SECURE Email Gateway Advanced Security Package-RenewalMaintenance,Renewal Maintenance
01tWC00000DD1NbYAL,GOA-GAM-RRM-GAGFSR,GoAnywhere GoFast Server-RenewalMaintenance,Renewal Maintenance
01tWC00000DD1DgYAL,DP-DLP-RNM-DVCNEW,DV&C-NewMaintenance,New Maintenance
01tWC00000DD1GhYAL,DM-DML-RRM-ERDBPR,Email Report Distribution Bundle PC-RenewalMaintenance,Renewal Maintenance
01tWC00000DD1IlYAL,GOA-FIL-RRM-FCCRM,FileCatalyst Central-RenewalMaintenance,Renewal Maintenance
01tWC00000DD1HTYA1,DM-IRM-RNM-ENFA,Enterprise Fax-NewMaintenance,New Maintenance
01tWC00000DD14AYAT,RPA-AUD-RNM-AFPNM,Automate Full/Premium-NewMaintenance,New Maintenance
01tWC00000DD1f7YAD,ES-SIG-RNM-SEICGP,SECURE ICAP Gateway Per Instance-NewMaintenance,New Maintenance
01tWC00000DD1bKYAT,CS-PDM-RNM-PDMIIR,Powertech Database Monitor for IBM i - Rapid Validation-NewMaintenance,New Maintenance
01tWC00000DD1leYAD,IGA-AAS-RNM-SCCIPN,Standard Core Connectors - In Product-NewMaintenance,New Maintenance
01tWC00000DD13mYAD,SM-AUS-RRM-AUTHRE,Authority Swapper-RenewalMaintenance,Renewal Maintenance
01tWC00000DD1OSYA1,GOA-GAM-RRM-GOANS,GoAnywhere Secure Forms-RenewalMaintenance,Renewal Maintenance
01tWC00000DD1Q7YAL,DM-IBM-RRM-IENCRE,iEncrypt-RenewalMaintenance,Renewal Maintenance
01tWC00000DCzhYYAT,BI-ISA-RRM-IAPROM,Insite Analytics - Pro-RenewalMaintenance,Renewal Maintenance
01tWC00000DD178YAD,DP-DC-RNM-COUMCU,Classification for Office Ultra & Message Classification Ultra Bundle-NewMaintenance,New Maintenance
01tWC00000DD1lEYAT,SM-SNP-RNM-SNAPNE,Snapshot/TSC-NewMaintenance,New Maintenance
01tWC00000DD18SYAT,IGA-VIS-RRM-CCRM,Core Certify-RenewalMaintenance,Renewal Maintenance
01tWC00000DD1DkYAL,DP-DCL-RNM-ETRANE,E-tracker-NewMaintenance,New Maintenance
01tWC00000DD1P3YAL,GOA-GAM-RNM-GAWBNM,GoAnywhere Workflows Basic-NewMaintenance,New Maintenance
01tWC00000DD1qrYAD,SM-VMC-RRM-VATM,VMC - Additional ThinkServer-RenewalMaintenance,Renewal Maintenance
01tWC00000DD19uYAD,SM-VMC-RRM-DMIM,Data Monitor for iSeries Base (Changes)-RenewalMaintenance,Renewal Maintenance
01tWC00000DD1sHYAT,SM-VMC-RRM-VMSL,VMC - SLA Analytics-RenewalMaintenance,Renewal Maintenance
01tWC00000DCxlVYAT,DM-IRC-RNM-TRCANE,Text Report Converter (ASCII/ANSI/TXT/PRN)-NewMaintenance,New Maintenance
01tWC00000DD1O6YAL,GOA-GAM-RRM-GANYPE,GoAnywhere PeSIT Starter Bundle-RenewalMaintenance,Renewal Maintenance
01tWC00000DD1xtYAD,DM-DML-RRM-WSPRCR,WinSpool PDF Report Converter-RenewalMaintenance,Renewal Maintenance
01tWC00000DD1q2YAD,SM-VIT-RNM-VISUAM,VISUAL Message Center Dashboards-NewMaintenance,New Maintenance
01tWC00000DD1H9YAL,BI-ESN-RNM-EESPPU,Enhanced ESEND for SMB Pricing - Per User-NewMaintenance,New Maintenance
01tWC00000DD15aYAD,DP-DCL-RNM-CAPANE,Capability Checker-NewMaintenance,New Maintenance
01tWC00000DD1JSYA1,GOA-FIL-RRM-FCTM,FileCatalyst TransferAgent - Web Integration Kit-RenewalMaintenance,Renewal Maintenance
01tWC00000DD20VYAT,DP-DC-RNM-MCCDBENM,Message Classification & Classification for Office & Classification for Desktop Bundle - Enterprise-NewMaintenance,New Maintenance
01tWC00000DD1IWYA1,FIM-FIM-RNM-FIMSSU,File Integrity Manager for Small Stores (up to 5 FIM-FS)-NewMaintenance,New Maintenance
01tWC00000DD1enYAD,ES-SIG-RNM-SECICA,SECURE ICAP Gateway Advanced Security Package Per User-NewMaintenance,New Maintenance
01tWC00000DD1muYAD,FIM-FIM-RNM-TEMENM,Tripwire Enterprise for Microsoft Exchange-NewMaintenance,New Maintenance
01tWC00000DD1nwYAD,FIM-FIM-RNM-TNDNM,Tripwire for Net Devices-NewMaintenance,New Maintenance
01tWC00000DD22KYAT,FIM-TLC-RRM-TLCNDERM,Tripwire Log Center for Network Devices - EVAL-RenewalMaintenance,Renewal Maintenance
01tWC00000DD1s7YAD,SM-VMC-RNM-VPCM,VMC - Policy Compliance for Windows-NewMaintenance,New Maintenance
01tWC00000DD1PQYA1,SM-HAM-RRM-HAMREN,HA-MX Monitor-RenewalMaintenance,Renewal Maintenance
01tWC00000DD1OWYA1,GOA-GAM-RRM-GASMRM,GoAnywhere Secure Mail-RenewalMaintenance,Renewal Maintenance
01tWC00000DCyxxYAD,SM-VMC-RNM-VISEP,VMC iSeries Performance Agent-NewMaintenance,New Maintenance
01tWC00000DD1IyYAL,GOA-FIL-RNM-FCCCAN,FileCatalyst Concurrent Connections Additional-NewMaintenance,New Maintenance
01tWC00000DD1NXYA1,GOA-GAM-RRM-GAGDRM,GoAnywhere GoDrive-RenewalMaintenance,Renewal Maintenance
01tWC00000DD1ahYAD,CS-PTA-RRM-PAIIRM,Powertech Antivirus for IBM i-RenewalMaintenance,Renewal Maintenance
01tWC00000DD1ZRYA1,SM-RSE-RNM-RSEANM,Robot Schedule Enterprise Agent-NewMaintenance,New Maintenance
01tWC00000DD1vQYAT,CM-TQU-RRM-UNTQSO,Unisys - TeamQuest SAUtilities OS2200-OTC-RenewalMaintenance,Renewal Maintenance
01tWC00000DD12KYAT,SM-VIT-RNM-ABCNM,Alignia - Business Consumers-NewMaintenance,New Maintenance
01tWC00000DCwWyYAL,SM-NSS-RRM-LOPREN,Linux on Power-RenewalMaintenance,Renewal Maintenance
01tWC00000DD22OYAT,FIM-TLC-RRM-TLCMLERM,Tripwire Log Center Manager License - EVAL-RenewalMaintenance,Renewal Maintenance
01tWC00000DD1dSYAT,DM-IRC-RNM-RTFRNE,RTF Report Converter-NewMaintenance,New Maintenance
01tWC00000DD10WYAT,DP-DLP-RRM-DGSRM,Digital Guardian Software-RenewalMaintenance,Renewal Maintenance
01tWC00000DD1ZxYAL,FIM-FIM-RRM-PMNDRM,Policy Manager for Network Devices-RenewalMaintenance,Renewal Maintenance
01tWC00000DD1r3YAD,SM-VMC-RRM-VMCDE,VMC - Debugging Agent (Powered by VDW)-RenewalMaintenance,Renewal Maintenance
01tWC00000DCxlBYAT,CM-TQO-RRM-TEQU,TeamQuest Analyzer & Predictor & Surveyor & CMIS for Systems-RenewalMaintenance,Renewal Maintenance
01tWC00000DD172YAD,DP-DC-RNM-CONM,Classification for Office-NewMaintenance,New Maintenance
01tWC00000DD1NXYA1,GOA-GAM-RRM-GAGDRM,GoAnywhere GoDrive-RenewalMaintenance,Renewal Maintenance
01tWC00000DD1CCYA1,DP-DLP-RRM-DLPREN,DLP-RenewalMaintenance,Renewal Maintenance
01tWC00000DD1rzYAD,SM-VMC-RNM-VMCO,VMC - Oracle Operations Agent-NewMaintenance,New Maintenance
01tWC00000DD23AYAT,SM-ROB-RRM-RBSARM,Robot Bundle - Schedule & Alert-RenewalMaintenance,Renewal Maintenance
01tWC00000DD177YAD,DP-DC-RRM-COCDBR,Classification for Office & Classification for Desktop Bundle-RenewalMaintenance,Renewal Maintenance
01tWC00000DD1LrYAL,GOA-GAM-RNM-GOANYW,GoAnywhere Accelerated File Transfer Per Gbps-NewMaintenance,New Maintenance
01tWC00000DD1vKYAT,CM-TQU-RNM-UTQSOU,Unisys - TeamQuest SAUtilities OS2200 - Unisys OEM-NewMaintenance,New Maintenance
01tWC00000DD1C6YAL,SM-DSM-RNM-DSMNEW,Disk Space Manager-NewMaintenance,New Maintenance
01tWC00000DD1ZWYA1,SM-RSI-RRM-RSEOIR,Robot Schedule EnterpriseOne Interface-RenewalMaintenance,Renewal Maintenance
01tWC00000DD220YAD,FIM-FIM-RNM-CSEENM,CCM - Scan Engine - EVAL-NewMaintenance,New Maintenance
01tWC00000DD23HYAT,CM-VCM-RNM-VSPNM,VCM Starter Pack-NewMaintenance,New Maintenance
01tWC00000DD1bAYAT,CS-CLP-RNM-PCSNM,Powertech Compliance Suite-NewMaintenance,New Maintenance
01tWC00000DCxmJYAT,BI-SDW-RNM-TRENNE,Trend Tables-NewMaintenance,New Maintenance
01tWC00000DD1DRYA1,DM-IRM-RNM-DRSNEW,Domino Report Server-NewMaintenance,New Maintenance
01tWC00000DD1KYYA1,DP-DC-RNM-FDDARN,Fortra DCS for Data at Rest-NewMaintenance,New Maintenance
01tWC00000DD12lYAD,SM-VIT-RRM-AERM,Alignia - Engine-RenewalMaintenance,Renewal Maintenance
01tWC00000DD21fYAD,GS-GSE-RNM-ERAM(NM,EFT Remote Agent Module (RAM)-NewMaintenance,New Maintenance
01tWC00000DD1p2YAD,FIM-TLC-RNM-TLCIEN,Tripwire Log Center for Industrial Environments-NewMaintenance,New Maintenance
01tWC00000DD1YfYAL,SM-SYM-RNM-RCNM,Robot Client-NewMaintenance,New Maintenance
01tWC00000DD1AaYAL,DM-IBM-RNM-DATANE,DataImport-NewMaintenance,New Maintenance
01tWC00000DCwWcYAL,ES-SEG-RNM-IPIPNE,iPhone/iPad PMM Feature For SECURE Email Gateway-NewMaintenance,New Maintenance
01tWC00000DD1lRYAT,DM-DML-RRM-SOFTRE,Software - Misc-RenewalMaintenance,Renewal Maintenance
01tWC00000DD1byYAD,CS-PIM-RNM-PIMIIN,Powertech Identity Manager for IBM i-NewMaintenance,New Maintenance
01tWC00000DD20UYAT,DP-DC-RRM-MCCDBERM,Message Classification & Classification for Office & Classification for Desktop Bundle - Enterprise-RenewalMaintenance,Renewal Maintenance
01tWC00000DD1gNYAT,FIM-FIM-RRM-TACM,Tripwire App - Custom Workflow Integration for Nozomi - Utility-RenewalMaintenance,Renewal Maintenance
01tWC00000DCwVhYAL,DM-DML-RNM-IPI4NE,Info Print Integrator/400-NewMaintenance,New Maintenance
01tWC00000DD1rXYAT,SM-VMC-RNM-VISSU,VMC - iSeries Support Agent-NewMaintenance,New Maintenance
01tWC00000DCwWJYA1,NW-INT-RNM-ISBNM,Intermapper Server Bundle-NewMaintenance,New Maintenance
01tWC00000DD20qYAD,SM-VMC-RRM-VSARM,VMC - Security Agent-RenewalMaintenance,Renewal Maintenance
01tWC00000DD1cTYAT,CS-PSI-RNM-PSAIIN,Powertech SIEM Agent for IBM i-NewMaintenance,New Maintenance
01tWC00000DD17AYAT,DP-DC-RRM-COUM,Classification for Office Ultra & Message Classification Ultra Bundle-RenewalMaintenance,Renewal Maintenance
01tWC00000DD21DYAT,FIM-TLC-RRM-TLCERM,Tripwire Log Center - EVAL-RenewalMaintenance,Renewal Maintenance
01tWC00000DD1fyYAD,SM-VMC-RNM-SKMNM,Security Knowledge Module-NewMaintenance,New Maintenance
01tWC00000DD1goYAD,FIM-FIM-RNM-TRIPAT,Tripwire App - TE Integration Framework - Cherwell - Utility-NewMaintenance,New Maintenance
01tWC00000DD1KHYA1,DP-DC-RNM-FDAPNM,Fortra DCS Advanced Package-NewMaintenance,New Maintenance
01tWC00000DD1eJYAT,ES-SEG-RRM-SECEMG,SECURE Email Gateway Essential Security Package-RenewalMaintenance,Renewal Maintenance
01tWC00000DD1XTYA1,BI-SDW-RNM-RDPNM,Remote Data Push-NewMaintenance,New Maintenance
01tWC00000DD1nIYAT,FIM-FIM-RNM-TEPM,Tripwire Enterprise for POS End Point Systems-NewMaintenance,New Maintenance
01tWC00000DD12MYAT,SM-VIT-RRM-ABCRM,Alignia - Business Consumers-RenewalMaintenance,Renewal Maintenance
01tWC00000DD1D6YAL,SM-SYM-RRM-DMSRM,Document Management System-RenewalMaintenance,Renewal Maintenance
01tWC00000DD175YAD,DP-DC-RNM-COCDBN,Classification for Office & Classification for Desktop Bundle-NewMaintenance,New Maintenance
01tWC00000DD1YEYA1,CS-DFT-RRM-RCMREN,Risk & Compliance Monitor-RenewalMaintenance,Renewal Maintenance
01tWC00000DD1RAYA1,SM-MES-RRM-MESSRE,MessengerConsole-RenewalMaintenance,Renewal Maintenance
01tWC00000DD1wiYAD,DM-WEB-RNM-WDDMNM,WebDocs Document Management-NewMaintenance,New Maintenance
01tWC00000DD1P5YAL,GOA-GAM-RRM-GAWBRM,GoAnywhere Workflows Basic-RenewalMaintenance,Renewal Maintenance
01tWC00000DD1QqYAL,DP-DC-RNM-MCNM,Message Classification-NewMaintenance,New Maintenance
01tWC00000DD1NbYAL,GOA-GAM-RRM-GAGFSR,GoAnywhere GoFast Server-RenewalMaintenance,Renewal Maintenance
01tWC00000DD1Y8YAL,SM-SYM-RRM-RTMREN,Restricted Tasks Manager-RenewalMaintenance,Renewal Maintenance
01tWC00000DD13kYAD,SM-AUS-RNM-AUTHNE,Authority Swapper-NewMaintenance,New Maintenance
01tWC00000DD1u8YAD,CM-TQU-RNM-UTQHMO,Unisys - TeamQuest Harvest MCP-OTC-NewMaintenance,New Maintenance
01tWC00000DD19sYAD,SM-VMC-RNM-DMISBC,Data Monitor for iSeries Base (Changes)-NewMaintenance,New Maintenance
01tWC00000DD1YpYAL,SM-RCP-RRM-ROBCPA,Robot CPA-RenewalMaintenance,Renewal Maintenance
01tWC00000DD1r7YAD,SM-VMC-RRM-VESM,VMC - Exchange Server Operations Agent-RenewalMaintenance,Renewal Maintenance
01tWC00000DD1baYAD,CS-PEI-RRM-PEIM,Powertech Encryption for IBM i (Auto IFS Encryption Module)-RenewalMaintenance,Renewal Maintenance
01tWC00000DCwVcYAL,DM-WCU-RNM-IBONEW,Imaging Barcode/OCR-NewMaintenance,New Maintenance
01tWC00000DCxmJYAT,BI-SDW-RNM-TRENNE,Trend Tables-NewMaintenance,New Maintenance
01tWC00000DD1JaYAL,GOA-FIL-RRM-FCWARM,FileCatalyst Workflow Acceleration-RenewalMaintenance,Renewal Maintenance
01tWC00000DD1NBYA1,GOA-GAM-RNM-GAFCSN,GoAnywhere FTP Client & Server-NewMaintenance,New Maintenance
01tWC00000DD1qMYAT,SM-VMC-RNM-VSSM,VISUAL Security Suite - Security Package-NewMaintenance,New Maintenance
01tWC00000DD1KHYA1,DP-DC-RNM-FDAPNM,Fortra DCS Advanced Package-NewMaintenance,New Maintenance
01tWC00000DCwWrYAL,DM-DML-RRM-ISPTRM,iSeries PDF and TIFF-RenewalMaintenance,Renewal Maintenance
01tWC00000DD1IwYAL,GOA-FIL-RRM-FCCCRM,FileCatalyst Concurrent Connections-RenewalMaintenance,Renewal Maintenance
01tWC00000DCxm1YAD,DP-DC-RNM-TLNNM,Titus for Lotus Notes-NewMaintenance,New Maintenance
01tWC00000DD22SYAT,GS-GSE-RRM-COLBRM,Collaboration Bundle-RenewalMaintenance,Renewal Maintenance
01tWC00000DD1UiYAL,SM-PN-RNM-PNNM,Performance Navigator-NewMaintenance,New Maintenance
01tWC00000DD1ByYAL,ES-SEG-RNM-DRMEGP,Digital Rights Management for Email Gateway (Powered by Seclore)-NewMaintenance,New Maintenance
01tWC00000DD20rYAD,SM-VMC-RNM-VSANM,VMC - Security Agent-NewMaintenance,New Maintenance
01tWC00000DD1abYAD,CS-PTA-RNM-PAIIDN,Powertech Antivirus for IBM i - Domino-NewMaintenance,New Maintenance
01tWC00000DD1u6YAD,CM-TQU-RRM-UNRM,Unisys - TeamQuest D-Fragger OS2200-OTC-RenewalMaintenance,Renewal Maintenance
01tWC00000DD1c8YAD,CS-PPS-RRM-PPSM,Powertech Password Self Help for IBM i-RenewalMaintenance,Renewal Maintenance
01tWC00000DD19EYAT,DM-IRC-RNM-CSVCNE,CSV Converter-NewMaintenance,New Maintenance
01tWC00000DD1gKYAT,BI-CRO-RRM-SECL,SEQUEL Client Report Option-RenewalMaintenance,Renewal Maintenance
01tWC00000DD1uMYAT,CM-TQU-RNM-UTQMOO,Unisys - TeamQuest MS2200 OS2200-OTC-NewMaintenance,New Maintenance
01tWC00000DD1u6YAD,CM-TQU-RRM-UNRM,Unisys - TeamQuest D-Fragger OS2200-OTC-RenewalMaintenance,Renewal Maintenance
01tWC00000DD19cYAD,DP-DC-RNM-DCNM,Data Classification-NewMaintenance,New Maintenance
01tWC00000DD12rYAD,SM-VIT-RNM-AISNM,Alignia - Internal Service-NewMaintenance,New Maintenance
01tWC00000DCzhPYAT,GOA-GAM-RNM-GPBTPNM,GoAnywhere Premium Bundle with Threat Protection-NewMaintenance,New Maintenance
01tWC00000DD1wXYAT,DM-IRM-RNM-WEBRS4,Web Report Server/400 - Legacy-NewMaintenance,New Maintenance
01tWC00000DD1c2YAD,CS-PMF-RNM-PMFAII,Powertech Multi-Factor Authentication for IBM i-NewMaintenance,New Maintenance
01tWC00000DD18PYAT,IGA-CAI-RRM-CAIRM,Core Access Insight-RenewalMaintenance,Renewal Maintenance
01tWC00000DD1BbYAL,FIM-FIM-RRM-DPENOT,Device Profiler Ev Non-Transferable Unlimited Use-RenewalMaintenance,Renewal Maintenance
01tWC00000DD1jgYAD,BI-SDW-RRM-SDWM,Sequel Data Warehouse (RODIN) Select License-RenewalMaintenance,Renewal Maintenance
01tWC00000DD10XYAT,ES-SEG-RNM-CSEGANM,Clearswift SECURE Email Gateway (Kaspersky AV)-NewMaintenance,New Maintenance
01tWC00000DD1DgYAL,DP-DLP-RNM-DVCNEW,DV&C-NewMaintenance,New Maintenance
01tWC00000DCxlnYAD,DP-DC-RRM-TCESRM,Titus Classification Enterprise Suite-RenewalMaintenance,Renewal Maintenance
01tWC00000DD21gYAD,GS-GSE-RRM-ERAM(RM,EFT Remote Agent Module (RAM)-RenewalMaintenance,Renewal Maintenance
01tWC00000DD1QqYAL,DP-DC-RNM-MCNM,Message Classification-NewMaintenance,New Maintenance
01tWC00000DD1weYAD,DM-DML-RNM-WDBINM,WebDocs Batch Import-NewMaintenance,New Maintenance
01tWC00000DD1ZNYA1,SM-RSE-RNM-RSENM,Robot Schedule Enterprise-NewMaintenance,New Maintenance
01tWC00000DD12KYAT,SM-VIT-RNM-ABCNM,Alignia - Business Consumers-NewMaintenance,New Maintenance
01tWC00000DD11FYAT,BI-ABS-RRM-ABSTRE,Abstract-RenewalMaintenance,Renewal Maintenance
01tWC00000DCwWuYAL,DM-DOE-RRM-JDABRE,JDA Bundle-RenewalMaintenance,Renewal Maintenance
01tWC00000DD1AHYA1,ES-SIG-RNM-DRSIGN,Data Redaction For SECURE ICAP Gateway-NewMaintenance,New Maintenance
01tWC00000DD131YAD,SM-VIT-RRM-ATRM,Alignia - Task-RenewalMaintenance,Renewal Maintenance
01tWC00000DD1D8YAL,ES-SEG-RNM-DSSEGN,Document Sanitization For SECURE Email Gateway-NewMaintenance,New Maintenance
01tWC00000DD1YPYA1,SM-RAT-RNM-ROAU,Robot Autotune-NewMaintenance,New Maintenance
01tWC00000DD1bgYAD,CS-PEI-RNM-PEIIFE,Powertech Encryption for IBM i (Field Encryption Module)-NewMaintenance,New Maintenance
01tWC00000DD21nYAD,GS-GSE-RRM-ESW50SRM,EFT SMB Web Client WTC 50 Seats-RenewalMaintenance,Renewal Maintenance
01tWC00000DD1GkYAL,DM-EU-RRM-ERSRM,Email Report Server-RenewalMaintenance,Renewal Maintenance
01tWC00000DD1stYAD,SM-VMC-RNM-VVSM,VMC - VMware Security Agent-NewMaintenance,New Maintenance
01tWC00000DD1kOYAT,BI-SWI-RNM-SWIM,SEQUEL Web Interface-NewMaintenance,New Maintenance
01tWC00000DD09uYAD,SM-RON-RNM-NHNM,NETWORK-Host-NewMaintenance,New Maintenance
01tWC00000DD1gxYAD,FIM-FIM-RNM-TRAPTE,Tripwire App - TE Integration Framework - Jira - Utility-NewMaintenance,New Maintenance
01tWC00000DD1HfYAL,DM-EW-RRM-EWLLRM,Enterprise Workflow Lite - Legacy-RenewalMaintenance,Renewal Maintenance
01tWC00000DD1wuYAD,DM-WEB-RNM-WDIMNM,WebDocs Invoice Manager-NewMaintenance,New Maintenance
01tWC00000DD22DYAT,FIM-FIM-RNM-TSAEVNM,Tripwire State Analyzer - EVAL-NewMaintenance,New Maintenance
01tWC00000DD1rvYAD,SM-VMC-RNM-VNSM,VMC - Network Syslog Agent-NewMaintenance,New Maintenance
01tWC00000DD1UMYA1,DM-IRC-RRM-PDFCRM,PDF Converter-RenewalMaintenance,Renewal Maintenance
01tWC00000DD1MdYAL,GOA-GAM-RNM-GACCSN,GoAnywhere Cloud Connector Standard-NewMaintenance,New Maintenance
01tWC00000DD1h2YAD,FIM-FIM-RNM-TAPTEI,Tripwire App - TE Integration Framework - Remedy - Utility-NewMaintenance,New Maintenance
01tWC00000DD1abYAD,CS-PTA-RNM-PAIIDN,Powertech Antivirus for IBM i - Domino-NewMaintenance,New Maintenance
01tWC00000DD09VYAT,DM-DML-RNM-NHPTCN,Native Host Print Transform Converter-NewMaintenance,New Maintenance
01tWC00000DD22CYAT,FIM-FIM-RRM-TIVTDCRM,Tripwire Industrial Visibility Threat Detection Console-RenewalMaintenance,Renewal Maintenance
01tWC00000DD1bWYAT,CS-PEI-RRM-PEIIRM,Powertech Encryption for IBM i-RenewalMaintenance,Renewal Maintenance
01tWC00000DD1KYYA1,DP-DC-RNM-FDDARN,Fortra DCS for Data at Rest-NewMaintenance,New Maintenance
01tWC00000DCzhTYAT,GOA-GAM-RNM-GSBGTPNM,GoAnywhere Starter Bundle with Gateway and Threat Protection-NewMaintenance,New Maintenance
01tWC00000DD125YAD,SM-PN-RNM-AIXSTD,AIX STD-NewMaintenance,New Maintenance
01tWC00000DD1PHYA1,BI-SQ-RRM-GREERE,Green Screen-RenewalMaintenance,Renewal Maintenance
01tWC00000DD1OMYA1,GOA-GAM-RNM-GASFNM,GoAnywhere Secure Folders-NewMaintenance,New Maintenance
01tWC00000DD19NYAT,DM-DML-RRM-CUSTRE,Custom Bundle-RenewalMaintenance,Renewal Maintenance
01tWC00000DD1dMYAT,DM-RPG-RRM-RPGTRE,RPG Toolbox-RenewalMaintenance,Renewal Maintenance
01tWC00000DD1w6YAD,SM-VMC-RNM-VCPM,VISUAL Control for Pools-NewMaintenance,New Maintenance
01tWC00000DD1XkYAL,NW-INT-RRM-RAPFRM,RemoteAccess - Pooled - Freeware-RenewalMaintenance,Renewal Maintenance
01tWC00000DD19LYAT,DM-DML-RNM-CUSTNE,Custom Bundle-NewMaintenance,New Maintenance
01tWC00000DD1eNYAT,ES-SXG-RRM-SECEXC,SECURE Exchange Gateway-RenewalMaintenance,Renewal Maintenance
01tWC00000DD1QRYA1,SM-LAA-RNM-LAASNE,Lvl3: Advanced Automation Suite-NewMaintenance,New Maintenance
01tWC00000DD14tYAD,RPA-AUD-RNM-AURU,Automate Runtime-NewMaintenance,New Maintenance
01tWC00000DD20gYAD,FIM-FIM-RNM-TEDEVNM,Tripwire Enterprise for Databases - EVAL-NewMaintenance,New Maintenance
01tWC00000DD1QTYA1,SM-LAA-RRM-LAASRE,Lvl3: Advanced Automation Suite-RenewalMaintenance,Renewal Maintenance
01tWC00000DD0APYA1,SM-NSS-RNM-NSSVIO,NSS - VIOS-NewMaintenance,New Maintenance
01tWC00000DD1YTYA1,SM-ROB-RNM-RBNM,Robot Bundle-NewMaintenance,New Maintenance
01tWC00000DD22sYAD,GS-GSE-RRM-SBRM,Starter Bundle-RenewalMaintenance,Renewal Maintenance
01tWC00000DD212YAD,FIM-FIM-RRM-FERM,FORTRAVM - EVAL-RenewalMaintenance,Renewal Maintenance
01tWC00000DD21AYAT,FIM-FML-RNM-TSSLNM,Tripwire for Server-SUL-Lic-NewMaintenance,New Maintenance
01tWC00000DD22fYAD,GS-GSE-RRM-FMRM,Folder Monitor-RenewalMaintenance,Renewal Maintenance
01tWC00000DCzhZYAT,BI-ISA-RNM-IAPRONM,Insite Analytics - Pro-NewMaintenance,New Maintenance
01tWC00000DD1GVYA1,DM-DML-RNM-EDBBNM,Email Dist Bundle Basic-NewMaintenance,New Maintenance
01tWC00000DD1RIYA1,CM-TQO-RRM-MCPARE,Metrics Catalog - PS-AM-RenewalMaintenance,Renewal Maintenance
01tWC00000DD1wXYAT,DM-IRM-RNM-WEBRS4,Web Report Server/400 - Legacy-NewMaintenance,New Maintenance
01tWC00000DD1H5YAL,BI-SDW-RNM-EDSNM,Enhanced Data Sources-NewMaintenance,New Maintenance
01tWC00000DD1OfYAL,GOA-GAM-RRM-GASLRM,GoAnywhere Services (legacy)-RenewalMaintenance,Renewal Maintenance
01tWC00000DD1YIYA1,DM-DML-RRM-RJSPRE,RJS PDF API-RenewalMaintenance,Renewal Maintenance
01tWC00000DD1xzYAD,DM-DML-RRM-WSRRCR,WinSpool RTF Report Converter-RenewalMaintenance,Renewal Maintenance
01tWC00000DD1anYAD,CS-PAB-RRM-PABIIR,Powertech Authority Broker for IBM i-RenewalMaintenance,Renewal Maintenance
01tWC00000DD20hYAD,FIM-FIM-RRM-TEDSERM,Tripwire Enterprise for Directory Services - EVAL-RenewalMaintenance,Renewal Maintenance
01tWC00000DD1P7YAL,GOA-GAM-RNM-GAWENM,GoAnywhere Workflows Express-NewMaintenance,New Maintenance
01tWC00000DD1aGYAT,DM-EU-RRM-POP4RE,POP/400 Email Retrieval API-RenewalMaintenance,Renewal Maintenance
01tWC00000DD1AnYAL,DP-DC-RRM-DCSWOR,DCS for Windows and OWA-RenewalMaintenance,Renewal Maintenance
01tWC00000DCxlsYAD,DP-DC-RNM-TCOFNM,Titus Classification for Office and Files-NewMaintenance,New Maintenance
01tWC00000DD1MLYA1,GOA-GAM-RRM-GORM,GoAnywhere AS3 Send/Receive-RenewalMaintenance,Renewal Maintenance
01tWC00000DD1RYYA1,SM-ROM-RRM-MONIRE,Monitor-RenewalMaintenance,Renewal Maintenance
01tWC00000DD1wIYAT,SM-VMC-RNM-VCLM,VISUAL Control/LPAR Tuner-NewMaintenance,New Maintenance
01tWC00000DD11lYAD,SM-ARS-RRM-ARSLRM,Advanced Reporting Suite License-RenewalMaintenance,Renewal Maintenance
01tWC00000DD1sfYAD,SM-VMC-RRM-VMUNIX,VMC - Unix Security Agent-RenewalMaintenance,Renewal Maintenance
01tWC00000DD18dYAD,IGA-AAS-RRM-CCLRM,Core Connector Library-RenewalMaintenance,Renewal Maintenance
01tWC00000DD1ouYAD,FIM-FIM-RRM-VEMEER,VnE Manager Ev Express-RenewalMaintenance,Renewal Maintenance
01tWC00000DD09OYAT,DM-DML-RRM-NATTRR,Native AFP to TIFF Report-RenewalMaintenance,Renewal Maintenance
01tWC00000DD1JNYA1,GOA-FIL-RRM-FCRPRM,FileCatalyst Reverse Proxy-RenewalMaintenance,Renewal Maintenance
01tWC00000DD1epYAD,ES-SIG-RRM-SEICAP,SECURE ICAP Gateway Advanced Security Package Per User-RenewalMaintenance,Renewal Maintenance
01tWC00000DD1RRYA1,DP-DC-RNM-MOBICN,Mobile Classifier-NewMaintenance,New Maintenance
01tWC00000DD1beYAD,CS-PEI-RRM-POWERE,Powertech Encryption for IBM i (Backup Encryption Module)-RenewalMaintenance,Renewal Maintenance
01tWC00000DD1pTYAT,FIM-TLC-RNM-TLCPEP,Tripwire Log Center for POS End Point Systems (includes Advanced Log Collector Agent)-NewMaintenance,New Maintenance
01tWC00000DCwWnYAL,DM-IBM-RRM-ISOIRM,iSeries Office Integrator-RenewalMaintenance,Renewal Maintenance
01tWC00000DD21qYAD,GOA-GAM-RNM-GCBGTPNM,GoAnywhere Collaboration Bundle with Gateway and Threat Protection-NewMaintenance,New Maintenance
01tWC00000DD1oOYAT,FIM-FML-RRM-TLC5RM,Tripwire Log Center 500-RenewalMaintenance,Renewal Maintenance
01tWC00000DCzhgYAD,BI-SDW-RRM-SDWSBERM,Sequel Data Warehouse (RODIN) Select License - Bronze Edition-RenewalMaintenance,Renewal Maintenance
01tWC00000DD20TYAT,DP-DC-RNM-FDPUPGNM,"Fortra DCS ""Plus"" ULTRA Package - Government-NewMaintenance",New Maintenance
01tWC00000DD198YAD,SM-HCS-RRM-COSTRE,Costco Suite-RenewalMaintenance,Renewal Maintenance
01tWC00000DD1AtYAL,DP-DC-RRM-DCSPRM,DCS Plus-RenewalMaintenance,Renewal Maintenance
01tWC00000DCzhNYAT,GOA-GAM-RNM-GPBCNM,GoAnywhere Premium Bundle - Clustered-NewMaintenance,New Maintenance
01tWC00000DD1B8YAL,DM-DLN-RRM-DELIRE,DeliverNow-RenewalMaintenance,Renewal Maintenance
01tWC00000DCyy1YAD,SM-VMC-RNM-VMEM,VMC Monitoring Engine-NewMaintenance,New Maintenance
01tWC00000DD1c0YAD,CS-PIM-RRM-PIMIIR,Powertech Identity Manager for IBM i-RenewalMaintenance,Renewal Maintenance
01tWC00000DD1gRYAT,FIM-FIM-RNM-TADM,Tripwire App - Dynamic Software Reconciliation - Utility-NewMaintenance,New Maintenance
01tWC00000DD1wAYAT,SM-PN-RNM-VINM,VISUAL Control Performance Planner - Any Tier- All LPARs-NewMaintenance,New Maintenance
01tWC00000DD14bYAD,RPA-AUT-RRM-APRM,Automate Plus-RenewalMaintenance,Renewal Maintenance
01tWC00000DD1XZYA1,BI-SDW-RRM-RDSRM,Remote Data Sourcing-RenewalMaintenance,Renewal Maintenance
01tWC00000DD1lwYAD,ES-SIG-RNM-SSSICA,Structural Sanitization For SECURE ICAP Gateway-NewMaintenance,New Maintenance
01tWC00000DD18ZYAT,IGA-AAS-RRM-CCFRRM,Core Connector Framework (RDK)-RenewalMaintenance,Renewal Maintenance
01tWC00000DD1kEYAT,BI-SQ-RNM-SEQUSB,SEQUEL SMB Bundle Included Users-NewMaintenance,New Maintenance
01tWC00000DD20PYAT,DP-DC-RNM-COUMCBNM,Classification for Office Ultra & Message Classification Bundle-NewMaintenance,New Maintenance
01tWC00000DD1w2YAD,SM-VMC-RNM-VCJM,VISUAL Control for Jobs-NewMaintenance,New Maintenance
01tWC00000DD1xQYAT,DM-WCU-RNM-WAINEW,Windows Application Integrator-NewMaintenance,New Maintenance
01tWC00000DD1dXYAT,DP-DCL-RNM-SAFENE,SAFEmail Suite-NewMaintenance,New Maintenance
01tWC00000DD231YAD,BI-SDW-RNM-SDWBGENM,SEQUEL Data Warehouse Bundle - Gold Edition-NewMaintenance,New Maintenance
01tWC00000DD1pgYAD,FIM-TLC-RNM-TLCVEI,Tripwire Log Center for VMware ESX (includes Advanced Log Collector Agent)-NewMaintenance,New Maintenance
01tWC00000DD1rtYAD,SM-VMC-RRM-VNOM,VMC - Network Operations Agent-RenewalMaintenance,Renewal Maintenance
01tWC00000DD17LYAT,DP-DC-RNM-CRNM,Classifier Reporting-NewMaintenance,New Maintenance
01tWC00000DD22NYAT,FIM-TLC-RNM-TLCMLENM,Tripwire Log Center Manager License - EVAL-NewMaintenance,New Maintenance
01tWC00000DD1r3YAD,SM-VMC-RRM-VMCDE,VMC - Debugging Agent (Powered by VDW)-RenewalMaintenance,Renewal Maintenance
01tWC00000DCwWsYAL,DM-DOE-RNM-JDABNE,JDA Bundle-NewMaintenance,New Maintenance
01tWC00000DD1GiYAL,DM-EU-RNM-ERSNM,Email Report Server-NewMaintenance,New Maintenance
01tWC00000DD1d7YAD,SM-SYM-RRM-RURM,Robot UPS-RenewalMaintenance,Renewal Maintenance
01tWC00000DD22GYAT,FIM-FML-RRM-VMERM,VnE Manager - EVAL-RenewalMaintenance,Renewal Maintenance
01tWC00000DD1JiYAL,DP-DCL-RRM-FIRERE,Fire and Forget-RenewalMaintenance,Renewal Maintenance
01tWC00000DD1ZBYA1,SM-RRE-RNM-RORE,Robot Reports-NewMaintenance,New Maintenance
01tWC00000DD22tYAD,GS-GSE-RNM-SBNM,Starter Bundle-NewMaintenance,New Maintenance
01tWC00000DD1YvYAL,SM-ROM-RNM-RMANM,Robot Monitor - AIX-NewMaintenance,New Maintenance
01tWC00000DD1MxYAL,BI-SDW-RNM-SDWNM,Sequel Data Warehouse-NewMaintenance,New Maintenance
01tWC00000DD1qOYAT,SM-VMC-RRM-VISE,VISUAL Security Suite - Security Package-RenewalMaintenance,Renewal Maintenance
01tWC00000DD22lYAD,GS-GSE-RRM-REGCOMRM,Regulatory Compliance-RenewalMaintenance,Renewal Maintenance
01tWC00000DD1YGYA1,DM-DML-RNM-RJSPNE,RJS PDF API-NewMaintenance,New Maintenance
01tWC00000DD1ZeYAL,SM-RSP-RNM-ROBOSP,Robot Space-NewMaintenance,New Maintenance
01tWC00000DD0A4YAL,IGA-AAS-RRM-NSCCRE,Non-Standard Core Connectors-RenewalMaintenance,Renewal Maintenance
01tWC00000DD1XXYA1,BI-SDW-RNM-RDSNM,Remote Data Sourcing-NewMaintenance,New Maintenance
01tWC00000DD1xGYAT,DM-WFM-RRM-WEBFLR,WebForms Legacy-RenewalMaintenance,Renewal Maintenance
01tWC00000DD1fPYAT,ES-SWG-RRM-SWEBGA,SECURE Web Gateway Essential Security Package-RenewalMaintenance,Renewal Maintenance
01tWC00000DD0ADYA1,SM-NSS-RNM-NSSAIX,NSS - AIX-NewMaintenance,New Maintenance
01tWC00000DD1fsYAD,SM-VMC-RRM-SKERM,Security KM Events-RenewalMaintenance,Renewal Maintenance
01tWC00000DCwVcYAL,DM-WCU-RNM-IBONEW,Imaging Barcode/OCR-NewMaintenance,New Maintenance
01tWC00000DD1RbYAL,SM-MQM-RNM-MQMNEW,MQ Manager-NewMaintenance,New Maintenance
01tWC00000DD22ZYAT,GS-GSE-RRM-EARMRM,EFT Auditing & Reporting Module (ARM)-RenewalMaintenance,Renewal Maintenance
01tWC00000DD127YAD,SM-PN-RRM-AIXSRM,AIX STD-RenewalMaintenance,Renewal Maintenance
01tWC00000DD217YAD,FIM-FIM-RRM-TMERM,Tripwire Manager - EVAL-RenewalMaintenance,Renewal Maintenance
01tWC00000DD09OYAT,DM-DML-RRM-NATTRR,Native AFP to TIFF Report-RenewalMaintenance,Renewal Maintenance
01tWC00000DCxlnYAD,DP-DC-RRM-TCESRM,Titus Classification Enterprise Suite-RenewalMaintenance,Renewal Maintenance
01tWC00000DD1DmYAL,DP-DCL-RRM-ETRARE,E-tracker-RenewalMaintenance,Renewal Maintenance
01tWC00000DD16kYAD,BI-SDW-RRM-CDCMRM,Change Data Capture Module-RenewalMaintenance,Renewal Maintenance
01tWC00000DD1QmYAL,CS-DFT-RNM-MAPNEW,Menu & Application Program-NewMaintenance,New Maintenance
01tWC00000DD1ahYAD,CS-PTA-RRM-PAIIRM,Powertech Antivirus for IBM i-RenewalMaintenance,Renewal Maintenance
01tWC00000DD11MYAT,CM-TQO-RNM-AMEENM,ActiveMetrics Enterprise Edition-NewMaintenance,New Maintenance
01tWC00000DD1wTYAT,BI-SQ-RNM-WEBESN,Web Enablement (SWI)-NewMaintenance,New Maintenance
01tWC00000DCxlhYAD,DP-DC-RNM-TNM,Titus-NewMaintenance,New Maintenance
01tWC00000DD1qUYAT,CM-VCM-RNM-VCMENM,Vityl Capacity Management Enterprise-NewMaintenance,New Maintenance
01tWC00000DD1XsYAL,NW-INT-RNM-RASFNM,RemoteAccess Server Fee-NewMaintenance,New Maintenance
01tWC00000DD1nyYAD,FIM-FML-RRM-TVFFRM,Tripwire VIA for File Systems-RenewalMaintenance,Renewal Maintenance
01tWC00000DD0AhYAL,ES-SEG-RRM-OCFE,OCR Feature For SECURE Email Gateway-RenewalMaintenance,Renewal Maintenance
01tWC00000DD14GYAT,RPA-AIC-RNM-AICNM,Automate Intelligent Capture-NewMaintenance,New Maintenance
01tWC00000DD1b2YAD,CS-PCM-RNM-PCMEII,Powertech Compliance Monitor Endpoint for IBM i-NewMaintenance,New Maintenance
01tWC00000DD1rXYAT,SM-VMC-RNM-VISSU,VMC - iSeries Support Agent-NewMaintenance,New Maintenance
01tWC00000DD1mZYAT,SM-TSK-RNM-TASKNE,Task Supervisor-NewMaintenance,New Maintenance
01tWC00000DD1OoYAL,GOA-GAM-RNM-GASBNM,GoAnywhere Starter Bundle-NewMaintenance,New Maintenance
01tWC00000DD16AYAT,CM-TQO-RNM-CCML1P,CCM Level 1 - PS APP MODULE-NewMaintenance,New Maintenance
01tWC00000DD1s1YAD,SM-VMC-RRM-VOOM,VMC - Oracle Operations Agent-RenewalMaintenance,Renewal Maintenance
01tWC00000DD1m9YAD,DM-SV4-RNM-S4SUPN,Surveyor/400 - Single User Price-NewMaintenance,New Maintenance
01tWC00000DD1MHYA1,GOA-GAM-RRM-GAASRR,GoAnywhere AS2 Send/Receive-RenewalMaintenance,Renewal Maintenance
01tWC00000DD1bUYAT,CS-PEI-RNM-PEIINM,Powertech Encryption for IBM i-NewMaintenance,New Maintenance
01tWC00000DD1drYAD,DM-WCU-RNM-SCANLN,Scan Workstation - Legacy-NewMaintenance,New Maintenance
01tWC00000DD1QlYAL,SM-PN-RRM-MCPRRE,MCP Remote Support-RenewalMaintenance,Renewal Maintenance
01tWC00000DD1V2YAL,CM-TQO-RRM-PO1YRE,PMPlus OS2200-1-Year-Tier10-Mainframe-RenewalMaintenance,Renewal Maintenance
01tWC00000DD21pYAD,GS-GSE-RRM-TARM,Transfer Actions-RenewalMaintenance,Renewal Maintenance
01tWC00000DD19oYAD,SM-VMC-RNM-DMISBN,Data Monitor for iSeries Base-NewMaintenance,New Maintenance
01tWC00000DD1DnYAL,SM-EV-RNM-EASYNE,Easy View-NewMaintenance,New Maintenance
01tWC00000DD1HJYA1,BI-SDW-RRM-EMMRM,Enhanced Metadata Management-RenewalMaintenance,Renewal Maintenance
01tWC00000DD1BrYAL,DP-DLP-RRM-DGDVMR,DG VM-RenewalMaintenance,Renewal Maintenance
01tWC00000DD1b8YAD,CS-PCM-RRM-PCMIIR,Powertech Compliance Monitor for IBM i-RenewalMaintenance,Renewal Maintenance
01tWC00000DD1RdYAL,SM-MQM-RRM-MQMREN,MQ Manager-RenewalMaintenance,Renewal Maintenance
01tWC00000DD1hVYAT,FIM-FIM-RRM-TECORM,Tripwire Enterprise Console - Oracle-RenewalMaintenance,Renewal Maintenance
01tWC00000DD1txYAD,CM-TQU-RRM-UTQM,Unisys - TeamQuest Baseline OS2200-OTC-RenewalMaintenance,Renewal Maintenance
01tWC00000DD1e7YAD,ES-SEG-RRM-SEGM,SECURE Email Gateway-RenewalMaintenance,Renewal Maintenance
01tWC00000DD170YAD,DP-DC-RRM-CDMM,Classification for Desktop & Message Classification & Classification for Office Bundle-RenewalMaintenance,Renewal Maintenance
01tWC00000DD1xaYAD,DM-DML-RRM-WSBRSR,WinSpool Batch Report Server-RenewalMaintenance,Renewal Maintenance
01tWC00000DD1v2YAD,CM-TQU-RRM-UTQPMM,Unisys - TeamQuest PMPlus MCP-OTC-RenewalMaintenance,Renewal Maintenance
01tWC00000DD18pYAD,OS-CI-RNM-COIM,Core Impact-NewMaintenance,New Maintenance
01tWC00000DD0AJYA1,SM-NSS-RRM-NSSLRM,NSS - Linux-RenewalMaintenance,Renewal Maintenance
01tWC00000DD1UGYA1,DM-IBM-RNM-PCLTNE,PCL to PDF Converter-NewMaintenance,New Maintenance
01tWC00000DD1ZDYA1,SM-RRE-RRM-ROBOTR,Robot Reports-RenewalMaintenance,Renewal Maintenance
01tWC00000DD16kYAD,BI-SDW-RRM-CDCMRM,Change Data Capture Module-RenewalMaintenance,Renewal Maintenance
01tWC00000DD1QNYA1,SM-LSO-RNM-LSOSNE,Lvl2: Systems Operations Suite-NewMaintenance,New Maintenance
01tWC00000DD1A0YAL,SM-VMC-RNM-DMISRN,Data Monitor for iSeries Reads-NewMaintenance,New Maintenance
01tWC00000DD1umYAD,CM-TQU-RRM-UTQOOS,Unisys - TeamQuest OSAM OS2200-OTC-RenewalMaintenance,Renewal Maintenance
01tWC00000DD1MZYA1,GOA-GAM-RNM-GACCPN,GoAnywhere Cloud Connector Premium-NewMaintenance,New Maintenance
01tWC00000DD1o1YAD,FIM-FIM-RNM-TSNM,Tripwire for Servers-NewMaintenance,New Maintenance
01tWC00000DD1mKYAT,DM-SV4-RRM-S4UPRM,Surveyor/400 - Unlimited Partitions-RenewalMaintenance,Renewal Maintenance
01tWC00000DD1TRYA1,ES-SIG-RNM-OCRFE,OCR Feature For SECURE ICAP Gateway-NewMaintenance,New Maintenance
01tWC00000DD1HpYAL,DP-DC-RNM-EXCHCN,Exchange Classifier-NewMaintenance,New Maintenance
01tWC00000DD09oYAD,CS-DFT-RRM-NTCRM,Network Traffic Controller-RenewalMaintenance,Renewal Maintenance
01tWC00000DD1ePYAT,ES-SXG-RNM-SEXCHA,SECURE Exchange Gateway Advanced Security Package-NewMaintenance,New Maintenance
01tWC00000DD1CqYAL,DM-WCU-RNM-DAICHF,DocAlpha Invoice Capture Header/Footer-NewMaintenance,New Maintenance
01tWC00000DD17HYAT,DP-DC-RNM-CMANM,Classifier for McAfee-NewMaintenance,New Maintenance
01tWC00000DCwW1YAL,CM-TQO-RNM-IACINE,Integrated Access Control (IAC) Option - DATA CONN-NewMaintenance,New Maintenance
01tWC00000DD1kCYAT,BI-SQ-RRM-SESMB,SEQUEL SMB Bundle Additional User-RenewalMaintenance,Renewal Maintenance
01tWC00000DD1fDYAT,ES-SWG-RRM-SEWE,SECURE Web Gateway-RenewalMaintenance,Renewal Maintenance
01tWC00000DD1xGYAT,DM-WFM-RRM-WEBFLR,WebForms Legacy-RenewalMaintenance,Renewal Maintenance
01tWC00000DD1wVYAT,BI-SQ-RRM-WEBESR,Web Enablement (SWI)-RenewalMaintenance,Renewal Maintenance
01tWC00000DD12WYAT,SM-VIT-RNM-ACPNM,Alignia - Continuous Process-NewMaintenance,New Maintenance
01tWC00000DD1sDYAT,SM-VMC-RRM-VMCPO,VMC - Portal Users-RenewalMaintenance,Renewal Maintenance
01tWC00000DD0A9YAL,SM-SYM-RNM-N5UNEW,Nport 5110-UK-NewMaintenance,New Maintenance
01tWC00000DD1a0YAD,FIM-FIM-RNM-POLICY,Policy Manager for POS End Point Systems-NewMaintenance,New Maintenance
01tWC00000DD11bYAD,SM-AJS-RNM-AJSNM,Advanced Job Scheduler-NewMaintenance,New Maintenance
01tWC00000DD1sDYAT,SM-VMC-RRM-VMCPO,VMC - Portal Users-RenewalMaintenance,Renewal Maintenance
01tWC00000DD1noYAD,FIM-FIM-RNM-TDNM,Tripwire for Databases-NewMaintenance,New Maintenance
01tWC00000DD1TnYAL,ES-SEG-RNM-ORGPNE,ORG PERP SECURE Email Gateway-NewMaintenance,New Maintenance
01tWC00000DCwWOYA1,DP-DLP-RNM-INVENE,Investigation Module-NewMaintenance,New Maintenance
01tWC00000DD1q6YAD,SM-VMC-RNM-VISMES,VISUAL Message Center iSeries Base-NewMaintenance,New Maintenance
01tWC00000DD11dYAD,SM-AJS-RRM-AJSRM,Advanced Job Scheduler-RenewalMaintenance,Renewal Maintenance
01tWC00000DD20lYAD,FIM-FIM-RNM-TEIDNM,Tripwire Enterprise for Industrial Devices-NewMaintenance,New Maintenance
01tWC00000DD1bQYAT,CS-PDM-RRM-POWERD,Powertech Database Monitor for IBM i - Read-RenewalMaintenance,Renewal Maintenance
01tWC00000DD1qpYAD,SM-VMC-RNM-VMCA,VMC - Additional ThinkServer-NewMaintenance,New Maintenance
01tWC00000DD1mbYAD,SM-TSK-RRM-TASKRE,Task Supervisor-RenewalMaintenance,Renewal Maintenance
01tWC00000DD1MpYAL,GOA-GAM-RRM-GACBRM,GoAnywhere Collaboration Bundle-RenewalMaintenance,Renewal Maintenance
01tWC00000DD158YAD,DM-WCU-RRM-BIURM,Batch Import Utility-RenewalMaintenance,Renewal Maintenance
01tWC00000DD1pZYAT,FIM-TLC-RRM-TRLCPS,Tripwire Log Center for POS Servers (includes Advanced Log Collector Agent)-RenewalMaintenance,Renewal Maintenance
01tWC00000DD156YAD,DM-WCU-RNM-BIUNM,Batch Import Utility-NewMaintenance,New Maintenance
01tWC00000DCzhOYAT,GOA-GAM-RRM-GPBTPRM,GoAnywhere Premium Bundle with Threat Protection-RenewalMaintenance,Renewal Maintenance
01tWC00000DD1KKYA1,DP-DC-RNM-FDEPNM,Fortra DCS Essential Package-NewMaintenance,New Maintenance
01tWC00000DD1kOYAT,BI-SWI-RNM-SWIM,SEQUEL Web Interface-NewMaintenance,New Maintenance
01tWC00000DD10nYAD,OS-COS-RRM-CSRM,Cobalt Strike-RenewalMaintenance,Renewal Maintenance
01tWC00000DD1dJYAT,IGA-AAS-RRM-ROLERE,RoleCourier-RenewalMaintenance,Renewal Maintenance
01tWC00000DCwVvYAL,BI-ISA-RRM-INSIRE,Insite Analytics-RenewalMaintenance,Renewal Maintenance
01tWC00000DD1lqYAD,ES-SEG-RRM-SSSEGR,Structural Sanitization For SECURE Email Gateway-RenewalMaintenance,Renewal Maintenance
01tWC00000DD1RpYAL,DM-DML-RNM-NATPRN,Native AFP to PDF Report-NewMaintenance,New Maintenance
01tWC00000DCxm8YAD,FIM-FIM-RRM-TLCR,TLC Reinstatement Fee-RenewalMaintenance,Renewal Maintenance
01tWC00000DD1aVYAT,CS-PTA-RRM-PASRM,Powertech Antivirus - Solaris-RenewalMaintenance,Renewal Maintenance
01tWC00000DD1biYAD,CS-PEI-RRM-POWEEN,Powertech Encryption for IBM i (Field Encryption Module)-RenewalMaintenance,Renewal Maintenance
01tWC00000DD1pdYAD,FIM-TLC-RNM-TLCSDN,Tripwire Log Center for Security Devices-NewMaintenance,New Maintenance
01tWC00000DD1B8YAL,DM-DLN-RRM-DELIRE,DeliverNow-RenewalMaintenance,Renewal Maintenance
01tWC00000DD1Q9YAL,SM-HCS-RNM-IFDSNE,IFDS Suite-NewMaintenance,New Maintenance
01tWC00000DD1avYAD,CS-PCS-RRM-PCSIIR,Powertech Command Security for IBM i-RenewalMaintenance,Renewal Maintenance
01tWC00000DD0ANYA1,SM-NSS-RRM-NSSSNT,NSS - SNMP Trap Receiver-RenewalMaintenance,Renewal Maintenance
01tWC00000DD22JYAT,FIM-TLC-RNM-TLCNDENM,Tripwire Log Center for Network Devices - EVAL-NewMaintenance,New Maintenance
01tWC00000DCwW4YAL,DM-WFM-RNM-INTENE,Integration Toolkit-NewMaintenance,New Maintenance
01tWC00000DD0AdYAL,ES-SEG-RRM-OFIM,OCR Feature For Information Governance Server-RenewalMaintenance,Renewal Maintenance
01tWC00000DD1AoYAL,DP-DC-RNM-DCSWSP,DCS for Windows and SharePoint MDS-NewMaintenance,New Maintenance
01tWC00000DD20hYAD,FIM-FIM-RRM-TEDSERM,Tripwire Enterprise for Directory Services - EVAL-RenewalMaintenance,Renewal Maintenance
01tWC00000DD1JrYAL,DP-DCL-RNM-FORMNM,Forms-NewMaintenance,New Maintenance
01tWC00000DD1sbYAD,SM-VMC-RRM-VMCUNI,VMC - Unix Operations Agent-RenewalMaintenance,Renewal Maintenance
01tWC00000DD175YAD,DP-DC-RNM-COCDBN,Classification for Office & Classification for Desktop Bundle-NewMaintenance,New Maintenance
01tWC00000DD1vhYAD,DP-DLP-RRM-UCRM,User Classification-RenewalMaintenance,Renewal Maintenance
01tWC00000DD1xQYAT,DM-WCU-RNM-WAINEW,Windows Application Integrator-NewMaintenance,New Maintenance
01tWC00000DD1rJYAT,SM-VMC-RRM-VMISER,VMC - iSeries Performance Manager-RenewalMaintenance,Renewal Maintenance
01tWC00000DD1WzYAL,BI-QRW-RNM-QRWNEW,Query & Report Writer-NewMaintenance,New Maintenance
01tWC00000DD1fHYAT,ES-SWG-RRM-SECWEB,SECURE Web Gateway Advanced Security Package-RenewalMaintenance,Renewal Maintenance
01tWC00000DD1etYAD,ES-SIG-RRM-SECICG,SECURE ICAP Gateway Elite Security Package Per Instance-RenewalMaintenance,Renewal Maintenance
01tWC00000DCwVbYAL,DM-WCU-RRM-IVLREN,Image Viewer - Legacy-RenewalMaintenance,Renewal Maintenance
01tWC00000DCwWBYA1,NW-INT-RNM-ISNM,Intermapper Server-NewMaintenance,New Maintenance
01tWC00000DD15CYAT,DM-IRM-RRM-BRSRM,Batch Report Server-RenewalMaintenance,Renewal Maintenance
01tWC00000DD1aTYAT,CS-PTA-RNM-PASNM,Powertech Antivirus - Solaris-NewMaintenance,New Maintenance
01tWC00000DD1OOYA1,GOA-GAM-RRM-GASFRM,GoAnywhere Secure Folders-RenewalMaintenance,Renewal Maintenance
01tWC00000DD1O3YAL,GOA-GAM-RNM-GAPSSB,GoAnywhere PeSIT Starter Bundle-NewMaintenance,New Maintenance
01tWC00000DCwWeYAL,ES-SEG-RRM-IPIPRE,iPhone/iPad PMM Feature For SECURE Email Gateway-RenewalMaintenance,Renewal Maintenance
01tWC00000DD1P9YAL,GOA-GAM-RRM-GAWERM,GoAnywhere Workflows Express-RenewalMaintenance,Renewal Maintenance
01tWC00000DD1DAYA1,ES-SEG-RRM-DSSEGR,Document Sanitization For SECURE Email Gateway-RenewalMaintenance,Renewal Maintenance
01tWC00000DD1rLYAT,SM-VMC-RNM-VISER,VMC - iSeries Performance Manager (VCJ & VCP)-NewMaintenance,New Maintenance
01tWC00000DD1LXYA1,DM-DML-RRM-F4RM,FTP/400-RenewalMaintenance,Renewal Maintenance
01tWC00000DD1XTYA1,BI-SDW-RNM-RDPNM,Remote Data Push-NewMaintenance,New Maintenance
01tWC00000DD1a7YAD,FIM-FIM-RRM-PMPSRM,Policy Manager for POS Servers-RenewalMaintenance,Renewal Maintenance
01tWC00000DD1ZeYAL,SM-RSP-RNM-ROBOSP,Robot Space-NewMaintenance,New Maintenance
01tWC00000DD21rYAD,GOA-GAM-RRM-GCBGTPRM,GoAnywhere Collaboration Bundle with Gateway and Threat Protection-RenewalMaintenance,Renewal Maintenance
01tWC00000DD1b6YAD,CS-PCM-RNM-PCMIIN,Powertech Compliance Monitor for IBM i-NewMaintenance,New Maintenance
01tWC00000DD1C0YAL,ES-SEG-RRM-DRMM,Digital Rights Management for Email Gateway (Powered by Seclore)-RenewalMaintenance,Renewal Maintenance
01tWC00000DD1PcYAL,SM-SYM-RNM-HHHNEW,"HMM, HEP, HPM-NewMaintenance",New Maintenance
01tWC00000DD12pYAD,SM-VIT-RRM-AESRM,Alignia - External Service-RenewalMaintenance,Renewal Maintenance
01tWC00000DD1ODYA1,GOA-GAM-RNM-GAPBNM,GoAnywhere Premium Bundle-NewMaintenance,New Maintenance
01tWC00000DD1qtYAD,SM-VMC-RNM-VMCC,VMC - Cisco PIX/ASA Security Agent-NewMaintenance,New Maintenance
01tWC00000DD1mXYAT,SM-VMC-RRM-T0PURM,Tango/04 Portal User-RenewalMaintenance,Renewal Maintenance
01tWC00000DD1y0YAD,DM-DML-RNM-WSWRSN,WinSpool Web Report Server-NewMaintenance,New Maintenance
01tWC00000DD21uYAD,GOA-GAM-RNM-GCSBTPNM,GoAnywhere Core Server Bundle with Gateway and Threat Protection-NewMaintenance,New Maintenance
01tWC00000DD17mYAD,CS-DFT-RRM-CCIRM,Compliance Center for i-RenewalMaintenance,Renewal Maintenance
01tWC00000DD1PSYA1,SM-HEP-RNM-HEPMNM,Halcyon Exit Point Manager-NewMaintenance,New Maintenance
01tWC00000DD16CYAT,CM-TQO-RRM-CCMLE1,CCM Level 1 - PS APP MODULE-RenewalMaintenance,Renewal Maintenance
01tWC00000DCwWYYA1,FIM-FIM-RNM-IP36TB,IP360 - Term Based-NewMaintenance,New Maintenance
01tWC00000DCxlcYAD,FIM-FIM-RRM-TFSTMR,TFS/TM Reinstatement Fee-RenewalMaintenance,Renewal Maintenance
01tWC00000DD1cIYAT,CS-RSA-RNM-PRSIAI,Powertech RSA SecurID Agent for IBM i-NewMaintenance,New Maintenance
01tWC00000DD1R0YAL,SM-SYM-RNM-MECO,Message Communicator-NewMaintenance,New Maintenance
01tWC00000DD1tHYAT,FIM-TLC-RNM-TLCMLN,Tripwire Log Center Manager License-NewMaintenance,New Maintenance
01tWC00000DCwVXYA1,DM-IBM-RRM-IFSTRE,IFS Tools-RenewalMaintenance,Renewal Maintenance
01tWC00000DD1H7YAL,BI-SDW-RRM-EDSRM,Enhanced Data Sources-RenewalMaintenance,Renewal Maintenance
01tWC00000DD1jZYAT,BI-SDW-RRM-SDWRM,Sequel Data Warehouse-RenewalMaintenance,Renewal Maintenance
01tWC00000DD1CsYAL,DM-WCU-RRM-DAIM,DocAlpha Invoice Capture Header/Footer-RenewalMaintenance,Renewal Maintenance
01tWC00000DD1XfYAL,NW-IRA-RNM-RAILNM,RemoteAccess - Individual (Legacy)-NewMaintenance,New Maintenance
01tWC00000DD1GdYAL,DM-WCU-RRM-EMAIL,Email Monitor-RenewalMaintenance,Renewal Maintenance
01tWC00000DD1lWYAT,SM-SFM-RNM-SFMDNM,Spooled File Mgr-DMS-NewMaintenance,New Maintenance
01tWC00000DD1aXYAT,CS-PTA-RNM-PAXLNM,Powertech Antivirus - x86 Linux-NewMaintenance,New Maintenance
01tWC00000DD15hYAD,SM-PN-RRM-CPWPNR,Capacity Planning with Performance Navigator-RenewalMaintenance,Renewal Maintenance
01tWC00000DD1tcYAD,FIM-FIM-RNM-TSAENM,Tripwire State Analyzer Express-NewMaintenance,New Maintenance
01tWC00000DD0AFYA1,SM-NSS-RRM-NSSARM,NSS - AIX-RenewalMaintenance,Renewal Maintenance
01tWC00000DD22hYAD,GS-GSE-RRM-MSGRM,Multi-site Gateway-RenewalMaintenance,Renewal Maintenance
01tWC00000DD1CkYAL,DM-WCU-RNM-DAACLI,DocAlpha Advanced Capture - Line Item-NewMaintenance,New Maintenance
01tWC00000DD1JdYAL,FIM-FIM-RNM-FIMMNE,"FIM for Mid-Size Stores w/ND & DB (up to 20 FS, 20 ND & 1 DB)-NewMaintenance",New Maintenance
01tWC00000DD1jlYAD,BI-SDW-RNM-SEQUED,SEQUEL Data Warehouse Bundle-NewMaintenance,New Maintenance
01tWC00000DD1r9YAD,SM-VMC-RNM-VMCH,VMC - Hub Option-NewMaintenance,New Maintenance
01tWC00000DD1mFYAT,DM-SV4-RRM-S4SM,Surveyor/400 - Single User Price - Unlimited Partitions-RenewalMaintenance,Renewal Maintenance
01tWC00000DD1C6YAL,SM-DSM-RNM-DSMNEW,Disk Space Manager-NewMaintenance,New Maintenance
01tWC00000DD1aPYAT,CS-PTA-RNM-PALANM,Powertech Antivirus - Linux / AIX-NewMaintenance,New Maintenance
01tWC00000DD1UnYAL,SM-PN-RRM-PNIIRM,Performance Navigator for IBM i-RenewalMaintenance,Renewal Maintenance
01tWC00000DD1YTYA1,SM-ROB-RNM-RBNM,Robot Bundle-NewMaintenance,New Maintenance
01tWC00000DD12pYAD,SM-VIT-RRM-AESRM,Alignia - External Service-RenewalMaintenance,Renewal Maintenance
01tWC00000DD1rvYAD,SM-VMC-RNM-VNSM,VMC - Network Syslog Agent-NewMaintenance,New Maintenance
01tWC00000DD1KEYA1,DP-DC-RRM-FDPUPR,"Fortra DCS ""Plus"" ULTRA Package-RenewalMaintenance",Renewal Maintenance
01tWC00000DD21pYAD,GS-GSE-RRM-TARM,Transfer Actions-RenewalMaintenance,Renewal Maintenance
01tWC00000DD1DEYA1,ES-SXG-RRM-DOSA,Document Sanitization For SECURE Exchange Gateway-RenewalMaintenance,Renewal Maintenance
01tWC00000DD1mVYAT,SM-VMC-RNM-T0PUNM,Tango/04 Portal User-NewMaintenance,New Maintenance
01tWC00000DD1t3YAD,SM-VMC-RRM-VMWE,VMC - WebSphere Application Server Operations Agent-RenewalMaintenance,Renewal Maintenance
01tWC00000DD161YAD,FIM-FIM-RNM-CCMSIN,CCM for Single Purpose Devices-NewMaintenance,New Maintenance
01tWC00000DD1erYAD,ES-SIG-RNM-SICAP,SECURE ICAP Gateway Elite Security Package Per Instance-NewMaintenance,New Maintenance
01tWC00000DD1DpYAL,SM-EV-RRM-EASYRE,Easy View-RenewalMaintenance,Renewal Maintenance
01tWC00000DD1dQYAT,DM-IBM-RRM-RPG2RE,RPG2SQL Integrator-RenewalMaintenance,Renewal Maintenance
01tWC00000DD1UQYA1,DM-PCR-RRM-PDFSRM,PDF Splitter-RenewalMaintenance,Renewal Maintenance
01tWC00000DD18TYAT,IGA-AAS-RNM-CORE,Core Compliance-NewMaintenance,New Maintenance
01tWC00000DD1s7YAD,SM-VMC-RNM-VPCM,VMC - Policy Compliance for Windows-NewMaintenance,New Maintenance
01tWC00000DD1PqYAL,DM-IRC-RNM-HTMLNE,HTML Report Converter-NewMaintenance,New Maintenance
01tWC00000DD1CqYAL,DM-WCU-RNM-DAICHF,DocAlpha Invoice Capture Header/Footer-NewMaintenance,New Maintenance
01tWC00000DD13VYAT,DP-DLP-RNM-ATPNEW,ATP-NewMaintenance,New Maintenance
01tWC00000DD1geYAD,FIM-FML-RRM-TAESUI,Tripwire App - Event Sender - Utility & Implementation-RenewalMaintenance,Renewal Maintenance
01tWC00000DCzhUYAT,BI-ISA-RRM-IACRM,Insite Analytics - Core-RenewalMaintenance,Renewal Maintenance
01tWC00000DD1ZrYAL,SM-SYM-RNM-RUNM,Robot UPS-NewMaintenance,New Maintenance
01tWC00000DD1WpYAL,SM-QMM-RRM-QMESRE,QMessage Monitor-RenewalMaintenance,Renewal Maintenance
01tWC00000DD1oUYAT,FIM-FIM-RRM-IP36FRM,IP360 Federal-RenewalMaintenance,Renewal Maintenance
01tWC00000DD1xxYAD,DM-DML-RNM-WSRRCN,WinSpool RTF Report Converter-NewMaintenance,New Maintenance
01tWC00000DCyxnYAD,SM-VMC-RRM-VMCWI,VMC - Windows Performance Agent-RenewalMaintenance,Renewal Maintenance
01tWC00000DD1tYYAT,FIM-FIM-RNM-TSANM,Tripwire State Analyzer-NewMaintenance,New Maintenance
01tWC00000DD1RmYAL,CS-DFT-RRM-MSAREN,Multiple System Administrator-RenewalMaintenance,Renewal Maintenance
01tWC00000DD1dHYAT,IGA-AAS-RNM-ROLENE,RoleCourier-NewMaintenance,New Maintenance
01tWC00000DD1c0YAD,CS-PIM-RRM-PIMIIR,Powertech Identity Manager for IBM i-RenewalMaintenance,Renewal Maintenance
01tWC00000DD1MbYAL,GOA-GAM-RRM-GACCPR,GoAnywhere Cloud Connector Premium-RenewalMaintenance,Renewal Maintenance
01tWC00000DD1RMYA1,DM-DML-RRM-MOAIRE,Microsoft Office Add-Ins-RenewalMaintenance,Renewal Maintenance
01tWC00000DD09SYAT,DM-DML-RNM-NDIRCN,Native DataImport Report Converter-NewMaintenance,New Maintenance
01tWC00000DD12UYAT,SM-VIT-RRM-ABSIRM,Alignia - Business Service Instance-RenewalMaintenance,Renewal Maintenance
01tWC00000DD22EYAT,FIM-FIM-RRM-TSAEVRM,Tripwire State Analyzer - EVAL-RenewalMaintenance,Renewal Maintenance
01tWC00000DD22aYAD,GS-GSE-RRM-ECBPRM,EFT Continuum BAM Portal-RenewalMaintenance,Renewal Maintenance
01tWC00000DD211YAD,FIM-FIM-RNM-CCMEVNM,CCM - EVAL-NewMaintenance,New Maintenance
01tWC00000DD1KSYA1,DP-DC-RNM-FDDRDA,Fortra DCS for DaR (Data at rest) with DCS INTELLIGENT PROTECTION-NewMaintenance,New Maintenance
01tWC00000DD1QjYAL,SM-PN-RNM-MCPRNE,MCP Remote Support-NewMaintenance,New Maintenance
01tWC00000DD1J0YAL,GOA-FIL-RRM-FCCCAR,FileCatalyst Concurrent Connections Additional-RenewalMaintenance,Renewal Maintenance
01tWC00000DD0A0YAL,SM-RON-RRM-NNRM,NETWORK-Node-RenewalMaintenance,Renewal Maintenance
01tWC00000DD18ZYAT,IGA-AAS-RRM-CCFRRM,Core Connector Framework (RDK)-RenewalMaintenance,Renewal Maintenance
01tWC00000DD1YzYAL,SM-ROM-RNM-RMLNM,Robot Monitor - Linux-NewMaintenance,New Maintenance
01tWC00000DD15cYAD,DP-DCL-RRM-CAPARE,Capability Checker-RenewalMaintenance,Renewal Maintenance
01tWC00000DCzhjYAD,BI-SDW-RNM-SDWSGENM,Sequel Data Warehouse (RODIN) Select License - Gold Edition-NewMaintenance,New Maintenance
01tWC00000DD1gbYAD,FIM-FIM-RNM-TAESUN,Tripwire App - Event Sender - Utility-NewMaintenance,New Maintenance
01tWC00000DD1jxYAD,BI-SL-RRM-SFRM,SEQUEL FYI-RenewalMaintenance,Renewal Maintenance
01tWC00000DD1KQYA1,DP-DC-RRM-FDEUPR,Fortra DCS ESSENTIALS ULTRA PACKAGE-RenewalMaintenance,Renewal Maintenance
01tWC00000DD1eNYAT,ES-SXG-RRM-SECEXC,SECURE Exchange Gateway-RenewalMaintenance,Renewal Maintenance
01tWC00000DD20gYAD,FIM-FIM-RNM-TEDEVNM,Tripwire Enterprise for Databases - EVAL-NewMaintenance,New Maintenance
01tWC00000DD15OYAT,SM-SMB-RRM-BMMM,"BUNDLE - Message, Monitor, Remote Control-RenewalMaintenance",Renewal Maintenance
01tWC00000DD1xfYAD,DM-DML-RNM-WSFRSN,WinSpool Fax Report Server-NewMaintenance,New Maintenance
01tWC00000DD1fBYAT,ES-SWG-RNM-SWGM,SECURE Web Gateway-NewMaintenance,New Maintenance
01tWC00000DD14PYAT,RPA-AUT-RNM-AORNM,Automate OEM Royalty-NewMaintenance,New Maintenance
01tWC00000DD1s9YAD,SM-VMC-RRM-VMPO,VMC - Policy Compliance for Windows-RenewalMaintenance,Renewal Maintenance
01tWC00000DCzhMYAT,GOA-GAM-RRM-GPBCRM,GoAnywhere Premium Bundle - Clustered-RenewalMaintenance,Renewal Maintenance
01tWC00000DD170YAD,DP-DC-RRM-CDMM,Classification for Desktop & Message Classification & Classification for Office Bundle-RenewalMaintenance,Renewal Maintenance
01tWC00000DD21CYAT,FIM-FML-RNM-TSAUNM,Tripwire State Analyzer Upgrade-NewMaintenance,New Maintenance
01tWC00000DCwVeYAL,DM-WCU-RRM-IBOREN,Imaging Barcode/OCR-RenewalMaintenance,Renewal Maintenance
01tWC00000DCxl3YAD,CM-TQO-RRM-TQACSR,TeamQuest Analyzer & CMIS for Systems-RenewalMaintenance,Renewal Maintenance
01tWC00000DD1rrYAD,SM-VMC-RNM-VMCN,VMC - Network Operations Agent-NewMaintenance,New Maintenance
01tWC00000DD1HHYA1,BI-SDW-RNM-EMMNM,Enhanced Metadata Management-NewMaintenance,New Maintenance
01tWC00000DCxl9YAD,CM-TQO-RNM-TQAPSC,TeamQuest Analyzer & Predictor & Surveyor & CMIS for Systems-NewMaintenance,New Maintenance
01tWC00000DD1k7YAD,BI-SQ-RRM-SESM,SEQUEL SMB Bundle-RenewalMaintenance,Renewal Maintenance
01tWC00000DD1MDYA1,GOA-GAM-RRM-GAARM,GoAnywhere Agent-RenewalMaintenance,Renewal Maintenance
01tWC00000DD1BjYAL,DP-DLP-RRM-DGDMCR,DG Management Console-RenewalMaintenance,Renewal Maintenance
01tWC00000DD1MBYA1,GOA-GAM-RNM-GAANM,GoAnywhere Agent-NewMaintenance,New Maintenance
01tWC00000DD16sYAD,CM-TQO-RNM-CLAINE,Claims Metrics-NewMaintenance,New Maintenance
01tWC00000DD1u1YAD,CM-TQU-RRM-UNTE,Unisys - TeamQuest CULL OS2200-OTC-RenewalMaintenance,Renewal Maintenance
01tWC00000DD1x0YAD,DM-WEB-RRM-WDLRM,WebDocs Legacy-RenewalMaintenance,Renewal Maintenance
01tWC00000DD1rpYAD,SM-VMC-RRM-VMLI,VMC - Linux Security Agent-RenewalMaintenance,Renewal Maintenance
01tWC00000DCxlVYAT,DM-IRC-RNM-TRCANE,Text Report Converter (ASCII/ANSI/TXT/PRN)-NewMaintenance,New Maintenance
01tWC00000DD1DeYAL,DP-DCL-RRM-DRAFRE,Draft & Release-RenewalMaintenance,Renewal Maintenance
01tWC00000DD21KYAT,GS-GSE-RRM-AUDREPRM,Audit & Reporting-RenewalMaintenance,Renewal Maintenance
01tWC00000DD1YIYA1,DM-DML-RRM-RJSPRE,RJS PDF API-RenewalMaintenance,Renewal Maintenance
01tWC00000DD1exYAD,ES-SIG-RRM-SICAGA,SECURE ICAP Gateway Elite Security Package Per User-RenewalMaintenance,Renewal Maintenance
01tWC00000DCxm3YAD,DP-DC-RRM-TLNRM,Titus for Lotus Notes-RenewalMaintenance,Renewal Maintenance
01tWC00000DD1lGYAT,SM-SNP-RRM-SNAPRE,Snapshot/TSC-RenewalMaintenance,Renewal Maintenance
01tWC00000DD15fYAD,SM-PN-RNM-CPWPNN,Capacity Planning with Performance Navigator-NewMaintenance,New Maintenance
01tWC00000DD1l1YAD,DM-SH-RNM-SIGNLN,SignHere Legacy-NewMaintenance,New Maintenance
01tWC00000DD1AZYA1,DM-DML-RRM-DT4LRM,Data Transfer/400 - Legacy-RenewalMaintenance,Renewal Maintenance
01tWC00000DD22IYAT,FIM-TLC-RNM-TLCDNM,Tripwire Log Center for Desktops-NewMaintenance,New Maintenance
01tWC00000DD1ggYAD,FIM-FIM-RNM-TATM,Tripwire App - TE Integration Framework - CA Service Desk - Utility-NewMaintenance,New Maintenance
01tWC00000DD1IwYAL,GOA-FIL-RRM-FCCCRM,FileCatalyst Concurrent Connections-RenewalMaintenance,Renewal Maintenance
01tWC00000DD233YAD,BI-SDW-RNM-SDWBPENM,SEQUEL Data Warehouse Bundle - Platinum Edition-NewMaintenance,New Maintenance
01tWC00000DD1rzYAD,SM-VMC-RNM-VMCO,VMC - Oracle Operations Agent-NewMaintenance,New Maintenance
01tWC00000DD0A8YAL,DP-DC-RRM-NOTERE,Notes Classifier-RenewalMaintenance,Renewal Maintenance
01tWC00000DD1dJYAT,IGA-AAS-RRM-ROLERE,RoleCourier-RenewalMaintenance,Renewal Maintenance
01tWC00000DD18NYAT,IGA-CAI-RNM-CAINM,Core Access Insight-NewMaintenance,New Maintenance
01tWC00000DD1J0YAL,GOA-FIL-RRM-FCCCAR,FileCatalyst Concurrent Connections Additional-RenewalMaintenance,Renewal Maintenance
01tWC00000DD1ZRYA1,SM-RSE-RNM-RSEANM,Robot Schedule Enterprise Agent-NewMaintenance,New Maintenance
01tWC00000DD1rbYAD,SM-VMC-RNM-VMCSAN,VMC - iSeries Support Agent (Powered by VSP)-NewMaintenance,New Maintenance
01tWC00000DD1JfYAL,FIM-FIM-RRM-FIMMRE,"FIM for Mid-Size Stores w/ND & DB (up to 20 FS, 20 ND & 1 DB)-RenewalMaintenance",Renewal Maintenance
01tWC00000DD1LzYAL,GOA-GAM-RNM-GAARNM,GoAnywhere Advanced Reporting-NewMaintenance,New Maintenance
01tWC00000DD1rDYAT,SM-VMC-RNM-VISM,VMC - iSeries Performance Agent (Powered by VCW)-NewMaintenance,New Maintenance
01tWC00000DD1k0YAD,BI-SQ-RRM-SRDRM,Sequel Repository Designer-RenewalMaintenance,Renewal Maintenance
01tWC00000DCwW8YAL,NW-INT-RNM-ISFNM,Intermapper Server - Freeware-NewMaintenance,New Maintenance
01tWC00000DD10mYAD,OS-COS-RNM-CSNM,Cobalt Strike-NewMaintenance,New Maintenance
01tWC00000DCwWiYAL,DM-DML-RNM-ISDANM,iSeries Data Access-NewMaintenance,New Maintenance
01tWC00000DD1aIYAT,DP-DC-RNM-PCANEW,Power Classifier for Admin-NewMaintenance,New Maintenance
01tWC00000DD22aYAD,GS-GSE-RRM-ECBPRM,EFT Continuum BAM Portal-RenewalMaintenance,Renewal Maintenance
01tWC00000DCzGIYA1,FIM-FML-RRM-TEFS1P,Tripwire Enterprise for File Systems (17+ Processors)-RenewalMaintenance,Renewal Maintenance
01tWC00000DD166YAD,FIM-FIM-RNM-CCMWNM,CCM for Workstations-NewMaintenance,New Maintenance
01tWC00000DD1dgYAD,CS-SPS-RRM-SPSHUR,Safestone Password Self Help Users-RenewalMaintenance,Renewal Maintenance
01tWC00000DD1IEYA1,FIM-FIM-RNM-FIMMSS,File Integrity Manager for Mid-Size Stores (up to 20 FS)-NewMaintenance,New Maintenance
01tWC00000DD1biYAD,CS-PEI-RRM-POWEEN,Powertech Encryption for IBM i (Field Encryption Module)-RenewalMaintenance,Renewal Maintenance
01tWC00000DD18dYAD,IGA-AAS-RRM-CCLRM,Core Connector Library-RenewalMaintenance,Renewal Maintenance
01tWC00000DD1bCYAT,CS-CLP-RRM-PCSRM,Powertech Compliance Suite-RenewalMaintenance,Renewal Maintenance
01tWC00000DD1H5YAL,BI-SDW-RNM-EDSNM,Enhanced Data Sources-NewMaintenance,New Maintenance
01tWC00000DD1byYAD,CS-PIM-RNM-PIMIIN,Powertech Identity Manager for IBM i-NewMaintenance,New Maintenance
01tWC00000DD13mYAD,SM-AUS-RRM-AUTHRE,Authority Swapper-RenewalMaintenance,Renewal Maintenance
01tWC00000DD22eYAD,GS-GSE-RRM-ENTACRM,Enterprise Actions-RenewalMaintenance,Renewal Maintenance
01tWC00000DCxlOYAT,CM-TQR-RRM-TQSSRM,TeamQuest Surveyor for Systems-RenewalMaintenance,Renewal Maintenance
01tWC00000DD1YZYA1,SM-ROB-RRM-RBRM,Robot Bundle-RenewalMaintenance,Renewal Maintenance
01tWC00000DD12gYAD,SM-VIT-RRM-ACRM,Alignia - Core-RenewalMaintenance,Renewal Maintenance
01tWC00000DD14VYAT,RPA-AUT-RNM-AOCNM,Automate Ops Console-NewMaintenance,New Maintenance
01tWC00000DD20iYAD,FIM-FIM-RNM-TEDSENM,Tripwire Enterprise for Directory Services - EVAL-NewMaintenance,New Maintenance
01tWC00000DD16gYAD,SM-HCS-RRM-CGISRE,CGI Suite-RenewalMaintenance,Renewal Maintenance
01tWC00000DD1eHYAT,ES-SEG-RNM-SEMAIL,SECURE Email Gateway Essential Security Package-NewMaintenance,New Maintenance
01tWC00000DD1usYAD,CM-TQU-RNM-UTEQPM,Unisys - TeamQuest PM2200 OS2200-OTC-NewMaintenance,New Maintenance
01tWC00000DD1nUYAT,FIM-FIM-RNM-TESSWN,"Tripwire Enterprise for Small Stores w/ ND & DB (up to 5 FS, 5 ND & 1 DB)-NewMaintenance",New Maintenance
01tWC00000DD16PYAT,FIM-FIM-RRM-CCMRFR,CCM Reinstatement Fee-RenewalMaintenance,Renewal Maintenance
01tWC00000DD0AZYA1,SM-NSS-RRM-NSSWRM,NSS - Windows-RenewalMaintenance,Renewal Maintenance
01tWC00000DCwWLYA1,NW-INT-RRM-ISBRM,Intermapper Server Bundle-RenewalMaintenance,Renewal Maintenance
01tWC00000DD1lkYAD,IGA-AAS-RRM-SCCSDR,Standard Core Connectors - Standard Delivery-RenewalMaintenance,Renewal Maintenance
01tWC00000DD1spYAD,SM-VMC-RNM-VVOM,VMC - VMware Operations Agent-NewMaintenance,New Maintenance
01tWC00000DD1QFYA1,SM-RLP-RNM-LPARNE,LPAR-NewMaintenance,New Maintenance
01tWC00000DD1GXYA1,DM-DML-RRM-EDBBRM,Email Dist Bundle Basic-RenewalMaintenance,Renewal Maintenance
01tWC00000DD1eDYAT,ES-SEG-RNM-SENM,SECURE Email Gateway Elite Security Package-NewMaintenance,New Maintenance
01tWC00000DD192YAD,IGA-VIS-RRM-CRDRM,Core Role Designer-RenewalMaintenance,Renewal Maintenance
01tWC00000DD1kQYAT,BI-SWI-RRM-SEQUEW,SEQUEL Web Interface-RenewalMaintenance,Renewal Maintenance
01tWC00000DD09mYAD,CS-DFT-RNM-NTCNM,Network Traffic Controller-NewMaintenance,New Maintenance
01tWC00000DD192YAD,IGA-VIS-RRM-CRDRM,Core Role Designer-RenewalMaintenance,Renewal Maintenance
01tWC00000DD1PsYAL,DM-IRC-RRM-HTMLRE,HTML Report Converter-RenewalMaintenance,Renewal Maintenance
01tWC00000DD22zYAD,BI-SDW-RNM-SDWBBENM,SEQUEL Data Warehouse Bundle - Bronze Edition-NewMaintenance,New Maintenance
01tWC00000DD16yYAD,DP-DC-RNM-CDMCCO,Classification for Desktop & Message Classification & Classification for Office Bundle-NewMaintenance,New Maintenance
01tWC00000DD1ZvYAL,FIM-FIM-RNM-PMNDNM,Policy Manager for Network Devices-NewMaintenance,New Maintenance
01tWC00000DD1K7YAL,DP-DC-RRM-FDUPR,"Fortra DCS ""Advance"" ULTRA Package-RenewalMaintenance",Renewal Maintenance
01tWC00000DD20PYAT,DP-DC-RNM-COUMCBNM,Classification for Office Ultra & Message Classification Bundle-NewMaintenance,New Maintenance
01tWC00000DD1m6YAD,DM-SV4-RNM-S4NM,Surveyor/400-NewMaintenance,New Maintenance
01tWC00000DD1xWYAT,DM-DLN-RRM-WSRM,WinSpool-RenewalMaintenance,Renewal Maintenance
01tWC00000DD1XpYAL,NW-INT-RNM-RAPLNM,RemoteAccess - Pooled (Legacy)-NewMaintenance,New Maintenance
01tWC00000DD23BYAT,SM-ROB-RNM-RBSANM,Robot Bundle - Schedule & Alert-NewMaintenance,New Maintenance
01tWC00000DCzhiYAD,BI-SDW-RRM-SDWSGERM,Sequel Data Warehouse (RODIN) Select License - Gold Edition-RenewalMaintenance,Renewal Maintenance
01tWC00000DD16oYAD,BI-SDW-RRM-CHANGE,Change Management-RenewalMaintenance,Renewal Maintenance
01tWC00000DD20UYAT,DP-DC-RRM-MCCDBERM,Message Classification & Classification for Office & Classification for Desktop Bundle - Enterprise-RenewalMaintenance,Renewal Maintenance
01tWC00000DD1U9YAL,SM-PRM-RNM-PASSNE,Password Reset-NewMaintenance,New Maintenance
01tWC00000DD22eYAD,GS-GSE-RRM-ENTACRM,Enterprise Actions-RenewalMaintenance,Renewal Maintenance
01tWC00000DD1xcYAD,DM-DML-RNM-WSERSN,WinSpool Email Report Server-NewMaintenance,New Maintenance
01tWC00000DD1RmYAL,CS-DFT-RRM-MSAREN,Multiple System Administrator-RenewalMaintenance,Renewal Maintenance
01tWC00000DD1mXYAT,SM-VMC-RRM-T0PURM,Tango/04 Portal User-RenewalMaintenance,Renewal Maintenance
01tWC00000DD1aZYAT,CS-PTA-RRM-PAXLRM,Powertech Antivirus - x86 Linux-RenewalMaintenance,Renewal Maintenance
01tWC00000DD1vWYAT,CM-TQU-RNM-UTQSMO,Unisys - TeamQuest SMFII MCP-OTC-NewMaintenance,New Maintenance
01tWC00000DD1KJYA1,DP-DC-RRM-FDAPRM,Fortra DCS Advanced Package-RenewalMaintenance,Renewal Maintenance
01tWC00000DD1YLYA1,SM-ROA-RNM-RANM,Robot Alert-NewMaintenance,New Maintenance
01tWC00000DCwWeYAL,ES-SEG-RRM-IPIPRE,iPhone/iPad PMM Feature For SECURE Email Gateway-RenewalMaintenance,Renewal Maintenance
01tWC00000DD1eFYAT,ES-SEG-RRM-SECEMA,SECURE Email Gateway Elite Security Package-RenewalMaintenance,Renewal Maintenance
01tWC00000DD23DYAT,SM-ROB-RNM-RBSANNM,"Robot Bundle - Schedule, Alert, Network-NewMaintenance",New Maintenance
01tWC00000DD1wKYAT,SM-VMC-RRM-VICONT,VISUAL Control/LPAR Tuner-RenewalMaintenance,Renewal Maintenance
01tWC00000DD1Y1YAL,DM-IBM-RRM-REPOSR,Report Splitter-RenewalMaintenance,Renewal Maintenance
01tWC00000DD1wbYAD,DM-WEB-RNM-WDSLLN,WebDocs - SMB License - Legacy-NewMaintenance,New Maintenance
01tWC00000DD1etYAD,ES-SIG-RRM-SECICG,SECURE ICAP Gateway Elite Security Package Per Instance-RenewalMaintenance,Renewal Maintenance
01tWC00000DD1OkYAL,GOA-GAM-RNM-GASANM,GoAnywhere Standard Agent-NewMaintenance,New Maintenance
01tWC00000DD1eZYAT,ES-SXG-RRM-SEXGES,SECURE Exchange Gateway Essential Security Package-RenewalMaintenance,Renewal Maintenance
01tWC00000DCzhcYAD,BI-SQ-RRM-SSBPRM,SEQUEL SMB Bundle - Primary-RenewalMaintenance,Renewal Maintenance
01tWC00000DD1ARYA1,ES-SWG-RRM-DRSWGR,Data Redaction For SECURE Web Gateway-RenewalMaintenance,Renewal Maintenance
01tWC00000DD1GQYA1,DM-DML-RNM-ELECLN,Electronic Forms License-NewMaintenance,New Maintenance
01tWC00000DD1OQYA1,GOA-GAM-RNM-GASM,GoAnywhere Secure Forms-NewMaintenance,New Maintenance
01tWC00000DD1wZYAT,DM-IRM-RRM-WEBRES,Web Report Server/400 - Legacy-RenewalMaintenance,Renewal Maintenance
01tWC00000DCzhQYAT,GOA-GAM-RRM-GSBGRM,GoAnywhere Starter Bundle with Gateway-RenewalMaintenance,Renewal Maintenance
01tWC00000DCxlyYAD,DP-DC-RRM-TCSRM,Titus Classification Suite-RenewalMaintenance,Renewal Maintenance
01tWC00000DD1lRYAT,DM-DML-RRM-SOFTRE,Software - Misc-RenewalMaintenance,Renewal Maintenance
01tWC00000DD1HwYAL,FIM-FIM-RNM-FIMDES,File Integrity Manager for Desktops-NewMaintenance,New Maintenance
01tWC00000DD12UYAT,SM-VIT-RRM-ABSIRM,Alignia - Business Service Instance-RenewalMaintenance,Renewal Maintenance
01tWC00000DD1LtYAL,GOA-GAM-RRM-GAAM,GoAnywhere Accelerated File Transfer Per Gbps-RenewalMaintenance,Renewal Maintenance
01tWC00000DD1mgYAD,FIM-FIM-RNM-TEAC,TE Academic Institution Site License - Desktop-NewMaintenance,New Maintenance
01tWC00000DD1cMYAT,CS-PSA-RNM-PSANM,Powertech Security Auditor-NewMaintenance,New Maintenance
01tWC00000DD1t5YAD,SM-VMC-RNM-VMCWE,VMC - WebSphere MQ Operations Agent-NewMaintenance,New Maintenance
01tWC00000DD1m2YAD,ES-SWG-RNM-SSSWGN,Structural Sanitization For SECURE Web Gateway-NewMaintenance,New Maintenance
01tWC00000DD09wYAD,SM-RON-RRM-NHRM,NETWORK-Host-RenewalMaintenance,Renewal Maintenance
01tWC00000DD15CYAT,DM-IRM-RRM-BRSRM,Batch Report Server-RenewalMaintenance,Renewal Maintenance
01tWC00000DD1lCYAT,DM-EU-RRM-SMTPRE,SMTP/400 Email Send API-RenewalMaintenance,Renewal Maintenance
01tWC00000DCyyXYAT,BI-WM-RNM-WAREMN,Warehouse Manager-NewMaintenance,New Maintenance
01tWC00000DD1H9YAL,BI-ESN-RNM-EESPPU,Enhanced ESEND for SMB Pricing - Per User-NewMaintenance,New Maintenance
01tWC00000DD22WYAT,GS-GSE-RNM-DGE3MUNM,DMZ Gateway Enterprise 3 - Multi-Site Upgrade-NewMaintenance,New Maintenance
01tWC00000DD1GfYAL,DM-DML-RNM-ERDBPN,Email Report Distribution Bundle PC-NewMaintenance,New Maintenance
01tWC00000DD1tuYAD,FIM-FML-RRM-TWTMSU,TW Manager/Server University Site Licenses-RenewalMaintenance,Renewal Maintenance
01tWC00000DD1V0YAL,CM-TQO-RNM-PO1YNE,PMPlus OS2200-1-Year-Tier10-Mainframe-NewMaintenance,New Maintenance
01tWC00000DD223YAD,FIM-FIM-RNM-TEFSENM,Tripwire Enterprise for File Systems - EVAL-NewMaintenance,New Maintenance
01tWC00000DD1vOYAT,CM-TQU-RNM-UTQSOO,Unisys - TeamQuest SAUtilities OS2200-OTC-NewMaintenance,New Maintenance
01tWC00000DD09MYAT,DM-DML-RNM-NATTRN,Native AFP to TIFF Report-NewMaintenance,New Maintenance
01tWC00000DD1ISYA1,FIM-FIM-RNM-FIMPSN,File Integrity Manager for POS Servers-NewMaintenance,New Maintenance
01tWC00000DD1nsYAD,FIM-FIM-RNM-TDSNM,Tripwire for Directory Services-NewMaintenance,New Maintenance
01tWC00000DD1GSYA1,DM-DML-RRM-ELECLR,Electronic Forms License-RenewalMaintenance,Renewal Maintenance
01tWC00000DD1wkYAD,DM-WEB-RRM-WDDMRM,WebDocs Document Management-RenewalMaintenance,Renewal Maintenance
01tWC00000DD1r1YAD,SM-VMC-RNM-VMDE,VMC - Debugging Agent (Powered by VDW)-NewMaintenance,New Maintenance
01tWC00000DD1XzYAL,DM-IBM-RNM-REPOSN,Report Splitter-NewMaintenance,New Maintenance
01tWC00000DD1snYAD,SM-VMC-RRM-VMCVI,VMC - Visual Message Center Goals-RenewalMaintenance,Renewal Maintenance
01tWC00000DCzhdYAD,BI-SQ-RNM-SSBPNM,SEQUEL SMB Bundle - Primary-NewMaintenance,New Maintenance
01tWC00000DCwWHYA1,NW-INT-RRM-ISLRM,Intermapper Server (Legacy)-RenewalMaintenance,Renewal Maintenance
01tWC00000DD1NTYA1,GOA-GAM-RRM-GOAG,GoAnywhere Gateway Load Balancer-RenewalMaintenance,Renewal Maintenance
01tWC00000DCxloYAD,DP-DC-RNM-TCMNM,Titus Classification for Mobile-NewMaintenance,New Maintenance
01tWC00000DD1lkYAD,IGA-AAS-RRM-SCCSDR,Standard Core Connectors - Standard Delivery-RenewalMaintenance,Renewal Maintenance
01tWC00000DD21jYAD,GS-GSE-RRM-ETEMTRM,EFT Timer Event Module TEM-RenewalMaintenance,Renewal Maintenance
01tWC00000DD20yYAD,DP-DC-RRM-TCSIICRM,"Titus Classification Suite, Illuminate and Ionic Connector-RenewalMaintenance",Renewal Maintenance
01tWC00000DD1PDYA1,GOA-GAM-RRM-GAWRRM,GoAnywhere Workflows Restricted-RenewalMaintenance,Renewal Maintenance
01tWC00000DD20aYAD,FIM-FIM-RNM-DEENM,DP Ev - EVAL-NewMaintenance,New Maintenance
01tWC00000DD1DIYA1,ES-SIG-RRM-DSSIGR,Document Sanitization For SECURE ICAP Gateway-RenewalMaintenance,Renewal Maintenance
01tWC00000DD1vAYAT,CM-TQU-RRM-UTQPRM,Unisys - TeamQuest Probes MCP-OTC-RenewalMaintenance,Renewal Maintenance
01tWC00000DD21hYAD,GS-GSE-RNM-ESMAM(NM,EFT Secure Mobile Access Module (SMAM)-NewMaintenance,New Maintenance
01tWC00000DD1ohYAD,FIM-TLC-RRM-TLCDRM,Tripwire Log Center for Desktops-RenewalMaintenance,Renewal Maintenance
01tWC00000DD19cYAD,DP-DC-RNM-DCNM,Data Classification-NewMaintenance,New Maintenance
01tWC00000DD1afYAD,CS-PTA-RNM-PAIINM,Powertech Antivirus for IBM i-NewMaintenance,New Maintenance
01tWC00000DD1xzYAD,DM-DML-RRM-WSRRCR,WinSpool RTF Report Converter-RenewalMaintenance,Renewal Maintenance
01tWC00000DD1RWYA1,SM-ROM-RNM-MONINE,Monitor-NewMaintenance,New Maintenance
01tWC00000DD1JQYA1,GOA-FIL-RNM-FCTAWI,FileCatalyst TransferAgent - Web Integration Kit-NewMaintenance,New Maintenance
01tWC00000DD1xnYAD,DM-DML-RRM-WSLM,WinSpool Lotus Notes Report Server-RenewalMaintenance,Renewal Maintenance
01tWC00000DD1HsYAL,FIM-FIM-RNM-FIMDNM,File Integrity Manager for Databases-NewMaintenance,New Maintenance
01tWC00000DD15rYAD,FIM-FIM-RNM-CCMNDN,CCM for Network Devices-NewMaintenance,New Maintenance
01tWC00000DD1CvYAL,DM-WCU-RRM-DOCA,DocAlpha Invoice Capture Line Item-RenewalMaintenance,Renewal Maintenance
01tWC00000DD1CzYAL,DM-WCU-RNM-DAANM,docAlpha(Artsyl)-NewMaintenance,New Maintenance
01tWC00000DD1LpYAL,GOA-GAM-RRM-GAAFTR,GoAnywhere Accelerated File Transfer-RenewalMaintenance,Renewal Maintenance
01tWC00000DD17pYAD,DM-DML-RNM-CBNM,Comprehensive Bundle-NewMaintenance,New Maintenance
01tWC00000DD1bUYAT,CS-PEI-RNM-PEIINM,Powertech Encryption for IBM i-NewMaintenance,New Maintenance
01tWC00000DD12EYAT,SM-VIT-RRM-ABPRM,Alignia - Batch Process-RenewalMaintenance,Renewal Maintenance
01tWC00000DD1AlYAL,DP-DC-RNM-DCSWON,DCS for Windows and OWA-NewMaintenance,New Maintenance
01tWC00000DD213YAD,FIM-FIM-RNM-FENM,FORTRAVM - EVAL-NewMaintenance,New Maintenance
01tWC00000DD215YAD,FIM-FIM-RRM-TIARM,Tripwire Industrial Appliance-RenewalMaintenance,Renewal Maintenance
01tWC00000DD20rYAD,SM-VMC-RNM-VSANM,VMC - Security Agent-NewMaintenance,New Maintenance
01tWC00000DD1Y3YAL,BI-SL-RNM-RESONE,Resource Accountant-NewMaintenance,New Maintenance
01tWC00000DD1OSYA1,GOA-GAM-RRM-GOANS,GoAnywhere Secure Forms-RenewalMaintenance,Renewal Maintenance
01tWC00000DD16vYAD,DP-DC-RNM-CDNM,Classification for Desktop-NewMaintenance,New Maintenance
01tWC00000DCzhSYAT,GOA-GAM-RRM-GSBGTPRM,GoAnywhere Starter Bundle with Gateway and Threat Protection-RenewalMaintenance,Renewal Maintenance
01tWC00000DD1DkYAL,DP-DCL-RNM-ETRANE,E-tracker-NewMaintenance,New Maintenance
01tWC00000DD1kGYAT,BI-SQ-RRM-SESMBB,SEQUEL SMB Bundle Included Users-RenewalMaintenance,Renewal Maintenance
01tWC00000DD1cGYAT,CS-PRA-RRM-PRAIIR,Powertech Risk Assessor for IBM i-RenewalMaintenance,Renewal Maintenance
01tWC00000DD1gvYAD,FIM-FML-RRM-TAPTE,Tripwire App - TE Integration Framework - Flex - Utility & Implementation-RenewalMaintenance,Renewal Maintenance
01tWC00000DD1AzYAL,DM-DML-RRM-DTBLRM,DealerTrack Bundle - Legacy-RenewalMaintenance,Renewal Maintenance
01tWC00000DD0A9YAL,SM-SYM-RNM-N5UNEW,Nport 5110-UK-NewMaintenance,New Maintenance
01tWC00000DD1BrYAL,DP-DLP-RRM-DGDVMR,DG VM-RenewalMaintenance,Renewal Maintenance
01tWC00000DD1k4YAD,BI-SQ-RNM-SSBM,SEQUEL SMB Bundle-NewMaintenance,New Maintenance
01tWC00000DD1qWYAT,CM-VCM-RRM-VCMERM,Vityl Capacity Management Enterprise-RenewalMaintenance,Renewal Maintenance
01tWC00000DD1UmYAL,SM-PN-RNM-PNIINM,Performance Navigator for IBM i-NewMaintenance,New Maintenance
01tWC00000DD1XZYA1,BI-SDW-RRM-RDSRM,Remote Data Sourcing-RenewalMaintenance,Renewal Maintenance
01tWC00000DCwVQYA1,DM-IFO-RRM-IFORRE,iForms-RenewalMaintenance,Renewal Maintenance
01tWC00000DCyyFYAT,FIM-FIM-RNM-VEMEDP,VnE Manager Ev & Device Profiler Ev-NewMaintenance,New Maintenance
01tWC00000DD1exYAD,ES-SIG-RRM-SICAGA,SECURE ICAP Gateway Elite Security Package Per User-RenewalMaintenance,Renewal Maintenance
01tWC00000DD1eRYAT,ES-SXG-RRM-SEEXCG,SECURE Exchange Gateway Advanced Security Package-RenewalMaintenance,Renewal Maintenance
01tWC00000DD1DIYA1,ES-SIG-RRM-DSSIGR,Document Sanitization For SECURE ICAP Gateway-RenewalMaintenance,Renewal Maintenance
01tWC00000DD09gYAD,DM-DML-RRM-NTTPCR,Native Text to PDF Converter-RenewalMaintenance,Renewal Maintenance
01tWC00000DD1fwYAD,SM-VMC-RRM-SKIRM,Security KM Incidents-RenewalMaintenance,Renewal Maintenance
01tWC00000DD1JNYA1,GOA-FIL-RRM-FCRPRM,FileCatalyst Reverse Proxy-RenewalMaintenance,Renewal Maintenance
01tWC00000DD1c4YAD,CS-PMF-RRM-PMFM,Powertech Multi-Factor Authentication for IBM i-RenewalMaintenance,Renewal Maintenance
01tWC00000DD1YlYAL,SM-ROC-RRM-ROBOTC,Robot Console-RenewalMaintenance,Renewal Maintenance
01tWC00000DD1JWYA1,GOA-FIL-RRM-FCWRM,FileCatalyst Workflow-RenewalMaintenance,Renewal Maintenance
01tWC00000DD1TTYA1,ES-SIG-RRM-OCFEAT,OCR Feature For SECURE ICAP Gateway-RenewalMaintenance,Renewal Maintenance
01tWC00000DD1OYYA1,GOA-GAM-RNM-GASDNM,GoAnywhere Security Domains-NewMaintenance,New Maintenance
01tWC00000DD1lEYAT,SM-SNP-RNM-SNAPNE,Snapshot/TSC-NewMaintenance,New Maintenance
01tWC00000DD12YYAT,SM-VIT-RRM-ACPRM,Alignia - Continuous Process-RenewalMaintenance,Renewal Maintenance
01tWC00000DD18PYAT,IGA-CAI-RRM-CAIRM,Core Access Insight-RenewalMaintenance,Renewal Maintenance
01tWC00000DD1ZTYA1,SM-RSE-RRM-RSEARM,Robot Schedule Enterprise Agent-RenewalMaintenance,Renewal Maintenance
01tWC00000DD17NYAT,DP-DC-RRM-CRRM,Classifier Reporting-RenewalMaintenance,Renewal Maintenance
01tWC00000DD09XYAT,DM-DML-RRM-NHPTCR,Native Host Print Transform Converter-RenewalMaintenance,Renewal Maintenance
01tWC00000DD21iYAD,GS-GSE-RRM-ESMAM(RM,EFT Secure Mobile Access Module (SMAM)-RenewalMaintenance,Renewal Maintenance
01tWC00000DD17sYAD,DM-DML-RNM-CIBNM,Comprehensive i Bundle-NewMaintenance,New Maintenance
01tWC00000DD1dKYAT,DM-RPG-RNM-RPGTNE,RPG Toolbox-NewMaintenance,New Maintenance
01tWC00000DD1rPYAT,SM-VMC-RNM-VMISS,VMC - iSeries Security Agent-NewMaintenance,New Maintenance
01tWC00000DD12rYAD,SM-VIT-RNM-AISNM,Alignia - Internal Service-NewMaintenance,New Maintenance
01tWC00000DD11hYAD,SM-ARS-RRM-ARSRM,Advanced Reporting Suite-RenewalMaintenance,Renewal Maintenance
01tWC00000DD1FtYAL,GS-GSE-RNM-EFTSE,EFT Server Migration Tools Custom Solution-NewMaintenance,New Maintenance
01tWC00000DD1RPYA1,SM-HCS-RRM-MIZURE,Mizuno Suite-RenewalMaintenance,Renewal Maintenance
01tWC00000DD21wYAD,GOA-GAM-RNM-GPEBWGNM,GoAnywhere PeSIT Express Bundle with Gateway-NewMaintenance,New Maintenance
01tWC00000DD1xlYAD,DM-DML-RNM-WSLNRS,WinSpool Lotus Notes Report Server-NewMaintenance,New Maintenance
01tWC00000DD1rDYAT,SM-VMC-RNM-VISM,VMC - iSeries Performance Agent (Powered by VCW)-NewMaintenance,New Maintenance
01tWC00000DD1LaYAL,DM-DML-RRM-FTRM,FTP/400 Remote Comma-RenewalMaintenance,Renewal Maintenance
01tWC00000DD1eTYAT,ES-SXG-RNM-SEXCGA,SECURE Exchange Gateway Elite Security Package-NewMaintenance,New Maintenance
01tWC00000DD1DOYA1,ES-SWG-RRM-DSSWGR,Document Sanitization For SECURE Web Gateway-RenewalMaintenance,Renewal Maintenance
01tWC00000DD15AYAT,DM-IRM-RNM-BRSNM,Batch Report Server-NewMaintenance,New Maintenance
01tWC00000DD1fPYAT,ES-SWG-RRM-SWEBGA,SECURE Web Gateway Essential Security Package-RenewalMaintenance,Renewal Maintenance
01tWC00000DD19GYAT,DM-IRC-RRM-CSVCRE,CSV Converter-RenewalMaintenance,Renewal Maintenance
01tWC00000DD1MdYAL,GOA-GAM-RNM-GACCSN,GoAnywhere Cloud Connector Standard-NewMaintenance,New Maintenance
01tWC00000DD1jxYAD,BI-SL-RRM-SFRM,SEQUEL FYI-RenewalMaintenance,Renewal Maintenance
01tWC00000DD16sYAD,CM-TQO-RNM-CLAINE,Claims Metrics-NewMaintenance,New Maintenance
01tWC00000DD1HVYA1,DM-IRM-RRM-ENTERF,Enterprise Fax-RenewalMaintenance,Renewal Maintenance
01tWC00000DD227YAD,FIM-FIM-RNM-TSENM,Tripwire for Servers - EVAL-NewMaintenance,New Maintenance
01tWC00000DD1TVYA1,ES-SWG-RNM-OCRFS,OCR Feature For SECURE Web Gateway-NewMaintenance,New Maintenance
01tWC00000DD1uwYAD,CM-TQU-RNM-UTQPMO,Unisys - TeamQuest PMLog OS2200-OTC-NewMaintenance,New Maintenance
01tWC00000DD11tYAD,DM-IRC-RNM-AFPCNE,AFP Converter-NewMaintenance,New Maintenance
01tWC00000DD1HaYAL,DM-EW-RNM-EWLNM,Enterprise Workflow - Legacy-NewMaintenance,New Maintenance
01tWC00000DD1HrYAL,DP-DC-RRM-EXCHCR,Exchange Classifier-RenewalMaintenance,Renewal Maintenance
01tWC00000DD22vYAD,BI-SDW-RNM-SDWSPENM,Sequel Data Warehouse (RODIN) Select License - Platinum Edition-NewMaintenance,New Maintenance
01tWC00000DD228YAD,FIM-FIM-RRM-TSERM,Tripwire for Servers - EVAL-RenewalMaintenance,Renewal Maintenance
01tWC00000DD211YAD,FIM-FIM-RNM-CCMEVNM,CCM - EVAL-NewMaintenance,New Maintenance
01tWC00000DD1ZNYA1,SM-RSE-RNM-RSENM,Robot Schedule Enterprise-NewMaintenance,New Maintenance
01tWC00000DD1qMYAT,SM-VMC-RNM-VSSM,VISUAL Security Suite - Security Package-NewMaintenance,New Maintenance
01tWC00000DCzhbYAD,BI-ISA-RNM-IASPNM,Insite Analytics - Starter Package-NewMaintenance,New Maintenance
01tWC00000DD1qfYAD,CM-VIM-RNM-VMNM,Vityl Monitor-NewMaintenance,New Maintenance
01tWC00000DD1ZjYAL,SM-ROT-RNM-RTNM,Robot Transform-NewMaintenance,New Maintenance
01tWC00000DD1K7YAL,DP-DC-RRM-FDUPR,"Fortra DCS ""Advance"" ULTRA Package-RenewalMaintenance",Renewal Maintenance
01tWC00000DD1NvYAL,GOA-GAM-RNM-GAPSPB,GoAnywhere PeSIT Premium Bundle-NewMaintenance,New Maintenance
01tWC00000DD1AnYAL,DP-DC-RRM-DCSWOR,DCS for Windows and OWA-RenewalMaintenance,Renewal Maintenance
01tWC00000DD1x0YAD,DM-WEB-RRM-WDLRM,WebDocs Legacy-RenewalMaintenance,Renewal Maintenance
01tWC00000DD239YAD,SM-ROB-RNM-RBCANNM,"Robot Bundle - Console, Alert, Network-NewMaintenance",New Maintenance
01tWC00000DD1TbYAL,ES-SIG-RRM-OSIM,OCR For SECURE ICAP Gateway Per Instance-RenewalMaintenance,Renewal Maintenance
01tWC00000DD1dDYAT,BI-SDW-RRM-RELRM,Rodin Enterprise - Legacy-RenewalMaintenance,Renewal Maintenance
01tWC00000DD20uYAD,SM-ROB-RRM-RBCARM,Robot Bundle - Console & Alert-RenewalMaintenance,Renewal Maintenance
01tWC00000DD1lSYAT,SM-SFM-RNM-SFMNM,Spooled File Manager-NewMaintenance,New Maintenance
01tWC00000DD123YAD,SM-NSS-RRM-AIXOPR,AIX on Power-RenewalMaintenance,Renewal Maintenance
01tWC00000DD1goYAD,FIM-FIM-RNM-TRIPAT,Tripwire App - TE Integration Framework - Cherwell - Utility-NewMaintenance,New Maintenance
01tWC00000DD1HBYA1,BI-ESN-RRM-ENES,Enhanced ESEND for SMB Pricing - Per User-RenewalMaintenance,Renewal Maintenance
01tWC00000DD1qhYAD,CM-VIM-RRM-VMRM,Vityl Monitor-RenewalMaintenance,Renewal Maintenance
01tWC00000DD1aVYAT,CS-PTA-RRM-PASRM,Powertech Antivirus - Solaris-RenewalMaintenance,Renewal Maintenance
01tWC00000DD22VYAT,GS-GSE-RRM-DGE3MSRM,DMZ Gateway Enterprise 3 - Multi-Site-RenewalMaintenance,Renewal Maintenance
01tWC00000DD1ckYAD,BI-SQ-RNM-PRODNE,Productivity Enablement-NewMaintenance,New Maintenance
01tWC00000DD1KBYA1,DP-DC-RNM-FDPUPN,"Fortra DCS ""Plus"" ULTRA Package-NewMaintenance",New Maintenance
01tWC00000DD22wYAD,BI-SDW-RRM-SDWSSERM,Sequel Data Warehouse (RODIN) Select License - Silver Edition-RenewalMaintenance,Renewal Maintenance
01tWC00000DD1TZYA1,ES-SIG-RNM-OCRS,OCR For SECURE ICAP Gateway Per Instance-NewMaintenance,New Maintenance
01tWC00000DD1sTYAT,SM-VMC-RRM-VUTM,VMC - Universal Transaction Agent - 5 Script Runners-RenewalMaintenance,Renewal Maintenance
01tWC00000DD1rfYAD,SM-VMC-RNM-VMISV,VMC - iSeries VISION/Orion Agent-NewMaintenance,New Maintenance
01tWC00000DD1RWYA1,SM-ROM-RNM-MONINE,Monitor-NewMaintenance,New Maintenance
01tWC00000DD1QHYA1,SM-RLP-RRM-LPARRE,LPAR-RenewalMaintenance,Renewal Maintenance
01tWC00000DD1bIYAT,CS-PDM-RRM-PODA,Powertech Database Monitor for IBM i - PMRT-RenewalMaintenance,Renewal Maintenance
01tWC00000DD20oYAD,FIM-FIM-RRM-TETRM,Tripwire Enterprise for TIV-RenewalMaintenance,Renewal Maintenance
01tWC00000DD1JyYAL,DP-DC-RRM-FCSERM,Fortra Classifier Suite Essentials-RenewalMaintenance,Renewal Maintenance
01tWC00000DD14oYAD,RPA-AUD-RRM-APAPRM,Automate Professional Action Pack-RenewalMaintenance,Renewal Maintenance
01tWC00000DD11jYAD,SM-ARS-RNM-ARSLNM,Advanced Reporting Suite License-NewMaintenance,New Maintenance
01tWC00000DD1YNYA1,SM-ROA-RRM-RARM,Robot Alert-RenewalMaintenance,Renewal Maintenance
01tWC00000DD1h8YAD,FIM-FIM-RRM-TATINF,Tripwire App - TE Integration Framework - ServiceNow - Utility-RenewalMaintenance,Renewal Maintenance
01tWC00000DD1JUYA1,GOA-FIL-RNM-FCWNM,FileCatalyst Workflow-NewMaintenance,New Maintenance
01tWC00000DD1wyYAD,DM-WEB-RNM-WDLNM,WebDocs Legacy-NewMaintenance,New Maintenance
01tWC00000DD1mjYAD,FIM-FIM-RNM-TENM,TE Academic Institution Site License - Directory Services-NewMaintenance,New Maintenance
01tWC00000DD1u4YAD,CM-TQU-RNM-UTQDFO,Unisys - TeamQuest D-Fragger OS2200-OTC-NewMaintenance,New Maintenance
01tWC00000DD12xYAD,SM-VIT-RRM-AOBSRM,Alignia - Online Business Service-RenewalMaintenance,Renewal Maintenance
01tWC00000DD1MfYAL,GOA-GAM-RRM-GACCSR,GoAnywhere Cloud Connector Standard-RenewalMaintenance,Renewal Maintenance
01tWC00000DD1wOYAT,SM-VMC-RRM-VIDE,VISUAL Debugger 5250-RenewalMaintenance,Renewal Maintenance
01tWC00000DD1tvYAD,CM-TQU-RNM-UTQBOO,Unisys - TeamQuest Baseline OS2200-OTC-NewMaintenance,New Maintenance
01tWC00000DD1XwYAL,DM-DOE-RNM-REPOAB,Report Archive Bundle iSeries - Legacy-NewMaintenance,New Maintenance
01tWC00000DD1JyYAL,DP-DC-RRM-FCSERM,Fortra Classifier Suite Essentials-RenewalMaintenance,Renewal Maintenance
01tWC00000DD235YAD,BI-SDW-RNM-SDWBSENM,SEQUEL Data Warehouse Bundle - Silver Edition-NewMaintenance,New Maintenance
01tWC00000DD1BwYAL,DP-DLP-RRM-DGPRM,Digital Guardian Platinum-RenewalMaintenance,Renewal Maintenance
01tWC00000DD1fJYAT,ES-SWG-RNM-SWEB,SECURE Web Gateway Elite Security Package-NewMaintenance,New Maintenance
01tWC00000DD1b4YAD,CS-PCM-RRM-POCO,Powertech Compliance Monitor Endpoint for IBM i-RenewalMaintenance,Renewal Maintenance
01tWC00000DD1tkYAD,FIM-FML-RRM-TVSDRM,Tripwire VIA for Security Devices-RenewalMaintenance,Renewal Maintenance
01tWC00000DD1NPYA1,GOA-GAM-RRM-GAGLBR,GoAnywhere Gateway and Load Balancer-RenewalMaintenance,Renewal Maintenance
01tWC00000DD1vyYAD,SM-VMC-RNM-VISUAL,VISUAL Control Center-NewMaintenance,New Maintenance
01tWC00000DD1YfYAL,SM-SYM-RNM-RCNM,Robot Client-NewMaintenance,New Maintenance
01tWC00000DD20TYAT,DP-DC-RNM-FDPUPGNM,"Fortra DCS ""Plus"" ULTRA Package - Government-NewMaintenance",New Maintenance
01tWC00000DD1lWYAT,SM-SFM-RNM-SFMDNM,Spooled File Mgr-DMS-NewMaintenance,New Maintenance
01tWC00000DD0A6YAL,DP-DC-RNM-NOTENE,Notes Classifier-NewMaintenance,New Maintenance
01tWC00000DD1M7YAL,GOA-GAM-RNM-GAAWRN,GoAnywhere Advanced Workflows and Reporting-NewMaintenance,New Maintenance
01tWC00000DD1t1YAD,SM-VMC-RNM-VWSM,VMC - WebSphere Application Server Operations Agent-NewMaintenance,New Maintenance
01tWC00000DD22YYAT,GS-GSE-RNM-EFTACNM,EFT Accelerate-NewMaintenance,New Maintenance
01tWC00000DD1s3YAD,SM-VMC-RNM-VOSM,VMC - Oracle Security Agent-NewMaintenance,New Maintenance
01tWC00000DD1gEYAT,BI-SQ-RNM-SUBNM,Sequel - User Based-NewMaintenance,New Maintenance
01tWC00000DD1D8YAL,ES-SEG-RNM-DSSEGN,Document Sanitization For SECURE Email Gateway-NewMaintenance,New Maintenance
01tWC00000DD1bmYAD,CS-PEM-RRM-PEMRM,Powertech Event Manager-RenewalMaintenance,Renewal Maintenance
01tWC00000DD1lsYAD,ES-SXG-RNM-SSSEXC,Structural Sanitization For SECURE Exchange Gateway-NewMaintenance,New Maintenance
01tWC00000DD1bkYAD,CS-PEM-RNM-PEMNM,Powertech Event Manager-NewMaintenance,New Maintenance
01tWC00000DD1uYYAT,CM-TQU-RNM-UTQOFF,Unisys - TeamQuest OEM Fixed Fee - Monthly - Mainframe - Unisys OEM-NewMaintenance,New Maintenance
01tWC00000DD18wYAD,IGA-AAS-RNM-COPR,Core Provisioning-NewMaintenance,New Maintenance
01tWC00000DD12eYAD,SM-VIT-RNM-ACNM,Alignia - Core-NewMaintenance,New Maintenance
01tWC00000DD1q4YAD,SM-VIT-RRM-VISUME,VISUAL Message Center Dashboards-RenewalMaintenance,Renewal Maintenance
01tWC00000DD0AZYA1,SM-NSS-RRM-NSSWRM,NSS - Windows-RenewalMaintenance,Renewal Maintenance
01tWC00000DCzhRYAT,GOA-GAM-RNM-GSBGNM,GoAnywhere Starter Bundle with Gateway-NewMaintenance,New Maintenance
01tWC00000DD1qAYAT,SM-VMC-RNM-VMESSA,VISUAL Message Center Suite for Operations-NewMaintenance,New Maintenance
01tWC00000DCwVQYA1,DM-IFO-RRM-IFORRE,iForms-RenewalMaintenance,Renewal Maintenance
01tWC00000DD22HYAT,FIM-FML-RNM-VM1NM,VnE Manager 1800-NewMaintenance,New Maintenance
01tWC00000DD18VYAT,IGA-AAS-RRM-COREC,Core Compliance-RenewalMaintenance,Renewal Maintenance
01tWC00000DD21aYAD,GS-GSE-RRM-ECBAMRM,EFT Continuum Business Activity Monitor (BAM)-RenewalMaintenance,Renewal Maintenance
01tWC00000DD1DiYAL,DP-DLP-RRM-DVCREN,DV&C-RenewalMaintenance,Renewal Maintenance
01tWC00000DCyxtYAD,SM-VMC-RNM-VWINDO,VMC - Windows Security Agent-NewMaintenance,New Maintenance
01tWC00000DD1PQYA1,SM-HAM-RRM-HAMREN,HA-MX Monitor-RenewalMaintenance,Renewal Maintenance
01tWC00000DD139YAD,SM-VIT-RRM-ALIGCO,Alignia Core-RenewalMaintenance,Renewal Maintenance
01tWC00000DD1rxYAD,SM-VMC-RRM-VMNE,VMC - Network Syslog Agent-RenewalMaintenance,Renewal Maintenance
01tWC00000DD1sxYAD,SM-VMC-RNM-VMCW,VMC - Web Availability & Response Time Agent-NewMaintenance,New Maintenance
01tWC00000DCwWDYA1,NW-INT-RRM-ISRM,Intermapper Server-RenewalMaintenance,Renewal Maintenance
01tWC00000DD1K0YAL,DP-DC-RNM-FCSPNM,Fortra Classifier Suite Plus-NewMaintenance,New Maintenance
01tWC00000DD1X4YAL,DM-IRC-RNM-RAWRNE,RAW Report Converter-NewMaintenance,New Maintenance
01tWC00000DD1dOYAT,DM-IBM-RNM-RPG2NE,RPG2SQL Integrator-NewMaintenance,New Maintenance
01tWC00000DD18bYAD,IGA-AAS-RNM-CCLNM,Core Connector Library-NewMaintenance,New Maintenance
01tWC00000DD1BhYAL,DP-DLP-RNM-DGDMCN,DG Management Console-NewMaintenance,New Maintenance
01tWC00000DD1XyYAL,DM-DOE-RRM-REPOFA,Report Archive Bundle iSeries - Legacy-RenewalMaintenance,Renewal Maintenance
01tWC00000DD1JUYA1,GOA-FIL-RNM-FCWNM,FileCatalyst Workflow-NewMaintenance,New Maintenance
01tWC00000DD1mDYAT,DM-SV4-RNM-S4SUPU,Surveyor/400 - Single User Price - Unlimited Partitions-NewMaintenance,New Maintenance
01tWC00000DD22dYAD,GS-GSE-RRM-ESSMRM,EFT SFTP SSH2 Module-RenewalMaintenance,Renewal Maintenance
01tWC00000DD1HPYA1,SM-EC-RNM-ECNM,Enterprise Console-NewMaintenance,New Maintenance
01tWC00000DD1I2YAL,FIM-FIM-RRM-FIMDSR,File Integrity Manager for Directory Services-RenewalMaintenance,Renewal Maintenance
01tWC00000DD22QYAT,GS-GSE-RRM-AS2CRM,AS2 Client/Server-RenewalMaintenance,Renewal Maintenance
01tWC00000DD190YAD,IGA-VIS-RNM-CRDNM,Core Role Designer-NewMaintenance,New Maintenance
01tWC00000DD1NnYAL,GOA-GAM-RRM-GAPSCR,GoAnywhere PeSIT Client-RenewalMaintenance,Renewal Maintenance
01tWC00000DCxllYAD,DP-DC-RNM-TCESNM,Titus Classification Enterprise Suite-NewMaintenance,New Maintenance
01tWC00000DD1DVYA1,DM-DML-RNM-DCBBNE,Download Conv Bund Basic-NewMaintenance,New Maintenance
01tWC00000DD1NRYA1,GOA-GAM-RNM-GAGM,GoAnywhere Gateway Load Balancer-NewMaintenance,New Maintenance
01tWC00000DD11DYAT,BI-ABS-RNM-ABSTNE,Abstract-NewMaintenance,New Maintenance
01tWC00000DD20wYAD,DP-DC-RRM-DCDARGRM,Fortra DCS for DaR (Data at rest) with DCS INTELLIGENT PROTECTION - Government-RenewalMaintenance,Renewal Maintenance
01tWC00000DD1hDYAT,FIM-FIM-RRM-TRATER,Tripwire App - Term Based Enterprise Utility License-RenewalMaintenance,Renewal Maintenance
01tWC00000DD1IdYAL,FIM-FIM-RNM-FIMVEN,File Integrity Manager for VMware ESX-NewMaintenance,New Maintenance
01tWC00000DD22RYAT,GS-GSE-RNM-COLBNM,Collaboration Bundle-NewMaintenance,New Maintenance
01tWC00000DD1cmYAD,BI-SQ-RRM-PRODRE,Productivity Enablement-RenewalMaintenance,Renewal Maintenance
01tWC00000DD1HRYA1,SM-EC-RRM-ECRM,Enterprise Console-RenewalMaintenance,Renewal Maintenance
01tWC00000DD1uWYAT,CM-TQU-RRM-UTEQMO,Unisys - TeamQuest MSManager OS2200-OTC-RenewalMaintenance,Renewal Maintenance
01tWC00000DD1r5YAD,SM-VMC-RNM-VMCE,VMC - Exchange Server Operations Agent-NewMaintenance,New Maintenance
01tWC00000DD1pjYAD,FIM-TLC-RNM-TLOCEV,Tripwire Log Center for VMware ESX (includes Remote Collector)-NewMaintenance,New Maintenance
01tWC00000DCzhQYAT,GOA-GAM-RRM-GSBGRM,GoAnywhere Starter Bundle with Gateway-RenewalMaintenance,Renewal Maintenance
01tWC00000DD1PNYA1,SM-SYM-RRM-GSMTCR,GSM TC65 Terminal Ph-RenewalMaintenance,Renewal Maintenance
01tWC00000DD1TnYAL,ES-SEG-RNM-ORGPNE,ORG PERP SECURE Email Gateway-NewMaintenance,New Maintenance
01tWC00000DCwVlYAL,ES-SEG-RNM-IGSRNM,Information Governance Server (Registrars)-NewMaintenance,New Maintenance
01tWC00000DD1R0YAL,SM-SYM-RNM-MECO,Message Communicator-NewMaintenance,New Maintenance
01tWC00000DD1Z7YAL,SM-ROR-RNM-RRNM,Robot Replay-NewMaintenance,New Maintenance
01tWC00000DD1MRYA1,GOA-GAM-RNM-GABANM,GoAnywhere Basic Agent-NewMaintenance,New Maintenance
01tWC00000DD1INYA1,FIM-FIM-RNM-FIMPEP,File Integrity Manager for POS End Point Systems-NewMaintenance,New Maintenance
01tWC00000DD1ABYA1,ES-SEG-RRM-DRSEGR,Data Redaction For Secure Email Gateway-RenewalMaintenance,Renewal Maintenance
01tWC00000DCyxpYAD,SM-VMC-RNM-VMCWIN,VMC - Windows Security Agent - 10 Units Package-NewMaintenance,New Maintenance
01tWC00000DD1uaYAD,CM-TQU-RRM-UNTQUO,Unisys - TeamQuest OEM Fixed Fee - Monthly - Mainframe - Unisys OEM-RenewalMaintenance,Renewal Maintenance
01tWC00000DD1BKYA1,CS-DFT-RRM-DETERE,DetectIT-RenewalMaintenance,Renewal Maintenance
01tWC00000DD1bCYAT,CS-CLP-RRM-PCSRM,Powertech Compliance Suite-RenewalMaintenance,Renewal Maintenance
01tWC00000DD0APYA1,SM-NSS-RNM-NSSVIO,NSS - VIOS-NewMaintenance,New Maintenance
01tWC00000DCxlGYAT,CM-TQO-RRM-TEAMQU,TeamQuest Analyzer & Surveyor & CMIS for Systems-RenewalMaintenance,Renewal Maintenance
01tWC00000DD1NLYA1,GOA-GAM-RRM-GAGRM,GoAnywhere Gateway-RenewalMaintenance,Renewal Maintenance
01tWC00000DD1CwYAL,DM-WCU-RNM-DAOCNM,DocAlpha Output Connector-NewMaintenance,New Maintenance
01tWC00000DD1CZYA1,DM-DML-RRM-DMLPRM,Doc Management Legacy Product-RenewalMaintenance,Renewal Maintenance
01tWC00000DD1keYAD,DP-DC-RNM-SHARCN,SharePoint Classifier-NewMaintenance,New Maintenance
01tWC00000DD15YYAT,DP-DC-RRM-CADCRE,CAD Classifier-RenewalMaintenance,Renewal Maintenance
01tWC00000DD1D4YAL,SM-SYM-RNM-DMSNM,Document Management System-NewMaintenance,New Maintenance
01tWC00000DCxkzYAD,FIM-FIM-RRM-TACAIN,TE Academic Institution Site License - VMWare ESX-RenewalMaintenance,Renewal Maintenance
01tWC00000DD17rYAD,DM-DML-RRM-CBRM,Comprehensive Bundle-RenewalMaintenance,Renewal Maintenance
01tWC00000DD1kkYAD,DP-DC-RRM-SHARMR,SharePoint MDS-RenewalMaintenance,Renewal Maintenance
01tWC00000DD14IYAT,RPA-AIC-RRM-AICRM,Automate Intelligent Capture-RenewalMaintenance,Renewal Maintenance
01tWC00000DD1QmYAL,CS-DFT-RNM-MAPNEW,Menu & Application Program-NewMaintenance,New Maintenance
01tWC00000DD1m0YAD,ES-SIG-RNM-SSSICG,Structural Sanitization For SECURE ICAP Gateway Per Instance-NewMaintenance,New Maintenance
01tWC00000DD12jYAD,SM-VIT-RNM-AENM,Alignia - Engine-NewMaintenance,New Maintenance
01tWC00000DD1gCYAT,BI-SQ-RRM-SERE,Sequel-RenewalMaintenance,Renewal Maintenance
01tWC00000DD1liYAD,IGA-AAS-RNM-SCCSDN,Standard Core Connectors - Standard Delivery-NewMaintenance,New Maintenance
01tWC00000DD1UgYAL,SM-SYM-RRM-PMRM,Performance Monitor-RenewalMaintenance,Renewal Maintenance
01tWC00000DD144YAD,RPA-AUT-RNM-AEDTNM,Automate Enterprise Developer Tools-NewMaintenance,New Maintenance
01tWC00000DD1PuYAL,ES-SWG-RNM-HTTPSF,HTTPS Feature for SECURE Web Gateway-NewMaintenance,New Maintenance
01tWC00000DD20QYAT,DP-DC-RRM-FDAUPGRM,"Fortra DCS ""Advance"" ULTRA Package - Government-RenewalMaintenance",Renewal Maintenance
01tWC00000DD1vCYAT,CM-TQU-RNM-UTQPRO,Unisys - TeamQuest Probes OS2200-OTC-NewMaintenance,New Maintenance
01tWC00000DD1q8YAD,SM-VMC-RRM-VIMESS,VISUAL Message Center iSeries Base-RenewalMaintenance,Renewal Maintenance
01tWC00000DD12EYAT,SM-VIT-RRM-ABPRM,Alignia - Batch Process-RenewalMaintenance,Renewal Maintenance
01tWC00000DD22xYAD,BI-SDW-RNM-SDWSSENM,Sequel Data Warehouse (RODIN) Select License - Silver Edition-NewMaintenance,New Maintenance
01tWC00000DD1DXYA1,DM-DML-RRM-DCBBRE,Download Conv Bund Basic-RenewalMaintenance,Renewal Maintenance
01tWC00000DD1wgYAD,DM-DML-RRM-WDBIRM,WebDocs Batch Import-RenewalMaintenance,Renewal Maintenance
01tWC00000DD1voYAD,CS-DFT-RRM-UPMRM,User Profile Manager-RenewalMaintenance,Renewal Maintenance
01tWC00000DCwW8YAL,NW-INT-RNM-ISFNM,Intermapper Server - Freeware-NewMaintenance,New Maintenance
01tWC00000DD1uqYAD,CM-TQU-RRM-UNTQUP,Unisys - TeamQuest PAR OS2200-OTC-RenewalMaintenance,Renewal Maintenance
01tWC00000DD1IDYA1,FIM-FIM-RRM-FIMLST,"File Integrity Manager for Large Stores w/ND & DB (up to 75 FS, 75 ND & 1 DB)-RenewalMaintenance",Renewal Maintenance
01tWC00000DD22sYAD,GS-GSE-RRM-SBRM,Starter Bundle-RenewalMaintenance,Renewal Maintenance
01tWC00000DD1UiYAL,SM-PN-RNM-PNNM,Performance Navigator-NewMaintenance,New Maintenance
01tWC00000DD1ZnYAL,SM-SYM-RNM-ROTR,Robot Trapper-NewMaintenance,New Maintenance
01tWC00000DD137YAD,SM-VIT-RNM-ALNM,Alignia Core-NewMaintenance,New Maintenance
01tWC00000DD1g4YAD,CS-PSS-RRM-SSCPRM,Security Scan - Cross Platform-RenewalMaintenance,Renewal Maintenance
01tWC00000DD1vhYAD,DP-DLP-RRM-UCRM,User Classification-RenewalMaintenance,Renewal Maintenance
01tWC00000DD21rYAD,GOA-GAM-RRM-GCBGTPRM,GoAnywhere Collaboration Bundle with Gateway and Threat Protection-RenewalMaintenance,Renewal Maintenance
01tWC00000DCzhWYAT,BI-ISA-RRM-IAPRMRM,Insite Analytics - Premium-RenewalMaintenance,Renewal Maintenance
01tWC00000DD218YAD,FIM-FIM-RNM-TMENM,Tripwire Manager - EVAL-NewMaintenance,New Maintenance
01tWC00000DD0AVYA1,SM-NSS-RRM-NSSWEA,NSS - Web Application Monitor-RenewalMaintenance,Renewal Maintenance
01tWC00000DD13XYAT,DP-DLP-RRM-ATPREN,ATP-RenewalMaintenance,Renewal Maintenance
01tWC00000DCxlvYAD,DP-DC-RNM-TCSNM,Titus Classification Suite-NewMaintenance,New Maintenance
01tWC00000DD1wpYAD,DM-WFM-RRM-WFMRM,Webdocs Forms Management-RenewalMaintenance,Renewal Maintenance
01tWC00000DD15wYAD,FIM-FIM-RNM-CCMSNM,CCM for Servers-NewMaintenance,New Maintenance
01tWC00000DD1InYAL,GOA-FIL-RNM-FCCANN,FileCatalyst Central Additional Nodes-NewMaintenance,New Maintenance
01tWC00000DD1X8YAL,GS-GSE-RNM-RNM,Reconnect-NewMaintenance,New Maintenance
01tWC00000DD1xMYAT,DM-WS-RNM-WEBSNE,WebSpool-NewMaintenance,New Maintenance
01tWC00000DD1MFYA1,GOA-GAM-RNM-GAASRN,GoAnywhere AS2 Send/Receive-NewMaintenance,New Maintenance
01tWC00000DD22JYAT,FIM-TLC-RNM-TLCNDENM,Tripwire Log Center for Network Devices - EVAL-NewMaintenance,New Maintenance
01tWC00000DD1boYAD,CS-PEP-RNM-PEPMII,Powertech Exit Point Manager for IBM i-NewMaintenance,New Maintenance
01tWC00000DD1HoYAL,DP-DCL-RRM-EXCHFA,Exchange Capability Checker-RenewalMaintenance,Renewal Maintenance
01tWC00000DD1bSYAT,CS-PDM-RRM-POWEDA,Powertech Database Monitor for IBM i-RenewalMaintenance,Renewal Maintenance
01tWC00000DD11RYAT,CM-TQO-RRM-AMEPER,ActiveMetrics Enterprise Plus Edition-RenewalMaintenance,Renewal Maintenance
01tWC00000DD1Z5YAL,SM-ROM-RRM-RMVRM,Robot Monitor - VIOS-RenewalMaintenance,Renewal Maintenance
01tWC00000DCxlqYAD,DP-DC-RRM-TCMRM,Titus Classification for Mobile-RenewalMaintenance,Renewal Maintenance
01tWC00000DD1xeYAD,DM-DML-RRM-WSERSR,WinSpool Email Report Server-RenewalMaintenance,Renewal Maintenance
01tWC00000DD22AYAT,FIM-FIM-RRM-TIVSSRM,Tripwire Industrial Visibility Small Sensor-RenewalMaintenance,Renewal Maintenance
01tWC00000DD1M5YAL,GOA-GAM-RRM-GAAWRM,GoAnywhere Advanced Workflows-RenewalMaintenance,Renewal Maintenance
01tWC00000DD17LYAT,DP-DC-RNM-CRNM,Classifier Reporting-NewMaintenance,New Maintenance
01tWC00000DCzhRYAT,GOA-GAM-RNM-GSBGNM,GoAnywhere Starter Bundle with Gateway-NewMaintenance,New Maintenance
01tWC00000DD1eDYAT,ES-SEG-RNM-SENM,SECURE Email Gateway Elite Security Package-NewMaintenance,New Maintenance
01tWC00000DD1vAYAT,CM-TQU-RRM-UTQPRM,Unisys - TeamQuest Probes MCP-OTC-RenewalMaintenance,Renewal Maintenance
01tWC00000DD1sXYAT,SM-VMC-RRM-VMCUN,VMC - Universal Transaction Agent - Additional Script Runners-RenewalMaintenance,Renewal Maintenance
01tWC00000DD1HrYAL,DP-DC-RRM-EXCHCR,Exchange Classifier-RenewalMaintenance,Renewal Maintenance
01tWC00000DD1svYAD,SM-VMC-RRM-VMCVM,VMC - VMware Security Agent-RenewalMaintenance,Renewal Maintenance
01tWC00000DD1w8YAD,SM-VMC-RRM-VIRM,VISUAL Control for Pools-RenewalMaintenance,Renewal Maintenance
01tWC00000DCyy4YAD,SM-VMC-RNM-VMCMO,VMC Monitoring Engine - Security-NewMaintenance,New Maintenance
01tWC00000DD1CCYA1,DP-DLP-RRM-DLPREN,DLP-RenewalMaintenance,Renewal Maintenance
01tWC00000DD22SYAT,GS-GSE-RRM-COLBRM,Collaboration Bundle-RenewalMaintenance,Renewal Maintenance
01tWC00000DD15cYAD,DP-DCL-RRM-CAPARE,Capability Checker-RenewalMaintenance,Renewal Maintenance
01tWC00000DD1HgYAL,BI-ESN-RNM-ESENNE,Esend-NewMaintenance,New Maintenance
01tWC00000DD1dGYAT,BI-SDW-RRM-RRLRM,Rodin Runtime - Legacy-RenewalMaintenance,Renewal Maintenance
01tWC00000DD21WYAT,GS-GSE-RRM-EFT8ERM,EFT 8 Enterprise-RenewalMaintenance,Renewal Maintenance
01tWC00000DD1deYAD,CS-SPS-RNM-SPSHUN,Safestone Password Self Help Users-NewMaintenance,New Maintenance
01tWC00000DD19iYAD,DM-EU-RNM-DE4LNM,Data Export/400 - Legacy-NewMaintenance,New Maintenance
01tWC00000DD1UMYA1,DM-IRC-RRM-PDFCRM,PDF Converter-RenewalMaintenance,Renewal Maintenance
01tWC00000DD10VYAT,DP-DLP-RNM-DGSNM,Digital Guardian Software-NewMaintenance,New Maintenance
01tWC00000DD1vUYAT,CM-TQU-RRM-UTQSIO,Unisys - TeamQuest SIMAN OS2200-OTC-RenewalMaintenance,Renewal Maintenance
01tWC00000DD1UgYAL,SM-SYM-RRM-PMRM,Performance Monitor-RenewalMaintenance,Renewal Maintenance
01tWC00000DD1xaYAD,DM-DML-RRM-WSBRSR,WinSpool Batch Report Server-RenewalMaintenance,Renewal Maintenance
01tWC00000DD1IZYA1,FIM-FIM-RNM-FIMSSW,"File Integrity Manager for Small Stores w/ND & DB (up to 5 FS, 5 ND & 1 DB)-NewMaintenance",New Maintenance
01tWC00000DD1UKYA1,DM-IRC-RNM-PDFCNM,PDF Converter-NewMaintenance,New Maintenance
01tWC00000DD1a7YAD,FIM-FIM-RRM-PMPSRM,Policy Manager for POS Servers-RenewalMaintenance,Renewal Maintenance
01tWC00000DD1MJYA1,GOA-GAM-RNM-GONM,GoAnywhere AS3 Send/Receive-NewMaintenance,New Maintenance
01tWC00000DD22TYAT,GS-GSE-RRM-CSBRM,Core Server Bundle-RenewalMaintenance,Renewal Maintenance
01tWC00000DD09qYAD,SM-RON-RNM-NAHNM,NETWORK-Alternative Host-NewMaintenance,New Maintenance
01tWC00000DD1A9YAL,ES-SEG-RNM-DRSEGN,Data Redaction For Secure Email Gateway-NewMaintenance,New Maintenance
01tWC00000DD1xxYAD,DM-DML-RNM-WSRRCN,WinSpool RTF Report Converter-NewMaintenance,New Maintenance
01tWC00000DD190YAD,IGA-VIS-RNM-CRDNM,Core Role Designer-NewMaintenance,New Maintenance
01tWC00000DD146YAD,RPA-AUT-RRM-AEDTRM,Automate Enterprise Developer Tools-RenewalMaintenance,Renewal Maintenance
01tWC00000DD1xiYAD,DM-DML-RNM-WSHRCN,WinSpool HTML Report Converter-NewMaintenance,New Maintenance
01tWC00000DCzhfYAD,BI-SQ-RNM-SSBSNM,SEQUEL SMB Bundle - Secondary-NewMaintenance,New Maintenance
01tWC00000DD1WvYAL,SM-QSM-RNM-QSYSNE,QSystem Monitor-NewMaintenance,New Maintenance
01tWC00000DD19qYAD,SM-VMC-RRM-DMISBR,Data Monitor for iSeries Base-RenewalMaintenance,Renewal Maintenance
01tWC00000DD1ZbYAL,SM-SYM-RNM-ROBOSE,Robot Services-NewMaintenance,New Maintenance
01tWC00000DD1gWYAT,FIM-FIM-RNM-TRNM,Tripwire App - Dynamic Software Reconciliation Express - Utility-NewMaintenance,New Maintenance
01tWC00000DD22rYAD,GS-GSE-RRM-SSGRM,Single-site Gateway-RenewalMaintenance,Renewal Maintenance
01tWC00000DD16iYAD,BI-SDW-RNM-CDCMNM,Change Data Capture Module-NewMaintenance,New Maintenance
01tWC00000DD14ZYAT,RPA-AUT-RNM-APNM,Automate Plus-NewMaintenance,New Maintenance
01tWC00000DD22jYAD,GS-GSE-RRM-PBRM,Premium Bundle-RenewalMaintenance,Renewal Maintenance
01tWC00000DD1V5YAL,FIM-FIM-RNM-PMDNM,Policy Manager for Desktops-NewMaintenance,New Maintenance
01tWC00000DD1c8YAD,CS-PPS-RRM-PPSM,Powertech Password Self Help for IBM i-RenewalMaintenance,Renewal Maintenance
01tWC00000DD1Q5YAL,DM-IBM-RNM-IENCNE,iEncrypt-NewMaintenance,New Maintenance
01tWC00000DD1AXYA1,DM-DML-RNM-DT4LNM,Data Transfer/400 - Legacy-NewMaintenance,New Maintenance
01tWC00000DD1bWYAT,CS-PEI-RRM-PEIIRM,Powertech Encryption for IBM i-RenewalMaintenance,Renewal Maintenance
01tWC00000DCwW4YAL,DM-WFM-RNM-INTENE,Integration Toolkit-NewMaintenance,New Maintenance
01tWC00000DD1t9YAD,SM-VMC-RNM-VWOM,VMC - Windows Operations Agent-NewMaintenance,New Maintenance
01tWC00000DD1AVYA1,BI-SDW-RRM-DSVBRM,Data Set View Builder-RenewalMaintenance,Renewal Maintenance
01tWC00000DD1MDYA1,GOA-GAM-RRM-GAARM,GoAnywhere Agent-RenewalMaintenance,Renewal Maintenance
01tWC00000DD1bmYAD,CS-PEM-RRM-PEMRM,Powertech Event Manager-RenewalMaintenance,Renewal Maintenance
01tWC00000DCzhkYAD,BI-SDW-RRM-SDWSPERM,Sequel Data Warehouse (RODIN) Select License - Platinum Edition-RenewalMaintenance,Renewal Maintenance
01tWC00000DD1sfYAD,SM-VMC-RRM-VMUNIX,VMC - Unix Security Agent-RenewalMaintenance,Renewal Maintenance
01tWC00000DD1rnYAD,SM-VMC-RNM-VLSM,VMC - Linux Security Agent-NewMaintenance,New Maintenance
01tWC00000DD22bYAD,GS-GSE-RRM-EEARMARM,EFT Express Auditing & Reporting Module ARM-RenewalMaintenance,Renewal Maintenance
01tWC00000DD1XzYAL,DM-IBM-RNM-REPOSN,Report Splitter-NewMaintenance,New Maintenance
01tWC00000DD1vSYAT,CM-TQU-RNM-UTEQSI,Unisys - TeamQuest SIMAN OS2200-OTC-NewMaintenance,New Maintenance
01tWC00000DD21qYAD,GOA-GAM-RNM-GCBGTPNM,GoAnywhere Collaboration Bundle with Gateway and Threat Protection-NewMaintenance,New Maintenance
01tWC00000DD17kYAD,CS-DFT-RNM-CCINM,Compliance Center for i-NewMaintenance,New Maintenance
01tWC00000DD1IIYA1,FIM-FIM-RNM-FIMNDN,File Integrity Manager for Network Devices-NewMaintenance,New Maintenance
01tWC00000DD1uDYAT,CM-TQU-RNM-UTQIOO,Unisys - TeamQuest IACULL OS2200-OTC-NewMaintenance,New Maintenance
01tWC00000DD1gsYAD,FIM-FIM-RNM-TRAPPT,Tripwire App - TE Integration Framework - Flex - Utility-NewMaintenance,New Maintenance
01tWC00000DD16yYAD,DP-DC-RNM-CDMCCO,Classification for Desktop & Message Classification & Classification for Office Bundle-NewMaintenance,New Maintenance
01tWC00000DD1QlYAL,SM-PN-RRM-MCPRRE,MCP Remote Support-RenewalMaintenance,Renewal Maintenance
01tWC00000DD1afYAD,CS-PTA-RNM-PAIINM,Powertech Antivirus for IBM i-NewMaintenance,New Maintenance
01tWC00000DD20iYAD,FIM-FIM-RNM-TEDSENM,Tripwire Enterprise for Directory Services - EVAL-NewMaintenance,New Maintenance
01tWC00000DCxluYAD,DP-DC-RRM-TCOFRM,Titus Classification for Office and Files-RenewalMaintenance,Renewal Maintenance
01tWC00000DD1RAYA1,SM-MES-RRM-MESSRE,MessengerConsole-RenewalMaintenance,Renewal Maintenance
01tWC00000DD1qjYAD,CM-VIM-RNM-VMPPSN,Vityl Monitor & Predictor for Physical Systems-NewMaintenance,New Maintenance
01tWC00000DD1QzYAL,DP-DC-RRM-MECL,Message Classification & Classification for Office Enterprise Bundle-RenewalMaintenance,Renewal Maintenance
01tWC00000DD1l3YAD,DM-SH-RRM-SIGNLR,SignHere Legacy-RenewalMaintenance,Renewal Maintenance
01tWC00000DD1BwYAL,DP-DLP-RRM-DGPRM,Digital Guardian Platinum-RenewalMaintenance,Renewal Maintenance
01tWC00000DCzhLYAT,GOA-GAM-RNM-GCBGNM,GoAnywhere Collaboration Bundle with Gateway-NewMaintenance,New Maintenance
01tWC00000DD1MhYAL,GOA-GAM-RNM-GACM,GoAnywhere Cloud Connector Standard Pack-NewMaintenance,New Maintenance
01tWC00000DCwVZYA1,DM-WCU-RNM-IVLNEW,Image Viewer - Legacy-NewMaintenance,New Maintenance
01tWC00000DD21FYAT,FIM-TLC-RRM-TLCDERM,Tripwire Log Center for Desktops - EVAL-RenewalMaintenance,Renewal Maintenance
01tWC00000DD1ZlYAL,SM-ROT-RRM-RTRM,Robot Transform-RenewalMaintenance,Renewal Maintenance
01tWC00000DD13rYAD,RPA-AUD-RRM-ADRM,Automate Desktop-RenewalMaintenance,Renewal Maintenance
01tWC00000DD1GaYAL,DM-DML-RRM-EFSLRM,Email File Server - Legacy-RenewalMaintenance,Renewal Maintenance
01tWC00000DD1anYAD,CS-PAB-RRM-PABIIR,Powertech Authority Broker for IBM i-RenewalMaintenance,Renewal Maintenance
01tWC00000DD21XYAT,GS-GSE-RRM-EAWEMRM,EFT Advanced Workflow Engine (AWE) Module-RenewalMaintenance,Renewal Maintenance
01tWC00000DD17HYAT,DP-DC-RNM-CMANM,Classifier for McAfee-NewMaintenance,New Maintenance
01tWC00000DD1QCYA1,DM-IFO-RNM-IFORNE,iForms-NewMaintenance,New Maintenance
01tWC00000DD1OmYAL,GOA-GAM-RRM-GASARM,GoAnywhere Standard Agent-RenewalMaintenance,Renewal Maintenance
01tWC00000DD1NvYAL,GOA-GAM-RNM-GAPSPB,GoAnywhere PeSIT Premium Bundle-NewMaintenance,New Maintenance
01tWC00000DD11AYAT,SM-SYM-RNM-ALCMNE,A la Carte Menu and Security System-NewMaintenance,New Maintenance
01tWC00000DD1dEYAT,BI-SDW-RNM-RRLNM,Rodin Runtime - Legacy-NewMaintenance,New Maintenance
01tWC00000DD1TwYAL,DP-DC-RNM-OWACNE,OWA Classifier-NewMaintenance,New Maintenance
01tWC00000DCxlEYAT,CM-TQO-RNM-TQASCS,TeamQuest Analyzer & Surveyor & CMIS for Systems-NewMaintenance,New Maintenance
01tWC00000DCzhZYAT,BI-ISA-RNM-IAPRONM,Insite Analytics - Pro-NewMaintenance,New Maintenance
01tWC00000DD1sPYAT,SM-VMC-RRM-VMCSQS,VMC - SQL Server Security Agent-RenewalMaintenance,Renewal Maintenance
01tWC00000DD1Y8YAL,SM-SYM-RRM-RTMREN,Restricted Tasks Manager-RenewalMaintenance,Renewal Maintenance
01tWC00000DD22TYAT,GS-GSE-RRM-CSBRM,Core Server Bundle-RenewalMaintenance,Renewal Maintenance
01tWC00000DD22lYAD,GS-GSE-RRM-REGCOMRM,Regulatory Compliance-RenewalMaintenance,Renewal Maintenance
01tWC00000DD11MYAT,CM-TQO-RNM-AMEENM,ActiveMetrics Enterprise Edition-NewMaintenance,New Maintenance
01tWC00000DD17EYAT,DP-DC-RRM-CERM,Classifier Essentials-RenewalMaintenance,Renewal Maintenance
01tWC00000DD09aYAD,DM-IBM-RRM-NPTM,Native PCL to PDF Converter - Legacy-RenewalMaintenance,Renewal Maintenance
01tWC00000DD1XiYAL,NW-INT-RNM-RAPFNM,RemoteAccess - Pooled - Freeware-NewMaintenance,New Maintenance
01tWC00000DD1USYA1,SM-PKP-RNM-PEEKNE,PeekPlus-NewMaintenance,New Maintenance
01tWC00000DD20xYAD,DP-DC-RNM-DCDARGNM,Fortra DCS for DaR (Data at rest) with DCS INTELLIGENT PROTECTION - Government-NewMaintenance,New Maintenance
01tWC00000DD1x4YAD,DM-DML-RNM-WDISEN,WebDocs- iSeries Edition-NewMaintenance,New Maintenance
01tWC00000DD17AYAT,DP-DC-RRM-COUM,Classification for Office Ultra & Message Classification Ultra Bundle-RenewalMaintenance,Renewal Maintenance
01tWC00000DD1JWYA1,GOA-FIL-RRM-FCWRM,FileCatalyst Workflow-RenewalMaintenance,Renewal Maintenance
01tWC00000DD1NZYA1,GOA-GAM-RNM-GAGFSN,GoAnywhere GoFast Server-NewMaintenance,New Maintenance
01tWC00000DD19NYAT,DM-DML-RRM-CUSTRE,Custom Bundle-RenewalMaintenance,Renewal Maintenance
01tWC00000DD1CmYAL,DM-WCU-RRM-DORM,DocAlpha Advanced Capture - Line Item-RenewalMaintenance,Renewal Maintenance
01tWC00000DD09VYAT,DM-DML-RNM-NHPTCN,Native Host Print Transform Converter-NewMaintenance,New Maintenance
01tWC00000DD1CjYAL,DM-WCU-RRM-DAAM,DocAlpha Advanced Capture - Header Footer-RenewalMaintenance,Renewal Maintenance
01tWC00000DD0ARYA1,SM-NSS-RRM-NSSVRM,NSS - VIOS-RenewalMaintenance,Renewal Maintenance
01tWC00000DD1d7YAD,SM-SYM-RRM-RURM,Robot UPS-RenewalMaintenance,Renewal Maintenance
01tWC00000DD1B6YAL,DM-DLN-RNM-DELINE,DeliverNow-NewMaintenance,New Maintenance
01tWC00000DD1DXYA1,DM-DML-RRM-DCBBRE,Download Conv Bund Basic-RenewalMaintenance,Renewal Maintenance
01tWC00000DD1CjYAL,DM-WCU-RRM-DAAM,DocAlpha Advanced Capture - Header Footer-RenewalMaintenance,Renewal Maintenance
01tWC00000DCwVjYAL,DM-DML-RRM-IPI4RE,Info Print Integrator/400-RenewalMaintenance,Renewal Maintenance
01tWC00000DD1qlYAD,CM-VIM-RRM-VMPPSR,Vityl Monitor & Predictor for Physical Systems-RenewalMaintenance,Renewal Maintenance
01tWC00000DD1pVYAT,FIM-TLC-RRM-TRLCEP,Tripwire Log Center for POS End Point Systems (includes Advanced Log Collector Agent)-RenewalMaintenance,Renewal Maintenance
01tWC00000DD22FYAT,FIM-FML-RNM-VMENM,VnE Manager - EVAL-NewMaintenance,New Maintenance
01tWC00000DD0AJYA1,SM-NSS-RRM-NSSLRM,NSS - Linux-RenewalMaintenance,Renewal Maintenance
01tWC00000DD1UaYAL,SM-PFA-RNM-PANM,Performance Analyzer-NewMaintenance,New Maintenance
01tWC00000DD216YAD,FIM-FIM-RNM-TIANM,Tripwire Industrial Appliance-NewMaintenance,New Maintenance
01tWC00000DD1aRYAT,CS-PTA-RRM-PALARM,Powertech Antivirus - Linux / AIX-RenewalMaintenance,Renewal Maintenance
01tWC00000DD16xYAD,DP-DC-RRM-CDRM,Classification for Desktop-RenewalMaintenance,Renewal Maintenance
01tWC00000DD1uUYAT,CM-TQU-RNM-UTEQMS,Unisys - TeamQuest MSManager OS2200-OTC-NewMaintenance,New Maintenance
01tWC00000DD09yYAD,SM-RON-RNM-NNNM,NETWORK-Node-NewMaintenance,New Maintenance
01tWC00000DD21oYAD,GS-GSE-RRM-FSRM,FTPS Server-RenewalMaintenance,Renewal Maintenance
01tWC00000DD20YYAT,FIM-FIM-RNM-DP7NM,Device Profiler 700-NewMaintenance,New Maintenance
01tWC00000DD1UIYA1,DM-IBM-RRM-PCLTRE,PCL to PDF Converter-RenewalMaintenance,Renewal Maintenance
01tWC00000DD1x1YAD,DM-DML-RNM-WDTCNM,WebDocs Tray Capture-NewMaintenance,New Maintenance
01tWC00000DD1dgYAD,CS-SPS-RRM-SPSHUR,Safestone Password Self Help Users-RenewalMaintenance,Renewal Maintenance
01tWC00000DD1xkYAD,DM-DML-RRM-WSHRCR,WinSpool HTML Report Converter-RenewalMaintenance,Renewal Maintenance
01tWC00000DD14GYAT,RPA-AIC-RNM-AICNM,Automate Intelligent Capture-NewMaintenance,New Maintenance
01tWC00000DD1POYA1,SM-HAM-RNM-HAMNEW,HA-MX Monitor-NewMaintenance,New Maintenance
01tWC00000DD20pYAD,FIM-FIM-RNM-TETNM,Tripwire Enterprise for TIV-NewMaintenance,New Maintenance
01tWC00000DD20tYAD,SM-ROB-RNM-RBSARNM,"Robot Bundle - Schedule, Alert, Replay-NewMaintenance",New Maintenance
01tWC00000DCxlZYAT,FIM-FIM-RNM-TFSWNM,TFS for Workstations-NewMaintenance,New Maintenance
01tWC00000DD1O1YAL,GOA-GAM-RRM-GAPSSR,GoAnywhere PeSIT Server-RenewalMaintenance,Renewal Maintenance
01tWC00000DD1MVYA1,GOA-GAM-RNM-GABAMN,GoAnywhere Business Activity Monitor-NewMaintenance,New Maintenance
01tWC00000DD219YAD,FIM-FML-RRM-TSSLRM,Tripwire for Server-SUL-Lic-RenewalMaintenance,Renewal Maintenance
01tWC00000DD1w8YAD,SM-VMC-RRM-VIRM,VISUAL Control for Pools-RenewalMaintenance,Renewal Maintenance
01tWC00000DCyxpYAD,SM-VMC-RNM-VMCWIN,VMC - Windows Security Agent - 10 Units Package-NewMaintenance,New Maintenance
01tWC00000DD1O3YAL,GOA-GAM-RNM-GAPSSB,GoAnywhere PeSIT Starter Bundle-NewMaintenance,New Maintenance
01tWC00000DD1fsYAD,SM-VMC-RRM-SKERM,Security KM Events-RenewalMaintenance,Renewal Maintenance
01tWC00000DD1oGYAT,FIM-FIM-RNM-TINTUU,"Tripwire IP360 Non-transferable Unlimited Use (IP360, VnE-Ev, DP-Ev)-NewMaintenance",New Maintenance
01tWC00000DD0ALYA1,SM-NSS-RNM-NSSSNM,NSS - SNMP Trap Receiver-NewMaintenance,New Maintenance
01tWC00000DD1xOYAT,DM-WS-RRM-WEBSRE,WebSpool-RenewalMaintenance,Renewal Maintenance
01tWC00000DD1yGYAT,GS-GSE-RRM-EEMTCRM,EFT Express Mobile Transfer Client-RenewalMaintenance,Renewal Maintenance
01tWC00000DD1PIYA1,SM-SYM-RNM-GSMTTP,GSM TC35 Terminal Ph-NewMaintenance,New Maintenance
01tWC00000DD1uKYAT,CM-TQU-RRM-UNTEAQ,Unisys - TeamQuest LA OS2200-OTC-RenewalMaintenance,Renewal Maintenance
01tWC00000DD1OzYAL,GOA-GAM-RNM-GAUANM,GoAnywhere Ultimate AS2-NewMaintenance,New Maintenance
01tWC00000DD1x9YAD,DM-WFM-RRM-WEBFRE,WebForms-RenewalMaintenance,Renewal Maintenance
01tWC00000DD1Y3YAL,BI-SL-RNM-RESONE,Resource Accountant-NewMaintenance,New Maintenance
01tWC00000DD22qYAD,GS-GSE-RRM-SSBRM,SFTP Server Bundle-RenewalMaintenance,Renewal Maintenance
01tWC00000DD1aLYAT,CS-DFT-RNM-PUPNEW,Powerful User Passport-NewMaintenance,New Maintenance
01tWC00000DD1XwYAL,DM-DOE-RNM-REPOAB,Report Archive Bundle iSeries - Legacy-NewMaintenance,New Maintenance
01tWC00000DD1ghYAD,FIM-FIM-RRM-TRIPAP,Tripwire App - TE Integration Framework - CA Service Desk - Utility-RenewalMaintenance,Renewal Maintenance
01tWC00000DD14kYAD,RPA-AUD-RRM-AUTOMP,Automate Professional-RenewalMaintenance,Renewal Maintenance
01tWC00000DD1X6YAL,DM-IRC-RRM-RAWRRE,RAW Report Converter-RenewalMaintenance,Renewal Maintenance
01tWC00000DD1uMYAT,CM-TQU-RNM-UTQMOO,Unisys - TeamQuest MS2200 OS2200-OTC-NewMaintenance,New Maintenance
01tWC00000DD1RNYA1,SM-HCS-RNM-MIZUNE,Mizuno Suite-NewMaintenance,New Maintenance
01tWC00000DD1NnYAL,GOA-GAM-RRM-GAPSCR,GoAnywhere PeSIT Client-RenewalMaintenance,Renewal Maintenance
01tWC00000DD13kYAD,SM-AUS-RNM-AUTHNE,Authority Swapper-NewMaintenance,New Maintenance
01tWC00000DD116YAD,DM-WCU-RNM-5250NE,5250 Integrator-NewMaintenance,New Maintenance
01tWC00000DD1h5YAD,FIM-FML-RRM-TAPTIF,Tripwire App - TE Integration Framework - Remedy - Utility & Implementation-RenewalMaintenance,Renewal Maintenance
01tWC00000DD10VYAT,DP-DLP-RNM-DGSNM,Digital Guardian Software-NewMaintenance,New Maintenance
01tWC00000DCwVbYAL,DM-WCU-RRM-IVLREN,Image Viewer - Legacy-RenewalMaintenance,Renewal Maintenance
01tWC00000DD1D6YAL,SM-SYM-RRM-DMSRM,Document Management System-RenewalMaintenance,Renewal Maintenance
01tWC00000DD1evYAD,ES-SIG-RNM-SEICAG,SECURE ICAP Gateway Elite Security Package Per User-NewMaintenance,New Maintenance
01tWC00000DD1fVYAT,SM-SYM-RNM-SNM,Security-NewMaintenance,New Maintenance
01tWC00000DD1fFYAT,ES-SWG-RNM-SECURW,SECURE Web Gateway Advanced Security Package-NewMaintenance,New Maintenance
01tWC00000DD1adYAD,CS-PTA-RRM-PAIIDR,Powertech Antivirus for IBM i - Domino-RenewalMaintenance,Renewal Maintenance
01tWC00000DD20OYAT,DP-DC-RRM-COUMCBRM,Classification for Office Ultra & Message Classification Bundle-RenewalMaintenance,Renewal Maintenance
01tWC00000DD22KYAT,FIM-TLC-RRM-TLCNDERM,Tripwire Log Center for Network Devices - EVAL-RenewalMaintenance,Renewal Maintenance
01tWC00000DD14RYAT,RPA-AUT-RRM-AORRM,Automate OEM Royalty-RenewalMaintenance,Renewal Maintenance
01tWC00000DD1HpYAL,DP-DC-RNM-EXCHCN,Exchange Classifier-NewMaintenance,New Maintenance
01tWC00000DD1UeYAL,SM-SYM-RNM-PMNM,Performance Monitor-NewMaintenance,New Maintenance
01tWC00000DD0ABYA1,SM-SYM-RRM-N5UREN,Nport 5110-UK-RenewalMaintenance,Renewal Maintenance
01tWC00000DD1fgYAD,CS-DFT-RRM-SADRM,Security Audit & Detection-RenewalMaintenance,Renewal Maintenance
01tWC00000DD1rxYAD,SM-VMC-RRM-VMNE,VMC - Network Syslog Agent-RenewalMaintenance,Renewal Maintenance
01tWC00000DCwWLYA1,NW-INT-RRM-ISBRM,Intermapper Server Bundle-RenewalMaintenance,Renewal Maintenance
01tWC00000DD1bOYAT,CS-PDM-RNM-PONM,Powertech Database Monitor for IBM i - Read-NewMaintenance,New Maintenance
01tWC00000DD21hYAD,GS-GSE-RNM-ESMAM(NM,EFT Secure Mobile Access Module (SMAM)-NewMaintenance,New Maintenance
01tWC00000DD17CYAT,DP-DC-RNM-CENM,Classifier Essentials-NewMaintenance,New Maintenance
01tWC00000DCzhYYAT,BI-ISA-RRM-IAPROM,Insite Analytics - Pro-RenewalMaintenance,Renewal Maintenance
01tWC00000DD1YhYAL,SM-SYM-RRM-RCRM,Robot Client-RenewalMaintenance,Renewal Maintenance
01tWC00000DD1rpYAD,SM-VMC-RRM-VMLI,VMC - Linux Security Agent-RenewalMaintenance,Renewal Maintenance
01tWC00000DD1y3YAD,DM-DML-RNM-WINVNE,WinView-NewMaintenance,New Maintenance
01tWC00000DD1BIYA1,CS-DFT-RNM-DETENE,DetectIT-NewMaintenance,New Maintenance
01tWC00000DD20pYAD,FIM-FIM-RNM-TETNM,Tripwire Enterprise for TIV-NewMaintenance,New Maintenance
01tWC00000DD1atYAD,CS-PCS-RNM-PCSIIN,Powertech Command Security for IBM i-NewMaintenance,New Maintenance
01tWC00000DD21dYAD,GS-GSE-RNM-EIMNM,EFT Insight Module-NewMaintenance,New Maintenance
01tWC00000DD1XXYA1,BI-SDW-RNM-RDSNM,Remote Data Sourcing-NewMaintenance,New Maintenance
01tWC00000DD1LYYA1,DM-DML-RNM-FT40,FTP/400 Remote Comma-NewMaintenance,New Maintenance
01tWC00000DD18yYAD,IGA-AAS-RRM-COREP,Core Provisioning-RenewalMaintenance,Renewal Maintenance
01tWC00000DD1dtYAD,DM-WCU-RRM-SCANLR,Scan Workstation - Legacy-RenewalMaintenance,Renewal Maintenance
01tWC00000DD1dBYAT,BI-SDW-RNM-RELNM,Rodin Enterprise - Legacy-NewMaintenance,New Maintenance
01tWC00000DD1QHYA1,SM-RLP-RRM-LPARRE,LPAR-RenewalMaintenance,Renewal Maintenance
01tWC00000DD1CnYAL,DM-WCU-RNM-DACSLN,DocAlpha Concurrent Seat License-NewMaintenance,New Maintenance
01tWC00000DD1Z3YAL,SM-ROM-RNM-RMVNM,Robot Monitor - VIOS-NewMaintenance,New Maintenance
01tWC00000DD1GhYAL,DM-DML-RRM-ERDBPR,Email Report Distribution Bundle PC-RenewalMaintenance,Renewal Maintenance
01tWC00000DD1qSYAT,CM-VCM-RRM-VCMRM,Vityl Capacity Management-RenewalMaintenance,Renewal Maintenance
01tWC00000DD1NPYA1,GOA-GAM-RRM-GAGLBR,GoAnywhere Gateway and Load Balancer-RenewalMaintenance,Renewal Maintenance
01tWC00000DD12OYAT,SM-VIT-RNM-ALIGNI,Alignia - Business Process-NewMaintenance,New Maintenance
01tWC00000DD1v0YAD,CM-TQU-RNM-UNTQPM,Unisys - TeamQuest PMPlus MCP-OTC-NewMaintenance,New Maintenance
01tWC00000DD1wrYAD,DM-WEB-RNM-WDHNM,WebDocs Hosting-NewMaintenance,New Maintenance
01tWC00000DD21OYAT,GS-GSE-RNM-EFT7ENM,EFT 7 Enterprise-NewMaintenance,New Maintenance
01tWC00000DD12zYAD,SM-VIT-RNM-ATNM,Alignia - Task-NewMaintenance,New Maintenance
01tWC00000DD133YAD,SM-VIT-RNM-ATINM,Alignia - Task Instance-NewMaintenance,New Maintenance
01tWC00000DD1piYAD,FIM-TLC-RRM-TRLCEV,Tripwire Log Center for VMware ESX (includes Advanced Log Collector Agent)-RenewalMaintenance,Renewal Maintenance
01tWC00000DD1xSYAT,DM-WCU-RRM-WAIREN,Windows Application Integrator-RenewalMaintenance,Renewal Maintenance
01tWC00000DD125YAD,SM-PN-RNM-AIXSTD,AIX STD-NewMaintenance,New Maintenance
01tWC00000DCwW6YAL,DM-WFM-RRM-INTERE,Integration Toolkit-RenewalMaintenance,Renewal Maintenance
01tWC00000DD1OaYAL,GOA-GAM-RRM-GASDRM,GoAnywhere Security Domains-RenewalMaintenance,Renewal Maintenance
01tWC00000DD128YAD,SM-AI-RNM-ALERNE,Alert Intelligence-NewMaintenance,New Maintenance
01tWC00000DD1jqYAD,BI-SDW-RRM-SEQUDA,SEQUEL Data Warehouse Bundle-RenewalMaintenance,Renewal Maintenance
01tWC00000DD1a2YAD,FIM-FIM-RRM-PMPM,Policy Manager for POS End Point Systems-RenewalMaintenance,Renewal Maintenance
01tWC00000DD22xYAD,BI-SDW-RNM-SDWSSENM,Sequel Data Warehouse (RODIN) Select License - Silver Edition-NewMaintenance,New Maintenance
01tWC00000DD12nYAD,SM-VIT-RNM-AESNM,Alignia - External Service-NewMaintenance,New Maintenance
01tWC00000DD1XnYAL,NW-INT-RRM-RAPRM,RemoteAccess - Pooled-RenewalMaintenance,Renewal Maintenance
01tWC00000DD1RdYAL,SM-MQM-RRM-MQMREN,MQ Manager-RenewalMaintenance,Renewal Maintenance
01tWC00000DD1f1YAD,ES-SIG-RRM-SEIGAE,SECURE ICAP Gateway Essential Security Package Per Instance-RenewalMaintenance,Renewal Maintenance
01tWC00000DD1BuYAL,DP-DLP-RNM-DGPNM,Digital Guardian Platinum-NewMaintenance,New Maintenance
01tWC00000DD16mYAD,BI-SDW-RNM-CMNM,Change Management-NewMaintenance,New Maintenance
01tWC00000DD1oiYAD,FIM-TLC-RNM-TLCDIA,Tripwire Log Center for Desktops (includes Advanced Log Collector Agent)-NewMaintenance,New Maintenance
01tWC00000DD1H7YAL,BI-SDW-RRM-EDSRM,Enhanced Data Sources-RenewalMaintenance,Renewal Maintenance
01tWC00000DD1O6YAL,GOA-GAM-RRM-GANYPE,GoAnywhere PeSIT Starter Bundle-RenewalMaintenance,Renewal Maintenance
01tWC00000DD1v8YAD,CM-TQU-RNM-UTEQPR,Unisys - TeamQuest Probes MCP-OTC-NewMaintenance,New Maintenance
01tWC00000DD1x9YAD,DM-WFM-RRM-WEBFRE,WebForms-RenewalMaintenance,Renewal Maintenance
01tWC00000DD1xJYAT,DM-WFM-RRM-WEBFFA,WebForms SMB License-RenewalMaintenance,Renewal Maintenance
01tWC00000DD1vmYAD,CS-DFT-RNM-UPMNM,User Profile Manager-NewMaintenance,New Maintenance
01tWC00000DD1UYYA1,SM-PFA-RRM-PAGREN,Perf Analyzer GUI-RenewalMaintenance,Renewal Maintenance
01tWC00000DD18uYAD,IGA-AAS-RRM-CPRM,Core Password-RenewalMaintenance,Renewal Maintenance
01tWC00000DD1aPYAT,CS-PTA-RNM-PALANM,Powertech Antivirus - Linux / AIX-NewMaintenance,New Maintenance
01tWC00000DCwWDYA1,NW-INT-RRM-ISRM,Intermapper Server-RenewalMaintenance,Renewal Maintenance
01tWC00000DD1cAYAT,CS-PPM-RNM-PPMIIN,Powertech Policy Minder for IBM i-NewMaintenance,New Maintenance
01tWC00000DD1g8YAD,CS-PSS-RRM-SSIRM,Security Scan - i-RenewalMaintenance,Renewal Maintenance
01tWC00000DD1tmYAD,FIM-FML-RRM-TVVERM,Tripwire VIA for VMware ESX-RenewalMaintenance,Renewal Maintenance
01tWC00000DD1GbYAL,DM-WCU-RNM-EMNM,Email Monitor-NewMaintenance,New Maintenance
01tWC00000DD18uYAD,IGA-AAS-RRM-CPRM,Core Password-RenewalMaintenance,Renewal Maintenance
01tWC00000DD1aNYAT,CS-DFT-RRM-PUPREN,Powerful User Passport-RenewalMaintenance,Renewal Maintenance
01tWC00000DD1BpYAL,DP-DLP-RNM-DGDVMN,DG VM-NewMaintenance,New Maintenance
01tWC00000DD1gsYAD,FIM-FIM-RNM-TRAPPT,Tripwire App - TE Integration Framework - Flex - Utility-NewMaintenance,New Maintenance
01tWC00000DD1h5YAD,FIM-FML-RRM-TAPTIF,Tripwire App - TE Integration Framework - Remedy - Utility & Implementation-RenewalMaintenance,Renewal Maintenance
01tWC00000DD1QZYA1,DP-DC-RNM-MACCNE,Mac Classifier-NewMaintenance,New Maintenance
01tWC00000DD1C0YAL,ES-SEG-RRM-DRMM,Digital Rights Management for Email Gateway (Powered by Seclore)-RenewalMaintenance,Renewal Maintenance
01tWC00000DD20OYAT,DP-DC-RRM-COUMCBRM,Classification for Office Ultra & Message Classification Bundle-RenewalMaintenance,Renewal Maintenance
01tWC00000DD1ehYAD,ES-SIG-RRM-SEIC,SECURE ICAP Gateway-RenewalMaintenance,Renewal Maintenance
01tWC00000DD23BYAT,SM-ROB-RNM-RBSANM,Robot Bundle - Schedule & Alert-NewMaintenance,New Maintenance
01tWC00000DD1vfYAD,DP-DLP-RNM-UCNM,User Classification-NewMaintenance,New Maintenance
01tWC00000DD12nYAD,SM-VIT-RNM-AESNM,Alignia - External Service-NewMaintenance,New Maintenance
01tWC00000DD222YAD,FIM-FIM-RRM-TTBELRM,Tripwire - Term Based Enterprise License-RenewalMaintenance,Renewal Maintenance
01tWC00000DD1o6YAD,FIM-FIM-RRM-TCLRM,Tripwire Connect Local-RenewalMaintenance,Renewal Maintenance
01tWC00000DD19wYAD,SM-VMC-RNM-DAMO,Data Monitor for iSeries Base Changes-NewMaintenance,New Maintenance
01tWC00000DD226YAD,FIM-FIM-RRM-TEVEERM,Tripwire Enterprise for VMware ESX - EVAL-RenewalMaintenance,Renewal Maintenance
01tWC00000DD1N6YAL,GOA-GAM-RNM-GAEBNM,GoAnywhere Enterprise Bundle-NewMaintenance,New Maintenance
01tWC00000DD1mrYAD,FIM-FIM-RNM-TELSWN,"Tripwire Enterprise for Large Stores w/ ND & DB (up to 75 FS, 75 ND & 1 DB)-NewMaintenance",New Maintenance
01tWC00000DD1rlYAD,SM-VMC-RRM-VLOM,VMC - Linux Operations Agent-RenewalMaintenance,Renewal Maintenance
01tWC00000DD1qCYAT,SM-VMC-RRM-VISUMC,VISUAL Message Center Suite for Operations-RenewalMaintenance,Renewal Maintenance
01tWC00000DD1MNYA1,GOA-GAM-RNM-GOANY,GoAnywhere AS4 Send/Receive-NewMaintenance,New Maintenance
01tWC00000DD21VYAT,GS-GSE-RRM-EFT8CRM,EFT 8 Continuum-RenewalMaintenance,Renewal Maintenance
01tWC00000DD1HVYA1,DM-IRM-RRM-ENTERF,Enterprise Fax-RenewalMaintenance,Renewal Maintenance
01tWC00000DD1loYAD,ES-SEG-RNM-SSSEGN,Structural Sanitization For SECURE Email Gateway-NewMaintenance,New Maintenance
01tWC00000DD1dwYAD,DM-WCU-RRM-SCANRE,Scan Workstation-RenewalMaintenance,Renewal Maintenance
01tWC00000DD12vYAD,SM-VIT-RNM-AOBSNM,Alignia - Online Business Service-NewMaintenance,New Maintenance
01tWC00000DD1J2YAL,GOA-FIL-RNM-FCDKNM,FileCatalyst Development Kit-NewMaintenance,New Maintenance
01tWC00000DD1LfYAL,SM-HCS-RNM-GANNNE,Gannett Suite-NewMaintenance,New Maintenance
01tWC00000DD21VYAT,GS-GSE-RRM-EFT8CRM,EFT 8 Continuum-RenewalMaintenance,Renewal Maintenance
01tWC00000DD20nYAD,FIM-FIM-RNM-TENDENM,Tripwire Enterprise for Network Devices - EVAL-NewMaintenance,New Maintenance
01tWC00000DD1rLYAT,SM-VMC-RNM-VISER,VMC - iSeries Performance Manager (VCJ & VCP)-NewMaintenance,New Maintenance
01tWC00000DD1fuYAD,SM-VMC-RNM-SKINM,Security KM Incidents-NewMaintenance,New Maintenance
01tWC00000DD21ZYAT,GS-GSE-RRM-EBAMRM,EFT Business Activity Monitor (BAM)-RenewalMaintenance,Renewal Maintenance
01tWC00000DD15WYAT,DP-DC-RNM-CADCNE,CAD Classifier-NewMaintenance,New Maintenance
01tWC00000DD135YAD,SM-VIT-RRM-ATIRM,Alignia - Task Instance-RenewalMaintenance,Renewal Maintenance
01tWC00000DD1vmYAD,CS-DFT-RNM-UPMNM,User Profile Manager-NewMaintenance,New Maintenance
01tWC00000DD1dDYAT,BI-SDW-RRM-RELRM,Rodin Enterprise - Legacy-RenewalMaintenance,Renewal Maintenance
01tWC00000DD22IYAT,FIM-TLC-RNM-TLCDNM,Tripwire Log Center for Desktops-NewMaintenance,New Maintenance
01tWC00000DD1NVYA1,GOA-GAM-RNM-GAGDNM,GoAnywhere GoDrive-NewMaintenance,New Maintenance
01tWC00000DD22wYAD,BI-SDW-RRM-SDWSSERM,Sequel Data Warehouse (RODIN) Select License - Silver Edition-RenewalMaintenance,Renewal Maintenance
01tWC00000DD228YAD,FIM-FIM-RRM-TSERM,Tripwire for Servers - EVAL-RenewalMaintenance,Renewal Maintenance
01tWC00000DD1jgYAD,BI-SDW-RRM-SDWM,Sequel Data Warehouse (RODIN) Select License-RenewalMaintenance,Renewal Maintenance
01tWC00000DD16iYAD,BI-SDW-RNM-CDCMNM,Change Data Capture Module-NewMaintenance,New Maintenance
01tWC00000DD1bEYAT,CS-PDM-RNM-PDMIIN,Powertech Database Monitor for IBM i-NewMaintenance,New Maintenance
01tWC00000DD12SYAT,SM-VIT-RNM-ABSINM,Alignia - Business Service Instance-NewMaintenance,New Maintenance
01tWC00000DCzhUYAT,BI-ISA-RRM-IACRM,Insite Analytics - Core-RenewalMaintenance,Renewal Maintenance
01tWC00000DD1wOYAT,SM-VMC-RRM-VIDE,VISUAL Debugger 5250-RenewalMaintenance,Renewal Maintenance
01tWC00000DD1t7YAD,SM-VMC-RRM-VMWEB,VMC - WebSphere MQ Operations Agent-RenewalMaintenance,Renewal Maintenance
01tWC00000DD1TyYAL,DP-DC-RRM-OWACRE,OWA Classifier-RenewalMaintenance,Renewal Maintenance
01tWC00000DD1dGYAT,BI-SDW-RRM-RRLRM,Rodin Runtime - Legacy-RenewalMaintenance,Renewal Maintenance
01tWC00000DD1ugYAD,CM-TQU-RNM-UTQOOO,Unisys - TeamQuest Online OS2200-OTC-NewMaintenance,New Maintenance
01tWC00000DD1CAYA1,DP-DLP-RNM-DLPNEW,DLP-NewMaintenance,New Maintenance
01tWC00000DD1NFYA1,GOA-GAM-RNM-GAFSNM,GoAnywhere FTPS Server-NewMaintenance,New Maintenance
01tWC00000DD1QNYA1,SM-LSO-RNM-LSOSNE,Lvl2: Systems Operations Suite-NewMaintenance,New Maintenance
01tWC00000DD1wMYAT,SM-VMC-RNM-VD5M,VISUAL Debugger 5250-NewMaintenance,New Maintenance
01tWC00000DD1N1YAL,GOA-GAM-RRM-GACSBR,GoAnywhere Core Server Bundle-RenewalMaintenance,Renewal Maintenance
01tWC00000DD1RKYA1,DM-DML-RNM-MOAINE,Microsoft Office Add-Ins-NewMaintenance,New Maintenance
01tWC00000DD1UQYA1,DM-PCR-RRM-PDFSRM,PDF Splitter-RenewalMaintenance,Renewal Maintenance
01tWC00000DD12aYAD,SM-VIT-RNM-ACPM,Alignia - Control Point-NewMaintenance,New Maintenance
01tWC00000DCyy1YAD,SM-VMC-RNM-VMEM,VMC Monitoring Engine-NewMaintenance,New Maintenance
01tWC00000DD1g0YAD,SM-VMC-RRM-SKMRM,Security Knowledge Module-RenewalMaintenance,Renewal Maintenance
01tWC00000DD1PwYAL,ES-SWG-RRM-HFSM,HTTPS Feature for SECURE Web Gateway-RenewalMaintenance,Renewal Maintenance
01tWC00000DD1rVYAT,SM-VMC-RRM-VISSA,VMC - iSeries SQL Agent-RenewalMaintenance,Renewal Maintenance
01tWC00000DD123YAD,SM-NSS-RRM-AIXOPR,AIX on Power-RenewalMaintenance,Renewal Maintenance
01tWC00000DD14CYAT,RPA-AUD-RRM-AFPRM,Automate Full/Premium-RenewalMaintenance,Renewal Maintenance
01tWC00000DD1HmYAL,DP-DCL-RNM-EXCHNM,Exchange Capability Checker-NewMaintenance,New Maintenance
01tWC00000DD1ADYA1,ES-SXG-RNM-DRSM,Data Redaction For SECURE Exchange Gateway-NewMaintenance,New Maintenance
01tWC00000DCzhSYAT,GOA-GAM-RRM-GSBGTPRM,GoAnywhere Starter Bundle with Gateway and Threat Protection-RenewalMaintenance,Renewal Maintenance
01tWC00000DD1hZYAT,FIM-FIM-RNM-TEECNM,Tripwire Enterprise Express Console-NewMaintenance,New Maintenance
01tWC00000DD1D4YAL,SM-SYM-RNM-DMSNM,Document Management System-NewMaintenance,New Maintenance
01tWC00000DD1vUYAT,CM-TQU-RRM-UTQSIO,Unisys - TeamQuest SIMAN OS2200-OTC-RenewalMaintenance,Renewal Maintenance
01tWC00000DD1eBYAT,ES-SEG-RRM-SERM,SECURE Email Gateway Advanced Security Package-RenewalMaintenance,Renewal Maintenance
01tWC00000DD1stYAD,SM-VMC-RNM-VVSM,VMC - VMware Security Agent-NewMaintenance,New Maintenance
01tWC00000DD1UIYA1,DM-IBM-RRM-PCLTRE,PCL to PDF Converter-RenewalMaintenance,Renewal Maintenance
01tWC00000DD14oYAD,RPA-AUD-RRM-APAPRM,Automate Professional Action Pack-RenewalMaintenance,Renewal Maintenance
01tWC00000DD18wYAD,IGA-AAS-RNM-COPR,Core Provisioning-NewMaintenance,New Maintenance
01tWC00000DD1xOYAT,DM-WS-RRM-WEBSRE,WebSpool-RenewalMaintenance,Renewal Maintenance
01tWC00000DD229YAD,FIM-FIM-RNM-TIVSSNM,Tripwire Industrial Visibility Small Sensor-NewMaintenance,New Maintenance
01tWC00000DD1DLYA1,ES-SIG-RRM-DOCUMS,Document Sanitization For SECURE ICAP Gateway Per Instance-RenewalMaintenance,Renewal Maintenance
01tWC00000DD1c2YAD,CS-PMF-RNM-PMFAII,Powertech Multi-Factor Authentication for IBM i-NewMaintenance,New Maintenance
01tWC00000DD1DpYAL,SM-EV-RRM-EASYRE,Easy View-RenewalMaintenance,Renewal Maintenance
01tWC00000DD22LYAT,FIM-TLC-RNM-TLCSDENM,Tripwire Log Center for Security Devices - EVAL-NewMaintenance,New Maintenance
01tWC00000DD16dYAD,GS-GSE-RRM-CDPA,CDP Add Agent-RenewalMaintenance,Renewal Maintenance
01tWC00000DD1QLYA1,SM-LMM-RRM-LMMSRE,Lvl1: Message Management Suite-RenewalMaintenance,Renewal Maintenance
01tWC00000DCxlvYAD,DP-DC-RNM-TCSNM,Titus Classification Suite-NewMaintenance,New Maintenance
01tWC00000DD21tYAD,GOA-GAM-RRM-GCSBWGRM,GoAnywhere Core Server Bundle with Gateway-RenewalMaintenance,Renewal Maintenance
01tWC00000DD1NpYAL,GOA-GAM-RNM-GAPSEB,GoAnywhere PeSIT Express Bundle-NewMaintenance,New Maintenance
01tWC00000DD1ZLYA1,SM-RSC-RRM-ROBOTS,Robot Schedule-RenewalMaintenance,Renewal Maintenance
01tWC00000DD1GXYA1,DM-DML-RRM-EDBBRM,Email Dist Bundle Basic-RenewalMaintenance,Renewal Maintenance
01tWC00000DD21zYAD,GOA-GAM-RRM-GPSBWGRM,GoAnywhere PeSIT Starter Bundle with Gateway-RenewalMaintenance,Renewal Maintenance
01tWC00000DD21SYAT,GS-GSE-RNM-EFT7EUNM,EFT 7 Express Upgrade-NewMaintenance,New Maintenance
01tWC00000DD18TYAT,IGA-AAS-RNM-CORE,Core Compliance-NewMaintenance,New Maintenance
01tWC00000DD1xwYAD,DM-DML-RRM-WSPRM,WinSpool Postscript-RenewalMaintenance,Renewal Maintenance
01tWC00000DD1rBYAT,SM-VMC-RRM-VHOM,VMC - Hub Option-RenewalMaintenance,Renewal Maintenance
01tWC00000DD1x1YAD,DM-DML-RNM-WDTCNM,WebDocs Tray Capture-NewMaintenance,New Maintenance
01tWC00000DD19yYAD,SM-VMC-RRM-DATAM,Data Monitor for iSeries Base Changes-RenewalMaintenance,Renewal Maintenance
01tWC00000DD09bYAD,DM-DML-RNM-NTTCCN,Native Text to CSV Converter-NewMaintenance,New Maintenance
01tWC00000DD1vGYAT,CM-TQU-RNM-UTQRDF,Unisys - TeamQuest RemD-Fragger OS2200-OTC-NewMaintenance,New Maintenance
01tWC00000DD14XYAT,RPA-AUT-RRM-AOCRM,Automate Ops Console-RenewalMaintenance,Renewal Maintenance
01tWC00000DD1QxYAL,DP-DC-RNM-MCCOEB,Message Classification & Classification for Office Enterprise Bundle-NewMaintenance,New Maintenance
01tWC00000DD22MYAT,FIM-TLC-RRM-TLCSDERM,Tripwire Log Center for Security Devices - EVAL-RenewalMaintenance,Renewal Maintenance
01tWC00000DD1cCYAT,CS-PPM-RRM-PPMIIR,Powertech Policy Minder for IBM i-RenewalMaintenance,Renewal Maintenance
01tWC00000DD1DMYA1,ES-SWG-RNM-DSSWGN,Document Sanitization For SECURE Web Gateway-NewMaintenance,New Maintenance
01tWC00000DD1A9YAL,ES-SEG-RNM-DRSEGN,Data Redaction For Secure Email Gateway-NewMaintenance,New Maintenance
01tWC00000DD1lyYAD,ES-SIG-RRM-SSSIGR,Structural Sanitization For SECURE ICAP Gateway-RenewalMaintenance,Renewal Maintenance
01tWC00000DD1BuYAL,DP-DLP-RNM-DGPNM,Digital Guardian Platinum-NewMaintenance,New Maintenance
01tWC00000DD1uIYAT,CM-TQU-RNM-UTQLOO,Unisys - TeamQuest LA OS2200-OTC-NewMaintenance,New Maintenance
01tWC00000DD1WpYAL,SM-QMM-RRM-QMESRE,QMessage Monitor-RenewalMaintenance,Renewal Maintenance
01tWC00000DD1DCYA1,ES-SXG-RNM-DSSM,Document Sanitization For SECURE Exchange Gateway-NewMaintenance,New Maintenance
01tWC00000DD1NHYA1,GOA-GAM-RRM-GAFSRM,GoAnywhere FTPS Server-RenewalMaintenance,Renewal Maintenance
01tWC00000DD1szYAD,SM-VMC-RRM-VWAM,VMC - Web Availability & Response Time Agent-RenewalMaintenance,Renewal Maintenance
01tWC00000DD1f7YAD,ES-SIG-RNM-SEICGP,SECURE ICAP Gateway Per Instance-NewMaintenance,New Maintenance
01tWC00000DD1HiYAL,BI-ESN-RRM-ESENRE,Esend-RenewalMaintenance,Renewal Maintenance
01tWC00000DD13XYAT,DP-DLP-RRM-ATPREN,ATP-RenewalMaintenance,Renewal Maintenance
01tWC00000DD1wwYAD,DM-WEB-RRM-WDIMRM,WebDocs Invoice Manager-RenewalMaintenance,Renewal Maintenance
01tWC00000DD21vYAD,GOA-GAM-RRM-GCSBTPRM,GoAnywhere Core Server Bundle with Gateway and Threat Protection-RenewalMaintenance,Renewal Maintenance
01tWC00000DD1m1YAD,ES-SIG-RRM-SSSICR,Structural Sanitization For SECURE ICAP Gateway Per Instance-RenewalMaintenance,Renewal Maintenance
01tWC00000DD1P1YAL,GOA-GAM-RRM-GAUARM,GoAnywhere Ultimate AS2-RenewalMaintenance,Renewal Maintenance
01tWC00000DD1c6YAD,CS-PPS-RNM-PPSHII,Powertech Password Self Help for IBM i-NewMaintenance,New Maintenance
01tWC00000DD1ZgYAL,SM-RSP-RRM-ROSPAC,Robot Space-RenewalMaintenance,Renewal Maintenance
01tWC00000DD1YlYAL,SM-ROC-RRM-ROBOTC,Robot Console-RenewalMaintenance,Renewal Maintenance
01tWC00000DD1BRYA1,FIM-FIM-RNM-DPEENM,Device Profiler Ev Express-NewMaintenance,New Maintenance
01tWC00000DD1sJYAT,SM-VMC-RNM-VMSQ,VMC - SQL Server Operations Agent-NewMaintenance,New Maintenance
01tWC00000DD1QCYA1,DM-IFO-RNM-IFORNE,iForms-NewMaintenance,New Maintenance
01tWC00000DD1XbYAL,NW-IRA-RNM-RAINM,RemoteAccess - Individual-NewMaintenance,New Maintenance
01tWC00000DD1jvYAD,BI-SL-RNM-SEFY,SEQUEL FYI-NewMaintenance,New Maintenance
01tWC00000DD1f1YAD,ES-SIG-RRM-SEIGAE,SECURE ICAP Gateway Essential Security Package Per Instance-RenewalMaintenance,Renewal Maintenance
01tWC00000DD1xuYAD,DM-DML-RNM-WSPNM,WinSpool Postscript-NewMaintenance,New Maintenance
01tWC00000DCzhfYAD,BI-SQ-RNM-SSBSNM,SEQUEL SMB Bundle - Secondary-NewMaintenance,New Maintenance
01tWC00000DD21GYAT,FIM-TLC-RNM-TLCDENM,Tripwire Log Center for Desktops - EVAL-NewMaintenance,New Maintenance
01tWC00000DD1REYA1,SM-MP-RRM-MPRM,MessengerPlus-RenewalMaintenance,Renewal Maintenance
01tWC00000DD19uYAD,SM-VMC-RRM-DMIM,Data Monitor for iSeries Base (Changes)-RenewalMaintenance,Renewal Maintenance
01tWC00000DD1OBYA1,GOA-GAM-RRM-GAPARM,GoAnywhere Premium AS2-RenewalMaintenance,Renewal Maintenance
01tWC00000DCyy3YAD,SM-VMC-RRM-VMMO,VMC Monitoring Engine-RenewalMaintenance,Renewal Maintenance
01tWC00000DD1dKYAT,DM-RPG-RNM-RPGTNE,RPG Toolbox-NewMaintenance,New Maintenance
01tWC00000DD1UkYAL,SM-PN-RRM-PNRM,Performance Navigator-RenewalMaintenance,Renewal Maintenance
01tWC00000DD1krYAD,BI-QRW-RRM-SREPRM,Sequel Repository-RenewalMaintenance,Renewal Maintenance
01tWC00000DD1YxYAL,SM-ROM-RRM-RMARM,Robot Monitor - AIX-RenewalMaintenance,Renewal Maintenance
01tWC00000DD1OsYAL,GOA-GAM-RRM-GASBRM,GoAnywhere Starter Bundle-RenewalMaintenance,Renewal Maintenance
01tWC00000DD1R2YAL,SM-SYM-RRM-MERM,Message Communicator-RenewalMaintenance,Renewal Maintenance
01tWC00000DD21tYAD,GOA-GAM-RRM-GCSBWGRM,GoAnywhere Core Server Bundle with Gateway-RenewalMaintenance,Renewal Maintenance
01tWC00000DD1TVYA1,ES-SWG-RNM-OCRFS,OCR Feature For SECURE Web Gateway-NewMaintenance,New Maintenance
01tWC00000DD1qhYAD,CM-VIM-RRM-VMRM,Vityl Monitor-RenewalMaintenance,Renewal Maintenance
01tWC00000DD20uYAD,SM-ROB-RRM-RBCARM,Robot Bundle - Console & Alert-RenewalMaintenance,Renewal Maintenance
01tWC00000DD1hdYAD,FIM-FIM-RRM-TEEESF,Tripwire Enterprise Extra Extended Support Fee-RenewalMaintenance,Renewal Maintenance
01tWC00000DD1KdYAL,DP-DC-RRM-FMIORM,Fortra Mail for iOS-RenewalMaintenance,Renewal Maintenance
01tWC00000DCxl3YAD,CM-TQO-RRM-TQACSR,TeamQuest Analyzer & CMIS for Systems-RenewalMaintenance,Renewal Maintenance
01tWC00000DD1alYAD,CS-PAB-RNM-PABIIN,Powertech Authority Broker for IBM i-NewMaintenance,New Maintenance
01tWC00000DD1C8YAL,SM-DSM-RRM-DSMREN,Disk Space Manager-RenewalMaintenance,Renewal Maintenance
01tWC00000DD1rPYAT,SM-VMC-RNM-VMISS,VMC - iSeries Security Agent-NewMaintenance,New Maintenance
01tWC00000DD1IuYAL,GOA-FIL-RNM-FCCCNM,FileCatalyst Concurrent Connections-NewMaintenance,New Maintenance
01tWC00000DD1hgYAD,FIM-FIM-RRM-TEDRM,Tripwire Enterprise for Databases-RenewalMaintenance,Renewal Maintenance
01tWC00000DD1fDYAT,ES-SWG-RRM-SEWE,SECURE Web Gateway-RenewalMaintenance,Renewal Maintenance
01tWC00000DD1ZPYA1,SM-RSE-RRM-RSERM,Robot Schedule Enterprise-RenewalMaintenance,Renewal Maintenance
01tWC00000DCyyZYAT,BI-WM-RRM-WAREMR,Warehouse Manager-RenewalMaintenance,Renewal Maintenance
01tWC00000DD1DeYAL,DP-DCL-RRM-DRAFRE,Draft & Release-RenewalMaintenance,Renewal Maintenance
01tWC00000DD1ZJYA1,SM-RSC-RNM-ROSC,Robot Schedule-NewMaintenance,New Maintenance
01tWC00000DD1aAYAT,FIM-FIM-RNM-PMVENM,Policy Manager for VMware ESX-NewMaintenance,New Maintenance
01tWC00000DD1ZlYAL,SM-ROT-RRM-RTRM,Robot Transform-RenewalMaintenance,Renewal Maintenance
01tWC00000DD1UUYA1,SM-PKP-RRM-PEEKRE,PeekPlus-RenewalMaintenance,Renewal Maintenance
01tWC00000DD1ZJYA1,SM-RSC-RNM-ROSC,Robot Schedule-NewMaintenance,New Maintenance
01tWC00000DD18pYAD,OS-CI-RNM-COIM,Core Impact-NewMaintenance,New Maintenance
01tWC00000DD17JYAT,DP-DC-RRM-CMARM,Classifier for McAfee-RenewalMaintenance,Renewal Maintenance
01tWC00000DD12gYAD,SM-VIT-RRM-ACRM,Alignia - Core-RenewalMaintenance,Renewal Maintenance
01tWC00000DD1m1YAD,ES-SIG-RRM-SSSICR,Structural Sanitization For SECURE ICAP Gateway Per Instance-RenewalMaintenance,Renewal Maintenance
01tWC00000DD22oYAD,GS-GSE-RRM-SECFRM,Secure Forms-RenewalMaintenance,Renewal Maintenance
01tWC00000DD22nYAD,GS-GSE-RRM-SCHEDRM,Scheduler-RenewalMaintenance,Renewal Maintenance
01tWC00000DD1ZHYA1,SM-ROS-RRM-RSRM,Robot Save-RenewalMaintenance,Renewal Maintenance
01tWC00000DD1PNYA1,SM-SYM-RRM-GSMTCR,GSM TC65 Terminal Ph-RenewalMaintenance,Renewal Maintenance
01tWC00000DD1ZUYA1,SM-RSI-RNM-RSEOIN,Robot Schedule EnterpriseOne Interface-NewMaintenance,New Maintenance
01tWC00000DD1fNYAT,ES-SWG-RNM-SEWEBG,SECURE Web Gateway Essential Security Package-NewMaintenance,New Maintenance
01tWC00000DD1hwYAD,FIM-FIM-RNM-TEFSNM,Tripwire Enterprise for File Systems-NewMaintenance,New Maintenance
01tWC00000DD1HRYA1,SM-EC-RRM-ECRM,Enterprise Console-RenewalMaintenance,Renewal Maintenance
01tWC00000DD1efYAD,ES-SIG-RNM-SIGM,SECURE ICAP Gateway-NewMaintenance,New Maintenance
01tWC00000DD1uUYAT,CM-TQU-RNM-UTEQMS,Unisys - TeamQuest MSManager OS2200-OTC-NewMaintenance,New Maintenance
01tWC00000DD1cOYAT,CS-PSA-RRM-PSARM,Powertech Security Auditor-RenewalMaintenance,Renewal Maintenance
01tWC00000DCwWlYAL,DM-IBM-RNM-ISOINM,iSeries Office Integrator-NewMaintenance,New Maintenance
01tWC00000DD1qQYAT,CM-VCM-RNM-VCMNM,Vityl Capacity Management-NewMaintenance,New Maintenance
01tWC00000DD1wpYAD,DM-WFM-RRM-WFMRM,Webdocs Forms Management-RenewalMaintenance,Renewal Maintenance
01tWC00000DD19LYAT,DM-DML-RNM-CUSTNE,Custom Bundle-NewMaintenance,New Maintenance
01tWC00000DD1y2YAD,DM-DML-RRM-WSWRSR,WinSpool Web Report Server-RenewalMaintenance,Renewal Maintenance
01tWC00000DD1g6YAD,CS-PSS-RNM-SSINM,Security Scan - i-NewMaintenance,New Maintenance
01tWC00000DD09yYAD,SM-RON-RNM-NNNM,NETWORK-Node-NewMaintenance,New Maintenance
01tWC00000DD1bcYAD,CS-PEI-RNM-PEIIBE,Powertech Encryption for IBM i (Backup Encryption Module)-NewMaintenance,New Maintenance
01tWC00000DD1rjYAD,SM-VMC-RNM-VMCL,VMC - Linux Operations Agent-NewMaintenance,New Maintenance
01tWC00000DD1qYYAT,CM-VCM-RNM-VCMLFN,Vityl Capacity Management License Fee-NewMaintenance,New Maintenance
01tWC00000DD1R4YAL,SM-SYM-RNM-MMNM,Message Manager-NewMaintenance,New Maintenance
01tWC00000DD1ATYA1,BI-SDW-RNM-DSVBNM,Data Set View Builder-NewMaintenance,New Maintenance
01tWC00000DD23GYAT,CM-VCM-RRM-VSPRM,VCM Starter Pack-RenewalMaintenance,Renewal Maintenance
01tWC00000DD1HdYAL,DM-EW-RNM-EWLLNM,Enterprise Workflow Lite - Legacy-NewMaintenance,New Maintenance
01tWC00000DD1aZYAT,CS-PTA-RRM-PAXLRM,Powertech Antivirus - x86 Linux-RenewalMaintenance,Renewal Maintenance
01tWC00000DD15MYAT,SM-SMB-RNM-BUNDLE,"BUNDLE - Message, Monitor, Remote Control-NewMaintenance",New Maintenance
01tWC00000DD1XuYAL,NW-INT-RRM-RASFRM,RemoteAccess Server Fee-RenewalMaintenance,Renewal Maintenance
01tWC00000DD1bGYAT,CS-PDM-RNM-PDMM,Powertech Database Monitor for IBM i - PMRT-NewMaintenance,New Maintenance
01tWC00000DCzhVYAT,BI-ISA-RNM-IACNM,Insite Analytics - Core-NewMaintenance,New Maintenance
01tWC00000DD1eJYAT,ES-SEG-RRM-SECEMG,SECURE Email Gateway Essential Security Package-RenewalMaintenance,Renewal Maintenance
01tWC00000DD09bYAD,DM-DML-RNM-NTTCCN,Native Text to CSV Converter-NewMaintenance,New Maintenance
01tWC00000DD1CnYAL,DM-WCU-RNM-DACSLN,DocAlpha Concurrent Seat License-NewMaintenance,New Maintenance
01tWC00000DD09PYAT,DM-DML-RNM-NCNM,Native Converters-NewMaintenance,New Maintenance
01tWC00000DCwWUYA1,FIM-FIM-RNM-IP36NE,IP360-NewMaintenance,New Maintenance
01tWC00000DD1cTYAT,CS-PSI-RNM-PSAIIN,Powertech SIEM Agent for IBM i-NewMaintenance,New Maintenance
01tWC00000DD11OYAT,CM-TQO-RRM-AMEERM,ActiveMetrics Enterprise Edition-RenewalMaintenance,Renewal Maintenance
01tWC00000DD1cVYAT,CS-PSI-RRM-PSAIIR,Powertech SIEM Agent for IBM i-RenewalMaintenance,Renewal Maintenance
01tWC00000DD1YtYAL,SM-RHA-RRM-RHRM,Robot HA-RenewalMaintenance,Renewal Maintenance
01tWC00000DD1s5YAD,SM-VMC-RRM-VMOR,VMC - Oracle Security Agent-RenewalMaintenance,Renewal Maintenance
01tWC00000DD1DRYA1,DM-IRM-RNM-DRSNEW,Domino Report Server-NewMaintenance,New Maintenance
01tWC00000DD19aYAD,BI-SDW-RRM-DARM,Data Acquisition-RenewalMaintenance,Renewal Maintenance
01tWC00000DD1UOYA1,DM-PCR-RNM-PDFSNM,PDF Splitter-NewMaintenance,New Maintenance
01tWC00000DD1GkYAL,DM-EU-RRM-ERSRM,Email Report Server-RenewalMaintenance,Renewal Maintenance
01tWC00000DD1MpYAL,GOA-GAM-RRM-GACBRM,GoAnywhere Collaboration Bundle-RenewalMaintenance,Renewal Maintenance
01tWC00000DD1b2YAD,CS-PCM-RNM-PCMEII,Powertech Compliance Monitor Endpoint for IBM i-NewMaintenance,New Maintenance
01tWC00000DCwVVYA1,DM-IBM-RNM-IFSTNE,IFS Tools-NewMaintenance,New Maintenance
01tWC00000DD1x3YAD,DM-DML-RRM-WDTCRM,WebDocs Tray Capture-RenewalMaintenance,Renewal Maintenance
01tWC00000DD1JrYAL,DP-DCL-RNM-FORMNM,Forms-NewMaintenance,New Maintenance
01tWC00000DD1sBYAT,SM-VMC-RNM-VPUM,VMC - Portal Users-NewMaintenance,New Maintenance
01tWC00000DD22FYAT,FIM-FML-RNM-VMENM,VnE Manager - EVAL-NewMaintenance,New Maintenance
01tWC00000DD12MYAT,SM-VIT-RRM-ABCRM,Alignia - Business Consumers-RenewalMaintenance,Renewal Maintenance
01tWC00000DD1BZYA1,FIM-FIM-RNM-DPENTU,Device Profiler Ev Non-Transferable Unlimited Use-NewMaintenance,New Maintenance
01tWC00000DD1AtYAL,DP-DC-RRM-DCSPRM,DCS Plus-RenewalMaintenance,Renewal Maintenance
01tWC00000DD21MYAT,GS-GSE-RRM-DG3SSRM,DMZ Gateway 3 - Single Site-RenewalMaintenance,Renewal Maintenance
01tWC00000DD1XlYAL,NW-INT-RNM-RAPNM,RemoteAccess - Pooled-NewMaintenance,New Maintenance
01tWC00000DD1m4YAD,ES-SWG-RRM-SSSWGR,Structural Sanitization For SECURE Web Gateway-RenewalMaintenance,Renewal Maintenance
01tWC00000DD1U6YAL,BI-SDW-RRM-PLRM,Parallel Loading-RenewalMaintenance,Renewal Maintenance
01tWC00000DD20yYAD,DP-DC-RRM-TCSIICRM,"Titus Classification Suite, Illuminate and Ionic Connector-RenewalMaintenance",Renewal Maintenance
01tWC00000DD1RTYA1,DP-DC-RRM-MOBICR,Mobile Classifier-RenewalMaintenance,Renewal Maintenance
01tWC00000DD14ZYAT,RPA-AUT-RNM-APNM,Automate Plus-NewMaintenance,New Maintenance
01tWC00000DD1JqYAL,DM-DML-RRM-FORMRE,Formdocs License-RenewalMaintenance,Renewal Maintenance
01tWC00000DD150YAD,RPA-AUT-RRM-AUUL,Automate Ultimate-RenewalMaintenance,Renewal Maintenance
01tWC00000DD1LVYA1,DM-DML-RNM-FTP4,FTP/400-NewMaintenance,New Maintenance
01tWC00000DD1HFYA1,BI-SDW-RRM-ENRM,Enhanced ETL-RenewalMaintenance,Renewal Maintenance
01tWC00000DD1DMYA1,ES-SWG-RNM-DSSWGN,Document Sanitization For SECURE Web Gateway-NewMaintenance,New Maintenance
01tWC00000DD1J8YAL,GOA-FIL-RRM-FCDRM,FileCatalyst Direct-RenewalMaintenance,Renewal Maintenance
01tWC00000DD1P1YAL,GOA-GAM-RRM-GAUARM,GoAnywhere Ultimate AS2-RenewalMaintenance,Renewal Maintenance
01tWC00000DD217YAD,FIM-FIM-RRM-TMERM,Tripwire Manager - EVAL-RenewalMaintenance,Renewal Maintenance
01tWC00000DD1cEYAT,CS-PRA-RNM-PRAIIN,Powertech Risk Assessor for IBM i-NewMaintenance,New Maintenance
01tWC00000DD1xnYAD,DM-DML-RRM-WSLM,WinSpool Lotus Notes Report Server-RenewalMaintenance,Renewal Maintenance
01tWC00000DD1PSYA1,SM-HEP-RNM-HEPMNM,Halcyon Exit Point Manager-NewMaintenance,New Maintenance
01tWC00000DD12cYAD,SM-VIT-RRM-ALRM,Alignia - Control Point-RenewalMaintenance,Renewal Maintenance
01tWC00000DD1fHYAT,ES-SWG-RRM-SECWEB,SECURE Web Gateway Advanced Security Package-RenewalMaintenance,Renewal Maintenance
01tWC00000DD1dSYAT,DM-IRC-RNM-RTFRNE,RTF Report Converter-NewMaintenance,New Maintenance
01tWC00000DD17CYAT,DP-DC-RNM-CENM,Classifier Essentials-NewMaintenance,New Maintenance
01tWC00000DD21lYAD,GS-GSE-RRM-ESW10SRM,EFT SMB Web Client WTC 10 Seats-RenewalMaintenance,Renewal Maintenance
01tWC00000DD1vMYAT,CM-TQU-RRM-UNTQUS,Unisys - TeamQuest SAUtilities OS2200 - Unisys OEM-RenewalMaintenance,Renewal Maintenance
01tWC00000DD1ueYAD,CM-TQU-RRM-UNTQOM,Unisys - TeamQuest Online MCP-OTC-RenewalMaintenance,Renewal Maintenance
01tWC00000DD1uFYAT,CM-TQU-RRM-UNISTQ,Unisys - TeamQuest IACULL OS2200-OTC-RenewalMaintenance,Renewal Maintenance
01tWC00000DD16uYAD,CM-TQO-RRM-CLAIRE,Claims Metrics-RenewalMaintenance,Renewal Maintenance
01tWC00000DD1qEYAT,SM-VMC-RNM-VRCM,VISUAL Remote Control-NewMaintenance,New Maintenance
01tWC00000DD1UWYA1,SM-PFA-RNM-PAGNEW,Perf Analyzer GUI-NewMaintenance,New Maintenance
01tWC00000DD1HgYAL,BI-ESN-RNM-ESENNE,Esend-NewMaintenance,New Maintenance
01tWC00000DD1nDYAT,FIM-FIM-RNM-TENDNM,Tripwire Enterprise for Network Devices-NewMaintenance,New Maintenance
01tWC00000DD1OQYA1,GOA-GAM-RNM-GASM,GoAnywhere Secure Forms-NewMaintenance,New Maintenance
01tWC00000DD1ZLYA1,SM-RSC-RRM-ROBOTS,Robot Schedule-RenewalMaintenance,Renewal Maintenance
01tWC00000DD1hHYAT,FIM-FIM-RRM-TAWPUR,Tripwire App - Whitelist Profiler - Utility-RenewalMaintenance,Renewal Maintenance
01tWC00000DD21PYAT,GS-GSE-RRM-EFT7ERM,EFT 7 Enterprise-RenewalMaintenance,Renewal Maintenance
01tWC00000DD1cmYAD,BI-SQ-RRM-PRODRE,Productivity Enablement-RenewalMaintenance,Renewal Maintenance
01tWC00000DD1JCYA1,GOA-FIL-RNM-FCHANM,FileCatalyst Hotfolder for Automation-NewMaintenance,New Maintenance
01tWC00000DD21TYAT,GS-GSE-RRM-E7EURM,EFT 7 Express Upgrade-RenewalMaintenance,Renewal Maintenance
01tWC00000DD1epYAD,ES-SIG-RRM-SEICAP,SECURE ICAP Gateway Advanced Security Package Per User-RenewalMaintenance,Renewal Maintenance
01tWC00000DD229YAD,FIM-FIM-RNM-TIVSSNM,Tripwire Industrial Visibility Small Sensor-NewMaintenance,New Maintenance
01tWC00000DD1e7YAD,ES-SEG-RRM-SEGM,SECURE Email Gateway-RenewalMaintenance,Renewal Maintenance
01tWC00000DD1QwYAL,DP-DC-RRM-MCCM,Message Classification & Classification for Office & Classification for Desktop Bundle-RenewalMaintenance,Renewal Maintenance
01tWC00000DD1vcYAD,CM-TQU-RRM-UNTQUT,Unisys - TeamQuest TipLA OS2200-OTC-RenewalMaintenance,Renewal Maintenance
01tWC00000DD1JLYA1,GOA-FIL-RNM-FCRPNM,FileCatalyst Reverse Proxy-NewMaintenance,New Maintenance
01tWC00000DD1dXYAT,DP-DCL-RNM-SAFENE,SAFEmail Suite-NewMaintenance,New Maintenance
01tWC00000DD1ZDYA1,SM-RRE-RRM-ROBOTR,Robot Reports-RenewalMaintenance,Renewal Maintenance
01tWC00000DD1X1YAL,BI-QRW-RRM-QRWREN,Query & Report Writer-RenewalMaintenance,Renewal Maintenance
01tWC00000DD1laYAD,DM-DML-RNM-SCBNEW,Spreadsheet Conv Bundle-NewMaintenance,New Maintenance
01tWC00000DD1f9YAD,ES-SIG-RRM-SICGAP,SECURE ICAP Gateway Per Instance-RenewalMaintenance,Renewal Maintenance
01tWC00000DD1uSYAT,CM-TQU-RRM-UNTQUM,Unisys - TeamQuest MSAR OS2200-OTC-RenewalMaintenance,Renewal Maintenance
01tWC00000DD18XYAT,IGA-AAS-RNM-CCFRNM,Core Connector Framework (RDK)-NewMaintenance,New Maintenance
01tWC00000DD11fYAD,SM-ARS-RNM-ARSNM,Advanced Reporting Suite-NewMaintenance,New Maintenance
01tWC00000DD1uSYAT,CM-TQU-RRM-UNTQUM,Unisys - TeamQuest MSAR OS2200-OTC-RenewalMaintenance,Renewal Maintenance
01tWC00000DD1uoYAD,CM-TQU-RNM-UTQPOO,Unisys - TeamQuest PAR OS2200-OTC-NewMaintenance,New Maintenance
01tWC00000DD1P9YAL,GOA-GAM-RRM-GAWERM,GoAnywhere Workflows Express-RenewalMaintenance,Renewal Maintenance
01tWC00000DD1sBYAT,SM-VMC-RNM-VPUM,VMC - Portal Users-NewMaintenance,New Maintenance
01tWC00000DD1AcYAL,DM-IBM-RRM-DATARM,DataImport-RenewalMaintenance,Renewal Maintenance
01tWC00000DD1eLYAT,ES-SXG-RNM-SEEX,SECURE Exchange Gateway-NewMaintenance,New Maintenance
01tWC00000DCxkuYAD,FIM-FIM-RNM-TEAIN,TE Academic Institution Site License - Network Device-NewMaintenance,New Maintenance
01tWC00000DD1DKYA1,ES-SIG-RNM-DONM,Document Sanitization For SECURE ICAP Gateway Per Instance-NewMaintenance,New Maintenance
01tWC00000DD19YYAT,BI-SDW-RNM-DANM,Data Acquisition-NewMaintenance,New Maintenance
01tWC00000DD1vcYAD,CM-TQU-RRM-UNTQUT,Unisys - TeamQuest TipLA OS2200-OTC-RenewalMaintenance,Renewal Maintenance
01tWC00000DCxl5YAD,CM-TQO-RNM-TQAPCS,TeamQuest Analyzer & Predictor & CMIS for Systems-NewMaintenance,New Maintenance
01tWC00000DD1k7YAD,BI-SQ-RRM-SESM,SEQUEL SMB Bundle-RenewalMaintenance,Renewal Maintenance
01tWC00000DD1TZYA1,ES-SIG-RNM-OCRS,OCR For SECURE ICAP Gateway Per Instance-NewMaintenance,New Maintenance
01tWC00000DD1RTYA1,DP-DC-RRM-MOBICR,Mobile Classifier-RenewalMaintenance,Renewal Maintenance
01tWC00000DD1w0YAD,SM-VMC-RRM-VCCM,VISUAL Control Center-RenewalMaintenance,Renewal Maintenance
01tWC00000DD1gpYAD,FIM-FIM-RRM-TRIAPT,Tripwire App - TE Integration Framework - Cherwell - Utility-RenewalMaintenance,Renewal Maintenance
01tWC00000DD1NRYA1,GOA-GAM-RNM-GAGM,GoAnywhere Gateway Load Balancer-NewMaintenance,New Maintenance
01tWC00000DD1hBYAT,FIM-FIM-RNM-TATBEU,Tripwire App - Term Based Enterprise Utility License-NewMaintenance,New Maintenance
01tWC00000DD1b0YAD,CS-PCM-RRM-PCMM,Powertech Compliance Monitor Consolidator for IBM i-RenewalMaintenance,Renewal Maintenance
01tWC00000DD1ALYA1,ES-SIG-RNM-DATAR,Data Redaction For SECURE ICAP Gateway Per Instance-NewMaintenance,New Maintenance
01tWC00000DD1aKYAT,DP-DC-RRM-PCAREN,Power Classifier for Admin-RenewalMaintenance,Renewal Maintenance
01tWC00000DD12CYAT,SM-VIT-RNM-ABPNM,Alignia - Batch Process-NewMaintenance,New Maintenance
01tWC00000DD1RGYA1,CM-TQO-RNM-MCPANE,Metrics Catalog - PS-AM-NewMaintenance,New Maintenance
01tWC00000DD17EYAT,DP-DC-RRM-CERM,Classifier Essentials-RenewalMaintenance,Renewal Maintenance
01tWC00000DD15WYAT,DP-DC-RNM-CADCNE,CAD Classifier-NewMaintenance,New Maintenance
01tWC00000DD1duYAD,DM-WCU-RNM-SCANNE,Scan Workstation-NewMaintenance,New Maintenance
01tWC00000DD11vYAD,DM-IRC-RRM-AFPCRE,AFP Converter-RenewalMaintenance,Renewal Maintenance
01tWC00000DD1o3YAD,FIM-FML-RRM-TVCRM,Tripwire VIA Console-RenewalMaintenance,Renewal Maintenance
01tWC00000DD1boYAD,CS-PEP-RNM-PEPMII,Powertech Exit Point Manager for IBM i-NewMaintenance,New Maintenance
01tWC00000DD16mYAD,BI-SDW-RNM-CMNM,Change Management-NewMaintenance,New Maintenance
01tWC00000DD21gYAD,GS-GSE-RRM-ERAM(RM,EFT Remote Agent Module (RAM)-RenewalMaintenance,Renewal Maintenance
01tWC00000DD1NJYA1,GOA-GAM-RNM-GAGNM,GoAnywhere Gateway-NewMaintenance,New Maintenance
01tWC00000DD1ZpYAL,SM-SYM-RRM-ROBTRA,Robot Trapper-RenewalMaintenance,Renewal Maintenance
01tWC00000DD1NZYA1,GOA-GAM-RNM-GAGFSN,GoAnywhere GoFast Server-NewMaintenance,New Maintenance
01tWC00000DD1g0YAD,SM-VMC-RRM-SKMRM,Security Knowledge Module-RenewalMaintenance,Renewal Maintenance
01tWC00000DD131YAD,SM-VIT-RRM-ATRM,Alignia - Task-RenewalMaintenance,Renewal Maintenance
01tWC00000DD1MLYA1,GOA-GAM-RRM-GORM,GoAnywhere AS3 Send/Receive-RenewalMaintenance,Renewal Maintenance
01tWC00000DCxluYAD,DP-DC-RRM-TCOFRM,Titus Classification for Office and Files-RenewalMaintenance,Renewal Maintenance
01tWC00000DD1uaYAD,CM-TQU-RRM-UNTQUO,Unisys - TeamQuest OEM Fixed Fee - Monthly - Mainframe - Unisys OEM-RenewalMaintenance,Renewal Maintenance
01tWC00000DD1QBYA1,SM-HCS-RRM-IFDSRE,IFDS Suite-RenewalMaintenance,Renewal Maintenance
01tWC00000DD1QVYA1,SM-LOC-RNM-LOCSNE,Lvl4: Operations Center Suite-NewMaintenance,New Maintenance
01tWC00000DD22MYAT,FIM-TLC-RRM-TLCSDERM,Tripwire Log Center for Security Devices - EVAL-RenewalMaintenance,Renewal Maintenance
01tWC00000DCxlsYAD,DP-DC-RNM-TCOFNM,Titus Classification for Office and Files-NewMaintenance,New Maintenance
01tWC00000DD1gkYAD,FIM-FIM-RNM-TRIAPP,Tripwire App - TE Integration Framework - ChangeGear - Utility-NewMaintenance,New Maintenance
01tWC00000DD20VYAT,DP-DC-RNM-MCCDBENM,Message Classification & Classification for Office & Classification for Desktop Bundle - Enterprise-NewMaintenance,New Maintenance
01tWC00000DD1uOYAT,CM-TQU-RRM-UTEQUE,Unisys - TeamQuest MS2200 OS2200-OTC-RenewalMaintenance,Renewal Maintenance
01tWC00000DD1P3YAL,GOA-GAM-RNM-GAWBNM,GoAnywhere Workflows Basic-NewMaintenance,New Maintenance
01tWC00000DD1Y6YAL,SM-SYM-RNM-RTMNEW,Restricted Tasks Manager-NewMaintenance,New Maintenance
01tWC00000DD1I8YAL,FIM-FIM-RNM-FIMLSU,File Integrity Manager for Large Stores (up to 75 FIM-FS)-NewMaintenance,New Maintenance
01tWC00000DCzhkYAD,BI-SDW-RRM-SDWSPERM,Sequel Data Warehouse (RODIN) Select License - Platinum Edition-RenewalMaintenance,Renewal Maintenance
01tWC00000DD1teYAD,FIM-FIM-RNM-TCORM,Tripwire Console Orchestrator-RenewalMaintenance,Renewal Maintenance
01tWC00000DD1LXYA1,DM-DML-RRM-F4RM,FTP/400-RenewalMaintenance,Renewal Maintenance
01tWC00000DD1PLYA1,SM-SYM-RNM-GSMTC6,GSM TC65 Terminal Ph-NewMaintenance,New Maintenance
01tWC00000DD1a2YAD,FIM-FIM-RRM-PMPM,Policy Manager for POS End Point Systems-RenewalMaintenance,Renewal Maintenance
01tWC00000DD1vyYAD,SM-VMC-RNM-VISUAL,VISUAL Control Center-NewMaintenance,New Maintenance
01tWC00000DD1PsYAL,DM-IRC-RRM-HTMLRE,HTML Report Converter-RenewalMaintenance,Renewal Maintenance
01tWC00000DD0ATYA1,SM-NSS-RNM-NSSWAM,NSS - Web Application Monitor-NewMaintenance,New Maintenance
01tWC00000DD1wwYAD,DM-WEB-RRM-WDIMRM,WebDocs Invoice Manager-RenewalMaintenance,Renewal Maintenance
01tWC00000DD22kYAD,GS-GSE-RNM-PBNM,Premium Bundle-NewMaintenance,New Maintenance
01tWC00000DD1wyYAD,DM-WEB-RNM-WDLNM,WebDocs Legacy-NewMaintenance,New Maintenance
01tWC00000DD1rrYAD,SM-VMC-RNM-VMCN,VMC - Network Operations Agent-NewMaintenance,New Maintenance
01tWC00000DD22dYAD,GS-GSE-RRM-ESSMRM,EFT SFTP SSH2 Module-RenewalMaintenance,Renewal Maintenance
01tWC00000DD1YRYA1,SM-RAT-RRM-RORM,Robot Autotune-RenewalMaintenance,Renewal Maintenance
01tWC00000DCzhMYAT,GOA-GAM-RRM-GPBCRM,GoAnywhere Premium Bundle - Clustered-RenewalMaintenance,Renewal Maintenance
01tWC00000DD1w2YAD,SM-VMC-RNM-VCJM,VISUAL Control for Jobs-NewMaintenance,New Maintenance
01tWC00000DD0AdYAL,ES-SEG-RRM-OFIM,OCR Feature For Information Governance Server-RenewalMaintenance,Renewal Maintenance
01tWC00000DD1JCYA1,GOA-FIL-RNM-FCHANM,FileCatalyst Hotfolder for Automation-NewMaintenance,New Maintenance
01tWC00000DD224YAD,FIM-FIM-RRM-TEFSERM,Tripwire Enterprise for File Systems - EVAL-RenewalMaintenance,Renewal Maintenance
01tWC00000DD1rTYAT,SM-VMC-RNM-VISSQ,VMC - iSeries SQL Agent-NewMaintenance,New Maintenance
01tWC00000DD1qGYAT,SM-VMC-RRM-VIRE,VISUAL Remote Control-RenewalMaintenance,Renewal Maintenance
01tWC00000DCwVSYA1,DM-IFO-RNM-IFOREF,iForms Electronic Forms and Report Writer - Legacy-NewMaintenance,New Maintenance
01tWC00000DCyyKYAT,FIM-FIM-RNM-VEMELN,VnE Manager Ev Limited-NewMaintenance,New Maintenance
01tWC00000DD1srYAD,SM-VMC-RRM-VMVM,VMC - VMware Operations Agent-RenewalMaintenance,Renewal Maintenance
01tWC00000DD1arYAD,CS-CLP-RRM-PTCARM,PowerTech Central Admin-RenewalMaintenance,Renewal Maintenance
01tWC00000DD156YAD,DM-WCU-RNM-BIUNM,Batch Import Utility-NewMaintenance,New Maintenance
01tWC00000DCyxxYAD,SM-VMC-RNM-VISEP,VMC iSeries Performance Agent-NewMaintenance,New Maintenance
01tWC00000DD1NJYA1,GOA-GAM-RNM-GAGNM,GoAnywhere Gateway-NewMaintenance,New Maintenance
01tWC00000DD1xUYAT,DM-DLN-RNM-WSNM,WinSpool-NewMaintenance,New Maintenance
01tWC00000DD1ucYAD,CM-TQU-RNM-UTQOMO,Unisys - TeamQuest Online MCP-OTC-NewMaintenance,New Maintenance
01tWC00000DD1UnYAL,SM-PN-RRM-PNIIRM,Performance Navigator for IBM i-RenewalMaintenance,Renewal Maintenance
01tWC00000DD1JjYAL,NW-INT-RNM-FLOWNE,Flow Exporters-NewMaintenance,New Maintenance
01tWC00000DD1WnYAL,SM-QMM-RNM-QMESNE,QMessage Monitor-NewMaintenance,New Maintenance
01tWC00000DD1fJYAT,ES-SWG-RNM-SWEB,SECURE Web Gateway Elite Security Package-NewMaintenance,New Maintenance
01tWC00000DD1MRYA1,GOA-GAM-RNM-GABANM,GoAnywhere Basic Agent-NewMaintenance,New Maintenance
01tWC00000DD18HYAT,IGA-AAS-RRM-CARM,Core Access-RenewalMaintenance,Renewal Maintenance
01tWC00000DD212YAD,FIM-FIM-RRM-FERM,FORTRAVM - EVAL-RenewalMaintenance,Renewal Maintenance
01tWC00000DD1c6YAD,CS-PPS-RNM-PPSHII,Powertech Password Self Help for IBM i-NewMaintenance,New Maintenance
01tWC00000DD1mBYAT,DM-SV4-RRM-S4SUPR,Surveyor/400 - Single User Price-RenewalMaintenance,Renewal Maintenance
01tWC00000DD1e5YAD,ES-SEG-RNM-SECURE,SECURE Email Gateway-NewMaintenance,New Maintenance
01tWC00000DD09eYAD,DM-DML-RNM-NTTPCN,Native Text to PDF Converter-NewMaintenance,New Maintenance
01tWC00000DD1u8YAD,CM-TQU-RNM-UTQHMO,Unisys - TeamQuest Harvest MCP-OTC-NewMaintenance,New Maintenance
01tWC00000DD1nzYAD,FIM-FML-RRM-TVFNDRM,Tripwire VIA for Network Devices-RenewalMaintenance,Renewal Maintenance
01tWC00000DD1oWYAT,FIM-TLC-RNM-TLCCNM,Tripwire Log Center Console-NewMaintenance,New Maintenance
01tWC00000DD0ATYA1,SM-NSS-RNM-NSSWAM,NSS - Web Application Monitor-NewMaintenance,New Maintenance
01tWC00000DD1c4YAD,CS-PMF-RRM-PMFM,Powertech Multi-Factor Authentication for IBM i-RenewalMaintenance,Renewal Maintenance
01tWC00000DD14RYAT,RPA-AUT-RRM-AORRM,Automate OEM Royalty-RenewalMaintenance,Renewal Maintenance
01tWC00000DD16LYAT,FIM-FIM-RNM-CCMMSN,CCM Management Server-NewMaintenance,New Maintenance
01tWC00000DD1r9YAD,SM-VMC-RNM-VMCH,VMC - Hub Option-NewMaintenance,New Maintenance
01tWC00000DD1h7YAD,FIM-FIM-RNM-TATEIF,Tripwire App - TE Integration Framework - ServiceNow - Utility-NewMaintenance,New Maintenance
01tWC00000DD18SYAT,IGA-VIS-RRM-CCRM,Core Certify-RenewalMaintenance,Renewal Maintenance
01tWC00000DD1sHYAT,SM-VMC-RRM-VMSL,VMC - SLA Analytics-RenewalMaintenance,Renewal Maintenance
01tWC00000DD1OMYA1,GOA-GAM-RNM-GASFNM,GoAnywhere Secure Folders-NewMaintenance,New Maintenance
01tWC00000DD1kkYAD,DP-DC-RRM-SHARMR,SharePoint MDS-RenewalMaintenance,Renewal Maintenance
01tWC00000DD14iYAD,RPA-AUD-RNM-AUPR,Automate Professional-NewMaintenance,New Maintenance
01tWC00000DD221YAD,FIM-FIM-RRM-CSEERM,CCM - Scan Engine - EVAL-RenewalMaintenance,Renewal Maintenance
01tWC00000DD1BFYA1,BI-DB-RRM-DEPLRE,Deployment Bundle-RenewalMaintenance,Renewal Maintenance
01tWC00000DD1WtYAL,SM-QRC-RRM-QREMRE,QRemote Control-RenewalMaintenance,Renewal Maintenance
01tWC00000DD1bqYAD,CS-PEP-RRM-PEPM,Powertech Exit Point Manager for IBM i-RenewalMaintenance,Renewal Maintenance
01tWC00000DD18sYAD,IGA-AAS-RNM-CPNM,Core Password-NewMaintenance,New Maintenance
01tWC00000DD11PYAT,CM-TQO-RNM-AMEPEN,ActiveMetrics Enterprise Plus Edition-NewMaintenance,New Maintenance
01tWC00000DD1vIYAT,CM-TQU-RRM-UNTQUR,Unisys - TeamQuest RemD-Fragger OS2200-OTC-RenewalMaintenance,Renewal Maintenance
01tWC00000DD1I4YAL,FIM-FIM-RNM-FIMFSN,File Integrity Manager for File Systems-NewMaintenance,New Maintenance
01tWC00000DD22iYAD,GS-GSE-RRM-PGPARM,PGP Actions-RenewalMaintenance,Renewal Maintenance
01tWC00000DD1XBYA1,SM-RAP-RRM-RECORE,Record and Playback-RenewalMaintenance,Renewal Maintenance
01tWC00000DD1BFYA1,BI-DB-RRM-DEPLRE,Deployment Bundle-RenewalMaintenance,Renewal Maintenance
01tWC00000DD1RIYA1,CM-TQO-RRM-MCPARE,Metrics Catalog - PS-AM-RenewalMaintenance,Renewal Maintenance
01tWC00000DD22tYAD,GS-GSE-RNM-SBNM,Starter Bundle-NewMaintenance,New Maintenance
01tWC00000DD1lUYAT,SM-SFM-RRM-SFMRM,Spooled File Manager-RenewalMaintenance,Renewal Maintenance
01tWC00000DCyyXYAT,BI-WM-RNM-WAREMN,Warehouse Manager-NewMaintenance,New Maintenance
01tWC00000DD1jvYAD,BI-SL-RNM-SEFY,SEQUEL FYI-NewMaintenance,New Maintenance
01tWC00000DD1tOYAT,FIM-FML-RRM-TLCVAR,Tripwire Log Center VIA Agent-RenewalMaintenance,Renewal Maintenance
01tWC00000DD1RKYA1,DM-DML-RNM-MOAINE,Microsoft Office Add-Ins-NewMaintenance,New Maintenance
01tWC00000DD1shYAD,SM-VMC-RNM-VMCV,VMC - Visual Message Center Dashboards-NewMaintenance,New Maintenance
01tWC00000DD1bkYAD,CS-PEM-RNM-PEMNM,Powertech Event Manager-NewMaintenance,New Maintenance
01tWC00000DCxldYAD,DP-DLP-RNM-THRENE,Threat Aware-NewMaintenance,New Maintenance
01tWC00000DD1XrYAL,NW-INT-RRM-RAPLRM,RemoteAccess - Pooled (Legacy)-RenewalMaintenance,Renewal Maintenance
01tWC00000DD1QxYAL,DP-DC-RNM-MCCOEB,Message Classification & Classification for Office Enterprise Bundle-NewMaintenance,New Maintenance
01tWC00000DCxl1YAD,CM-TQO-RNM-TQACSN,TeamQuest Analyzer & CMIS for Systems-NewMaintenance,New Maintenance
01tWC00000DD1aXYAT,CS-PTA-RNM-PAXLNM,Powertech Antivirus - x86 Linux-NewMaintenance,New Maintenance
01tWC00000DD1lAYAT,DM-EU-RNM-SMTPNE,SMTP/400 Email Send API-NewMaintenance,New Maintenance
01tWC00000DD21EYAT,FIM-TLC-RNM-TLCENM,Tripwire Log Center - EVAL-NewMaintenance,New Maintenance
01tWC00000DD1ZnYAL,SM-SYM-RNM-ROTR,Robot Trapper-NewMaintenance,New Maintenance
01tWC00000DD1aLYAT,CS-DFT-RNM-PUPNEW,Powerful User Passport-NewMaintenance,New Maintenance
01tWC00000DD15YYAT,DP-DC-RRM-CADCRE,CAD Classifier-RenewalMaintenance,Renewal Maintenance
01tWC00000DD1RPYA1,SM-HCS-RRM-MIZURE,Mizuno Suite-RenewalMaintenance,Renewal Maintenance
01tWC00000DD236YAD,SM-PN-RRM-VCPPRM,VISUAL Control Performance Planner-RenewalMaintenance,Renewal Maintenance
01tWC00000DD15hYAD,SM-PN-RRM-CPWPNR,Capacity Planning with Performance Navigator-RenewalMaintenance,Renewal Maintenance
01tWC00000DD1ucYAD,CM-TQU-RNM-UTQOMO,Unisys - TeamQuest Online MCP-OTC-NewMaintenance,New Maintenance
01tWC00000DD1XkYAL,NW-INT-RRM-RAPFRM,RemoteAccess - Pooled - Freeware-RenewalMaintenance,Renewal Maintenance
01tWC00000DD1fTYAT,IGA-AAS-RRM-SECURM,SecureReset-RenewalMaintenance,Renewal Maintenance
01tWC00000DD1txYAD,CM-TQU-RRM-UTQM,Unisys - TeamQuest Baseline OS2200-OTC-RenewalMaintenance,Renewal Maintenance
01tWC00000DD1AJYA1,ES-SIG-RRM-DRSIGR,Data Redaction For SECURE ICAP Gateway-RenewalMaintenance,Renewal Maintenance
01tWC00000DD1aTYAT,CS-PTA-RNM-PASNM,Powertech Antivirus - Solaris-NewMaintenance,New Maintenance
01tWC00000DD1BXYA1,FIM-FIM-RRM-DPELRM,Device Profiler Ev Limited-RenewalMaintenance,Renewal Maintenance
01tWC00000DD1sNYAT,SM-VMC-RNM-VSQL,VMC - SQL Server Security Agent-NewMaintenance,New Maintenance
01tWC00000DD1AFYA1,ES-SXG-RRM-DARE,Data Redaction For SECURE Exchange Gateway-RenewalMaintenance,Renewal Maintenance
01tWC00000DD1h3YAD,FIM-FIM-RRM-TAPTIN,Tripwire App - TE Integration Framework - Remedy - Utility-RenewalMaintenance,Renewal Maintenance
01tWC00000DD1RpYAL,DM-DML-RNM-NATPRN,Native AFP to PDF Report-NewMaintenance,New Maintenance
01tWC00000DD1QTYA1,SM-LAA-RRM-LAASRE,Lvl3: Advanced Automation Suite-RenewalMaintenance,Renewal Maintenance
01tWC00000DD1kxYAD,DM-SH-RNM-SIGNNE,SignHere-NewMaintenance,New Maintenance
01tWC00000DD13DYAT,BI-AD-RRM-ANYDRE,AnyDate-RenewalMaintenance,Renewal Maintenance
01tWC00000DD1qdYAD,SM-VIT-RRM-VIBMRM,Vityl IT & Business Monitoring-RenewalMaintenance,Renewal Maintenance
01tWC00000DCxkxYAD,FIM-FIM-RNM-TEAINS,TE Academic Institution Site License - VMWare ESX-NewMaintenance,New Maintenance
01tWC00000DD1dOYAT,DM-IBM-RNM-RPG2NE,RPG2SQL Integrator-NewMaintenance,New Maintenance
01tWC00000DD1r1YAD,SM-VMC-RNM-VMDE,VMC - Debugging Agent (Powered by VDW)-NewMaintenance,New Maintenance
01tWC00000DD1RCYA1,SM-MP-RNM-MPNM,MessengerPlus-NewMaintenance,New Maintenance
01tWC00000DCwVnYAL,ES-SEG-RRM-IGSRRM,Information Governance Server (Registrars)-RenewalMaintenance,Renewal Maintenance
01tWC00000DD234YAD,BI-SDW-RRM-SDWBSERM,SEQUEL Data Warehouse Bundle - Silver Edition-RenewalMaintenance,Renewal Maintenance
01tWC00000DD1QJYA1,SM-LMM-RNM-LMMSNE,Lvl1: Message Management Suite-NewMaintenance,New Maintenance
01tWC00000DD1xcYAD,DM-DML-RNM-WSERSN,WinSpool Email Report Server-NewMaintenance,New Maintenance
01tWC00000DD0A2YAL,IGA-AAS-RNM-NSCCNE,Non-Standard Core Connectors-NewMaintenance,New Maintenance
01tWC00000DD1A2YAL,SM-VMC-RRM-DMISRR,Data Monitor for iSeries Reads-RenewalMaintenance,Renewal Maintenance
01tWC00000DD22zYAD,BI-SDW-RNM-SDWBBENM,SEQUEL Data Warehouse Bundle - Bronze Edition-NewMaintenance,New Maintenance
01tWC00000DD21eYAD,GS-GSE-RRM-EFMMFRM,EFT Folder Monitor Module FMM-RenewalMaintenance,Renewal Maintenance
01tWC00000DD1KaYAL,DP-DC-RRM-FDDARR,Fortra DCS for Data at Rest-RenewalMaintenance,Renewal Maintenance
01tWC00000DCwWcYAL,ES-SEG-RNM-IPIPNE,iPhone/iPad PMM Feature For SECURE Email Gateway-NewMaintenance,New Maintenance
01tWC00000DD1KMYA1,DP-DC-RRM-FDEPRM,Fortra DCS Essential Package-RenewalMaintenance,Renewal Maintenance
01tWC00000DD1WtYAL,SM-QRC-RRM-QREMRE,QRemote Control-RenewalMaintenance,Renewal Maintenance
01tWC00000DD1LaYAL,DM-DML-RRM-FTRM,FTP/400 Remote Comma-RenewalMaintenance,Renewal Maintenance
01tWC00000DD1KaYAL,DP-DC-RRM-FDDARR,Fortra DCS for Data at Rest-RenewalMaintenance,Renewal Maintenance
01tWC00000DD1umYAD,CM-TQU-RRM-UTQOOS,Unisys - TeamQuest OSAM OS2200-OTC-RenewalMaintenance,Renewal Maintenance
01tWC00000DD22PYAT,GS-GSE-RRM-AWERM,Advanced Workflow Engine-RenewalMaintenance,Renewal Maintenance
01tWC00000DD1bcYAD,CS-PEI-RNM-PEIIBE,Powertech Encryption for IBM i (Backup Encryption Module)-NewMaintenance,New Maintenance
01tWC00000DD1wnYAD,DM-WFM-RNM-WFMNM,Webdocs Forms Management-NewMaintenance,New Maintenance
01tWC00000DD09sYAD,SM-RON-RRM-NAHRM,NETWORK-Alternative Host-RenewalMaintenance,Renewal Maintenance
01tWC00000DD1n7YAD,FIM-FIM-RNM-TEMSSW,"Tripwire Enterprise for Mid-Size Stores w/ ND & DB (up to 20 FS, 20 ND & 1 DB)-NewMaintenance",New Maintenance
01tWC00000DD10WYAT,DP-DLP-RRM-DGSRM,Digital Guardian Software-RenewalMaintenance,Renewal Maintenance
01tWC00000DD21QYAT,GS-GSE-RNM-EFT7EXNM,EFT 7 Express-NewMaintenance,New Maintenance
01tWC00000DD20dYAD,FIM-FIM-RRM-TECMBERM,Tripwire Enterprise Console - MySQL Backend - EVAL-RenewalMaintenance,Renewal Maintenance
01tWC00000DCyxvYAD,SM-VMC-RRM-VMCWIS,VMC - Windows Security Agent-RenewalMaintenance,Renewal Maintenance
01tWC00000DCxm8YAD,FIM-FIM-RRM-TLCR,TLC Reinstatement Fee-RenewalMaintenance,Renewal Maintenance
01tWC00000DD1QXYA1,SM-LOC-RRM-LOCSRE,Lvl4: Operations Center Suite-RenewalMaintenance,Renewal Maintenance
01tWC00000DCwWwYAL,SM-NSS-RNM-LOPNEW,Linux on Power-NewMaintenance,New Maintenance
01tWC00000DD1HTYA1,DM-IRM-RNM-ENFA,Enterprise Fax-NewMaintenance,New Maintenance
01tWC00000DD1MZYA1,GOA-GAM-RNM-GACCPN,GoAnywhere Cloud Connector Premium-NewMaintenance,New Maintenance
01tWC00000DD0AVYA1,SM-NSS-RRM-NSSWEA,NSS - Web Application Monitor-RenewalMaintenance,Renewal Maintenance
01tWC00000DD1bqYAD,CS-PEP-RRM-PEPM,Powertech Exit Point Manager for IBM i-RenewalMaintenance,Renewal Maintenance
01tWC00000DD1NNYA1,GOA-GAM-RNM-GAGLBN,GoAnywhere Gateway and Load Balancer-NewMaintenance,New Maintenance
01tWC00000DD21FYAT,FIM-TLC-RRM-TLCDERM,Tripwire Log Center for Desktops - EVAL-RenewalMaintenance,Renewal Maintenance
01tWC00000DD1xkYAD,DM-DML-RRM-WSHRCR,WinSpool HTML Report Converter-RenewalMaintenance,Renewal Maintenance
01tWC00000DD1OfYAL,GOA-GAM-RRM-GASLRM,GoAnywhere Services (legacy)-RenewalMaintenance,Renewal Maintenance
01tWC00000DCzhXYAT,BI-ISA-RNM-IAPRMNM,Insite Analytics - Premium-NewMaintenance,New Maintenance
01tWC00000DD22yYAD,BI-SDW-RRM-SDWBBERM,SEQUEL Data Warehouse Bundle - Bronze Edition-RenewalMaintenance,Renewal Maintenance
01tWC00000DD1m4YAD,ES-SWG-RRM-SSSWGR,Structural Sanitization For SECURE Web Gateway-RenewalMaintenance,Renewal Maintenance
01tWC00000DD1ANYA1,ES-SIG-RRM-DATARE,Data Redaction For SECURE ICAP Gateway Per Instance-RenewalMaintenance,Renewal Maintenance
01tWC00000DD22kYAD,GS-GSE-RNM-PBNM,Premium Bundle-NewMaintenance,New Maintenance
01tWC00000DD1Q9YAL,SM-HCS-RNM-IFDSNE,IFDS Suite-NewMaintenance,New Maintenance
01tWC00000DD1f3YAD,ES-SIG-RNM-SICGES,SECURE ICAP Gateway Essential Security Package Per User-NewMaintenance,New Maintenance
01tWC00000DD1jZYAT,BI-SDW-RRM-SDWRM,Sequel Data Warehouse-RenewalMaintenance,Renewal Maintenance
01tWC00000DD1HoYAL,DP-DCL-RRM-EXCHFA,Exchange Capability Checker-RenewalMaintenance,Renewal Maintenance
01tWC00000DD1bKYAT,CS-PDM-RNM-PDMIIR,Powertech Database Monitor for IBM i - Rapid Validation-NewMaintenance,New Maintenance
01tWC00000DD1kEYAT,BI-SQ-RNM-SEQUSB,SEQUEL SMB Bundle Included Users-NewMaintenance,New Maintenance
01tWC00000DCwVpYAL,BI-ISA-RNM-INSINE,Insite Analytics-NewMaintenance,New Maintenance
01tWC00000DD1Y1YAL,DM-IBM-RRM-REPOSR,Report Splitter-RenewalMaintenance,Renewal Maintenance
01tWC00000DD1GaYAL,DM-DML-RRM-EFSLRM,Email File Server - Legacy-RenewalMaintenance,Renewal Maintenance
01tWC00000DD1kAYAT,BI-SQ-RNM-SEQUSM,SEQUEL SMB Bundle Additional User-NewMaintenance,New Maintenance
01tWC00000DCzhgYAD,BI-SDW-RRM-SDWSBERM,Sequel Data Warehouse (RODIN) Select License - Bronze Edition-RenewalMaintenance,Renewal Maintenance
01tWC00000DCwW6YAL,DM-WFM-RRM-INTERE,Integration Toolkit-RenewalMaintenance,Renewal Maintenance
01tWC00000DCwVUYA1,DM-IFO-RRM-IFORFA,iForms Electronic Forms and Report Writer - Legacy-RenewalMaintenance,Renewal Maintenance
01tWC00000DD09RYAT,DM-DML-RRM-NCRM,Native Converters-RenewalMaintenance,Renewal Maintenance
01tWC00000DD1adYAD,CS-PTA-RRM-PAIIDR,Powertech Antivirus for IBM i - Domino-RenewalMaintenance,Renewal Maintenance
01tWC00000DD210YAD,FIM-FIM-RRM-CCMEVRM,CCM - EVAL-RenewalMaintenance,Renewal Maintenance
01tWC00000DD1eFYAT,ES-SEG-RRM-SECEMA,SECURE Email Gateway Elite Security Package-RenewalMaintenance,Renewal Maintenance
01tWC00000DD1bGYAT,CS-PDM-RNM-PDMM,Powertech Database Monitor for IBM i - PMRT-NewMaintenance,New Maintenance
01tWC00000DD1uyYAD,CM-TQU-RRM-UTQORM,Unisys - TeamQuest PMLog OS2200-OTC-RenewalMaintenance,Renewal Maintenance
01tWC00000DD1sVYAT,SM-VMC-RNM-VMUN,VMC - Universal Transaction Agent - Additional Script Runners-NewMaintenance,New Maintenance
01tWC00000DCxljYAD,DP-DC-RRM-TRM,Titus-RenewalMaintenance,Renewal Maintenance
01tWC00000DD1bYYAT,CS-PEI-RNM-PEIIAI,Powertech Encryption for IBM i (Auto IFS Encryption Module)-NewMaintenance,New Maintenance
01tWC00000DD239YAD,SM-ROB-RNM-RBCANNM,"Robot Bundle - Console, Alert, Network-NewMaintenance",New Maintenance
01tWC00000DD1BDYA1,BI-DB-RNM-DEPLNE,Deployment Bundle-NewMaintenance,New Maintenance
01tWC00000DD1IyYAL,GOA-FIL-RNM-FCCCAN,FileCatalyst Concurrent Connections Additional-NewMaintenance,New Maintenance
01tWC00000DCxm6YAD,DP-DC-RRM-TMCRM,Titus Message Classification-RenewalMaintenance,Renewal Maintenance
01tWC00000DD19kYAD,DM-EU-RRM-DE4LRM,Data Export/400 - Legacy-RenewalMaintenance,Renewal Maintenance
01tWC00000DD1OoYAL,GOA-GAM-RNM-GASBNM,GoAnywhere Starter Bundle-NewMaintenance,New Maintenance
01tWC00000DD19oYAD,SM-VMC-RNM-DMISBN,Data Monitor for iSeries Base-NewMaintenance,New Maintenance
01tWC00000DD23FYAT,SM-VMC-RNM-VOANM,VMC - Operations Agent-NewMaintenance,New Maintenance
01tWC00000DD1JJYA1,GOA-FIL-RRM-FCLBRM,FileCatalyst Load Balancer-RenewalMaintenance,Renewal Maintenance
01tWC00000DD1ByYAL,ES-SEG-RNM-DRMEGP,Digital Rights Management for Email Gateway (Powered by Seclore)-NewMaintenance,New Maintenance
01tWC00000DCxllYAD,DP-DC-RNM-TCESNM,Titus Classification Enterprise Suite-NewMaintenance,New Maintenance
01tWC00000DCwWpYAL,DM-DML-RNM-ISPTNM,iSeries PDF and TIFF-NewMaintenance,New Maintenance
01tWC00000DD1b8YAD,CS-PCM-RRM-PCMIIR,Powertech Compliance Monitor for IBM i-RenewalMaintenance,Renewal Maintenance
01tWC00000DD1knYAD,BI-CRO-RRM-SCRRM,Showcase Client Reporting-RenewalMaintenance,Renewal Maintenance
01tWC00000DD0AHYA1,SM-NSS-RNM-NSSLNM,NSS - Linux-NewMaintenance,New Maintenance
01tWC00000DD1ChYAL,DM-WCU-RNM-DAACHF,DocAlpha Advanced Capture - Header Footer-NewMaintenance,New Maintenance
01tWC00000DD1qvYAD,SM-VMC-RRM-VMCCI,VMC - Cisco PIX/ASA Security Agent-RenewalMaintenance,Renewal Maintenance
01tWC00000DD1aKYAT,DP-DC-RRM-PCAREN,Power Classifier for Admin-RenewalMaintenance,Renewal Maintenance
01tWC00000DD1ZdYAL,SM-SYM-RRM-ROSERV,Robot Services-RenewalMaintenance,Renewal Maintenance
01tWC00000DD13QYAT,IGA-AAS-RNM-ACISNE,Aspect Communications IVR Software-NewMaintenance,New Maintenance
01tWC00000DD0ARYA1,SM-NSS-RRM-NSSVRM,NSS - VIOS-RenewalMaintenance,Renewal Maintenance
01tWC00000DD219YAD,FIM-FML-RRM-TSSLRM,Tripwire for Server-SUL-Lic-RenewalMaintenance,Renewal Maintenance
01tWC00000DD12YYAT,SM-VIT-RRM-ACPRM,Alignia - Continuous Process-RenewalMaintenance,Renewal Maintenance
01tWC00000DD1MJYA1,GOA-GAM-RNM-GONM,GoAnywhere AS3 Send/Receive-NewMaintenance,New Maintenance
01tWC00000DD1bAYAT,CS-CLP-RNM-PCSNM,Powertech Compliance Suite-NewMaintenance,New Maintenance
01tWC00000DD1r7YAD,SM-VMC-RRM-VESM,VMC - Exchange Server Operations Agent-RenewalMaintenance,Renewal Maintenance
01tWC00000DD1PFYA1,BI-SQ-RNM-GREENE,Green Screen-NewMaintenance,New Maintenance
01tWC00000DCyy4YAD,SM-VMC-RNM-VMCMO,VMC Monitoring Engine - Security-NewMaintenance,New Maintenance
01tWC00000DD21yYAD,GOA-GAM-RNM-GPSBWGNM,GoAnywhere PeSIT Starter Bundle with Gateway-NewMaintenance,New Maintenance
01tWC00000DD1qzYAD,SM-VMC-RRM-VDAM,VMC - Debugging Agent-RenewalMaintenance,Renewal Maintenance
01tWC00000DD09sYAD,SM-RON-RRM-NAHRM,NETWORK-Alternative Host-RenewalMaintenance,Renewal Maintenance
01tWC00000DD1WrYAL,SM-QRC-RNM-QREMNE,QRemote Control-NewMaintenance,New Maintenance
01tWC00000DD20mYAD,FIM-FIM-RRM-TENDERM,Tripwire Enterprise for Network Devices - EVAL-RenewalMaintenance,Renewal Maintenance
01tWC00000DD1IjYAL,GOA-FIL-RNM-FCCNM,FileCatalyst Central-NewMaintenance,New Maintenance
01tWC00000DD1f5YAD,ES-SIG-RRM-SIGAES,SECURE ICAP Gateway Essential Security Package Per User-RenewalMaintenance,Renewal Maintenance
01tWC00000DD1Z9YAL,SM-ROR-RRM-RRRM,Robot Replay-RenewalMaintenance,Renewal Maintenance
01tWC00000DD1kgYAD,DP-DC-RRM-SHARCR,SharePoint Classifier-RenewalMaintenance,Renewal Maintenance
01tWC00000DD16vYAD,DP-DC-RNM-CDNM,Classification for Desktop-NewMaintenance,New Maintenance
01tWC00000DD0A8YAL,DP-DC-RRM-NOTERE,Notes Classifier-RenewalMaintenance,Renewal Maintenance
01tWC00000DCxlBYAT,CM-TQO-RRM-TEQU,TeamQuest Analyzer & Predictor & Surveyor & CMIS for Systems-RenewalMaintenance,Renewal Maintenance
01tWC00000DD12IYAT,SM-VIT-RRM-ABARM,Alignia - Business Application-RenewalMaintenance,Renewal Maintenance
01tWC00000DD1JHYA1,GOA-FIL-RNM-FCLBNM,FileCatalyst Load Balancer-NewMaintenance,New Maintenance
01tWC00000DD1uiYAD,CM-TQU-RRM-UTEQOO,Unisys - TeamQuest Online OS2200-OTC-RenewalMaintenance,Renewal Maintenance
01tWC00000DD1qEYAT,SM-VMC-RNM-VRCM,VISUAL Remote Control-NewMaintenance,New Maintenance
01tWC00000DD1aIYAT,DP-DC-RNM-PCANEW,Power Classifier for Admin-NewMaintenance,New Maintenance
01tWC00000DD1YnYAL,SM-RCP-RNM-RONM,Robot CPA-NewMaintenance,New Maintenance
01tWC00000DD19EYAT,DM-IRC-RNM-CSVCNE,CSV Converter-NewMaintenance,New Maintenance
01tWC00000DD1ZFYA1,SM-ROS-RNM-RSNM,Robot Save-NewMaintenance,New Maintenance
01tWC00000DD1x7YAD,DM-WFM-RNM-WEBFNE,WebForms-NewMaintenance,New Maintenance
01tWC00000DD1cbYAD,SM-PN-RRM-POWERM,PowerVM-RenewalMaintenance,Renewal Maintenance
01tWC00000DD21oYAD,GS-GSE-RRM-FSRM,FTPS Server-RenewalMaintenance,Renewal Maintenance
01tWC00000DD1MhYAL,GOA-GAM-RNM-GACM,GoAnywhere Cloud Connector Standard Pack-NewMaintenance,New Maintenance
01tWC00000DD1e9YAD,ES-SEG-RNM-SEEM,SECURE Email Gateway Advanced Security Package-NewMaintenance,New Maintenance
01tWC00000DD23HYAT,CM-VCM-RNM-VSPNM,VCM Starter Pack-NewMaintenance,New Maintenance
01tWC00000DD1cZYAT,SM-PN-RNM-POWENE,PowerVM-NewMaintenance,New Maintenance
01tWC00000DD21wYAD,GOA-GAM-RNM-GPEBWGNM,GoAnywhere PeSIT Express Bundle with Gateway-NewMaintenance,New Maintenance
01tWC00000DD1wQYAT,SM-VMC-RNM-VMCM,VISUAL Message Center - Full Pack-NewMaintenance,New Maintenance
01tWC00000DD14vYAD,RPA-AUD-RRM-ARRM,Automate Runtime-RenewalMaintenance,Renewal Maintenance
01tWC00000DD20dYAD,FIM-FIM-RRM-TECMBERM,Tripwire Enterprise Console - MySQL Backend - EVAL-RenewalMaintenance,Renewal Maintenance
01tWC00000DD1CmYAL,DM-WCU-RRM-DORM,DocAlpha Advanced Capture - Line Item-RenewalMaintenance,Renewal Maintenance
01tWC00000DD174YAD,DP-DC-RRM-CORM,Classification for Office-RenewalMaintenance,Renewal Maintenance
01tWC00000DCxl1YAD,CM-TQO-RNM-TQACSN,TeamQuest Analyzer & CMIS for Systems-NewMaintenance,New Maintenance
01tWC00000DD1UBYA1,SM-PRM-RRM-PASSRE,Password Reset-RenewalMaintenance,Renewal Maintenance
01tWC00000DD1XlYAL,NW-INT-RNM-RAPNM,RemoteAccess - Pooled-NewMaintenance,New Maintenance
01tWC00000DD1uAYAT,CM-TQU-RRM-UNITEA,Unisys - TeamQuest Harvest MCP-OTC-RenewalMaintenance,Renewal Maintenance
01tWC00000DD1sLYAT,SM-VMC-RRM-VMCSQL,VMC - SQL Server Operations Agent-RenewalMaintenance,Renewal Maintenance
01tWC00000DD1KOYA1,DP-DC-RNM-FDEUPN,Fortra DCS ESSENTIALS ULTRA PACKAGE-NewMaintenance,New Maintenance
01tWC00000DD16bYAD,SM-ROT-RRM-CDBREN,CD Builder-RenewalMaintenance,Renewal Maintenance
01tWC00000DD1gUYAT,FIM-FML-RRM-TRRM,Tripwire App - Dynamic Software Reconciliation - Utility & Implementation-RenewalMaintenance,Renewal Maintenance
01tWC00000DD1RkYAL,CS-DFT-RNM-MSANEW,Multiple System Administrator-NewMaintenance,New Maintenance
01tWC00000DD1sFYAT,SM-VMC-RNM-VSAM,VMC - SLA Analytics-NewMaintenance,New Maintenance
01tWC00000DD1Z3YAL,SM-ROM-RNM-RMVNM,Robot Monitor - VIOS-NewMaintenance,New Maintenance
01tWC00000DD09mYAD,CS-DFT-RNM-NTCNM,Network Traffic Controller-NewMaintenance,New Maintenance
01tWC00000DD1DGYA1,ES-SIG-RNM-DSSIGN,Document Sanitization For SECURE ICAP Gateway-NewMaintenance,New Maintenance
01tWC00000DD1vWYAT,CM-TQU-RNM-UTQSMO,Unisys - TeamQuest SMFII MCP-OTC-NewMaintenance,New Maintenance
01tWC00000DCxm3YAD,DP-DC-RRM-TLNRM,Titus for Lotus Notes-RenewalMaintenance,Renewal Maintenance
01tWC00000DD1WnYAL,SM-QMM-RNM-QMESNE,QMessage Monitor-NewMaintenance,New Maintenance
01tWC00000DD232YAD,BI-SDW-RRM-SDWBPERM,SEQUEL Data Warehouse Bundle - Platinum Edition-RenewalMaintenance,Renewal Maintenance
01tWC00000DD1wdYAD,DM-WEB-RRM-WDSLLR,WebDocs - SMB License - Legacy-RenewalMaintenance,Renewal Maintenance
01tWC00000DD1a5YAD,FIM-FIM-RNM-PMPSNM,Policy Manager for POS Servers-NewMaintenance,New Maintenance
01tWC00000DCwVnYAL,ES-SEG-RRM-IGSRRM,Information Governance Server (Registrars)-RenewalMaintenance,Renewal Maintenance
01tWC00000DD1KQYA1,DP-DC-RRM-FDEUPR,Fortra DCS ESSENTIALS ULTRA PACKAGE-RenewalMaintenance,Renewal Maintenance
01tWC00000DD1CyYAL,DM-WCU-RRM-DAOCRM,DocAlpha Output Connector-RenewalMaintenance,Renewal Maintenance
01tWC00000DD1fuYAD,SM-VMC-RNM-SKINM,Security KM Incidents-NewMaintenance,New Maintenance
01tWC00000DD1IpYAL,GOA-FIL-RRM-FCCANR,FileCatalyst Central Additional Nodes-RenewalMaintenance,Renewal Maintenance
01tWC00000DD1LvYAL,GOA-GAM-RNM-GAAANM,GoAnywhere Advanced Agent-NewMaintenance,New Maintenance
01tWC00000DD1JEYA1,GOA-FIL-RRM-FCHARM,FileCatalyst Hotfolder for Automation-RenewalMaintenance,Renewal Maintenance
01tWC00000DD1rHYAT,SM-VMC-RNM-VMIS,VMC - iSeries Performance Manager-NewMaintenance,New Maintenance
01tWC00000DD21bYAD,GS-GSE-RNM-EEMTCNM,EFT Express Mobile Transfer Client-NewMaintenance,New Maintenance
01tWC00000DD21JYAT,GS-GSE-RRM-AAMRM,Advanced Authentication Modes-RenewalMaintenance,Renewal Maintenance
01tWC00000DD1t9YAD,SM-VMC-RNM-VWOM,VMC - Windows Operations Agent-NewMaintenance,New Maintenance
01tWC00000DD1HFYA1,BI-SDW-RRM-ENRM,Enhanced ETL-RenewalMaintenance,Renewal Maintenance
01tWC00000DD12lYAD,SM-VIT-RRM-AERM,Alignia - Engine-RenewalMaintenance,Renewal Maintenance
01tWC00000DD1NDYA1,GOA-GAM-RRM-GAFCSR,GoAnywhere FTP Client & Server-RenewalMaintenance,Renewal Maintenance
01tWC00000DD1PUYA1,SM-HEP-RRM-HEPMRM,Halcyon Exit Point Manager-RenewalMaintenance,Renewal Maintenance
01tWC00000DD1sXYAT,SM-VMC-RRM-VMCUN,VMC - Universal Transaction Agent - Additional Script Runners-RenewalMaintenance,Renewal Maintenance
01tWC00000DD1YrYAL,SM-RHA-RNM-RHNM,Robot HA-NewMaintenance,New Maintenance
01tWC00000DD21CYAT,FIM-FML-RNM-TSAUNM,Tripwire State Analyzer Upgrade-NewMaintenance,New Maintenance
01tWC00000DCyxzYAD,SM-VMC-RRM-VMISPA,VMC iSeries Performance Agent-RenewalMaintenance,Renewal Maintenance
01tWC00000DD1dZYAT,DP-DCL-RRM-SAFERE,SAFEmail Suite-RenewalMaintenance,Renewal Maintenance
01tWC00000DD1pEYAT,FIM-FIM-RRM-DP700RM,Device Profiler 700-RenewalMaintenance,Renewal Maintenance
01tWC00000DD18JYAT,IGA-AAS-RNM-CAASNM,Core Access Assurance Suite-NewMaintenance,New Maintenance
01tWC00000DD1xrYAD,DM-DML-RNM-WSPRCN,WinSpool PDF Report Converter-NewMaintenance,New Maintenance
01tWC00000DD1X6YAL,DM-IRC-RRM-RAWRRE,RAW Report Converter-RenewalMaintenance,Renewal Maintenance
01tWC00000DD1CAYA1,DP-DLP-RNM-DLPNEW,DLP-NewMaintenance,New Maintenance
01tWC00000DCwWpYAL,DM-DML-RNM-ISPTNM,iSeries PDF and TIFF-NewMaintenance,New Maintenance
01tWC00000DD1ueYAD,CM-TQU-RRM-UNTQOM,Unisys - TeamQuest Online MCP-OTC-RenewalMaintenance,Renewal Maintenance
01tWC00000DD1KdYAL,DP-DC-RRM-FMIORM,Fortra Mail for iOS-RenewalMaintenance,Renewal Maintenance
01tWC00000DD1UkYAL,SM-PN-RRM-PNRM,Performance Navigator-RenewalMaintenance,Renewal Maintenance
01tWC00000DD21BYAT,FIM-FML-RRM-TSAURM,Tripwire State Analyzer Upgrade-RenewalMaintenance,Renewal Maintenance
01tWC00000DD1szYAD,SM-VMC-RRM-VWAM,VMC - Web Availability & Response Time Agent-RenewalMaintenance,Renewal Maintenance
01tWC00000DD1q8YAD,SM-VMC-RRM-VIMESS,VISUAL Message Center iSeries Base-RenewalMaintenance,Renewal Maintenance
01tWC00000DD09LYAT,DM-DML-RRM-NATPRR,Native AFP to PDF Report-RenewalMaintenance,Renewal Maintenance
01tWC00000DD1HfYAL,DM-EW-RRM-EWLLRM,Enterprise Workflow Lite - Legacy-RenewalMaintenance,Renewal Maintenance
01tWC00000DD1xeYAD,DM-DML-RRM-WSERSR,WinSpool Email Report Server-RenewalMaintenance,Renewal Maintenance
01tWC00000DD1qlYAD,CM-VIM-RRM-VMPPSR,Vityl Monitor & Predictor for Physical Systems-RenewalMaintenance,Renewal Maintenance
01tWC00000DD21IYAT,FIM-TLC-RNM-TLCFSENM,Tripwire Log Center for File Systems - EVAL-NewMaintenance,New Maintenance
01tWC00000DD1qYYAT,CM-VCM-RNM-VCMLFN,Vityl Capacity Management License Fee-NewMaintenance,New Maintenance
01tWC00000DD1dlYAD,SM-SAP-RNM-SAPINE,SAP Interface-NewMaintenance,New Maintenance
01tWC00000DD22nYAD,GS-GSE-RRM-SCHEDRM,Scheduler-RenewalMaintenance,Renewal Maintenance
01tWC00000DD20jYAD,FIM-FIM-RRM-TEDERM,Tripwire Enterprise for Desktops - EVAL-RenewalMaintenance,Renewal Maintenance
01tWC00000DCwW3YAL,CM-TQO-RRM-IACIRE,Integrated Access Control (IAC) Option - DATA CONN-RenewalMaintenance,Renewal Maintenance
01tWC00000DD22EYAT,FIM-FIM-RRM-TSAEVRM,Tripwire State Analyzer - EVAL-RenewalMaintenance,Renewal Maintenance
01tWC00000DD1sdYAD,SM-VMC-RNM-VUSM,VMC - Unix Security Agent-NewMaintenance,New Maintenance
01tWC00000DD1rfYAD,SM-VMC-RNM-VMISV,VMC - iSeries VISION/Orion Agent-NewMaintenance,New Maintenance
01tWC00000DD1BIYA1,CS-DFT-RNM-DETENE,DetectIT-NewMaintenance,New Maintenance
01tWC00000DD1U2YAL,SM-HCS-RRM-PARARE,Paragon Suite-RenewalMaintenance,Renewal Maintenance
01tWC00000DD11fYAD,SM-ARS-RNM-ARSNM,Advanced Reporting Suite-NewMaintenance,New Maintenance
01tWC00000DD09eYAD,DM-DML-RNM-NTTPCN,Native Text to PDF Converter-NewMaintenance,New Maintenance
01tWC00000DD21IYAT,FIM-TLC-RNM-TLCFSENM,Tripwire Log Center for File Systems - EVAL-NewMaintenance,New Maintenance
01tWC00000DCwW3YAL,CM-TQO-RRM-IACIRE,Integrated Access Control (IAC) Option - DATA CONN-RenewalMaintenance,Renewal Maintenance
01tWC00000DD1GNYA1,DM-DML-RNM-ELECDN,Electronic Forms Designer-NewMaintenance,New Maintenance
01tWC00000DD1QoYAL,CS-DFT-RRM-MAPREN,Menu & Application Program-RenewalMaintenance,Renewal Maintenance
01tWC00000DD1sbYAD,SM-VMC-RRM-VMCUNI,VMC - Unix Operations Agent-RenewalMaintenance,Renewal Maintenance
01tWC00000DD21cYAD,GS-GSE-RRM-EFTCMFRM,EFT File Transfer Client Module FTC-RenewalMaintenance,Renewal Maintenance
01tWC00000DD22oYAD,GS-GSE-RRM-SECFRM,Secure Forms-RenewalMaintenance,Renewal Maintenance
01tWC00000DD1OHYA1,GOA-GAM-RRM-GAPBRM,GoAnywhere Premium Bundle-RenewalMaintenance,Renewal Maintenance
01tWC00000DD1OmYAL,GOA-GAM-RRM-GASARM,GoAnywhere Standard Agent-RenewalMaintenance,Renewal Maintenance
01tWC00000DCzhTYAT,GOA-GAM-RNM-GSBGTPNM,GoAnywhere Starter Bundle with Gateway and Threat Protection-NewMaintenance,New Maintenance
01tWC00000DD1MfYAL,GOA-GAM-RRM-GACCSR,GoAnywhere Cloud Connector Standard-RenewalMaintenance,Renewal Maintenance
01tWC00000DD1v4YAD,CM-TQU-RNM-UTQONM,Unisys - TeamQuest PMPlus OS2200-OTC-NewMaintenance,New Maintenance
01tWC00000DD1XVYA1,BI-SDW-RRM-RDPRM,Remote Data Push-RenewalMaintenance,Renewal Maintenance
01tWC00000DD172YAD,DP-DC-RNM-CONM,Classification for Office-NewMaintenance,New Maintenance
01tWC00000DD1DcYAL,DP-DCL-RNM-DRAFNE,Draft & Release-NewMaintenance,New Maintenance
01tWC00000DCwWQYA1,DP-DLP-RRM-INVERE,Investigation Module-RenewalMaintenance,Renewal Maintenance
01tWC00000DD1w6YAD,SM-VMC-RNM-VCPM,VISUAL Control for Pools-NewMaintenance,New Maintenance
01tWC00000DD10YYAT,ES-SEG-RRM-CSEGARM,Clearswift SECURE Email Gateway (Kaspersky AV)-RenewalMaintenance,Renewal Maintenance
01tWC00000DD1N8YAL,GOA-GAM-RRM-GAEBRM,GoAnywhere Enterprise Bundle-RenewalMaintenance,Renewal Maintenance
01tWC00000DD1qKYAT,SM-VMC-RRM-VISURE,VISUAL Remote Control (add-on to VSP)-RenewalMaintenance,Renewal Maintenance
01tWC00000DD21kYAD,GS-GSE-RNM-ESW10SNM,EFT SMB Web Client WTC 10 Seats-NewMaintenance,New Maintenance
01tWC00000DD1xoYAD,DM-DML-RNM-WSPTPC,WinSpool PCL to PDF Converter-NewMaintenance,New Maintenance
01tWC00000DD1eHYAT,ES-SEG-RNM-SEMAIL,SECURE Email Gateway Essential Security Package-NewMaintenance,New Maintenance
01tWC00000DD1uFYAT,CM-TQU-RRM-UNISTQ,Unisys - TeamQuest IACULL OS2200-OTC-RenewalMaintenance,Renewal Maintenance
01tWC00000DD1OdYAL,GOA-GAM-RNM-GASLNM,GoAnywhere Services (legacy)-NewMaintenance,New Maintenance
01tWC00000DD1ezYAD,ES-SIG-RNM-SEICGA,SECURE ICAP Gateway Essential Security Package Per Instance-NewMaintenance,New Maintenance
01tWC00000DD1kiYAD,DP-DC-RNM-SHARMD,SharePoint MDS-NewMaintenance,New Maintenance
01tWC00000DD1PLYA1,SM-SYM-RNM-GSMTC6,GSM TC65 Terminal Ph-NewMaintenance,New Maintenance
01tWC00000DD1fVYAT,SM-SYM-RNM-SNM,Security-NewMaintenance,New Maintenance
01tWC00000DD1rnYAD,SM-VMC-RNM-VLSM,VMC - Linux Security Agent-NewMaintenance,New Maintenance
01tWC00000DD21xYAD,GOA-GAM-RRM-GPEBWGRM,GoAnywhere PeSIT Express Bundle with Gateway-RenewalMaintenance,Renewal Maintenance
01tWC00000DD1GPYA1,DM-DML-RRM-ELECDR,Electronic Forms Designer-RenewalMaintenance,Renewal Maintenance
01tWC00000DD1bMYAT,CS-PDM-RRM-PORM,Powertech Database Monitor for IBM i - Rapid Validation-RenewalMaintenance,Renewal Maintenance
01tWC00000DCyyHYAT,FIM-FIM-RRM-VEMEVR,VnE Manager Ev & Device Profiler Ev-RenewalMaintenance,Renewal Maintenance
01tWC00000DD1slYAD,SM-VMC-RNM-VMVI,VMC - Visual Message Center Goals-NewMaintenance,New Maintenance
01tWC00000DD1cAYAT,CS-PPM-RNM-PPMIIN,Powertech Policy Minder for IBM i-NewMaintenance,New Maintenance
01tWC00000DD1XBYA1,SM-RAP-RRM-RECORE,Record and Playback-RenewalMaintenance,Renewal Maintenance
01tWC00000DD18LYAT,IGA-AAS-RRM-CAASRM,Core Access Assurance Suite-RenewalMaintenance,Renewal Maintenance
01tWC00000DD1fFYAT,ES-SWG-RNM-SECURW,SECURE Web Gateway Advanced Security Package-NewMaintenance,New Maintenance
01tWC00000DD1gKYAT,BI-CRO-RRM-SECL,SEQUEL Client Report Option-RenewalMaintenance,Renewal Maintenance
01tWC00000DD1lcYAD,DM-DML-RRM-SCBREN,Spreadsheet Conv Bundle-RenewalMaintenance,Renewal Maintenance
01tWC00000DD1rdYAD,SM-VMC-RRM-VMCSAR,VMC - iSeries Support Agent (Powered by VSP)-RenewalMaintenance,Renewal Maintenance
01tWC00000DD196YAD,SM-HCS-RNM-COSTNE,Costco Suite-NewMaintenance,New Maintenance
01tWC00000DD1keYAD,DP-DC-RNM-SHARCN,SharePoint Classifier-NewMaintenance,New Maintenance
01tWC00000DD0AfYAL,ES-SEG-RNM-OFSM,OCR Feature For SECURE Email Gateway-NewMaintenance,New Maintenance
01tWC00000DD20wYAD,DP-DC-RRM-DCDARGRM,Fortra DCS for DaR (Data at rest) with DCS INTELLIGENT PROTECTION - Government-RenewalMaintenance,Renewal Maintenance
01tWC00000DD20kYAD,FIM-FIM-RNM-TEDENM,Tripwire Enterprise for Desktops - EVAL-NewMaintenance,New Maintenance
01tWC00000DD1ZFYA1,SM-ROS-RNM-RSNM,Robot Save-NewMaintenance,New Maintenance
01tWC00000DD1DTYA1,DM-IRM-RRM-DRSREN,Domino Report Server-RenewalMaintenance,Renewal Maintenance
01tWC00000DD1U4YAL,BI-SDW-RNM-PLNM,Parallel Loading-NewMaintenance,New Maintenance
01tWC00000DD1M5YAL,GOA-GAM-RRM-GAAWRM,GoAnywhere Advanced Workflows-RenewalMaintenance,Renewal Maintenance
01tWC00000DD1HDYA1,BI-SDW-RNM-ENET,Enhanced ETL-NewMaintenance,New Maintenance
01tWC00000DD23GYAT,CM-VCM-RRM-VSPRM,VCM Starter Pack-RenewalMaintenance,Renewal Maintenance
01tWC00000DD1q6YAD,SM-VMC-RNM-VISMES,VISUAL Message Center iSeries Base-NewMaintenance,New Maintenance
01tWC00000DD1jyYAD,BI-SQ-RNM-SRDNM,Sequel Repository Designer-NewMaintenance,New Maintenance
01tWC00000DD1ADYA1,ES-SXG-RNM-DRSM,Data Redaction For SECURE Exchange Gateway-NewMaintenance,New Maintenance
01tWC00000DD21TYAT,GS-GSE-RRM-E7EURM,EFT 7 Express Upgrade-RenewalMaintenance,Renewal Maintenance
01tWC00000DD1wiYAD,DM-WEB-RNM-WDDMNM,WebDocs Document Management-NewMaintenance,New Maintenance
01tWC00000DCwVZYA1,DM-WCU-RNM-IVLNEW,Image Viewer - Legacy-NewMaintenance,New Maintenance
01tWC00000DD1xHYAT,DM-WFM-RNM-WEBFSM,WebForms SMB License-NewMaintenance,New Maintenance
01tWC00000DD1qfYAD,CM-VIM-RNM-VMNM,Vityl Monitor-NewMaintenance,New Maintenance
01tWC00000DD1NLYA1,GOA-GAM-RRM-GAGRM,GoAnywhere Gateway-RenewalMaintenance,Renewal Maintenance
01tWC00000DD1fLYAT,ES-SWG-RRM-SECWEG,SECURE Web Gateway Elite Security Package-RenewalMaintenance,Renewal Maintenance
01tWC00000DD1RkYAL,CS-DFT-RNM-MSANEW,Multiple System Administrator-NewMaintenance,New Maintenance
01tWC00000DD1srYAD,SM-VMC-RRM-VMVM,VMC - VMware Operations Agent-RenewalMaintenance,Renewal Maintenance
01tWC00000DD0AjYAL,ES-SXG-RNM-OCNM,OCR Feature For SECURE Exchange Gateway-NewMaintenance,New Maintenance
01tWC00000DD1vSYAT,CM-TQU-RNM-UTEQSI,Unisys - TeamQuest SIMAN OS2200-OTC-NewMaintenance,New Maintenance
01tWC00000DD12jYAD,SM-VIT-RNM-AENM,Alignia - Engine-NewMaintenance,New Maintenance
01tWC00000DD1CsYAL,DM-WCU-RRM-DAIM,DocAlpha Invoice Capture Header/Footer-RenewalMaintenance,Renewal Maintenance
01tWC00000DD14VYAT,RPA-AUT-RNM-AOCNM,Automate Ops Console-NewMaintenance,New Maintenance
01tWC00000DD1BTYA1,FIM-FIM-RRM-DPEERM,Device Profiler Ev Express-RenewalMaintenance,Renewal Maintenance
01tWC00000DD1eLYAT,ES-SXG-RNM-SEEX,SECURE Exchange Gateway-NewMaintenance,New Maintenance
01tWC00000DD09dYAD,DM-DML-RRM-NTTCCR,Native Text to CSV Converter-RenewalMaintenance,Renewal Maintenance
01tWC00000DD1KbYAL,DP-DC-RNM-FMIONM,Fortra Mail for iOS-NewMaintenance,New Maintenance
01tWC00000DD1RYYA1,SM-ROM-RRM-MONIRE,Monitor-RenewalMaintenance,Renewal Maintenance
01tWC00000DD1kiYAD,DP-DC-RNM-SHARMD,SharePoint MDS-NewMaintenance,New Maintenance
01tWC00000DD1daYAD,CS-SPS-RNM-SPSHNM,Safestone Password Self Help-NewMaintenance,New Maintenance
01tWC00000DD1JoYAL,DM-DML-RNM-FORMNE,Formdocs License-NewMaintenance,New Maintenance
01tWC00000DD1YZYA1,SM-ROB-RRM-RBRM,Robot Bundle-RenewalMaintenance,Renewal Maintenance
01tWC00000DD1b0YAD,CS-PCM-RRM-PCMM,Powertech Compliance Monitor Consolidator for IBM i-RenewalMaintenance,Renewal Maintenance
01tWC00000DD18bYAD,IGA-AAS-RNM-CCLNM,Core Connector Library-NewMaintenance,New Maintenance
01tWC00000DD12eYAD,SM-VIT-RNM-ACNM,Alignia - Core-NewMaintenance,New Maintenance
01tWC00000DD1D1YAL,DM-WCU-RRM-DAARM,docAlpha(Artsyl)-RenewalMaintenance,Renewal Maintenance
01tWC00000DD09aYAD,DM-IBM-RRM-NPTM,Native PCL to PDF Converter - Legacy-RenewalMaintenance,Renewal Maintenance
01tWC00000DD14AYAT,RPA-AUD-RNM-AFPNM,Automate Full/Premium-NewMaintenance,New Maintenance
01tWC00000DD1GbYAL,DM-WCU-RNM-EMNM,Email Monitor-NewMaintenance,New Maintenance
01tWC00000DD1mIYAT,DM-SV4-RNM-S4UPNM,Surveyor/400 - Unlimited Partitions-NewMaintenance,New Maintenance
01tWC00000DD09MYAT,DM-DML-RNM-NATTRN,Native AFP to TIFF Report-NewMaintenance,New Maintenance
01tWC00000DD1vKYAT,CM-TQU-RNM-UTQSOU,Unisys - TeamQuest SAUtilities OS2200 - Unisys OEM-NewMaintenance,New Maintenance
01tWC00000DD1YCYA1,CS-DFT-RNM-RCMNEW,Risk & Compliance Monitor-NewMaintenance,New Maintenance
01tWC00000DD14bYAD,RPA-AUT-RRM-APRM,Automate Plus-RenewalMaintenance,Renewal Maintenance
01tWC00000DD1OBYA1,GOA-GAM-RRM-GAPARM,GoAnywhere Premium AS2-RenewalMaintenance,Renewal Maintenance
01tWC00000DD1J2YAL,GOA-FIL-RNM-FCDKNM,FileCatalyst Development Kit-NewMaintenance,New Maintenance
01tWC00000DD118YAD,DM-WCU-RRM-5250RE,5250 Integrator-RenewalMaintenance,Renewal Maintenance
01tWC00000DD1f5YAD,ES-SIG-RRM-SIGAES,SECURE ICAP Gateway Essential Security Package Per User-RenewalMaintenance,Renewal Maintenance
01tWC00000DD139YAD,SM-VIT-RRM-ALIGCO,Alignia Core-RenewalMaintenance,Renewal Maintenance
01tWC00000DD22fYAD,GS-GSE-RRM-FMRM,Folder Monitor-RenewalMaintenance,Renewal Maintenance
01tWC00000DD158YAD,DM-WCU-RRM-BIURM,Batch Import Utility-RenewalMaintenance,Renewal Maintenance
01tWC00000DD1CyYAL,DM-WCU-RRM-DAOCRM,DocAlpha Output Connector-RenewalMaintenance,Renewal Maintenance
01tWC00000DD1n8YAD,FIM-FML-RRM-TLC15RE,Tripwire Log Center 1500-RenewalMaintenance,Renewal Maintenance
01tWC00000DD12tYAD,SM-VIT-RRM-AISRM,Alignia - Internal Service-RenewalMaintenance,Renewal Maintenance
01tWC00000DD1BNYA1,FIM-FIM-RNM-DPENEW,Device Profiler Ev-NewMaintenance,New Maintenance
01tWC00000DD1tQYAT,FIM-FIM-RNM-TMNM,Tripwire Manager-NewMaintenance,New Maintenance
01tWC00000DD12AYAT,SM-AI-RRM-ALERRE,Alert Intelligence-RenewalMaintenance,Renewal Maintenance
01tWC00000DD1rhYAD,SM-VMC-RRM-VISEV,VMC - iSeries VISION/Orion Agent-RenewalMaintenance,Renewal Maintenance
01tWC00000DD1UUYA1,SM-PKP-RRM-PEEKRE,PeekPlus-RenewalMaintenance,Renewal Maintenance
01tWC00000DD1hrYAD,FIM-FIM-RRM-TEDSRM,Tripwire Enterprise for Directory Services-RenewalMaintenance,Renewal Maintenance
01tWC00000DD1wdYAD,DM-WEB-RRM-WDSLLR,WebDocs - SMB License - Legacy-RenewalMaintenance,Renewal Maintenance
01tWC00000DCxlOYAT,CM-TQR-RRM-TQSSRM,TeamQuest Surveyor for Systems-RenewalMaintenance,Renewal Maintenance
01tWC00000DD1ukYAD,CM-TQU-RNM-UTEQOS,Unisys - TeamQuest OSAM OS2200-OTC-NewMaintenance,New Maintenance
01tWC00000DD1kKYAT,BI-SQ-RRM-SEQSOL,SEQUEL Solution Bundle-RenewalMaintenance,Renewal Maintenance
01tWC00000DD1OsYAL,GOA-GAM-RRM-GASBRM,GoAnywhere Starter Bundle-RenewalMaintenance,Renewal Maintenance
01tWC00000DD1bgYAD,CS-PEI-RNM-PEIIFE,Powertech Encryption for IBM i (Field Encryption Module)-NewMaintenance,New Maintenance
01tWC00000DCxlyYAD,DP-DC-RRM-TCSRM,Titus Classification Suite-RenewalMaintenance,Renewal Maintenance
01tWC00000DCyxtYAD,SM-VMC-RNM-VWINDO,VMC - Windows Security Agent-NewMaintenance,New Maintenance
01tWC00000DD1MlYAL,GOA-GAM-RNM-GACBNM,GoAnywhere Collaboration Bundle-NewMaintenance,New Maintenance
01tWC00000DD1UmYAL,SM-PN-RNM-PNIINM,Performance Navigator for IBM i-NewMaintenance,New Maintenance
01tWC00000DD13JYAT,CS-DFT-RRM-ASOCRM,Application System & Object Control-RenewalMaintenance,Renewal Maintenance
01tWC00000DD1ghYAD,FIM-FIM-RRM-TRIPAP,Tripwire App - TE Integration Framework - CA Service Desk - Utility-RenewalMaintenance,Renewal Maintenance
01tWC00000DD22uYAD,GOA-GAM-RRM-GCBGRM,GoAnywhere Collaboration Bundle with Gateway-RenewalMaintenance,Renewal Maintenance
01tWC00000DD1fwYAD,SM-VMC-RRM-SKIRM,Security KM Incidents-RenewalMaintenance,Renewal Maintenance
01tWC00000DD1kxYAD,DM-SH-RNM-SIGNNE,SignHere-NewMaintenance,New Maintenance
01tWC00000DD1B5YAL,DM-DLN-RRM-DELILR,DeliverNow - Legacy-RenewalMaintenance,Renewal Maintenance
01tWC00000DD1ugYAD,CM-TQU-RNM-UTQOOO,Unisys - TeamQuest Online OS2200-OTC-NewMaintenance,New Maintenance
01tWC00000DD1HcYAL,DM-EW-RRM-EWLRM,Enterprise Workflow - Legacy-RenewalMaintenance,Renewal Maintenance
01tWC00000DD1svYAD,SM-VMC-RRM-VMCVM,VMC - VMware Security Agent-RenewalMaintenance,Renewal Maintenance
01tWC00000DCwVSYA1,DM-IFO-RNM-IFOREF,iForms Electronic Forms and Report Writer - Legacy-NewMaintenance,New Maintenance
01tWC00000DD1MuYAL,GOA-GAM-RNM-GACSBN,GoAnywhere Core Server Bundle-NewMaintenance,New Maintenance
01tWC00000DD1AHYA1,ES-SIG-RNM-DRSIGN,Data Redaction For SECURE ICAP Gateway-NewMaintenance,New Maintenance
01tWC00000DD1x6YAD,DM-DML-RRM-WDISER,WebDocs- iSeries Edition-RenewalMaintenance,Renewal Maintenance
01tWC00000DD1GdYAL,DM-WCU-RRM-EMAIL,Email Monitor-RenewalMaintenance,Renewal Maintenance
01tWC00000DD226YAD,FIM-FIM-RRM-TEVEERM,Tripwire Enterprise for VMware ESX - EVAL-RenewalMaintenance,Renewal Maintenance
01tWC00000DD1wTYAT,BI-SQ-RNM-WEBESN,Web Enablement (SWI)-NewMaintenance,New Maintenance
01tWC00000DD1TpYAL,ES-SEG-RRM-ORGPRE,ORG PERP SECURE Email Gateway-RenewalMaintenance,Renewal Maintenance
01tWC00000DD16CYAT,CM-TQO-RRM-CCMLE1,CCM Level 1 - PS APP MODULE-RenewalMaintenance,Renewal Maintenance
01tWC00000DD1ppYAD,FIM-TLC-RNM-TLCMNM,Tripwire Log Center Manager-NewMaintenance,New Maintenance
01tWC00000DD1U4YAL,BI-SDW-RNM-PLNM,Parallel Loading-NewMaintenance,New Maintenance
01tWC00000DD218YAD,FIM-FIM-RNM-TMENM,Tripwire Manager - EVAL-NewMaintenance,New Maintenance
01tWC00000DD1cCYAT,CS-PPM-RRM-PPMIIR,Powertech Policy Minder for IBM i-RenewalMaintenance,Renewal Maintenance
01tWC00000DD1B6YAL,DM-DLN-RNM-DELINE,DeliverNow-NewMaintenance,New Maintenance
01tWC00000DD1QXYA1,SM-LOC-RRM-LOCSRE,Lvl4: Operations Center Suite-RenewalMaintenance,Renewal Maintenance
01tWC00000DD1NzYAL,GOA-GAM-RNM-GAPSSN,GoAnywhere PeSIT Server-NewMaintenance,New Maintenance
01tWC00000DD1Z1YAL,SM-ROM-RRM-RMLRM,Robot Monitor - Linux-RenewalMaintenance,Renewal Maintenance
01tWC00000DD1LrYAL,GOA-GAM-RNM-GOANYW,GoAnywhere Accelerated File Transfer Per Gbps-NewMaintenance,New Maintenance
01tWC00000DD1sPYAT,SM-VMC-RRM-VMCSQS,VMC - SQL Server Security Agent-RenewalMaintenance,Renewal Maintenance
01tWC00000DD1vfYAD,DP-DLP-RNM-UCNM,User Classification-NewMaintenance,New Maintenance
01tWC00000DD1I0YAL,FIM-FIM-RNM-FIMDSN,File Integrity Manager for Directory Services-NewMaintenance,New Maintenance
01tWC00000DCyy6YAD,SM-VMC-RRM-VMCMON,VMC Monitoring Engine - Security-RenewalMaintenance,Renewal Maintenance
01tWC00000DD1PFYA1,BI-SQ-RNM-GREENE,Green Screen-NewMaintenance,New Maintenance
01tWC00000DCwVpYAL,BI-ISA-RNM-INSINE,Insite Analytics-NewMaintenance,New Maintenance
01tWC00000DD1gLYAT,FIM-FIM-RNM-TACWIN,Tripwire App - Custom Workflow Integration for Nozomi - Utility-NewMaintenance,New Maintenance
01tWC00000DD14mYAD,RPA-AUD-RNM-APAPNM,Automate Professional Action Pack-NewMaintenance,New Maintenance
01tWC00000DD1qbYAD,SM-VIT-RNM-VIBMNM,Vityl IT & Business Monitoring-NewMaintenance,New Maintenance
01tWC00000DD1B3YAL,DM-DLN-RNM-DELILN,DeliverNow - Legacy-NewMaintenance,New Maintenance
01tWC00000DD19iYAD,DM-EU-RNM-DE4LNM,Data Export/400 - Legacy-NewMaintenance,New Maintenance
01tWC00000DD1VAYA1,FIM-FIM-RNM-PMFSNM,Policy Manager for File Systems-NewMaintenance,New Maintenance
01tWC00000DD1jlYAD,BI-SDW-RNM-SEQUED,SEQUEL Data Warehouse Bundle-NewMaintenance,New Maintenance
01tWC00000DD232YAD,BI-SDW-RRM-SDWBPERM,SEQUEL Data Warehouse Bundle - Platinum Edition-RenewalMaintenance,Renewal Maintenance
01tWC00000DD20zYAD,DP-DC-RNM-TCSIICNM,"Titus Classification Suite, Illuminate and Ionic Connector-NewMaintenance",New Maintenance
01tWC00000DD09dYAD,DM-DML-RRM-NTTCCR,Native Text to CSV Converter-RenewalMaintenance,Renewal Maintenance
01tWC00000DD1BDYA1,BI-DB-RNM-DEPLNE,Deployment Bundle-NewMaintenance,New Maintenance
01tWC00000DD1lcYAD,DM-DML-RRM-SCBREN,Spreadsheet Conv Bundle-RenewalMaintenance,Renewal Maintenance
01tWC00000DCxldYAD,DP-DLP-RNM-THRENE,Threat Aware-NewMaintenance,New Maintenance
01tWC00000DD1cKYAT,CS-RSA-RRM-PRSM,Powertech RSA SecurID Agent for IBM i-RenewalMaintenance,Renewal Maintenance
01tWC00000DD1A0YAL,SM-VMC-RNM-DMISRN,Data Monitor for iSeries Reads-NewMaintenance,New Maintenance
01tWC00000DD1PwYAL,ES-SWG-RRM-HFSM,HTTPS Feature for SECURE Web Gateway-RenewalMaintenance,Renewal Maintenance
01tWC00000DD1X4YAL,DM-IRC-RNM-RAWRNE,RAW Report Converter-NewMaintenance,New Maintenance
01tWC00000DD19aYAD,BI-SDW-RRM-DARM,Data Acquisition-RenewalMaintenance,Renewal Maintenance
01tWC00000DD1JtYAL,DP-DCL-RRM-FORMRM,Forms-RenewalMaintenance,Renewal Maintenance
01tWC00000DD1elYAD,ES-SIG-RRM-SECUIC,SECURE ICAP Gateway Advanced Security Package Per Instance-RenewalMaintenance,Renewal Maintenance
01tWC00000DD1ZUYA1,SM-RSI-RNM-RSEOIN,Robot Schedule EnterpriseOne Interface-NewMaintenance,New Maintenance
01tWC00000DD13iYAD,SM-AJM-RRM-AJMRM,Audit Journal Manager-RenewalMaintenance,Renewal Maintenance
01tWC00000DD1uyYAD,CM-TQU-RRM-UTQORM,Unisys - TeamQuest PMLog OS2200-OTC-RenewalMaintenance,Renewal Maintenance
01tWC00000DD1qQYAT,CM-VCM-RNM-VCMNM,Vityl Capacity Management-NewMaintenance,New Maintenance
01tWC00000DD1dBYAT,BI-SDW-RNM-RELNM,Rodin Enterprise - Legacy-NewMaintenance,New Maintenance
01tWC00000DD1wkYAD,DM-WEB-RRM-WDDMRM,WebDocs Document Management-RenewalMaintenance,Renewal Maintenance
01tWC00000DD220YAD,FIM-FIM-RNM-CSEENM,CCM - Scan Engine - EVAL-NewMaintenance,New Maintenance
01tWC00000DD1M1YAL,GOA-GAM-RRM-GAARRM,GoAnywhere Advanced Reporting-RenewalMaintenance,Renewal Maintenance
01tWC00000DD1LpYAL,GOA-GAM-RRM-GAAFTR,GoAnywhere Accelerated File Transfer-RenewalMaintenance,Renewal Maintenance
01tWC00000DD1QtYAL,DP-DC-RNM-MCCOCD,Message Classification & Classification for Office & Classification for Desktop Bundle-NewMaintenance,New Maintenance
01tWC00000DD1OdYAL,GOA-GAM-RNM-GASLNM,GoAnywhere Services (legacy)-NewMaintenance,New Maintenance
01tWC00000DD20sYAD,SM-ROB-RRM-RBSARRM,"Robot Bundle - Schedule, Alert, Replay-RenewalMaintenance",Renewal Maintenance
01tWC00000DD1eZYAT,ES-SXG-RRM-SEXGES,SECURE Exchange Gateway Essential Security Package-RenewalMaintenance,Renewal Maintenance
01tWC00000DD1krYAD,BI-QRW-RRM-SREPRM,Sequel Repository-RenewalMaintenance,Renewal Maintenance
01tWC00000DD1pPYAT,FIM-TLC-RNM-TLCNDI,Tripwire Log Center for Network Devices (includes Remote Collector)-NewMaintenance,New Maintenance
01tWC00000DD1DnYAL,SM-EV-RNM-EASYNE,Easy View-NewMaintenance,New Maintenance
01tWC00000DD1QoYAL,CS-DFT-RRM-MAPREN,Menu & Application Program-RenewalMaintenance,Renewal Maintenance
01tWC00000DD1baYAD,CS-PEI-RRM-PEIM,Powertech Encryption for IBM i (Auto IFS Encryption Module)-RenewalMaintenance,Renewal Maintenance
01tWC00000DD1xUYAT,DM-DLN-RNM-WSNM,WinSpool-NewMaintenance,New Maintenance
01tWC00000DCwWAYA1,NW-INT-RRM-ISFRM,Intermapper Server - Freeware-RenewalMaintenance,Renewal Maintenance
01tWC00000DD1ndYAD,FIM-FIM-RNM-TRIPED,Tripwire Enterprise/DB-NewMaintenance,New Maintenance
01tWC00000DD22XYAT,GS-GSE-RRM-DGE3MURM,DMZ Gateway Enterprise 3 - Multi-Site Upgrade-RenewalMaintenance,Renewal Maintenance
01tWC00000DD20fYAD,FIM-FIM-RRM-TEDEVRM,Tripwire Enterprise for Databases - EVAL-RenewalMaintenance,Renewal Maintenance
01tWC00000DD1elYAD,ES-SIG-RRM-SECUIC,SECURE ICAP Gateway Advanced Security Package Per Instance-RenewalMaintenance,Renewal Maintenance
01tWC00000DD1lyYAD,ES-SIG-RRM-SSSIGR,Structural Sanitization For SECURE ICAP Gateway-RenewalMaintenance,Renewal Maintenance
01tWC00000DD1K4YAL,DP-DC-RNM-FDUPN,"Fortra DCS ""Advance"" ULTRA Package-NewMaintenance",New Maintenance
01tWC00000DD1pGYAT,FIM-TLC-RNM-TLCMII,Tripwire Log Center for Microsoft IIS (includes Advanced Log Collector Agent)-NewMaintenance,New Maintenance
01tWC00000DD20RYAT,DP-DC-RNM-FDAUPGNM,"Fortra DCS ""Advance"" ULTRA Package - Government-NewMaintenance",New Maintenance
01tWC00000DD1xhYAD,DM-DML-RRM-WSFRSR,WinSpool Fax Report Server-RenewalMaintenance,Renewal Maintenance
01tWC00000DD1qjYAD,CM-VIM-RNM-VMPPSN,Vityl Monitor & Predictor for Physical Systems-NewMaintenance,New Maintenance
01tWC00000DCwWWYA1,FIM-FIM-RRM-IP36RE,IP360-RenewalMaintenance,Renewal Maintenance
01tWC00000DD1uKYAT,CM-TQU-RRM-UNTEAQ,Unisys - TeamQuest LA OS2200-OTC-RenewalMaintenance,Renewal Maintenance
01tWC00000DD1USYA1,SM-PKP-RNM-PEEKNE,PeekPlus-NewMaintenance,New Maintenance
01tWC00000DD1vYYAT,CM-TQU-RRM-UNTQSM,Unisys - TeamQuest SMFII MCP-OTC-RenewalMaintenance,Renewal Maintenance
01tWC00000DD1BZYA1,FIM-FIM-RNM-DPENTU,Device Profiler Ev Non-Transferable Unlimited Use-NewMaintenance,New Maintenance
01tWC00000DD20WYAT,DP-DC-RRM-MCCDBSRM,Message Classification & Classification for Office & Classification for Desktop Bundle - Standard-RenewalMaintenance,Renewal Maintenance
01tWC00000DD135YAD,SM-VIT-RRM-ATIRM,Alignia - Task Instance-RenewalMaintenance,Renewal Maintenance
01tWC00000DD20vYAD,SM-ROB-RNM-RBCANM,Robot Bundle - Console & Alert-NewMaintenance,New Maintenance
01tWC00000DD1U6YAL,BI-SDW-RRM-PLRM,Parallel Loading-RenewalMaintenance,Renewal Maintenance
01tWC00000DD22gYAD,GS-GSE-RRM-HS(WCRM,HTTPS Server (includes Web client)-RenewalMaintenance,Renewal Maintenance
01tWC00000DD18HYAT,IGA-AAS-RRM-CARM,Core Access-RenewalMaintenance,Renewal Maintenance
01tWC00000DD1b6YAD,CS-PCM-RNM-PCMIIN,Powertech Compliance Monitor for IBM i-NewMaintenance,New Maintenance
01tWC00000DD1CWYA1,DM-DML-RRM-DMBRM,Doc Management Bundle-RenewalMaintenance,Renewal Maintenance
01tWC00000DD1TTYA1,ES-SIG-RRM-OCFEAT,OCR Feature For SECURE ICAP Gateway-RenewalMaintenance,Renewal Maintenance
01tWC00000DD1NDYA1,GOA-GAM-RRM-GAFCSR,GoAnywhere FTP Client & Server-RenewalMaintenance,Renewal Maintenance
01tWC00000DD1vEYAT,CM-TQU-RRM-UTQRRM,Unisys - TeamQuest Probes OS2200-OTC-RenewalMaintenance,Renewal Maintenance
01tWC00000DD0ALYA1,SM-NSS-RNM-NSSSNM,NSS - SNMP Trap Receiver-NewMaintenance,New Maintenance
01tWC00000DCyyTYAT,BI-WB-RNM-WAREBN,Warehouse Builder-NewMaintenance,New Maintenance
01tWC00000DD19YYAT,BI-SDW-RNM-DANM,Data Acquisition-NewMaintenance,New Maintenance
01tWC00000DCwW1YAL,CM-TQO-RNM-IACINE,Integrated Access Control (IAC) Option - DATA CONN-NewMaintenance,New Maintenance
01tWC00000DD18sYAD,IGA-AAS-RNM-CPNM,Core Password-NewMaintenance,New Maintenance
01tWC00000DD1orYAD,FIM-FIM-RRM-VM18RE,VnE Manager 1800-RenewalMaintenance,Renewal Maintenance
01tWC00000DD09gYAD,DM-DML-RRM-NTTPCR,Native Text to PDF Converter-RenewalMaintenance,Renewal Maintenance
01tWC00000DD11PYAT,CM-TQO-RNM-AMEPEN,ActiveMetrics Enterprise Plus Edition-NewMaintenance,New Maintenance
01tWC00000DD1CZYA1,DM-DML-RRM-DMLPRM,Doc Management Legacy Product-RenewalMaintenance,Renewal Maintenance
01tWC00000DD1DCYA1,ES-SXG-RNM-DSSM,Document Sanitization For SECURE Exchange Gateway-NewMaintenance,New Maintenance
01tWC00000DD1q4YAD,SM-VIT-RRM-VISUME,VISUAL Message Center Dashboards-RenewalMaintenance,Renewal Maintenance
01tWC00000DD1cMYAT,CS-PSA-RNM-PSANM,Powertech Security Auditor-NewMaintenance,New Maintenance
01tWC00000DD1bEYAT,CS-PDM-RNM-PDMIIN,Powertech Database Monitor for IBM i-NewMaintenance,New Maintenance
01tWC00000DD1KKYA1,DP-DC-RNM-FDEPNM,Fortra DCS Essential Package-NewMaintenance,New Maintenance
01tWC00000DD1cOYAT,CS-PSA-RRM-PSARM,Powertech Security Auditor-RenewalMaintenance,Renewal Maintenance
01tWC00000DCxlMYAT,CM-TQR-RNM-TQSSNM,TeamQuest Surveyor for Systems-NewMaintenance,New Maintenance
01tWC00000DD1KSYA1,DP-DC-RNM-FDDRDA,Fortra DCS for DaR (Data at rest) with DCS INTELLIGENT PROTECTION-NewMaintenance,New Maintenance
01tWC00000DD1wnYAD,DM-WFM-RNM-WFMNM,Webdocs Forms Management-NewMaintenance,New Maintenance
01tWC00000DD09wYAD,SM-RON-RRM-NHRM,NETWORK-Host-RenewalMaintenance,Renewal Maintenance
01tWC00000DD13SYAT,IGA-AAS-RRM-ACISRE,Aspect Communications IVR Software-RenewalMaintenance,Renewal Maintenance
01tWC00000DD1mdYAD,FIM-FIM-RNM-TEA,TE Academic Institution Site License - Database-NewMaintenance,New Maintenance
01tWC00000DD1MVYA1,GOA-GAM-RNM-GABAMN,GoAnywhere Business Activity Monitor-NewMaintenance,New Maintenance
01tWC00000DD1ZgYAL,SM-RSP-RRM-ROSPAC,Robot Space-RenewalMaintenance,Renewal Maintenance
01tWC00000DD1gIYAT,BI-CRO-RNM-SCRM,SEQUEL Client Report Option-NewMaintenance,New Maintenance
01tWC00000DD1uAYAT,CM-TQU-RRM-UNITEA,Unisys - TeamQuest Harvest MCP-OTC-RenewalMaintenance,Renewal Maintenance
01tWC00000DD1MbYAL,GOA-GAM-RRM-GACCPR,GoAnywhere Cloud Connector Premium-RenewalMaintenance,Renewal Maintenance
01tWC00000DD20bYAD,FIM-FIM-RRM-IERM,IP360 - EVAL-RenewalMaintenance,Renewal Maintenance
01tWC00000DD1GYYA1,DM-DML-RNM-EFSLNM,Email File Server - Legacy-NewMaintenance,New Maintenance
01tWC00000DCxmNYAT,FIM-FIM-RNM-TTBELN,Tripwire - Term Based Enterprise License-NewMaintenance,New Maintenance
01tWC00000DD1UcYAL,SM-PFA-RRM-PARM,Performance Analyzer-RenewalMaintenance,Renewal Maintenance
01tWC00000DD16AYAT,CM-TQO-RNM-CCML1P,CCM Level 1 - PS APP MODULE-NewMaintenance,New Maintenance
01tWC00000DD1KOYA1,DP-DC-RNM-FDEUPN,Fortra DCS ESSENTIALS ULTRA PACKAGE-NewMaintenance,New Maintenance
01tWC00000DD1WrYAL,SM-QRC-RNM-QREMNE,QRemote Control-NewMaintenance,New Maintenance
01tWC00000DD1YtYAL,SM-RHA-RRM-RHRM,Robot HA-RenewalMaintenance,Renewal Maintenance
01tWC00000DD1rjYAD,SM-VMC-RNM-VMCL,VMC - Linux Operations Agent-NewMaintenance,New Maintenance
01tWC00000DD12xYAD,SM-VIT-RRM-AOBSRM,Alignia - Online Business Service-RenewalMaintenance,Renewal Maintenance
01tWC00000DD17sYAD,DM-DML-RNM-CIBNM,Comprehensive i Bundle-NewMaintenance,New Maintenance
01tWC00000DCxloYAD,DP-DC-RNM-TCMNM,Titus Classification for Mobile-NewMaintenance,New Maintenance
01tWC00000DD1enYAD,ES-SIG-RNM-SECICA,SECURE ICAP Gateway Advanced Security Package Per User-NewMaintenance,New Maintenance
01tWC00000DD1JLYA1,GOA-FIL-RNM-FCRPNM,FileCatalyst Reverse Proxy-NewMaintenance,New Maintenance
01tWC00000DD1R4YAL,SM-SYM-RNM-MMNM,Message Manager-NewMaintenance,New Maintenance
01tWC00000DD1w4YAD,SM-VMC-RRM-VICO,VISUAL Control for Jobs-RenewalMaintenance,Renewal Maintenance
01tWC00000DD1tjYAD,FIM-FML-RRM-TVLSRM,Tripwire VIA for Large Stores-RenewalMaintenance,Renewal Maintenance
01tWC00000DD09UYAT,DM-DML-RRM-NDIRCR,Native DataImport Report Converter-RenewalMaintenance,Renewal Maintenance
01tWC00000DD1BVYA1,FIM-FIM-RNM-DPELNM,Device Profiler Ev Limited-NewMaintenance,New Maintenance
01tWC00000DCzhdYAD,BI-SQ-RNM-SSBPNM,SEQUEL SMB Bundle - Primary-NewMaintenance,New Maintenance
01tWC00000DD21DYAT,FIM-TLC-RRM-TLCERM,Tripwire Log Center - EVAL-RenewalMaintenance,Renewal Maintenance
01tWC00000DD1rBYAT,SM-VMC-RRM-VHOM,VMC - Hub Option-RenewalMaintenance,Renewal Maintenance
01tWC00000DD1vCYAT,CM-TQU-RNM-UTQPRO,Unisys - TeamQuest Probes OS2200-OTC-NewMaintenance,New Maintenance
01tWC00000DD1tKYAT,FIM-TLC-RNM-TLCRLC,Tripwire Log Center Remote Log Collector-NewMaintenance,New Maintenance
01tWC00000DD1YnYAL,SM-RCP-RNM-RONM,Robot CPA-NewMaintenance,New Maintenance
01tWC00000DD1QtYAL,DP-DC-RNM-MCCOCD,Message Classification & Classification for Office & Classification for Desktop Bundle-NewMaintenance,New Maintenance
01tWC00000DD14tYAD,RPA-AUD-RNM-AURU,Automate Runtime-NewMaintenance,New Maintenance
01tWC00000DD1QsYAL,DP-DC-RRM-MCRM,Message Classification-RenewalMaintenance,Renewal Maintenance
01tWC00000DD1luYAD,ES-SXG-RRM-SSSEXR,Structural Sanitization For SECURE Exchange Gateway-RenewalMaintenance,Renewal Maintenance
01tWC00000DD1LfYAL,SM-HCS-RNM-GANNNE,Gannett Suite-NewMaintenance,New Maintenance
01tWC00000DD1m8YAD,DM-SV4-RRM-S4RM,Surveyor/400-RenewalMaintenance,Renewal Maintenance
01tWC00000DD1HaYAL,DM-EW-RNM-EWLNM,Enterprise Workflow - Legacy-NewMaintenance,New Maintenance
01tWC00000DD1fqYAD,SM-VMC-RNM-SKENM,Security KM Events-NewMaintenance,New Maintenance
01tWC00000DD1rdYAD,SM-VMC-RRM-VMCSAR,VMC - iSeries Support Agent (Powered by VSP)-RenewalMaintenance,Renewal Maintenance
01tWC00000DD1fBYAT,ES-SWG-RNM-SWGM,SECURE Web Gateway-NewMaintenance,New Maintenance
01tWC00000DCzhWYAT,BI-ISA-RRM-IAPRMRM,Insite Analytics - Premium-RenewalMaintenance,Renewal Maintenance
01tWC00000DCzheYAD,BI-SQ-RRM-SSBSRM,SEQUEL SMB Bundle - Secondary-RenewalMaintenance,Renewal Maintenance
01tWC00000DD22iYAD,GS-GSE-RRM-PGPARM,PGP Actions-RenewalMaintenance,Renewal Maintenance
01tWC00000DD1OaYAL,GOA-GAM-RRM-GASDRM,GoAnywhere Security Domains-RenewalMaintenance,Renewal Maintenance
01tWC00000DD1JjYAL,NW-INT-RNM-FLOWNE,Flow Exporters-NewMaintenance,New Maintenance
01tWC00000DD1UaYAL,SM-PFA-RNM-PANM,Performance Analyzer-NewMaintenance,New Maintenance
01tWC00000DD1MlYAL,GOA-GAM-RNM-GACBNM,GoAnywhere Collaboration Bundle-NewMaintenance,New Maintenance
01tWC00000DD12tYAD,SM-VIT-RRM-AISRM,Alignia - Internal Service-RenewalMaintenance,Renewal Maintenance
01tWC00000DD1YLYA1,SM-ROA-RNM-RANM,Robot Alert-NewMaintenance,New Maintenance
01tWC00000DCxljYAD,DP-DC-RRM-TRM,Titus-RenewalMaintenance,Renewal Maintenance
01tWC00000DD1cGYAT,CS-PRA-RRM-PRAIIR,Powertech Risk Assessor for IBM i-RenewalMaintenance,Renewal Maintenance
01tWC00000DD1g4YAD,CS-PSS-RRM-SSCPRM,Security Scan - Cross Platform-RenewalMaintenance,Renewal Maintenance
01tWC00000DCyxrYAD,SM-VMC-RRM-VMWIND,VMC - Windows Security Agent - 10 Units Package-RenewalMaintenance,Renewal Maintenance
01tWC00000DD1eVYAT,ES-SXG-RRM-SEEXGA,SECURE Exchange Gateway Elite Security Package-RenewalMaintenance,Renewal Maintenance
01tWC00000DD1feYAD,CS-DFT-RNM-SADNM,Security Audit & Detection-NewMaintenance,New Maintenance
01tWC00000DD1gAYAT,BI-SQ-RNM-SEQUEL,Sequel-NewMaintenance,New Maintenance
01tWC00000DD0AXYA1,SM-NSS-RNM-NSSWNM,NSS - Windows-NewMaintenance,New Maintenance
01tWC00000DD1sdYAD,SM-VMC-RNM-VUSM,VMC - Unix Security Agent-NewMaintenance,New Maintenance
01tWC00000DD1O1YAL,GOA-GAM-RRM-GAPSSR,GoAnywhere PeSIT Server-RenewalMaintenance,Renewal Maintenance
01tWC00000DD1V2YAL,CM-TQO-RRM-PO1YRE,PMPlus OS2200-1-Year-Tier10-Mainframe-RenewalMaintenance,Renewal Maintenance
01tWC00000DD20SYAT,DP-DC-RRM-FDPUPGRM,"Fortra DCS ""Plus"" ULTRA Package - Government-RenewalMaintenance",Renewal Maintenance
01tWC00000DD1jyYAD,BI-SQ-RNM-SRDNM,Sequel Repository Designer-NewMaintenance,New Maintenance
01tWC00000DD1QJYA1,SM-LMM-RNM-LMMSNE,Lvl1: Message Management Suite-NewMaintenance,New Maintenance
01tWC00000DD1RCYA1,SM-MP-RNM-MPNM,MessengerPlus-NewMaintenance,New Maintenance
01tWC00000DD1X9YAL,SM-RAP-RNM-RECONE,Record and Playback-NewMaintenance,New Maintenance
01tWC00000DD1feYAD,CS-DFT-RNM-SADNM,Security Audit & Detection-NewMaintenance,New Maintenance
01tWC00000DD09YYAT,DM-IBM-RNM-NPTPCL,Native PCL to PDF Converter - Legacy-NewMaintenance,New Maintenance
01tWC00000DD1ODYA1,GOA-GAM-RNM-GAPBNM,GoAnywhere Premium Bundle-NewMaintenance,New Maintenance
01tWC00000DD1xiYAD,DM-DML-RNM-WSHRCN,WinSpool HTML Report Converter-NewMaintenance,New Maintenance
01tWC00000DD1GVYA1,DM-DML-RNM-EDBBNM,Email Dist Bundle Basic-NewMaintenance,New Maintenance
01tWC00000DD1ArYAL,DP-DC-RNM-DCSPNM,DCS Plus-NewMaintenance,New Maintenance
01tWC00000DD1dEYAT,BI-SDW-RNM-RRLNM,Rodin Runtime - Legacy-NewMaintenance,New Maintenance
01tWC00000DD1qKYAT,SM-VMC-RRM-VISURE,VISUAL Remote Control (add-on to VSP)-RenewalMaintenance,Renewal Maintenance
01tWC00000DD22jYAD,GS-GSE-RRM-PBRM,Premium Bundle-RenewalMaintenance,Renewal Maintenance
01tWC00000DD121YAD,SM-NSS-RNM-AIXOPN,AIX on Power-NewMaintenance,New Maintenance
01tWC00000DD1g2YAD,CS-PSS-RNM-SSCPNM,Security Scan - Cross Platform-NewMaintenance,New Maintenance
01tWC00000DD1P7YAL,GOA-GAM-RNM-GAWENM,GoAnywhere Workflows Express-NewMaintenance,New Maintenance
01tWC00000DD20nYAD,FIM-FIM-RNM-TENDENM,Tripwire Enterprise for Network Devices - EVAL-NewMaintenance,New Maintenance
01tWC00000DD1sNYAT,SM-VMC-RNM-VSQL,VMC - SQL Server Security Agent-NewMaintenance,New Maintenance
01tWC00000DD1g8YAD,CS-PSS-RRM-SSIRM,Security Scan - i-RenewalMaintenance,Renewal Maintenance
01tWC00000DCxmLYAT,BI-SDW-RRM-TRENRE,Trend Tables-RenewalMaintenance,Renewal Maintenance
01tWC00000DD19kYAD,DM-EU-RRM-DE4LRM,Data Export/400 - Legacy-RenewalMaintenance,Renewal Maintenance
01tWC00000DD1lqYAD,ES-SEG-RRM-SSSEGR,Structural Sanitization For SECURE Email Gateway-RenewalMaintenance,Renewal Maintenance
01tWC00000DD1U9YAL,SM-PRM-RNM-PASSNE,Password Reset-NewMaintenance,New Maintenance
01tWC00000DD15AYAT,DM-IRM-RNM-BRSNM,Batch Report Server-NewMaintenance,New Maintenance
01tWC00000DD1ABYA1,ES-SEG-RRM-DRSEGR,Data Redaction For Secure Email Gateway-RenewalMaintenance,Renewal Maintenance
01tWC00000DD1GQYA1,DM-DML-RNM-ELECLN,Electronic Forms License-NewMaintenance,New Maintenance
01tWC00000DD1sJYAT,SM-VMC-RNM-VMSQ,VMC - SQL Server Operations Agent-NewMaintenance,New Maintenance
01tWC00000DCxm6YAD,DP-DC-RRM-TMCRM,Titus Message Classification-RenewalMaintenance,Renewal Maintenance
01tWC00000DD0ANYA1,SM-NSS-RRM-NSSSNT,NSS - SNMP Trap Receiver-RenewalMaintenance,Renewal Maintenance
01tWC00000DD231YAD,BI-SDW-RNM-SDWBGENM,SEQUEL Data Warehouse Bundle - Gold Edition-NewMaintenance,New Maintenance
01tWC00000DCwWHYA1,NW-INT-RRM-ISLRM,Intermapper Server (Legacy)-RenewalMaintenance,Renewal Maintenance
01tWC00000DD1DVYA1,DM-DML-RNM-DCBBNE,Download Conv Bund Basic-NewMaintenance,New Maintenance
01tWC00000DCwWFYA1,NW-INT-RNM-ISLNM,Intermapper Server (Legacy)-NewMaintenance,New Maintenance
01tWC00000DD20oYAD,FIM-FIM-RRM-TETRM,Tripwire Enterprise for TIV-RenewalMaintenance,Renewal Maintenance
01tWC00000DD1k0YAD,BI-SQ-RRM-SRDRM,Sequel Repository Designer-RenewalMaintenance,Renewal Maintenance
01tWC00000DD21HYAT,FIM-TLC-RRM-TLCFSERM,Tripwire Log Center for File Systems - EVAL-RenewalMaintenance,Renewal Maintenance
01tWC00000DD1qUYAT,CM-VCM-RNM-VCMENM,Vityl Capacity Management Enterprise-NewMaintenance,New Maintenance
01tWC00000DD21fYAD,GS-GSE-RNM-ERAM(NM,EFT Remote Agent Module (RAM)-NewMaintenance,New Maintenance
01tWC00000DD1loYAD,ES-SEG-RNM-SSSEGN,Structural Sanitization For SECURE Email Gateway-NewMaintenance,New Maintenance
01tWC00000DD1jbYAD,BI-SDW-RNM-SDWRSL,Sequel Data Warehouse (RODIN) Select License-NewMaintenance,New Maintenance
01tWC00000DD21GYAT,FIM-TLC-RNM-TLCDENM,Tripwire Log Center for Desktops - EVAL-NewMaintenance,New Maintenance
01tWC00000DD1moYAD,FIM-FIM-RNM-TELSUT,Tripwire Enterprise for Large Stores (up to 75 FS)-NewMaintenance,New Maintenance
