Compiled successfully.
Executed successfully.

67.0 APEX_CODE,FINEST;APEX_PROFILING,ERROR;CALLOUT,INFO;DATA_ACCESS,NONE;DB,INFO;NBA,ERROR;SYSTEM,FINEST;VALIDATION,ERROR;VISUALFORCE,FINE;WAVE,ERROR;WORKFLOW,FINEST
Execute Anonymous: OrderRepriceInvocable.Request req = new OrderRepriceInvocable.Request();
Execute Anonymous: req.orderId = '801WC00000knHDLYA2';
Execute Anonymous: List<OrderRepriceInvocable.Result> results =
Execute Anonymous:     OrderRepriceInvocable.reprice(new List<OrderRepriceInvocable.Request>{ req });
Execute Anonymous: OrderRepriceInvocable.Result r = results[0];
Execute Anonymous: System.debug('REPRICE_RESULT success=' + r.success
Execute Anonymous:     + ' | calc=' + r.calculationStatus
Execute Anonymous:     + ' | valid=' + r.validationResult
Execute Anonymous:     + ' | pricingReady=' + r.pricingReady
Execute Anonymous:     + ' | err=' + r.errorMessage);
12:19:42.137 (137932428)|USER_INFO|[EXTERNAL]|005WC00000MgTN2|liam.jeong.c@fortra.com.uat|(GMT-07:00) Pacific Daylight Time (America/Los_Angeles)|GMT-07:00
12:19:42.137 (137955170)|EXECUTION_STARTED
12:19:42.137 (137967474)|CODE_UNIT_STARTED|[EXTERNAL]|execute_anonymous_apex
12:19:42.137 (138098628)|HEAP_ALLOCATE|[95]|Bytes:3
12:19:42.137 (138139363)|HEAP_ALLOCATE|[100]|Bytes:152
12:19:42.137 (138151237)|HEAP_ALLOCATE|[417]|Bytes:408
12:19:42.137 (138161932)|HEAP_ALLOCATE|[430]|Bytes:408
12:19:42.137 (138181271)|HEAP_ALLOCATE|[317]|Bytes:6
12:19:42.137 (139954375)|VARIABLE_SCOPE_BEGIN|[5]|r|OrderRepriceInvocable.Result|true|false
12:19:42.137 (140020899)|VARIABLE_SCOPE_BEGIN|[1]|req|OrderRepriceInvocable.Request|true|false
12:19:42.137 (140060229)|VARIABLE_SCOPE_BEGIN|[3]|results|List<OrderRepriceInvocable.Result>|true|false
12:19:42.137 (140068915)|HEAP_ALLOCATE|[EXTERNAL]|Bytes:20
12:19:42.137 (140131012)|STATEMENT_EXECUTE|[1]
12:19:42.137 (140133275)|STATEMENT_EXECUTE|[1]
12:19:42.137 (140150061)|HEAP_ALLOCATE|[1]|Bytes:8
12:19:42.137 (140186044)|HEAP_ALLOCATE|[68]|Bytes:5
12:19:42.137 (140208245)|HEAP_ALLOCATE|[74]|Bytes:5
12:19:42.137 (140213927)|HEAP_ALLOCATE|[82]|Bytes:7
12:19:42.137 (140233276)|SYSTEM_MODE_ENTER|false
12:19:42.137 (140258534)|HEAP_ALLOCATE|[1]|Bytes:5
12:19:42.137 (140270358)|CONSTRUCTOR_ENTRY|[1]|01pWC000002VIVl|<init>()|OrderRepriceInvocable.Request
12:19:42.137 (140303022)|VARIABLE_SCOPE_BEGIN|[10]|this|OrderRepriceInvocable.Request|true|false
12:19:42.137 (140400745)|VARIABLE_ASSIGNMENT|[10]|this|{}|0x1bb0897d
12:19:42.137 (140406712)|HEAP_ALLOCATE|[EXTERNAL]|Bytes:6
12:19:42.137 (142801583)|STATEMENT_EXECUTE|[10]
12:19:42.137 (142804601)|STATEMENT_EXECUTE|[12]
12:19:42.137 (142809731)|CONSTRUCTOR_EXIT|[1]|01pWC000002VIVl|<init>()|OrderRepriceInvocable.Request
12:19:42.137 (142822798)|SYSTEM_MODE_EXIT|false
12:19:42.137 (142859190)|VARIABLE_ASSIGNMENT|[1]|req|{}|0x1bb0897d
12:19:42.137 (142862447)|STATEMENT_EXECUTE|[2]
12:19:42.137 (142866133)|HEAP_ALLOCATE|[2]|Bytes:18
12:19:42.137 (142882811)|HEAP_ALLOCATE|[2]|Bytes:4
12:19:42.137 (143037041)|VARIABLE_ASSIGNMENT|[2]|this.orderId|"801WC00000knHDLYA2"|0x1bb0897d
12:19:42.137 (143041782)|STATEMENT_EXECUTE|[3]
12:19:42.137 (143072446)|HEAP_ALLOCATE|[4]|Bytes:4
12:19:42.137 (143121854)|SYSTEM_CONSTRUCTOR_ENTRY|[4]|<init>()
12:19:42.137 (143141374)|SYSTEM_CONSTRUCTOR_EXIT|[4]|<init>()
12:19:42.137 (143177799)|SYSTEM_MODE_ENTER|false
12:19:42.137 (143194370)|HEAP_ALLOCATE|[4]|Bytes:5
12:19:42.137 (143854385)|HEAP_ALLOCATE|[4]|Bytes:14
12:19:42.137 (143858539)|HEAP_ALLOCATE|[4]|Bytes:23
12:19:42.137 (143871434)|METHOD_ENTRY|[8]|01pWC000002VIVl|OrderRepriceInvocable.OrderRepriceInvocable()
12:19:42.137 (143874993)|STATEMENT_EXECUTE|[8]
12:19:42.137 (143878036)|STATEMENT_EXECUTE|[8]
12:19:42.137 (143882245)|SYSTEM_MODE_ENTER|true
12:19:42.137 (143886544)|HEAP_ALLOCATE|[4]|Bytes:5
12:19:42.137 (143888533)|STATEMENT_EXECUTE|[10]
12:19:42.137 (143889334)|STATEMENT_EXECUTE|[15]
12:19:42.137 (143892129)|SYSTEM_MODE_EXIT|true
12:19:42.137 (143899572)|METHOD_EXIT|[8]|OrderRepriceInvocable
12:19:42.137 (143927900)|METHOD_ENTRY|[4]|01pWC000002VIVl|OrderRepriceInvocable.reprice(List<OrderRepriceInvocable.Request>)
12:19:42.137 (143933304)|VARIABLE_SCOPE_BEGIN|[25]|requests|List<OrderRepriceInvocable.Request>|true|false
12:19:42.137 (143965133)|HEAP_ALLOCATE|[EXTERNAL]|Bytes:8
12:19:42.137 (144108533)|VARIABLE_ASSIGNMENT|[EXTERNAL]|this|{"orderId":"801WC00000knHDLYA2"}|0x1bb0897d
12:19:42.137 (144147841)|VARIABLE_ASSIGNMENT|[25]|requests|"common.apex.runtime.impl.ScalarList@1bb0899c"|0x17e08503
12:19:42.137 (144153601)|SYSTEM_MODE_ENTER|true
12:19:42.137 (144157077)|HEAP_ALLOCATE|[26]|Bytes:5
12:19:42.137 (144159453)|STATEMENT_EXECUTE|[25]
12:19:42.137 (144160284)|STATEMENT_EXECUTE|[26]
12:19:42.137 (144167382)|HEAP_ALLOCATE|[26]|Bytes:4
12:19:42.137 (144193072)|SYSTEM_CONSTRUCTOR_ENTRY|[26]|<init>()
12:19:42.137 (144225816)|SYSTEM_CONSTRUCTOR_EXIT|[26]|<init>()
12:19:42.137 (144228586)|VARIABLE_SCOPE_BEGIN|[26]|out|List<OrderRepriceInvocable.Result>|true|false
12:19:42.137 (144241662)|HEAP_ALLOCATE|[EXTERNAL]|Bytes:4
12:19:42.137 (144246456)|VARIABLE_ASSIGNMENT|[26]|out|[]|0x5a9c6997
12:19:42.137 (144257505)|SYSTEM_METHOD_ENTRY|[27]|List<OrderRepriceInvocable.Request>.iterator()
12:19:42.137 (144366336)|SYSTEM_METHOD_EXIT|[27]|List<OrderRepriceInvocable.Request>.iterator()
12:19:42.137 (144380840)|SYSTEM_METHOD_ENTRY|[27]|system.ListIterator.hasNext()
12:19:42.137 (144386523)|HEAP_ALLOCATE|[27]|Bytes:5
12:19:42.137 (144390485)|SYSTEM_METHOD_EXIT|[27]|system.ListIterator.hasNext()
12:19:42.137 (144398221)|HEAP_ALLOCATE|[27]|Bytes:8
12:19:42.137 (144403268)|VARIABLE_SCOPE_BEGIN|[27]|req|OrderRepriceInvocable.Request|true|false
12:19:42.137 (144460099)|VARIABLE_ASSIGNMENT|[27]|req|{"orderId":"801WC00000knHDLYA2"}|0x1bb0897d
12:19:42.137 (144464196)|STATEMENT_EXECUTE|[27]
12:19:42.137 (144465161)|STATEMENT_EXECUTE|[28]
12:19:42.137 (144476306)|METHOD_ENTRY|[28]|01pWC000002VIVl|OrderRepriceInvocable.repriceOne(Id)
12:19:42.137 (144486990)|VARIABLE_SCOPE_BEGIN|[33]|orderId|Id|false|false
12:19:42.137 (144507803)|VARIABLE_ASSIGNMENT|[33]|orderId|"801WC00000knHDLYA2"
12:19:42.137 (144514363)|HEAP_ALLOCATE|[34]|Bytes:5
12:19:42.137 (144516728)|STATEMENT_EXECUTE|[33]
12:19:42.137 (144517695)|STATEMENT_EXECUTE|[34]
12:19:42.137 (144529879)|HEAP_ALLOCATE|[34]|Bytes:24
12:19:42.137 (144540553)|CONSTRUCTOR_ENTRY|[34]|01pWC000002VIVl|<init>()|OrderRepriceInvocable.Result
12:19:42.137 (144549979)|VARIABLE_SCOPE_BEGIN|[15]|this|OrderRepriceInvocable.Result|true|false
12:19:42.137 (144585188)|VARIABLE_ASSIGNMENT|[15]|this|{}|0x27e6c40f
12:19:42.137 (144596987)|STATEMENT_EXECUTE|[15]
12:19:42.137 (144597888)|STATEMENT_EXECUTE|[16]
12:19:42.137 (144601746)|HEAP_ALLOCATE|[16]|Bytes:5
12:19:42.137 (144607662)|VARIABLE_ASSIGNMENT|[16]|this.success|false|0x27e6c40f
12:19:42.137 (144610348)|STATEMENT_EXECUTE|[17]
12:19:42.137 (144611105)|STATEMENT_EXECUTE|[18]
12:19:42.137 (144611848)|STATEMENT_EXECUTE|[19]
12:19:42.137 (144613760)|HEAP_ALLOCATE|[19]|Bytes:5
12:19:42.137 (144616818)|VARIABLE_ASSIGNMENT|[19]|this.pricingReady|false|0x27e6c40f
12:19:42.137 (144619281)|STATEMENT_EXECUTE|[20]
12:19:42.137 (144621230)|CONSTRUCTOR_EXIT|[34]|01pWC000002VIVl|<init>()|OrderRepriceInvocable.Result
12:19:42.137 (144624054)|VARIABLE_SCOPE_BEGIN|[34]|res|OrderRepriceInvocable.Result|true|false
12:19:42.137 (144634462)|VARIABLE_ASSIGNMENT|[34]|res|{"pricingReady":false,"success":false}|0x27e6c40f
12:19:42.137 (144637499)|STATEMENT_EXECUTE|[35]
12:19:42.137 (144638295)|STATEMENT_EXECUTE|[35]
12:19:42.137 (144639115)|STATEMENT_EXECUTE|[36]
12:19:42.137 (148434532)|VARIABLE_SCOPE_BEGIN|[13]|MaintenanceOrderDecompositionService.MAINTENANCE_TIER_ATTRIBUTE|String|false|true
12:19:42.137 (148464939)|VARIABLE_SCOPE_BEGIN|[8]|MaintenanceOrderDecompositionService.NEW_BUSINESS_QUOTE_TYPES|Set<String>|true|true
12:19:42.137 (148480302)|HEAP_ALLOCATE|[37]|Bytes:65
12:19:42.137 (148486154)|HEAP_ALLOCATE|[37]|Bytes:126
12:19:42.137 (148488065)|HEAP_ALLOCATE|[37]|Bytes:21
12:19:42.137 (148501318)|VARIABLE_ASSIGNMENT|[37]|MaintenanceOrderDecompositionService.MAINTENANCE_TIER_ATTRIBUTE|"Maintenance Type Def (1 more) ..."
12:19:42.137 (148518746)|METHOD_ENTRY|[6]|01pWC000002W5rR|MaintenanceOrderDecompositionService.MaintenanceOrderDecompositionService()
12:19:42.137 (148523804)|STATEMENT_EXECUTE|[6]
12:19:42.137 (148526781)|STATEMENT_EXECUTE|[6]
12:19:42.137 (148533848)|SYSTEM_MODE_ENTER|false
12:19:42.137 (148541445)|HEAP_ALLOCATE|[8]|Bytes:5
12:19:42.137 (148544788)|STATEMENT_EXECUTE|[8]
12:19:42.137 (148555193)|HEAP_ALLOCATE|[8]|Bytes:4
12:19:42.137 (148568288)|SYSTEM_CONSTRUCTOR_ENTRY|[8]|<init>(Integer)
12:19:42.137 (148584851)|SYSTEM_CONSTRUCTOR_EXIT|[8]|<init>(Integer)
12:19:42.137 (148588611)|HEAP_ALLOCATE|[9]|Bytes:3
12:19:42.137 (148612712)|SYSTEM_METHOD_ENTRY|[8]|Set<String>.add(Object)
12:19:42.137 (148619919)|SYSTEM_METHOD_EXIT|[8]|Set<String>.add(Object)
12:19:42.137 (148623154)|HEAP_ALLOCATE|[9]|Bytes:7
12:19:42.137 (148626892)|SYSTEM_METHOD_ENTRY|[8]|Set<String>.add(Object)
12:19:42.137 (148629916)|SYSTEM_METHOD_EXIT|[8]|Set<String>.add(Object)
12:19:42.137 (148665960)|VARIABLE_ASSIGNMENT|[8]|MaintenanceOrderDecompositionService.NEW_BUSINESS_QUOTE_TYPES|["New","Net-New"]|0x35f8d629
12:19:42.137 (148668974)|STATEMENT_EXECUTE|[15]
12:19:42.137 (148669900)|STATEMENT_EXECUTE|[26]
12:19:42.137 (148670673)|STATEMENT_EXECUTE|[710]
12:19:42.137 (148671605)|STATEMENT_EXECUTE|[715]
12:19:42.137 (148675373)|SYSTEM_MODE_EXIT|false
12:19:42.137 (148682439)|METHOD_EXIT|[6]|MaintenanceOrderDecompositionService
12:19:42.137 (148694652)|METHOD_ENTRY|[37]|01pWC000002W5rR|MaintenanceOrderDecompositionService.prepareForReprice(Id)
12:19:42.137 (148841831)|VARIABLE_SCOPE_BEGIN|[762]|orderId|Id|false|false
12:19:42.137 (148899568)|VARIABLE_ASSIGNMENT|[762]|orderId|"801WC00000knHDLYA2"
12:19:42.137 (148907903)|SYSTEM_MODE_ENTER|false
12:19:42.137 (148913040)|HEAP_ALLOCATE|[763]|Bytes:5
12:19:42.137 (148915418)|STATEMENT_EXECUTE|[762]
12:19:42.137 (148916233)|STATEMENT_EXECUTE|[763]
12:19:42.137 (148925319)|METHOD_ENTRY|[763]|01pWC000002W5rR|MaintenanceOrderDecompositionService.loadWork(Id)
12:19:42.137 (148987698)|VARIABLE_SCOPE_BEGIN|[251]|orderId|Id|false|false
12:19:42.137 (149007945)|VARIABLE_ASSIGNMENT|[251]|orderId|"801WC00000knHDLYA2"
12:19:42.137 (149013723)|HEAP_ALLOCATE|[252]|Bytes:5
12:19:42.137 (149015898)|STATEMENT_EXECUTE|[251]
12:19:42.137 (149016753)|STATEMENT_EXECUTE|[252]
12:19:42.137 (149184833)|HEAP_ALLOCATE|[252]|Bytes:36
12:19:42.137 (149195400)|CONSTRUCTOR_ENTRY|[252]|01pWC000002W5rR|<init>()|MaintenanceOrderDecompositionService.OrderMaintenanceWork
12:19:42.137 (149205983)|VARIABLE_SCOPE_BEGIN|[26]|this|MaintenanceOrderDecompositionService.OrderMaintenanceWork|true|false
12:19:42.137 (149243106)|VARIABLE_ASSIGNMENT|[26]|this|{}|0x4ca3ffce
12:19:42.137 (149257945)|STATEMENT_EXECUTE|[26]
12:19:42.137 (149258867)|STATEMENT_EXECUTE|[27]
12:19:42.137 (149259678)|STATEMENT_EXECUTE|[28]
12:19:42.137 (149263388)|HEAP_ALLOCATE|[28]|Bytes:5
12:19:42.137 (149269538)|VARIABLE_ASSIGNMENT|[28]|this.isNewBusiness|false|0x4ca3ffce
12:19:42.137 (149272225)|STATEMENT_EXECUTE|[29]
12:19:42.137 (149273037)|STATEMENT_EXECUTE|[30]
12:19:42.137 (149279649)|HEAP_ALLOCATE|[30]|Bytes:4
12:19:42.137 (149310774)|VARIABLE_ASSIGNMENT|[30]|this.placeById|{}|0x4ca3ffce
12:19:42.137 (149313773)|STATEMENT_EXECUTE|[31]
12:19:42.137 (149318520)|HEAP_ALLOCATE|[31]|Bytes:4
12:19:42.137 (149340852)|SYSTEM_CONSTRUCTOR_ENTRY|[31]|<init>()
12:19:42.137 (149356008)|SYSTEM_CONSTRUCTOR_EXIT|[31]|<init>()
12:19:42.137 (149360563)|HEAP_ALLOCATE|[EXTERNAL]|Bytes:4
12:19:42.137 (149367388)|VARIABLE_ASSIGNMENT|[31]|this.allOrderItems|[]|0x4ca3ffce
12:19:42.137 (149369945)|STATEMENT_EXECUTE|[32]
12:19:42.137 (149373613)|HEAP_ALLOCATE|[32]|Bytes:4
12:19:42.137 (149383184)|VARIABLE_ASSIGNMENT|[32]|this.qliById|{}|0x4ca3ffce
12:19:42.137 (149385543)|STATEMENT_EXECUTE|[33]
12:19:42.137 (149389553)|HEAP_ALLOCATE|[33]|Bytes:4
12:19:42.137 (149394532)|SYSTEM_CONSTRUCTOR_ENTRY|[33]|<init>(Integer)
12:19:42.137 (149399640)|SYSTEM_CONSTRUCTOR_EXIT|[33]|<init>(Integer)
12:19:42.137 (149416720)|VARIABLE_ASSIGNMENT|[33]|this.derivedPbeIds|[]|0x4ca3ffce
12:19:42.137 (149419134)|STATEMENT_EXECUTE|[34]
12:19:42.137 (149422343)|HEAP_ALLOCATE|[34]|Bytes:4
12:19:42.137 (149427647)|VARIABLE_ASSIGNMENT|[34]|this.tierByQliId|{}|0x4ca3ffce
12:19:42.137 (149431249)|CONSTRUCTOR_EXIT|[252]|01pWC000002W5rR|<init>()|MaintenanceOrderDecompositionService.OrderMaintenanceWork
12:19:42.137 (149434567)|VARIABLE_SCOPE_BEGIN|[252]|work|MaintenanceOrderDecompositionService.OrderMaintenanceWork|true|false
12:19:42.137 (149455451)|VARIABLE_ASSIGNMENT|[252]|work|{"allOrderItems":"0x1f2afe8","derivedPbeIds":"0x6d60f19c","isNewBusiness":false,"placeById":"0x24d725a5","qliById":"0x77d9f37e","tierByQliId":"0x63c09f82"}|0x4ca3ffce
12:19:42.137 (149459453)|STATEMENT_EXECUTE|[253]
12:19:42.137 (149490987)|VARIABLE_ASSIGNMENT|[253]|this.orderId|"801WC00000knHDLYA2"|0x4ca3ffce
12:19:42.137 (149494412)|STATEMENT_EXECUTE|[255]
12:19:42.137 (149495362)|STATEMENT_EXECUTE|[259]
12:19:42.137 (149498470)|HEAP_ALLOCATE|[259]|Bytes:4
12:19:42.137 (149502823)|SYSTEM_CONSTRUCTOR_ENTRY|[259]|<init>(Integer)
12:19:42.137 (149508182)|SYSTEM_CONSTRUCTOR_EXIT|[259]|<init>(Integer)
12:19:42.137 (149521212)|SYSTEM_METHOD_ENTRY|[259]|Set<Id>.add(Object)
12:19:42.137 (149526895)|SYSTEM_METHOD_EXIT|[259]|Set<Id>.add(Object)
12:19:42.137 (149535625)|METHOD_ENTRY|[259]|01pWC000002W5rR|MaintenanceOrderDecompositionService.loadWorkBulk(Set<Id>)
12:19:42.137 (149539552)|VARIABLE_SCOPE_BEGIN|[41]|orderIds|Set<Id>|true|false
12:19:42.137 (149552001)|VARIABLE_ASSIGNMENT|[41]|orderIds|["801WC00000knHDLYA2"]|0x14a188e7
12:19:42.137 (149558739)|HEAP_ALLOCATE|[42]|Bytes:5
12:19:42.137 (149561125)|STATEMENT_EXECUTE|[41]
12:19:42.137 (149562020)|STATEMENT_EXECUTE|[42]
12:19:42.137 (149577556)|HEAP_ALLOCATE|[42]|Bytes:4
12:19:42.137 (149588783)|VARIABLE_SCOPE_BEGIN|[42]|workByOrderId|Map<Id,MaintenanceOrderDecompositionService.OrderMaintenanceWork>|true|false
12:19:42.137 (149594673)|VARIABLE_ASSIGNMENT|[42]|workByOrderId|{}|0x2c5bdb0e
12:19:42.137 (149599486)|SYSTEM_METHOD_ENTRY|[43]|Set<Id>.isEmpty()
12:19:42.137 (149607236)|SYSTEM_METHOD_EXIT|[43]|Set<Id>.isEmpty()
12:19:42.137 (149611532)|STATEMENT_EXECUTE|[43]
12:19:42.137 (149614438)|SYSTEM_METHOD_ENTRY|[47]|Set<Id>.iterator()
12:19:42.137 (149628554)|SYSTEM_METHOD_EXIT|[47]|Set<Id>.iterator()
12:19:42.137 (149641622)|SYSTEM_METHOD_ENTRY|[47]|com.salesforce.api.fast.SetIterator..lcom.force.swag.id.ID..r.hasNext()
12:19:42.137 (149646433)|HEAP_ALLOCATE|[47]|Bytes:5
12:19:42.137 (149649917)|SYSTEM_METHOD_EXIT|[47]|com.salesforce.api.fast.SetIterator..lcom.force.swag.id.ID..r.hasNext()
12:19:42.137 (149677617)|HEAP_ALLOCATE|[47]|Bytes:4
12:19:42.137 (149679876)|VARIABLE_SCOPE_BEGIN|[47]|orderId|Id|false|false
12:19:42.137 (149706228)|VARIABLE_ASSIGNMENT|[47]|orderId|"801WC00000knHDLYA2"
12:19:42.137 (149709511)|STATEMENT_EXECUTE|[47]
12:19:42.137 (149710837)|STATEMENT_EXECUTE|[48]
12:19:42.137 (149711807)|STATEMENT_EXECUTE|[51]
12:19:42.137 (149714632)|HEAP_ALLOCATE|[51]|Bytes:36
12:19:42.137 (149718255)|CONSTRUCTOR_ENTRY|[51]|01pWC000002W5rR|<init>()|MaintenanceOrderDecompositionService.OrderMaintenanceWork
12:19:42.137 (149724794)|VARIABLE_SCOPE_BEGIN|[26]|this|MaintenanceOrderDecompositionService.OrderMaintenanceWork|true|false
12:19:42.137 (149736930)|VARIABLE_ASSIGNMENT|[26]|this|{}|0x718f8749
12:19:42.137 (149745995)|STATEMENT_EXECUTE|[26]
12:19:42.137 (149746979)|STATEMENT_EXECUTE|[27]
12:19:42.137 (149747840)|STATEMENT_EXECUTE|[28]
12:19:42.137 (149749984)|HEAP_ALLOCATE|[28]|Bytes:5
12:19:42.137 (149753898)|VARIABLE_ASSIGNMENT|[28]|this.isNewBusiness|false|0x718f8749
12:19:42.137 (149756325)|STATEMENT_EXECUTE|[29]
12:19:42.137 (149757106)|STATEMENT_EXECUTE|[30]
12:19:42.137 (149760611)|HEAP_ALLOCATE|[30]|Bytes:4
12:19:42.137 (149765290)|VARIABLE_ASSIGNMENT|[30]|this.placeById|{}|0x718f8749
12:19:42.137 (149767660)|STATEMENT_EXECUTE|[31]
12:19:42.137 (149771080)|HEAP_ALLOCATE|[31]|Bytes:4
12:19:42.137 (149773536)|SYSTEM_CONSTRUCTOR_ENTRY|[31]|<init>()
12:19:42.137 (149775857)|SYSTEM_CONSTRUCTOR_EXIT|[31]|<init>()
12:19:42.137 (149778239)|HEAP_ALLOCATE|[EXTERNAL]|Bytes:4
12:19:42.137 (149782171)|VARIABLE_ASSIGNMENT|[31]|this.allOrderItems|[]|0x718f8749
12:19:42.137 (149784472)|STATEMENT_EXECUTE|[32]
12:19:42.137 (149787570)|HEAP_ALLOCATE|[32]|Bytes:4
12:19:42.137 (149791265)|VARIABLE_ASSIGNMENT|[32]|this.qliById|{}|0x718f8749
12:19:42.137 (149793579)|STATEMENT_EXECUTE|[33]
12:19:42.137 (149796184)|HEAP_ALLOCATE|[33]|Bytes:4
12:19:42.137 (149799379)|SYSTEM_CONSTRUCTOR_ENTRY|[33]|<init>(Integer)
12:19:42.137 (149801513)|SYSTEM_CONSTRUCTOR_EXIT|[33]|<init>(Integer)
12:19:42.137 (149810249)|VARIABLE_ASSIGNMENT|[33]|this.derivedPbeIds|[]|0x718f8749
12:19:42.137 (149812562)|STATEMENT_EXECUTE|[34]
12:19:42.137 (149815433)|HEAP_ALLOCATE|[34]|Bytes:4
12:19:42.137 (149819301)|VARIABLE_ASSIGNMENT|[34]|this.tierByQliId|{}|0x718f8749
12:19:42.137 (149822455)|CONSTRUCTOR_EXIT|[51]|01pWC000002W5rR|<init>()|MaintenanceOrderDecompositionService.OrderMaintenanceWork
12:19:42.137 (149825310)|VARIABLE_SCOPE_BEGIN|[51]|work|MaintenanceOrderDecompositionService.OrderMaintenanceWork|true|false
12:19:42.137 (149838903)|VARIABLE_ASSIGNMENT|[51]|work|{"allOrderItems":"0x69f1cf2f","derivedPbeIds":"0x1b80eab4","isNewBusiness":false,"placeById":"0x53a43861","qliById":"0x5e9c4893","tierByQliId":"0x39f36cd8"}|0x718f8749
12:19:42.137 (149842259)|STATEMENT_EXECUTE|[52]
12:19:42.137 (149862299)|VARIABLE_ASSIGNMENT|[52]|this.orderId|"801WC00000knHDLYA2"|0x718f8749
12:19:42.137 (149865317)|STATEMENT_EXECUTE|[53]
12:19:42.137 (149877331)|SYSTEM_METHOD_ENTRY|[53]|Map<Id,MaintenanceOrderDecompositionService.OrderMaintenanceWork>.put(Object, Object)
12:19:42.137 (149888568)|HEAP_ALLOCATE|[EXTERNAL]|Bytes:-4
12:19:42.137 (149893003)|SYSTEM_METHOD_EXIT|[53]|Map<Id,MaintenanceOrderDecompositionService.OrderMaintenanceWork>.put(Object, Object)
12:19:42.137 (149897102)|SYSTEM_METHOD_ENTRY|[47]|com.salesforce.api.fast.SetIterator..lcom.force.swag.id.ID..r.hasNext()
12:19:42.137 (149899573)|HEAP_ALLOCATE|[47]|Bytes:5
12:19:42.137 (149902113)|SYSTEM_METHOD_EXIT|[47]|com.salesforce.api.fast.SetIterator..lcom.force.swag.id.ID..r.hasNext()
12:19:42.137 (149906729)|VARIABLE_ASSIGNMENT|[47]|orderId|null
12:19:42.137 (149910834)|SYSTEM_METHOD_ENTRY|[55]|Map<Id,MaintenanceOrderDecompositionService.OrderMaintenanceWork>.isEmpty()
12:19:42.137 (149915299)|SYSTEM_METHOD_EXIT|[55]|Map<Id,MaintenanceOrderDecompositionService.OrderMaintenanceWork>.isEmpty()
12:19:42.137 (149917376)|STATEMENT_EXECUTE|[55]
12:19:42.137 (149918269)|STATEMENT_EXECUTE|[59]
12:19:42.137 (149920530)|SYSTEM_METHOD_ENTRY|[59]|Map<Id,MaintenanceOrderDecompositionService.OrderMaintenanceWork>.keySet()
12:19:42.137 (149931809)|HEAP_ALLOCATE|[59]|Bytes:26
12:19:42.137 (149934418)|SYSTEM_METHOD_EXIT|[59]|Map<Id,MaintenanceOrderDecompositionService.OrderMaintenanceWork>.keySet()
12:19:42.137 (149936485)|VARIABLE_SCOPE_BEGIN|[59]|resolvedOrderIds|Set<Id>|true|false
12:19:42.137 (149943133)|VARIABLE_ASSIGNMENT|[59]|resolvedOrderIds|["801WC00000knHDLYA2"]|0x57afb7fe
12:19:42.137 (149945961)|STATEMENT_EXECUTE|[60]
12:19:42.137 (149960958)|HEAP_ALLOCATE|[60]|Bytes:4
12:19:42.137 (149963894)|HEAP_ALLOCATE|[60]|Bytes:296
12:19:42.137 (149968503)|HEAP_ALLOCATE|[60]|Bytes:4
12:19:42.137 (149972355)|HEAP_ALLOCATE|[60]|Bytes:7
12:19:42.137 (151261740)|SOQL_EXECUTE_BEGIN|[60]|Aggregations:0|SELECT Id, QuoteId, Quote.QuoteTypeText__c, Quote.Quote_Type__c, Quote.BillToContactId, Quote.ContactId, Quote.Bill_To_Place__c, Quote.Ship_To_Place__c, BillToContactId, ShipToContactId, Bill_To_Account__c, Ship_To_Account__c, Bill_To_Address__c, Ship_To_Address__c FROM Order WHERE Id = :tmpVar1
12:19:42.137 (179312929)|SOQL_EXECUTE_END|[60]|Rows:1
12:19:42.137 (179344382)|HEAP_ALLOCATE|[60]|Bytes:8
12:19:42.137 (179366058)|HEAP_ALLOCATE|[60]|Bytes:485
12:19:42.137 (179420749)|HEAP_ALLOCATE|[60]|Bytes:8
12:19:42.137 (179470987)|HEAP_ALLOCATE|[60]|Bytes:40
12:19:42.137 (179492759)|HEAP_ALLOCATE|[60]|Bytes:4
12:19:42.137 (179504978)|VARIABLE_SCOPE_BEGIN|[60]|ordersById|Map<Id,Order>|true|false
12:19:42.137 (180265382)|VARIABLE_ASSIGNMENT|[60]|ordersById|{"801WC00000knHDLYA2":{"Quote":{"Ship_To_Place__c":"a0lWC000004cO79YAE","Id":"0Q0WC0000039Vm10AE","Quote_Type__c":"New","QuoteTypeText__c":"New","BillToContactId":"003WC00000nc6g5YAA","Bill_To_Place__c":"a0lWC000004cO79YAE"},"Bill_To_Account__c":"001WC00000XiZP4YAN","ShipToContactId":"003WC00000nc6g5YAA","Ship_To_Address__c":"a0lWC000004cO79YAE","QuoteId":"0Q0WC0000039Vm10AE","Ship_To_Account__c":"001WC00000XiZP4YAN","Id":"801WC00000knHDLYA2","BillToContactId":"003WC00000nc6g5YAA","Bill_To_Address__c":"a0lWC000004cO79YAE"}}|0x23d95ad4
12:19:42.137 (180276848)|STATEMENT_EXECUTE|[71]
12:19:42.137 (180288220)|HEAP_ALLOCATE|[71]|Bytes:4
12:19:42.137 (180307055)|SYSTEM_CONSTRUCTOR_ENTRY|[71]|<init>(Integer)
12:19:42.137 (180330879)|SYSTEM_CONSTRUCTOR_EXIT|[71]|<init>(Integer)
12:19:42.137 (180334157)|VARIABLE_SCOPE_BEGIN|[71]|placeIds|Set<Id>|true|false
12:19:42.137 (180362420)|VARIABLE_ASSIGNMENT|[71]|placeIds|[]|0x218ad165
12:19:42.137 (180377058)|SYSTEM_METHOD_ENTRY|[72]|Map<Id,Order>.values()
12:19:42.137 (180398759)|HEAP_ALLOCATE|[EXTERNAL]|Bytes:8
12:19:42.137 (180408627)|HEAP_ALLOCATE|[72]|Bytes:492
12:19:42.137 (180413096)|SYSTEM_METHOD_EXIT|[72]|Map<Id,Order>.values()
12:19:42.137 (180459693)|SYSTEM_METHOD_ENTRY|[72]|List<Order>.iterator()
12:19:42.137 (180517815)|SYSTEM_METHOD_EXIT|[72]|List<Order>.iterator()
12:19:42.137 (180529100)|SYSTEM_METHOD_ENTRY|[72]|system.ListIterator.hasNext()
12:19:42.137 (180539191)|HEAP_ALLOCATE|[72]|Bytes:5
12:19:42.137 (180543541)|SYSTEM_METHOD_EXIT|[72]|system.ListIterator.hasNext()
12:19:42.137 (180551721)|HEAP_ALLOCATE|[72]|Bytes:40
12:19:42.137 (180557276)|VARIABLE_SCOPE_BEGIN|[72]|ord|Order|true|false
12:19:42.137 (180639180)|VARIABLE_ASSIGNMENT|[72]|ord|{"Quote":{"Ship_To_Place__c":"a0lWC000004cO79YAE","Id":"0Q0WC0000039Vm10AE","Quote_Type__c":"New","QuoteTypeText__c":"New","BillToContactId":"003WC00000nc6g5YAA","Bill_To_Place__c":"a0lWC000004cO79YAE"},"Bill_To_Account__c":"001WC00000XiZP4YAN","ShipToContactId":"003WC00000nc6g5YAA","Ship_To_Address__c":"a0lWC000004cO79YAE","QuoteId":"0Q0WC0000039Vm10AE","Ship_To_Account__c":"001WC00000XiZP4YAN","Id":"801WC00000knHDLYA2","BillToContactId":"003WC00000nc6g5YAA","Bill_To_Address__c":"a0lWC000004cO79YAE"}|0x7aa70893
12:19:42.137 (180646108)|STATEMENT_EXECUTE|[72]
12:19:42.137 (180647228)|STATEMENT_EXECUTE|[73]
12:19:42.137 (180684215)|SYSTEM_METHOD_ENTRY|[73]|Map<Id,MaintenanceOrderDecompositionService.OrderMaintenanceWork>.get(Object)
12:19:42.137 (180700308)|SYSTEM_METHOD_EXIT|[73]|Map<Id,MaintenanceOrderDecompositionService.OrderMaintenanceWork>.get(Object)
12:19:42.137 (180704919)|VARIABLE_SCOPE_BEGIN|[73]|work|MaintenanceOrderDecompositionService.OrderMaintenanceWork|true|false
12:19:42.137 (180817423)|VARIABLE_ASSIGNMENT|[73]|work|{"allOrderItems":"0x69f1cf2f","derivedPbeIds":"0x1b80eab4","isNewBusiness":false,"orderId":"801WC00000knHDLYA2","placeById":"0x53a43861","qliById":"0x5e9c4893","tierByQliId":"0x39f36cd8"}|0x718f8749
12:19:42.137 (180822379)|STATEMENT_EXECUTE|[74]
12:19:42.137 (180883987)|VARIABLE_ASSIGNMENT|[74]|this.orderRecord|{"Quote":{"Ship_To_Place__c":"a0lWC000004cO79YAE","Id":"0Q0WC0000039Vm10AE","Quote_Type__c":"New","QuoteTypeText__c":"New","BillToContactId":"003WC00000nc6g5YAA","Bill_To_Place__c":"a0lWC000004cO79YAE"},"Bill_To_Account__c":"001WC00000XiZP4YAN","ShipToContactId":"003WC00000nc6g5YAA","Ship_To_Address__c":"a0lWC000004cO79YAE","QuoteId":"0Q0WC0000039Vm10AE","Ship_To_Account__c":"001WC00000XiZP4YAN","Id":"801WC00000knHDLYA2","BillToContactId":"003WC00000nc6g5YAA","Bill_To_Address__c":"a0lWC000004cO79YAE"}|0x718f8749
12:19:42.137 (180889383)|STATEMENT_EXECUTE|[75]
12:19:42.137 (180935426)|METHOD_ENTRY|[75]|01pWC000002W5rR|MaintenanceOrderDecompositionService.isNewBusinessQuote(Quote)
12:19:42.137 (180953282)|VARIABLE_SCOPE_BEGIN|[377]|sourceQuote|Quote|true|false
12:19:42.137 (180978317)|VARIABLE_ASSIGNMENT|[377]|sourceQuote|{"Ship_To_Place__c":"a0lWC000004cO79YAE","Id":"0Q0WC0000039Vm10AE","Quote_Type__c":"New","QuoteTypeText__c":"New","BillToContactId":"003WC00000nc6g5YAA","Bill_To_Place__c":"a0lWC000004cO79YAE"}|0x2434c6ac
12:19:42.137 (180989943)|HEAP_ALLOCATE|[378]|Bytes:5
12:19:42.137 (180992906)|STATEMENT_EXECUTE|[377]
12:19:42.137 (180994339)|STATEMENT_EXECUTE|[378]
12:19:42.137 (180995113)|STATEMENT_EXECUTE|[381]
12:19:42.137 (181008654)|METHOD_ENTRY|[381]|01pWC000002W5rR|MaintenanceOrderDecompositionService.isNewBusinessQuoteType(String)
12:19:42.137 (181015067)|VARIABLE_SCOPE_BEGIN|[386]|quoteType|String|false|false
12:19:42.137 (181019718)|VARIABLE_ASSIGNMENT|[386]|quoteType|"New"
12:19:42.137 (181023845)|HEAP_ALLOCATE|[387]|Bytes:5
12:19:42.137 (181025679)|STATEMENT_EXECUTE|[386]
12:19:42.137 (181026684)|STATEMENT_EXECUTE|[387]
12:19:42.137 (181050764)|SYSTEM_METHOD_ENTRY|[387]|String.isNotBlank(String)
12:19:42.137 (181061760)|SYSTEM_METHOD_EXIT|[387]|String.isNotBlank(String)
12:19:42.137 (181072728)|SYSTEM_METHOD_ENTRY|[387]|String.trim()
12:19:42.137 (181076285)|HEAP_ALLOCATE|[387]|Bytes:3
12:19:42.137 (181079429)|SYSTEM_METHOD_EXIT|[387]|String.trim()
12:19:42.137 (181087597)|SYSTEM_METHOD_ENTRY|[387]|Set<String>.contains(Object)
12:19:42.137 (181092657)|SYSTEM_METHOD_EXIT|[387]|Set<String>.contains(Object)
12:19:42.137 (181096910)|HEAP_ALLOCATE|[387]|Bytes:5
12:19:42.137 (181103432)|METHOD_EXIT|[381]|01pWC000002W5rR|MaintenanceOrderDecompositionService.isNewBusinessQuoteType(String)
12:19:42.137 (181106633)|HEAP_ALLOCATE|[381]|Bytes:5
12:19:42.137 (181109222)|METHOD_EXIT|[75]|01pWC000002W5rR|MaintenanceOrderDecompositionService.isNewBusinessQuote(Quote)
12:19:42.137 (181112506)|HEAP_ALLOCATE|[75]|Bytes:5
12:19:42.137 (181118082)|VARIABLE_ASSIGNMENT|[75]|this.isNewBusiness|true|0x718f8749
12:19:42.137 (181131452)|STATEMENT_EXECUTE|[76]
12:19:42.137 (181132445)|STATEMENT_EXECUTE|[77]
12:19:42.137 (181139455)|SYSTEM_METHOD_ENTRY|[77]|Set<Id>.add(Object)
12:19:42.137 (181146564)|HEAP_ALLOCATE|[EXTERNAL]|Bytes:4
12:19:42.137 (181150961)|SYSTEM_METHOD_EXIT|[77]|Set<Id>.add(Object)
12:19:42.137 (181158889)|STATEMENT_EXECUTE|[79]
12:19:42.137 (181159847)|STATEMENT_EXECUTE|[80]
12:19:42.137 (181164494)|SYSTEM_METHOD_ENTRY|[80]|Set<Id>.add(Object)
12:19:42.137 (181167596)|HEAP_ALLOCATE|[EXTERNAL]|Bytes:4
12:19:42.137 (181170715)|SYSTEM_METHOD_EXIT|[80]|Set<Id>.add(Object)
12:19:42.137 (181175177)|SYSTEM_METHOD_ENTRY|[72]|system.ListIterator.hasNext()
12:19:42.137 (181178932)|HEAP_ALLOCATE|[72]|Bytes:5
12:19:42.137 (181181792)|SYSTEM_METHOD_EXIT|[72]|system.ListIterator.hasNext()
12:19:42.137 (181187717)|VARIABLE_ASSIGNMENT|[72]|ord|null|
12:19:42.137 (181190569)|STATEMENT_EXECUTE|[84]
12:19:42.137 (181200644)|HEAP_ALLOCATE|[84]|Bytes:4
12:19:42.137 (181207325)|VARIABLE_SCOPE_BEGIN|[84]|globalPlaceById|Map<Id,Places__c>|true|false
12:19:42.137 (181217170)|VARIABLE_ASSIGNMENT|[84]|globalPlaceById|{}|0x5f526aa3
12:19:42.137 (181323026)|SYSTEM_METHOD_ENTRY|[85]|Set<Id>.isEmpty()
12:19:42.137 (181328805)|SYSTEM_METHOD_EXIT|[85]|Set<Id>.isEmpty()
12:19:42.137 (181332444)|STATEMENT_EXECUTE|[85]
12:19:42.137 (181333214)|STATEMENT_EXECUTE|[86]
12:19:42.137 (181337444)|HEAP_ALLOCATE|[86]|Bytes:4
12:19:42.137 (181340712)|HEAP_ALLOCATE|[86]|Bytes:56
12:19:42.137 (181346480)|HEAP_ALLOCATE|[86]|Bytes:4
12:19:42.137 (181740873)|SOQL_EXECUTE_BEGIN|[86]|Aggregations:0|SELECT Id, Account__c FROM Places__c WHERE Id = :tmpVar1
12:19:42.137 (188904046)|SOQL_EXECUTE_END|[86]|Rows:1
12:19:42.137 (188935341)|HEAP_ALLOCATE|[86]|Bytes:8
12:19:42.137 (188953634)|HEAP_ALLOCATE|[86]|Bytes:61
12:19:42.137 (189009452)|HEAP_ALLOCATE|[86]|Bytes:8
12:19:42.137 (189038478)|HEAP_ALLOCATE|[86]|Bytes:12
12:19:42.137 (189056543)|HEAP_ALLOCATE|[86]|Bytes:4
12:19:42.137 (189132639)|VARIABLE_ASSIGNMENT|[86]|globalPlaceById|{"a0lWC000004cO79YAE":{"Account__c":"001WC00000XiZP4YAN","Id":"a0lWC000004cO79YAE"}}|0x351d5604
12:19:42.137 (189149900)|SYSTEM_METHOD_ENTRY|[92]|Map<Id,Order>.values()
12:19:42.137 (189177917)|HEAP_ALLOCATE|[EXTERNAL]|Bytes:8
12:19:42.137 (189190355)|HEAP_ALLOCATE|[92]|Bytes:492
12:19:42.137 (189195267)|SYSTEM_METHOD_EXIT|[92]|Map<Id,Order>.values()
12:19:42.137 (189202120)|SYSTEM_METHOD_ENTRY|[92]|List<Order>.iterator()
12:19:42.137 (189206205)|SYSTEM_METHOD_EXIT|[92]|List<Order>.iterator()
12:19:42.137 (189212309)|SYSTEM_METHOD_ENTRY|[92]|system.ListIterator.hasNext()
12:19:42.137 (189221140)|HEAP_ALLOCATE|[92]|Bytes:5
12:19:42.137 (189224670)|SYSTEM_METHOD_EXIT|[92]|system.ListIterator.hasNext()
12:19:42.137 (189231644)|HEAP_ALLOCATE|[92]|Bytes:40
12:19:42.137 (189238276)|VARIABLE_SCOPE_BEGIN|[92]|ord|Order|true|false
12:19:42.137 (189353368)|VARIABLE_ASSIGNMENT|[92]|ord|{"Quote":{"Ship_To_Place__c":"a0lWC000004cO79YAE","Id":"0Q0WC0000039Vm10AE","Quote_Type__c":"New","QuoteTypeText__c":"New","BillToContactId":"003WC00000nc6g5YAA","Bill_To_Place__c":"a0lWC000004cO79YAE"},"Bill_To_Account__c":"001WC00000XiZP4YAN","ShipToContactId":"003WC00000nc6g5YAA","Ship_To_Address__c":"a0lWC000004cO79YAE","QuoteId":"0Q0WC0000039Vm10AE","Ship_To_Account__c":"001WC00000XiZP4YAN","Id":"801WC00000knHDLYA2","BillToContactId":"003WC00000nc6g5YAA","Bill_To_Address__c":"a0lWC000004cO79YAE"}|0x7aa70893
12:19:42.137 (189361823)|STATEMENT_EXECUTE|[92]
12:19:42.137 (189362815)|STATEMENT_EXECUTE|[93]
12:19:42.137 (189379900)|METHOD_ENTRY|[93]|01pWC000002W5rR|MaintenanceOrderDecompositionService.buildPlaceByIdForOrder(Order, Map<Id,Places__c>)
12:19:42.137 (189392181)|VARIABLE_SCOPE_BEGIN|[235]|ord|Order|true|false
12:19:42.137 (189441883)|VARIABLE_ASSIGNMENT|[235]|ord|{"Quote":{"Ship_To_Place__c":"a0lWC000004cO79YAE","Id":"0Q0WC0000039Vm10AE","Quote_Type__c":"New","QuoteTypeText__c":"New","BillToContactId":"003WC00000nc6g5YAA","Bill_To_Place__c":"a0lWC000004cO79YAE"},"Bill_To_Account__c":"001WC00000XiZP4YAN","ShipToContactId":"003WC00000nc6g5YAA","Ship_To_Address__c":"a0lWC000004cO79YAE","QuoteId":"0Q0WC0000039Vm10AE","Ship_To_Account__c":"001WC00000XiZP4YAN","Id":"801WC00000knHDLYA2","BillToContactId":"003WC00000nc6g5YAA","Bill_To_Address__c":"a0lWC000004cO79YAE"}|0x7aa70893
12:19:42.137 (189448043)|VARIABLE_SCOPE_BEGIN|[235]|globalPlaceById|Map<Id,Places__c>|true|false
12:19:42.137 (189464537)|VARIABLE_ASSIGNMENT|[235]|globalPlaceById|{"a0lWC000004cO79YAE":{"Account__c":"001WC00000XiZP4YAN","Id":"a0lWC000004cO79YAE"}}|0x351d5604
12:19:42.137 (189475420)|HEAP_ALLOCATE|[236]|Bytes:5
12:19:42.137 (189478148)|STATEMENT_EXECUTE|[235]
12:19:42.137 (189478967)|STATEMENT_EXECUTE|[236]
12:19:42.137 (189486883)|HEAP_ALLOCATE|[236]|Bytes:4
12:19:42.137 (189492217)|VARIABLE_SCOPE_BEGIN|[236]|placeById|Map<Id,Places__c>|true|false
12:19:42.137 (189498492)|VARIABLE_ASSIGNMENT|[236]|placeById|{}|0x4e347feb
12:19:42.137 (189533539)|SYSTEM_METHOD_ENTRY|[237]|Map<Id,Places__c>.containsKey(Object)
12:19:42.137 (189544264)|SYSTEM_METHOD_EXIT|[237]|Map<Id,Places__c>.containsKey(Object)
12:19:42.137 (189554157)|STATEMENT_EXECUTE|[237]
12:19:42.137 (189559192)|STATEMENT_EXECUTE|[238]
12:19:42.137 (189566231)|SYSTEM_METHOD_ENTRY|[238]|Map<Id,Places__c>.get(Object)
12:19:42.137 (189574461)|SYSTEM_METHOD_EXIT|[238]|Map<Id,Places__c>.get(Object)
12:19:42.137 (189579822)|SYSTEM_METHOD_ENTRY|[238]|Map<Id,Places__c>.put(Object, Object)
12:19:42.137 (189585220)|HEAP_ALLOCATE|[EXTERNAL]|Bytes:-4
12:19:42.137 (189589456)|SYSTEM_METHOD_EXIT|[238]|Map<Id,Places__c>.put(Object, Object)
12:19:42.137 (189602652)|SYSTEM_METHOD_ENTRY|[240]|Map<Id,Places__c>.containsKey(Object)
12:19:42.137 (189607956)|SYSTEM_METHOD_EXIT|[240]|Map<Id,Places__c>.containsKey(Object)
12:19:42.137 (189638087)|STATEMENT_EXECUTE|[240]
12:19:42.137 (189639307)|STATEMENT_EXECUTE|[241]
12:19:42.137 (189646017)|SYSTEM_METHOD_ENTRY|[241]|Map<Id,Places__c>.get(Object)
12:19:42.137 (189654086)|SYSTEM_METHOD_EXIT|[241]|Map<Id,Places__c>.get(Object)
12:19:42.137 (189658378)|SYSTEM_METHOD_ENTRY|[241]|Map<Id,Places__c>.put(Object, Object)
12:19:42.137 (189675628)|SYSTEM_METHOD_EXIT|[241]|Map<Id,Places__c>.put(Object, Object)
12:19:42.137 (189677856)|STATEMENT_EXECUTE|[243]
12:19:42.137 (189684760)|METHOD_EXIT|[93]|01pWC000002W5rR|MaintenanceOrderDecompositionService.buildPlaceByIdForOrder(Order, Map<Id,Places__c>)
12:19:42.137 (189693511)|SYSTEM_METHOD_ENTRY|[93]|Map<Id,MaintenanceOrderDecompositionService.OrderMaintenanceWork>.get(Object)
12:19:42.137 (189699669)|SYSTEM_METHOD_EXIT|[93]|Map<Id,MaintenanceOrderDecompositionService.OrderMaintenanceWork>.get(Object)
12:19:42.137 (189730757)|VARIABLE_ASSIGNMENT|[93]|this.placeById|{"a0lWC000004cO79YAE":{"Account__c":"001WC00000XiZP4YAN","Id":"a0lWC000004cO79YAE"}}|0x718f8749
12:19:42.137 (189736698)|SYSTEM_METHOD_ENTRY|[92]|system.ListIterator.hasNext()
12:19:42.137 (189745093)|HEAP_ALLOCATE|[92]|Bytes:5
12:19:42.137 (189748596)|SYSTEM_METHOD_EXIT|[92]|system.ListIterator.hasNext()
12:19:42.137 (189754575)|VARIABLE_ASSIGNMENT|[92]|ord|null|
12:19:42.137 (189758601)|STATEMENT_EXECUTE|[96]
12:19:42.137 (189799048)|HEAP_ALLOCATE|[96]|Bytes:4
12:19:42.137 (189825768)|VARIABLE_SCOPE_BEGIN|[96]|orderItemsByOrderId|Map<Id,List<OrderItem>>|true|false
12:19:42.137 (189832540)|VARIABLE_ASSIGNMENT|[96]|orderItemsByOrderId|{}|0x6cfb54a4
12:19:42.137 (189835917)|STATEMENT_EXECUTE|[97]
12:19:42.137 (189841579)|HEAP_ALLOCATE|[97]|Bytes:4
12:19:42.137 (189851464)|SYSTEM_CONSTRUCTOR_ENTRY|[97]|<init>(Integer)
12:19:42.137 (189864516)|SYSTEM_CONSTRUCTOR_EXIT|[97]|<init>(Integer)
12:19:42.137 (189866550)|VARIABLE_SCOPE_BEGIN|[97]|qliIds|Set<Id>|true|false
12:19:42.137 (189889333)|VARIABLE_ASSIGNMENT|[97]|qliIds|[]|0x3f033f2a
12:19:42.137 (189891835)|STATEMENT_EXECUTE|[98]
12:19:42.137 (189894212)|HEAP_ALLOCATE|[98]|Bytes:4
12:19:42.137 (189897607)|SYSTEM_CONSTRUCTOR_ENTRY|[98]|<init>(Integer)
12:19:42.137 (189901340)|SYSTEM_CONSTRUCTOR_EXIT|[98]|<init>(Integer)
12:19:42.137 (189903097)|VARIABLE_SCOPE_BEGIN|[98]|pbeIds|Set<Id>|true|false
12:19:42.137 (189910157)|VARIABLE_ASSIGNMENT|[98]|pbeIds|[]|0x5225d406
12:19:42.137 (189915282)|HEAP_ALLOCATE|[99]|Bytes:195
12:19:42.137 (189921762)|HEAP_ALLOCATE|[99]|Bytes:4
12:19:42.137 (190626157)|SOQL_EXECUTE_BEGIN|[99]|Aggregations:0|SELECT Id, OrderId, QuoteLineItemId, PricebookEntryId, Quantity, Hardware__c, Hardware_ID__c, Partition_Record__c, Ship_To_Address__c, Source_List_Price__c FROM OrderItem WHERE OrderId = :tmpVar1
12:19:42.137 (203202681)|SOQL_EXECUTE_END|[99]|Rows:3
12:19:42.137 (203239071)|HEAP_ALLOCATE|[EXTERNAL]|Bytes:16
12:19:42.137 (203309756)|SYSTEM_METHOD_ENTRY|[99]|Database.QueryLocator.iterator()
12:19:42.137 (203471124)|HEAP_ALLOCATE|[99]|Bytes:54
12:19:42.137 (203478378)|HEAP_ALLOCATE|[99]|Bytes:8
12:19:42.137 (203490737)|SYSTEM_METHOD_ENTRY|[7]|QueryLocatorIterator.QueryLocatorIterator()
12:19:42.137 (203494005)|STATEMENT_EXECUTE|[7]
12:19:42.137 (203503508)|SYSTEM_METHOD_EXIT|[7]|QueryLocatorIterator
12:19:42.137 (203509268)|HEAP_ALLOCATE|[99]|Bytes:28
12:19:42.137 (203544100)|HEAP_ALLOCATE|[99]|Bytes:16
12:19:42.137 (203553557)|HEAP_ALLOCATE|[99]|Bytes:8
12:19:42.137 (203555227)|HEAP_ALLOCATE|[99]|Bytes:8
12:19:42.137 (203558873)|VARIABLE_SCOPE_BEGIN|[15]|this|Database.QueryLocatorIterator|true|false
12:19:42.137 (203597470)|VARIABLE_ASSIGNMENT|[15]|this|{}|0x61d05a1d
12:19:42.137 (203600719)|VARIABLE_SCOPE_BEGIN|[15]|values|List<SObject>|true|false
12:19:42.137 (203829376)|VARIABLE_ASSIGNMENT|[15]|values|[{"Quantity":1.00,"QuoteLineItemId":"0QLWC000003ehSj4AI","Id":"802WC00000OpopoYAB","OrderId":"801WC00000knHDLYA2","PricebookEntryId":"01uWC000005wrrDYAQ"},{"Quantity":1.00,"QuoteLineItemId":"0QLWC000003ehR74AI","Id":"802WC00000OpoppYAB","OrderId":"801WC00000knHDLYA2","PricebookEntryId":"01uWC000005ws8MYAQ"},{"Quantity":0.00,"QuoteLineItemId":"0QLWC000003ehR84AI","Id":"802WC00000OpopqYAB","OrderId":"801WC00000knHDLYA2","PricebookEntryId":"01uWC000005wsbUYAQ","Source_List_Price__c":355.00}]|0x70ad20e7
12:19:42.137 (203836817)|VARIABLE_SCOPE_BEGIN|[15]|ql|Database.QueryLocator|true|false
12:19:42.137 (203854651)|VARIABLE_ASSIGNMENT|[15]|ql|{"query":"SELECT Id, OrderId,  (175 more) ..."}|0xbba53e9
12:19:42.137 (203857895)|VARIABLE_SCOPE_BEGIN|[15]|totalNumRecords|Integer|false|false
12:19:42.137 (203863306)|VARIABLE_ASSIGNMENT|[15]|totalNumRecords|3
12:19:42.137 (203865903)|VARIABLE_SCOPE_BEGIN|[15]|queryMoreSize|Integer|false|false
12:19:42.137 (203869449)|VARIABLE_ASSIGNMENT|[15]|queryMoreSize|49995
12:19:42.137 (203915767)|HEAP_ALLOCATE|[99]|Bytes:28
12:19:42.137 (203922299)|SYSTEM_METHOD_EXIT|[99]|Database.QueryLocator.iterator()
12:19:42.137 (203943671)|METHOD_ENTRY|[99]||Database.QueryLocatorIterator.hasNext()
12:19:42.137 (203991349)|METHOD_EXIT|[99]||Database.QueryLocatorIterator.hasNext()
12:19:42.137 (203996012)|METHOD_ENTRY|[99]||Database.QueryLocatorIterator.next()
12:19:42.137 (204064628)|METHOD_EXIT|[99]||Database.QueryLocatorIterator.next()
12:19:42.137 (204073126)|VARIABLE_SCOPE_BEGIN|[99]|oi|OrderItem|true|false
12:19:42.137 (204108253)|VARIABLE_ASSIGNMENT|[99]|oi|{"Quantity":1.00,"QuoteLineItemId":"0QLWC000003ehSj4AI","Id":"802WC00000OpopoYAB","OrderId":"801WC00000knHDLYA2","PricebookEntryId":"01uWC000005wrrDYAQ"}|0xe32949e
12:19:42.137 (204113464)|STATEMENT_EXECUTE|[105]
12:19:42.137 (204152186)|SYSTEM_METHOD_ENTRY|[106]|Map<Id,List<OrderItem>>.containsKey(Object)
12:19:42.137 (204165256)|SYSTEM_METHOD_EXIT|[106]|Map<Id,List<OrderItem>>.containsKey(Object)
12:19:42.137 (204169076)|STATEMENT_EXECUTE|[106]
12:19:42.137 (204169882)|STATEMENT_EXECUTE|[107]
12:19:42.137 (204180641)|HEAP_ALLOCATE|[107]|Bytes:4
12:19:42.137 (204189140)|SYSTEM_CONSTRUCTOR_ENTRY|[107]|<init>()
12:19:42.137 (204198979)|SYSTEM_CONSTRUCTOR_EXIT|[107]|<init>()
12:19:42.137 (204232236)|SYSTEM_METHOD_ENTRY|[107]|Map<Id,List<OrderItem>>.put(Object, Object)
12:19:42.137 (204237611)|HEAP_ALLOCATE|[EXTERNAL]|Bytes:4
12:19:42.137 (204242587)|HEAP_ALLOCATE|[EXTERNAL]|Bytes:-4
12:19:42.137 (204246723)|SYSTEM_METHOD_EXIT|[107]|Map<Id,List<OrderItem>>.put(Object, Object)
12:19:42.137 (204249324)|STATEMENT_EXECUTE|[109]
12:19:42.137 (204254298)|SYSTEM_METHOD_ENTRY|[109]|Map<Id,List<OrderItem>>.get(Object)
12:19:42.137 (204276131)|SYSTEM_METHOD_EXIT|[109]|Map<Id,List<OrderItem>>.get(Object)
12:19:42.137 (204282023)|SYSTEM_METHOD_ENTRY|[109]|List<OrderItem>.add(Object)
12:19:42.137 (204286558)|HEAP_ALLOCATE|[EXTERNAL]|Bytes:4
12:19:42.137 (204289450)|SYSTEM_METHOD_EXIT|[109]|List<OrderItem>.add(Object)
12:19:42.137 (204302935)|STATEMENT_EXECUTE|[110]
12:19:42.137 (204303915)|STATEMENT_EXECUTE|[111]
12:19:42.137 (204312516)|SYSTEM_METHOD_ENTRY|[111]|Set<Id>.add(Object)
12:19:42.137 (204317840)|HEAP_ALLOCATE|[EXTERNAL]|Bytes:4
12:19:42.137 (204321284)|SYSTEM_METHOD_EXIT|[111]|Set<Id>.add(Object)
12:19:42.137 (204329295)|STATEMENT_EXECUTE|[113]
12:19:42.137 (204330165)|STATEMENT_EXECUTE|[114]
12:19:42.137 (204334249)|SYSTEM_METHOD_ENTRY|[114]|Set<Id>.add(Object)
12:19:42.137 (204337711)|HEAP_ALLOCATE|[EXTERNAL]|Bytes:4
12:19:42.137 (204340956)|SYSTEM_METHOD_EXIT|[114]|Set<Id>.add(Object)
12:19:42.137 (204345219)|METHOD_ENTRY|[99]||Database.QueryLocatorIterator.hasNext()
12:19:42.137 (204358374)|METHOD_EXIT|[99]||Database.QueryLocatorIterator.hasNext()
12:19:42.137 (204361266)|METHOD_ENTRY|[99]||Database.QueryLocatorIterator.next()
12:19:42.137 (204389003)|METHOD_EXIT|[99]||Database.QueryLocatorIterator.next()
12:19:42.137 (204392307)|VARIABLE_SCOPE_BEGIN|[99]|oi|OrderItem|true|false
12:19:42.137 (204416749)|VARIABLE_ASSIGNMENT|[99]|oi|{"Quantity":1.00,"QuoteLineItemId":"0QLWC000003ehR74AI","Id":"802WC00000OpoppYAB","OrderId":"801WC00000knHDLYA2","PricebookEntryId":"01uWC000005ws8MYAQ"}|0x4efd1ba5
12:19:42.137 (204420504)|STATEMENT_EXECUTE|[105]
12:19:42.137 (204427309)|SYSTEM_METHOD_ENTRY|[106]|Map<Id,List<OrderItem>>.containsKey(Object)
12:19:42.137 (204431486)|SYSTEM_METHOD_EXIT|[106]|Map<Id,List<OrderItem>>.containsKey(Object)
12:19:42.137 (204434061)|STATEMENT_EXECUTE|[106]
12:19:42.137 (204434908)|STATEMENT_EXECUTE|[109]
12:19:42.137 (204465684)|SYSTEM_METHOD_ENTRY|[109]|Map<Id,List<OrderItem>>.get(Object)
12:19:42.137 (204477964)|SYSTEM_METHOD_EXIT|[109]|Map<Id,List<OrderItem>>.get(Object)
12:19:42.137 (204481754)|SYSTEM_METHOD_ENTRY|[109]|List<OrderItem>.add(Object)
12:19:42.137 (204483934)|HEAP_ALLOCATE|[EXTERNAL]|Bytes:4
12:19:42.137 (204486944)|SYSTEM_METHOD_EXIT|[109]|List<OrderItem>.add(Object)
12:19:42.137 (204489987)|STATEMENT_EXECUTE|[110]
12:19:42.137 (204490779)|STATEMENT_EXECUTE|[111]
12:19:42.137 (204494045)|SYSTEM_METHOD_ENTRY|[111]|Set<Id>.add(Object)
12:19:42.137 (204495948)|HEAP_ALLOCATE|[EXTERNAL]|Bytes:4
12:19:42.137 (204499141)|SYSTEM_METHOD_EXIT|[111]|Set<Id>.add(Object)
12:19:42.137 (204501863)|STATEMENT_EXECUTE|[113]
12:19:42.137 (204502615)|STATEMENT_EXECUTE|[114]
12:19:42.137 (204505540)|SYSTEM_METHOD_ENTRY|[114]|Set<Id>.add(Object)
12:19:42.137 (204507043)|HEAP_ALLOCATE|[EXTERNAL]|Bytes:4
12:19:42.137 (204509946)|SYSTEM_METHOD_EXIT|[114]|Set<Id>.add(Object)
12:19:42.137 (204513598)|METHOD_ENTRY|[99]||Database.QueryLocatorIterator.hasNext()
12:19:42.137 (204522581)|METHOD_EXIT|[99]||Database.QueryLocatorIterator.hasNext()
12:19:42.137 (204530220)|METHOD_ENTRY|[99]||Database.QueryLocatorIterator.next()
12:19:42.137 (204554406)|METHOD_EXIT|[99]||Database.QueryLocatorIterator.next()
12:19:42.137 (204561442)|VARIABLE_SCOPE_BEGIN|[99]|oi|OrderItem|true|false
12:19:42.137 (204592782)|VARIABLE_ASSIGNMENT|[99]|oi|{"Quantity":0.00,"QuoteLineItemId":"0QLWC000003ehR84AI","Id":"802WC00000OpopqYAB","OrderId":"801WC00000knHDLYA2","PricebookEntryId":"01uWC000005wsbUYAQ","Source_List_Price__c":355.00}|0x2a146c02
12:19:42.137 (204596665)|STATEMENT_EXECUTE|[105]
12:19:42.137 (204602867)|SYSTEM_METHOD_ENTRY|[106]|Map<Id,List<OrderItem>>.containsKey(Object)
12:19:42.137 (204606463)|SYSTEM_METHOD_EXIT|[106]|Map<Id,List<OrderItem>>.containsKey(Object)
12:19:42.137 (204608801)|STATEMENT_EXECUTE|[106]
12:19:42.137 (204609663)|STATEMENT_EXECUTE|[109]
12:19:42.137 (204612830)|SYSTEM_METHOD_ENTRY|[109]|Map<Id,List<OrderItem>>.get(Object)
12:19:42.137 (204621501)|SYSTEM_METHOD_EXIT|[109]|Map<Id,List<OrderItem>>.get(Object)
12:19:42.137 (204625194)|SYSTEM_METHOD_ENTRY|[109]|List<OrderItem>.add(Object)
12:19:42.137 (204626972)|HEAP_ALLOCATE|[EXTERNAL]|Bytes:4
12:19:42.137 (204629942)|SYSTEM_METHOD_EXIT|[109]|List<OrderItem>.add(Object)
12:19:42.137 (204632742)|STATEMENT_EXECUTE|[110]
12:19:42.137 (204633546)|STATEMENT_EXECUTE|[111]
12:19:42.137 (204636628)|SYSTEM_METHOD_ENTRY|[111]|Set<Id>.add(Object)
12:19:42.137 (204638391)|HEAP_ALLOCATE|[EXTERNAL]|Bytes:4
12:19:42.137 (204641188)|SYSTEM_METHOD_EXIT|[111]|Set<Id>.add(Object)
12:19:42.137 (204643672)|STATEMENT_EXECUTE|[113]
12:19:42.137 (204644597)|STATEMENT_EXECUTE|[114]
12:19:42.137 (204647586)|SYSTEM_METHOD_ENTRY|[114]|Set<Id>.add(Object)
12:19:42.137 (204649185)|HEAP_ALLOCATE|[EXTERNAL]|Bytes:4
12:19:42.137 (204651898)|SYSTEM_METHOD_EXIT|[114]|Set<Id>.add(Object)
12:19:42.137 (204654868)|METHOD_ENTRY|[99]||Database.QueryLocatorIterator.hasNext()
12:19:42.137 (204661392)|METHOD_EXIT|[99]||Database.QueryLocatorIterator.hasNext()
12:19:42.137 (204665836)|VARIABLE_ASSIGNMENT|[99]|oi|null|
12:19:42.137 (204680754)|STATEMENT_EXECUTE|[118]
12:19:42.137 (204689668)|HEAP_ALLOCATE|[118]|Bytes:4
12:19:42.137 (204695656)|VARIABLE_SCOPE_BEGIN|[118]|qliById|Map<Id,QuoteLineItem>|true|false
12:19:42.137 (204706411)|VARIABLE_ASSIGNMENT|[118]|qliById|{}|0x30988bba
12:19:42.137 (204710687)|SYSTEM_METHOD_ENTRY|[119]|Set<Id>.isEmpty()
12:19:42.137 (204716854)|SYSTEM_METHOD_EXIT|[119]|Set<Id>.isEmpty()
12:19:42.137 (204720101)|STATEMENT_EXECUTE|[119]
12:19:42.137 (204721015)|STATEMENT_EXECUTE|[120]
12:19:42.137 (204724209)|HEAP_ALLOCATE|[120]|Bytes:4
12:19:42.137 (204727567)|HEAP_ALLOCATE|[120]|Bytes:388
12:19:42.137 (204733512)|HEAP_ALLOCATE|[120]|Bytes:4
12:19:42.137 (205765800)|SOQL_EXECUTE_BEGIN|[120]|Aggregations:0|SELECT Id, Base_Price__c, UnitPrice, NetUnitPrice, PartnerUnitPrice, Fortra_Product_Type__c, Product2.Fortra_Product_Type__c, PricebookEntryId, Source_List_Price__c, Prior_Partner_Discount__c, Prior_Discretionary_Discount__c, COLACalculatedPrice__c, COLA_Uplift_Percent__c, Hardware__c, Hardware_ID__c, Partition_Reference__c, Quote.Ship_To_Place__c FROM QuoteLineItem WHERE Id = :tmpVar1
12:19:42.137 (238856156)|SOQL_EXECUTE_END|[120]|Rows:3
12:19:42.137 (238890677)|HEAP_ALLOCATE|[120]|Bytes:16
12:19:42.137 (238924691)|HEAP_ALLOCATE|[120]|Bytes:1252
12:19:42.137 (239003930)|HEAP_ALLOCATE|[120]|Bytes:16
12:19:42.137 (239047284)|HEAP_ALLOCATE|[120]|Bytes:44
12:19:42.137 (239062767)|HEAP_ALLOCATE|[120]|Bytes:4
12:19:42.137 (239067272)|HEAP_ALLOCATE|[120]|Bytes:40
12:19:42.137 (239070156)|HEAP_ALLOCATE|[120]|Bytes:4
12:19:42.137 (239072190)|HEAP_ALLOCATE|[120]|Bytes:44
12:19:42.137 (239074990)|HEAP_ALLOCATE|[120]|Bytes:4
12:19:42.137 (239695955)|VARIABLE_ASSIGNMENT|[120]|qliById|{"0QLWC000003ehR74AI":{"Quote":{"Ship_To_Place__c":"a0lWC000004cO79YAE","Id":"0Q0WC0000039Vm10AE"},"NetUnitPrice":301.75,"Fortra_Product_Type__c":"Perpetual","UnitPrice":301.75,"Product2Id":"01tWC00000DD1btYAD","QuoteId":"0Q0WC0000039Vm10AE","Product2":{"Fortra_Product_Type__c":"Perpetual","Id":"01tWC00000DD1btYAD"},"PricebookEntryId":"01uWC000005ws8MYAQ","Id":"0QLWC000003ehR74AI","PartnerUnitPrice":301.75},"0QLWC000003ehR84AI":{"Quote":{"Ship_To_Place__c":"a0lWC000004cO79YAE","Id":"0Q0WC0000039Vm10AE"},"Fortra_Product_Type__c":"New Maintenance","Product2Id":"01tWC00000DD1bsYAD","QuoteId":"0Q0WC0000039Vm10AE","Product2":{"Fortra_Product_Type__c":"New Maintenance","Id":"01tWC00000DD1bsYAD"},"PricebookEntryId":"01uWC000005wsbUYAQ","Source_List_Price__c":355.00,"Id":"0QLWC000003ehR84AI","Base_Price__c":355.00},"0QLWC000003ehSj4AI":{"Quote":{"Ship_To_Place__c":"a0lWC000004cO79YAE","Id":"0Q0WC0000039Vm10AE"},"NetUnitPrice":77080.00,"Fortra_Product_Type__c":"Subscription","UnitPrice":77080.00,"Product2Id":"01tWC00000DD11JYAT","QuoteId":"0Q0WC0000039Vm10AE","Product2":{"Fortra_Product_Type__c":"Subscription","Id":"01tWC00000DD11JYAT"},"PricebookEntryId":"01uWC000005wrrDYAQ","Id":"0QLWC000003ehSj4AI","PartnerUnitPrice":77080.00}}|0xa8d8e58
12:19:42.137 (239714227)|STATEMENT_EXECUTE|[133]
12:19:42.137 (239742744)|METHOD_ENTRY|[133]|01pWC000002W5rR|MaintenanceOrderDecompositionService.loadDerivedPricebookEntryIds(Set<Id>)
12:19:42.137 (239769965)|VARIABLE_SCOPE_BEGIN|[769]|pbeIds|Set<Id>|true|false
12:19:42.137 (239789045)|VARIABLE_ASSIGNMENT|[769]|pbeIds|["01uWC000005wrrDYAQ","01uWC000005ws8MYAQ","01uWC000005wsbUYAQ"]|0x5225d406
12:19:42.137 (239808097)|HEAP_ALLOCATE|[770]|Bytes:5
12:19:42.137 (239811425)|STATEMENT_EXECUTE|[769]
12:19:42.137 (239812324)|STATEMENT_EXECUTE|[770]
12:19:42.137 (239823205)|HEAP_ALLOCATE|[770]|Bytes:4
12:19:42.137 (239835414)|SYSTEM_CONSTRUCTOR_ENTRY|[770]|<init>(Integer)
12:19:42.137 (239849486)|SYSTEM_CONSTRUCTOR_EXIT|[770]|<init>(Integer)
12:19:42.137 (239852678)|VARIABLE_SCOPE_BEGIN|[770]|derivedPbeIds|Set<Id>|true|false
12:19:42.137 (239875106)|VARIABLE_ASSIGNMENT|[770]|derivedPbeIds|[]|0x691650f7
12:19:42.137 (239883724)|SYSTEM_METHOD_ENTRY|[771]|Set<Id>.isEmpty()
12:19:42.137 (239893258)|SYSTEM_METHOD_EXIT|[771]|Set<Id>.isEmpty()
12:19:42.137 (239897466)|STATEMENT_EXECUTE|[771]
12:19:42.137 (239901559)|HEAP_ALLOCATE|[775]|Bytes:89
12:19:42.137 (239911529)|HEAP_ALLOCATE|[775]|Bytes:4
12:19:42.137 (240385113)|SOQL_EXECUTE_BEGIN|[775]|Aggregations:0|SELECT PricebookEntryId FROM PriceBookEntryDerivedPrice WHERE PricebookEntryId = :tmpVar1
12:19:42.137 (250617539)|SOQL_EXECUTE_END|[775]|Rows:1
12:19:42.137 (250644826)|HEAP_ALLOCATE|[EXTERNAL]|Bytes:8
12:19:42.137 (250712243)|SYSTEM_METHOD_ENTRY|[775]|Database.QueryLocator.iterator()
12:19:42.137 (250795814)|HEAP_ALLOCATE|[775]|Bytes:28
12:19:42.137 (250917742)|HEAP_ALLOCATE|[775]|Bytes:8
12:19:42.137 (250927148)|HEAP_ALLOCATE|[775]|Bytes:8
12:19:42.137 (250929287)|HEAP_ALLOCATE|[775]|Bytes:8
12:19:42.137 (250934516)|VARIABLE_SCOPE_BEGIN|[15]|this|Database.QueryLocatorIterator|true|false
12:19:42.137 (250978446)|VARIABLE_ASSIGNMENT|[15]|this|{}|0x13eb7b6d
12:19:42.137 (250982069)|VARIABLE_SCOPE_BEGIN|[15]|values|List<SObject>|true|false
12:19:42.137 (251070401)|VARIABLE_ASSIGNMENT|[15]|values|[{"PricebookEntryId":"01uWC000005wsbUYAQ","Id":"182WC000000FN26YAG"}]|0x1ba98bde
12:19:42.137 (251074616)|VARIABLE_SCOPE_BEGIN|[15]|ql|Database.QueryLocator|true|false
12:19:42.137 (251087485)|VARIABLE_ASSIGNMENT|[15]|ql|{"query":"SELECT PricebookEntr (69 more) ..."}|0x6ef1ddd
12:19:42.137 (251090360)|VARIABLE_SCOPE_BEGIN|[15]|totalNumRecords|Integer|false|false
12:19:42.137 (251096742)|VARIABLE_ASSIGNMENT|[15]|totalNumRecords|1
12:19:42.137 (251099149)|VARIABLE_SCOPE_BEGIN|[15]|queryMoreSize|Integer|false|false
12:19:42.137 (251103108)|VARIABLE_ASSIGNMENT|[15]|queryMoreSize|49991
12:19:42.137 (251150997)|HEAP_ALLOCATE|[775]|Bytes:28
12:19:42.137 (251156801)|SYSTEM_METHOD_EXIT|[775]|Database.QueryLocator.iterator()
12:19:42.137 (251174681)|METHOD_ENTRY|[775]||Database.QueryLocatorIterator.hasNext()
12:19:42.137 (251240054)|METHOD_EXIT|[775]||Database.QueryLocatorIterator.hasNext()
12:19:42.137 (251244621)|METHOD_ENTRY|[775]||Database.QueryLocatorIterator.next()
12:19:42.137 (251289954)|METHOD_EXIT|[775]||Database.QueryLocatorIterator.next()
12:19:42.137 (251294677)|VARIABLE_SCOPE_BEGIN|[775]|dp|PriceBookEntryDerivedPrice|true|false
12:19:42.137 (251313754)|VARIABLE_ASSIGNMENT|[775]|dp|{"PricebookEntryId":"01uWC000005wsbUYAQ","Id":"182WC000000FN26YAG"}|0x344b8f07
12:19:42.137 (251318882)|STATEMENT_EXECUTE|[779]
12:19:42.137 (251319821)|STATEMENT_EXECUTE|[780]
12:19:42.137 (251357123)|SYSTEM_METHOD_ENTRY|[780]|Set<Id>.add(Object)
12:19:42.137 (251373989)|HEAP_ALLOCATE|[EXTERNAL]|Bytes:4
12:19:42.137 (251378798)|SYSTEM_METHOD_EXIT|[780]|Set<Id>.add(Object)
12:19:42.137 (251382631)|METHOD_ENTRY|[775]||Database.QueryLocatorIterator.hasNext()
12:19:42.137 (251388838)|METHOD_EXIT|[775]||Database.QueryLocatorIterator.hasNext()
12:19:42.137 (251393076)|VARIABLE_ASSIGNMENT|[775]|dp|null|
12:19:42.137 (251405484)|STATEMENT_EXECUTE|[782]
12:19:42.137 (251410926)|METHOD_EXIT|[133]|01pWC000002W5rR|MaintenanceOrderDecompositionService.loadDerivedPricebookEntryIds(Set<Id>)
12:19:42.137 (251414228)|VARIABLE_SCOPE_BEGIN|[133]|derivedPbeIds|Set<Id>|true|false
12:19:42.137 (251424480)|VARIABLE_ASSIGNMENT|[133]|derivedPbeIds|["01uWC000005wsbUYAQ"]|0x691650f7
12:19:42.137 (251427366)|STATEMENT_EXECUTE|[135]
12:19:42.137 (251437189)|HEAP_ALLOCATE|[135]|Bytes:4
12:19:42.137 (251445662)|SYSTEM_CONSTRUCTOR_ENTRY|[135]|<init>(Integer)
12:19:42.137 (251458052)|SYSTEM_CONSTRUCTOR_EXIT|[135]|<init>(Integer)
12:19:42.137 (251460013)|VARIABLE_SCOPE_BEGIN|[135]|newBusinessQliIds|Set<Id>|true|false
12:19:42.137 (251476918)|VARIABLE_ASSIGNMENT|[135]|newBusinessQliIds|[]|0x636b052b
12:19:42.137 (251482996)|SYSTEM_METHOD_ENTRY|[136]|Set<Id>.iterator()
12:19:42.137 (251493251)|SYSTEM_METHOD_EXIT|[136]|Set<Id>.iterator()
12:19:42.137 (251499978)|SYSTEM_METHOD_ENTRY|[136]|com.salesforce.api.fast.SetIterator..lcom.force.swag.id.ID..r.hasNext()
12:19:42.137 (251506833)|HEAP_ALLOCATE|[136]|Bytes:5
12:19:42.137 (251510555)|SYSTEM_METHOD_EXIT|[136]|com.salesforce.api.fast.SetIterator..lcom.force.swag.id.ID..r.hasNext()
12:19:42.137 (251539578)|HEAP_ALLOCATE|[136]|Bytes:4
12:19:42.137 (251542454)|VARIABLE_SCOPE_BEGIN|[136]|orderId|Id|false|false
12:19:42.137 (251600798)|VARIABLE_ASSIGNMENT|[136]|orderId|"801WC00000knHDLYA2"
12:19:42.137 (251603996)|STATEMENT_EXECUTE|[136]
12:19:42.137 (251604891)|STATEMENT_EXECUTE|[137]
12:19:42.137 (251614681)|SYSTEM_METHOD_ENTRY|[137]|Map<Id,MaintenanceOrderDecompositionService.OrderMaintenanceWork>.get(Object)
12:19:42.137 (251624616)|SYSTEM_METHOD_EXIT|[137]|Map<Id,MaintenanceOrderDecompositionService.OrderMaintenanceWork>.get(Object)
12:19:42.137 (251628116)|VARIABLE_SCOPE_BEGIN|[137]|work|MaintenanceOrderDecompositionService.OrderMaintenanceWork|true|false
12:19:42.137 (251690588)|VARIABLE_ASSIGNMENT|[137]|work|{"allOrderItems":"0x69f1cf2f","derivedPbeIds":"0x1b80eab4","isNewBusiness":true,"orderId":"801WC00000knHDLYA2","orderRecord":"0x7aa70893","placeById":"0x4e347feb","qliById":"0x5e9c4893","tierByQliId":"0x39f36cd8"}|0x718f8749
12:19:42.137 (251704404)|SYSTEM_METHOD_ENTRY|[138]|Map<Id,List<OrderItem>>.containsKey(Object)
12:19:42.137 (251712761)|SYSTEM_METHOD_EXIT|[138]|Map<Id,List<OrderItem>>.containsKey(Object)
12:19:42.137 (251716286)|STATEMENT_EXECUTE|[138]
12:19:42.137 (251720150)|SYSTEM_METHOD_ENTRY|[141]|Map<Id,List<OrderItem>>.get(Object)
12:19:42.137 (251738808)|SYSTEM_METHOD_EXIT|[141]|Map<Id,List<OrderItem>>.get(Object)
12:19:42.137 (251744466)|SYSTEM_METHOD_ENTRY|[141]|List<OrderItem>.iterator()
12:19:42.137 (251813427)|SYSTEM_METHOD_EXIT|[141]|List<OrderItem>.iterator()
12:19:42.137 (251826724)|SYSTEM_METHOD_ENTRY|[141]|system.ListIterator.hasNext()
12:19:42.137 (251831284)|HEAP_ALLOCATE|[141]|Bytes:5
12:19:42.137 (251834071)|SYSTEM_METHOD_EXIT|[141]|system.ListIterator.hasNext()
12:19:42.137 (251841938)|HEAP_ALLOCATE|[141]|Bytes:24
12:19:42.137 (251846110)|VARIABLE_SCOPE_BEGIN|[141]|oi|OrderItem|true|false
12:19:42.137 (251909900)|VARIABLE_ASSIGNMENT|[141]|oi|{"Quantity":1.00,"QuoteLineItemId":"0QLWC000003ehSj4AI","Id":"802WC00000OpopoYAB","OrderId":"801WC00000knHDLYA2","PricebookEntryId":"01uWC000005wrrDYAQ"}|0xe32949e
12:19:42.137 (251914415)|STATEMENT_EXECUTE|[141]
12:19:42.137 (251921613)|STATEMENT_EXECUTE|[142]
12:19:42.137 (251922558)|STATEMENT_EXECUTE|[143]
12:19:42.137 (251928763)|SYSTEM_METHOD_ENTRY|[143]|Set<Id>.add(Object)
12:19:42.137 (251934572)|HEAP_ALLOCATE|[EXTERNAL]|Bytes:4
12:19:42.137 (251938608)|SYSTEM_METHOD_EXIT|[143]|Set<Id>.add(Object)
12:19:42.137 (251942118)|SYSTEM_METHOD_ENTRY|[141]|system.ListIterator.hasNext()
12:19:42.137 (251944760)|HEAP_ALLOCATE|[141]|Bytes:5
12:19:42.137 (251946935)|SYSTEM_METHOD_EXIT|[141]|system.ListIterator.hasNext()
12:19:42.137 (251950199)|HEAP_ALLOCATE|[141]|Bytes:24
12:19:42.137 (251953110)|VARIABLE_SCOPE_BEGIN|[141]|oi|OrderItem|true|false
12:19:42.137 (251975103)|VARIABLE_ASSIGNMENT|[141]|oi|{"Quantity":1.00,"QuoteLineItemId":"0QLWC000003ehR74AI","Id":"802WC00000OpoppYAB","OrderId":"801WC00000knHDLYA2","PricebookEntryId":"01uWC000005ws8MYAQ"}|0x4efd1ba5
12:19:42.137 (251978187)|STATEMENT_EXECUTE|[141]
12:19:42.137 (251980732)|STATEMENT_EXECUTE|[142]
12:19:42.137 (251981588)|STATEMENT_EXECUTE|[143]
12:19:42.137 (251985750)|SYSTEM_METHOD_ENTRY|[143]|Set<Id>.add(Object)
12:19:42.137 (251987623)|HEAP_ALLOCATE|[EXTERNAL]|Bytes:4
12:19:42.137 (251990908)|SYSTEM_METHOD_EXIT|[143]|Set<Id>.add(Object)
12:19:42.137 (251993708)|SYSTEM_METHOD_ENTRY|[141]|system.ListIterator.hasNext()
12:19:42.137 (251996223)|HEAP_ALLOCATE|[141]|Bytes:5
12:19:42.137 (251998202)|SYSTEM_METHOD_EXIT|[141]|system.ListIterator.hasNext()
12:19:42.137 (252000864)|HEAP_ALLOCATE|[141]|Bytes:28
12:19:42.137 (252004499)|VARIABLE_SCOPE_BEGIN|[141]|oi|OrderItem|true|false
12:19:42.137 (252033633)|VARIABLE_ASSIGNMENT|[141]|oi|{"Quantity":0.00,"QuoteLineItemId":"0QLWC000003ehR84AI","Id":"802WC00000OpopqYAB","OrderId":"801WC00000knHDLYA2","PricebookEntryId":"01uWC000005wsbUYAQ","Source_List_Price__c":355.00}|0x2a146c02
12:19:42.137 (252037344)|STATEMENT_EXECUTE|[141]
12:19:42.137 (252039867)|STATEMENT_EXECUTE|[142]
12:19:42.137 (252040710)|STATEMENT_EXECUTE|[143]
12:19:42.137 (252044588)|SYSTEM_METHOD_ENTRY|[143]|Set<Id>.add(Object)
12:19:42.137 (252046478)|HEAP_ALLOCATE|[EXTERNAL]|Bytes:4
12:19:42.137 (252049744)|SYSTEM_METHOD_EXIT|[143]|Set<Id>.add(Object)
12:19:42.137 (252052199)|SYSTEM_METHOD_ENTRY|[141]|system.ListIterator.hasNext()
12:19:42.137 (252054639)|HEAP_ALLOCATE|[141]|Bytes:5
12:19:42.137 (252056755)|SYSTEM_METHOD_EXIT|[141]|system.ListIterator.hasNext()
12:19:42.137 (252060484)|VARIABLE_ASSIGNMENT|[141]|oi|null|
12:19:42.137 (252065158)|SYSTEM_METHOD_ENTRY|[136]|com.salesforce.api.fast.SetIterator..lcom.force.swag.id.ID..r.hasNext()
12:19:42.137 (252067512)|HEAP_ALLOCATE|[136]|Bytes:5
12:19:42.137 (252069705)|SYSTEM_METHOD_EXIT|[136]|com.salesforce.api.fast.SetIterator..lcom.force.swag.id.ID..r.hasNext()
12:19:42.137 (252073028)|VARIABLE_ASSIGNMENT|[136]|orderId|null
12:19:42.137 (252075484)|STATEMENT_EXECUTE|[147]
12:19:42.137 (252086478)|METHOD_ENTRY|[147]|01pWC000002W5rR|MaintenanceOrderDecompositionService.loadMaintenanceTierByQliId(Set<Id>)
12:19:42.137 (252096270)|VARIABLE_SCOPE_BEGIN|[791]|qliIds|Set<Id>|true|false
12:19:42.137 (252104683)|VARIABLE_ASSIGNMENT|[791]|qliIds|["0QLWC000003ehSj4AI","0QLWC000003ehR74AI","0QLWC000003ehR84AI"]|0x636b052b
12:19:42.137 (252113136)|HEAP_ALLOCATE|[792]|Bytes:5
12:19:42.137 (252115545)|STATEMENT_EXECUTE|[791]
12:19:42.137 (252116704)|STATEMENT_EXECUTE|[792]
12:19:42.137 (252124600)|HEAP_ALLOCATE|[792]|Bytes:4
12:19:42.137 (252129642)|VARIABLE_SCOPE_BEGIN|[792]|tierByQliId|Map<Id,String>|true|false
12:19:42.137 (252139720)|VARIABLE_ASSIGNMENT|[792]|tierByQliId|{}|0x2ffb0fb5
12:19:42.137 (252143743)|SYSTEM_METHOD_ENTRY|[793]|Set<Id>.isEmpty()
12:19:42.137 (252148230)|SYSTEM_METHOD_EXIT|[793]|Set<Id>.isEmpty()
12:19:42.137 (252150561)|STATEMENT_EXECUTE|[793]
12:19:42.137 (252153433)|HEAP_ALLOCATE|[797]|Bytes:114
12:19:42.137 (252159109)|HEAP_ALLOCATE|[797]|Bytes:4
12:19:42.137 (252720650)|SOQL_EXECUTE_BEGIN|[797]|Aggregations:0|SELECT QuoteLineItemId, AttributeName, AttributeValue FROM QuoteLineItemAttribute WHERE QuoteLineItemId = :tmpVar1
12:19:42.137 (307105777)|SOQL_EXECUTE_END|[797]|Rows:5
12:19:42.137 (307148799)|HEAP_ALLOCATE|[EXTERNAL]|Bytes:24
12:19:42.137 (307223351)|SYSTEM_METHOD_ENTRY|[797]|Database.QueryLocator.iterator()
12:19:42.137 (307319520)|HEAP_ALLOCATE|[797]|Bytes:28
12:19:42.137 (307452797)|HEAP_ALLOCATE|[797]|Bytes:24
12:19:42.137 (307468341)|HEAP_ALLOCATE|[797]|Bytes:8
12:19:42.137 (307471248)|HEAP_ALLOCATE|[797]|Bytes:8
12:19:42.137 (307478323)|VARIABLE_SCOPE_BEGIN|[15]|this|Database.QueryLocatorIterator|true|false
12:19:42.137 (307534350)|VARIABLE_ASSIGNMENT|[15]|this|{}|0x725e5cd6
12:19:42.137 (307540340)|VARIABLE_SCOPE_BEGIN|[15]|values|List<SObject>|true|false
12:19:42.137 (307725428)|VARIABLE_ASSIGNMENT|[15]|values|[{"QuoteLineItemId":"0QLWC000003ehR74AI","AttributeName":"Maintenance Type Def (1 more) ...","AttributeValue":"Standard","Id":"0zuWC000005vWmkYAE"},{"QuoteLineItemId":"0QLWC000003ehR74AI","AttributeName":"Unit Volume","Id":"0zuWC000005vZ9RYAU"},{"QuoteLineItemId":"0QLWC000003ehR74AI","AttributeName":"Feature Options","AttributeValue":"Standard","Id":"0zuWC000005vZ9SYAU"},{"QuoteLineItemId":"0QLWC000003ehR84AI","AttributeName":"Maintenance Type Def (1 more) ...","AttributeValue":"Standard","Id":"0zuWC000005vZ9TYAU"},{"QuoteLineItemId":"0QLWC000003ehSj4AI","AttributeName":"Unit Type","AttributeValue":"Per Users","Id":"0zuWC000005vZCfYAM"}]|0x4ad855df
12:19:42.137 (307732833)|VARIABLE_SCOPE_BEGIN|[15]|ql|Database.QueryLocator|true|false
12:19:42.137 (307745081)|VARIABLE_ASSIGNMENT|[15]|ql|{"query":"SELECT QuoteLineItem (94 more) ..."}|0x47bbacf0
12:19:42.137 (307748119)|VARIABLE_SCOPE_BEGIN|[15]|totalNumRecords|Integer|false|false
12:19:42.137 (307754762)|VARIABLE_ASSIGNMENT|[15]|totalNumRecords|5
12:19:42.137 (307757224)|VARIABLE_SCOPE_BEGIN|[15]|queryMoreSize|Integer|false|false
12:19:42.137 (307760888)|VARIABLE_ASSIGNMENT|[15]|queryMoreSize|49986
12:19:42.137 (307818138)|HEAP_ALLOCATE|[797]|Bytes:28
12:19:42.137 (307827608)|SYSTEM_METHOD_EXIT|[797]|Database.QueryLocator.iterator()
12:19:42.137 (307849764)|METHOD_ENTRY|[797]||Database.QueryLocatorIterator.hasNext()
12:19:42.137 (307926139)|METHOD_EXIT|[797]||Database.QueryLocatorIterator.hasNext()
12:19:42.137 (307931898)|METHOD_ENTRY|[797]||Database.QueryLocatorIterator.next()
12:19:42.137 (307997003)|METHOD_EXIT|[797]||Database.QueryLocatorIterator.next()
12:19:42.137 (308003261)|VARIABLE_SCOPE_BEGIN|[797]|qlia|QuoteLineItemAttribute|true|false
12:19:42.137 (308034322)|VARIABLE_ASSIGNMENT|[797]|qlia|{"QuoteLineItemId":"0QLWC000003ehR74AI","AttributeName":"Maintenance Type Def (1 more) ...","AttributeValue":"Standard","Id":"0zuWC000005vWmkYAE"}|0x1367ed2f
12:19:42.137 (308039896)|STATEMENT_EXECUTE|[801]
12:19:42.137 (308041090)|STATEMENT_EXECUTE|[802]
12:19:42.137 (308077379)|METHOD_ENTRY|[802]|01pWC000002W5rR|MaintenanceOrderDecompositionService.normalizeTierValue(String)
12:19:42.137 (308108885)|VARIABLE_SCOPE_BEGIN|[819]|attributeValue|String|false|false
12:19:42.137 (308118237)|VARIABLE_ASSIGNMENT|[819]|attributeValue|"Standard"
12:19:42.137 (308133445)|HEAP_ALLOCATE|[820]|Bytes:5
12:19:42.137 (308137763)|STATEMENT_EXECUTE|[819]
12:19:42.137 (308166099)|SYSTEM_METHOD_ENTRY|[820]|String.isBlank(String)
12:19:42.137 (308183828)|SYSTEM_METHOD_EXIT|[820]|String.isBlank(String)
12:19:42.137 (308187349)|STATEMENT_EXECUTE|[820]
12:19:42.137 (308188809)|STATEMENT_EXECUTE|[824]
12:19:42.137 (308193939)|SYSTEM_METHOD_ENTRY|[824]|String.trim()
12:19:42.137 (308200820)|HEAP_ALLOCATE|[824]|Bytes:8
12:19:42.137 (308205916)|SYSTEM_METHOD_EXIT|[824]|String.trim()
12:19:42.137 (308208824)|VARIABLE_SCOPE_BEGIN|[824]|normalized|String|false|false
12:19:42.137 (308216604)|VARIABLE_ASSIGNMENT|[824]|normalized|"Standard"
12:19:42.137 (308220869)|HEAP_ALLOCATE|[825]|Bytes:7
12:19:42.137 (308228174)|SYSTEM_METHOD_ENTRY|[825]|String.equalsIgnoreCase(String)
12:19:42.137 (308234981)|SYSTEM_METHOD_EXIT|[825]|String.equalsIgnoreCase(String)
12:19:42.137 (308236902)|STATEMENT_EXECUTE|[825]
12:19:42.137 (308238194)|HEAP_ALLOCATE|[828]|Bytes:8
12:19:42.137 (308242036)|SYSTEM_METHOD_ENTRY|[828]|String.equalsIgnoreCase(String)
12:19:42.137 (308246410)|SYSTEM_METHOD_EXIT|[828]|String.equalsIgnoreCase(String)
12:19:42.137 (308248534)|STATEMENT_EXECUTE|[828]
12:19:42.137 (308249320)|STATEMENT_EXECUTE|[829]
12:19:42.137 (308255324)|METHOD_EXIT|[802]|01pWC000002W5rR|MaintenanceOrderDecompositionService.normalizeTierValue(String)
12:19:42.137 (308257893)|VARIABLE_SCOPE_BEGIN|[802]|tierValue|String|false|false
12:19:42.137 (308262239)|VARIABLE_ASSIGNMENT|[802]|tierValue|"Standard"
12:19:42.137 (308264689)|STATEMENT_EXECUTE|[803]
12:19:42.137 (308299992)|SYSTEM_METHOD_ENTRY|[807]|Map<Id,String>.containsKey(Object)
12:19:42.137 (308310546)|SYSTEM_METHOD_EXIT|[807]|Map<Id,String>.containsKey(Object)
12:19:42.137 (308313479)|STATEMENT_EXECUTE|[807]
12:19:42.137 (308314464)|STATEMENT_EXECUTE|[813]
12:19:42.137 (308321384)|SYSTEM_METHOD_ENTRY|[813]|Map<Id,String>.put(Object, Object)
12:19:42.137 (308329699)|HEAP_ALLOCATE|[EXTERNAL]|Bytes:-4
12:19:42.137 (308335193)|SYSTEM_METHOD_EXIT|[813]|Map<Id,String>.put(Object, Object)
12:19:42.137 (308339371)|METHOD_ENTRY|[797]||Database.QueryLocatorIterator.hasNext()
12:19:42.137 (308353986)|METHOD_EXIT|[797]||Database.QueryLocatorIterator.hasNext()
12:19:42.137 (308356549)|METHOD_ENTRY|[797]||Database.QueryLocatorIterator.next()
12:19:42.137 (308393593)|METHOD_EXIT|[797]||Database.QueryLocatorIterator.next()
12:19:42.137 (308399038)|VARIABLE_SCOPE_BEGIN|[797]|qlia|QuoteLineItemAttribute|true|false
12:19:42.137 (308432798)|VARIABLE_ASSIGNMENT|[797]|qlia|{"QuoteLineItemId":"0QLWC000003ehR74AI","AttributeName":"Unit Volume","Id":"0zuWC000005vZ9RYAU"}|0x6fb51800
12:19:42.137 (308450286)|STATEMENT_EXECUTE|[801]
12:19:42.137 (308451463)|STATEMENT_EXECUTE|[802]
12:19:42.137 (308459308)|METHOD_ENTRY|[802]|01pWC000002W5rR|MaintenanceOrderDecompositionService.normalizeTierValue(String)
12:19:42.137 (308464013)|VARIABLE_SCOPE_BEGIN|[819]|attributeValue|String|false|false
12:19:42.137 (308470606)|VARIABLE_ASSIGNMENT|[819]|attributeValue|null
12:19:42.137 (308478025)|HEAP_ALLOCATE|[820]|Bytes:5
12:19:42.137 (308480176)|STATEMENT_EXECUTE|[819]
12:19:42.137 (308487268)|SYSTEM_METHOD_ENTRY|[820]|String.isBlank(String)
12:19:42.137 (308491647)|SYSTEM_METHOD_EXIT|[820]|String.isBlank(String)
12:19:42.137 (308493433)|STATEMENT_EXECUTE|[820]
12:19:42.137 (308494373)|STATEMENT_EXECUTE|[821]
12:19:42.137 (308498090)|METHOD_EXIT|[802]|01pWC000002W5rR|MaintenanceOrderDecompositionService.normalizeTierValue(String)
12:19:42.137 (308500605)|VARIABLE_SCOPE_BEGIN|[802]|tierValue|String|false|false
12:19:42.137 (308504823)|VARIABLE_ASSIGNMENT|[802]|tierValue|null
12:19:42.137 (308507047)|STATEMENT_EXECUTE|[803]
12:19:42.137 (308507762)|STATEMENT_EXECUTE|[804]
12:19:42.137 (308509893)|METHOD_ENTRY|[797]||Database.QueryLocatorIterator.hasNext()
12:19:42.137 (308519792)|METHOD_EXIT|[797]||Database.QueryLocatorIterator.hasNext()
12:19:42.137 (308522144)|METHOD_ENTRY|[797]||Database.QueryLocatorIterator.next()
12:19:42.137 (308547876)|METHOD_EXIT|[797]||Database.QueryLocatorIterator.next()
12:19:42.137 (308550768)|VARIABLE_SCOPE_BEGIN|[797]|qlia|QuoteLineItemAttribute|true|false
12:19:42.137 (308572471)|VARIABLE_ASSIGNMENT|[797]|qlia|{"QuoteLineItemId":"0QLWC000003ehR74AI","AttributeName":"Feature Options","AttributeValue":"Standard","Id":"0zuWC000005vZ9SYAU"}|0x43978e4c
12:19:42.137 (308576009)|STATEMENT_EXECUTE|[801]
12:19:42.137 (308576823)|STATEMENT_EXECUTE|[802]
12:19:42.137 (308581252)|METHOD_ENTRY|[802]|01pWC000002W5rR|MaintenanceOrderDecompositionService.normalizeTierValue(String)
12:19:42.137 (308583812)|VARIABLE_SCOPE_BEGIN|[819]|attributeValue|String|false|false
12:19:42.137 (308587930)|VARIABLE_ASSIGNMENT|[819]|attributeValue|"Standard"
12:19:42.137 (308592028)|HEAP_ALLOCATE|[820]|Bytes:5
12:19:42.137 (308594487)|STATEMENT_EXECUTE|[819]
12:19:42.137 (308600441)|SYSTEM_METHOD_ENTRY|[820]|String.isBlank(String)
12:19:42.137 (308604770)|SYSTEM_METHOD_EXIT|[820]|String.isBlank(String)
12:19:42.137 (308606557)|STATEMENT_EXECUTE|[820]
12:19:42.137 (308607312)|STATEMENT_EXECUTE|[824]
12:19:42.137 (308609729)|SYSTEM_METHOD_ENTRY|[824]|String.trim()
12:19:42.137 (308611797)|HEAP_ALLOCATE|[824]|Bytes:8
12:19:42.137 (308614910)|SYSTEM_METHOD_EXIT|[824]|String.trim()
12:19:42.137 (308616867)|VARIABLE_SCOPE_BEGIN|[824]|normalized|String|false|false
12:19:42.137 (308621307)|VARIABLE_ASSIGNMENT|[824]|normalized|"Standard"
12:19:42.137 (308625772)|SYSTEM_METHOD_ENTRY|[825]|String.equalsIgnoreCase(String)
12:19:42.137 (308629443)|SYSTEM_METHOD_EXIT|[825]|String.equalsIgnoreCase(String)
12:19:42.137 (308630970)|STATEMENT_EXECUTE|[825]
12:19:42.137 (308633772)|SYSTEM_METHOD_ENTRY|[828]|String.equalsIgnoreCase(String)
12:19:42.137 (308636939)|SYSTEM_METHOD_EXIT|[828]|String.equalsIgnoreCase(String)
12:19:42.137 (308638598)|STATEMENT_EXECUTE|[828]
12:19:42.137 (308639351)|STATEMENT_EXECUTE|[829]
12:19:42.137 (308641917)|METHOD_EXIT|[802]|01pWC000002W5rR|MaintenanceOrderDecompositionService.normalizeTierValue(String)
12:19:42.137 (308644165)|VARIABLE_SCOPE_BEGIN|[802]|tierValue|String|false|false
12:19:42.137 (308648015)|VARIABLE_ASSIGNMENT|[802]|tierValue|"Standard"
12:19:42.137 (308650111)|STATEMENT_EXECUTE|[803]
12:19:42.137 (308655695)|SYSTEM_METHOD_ENTRY|[807]|Map<Id,String>.containsKey(Object)
12:19:42.137 (308659717)|SYSTEM_METHOD_EXIT|[807]|Map<Id,String>.containsKey(Object)
12:19:42.137 (308661915)|STATEMENT_EXECUTE|[807]
12:19:42.137 (308695235)|STATEMENT_EXECUTE|[808]
12:19:42.137 (308696431)|STATEMENT_EXECUTE|[809]
12:19:42.137 (308699156)|METHOD_ENTRY|[797]||Database.QueryLocatorIterator.hasNext()
12:19:42.137 (308708532)|METHOD_EXIT|[797]||Database.QueryLocatorIterator.hasNext()
12:19:42.137 (308710767)|METHOD_ENTRY|[797]||Database.QueryLocatorIterator.next()
12:19:42.137 (308875162)|METHOD_EXIT|[797]||Database.QueryLocatorIterator.next()
12:19:42.137 (308882150)|VARIABLE_SCOPE_BEGIN|[797]|qlia|QuoteLineItemAttribute|true|false
12:19:42.137 (308928502)|VARIABLE_ASSIGNMENT|[797]|qlia|{"QuoteLineItemId":"0QLWC000003ehR84AI","AttributeName":"Maintenance Type Def (1 more) ...","AttributeValue":"Standard","Id":"0zuWC000005vZ9TYAU"}|0x11fd82b3
12:19:42.137 (308934429)|STATEMENT_EXECUTE|[801]
12:19:42.137 (308935615)|STATEMENT_EXECUTE|[802]
12:19:42.137 (308944785)|METHOD_ENTRY|[802]|01pWC000002W5rR|MaintenanceOrderDecompositionService.normalizeTierValue(String)
12:19:42.137 (308948998)|VARIABLE_SCOPE_BEGIN|[819]|attributeValue|String|false|false
12:19:42.137 (308955687)|VARIABLE_ASSIGNMENT|[819]|attributeValue|"Standard"
12:19:42.137 (308964764)|HEAP_ALLOCATE|[820]|Bytes:5
12:19:42.137 (308968534)|STATEMENT_EXECUTE|[819]
12:19:42.137 (308981097)|SYSTEM_METHOD_ENTRY|[820]|String.isBlank(String)
12:19:42.137 (308987135)|SYSTEM_METHOD_EXIT|[820]|String.isBlank(String)
12:19:42.137 (308989850)|STATEMENT_EXECUTE|[820]
12:19:42.137 (308991031)|STATEMENT_EXECUTE|[824]
12:19:42.137 (308994981)|SYSTEM_METHOD_ENTRY|[824]|String.trim()
12:19:42.137 (308998475)|HEAP_ALLOCATE|[824]|Bytes:8
12:19:42.137 (309002991)|SYSTEM_METHOD_EXIT|[824]|String.trim()
12:19:42.137 (309006241)|VARIABLE_SCOPE_BEGIN|[824]|normalized|String|false|false
12:19:42.137 (309013054)|VARIABLE_ASSIGNMENT|[824]|normalized|"Standard"
12:19:42.137 (309020268)|SYSTEM_METHOD_ENTRY|[825]|String.equalsIgnoreCase(String)
12:19:42.137 (309025677)|SYSTEM_METHOD_EXIT|[825]|String.equalsIgnoreCase(String)
12:19:42.137 (309028201)|STATEMENT_EXECUTE|[825]
12:19:42.137 (309032767)|SYSTEM_METHOD_ENTRY|[828]|String.equalsIgnoreCase(String)
12:19:42.137 (309037754)|SYSTEM_METHOD_EXIT|[828]|String.equalsIgnoreCase(String)
12:19:42.137 (309040184)|STATEMENT_EXECUTE|[828]
12:19:42.137 (309041241)|STATEMENT_EXECUTE|[829]
12:19:42.137 (309046686)|METHOD_EXIT|[802]|01pWC000002W5rR|MaintenanceOrderDecompositionService.normalizeTierValue(String)
12:19:42.137 (309050459)|VARIABLE_SCOPE_BEGIN|[802]|tierValue|String|false|false
12:19:42.137 (309056840)|VARIABLE_ASSIGNMENT|[802]|tierValue|"Standard"
12:19:42.137 (309059897)|STATEMENT_EXECUTE|[803]
12:19:42.137 (309071631)|SYSTEM_METHOD_ENTRY|[807]|Map<Id,String>.containsKey(Object)
12:19:42.137 (309078209)|SYSTEM_METHOD_EXIT|[807]|Map<Id,String>.containsKey(Object)
12:19:42.137 (309081295)|STATEMENT_EXECUTE|[807]
12:19:42.137 (309082330)|STATEMENT_EXECUTE|[813]
12:19:42.137 (309087818)|SYSTEM_METHOD_ENTRY|[813]|Map<Id,String>.put(Object, Object)
12:19:42.137 (309092299)|HEAP_ALLOCATE|[EXTERNAL]|Bytes:-4
12:19:42.137 (309097655)|SYSTEM_METHOD_EXIT|[813]|Map<Id,String>.put(Object, Object)
12:19:42.137 (309101364)|METHOD_ENTRY|[797]||Database.QueryLocatorIterator.hasNext()
12:19:42.137 (309115265)|METHOD_EXIT|[797]||Database.QueryLocatorIterator.hasNext()
12:19:42.137 (309117584)|METHOD_ENTRY|[797]||Database.QueryLocatorIterator.next()
12:19:42.137 (309148812)|METHOD_EXIT|[797]||Database.QueryLocatorIterator.next()
12:19:42.137 (309151634)|VARIABLE_SCOPE_BEGIN|[797]|qlia|QuoteLineItemAttribute|true|false
12:19:42.137 (309176915)|VARIABLE_ASSIGNMENT|[797]|qlia|{"QuoteLineItemId":"0QLWC000003ehSj4AI","AttributeName":"Unit Type","AttributeValue":"Per Users","Id":"0zuWC000005vZCfYAM"}|0x6ee144b5
12:19:42.137 (309180019)|STATEMENT_EXECUTE|[801]
12:19:42.137 (309180777)|STATEMENT_EXECUTE|[802]
12:19:42.137 (309185039)|METHOD_ENTRY|[802]|01pWC000002W5rR|MaintenanceOrderDecompositionService.normalizeTierValue(String)
12:19:42.137 (309187419)|VARIABLE_SCOPE_BEGIN|[819]|attributeValue|String|false|false
12:19:42.137 (309191478)|VARIABLE_ASSIGNMENT|[819]|attributeValue|"Per Users"
12:19:42.137 (309196439)|HEAP_ALLOCATE|[820]|Bytes:5
12:19:42.137 (309198285)|STATEMENT_EXECUTE|[819]
12:19:42.137 (309202488)|SYSTEM_METHOD_ENTRY|[820]|String.isBlank(String)
12:19:42.137 (309206433)|SYSTEM_METHOD_EXIT|[820]|String.isBlank(String)
12:19:42.137 (309208118)|STATEMENT_EXECUTE|[820]
12:19:42.137 (309208884)|STATEMENT_EXECUTE|[824]
12:19:42.137 (309211317)|SYSTEM_METHOD_ENTRY|[824]|String.trim()
12:19:42.137 (309213103)|HEAP_ALLOCATE|[824]|Bytes:9
12:19:42.137 (309215959)|SYSTEM_METHOD_EXIT|[824]|String.trim()
12:19:42.137 (309217776)|VARIABLE_SCOPE_BEGIN|[824]|normalized|String|false|false
12:19:42.137 (309221837)|VARIABLE_ASSIGNMENT|[824]|normalized|"Per Users"
12:19:42.137 (309225909)|SYSTEM_METHOD_ENTRY|[825]|String.equalsIgnoreCase(String)
12:19:42.137 (309229103)|SYSTEM_METHOD_EXIT|[825]|String.equalsIgnoreCase(String)
12:19:42.137 (309230614)|STATEMENT_EXECUTE|[825]
12:19:42.137 (309233309)|SYSTEM_METHOD_ENTRY|[828]|String.equalsIgnoreCase(String)
12:19:42.137 (309236362)|SYSTEM_METHOD_EXIT|[828]|String.equalsIgnoreCase(String)
12:19:42.137 (309238368)|STATEMENT_EXECUTE|[828]
12:19:42.137 (309240138)|HEAP_ALLOCATE|[831]|Bytes:12
12:19:42.137 (309245642)|SYSTEM_METHOD_ENTRY|[831]|String.equalsIgnoreCase(String)
12:19:42.137 (309259247)|SYSTEM_METHOD_EXIT|[831]|String.equalsIgnoreCase(String)
12:19:42.137 (309260937)|STATEMENT_EXECUTE|[831]
12:19:42.137 (309261826)|STATEMENT_EXECUTE|[834]
12:19:42.137 (309264766)|METHOD_EXIT|[802]|01pWC000002W5rR|MaintenanceOrderDecompositionService.normalizeTierValue(String)
12:19:42.137 (309267122)|VARIABLE_SCOPE_BEGIN|[802]|tierValue|String|false|false
12:19:42.137 (309271717)|VARIABLE_ASSIGNMENT|[802]|tierValue|null
12:19:42.137 (309273863)|STATEMENT_EXECUTE|[803]
12:19:42.137 (309274604)|STATEMENT_EXECUTE|[804]
12:19:42.137 (309276871)|METHOD_ENTRY|[797]||Database.QueryLocatorIterator.hasNext()
12:19:42.137 (309285107)|METHOD_EXIT|[797]||Database.QueryLocatorIterator.hasNext()
12:19:42.137 (309288942)|VARIABLE_ASSIGNMENT|[797]|qlia|null|
12:19:42.137 (309299013)|STATEMENT_EXECUTE|[815]
12:19:42.137 (309302099)|METHOD_EXIT|[147]|01pWC000002W5rR|MaintenanceOrderDecompositionService.loadMaintenanceTierByQliId(Set<Id>)
12:19:42.137 (309305341)|VARIABLE_SCOPE_BEGIN|[147]|tierByQliId|Map<Id,String>|true|false
12:19:42.137 (309318391)|VARIABLE_ASSIGNMENT|[147]|tierByQliId|{"0QLWC000003ehR74AI":"Standard","0QLWC000003ehR84AI":"Standard"}|0x2ffb0fb5
12:19:42.137 (309327733)|SYSTEM_METHOD_ENTRY|[149]|Set<Id>.iterator()
12:19:42.137 (309340367)|SYSTEM_METHOD_EXIT|[149]|Set<Id>.iterator()
12:19:42.137 (309347917)|SYSTEM_METHOD_ENTRY|[149]|com.salesforce.api.fast.SetIterator..lcom.force.swag.id.ID..r.hasNext()
12:19:42.137 (309352919)|HEAP_ALLOCATE|[149]|Bytes:5
12:19:42.137 (309357009)|SYSTEM_METHOD_EXIT|[149]|com.salesforce.api.fast.SetIterator..lcom.force.swag.id.ID..r.hasNext()
12:19:42.137 (309389589)|HEAP_ALLOCATE|[149]|Bytes:4
12:19:42.137 (309392271)|VARIABLE_SCOPE_BEGIN|[149]|orderId|Id|false|false
12:19:42.137 (309462914)|VARIABLE_ASSIGNMENT|[149]|orderId|"801WC00000knHDLYA2"
12:19:42.137 (309466926)|STATEMENT_EXECUTE|[149]
12:19:42.137 (309467944)|STATEMENT_EXECUTE|[150]
12:19:42.137 (309477724)|SYSTEM_METHOD_ENTRY|[150]|Map<Id,MaintenanceOrderDecompositionService.OrderMaintenanceWork>.get(Object)
12:19:42.137 (309492580)|SYSTEM_METHOD_EXIT|[150]|Map<Id,MaintenanceOrderDecompositionService.OrderMaintenanceWork>.get(Object)
12:19:42.137 (309496042)|VARIABLE_SCOPE_BEGIN|[150]|work|MaintenanceOrderDecompositionService.OrderMaintenanceWork|true|false
12:19:42.137 (309577118)|VARIABLE_ASSIGNMENT|[150]|work|{"allOrderItems":"0x69f1cf2f","derivedPbeIds":"0x1b80eab4","isNewBusiness":true,"orderId":"801WC00000knHDLYA2","orderRecord":"0x7aa70893","placeById":"0x4e347feb","qliById":"0x5e9c4893","tierByQliId":"0x39f36cd8"}|0x718f8749
12:19:42.137 (309584375)|STATEMENT_EXECUTE|[151]
12:19:42.137 (309593621)|SYSTEM_METHOD_ENTRY|[151]|Map<Id,List<OrderItem>>.containsKey(Object)
12:19:42.137 (309605301)|SYSTEM_METHOD_EXIT|[151]|Map<Id,List<OrderItem>>.containsKey(Object)
12:19:42.137 (309612082)|SYSTEM_METHOD_ENTRY|[152]|Map<Id,List<OrderItem>>.get(Object)
12:19:42.137 (309650988)|SYSTEM_METHOD_EXIT|[152]|Map<Id,List<OrderItem>>.get(Object)
12:19:42.137 (309787010)|VARIABLE_ASSIGNMENT|[151]|this.allOrderItems|[{"Quantity":1.00,"QuoteLineItemId":"0QLWC000003ehSj4AI","Id":"802WC00000OpopoYAB","OrderId":"801WC00000knHDLYA2","PricebookEntryId":"01uWC000005wrrDYAQ"},{"Quantity":1.00,"QuoteLineItemId":"0QLWC000003ehR74AI","Id":"802WC00000OpoppYAB","OrderId":"801WC00000knHDLYA2","PricebookEntryId":"01uWC000005ws8MYAQ"},{"Quantity":0.00,"QuoteLineItemId":"0QLWC000003ehR84AI","Id":"802WC00000OpopqYAB","OrderId":"801WC00000knHDLYA2","PricebookEntryId":"01uWC000005wsbUYAQ","Source_List_Price__c":355.00}]|0x718f8749
12:19:42.137 (309893445)|STATEMENT_EXECUTE|[154]
12:19:42.137 (309905736)|VARIABLE_ASSIGNMENT|[154]|this.derivedPbeIds|["01uWC000005wsbUYAQ"]|0x718f8749
12:19:42.137 (309917454)|SYSTEM_METHOD_ENTRY|[156]|List<OrderItem>.iterator()
12:19:42.137 (309928769)|SYSTEM_METHOD_EXIT|[156]|List<OrderItem>.iterator()
12:19:42.137 (309935818)|SYSTEM_METHOD_ENTRY|[156]|system.ListIterator.hasNext()
12:19:42.137 (309944057)|HEAP_ALLOCATE|[156]|Bytes:5
12:19:42.137 (309948587)|SYSTEM_METHOD_EXIT|[156]|system.ListIterator.hasNext()
12:19:42.137 (309957399)|HEAP_ALLOCATE|[156]|Bytes:24
12:19:42.137 (309964184)|VARIABLE_SCOPE_BEGIN|[156]|oi|OrderItem|true|false
12:19:42.137 (309993912)|VARIABLE_ASSIGNMENT|[156]|oi|{"Quantity":1.00,"QuoteLineItemId":"0QLWC000003ehSj4AI","Id":"802WC00000OpopoYAB","OrderId":"801WC00000knHDLYA2","PricebookEntryId":"01uWC000005wrrDYAQ"}|0xe32949e
12:19:42.137 (309998437)|STATEMENT_EXECUTE|[156]
12:19:42.137 (310018929)|SYSTEM_METHOD_ENTRY|[157]|Map<Id,QuoteLineItem>.containsKey(Object)
12:19:42.137 (310027854)|SYSTEM_METHOD_EXIT|[157]|Map<Id,QuoteLineItem>.containsKey(Object)
12:19:42.137 (310032024)|STATEMENT_EXECUTE|[157]
12:19:42.137 (310032836)|STATEMENT_EXECUTE|[158]
12:19:42.137 (310038807)|SYSTEM_METHOD_ENTRY|[158]|Map<Id,QuoteLineItem>.get(Object)
12:19:42.137 (310047224)|SYSTEM_METHOD_EXIT|[158]|Map<Id,QuoteLineItem>.get(Object)
12:19:42.137 (310052793)|SYSTEM_METHOD_ENTRY|[158]|Map<Id,QuoteLineItem>.put(Object, Object)
12:19:42.137 (310056677)|HEAP_ALLOCATE|[EXTERNAL]|Bytes:-4
12:19:42.137 (310061179)|SYSTEM_METHOD_EXIT|[158]|Map<Id,QuoteLineItem>.put(Object, Object)
12:19:42.137 (310065149)|SYSTEM_METHOD_ENTRY|[156]|system.ListIterator.hasNext()
12:19:42.137 (310068026)|HEAP_ALLOCATE|[156]|Bytes:5
12:19:42.137 (310070416)|SYSTEM_METHOD_EXIT|[156]|system.ListIterator.hasNext()
12:19:42.137 (310073514)|HEAP_ALLOCATE|[156]|Bytes:24
12:19:42.137 (310076396)|VARIABLE_SCOPE_BEGIN|[156]|oi|OrderItem|true|false
12:19:42.137 (310096187)|VARIABLE_ASSIGNMENT|[156]|oi|{"Quantity":1.00,"QuoteLineItemId":"0QLWC000003ehR74AI","Id":"802WC00000OpoppYAB","OrderId":"801WC00000knHDLYA2","PricebookEntryId":"01uWC000005ws8MYAQ"}|0x4efd1ba5
12:19:42.137 (310099359)|STATEMENT_EXECUTE|[156]
12:19:42.137 (310105085)|SYSTEM_METHOD_ENTRY|[157]|Map<Id,QuoteLineItem>.containsKey(Object)
12:19:42.137 (310109059)|SYSTEM_METHOD_EXIT|[157]|Map<Id,QuoteLineItem>.containsKey(Object)
12:19:42.137 (310111153)|STATEMENT_EXECUTE|[157]
12:19:42.137 (310111922)|STATEMENT_EXECUTE|[158]
12:19:42.137 (310116058)|SYSTEM_METHOD_ENTRY|[158]|Map<Id,QuoteLineItem>.get(Object)
12:19:42.137 (310119752)|SYSTEM_METHOD_EXIT|[158]|Map<Id,QuoteLineItem>.get(Object)
12:19:42.137 (310123571)|SYSTEM_METHOD_ENTRY|[158]|Map<Id,QuoteLineItem>.put(Object, Object)
12:19:42.137 (310125658)|HEAP_ALLOCATE|[EXTERNAL]|Bytes:-4
12:19:42.137 (310131276)|SYSTEM_METHOD_EXIT|[158]|Map<Id,QuoteLineItem>.put(Object, Object)
12:19:42.137 (310135408)|SYSTEM_METHOD_ENTRY|[156]|system.ListIterator.hasNext()
12:19:42.137 (310139316)|HEAP_ALLOCATE|[156]|Bytes:5
12:19:42.137 (310142552)|SYSTEM_METHOD_EXIT|[156]|system.ListIterator.hasNext()
12:19:42.137 (310146213)|HEAP_ALLOCATE|[156]|Bytes:28
12:19:42.137 (310149793)|VARIABLE_SCOPE_BEGIN|[156]|oi|OrderItem|true|false
12:19:42.137 (310188840)|VARIABLE_ASSIGNMENT|[156]|oi|{"Quantity":0.00,"QuoteLineItemId":"0QLWC000003ehR84AI","Id":"802WC00000OpopqYAB","OrderId":"801WC00000knHDLYA2","PricebookEntryId":"01uWC000005wsbUYAQ","Source_List_Price__c":355.00}|0x2a146c02
12:19:42.137 (310194525)|STATEMENT_EXECUTE|[156]
12:19:42.137 (310204153)|SYSTEM_METHOD_ENTRY|[157]|Map<Id,QuoteLineItem>.containsKey(Object)
12:19:42.137 (310209968)|SYSTEM_METHOD_EXIT|[157]|Map<Id,QuoteLineItem>.containsKey(Object)
12:19:42.137 (310213031)|STATEMENT_EXECUTE|[157]
12:19:42.137 (310214243)|STATEMENT_EXECUTE|[158]
12:19:42.137 (310220758)|SYSTEM_METHOD_ENTRY|[158]|Map<Id,QuoteLineItem>.get(Object)
12:19:42.137 (310226388)|SYSTEM_METHOD_EXIT|[158]|Map<Id,QuoteLineItem>.get(Object)
12:19:42.137 (310232616)|SYSTEM_METHOD_ENTRY|[158]|Map<Id,QuoteLineItem>.put(Object, Object)
12:19:42.137 (310235787)|HEAP_ALLOCATE|[EXTERNAL]|Bytes:-4
12:19:42.137 (310241390)|SYSTEM_METHOD_EXIT|[158]|Map<Id,QuoteLineItem>.put(Object, Object)
12:19:42.137 (310245882)|SYSTEM_METHOD_ENTRY|[156]|system.ListIterator.hasNext()
12:19:42.137 (310250175)|HEAP_ALLOCATE|[156]|Bytes:5
12:19:42.137 (310253517)|SYSTEM_METHOD_EXIT|[156]|system.ListIterator.hasNext()
12:19:42.137 (310259626)|VARIABLE_ASSIGNMENT|[156]|oi|null|
12:19:42.137 (310265484)|STATEMENT_EXECUTE|[161]
12:19:42.137 (310270017)|SYSTEM_METHOD_ENTRY|[162]|Map<Id,QuoteLineItem>.keySet()
12:19:42.137 (310305579)|HEAP_ALLOCATE|[162]|Bytes:70
12:19:42.137 (310309587)|SYSTEM_METHOD_EXIT|[162]|Map<Id,QuoteLineItem>.keySet()
12:19:42.137 (310315316)|SYSTEM_METHOD_ENTRY|[162]|Set<Id>.iterator()
12:19:42.137 (310321656)|SYSTEM_METHOD_EXIT|[162]|Set<Id>.iterator()
12:19:42.137 (310326811)|SYSTEM_METHOD_ENTRY|[162]|com.salesforce.api.fast.SetIterator..lcom.force.swag.id.ID..r.hasNext()
12:19:42.137 (310329681)|HEAP_ALLOCATE|[162]|Bytes:5
12:19:42.137 (310332431)|SYSTEM_METHOD_EXIT|[162]|com.salesforce.api.fast.SetIterator..lcom.force.swag.id.ID..r.hasNext()
12:19:42.137 (310355397)|HEAP_ALLOCATE|[162]|Bytes:4
12:19:42.137 (310357974)|VARIABLE_SCOPE_BEGIN|[162]|qliId|Id|false|false
12:19:42.137 (310411866)|VARIABLE_ASSIGNMENT|[162]|qliId|"0QLWC000003ehSj4AI"
12:19:42.137 (310415276)|STATEMENT_EXECUTE|[162]
12:19:42.137 (310421685)|SYSTEM_METHOD_ENTRY|[163]|Map<Id,String>.containsKey(Object)
12:19:42.137 (310429426)|SYSTEM_METHOD_EXIT|[163]|Map<Id,String>.containsKey(Object)
12:19:42.137 (310431603)|STATEMENT_EXECUTE|[163]
12:19:42.137 (310433780)|SYSTEM_METHOD_ENTRY|[162]|com.salesforce.api.fast.SetIterator..lcom.force.swag.id.ID..r.hasNext()
12:19:42.137 (310436466)|HEAP_ALLOCATE|[162]|Bytes:5
12:19:42.137 (310438658)|SYSTEM_METHOD_EXIT|[162]|com.salesforce.api.fast.SetIterator..lcom.force.swag.id.ID..r.hasNext()
12:19:42.137 (310445876)|HEAP_ALLOCATE|[162]|Bytes:4
12:19:42.137 (310447800)|VARIABLE_SCOPE_BEGIN|[162]|qliId|Id|false|false
12:19:42.137 (310466168)|VARIABLE_ASSIGNMENT|[162]|qliId|"0QLWC000003ehR74AI"
12:19:42.137 (310468653)|STATEMENT_EXECUTE|[162]
12:19:42.137 (310472221)|SYSTEM_METHOD_ENTRY|[163]|Map<Id,String>.containsKey(Object)
12:19:42.137 (310475632)|SYSTEM_METHOD_EXIT|[163]|Map<Id,String>.containsKey(Object)
12:19:42.137 (310477881)|STATEMENT_EXECUTE|[163]
12:19:42.137 (310478642)|STATEMENT_EXECUTE|[164]
12:19:42.137 (310483191)|SYSTEM_METHOD_ENTRY|[164]|Map<Id,String>.get(Object)
12:19:42.137 (310489855)|SYSTEM_METHOD_EXIT|[164]|Map<Id,String>.get(Object)
12:19:42.137 (310494693)|SYSTEM_METHOD_ENTRY|[164]|Map<Id,String>.put(Object, Object)
12:19:42.137 (310497510)|HEAP_ALLOCATE|[EXTERNAL]|Bytes:-4
12:19:42.137 (310501308)|SYSTEM_METHOD_EXIT|[164]|Map<Id,String>.put(Object, Object)
12:19:42.137 (310504282)|SYSTEM_METHOD_ENTRY|[162]|com.salesforce.api.fast.SetIterator..lcom.force.swag.id.ID..r.hasNext()
12:19:42.137 (310506643)|HEAP_ALLOCATE|[162]|Bytes:5
12:19:42.137 (310508661)|SYSTEM_METHOD_EXIT|[162]|com.salesforce.api.fast.SetIterator..lcom.force.swag.id.ID..r.hasNext()
12:19:42.137 (310514460)|HEAP_ALLOCATE|[162]|Bytes:4
12:19:42.137 (310516338)|VARIABLE_SCOPE_BEGIN|[162]|qliId|Id|false|false
12:19:42.137 (310533838)|VARIABLE_ASSIGNMENT|[162]|qliId|"0QLWC000003ehR84AI"
12:19:42.137 (310536103)|STATEMENT_EXECUTE|[162]
12:19:42.137 (310539447)|SYSTEM_METHOD_ENTRY|[163]|Map<Id,String>.containsKey(Object)
12:19:42.137 (310543010)|SYSTEM_METHOD_EXIT|[163]|Map<Id,String>.containsKey(Object)
12:19:42.137 (310545018)|STATEMENT_EXECUTE|[163]
12:19:42.137 (310545798)|STATEMENT_EXECUTE|[164]
12:19:42.137 (310548561)|SYSTEM_METHOD_ENTRY|[164]|Map<Id,String>.get(Object)
12:19:42.137 (310551638)|SYSTEM_METHOD_EXIT|[164]|Map<Id,String>.get(Object)
12:19:42.137 (310556433)|SYSTEM_METHOD_ENTRY|[164]|Map<Id,String>.put(Object, Object)
12:19:42.137 (310559536)|HEAP_ALLOCATE|[EXTERNAL]|Bytes:-4
12:19:42.137 (310565429)|SYSTEM_METHOD_EXIT|[164]|Map<Id,String>.put(Object, Object)
12:19:42.137 (310568616)|SYSTEM_METHOD_ENTRY|[162]|com.salesforce.api.fast.SetIterator..lcom.force.swag.id.ID..r.hasNext()
12:19:42.137 (310571007)|HEAP_ALLOCATE|[162]|Bytes:5
12:19:42.137 (310573046)|SYSTEM_METHOD_EXIT|[162]|com.salesforce.api.fast.SetIterator..lcom.force.swag.id.ID..r.hasNext()
12:19:42.137 (310576689)|VARIABLE_ASSIGNMENT|[162]|qliId|null
12:19:42.137 (310581220)|SYSTEM_METHOD_ENTRY|[149]|com.salesforce.api.fast.SetIterator..lcom.force.swag.id.ID..r.hasNext()
12:19:42.137 (310583141)|HEAP_ALLOCATE|[149]|Bytes:5
12:19:42.137 (310585151)|SYSTEM_METHOD_EXIT|[149]|com.salesforce.api.fast.SetIterator..lcom.force.swag.id.ID..r.hasNext()
12:19:42.137 (310587961)|VARIABLE_ASSIGNMENT|[149]|orderId|null
12:19:42.137 (310590432)|STATEMENT_EXECUTE|[170]
12:19:42.137 (310597662)|METHOD_EXIT|[259]|01pWC000002W5rR|MaintenanceOrderDecompositionService.loadWorkBulk(Set<Id>)
12:19:42.137 (310601601)|VARIABLE_SCOPE_BEGIN|[259]|workByOrderId|Map<Id,MaintenanceOrderDecompositionService.OrderMaintenanceWork>|true|false
12:19:42.137 (311080572)|VARIABLE_ASSIGNMENT|[259]|workByOrderId|"{801WC00000knHDLYA2=OrderMaintenanceWork:[allOrderItems=(OrderItem:{Id=802WC00000OpopoYAB, OrderId=801WC00000knHDLYA2, QuoteLineItemId=0QLWC000003ehSj4AI, PricebookEntryId=01uWC000005wrrDYAQ, Quantity=1.00}, OrderItem:{Id=802WC00000OpoppYAB, OrderId=801WC00000knHDLYA2, QuoteLineItemId=0QLWC000003ehR74AI, PricebookEntryId=01uWC000005ws8MYAQ, Quantity=1.00}, OrderItem:{Id=802WC00000OpopqYAB, OrderId=801WC00000knHDLYA2, QuoteLineItemId=0QLWC000003ehR84AI, PricebookEntryId=01uWC000005wsbUYAQ, Quantity=0.00, Source_List_Price__c=355.00}), derivedPbeIds={01uWC000005wsbUYAQ}, isNewBusiness=true, orderId=801WC00000knHDLYA2, orderRecord=Order:{Id=801WC00000knHDLYA2, QuoteId=0Q0WC0000039Vm10AE, BillToContactId=003WC00000nc6g5YAA, ShipToContactId=003WC00000nc6g5YAA, Bill_To_Account__c=001WC00000XiZP4YAN, Ship_To_Account__c=001WC00000XiZP4YAN, Bill_To_Address__c=a0lWC000004cO79YAE, Ship_To_Address__c=a0lWC000004cO79YAE}, placeById={a0lWC000004cO79YAE=Places__c:{Id=a0lWC000004cO79YAE, Account__c=001WC00000XiZP4YAN}}, qliById={0QLWC000003ehR74AI=QuoteLineItem:{Id=0QLWC000003ehR74AI, UnitPrice=301.75, NetUnitPrice=301.75, PartnerUnitPrice=301.75, Fortra_Product_Type__c=Perpetual, Product2Id=01tWC00000DD1btYAD, PricebookEntryId=01uWC000005ws8MYAQ, QuoteId=0Q0WC0000039Vm10AE}, 0QLWC000003ehR84AI=QuoteLineItem:{Id=0QLWC000003ehR84AI, Base_Price__c=355.00, Fortra_Product_Type__c=New Maintenance, Product2Id=01tWC00000DD1bsYAD, PricebookEntryId=01uWC000005wsbUYAQ, Source_List_Price__c=355.00, QuoteId=0Q0WC0000039Vm10AE}, 0QLWC000003ehSj4AI=QuoteLineItem:{Id=0QLWC000003ehSj4AI, UnitPrice=77080.00, NetUnitPrice=77080.00, PartnerUnitPrice=77080.00, Fortra_Product_Type__c=Subscription, Product2Id=01tWC00000DD11JYAT, PricebookEntryId=01uWC000005wrrDYAQ, QuoteId=0Q0WC0000039Vm10AE}}, tierByQliId={0QLWC000003ehR74AI=Standard, 0QLWC000003ehR84AI=Standard}]}"|0x2c5bdb0e
12:19:42.137 (311109090)|STATEMENT_EXECUTE|[260]
12:19:42.137 (311127212)|SYSTEM_METHOD_ENTRY|[260]|Map<Id,MaintenanceOrderDecompositionService.OrderMaintenanceWork>.containsKey(Object)
12:19:42.137 (311147482)|SYSTEM_METHOD_EXIT|[260]|Map<Id,MaintenanceOrderDecompositionService.OrderMaintenanceWork>.containsKey(Object)
12:19:42.137 (311155700)|SYSTEM_METHOD_ENTRY|[260]|Map<Id,MaintenanceOrderDecompositionService.OrderMaintenanceWork>.get(Object)
12:19:42.137 (311163725)|SYSTEM_METHOD_EXIT|[260]|Map<Id,MaintenanceOrderDecompositionService.OrderMaintenanceWork>.get(Object)
12:19:42.137 (311217997)|METHOD_EXIT|[763]|01pWC000002W5rR|MaintenanceOrderDecompositionService.loadWork(Id)
12:19:42.137 (311224377)|VARIABLE_SCOPE_BEGIN|[763]|work|MaintenanceOrderDecompositionService.OrderMaintenanceWork|true|false
12:19:42.137 (311321159)|VARIABLE_ASSIGNMENT|[763]|work|{"allOrderItems":"0x2bdcd299","derivedPbeIds":"0x691650f7","isNewBusiness":true,"orderId":"801WC00000knHDLYA2","orderRecord":"0x7aa70893","placeById":"0x4e347feb","qliById":"0x5e9c4893","tierByQliId":"0x39f36cd8"}|0x718f8749
12:19:42.137 (311326302)|STATEMENT_EXECUTE|[764]
12:19:42.137 (311339608)|METHOD_ENTRY|[764]|01pWC000002W5rR|MaintenanceOrderDecompositionService.seedFromWork(MaintenanceOrderDecompositionService.OrderMaintenanceWork)
12:19:42.137 (311351742)|VARIABLE_SCOPE_BEGIN|[579]|work|MaintenanceOrderDecompositionService.OrderMaintenanceWork|true|false
12:19:42.137 (311385277)|VARIABLE_ASSIGNMENT|[579]|work|{"allOrderItems":"0x2bdcd299","derivedPbeIds":"0x691650f7","isNewBusiness":true,"orderId":"801WC00000knHDLYA2","orderRecord":"0x7aa70893","placeById":"0x4e347feb","qliById":"0x5e9c4893","tierByQliId":"0x39f36cd8"}|0x718f8749
12:19:42.137 (311399351)|HEAP_ALLOCATE|[580]|Bytes:5
12:19:42.137 (311403365)|STATEMENT_EXECUTE|[579]
12:19:42.137 (311412685)|SYSTEM_METHOD_ENTRY|[580]|List<OrderItem>.isEmpty()
12:19:42.137 (311420483)|SYSTEM_METHOD_EXIT|[580]|List<OrderItem>.isEmpty()
12:19:42.137 (311423612)|STATEMENT_EXECUTE|[580]
12:19:42.137 (311424485)|STATEMENT_EXECUTE|[584]
12:19:42.137 (311435775)|HEAP_ALLOCATE|[584]|Bytes:4
12:19:42.137 (311444685)|SYSTEM_CONSTRUCTOR_ENTRY|[584]|<init>()
12:19:42.137 (311455886)|SYSTEM_CONSTRUCTOR_EXIT|[584]|<init>()
12:19:42.137 (311458376)|VARIABLE_SCOPE_BEGIN|[584]|seeds|List<OrderItem>|true|false
12:19:42.137 (311466523)|HEAP_ALLOCATE|[EXTERNAL]|Bytes:4
12:19:42.137 (311472525)|VARIABLE_ASSIGNMENT|[584]|seeds|[]|0x7fbcaa89
12:19:42.137 (311478262)|SYSTEM_METHOD_ENTRY|[585]|List<OrderItem>.iterator()
12:19:42.137 (311484402)|SYSTEM_METHOD_EXIT|[585]|List<OrderItem>.iterator()
12:19:42.137 (311490065)|SYSTEM_METHOD_ENTRY|[585]|system.ListIterator.hasNext()
12:19:42.137 (311493915)|HEAP_ALLOCATE|[585]|Bytes:5
12:19:42.137 (311497101)|SYSTEM_METHOD_EXIT|[585]|system.ListIterator.hasNext()
12:19:42.137 (311505103)|HEAP_ALLOCATE|[585]|Bytes:24
12:19:42.137 (311509847)|VARIABLE_SCOPE_BEGIN|[585]|oi|OrderItem|true|false
12:19:42.137 (311567865)|VARIABLE_ASSIGNMENT|[585]|oi|{"Quantity":1.00,"QuoteLineItemId":"0QLWC000003ehSj4AI","Id":"802WC00000OpopoYAB","OrderId":"801WC00000knHDLYA2","PricebookEntryId":"01uWC000005wrrDYAQ"}|0xe32949e
12:19:42.137 (311571821)|STATEMENT_EXECUTE|[585]
12:19:42.137 (311578780)|STATEMENT_EXECUTE|[586]
12:19:42.137 (311579705)|STATEMENT_EXECUTE|[590]
12:19:42.137 (311589765)|SYSTEM_METHOD_ENTRY|[590]|Map<Id,QuoteLineItem>.get(Object)
12:19:42.137 (311599101)|SYSTEM_METHOD_EXIT|[590]|Map<Id,QuoteLineItem>.get(Object)
12:19:42.137 (311601727)|VARIABLE_SCOPE_BEGIN|[590]|qli|QuoteLineItem|true|false
12:19:42.137 (311722809)|VARIABLE_ASSIGNMENT|[590]|qli|{"Quote":{"Ship_To_Place__c":"a0lWC000004cO79YAE","Id":"0Q0WC0000039Vm10AE"},"NetUnitPrice":77080.00,"Fortra_Product_Type__c":"Subscription","UnitPrice":77080.00,"Product2Id":"01tWC00000DD11JYAT","QuoteId":"0Q0WC0000039Vm10AE","Product2":{"Fortra_Product_Type__c":"Subscription","Id":"01tWC00000DD11JYAT"},"PricebookEntryId":"01uWC000005wrrDYAQ","Id":"0QLWC000003ehSj4AI","PartnerUnitPrice":77080.00}|0x23eeea99
12:19:42.137 (311732437)|STATEMENT_EXECUTE|[591]
12:19:42.137 (311733649)|STATEMENT_EXECUTE|[595]
12:19:42.137 (311755934)|HEAP_ALLOCATE|[595]|Bytes:4
12:19:42.137 (311914223)|VARIABLE_ASSIGNMENT|[595]|this.Id|"802WC00000OpopoYAB"|0x2db887e1
12:19:42.137 (311937441)|VARIABLE_SCOPE_BEGIN|[595]|seed|OrderItem|true|false
12:19:42.137 (311949792)|VARIABLE_ASSIGNMENT|[595]|seed|{"Id":"802WC00000OpopoYAB"}|0x2db887e1
12:19:42.137 (311952900)|STATEMENT_EXECUTE|[596]
12:19:42.137 (311955023)|VARIABLE_SCOPE_BEGIN|[596]|changed|Boolean|false|false
12:19:42.137 (311961187)|HEAP_ALLOCATE|[596]|Bytes:5
12:19:42.137 (311965441)|VARIABLE_ASSIGNMENT|[596]|changed|false
12:19:42.137 (312020227)|HEAP_ALLOCATE|[598]|Bytes:28
12:19:42.137 (312023692)|HEAP_ALLOCATE|[598]|Bytes:28
12:19:42.137 (312047972)|SYSTEM_METHOD_ENTRY|[598]|Decimal.compareTo(Decimal)
12:19:42.137 (312066097)|SYSTEM_METHOD_EXIT|[598]|Decimal.compareTo(Decimal)
12:19:42.137 (312070697)|STATEMENT_EXECUTE|[598]
12:19:42.137 (312071621)|STATEMENT_EXECUTE|[599]
12:19:42.137 (312173911)|VARIABLE_ASSIGNMENT|[599]|this.PartnerUnitPrice|77080.00|0x2db887e1
12:19:42.137 (312177236)|STATEMENT_EXECUTE|[600]
12:19:42.137 (312180136)|HEAP_ALLOCATE|[600]|Bytes:5
12:19:42.137 (312185201)|VARIABLE_ASSIGNMENT|[600]|changed|true
12:19:42.137 (312203394)|HEAP_ALLOCATE|[602]|Bytes:28
12:19:42.137 (312205277)|HEAP_ALLOCATE|[602]|Bytes:28
12:19:42.137 (312212264)|SYSTEM_METHOD_ENTRY|[602]|Decimal.compareTo(Decimal)
12:19:42.137 (312220226)|SYSTEM_METHOD_EXIT|[602]|Decimal.compareTo(Decimal)
12:19:42.137 (312222702)|STATEMENT_EXECUTE|[602]
12:19:42.137 (312223608)|STATEMENT_EXECUTE|[603]
12:19:42.137 (312251906)|VARIABLE_ASSIGNMENT|[603]|this.NetUnitPrice|77080.00|0x2db887e1
12:19:42.137 (312254682)|STATEMENT_EXECUTE|[604]
12:19:42.137 (312271428)|VARIABLE_ASSIGNMENT|[604]|this.UnitPrice|77080.00|0x2db887e1
12:19:42.137 (312273980)|STATEMENT_EXECUTE|[605]
12:19:42.137 (312275726)|HEAP_ALLOCATE|[605]|Bytes:5
12:19:42.137 (312279070)|VARIABLE_ASSIGNMENT|[605]|changed|true
12:19:42.137 (312294611)|SYSTEM_METHOD_ENTRY|[610]|String.isNotBlank(String)
12:19:42.137 (312302184)|SYSTEM_METHOD_EXIT|[610]|String.isNotBlank(String)
12:19:42.137 (312304244)|STATEMENT_EXECUTE|[610]
12:19:42.137 (312304989)|STATEMENT_EXECUTE|[611]
12:19:42.137 (312330835)|VARIABLE_ASSIGNMENT|[611]|this.Fortra_Product_Type__c|"Subscription"|0x2db887e1
12:19:42.137 (312333856)|STATEMENT_EXECUTE|[612]
12:19:42.137 (312335540)|HEAP_ALLOCATE|[612]|Bytes:5
12:19:42.137 (312338317)|VARIABLE_ASSIGNMENT|[612]|changed|true
12:19:42.137 (312340721)|STATEMENT_EXECUTE|[615]
12:19:42.137 (312341536)|STATEMENT_EXECUTE|[616]
12:19:42.137 (312349560)|SYSTEM_METHOD_ENTRY|[616]|List<OrderItem>.add(Object)
12:19:42.137 (312358208)|HEAP_ALLOCATE|[EXTERNAL]|Bytes:4
12:19:42.137 (312362519)|SYSTEM_METHOD_EXIT|[616]|List<OrderItem>.add(Object)
12:19:42.137 (312367939)|SYSTEM_METHOD_ENTRY|[585]|system.ListIterator.hasNext()
12:19:42.137 (312371715)|HEAP_ALLOCATE|[585]|Bytes:5
12:19:42.137 (312375493)|SYSTEM_METHOD_EXIT|[585]|system.ListIterator.hasNext()
12:19:42.137 (312383600)|HEAP_ALLOCATE|[585]|Bytes:24
12:19:42.137 (312387971)|VARIABLE_SCOPE_BEGIN|[585]|oi|OrderItem|true|false
12:19:42.137 (312423095)|VARIABLE_ASSIGNMENT|[585]|oi|{"Quantity":1.00,"QuoteLineItemId":"0QLWC000003ehR74AI","Id":"802WC00000OpoppYAB","OrderId":"801WC00000knHDLYA2","PricebookEntryId":"01uWC000005ws8MYAQ"}|0x4efd1ba5
12:19:42.137 (312428774)|STATEMENT_EXECUTE|[585]
12:19:42.137 (312433180)|STATEMENT_EXECUTE|[586]
12:19:42.137 (312434350)|STATEMENT_EXECUTE|[590]
12:19:42.137 (312453518)|SYSTEM_METHOD_ENTRY|[590]|Map<Id,QuoteLineItem>.get(Object)
12:19:42.137 (312462344)|SYSTEM_METHOD_EXIT|[590]|Map<Id,QuoteLineItem>.get(Object)
12:19:42.137 (312466265)|VARIABLE_SCOPE_BEGIN|[590]|qli|QuoteLineItem|true|false
12:19:42.137 (312594534)|VARIABLE_ASSIGNMENT|[590]|qli|{"Quote":{"Ship_To_Place__c":"a0lWC000004cO79YAE","Id":"0Q0WC0000039Vm10AE"},"NetUnitPrice":301.75,"Fortra_Product_Type__c":"Perpetual","UnitPrice":301.75,"Product2Id":"01tWC00000DD1btYAD","QuoteId":"0Q0WC0000039Vm10AE","Product2":{"Fortra_Product_Type__c":"Perpetual","Id":"01tWC00000DD1btYAD"},"PricebookEntryId":"01uWC000005ws8MYAQ","Id":"0QLWC000003ehR74AI","PartnerUnitPrice":301.75}|0x4405ab3d
12:19:42.137 (312604589)|STATEMENT_EXECUTE|[591]
12:19:42.137 (312606074)|STATEMENT_EXECUTE|[595]
12:19:42.137 (312621709)|HEAP_ALLOCATE|[595]|Bytes:4
12:19:42.137 (312650377)|VARIABLE_ASSIGNMENT|[595]|this.Id|"802WC00000OpoppYAB"|0x119b3aeb
12:19:42.137 (312658906)|VARIABLE_SCOPE_BEGIN|[595]|seed|OrderItem|true|false
12:19:42.137 (312667254)|VARIABLE_ASSIGNMENT|[595]|seed|{"Id":"802WC00000OpoppYAB"}|0x119b3aeb
12:19:42.137 (312669826)|STATEMENT_EXECUTE|[596]
12:19:42.137 (312672037)|VARIABLE_SCOPE_BEGIN|[596]|changed|Boolean|false|false
12:19:42.137 (312676854)|HEAP_ALLOCATE|[596]|Bytes:5
12:19:42.137 (312680299)|VARIABLE_ASSIGNMENT|[596]|changed|false
12:19:42.137 (312696613)|HEAP_ALLOCATE|[598]|Bytes:28
12:19:42.137 (312698451)|HEAP_ALLOCATE|[598]|Bytes:28
12:19:42.137 (312708703)|SYSTEM_METHOD_ENTRY|[598]|Decimal.compareTo(Decimal)
12:19:42.137 (312714899)|SYSTEM_METHOD_EXIT|[598]|Decimal.compareTo(Decimal)
12:19:42.137 (312718202)|STATEMENT_EXECUTE|[598]
12:19:42.137 (312719130)|STATEMENT_EXECUTE|[599]
12:19:42.137 (312751881)|VARIABLE_ASSIGNMENT|[599]|this.PartnerUnitPrice|301.75|0x119b3aeb
12:19:42.137 (312755072)|STATEMENT_EXECUTE|[600]
12:19:42.137 (312757003)|HEAP_ALLOCATE|[600]|Bytes:5
12:19:42.137 (312759923)|VARIABLE_ASSIGNMENT|[600]|changed|true
12:19:42.137 (312766592)|HEAP_ALLOCATE|[602]|Bytes:28
12:19:42.137 (312768247)|HEAP_ALLOCATE|[602]|Bytes:28
12:19:42.137 (312773198)|SYSTEM_METHOD_ENTRY|[602]|Decimal.compareTo(Decimal)
12:19:42.137 (312777125)|SYSTEM_METHOD_EXIT|[602]|Decimal.compareTo(Decimal)
12:19:42.137 (312779170)|STATEMENT_EXECUTE|[602]
12:19:42.137 (312780080)|STATEMENT_EXECUTE|[603]
12:19:42.137 (312795341)|VARIABLE_ASSIGNMENT|[603]|this.NetUnitPrice|301.75|0x119b3aeb
12:19:42.137 (312797996)|STATEMENT_EXECUTE|[604]
12:19:42.137 (312810577)|VARIABLE_ASSIGNMENT|[604]|this.UnitPrice|301.75|0x119b3aeb
12:19:42.137 (312813242)|STATEMENT_EXECUTE|[605]
12:19:42.137 (312814942)|HEAP_ALLOCATE|[605]|Bytes:5
12:19:42.137 (312817970)|VARIABLE_ASSIGNMENT|[605]|changed|true
12:19:42.137 (312825638)|SYSTEM_METHOD_ENTRY|[610]|String.isNotBlank(String)
12:19:42.137 (312830203)|SYSTEM_METHOD_EXIT|[610]|String.isNotBlank(String)
12:19:42.137 (312831938)|STATEMENT_EXECUTE|[610]
12:19:42.137 (312832851)|STATEMENT_EXECUTE|[611]
12:19:42.137 (312850071)|VARIABLE_ASSIGNMENT|[611]|this.Fortra_Product_Type__c|"Perpetual"|0x119b3aeb
12:19:42.137 (312852768)|STATEMENT_EXECUTE|[612]
12:19:42.137 (312854313)|HEAP_ALLOCATE|[612]|Bytes:5
12:19:42.137 (312856993)|VARIABLE_ASSIGNMENT|[612]|changed|true
12:19:42.137 (312859108)|STATEMENT_EXECUTE|[615]
12:19:42.137 (312859876)|STATEMENT_EXECUTE|[616]
12:19:42.137 (312865438)|SYSTEM_METHOD_ENTRY|[616]|List<OrderItem>.add(Object)
12:19:42.137 (312868748)|HEAP_ALLOCATE|[EXTERNAL]|Bytes:4
12:19:42.137 (312872913)|SYSTEM_METHOD_EXIT|[616]|List<OrderItem>.add(Object)
12:19:42.137 (312876843)|SYSTEM_METHOD_ENTRY|[585]|system.ListIterator.hasNext()
12:19:42.137 (312880233)|HEAP_ALLOCATE|[585]|Bytes:5
12:19:42.137 (312882819)|SYSTEM_METHOD_EXIT|[585]|system.ListIterator.hasNext()
12:19:42.137 (312887648)|HEAP_ALLOCATE|[585]|Bytes:28
12:19:42.137 (312890891)|VARIABLE_SCOPE_BEGIN|[585]|oi|OrderItem|true|false
12:19:42.137 (312920158)|VARIABLE_ASSIGNMENT|[585]|oi|{"Quantity":0.00,"QuoteLineItemId":"0QLWC000003ehR84AI","Id":"802WC00000OpopqYAB","OrderId":"801WC00000knHDLYA2","PricebookEntryId":"01uWC000005wsbUYAQ","Source_List_Price__c":355.00}|0x2a146c02
12:19:42.137 (312924165)|STATEMENT_EXECUTE|[585]
12:19:42.137 (312927058)|STATEMENT_EXECUTE|[586]
12:19:42.137 (312927898)|STATEMENT_EXECUTE|[590]
12:19:42.137 (312933638)|SYSTEM_METHOD_ENTRY|[590]|Map<Id,QuoteLineItem>.get(Object)
12:19:42.137 (312938712)|SYSTEM_METHOD_EXIT|[590]|Map<Id,QuoteLineItem>.get(Object)
12:19:42.137 (312941134)|VARIABLE_SCOPE_BEGIN|[590]|qli|QuoteLineItem|true|false
12:19:42.137 (312999635)|VARIABLE_ASSIGNMENT|[590]|qli|{"Quote":{"Ship_To_Place__c":"a0lWC000004cO79YAE","Id":"0Q0WC0000039Vm10AE"},"Fortra_Product_Type__c":"New Maintenance","Product2Id":"01tWC00000DD1bsYAD","QuoteId":"0Q0WC0000039Vm10AE","Product2":{"Fortra_Product_Type__c":"New Maintenance","Id":"01tWC00000DD1bsYAD"},"PricebookEntryId":"01uWC000005wsbUYAQ","Source_List_Price__c":355.00,"Id":"0QLWC000003ehR84AI","Base_Price__c":355.00}|0x5a33c0a1
12:19:42.137 (313005206)|STATEMENT_EXECUTE|[591]
12:19:42.137 (313006708)|STATEMENT_EXECUTE|[595]
12:19:42.137 (313014609)|HEAP_ALLOCATE|[595]|Bytes:4
12:19:42.137 (313033964)|VARIABLE_ASSIGNMENT|[595]|this.Id|"802WC00000OpopqYAB"|0x74cefc96
12:19:42.137 (313041514)|VARIABLE_SCOPE_BEGIN|[595]|seed|OrderItem|true|false
12:19:42.137 (313050201)|VARIABLE_ASSIGNMENT|[595]|seed|{"Id":"802WC00000OpopqYAB"}|0x74cefc96
12:19:42.137 (313053546)|STATEMENT_EXECUTE|[596]
12:19:42.137 (313055636)|VARIABLE_SCOPE_BEGIN|[596]|changed|Boolean|false|false
12:19:42.137 (313061318)|HEAP_ALLOCATE|[596]|Bytes:5
12:19:42.137 (313065054)|VARIABLE_ASSIGNMENT|[596]|changed|false
12:19:42.137 (313071887)|STATEMENT_EXECUTE|[598]
12:19:42.137 (313075797)|STATEMENT_EXECUTE|[602]
12:19:42.137 (313085230)|SYSTEM_METHOD_ENTRY|[610]|String.isNotBlank(String)
12:19:42.137 (313091786)|SYSTEM_METHOD_EXIT|[610]|String.isNotBlank(String)
12:19:42.137 (313094726)|STATEMENT_EXECUTE|[610]
12:19:42.137 (313096006)|STATEMENT_EXECUTE|[611]
12:19:42.137 (313122579)|VARIABLE_ASSIGNMENT|[611]|this.Fortra_Product_Type__c|"New Maintenance"|0x74cefc96
12:19:42.137 (313127362)|STATEMENT_EXECUTE|[612]
12:19:42.137 (313130239)|HEAP_ALLOCATE|[612]|Bytes:5
12:19:42.137 (313135226)|VARIABLE_ASSIGNMENT|[612]|changed|true
12:19:42.137 (313138959)|STATEMENT_EXECUTE|[615]
12:19:42.137 (313140215)|STATEMENT_EXECUTE|[616]
12:19:42.137 (313146811)|SYSTEM_METHOD_ENTRY|[616]|List<OrderItem>.add(Object)
12:19:42.137 (313150579)|HEAP_ALLOCATE|[EXTERNAL]|Bytes:4
12:19:42.137 (313155979)|SYSTEM_METHOD_EXIT|[616]|List<OrderItem>.add(Object)
12:19:42.137 (313161339)|SYSTEM_METHOD_ENTRY|[585]|system.ListIterator.hasNext()
12:19:42.137 (313165325)|HEAP_ALLOCATE|[585]|Bytes:5
12:19:42.137 (313168831)|SYSTEM_METHOD_EXIT|[585]|system.ListIterator.hasNext()
12:19:42.137 (313174701)|VARIABLE_ASSIGNMENT|[585]|oi|null|
12:19:42.137 (313182003)|SYSTEM_METHOD_ENTRY|[620]|List<OrderItem>.isEmpty()
12:19:42.137 (313194747)|SYSTEM_METHOD_EXIT|[620]|List<OrderItem>.isEmpty()
12:19:42.137 (313198366)|STATEMENT_EXECUTE|[620]
12:19:42.137 (313199903)|STATEMENT_EXECUTE|[623]
12:19:42.137 (313281980)|DML_BEGIN|[623]|Op:Update|Type:OrderItem|Rows:3
12:19:42.137 (313326439)|HEAP_ALLOCATE|[EXTERNAL]|Bytes:16
12:19:42.137 (698515489)|CODE_UNIT_STARTED|[EXTERNAL]|Flow:OrderItem
12:19:42.804 (804538156)|FLOW_CREATE_INTERVIEW_BEGIN|00DWC000006eUFF|300WC00000Qqd9Z|301WC00000knsJN
12:19:42.804 (804630724)|FLOW_CREATE_INTERVIEW_END|14456012788e2f5814d2163a58219ecc9c55f1-7928|Fortra &#124; OrderItem &#124; Set Dates
12:19:42.804 (804634588)|FLOW_CREATE_INTERVIEW_END|14466012788e2f5814d2163a58219ecc9c55f1-7929|Fortra &#124; OrderItem &#124; Set Dates
12:19:42.804 (804636664)|FLOW_CREATE_INTERVIEW_END|14476012788e2f5814d2163a58219ecc9c55f1-792a|Fortra &#124; OrderItem &#124; Set Dates
12:19:42.805 (805075121)|FLOW_START_INTERVIEWS_BEGIN|3
12:19:42.805 (805113431)|FLOW_START_INTERVIEW_BEGIN|14456012788e2f5814d2163a58219ecc9c55f1-7928|Fortra &#124; OrderItem &#124; Set Dates
12:19:42.805 (805194036)|FLOW_START_INTERVIEW_LIMIT_USAGE|SOQL queries: 6 out of 100
12:19:42.805 (805202542)|FLOW_START_INTERVIEW_LIMIT_USAGE|SOQL query rows: 14 out of 50000
12:19:42.805 (805206671)|FLOW_START_INTERVIEW_LIMIT_USAGE|SOSL queries: 0 out of 20
12:19:42.805 (805211006)|FLOW_START_INTERVIEW_LIMIT_USAGE|DML statements: 1 out of 150
12:19:42.805 (805214723)|FLOW_START_INTERVIEW_LIMIT_USAGE|DML rows: 3 out of 10000
12:19:42.805 (805218445)|FLOW_START_INTERVIEW_LIMIT_USAGE|CPU time in ms: 98 out of 15000
12:19:42.805 (805260548)|FLOW_START_INTERVIEW_LIMIT_USAGE|Heap size in bytes: 1361 out of 6000000
12:19:42.805 (805265208)|FLOW_START_INTERVIEW_LIMIT_USAGE|Callouts: 0 out of 100
12:19:42.805 (805268988)|FLOW_START_INTERVIEW_LIMIT_USAGE|Email invocations: 0 out of 10
12:19:42.805 (805272823)|FLOW_START_INTERVIEW_LIMIT_USAGE|Future calls: 0 out of 50
12:19:42.805 (805276616)|FLOW_START_INTERVIEW_LIMIT_USAGE|Jobs in queue: 0 out of 50
12:19:42.805 (805280286)|FLOW_START_INTERVIEW_LIMIT_USAGE|Push notifications: 0 out of 10
12:19:42.805 (831090026)|FLOW_VALUE_ASSIGNMENT|14456012788e2f5814d2163a58219ecc9c55f1-7928|$Record|{Id=802WC00000OpopoYAB, Product2Id=01tWC00000DD11JYAT, IsDeleted=false, OrderId=801WC00000knHDLYA2, PricebookEntryId=01uWC000005wrrDYAQ, OriginalOrderItemId=null, QuoteLineItemId=0QLWC000003ehSj4AI, AvailableQuantity=1.00, Quantity=1.00, CurrencyIsoCode=USD, UnitPrice=77080.00, ListPrice=94000.00, TotalPrice=94000.00, BillingReference2=null, ServiceDate=2026-06-15 00:00:00, ServiceTime=00:00:00.000Z, ServiceDateTime=null, EndDate=2027-06-14 00:00:00, EndTime=00:00:00.000Z, EndDateTime=null, ServiceEndTimeZone=GMT, Description=null, TotalLineAmount=94000.00, TotalAdjustmentAmount=0.00, TotalLineAdjustmentAmount=0.00, TotalAdjustmentDistAmount=0.00, TotalAdjustmentTaxAmount=0.00, TotalLineAdjustmentTaxAmount=0.00, TotalAdjustmentDistTaxAmount=0.00, TotalLineTaxAmount=0.00, TotalTaxAmount=0.00, RoundedLineAmount=94000.00, AdjustedLineAmount=94000.00, TotalAdjustedLineTaxAmount=0.00, RoundedLineAmtWithTax=94000.00, TotalAdjustmentAmtWithTax=0.00, AdjustedLineAmtWithTax=94000.00, TotalLineAdjustmentAmtWithTax=0.00, TotalAdjustmentDistAmtWithTax=0.00, TotalAmtWithTax=94000.00, OrderDeliveryGroupId=null, RelatedOrderItemId=null, Type=null, TypeCode=null, TaxTreatmentId=null, LegalEntityId=0fwWC000000034LYAQ, BillingTreatmentId=null, ProductSellingModelId=0jPWC000000060b2AA, OrderActionId=8OAWC000002SOpS4AW, ProrationPolicyId=0mua50000004KzRAAU, PeriodBoundary=Anniversary, PeriodBoundaryStartMonth=null, PeriodBoundaryDay=null, PricingTermCount=1.00, NetUnitPrice=77080.00, BillingFrequency2=Annual, ParentOrderItemId=null, Status=null, LineNumber=1, CreatedDate=2026-06-15 14:12:47, CreatedById=005a500001SfRd7AAF, LastModifiedDate=2026-06-15 19:06:31, LastModifiedById=005WC00000MgTN2YAN, SystemModstamp=2026-06-15 19:06:31, OrderItemNumber=0000564381, PriceWaterfallIdentifier=802WC00000OpopoYAB:149787176567512, StartQuantity=0.00, EndQuantity=1.00, NetTotalPrice=94000.00, Discount=null, DiscountAmount=null, PartnerDiscountPercent=null, PartnerUnitPrice=77080.00, ValidationResult=null, EarliestEstimatedDeliveryDate=null, LatestEstimatedDeliveryDate=null, EarliestEstimatedDeliveryTime=null, LatestEstimatedDeliveryTime=null, EstimatedDeliveryReference=null, EstimatedDeliveryTimeZone=null, CustomProductName=null, SubscriptionTerm=1, OrderItemGroupId=null, SegmentIdentifier=null, SegmentType=null, SegmentName=null, IsPrimarySegment=false, OrderItemRecipientId=null, RampIdentifier=null, QuantityUnitOfMeasureId=null, UnitPriceUplift=null, BindingInstanceTargetId=null, PricingContractId=null, RevenueCloudPackagingFlag=CP, IsOrderItemLocked=false, RelatedChangeIdentifier=null, SupplementalChangeType=null, AggregatedQuantity=1.00, BatchIdentifier=null, DoesAutomaticallyRenew=false, Margin=null, MarginAmount=null, UnitCost=null, TotalCost=null, TotalAdjustment=null, TotalMargin=null, TotalMarginAmount=null, PriceRevisionPolicyId=null, ReplacementGroupId=null, Currency__c=USD, Workday_Sync_Correlation_Id__c=null, Workday_Sync_Message__c=null, Workday_Sync_Payload__c=null, Workday_Sync_Status__c=null, Multiple_Element_Rev_Alloc_Value__c=false, Workday_Revenue_Category__c=null, Billing_Schedule_From_Date__c=2026-06-15 00:00:00, Billing_Schedule_To_Date__c=2027-06-14 00:00:00, Custom_Product_Name__c=null, Ship_To_Address__c=null, Legacy_Id__c=null, DoNotExpand__c=false, Royalty_Amount__c=null, Exchange_Rate_To_USD__c=null, gsOrderDetailID__c=null, gsOrderID__c=null, Asset__c=null, Entitlement__c=null, Feature_Code__c=null, Freight_Terms__c=null, GSA__c=false, Hardware_ID__c=null, Hardware__c=null, Hostname__c=null, Instances__c=null, Is_Term__c=false, COLA_Uplift_Percent__c=null, End_Date_Calculated__c=2027-06-14 00:00:00, Legacy_Source__c=null, MSP_End_User__c=null, MYCAP__c=false, Maintenance_Discount_Percent__c=null, Manual_Discount__c=null, Migration_Change__c=null, Model__c=null, Number_of_Processors__c=null, Order_Is_Price_Locked__c=false, Override_Discount_Amount__c=null, Override_Discount_Percentage__c=null, Partition__c=null, Partner_Discount_Type__c=null, Price_Overriden__c=false, Prior_Feature_Code__c=null, Prior_Group_Number__c=null, Prior_Model__c=null, Prior_Number_of_Processors__c=null, Prior_Serial_Number__c=null, Product_Sale_Type__c=null, Product_type__c=null, Quantity_Back_Ordered__c=null, Quantity_Shipped__c=null, RSM_Discount_Percent__c=null, RSM__c=null, Requested_Delivery_Date__c=null, Sales_Support_Notes__c=null, Sequence_Number__c=null, Server_Type_Discount_Percent__c=null, Skip_Price_Calculation__c=false, Swap__c=false, System_Type__c=null, Tax_Code__c=null, Units__c=null, Uplift_Percent__c=null, Version_Number__c=null, Fortra_Product_Type__c=Subscription, Year_After_StartDate__c=true, Two_Years_After_Start_Date__c=false, Order_Line_ARR__c=null, Base_Price__c=null, Displaced_ARR__c=null, Is_Split_Line__c=false, Original_Order_Item__c=null, Partition_Record__c=null, Quote_Legal_Entity__c=Fortra, LLC*, Serial_Number__c=null, AllowRegionalPricing__c=false, Attribute_Multiplier_Pct__c=null, Attribute_Price_Mode__c=null, COLACalculatedPrice__c=null, Has_Attribute_Adjustment__c=false, RegionalNetUnitPrice__c=null, Quote_Line_Discount_Reason__c=null, Billing_Frequency__c=Yearly_Billing_Template, Order_Line_NARR_Calculated__c=0.00, Workday_Contract_Line_Reference_ID__c=null, LPAR_Number__c=null, LPAR_System_Name__c=null, Workday_Contract_Line_Type__c=FIXED AMOUNT, Start_Date_Calculated__c=2026-06-15 00:00:00, LegacyQuoteLineDiscount__c=null, LIC_Fair_Value_Amount__c=null, MAINT_Fair_Value_Amount__c=null, Source_List_Price__c=null, Prior_Discretionary_Discount__c=null, Prior_Partner_Discount__c=null, NetTotalPrice_Calculated__c=77080.00}
12:19:42.805 (831291321)|FLOW_ELEMENT_BEGIN|14456012788e2f5814d2163a58219ecc9c55f1-7928|FlowDecision|Is_Termed_Blank
12:19:42.805 (831367597)|FLOW_ELEMENT_DEFERRED|FlowDecision|Is_Termed_Blank
12:19:42.805 (831446060)|FLOW_ELEMENT_LIMIT_USAGE|15 ms CPU time, total 113 out of 15000
12:19:42.805 (831465784)|FLOW_ELEMENT_END|14456012788e2f5814d2163a58219ecc9c55f1-7928|FlowDecision|Is_Termed_Blank
12:19:42.805 (846446870)|FLOW_START_INTERVIEW_END|14456012788e2f5814d2163a58219ecc9c55f1-7928|Fortra &#124; OrderItem &#124; Set Dates
12:19:42.805 (846477943)|FLOW_START_INTERVIEW_BEGIN|14466012788e2f5814d2163a58219ecc9c55f1-7929|Fortra &#124; OrderItem &#124; Set Dates
12:19:42.805 (846545159)|FLOW_START_INTERVIEW_LIMIT_USAGE|SOQL queries: 6 out of 100
12:19:42.805 (846553990)|FLOW_START_INTERVIEW_LIMIT_USAGE|SOQL query rows: 14 out of 50000
12:19:42.805 (846558531)|FLOW_START_INTERVIEW_LIMIT_USAGE|SOSL queries: 0 out of 20
12:19:42.805 (846563165)|FLOW_START_INTERVIEW_LIMIT_USAGE|DML statements: 1 out of 150
12:19:42.805 (846566834)|FLOW_START_INTERVIEW_LIMIT_USAGE|DML rows: 3 out of 10000
12:19:42.805 (846570932)|FLOW_START_INTERVIEW_LIMIT_USAGE|CPU time in ms: 113 out of 15000
12:19:42.805 (846607190)|FLOW_START_INTERVIEW_LIMIT_USAGE|Heap size in bytes: 1361 out of 6000000
12:19:42.805 (846611322)|FLOW_START_INTERVIEW_LIMIT_USAGE|Callouts: 0 out of 100
12:19:42.805 (846614794)|FLOW_START_INTERVIEW_LIMIT_USAGE|Email invocations: 0 out of 10
12:19:42.805 (846618413)|FLOW_START_INTERVIEW_LIMIT_USAGE|Future calls: 0 out of 50
12:19:42.805 (846621920)|FLOW_START_INTERVIEW_LIMIT_USAGE|Jobs in queue: 0 out of 50
12:19:42.805 (846625988)|FLOW_START_INTERVIEW_LIMIT_USAGE|Push notifications: 0 out of 10
12:19:42.805 (849152842)|FLOW_VALUE_ASSIGNMENT|14466012788e2f5814d2163a58219ecc9c55f1-7929|$Record|{Id=802WC00000OpoppYAB, Product2Id=01tWC00000DD1btYAD, IsDeleted=false, OrderId=801WC00000knHDLYA2, PricebookEntryId=01uWC000005ws8MYAQ, OriginalOrderItemId=null, QuoteLineItemId=0QLWC000003ehR74AI, AvailableQuantity=1.00, Quantity=1.00, CurrencyIsoCode=USD, UnitPrice=301.75, ListPrice=355.00, TotalPrice=256.4875, BillingReference2=null, ServiceDate=null, ServiceTime=null, ServiceDateTime=null, EndDate=null, EndTime=null, EndDateTime=null, ServiceEndTimeZone=null, Description=Powertech Identity & Access Manager (BoKS) &#124; Standard, TotalLineAmount=301.75, TotalAdjustmentAmount=-45.2625, TotalLineAdjustmentAmount=0.00, TotalAdjustmentDistAmount=0.00, TotalAdjustmentTaxAmount=0.00, TotalLineAdjustmentTaxAmount=0.00, TotalAdjustmentDistTaxAmount=0.00, TotalLineTaxAmount=0.00, TotalTaxAmount=0.00, RoundedLineAmount=301.75, AdjustedLineAmount=256.4875, TotalAdjustedLineTaxAmount=0.00, RoundedLineAmtWithTax=301.75, TotalAdjustmentAmtWithTax=-45.2625, AdjustedLineAmtWithTax=256.4875, TotalLineAdjustmentAmtWithTax=0.00, TotalAdjustmentDistAmtWithTax=0.00, TotalAmtWithTax=256.4875, OrderDeliveryGroupId=null, RelatedOrderItemId=null, Type=null, TypeCode=null, TaxTreatmentId=null, LegalEntityId=0fwWC000000034LYAQ, BillingTreatmentId=null, ProductSellingModelId=0jPWC00000005yz2AA, OrderActionId=8OAWC000002SOpS4AW, ProrationPolicyId=null, PeriodBoundary=null, PeriodBoundaryStartMonth=null, PeriodBoundaryDay=null, PricingTermCount=0.00, NetUnitPrice=301.75, BillingFrequency2=null, ParentOrderItemId=null, Status=null, LineNumber=2, CreatedDate=2026-06-15 14:12:47, CreatedById=005a500001SfRd7AAF, LastModifiedDate=2026-06-15 17:45:56, LastModifiedById=005WC00000MgTN2YAN, SystemModstamp=2026-06-15 17:45:56, OrderItemNumber=0000564382, PriceWaterfallIdentifier=802WC00000OpoppYAB:149787176567512, StartQuantity=0.00, EndQuantity=1.00, NetTotalPrice=256.4875, Discount=null, DiscountAmount=null, PartnerDiscountPercent=15.00, PartnerUnitPrice=301.75, ValidationResult=null, EarliestEstimatedDeliveryDate=null, LatestEstimatedDeliveryDate=null, EarliestEstimatedDeliveryTime=null, LatestEstimatedDeliveryTime=null, EstimatedDeliveryReference=null, EstimatedDeliveryTimeZone=null, CustomProductName=null, SubscriptionTerm=null, OrderItemGroupId=null, SegmentIdentifier=null, SegmentType=null, SegmentName=null, IsPrimarySegment=false, OrderItemRecipientId=null, RampIdentifier=null, QuantityUnitOfMeasureId=null, UnitPriceUplift=null, BindingInstanceTargetId=null, PricingContractId=null, RevenueCloudPackagingFlag=CP, IsOrderItemLocked=false, RelatedChangeIdentifier=null, SupplementalChangeType=null, AggregatedQuantity=1.00, BatchIdentifier=null, DoesAutomaticallyRenew=false, Margin=null, MarginAmount=null, UnitCost=null, TotalCost=null, TotalAdjustment=null, TotalMargin=null, TotalMarginAmount=null, PriceRevisionPolicyId=null, ReplacementGroupId=null, Currency__c=USD, Workday_Sync_Correlation_Id__c=null, Workday_Sync_Message__c=null, Workday_Sync_Payload__c=null, Workday_Sync_Status__c=null, Multiple_Element_Rev_Alloc_Value__c=false, Workday_Revenue_Category__c=null, Billing_Schedule_From_Date__c=2026-06-15 00:00:00, Billing_Schedule_To_Date__c=2026-06-15 00:00:00, Custom_Product_Name__c=null, Ship_To_Address__c=null, Legacy_Id__c=null, DoNotExpand__c=false, Royalty_Amount__c=null, Exchange_Rate_To_USD__c=null, gsOrderDetailID__c=null, gsOrderID__c=null, Asset__c=null, Entitlement__c=null, Feature_Code__c=null, Freight_Terms__c=null, GSA__c=false, Hardware_ID__c=null, Hardware__c=null, Hostname__c=null, Instances__c=null, Is_Term__c=false, COLA_Uplift_Percent__c=null, End_Date_Calculated__c=2026-06-15 00:00:00, Legacy_Source__c=null, MSP_End_User__c=null, MYCAP__c=false, Maintenance_Discount_Percent__c=null, Manual_Discount__c=null, Migration_Change__c=null, Model__c=null, Number_of_Processors__c=null, Order_Is_Price_Locked__c=false, Override_Discount_Amount__c=null, Override_Discount_Percentage__c=null, Partition__c=null, Partner_Discount_Type__c=null, Price_Overriden__c=false, Prior_Feature_Code__c=null, Prior_Group_Number__c=null, Prior_Model__c=null, Prior_Number_of_Processors__c=null, Prior_Serial_Number__c=null, Product_Sale_Type__c=null, Product_type__c=null, Quantity_Back_Ordered__c=null, Quantity_Shipped__c=null, RSM_Discount_Percent__c=null, RSM__c=null, Requested_Delivery_Date__c=null, Sales_Support_Notes__c=null, Sequence_Number__c=null, Server_Type_Discount_Percent__c=null, Skip_Price_Calculation__c=false, Swap__c=false, System_Type__c=null, Tax_Code__c=null, Units__c=null, Uplift_Percent__c=null, Version_Number__c=null, Fortra_Product_Type__c=Perpetual, Year_After_StartDate__c=false, Two_Years_After_Start_Date__c=false, Order_Line_ARR__c=null, Base_Price__c=null, Displaced_ARR__c=null, Is_Split_Line__c=false, Original_Order_Item__c=null, Partition_Record__c=null, Quote_Legal_Entity__c=Fortra, LLC*, Serial_Number__c=null, AllowRegionalPricing__c=false, Attribute_Multiplier_Pct__c=null, Attribute_Price_Mode__c=null, COLACalculatedPrice__c=null, Has_Attribute_Adjustment__c=false, RegionalNetUnitPrice__c=null, Quote_Line_Discount_Reason__c=null, Billing_Frequency__c=Yearly_Billing_Template, Order_Line_NARR_Calculated__c=0.00, Workday_Contract_Line_Reference_ID__c=null, LPAR_Number__c=null, LPAR_System_Name__c=null, Workday_Contract_Line_Type__c=FIXED AMOUNT, Start_Date_Calculated__c=2026-06-15 00:00:00, LegacyQuoteLineDiscount__c=null, LIC_Fair_Value_Amount__c=null, MAINT_Fair_Value_Amount__c=null, Source_List_Price__c=null, Prior_Discretionary_Discount__c=null, Prior_Partner_Discount__c=null, NetTotalPrice_Calculated__c=301.75}
12:19:42.805 (849303474)|FLOW_ELEMENT_BEGIN|14466012788e2f5814d2163a58219ecc9c55f1-7929|FlowDecision|Is_Termed_Blank
12:19:42.805 (849354825)|FLOW_ELEMENT_DEFERRED|FlowDecision|Is_Termed_Blank
12:19:42.805 (849408528)|FLOW_ELEMENT_LIMIT_USAGE|2 ms CPU time, total 115 out of 15000
12:19:42.805 (849421795)|FLOW_ELEMENT_END|14466012788e2f5814d2163a58219ecc9c55f1-7929|FlowDecision|Is_Termed_Blank
12:19:42.805 (849471881)|FLOW_START_INTERVIEW_END|14466012788e2f5814d2163a58219ecc9c55f1-7929|Fortra &#124; OrderItem &#124; Set Dates
12:19:42.805 (849484320)|FLOW_START_INTERVIEW_BEGIN|14476012788e2f5814d2163a58219ecc9c55f1-792a|Fortra &#124; OrderItem &#124; Set Dates
12:19:42.805 (849499478)|FLOW_START_INTERVIEW_LIMIT_USAGE|SOQL queries: 6 out of 100
12:19:42.805 (849504258)|FLOW_START_INTERVIEW_LIMIT_USAGE|SOQL query rows: 14 out of 50000
12:19:42.805 (849508368)|FLOW_START_INTERVIEW_LIMIT_USAGE|SOSL queries: 0 out of 20
12:19:42.805 (849512163)|FLOW_START_INTERVIEW_LIMIT_USAGE|DML statements: 1 out of 150
12:19:42.805 (849515601)|FLOW_START_INTERVIEW_LIMIT_USAGE|DML rows: 3 out of 10000
12:19:42.805 (849519173)|FLOW_START_INTERVIEW_LIMIT_USAGE|CPU time in ms: 116 out of 15000
12:19:42.805 (849526686)|FLOW_START_INTERVIEW_LIMIT_USAGE|Heap size in bytes: 1361 out of 6000000
12:19:42.805 (849530645)|FLOW_START_INTERVIEW_LIMIT_USAGE|Callouts: 0 out of 100
12:19:42.805 (849534073)|FLOW_START_INTERVIEW_LIMIT_USAGE|Email invocations: 0 out of 10
12:19:42.805 (849537528)|FLOW_START_INTERVIEW_LIMIT_USAGE|Future calls: 0 out of 50
12:19:42.805 (849540984)|FLOW_START_INTERVIEW_LIMIT_USAGE|Jobs in queue: 0 out of 50
12:19:42.805 (849544400)|FLOW_START_INTERVIEW_LIMIT_USAGE|Push notifications: 0 out of 10
12:19:42.805 (851219176)|FLOW_VALUE_ASSIGNMENT|14476012788e2f5814d2163a58219ecc9c55f1-792a|$Record|{Id=802WC00000OpopqYAB, Product2Id=01tWC00000DD1bsYAD, IsDeleted=false, OrderId=801WC00000knHDLYA2, PricebookEntryId=01uWC000005wsbUYAQ, OriginalOrderItemId=null, QuoteLineItemId=0QLWC000003ehR84AI, AvailableQuantity=0.00, Quantity=0.00, CurrencyIsoCode=USD, UnitPrice=null, ListPrice=0.00, TotalPrice=0.00, BillingReference2=802WC00000OZLOrYAP, ServiceDate=2026-06-15 00:00:00, ServiceTime=00:00:00.000Z, ServiceDateTime=null, EndDate=null, EndTime=null, EndDateTime=null, ServiceEndTimeZone=GMT, Description=Powertech Identity & Access Manager (BoKS)-NewMaintenance &#124; Standard, TotalLineAmount=0.00, TotalAdjustmentAmount=0.00, TotalLineAdjustmentAmount=0.00, TotalAdjustmentDistAmount=0.00, TotalAdjustmentTaxAmount=0.00, TotalLineAdjustmentTaxAmount=0.00, TotalAdjustmentDistTaxAmount=0.00, TotalLineTaxAmount=0.00, TotalTaxAmount=0.00, RoundedLineAmount=0.00, AdjustedLineAmount=0.00, TotalAdjustedLineTaxAmount=0.00, RoundedLineAmtWithTax=0.00, TotalAdjustmentAmtWithTax=0.00, AdjustedLineAmtWithTax=0.00, TotalLineAdjustmentAmtWithTax=0.00, TotalAdjustmentDistAmtWithTax=0.00, TotalAmtWithTax=0.00, OrderDeliveryGroupId=null, RelatedOrderItemId=null, Type=null, TypeCode=null, TaxTreatmentId=null, LegalEntityId=0fwWC000000034LYAQ, BillingTreatmentId=1BTWC000000Mdh34AC, ProductSellingModelId=0jPWC00000005yz2AA, OrderActionId=8OAWC000002SOpR4AW, ProrationPolicyId=null, PeriodBoundary=null, PeriodBoundaryStartMonth=null, PeriodBoundaryDay=null, PricingTermCount=null, NetUnitPrice=null, BillingFrequency2=null, ParentOrderItemId=null, Status=null, LineNumber=3, CreatedDate=2026-06-15 14:12:47, CreatedById=005a500001SfRd7AAF, LastModifiedDate=2026-06-15 17:45:56, LastModifiedById=005WC00000MgTN2YAN, SystemModstamp=2026-06-15 17:45:56, OrderItemNumber=0000564383, PriceWaterfallIdentifier=null, StartQuantity=1.00, EndQuantity=1.00, NetTotalPrice=0.00, Discount=null, DiscountAmount=null, PartnerDiscountPercent=12.00, PartnerUnitPrice=null, ValidationResult=null, EarliestEstimatedDeliveryDate=null, LatestEstimatedDeliveryDate=null, EarliestEstimatedDeliveryTime=null, LatestEstimatedDeliveryTime=null, EstimatedDeliveryReference=null, EstimatedDeliveryTimeZone=null, CustomProductName=Powertech Identity & Access Manager (BoKS)-NewMaintenance, SubscriptionTerm=null, OrderItemGroupId=null, SegmentIdentifier=null, SegmentType=null, SegmentName=null, IsPrimarySegment=false, OrderItemRecipientId=null, RampIdentifier=null, QuantityUnitOfMeasureId=null, UnitPriceUplift=null, BindingInstanceTargetId=null, PricingContractId=null, RevenueCloudPackagingFlag=P, IsOrderItemLocked=false, RelatedChangeIdentifier=null, SupplementalChangeType=null, AggregatedQuantity=null, BatchIdentifier=null, DoesAutomaticallyRenew=false, Margin=null, MarginAmount=null, UnitCost=null, TotalCost=null, TotalAdjustment=null, TotalMargin=null, TotalMarginAmount=null, PriceRevisionPolicyId=null, ReplacementGroupId=null, Currency__c=USD, Workday_Sync_Correlation_Id__c=null, Workday_Sync_Message__c=null, Workday_Sync_Payload__c=null, Workday_Sync_Status__c=null, Multiple_Element_Rev_Alloc_Value__c=false, Workday_Revenue_Category__c=null, Billing_Schedule_From_Date__c=2026-06-15 00:00:00, Billing_Schedule_To_Date__c=2027-06-14 00:00:00, Custom_Product_Name__c=null, Ship_To_Address__c=null, Legacy_Id__c=null, DoNotExpand__c=false, Royalty_Amount__c=null, Exchange_Rate_To_USD__c=null, gsOrderDetailID__c=null, gsOrderID__c=null, Asset__c=null, Entitlement__c=null, Feature_Code__c=null, Freight_Terms__c=null, GSA__c=false, Hardware_ID__c=null, Hardware__c=null, Hostname__c=null, Instances__c=null, Is_Term__c=false, COLA_Uplift_Percent__c=null, End_Date_Calculated__c=2027-06-14 00:00:00, Legacy_Source__c=null, MSP_End_User__c=null, MYCAP__c=false, Maintenance_Discount_Percent__c=null, Manual_Discount__c=null, Migration_Change__c=null, Model__c=null, Number_of_Processors__c=null, Order_Is_Price_Locked__c=false, Override_Discount_Amount__c=null, Override_Discount_Percentage__c=null, Partition__c=null, Partner_Discount_Type__c=null, Price_Overriden__c=false, Prior_Feature_Code__c=null, Prior_Group_Number__c=null, Prior_Model__c=null, Prior_Number_of_Processors__c=null, Prior_Serial_Number__c=null, Product_Sale_Type__c=null, Product_type__c=null, Quantity_Back_Ordered__c=null, Quantity_Shipped__c=null, RSM_Discount_Percent__c=null, RSM__c=null, Requested_Delivery_Date__c=null, Sales_Support_Notes__c=null, Sequence_Number__c=null, Server_Type_Discount_Percent__c=null, Skip_Price_Calculation__c=false, Swap__c=false, System_Type__c=null, Tax_Code__c=null, Units__c=null, Uplift_Percent__c=null, Version_Number__c=null, Fortra_Product_Type__c=New Maintenance, Year_After_StartDate__c=false, Two_Years_After_Start_Date__c=false, Order_Line_ARR__c=null, Base_Price__c=355.00, Displaced_ARR__c=null, Is_Split_Line__c=false, Original_Order_Item__c=null, Partition_Record__c=null, Quote_Legal_Entity__c=Fortra, LLC*, Serial_Number__c=null, AllowRegionalPricing__c=false, Attribute_Multiplier_Pct__c=null, Attribute_Price_Mode__c=null, COLACalculatedPrice__c=null, Has_Attribute_Adjustment__c=false, RegionalNetUnitPrice__c=null, Quote_Line_Discount_Reason__c=null, Billing_Frequency__c=Yearly_Billing_Template, Order_Line_NARR_Calculated__c=0.00, Workday_Contract_Line_Reference_ID__c=null, LPAR_Number__c=null, LPAR_System_Name__c=null, Workday_Contract_Line_Type__c=FIXED AMOUNT, Start_Date_Calculated__c=2026-06-15 00:00:00, LegacyQuoteLineDiscount__c=null, LIC_Fair_Value_Amount__c=null, MAINT_Fair_Value_Amount__c=null, Source_List_Price__c=355.00, Prior_Discretionary_Discount__c=null, Prior_Partner_Discount__c=null, NetTotalPrice_Calculated__c=0.00}
12:19:42.805 (851351062)|FLOW_ELEMENT_BEGIN|14476012788e2f5814d2163a58219ecc9c55f1-792a|FlowDecision|Is_Termed_Blank
12:19:42.805 (851383941)|FLOW_ELEMENT_DEFERRED|FlowDecision|Is_Termed_Blank
12:19:42.805 (851420603)|FLOW_ELEMENT_LIMIT_USAGE|1 ms CPU time, total 117 out of 15000
12:19:42.805 (851432076)|FLOW_ELEMENT_END|14476012788e2f5814d2163a58219ecc9c55f1-792a|FlowDecision|Is_Termed_Blank
12:19:42.805 (851470166)|FLOW_START_INTERVIEW_END|14476012788e2f5814d2163a58219ecc9c55f1-792a|Fortra &#124; OrderItem &#124; Set Dates
12:19:42.805 (854981885)|FLOW_BULK_ELEMENT_BEGIN|FlowDecision|Is_Termed_Blank
12:19:42.805 (855351649)|FLOW_RULE_DETAIL|14456012788e2f5814d2163a58219ecc9c55f1-7928|Termed_Needs_Dates|false|false
12:19:42.805 (855376799)|FLOW_VALUE_ASSIGNMENT|14456012788e2f5814d2163a58219ecc9c55f1-7928|Termed_Needs_Dates|false
12:19:42.805 (855449531)|FLOW_RULE_DETAIL|14466012788e2f5814d2163a58219ecc9c55f1-7929|Termed_Needs_Dates|false|false
12:19:42.805 (855456576)|FLOW_VALUE_ASSIGNMENT|14466012788e2f5814d2163a58219ecc9c55f1-7929|Termed_Needs_Dates|false
12:19:42.805 (855492879)|FLOW_RULE_DETAIL|14476012788e2f5814d2163a58219ecc9c55f1-792a|Termed_Needs_Dates|false|false
12:19:42.805 (855498470)|FLOW_VALUE_ASSIGNMENT|14476012788e2f5814d2163a58219ecc9c55f1-792a|Termed_Needs_Dates|false
12:19:42.805 (855684302)|FLOW_BULK_ELEMENT_LIMIT_USAGE|2 ms CPU time, total 119 out of 15000
12:19:42.805 (855734448)|FLOW_BULK_ELEMENT_END|FlowDecision|Is_Termed_Blank|0|0
12:19:42.805 (855780230)|FLOW_ELEMENT_BEGIN|14456012788e2f5814d2163a58219ecc9c55f1-7928|FlowDecision|Perpetual
12:19:42.805 (855796527)|FLOW_ELEMENT_DEFERRED|FlowDecision|Perpetual
12:19:42.805 (855816825)|FLOW_ELEMENT_END|14456012788e2f5814d2163a58219ecc9c55f1-7928|FlowDecision|Perpetual
12:19:42.805 (855828461)|FLOW_ELEMENT_BEGIN|14466012788e2f5814d2163a58219ecc9c55f1-7929|FlowDecision|Perpetual
12:19:42.805 (855837787)|FLOW_ELEMENT_DEFERRED|FlowDecision|Perpetual
12:19:42.805 (855849956)|FLOW_ELEMENT_END|14466012788e2f5814d2163a58219ecc9c55f1-7929|FlowDecision|Perpetual
12:19:42.805 (855859494)|FLOW_ELEMENT_BEGIN|14476012788e2f5814d2163a58219ecc9c55f1-792a|FlowDecision|Perpetual
12:19:42.805 (855868147)|FLOW_ELEMENT_DEFERRED|FlowDecision|Perpetual
12:19:42.805 (855926448)|FLOW_ELEMENT_END|14476012788e2f5814d2163a58219ecc9c55f1-792a|FlowDecision|Perpetual
12:19:42.805 (856038132)|FLOW_BULK_ELEMENT_BEGIN|FlowDecision|Perpetual
12:19:42.805 (856113216)|FLOW_RULE_DETAIL|14456012788e2f5814d2163a58219ecc9c55f1-7928|Perpetual_Outcome|false|false
12:19:42.805 (856124894)|FLOW_VALUE_ASSIGNMENT|14456012788e2f5814d2163a58219ecc9c55f1-7928|Perpetual_Outcome|false
12:19:42.805 (856156579)|FLOW_RULE_DETAIL|14466012788e2f5814d2163a58219ecc9c55f1-7929|Perpetual_Outcome|true|false
12:19:42.805 (856162682)|FLOW_VALUE_ASSIGNMENT|14466012788e2f5814d2163a58219ecc9c55f1-7929|Perpetual_Outcome|true
12:19:42.805 (856189901)|FLOW_RULE_DETAIL|14476012788e2f5814d2163a58219ecc9c55f1-792a|Perpetual_Outcome|false|false
12:19:42.805 (856195674)|FLOW_VALUE_ASSIGNMENT|14476012788e2f5814d2163a58219ecc9c55f1-792a|Perpetual_Outcome|false
12:19:42.805 (856284797)|FLOW_BULK_ELEMENT_LIMIT_USAGE|1 ms CPU time, total 120 out of 15000
12:19:42.805 (856298682)|FLOW_BULK_ELEMENT_END|FlowDecision|Perpetual|0|0
12:19:42.805 (856324274)|FLOW_ELEMENT_BEGIN|14456012788e2f5814d2163a58219ecc9c55f1-7928|FlowRecordUpdate|Non_Perpetual_Set_Dates
12:19:42.805 (856336151)|FLOW_ELEMENT_DEFERRED|FlowRecordUpdate|Non_Perpetual_Set_Dates
12:19:42.805 (856350711)|FLOW_ELEMENT_END|14456012788e2f5814d2163a58219ecc9c55f1-7928|FlowRecordUpdate|Non_Perpetual_Set_Dates
12:19:42.805 (856360876)|FLOW_ELEMENT_BEGIN|14466012788e2f5814d2163a58219ecc9c55f1-7929|FlowRecordUpdate|Perpetual_Set_Dates
12:19:42.805 (856387316)|FLOW_ELEMENT_DEFERRED|FlowRecordUpdate|Perpetual_Set_Dates
12:19:42.805 (856408788)|FLOW_ELEMENT_END|14466012788e2f5814d2163a58219ecc9c55f1-7929|FlowRecordUpdate|Perpetual_Set_Dates
12:19:42.805 (856419018)|FLOW_ELEMENT_BEGIN|14476012788e2f5814d2163a58219ecc9c55f1-792a|FlowRecordUpdate|Non_Perpetual_Set_Dates
12:19:42.805 (856427584)|FLOW_ELEMENT_DEFERRED|FlowRecordUpdate|Non_Perpetual_Set_Dates
12:19:42.805 (856462474)|FLOW_ELEMENT_END|14476012788e2f5814d2163a58219ecc9c55f1-792a|FlowRecordUpdate|Non_Perpetual_Set_Dates
12:19:42.805 (856543459)|FLOW_BULK_ELEMENT_BEGIN|FlowRecordUpdate|Non_Perpetual_Set_Dates
12:19:42.805 (857852172)|FLOW_VALUE_ASSIGNMENT|14456012788e2f5814d2163a58219ecc9c55f1-7928|Non_Perpetual_Set_Dates|true
12:19:42.805 (859501838)|FLOW_VALUE_ASSIGNMENT|14456012788e2f5814d2163a58219ecc9c55f1-7928|$Record|{Id=802WC00000OpopoYAB, Product2Id=01tWC00000DD11JYAT, IsDeleted=false, OrderId=801WC00000knHDLYA2, PricebookEntryId=01uWC000005wrrDYAQ, OriginalOrderItemId=null, QuoteLineItemId=0QLWC000003ehSj4AI, AvailableQuantity=1.00, Quantity=1.00, CurrencyIsoCode=USD, UnitPrice=77080.00, ListPrice=94000.00, TotalPrice=94000.00, BillingReference2=null, ServiceDate=2026-06-15 00:00:00, ServiceTime=00:00:00.000Z, ServiceDateTime=null, EndDate=2027-06-14 00:00:00, EndTime=00:00:00.000Z, EndDateTime=null, ServiceEndTimeZone=GMT, Description=null, TotalLineAmount=94000.00, TotalAdjustmentAmount=0.00, TotalLineAdjustmentAmount=0.00, TotalAdjustmentDistAmount=0.00, TotalAdjustmentTaxAmount=0.00, TotalLineAdjustmentTaxAmount=0.00, TotalAdjustmentDistTaxAmount=0.00, TotalLineTaxAmount=0.00, TotalTaxAmount=0.00, RoundedLineAmount=94000.00, AdjustedLineAmount=94000.00, TotalAdjustedLineTaxAmount=0.00, RoundedLineAmtWithTax=94000.00, TotalAdjustmentAmtWithTax=0.00, AdjustedLineAmtWithTax=94000.00, TotalLineAdjustmentAmtWithTax=0.00, TotalAdjustmentDistAmtWithTax=0.00, TotalAmtWithTax=94000.00, OrderDeliveryGroupId=null, RelatedOrderItemId=null, Type=null, TypeCode=null, TaxTreatmentId=null, LegalEntityId=0fwWC000000034LYAQ, BillingTreatmentId=null, ProductSellingModelId=0jPWC000000060b2AA, OrderActionId=8OAWC000002SOpS4AW, ProrationPolicyId=0mua50000004KzRAAU, PeriodBoundary=Anniversary, PeriodBoundaryStartMonth=null, PeriodBoundaryDay=null, PricingTermCount=1.00, NetUnitPrice=77080.00, BillingFrequency2=Annual, ParentOrderItemId=null, Status=null, LineNumber=1, CreatedDate=2026-06-15 14:12:47, CreatedById=005a500001SfRd7AAF, LastModifiedDate=2026-06-15 19:06:31, LastModifiedById=005WC00000MgTN2YAN, SystemModstamp=2026-06-15 19:06:31, OrderItemNumber=0000564381, PriceWaterfallIdentifier=802WC00000OpopoYAB:149787176567512, StartQuantity=0.00, EndQuantity=1.00, NetTotalPrice=94000.00, Discount=null, DiscountAmount=null, PartnerDiscountPercent=null, PartnerUnitPrice=77080.00, ValidationResult=null, EarliestEstimatedDeliveryDate=null, LatestEstimatedDeliveryDate=null, EarliestEstimatedDeliveryTime=null, LatestEstimatedDeliveryTime=null, EstimatedDeliveryReference=null, EstimatedDeliveryTimeZone=null, CustomProductName=null, SubscriptionTerm=1, OrderItemGroupId=null, SegmentIdentifier=null, SegmentType=null, SegmentName=null, IsPrimarySegment=false, OrderItemRecipientId=null, RampIdentifier=null, QuantityUnitOfMeasureId=null, UnitPriceUplift=null, BindingInstanceTargetId=null, PricingContractId=null, RevenueCloudPackagingFlag=CP, IsOrderItemLocked=false, RelatedChangeIdentifier=null, SupplementalChangeType=null, AggregatedQuantity=1.00, BatchIdentifier=null, DoesAutomaticallyRenew=false, Margin=null, MarginAmount=null, UnitCost=null, TotalCost=null, TotalAdjustment=null, TotalMargin=null, TotalMarginAmount=null, PriceRevisionPolicyId=null, ReplacementGroupId=null, Currency__c=USD, Workday_Sync_Correlation_Id__c=null, Workday_Sync_Message__c=null, Workday_Sync_Payload__c=null, Workday_Sync_Status__c=null, Multiple_Element_Rev_Alloc_Value__c=false, Workday_Revenue_Category__c=null, Billing_Schedule_From_Date__c=2026-06-15 00:00:00, Billing_Schedule_To_Date__c=2027-06-14 00:00:00, Custom_Product_Name__c=null, Ship_To_Address__c=null, Legacy_Id__c=null, DoNotExpand__c=false, Royalty_Amount__c=null, Exchange_Rate_To_USD__c=null, gsOrderDetailID__c=null, gsOrderID__c=null, Asset__c=null, Entitlement__c=null, Feature_Code__c=null, Freight_Terms__c=null, GSA__c=false, Hardware_ID__c=null, Hardware__c=null, Hostname__c=null, Instances__c=null, Is_Term__c=false, COLA_Uplift_Percent__c=null, End_Date_Calculated__c=2027-06-14 00:00:00, Legacy_Source__c=null, MSP_End_User__c=null, MYCAP__c=false, Maintenance_Discount_Percent__c=null, Manual_Discount__c=null, Migration_Change__c=null, Model__c=null, Number_of_Processors__c=null, Order_Is_Price_Locked__c=false, Override_Discount_Amount__c=null, Override_Discount_Percentage__c=null, Partition__c=null, Partner_Discount_Type__c=null, Price_Overriden__c=false, Prior_Feature_Code__c=null, Prior_Group_Number__c=null, Prior_Model__c=null, Prior_Number_of_Processors__c=null, Prior_Serial_Number__c=null, Product_Sale_Type__c=null, Product_type__c=null, Quantity_Back_Ordered__c=null, Quantity_Shipped__c=null, RSM_Discount_Percent__c=null, RSM__c=null, Requested_Delivery_Date__c=null, Sales_Support_Notes__c=null, Sequence_Number__c=null, Server_Type_Discount_Percent__c=null, Skip_Price_Calculation__c=false, Swap__c=false, System_Type__c=null, Tax_Code__c=null, Units__c=null, Uplift_Percent__c=null, Version_Number__c=null, Fortra_Product_Type__c=Subscription, Year_After_StartDate__c=true, Two_Years_After_Start_Date__c=false, Order_Line_ARR__c=null, Base_Price__c=null, Displaced_ARR__c=null, Is_Split_Line__c=false, Original_Order_Item__c=null, Partition_Record__c=null, Quote_Legal_Entity__c=Fortra, LLC*, Serial_Number__c=null, AllowRegionalPricing__c=false, Attribute_Multiplier_Pct__c=null, Attribute_Price_Mode__c=null, COLACalculatedPrice__c=null, Has_Attribute_Adjustment__c=false, RegionalNetUnitPrice__c=null, Quote_Line_Discount_Reason__c=null, Billing_Frequency__c=Yearly_Billing_Template, Order_Line_NARR_Calculated__c=0.00, Workday_Contract_Line_Reference_ID__c=null, LPAR_Number__c=null, LPAR_System_Name__c=null, Workday_Contract_Line_Type__c=FIXED AMOUNT, Start_Date_Calculated__c=2026-06-15 00:00:00, LegacyQuoteLineDiscount__c=null, LIC_Fair_Value_Amount__c=null, MAINT_Fair_Value_Amount__c=null, Source_List_Price__c=null, Prior_Discretionary_Discount__c=null, Prior_Partner_Discount__c=null, NetTotalPrice_Calculated__c=77080.00}
12:19:42.805 (859542963)|FLOW_VALUE_ASSIGNMENT|14456012788e2f5814d2163a58219ecc9c55f1-7928|Non_Perpetual_Set_Dates__CONDITIONS_RESULT|true
12:19:42.805 (859975915)|FLOW_VALUE_ASSIGNMENT|14476012788e2f5814d2163a58219ecc9c55f1-792a|Non_Perpetual_Set_Dates|true
12:19:42.805 (861338938)|FLOW_VALUE_ASSIGNMENT|14476012788e2f5814d2163a58219ecc9c55f1-792a|$Record|{Id=802WC00000OpopqYAB, Product2Id=01tWC00000DD1bsYAD, IsDeleted=false, OrderId=801WC00000knHDLYA2, PricebookEntryId=01uWC000005wsbUYAQ, OriginalOrderItemId=null, QuoteLineItemId=0QLWC000003ehR84AI, AvailableQuantity=0.00, Quantity=0.00, CurrencyIsoCode=USD, UnitPrice=null, ListPrice=0.00, TotalPrice=0.00, BillingReference2=802WC00000OZLOrYAP, ServiceDate=2026-06-15 00:00:00, ServiceTime=00:00:00.000Z, ServiceDateTime=null, EndDate=null, EndTime=null, EndDateTime=null, ServiceEndTimeZone=GMT, Description=Powertech Identity & Access Manager (BoKS)-NewMaintenance &#124; Standard, TotalLineAmount=0.00, TotalAdjustmentAmount=0.00, TotalLineAdjustmentAmount=0.00, TotalAdjustmentDistAmount=0.00, TotalAdjustmentTaxAmount=0.00, TotalLineAdjustmentTaxAmount=0.00, TotalAdjustmentDistTaxAmount=0.00, TotalLineTaxAmount=0.00, TotalTaxAmount=0.00, RoundedLineAmount=0.00, AdjustedLineAmount=0.00, TotalAdjustedLineTaxAmount=0.00, RoundedLineAmtWithTax=0.00, TotalAdjustmentAmtWithTax=0.00, AdjustedLineAmtWithTax=0.00, TotalLineAdjustmentAmtWithTax=0.00, TotalAdjustmentDistAmtWithTax=0.00, TotalAmtWithTax=0.00, OrderDeliveryGroupId=null, RelatedOrderItemId=null, Type=null, TypeCode=null, TaxTreatmentId=null, LegalEntityId=0fwWC000000034LYAQ, BillingTreatmentId=1BTWC000000Mdh34AC, ProductSellingModelId=0jPWC00000005yz2AA, OrderActionId=8OAWC000002SOpR4AW, ProrationPolicyId=null, PeriodBoundary=null, PeriodBoundaryStartMonth=null, PeriodBoundaryDay=null, PricingTermCount=null, NetUnitPrice=null, BillingFrequency2=null, ParentOrderItemId=null, Status=null, LineNumber=3, CreatedDate=2026-06-15 14:12:47, CreatedById=005a500001SfRd7AAF, LastModifiedDate=2026-06-15 17:45:56, LastModifiedById=005WC00000MgTN2YAN, SystemModstamp=2026-06-15 17:45:56, OrderItemNumber=0000564383, PriceWaterfallIdentifier=null, StartQuantity=1.00, EndQuantity=1.00, NetTotalPrice=0.00, Discount=null, DiscountAmount=null, PartnerDiscountPercent=12.00, PartnerUnitPrice=null, ValidationResult=null, EarliestEstimatedDeliveryDate=null, LatestEstimatedDeliveryDate=null, EarliestEstimatedDeliveryTime=null, LatestEstimatedDeliveryTime=null, EstimatedDeliveryReference=null, EstimatedDeliveryTimeZone=null, CustomProductName=Powertech Identity & Access Manager (BoKS)-NewMaintenance, SubscriptionTerm=null, OrderItemGroupId=null, SegmentIdentifier=null, SegmentType=null, SegmentName=null, IsPrimarySegment=false, OrderItemRecipientId=null, RampIdentifier=null, QuantityUnitOfMeasureId=null, UnitPriceUplift=null, BindingInstanceTargetId=null, PricingContractId=null, RevenueCloudPackagingFlag=P, IsOrderItemLocked=false, RelatedChangeIdentifier=null, SupplementalChangeType=null, AggregatedQuantity=null, BatchIdentifier=null, DoesAutomaticallyRenew=false, Margin=null, MarginAmount=null, UnitCost=null, TotalCost=null, TotalAdjustment=null, TotalMargin=null, TotalMarginAmount=null, PriceRevisionPolicyId=null, ReplacementGroupId=null, Currency__c=USD, Workday_Sync_Correlation_Id__c=null, Workday_Sync_Message__c=null, Workday_Sync_Payload__c=null, Workday_Sync_Status__c=null, Multiple_Element_Rev_Alloc_Value__c=false, Workday_Revenue_Category__c=null, Billing_Schedule_From_Date__c=2026-06-15 00:00:00, Billing_Schedule_To_Date__c=2027-06-14 00:00:00, Custom_Product_Name__c=null, Ship_To_Address__c=null, Legacy_Id__c=null, DoNotExpand__c=false, Royalty_Amount__c=null, Exchange_Rate_To_USD__c=null, gsOrderDetailID__c=null, gsOrderID__c=null, Asset__c=null, Entitlement__c=null, Feature_Code__c=null, Freight_Terms__c=null, GSA__c=false, Hardware_ID__c=null, Hardware__c=null, Hostname__c=null, Instances__c=null, Is_Term__c=false, COLA_Uplift_Percent__c=null, End_Date_Calculated__c=2027-06-14 00:00:00, Legacy_Source__c=null, MSP_End_User__c=null, MYCAP__c=false, Maintenance_Discount_Percent__c=null, Manual_Discount__c=null, Migration_Change__c=null, Model__c=null, Number_of_Processors__c=null, Order_Is_Price_Locked__c=false, Override_Discount_Amount__c=null, Override_Discount_Percentage__c=null, Partition__c=null, Partner_Discount_Type__c=null, Price_Overriden__c=false, Prior_Feature_Code__c=null, Prior_Group_Number__c=null, Prior_Model__c=null, Prior_Number_of_Processors__c=null, Prior_Serial_Number__c=null, Product_Sale_Type__c=null, Product_type__c=null, Quantity_Back_Ordered__c=null, Quantity_Shipped__c=null, RSM_Discount_Percent__c=null, RSM__c=null, Requested_Delivery_Date__c=null, Sales_Support_Notes__c=null, Sequence_Number__c=null, Server_Type_Discount_Percent__c=null, Skip_Price_Calculation__c=false, Swap__c=false, System_Type__c=null, Tax_Code__c=null, Units__c=null, Uplift_Percent__c=null, Version_Number__c=null, Fortra_Product_Type__c=New Maintenance, Year_After_StartDate__c=false, Two_Years_After_Start_Date__c=false, Order_Line_ARR__c=null, Base_Price__c=355.00, Displaced_ARR__c=null, Is_Split_Line__c=false, Original_Order_Item__c=null, Partition_Record__c=null, Quote_Legal_Entity__c=Fortra, LLC*, Serial_Number__c=null, AllowRegionalPricing__c=false, Attribute_Multiplier_Pct__c=null, Attribute_Price_Mode__c=null, COLACalculatedPrice__c=null, Has_Attribute_Adjustment__c=false, RegionalNetUnitPrice__c=null, Quote_Line_Discount_Reason__c=null, Billing_Frequency__c=Yearly_Billing_Template, Order_Line_NARR_Calculated__c=0.00, Workday_Contract_Line_Reference_ID__c=null, LPAR_Number__c=null, LPAR_System_Name__c=null, Workday_Contract_Line_Type__c=FIXED AMOUNT, Start_Date_Calculated__c=2026-06-15 00:00:00, LegacyQuoteLineDiscount__c=null, LIC_Fair_Value_Amount__c=null, MAINT_Fair_Value_Amount__c=null, Source_List_Price__c=355.00, Prior_Discretionary_Discount__c=null, Prior_Partner_Discount__c=null, NetTotalPrice_Calculated__c=0.00}
12:19:42.805 (861378261)|FLOW_VALUE_ASSIGNMENT|14476012788e2f5814d2163a58219ecc9c55f1-792a|Non_Perpetual_Set_Dates__CONDITIONS_RESULT|true
12:19:42.805 (861529986)|FLOW_BULK_ELEMENT_LIMIT_USAGE|5 ms CPU time, total 125 out of 15000
12:19:42.805 (861558583)|FLOW_BULK_ELEMENT_END|FlowRecordUpdate|Non_Perpetual_Set_Dates|0|4
12:19:42.805 (861881215)|FLOW_BULK_ELEMENT_BEGIN|FlowRecordUpdate|Perpetual_Set_Dates
12:19:42.805 (862143610)|FLOW_VALUE_ASSIGNMENT|14466012788e2f5814d2163a58219ecc9c55f1-7929|Perpetual_Set_Dates|true
12:19:42.805 (862148993)|FLOW_VALUE_ASSIGNMENT|14466012788e2f5814d2163a58219ecc9c55f1-7929|Perpetual_Set_Dates__CONDITIONS_RESULT|true
12:19:42.805 (863449082)|FLOW_VALUE_ASSIGNMENT|14466012788e2f5814d2163a58219ecc9c55f1-7929|$Record|{Id=802WC00000OpoppYAB, Product2Id=01tWC00000DD1btYAD, IsDeleted=false, OrderId=801WC00000knHDLYA2, PricebookEntryId=01uWC000005ws8MYAQ, OriginalOrderItemId=null, QuoteLineItemId=0QLWC000003ehR74AI, AvailableQuantity=1.00, Quantity=1.00, CurrencyIsoCode=USD, UnitPrice=301.75, ListPrice=355.00, TotalPrice=256.4875, BillingReference2=null, ServiceDate=null, ServiceTime=null, ServiceDateTime=null, EndDate=null, EndTime=null, EndDateTime=null, ServiceEndTimeZone=null, Description=Powertech Identity & Access Manager (BoKS) &#124; Standard, TotalLineAmount=301.75, TotalAdjustmentAmount=-45.2625, TotalLineAdjustmentAmount=0.00, TotalAdjustmentDistAmount=0.00, TotalAdjustmentTaxAmount=0.00, TotalLineAdjustmentTaxAmount=0.00, TotalAdjustmentDistTaxAmount=0.00, TotalLineTaxAmount=0.00, TotalTaxAmount=0.00, RoundedLineAmount=301.75, AdjustedLineAmount=256.4875, TotalAdjustedLineTaxAmount=0.00, RoundedLineAmtWithTax=301.75, TotalAdjustmentAmtWithTax=-45.2625, AdjustedLineAmtWithTax=256.4875, TotalLineAdjustmentAmtWithTax=0.00, TotalAdjustmentDistAmtWithTax=0.00, TotalAmtWithTax=256.4875, OrderDeliveryGroupId=null, RelatedOrderItemId=null, Type=null, TypeCode=null, TaxTreatmentId=null, LegalEntityId=0fwWC000000034LYAQ, BillingTreatmentId=null, ProductSellingModelId=0jPWC00000005yz2AA, OrderActionId=8OAWC000002SOpS4AW, ProrationPolicyId=null, PeriodBoundary=null, PeriodBoundaryStartMonth=null, PeriodBoundaryDay=null, PricingTermCount=0.00, NetUnitPrice=301.75, BillingFrequency2=null, ParentOrderItemId=null, Status=null, LineNumber=2, CreatedDate=2026-06-15 14:12:47, CreatedById=005a500001SfRd7AAF, LastModifiedDate=2026-06-15 17:45:56, LastModifiedById=005WC00000MgTN2YAN, SystemModstamp=2026-06-15 17:45:56, OrderItemNumber=0000564382, PriceWaterfallIdentifier=802WC00000OpoppYAB:149787176567512, StartQuantity=0.00, EndQuantity=1.00, NetTotalPrice=256.4875, Discount=null, DiscountAmount=null, PartnerDiscountPercent=15.00, PartnerUnitPrice=301.75, ValidationResult=null, EarliestEstimatedDeliveryDate=null, LatestEstimatedDeliveryDate=null, EarliestEstimatedDeliveryTime=null, LatestEstimatedDeliveryTime=null, EstimatedDeliveryReference=null, EstimatedDeliveryTimeZone=null, CustomProductName=null, SubscriptionTerm=null, OrderItemGroupId=null, SegmentIdentifier=null, SegmentType=null, SegmentName=null, IsPrimarySegment=false, OrderItemRecipientId=null, RampIdentifier=null, QuantityUnitOfMeasureId=null, UnitPriceUplift=null, BindingInstanceTargetId=null, PricingContractId=null, RevenueCloudPackagingFlag=CP, IsOrderItemLocked=false, RelatedChangeIdentifier=null, SupplementalChangeType=null, AggregatedQuantity=1.00, BatchIdentifier=null, DoesAutomaticallyRenew=false, Margin=null, MarginAmount=null, UnitCost=null, TotalCost=null, TotalAdjustment=null, TotalMargin=null, TotalMarginAmount=null, PriceRevisionPolicyId=null, ReplacementGroupId=null, Currency__c=USD, Workday_Sync_Correlation_Id__c=null, Workday_Sync_Message__c=null, Workday_Sync_Payload__c=null, Workday_Sync_Status__c=null, Multiple_Element_Rev_Alloc_Value__c=false, Workday_Revenue_Category__c=null, Billing_Schedule_From_Date__c=2026-06-15 00:00:00, Billing_Schedule_To_Date__c=2026-06-15 00:00:00, Custom_Product_Name__c=null, Ship_To_Address__c=null, Legacy_Id__c=null, DoNotExpand__c=false, Royalty_Amount__c=null, Exchange_Rate_To_USD__c=null, gsOrderDetailID__c=null, gsOrderID__c=null, Asset__c=null, Entitlement__c=null, Feature_Code__c=null, Freight_Terms__c=null, GSA__c=false, Hardware_ID__c=null, Hardware__c=null, Hostname__c=null, Instances__c=null, Is_Term__c=false, COLA_Uplift_Percent__c=null, End_Date_Calculated__c=2026-06-15 00:00:00, Legacy_Source__c=null, MSP_End_User__c=null, MYCAP__c=false, Maintenance_Discount_Percent__c=null, Manual_Discount__c=null, Migration_Change__c=null, Model__c=null, Number_of_Processors__c=null, Order_Is_Price_Locked__c=false, Override_Discount_Amount__c=null, Override_Discount_Percentage__c=null, Partition__c=null, Partner_Discount_Type__c=null, Price_Overriden__c=false, Prior_Feature_Code__c=null, Prior_Group_Number__c=null, Prior_Model__c=null, Prior_Number_of_Processors__c=null, Prior_Serial_Number__c=null, Product_Sale_Type__c=null, Product_type__c=null, Quantity_Back_Ordered__c=null, Quantity_Shipped__c=null, RSM_Discount_Percent__c=null, RSM__c=null, Requested_Delivery_Date__c=null, Sales_Support_Notes__c=null, Sequence_Number__c=null, Server_Type_Discount_Percent__c=null, Skip_Price_Calculation__c=false, Swap__c=false, System_Type__c=null, Tax_Code__c=null, Units__c=null, Uplift_Percent__c=null, Version_Number__c=null, Fortra_Product_Type__c=Perpetual, Year_After_StartDate__c=false, Two_Years_After_Start_Date__c=false, Order_Line_ARR__c=null, Base_Price__c=null, Displaced_ARR__c=null, Is_Split_Line__c=false, Original_Order_Item__c=null, Partition_Record__c=null, Quote_Legal_Entity__c=Fortra, LLC*, Serial_Number__c=null, AllowRegionalPricing__c=false, Attribute_Multiplier_Pct__c=null, Attribute_Price_Mode__c=null, COLACalculatedPrice__c=null, Has_Attribute_Adjustment__c=false, RegionalNetUnitPrice__c=null, Quote_Line_Discount_Reason__c=null, Billing_Frequency__c=Yearly_Billing_Template, Order_Line_NARR_Calculated__c=0.00, Workday_Contract_Line_Reference_ID__c=null, LPAR_Number__c=null, LPAR_System_Name__c=null, Workday_Contract_Line_Type__c=FIXED AMOUNT, Start_Date_Calculated__c=2026-06-15 00:00:00, LegacyQuoteLineDiscount__c=null, LIC_Fair_Value_Amount__c=null, MAINT_Fair_Value_Amount__c=null, Source_List_Price__c=null, Prior_Discretionary_Discount__c=null, Prior_Partner_Discount__c=null, NetTotalPrice_Calculated__c=301.75}
12:19:42.805 (863670676)|FLOW_BULK_ELEMENT_LIMIT_USAGE|2 ms CPU time, total 127 out of 15000
12:19:42.805 (863703989)|FLOW_BULK_ELEMENT_END|FlowRecordUpdate|Perpetual_Set_Dates|0|1
12:19:42.805 (863968660)|FLOW_START_INTERVIEWS_END|3
12:19:42.805 (864241387)|FLOW_INTERVIEW_FINISHED|14456012788e2f5814d2163a58219ecc9c55f1-7928|Fortra &#124; OrderItem &#124; Set Dates
12:19:42.805 (864283029)|FLOW_INTERVIEW_FINISHED_LIMIT_USAGE|SOQL queries: 6 out of 100
12:19:42.805 (864288172)|FLOW_INTERVIEW_FINISHED_LIMIT_USAGE|SOQL query rows: 14 out of 50000
12:19:42.805 (864291969)|FLOW_INTERVIEW_FINISHED_LIMIT_USAGE|SOSL queries: 0 out of 20
12:19:42.805 (864295865)|FLOW_INTERVIEW_FINISHED_LIMIT_USAGE|DML statements: 1 out of 150
12:19:42.805 (864298802)|FLOW_INTERVIEW_FINISHED_LIMIT_USAGE|DML rows: 3 out of 10000
12:19:42.805 (864302076)|FLOW_INTERVIEW_FINISHED_LIMIT_USAGE|CPU time in ms: 127 out of 15000
12:19:42.805 (864318074)|FLOW_INTERVIEW_FINISHED_LIMIT_USAGE|Heap size in bytes: 1361 out of 6000000
12:19:42.805 (864322122)|FLOW_INTERVIEW_FINISHED_LIMIT_USAGE|Callouts: 0 out of 100
12:19:42.805 (864325177)|FLOW_INTERVIEW_FINISHED_LIMIT_USAGE|Email invocations: 0 out of 10
12:19:42.805 (864327877)|FLOW_INTERVIEW_FINISHED_LIMIT_USAGE|Future calls: 0 out of 50
12:19:42.805 (864330767)|FLOW_INTERVIEW_FINISHED_LIMIT_USAGE|Jobs in queue: 0 out of 50
12:19:42.805 (864334321)|FLOW_INTERVIEW_FINISHED|14466012788e2f5814d2163a58219ecc9c55f1-7929|Fortra &#124; OrderItem &#124; Set Dates
12:19:42.805 (864339192)|FLOW_INTERVIEW_FINISHED_LIMIT_USAGE|SOQL queries: 6 out of 100
12:19:42.805 (864341828)|FLOW_INTERVIEW_FINISHED_LIMIT_USAGE|SOQL query rows: 14 out of 50000
12:19:42.805 (864344335)|FLOW_INTERVIEW_FINISHED_LIMIT_USAGE|SOSL queries: 0 out of 20
12:19:42.805 (864346990)|FLOW_INTERVIEW_FINISHED_LIMIT_USAGE|DML statements: 1 out of 150
12:19:42.805 (864349427)|FLOW_INTERVIEW_FINISHED_LIMIT_USAGE|DML rows: 3 out of 10000
12:19:42.805 (864351799)|FLOW_INTERVIEW_FINISHED_LIMIT_USAGE|CPU time in ms: 127 out of 15000
12:19:42.805 (864357522)|FLOW_INTERVIEW_FINISHED_LIMIT_USAGE|Heap size in bytes: 1361 out of 6000000
12:19:42.805 (864360156)|FLOW_INTERVIEW_FINISHED_LIMIT_USAGE|Callouts: 0 out of 100
12:19:42.805 (864362571)|FLOW_INTERVIEW_FINISHED_LIMIT_USAGE|Email invocations: 0 out of 10
12:19:42.805 (864364865)|FLOW_INTERVIEW_FINISHED_LIMIT_USAGE|Future calls: 0 out of 50
12:19:42.805 (864367180)|FLOW_INTERVIEW_FINISHED_LIMIT_USAGE|Jobs in queue: 0 out of 50
12:19:42.805 (864369211)|FLOW_INTERVIEW_FINISHED|14476012788e2f5814d2163a58219ecc9c55f1-792a|Fortra &#124; OrderItem &#124; Set Dates
12:19:42.805 (864373129)|FLOW_INTERVIEW_FINISHED_LIMIT_USAGE|SOQL queries: 6 out of 100
12:19:42.805 (864375615)|FLOW_INTERVIEW_FINISHED_LIMIT_USAGE|SOQL query rows: 14 out of 50000
12:19:42.805 (864378043)|FLOW_INTERVIEW_FINISHED_LIMIT_USAGE|SOSL queries: 0 out of 20
12:19:42.805 (864380521)|FLOW_INTERVIEW_FINISHED_LIMIT_USAGE|DML statements: 1 out of 150
12:19:42.805 (864382926)|FLOW_INTERVIEW_FINISHED_LIMIT_USAGE|DML rows: 3 out of 10000
12:19:42.805 (864385469)|FLOW_INTERVIEW_FINISHED_LIMIT_USAGE|CPU time in ms: 127 out of 15000
12:19:42.805 (864389847)|FLOW_INTERVIEW_FINISHED_LIMIT_USAGE|Heap size in bytes: 1361 out of 6000000
12:19:42.805 (864392296)|FLOW_INTERVIEW_FINISHED_LIMIT_USAGE|Callouts: 0 out of 100
12:19:42.805 (864394705)|FLOW_INTERVIEW_FINISHED_LIMIT_USAGE|Email invocations: 0 out of 10
12:19:42.805 (864397026)|FLOW_INTERVIEW_FINISHED_LIMIT_USAGE|Future calls: 0 out of 50
12:19:42.805 (864399312)|FLOW_INTERVIEW_FINISHED_LIMIT_USAGE|Jobs in queue: 0 out of 50
12:19:42.137 (865650088)|CODE_UNIT_FINISHED|Flow:OrderItem
12:19:42.137 (1076390998)|CODE_UNIT_STARTED|[EXTERNAL]|Flow:OrderItem
12:19:43.200 (1200855057)|FLOW_CREATE_INTERVIEW_BEGIN|00DWC000006eUFF|300WC00000RTPQ6|301WC00000jd3c3
12:19:43.200 (1200958056)|FLOW_CREATE_INTERVIEW_END|14526012788e2f5814d2163a58219ecc9c55f1-792f|(Deprecated)Fortra &#124; Autolaunched &#124; Set Workday Contract Line Type
12:19:43.200 (1200964907)|FLOW_CREATE_INTERVIEW_END|14536012788e2f5814d2163a58219ecc9c55f1-7930|(Deprecated)Fortra &#124; Autolaunched &#124; Set Workday Contract Line Type
12:19:43.200 (1200969637)|FLOW_CREATE_INTERVIEW_END|14546012788e2f5814d2163a58219ecc9c55f1-7931|(Deprecated)Fortra &#124; Autolaunched &#124; Set Workday Contract Line Type
12:19:43.201 (1201275030)|FLOW_START_INTERVIEWS_BEGIN|3
12:19:43.201 (1201310303)|FLOW_START_INTERVIEW_BEGIN|14526012788e2f5814d2163a58219ecc9c55f1-792f|(Deprecated)Fortra &#124; Autolaunched &#124; Set Workday Contract Line Type
12:19:43.201 (1201376443)|FLOW_START_INTERVIEW_LIMIT_USAGE|SOQL queries: 6 out of 100
12:19:43.201 (1201388495)|FLOW_START_INTERVIEW_LIMIT_USAGE|SOQL query rows: 14 out of 50000
12:19:43.201 (1201394931)|FLOW_START_INTERVIEW_LIMIT_USAGE|SOSL queries: 0 out of 20
12:19:43.201 (1201401528)|FLOW_START_INTERVIEW_LIMIT_USAGE|DML statements: 1 out of 150
12:19:43.201 (1201407259)|FLOW_START_INTERVIEW_LIMIT_USAGE|DML rows: 3 out of 10000
12:19:43.201 (1201412993)|FLOW_START_INTERVIEW_LIMIT_USAGE|CPU time in ms: 206 out of 15000
12:19:43.201 (1201454046)|FLOW_START_INTERVIEW_LIMIT_USAGE|Heap size in bytes: 1361 out of 6000000
12:19:43.201 (1201460428)|FLOW_START_INTERVIEW_LIMIT_USAGE|Callouts: 0 out of 100
12:19:43.201 (1201466252)|FLOW_START_INTERVIEW_LIMIT_USAGE|Email invocations: 0 out of 10
12:19:43.201 (1201471901)|FLOW_START_INTERVIEW_LIMIT_USAGE|Future calls: 0 out of 50
12:19:43.201 (1201477100)|FLOW_START_INTERVIEW_LIMIT_USAGE|Jobs in queue: 0 out of 50
12:19:43.201 (1201483047)|FLOW_START_INTERVIEW_LIMIT_USAGE|Push notifications: 0 out of 10
12:19:43.201 (1203910662)|FLOW_VALUE_ASSIGNMENT|14526012788e2f5814d2163a58219ecc9c55f1-792f|$Record|{Id=802WC00000OpopoYAB, Product2Id=01tWC00000DD11JYAT, IsDeleted=false, OrderId=801WC00000knHDLYA2, PricebookEntryId=01uWC000005wrrDYAQ, OriginalOrderItemId=null, QuoteLineItemId=0QLWC000003ehSj4AI, AvailableQuantity=1.00, Quantity=1.00, CurrencyIsoCode=USD, UnitPrice=77080.00, ListPrice=94000.00, TotalPrice=94000.00, BillingReference2=null, ServiceDate=2026-06-15 00:00:00, ServiceTime=00:00:00.000Z, ServiceDateTime=null, EndDate=2027-06-14 00:00:00, EndTime=00:00:00.000Z, EndDateTime=null, ServiceEndTimeZone=GMT, Description=null, TotalLineAmount=94000.00, TotalAdjustmentAmount=0.00, TotalLineAdjustmentAmount=0.00, TotalAdjustmentDistAmount=0.00, TotalAdjustmentTaxAmount=0.00, TotalLineAdjustmentTaxAmount=0.00, TotalAdjustmentDistTaxAmount=0.00, TotalLineTaxAmount=0.00, TotalTaxAmount=0.00, RoundedLineAmount=94000.00, AdjustedLineAmount=94000.00, TotalAdjustedLineTaxAmount=0.00, RoundedLineAmtWithTax=94000.00, TotalAdjustmentAmtWithTax=0.00, AdjustedLineAmtWithTax=94000.00, TotalLineAdjustmentAmtWithTax=0.00, TotalAdjustmentDistAmtWithTax=0.00, TotalAmtWithTax=94000.00, OrderDeliveryGroupId=null, RelatedOrderItemId=null, Type=null, TypeCode=null, TaxTreatmentId=null, LegalEntityId=0fwWC000000034LYAQ, BillingTreatmentId=null, ProductSellingModelId=0jPWC000000060b2AA, OrderActionId=8OAWC000002SOpS4AW, ProrationPolicyId=0mua50000004KzRAAU, PeriodBoundary=Anniversary, PeriodBoundaryStartMonth=null, PeriodBoundaryDay=null, PricingTermCount=1.00, NetUnitPrice=77080.00, BillingFrequency2=Annual, ParentOrderItemId=null, Status=null, LineNumber=1, CreatedDate=2026-06-15 14:12:47, CreatedById=005a500001SfRd7AAF, LastModifiedDate=2026-06-15 19:19:43, LastModifiedById=005WC00000MgTN2YAN, SystemModstamp=2026-06-15 19:19:43, OrderItemNumber=0000564381, PriceWaterfallIdentifier=802WC00000OpopoYAB:149787176567512, StartQuantity=0.00, EndQuantity=1.00, NetTotalPrice=94000.00, Discount=null, DiscountAmount=null, PartnerDiscountPercent=null, PartnerUnitPrice=77080.00, ValidationResult=null, EarliestEstimatedDeliveryDate=null, LatestEstimatedDeliveryDate=null, EarliestEstimatedDeliveryTime=null, LatestEstimatedDeliveryTime=null, EstimatedDeliveryReference=null, EstimatedDeliveryTimeZone=null, CustomProductName=null, SubscriptionTerm=1, OrderItemGroupId=null, SegmentIdentifier=null, SegmentType=null, SegmentName=null, IsPrimarySegment=false, OrderItemRecipientId=null, RampIdentifier=null, QuantityUnitOfMeasureId=null, UnitPriceUplift=null, BindingInstanceTargetId=null, PricingContractId=null, RevenueCloudPackagingFlag=CP, IsOrderItemLocked=false, RelatedChangeIdentifier=null, SupplementalChangeType=null, AggregatedQuantity=1.00, BatchIdentifier=null, DoesAutomaticallyRenew=false, Margin=null, MarginAmount=null, UnitCost=null, TotalCost=null, TotalAdjustment=null, TotalMargin=null, TotalMarginAmount=null, PriceRevisionPolicyId=null, ReplacementGroupId=null, Currency__c=USD, Workday_Sync_Correlation_Id__c=null, Workday_Sync_Message__c=null, Workday_Sync_Payload__c=null, Workday_Sync_Status__c=null, Multiple_Element_Rev_Alloc_Value__c=false, Workday_Revenue_Category__c=null, Billing_Schedule_From_Date__c=2026-06-15 00:00:00, Billing_Schedule_To_Date__c=2027-06-14 00:00:00, Custom_Product_Name__c=null, Ship_To_Address__c=null, Legacy_Id__c=null, DoNotExpand__c=false, Royalty_Amount__c=null, Exchange_Rate_To_USD__c=null, gsOrderDetailID__c=null, gsOrderID__c=null, Asset__c=null, Entitlement__c=null, Feature_Code__c=null, Freight_Terms__c=null, GSA__c=false, Hardware_ID__c=null, Hardware__c=null, Hostname__c=null, Instances__c=null, Is_Term__c=false, COLA_Uplift_Percent__c=null, End_Date_Calculated__c=2027-06-14 00:00:00, Legacy_Source__c=null, MSP_End_User__c=null, MYCAP__c=false, Maintenance_Discount_Percent__c=null, Manual_Discount__c=null, Migration_Change__c=null, Model__c=null, Number_of_Processors__c=null, Order_Is_Price_Locked__c=false, Override_Discount_Amount__c=null, Override_Discount_Percentage__c=null, Partition__c=null, Partner_Discount_Type__c=null, Price_Overriden__c=false, Prior_Feature_Code__c=null, Prior_Group_Number__c=null, Prior_Model__c=null, Prior_Number_of_Processors__c=null, Prior_Serial_Number__c=null, Product_Sale_Type__c=null, Product_type__c=null, Quantity_Back_Ordered__c=null, Quantity_Shipped__c=null, RSM_Discount_Percent__c=null, RSM__c=null, Requested_Delivery_Date__c=null, Sales_Support_Notes__c=null, Sequence_Number__c=null, Server_Type_Discount_Percent__c=null, Skip_Price_Calculation__c=false, Swap__c=false, System_Type__c=null, Tax_Code__c=null, Units__c=null, Uplift_Percent__c=null, Version_Number__c=null, Fortra_Product_Type__c=Subscription, Year_After_StartDate__c=true, Two_Years_After_Start_Date__c=false, Order_Line_ARR__c=null, Base_Price__c=null, Displaced_ARR__c=null, Is_Split_Line__c=false, Original_Order_Item__c=null, Partition_Record__c=null, Quote_Legal_Entity__c=Fortra, LLC*, Serial_Number__c=null, AllowRegionalPricing__c=false, Attribute_Multiplier_Pct__c=null, Attribute_Price_Mode__c=null, COLACalculatedPrice__c=null, Has_Attribute_Adjustment__c=false, RegionalNetUnitPrice__c=null, Quote_Line_Discount_Reason__c=null, Billing_Frequency__c=Yearly_Billing_Template, Order_Line_NARR_Calculated__c=0.00, Workday_Contract_Line_Reference_ID__c=null, LPAR_Number__c=null, LPAR_System_Name__c=null, Workday_Contract_Line_Type__c=FIXED AMOUNT, Start_Date_Calculated__c=2026-06-15 00:00:00, LegacyQuoteLineDiscount__c=null, LIC_Fair_Value_Amount__c=null, MAINT_Fair_Value_Amount__c=null, Source_List_Price__c=null, Prior_Discretionary_Discount__c=null, Prior_Partner_Discount__c=null, NetTotalPrice_Calculated__c=77080.00}
12:19:43.201 (1204067352)|FLOW_ELEMENT_BEGIN|14526012788e2f5814d2163a58219ecc9c55f1-792f|FlowDecision|Is_Services_Product
12:19:43.201 (1204151461)|FLOW_ELEMENT_DEFERRED|FlowDecision|Is_Services_Product
12:19:43.201 (1204244674)|FLOW_ELEMENT_LIMIT_USAGE|3 ms CPU time, total 209 out of 15000
12:19:43.201 (1204265356)|FLOW_ELEMENT_END|14526012788e2f5814d2163a58219ecc9c55f1-792f|FlowDecision|Is_Services_Product
12:19:43.201 (1217168217)|FLOW_START_INTERVIEW_END|14526012788e2f5814d2163a58219ecc9c55f1-792f|(Deprecated)Fortra &#124; Autolaunched &#124; Set Workday Contract Line Type
12:19:43.201 (1217197541)|FLOW_START_INTERVIEW_BEGIN|14536012788e2f5814d2163a58219ecc9c55f1-7930|(Deprecated)Fortra &#124; Autolaunched &#124; Set Workday Contract Line Type
12:19:43.201 (1217255855)|FLOW_START_INTERVIEW_LIMIT_USAGE|SOQL queries: 6 out of 100
12:19:43.201 (1217263375)|FLOW_START_INTERVIEW_LIMIT_USAGE|SOQL query rows: 14 out of 50000
12:19:43.201 (1217267830)|FLOW_START_INTERVIEW_LIMIT_USAGE|SOSL queries: 0 out of 20
12:19:43.201 (1217272224)|FLOW_START_INTERVIEW_LIMIT_USAGE|DML statements: 1 out of 150
12:19:43.201 (1217276090)|FLOW_START_INTERVIEW_LIMIT_USAGE|DML rows: 3 out of 10000
12:19:43.201 (1217280208)|FLOW_START_INTERVIEW_LIMIT_USAGE|CPU time in ms: 209 out of 15000
12:19:43.201 (1217306688)|FLOW_START_INTERVIEW_LIMIT_USAGE|Heap size in bytes: 1361 out of 6000000
12:19:43.201 (1217311017)|FLOW_START_INTERVIEW_LIMIT_USAGE|Callouts: 0 out of 100
12:19:43.201 (1217314482)|FLOW_START_INTERVIEW_LIMIT_USAGE|Email invocations: 0 out of 10
12:19:43.201 (1217318269)|FLOW_START_INTERVIEW_LIMIT_USAGE|Future calls: 0 out of 50
12:19:43.201 (1217321643)|FLOW_START_INTERVIEW_LIMIT_USAGE|Jobs in queue: 0 out of 50
12:19:43.201 (1217325518)|FLOW_START_INTERVIEW_LIMIT_USAGE|Push notifications: 0 out of 10
12:19:43.201 (1219621881)|FLOW_VALUE_ASSIGNMENT|14536012788e2f5814d2163a58219ecc9c55f1-7930|$Record|{Id=802WC00000OpoppYAB, Product2Id=01tWC00000DD1btYAD, IsDeleted=false, OrderId=801WC00000knHDLYA2, PricebookEntryId=01uWC000005ws8MYAQ, OriginalOrderItemId=null, QuoteLineItemId=0QLWC000003ehR74AI, AvailableQuantity=1.00, Quantity=1.00, CurrencyIsoCode=USD, UnitPrice=301.75, ListPrice=355.00, TotalPrice=256.4875, BillingReference2=null, ServiceDate=null, ServiceTime=null, ServiceDateTime=null, EndDate=null, EndTime=null, EndDateTime=null, ServiceEndTimeZone=null, Description=Powertech Identity & Access Manager (BoKS) &#124; Standard, TotalLineAmount=301.75, TotalAdjustmentAmount=-45.2625, TotalLineAdjustmentAmount=0.00, TotalAdjustmentDistAmount=0.00, TotalAdjustmentTaxAmount=0.00, TotalLineAdjustmentTaxAmount=0.00, TotalAdjustmentDistTaxAmount=0.00, TotalLineTaxAmount=0.00, TotalTaxAmount=0.00, RoundedLineAmount=301.75, AdjustedLineAmount=256.4875, TotalAdjustedLineTaxAmount=0.00, RoundedLineAmtWithTax=301.75, TotalAdjustmentAmtWithTax=-45.2625, AdjustedLineAmtWithTax=256.4875, TotalLineAdjustmentAmtWithTax=0.00, TotalAdjustmentDistAmtWithTax=0.00, TotalAmtWithTax=256.4875, OrderDeliveryGroupId=null, RelatedOrderItemId=null, Type=null, TypeCode=null, TaxTreatmentId=null, LegalEntityId=0fwWC000000034LYAQ, BillingTreatmentId=null, ProductSellingModelId=0jPWC00000005yz2AA, OrderActionId=8OAWC000002SOpS4AW, ProrationPolicyId=null, PeriodBoundary=null, PeriodBoundaryStartMonth=null, PeriodBoundaryDay=null, PricingTermCount=0.00, NetUnitPrice=301.75, BillingFrequency2=null, ParentOrderItemId=null, Status=null, LineNumber=2, CreatedDate=2026-06-15 14:12:47, CreatedById=005a500001SfRd7AAF, LastModifiedDate=2026-06-15 19:19:43, LastModifiedById=005WC00000MgTN2YAN, SystemModstamp=2026-06-15 19:19:43, OrderItemNumber=0000564382, PriceWaterfallIdentifier=802WC00000OpoppYAB:149787176567512, StartQuantity=0.00, EndQuantity=1.00, NetTotalPrice=256.4875, Discount=null, DiscountAmount=null, PartnerDiscountPercent=15.00, PartnerUnitPrice=301.75, ValidationResult=null, EarliestEstimatedDeliveryDate=null, LatestEstimatedDeliveryDate=null, EarliestEstimatedDeliveryTime=null, LatestEstimatedDeliveryTime=null, EstimatedDeliveryReference=null, EstimatedDeliveryTimeZone=null, CustomProductName=null, SubscriptionTerm=null, OrderItemGroupId=null, SegmentIdentifier=null, SegmentType=null, SegmentName=null, IsPrimarySegment=false, OrderItemRecipientId=null, RampIdentifier=null, QuantityUnitOfMeasureId=null, UnitPriceUplift=null, BindingInstanceTargetId=null, PricingContractId=null, RevenueCloudPackagingFlag=CP, IsOrderItemLocked=false, RelatedChangeIdentifier=null, SupplementalChangeType=null, AggregatedQuantity=1.00, BatchIdentifier=null, DoesAutomaticallyRenew=false, Margin=null, MarginAmount=null, UnitCost=null, TotalCost=null, TotalAdjustment=null, TotalMargin=null, TotalMarginAmount=null, PriceRevisionPolicyId=null, ReplacementGroupId=null, Currency__c=USD, Workday_Sync_Correlation_Id__c=null, Workday_Sync_Message__c=null, Workday_Sync_Payload__c=null, Workday_Sync_Status__c=null, Multiple_Element_Rev_Alloc_Value__c=false, Workday_Revenue_Category__c=null, Billing_Schedule_From_Date__c=2026-06-15 00:00:00, Billing_Schedule_To_Date__c=2026-06-15 00:00:00, Custom_Product_Name__c=null, Ship_To_Address__c=null, Legacy_Id__c=null, DoNotExpand__c=false, Royalty_Amount__c=null, Exchange_Rate_To_USD__c=null, gsOrderDetailID__c=null, gsOrderID__c=null, Asset__c=null, Entitlement__c=null, Feature_Code__c=null, Freight_Terms__c=null, GSA__c=false, Hardware_ID__c=null, Hardware__c=null, Hostname__c=null, Instances__c=null, Is_Term__c=false, COLA_Uplift_Percent__c=null, End_Date_Calculated__c=2026-06-15 00:00:00, Legacy_Source__c=null, MSP_End_User__c=null, MYCAP__c=false, Maintenance_Discount_Percent__c=null, Manual_Discount__c=null, Migration_Change__c=null, Model__c=null, Number_of_Processors__c=null, Order_Is_Price_Locked__c=false, Override_Discount_Amount__c=null, Override_Discount_Percentage__c=null, Partition__c=null, Partner_Discount_Type__c=null, Price_Overriden__c=false, Prior_Feature_Code__c=null, Prior_Group_Number__c=null, Prior_Model__c=null, Prior_Number_of_Processors__c=null, Prior_Serial_Number__c=null, Product_Sale_Type__c=null, Product_type__c=null, Quantity_Back_Ordered__c=null, Quantity_Shipped__c=null, RSM_Discount_Percent__c=null, RSM__c=null, Requested_Delivery_Date__c=null, Sales_Support_Notes__c=null, Sequence_Number__c=null, Server_Type_Discount_Percent__c=null, Skip_Price_Calculation__c=false, Swap__c=false, System_Type__c=null, Tax_Code__c=null, Units__c=null, Uplift_Percent__c=null, Version_Number__c=null, Fortra_Product_Type__c=Perpetual, Year_After_StartDate__c=false, Two_Years_After_Start_Date__c=false, Order_Line_ARR__c=null, Base_Price__c=null, Displaced_ARR__c=null, Is_Split_Line__c=false, Original_Order_Item__c=null, Partition_Record__c=null, Quote_Legal_Entity__c=Fortra, LLC*, Serial_Number__c=null, AllowRegionalPricing__c=false, Attribute_Multiplier_Pct__c=null, Attribute_Price_Mode__c=null, COLACalculatedPrice__c=null, Has_Attribute_Adjustment__c=false, RegionalNetUnitPrice__c=null, Quote_Line_Discount_Reason__c=null, Billing_Frequency__c=Yearly_Billing_Template, Order_Line_NARR_Calculated__c=0.00, Workday_Contract_Line_Reference_ID__c=null, LPAR_Number__c=null, LPAR_System_Name__c=null, Workday_Contract_Line_Type__c=FIXED AMOUNT, Start_Date_Calculated__c=2026-06-15 00:00:00, LegacyQuoteLineDiscount__c=null, LIC_Fair_Value_Amount__c=null, MAINT_Fair_Value_Amount__c=null, Source_List_Price__c=null, Prior_Discretionary_Discount__c=null, Prior_Partner_Discount__c=null, NetTotalPrice_Calculated__c=301.75}
12:19:43.201 (1219762759)|FLOW_ELEMENT_BEGIN|14536012788e2f5814d2163a58219ecc9c55f1-7930|FlowDecision|Is_Services_Product
12:19:43.201 (1219801026)|FLOW_ELEMENT_DEFERRED|FlowDecision|Is_Services_Product
12:19:43.201 (1219839803)|FLOW_ELEMENT_LIMIT_USAGE|3 ms CPU time, total 212 out of 15000
12:19:43.201 (1219850327)|FLOW_ELEMENT_END|14536012788e2f5814d2163a58219ecc9c55f1-7930|FlowDecision|Is_Services_Product
12:19:43.201 (1219895575)|FLOW_START_INTERVIEW_END|14536012788e2f5814d2163a58219ecc9c55f1-7930|(Deprecated)Fortra &#124; Autolaunched &#124; Set Workday Contract Line Type
12:19:43.201 (1219906044)|FLOW_START_INTERVIEW_BEGIN|14546012788e2f5814d2163a58219ecc9c55f1-7931|(Deprecated)Fortra &#124; Autolaunched &#124; Set Workday Contract Line Type
12:19:43.201 (1219926835)|FLOW_START_INTERVIEW_LIMIT_USAGE|SOQL queries: 6 out of 100
12:19:43.201 (1219932040)|FLOW_START_INTERVIEW_LIMIT_USAGE|SOQL query rows: 14 out of 50000
12:19:43.201 (1219935863)|FLOW_START_INTERVIEW_LIMIT_USAGE|SOSL queries: 0 out of 20
12:19:43.201 (1219939762)|FLOW_START_INTERVIEW_LIMIT_USAGE|DML statements: 1 out of 150
12:19:43.201 (1219943082)|FLOW_START_INTERVIEW_LIMIT_USAGE|DML rows: 3 out of 10000
12:19:43.201 (1219946692)|FLOW_START_INTERVIEW_LIMIT_USAGE|CPU time in ms: 212 out of 15000
12:19:43.201 (1219954028)|FLOW_START_INTERVIEW_LIMIT_USAGE|Heap size in bytes: 1361 out of 6000000
12:19:43.201 (1219957982)|FLOW_START_INTERVIEW_LIMIT_USAGE|Callouts: 0 out of 100
12:19:43.201 (1219961415)|FLOW_START_INTERVIEW_LIMIT_USAGE|Email invocations: 0 out of 10
12:19:43.201 (1219964787)|FLOW_START_INTERVIEW_LIMIT_USAGE|Future calls: 0 out of 50
12:19:43.201 (1219968066)|FLOW_START_INTERVIEW_LIMIT_USAGE|Jobs in queue: 0 out of 50
12:19:43.201 (1219971681)|FLOW_START_INTERVIEW_LIMIT_USAGE|Push notifications: 0 out of 10
12:19:43.201 (1221661006)|FLOW_VALUE_ASSIGNMENT|14546012788e2f5814d2163a58219ecc9c55f1-7931|$Record|{Id=802WC00000OpopqYAB, Product2Id=01tWC00000DD1bsYAD, IsDeleted=false, OrderId=801WC00000knHDLYA2, PricebookEntryId=01uWC000005wsbUYAQ, OriginalOrderItemId=null, QuoteLineItemId=0QLWC000003ehR84AI, AvailableQuantity=0.00, Quantity=0.00, CurrencyIsoCode=USD, UnitPrice=null, ListPrice=0.00, TotalPrice=0.00, BillingReference2=802WC00000OZLOrYAP, ServiceDate=2026-06-15 00:00:00, ServiceTime=00:00:00.000Z, ServiceDateTime=null, EndDate=null, EndTime=null, EndDateTime=null, ServiceEndTimeZone=GMT, Description=Powertech Identity & Access Manager (BoKS)-NewMaintenance &#124; Standard, TotalLineAmount=0.00, TotalAdjustmentAmount=0.00, TotalLineAdjustmentAmount=0.00, TotalAdjustmentDistAmount=0.00, TotalAdjustmentTaxAmount=0.00, TotalLineAdjustmentTaxAmount=0.00, TotalAdjustmentDistTaxAmount=0.00, TotalLineTaxAmount=0.00, TotalTaxAmount=0.00, RoundedLineAmount=0.00, AdjustedLineAmount=0.00, TotalAdjustedLineTaxAmount=0.00, RoundedLineAmtWithTax=0.00, TotalAdjustmentAmtWithTax=0.00, AdjustedLineAmtWithTax=0.00, TotalLineAdjustmentAmtWithTax=0.00, TotalAdjustmentDistAmtWithTax=0.00, TotalAmtWithTax=0.00, OrderDeliveryGroupId=null, RelatedOrderItemId=null, Type=null, TypeCode=null, TaxTreatmentId=null, LegalEntityId=0fwWC000000034LYAQ, BillingTreatmentId=1BTWC000000Mdh34AC, ProductSellingModelId=0jPWC00000005yz2AA, OrderActionId=8OAWC000002SOpR4AW, ProrationPolicyId=null, PeriodBoundary=null, PeriodBoundaryStartMonth=null, PeriodBoundaryDay=null, PricingTermCount=null, NetUnitPrice=null, BillingFrequency2=null, ParentOrderItemId=null, Status=null, LineNumber=3, CreatedDate=2026-06-15 14:12:47, CreatedById=005a500001SfRd7AAF, LastModifiedDate=2026-06-15 19:19:43, LastModifiedById=005WC00000MgTN2YAN, SystemModstamp=2026-06-15 19:19:43, OrderItemNumber=0000564383, PriceWaterfallIdentifier=null, StartQuantity=1.00, EndQuantity=1.00, NetTotalPrice=0.00, Discount=null, DiscountAmount=null, PartnerDiscountPercent=12.00, PartnerUnitPrice=null, ValidationResult=null, EarliestEstimatedDeliveryDate=null, LatestEstimatedDeliveryDate=null, EarliestEstimatedDeliveryTime=null, LatestEstimatedDeliveryTime=null, EstimatedDeliveryReference=null, EstimatedDeliveryTimeZone=null, CustomProductName=Powertech Identity & Access Manager (BoKS)-NewMaintenance, SubscriptionTerm=null, OrderItemGroupId=null, SegmentIdentifier=null, SegmentType=null, SegmentName=null, IsPrimarySegment=false, OrderItemRecipientId=null, RampIdentifier=null, QuantityUnitOfMeasureId=null, UnitPriceUplift=null, BindingInstanceTargetId=null, PricingContractId=null, RevenueCloudPackagingFlag=P, IsOrderItemLocked=false, RelatedChangeIdentifier=null, SupplementalChangeType=null, AggregatedQuantity=null, BatchIdentifier=null, DoesAutomaticallyRenew=false, Margin=null, MarginAmount=null, UnitCost=null, TotalCost=null, TotalAdjustment=null, TotalMargin=null, TotalMarginAmount=null, PriceRevisionPolicyId=null, ReplacementGroupId=null, Currency__c=USD, Workday_Sync_Correlation_Id__c=null, Workday_Sync_Message__c=null, Workday_Sync_Payload__c=null, Workday_Sync_Status__c=null, Multiple_Element_Rev_Alloc_Value__c=false, Workday_Revenue_Category__c=null, Billing_Schedule_From_Date__c=2026-06-15 00:00:00, Billing_Schedule_To_Date__c=2027-06-14 00:00:00, Custom_Product_Name__c=null, Ship_To_Address__c=null, Legacy_Id__c=null, DoNotExpand__c=false, Royalty_Amount__c=null, Exchange_Rate_To_USD__c=null, gsOrderDetailID__c=null, gsOrderID__c=null, Asset__c=null, Entitlement__c=null, Feature_Code__c=null, Freight_Terms__c=null, GSA__c=false, Hardware_ID__c=null, Hardware__c=null, Hostname__c=null, Instances__c=null, Is_Term__c=false, COLA_Uplift_Percent__c=null, End_Date_Calculated__c=2027-06-14 00:00:00, Legacy_Source__c=null, MSP_End_User__c=null, MYCAP__c=false, Maintenance_Discount_Percent__c=null, Manual_Discount__c=null, Migration_Change__c=null, Model__c=null, Number_of_Processors__c=null, Order_Is_Price_Locked__c=false, Override_Discount_Amount__c=null, Override_Discount_Percentage__c=null, Partition__c=null, Partner_Discount_Type__c=null, Price_Overriden__c=false, Prior_Feature_Code__c=null, Prior_Group_Number__c=null, Prior_Model__c=null, Prior_Number_of_Processors__c=null, Prior_Serial_Number__c=null, Product_Sale_Type__c=null, Product_type__c=null, Quantity_Back_Ordered__c=null, Quantity_Shipped__c=null, RSM_Discount_Percent__c=null, RSM__c=null, Requested_Delivery_Date__c=null, Sales_Support_Notes__c=null, Sequence_Number__c=null, Server_Type_Discount_Percent__c=null, Skip_Price_Calculation__c=false, Swap__c=false, System_Type__c=null, Tax_Code__c=null, Units__c=null, Uplift_Percent__c=null, Version_Number__c=null, Fortra_Product_Type__c=New Maintenance, Year_After_StartDate__c=false, Two_Years_After_Start_Date__c=false, Order_Line_ARR__c=null, Base_Price__c=355.00, Displaced_ARR__c=null, Is_Split_Line__c=false, Original_Order_Item__c=null, Partition_Record__c=null, Quote_Legal_Entity__c=Fortra, LLC*, Serial_Number__c=null, AllowRegionalPricing__c=false, Attribute_Multiplier_Pct__c=null, Attribute_Price_Mode__c=null, COLACalculatedPrice__c=null, Has_Attribute_Adjustment__c=false, RegionalNetUnitPrice__c=null, Quote_Line_Discount_Reason__c=null, Billing_Frequency__c=Yearly_Billing_Template, Order_Line_NARR_Calculated__c=0.00, Workday_Contract_Line_Reference_ID__c=null, LPAR_Number__c=null, LPAR_System_Name__c=null, Workday_Contract_Line_Type__c=FIXED AMOUNT, Start_Date_Calculated__c=2026-06-15 00:00:00, LegacyQuoteLineDiscount__c=null, LIC_Fair_Value_Amount__c=null, MAINT_Fair_Value_Amount__c=null, Source_List_Price__c=355.00, Prior_Discretionary_Discount__c=null, Prior_Partner_Discount__c=null, NetTotalPrice_Calculated__c=0.00}
12:19:43.201 (1221767655)|FLOW_ELEMENT_BEGIN|14546012788e2f5814d2163a58219ecc9c55f1-7931|FlowDecision|Is_Services_Product
12:19:43.201 (1221856166)|FLOW_ELEMENT_DEFERRED|FlowDecision|Is_Services_Product
12:19:43.201 (1221885147)|FLOW_ELEMENT_LIMIT_USAGE|2 ms CPU time, total 214 out of 15000
12:19:43.201 (1221893522)|FLOW_ELEMENT_END|14546012788e2f5814d2163a58219ecc9c55f1-7931|FlowDecision|Is_Services_Product
12:19:43.201 (1221927719)|FLOW_START_INTERVIEW_END|14546012788e2f5814d2163a58219ecc9c55f1-7931|(Deprecated)Fortra &#124; Autolaunched &#124; Set Workday Contract Line Type
12:19:43.201 (1222099417)|FLOW_BULK_ELEMENT_BEGIN|FlowDecision|Is_Services_Product
12:19:43.201 (1228086909)|FLOW_RULE_DETAIL|14526012788e2f5814d2163a58219ecc9c55f1-792f|Services_Product|false|false
12:19:43.201 (1228121539)|FLOW_VALUE_ASSIGNMENT|14526012788e2f5814d2163a58219ecc9c55f1-792f|Services_Product|false
12:19:43.201 (1228234458)|FLOW_RULE_DETAIL|14536012788e2f5814d2163a58219ecc9c55f1-7930|Services_Product|false|false
12:19:43.201 (1228243310)|FLOW_VALUE_ASSIGNMENT|14536012788e2f5814d2163a58219ecc9c55f1-7930|Services_Product|false
12:19:43.201 (1228276745)|FLOW_RULE_DETAIL|14546012788e2f5814d2163a58219ecc9c55f1-7931|Services_Product|false|false
12:19:43.201 (1228282413)|FLOW_VALUE_ASSIGNMENT|14546012788e2f5814d2163a58219ecc9c55f1-7931|Services_Product|false
12:19:43.201 (1228481633)|FLOW_BULK_ELEMENT_END|FlowDecision|Is_Services_Product|0|6
12:19:43.201 (1228531492)|FLOW_ELEMENT_BEGIN|14526012788e2f5814d2163a58219ecc9c55f1-792f|FlowRecordUpdate|Set_Workday_Contract_Line_Type_Fixed_Amount
12:19:43.201 (1228547323)|FLOW_ELEMENT_DEFERRED|FlowRecordUpdate|Set_Workday_Contract_Line_Type_Fixed_Amount
12:19:43.201 (1228565139)|FLOW_ELEMENT_END|14526012788e2f5814d2163a58219ecc9c55f1-792f|FlowRecordUpdate|Set_Workday_Contract_Line_Type_Fixed_Amount
12:19:43.201 (1228576781)|FLOW_ELEMENT_BEGIN|14536012788e2f5814d2163a58219ecc9c55f1-7930|FlowRecordUpdate|Set_Workday_Contract_Line_Type_Fixed_Amount
12:19:43.201 (1228585464)|FLOW_ELEMENT_DEFERRED|FlowRecordUpdate|Set_Workday_Contract_Line_Type_Fixed_Amount
12:19:43.201 (1228598853)|FLOW_ELEMENT_END|14536012788e2f5814d2163a58219ecc9c55f1-7930|FlowRecordUpdate|Set_Workday_Contract_Line_Type_Fixed_Amount
12:19:43.201 (1228608558)|FLOW_ELEMENT_BEGIN|14546012788e2f5814d2163a58219ecc9c55f1-7931|FlowRecordUpdate|Set_Workday_Contract_Line_Type_Fixed_Amount
12:19:43.201 (1228615611)|FLOW_ELEMENT_DEFERRED|FlowRecordUpdate|Set_Workday_Contract_Line_Type_Fixed_Amount
12:19:43.201 (1228623778)|FLOW_ELEMENT_END|14546012788e2f5814d2163a58219ecc9c55f1-7931|FlowRecordUpdate|Set_Workday_Contract_Line_Type_Fixed_Amount
12:19:43.201 (1228649331)|FLOW_BULK_ELEMENT_BEGIN|FlowRecordUpdate|Set_Workday_Contract_Line_Type_Fixed_Amount
12:19:43.201 (1228969604)|FLOW_BULK_ELEMENT_DETAIL|FlowRecordUpdate|Set_Workday_Contract_Line_Type_Fixed_Amount|1
12:19:43.201 (1229060718)|FLOW_BULK_ELEMENT_DETAIL|FlowRecordUpdate|Set_Workday_Contract_Line_Type_Fixed_Amount|1
12:19:43.201 (1229142321)|FLOW_BULK_ELEMENT_DETAIL|FlowRecordUpdate|Set_Workday_Contract_Line_Type_Fixed_Amount|1
12:19:43.201 (1644785563)|FLOW_VALUE_ASSIGNMENT|14526012788e2f5814d2163a58219ecc9c55f1-792f|$Record|{Id=802WC00000OpopoYAB, Product2Id=01tWC00000DD11JYAT, IsDeleted=false, OrderId=801WC00000knHDLYA2, PricebookEntryId=01uWC000005wrrDYAQ, OriginalOrderItemId=null, QuoteLineItemId=0QLWC000003ehSj4AI, AvailableQuantity=1.00, Quantity=1.00, CurrencyIsoCode=USD, UnitPrice=77080.00, ListPrice=94000.00, TotalPrice=94000.00, BillingReference2=null, ServiceDate=2026-06-15 00:00:00, ServiceTime=00:00:00.000Z, ServiceDateTime=null, EndDate=2027-06-14 00:00:00, EndTime=00:00:00.000Z, EndDateTime=null, ServiceEndTimeZone=GMT, Description=null, TotalLineAmount=94000.00, TotalAdjustmentAmount=0.00, TotalLineAdjustmentAmount=0.00, TotalAdjustmentDistAmount=0.00, TotalAdjustmentTaxAmount=0.00, TotalLineAdjustmentTaxAmount=0.00, TotalAdjustmentDistTaxAmount=0.00, TotalLineTaxAmount=0.00, TotalTaxAmount=0.00, RoundedLineAmount=94000.00, AdjustedLineAmount=94000.00, TotalAdjustedLineTaxAmount=0.00, RoundedLineAmtWithTax=94000.00, TotalAdjustmentAmtWithTax=0.00, AdjustedLineAmtWithTax=94000.00, TotalLineAdjustmentAmtWithTax=0.00, TotalAdjustmentDistAmtWithTax=0.00, TotalAmtWithTax=94000.00, OrderDeliveryGroupId=null, RelatedOrderItemId=null, Type=null, TypeCode=null, TaxTreatmentId=null, LegalEntityId=0fwWC000000034LYAQ, BillingTreatmentId=null, ProductSellingModelId=0jPWC000000060b2AA, OrderActionId=8OAWC000002SOpS4AW, ProrationPolicyId=0mua50000004KzRAAU, PeriodBoundary=Anniversary, PeriodBoundaryStartMonth=null, PeriodBoundaryDay=null, PricingTermCount=1.00, NetUnitPrice=77080.00, BillingFrequency2=Annual, ParentOrderItemId=null, Status=null, LineNumber=1, CreatedDate=2026-06-15 14:12:47, CreatedById=005a500001SfRd7AAF, LastModifiedDate=2026-06-15 19:19:43, LastModifiedById=005WC00000MgTN2YAN, SystemModstamp=2026-06-15 19:19:43, OrderItemNumber=0000564381, PriceWaterfallIdentifier=802WC00000OpopoYAB:149787176567512, StartQuantity=0.00, EndQuantity=1.00, NetTotalPrice=94000.00, Discount=null, DiscountAmount=null, PartnerDiscountPercent=null, PartnerUnitPrice=77080.00, ValidationResult=null, EarliestEstimatedDeliveryDate=null, LatestEstimatedDeliveryDate=null, EarliestEstimatedDeliveryTime=null, LatestEstimatedDeliveryTime=null, EstimatedDeliveryReference=null, EstimatedDeliveryTimeZone=null, CustomProductName=null, SubscriptionTerm=1, OrderItemGroupId=null, SegmentIdentifier=null, SegmentType=null, SegmentName=null, IsPrimarySegment=false, OrderItemRecipientId=null, RampIdentifier=null, QuantityUnitOfMeasureId=null, UnitPriceUplift=null, BindingInstanceTargetId=null, PricingContractId=null, RevenueCloudPackagingFlag=CP, IsOrderItemLocked=false, RelatedChangeIdentifier=null, SupplementalChangeType=null, AggregatedQuantity=1.00, BatchIdentifier=null, DoesAutomaticallyRenew=false, Margin=null, MarginAmount=null, UnitCost=null, TotalCost=null, TotalAdjustment=null, TotalMargin=null, TotalMarginAmount=null, PriceRevisionPolicyId=null, ReplacementGroupId=null, Currency__c=USD, Workday_Sync_Correlation_Id__c=null, Workday_Sync_Message__c=null, Workday_Sync_Payload__c=null, Workday_Sync_Status__c=null, Multiple_Element_Rev_Alloc_Value__c=false, Workday_Revenue_Category__c=null, Billing_Schedule_From_Date__c=2026-06-15 00:00:00, Billing_Schedule_To_Date__c=2027-06-14 00:00:00, Custom_Product_Name__c=null, Ship_To_Address__c=null, Legacy_Id__c=null, DoNotExpand__c=false, Royalty_Amount__c=null, Exchange_Rate_To_USD__c=null, gsOrderDetailID__c=null, gsOrderID__c=null, Asset__c=null, Entitlement__c=null, Feature_Code__c=null, Freight_Terms__c=null, GSA__c=false, Hardware_ID__c=null, Hardware__c=null, Hostname__c=null, Instances__c=null, Is_Term__c=false, COLA_Uplift_Percent__c=null, End_Date_Calculated__c=2027-06-14 00:00:00, Legacy_Source__c=null, MSP_End_User__c=null, MYCAP__c=false, Maintenance_Discount_Percent__c=null, Manual_Discount__c=null, Migration_Change__c=null, Model__c=null, Number_of_Processors__c=null, Order_Is_Price_Locked__c=false, Override_Discount_Amount__c=null, Override_Discount_Percentage__c=null, Partition__c=null, Partner_Discount_Type__c=null, Price_Overriden__c=false, Prior_Feature_Code__c=null, Prior_Group_Number__c=null, Prior_Model__c=null, Prior_Number_of_Processors__c=null, Prior_Serial_Number__c=null, Product_Sale_Type__c=null, Product_type__c=null, Quantity_Back_Ordered__c=null, Quantity_Shipped__c=null, RSM_Discount_Percent__c=null, RSM__c=null, Requested_Delivery_Date__c=null, Sales_Support_Notes__c=null, Sequence_Number__c=null, Server_Type_Discount_Percent__c=null, Skip_Price_Calculation__c=false, Swap__c=false, System_Type__c=null, Tax_Code__c=null, Units__c=null, Uplift_Percent__c=null, Version_Number__c=null, Fortra_Product_Type__c=Subscription, Year_After_StartDate__c=true, Two_Years_After_Start_Date__c=false, Order_Line_ARR__c=null, Base_Price__c=null, Displaced_ARR__c=null, Is_Split_Line__c=false, Original_Order_Item__c=null, Partition_Record__c=null, Quote_Legal_Entity__c=Fortra, LLC*, Serial_Number__c=null, AllowRegionalPricing__c=false, Attribute_Multiplier_Pct__c=null, Attribute_Price_Mode__c=null, COLACalculatedPrice__c=null, Has_Attribute_Adjustment__c=false, RegionalNetUnitPrice__c=null, Quote_Line_Discount_Reason__c=null, Billing_Frequency__c=Yearly_Billing_Template, Order_Line_NARR_Calculated__c=0.00, Workday_Contract_Line_Reference_ID__c=null, LPAR_Number__c=null, LPAR_System_Name__c=null, Workday_Contract_Line_Type__c=FIXED AMOUNT, Start_Date_Calculated__c=2026-06-15 00:00:00, LegacyQuoteLineDiscount__c=null, LIC_Fair_Value_Amount__c=null, MAINT_Fair_Value_Amount__c=null, Source_List_Price__c=null, Prior_Discretionary_Discount__c=null, Prior_Partner_Discount__c=null, NetTotalPrice_Calculated__c=77080.00}
12:19:43.201 (1644828469)|FLOW_VALUE_ASSIGNMENT|14526012788e2f5814d2163a58219ecc9c55f1-792f|Set_Workday_Contract_Line_Type_Fixed_Amount|true
12:19:43.201 (1644831569)|FLOW_VALUE_ASSIGNMENT|14526012788e2f5814d2163a58219ecc9c55f1-792f|Set_Workday_Contract_Line_Type_Fixed_Amount__CONDITIONS_RESULT|true
12:19:43.201 (1646018345)|FLOW_VALUE_ASSIGNMENT|14536012788e2f5814d2163a58219ecc9c55f1-7930|$Record|{Id=802WC00000OpoppYAB, Product2Id=01tWC00000DD1btYAD, IsDeleted=false, OrderId=801WC00000knHDLYA2, PricebookEntryId=01uWC000005ws8MYAQ, OriginalOrderItemId=null, QuoteLineItemId=0QLWC000003ehR74AI, AvailableQuantity=1.00, Quantity=1.00, CurrencyIsoCode=USD, UnitPrice=301.75, ListPrice=355.00, TotalPrice=256.4875, BillingReference2=null, ServiceDate=null, ServiceTime=null, ServiceDateTime=null, EndDate=null, EndTime=null, EndDateTime=null, ServiceEndTimeZone=null, Description=Powertech Identity & Access Manager (BoKS) &#124; Standard, TotalLineAmount=301.75, TotalAdjustmentAmount=-45.2625, TotalLineAdjustmentAmount=0.00, TotalAdjustmentDistAmount=0.00, TotalAdjustmentTaxAmount=0.00, TotalLineAdjustmentTaxAmount=0.00, TotalAdjustmentDistTaxAmount=0.00, TotalLineTaxAmount=0.00, TotalTaxAmount=0.00, RoundedLineAmount=301.75, AdjustedLineAmount=256.4875, TotalAdjustedLineTaxAmount=0.00, RoundedLineAmtWithTax=301.75, TotalAdjustmentAmtWithTax=-45.2625, AdjustedLineAmtWithTax=256.4875, TotalLineAdjustmentAmtWithTax=0.00, TotalAdjustmentDistAmtWithTax=0.00, TotalAmtWithTax=256.4875, OrderDeliveryGroupId=null, RelatedOrderItemId=null, Type=null, TypeCode=null, TaxTreatmentId=null, LegalEntityId=0fwWC000000034LYAQ, BillingTreatmentId=null, ProductSellingModelId=0jPWC00000005yz2AA, OrderActionId=8OAWC000002SOpS4AW, ProrationPolicyId=null, PeriodBoundary=null, PeriodBoundaryStartMonth=null, PeriodBoundaryDay=null, PricingTermCount=0.00, NetUnitPrice=301.75, BillingFrequency2=null, ParentOrderItemId=null, Status=null, LineNumber=2, CreatedDate=2026-06-15 14:12:47, CreatedById=005a500001SfRd7AAF, LastModifiedDate=2026-06-15 19:19:43, LastModifiedById=005WC00000MgTN2YAN, SystemModstamp=2026-06-15 19:19:43, OrderItemNumber=0000564382, PriceWaterfallIdentifier=802WC00000OpoppYAB:149787176567512, StartQuantity=0.00, EndQuantity=1.00, NetTotalPrice=256.4875, Discount=null, DiscountAmount=null, PartnerDiscountPercent=15.00, PartnerUnitPrice=301.75, ValidationResult=null, EarliestEstimatedDeliveryDate=null, LatestEstimatedDeliveryDate=null, EarliestEstimatedDeliveryTime=null, LatestEstimatedDeliveryTime=null, EstimatedDeliveryReference=null, EstimatedDeliveryTimeZone=null, CustomProductName=null, SubscriptionTerm=null, OrderItemGroupId=null, SegmentIdentifier=null, SegmentType=null, SegmentName=null, IsPrimarySegment=false, OrderItemRecipientId=null, RampIdentifier=null, QuantityUnitOfMeasureId=null, UnitPriceUplift=null, BindingInstanceTargetId=null, PricingContractId=null, RevenueCloudPackagingFlag=CP, IsOrderItemLocked=false, RelatedChangeIdentifier=null, SupplementalChangeType=null, AggregatedQuantity=1.00, BatchIdentifier=null, DoesAutomaticallyRenew=false, Margin=null, MarginAmount=null, UnitCost=null, TotalCost=null, TotalAdjustment=null, TotalMargin=null, TotalMarginAmount=null, PriceRevisionPolicyId=null, ReplacementGroupId=null, Currency__c=USD, Workday_Sync_Correlation_Id__c=null, Workday_Sync_Message__c=null, Workday_Sync_Payload__c=null, Workday_Sync_Status__c=null, Multiple_Element_Rev_Alloc_Value__c=false, Workday_Revenue_Category__c=null, Billing_Schedule_From_Date__c=2026-06-15 00:00:00, Billing_Schedule_To_Date__c=2026-06-15 00:00:00, Custom_Product_Name__c=null, Ship_To_Address__c=null, Legacy_Id__c=null, DoNotExpand__c=false, Royalty_Amount__c=null, Exchange_Rate_To_USD__c=null, gsOrderDetailID__c=null, gsOrderID__c=null, Asset__c=null, Entitlement__c=null, Feature_Code__c=null, Freight_Terms__c=null, GSA__c=false, Hardware_ID__c=null, Hardware__c=null, Hostname__c=null, Instances__c=null, Is_Term__c=false, COLA_Uplift_Percent__c=null, End_Date_Calculated__c=2026-06-15 00:00:00, Legacy_Source__c=null, MSP_End_User__c=null, MYCAP__c=false, Maintenance_Discount_Percent__c=null, Manual_Discount__c=null, Migration_Change__c=null, Model__c=null, Number_of_Processors__c=null, Order_Is_Price_Locked__c=false, Override_Discount_Amount__c=null, Override_Discount_Percentage__c=null, Partition__c=null, Partner_Discount_Type__c=null, Price_Overriden__c=false, Prior_Feature_Code__c=null, Prior_Group_Number__c=null, Prior_Model__c=null, Prior_Number_of_Processors__c=null, Prior_Serial_Number__c=null, Product_Sale_Type__c=null, Product_type__c=null, Quantity_Back_Ordered__c=null, Quantity_Shipped__c=null, RSM_Discount_Percent__c=null, RSM__c=null, Requested_Delivery_Date__c=null, Sales_Support_Notes__c=null, Sequence_Number__c=null, Server_Type_Discount_Percent__c=null, Skip_Price_Calculation__c=false, Swap__c=false, System_Type__c=null, Tax_Code__c=null, Units__c=null, Uplift_Percent__c=null, Version_Number__c=null, Fortra_Product_Type__c=Perpetual, Year_After_StartDate__c=false, Two_Years_After_Start_Date__c=false, Order_Line_ARR__c=null, Base_Price__c=null, Displaced_ARR__c=null, Is_Split_Line__c=false, Original_Order_Item__c=null, Partition_Record__c=null, Quote_Legal_Entity__c=Fortra, LLC*, Serial_Number__c=null, AllowRegionalPricing__c=false, Attribute_Multiplier_Pct__c=null, Attribute_Price_Mode__c=null, COLACalculatedPrice__c=null, Has_Attribute_Adjustment__c=false, RegionalNetUnitPrice__c=null, Quote_Line_Discount_Reason__c=null, Billing_Frequency__c=Yearly_Billing_Template, Order_Line_NARR_Calculated__c=0.00, Workday_Contract_Line_Reference_ID__c=null, LPAR_Number__c=null, LPAR_System_Name__c=null, Workday_Contract_Line_Type__c=FIXED AMOUNT, Start_Date_Calculated__c=2026-06-15 00:00:00, LegacyQuoteLineDiscount__c=null, LIC_Fair_Value_Amount__c=null, MAINT_Fair_Value_Amount__c=null, Source_List_Price__c=null, Prior_Discretionary_Discount__c=null, Prior_Partner_Discount__c=null, NetTotalPrice_Calculated__c=301.75}
12:19:43.201 (1646055900)|FLOW_VALUE_ASSIGNMENT|14536012788e2f5814d2163a58219ecc9c55f1-7930|Set_Workday_Contract_Line_Type_Fixed_Amount|true
12:19:43.201 (1646059945)|FLOW_VALUE_ASSIGNMENT|14536012788e2f5814d2163a58219ecc9c55f1-7930|Set_Workday_Contract_Line_Type_Fixed_Amount__CONDITIONS_RESULT|true
12:19:43.201 (1647428057)|FLOW_VALUE_ASSIGNMENT|14546012788e2f5814d2163a58219ecc9c55f1-7931|$Record|{Id=802WC00000OpopqYAB, Product2Id=01tWC00000DD1bsYAD, IsDeleted=false, OrderId=801WC00000knHDLYA2, PricebookEntryId=01uWC000005wsbUYAQ, OriginalOrderItemId=null, QuoteLineItemId=0QLWC000003ehR84AI, AvailableQuantity=0.00, Quantity=0.00, CurrencyIsoCode=USD, UnitPrice=null, ListPrice=0.00, TotalPrice=0.00, BillingReference2=802WC00000OZLOrYAP, ServiceDate=2026-06-15 00:00:00, ServiceTime=00:00:00.000Z, ServiceDateTime=null, EndDate=null, EndTime=null, EndDateTime=null, ServiceEndTimeZone=GMT, Description=Powertech Identity & Access Manager (BoKS)-NewMaintenance &#124; Standard, TotalLineAmount=0.00, TotalAdjustmentAmount=0.00, TotalLineAdjustmentAmount=0.00, TotalAdjustmentDistAmount=0.00, TotalAdjustmentTaxAmount=0.00, TotalLineAdjustmentTaxAmount=0.00, TotalAdjustmentDistTaxAmount=0.00, TotalLineTaxAmount=0.00, TotalTaxAmount=0.00, RoundedLineAmount=0.00, AdjustedLineAmount=0.00, TotalAdjustedLineTaxAmount=0.00, RoundedLineAmtWithTax=0.00, TotalAdjustmentAmtWithTax=0.00, AdjustedLineAmtWithTax=0.00, TotalLineAdjustmentAmtWithTax=0.00, TotalAdjustmentDistAmtWithTax=0.00, TotalAmtWithTax=0.00, OrderDeliveryGroupId=null, RelatedOrderItemId=null, Type=null, TypeCode=null, TaxTreatmentId=null, LegalEntityId=0fwWC000000034LYAQ, BillingTreatmentId=1BTWC000000Mdh34AC, ProductSellingModelId=0jPWC00000005yz2AA, OrderActionId=8OAWC000002SOpR4AW, ProrationPolicyId=null, PeriodBoundary=null, PeriodBoundaryStartMonth=null, PeriodBoundaryDay=null, PricingTermCount=null, NetUnitPrice=null, BillingFrequency2=null, ParentOrderItemId=null, Status=null, LineNumber=3, CreatedDate=2026-06-15 14:12:47, CreatedById=005a500001SfRd7AAF, LastModifiedDate=2026-06-15 19:19:43, LastModifiedById=005WC00000MgTN2YAN, SystemModstamp=2026-06-15 19:19:43, OrderItemNumber=0000564383, PriceWaterfallIdentifier=null, StartQuantity=1.00, EndQuantity=1.00, NetTotalPrice=0.00, Discount=null, DiscountAmount=null, PartnerDiscountPercent=12.00, PartnerUnitPrice=null, ValidationResult=null, EarliestEstimatedDeliveryDate=null, LatestEstimatedDeliveryDate=null, EarliestEstimatedDeliveryTime=null, LatestEstimatedDeliveryTime=null, EstimatedDeliveryReference=null, EstimatedDeliveryTimeZone=null, CustomProductName=Powertech Identity & Access Manager (BoKS)-NewMaintenance, SubscriptionTerm=null, OrderItemGroupId=null, SegmentIdentifier=null, SegmentType=null, SegmentName=null, IsPrimarySegment=false, OrderItemRecipientId=null, RampIdentifier=null, QuantityUnitOfMeasureId=null, UnitPriceUplift=null, BindingInstanceTargetId=null, PricingContractId=null, RevenueCloudPackagingFlag=P, IsOrderItemLocked=false, RelatedChangeIdentifier=null, SupplementalChangeType=null, AggregatedQuantity=null, BatchIdentifier=null, DoesAutomaticallyRenew=false, Margin=null, MarginAmount=null, UnitCost=null, TotalCost=null, TotalAdjustment=null, TotalMargin=null, TotalMarginAmount=null, PriceRevisionPolicyId=null, ReplacementGroupId=null, Currency__c=USD, Workday_Sync_Correlation_Id__c=null, Workday_Sync_Message__c=null, Workday_Sync_Payload__c=null, Workday_Sync_Status__c=null, Multiple_Element_Rev_Alloc_Value__c=false, Workday_Revenue_Category__c=null, Billing_Schedule_From_Date__c=2026-06-15 00:00:00, Billing_Schedule_To_Date__c=2027-06-14 00:00:00, Custom_Product_Name__c=null, Ship_To_Address__c=null, Legacy_Id__c=null, DoNotExpand__c=false, Royalty_Amount__c=null, Exchange_Rate_To_USD__c=null, gsOrderDetailID__c=null, gsOrderID__c=null, Asset__c=null, Entitlement__c=null, Feature_Code__c=null, Freight_Terms__c=null, GSA__c=false, Hardware_ID__c=null, Hardware__c=null, Hostname__c=null, Instances__c=null, Is_Term__c=false, COLA_Uplift_Percent__c=null, End_Date_Calculated__c=2027-06-14 00:00:00, Legacy_Source__c=null, MSP_End_User__c=null, MYCAP__c=false, Maintenance_Discount_Percent__c=null, Manual_Discount__c=null, Migration_Change__c=null, Model__c=null, Number_of_Processors__c=null, Order_Is_Price_Locked__c=false, Override_Discount_Amount__c=null, Override_Discount_Percentage__c=null, Partition__c=null, Partner_Discount_Type__c=null, Price_Overriden__c=false, Prior_Feature_Code__c=null, Prior_Group_Number__c=null, Prior_Model__c=null, Prior_Number_of_Processors__c=null, Prior_Serial_Number__c=null, Product_Sale_Type__c=null, Product_type__c=null, Quantity_Back_Ordered__c=null, Quantity_Shipped__c=null, RSM_Discount_Percent__c=null, RSM__c=null, Requested_Delivery_Date__c=null, Sales_Support_Notes__c=null, Sequence_Number__c=null, Server_Type_Discount_Percent__c=null, Skip_Price_Calculation__c=false, Swap__c=false, System_Type__c=null, Tax_Code__c=null, Units__c=null, Uplift_Percent__c=null, Version_Number__c=null, Fortra_Product_Type__c=New Maintenance, Year_After_StartDate__c=false, Two_Years_After_Start_Date__c=false, Order_Line_ARR__c=null, Base_Price__c=355.00, Displaced_ARR__c=null, Is_Split_Line__c=false, Original_Order_Item__c=null, Partition_Record__c=null, Quote_Legal_Entity__c=Fortra, LLC*, Serial_Number__c=null, AllowRegionalPricing__c=false, Attribute_Multiplier_Pct__c=null, Attribute_Price_Mode__c=null, COLACalculatedPrice__c=null, Has_Attribute_Adjustment__c=false, RegionalNetUnitPrice__c=null, Quote_Line_Discount_Reason__c=null, Billing_Frequency__c=Yearly_Billing_Template, Order_Line_NARR_Calculated__c=0.00, Workday_Contract_Line_Reference_ID__c=null, LPAR_Number__c=null, LPAR_System_Name__c=null, Workday_Contract_Line_Type__c=FIXED AMOUNT, Start_Date_Calculated__c=2026-06-15 00:00:00, LegacyQuoteLineDiscount__c=null, LIC_Fair_Value_Amount__c=null, MAINT_Fair_Value_Amount__c=null, Source_List_Price__c=355.00, Prior_Discretionary_Discount__c=null, Prior_Partner_Discount__c=null, NetTotalPrice_Calculated__c=0.00}
12:19:43.201 (1647465071)|FLOW_VALUE_ASSIGNMENT|14546012788e2f5814d2163a58219ecc9c55f1-7931|Set_Workday_Contract_Line_Type_Fixed_Amount|true
12:19:43.201 (1647467996)|FLOW_VALUE_ASSIGNMENT|14546012788e2f5814d2163a58219ecc9c55f1-7931|Set_Workday_Contract_Line_Type_Fixed_Amount__CONDITIONS_RESULT|true
12:19:43.201 (1647632959)|FLOW_BULK_ELEMENT_LIMIT_USAGE|1 DML statements, total 2 out of 150
12:19:43.201 (1647640323)|FLOW_BULK_ELEMENT_LIMIT_USAGE|3 DML rows, total 6 out of 10000
12:19:43.201 (1647644424)|FLOW_BULK_ELEMENT_LIMIT_USAGE|202 ms CPU time, total 416 out of 15000
12:19:43.201 (1647692827)|FLOW_BULK_ELEMENT_END|FlowRecordUpdate|Set_Workday_Contract_Line_Type_Fixed_Amount|3|418
12:19:43.201 (1647987734)|FLOW_START_INTERVIEWS_END|3
12:19:43.201 (1648181614)|FLOW_INTERVIEW_FINISHED|14526012788e2f5814d2163a58219ecc9c55f1-792f|(Deprecated)Fortra &#124; Autolaunched &#124; Set Workday Contract Line Type
12:19:43.201 (1648207271)|FLOW_INTERVIEW_FINISHED_LIMIT_USAGE|SOQL queries: 6 out of 100
12:19:43.201 (1648212061)|FLOW_INTERVIEW_FINISHED_LIMIT_USAGE|SOQL query rows: 14 out of 50000
12:19:43.201 (1648217052)|FLOW_INTERVIEW_FINISHED_LIMIT_USAGE|SOSL queries: 0 out of 20
12:19:43.201 (1648221783)|FLOW_INTERVIEW_FINISHED_LIMIT_USAGE|DML statements: 2 out of 150
12:19:43.201 (1648225728)|FLOW_INTERVIEW_FINISHED_LIMIT_USAGE|DML rows: 6 out of 10000
12:19:43.201 (1648229890)|FLOW_INTERVIEW_FINISHED_LIMIT_USAGE|CPU time in ms: 416 out of 15000
12:19:43.201 (1648249294)|FLOW_INTERVIEW_FINISHED_LIMIT_USAGE|Heap size in bytes: 1361 out of 6000000
12:19:43.201 (1648254485)|FLOW_INTERVIEW_FINISHED_LIMIT_USAGE|Callouts: 0 out of 100
12:19:43.201 (1648258325)|FLOW_INTERVIEW_FINISHED_LIMIT_USAGE|Email invocations: 0 out of 10
12:19:43.201 (1648262534)|FLOW_INTERVIEW_FINISHED_LIMIT_USAGE|Future calls: 0 out of 50
12:19:43.201 (1648266978)|FLOW_INTERVIEW_FINISHED_LIMIT_USAGE|Jobs in queue: 0 out of 50
12:19:43.201 (1648272358)|FLOW_INTERVIEW_FINISHED|14536012788e2f5814d2163a58219ecc9c55f1-7930|(Deprecated)Fortra &#124; Autolaunched &#124; Set Workday Contract Line Type
12:19:43.201 (1648285142)|FLOW_INTERVIEW_FINISHED_LIMIT_USAGE|SOQL queries: 6 out of 100
12:19:43.201 (1648289255)|FLOW_INTERVIEW_FINISHED_LIMIT_USAGE|SOQL query rows: 14 out of 50000
12:19:43.201 (1648293019)|FLOW_INTERVIEW_FINISHED_LIMIT_USAGE|SOSL queries: 0 out of 20
12:19:43.201 (1648296716)|FLOW_INTERVIEW_FINISHED_LIMIT_USAGE|DML statements: 2 out of 150
12:19:43.201 (1648300380)|FLOW_INTERVIEW_FINISHED_LIMIT_USAGE|DML rows: 6 out of 10000
12:19:43.201 (1648304221)|FLOW_INTERVIEW_FINISHED_LIMIT_USAGE|CPU time in ms: 416 out of 15000
12:19:43.201 (1648312971)|FLOW_INTERVIEW_FINISHED_LIMIT_USAGE|Heap size in bytes: 1361 out of 6000000
12:19:43.201 (1648317064)|FLOW_INTERVIEW_FINISHED_LIMIT_USAGE|Callouts: 0 out of 100
12:19:43.201 (1648320997)|FLOW_INTERVIEW_FINISHED_LIMIT_USAGE|Email invocations: 0 out of 10
12:19:43.201 (1648324948)|FLOW_INTERVIEW_FINISHED_LIMIT_USAGE|Future calls: 0 out of 50
12:19:43.201 (1648328700)|FLOW_INTERVIEW_FINISHED_LIMIT_USAGE|Jobs in queue: 0 out of 50
12:19:43.201 (1648332105)|FLOW_INTERVIEW_FINISHED|14546012788e2f5814d2163a58219ecc9c55f1-7931|(Deprecated)Fortra &#124; Autolaunched &#124; Set Workday Contract Line Type
12:19:43.201 (1648338359)|FLOW_INTERVIEW_FINISHED_LIMIT_USAGE|SOQL queries: 6 out of 100
12:19:43.201 (1648342745)|FLOW_INTERVIEW_FINISHED_LIMIT_USAGE|SOQL query rows: 14 out of 50000
12:19:43.201 (1648346664)|FLOW_INTERVIEW_FINISHED_LIMIT_USAGE|SOSL queries: 0 out of 20
12:19:43.201 (1648350630)|FLOW_INTERVIEW_FINISHED_LIMIT_USAGE|DML statements: 2 out of 150
12:19:43.201 (1648354502)|FLOW_INTERVIEW_FINISHED_LIMIT_USAGE|DML rows: 6 out of 10000
12:19:43.201 (1648358139)|FLOW_INTERVIEW_FINISHED_LIMIT_USAGE|CPU time in ms: 416 out of 15000
12:19:43.201 (1648365487)|FLOW_INTERVIEW_FINISHED_LIMIT_USAGE|Heap size in bytes: 1361 out of 6000000
12:19:43.201 (1648369765)|FLOW_INTERVIEW_FINISHED_LIMIT_USAGE|Callouts: 0 out of 100
12:19:43.201 (1648373031)|FLOW_INTERVIEW_FINISHED_LIMIT_USAGE|Email invocations: 0 out of 10
12:19:43.201 (1648375460)|FLOW_INTERVIEW_FINISHED_LIMIT_USAGE|Future calls: 0 out of 50
12:19:43.201 (1648377845)|FLOW_INTERVIEW_FINISHED_LIMIT_USAGE|Jobs in queue: 0 out of 50
12:19:43.836 (1836358299)|FLOW_CREATE_INTERVIEW_BEGIN|00DWC000006eUFF|300WC00000QqP3O|301WC00000kUYVF
12:19:43.836 (1836467538)|FLOW_CREATE_INTERVIEW_END|14626012788e2f5814d2163a58219ecc9c55f1-7939|Fortra &#124; OrderItem &#124; Set Workday Contract Line Type
12:19:43.836 (1836472093)|FLOW_CREATE_INTERVIEW_END|14636012788e2f5814d2163a58219ecc9c55f1-793a|Fortra &#124; OrderItem &#124; Set Workday Contract Line Type
12:19:43.836 (1836474407)|FLOW_CREATE_INTERVIEW_END|14646012788e2f5814d2163a58219ecc9c55f1-793b|Fortra &#124; OrderItem &#124; Set Workday Contract Line Type
12:19:43.836 (1836779217)|FLOW_START_INTERVIEWS_BEGIN|3
12:19:43.836 (1836810958)|FLOW_START_INTERVIEW_BEGIN|14626012788e2f5814d2163a58219ecc9c55f1-7939|Fortra &#124; OrderItem &#124; Set Workday Contract Line Type
12:19:43.836 (1836872143)|FLOW_START_INTERVIEW_LIMIT_USAGE|SOQL queries: 6 out of 100
12:19:43.836 (1836881194)|FLOW_START_INTERVIEW_LIMIT_USAGE|SOQL query rows: 14 out of 50000
12:19:43.836 (1836886369)|FLOW_START_INTERVIEW_LIMIT_USAGE|SOSL queries: 0 out of 20
12:19:43.836 (1836891202)|FLOW_START_INTERVIEW_LIMIT_USAGE|DML statements: 2 out of 150
12:19:43.836 (1836895212)|FLOW_START_INTERVIEW_LIMIT_USAGE|DML rows: 6 out of 10000
12:19:43.836 (1836899300)|FLOW_START_INTERVIEW_LIMIT_USAGE|CPU time in ms: 418 out of 15000
12:19:43.836 (1836935076)|FLOW_START_INTERVIEW_LIMIT_USAGE|Heap size in bytes: 1361 out of 6000000
12:19:43.836 (1836939522)|FLOW_START_INTERVIEW_LIMIT_USAGE|Callouts: 0 out of 100
12:19:43.836 (1836943174)|FLOW_START_INTERVIEW_LIMIT_USAGE|Email invocations: 0 out of 10
12:19:43.836 (1836946788)|FLOW_START_INTERVIEW_LIMIT_USAGE|Future calls: 0 out of 50
12:19:43.836 (1836950347)|FLOW_START_INTERVIEW_LIMIT_USAGE|Jobs in queue: 0 out of 50
12:19:43.836 (1836954006)|FLOW_START_INTERVIEW_LIMIT_USAGE|Push notifications: 0 out of 10
12:19:43.836 (1840649942)|FLOW_VALUE_ASSIGNMENT|14626012788e2f5814d2163a58219ecc9c55f1-7939|$Record|{Id=802WC00000OpopoYAB, Product2Id=01tWC00000DD11JYAT, IsDeleted=false, OrderId=801WC00000knHDLYA2, PricebookEntryId=01uWC000005wrrDYAQ, OriginalOrderItemId=null, QuoteLineItemId=0QLWC000003ehSj4AI, AvailableQuantity=1.00, Quantity=1.00, CurrencyIsoCode=USD, UnitPrice=77080.00, ListPrice=94000.00, TotalPrice=94000.00, BillingReference2=null, ServiceDate=2026-06-15 00:00:00, ServiceTime=00:00:00.000Z, ServiceDateTime=null, EndDate=2027-06-14 00:00:00, EndTime=00:00:00.000Z, EndDateTime=null, ServiceEndTimeZone=GMT, Description=null, TotalLineAmount=94000.00, TotalAdjustmentAmount=0.00, TotalLineAdjustmentAmount=0.00, TotalAdjustmentDistAmount=0.00, TotalAdjustmentTaxAmount=0.00, TotalLineAdjustmentTaxAmount=0.00, TotalAdjustmentDistTaxAmount=0.00, TotalLineTaxAmount=0.00, TotalTaxAmount=0.00, RoundedLineAmount=94000.00, AdjustedLineAmount=94000.00, TotalAdjustedLineTaxAmount=0.00, RoundedLineAmtWithTax=94000.00, TotalAdjustmentAmtWithTax=0.00, AdjustedLineAmtWithTax=94000.00, TotalLineAdjustmentAmtWithTax=0.00, TotalAdjustmentDistAmtWithTax=0.00, TotalAmtWithTax=94000.00, OrderDeliveryGroupId=null, RelatedOrderItemId=null, Type=null, TypeCode=null, TaxTreatmentId=null, LegalEntityId=0fwWC000000034LYAQ, BillingTreatmentId=null, ProductSellingModelId=0jPWC000000060b2AA, OrderActionId=8OAWC000002SOpS4AW, ProrationPolicyId=0mua50000004KzRAAU, PeriodBoundary=Anniversary, PeriodBoundaryStartMonth=null, PeriodBoundaryDay=null, PricingTermCount=1.00, NetUnitPrice=77080.00, BillingFrequency2=Annual, ParentOrderItemId=null, Status=null, LineNumber=1, CreatedDate=2026-06-15 14:12:47, CreatedById=005a500001SfRd7AAF, LastModifiedDate=2026-06-15 19:19:43, LastModifiedById=005WC00000MgTN2YAN, SystemModstamp=2026-06-15 19:19:43, OrderItemNumber=0000564381, PriceWaterfallIdentifier=802WC00000OpopoYAB:149787176567512, StartQuantity=0.00, EndQuantity=1.00, NetTotalPrice=94000.00, Discount=null, DiscountAmount=null, PartnerDiscountPercent=null, PartnerUnitPrice=77080.00, ValidationResult=null, EarliestEstimatedDeliveryDate=null, LatestEstimatedDeliveryDate=null, EarliestEstimatedDeliveryTime=null, LatestEstimatedDeliveryTime=null, EstimatedDeliveryReference=null, EstimatedDeliveryTimeZone=null, CustomProductName=null, SubscriptionTerm=1, OrderItemGroupId=null, SegmentIdentifier=null, SegmentType=null, SegmentName=null, IsPrimarySegment=false, OrderItemRecipientId=null, RampIdentifier=null, QuantityUnitOfMeasureId=null, UnitPriceUplift=null, BindingInstanceTargetId=null, PricingContractId=null, RevenueCloudPackagingFlag=CP, IsOrderItemLocked=false, RelatedChangeIdentifier=null, SupplementalChangeType=null, AggregatedQuantity=1.00, BatchIdentifier=null, DoesAutomaticallyRenew=false, Margin=null, MarginAmount=null, UnitCost=null, TotalCost=null, TotalAdjustment=null, TotalMargin=null, TotalMarginAmount=null, PriceRevisionPolicyId=null, ReplacementGroupId=null, Currency__c=USD, Workday_Sync_Correlation_Id__c=null, Workday_Sync_Message__c=null, Workday_Sync_Payload__c=null, Workday_Sync_Status__c=null, Multiple_Element_Rev_Alloc_Value__c=false, Workday_Revenue_Category__c=null, Billing_Schedule_From_Date__c=2026-06-15 00:00:00, Billing_Schedule_To_Date__c=2027-06-14 00:00:00, Custom_Product_Name__c=null, Ship_To_Address__c=null, Legacy_Id__c=null, DoNotExpand__c=false, Royalty_Amount__c=null, Exchange_Rate_To_USD__c=null, gsOrderDetailID__c=null, gsOrderID__c=null, Asset__c=null, Entitlement__c=null, Feature_Code__c=null, Freight_Terms__c=null, GSA__c=false, Hardware_ID__c=null, Hardware__c=null, Hostname__c=null, Instances__c=null, Is_Term__c=false, COLA_Uplift_Percent__c=null, End_Date_Calculated__c=2027-06-14 00:00:00, Legacy_Source__c=null, MSP_End_User__c=null, MYCAP__c=false, Maintenance_Discount_Percent__c=null, Manual_Discount__c=null, Migration_Change__c=null, Model__c=null, Number_of_Processors__c=null, Order_Is_Price_Locked__c=false, Override_Discount_Amount__c=null, Override_Discount_Percentage__c=null, Partition__c=null, Partner_Discount_Type__c=null, Price_Overriden__c=false, Prior_Feature_Code__c=null, Prior_Group_Number__c=null, Prior_Model__c=null, Prior_Number_of_Processors__c=null, Prior_Serial_Number__c=null, Product_Sale_Type__c=null, Product_type__c=null, Quantity_Back_Ordered__c=null, Quantity_Shipped__c=null, RSM_Discount_Percent__c=null, RSM__c=null, Requested_Delivery_Date__c=null, Sales_Support_Notes__c=null, Sequence_Number__c=null, Server_Type_Discount_Percent__c=null, Skip_Price_Calculation__c=false, Swap__c=false, System_Type__c=null, Tax_Code__c=null, Units__c=null, Uplift_Percent__c=null, Version_Number__c=null, Fortra_Product_Type__c=Subscription, Year_After_StartDate__c=true, Two_Years_After_Start_Date__c=false, Order_Line_ARR__c=null, Base_Price__c=null, Displaced_ARR__c=null, Is_Split_Line__c=false, Original_Order_Item__c=null, Partition_Record__c=null, Quote_Legal_Entity__c=Fortra, LLC*, Serial_Number__c=null, AllowRegionalPricing__c=false, Attribute_Multiplier_Pct__c=null, Attribute_Price_Mode__c=null, COLACalculatedPrice__c=null, Has_Attribute_Adjustment__c=false, RegionalNetUnitPrice__c=null, Quote_Line_Discount_Reason__c=null, Billing_Frequency__c=Yearly_Billing_Template, Order_Line_NARR_Calculated__c=0.00, Workday_Contract_Line_Reference_ID__c=null, LPAR_Number__c=null, LPAR_System_Name__c=null, Workday_Contract_Line_Type__c=FIXED AMOUNT, Start_Date_Calculated__c=2026-06-15 00:00:00, LegacyQuoteLineDiscount__c=null, LIC_Fair_Value_Amount__c=null, MAINT_Fair_Value_Amount__c=null, Source_List_Price__c=null, Prior_Discretionary_Discount__c=null, Prior_Partner_Discount__c=null, NetTotalPrice_Calculated__c=77080.00}
12:19:43.836 (1840836356)|FLOW_ELEMENT_BEGIN|14626012788e2f5814d2163a58219ecc9c55f1-7939|FlowRecordLookup|Get_Product
12:19:43.836 (1840885940)|FLOW_ELEMENT_DEFERRED|FlowRecordLookup|Get_Product
12:19:43.836 (1840933448)|FLOW_ELEMENT_LIMIT_USAGE|4 ms CPU time, total 422 out of 15000
12:19:43.836 (1840944210)|FLOW_ELEMENT_END|14626012788e2f5814d2163a58219ecc9c55f1-7939|FlowRecordLookup|Get_Product
12:19:43.836 (1850422856)|FLOW_START_INTERVIEW_END|14626012788e2f5814d2163a58219ecc9c55f1-7939|Fortra &#124; OrderItem &#124; Set Workday Contract Line Type
12:19:43.836 (1850458500)|FLOW_START_INTERVIEW_BEGIN|14636012788e2f5814d2163a58219ecc9c55f1-793a|Fortra &#124; OrderItem &#124; Set Workday Contract Line Type
12:19:43.836 (1850527936)|FLOW_START_INTERVIEW_LIMIT_USAGE|SOQL queries: 6 out of 100
12:19:43.836 (1850535543)|FLOW_START_INTERVIEW_LIMIT_USAGE|SOQL query rows: 14 out of 50000
12:19:43.836 (1850539948)|FLOW_START_INTERVIEW_LIMIT_USAGE|SOSL queries: 0 out of 20
12:19:43.836 (1850544106)|FLOW_START_INTERVIEW_LIMIT_USAGE|DML statements: 2 out of 150
12:19:43.836 (1850547867)|FLOW_START_INTERVIEW_LIMIT_USAGE|DML rows: 6 out of 10000
12:19:43.836 (1850551998)|FLOW_START_INTERVIEW_LIMIT_USAGE|CPU time in ms: 422 out of 15000
12:19:43.836 (1850582203)|FLOW_START_INTERVIEW_LIMIT_USAGE|Heap size in bytes: 1361 out of 6000000
12:19:43.836 (1850586483)|FLOW_START_INTERVIEW_LIMIT_USAGE|Callouts: 0 out of 100
12:19:43.836 (1850590137)|FLOW_START_INTERVIEW_LIMIT_USAGE|Email invocations: 0 out of 10
12:19:43.836 (1850593816)|FLOW_START_INTERVIEW_LIMIT_USAGE|Future calls: 0 out of 50
12:19:43.836 (1850597227)|FLOW_START_INTERVIEW_LIMIT_USAGE|Jobs in queue: 0 out of 50
12:19:43.836 (1850602753)|FLOW_START_INTERVIEW_LIMIT_USAGE|Push notifications: 0 out of 10
12:19:43.836 (1853464893)|FLOW_VALUE_ASSIGNMENT|14636012788e2f5814d2163a58219ecc9c55f1-793a|$Record|{Id=802WC00000OpoppYAB, Product2Id=01tWC00000DD1btYAD, IsDeleted=false, OrderId=801WC00000knHDLYA2, PricebookEntryId=01uWC000005ws8MYAQ, OriginalOrderItemId=null, QuoteLineItemId=0QLWC000003ehR74AI, AvailableQuantity=1.00, Quantity=1.00, CurrencyIsoCode=USD, UnitPrice=301.75, ListPrice=355.00, TotalPrice=256.4875, BillingReference2=null, ServiceDate=null, ServiceTime=null, ServiceDateTime=null, EndDate=null, EndTime=null, EndDateTime=null, ServiceEndTimeZone=null, Description=Powertech Identity & Access Manager (BoKS) &#124; Standard, TotalLineAmount=301.75, TotalAdjustmentAmount=-45.2625, TotalLineAdjustmentAmount=0.00, TotalAdjustmentDistAmount=0.00, TotalAdjustmentTaxAmount=0.00, TotalLineAdjustmentTaxAmount=0.00, TotalAdjustmentDistTaxAmount=0.00, TotalLineTaxAmount=0.00, TotalTaxAmount=0.00, RoundedLineAmount=301.75, AdjustedLineAmount=256.4875, TotalAdjustedLineTaxAmount=0.00, RoundedLineAmtWithTax=301.75, TotalAdjustmentAmtWithTax=-45.2625, AdjustedLineAmtWithTax=256.4875, TotalLineAdjustmentAmtWithTax=0.00, TotalAdjustmentDistAmtWithTax=0.00, TotalAmtWithTax=256.4875, OrderDeliveryGroupId=null, RelatedOrderItemId=null, Type=null, TypeCode=null, TaxTreatmentId=null, LegalEntityId=0fwWC000000034LYAQ, BillingTreatmentId=null, ProductSellingModelId=0jPWC00000005yz2AA, OrderActionId=8OAWC000002SOpS4AW, ProrationPolicyId=null, PeriodBoundary=null, PeriodBoundaryStartMonth=null, PeriodBoundaryDay=null, PricingTermCount=0.00, NetUnitPrice=301.75, BillingFrequency2=null, ParentOrderItemId=null, Status=null, LineNumber=2, CreatedDate=2026-06-15 14:12:47, CreatedById=005a500001SfRd7AAF, LastModifiedDate=2026-06-15 19:19:43, LastModifiedById=005WC00000MgTN2YAN, SystemModstamp=2026-06-15 19:19:43, OrderItemNumber=0000564382, PriceWaterfallIdentifier=802WC00000OpoppYAB:149787176567512, StartQuantity=0.00, EndQuantity=1.00, NetTotalPrice=256.4875, Discount=null, DiscountAmount=null, PartnerDiscountPercent=15.00, PartnerUnitPrice=301.75, ValidationResult=null, EarliestEstimatedDeliveryDate=null, LatestEstimatedDeliveryDate=null, EarliestEstimatedDeliveryTime=null, LatestEstimatedDeliveryTime=null, EstimatedDeliveryReference=null, EstimatedDeliveryTimeZone=null, CustomProductName=null, SubscriptionTerm=null, OrderItemGroupId=null, SegmentIdentifier=null, SegmentType=null, SegmentName=null, IsPrimarySegment=false, OrderItemRecipientId=null, RampIdentifier=null, QuantityUnitOfMeasureId=null, UnitPriceUplift=null, BindingInstanceTargetId=null, PricingContractId=null, RevenueCloudPackagingFlag=CP, IsOrderItemLocked=false, RelatedChangeIdentifier=null, SupplementalChangeType=null, AggregatedQuantity=1.00, BatchIdentifier=null, DoesAutomaticallyRenew=false, Margin=null, MarginAmount=null, UnitCost=null, TotalCost=null, TotalAdjustment=null, TotalMargin=null, TotalMarginAmount=null, PriceRevisionPolicyId=null, ReplacementGroupId=null, Currency__c=USD, Workday_Sync_Correlation_Id__c=null, Workday_Sync_Message__c=null, Workday_Sync_Payload__c=null, Workday_Sync_Status__c=null, Multiple_Element_Rev_Alloc_Value__c=false, Workday_Revenue_Category__c=null, Billing_Schedule_From_Date__c=2026-06-15 00:00:00, Billing_Schedule_To_Date__c=2026-06-15 00:00:00, Custom_Product_Name__c=null, Ship_To_Address__c=null, Legacy_Id__c=null, DoNotExpand__c=false, Royalty_Amount__c=null, Exchange_Rate_To_USD__c=null, gsOrderDetailID__c=null, gsOrderID__c=null, Asset__c=null, Entitlement__c=null, Feature_Code__c=null, Freight_Terms__c=null, GSA__c=false, Hardware_ID__c=null, Hardware__c=null, Hostname__c=null, Instances__c=null, Is_Term__c=false, COLA_Uplift_Percent__c=null, End_Date_Calculated__c=2026-06-15 00:00:00, Legacy_Source__c=null, MSP_End_User__c=null, MYCAP__c=false, Maintenance_Discount_Percent__c=null, Manual_Discount__c=null, Migration_Change__c=null, Model__c=null, Number_of_Processors__c=null, Order_Is_Price_Locked__c=false, Override_Discount_Amount__c=null, Override_Discount_Percentage__c=null, Partition__c=null, Partner_Discount_Type__c=null, Price_Overriden__c=false, Prior_Feature_Code__c=null, Prior_Group_Number__c=null, Prior_Model__c=null, Prior_Number_of_Processors__c=null, Prior_Serial_Number__c=null, Product_Sale_Type__c=null, Product_type__c=null, Quantity_Back_Ordered__c=null, Quantity_Shipped__c=null, RSM_Discount_Percent__c=null, RSM__c=null, Requested_Delivery_Date__c=null, Sales_Support_Notes__c=null, Sequence_Number__c=null, Server_Type_Discount_Percent__c=null, Skip_Price_Calculation__c=false, Swap__c=false, System_Type__c=null, Tax_Code__c=null, Units__c=null, Uplift_Percent__c=null, Version_Number__c=null, Fortra_Product_Type__c=Perpetual, Year_After_StartDate__c=false, Two_Years_After_Start_Date__c=false, Order_Line_ARR__c=null, Base_Price__c=null, Displaced_ARR__c=null, Is_Split_Line__c=false, Original_Order_Item__c=null, Partition_Record__c=null, Quote_Legal_Entity__c=Fortra, LLC*, Serial_Number__c=null, AllowRegionalPricing__c=false, Attribute_Multiplier_Pct__c=null, Attribute_Price_Mode__c=null, COLACalculatedPrice__c=null, Has_Attribute_Adjustment__c=false, RegionalNetUnitPrice__c=null, Quote_Line_Discount_Reason__c=null, Billing_Frequency__c=Yearly_Billing_Template, Order_Line_NARR_Calculated__c=0.00, Workday_Contract_Line_Reference_ID__c=null, LPAR_Number__c=null, LPAR_System_Name__c=null, Workday_Contract_Line_Type__c=FIXED AMOUNT, Start_Date_Calculated__c=2026-06-15 00:00:00, LegacyQuoteLineDiscount__c=null, LIC_Fair_Value_Amount__c=null, MAINT_Fair_Value_Amount__c=null, Source_List_Price__c=null, Prior_Discretionary_Discount__c=null, Prior_Partner_Discount__c=null, NetTotalPrice_Calculated__c=301.75}
12:19:43.836 (1853640105)|FLOW_ELEMENT_BEGIN|14636012788e2f5814d2163a58219ecc9c55f1-793a|FlowRecordLookup|Get_Product
12:19:43.836 (1853692003)|FLOW_ELEMENT_DEFERRED|FlowRecordLookup|Get_Product
12:19:43.836 (1853741239)|FLOW_ELEMENT_LIMIT_USAGE|3 ms CPU time, total 425 out of 15000
12:19:43.836 (1853757714)|FLOW_ELEMENT_END|14636012788e2f5814d2163a58219ecc9c55f1-793a|FlowRecordLookup|Get_Product
12:19:43.836 (1853818268)|FLOW_START_INTERVIEW_END|14636012788e2f5814d2163a58219ecc9c55f1-793a|Fortra &#124; OrderItem &#124; Set Workday Contract Line Type
12:19:43.836 (1853833214)|FLOW_START_INTERVIEW_BEGIN|14646012788e2f5814d2163a58219ecc9c55f1-793b|Fortra &#124; OrderItem &#124; Set Workday Contract Line Type
12:19:43.836 (1853863696)|FLOW_START_INTERVIEW_LIMIT_USAGE|SOQL queries: 6 out of 100
12:19:43.836 (1853871459)|FLOW_START_INTERVIEW_LIMIT_USAGE|SOQL query rows: 14 out of 50000
12:19:43.836 (1853877848)|FLOW_START_INTERVIEW_LIMIT_USAGE|SOSL queries: 0 out of 20
12:19:43.836 (1853883838)|FLOW_START_INTERVIEW_LIMIT_USAGE|DML statements: 2 out of 150
12:19:43.836 (1853889513)|FLOW_START_INTERVIEW_LIMIT_USAGE|DML rows: 6 out of 10000
12:19:43.836 (1853895102)|FLOW_START_INTERVIEW_LIMIT_USAGE|CPU time in ms: 425 out of 15000
12:19:43.836 (1853907604)|FLOW_START_INTERVIEW_LIMIT_USAGE|Heap size in bytes: 1361 out of 6000000
12:19:43.836 (1853913590)|FLOW_START_INTERVIEW_LIMIT_USAGE|Callouts: 0 out of 100
12:19:43.836 (1853919656)|FLOW_START_INTERVIEW_LIMIT_USAGE|Email invocations: 0 out of 10
12:19:43.836 (1853925161)|FLOW_START_INTERVIEW_LIMIT_USAGE|Future calls: 0 out of 50
12:19:43.836 (1853930564)|FLOW_START_INTERVIEW_LIMIT_USAGE|Jobs in queue: 0 out of 50
12:19:43.836 (1853936188)|FLOW_START_INTERVIEW_LIMIT_USAGE|Push notifications: 0 out of 10
12:19:43.836 (1856554958)|FLOW_VALUE_ASSIGNMENT|14646012788e2f5814d2163a58219ecc9c55f1-793b|$Record|{Id=802WC00000OpopqYAB, Product2Id=01tWC00000DD1bsYAD, IsDeleted=false, OrderId=801WC00000knHDLYA2, PricebookEntryId=01uWC000005wsbUYAQ, OriginalOrderItemId=null, QuoteLineItemId=0QLWC000003ehR84AI, AvailableQuantity=0.00, Quantity=0.00, CurrencyIsoCode=USD, UnitPrice=null, ListPrice=0.00, TotalPrice=0.00, BillingReference2=802WC00000OZLOrYAP, ServiceDate=2026-06-15 00:00:00, ServiceTime=00:00:00.000Z, ServiceDateTime=null, EndDate=null, EndTime=null, EndDateTime=null, ServiceEndTimeZone=GMT, Description=Powertech Identity & Access Manager (BoKS)-NewMaintenance &#124; Standard, TotalLineAmount=0.00, TotalAdjustmentAmount=0.00, TotalLineAdjustmentAmount=0.00, TotalAdjustmentDistAmount=0.00, TotalAdjustmentTaxAmount=0.00, TotalLineAdjustmentTaxAmount=0.00, TotalAdjustmentDistTaxAmount=0.00, TotalLineTaxAmount=0.00, TotalTaxAmount=0.00, RoundedLineAmount=0.00, AdjustedLineAmount=0.00, TotalAdjustedLineTaxAmount=0.00, RoundedLineAmtWithTax=0.00, TotalAdjustmentAmtWithTax=0.00, AdjustedLineAmtWithTax=0.00, TotalLineAdjustmentAmtWithTax=0.00, TotalAdjustmentDistAmtWithTax=0.00, TotalAmtWithTax=0.00, OrderDeliveryGroupId=null, RelatedOrderItemId=null, Type=null, TypeCode=null, TaxTreatmentId=null, LegalEntityId=0fwWC000000034LYAQ, BillingTreatmentId=1BTWC000000Mdh34AC, ProductSellingModelId=0jPWC00000005yz2AA, OrderActionId=8OAWC000002SOpR4AW, ProrationPolicyId=null, PeriodBoundary=null, PeriodBoundaryStartMonth=null, PeriodBoundaryDay=null, PricingTermCount=null, NetUnitPrice=null, BillingFrequency2=null, ParentOrderItemId=null, Status=null, LineNumber=3, CreatedDate=2026-06-15 14:12:47, CreatedById=005a500001SfRd7AAF, LastModifiedDate=2026-06-15 19:19:43, LastModifiedById=005WC00000MgTN2YAN, SystemModstamp=2026-06-15 19:19:43, OrderItemNumber=0000564383, PriceWaterfallIdentifier=null, StartQuantity=1.00, EndQuantity=1.00, NetTotalPrice=0.00, Discount=null, DiscountAmount=null, PartnerDiscountPercent=12.00, PartnerUnitPrice=null, ValidationResult=null, EarliestEstimatedDeliveryDate=null, LatestEstimatedDeliveryDate=null, EarliestEstimatedDeliveryTime=null, LatestEstimatedDeliveryTime=null, EstimatedDeliveryReference=null, EstimatedDeliveryTimeZone=null, CustomProductName=Powertech Identity & Access Manager (BoKS)-NewMaintenance, SubscriptionTerm=null, OrderItemGroupId=null, SegmentIdentifier=null, SegmentType=null, SegmentName=null, IsPrimarySegment=false, OrderItemRecipientId=null, RampIdentifier=null, QuantityUnitOfMeasureId=null, UnitPriceUplift=null, BindingInstanceTargetId=null, PricingContractId=null, RevenueCloudPackagingFlag=P, IsOrderItemLocked=false, RelatedChangeIdentifier=null, SupplementalChangeType=null, AggregatedQuantity=null, BatchIdentifier=null, DoesAutomaticallyRenew=false, Margin=null, MarginAmount=null, UnitCost=null, TotalCost=null, TotalAdjustment=null, TotalMargin=null, TotalMarginAmount=null, PriceRevisionPolicyId=null, ReplacementGroupId=null, Currency__c=USD, Workday_Sync_Correlation_Id__c=null, Workday_Sync_Message__c=null, Workday_Sync_Payload__c=null, Workday_Sync_Status__c=null, Multiple_Element_Rev_Alloc_Value__c=false, Workday_Revenue_Category__c=null, Billing_Schedule_From_Date__c=2026-06-15 00:00:00, Billing_Schedule_To_Date__c=2027-06-14 00:00:00, Custom_Product_Name__c=null, Ship_To_Address__c=null, Legacy_Id__c=null, DoNotExpand__c=false, Royalty_Amount__c=null, Exchange_Rate_To_USD__c=null, gsOrderDetailID__c=null, gsOrderID__c=null, Asset__c=null, Entitlement__c=null, Feature_Code__c=null, Freight_Terms__c=null, GSA__c=false, Hardware_ID__c=null, Hardware__c=null, Hostname__c=null, Instances__c=null, Is_Term__c=false, COLA_Uplift_Percent__c=null, End_Date_Calculated__c=2027-06-14 00:00:00, Legacy_Source__c=null, MSP_End_User__c=null, MYCAP__c=false, Maintenance_Discount_Percent__c=null, Manual_Discount__c=null, Migration_Change__c=null, Model__c=null, Number_of_Processors__c=null, Order_Is_Price_Locked__c=false, Override_Discount_Amount__c=null, Override_Discount_Percentage__c=null, Partition__c=null, Partner_Discount_Type__c=null, Price_Overriden__c=false, Prior_Feature_Code__c=null, Prior_Group_Number__c=null, Prior_Model__c=null, Prior_Number_of_Processors__c=null, Prior_Serial_Number__c=null, Product_Sale_Type__c=null, Product_type__c=null, Quantity_Back_Ordered__c=null, Quantity_Shipped__c=null, RSM_Discount_Percent__c=null, RSM__c=null, Requested_Delivery_Date__c=null, Sales_Support_Notes__c=null, Sequence_Number__c=null, Server_Type_Discount_Percent__c=null, Skip_Price_Calculation__c=false, Swap__c=false, System_Type__c=null, Tax_Code__c=null, Units__c=null, Uplift_Percent__c=null, Version_Number__c=null, Fortra_Product_Type__c=New Maintenance, Year_After_StartDate__c=false, Two_Years_After_Start_Date__c=false, Order_Line_ARR__c=null, Base_Price__c=355.00, Displaced_ARR__c=null, Is_Split_Line__c=false, Original_Order_Item__c=null, Partition_Record__c=null, Quote_Legal_Entity__c=Fortra, LLC*, Serial_Number__c=null, AllowRegionalPricing__c=false, Attribute_Multiplier_Pct__c=null, Attribute_Price_Mode__c=null, COLACalculatedPrice__c=null, Has_Attribute_Adjustment__c=false, RegionalNetUnitPrice__c=null, Quote_Line_Discount_Reason__c=null, Billing_Frequency__c=Yearly_Billing_Template, Order_Line_NARR_Calculated__c=0.00, Workday_Contract_Line_Reference_ID__c=null, LPAR_Number__c=null, LPAR_System_Name__c=null, Workday_Contract_Line_Type__c=FIXED AMOUNT, Start_Date_Calculated__c=2026-06-15 00:00:00, LegacyQuoteLineDiscount__c=null, LIC_Fair_Value_Amount__c=null, MAINT_Fair_Value_Amount__c=null, Source_List_Price__c=355.00, Prior_Discretionary_Discount__c=null, Prior_Partner_Discount__c=null, NetTotalPrice_Calculated__c=0.00}
12:19:43.836 (1856713039)|FLOW_ELEMENT_BEGIN|14646012788e2f5814d2163a58219ecc9c55f1-793b|FlowRecordLookup|Get_Product
12:19:43.836 (1856750790)|FLOW_ELEMENT_DEFERRED|FlowRecordLookup|Get_Product
12:19:43.836 (1856791998)|FLOW_ELEMENT_LIMIT_USAGE|3 ms CPU time, total 428 out of 15000
12:19:43.836 (1856805487)|FLOW_ELEMENT_END|14646012788e2f5814d2163a58219ecc9c55f1-793b|FlowRecordLookup|Get_Product
12:19:43.836 (1856855345)|FLOW_START_INTERVIEW_END|14646012788e2f5814d2163a58219ecc9c55f1-793b|Fortra &#124; OrderItem &#124; Set Workday Contract Line Type
12:19:43.836 (1856916711)|FLOW_BULK_ELEMENT_BEGIN|FlowRecordLookup|Get_Product
12:19:43.836 (1870974541)|FLOW_VALUE_ASSIGNMENT|14636012788e2f5814d2163a58219ecc9c55f1-793a|Get_Product|{pse__IsServicesProduct__c=false, Id=01tWC00000DD1btYAD}
12:19:43.836 (1871004414)|FLOW_BULK_ELEMENT_DETAIL|FlowRecordLookup|Get_Product|1
12:19:43.836 (1871046236)|FLOW_VALUE_ASSIGNMENT|14626012788e2f5814d2163a58219ecc9c55f1-7939|Get_Product|{pse__IsServicesProduct__c=false, Id=01tWC00000DD11JYAT}
12:19:43.836 (1871052611)|FLOW_BULK_ELEMENT_DETAIL|FlowRecordLookup|Get_Product|1
12:19:43.836 (1871080558)|FLOW_VALUE_ASSIGNMENT|14646012788e2f5814d2163a58219ecc9c55f1-793b|Get_Product|{pse__IsServicesProduct__c=false, Id=01tWC00000DD1bsYAD}
12:19:43.836 (1871086152)|FLOW_BULK_ELEMENT_DETAIL|FlowRecordLookup|Get_Product|1
12:19:43.836 (1871419745)|FLOW_BULK_ELEMENT_LIMIT_USAGE|1 SOQL queries, total 7 out of 100
12:19:43.836 (1871431163)|FLOW_BULK_ELEMENT_LIMIT_USAGE|3 SOQL query rows, total 17 out of 50000
12:19:43.836 (1871437885)|FLOW_BULK_ELEMENT_LIMIT_USAGE|8 ms CPU time, total 436 out of 15000
12:19:43.836 (1871483220)|FLOW_BULK_ELEMENT_END|FlowRecordLookup|Get_Product|3|14
12:19:43.836 (1871588092)|FLOW_ELEMENT_BEGIN|14626012788e2f5814d2163a58219ecc9c55f1-7939|FlowDecision|Decision_Is_Services_Product
12:19:43.836 (1871786882)|FLOW_ELEMENT_DEFERRED|FlowDecision|Decision_Is_Services_Product
12:19:43.836 (1871820972)|FLOW_ELEMENT_END|14626012788e2f5814d2163a58219ecc9c55f1-7939|FlowDecision|Decision_Is_Services_Product
12:19:43.836 (1871858637)|FLOW_ELEMENT_BEGIN|14636012788e2f5814d2163a58219ecc9c55f1-793a|FlowDecision|Decision_Is_Services_Product
12:19:43.836 (1871867665)|FLOW_ELEMENT_DEFERRED|FlowDecision|Decision_Is_Services_Product
12:19:43.836 (1871877904)|FLOW_ELEMENT_END|14636012788e2f5814d2163a58219ecc9c55f1-793a|FlowDecision|Decision_Is_Services_Product
12:19:43.836 (1871890602)|FLOW_ELEMENT_BEGIN|14646012788e2f5814d2163a58219ecc9c55f1-793b|FlowDecision|Decision_Is_Services_Product
12:19:43.836 (1871901456)|FLOW_ELEMENT_DEFERRED|FlowDecision|Decision_Is_Services_Product
12:19:43.836 (1871914108)|FLOW_ELEMENT_END|14646012788e2f5814d2163a58219ecc9c55f1-793b|FlowDecision|Decision_Is_Services_Product
12:19:43.836 (1871952321)|FLOW_BULK_ELEMENT_BEGIN|FlowDecision|Decision_Is_Services_Product
12:19:43.836 (1872056774)|FLOW_RULE_DETAIL|14626012788e2f5814d2163a58219ecc9c55f1-7939|Is_Services_Product|false|false
12:19:43.836 (1872077921)|FLOW_VALUE_ASSIGNMENT|14626012788e2f5814d2163a58219ecc9c55f1-7939|Is_Services_Product|false
12:19:43.836 (1872105339)|FLOW_RULE_DETAIL|14636012788e2f5814d2163a58219ecc9c55f1-793a|Is_Services_Product|false|false
12:19:43.836 (1872112216)|FLOW_VALUE_ASSIGNMENT|14636012788e2f5814d2163a58219ecc9c55f1-793a|Is_Services_Product|false
12:19:43.836 (1872127727)|FLOW_RULE_DETAIL|14646012788e2f5814d2163a58219ecc9c55f1-793b|Is_Services_Product|false|false
12:19:43.836 (1872132903)|FLOW_VALUE_ASSIGNMENT|14646012788e2f5814d2163a58219ecc9c55f1-793b|Is_Services_Product|false
12:19:43.836 (1872254434)|FLOW_BULK_ELEMENT_LIMIT_USAGE|1 ms CPU time, total 437 out of 15000
12:19:43.836 (1872279049)|FLOW_BULK_ELEMENT_END|FlowDecision|Decision_Is_Services_Product|0|0
12:19:43.836 (1872322442)|FLOW_ELEMENT_BEGIN|14626012788e2f5814d2163a58219ecc9c55f1-7939|FlowDecision|Decision_Is_Subsplit
12:19:43.836 (1872339978)|FLOW_ELEMENT_DEFERRED|FlowDecision|Decision_Is_Subsplit
12:19:43.836 (1872358422)|FLOW_ELEMENT_END|14626012788e2f5814d2163a58219ecc9c55f1-7939|FlowDecision|Decision_Is_Subsplit
12:19:43.836 (1872371612)|FLOW_ELEMENT_BEGIN|14636012788e2f5814d2163a58219ecc9c55f1-793a|FlowDecision|Decision_Is_Subsplit
12:19:43.836 (1872379687)|FLOW_ELEMENT_DEFERRED|FlowDecision|Decision_Is_Subsplit
12:19:43.836 (1872391455)|FLOW_ELEMENT_END|14636012788e2f5814d2163a58219ecc9c55f1-793a|FlowDecision|Decision_Is_Subsplit
12:19:43.836 (1872405263)|FLOW_ELEMENT_BEGIN|14646012788e2f5814d2163a58219ecc9c55f1-793b|FlowDecision|Decision_Is_Subsplit
12:19:43.836 (1872415762)|FLOW_ELEMENT_DEFERRED|FlowDecision|Decision_Is_Subsplit
12:19:43.836 (1872429377)|FLOW_ELEMENT_END|14646012788e2f5814d2163a58219ecc9c55f1-793b|FlowDecision|Decision_Is_Subsplit
12:19:43.836 (1872638373)|FLOW_BULK_ELEMENT_BEGIN|FlowDecision|Decision_Is_Subsplit
12:19:43.836 (1873208888)|FLOW_RULE_DETAIL|14626012788e2f5814d2163a58219ecc9c55f1-7939|Has_Subsplit|false|false
12:19:43.836 (1873232100)|FLOW_VALUE_ASSIGNMENT|14626012788e2f5814d2163a58219ecc9c55f1-7939|Has_Subsplit|false
12:19:43.836 (1873351722)|FLOW_RULE_DETAIL|14636012788e2f5814d2163a58219ecc9c55f1-793a|Has_Subsplit|false|false
12:19:43.836 (1873363917)|FLOW_VALUE_ASSIGNMENT|14636012788e2f5814d2163a58219ecc9c55f1-793a|Has_Subsplit|false
12:19:43.836 (1873448793)|FLOW_RULE_DETAIL|14646012788e2f5814d2163a58219ecc9c55f1-793b|Has_Subsplit|false|false
12:19:43.836 (1873461003)|FLOW_VALUE_ASSIGNMENT|14646012788e2f5814d2163a58219ecc9c55f1-793b|Has_Subsplit|false
12:19:43.836 (1873592430)|FLOW_BULK_ELEMENT_LIMIT_USAGE|1 ms CPU time, total 438 out of 15000
12:19:43.836 (1873618625)|FLOW_BULK_ELEMENT_END|FlowDecision|Decision_Is_Subsplit|0|0
12:19:43.836 (1873665709)|FLOW_ELEMENT_BEGIN|14626012788e2f5814d2163a58219ecc9c55f1-7939|FlowRecordUpdate|Update_LineType_Fixed_Amount
12:19:43.836 (1873681056)|FLOW_ELEMENT_DEFERRED|FlowRecordUpdate|Update_LineType_Fixed_Amount
12:19:43.836 (1873698546)|FLOW_ELEMENT_END|14626012788e2f5814d2163a58219ecc9c55f1-7939|FlowRecordUpdate|Update_LineType_Fixed_Amount
12:19:43.836 (1873710690)|FLOW_ELEMENT_BEGIN|14636012788e2f5814d2163a58219ecc9c55f1-793a|FlowRecordUpdate|Update_LineType_Fixed_Amount
12:19:43.836 (1873718549)|FLOW_ELEMENT_DEFERRED|FlowRecordUpdate|Update_LineType_Fixed_Amount
12:19:43.836 (1873727505)|FLOW_ELEMENT_END|14636012788e2f5814d2163a58219ecc9c55f1-793a|FlowRecordUpdate|Update_LineType_Fixed_Amount
12:19:43.836 (1873737256)|FLOW_ELEMENT_BEGIN|14646012788e2f5814d2163a58219ecc9c55f1-793b|FlowRecordUpdate|Update_LineType_Fixed_Amount
12:19:43.836 (1873744278)|FLOW_ELEMENT_DEFERRED|FlowRecordUpdate|Update_LineType_Fixed_Amount
12:19:43.836 (1873752520)|FLOW_ELEMENT_END|14646012788e2f5814d2163a58219ecc9c55f1-793b|FlowRecordUpdate|Update_LineType_Fixed_Amount
12:19:43.836 (1873777069)|FLOW_BULK_ELEMENT_BEGIN|FlowRecordUpdate|Update_LineType_Fixed_Amount
12:19:43.836 (1874098257)|FLOW_BULK_ELEMENT_DETAIL|FlowRecordUpdate|Update_LineType_Fixed_Amount|1
12:19:43.836 (1874197834)|FLOW_BULK_ELEMENT_DETAIL|FlowRecordUpdate|Update_LineType_Fixed_Amount|1
12:19:43.836 (1874296303)|FLOW_BULK_ELEMENT_DETAIL|FlowRecordUpdate|Update_LineType_Fixed_Amount|1
12:19:43.836 (2050333499)|FLOW_VALUE_ASSIGNMENT|14626012788e2f5814d2163a58219ecc9c55f1-7939|Update_LineType_Fixed_Amount|true
12:19:43.836 (2052019242)|FLOW_VALUE_ASSIGNMENT|14626012788e2f5814d2163a58219ecc9c55f1-7939|$Record|{Id=802WC00000OpopoYAB, Product2Id=01tWC00000DD11JYAT, IsDeleted=false, OrderId=801WC00000knHDLYA2, PricebookEntryId=01uWC000005wrrDYAQ, OriginalOrderItemId=null, QuoteLineItemId=0QLWC000003ehSj4AI, AvailableQuantity=1.00, Quantity=1.00, CurrencyIsoCode=USD, UnitPrice=77080.00, ListPrice=94000.00, TotalPrice=94000.00, BillingReference2=null, ServiceDate=2026-06-15 00:00:00, ServiceTime=00:00:00.000Z, ServiceDateTime=null, EndDate=2027-06-14 00:00:00, EndTime=00:00:00.000Z, EndDateTime=null, ServiceEndTimeZone=GMT, Description=null, TotalLineAmount=94000.00, TotalAdjustmentAmount=0.00, TotalLineAdjustmentAmount=0.00, TotalAdjustmentDistAmount=0.00, TotalAdjustmentTaxAmount=0.00, TotalLineAdjustmentTaxAmount=0.00, TotalAdjustmentDistTaxAmount=0.00, TotalLineTaxAmount=0.00, TotalTaxAmount=0.00, RoundedLineAmount=94000.00, AdjustedLineAmount=94000.00, TotalAdjustedLineTaxAmount=0.00, RoundedLineAmtWithTax=94000.00, TotalAdjustmentAmtWithTax=0.00, AdjustedLineAmtWithTax=94000.00, TotalLineAdjustmentAmtWithTax=0.00, TotalAdjustmentDistAmtWithTax=0.00, TotalAmtWithTax=94000.00, OrderDeliveryGroupId=null, RelatedOrderItemId=null, Type=null, TypeCode=null, TaxTreatmentId=null, LegalEntityId=0fwWC000000034LYAQ, BillingTreatmentId=null, ProductSellingModelId=0jPWC000000060b2AA, OrderActionId=8OAWC000002SOpS4AW, ProrationPolicyId=0mua50000004KzRAAU, PeriodBoundary=Anniversary, PeriodBoundaryStartMonth=null, PeriodBoundaryDay=null, PricingTermCount=1.00, NetUnitPrice=77080.00, BillingFrequency2=Annual, ParentOrderItemId=null, Status=null, LineNumber=1, CreatedDate=2026-06-15 14:12:47, CreatedById=005a500001SfRd7AAF, LastModifiedDate=2026-06-15 19:19:43, LastModifiedById=005WC00000MgTN2YAN, SystemModstamp=2026-06-15 19:19:43, OrderItemNumber=0000564381, PriceWaterfallIdentifier=802WC00000OpopoYAB:149787176567512, StartQuantity=0.00, EndQuantity=1.00, NetTotalPrice=94000.00, Discount=null, DiscountAmount=null, PartnerDiscountPercent=null, PartnerUnitPrice=77080.00, ValidationResult=null, EarliestEstimatedDeliveryDate=null, LatestEstimatedDeliveryDate=null, EarliestEstimatedDeliveryTime=null, LatestEstimatedDeliveryTime=null, EstimatedDeliveryReference=null, EstimatedDeliveryTimeZone=null, CustomProductName=null, SubscriptionTerm=1, OrderItemGroupId=null, SegmentIdentifier=null, SegmentType=null, SegmentName=null, IsPrimarySegment=false, OrderItemRecipientId=null, RampIdentifier=null, QuantityUnitOfMeasureId=null, UnitPriceUplift=null, BindingInstanceTargetId=null, PricingContractId=null, RevenueCloudPackagingFlag=CP, IsOrderItemLocked=false, RelatedChangeIdentifier=null, SupplementalChangeType=null, AggregatedQuantity=1.00, BatchIdentifier=null, DoesAutomaticallyRenew=false, Margin=null, MarginAmount=null, UnitCost=null, TotalCost=null, TotalAdjustment=null, TotalMargin=null, TotalMarginAmount=null, PriceRevisionPolicyId=null, ReplacementGroupId=null, Currency__c=USD, Workday_Sync_Correlation_Id__c=null, Workday_Sync_Message__c=null, Workday_Sync_Payload__c=null, Workday_Sync_Status__c=null, Multiple_Element_Rev_Alloc_Value__c=false, Workday_Revenue_Category__c=null, Billing_Schedule_From_Date__c=2026-06-15 00:00:00, Billing_Schedule_To_Date__c=2027-06-14 00:00:00, Custom_Product_Name__c=null, Ship_To_Address__c=null, Legacy_Id__c=null, DoNotExpand__c=false, Royalty_Amount__c=null, Exchange_Rate_To_USD__c=null, gsOrderDetailID__c=null, gsOrderID__c=null, Asset__c=null, Entitlement__c=null, Feature_Code__c=null, Freight_Terms__c=null, GSA__c=false, Hardware_ID__c=null, Hardware__c=null, Hostname__c=null, Instances__c=null, Is_Term__c=false, COLA_Uplift_Percent__c=null, End_Date_Calculated__c=2027-06-14 00:00:00, Legacy_Source__c=null, MSP_End_User__c=null, MYCAP__c=false, Maintenance_Discount_Percent__c=null, Manual_Discount__c=null, Migration_Change__c=null, Model__c=null, Number_of_Processors__c=null, Order_Is_Price_Locked__c=false, Override_Discount_Amount__c=null, Override_Discount_Percentage__c=null, Partition__c=null, Partner_Discount_Type__c=null, Price_Overriden__c=false, Prior_Feature_Code__c=null, Prior_Group_Number__c=null, Prior_Model__c=null, Prior_Number_of_Processors__c=null, Prior_Serial_Number__c=null, Product_Sale_Type__c=null, Product_type__c=null, Quantity_Back_Ordered__c=null, Quantity_Shipped__c=null, RSM_Discount_Percent__c=null, RSM__c=null, Requested_Delivery_Date__c=null, Sales_Support_Notes__c=null, Sequence_Number__c=null, Server_Type_Discount_Percent__c=null, Skip_Price_Calculation__c=false, Swap__c=false, System_Type__c=null, Tax_Code__c=null, Units__c=null, Uplift_Percent__c=null, Version_Number__c=null, Fortra_Product_Type__c=Subscription, Year_After_StartDate__c=true, Two_Years_After_Start_Date__c=false, Order_Line_ARR__c=null, Base_Price__c=null, Displaced_ARR__c=null, Is_Split_Line__c=false, Original_Order_Item__c=null, Partition_Record__c=null, Quote_Legal_Entity__c=Fortra, LLC*, Serial_Number__c=null, AllowRegionalPricing__c=false, Attribute_Multiplier_Pct__c=null, Attribute_Price_Mode__c=null, COLACalculatedPrice__c=null, Has_Attribute_Adjustment__c=false, RegionalNetUnitPrice__c=null, Quote_Line_Discount_Reason__c=null, Billing_Frequency__c=Yearly_Billing_Template, Order_Line_NARR_Calculated__c=0.00, Workday_Contract_Line_Reference_ID__c=null, LPAR_Number__c=null, LPAR_System_Name__c=null, Workday_Contract_Line_Type__c=FIXED AMOUNT, Start_Date_Calculated__c=2026-06-15 00:00:00, LegacyQuoteLineDiscount__c=null, LIC_Fair_Value_Amount__c=null, MAINT_Fair_Value_Amount__c=null, Source_List_Price__c=null, Prior_Discretionary_Discount__c=null, Prior_Partner_Discount__c=null, NetTotalPrice_Calculated__c=77080.00}
12:19:43.836 (2052058750)|FLOW_VALUE_ASSIGNMENT|14626012788e2f5814d2163a58219ecc9c55f1-7939|Update_LineType_Fixed_Amount__CONDITIONS_RESULT|true
12:19:43.836 (2052079997)|FLOW_VALUE_ASSIGNMENT|14636012788e2f5814d2163a58219ecc9c55f1-793a|Update_LineType_Fixed_Amount|true
12:19:43.836 (2053246233)|FLOW_VALUE_ASSIGNMENT|14636012788e2f5814d2163a58219ecc9c55f1-793a|$Record|{Id=802WC00000OpoppYAB, Product2Id=01tWC00000DD1btYAD, IsDeleted=false, OrderId=801WC00000knHDLYA2, PricebookEntryId=01uWC000005ws8MYAQ, OriginalOrderItemId=null, QuoteLineItemId=0QLWC000003ehR74AI, AvailableQuantity=1.00, Quantity=1.00, CurrencyIsoCode=USD, UnitPrice=301.75, ListPrice=355.00, TotalPrice=256.4875, BillingReference2=null, ServiceDate=null, ServiceTime=null, ServiceDateTime=null, EndDate=null, EndTime=null, EndDateTime=null, ServiceEndTimeZone=null, Description=Powertech Identity & Access Manager (BoKS) &#124; Standard, TotalLineAmount=301.75, TotalAdjustmentAmount=-45.2625, TotalLineAdjustmentAmount=0.00, TotalAdjustmentDistAmount=0.00, TotalAdjustmentTaxAmount=0.00, TotalLineAdjustmentTaxAmount=0.00, TotalAdjustmentDistTaxAmount=0.00, TotalLineTaxAmount=0.00, TotalTaxAmount=0.00, RoundedLineAmount=301.75, AdjustedLineAmount=256.4875, TotalAdjustedLineTaxAmount=0.00, RoundedLineAmtWithTax=301.75, TotalAdjustmentAmtWithTax=-45.2625, AdjustedLineAmtWithTax=256.4875, TotalLineAdjustmentAmtWithTax=0.00, TotalAdjustmentDistAmtWithTax=0.00, TotalAmtWithTax=256.4875, OrderDeliveryGroupId=null, RelatedOrderItemId=null, Type=null, TypeCode=null, TaxTreatmentId=null, LegalEntityId=0fwWC000000034LYAQ, BillingTreatmentId=null, ProductSellingModelId=0jPWC00000005yz2AA, OrderActionId=8OAWC000002SOpS4AW, ProrationPolicyId=null, PeriodBoundary=null, PeriodBoundaryStartMonth=null, PeriodBoundaryDay=null, PricingTermCount=0.00, NetUnitPrice=301.75, BillingFrequency2=null, ParentOrderItemId=null, Status=null, LineNumber=2, CreatedDate=2026-06-15 14:12:47, CreatedById=005a500001SfRd7AAF, LastModifiedDate=2026-06-15 19:19:43, LastModifiedById=005WC00000MgTN2YAN, SystemModstamp=2026-06-15 19:19:43, OrderItemNumber=0000564382, PriceWaterfallIdentifier=802WC00000OpoppYAB:149787176567512, StartQuantity=0.00, EndQuantity=1.00, NetTotalPrice=256.4875, Discount=null, DiscountAmount=null, PartnerDiscountPercent=15.00, PartnerUnitPrice=301.75, ValidationResult=null, EarliestEstimatedDeliveryDate=null, LatestEstimatedDeliveryDate=null, EarliestEstimatedDeliveryTime=null, LatestEstimatedDeliveryTime=null, EstimatedDeliveryReference=null, EstimatedDeliveryTimeZone=null, CustomProductName=null, SubscriptionTerm=null, OrderItemGroupId=null, SegmentIdentifier=null, SegmentType=null, SegmentName=null, IsPrimarySegment=false, OrderItemRecipientId=null, RampIdentifier=null, QuantityUnitOfMeasureId=null, UnitPriceUplift=null, BindingInstanceTargetId=null, PricingContractId=null, RevenueCloudPackagingFlag=CP, IsOrderItemLocked=false, RelatedChangeIdentifier=null, SupplementalChangeType=null, AggregatedQuantity=1.00, BatchIdentifier=null, DoesAutomaticallyRenew=false, Margin=null, MarginAmount=null, UnitCost=null, TotalCost=null, TotalAdjustment=null, TotalMargin=null, TotalMarginAmount=null, PriceRevisionPolicyId=null, ReplacementGroupId=null, Currency__c=USD, Workday_Sync_Correlation_Id__c=null, Workday_Sync_Message__c=null, Workday_Sync_Payload__c=null, Workday_Sync_Status__c=null, Multiple_Element_Rev_Alloc_Value__c=false, Workday_Revenue_Category__c=null, Billing_Schedule_From_Date__c=2026-06-15 00:00:00, Billing_Schedule_To_Date__c=2026-06-15 00:00:00, Custom_Product_Name__c=null, Ship_To_Address__c=null, Legacy_Id__c=null, DoNotExpand__c=false, Royalty_Amount__c=null, Exchange_Rate_To_USD__c=null, gsOrderDetailID__c=null, gsOrderID__c=null, Asset__c=null, Entitlement__c=null, Feature_Code__c=null, Freight_Terms__c=null, GSA__c=false, Hardware_ID__c=null, Hardware__c=null, Hostname__c=null, Instances__c=null, Is_Term__c=false, COLA_Uplift_Percent__c=null, End_Date_Calculated__c=2026-06-15 00:00:00, Legacy_Source__c=null, MSP_End_User__c=null, MYCAP__c=false, Maintenance_Discount_Percent__c=null, Manual_Discount__c=null, Migration_Change__c=null, Model__c=null, Number_of_Processors__c=null, Order_Is_Price_Locked__c=false, Override_Discount_Amount__c=null, Override_Discount_Percentage__c=null, Partition__c=null, Partner_Discount_Type__c=null, Price_Overriden__c=false, Prior_Feature_Code__c=null, Prior_Group_Number__c=null, Prior_Model__c=null, Prior_Number_of_Processors__c=null, Prior_Serial_Number__c=null, Product_Sale_Type__c=null, Product_type__c=null, Quantity_Back_Ordered__c=null, Quantity_Shipped__c=null, RSM_Discount_Percent__c=null, RSM__c=null, Requested_Delivery_Date__c=null, Sales_Support_Notes__c=null, Sequence_Number__c=null, Server_Type_Discount_Percent__c=null, Skip_Price_Calculation__c=false, Swap__c=false, System_Type__c=null, Tax_Code__c=null, Units__c=null, Uplift_Percent__c=null, Version_Number__c=null, Fortra_Product_Type__c=Perpetual, Year_After_StartDate__c=false, Two_Years_After_Start_Date__c=false, Order_Line_ARR__c=null, Base_Price__c=null, Displaced_ARR__c=null, Is_Split_Line__c=false, Original_Order_Item__c=null, Partition_Record__c=null, Quote_Legal_Entity__c=Fortra, LLC*, Serial_Number__c=null, AllowRegionalPricing__c=false, Attribute_Multiplier_Pct__c=null, Attribute_Price_Mode__c=null, COLACalculatedPrice__c=null, Has_Attribute_Adjustment__c=false, RegionalNetUnitPrice__c=null, Quote_Line_Discount_Reason__c=null, Billing_Frequency__c=Yearly_Billing_Template, Order_Line_NARR_Calculated__c=0.00, Workday_Contract_Line_Reference_ID__c=null, LPAR_Number__c=null, LPAR_System_Name__c=null, Workday_Contract_Line_Type__c=FIXED AMOUNT, Start_Date_Calculated__c=2026-06-15 00:00:00, LegacyQuoteLineDiscount__c=null, LIC_Fair_Value_Amount__c=null, MAINT_Fair_Value_Amount__c=null, Source_List_Price__c=null, Prior_Discretionary_Discount__c=null, Prior_Partner_Discount__c=null, NetTotalPrice_Calculated__c=301.75}
12:19:43.836 (2053281099)|FLOW_VALUE_ASSIGNMENT|14636012788e2f5814d2163a58219ecc9c55f1-793a|Update_LineType_Fixed_Amount__CONDITIONS_RESULT|true
12:19:43.836 (2053296536)|FLOW_VALUE_ASSIGNMENT|14646012788e2f5814d2163a58219ecc9c55f1-793b|Update_LineType_Fixed_Amount|true
12:19:43.836 (2054362140)|FLOW_VALUE_ASSIGNMENT|14646012788e2f5814d2163a58219ecc9c55f1-793b|$Record|{Id=802WC00000OpopqYAB, Product2Id=01tWC00000DD1bsYAD, IsDeleted=false, OrderId=801WC00000knHDLYA2, PricebookEntryId=01uWC000005wsbUYAQ, OriginalOrderItemId=null, QuoteLineItemId=0QLWC000003ehR84AI, AvailableQuantity=0.00, Quantity=0.00, CurrencyIsoCode=USD, UnitPrice=null, ListPrice=0.00, TotalPrice=0.00, BillingReference2=802WC00000OZLOrYAP, ServiceDate=2026-06-15 00:00:00, ServiceTime=00:00:00.000Z, ServiceDateTime=null, EndDate=null, EndTime=null, EndDateTime=null, ServiceEndTimeZone=GMT, Description=Powertech Identity & Access Manager (BoKS)-NewMaintenance &#124; Standard, TotalLineAmount=0.00, TotalAdjustmentAmount=0.00, TotalLineAdjustmentAmount=0.00, TotalAdjustmentDistAmount=0.00, TotalAdjustmentTaxAmount=0.00, TotalLineAdjustmentTaxAmount=0.00, TotalAdjustmentDistTaxAmount=0.00, TotalLineTaxAmount=0.00, TotalTaxAmount=0.00, RoundedLineAmount=0.00, AdjustedLineAmount=0.00, TotalAdjustedLineTaxAmount=0.00, RoundedLineAmtWithTax=0.00, TotalAdjustmentAmtWithTax=0.00, AdjustedLineAmtWithTax=0.00, TotalLineAdjustmentAmtWithTax=0.00, TotalAdjustmentDistAmtWithTax=0.00, TotalAmtWithTax=0.00, OrderDeliveryGroupId=null, RelatedOrderItemId=null, Type=null, TypeCode=null, TaxTreatmentId=null, LegalEntityId=0fwWC000000034LYAQ, BillingTreatmentId=1BTWC000000Mdh34AC, ProductSellingModelId=0jPWC00000005yz2AA, OrderActionId=8OAWC000002SOpR4AW, ProrationPolicyId=null, PeriodBoundary=null, PeriodBoundaryStartMonth=null, PeriodBoundaryDay=null, PricingTermCount=null, NetUnitPrice=null, BillingFrequency2=null, ParentOrderItemId=null, Status=null, LineNumber=3, CreatedDate=2026-06-15 14:12:47, CreatedById=005a500001SfRd7AAF, LastModifiedDate=2026-06-15 19:19:43, LastModifiedById=005WC00000MgTN2YAN, SystemModstamp=2026-06-15 19:19:43, OrderItemNumber=0000564383, PriceWaterfallIdentifier=null, StartQuantity=1.00, EndQuantity=1.00, NetTotalPrice=0.00, Discount=null, DiscountAmount=null, PartnerDiscountPercent=12.00, PartnerUnitPrice=null, ValidationResult=null, EarliestEstimatedDeliveryDate=null, LatestEstimatedDeliveryDate=null, EarliestEstimatedDeliveryTime=null, LatestEstimatedDeliveryTime=null, EstimatedDeliveryReference=null, EstimatedDeliveryTimeZone=null, CustomProductName=Powertech Identity & Access Manager (BoKS)-NewMaintenance, SubscriptionTerm=null, OrderItemGroupId=null, SegmentIdentifier=null, SegmentType=null, SegmentName=null, IsPrimarySegment=false, OrderItemRecipientId=null, RampIdentifier=null, QuantityUnitOfMeasureId=null, UnitPriceUplift=null, BindingInstanceTargetId=null, PricingContractId=null, RevenueCloudPackagingFlag=P, IsOrderItemLocked=false, RelatedChangeIdentifier=null, SupplementalChangeType=null, AggregatedQuantity=null, BatchIdentifier=null, DoesAutomaticallyRenew=false, Margin=null, MarginAmount=null, UnitCost=null, TotalCost=null, TotalAdjustment=null, TotalMargin=null, TotalMarginAmount=null, PriceRevisionPolicyId=null, ReplacementGroupId=null, Currency__c=USD, Workday_Sync_Correlation_Id__c=null, Workday_Sync_Message__c=null, Workday_Sync_Payload__c=null, Workday_Sync_Status__c=null, Multiple_Element_Rev_Alloc_Value__c=false, Workday_Revenue_Category__c=null, Billing_Schedule_From_Date__c=2026-06-15 00:00:00, Billing_Schedule_To_Date__c=2027-06-14 00:00:00, Custom_Product_Name__c=null, Ship_To_Address__c=null, Legacy_Id__c=null, DoNotExpand__c=false, Royalty_Amount__c=null, Exchange_Rate_To_USD__c=null, gsOrderDetailID__c=null, gsOrderID__c=null, Asset__c=null, Entitlement__c=null, Feature_Code__c=null, Freight_Terms__c=null, GSA__c=false, Hardware_ID__c=null, Hardware__c=null, Hostname__c=null, Instances__c=null, Is_Term__c=false, COLA_Uplift_Percent__c=null, End_Date_Calculated__c=2027-06-14 00:00:00, Legacy_Source__c=null, MSP_End_User__c=null, MYCAP__c=false, Maintenance_Discount_Percent__c=null, Manual_Discount__c=null, Migration_Change__c=null, Model__c=null, Number_of_Processors__c=null, Order_Is_Price_Locked__c=false, Override_Discount_Amount__c=null, Override_Discount_Percentage__c=null, Partition__c=null, Partner_Discount_Type__c=null, Price_Overriden__c=false, Prior_Feature_Code__c=null, Prior_Group_Number__c=null, Prior_Model__c=null, Prior_Number_of_Processors__c=null, Prior_Serial_Number__c=null, Product_Sale_Type__c=null, Product_type__c=null, Quantity_Back_Ordered__c=null, Quantity_Shipped__c=null, RSM_Discount_Percent__c=null, RSM__c=null, Requested_Delivery_Date__c=null, Sales_Support_Notes__c=null, Sequence_Number__c=null, Server_Type_Discount_Percent__c=null, Skip_Price_Calculation__c=false, Swap__c=false, System_Type__c=null, Tax_Code__c=null, Units__c=null, Uplift_Percent__c=null, Version_Number__c=null, Fortra_Product_Type__c=New Maintenance, Year_After_StartDate__c=false, Two_Years_After_Start_Date__c=false, Order_Line_ARR__c=null, Base_Price__c=355.00, Displaced_ARR__c=null, Is_Split_Line__c=false, Original_Order_Item__c=null, Partition_Record__c=null, Quote_Legal_Entity__c=Fortra, LLC*, Serial_Number__c=null, AllowRegionalPricing__c=false, Attribute_Multiplier_Pct__c=null, Attribute_Price_Mode__c=null, COLACalculatedPrice__c=null, Has_Attribute_Adjustment__c=false, RegionalNetUnitPrice__c=null, Quote_Line_Discount_Reason__c=null, Billing_Frequency__c=Yearly_Billing_Template, Order_Line_NARR_Calculated__c=0.00, Workday_Contract_Line_Reference_ID__c=null, LPAR_Number__c=null, LPAR_System_Name__c=null, Workday_Contract_Line_Type__c=FIXED AMOUNT, Start_Date_Calculated__c=2026-06-15 00:00:00, LegacyQuoteLineDiscount__c=null, LIC_Fair_Value_Amount__c=null, MAINT_Fair_Value_Amount__c=null, Source_List_Price__c=355.00, Prior_Discretionary_Discount__c=null, Prior_Partner_Discount__c=null, NetTotalPrice_Calculated__c=0.00}
12:19:43.836 (2054396868)|FLOW_VALUE_ASSIGNMENT|14646012788e2f5814d2163a58219ecc9c55f1-793b|Update_LineType_Fixed_Amount__CONDITIONS_RESULT|true
12:19:43.836 (2054567055)|FLOW_BULK_ELEMENT_LIMIT_USAGE|1 DML statements, total 3 out of 150
12:19:43.836 (2054574060)|FLOW_BULK_ELEMENT_LIMIT_USAGE|3 DML rows, total 9 out of 10000
12:19:43.836 (2054577922)|FLOW_BULK_ELEMENT_LIMIT_USAGE|86 ms CPU time, total 524 out of 15000
12:19:43.836 (2054623990)|FLOW_BULK_ELEMENT_END|FlowRecordUpdate|Update_LineType_Fixed_Amount|3|180
12:19:43.836 (2054915605)|FLOW_START_INTERVIEWS_END|3
12:19:43.836 (2055135187)|FLOW_INTERVIEW_FINISHED|14626012788e2f5814d2163a58219ecc9c55f1-7939|Fortra &#124; OrderItem &#124; Set Workday Contract Line Type
12:19:43.836 (2055161784)|FLOW_INTERVIEW_FINISHED_LIMIT_USAGE|SOQL queries: 7 out of 100
12:19:43.836 (2055168272)|FLOW_INTERVIEW_FINISHED_LIMIT_USAGE|SOQL query rows: 17 out of 50000
12:19:43.836 (2055173153)|FLOW_INTERVIEW_FINISHED_LIMIT_USAGE|SOSL queries: 0 out of 20
12:19:43.836 (2055178012)|FLOW_INTERVIEW_FINISHED_LIMIT_USAGE|DML statements: 3 out of 150
12:19:43.836 (2055182629)|FLOW_INTERVIEW_FINISHED_LIMIT_USAGE|DML rows: 9 out of 10000
12:19:43.836 (2055186964)|FLOW_INTERVIEW_FINISHED_LIMIT_USAGE|CPU time in ms: 524 out of 15000
12:19:43.836 (2055208103)|FLOW_INTERVIEW_FINISHED_LIMIT_USAGE|Heap size in bytes: 1361 out of 6000000
12:19:43.836 (2055212790)|FLOW_INTERVIEW_FINISHED_LIMIT_USAGE|Callouts: 0 out of 100
12:19:43.836 (2055216808)|FLOW_INTERVIEW_FINISHED_LIMIT_USAGE|Email invocations: 0 out of 10
12:19:43.836 (2055220946)|FLOW_INTERVIEW_FINISHED_LIMIT_USAGE|Future calls: 0 out of 50
12:19:43.836 (2055225226)|FLOW_INTERVIEW_FINISHED_LIMIT_USAGE|Jobs in queue: 0 out of 50
12:19:43.836 (2055230558)|FLOW_INTERVIEW_FINISHED|14636012788e2f5814d2163a58219ecc9c55f1-793a|Fortra &#124; OrderItem &#124; Set Workday Contract Line Type
12:19:43.836 (2055237869)|FLOW_INTERVIEW_FINISHED_LIMIT_USAGE|SOQL queries: 7 out of 100
12:19:43.836 (2055242397)|FLOW_INTERVIEW_FINISHED_LIMIT_USAGE|SOQL query rows: 17 out of 50000
12:19:43.836 (2055246385)|FLOW_INTERVIEW_FINISHED_LIMIT_USAGE|SOSL queries: 0 out of 20
12:19:43.836 (2055250690)|FLOW_INTERVIEW_FINISHED_LIMIT_USAGE|DML statements: 3 out of 150
12:19:43.836 (2055254566)|FLOW_INTERVIEW_FINISHED_LIMIT_USAGE|DML rows: 9 out of 10000
12:19:43.836 (2055258063)|FLOW_INTERVIEW_FINISHED_LIMIT_USAGE|CPU time in ms: 524 out of 15000
12:19:43.836 (2055266901)|FLOW_INTERVIEW_FINISHED_LIMIT_USAGE|Heap size in bytes: 1361 out of 6000000
12:19:43.836 (2055271396)|FLOW_INTERVIEW_FINISHED_LIMIT_USAGE|Callouts: 0 out of 100
12:19:43.836 (2055275872)|FLOW_INTERVIEW_FINISHED_LIMIT_USAGE|Email invocations: 0 out of 10
12:19:43.836 (2055280160)|FLOW_INTERVIEW_FINISHED_LIMIT_USAGE|Future calls: 0 out of 50
12:19:43.836 (2055284259)|FLOW_INTERVIEW_FINISHED_LIMIT_USAGE|Jobs in queue: 0 out of 50
12:19:43.836 (2055288174)|FLOW_INTERVIEW_FINISHED|14646012788e2f5814d2163a58219ecc9c55f1-793b|Fortra &#124; OrderItem &#124; Set Workday Contract Line Type
12:19:43.836 (2055295831)|FLOW_INTERVIEW_FINISHED_LIMIT_USAGE|SOQL queries: 7 out of 100
12:19:43.836 (2055300803)|FLOW_INTERVIEW_FINISHED_LIMIT_USAGE|SOQL query rows: 17 out of 50000
12:19:43.836 (2055304583)|FLOW_INTERVIEW_FINISHED_LIMIT_USAGE|SOSL queries: 0 out of 20
12:19:43.836 (2055308067)|FLOW_INTERVIEW_FINISHED_LIMIT_USAGE|DML statements: 3 out of 150
12:19:43.836 (2055311668)|FLOW_INTERVIEW_FINISHED_LIMIT_USAGE|DML rows: 9 out of 10000
12:19:43.836 (2055315552)|FLOW_INTERVIEW_FINISHED_LIMIT_USAGE|CPU time in ms: 524 out of 15000
12:19:43.836 (2055322997)|FLOW_INTERVIEW_FINISHED_LIMIT_USAGE|Heap size in bytes: 1361 out of 6000000
12:19:43.836 (2055327191)|FLOW_INTERVIEW_FINISHED_LIMIT_USAGE|Callouts: 0 out of 100
12:19:43.836 (2055330769)|FLOW_INTERVIEW_FINISHED_LIMIT_USAGE|Email invocations: 0 out of 10
12:19:43.836 (2055334783)|FLOW_INTERVIEW_FINISHED_LIMIT_USAGE|Future calls: 0 out of 50
12:19:43.836 (2055339160)|FLOW_INTERVIEW_FINISHED_LIMIT_USAGE|Jobs in queue: 0 out of 50
12:19:44.56 (2056318072)|CODE_UNIT_FINISHED|Flow:OrderItem
12:19:44.56 (2057548201)|CODE_UNIT_STARTED|[EXTERNAL]|Flow:OrderItem
12:19:44.56 (2057567940)|CODE_UNIT_FINISHED|Flow:OrderItem
12:19:44.56 (2135440911)|DML_END|[623]
12:19:44.56 (2135940105)|HEAP_ALLOCATE|[EXTERNAL]|Bytes:16
12:19:44.56 (2135967625)|STATEMENT_EXECUTE|[624]
12:19:44.56 (2135991442)|SYSTEM_METHOD_ENTRY|[624]|List<OrderItem>.size()
12:19:44.56 (2136025987)|SYSTEM_METHOD_EXIT|[624]|List<OrderItem>.size()
12:19:44.56 (2136032710)|HEAP_ALLOCATE|[624]|Bytes:4
12:19:44.56 (2136048945)|METHOD_EXIT|[764]|01pWC000002W5rR|MaintenanceOrderDecompositionService.seedFromWork(MaintenanceOrderDecompositionService.OrderMaintenanceWork)
12:19:44.56 (2136053261)|STATEMENT_EXECUTE|[765]
12:19:44.56 (2136057931)|SYSTEM_MODE_EXIT|false
12:19:44.56 (2136066973)|METHOD_EXIT|[37]|01pWC000002W5rR|MaintenanceOrderDecompositionService.prepareForReprice(Id)
12:19:44.56 (2136073007)|VARIABLE_SCOPE_BEGIN|[36]|work|MaintenanceOrderDecompositionService.OrderMaintenanceWork|true|false
12:19:44.56 (2136233463)|VARIABLE_ASSIGNMENT|[36]|work|{"allOrderItems":"0x2bdcd299","derivedPbeIds":"0x691650f7","isNewBusiness":true,"orderId":"801WC00000knHDLYA2","orderRecord":"0x7aa70893","placeById":"0x4e347feb","qliById":"0x5e9c4893","tierByQliId":"0x39f36cd8"}|0x718f8749
12:19:44.56 (2136239354)|STATEMENT_EXECUTE|[38]
12:19:44.56 (2136256580)|METHOD_ENTRY|[38]|01pWC000002W5rR|MaintenanceOrderDecompositionService.persistFromWork(MaintenanceOrderDecompositionService.OrderMaintenanceWork)
12:19:44.56 (2136271569)|VARIABLE_SCOPE_BEGIN|[637]|work|MaintenanceOrderDecompositionService.OrderMaintenanceWork|true|false
12:19:44.56 (2136307715)|VARIABLE_ASSIGNMENT|[637]|work|{"allOrderItems":"0x2bdcd299","derivedPbeIds":"0x691650f7","isNewBusiness":true,"orderId":"801WC00000knHDLYA2","orderRecord":"0x7aa70893","placeById":"0x4e347feb","qliById":"0x5e9c4893","tierByQliId":"0x39f36cd8"}|0x718f8749
12:19:44.56 (2136321235)|SYSTEM_MODE_ENTER|false
12:19:44.56 (2136332502)|HEAP_ALLOCATE|[638]|Bytes:5
12:19:44.56 (2136335249)|STATEMENT_EXECUTE|[637]
12:19:44.56 (2136336216)|STATEMENT_EXECUTE|[638]
12:19:44.56 (2136343020)|METHOD_ENTRY|[638]|01pWC000002W5rR|MaintenanceOrderDecompositionService.buildCommercialPatchesFromWork(MaintenanceOrderDecompositionService.OrderMaintenanceWork)
12:19:44.56 (2136391549)|VARIABLE_SCOPE_BEGIN|[496]|work|MaintenanceOrderDecompositionService.OrderMaintenanceWork|true|false
12:19:44.56 (2136424074)|VARIABLE_ASSIGNMENT|[496]|work|{"allOrderItems":"0x2bdcd299","derivedPbeIds":"0x691650f7","isNewBusiness":true,"orderId":"801WC00000knHDLYA2","orderRecord":"0x7aa70893","placeById":"0x4e347feb","qliById":"0x5e9c4893","tierByQliId":"0x39f36cd8"}|0x718f8749
12:19:44.56 (2136432759)|HEAP_ALLOCATE|[497]|Bytes:5
12:19:44.56 (2136447553)|STATEMENT_EXECUTE|[496]
12:19:44.56 (2136449137)|STATEMENT_EXECUTE|[497]
12:19:44.56 (2136460110)|HEAP_ALLOCATE|[497]|Bytes:4
12:19:44.56 (2136494187)|VARIABLE_SCOPE_BEGIN|[497]|patches|Map<Id,OrderItem>|true|false
12:19:44.56 (2136507770)|VARIABLE_ASSIGNMENT|[497]|patches|{}|0x6877f40e
12:19:44.56 (2136521108)|SYSTEM_METHOD_ENTRY|[499]|List<OrderItem>.isEmpty()
12:19:44.56 (2136530888)|SYSTEM_METHOD_EXIT|[499]|List<OrderItem>.isEmpty()
12:19:44.56 (2136534902)|STATEMENT_EXECUTE|[499]
12:19:44.56 (2136535805)|STATEMENT_EXECUTE|[503]
12:19:44.56 (2136540942)|METHOD_ENTRY|[503]|01pWC000002W5rR|MaintenanceOrderDecompositionService.buildPatchesFromWork(MaintenanceOrderDecompositionService.OrderMaintenanceWork)
12:19:44.56 (2136546483)|VARIABLE_SCOPE_BEGIN|[271]|work|MaintenanceOrderDecompositionService.OrderMaintenanceWork|true|false
12:19:44.56 (2136579193)|VARIABLE_ASSIGNMENT|[271]|work|{"allOrderItems":"0x2bdcd299","derivedPbeIds":"0x691650f7","isNewBusiness":true,"orderId":"801WC00000knHDLYA2","orderRecord":"0x7aa70893","placeById":"0x4e347feb","qliById":"0x5e9c4893","tierByQliId":"0x39f36cd8"}|0x718f8749
12:19:44.56 (2136586081)|HEAP_ALLOCATE|[272]|Bytes:5
12:19:44.56 (2136588739)|STATEMENT_EXECUTE|[271]
12:19:44.56 (2136589654)|STATEMENT_EXECUTE|[272]
12:19:44.56 (2136593559)|HEAP_ALLOCATE|[272]|Bytes:4
12:19:44.56 (2136596946)|VARIABLE_SCOPE_BEGIN|[272]|patches|Map<Id,OrderItem>|true|false
12:19:44.56 (2136602313)|VARIABLE_ASSIGNMENT|[272]|patches|{}|0x4f032acd
12:19:44.56 (2136608711)|SYSTEM_METHOD_ENTRY|[274]|List<OrderItem>.isEmpty()
12:19:44.56 (2136613241)|SYSTEM_METHOD_EXIT|[274]|List<OrderItem>.isEmpty()
12:19:44.56 (2136615891)|STATEMENT_EXECUTE|[274]
12:19:44.56 (2136619933)|SYSTEM_METHOD_ENTRY|[278]|List<OrderItem>.iterator()
12:19:44.56 (2136626163)|SYSTEM_METHOD_EXIT|[278]|List<OrderItem>.iterator()
12:19:44.56 (2136635493)|SYSTEM_METHOD_ENTRY|[278]|system.ListIterator.hasNext()
12:19:44.56 (2136639676)|HEAP_ALLOCATE|[278]|Bytes:5
12:19:44.56 (2136643693)|SYSTEM_METHOD_EXIT|[278]|system.ListIterator.hasNext()
12:19:44.56 (2136654322)|HEAP_ALLOCATE|[278]|Bytes:24
12:19:44.56 (2136660217)|VARIABLE_SCOPE_BEGIN|[278]|oi|OrderItem|true|false
12:19:44.56 (2136783033)|VARIABLE_ASSIGNMENT|[278]|oi|{"Quantity":1.00,"QuoteLineItemId":"0QLWC000003ehSj4AI","Id":"802WC00000OpopoYAB","OrderId":"801WC00000knHDLYA2","PricebookEntryId":"01uWC000005wrrDYAQ"}|0xe32949e
12:19:44.56 (2136787927)|STATEMENT_EXECUTE|[278]
12:19:44.56 (2136797767)|STATEMENT_EXECUTE|[279]
12:19:44.56 (2136798805)|STATEMENT_EXECUTE|[283]
12:19:44.56 (2136822128)|SYSTEM_METHOD_ENTRY|[283]|Map<Id,QuoteLineItem>.get(Object)
12:19:44.56 (2136834735)|SYSTEM_METHOD_EXIT|[283]|Map<Id,QuoteLineItem>.get(Object)
12:19:44.56 (2136837654)|VARIABLE_SCOPE_BEGIN|[283]|qli|QuoteLineItem|true|false
12:19:44.56 (2136995681)|VARIABLE_ASSIGNMENT|[283]|qli|{"Quote":{"Ship_To_Place__c":"a0lWC000004cO79YAE","Id":"0Q0WC0000039Vm10AE"},"NetUnitPrice":77080.00,"Fortra_Product_Type__c":"Subscription","UnitPrice":77080.00,"Product2Id":"01tWC00000DD11JYAT","QuoteId":"0Q0WC0000039Vm10AE","Product2":{"Fortra_Product_Type__c":"Subscription","Id":"01tWC00000DD11JYAT"},"PricebookEntryId":"01uWC000005wrrDYAQ","Id":"0QLWC000003ehSj4AI","PartnerUnitPrice":77080.00}|0x23eeea99
12:19:44.56 (2137007369)|STATEMENT_EXECUTE|[284]
12:19:44.56 (2137009204)|STATEMENT_EXECUTE|[285]
12:19:44.56 (2137043919)|SYSTEM_METHOD_ENTRY|[278]|system.ListIterator.hasNext()
12:19:44.56 (2137049482)|HEAP_ALLOCATE|[278]|Bytes:5
12:19:44.56 (2137053278)|SYSTEM_METHOD_EXIT|[278]|system.ListIterator.hasNext()
12:19:44.56 (2137059393)|HEAP_ALLOCATE|[278]|Bytes:24
12:19:44.56 (2137062648)|VARIABLE_SCOPE_BEGIN|[278]|oi|OrderItem|true|false
12:19:44.56 (2137092851)|VARIABLE_ASSIGNMENT|[278]|oi|{"Quantity":1.00,"QuoteLineItemId":"0QLWC000003ehR74AI","Id":"802WC00000OpoppYAB","OrderId":"801WC00000knHDLYA2","PricebookEntryId":"01uWC000005ws8MYAQ"}|0x4efd1ba5
12:19:44.56 (2137096452)|STATEMENT_EXECUTE|[278]
12:19:44.56 (2137100135)|STATEMENT_EXECUTE|[279]
12:19:44.56 (2137101106)|STATEMENT_EXECUTE|[283]
12:19:44.56 (2137108302)|SYSTEM_METHOD_ENTRY|[283]|Map<Id,QuoteLineItem>.get(Object)
12:19:44.56 (2137113689)|SYSTEM_METHOD_EXIT|[283]|Map<Id,QuoteLineItem>.get(Object)
12:19:44.56 (2137115821)|VARIABLE_SCOPE_BEGIN|[283]|qli|QuoteLineItem|true|false
12:19:44.56 (2137172193)|VARIABLE_ASSIGNMENT|[283]|qli|{"Quote":{"Ship_To_Place__c":"a0lWC000004cO79YAE","Id":"0Q0WC0000039Vm10AE"},"NetUnitPrice":301.75,"Fortra_Product_Type__c":"Perpetual","UnitPrice":301.75,"Product2Id":"01tWC00000DD1btYAD","QuoteId":"0Q0WC0000039Vm10AE","Product2":{"Fortra_Product_Type__c":"Perpetual","Id":"01tWC00000DD1btYAD"},"PricebookEntryId":"01uWC000005ws8MYAQ","Id":"0QLWC000003ehR74AI","PartnerUnitPrice":301.75}|0x4405ab3d
12:19:44.56 (2137179614)|STATEMENT_EXECUTE|[284]
12:19:44.56 (2137180468)|STATEMENT_EXECUTE|[285]
12:19:44.56 (2137182636)|SYSTEM_METHOD_ENTRY|[278]|system.ListIterator.hasNext()
12:19:44.56 (2137185614)|HEAP_ALLOCATE|[278]|Bytes:5
12:19:44.56 (2137188296)|SYSTEM_METHOD_EXIT|[278]|system.ListIterator.hasNext()
12:19:44.56 (2137191515)|HEAP_ALLOCATE|[278]|Bytes:28
12:19:44.56 (2137194426)|VARIABLE_SCOPE_BEGIN|[278]|oi|OrderItem|true|false
12:19:44.56 (2137220696)|VARIABLE_ASSIGNMENT|[278]|oi|{"Quantity":0.00,"QuoteLineItemId":"0QLWC000003ehR84AI","Id":"802WC00000OpopqYAB","OrderId":"801WC00000knHDLYA2","PricebookEntryId":"01uWC000005wsbUYAQ","Source_List_Price__c":355.00}|0x2a146c02
12:19:44.56 (2137224214)|STATEMENT_EXECUTE|[278]
12:19:44.56 (2137227064)|STATEMENT_EXECUTE|[279]
12:19:44.56 (2137227877)|STATEMENT_EXECUTE|[283]
12:19:44.56 (2137232295)|SYSTEM_METHOD_ENTRY|[283]|Map<Id,QuoteLineItem>.get(Object)
12:19:44.56 (2137236374)|SYSTEM_METHOD_EXIT|[283]|Map<Id,QuoteLineItem>.get(Object)
12:19:44.56 (2137238235)|VARIABLE_SCOPE_BEGIN|[283]|qli|QuoteLineItem|true|false
12:19:44.56 (2137282343)|VARIABLE_ASSIGNMENT|[283]|qli|{"Quote":{"Ship_To_Place__c":"a0lWC000004cO79YAE","Id":"0Q0WC0000039Vm10AE"},"Fortra_Product_Type__c":"New Maintenance","Product2Id":"01tWC00000DD1bsYAD","QuoteId":"0Q0WC0000039Vm10AE","Product2":{"Fortra_Product_Type__c":"New Maintenance","Id":"01tWC00000DD1bsYAD"},"PricebookEntryId":"01uWC000005wsbUYAQ","Source_List_Price__c":355.00,"Id":"0QLWC000003ehR84AI","Base_Price__c":355.00}|0x5a33c0a1
12:19:44.56 (2137307235)|STATEMENT_EXECUTE|[284]
12:19:44.56 (2137318328)|METHOD_ENTRY|[287]|01pWC000002W5rR|MaintenanceOrderDecompositionService.isDerivedMaintenanceLine(MaintenanceOrderDecompositionService.OrderMaintenanceWork, QuoteLineItem, OrderItem)
12:19:44.56 (2137329883)|VARIABLE_SCOPE_BEGIN|[455]|work|MaintenanceOrderDecompositionService.OrderMaintenanceWork|true|false
12:19:44.56 (2137535424)|VARIABLE_ASSIGNMENT|[455]|work|{"allOrderItems":"0x2bdcd299","derivedPbeIds":"0x691650f7","isNewBusiness":true,"orderId":"801WC00000knHDLYA2","orderRecord":"0x7aa70893","placeById":"0x4e347feb","qliById":"0x5e9c4893","tierByQliId":"0x39f36cd8"}|0x718f8749
12:19:44.56 (2137541617)|VARIABLE_SCOPE_BEGIN|[455]|qli|QuoteLineItem|true|false
12:19:44.56 (2137589011)|VARIABLE_ASSIGNMENT|[455]|qli|{"Quote":{"Ship_To_Place__c":"a0lWC000004cO79YAE","Id":"0Q0WC0000039Vm10AE"},"Fortra_Product_Type__c":"New Maintenance","Product2Id":"01tWC00000DD1bsYAD","QuoteId":"0Q0WC0000039Vm10AE","Product2":{"Fortra_Product_Type__c":"New Maintenance","Id":"01tWC00000DD1bsYAD"},"PricebookEntryId":"01uWC000005wsbUYAQ","Source_List_Price__c":355.00,"Id":"0QLWC000003ehR84AI","Base_Price__c":355.00}|0x5a33c0a1
12:19:44.56 (2137594687)|VARIABLE_SCOPE_BEGIN|[455]|oi|OrderItem|true|false
12:19:44.56 (2137616570)|VARIABLE_ASSIGNMENT|[455]|oi|{"Quantity":0.00,"QuoteLineItemId":"0QLWC000003ehR84AI","Id":"802WC00000OpopqYAB","OrderId":"801WC00000knHDLYA2","PricebookEntryId":"01uWC000005wsbUYAQ","Source_List_Price__c":355.00}|0x2a146c02
12:19:44.56 (2137624856)|HEAP_ALLOCATE|[460]|Bytes:5
12:19:44.56 (2137627569)|STATEMENT_EXECUTE|[459]
12:19:44.56 (2137628518)|STATEMENT_EXECUTE|[460]
12:19:44.56 (2137641829)|VARIABLE_SCOPE_BEGIN|[460]|pbeId|Id|false|false
12:19:44.56 (2137668469)|VARIABLE_ASSIGNMENT|[460]|pbeId|"01uWC000005wsbUYAQ"
12:19:44.56 (2137683684)|SYSTEM_METHOD_ENTRY|[461]|Set<Id>.contains(Object)
12:19:44.56 (2137694046)|SYSTEM_METHOD_EXIT|[461]|Set<Id>.contains(Object)
12:19:44.56 (2137697762)|STATEMENT_EXECUTE|[461]
12:19:44.56 (2137698631)|STATEMENT_EXECUTE|[462]
12:19:44.56 (2137700833)|HEAP_ALLOCATE|[462]|Bytes:5
12:19:44.56 (2137707865)|METHOD_EXIT|[287]|01pWC000002W5rR|MaintenanceOrderDecompositionService.isDerivedMaintenanceLine(MaintenanceOrderDecompositionService.OrderMaintenanceWork, QuoteLineItem, OrderItem)
12:19:44.56 (2137711688)|STATEMENT_EXECUTE|[287]
12:19:44.56 (2137712711)|STATEMENT_EXECUTE|[291]
12:19:44.56 (2137725705)|METHOD_ENTRY|[296]|01pWC000002W5rR|MaintenanceOrderDecompositionService.resolveTierForLine(MaintenanceOrderDecompositionService.OrderMaintenanceWork, QuoteLineItem)
12:19:44.56 (2137732686)|VARIABLE_SCOPE_BEGIN|[400]|work|MaintenanceOrderDecompositionService.OrderMaintenanceWork|true|false
12:19:44.56 (2137768785)|VARIABLE_ASSIGNMENT|[400]|work|{"allOrderItems":"0x2bdcd299","derivedPbeIds":"0x691650f7","isNewBusiness":true,"orderId":"801WC00000knHDLYA2","orderRecord":"0x7aa70893","placeById":"0x4e347feb","qliById":"0x5e9c4893","tierByQliId":"0x39f36cd8"}|0x718f8749
12:19:44.56 (2137773092)|VARIABLE_SCOPE_BEGIN|[400]|qli|QuoteLineItem|true|false
12:19:44.56 (2137817291)|VARIABLE_ASSIGNMENT|[400]|qli|{"Quote":{"Ship_To_Place__c":"a0lWC000004cO79YAE","Id":"0Q0WC0000039Vm10AE"},"Fortra_Product_Type__c":"New Maintenance","Product2Id":"01tWC00000DD1bsYAD","QuoteId":"0Q0WC0000039Vm10AE","Product2":{"Fortra_Product_Type__c":"New Maintenance","Id":"01tWC00000DD1bsYAD"},"PricebookEntryId":"01uWC000005wsbUYAQ","Source_List_Price__c":355.00,"Id":"0QLWC000003ehR84AI","Base_Price__c":355.00}|0x5a33c0a1
12:19:44.56 (2137825715)|HEAP_ALLOCATE|[401]|Bytes:5
12:19:44.56 (2137827864)|STATEMENT_EXECUTE|[400]
12:19:44.56 (2137842277)|SYSTEM_METHOD_ENTRY|[401]|Map<Id,String>.containsKey(Object)
12:19:44.56 (2137851324)|SYSTEM_METHOD_EXIT|[401]|Map<Id,String>.containsKey(Object)
12:19:44.56 (2137854315)|STATEMENT_EXECUTE|[401]
12:19:44.56 (2137855093)|STATEMENT_EXECUTE|[402]
12:19:44.56 (2137859910)|SYSTEM_METHOD_ENTRY|[402]|Map<Id,String>.get(Object)
12:19:44.56 (2137865900)|SYSTEM_METHOD_EXIT|[402]|Map<Id,String>.get(Object)
12:19:44.56 (2137871134)|METHOD_EXIT|[296]|01pWC000002W5rR|MaintenanceOrderDecompositionService.resolveTierForLine(MaintenanceOrderDecompositionService.OrderMaintenanceWork, QuoteLineItem)
12:19:44.56 (2137880510)|METHOD_ENTRY|[291]|01pWC000002W5rR|MaintenanceOrderDecompositionService.compute(Decimal, Decimal, Decimal, Decimal, String)
12:19:44.56 (2138105003)|VARIABLE_SCOPE_BEGIN|[853]|sourceBase|Decimal|false|false
12:19:44.56 (2138114889)|VARIABLE_ASSIGNMENT|[853]|sourceBase|355.00
12:19:44.56 (2138117165)|VARIABLE_SCOPE_BEGIN|[853]|unitPrice|Decimal|false|false
12:19:44.56 (2138121428)|VARIABLE_ASSIGNMENT|[853]|unitPrice|null
12:19:44.56 (2138123719)|VARIABLE_SCOPE_BEGIN|[853]|partnerUnitPrice|Decimal|false|false
12:19:44.56 (2138127408)|VARIABLE_ASSIGNMENT|[853]|partnerUnitPrice|null
12:19:44.56 (2138129498)|VARIABLE_SCOPE_BEGIN|[853]|netUnitPrice|Decimal|false|false
12:19:44.56 (2138133452)|VARIABLE_ASSIGNMENT|[853]|netUnitPrice|null
12:19:44.56 (2138135806)|VARIABLE_SCOPE_BEGIN|[853]|tierAttributeValue|String|false|false
12:19:44.56 (2138140545)|VARIABLE_ASSIGNMENT|[853]|tierAttributeValue|"Standard"
12:19:44.56 (2138146673)|HEAP_ALLOCATE|[860]|Bytes:5
12:19:44.56 (2138149089)|STATEMENT_EXECUTE|[859]
12:19:44.56 (2138149831)|STATEMENT_EXECUTE|[860]
12:19:44.56 (2138165222)|HEAP_ALLOCATE|[860]|Bytes:16
12:19:44.56 (2138182253)|CONSTRUCTOR_ENTRY|[860]|01pWC000002W5rR|<init>()|MaintenanceOrderDecompositionService.Decomposition
12:19:44.56 (2138203400)|VARIABLE_SCOPE_BEGIN|[15]|this|MaintenanceOrderDecompositionService.Decomposition|true|false
12:19:44.56 (2138232707)|VARIABLE_ASSIGNMENT|[15]|this|{}|0x618fdb25
12:19:44.56 (2138250486)|STATEMENT_EXECUTE|[15]
12:19:44.56 (2138251335)|STATEMENT_EXECUTE|[16]
12:19:44.56 (2138252228)|STATEMENT_EXECUTE|[17]
12:19:44.56 (2138253067)|STATEMENT_EXECUTE|[18]
12:19:44.56 (2138256125)|CONSTRUCTOR_EXIT|[860]|01pWC000002W5rR|<init>()|MaintenanceOrderDecompositionService.Decomposition
12:19:44.56 (2138262665)|VARIABLE_SCOPE_BEGIN|[860]|result|MaintenanceOrderDecompositionService.Decomposition|true|false
12:19:44.56 (2138270280)|VARIABLE_ASSIGNMENT|[860]|result|{}|0x618fdb25
12:19:44.56 (2138272947)|STATEMENT_EXECUTE|[861]
12:19:44.56 (2138286734)|HEAP_ALLOCATE|[861]|Bytes:28
12:19:44.56 (2138288728)|HEAP_ALLOCATE|[861]|Bytes:28
12:19:44.56 (2138298122)|VARIABLE_ASSIGNMENT|[861]|this.partnerDiscount|0|0x618fdb25
12:19:44.56 (2138300865)|STATEMENT_EXECUTE|[862]
12:19:44.56 (2138303425)|HEAP_ALLOCATE|[862]|Bytes:28
12:19:44.56 (2138305044)|HEAP_ALLOCATE|[862]|Bytes:28
12:19:44.56 (2138308752)|VARIABLE_ASSIGNMENT|[862]|this.discretionaryDiscount|0|0x618fdb25
12:19:44.56 (2138312796)|HEAP_ALLOCATE|[864]|Bytes:28
12:19:44.56 (2138314372)|HEAP_ALLOCATE|[864]|Bytes:28
12:19:44.56 (2138329064)|SYSTEM_METHOD_ENTRY|[864]|Decimal.compareTo(Decimal)
12:19:44.56 (2138344694)|SYSTEM_METHOD_EXIT|[864]|Decimal.compareTo(Decimal)
12:19:44.56 (2138349203)|STATEMENT_EXECUTE|[864]
12:19:44.56 (2138350440)|STATEMENT_EXECUTE|[868]
12:19:44.56 (2138355960)|METHOD_ENTRY|[868]|01pWC000002W5rR|MaintenanceOrderDecompositionService.resolveTierRate(String)
12:19:44.56 (2138361147)|VARIABLE_SCOPE_BEGIN|[841]|attributeValue|String|false|false
12:19:44.56 (2138365903)|VARIABLE_ASSIGNMENT|[841]|attributeValue|"Standard"
12:19:44.56 (2138370330)|HEAP_ALLOCATE|[842]|Bytes:5
12:19:44.56 (2138372408)|STATEMENT_EXECUTE|[841]
12:19:44.56 (2138373333)|STATEMENT_EXECUTE|[842]
12:19:44.56 (2138377036)|METHOD_ENTRY|[842]|01pWC000002W5rR|MaintenanceOrderDecompositionService.normalizeTierValue(String)
12:19:44.56 (2138381495)|VARIABLE_SCOPE_BEGIN|[819]|attributeValue|String|false|false
12:19:44.56 (2138385371)|VARIABLE_ASSIGNMENT|[819]|attributeValue|"Standard"
12:19:44.56 (2138388776)|HEAP_ALLOCATE|[820]|Bytes:5
12:19:44.56 (2138390931)|STATEMENT_EXECUTE|[819]
12:19:44.56 (2138396351)|SYSTEM_METHOD_ENTRY|[820]|String.isBlank(String)
12:19:44.56 (2138400547)|SYSTEM_METHOD_EXIT|[820]|String.isBlank(String)
12:19:44.56 (2138402771)|STATEMENT_EXECUTE|[820]
12:19:44.56 (2138403658)|STATEMENT_EXECUTE|[824]
12:19:44.56 (2138407159)|SYSTEM_METHOD_ENTRY|[824]|String.trim()
12:19:44.56 (2138410735)|HEAP_ALLOCATE|[824]|Bytes:8
12:19:44.56 (2138413852)|SYSTEM_METHOD_EXIT|[824]|String.trim()
12:19:44.56 (2138415862)|VARIABLE_SCOPE_BEGIN|[824]|normalized|String|false|false
12:19:44.56 (2138420475)|VARIABLE_ASSIGNMENT|[824]|normalized|"Standard"
12:19:44.56 (2138426536)|SYSTEM_METHOD_ENTRY|[825]|String.equalsIgnoreCase(String)
12:19:44.56 (2138431107)|SYSTEM_METHOD_EXIT|[825]|String.equalsIgnoreCase(String)
12:19:44.56 (2138433040)|STATEMENT_EXECUTE|[825]
12:19:44.56 (2138436686)|SYSTEM_METHOD_ENTRY|[828]|String.equalsIgnoreCase(String)
12:19:44.56 (2138439800)|SYSTEM_METHOD_EXIT|[828]|String.equalsIgnoreCase(String)
12:19:44.56 (2138441780)|STATEMENT_EXECUTE|[828]
12:19:44.56 (2138442541)|STATEMENT_EXECUTE|[829]
12:19:44.56 (2138446089)|METHOD_EXIT|[842]|01pWC000002W5rR|MaintenanceOrderDecompositionService.normalizeTierValue(String)
12:19:44.56 (2138448560)|VARIABLE_SCOPE_BEGIN|[842]|tierValue|String|false|false
12:19:44.56 (2138452697)|VARIABLE_ASSIGNMENT|[842]|tierValue|"Standard"
12:19:44.56 (2138468718)|STATEMENT_EXECUTE|[843]
12:19:44.56 (2138471974)|STATEMENT_EXECUTE|[846]
12:19:44.56 (2138472842)|STATEMENT_EXECUTE|[847]
12:19:44.56 (2138474522)|HEAP_ALLOCATE|[847]|Bytes:4
12:19:44.56 (2138481900)|HEAP_ALLOCATE|[847]|Bytes:28
12:19:44.56 (2138485092)|METHOD_EXIT|[868]|01pWC000002W5rR|MaintenanceOrderDecompositionService.resolveTierRate(String)
12:19:44.56 (2138487555)|VARIABLE_SCOPE_BEGIN|[868]|tierRate|Decimal|false|false
12:19:44.56 (2138492384)|VARIABLE_ASSIGNMENT|[868]|tierRate|0.20
12:19:44.56 (2138494547)|STATEMENT_EXECUTE|[869]
12:19:44.56 (2138499525)|SYSTEM_METHOD_ENTRY|[869]|Decimal.multiply(Decimal)
12:19:44.56 (2138510541)|HEAP_ALLOCATE|[869]|Bytes:28
12:19:44.56 (2138514306)|SYSTEM_METHOD_EXIT|[869]|Decimal.multiply(Decimal)
12:19:44.56 (2138584077)|SYSTEM_METHOD_ENTRY|[869]|Decimal.setScale(Integer, System.RoundingMode)
12:19:44.56 (2138612997)|HEAP_ALLOCATE|[869]|Bytes:28
12:19:44.56 (2138617482)|SYSTEM_METHOD_EXIT|[869]|Decimal.setScale(Integer, System.RoundingMode)
12:19:44.56 (2138622560)|VARIABLE_ASSIGNMENT|[869]|this.maintenanceBase|71.00|0x618fdb25
12:19:44.56 (2138628250)|HEAP_ALLOCATE|[871]|Bytes:28
12:19:44.56 (2138630020)|HEAP_ALLOCATE|[871]|Bytes:28
12:19:44.56 (2138634307)|SYSTEM_METHOD_ENTRY|[871]|Decimal.compareTo(Decimal)
12:19:44.56 (2138640722)|SYSTEM_METHOD_EXIT|[871]|Decimal.compareTo(Decimal)
12:19:44.56 (2138643403)|STATEMENT_EXECUTE|[871]
12:19:44.56 (2138644298)|STATEMENT_EXECUTE|[875]
12:19:44.56 (2138650374)|METHOD_ENTRY|[875]|01pWC000002W5rR|MaintenanceOrderDecompositionService.resolveNetPrice(Decimal, Decimal, Decimal)
12:19:44.56 (2138661217)|VARIABLE_SCOPE_BEGIN|[895]|unitPrice|Decimal|false|false
12:19:44.56 (2138665252)|VARIABLE_ASSIGNMENT|[895]|unitPrice|null
12:19:44.56 (2138667402)|VARIABLE_SCOPE_BEGIN|[895]|netUnitPrice|Decimal|false|false
12:19:44.56 (2138671084)|VARIABLE_ASSIGNMENT|[895]|netUnitPrice|null
12:19:44.56 (2138673177)|VARIABLE_SCOPE_BEGIN|[895]|maintenanceBase|Decimal|false|false
12:19:44.56 (2138676879)|VARIABLE_ASSIGNMENT|[895]|maintenanceBase|71.00
12:19:44.56 (2138680974)|HEAP_ALLOCATE|[896]|Bytes:5
12:19:44.56 (2138682924)|STATEMENT_EXECUTE|[895]
12:19:44.56 (2138684920)|STATEMENT_EXECUTE|[896]
12:19:44.56 (2138686171)|STATEMENT_EXECUTE|[899]
12:19:44.56 (2138687036)|STATEMENT_EXECUTE|[902]
12:19:44.56 (2138689637)|METHOD_EXIT|[875]|01pWC000002W5rR|MaintenanceOrderDecompositionService.resolveNetPrice(Decimal, Decimal, Decimal)
12:19:44.56 (2138692049)|VARIABLE_SCOPE_BEGIN|[875]|netPrice|Decimal|false|false
12:19:44.56 (2138696063)|VARIABLE_ASSIGNMENT|[875]|netPrice|71.00
12:19:44.56 (2138698333)|STATEMENT_EXECUTE|[876]
12:19:44.56 (2138700569)|VARIABLE_SCOPE_BEGIN|[876]|afterPartnerPrice|Decimal|false|false
12:19:44.56 (2138704441)|VARIABLE_ASSIGNMENT|[876]|afterPartnerPrice|71.00
12:19:44.56 (2138710194)|SYSTEM_METHOD_ENTRY|[880]|Decimal.compareTo(Decimal)
12:19:44.56 (2138715698)|SYSTEM_METHOD_EXIT|[880]|Decimal.compareTo(Decimal)
12:19:44.56 (2138717859)|STATEMENT_EXECUTE|[880]
12:19:44.56 (2138718769)|STATEMENT_EXECUTE|[885]
12:19:44.56 (2138721724)|HEAP_ALLOCATE|[885]|Bytes:28
12:19:44.56 (2138723562)|HEAP_ALLOCATE|[885]|Bytes:28
12:19:44.56 (2138727457)|SYSTEM_METHOD_ENTRY|[885]|Decimal.compareTo(Decimal)
12:19:44.56 (2138733302)|SYSTEM_METHOD_EXIT|[885]|Decimal.compareTo(Decimal)
12:19:44.56 (2138736466)|VARIABLE_SCOPE_BEGIN|[885]|discretionaryBase|Decimal|false|false
12:19:44.56 (2138740417)|VARIABLE_ASSIGNMENT|[885]|discretionaryBase|71.00
12:19:44.56 (2138744791)|SYSTEM_METHOD_ENTRY|[886]|Decimal.compareTo(Decimal)
12:19:44.56 (2138749294)|SYSTEM_METHOD_EXIT|[886]|Decimal.compareTo(Decimal)
12:19:44.56 (2138751332)|STATEMENT_EXECUTE|[886]
12:19:44.56 (2138752184)|STATEMENT_EXECUTE|[891]
12:19:44.56 (2138755419)|METHOD_EXIT|[291]|01pWC000002W5rR|MaintenanceOrderDecompositionService.compute(Decimal, Decimal, Decimal, Decimal, String)
12:19:44.56 (2138758135)|VARIABLE_SCOPE_BEGIN|[291]|decomp|MaintenanceOrderDecompositionService.Decomposition|true|false
12:19:44.56 (2138770179)|VARIABLE_ASSIGNMENT|[291]|decomp|{"discretionaryDiscount":0,"maintenanceBase":71.00,"partnerDiscount":0}|0x618fdb25
12:19:44.56 (2138776112)|HEAP_ALLOCATE|[299]|Bytes:28
12:19:44.56 (2138777835)|HEAP_ALLOCATE|[299]|Bytes:28
12:19:44.56 (2138782154)|SYSTEM_METHOD_ENTRY|[299]|Decimal.compareTo(Decimal)
12:19:44.56 (2138787552)|SYSTEM_METHOD_EXIT|[299]|Decimal.compareTo(Decimal)
12:19:44.56 (2138790453)|STATEMENT_EXECUTE|[299]
12:19:44.56 (2138791283)|STATEMENT_EXECUTE|[303]
12:19:44.56 (2138798388)|METHOD_ENTRY|[303]|01pWC000002W5rR|MaintenanceOrderDecompositionService.resolveNetPrice(Decimal, Decimal, Decimal)
12:19:44.56 (2138802047)|VARIABLE_SCOPE_BEGIN|[895]|unitPrice|Decimal|false|false
12:19:44.56 (2138805863)|VARIABLE_ASSIGNMENT|[895]|unitPrice|null
12:19:44.56 (2138807694)|VARIABLE_SCOPE_BEGIN|[895]|netUnitPrice|Decimal|false|false
12:19:44.56 (2138811255)|VARIABLE_ASSIGNMENT|[895]|netUnitPrice|null
12:19:44.56 (2138813150)|VARIABLE_SCOPE_BEGIN|[895]|maintenanceBase|Decimal|false|false
12:19:44.56 (2138816753)|VARIABLE_ASSIGNMENT|[895]|maintenanceBase|71.00
12:19:44.56 (2138820253)|HEAP_ALLOCATE|[896]|Bytes:5
12:19:44.56 (2138821909)|STATEMENT_EXECUTE|[895]
12:19:44.56 (2138822899)|STATEMENT_EXECUTE|[896]
12:19:44.56 (2138823893)|STATEMENT_EXECUTE|[899]
12:19:44.56 (2138824629)|STATEMENT_EXECUTE|[902]
12:19:44.56 (2138826697)|METHOD_EXIT|[303]|01pWC000002W5rR|MaintenanceOrderDecompositionService.resolveNetPrice(Decimal, Decimal, Decimal)
12:19:44.56 (2138828875)|VARIABLE_SCOPE_BEGIN|[303]|commercialNet|Decimal|false|false
12:19:44.56 (2138833309)|VARIABLE_ASSIGNMENT|[303]|commercialNet|71.00
12:19:44.56 (2138835304)|STATEMENT_EXECUTE|[308]
12:19:44.56 (2138870203)|HEAP_ALLOCATE|[308]|Bytes:28
12:19:44.56 (2138874217)|HEAP_ALLOCATE|[308]|Bytes:28
12:19:44.56 (2138877809)|HEAP_ALLOCATE|[308]|Bytes:28
12:19:44.56 (2138879494)|HEAP_ALLOCATE|[308]|Bytes:28
12:19:44.56 (2138884425)|SYSTEM_METHOD_ENTRY|[308]|Decimal.compareTo(Decimal)
12:19:44.56 (2138890364)|SYSTEM_METHOD_EXIT|[308]|Decimal.compareTo(Decimal)
12:19:44.56 (2138894443)|HEAP_ALLOCATE|[308]|Bytes:28
12:19:44.56 (2138896271)|HEAP_ALLOCATE|[308]|Bytes:28
12:19:44.56 (2138898197)|VARIABLE_SCOPE_BEGIN|[308]|quantity|Decimal|false|false
12:19:44.56 (2138902842)|VARIABLE_ASSIGNMENT|[308]|quantity|1
12:19:44.56 (2138905211)|STATEMENT_EXECUTE|[310]
12:19:44.56 (2138931507)|HEAP_ALLOCATE|[310]|Bytes:4
12:19:44.56 (2138979362)|VARIABLE_ASSIGNMENT|[310]|this.Id|"802WC00000OpopqYAB"|0x933721e
12:19:44.56 (2138996881)|VARIABLE_ASSIGNMENT|[310]|this.Base_Price__c|71.00|0x933721e
12:19:44.56 (2139006587)|VARIABLE_ASSIGNMENT|[310]|this.Prior_Partner_Discount__c|0|0x933721e
12:19:44.56 (2139017336)|VARIABLE_ASSIGNMENT|[310]|this.Prior_Discretionary_Discount__c|0|0x933721e
12:19:44.56 (2139029204)|VARIABLE_ASSIGNMENT|[310]|this.UnitPrice|71.00|0x933721e
12:19:44.56 (2139041442)|VARIABLE_ASSIGNMENT|[310]|this.NetUnitPrice|71.00|0x933721e
12:19:44.56 (2139054372)|VARIABLE_ASSIGNMENT|[310]|this.PartnerUnitPrice|null|0x933721e
12:19:44.56 (2139061601)|SYSTEM_METHOD_ENTRY|[318]|Decimal.multiply(Decimal)
12:19:44.56 (2139068066)|HEAP_ALLOCATE|[318]|Bytes:28
12:19:44.56 (2139071954)|SYSTEM_METHOD_EXIT|[318]|Decimal.multiply(Decimal)
12:19:44.56 (2139079847)|SYSTEM_METHOD_ENTRY|[318]|Decimal.setScale(Integer, System.RoundingMode)
12:19:44.56 (2139086170)|HEAP_ALLOCATE|[318]|Bytes:28
12:19:44.56 (2139090067)|SYSTEM_METHOD_EXIT|[318]|Decimal.setScale(Integer, System.RoundingMode)
12:19:44.56 (2139103926)|VARIABLE_ASSIGNMENT|[310]|this.TotalLineAmount|71.00|0x933721e
12:19:44.56 (2139135995)|SYSTEM_METHOD_ENTRY|[310]|Map<Id,OrderItem>.put(Object, Object)
12:19:44.56 (2139146571)|HEAP_ALLOCATE|[EXTERNAL]|Bytes:-4
12:19:44.56 (2139152103)|SYSTEM_METHOD_EXIT|[310]|Map<Id,OrderItem>.put(Object, Object)
12:19:44.56 (2139157361)|SYSTEM_METHOD_ENTRY|[278]|system.ListIterator.hasNext()
12:19:44.56 (2139161251)|HEAP_ALLOCATE|[278]|Bytes:5
12:19:44.56 (2139164501)|SYSTEM_METHOD_EXIT|[278]|system.ListIterator.hasNext()
12:19:44.56 (2139169991)|VARIABLE_ASSIGNMENT|[278]|oi|null|
12:19:44.56 (2139173211)|STATEMENT_EXECUTE|[322]
12:19:44.56 (2139177886)|METHOD_EXIT|[503]|01pWC000002W5rR|MaintenanceOrderDecompositionService.buildPatchesFromWork(MaintenanceOrderDecompositionService.OrderMaintenanceWork)
12:19:44.56 (2139181291)|VARIABLE_SCOPE_BEGIN|[503]|decompositionPatches|Map<Id,OrderItem>|true|false
12:19:44.56 (2139197873)|VARIABLE_ASSIGNMENT|[503]|decompositionPatches|{"802WC00000OpopqYAB":{"Id":"802WC00000OpopqYAB","Base_Price__c":71.00,"Prior_Partner_Discount__c":0,"Prior_Discretionary_Discount__c":0,"UnitPrice":71.00,"NetUnitPrice":71.00,"TotalLineAmount":71.00}}|0x4f032acd
12:19:44.56 (2139208324)|SYSTEM_METHOD_ENTRY|[505]|List<OrderItem>.iterator()
12:19:44.56 (2139214954)|SYSTEM_METHOD_EXIT|[505]|List<OrderItem>.iterator()
12:19:44.56 (2139218305)|SYSTEM_METHOD_ENTRY|[505]|system.ListIterator.hasNext()
12:19:44.56 (2139220727)|HEAP_ALLOCATE|[505]|Bytes:5
12:19:44.56 (2139222945)|SYSTEM_METHOD_EXIT|[505]|system.ListIterator.hasNext()
12:19:44.56 (2139229673)|HEAP_ALLOCATE|[505]|Bytes:24
12:19:44.56 (2139233996)|VARIABLE_SCOPE_BEGIN|[505]|oi|OrderItem|true|false
12:19:44.56 (2139282456)|VARIABLE_ASSIGNMENT|[505]|oi|{"Quantity":1.00,"QuoteLineItemId":"0QLWC000003ehSj4AI","Id":"802WC00000OpopoYAB","OrderId":"801WC00000knHDLYA2","PricebookEntryId":"01uWC000005wrrDYAQ"}|0xe32949e
12:19:44.56 (2139286670)|STATEMENT_EXECUTE|[505]
12:19:44.56 (2139290279)|STATEMENT_EXECUTE|[506]
12:19:44.56 (2139291195)|STATEMENT_EXECUTE|[510]
12:19:44.56 (2139298776)|SYSTEM_METHOD_ENTRY|[510]|Map<Id,QuoteLineItem>.get(Object)
12:19:44.56 (2139307990)|SYSTEM_METHOD_EXIT|[510]|Map<Id,QuoteLineItem>.get(Object)
12:19:44.56 (2139310636)|VARIABLE_SCOPE_BEGIN|[510]|qli|QuoteLineItem|true|false
12:19:44.56 (2139423121)|VARIABLE_ASSIGNMENT|[510]|qli|{"Quote":{"Ship_To_Place__c":"a0lWC000004cO79YAE","Id":"0Q0WC0000039Vm10AE"},"NetUnitPrice":77080.00,"Fortra_Product_Type__c":"Subscription","UnitPrice":77080.00,"Product2Id":"01tWC00000DD11JYAT","QuoteId":"0Q0WC0000039Vm10AE","Product2":{"Fortra_Product_Type__c":"Subscription","Id":"01tWC00000DD11JYAT"},"PricebookEntryId":"01uWC000005wrrDYAQ","Id":"0QLWC000003ehSj4AI","PartnerUnitPrice":77080.00}|0x23eeea99
12:19:44.56 (2139430146)|STATEMENT_EXECUTE|[511]
12:19:44.56 (2139430964)|STATEMENT_EXECUTE|[515]
12:19:44.56 (2139437183)|SYSTEM_METHOD_ENTRY|[515]|Map<Id,OrderItem>.get(Object)
12:19:44.56 (2139443704)|SYSTEM_METHOD_EXIT|[515]|Map<Id,OrderItem>.get(Object)
12:19:44.56 (2139446160)|VARIABLE_SCOPE_BEGIN|[515]|decompPatch|OrderItem|true|false
12:19:44.56 (2139450176)|VARIABLE_ASSIGNMENT|[515]|decompPatch|null|
12:19:44.56 (2139452269)|STATEMENT_EXECUTE|[516]
12:19:44.56 (2139460204)|METHOD_ENTRY|[518]|01pWC000002W5rR|MaintenanceOrderDecompositionService.resolveCommercialUnitPrice(QuoteLineItem)
12:19:44.56 (2139469497)|VARIABLE_SCOPE_BEGIN|[554]|qli|QuoteLineItem|true|false
12:19:44.56 (2139515559)|VARIABLE_ASSIGNMENT|[554]|qli|{"Quote":{"Ship_To_Place__c":"a0lWC000004cO79YAE","Id":"0Q0WC0000039Vm10AE"},"NetUnitPrice":77080.00,"Fortra_Product_Type__c":"Subscription","UnitPrice":77080.00,"Product2Id":"01tWC00000DD11JYAT","QuoteId":"0Q0WC0000039Vm10AE","Product2":{"Fortra_Product_Type__c":"Subscription","Id":"01tWC00000DD11JYAT"},"PricebookEntryId":"01uWC000005wrrDYAQ","Id":"0QLWC000003ehSj4AI","PartnerUnitPrice":77080.00}|0x23eeea99
12:19:44.56 (2139525018)|HEAP_ALLOCATE|[555]|Bytes:5
12:19:44.56 (2139527570)|STATEMENT_EXECUTE|[554]
12:19:44.56 (2139528904)|STATEMENT_EXECUTE|[555]
12:19:44.56 (2139537955)|HEAP_ALLOCATE|[558]|Bytes:28
12:19:44.56 (2139539821)|HEAP_ALLOCATE|[558]|Bytes:28
12:19:44.56 (2139546139)|SYSTEM_METHOD_ENTRY|[558]|Decimal.compareTo(Decimal)
12:19:44.56 (2139553375)|SYSTEM_METHOD_EXIT|[558]|Decimal.compareTo(Decimal)
12:19:44.56 (2139556553)|STATEMENT_EXECUTE|[558]
12:19:44.56 (2139557321)|STATEMENT_EXECUTE|[559]
12:19:44.56 (2139562211)|METHOD_EXIT|[518]|01pWC000002W5rR|MaintenanceOrderDecompositionService.resolveCommercialUnitPrice(QuoteLineItem)
12:19:44.56 (2139564843)|VARIABLE_SCOPE_BEGIN|[516]|commercialNet|Decimal|false|false
12:19:44.56 (2139569431)|VARIABLE_ASSIGNMENT|[516]|commercialNet|77080.00
12:19:44.56 (2139573652)|HEAP_ALLOCATE|[519]|Bytes:28
12:19:44.56 (2139575369)|HEAP_ALLOCATE|[519]|Bytes:28
12:19:44.56 (2139579713)|SYSTEM_METHOD_ENTRY|[519]|Decimal.compareTo(Decimal)
12:19:44.56 (2139584993)|SYSTEM_METHOD_EXIT|[519]|Decimal.compareTo(Decimal)
12:19:44.56 (2139587844)|STATEMENT_EXECUTE|[519]
12:19:44.56 (2139588735)|STATEMENT_EXECUTE|[523]
12:19:44.56 (2139593916)|HEAP_ALLOCATE|[523]|Bytes:28
12:19:44.56 (2139595507)|HEAP_ALLOCATE|[523]|Bytes:28
12:19:44.56 (2139599425)|SYSTEM_METHOD_ENTRY|[523]|Decimal.compareTo(Decimal)
12:19:44.56 (2139604365)|SYSTEM_METHOD_EXIT|[523]|Decimal.compareTo(Decimal)
12:19:44.56 (2139608309)|VARIABLE_SCOPE_BEGIN|[523]|quantity|Decimal|false|false
12:19:44.56 (2139612806)|VARIABLE_ASSIGNMENT|[523]|quantity|1.00
12:19:44.56 (2139614852)|STATEMENT_EXECUTE|[524]
12:19:44.56 (2139618373)|SYSTEM_METHOD_ENTRY|[524]|Decimal.multiply(Decimal)
12:19:44.56 (2139622588)|HEAP_ALLOCATE|[524]|Bytes:28
12:19:44.56 (2139626029)|SYSTEM_METHOD_EXIT|[524]|Decimal.multiply(Decimal)
12:19:44.56 (2139633031)|SYSTEM_METHOD_ENTRY|[524]|Decimal.setScale(Integer, System.RoundingMode)
12:19:44.56 (2139639523)|HEAP_ALLOCATE|[524]|Bytes:28
12:19:44.56 (2139643318)|SYSTEM_METHOD_EXIT|[524]|Decimal.setScale(Integer, System.RoundingMode)
12:19:44.56 (2139645236)|VARIABLE_SCOPE_BEGIN|[524]|lineTotal|Decimal|false|false
12:19:44.56 (2139649576)|VARIABLE_ASSIGNMENT|[524]|lineTotal|77080.00
12:19:44.56 (2139651553)|STATEMENT_EXECUTE|[525]
12:19:44.56 (2139656093)|HEAP_ALLOCATE|[525]|Bytes:28
12:19:44.56 (2139657716)|HEAP_ALLOCATE|[525]|Bytes:28
12:19:44.56 (2139661563)|SYSTEM_METHOD_ENTRY|[525]|Decimal.compareTo(Decimal)
12:19:44.56 (2139666574)|SYSTEM_METHOD_EXIT|[525]|Decimal.compareTo(Decimal)
12:19:44.56 (2139670718)|VARIABLE_SCOPE_BEGIN|[525]|partnerUnit|Decimal|false|false
12:19:44.56 (2139674907)|VARIABLE_ASSIGNMENT|[525]|partnerUnit|77080.00
12:19:44.56 (2139676836)|STATEMENT_EXECUTE|[529]
12:19:44.56 (2139690114)|HEAP_ALLOCATE|[529]|Bytes:4
12:19:44.56 (2139710807)|VARIABLE_ASSIGNMENT|[529]|this.Id|"802WC00000OpopoYAB"|0x4db446b3
12:19:44.56 (2139722191)|VARIABLE_ASSIGNMENT|[529]|this.UnitPrice|77080.00|0x4db446b3
12:19:44.56 (2139732043)|VARIABLE_ASSIGNMENT|[529]|this.NetUnitPrice|77080.00|0x4db446b3
12:19:44.56 (2139740958)|VARIABLE_ASSIGNMENT|[529]|this.PartnerUnitPrice|77080.00|0x4db446b3
12:19:44.56 (2139750105)|VARIABLE_ASSIGNMENT|[529]|this.TotalLineAmount|77080.00|0x4db446b3
12:19:44.56 (2139764632)|SYSTEM_METHOD_ENTRY|[529]|Map<Id,OrderItem>.put(Object, Object)
12:19:44.56 (2139771232)|HEAP_ALLOCATE|[EXTERNAL]|Bytes:-4
12:19:44.56 (2139775396)|SYSTEM_METHOD_EXIT|[529]|Map<Id,OrderItem>.put(Object, Object)
12:19:44.56 (2139779207)|SYSTEM_METHOD_ENTRY|[505]|system.ListIterator.hasNext()
12:19:44.56 (2139782378)|HEAP_ALLOCATE|[505]|Bytes:5
12:19:44.56 (2139785016)|SYSTEM_METHOD_EXIT|[505]|system.ListIterator.hasNext()
12:19:44.56 (2139789257)|HEAP_ALLOCATE|[505]|Bytes:24
12:19:44.56 (2139792363)|VARIABLE_SCOPE_BEGIN|[505]|oi|OrderItem|true|false
12:19:44.56 (2139818305)|VARIABLE_ASSIGNMENT|[505]|oi|{"Quantity":1.00,"QuoteLineItemId":"0QLWC000003ehR74AI","Id":"802WC00000OpoppYAB","OrderId":"801WC00000knHDLYA2","PricebookEntryId":"01uWC000005ws8MYAQ"}|0x4efd1ba5
12:19:44.56 (2139822011)|STATEMENT_EXECUTE|[505]
12:19:44.56 (2139824903)|STATEMENT_EXECUTE|[506]
12:19:44.56 (2139825739)|STATEMENT_EXECUTE|[510]
12:19:44.56 (2139830681)|SYSTEM_METHOD_ENTRY|[510]|Map<Id,QuoteLineItem>.get(Object)
12:19:44.56 (2139835632)|SYSTEM_METHOD_EXIT|[510]|Map<Id,QuoteLineItem>.get(Object)
12:19:44.56 (2139838085)|VARIABLE_SCOPE_BEGIN|[510]|qli|QuoteLineItem|true|false
12:19:44.56 (2139891192)|VARIABLE_ASSIGNMENT|[510]|qli|{"Quote":{"Ship_To_Place__c":"a0lWC000004cO79YAE","Id":"0Q0WC0000039Vm10AE"},"NetUnitPrice":301.75,"Fortra_Product_Type__c":"Perpetual","UnitPrice":301.75,"Product2Id":"01tWC00000DD1btYAD","QuoteId":"0Q0WC0000039Vm10AE","Product2":{"Fortra_Product_Type__c":"Perpetual","Id":"01tWC00000DD1btYAD"},"PricebookEntryId":"01uWC000005ws8MYAQ","Id":"0QLWC000003ehR74AI","PartnerUnitPrice":301.75}|0x4405ab3d
12:19:44.56 (2139896763)|STATEMENT_EXECUTE|[511]
12:19:44.56 (2139897554)|STATEMENT_EXECUTE|[515]
12:19:44.56 (2139902227)|SYSTEM_METHOD_ENTRY|[515]|Map<Id,OrderItem>.get(Object)
12:19:44.56 (2139905996)|SYSTEM_METHOD_EXIT|[515]|Map<Id,OrderItem>.get(Object)
12:19:44.56 (2139908149)|VARIABLE_SCOPE_BEGIN|[515]|decompPatch|OrderItem|true|false
12:19:44.56 (2139912203)|VARIABLE_ASSIGNMENT|[515]|decompPatch|null|
12:19:44.56 (2139913990)|STATEMENT_EXECUTE|[516]
12:19:44.56 (2139917121)|METHOD_ENTRY|[518]|01pWC000002W5rR|MaintenanceOrderDecompositionService.resolveCommercialUnitPrice(QuoteLineItem)
12:19:44.56 (2139919631)|VARIABLE_SCOPE_BEGIN|[554]|qli|QuoteLineItem|true|false
12:19:44.56 (2139959686)|VARIABLE_ASSIGNMENT|[554]|qli|{"Quote":{"Ship_To_Place__c":"a0lWC000004cO79YAE","Id":"0Q0WC0000039Vm10AE"},"NetUnitPrice":301.75,"Fortra_Product_Type__c":"Perpetual","UnitPrice":301.75,"Product2Id":"01tWC00000DD1btYAD","QuoteId":"0Q0WC0000039Vm10AE","Product2":{"Fortra_Product_Type__c":"Perpetual","Id":"01tWC00000DD1btYAD"},"PricebookEntryId":"01uWC000005ws8MYAQ","Id":"0QLWC000003ehR74AI","PartnerUnitPrice":301.75}|0x4405ab3d
12:19:44.56 (2139966887)|HEAP_ALLOCATE|[555]|Bytes:5
12:19:44.56 (2139968709)|STATEMENT_EXECUTE|[554]
12:19:44.56 (2139969697)|STATEMENT_EXECUTE|[555]
12:19:44.56 (2139975612)|HEAP_ALLOCATE|[558]|Bytes:28
12:19:44.56 (2139977266)|HEAP_ALLOCATE|[558]|Bytes:28
12:19:44.56 (2139982667)|SYSTEM_METHOD_ENTRY|[558]|Decimal.compareTo(Decimal)
12:19:44.56 (2139986925)|SYSTEM_METHOD_EXIT|[558]|Decimal.compareTo(Decimal)
12:19:44.56 (2139989296)|STATEMENT_EXECUTE|[558]
12:19:44.56 (2139990221)|STATEMENT_EXECUTE|[559]
12:19:44.56 (2139994073)|METHOD_EXIT|[518]|01pWC000002W5rR|MaintenanceOrderDecompositionService.resolveCommercialUnitPrice(QuoteLineItem)
12:19:44.56 (2139996643)|VARIABLE_SCOPE_BEGIN|[516]|commercialNet|Decimal|false|false
12:19:44.56 (2140001200)|VARIABLE_ASSIGNMENT|[516]|commercialNet|301.75
12:19:44.56 (2140005195)|HEAP_ALLOCATE|[519]|Bytes:28
12:19:44.56 (2140006751)|HEAP_ALLOCATE|[519]|Bytes:28
12:19:44.56 (2140010841)|SYSTEM_METHOD_ENTRY|[519]|Decimal.compareTo(Decimal)
12:19:44.56 (2140014669)|SYSTEM_METHOD_EXIT|[519]|Decimal.compareTo(Decimal)
12:19:44.56 (2140017053)|STATEMENT_EXECUTE|[519]
12:19:44.56 (2140017843)|STATEMENT_EXECUTE|[523]
12:19:44.56 (2140022075)|HEAP_ALLOCATE|[523]|Bytes:28
12:19:44.56 (2140023741)|HEAP_ALLOCATE|[523]|Bytes:28
12:19:44.56 (2140027463)|SYSTEM_METHOD_ENTRY|[523]|Decimal.compareTo(Decimal)
12:19:44.56 (2140031085)|SYSTEM_METHOD_EXIT|[523]|Decimal.compareTo(Decimal)
12:19:44.56 (2140034340)|VARIABLE_SCOPE_BEGIN|[523]|quantity|Decimal|false|false
12:19:44.56 (2140038400)|VARIABLE_ASSIGNMENT|[523]|quantity|1.00
12:19:44.56 (2140040333)|STATEMENT_EXECUTE|[524]
12:19:44.56 (2140043428)|SYSTEM_METHOD_ENTRY|[524]|Decimal.multiply(Decimal)
12:19:44.56 (2140046180)|HEAP_ALLOCATE|[524]|Bytes:28
12:19:44.56 (2140049525)|SYSTEM_METHOD_EXIT|[524]|Decimal.multiply(Decimal)
12:19:44.56 (2140054624)|SYSTEM_METHOD_ENTRY|[524]|Decimal.setScale(Integer, System.RoundingMode)
12:19:44.56 (2140059615)|HEAP_ALLOCATE|[524]|Bytes:28
12:19:44.56 (2140063567)|SYSTEM_METHOD_EXIT|[524]|Decimal.setScale(Integer, System.RoundingMode)
12:19:44.56 (2140065415)|VARIABLE_SCOPE_BEGIN|[524]|lineTotal|Decimal|false|false
12:19:44.56 (2140069555)|VARIABLE_ASSIGNMENT|[524]|lineTotal|301.75
12:19:44.56 (2140071533)|STATEMENT_EXECUTE|[525]
12:19:44.56 (2140075580)|HEAP_ALLOCATE|[525]|Bytes:28
12:19:44.56 (2140077198)|HEAP_ALLOCATE|[525]|Bytes:28
12:19:44.56 (2140080884)|SYSTEM_METHOD_ENTRY|[525]|Decimal.compareTo(Decimal)
12:19:44.56 (2140084777)|SYSTEM_METHOD_EXIT|[525]|Decimal.compareTo(Decimal)
12:19:44.56 (2140088005)|VARIABLE_SCOPE_BEGIN|[525]|partnerUnit|Decimal|false|false
12:19:44.56 (2140091760)|VARIABLE_ASSIGNMENT|[525]|partnerUnit|301.75
12:19:44.56 (2140093690)|STATEMENT_EXECUTE|[529]
12:19:44.56 (2140101461)|HEAP_ALLOCATE|[529]|Bytes:4
12:19:44.56 (2140116625)|VARIABLE_ASSIGNMENT|[529]|this.Id|"802WC00000OpoppYAB"|0x42d3c586
12:19:44.56 (2140126216)|VARIABLE_ASSIGNMENT|[529]|this.UnitPrice|301.75|0x42d3c586
12:19:44.56 (2140134960)|VARIABLE_ASSIGNMENT|[529]|this.NetUnitPrice|301.75|0x42d3c586
12:19:44.56 (2140143408)|VARIABLE_ASSIGNMENT|[529]|this.PartnerUnitPrice|301.75|0x42d3c586
12:19:44.56 (2140151905)|VARIABLE_ASSIGNMENT|[529]|this.TotalLineAmount|301.75|0x42d3c586
12:19:44.56 (2140160299)|SYSTEM_METHOD_ENTRY|[529]|Map<Id,OrderItem>.put(Object, Object)
12:19:44.56 (2140162927)|HEAP_ALLOCATE|[EXTERNAL]|Bytes:-4
12:19:44.56 (2140166901)|SYSTEM_METHOD_EXIT|[529]|Map<Id,OrderItem>.put(Object, Object)
12:19:44.56 (2140169811)|SYSTEM_METHOD_ENTRY|[505]|system.ListIterator.hasNext()
12:19:44.56 (2140172430)|HEAP_ALLOCATE|[505]|Bytes:5
12:19:44.56 (2140174551)|SYSTEM_METHOD_EXIT|[505]|system.ListIterator.hasNext()
12:19:44.56 (2140179079)|HEAP_ALLOCATE|[505]|Bytes:28
12:19:44.56 (2140181795)|VARIABLE_SCOPE_BEGIN|[505]|oi|OrderItem|true|false
12:19:44.56 (2140209518)|VARIABLE_ASSIGNMENT|[505]|oi|{"Quantity":0.00,"QuoteLineItemId":"0QLWC000003ehR84AI","Id":"802WC00000OpopqYAB","OrderId":"801WC00000knHDLYA2","PricebookEntryId":"01uWC000005wsbUYAQ","Source_List_Price__c":355.00}|0x2a146c02
12:19:44.56 (2140213392)|STATEMENT_EXECUTE|[505]
12:19:44.56 (2140215684)|STATEMENT_EXECUTE|[506]
12:19:44.56 (2140216510)|STATEMENT_EXECUTE|[510]
12:19:44.56 (2140221167)|SYSTEM_METHOD_ENTRY|[510]|Map<Id,QuoteLineItem>.get(Object)
12:19:44.56 (2140225748)|SYSTEM_METHOD_EXIT|[510]|Map<Id,QuoteLineItem>.get(Object)
12:19:44.56 (2140228219)|VARIABLE_SCOPE_BEGIN|[510]|qli|QuoteLineItem|true|false
12:19:44.56 (2140273267)|VARIABLE_ASSIGNMENT|[510]|qli|{"Quote":{"Ship_To_Place__c":"a0lWC000004cO79YAE","Id":"0Q0WC0000039Vm10AE"},"Fortra_Product_Type__c":"New Maintenance","Product2Id":"01tWC00000DD1bsYAD","QuoteId":"0Q0WC0000039Vm10AE","Product2":{"Fortra_Product_Type__c":"New Maintenance","Id":"01tWC00000DD1bsYAD"},"PricebookEntryId":"01uWC000005wsbUYAQ","Source_List_Price__c":355.00,"Id":"0QLWC000003ehR84AI","Base_Price__c":355.00}|0x5a33c0a1
12:19:44.56 (2140278454)|STATEMENT_EXECUTE|[511]
12:19:44.56 (2140279300)|STATEMENT_EXECUTE|[515]
12:19:44.56 (2140283700)|SYSTEM_METHOD_ENTRY|[515]|Map<Id,OrderItem>.get(Object)
12:19:44.56 (2140290373)|SYSTEM_METHOD_EXIT|[515]|Map<Id,OrderItem>.get(Object)
12:19:44.56 (2140292511)|VARIABLE_SCOPE_BEGIN|[515]|decompPatch|OrderItem|true|false
12:19:44.56 (2140303723)|VARIABLE_ASSIGNMENT|[515]|decompPatch|{"Id":"802WC00000OpopqYAB","Base_Price__c":71.00,"Prior_Partner_Discount__c":0,"Prior_Discretionary_Discount__c":0,"UnitPrice":71.00,"NetUnitPrice":71.00,"TotalLineAmount":71.00}|0x933721e
12:19:44.56 (2140306858)|STATEMENT_EXECUTE|[516]
12:19:44.56 (2140321538)|HEAP_ALLOCATE|[516]|Bytes:28
12:19:44.56 (2140326326)|HEAP_ALLOCATE|[517]|Bytes:28
12:19:44.56 (2140328338)|VARIABLE_SCOPE_BEGIN|[516]|commercialNet|Decimal|false|false
12:19:44.56 (2140333622)|VARIABLE_ASSIGNMENT|[516]|commercialNet|71.00
12:19:44.56 (2140337168)|HEAP_ALLOCATE|[519]|Bytes:28
12:19:44.56 (2140338750)|HEAP_ALLOCATE|[519]|Bytes:28
12:19:44.56 (2140343905)|SYSTEM_METHOD_ENTRY|[519]|Decimal.compareTo(Decimal)
12:19:44.56 (2140348423)|SYSTEM_METHOD_EXIT|[519]|Decimal.compareTo(Decimal)
12:19:44.56 (2140350618)|STATEMENT_EXECUTE|[519]
12:19:44.56 (2140351456)|STATEMENT_EXECUTE|[523]
12:19:44.56 (2140353901)|HEAP_ALLOCATE|[523]|Bytes:28
12:19:44.56 (2140356765)|HEAP_ALLOCATE|[523]|Bytes:28
12:19:44.56 (2140359353)|HEAP_ALLOCATE|[523]|Bytes:28
12:19:44.56 (2140360796)|HEAP_ALLOCATE|[523]|Bytes:28
12:19:44.56 (2140364755)|SYSTEM_METHOD_ENTRY|[523]|Decimal.compareTo(Decimal)
12:19:44.56 (2140368569)|SYSTEM_METHOD_EXIT|[523]|Decimal.compareTo(Decimal)
12:19:44.56 (2140372266)|HEAP_ALLOCATE|[523]|Bytes:28
12:19:44.56 (2140373861)|HEAP_ALLOCATE|[523]|Bytes:28
12:19:44.56 (2140375634)|VARIABLE_SCOPE_BEGIN|[523]|quantity|Decimal|false|false
12:19:44.56 (2140379744)|VARIABLE_ASSIGNMENT|[523]|quantity|1
12:19:44.56 (2140381707)|STATEMENT_EXECUTE|[524]
12:19:44.56 (2140384888)|SYSTEM_METHOD_ENTRY|[524]|Decimal.multiply(Decimal)
12:19:44.56 (2140387905)|HEAP_ALLOCATE|[524]|Bytes:28
12:19:44.56 (2140391367)|SYSTEM_METHOD_EXIT|[524]|Decimal.multiply(Decimal)
12:19:44.56 (2140396254)|SYSTEM_METHOD_ENTRY|[524]|Decimal.setScale(Integer, System.RoundingMode)
12:19:44.56 (2140400110)|HEAP_ALLOCATE|[524]|Bytes:28
12:19:44.56 (2140404045)|SYSTEM_METHOD_EXIT|[524]|Decimal.setScale(Integer, System.RoundingMode)
12:19:44.56 (2140405969)|VARIABLE_SCOPE_BEGIN|[524]|lineTotal|Decimal|false|false
12:19:44.56 (2140409999)|VARIABLE_ASSIGNMENT|[524]|lineTotal|71.00
12:19:44.56 (2140411893)|STATEMENT_EXECUTE|[525]
12:19:44.56 (2140414163)|VARIABLE_SCOPE_BEGIN|[525]|partnerUnit|Decimal|false|false
12:19:44.56 (2140417898)|VARIABLE_ASSIGNMENT|[525]|partnerUnit|71.00
12:19:44.56 (2140419653)|STATEMENT_EXECUTE|[529]
12:19:44.56 (2140426425)|HEAP_ALLOCATE|[529]|Bytes:4
12:19:44.56 (2140457379)|VARIABLE_ASSIGNMENT|[529]|this.Id|"802WC00000OpopqYAB"|0x59aae3b2
12:19:44.56 (2140467775)|VARIABLE_ASSIGNMENT|[529]|this.UnitPrice|71.00|0x59aae3b2
12:19:44.56 (2140476156)|VARIABLE_ASSIGNMENT|[529]|this.NetUnitPrice|71.00|0x59aae3b2
12:19:44.56 (2140484318)|VARIABLE_ASSIGNMENT|[529]|this.PartnerUnitPrice|71.00|0x59aae3b2
12:19:44.56 (2140492581)|VARIABLE_ASSIGNMENT|[529]|this.TotalLineAmount|71.00|0x59aae3b2
12:19:44.56 (2140501894)|SYSTEM_METHOD_ENTRY|[529]|Map<Id,OrderItem>.put(Object, Object)
12:19:44.56 (2140504583)|HEAP_ALLOCATE|[EXTERNAL]|Bytes:-4
12:19:44.56 (2140508686)|SYSTEM_METHOD_EXIT|[529]|Map<Id,OrderItem>.put(Object, Object)
12:19:44.56 (2140511624)|SYSTEM_METHOD_ENTRY|[505]|system.ListIterator.hasNext()
12:19:44.56 (2140514364)|HEAP_ALLOCATE|[505]|Bytes:5
12:19:44.56 (2140516600)|SYSTEM_METHOD_EXIT|[505]|system.ListIterator.hasNext()
12:19:44.56 (2140520623)|VARIABLE_ASSIGNMENT|[505]|oi|null|
12:19:44.56 (2140525432)|SYSTEM_METHOD_ENTRY|[538]|Map<Id,OrderItem>.keySet()
12:19:44.56 (2140559578)|HEAP_ALLOCATE|[538]|Bytes:26
12:19:44.56 (2140562137)|SYSTEM_METHOD_EXIT|[538]|Map<Id,OrderItem>.keySet()
12:19:44.56 (2140567585)|SYSTEM_METHOD_ENTRY|[538]|Set<Id>.iterator()
12:19:44.56 (2140573550)|SYSTEM_METHOD_EXIT|[538]|Set<Id>.iterator()
12:19:44.56 (2140579092)|SYSTEM_METHOD_ENTRY|[538]|com.salesforce.api.fast.SetIterator..lcom.force.swag.id.ID..r.hasNext()
12:19:44.56 (2140581759)|HEAP_ALLOCATE|[538]|Bytes:5
12:19:44.56 (2140583949)|SYSTEM_METHOD_EXIT|[538]|com.salesforce.api.fast.SetIterator..lcom.force.swag.id.ID..r.hasNext()
12:19:44.56 (2140613891)|HEAP_ALLOCATE|[538]|Bytes:4
12:19:44.56 (2140616283)|VARIABLE_SCOPE_BEGIN|[538]|orderItemId|Id|false|false
12:19:44.56 (2140676573)|VARIABLE_ASSIGNMENT|[538]|orderItemId|"802WC00000OpopqYAB"
12:19:44.56 (2140680142)|STATEMENT_EXECUTE|[538]
12:19:44.56 (2140681159)|STATEMENT_EXECUTE|[539]
12:19:44.56 (2140687059)|SYSTEM_METHOD_ENTRY|[539]|Map<Id,OrderItem>.get(Object)
12:19:44.56 (2140696090)|SYSTEM_METHOD_EXIT|[539]|Map<Id,OrderItem>.get(Object)
12:19:44.56 (2140698919)|VARIABLE_SCOPE_BEGIN|[539]|decompPatch|OrderItem|true|false
12:19:44.56 (2140709444)|VARIABLE_ASSIGNMENT|[539]|decompPatch|{"Id":"802WC00000OpopqYAB","Base_Price__c":71.00,"Prior_Partner_Discount__c":0,"Prior_Discretionary_Discount__c":0,"UnitPrice":71.00,"NetUnitPrice":71.00,"TotalLineAmount":71.00}|0x933721e
12:19:44.56 (2140714890)|SYSTEM_METHOD_ENTRY|[540]|Map<Id,OrderItem>.containsKey(Object)
12:19:44.56 (2140721445)|SYSTEM_METHOD_EXIT|[540]|Map<Id,OrderItem>.containsKey(Object)
12:19:44.56 (2140723638)|STATEMENT_EXECUTE|[540]
12:19:44.56 (2140724405)|STATEMENT_EXECUTE|[541]
12:19:44.56 (2140732378)|SYSTEM_METHOD_ENTRY|[541]|Map<Id,OrderItem>.get(Object)
12:19:44.56 (2140737813)|SYSTEM_METHOD_EXIT|[541]|Map<Id,OrderItem>.get(Object)
12:19:44.56 (2140739801)|VARIABLE_SCOPE_BEGIN|[541]|patch|OrderItem|true|false
12:19:44.56 (2140746951)|VARIABLE_ASSIGNMENT|[541]|patch|{"Id":"802WC00000OpopqYAB","UnitPrice":71.00,"NetUnitPrice":71.00,"PartnerUnitPrice":71.00,"TotalLineAmount":71.00}|0x59aae3b2
12:19:44.56 (2140750135)|STATEMENT_EXECUTE|[542]
12:19:44.56 (2140766567)|HEAP_ALLOCATE|[542]|Bytes:28
12:19:44.56 (2140820630)|VARIABLE_ASSIGNMENT|[542]|this.Base_Price__c|71.00|0x59aae3b2
12:19:44.56 (2140823993)|STATEMENT_EXECUTE|[543]
12:19:44.56 (2140831175)|HEAP_ALLOCATE|[543]|Bytes:28
12:19:44.56 (2140844921)|VARIABLE_ASSIGNMENT|[543]|this.Prior_Partner_Discount__c|0|0x59aae3b2
12:19:44.56 (2140847780)|STATEMENT_EXECUTE|[544]
12:19:44.56 (2140852892)|HEAP_ALLOCATE|[544]|Bytes:28
12:19:44.56 (2140862756)|VARIABLE_ASSIGNMENT|[544]|this.Prior_Discretionary_Discount__c|0|0x59aae3b2
12:19:44.56 (2140868437)|SYSTEM_METHOD_ENTRY|[538]|com.salesforce.api.fast.SetIterator..lcom.force.swag.id.ID..r.hasNext()
12:19:44.56 (2140871097)|HEAP_ALLOCATE|[538]|Bytes:5
12:19:44.56 (2140873625)|SYSTEM_METHOD_EXIT|[538]|com.salesforce.api.fast.SetIterator..lcom.force.swag.id.ID..r.hasNext()
12:19:44.56 (2140877494)|VARIABLE_ASSIGNMENT|[538]|orderItemId|null
12:19:44.56 (2140879945)|STATEMENT_EXECUTE|[550]
12:19:44.56 (2140886458)|METHOD_EXIT|[638]|01pWC000002W5rR|MaintenanceOrderDecompositionService.buildCommercialPatchesFromWork(MaintenanceOrderDecompositionService.OrderMaintenanceWork)
12:19:44.56 (2140889824)|VARIABLE_SCOPE_BEGIN|[638]|patches|Map<Id,OrderItem>|true|false
12:19:44.56 (2140906647)|VARIABLE_ASSIGNMENT|[638]|patches|{"802WC00000OpopoYAB":{"Id":"802WC00000OpopoYAB","UnitPrice":77080.00,"NetUnitPrice":77080.00,"PartnerUnitPrice":77080.00,"TotalLineAmount":77080.00},"802WC00000OpoppYAB":{"Id":"802WC00000OpoppYAB","UnitPrice":301.75,"NetUnitPrice":301.75,"PartnerUnitPrice":301.75,"TotalLineAmount":301.75},"802WC00000OpopqYAB":{"Id":"802WC00000OpopqYAB","UnitPrice":71.00,"NetUnitPrice":71.00,"PartnerUnitPrice":71.00,"TotalLineAmount":71.00,"Base_Price__c":71.00,"Prior_Partner_Discount__c":0,"Prior_Discretionary_Discount__c":0}}|0x6877f40e
12:19:44.56 (2140913995)|SYSTEM_METHOD_ENTRY|[639]|Map<Id,OrderItem>.isEmpty()
12:19:44.56 (2140920106)|SYSTEM_METHOD_EXIT|[639]|Map<Id,OrderItem>.isEmpty()
12:19:44.56 (2140922419)|STATEMENT_EXECUTE|[639]
12:19:44.56 (2140923314)|STATEMENT_EXECUTE|[642]
12:19:44.56 (2140925719)|SYSTEM_METHOD_ENTRY|[642]|Map<Id,OrderItem>.values()
12:19:44.56 (2140934919)|HEAP_ALLOCATE|[EXTERNAL]|Bytes:16
12:19:44.56 (2140948884)|HEAP_ALLOCATE|[642]|Bytes:925
12:19:44.56 (2140951063)|SYSTEM_METHOD_EXIT|[642]|Map<Id,OrderItem>.values()
12:19:44.56 (2141004320)|DML_BEGIN|[642]|Op:Update|Type:OrderItem|Rows:3
12:19:44.56 (2141042244)|HEAP_ALLOCATE|[EXTERNAL]|Bytes:16
12:19:44.56 (2171246539)|CODE_UNIT_STARTED|[EXTERNAL]|Flow:OrderItem
12:19:44.171 (2171361102)|FLOW_CREATE_INTERVIEW_BEGIN|00DWC000006eUFF|300WC00000Qqd9Z|301WC00000knsJN
12:19:44.171 (2171434292)|FLOW_CREATE_INTERVIEW_END|14656012788e2f5814d2163a58219ecc9c55f1-793c|Fortra &#124; OrderItem &#124; Set Dates
12:19:44.171 (2171438101)|FLOW_CREATE_INTERVIEW_END|14666012788e2f5814d2163a58219ecc9c55f1-793d|Fortra &#124; OrderItem &#124; Set Dates
12:19:44.171 (2171440335)|FLOW_CREATE_INTERVIEW_END|14676012788e2f5814d2163a58219ecc9c55f1-793e|Fortra &#124; OrderItem &#124; Set Dates
12:19:44.171 (2171644082)|FLOW_START_INTERVIEWS_BEGIN|3
12:19:44.171 (2171671571)|FLOW_START_INTERVIEW_BEGIN|14656012788e2f5814d2163a58219ecc9c55f1-793c|Fortra &#124; OrderItem &#124; Set Dates
12:19:44.171 (2171723883)|FLOW_START_INTERVIEW_LIMIT_USAGE|SOQL queries: 7 out of 100
12:19:44.171 (2171737305)|FLOW_START_INTERVIEW_LIMIT_USAGE|SOQL query rows: 17 out of 50000
12:19:44.171 (2171741649)|FLOW_START_INTERVIEW_LIMIT_USAGE|SOSL queries: 0 out of 20
12:19:44.171 (2171746577)|FLOW_START_INTERVIEW_LIMIT_USAGE|DML statements: 4 out of 150
12:19:44.171 (2171750529)|FLOW_START_INTERVIEW_LIMIT_USAGE|DML rows: 12 out of 10000
12:19:44.171 (2171754745)|FLOW_START_INTERVIEW_LIMIT_USAGE|CPU time in ms: 579 out of 15000
12:19:44.171 (2171798815)|FLOW_START_INTERVIEW_LIMIT_USAGE|Heap size in bytes: 1543 out of 6000000
12:19:44.171 (2171803475)|FLOW_START_INTERVIEW_LIMIT_USAGE|Callouts: 0 out of 100
12:19:44.171 (2171807219)|FLOW_START_INTERVIEW_LIMIT_USAGE|Email invocations: 0 out of 10
12:19:44.171 (2171811365)|FLOW_START_INTERVIEW_LIMIT_USAGE|Future calls: 0 out of 50
12:19:44.171 (2171814984)|FLOW_START_INTERVIEW_LIMIT_USAGE|Jobs in queue: 0 out of 50
12:19:44.171 (2171865403)|FLOW_START_INTERVIEW_LIMIT_USAGE|Push notifications: 0 out of 10
12:19:44.171 (2174287797)|FLOW_VALUE_ASSIGNMENT|14656012788e2f5814d2163a58219ecc9c55f1-793c|$Record|{Id=802WC00000OpopoYAB, Product2Id=01tWC00000DD11JYAT, IsDeleted=false, OrderId=801WC00000knHDLYA2, PricebookEntryId=01uWC000005wrrDYAQ, OriginalOrderItemId=null, QuoteLineItemId=0QLWC000003ehSj4AI, AvailableQuantity=1.00, Quantity=1.00, CurrencyIsoCode=USD, UnitPrice=77080.00, ListPrice=94000.00, TotalPrice=94000.00, BillingReference2=null, ServiceDate=2026-06-15 00:00:00, ServiceTime=00:00:00.000Z, ServiceDateTime=null, EndDate=2027-06-14 00:00:00, EndTime=00:00:00.000Z, EndDateTime=null, ServiceEndTimeZone=GMT, Description=null, TotalLineAmount=77080.00, TotalAdjustmentAmount=0.00, TotalLineAdjustmentAmount=0.00, TotalAdjustmentDistAmount=0.00, TotalAdjustmentTaxAmount=0.00, TotalLineAdjustmentTaxAmount=0.00, TotalAdjustmentDistTaxAmount=0.00, TotalLineTaxAmount=0.00, TotalTaxAmount=0.00, RoundedLineAmount=77080.00, AdjustedLineAmount=77080.00, TotalAdjustedLineTaxAmount=0.00, RoundedLineAmtWithTax=77080.00, TotalAdjustmentAmtWithTax=0.00, AdjustedLineAmtWithTax=77080.00, TotalLineAdjustmentAmtWithTax=0.00, TotalAdjustmentDistAmtWithTax=0.00, TotalAmtWithTax=94000.00, OrderDeliveryGroupId=null, RelatedOrderItemId=null, Type=null, TypeCode=null, TaxTreatmentId=null, LegalEntityId=0fwWC000000034LYAQ, BillingTreatmentId=null, ProductSellingModelId=0jPWC000000060b2AA, OrderActionId=8OAWC000002SOpS4AW, ProrationPolicyId=0mua50000004KzRAAU, PeriodBoundary=Anniversary, PeriodBoundaryStartMonth=null, PeriodBoundaryDay=null, PricingTermCount=1.00, NetUnitPrice=77080.00, BillingFrequency2=Annual, ParentOrderItemId=null, Status=null, LineNumber=1, CreatedDate=2026-06-15 14:12:47, CreatedById=005a500001SfRd7AAF, LastModifiedDate=2026-06-15 19:19:44, LastModifiedById=005WC00000MgTN2YAN, SystemModstamp=2026-06-15 19:19:44, OrderItemNumber=0000564381, PriceWaterfallIdentifier=802WC00000OpopoYAB:149787176567512, StartQuantity=0.00, EndQuantity=1.00, NetTotalPrice=94000.00, Discount=null, DiscountAmount=null, PartnerDiscountPercent=null, PartnerUnitPrice=77080.00, ValidationResult=null, EarliestEstimatedDeliveryDate=null, LatestEstimatedDeliveryDate=null, EarliestEstimatedDeliveryTime=null, LatestEstimatedDeliveryTime=null, EstimatedDeliveryReference=null, EstimatedDeliveryTimeZone=null, CustomProductName=null, SubscriptionTerm=1, OrderItemGroupId=null, SegmentIdentifier=null, SegmentType=null, SegmentName=null, IsPrimarySegment=false, OrderItemRecipientId=null, RampIdentifier=null, QuantityUnitOfMeasureId=null, UnitPriceUplift=null, BindingInstanceTargetId=null, PricingContractId=null, RevenueCloudPackagingFlag=CP, IsOrderItemLocked=false, RelatedChangeIdentifier=null, SupplementalChangeType=null, AggregatedQuantity=1.00, BatchIdentifier=null, DoesAutomaticallyRenew=false, Margin=null, MarginAmount=null, UnitCost=null, TotalCost=null, TotalAdjustment=null, TotalMargin=null, TotalMarginAmount=null, PriceRevisionPolicyId=null, ReplacementGroupId=null, Currency__c=USD, Workday_Sync_Correlation_Id__c=null, Workday_Sync_Message__c=null, Workday_Sync_Payload__c=null, Workday_Sync_Status__c=null, Multiple_Element_Rev_Alloc_Value__c=false, Workday_Revenue_Category__c=null, Billing_Schedule_From_Date__c=2026-06-15 00:00:00, Billing_Schedule_To_Date__c=2027-06-14 00:00:00, Custom_Product_Name__c=null, Ship_To_Address__c=null, Legacy_Id__c=null, DoNotExpand__c=false, Royalty_Amount__c=null, Exchange_Rate_To_USD__c=null, gsOrderDetailID__c=null, gsOrderID__c=null, Asset__c=null, Entitlement__c=null, Feature_Code__c=null, Freight_Terms__c=null, GSA__c=false, Hardware_ID__c=null, Hardware__c=null, Hostname__c=null, Instances__c=null, Is_Term__c=false, COLA_Uplift_Percent__c=null, End_Date_Calculated__c=2027-06-14 00:00:00, Legacy_Source__c=null, MSP_End_User__c=null, MYCAP__c=false, Maintenance_Discount_Percent__c=null, Manual_Discount__c=null, Migration_Change__c=null, Model__c=null, Number_of_Processors__c=null, Order_Is_Price_Locked__c=false, Override_Discount_Amount__c=null, Override_Discount_Percentage__c=null, Partition__c=null, Partner_Discount_Type__c=null, Price_Overriden__c=false, Prior_Feature_Code__c=null, Prior_Group_Number__c=null, Prior_Model__c=null, Prior_Number_of_Processors__c=null, Prior_Serial_Number__c=null, Product_Sale_Type__c=null, Product_type__c=null, Quantity_Back_Ordered__c=null, Quantity_Shipped__c=null, RSM_Discount_Percent__c=null, RSM__c=null, Requested_Delivery_Date__c=null, Sales_Support_Notes__c=null, Sequence_Number__c=null, Server_Type_Discount_Percent__c=null, Skip_Price_Calculation__c=false, Swap__c=false, System_Type__c=null, Tax_Code__c=null, Units__c=null, Uplift_Percent__c=null, Version_Number__c=null, Fortra_Product_Type__c=Subscription, Year_After_StartDate__c=true, Two_Years_After_Start_Date__c=false, Order_Line_ARR__c=null, Base_Price__c=null, Displaced_ARR__c=null, Is_Split_Line__c=false, Original_Order_Item__c=null, Partition_Record__c=null, Quote_Legal_Entity__c=Fortra, LLC*, Serial_Number__c=null, AllowRegionalPricing__c=false, Attribute_Multiplier_Pct__c=null, Attribute_Price_Mode__c=null, COLACalculatedPrice__c=null, Has_Attribute_Adjustment__c=false, RegionalNetUnitPrice__c=null, Quote_Line_Discount_Reason__c=null, Billing_Frequency__c=Yearly_Billing_Template, Order_Line_NARR_Calculated__c=0.00, Workday_Contract_Line_Reference_ID__c=null, LPAR_Number__c=null, LPAR_System_Name__c=null, Workday_Contract_Line_Type__c=FIXED AMOUNT, Start_Date_Calculated__c=2026-06-15 00:00:00, LegacyQuoteLineDiscount__c=null, LIC_Fair_Value_Amount__c=null, MAINT_Fair_Value_Amount__c=null, Source_List_Price__c=null, Prior_Discretionary_Discount__c=null, Prior_Partner_Discount__c=null, NetTotalPrice_Calculated__c=77080.00}
12:19:44.171 (2174456064)|FLOW_ELEMENT_BEGIN|14656012788e2f5814d2163a58219ecc9c55f1-793c|FlowDecision|Is_Termed_Blank
12:19:44.171 (2174514679)|FLOW_ELEMENT_DEFERRED|FlowDecision|Is_Termed_Blank
12:19:44.171 (2174565621)|FLOW_ELEMENT_LIMIT_USAGE|3 ms CPU time, total 582 out of 15000
12:19:44.171 (2174578978)|FLOW_ELEMENT_END|14656012788e2f5814d2163a58219ecc9c55f1-793c|FlowDecision|Is_Termed_Blank
12:19:44.171 (2174630381)|FLOW_START_INTERVIEW_END|14656012788e2f5814d2163a58219ecc9c55f1-793c|Fortra &#124; OrderItem &#124; Set Dates
12:19:44.171 (2174643624)|FLOW_START_INTERVIEW_BEGIN|14666012788e2f5814d2163a58219ecc9c55f1-793d|Fortra &#124; OrderItem &#124; Set Dates
12:19:44.171 (2174663474)|FLOW_START_INTERVIEW_LIMIT_USAGE|SOQL queries: 7 out of 100
12:19:44.171 (2174668816)|FLOW_START_INTERVIEW_LIMIT_USAGE|SOQL query rows: 17 out of 50000
12:19:44.171 (2174673105)|FLOW_START_INTERVIEW_LIMIT_USAGE|SOSL queries: 0 out of 20
12:19:44.171 (2174676866)|FLOW_START_INTERVIEW_LIMIT_USAGE|DML statements: 4 out of 150
12:19:44.171 (2174680101)|FLOW_START_INTERVIEW_LIMIT_USAGE|DML rows: 12 out of 10000
12:19:44.171 (2174683711)|FLOW_START_INTERVIEW_LIMIT_USAGE|CPU time in ms: 582 out of 15000
12:19:44.171 (2174692331)|FLOW_START_INTERVIEW_LIMIT_USAGE|Heap size in bytes: 1543 out of 6000000
12:19:44.171 (2174696356)|FLOW_START_INTERVIEW_LIMIT_USAGE|Callouts: 0 out of 100
12:19:44.171 (2174699845)|FLOW_START_INTERVIEW_LIMIT_USAGE|Email invocations: 0 out of 10
12:19:44.171 (2174703250)|FLOW_START_INTERVIEW_LIMIT_USAGE|Future calls: 0 out of 50
12:19:44.171 (2174706534)|FLOW_START_INTERVIEW_LIMIT_USAGE|Jobs in queue: 0 out of 50
12:19:44.171 (2174710005)|FLOW_START_INTERVIEW_LIMIT_USAGE|Push notifications: 0 out of 10
12:19:44.171 (2176725834)|FLOW_VALUE_ASSIGNMENT|14666012788e2f5814d2163a58219ecc9c55f1-793d|$Record|{Id=802WC00000OpoppYAB, Product2Id=01tWC00000DD1btYAD, IsDeleted=false, OrderId=801WC00000knHDLYA2, PricebookEntryId=01uWC000005ws8MYAQ, OriginalOrderItemId=null, QuoteLineItemId=0QLWC000003ehR74AI, AvailableQuantity=1.00, Quantity=1.00, CurrencyIsoCode=USD, UnitPrice=301.75, ListPrice=355.00, TotalPrice=256.4875, BillingReference2=null, ServiceDate=null, ServiceTime=null, ServiceDateTime=null, EndDate=null, EndTime=null, EndDateTime=null, ServiceEndTimeZone=null, Description=Powertech Identity & Access Manager (BoKS) &#124; Standard, TotalLineAmount=301.75, TotalAdjustmentAmount=-45.2625, TotalLineAdjustmentAmount=0.00, TotalAdjustmentDistAmount=0.00, TotalAdjustmentTaxAmount=0.00, TotalLineAdjustmentTaxAmount=0.00, TotalAdjustmentDistTaxAmount=0.00, TotalLineTaxAmount=0.00, TotalTaxAmount=0.00, RoundedLineAmount=301.75, AdjustedLineAmount=256.4875, TotalAdjustedLineTaxAmount=0.00, RoundedLineAmtWithTax=301.75, TotalAdjustmentAmtWithTax=-45.2625, AdjustedLineAmtWithTax=256.4875, TotalLineAdjustmentAmtWithTax=0.00, TotalAdjustmentDistAmtWithTax=0.00, TotalAmtWithTax=256.4875, OrderDeliveryGroupId=null, RelatedOrderItemId=null, Type=null, TypeCode=null, TaxTreatmentId=null, LegalEntityId=0fwWC000000034LYAQ, BillingTreatmentId=null, ProductSellingModelId=0jPWC00000005yz2AA, OrderActionId=8OAWC000002SOpS4AW, ProrationPolicyId=null, PeriodBoundary=null, PeriodBoundaryStartMonth=null, PeriodBoundaryDay=null, PricingTermCount=0.00, NetUnitPrice=301.75, BillingFrequency2=null, ParentOrderItemId=null, Status=null, LineNumber=2, CreatedDate=2026-06-15 14:12:47, CreatedById=005a500001SfRd7AAF, LastModifiedDate=2026-06-15 19:19:44, LastModifiedById=005WC00000MgTN2YAN, SystemModstamp=2026-06-15 19:19:44, OrderItemNumber=0000564382, PriceWaterfallIdentifier=802WC00000OpoppYAB:149787176567512, StartQuantity=0.00, EndQuantity=1.00, NetTotalPrice=256.4875, Discount=null, DiscountAmount=null, PartnerDiscountPercent=15.00, PartnerUnitPrice=301.75, ValidationResult=null, EarliestEstimatedDeliveryDate=null, LatestEstimatedDeliveryDate=null, EarliestEstimatedDeliveryTime=null, LatestEstimatedDeliveryTime=null, EstimatedDeliveryReference=null, EstimatedDeliveryTimeZone=null, CustomProductName=null, SubscriptionTerm=null, OrderItemGroupId=null, SegmentIdentifier=null, SegmentType=null, SegmentName=null, IsPrimarySegment=false, OrderItemRecipientId=null, RampIdentifier=null, QuantityUnitOfMeasureId=null, UnitPriceUplift=null, BindingInstanceTargetId=null, PricingContractId=null, RevenueCloudPackagingFlag=CP, IsOrderItemLocked=false, RelatedChangeIdentifier=null, SupplementalChangeType=null, AggregatedQuantity=1.00, BatchIdentifier=null, DoesAutomaticallyRenew=false, Margin=null, MarginAmount=null, UnitCost=null, TotalCost=null, TotalAdjustment=null, TotalMargin=null, TotalMarginAmount=null, PriceRevisionPolicyId=null, ReplacementGroupId=null, Currency__c=USD, Workday_Sync_Correlation_Id__c=null, Workday_Sync_Message__c=null, Workday_Sync_Payload__c=null, Workday_Sync_Status__c=null, Multiple_Element_Rev_Alloc_Value__c=false, Workday_Revenue_Category__c=null, Billing_Schedule_From_Date__c=2026-06-15 00:00:00, Billing_Schedule_To_Date__c=2026-06-15 00:00:00, Custom_Product_Name__c=null, Ship_To_Address__c=null, Legacy_Id__c=null, DoNotExpand__c=false, Royalty_Amount__c=null, Exchange_Rate_To_USD__c=null, gsOrderDetailID__c=null, gsOrderID__c=null, Asset__c=null, Entitlement__c=null, Feature_Code__c=null, Freight_Terms__c=null, GSA__c=false, Hardware_ID__c=null, Hardware__c=null, Hostname__c=null, Instances__c=null, Is_Term__c=false, COLA_Uplift_Percent__c=null, End_Date_Calculated__c=2026-06-15 00:00:00, Legacy_Source__c=null, MSP_End_User__c=null, MYCAP__c=false, Maintenance_Discount_Percent__c=null, Manual_Discount__c=null, Migration_Change__c=null, Model__c=null, Number_of_Processors__c=null, Order_Is_Price_Locked__c=false, Override_Discount_Amount__c=null, Override_Discount_Percentage__c=null, Partition__c=null, Partner_Discount_Type__c=null, Price_Overriden__c=false, Prior_Feature_Code__c=null, Prior_Group_Number__c=null, Prior_Model__c=null, Prior_Number_of_Processors__c=null, Prior_Serial_Number__c=null, Product_Sale_Type__c=null, Product_type__c=null, Quantity_Back_Ordered__c=null, Quantity_Shipped__c=null, RSM_Discount_Percent__c=null, RSM__c=null, Requested_Delivery_Date__c=null, Sales_Support_Notes__c=null, Sequence_Number__c=null, Server_Type_Discount_Percent__c=null, Skip_Price_Calculation__c=false, Swap__c=false, System_Type__c=null, Tax_Code__c=null, Units__c=null, Uplift_Percent__c=null, Version_Number__c=null, Fortra_Product_Type__c=Perpetual, Year_After_StartDate__c=false, Two_Years_After_Start_Date__c=false, Order_Line_ARR__c=null, Base_Price__c=null, Displaced_ARR__c=null, Is_Split_Line__c=false, Original_Order_Item__c=null, Partition_Record__c=null, Quote_Legal_Entity__c=Fortra, LLC*, Serial_Number__c=null, AllowRegionalPricing__c=false, Attribute_Multiplier_Pct__c=null, Attribute_Price_Mode__c=null, COLACalculatedPrice__c=null, Has_Attribute_Adjustment__c=false, RegionalNetUnitPrice__c=null, Quote_Line_Discount_Reason__c=null, Billing_Frequency__c=Yearly_Billing_Template, Order_Line_NARR_Calculated__c=0.00, Workday_Contract_Line_Reference_ID__c=null, LPAR_Number__c=null, LPAR_System_Name__c=null, Workday_Contract_Line_Type__c=FIXED AMOUNT, Start_Date_Calculated__c=2026-06-15 00:00:00, LegacyQuoteLineDiscount__c=null, LIC_Fair_Value_Amount__c=null, MAINT_Fair_Value_Amount__c=null, Source_List_Price__c=null, Prior_Discretionary_Discount__c=null, Prior_Partner_Discount__c=null, NetTotalPrice_Calculated__c=301.75}
12:19:44.171 (2176839625)|FLOW_ELEMENT_BEGIN|14666012788e2f5814d2163a58219ecc9c55f1-793d|FlowDecision|Is_Termed_Blank
12:19:44.171 (2176872751)|FLOW_ELEMENT_DEFERRED|FlowDecision|Is_Termed_Blank
12:19:44.171 (2176904474)|FLOW_ELEMENT_LIMIT_USAGE|2 ms CPU time, total 584 out of 15000
12:19:44.171 (2176914989)|FLOW_ELEMENT_END|14666012788e2f5814d2163a58219ecc9c55f1-793d|FlowDecision|Is_Termed_Blank
12:19:44.171 (2176950376)|FLOW_START_INTERVIEW_END|14666012788e2f5814d2163a58219ecc9c55f1-793d|Fortra &#124; OrderItem &#124; Set Dates
12:19:44.171 (2176959934)|FLOW_START_INTERVIEW_BEGIN|14676012788e2f5814d2163a58219ecc9c55f1-793e|Fortra &#124; OrderItem &#124; Set Dates
12:19:44.171 (2176975516)|FLOW_START_INTERVIEW_LIMIT_USAGE|SOQL queries: 7 out of 100
12:19:44.171 (2176980242)|FLOW_START_INTERVIEW_LIMIT_USAGE|SOQL query rows: 17 out of 50000
12:19:44.171 (2176984042)|FLOW_START_INTERVIEW_LIMIT_USAGE|SOSL queries: 0 out of 20
12:19:44.171 (2176987666)|FLOW_START_INTERVIEW_LIMIT_USAGE|DML statements: 4 out of 150
12:19:44.171 (2176991020)|FLOW_START_INTERVIEW_LIMIT_USAGE|DML rows: 12 out of 10000
12:19:44.171 (2176994364)|FLOW_START_INTERVIEW_LIMIT_USAGE|CPU time in ms: 585 out of 15000
12:19:44.171 (2177002506)|FLOW_START_INTERVIEW_LIMIT_USAGE|Heap size in bytes: 1543 out of 6000000
12:19:44.171 (2177006607)|FLOW_START_INTERVIEW_LIMIT_USAGE|Callouts: 0 out of 100
12:19:44.171 (2177040401)|FLOW_START_INTERVIEW_LIMIT_USAGE|Email invocations: 0 out of 10
12:19:44.171 (2177046955)|FLOW_START_INTERVIEW_LIMIT_USAGE|Future calls: 0 out of 50
12:19:44.171 (2177050814)|FLOW_START_INTERVIEW_LIMIT_USAGE|Jobs in queue: 0 out of 50
12:19:44.171 (2177054430)|FLOW_START_INTERVIEW_LIMIT_USAGE|Push notifications: 0 out of 10
12:19:44.171 (2178753573)|FLOW_VALUE_ASSIGNMENT|14676012788e2f5814d2163a58219ecc9c55f1-793e|$Record|{Id=802WC00000OpopqYAB, Product2Id=01tWC00000DD1bsYAD, IsDeleted=false, OrderId=801WC00000knHDLYA2, PricebookEntryId=01uWC000005wsbUYAQ, OriginalOrderItemId=null, QuoteLineItemId=0QLWC000003ehR84AI, AvailableQuantity=0.00, Quantity=0.00, CurrencyIsoCode=USD, UnitPrice=71.00, ListPrice=0.00, TotalPrice=0.00, BillingReference2=802WC00000OZLOrYAP, ServiceDate=2026-06-15 00:00:00, ServiceTime=00:00:00.000Z, ServiceDateTime=null, EndDate=null, EndTime=null, EndDateTime=null, ServiceEndTimeZone=GMT, Description=Powertech Identity & Access Manager (BoKS)-NewMaintenance &#124; Standard, TotalLineAmount=71.00, TotalAdjustmentAmount=0.00, TotalLineAdjustmentAmount=0.00, TotalAdjustmentDistAmount=0.00, TotalAdjustmentTaxAmount=0.00, TotalLineAdjustmentTaxAmount=0.00, TotalAdjustmentDistTaxAmount=0.00, TotalLineTaxAmount=0.00, TotalTaxAmount=0.00, RoundedLineAmount=71.00, AdjustedLineAmount=71.00, TotalAdjustedLineTaxAmount=0.00, RoundedLineAmtWithTax=71.00, TotalAdjustmentAmtWithTax=0.00, AdjustedLineAmtWithTax=71.00, TotalLineAdjustmentAmtWithTax=0.00, TotalAdjustmentDistAmtWithTax=0.00, TotalAmtWithTax=0.00, OrderDeliveryGroupId=null, RelatedOrderItemId=null, Type=null, TypeCode=null, TaxTreatmentId=null, LegalEntityId=0fwWC000000034LYAQ, BillingTreatmentId=1BTWC000000Mdh34AC, ProductSellingModelId=0jPWC00000005yz2AA, OrderActionId=8OAWC000002SOpR4AW, ProrationPolicyId=null, PeriodBoundary=null, PeriodBoundaryStartMonth=null, PeriodBoundaryDay=null, PricingTermCount=null, NetUnitPrice=71.00, BillingFrequency2=null, ParentOrderItemId=null, Status=null, LineNumber=3, CreatedDate=2026-06-15 14:12:47, CreatedById=005a500001SfRd7AAF, LastModifiedDate=2026-06-15 19:19:44, LastModifiedById=005WC00000MgTN2YAN, SystemModstamp=2026-06-15 19:19:44, OrderItemNumber=0000564383, PriceWaterfallIdentifier=null, StartQuantity=1.00, EndQuantity=1.00, NetTotalPrice=0.00, Discount=null, DiscountAmount=null, PartnerDiscountPercent=12.00, PartnerUnitPrice=71.00, ValidationResult=null, EarliestEstimatedDeliveryDate=null, LatestEstimatedDeliveryDate=null, EarliestEstimatedDeliveryTime=null, LatestEstimatedDeliveryTime=null, EstimatedDeliveryReference=null, EstimatedDeliveryTimeZone=null, CustomProductName=Powertech Identity & Access Manager (BoKS)-NewMaintenance, SubscriptionTerm=null, OrderItemGroupId=null, SegmentIdentifier=null, SegmentType=null, SegmentName=null, IsPrimarySegment=false, OrderItemRecipientId=null, RampIdentifier=null, QuantityUnitOfMeasureId=null, UnitPriceUplift=null, BindingInstanceTargetId=null, PricingContractId=null, RevenueCloudPackagingFlag=P, IsOrderItemLocked=false, RelatedChangeIdentifier=null, SupplementalChangeType=null, AggregatedQuantity=null, BatchIdentifier=null, DoesAutomaticallyRenew=false, Margin=null, MarginAmount=null, UnitCost=null, TotalCost=null, TotalAdjustment=null, TotalMargin=null, TotalMarginAmount=null, PriceRevisionPolicyId=null, ReplacementGroupId=null, Currency__c=USD, Workday_Sync_Correlation_Id__c=null, Workday_Sync_Message__c=null, Workday_Sync_Payload__c=null, Workday_Sync_Status__c=null, Multiple_Element_Rev_Alloc_Value__c=false, Workday_Revenue_Category__c=null, Billing_Schedule_From_Date__c=2026-06-15 00:00:00, Billing_Schedule_To_Date__c=2027-06-14 00:00:00, Custom_Product_Name__c=null, Ship_To_Address__c=null, Legacy_Id__c=null, DoNotExpand__c=false, Royalty_Amount__c=null, Exchange_Rate_To_USD__c=null, gsOrderDetailID__c=null, gsOrderID__c=null, Asset__c=null, Entitlement__c=null, Feature_Code__c=null, Freight_Terms__c=null, GSA__c=false, Hardware_ID__c=null, Hardware__c=null, Hostname__c=null, Instances__c=null, Is_Term__c=false, COLA_Uplift_Percent__c=null, End_Date_Calculated__c=2027-06-14 00:00:00, Legacy_Source__c=null, MSP_End_User__c=null, MYCAP__c=false, Maintenance_Discount_Percent__c=null, Manual_Discount__c=null, Migration_Change__c=null, Model__c=null, Number_of_Processors__c=null, Order_Is_Price_Locked__c=false, Override_Discount_Amount__c=null, Override_Discount_Percentage__c=null, Partition__c=null, Partner_Discount_Type__c=null, Price_Overriden__c=false, Prior_Feature_Code__c=null, Prior_Group_Number__c=null, Prior_Model__c=null, Prior_Number_of_Processors__c=null, Prior_Serial_Number__c=null, Product_Sale_Type__c=null, Product_type__c=null, Quantity_Back_Ordered__c=null, Quantity_Shipped__c=null, RSM_Discount_Percent__c=null, RSM__c=null, Requested_Delivery_Date__c=null, Sales_Support_Notes__c=null, Sequence_Number__c=null, Server_Type_Discount_Percent__c=null, Skip_Price_Calculation__c=false, Swap__c=false, System_Type__c=null, Tax_Code__c=null, Units__c=null, Uplift_Percent__c=null, Version_Number__c=null, Fortra_Product_Type__c=New Maintenance, Year_After_StartDate__c=false, Two_Years_After_Start_Date__c=false, Order_Line_ARR__c=null, Base_Price__c=71.00, Displaced_ARR__c=null, Is_Split_Line__c=false, Original_Order_Item__c=null, Partition_Record__c=null, Quote_Legal_Entity__c=Fortra, LLC*, Serial_Number__c=null, AllowRegionalPricing__c=false, Attribute_Multiplier_Pct__c=null, Attribute_Price_Mode__c=null, COLACalculatedPrice__c=null, Has_Attribute_Adjustment__c=false, RegionalNetUnitPrice__c=null, Quote_Line_Discount_Reason__c=null, Billing_Frequency__c=Yearly_Billing_Template, Order_Line_NARR_Calculated__c=0.00, Workday_Contract_Line_Reference_ID__c=null, LPAR_Number__c=null, LPAR_System_Name__c=null, Workday_Contract_Line_Type__c=FIXED AMOUNT, Start_Date_Calculated__c=2026-06-15 00:00:00, LegacyQuoteLineDiscount__c=null, LIC_Fair_Value_Amount__c=null, MAINT_Fair_Value_Amount__c=null, Source_List_Price__c=355.00, Prior_Discretionary_Discount__c=0.00, Prior_Partner_Discount__c=0.00, NetTotalPrice_Calculated__c=0.00}
12:19:44.171 (2178861316)|FLOW_ELEMENT_BEGIN|14676012788e2f5814d2163a58219ecc9c55f1-793e|FlowDecision|Is_Termed_Blank
12:19:44.171 (2178891918)|FLOW_ELEMENT_DEFERRED|FlowDecision|Is_Termed_Blank
12:19:44.171 (2178920160)|FLOW_ELEMENT_LIMIT_USAGE|1 ms CPU time, total 586 out of 15000
12:19:44.171 (2178930105)|FLOW_ELEMENT_END|14676012788e2f5814d2163a58219ecc9c55f1-793e|FlowDecision|Is_Termed_Blank
12:19:44.171 (2178963340)|FLOW_START_INTERVIEW_END|14676012788e2f5814d2163a58219ecc9c55f1-793e|Fortra &#124; OrderItem &#124; Set Dates
12:19:44.171 (2179094889)|FLOW_BULK_ELEMENT_BEGIN|FlowDecision|Is_Termed_Blank
12:19:44.171 (2179279001)|FLOW_RULE_DETAIL|14656012788e2f5814d2163a58219ecc9c55f1-793c|Termed_Needs_Dates|false|false
12:19:44.171 (2179297994)|FLOW_VALUE_ASSIGNMENT|14656012788e2f5814d2163a58219ecc9c55f1-793c|Termed_Needs_Dates|false
12:19:44.171 (2179340722)|FLOW_RULE_DETAIL|14666012788e2f5814d2163a58219ecc9c55f1-793d|Termed_Needs_Dates|false|false
12:19:44.171 (2179347123)|FLOW_VALUE_ASSIGNMENT|14666012788e2f5814d2163a58219ecc9c55f1-793d|Termed_Needs_Dates|false
12:19:44.171 (2179379695)|FLOW_RULE_DETAIL|14676012788e2f5814d2163a58219ecc9c55f1-793e|Termed_Needs_Dates|false|false
12:19:44.171 (2179384865)|FLOW_VALUE_ASSIGNMENT|14676012788e2f5814d2163a58219ecc9c55f1-793e|Termed_Needs_Dates|false
12:19:44.171 (2179516046)|FLOW_BULK_ELEMENT_LIMIT_USAGE|1 ms CPU time, total 587 out of 15000
12:19:44.171 (2179535894)|FLOW_BULK_ELEMENT_END|FlowDecision|Is_Termed_Blank|0|0
12:19:44.171 (2179570419)|FLOW_ELEMENT_BEGIN|14656012788e2f5814d2163a58219ecc9c55f1-793c|FlowDecision|Perpetual
12:19:44.171 (2179583416)|FLOW_ELEMENT_DEFERRED|FlowDecision|Perpetual
12:19:44.171 (2179597848)|FLOW_ELEMENT_END|14656012788e2f5814d2163a58219ecc9c55f1-793c|FlowDecision|Perpetual
12:19:44.171 (2179608330)|FLOW_ELEMENT_BEGIN|14666012788e2f5814d2163a58219ecc9c55f1-793d|FlowDecision|Perpetual
12:19:44.171 (2179616418)|FLOW_ELEMENT_DEFERRED|FlowDecision|Perpetual
12:19:44.171 (2179626163)|FLOW_ELEMENT_END|14666012788e2f5814d2163a58219ecc9c55f1-793d|FlowDecision|Perpetual
12:19:44.171 (2179635613)|FLOW_ELEMENT_BEGIN|14676012788e2f5814d2163a58219ecc9c55f1-793e|FlowDecision|Perpetual
12:19:44.171 (2179643643)|FLOW_ELEMENT_DEFERRED|FlowDecision|Perpetual
12:19:44.171 (2179652331)|FLOW_ELEMENT_END|14676012788e2f5814d2163a58219ecc9c55f1-793e|FlowDecision|Perpetual
12:19:44.171 (2179738692)|FLOW_BULK_ELEMENT_BEGIN|FlowDecision|Perpetual
12:19:44.171 (2179800383)|FLOW_RULE_DETAIL|14656012788e2f5814d2163a58219ecc9c55f1-793c|Perpetual_Outcome|false|false
12:19:44.171 (2179810568)|FLOW_VALUE_ASSIGNMENT|14656012788e2f5814d2163a58219ecc9c55f1-793c|Perpetual_Outcome|false
12:19:44.171 (2179840627)|FLOW_RULE_DETAIL|14666012788e2f5814d2163a58219ecc9c55f1-793d|Perpetual_Outcome|true|false
12:19:44.171 (2179847018)|FLOW_VALUE_ASSIGNMENT|14666012788e2f5814d2163a58219ecc9c55f1-793d|Perpetual_Outcome|true
12:19:44.171 (2179873902)|FLOW_RULE_DETAIL|14676012788e2f5814d2163a58219ecc9c55f1-793e|Perpetual_Outcome|false|false
12:19:44.171 (2179900331)|FLOW_VALUE_ASSIGNMENT|14676012788e2f5814d2163a58219ecc9c55f1-793e|Perpetual_Outcome|false
12:19:44.171 (2179975068)|FLOW_BULK_ELEMENT_END|FlowDecision|Perpetual|0|0
12:19:44.171 (2179997273)|FLOW_ELEMENT_BEGIN|14656012788e2f5814d2163a58219ecc9c55f1-793c|FlowRecordUpdate|Non_Perpetual_Set_Dates
12:19:44.171 (2180008264)|FLOW_ELEMENT_DEFERRED|FlowRecordUpdate|Non_Perpetual_Set_Dates
12:19:44.171 (2180024812)|FLOW_ELEMENT_END|14656012788e2f5814d2163a58219ecc9c55f1-793c|FlowRecordUpdate|Non_Perpetual_Set_Dates
12:19:44.171 (2180041066)|FLOW_ELEMENT_BEGIN|14666012788e2f5814d2163a58219ecc9c55f1-793d|FlowRecordUpdate|Perpetual_Set_Dates
12:19:44.171 (2180053666)|FLOW_ELEMENT_DEFERRED|FlowRecordUpdate|Perpetual_Set_Dates
12:19:44.171 (2180067598)|FLOW_ELEMENT_END|14666012788e2f5814d2163a58219ecc9c55f1-793d|FlowRecordUpdate|Perpetual_Set_Dates
12:19:44.171 (2180081680)|FLOW_ELEMENT_BEGIN|14676012788e2f5814d2163a58219ecc9c55f1-793e|FlowRecordUpdate|Non_Perpetual_Set_Dates
12:19:44.171 (2180093879)|FLOW_ELEMENT_DEFERRED|FlowRecordUpdate|Non_Perpetual_Set_Dates
12:19:44.171 (2180107128)|FLOW_ELEMENT_LIMIT_USAGE|1 ms CPU time, total 588 out of 15000
12:19:44.171 (2180113875)|FLOW_ELEMENT_END|14676012788e2f5814d2163a58219ecc9c55f1-793e|FlowRecordUpdate|Non_Perpetual_Set_Dates
12:19:44.171 (2180186320)|FLOW_BULK_ELEMENT_BEGIN|FlowRecordUpdate|Non_Perpetual_Set_Dates
12:19:44.171 (2181179204)|FLOW_VALUE_ASSIGNMENT|14656012788e2f5814d2163a58219ecc9c55f1-793c|Non_Perpetual_Set_Dates|true
12:19:44.171 (2182442619)|FLOW_VALUE_ASSIGNMENT|14656012788e2f5814d2163a58219ecc9c55f1-793c|$Record|{Id=802WC00000OpopoYAB, Product2Id=01tWC00000DD11JYAT, IsDeleted=false, OrderId=801WC00000knHDLYA2, PricebookEntryId=01uWC000005wrrDYAQ, OriginalOrderItemId=null, QuoteLineItemId=0QLWC000003ehSj4AI, AvailableQuantity=1.00, Quantity=1.00, CurrencyIsoCode=USD, UnitPrice=77080.00, ListPrice=94000.00, TotalPrice=94000.00, BillingReference2=null, ServiceDate=2026-06-15 00:00:00, ServiceTime=00:00:00.000Z, ServiceDateTime=null, EndDate=2027-06-14 00:00:00, EndTime=00:00:00.000Z, EndDateTime=null, ServiceEndTimeZone=GMT, Description=null, TotalLineAmount=77080.00, TotalAdjustmentAmount=0.00, TotalLineAdjustmentAmount=0.00, TotalAdjustmentDistAmount=0.00, TotalAdjustmentTaxAmount=0.00, TotalLineAdjustmentTaxAmount=0.00, TotalAdjustmentDistTaxAmount=0.00, TotalLineTaxAmount=0.00, TotalTaxAmount=0.00, RoundedLineAmount=77080.00, AdjustedLineAmount=77080.00, TotalAdjustedLineTaxAmount=0.00, RoundedLineAmtWithTax=77080.00, TotalAdjustmentAmtWithTax=0.00, AdjustedLineAmtWithTax=77080.00, TotalLineAdjustmentAmtWithTax=0.00, TotalAdjustmentDistAmtWithTax=0.00, TotalAmtWithTax=94000.00, OrderDeliveryGroupId=null, RelatedOrderItemId=null, Type=null, TypeCode=null, TaxTreatmentId=null, LegalEntityId=0fwWC000000034LYAQ, BillingTreatmentId=null, ProductSellingModelId=0jPWC000000060b2AA, OrderActionId=8OAWC000002SOpS4AW, ProrationPolicyId=0mua50000004KzRAAU, PeriodBoundary=Anniversary, PeriodBoundaryStartMonth=null, PeriodBoundaryDay=null, PricingTermCount=1.00, NetUnitPrice=77080.00, BillingFrequency2=Annual, ParentOrderItemId=null, Status=null, LineNumber=1, CreatedDate=2026-06-15 14:12:47, CreatedById=005a500001SfRd7AAF, LastModifiedDate=2026-06-15 19:19:44, LastModifiedById=005WC00000MgTN2YAN, SystemModstamp=2026-06-15 19:19:44, OrderItemNumber=0000564381, PriceWaterfallIdentifier=802WC00000OpopoYAB:149787176567512, StartQuantity=0.00, EndQuantity=1.00, NetTotalPrice=94000.00, Discount=null, DiscountAmount=null, PartnerDiscountPercent=null, PartnerUnitPrice=77080.00, ValidationResult=null, EarliestEstimatedDeliveryDate=null, LatestEstimatedDeliveryDate=null, EarliestEstimatedDeliveryTime=null, LatestEstimatedDeliveryTime=null, EstimatedDeliveryReference=null, EstimatedDeliveryTimeZone=null, CustomProductName=null, SubscriptionTerm=1, OrderItemGroupId=null, SegmentIdentifier=null, SegmentType=null, SegmentName=null, IsPrimarySegment=false, OrderItemRecipientId=null, RampIdentifier=null, QuantityUnitOfMeasureId=null, UnitPriceUplift=null, BindingInstanceTargetId=null, PricingContractId=null, RevenueCloudPackagingFlag=CP, IsOrderItemLocked=false, RelatedChangeIdentifier=null, SupplementalChangeType=null, AggregatedQuantity=1.00, BatchIdentifier=null, DoesAutomaticallyRenew=false, Margin=null, MarginAmount=null, UnitCost=null, TotalCost=null, TotalAdjustment=null, TotalMargin=null, TotalMarginAmount=null, PriceRevisionPolicyId=null, ReplacementGroupId=null, Currency__c=USD, Workday_Sync_Correlation_Id__c=null, Workday_Sync_Message__c=null, Workday_Sync_Payload__c=null, Workday_Sync_Status__c=null, Multiple_Element_Rev_Alloc_Value__c=false, Workday_Revenue_Category__c=null, Billing_Schedule_From_Date__c=2026-06-15 00:00:00, Billing_Schedule_To_Date__c=2027-06-14 00:00:00, Custom_Product_Name__c=null, Ship_To_Address__c=null, Legacy_Id__c=null, DoNotExpand__c=false, Royalty_Amount__c=null, Exchange_Rate_To_USD__c=null, gsOrderDetailID__c=null, gsOrderID__c=null, Asset__c=null, Entitlement__c=null, Feature_Code__c=null, Freight_Terms__c=null, GSA__c=false, Hardware_ID__c=null, Hardware__c=null, Hostname__c=null, Instances__c=null, Is_Term__c=false, COLA_Uplift_Percent__c=null, End_Date_Calculated__c=2027-06-14 00:00:00, Legacy_Source__c=null, MSP_End_User__c=null, MYCAP__c=false, Maintenance_Discount_Percent__c=null, Manual_Discount__c=null, Migration_Change__c=null, Model__c=null, Number_of_Processors__c=null, Order_Is_Price_Locked__c=false, Override_Discount_Amount__c=null, Override_Discount_Percentage__c=null, Partition__c=null, Partner_Discount_Type__c=null, Price_Overriden__c=false, Prior_Feature_Code__c=null, Prior_Group_Number__c=null, Prior_Model__c=null, Prior_Number_of_Processors__c=null, Prior_Serial_Number__c=null, Product_Sale_Type__c=null, Product_type__c=null, Quantity_Back_Ordered__c=null, Quantity_Shipped__c=null, RSM_Discount_Percent__c=null, RSM__c=null, Requested_Delivery_Date__c=null, Sales_Support_Notes__c=null, Sequence_Number__c=null, Server_Type_Discount_Percent__c=null, Skip_Price_Calculation__c=false, Swap__c=false, System_Type__c=null, Tax_Code__c=null, Units__c=null, Uplift_Percent__c=null, Version_Number__c=null, Fortra_Product_Type__c=Subscription, Year_After_StartDate__c=true, Two_Years_After_Start_Date__c=false, Order_Line_ARR__c=null, Base_Price__c=null, Displaced_ARR__c=null, Is_Split_Line__c=false, Original_Order_Item__c=null, Partition_Record__c=null, Quote_Legal_Entity__c=Fortra, LLC*, Serial_Number__c=null, AllowRegionalPricing__c=false, Attribute_Multiplier_Pct__c=null, Attribute_Price_Mode__c=null, COLACalculatedPrice__c=null, Has_Attribute_Adjustment__c=false, RegionalNetUnitPrice__c=null, Quote_Line_Discount_Reason__c=null, Billing_Frequency__c=Yearly_Billing_Template, Order_Line_NARR_Calculated__c=0.00, Workday_Contract_Line_Reference_ID__c=null, LPAR_Number__c=null, LPAR_System_Name__c=null, Workday_Contract_Line_Type__c=FIXED AMOUNT, Start_Date_Calculated__c=2026-06-15 00:00:00, LegacyQuoteLineDiscount__c=null, LIC_Fair_Value_Amount__c=null, MAINT_Fair_Value_Amount__c=null, Source_List_Price__c=null, Prior_Discretionary_Discount__c=null, Prior_Partner_Discount__c=null, NetTotalPrice_Calculated__c=77080.00}
12:19:44.171 (2182480486)|FLOW_VALUE_ASSIGNMENT|14656012788e2f5814d2163a58219ecc9c55f1-793c|Non_Perpetual_Set_Dates__CONDITIONS_RESULT|true
12:19:44.171 (2182847145)|FLOW_VALUE_ASSIGNMENT|14676012788e2f5814d2163a58219ecc9c55f1-793e|Non_Perpetual_Set_Dates|true
12:19:44.171 (2183994773)|FLOW_VALUE_ASSIGNMENT|14676012788e2f5814d2163a58219ecc9c55f1-793e|$Record|{Id=802WC00000OpopqYAB, Product2Id=01tWC00000DD1bsYAD, IsDeleted=false, OrderId=801WC00000knHDLYA2, PricebookEntryId=01uWC000005wsbUYAQ, OriginalOrderItemId=null, QuoteLineItemId=0QLWC000003ehR84AI, AvailableQuantity=0.00, Quantity=0.00, CurrencyIsoCode=USD, UnitPrice=71.00, ListPrice=0.00, TotalPrice=0.00, BillingReference2=802WC00000OZLOrYAP, ServiceDate=2026-06-15 00:00:00, ServiceTime=00:00:00.000Z, ServiceDateTime=null, EndDate=null, EndTime=null, EndDateTime=null, ServiceEndTimeZone=GMT, Description=Powertech Identity & Access Manager (BoKS)-NewMaintenance &#124; Standard, TotalLineAmount=71.00, TotalAdjustmentAmount=0.00, TotalLineAdjustmentAmount=0.00, TotalAdjustmentDistAmount=0.00, TotalAdjustmentTaxAmount=0.00, TotalLineAdjustmentTaxAmount=0.00, TotalAdjustmentDistTaxAmount=0.00, TotalLineTaxAmount=0.00, TotalTaxAmount=0.00, RoundedLineAmount=71.00, AdjustedLineAmount=71.00, TotalAdjustedLineTaxAmount=0.00, RoundedLineAmtWithTax=71.00, TotalAdjustmentAmtWithTax=0.00, AdjustedLineAmtWithTax=71.00, TotalLineAdjustmentAmtWithTax=0.00, TotalAdjustmentDistAmtWithTax=0.00, TotalAmtWithTax=0.00, OrderDeliveryGroupId=null, RelatedOrderItemId=null, Type=null, TypeCode=null, TaxTreatmentId=null, LegalEntityId=0fwWC000000034LYAQ, BillingTreatmentId=1BTWC000000Mdh34AC, ProductSellingModelId=0jPWC00000005yz2AA, OrderActionId=8OAWC000002SOpR4AW, ProrationPolicyId=null, PeriodBoundary=null, PeriodBoundaryStartMonth=null, PeriodBoundaryDay=null, PricingTermCount=null, NetUnitPrice=71.00, BillingFrequency2=null, ParentOrderItemId=null, Status=null, LineNumber=3, CreatedDate=2026-06-15 14:12:47, CreatedById=005a500001SfRd7AAF, LastModifiedDate=2026-06-15 19:19:44, LastModifiedById=005WC00000MgTN2YAN, SystemModstamp=2026-06-15 19:19:44, OrderItemNumber=0000564383, PriceWaterfallIdentifier=null, StartQuantity=1.00, EndQuantity=1.00, NetTotalPrice=0.00, Discount=null, DiscountAmount=null, PartnerDiscountPercent=12.00, PartnerUnitPrice=71.00, ValidationResult=null, EarliestEstimatedDeliveryDate=null, LatestEstimatedDeliveryDate=null, EarliestEstimatedDeliveryTime=null, LatestEstimatedDeliveryTime=null, EstimatedDeliveryReference=null, EstimatedDeliveryTimeZone=null, CustomProductName=Powertech Identity & Access Manager (BoKS)-NewMaintenance, SubscriptionTerm=null, OrderItemGroupId=null, SegmentIdentifier=null, SegmentType=null, SegmentName=null, IsPrimarySegment=false, OrderItemRecipientId=null, RampIdentifier=null, QuantityUnitOfMeasureId=null, UnitPriceUplift=null, BindingInstanceTargetId=null, PricingContractId=null, RevenueCloudPackagingFlag=P, IsOrderItemLocked=false, RelatedChangeIdentifier=null, SupplementalChangeType=null, AggregatedQuantity=null, BatchIdentifier=null, DoesAutomaticallyRenew=false, Margin=null, MarginAmount=null, UnitCost=null, TotalCost=null, TotalAdjustment=null, TotalMargin=null, TotalMarginAmount=null, PriceRevisionPolicyId=null, ReplacementGroupId=null, Currency__c=USD, Workday_Sync_Correlation_Id__c=null, Workday_Sync_Message__c=null, Workday_Sync_Payload__c=null, Workday_Sync_Status__c=null, Multiple_Element_Rev_Alloc_Value__c=false, Workday_Revenue_Category__c=null, Billing_Schedule_From_Date__c=2026-06-15 00:00:00, Billing_Schedule_To_Date__c=2027-06-14 00:00:00, Custom_Product_Name__c=null, Ship_To_Address__c=null, Legacy_Id__c=null, DoNotExpand__c=false, Royalty_Amount__c=null, Exchange_Rate_To_USD__c=null, gsOrderDetailID__c=null, gsOrderID__c=null, Asset__c=null, Entitlement__c=null, Feature_Code__c=null, Freight_Terms__c=null, GSA__c=false, Hardware_ID__c=null, Hardware__c=null, Hostname__c=null, Instances__c=null, Is_Term__c=false, COLA_Uplift_Percent__c=null, End_Date_Calculated__c=2027-06-14 00:00:00, Legacy_Source__c=null, MSP_End_User__c=null, MYCAP__c=false, Maintenance_Discount_Percent__c=null, Manual_Discount__c=null, Migration_Change__c=null, Model__c=null, Number_of_Processors__c=null, Order_Is_Price_Locked__c=false, Override_Discount_Amount__c=null, Override_Discount_Percentage__c=null, Partition__c=null, Partner_Discount_Type__c=null, Price_Overriden__c=false, Prior_Feature_Code__c=null, Prior_Group_Number__c=null, Prior_Model__c=null, Prior_Number_of_Processors__c=null, Prior_Serial_Number__c=null, Product_Sale_Type__c=null, Product_type__c=null, Quantity_Back_Ordered__c=null, Quantity_Shipped__c=null, RSM_Discount_Percent__c=null, RSM__c=null, Requested_Delivery_Date__c=null, Sales_Support_Notes__c=null, Sequence_Number__c=null, Server_Type_Discount_Percent__c=null, Skip_Price_Calculation__c=false, Swap__c=false, System_Type__c=null, Tax_Code__c=null, Units__c=null, Uplift_Percent__c=null, Version_Number__c=null, Fortra_Product_Type__c=New Maintenance, Year_After_StartDate__c=false, Two_Years_After_Start_Date__c=false, Order_Line_ARR__c=null, Base_Price__c=71.00, Displaced_ARR__c=null, Is_Split_Line__c=false, Original_Order_Item__c=null, Partition_Record__c=null, Quote_Legal_Entity__c=Fortra, LLC*, Serial_Number__c=null, AllowRegionalPricing__c=false, Attribute_Multiplier_Pct__c=null, Attribute_Price_Mode__c=null, COLACalculatedPrice__c=null, Has_Attribute_Adjustment__c=false, RegionalNetUnitPrice__c=null, Quote_Line_Discount_Reason__c=null, Billing_Frequency__c=Yearly_Billing_Template, Order_Line_NARR_Calculated__c=0.00, Workday_Contract_Line_Reference_ID__c=null, LPAR_Number__c=null, LPAR_System_Name__c=null, Workday_Contract_Line_Type__c=FIXED AMOUNT, Start_Date_Calculated__c=2026-06-15 00:00:00, LegacyQuoteLineDiscount__c=null, LIC_Fair_Value_Amount__c=null, MAINT_Fair_Value_Amount__c=null, Source_List_Price__c=355.00, Prior_Discretionary_Discount__c=0.00, Prior_Partner_Discount__c=0.00, NetTotalPrice_Calculated__c=0.00}
12:19:44.171 (2184031062)|FLOW_VALUE_ASSIGNMENT|14676012788e2f5814d2163a58219ecc9c55f1-793e|Non_Perpetual_Set_Dates__CONDITIONS_RESULT|true
12:19:44.171 (2184159318)|FLOW_BULK_ELEMENT_LIMIT_USAGE|3 ms CPU time, total 591 out of 15000
12:19:44.171 (2184191603)|FLOW_BULK_ELEMENT_END|FlowRecordUpdate|Non_Perpetual_Set_Dates|0|3
12:19:44.171 (2184387494)|FLOW_BULK_ELEMENT_BEGIN|FlowRecordUpdate|Perpetual_Set_Dates
12:19:44.171 (2184618061)|FLOW_VALUE_ASSIGNMENT|14666012788e2f5814d2163a58219ecc9c55f1-793d|Perpetual_Set_Dates|true
12:19:44.171 (2184621701)|FLOW_VALUE_ASSIGNMENT|14666012788e2f5814d2163a58219ecc9c55f1-793d|Perpetual_Set_Dates__CONDITIONS_RESULT|true
12:19:44.171 (2185909347)|FLOW_VALUE_ASSIGNMENT|14666012788e2f5814d2163a58219ecc9c55f1-793d|$Record|{Id=802WC00000OpoppYAB, Product2Id=01tWC00000DD1btYAD, IsDeleted=false, OrderId=801WC00000knHDLYA2, PricebookEntryId=01uWC000005ws8MYAQ, OriginalOrderItemId=null, QuoteLineItemId=0QLWC000003ehR74AI, AvailableQuantity=1.00, Quantity=1.00, CurrencyIsoCode=USD, UnitPrice=301.75, ListPrice=355.00, TotalPrice=256.4875, BillingReference2=null, ServiceDate=null, ServiceTime=null, ServiceDateTime=null, EndDate=null, EndTime=null, EndDateTime=null, ServiceEndTimeZone=null, Description=Powertech Identity & Access Manager (BoKS) &#124; Standard, TotalLineAmount=301.75, TotalAdjustmentAmount=-45.2625, TotalLineAdjustmentAmount=0.00, TotalAdjustmentDistAmount=0.00, TotalAdjustmentTaxAmount=0.00, TotalLineAdjustmentTaxAmount=0.00, TotalAdjustmentDistTaxAmount=0.00, TotalLineTaxAmount=0.00, TotalTaxAmount=0.00, RoundedLineAmount=301.75, AdjustedLineAmount=256.4875, TotalAdjustedLineTaxAmount=0.00, RoundedLineAmtWithTax=301.75, TotalAdjustmentAmtWithTax=-45.2625, AdjustedLineAmtWithTax=256.4875, TotalLineAdjustmentAmtWithTax=0.00, TotalAdjustmentDistAmtWithTax=0.00, TotalAmtWithTax=256.4875, OrderDeliveryGroupId=null, RelatedOrderItemId=null, Type=null, TypeCode=null, TaxTreatmentId=null, LegalEntityId=0fwWC000000034LYAQ, BillingTreatmentId=null, ProductSellingModelId=0jPWC00000005yz2AA, OrderActionId=8OAWC000002SOpS4AW, ProrationPolicyId=null, PeriodBoundary=null, PeriodBoundaryStartMonth=null, PeriodBoundaryDay=null, PricingTermCount=0.00, NetUnitPrice=301.75, BillingFrequency2=null, ParentOrderItemId=null, Status=null, LineNumber=2, CreatedDate=2026-06-15 14:12:47, CreatedById=005a500001SfRd7AAF, LastModifiedDate=2026-06-15 19:19:44, LastModifiedById=005WC00000MgTN2YAN, SystemModstamp=2026-06-15 19:19:44, OrderItemNumber=0000564382, PriceWaterfallIdentifier=802WC00000OpoppYAB:149787176567512, StartQuantity=0.00, EndQuantity=1.00, NetTotalPrice=256.4875, Discount=null, DiscountAmount=null, PartnerDiscountPercent=15.00, PartnerUnitPrice=301.75, ValidationResult=null, EarliestEstimatedDeliveryDate=null, LatestEstimatedDeliveryDate=null, EarliestEstimatedDeliveryTime=null, LatestEstimatedDeliveryTime=null, EstimatedDeliveryReference=null, EstimatedDeliveryTimeZone=null, CustomProductName=null, SubscriptionTerm=null, OrderItemGroupId=null, SegmentIdentifier=null, SegmentType=null, SegmentName=null, IsPrimarySegment=false, OrderItemRecipientId=null, RampIdentifier=null, QuantityUnitOfMeasureId=null, UnitPriceUplift=null, BindingInstanceTargetId=null, PricingContractId=null, RevenueCloudPackagingFlag=CP, IsOrderItemLocked=false, RelatedChangeIdentifier=null, SupplementalChangeType=null, AggregatedQuantity=1.00, BatchIdentifier=null, DoesAutomaticallyRenew=false, Margin=null, MarginAmount=null, UnitCost=null, TotalCost=null, TotalAdjustment=null, TotalMargin=null, TotalMarginAmount=null, PriceRevisionPolicyId=null, ReplacementGroupId=null, Currency__c=USD, Workday_Sync_Correlation_Id__c=null, Workday_Sync_Message__c=null, Workday_Sync_Payload__c=null, Workday_Sync_Status__c=null, Multiple_Element_Rev_Alloc_Value__c=false, Workday_Revenue_Category__c=null, Billing_Schedule_From_Date__c=2026-06-15 00:00:00, Billing_Schedule_To_Date__c=2026-06-15 00:00:00, Custom_Product_Name__c=null, Ship_To_Address__c=null, Legacy_Id__c=null, DoNotExpand__c=false, Royalty_Amount__c=null, Exchange_Rate_To_USD__c=null, gsOrderDetailID__c=null, gsOrderID__c=null, Asset__c=null, Entitlement__c=null, Feature_Code__c=null, Freight_Terms__c=null, GSA__c=false, Hardware_ID__c=null, Hardware__c=null, Hostname__c=null, Instances__c=null, Is_Term__c=false, COLA_Uplift_Percent__c=null, End_Date_Calculated__c=2026-06-15 00:00:00, Legacy_Source__c=null, MSP_End_User__c=null, MYCAP__c=false, Maintenance_Discount_Percent__c=null, Manual_Discount__c=null, Migration_Change__c=null, Model__c=null, Number_of_Processors__c=null, Order_Is_Price_Locked__c=false, Override_Discount_Amount__c=null, Override_Discount_Percentage__c=null, Partition__c=null, Partner_Discount_Type__c=null, Price_Overriden__c=false, Prior_Feature_Code__c=null, Prior_Group_Number__c=null, Prior_Model__c=null, Prior_Number_of_Processors__c=null, Prior_Serial_Number__c=null, Product_Sale_Type__c=null, Product_type__c=null, Quantity_Back_Ordered__c=null, Quantity_Shipped__c=null, RSM_Discount_Percent__c=null, RSM__c=null, Requested_Delivery_Date__c=null, Sales_Support_Notes__c=null, Sequence_Number__c=null, Server_Type_Discount_Percent__c=null, Skip_Price_Calculation__c=false, Swap__c=false, System_Type__c=null, Tax_Code__c=null, Units__c=null, Uplift_Percent__c=null, Version_Number__c=null, Fortra_Product_Type__c=Perpetual, Year_After_StartDate__c=false, Two_Years_After_Start_Date__c=false, Order_Line_ARR__c=null, Base_Price__c=null, Displaced_ARR__c=null, Is_Split_Line__c=false, Original_Order_Item__c=null, Partition_Record__c=null, Quote_Legal_Entity__c=Fortra, LLC*, Serial_Number__c=null, AllowRegionalPricing__c=false, Attribute_Multiplier_Pct__c=null, Attribute_Price_Mode__c=null, COLACalculatedPrice__c=null, Has_Attribute_Adjustment__c=false, RegionalNetUnitPrice__c=null, Quote_Line_Discount_Reason__c=null, Billing_Frequency__c=Yearly_Billing_Template, Order_Line_NARR_Calculated__c=0.00, Workday_Contract_Line_Reference_ID__c=null, LPAR_Number__c=null, LPAR_System_Name__c=null, Workday_Contract_Line_Type__c=FIXED AMOUNT, Start_Date_Calculated__c=2026-06-15 00:00:00, LegacyQuoteLineDiscount__c=null, LIC_Fair_Value_Amount__c=null, MAINT_Fair_Value_Amount__c=null, Source_List_Price__c=null, Prior_Discretionary_Discount__c=null, Prior_Partner_Discount__c=null, NetTotalPrice_Calculated__c=301.75}
12:19:44.171 (2186065866)|FLOW_BULK_ELEMENT_LIMIT_USAGE|2 ms CPU time, total 593 out of 15000
12:19:44.171 (2186095956)|FLOW_BULK_ELEMENT_END|FlowRecordUpdate|Perpetual_Set_Dates|0|1
12:19:44.171 (2186279169)|FLOW_START_INTERVIEWS_END|3
12:19:44.171 (2186496788)|FLOW_INTERVIEW_FINISHED|14656012788e2f5814d2163a58219ecc9c55f1-793c|Fortra &#124; OrderItem &#124; Set Dates
12:19:44.171 (2186519314)|FLOW_INTERVIEW_FINISHED_LIMIT_USAGE|SOQL queries: 7 out of 100
12:19:44.171 (2186523788)|FLOW_INTERVIEW_FINISHED_LIMIT_USAGE|SOQL query rows: 17 out of 50000
12:19:44.171 (2186527404)|FLOW_INTERVIEW_FINISHED_LIMIT_USAGE|SOSL queries: 0 out of 20
12:19:44.171 (2186530812)|FLOW_INTERVIEW_FINISHED_LIMIT_USAGE|DML statements: 4 out of 150
12:19:44.171 (2186533771)|FLOW_INTERVIEW_FINISHED_LIMIT_USAGE|DML rows: 12 out of 10000
12:19:44.171 (2186536979)|FLOW_INTERVIEW_FINISHED_LIMIT_USAGE|CPU time in ms: 593 out of 15000
12:19:44.171 (2186550093)|FLOW_INTERVIEW_FINISHED_LIMIT_USAGE|Heap size in bytes: 1543 out of 6000000
12:19:44.171 (2186553837)|FLOW_INTERVIEW_FINISHED_LIMIT_USAGE|Callouts: 0 out of 100
12:19:44.171 (2186556572)|FLOW_INTERVIEW_FINISHED_LIMIT_USAGE|Email invocations: 0 out of 10
12:19:44.171 (2186559368)|FLOW_INTERVIEW_FINISHED_LIMIT_USAGE|Future calls: 0 out of 50
12:19:44.171 (2186562243)|FLOW_INTERVIEW_FINISHED_LIMIT_USAGE|Jobs in queue: 0 out of 50
12:19:44.171 (2186565612)|FLOW_INTERVIEW_FINISHED|14666012788e2f5814d2163a58219ecc9c55f1-793d|Fortra &#124; OrderItem &#124; Set Dates
12:19:44.171 (2186570152)|FLOW_INTERVIEW_FINISHED_LIMIT_USAGE|SOQL queries: 7 out of 100
12:19:44.171 (2186572678)|FLOW_INTERVIEW_FINISHED_LIMIT_USAGE|SOQL query rows: 17 out of 50000
12:19:44.171 (2186575148)|FLOW_INTERVIEW_FINISHED_LIMIT_USAGE|SOSL queries: 0 out of 20
12:19:44.171 (2186577680)|FLOW_INTERVIEW_FINISHED_LIMIT_USAGE|DML statements: 4 out of 150
12:19:44.171 (2186580203)|FLOW_INTERVIEW_FINISHED_LIMIT_USAGE|DML rows: 12 out of 10000
12:19:44.171 (2186582601)|FLOW_INTERVIEW_FINISHED_LIMIT_USAGE|CPU time in ms: 593 out of 15000
12:19:44.171 (2186588686)|FLOW_INTERVIEW_FINISHED_LIMIT_USAGE|Heap size in bytes: 1543 out of 6000000
12:19:44.171 (2186591334)|FLOW_INTERVIEW_FINISHED_LIMIT_USAGE|Callouts: 0 out of 100
12:19:44.171 (2186593726)|FLOW_INTERVIEW_FINISHED_LIMIT_USAGE|Email invocations: 0 out of 10
12:19:44.171 (2186596082)|FLOW_INTERVIEW_FINISHED_LIMIT_USAGE|Future calls: 0 out of 50
12:19:44.171 (2186598393)|FLOW_INTERVIEW_FINISHED_LIMIT_USAGE|Jobs in queue: 0 out of 50
12:19:44.171 (2186600308)|FLOW_INTERVIEW_FINISHED|14676012788e2f5814d2163a58219ecc9c55f1-793e|Fortra &#124; OrderItem &#124; Set Dates
12:19:44.171 (2186604287)|FLOW_INTERVIEW_FINISHED_LIMIT_USAGE|SOQL queries: 7 out of 100
12:19:44.171 (2186606737)|FLOW_INTERVIEW_FINISHED_LIMIT_USAGE|SOQL query rows: 17 out of 50000
12:19:44.171 (2186641763)|FLOW_INTERVIEW_FINISHED_LIMIT_USAGE|SOSL queries: 0 out of 20
12:19:44.171 (2186644405)|FLOW_INTERVIEW_FINISHED_LIMIT_USAGE|DML statements: 4 out of 150
12:19:44.171 (2186646822)|FLOW_INTERVIEW_FINISHED_LIMIT_USAGE|DML rows: 12 out of 10000
12:19:44.171 (2186649293)|FLOW_INTERVIEW_FINISHED_LIMIT_USAGE|CPU time in ms: 593 out of 15000
12:19:44.171 (2186654986)|FLOW_INTERVIEW_FINISHED_LIMIT_USAGE|Heap size in bytes: 1543 out of 6000000
12:19:44.171 (2186657514)|FLOW_INTERVIEW_FINISHED_LIMIT_USAGE|Callouts: 0 out of 100
12:19:44.171 (2186659854)|FLOW_INTERVIEW_FINISHED_LIMIT_USAGE|Email invocations: 0 out of 10
12:19:44.171 (2186662246)|FLOW_INTERVIEW_FINISHED_LIMIT_USAGE|Future calls: 0 out of 50
12:19:44.171 (2186664637)|FLOW_INTERVIEW_FINISHED_LIMIT_USAGE|Jobs in queue: 0 out of 50
12:19:44.56 (2187973089)|CODE_UNIT_FINISHED|Flow:OrderItem
12:19:44.56 (2306499655)|CODE_UNIT_STARTED|[EXTERNAL]|Flow:OrderItem
12:19:44.306 (2306623006)|FLOW_CREATE_INTERVIEW_BEGIN|00DWC000006eUFF|300WC00000RTPQ6|301WC00000jd3c3
12:19:44.306 (2306692678)|FLOW_CREATE_INTERVIEW_END|14686012788e2f5814d2163a58219ecc9c55f1-793f|(Deprecated)Fortra &#124; Autolaunched &#124; Set Workday Contract Line Type
12:19:44.306 (2306696801)|FLOW_CREATE_INTERVIEW_END|14696012788e2f5814d2163a58219ecc9c55f1-7940|(Deprecated)Fortra &#124; Autolaunched &#124; Set Workday Contract Line Type
12:19:44.306 (2306924121)|FLOW_START_INTERVIEWS_BEGIN|2
12:19:44.306 (2306949707)|FLOW_START_INTERVIEW_BEGIN|14686012788e2f5814d2163a58219ecc9c55f1-793f|(Deprecated)Fortra &#124; Autolaunched &#124; Set Workday Contract Line Type
12:19:44.306 (2307122359)|FLOW_START_INTERVIEW_LIMIT_USAGE|SOQL queries: 7 out of 100
12:19:44.306 (2307132201)|FLOW_START_INTERVIEW_LIMIT_USAGE|SOQL query rows: 17 out of 50000
12:19:44.306 (2307136691)|FLOW_START_INTERVIEW_LIMIT_USAGE|SOSL queries: 0 out of 20
12:19:44.306 (2307140683)|FLOW_START_INTERVIEW_LIMIT_USAGE|DML statements: 4 out of 150
12:19:44.306 (2307144072)|FLOW_START_INTERVIEW_LIMIT_USAGE|DML rows: 12 out of 10000
12:19:44.306 (2307147465)|FLOW_START_INTERVIEW_LIMIT_USAGE|CPU time in ms: 650 out of 15000
12:19:44.306 (2307201480)|FLOW_START_INTERVIEW_LIMIT_USAGE|Heap size in bytes: 1543 out of 6000000
12:19:44.306 (2307205588)|FLOW_START_INTERVIEW_LIMIT_USAGE|Callouts: 0 out of 100
12:19:44.306 (2307208978)|FLOW_START_INTERVIEW_LIMIT_USAGE|Email invocations: 0 out of 10
12:19:44.306 (2307212228)|FLOW_START_INTERVIEW_LIMIT_USAGE|Future calls: 0 out of 50
12:19:44.306 (2307215483)|FLOW_START_INTERVIEW_LIMIT_USAGE|Jobs in queue: 0 out of 50
12:19:44.306 (2307219363)|FLOW_START_INTERVIEW_LIMIT_USAGE|Push notifications: 0 out of 10
12:19:44.306 (2309506995)|FLOW_VALUE_ASSIGNMENT|14686012788e2f5814d2163a58219ecc9c55f1-793f|$Record|{Id=802WC00000OpopoYAB, Product2Id=01tWC00000DD11JYAT, IsDeleted=false, OrderId=801WC00000knHDLYA2, PricebookEntryId=01uWC000005wrrDYAQ, OriginalOrderItemId=null, QuoteLineItemId=0QLWC000003ehSj4AI, AvailableQuantity=1.00, Quantity=1.00, CurrencyIsoCode=USD, UnitPrice=77080.00, ListPrice=94000.00, TotalPrice=94000.00, BillingReference2=null, ServiceDate=2026-06-15 00:00:00, ServiceTime=00:00:00.000Z, ServiceDateTime=null, EndDate=2027-06-14 00:00:00, EndTime=00:00:00.000Z, EndDateTime=null, ServiceEndTimeZone=GMT, Description=null, TotalLineAmount=77080.00, TotalAdjustmentAmount=0.00, TotalLineAdjustmentAmount=0.00, TotalAdjustmentDistAmount=0.00, TotalAdjustmentTaxAmount=0.00, TotalLineAdjustmentTaxAmount=0.00, TotalAdjustmentDistTaxAmount=0.00, TotalLineTaxAmount=0.00, TotalTaxAmount=0.00, RoundedLineAmount=77080.00, AdjustedLineAmount=77080.00, TotalAdjustedLineTaxAmount=0.00, RoundedLineAmtWithTax=77080.00, TotalAdjustmentAmtWithTax=0.00, AdjustedLineAmtWithTax=77080.00, TotalLineAdjustmentAmtWithTax=0.00, TotalAdjustmentDistAmtWithTax=0.00, TotalAmtWithTax=94000.00, OrderDeliveryGroupId=null, RelatedOrderItemId=null, Type=null, TypeCode=null, TaxTreatmentId=null, LegalEntityId=0fwWC000000034LYAQ, BillingTreatmentId=null, ProductSellingModelId=0jPWC000000060b2AA, OrderActionId=8OAWC000002SOpS4AW, ProrationPolicyId=0mua50000004KzRAAU, PeriodBoundary=Anniversary, PeriodBoundaryStartMonth=null, PeriodBoundaryDay=null, PricingTermCount=1.00, NetUnitPrice=77080.00, BillingFrequency2=Annual, ParentOrderItemId=null, Status=null, LineNumber=1, CreatedDate=2026-06-15 14:12:47, CreatedById=005a500001SfRd7AAF, LastModifiedDate=2026-06-15 19:19:44, LastModifiedById=005WC00000MgTN2YAN, SystemModstamp=2026-06-15 19:19:44, OrderItemNumber=0000564381, PriceWaterfallIdentifier=802WC00000OpopoYAB:149787176567512, StartQuantity=0.00, EndQuantity=1.00, NetTotalPrice=94000.00, Discount=null, DiscountAmount=null, PartnerDiscountPercent=null, PartnerUnitPrice=77080.00, ValidationResult=null, EarliestEstimatedDeliveryDate=null, LatestEstimatedDeliveryDate=null, EarliestEstimatedDeliveryTime=null, LatestEstimatedDeliveryTime=null, EstimatedDeliveryReference=null, EstimatedDeliveryTimeZone=null, CustomProductName=null, SubscriptionTerm=1, OrderItemGroupId=null, SegmentIdentifier=null, SegmentType=null, SegmentName=null, IsPrimarySegment=false, OrderItemRecipientId=null, RampIdentifier=null, QuantityUnitOfMeasureId=null, UnitPriceUplift=null, BindingInstanceTargetId=null, PricingContractId=null, RevenueCloudPackagingFlag=CP, IsOrderItemLocked=false, RelatedChangeIdentifier=null, SupplementalChangeType=null, AggregatedQuantity=1.00, BatchIdentifier=null, DoesAutomaticallyRenew=false, Margin=null, MarginAmount=null, UnitCost=null, TotalCost=null, TotalAdjustment=null, TotalMargin=null, TotalMarginAmount=null, PriceRevisionPolicyId=null, ReplacementGroupId=null, Currency__c=USD, Workday_Sync_Correlation_Id__c=null, Workday_Sync_Message__c=null, Workday_Sync_Payload__c=null, Workday_Sync_Status__c=null, Multiple_Element_Rev_Alloc_Value__c=false, Workday_Revenue_Category__c=null, Billing_Schedule_From_Date__c=2026-06-15 00:00:00, Billing_Schedule_To_Date__c=2027-06-14 00:00:00, Custom_Product_Name__c=null, Ship_To_Address__c=null, Legacy_Id__c=null, DoNotExpand__c=false, Royalty_Amount__c=null, Exchange_Rate_To_USD__c=null, gsOrderDetailID__c=null, gsOrderID__c=null, Asset__c=null, Entitlement__c=null, Feature_Code__c=null, Freight_Terms__c=null, GSA__c=false, Hardware_ID__c=null, Hardware__c=null, Hostname__c=null, Instances__c=null, Is_Term__c=false, COLA_Uplift_Percent__c=null, End_Date_Calculated__c=2027-06-14 00:00:00, Legacy_Source__c=null, MSP_End_User__c=null, MYCAP__c=false, Maintenance_Discount_Percent__c=null, Manual_Discount__c=null, Migration_Change__c=null, Model__c=null, Number_of_Processors__c=null, Order_Is_Price_Locked__c=false, Override_Discount_Amount__c=null, Override_Discount_Percentage__c=null, Partition__c=null, Partner_Discount_Type__c=null, Price_Overriden__c=false, Prior_Feature_Code__c=null, Prior_Group_Number__c=null, Prior_Model__c=null, Prior_Number_of_Processors__c=null, Prior_Serial_Number__c=null, Product_Sale_Type__c=null, Product_type__c=null, Quantity_Back_Ordered__c=null, Quantity_Shipped__c=null, RSM_Discount_Percent__c=null, RSM__c=null, Requested_Delivery_Date__c=null, Sales_Support_Notes__c=null, Sequence_Number__c=null, Server_Type_Discount_Percent__c=null, Skip_Price_Calculation__c=false, Swap__c=false, System_Type__c=null, Tax_Code__c=null, Units__c=null, Uplift_Percent__c=null, Version_Number__c=null, Fortra_Product_Type__c=Subscription, Year_After_StartDate__c=true, Two_Years_After_Start_Date__c=false, Order_Line_ARR__c=null, Base_Price__c=null, Displaced_ARR__c=null, Is_Split_Line__c=false, Original_Order_Item__c=null, Partition_Record__c=null, Quote_Legal_Entity__c=Fortra, LLC*, Serial_Number__c=null, AllowRegionalPricing__c=false, Attribute_Multiplier_Pct__c=null, Attribute_Price_Mode__c=null, COLACalculatedPrice__c=null, Has_Attribute_Adjustment__c=false, RegionalNetUnitPrice__c=null, Quote_Line_Discount_Reason__c=null, Billing_Frequency__c=Yearly_Billing_Template, Order_Line_NARR_Calculated__c=0.00, Workday_Contract_Line_Reference_ID__c=null, LPAR_Number__c=null, LPAR_System_Name__c=null, Workday_Contract_Line_Type__c=FIXED AMOUNT, Start_Date_Calculated__c=2026-06-15 00:00:00, LegacyQuoteLineDiscount__c=null, LIC_Fair_Value_Amount__c=null, MAINT_Fair_Value_Amount__c=null, Source_List_Price__c=null, Prior_Discretionary_Discount__c=null, Prior_Partner_Discount__c=null, NetTotalPrice_Calculated__c=77080.00}
12:19:44.306 (2309671248)|FLOW_ELEMENT_BEGIN|14686012788e2f5814d2163a58219ecc9c55f1-793f|FlowDecision|Is_Services_Product
12:19:44.306 (2309719248)|FLOW_ELEMENT_DEFERRED|FlowDecision|Is_Services_Product
12:19:44.306 (2309760573)|FLOW_ELEMENT_LIMIT_USAGE|3 ms CPU time, total 653 out of 15000
12:19:44.306 (2309772815)|FLOW_ELEMENT_END|14686012788e2f5814d2163a58219ecc9c55f1-793f|FlowDecision|Is_Services_Product
12:19:44.306 (2309821877)|FLOW_START_INTERVIEW_END|14686012788e2f5814d2163a58219ecc9c55f1-793f|(Deprecated)Fortra &#124; Autolaunched &#124; Set Workday Contract Line Type
12:19:44.306 (2309832882)|FLOW_START_INTERVIEW_BEGIN|14696012788e2f5814d2163a58219ecc9c55f1-7940|(Deprecated)Fortra &#124; Autolaunched &#124; Set Workday Contract Line Type
12:19:44.306 (2309846967)|FLOW_START_INTERVIEW_LIMIT_USAGE|SOQL queries: 7 out of 100
12:19:44.306 (2309851303)|FLOW_START_INTERVIEW_LIMIT_USAGE|SOQL query rows: 17 out of 50000
12:19:44.306 (2309854711)|FLOW_START_INTERVIEW_LIMIT_USAGE|SOSL queries: 0 out of 20
12:19:44.306 (2309858042)|FLOW_START_INTERVIEW_LIMIT_USAGE|DML statements: 4 out of 150
12:19:44.306 (2309861165)|FLOW_START_INTERVIEW_LIMIT_USAGE|DML rows: 12 out of 10000
12:19:44.306 (2309864441)|FLOW_START_INTERVIEW_LIMIT_USAGE|CPU time in ms: 653 out of 15000
12:19:44.306 (2309871947)|FLOW_START_INTERVIEW_LIMIT_USAGE|Heap size in bytes: 1543 out of 6000000
12:19:44.306 (2309875522)|FLOW_START_INTERVIEW_LIMIT_USAGE|Callouts: 0 out of 100
12:19:44.306 (2309878701)|FLOW_START_INTERVIEW_LIMIT_USAGE|Email invocations: 0 out of 10
12:19:44.306 (2309881767)|FLOW_START_INTERVIEW_LIMIT_USAGE|Future calls: 0 out of 50
12:19:44.306 (2309884675)|FLOW_START_INTERVIEW_LIMIT_USAGE|Jobs in queue: 0 out of 50
12:19:44.306 (2309887935)|FLOW_START_INTERVIEW_LIMIT_USAGE|Push notifications: 0 out of 10
12:19:44.306 (2312161417)|FLOW_VALUE_ASSIGNMENT|14696012788e2f5814d2163a58219ecc9c55f1-7940|$Record|{Id=802WC00000OpoppYAB, Product2Id=01tWC00000DD1btYAD, IsDeleted=false, OrderId=801WC00000knHDLYA2, PricebookEntryId=01uWC000005ws8MYAQ, OriginalOrderItemId=null, QuoteLineItemId=0QLWC000003ehR74AI, AvailableQuantity=1.00, Quantity=1.00, CurrencyIsoCode=USD, UnitPrice=301.75, ListPrice=355.00, TotalPrice=256.4875, BillingReference2=null, ServiceDate=null, ServiceTime=null, ServiceDateTime=null, EndDate=null, EndTime=null, EndDateTime=null, ServiceEndTimeZone=null, Description=Powertech Identity & Access Manager (BoKS) &#124; Standard, TotalLineAmount=301.75, TotalAdjustmentAmount=-45.2625, TotalLineAdjustmentAmount=0.00, TotalAdjustmentDistAmount=0.00, TotalAdjustmentTaxAmount=0.00, TotalLineAdjustmentTaxAmount=0.00, TotalAdjustmentDistTaxAmount=0.00, TotalLineTaxAmount=0.00, TotalTaxAmount=0.00, RoundedLineAmount=301.75, AdjustedLineAmount=256.4875, TotalAdjustedLineTaxAmount=0.00, RoundedLineAmtWithTax=301.75, TotalAdjustmentAmtWithTax=-45.2625, AdjustedLineAmtWithTax=256.4875, TotalLineAdjustmentAmtWithTax=0.00, TotalAdjustmentDistAmtWithTax=0.00, TotalAmtWithTax=256.4875, OrderDeliveryGroupId=null, RelatedOrderItemId=null, Type=null, TypeCode=null, TaxTreatmentId=null, LegalEntityId=0fwWC000000034LYAQ, BillingTreatmentId=null, ProductSellingModelId=0jPWC00000005yz2AA, OrderActionId=8OAWC000002SOpS4AW, ProrationPolicyId=null, PeriodBoundary=null, PeriodBoundaryStartMonth=null, PeriodBoundaryDay=null, PricingTermCount=0.00, NetUnitPrice=301.75, BillingFrequency2=null, ParentOrderItemId=null, Status=null, LineNumber=2, CreatedDate=2026-06-15 14:12:47, CreatedById=005a500001SfRd7AAF, LastModifiedDate=2026-06-15 19:19:44, LastModifiedById=005WC00000MgTN2YAN, SystemModstamp=2026-06-15 19:19:44, OrderItemNumber=0000564382, PriceWaterfallIdentifier=802WC00000OpoppYAB:149787176567512, StartQuantity=0.00, EndQuantity=1.00, NetTotalPrice=256.4875, Discount=null, DiscountAmount=null, PartnerDiscountPercent=15.00, PartnerUnitPrice=301.75, ValidationResult=null, EarliestEstimatedDeliveryDate=null, LatestEstimatedDeliveryDate=null, EarliestEstimatedDeliveryTime=null, LatestEstimatedDeliveryTime=null, EstimatedDeliveryReference=null, EstimatedDeliveryTimeZone=null, CustomProductName=null, SubscriptionTerm=null, OrderItemGroupId=null, SegmentIdentifier=null, SegmentType=null, SegmentName=null, IsPrimarySegment=false, OrderItemRecipientId=null, RampIdentifier=null, QuantityUnitOfMeasureId=null, UnitPriceUplift=null, BindingInstanceTargetId=null, PricingContractId=null, RevenueCloudPackagingFlag=CP, IsOrderItemLocked=false, RelatedChangeIdentifier=null, SupplementalChangeType=null, AggregatedQuantity=1.00, BatchIdentifier=null, DoesAutomaticallyRenew=false, Margin=null, MarginAmount=null, UnitCost=null, TotalCost=null, TotalAdjustment=null, TotalMargin=null, TotalMarginAmount=null, PriceRevisionPolicyId=null, ReplacementGroupId=null, Currency__c=USD, Workday_Sync_Correlation_Id__c=null, Workday_Sync_Message__c=null, Workday_Sync_Payload__c=null, Workday_Sync_Status__c=null, Multiple_Element_Rev_Alloc_Value__c=false, Workday_Revenue_Category__c=null, Billing_Schedule_From_Date__c=2026-06-15 00:00:00, Billing_Schedule_To_Date__c=2026-06-15 00:00:00, Custom_Product_Name__c=null, Ship_To_Address__c=null, Legacy_Id__c=null, DoNotExpand__c=false, Royalty_Amount__c=null, Exchange_Rate_To_USD__c=null, gsOrderDetailID__c=null, gsOrderID__c=null, Asset__c=null, Entitlement__c=null, Feature_Code__c=null, Freight_Terms__c=null, GSA__c=false, Hardware_ID__c=null, Hardware__c=null, Hostname__c=null, Instances__c=null, Is_Term__c=false, COLA_Uplift_Percent__c=null, End_Date_Calculated__c=2026-06-15 00:00:00, Legacy_Source__c=null, MSP_End_User__c=null, MYCAP__c=false, Maintenance_Discount_Percent__c=null, Manual_Discount__c=null, Migration_Change__c=null, Model__c=null, Number_of_Processors__c=null, Order_Is_Price_Locked__c=false, Override_Discount_Amount__c=null, Override_Discount_Percentage__c=null, Partition__c=null, Partner_Discount_Type__c=null, Price_Overriden__c=false, Prior_Feature_Code__c=null, Prior_Group_Number__c=null, Prior_Model__c=null, Prior_Number_of_Processors__c=null, Prior_Serial_Number__c=null, Product_Sale_Type__c=null, Product_type__c=null, Quantity_Back_Ordered__c=null, Quantity_Shipped__c=null, RSM_Discount_Percent__c=null, RSM__c=null, Requested_Delivery_Date__c=null, Sales_Support_Notes__c=null, Sequence_Number__c=null, Server_Type_Discount_Percent__c=null, Skip_Price_Calculation__c=false, Swap__c=false, System_Type__c=null, Tax_Code__c=null, Units__c=null, Uplift_Percent__c=null, Version_Number__c=null, Fortra_Product_Type__c=Perpetual, Year_After_StartDate__c=false, Two_Years_After_Start_Date__c=false, Order_Line_ARR__c=null, Base_Price__c=null, Displaced_ARR__c=null, Is_Split_Line__c=false, Original_Order_Item__c=null, Partition_Record__c=null, Quote_Legal_Entity__c=Fortra, LLC*, Serial_Number__c=null, AllowRegionalPricing__c=false, Attribute_Multiplier_Pct__c=null, Attribute_Price_Mode__c=null, COLACalculatedPrice__c=null, Has_Attribute_Adjustment__c=false, RegionalNetUnitPrice__c=null, Quote_Line_Discount_Reason__c=null, Billing_Frequency__c=Yearly_Billing_Template, Order_Line_NARR_Calculated__c=0.00, Workday_Contract_Line_Reference_ID__c=null, LPAR_Number__c=null, LPAR_System_Name__c=null, Workday_Contract_Line_Type__c=FIXED AMOUNT, Start_Date_Calculated__c=2026-06-15 00:00:00, LegacyQuoteLineDiscount__c=null, LIC_Fair_Value_Amount__c=null, MAINT_Fair_Value_Amount__c=null, Source_List_Price__c=null, Prior_Discretionary_Discount__c=null, Prior_Partner_Discount__c=null, NetTotalPrice_Calculated__c=301.75}
12:19:44.306 (2312293506)|FLOW_ELEMENT_BEGIN|14696012788e2f5814d2163a58219ecc9c55f1-7940|FlowDecision|Is_Services_Product
12:19:44.306 (2312330365)|FLOW_ELEMENT_DEFERRED|FlowDecision|Is_Services_Product
12:19:44.306 (2312369036)|FLOW_ELEMENT_LIMIT_USAGE|3 ms CPU time, total 656 out of 15000
12:19:44.306 (2312384619)|FLOW_ELEMENT_END|14696012788e2f5814d2163a58219ecc9c55f1-7940|FlowDecision|Is_Services_Product
12:19:44.306 (2312428730)|FLOW_START_INTERVIEW_END|14696012788e2f5814d2163a58219ecc9c55f1-7940|(Deprecated)Fortra &#124; Autolaunched &#124; Set Workday Contract Line Type
12:19:44.306 (2312616836)|FLOW_BULK_ELEMENT_BEGIN|FlowDecision|Is_Services_Product
12:19:44.306 (2312739675)|FLOW_RULE_DETAIL|14686012788e2f5814d2163a58219ecc9c55f1-793f|Services_Product|false|false
12:19:44.306 (2312758111)|FLOW_VALUE_ASSIGNMENT|14686012788e2f5814d2163a58219ecc9c55f1-793f|Services_Product|false
12:19:44.306 (2312818243)|FLOW_RULE_DETAIL|14696012788e2f5814d2163a58219ecc9c55f1-7940|Services_Product|false|false
12:19:44.306 (2312825104)|FLOW_VALUE_ASSIGNMENT|14696012788e2f5814d2163a58219ecc9c55f1-7940|Services_Product|false
12:19:44.306 (2312965377)|FLOW_BULK_ELEMENT_END|FlowDecision|Is_Services_Product|0|0
12:19:44.306 (2313006123)|FLOW_ELEMENT_BEGIN|14686012788e2f5814d2163a58219ecc9c55f1-793f|FlowRecordUpdate|Set_Workday_Contract_Line_Type_Fixed_Amount
12:19:44.306 (2313020894)|FLOW_ELEMENT_DEFERRED|FlowRecordUpdate|Set_Workday_Contract_Line_Type_Fixed_Amount
12:19:44.306 (2313036286)|FLOW_ELEMENT_END|14686012788e2f5814d2163a58219ecc9c55f1-793f|FlowRecordUpdate|Set_Workday_Contract_Line_Type_Fixed_Amount
12:19:44.306 (2313047890)|FLOW_ELEMENT_BEGIN|14696012788e2f5814d2163a58219ecc9c55f1-7940|FlowRecordUpdate|Set_Workday_Contract_Line_Type_Fixed_Amount
12:19:44.306 (2313056394)|FLOW_ELEMENT_DEFERRED|FlowRecordUpdate|Set_Workday_Contract_Line_Type_Fixed_Amount
12:19:44.306 (2313066038)|FLOW_ELEMENT_END|14696012788e2f5814d2163a58219ecc9c55f1-7940|FlowRecordUpdate|Set_Workday_Contract_Line_Type_Fixed_Amount
12:19:44.306 (2313088306)|FLOW_BULK_ELEMENT_BEGIN|FlowRecordUpdate|Set_Workday_Contract_Line_Type_Fixed_Amount
12:19:44.306 (2313401124)|FLOW_BULK_ELEMENT_DETAIL|FlowRecordUpdate|Set_Workday_Contract_Line_Type_Fixed_Amount|1
12:19:44.306 (2313525250)|FLOW_BULK_ELEMENT_DETAIL|FlowRecordUpdate|Set_Workday_Contract_Line_Type_Fixed_Amount|1
12:19:44.306 (2520023755)|FLOW_VALUE_ASSIGNMENT|14686012788e2f5814d2163a58219ecc9c55f1-793f|$Record|{Id=802WC00000OpopoYAB, Product2Id=01tWC00000DD11JYAT, IsDeleted=false, OrderId=801WC00000knHDLYA2, PricebookEntryId=01uWC000005wrrDYAQ, OriginalOrderItemId=null, QuoteLineItemId=0QLWC000003ehSj4AI, AvailableQuantity=1.00, Quantity=1.00, CurrencyIsoCode=USD, UnitPrice=77080.00, ListPrice=94000.00, TotalPrice=94000.00, BillingReference2=null, ServiceDate=2026-06-15 00:00:00, ServiceTime=00:00:00.000Z, ServiceDateTime=null, EndDate=2027-06-14 00:00:00, EndTime=00:00:00.000Z, EndDateTime=null, ServiceEndTimeZone=GMT, Description=null, TotalLineAmount=77080.00, TotalAdjustmentAmount=0.00, TotalLineAdjustmentAmount=0.00, TotalAdjustmentDistAmount=0.00, TotalAdjustmentTaxAmount=0.00, TotalLineAdjustmentTaxAmount=0.00, TotalAdjustmentDistTaxAmount=0.00, TotalLineTaxAmount=0.00, TotalTaxAmount=0.00, RoundedLineAmount=77080.00, AdjustedLineAmount=77080.00, TotalAdjustedLineTaxAmount=0.00, RoundedLineAmtWithTax=77080.00, TotalAdjustmentAmtWithTax=0.00, AdjustedLineAmtWithTax=77080.00, TotalLineAdjustmentAmtWithTax=0.00, TotalAdjustmentDistAmtWithTax=0.00, TotalAmtWithTax=94000.00, OrderDeliveryGroupId=null, RelatedOrderItemId=null, Type=null, TypeCode=null, TaxTreatmentId=null, LegalEntityId=0fwWC000000034LYAQ, BillingTreatmentId=null, ProductSellingModelId=0jPWC000000060b2AA, OrderActionId=8OAWC000002SOpS4AW, ProrationPolicyId=0mua50000004KzRAAU, PeriodBoundary=Anniversary, PeriodBoundaryStartMonth=null, PeriodBoundaryDay=null, PricingTermCount=1.00, NetUnitPrice=77080.00, BillingFrequency2=Annual, ParentOrderItemId=null, Status=null, LineNumber=1, CreatedDate=2026-06-15 14:12:47, CreatedById=005a500001SfRd7AAF, LastModifiedDate=2026-06-15 19:19:44, LastModifiedById=005WC00000MgTN2YAN, SystemModstamp=2026-06-15 19:19:44, OrderItemNumber=0000564381, PriceWaterfallIdentifier=802WC00000OpopoYAB:149787176567512, StartQuantity=0.00, EndQuantity=1.00, NetTotalPrice=94000.00, Discount=null, DiscountAmount=null, PartnerDiscountPercent=null, PartnerUnitPrice=77080.00, ValidationResult=null, EarliestEstimatedDeliveryDate=null, LatestEstimatedDeliveryDate=null, EarliestEstimatedDeliveryTime=null, LatestEstimatedDeliveryTime=null, EstimatedDeliveryReference=null, EstimatedDeliveryTimeZone=null, CustomProductName=null, SubscriptionTerm=1, OrderItemGroupId=null, SegmentIdentifier=null, SegmentType=null, SegmentName=null, IsPrimarySegment=false, OrderItemRecipientId=null, RampIdentifier=null, QuantityUnitOfMeasureId=null, UnitPriceUplift=null, BindingInstanceTargetId=null, PricingContractId=null, RevenueCloudPackagingFlag=CP, IsOrderItemLocked=false, RelatedChangeIdentifier=null, SupplementalChangeType=null, AggregatedQuantity=1.00, BatchIdentifier=null, DoesAutomaticallyRenew=false, Margin=null, MarginAmount=null, UnitCost=null, TotalCost=null, TotalAdjustment=null, TotalMargin=null, TotalMarginAmount=null, PriceRevisionPolicyId=null, ReplacementGroupId=null, Currency__c=USD, Workday_Sync_Correlation_Id__c=null, Workday_Sync_Message__c=null, Workday_Sync_Payload__c=null, Workday_Sync_Status__c=null, Multiple_Element_Rev_Alloc_Value__c=false, Workday_Revenue_Category__c=null, Billing_Schedule_From_Date__c=2026-06-15 00:00:00, Billing_Schedule_To_Date__c=2027-06-14 00:00:00, Custom_Product_Name__c=null, Ship_To_Address__c=null, Legacy_Id__c=null, DoNotExpand__c=false, Royalty_Amount__c=null, Exchange_Rate_To_USD__c=null, gsOrderDetailID__c=null, gsOrderID__c=null, Asset__c=null, Entitlement__c=null, Feature_Code__c=null, Freight_Terms__c=null, GSA__c=false, Hardware_ID__c=null, Hardware__c=null, Hostname__c=null, Instances__c=null, Is_Term__c=false, COLA_Uplift_Percent__c=null, End_Date_Calculated__c=2027-06-14 00:00:00, Legacy_Source__c=null, MSP_End_User__c=null, MYCAP__c=false, Maintenance_Discount_Percent__c=null, Manual_Discount__c=null, Migration_Change__c=null, Model__c=null, Number_of_Processors__c=null, Order_Is_Price_Locked__c=false, Override_Discount_Amount__c=null, Override_Discount_Percentage__c=null, Partition__c=null, Partner_Discount_Type__c=null, Price_Overriden__c=false, Prior_Feature_Code__c=null, Prior_Group_Number__c=null, Prior_Model__c=null, Prior_Number_of_Processors__c=null, Prior_Serial_Number__c=null, Product_Sale_Type__c=null, Product_type__c=null, Quantity_Back_Ordered__c=null, Quantity_Shipped__c=null, RSM_Discount_Percent__c=null, RSM__c=null, Requested_Delivery_Date__c=null, Sales_Support_Notes__c=null, Sequence_Number__c=null, Server_Type_Discount_Percent__c=null, Skip_Price_Calculation__c=false, Swap__c=false, System_Type__c=null, Tax_Code__c=null, Units__c=null, Uplift_Percent__c=null, Version_Number__c=null, Fortra_Product_Type__c=Subscription, Year_After_StartDate__c=true, Two_Years_After_Start_Date__c=false, Order_Line_ARR__c=null, Base_Price__c=null, Displaced_ARR__c=null, Is_Split_Line__c=false, Original_Order_Item__c=null, Partition_Record__c=null, Quote_Legal_Entity__c=Fortra, LLC*, Serial_Number__c=null, AllowRegionalPricing__c=false, Attribute_Multiplier_Pct__c=null, Attribute_Price_Mode__c=null, COLACalculatedPrice__c=null, Has_Attribute_Adjustment__c=false, RegionalNetUnitPrice__c=null, Quote_Line_Discount_Reason__c=null, Billing_Frequency__c=Yearly_Billing_Template, Order_Line_NARR_Calculated__c=0.00, Workday_Contract_Line_Reference_ID__c=null, LPAR_Number__c=null, LPAR_System_Name__c=null, Workday_Contract_Line_Type__c=FIXED AMOUNT, Start_Date_Calculated__c=2026-06-15 00:00:00, LegacyQuoteLineDiscount__c=null, LIC_Fair_Value_Amount__c=null, MAINT_Fair_Value_Amount__c=null, Source_List_Price__c=null, Prior_Discretionary_Discount__c=null, Prior_Partner_Discount__c=null, NetTotalPrice_Calculated__c=77080.00}
12:19:44.306 (2520068833)|FLOW_VALUE_ASSIGNMENT|14686012788e2f5814d2163a58219ecc9c55f1-793f|Set_Workday_Contract_Line_Type_Fixed_Amount|true
12:19:44.306 (2520071923)|FLOW_VALUE_ASSIGNMENT|14686012788e2f5814d2163a58219ecc9c55f1-793f|Set_Workday_Contract_Line_Type_Fixed_Amount__CONDITIONS_RESULT|true
12:19:44.306 (2521434435)|FLOW_VALUE_ASSIGNMENT|14696012788e2f5814d2163a58219ecc9c55f1-7940|$Record|{Id=802WC00000OpoppYAB, Product2Id=01tWC00000DD1btYAD, IsDeleted=false, OrderId=801WC00000knHDLYA2, PricebookEntryId=01uWC000005ws8MYAQ, OriginalOrderItemId=null, QuoteLineItemId=0QLWC000003ehR74AI, AvailableQuantity=1.00, Quantity=1.00, CurrencyIsoCode=USD, UnitPrice=301.75, ListPrice=355.00, TotalPrice=256.4875, BillingReference2=null, ServiceDate=null, ServiceTime=null, ServiceDateTime=null, EndDate=null, EndTime=null, EndDateTime=null, ServiceEndTimeZone=null, Description=Powertech Identity & Access Manager (BoKS) &#124; Standard, TotalLineAmount=301.75, TotalAdjustmentAmount=-45.2625, TotalLineAdjustmentAmount=0.00, TotalAdjustmentDistAmount=0.00, TotalAdjustmentTaxAmount=0.00, TotalLineAdjustmentTaxAmount=0.00, TotalAdjustmentDistTaxAmount=0.00, TotalLineTaxAmount=0.00, TotalTaxAmount=0.00, RoundedLineAmount=301.75, AdjustedLineAmount=256.4875, TotalAdjustedLineTaxAmount=0.00, RoundedLineAmtWithTax=301.75, TotalAdjustmentAmtWithTax=-45.2625, AdjustedLineAmtWithTax=256.4875, TotalLineAdjustmentAmtWithTax=0.00, TotalAdjustmentDistAmtWithTax=0.00, TotalAmtWithTax=256.4875, OrderDeliveryGroupId=null, RelatedOrderItemId=null, Type=null, TypeCode=null, TaxTreatmentId=null, LegalEntityId=0fwWC000000034LYAQ, BillingTreatmentId=null, ProductSellingModelId=0jPWC00000005yz2AA, OrderActionId=8OAWC000002SOpS4AW, ProrationPolicyId=null, PeriodBoundary=null, PeriodBoundaryStartMonth=null, PeriodBoundaryDay=null, PricingTermCount=0.00, NetUnitPrice=301.75, BillingFrequency2=null, ParentOrderItemId=null, Status=null, LineNumber=2, CreatedDate=2026-06-15 14:12:47, CreatedById=005a500001SfRd7AAF, LastModifiedDate=2026-06-15 19:19:44, LastModifiedById=005WC00000MgTN2YAN, SystemModstamp=2026-06-15 19:19:44, OrderItemNumber=0000564382, PriceWaterfallIdentifier=802WC00000OpoppYAB:149787176567512, StartQuantity=0.00, EndQuantity=1.00, NetTotalPrice=256.4875, Discount=null, DiscountAmount=null, PartnerDiscountPercent=15.00, PartnerUnitPrice=301.75, ValidationResult=null, EarliestEstimatedDeliveryDate=null, LatestEstimatedDeliveryDate=null, EarliestEstimatedDeliveryTime=null, LatestEstimatedDeliveryTime=null, EstimatedDeliveryReference=null, EstimatedDeliveryTimeZone=null, CustomProductName=null, SubscriptionTerm=null, OrderItemGroupId=null, SegmentIdentifier=null, SegmentType=null, SegmentName=null, IsPrimarySegment=false, OrderItemRecipientId=null, RampIdentifier=null, QuantityUnitOfMeasureId=null, UnitPriceUplift=null, BindingInstanceTargetId=null, PricingContractId=null, RevenueCloudPackagingFlag=CP, IsOrderItemLocked=false, RelatedChangeIdentifier=null, SupplementalChangeType=null, AggregatedQuantity=1.00, BatchIdentifier=null, DoesAutomaticallyRenew=false, Margin=null, MarginAmount=null, UnitCost=null, TotalCost=null, TotalAdjustment=null, TotalMargin=null, TotalMarginAmount=null, PriceRevisionPolicyId=null, ReplacementGroupId=null, Currency__c=USD, Workday_Sync_Correlation_Id__c=null, Workday_Sync_Message__c=null, Workday_Sync_Payload__c=null, Workday_Sync_Status__c=null, Multiple_Element_Rev_Alloc_Value__c=false, Workday_Revenue_Category__c=null, Billing_Schedule_From_Date__c=2026-06-15 00:00:00, Billing_Schedule_To_Date__c=2026-06-15 00:00:00, Custom_Product_Name__c=null, Ship_To_Address__c=null, Legacy_Id__c=null, DoNotExpand__c=false, Royalty_Amount__c=null, Exchange_Rate_To_USD__c=null, gsOrderDetailID__c=null, gsOrderID__c=null, Asset__c=null, Entitlement__c=null, Feature_Code__c=null, Freight_Terms__c=null, GSA__c=false, Hardware_ID__c=null, Hardware__c=null, Hostname__c=null, Instances__c=null, Is_Term__c=false, COLA_Uplift_Percent__c=null, End_Date_Calculated__c=2026-06-15 00:00:00, Legacy_Source__c=null, MSP_End_User__c=null, MYCAP__c=false, Maintenance_Discount_Percent__c=null, Manual_Discount__c=null, Migration_Change__c=null, Model__c=null, Number_of_Processors__c=null, Order_Is_Price_Locked__c=false, Override_Discount_Amount__c=null, Override_Discount_Percentage__c=null, Partition__c=null, Partner_Discount_Type__c=null, Price_Overriden__c=false, Prior_Feature_Code__c=null, Prior_Group_Number__c=null, Prior_Model__c=null, Prior_Number_of_Processors__c=null, Prior_Serial_Number__c=null, Product_Sale_Type__c=null, Product_type__c=null, Quantity_Back_Ordered__c=null, Quantity_Shipped__c=null, RSM_Discount_Percent__c=null, RSM__c=null, Requested_Delivery_Date__c=null, Sales_Support_Notes__c=null, Sequence_Number__c=null, Server_Type_Discount_Percent__c=null, Skip_Price_Calculation__c=false, Swap__c=false, System_Type__c=null, Tax_Code__c=null, Units__c=null, Uplift_Percent__c=null, Version_Number__c=null, Fortra_Product_Type__c=Perpetual, Year_After_StartDate__c=false, Two_Years_After_Start_Date__c=false, Order_Line_ARR__c=null, Base_Price__c=null, Displaced_ARR__c=null, Is_Split_Line__c=false, Original_Order_Item__c=null, Partition_Record__c=null, Quote_Legal_Entity__c=Fortra, LLC*, Serial_Number__c=null, AllowRegionalPricing__c=false, Attribute_Multiplier_Pct__c=null, Attribute_Price_Mode__c=null, COLACalculatedPrice__c=null, Has_Attribute_Adjustment__c=false, RegionalNetUnitPrice__c=null, Quote_Line_Discount_Reason__c=null, Billing_Frequency__c=Yearly_Billing_Template, Order_Line_NARR_Calculated__c=0.00, Workday_Contract_Line_Reference_ID__c=null, LPAR_Number__c=null, LPAR_System_Name__c=null, Workday_Contract_Line_Type__c=FIXED AMOUNT, Start_Date_Calculated__c=2026-06-15 00:00:00, LegacyQuoteLineDiscount__c=null, LIC_Fair_Value_Amount__c=null, MAINT_Fair_Value_Amount__c=null, Source_List_Price__c=null, Prior_Discretionary_Discount__c=null, Prior_Partner_Discount__c=null, NetTotalPrice_Calculated__c=301.75}
12:19:44.306 (2521472449)|FLOW_VALUE_ASSIGNMENT|14696012788e2f5814d2163a58219ecc9c55f1-7940|Set_Workday_Contract_Line_Type_Fixed_Amount|true
12:19:44.306 (2521475479)|FLOW_VALUE_ASSIGNMENT|14696012788e2f5814d2163a58219ecc9c55f1-7940|Set_Workday_Contract_Line_Type_Fixed_Amount__CONDITIONS_RESULT|true
12:19:44.306 (2521639183)|FLOW_BULK_ELEMENT_LIMIT_USAGE|1 DML statements, total 5 out of 150
12:19:44.306 (2521647363)|FLOW_BULK_ELEMENT_LIMIT_USAGE|2 DML rows, total 14 out of 10000
12:19:44.306 (2521651338)|FLOW_BULK_ELEMENT_LIMIT_USAGE|98 ms CPU time, total 754 out of 15000
12:19:44.306 (2521708214)|FLOW_BULK_ELEMENT_END|FlowRecordUpdate|Set_Workday_Contract_Line_Type_Fixed_Amount|2|9
12:19:44.306 (2521964633)|FLOW_START_INTERVIEWS_END|2
12:19:44.306 (2522135624)|FLOW_INTERVIEW_FINISHED|14686012788e2f5814d2163a58219ecc9c55f1-793f|(Deprecated)Fortra &#124; Autolaunched &#124; Set Workday Contract Line Type
12:19:44.306 (2522232830)|FLOW_INTERVIEW_FINISHED_LIMIT_USAGE|SOQL queries: 7 out of 100
12:19:44.306 (2522238458)|FLOW_INTERVIEW_FINISHED_LIMIT_USAGE|SOQL query rows: 17 out of 50000
12:19:44.306 (2522241988)|FLOW_INTERVIEW_FINISHED_LIMIT_USAGE|SOSL queries: 0 out of 20
12:19:44.306 (2522245376)|FLOW_INTERVIEW_FINISHED_LIMIT_USAGE|DML statements: 5 out of 150
12:19:44.306 (2522248001)|FLOW_INTERVIEW_FINISHED_LIMIT_USAGE|DML rows: 14 out of 10000
12:19:44.306 (2522251000)|FLOW_INTERVIEW_FINISHED_LIMIT_USAGE|CPU time in ms: 754 out of 15000
12:19:44.306 (2522279890)|FLOW_INTERVIEW_FINISHED_LIMIT_USAGE|Heap size in bytes: 1543 out of 6000000
12:19:44.306 (2522283426)|FLOW_INTERVIEW_FINISHED_LIMIT_USAGE|Callouts: 0 out of 100
12:19:44.306 (2522285886)|FLOW_INTERVIEW_FINISHED_LIMIT_USAGE|Email invocations: 0 out of 10
12:19:44.306 (2522288264)|FLOW_INTERVIEW_FINISHED_LIMIT_USAGE|Future calls: 0 out of 50
12:19:44.306 (2522290899)|FLOW_INTERVIEW_FINISHED_LIMIT_USAGE|Jobs in queue: 0 out of 50
12:19:44.306 (2522294525)|FLOW_INTERVIEW_FINISHED|14696012788e2f5814d2163a58219ecc9c55f1-7940|(Deprecated)Fortra &#124; Autolaunched &#124; Set Workday Contract Line Type
12:19:44.306 (2522300529)|FLOW_INTERVIEW_FINISHED_LIMIT_USAGE|SOQL queries: 7 out of 100
12:19:44.306 (2522302833)|FLOW_INTERVIEW_FINISHED_LIMIT_USAGE|SOQL query rows: 17 out of 50000
12:19:44.306 (2522304891)|FLOW_INTERVIEW_FINISHED_LIMIT_USAGE|SOSL queries: 0 out of 20
12:19:44.306 (2522307045)|FLOW_INTERVIEW_FINISHED_LIMIT_USAGE|DML statements: 5 out of 150
12:19:44.306 (2522309188)|FLOW_INTERVIEW_FINISHED_LIMIT_USAGE|DML rows: 14 out of 10000
12:19:44.306 (2522311265)|FLOW_INTERVIEW_FINISHED_LIMIT_USAGE|CPU time in ms: 754 out of 15000
12:19:44.306 (2522317586)|FLOW_INTERVIEW_FINISHED_LIMIT_USAGE|Heap size in bytes: 1543 out of 6000000
12:19:44.306 (2522319936)|FLOW_INTERVIEW_FINISHED_LIMIT_USAGE|Callouts: 0 out of 100
12:19:44.306 (2522322093)|FLOW_INTERVIEW_FINISHED_LIMIT_USAGE|Email invocations: 0 out of 10
12:19:44.306 (2522324092)|FLOW_INTERVIEW_FINISHED_LIMIT_USAGE|Future calls: 0 out of 50
12:19:44.306 (2522326153)|FLOW_INTERVIEW_FINISHED_LIMIT_USAGE|Jobs in queue: 0 out of 50
12:19:44.523 (2523319400)|FLOW_CREATE_INTERVIEW_BEGIN|00DWC000006eUFF|300WC00000QqP3O|301WC00000kUYVF
12:19:44.523 (2523383089)|FLOW_CREATE_INTERVIEW_END|14706012788e2f5814d2163a58219ecc9c55f1-7941|Fortra &#124; OrderItem &#124; Set Workday Contract Line Type
12:19:44.523 (2523386757)|FLOW_CREATE_INTERVIEW_END|14716012788e2f5814d2163a58219ecc9c55f1-7942|Fortra &#124; OrderItem &#124; Set Workday Contract Line Type
12:19:44.523 (2523558079)|FLOW_START_INTERVIEWS_BEGIN|2
12:19:44.523 (2523582850)|FLOW_START_INTERVIEW_BEGIN|14706012788e2f5814d2163a58219ecc9c55f1-7941|Fortra &#124; OrderItem &#124; Set Workday Contract Line Type
12:19:44.523 (2523612752)|FLOW_START_INTERVIEW_LIMIT_USAGE|SOQL queries: 7 out of 100
12:19:44.523 (2523618203)|FLOW_START_INTERVIEW_LIMIT_USAGE|SOQL query rows: 17 out of 50000
12:19:44.523 (2523621883)|FLOW_START_INTERVIEW_LIMIT_USAGE|SOSL queries: 0 out of 20
12:19:44.523 (2523625385)|FLOW_START_INTERVIEW_LIMIT_USAGE|DML statements: 5 out of 150
12:19:44.523 (2523628566)|FLOW_START_INTERVIEW_LIMIT_USAGE|DML rows: 14 out of 10000
12:19:44.523 (2523631539)|FLOW_START_INTERVIEW_LIMIT_USAGE|CPU time in ms: 756 out of 15000
12:19:44.523 (2523658236)|FLOW_START_INTERVIEW_LIMIT_USAGE|Heap size in bytes: 1543 out of 6000000
12:19:44.523 (2523661950)|FLOW_START_INTERVIEW_LIMIT_USAGE|Callouts: 0 out of 100
12:19:44.523 (2523665016)|FLOW_START_INTERVIEW_LIMIT_USAGE|Email invocations: 0 out of 10
12:19:44.523 (2523668266)|FLOW_START_INTERVIEW_LIMIT_USAGE|Future calls: 0 out of 50
12:19:44.523 (2523671424)|FLOW_START_INTERVIEW_LIMIT_USAGE|Jobs in queue: 0 out of 50
12:19:44.523 (2523674587)|FLOW_START_INTERVIEW_LIMIT_USAGE|Push notifications: 0 out of 10
12:19:44.523 (2525767764)|FLOW_VALUE_ASSIGNMENT|14706012788e2f5814d2163a58219ecc9c55f1-7941|$Record|{Id=802WC00000OpopoYAB, Product2Id=01tWC00000DD11JYAT, IsDeleted=false, OrderId=801WC00000knHDLYA2, PricebookEntryId=01uWC000005wrrDYAQ, OriginalOrderItemId=null, QuoteLineItemId=0QLWC000003ehSj4AI, AvailableQuantity=1.00, Quantity=1.00, CurrencyIsoCode=USD, UnitPrice=77080.00, ListPrice=94000.00, TotalPrice=94000.00, BillingReference2=null, ServiceDate=2026-06-15 00:00:00, ServiceTime=00:00:00.000Z, ServiceDateTime=null, EndDate=2027-06-14 00:00:00, EndTime=00:00:00.000Z, EndDateTime=null, ServiceEndTimeZone=GMT, Description=null, TotalLineAmount=77080.00, TotalAdjustmentAmount=0.00, TotalLineAdjustmentAmount=0.00, TotalAdjustmentDistAmount=0.00, TotalAdjustmentTaxAmount=0.00, TotalLineAdjustmentTaxAmount=0.00, TotalAdjustmentDistTaxAmount=0.00, TotalLineTaxAmount=0.00, TotalTaxAmount=0.00, RoundedLineAmount=77080.00, AdjustedLineAmount=77080.00, TotalAdjustedLineTaxAmount=0.00, RoundedLineAmtWithTax=77080.00, TotalAdjustmentAmtWithTax=0.00, AdjustedLineAmtWithTax=77080.00, TotalLineAdjustmentAmtWithTax=0.00, TotalAdjustmentDistAmtWithTax=0.00, TotalAmtWithTax=94000.00, OrderDeliveryGroupId=null, RelatedOrderItemId=null, Type=null, TypeCode=null, TaxTreatmentId=null, LegalEntityId=0fwWC000000034LYAQ, BillingTreatmentId=null, ProductSellingModelId=0jPWC000000060b2AA, OrderActionId=8OAWC000002SOpS4AW, ProrationPolicyId=0mua50000004KzRAAU, PeriodBoundary=Anniversary, PeriodBoundaryStartMonth=null, PeriodBoundaryDay=null, PricingTermCount=1.00, NetUnitPrice=77080.00, BillingFrequency2=Annual, ParentOrderItemId=null, Status=null, LineNumber=1, CreatedDate=2026-06-15 14:12:47, CreatedById=005a500001SfRd7AAF, LastModifiedDate=2026-06-15 19:19:45, LastModifiedById=005WC00000MgTN2YAN, SystemModstamp=2026-06-15 19:19:45, OrderItemNumber=0000564381, PriceWaterfallIdentifier=802WC00000OpopoYAB:149787176567512, StartQuantity=0.00, EndQuantity=1.00, NetTotalPrice=94000.00, Discount=null, DiscountAmount=null, PartnerDiscountPercent=null, PartnerUnitPrice=77080.00, ValidationResult=null, EarliestEstimatedDeliveryDate=null, LatestEstimatedDeliveryDate=null, EarliestEstimatedDeliveryTime=null, LatestEstimatedDeliveryTime=null, EstimatedDeliveryReference=null, EstimatedDeliveryTimeZone=null, CustomProductName=null, SubscriptionTerm=1, OrderItemGroupId=null, SegmentIdentifier=null, SegmentType=null, SegmentName=null, IsPrimarySegment=false, OrderItemRecipientId=null, RampIdentifier=null, QuantityUnitOfMeasureId=null, UnitPriceUplift=null, BindingInstanceTargetId=null, PricingContractId=null, RevenueCloudPackagingFlag=CP, IsOrderItemLocked=false, RelatedChangeIdentifier=null, SupplementalChangeType=null, AggregatedQuantity=1.00, BatchIdentifier=null, DoesAutomaticallyRenew=false, Margin=null, MarginAmount=null, UnitCost=null, TotalCost=null, TotalAdjustment=null, TotalMargin=null, TotalMarginAmount=null, PriceRevisionPolicyId=null, ReplacementGroupId=null, Currency__c=USD, Workday_Sync_Correlation_Id__c=null, Workday_Sync_Message__c=null, Workday_Sync_Payload__c=null, Workday_Sync_Status__c=null, Multiple_Element_Rev_Alloc_Value__c=false, Workday_Revenue_Category__c=null, Billing_Schedule_From_Date__c=2026-06-15 00:00:00, Billing_Schedule_To_Date__c=2027-06-14 00:00:00, Custom_Product_Name__c=null, Ship_To_Address__c=null, Legacy_Id__c=null, DoNotExpand__c=false, Royalty_Amount__c=null, Exchange_Rate_To_USD__c=null, gsOrderDetailID__c=null, gsOrderID__c=null, Asset__c=null, Entitlement__c=null, Feature_Code__c=null, Freight_Terms__c=null, GSA__c=false, Hardware_ID__c=null, Hardware__c=null, Hostname__c=null, Instances__c=null, Is_Term__c=false, COLA_Uplift_Percent__c=null, End_Date_Calculated__c=2027-06-14 00:00:00, Legacy_Source__c=null, MSP_End_User__c=null, MYCAP__c=false, Maintenance_Discount_Percent__c=null, Manual_Discount__c=null, Migration_Change__c=null, Model__c=null, Number_of_Processors__c=null, Order_Is_Price_Locked__c=false, Override_Discount_Amount__c=null, Override_Discount_Percentage__c=null, Partition__c=null, Partner_Discount_Type__c=null, Price_Overriden__c=false, Prior_Feature_Code__c=null, Prior_Group_Number__c=null, Prior_Model__c=null, Prior_Number_of_Processors__c=null, Prior_Serial_Number__c=null, Product_Sale_Type__c=null, Product_type__c=null, Quantity_Back_Ordered__c=null, Quantity_Shipped__c=null, RSM_Discount_Percent__c=null, RSM__c=null, Requested_Delivery_Date__c=null, Sales_Support_Notes__c=null, Sequence_Number__c=null, Server_Type_Discount_Percent__c=null, Skip_Price_Calculation__c=false, Swap__c=false, System_Type__c=null, Tax_Code__c=null, Units__c=null, Uplift_Percent__c=null, Version_Number__c=null, Fortra_Product_Type__c=Subscription, Year_After_StartDate__c=true, Two_Years_After_Start_Date__c=false, Order_Line_ARR__c=null, Base_Price__c=null, Displaced_ARR__c=null, Is_Split_Line__c=false, Original_Order_Item__c=null, Partition_Record__c=null, Quote_Legal_Entity__c=Fortra, LLC*, Serial_Number__c=null, AllowRegionalPricing__c=false, Attribute_Multiplier_Pct__c=null, Attribute_Price_Mode__c=null, COLACalculatedPrice__c=null, Has_Attribute_Adjustment__c=false, RegionalNetUnitPrice__c=null, Quote_Line_Discount_Reason__c=null, Billing_Frequency__c=Yearly_Billing_Template, Order_Line_NARR_Calculated__c=0.00, Workday_Contract_Line_Reference_ID__c=null, LPAR_Number__c=null, LPAR_System_Name__c=null, Workday_Contract_Line_Type__c=FIXED AMOUNT, Start_Date_Calculated__c=2026-06-15 00:00:00, LegacyQuoteLineDiscount__c=null, LIC_Fair_Value_Amount__c=null, MAINT_Fair_Value_Amount__c=null, Source_List_Price__c=null, Prior_Discretionary_Discount__c=null, Prior_Partner_Discount__c=null, NetTotalPrice_Calculated__c=77080.00}
12:19:44.523 (2525917001)|FLOW_ELEMENT_BEGIN|14706012788e2f5814d2163a58219ecc9c55f1-7941|FlowRecordLookup|Get_Product
12:19:44.523 (2525957919)|FLOW_ELEMENT_DEFERRED|FlowRecordLookup|Get_Product
12:19:44.523 (2525995698)|FLOW_ELEMENT_LIMIT_USAGE|2 ms CPU time, total 758 out of 15000
12:19:44.523 (2526007741)|FLOW_ELEMENT_END|14706012788e2f5814d2163a58219ecc9c55f1-7941|FlowRecordLookup|Get_Product
12:19:44.523 (2526052393)|FLOW_START_INTERVIEW_END|14706012788e2f5814d2163a58219ecc9c55f1-7941|Fortra &#124; OrderItem &#124; Set Workday Contract Line Type
12:19:44.523 (2526062956)|FLOW_START_INTERVIEW_BEGIN|14716012788e2f5814d2163a58219ecc9c55f1-7942|Fortra &#124; OrderItem &#124; Set Workday Contract Line Type
12:19:44.523 (2526077114)|FLOW_START_INTERVIEW_LIMIT_USAGE|SOQL queries: 7 out of 100
12:19:44.523 (2526081728)|FLOW_START_INTERVIEW_LIMIT_USAGE|SOQL query rows: 17 out of 50000
12:19:44.523 (2526085332)|FLOW_START_INTERVIEW_LIMIT_USAGE|SOSL queries: 0 out of 20
12:19:44.523 (2526088624)|FLOW_START_INTERVIEW_LIMIT_USAGE|DML statements: 5 out of 150
12:19:44.523 (2526091842)|FLOW_START_INTERVIEW_LIMIT_USAGE|DML rows: 14 out of 10000
12:19:44.523 (2526095043)|FLOW_START_INTERVIEW_LIMIT_USAGE|CPU time in ms: 758 out of 15000
12:19:44.523 (2526103501)|FLOW_START_INTERVIEW_LIMIT_USAGE|Heap size in bytes: 1543 out of 6000000
12:19:44.523 (2526108563)|FLOW_START_INTERVIEW_LIMIT_USAGE|Callouts: 0 out of 100
12:19:44.523 (2526113231)|FLOW_START_INTERVIEW_LIMIT_USAGE|Email invocations: 0 out of 10
12:19:44.523 (2526117133)|FLOW_START_INTERVIEW_LIMIT_USAGE|Future calls: 0 out of 50
12:19:44.523 (2526121288)|FLOW_START_INTERVIEW_LIMIT_USAGE|Jobs in queue: 0 out of 50
12:19:44.523 (2526125972)|FLOW_START_INTERVIEW_LIMIT_USAGE|Push notifications: 0 out of 10
12:19:44.523 (2528272493)|FLOW_VALUE_ASSIGNMENT|14716012788e2f5814d2163a58219ecc9c55f1-7942|$Record|{Id=802WC00000OpoppYAB, Product2Id=01tWC00000DD1btYAD, IsDeleted=false, OrderId=801WC00000knHDLYA2, PricebookEntryId=01uWC000005ws8MYAQ, OriginalOrderItemId=null, QuoteLineItemId=0QLWC000003ehR74AI, AvailableQuantity=1.00, Quantity=1.00, CurrencyIsoCode=USD, UnitPrice=301.75, ListPrice=355.00, TotalPrice=256.4875, BillingReference2=null, ServiceDate=null, ServiceTime=null, ServiceDateTime=null, EndDate=null, EndTime=null, EndDateTime=null, ServiceEndTimeZone=null, Description=Powertech Identity & Access Manager (BoKS) &#124; Standard, TotalLineAmount=301.75, TotalAdjustmentAmount=-45.2625, TotalLineAdjustmentAmount=0.00, TotalAdjustmentDistAmount=0.00, TotalAdjustmentTaxAmount=0.00, TotalLineAdjustmentTaxAmount=0.00, TotalAdjustmentDistTaxAmount=0.00, TotalLineTaxAmount=0.00, TotalTaxAmount=0.00, RoundedLineAmount=301.75, AdjustedLineAmount=256.4875, TotalAdjustedLineTaxAmount=0.00, RoundedLineAmtWithTax=301.75, TotalAdjustmentAmtWithTax=-45.2625, AdjustedLineAmtWithTax=256.4875, TotalLineAdjustmentAmtWithTax=0.00, TotalAdjustmentDistAmtWithTax=0.00, TotalAmtWithTax=256.4875, OrderDeliveryGroupId=null, RelatedOrderItemId=null, Type=null, TypeCode=null, TaxTreatmentId=null, LegalEntityId=0fwWC000000034LYAQ, BillingTreatmentId=null, ProductSellingModelId=0jPWC00000005yz2AA, OrderActionId=8OAWC000002SOpS4AW, ProrationPolicyId=null, PeriodBoundary=null, PeriodBoundaryStartMonth=null, PeriodBoundaryDay=null, PricingTermCount=0.00, NetUnitPrice=301.75, BillingFrequency2=null, ParentOrderItemId=null, Status=null, LineNumber=2, CreatedDate=2026-06-15 14:12:47, CreatedById=005a500001SfRd7AAF, LastModifiedDate=2026-06-15 19:19:45, LastModifiedById=005WC00000MgTN2YAN, SystemModstamp=2026-06-15 19:19:45, OrderItemNumber=0000564382, PriceWaterfallIdentifier=802WC00000OpoppYAB:149787176567512, StartQuantity=0.00, EndQuantity=1.00, NetTotalPrice=256.4875, Discount=null, DiscountAmount=null, PartnerDiscountPercent=15.00, PartnerUnitPrice=301.75, ValidationResult=null, EarliestEstimatedDeliveryDate=null, LatestEstimatedDeliveryDate=null, EarliestEstimatedDeliveryTime=null, LatestEstimatedDeliveryTime=null, EstimatedDeliveryReference=null, EstimatedDeliveryTimeZone=null, CustomProductName=null, SubscriptionTerm=null, OrderItemGroupId=null, SegmentIdentifier=null, SegmentType=null, SegmentName=null, IsPrimarySegment=false, OrderItemRecipientId=null, RampIdentifier=null, QuantityUnitOfMeasureId=null, UnitPriceUplift=null, BindingInstanceTargetId=null, PricingContractId=null, RevenueCloudPackagingFlag=CP, IsOrderItemLocked=false, RelatedChangeIdentifier=null, SupplementalChangeType=null, AggregatedQuantity=1.00, BatchIdentifier=null, DoesAutomaticallyRenew=false, Margin=null, MarginAmount=null, UnitCost=null, TotalCost=null, TotalAdjustment=null, TotalMargin=null, TotalMarginAmount=null, PriceRevisionPolicyId=null, ReplacementGroupId=null, Currency__c=USD, Workday_Sync_Correlation_Id__c=null, Workday_Sync_Message__c=null, Workday_Sync_Payload__c=null, Workday_Sync_Status__c=null, Multiple_Element_Rev_Alloc_Value__c=false, Workday_Revenue_Category__c=null, Billing_Schedule_From_Date__c=2026-06-15 00:00:00, Billing_Schedule_To_Date__c=2026-06-15 00:00:00, Custom_Product_Name__c=null, Ship_To_Address__c=null, Legacy_Id__c=null, DoNotExpand__c=false, Royalty_Amount__c=null, Exchange_Rate_To_USD__c=null, gsOrderDetailID__c=null, gsOrderID__c=null, Asset__c=null, Entitlement__c=null, Feature_Code__c=null, Freight_Terms__c=null, GSA__c=false, Hardware_ID__c=null, Hardware__c=null, Hostname__c=null, Instances__c=null, Is_Term__c=false, COLA_Uplift_Percent__c=null, End_Date_Calculated__c=2026-06-15 00:00:00, Legacy_Source__c=null, MSP_End_User__c=null, MYCAP__c=false, Maintenance_Discount_Percent__c=null, Manual_Discount__c=null, Migration_Change__c=null, Model__c=null, Number_of_Processors__c=null, Order_Is_Price_Locked__c=false, Override_Discount_Amount__c=null, Override_Discount_Percentage__c=null, Partition__c=null, Partner_Discount_Type__c=null, Price_Overriden__c=false, Prior_Feature_Code__c=null, Prior_Group_Number__c=null, Prior_Model__c=null, Prior_Number_of_Processors__c=null, Prior_Serial_Number__c=null, Product_Sale_Type__c=null, Product_type__c=null, Quantity_Back_Ordered__c=null, Quantity_Shipped__c=null, RSM_Discount_Percent__c=null, RSM__c=null, Requested_Delivery_Date__c=null, Sales_Support_Notes__c=null, Sequence_Number__c=null, Server_Type_Discount_Percent__c=null, Skip_Price_Calculation__c=false, Swap__c=false, System_Type__c=null, Tax_Code__c=null, Units__c=null, Uplift_Percent__c=null, Version_Number__c=null, Fortra_Product_Type__c=Perpetual, Year_After_StartDate__c=false, Two_Years_After_Start_Date__c=false, Order_Line_ARR__c=null, Base_Price__c=null, Displaced_ARR__c=null, Is_Split_Line__c=false, Original_Order_Item__c=null, Partition_Record__c=null, Quote_Legal_Entity__c=Fortra, LLC*, Serial_Number__c=null, AllowRegionalPricing__c=false, Attribute_Multiplier_Pct__c=null, Attribute_Price_Mode__c=null, COLACalculatedPrice__c=null, Has_Attribute_Adjustment__c=false, RegionalNetUnitPrice__c=null, Quote_Line_Discount_Reason__c=null, Billing_Frequency__c=Yearly_Billing_Template, Order_Line_NARR_Calculated__c=0.00, Workday_Contract_Line_Reference_ID__c=null, LPAR_Number__c=null, LPAR_System_Name__c=null, Workday_Contract_Line_Type__c=FIXED AMOUNT, Start_Date_Calculated__c=2026-06-15 00:00:00, LegacyQuoteLineDiscount__c=null, LIC_Fair_Value_Amount__c=null, MAINT_Fair_Value_Amount__c=null, Source_List_Price__c=null, Prior_Discretionary_Discount__c=null, Prior_Partner_Discount__c=null, NetTotalPrice_Calculated__c=301.75}
12:19:44.523 (2528410693)|FLOW_ELEMENT_BEGIN|14716012788e2f5814d2163a58219ecc9c55f1-7942|FlowRecordLookup|Get_Product
12:19:44.523 (2528462654)|FLOW_ELEMENT_DEFERRED|FlowRecordLookup|Get_Product
12:19:44.523 (2528499949)|FLOW_ELEMENT_LIMIT_USAGE|2 ms CPU time, total 760 out of 15000
12:19:44.523 (2528511554)|FLOW_ELEMENT_END|14716012788e2f5814d2163a58219ecc9c55f1-7942|FlowRecordLookup|Get_Product
12:19:44.523 (2528553924)|FLOW_START_INTERVIEW_END|14716012788e2f5814d2163a58219ecc9c55f1-7942|Fortra &#124; OrderItem &#124; Set Workday Contract Line Type
12:19:44.523 (2528603786)|FLOW_BULK_ELEMENT_BEGIN|FlowRecordLookup|Get_Product
12:19:44.523 (2544636472)|FLOW_VALUE_ASSIGNMENT|14716012788e2f5814d2163a58219ecc9c55f1-7942|Get_Product|{pse__IsServicesProduct__c=false, Id=01tWC00000DD1btYAD}
12:19:44.523 (2544663830)|FLOW_BULK_ELEMENT_DETAIL|FlowRecordLookup|Get_Product|1
12:19:44.523 (2544684628)|FLOW_VALUE_ASSIGNMENT|14706012788e2f5814d2163a58219ecc9c55f1-7941|Get_Product|{pse__IsServicesProduct__c=false, Id=01tWC00000DD11JYAT}
12:19:44.523 (2544688675)|FLOW_BULK_ELEMENT_DETAIL|FlowRecordLookup|Get_Product|1
12:19:44.523 (2544875520)|FLOW_BULK_ELEMENT_LIMIT_USAGE|1 SOQL queries, total 8 out of 100
12:19:44.523 (2544882560)|FLOW_BULK_ELEMENT_LIMIT_USAGE|2 SOQL query rows, total 19 out of 50000
12:19:44.523 (2544887749)|FLOW_BULK_ELEMENT_LIMIT_USAGE|8 ms CPU time, total 768 out of 15000
12:19:44.523 (2544932626)|FLOW_BULK_ELEMENT_END|FlowRecordLookup|Get_Product|2|4
12:19:44.523 (2544993131)|FLOW_ELEMENT_BEGIN|14706012788e2f5814d2163a58219ecc9c55f1-7941|FlowDecision|Decision_Is_Services_Product
12:19:44.523 (2545014587)|FLOW_ELEMENT_DEFERRED|FlowDecision|Decision_Is_Services_Product
12:19:44.523 (2545060006)|FLOW_ELEMENT_END|14706012788e2f5814d2163a58219ecc9c55f1-7941|FlowDecision|Decision_Is_Services_Product
12:19:44.523 (2545073453)|FLOW_ELEMENT_BEGIN|14716012788e2f5814d2163a58219ecc9c55f1-7942|FlowDecision|Decision_Is_Services_Product
12:19:44.523 (2545082844)|FLOW_ELEMENT_DEFERRED|FlowDecision|Decision_Is_Services_Product
12:19:44.523 (2545093332)|FLOW_ELEMENT_END|14716012788e2f5814d2163a58219ecc9c55f1-7942|FlowDecision|Decision_Is_Services_Product
12:19:44.523 (2545119974)|FLOW_BULK_ELEMENT_BEGIN|FlowDecision|Decision_Is_Services_Product
12:19:44.523 (2545199878)|FLOW_RULE_DETAIL|14706012788e2f5814d2163a58219ecc9c55f1-7941|Is_Services_Product|false|false
12:19:44.523 (2545212068)|FLOW_VALUE_ASSIGNMENT|14706012788e2f5814d2163a58219ecc9c55f1-7941|Is_Services_Product|false
12:19:44.523 (2545229581)|FLOW_RULE_DETAIL|14716012788e2f5814d2163a58219ecc9c55f1-7942|Is_Services_Product|false|false
12:19:44.523 (2545235148)|FLOW_VALUE_ASSIGNMENT|14716012788e2f5814d2163a58219ecc9c55f1-7942|Is_Services_Product|false
12:19:44.523 (2545298354)|FLOW_BULK_ELEMENT_END|FlowDecision|Decision_Is_Services_Product|0|0
12:19:44.523 (2545317041)|FLOW_ELEMENT_BEGIN|14706012788e2f5814d2163a58219ecc9c55f1-7941|FlowDecision|Decision_Is_Subsplit
12:19:44.523 (2545326701)|FLOW_ELEMENT_DEFERRED|FlowDecision|Decision_Is_Subsplit
12:19:44.523 (2545337250)|FLOW_ELEMENT_END|14706012788e2f5814d2163a58219ecc9c55f1-7941|FlowDecision|Decision_Is_Subsplit
12:19:44.523 (2545347392)|FLOW_ELEMENT_BEGIN|14716012788e2f5814d2163a58219ecc9c55f1-7942|FlowDecision|Decision_Is_Subsplit
12:19:44.523 (2545355720)|FLOW_ELEMENT_DEFERRED|FlowDecision|Decision_Is_Subsplit
12:19:44.523 (2545364980)|FLOW_ELEMENT_END|14716012788e2f5814d2163a58219ecc9c55f1-7942|FlowDecision|Decision_Is_Subsplit
12:19:44.523 (2545505160)|FLOW_BULK_ELEMENT_BEGIN|FlowDecision|Decision_Is_Subsplit
12:19:44.523 (2545672168)|FLOW_RULE_DETAIL|14706012788e2f5814d2163a58219ecc9c55f1-7941|Has_Subsplit|false|false
12:19:44.523 (2545683109)|FLOW_VALUE_ASSIGNMENT|14706012788e2f5814d2163a58219ecc9c55f1-7941|Has_Subsplit|false
12:19:44.523 (2545739197)|FLOW_RULE_DETAIL|14716012788e2f5814d2163a58219ecc9c55f1-7942|Has_Subsplit|false|false
12:19:44.523 (2545745890)|FLOW_VALUE_ASSIGNMENT|14716012788e2f5814d2163a58219ecc9c55f1-7942|Has_Subsplit|false
12:19:44.523 (2545816832)|FLOW_BULK_ELEMENT_LIMIT_USAGE|1 ms CPU time, total 769 out of 15000
12:19:44.523 (2545833687)|FLOW_BULK_ELEMENT_END|FlowDecision|Decision_Is_Subsplit|0|0
12:19:44.523 (2545860176)|FLOW_ELEMENT_BEGIN|14706012788e2f5814d2163a58219ecc9c55f1-7941|FlowRecordUpdate|Update_LineType_Fixed_Amount
12:19:44.523 (2545871811)|FLOW_ELEMENT_DEFERRED|FlowRecordUpdate|Update_LineType_Fixed_Amount
12:19:44.523 (2545884496)|FLOW_ELEMENT_END|14706012788e2f5814d2163a58219ecc9c55f1-7941|FlowRecordUpdate|Update_LineType_Fixed_Amount
12:19:44.523 (2545894594)|FLOW_ELEMENT_BEGIN|14716012788e2f5814d2163a58219ecc9c55f1-7942|FlowRecordUpdate|Update_LineType_Fixed_Amount
12:19:44.523 (2545919659)|FLOW_ELEMENT_DEFERRED|FlowRecordUpdate|Update_LineType_Fixed_Amount
12:19:44.523 (2545930006)|FLOW_ELEMENT_END|14716012788e2f5814d2163a58219ecc9c55f1-7942|FlowRecordUpdate|Update_LineType_Fixed_Amount
12:19:44.523 (2545955343)|FLOW_BULK_ELEMENT_BEGIN|FlowRecordUpdate|Update_LineType_Fixed_Amount
12:19:44.523 (2546227922)|FLOW_BULK_ELEMENT_DETAIL|FlowRecordUpdate|Update_LineType_Fixed_Amount|1
12:19:44.523 (2546307153)|FLOW_BULK_ELEMENT_DETAIL|FlowRecordUpdate|Update_LineType_Fixed_Amount|1
12:19:44.523 (2713519238)|FLOW_VALUE_ASSIGNMENT|14706012788e2f5814d2163a58219ecc9c55f1-7941|Update_LineType_Fixed_Amount|true
12:19:44.523 (2715185050)|FLOW_VALUE_ASSIGNMENT|14706012788e2f5814d2163a58219ecc9c55f1-7941|$Record|{Id=802WC00000OpopoYAB, Product2Id=01tWC00000DD11JYAT, IsDeleted=false, OrderId=801WC00000knHDLYA2, PricebookEntryId=01uWC000005wrrDYAQ, OriginalOrderItemId=null, QuoteLineItemId=0QLWC000003ehSj4AI, AvailableQuantity=1.00, Quantity=1.00, CurrencyIsoCode=USD, UnitPrice=77080.00, ListPrice=94000.00, TotalPrice=94000.00, BillingReference2=null, ServiceDate=2026-06-15 00:00:00, ServiceTime=00:00:00.000Z, ServiceDateTime=null, EndDate=2027-06-14 00:00:00, EndTime=00:00:00.000Z, EndDateTime=null, ServiceEndTimeZone=GMT, Description=null, TotalLineAmount=77080.00, TotalAdjustmentAmount=0.00, TotalLineAdjustmentAmount=0.00, TotalAdjustmentDistAmount=0.00, TotalAdjustmentTaxAmount=0.00, TotalLineAdjustmentTaxAmount=0.00, TotalAdjustmentDistTaxAmount=0.00, TotalLineTaxAmount=0.00, TotalTaxAmount=0.00, RoundedLineAmount=77080.00, AdjustedLineAmount=77080.00, TotalAdjustedLineTaxAmount=0.00, RoundedLineAmtWithTax=77080.00, TotalAdjustmentAmtWithTax=0.00, AdjustedLineAmtWithTax=77080.00, TotalLineAdjustmentAmtWithTax=0.00, TotalAdjustmentDistAmtWithTax=0.00, TotalAmtWithTax=94000.00, OrderDeliveryGroupId=null, RelatedOrderItemId=null, Type=null, TypeCode=null, TaxTreatmentId=null, LegalEntityId=0fwWC000000034LYAQ, BillingTreatmentId=null, ProductSellingModelId=0jPWC000000060b2AA, OrderActionId=8OAWC000002SOpS4AW, ProrationPolicyId=0mua50000004KzRAAU, PeriodBoundary=Anniversary, PeriodBoundaryStartMonth=null, PeriodBoundaryDay=null, PricingTermCount=1.00, NetUnitPrice=77080.00, BillingFrequency2=Annual, ParentOrderItemId=null, Status=null, LineNumber=1, CreatedDate=2026-06-15 14:12:47, CreatedById=005a500001SfRd7AAF, LastModifiedDate=2026-06-15 19:19:45, LastModifiedById=005WC00000MgTN2YAN, SystemModstamp=2026-06-15 19:19:45, OrderItemNumber=0000564381, PriceWaterfallIdentifier=802WC00000OpopoYAB:149787176567512, StartQuantity=0.00, EndQuantity=1.00, NetTotalPrice=94000.00, Discount=null, DiscountAmount=null, PartnerDiscountPercent=null, PartnerUnitPrice=77080.00, ValidationResult=null, EarliestEstimatedDeliveryDate=null, LatestEstimatedDeliveryDate=null, EarliestEstimatedDeliveryTime=null, LatestEstimatedDeliveryTime=null, EstimatedDeliveryReference=null, EstimatedDeliveryTimeZone=null, CustomProductName=null, SubscriptionTerm=1, OrderItemGroupId=null, SegmentIdentifier=null, SegmentType=null, SegmentName=null, IsPrimarySegment=false, OrderItemRecipientId=null, RampIdentifier=null, QuantityUnitOfMeasureId=null, UnitPriceUplift=null, BindingInstanceTargetId=null, PricingContractId=null, RevenueCloudPackagingFlag=CP, IsOrderItemLocked=false, RelatedChangeIdentifier=null, SupplementalChangeType=null, AggregatedQuantity=1.00, BatchIdentifier=null, DoesAutomaticallyRenew=false, Margin=null, MarginAmount=null, UnitCost=null, TotalCost=null, TotalAdjustment=null, TotalMargin=null, TotalMarginAmount=null, PriceRevisionPolicyId=null, ReplacementGroupId=null, Currency__c=USD, Workday_Sync_Correlation_Id__c=null, Workday_Sync_Message__c=null, Workday_Sync_Payload__c=null, Workday_Sync_Status__c=null, Multiple_Element_Rev_Alloc_Value__c=false, Workday_Revenue_Category__c=null, Billing_Schedule_From_Date__c=2026-06-15 00:00:00, Billing_Schedule_To_Date__c=2027-06-14 00:00:00, Custom_Product_Name__c=null, Ship_To_Address__c=null, Legacy_Id__c=null, DoNotExpand__c=false, Royalty_Amount__c=null, Exchange_Rate_To_USD__c=null, gsOrderDetailID__c=null, gsOrderID__c=null, Asset__c=null, Entitlement__c=null, Feature_Code__c=null, Freight_Terms__c=null, GSA__c=false, Hardware_ID__c=null, Hardware__c=null, Hostname__c=null, Instances__c=null, Is_Term__c=false, COLA_Uplift_Percent__c=null, End_Date_Calculated__c=2027-06-14 00:00:00, Legacy_Source__c=null, MSP_End_User__c=null, MYCAP__c=false, Maintenance_Discount_Percent__c=null, Manual_Discount__c=null, Migration_Change__c=null, Model__c=null, Number_of_Processors__c=null, Order_Is_Price_Locked__c=false, Override_Discount_Amount__c=null, Override_Discount_Percentage__c=null, Partition__c=null, Partner_Discount_Type__c=null, Price_Overriden__c=false, Prior_Feature_Code__c=null, Prior_Group_Number__c=null, Prior_Model__c=null, Prior_Number_of_Processors__c=null, Prior_Serial_Number__c=null, Product_Sale_Type__c=null, Product_type__c=null, Quantity_Back_Ordered__c=null, Quantity_Shipped__c=null, RSM_Discount_Percent__c=null, RSM__c=null, Requested_Delivery_Date__c=null, Sales_Support_Notes__c=null, Sequence_Number__c=null, Server_Type_Discount_Percent__c=null, Skip_Price_Calculation__c=false, Swap__c=false, System_Type__c=null, Tax_Code__c=null, Units__c=null, Uplift_Percent__c=null, Version_Number__c=null, Fortra_Product_Type__c=Subscription, Year_After_StartDate__c=true, Two_Years_After_Start_Date__c=false, Order_Line_ARR__c=null, Base_Price__c=null, Displaced_ARR__c=null, Is_Split_Line__c=false, Original_Order_Item__c=null, Partition_Record__c=null, Quote_Legal_Entity__c=Fortra, LLC*, Serial_Number__c=null, AllowRegionalPricing__c=false, Attribute_Multiplier_Pct__c=null, Attribute_Price_Mode__c=null, COLACalculatedPrice__c=null, Has_Attribute_Adjustment__c=false, RegionalNetUnitPrice__c=null, Quote_Line_Discount_Reason__c=null, Billing_Frequency__c=Yearly_Billing_Template, Order_Line_NARR_Calculated__c=0.00, Workday_Contract_Line_Reference_ID__c=null, LPAR_Number__c=null, LPAR_System_Name__c=null, Workday_Contract_Line_Type__c=FIXED AMOUNT, Start_Date_Calculated__c=2026-06-15 00:00:00, LegacyQuoteLineDiscount__c=null, LIC_Fair_Value_Amount__c=null, MAINT_Fair_Value_Amount__c=null, Source_List_Price__c=null, Prior_Discretionary_Discount__c=null, Prior_Partner_Discount__c=null, NetTotalPrice_Calculated__c=77080.00}
12:19:44.523 (2715224886)|FLOW_VALUE_ASSIGNMENT|14706012788e2f5814d2163a58219ecc9c55f1-7941|Update_LineType_Fixed_Amount__CONDITIONS_RESULT|true
12:19:44.523 (2715247485)|FLOW_VALUE_ASSIGNMENT|14716012788e2f5814d2163a58219ecc9c55f1-7942|Update_LineType_Fixed_Amount|true
12:19:44.523 (2716701555)|FLOW_VALUE_ASSIGNMENT|14716012788e2f5814d2163a58219ecc9c55f1-7942|$Record|{Id=802WC00000OpoppYAB, Product2Id=01tWC00000DD1btYAD, IsDeleted=false, OrderId=801WC00000knHDLYA2, PricebookEntryId=01uWC000005ws8MYAQ, OriginalOrderItemId=null, QuoteLineItemId=0QLWC000003ehR74AI, AvailableQuantity=1.00, Quantity=1.00, CurrencyIsoCode=USD, UnitPrice=301.75, ListPrice=355.00, TotalPrice=256.4875, BillingReference2=null, ServiceDate=null, ServiceTime=null, ServiceDateTime=null, EndDate=null, EndTime=null, EndDateTime=null, ServiceEndTimeZone=null, Description=Powertech Identity & Access Manager (BoKS) &#124; Standard, TotalLineAmount=301.75, TotalAdjustmentAmount=-45.2625, TotalLineAdjustmentAmount=0.00, TotalAdjustmentDistAmount=0.00, TotalAdjustmentTaxAmount=0.00, TotalLineAdjustmentTaxAmount=0.00, TotalAdjustmentDistTaxAmount=0.00, TotalLineTaxAmount=0.00, TotalTaxAmount=0.00, RoundedLineAmount=301.75, AdjustedLineAmount=256.4875, TotalAdjustedLineTaxAmount=0.00, RoundedLineAmtWithTax=301.75, TotalAdjustmentAmtWithTax=-45.2625, AdjustedLineAmtWithTax=256.4875, TotalLineAdjustmentAmtWithTax=0.00, TotalAdjustmentDistAmtWithTax=0.00, TotalAmtWithTax=256.4875, OrderDeliveryGroupId=null, RelatedOrderItemId=null, Type=null, TypeCode=null, TaxTreatmentId=null, LegalEntityId=0fwWC000000034LYAQ, BillingTreatmentId=null, ProductSellingModelId=0jPWC00000005yz2AA, OrderActionId=8OAWC000002SOpS4AW, ProrationPolicyId=null, PeriodBoundary=null, PeriodBoundaryStartMonth=null, PeriodBoundaryDay=null, PricingTermCount=0.00, NetUnitPrice=301.75, BillingFrequency2=null, ParentOrderItemId=null, Status=null, LineNumber=2, CreatedDate=2026-06-15 14:12:47, CreatedById=005a500001SfRd7AAF, LastModifiedDate=2026-06-15 19:19:45, LastModifiedById=005WC00000MgTN2YAN, SystemModstamp=2026-06-15 19:19:45, OrderItemNumber=0000564382, PriceWaterfallIdentifier=802WC00000OpoppYAB:149787176567512, StartQuantity=0.00, EndQuantity=1.00, NetTotalPrice=256.4875, Discount=null, DiscountAmount=null, PartnerDiscountPercent=15.00, PartnerUnitPrice=301.75, ValidationResult=null, EarliestEstimatedDeliveryDate=null, LatestEstimatedDeliveryDate=null, EarliestEstimatedDeliveryTime=null, LatestEstimatedDeliveryTime=null, EstimatedDeliveryReference=null, EstimatedDeliveryTimeZone=null, CustomProductName=null, SubscriptionTerm=null, OrderItemGroupId=null, SegmentIdentifier=null, SegmentType=null, SegmentName=null, IsPrimarySegment=false, OrderItemRecipientId=null, RampIdentifier=null, QuantityUnitOfMeasureId=null, UnitPriceUplift=null, BindingInstanceTargetId=null, PricingContractId=null, RevenueCloudPackagingFlag=CP, IsOrderItemLocked=false, RelatedChangeIdentifier=null, SupplementalChangeType=null, AggregatedQuantity=1.00, BatchIdentifier=null, DoesAutomaticallyRenew=false, Margin=null, MarginAmount=null, UnitCost=null, TotalCost=null, TotalAdjustment=null, TotalMargin=null, TotalMarginAmount=null, PriceRevisionPolicyId=null, ReplacementGroupId=null, Currency__c=USD, Workday_Sync_Correlation_Id__c=null, Workday_Sync_Message__c=null, Workday_Sync_Payload__c=null, Workday_Sync_Status__c=null, Multiple_Element_Rev_Alloc_Value__c=false, Workday_Revenue_Category__c=null, Billing_Schedule_From_Date__c=2026-06-15 00:00:00, Billing_Schedule_To_Date__c=2026-06-15 00:00:00, Custom_Product_Name__c=null, Ship_To_Address__c=null, Legacy_Id__c=null, DoNotExpand__c=false, Royalty_Amount__c=null, Exchange_Rate_To_USD__c=null, gsOrderDetailID__c=null, gsOrderID__c=null, Asset__c=null, Entitlement__c=null, Feature_Code__c=null, Freight_Terms__c=null, GSA__c=false, Hardware_ID__c=null, Hardware__c=null, Hostname__c=null, Instances__c=null, Is_Term__c=false, COLA_Uplift_Percent__c=null, End_Date_Calculated__c=2026-06-15 00:00:00, Legacy_Source__c=null, MSP_End_User__c=null, MYCAP__c=false, Maintenance_Discount_Percent__c=null, Manual_Discount__c=null, Migration_Change__c=null, Model__c=null, Number_of_Processors__c=null, Order_Is_Price_Locked__c=false, Override_Discount_Amount__c=null, Override_Discount_Percentage__c=null, Partition__c=null, Partner_Discount_Type__c=null, Price_Overriden__c=false, Prior_Feature_Code__c=null, Prior_Group_Number__c=null, Prior_Model__c=null, Prior_Number_of_Processors__c=null, Prior_Serial_Number__c=null, Product_Sale_Type__c=null, Product_type__c=null, Quantity_Back_Ordered__c=null, Quantity_Shipped__c=null, RSM_Discount_Percent__c=null, RSM__c=null, Requested_Delivery_Date__c=null, Sales_Support_Notes__c=null, Sequence_Number__c=null, Server_Type_Discount_Percent__c=null, Skip_Price_Calculation__c=false, Swap__c=false, System_Type__c=null, Tax_Code__c=null, Units__c=null, Uplift_Percent__c=null, Version_Number__c=null, Fortra_Product_Type__c=Perpetual, Year_After_StartDate__c=false, Two_Years_After_Start_Date__c=false, Order_Line_ARR__c=null, Base_Price__c=null, Displaced_ARR__c=null, Is_Split_Line__c=false, Original_Order_Item__c=null, Partition_Record__c=null, Quote_Legal_Entity__c=Fortra, LLC*, Serial_Number__c=null, AllowRegionalPricing__c=false, Attribute_Multiplier_Pct__c=null, Attribute_Price_Mode__c=null, COLACalculatedPrice__c=null, Has_Attribute_Adjustment__c=false, RegionalNetUnitPrice__c=null, Quote_Line_Discount_Reason__c=null, Billing_Frequency__c=Yearly_Billing_Template, Order_Line_NARR_Calculated__c=0.00, Workday_Contract_Line_Reference_ID__c=null, LPAR_Number__c=null, LPAR_System_Name__c=null, Workday_Contract_Line_Type__c=FIXED AMOUNT, Start_Date_Calculated__c=2026-06-15 00:00:00, LegacyQuoteLineDiscount__c=null, LIC_Fair_Value_Amount__c=null, MAINT_Fair_Value_Amount__c=null, Source_List_Price__c=null, Prior_Discretionary_Discount__c=null, Prior_Partner_Discount__c=null, NetTotalPrice_Calculated__c=301.75}
12:19:44.523 (2716738809)|FLOW_VALUE_ASSIGNMENT|14716012788e2f5814d2163a58219ecc9c55f1-7942|Update_LineType_Fixed_Amount__CONDITIONS_RESULT|true
12:19:44.523 (2716917816)|FLOW_BULK_ELEMENT_LIMIT_USAGE|1 DML statements, total 6 out of 150
12:19:44.523 (2716925719)|FLOW_BULK_ELEMENT_LIMIT_USAGE|2 DML rows, total 16 out of 10000
12:19:44.523 (2716929704)|FLOW_BULK_ELEMENT_LIMIT_USAGE|80 ms CPU time, total 849 out of 15000
12:19:44.523 (2716985002)|FLOW_BULK_ELEMENT_END|FlowRecordUpdate|Update_LineType_Fixed_Amount|2|170
12:19:44.523 (2717314155)|FLOW_START_INTERVIEWS_END|2
12:19:44.523 (2717495758)|FLOW_INTERVIEW_FINISHED|14706012788e2f5814d2163a58219ecc9c55f1-7941|Fortra &#124; OrderItem &#124; Set Workday Contract Line Type
12:19:44.523 (2717516268)|FLOW_INTERVIEW_FINISHED_LIMIT_USAGE|SOQL queries: 8 out of 100
12:19:44.523 (2717520541)|FLOW_INTERVIEW_FINISHED_LIMIT_USAGE|SOQL query rows: 19 out of 50000
12:19:44.523 (2717524243)|FLOW_INTERVIEW_FINISHED_LIMIT_USAGE|SOSL queries: 0 out of 20
12:19:44.523 (2717527408)|FLOW_INTERVIEW_FINISHED_LIMIT_USAGE|DML statements: 6 out of 150
12:19:44.523 (2717530723)|FLOW_INTERVIEW_FINISHED_LIMIT_USAGE|DML rows: 16 out of 10000
12:19:44.523 (2717533574)|FLOW_INTERVIEW_FINISHED_LIMIT_USAGE|CPU time in ms: 849 out of 15000
12:19:44.523 (2717554278)|FLOW_INTERVIEW_FINISHED_LIMIT_USAGE|Heap size in bytes: 1543 out of 6000000
12:19:44.523 (2717557038)|FLOW_INTERVIEW_FINISHED_LIMIT_USAGE|Callouts: 0 out of 100
12:19:44.523 (2717559606)|FLOW_INTERVIEW_FINISHED_LIMIT_USAGE|Email invocations: 0 out of 10
12:19:44.523 (2717561982)|FLOW_INTERVIEW_FINISHED_LIMIT_USAGE|Future calls: 0 out of 50
12:19:44.523 (2717564646)|FLOW_INTERVIEW_FINISHED_LIMIT_USAGE|Jobs in queue: 0 out of 50
12:19:44.523 (2717568016)|FLOW_INTERVIEW_FINISHED|14716012788e2f5814d2163a58219ecc9c55f1-7942|Fortra &#124; OrderItem &#124; Set Workday Contract Line Type
12:19:44.523 (2717572123)|FLOW_INTERVIEW_FINISHED_LIMIT_USAGE|SOQL queries: 8 out of 100
12:19:44.523 (2717574518)|FLOW_INTERVIEW_FINISHED_LIMIT_USAGE|SOQL query rows: 19 out of 50000
12:19:44.523 (2717576539)|FLOW_INTERVIEW_FINISHED_LIMIT_USAGE|SOSL queries: 0 out of 20
12:19:44.523 (2717578843)|FLOW_INTERVIEW_FINISHED_LIMIT_USAGE|DML statements: 6 out of 150
12:19:44.523 (2717580991)|FLOW_INTERVIEW_FINISHED_LIMIT_USAGE|DML rows: 16 out of 10000
12:19:44.523 (2717583234)|FLOW_INTERVIEW_FINISHED_LIMIT_USAGE|CPU time in ms: 849 out of 15000
12:19:44.523 (2717589279)|FLOW_INTERVIEW_FINISHED_LIMIT_USAGE|Heap size in bytes: 1543 out of 6000000
12:19:44.523 (2717591533)|FLOW_INTERVIEW_FINISHED_LIMIT_USAGE|Callouts: 0 out of 100
12:19:44.523 (2717593673)|FLOW_INTERVIEW_FINISHED_LIMIT_USAGE|Email invocations: 0 out of 10
12:19:44.523 (2717595657)|FLOW_INTERVIEW_FINISHED_LIMIT_USAGE|Future calls: 0 out of 50
12:19:44.523 (2717597660)|FLOW_INTERVIEW_FINISHED_LIMIT_USAGE|Jobs in queue: 0 out of 50
12:19:44.56 (2718413420)|CODE_UNIT_FINISHED|Flow:OrderItem
12:19:44.56 (2719514495)|CODE_UNIT_STARTED|[EXTERNAL]|Flow:OrderItem
12:19:44.56 (2719531437)|CODE_UNIT_FINISHED|Flow:OrderItem
12:19:44.56 (2781069682)|DML_END|[642]
12:19:44.56 (2781262742)|EXCEPTION_THROWN|[642]|System.DmlException: Update failed. First exception on row 2 with id 802WC00000OpopqYAB; first error: INVALID_FIELD_FOR_INSERT_UPDATE, You can't edit the Unit Price because the Order Product has related Order Product Detail records. : [UnitPrice]
12:19:44.56 (2782483388)|HEAP_ALLOCATE|[642]|Bytes:229
12:19:44.56 (2782524069)|SYSTEM_MODE_EXIT|false
12:19:44.56 (2782544205)|METHOD_EXIT|[38]|01pWC000002W5rR|MaintenanceOrderDecompositionService.persistFromWork(MaintenanceOrderDecompositionService.OrderMaintenanceWork)
12:19:44.56 (2782586868)|VARIABLE_SCOPE_BEGIN|[78]|e|Exception|true|false
12:19:44.56 (2782654062)|VARIABLE_ASSIGNMENT|[78]|e|"common.apex.runtime.impl.DmlExecutionException: Update failed. First exception on row 2 with id 802WC00000OpopqYAB; first error: INVALID_FIELD_FOR_INSERT_UPDATE, You can't edit the Unit Price because the Order Product has related Order Product Detail records. : [UnitPrice]"|0x68fcc514
12:19:44.56 (2782660969)|STATEMENT_EXECUTE|[78]
12:19:44.56 (2782662250)|STATEMENT_EXECUTE|[79]
12:19:44.56 (2782673854)|HEAP_ALLOCATE|[79]|Bytes:5
12:19:44.56 (2782692219)|VARIABLE_ASSIGNMENT|[79]|this.success|false|0x27e6c40f
12:19:44.56 (2782696123)|STATEMENT_EXECUTE|[80]
12:19:44.56 (2782716381)|SYSTEM_METHOD_ENTRY|[80]|System.DmlException.getTypeName()
12:19:44.56 (2782760693)|HEAP_ALLOCATE|[80]|Bytes:19
12:19:44.56 (2782765496)|SYSTEM_METHOD_EXIT|[80]|System.DmlException.getTypeName()
12:19:44.56 (2782768816)|HEAP_ALLOCATE|[80]|Bytes:2
12:19:44.56 (2782772873)|SYSTEM_METHOD_ENTRY|[80]|System.DmlException.getMessage()
12:19:44.56 (2782779363)|HEAP_ALLOCATE|[80]|Bytes:225
12:19:44.56 (2782782483)|SYSTEM_METHOD_EXIT|[80]|System.DmlException.getMessage()
12:19:44.56 (2782797282)|HEAP_ALLOCATE|[80]|Bytes:246
12:19:44.56 (2782810844)|VARIABLE_ASSIGNMENT|[80]|this.errorMessage|"System.DmlException: (226 more) ..."|0x27e6c40f
12:19:44.56 (2782814971)|STATEMENT_EXECUTE|[81]
12:19:44.56 (2782834270)|METHOD_ENTRY|[81]|01pWC000002VIVl|OrderRepriceInvocable.populateResultFromOrder(Id, OrderRepriceInvocable.Result)
12:19:44.56 (2782861909)|VARIABLE_SCOPE_BEGIN|[87]|orderId|Id|false|false
12:19:44.56 (2782907207)|VARIABLE_ASSIGNMENT|[87]|orderId|"801WC00000knHDLYA2"
12:19:44.56 (2782911860)|VARIABLE_SCOPE_BEGIN|[87]|res|OrderRepriceInvocable.Result|true|false
12:19:44.56 (2782954470)|VARIABLE_ASSIGNMENT|[87]|res|{"errorMessage":"System.DmlException: (226 more) ...","pricingReady":false,"success":false}|0x27e6c40f
12:19:44.56 (2782967792)|HEAP_ALLOCATE|[88]|Bytes:5
12:19:44.56 (2782970924)|STATEMENT_EXECUTE|[87]
12:19:44.56 (2782973594)|HEAP_ALLOCATE|[88]|Bytes:86
12:19:44.56 (2782991313)|HEAP_ALLOCATE|[88]|Bytes:4
12:19:44.56 (2783630009)|SOQL_EXECUTE_BEGIN|[88]|Aggregations:0|SELECT CalculationStatus, ValidationResult, TotalAmount FROM Order WHERE Id = :tmpVar1
12:19:44.56 (2789736576)|SOQL_EXECUTE_END|[88]|Rows:1
12:19:44.56 (2789769544)|HEAP_ALLOCATE|[EXTERNAL]|Bytes:8
12:19:44.56 (2789835792)|SYSTEM_METHOD_ENTRY|[88]|Database.QueryLocator.iterator()
12:19:44.56 (2789929542)|HEAP_ALLOCATE|[88]|Bytes:28
12:19:44.56 (2789968854)|HEAP_ALLOCATE|[88]|Bytes:8
12:19:44.56 (2789977440)|HEAP_ALLOCATE|[88]|Bytes:8
12:19:44.56 (2789980084)|HEAP_ALLOCATE|[88]|Bytes:8
12:19:44.56 (2789985938)|VARIABLE_SCOPE_BEGIN|[15]|this|Database.QueryLocatorIterator|true|false
12:19:44.56 (2790030368)|VARIABLE_ASSIGNMENT|[15]|this|{}|0x61e1907c
12:19:44.56 (2790035897)|VARIABLE_SCOPE_BEGIN|[15]|values|List<SObject>|true|false
12:19:44.56 (2790174051)|VARIABLE_ASSIGNMENT|[15]|values|[{"TotalAmount":94256.4875,"Id":"801WC00000knHDLYA2","ValidationResult":"TransactionIncomplet (1 more) ...","CalculationStatus":"CompletedWithPricing"}]|0x7c1806ab
12:19:44.56 (2790181217)|VARIABLE_SCOPE_BEGIN|[15]|ql|Database.QueryLocator|true|false
12:19:44.56 (2790197517)|VARIABLE_ASSIGNMENT|[15]|ql|{"query":"SELECT CalculationSt (66 more) ..."}|0x4c215d9f
12:19:44.56 (2790201820)|VARIABLE_SCOPE_BEGIN|[15]|totalNumRecords|Integer|false|false
12:19:44.56 (2790209437)|VARIABLE_ASSIGNMENT|[15]|totalNumRecords|1
12:19:44.56 (2790213000)|VARIABLE_SCOPE_BEGIN|[15]|queryMoreSize|Integer|false|false
12:19:44.56 (2790219452)|VARIABLE_ASSIGNMENT|[15]|queryMoreSize|49982
12:19:44.56 (2790281222)|HEAP_ALLOCATE|[88]|Bytes:28
12:19:44.56 (2790290014)|SYSTEM_METHOD_EXIT|[88]|Database.QueryLocator.iterator()
12:19:44.56 (2790310827)|METHOD_ENTRY|[88]||Database.QueryLocatorIterator.hasNext()
12:19:44.56 (2790343199)|METHOD_EXIT|[88]||Database.QueryLocatorIterator.hasNext()
12:19:44.56 (2790347326)|METHOD_ENTRY|[88]||Database.QueryLocatorIterator.next()
12:19:44.56 (2790398785)|METHOD_EXIT|[88]||Database.QueryLocatorIterator.next()
12:19:44.56 (2790405126)|VARIABLE_SCOPE_BEGIN|[88]|o|Order|true|false
12:19:44.56 (2790436247)|VARIABLE_ASSIGNMENT|[88]|o|{"TotalAmount":94256.4875,"Id":"801WC00000knHDLYA2","ValidationResult":"TransactionIncomplet (1 more) ...","CalculationStatus":"CompletedWithPricing"}|0x29a4e18b
12:19:44.56 (2790441848)|STATEMENT_EXECUTE|[92]
12:19:44.56 (2790442874)|STATEMENT_EXECUTE|[93]
12:19:44.56 (2790475530)|VARIABLE_ASSIGNMENT|[93]|this.calculationStatus|"CompletedWithPricing"|0x27e6c40f
12:19:44.56 (2790479897)|STATEMENT_EXECUTE|[94]
12:19:44.56 (2790492865)|VARIABLE_ASSIGNMENT|[94]|this.validationResult|"TransactionIncomplet (1 more) ..."|0x27e6c40f
12:19:44.56 (2790499509)|METHOD_ENTRY|[88]||Database.QueryLocatorIterator.hasNext()
12:19:44.56 (2790508718)|METHOD_EXIT|[88]||Database.QueryLocatorIterator.hasNext()
12:19:44.56 (2790514404)|VARIABLE_ASSIGNMENT|[88]|o|null|
12:19:44.56 (2790535118)|METHOD_EXIT|[81]|01pWC000002VIVl|OrderRepriceInvocable.populateResultFromOrder(Id, OrderRepriceInvocable.Result)
12:19:44.56 (2790540711)|STATEMENT_EXECUTE|[83]
12:19:44.56 (2790545522)|METHOD_EXIT|[28]|01pWC000002VIVl|OrderRepriceInvocable.repriceOne(Id)
12:19:44.56 (2790573280)|SYSTEM_METHOD_ENTRY|[28]|List<OrderRepriceInvocable.Result>.add(Object)
12:19:44.56 (2790581650)|HEAP_ALLOCATE|[EXTERNAL]|Bytes:4
12:19:44.56 (2790589162)|SYSTEM_METHOD_EXIT|[28]|List<OrderRepriceInvocable.Result>.add(Object)
12:19:44.56 (2790597873)|SYSTEM_METHOD_ENTRY|[27]|system.ListIterator.hasNext()
12:19:44.56 (2790607838)|HEAP_ALLOCATE|[27]|Bytes:5
12:19:44.56 (2790611856)|SYSTEM_METHOD_EXIT|[27]|system.ListIterator.hasNext()
12:19:44.56 (2790617165)|VARIABLE_ASSIGNMENT|[27]|req|null|
12:19:44.56 (2790619736)|STATEMENT_EXECUTE|[30]
12:19:44.56 (2790624074)|SYSTEM_MODE_EXIT|true
12:19:44.56 (2791688235)|METHOD_EXIT|[4]|01pWC000002VIVl|OrderRepriceInvocable.reprice(List<OrderRepriceInvocable.Request>)
12:19:44.56 (2791701801)|SYSTEM_MODE_EXIT|false
12:19:44.56 (2791768251)|VARIABLE_ASSIGNMENT|[3]|results|[{"calculationStatus":"CompletedWithPricing","errorMessage":"System.DmlException: (226 more) ...","pricingReady":false,"success":false,"validationResult":"TransactionIncomplet (1 more) ..."}]|0x5a9c6997
12:19:44.56 (2791772888)|STATEMENT_EXECUTE|[5]
12:19:44.56 (2791787616)|HEAP_ALLOCATE|[5]|Bytes:24
12:19:44.56 (2791805759)|VARIABLE_ASSIGNMENT|[5]|r|{"calculationStatus":"CompletedWithPricing","errorMessage":"System.DmlException: (226 more) ...","pricingReady":false,"success":false,"validationResult":"TransactionIncomplet (1 more) ..."}|0x27e6c40f
12:19:44.56 (2791809361)|STATEMENT_EXECUTE|[6]
12:19:44.56 (2791812781)|HEAP_ALLOCATE|[6]|Bytes:23
12:19:44.56 (2791846031)|SYSTEM_METHOD_ENTRY|[6]|String.valueOf(Object)
12:19:44.56 (2791865352)|HEAP_ALLOCATE|[6]|Bytes:5
12:19:44.56 (2791871058)|SYSTEM_METHOD_EXIT|[6]|String.valueOf(Object)
12:19:44.56 (2791873653)|HEAP_ALLOCATE|[7]|Bytes:8
12:19:44.56 (2791876436)|HEAP_ALLOCATE|[8]|Bytes:9
12:19:44.56 (2791887021)|HEAP_ALLOCATE|[6]|Bytes:86
12:19:44.56 (2791889321)|HEAP_ALLOCATE|[9]|Bytes:16
12:19:44.56 (2791896799)|SYSTEM_METHOD_ENTRY|[9]|String.valueOf(Object)
12:19:44.56 (2791901346)|HEAP_ALLOCATE|[9]|Bytes:5
12:19:44.56 (2791905630)|SYSTEM_METHOD_EXIT|[9]|String.valueOf(Object)
12:19:44.56 (2791907351)|HEAP_ALLOCATE|[10]|Bytes:7
12:19:44.56 (2791913499)|HEAP_ALLOCATE|[6]|Bytes:274
12:19:44.56 (2791918903)|HEAP_ALLOCATE|[6]|Bytes:360
12:19:44.56 (2791933121)|SYSTEM_METHOD_ENTRY|[6]|System.debug(ANY)
12:19:44.56 (2791945058)|USER_DEBUG|[6]|DEBUG|REPRICE_RESULT success=false &#124; calc=CompletedWithPricing &#124; valid=TransactionIncomplete &#124; pricingReady=false &#124; err=System.DmlException: Update failed. First exception on row 2 with id 802WC00000OpopqYAB; first error: INVALID_FIELD_FOR_INSERT_UPDATE, You can't edit the Unit Price because the Order Product has related Order Product Detail records. : [UnitPrice]
12:19:44.56 (2791952141)|SYSTEM_METHOD_EXIT|[6]|System.debug(ANY)
12:19:44.56 (2825451437)|CODE_UNIT_FINISHED|execute_anonymous_apex
12:19:44.56 (2825471805)|EXECUTION_FINISHED

