STDOUT:

 ───────────────── Importing data ─────────────────

 ◼ Creating ingest job
 ◼ Processing the job

 Status: ◜
 Job Id: ◜
 Elapsed Time: 0ms

[2K[1A[2K[1A[2K[1A[2K[1A[2K[1A[2K[1A[2K[1A[2K[1A[2K[1A[2K[1A[2K[G
 ───────────────── Importing data ─────────────────

 ⣾ Creating ingest job 28ms
 ◼ Processing the job

 Status: ◜
 Job Id: ◜
 Elapsed Time: 34ms

[2K[1A[2K[1A[2K[1A[2K[1A[2K[1A[2K[1A[2K[1A[2K[1A[2K[1A[2K[1A[2K[G
 ───────────────── Importing data ─────────────────

 ⣾ Creating ingest job 58ms
 ◼ Processing the job

 Status: ◜
 Job Id: ◜
 Elapsed Time: 62ms

[2K[1A[2K[1A[2K[1A[2K[1A[2K[1A[2K[1A[2K[1A[2K[1A[2K[1A[2K[1A[2K[G
 ───────────────── Importing data ─────────────────

 ⣾ Creating ingest job 87ms
 ◼ Processing the job

 Status: ◜
 Job Id: ◜
 Elapsed Time: 93ms

[2K[1A[2K[1A[2K[1A[2K[1A[2K[1A[2K[1A[2K[1A[2K[1A[2K[1A[2K[1A[2K[G
 ───────────────── Importing data ─────────────────

 ⣽ Creating ingest job 117ms
 ◼ Processing the job

 Status: ◠
 Job Id: ◠
 Elapsed Time: 125ms

[2K[1A[2K[1A[2K[1A[2K[1A[2K[1A[2K[1A[2K[1A[2K[1A[2K[1A[2K[1A[2K[G
 ───────────────── Importing data ─────────────────

 ⣽ Creating ingest job 146ms
 ◼ Processing the job

 Status: ◠
 Job Id: ◠
 Elapsed Time: 154ms

[2K[1A[2K[1A[2K[1A[2K[1A[2K[1A[2K[1A[2K[1A[2K[1A[2K[1A[2K[1A[2K[G
 ───────────────── Importing data ─────────────────

 ⣻ Creating ingest job 177ms
 ◼ Processing the job

 Status: ◠
 Job Id: ◠
 Elapsed Time: 186ms

[2K[1A[2K[1A[2K[1A[2K[1A[2K[1A[2K[1A[2K[1A[2K[1A[2K[1A[2K[1A[2K[G
 ───────────────── Importing data ─────────────────

 ⣻ Creating ingest job 209ms
 ◼ Processing the job

 Status: ◝
 Job Id: ◝
 Elapsed Time: 218ms

[2K[1A[2K[1A[2K[1A[2K[1A[2K[1A[2K[1A[2K[1A[2K[1A[2K[1A[2K[1A[2K[G
 ───────────────── Importing data ─────────────────

 ⣻ Creating ingest job 238ms
 ◼ Processing the job

 Status: ◝
 Job Id: ◝
 Elapsed Time: 249ms

[2K[1A[2K[1A[2K[1A[2K[1A[2K[1A[2K[1A[2K[1A[2K[1A[2K[1A[2K[1A[2K[G
 ───────────────── Importing data ─────────────────

 ⢿ Creating ingest job 269ms
 ◼ Processing the job

 Status: ◝
 Job Id: ◝
 Elapsed Time: 281ms

[2K[1A[2K[1A[2K[1A[2K[1A[2K[1A[2K[1A[2K[1A[2K[1A[2K[1A[2K[1A[2K[G
 ───────────────── Importing data ─────────────────

 ⢿ Creating ingest job 300ms
 ◼ Processing the job

 Status: ◞
 Job Id: ◞
 Elapsed Time: 311ms

[2K[1A[2K[1A[2K[1A[2K[1A[2K[1A[2K[1A[2K[1A[2K[1A[2K[1A[2K[1A[2K[G
 ───────────────── Importing data ─────────────────

 ⡿ Creating ingest job 330ms
 ◼ Processing the job

 Status: ◞
 Job Id: ◞
 Elapsed Time: 344ms

[2K[1A[2K[1A[2K[1A[2K[1A[2K[1A[2K[1A[2K[1A[2K[1A[2K[1A[2K[1A[2K[G
 ───────────────── Importing data ─────────────────

 ⡿ Creating ingest job 361ms
 ◼ Processing the job

 Status: ◞
 Job Id: ◞
 Elapsed Time: 375ms

[2K[1A[2K[1A[2K[1A[2K[1A[2K[1A[2K[1A[2K[1A[2K[1A[2K[1A[2K[1A[2K[G
 ───────────────── Importing data ─────────────────

 ⡿ Creating ingest job 392ms
 ◼ Processing the job

 Status: ◡
 Job Id: ◡
 Elapsed Time: 408ms

[2K[1A[2K[1A[2K[1A[2K[1A[2K[1A[2K[1A[2K[1A[2K[1A[2K[1A[2K[1A[2K[G
 ───────────────── Importing data ─────────────────

 ⣟ Creating ingest job 422ms
 ◼ Processing the job

 Status: ◡
 Job Id: ◡
 Elapsed Time: 436ms

[2K[1A[2K[1A[2K[1A[2K[1A[2K[1A[2K[1A[2K[1A[2K[1A[2K[1A[2K[1A[2K[G
 ───────────────── Importing data ─────────────────

 ⣟ Creating ingest job 455ms
 ◼ Processing the job

 Status: ◡
 Job Id: ◡
 Elapsed Time: 465ms

[2K[1A[2K[1A[2K[1A[2K[1A[2K[1A[2K[1A[2K[1A[2K[1A[2K[1A[2K[1A[2K[G
 ───────────────── Importing data ─────────────────

 ⣯ Creating ingest job 484ms
 ◼ Processing the job

 Status: ◟
 Job Id: ◟
 Elapsed Time: 496ms

[2K[1A[2K[1A[2K[1A[2K[1A[2K[1A[2K[1A[2K[1A[2K[1A[2K[1A[2K[1A[2K[G
 ───────────────── Importing data ─────────────────

 ⣯ Creating ingest job 513ms
 ◼ Processing the job

 Status: ◟
 Job Id: ◟
 Elapsed Time: 528ms

[2K[1A[2K[1A[2K[1A[2K[1A[2K[1A[2K[1A[2K[1A[2K[1A[2K[1A[2K[1A[2K[G
 ───────────────── Importing data ─────────────────

 ⣯ Creating ingest job 540ms
 ◼ Processing the job

 Status: ◟
 Job Id: ◟
 Elapsed Time: 559ms

[2K[1A[2K[1A[2K[1A[2K[1A[2K[1A[2K[1A[2K[1A[2K[1A[2K[1A[2K[1A[2K[G
 ───────────────── Importing data ─────────────────

 ⣷ Creating ingest job 572ms
 ◼ Processing the job

 Status: ◜
 Job Id: ◜
 Elapsed Time: 590ms

[2K[1A[2K[1A[2K[1A[2K[1A[2K[1A[2K[1A[2K[1A[2K[1A[2K[1A[2K[1A[2K[G
 ───────────────── Importing data ─────────────────

 ⣷ Creating ingest job 602ms
 ◼ Processing the job

 Status: ◜
 Job Id: ◜
 Elapsed Time: 621ms

[2K[1A[2K[1A[2K[1A[2K[1A[2K[1A[2K[1A[2K[1A[2K[1A[2K[1A[2K[1A[2K[G
 ───────────────── Importing data ─────────────────

 ⣾ Creating ingest job 634ms
 ◼ Processing the job

 Status: ◜
 Job Id: ◜
 Elapsed Time: 652ms

[2K[1A[2K[1A[2K[1A[2K[1A[2K[1A[2K[1A[2K[1A[2K[1A[2K[1A[2K[1A[2K[G
 ───────────────── Importing data ─────────────────

 ⣾ Creating ingest job 664ms
 ◼ Processing the job

 Status: ◠
 Job Id: ◠
 Elapsed Time: 683ms

[2K[1A[2K[1A[2K[1A[2K[1A[2K[1A[2K[1A[2K[1A[2K[1A[2K[1A[2K[1A[2K[G
 ───────────────── Importing data ─────────────────

 ⣾ Creating ingest job 697ms
 ◼ Processing the job

 Status: ◠
 Job Id: ◠
 Elapsed Time: 715ms

[2K[1A[2K[1A[2K[1A[2K[1A[2K[1A[2K[1A[2K[1A[2K[1A[2K[1A[2K[1A[2K[G
 ───────────────── Importing data ─────────────────

 ⣽ Creating ingest job 726ms
 ◼ Processing the job

 Status: ◠
 Job Id: ◠
 Elapsed Time: 746ms

[2K[1A[2K[1A[2K[1A[2K[1A[2K[1A[2K[1A[2K[1A[2K[1A[2K[1A[2K[1A[2K[G
 ───────────────── Importing data ─────────────────

 ⣽ Creating ingest job 755ms
 ◼ Processing the job

 Status: ◝
 Job Id: ◝
 Elapsed Time: 775ms

[2K[1A[2K[1A[2K[1A[2K[1A[2K[1A[2K[1A[2K[1A[2K[1A[2K[1A[2K[1A[2K[G
 ───────────────── Importing data ─────────────────

 ✔ Creating ingest job 762ms
 ⣾ Processing the job 26ms
   ▸ Processed records: ◜
   ▸ Successful records: ◜
   ▸ Failed records: ◜

 Status: ◝
 Job Id: ◝
 Elapsed Time: 807ms

[2K[1A[2K[1A[2K[1A[2K[1A[2K[1A[2K[1A[2K[1A[2K[1A[2K[1A[2K[1A[2K[1A[2K[1A[2K[1A[2K[G
 ───────────────── Importing data ─────────────────

 ✔ Creating ingest job 762ms
 ⣾ Processing the job 56ms
   ▸ Processed records: ◜
   ▸ Successful records: ◜
   ▸ Failed records: ◜

 Status: ◝
 Job Id: ◝
 Elapsed Time: 838ms

[2K[1A[2K[1A[2K[1A[2K[1A[2K[1A[2K[1A[2K[1A[2K[1A[2K[1A[2K[1A[2K[1A[2K[1A[2K[1A[2K[G
 ───────────────── Importing data ─────────────────

 ✔ Creating ingest job 762ms
 ⣽ Processing the job 86ms
   ▸ Processed records: ◜
   ▸ Successful records: ◜
   ▸ Failed records: ◜

 Status: ◝
 Job Id: ◝
 Elapsed Time: 865ms

[2K[1A[2K[1A[2K[1A[2K[1A[2K[1A[2K[1A[2K[1A[2K[1A[2K[1A[2K[1A[2K[1A[2K[1A[2K[1A[2K[G
 ───────────────── Importing data ─────────────────

 ✔ Creating ingest job 762ms
 ⣽ Processing the job 112ms
   ▸ Processed records: ◠
   ▸ Successful records: ◠
   ▸ Failed records: ◠

 Status: ◞
 Job Id: ◞
 Elapsed Time: 895ms

[2K[1A[2K[1A[2K[1A[2K[1A[2K[1A[2K[1A[2K[1A[2K[1A[2K[1A[2K[1A[2K[1A[2K[1A[2K[1A[2K[G
 ───────────────── Importing data ─────────────────

 ✔ Creating ingest job 762ms
 ⣽ Processing the job 142ms
   ▸ Processed records: ◠
   ▸ Successful records: ◠
   ▸ Failed records: ◠

 Status: ◞
 Job Id: ◞
 Elapsed Time: 925ms

[2K[1A[2K[1A[2K[1A[2K[1A[2K[1A[2K[1A[2K[1A[2K[1A[2K[1A[2K[1A[2K[1A[2K[1A[2K[1A[2K[G
 ───────────────── Importing data ─────────────────

 ✔ Creating ingest job 762ms
 ⣻ Processing the job 174ms
   ▸ Processed records: ◠
   ▸ Successful records: ◠
   ▸ Failed records: ◠

 Status: ◞
 Job Id: ◞
 Elapsed Time: 955ms

[2K[1A[2K[1A[2K[1A[2K[1A[2K[1A[2K[1A[2K[1A[2K[1A[2K[1A[2K[1A[2K[1A[2K[1A[2K[1A[2K[G
 ───────────────── Importing data ─────────────────

 ✔ Creating ingest job 762ms
 ⣻ Processing the job 205ms
   ▸ Processed records: ◝
   ▸ Successful records: ◝
   ▸ Failed records: ◝

 Status: ◡
 Job Id: ◡
 Elapsed Time: 986ms

[2K[1A[2K[1A[2K[1A[2K[1A[2K[1A[2K[1A[2K[1A[2K[1A[2K[1A[2K[1A[2K[1A[2K[1A[2K[1A[2K[G
 ───────────────── Importing data ─────────────────

 ✔ Creating ingest job 762ms
 ⢿ Processing the job 231ms
   ▸ Processed records: ◝
   ▸ Successful records: ◝
   ▸ Failed records: ◝

 Status: ◡
 Job Id: ◡
 Elapsed Time: 1.01s

[2K[1A[2K[1A[2K[1A[2K[1A[2K[1A[2K[1A[2K[1A[2K[1A[2K[1A[2K[1A[2K[1A[2K[1A[2K[1A[2K[G
 ───────────────── Importing data ─────────────────

 ✔ Creating ingest job 762ms
 ⢿ Processing the job 260ms
   ▸ Processed records: ◝
   ▸ Successful records: ◝
   ▸ Failed records: ◝

 Status: ◡
 Job Id: ◡
 Elapsed Time: 1.04s

[2K[1A[2K[1A[2K[1A[2K[1A[2K[1A[2K[1A[2K[1A[2K[1A[2K[1A[2K[1A[2K[1A[2K[1A[2K[1A[2K[G
 ───────────────── Importing data ─────────────────

 ✔ Creating ingest job 762ms
 ⢿ Processing the job 284ms
   ▸ Processed records: ◞
   ▸ Successful records: ◞
   ▸ Failed records: ◞

 Status: ◟
 Job Id: ◟
 Elapsed Time: 1.07s

[2K[1A[2K[1A[2K[1A[2K[1A[2K[1A[2K[1A[2K[1A[2K[1A[2K[1A[2K[1A[2K[1A[2K[1A[2K[1A[2K[G
 ───────────────── Importing data ─────────────────

 ✔ Creating ingest job 762ms
 ⡿ Processing the job 313ms
   ▸ Processed records: ◞
   ▸ Successful records: ◞
   ▸ Failed records: ◞

 Status: ◟
 Job Id: ◟
 Elapsed Time: 1.10s

[2K[1A[2K[1A[2K[1A[2K[1A[2K[1A[2K[1A[2K[1A[2K[1A[2K[1A[2K[1A[2K[1A[2K[1A[2K[1A[2K[G
 ───────────────── Importing data ─────────────────

 ✔ Creating ingest job 762ms
 ⡿ Processing the job 338ms
   ▸ Processed records: ◞
   ▸ Successful records: ◞
   ▸ Failed records: ◞

 Status: ◟
 Job Id: ◟
 Elapsed Time: 1.13s

[2K[1A[2K[1A[2K[1A[2K[1A[2K[1A[2K[1A[2K[1A[2K[1A[2K[1A[2K[1A[2K[1A[2K[1A[2K[1A[2K[G
 ───────────────── Importing data ─────────────────

 ✔ Creating ingest job 762ms
 ⣟ Processing the job 368ms
   ▸ Processed records: ◡
   ▸ Successful records: ◡
   ▸ Failed records: ◡

 Status: ◜
 Job Id: ◜
 Elapsed Time: 1.16s

[2K[1A[2K[1A[2K[1A[2K[1A[2K[1A[2K[1A[2K[1A[2K[1A[2K[1A[2K[1A[2K[1A[2K[1A[2K[1A[2K[G
 ───────────────── Importing data ─────────────────

 ✔ Creating ingest job 762ms
 ⣟ Processing the job 399ms
   ▸ Processed records: ◡
   ▸ Successful records: ◡
   ▸ Failed records: ◡

 Status: ◜
 Job Id: ◜
 Elapsed Time: 1.19s

[2K[1A[2K[1A[2K[1A[2K[1A[2K[1A[2K[1A[2K[1A[2K[1A[2K[1A[2K[1A[2K[1A[2K[1A[2K[1A[2K[G
 ───────────────── Importing data ─────────────────

 ✔ Creating ingest job 762ms
 ⣟ Processing the job 431ms
   ▸ Processed records: ◡
   ▸ Successful records: ◡
   ▸ Failed records: ◡

 Status: ◜
 Job Id: ◜
 Elapsed Time: 1.22s

[2K[1A[2K[1A[2K[1A[2K[1A[2K[1A[2K[1A[2K[1A[2K[1A[2K[1A[2K[1A[2K[1A[2K[1A[2K[1A[2K[G
 ───────────────── Importing data ─────────────────

 ✔ Creating ingest job 762ms
 ⣯ Processing the job 457ms
   ▸ Processed records: ◟
   ▸ Successful records: ◟
   ▸ Failed records: ◟

 Status: ◠
 Job Id: ◠
 Elapsed Time: 1.25s

[2K[1A[2K[1A[2K[1A[2K[1A[2K[1A[2K[1A[2K[1A[2K[1A[2K[1A[2K[1A[2K[1A[2K[1A[2K[1A[2K[G
 ───────────────── Importing data ─────────────────

 ✔ Creating ingest job 762ms
 ⣯ Processing the job 486ms
   ▸ Processed records: ◟
   ▸ Successful records: ◟
   ▸ Failed records: ◟

 Status: ◠
 Job Id: ◠
 Elapsed Time: 1.29s

[2K[1A[2K[1A[2K[1A[2K[1A[2K[1A[2K[1A[2K[1A[2K[1A[2K[1A[2K[1A[2K[1A[2K[1A[2K[1A[2K[G
 ───────────────── Importing data ─────────────────

 ✔ Creating ingest job 762ms
 ⣷ Processing the job 514ms
   ▸ Processed records: ◟
   ▸ Successful records: ◟
   ▸ Failed records: ◟

 Status: ◠
 Job Id: ◠
 Elapsed Time: 1.32s

[2K[1A[2K[1A[2K[1A[2K[1A[2K[1A[2K[1A[2K[1A[2K[1A[2K[1A[2K[1A[2K[1A[2K[1A[2K[1A[2K[G
 ───────────────── Importing data ─────────────────

 ✔ Creating ingest job 762ms
 ⣷ Processing the job 543ms
   ▸ Processed records: ◜
   ▸ Successful records: ◜
   ▸ Failed records: ◜

 Status: ◝
 Job Id: ◝
 Elapsed Time: 1.35s

[2K[1A[2K[1A[2K[1A[2K[1A[2K[1A[2K[1A[2K[1A[2K[1A[2K[1A[2K[1A[2K[1A[2K[1A[2K[1A[2K[G
 ───────────────── Importing data ─────────────────

 ✔ Creating ingest job 762ms
 ⣷ Processing the job 571ms
   ▸ Processed records: ◜
   ▸ Successful records: ◜
   ▸ Failed records: ◜

 Status: ◝
 Job Id: ◝
 Elapsed Time: 1.38s

[2K[1A[2K[1A[2K[1A[2K[1A[2K[1A[2K[1A[2K[1A[2K[1A[2K[1A[2K[1A[2K[1A[2K[1A[2K[1A[2K[G
 ───────────────── Importing data ─────────────────

 ✔ Creating ingest job 762ms
 ⣾ Processing the job 601ms
   ▸ Processed records: ◜
   ▸ Successful records: ◜
   ▸ Failed records: ◜

 Status: ◝
 Job Id: ◝
 Elapsed Time: 1.41s

[2K[1A[2K[1A[2K[1A[2K[1A[2K[1A[2K[1A[2K[1A[2K[1A[2K[1A[2K[1A[2K[1A[2K[1A[2K[1A[2K[G
 ───────────────── Importing data ─────────────────

 ✔ Creating ingest job 762ms
 ⣾ Processing the job 632ms
   ▸ Processed records: ◠
   ▸ Successful records: ◠
   ▸ Failed records: ◠

 Status: ◞
 Job Id: ◞
 Elapsed Time: 1.44s

[2K[1A[2K[1A[2K[1A[2K[1A[2K[1A[2K[1A[2K[1A[2K[1A[2K[1A[2K[1A[2K[1A[2K[1A[2K[1A[2K[G
 ───────────────── Importing data ─────────────────

 ✔ Creating ingest job 762ms
 ⣽ Processing the job 664ms
   ▸ Processed records: ◠
   ▸ Successful records: ◠
   ▸ Failed records: ◠

 Status: ◞
 Job Id: ◞
 Elapsed Time: 1.47s

[2K[1A[2K[1A[2K[1A[2K[1A[2K[1A[2K[1A[2K[1A[2K[1A[2K[1A[2K[1A[2K[1A[2K[1A[2K[1A[2K[G
 ───────────────── Importing data ─────────────────

 ✔ Creating ingest job 762ms
 ⣽ Processing the job 690ms
   ▸ Processed records: ◠
   ▸ Successful records: ◠
   ▸ Failed records: ◠

 Status: ◞
 Job Id: ◞
 Elapsed Time: 1.50s

[2K[1A[2K[1A[2K[1A[2K[1A[2K[1A[2K[1A[2K[1A[2K[1A[2K[1A[2K[1A[2K[1A[2K[1A[2K[1A[2K[G
 ───────────────── Importing data ─────────────────

 ✔ Creating ingest job 762ms
 ⣽ Processing the job 719ms
   ▸ Processed records: ◠
   ▸ Successful records: ◠
   ▸ Failed records: ◠

 Status: ◡
 Job Id: ◞
 Elapsed Time: 1.53s

[2K[1A[2K[1A[2K[1A[2K[1A[2K[1A[2K[1A[2K[1A[2K[1A[2K[1A[2K[1A[2K[1A[2K[1A[2K[1A[2K[G
 ───────────────── Importing data ─────────────────

 ✔ Creating ingest job 762ms
 ⣻ Processing the job 745ms
   ▸ Processed records: ◝
   ▸ Successful records: ◝
   ▸ Failed records: ◝

 Status: ◡
 Job Id: ◡
 Elapsed Time: 1.56s

[2K[1A[2K[1A[2K[1A[2K[1A[2K[1A[2K[1A[2K[1A[2K[1A[2K[1A[2K[1A[2K[1A[2K[1A[2K[1A[2K[G
 ───────────────── Importing data ─────────────────

 ✔ Creating ingest job 762ms
 ⣻ Processing the job 773ms
   ▸ Processed records: ◝
   ▸ Successful records: ◝
   ▸ Failed records: ◝

 Status: ◡
 Job Id: ◡
 Elapsed Time: 1.59s

[2K[1A[2K[1A[2K[1A[2K[1A[2K[1A[2K[1A[2K[1A[2K[1A[2K[1A[2K[1A[2K[1A[2K[1A[2K[1A[2K[G
 ───────────────── Importing data ─────────────────

 ✔ Creating ingest job 762ms
 ⢿ Processing the job 799ms
   ▸ Processed records: ◝
   ▸ Successful records: ◝
   ▸ Failed records: ◝

 Status: ◡
 Job Id: ◡
 Elapsed Time: 1.62s

[2K[1A[2K[1A[2K[1A[2K[1A[2K[1A[2K[1A[2K[1A[2K[1A[2K[1A[2K[1A[2K[1A[2K[1A[2K[1A[2K[G
 ───────────────── Importing data ─────────────────

 ✔ Creating ingest job 762ms
 ⢿ Processing the job 827ms
   ▸ Processed records: ◞
   ▸ Successful records: ◞
   ▸ Failed records: ◞

 Status: ◟
 Job Id: ◟
 Elapsed Time: 1.65s

[2K[1A[2K[1A[2K[1A[2K[1A[2K[1A[2K[1A[2K[1A[2K[1A[2K[1A[2K[1A[2K[1A[2K[1A[2K[1A[2K[G
 ───────────────── Importing data ─────────────────

 ✔ Creating ingest job 762ms
 ⢿ Processing the job 853ms
   ▸ Processed records: ◞
   ▸ Successful records: ◞
   ▸ Failed records: ◞

 Status: ◟
 Job Id: ◟
 Elapsed Time: 1.68s

[2K[1A[2K[1A[2K[1A[2K[1A[2K[1A[2K[1A[2K[1A[2K[1A[2K[1A[2K[1A[2K[1A[2K[1A[2K[1A[2K[G
 ───────────────── Importing data ─────────────────

 ✔ Creating ingest job 762ms
 ⡿ Processing the job 883ms
   ▸ Processed records: ◞
   ▸ Successful records: ◞
   ▸ Failed records: ◞

 Status: ◟
 Job Id: ◟
 Elapsed Time: 1.71s

[2K[1A[2K[1A[2K[1A[2K[1A[2K[1A[2K[1A[2K[1A[2K[1A[2K[1A[2K[1A[2K[1A[2K[1A[2K[1A[2K[G
 ───────────────── Importing data ─────────────────

 ✔ Creating ingest job 762ms
 ⡿ Processing the job 913ms
   ▸ Processed records: ◡
   ▸ Successful records: ◡
   ▸ Failed records: ◡

 Status: ◜
 Job Id: ◜
 Elapsed Time: 1.74s

[2K[1A[2K[1A[2K[1A[2K[1A[2K[1A[2K[1A[2K[1A[2K[1A[2K[1A[2K[1A[2K[1A[2K[1A[2K[1A[2K[G
 ───────────────── Importing data ─────────────────

 ✔ Creating ingest job 762ms
 ⣟ Processing the job 942ms
   ▸ Processed records: ◡
   ▸ Successful records: ◡
   ▸ Failed records: ◡

 Status: ◜
 Job Id: ◜
 Elapsed Time: 1.77s

[2K[1A[2K[1A[2K[1A[2K[1A[2K[1A[2K[1A[2K[1A[2K[1A[2K[1A[2K[1A[2K[1A[2K[1A[2K[1A[2K[G
 ───────────────── Importing data ─────────────────

 ✔ Creating ingest job 762ms
 ⣟ Processing the job 969ms
   ▸ Processed records: ◡
   ▸ Successful records: ◡
   ▸ Failed records: ◡

 Status: ◜
 Job Id: ◜
 Elapsed Time: 1.81s

[2K[1A[2K[1A[2K[1A[2K[1A[2K[1A[2K[1A[2K[1A[2K[1A[2K[1A[2K[1A[2K[1A[2K[1A[2K[1A[2K[G
 ───────────────── Importing data ─────────────────

 ✔ Creating ingest job 762ms
 ⣟ Processing the job 995ms
   ▸ Processed records: ◟
   ▸ Successful records: ◟
   ▸ Failed records: ◟

 Status: ◠
 Job Id: ◠
 Elapsed Time: 1.84s

[2K[1A[2K[1A[2K[1A[2K[1A[2K[1A[2K[1A[2K[1A[2K[1A[2K[1A[2K[1A[2K[1A[2K[1A[2K[1A[2K[G
 ───────────────── Importing data ─────────────────

 ✔ Creating ingest job 762ms
 ⣯ Processing the job 1.02s
   ▸ Processed records: ◟
   ▸ Successful records: ◟
   ▸ Failed records: ◟

 Status: ◠
 Job Id: ◠
 Elapsed Time: 1.87s

[2K[1A[2K[1A[2K[1A[2K[1A[2K[1A[2K[1A[2K[1A[2K[1A[2K[1A[2K[1A[2K[1A[2K[1A[2K[1A[2K[G
 ───────────────── Importing data ─────────────────

 ✔ Creating ingest job 762ms
 ⣯ Processing the job 1.05s
   ▸ Processed records: ◟
   ▸ Successful records: ◟
   ▸ Failed records: ◟

 Status: ◠
 Job Id: ◠
 Elapsed Time: 1.90s

[2K[1A[2K[1A[2K[1A[2K[1A[2K[1A[2K[1A[2K[1A[2K[1A[2K[1A[2K[1A[2K[1A[2K[1A[2K[1A[2K[G
 ───────────────── Importing data ─────────────────

 ✔ Creating ingest job 762ms
 ⣷ Processing the job 1.08s
   ▸ Processed records: ◜
   ▸ Successful records: ◜
   ▸ Failed records: ◜

 Status: ◝
 Job Id: ◝
 Elapsed Time: 1.93s

[2K[1A[2K[1A[2K[1A[2K[1A[2K[1A[2K[1A[2K[1A[2K[1A[2K[1A[2K[1A[2K[1A[2K[1A[2K[1A[2K[G
 ───────────────── Importing data ─────────────────

 ✔ Creating ingest job 762ms
 ⣷ Processing the job 1.11s
   ▸ Processed records: ◜
   ▸ Successful records: ◜
   ▸ Failed records: ◜

 Status: ◝
 Job Id: ◝
 Elapsed Time: 1.96s

[2K[1A[2K[1A[2K[1A[2K[1A[2K[1A[2K[1A[2K[1A[2K[1A[2K[1A[2K[1A[2K[1A[2K[1A[2K[1A[2K[G
 ───────────────── Importing data ─────────────────

 ✔ Creating ingest job 762ms
 ⣷ Processing the job 1.14s
   ▸ Processed records: ◜
   ▸ Successful records: ◜
   ▸ Failed records: ◜

 Status: ◝
 Job Id: ◝
 Elapsed Time: 2.00s

[2K[1A[2K[1A[2K[1A[2K[1A[2K[1A[2K[1A[2K[1A[2K[1A[2K[1A[2K[1A[2K[1A[2K[1A[2K[1A[2K[G
 ───────────────── Importing data ─────────────────

 ✔ Creating ingest job 762ms
 ⣾ Processing the job 1.17s
   ▸ Processed records: ◠
   ▸ Successful records: ◠
   ▸ Failed records: ◠

 Status: ◞
 Job Id: ◞
 Elapsed Time: 2.02s

[2K[1A[2K[1A[2K[1A[2K[1A[2K[1A[2K[1A[2K[1A[2K[1A[2K[1A[2K[1A[2K[1A[2K[1A[2K[1A[2K[G
 ───────────────── Importing data ─────────────────

 ✔ Creating ingest job 762ms
 ⣾ Processing the job 1.20s
   ▸ Processed records: ◠
   ▸ Successful records: ◠
   ▸ Failed records: ◠

 Status: ◞
 Job Id: ◞
 Elapsed Time: 2.05s

[2K[1A[2K[1A[2K[1A[2K[1A[2K[1A[2K[1A[2K[1A[2K[1A[2K[1A[2K[1A[2K[1A[2K[1A[2K[1A[2K[G
 ───────────────── Importing data ─────────────────

 ✔ Creating ingest job 762ms
 ⣽ Processing the job 1.23s
   ▸ Processed records: ◠
   ▸ Successful records: ◠
   ▸ Failed records: ◠

 Status: InProgress
 Job Id:
 750ct00000URN8xAAH (https://fortra--mergebuild.sandbox.my.salesforce.com/lightn
 ing/setup/AsyncApiJobStatus/page?address=%2F750ct00000URN8xAAH)
 Elapsed Time: 2.08s

[2K[1A[2K[1A[2K[1A[2K[1A[2K[1A[2K[1A[2K[1A[2K[1A[2K[1A[2K[1A[2K[1A[2K[1A[2K[1A[2K[1A[2K[1A[2K[G
 ───────────────── Importing data ─────────────────

 ✔ Creating ingest job 762ms
 ⣽ Processing the job 1.27s
   ▸ Processed records: ◝
   ▸ Successful records: ◝
   ▸ Failed records: ◝

 Status: InProgress
 Job Id:
 750ct00000URN8xAAH (https://fortra--mergebuild.sandbox.my.salesforce.com/lightn
 ing/setup/AsyncApiJobStatus/page?address=%2F750ct00000URN8xAAH)
 Elapsed Time: 2.11s

[2K[1A[2K[1A[2K[1A[2K[1A[2K[1A[2K[1A[2K[1A[2K[1A[2K[1A[2K[1A[2K[1A[2K[1A[2K[1A[2K[1A[2K[1A[2K[G
 ───────────────── Importing data ─────────────────

 ✔ Creating ingest job 762ms
 ⣻ Processing the job 1.30s
   ▸ Processed records: ◝
   ▸ Successful records: ◝
   ▸ Failed records: ◝

 Status: InProgress
 Job Id:
 750ct00000URN8xAAH (https://fortra--mergebuild.sandbox.my.salesforce.com/lightn
 ing/setup/AsyncApiJobStatus/page?address=%2F750ct00000URN8xAAH)
 Elapsed Time: 2.15s

[2K[1A[2K[1A[2K[1A[2K[1A[2K[1A[2K[1A[2K[1A[2K[1A[2K[1A[2K[1A[2K[1A[2K[1A[2K[1A[2K[1A[2K[1A[2K[G
 ───────────────── Importing data ─────────────────

 ✔ Creating ingest job 762ms
 ⣻ Processing the job 1.33s
   ▸ Processed records: ◝
   ▸ Successful records: ◝
   ▸ Failed records: ◝

 Status: InProgress
 Job Id:
 750ct00000URN8xAAH (https://fortra--mergebuild.sandbox.my.salesforce.com/lightn
 ing/setup/AsyncApiJobStatus/page?address=%2F750ct00000URN8xAAH)
 Elapsed Time: 2.17s

[2K[1A[2K[1A[2K[1A[2K[1A[2K[1A[2K[1A[2K[1A[2K[1A[2K[1A[2K[1A[2K[1A[2K[1A[2K[1A[2K[1A[2K[1A[2K[G
 ───────────────── Importing data ─────────────────

 ✔ Creating ingest job 762ms
 ⣻ Processing the job 1.36s
   ▸ Processed records: ◞
   ▸ Successful records: ◞
   ▸ Failed records: ◞

 Status: InProgress
 Job Id:
 750ct00000URN8xAAH (https://fortra--mergebuild.sandbox.my.salesforce.com/lightn
 ing/setup/AsyncApiJobStatus/page?address=%2F750ct00000URN8xAAH)
 Elapsed Time: 2.21s

[2K[1A[2K[1A[2K[1A[2K[1A[2K[1A[2K[1A[2K[1A[2K[1A[2K[1A[2K[1A[2K[1A[2K[1A[2K[1A[2K[1A[2K[1A[2K[G
 ───────────────── Importing data ─────────────────

 ✔ Creating ingest job 762ms
 ⢿ Processing the job 1.39s
   ▸ Processed records: ◞
   ▸ Successful records: ◞
   ▸ Failed records: ◞

 Status: InProgress
 Job Id:
 750ct00000URN8xAAH (https://fortra--mergebuild.sandbox.my.salesforce.com/lightn
 ing/setup/AsyncApiJobStatus/page?address=%2F750ct00000URN8xAAH)
 Elapsed Time: 2.24s

[2K[1A[2K[1A[2K[1A[2K[1A[2K[1A[2K[1A[2K[1A[2K[1A[2K[1A[2K[1A[2K[1A[2K[1A[2K[1A[2K[1A[2K[1A[2K[G
 ───────────────── Importing data ─────────────────

 ✔ Creating ingest job 762ms
 ⢿ Processing the job 1.41s
   ▸ Processed records: ◞
   ▸ Successful records: ◞
   ▸ Failed records: ◞

 Status: InProgress
 Job Id:
 750ct00000URN8xAAH (https://fortra--mergebuild.sandbox.my.salesforce.com/lightn
 ing/setup/AsyncApiJobStatus/page?address=%2F750ct00000URN8xAAH)
 Elapsed Time: 2.27s

[2K[1A[2K[1A[2K[1A[2K[1A[2K[1A[2K[1A[2K[1A[2K[1A[2K[1A[2K[1A[2K[1A[2K[1A[2K[1A[2K[1A[2K[1A[2K[G
 ───────────────── Importing data ─────────────────

 ✔ Creating ingest job 762ms
 ⡿ Processing the job 1.44s
   ▸ Processed records: ◡
   ▸ Successful records: ◡
   ▸ Failed records: ◡

 Status: InProgress
 Job Id:
 750ct00000URN8xAAH (https://fortra--mergebuild.sandbox.my.salesforce.com/lightn
 ing/setup/AsyncApiJobStatus/page?address=%2F750ct00000URN8xAAH)
 Elapsed Time: 2.30s

[2K[1A[2K[1A[2K[1A[2K[1A[2K[1A[2K[1A[2K[1A[2K[1A[2K[1A[2K[1A[2K[1A[2K[1A[2K[1A[2K[1A[2K[1A[2K[G
 ───────────────── Importing data ─────────────────

 ✔ Creating ingest job 762ms
 ⡿ Processing the job 1.47s
   ▸ Processed records: ◡
   ▸ Successful records: ◡
   ▸ Failed records: ◡

 Status: InProgress
 Job Id:
 750ct00000URN8xAAH (https://fortra--mergebuild.sandbox.my.salesforce.com/lightn
 ing/setup/AsyncApiJobStatus/page?address=%2F750ct00000URN8xAAH)
 Elapsed Time: 2.33s

[2K[1A[2K[1A[2K[1A[2K[1A[2K[1A[2K[1A[2K[1A[2K[1A[2K[1A[2K[1A[2K[1A[2K[1A[2K[1A[2K[1A[2K[1A[2K[G
 ───────────────── Importing data ─────────────────

 ✔ Creating ingest job 762ms
 ⡿ Processing the job 1.50s
   ▸ Processed records: ◡
   ▸ Successful records: ◡
   ▸ Failed records: ◡

 Status: InProgress
 Job Id:
 750ct00000URN8xAAH (https://fortra--mergebuild.sandbox.my.salesforce.com/lightn
 ing/setup/AsyncApiJobStatus/page?address=%2F750ct00000URN8xAAH)
 Elapsed Time: 2.36s

[2K[1A[2K[1A[2K[1A[2K[1A[2K[1A[2K[1A[2K[1A[2K[1A[2K[1A[2K[1A[2K[1A[2K[1A[2K[1A[2K[1A[2K[1A[2K[G
 ───────────────── Importing data ─────────────────

 ✔ Creating ingest job 762ms
 ⣟ Processing the job 1.53s
   ▸ Processed records: ◟
   ▸ Successful records: ◡
   ▸ Failed records: ◡

 Status: InProgress
 Job Id:
 750ct00000URN8xAAH (https://fortra--mergebuild.sandbox.my.salesforce.com/lightn
 ing/setup/AsyncApiJobStatus/page?address=%2F750ct00000URN8xAAH)
 Elapsed Time: 2.39s

[2K[1A[2K[1A[2K[1A[2K[1A[2K[1A[2K[1A[2K[1A[2K[1A[2K[1A[2K[1A[2K[1A[2K[1A[2K[1A[2K[1A[2K[1A[2K[G
 ───────────────── Importing data ─────────────────

 ✔ Creating ingest job 762ms
 ⣟ Processing the job 1.56s
   ▸ Processed records: ◟
   ▸ Successful records: ◟
   ▸ Failed records: ◟

 Status: InProgress
 Job Id:
 750ct00000URN8xAAH (https://fortra--mergebuild.sandbox.my.salesforce.com/lightn
 ing/setup/AsyncApiJobStatus/page?address=%2F750ct00000URN8xAAH)
 Elapsed Time: 2.42s

[2K[1A[2K[1A[2K[1A[2K[1A[2K[1A[2K[1A[2K[1A[2K[1A[2K[1A[2K[1A[2K[1A[2K[1A[2K[1A[2K[1A[2K[1A[2K[G
 ───────────────── Importing data ─────────────────

 ✔ Creating ingest job 762ms
 ⣯ Processing the job 1.59s
   ▸ Processed records: ◟
   ▸ Successful records: ◟
   ▸ Failed records: ◟

 Status: InProgress
 Job Id:
 750ct00000URN8xAAH (https://fortra--mergebuild.sandbox.my.salesforce.com/lightn
 ing/setup/AsyncApiJobStatus/page?address=%2F750ct00000URN8xAAH)
 Elapsed Time: 2.46s

[2K[1A[2K[1A[2K[1A[2K[1A[2K[1A[2K[1A[2K[1A[2K[1A[2K[1A[2K[1A[2K[1A[2K[1A[2K[1A[2K[1A[2K[1A[2K[G
 ───────────────── Importing data ─────────────────

 ✔ Creating ingest job 762ms
 ⣯ Processing the job 1.62s
   ▸ Processed records: ◟
   ▸ Successful records: ◟
   ▸ Failed records: ◟

 Status: InProgress
 Job Id:
 750ct00000URN8xAAH (https://fortra--mergebuild.sandbox.my.salesforce.com/lightn
 ing/setup/AsyncApiJobStatus/page?address=%2F750ct00000URN8xAAH)
 Elapsed Time: 2.48s

[2K[1A[2K[1A[2K[1A[2K[1A[2K[1A[2K[1A[2K[1A[2K[1A[2K[1A[2K[1A[2K[1A[2K[1A[2K[1A[2K[1A[2K[1A[2K[G
 ───────────────── Importing data ─────────────────

 ✔ Creating ingest job 762ms
 ⣯ Processing the job 1.65s
   ▸ Processed records: ◜
   ▸ Successful records: ◜
   ▸ Failed records: ◜

 Status: InProgress
 Job Id:
 750ct00000URN8xAAH (https://fortra--mergebuild.sandbox.my.salesforce.com/lightn
 ing/setup/AsyncApiJobStatus/page?address=%2F750ct00000URN8xAAH)
 Elapsed Time: 2.51s

[2K[1A[2K[1A[2K[1A[2K[1A[2K[1A[2K[1A[2K[1A[2K[1A[2K[1A[2K[1A[2K[1A[2K[1A[2K[1A[2K[1A[2K[1A[2K[G
 ───────────────── Importing data ─────────────────

 ✔ Creating ingest job 762ms
 ⣷ Processing the job 1.68s
   ▸ Processed records: ◜
   ▸ Successful records: ◜
   ▸ Failed records: ◜

 Status: InProgress
 Job Id:
 750ct00000URN8xAAH (https://fortra--mergebuild.sandbox.my.salesforce.com/lightn
 ing/setup/AsyncApiJobStatus/page?address=%2F750ct00000URN8xAAH)
 Elapsed Time: 2.54s

[2K[1A[2K[1A[2K[1A[2K[1A[2K[1A[2K[1A[2K[1A[2K[1A[2K[1A[2K[1A[2K[1A[2K[1A[2K[1A[2K[1A[2K[1A[2K[G
 ───────────────── Importing data ─────────────────

 ✔ Creating ingest job 762ms
 ⣷ Processing the job 1.71s
   ▸ Processed records: ◜
   ▸ Successful records: ◜
   ▸ Failed records: ◜

 Status: InProgress
 Job Id:
 750ct00000URN8xAAH (https://fortra--mergebuild.sandbox.my.salesforce.com/lightn
 ing/setup/AsyncApiJobStatus/page?address=%2F750ct00000URN8xAAH)
 Elapsed Time: 2.57s

[2K[1A[2K[1A[2K[1A[2K[1A[2K[1A[2K[1A[2K[1A[2K[1A[2K[1A[2K[1A[2K[1A[2K[1A[2K[1A[2K[1A[2K[1A[2K[G
 ───────────────── Importing data ─────────────────

 ✔ Creating ingest job 762ms
 ⣾ Processing the job 1.74s
   ▸ Processed records: ◠
   ▸ Successful records: ◠
   ▸ Failed records: ◠

 Status: InProgress
 Job Id:
 750ct00000URN8xAAH (https://fortra--mergebuild.sandbox.my.salesforce.com/lightn
 ing/setup/AsyncApiJobStatus/page?address=%2F750ct00000URN8xAAH)
 Elapsed Time: 2.60s

[2K[1A[2K[1A[2K[1A[2K[1A[2K[1A[2K[1A[2K[1A[2K[1A[2K[1A[2K[1A[2K[1A[2K[1A[2K[1A[2K[1A[2K[1A[2K[G
 ───────────────── Importing data ─────────────────

 ✔ Creating ingest job 762ms
 ⣾ Processing the job 1.76s
   ▸ Processed records: ◠
   ▸ Successful records: ◠
   ▸ Failed records: ◠

 Status: InProgress
 Job Id:
 750ct00000URN8xAAH (https://fortra--mergebuild.sandbox.my.salesforce.com/lightn
 ing/setup/AsyncApiJobStatus/page?address=%2F750ct00000URN8xAAH)
 Elapsed Time: 2.64s

[2K[1A[2K[1A[2K[1A[2K[1A[2K[1A[2K[1A[2K[1A[2K[1A[2K[1A[2K[1A[2K[1A[2K[1A[2K[1A[2K[1A[2K[1A[2K[G
 ───────────────── Importing data ─────────────────

 ✔ Creating ingest job 762ms
 ⣾ Processing the job 1.80s
   ▸ Processed records: ◠
   ▸ Successful records: ◠
   ▸ Failed records: ◠

 Status: InProgress
 Job Id:
 750ct00000URN8xAAH (https://fortra--mergebuild.sandbox.my.salesforce.com/lightn
 ing/setup/AsyncApiJobStatus/page?address=%2F750ct00000URN8xAAH)
 Elapsed Time: 2.66s

[2K[1A[2K[1A[2K[1A[2K[1A[2K[1A[2K[1A[2K[1A[2K[1A[2K[1A[2K[1A[2K[1A[2K[1A[2K[1A[2K[1A[2K[1A[2K[G
 ───────────────── Importing data ─────────────────

 ✔ Creating ingest job 762ms
 ⣽ Processing the job 1.83s
   ▸ Processed records: ◝
   ▸ Successful records: ◝
   ▸ Failed records: ◝

 Status: InProgress
 Job Id:
 750ct00000URN8xAAH (https://fortra--mergebuild.sandbox.my.salesforce.com/lightn
 ing/setup/AsyncApiJobStatus/page?address=%2F750ct00000URN8xAAH)
 Elapsed Time: 2.70s

[2K[1A[2K[1A[2K[1A[2K[1A[2K[1A[2K[1A[2K[1A[2K[1A[2K[1A[2K[1A[2K[1A[2K[1A[2K[1A[2K[1A[2K[1A[2K[G
 ───────────────── Importing data ─────────────────

 ✔ Creating ingest job 762ms
 ⣽ Processing the job 1.86s
   ▸ Processed records: ◝
   ▸ Successful records: ◝
   ▸ Failed records: ◝

 Status: InProgress
 Job Id:
 750ct00000URN8xAAH (https://fortra--mergebuild.sandbox.my.salesforce.com/lightn
 ing/setup/AsyncApiJobStatus/page?address=%2F750ct00000URN8xAAH)
 Elapsed Time: 2.73s

[2K[1A[2K[1A[2K[1A[2K[1A[2K[1A[2K[1A[2K[1A[2K[1A[2K[1A[2K[1A[2K[1A[2K[1A[2K[1A[2K[1A[2K[1A[2K[G
 ───────────────── Importing data ─────────────────

 ✔ Creating ingest job 762ms
 ⣻ Processing the job 1.89s
   ▸ Processed records: ◝
   ▸ Successful records: ◝
   ▸ Failed records: ◝

 Status: InProgress
 Job Id:
 750ct00000URN8xAAH (https://fortra--mergebuild.sandbox.my.salesforce.com/lightn
 ing/setup/AsyncApiJobStatus/page?address=%2F750ct00000URN8xAAH)
 Elapsed Time: 2.76s

[2K[1A[2K[1A[2K[1A[2K[1A[2K[1A[2K[1A[2K[1A[2K[1A[2K[1A[2K[1A[2K[1A[2K[1A[2K[1A[2K[1A[2K[1A[2K[G
 ───────────────── Importing data ─────────────────

 ✔ Creating ingest job 762ms
 ⣻ Processing the job 1.92s
   ▸ Processed records: ◞
   ▸ Successful records: ◞
   ▸ Failed records: ◞

 Status: InProgress
 Job Id:
 750ct00000URN8xAAH (https://fortra--mergebuild.sandbox.my.salesforce.com/lightn
 ing/setup/AsyncApiJobStatus/page?address=%2F750ct00000URN8xAAH)
 Elapsed Time: 2.79s

[2K[1A[2K[1A[2K[1A[2K[1A[2K[1A[2K[1A[2K[1A[2K[1A[2K[1A[2K[1A[2K[1A[2K[1A[2K[1A[2K[1A[2K[1A[2K[G
 ───────────────── Importing data ─────────────────

 ✔ Creating ingest job 762ms
 ⣻ Processing the job 1.95s
   ▸ Processed records: ◞
   ▸ Successful records: ◞
   ▸ Failed records: ◞

 Status: InProgress
 Job Id:
 750ct00000URN8xAAH (https://fortra--mergebuild.sandbox.my.salesforce.com/lightn
 ing/setup/AsyncApiJobStatus/page?address=%2F750ct00000URN8xAAH)
 Elapsed Time: 2.82s

[2K[1A[2K[1A[2K[1A[2K[1A[2K[1A[2K[1A[2K[1A[2K[1A[2K[1A[2K[1A[2K[1A[2K[1A[2K[1A[2K[1A[2K[1A[2K[G
 ───────────────── Importing data ─────────────────

 ✔ Creating ingest job 762ms
 ⢿ Processing the job 1.98s
   ▸ Processed records: ◞
   ▸ Successful records: ◞
   ▸ Failed records: ◞

 Status: InProgress
 Job Id:
 750ct00000URN8xAAH (https://fortra--mergebuild.sandbox.my.salesforce.com/lightn
 ing/setup/AsyncApiJobStatus/page?address=%2F750ct00000URN8xAAH)
 Elapsed Time: 2.85s

[2K[1A[2K[1A[2K[1A[2K[1A[2K[1A[2K[1A[2K[1A[2K[1A[2K[1A[2K[1A[2K[1A[2K[1A[2K[1A[2K[1A[2K[1A[2K[G
 ───────────────── Importing data ─────────────────

 ✔ Creating ingest job 762ms
 ⢿ Processing the job 2.01s
   ▸ Processed records: ◡
   ▸ Successful records: ◡
   ▸ Failed records: ◡

 Status: InProgress
 Job Id:
 750ct00000URN8xAAH (https://fortra--mergebuild.sandbox.my.salesforce.com/lightn
 ing/setup/AsyncApiJobStatus/page?address=%2F750ct00000URN8xAAH)
 Elapsed Time: 2.88s

[2K[1A[2K[1A[2K[1A[2K[1A[2K[1A[2K[1A[2K[1A[2K[1A[2K[1A[2K[1A[2K[1A[2K[1A[2K[1A[2K[1A[2K[1A[2K[G
 ───────────────── Importing data ─────────────────

 ✔ Creating ingest job 762ms
 ⡿ Processing the job 2.04s
   ▸ Processed records: ◡
   ▸ Successful records: ◡
   ▸ Failed records: ◡

 Status: InProgress
 Job Id:
 750ct00000URN8xAAH (https://fortra--mergebuild.sandbox.my.salesforce.com/lightn
 ing/setup/AsyncApiJobStatus/page?address=%2F750ct00000URN8xAAH)
 Elapsed Time: 2.91s

[2K[1A[2K[1A[2K[1A[2K[1A[2K[1A[2K[1A[2K[1A[2K[1A[2K[1A[2K[1A[2K[1A[2K[1A[2K[1A[2K[1A[2K[1A[2K[G
 ───────────────── Importing data ─────────────────

 ✔ Creating ingest job 762ms
 ⡿ Processing the job 2.08s
   ▸ Processed records: ◡
   ▸ Successful records: ◡
   ▸ Failed records: ◡

 Status: InProgress
 Job Id:
 750ct00000URN8xAAH (https://fortra--mergebuild.sandbox.my.salesforce.com/lightn
 ing/setup/AsyncApiJobStatus/page?address=%2F750ct00000URN8xAAH)
 Elapsed Time: 2.94s

[2K[1A[2K[1A[2K[1A[2K[1A[2K[1A[2K[1A[2K[1A[2K[1A[2K[1A[2K[1A[2K[1A[2K[1A[2K[1A[2K[1A[2K[1A[2K[G
 ───────────────── Importing data ─────────────────

 ✔ Creating ingest job 762ms
 ⡿ Processing the job 2.11s
   ▸ Processed records: ◟
   ▸ Successful records: ◟
   ▸ Failed records: ◟

 Status: InProgress
 Job Id:
 750ct00000URN8xAAH (https://fortra--mergebuild.sandbox.my.salesforce.com/lightn
 ing/setup/AsyncApiJobStatus/page?address=%2F750ct00000URN8xAAH)
 Elapsed Time: 2.97s

[2K[1A[2K[1A[2K[1A[2K[1A[2K[1A[2K[1A[2K[1A[2K[1A[2K[1A[2K[1A[2K[1A[2K[1A[2K[1A[2K[1A[2K[1A[2K[G
 ───────────────── Importing data ─────────────────

 ✔ Creating ingest job 762ms
 ⣟ Processing the job 2.13s
   ▸ Processed records: ◟
   ▸ Successful records: ◟
   ▸ Failed records: ◟

 Status: InProgress
 Job Id:
 750ct00000URN8xAAH (https://fortra--mergebuild.sandbox.my.salesforce.com/lightn
 ing/setup/AsyncApiJobStatus/page?address=%2F750ct00000URN8xAAH)
 Elapsed Time: 3.00s

[2K[1A[2K[1A[2K[1A[2K[1A[2K[1A[2K[1A[2K[1A[2K[1A[2K[1A[2K[1A[2K[1A[2K[1A[2K[1A[2K[1A[2K[1A[2K[G
 ───────────────── Importing data ─────────────────

 ✔ Creating ingest job 762ms
 ⣟ Processing the job 2.17s
   ▸ Processed records: ◟
   ▸ Successful records: ◟
   ▸ Failed records: ◟

 Status: InProgress
 Job Id:
 750ct00000URN8xAAH (https://fortra--mergebuild.sandbox.my.salesforce.com/lightn
 ing/setup/AsyncApiJobStatus/page?address=%2F750ct00000URN8xAAH)
 Elapsed Time: 3.03s

[2K[1A[2K[1A[2K[1A[2K[1A[2K[1A[2K[1A[2K[1A[2K[1A[2K[1A[2K[1A[2K[1A[2K[1A[2K[1A[2K[1A[2K[1A[2K[G
 ───────────────── Importing data ─────────────────

 ✔ Creating ingest job 762ms
 ⣯ Processing the job 2.20s
   ▸ Processed records: ◜
   ▸ Successful records: ◜
   ▸ Failed records: ◜

 Status: InProgress
 Job Id:
 750ct00000URN8xAAH (https://fortra--mergebuild.sandbox.my.salesforce.com/lightn
 ing/setup/AsyncApiJobStatus/page?address=%2F750ct00000URN8xAAH)
 Elapsed Time: 3.06s

[2K[1A[2K[1A[2K[1A[2K[1A[2K[1A[2K[1A[2K[1A[2K[1A[2K[1A[2K[1A[2K[1A[2K[1A[2K[1A[2K[1A[2K[1A[2K[G
 ───────────────── Importing data ─────────────────

 ✔ Creating ingest job 762ms
 ⣯ Processing the job 2.23s
   ▸ Processed records: ◜
   ▸ Successful records: ◜
   ▸ Failed records: ◜

 Status: InProgress
 Job Id:
 750ct00000URN8xAAH (https://fortra--mergebuild.sandbox.my.salesforce.com/lightn
 ing/setup/AsyncApiJobStatus/page?address=%2F750ct00000URN8xAAH)
 Elapsed Time: 3.09s

[2K[1A[2K[1A[2K[1A[2K[1A[2K[1A[2K[1A[2K[1A[2K[1A[2K[1A[2K[1A[2K[1A[2K[1A[2K[1A[2K[1A[2K[1A[2K[G
 ───────────────── Importing data ─────────────────

 ✔ Creating ingest job 762ms
 ⣯ Processing the job 2.26s
   ▸ Processed records: ◜
   ▸ Successful records: ◜
   ▸ Failed records: ◜

 Status: InProgress
 Job Id:
 750ct00000URN8xAAH (https://fortra--mergebuild.sandbox.my.salesforce.com/lightn
 ing/setup/AsyncApiJobStatus/page?address=%2F750ct00000URN8xAAH)
 Elapsed Time: 3.14s

[2K[1A[2K[1A[2K[1A[2K[1A[2K[1A[2K[1A[2K[1A[2K[1A[2K[1A[2K[1A[2K[1A[2K[1A[2K[1A[2K[1A[2K[1A[2K[G
 ───────────────── Importing data ─────────────────

 ✔ Creating ingest job 762ms
 ⣷ Processing the job 2.29s
   ▸ Processed records: ◠
   ▸ Successful records: ◠
   ▸ Failed records: ◠

 Status: InProgress
 Job Id:
 750ct00000URN8xAAH (https://fortra--mergebuild.sandbox.my.salesforce.com/lightn
 ing/setup/AsyncApiJobStatus/page?address=%2F750ct00000URN8xAAH)
 Elapsed Time: 3.16s

[2K[1A[2K[1A[2K[1A[2K[1A[2K[1A[2K[1A[2K[1A[2K[1A[2K[1A[2K[1A[2K[1A[2K[1A[2K[1A[2K[1A[2K[1A[2K[G
 ───────────────── Importing data ─────────────────

 ✔ Creating ingest job 762ms
 ⣷ Processing the job 2.32s
   ▸ Processed records: ◠
   ▸ Successful records: ◠
   ▸ Failed records: ◠

 Status: InProgress
 Job Id:
 750ct00000URN8xAAH (https://fortra--mergebuild.sandbox.my.salesforce.com/lightn
 ing/setup/AsyncApiJobStatus/page?address=%2F750ct00000URN8xAAH)
 Elapsed Time: 3.19s

[2K[1A[2K[1A[2K[1A[2K[1A[2K[1A[2K[1A[2K[1A[2K[1A[2K[1A[2K[1A[2K[1A[2K[1A[2K[1A[2K[1A[2K[1A[2K[G
 ───────────────── Importing data ─────────────────

 ✔ Creating ingest job 762ms
 ⣾ Processing the job 2.35s
   ▸ Processed records: ◠
   ▸ Successful records: ◠
   ▸ Failed records: ◠

 Status: InProgress
 Job Id:
 750ct00000URN8xAAH (https://fortra--mergebuild.sandbox.my.salesforce.com/lightn
 ing/setup/AsyncApiJobStatus/page?address=%2F750ct00000URN8xAAH)
 Elapsed Time: 3.22s

[2K[1A[2K[1A[2K[1A[2K[1A[2K[1A[2K[1A[2K[1A[2K[1A[2K[1A[2K[1A[2K[1A[2K[1A[2K[1A[2K[1A[2K[1A[2K[G
 ───────────────── Importing data ─────────────────

 ✔ Creating ingest job 762ms
 ⣾ Processing the job 2.38s
   ▸ Processed records: ◝
   ▸ Successful records: ◝
   ▸ Failed records: ◠

 Status: InProgress
 Job Id:
 750ct00000URN8xAAH (https://fortra--mergebuild.sandbox.my.salesforce.com/lightn
 ing/setup/AsyncApiJobStatus/page?address=%2F750ct00000URN8xAAH)
 Elapsed Time: 3.25s

[2K[1A[2K[1A[2K[1A[2K[1A[2K[1A[2K[1A[2K[1A[2K[1A[2K[1A[2K[1A[2K[1A[2K[1A[2K[1A[2K[1A[2K[1A[2K[G
 ───────────────── Importing data ─────────────────

 ✔ Creating ingest job 762ms
 ⣾ Processing the job 2.41s
   ▸ Processed records: ◝
   ▸ Successful records: ◝
   ▸ Failed records: ◝

 Status: InProgress
 Job Id:
 750ct00000URN8xAAH (https://fortra--mergebuild.sandbox.my.salesforce.com/lightn
 ing/setup/AsyncApiJobStatus/page?address=%2F750ct00000URN8xAAH)
 Elapsed Time: 3.28s

[2K[1A[2K[1A[2K[1A[2K[1A[2K[1A[2K[1A[2K[1A[2K[1A[2K[1A[2K[1A[2K[1A[2K[1A[2K[1A[2K[1A[2K[1A[2K[G
 ───────────────── Importing data ─────────────────

 ✔ Creating ingest job 762ms
 ⣽ Processing the job 2.43s
   ▸ Processed records: ◝
   ▸ Successful records: ◝
   ▸ Failed records: ◝

 Status: InProgress
 Job Id:
 750ct00000URN8xAAH (https://fortra--mergebuild.sandbox.my.salesforce.com/lightn
 ing/setup/AsyncApiJobStatus/page?address=%2F750ct00000URN8xAAH)
 Elapsed Time: 3.32s

[2K[1A[2K[1A[2K[1A[2K[1A[2K[1A[2K[1A[2K[1A[2K[1A[2K[1A[2K[1A[2K[1A[2K[1A[2K[1A[2K[1A[2K[1A[2K[G
 ───────────────── Importing data ─────────────────

 ✔ Creating ingest job 762ms
 ⣽ Processing the job 2.46s
   ▸ Processed records: ◞
   ▸ Successful records: ◝
   ▸ Failed records: ◝

 Status: InProgress
 Job Id:
 750ct00000URN8xAAH (https://fortra--mergebuild.sandbox.my.salesforce.com/lightn
 ing/setup/AsyncApiJobStatus/page?address=%2F750ct00000URN8xAAH)
 Elapsed Time: 3.34s

[2K[1A[2K[1A[2K[1A[2K[1A[2K[1A[2K[1A[2K[1A[2K[1A[2K[1A[2K[1A[2K[1A[2K[1A[2K[1A[2K[1A[2K[1A[2K[G
 ───────────────── Importing data ─────────────────

 ✔ Creating ingest job 762ms
 ⣻ Processing the job 2.50s
   ▸ Processed records: ◞
   ▸ Successful records: ◞
   ▸ Failed records: ◞

 Status: InProgress
 Job Id:
 750ct00000URN8xAAH (https://fortra--mergebuild.sandbox.my.salesforce.com/lightn
 ing/setup/AsyncApiJobStatus/page?address=%2F750ct00000URN8xAAH)
 Elapsed Time: 3.37s

[2K[1A[2K[1A[2K[1A[2K[1A[2K[1A[2K[1A[2K[1A[2K[1A[2K[1A[2K[1A[2K[1A[2K[1A[2K[1A[2K[1A[2K[1A[2K[G
 ───────────────── Importing data ─────────────────

 ✔ Creating ingest job 762ms
 ⣻ Processing the job 2.53s
   ▸ Processed records: ◞
   ▸ Successful records: ◞
   ▸ Failed records: ◞

 Status: InProgress
 Job Id:
 750ct00000URN8xAAH (https://fortra--mergebuild.sandbox.my.salesforce.com/lightn
 ing/setup/AsyncApiJobStatus/page?address=%2F750ct00000URN8xAAH)
 Elapsed Time: 3.41s

[2K[1A[2K[1A[2K[1A[2K[1A[2K[1A[2K[1A[2K[1A[2K[1A[2K[1A[2K[1A[2K[1A[2K[1A[2K[1A[2K[1A[2K[1A[2K[G
 ───────────────── Importing data ─────────────────

 ✔ Creating ingest job 762ms
 ⣻ Processing the job 2.56s
   ▸ Processed records: ◡
   ▸ Successful records: ◞
   ▸ Failed records: ◞

 Status: InProgress
 Job Id:
 750ct00000URN8xAAH (https://fortra--mergebuild.sandbox.my.salesforce.com/lightn
 ing/setup/AsyncApiJobStatus/page?address=%2F750ct00000URN8xAAH)
 Elapsed Time: 3.43s

[2K[1A[2K[1A[2K[1A[2K[1A[2K[1A[2K[1A[2K[1A[2K[1A[2K[1A[2K[1A[2K[1A[2K[1A[2K[1A[2K[1A[2K[1A[2K[G
 ───────────────── Importing data ─────────────────

 ✔ Creating ingest job 762ms
 ⢿ Processing the job 2.59s
   ▸ Processed records: ◡
   ▸ Successful records: ◡
   ▸ Failed records: ◡

 Status: InProgress
 Job Id:
 750ct00000URN8xAAH (https://fortra--mergebuild.sandbox.my.salesforce.com/lightn
 ing/setup/AsyncApiJobStatus/page?address=%2F750ct00000URN8xAAH)
 Elapsed Time: 3.46s

[2K[1A[2K[1A[2K[1A[2K[1A[2K[1A[2K[1A[2K[1A[2K[1A[2K[1A[2K[1A[2K[1A[2K[1A[2K[1A[2K[1A[2K[1A[2K[G
 ───────────────── Importing data ─────────────────

 ✔ Creating ingest job 762ms
 ⢿ Processing the job 2.62s
   ▸ Processed records: ◡
   ▸ Successful records: ◡
   ▸ Failed records: ◡

 Status: InProgress
 Job Id:
 750ct00000URN8xAAH (https://fortra--mergebuild.sandbox.my.salesforce.com/lightn
 ing/setup/AsyncApiJobStatus/page?address=%2F750ct00000URN8xAAH)
 Elapsed Time: 3.49s

[2K[1A[2K[1A[2K[1A[2K[1A[2K[1A[2K[1A[2K[1A[2K[1A[2K[1A[2K[1A[2K[1A[2K[1A[2K[1A[2K[1A[2K[1A[2K[G
 ───────────────── Importing data ─────────────────

 ✔ Creating ingest job 762ms
 ⡿ Processing the job 2.65s
   ▸ Processed records: ◡
   ▸ Successful records: ◡
   ▸ Failed records: ◡

 Status: InProgress
 Job Id:
 750ct00000URN8xAAH (https://fortra--mergebuild.sandbox.my.salesforce.com/lightn
 ing/setup/AsyncApiJobStatus/page?address=%2F750ct00000URN8xAAH)
 Elapsed Time: 3.52s

[2K[1A[2K[1A[2K[1A[2K[1A[2K[1A[2K[1A[2K[1A[2K[1A[2K[1A[2K[1A[2K[1A[2K[1A[2K[1A[2K[1A[2K[1A[2K[G
 ───────────────── Importing data ─────────────────

 ✔ Creating ingest job 762ms
 ⡿ Processing the job 2.68s
   ▸ Processed records: ◟
   ▸ Successful records: ◟
   ▸ Failed records: ◟

 Status: InProgress
 Job Id:
 750ct00000URN8xAAH (https://fortra--mergebuild.sandbox.my.salesforce.com/lightn
 ing/setup/AsyncApiJobStatus/page?address=%2F750ct00000URN8xAAH)
 Elapsed Time: 3.55s

[2K[1A[2K[1A[2K[1A[2K[1A[2K[1A[2K[1A[2K[1A[2K[1A[2K[1A[2K[1A[2K[1A[2K[1A[2K[1A[2K[1A[2K[1A[2K[G
 ───────────────── Importing data ─────────────────

 ✔ Creating ingest job 762ms
 ⡿ Processing the job 2.71s
   ▸ Processed records: ◟
   ▸ Successful records: ◟
   ▸ Failed records: ◟

 Status: InProgress
 Job Id:
 750ct00000URN8xAAH (https://fortra--mergebuild.sandbox.my.salesforce.com/lightn
 ing/setup/AsyncApiJobStatus/page?address=%2F750ct00000URN8xAAH)
 Elapsed Time: 3.58s

[2K[1A[2K[1A[2K[1A[2K[1A[2K[1A[2K[1A[2K[1A[2K[1A[2K[1A[2K[1A[2K[1A[2K[1A[2K[1A[2K[1A[2K[1A[2K[G
 ───────────────── Importing data ─────────────────

 ✔ Creating ingest job 762ms
 ⣟ Processing the job 2.75s
   ▸ Processed records: ◟
   ▸ Successful records: ◟
   ▸ Failed records: ◟

 Status: InProgress
 Job Id:
 750ct00000URN8xAAH (https://fortra--mergebuild.sandbox.my.salesforce.com/lightn
 ing/setup/AsyncApiJobStatus/page?address=%2F750ct00000URN8xAAH)
 Elapsed Time: 3.61s

[2K[1A[2K[1A[2K[1A[2K[1A[2K[1A[2K[1A[2K[1A[2K[1A[2K[1A[2K[1A[2K[1A[2K[1A[2K[1A[2K[1A[2K[1A[2K[G
 ───────────────── Importing data ─────────────────

 ✔ Creating ingest job 762ms
 ⣟ Processing the job 2.77s
   ▸ Processed records: ◜
   ▸ Successful records: ◜
   ▸ Failed records: ◜

 Status: InProgress
 Job Id:
 750ct00000URN8xAAH (https://fortra--mergebuild.sandbox.my.salesforce.com/lightn
 ing/setup/AsyncApiJobStatus/page?address=%2F750ct00000URN8xAAH)
 Elapsed Time: 3.64s

[2K[1A[2K[1A[2K[1A[2K[1A[2K[1A[2K[1A[2K[1A[2K[1A[2K[1A[2K[1A[2K[1A[2K[1A[2K[1A[2K[1A[2K[1A[2K[G
 ───────────────── Importing data ─────────────────

 ✔ Creating ingest job 762ms
 ⣯ Processing the job 2.80s
   ▸ Processed records: ◜
   ▸ Successful records: ◜
   ▸ Failed records: ◜

 Status: InProgress
 Job Id:
 750ct00000URN8xAAH (https://fortra--mergebuild.sandbox.my.salesforce.com/lightn
 ing/setup/AsyncApiJobStatus/page?address=%2F750ct00000URN8xAAH)
 Elapsed Time: 3.67s

[2K[1A[2K[1A[2K[1A[2K[1A[2K[1A[2K[1A[2K[1A[2K[1A[2K[1A[2K[1A[2K[1A[2K[1A[2K[1A[2K[1A[2K[1A[2K[G
 ───────────────── Importing data ─────────────────

 ✔ Creating ingest job 762ms
 ⣯ Processing the job 2.83s
   ▸ Processed records: ◜
   ▸ Successful records: ◜
   ▸ Failed records: ◜

 Status: InProgress
 Job Id:
 750ct00000URN8xAAH (https://fortra--mergebuild.sandbox.my.salesforce.com/lightn
 ing/setup/AsyncApiJobStatus/page?address=%2F750ct00000URN8xAAH)
 Elapsed Time: 3.69s

[2K[1A[2K[1A[2K[1A[2K[1A[2K[1A[2K[1A[2K[1A[2K[1A[2K[1A[2K[1A[2K[1A[2K[1A[2K[1A[2K[1A[2K[1A[2K[G
 ───────────────── Importing data ─────────────────

 ✔ Creating ingest job 762ms
 ⣯ Processing the job 2.86s
   ▸ Processed records: ◠
   ▸ Successful records: ◠
   ▸ Failed records: ◠

 Status: InProgress
 Job Id:
 750ct00000URN8xAAH (https://fortra--mergebuild.sandbox.my.salesforce.com/lightn
 ing/setup/AsyncApiJobStatus/page?address=%2F750ct00000URN8xAAH)
 Elapsed Time: 3.73s

[2K[1A[2K[1A[2K[1A[2K[1A[2K[1A[2K[1A[2K[1A[2K[1A[2K[1A[2K[1A[2K[1A[2K[1A[2K[1A[2K[1A[2K[1A[2K[G
 ───────────────── Importing data ─────────────────

 ✔ Creating ingest job 762ms
 ⣷ Processing the job 2.89s
   ▸ Processed records: ◠
   ▸ Successful records: ◠
   ▸ Failed records: ◠

 Status: InProgress
 Job Id:
 750ct00000URN8xAAH (https://fortra--mergebuild.sandbox.my.salesforce.com/lightn
 ing/setup/AsyncApiJobStatus/page?address=%2F750ct00000URN8xAAH)
 Elapsed Time: 3.75s

[2K[1A[2K[1A[2K[1A[2K[1A[2K[1A[2K[1A[2K[1A[2K[1A[2K[1A[2K[1A[2K[1A[2K[1A[2K[1A[2K[1A[2K[1A[2K[G
 ───────────────── Importing data ─────────────────

 ✔ Creating ingest job 762ms
 ⣷ Processing the job 2.92s
   ▸ Processed records: ◠
   ▸ Successful records: ◠
   ▸ Failed records: ◠

 Status: InProgress
 Job Id:
 750ct00000URN8xAAH (https://fortra--mergebuild.sandbox.my.salesforce.com/lightn
 ing/setup/AsyncApiJobStatus/page?address=%2F750ct00000URN8xAAH)
 Elapsed Time: 3.78s

[2K[1A[2K[1A[2K[1A[2K[1A[2K[1A[2K[1A[2K[1A[2K[1A[2K[1A[2K[1A[2K[1A[2K[1A[2K[1A[2K[1A[2K[1A[2K[G
 ───────────────── Importing data ─────────────────

 ✔ Creating ingest job 762ms
 ⣾ Processing the job 2.95s
   ▸ Processed records: ◝
   ▸ Successful records: ◝
   ▸ Failed records: ◝

 Status: InProgress
 Job Id:
 750ct00000URN8xAAH (https://fortra--mergebuild.sandbox.my.salesforce.com/lightn
 ing/setup/AsyncApiJobStatus/page?address=%2F750ct00000URN8xAAH)
 Elapsed Time: 3.81s

[2K[1A[2K[1A[2K[1A[2K[1A[2K[1A[2K[1A[2K[1A[2K[1A[2K[1A[2K[1A[2K[1A[2K[1A[2K[1A[2K[1A[2K[1A[2K[G
 ───────────────── Importing data ─────────────────

 ✔ Creating ingest job 762ms
 ⣾ Processing the job 2.98s
   ▸ Processed records: ◝
   ▸ Successful records: ◝
   ▸ Failed records: ◝

 Status: InProgress
 Job Id:
 750ct00000URN8xAAH (https://fortra--mergebuild.sandbox.my.salesforce.com/lightn
 ing/setup/AsyncApiJobStatus/page?address=%2F750ct00000URN8xAAH)
 Elapsed Time: 3.84s

[2K[1A[2K[1A[2K[1A[2K[1A[2K[1A[2K[1A[2K[1A[2K[1A[2K[1A[2K[1A[2K[1A[2K[1A[2K[1A[2K[1A[2K[1A[2K[G
 ───────────────── Importing data ─────────────────

 ✔ Creating ingest job 762ms
 ⣾ Processing the job 3.01s
   ▸ Processed records: ◝
   ▸ Successful records: ◝
   ▸ Failed records: ◝

 Status: InProgress
 Job Id:
 750ct00000URN8xAAH (https://fortra--mergebuild.sandbox.my.salesforce.com/lightn
 ing/setup/AsyncApiJobStatus/page?address=%2F750ct00000URN8xAAH)
 Elapsed Time: 3.87s

[2K[1A[2K[1A[2K[1A[2K[1A[2K[1A[2K[1A[2K[1A[2K[1A[2K[1A[2K[1A[2K[1A[2K[1A[2K[1A[2K[1A[2K[1A[2K[G
 ───────────────── Importing data ─────────────────

 ✔ Creating ingest job 762ms
 ⣽ Processing the job 3.04s
   ▸ Processed records: ◞
   ▸ Successful records: ◞
   ▸ Failed records: ◞

 Status: InProgress
 Job Id:
 750ct00000URN8xAAH (https://fortra--mergebuild.sandbox.my.salesforce.com/lightn
 ing/setup/AsyncApiJobStatus/page?address=%2F750ct00000URN8xAAH)
 Elapsed Time: 3.90s

[2K[1A[2K[1A[2K[1A[2K[1A[2K[1A[2K[1A[2K[1A[2K[1A[2K[1A[2K[1A[2K[1A[2K[1A[2K[1A[2K[1A[2K[1A[2K[G
 ───────────────── Importing data ─────────────────

 ✔ Creating ingest job 762ms
 ⣽ Processing the job 3.07s
   ▸ Processed records: ◞
   ▸ Successful records: ◞
   ▸ Failed records: ◞

 Status: InProgress
 Job Id:
 750ct00000URN8xAAH (https://fortra--mergebuild.sandbox.my.salesforce.com/lightn
 ing/setup/AsyncApiJobStatus/page?address=%2F750ct00000URN8xAAH)
 Elapsed Time: 3.93s

[2K[1A[2K[1A[2K[1A[2K[1A[2K[1A[2K[1A[2K[1A[2K[1A[2K[1A[2K[1A[2K[1A[2K[1A[2K[1A[2K[1A[2K[1A[2K[G
 ───────────────── Importing data ─────────────────

 ✔ Creating ingest job 762ms
 ⣻ Processing the job 3.10s
   ▸ Processed records: ◞
   ▸ Successful records: ◞
   ▸ Failed records: ◞

 Status: InProgress
 Job Id:
 750ct00000URN8xAAH (https://fortra--mergebuild.sandbox.my.salesforce.com/lightn
 ing/setup/AsyncApiJobStatus/page?address=%2F750ct00000URN8xAAH)
 Elapsed Time: 3.96s

[2K[1A[2K[1A[2K[1A[2K[1A[2K[1A[2K[1A[2K[1A[2K[1A[2K[1A[2K[1A[2K[1A[2K[1A[2K[1A[2K[1A[2K[1A[2K[G
 ───────────────── Importing data ─────────────────

 ✔ Creating ingest job 762ms
 ⣻ Processing the job 3.12s
   ▸ Processed records: ◡
   ▸ Successful records: ◡
   ▸ Failed records: ◡

 Status: InProgress
 Job Id:
 750ct00000URN8xAAH (https://fortra--mergebuild.sandbox.my.salesforce.com/lightn
 ing/setup/AsyncApiJobStatus/page?address=%2F750ct00000URN8xAAH)
 Elapsed Time: 3.99s

[2K[1A[2K[1A[2K[1A[2K[1A[2K[1A[2K[1A[2K[1A[2K[1A[2K[1A[2K[1A[2K[1A[2K[1A[2K[1A[2K[1A[2K[1A[2K[G
 ───────────────── Importing data ─────────────────

 ✔ Creating ingest job 762ms
 ⣻ Processing the job 3.15s
   ▸ Processed records: ◡
   ▸ Successful records: ◡
   ▸ Failed records: ◡

 Status: InProgress
 Job Id:
 750ct00000URN8xAAH (https://fortra--mergebuild.sandbox.my.salesforce.com/lightn
 ing/setup/AsyncApiJobStatus/page?address=%2F750ct00000URN8xAAH)
 Elapsed Time: 4.03s

[2K[1A[2K[1A[2K[1A[2K[1A[2K[1A[2K[1A[2K[1A[2K[1A[2K[1A[2K[1A[2K[1A[2K[1A[2K[1A[2K[1A[2K[1A[2K[G
 ───────────────── Importing data ─────────────────

 ✔ Creating ingest job 762ms
 ⢿ Processing the job 3.18s
   ▸ Processed records: ◡
   ▸ Successful records: ◡
   ▸ Failed records: ◡

 Status: InProgress
 Job Id:
 750ct00000URN8xAAH (https://fortra--mergebuild.sandbox.my.salesforce.com/lightn
 ing/setup/AsyncApiJobStatus/page?address=%2F750ct00000URN8xAAH)
 Elapsed Time: 4.06s

[2K[1A[2K[1A[2K[1A[2K[1A[2K[1A[2K[1A[2K[1A[2K[1A[2K[1A[2K[1A[2K[1A[2K[1A[2K[1A[2K[1A[2K[1A[2K[G
 ───────────────── Importing data ─────────────────

 ✔ Creating ingest job 762ms
 ⢿ Processing the job 3.21s
   ▸ Processed records: ◟
   ▸ Successful records: ◟
   ▸ Failed records: ◡

 Status: InProgress
 Job Id:
 750ct00000URN8xAAH (https://fortra--mergebuild.sandbox.my.salesforce.com/lightn
 ing/setup/AsyncApiJobStatus/page?address=%2F750ct00000URN8xAAH)
 Elapsed Time: 4.09s

[2K[1A[2K[1A[2K[1A[2K[1A[2K[1A[2K[1A[2K[1A[2K[1A[2K[1A[2K[1A[2K[1A[2K[1A[2K[1A[2K[1A[2K[1A[2K[G
 ───────────────── Importing data ─────────────────

 ✔ Creating ingest job 762ms
 ⡿ Processing the job 3.24s
   ▸ Processed records: ◟
   ▸ Successful records: ◟
   ▸ Failed records: ◟

 Status: InProgress
 Job Id:
 750ct00000URN8xAAH (https://fortra--mergebuild.sandbox.my.salesforce.com/lightn
 ing/setup/AsyncApiJobStatus/page?address=%2F750ct00000URN8xAAH)
 Elapsed Time: 4.11s

[2K[1A[2K[1A[2K[1A[2K[1A[2K[1A[2K[1A[2K[1A[2K[1A[2K[1A[2K[1A[2K[1A[2K[1A[2K[1A[2K[1A[2K[1A[2K[G
 ───────────────── Importing data ─────────────────

 ✔ Creating ingest job 762ms
 ⡿ Processing the job 3.27s
   ▸ Processed records: ◟
   ▸ Successful records: ◟
   ▸ Failed records: ◟

 Status: InProgress
 Job Id:
 750ct00000URN8xAAH (https://fortra--mergebuild.sandbox.my.salesforce.com/lightn
 ing/setup/AsyncApiJobStatus/page?address=%2F750ct00000URN8xAAH)
 Elapsed Time: 4.14s

[2K[1A[2K[1A[2K[1A[2K[1A[2K[1A[2K[1A[2K[1A[2K[1A[2K[1A[2K[1A[2K[1A[2K[1A[2K[1A[2K[1A[2K[1A[2K[G
 ───────────────── Importing data ─────────────────

 ✔ Creating ingest job 762ms
 ⡿ Processing the job 3.30s
   ▸ Processed records: ◜
   ▸ Successful records: ◟
   ▸ Failed records: ◟

 Status: InProgress
 Job Id:
 750ct00000URN8xAAH (https://fortra--mergebuild.sandbox.my.salesforce.com/lightn
 ing/setup/AsyncApiJobStatus/page?address=%2F750ct00000URN8xAAH)
 Elapsed Time: 4.17s

[2K[1A[2K[1A[2K[1A[2K[1A[2K[1A[2K[1A[2K[1A[2K[1A[2K[1A[2K[1A[2K[1A[2K[1A[2K[1A[2K[1A[2K[1A[2K[G
 ───────────────── Importing data ─────────────────

 ✔ Creating ingest job 762ms
 ⣟ Processing the job 3.32s
   ▸ Processed records: ◜
   ▸ Successful records: ◜
   ▸ Failed records: ◜

 Status: InProgress
 Job Id:
 750ct00000URN8xAAH (https://fortra--mergebuild.sandbox.my.salesforce.com/lightn
 ing/setup/AsyncApiJobStatus/page?address=%2F750ct00000URN8xAAH)
 Elapsed Time: 4.20s

[2K[1A[2K[1A[2K[1A[2K[1A[2K[1A[2K[1A[2K[1A[2K[1A[2K[1A[2K[1A[2K[1A[2K[1A[2K[1A[2K[1A[2K[1A[2K[G
 ───────────────── Importing data ─────────────────

 ✔ Creating ingest job 762ms
 ⣟ Processing the job 3.36s
   ▸ Processed records: ◜
   ▸ Successful records: ◜
   ▸ Failed records: ◜

 Status: InProgress
 Job Id:
 750ct00000URN8xAAH (https://fortra--mergebuild.sandbox.my.salesforce.com/lightn
 ing/setup/AsyncApiJobStatus/page?address=%2F750ct00000URN8xAAH)
 Elapsed Time: 4.23s

[2K[1A[2K[1A[2K[1A[2K[1A[2K[1A[2K[1A[2K[1A[2K[1A[2K[1A[2K[1A[2K[1A[2K[1A[2K[1A[2K[1A[2K[1A[2K[G
 ───────────────── Importing data ─────────────────

 ✔ Creating ingest job 762ms
 ⣯ Processing the job 3.38s
   ▸ Processed records: ◠
   ▸ Successful records: ◜
   ▸ Failed records: ◜

 Status: InProgress
 Job Id:
 750ct00000URN8xAAH (https://fortra--mergebuild.sandbox.my.salesforce.com/lightn
 ing/setup/AsyncApiJobStatus/page?address=%2F750ct00000URN8xAAH)
 Elapsed Time: 4.25s

[2K[1A[2K[1A[2K[1A[2K[1A[2K[1A[2K[1A[2K[1A[2K[1A[2K[1A[2K[1A[2K[1A[2K[1A[2K[1A[2K[1A[2K[1A[2K[G
 ───────────────── Importing data ─────────────────

 ✔ Creating ingest job 762ms
 ⣯ Processing the job 3.42s
   ▸ Processed records: ◠
   ▸ Successful records: ◠
   ▸ Failed records: ◠

 Status: InProgress
 Job Id:
 750ct00000URN8xAAH (https://fortra--mergebuild.sandbox.my.salesforce.com/lightn
 ing/setup/AsyncApiJobStatus/page?address=%2F750ct00000URN8xAAH)
 Elapsed Time: 4.29s

[2K[1A[2K[1A[2K[1A[2K[1A[2K[1A[2K[1A[2K[1A[2K[1A[2K[1A[2K[1A[2K[1A[2K[1A[2K[1A[2K[1A[2K[1A[2K[G
 ───────────────── Importing data ─────────────────

 ✔ Creating ingest job 762ms
 ⣯ Processing the job 3.45s
   ▸ Processed records: ◠
   ▸ Successful records: ◠
   ▸ Failed records: ◠

 Status: InProgress
 Job Id:
 750ct00000URN8xAAH (https://fortra--mergebuild.sandbox.my.salesforce.com/lightn
 ing/setup/AsyncApiJobStatus/page?address=%2F750ct00000URN8xAAH)
 Elapsed Time: 4.32s

[2K[1A[2K[1A[2K[1A[2K[1A[2K[1A[2K[1A[2K[1A[2K[1A[2K[1A[2K[1A[2K[1A[2K[1A[2K[1A[2K[1A[2K[1A[2K[G
 ───────────────── Importing data ─────────────────

 ✔ Creating ingest job 762ms
 ⣷ Processing the job 3.48s
   ▸ Processed records: ◠
   ▸ Successful records: ◠
   ▸ Failed records: ◠

 Status: InProgress
 Job Id:
 750ct00000URN8xAAH (https://fortra--mergebuild.sandbox.my.salesforce.com/lightn
 ing/setup/AsyncApiJobStatus/page?address=%2F750ct00000URN8xAAH)
 Elapsed Time: 4.35s

[2K[1A[2K[1A[2K[1A[2K[1A[2K[1A[2K[1A[2K[1A[2K[1A[2K[1A[2K[1A[2K[1A[2K[1A[2K[1A[2K[1A[2K[1A[2K[G
 ───────────────── Importing data ─────────────────

 ✔ Creating ingest job 762ms
 ⣷ Processing the job 3.51s
   ▸ Processed records: ◝
   ▸ Successful records: ◝
   ▸ Failed records: ◝

 Status: InProgress
 Job Id:
 750ct00000URN8xAAH (https://fortra--mergebuild.sandbox.my.salesforce.com/lightn
 ing/setup/AsyncApiJobStatus/page?address=%2F750ct00000URN8xAAH)
 Elapsed Time: 4.38s

[2K[1A[2K[1A[2K[1A[2K[1A[2K[1A[2K[1A[2K[1A[2K[1A[2K[1A[2K[1A[2K[1A[2K[1A[2K[1A[2K[1A[2K[1A[2K[G
 ───────────────── Importing data ─────────────────

 ✔ Creating ingest job 762ms
 ⣾ Processing the job 3.54s
   ▸ Processed records: ◝
   ▸ Successful records: ◝
   ▸ Failed records: ◝

 Status: InProgress
 Job Id:
 750ct00000URN8xAAH (https://fortra--mergebuild.sandbox.my.salesforce.com/lightn
 ing/setup/AsyncApiJobStatus/page?address=%2F750ct00000URN8xAAH)
 Elapsed Time: 4.41s

[2K[1A[2K[1A[2K[1A[2K[1A[2K[1A[2K[1A[2K[1A[2K[1A[2K[1A[2K[1A[2K[1A[2K[1A[2K[1A[2K[1A[2K[1A[2K[G
 ───────────────── Importing data ─────────────────

 ✔ Creating ingest job 762ms
 ⣾ Processing the job 3.57s
   ▸ Processed records: ◝
   ▸ Successful records: ◝
   ▸ Failed records: ◝

 Status: InProgress
 Job Id:
 750ct00000URN8xAAH (https://fortra--mergebuild.sandbox.my.salesforce.com/lightn
 ing/setup/AsyncApiJobStatus/page?address=%2F750ct00000URN8xAAH)
 Elapsed Time: 4.44s

[2K[1A[2K[1A[2K[1A[2K[1A[2K[1A[2K[1A[2K[1A[2K[1A[2K[1A[2K[1A[2K[1A[2K[1A[2K[1A[2K[1A[2K[1A[2K[G
 ───────────────── Importing data ─────────────────

 ✔ Creating ingest job 762ms
 ⣾ Processing the job 3.60s
   ▸ Processed records: ◞
   ▸ Successful records: ◞
   ▸ Failed records: ◞

 Status: InProgress
 Job Id:
 750ct00000URN8xAAH (https://fortra--mergebuild.sandbox.my.salesforce.com/lightn
 ing/setup/AsyncApiJobStatus/page?address=%2F750ct00000URN8xAAH)
 Elapsed Time: 4.47s

[2K[1A[2K[1A[2K[1A[2K[1A[2K[1A[2K[1A[2K[1A[2K[1A[2K[1A[2K[1A[2K[1A[2K[1A[2K[1A[2K[1A[2K[1A[2K[G
 ───────────────── Importing data ─────────────────

 ✔ Creating ingest job 762ms
 ⣽ Processing the job 3.63s
   ▸ Processed records: ◞
   ▸ Successful records: ◞
   ▸ Failed records: ◞

 Status: InProgress
 Job Id:
 750ct00000URN8xAAH (https://fortra--mergebuild.sandbox.my.salesforce.com/lightn
 ing/setup/AsyncApiJobStatus/page?address=%2F750ct00000URN8xAAH)
 Elapsed Time: 4.50s

[2K[1A[2K[1A[2K[1A[2K[1A[2K[1A[2K[1A[2K[1A[2K[1A[2K[1A[2K[1A[2K[1A[2K[1A[2K[1A[2K[1A[2K[1A[2K[G
 ───────────────── Importing data ─────────────────

 ✔ Creating ingest job 762ms
 ⣽ Processing the job 3.66s
   ▸ Processed records: ◞
   ▸ Successful records: ◞
   ▸ Failed records: ◞

 Status: InProgress
 Job Id:
 750ct00000URN8xAAH (https://fortra--mergebuild.sandbox.my.salesforce.com/lightn
 ing/setup/AsyncApiJobStatus/page?address=%2F750ct00000URN8xAAH)
 Elapsed Time: 4.53s

[2K[1A[2K[1A[2K[1A[2K[1A[2K[1A[2K[1A[2K[1A[2K[1A[2K[1A[2K[1A[2K[1A[2K[1A[2K[1A[2K[1A[2K[1A[2K[G
 ───────────────── Importing data ─────────────────

 ✔ Creating ingest job 762ms
 ⣻ Processing the job 3.69s
   ▸ Processed records: ◡
   ▸ Successful records: ◡
   ▸ Failed records: ◡

 Status: InProgress
 Job Id:
 750ct00000URN8xAAH (https://fortra--mergebuild.sandbox.my.salesforce.com/lightn
 ing/setup/AsyncApiJobStatus/page?address=%2F750ct00000URN8xAAH)
 Elapsed Time: 4.56s

[2K[1A[2K[1A[2K[1A[2K[1A[2K[1A[2K[1A[2K[1A[2K[1A[2K[1A[2K[1A[2K[1A[2K[1A[2K[1A[2K[1A[2K[1A[2K[G
 ───────────────── Importing data ─────────────────

 ✔ Creating ingest job 762ms
 ⣻ Processing the job 3.72s
   ▸ Processed records: ◡
   ▸ Successful records: ◡
   ▸ Failed records: ◡

 Status: InProgress
 Job Id:
 750ct00000URN8xAAH (https://fortra--mergebuild.sandbox.my.salesforce.com/lightn
 ing/setup/AsyncApiJobStatus/page?address=%2F750ct00000URN8xAAH)
 Elapsed Time: 4.59s

[2K[1A[2K[1A[2K[1A[2K[1A[2K[1A[2K[1A[2K[1A[2K[1A[2K[1A[2K[1A[2K[1A[2K[1A[2K[1A[2K[1A[2K[1A[2K[G
 ───────────────── Importing data ─────────────────

 ✔ Creating ingest job 762ms
 ⣻ Processing the job 3.75s
   ▸ Processed records: ◡
   ▸ Successful records: ◡
   ▸ Failed records: ◡

 Status: InProgress
 Job Id:
 750ct00000URN8xAAH (https://fortra--mergebuild.sandbox.my.salesforce.com/lightn
 ing/setup/AsyncApiJobStatus/page?address=%2F750ct00000URN8xAAH)
 Elapsed Time: 4.62s

[2K[1A[2K[1A[2K[1A[2K[1A[2K[1A[2K[1A[2K[1A[2K[1A[2K[1A[2K[1A[2K[1A[2K[1A[2K[1A[2K[1A[2K[1A[2K[G
 ───────────────── Importing data ─────────────────

 ✔ Creating ingest job 762ms
 ⢿ Processing the job 3.78s
   ▸ Processed records: ◟
   ▸ Successful records: ◟
   ▸ Failed records: ◟

 Status: InProgress
 Job Id:
 750ct00000URN8xAAH (https://fortra--mergebuild.sandbox.my.salesforce.com/lightn
 ing/setup/AsyncApiJobStatus/page?address=%2F750ct00000URN8xAAH)
 Elapsed Time: 4.65s

[2K[1A[2K[1A[2K[1A[2K[1A[2K[1A[2K[1A[2K[1A[2K[1A[2K[1A[2K[1A[2K[1A[2K[1A[2K[1A[2K[1A[2K[1A[2K[G
 ───────────────── Importing data ─────────────────

 ✔ Creating ingest job 762ms
 ⢿ Processing the job 3.81s
   ▸ Processed records: ◟
   ▸ Successful records: ◟
   ▸ Failed records: ◟

 Status: InProgress
 Job Id:
 750ct00000URN8xAAH (https://fortra--mergebuild.sandbox.my.salesforce.com/lightn
 ing/setup/AsyncApiJobStatus/page?address=%2F750ct00000URN8xAAH)
 Elapsed Time: 4.68s

[2K[1A[2K[1A[2K[1A[2K[1A[2K[1A[2K[1A[2K[1A[2K[1A[2K[1A[2K[1A[2K[1A[2K[1A[2K[1A[2K[1A[2K[1A[2K[G
 ───────────────── Importing data ─────────────────

 ✔ Creating ingest job 762ms
 ⡿ Processing the job 3.84s
   ▸ Processed records: ◟
   ▸ Successful records: ◟
   ▸ Failed records: ◟

 Status: InProgress
 Job Id:
 750ct00000URN8xAAH (https://fortra--mergebuild.sandbox.my.salesforce.com/lightn
 ing/setup/AsyncApiJobStatus/page?address=%2F750ct00000URN8xAAH)
 Elapsed Time: 4.71s

[2K[1A[2K[1A[2K[1A[2K[1A[2K[1A[2K[1A[2K[1A[2K[1A[2K[1A[2K[1A[2K[1A[2K[1A[2K[1A[2K[1A[2K[1A[2K[G
 ───────────────── Importing data ─────────────────

 ✔ Creating ingest job 762ms
 ⡿ Processing the job 3.87s
   ▸ Processed records: ◜
   ▸ Successful records: ◜
   ▸ Failed records: ◜

 Status: InProgress
 Job Id:
 750ct00000URN8xAAH (https://fortra--mergebuild.sandbox.my.salesforce.com/lightn
 ing/setup/AsyncApiJobStatus/page?address=%2F750ct00000URN8xAAH)
 Elapsed Time: 4.74s

[2K[1A[2K[1A[2K[1A[2K[1A[2K[1A[2K[1A[2K[1A[2K[1A[2K[1A[2K[1A[2K[1A[2K[1A[2K[1A[2K[1A[2K[1A[2K[G
 ───────────────── Importing data ─────────────────

 ✔ Creating ingest job 762ms
 ⡿ Processing the job 3.89s
   ▸ Processed records: ◜
   ▸ Successful records: ◜
   ▸ Failed records: ◜

 Status: InProgress
 Job Id:
 750ct00000URN8xAAH (https://fortra--mergebuild.sandbox.my.salesforce.com/lightn
 ing/setup/AsyncApiJobStatus/page?address=%2F750ct00000URN8xAAH)
 Elapsed Time: 4.77s

[2K[1A[2K[1A[2K[1A[2K[1A[2K[1A[2K[1A[2K[1A[2K[1A[2K[1A[2K[1A[2K[1A[2K[1A[2K[1A[2K[1A[2K[1A[2K[G
 ───────────────── Importing data ─────────────────

 ✔ Creating ingest job 762ms
 ⣟ Processing the job 3.92s
   ▸ Processed records: ◜
   ▸ Successful records: ◜
   ▸ Failed records: ◜

 Status: InProgress
 Job Id:
 750ct00000URN8xAAH (https://fortra--mergebuild.sandbox.my.salesforce.com/lightn
 ing/setup/AsyncApiJobStatus/page?address=%2F750ct00000URN8xAAH)
 Elapsed Time: 4.80s

[2K[1A[2K[1A[2K[1A[2K[1A[2K[1A[2K[1A[2K[1A[2K[1A[2K[1A[2K[1A[2K[1A[2K[1A[2K[1A[2K[1A[2K[1A[2K[G
 ───────────────── Importing data ─────────────────

 ✔ Creating ingest job 762ms
 ⣟ Processing the job 3.95s
   ▸ Processed records: ◠
   ▸ Successful records: ◜
   ▸ Failed records: ◜

 Status: InProgress
 Job Id:
 750ct00000URN8xAAH (https://fortra--mergebuild.sandbox.my.salesforce.com/lightn
 ing/setup/AsyncApiJobStatus/page?address=%2F750ct00000URN8xAAH)
 Elapsed Time: 4.83s

[2K[1A[2K[1A[2K[1A[2K[1A[2K[1A[2K[1A[2K[1A[2K[1A[2K[1A[2K[1A[2K[1A[2K[1A[2K[1A[2K[1A[2K[1A[2K[G
 ───────────────── Importing data ─────────────────

 ✔ Creating ingest job 762ms
 ⣯ Processing the job 3.98s
   ▸ Processed records: ◠
   ▸ Successful records: ◠
   ▸ Failed records: ◠

 Status: InProgress
 Job Id:
 750ct00000URN8xAAH (https://fortra--mergebuild.sandbox.my.salesforce.com/lightn
 ing/setup/AsyncApiJobStatus/page?address=%2F750ct00000URN8xAAH)
 Elapsed Time: 4.85s

[2K[1A[2K[1A[2K[1A[2K[1A[2K[1A[2K[1A[2K[1A[2K[1A[2K[1A[2K[1A[2K[1A[2K[1A[2K[1A[2K[1A[2K[1A[2K[G
 ───────────────── Importing data ─────────────────

 ✔ Creating ingest job 762ms
 ⣯ Processing the job 4.01s
   ▸ Processed records: ◠
   ▸ Successful records: ◠
   ▸ Failed records: ◠

 Status: InProgress
 Job Id:
 750ct00000URN8xAAH (https://fortra--mergebuild.sandbox.my.salesforce.com/lightn
 ing/setup/AsyncApiJobStatus/page?address=%2F750ct00000URN8xAAH)
 Elapsed Time: 4.89s

[2K[1A[2K[1A[2K[1A[2K[1A[2K[1A[2K[1A[2K[1A[2K[1A[2K[1A[2K[1A[2K[1A[2K[1A[2K[1A[2K[1A[2K[1A[2K[G
 ───────────────── Importing data ─────────────────

 ✔ Creating ingest job 762ms
 ⣯ Processing the job 4.04s
   ▸ Processed records: ◠
   ▸ Successful records: ◠
   ▸ Failed records: ◠

 Status: InProgress
 Job Id:
 750ct00000URN8xAAH (https://fortra--mergebuild.sandbox.my.salesforce.com/lightn
 ing/setup/AsyncApiJobStatus/page?address=%2F750ct00000URN8xAAH)
 Elapsed Time: 4.91s

[2K[1A[2K[1A[2K[1A[2K[1A[2K[1A[2K[1A[2K[1A[2K[1A[2K[1A[2K[1A[2K[1A[2K[1A[2K[1A[2K[1A[2K[1A[2K[G
 ───────────────── Importing data ─────────────────

 ✔ Creating ingest job 762ms
 ⣷ Processing the job 4.07s
   ▸ Processed records: ◝
   ▸ Successful records: ◝
   ▸ Failed records: ◝

 Status: InProgress
 Job Id:
 750ct00000URN8xAAH (https://fortra--mergebuild.sandbox.my.salesforce.com/lightn
 ing/setup/AsyncApiJobStatus/page?address=%2F750ct00000URN8xAAH)
 Elapsed Time: 4.95s

[2K[1A[2K[1A[2K[1A[2K[1A[2K[1A[2K[1A[2K[1A[2K[1A[2K[1A[2K[1A[2K[1A[2K[1A[2K[1A[2K[1A[2K[1A[2K[G
 ───────────────── Importing data ─────────────────

 ✔ Creating ingest job 762ms
 ⣷ Processing the job 4.10s
   ▸ Processed records: ◝
   ▸ Successful records: ◝
   ▸ Failed records: ◝

 Status: InProgress
 Job Id:
 750ct00000URN8xAAH (https://fortra--mergebuild.sandbox.my.salesforce.com/lightn
 ing/setup/AsyncApiJobStatus/page?address=%2F750ct00000URN8xAAH)
 Elapsed Time: 4.98s

[2K[1A[2K[1A[2K[1A[2K[1A[2K[1A[2K[1A[2K[1A[2K[1A[2K[1A[2K[1A[2K[1A[2K[1A[2K[1A[2K[1A[2K[1A[2K[G
 ───────────────── Importing data ─────────────────

 ✔ Creating ingest job 762ms
 ⣾ Processing the job 4.13s
   ▸ Processed records: ◝
   ▸ Successful records: ◝
   ▸ Failed records: ◝

 Status: InProgress
 Job Id:
 750ct00000URN8xAAH (https://fortra--mergebuild.sandbox.my.salesforce.com/lightn
 ing/setup/AsyncApiJobStatus/page?address=%2F750ct00000URN8xAAH)
 Elapsed Time: 5.01s

[2K[1A[2K[1A[2K[1A[2K[1A[2K[1A[2K[1A[2K[1A[2K[1A[2K[1A[2K[1A[2K[1A[2K[1A[2K[1A[2K[1A[2K[1A[2K[G
 ───────────────── Importing data ─────────────────

 ✔ Creating ingest job 762ms
 ⣾ Processing the job 4.16s
   ▸ Processed records: ◞
   ▸ Successful records: ◞
   ▸ Failed records: ◞

 Status: InProgress
 Job Id:
 750ct00000URN8xAAH (https://fortra--mergebuild.sandbox.my.salesforce.com/lightn
 ing/setup/AsyncApiJobStatus/page?address=%2F750ct00000URN8xAAH)
 Elapsed Time: 5.03s

[2K[1A[2K[1A[2K[1A[2K[1A[2K[1A[2K[1A[2K[1A[2K[1A[2K[1A[2K[1A[2K[1A[2K[1A[2K[1A[2K[1A[2K[1A[2K[G
 ───────────────── Importing data ─────────────────

 ✔ Creating ingest job 762ms
 ⣾ Processing the job 4.19s
   ▸ Processed records: ◞
   ▸ Successful records: ◞
   ▸ Failed records: ◞

 Status: InProgress
 Job Id:
 750ct00000URN8xAAH (https://fortra--mergebuild.sandbox.my.salesforce.com/lightn
 ing/setup/AsyncApiJobStatus/page?address=%2F750ct00000URN8xAAH)
 Elapsed Time: 5.07s

[2K[1A[2K[1A[2K[1A[2K[1A[2K[1A[2K[1A[2K[1A[2K[1A[2K[1A[2K[1A[2K[1A[2K[1A[2K[1A[2K[1A[2K[1A[2K[G
 ───────────────── Importing data ─────────────────

 ✔ Creating ingest job 762ms
 ⣽ Processing the job 4.22s
   ▸ Processed records: ◞
   ▸ Successful records: ◞
   ▸ Failed records: ◞

 Status: InProgress
 Job Id:
 750ct00000URN8xAAH (https://fortra--mergebuild.sandbox.my.salesforce.com/lightn
 ing/setup/AsyncApiJobStatus/page?address=%2F750ct00000URN8xAAH)
 Elapsed Time: 5.09s

[2K[1A[2K[1A[2K[1A[2K[1A[2K[1A[2K[1A[2K[1A[2K[1A[2K[1A[2K[1A[2K[1A[2K[1A[2K[1A[2K[1A[2K[1A[2K[G
 ───────────────── Importing data ─────────────────

 ✔ Creating ingest job 762ms
 ⣽ Processing the job 4.25s
   ▸ Processed records: ◡
   ▸ Successful records: ◡
   ▸ Failed records: ◡

 Status: InProgress
 Job Id:
 750ct00000URN8xAAH (https://fortra--mergebuild.sandbox.my.salesforce.com/lightn
 ing/setup/AsyncApiJobStatus/page?address=%2F750ct00000URN8xAAH)
 Elapsed Time: 5.13s

[2K[1A[2K[1A[2K[1A[2K[1A[2K[1A[2K[1A[2K[1A[2K[1A[2K[1A[2K[1A[2K[1A[2K[1A[2K[1A[2K[1A[2K[1A[2K[G
 ───────────────── Importing data ─────────────────

 ✔ Creating ingest job 762ms
 ⣻ Processing the job 4.28s
   ▸ Processed records: ◡
   ▸ Successful records: ◡
   ▸ Failed records: ◡

 Status: InProgress
 Job Id:
 750ct00000URN8xAAH (https://fortra--mergebuild.sandbox.my.salesforce.com/lightn
 ing/setup/AsyncApiJobStatus/page?address=%2F750ct00000URN8xAAH)
 Elapsed Time: 5.16s

[2K[1A[2K[1A[2K[1A[2K[1A[2K[1A[2K[1A[2K[1A[2K[1A[2K[1A[2K[1A[2K[1A[2K[1A[2K[1A[2K[1A[2K[1A[2K[G
 ───────────────── Importing data ─────────────────

 ✔ Creating ingest job 762ms
 ⣻ Processing the job 4.31s
   ▸ Processed records: ◡
   ▸ Successful records: ◡
   ▸ Failed records: ◡

 Status: InProgress
 Job Id:
 750ct00000URN8xAAH (https://fortra--mergebuild.sandbox.my.salesforce.com/lightn
 ing/setup/AsyncApiJobStatus/page?address=%2F750ct00000URN8xAAH)
 Elapsed Time: 5.18s

[2K[1A[2K[1A[2K[1A[2K[1A[2K[1A[2K[1A[2K[1A[2K[1A[2K[1A[2K[1A[2K[1A[2K[1A[2K[1A[2K[1A[2K[1A[2K[G
 ───────────────── Importing data ─────────────────

 ✔ Creating ingest job 762ms
 ⣻ Processing the job 4.34s
   ▸ Processed records: ◟
   ▸ Successful records: ◟
   ▸ Failed records: ◟

 Status: InProgress
 Job Id:
 750ct00000URN8xAAH (https://fortra--mergebuild.sandbox.my.salesforce.com/lightn
 ing/setup/AsyncApiJobStatus/page?address=%2F750ct00000URN8xAAH)
 Elapsed Time: 5.21s

[2K[1A[2K[1A[2K[1A[2K[1A[2K[1A[2K[1A[2K[1A[2K[1A[2K[1A[2K[1A[2K[1A[2K[1A[2K[1A[2K[1A[2K[1A[2K[G
 ───────────────── Importing data ─────────────────

 ✔ Creating ingest job 762ms
 ⢿ Processing the job 4.37s
   ▸ Processed records: ◟
   ▸ Successful records: ◟
   ▸ Failed records: ◟

 Status: InProgress
 Job Id:
 750ct00000URN8xAAH (https://fortra--mergebuild.sandbox.my.salesforce.com/lightn
 ing/setup/AsyncApiJobStatus/page?address=%2F750ct00000URN8xAAH)
 Elapsed Time: 5.24s

[2K[1A[2K[1A[2K[1A[2K[1A[2K[1A[2K[1A[2K[1A[2K[1A[2K[1A[2K[1A[2K[1A[2K[1A[2K[1A[2K[1A[2K[1A[2K[G
 ───────────────── Importing data ─────────────────

 ✔ Creating ingest job 762ms
 ⢿ Processing the job 4.40s
   ▸ Processed records: ◟
   ▸ Successful records: ◟
   ▸ Failed records: ◟

 Status: InProgress
 Job Id:
 750ct00000URN8xAAH (https://fortra--mergebuild.sandbox.my.salesforce.com/lightn
 ing/setup/AsyncApiJobStatus/page?address=%2F750ct00000URN8xAAH)
 Elapsed Time: 5.27s

[2K[1A[2K[1A[2K[1A[2K[1A[2K[1A[2K[1A[2K[1A[2K[1A[2K[1A[2K[1A[2K[1A[2K[1A[2K[1A[2K[1A[2K[1A[2K[G
 ───────────────── Importing data ─────────────────

 ✔ Creating ingest job 762ms
 ⡿ Processing the job 4.43s
   ▸ Processed records: ◜
   ▸ Successful records: ◜
   ▸ Failed records: ◜

 Status: InProgress
 Job Id:
 750ct00000URN8xAAH (https://fortra--mergebuild.sandbox.my.salesforce.com/lightn
 ing/setup/AsyncApiJobStatus/page?address=%2F750ct00000URN8xAAH)
 Elapsed Time: 5.30s

[2K[1A[2K[1A[2K[1A[2K[1A[2K[1A[2K[1A[2K[1A[2K[1A[2K[1A[2K[1A[2K[1A[2K[1A[2K[1A[2K[1A[2K[1A[2K[G
 ───────────────── Importing data ─────────────────

 ✔ Creating ingest job 762ms
 ⡿ Processing the job 4.46s
   ▸ Processed records: ◜
   ▸ Successful records: ◜
   ▸ Failed records: ◜

 Status: InProgress
 Job Id:
 750ct00000URN8xAAH (https://fortra--mergebuild.sandbox.my.salesforce.com/lightn
 ing/setup/AsyncApiJobStatus/page?address=%2F750ct00000URN8xAAH)
 Elapsed Time: 5.33s

[2K[1A[2K[1A[2K[1A[2K[1A[2K[1A[2K[1A[2K[1A[2K[1A[2K[1A[2K[1A[2K[1A[2K[1A[2K[1A[2K[1A[2K[1A[2K[G
 ───────────────── Importing data ─────────────────

 ✔ Creating ingest job 762ms
 ⡿ Processing the job 4.49s
   ▸ Processed records: ◜
   ▸ Successful records: ◜
   ▸ Failed records: ◜

 Status: InProgress
 Job Id:
 750ct00000URN8xAAH (https://fortra--mergebuild.sandbox.my.salesforce.com/lightn
 ing/setup/AsyncApiJobStatus/page?address=%2F750ct00000URN8xAAH)
 Elapsed Time: 5.36s

[2K[1A[2K[1A[2K[1A[2K[1A[2K[1A[2K[1A[2K[1A[2K[1A[2K[1A[2K[1A[2K[1A[2K[1A[2K[1A[2K[1A[2K[1A[2K[G
 ───────────────── Importing data ─────────────────

 ✔ Creating ingest job 762ms
 ⣟ Processing the job 4.51s
   ▸ Processed records: ◠
   ▸ Successful records: ◠
   ▸ Failed records: ◠

 Status: InProgress
 Job Id:
 750ct00000URN8xAAH (https://fortra--mergebuild.sandbox.my.salesforce.com/lightn
 ing/setup/AsyncApiJobStatus/page?address=%2F750ct00000URN8xAAH)
 Elapsed Time: 5.39s

[2K[1A[2K[1A[2K[1A[2K[1A[2K[1A[2K[1A[2K[1A[2K[1A[2K[1A[2K[1A[2K[1A[2K[1A[2K[1A[2K[1A[2K[1A[2K[G
 ───────────────── Importing data ─────────────────

 ✔ Creating ingest job 762ms
 ⣟ Processing the job 4.54s
   ▸ Processed records: ◠
   ▸ Successful records: ◠
   ▸ Failed records: ◠

 Status: InProgress
 Job Id:
 750ct00000URN8xAAH (https://fortra--mergebuild.sandbox.my.salesforce.com/lightn
 ing/setup/AsyncApiJobStatus/page?address=%2F750ct00000URN8xAAH)
 Elapsed Time: 5.42s

[2K[1A[2K[1A[2K[1A[2K[1A[2K[1A[2K[1A[2K[1A[2K[1A[2K[1A[2K[1A[2K[1A[2K[1A[2K[1A[2K[1A[2K[1A[2K[G
 ───────────────── Importing data ─────────────────

 ✔ Creating ingest job 762ms
 ⣯ Processing the job 4.57s
   ▸ Processed records: ◠
   ▸ Successful records: ◠
   ▸ Failed records: ◠

 Status: InProgress
 Job Id:
 750ct00000URN8xAAH (https://fortra--mergebuild.sandbox.my.salesforce.com/lightn
 ing/setup/AsyncApiJobStatus/page?address=%2F750ct00000URN8xAAH)
 Elapsed Time: 5.44s

[2K[1A[2K[1A[2K[1A[2K[1A[2K[1A[2K[1A[2K[1A[2K[1A[2K[1A[2K[1A[2K[1A[2K[1A[2K[1A[2K[1A[2K[1A[2K[G
 ───────────────── Importing data ─────────────────

 ✔ Creating ingest job 762ms
 ⣯ Processing the job 4.60s
   ▸ Processed records: ◝
   ▸ Successful records: ◝
   ▸ Failed records: ◝

 Status: InProgress
 Job Id:
 750ct00000URN8xAAH (https://fortra--mergebuild.sandbox.my.salesforce.com/lightn
 ing/setup/AsyncApiJobStatus/page?address=%2F750ct00000URN8xAAH)
 Elapsed Time: 5.47s

[2K[1A[2K[1A[2K[1A[2K[1A[2K[1A[2K[1A[2K[1A[2K[1A[2K[1A[2K[1A[2K[1A[2K[1A[2K[1A[2K[1A[2K[1A[2K[G
 ───────────────── Importing data ─────────────────

 ✔ Creating ingest job 762ms
 ⣯ Processing the job 4.63s
   ▸ Processed records: ◝
   ▸ Successful records: ◝
   ▸ Failed records: ◝

 Status: InProgress
 Job Id:
 750ct00000URN8xAAH (https://fortra--mergebuild.sandbox.my.salesforce.com/lightn
 ing/setup/AsyncApiJobStatus/page?address=%2F750ct00000URN8xAAH)
 Elapsed Time: 5.50s

[2K[1A[2K[1A[2K[1A[2K[1A[2K[1A[2K[1A[2K[1A[2K[1A[2K[1A[2K[1A[2K[1A[2K[1A[2K[1A[2K[1A[2K[1A[2K[G
 ───────────────── Importing data ─────────────────

 ✔ Creating ingest job 762ms
 ⣷ Processing the job 4.66s
   ▸ Processed records: ◝
   ▸ Successful records: ◝
   ▸ Failed records: ◝

 Status: InProgress
 Job Id:
 750ct00000URN8xAAH (https://fortra--mergebuild.sandbox.my.salesforce.com/lightn
 ing/setup/AsyncApiJobStatus/page?address=%2F750ct00000URN8xAAH)
 Elapsed Time: 5.53s

[2K[1A[2K[1A[2K[1A[2K[1A[2K[1A[2K[1A[2K[1A[2K[1A[2K[1A[2K[1A[2K[1A[2K[1A[2K[1A[2K[1A[2K[1A[2K[G
 ───────────────── Importing data ─────────────────

 ✔ Creating ingest job 762ms
 ⣷ Processing the job 4.69s
   ▸ Processed records: ◞
   ▸ Successful records: ◝
   ▸ Failed records: ◝

 Status: InProgress
 Job Id:
 750ct00000URN8xAAH (https://fortra--mergebuild.sandbox.my.salesforce.com/lightn
 ing/setup/AsyncApiJobStatus/page?address=%2F750ct00000URN8xAAH)
 Elapsed Time: 5.56s

[2K[1A[2K[1A[2K[1A[2K[1A[2K[1A[2K[1A[2K[1A[2K[1A[2K[1A[2K[1A[2K[1A[2K[1A[2K[1A[2K[1A[2K[1A[2K[G
 ───────────────── Importing data ─────────────────

 ✔ Creating ingest job 762ms
 ⣾ Processing the job 4.71s
   ▸ Processed records: ◞
   ▸ Successful records: ◞
   ▸ Failed records: ◞

 Status: InProgress
 Job Id:
 750ct00000URN8xAAH (https://fortra--mergebuild.sandbox.my.salesforce.com/lightn
 ing/setup/AsyncApiJobStatus/page?address=%2F750ct00000URN8xAAH)
 Elapsed Time: 5.59s

[2K[1A[2K[1A[2K[1A[2K[1A[2K[1A[2K[1A[2K[1A[2K[1A[2K[1A[2K[1A[2K[1A[2K[1A[2K[1A[2K[1A[2K[1A[2K[G
 ───────────────── Importing data ─────────────────

 ✔ Creating ingest job 762ms
 ⣾ Processing the job 4.75s
   ▸ Processed records: ◞
   ▸ Successful records: ◞
   ▸ Failed records: ◞

 Status: InProgress
 Job Id:
 750ct00000URN8xAAH (https://fortra--mergebuild.sandbox.my.salesforce.com/lightn
 ing/setup/AsyncApiJobStatus/page?address=%2F750ct00000URN8xAAH)
 Elapsed Time: 5.62s

[2K[1A[2K[1A[2K[1A[2K[1A[2K[1A[2K[1A[2K[1A[2K[1A[2K[1A[2K[1A[2K[1A[2K[1A[2K[1A[2K[1A[2K[1A[2K[G
 ───────────────── Importing data ─────────────────

 ✔ Creating ingest job 762ms
 ⣾ Processing the job 4.77s
   ▸ Processed records: ◡
   ▸ Successful records: ◞
   ▸ Failed records: ◞

 Status: InProgress
 Job Id:
 750ct00000URN8xAAH (https://fortra--mergebuild.sandbox.my.salesforce.com/lightn
 ing/setup/AsyncApiJobStatus/page?address=%2F750ct00000URN8xAAH)
 Elapsed Time: 5.65s

[2K[1A[2K[1A[2K[1A[2K[1A[2K[1A[2K[1A[2K[1A[2K[1A[2K[1A[2K[1A[2K[1A[2K[1A[2K[1A[2K[1A[2K[1A[2K[G
 ───────────────── Importing data ─────────────────

 ✔ Creating ingest job 762ms
 ⣽ Processing the job 4.80s
   ▸ Processed records: ◡
   ▸ Successful records: ◡
   ▸ Failed records: ◡

 Status: InProgress
 Job Id:
 750ct00000URN8xAAH (https://fortra--mergebuild.sandbox.my.salesforce.com/lightn
 ing/setup/AsyncApiJobStatus/page?address=%2F750ct00000URN8xAAH)
 Elapsed Time: 5.68s

[2K[1A[2K[1A[2K[1A[2K[1A[2K[1A[2K[1A[2K[1A[2K[1A[2K[1A[2K[1A[2K[1A[2K[1A[2K[1A[2K[1A[2K[1A[2K[G
 ───────────────── Importing data ─────────────────

 ✔ Creating ingest job 762ms
 ⣽ Processing the job 4.83s
   ▸ Processed records: ◡
   ▸ Successful records: ◡
   ▸ Failed records: ◡

 Status: InProgress
 Job Id:
 750ct00000URN8xAAH (https://fortra--mergebuild.sandbox.my.salesforce.com/lightn
 ing/setup/AsyncApiJobStatus/page?address=%2F750ct00000URN8xAAH)
 Elapsed Time: 5.71s

[2K[1A[2K[1A[2K[1A[2K[1A[2K[1A[2K[1A[2K[1A[2K[1A[2K[1A[2K[1A[2K[1A[2K[1A[2K[1A[2K[1A[2K[1A[2K[G
 ───────────────── Importing data ─────────────────

 ✔ Creating ingest job 762ms
 ⣻ Processing the job 4.86s
   ▸ Processed records: ◡
   ▸ Successful records: ◡
   ▸ Failed records: ◡

 Status: InProgress
 Job Id:
 750ct00000URN8xAAH (https://fortra--mergebuild.sandbox.my.salesforce.com/lightn
 ing/setup/AsyncApiJobStatus/page?address=%2F750ct00000URN8xAAH)
 Elapsed Time: 5.74s

[2K[1A[2K[1A[2K[1A[2K[1A[2K[1A[2K[1A[2K[1A[2K[1A[2K[1A[2K[1A[2K[1A[2K[1A[2K[1A[2K[1A[2K[1A[2K[G
 ───────────────── Importing data ─────────────────

 ✔ Creating ingest job 762ms
 ⣻ Processing the job 4.89s
   ▸ Processed records: ◟
   ▸ Successful records: ◟
   ▸ Failed records: ◟

 Status: InProgress
 Job Id:
 750ct00000URN8xAAH (https://fortra--mergebuild.sandbox.my.salesforce.com/lightn
 ing/setup/AsyncApiJobStatus/page?address=%2F750ct00000URN8xAAH)
 Elapsed Time: 5.77s

[2K[1A[2K[1A[2K[1A[2K[1A[2K[1A[2K[1A[2K[1A[2K[1A[2K[1A[2K[1A[2K[1A[2K[1A[2K[1A[2K[1A[2K[1A[2K[G
 ───────────────── Importing data ─────────────────

 ✔ Creating ingest job 762ms
 ⣻ Processing the job 4.91s
   ▸ Processed records: ◟
   ▸ Successful records: ◟
   ▸ Failed records: ◟

 Status: InProgress
 Job Id:
 750ct00000URN8xAAH (https://fortra--mergebuild.sandbox.my.salesforce.com/lightn
 ing/setup/AsyncApiJobStatus/page?address=%2F750ct00000URN8xAAH)
 Elapsed Time: 5.80s

[2K[1A[2K[1A[2K[1A[2K[1A[2K[1A[2K[1A[2K[1A[2K[1A[2K[1A[2K[1A[2K[1A[2K[1A[2K[1A[2K[1A[2K[1A[2K[G
 ───────────────── Importing data ─────────────────

 ✔ Creating ingest job 762ms
 ⢿ Processing the job 4.95s
   ▸ Processed records: ◟
   ▸ Successful records: ◟
   ▸ Failed records: ◟

 Status: InProgress
 Job Id:
 750ct00000URN8xAAH (https://fortra--mergebuild.sandbox.my.salesforce.com/lightn
 ing/setup/AsyncApiJobStatus/page?address=%2F750ct00000URN8xAAH)
 Elapsed Time: 5.83s

[2K[1A[2K[1A[2K[1A[2K[1A[2K[1A[2K[1A[2K[1A[2K[1A[2K[1A[2K[1A[2K[1A[2K[1A[2K[1A[2K[1A[2K[1A[2K[G
 ───────────────── Importing data ─────────────────

 ✔ Creating ingest job 762ms
 ⢿ Processing the job 4.98s
   ▸ Processed records: ◜
   ▸ Successful records: ◜
   ▸ Failed records: ◜

 Status: InProgress
 Job Id:
 750ct00000URN8xAAH (https://fortra--mergebuild.sandbox.my.salesforce.com/lightn
 ing/setup/AsyncApiJobStatus/page?address=%2F750ct00000URN8xAAH)
 Elapsed Time: 5.86s

[2K[1A[2K[1A[2K[1A[2K[1A[2K[1A[2K[1A[2K[1A[2K[1A[2K[1A[2K[1A[2K[1A[2K[1A[2K[1A[2K[1A[2K[1A[2K[G
 ───────────────── Importing data ─────────────────

 ✔ Creating ingest job 762ms
 ⡿ Processing the job 5.00s
   ▸ Processed records: ◜
   ▸ Successful records: ◜
   ▸ Failed records: ◜

 Status: InProgress
 Job Id:
 750ct00000URN8xAAH (https://fortra--mergebuild.sandbox.my.salesforce.com/lightn
 ing/setup/AsyncApiJobStatus/page?address=%2F750ct00000URN8xAAH)
 Elapsed Time: 5.89s

[2K[1A[2K[1A[2K[1A[2K[1A[2K[1A[2K[1A[2K[1A[2K[1A[2K[1A[2K[1A[2K[1A[2K[1A[2K[1A[2K[1A[2K[1A[2K[G
 ───────────────── Importing data ─────────────────

 ✔ Creating ingest job 762ms
 ⡿ Processing the job 5.03s
   ▸ Processed records: ◜
   ▸ Successful records: ◜
   ▸ Failed records: ◜

 Status: InProgress
 Job Id:
 750ct00000URN8xAAH (https://fortra--mergebuild.sandbox.my.salesforce.com/lightn
 ing/setup/AsyncApiJobStatus/page?address=%2F750ct00000URN8xAAH)
 Elapsed Time: 5.92s

[2K[1A[2K[1A[2K[1A[2K[1A[2K[1A[2K[1A[2K[1A[2K[1A[2K[1A[2K[1A[2K[1A[2K[1A[2K[1A[2K[1A[2K[1A[2K[G
 ───────────────── Importing data ─────────────────

 ✔ Creating ingest job 762ms
 ⡿ Processing the job 5.06s
   ▸ Processed records: ◠
   ▸ Successful records: ◠
   ▸ Failed records: ◠

 Status: InProgress
 Job Id:
 750ct00000URN8xAAH (https://fortra--mergebuild.sandbox.my.salesforce.com/lightn
 ing/setup/AsyncApiJobStatus/page?address=%2F750ct00000URN8xAAH)
 Elapsed Time: 5.95s

[2K[1A[2K[1A[2K[1A[2K[1A[2K[1A[2K[1A[2K[1A[2K[1A[2K[1A[2K[1A[2K[1A[2K[1A[2K[1A[2K[1A[2K[1A[2K[G
 ───────────────── Importing data ─────────────────

 ✔ Creating ingest job 762ms
 ⣟ Processing the job 5.09s
   ▸ Processed records: ◠
   ▸ Successful records: ◠
   ▸ Failed records: ◠

 Status: InProgress
 Job Id:
 750ct00000URN8xAAH (https://fortra--mergebuild.sandbox.my.salesforce.com/lightn
 ing/setup/AsyncApiJobStatus/page?address=%2F750ct00000URN8xAAH)
 Elapsed Time: 5.98s

[2K[1A[2K[1A[2K[1A[2K[1A[2K[1A[2K[1A[2K[1A[2K[1A[2K[1A[2K[1A[2K[1A[2K[1A[2K[1A[2K[1A[2K[1A[2K[G
 ───────────────── Importing data ─────────────────

 ✔ Creating ingest job 762ms
 ⣟ Processing the job 5.12s
   ▸ Processed records: ◠
   ▸ Successful records: ◠
   ▸ Failed records: ◠

 Status: InProgress
 Job Id:
 750ct00000URN8xAAH (https://fortra--mergebuild.sandbox.my.salesforce.com/lightn
 ing/setup/AsyncApiJobStatus/page?address=%2F750ct00000URN8xAAH)
 Elapsed Time: 6.01s

[2K[1A[2K[1A[2K[1A[2K[1A[2K[1A[2K[1A[2K[1A[2K[1A[2K[1A[2K[1A[2K[1A[2K[1A[2K[1A[2K[1A[2K[1A[2K[G
 ───────────────── Importing data ─────────────────

 ✔ Creating ingest job 762ms
 ⣯ Processing the job 5.16s
   ▸ Processed records: ◝
   ▸ Successful records: ◝
   ▸ Failed records: ◝

 Status: InProgress
 Job Id:
 750ct00000URN8xAAH (https://fortra--mergebuild.sandbox.my.salesforce.com/lightn
 ing/setup/AsyncApiJobStatus/page?address=%2F750ct00000URN8xAAH)
 Elapsed Time: 6.04s

[2K[1A[2K[1A[2K[1A[2K[1A[2K[1A[2K[1A[2K[1A[2K[1A[2K[1A[2K[1A[2K[1A[2K[1A[2K[1A[2K[1A[2K[1A[2K[G
 ───────────────── Importing data ─────────────────

 ✔ Creating ingest job 762ms
 ⣯ Processing the job 5.19s
   ▸ Processed records: ◝
   ▸ Successful records: ◝
   ▸ Failed records: ◝

 Status: InProgress
 Job Id:
 750ct00000URN8xAAH (https://fortra--mergebuild.sandbox.my.salesforce.com/lightn
 ing/setup/AsyncApiJobStatus/page?address=%2F750ct00000URN8xAAH)
 Elapsed Time: 6.06s

[2K[1A[2K[1A[2K[1A[2K[1A[2K[1A[2K[1A[2K[1A[2K[1A[2K[1A[2K[1A[2K[1A[2K[1A[2K[1A[2K[1A[2K[1A[2K[G
 ───────────────── Importing data ─────────────────

 ✔ Creating ingest job 762ms
 ⣯ Processing the job 5.21s
   ▸ Processed records: ◝
   ▸ Successful records: ◝
   ▸ Failed records: ◝

 Status: InProgress
 Job Id:
 750ct00000URN8xAAH (https://fortra--mergebuild.sandbox.my.salesforce.com/lightn
 ing/setup/AsyncApiJobStatus/page?address=%2F750ct00000URN8xAAH)
 Elapsed Time: 6.09s

[2K[1A[2K[1A[2K[1A[2K[1A[2K[1A[2K[1A[2K[1A[2K[1A[2K[1A[2K[1A[2K[1A[2K[1A[2K[1A[2K[1A[2K[1A[2K[G
 ───────────────── Importing data ─────────────────

 ✔ Creating ingest job 762ms
 ⣷ Processing the job 5.24s
   ▸ Processed records: ◞
   ▸ Successful records: ◞
   ▸ Failed records: ◞

 Status: InProgress
 Job Id:
 750ct00000URN8xAAH (https://fortra--mergebuild.sandbox.my.salesforce.com/lightn
 ing/setup/AsyncApiJobStatus/page?address=%2F750ct00000URN8xAAH)
 Elapsed Time: 6.12s

[2K[1A[2K[1A[2K[1A[2K[1A[2K[1A[2K[1A[2K[1A[2K[1A[2K[1A[2K[1A[2K[1A[2K[1A[2K[1A[2K[1A[2K[1A[2K[G
 ───────────────── Importing data ─────────────────

 ✔ Creating ingest job 762ms
 ⣷ Processing the job 5.27s
   ▸ Processed records: ◞
   ▸ Successful records: ◞
   ▸ Failed records: ◞

 Status: InProgress
 Job Id:
 750ct00000URN8xAAH (https://fortra--mergebuild.sandbox.my.salesforce.com/lightn
 ing/setup/AsyncApiJobStatus/page?address=%2F750ct00000URN8xAAH)
 Elapsed Time: 6.16s

[2K[1A[2K[1A[2K[1A[2K[1A[2K[1A[2K[1A[2K[1A[2K[1A[2K[1A[2K[1A[2K[1A[2K[1A[2K[1A[2K[1A[2K[1A[2K[G
 ───────────────── Importing data ─────────────────

 ✔ Creating ingest job 762ms
 ⣾ Processing the job 5.30s
   ▸ Processed records: ◞
   ▸ Successful records: ◞
   ▸ Failed records: ◞

 Status: InProgress
 Job Id:
 750ct00000URN8xAAH (https://fortra--mergebuild.sandbox.my.salesforce.com/lightn
 ing/setup/AsyncApiJobStatus/page?address=%2F750ct00000URN8xAAH)
 Elapsed Time: 6.18s

[2K[1A[2K[1A[2K[1A[2K[1A[2K[1A[2K[1A[2K[1A[2K[1A[2K[1A[2K[1A[2K[1A[2K[1A[2K[1A[2K[1A[2K[1A[2K[G
 ───────────────── Importing data ─────────────────

 ✔ Creating ingest job 762ms
 ⣾ Processing the job 5.33s
   ▸ Processed records: ◡
   ▸ Successful records: ◡
   ▸ Failed records: ◞

 Status: InProgress
 Job Id:
 750ct00000URN8xAAH (https://fortra--mergebuild.sandbox.my.salesforce.com/lightn
 ing/setup/AsyncApiJobStatus/page?address=%2F750ct00000URN8xAAH)
 Elapsed Time: 6.21s

[2K[1A[2K[1A[2K[1A[2K[1A[2K[1A[2K[1A[2K[1A[2K[1A[2K[1A[2K[1A[2K[1A[2K[1A[2K[1A[2K[1A[2K[1A[2K[G
 ───────────────── Importing data ─────────────────

 ✔ Creating ingest job 762ms
 ⣾ Processing the job 5.36s
   ▸ Processed records: ◡
   ▸ Successful records: ◡
   ▸ Failed records: ◡

 Status: InProgress
 Job Id:
 750ct00000URN8xAAH (https://fortra--mergebuild.sandbox.my.salesforce.com/lightn
 ing/setup/AsyncApiJobStatus/page?address=%2F750ct00000URN8xAAH)
 Elapsed Time: 6.24s

[2K[1A[2K[1A[2K[1A[2K[1A[2K[1A[2K[1A[2K[1A[2K[1A[2K[1A[2K[1A[2K[1A[2K[1A[2K[1A[2K[1A[2K[1A[2K[G
 ───────────────── Importing data ─────────────────

 ✔ Creating ingest job 762ms
 ⣽ Processing the job 5.39s
   ▸ Processed records: ◡
   ▸ Successful records: ◡
   ▸ Failed records: ◡

 Status: InProgress
 Job Id:
 750ct00000URN8xAAH (https://fortra--mergebuild.sandbox.my.salesforce.com/lightn
 ing/setup/AsyncApiJobStatus/page?address=%2F750ct00000URN8xAAH)
 Elapsed Time: 6.27s

[2K[1A[2K[1A[2K[1A[2K[1A[2K[1A[2K[1A[2K[1A[2K[1A[2K[1A[2K[1A[2K[1A[2K[1A[2K[1A[2K[1A[2K[1A[2K[G
 ───────────────── Importing data ─────────────────

 ✔ Creating ingest job 762ms
 ⣽ Processing the job 5.42s
   ▸ Processed records: ◟
   ▸ Successful records: ◡
   ▸ Failed records: ◡

 Status: InProgress
 Job Id:
 750ct00000URN8xAAH (https://fortra--mergebuild.sandbox.my.salesforce.com/lightn
 ing/setup/AsyncApiJobStatus/page?address=%2F750ct00000URN8xAAH)
 Elapsed Time: 6.30s

[2K[1A[2K[1A[2K[1A[2K[1A[2K[1A[2K[1A[2K[1A[2K[1A[2K[1A[2K[1A[2K[1A[2K[1A[2K[1A[2K[1A[2K[1A[2K[G
 ───────────────── Importing data ─────────────────

 ✔ Creating ingest job 762ms
 ⣻ Processing the job 5.45s
   ▸ Processed records: ◟
   ▸ Successful records: ◟
   ▸ Failed records: ◟

 Status: InProgress
 Job Id:
 750ct00000URN8xAAH (https://fortra--mergebuild.sandbox.my.salesforce.com/lightn
 ing/setup/AsyncApiJobStatus/page?address=%2F750ct00000URN8xAAH)
 Elapsed Time: 6.33s

[2K[1A[2K[1A[2K[1A[2K[1A[2K[1A[2K[1A[2K[1A[2K[1A[2K[1A[2K[1A[2K[1A[2K[1A[2K[1A[2K[1A[2K[1A[2K[G
 ───────────────── Importing data ─────────────────

 ✔ Creating ingest job 762ms
 ⣻ Processing the job 5.48s
   ▸ Processed records: ◟
   ▸ Successful records: ◟
   ▸ Failed records: ◟

 Status: InProgress
 Job Id:
 750ct00000URN8xAAH (https://fortra--mergebuild.sandbox.my.salesforce.com/lightn
 ing/setup/AsyncApiJobStatus/page?address=%2F750ct00000URN8xAAH)
 Elapsed Time: 6.36s

[2K[1A[2K[1A[2K[1A[2K[1A[2K[1A[2K[1A[2K[1A[2K[1A[2K[1A[2K[1A[2K[1A[2K[1A[2K[1A[2K[1A[2K[1A[2K[G
 ───────────────── Importing data ─────────────────

 ✔ Creating ingest job 762ms
 ⣻ Processing the job 5.51s
   ▸ Processed records: ◜
   ▸ Successful records: ◟
   ▸ Failed records: ◟

 Status: InProgress
 Job Id:
 750ct00000URN8xAAH (https://fortra--mergebuild.sandbox.my.salesforce.com/lightn
 ing/setup/AsyncApiJobStatus/page?address=%2F750ct00000URN8xAAH)
 Elapsed Time: 6.39s

[2K[1A[2K[1A[2K[1A[2K[1A[2K[1A[2K[1A[2K[1A[2K[1A[2K[1A[2K[1A[2K[1A[2K[1A[2K[1A[2K[1A[2K[1A[2K[G
 ───────────────── Importing data ─────────────────

 ✔ Creating ingest job 762ms
 ⢿ Processing the job 5.54s
   ▸ Processed records: ◜
   ▸ Successful records: ◜
   ▸ Failed records: ◜

 Status: InProgress
 Job Id:
 750ct00000URN8xAAH (https://fortra--mergebuild.sandbox.my.salesforce.com/lightn
 ing/setup/AsyncApiJobStatus/page?address=%2F750ct00000URN8xAAH)
 Elapsed Time: 6.42s

[2K[1A[2K[1A[2K[1A[2K[1A[2K[1A[2K[1A[2K[1A[2K[1A[2K[1A[2K[1A[2K[1A[2K[1A[2K[1A[2K[1A[2K[1A[2K[G
 ───────────────── Importing data ─────────────────

 ✔ Creating ingest job 762ms
 ⢿ Processing the job 5.57s
   ▸ Processed records: ◜
   ▸ Successful records: ◜
   ▸ Failed records: ◜

 Status: InProgress
 Job Id:
 750ct00000URN8xAAH (https://fortra--mergebuild.sandbox.my.salesforce.com/lightn
 ing/setup/AsyncApiJobStatus/page?address=%2F750ct00000URN8xAAH)
 Elapsed Time: 6.45s

[2K[1A[2K[1A[2K[1A[2K[1A[2K[1A[2K[1A[2K[1A[2K[1A[2K[1A[2K[1A[2K[1A[2K[1A[2K[1A[2K[1A[2K[1A[2K[G
 ───────────────── Importing data ─────────────────

 ✔ Creating ingest job 762ms
 ⡿ Processing the job 5.60s
   ▸ Processed records: ◜
   ▸ Successful records: ◜
   ▸ Failed records: ◜

 Status: InProgress
 Job Id:
 750ct00000URN8xAAH (https://fortra--mergebuild.sandbox.my.salesforce.com/lightn
 ing/setup/AsyncApiJobStatus/page?address=%2F750ct00000URN8xAAH)
 Elapsed Time: 6.48s

[2K[1A[2K[1A[2K[1A[2K[1A[2K[1A[2K[1A[2K[1A[2K[1A[2K[1A[2K[1A[2K[1A[2K[1A[2K[1A[2K[1A[2K[1A[2K[G
 ───────────────── Importing data ─────────────────

 ✔ Creating ingest job 762ms
 ⡿ Processing the job 5.63s
   ▸ Processed records: ◠
   ▸ Successful records: ◠
   ▸ Failed records: ◠

 Status: InProgress
 Job Id:
 750ct00000URN8xAAH (https://fortra--mergebuild.sandbox.my.salesforce.com/lightn
 ing/setup/AsyncApiJobStatus/page?address=%2F750ct00000URN8xAAH)
 Elapsed Time: 6.51s

[2K[1A[2K[1A[2K[1A[2K[1A[2K[1A[2K[1A[2K[1A[2K[1A[2K[1A[2K[1A[2K[1A[2K[1A[2K[1A[2K[1A[2K[1A[2K[G
 ───────────────── Importing data ─────────────────

 ✔ Creating ingest job 762ms
 ⡿ Processing the job 5.66s
   ▸ Processed records: ◠
   ▸ Successful records: ◠
   ▸ Failed records: ◠

 Status: InProgress
 Job Id:
 750ct00000URN8xAAH (https://fortra--mergebuild.sandbox.my.salesforce.com/lightn
 ing/setup/AsyncApiJobStatus/page?address=%2F750ct00000URN8xAAH)
 Elapsed Time: 6.54s

[2K[1A[2K[1A[2K[1A[2K[1A[2K[1A[2K[1A[2K[1A[2K[1A[2K[1A[2K[1A[2K[1A[2K[1A[2K[1A[2K[1A[2K[1A[2K[G
 ───────────────── Importing data ─────────────────

 ✔ Creating ingest job 762ms
 ⣟ Processing the job 5.69s
   ▸ Processed records: ◠
   ▸ Successful records: ◠
   ▸ Failed records: ◠

 Status: InProgress
 Job Id:
 750ct00000URN8xAAH (https://fortra--mergebuild.sandbox.my.salesforce.com/lightn
 ing/setup/AsyncApiJobStatus/page?address=%2F750ct00000URN8xAAH)
 Elapsed Time: 6.57s

[2K[1A[2K[1A[2K[1A[2K[1A[2K[1A[2K[1A[2K[1A[2K[1A[2K[1A[2K[1A[2K[1A[2K[1A[2K[1A[2K[1A[2K[1A[2K[G
 ───────────────── Importing data ─────────────────

 ✔ Creating ingest job 762ms
 ⣟ Processing the job 5.72s
   ▸ Processed records: ◝
   ▸ Successful records: ◝
   ▸ Failed records: ◝

 Status: InProgress
 Job Id:
 750ct00000URN8xAAH (https://fortra--mergebuild.sandbox.my.salesforce.com/lightn
 ing/setup/AsyncApiJobStatus/page?address=%2F750ct00000URN8xAAH)
 Elapsed Time: 6.60s

[2K[1A[2K[1A[2K[1A[2K[1A[2K[1A[2K[1A[2K[1A[2K[1A[2K[1A[2K[1A[2K[1A[2K[1A[2K[1A[2K[1A[2K[1A[2K[G
 ───────────────── Importing data ─────────────────

 ✔ Creating ingest job 762ms
 ⣯ Processing the job 5.75s
   ▸ Processed records: ◝
   ▸ Successful records: ◝
   ▸ Failed records: ◝

 Status: InProgress
 Job Id:
 750ct00000URN8xAAH (https://fortra--mergebuild.sandbox.my.salesforce.com/lightn
 ing/setup/AsyncApiJobStatus/page?address=%2F750ct00000URN8xAAH)
 Elapsed Time: 6.63s

[2K[1A[2K[1A[2K[1A[2K[1A[2K[1A[2K[1A[2K[1A[2K[1A[2K[1A[2K[1A[2K[1A[2K[1A[2K[1A[2K[1A[2K[1A[2K[G
 ───────────────── Importing data ─────────────────

 ✔ Creating ingest job 762ms
 ⣯ Processing the job 5.77s
   ▸ Processed records: ◝
   ▸ Successful records: ◝
   ▸ Failed records: ◝

 Status: InProgress
 Job Id:
 750ct00000URN8xAAH (https://fortra--mergebuild.sandbox.my.salesforce.com/lightn
 ing/setup/AsyncApiJobStatus/page?address=%2F750ct00000URN8xAAH)
 Elapsed Time: 6.66s

[2K[1A[2K[1A[2K[1A[2K[1A[2K[1A[2K[1A[2K[1A[2K[1A[2K[1A[2K[1A[2K[1A[2K[1A[2K[1A[2K[1A[2K[1A[2K[G
 ───────────────── Importing data ─────────────────

 ✔ Creating ingest job 762ms
 ⣯ Processing the job 5.80s
   ▸ Processed records: ◞
   ▸ Successful records: ◞
   ▸ Failed records: ◞

 Status: InProgress
 Job Id:
 750ct00000URN8xAAH (https://fortra--mergebuild.sandbox.my.salesforce.com/lightn
 ing/setup/AsyncApiJobStatus/page?address=%2F750ct00000URN8xAAH)
 Elapsed Time: 6.69s

[2K[1A[2K[1A[2K[1A[2K[1A[2K[1A[2K[1A[2K[1A[2K[1A[2K[1A[2K[1A[2K[1A[2K[1A[2K[1A[2K[1A[2K[1A[2K[G
 ───────────────── Importing data ─────────────────

 ✔ Creating ingest job 762ms
 ⣷ Processing the job 5.83s
   ▸ Processed records: ◞
   ▸ Successful records: ◞
   ▸ Failed records: ◞

 Status: InProgress
 Job Id:
 750ct00000URN8xAAH (https://fortra--mergebuild.sandbox.my.salesforce.com/lightn
 ing/setup/AsyncApiJobStatus/page?address=%2F750ct00000URN8xAAH)
 Elapsed Time: 6.72s

[2K[1A[2K[1A[2K[1A[2K[1A[2K[1A[2K[1A[2K[1A[2K[1A[2K[1A[2K[1A[2K[1A[2K[1A[2K[1A[2K[1A[2K[1A[2K[G
 ───────────────── Importing data ─────────────────

 ✔ Creating ingest job 762ms
 ⣷ Processing the job 5.86s
   ▸ Processed records: ◞
   ▸ Successful records: ◞
   ▸ Failed records: ◞

 Status: InProgress
 Job Id:
 750ct00000URN8xAAH (https://fortra--mergebuild.sandbox.my.salesforce.com/lightn
 ing/setup/AsyncApiJobStatus/page?address=%2F750ct00000URN8xAAH)
 Elapsed Time: 6.76s

[2K[1A[2K[1A[2K[1A[2K[1A[2K[1A[2K[1A[2K[1A[2K[1A[2K[1A[2K[1A[2K[1A[2K[1A[2K[1A[2K[1A[2K[1A[2K[G
 ───────────────── Importing data ─────────────────

 ✔ Creating ingest job 762ms
 ⣾ Processing the job 5.89s
   ▸ Processed records: ◡
   ▸ Successful records: ◡
   ▸ Failed records: ◡

 Status: InProgress
 Job Id:
 750ct00000URN8xAAH (https://fortra--mergebuild.sandbox.my.salesforce.com/lightn
 ing/setup/AsyncApiJobStatus/page?address=%2F750ct00000URN8xAAH)
 Elapsed Time: 6.79s

[2K[1A[2K[1A[2K[1A[2K[1A[2K[1A[2K[1A[2K[1A[2K[1A[2K[1A[2K[1A[2K[1A[2K[1A[2K[1A[2K[1A[2K[1A[2K[G
 ───────────────── Importing data ─────────────────

 ✔ Creating ingest job 762ms
 ⣾ Processing the job 5.92s
   ▸ Processed records: ◡
   ▸ Successful records: ◡
   ▸ Failed records: ◡

 Status: InProgress
 Job Id:
 750ct00000URN8xAAH (https://fortra--mergebuild.sandbox.my.salesforce.com/lightn
 ing/setup/AsyncApiJobStatus/page?address=%2F750ct00000URN8xAAH)
 Elapsed Time: 6.82s

[2K[1A[2K[1A[2K[1A[2K[1A[2K[1A[2K[1A[2K[1A[2K[1A[2K[1A[2K[1A[2K[1A[2K[1A[2K[1A[2K[1A[2K[1A[2K[G
 ───────────────── Importing data ─────────────────

 ✔ Creating ingest job 762ms
 ⣾ Processing the job 5.95s
   ▸ Processed records: ◡
   ▸ Successful records: ◡
   ▸ Failed records: ◡

 Status: InProgress
 Job Id:
 750ct00000URN8xAAH (https://fortra--mergebuild.sandbox.my.salesforce.com/lightn
 ing/setup/AsyncApiJobStatus/page?address=%2F750ct00000URN8xAAH)
 Elapsed Time: 6.85s

[2K[1A[2K[1A[2K[1A[2K[1A[2K[1A[2K[1A[2K[1A[2K[1A[2K[1A[2K[1A[2K[1A[2K[1A[2K[1A[2K[1A[2K[1A[2K[G
 ───────────────── Importing data ─────────────────

 ✔ Creating ingest job 762ms
 ⣽ Processing the job 5.98s
   ▸ Processed records: ◟
   ▸ Successful records: ◟
   ▸ Failed records: ◟

 Status: InProgress
 Job Id:
 750ct00000URN8xAAH (https://fortra--mergebuild.sandbox.my.salesforce.com/lightn
 ing/setup/AsyncApiJobStatus/page?address=%2F750ct00000URN8xAAH)
 Elapsed Time: 6.88s

[2K[1A[2K[1A[2K[1A[2K[1A[2K[1A[2K[1A[2K[1A[2K[1A[2K[1A[2K[1A[2K[1A[2K[1A[2K[1A[2K[1A[2K[1A[2K[G
 ───────────────── Importing data ─────────────────

 ✔ Creating ingest job 762ms
 ⣽ Processing the job 6.01s
   ▸ Processed records: ◟
   ▸ Successful records: ◟
   ▸ Failed records: ◟

 Status: InProgress
 Job Id:
 750ct00000URN8xAAH (https://fortra--mergebuild.sandbox.my.salesforce.com/lightn
 ing/setup/AsyncApiJobStatus/page?address=%2F750ct00000URN8xAAH)
 Elapsed Time: 6.91s

[2K[1A[2K[1A[2K[1A[2K[1A[2K[1A[2K[1A[2K[1A[2K[1A[2K[1A[2K[1A[2K[1A[2K[1A[2K[1A[2K[1A[2K[1A[2K[G
 ───────────────── Importing data ─────────────────

 ✔ Creating ingest job 762ms
 ⣻ Processing the job 6.04s
   ▸ Processed records: ◟
   ▸ Successful records: ◟
   ▸ Failed records: ◟

 Status: InProgress
 Job Id:
 750ct00000URN8xAAH (https://fortra--mergebuild.sandbox.my.salesforce.com/lightn
 ing/setup/AsyncApiJobStatus/page?address=%2F750ct00000URN8xAAH)
 Elapsed Time: 6.94s

[2K[1A[2K[1A[2K[1A[2K[1A[2K[1A[2K[1A[2K[1A[2K[1A[2K[1A[2K[1A[2K[1A[2K[1A[2K[1A[2K[1A[2K[1A[2K[G
 ───────────────── Importing data ─────────────────

 ✔ Creating ingest job 762ms
 ⣻ Processing the job 6.07s
   ▸ Processed records: ◜
   ▸ Successful records: ◜
   ▸ Failed records: ◟

 Status: InProgress
 Job Id:
 750ct00000URN8xAAH (https://fortra--mergebuild.sandbox.my.salesforce.com/lightn
 ing/setup/AsyncApiJobStatus/page?address=%2F750ct00000URN8xAAH)
 Elapsed Time: 6.96s

[2K[1A[2K[1A[2K[1A[2K[1A[2K[1A[2K[1A[2K[1A[2K[1A[2K[1A[2K[1A[2K[1A[2K[1A[2K[1A[2K[1A[2K[1A[2K[G
 ───────────────── Importing data ─────────────────

 ✔ Creating ingest job 762ms
 ⣻ Processing the job 6.10s
   ▸ Processed records: ◜
   ▸ Successful records: ◜
   ▸ Failed records: ◜

 Status: InProgress
 Job Id:
 750ct00000URN8xAAH (https://fortra--mergebuild.sandbox.my.salesforce.com/lightn
 ing/setup/AsyncApiJobStatus/page?address=%2F750ct00000URN8xAAH)
 Elapsed Time: 7.00s

[2K[1A[2K[1A[2K[1A[2K[1A[2K[1A[2K[1A[2K[1A[2K[1A[2K[1A[2K[1A[2K[1A[2K[1A[2K[1A[2K[1A[2K[1A[2K[G
 ───────────────── Importing data ─────────────────

 ✔ Creating ingest job 762ms
 ⢿ Processing the job 6.13s
   ▸ Processed records: ◜
   ▸ Successful records: ◜
   ▸ Failed records: ◜

 Status: InProgress
 Job Id:
 750ct00000URN8xAAH (https://fortra--mergebuild.sandbox.my.salesforce.com/lightn
 ing/setup/AsyncApiJobStatus/page?address=%2F750ct00000URN8xAAH)
 Elapsed Time: 7.03s

[2K[1A[2K[1A[2K[1A[2K[1A[2K[1A[2K[1A[2K[1A[2K[1A[2K[1A[2K[1A[2K[1A[2K[1A[2K[1A[2K[1A[2K[1A[2K[G
 ───────────────── Importing data ─────────────────

 ✔ Creating ingest job 762ms
 ⢿ Processing the job 6.16s
   ▸ Processed records: ◠
   ▸ Successful records: ◠
   ▸ Failed records: ◜

 Status: InProgress
 Job Id:
 750ct00000URN8xAAH (https://fortra--mergebuild.sandbox.my.salesforce.com/lightn
 ing/setup/AsyncApiJobStatus/page?address=%2F750ct00000URN8xAAH)
 Elapsed Time: 7.06s

[2K[1A[2K[1A[2K[1A[2K[1A[2K[1A[2K[1A[2K[1A[2K[1A[2K[1A[2K[1A[2K[1A[2K[1A[2K[1A[2K[1A[2K[1A[2K[G
 ───────────────── Importing data ─────────────────

 ✔ Creating ingest job 762ms
 ⡿ Processing the job 6.19s
   ▸ Processed records: ◠
   ▸ Successful records: ◠
   ▸ Failed records: ◠

 Status: InProgress
 Job Id:
 750ct00000URN8xAAH (https://fortra--mergebuild.sandbox.my.salesforce.com/lightn
 ing/setup/AsyncApiJobStatus/page?address=%2F750ct00000URN8xAAH)
 Elapsed Time: 7.09s

[2K[1A[2K[1A[2K[1A[2K[1A[2K[1A[2K[1A[2K[1A[2K[1A[2K[1A[2K[1A[2K[1A[2K[1A[2K[1A[2K[1A[2K[1A[2K[G
 ───────────────── Importing data ─────────────────

 ✔ Creating ingest job 762ms
 ⡿ Processing the job 6.23s
   ▸ Processed records: ◠
   ▸ Successful records: ◠
   ▸ Failed records: ◠

 Status: InProgress
 Job Id:
 750ct00000URN8xAAH (https://fortra--mergebuild.sandbox.my.salesforce.com/lightn
 ing/setup/AsyncApiJobStatus/page?address=%2F750ct00000URN8xAAH)
 Elapsed Time: 7.12s

[2K[1A[2K[1A[2K[1A[2K[1A[2K[1A[2K[1A[2K[1A[2K[1A[2K[1A[2K[1A[2K[1A[2K[1A[2K[1A[2K[1A[2K[1A[2K[G
 ───────────────── Importing data ─────────────────

 ✔ Creating ingest job 762ms
 ⡿ Processing the job 6.25s
   ▸ Processed records: ◝
   ▸ Successful records: ◝
   ▸ Failed records: ◠

 Status: InProgress
 Job Id:
 750ct00000URN8xAAH (https://fortra--mergebuild.sandbox.my.salesforce.com/lightn
 ing/setup/AsyncApiJobStatus/page?address=%2F750ct00000URN8xAAH)
 Elapsed Time: 7.15s

[2K[1A[2K[1A[2K[1A[2K[1A[2K[1A[2K[1A[2K[1A[2K[1A[2K[1A[2K[1A[2K[1A[2K[1A[2K[1A[2K[1A[2K[1A[2K[G
 ───────────────── Importing data ─────────────────

 ✔ Creating ingest job 762ms
 ⣟ Processing the job 6.29s
   ▸ Processed records: ◝
   ▸ Successful records: ◝
   ▸ Failed records: ◝

 Status: InProgress
 Job Id:
 750ct00000URN8xAAH (https://fortra--mergebuild.sandbox.my.salesforce.com/lightn
 ing/setup/AsyncApiJobStatus/page?address=%2F750ct00000URN8xAAH)
 Elapsed Time: 7.18s

[2K[1A[2K[1A[2K[1A[2K[1A[2K[1A[2K[1A[2K[1A[2K[1A[2K[1A[2K[1A[2K[1A[2K[1A[2K[1A[2K[1A[2K[1A[2K[G
 ───────────────── Importing data ─────────────────

 ✔ Creating ingest job 762ms
 ⣟ Processing the job 6.32s
   ▸ Processed records: 17
   ▸ Successful records: 17
   ▸ Failed records: 0

 Status: JobComplete
 Job Id:
 750ct00000URN8xAAH (https://fortra--mergebuild.sandbox.my.salesforce.com/lightn
 ing/setup/AsyncApiJobStatus/page?address=%2F750ct00000URN8xAAH)
 Elapsed Time: 7.21s

[2K[1A[2K[1A[2K[1A[2K[1A[2K[1A[2K[1A[2K[1A[2K[1A[2K[1A[2K[1A[2K[1A[2K[1A[2K[1A[2K[1A[2K[1A[2K[G
 ───────────────── Importing data ─────────────────

 ✔ Creating ingest job 762ms
 ✔ Processing the job 6.32s
   ▸ Processed records: 17
   ▸ Successful records: 17
   ▸ Failed records: 0

 Status: JobComplete
 Job Id:
 750ct00000URN8xAAH (https://fortra--mergebuild.sandbox.my.salesforce.com/lightn
 ing/setup/AsyncApiJobStatus/page?address=%2F750ct00000URN8xAAH)
 Elapsed Time: 7.21s


STDERR:
 ›   Warning: @salesforce/cli update available from 2.64.8 to 2.134.6.
