STDOUT:

 ───────────────── Importing data ─────────────────

 ◼ Creating ingest job
 ◼ Processing the job

 Status: ◜
 Job Id: ◜
 Elapsed Time: 0ms

[2K[1A[2K[1A[2K[1A[2K[1A[2K[1A[2K[1A[2K[1A[2K[1A[2K[1A[2K[1A[2K[G
 ───────────────── Importing data ─────────────────

 ⣾ Creating ingest job 27ms
 ◼ Processing the job

 Status: ◜
 Job Id: ◜
 Elapsed Time: 34ms

[2K[1A[2K[1A[2K[1A[2K[1A[2K[1A[2K[1A[2K[1A[2K[1A[2K[1A[2K[1A[2K[G
 ───────────────── Importing data ─────────────────

 ⣾ Creating ingest job 54ms
 ◼ Processing the job

 Status: ◜
 Job Id: ◜
 Elapsed Time: 66ms

[2K[1A[2K[1A[2K[1A[2K[1A[2K[1A[2K[1A[2K[1A[2K[1A[2K[1A[2K[1A[2K[G
 ───────────────── Importing data ─────────────────

 ⣾ Creating ingest job 84ms
 ◼ Processing the job

 Status: ◜
 Job Id: ◜
 Elapsed Time: 99ms

[2K[1A[2K[1A[2K[1A[2K[1A[2K[1A[2K[1A[2K[1A[2K[1A[2K[1A[2K[1A[2K[G
 ───────────────── Importing data ─────────────────

 ⣽ Creating ingest job 109ms
 ◼ Processing the job

 Status: ◠
 Job Id: ◠
 Elapsed Time: 131ms

[2K[1A[2K[1A[2K[1A[2K[1A[2K[1A[2K[1A[2K[1A[2K[1A[2K[1A[2K[1A[2K[G
 ───────────────── Importing data ─────────────────

 ⣽ Creating ingest job 141ms
 ◼ Processing the job

 Status: ◠
 Job Id: ◠
 Elapsed Time: 162ms

[2K[1A[2K[1A[2K[1A[2K[1A[2K[1A[2K[1A[2K[1A[2K[1A[2K[1A[2K[1A[2K[G
 ───────────────── Importing data ─────────────────

 ⣻ Creating ingest job 171ms
 ◼ Processing the job

 Status: ◠
 Job Id: ◠
 Elapsed Time: 192ms

[2K[1A[2K[1A[2K[1A[2K[1A[2K[1A[2K[1A[2K[1A[2K[1A[2K[1A[2K[1A[2K[G
 ───────────────── Importing data ─────────────────

 ⣻ Creating ingest job 200ms
 ◼ Processing the job

 Status: ◝
 Job Id: ◝
 Elapsed Time: 223ms

[2K[1A[2K[1A[2K[1A[2K[1A[2K[1A[2K[1A[2K[1A[2K[1A[2K[1A[2K[1A[2K[G
 ───────────────── Importing data ─────────────────

 ⣻ Creating ingest job 232ms
 ◼ Processing the job

 Status: ◝
 Job Id: ◝
 Elapsed Time: 255ms

[2K[1A[2K[1A[2K[1A[2K[1A[2K[1A[2K[1A[2K[1A[2K[1A[2K[1A[2K[1A[2K[G
 ───────────────── Importing data ─────────────────

 ⢿ Creating ingest job 260ms
 ◼ Processing the job

 Status: ◝
 Job Id: ◝
 Elapsed Time: 286ms

[2K[1A[2K[1A[2K[1A[2K[1A[2K[1A[2K[1A[2K[1A[2K[1A[2K[1A[2K[1A[2K[G
 ───────────────── Importing data ─────────────────

 ⢿ Creating ingest job 290ms
 ◼ Processing the job

 Status: ◞
 Job Id: ◞
 Elapsed Time: 316ms

[2K[1A[2K[1A[2K[1A[2K[1A[2K[1A[2K[1A[2K[1A[2K[1A[2K[1A[2K[1A[2K[G
 ───────────────── Importing data ─────────────────

 ⡿ Creating ingest job 314ms
 ◼ Processing the job

 Status: ◞
 Job Id: ◞
 Elapsed Time: 347ms

[2K[1A[2K[1A[2K[1A[2K[1A[2K[1A[2K[1A[2K[1A[2K[1A[2K[1A[2K[1A[2K[G
 ───────────────── Importing data ─────────────────

 ⡿ Creating ingest job 345ms
 ◼ Processing the job

 Status: ◞
 Job Id: ◞
 Elapsed Time: 380ms

[2K[1A[2K[1A[2K[1A[2K[1A[2K[1A[2K[1A[2K[1A[2K[1A[2K[1A[2K[1A[2K[G
 ───────────────── Importing data ─────────────────

 ⡿ Creating ingest job 375ms
 ◼ Processing the job

 Status: ◡
 Job Id: ◡
 Elapsed Time: 411ms

[2K[1A[2K[1A[2K[1A[2K[1A[2K[1A[2K[1A[2K[1A[2K[1A[2K[1A[2K[1A[2K[G
 ───────────────── Importing data ─────────────────

 ⣟ Creating ingest job 406ms
 ◼ Processing the job

 Status: ◡
 Job Id: ◡
 Elapsed Time: 440ms

[2K[1A[2K[1A[2K[1A[2K[1A[2K[1A[2K[1A[2K[1A[2K[1A[2K[1A[2K[1A[2K[G
 ───────────────── Importing data ─────────────────

 ⣟ Creating ingest job 435ms
 ◼ Processing the job

 Status: ◡
 Job Id: ◡
 Elapsed Time: 471ms

[2K[1A[2K[1A[2K[1A[2K[1A[2K[1A[2K[1A[2K[1A[2K[1A[2K[1A[2K[1A[2K[G
 ───────────────── Importing data ─────────────────

 ⣯ Creating ingest job 464ms
 ◼ Processing the job

 Status: ◟
 Job Id: ◟
 Elapsed Time: 502ms

[2K[1A[2K[1A[2K[1A[2K[1A[2K[1A[2K[1A[2K[1A[2K[1A[2K[1A[2K[1A[2K[G
 ───────────────── Importing data ─────────────────

 ⣯ Creating ingest job 494ms
 ◼ Processing the job

 Status: ◟
 Job Id: ◟
 Elapsed Time: 530ms

[2K[1A[2K[1A[2K[1A[2K[1A[2K[1A[2K[1A[2K[1A[2K[1A[2K[1A[2K[1A[2K[G
 ───────────────── Importing data ─────────────────

 ⣯ Creating ingest job 526ms
 ◼ Processing the job

 Status: ◟
 Job Id: ◟
 Elapsed Time: 559ms

[2K[1A[2K[1A[2K[1A[2K[1A[2K[1A[2K[1A[2K[1A[2K[1A[2K[1A[2K[1A[2K[G
 ───────────────── Importing data ─────────────────

 ⣷ Creating ingest job 559ms
 ◼ Processing the job

 Status: ◜
 Job Id: ◜
 Elapsed Time: 589ms

[2K[1A[2K[1A[2K[1A[2K[1A[2K[1A[2K[1A[2K[1A[2K[1A[2K[1A[2K[1A[2K[G
 ───────────────── Importing data ─────────────────

 ⣷ Creating ingest job 588ms
 ◼ Processing the job

 Status: ◜
 Job Id: ◜
 Elapsed Time: 620ms

[2K[1A[2K[1A[2K[1A[2K[1A[2K[1A[2K[1A[2K[1A[2K[1A[2K[1A[2K[1A[2K[G
 ───────────────── Importing data ─────────────────

 ⣾ Creating ingest job 621ms
 ◼ Processing the job

 Status: ◜
 Job Id: ◜
 Elapsed Time: 652ms

[2K[1A[2K[1A[2K[1A[2K[1A[2K[1A[2K[1A[2K[1A[2K[1A[2K[1A[2K[1A[2K[G
 ───────────────── Importing data ─────────────────

 ⣾ Creating ingest job 652ms
 ◼ Processing the job

 Status: ◠
 Job Id: ◠
 Elapsed Time: 684ms

[2K[1A[2K[1A[2K[1A[2K[1A[2K[1A[2K[1A[2K[1A[2K[1A[2K[1A[2K[1A[2K[G
 ───────────────── Importing data ─────────────────

 ✔ Creating ingest job 661ms
 ⣾ Processing the job 26ms
   ▸ Processed records: ◜
   ▸ Successful records: ◜
   ▸ Failed records: ◜

 Status: ◠
 Job Id: ◠
 Elapsed Time: 717ms

[2K[1A[2K[1A[2K[1A[2K[1A[2K[1A[2K[1A[2K[1A[2K[1A[2K[1A[2K[1A[2K[1A[2K[1A[2K[1A[2K[G
 ───────────────── Importing data ─────────────────

 ✔ Creating ingest job 661ms
 ⣾ Processing the job 57ms
   ▸ Processed records: ◜
   ▸ Successful records: ◜
   ▸ Failed records: ◜

 Status: ◠
 Job Id: ◠
 Elapsed Time: 748ms

[2K[1A[2K[1A[2K[1A[2K[1A[2K[1A[2K[1A[2K[1A[2K[1A[2K[1A[2K[1A[2K[1A[2K[1A[2K[1A[2K[G
 ───────────────── Importing data ─────────────────

 ✔ Creating ingest job 661ms
 ⣽ Processing the job 89ms
   ▸ Processed records: ◜
   ▸ Successful records: ◜
   ▸ Failed records: ◜

 Status: ◠
 Job Id: ◠
 Elapsed Time: 778ms

[2K[1A[2K[1A[2K[1A[2K[1A[2K[1A[2K[1A[2K[1A[2K[1A[2K[1A[2K[1A[2K[1A[2K[1A[2K[1A[2K[G
 ───────────────── Importing data ─────────────────

 ✔ Creating ingest job 661ms
 ⣽ Processing the job 121ms
   ▸ Processed records: ◠
   ▸ Successful records: ◠
   ▸ Failed records: ◠

 Status: ◝
 Job Id: ◝
 Elapsed Time: 811ms

[2K[1A[2K[1A[2K[1A[2K[1A[2K[1A[2K[1A[2K[1A[2K[1A[2K[1A[2K[1A[2K[1A[2K[1A[2K[1A[2K[G
 ───────────────── Importing data ─────────────────

 ✔ Creating ingest job 661ms
 ⣽ Processing the job 149ms
   ▸ Processed records: ◠
   ▸ Successful records: ◠
   ▸ Failed records: ◠

 Status: ◝
 Job Id: ◝
 Elapsed Time: 838ms

[2K[1A[2K[1A[2K[1A[2K[1A[2K[1A[2K[1A[2K[1A[2K[1A[2K[1A[2K[1A[2K[1A[2K[1A[2K[1A[2K[G
 ───────────────── Importing data ─────────────────

 ✔ Creating ingest job 661ms
 ⣻ Processing the job 179ms
   ▸ Processed records: ◠
   ▸ Successful records: ◠
   ▸ Failed records: ◠

 Status: ◝
 Job Id: ◝
 Elapsed Time: 865ms

[2K[1A[2K[1A[2K[1A[2K[1A[2K[1A[2K[1A[2K[1A[2K[1A[2K[1A[2K[1A[2K[1A[2K[1A[2K[1A[2K[G
 ───────────────── Importing data ─────────────────

 ✔ Creating ingest job 661ms
 ⣻ Processing the job 210ms
   ▸ Processed records: ◝
   ▸ Successful records: ◝
   ▸ Failed records: ◝

 Status: ◞
 Job Id: ◞
 Elapsed Time: 898ms

[2K[1A[2K[1A[2K[1A[2K[1A[2K[1A[2K[1A[2K[1A[2K[1A[2K[1A[2K[1A[2K[1A[2K[1A[2K[1A[2K[G
 ───────────────── Importing data ─────────────────

 ✔ Creating ingest job 661ms
 ⢿ Processing the job 242ms
   ▸ Processed records: ◝
   ▸ Successful records: ◝
   ▸ Failed records: ◝

 Status: ◞
 Job Id: ◞
 Elapsed Time: 930ms

[2K[1A[2K[1A[2K[1A[2K[1A[2K[1A[2K[1A[2K[1A[2K[1A[2K[1A[2K[1A[2K[1A[2K[1A[2K[1A[2K[G
 ───────────────── Importing data ─────────────────

 ✔ Creating ingest job 661ms
 ⢿ Processing the job 269ms
   ▸ Processed records: ◝
   ▸ Successful records: ◝
   ▸ Failed records: ◝

 Status: ◞
 Job Id: ◞
 Elapsed Time: 960ms

[2K[1A[2K[1A[2K[1A[2K[1A[2K[1A[2K[1A[2K[1A[2K[1A[2K[1A[2K[1A[2K[1A[2K[1A[2K[1A[2K[G
 ───────────────── Importing data ─────────────────

 ✔ Creating ingest job 661ms
 ⢿ Processing the job 297ms
   ▸ Processed records: ◞
   ▸ Successful records: ◞
   ▸ Failed records: ◞

 Status: ◡
 Job Id: ◡
 Elapsed Time: 991ms

[2K[1A[2K[1A[2K[1A[2K[1A[2K[1A[2K[1A[2K[1A[2K[1A[2K[1A[2K[1A[2K[1A[2K[1A[2K[1A[2K[G
 ───────────────── Importing data ─────────────────

 ✔ Creating ingest job 661ms
 ⡿ Processing the job 324ms
   ▸ Processed records: ◞
   ▸ Successful records: ◞
   ▸ Failed records: ◞

 Status: ◡
 Job Id: ◡
 Elapsed Time: 1.02s

[2K[1A[2K[1A[2K[1A[2K[1A[2K[1A[2K[1A[2K[1A[2K[1A[2K[1A[2K[1A[2K[1A[2K[1A[2K[1A[2K[G
 ───────────────── Importing data ─────────────────

 ✔ Creating ingest job 661ms
 ⡿ Processing the job 353ms
   ▸ Processed records: ◞
   ▸ Successful records: ◞
   ▸ Failed records: ◞

 Status: ◡
 Job Id: ◡
 Elapsed Time: 1.05s

[2K[1A[2K[1A[2K[1A[2K[1A[2K[1A[2K[1A[2K[1A[2K[1A[2K[1A[2K[1A[2K[1A[2K[1A[2K[1A[2K[G
 ───────────────── Importing data ─────────────────

 ✔ Creating ingest job 661ms
 ⣟ Processing the job 384ms
   ▸ Processed records: ◡
   ▸ Successful records: ◡
   ▸ Failed records: ◡

 Status: ◟
 Job Id: ◟
 Elapsed Time: 1.08s

[2K[1A[2K[1A[2K[1A[2K[1A[2K[1A[2K[1A[2K[1A[2K[1A[2K[1A[2K[1A[2K[1A[2K[1A[2K[1A[2K[G
 ───────────────── Importing data ─────────────────

 ✔ Creating ingest job 661ms
 ⣟ Processing the job 412ms
   ▸ Processed records: ◡
   ▸ Successful records: ◡
   ▸ Failed records: ◡

 Status: ◟
 Job Id: ◟
 Elapsed Time: 1.11s

[2K[1A[2K[1A[2K[1A[2K[1A[2K[1A[2K[1A[2K[1A[2K[1A[2K[1A[2K[1A[2K[1A[2K[1A[2K[1A[2K[G
 ───────────────── Importing data ─────────────────

 ✔ Creating ingest job 661ms
 ⣟ Processing the job 444ms
   ▸ Processed records: ◡
   ▸ Successful records: ◡
   ▸ Failed records: ◡

 Status: ◟
 Job Id: ◟
 Elapsed Time: 1.14s

[2K[1A[2K[1A[2K[1A[2K[1A[2K[1A[2K[1A[2K[1A[2K[1A[2K[1A[2K[1A[2K[1A[2K[1A[2K[1A[2K[G
 ───────────────── Importing data ─────────────────

 ✔ Creating ingest job 661ms
 ⣯ Processing the job 470ms
   ▸ Processed records: ◟
   ▸ Successful records: ◟
   ▸ Failed records: ◟

 Status: ◜
 Job Id: ◜
 Elapsed Time: 1.17s

[2K[1A[2K[1A[2K[1A[2K[1A[2K[1A[2K[1A[2K[1A[2K[1A[2K[1A[2K[1A[2K[1A[2K[1A[2K[1A[2K[G
 ───────────────── Importing data ─────────────────

 ✔ Creating ingest job 661ms
 ⣯ Processing the job 499ms
   ▸ Processed records: ◟
   ▸ Successful records: ◟
   ▸ Failed records: ◟

 Status: ◜
 Job Id: ◜
 Elapsed Time: 1.20s

[2K[1A[2K[1A[2K[1A[2K[1A[2K[1A[2K[1A[2K[1A[2K[1A[2K[1A[2K[1A[2K[1A[2K[1A[2K[1A[2K[G
 ───────────────── Importing data ─────────────────

 ✔ Creating ingest job 661ms
 ⣷ Processing the job 526ms
   ▸ Processed records: ◟
   ▸ Successful records: ◟
   ▸ Failed records: ◟

 Status: ◜
 Job Id: ◜
 Elapsed Time: 1.24s

[2K[1A[2K[1A[2K[1A[2K[1A[2K[1A[2K[1A[2K[1A[2K[1A[2K[1A[2K[1A[2K[1A[2K[1A[2K[1A[2K[G
 ───────────────── Importing data ─────────────────

 ✔ Creating ingest job 661ms
 ⣷ Processing the job 553ms
   ▸ Processed records: ◜
   ▸ Successful records: ◜
   ▸ Failed records: ◜

 Status: ◠
 Job Id: ◠
 Elapsed Time: 1.27s

[2K[1A[2K[1A[2K[1A[2K[1A[2K[1A[2K[1A[2K[1A[2K[1A[2K[1A[2K[1A[2K[1A[2K[1A[2K[1A[2K[G
 ───────────────── Importing data ─────────────────

 ✔ Creating ingest job 661ms
 ⣷ Processing the job 584ms
   ▸ Processed records: ◜
   ▸ Successful records: ◜
   ▸ Failed records: ◜

 Status: ◠
 Job Id: ◠
 Elapsed Time: 1.30s

[2K[1A[2K[1A[2K[1A[2K[1A[2K[1A[2K[1A[2K[1A[2K[1A[2K[1A[2K[1A[2K[1A[2K[1A[2K[1A[2K[G
 ───────────────── Importing data ─────────────────

 ✔ Creating ingest job 661ms
 ⣾ Processing the job 612ms
   ▸ Processed records: ◜
   ▸ Successful records: ◜
   ▸ Failed records: ◜

 Status: ◠
 Job Id: ◠
 Elapsed Time: 1.33s

[2K[1A[2K[1A[2K[1A[2K[1A[2K[1A[2K[1A[2K[1A[2K[1A[2K[1A[2K[1A[2K[1A[2K[1A[2K[1A[2K[G
 ───────────────── Importing data ─────────────────

 ✔ Creating ingest job 661ms
 ⣾ Processing the job 643ms
   ▸ Processed records: ◠
   ▸ Successful records: ◠
   ▸ Failed records: ◠

 Status: ◝
 Job Id: ◝
 Elapsed Time: 1.36s

[2K[1A[2K[1A[2K[1A[2K[1A[2K[1A[2K[1A[2K[1A[2K[1A[2K[1A[2K[1A[2K[1A[2K[1A[2K[1A[2K[G
 ───────────────── Importing data ─────────────────

 ✔ Creating ingest job 661ms
 ⣽ Processing the job 674ms
   ▸ Processed records: ◠
   ▸ Successful records: ◠
   ▸ Failed records: ◠

 Status: ◝
 Job Id: ◝
 Elapsed Time: 1.39s

[2K[1A[2K[1A[2K[1A[2K[1A[2K[1A[2K[1A[2K[1A[2K[1A[2K[1A[2K[1A[2K[1A[2K[1A[2K[1A[2K[G
 ───────────────── Importing data ─────────────────

 ✔ Creating ingest job 661ms
 ⣽ Processing the job 702ms
   ▸ Processed records: ◠
   ▸ Successful records: ◠
   ▸ Failed records: ◠

 Status: ◝
 Job Id: ◝
 Elapsed Time: 1.43s

[2K[1A[2K[1A[2K[1A[2K[1A[2K[1A[2K[1A[2K[1A[2K[1A[2K[1A[2K[1A[2K[1A[2K[1A[2K[1A[2K[G
 ───────────────── Importing data ─────────────────

 ✔ Creating ingest job 661ms
 ⣽ Processing the job 733ms
   ▸ Processed records: ◠
   ▸ Successful records: ◠
   ▸ Failed records: ◠

 Status: ◞
 Job Id: ◞
 Elapsed Time: 1.46s

[2K[1A[2K[1A[2K[1A[2K[1A[2K[1A[2K[1A[2K[1A[2K[1A[2K[1A[2K[1A[2K[1A[2K[1A[2K[1A[2K[G
 ───────────────── Importing data ─────────────────

 ✔ Creating ingest job 661ms
 ⣻ Processing the job 762ms
   ▸ Processed records: ◝
   ▸ Successful records: ◝
   ▸ Failed records: ◝

 Status: ◞
 Job Id: ◞
 Elapsed Time: 1.49s

[2K[1A[2K[1A[2K[1A[2K[1A[2K[1A[2K[1A[2K[1A[2K[1A[2K[1A[2K[1A[2K[1A[2K[1A[2K[1A[2K[G
 ───────────────── Importing data ─────────────────

 ✔ Creating ingest job 661ms
 ⣻ Processing the job 793ms
   ▸ Processed records: ◝
   ▸ Successful records: ◝
   ▸ Failed records: ◝

 Status: ◞
 Job Id: ◞
 Elapsed Time: 1.52s

[2K[1A[2K[1A[2K[1A[2K[1A[2K[1A[2K[1A[2K[1A[2K[1A[2K[1A[2K[1A[2K[1A[2K[1A[2K[1A[2K[G
 ───────────────── Importing data ─────────────────

 ✔ Creating ingest job 661ms
 ⢿ Processing the job 818ms
   ▸ Processed records: ◝
   ▸ Successful records: ◝
   ▸ Failed records: ◝

 Status: ◡
 Job Id: ◞
 Elapsed Time: 1.55s

[2K[1A[2K[1A[2K[1A[2K[1A[2K[1A[2K[1A[2K[1A[2K[1A[2K[1A[2K[1A[2K[1A[2K[1A[2K[1A[2K[G
 ───────────────── Importing data ─────────────────

 ✔ Creating ingest job 661ms
 ⢿ Processing the job 846ms
   ▸ Processed records: ◞
   ▸ Successful records: ◞
   ▸ Failed records: ◞

 Status: ◡
 Job Id: ◡
 Elapsed Time: 1.59s

[2K[1A[2K[1A[2K[1A[2K[1A[2K[1A[2K[1A[2K[1A[2K[1A[2K[1A[2K[1A[2K[1A[2K[1A[2K[1A[2K[G
 ───────────────── Importing data ─────────────────

 ✔ Creating ingest job 661ms
 ⢿ Processing the job 876ms
   ▸ Processed records: ◞
   ▸ Successful records: ◞
   ▸ Failed records: ◞

 Status: ◡
 Job Id: ◡
 Elapsed Time: 1.62s

[2K[1A[2K[1A[2K[1A[2K[1A[2K[1A[2K[1A[2K[1A[2K[1A[2K[1A[2K[1A[2K[1A[2K[1A[2K[1A[2K[G
 ───────────────── Importing data ─────────────────

 ✔ Creating ingest job 661ms
 ⡿ Processing the job 906ms
   ▸ Processed records: ◞
   ▸ Successful records: ◞
   ▸ Failed records: ◞

 Status: ◡
 Job Id: ◡
 Elapsed Time: 1.65s

[2K[1A[2K[1A[2K[1A[2K[1A[2K[1A[2K[1A[2K[1A[2K[1A[2K[1A[2K[1A[2K[1A[2K[1A[2K[1A[2K[G
 ───────────────── Importing data ─────────────────

 ✔ Creating ingest job 661ms
 ⡿ Processing the job 937ms
   ▸ Processed records: ◡
   ▸ Successful records: ◡
   ▸ Failed records: ◡

 Status: ◟
 Job Id: ◟
 Elapsed Time: 1.68s

[2K[1A[2K[1A[2K[1A[2K[1A[2K[1A[2K[1A[2K[1A[2K[1A[2K[1A[2K[1A[2K[1A[2K[1A[2K[1A[2K[G
 ───────────────── Importing data ─────────────────

 ✔ Creating ingest job 661ms
 ⣟ Processing the job 965ms
   ▸ Processed records: ◡
   ▸ Successful records: ◡
   ▸ Failed records: ◡

 Status: ◟
 Job Id: ◟
 Elapsed Time: 1.71s

[2K[1A[2K[1A[2K[1A[2K[1A[2K[1A[2K[1A[2K[1A[2K[1A[2K[1A[2K[1A[2K[1A[2K[1A[2K[1A[2K[G
 ───────────────── Importing data ─────────────────

 ✔ Creating ingest job 661ms
 ⣟ Processing the job 994ms
   ▸ Processed records: ◡
   ▸ Successful records: ◡
   ▸ Failed records: ◡

 Status: ◟
 Job Id: ◟
 Elapsed Time: 1.74s

[2K[1A[2K[1A[2K[1A[2K[1A[2K[1A[2K[1A[2K[1A[2K[1A[2K[1A[2K[1A[2K[1A[2K[1A[2K[1A[2K[G
 ───────────────── Importing data ─────────────────

 ✔ Creating ingest job 661ms
 ⣟ Processing the job 1.02s
   ▸ Processed records: ◟
   ▸ Successful records: ◟
   ▸ Failed records: ◟

 Status: ◜
 Job Id: ◜
 Elapsed Time: 1.77s

[2K[1A[2K[1A[2K[1A[2K[1A[2K[1A[2K[1A[2K[1A[2K[1A[2K[1A[2K[1A[2K[1A[2K[1A[2K[1A[2K[G
 ───────────────── Importing data ─────────────────

 ✔ Creating ingest job 661ms
 ⣯ Processing the job 1.05s
   ▸ Processed records: ◟
   ▸ Successful records: ◟
   ▸ Failed records: ◟

 Status: ◜
 Job Id: ◜
 Elapsed Time: 1.80s

[2K[1A[2K[1A[2K[1A[2K[1A[2K[1A[2K[1A[2K[1A[2K[1A[2K[1A[2K[1A[2K[1A[2K[1A[2K[1A[2K[G
 ───────────────── Importing data ─────────────────

 ✔ Creating ingest job 661ms
 ⣯ Processing the job 1.08s
   ▸ Processed records: ◟
   ▸ Successful records: ◟
   ▸ Failed records: ◟

 Status: ◜
 Job Id: ◜
 Elapsed Time: 1.83s

[2K[1A[2K[1A[2K[1A[2K[1A[2K[1A[2K[1A[2K[1A[2K[1A[2K[1A[2K[1A[2K[1A[2K[1A[2K[1A[2K[G
 ───────────────── Importing data ─────────────────

 ✔ Creating ingest job 661ms
 ⣷ Processing the job 1.11s
   ▸ Processed records: ◜
   ▸ Successful records: ◜
   ▸ Failed records: ◜

 Status: ◠
 Job Id: ◠
 Elapsed Time: 1.86s

[2K[1A[2K[1A[2K[1A[2K[1A[2K[1A[2K[1A[2K[1A[2K[1A[2K[1A[2K[1A[2K[1A[2K[1A[2K[1A[2K[G
 ───────────────── Importing data ─────────────────

 ✔ Creating ingest job 661ms
 ⣷ Processing the job 1.14s
   ▸ Processed records: ◜
   ▸ Successful records: ◜
   ▸ Failed records: ◜

 Status: ◠
 Job Id: ◠
 Elapsed Time: 1.89s

[2K[1A[2K[1A[2K[1A[2K[1A[2K[1A[2K[1A[2K[1A[2K[1A[2K[1A[2K[1A[2K[1A[2K[1A[2K[1A[2K[G
 ───────────────── Importing data ─────────────────

 ✔ Creating ingest job 661ms
 ⣷ Processing the job 1.17s
   ▸ Processed records: ◜
   ▸ Successful records: ◜
   ▸ Failed records: ◜

 Status: ◠
 Job Id: ◠
 Elapsed Time: 1.92s

[2K[1A[2K[1A[2K[1A[2K[1A[2K[1A[2K[1A[2K[1A[2K[1A[2K[1A[2K[1A[2K[1A[2K[1A[2K[1A[2K[G
 ───────────────── Importing data ─────────────────

 ✔ Creating ingest job 661ms
 ⣾ Processing the job 1.20s
   ▸ Processed records: ◠
   ▸ Successful records: ◠
   ▸ Failed records: ◠

 Status: ◝
 Job Id: ◝
 Elapsed Time: 1.96s

[2K[1A[2K[1A[2K[1A[2K[1A[2K[1A[2K[1A[2K[1A[2K[1A[2K[1A[2K[1A[2K[1A[2K[1A[2K[1A[2K[G
 ───────────────── Importing data ─────────────────

 ✔ Creating ingest job 661ms
 ⣾ Processing the job 1.23s
   ▸ Processed records: ◠
   ▸ Successful records: ◠
   ▸ Failed records: ◠

 Status: ◝
 Job Id: ◝
 Elapsed Time: 1.98s

[2K[1A[2K[1A[2K[1A[2K[1A[2K[1A[2K[1A[2K[1A[2K[1A[2K[1A[2K[1A[2K[1A[2K[1A[2K[1A[2K[G
 ───────────────── Importing data ─────────────────

 ✔ Creating ingest job 661ms
 ⣽ Processing the job 1.26s
   ▸ Processed records: ◠
   ▸ Successful records: ◠
   ▸ Failed records: ◠

 Status: ◝
 Job Id: ◝
 Elapsed Time: 2.01s

[2K[1A[2K[1A[2K[1A[2K[1A[2K[1A[2K[1A[2K[1A[2K[1A[2K[1A[2K[1A[2K[1A[2K[1A[2K[1A[2K[G
 ───────────────── Importing data ─────────────────

 ✔ Creating ingest job 661ms
 ⣽ Processing the job 1.29s
   ▸ Processed records: ◝
   ▸ Successful records: ◝
   ▸ Failed records: ◝

 Status: ◞
 Job Id: ◞
 Elapsed Time: 2.04s

[2K[1A[2K[1A[2K[1A[2K[1A[2K[1A[2K[1A[2K[1A[2K[1A[2K[1A[2K[1A[2K[1A[2K[1A[2K[1A[2K[G
 ───────────────── Importing data ─────────────────

 ✔ Creating ingest job 661ms
 ⣽ Processing the job 1.32s
   ▸ Processed records: ◝
   ▸ Successful records: ◝
   ▸ Failed records: ◝

 Status: ◞
 Job Id: ◞
 Elapsed Time: 2.07s

[2K[1A[2K[1A[2K[1A[2K[1A[2K[1A[2K[1A[2K[1A[2K[1A[2K[1A[2K[1A[2K[1A[2K[1A[2K[1A[2K[G
 ───────────────── Importing data ─────────────────

 ✔ Creating ingest job 661ms
 ⣻ Processing the job 1.35s
   ▸ Processed records: ◝
   ▸ Successful records: ◝
   ▸ Failed records: ◝

 Status: ◞
 Job Id: ◞
 Elapsed Time: 2.10s

[2K[1A[2K[1A[2K[1A[2K[1A[2K[1A[2K[1A[2K[1A[2K[1A[2K[1A[2K[1A[2K[1A[2K[1A[2K[1A[2K[G
 ───────────────── Importing data ─────────────────

 ✔ Creating ingest job 661ms
 ⣻ Processing the job 1.38s
   ▸ Processed records: ◞
   ▸ Successful records: ◝
   ▸ Failed records: ◝

 Status: ◡
 Job Id: ◡
 Elapsed Time: 2.13s

[2K[1A[2K[1A[2K[1A[2K[1A[2K[1A[2K[1A[2K[1A[2K[1A[2K[1A[2K[1A[2K[1A[2K[1A[2K[1A[2K[G
 ───────────────── Importing data ─────────────────

 ✔ Creating ingest job 661ms
 ⢿ Processing the job 1.41s
   ▸ Processed records: ◞
   ▸ Successful records: ◞
   ▸ Failed records: ◞

 Status: ◡
 Job Id: ◡
 Elapsed Time: 2.16s

[2K[1A[2K[1A[2K[1A[2K[1A[2K[1A[2K[1A[2K[1A[2K[1A[2K[1A[2K[1A[2K[1A[2K[1A[2K[1A[2K[G
 ───────────────── Importing data ─────────────────

 ✔ Creating ingest job 661ms
 ⢿ Processing the job 1.44s
   ▸ Processed records: ◞
   ▸ Successful records: ◞
   ▸ Failed records: ◞

 Status: ◡
 Job Id: ◡
 Elapsed Time: 2.20s

[2K[1A[2K[1A[2K[1A[2K[1A[2K[1A[2K[1A[2K[1A[2K[1A[2K[1A[2K[1A[2K[1A[2K[1A[2K[1A[2K[G
 ───────────────── Importing data ─────────────────

 ✔ Creating ingest job 661ms
 ⢿ Processing the job 1.46s
   ▸ Processed records: ◞
   ▸ Successful records: ◞
   ▸ Failed records: ◞

 Status: ◟
 Job Id: ◡
 Elapsed Time: 2.23s

[2K[1A[2K[1A[2K[1A[2K[1A[2K[1A[2K[1A[2K[1A[2K[1A[2K[1A[2K[1A[2K[1A[2K[1A[2K[1A[2K[G
 ───────────────── Importing data ─────────────────

 ✔ Creating ingest job 661ms
 ⡿ Processing the job 1.49s
   ▸ Processed records: ◡
   ▸ Successful records: ◡
   ▸ Failed records: ◡

 Status: UploadComplete
 Job Id:
 750ct00000URbqDAAT (https://fortra--mergebuild.sandbox.my.salesforce.com/lightn
 ing/setup/AsyncApiJobStatus/page?address=%2F750ct00000URbqDAAT)
 Elapsed Time: 2.26s

[2K[1A[2K[1A[2K[1A[2K[1A[2K[1A[2K[1A[2K[1A[2K[1A[2K[1A[2K[1A[2K[1A[2K[1A[2K[1A[2K[1A[2K[1A[2K[G
 ───────────────── Importing data ─────────────────

 ✔ Creating ingest job 661ms
 ⡿ Processing the job 1.52s
   ▸ Processed records: ◡
   ▸ Successful records: ◡
   ▸ Failed records: ◡

 Status: UploadComplete
 Job Id:
 750ct00000URbqDAAT (https://fortra--mergebuild.sandbox.my.salesforce.com/lightn
 ing/setup/AsyncApiJobStatus/page?address=%2F750ct00000URbqDAAT)
 Elapsed Time: 2.29s

[2K[1A[2K[1A[2K[1A[2K[1A[2K[1A[2K[1A[2K[1A[2K[1A[2K[1A[2K[1A[2K[1A[2K[1A[2K[1A[2K[1A[2K[1A[2K[G
 ───────────────── Importing data ─────────────────

 ✔ Creating ingest job 661ms
 ⣟ Processing the job 1.55s
   ▸ Processed records: ◡
   ▸ Successful records: ◡
   ▸ Failed records: ◡

 Status: UploadComplete
 Job Id:
 750ct00000URbqDAAT (https://fortra--mergebuild.sandbox.my.salesforce.com/lightn
 ing/setup/AsyncApiJobStatus/page?address=%2F750ct00000URbqDAAT)
 Elapsed Time: 2.32s

[2K[1A[2K[1A[2K[1A[2K[1A[2K[1A[2K[1A[2K[1A[2K[1A[2K[1A[2K[1A[2K[1A[2K[1A[2K[1A[2K[1A[2K[1A[2K[G
 ───────────────── Importing data ─────────────────

 ✔ Creating ingest job 661ms
 ⣟ Processing the job 1.58s
   ▸ Processed records: ◟
   ▸ Successful records: ◟
   ▸ Failed records: ◟

 Status: UploadComplete
 Job Id:
 750ct00000URbqDAAT (https://fortra--mergebuild.sandbox.my.salesforce.com/lightn
 ing/setup/AsyncApiJobStatus/page?address=%2F750ct00000URbqDAAT)
 Elapsed Time: 2.35s

[2K[1A[2K[1A[2K[1A[2K[1A[2K[1A[2K[1A[2K[1A[2K[1A[2K[1A[2K[1A[2K[1A[2K[1A[2K[1A[2K[1A[2K[1A[2K[G
 ───────────────── Importing data ─────────────────

 ✔ Creating ingest job 661ms
 ⣟ Processing the job 1.62s
   ▸ Processed records: ◟
   ▸ Successful records: ◟
   ▸ Failed records: ◟

 Status: UploadComplete
 Job Id:
 750ct00000URbqDAAT (https://fortra--mergebuild.sandbox.my.salesforce.com/lightn
 ing/setup/AsyncApiJobStatus/page?address=%2F750ct00000URbqDAAT)
 Elapsed Time: 2.38s

[2K[1A[2K[1A[2K[1A[2K[1A[2K[1A[2K[1A[2K[1A[2K[1A[2K[1A[2K[1A[2K[1A[2K[1A[2K[1A[2K[1A[2K[1A[2K[G
 ───────────────── Importing data ─────────────────

 ✔ Creating ingest job 661ms
 ⣯ Processing the job 1.64s
   ▸ Processed records: ◟
   ▸ Successful records: ◟
   ▸ Failed records: ◟

 Status: UploadComplete
 Job Id:
 750ct00000URbqDAAT (https://fortra--mergebuild.sandbox.my.salesforce.com/lightn
 ing/setup/AsyncApiJobStatus/page?address=%2F750ct00000URbqDAAT)
 Elapsed Time: 2.41s

[2K[1A[2K[1A[2K[1A[2K[1A[2K[1A[2K[1A[2K[1A[2K[1A[2K[1A[2K[1A[2K[1A[2K[1A[2K[1A[2K[1A[2K[1A[2K[G
 ───────────────── Importing data ─────────────────

 ✔ Creating ingest job 661ms
 ⣯ Processing the job 1.67s
   ▸ Processed records: ◜
   ▸ Successful records: ◜
   ▸ Failed records: ◜

 Status: UploadComplete
 Job Id:
 750ct00000URbqDAAT (https://fortra--mergebuild.sandbox.my.salesforce.com/lightn
 ing/setup/AsyncApiJobStatus/page?address=%2F750ct00000URbqDAAT)
 Elapsed Time: 2.44s

[2K[1A[2K[1A[2K[1A[2K[1A[2K[1A[2K[1A[2K[1A[2K[1A[2K[1A[2K[1A[2K[1A[2K[1A[2K[1A[2K[1A[2K[1A[2K[G
 ───────────────── Importing data ─────────────────

 ✔ Creating ingest job 661ms
 ⣷ Processing the job 1.70s
   ▸ Processed records: ◜
   ▸ Successful records: ◜
   ▸ Failed records: ◜

 Status: UploadComplete
 Job Id:
 750ct00000URbqDAAT (https://fortra--mergebuild.sandbox.my.salesforce.com/lightn
 ing/setup/AsyncApiJobStatus/page?address=%2F750ct00000URbqDAAT)
 Elapsed Time: 2.47s

[2K[1A[2K[1A[2K[1A[2K[1A[2K[1A[2K[1A[2K[1A[2K[1A[2K[1A[2K[1A[2K[1A[2K[1A[2K[1A[2K[1A[2K[1A[2K[G
 ───────────────── Importing data ─────────────────

 ✔ Creating ingest job 661ms
 ⣷ Processing the job 1.74s
   ▸ Processed records: ◜
   ▸ Successful records: ◜
   ▸ Failed records: ◜

 Status: UploadComplete
 Job Id:
 750ct00000URbqDAAT (https://fortra--mergebuild.sandbox.my.salesforce.com/lightn
 ing/setup/AsyncApiJobStatus/page?address=%2F750ct00000URbqDAAT)
 Elapsed Time: 2.50s

[2K[1A[2K[1A[2K[1A[2K[1A[2K[1A[2K[1A[2K[1A[2K[1A[2K[1A[2K[1A[2K[1A[2K[1A[2K[1A[2K[1A[2K[1A[2K[G
 ───────────────── Importing data ─────────────────

 ✔ Creating ingest job 661ms
 ⣷ Processing the job 1.76s
   ▸ Processed records: ◠
   ▸ Successful records: ◠
   ▸ Failed records: ◠

 Status: UploadComplete
 Job Id:
 750ct00000URbqDAAT (https://fortra--mergebuild.sandbox.my.salesforce.com/lightn
 ing/setup/AsyncApiJobStatus/page?address=%2F750ct00000URbqDAAT)
 Elapsed Time: 2.53s

[2K[1A[2K[1A[2K[1A[2K[1A[2K[1A[2K[1A[2K[1A[2K[1A[2K[1A[2K[1A[2K[1A[2K[1A[2K[1A[2K[1A[2K[1A[2K[G
 ───────────────── Importing data ─────────────────

 ✔ Creating ingest job 661ms
 ⣾ Processing the job 1.79s
   ▸ Processed records: ◠
   ▸ Successful records: ◠
   ▸ Failed records: ◠

 Status: UploadComplete
 Job Id:
 750ct00000URbqDAAT (https://fortra--mergebuild.sandbox.my.salesforce.com/lightn
 ing/setup/AsyncApiJobStatus/page?address=%2F750ct00000URbqDAAT)
 Elapsed Time: 2.56s

[2K[1A[2K[1A[2K[1A[2K[1A[2K[1A[2K[1A[2K[1A[2K[1A[2K[1A[2K[1A[2K[1A[2K[1A[2K[1A[2K[1A[2K[1A[2K[G
 ───────────────── Importing data ─────────────────

 ✔ Creating ingest job 661ms
 ⣾ Processing the job 1.83s
   ▸ Processed records: ◠
   ▸ Successful records: ◠
   ▸ Failed records: ◠

 Status: UploadComplete
 Job Id:
 750ct00000URbqDAAT (https://fortra--mergebuild.sandbox.my.salesforce.com/lightn
 ing/setup/AsyncApiJobStatus/page?address=%2F750ct00000URbqDAAT)
 Elapsed Time: 2.59s

[2K[1A[2K[1A[2K[1A[2K[1A[2K[1A[2K[1A[2K[1A[2K[1A[2K[1A[2K[1A[2K[1A[2K[1A[2K[1A[2K[1A[2K[1A[2K[G
 ───────────────── Importing data ─────────────────

 ✔ Creating ingest job 661ms
 ⣽ Processing the job 1.86s
   ▸ Processed records: ◝
   ▸ Successful records: ◝
   ▸ Failed records: ◝

 Status: UploadComplete
 Job Id:
 750ct00000URbqDAAT (https://fortra--mergebuild.sandbox.my.salesforce.com/lightn
 ing/setup/AsyncApiJobStatus/page?address=%2F750ct00000URbqDAAT)
 Elapsed Time: 2.62s

[2K[1A[2K[1A[2K[1A[2K[1A[2K[1A[2K[1A[2K[1A[2K[1A[2K[1A[2K[1A[2K[1A[2K[1A[2K[1A[2K[1A[2K[1A[2K[G
 ───────────────── Importing data ─────────────────

 ✔ Creating ingest job 661ms
 ⣽ Processing the job 1.89s
   ▸ Processed records: ◝
   ▸ Successful records: ◝
   ▸ Failed records: ◝

 Status: UploadComplete
 Job Id:
 750ct00000URbqDAAT (https://fortra--mergebuild.sandbox.my.salesforce.com/lightn
 ing/setup/AsyncApiJobStatus/page?address=%2F750ct00000URbqDAAT)
 Elapsed Time: 2.65s

[2K[1A[2K[1A[2K[1A[2K[1A[2K[1A[2K[1A[2K[1A[2K[1A[2K[1A[2K[1A[2K[1A[2K[1A[2K[1A[2K[1A[2K[1A[2K[G
 ───────────────── Importing data ─────────────────

 ✔ Creating ingest job 661ms
 ⣽ Processing the job 1.92s
   ▸ Processed records: ◝
   ▸ Successful records: ◝
   ▸ Failed records: ◝

 Status: UploadComplete
 Job Id:
 750ct00000URbqDAAT (https://fortra--mergebuild.sandbox.my.salesforce.com/lightn
 ing/setup/AsyncApiJobStatus/page?address=%2F750ct00000URbqDAAT)
 Elapsed Time: 2.69s

[2K[1A[2K[1A[2K[1A[2K[1A[2K[1A[2K[1A[2K[1A[2K[1A[2K[1A[2K[1A[2K[1A[2K[1A[2K[1A[2K[1A[2K[1A[2K[G
 ───────────────── Importing data ─────────────────

 ✔ Creating ingest job 661ms
 ⣻ Processing the job 1.95s
   ▸ Processed records: ◞
   ▸ Successful records: ◞
   ▸ Failed records: ◞

 Status: UploadComplete
 Job Id:
 750ct00000URbqDAAT (https://fortra--mergebuild.sandbox.my.salesforce.com/lightn
 ing/setup/AsyncApiJobStatus/page?address=%2F750ct00000URbqDAAT)
 Elapsed Time: 2.72s

[2K[1A[2K[1A[2K[1A[2K[1A[2K[1A[2K[1A[2K[1A[2K[1A[2K[1A[2K[1A[2K[1A[2K[1A[2K[1A[2K[1A[2K[1A[2K[G
 ───────────────── Importing data ─────────────────

 ✔ Creating ingest job 661ms
 ⣻ Processing the job 1.98s
   ▸ Processed records: ◞
   ▸ Successful records: ◞
   ▸ Failed records: ◞

 Status: UploadComplete
 Job Id:
 750ct00000URbqDAAT (https://fortra--mergebuild.sandbox.my.salesforce.com/lightn
 ing/setup/AsyncApiJobStatus/page?address=%2F750ct00000URbqDAAT)
 Elapsed Time: 2.75s

[2K[1A[2K[1A[2K[1A[2K[1A[2K[1A[2K[1A[2K[1A[2K[1A[2K[1A[2K[1A[2K[1A[2K[1A[2K[1A[2K[1A[2K[1A[2K[G
 ───────────────── Importing data ─────────────────

 ✔ Creating ingest job 661ms
 ⢿ Processing the job 2.01s
   ▸ Processed records: ◞
   ▸ Successful records: ◞
   ▸ Failed records: ◞

 Status: UploadComplete
 Job Id:
 750ct00000URbqDAAT (https://fortra--mergebuild.sandbox.my.salesforce.com/lightn
 ing/setup/AsyncApiJobStatus/page?address=%2F750ct00000URbqDAAT)
 Elapsed Time: 2.77s

[2K[1A[2K[1A[2K[1A[2K[1A[2K[1A[2K[1A[2K[1A[2K[1A[2K[1A[2K[1A[2K[1A[2K[1A[2K[1A[2K[1A[2K[1A[2K[G
 ───────────────── Importing data ─────────────────

 ✔ Creating ingest job 661ms
 ⢿ Processing the job 2.04s
   ▸ Processed records: ◡
   ▸ Successful records: ◡
   ▸ Failed records: ◡

 Status: UploadComplete
 Job Id:
 750ct00000URbqDAAT (https://fortra--mergebuild.sandbox.my.salesforce.com/lightn
 ing/setup/AsyncApiJobStatus/page?address=%2F750ct00000URbqDAAT)
 Elapsed Time: 2.81s

[2K[1A[2K[1A[2K[1A[2K[1A[2K[1A[2K[1A[2K[1A[2K[1A[2K[1A[2K[1A[2K[1A[2K[1A[2K[1A[2K[1A[2K[1A[2K[G
 ───────────────── Importing data ─────────────────

 ✔ Creating ingest job 661ms
 ⢿ Processing the job 2.07s
   ▸ Processed records: ◡
   ▸ Successful records: ◡
   ▸ Failed records: ◡

 Status: UploadComplete
 Job Id:
 750ct00000URbqDAAT (https://fortra--mergebuild.sandbox.my.salesforce.com/lightn
 ing/setup/AsyncApiJobStatus/page?address=%2F750ct00000URbqDAAT)
 Elapsed Time: 2.84s

[2K[1A[2K[1A[2K[1A[2K[1A[2K[1A[2K[1A[2K[1A[2K[1A[2K[1A[2K[1A[2K[1A[2K[1A[2K[1A[2K[1A[2K[1A[2K[G
 ───────────────── Importing data ─────────────────

 ✔ Creating ingest job 661ms
 ⡿ Processing the job 2.10s
   ▸ Processed records: ◡
   ▸ Successful records: ◡
   ▸ Failed records: ◡

 Status: UploadComplete
 Job Id:
 750ct00000URbqDAAT (https://fortra--mergebuild.sandbox.my.salesforce.com/lightn
 ing/setup/AsyncApiJobStatus/page?address=%2F750ct00000URbqDAAT)
 Elapsed Time: 2.87s

[2K[1A[2K[1A[2K[1A[2K[1A[2K[1A[2K[1A[2K[1A[2K[1A[2K[1A[2K[1A[2K[1A[2K[1A[2K[1A[2K[1A[2K[1A[2K[G
 ───────────────── Importing data ─────────────────

 ✔ Creating ingest job 661ms
 ⡿ Processing the job 2.13s
   ▸ Processed records: ◟
   ▸ Successful records: ◟
   ▸ Failed records: ◡

 Status: UploadComplete
 Job Id:
 750ct00000URbqDAAT (https://fortra--mergebuild.sandbox.my.salesforce.com/lightn
 ing/setup/AsyncApiJobStatus/page?address=%2F750ct00000URbqDAAT)
 Elapsed Time: 2.90s

[2K[1A[2K[1A[2K[1A[2K[1A[2K[1A[2K[1A[2K[1A[2K[1A[2K[1A[2K[1A[2K[1A[2K[1A[2K[1A[2K[1A[2K[1A[2K[G
 ───────────────── Importing data ─────────────────

 ✔ Creating ingest job 661ms
 ⣟ Processing the job 2.16s
   ▸ Processed records: ◟
   ▸ Successful records: ◟
   ▸ Failed records: ◟

 Status: UploadComplete
 Job Id:
 750ct00000URbqDAAT (https://fortra--mergebuild.sandbox.my.salesforce.com/lightn
 ing/setup/AsyncApiJobStatus/page?address=%2F750ct00000URbqDAAT)
 Elapsed Time: 2.93s

[2K[1A[2K[1A[2K[1A[2K[1A[2K[1A[2K[1A[2K[1A[2K[1A[2K[1A[2K[1A[2K[1A[2K[1A[2K[1A[2K[1A[2K[1A[2K[G
 ───────────────── Importing data ─────────────────

 ✔ Creating ingest job 661ms
 ⣟ Processing the job 2.20s
   ▸ Processed records: ◟
   ▸ Successful records: ◟
   ▸ Failed records: ◟

 Status: UploadComplete
 Job Id:
 750ct00000URbqDAAT (https://fortra--mergebuild.sandbox.my.salesforce.com/lightn
 ing/setup/AsyncApiJobStatus/page?address=%2F750ct00000URbqDAAT)
 Elapsed Time: 2.96s

[2K[1A[2K[1A[2K[1A[2K[1A[2K[1A[2K[1A[2K[1A[2K[1A[2K[1A[2K[1A[2K[1A[2K[1A[2K[1A[2K[1A[2K[1A[2K[G
 ───────────────── Importing data ─────────────────

 ✔ Creating ingest job 661ms
 ⣟ Processing the job 2.22s
   ▸ Processed records: ◟
   ▸ Successful records: ◟
   ▸ Failed records: ◟

 Status: UploadComplete
 Job Id:
 750ct00000URbqDAAT (https://fortra--mergebuild.sandbox.my.salesforce.com/lightn
 ing/setup/AsyncApiJobStatus/page?address=%2F750ct00000URbqDAAT)
 Elapsed Time: 2.99s

[2K[1A[2K[1A[2K[1A[2K[1A[2K[1A[2K[1A[2K[1A[2K[1A[2K[1A[2K[1A[2K[1A[2K[1A[2K[1A[2K[1A[2K[1A[2K[G
 ───────────────── Importing data ─────────────────

 ✔ Creating ingest job 661ms
 ⣯ Processing the job 2.25s
   ▸ Processed records: ◜
   ▸ Successful records: ◜
   ▸ Failed records: ◜

 Status: UploadComplete
 Job Id:
 750ct00000URbqDAAT (https://fortra--mergebuild.sandbox.my.salesforce.com/lightn
 ing/setup/AsyncApiJobStatus/page?address=%2F750ct00000URbqDAAT)
 Elapsed Time: 3.02s

[2K[1A[2K[1A[2K[1A[2K[1A[2K[1A[2K[1A[2K[1A[2K[1A[2K[1A[2K[1A[2K[1A[2K[1A[2K[1A[2K[1A[2K[1A[2K[G
 ───────────────── Importing data ─────────────────

 ✔ Creating ingest job 661ms
 ⣯ Processing the job 2.27s
   ▸ Processed records: ◜
   ▸ Successful records: ◜
   ▸ Failed records: ◜

 Status: UploadComplete
 Job Id:
 750ct00000URbqDAAT (https://fortra--mergebuild.sandbox.my.salesforce.com/lightn
 ing/setup/AsyncApiJobStatus/page?address=%2F750ct00000URbqDAAT)
 Elapsed Time: 3.05s

[2K[1A[2K[1A[2K[1A[2K[1A[2K[1A[2K[1A[2K[1A[2K[1A[2K[1A[2K[1A[2K[1A[2K[1A[2K[1A[2K[1A[2K[1A[2K[G
 ───────────────── Importing data ─────────────────

 ✔ Creating ingest job 661ms
 ⣷ Processing the job 2.30s
   ▸ Processed records: ◜
   ▸ Successful records: ◜
   ▸ Failed records: ◜

 Status: UploadComplete
 Job Id:
 750ct00000URbqDAAT (https://fortra--mergebuild.sandbox.my.salesforce.com/lightn
 ing/setup/AsyncApiJobStatus/page?address=%2F750ct00000URbqDAAT)
 Elapsed Time: 3.08s

[2K[1A[2K[1A[2K[1A[2K[1A[2K[1A[2K[1A[2K[1A[2K[1A[2K[1A[2K[1A[2K[1A[2K[1A[2K[1A[2K[1A[2K[1A[2K[G
 ───────────────── Importing data ─────────────────

 ✔ Creating ingest job 661ms
 ⣷ Processing the job 2.33s
   ▸ Processed records: ◠
   ▸ Successful records: ◠
   ▸ Failed records: ◠

 Status: UploadComplete
 Job Id:
 750ct00000URbqDAAT (https://fortra--mergebuild.sandbox.my.salesforce.com/lightn
 ing/setup/AsyncApiJobStatus/page?address=%2F750ct00000URbqDAAT)
 Elapsed Time: 3.11s

[2K[1A[2K[1A[2K[1A[2K[1A[2K[1A[2K[1A[2K[1A[2K[1A[2K[1A[2K[1A[2K[1A[2K[1A[2K[1A[2K[1A[2K[1A[2K[G
 ───────────────── Importing data ─────────────────

 ✔ Creating ingest job 661ms
 ⣷ Processing the job 2.36s
   ▸ Processed records: ◠
   ▸ Successful records: ◠
   ▸ Failed records: ◠

 Status: UploadComplete
 Job Id:
 750ct00000URbqDAAT (https://fortra--mergebuild.sandbox.my.salesforce.com/lightn
 ing/setup/AsyncApiJobStatus/page?address=%2F750ct00000URbqDAAT)
 Elapsed Time: 3.14s

[2K[1A[2K[1A[2K[1A[2K[1A[2K[1A[2K[1A[2K[1A[2K[1A[2K[1A[2K[1A[2K[1A[2K[1A[2K[1A[2K[1A[2K[1A[2K[G
 ───────────────── Importing data ─────────────────

 ✔ Creating ingest job 661ms
 ⣾ Processing the job 2.38s
   ▸ Processed records: ◠
   ▸ Successful records: ◠
   ▸ Failed records: ◠

 Status: UploadComplete
 Job Id:
 750ct00000URbqDAAT (https://fortra--mergebuild.sandbox.my.salesforce.com/lightn
 ing/setup/AsyncApiJobStatus/page?address=%2F750ct00000URbqDAAT)
 Elapsed Time: 3.17s

[2K[1A[2K[1A[2K[1A[2K[1A[2K[1A[2K[1A[2K[1A[2K[1A[2K[1A[2K[1A[2K[1A[2K[1A[2K[1A[2K[1A[2K[1A[2K[G
 ───────────────── Importing data ─────────────────

 ✔ Creating ingest job 661ms
 ⣾ Processing the job 2.41s
   ▸ Processed records: ◝
   ▸ Successful records: ◝
   ▸ Failed records: ◝

 Status: UploadComplete
 Job Id:
 750ct00000URbqDAAT (https://fortra--mergebuild.sandbox.my.salesforce.com/lightn
 ing/setup/AsyncApiJobStatus/page?address=%2F750ct00000URbqDAAT)
 Elapsed Time: 3.20s

[2K[1A[2K[1A[2K[1A[2K[1A[2K[1A[2K[1A[2K[1A[2K[1A[2K[1A[2K[1A[2K[1A[2K[1A[2K[1A[2K[1A[2K[1A[2K[G
 ───────────────── Importing data ─────────────────

 ✔ Creating ingest job 661ms
 ⣽ Processing the job 2.45s
   ▸ Processed records: ◝
   ▸ Successful records: ◝
   ▸ Failed records: ◝

 Status: UploadComplete
 Job Id:
 750ct00000URbqDAAT (https://fortra--mergebuild.sandbox.my.salesforce.com/lightn
 ing/setup/AsyncApiJobStatus/page?address=%2F750ct00000URbqDAAT)
 Elapsed Time: 3.23s

[2K[1A[2K[1A[2K[1A[2K[1A[2K[1A[2K[1A[2K[1A[2K[1A[2K[1A[2K[1A[2K[1A[2K[1A[2K[1A[2K[1A[2K[1A[2K[G
 ───────────────── Importing data ─────────────────

 ✔ Creating ingest job 661ms
 ⣽ Processing the job 2.47s
   ▸ Processed records: ◝
   ▸ Successful records: ◝
   ▸ Failed records: ◝

 Status: UploadComplete
 Job Id:
 750ct00000URbqDAAT (https://fortra--mergebuild.sandbox.my.salesforce.com/lightn
 ing/setup/AsyncApiJobStatus/page?address=%2F750ct00000URbqDAAT)
 Elapsed Time: 3.26s

[2K[1A[2K[1A[2K[1A[2K[1A[2K[1A[2K[1A[2K[1A[2K[1A[2K[1A[2K[1A[2K[1A[2K[1A[2K[1A[2K[1A[2K[1A[2K[G
 ───────────────── Importing data ─────────────────

 ✔ Creating ingest job 661ms
 ⣽ Processing the job 2.50s
   ▸ Processed records: ◞
   ▸ Successful records: ◞
   ▸ Failed records: ◞

 Status: UploadComplete
 Job Id:
 750ct00000URbqDAAT (https://fortra--mergebuild.sandbox.my.salesforce.com/lightn
 ing/setup/AsyncApiJobStatus/page?address=%2F750ct00000URbqDAAT)
 Elapsed Time: 3.29s

[2K[1A[2K[1A[2K[1A[2K[1A[2K[1A[2K[1A[2K[1A[2K[1A[2K[1A[2K[1A[2K[1A[2K[1A[2K[1A[2K[1A[2K[1A[2K[G
 ───────────────── Importing data ─────────────────

 ✔ Creating ingest job 661ms
 ⣻ Processing the job 2.53s
   ▸ Processed records: ◞
   ▸ Successful records: ◞
   ▸ Failed records: ◞

 Status: UploadComplete
 Job Id:
 750ct00000URbqDAAT (https://fortra--mergebuild.sandbox.my.salesforce.com/lightn
 ing/setup/AsyncApiJobStatus/page?address=%2F750ct00000URbqDAAT)
 Elapsed Time: 3.32s

[2K[1A[2K[1A[2K[1A[2K[1A[2K[1A[2K[1A[2K[1A[2K[1A[2K[1A[2K[1A[2K[1A[2K[1A[2K[1A[2K[1A[2K[1A[2K[G
 ───────────────── Importing data ─────────────────

 ✔ Creating ingest job 661ms
 ⣻ Processing the job 2.56s
   ▸ Processed records: ◞
   ▸ Successful records: ◞
   ▸ Failed records: ◞

 Status: UploadComplete
 Job Id:
 750ct00000URbqDAAT (https://fortra--mergebuild.sandbox.my.salesforce.com/lightn
 ing/setup/AsyncApiJobStatus/page?address=%2F750ct00000URbqDAAT)
 Elapsed Time: 3.35s

[2K[1A[2K[1A[2K[1A[2K[1A[2K[1A[2K[1A[2K[1A[2K[1A[2K[1A[2K[1A[2K[1A[2K[1A[2K[1A[2K[1A[2K[1A[2K[G
 ───────────────── Importing data ─────────────────

 ✔ Creating ingest job 661ms
 ⢿ Processing the job 2.59s
   ▸ Processed records: ◡
   ▸ Successful records: ◡
   ▸ Failed records: ◡

 Status: UploadComplete
 Job Id:
 750ct00000URbqDAAT (https://fortra--mergebuild.sandbox.my.salesforce.com/lightn
 ing/setup/AsyncApiJobStatus/page?address=%2F750ct00000URbqDAAT)
 Elapsed Time: 3.38s

[2K[1A[2K[1A[2K[1A[2K[1A[2K[1A[2K[1A[2K[1A[2K[1A[2K[1A[2K[1A[2K[1A[2K[1A[2K[1A[2K[1A[2K[1A[2K[G
 ───────────────── Importing data ─────────────────

 ✔ Creating ingest job 661ms
 ⢿ Processing the job 2.62s
   ▸ Processed records: ◡
   ▸ Successful records: ◡
   ▸ Failed records: ◡

 Status: UploadComplete
 Job Id:
 750ct00000URbqDAAT (https://fortra--mergebuild.sandbox.my.salesforce.com/lightn
 ing/setup/AsyncApiJobStatus/page?address=%2F750ct00000URbqDAAT)
 Elapsed Time: 3.40s

[2K[1A[2K[1A[2K[1A[2K[1A[2K[1A[2K[1A[2K[1A[2K[1A[2K[1A[2K[1A[2K[1A[2K[1A[2K[1A[2K[1A[2K[1A[2K[G
 ───────────────── Importing data ─────────────────

 ✔ Creating ingest job 661ms
 ⢿ Processing the job 2.65s
   ▸ Processed records: ◡
   ▸ Successful records: ◡
   ▸ Failed records: ◡

 Status: UploadComplete
 Job Id:
 750ct00000URbqDAAT (https://fortra--mergebuild.sandbox.my.salesforce.com/lightn
 ing/setup/AsyncApiJobStatus/page?address=%2F750ct00000URbqDAAT)
 Elapsed Time: 3.43s

[2K[1A[2K[1A[2K[1A[2K[1A[2K[1A[2K[1A[2K[1A[2K[1A[2K[1A[2K[1A[2K[1A[2K[1A[2K[1A[2K[1A[2K[1A[2K[G
 ───────────────── Importing data ─────────────────

 ✔ Creating ingest job 661ms
 ⡿ Processing the job 2.67s
   ▸ Processed records: ◟
   ▸ Successful records: ◟
   ▸ Failed records: ◟

 Status: UploadComplete
 Job Id:
 750ct00000URbqDAAT (https://fortra--mergebuild.sandbox.my.salesforce.com/lightn
 ing/setup/AsyncApiJobStatus/page?address=%2F750ct00000URbqDAAT)
 Elapsed Time: 3.47s

[2K[1A[2K[1A[2K[1A[2K[1A[2K[1A[2K[1A[2K[1A[2K[1A[2K[1A[2K[1A[2K[1A[2K[1A[2K[1A[2K[1A[2K[1A[2K[G
 ───────────────── Importing data ─────────────────

 ✔ Creating ingest job 661ms
 ⡿ Processing the job 2.70s
   ▸ Processed records: ◟
   ▸ Successful records: ◟
   ▸ Failed records: ◟

 Status: UploadComplete
 Job Id:
 750ct00000URbqDAAT (https://fortra--mergebuild.sandbox.my.salesforce.com/lightn
 ing/setup/AsyncApiJobStatus/page?address=%2F750ct00000URbqDAAT)
 Elapsed Time: 3.50s

[2K[1A[2K[1A[2K[1A[2K[1A[2K[1A[2K[1A[2K[1A[2K[1A[2K[1A[2K[1A[2K[1A[2K[1A[2K[1A[2K[1A[2K[1A[2K[G
 ───────────────── Importing data ─────────────────

 ✔ Creating ingest job 661ms
 ⣟ Processing the job 2.74s
   ▸ Processed records: ◟
   ▸ Successful records: ◟
   ▸ Failed records: ◟

 Status: UploadComplete
 Job Id:
 750ct00000URbqDAAT (https://fortra--mergebuild.sandbox.my.salesforce.com/lightn
 ing/setup/AsyncApiJobStatus/page?address=%2F750ct00000URbqDAAT)
 Elapsed Time: 3.53s

[2K[1A[2K[1A[2K[1A[2K[1A[2K[1A[2K[1A[2K[1A[2K[1A[2K[1A[2K[1A[2K[1A[2K[1A[2K[1A[2K[1A[2K[1A[2K[G
 ───────────────── Importing data ─────────────────

 ✔ Creating ingest job 661ms
 ⣟ Processing the job 2.77s
   ▸ Processed records: ◜
   ▸ Successful records: ◜
   ▸ Failed records: ◜

 Status: UploadComplete
 Job Id:
 750ct00000URbqDAAT (https://fortra--mergebuild.sandbox.my.salesforce.com/lightn
 ing/setup/AsyncApiJobStatus/page?address=%2F750ct00000URbqDAAT)
 Elapsed Time: 3.56s

[2K[1A[2K[1A[2K[1A[2K[1A[2K[1A[2K[1A[2K[1A[2K[1A[2K[1A[2K[1A[2K[1A[2K[1A[2K[1A[2K[1A[2K[1A[2K[G
 ───────────────── Importing data ─────────────────

 ✔ Creating ingest job 661ms
 ⣟ Processing the job 2.79s
   ▸ Processed records: ◜
   ▸ Successful records: ◜
   ▸ Failed records: ◜

 Status: UploadComplete
 Job Id:
 750ct00000URbqDAAT (https://fortra--mergebuild.sandbox.my.salesforce.com/lightn
 ing/setup/AsyncApiJobStatus/page?address=%2F750ct00000URbqDAAT)
 Elapsed Time: 3.59s

[2K[1A[2K[1A[2K[1A[2K[1A[2K[1A[2K[1A[2K[1A[2K[1A[2K[1A[2K[1A[2K[1A[2K[1A[2K[1A[2K[1A[2K[1A[2K[G
 ───────────────── Importing data ─────────────────

 ✔ Creating ingest job 661ms
 ⣯ Processing the job 2.83s
   ▸ Processed records: ◜
   ▸ Successful records: ◜
   ▸ Failed records: ◜

 Status: UploadComplete
 Job Id:
 750ct00000URbqDAAT (https://fortra--mergebuild.sandbox.my.salesforce.com/lightn
 ing/setup/AsyncApiJobStatus/page?address=%2F750ct00000URbqDAAT)
 Elapsed Time: 3.62s

[2K[1A[2K[1A[2K[1A[2K[1A[2K[1A[2K[1A[2K[1A[2K[1A[2K[1A[2K[1A[2K[1A[2K[1A[2K[1A[2K[1A[2K[1A[2K[G
 ───────────────── Importing data ─────────────────

 ✔ Creating ingest job 661ms
 ⣯ Processing the job 2.86s
   ▸ Processed records: ◠
   ▸ Successful records: ◠
   ▸ Failed records: ◜

 Status: UploadComplete
 Job Id:
 750ct00000URbqDAAT (https://fortra--mergebuild.sandbox.my.salesforce.com/lightn
 ing/setup/AsyncApiJobStatus/page?address=%2F750ct00000URbqDAAT)
 Elapsed Time: 3.65s

[2K[1A[2K[1A[2K[1A[2K[1A[2K[1A[2K[1A[2K[1A[2K[1A[2K[1A[2K[1A[2K[1A[2K[1A[2K[1A[2K[1A[2K[1A[2K[G
 ───────────────── Importing data ─────────────────

 ✔ Creating ingest job 661ms
 ⣷ Processing the job 2.89s
   ▸ Processed records: ◠
   ▸ Successful records: ◠
   ▸ Failed records: ◠

 Status: UploadComplete
 Job Id:
 750ct00000URbqDAAT (https://fortra--mergebuild.sandbox.my.salesforce.com/lightn
 ing/setup/AsyncApiJobStatus/page?address=%2F750ct00000URbqDAAT)
 Elapsed Time: 3.68s

[2K[1A[2K[1A[2K[1A[2K[1A[2K[1A[2K[1A[2K[1A[2K[1A[2K[1A[2K[1A[2K[1A[2K[1A[2K[1A[2K[1A[2K[1A[2K[G
 ───────────────── Importing data ─────────────────

 ✔ Creating ingest job 661ms
 ⣷ Processing the job 2.92s
   ▸ Processed records: ◠
   ▸ Successful records: ◠
   ▸ Failed records: ◠

 Status: UploadComplete
 Job Id:
 750ct00000URbqDAAT (https://fortra--mergebuild.sandbox.my.salesforce.com/lightn
 ing/setup/AsyncApiJobStatus/page?address=%2F750ct00000URbqDAAT)
 Elapsed Time: 3.71s

[2K[1A[2K[1A[2K[1A[2K[1A[2K[1A[2K[1A[2K[1A[2K[1A[2K[1A[2K[1A[2K[1A[2K[1A[2K[1A[2K[1A[2K[1A[2K[G
 ───────────────── Importing data ─────────────────

 ✔ Creating ingest job 661ms
 ⣷ Processing the job 2.95s
   ▸ Processed records: ◠
   ▸ Successful records: ◠
   ▸ Failed records: ◠

 Status: UploadComplete
 Job Id:
 750ct00000URbqDAAT (https://fortra--mergebuild.sandbox.my.salesforce.com/lightn
 ing/setup/AsyncApiJobStatus/page?address=%2F750ct00000URbqDAAT)
 Elapsed Time: 3.74s

[2K[1A[2K[1A[2K[1A[2K[1A[2K[1A[2K[1A[2K[1A[2K[1A[2K[1A[2K[1A[2K[1A[2K[1A[2K[1A[2K[1A[2K[1A[2K[G
 ───────────────── Importing data ─────────────────

 ✔ Creating ingest job 661ms
 ⣾ Processing the job 2.97s
   ▸ Processed records: ◝
   ▸ Successful records: ◝
   ▸ Failed records: ◝

 Status: UploadComplete
 Job Id:
 750ct00000URbqDAAT (https://fortra--mergebuild.sandbox.my.salesforce.com/lightn
 ing/setup/AsyncApiJobStatus/page?address=%2F750ct00000URbqDAAT)
 Elapsed Time: 3.78s

[2K[1A[2K[1A[2K[1A[2K[1A[2K[1A[2K[1A[2K[1A[2K[1A[2K[1A[2K[1A[2K[1A[2K[1A[2K[1A[2K[1A[2K[1A[2K[G
 ───────────────── Importing data ─────────────────

 ✔ Creating ingest job 661ms
 ⣾ Processing the job 3.02s
   ▸ Processed records: ◝
   ▸ Successful records: ◝
   ▸ Failed records: ◝

 Status: UploadComplete
 Job Id:
 750ct00000URbqDAAT (https://fortra--mergebuild.sandbox.my.salesforce.com/lightn
 ing/setup/AsyncApiJobStatus/page?address=%2F750ct00000URbqDAAT)
 Elapsed Time: 3.81s

[2K[1A[2K[1A[2K[1A[2K[1A[2K[1A[2K[1A[2K[1A[2K[1A[2K[1A[2K[1A[2K[1A[2K[1A[2K[1A[2K[1A[2K[1A[2K[G
 ───────────────── Importing data ─────────────────

 ✔ Creating ingest job 661ms
 ⣽ Processing the job 3.05s
   ▸ Processed records: ◞
   ▸ Successful records: ◞
   ▸ Failed records: ◝

 Status: UploadComplete
 Job Id:
 750ct00000URbqDAAT (https://fortra--mergebuild.sandbox.my.salesforce.com/lightn
 ing/setup/AsyncApiJobStatus/page?address=%2F750ct00000URbqDAAT)
 Elapsed Time: 3.84s

[2K[1A[2K[1A[2K[1A[2K[1A[2K[1A[2K[1A[2K[1A[2K[1A[2K[1A[2K[1A[2K[1A[2K[1A[2K[1A[2K[1A[2K[1A[2K[G
 ───────────────── Importing data ─────────────────

 ✔ Creating ingest job 661ms
 ⣽ Processing the job 3.08s
   ▸ Processed records: ◞
   ▸ Successful records: ◞
   ▸ Failed records: ◞

 Status: UploadComplete
 Job Id:
 750ct00000URbqDAAT (https://fortra--mergebuild.sandbox.my.salesforce.com/lightn
 ing/setup/AsyncApiJobStatus/page?address=%2F750ct00000URbqDAAT)
 Elapsed Time: 3.87s

[2K[1A[2K[1A[2K[1A[2K[1A[2K[1A[2K[1A[2K[1A[2K[1A[2K[1A[2K[1A[2K[1A[2K[1A[2K[1A[2K[1A[2K[1A[2K[G
 ───────────────── Importing data ─────────────────

 ✔ Creating ingest job 661ms
 ⣽ Processing the job 3.11s
   ▸ Processed records: ◞
   ▸ Successful records: ◞
   ▸ Failed records: ◞

 Status: UploadComplete
 Job Id:
 750ct00000URbqDAAT (https://fortra--mergebuild.sandbox.my.salesforce.com/lightn
 ing/setup/AsyncApiJobStatus/page?address=%2F750ct00000URbqDAAT)
 Elapsed Time: 3.90s

[2K[1A[2K[1A[2K[1A[2K[1A[2K[1A[2K[1A[2K[1A[2K[1A[2K[1A[2K[1A[2K[1A[2K[1A[2K[1A[2K[1A[2K[1A[2K[G
 ───────────────── Importing data ─────────────────

 ✔ Creating ingest job 661ms
 ⣻ Processing the job 3.14s
   ▸ Processed records: ◞
   ▸ Successful records: ◞
   ▸ Failed records: ◞

 Status: UploadComplete
 Job Id:
 750ct00000URbqDAAT (https://fortra--mergebuild.sandbox.my.salesforce.com/lightn
 ing/setup/AsyncApiJobStatus/page?address=%2F750ct00000URbqDAAT)
 Elapsed Time: 3.93s

[2K[1A[2K[1A[2K[1A[2K[1A[2K[1A[2K[1A[2K[1A[2K[1A[2K[1A[2K[1A[2K[1A[2K[1A[2K[1A[2K[1A[2K[1A[2K[G
 ───────────────── Importing data ─────────────────

 ✔ Creating ingest job 661ms
 ⣻ Processing the job 3.16s
   ▸ Processed records: ◡
   ▸ Successful records: ◡
   ▸ Failed records: ◡

 Status: UploadComplete
 Job Id:
 750ct00000URbqDAAT (https://fortra--mergebuild.sandbox.my.salesforce.com/lightn
 ing/setup/AsyncApiJobStatus/page?address=%2F750ct00000URbqDAAT)
 Elapsed Time: 3.96s

[2K[1A[2K[1A[2K[1A[2K[1A[2K[1A[2K[1A[2K[1A[2K[1A[2K[1A[2K[1A[2K[1A[2K[1A[2K[1A[2K[1A[2K[1A[2K[G
 ───────────────── Importing data ─────────────────

 ✔ Creating ingest job 661ms
 ⢿ Processing the job 3.20s
   ▸ Processed records: ◡
   ▸ Successful records: ◡
   ▸ Failed records: ◡

 Status: UploadComplete
 Job Id:
 750ct00000URbqDAAT (https://fortra--mergebuild.sandbox.my.salesforce.com/lightn
 ing/setup/AsyncApiJobStatus/page?address=%2F750ct00000URbqDAAT)
 Elapsed Time: 3.99s

[2K[1A[2K[1A[2K[1A[2K[1A[2K[1A[2K[1A[2K[1A[2K[1A[2K[1A[2K[1A[2K[1A[2K[1A[2K[1A[2K[1A[2K[1A[2K[G
 ───────────────── Importing data ─────────────────

 ✔ Creating ingest job 661ms
 ⢿ Processing the job 3.22s
   ▸ Processed records: ◡
   ▸ Successful records: ◡
   ▸ Failed records: ◡

 Status: UploadComplete
 Job Id:
 750ct00000URbqDAAT (https://fortra--mergebuild.sandbox.my.salesforce.com/lightn
 ing/setup/AsyncApiJobStatus/page?address=%2F750ct00000URbqDAAT)
 Elapsed Time: 4.02s

[2K[1A[2K[1A[2K[1A[2K[1A[2K[1A[2K[1A[2K[1A[2K[1A[2K[1A[2K[1A[2K[1A[2K[1A[2K[1A[2K[1A[2K[1A[2K[G
 ───────────────── Importing data ─────────────────

 ✔ Creating ingest job 661ms
 ⢿ Processing the job 3.26s
   ▸ Processed records: ◟
   ▸ Successful records: ◟
   ▸ Failed records: ◟

 Status: UploadComplete
 Job Id:
 750ct00000URbqDAAT (https://fortra--mergebuild.sandbox.my.salesforce.com/lightn
 ing/setup/AsyncApiJobStatus/page?address=%2F750ct00000URbqDAAT)
 Elapsed Time: 4.04s

[2K[1A[2K[1A[2K[1A[2K[1A[2K[1A[2K[1A[2K[1A[2K[1A[2K[1A[2K[1A[2K[1A[2K[1A[2K[1A[2K[1A[2K[1A[2K[G
 ───────────────── Importing data ─────────────────

 ✔ Creating ingest job 661ms
 ⡿ Processing the job 3.29s
   ▸ Processed records: ◟
   ▸ Successful records: ◟
   ▸ Failed records: ◟

 Status: UploadComplete
 Job Id:
 750ct00000URbqDAAT (https://fortra--mergebuild.sandbox.my.salesforce.com/lightn
 ing/setup/AsyncApiJobStatus/page?address=%2F750ct00000URbqDAAT)
 Elapsed Time: 4.08s

[2K[1A[2K[1A[2K[1A[2K[1A[2K[1A[2K[1A[2K[1A[2K[1A[2K[1A[2K[1A[2K[1A[2K[1A[2K[1A[2K[1A[2K[1A[2K[G
 ───────────────── Importing data ─────────────────

 ✔ Creating ingest job 661ms
 ⡿ Processing the job 3.32s
   ▸ Processed records: ◟
   ▸ Successful records: ◟
   ▸ Failed records: ◟

 Status: UploadComplete
 Job Id:
 750ct00000URbqDAAT (https://fortra--mergebuild.sandbox.my.salesforce.com/lightn
 ing/setup/AsyncApiJobStatus/page?address=%2F750ct00000URbqDAAT)
 Elapsed Time: 4.11s

[2K[1A[2K[1A[2K[1A[2K[1A[2K[1A[2K[1A[2K[1A[2K[1A[2K[1A[2K[1A[2K[1A[2K[1A[2K[1A[2K[1A[2K[1A[2K[G
 ───────────────── Importing data ─────────────────

 ✔ Creating ingest job 661ms
 ⣟ Processing the job 3.35s
   ▸ Processed records: ◜
   ▸ Successful records: ◜
   ▸ Failed records: ◜

 Status: UploadComplete
 Job Id:
 750ct00000URbqDAAT (https://fortra--mergebuild.sandbox.my.salesforce.com/lightn
 ing/setup/AsyncApiJobStatus/page?address=%2F750ct00000URbqDAAT)
 Elapsed Time: 4.13s

[2K[1A[2K[1A[2K[1A[2K[1A[2K[1A[2K[1A[2K[1A[2K[1A[2K[1A[2K[1A[2K[1A[2K[1A[2K[1A[2K[1A[2K[1A[2K[G
 ───────────────── Importing data ─────────────────

 ✔ Creating ingest job 661ms
 ⣟ Processing the job 3.38s
   ▸ Processed records: ◜
   ▸ Successful records: ◜
   ▸ Failed records: ◜

 Status: UploadComplete
 Job Id:
 750ct00000URbqDAAT (https://fortra--mergebuild.sandbox.my.salesforce.com/lightn
 ing/setup/AsyncApiJobStatus/page?address=%2F750ct00000URbqDAAT)
 Elapsed Time: 4.16s

[2K[1A[2K[1A[2K[1A[2K[1A[2K[1A[2K[1A[2K[1A[2K[1A[2K[1A[2K[1A[2K[1A[2K[1A[2K[1A[2K[1A[2K[1A[2K[G
 ───────────────── Importing data ─────────────────

 ✔ Creating ingest job 661ms
 ⣟ Processing the job 3.41s
   ▸ Processed records: ◜
   ▸ Successful records: ◜
   ▸ Failed records: ◜

 Status: UploadComplete
 Job Id:
 750ct00000URbqDAAT (https://fortra--mergebuild.sandbox.my.salesforce.com/lightn
 ing/setup/AsyncApiJobStatus/page?address=%2F750ct00000URbqDAAT)
 Elapsed Time: 4.20s

[2K[1A[2K[1A[2K[1A[2K[1A[2K[1A[2K[1A[2K[1A[2K[1A[2K[1A[2K[1A[2K[1A[2K[1A[2K[1A[2K[1A[2K[1A[2K[G
 ───────────────── Importing data ─────────────────

 ✔ Creating ingest job 661ms
 ⣯ Processing the job 3.44s
   ▸ Processed records: ◠
   ▸ Successful records: ◠
   ▸ Failed records: ◠

 Status: UploadComplete
 Job Id:
 750ct00000URbqDAAT (https://fortra--mergebuild.sandbox.my.salesforce.com/lightn
 ing/setup/AsyncApiJobStatus/page?address=%2F750ct00000URbqDAAT)
 Elapsed Time: 4.22s

[2K[1A[2K[1A[2K[1A[2K[1A[2K[1A[2K[1A[2K[1A[2K[1A[2K[1A[2K[1A[2K[1A[2K[1A[2K[1A[2K[1A[2K[1A[2K[G
 ───────────────── Importing data ─────────────────

 ✔ Creating ingest job 661ms
 ⣯ Processing the job 3.47s
   ▸ Processed records: ◠
   ▸ Successful records: ◠
   ▸ Failed records: ◠

 Status: UploadComplete
 Job Id:
 750ct00000URbqDAAT (https://fortra--mergebuild.sandbox.my.salesforce.com/lightn
 ing/setup/AsyncApiJobStatus/page?address=%2F750ct00000URbqDAAT)
 Elapsed Time: 4.25s

[2K[1A[2K[1A[2K[1A[2K[1A[2K[1A[2K[1A[2K[1A[2K[1A[2K[1A[2K[1A[2K[1A[2K[1A[2K[1A[2K[1A[2K[1A[2K[G
 ───────────────── Importing data ─────────────────

 ✔ Creating ingest job 661ms
 ⣷ Processing the job 3.50s
   ▸ Processed records: ◠
   ▸ Successful records: ◠
   ▸ Failed records: ◠

 Status: UploadComplete
 Job Id:
 750ct00000URbqDAAT (https://fortra--mergebuild.sandbox.my.salesforce.com/lightn
 ing/setup/AsyncApiJobStatus/page?address=%2F750ct00000URbqDAAT)
 Elapsed Time: 4.28s

[2K[1A[2K[1A[2K[1A[2K[1A[2K[1A[2K[1A[2K[1A[2K[1A[2K[1A[2K[1A[2K[1A[2K[1A[2K[1A[2K[1A[2K[1A[2K[G
 ───────────────── Importing data ─────────────────

 ✔ Creating ingest job 661ms
 ⣷ Processing the job 3.53s
   ▸ Processed records: ◝
   ▸ Successful records: ◝
   ▸ Failed records: ◝

 Status: UploadComplete
 Job Id:
 750ct00000URbqDAAT (https://fortra--mergebuild.sandbox.my.salesforce.com/lightn
 ing/setup/AsyncApiJobStatus/page?address=%2F750ct00000URbqDAAT)
 Elapsed Time: 4.31s

[2K[1A[2K[1A[2K[1A[2K[1A[2K[1A[2K[1A[2K[1A[2K[1A[2K[1A[2K[1A[2K[1A[2K[1A[2K[1A[2K[1A[2K[1A[2K[G
 ───────────────── Importing data ─────────────────

 ✔ Creating ingest job 661ms
 ⣷ Processing the job 3.56s
   ▸ Processed records: ◝
   ▸ Successful records: ◝
   ▸ Failed records: ◝

 Status: UploadComplete
 Job Id:
 750ct00000URbqDAAT (https://fortra--mergebuild.sandbox.my.salesforce.com/lightn
 ing/setup/AsyncApiJobStatus/page?address=%2F750ct00000URbqDAAT)
 Elapsed Time: 4.33s

[2K[1A[2K[1A[2K[1A[2K[1A[2K[1A[2K[1A[2K[1A[2K[1A[2K[1A[2K[1A[2K[1A[2K[1A[2K[1A[2K[1A[2K[1A[2K[G
 ───────────────── Importing data ─────────────────

 ✔ Creating ingest job 661ms
 ⣾ Processing the job 3.58s
   ▸ Processed records: ◝
   ▸ Successful records: ◝
   ▸ Failed records: ◝

 Status: UploadComplete
 Job Id:
 750ct00000URbqDAAT (https://fortra--mergebuild.sandbox.my.salesforce.com/lightn
 ing/setup/AsyncApiJobStatus/page?address=%2F750ct00000URbqDAAT)
 Elapsed Time: 4.36s

[2K[1A[2K[1A[2K[1A[2K[1A[2K[1A[2K[1A[2K[1A[2K[1A[2K[1A[2K[1A[2K[1A[2K[1A[2K[1A[2K[1A[2K[1A[2K[G
 ───────────────── Importing data ─────────────────

 ✔ Creating ingest job 661ms
 ⣾ Processing the job 3.61s
   ▸ Processed records: ◞
   ▸ Successful records: ◞
   ▸ Failed records: ◞

 Status: UploadComplete
 Job Id:
 750ct00000URbqDAAT (https://fortra--mergebuild.sandbox.my.salesforce.com/lightn
 ing/setup/AsyncApiJobStatus/page?address=%2F750ct00000URbqDAAT)
 Elapsed Time: 4.40s

[2K[1A[2K[1A[2K[1A[2K[1A[2K[1A[2K[1A[2K[1A[2K[1A[2K[1A[2K[1A[2K[1A[2K[1A[2K[1A[2K[1A[2K[1A[2K[G
 ───────────────── Importing data ─────────────────

 ✔ Creating ingest job 661ms
 ⣽ Processing the job 3.64s
   ▸ Processed records: ◞
   ▸ Successful records: ◞
   ▸ Failed records: ◞

 Status: UploadComplete
 Job Id:
 750ct00000URbqDAAT (https://fortra--mergebuild.sandbox.my.salesforce.com/lightn
 ing/setup/AsyncApiJobStatus/page?address=%2F750ct00000URbqDAAT)
 Elapsed Time: 4.42s

[2K[1A[2K[1A[2K[1A[2K[1A[2K[1A[2K[1A[2K[1A[2K[1A[2K[1A[2K[1A[2K[1A[2K[1A[2K[1A[2K[1A[2K[1A[2K[G
 ───────────────── Importing data ─────────────────

 ✔ Creating ingest job 661ms
 ⣽ Processing the job 3.67s
   ▸ Processed records: ◞
   ▸ Successful records: ◞
   ▸ Failed records: ◞

 Status: UploadComplete
 Job Id:
 750ct00000URbqDAAT (https://fortra--mergebuild.sandbox.my.salesforce.com/lightn
 ing/setup/AsyncApiJobStatus/page?address=%2F750ct00000URbqDAAT)
 Elapsed Time: 4.45s

[2K[1A[2K[1A[2K[1A[2K[1A[2K[1A[2K[1A[2K[1A[2K[1A[2K[1A[2K[1A[2K[1A[2K[1A[2K[1A[2K[1A[2K[1A[2K[G
 ───────────────── Importing data ─────────────────

 ✔ Creating ingest job 661ms
 ⣽ Processing the job 3.71s
   ▸ Processed records: ◡
   ▸ Successful records: ◡
   ▸ Failed records: ◞

 Status: UploadComplete
 Job Id:
 750ct00000URbqDAAT (https://fortra--mergebuild.sandbox.my.salesforce.com/lightn
 ing/setup/AsyncApiJobStatus/page?address=%2F750ct00000URbqDAAT)
 Elapsed Time: 4.48s

[2K[1A[2K[1A[2K[1A[2K[1A[2K[1A[2K[1A[2K[1A[2K[1A[2K[1A[2K[1A[2K[1A[2K[1A[2K[1A[2K[1A[2K[1A[2K[G
 ───────────────── Importing data ─────────────────

 ✔ Creating ingest job 661ms
 ⣻ Processing the job 3.73s
   ▸ Processed records: ◡
   ▸ Successful records: ◡
   ▸ Failed records: ◡

 Status: UploadComplete
 Job Id:
 750ct00000URbqDAAT (https://fortra--mergebuild.sandbox.my.salesforce.com/lightn
 ing/setup/AsyncApiJobStatus/page?address=%2F750ct00000URbqDAAT)
 Elapsed Time: 4.51s

[2K[1A[2K[1A[2K[1A[2K[1A[2K[1A[2K[1A[2K[1A[2K[1A[2K[1A[2K[1A[2K[1A[2K[1A[2K[1A[2K[1A[2K[1A[2K[G
 ───────────────── Importing data ─────────────────

 ✔ Creating ingest job 661ms
 ⣻ Processing the job 3.76s
   ▸ Processed records: ◡
   ▸ Successful records: ◡
   ▸ Failed records: ◡

 Status: UploadComplete
 Job Id:
 750ct00000URbqDAAT (https://fortra--mergebuild.sandbox.my.salesforce.com/lightn
 ing/setup/AsyncApiJobStatus/page?address=%2F750ct00000URbqDAAT)
 Elapsed Time: 4.54s

[2K[1A[2K[1A[2K[1A[2K[1A[2K[1A[2K[1A[2K[1A[2K[1A[2K[1A[2K[1A[2K[1A[2K[1A[2K[1A[2K[1A[2K[1A[2K[G
 ───────────────── Importing data ─────────────────

 ✔ Creating ingest job 661ms
 ⢿ Processing the job 3.79s
   ▸ Processed records: ◡
   ▸ Successful records: ◡
   ▸ Failed records: ◡

 Status: UploadComplete
 Job Id:
 750ct00000URbqDAAT (https://fortra--mergebuild.sandbox.my.salesforce.com/lightn
 ing/setup/AsyncApiJobStatus/page?address=%2F750ct00000URbqDAAT)
 Elapsed Time: 4.57s

[2K[1A[2K[1A[2K[1A[2K[1A[2K[1A[2K[1A[2K[1A[2K[1A[2K[1A[2K[1A[2K[1A[2K[1A[2K[1A[2K[1A[2K[1A[2K[G
 ───────────────── Importing data ─────────────────

 ✔ Creating ingest job 661ms
 ⢿ Processing the job 3.83s
   ▸ Processed records: ◟
   ▸ Successful records: ◟
   ▸ Failed records: ◟

 Status: UploadComplete
 Job Id:
 750ct00000URbqDAAT (https://fortra--mergebuild.sandbox.my.salesforce.com/lightn
 ing/setup/AsyncApiJobStatus/page?address=%2F750ct00000URbqDAAT)
 Elapsed Time: 4.60s

[2K[1A[2K[1A[2K[1A[2K[1A[2K[1A[2K[1A[2K[1A[2K[1A[2K[1A[2K[1A[2K[1A[2K[1A[2K[1A[2K[1A[2K[1A[2K[G
 ───────────────── Importing data ─────────────────

 ✔ Creating ingest job 661ms
 ⢿ Processing the job 3.86s
   ▸ Processed records: ◟
   ▸ Successful records: ◟
   ▸ Failed records: ◟

 Status: UploadComplete
 Job Id:
 750ct00000URbqDAAT (https://fortra--mergebuild.sandbox.my.salesforce.com/lightn
 ing/setup/AsyncApiJobStatus/page?address=%2F750ct00000URbqDAAT)
 Elapsed Time: 4.63s

[2K[1A[2K[1A[2K[1A[2K[1A[2K[1A[2K[1A[2K[1A[2K[1A[2K[1A[2K[1A[2K[1A[2K[1A[2K[1A[2K[1A[2K[1A[2K[G
 ───────────────── Importing data ─────────────────

 ✔ Creating ingest job 661ms
 ⡿ Processing the job 3.89s
   ▸ Processed records: ◟
   ▸ Successful records: ◟
   ▸ Failed records: ◟

 Status: UploadComplete
 Job Id:
 750ct00000URbqDAAT (https://fortra--mergebuild.sandbox.my.salesforce.com/lightn
 ing/setup/AsyncApiJobStatus/page?address=%2F750ct00000URbqDAAT)
 Elapsed Time: 4.66s

[2K[1A[2K[1A[2K[1A[2K[1A[2K[1A[2K[1A[2K[1A[2K[1A[2K[1A[2K[1A[2K[1A[2K[1A[2K[1A[2K[1A[2K[1A[2K[G
 ───────────────── Importing data ─────────────────

 ✔ Creating ingest job 661ms
 ⡿ Processing the job 3.92s
   ▸ Processed records: ◜
   ▸ Successful records: ◜
   ▸ Failed records: ◜

 Status: UploadComplete
 Job Id:
 750ct00000URbqDAAT (https://fortra--mergebuild.sandbox.my.salesforce.com/lightn
 ing/setup/AsyncApiJobStatus/page?address=%2F750ct00000URbqDAAT)
 Elapsed Time: 4.69s

[2K[1A[2K[1A[2K[1A[2K[1A[2K[1A[2K[1A[2K[1A[2K[1A[2K[1A[2K[1A[2K[1A[2K[1A[2K[1A[2K[1A[2K[1A[2K[G
 ───────────────── Importing data ─────────────────

 ✔ Creating ingest job 661ms
 ⣟ Processing the job 3.94s
   ▸ Processed records: ◜
   ▸ Successful records: ◜
   ▸ Failed records: ◜

 Status: UploadComplete
 Job Id:
 750ct00000URbqDAAT (https://fortra--mergebuild.sandbox.my.salesforce.com/lightn
 ing/setup/AsyncApiJobStatus/page?address=%2F750ct00000URbqDAAT)
 Elapsed Time: 4.73s

[2K[1A[2K[1A[2K[1A[2K[1A[2K[1A[2K[1A[2K[1A[2K[1A[2K[1A[2K[1A[2K[1A[2K[1A[2K[1A[2K[1A[2K[1A[2K[G
 ───────────────── Importing data ─────────────────

 ✔ Creating ingest job 661ms
 ⣟ Processing the job 3.97s
   ▸ Processed records: ◜
   ▸ Successful records: ◜
   ▸ Failed records: ◜

 Status: UploadComplete
 Job Id:
 750ct00000URbqDAAT (https://fortra--mergebuild.sandbox.my.salesforce.com/lightn
 ing/setup/AsyncApiJobStatus/page?address=%2F750ct00000URbqDAAT)
 Elapsed Time: 4.75s

[2K[1A[2K[1A[2K[1A[2K[1A[2K[1A[2K[1A[2K[1A[2K[1A[2K[1A[2K[1A[2K[1A[2K[1A[2K[1A[2K[1A[2K[1A[2K[G
 ───────────────── Importing data ─────────────────

 ✔ Creating ingest job 661ms
 ⣟ Processing the job 4.00s
   ▸ Processed records: ◠
   ▸ Successful records: ◠
   ▸ Failed records: ◠

 Status: UploadComplete
 Job Id:
 750ct00000URbqDAAT (https://fortra--mergebuild.sandbox.my.salesforce.com/lightn
 ing/setup/AsyncApiJobStatus/page?address=%2F750ct00000URbqDAAT)
 Elapsed Time: 4.78s

[2K[1A[2K[1A[2K[1A[2K[1A[2K[1A[2K[1A[2K[1A[2K[1A[2K[1A[2K[1A[2K[1A[2K[1A[2K[1A[2K[1A[2K[1A[2K[G
 ───────────────── Importing data ─────────────────

 ✔ Creating ingest job 661ms
 ⣯ Processing the job 4.02s
   ▸ Processed records: ◠
   ▸ Successful records: ◠
   ▸ Failed records: ◠

 Status: UploadComplete
 Job Id:
 750ct00000URbqDAAT (https://fortra--mergebuild.sandbox.my.salesforce.com/lightn
 ing/setup/AsyncApiJobStatus/page?address=%2F750ct00000URbqDAAT)
 Elapsed Time: 4.81s

[2K[1A[2K[1A[2K[1A[2K[1A[2K[1A[2K[1A[2K[1A[2K[1A[2K[1A[2K[1A[2K[1A[2K[1A[2K[1A[2K[1A[2K[1A[2K[G
 ───────────────── Importing data ─────────────────

 ✔ Creating ingest job 661ms
 ⣯ Processing the job 4.05s
   ▸ Processed records: ◠
   ▸ Successful records: ◠
   ▸ Failed records: ◠

 Status: UploadComplete
 Job Id:
 750ct00000URbqDAAT (https://fortra--mergebuild.sandbox.my.salesforce.com/lightn
 ing/setup/AsyncApiJobStatus/page?address=%2F750ct00000URbqDAAT)
 Elapsed Time: 4.83s

[2K[1A[2K[1A[2K[1A[2K[1A[2K[1A[2K[1A[2K[1A[2K[1A[2K[1A[2K[1A[2K[1A[2K[1A[2K[1A[2K[1A[2K[1A[2K[G
 ───────────────── Importing data ─────────────────

 ✔ Creating ingest job 661ms
 ⣷ Processing the job 4.08s
   ▸ Processed records: ◝
   ▸ Successful records: ◝
   ▸ Failed records: ◝

 Status: UploadComplete
 Job Id:
 750ct00000URbqDAAT (https://fortra--mergebuild.sandbox.my.salesforce.com/lightn
 ing/setup/AsyncApiJobStatus/page?address=%2F750ct00000URbqDAAT)
 Elapsed Time: 4.87s

[2K[1A[2K[1A[2K[1A[2K[1A[2K[1A[2K[1A[2K[1A[2K[1A[2K[1A[2K[1A[2K[1A[2K[1A[2K[1A[2K[1A[2K[1A[2K[G
 ───────────────── Importing data ─────────────────

 ✔ Creating ingest job 661ms
 ⣷ Processing the job 4.12s
   ▸ Processed records: ◝
   ▸ Successful records: ◝
   ▸ Failed records: ◝

 Status: UploadComplete
 Job Id:
 750ct00000URbqDAAT (https://fortra--mergebuild.sandbox.my.salesforce.com/lightn
 ing/setup/AsyncApiJobStatus/page?address=%2F750ct00000URbqDAAT)
 Elapsed Time: 4.89s

[2K[1A[2K[1A[2K[1A[2K[1A[2K[1A[2K[1A[2K[1A[2K[1A[2K[1A[2K[1A[2K[1A[2K[1A[2K[1A[2K[1A[2K[1A[2K[G
 ───────────────── Importing data ─────────────────

 ✔ Creating ingest job 661ms
 ⣷ Processing the job 4.15s
   ▸ Processed records: ◝
   ▸ Successful records: ◝
   ▸ Failed records: ◝

 Status: UploadComplete
 Job Id:
 750ct00000URbqDAAT (https://fortra--mergebuild.sandbox.my.salesforce.com/lightn
 ing/setup/AsyncApiJobStatus/page?address=%2F750ct00000URbqDAAT)
 Elapsed Time: 4.92s

[2K[1A[2K[1A[2K[1A[2K[1A[2K[1A[2K[1A[2K[1A[2K[1A[2K[1A[2K[1A[2K[1A[2K[1A[2K[1A[2K[1A[2K[1A[2K[G
 ───────────────── Importing data ─────────────────

 ✔ Creating ingest job 661ms
 ⣾ Processing the job 4.17s
   ▸ Processed records: ◞
   ▸ Successful records: ◞
   ▸ Failed records: ◞

 Status: UploadComplete
 Job Id:
 750ct00000URbqDAAT (https://fortra--mergebuild.sandbox.my.salesforce.com/lightn
 ing/setup/AsyncApiJobStatus/page?address=%2F750ct00000URbqDAAT)
 Elapsed Time: 4.95s

[2K[1A[2K[1A[2K[1A[2K[1A[2K[1A[2K[1A[2K[1A[2K[1A[2K[1A[2K[1A[2K[1A[2K[1A[2K[1A[2K[1A[2K[1A[2K[G
 ───────────────── Importing data ─────────────────

 ✔ Creating ingest job 661ms
 ⣾ Processing the job 4.21s
   ▸ Processed records: ◞
   ▸ Successful records: ◞
   ▸ Failed records: ◞

 Status: UploadComplete
 Job Id:
 750ct00000URbqDAAT (https://fortra--mergebuild.sandbox.my.salesforce.com/lightn
 ing/setup/AsyncApiJobStatus/page?address=%2F750ct00000URbqDAAT)
 Elapsed Time: 4.98s

[2K[1A[2K[1A[2K[1A[2K[1A[2K[1A[2K[1A[2K[1A[2K[1A[2K[1A[2K[1A[2K[1A[2K[1A[2K[1A[2K[1A[2K[1A[2K[G
 ───────────────── Importing data ─────────────────

 ✔ Creating ingest job 661ms
 ⣽ Processing the job 4.24s
   ▸ Processed records: ◞
   ▸ Successful records: ◞
   ▸ Failed records: ◞

 Status: UploadComplete
 Job Id:
 750ct00000URbqDAAT (https://fortra--mergebuild.sandbox.my.salesforce.com/lightn
 ing/setup/AsyncApiJobStatus/page?address=%2F750ct00000URbqDAAT)
 Elapsed Time: 5.01s

[2K[1A[2K[1A[2K[1A[2K[1A[2K[1A[2K[1A[2K[1A[2K[1A[2K[1A[2K[1A[2K[1A[2K[1A[2K[1A[2K[1A[2K[1A[2K[G
 ───────────────── Importing data ─────────────────

 ✔ Creating ingest job 661ms
 ⣽ Processing the job 4.27s
   ▸ Processed records: ◡
   ▸ Successful records: ◡
   ▸ Failed records: ◡

 Status: UploadComplete
 Job Id:
 750ct00000URbqDAAT (https://fortra--mergebuild.sandbox.my.salesforce.com/lightn
 ing/setup/AsyncApiJobStatus/page?address=%2F750ct00000URbqDAAT)
 Elapsed Time: 5.04s

[2K[1A[2K[1A[2K[1A[2K[1A[2K[1A[2K[1A[2K[1A[2K[1A[2K[1A[2K[1A[2K[1A[2K[1A[2K[1A[2K[1A[2K[1A[2K[G
 ───────────────── Importing data ─────────────────

 ✔ Creating ingest job 661ms
 ⣽ Processing the job 4.30s
   ▸ Processed records: ◡
   ▸ Successful records: ◡
   ▸ Failed records: ◡

 Status: UploadComplete
 Job Id:
 750ct00000URbqDAAT (https://fortra--mergebuild.sandbox.my.salesforce.com/lightn
 ing/setup/AsyncApiJobStatus/page?address=%2F750ct00000URbqDAAT)
 Elapsed Time: 5.07s

[2K[1A[2K[1A[2K[1A[2K[1A[2K[1A[2K[1A[2K[1A[2K[1A[2K[1A[2K[1A[2K[1A[2K[1A[2K[1A[2K[1A[2K[1A[2K[G
 ───────────────── Importing data ─────────────────

 ✔ Creating ingest job 661ms
 ⣻ Processing the job 4.32s
   ▸ Processed records: ◡
   ▸ Successful records: ◡
   ▸ Failed records: ◡

 Status: UploadComplete
 Job Id:
 750ct00000URbqDAAT (https://fortra--mergebuild.sandbox.my.salesforce.com/lightn
 ing/setup/AsyncApiJobStatus/page?address=%2F750ct00000URbqDAAT)
 Elapsed Time: 5.10s

[2K[1A[2K[1A[2K[1A[2K[1A[2K[1A[2K[1A[2K[1A[2K[1A[2K[1A[2K[1A[2K[1A[2K[1A[2K[1A[2K[1A[2K[1A[2K[G
 ───────────────── Importing data ─────────────────

 ✔ Creating ingest job 661ms
 ⣻ Processing the job 4.35s
   ▸ Processed records: ◟
   ▸ Successful records: ◟
   ▸ Failed records: ◟

 Status: UploadComplete
 Job Id:
 750ct00000URbqDAAT (https://fortra--mergebuild.sandbox.my.salesforce.com/lightn
 ing/setup/AsyncApiJobStatus/page?address=%2F750ct00000URbqDAAT)
 Elapsed Time: 5.13s

[2K[1A[2K[1A[2K[1A[2K[1A[2K[1A[2K[1A[2K[1A[2K[1A[2K[1A[2K[1A[2K[1A[2K[1A[2K[1A[2K[1A[2K[1A[2K[G
 ───────────────── Importing data ─────────────────

 ✔ Creating ingest job 661ms
 ⢿ Processing the job 4.38s
   ▸ Processed records: ◟
   ▸ Successful records: ◟
   ▸ Failed records: ◟

 Status: UploadComplete
 Job Id:
 750ct00000URbqDAAT (https://fortra--mergebuild.sandbox.my.salesforce.com/lightn
 ing/setup/AsyncApiJobStatus/page?address=%2F750ct00000URbqDAAT)
 Elapsed Time: 5.16s

[2K[1A[2K[1A[2K[1A[2K[1A[2K[1A[2K[1A[2K[1A[2K[1A[2K[1A[2K[1A[2K[1A[2K[1A[2K[1A[2K[1A[2K[1A[2K[G
 ───────────────── Importing data ─────────────────

 ✔ Creating ingest job 661ms
 ⢿ Processing the job 4.41s
   ▸ Processed records: ◟
   ▸ Successful records: ◟
   ▸ Failed records: ◟

 Status: UploadComplete
 Job Id:
 750ct00000URbqDAAT (https://fortra--mergebuild.sandbox.my.salesforce.com/lightn
 ing/setup/AsyncApiJobStatus/page?address=%2F750ct00000URbqDAAT)
 Elapsed Time: 5.19s

[2K[1A[2K[1A[2K[1A[2K[1A[2K[1A[2K[1A[2K[1A[2K[1A[2K[1A[2K[1A[2K[1A[2K[1A[2K[1A[2K[1A[2K[1A[2K[G
 ───────────────── Importing data ─────────────────

 ✔ Creating ingest job 661ms
 ⢿ Processing the job 4.44s
   ▸ Processed records: ◜
   ▸ Successful records: ◜
   ▸ Failed records: ◟

 Status: UploadComplete
 Job Id:
 750ct00000URbqDAAT (https://fortra--mergebuild.sandbox.my.salesforce.com/lightn
 ing/setup/AsyncApiJobStatus/page?address=%2F750ct00000URbqDAAT)
 Elapsed Time: 5.22s

[2K[1A[2K[1A[2K[1A[2K[1A[2K[1A[2K[1A[2K[1A[2K[1A[2K[1A[2K[1A[2K[1A[2K[1A[2K[1A[2K[1A[2K[1A[2K[G
 ───────────────── Importing data ─────────────────

 ✔ Creating ingest job 661ms
 ⡿ Processing the job 4.47s
   ▸ Processed records: ◜
   ▸ Successful records: ◜
   ▸ Failed records: ◜

 Status: UploadComplete
 Job Id:
 750ct00000URbqDAAT (https://fortra--mergebuild.sandbox.my.salesforce.com/lightn
 ing/setup/AsyncApiJobStatus/page?address=%2F750ct00000URbqDAAT)
 Elapsed Time: 5.25s

[2K[1A[2K[1A[2K[1A[2K[1A[2K[1A[2K[1A[2K[1A[2K[1A[2K[1A[2K[1A[2K[1A[2K[1A[2K[1A[2K[1A[2K[1A[2K[G
 ───────────────── Importing data ─────────────────

 ✔ Creating ingest job 661ms
 ⡿ Processing the job 4.5s
   ▸ Processed records: ◜
   ▸ Successful records: ◜
   ▸ Failed records: ◜

 Status: UploadComplete
 Job Id:
 750ct00000URbqDAAT (https://fortra--mergebuild.sandbox.my.salesforce.com/lightn
 ing/setup/AsyncApiJobStatus/page?address=%2F750ct00000URbqDAAT)
 Elapsed Time: 5.28s

[2K[1A[2K[1A[2K[1A[2K[1A[2K[1A[2K[1A[2K[1A[2K[1A[2K[1A[2K[1A[2K[1A[2K[1A[2K[1A[2K[1A[2K[1A[2K[G
 ───────────────── Importing data ─────────────────

 ✔ Creating ingest job 661ms
 ⣟ Processing the job 4.52s
   ▸ Processed records: ◠
   ▸ Successful records: ◜
   ▸ Failed records: ◜

 Status: UploadComplete
 Job Id:
 750ct00000URbqDAAT (https://fortra--mergebuild.sandbox.my.salesforce.com/lightn
 ing/setup/AsyncApiJobStatus/page?address=%2F750ct00000URbqDAAT)
 Elapsed Time: 5.31s

[2K[1A[2K[1A[2K[1A[2K[1A[2K[1A[2K[1A[2K[1A[2K[1A[2K[1A[2K[1A[2K[1A[2K[1A[2K[1A[2K[1A[2K[1A[2K[G
 ───────────────── Importing data ─────────────────

 ✔ Creating ingest job 661ms
 ⣟ Processing the job 4.55s
   ▸ Processed records: ◠
   ▸ Successful records: ◠
   ▸ Failed records: ◠

 Status: UploadComplete
 Job Id:
 750ct00000URbqDAAT (https://fortra--mergebuild.sandbox.my.salesforce.com/lightn
 ing/setup/AsyncApiJobStatus/page?address=%2F750ct00000URbqDAAT)
 Elapsed Time: 5.34s

[2K[1A[2K[1A[2K[1A[2K[1A[2K[1A[2K[1A[2K[1A[2K[1A[2K[1A[2K[1A[2K[1A[2K[1A[2K[1A[2K[1A[2K[1A[2K[G
 ───────────────── Importing data ─────────────────

 ✔ Creating ingest job 661ms
 ⣟ Processing the job 4.58s
   ▸ Processed records: ◠
   ▸ Successful records: ◠
   ▸ Failed records: ◠

 Status: UploadComplete
 Job Id:
 750ct00000URbqDAAT (https://fortra--mergebuild.sandbox.my.salesforce.com/lightn
 ing/setup/AsyncApiJobStatus/page?address=%2F750ct00000URbqDAAT)
 Elapsed Time: 5.37s

[2K[1A[2K[1A[2K[1A[2K[1A[2K[1A[2K[1A[2K[1A[2K[1A[2K[1A[2K[1A[2K[1A[2K[1A[2K[1A[2K[1A[2K[1A[2K[G
 ───────────────── Importing data ─────────────────

 ✔ Creating ingest job 661ms
 ⣯ Processing the job 4.61s
   ▸ Processed records: ◠
   ▸ Successful records: ◠
   ▸ Failed records: ◠

 Status: UploadComplete
 Job Id:
 750ct00000URbqDAAT (https://fortra--mergebuild.sandbox.my.salesforce.com/lightn
 ing/setup/AsyncApiJobStatus/page?address=%2F750ct00000URbqDAAT)
 Elapsed Time: 5.40s

[2K[1A[2K[1A[2K[1A[2K[1A[2K[1A[2K[1A[2K[1A[2K[1A[2K[1A[2K[1A[2K[1A[2K[1A[2K[1A[2K[1A[2K[1A[2K[G
 ───────────────── Importing data ─────────────────

 ✔ Creating ingest job 661ms
 ⣯ Processing the job 4.64s
   ▸ Processed records: ◝
   ▸ Successful records: ◝
   ▸ Failed records: ◝

 Status: UploadComplete
 Job Id:
 750ct00000URbqDAAT (https://fortra--mergebuild.sandbox.my.salesforce.com/lightn
 ing/setup/AsyncApiJobStatus/page?address=%2F750ct00000URbqDAAT)
 Elapsed Time: 5.43s

[2K[1A[2K[1A[2K[1A[2K[1A[2K[1A[2K[1A[2K[1A[2K[1A[2K[1A[2K[1A[2K[1A[2K[1A[2K[1A[2K[1A[2K[1A[2K[G
 ───────────────── Importing data ─────────────────

 ✔ Creating ingest job 661ms
 ⣷ Processing the job 4.67s
   ▸ Processed records: ◝
   ▸ Successful records: ◝
   ▸ Failed records: ◝

 Status: UploadComplete
 Job Id:
 750ct00000URbqDAAT (https://fortra--mergebuild.sandbox.my.salesforce.com/lightn
 ing/setup/AsyncApiJobStatus/page?address=%2F750ct00000URbqDAAT)
 Elapsed Time: 5.46s

[2K[1A[2K[1A[2K[1A[2K[1A[2K[1A[2K[1A[2K[1A[2K[1A[2K[1A[2K[1A[2K[1A[2K[1A[2K[1A[2K[1A[2K[1A[2K[G
 ───────────────── Importing data ─────────────────

 ✔ Creating ingest job 661ms
 ⣷ Processing the job 4.70s
   ▸ Processed records: ◝
   ▸ Successful records: ◝
   ▸ Failed records: ◝

 Status: UploadComplete
 Job Id:
 750ct00000URbqDAAT (https://fortra--mergebuild.sandbox.my.salesforce.com/lightn
 ing/setup/AsyncApiJobStatus/page?address=%2F750ct00000URbqDAAT)
 Elapsed Time: 5.49s

[2K[1A[2K[1A[2K[1A[2K[1A[2K[1A[2K[1A[2K[1A[2K[1A[2K[1A[2K[1A[2K[1A[2K[1A[2K[1A[2K[1A[2K[1A[2K[G
 ───────────────── Importing data ─────────────────

 ✔ Creating ingest job 661ms
 ⣷ Processing the job 4.73s
   ▸ Processed records: ◞
   ▸ Successful records: ◞
   ▸ Failed records: ◞

 Status: UploadComplete
 Job Id:
 750ct00000URbqDAAT (https://fortra--mergebuild.sandbox.my.salesforce.com/lightn
 ing/setup/AsyncApiJobStatus/page?address=%2F750ct00000URbqDAAT)
 Elapsed Time: 5.53s

[2K[1A[2K[1A[2K[1A[2K[1A[2K[1A[2K[1A[2K[1A[2K[1A[2K[1A[2K[1A[2K[1A[2K[1A[2K[1A[2K[1A[2K[1A[2K[G
 ───────────────── Importing data ─────────────────

 ✔ Creating ingest job 661ms
 ⣾ Processing the job 4.75s
   ▸ Processed records: ◞
   ▸ Successful records: ◞
   ▸ Failed records: ◞

 Status: UploadComplete
 Job Id:
 750ct00000URbqDAAT (https://fortra--mergebuild.sandbox.my.salesforce.com/lightn
 ing/setup/AsyncApiJobStatus/page?address=%2F750ct00000URbqDAAT)
 Elapsed Time: 5.55s

[2K[1A[2K[1A[2K[1A[2K[1A[2K[1A[2K[1A[2K[1A[2K[1A[2K[1A[2K[1A[2K[1A[2K[1A[2K[1A[2K[1A[2K[1A[2K[G
 ───────────────── Importing data ─────────────────

 ✔ Creating ingest job 661ms
 ⣾ Processing the job 4.79s
   ▸ Processed records: ◞
   ▸ Successful records: ◞
   ▸ Failed records: ◞

 Status: UploadComplete
 Job Id:
 750ct00000URbqDAAT (https://fortra--mergebuild.sandbox.my.salesforce.com/lightn
 ing/setup/AsyncApiJobStatus/page?address=%2F750ct00000URbqDAAT)
 Elapsed Time: 5.59s

[2K[1A[2K[1A[2K[1A[2K[1A[2K[1A[2K[1A[2K[1A[2K[1A[2K[1A[2K[1A[2K[1A[2K[1A[2K[1A[2K[1A[2K[1A[2K[G
 ───────────────── Importing data ─────────────────

 ✔ Creating ingest job 661ms
 ⣽ Processing the job 4.82s
   ▸ Processed records: ◡
   ▸ Successful records: ◡
   ▸ Failed records: ◡

 Status: UploadComplete
 Job Id:
 750ct00000URbqDAAT (https://fortra--mergebuild.sandbox.my.salesforce.com/lightn
 ing/setup/AsyncApiJobStatus/page?address=%2F750ct00000URbqDAAT)
 Elapsed Time: 5.61s

[2K[1A[2K[1A[2K[1A[2K[1A[2K[1A[2K[1A[2K[1A[2K[1A[2K[1A[2K[1A[2K[1A[2K[1A[2K[1A[2K[1A[2K[1A[2K[G
 ───────────────── Importing data ─────────────────

 ✔ Creating ingest job 661ms
 ⣽ Processing the job 4.85s
   ▸ Processed records: ◡
   ▸ Successful records: ◡
   ▸ Failed records: ◡

 Status: UploadComplete
 Job Id:
 750ct00000URbqDAAT (https://fortra--mergebuild.sandbox.my.salesforce.com/lightn
 ing/setup/AsyncApiJobStatus/page?address=%2F750ct00000URbqDAAT)
 Elapsed Time: 5.65s

[2K[1A[2K[1A[2K[1A[2K[1A[2K[1A[2K[1A[2K[1A[2K[1A[2K[1A[2K[1A[2K[1A[2K[1A[2K[1A[2K[1A[2K[1A[2K[G
 ───────────────── Importing data ─────────────────

 ✔ Creating ingest job 661ms
 ⣽ Processing the job 4.87s
   ▸ Processed records: ◡
   ▸ Successful records: ◡
   ▸ Failed records: ◡

 Status: UploadComplete
 Job Id:
 750ct00000URbqDAAT (https://fortra--mergebuild.sandbox.my.salesforce.com/lightn
 ing/setup/AsyncApiJobStatus/page?address=%2F750ct00000URbqDAAT)
 Elapsed Time: 5.68s

[2K[1A[2K[1A[2K[1A[2K[1A[2K[1A[2K[1A[2K[1A[2K[1A[2K[1A[2K[1A[2K[1A[2K[1A[2K[1A[2K[1A[2K[1A[2K[G
 ───────────────── Importing data ─────────────────

 ✔ Creating ingest job 661ms
 ⣻ Processing the job 4.91s
   ▸ Processed records: ◟
   ▸ Successful records: ◟
   ▸ Failed records: ◟

 Status: UploadComplete
 Job Id:
 750ct00000URbqDAAT (https://fortra--mergebuild.sandbox.my.salesforce.com/lightn
 ing/setup/AsyncApiJobStatus/page?address=%2F750ct00000URbqDAAT)
 Elapsed Time: 5.71s

[2K[1A[2K[1A[2K[1A[2K[1A[2K[1A[2K[1A[2K[1A[2K[1A[2K[1A[2K[1A[2K[1A[2K[1A[2K[1A[2K[1A[2K[1A[2K[G
 ───────────────── Importing data ─────────────────

 ✔ Creating ingest job 661ms
 ⣻ Processing the job 4.93s
   ▸ Processed records: ◟
   ▸ Successful records: ◟
   ▸ Failed records: ◟

 Status: UploadComplete
 Job Id:
 750ct00000URbqDAAT (https://fortra--mergebuild.sandbox.my.salesforce.com/lightn
 ing/setup/AsyncApiJobStatus/page?address=%2F750ct00000URbqDAAT)
 Elapsed Time: 5.74s

[2K[1A[2K[1A[2K[1A[2K[1A[2K[1A[2K[1A[2K[1A[2K[1A[2K[1A[2K[1A[2K[1A[2K[1A[2K[1A[2K[1A[2K[1A[2K[G
 ───────────────── Importing data ─────────────────

 ✔ Creating ingest job 661ms
 ⢿ Processing the job 4.96s
   ▸ Processed records: ◟
   ▸ Successful records: ◟
   ▸ Failed records: ◟

 Status: UploadComplete
 Job Id:
 750ct00000URbqDAAT (https://fortra--mergebuild.sandbox.my.salesforce.com/lightn
 ing/setup/AsyncApiJobStatus/page?address=%2F750ct00000URbqDAAT)
 Elapsed Time: 5.77s

[2K[1A[2K[1A[2K[1A[2K[1A[2K[1A[2K[1A[2K[1A[2K[1A[2K[1A[2K[1A[2K[1A[2K[1A[2K[1A[2K[1A[2K[1A[2K[G
 ───────────────── Importing data ─────────────────

 ✔ Creating ingest job 661ms
 ⢿ Processing the job 4.98s
   ▸ Processed records: ◜
   ▸ Successful records: ◜
   ▸ Failed records: ◜

 Status: UploadComplete
 Job Id:
 750ct00000URbqDAAT (https://fortra--mergebuild.sandbox.my.salesforce.com/lightn
 ing/setup/AsyncApiJobStatus/page?address=%2F750ct00000URbqDAAT)
 Elapsed Time: 5.80s

[2K[1A[2K[1A[2K[1A[2K[1A[2K[1A[2K[1A[2K[1A[2K[1A[2K[1A[2K[1A[2K[1A[2K[1A[2K[1A[2K[1A[2K[1A[2K[G
 ───────────────── Importing data ─────────────────

 ✔ Creating ingest job 661ms
 ⢿ Processing the job 5.01s
   ▸ Processed records: ◜
   ▸ Successful records: ◜
   ▸ Failed records: ◜

 Status: UploadComplete
 Job Id:
 750ct00000URbqDAAT (https://fortra--mergebuild.sandbox.my.salesforce.com/lightn
 ing/setup/AsyncApiJobStatus/page?address=%2F750ct00000URbqDAAT)
 Elapsed Time: 5.83s

[2K[1A[2K[1A[2K[1A[2K[1A[2K[1A[2K[1A[2K[1A[2K[1A[2K[1A[2K[1A[2K[1A[2K[1A[2K[1A[2K[1A[2K[1A[2K[G
 ───────────────── Importing data ─────────────────

 ✔ Creating ingest job 661ms
 ⡿ Processing the job 5.04s
   ▸ Processed records: ◜
   ▸ Successful records: ◜
   ▸ Failed records: ◜

 Status: UploadComplete
 Job Id:
 750ct00000URbqDAAT (https://fortra--mergebuild.sandbox.my.salesforce.com/lightn
 ing/setup/AsyncApiJobStatus/page?address=%2F750ct00000URbqDAAT)
 Elapsed Time: 5.86s

[2K[1A[2K[1A[2K[1A[2K[1A[2K[1A[2K[1A[2K[1A[2K[1A[2K[1A[2K[1A[2K[1A[2K[1A[2K[1A[2K[1A[2K[1A[2K[G
 ───────────────── Importing data ─────────────────

 ✔ Creating ingest job 661ms
 ⡿ Processing the job 5.07s
   ▸ Processed records: ◠
   ▸ Successful records: ◠
   ▸ Failed records: ◠

 Status: UploadComplete
 Job Id:
 750ct00000URbqDAAT (https://fortra--mergebuild.sandbox.my.salesforce.com/lightn
 ing/setup/AsyncApiJobStatus/page?address=%2F750ct00000URbqDAAT)
 Elapsed Time: 5.89s

[2K[1A[2K[1A[2K[1A[2K[1A[2K[1A[2K[1A[2K[1A[2K[1A[2K[1A[2K[1A[2K[1A[2K[1A[2K[1A[2K[1A[2K[1A[2K[G
 ───────────────── Importing data ─────────────────

 ✔ Creating ingest job 661ms
 ⣟ Processing the job 5.10s
   ▸ Processed records: ◠
   ▸ Successful records: ◠
   ▸ Failed records: ◠

 Status: UploadComplete
 Job Id:
 750ct00000URbqDAAT (https://fortra--mergebuild.sandbox.my.salesforce.com/lightn
 ing/setup/AsyncApiJobStatus/page?address=%2F750ct00000URbqDAAT)
 Elapsed Time: 5.92s

[2K[1A[2K[1A[2K[1A[2K[1A[2K[1A[2K[1A[2K[1A[2K[1A[2K[1A[2K[1A[2K[1A[2K[1A[2K[1A[2K[1A[2K[1A[2K[G
 ───────────────── Importing data ─────────────────

 ✔ Creating ingest job 661ms
 ⣟ Processing the job 5.13s
   ▸ Processed records: ◠
   ▸ Successful records: ◠
   ▸ Failed records: ◠

 Status: UploadComplete
 Job Id:
 750ct00000URbqDAAT (https://fortra--mergebuild.sandbox.my.salesforce.com/lightn
 ing/setup/AsyncApiJobStatus/page?address=%2F750ct00000URbqDAAT)
 Elapsed Time: 5.95s

[2K[1A[2K[1A[2K[1A[2K[1A[2K[1A[2K[1A[2K[1A[2K[1A[2K[1A[2K[1A[2K[1A[2K[1A[2K[1A[2K[1A[2K[1A[2K[G
 ───────────────── Importing data ─────────────────

 ✔ Creating ingest job 661ms
 ⣟ Processing the job 5.16s
   ▸ Processed records: ◝
   ▸ Successful records: ◝
   ▸ Failed records: ◠

 Status: UploadComplete
 Job Id:
 750ct00000URbqDAAT (https://fortra--mergebuild.sandbox.my.salesforce.com/lightn
 ing/setup/AsyncApiJobStatus/page?address=%2F750ct00000URbqDAAT)
 Elapsed Time: 5.98s

[2K[1A[2K[1A[2K[1A[2K[1A[2K[1A[2K[1A[2K[1A[2K[1A[2K[1A[2K[1A[2K[1A[2K[1A[2K[1A[2K[1A[2K[1A[2K[G
 ───────────────── Importing data ─────────────────

 ✔ Creating ingest job 661ms
 ⣯ Processing the job 5.19s
   ▸ Processed records: ◝
   ▸ Successful records: ◝
   ▸ Failed records: ◝

 Status: UploadComplete
 Job Id:
 750ct00000URbqDAAT (https://fortra--mergebuild.sandbox.my.salesforce.com/lightn
 ing/setup/AsyncApiJobStatus/page?address=%2F750ct00000URbqDAAT)
 Elapsed Time: 6.01s

[2K[1A[2K[1A[2K[1A[2K[1A[2K[1A[2K[1A[2K[1A[2K[1A[2K[1A[2K[1A[2K[1A[2K[1A[2K[1A[2K[1A[2K[1A[2K[G
 ───────────────── Importing data ─────────────────

 ✔ Creating ingest job 661ms
 ⣯ Processing the job 5.21s
   ▸ Processed records: ◝
   ▸ Successful records: ◝
   ▸ Failed records: ◝

 Status: UploadComplete
 Job Id:
 750ct00000URbqDAAT (https://fortra--mergebuild.sandbox.my.salesforce.com/lightn
 ing/setup/AsyncApiJobStatus/page?address=%2F750ct00000URbqDAAT)
 Elapsed Time: 6.05s

[2K[1A[2K[1A[2K[1A[2K[1A[2K[1A[2K[1A[2K[1A[2K[1A[2K[1A[2K[1A[2K[1A[2K[1A[2K[1A[2K[1A[2K[1A[2K[G
 ───────────────── Importing data ─────────────────

 ✔ Creating ingest job 661ms
 ⣷ Processing the job 5.24s
   ▸ Processed records: ◞
   ▸ Successful records: ◝
   ▸ Failed records: ◝

 Status: UploadComplete
 Job Id:
 750ct00000URbqDAAT (https://fortra--mergebuild.sandbox.my.salesforce.com/lightn
 ing/setup/AsyncApiJobStatus/page?address=%2F750ct00000URbqDAAT)
 Elapsed Time: 6.08s

[2K[1A[2K[1A[2K[1A[2K[1A[2K[1A[2K[1A[2K[1A[2K[1A[2K[1A[2K[1A[2K[1A[2K[1A[2K[1A[2K[1A[2K[1A[2K[G
 ───────────────── Importing data ─────────────────

 ✔ Creating ingest job 661ms
 ⣷ Processing the job 5.27s
   ▸ Processed records: ◞
   ▸ Successful records: ◞
   ▸ Failed records: ◞

 Status: UploadComplete
 Job Id:
 750ct00000URbqDAAT (https://fortra--mergebuild.sandbox.my.salesforce.com/lightn
 ing/setup/AsyncApiJobStatus/page?address=%2F750ct00000URbqDAAT)
 Elapsed Time: 6.10s

[2K[1A[2K[1A[2K[1A[2K[1A[2K[1A[2K[1A[2K[1A[2K[1A[2K[1A[2K[1A[2K[1A[2K[1A[2K[1A[2K[1A[2K[1A[2K[G
 ───────────────── Importing data ─────────────────

 ✔ Creating ingest job 661ms
 ⣷ Processing the job 5.30s
   ▸ Processed records: ◞
   ▸ Successful records: ◞
   ▸ Failed records: ◞

 Status: UploadComplete
 Job Id:
 750ct00000URbqDAAT (https://fortra--mergebuild.sandbox.my.salesforce.com/lightn
 ing/setup/AsyncApiJobStatus/page?address=%2F750ct00000URbqDAAT)
 Elapsed Time: 6.14s

[2K[1A[2K[1A[2K[1A[2K[1A[2K[1A[2K[1A[2K[1A[2K[1A[2K[1A[2K[1A[2K[1A[2K[1A[2K[1A[2K[1A[2K[1A[2K[G
 ───────────────── Importing data ─────────────────

 ✔ Creating ingest job 661ms
 ⣾ Processing the job 5.33s
   ▸ Processed records: ◞
   ▸ Successful records: ◞
   ▸ Failed records: ◞

 Status: UploadComplete
 Job Id:
 750ct00000URbqDAAT (https://fortra--mergebuild.sandbox.my.salesforce.com/lightn
 ing/setup/AsyncApiJobStatus/page?address=%2F750ct00000URbqDAAT)
 Elapsed Time: 6.17s

[2K[1A[2K[1A[2K[1A[2K[1A[2K[1A[2K[1A[2K[1A[2K[1A[2K[1A[2K[1A[2K[1A[2K[1A[2K[1A[2K[1A[2K[1A[2K[G
 ───────────────── Importing data ─────────────────

 ✔ Creating ingest job 661ms
 ⣾ Processing the job 5.36s
   ▸ Processed records: ◡
   ▸ Successful records: ◡
   ▸ Failed records: ◡

 Status: UploadComplete
 Job Id:
 750ct00000URbqDAAT (https://fortra--mergebuild.sandbox.my.salesforce.com/lightn
 ing/setup/AsyncApiJobStatus/page?address=%2F750ct00000URbqDAAT)
 Elapsed Time: 6.19s

[2K[1A[2K[1A[2K[1A[2K[1A[2K[1A[2K[1A[2K[1A[2K[1A[2K[1A[2K[1A[2K[1A[2K[1A[2K[1A[2K[1A[2K[1A[2K[G
 ───────────────── Importing data ─────────────────

 ✔ Creating ingest job 661ms
 ⣽ Processing the job 5.39s
   ▸ Processed records: ◡
   ▸ Successful records: ◡
   ▸ Failed records: ◡

 Status: UploadComplete
 Job Id:
 750ct00000URbqDAAT (https://fortra--mergebuild.sandbox.my.salesforce.com/lightn
 ing/setup/AsyncApiJobStatus/page?address=%2F750ct00000URbqDAAT)
 Elapsed Time: 6.22s

[2K[1A[2K[1A[2K[1A[2K[1A[2K[1A[2K[1A[2K[1A[2K[1A[2K[1A[2K[1A[2K[1A[2K[1A[2K[1A[2K[1A[2K[1A[2K[G
 ───────────────── Importing data ─────────────────

 ✔ Creating ingest job 661ms
 ⣽ Processing the job 5.42s
   ▸ Processed records: ◡
   ▸ Successful records: ◡
   ▸ Failed records: ◡

 Status: UploadComplete
 Job Id:
 750ct00000URbqDAAT (https://fortra--mergebuild.sandbox.my.salesforce.com/lightn
 ing/setup/AsyncApiJobStatus/page?address=%2F750ct00000URbqDAAT)
 Elapsed Time: 6.25s

[2K[1A[2K[1A[2K[1A[2K[1A[2K[1A[2K[1A[2K[1A[2K[1A[2K[1A[2K[1A[2K[1A[2K[1A[2K[1A[2K[1A[2K[1A[2K[G
 ───────────────── Importing data ─────────────────

 ✔ Creating ingest job 661ms
 ⣽ Processing the job 5.45s
   ▸ Processed records: ◟
   ▸ Successful records: ◟
   ▸ Failed records: ◟

 Status: UploadComplete
 Job Id:
 750ct00000URbqDAAT (https://fortra--mergebuild.sandbox.my.salesforce.com/lightn
 ing/setup/AsyncApiJobStatus/page?address=%2F750ct00000URbqDAAT)
 Elapsed Time: 6.28s

[2K[1A[2K[1A[2K[1A[2K[1A[2K[1A[2K[1A[2K[1A[2K[1A[2K[1A[2K[1A[2K[1A[2K[1A[2K[1A[2K[1A[2K[1A[2K[G
 ───────────────── Importing data ─────────────────

 ✔ Creating ingest job 661ms
 ⣻ Processing the job 5.49s
   ▸ Processed records: ◟
   ▸ Successful records: ◟
   ▸ Failed records: ◟

 Status: UploadComplete
 Job Id:
 750ct00000URbqDAAT (https://fortra--mergebuild.sandbox.my.salesforce.com/lightn
 ing/setup/AsyncApiJobStatus/page?address=%2F750ct00000URbqDAAT)
 Elapsed Time: 6.31s

[2K[1A[2K[1A[2K[1A[2K[1A[2K[1A[2K[1A[2K[1A[2K[1A[2K[1A[2K[1A[2K[1A[2K[1A[2K[1A[2K[1A[2K[1A[2K[G
 ───────────────── Importing data ─────────────────

 ✔ Creating ingest job 661ms
 ⣻ Processing the job 5.52s
   ▸ Processed records: ◟
   ▸ Successful records: ◟
   ▸ Failed records: ◟

 Status: UploadComplete
 Job Id:
 750ct00000URbqDAAT (https://fortra--mergebuild.sandbox.my.salesforce.com/lightn
 ing/setup/AsyncApiJobStatus/page?address=%2F750ct00000URbqDAAT)
 Elapsed Time: 6.34s

[2K[1A[2K[1A[2K[1A[2K[1A[2K[1A[2K[1A[2K[1A[2K[1A[2K[1A[2K[1A[2K[1A[2K[1A[2K[1A[2K[1A[2K[1A[2K[G
 ───────────────── Importing data ─────────────────

 ✔ Creating ingest job 661ms
 ⢿ Processing the job 5.55s
   ▸ Processed records: ◜
   ▸ Successful records: ◜
   ▸ Failed records: ◜

 Status: UploadComplete
 Job Id:
 750ct00000URbqDAAT (https://fortra--mergebuild.sandbox.my.salesforce.com/lightn
 ing/setup/AsyncApiJobStatus/page?address=%2F750ct00000URbqDAAT)
 Elapsed Time: 6.37s

[2K[1A[2K[1A[2K[1A[2K[1A[2K[1A[2K[1A[2K[1A[2K[1A[2K[1A[2K[1A[2K[1A[2K[1A[2K[1A[2K[1A[2K[1A[2K[G
 ───────────────── Importing data ─────────────────

 ✔ Creating ingest job 661ms
 ⢿ Processing the job 5.58s
   ▸ Processed records: ◜
   ▸ Successful records: ◜
   ▸ Failed records: ◜

 Status: UploadComplete
 Job Id:
 750ct00000URbqDAAT (https://fortra--mergebuild.sandbox.my.salesforce.com/lightn
 ing/setup/AsyncApiJobStatus/page?address=%2F750ct00000URbqDAAT)
 Elapsed Time: 6.40s

[2K[1A[2K[1A[2K[1A[2K[1A[2K[1A[2K[1A[2K[1A[2K[1A[2K[1A[2K[1A[2K[1A[2K[1A[2K[1A[2K[1A[2K[1A[2K[G
 ───────────────── Importing data ─────────────────

 ✔ Creating ingest job 661ms
 ⢿ Processing the job 5.61s
   ▸ Processed records: ◜
   ▸ Successful records: ◜
   ▸ Failed records: ◜

 Status: UploadComplete
 Job Id:
 750ct00000URbqDAAT (https://fortra--mergebuild.sandbox.my.salesforce.com/lightn
 ing/setup/AsyncApiJobStatus/page?address=%2F750ct00000URbqDAAT)
 Elapsed Time: 6.42s

[2K[1A[2K[1A[2K[1A[2K[1A[2K[1A[2K[1A[2K[1A[2K[1A[2K[1A[2K[1A[2K[1A[2K[1A[2K[1A[2K[1A[2K[1A[2K[G
 ───────────────── Importing data ─────────────────

 ✔ Creating ingest job 661ms
 ⡿ Processing the job 5.64s
   ▸ Processed records: ◠
   ▸ Successful records: ◠
   ▸ Failed records: ◠

 Status: UploadComplete
 Job Id:
 750ct00000URbqDAAT (https://fortra--mergebuild.sandbox.my.salesforce.com/lightn
 ing/setup/AsyncApiJobStatus/page?address=%2F750ct00000URbqDAAT)
 Elapsed Time: 6.45s

[2K[1A[2K[1A[2K[1A[2K[1A[2K[1A[2K[1A[2K[1A[2K[1A[2K[1A[2K[1A[2K[1A[2K[1A[2K[1A[2K[1A[2K[1A[2K[G
 ───────────────── Importing data ─────────────────

 ✔ Creating ingest job 661ms
 ⡿ Processing the job 5.67s
   ▸ Processed records: ◠
   ▸ Successful records: ◠
   ▸ Failed records: ◠

 Status: UploadComplete
 Job Id:
 750ct00000URbqDAAT (https://fortra--mergebuild.sandbox.my.salesforce.com/lightn
 ing/setup/AsyncApiJobStatus/page?address=%2F750ct00000URbqDAAT)
 Elapsed Time: 6.48s

[2K[1A[2K[1A[2K[1A[2K[1A[2K[1A[2K[1A[2K[1A[2K[1A[2K[1A[2K[1A[2K[1A[2K[1A[2K[1A[2K[1A[2K[1A[2K[G
 ───────────────── Importing data ─────────────────

 ✔ Creating ingest job 661ms
 ⣟ Processing the job 5.70s
   ▸ Processed records: ◠
   ▸ Successful records: ◠
   ▸ Failed records: ◠

 Status: UploadComplete
 Job Id:
 750ct00000URbqDAAT (https://fortra--mergebuild.sandbox.my.salesforce.com/lightn
 ing/setup/AsyncApiJobStatus/page?address=%2F750ct00000URbqDAAT)
 Elapsed Time: 6.51s

[2K[1A[2K[1A[2K[1A[2K[1A[2K[1A[2K[1A[2K[1A[2K[1A[2K[1A[2K[1A[2K[1A[2K[1A[2K[1A[2K[1A[2K[1A[2K[G
 ───────────────── Importing data ─────────────────

 ✔ Creating ingest job 661ms
 ⣟ Processing the job 5.74s
   ▸ Processed records: ◝
   ▸ Successful records: ◝
   ▸ Failed records: ◝

 Status: UploadComplete
 Job Id:
 750ct00000URbqDAAT (https://fortra--mergebuild.sandbox.my.salesforce.com/lightn
 ing/setup/AsyncApiJobStatus/page?address=%2F750ct00000URbqDAAT)
 Elapsed Time: 6.54s

[2K[1A[2K[1A[2K[1A[2K[1A[2K[1A[2K[1A[2K[1A[2K[1A[2K[1A[2K[1A[2K[1A[2K[1A[2K[1A[2K[1A[2K[1A[2K[G
 ───────────────── Importing data ─────────────────

 ✔ Creating ingest job 661ms
 ⣟ Processing the job 5.76s
   ▸ Processed records: ◝
   ▸ Successful records: ◝
   ▸ Failed records: ◝

 Status: UploadComplete
 Job Id:
 750ct00000URbqDAAT (https://fortra--mergebuild.sandbox.my.salesforce.com/lightn
 ing/setup/AsyncApiJobStatus/page?address=%2F750ct00000URbqDAAT)
 Elapsed Time: 6.57s

[2K[1A[2K[1A[2K[1A[2K[1A[2K[1A[2K[1A[2K[1A[2K[1A[2K[1A[2K[1A[2K[1A[2K[1A[2K[1A[2K[1A[2K[1A[2K[G
 ───────────────── Importing data ─────────────────

 ✔ Creating ingest job 661ms
 ⣯ Processing the job 5.79s
   ▸ Processed records: ◝
   ▸ Successful records: ◝
   ▸ Failed records: ◝

 Status: UploadComplete
 Job Id:
 750ct00000URbqDAAT (https://fortra--mergebuild.sandbox.my.salesforce.com/lightn
 ing/setup/AsyncApiJobStatus/page?address=%2F750ct00000URbqDAAT)
 Elapsed Time: 6.61s

[2K[1A[2K[1A[2K[1A[2K[1A[2K[1A[2K[1A[2K[1A[2K[1A[2K[1A[2K[1A[2K[1A[2K[1A[2K[1A[2K[1A[2K[1A[2K[G
 ───────────────── Importing data ─────────────────

 ✔ Creating ingest job 661ms
 ⣯ Processing the job 5.82s
   ▸ Processed records: ◞
   ▸ Successful records: ◞
   ▸ Failed records: ◞

 Status: UploadComplete
 Job Id:
 750ct00000URbqDAAT (https://fortra--mergebuild.sandbox.my.salesforce.com/lightn
 ing/setup/AsyncApiJobStatus/page?address=%2F750ct00000URbqDAAT)
 Elapsed Time: 6.64s

[2K[1A[2K[1A[2K[1A[2K[1A[2K[1A[2K[1A[2K[1A[2K[1A[2K[1A[2K[1A[2K[1A[2K[1A[2K[1A[2K[1A[2K[1A[2K[G
 ───────────────── Importing data ─────────────────

 ✔ Creating ingest job 661ms
 ⣷ Processing the job 5.85s
   ▸ Processed records: ◞
   ▸ Successful records: ◞
   ▸ Failed records: ◞

 Status: UploadComplete
 Job Id:
 750ct00000URbqDAAT (https://fortra--mergebuild.sandbox.my.salesforce.com/lightn
 ing/setup/AsyncApiJobStatus/page?address=%2F750ct00000URbqDAAT)
 Elapsed Time: 6.67s

[2K[1A[2K[1A[2K[1A[2K[1A[2K[1A[2K[1A[2K[1A[2K[1A[2K[1A[2K[1A[2K[1A[2K[1A[2K[1A[2K[1A[2K[1A[2K[G
 ───────────────── Importing data ─────────────────

 ✔ Creating ingest job 661ms
 ⣷ Processing the job 5.88s
   ▸ Processed records: ◞
   ▸ Successful records: ◞
   ▸ Failed records: ◞

 Status: UploadComplete
 Job Id:
 750ct00000URbqDAAT (https://fortra--mergebuild.sandbox.my.salesforce.com/lightn
 ing/setup/AsyncApiJobStatus/page?address=%2F750ct00000URbqDAAT)
 Elapsed Time: 6.70s

[2K[1A[2K[1A[2K[1A[2K[1A[2K[1A[2K[1A[2K[1A[2K[1A[2K[1A[2K[1A[2K[1A[2K[1A[2K[1A[2K[1A[2K[1A[2K[G
 ───────────────── Importing data ─────────────────

 ✔ Creating ingest job 661ms
 ⣷ Processing the job 5.91s
   ▸ Processed records: ◡
   ▸ Successful records: ◡
   ▸ Failed records: ◡

 Status: UploadComplete
 Job Id:
 750ct00000URbqDAAT (https://fortra--mergebuild.sandbox.my.salesforce.com/lightn
 ing/setup/AsyncApiJobStatus/page?address=%2F750ct00000URbqDAAT)
 Elapsed Time: 6.73s

[2K[1A[2K[1A[2K[1A[2K[1A[2K[1A[2K[1A[2K[1A[2K[1A[2K[1A[2K[1A[2K[1A[2K[1A[2K[1A[2K[1A[2K[1A[2K[G
 ───────────────── Importing data ─────────────────

 ✔ Creating ingest job 661ms
 ⣾ Processing the job 5.95s
   ▸ Processed records: ◡
   ▸ Successful records: ◡
   ▸ Failed records: ◡

 Status: UploadComplete
 Job Id:
 750ct00000URbqDAAT (https://fortra--mergebuild.sandbox.my.salesforce.com/lightn
 ing/setup/AsyncApiJobStatus/page?address=%2F750ct00000URbqDAAT)
 Elapsed Time: 6.76s

[2K[1A[2K[1A[2K[1A[2K[1A[2K[1A[2K[1A[2K[1A[2K[1A[2K[1A[2K[1A[2K[1A[2K[1A[2K[1A[2K[1A[2K[1A[2K[G
 ───────────────── Importing data ─────────────────

 ✔ Creating ingest job 661ms
 ⣾ Processing the job 5.98s
   ▸ Processed records: ◡
   ▸ Successful records: ◡
   ▸ Failed records: ◡

 Status: UploadComplete
 Job Id:
 750ct00000URbqDAAT (https://fortra--mergebuild.sandbox.my.salesforce.com/lightn
 ing/setup/AsyncApiJobStatus/page?address=%2F750ct00000URbqDAAT)
 Elapsed Time: 6.79s

[2K[1A[2K[1A[2K[1A[2K[1A[2K[1A[2K[1A[2K[1A[2K[1A[2K[1A[2K[1A[2K[1A[2K[1A[2K[1A[2K[1A[2K[1A[2K[G
 ───────────────── Importing data ─────────────────

 ✔ Creating ingest job 661ms
 ⣽ Processing the job 6.01s
   ▸ Processed records: ◟
   ▸ Successful records: ◡
   ▸ Failed records: ◡

 Status: UploadComplete
 Job Id:
 750ct00000URbqDAAT (https://fortra--mergebuild.sandbox.my.salesforce.com/lightn
 ing/setup/AsyncApiJobStatus/page?address=%2F750ct00000URbqDAAT)
 Elapsed Time: 6.82s

[2K[1A[2K[1A[2K[1A[2K[1A[2K[1A[2K[1A[2K[1A[2K[1A[2K[1A[2K[1A[2K[1A[2K[1A[2K[1A[2K[1A[2K[1A[2K[G
 ───────────────── Importing data ─────────────────

 ✔ Creating ingest job 661ms
 ⣽ Processing the job 6.04s
   ▸ Processed records: ◟
   ▸ Successful records: ◟
   ▸ Failed records: ◟

 Status: UploadComplete
 Job Id:
 750ct00000URbqDAAT (https://fortra--mergebuild.sandbox.my.salesforce.com/lightn
 ing/setup/AsyncApiJobStatus/page?address=%2F750ct00000URbqDAAT)
 Elapsed Time: 6.85s

[2K[1A[2K[1A[2K[1A[2K[1A[2K[1A[2K[1A[2K[1A[2K[1A[2K[1A[2K[1A[2K[1A[2K[1A[2K[1A[2K[1A[2K[1A[2K[G
 ───────────────── Importing data ─────────────────

 ✔ Creating ingest job 661ms
 ⣽ Processing the job 6.07s
   ▸ Processed records: ◟
   ▸ Successful records: ◟
   ▸ Failed records: ◟

 Status: UploadComplete
 Job Id:
 750ct00000URbqDAAT (https://fortra--mergebuild.sandbox.my.salesforce.com/lightn
 ing/setup/AsyncApiJobStatus/page?address=%2F750ct00000URbqDAAT)
 Elapsed Time: 6.88s

[2K[1A[2K[1A[2K[1A[2K[1A[2K[1A[2K[1A[2K[1A[2K[1A[2K[1A[2K[1A[2K[1A[2K[1A[2K[1A[2K[1A[2K[1A[2K[G
 ───────────────── Importing data ─────────────────

 ✔ Creating ingest job 661ms
 ⣻ Processing the job 6.10s
   ▸ Processed records: ◟
   ▸ Successful records: ◟
   ▸ Failed records: ◟

 Status: UploadComplete
 Job Id:
 750ct00000URbqDAAT (https://fortra--mergebuild.sandbox.my.salesforce.com/lightn
 ing/setup/AsyncApiJobStatus/page?address=%2F750ct00000URbqDAAT)
 Elapsed Time: 6.91s

[2K[1A[2K[1A[2K[1A[2K[1A[2K[1A[2K[1A[2K[1A[2K[1A[2K[1A[2K[1A[2K[1A[2K[1A[2K[1A[2K[1A[2K[1A[2K[G
 ───────────────── Importing data ─────────────────

 ✔ Creating ingest job 661ms
 ⣻ Processing the job 6.13s
   ▸ Processed records: ◜
   ▸ Successful records: ◜
   ▸ Failed records: ◜

 Status: UploadComplete
 Job Id:
 750ct00000URbqDAAT (https://fortra--mergebuild.sandbox.my.salesforce.com/lightn
 ing/setup/AsyncApiJobStatus/page?address=%2F750ct00000URbqDAAT)
 Elapsed Time: 6.94s

[2K[1A[2K[1A[2K[1A[2K[1A[2K[1A[2K[1A[2K[1A[2K[1A[2K[1A[2K[1A[2K[1A[2K[1A[2K[1A[2K[1A[2K[1A[2K[G
 ───────────────── Importing data ─────────────────

 ✔ Creating ingest job 661ms
 ⢿ Processing the job 6.16s
   ▸ Processed records: ◜
   ▸ Successful records: ◜
   ▸ Failed records: ◜

 Status: UploadComplete
 Job Id:
 750ct00000URbqDAAT (https://fortra--mergebuild.sandbox.my.salesforce.com/lightn
 ing/setup/AsyncApiJobStatus/page?address=%2F750ct00000URbqDAAT)
 Elapsed Time: 6.97s

[2K[1A[2K[1A[2K[1A[2K[1A[2K[1A[2K[1A[2K[1A[2K[1A[2K[1A[2K[1A[2K[1A[2K[1A[2K[1A[2K[1A[2K[1A[2K[G
 ───────────────── Importing data ─────────────────

 ✔ Creating ingest job 661ms
 ⢿ Processing the job 6.19s
   ▸ Processed records: ◜
   ▸ Successful records: ◜
   ▸ Failed records: ◜

 Status: UploadComplete
 Job Id:
 750ct00000URbqDAAT (https://fortra--mergebuild.sandbox.my.salesforce.com/lightn
 ing/setup/AsyncApiJobStatus/page?address=%2F750ct00000URbqDAAT)
 Elapsed Time: 7.00s

[2K[1A[2K[1A[2K[1A[2K[1A[2K[1A[2K[1A[2K[1A[2K[1A[2K[1A[2K[1A[2K[1A[2K[1A[2K[1A[2K[1A[2K[1A[2K[G
 ───────────────── Importing data ─────────────────

 ✔ Creating ingest job 661ms
 ⢿ Processing the job 6.22s
   ▸ Processed records: ◠
   ▸ Successful records: ◠
   ▸ Failed records: ◠

 Status: UploadComplete
 Job Id:
 750ct00000URbqDAAT (https://fortra--mergebuild.sandbox.my.salesforce.com/lightn
 ing/setup/AsyncApiJobStatus/page?address=%2F750ct00000URbqDAAT)
 Elapsed Time: 7.03s

[2K[1A[2K[1A[2K[1A[2K[1A[2K[1A[2K[1A[2K[1A[2K[1A[2K[1A[2K[1A[2K[1A[2K[1A[2K[1A[2K[1A[2K[1A[2K[G
 ───────────────── Importing data ─────────────────

 ✔ Creating ingest job 661ms
 ⡿ Processing the job 6.24s
   ▸ Processed records: ◠
   ▸ Successful records: ◠
   ▸ Failed records: ◠

 Status: UploadComplete
 Job Id:
 750ct00000URbqDAAT (https://fortra--mergebuild.sandbox.my.salesforce.com/lightn
 ing/setup/AsyncApiJobStatus/page?address=%2F750ct00000URbqDAAT)
 Elapsed Time: 7.07s

[2K[1A[2K[1A[2K[1A[2K[1A[2K[1A[2K[1A[2K[1A[2K[1A[2K[1A[2K[1A[2K[1A[2K[1A[2K[1A[2K[1A[2K[1A[2K[G
 ───────────────── Importing data ─────────────────

 ✔ Creating ingest job 661ms
 ⡿ Processing the job 6.27s
   ▸ Processed records: ◠
   ▸ Successful records: ◠
   ▸ Failed records: ◠

 Status: UploadComplete
 Job Id:
 750ct00000URbqDAAT (https://fortra--mergebuild.sandbox.my.salesforce.com/lightn
 ing/setup/AsyncApiJobStatus/page?address=%2F750ct00000URbqDAAT)
 Elapsed Time: 7.10s

[2K[1A[2K[1A[2K[1A[2K[1A[2K[1A[2K[1A[2K[1A[2K[1A[2K[1A[2K[1A[2K[1A[2K[1A[2K[1A[2K[1A[2K[1A[2K[G
 ───────────────── Importing data ─────────────────

 ✔ Creating ingest job 661ms
 ⣟ Processing the job 6.31s
   ▸ Processed records: ◝
   ▸ Successful records: ◝
   ▸ Failed records: ◝

 Status: UploadComplete
 Job Id:
 750ct00000URbqDAAT (https://fortra--mergebuild.sandbox.my.salesforce.com/lightn
 ing/setup/AsyncApiJobStatus/page?address=%2F750ct00000URbqDAAT)
 Elapsed Time: 7.12s

[2K[1A[2K[1A[2K[1A[2K[1A[2K[1A[2K[1A[2K[1A[2K[1A[2K[1A[2K[1A[2K[1A[2K[1A[2K[1A[2K[1A[2K[1A[2K[G
 ───────────────── Importing data ─────────────────

 ✔ Creating ingest job 661ms
 ⣟ Processing the job 6.34s
   ▸ Processed records: ◝
   ▸ Successful records: ◝
   ▸ Failed records: ◝

 Status: UploadComplete
 Job Id:
 750ct00000URbqDAAT (https://fortra--mergebuild.sandbox.my.salesforce.com/lightn
 ing/setup/AsyncApiJobStatus/page?address=%2F750ct00000URbqDAAT)
 Elapsed Time: 7.16s

[2K[1A[2K[1A[2K[1A[2K[1A[2K[1A[2K[1A[2K[1A[2K[1A[2K[1A[2K[1A[2K[1A[2K[1A[2K[1A[2K[1A[2K[1A[2K[G
 ───────────────── Importing data ─────────────────

 ✔ Creating ingest job 661ms
 ⣟ Processing the job 6.37s
   ▸ Processed records: ◝
   ▸ Successful records: ◝
   ▸ Failed records: ◝

 Status: UploadComplete
 Job Id:
 750ct00000URbqDAAT (https://fortra--mergebuild.sandbox.my.salesforce.com/lightn
 ing/setup/AsyncApiJobStatus/page?address=%2F750ct00000URbqDAAT)
 Elapsed Time: 7.19s

[2K[1A[2K[1A[2K[1A[2K[1A[2K[1A[2K[1A[2K[1A[2K[1A[2K[1A[2K[1A[2K[1A[2K[1A[2K[1A[2K[1A[2K[1A[2K[G
 ───────────────── Importing data ─────────────────

 ✔ Creating ingest job 661ms
 ⣯ Processing the job 6.40s
   ▸ Processed records: ◞
   ▸ Successful records: ◞
   ▸ Failed records: ◞

 Status: UploadComplete
 Job Id:
 750ct00000URbqDAAT (https://fortra--mergebuild.sandbox.my.salesforce.com/lightn
 ing/setup/AsyncApiJobStatus/page?address=%2F750ct00000URbqDAAT)
 Elapsed Time: 7.22s

[2K[1A[2K[1A[2K[1A[2K[1A[2K[1A[2K[1A[2K[1A[2K[1A[2K[1A[2K[1A[2K[1A[2K[1A[2K[1A[2K[1A[2K[1A[2K[G
 ───────────────── Importing data ─────────────────

 ✔ Creating ingest job 661ms
 ⣯ Processing the job 6.43s
   ▸ Processed records: ◞
   ▸ Successful records: ◞
   ▸ Failed records: ◞

 Status: UploadComplete
 Job Id:
 750ct00000URbqDAAT (https://fortra--mergebuild.sandbox.my.salesforce.com/lightn
 ing/setup/AsyncApiJobStatus/page?address=%2F750ct00000URbqDAAT)
 Elapsed Time: 7.25s

[2K[1A[2K[1A[2K[1A[2K[1A[2K[1A[2K[1A[2K[1A[2K[1A[2K[1A[2K[1A[2K[1A[2K[1A[2K[1A[2K[1A[2K[1A[2K[G
 ───────────────── Importing data ─────────────────

 ✔ Creating ingest job 661ms
 ⣷ Processing the job 6.45s
   ▸ Processed records: ◞
   ▸ Successful records: ◞
   ▸ Failed records: ◞

 Status: UploadComplete
 Job Id:
 750ct00000URbqDAAT (https://fortra--mergebuild.sandbox.my.salesforce.com/lightn
 ing/setup/AsyncApiJobStatus/page?address=%2F750ct00000URbqDAAT)
 Elapsed Time: 7.29s

[2K[1A[2K[1A[2K[1A[2K[1A[2K[1A[2K[1A[2K[1A[2K[1A[2K[1A[2K[1A[2K[1A[2K[1A[2K[1A[2K[1A[2K[1A[2K[G
 ───────────────── Importing data ─────────────────

 ✔ Creating ingest job 661ms
 ⣷ Processing the job 6.48s
   ▸ Processed records: ◡
   ▸ Successful records: ◡
   ▸ Failed records: ◡

 Status: UploadComplete
 Job Id:
 750ct00000URbqDAAT (https://fortra--mergebuild.sandbox.my.salesforce.com/lightn
 ing/setup/AsyncApiJobStatus/page?address=%2F750ct00000URbqDAAT)
 Elapsed Time: 7.31s

[2K[1A[2K[1A[2K[1A[2K[1A[2K[1A[2K[1A[2K[1A[2K[1A[2K[1A[2K[1A[2K[1A[2K[1A[2K[1A[2K[1A[2K[1A[2K[G
 ───────────────── Importing data ─────────────────

 ✔ Creating ingest job 661ms
 ⣷ Processing the job 6.51s
   ▸ Processed records: ◡
   ▸ Successful records: ◡
   ▸ Failed records: ◡

 Status: UploadComplete
 Job Id:
 750ct00000URbqDAAT (https://fortra--mergebuild.sandbox.my.salesforce.com/lightn
 ing/setup/AsyncApiJobStatus/page?address=%2F750ct00000URbqDAAT)
 Elapsed Time: 7.34s

[2K[1A[2K[1A[2K[1A[2K[1A[2K[1A[2K[1A[2K[1A[2K[1A[2K[1A[2K[1A[2K[1A[2K[1A[2K[1A[2K[1A[2K[1A[2K[G
 ───────────────── Importing data ─────────────────

 ✔ Creating ingest job 661ms
 ⣾ Processing the job 6.54s
   ▸ Processed records: ◡
   ▸ Successful records: ◡
   ▸ Failed records: ◡

 Status: UploadComplete
 Job Id:
 750ct00000URbqDAAT (https://fortra--mergebuild.sandbox.my.salesforce.com/lightn
 ing/setup/AsyncApiJobStatus/page?address=%2F750ct00000URbqDAAT)
 Elapsed Time: 7.37s

[2K[1A[2K[1A[2K[1A[2K[1A[2K[1A[2K[1A[2K[1A[2K[1A[2K[1A[2K[1A[2K[1A[2K[1A[2K[1A[2K[1A[2K[1A[2K[G
 ───────────────── Importing data ─────────────────

 ✔ Creating ingest job 661ms
 ⣾ Processing the job 6.57s
   ▸ Processed records: ◟
   ▸ Successful records: ◟
   ▸ Failed records: ◟

 Status: UploadComplete
 Job Id:
 750ct00000URbqDAAT (https://fortra--mergebuild.sandbox.my.salesforce.com/lightn
 ing/setup/AsyncApiJobStatus/page?address=%2F750ct00000URbqDAAT)
 Elapsed Time: 7.40s

[2K[1A[2K[1A[2K[1A[2K[1A[2K[1A[2K[1A[2K[1A[2K[1A[2K[1A[2K[1A[2K[1A[2K[1A[2K[1A[2K[1A[2K[1A[2K[G
 ───────────────── Importing data ─────────────────

 ✔ Creating ingest job 661ms
 ⣽ Processing the job 6.60s
   ▸ Processed records: ◟
   ▸ Successful records: ◟
   ▸ Failed records: ◟

 Status: UploadComplete
 Job Id:
 750ct00000URbqDAAT (https://fortra--mergebuild.sandbox.my.salesforce.com/lightn
 ing/setup/AsyncApiJobStatus/page?address=%2F750ct00000URbqDAAT)
 Elapsed Time: 7.43s

[2K[1A[2K[1A[2K[1A[2K[1A[2K[1A[2K[1A[2K[1A[2K[1A[2K[1A[2K[1A[2K[1A[2K[1A[2K[1A[2K[1A[2K[1A[2K[G
 ───────────────── Importing data ─────────────────

 ✔ Creating ingest job 661ms
 ⣽ Processing the job 6.63s
   ▸ Processed records: ◟
   ▸ Successful records: ◟
   ▸ Failed records: ◟

 Status: UploadComplete
 Job Id:
 750ct00000URbqDAAT (https://fortra--mergebuild.sandbox.my.salesforce.com/lightn
 ing/setup/AsyncApiJobStatus/page?address=%2F750ct00000URbqDAAT)
 Elapsed Time: 7.45s

[2K[1A[2K[1A[2K[1A[2K[1A[2K[1A[2K[1A[2K[1A[2K[1A[2K[1A[2K[1A[2K[1A[2K[1A[2K[1A[2K[1A[2K[1A[2K[G
 ───────────────── Importing data ─────────────────

 ✔ Creating ingest job 661ms
 ⣽ Processing the job 6.66s
   ▸ Processed records: ◜
   ▸ Successful records: ◜
   ▸ Failed records: ◜

 Status: UploadComplete
 Job Id:
 750ct00000URbqDAAT (https://fortra--mergebuild.sandbox.my.salesforce.com/lightn
 ing/setup/AsyncApiJobStatus/page?address=%2F750ct00000URbqDAAT)
 Elapsed Time: 7.48s

[2K[1A[2K[1A[2K[1A[2K[1A[2K[1A[2K[1A[2K[1A[2K[1A[2K[1A[2K[1A[2K[1A[2K[1A[2K[1A[2K[1A[2K[1A[2K[G
 ───────────────── Importing data ─────────────────

 ✔ Creating ingest job 661ms
 ⣻ Processing the job 6.69s
   ▸ Processed records: ◜
   ▸ Successful records: ◜
   ▸ Failed records: ◜

 Status: UploadComplete
 Job Id:
 750ct00000URbqDAAT (https://fortra--mergebuild.sandbox.my.salesforce.com/lightn
 ing/setup/AsyncApiJobStatus/page?address=%2F750ct00000URbqDAAT)
 Elapsed Time: 7.51s

[2K[1A[2K[1A[2K[1A[2K[1A[2K[1A[2K[1A[2K[1A[2K[1A[2K[1A[2K[1A[2K[1A[2K[1A[2K[1A[2K[1A[2K[1A[2K[G
 ───────────────── Importing data ─────────────────

 ✔ Creating ingest job 661ms
 ⣻ Processing the job 6.72s
   ▸ Processed records: ◜
   ▸ Successful records: ◜
   ▸ Failed records: ◜

 Status: UploadComplete
 Job Id:
 750ct00000URbqDAAT (https://fortra--mergebuild.sandbox.my.salesforce.com/lightn
 ing/setup/AsyncApiJobStatus/page?address=%2F750ct00000URbqDAAT)
 Elapsed Time: 7.54s

[2K[1A[2K[1A[2K[1A[2K[1A[2K[1A[2K[1A[2K[1A[2K[1A[2K[1A[2K[1A[2K[1A[2K[1A[2K[1A[2K[1A[2K[1A[2K[G
 ───────────────── Importing data ─────────────────

 ✔ Creating ingest job 661ms
 ⢿ Processing the job 6.75s
   ▸ Processed records: ◠
   ▸ Successful records: ◜
   ▸ Failed records: ◜

 Status: UploadComplete
 Job Id:
 750ct00000URbqDAAT (https://fortra--mergebuild.sandbox.my.salesforce.com/lightn
 ing/setup/AsyncApiJobStatus/page?address=%2F750ct00000URbqDAAT)
 Elapsed Time: 7.58s

[2K[1A[2K[1A[2K[1A[2K[1A[2K[1A[2K[1A[2K[1A[2K[1A[2K[1A[2K[1A[2K[1A[2K[1A[2K[1A[2K[1A[2K[1A[2K[G
 ───────────────── Importing data ─────────────────

 ✔ Creating ingest job 661ms
 ⢿ Processing the job 6.78s
   ▸ Processed records: ◠
   ▸ Successful records: ◠
   ▸ Failed records: ◠

 Status: UploadComplete
 Job Id:
 750ct00000URbqDAAT (https://fortra--mergebuild.sandbox.my.salesforce.com/lightn
 ing/setup/AsyncApiJobStatus/page?address=%2F750ct00000URbqDAAT)
 Elapsed Time: 7.61s

[2K[1A[2K[1A[2K[1A[2K[1A[2K[1A[2K[1A[2K[1A[2K[1A[2K[1A[2K[1A[2K[1A[2K[1A[2K[1A[2K[1A[2K[1A[2K[G
 ───────────────── Importing data ─────────────────

 ✔ Creating ingest job 661ms
 ⢿ Processing the job 6.81s
   ▸ Processed records: ◠
   ▸ Successful records: ◠
   ▸ Failed records: ◠

 Status: UploadComplete
 Job Id:
 750ct00000URbqDAAT (https://fortra--mergebuild.sandbox.my.salesforce.com/lightn
 ing/setup/AsyncApiJobStatus/page?address=%2F750ct00000URbqDAAT)
 Elapsed Time: 7.64s

[2K[1A[2K[1A[2K[1A[2K[1A[2K[1A[2K[1A[2K[1A[2K[1A[2K[1A[2K[1A[2K[1A[2K[1A[2K[1A[2K[1A[2K[1A[2K[G
 ───────────────── Importing data ─────────────────

 ✔ Creating ingest job 661ms
 ⡿ Processing the job 6.84s
   ▸ Processed records: ◝
   ▸ Successful records: ◠
   ▸ Failed records: ◠

 Status: UploadComplete
 Job Id:
 750ct00000URbqDAAT (https://fortra--mergebuild.sandbox.my.salesforce.com/lightn
 ing/setup/AsyncApiJobStatus/page?address=%2F750ct00000URbqDAAT)
 Elapsed Time: 7.66s

[2K[1A[2K[1A[2K[1A[2K[1A[2K[1A[2K[1A[2K[1A[2K[1A[2K[1A[2K[1A[2K[1A[2K[1A[2K[1A[2K[1A[2K[1A[2K[G
 ───────────────── Importing data ─────────────────

 ✔ Creating ingest job 661ms
 ⡿ Processing the job 6.87s
   ▸ Processed records: ◝
   ▸ Successful records: ◝
   ▸ Failed records: ◝

 Status: UploadComplete
 Job Id:
 750ct00000URbqDAAT (https://fortra--mergebuild.sandbox.my.salesforce.com/lightn
 ing/setup/AsyncApiJobStatus/page?address=%2F750ct00000URbqDAAT)
 Elapsed Time: 7.70s

[2K[1A[2K[1A[2K[1A[2K[1A[2K[1A[2K[1A[2K[1A[2K[1A[2K[1A[2K[1A[2K[1A[2K[1A[2K[1A[2K[1A[2K[1A[2K[G
 ───────────────── Importing data ─────────────────

 ✔ Creating ingest job 661ms
 ⣟ Processing the job 6.90s
   ▸ Processed records: ◝
   ▸ Successful records: ◝
   ▸ Failed records: ◝

 Status: UploadComplete
 Job Id:
 750ct00000URbqDAAT (https://fortra--mergebuild.sandbox.my.salesforce.com/lightn
 ing/setup/AsyncApiJobStatus/page?address=%2F750ct00000URbqDAAT)
 Elapsed Time: 7.73s

[2K[1A[2K[1A[2K[1A[2K[1A[2K[1A[2K[1A[2K[1A[2K[1A[2K[1A[2K[1A[2K[1A[2K[1A[2K[1A[2K[1A[2K[1A[2K[G
 ───────────────── Importing data ─────────────────

 ✔ Creating ingest job 661ms
 ⣟ Processing the job 6.93s
   ▸ Processed records: ◝
   ▸ Successful records: ◝
   ▸ Failed records: ◝

 Status: UploadComplete
 Job Id:
 750ct00000URbqDAAT (https://fortra--mergebuild.sandbox.my.salesforce.com/lightn
 ing/setup/AsyncApiJobStatus/page?address=%2F750ct00000URbqDAAT)
 Elapsed Time: 7.76s

[2K[1A[2K[1A[2K[1A[2K[1A[2K[1A[2K[1A[2K[1A[2K[1A[2K[1A[2K[1A[2K[1A[2K[1A[2K[1A[2K[1A[2K[1A[2K[G
 ───────────────── Importing data ─────────────────

 ✔ Creating ingest job 661ms
 ⣟ Processing the job 6.95s
   ▸ Processed records: ◞
   ▸ Successful records: ◞
   ▸ Failed records: ◞

 Status: UploadComplete
 Job Id:
 750ct00000URbqDAAT (https://fortra--mergebuild.sandbox.my.salesforce.com/lightn
 ing/setup/AsyncApiJobStatus/page?address=%2F750ct00000URbqDAAT)
 Elapsed Time: 7.79s

[2K[1A[2K[1A[2K[1A[2K[1A[2K[1A[2K[1A[2K[1A[2K[1A[2K[1A[2K[1A[2K[1A[2K[1A[2K[1A[2K[1A[2K[1A[2K[G
 ───────────────── Importing data ─────────────────

 ✔ Creating ingest job 661ms
 ⣯ Processing the job 6.98s
   ▸ Processed records: ◞
   ▸ Successful records: ◞
   ▸ Failed records: ◞

 Status: UploadComplete
 Job Id:
 750ct00000URbqDAAT (https://fortra--mergebuild.sandbox.my.salesforce.com/lightn
 ing/setup/AsyncApiJobStatus/page?address=%2F750ct00000URbqDAAT)
 Elapsed Time: 7.81s

[2K[1A[2K[1A[2K[1A[2K[1A[2K[1A[2K[1A[2K[1A[2K[1A[2K[1A[2K[1A[2K[1A[2K[1A[2K[1A[2K[1A[2K[1A[2K[G
 ───────────────── Importing data ─────────────────

 ✔ Creating ingest job 661ms
 ⣯ Processing the job 7.02s
   ▸ Processed records: ◞
   ▸ Successful records: ◞
   ▸ Failed records: ◞

 Status: UploadComplete
 Job Id:
 750ct00000URbqDAAT (https://fortra--mergebuild.sandbox.my.salesforce.com/lightn
 ing/setup/AsyncApiJobStatus/page?address=%2F750ct00000URbqDAAT)
 Elapsed Time: 7.84s

[2K[1A[2K[1A[2K[1A[2K[1A[2K[1A[2K[1A[2K[1A[2K[1A[2K[1A[2K[1A[2K[1A[2K[1A[2K[1A[2K[1A[2K[1A[2K[G
 ───────────────── Importing data ─────────────────

 ✔ Creating ingest job 661ms
 ⣷ Processing the job 7.04s
   ▸ Processed records: ◡
   ▸ Successful records: ◡
   ▸ Failed records: ◡

 Status: UploadComplete
 Job Id:
 750ct00000URbqDAAT (https://fortra--mergebuild.sandbox.my.salesforce.com/lightn
 ing/setup/AsyncApiJobStatus/page?address=%2F750ct00000URbqDAAT)
 Elapsed Time: 7.88s

[2K[1A[2K[1A[2K[1A[2K[1A[2K[1A[2K[1A[2K[1A[2K[1A[2K[1A[2K[1A[2K[1A[2K[1A[2K[1A[2K[1A[2K[1A[2K[G
 ───────────────── Importing data ─────────────────

 ✔ Creating ingest job 661ms
 ⣷ Processing the job 7.08s
   ▸ Processed records: ◡
   ▸ Successful records: ◡
   ▸ Failed records: ◡

 Status: UploadComplete
 Job Id:
 750ct00000URbqDAAT (https://fortra--mergebuild.sandbox.my.salesforce.com/lightn
 ing/setup/AsyncApiJobStatus/page?address=%2F750ct00000URbqDAAT)
 Elapsed Time: 7.91s

[2K[1A[2K[1A[2K[1A[2K[1A[2K[1A[2K[1A[2K[1A[2K[1A[2K[1A[2K[1A[2K[1A[2K[1A[2K[1A[2K[1A[2K[1A[2K[G
 ───────────────── Importing data ─────────────────

 ✔ Creating ingest job 661ms
 ⣷ Processing the job 7.11s
   ▸ Processed records: ◡
   ▸ Successful records: ◡
   ▸ Failed records: ◡

 Status: UploadComplete
 Job Id:
 750ct00000URbqDAAT (https://fortra--mergebuild.sandbox.my.salesforce.com/lightn
 ing/setup/AsyncApiJobStatus/page?address=%2F750ct00000URbqDAAT)
 Elapsed Time: 7.94s

[2K[1A[2K[1A[2K[1A[2K[1A[2K[1A[2K[1A[2K[1A[2K[1A[2K[1A[2K[1A[2K[1A[2K[1A[2K[1A[2K[1A[2K[1A[2K[G
 ───────────────── Importing data ─────────────────

 ✔ Creating ingest job 661ms
 ⣾ Processing the job 7.14s
   ▸ Processed records: ◟
   ▸ Successful records: ◟
   ▸ Failed records: ◟

 Status: UploadComplete
 Job Id:
 750ct00000URbqDAAT (https://fortra--mergebuild.sandbox.my.salesforce.com/lightn
 ing/setup/AsyncApiJobStatus/page?address=%2F750ct00000URbqDAAT)
 Elapsed Time: 7.97s

[2K[1A[2K[1A[2K[1A[2K[1A[2K[1A[2K[1A[2K[1A[2K[1A[2K[1A[2K[1A[2K[1A[2K[1A[2K[1A[2K[1A[2K[1A[2K[G
 ───────────────── Importing data ─────────────────

 ✔ Creating ingest job 661ms
 ⣾ Processing the job 7.17s
   ▸ Processed records: ◟
   ▸ Successful records: ◟
   ▸ Failed records: ◟

 Status: UploadComplete
 Job Id:
 750ct00000URbqDAAT (https://fortra--mergebuild.sandbox.my.salesforce.com/lightn
 ing/setup/AsyncApiJobStatus/page?address=%2F750ct00000URbqDAAT)
 Elapsed Time: 8.00s

[2K[1A[2K[1A[2K[1A[2K[1A[2K[1A[2K[1A[2K[1A[2K[1A[2K[1A[2K[1A[2K[1A[2K[1A[2K[1A[2K[1A[2K[1A[2K[G
 ───────────────── Importing data ─────────────────

 ✔ Creating ingest job 661ms
 ⣽ Processing the job 7.20s
   ▸ Processed records: ◟
   ▸ Successful records: ◟
   ▸ Failed records: ◟

 Status: UploadComplete
 Job Id:
 750ct00000URbqDAAT (https://fortra--mergebuild.sandbox.my.salesforce.com/lightn
 ing/setup/AsyncApiJobStatus/page?address=%2F750ct00000URbqDAAT)
 Elapsed Time: 8.03s

[2K[1A[2K[1A[2K[1A[2K[1A[2K[1A[2K[1A[2K[1A[2K[1A[2K[1A[2K[1A[2K[1A[2K[1A[2K[1A[2K[1A[2K[1A[2K[G
 ───────────────── Importing data ─────────────────

 ✔ Creating ingest job 661ms
 ⣽ Processing the job 7.23s
   ▸ Processed records: ◜
   ▸ Successful records: ◜
   ▸ Failed records: ◜

 Status: UploadComplete
 Job Id:
 750ct00000URbqDAAT (https://fortra--mergebuild.sandbox.my.salesforce.com/lightn
 ing/setup/AsyncApiJobStatus/page?address=%2F750ct00000URbqDAAT)
 Elapsed Time: 8.06s

[2K[1A[2K[1A[2K[1A[2K[1A[2K[1A[2K[1A[2K[1A[2K[1A[2K[1A[2K[1A[2K[1A[2K[1A[2K[1A[2K[1A[2K[1A[2K[G
 ───────────────── Importing data ─────────────────

 ✔ Creating ingest job 661ms
 ⣽ Processing the job 7.25s
   ▸ Processed records: ◜
   ▸ Successful records: ◜
   ▸ Failed records: ◜

 Status: UploadComplete
 Job Id:
 750ct00000URbqDAAT (https://fortra--mergebuild.sandbox.my.salesforce.com/lightn
 ing/setup/AsyncApiJobStatus/page?address=%2F750ct00000URbqDAAT)
 Elapsed Time: 8.09s

[2K[1A[2K[1A[2K[1A[2K[1A[2K[1A[2K[1A[2K[1A[2K[1A[2K[1A[2K[1A[2K[1A[2K[1A[2K[1A[2K[1A[2K[1A[2K[G
 ───────────────── Importing data ─────────────────

 ✔ Creating ingest job 661ms
 ⣻ Processing the job 7.28s
   ▸ Processed records: ◜
   ▸ Successful records: ◜
   ▸ Failed records: ◜

 Status: UploadComplete
 Job Id:
 750ct00000URbqDAAT (https://fortra--mergebuild.sandbox.my.salesforce.com/lightn
 ing/setup/AsyncApiJobStatus/page?address=%2F750ct00000URbqDAAT)
 Elapsed Time: 8.11s

[2K[1A[2K[1A[2K[1A[2K[1A[2K[1A[2K[1A[2K[1A[2K[1A[2K[1A[2K[1A[2K[1A[2K[1A[2K[1A[2K[1A[2K[1A[2K[G
 ───────────────── Importing data ─────────────────

 ✔ Creating ingest job 661ms
 ⣻ Processing the job 7.31s
   ▸ Processed records: ◠
   ▸ Successful records: ◠
   ▸ Failed records: ◠

 Status: UploadComplete
 Job Id:
 750ct00000URbqDAAT (https://fortra--mergebuild.sandbox.my.salesforce.com/lightn
 ing/setup/AsyncApiJobStatus/page?address=%2F750ct00000URbqDAAT)
 Elapsed Time: 8.14s

[2K[1A[2K[1A[2K[1A[2K[1A[2K[1A[2K[1A[2K[1A[2K[1A[2K[1A[2K[1A[2K[1A[2K[1A[2K[1A[2K[1A[2K[1A[2K[G
 ───────────────── Importing data ─────────────────

 ✔ Creating ingest job 661ms
 ⢿ Processing the job 7.35s
   ▸ Processed records: ◠
   ▸ Successful records: ◠
   ▸ Failed records: ◠

 Status: UploadComplete
 Job Id:
 750ct00000URbqDAAT (https://fortra--mergebuild.sandbox.my.salesforce.com/lightn
 ing/setup/AsyncApiJobStatus/page?address=%2F750ct00000URbqDAAT)
 Elapsed Time: 8.17s

[2K[1A[2K[1A[2K[1A[2K[1A[2K[1A[2K[1A[2K[1A[2K[1A[2K[1A[2K[1A[2K[1A[2K[1A[2K[1A[2K[1A[2K[1A[2K[G
 ───────────────── Importing data ─────────────────

 ✔ Creating ingest job 661ms
 ⢿ Processing the job 7.38s
   ▸ Processed records: ◠
   ▸ Successful records: ◠
   ▸ Failed records: ◠

 Status: UploadComplete
 Job Id:
 750ct00000URbqDAAT (https://fortra--mergebuild.sandbox.my.salesforce.com/lightn
 ing/setup/AsyncApiJobStatus/page?address=%2F750ct00000URbqDAAT)
 Elapsed Time: 8.20s

[2K[1A[2K[1A[2K[1A[2K[1A[2K[1A[2K[1A[2K[1A[2K[1A[2K[1A[2K[1A[2K[1A[2K[1A[2K[1A[2K[1A[2K[1A[2K[G
 ───────────────── Importing data ─────────────────

 ✔ Creating ingest job 661ms
 ⢿ Processing the job 7.41s
   ▸ Processed records: ◝
   ▸ Successful records: ◝
   ▸ Failed records: ◠

 Status: UploadComplete
 Job Id:
 750ct00000URbqDAAT (https://fortra--mergebuild.sandbox.my.salesforce.com/lightn
 ing/setup/AsyncApiJobStatus/page?address=%2F750ct00000URbqDAAT)
 Elapsed Time: 8.24s

[2K[1A[2K[1A[2K[1A[2K[1A[2K[1A[2K[1A[2K[1A[2K[1A[2K[1A[2K[1A[2K[1A[2K[1A[2K[1A[2K[1A[2K[1A[2K[G
 ───────────────── Importing data ─────────────────

 ✔ Creating ingest job 661ms
 ⡿ Processing the job 7.44s
   ▸ Processed records: ◝
   ▸ Successful records: ◝
   ▸ Failed records: ◝

 Status: UploadComplete
 Job Id:
 750ct00000URbqDAAT (https://fortra--mergebuild.sandbox.my.salesforce.com/lightn
 ing/setup/AsyncApiJobStatus/page?address=%2F750ct00000URbqDAAT)
 Elapsed Time: 8.27s

[2K[1A[2K[1A[2K[1A[2K[1A[2K[1A[2K[1A[2K[1A[2K[1A[2K[1A[2K[1A[2K[1A[2K[1A[2K[1A[2K[1A[2K[1A[2K[G
 ───────────────── Importing data ─────────────────

 ✔ Creating ingest job 661ms
 ⡿ Processing the job 7.48s
   ▸ Processed records: ◝
   ▸ Successful records: ◝
   ▸ Failed records: ◝

 Status: UploadComplete
 Job Id:
 750ct00000URbqDAAT (https://fortra--mergebuild.sandbox.my.salesforce.com/lightn
 ing/setup/AsyncApiJobStatus/page?address=%2F750ct00000URbqDAAT)
 Elapsed Time: 8.30s

[2K[1A[2K[1A[2K[1A[2K[1A[2K[1A[2K[1A[2K[1A[2K[1A[2K[1A[2K[1A[2K[1A[2K[1A[2K[1A[2K[1A[2K[1A[2K[G
 ───────────────── Importing data ─────────────────

 ✔ Creating ingest job 661ms
 ⣟ Processing the job 7.50s
   ▸ Processed records: ◞
   ▸ Successful records: ◞
   ▸ Failed records: ◞

 Status: UploadComplete
 Job Id:
 750ct00000URbqDAAT (https://fortra--mergebuild.sandbox.my.salesforce.com/lightn
 ing/setup/AsyncApiJobStatus/page?address=%2F750ct00000URbqDAAT)
 Elapsed Time: 8.33s

[2K[1A[2K[1A[2K[1A[2K[1A[2K[1A[2K[1A[2K[1A[2K[1A[2K[1A[2K[1A[2K[1A[2K[1A[2K[1A[2K[1A[2K[1A[2K[G
 ───────────────── Importing data ─────────────────

 ✔ Creating ingest job 661ms
 ⣟ Processing the job 7.53s
   ▸ Processed records: ◞
   ▸ Successful records: ◞
   ▸ Failed records: ◞

 Status: UploadComplete
 Job Id:
 750ct00000URbqDAAT (https://fortra--mergebuild.sandbox.my.salesforce.com/lightn
 ing/setup/AsyncApiJobStatus/page?address=%2F750ct00000URbqDAAT)
 Elapsed Time: 8.37s

[2K[1A[2K[1A[2K[1A[2K[1A[2K[1A[2K[1A[2K[1A[2K[1A[2K[1A[2K[1A[2K[1A[2K[1A[2K[1A[2K[1A[2K[1A[2K[G
 ───────────────── Importing data ─────────────────

 ✔ Creating ingest job 661ms
 ⣯ Processing the job 7.57s
   ▸ Processed records: ◞
   ▸ Successful records: ◞
   ▸ Failed records: ◞

 Status: UploadComplete
 Job Id:
 750ct00000URbqDAAT (https://fortra--mergebuild.sandbox.my.salesforce.com/lightn
 ing/setup/AsyncApiJobStatus/page?address=%2F750ct00000URbqDAAT)
 Elapsed Time: 8.40s

[2K[1A[2K[1A[2K[1A[2K[1A[2K[1A[2K[1A[2K[1A[2K[1A[2K[1A[2K[1A[2K[1A[2K[1A[2K[1A[2K[1A[2K[1A[2K[G
 ───────────────── Importing data ─────────────────

 ✔ Creating ingest job 661ms
 ⣯ Processing the job 7.60s
   ▸ Processed records: ◡
   ▸ Successful records: ◡
   ▸ Failed records: ◞

 Status: UploadComplete
 Job Id:
 750ct00000URbqDAAT (https://fortra--mergebuild.sandbox.my.salesforce.com/lightn
 ing/setup/AsyncApiJobStatus/page?address=%2F750ct00000URbqDAAT)
 Elapsed Time: 8.43s

[2K[1A[2K[1A[2K[1A[2K[1A[2K[1A[2K[1A[2K[1A[2K[1A[2K[1A[2K[1A[2K[1A[2K[1A[2K[1A[2K[1A[2K[1A[2K[G
 ───────────────── Importing data ─────────────────

 ✔ Creating ingest job 661ms
 ⣯ Processing the job 7.62s
   ▸ Processed records: ◡
   ▸ Successful records: ◡
   ▸ Failed records: ◡

 Status: UploadComplete
 Job Id:
 750ct00000URbqDAAT (https://fortra--mergebuild.sandbox.my.salesforce.com/lightn
 ing/setup/AsyncApiJobStatus/page?address=%2F750ct00000URbqDAAT)
 Elapsed Time: 8.47s

[2K[1A[2K[1A[2K[1A[2K[1A[2K[1A[2K[1A[2K[1A[2K[1A[2K[1A[2K[1A[2K[1A[2K[1A[2K[1A[2K[1A[2K[1A[2K[G
 ───────────────── Importing data ─────────────────

 ✔ Creating ingest job 661ms
 ⣷ Processing the job 7.66s
   ▸ Processed records: ◡
   ▸ Successful records: ◡
   ▸ Failed records: ◡

 Status: UploadComplete
 Job Id:
 750ct00000URbqDAAT (https://fortra--mergebuild.sandbox.my.salesforce.com/lightn
 ing/setup/AsyncApiJobStatus/page?address=%2F750ct00000URbqDAAT)
 Elapsed Time: 8.49s

[2K[1A[2K[1A[2K[1A[2K[1A[2K[1A[2K[1A[2K[1A[2K[1A[2K[1A[2K[1A[2K[1A[2K[1A[2K[1A[2K[1A[2K[1A[2K[G
 ───────────────── Importing data ─────────────────

 ✔ Creating ingest job 661ms
 ⣷ Processing the job 7.69s
   ▸ Processed records: ◟
   ▸ Successful records: ◟
   ▸ Failed records: ◡

 Status: UploadComplete
 Job Id:
 750ct00000URbqDAAT (https://fortra--mergebuild.sandbox.my.salesforce.com/lightn
 ing/setup/AsyncApiJobStatus/page?address=%2F750ct00000URbqDAAT)
 Elapsed Time: 8.52s

[2K[1A[2K[1A[2K[1A[2K[1A[2K[1A[2K[1A[2K[1A[2K[1A[2K[1A[2K[1A[2K[1A[2K[1A[2K[1A[2K[1A[2K[1A[2K[G
 ───────────────── Importing data ─────────────────

 ✔ Creating ingest job 661ms
 ⣾ Processing the job 7.72s
   ▸ Processed records: ◟
   ▸ Successful records: ◟
   ▸ Failed records: ◟

 Status: UploadComplete
 Job Id:
 750ct00000URbqDAAT (https://fortra--mergebuild.sandbox.my.salesforce.com/lightn
 ing/setup/AsyncApiJobStatus/page?address=%2F750ct00000URbqDAAT)
 Elapsed Time: 8.55s

[2K[1A[2K[1A[2K[1A[2K[1A[2K[1A[2K[1A[2K[1A[2K[1A[2K[1A[2K[1A[2K[1A[2K[1A[2K[1A[2K[1A[2K[1A[2K[G
 ───────────────── Importing data ─────────────────

 ✔ Creating ingest job 661ms
 ⣾ Processing the job 7.75s
   ▸ Processed records: ◟
   ▸ Successful records: ◟
   ▸ Failed records: ◟

 Status: UploadComplete
 Job Id:
 750ct00000URbqDAAT (https://fortra--mergebuild.sandbox.my.salesforce.com/lightn
 ing/setup/AsyncApiJobStatus/page?address=%2F750ct00000URbqDAAT)
 Elapsed Time: 8.58s

[2K[1A[2K[1A[2K[1A[2K[1A[2K[1A[2K[1A[2K[1A[2K[1A[2K[1A[2K[1A[2K[1A[2K[1A[2K[1A[2K[1A[2K[1A[2K[G
 ───────────────── Importing data ─────────────────

 ✔ Creating ingest job 661ms
 ⣾ Processing the job 7.78s
   ▸ Processed records: ◟
   ▸ Successful records: ◟
   ▸ Failed records: ◟

 Status: UploadComplete
 Job Id:
 750ct00000URbqDAAT (https://fortra--mergebuild.sandbox.my.salesforce.com/lightn
 ing/setup/AsyncApiJobStatus/page?address=%2F750ct00000URbqDAAT)
 Elapsed Time: 8.61s

[2K[1A[2K[1A[2K[1A[2K[1A[2K[1A[2K[1A[2K[1A[2K[1A[2K[1A[2K[1A[2K[1A[2K[1A[2K[1A[2K[1A[2K[1A[2K[G
 ───────────────── Importing data ─────────────────

 ✔ Creating ingest job 661ms
 ⣽ Processing the job 7.81s
   ▸ Processed records: ◜
   ▸ Successful records: ◜
   ▸ Failed records: ◜

 Status: UploadComplete
 Job Id:
 750ct00000URbqDAAT (https://fortra--mergebuild.sandbox.my.salesforce.com/lightn
 ing/setup/AsyncApiJobStatus/page?address=%2F750ct00000URbqDAAT)
 Elapsed Time: 8.64s

[2K[1A[2K[1A[2K[1A[2K[1A[2K[1A[2K[1A[2K[1A[2K[1A[2K[1A[2K[1A[2K[1A[2K[1A[2K[1A[2K[1A[2K[1A[2K[G
 ───────────────── Importing data ─────────────────

 ✔ Creating ingest job 661ms
 ⣽ Processing the job 7.84s
   ▸ Processed records: ◜
   ▸ Successful records: ◜
   ▸ Failed records: ◜

 Status: UploadComplete
 Job Id:
 750ct00000URbqDAAT (https://fortra--mergebuild.sandbox.my.salesforce.com/lightn
 ing/setup/AsyncApiJobStatus/page?address=%2F750ct00000URbqDAAT)
 Elapsed Time: 8.67s

[2K[1A[2K[1A[2K[1A[2K[1A[2K[1A[2K[1A[2K[1A[2K[1A[2K[1A[2K[1A[2K[1A[2K[1A[2K[1A[2K[1A[2K[1A[2K[G
 ───────────────── Importing data ─────────────────

 ✔ Creating ingest job 661ms
 ⣻ Processing the job 7.87s
   ▸ Processed records: ◜
   ▸ Successful records: ◜
   ▸ Failed records: ◜

 Status: UploadComplete
 Job Id:
 750ct00000URbqDAAT (https://fortra--mergebuild.sandbox.my.salesforce.com/lightn
 ing/setup/AsyncApiJobStatus/page?address=%2F750ct00000URbqDAAT)
 Elapsed Time: 8.70s

[2K[1A[2K[1A[2K[1A[2K[1A[2K[1A[2K[1A[2K[1A[2K[1A[2K[1A[2K[1A[2K[1A[2K[1A[2K[1A[2K[1A[2K[1A[2K[G
 ───────────────── Importing data ─────────────────

 ✔ Creating ingest job 661ms
 ⣻ Processing the job 7.91s
   ▸ Processed records: ◠
   ▸ Successful records: ◠
   ▸ Failed records: ◠

 Status: UploadComplete
 Job Id:
 750ct00000URbqDAAT (https://fortra--mergebuild.sandbox.my.salesforce.com/lightn
 ing/setup/AsyncApiJobStatus/page?address=%2F750ct00000URbqDAAT)
 Elapsed Time: 8.73s

[2K[1A[2K[1A[2K[1A[2K[1A[2K[1A[2K[1A[2K[1A[2K[1A[2K[1A[2K[1A[2K[1A[2K[1A[2K[1A[2K[1A[2K[1A[2K[G
 ───────────────── Importing data ─────────────────

 ✔ Creating ingest job 661ms
 ⣻ Processing the job 7.94s
   ▸ Processed records: ◠
   ▸ Successful records: ◠
   ▸ Failed records: ◠

 Status: UploadComplete
 Job Id:
 750ct00000URbqDAAT (https://fortra--mergebuild.sandbox.my.salesforce.com/lightn
 ing/setup/AsyncApiJobStatus/page?address=%2F750ct00000URbqDAAT)
 Elapsed Time: 8.76s

[2K[1A[2K[1A[2K[1A[2K[1A[2K[1A[2K[1A[2K[1A[2K[1A[2K[1A[2K[1A[2K[1A[2K[1A[2K[1A[2K[1A[2K[1A[2K[G
 ───────────────── Importing data ─────────────────

 ✔ Creating ingest job 661ms
 ⢿ Processing the job 7.97s
   ▸ Processed records: ◠
   ▸ Successful records: ◠
   ▸ Failed records: ◠

 Status: UploadComplete
 Job Id:
 750ct00000URbqDAAT (https://fortra--mergebuild.sandbox.my.salesforce.com/lightn
 ing/setup/AsyncApiJobStatus/page?address=%2F750ct00000URbqDAAT)
 Elapsed Time: 8.79s

[2K[1A[2K[1A[2K[1A[2K[1A[2K[1A[2K[1A[2K[1A[2K[1A[2K[1A[2K[1A[2K[1A[2K[1A[2K[1A[2K[1A[2K[1A[2K[G
 ───────────────── Importing data ─────────────────

 ✔ Creating ingest job 661ms
 ⢿ Processing the job 8.00s
   ▸ Processed records: ◝
   ▸ Successful records: ◝
   ▸ Failed records: ◝

 Status: UploadComplete
 Job Id:
 750ct00000URbqDAAT (https://fortra--mergebuild.sandbox.my.salesforce.com/lightn
 ing/setup/AsyncApiJobStatus/page?address=%2F750ct00000URbqDAAT)
 Elapsed Time: 8.82s

[2K[1A[2K[1A[2K[1A[2K[1A[2K[1A[2K[1A[2K[1A[2K[1A[2K[1A[2K[1A[2K[1A[2K[1A[2K[1A[2K[1A[2K[1A[2K[G
 ───────────────── Importing data ─────────────────

 ✔ Creating ingest job 661ms
 ⡿ Processing the job 8.03s
   ▸ Processed records: ◝
   ▸ Successful records: ◝
   ▸ Failed records: ◝

 Status: UploadComplete
 Job Id:
 750ct00000URbqDAAT (https://fortra--mergebuild.sandbox.my.salesforce.com/lightn
 ing/setup/AsyncApiJobStatus/page?address=%2F750ct00000URbqDAAT)
 Elapsed Time: 8.85s

[2K[1A[2K[1A[2K[1A[2K[1A[2K[1A[2K[1A[2K[1A[2K[1A[2K[1A[2K[1A[2K[1A[2K[1A[2K[1A[2K[1A[2K[1A[2K[G
 ───────────────── Importing data ─────────────────

 ✔ Creating ingest job 661ms
 ⡿ Processing the job 8.06s
   ▸ Processed records: ◝
   ▸ Successful records: ◝
   ▸ Failed records: ◝

 Status: UploadComplete
 Job Id:
 750ct00000URbqDAAT (https://fortra--mergebuild.sandbox.my.salesforce.com/lightn
 ing/setup/AsyncApiJobStatus/page?address=%2F750ct00000URbqDAAT)
 Elapsed Time: 8.88s

[2K[1A[2K[1A[2K[1A[2K[1A[2K[1A[2K[1A[2K[1A[2K[1A[2K[1A[2K[1A[2K[1A[2K[1A[2K[1A[2K[1A[2K[1A[2K[G
 ───────────────── Importing data ─────────────────

 ✔ Creating ingest job 661ms
 ⡿ Processing the job 8.09s
   ▸ Processed records: ◞
   ▸ Successful records: ◞
   ▸ Failed records: ◞

 Status: UploadComplete
 Job Id:
 750ct00000URbqDAAT (https://fortra--mergebuild.sandbox.my.salesforce.com/lightn
 ing/setup/AsyncApiJobStatus/page?address=%2F750ct00000URbqDAAT)
 Elapsed Time: 8.91s

[2K[1A[2K[1A[2K[1A[2K[1A[2K[1A[2K[1A[2K[1A[2K[1A[2K[1A[2K[1A[2K[1A[2K[1A[2K[1A[2K[1A[2K[1A[2K[G
 ───────────────── Importing data ─────────────────

 ✔ Creating ingest job 661ms
 ⣟ Processing the job 8.12s
   ▸ Processed records: ◞
   ▸ Successful records: ◞
   ▸ Failed records: ◞

 Status: UploadComplete
 Job Id:
 750ct00000URbqDAAT (https://fortra--mergebuild.sandbox.my.salesforce.com/lightn
 ing/setup/AsyncApiJobStatus/page?address=%2F750ct00000URbqDAAT)
 Elapsed Time: 8.94s

[2K[1A[2K[1A[2K[1A[2K[1A[2K[1A[2K[1A[2K[1A[2K[1A[2K[1A[2K[1A[2K[1A[2K[1A[2K[1A[2K[1A[2K[1A[2K[G
 ───────────────── Importing data ─────────────────

 ✔ Creating ingest job 661ms
 ⣟ Processing the job 8.15s
   ▸ Processed records: ◞
   ▸ Successful records: ◞
   ▸ Failed records: ◞

 Status: UploadComplete
 Job Id:
 750ct00000URbqDAAT (https://fortra--mergebuild.sandbox.my.salesforce.com/lightn
 ing/setup/AsyncApiJobStatus/page?address=%2F750ct00000URbqDAAT)
 Elapsed Time: 8.97s

[2K[1A[2K[1A[2K[1A[2K[1A[2K[1A[2K[1A[2K[1A[2K[1A[2K[1A[2K[1A[2K[1A[2K[1A[2K[1A[2K[1A[2K[1A[2K[G
 ───────────────── Importing data ─────────────────

 ✔ Creating ingest job 661ms
 ⣯ Processing the job 8.18s
   ▸ Processed records: ◡
   ▸ Successful records: ◡
   ▸ Failed records: ◡

 Status: UploadComplete
 Job Id:
 750ct00000URbqDAAT (https://fortra--mergebuild.sandbox.my.salesforce.com/lightn
 ing/setup/AsyncApiJobStatus/page?address=%2F750ct00000URbqDAAT)
 Elapsed Time: 9.00s

[2K[1A[2K[1A[2K[1A[2K[1A[2K[1A[2K[1A[2K[1A[2K[1A[2K[1A[2K[1A[2K[1A[2K[1A[2K[1A[2K[1A[2K[1A[2K[G
 ───────────────── Importing data ─────────────────

 ✔ Creating ingest job 661ms
 ⣯ Processing the job 8.21s
   ▸ Processed records: ◡
   ▸ Successful records: ◡
   ▸ Failed records: ◡

 Status: UploadComplete
 Job Id:
 750ct00000URbqDAAT (https://fortra--mergebuild.sandbox.my.salesforce.com/lightn
 ing/setup/AsyncApiJobStatus/page?address=%2F750ct00000URbqDAAT)
 Elapsed Time: 9.04s

[2K[1A[2K[1A[2K[1A[2K[1A[2K[1A[2K[1A[2K[1A[2K[1A[2K[1A[2K[1A[2K[1A[2K[1A[2K[1A[2K[1A[2K[1A[2K[G
 ───────────────── Importing data ─────────────────

 ✔ Creating ingest job 661ms
 ⣯ Processing the job 8.24s
   ▸ Processed records: ◡
   ▸ Successful records: ◡
   ▸ Failed records: ◡

 Status: UploadComplete
 Job Id:
 750ct00000URbqDAAT (https://fortra--mergebuild.sandbox.my.salesforce.com/lightn
 ing/setup/AsyncApiJobStatus/page?address=%2F750ct00000URbqDAAT)
 Elapsed Time: 9.06s

[2K[1A[2K[1A[2K[1A[2K[1A[2K[1A[2K[1A[2K[1A[2K[1A[2K[1A[2K[1A[2K[1A[2K[1A[2K[1A[2K[1A[2K[1A[2K[G
 ───────────────── Importing data ─────────────────

 ✔ Creating ingest job 661ms
 ⣷ Processing the job 8.27s
   ▸ Processed records: ◟
   ▸ Successful records: ◟
   ▸ Failed records: ◟

 Status: UploadComplete
 Job Id:
 750ct00000URbqDAAT (https://fortra--mergebuild.sandbox.my.salesforce.com/lightn
 ing/setup/AsyncApiJobStatus/page?address=%2F750ct00000URbqDAAT)
 Elapsed Time: 9.09s

[2K[1A[2K[1A[2K[1A[2K[1A[2K[1A[2K[1A[2K[1A[2K[1A[2K[1A[2K[1A[2K[1A[2K[1A[2K[1A[2K[1A[2K[1A[2K[G
 ───────────────── Importing data ─────────────────

 ✔ Creating ingest job 661ms
 ⣷ Processing the job 8.30s
   ▸ Processed records: ◟
   ▸ Successful records: ◟
   ▸ Failed records: ◟

 Status: UploadComplete
 Job Id:
 750ct00000URbqDAAT (https://fortra--mergebuild.sandbox.my.salesforce.com/lightn
 ing/setup/AsyncApiJobStatus/page?address=%2F750ct00000URbqDAAT)
 Elapsed Time: 9.12s

[2K[1A[2K[1A[2K[1A[2K[1A[2K[1A[2K[1A[2K[1A[2K[1A[2K[1A[2K[1A[2K[1A[2K[1A[2K[1A[2K[1A[2K[1A[2K[G
 ───────────────── Importing data ─────────────────

 ✔ Creating ingest job 661ms
 ⣾ Processing the job 8.33s
   ▸ Processed records: ◟
   ▸ Successful records: ◟
   ▸ Failed records: ◟

 Status: UploadComplete
 Job Id:
 750ct00000URbqDAAT (https://fortra--mergebuild.sandbox.my.salesforce.com/lightn
 ing/setup/AsyncApiJobStatus/page?address=%2F750ct00000URbqDAAT)
 Elapsed Time: 9.15s

[2K[1A[2K[1A[2K[1A[2K[1A[2K[1A[2K[1A[2K[1A[2K[1A[2K[1A[2K[1A[2K[1A[2K[1A[2K[1A[2K[1A[2K[1A[2K[G
 ───────────────── Importing data ─────────────────

 ✔ Creating ingest job 661ms
 ⣾ Processing the job 8.36s
   ▸ Processed records: ◜
   ▸ Successful records: ◜
   ▸ Failed records: ◟

 Status: UploadComplete
 Job Id:
 750ct00000URbqDAAT (https://fortra--mergebuild.sandbox.my.salesforce.com/lightn
 ing/setup/AsyncApiJobStatus/page?address=%2F750ct00000URbqDAAT)
 Elapsed Time: 9.18s

[2K[1A[2K[1A[2K[1A[2K[1A[2K[1A[2K[1A[2K[1A[2K[1A[2K[1A[2K[1A[2K[1A[2K[1A[2K[1A[2K[1A[2K[1A[2K[G
 ───────────────── Importing data ─────────────────

 ✔ Creating ingest job 661ms
 ⣾ Processing the job 8.39s
   ▸ Processed records: ◜
   ▸ Successful records: ◜
   ▸ Failed records: ◜

 Status: UploadComplete
 Job Id:
 750ct00000URbqDAAT (https://fortra--mergebuild.sandbox.my.salesforce.com/lightn
 ing/setup/AsyncApiJobStatus/page?address=%2F750ct00000URbqDAAT)
 Elapsed Time: 9.21s

[2K[1A[2K[1A[2K[1A[2K[1A[2K[1A[2K[1A[2K[1A[2K[1A[2K[1A[2K[1A[2K[1A[2K[1A[2K[1A[2K[1A[2K[1A[2K[G
 ───────────────── Importing data ─────────────────

 ✔ Creating ingest job 661ms
 ⣽ Processing the job 8.42s
   ▸ Processed records: ◜
   ▸ Successful records: ◜
   ▸ Failed records: ◜

 Status: UploadComplete
 Job Id:
 750ct00000URbqDAAT (https://fortra--mergebuild.sandbox.my.salesforce.com/lightn
 ing/setup/AsyncApiJobStatus/page?address=%2F750ct00000URbqDAAT)
 Elapsed Time: 9.24s

[2K[1A[2K[1A[2K[1A[2K[1A[2K[1A[2K[1A[2K[1A[2K[1A[2K[1A[2K[1A[2K[1A[2K[1A[2K[1A[2K[1A[2K[1A[2K[G
 ───────────────── Importing data ─────────────────

 ✔ Creating ingest job 661ms
 ⣽ Processing the job 8.45s
   ▸ Processed records: ◜
   ▸ Successful records: ◜
   ▸ Failed records: ◜

 Status: UploadComplete
 Job Id:
 750ct00000URbqDAAT (https://fortra--mergebuild.sandbox.my.salesforce.com/lightn
 ing/setup/AsyncApiJobStatus/page?address=%2F750ct00000URbqDAAT)
 Elapsed Time: 9.28s

[2K[1A[2K[1A[2K[1A[2K[1A[2K[1A[2K[1A[2K[1A[2K[1A[2K[1A[2K[1A[2K[1A[2K[1A[2K[1A[2K[1A[2K[1A[2K[G
 ───────────────── Importing data ─────────────────

 ✔ Creating ingest job 661ms
 ⣻ Processing the job 8.48s
   ▸ Processed records: ◠
   ▸ Successful records: ◠
   ▸ Failed records: ◠

 Status: UploadComplete
 Job Id:
 750ct00000URbqDAAT (https://fortra--mergebuild.sandbox.my.salesforce.com/lightn
 ing/setup/AsyncApiJobStatus/page?address=%2F750ct00000URbqDAAT)
 Elapsed Time: 9.31s

[2K[1A[2K[1A[2K[1A[2K[1A[2K[1A[2K[1A[2K[1A[2K[1A[2K[1A[2K[1A[2K[1A[2K[1A[2K[1A[2K[1A[2K[1A[2K[G
 ───────────────── Importing data ─────────────────

 ✔ Creating ingest job 661ms
 ⣻ Processing the job 8.51s
   ▸ Processed records: ◠
   ▸ Successful records: ◠
   ▸ Failed records: ◠

 Status: UploadComplete
 Job Id:
 750ct00000URbqDAAT (https://fortra--mergebuild.sandbox.my.salesforce.com/lightn
 ing/setup/AsyncApiJobStatus/page?address=%2F750ct00000URbqDAAT)
 Elapsed Time: 9.34s

[2K[1A[2K[1A[2K[1A[2K[1A[2K[1A[2K[1A[2K[1A[2K[1A[2K[1A[2K[1A[2K[1A[2K[1A[2K[1A[2K[1A[2K[1A[2K[G
 ───────────────── Importing data ─────────────────

 ✔ Creating ingest job 661ms
 ⣻ Processing the job 8.54s
   ▸ Processed records: ◠
   ▸ Successful records: ◠
   ▸ Failed records: ◠

 Status: UploadComplete
 Job Id:
 750ct00000URbqDAAT (https://fortra--mergebuild.sandbox.my.salesforce.com/lightn
 ing/setup/AsyncApiJobStatus/page?address=%2F750ct00000URbqDAAT)
 Elapsed Time: 9.37s

[2K[1A[2K[1A[2K[1A[2K[1A[2K[1A[2K[1A[2K[1A[2K[1A[2K[1A[2K[1A[2K[1A[2K[1A[2K[1A[2K[1A[2K[1A[2K[G
 ───────────────── Importing data ─────────────────

 ✔ Creating ingest job 661ms
 ⢿ Processing the job 8.57s
   ▸ Processed records: ◝
   ▸ Successful records: ◝
   ▸ Failed records: ◝

 Status: UploadComplete
 Job Id:
 750ct00000URbqDAAT (https://fortra--mergebuild.sandbox.my.salesforce.com/lightn
 ing/setup/AsyncApiJobStatus/page?address=%2F750ct00000URbqDAAT)
 Elapsed Time: 9.40s

[2K[1A[2K[1A[2K[1A[2K[1A[2K[1A[2K[1A[2K[1A[2K[1A[2K[1A[2K[1A[2K[1A[2K[1A[2K[1A[2K[1A[2K[1A[2K[G
 ───────────────── Importing data ─────────────────

 ✔ Creating ingest job 661ms
 ⢿ Processing the job 8.61s
   ▸ Processed records: ◝
   ▸ Successful records: ◝
   ▸ Failed records: ◝

 Status: UploadComplete
 Job Id:
 750ct00000URbqDAAT (https://fortra--mergebuild.sandbox.my.salesforce.com/lightn
 ing/setup/AsyncApiJobStatus/page?address=%2F750ct00000URbqDAAT)
 Elapsed Time: 9.43s

[2K[1A[2K[1A[2K[1A[2K[1A[2K[1A[2K[1A[2K[1A[2K[1A[2K[1A[2K[1A[2K[1A[2K[1A[2K[1A[2K[1A[2K[1A[2K[G
 ───────────────── Importing data ─────────────────

 ✔ Creating ingest job 661ms
 ⡿ Processing the job 8.64s
   ▸ Processed records: ◝
   ▸ Successful records: ◝
   ▸ Failed records: ◝

 Status: UploadComplete
 Job Id:
 750ct00000URbqDAAT (https://fortra--mergebuild.sandbox.my.salesforce.com/lightn
 ing/setup/AsyncApiJobStatus/page?address=%2F750ct00000URbqDAAT)
 Elapsed Time: 9.47s

[2K[1A[2K[1A[2K[1A[2K[1A[2K[1A[2K[1A[2K[1A[2K[1A[2K[1A[2K[1A[2K[1A[2K[1A[2K[1A[2K[1A[2K[1A[2K[G
 ───────────────── Importing data ─────────────────

 ✔ Creating ingest job 661ms
 ⡿ Processing the job 8.67s
   ▸ Processed records: ◞
   ▸ Successful records: ◞
   ▸ Failed records: ◞

 Status: UploadComplete
 Job Id:
 750ct00000URbqDAAT (https://fortra--mergebuild.sandbox.my.salesforce.com/lightn
 ing/setup/AsyncApiJobStatus/page?address=%2F750ct00000URbqDAAT)
 Elapsed Time: 9.50s

[2K[1A[2K[1A[2K[1A[2K[1A[2K[1A[2K[1A[2K[1A[2K[1A[2K[1A[2K[1A[2K[1A[2K[1A[2K[1A[2K[1A[2K[1A[2K[G
 ───────────────── Importing data ─────────────────

 ✔ Creating ingest job 661ms
 ⡿ Processing the job 8.70s
   ▸ Processed records: ◞
   ▸ Successful records: ◞
   ▸ Failed records: ◞

 Status: UploadComplete
 Job Id:
 750ct00000URbqDAAT (https://fortra--mergebuild.sandbox.my.salesforce.com/lightn
 ing/setup/AsyncApiJobStatus/page?address=%2F750ct00000URbqDAAT)
 Elapsed Time: 9.52s

[2K[1A[2K[1A[2K[1A[2K[1A[2K[1A[2K[1A[2K[1A[2K[1A[2K[1A[2K[1A[2K[1A[2K[1A[2K[1A[2K[1A[2K[1A[2K[G
 ───────────────── Importing data ─────────────────

 ✔ Creating ingest job 661ms
 ⣟ Processing the job 8.73s
   ▸ Processed records: ◞
   ▸ Successful records: ◞
   ▸ Failed records: ◞

 Status: UploadComplete
 Job Id:
 750ct00000URbqDAAT (https://fortra--mergebuild.sandbox.my.salesforce.com/lightn
 ing/setup/AsyncApiJobStatus/page?address=%2F750ct00000URbqDAAT)
 Elapsed Time: 9.56s

[2K[1A[2K[1A[2K[1A[2K[1A[2K[1A[2K[1A[2K[1A[2K[1A[2K[1A[2K[1A[2K[1A[2K[1A[2K[1A[2K[1A[2K[1A[2K[G
 ───────────────── Importing data ─────────────────

 ✔ Creating ingest job 661ms
 ⣟ Processing the job 8.76s
   ▸ Processed records: ◡
   ▸ Successful records: ◡
   ▸ Failed records: ◡

 Status: UploadComplete
 Job Id:
 750ct00000URbqDAAT (https://fortra--mergebuild.sandbox.my.salesforce.com/lightn
 ing/setup/AsyncApiJobStatus/page?address=%2F750ct00000URbqDAAT)
 Elapsed Time: 9.59s

[2K[1A[2K[1A[2K[1A[2K[1A[2K[1A[2K[1A[2K[1A[2K[1A[2K[1A[2K[1A[2K[1A[2K[1A[2K[1A[2K[1A[2K[1A[2K[G
 ───────────────── Importing data ─────────────────

 ✔ Creating ingest job 661ms
 ⣯ Processing the job 8.79s
   ▸ Processed records: ◡
   ▸ Successful records: ◡
   ▸ Failed records: ◡

 Status: UploadComplete
 Job Id:
 750ct00000URbqDAAT (https://fortra--mergebuild.sandbox.my.salesforce.com/lightn
 ing/setup/AsyncApiJobStatus/page?address=%2F750ct00000URbqDAAT)
 Elapsed Time: 9.62s

[2K[1A[2K[1A[2K[1A[2K[1A[2K[1A[2K[1A[2K[1A[2K[1A[2K[1A[2K[1A[2K[1A[2K[1A[2K[1A[2K[1A[2K[1A[2K[G
 ───────────────── Importing data ─────────────────

 ✔ Creating ingest job 661ms
 ⣯ Processing the job 8.82s
   ▸ Processed records: ◡
   ▸ Successful records: ◡
   ▸ Failed records: ◡

 Status: UploadComplete
 Job Id:
 750ct00000URbqDAAT (https://fortra--mergebuild.sandbox.my.salesforce.com/lightn
 ing/setup/AsyncApiJobStatus/page?address=%2F750ct00000URbqDAAT)
 Elapsed Time: 9.65s

[2K[1A[2K[1A[2K[1A[2K[1A[2K[1A[2K[1A[2K[1A[2K[1A[2K[1A[2K[1A[2K[1A[2K[1A[2K[1A[2K[1A[2K[1A[2K[G
 ───────────────── Importing data ─────────────────

 ✔ Creating ingest job 661ms
 ⣯ Processing the job 8.85s
   ▸ Processed records: ◟
   ▸ Successful records: ◟
   ▸ Failed records: ◟

 Status: UploadComplete
 Job Id:
 750ct00000URbqDAAT (https://fortra--mergebuild.sandbox.my.salesforce.com/lightn
 ing/setup/AsyncApiJobStatus/page?address=%2F750ct00000URbqDAAT)
 Elapsed Time: 9.68s

[2K[1A[2K[1A[2K[1A[2K[1A[2K[1A[2K[1A[2K[1A[2K[1A[2K[1A[2K[1A[2K[1A[2K[1A[2K[1A[2K[1A[2K[1A[2K[G
 ───────────────── Importing data ─────────────────

 ✔ Creating ingest job 661ms
 ⣷ Processing the job 8.88s
   ▸ Processed records: ◟
   ▸ Successful records: ◟
   ▸ Failed records: ◟

 Status: UploadComplete
 Job Id:
 750ct00000URbqDAAT (https://fortra--mergebuild.sandbox.my.salesforce.com/lightn
 ing/setup/AsyncApiJobStatus/page?address=%2F750ct00000URbqDAAT)
 Elapsed Time: 9.71s

[2K[1A[2K[1A[2K[1A[2K[1A[2K[1A[2K[1A[2K[1A[2K[1A[2K[1A[2K[1A[2K[1A[2K[1A[2K[1A[2K[1A[2K[1A[2K[G
 ───────────────── Importing data ─────────────────

 ✔ Creating ingest job 661ms
 ⣷ Processing the job 8.91s
   ▸ Processed records: ◟
   ▸ Successful records: ◟
   ▸ Failed records: ◟

 Status: UploadComplete
 Job Id:
 750ct00000URbqDAAT (https://fortra--mergebuild.sandbox.my.salesforce.com/lightn
 ing/setup/AsyncApiJobStatus/page?address=%2F750ct00000URbqDAAT)
 Elapsed Time: 9.73s

[2K[1A[2K[1A[2K[1A[2K[1A[2K[1A[2K[1A[2K[1A[2K[1A[2K[1A[2K[1A[2K[1A[2K[1A[2K[1A[2K[1A[2K[1A[2K[G
 ───────────────── Importing data ─────────────────

 ✔ Creating ingest job 661ms
 ⣾ Processing the job 8.94s
   ▸ Processed records: ◜
   ▸ Successful records: ◜
   ▸ Failed records: ◜

 Status: UploadComplete
 Job Id:
 750ct00000URbqDAAT (https://fortra--mergebuild.sandbox.my.salesforce.com/lightn
 ing/setup/AsyncApiJobStatus/page?address=%2F750ct00000URbqDAAT)
 Elapsed Time: 9.76s

[2K[1A[2K[1A[2K[1A[2K[1A[2K[1A[2K[1A[2K[1A[2K[1A[2K[1A[2K[1A[2K[1A[2K[1A[2K[1A[2K[1A[2K[1A[2K[G
 ───────────────── Importing data ─────────────────

 ✔ Creating ingest job 661ms
 ⣾ Processing the job 8.97s
   ▸ Processed records: ◜
   ▸ Successful records: ◜
   ▸ Failed records: ◜

 Status: UploadComplete
 Job Id:
 750ct00000URbqDAAT (https://fortra--mergebuild.sandbox.my.salesforce.com/lightn
 ing/setup/AsyncApiJobStatus/page?address=%2F750ct00000URbqDAAT)
 Elapsed Time: 9.79s

[2K[1A[2K[1A[2K[1A[2K[1A[2K[1A[2K[1A[2K[1A[2K[1A[2K[1A[2K[1A[2K[1A[2K[1A[2K[1A[2K[1A[2K[1A[2K[G
 ───────────────── Importing data ─────────────────

 ✔ Creating ingest job 661ms
 ⣾ Processing the job 8.99s
   ▸ Processed records: ◜
   ▸ Successful records: ◜
   ▸ Failed records: ◜

 Status: UploadComplete
 Job Id:
 750ct00000URbqDAAT (https://fortra--mergebuild.sandbox.my.salesforce.com/lightn
 ing/setup/AsyncApiJobStatus/page?address=%2F750ct00000URbqDAAT)
 Elapsed Time: 9.82s

[2K[1A[2K[1A[2K[1A[2K[1A[2K[1A[2K[1A[2K[1A[2K[1A[2K[1A[2K[1A[2K[1A[2K[1A[2K[1A[2K[1A[2K[1A[2K[G
 ───────────────── Importing data ─────────────────

 ✔ Creating ingest job 661ms
 ⣽ Processing the job 9.02s
   ▸ Processed records: ◠
   ▸ Successful records: ◠
   ▸ Failed records: ◠

 Status: UploadComplete
 Job Id:
 750ct00000URbqDAAT (https://fortra--mergebuild.sandbox.my.salesforce.com/lightn
 ing/setup/AsyncApiJobStatus/page?address=%2F750ct00000URbqDAAT)
 Elapsed Time: 9.85s

[2K[1A[2K[1A[2K[1A[2K[1A[2K[1A[2K[1A[2K[1A[2K[1A[2K[1A[2K[1A[2K[1A[2K[1A[2K[1A[2K[1A[2K[1A[2K[G
 ───────────────── Importing data ─────────────────

 ✔ Creating ingest job 661ms
 ⣽ Processing the job 9.05s
   ▸ Processed records: ◠
   ▸ Successful records: ◠
   ▸ Failed records: ◠

 Status: UploadComplete
 Job Id:
 750ct00000URbqDAAT (https://fortra--mergebuild.sandbox.my.salesforce.com/lightn
 ing/setup/AsyncApiJobStatus/page?address=%2F750ct00000URbqDAAT)
 Elapsed Time: 9.88s

[2K[1A[2K[1A[2K[1A[2K[1A[2K[1A[2K[1A[2K[1A[2K[1A[2K[1A[2K[1A[2K[1A[2K[1A[2K[1A[2K[1A[2K[1A[2K[G
 ───────────────── Importing data ─────────────────

 ✔ Creating ingest job 661ms
 ⣻ Processing the job 9.07s
   ▸ Processed records: ◠
   ▸ Successful records: ◠
   ▸ Failed records: ◠

 Status: UploadComplete
 Job Id:
 750ct00000URbqDAAT (https://fortra--mergebuild.sandbox.my.salesforce.com/lightn
 ing/setup/AsyncApiJobStatus/page?address=%2F750ct00000URbqDAAT)
 Elapsed Time: 9.91s

[2K[1A[2K[1A[2K[1A[2K[1A[2K[1A[2K[1A[2K[1A[2K[1A[2K[1A[2K[1A[2K[1A[2K[1A[2K[1A[2K[1A[2K[1A[2K[G
 ───────────────── Importing data ─────────────────

 ✔ Creating ingest job 661ms
 ⣻ Processing the job 9.10s
   ▸ Processed records: ◝
   ▸ Successful records: ◝
   ▸ Failed records: ◠

 Status: UploadComplete
 Job Id:
 750ct00000URbqDAAT (https://fortra--mergebuild.sandbox.my.salesforce.com/lightn
 ing/setup/AsyncApiJobStatus/page?address=%2F750ct00000URbqDAAT)
 Elapsed Time: 9.94s

[2K[1A[2K[1A[2K[1A[2K[1A[2K[1A[2K[1A[2K[1A[2K[1A[2K[1A[2K[1A[2K[1A[2K[1A[2K[1A[2K[1A[2K[1A[2K[G
 ───────────────── Importing data ─────────────────

 ✔ Creating ingest job 661ms
 ⣻ Processing the job 9.14s
   ▸ Processed records: ◝
   ▸ Successful records: ◝
   ▸ Failed records: ◝

 Status: UploadComplete
 Job Id:
 750ct00000URbqDAAT (https://fortra--mergebuild.sandbox.my.salesforce.com/lightn
 ing/setup/AsyncApiJobStatus/page?address=%2F750ct00000URbqDAAT)
 Elapsed Time: 9.98s

[2K[1A[2K[1A[2K[1A[2K[1A[2K[1A[2K[1A[2K[1A[2K[1A[2K[1A[2K[1A[2K[1A[2K[1A[2K[1A[2K[1A[2K[1A[2K[G
 ───────────────── Importing data ─────────────────

 ✔ Creating ingest job 661ms
 ⢿ Processing the job 9.17s
   ▸ Processed records: ◝
   ▸ Successful records: ◝
   ▸ Failed records: ◝

 Status: UploadComplete
 Job Id:
 750ct00000URbqDAAT (https://fortra--mergebuild.sandbox.my.salesforce.com/lightn
 ing/setup/AsyncApiJobStatus/page?address=%2F750ct00000URbqDAAT)
 Elapsed Time: 10.00s

[2K[1A[2K[1A[2K[1A[2K[1A[2K[1A[2K[1A[2K[1A[2K[1A[2K[1A[2K[1A[2K[1A[2K[1A[2K[1A[2K[1A[2K[1A[2K[G
 ───────────────── Importing data ─────────────────

 ✔ Creating ingest job 661ms
 ⢿ Processing the job 9.20s
   ▸ Processed records: ◝
   ▸ Successful records: ◝
   ▸ Failed records: ◝

 Status: UploadComplete
 Job Id:
 750ct00000URbqDAAT (https://fortra--mergebuild.sandbox.my.salesforce.com/lightn
 ing/setup/AsyncApiJobStatus/page?address=%2F750ct00000URbqDAAT)
 Elapsed Time: 10.04s

[2K[1A[2K[1A[2K[1A[2K[1A[2K[1A[2K[1A[2K[1A[2K[1A[2K[1A[2K[1A[2K[1A[2K[1A[2K[1A[2K[1A[2K[1A[2K[G
 ───────────────── Importing data ─────────────────

 ✔ Creating ingest job 661ms
 ⡿ Processing the job 9.23s
   ▸ Processed records: ◞
   ▸ Successful records: ◞
   ▸ Failed records: ◞

 Status: UploadComplete
 Job Id:
 750ct00000URbqDAAT (https://fortra--mergebuild.sandbox.my.salesforce.com/lightn
 ing/setup/AsyncApiJobStatus/page?address=%2F750ct00000URbqDAAT)
 Elapsed Time: 10.06s

[2K[1A[2K[1A[2K[1A[2K[1A[2K[1A[2K[1A[2K[1A[2K[1A[2K[1A[2K[1A[2K[1A[2K[1A[2K[1A[2K[1A[2K[1A[2K[G
 ───────────────── Importing data ─────────────────

 ✔ Creating ingest job 661ms
 ⡿ Processing the job 9.26s
   ▸ Processed records: ◞
   ▸ Successful records: ◞
   ▸ Failed records: ◞

 Status: UploadComplete
 Job Id:
 750ct00000URbqDAAT (https://fortra--mergebuild.sandbox.my.salesforce.com/lightn
 ing/setup/AsyncApiJobStatus/page?address=%2F750ct00000URbqDAAT)
 Elapsed Time: 10.09s

[2K[1A[2K[1A[2K[1A[2K[1A[2K[1A[2K[1A[2K[1A[2K[1A[2K[1A[2K[1A[2K[1A[2K[1A[2K[1A[2K[1A[2K[1A[2K[G
 ───────────────── Importing data ─────────────────

 ✔ Creating ingest job 661ms
 ⡿ Processing the job 9.29s
   ▸ Processed records: ◞
   ▸ Successful records: ◞
   ▸ Failed records: ◞

 Status: UploadComplete
 Job Id:
 750ct00000URbqDAAT (https://fortra--mergebuild.sandbox.my.salesforce.com/lightn
 ing/setup/AsyncApiJobStatus/page?address=%2F750ct00000URbqDAAT)
 Elapsed Time: 10.12s

[2K[1A[2K[1A[2K[1A[2K[1A[2K[1A[2K[1A[2K[1A[2K[1A[2K[1A[2K[1A[2K[1A[2K[1A[2K[1A[2K[1A[2K[1A[2K[G
 ───────────────── Importing data ─────────────────

 ✔ Creating ingest job 661ms
 ⣟ Processing the job 9.32s
   ▸ Processed records: ◡
   ▸ Successful records: ◡
   ▸ Failed records: ◡

 Status: UploadComplete
 Job Id:
 750ct00000URbqDAAT (https://fortra--mergebuild.sandbox.my.salesforce.com/lightn
 ing/setup/AsyncApiJobStatus/page?address=%2F750ct00000URbqDAAT)
 Elapsed Time: 10.15s

[2K[1A[2K[1A[2K[1A[2K[1A[2K[1A[2K[1A[2K[1A[2K[1A[2K[1A[2K[1A[2K[1A[2K[1A[2K[1A[2K[1A[2K[1A[2K[G
 ───────────────── Importing data ─────────────────

 ✔ Creating ingest job 661ms
 ⣟ Processing the job 9.34s
   ▸ Processed records: ◡
   ▸ Successful records: ◡
   ▸ Failed records: ◡

 Status: UploadComplete
 Job Id:
 750ct00000URbqDAAT (https://fortra--mergebuild.sandbox.my.salesforce.com/lightn
 ing/setup/AsyncApiJobStatus/page?address=%2F750ct00000URbqDAAT)
 Elapsed Time: 10.18s

[2K[1A[2K[1A[2K[1A[2K[1A[2K[1A[2K[1A[2K[1A[2K[1A[2K[1A[2K[1A[2K[1A[2K[1A[2K[1A[2K[1A[2K[1A[2K[G
 ───────────────── Importing data ─────────────────

 ✔ Creating ingest job 661ms
 ⣯ Processing the job 9.38s
   ▸ Processed records: ◡
   ▸ Successful records: ◡
   ▸ Failed records: ◡

 Status: UploadComplete
 Job Id:
 750ct00000URbqDAAT (https://fortra--mergebuild.sandbox.my.salesforce.com/lightn
 ing/setup/AsyncApiJobStatus/page?address=%2F750ct00000URbqDAAT)
 Elapsed Time: 10.22s

[2K[1A[2K[1A[2K[1A[2K[1A[2K[1A[2K[1A[2K[1A[2K[1A[2K[1A[2K[1A[2K[1A[2K[1A[2K[1A[2K[1A[2K[1A[2K[G
 ───────────────── Importing data ─────────────────

 ✔ Creating ingest job 661ms
 ⣯ Processing the job 9.41s
   ▸ Processed records: ◟
   ▸ Successful records: ◟
   ▸ Failed records: ◟

 Status: UploadComplete
 Job Id:
 750ct00000URbqDAAT (https://fortra--mergebuild.sandbox.my.salesforce.com/lightn
 ing/setup/AsyncApiJobStatus/page?address=%2F750ct00000URbqDAAT)
 Elapsed Time: 10.25s

[2K[1A[2K[1A[2K[1A[2K[1A[2K[1A[2K[1A[2K[1A[2K[1A[2K[1A[2K[1A[2K[1A[2K[1A[2K[1A[2K[1A[2K[1A[2K[G
 ───────────────── Importing data ─────────────────

 ✔ Creating ingest job 661ms
 ⣯ Processing the job 9.44s
   ▸ Processed records: ◟
   ▸ Successful records: ◟
   ▸ Failed records: ◟

 Status: UploadComplete
 Job Id:
 750ct00000URbqDAAT (https://fortra--mergebuild.sandbox.my.salesforce.com/lightn
 ing/setup/AsyncApiJobStatus/page?address=%2F750ct00000URbqDAAT)
 Elapsed Time: 10.27s

[2K[1A[2K[1A[2K[1A[2K[1A[2K[1A[2K[1A[2K[1A[2K[1A[2K[1A[2K[1A[2K[1A[2K[1A[2K[1A[2K[1A[2K[1A[2K[G
 ───────────────── Importing data ─────────────────

 ✔ Creating ingest job 661ms
 ⣷ Processing the job 9.47s
   ▸ Processed records: ◟
   ▸ Successful records: ◟
   ▸ Failed records: ◟

 Status: UploadComplete
 Job Id:
 750ct00000URbqDAAT (https://fortra--mergebuild.sandbox.my.salesforce.com/lightn
 ing/setup/AsyncApiJobStatus/page?address=%2F750ct00000URbqDAAT)
 Elapsed Time: 10.31s

[2K[1A[2K[1A[2K[1A[2K[1A[2K[1A[2K[1A[2K[1A[2K[1A[2K[1A[2K[1A[2K[1A[2K[1A[2K[1A[2K[1A[2K[1A[2K[G
 ───────────────── Importing data ─────────────────

 ✔ Creating ingest job 661ms
 ⣷ Processing the job 9.50s
   ▸ Processed records: ◜
   ▸ Successful records: ◜
   ▸ Failed records: ◜

 Status: UploadComplete
 Job Id:
 750ct00000URbqDAAT (https://fortra--mergebuild.sandbox.my.salesforce.com/lightn
 ing/setup/AsyncApiJobStatus/page?address=%2F750ct00000URbqDAAT)
 Elapsed Time: 10.33s

[2K[1A[2K[1A[2K[1A[2K[1A[2K[1A[2K[1A[2K[1A[2K[1A[2K[1A[2K[1A[2K[1A[2K[1A[2K[1A[2K[1A[2K[1A[2K[G
 ───────────────── Importing data ─────────────────

 ✔ Creating ingest job 661ms
 ⣾ Processing the job 9.53s
   ▸ Processed records: ◜
   ▸ Successful records: ◜
   ▸ Failed records: ◜

 Status: UploadComplete
 Job Id:
 750ct00000URbqDAAT (https://fortra--mergebuild.sandbox.my.salesforce.com/lightn
 ing/setup/AsyncApiJobStatus/page?address=%2F750ct00000URbqDAAT)
 Elapsed Time: 10.37s

[2K[1A[2K[1A[2K[1A[2K[1A[2K[1A[2K[1A[2K[1A[2K[1A[2K[1A[2K[1A[2K[1A[2K[1A[2K[1A[2K[1A[2K[1A[2K[G
 ───────────────── Importing data ─────────────────

 ✔ Creating ingest job 661ms
 ⣾ Processing the job 9.56s
   ▸ Processed records: ◜
   ▸ Successful records: ◜
   ▸ Failed records: ◜

 Status: UploadComplete
 Job Id:
 750ct00000URbqDAAT (https://fortra--mergebuild.sandbox.my.salesforce.com/lightn
 ing/setup/AsyncApiJobStatus/page?address=%2F750ct00000URbqDAAT)
 Elapsed Time: 10.39s

[2K[1A[2K[1A[2K[1A[2K[1A[2K[1A[2K[1A[2K[1A[2K[1A[2K[1A[2K[1A[2K[1A[2K[1A[2K[1A[2K[1A[2K[1A[2K[G
 ───────────────── Importing data ─────────────────

 ✔ Creating ingest job 661ms
 ⣾ Processing the job 9.59s
   ▸ Processed records: ◠
   ▸ Successful records: ◠
   ▸ Failed records: ◠

 Status: UploadComplete
 Job Id:
 750ct00000URbqDAAT (https://fortra--mergebuild.sandbox.my.salesforce.com/lightn
 ing/setup/AsyncApiJobStatus/page?address=%2F750ct00000URbqDAAT)
 Elapsed Time: 10.42s

[2K[1A[2K[1A[2K[1A[2K[1A[2K[1A[2K[1A[2K[1A[2K[1A[2K[1A[2K[1A[2K[1A[2K[1A[2K[1A[2K[1A[2K[1A[2K[G
 ───────────────── Importing data ─────────────────

 ✔ Creating ingest job 661ms
 ⣽ Processing the job 9.62s
   ▸ Processed records: ◠
   ▸ Successful records: ◠
   ▸ Failed records: ◠

 Status: UploadComplete
 Job Id:
 750ct00000URbqDAAT (https://fortra--mergebuild.sandbox.my.salesforce.com/lightn
 ing/setup/AsyncApiJobStatus/page?address=%2F750ct00000URbqDAAT)
 Elapsed Time: 10.46s

[2K[1A[2K[1A[2K[1A[2K[1A[2K[1A[2K[1A[2K[1A[2K[1A[2K[1A[2K[1A[2K[1A[2K[1A[2K[1A[2K[1A[2K[1A[2K[G
 ───────────────── Importing data ─────────────────

 ✔ Creating ingest job 661ms
 ⣽ Processing the job 9.65s
   ▸ Processed records: ◠
   ▸ Successful records: ◠
   ▸ Failed records: ◠

 Status: UploadComplete
 Job Id:
 750ct00000URbqDAAT (https://fortra--mergebuild.sandbox.my.salesforce.com/lightn
 ing/setup/AsyncApiJobStatus/page?address=%2F750ct00000URbqDAAT)
 Elapsed Time: 10.49s

[2K[1A[2K[1A[2K[1A[2K[1A[2K[1A[2K[1A[2K[1A[2K[1A[2K[1A[2K[1A[2K[1A[2K[1A[2K[1A[2K[1A[2K[1A[2K[G
 ───────────────── Importing data ─────────────────

 ✔ Creating ingest job 661ms
 ⣻ Processing the job 9.68s
   ▸ Processed records: ◝
   ▸ Successful records: ◝
   ▸ Failed records: ◝

 Status: UploadComplete
 Job Id:
 750ct00000URbqDAAT (https://fortra--mergebuild.sandbox.my.salesforce.com/lightn
 ing/setup/AsyncApiJobStatus/page?address=%2F750ct00000URbqDAAT)
 Elapsed Time: 10.52s

[2K[1A[2K[1A[2K[1A[2K[1A[2K[1A[2K[1A[2K[1A[2K[1A[2K[1A[2K[1A[2K[1A[2K[1A[2K[1A[2K[1A[2K[1A[2K[G
 ───────────────── Importing data ─────────────────

 ✔ Creating ingest job 661ms
 ⣻ Processing the job 9.71s
   ▸ Processed records: ◝
   ▸ Successful records: ◝
   ▸ Failed records: ◝

 Status: UploadComplete
 Job Id:
 750ct00000URbqDAAT (https://fortra--mergebuild.sandbox.my.salesforce.com/lightn
 ing/setup/AsyncApiJobStatus/page?address=%2F750ct00000URbqDAAT)
 Elapsed Time: 10.55s

[2K[1A[2K[1A[2K[1A[2K[1A[2K[1A[2K[1A[2K[1A[2K[1A[2K[1A[2K[1A[2K[1A[2K[1A[2K[1A[2K[1A[2K[1A[2K[G
 ───────────────── Importing data ─────────────────

 ✔ Creating ingest job 661ms
 ⣻ Processing the job 9.74s
   ▸ Processed records: ◝
   ▸ Successful records: ◝
   ▸ Failed records: ◝

 Status: UploadComplete
 Job Id:
 750ct00000URbqDAAT (https://fortra--mergebuild.sandbox.my.salesforce.com/lightn
 ing/setup/AsyncApiJobStatus/page?address=%2F750ct00000URbqDAAT)
 Elapsed Time: 10.57s

[2K[1A[2K[1A[2K[1A[2K[1A[2K[1A[2K[1A[2K[1A[2K[1A[2K[1A[2K[1A[2K[1A[2K[1A[2K[1A[2K[1A[2K[1A[2K[G
 ───────────────── Importing data ─────────────────

 ✔ Creating ingest job 661ms
 ⢿ Processing the job 9.77s
   ▸ Processed records: ◞
   ▸ Successful records: ◞
   ▸ Failed records: ◞

 Status: UploadComplete
 Job Id:
 750ct00000URbqDAAT (https://fortra--mergebuild.sandbox.my.salesforce.com/lightn
 ing/setup/AsyncApiJobStatus/page?address=%2F750ct00000URbqDAAT)
 Elapsed Time: 10.60s

[2K[1A[2K[1A[2K[1A[2K[1A[2K[1A[2K[1A[2K[1A[2K[1A[2K[1A[2K[1A[2K[1A[2K[1A[2K[1A[2K[1A[2K[1A[2K[G
 ───────────────── Importing data ─────────────────

 ✔ Creating ingest job 661ms
 ⢿ Processing the job 9.80s
   ▸ Processed records: ◞
   ▸ Successful records: ◞
   ▸ Failed records: ◞

 Status: UploadComplete
 Job Id:
 750ct00000URbqDAAT (https://fortra--mergebuild.sandbox.my.salesforce.com/lightn
 ing/setup/AsyncApiJobStatus/page?address=%2F750ct00000URbqDAAT)
 Elapsed Time: 10.63s

[2K[1A[2K[1A[2K[1A[2K[1A[2K[1A[2K[1A[2K[1A[2K[1A[2K[1A[2K[1A[2K[1A[2K[1A[2K[1A[2K[1A[2K[1A[2K[G
 ───────────────── Importing data ─────────────────

 ✔ Creating ingest job 661ms
 ⡿ Processing the job 9.83s
   ▸ Processed records: ◞
   ▸ Successful records: ◞
   ▸ Failed records: ◞

 Status: UploadComplete
 Job Id:
 750ct00000URbqDAAT (https://fortra--mergebuild.sandbox.my.salesforce.com/lightn
 ing/setup/AsyncApiJobStatus/page?address=%2F750ct00000URbqDAAT)
 Elapsed Time: 10.66s

[2K[1A[2K[1A[2K[1A[2K[1A[2K[1A[2K[1A[2K[1A[2K[1A[2K[1A[2K[1A[2K[1A[2K[1A[2K[1A[2K[1A[2K[1A[2K[G
 ───────────────── Importing data ─────────────────

 ✔ Creating ingest job 661ms
 ⡿ Processing the job 9.86s
   ▸ Processed records: ◡
   ▸ Successful records: ◡
   ▸ Failed records: ◞

 Status: UploadComplete
 Job Id:
 750ct00000URbqDAAT (https://fortra--mergebuild.sandbox.my.salesforce.com/lightn
 ing/setup/AsyncApiJobStatus/page?address=%2F750ct00000URbqDAAT)
 Elapsed Time: 10.69s

[2K[1A[2K[1A[2K[1A[2K[1A[2K[1A[2K[1A[2K[1A[2K[1A[2K[1A[2K[1A[2K[1A[2K[1A[2K[1A[2K[1A[2K[1A[2K[G
 ───────────────── Importing data ─────────────────

 ✔ Creating ingest job 661ms
 ⡿ Processing the job 9.89s
   ▸ Processed records: ◡
   ▸ Successful records: ◡
   ▸ Failed records: ◡

 Status: UploadComplete
 Job Id:
 750ct00000URbqDAAT (https://fortra--mergebuild.sandbox.my.salesforce.com/lightn
 ing/setup/AsyncApiJobStatus/page?address=%2F750ct00000URbqDAAT)
 Elapsed Time: 10.72s

[2K[1A[2K[1A[2K[1A[2K[1A[2K[1A[2K[1A[2K[1A[2K[1A[2K[1A[2K[1A[2K[1A[2K[1A[2K[1A[2K[1A[2K[1A[2K[G
 ───────────────── Importing data ─────────────────

 ✔ Creating ingest job 661ms
 ⣟ Processing the job 9.92s
   ▸ Processed records: ◡
   ▸ Successful records: ◡
   ▸ Failed records: ◡

 Status: UploadComplete
 Job Id:
 750ct00000URbqDAAT (https://fortra--mergebuild.sandbox.my.salesforce.com/lightn
 ing/setup/AsyncApiJobStatus/page?address=%2F750ct00000URbqDAAT)
 Elapsed Time: 10.75s

[2K[1A[2K[1A[2K[1A[2K[1A[2K[1A[2K[1A[2K[1A[2K[1A[2K[1A[2K[1A[2K[1A[2K[1A[2K[1A[2K[1A[2K[1A[2K[G
 ───────────────── Importing data ─────────────────

 ✔ Creating ingest job 661ms
 ⣟ Processing the job 9.94s
   ▸ Processed records: ◟
   ▸ Successful records: ◡
   ▸ Failed records: ◡

 Status: UploadComplete
 Job Id:
 750ct00000URbqDAAT (https://fortra--mergebuild.sandbox.my.salesforce.com/lightn
 ing/setup/AsyncApiJobStatus/page?address=%2F750ct00000URbqDAAT)
 Elapsed Time: 10.78s

[2K[1A[2K[1A[2K[1A[2K[1A[2K[1A[2K[1A[2K[1A[2K[1A[2K[1A[2K[1A[2K[1A[2K[1A[2K[1A[2K[1A[2K[1A[2K[G
 ───────────────── Importing data ─────────────────

 ✔ Creating ingest job 661ms
 ⣯ Processing the job 9.97s
   ▸ Processed records: ◟
   ▸ Successful records: ◟
   ▸ Failed records: ◟

 Status: UploadComplete
 Job Id:
 750ct00000URbqDAAT (https://fortra--mergebuild.sandbox.my.salesforce.com/lightn
 ing/setup/AsyncApiJobStatus/page?address=%2F750ct00000URbqDAAT)
 Elapsed Time: 10.81s

[2K[1A[2K[1A[2K[1A[2K[1A[2K[1A[2K[1A[2K[1A[2K[1A[2K[1A[2K[1A[2K[1A[2K[1A[2K[1A[2K[1A[2K[1A[2K[G
 ───────────────── Importing data ─────────────────

 ✔ Creating ingest job 661ms
 ⣯ Processing the job 10.01s
   ▸ Processed records: ◟
   ▸ Successful records: ◟
   ▸ Failed records: ◟

 Status: UploadComplete
 Job Id:
 750ct00000URbqDAAT (https://fortra--mergebuild.sandbox.my.salesforce.com/lightn
 ing/setup/AsyncApiJobStatus/page?address=%2F750ct00000URbqDAAT)
 Elapsed Time: 10.84s

[2K[1A[2K[1A[2K[1A[2K[1A[2K[1A[2K[1A[2K[1A[2K[1A[2K[1A[2K[1A[2K[1A[2K[1A[2K[1A[2K[1A[2K[1A[2K[G
 ───────────────── Importing data ─────────────────

 ✔ Creating ingest job 661ms
 ⣯ Processing the job 10.03s
   ▸ Processed records: ◟
   ▸ Successful records: ◟
   ▸ Failed records: ◟

 Status: UploadComplete
 Job Id:
 750ct00000URbqDAAT (https://fortra--mergebuild.sandbox.my.salesforce.com/lightn
 ing/setup/AsyncApiJobStatus/page?address=%2F750ct00000URbqDAAT)
 Elapsed Time: 10.87s

[2K[1A[2K[1A[2K[1A[2K[1A[2K[1A[2K[1A[2K[1A[2K[1A[2K[1A[2K[1A[2K[1A[2K[1A[2K[1A[2K[1A[2K[1A[2K[G
 ───────────────── Importing data ─────────────────

 ✔ Creating ingest job 661ms
 ⣷ Processing the job 10.07s
   ▸ Processed records: ◜
   ▸ Successful records: ◜
   ▸ Failed records: ◜

 Status: UploadComplete
 Job Id:
 750ct00000URbqDAAT (https://fortra--mergebuild.sandbox.my.salesforce.com/lightn
 ing/setup/AsyncApiJobStatus/page?address=%2F750ct00000URbqDAAT)
 Elapsed Time: 10.90s

[2K[1A[2K[1A[2K[1A[2K[1A[2K[1A[2K[1A[2K[1A[2K[1A[2K[1A[2K[1A[2K[1A[2K[1A[2K[1A[2K[1A[2K[1A[2K[G
 ───────────────── Importing data ─────────────────

 ✔ Creating ingest job 661ms
 ⣷ Processing the job 10.09s
   ▸ Processed records: ◜
   ▸ Successful records: ◜
   ▸ Failed records: ◜

 Status: UploadComplete
 Job Id:
 750ct00000URbqDAAT (https://fortra--mergebuild.sandbox.my.salesforce.com/lightn
 ing/setup/AsyncApiJobStatus/page?address=%2F750ct00000URbqDAAT)
 Elapsed Time: 10.93s

[2K[1A[2K[1A[2K[1A[2K[1A[2K[1A[2K[1A[2K[1A[2K[1A[2K[1A[2K[1A[2K[1A[2K[1A[2K[1A[2K[1A[2K[1A[2K[G
 ───────────────── Importing data ─────────────────

 ✔ Creating ingest job 661ms
 ⣾ Processing the job 10.12s
   ▸ Processed records: ◜
   ▸ Successful records: ◜
   ▸ Failed records: ◜

 Status: UploadComplete
 Job Id:
 750ct00000URbqDAAT (https://fortra--mergebuild.sandbox.my.salesforce.com/lightn
 ing/setup/AsyncApiJobStatus/page?address=%2F750ct00000URbqDAAT)
 Elapsed Time: 10.96s

[2K[1A[2K[1A[2K[1A[2K[1A[2K[1A[2K[1A[2K[1A[2K[1A[2K[1A[2K[1A[2K[1A[2K[1A[2K[1A[2K[1A[2K[1A[2K[G
 ───────────────── Importing data ─────────────────

 ✔ Creating ingest job 661ms
 ⣾ Processing the job 10.15s
   ▸ Processed records: ◠
   ▸ Successful records: ◠
   ▸ Failed records: ◠

 Status: UploadComplete
 Job Id:
 750ct00000URbqDAAT (https://fortra--mergebuild.sandbox.my.salesforce.com/lightn
 ing/setup/AsyncApiJobStatus/page?address=%2F750ct00000URbqDAAT)
 Elapsed Time: 10.99s

[2K[1A[2K[1A[2K[1A[2K[1A[2K[1A[2K[1A[2K[1A[2K[1A[2K[1A[2K[1A[2K[1A[2K[1A[2K[1A[2K[1A[2K[1A[2K[G
 ───────────────── Importing data ─────────────────

 ✔ Creating ingest job 661ms
 ⣾ Processing the job 10.18s
   ▸ Processed records: ◠
   ▸ Successful records: ◠
   ▸ Failed records: ◠

 Status: UploadComplete
 Job Id:
 750ct00000URbqDAAT (https://fortra--mergebuild.sandbox.my.salesforce.com/lightn
 ing/setup/AsyncApiJobStatus/page?address=%2F750ct00000URbqDAAT)
 Elapsed Time: 11.02s

[2K[1A[2K[1A[2K[1A[2K[1A[2K[1A[2K[1A[2K[1A[2K[1A[2K[1A[2K[1A[2K[1A[2K[1A[2K[1A[2K[1A[2K[1A[2K[G
 ───────────────── Importing data ─────────────────

 ✔ Creating ingest job 661ms
 ⣽ Processing the job 10.21s
   ▸ Processed records: ◠
   ▸ Successful records: ◠
   ▸ Failed records: ◠

 Status: UploadComplete
 Job Id:
 750ct00000URbqDAAT (https://fortra--mergebuild.sandbox.my.salesforce.com/lightn
 ing/setup/AsyncApiJobStatus/page?address=%2F750ct00000URbqDAAT)
 Elapsed Time: 11.05s

[2K[1A[2K[1A[2K[1A[2K[1A[2K[1A[2K[1A[2K[1A[2K[1A[2K[1A[2K[1A[2K[1A[2K[1A[2K[1A[2K[1A[2K[1A[2K[G
 ───────────────── Importing data ─────────────────

 ✔ Creating ingest job 661ms
 ⣽ Processing the job 10.24s
   ▸ Processed records: ◝
   ▸ Successful records: ◝
   ▸ Failed records: ◝

 Status: UploadComplete
 Job Id:
 750ct00000URbqDAAT (https://fortra--mergebuild.sandbox.my.salesforce.com/lightn
 ing/setup/AsyncApiJobStatus/page?address=%2F750ct00000URbqDAAT)
 Elapsed Time: 11.08s

[2K[1A[2K[1A[2K[1A[2K[1A[2K[1A[2K[1A[2K[1A[2K[1A[2K[1A[2K[1A[2K[1A[2K[1A[2K[1A[2K[1A[2K[1A[2K[G
 ───────────────── Importing data ─────────────────

 ✔ Creating ingest job 661ms
 ⣻ Processing the job 10.27s
   ▸ Processed records: ◝
   ▸ Successful records: ◝
   ▸ Failed records: ◝

 Status: UploadComplete
 Job Id:
 750ct00000URbqDAAT (https://fortra--mergebuild.sandbox.my.salesforce.com/lightn
 ing/setup/AsyncApiJobStatus/page?address=%2F750ct00000URbqDAAT)
 Elapsed Time: 11.11s

[2K[1A[2K[1A[2K[1A[2K[1A[2K[1A[2K[1A[2K[1A[2K[1A[2K[1A[2K[1A[2K[1A[2K[1A[2K[1A[2K[1A[2K[1A[2K[G
 ───────────────── Importing data ─────────────────

 ✔ Creating ingest job 661ms
 ⣻ Processing the job 10.30s
   ▸ Processed records: ◝
   ▸ Successful records: ◝
   ▸ Failed records: ◝

 Status: UploadComplete
 Job Id:
 750ct00000URbqDAAT (https://fortra--mergebuild.sandbox.my.salesforce.com/lightn
 ing/setup/AsyncApiJobStatus/page?address=%2F750ct00000URbqDAAT)
 Elapsed Time: 11.14s

[2K[1A[2K[1A[2K[1A[2K[1A[2K[1A[2K[1A[2K[1A[2K[1A[2K[1A[2K[1A[2K[1A[2K[1A[2K[1A[2K[1A[2K[1A[2K[G
 ───────────────── Importing data ─────────────────

 ✔ Creating ingest job 661ms
 ⣻ Processing the job 10.33s
   ▸ Processed records: ◞
   ▸ Successful records: ◞
   ▸ Failed records: ◞

 Status: UploadComplete
 Job Id:
 750ct00000URbqDAAT (https://fortra--mergebuild.sandbox.my.salesforce.com/lightn
 ing/setup/AsyncApiJobStatus/page?address=%2F750ct00000URbqDAAT)
 Elapsed Time: 11.17s

[2K[1A[2K[1A[2K[1A[2K[1A[2K[1A[2K[1A[2K[1A[2K[1A[2K[1A[2K[1A[2K[1A[2K[1A[2K[1A[2K[1A[2K[1A[2K[G
 ───────────────── Importing data ─────────────────

 ✔ Creating ingest job 661ms
 ⢿ Processing the job 10.36s
   ▸ Processed records: ◞
   ▸ Successful records: ◞
   ▸ Failed records: ◞

 Status: UploadComplete
 Job Id:
 750ct00000URbqDAAT (https://fortra--mergebuild.sandbox.my.salesforce.com/lightn
 ing/setup/AsyncApiJobStatus/page?address=%2F750ct00000URbqDAAT)
 Elapsed Time: 11.20s

[2K[1A[2K[1A[2K[1A[2K[1A[2K[1A[2K[1A[2K[1A[2K[1A[2K[1A[2K[1A[2K[1A[2K[1A[2K[1A[2K[1A[2K[1A[2K[G
 ───────────────── Importing data ─────────────────

 ✔ Creating ingest job 661ms
 ⢿ Processing the job 10.39s
   ▸ Processed records: ◞
   ▸ Successful records: ◞
   ▸ Failed records: ◞

 Status: UploadComplete
 Job Id:
 750ct00000URbqDAAT (https://fortra--mergebuild.sandbox.my.salesforce.com/lightn
 ing/setup/AsyncApiJobStatus/page?address=%2F750ct00000URbqDAAT)
 Elapsed Time: 11.23s

[2K[1A[2K[1A[2K[1A[2K[1A[2K[1A[2K[1A[2K[1A[2K[1A[2K[1A[2K[1A[2K[1A[2K[1A[2K[1A[2K[1A[2K[1A[2K[G
 ───────────────── Importing data ─────────────────

 ✔ Creating ingest job 661ms
 ⡿ Processing the job 10.42s
   ▸ Processed records: ◡
   ▸ Successful records: ◡
   ▸ Failed records: ◡

 Status: UploadComplete
 Job Id:
 750ct00000URbqDAAT (https://fortra--mergebuild.sandbox.my.salesforce.com/lightn
 ing/setup/AsyncApiJobStatus/page?address=%2F750ct00000URbqDAAT)
 Elapsed Time: 11.26s

[2K[1A[2K[1A[2K[1A[2K[1A[2K[1A[2K[1A[2K[1A[2K[1A[2K[1A[2K[1A[2K[1A[2K[1A[2K[1A[2K[1A[2K[1A[2K[G
 ───────────────── Importing data ─────────────────

 ✔ Creating ingest job 661ms
 ⡿ Processing the job 10.46s
   ▸ Processed records: ◡
   ▸ Successful records: ◡
   ▸ Failed records: ◡

 Status: UploadComplete
 Job Id:
 750ct00000URbqDAAT (https://fortra--mergebuild.sandbox.my.salesforce.com/lightn
 ing/setup/AsyncApiJobStatus/page?address=%2F750ct00000URbqDAAT)
 Elapsed Time: 11.29s

[2K[1A[2K[1A[2K[1A[2K[1A[2K[1A[2K[1A[2K[1A[2K[1A[2K[1A[2K[1A[2K[1A[2K[1A[2K[1A[2K[1A[2K[1A[2K[G
 ───────────────── Importing data ─────────────────

 ✔ Creating ingest job 661ms
 ⣟ Processing the job 10.49s
   ▸ Processed records: ◡
   ▸ Successful records: ◡
   ▸ Failed records: ◡

 Status: UploadComplete
 Job Id:
 750ct00000URbqDAAT (https://fortra--mergebuild.sandbox.my.salesforce.com/lightn
 ing/setup/AsyncApiJobStatus/page?address=%2F750ct00000URbqDAAT)
 Elapsed Time: 11.32s

[2K[1A[2K[1A[2K[1A[2K[1A[2K[1A[2K[1A[2K[1A[2K[1A[2K[1A[2K[1A[2K[1A[2K[1A[2K[1A[2K[1A[2K[1A[2K[G
 ───────────────── Importing data ─────────────────

 ✔ Creating ingest job 661ms
 ⣟ Processing the job 10.52s
   ▸ Processed records: ◟
   ▸ Successful records: ◟
   ▸ Failed records: ◟

 Status: UploadComplete
 Job Id:
 750ct00000URbqDAAT (https://fortra--mergebuild.sandbox.my.salesforce.com/lightn
 ing/setup/AsyncApiJobStatus/page?address=%2F750ct00000URbqDAAT)
 Elapsed Time: 11.36s

[2K[1A[2K[1A[2K[1A[2K[1A[2K[1A[2K[1A[2K[1A[2K[1A[2K[1A[2K[1A[2K[1A[2K[1A[2K[1A[2K[1A[2K[1A[2K[G
 ───────────────── Importing data ─────────────────

 ✔ Creating ingest job 661ms
 ⣟ Processing the job 10.54s
   ▸ Processed records: ◟
   ▸ Successful records: ◟
   ▸ Failed records: ◟

 Status: UploadComplete
 Job Id:
 750ct00000URbqDAAT (https://fortra--mergebuild.sandbox.my.salesforce.com/lightn
 ing/setup/AsyncApiJobStatus/page?address=%2F750ct00000URbqDAAT)
 Elapsed Time: 11.39s

[2K[1A[2K[1A[2K[1A[2K[1A[2K[1A[2K[1A[2K[1A[2K[1A[2K[1A[2K[1A[2K[1A[2K[1A[2K[1A[2K[1A[2K[1A[2K[G
 ───────────────── Importing data ─────────────────

 ✔ Creating ingest job 661ms
 ⣯ Processing the job 10.58s
   ▸ Processed records: ◟
   ▸ Successful records: ◟
   ▸ Failed records: ◟

 Status: UploadComplete
 Job Id:
 750ct00000URbqDAAT (https://fortra--mergebuild.sandbox.my.salesforce.com/lightn
 ing/setup/AsyncApiJobStatus/page?address=%2F750ct00000URbqDAAT)
 Elapsed Time: 11.42s

[2K[1A[2K[1A[2K[1A[2K[1A[2K[1A[2K[1A[2K[1A[2K[1A[2K[1A[2K[1A[2K[1A[2K[1A[2K[1A[2K[1A[2K[1A[2K[G
 ───────────────── Importing data ─────────────────

 ✔ Creating ingest job 661ms
 ⣯ Processing the job 10.61s
   ▸ Processed records: ◜
   ▸ Successful records: ◜
   ▸ Failed records: ◜

 Status: UploadComplete
 Job Id:
 750ct00000URbqDAAT (https://fortra--mergebuild.sandbox.my.salesforce.com/lightn
 ing/setup/AsyncApiJobStatus/page?address=%2F750ct00000URbqDAAT)
 Elapsed Time: 11.45s

[2K[1A[2K[1A[2K[1A[2K[1A[2K[1A[2K[1A[2K[1A[2K[1A[2K[1A[2K[1A[2K[1A[2K[1A[2K[1A[2K[1A[2K[1A[2K[G
 ───────────────── Importing data ─────────────────

 ✔ Creating ingest job 661ms
 ⣷ Processing the job 10.63s
   ▸ Processed records: ◜
   ▸ Successful records: ◜
   ▸ Failed records: ◜

 Status: UploadComplete
 Job Id:
 750ct00000URbqDAAT (https://fortra--mergebuild.sandbox.my.salesforce.com/lightn
 ing/setup/AsyncApiJobStatus/page?address=%2F750ct00000URbqDAAT)
 Elapsed Time: 11.48s

[2K[1A[2K[1A[2K[1A[2K[1A[2K[1A[2K[1A[2K[1A[2K[1A[2K[1A[2K[1A[2K[1A[2K[1A[2K[1A[2K[1A[2K[1A[2K[G
 ───────────────── Importing data ─────────────────

 ✔ Creating ingest job 661ms
 ⣷ Processing the job 10.66s
   ▸ Processed records: ◜
   ▸ Successful records: ◜
   ▸ Failed records: ◜

 Status: UploadComplete
 Job Id:
 750ct00000URbqDAAT (https://fortra--mergebuild.sandbox.my.salesforce.com/lightn
 ing/setup/AsyncApiJobStatus/page?address=%2F750ct00000URbqDAAT)
 Elapsed Time: 11.51s

[2K[1A[2K[1A[2K[1A[2K[1A[2K[1A[2K[1A[2K[1A[2K[1A[2K[1A[2K[1A[2K[1A[2K[1A[2K[1A[2K[1A[2K[1A[2K[G
 ───────────────── Importing data ─────────────────

 ✔ Creating ingest job 661ms
 ⣷ Processing the job 10.69s
   ▸ Processed records: ◠
   ▸ Successful records: ◠
   ▸ Failed records: ◠

 Status: UploadComplete
 Job Id:
 750ct00000URbqDAAT (https://fortra--mergebuild.sandbox.my.salesforce.com/lightn
 ing/setup/AsyncApiJobStatus/page?address=%2F750ct00000URbqDAAT)
 Elapsed Time: 11.54s

[2K[1A[2K[1A[2K[1A[2K[1A[2K[1A[2K[1A[2K[1A[2K[1A[2K[1A[2K[1A[2K[1A[2K[1A[2K[1A[2K[1A[2K[1A[2K[G
 ───────────────── Importing data ─────────────────

 ✔ Creating ingest job 661ms
 ⣾ Processing the job 10.72s
   ▸ Processed records: ◠
   ▸ Successful records: ◠
   ▸ Failed records: ◠

 Status: UploadComplete
 Job Id:
 750ct00000URbqDAAT (https://fortra--mergebuild.sandbox.my.salesforce.com/lightn
 ing/setup/AsyncApiJobStatus/page?address=%2F750ct00000URbqDAAT)
 Elapsed Time: 11.57s

[2K[1A[2K[1A[2K[1A[2K[1A[2K[1A[2K[1A[2K[1A[2K[1A[2K[1A[2K[1A[2K[1A[2K[1A[2K[1A[2K[1A[2K[1A[2K[G
 ───────────────── Importing data ─────────────────

 ✔ Creating ingest job 661ms
 ⣾ Processing the job 10.75s
   ▸ Processed records: ◠
   ▸ Successful records: ◠
   ▸ Failed records: ◠

 Status: UploadComplete
 Job Id:
 750ct00000URbqDAAT (https://fortra--mergebuild.sandbox.my.salesforce.com/lightn
 ing/setup/AsyncApiJobStatus/page?address=%2F750ct00000URbqDAAT)
 Elapsed Time: 11.60s

[2K[1A[2K[1A[2K[1A[2K[1A[2K[1A[2K[1A[2K[1A[2K[1A[2K[1A[2K[1A[2K[1A[2K[1A[2K[1A[2K[1A[2K[1A[2K[G
 ───────────────── Importing data ─────────────────

 ✔ Creating ingest job 661ms
 ⣽ Processing the job 10.78s
   ▸ Processed records: ◝
   ▸ Successful records: ◝
   ▸ Failed records: ◝

 Status: UploadComplete
 Job Id:
 750ct00000URbqDAAT (https://fortra--mergebuild.sandbox.my.salesforce.com/lightn
 ing/setup/AsyncApiJobStatus/page?address=%2F750ct00000URbqDAAT)
 Elapsed Time: 11.63s

[2K[1A[2K[1A[2K[1A[2K[1A[2K[1A[2K[1A[2K[1A[2K[1A[2K[1A[2K[1A[2K[1A[2K[1A[2K[1A[2K[1A[2K[1A[2K[G
 ───────────────── Importing data ─────────────────

 ✔ Creating ingest job 661ms
 ⣽ Processing the job 10.81s
   ▸ Processed records: ◝
   ▸ Successful records: ◝
   ▸ Failed records: ◝

 Status: UploadComplete
 Job Id:
 750ct00000URbqDAAT (https://fortra--mergebuild.sandbox.my.salesforce.com/lightn
 ing/setup/AsyncApiJobStatus/page?address=%2F750ct00000URbqDAAT)
 Elapsed Time: 11.66s

[2K[1A[2K[1A[2K[1A[2K[1A[2K[1A[2K[1A[2K[1A[2K[1A[2K[1A[2K[1A[2K[1A[2K[1A[2K[1A[2K[1A[2K[1A[2K[G
 ───────────────── Importing data ─────────────────

 ✔ Creating ingest job 661ms
 ⣽ Processing the job 10.84s
   ▸ Processed records: ◝
   ▸ Successful records: ◝
   ▸ Failed records: ◝

 Status: UploadComplete
 Job Id:
 750ct00000URbqDAAT (https://fortra--mergebuild.sandbox.my.salesforce.com/lightn
 ing/setup/AsyncApiJobStatus/page?address=%2F750ct00000URbqDAAT)
 Elapsed Time: 11.68s

[2K[1A[2K[1A[2K[1A[2K[1A[2K[1A[2K[1A[2K[1A[2K[1A[2K[1A[2K[1A[2K[1A[2K[1A[2K[1A[2K[1A[2K[1A[2K[G
 ───────────────── Importing data ─────────────────

 ✔ Creating ingest job 661ms
 ⣻ Processing the job 10.87s
   ▸ Processed records: ◞
   ▸ Successful records: ◝
   ▸ Failed records: ◝

 Status: UploadComplete
 Job Id:
 750ct00000URbqDAAT (https://fortra--mergebuild.sandbox.my.salesforce.com/lightn
 ing/setup/AsyncApiJobStatus/page?address=%2F750ct00000URbqDAAT)
 Elapsed Time: 11.71s

[2K[1A[2K[1A[2K[1A[2K[1A[2K[1A[2K[1A[2K[1A[2K[1A[2K[1A[2K[1A[2K[1A[2K[1A[2K[1A[2K[1A[2K[1A[2K[G
 ───────────────── Importing data ─────────────────

 ✔ Creating ingest job 661ms
 ⣻ Processing the job 10.90s
   ▸ Processed records: ◞
   ▸ Successful records: ◞
   ▸ Failed records: ◞

 Status: UploadComplete
 Job Id:
 750ct00000URbqDAAT (https://fortra--mergebuild.sandbox.my.salesforce.com/lightn
 ing/setup/AsyncApiJobStatus/page?address=%2F750ct00000URbqDAAT)
 Elapsed Time: 11.75s

[2K[1A[2K[1A[2K[1A[2K[1A[2K[1A[2K[1A[2K[1A[2K[1A[2K[1A[2K[1A[2K[1A[2K[1A[2K[1A[2K[1A[2K[1A[2K[G
 ───────────────── Importing data ─────────────────

 ✔ Creating ingest job 661ms
 ⢿ Processing the job 10.93s
   ▸ Processed records: ◞
   ▸ Successful records: ◞
   ▸ Failed records: ◞

 Status: UploadComplete
 Job Id:
 750ct00000URbqDAAT (https://fortra--mergebuild.sandbox.my.salesforce.com/lightn
 ing/setup/AsyncApiJobStatus/page?address=%2F750ct00000URbqDAAT)
 Elapsed Time: 11.78s

[2K[1A[2K[1A[2K[1A[2K[1A[2K[1A[2K[1A[2K[1A[2K[1A[2K[1A[2K[1A[2K[1A[2K[1A[2K[1A[2K[1A[2K[1A[2K[G
 ───────────────── Importing data ─────────────────

 ✔ Creating ingest job 661ms
 ⢿ Processing the job 10.96s
   ▸ Processed records: ◡
   ▸ Successful records: ◞
   ▸ Failed records: ◞

 Status: UploadComplete
 Job Id:
 750ct00000URbqDAAT (https://fortra--mergebuild.sandbox.my.salesforce.com/lightn
 ing/setup/AsyncApiJobStatus/page?address=%2F750ct00000URbqDAAT)
 Elapsed Time: 11.81s

[2K[1A[2K[1A[2K[1A[2K[1A[2K[1A[2K[1A[2K[1A[2K[1A[2K[1A[2K[1A[2K[1A[2K[1A[2K[1A[2K[1A[2K[1A[2K[G
 ───────────────── Importing data ─────────────────

 ✔ Creating ingest job 661ms
 ⢿ Processing the job 10.99s
   ▸ Processed records: ◡
   ▸ Successful records: ◡
   ▸ Failed records: ◡

 Status: UploadComplete
 Job Id:
 750ct00000URbqDAAT (https://fortra--mergebuild.sandbox.my.salesforce.com/lightn
 ing/setup/AsyncApiJobStatus/page?address=%2F750ct00000URbqDAAT)
 Elapsed Time: 11.83s

[2K[1A[2K[1A[2K[1A[2K[1A[2K[1A[2K[1A[2K[1A[2K[1A[2K[1A[2K[1A[2K[1A[2K[1A[2K[1A[2K[1A[2K[1A[2K[G
 ───────────────── Importing data ─────────────────

 ✔ Creating ingest job 661ms
 ⡿ Processing the job 11.02s
   ▸ Processed records: ◡
   ▸ Successful records: ◡
   ▸ Failed records: ◡

 Status: UploadComplete
 Job Id:
 750ct00000URbqDAAT (https://fortra--mergebuild.sandbox.my.salesforce.com/lightn
 ing/setup/AsyncApiJobStatus/page?address=%2F750ct00000URbqDAAT)
 Elapsed Time: 11.87s

[2K[1A[2K[1A[2K[1A[2K[1A[2K[1A[2K[1A[2K[1A[2K[1A[2K[1A[2K[1A[2K[1A[2K[1A[2K[1A[2K[1A[2K[1A[2K[G
 ───────────────── Importing data ─────────────────

 ✔ Creating ingest job 661ms
 ⡿ Processing the job 11.04s
   ▸ Processed records: ◡
   ▸ Successful records: ◡
   ▸ Failed records: ◡

 Status: UploadComplete
 Job Id:
 750ct00000URbqDAAT (https://fortra--mergebuild.sandbox.my.salesforce.com/lightn
 ing/setup/AsyncApiJobStatus/page?address=%2F750ct00000URbqDAAT)
 Elapsed Time: 11.90s

[2K[1A[2K[1A[2K[1A[2K[1A[2K[1A[2K[1A[2K[1A[2K[1A[2K[1A[2K[1A[2K[1A[2K[1A[2K[1A[2K[1A[2K[1A[2K[G
 ───────────────── Importing data ─────────────────

 ✔ Creating ingest job 661ms
 ⣟ Processing the job 11.07s
   ▸ Processed records: ◟
   ▸ Successful records: ◟
   ▸ Failed records: ◟

 Status: UploadComplete
 Job Id:
 750ct00000URbqDAAT (https://fortra--mergebuild.sandbox.my.salesforce.com/lightn
 ing/setup/AsyncApiJobStatus/page?address=%2F750ct00000URbqDAAT)
 Elapsed Time: 11.92s

[2K[1A[2K[1A[2K[1A[2K[1A[2K[1A[2K[1A[2K[1A[2K[1A[2K[1A[2K[1A[2K[1A[2K[1A[2K[1A[2K[1A[2K[1A[2K[G
 ───────────────── Importing data ─────────────────

 ✔ Creating ingest job 661ms
 ⣟ Processing the job 11.10s
   ▸ Processed records: ◟
   ▸ Successful records: ◟
   ▸ Failed records: ◟

 Status: UploadComplete
 Job Id:
 750ct00000URbqDAAT (https://fortra--mergebuild.sandbox.my.salesforce.com/lightn
 ing/setup/AsyncApiJobStatus/page?address=%2F750ct00000URbqDAAT)
 Elapsed Time: 11.96s

[2K[1A[2K[1A[2K[1A[2K[1A[2K[1A[2K[1A[2K[1A[2K[1A[2K[1A[2K[1A[2K[1A[2K[1A[2K[1A[2K[1A[2K[1A[2K[G
 ───────────────── Importing data ─────────────────

 ✔ Creating ingest job 661ms
 ⣟ Processing the job 11.12s
   ▸ Processed records: ◟
   ▸ Successful records: ◟
   ▸ Failed records: ◟

 Status: UploadComplete
 Job Id:
 750ct00000URbqDAAT (https://fortra--mergebuild.sandbox.my.salesforce.com/lightn
 ing/setup/AsyncApiJobStatus/page?address=%2F750ct00000URbqDAAT)
 Elapsed Time: 11.99s

[2K[1A[2K[1A[2K[1A[2K[1A[2K[1A[2K[1A[2K[1A[2K[1A[2K[1A[2K[1A[2K[1A[2K[1A[2K[1A[2K[1A[2K[1A[2K[G
 ───────────────── Importing data ─────────────────

 ✔ Creating ingest job 661ms
 ⣯ Processing the job 11.15s
   ▸ Processed records: ◜
   ▸ Successful records: ◜
   ▸ Failed records: ◜

 Status: UploadComplete
 Job Id:
 750ct00000URbqDAAT (https://fortra--mergebuild.sandbox.my.salesforce.com/lightn
 ing/setup/AsyncApiJobStatus/page?address=%2F750ct00000URbqDAAT)
 Elapsed Time: 12.01s

[2K[1A[2K[1A[2K[1A[2K[1A[2K[1A[2K[1A[2K[1A[2K[1A[2K[1A[2K[1A[2K[1A[2K[1A[2K[1A[2K[1A[2K[1A[2K[G
 ───────────────── Importing data ─────────────────

 ✔ Creating ingest job 661ms
 ⣯ Processing the job 11.18s
   ▸ Processed records: ◜
   ▸ Successful records: ◜
   ▸ Failed records: ◜

 Status: UploadComplete
 Job Id:
 750ct00000URbqDAAT (https://fortra--mergebuild.sandbox.my.salesforce.com/lightn
 ing/setup/AsyncApiJobStatus/page?address=%2F750ct00000URbqDAAT)
 Elapsed Time: 12.04s

[2K[1A[2K[1A[2K[1A[2K[1A[2K[1A[2K[1A[2K[1A[2K[1A[2K[1A[2K[1A[2K[1A[2K[1A[2K[1A[2K[1A[2K[1A[2K[G
 ───────────────── Importing data ─────────────────

 ✔ Creating ingest job 661ms
 ⣷ Processing the job 11.22s
   ▸ Processed records: ◜
   ▸ Successful records: ◜
   ▸ Failed records: ◜

 Status: UploadComplete
 Job Id:
 750ct00000URbqDAAT (https://fortra--mergebuild.sandbox.my.salesforce.com/lightn
 ing/setup/AsyncApiJobStatus/page?address=%2F750ct00000URbqDAAT)
 Elapsed Time: 12.08s

[2K[1A[2K[1A[2K[1A[2K[1A[2K[1A[2K[1A[2K[1A[2K[1A[2K[1A[2K[1A[2K[1A[2K[1A[2K[1A[2K[1A[2K[1A[2K[G
 ───────────────── Importing data ─────────────────

 ✔ Creating ingest job 661ms
 ⣷ Processing the job 11.25s
   ▸ Processed records: ◠
   ▸ Successful records: ◠
   ▸ Failed records: ◠

 Status: UploadComplete
 Job Id:
 750ct00000URbqDAAT (https://fortra--mergebuild.sandbox.my.salesforce.com/lightn
 ing/setup/AsyncApiJobStatus/page?address=%2F750ct00000URbqDAAT)
 Elapsed Time: 12.11s

[2K[1A[2K[1A[2K[1A[2K[1A[2K[1A[2K[1A[2K[1A[2K[1A[2K[1A[2K[1A[2K[1A[2K[1A[2K[1A[2K[1A[2K[1A[2K[G
 ───────────────── Importing data ─────────────────

 ✔ Creating ingest job 661ms
 ⣷ Processing the job 11.28s
   ▸ Processed records: ◠
   ▸ Successful records: ◠
   ▸ Failed records: ◠

 Status: UploadComplete
 Job Id:
 750ct00000URbqDAAT (https://fortra--mergebuild.sandbox.my.salesforce.com/lightn
 ing/setup/AsyncApiJobStatus/page?address=%2F750ct00000URbqDAAT)
 Elapsed Time: 12.15s

[2K[1A[2K[1A[2K[1A[2K[1A[2K[1A[2K[1A[2K[1A[2K[1A[2K[1A[2K[1A[2K[1A[2K[1A[2K[1A[2K[1A[2K[1A[2K[G
 ───────────────── Importing data ─────────────────

 ✔ Creating ingest job 661ms
 ⣾ Processing the job 11.31s
   ▸ Processed records: ◠
   ▸ Successful records: ◠
   ▸ Failed records: ◠

 Status: UploadComplete
 Job Id:
 750ct00000URbqDAAT (https://fortra--mergebuild.sandbox.my.salesforce.com/lightn
 ing/setup/AsyncApiJobStatus/page?address=%2F750ct00000URbqDAAT)
 Elapsed Time: 12.18s

[2K[1A[2K[1A[2K[1A[2K[1A[2K[1A[2K[1A[2K[1A[2K[1A[2K[1A[2K[1A[2K[1A[2K[1A[2K[1A[2K[1A[2K[1A[2K[G
 ───────────────── Importing data ─────────────────

 ✔ Creating ingest job 661ms
 ⣾ Processing the job 11.34s
   ▸ Processed records: ◝
   ▸ Successful records: ◝
   ▸ Failed records: ◝

 Status: UploadComplete
 Job Id:
 750ct00000URbqDAAT (https://fortra--mergebuild.sandbox.my.salesforce.com/lightn
 ing/setup/AsyncApiJobStatus/page?address=%2F750ct00000URbqDAAT)
 Elapsed Time: 12.20s

[2K[1A[2K[1A[2K[1A[2K[1A[2K[1A[2K[1A[2K[1A[2K[1A[2K[1A[2K[1A[2K[1A[2K[1A[2K[1A[2K[1A[2K[1A[2K[G
 ───────────────── Importing data ─────────────────

 ✔ Creating ingest job 661ms
 ⣽ Processing the job 11.37s
   ▸ Processed records: ◝
   ▸ Successful records: ◝
   ▸ Failed records: ◝

 Status: UploadComplete
 Job Id:
 750ct00000URbqDAAT (https://fortra--mergebuild.sandbox.my.salesforce.com/lightn
 ing/setup/AsyncApiJobStatus/page?address=%2F750ct00000URbqDAAT)
 Elapsed Time: 12.24s

[2K[1A[2K[1A[2K[1A[2K[1A[2K[1A[2K[1A[2K[1A[2K[1A[2K[1A[2K[1A[2K[1A[2K[1A[2K[1A[2K[1A[2K[1A[2K[G
 ───────────────── Importing data ─────────────────

 ✔ Creating ingest job 661ms
 ⣽ Processing the job 11.40s
   ▸ Processed records: ◝
   ▸ Successful records: ◝
   ▸ Failed records: ◝

 Status: UploadComplete
 Job Id:
 750ct00000URbqDAAT (https://fortra--mergebuild.sandbox.my.salesforce.com/lightn
 ing/setup/AsyncApiJobStatus/page?address=%2F750ct00000URbqDAAT)
 Elapsed Time: 12.26s

[2K[1A[2K[1A[2K[1A[2K[1A[2K[1A[2K[1A[2K[1A[2K[1A[2K[1A[2K[1A[2K[1A[2K[1A[2K[1A[2K[1A[2K[1A[2K[G
 ───────────────── Importing data ─────────────────

 ✔ Creating ingest job 661ms
 ⣽ Processing the job 11.43s
   ▸ Processed records: ◞
   ▸ Successful records: ◞
   ▸ Failed records: ◞

 Status: UploadComplete
 Job Id:
 750ct00000URbqDAAT (https://fortra--mergebuild.sandbox.my.salesforce.com/lightn
 ing/setup/AsyncApiJobStatus/page?address=%2F750ct00000URbqDAAT)
 Elapsed Time: 12.29s

[2K[1A[2K[1A[2K[1A[2K[1A[2K[1A[2K[1A[2K[1A[2K[1A[2K[1A[2K[1A[2K[1A[2K[1A[2K[1A[2K[1A[2K[1A[2K[G
 ───────────────── Importing data ─────────────────

 ✔ Creating ingest job 661ms
 ⣻ Processing the job 11.47s
   ▸ Processed records: ◞
   ▸ Successful records: ◞
   ▸ Failed records: ◞

 Status: UploadComplete
 Job Id:
 750ct00000URbqDAAT (https://fortra--mergebuild.sandbox.my.salesforce.com/lightn
 ing/setup/AsyncApiJobStatus/page?address=%2F750ct00000URbqDAAT)
 Elapsed Time: 12.32s

[2K[1A[2K[1A[2K[1A[2K[1A[2K[1A[2K[1A[2K[1A[2K[1A[2K[1A[2K[1A[2K[1A[2K[1A[2K[1A[2K[1A[2K[1A[2K[G
 ───────────────── Importing data ─────────────────

 ✔ Creating ingest job 661ms
 ⣻ Processing the job 11.49s
   ▸ Processed records: ◞
   ▸ Successful records: ◞
   ▸ Failed records: ◞

 Status: UploadComplete
 Job Id:
 750ct00000URbqDAAT (https://fortra--mergebuild.sandbox.my.salesforce.com/lightn
 ing/setup/AsyncApiJobStatus/page?address=%2F750ct00000URbqDAAT)
 Elapsed Time: 12.35s

[2K[1A[2K[1A[2K[1A[2K[1A[2K[1A[2K[1A[2K[1A[2K[1A[2K[1A[2K[1A[2K[1A[2K[1A[2K[1A[2K[1A[2K[1A[2K[G
 ───────────────── Importing data ─────────────────

 ✔ Creating ingest job 661ms
 ⢿ Processing the job 11.52s
   ▸ Processed records: ◡
   ▸ Successful records: ◡
   ▸ Failed records: ◡

 Status: UploadComplete
 Job Id:
 750ct00000URbqDAAT (https://fortra--mergebuild.sandbox.my.salesforce.com/lightn
 ing/setup/AsyncApiJobStatus/page?address=%2F750ct00000URbqDAAT)
 Elapsed Time: 12.38s

[2K[1A[2K[1A[2K[1A[2K[1A[2K[1A[2K[1A[2K[1A[2K[1A[2K[1A[2K[1A[2K[1A[2K[1A[2K[1A[2K[1A[2K[1A[2K[G
 ───────────────── Importing data ─────────────────

 ✔ Creating ingest job 661ms
 ⢿ Processing the job 11.55s
   ▸ Processed records: ◡
   ▸ Successful records: ◡
   ▸ Failed records: ◡

 Status: UploadComplete
 Job Id:
 750ct00000URbqDAAT (https://fortra--mergebuild.sandbox.my.salesforce.com/lightn
 ing/setup/AsyncApiJobStatus/page?address=%2F750ct00000URbqDAAT)
 Elapsed Time: 12.41s

[2K[1A[2K[1A[2K[1A[2K[1A[2K[1A[2K[1A[2K[1A[2K[1A[2K[1A[2K[1A[2K[1A[2K[1A[2K[1A[2K[1A[2K[1A[2K[G
 ───────────────── Importing data ─────────────────

 ✔ Creating ingest job 661ms
 ⢿ Processing the job 11.58s
   ▸ Processed records: ◡
   ▸ Successful records: ◡
   ▸ Failed records: ◡

 Status: UploadComplete
 Job Id:
 750ct00000URbqDAAT (https://fortra--mergebuild.sandbox.my.salesforce.com/lightn
 ing/setup/AsyncApiJobStatus/page?address=%2F750ct00000URbqDAAT)
 Elapsed Time: 12.43s

[2K[1A[2K[1A[2K[1A[2K[1A[2K[1A[2K[1A[2K[1A[2K[1A[2K[1A[2K[1A[2K[1A[2K[1A[2K[1A[2K[1A[2K[1A[2K[G
 ───────────────── Importing data ─────────────────

 ✔ Creating ingest job 661ms
 ⡿ Processing the job 11.61s
   ▸ Processed records: ◟
   ▸ Successful records: ◟
   ▸ Failed records: ◟

 Status: UploadComplete
 Job Id:
 750ct00000URbqDAAT (https://fortra--mergebuild.sandbox.my.salesforce.com/lightn
 ing/setup/AsyncApiJobStatus/page?address=%2F750ct00000URbqDAAT)
 Elapsed Time: 12.46s

[2K[1A[2K[1A[2K[1A[2K[1A[2K[1A[2K[1A[2K[1A[2K[1A[2K[1A[2K[1A[2K[1A[2K[1A[2K[1A[2K[1A[2K[1A[2K[G
 ───────────────── Importing data ─────────────────

 ✔ Creating ingest job 661ms
 ⡿ Processing the job 11.64s
   ▸ Processed records: ◟
   ▸ Successful records: ◟
   ▸ Failed records: ◟

 Status: UploadComplete
 Job Id:
 750ct00000URbqDAAT (https://fortra--mergebuild.sandbox.my.salesforce.com/lightn
 ing/setup/AsyncApiJobStatus/page?address=%2F750ct00000URbqDAAT)
 Elapsed Time: 12.49s

[2K[1A[2K[1A[2K[1A[2K[1A[2K[1A[2K[1A[2K[1A[2K[1A[2K[1A[2K[1A[2K[1A[2K[1A[2K[1A[2K[1A[2K[1A[2K[G
 ───────────────── Importing data ─────────────────

 ✔ Creating ingest job 661ms
 ⣟ Processing the job 11.67s
   ▸ Processed records: ◟
   ▸ Successful records: ◟
   ▸ Failed records: ◟

 Status: UploadComplete
 Job Id:
 750ct00000URbqDAAT (https://fortra--mergebuild.sandbox.my.salesforce.com/lightn
 ing/setup/AsyncApiJobStatus/page?address=%2F750ct00000URbqDAAT)
 Elapsed Time: 12.52s

[2K[1A[2K[1A[2K[1A[2K[1A[2K[1A[2K[1A[2K[1A[2K[1A[2K[1A[2K[1A[2K[1A[2K[1A[2K[1A[2K[1A[2K[1A[2K[G
 ───────────────── Importing data ─────────────────

 ✔ Creating ingest job 661ms
 ⣟ Processing the job 11.70s
   ▸ Processed records: ◜
   ▸ Successful records: ◜
   ▸ Failed records: ◜

 Status: UploadComplete
 Job Id:
 750ct00000URbqDAAT (https://fortra--mergebuild.sandbox.my.salesforce.com/lightn
 ing/setup/AsyncApiJobStatus/page?address=%2F750ct00000URbqDAAT)
 Elapsed Time: 12.55s

[2K[1A[2K[1A[2K[1A[2K[1A[2K[1A[2K[1A[2K[1A[2K[1A[2K[1A[2K[1A[2K[1A[2K[1A[2K[1A[2K[1A[2K[1A[2K[G
 ───────────────── Importing data ─────────────────

 ✔ Creating ingest job 661ms
 ⣟ Processing the job 11.73s
   ▸ Processed records: ◜
   ▸ Successful records: ◜
   ▸ Failed records: ◜

 Status: UploadComplete
 Job Id:
 750ct00000URbqDAAT (https://fortra--mergebuild.sandbox.my.salesforce.com/lightn
 ing/setup/AsyncApiJobStatus/page?address=%2F750ct00000URbqDAAT)
 Elapsed Time: 12.58s

[2K[1A[2K[1A[2K[1A[2K[1A[2K[1A[2K[1A[2K[1A[2K[1A[2K[1A[2K[1A[2K[1A[2K[1A[2K[1A[2K[1A[2K[1A[2K[G
 ───────────────── Importing data ─────────────────

 ✔ Creating ingest job 661ms
 ⣯ Processing the job 11.76s
   ▸ Processed records: ◜
   ▸ Successful records: ◜
   ▸ Failed records: ◜

 Status: UploadComplete
 Job Id:
 750ct00000URbqDAAT (https://fortra--mergebuild.sandbox.my.salesforce.com/lightn
 ing/setup/AsyncApiJobStatus/page?address=%2F750ct00000URbqDAAT)
 Elapsed Time: 12.61s

[2K[1A[2K[1A[2K[1A[2K[1A[2K[1A[2K[1A[2K[1A[2K[1A[2K[1A[2K[1A[2K[1A[2K[1A[2K[1A[2K[1A[2K[1A[2K[G
 ───────────────── Importing data ─────────────────

 ✔ Creating ingest job 661ms
 ⣯ Processing the job 11.80s
   ▸ Processed records: ◠
   ▸ Successful records: ◜
   ▸ Failed records: ◜

 Status: UploadComplete
 Job Id:
 750ct00000URbqDAAT (https://fortra--mergebuild.sandbox.my.salesforce.com/lightn
 ing/setup/AsyncApiJobStatus/page?address=%2F750ct00000URbqDAAT)
 Elapsed Time: 12.64s

[2K[1A[2K[1A[2K[1A[2K[1A[2K[1A[2K[1A[2K[1A[2K[1A[2K[1A[2K[1A[2K[1A[2K[1A[2K[1A[2K[1A[2K[1A[2K[G
 ───────────────── Importing data ─────────────────

 ✔ Creating ingest job 661ms
 ⣷ Processing the job 11.82s
   ▸ Processed records: ◠
   ▸ Successful records: ◠
   ▸ Failed records: ◠

 Status: UploadComplete
 Job Id:
 750ct00000URbqDAAT (https://fortra--mergebuild.sandbox.my.salesforce.com/lightn
 ing/setup/AsyncApiJobStatus/page?address=%2F750ct00000URbqDAAT)
 Elapsed Time: 12.67s

[2K[1A[2K[1A[2K[1A[2K[1A[2K[1A[2K[1A[2K[1A[2K[1A[2K[1A[2K[1A[2K[1A[2K[1A[2K[1A[2K[1A[2K[1A[2K[G
 ───────────────── Importing data ─────────────────

 ✔ Creating ingest job 661ms
 ⣷ Processing the job 11.85s
   ▸ Processed records: ◠
   ▸ Successful records: ◠
   ▸ Failed records: ◠

 Status: UploadComplete
 Job Id:
 750ct00000URbqDAAT (https://fortra--mergebuild.sandbox.my.salesforce.com/lightn
 ing/setup/AsyncApiJobStatus/page?address=%2F750ct00000URbqDAAT)
 Elapsed Time: 12.70s

[2K[1A[2K[1A[2K[1A[2K[1A[2K[1A[2K[1A[2K[1A[2K[1A[2K[1A[2K[1A[2K[1A[2K[1A[2K[1A[2K[1A[2K[1A[2K[G
 ───────────────── Importing data ─────────────────

 ✔ Creating ingest job 661ms
 ⣷ Processing the job 11.88s
   ▸ Processed records: ◝
   ▸ Successful records: ◠
   ▸ Failed records: ◠

 Status: UploadComplete
 Job Id:
 750ct00000URbqDAAT (https://fortra--mergebuild.sandbox.my.salesforce.com/lightn
 ing/setup/AsyncApiJobStatus/page?address=%2F750ct00000URbqDAAT)
 Elapsed Time: 12.73s

[2K[1A[2K[1A[2K[1A[2K[1A[2K[1A[2K[1A[2K[1A[2K[1A[2K[1A[2K[1A[2K[1A[2K[1A[2K[1A[2K[1A[2K[1A[2K[G
 ───────────────── Importing data ─────────────────

 ✔ Creating ingest job 661ms
 ⣾ Processing the job 11.91s
   ▸ Processed records: ◝
   ▸ Successful records: ◝
   ▸ Failed records: ◝

 Status: UploadComplete
 Job Id:
 750ct00000URbqDAAT (https://fortra--mergebuild.sandbox.my.salesforce.com/lightn
 ing/setup/AsyncApiJobStatus/page?address=%2F750ct00000URbqDAAT)
 Elapsed Time: 12.76s

[2K[1A[2K[1A[2K[1A[2K[1A[2K[1A[2K[1A[2K[1A[2K[1A[2K[1A[2K[1A[2K[1A[2K[1A[2K[1A[2K[1A[2K[1A[2K[G
 ───────────────── Importing data ─────────────────

 ✔ Creating ingest job 661ms
 ⣾ Processing the job 11.94s
   ▸ Processed records: ◝
   ▸ Successful records: ◝
   ▸ Failed records: ◝

 Status: UploadComplete
 Job Id:
 750ct00000URbqDAAT (https://fortra--mergebuild.sandbox.my.salesforce.com/lightn
 ing/setup/AsyncApiJobStatus/page?address=%2F750ct00000URbqDAAT)
 Elapsed Time: 12.79s

[2K[1A[2K[1A[2K[1A[2K[1A[2K[1A[2K[1A[2K[1A[2K[1A[2K[1A[2K[1A[2K[1A[2K[1A[2K[1A[2K[1A[2K[1A[2K[G
 ───────────────── Importing data ─────────────────

 ✔ Creating ingest job 661ms
 ⣽ Processing the job 11.97s
   ▸ Processed records: ◝
   ▸ Successful records: ◝
   ▸ Failed records: ◝

 Status: UploadComplete
 Job Id:
 750ct00000URbqDAAT (https://fortra--mergebuild.sandbox.my.salesforce.com/lightn
 ing/setup/AsyncApiJobStatus/page?address=%2F750ct00000URbqDAAT)
 Elapsed Time: 12.82s

[2K[1A[2K[1A[2K[1A[2K[1A[2K[1A[2K[1A[2K[1A[2K[1A[2K[1A[2K[1A[2K[1A[2K[1A[2K[1A[2K[1A[2K[1A[2K[G
 ───────────────── Importing data ─────────────────

 ✔ Creating ingest job 661ms
 ⣽ Processing the job 12.00s
   ▸ Processed records: ◞
   ▸ Successful records: ◞
   ▸ Failed records: ◞

 Status: UploadComplete
 Job Id:
 750ct00000URbqDAAT (https://fortra--mergebuild.sandbox.my.salesforce.com/lightn
 ing/setup/AsyncApiJobStatus/page?address=%2F750ct00000URbqDAAT)
 Elapsed Time: 12.85s

[2K[1A[2K[1A[2K[1A[2K[1A[2K[1A[2K[1A[2K[1A[2K[1A[2K[1A[2K[1A[2K[1A[2K[1A[2K[1A[2K[1A[2K[1A[2K[G
 ───────────────── Importing data ─────────────────

 ✔ Creating ingest job 661ms
 ⣽ Processing the job 12.03s
   ▸ Processed records: ◞
   ▸ Successful records: ◞
   ▸ Failed records: ◞

 Status: UploadComplete
 Job Id:
 750ct00000URbqDAAT (https://fortra--mergebuild.sandbox.my.salesforce.com/lightn
 ing/setup/AsyncApiJobStatus/page?address=%2F750ct00000URbqDAAT)
 Elapsed Time: 12.87s

[2K[1A[2K[1A[2K[1A[2K[1A[2K[1A[2K[1A[2K[1A[2K[1A[2K[1A[2K[1A[2K[1A[2K[1A[2K[1A[2K[1A[2K[1A[2K[G
 ───────────────── Importing data ─────────────────

 ✔ Creating ingest job 661ms
 ⣻ Processing the job 12.06s
   ▸ Processed records: ◞
   ▸ Successful records: ◞
   ▸ Failed records: ◞

 Status: UploadComplete
 Job Id:
 750ct00000URbqDAAT (https://fortra--mergebuild.sandbox.my.salesforce.com/lightn
 ing/setup/AsyncApiJobStatus/page?address=%2F750ct00000URbqDAAT)
 Elapsed Time: 12.90s

[2K[1A[2K[1A[2K[1A[2K[1A[2K[1A[2K[1A[2K[1A[2K[1A[2K[1A[2K[1A[2K[1A[2K[1A[2K[1A[2K[1A[2K[1A[2K[G
 ───────────────── Importing data ─────────────────

 ✔ Creating ingest job 661ms
 ⣻ Processing the job 12.09s
   ▸ Processed records: ◡
   ▸ Successful records: ◡
   ▸ Failed records: ◡

 Status: UploadComplete
 Job Id:
 750ct00000URbqDAAT (https://fortra--mergebuild.sandbox.my.salesforce.com/lightn
 ing/setup/AsyncApiJobStatus/page?address=%2F750ct00000URbqDAAT)
 Elapsed Time: 12.93s

[2K[1A[2K[1A[2K[1A[2K[1A[2K[1A[2K[1A[2K[1A[2K[1A[2K[1A[2K[1A[2K[1A[2K[1A[2K[1A[2K[1A[2K[1A[2K[G
 ───────────────── Importing data ─────────────────

 ✔ Creating ingest job 661ms
 ⢿ Processing the job 12.12s
   ▸ Processed records: ◡
   ▸ Successful records: ◡
   ▸ Failed records: ◡

 Status: UploadComplete
 Job Id:
 750ct00000URbqDAAT (https://fortra--mergebuild.sandbox.my.salesforce.com/lightn
 ing/setup/AsyncApiJobStatus/page?address=%2F750ct00000URbqDAAT)
 Elapsed Time: 12.96s

[2K[1A[2K[1A[2K[1A[2K[1A[2K[1A[2K[1A[2K[1A[2K[1A[2K[1A[2K[1A[2K[1A[2K[1A[2K[1A[2K[1A[2K[1A[2K[G
 ───────────────── Importing data ─────────────────

 ✔ Creating ingest job 661ms
 ⢿ Processing the job 12.14s
   ▸ Processed records: ◡
   ▸ Successful records: ◡
   ▸ Failed records: ◡

 Status: UploadComplete
 Job Id:
 750ct00000URbqDAAT (https://fortra--mergebuild.sandbox.my.salesforce.com/lightn
 ing/setup/AsyncApiJobStatus/page?address=%2F750ct00000URbqDAAT)
 Elapsed Time: 13.00s

[2K[1A[2K[1A[2K[1A[2K[1A[2K[1A[2K[1A[2K[1A[2K[1A[2K[1A[2K[1A[2K[1A[2K[1A[2K[1A[2K[1A[2K[1A[2K[G
 ───────────────── Importing data ─────────────────

 ✔ Creating ingest job 661ms
 ⢿ Processing the job 12.18s
   ▸ Processed records: ◟
   ▸ Successful records: ◟
   ▸ Failed records: ◟

 Status: UploadComplete
 Job Id:
 750ct00000URbqDAAT (https://fortra--mergebuild.sandbox.my.salesforce.com/lightn
 ing/setup/AsyncApiJobStatus/page?address=%2F750ct00000URbqDAAT)
 Elapsed Time: 13.02s

[2K[1A[2K[1A[2K[1A[2K[1A[2K[1A[2K[1A[2K[1A[2K[1A[2K[1A[2K[1A[2K[1A[2K[1A[2K[1A[2K[1A[2K[1A[2K[G
 ───────────────── Importing data ─────────────────

 ✔ Creating ingest job 661ms
 ⡿ Processing the job 12.21s
   ▸ Processed records: ◟
   ▸ Successful records: ◟
   ▸ Failed records: ◟

 Status: UploadComplete
 Job Id:
 750ct00000URbqDAAT (https://fortra--mergebuild.sandbox.my.salesforce.com/lightn
 ing/setup/AsyncApiJobStatus/page?address=%2F750ct00000URbqDAAT)
 Elapsed Time: 13.05s

[2K[1A[2K[1A[2K[1A[2K[1A[2K[1A[2K[1A[2K[1A[2K[1A[2K[1A[2K[1A[2K[1A[2K[1A[2K[1A[2K[1A[2K[1A[2K[G
 ───────────────── Importing data ─────────────────

 ✔ Creating ingest job 661ms
 ⡿ Processing the job 12.23s
   ▸ Processed records: ◟
   ▸ Successful records: ◟
   ▸ Failed records: ◟

 Status: UploadComplete
 Job Id:
 750ct00000URbqDAAT (https://fortra--mergebuild.sandbox.my.salesforce.com/lightn
 ing/setup/AsyncApiJobStatus/page?address=%2F750ct00000URbqDAAT)
 Elapsed Time: 13.09s

[2K[1A[2K[1A[2K[1A[2K[1A[2K[1A[2K[1A[2K[1A[2K[1A[2K[1A[2K[1A[2K[1A[2K[1A[2K[1A[2K[1A[2K[1A[2K[G
 ───────────────── Importing data ─────────────────

 ✔ Creating ingest job 661ms
 ⣟ Processing the job 12.27s
   ▸ Processed records: ◜
   ▸ Successful records: ◜
   ▸ Failed records: ◜

 Status: UploadComplete
 Job Id:
 750ct00000URbqDAAT (https://fortra--mergebuild.sandbox.my.salesforce.com/lightn
 ing/setup/AsyncApiJobStatus/page?address=%2F750ct00000URbqDAAT)
 Elapsed Time: 13.12s

[2K[1A[2K[1A[2K[1A[2K[1A[2K[1A[2K[1A[2K[1A[2K[1A[2K[1A[2K[1A[2K[1A[2K[1A[2K[1A[2K[1A[2K[1A[2K[G
 ───────────────── Importing data ─────────────────

 ✔ Creating ingest job 661ms
 ⣟ Processing the job 12.29s
   ▸ Processed records: ◜
   ▸ Successful records: ◜
   ▸ Failed records: ◜

 Status: UploadComplete
 Job Id:
 750ct00000URbqDAAT (https://fortra--mergebuild.sandbox.my.salesforce.com/lightn
 ing/setup/AsyncApiJobStatus/page?address=%2F750ct00000URbqDAAT)
 Elapsed Time: 13.15s

[2K[1A[2K[1A[2K[1A[2K[1A[2K[1A[2K[1A[2K[1A[2K[1A[2K[1A[2K[1A[2K[1A[2K[1A[2K[1A[2K[1A[2K[1A[2K[G
 ───────────────── Importing data ─────────────────

 ✔ Creating ingest job 661ms
 ⣟ Processing the job 12.33s
   ▸ Processed records: ◜
   ▸ Successful records: ◜
   ▸ Failed records: ◜

 Status: UploadComplete
 Job Id:
 750ct00000URbqDAAT (https://fortra--mergebuild.sandbox.my.salesforce.com/lightn
 ing/setup/AsyncApiJobStatus/page?address=%2F750ct00000URbqDAAT)
 Elapsed Time: 13.18s

[2K[1A[2K[1A[2K[1A[2K[1A[2K[1A[2K[1A[2K[1A[2K[1A[2K[1A[2K[1A[2K[1A[2K[1A[2K[1A[2K[1A[2K[1A[2K[G
 ───────────────── Importing data ─────────────────

 ✔ Creating ingest job 661ms
 ⣯ Processing the job 12.35s
   ▸ Processed records: ◠
   ▸ Successful records: ◠
   ▸ Failed records: ◠

 Status: UploadComplete
 Job Id:
 750ct00000URbqDAAT (https://fortra--mergebuild.sandbox.my.salesforce.com/lightn
 ing/setup/AsyncApiJobStatus/page?address=%2F750ct00000URbqDAAT)
 Elapsed Time: 13.21s

[2K[1A[2K[1A[2K[1A[2K[1A[2K[1A[2K[1A[2K[1A[2K[1A[2K[1A[2K[1A[2K[1A[2K[1A[2K[1A[2K[1A[2K[1A[2K[G
 ───────────────── Importing data ─────────────────

 ✔ Creating ingest job 661ms
 ⣯ Processing the job 12.38s
   ▸ Processed records: ◠
   ▸ Successful records: ◠
   ▸ Failed records: ◠

 Status: UploadComplete
 Job Id:
 750ct00000URbqDAAT (https://fortra--mergebuild.sandbox.my.salesforce.com/lightn
 ing/setup/AsyncApiJobStatus/page?address=%2F750ct00000URbqDAAT)
 Elapsed Time: 13.25s

[2K[1A[2K[1A[2K[1A[2K[1A[2K[1A[2K[1A[2K[1A[2K[1A[2K[1A[2K[1A[2K[1A[2K[1A[2K[1A[2K[1A[2K[1A[2K[G
 ───────────────── Importing data ─────────────────

 ✔ Creating ingest job 661ms
 ⣷ Processing the job 12.41s
   ▸ Processed records: ◠
   ▸ Successful records: ◠
   ▸ Failed records: ◠

 Status: UploadComplete
 Job Id:
 750ct00000URbqDAAT (https://fortra--mergebuild.sandbox.my.salesforce.com/lightn
 ing/setup/AsyncApiJobStatus/page?address=%2F750ct00000URbqDAAT)
 Elapsed Time: 13.27s

[2K[1A[2K[1A[2K[1A[2K[1A[2K[1A[2K[1A[2K[1A[2K[1A[2K[1A[2K[1A[2K[1A[2K[1A[2K[1A[2K[1A[2K[1A[2K[G
 ───────────────── Importing data ─────────────────

 ✔ Creating ingest job 661ms
 ⣷ Processing the job 12.44s
   ▸ Processed records: ◝
   ▸ Successful records: ◝
   ▸ Failed records: ◝

 Status: UploadComplete
 Job Id:
 750ct00000URbqDAAT (https://fortra--mergebuild.sandbox.my.salesforce.com/lightn
 ing/setup/AsyncApiJobStatus/page?address=%2F750ct00000URbqDAAT)
 Elapsed Time: 13.30s

[2K[1A[2K[1A[2K[1A[2K[1A[2K[1A[2K[1A[2K[1A[2K[1A[2K[1A[2K[1A[2K[1A[2K[1A[2K[1A[2K[1A[2K[1A[2K[G
 ───────────────── Importing data ─────────────────

 ✔ Creating ingest job 661ms
 ⣷ Processing the job 12.47s
   ▸ Processed records: ◝
   ▸ Successful records: ◝
   ▸ Failed records: ◝

 Status: UploadComplete
 Job Id:
 750ct00000URbqDAAT (https://fortra--mergebuild.sandbox.my.salesforce.com/lightn
 ing/setup/AsyncApiJobStatus/page?address=%2F750ct00000URbqDAAT)
 Elapsed Time: 13.33s

[2K[1A[2K[1A[2K[1A[2K[1A[2K[1A[2K[1A[2K[1A[2K[1A[2K[1A[2K[1A[2K[1A[2K[1A[2K[1A[2K[1A[2K[1A[2K[G
 ───────────────── Importing data ─────────────────

 ✔ Creating ingest job 661ms
 ⣾ Processing the job 12.51s
   ▸ Processed records: ◝
   ▸ Successful records: ◝
   ▸ Failed records: ◝

 Status: UploadComplete
 Job Id:
 750ct00000URbqDAAT (https://fortra--mergebuild.sandbox.my.salesforce.com/lightn
 ing/setup/AsyncApiJobStatus/page?address=%2F750ct00000URbqDAAT)
 Elapsed Time: 13.36s

[2K[1A[2K[1A[2K[1A[2K[1A[2K[1A[2K[1A[2K[1A[2K[1A[2K[1A[2K[1A[2K[1A[2K[1A[2K[1A[2K[1A[2K[1A[2K[G
 ───────────────── Importing data ─────────────────

 ✔ Creating ingest job 661ms
 ⣾ Processing the job 12.54s
   ▸ Processed records: ◞
   ▸ Successful records: ◝
   ▸ Failed records: ◝

 Status: UploadComplete
 Job Id:
 750ct00000URbqDAAT (https://fortra--mergebuild.sandbox.my.salesforce.com/lightn
 ing/setup/AsyncApiJobStatus/page?address=%2F750ct00000URbqDAAT)
 Elapsed Time: 13.39s

[2K[1A[2K[1A[2K[1A[2K[1A[2K[1A[2K[1A[2K[1A[2K[1A[2K[1A[2K[1A[2K[1A[2K[1A[2K[1A[2K[1A[2K[1A[2K[G
 ───────────────── Importing data ─────────────────

 ✔ Creating ingest job 661ms
 ⣽ Processing the job 12.56s
   ▸ Processed records: ◞
   ▸ Successful records: ◞
   ▸ Failed records: ◞

 Status: UploadComplete
 Job Id:
 750ct00000URbqDAAT (https://fortra--mergebuild.sandbox.my.salesforce.com/lightn
 ing/setup/AsyncApiJobStatus/page?address=%2F750ct00000URbqDAAT)
 Elapsed Time: 13.42s

[2K[1A[2K[1A[2K[1A[2K[1A[2K[1A[2K[1A[2K[1A[2K[1A[2K[1A[2K[1A[2K[1A[2K[1A[2K[1A[2K[1A[2K[1A[2K[G
 ───────────────── Importing data ─────────────────

 ✔ Creating ingest job 661ms
 ⣽ Processing the job 12.59s
   ▸ Processed records: ◞
   ▸ Successful records: ◞
   ▸ Failed records: ◞

 Status: UploadComplete
 Job Id:
 750ct00000URbqDAAT (https://fortra--mergebuild.sandbox.my.salesforce.com/lightn
 ing/setup/AsyncApiJobStatus/page?address=%2F750ct00000URbqDAAT)
 Elapsed Time: 13.45s

[2K[1A[2K[1A[2K[1A[2K[1A[2K[1A[2K[1A[2K[1A[2K[1A[2K[1A[2K[1A[2K[1A[2K[1A[2K[1A[2K[1A[2K[1A[2K[G
 ───────────────── Importing data ─────────────────

 ✔ Creating ingest job 661ms
 ⣽ Processing the job 12.63s
   ▸ Processed records: ◡
   ▸ Successful records: ◞
   ▸ Failed records: ◞

 Status: UploadComplete
 Job Id:
 750ct00000URbqDAAT (https://fortra--mergebuild.sandbox.my.salesforce.com/lightn
 ing/setup/AsyncApiJobStatus/page?address=%2F750ct00000URbqDAAT)
 Elapsed Time: 13.48s

[2K[1A[2K[1A[2K[1A[2K[1A[2K[1A[2K[1A[2K[1A[2K[1A[2K[1A[2K[1A[2K[1A[2K[1A[2K[1A[2K[1A[2K[1A[2K[G
 ───────────────── Importing data ─────────────────

 ✔ Creating ingest job 661ms
 ⣻ Processing the job 12.65s
   ▸ Processed records: ◡
   ▸ Successful records: ◡
   ▸ Failed records: ◡

 Status: UploadComplete
 Job Id:
 750ct00000URbqDAAT (https://fortra--mergebuild.sandbox.my.salesforce.com/lightn
 ing/setup/AsyncApiJobStatus/page?address=%2F750ct00000URbqDAAT)
 Elapsed Time: 13.52s

[2K[1A[2K[1A[2K[1A[2K[1A[2K[1A[2K[1A[2K[1A[2K[1A[2K[1A[2K[1A[2K[1A[2K[1A[2K[1A[2K[1A[2K[1A[2K[G
 ───────────────── Importing data ─────────────────

 ✔ Creating ingest job 661ms
 ⣻ Processing the job 12.68s
   ▸ Processed records: ◡
   ▸ Successful records: ◡
   ▸ Failed records: ◡

 Status: UploadComplete
 Job Id:
 750ct00000URbqDAAT (https://fortra--mergebuild.sandbox.my.salesforce.com/lightn
 ing/setup/AsyncApiJobStatus/page?address=%2F750ct00000URbqDAAT)
 Elapsed Time: 13.56s

[2K[1A[2K[1A[2K[1A[2K[1A[2K[1A[2K[1A[2K[1A[2K[1A[2K[1A[2K[1A[2K[1A[2K[1A[2K[1A[2K[1A[2K[1A[2K[G
 ───────────────── Importing data ─────────────────

 ✔ Creating ingest job 661ms
 ⢿ Processing the job 12.71s
   ▸ Processed records: ◟
   ▸ Successful records: ◡
   ▸ Failed records: ◡

 Status: UploadComplete
 Job Id:
 750ct00000URbqDAAT (https://fortra--mergebuild.sandbox.my.salesforce.com/lightn
 ing/setup/AsyncApiJobStatus/page?address=%2F750ct00000URbqDAAT)
 Elapsed Time: 13.58s

[2K[1A[2K[1A[2K[1A[2K[1A[2K[1A[2K[1A[2K[1A[2K[1A[2K[1A[2K[1A[2K[1A[2K[1A[2K[1A[2K[1A[2K[1A[2K[G
 ───────────────── Importing data ─────────────────

 ✔ Creating ingest job 661ms
 ⢿ Processing the job 12.74s
   ▸ Processed records: ◟
   ▸ Successful records: ◟
   ▸ Failed records: ◟

 Status: UploadComplete
 Job Id:
 750ct00000URbqDAAT (https://fortra--mergebuild.sandbox.my.salesforce.com/lightn
 ing/setup/AsyncApiJobStatus/page?address=%2F750ct00000URbqDAAT)
 Elapsed Time: 13.61s

[2K[1A[2K[1A[2K[1A[2K[1A[2K[1A[2K[1A[2K[1A[2K[1A[2K[1A[2K[1A[2K[1A[2K[1A[2K[1A[2K[1A[2K[1A[2K[G
 ───────────────── Importing data ─────────────────

 ✔ Creating ingest job 661ms
 ⢿ Processing the job 12.77s
   ▸ Processed records: ◟
   ▸ Successful records: ◟
   ▸ Failed records: ◟

 Status: UploadComplete
 Job Id:
 750ct00000URbqDAAT (https://fortra--mergebuild.sandbox.my.salesforce.com/lightn
 ing/setup/AsyncApiJobStatus/page?address=%2F750ct00000URbqDAAT)
 Elapsed Time: 13.64s

[2K[1A[2K[1A[2K[1A[2K[1A[2K[1A[2K[1A[2K[1A[2K[1A[2K[1A[2K[1A[2K[1A[2K[1A[2K[1A[2K[1A[2K[1A[2K[G
 ───────────────── Importing data ─────────────────

 ✔ Creating ingest job 661ms
 ⡿ Processing the job 12.79s
   ▸ Processed records: ◜
   ▸ Successful records: ◟
   ▸ Failed records: ◟

 Status: UploadComplete
 Job Id:
 750ct00000URbqDAAT (https://fortra--mergebuild.sandbox.my.salesforce.com/lightn
 ing/setup/AsyncApiJobStatus/page?address=%2F750ct00000URbqDAAT)
 Elapsed Time: 13.67s

[2K[1A[2K[1A[2K[1A[2K[1A[2K[1A[2K[1A[2K[1A[2K[1A[2K[1A[2K[1A[2K[1A[2K[1A[2K[1A[2K[1A[2K[1A[2K[G
 ───────────────── Importing data ─────────────────

 ✔ Creating ingest job 661ms
 ⡿ Processing the job 12.83s
   ▸ Processed records: ◜
   ▸ Successful records: ◜
   ▸ Failed records: ◜

 Status: UploadComplete
 Job Id:
 750ct00000URbqDAAT (https://fortra--mergebuild.sandbox.my.salesforce.com/lightn
 ing/setup/AsyncApiJobStatus/page?address=%2F750ct00000URbqDAAT)
 Elapsed Time: 13.70s

[2K[1A[2K[1A[2K[1A[2K[1A[2K[1A[2K[1A[2K[1A[2K[1A[2K[1A[2K[1A[2K[1A[2K[1A[2K[1A[2K[1A[2K[1A[2K[G
 ───────────────── Importing data ─────────────────

 ✔ Creating ingest job 661ms
 ⣟ Processing the job 12.85s
   ▸ Processed records: ◜
   ▸ Successful records: ◜
   ▸ Failed records: ◜

 Status: UploadComplete
 Job Id:
 750ct00000URbqDAAT (https://fortra--mergebuild.sandbox.my.salesforce.com/lightn
 ing/setup/AsyncApiJobStatus/page?address=%2F750ct00000URbqDAAT)
 Elapsed Time: 13.73s

[2K[1A[2K[1A[2K[1A[2K[1A[2K[1A[2K[1A[2K[1A[2K[1A[2K[1A[2K[1A[2K[1A[2K[1A[2K[1A[2K[1A[2K[1A[2K[G
 ───────────────── Importing data ─────────────────

 ✔ Creating ingest job 661ms
 ⣟ Processing the job 12.88s
   ▸ Processed records: ◠
   ▸ Successful records: ◜
   ▸ Failed records: ◜

 Status: UploadComplete
 Job Id:
 750ct00000URbqDAAT (https://fortra--mergebuild.sandbox.my.salesforce.com/lightn
 ing/setup/AsyncApiJobStatus/page?address=%2F750ct00000URbqDAAT)
 Elapsed Time: 13.76s

[2K[1A[2K[1A[2K[1A[2K[1A[2K[1A[2K[1A[2K[1A[2K[1A[2K[1A[2K[1A[2K[1A[2K[1A[2K[1A[2K[1A[2K[1A[2K[G
 ───────────────── Importing data ─────────────────

 ✔ Creating ingest job 661ms
 ⣟ Processing the job 12.90s
   ▸ Processed records: ◠
   ▸ Successful records: ◠
   ▸ Failed records: ◠

 Status: UploadComplete
 Job Id:
 750ct00000URbqDAAT (https://fortra--mergebuild.sandbox.my.salesforce.com/lightn
 ing/setup/AsyncApiJobStatus/page?address=%2F750ct00000URbqDAAT)
 Elapsed Time: 13.79s

[2K[1A[2K[1A[2K[1A[2K[1A[2K[1A[2K[1A[2K[1A[2K[1A[2K[1A[2K[1A[2K[1A[2K[1A[2K[1A[2K[1A[2K[1A[2K[G
 ───────────────── Importing data ─────────────────

 ✔ Creating ingest job 661ms
 ⣯ Processing the job 12.93s
   ▸ Processed records: ◠
   ▸ Successful records: ◠
   ▸ Failed records: ◠

 Status: UploadComplete
 Job Id:
 750ct00000URbqDAAT (https://fortra--mergebuild.sandbox.my.salesforce.com/lightn
 ing/setup/AsyncApiJobStatus/page?address=%2F750ct00000URbqDAAT)
 Elapsed Time: 13.82s

[2K[1A[2K[1A[2K[1A[2K[1A[2K[1A[2K[1A[2K[1A[2K[1A[2K[1A[2K[1A[2K[1A[2K[1A[2K[1A[2K[1A[2K[1A[2K[G
 ───────────────── Importing data ─────────────────

 ✔ Creating ingest job 661ms
 ⣯ Processing the job 12.96s
   ▸ Processed records: ◝
   ▸ Successful records: ◠
   ▸ Failed records: ◠

 Status: UploadComplete
 Job Id:
 750ct00000URbqDAAT (https://fortra--mergebuild.sandbox.my.salesforce.com/lightn
 ing/setup/AsyncApiJobStatus/page?address=%2F750ct00000URbqDAAT)
 Elapsed Time: 13.85s

[2K[1A[2K[1A[2K[1A[2K[1A[2K[1A[2K[1A[2K[1A[2K[1A[2K[1A[2K[1A[2K[1A[2K[1A[2K[1A[2K[1A[2K[1A[2K[G
 ───────────────── Importing data ─────────────────

 ✔ Creating ingest job 661ms
 ⣷ Processing the job 12.99s
   ▸ Processed records: ◝
   ▸ Successful records: ◝
   ▸ Failed records: ◝

 Status: UploadComplete
 Job Id:
 750ct00000URbqDAAT (https://fortra--mergebuild.sandbox.my.salesforce.com/lightn
 ing/setup/AsyncApiJobStatus/page?address=%2F750ct00000URbqDAAT)
 Elapsed Time: 13.88s

[2K[1A[2K[1A[2K[1A[2K[1A[2K[1A[2K[1A[2K[1A[2K[1A[2K[1A[2K[1A[2K[1A[2K[1A[2K[1A[2K[1A[2K[1A[2K[G
 ───────────────── Importing data ─────────────────

 ✔ Creating ingest job 661ms
 ⣷ Processing the job 13.02s
   ▸ Processed records: ◝
   ▸ Successful records: ◝
   ▸ Failed records: ◝

 Status: UploadComplete
 Job Id:
 750ct00000URbqDAAT (https://fortra--mergebuild.sandbox.my.salesforce.com/lightn
 ing/setup/AsyncApiJobStatus/page?address=%2F750ct00000URbqDAAT)
 Elapsed Time: 13.91s

[2K[1A[2K[1A[2K[1A[2K[1A[2K[1A[2K[1A[2K[1A[2K[1A[2K[1A[2K[1A[2K[1A[2K[1A[2K[1A[2K[1A[2K[1A[2K[G
 ───────────────── Importing data ─────────────────

 ✔ Creating ingest job 661ms
 ⣷ Processing the job 13.05s
   ▸ Processed records: ◝
   ▸ Successful records: ◝
   ▸ Failed records: ◝

 Status: UploadComplete
 Job Id:
 750ct00000URbqDAAT (https://fortra--mergebuild.sandbox.my.salesforce.com/lightn
 ing/setup/AsyncApiJobStatus/page?address=%2F750ct00000URbqDAAT)
 Elapsed Time: 13.94s

[2K[1A[2K[1A[2K[1A[2K[1A[2K[1A[2K[1A[2K[1A[2K[1A[2K[1A[2K[1A[2K[1A[2K[1A[2K[1A[2K[1A[2K[1A[2K[G
 ───────────────── Importing data ─────────────────

 ✔ Creating ingest job 661ms
 ⣾ Processing the job 13.07s
   ▸ Processed records: ◞
   ▸ Successful records: ◞
   ▸ Failed records: ◞

 Status: UploadComplete
 Job Id:
 750ct00000URbqDAAT (https://fortra--mergebuild.sandbox.my.salesforce.com/lightn
 ing/setup/AsyncApiJobStatus/page?address=%2F750ct00000URbqDAAT)
 Elapsed Time: 13.97s

[2K[1A[2K[1A[2K[1A[2K[1A[2K[1A[2K[1A[2K[1A[2K[1A[2K[1A[2K[1A[2K[1A[2K[1A[2K[1A[2K[1A[2K[1A[2K[G
 ───────────────── Importing data ─────────────────

 ✔ Creating ingest job 661ms
 ⣾ Processing the job 13.10s
   ▸ Processed records: ◞
   ▸ Successful records: ◞
   ▸ Failed records: ◞

 Status: UploadComplete
 Job Id:
 750ct00000URbqDAAT (https://fortra--mergebuild.sandbox.my.salesforce.com/lightn
 ing/setup/AsyncApiJobStatus/page?address=%2F750ct00000URbqDAAT)
 Elapsed Time: 14.00s

[2K[1A[2K[1A[2K[1A[2K[1A[2K[1A[2K[1A[2K[1A[2K[1A[2K[1A[2K[1A[2K[1A[2K[1A[2K[1A[2K[1A[2K[1A[2K[G
 ───────────────── Importing data ─────────────────

 ✔ Creating ingest job 661ms
 ⣽ Processing the job 13.14s
   ▸ Processed records: ◞
   ▸ Successful records: ◞
   ▸ Failed records: ◞

 Status: UploadComplete
 Job Id:
 750ct00000URbqDAAT (https://fortra--mergebuild.sandbox.my.salesforce.com/lightn
 ing/setup/AsyncApiJobStatus/page?address=%2F750ct00000URbqDAAT)
 Elapsed Time: 14.03s

[2K[1A[2K[1A[2K[1A[2K[1A[2K[1A[2K[1A[2K[1A[2K[1A[2K[1A[2K[1A[2K[1A[2K[1A[2K[1A[2K[1A[2K[1A[2K[G
 ───────────────── Importing data ─────────────────

 ✔ Creating ingest job 661ms
 ⣽ Processing the job 13.16s
   ▸ Processed records: ◡
   ▸ Successful records: ◡
   ▸ Failed records: ◡

 Status: UploadComplete
 Job Id:
 750ct00000URbqDAAT (https://fortra--mergebuild.sandbox.my.salesforce.com/lightn
 ing/setup/AsyncApiJobStatus/page?address=%2F750ct00000URbqDAAT)
 Elapsed Time: 14.06s

[2K[1A[2K[1A[2K[1A[2K[1A[2K[1A[2K[1A[2K[1A[2K[1A[2K[1A[2K[1A[2K[1A[2K[1A[2K[1A[2K[1A[2K[1A[2K[G
 ───────────────── Importing data ─────────────────

 ✔ Creating ingest job 661ms
 ⣽ Processing the job 13.19s
   ▸ Processed records: ◡
   ▸ Successful records: ◡
   ▸ Failed records: ◡

 Status: UploadComplete
 Job Id:
 750ct00000URbqDAAT (https://fortra--mergebuild.sandbox.my.salesforce.com/lightn
 ing/setup/AsyncApiJobStatus/page?address=%2F750ct00000URbqDAAT)
 Elapsed Time: 14.09s

[2K[1A[2K[1A[2K[1A[2K[1A[2K[1A[2K[1A[2K[1A[2K[1A[2K[1A[2K[1A[2K[1A[2K[1A[2K[1A[2K[1A[2K[1A[2K[G
 ───────────────── Importing data ─────────────────

 ✔ Creating ingest job 661ms
 ⣻ Processing the job 13.21s
   ▸ Processed records: ◡
   ▸ Successful records: ◡
   ▸ Failed records: ◡

 Status: UploadComplete
 Job Id:
 750ct00000URbqDAAT (https://fortra--mergebuild.sandbox.my.salesforce.com/lightn
 ing/setup/AsyncApiJobStatus/page?address=%2F750ct00000URbqDAAT)
 Elapsed Time: 14.12s

[2K[1A[2K[1A[2K[1A[2K[1A[2K[1A[2K[1A[2K[1A[2K[1A[2K[1A[2K[1A[2K[1A[2K[1A[2K[1A[2K[1A[2K[1A[2K[G
 ───────────────── Importing data ─────────────────

 ✔ Creating ingest job 661ms
 ⣻ Processing the job 13.24s
   ▸ Processed records: ◟
   ▸ Successful records: ◟
   ▸ Failed records: ◡

 Status: UploadComplete
 Job Id:
 750ct00000URbqDAAT (https://fortra--mergebuild.sandbox.my.salesforce.com/lightn
 ing/setup/AsyncApiJobStatus/page?address=%2F750ct00000URbqDAAT)
 Elapsed Time: 14.15s

[2K[1A[2K[1A[2K[1A[2K[1A[2K[1A[2K[1A[2K[1A[2K[1A[2K[1A[2K[1A[2K[1A[2K[1A[2K[1A[2K[1A[2K[1A[2K[G
 ───────────────── Importing data ─────────────────

 ✔ Creating ingest job 661ms
 ⢿ Processing the job 13.27s
   ▸ Processed records: ◟
   ▸ Successful records: ◟
   ▸ Failed records: ◟

 Status: UploadComplete
 Job Id:
 750ct00000URbqDAAT (https://fortra--mergebuild.sandbox.my.salesforce.com/lightn
 ing/setup/AsyncApiJobStatus/page?address=%2F750ct00000URbqDAAT)
 Elapsed Time: 14.18s

[2K[1A[2K[1A[2K[1A[2K[1A[2K[1A[2K[1A[2K[1A[2K[1A[2K[1A[2K[1A[2K[1A[2K[1A[2K[1A[2K[1A[2K[1A[2K[G
 ───────────────── Importing data ─────────────────

 ✔ Creating ingest job 661ms
 ⢿ Processing the job 13.30s
   ▸ Processed records: ◟
   ▸ Successful records: ◟
   ▸ Failed records: ◟

 Status: UploadComplete
 Job Id:
 750ct00000URbqDAAT (https://fortra--mergebuild.sandbox.my.salesforce.com/lightn
 ing/setup/AsyncApiJobStatus/page?address=%2F750ct00000URbqDAAT)
 Elapsed Time: 14.22s

[2K[1A[2K[1A[2K[1A[2K[1A[2K[1A[2K[1A[2K[1A[2K[1A[2K[1A[2K[1A[2K[1A[2K[1A[2K[1A[2K[1A[2K[1A[2K[G
 ───────────────── Importing data ─────────────────

 ✔ Creating ingest job 661ms
 ⢿ Processing the job 13.33s
   ▸ Processed records: ◜
   ▸ Successful records: ◟
   ▸ Failed records: ◟

 Status: UploadComplete
 Job Id:
 750ct00000URbqDAAT (https://fortra--mergebuild.sandbox.my.salesforce.com/lightn
 ing/setup/AsyncApiJobStatus/page?address=%2F750ct00000URbqDAAT)
 Elapsed Time: 14.25s

[2K[1A[2K[1A[2K[1A[2K[1A[2K[1A[2K[1A[2K[1A[2K[1A[2K[1A[2K[1A[2K[1A[2K[1A[2K[1A[2K[1A[2K[1A[2K[G
 ───────────────── Importing data ─────────────────

 ✔ Creating ingest job 661ms
 ⡿ Processing the job 13.36s
   ▸ Processed records: ◜
   ▸ Successful records: ◜
   ▸ Failed records: ◜

 Status: UploadComplete
 Job Id:
 750ct00000URbqDAAT (https://fortra--mergebuild.sandbox.my.salesforce.com/lightn
 ing/setup/AsyncApiJobStatus/page?address=%2F750ct00000URbqDAAT)
 Elapsed Time: 14.27s

[2K[1A[2K[1A[2K[1A[2K[1A[2K[1A[2K[1A[2K[1A[2K[1A[2K[1A[2K[1A[2K[1A[2K[1A[2K[1A[2K[1A[2K[1A[2K[G
 ───────────────── Importing data ─────────────────

 ✔ Creating ingest job 661ms
 ⡿ Processing the job 13.39s
   ▸ Processed records: ◜
   ▸ Successful records: ◜
   ▸ Failed records: ◜

 Status: UploadComplete
 Job Id:
 750ct00000URbqDAAT (https://fortra--mergebuild.sandbox.my.salesforce.com/lightn
 ing/setup/AsyncApiJobStatus/page?address=%2F750ct00000URbqDAAT)
 Elapsed Time: 14.31s

[2K[1A[2K[1A[2K[1A[2K[1A[2K[1A[2K[1A[2K[1A[2K[1A[2K[1A[2K[1A[2K[1A[2K[1A[2K[1A[2K[1A[2K[1A[2K[G
 ───────────────── Importing data ─────────────────

 ✔ Creating ingest job 661ms
 ⣟ Processing the job 13.42s
   ▸ Processed records: ◠
   ▸ Successful records: ◜
   ▸ Failed records: ◜

 Status: UploadComplete
 Job Id:
 750ct00000URbqDAAT (https://fortra--mergebuild.sandbox.my.salesforce.com/lightn
 ing/setup/AsyncApiJobStatus/page?address=%2F750ct00000URbqDAAT)
 Elapsed Time: 14.34s

[2K[1A[2K[1A[2K[1A[2K[1A[2K[1A[2K[1A[2K[1A[2K[1A[2K[1A[2K[1A[2K[1A[2K[1A[2K[1A[2K[1A[2K[1A[2K[G
 ───────────────── Importing data ─────────────────

 ✔ Creating ingest job 661ms
 ⣟ Processing the job 13.45s
   ▸ Processed records: ◠
   ▸ Successful records: ◠
   ▸ Failed records: ◠

 Status: UploadComplete
 Job Id:
 750ct00000URbqDAAT (https://fortra--mergebuild.sandbox.my.salesforce.com/lightn
 ing/setup/AsyncApiJobStatus/page?address=%2F750ct00000URbqDAAT)
 Elapsed Time: 14.37s

[2K[1A[2K[1A[2K[1A[2K[1A[2K[1A[2K[1A[2K[1A[2K[1A[2K[1A[2K[1A[2K[1A[2K[1A[2K[1A[2K[1A[2K[1A[2K[G
 ───────────────── Importing data ─────────────────

 ✔ Creating ingest job 661ms
 ⣟ Processing the job 13.48s
   ▸ Processed records: ◠
   ▸ Successful records: ◠
   ▸ Failed records: ◠

 Status: UploadComplete
 Job Id:
 750ct00000URbqDAAT (https://fortra--mergebuild.sandbox.my.salesforce.com/lightn
 ing/setup/AsyncApiJobStatus/page?address=%2F750ct00000URbqDAAT)
 Elapsed Time: 14.40s

[2K[1A[2K[1A[2K[1A[2K[1A[2K[1A[2K[1A[2K[1A[2K[1A[2K[1A[2K[1A[2K[1A[2K[1A[2K[1A[2K[1A[2K[1A[2K[G
 ───────────────── Importing data ─────────────────

 ✔ Creating ingest job 661ms
 ⣯ Processing the job 13.51s
   ▸ Processed records: ◝
   ▸ Successful records: ◠
   ▸ Failed records: ◠

 Status: UploadComplete
 Job Id:
 750ct00000URbqDAAT (https://fortra--mergebuild.sandbox.my.salesforce.com/lightn
 ing/setup/AsyncApiJobStatus/page?address=%2F750ct00000URbqDAAT)
 Elapsed Time: 14.43s

[2K[1A[2K[1A[2K[1A[2K[1A[2K[1A[2K[1A[2K[1A[2K[1A[2K[1A[2K[1A[2K[1A[2K[1A[2K[1A[2K[1A[2K[1A[2K[G
 ───────────────── Importing data ─────────────────

 ✔ Creating ingest job 661ms
 ⣯ Processing the job 13.54s
   ▸ Processed records: ◝
   ▸ Successful records: ◝
   ▸ Failed records: ◝

 Status: UploadComplete
 Job Id:
 750ct00000URbqDAAT (https://fortra--mergebuild.sandbox.my.salesforce.com/lightn
 ing/setup/AsyncApiJobStatus/page?address=%2F750ct00000URbqDAAT)
 Elapsed Time: 14.46s

[2K[1A[2K[1A[2K[1A[2K[1A[2K[1A[2K[1A[2K[1A[2K[1A[2K[1A[2K[1A[2K[1A[2K[1A[2K[1A[2K[1A[2K[1A[2K[G
 ───────────────── Importing data ─────────────────

 ✔ Creating ingest job 661ms
 ⣷ Processing the job 13.57s
   ▸ Processed records: ◝
   ▸ Successful records: ◝
   ▸ Failed records: ◝

 Status: UploadComplete
 Job Id:
 750ct00000URbqDAAT (https://fortra--mergebuild.sandbox.my.salesforce.com/lightn
 ing/setup/AsyncApiJobStatus/page?address=%2F750ct00000URbqDAAT)
 Elapsed Time: 14.48s

[2K[1A[2K[1A[2K[1A[2K[1A[2K[1A[2K[1A[2K[1A[2K[1A[2K[1A[2K[1A[2K[1A[2K[1A[2K[1A[2K[1A[2K[1A[2K[G
 ───────────────── Importing data ─────────────────

 ✔ Creating ingest job 661ms
 ⣷ Processing the job 13.60s
   ▸ Processed records: ◞
   ▸ Successful records: ◝
   ▸ Failed records: ◝

 Status: UploadComplete
 Job Id:
 750ct00000URbqDAAT (https://fortra--mergebuild.sandbox.my.salesforce.com/lightn
 ing/setup/AsyncApiJobStatus/page?address=%2F750ct00000URbqDAAT)
 Elapsed Time: 14.52s

[2K[1A[2K[1A[2K[1A[2K[1A[2K[1A[2K[1A[2K[1A[2K[1A[2K[1A[2K[1A[2K[1A[2K[1A[2K[1A[2K[1A[2K[1A[2K[G
 ───────────────── Importing data ─────────────────

 ✔ Creating ingest job 661ms
 ⣷ Processing the job 13.64s
   ▸ Processed records: ◞
   ▸ Successful records: ◞
   ▸ Failed records: ◞

 Status: UploadComplete
 Job Id:
 750ct00000URbqDAAT (https://fortra--mergebuild.sandbox.my.salesforce.com/lightn
 ing/setup/AsyncApiJobStatus/page?address=%2F750ct00000URbqDAAT)
 Elapsed Time: 14.55s

[2K[1A[2K[1A[2K[1A[2K[1A[2K[1A[2K[1A[2K[1A[2K[1A[2K[1A[2K[1A[2K[1A[2K[1A[2K[1A[2K[1A[2K[1A[2K[G
 ───────────────── Importing data ─────────────────

 ✔ Creating ingest job 661ms
 ⣾ Processing the job 13.67s
   ▸ Processed records: ◞
   ▸ Successful records: ◞
   ▸ Failed records: ◞

 Status: UploadComplete
 Job Id:
 750ct00000URbqDAAT (https://fortra--mergebuild.sandbox.my.salesforce.com/lightn
 ing/setup/AsyncApiJobStatus/page?address=%2F750ct00000URbqDAAT)
 Elapsed Time: 14.58s

[2K[1A[2K[1A[2K[1A[2K[1A[2K[1A[2K[1A[2K[1A[2K[1A[2K[1A[2K[1A[2K[1A[2K[1A[2K[1A[2K[1A[2K[1A[2K[G
 ───────────────── Importing data ─────────────────

 ✔ Creating ingest job 661ms
 ⣾ Processing the job 13.70s
   ▸ Processed records: ◡
   ▸ Successful records: ◞
   ▸ Failed records: ◞

 Status: InProgress
 Job Id:
 750ct00000URbqDAAT (https://fortra--mergebuild.sandbox.my.salesforce.com/lightn
 ing/setup/AsyncApiJobStatus/page?address=%2F750ct00000URbqDAAT)
 Elapsed Time: 14.60s

[2K[1A[2K[1A[2K[1A[2K[1A[2K[1A[2K[1A[2K[1A[2K[1A[2K[1A[2K[1A[2K[1A[2K[1A[2K[1A[2K[1A[2K[1A[2K[G
 ───────────────── Importing data ─────────────────

 ✔ Creating ingest job 661ms
 ⣽ Processing the job 13.73s
   ▸ Processed records: ◡
   ▸ Successful records: ◡
   ▸ Failed records: ◡

 Status: InProgress
 Job Id:
 750ct00000URbqDAAT (https://fortra--mergebuild.sandbox.my.salesforce.com/lightn
 ing/setup/AsyncApiJobStatus/page?address=%2F750ct00000URbqDAAT)
 Elapsed Time: 14.64s

[2K[1A[2K[1A[2K[1A[2K[1A[2K[1A[2K[1A[2K[1A[2K[1A[2K[1A[2K[1A[2K[1A[2K[1A[2K[1A[2K[1A[2K[1A[2K[G
 ───────────────── Importing data ─────────────────

 ✔ Creating ingest job 661ms
 ⣽ Processing the job 13.75s
   ▸ Processed records: ◡
   ▸ Successful records: ◡
   ▸ Failed records: ◡

 Status: InProgress
 Job Id:
 750ct00000URbqDAAT (https://fortra--mergebuild.sandbox.my.salesforce.com/lightn
 ing/setup/AsyncApiJobStatus/page?address=%2F750ct00000URbqDAAT)
 Elapsed Time: 14.67s

[2K[1A[2K[1A[2K[1A[2K[1A[2K[1A[2K[1A[2K[1A[2K[1A[2K[1A[2K[1A[2K[1A[2K[1A[2K[1A[2K[1A[2K[1A[2K[G
 ───────────────── Importing data ─────────────────

 ✔ Creating ingest job 661ms
 ⣽ Processing the job 13.78s
   ▸ Processed records: ◟
   ▸ Successful records: ◡
   ▸ Failed records: ◡

 Status: InProgress
 Job Id:
 750ct00000URbqDAAT (https://fortra--mergebuild.sandbox.my.salesforce.com/lightn
 ing/setup/AsyncApiJobStatus/page?address=%2F750ct00000URbqDAAT)
 Elapsed Time: 14.70s

[2K[1A[2K[1A[2K[1A[2K[1A[2K[1A[2K[1A[2K[1A[2K[1A[2K[1A[2K[1A[2K[1A[2K[1A[2K[1A[2K[1A[2K[1A[2K[G
 ───────────────── Importing data ─────────────────

 ✔ Creating ingest job 661ms
 ⣻ Processing the job 13.81s
   ▸ Processed records: ◟
   ▸ Successful records: ◟
   ▸ Failed records: ◟

 Status: InProgress
 Job Id:
 750ct00000URbqDAAT (https://fortra--mergebuild.sandbox.my.salesforce.com/lightn
 ing/setup/AsyncApiJobStatus/page?address=%2F750ct00000URbqDAAT)
 Elapsed Time: 14.73s

[2K[1A[2K[1A[2K[1A[2K[1A[2K[1A[2K[1A[2K[1A[2K[1A[2K[1A[2K[1A[2K[1A[2K[1A[2K[1A[2K[1A[2K[1A[2K[G
 ───────────────── Importing data ─────────────────

 ✔ Creating ingest job 661ms
 ⣻ Processing the job 13.84s
   ▸ Processed records: ◟
   ▸ Successful records: ◟
   ▸ Failed records: ◟

 Status: InProgress
 Job Id:
 750ct00000URbqDAAT (https://fortra--mergebuild.sandbox.my.salesforce.com/lightn
 ing/setup/AsyncApiJobStatus/page?address=%2F750ct00000URbqDAAT)
 Elapsed Time: 14.76s

[2K[1A[2K[1A[2K[1A[2K[1A[2K[1A[2K[1A[2K[1A[2K[1A[2K[1A[2K[1A[2K[1A[2K[1A[2K[1A[2K[1A[2K[1A[2K[G
 ───────────────── Importing data ─────────────────

 ✔ Creating ingest job 661ms
 ⢿ Processing the job 13.87s
   ▸ Processed records: ◟
   ▸ Successful records: ◟
   ▸ Failed records: ◟

 Status: InProgress
 Job Id:
 750ct00000URbqDAAT (https://fortra--mergebuild.sandbox.my.salesforce.com/lightn
 ing/setup/AsyncApiJobStatus/page?address=%2F750ct00000URbqDAAT)
 Elapsed Time: 14.79s

[2K[1A[2K[1A[2K[1A[2K[1A[2K[1A[2K[1A[2K[1A[2K[1A[2K[1A[2K[1A[2K[1A[2K[1A[2K[1A[2K[1A[2K[1A[2K[G
 ───────────────── Importing data ─────────────────

 ✔ Creating ingest job 661ms
 ⢿ Processing the job 13.89s
   ▸ Processed records: ◜
   ▸ Successful records: ◜
   ▸ Failed records: ◜

 Status: InProgress
 Job Id:
 750ct00000URbqDAAT (https://fortra--mergebuild.sandbox.my.salesforce.com/lightn
 ing/setup/AsyncApiJobStatus/page?address=%2F750ct00000URbqDAAT)
 Elapsed Time: 14.82s

[2K[1A[2K[1A[2K[1A[2K[1A[2K[1A[2K[1A[2K[1A[2K[1A[2K[1A[2K[1A[2K[1A[2K[1A[2K[1A[2K[1A[2K[1A[2K[G
 ───────────────── Importing data ─────────────────

 ✔ Creating ingest job 661ms
 ⢿ Processing the job 13.92s
   ▸ Processed records: ◜
   ▸ Successful records: ◜
   ▸ Failed records: ◜

 Status: InProgress
 Job Id:
 750ct00000URbqDAAT (https://fortra--mergebuild.sandbox.my.salesforce.com/lightn
 ing/setup/AsyncApiJobStatus/page?address=%2F750ct00000URbqDAAT)
 Elapsed Time: 14.85s

[2K[1A[2K[1A[2K[1A[2K[1A[2K[1A[2K[1A[2K[1A[2K[1A[2K[1A[2K[1A[2K[1A[2K[1A[2K[1A[2K[1A[2K[1A[2K[G
 ───────────────── Importing data ─────────────────

 ✔ Creating ingest job 661ms
 ⡿ Processing the job 13.96s
   ▸ Processed records: ◜
   ▸ Successful records: ◜
   ▸ Failed records: ◜

 Status: InProgress
 Job Id:
 750ct00000URbqDAAT (https://fortra--mergebuild.sandbox.my.salesforce.com/lightn
 ing/setup/AsyncApiJobStatus/page?address=%2F750ct00000URbqDAAT)
 Elapsed Time: 14.88s

[2K[1A[2K[1A[2K[1A[2K[1A[2K[1A[2K[1A[2K[1A[2K[1A[2K[1A[2K[1A[2K[1A[2K[1A[2K[1A[2K[1A[2K[1A[2K[G
 ───────────────── Importing data ─────────────────

 ✔ Creating ingest job 661ms
 ⡿ Processing the job 13.99s
   ▸ Processed records: ◠
   ▸ Successful records: ◠
   ▸ Failed records: ◠

 Status: InProgress
 Job Id:
 750ct00000URbqDAAT (https://fortra--mergebuild.sandbox.my.salesforce.com/lightn
 ing/setup/AsyncApiJobStatus/page?address=%2F750ct00000URbqDAAT)
 Elapsed Time: 14.91s

[2K[1A[2K[1A[2K[1A[2K[1A[2K[1A[2K[1A[2K[1A[2K[1A[2K[1A[2K[1A[2K[1A[2K[1A[2K[1A[2K[1A[2K[1A[2K[G
 ───────────────── Importing data ─────────────────

 ✔ Creating ingest job 661ms
 ⣟ Processing the job 14.01s
   ▸ Processed records: ◠
   ▸ Successful records: ◠
   ▸ Failed records: ◠

 Status: InProgress
 Job Id:
 750ct00000URbqDAAT (https://fortra--mergebuild.sandbox.my.salesforce.com/lightn
 ing/setup/AsyncApiJobStatus/page?address=%2F750ct00000URbqDAAT)
 Elapsed Time: 14.94s

[2K[1A[2K[1A[2K[1A[2K[1A[2K[1A[2K[1A[2K[1A[2K[1A[2K[1A[2K[1A[2K[1A[2K[1A[2K[1A[2K[1A[2K[1A[2K[G
 ───────────────── Importing data ─────────────────

 ✔ Creating ingest job 661ms
 ⣟ Processing the job 14.04s
   ▸ Processed records: ◠
   ▸ Successful records: ◠
   ▸ Failed records: ◠

 Status: InProgress
 Job Id:
 750ct00000URbqDAAT (https://fortra--mergebuild.sandbox.my.salesforce.com/lightn
 ing/setup/AsyncApiJobStatus/page?address=%2F750ct00000URbqDAAT)
 Elapsed Time: 14.98s

[2K[1A[2K[1A[2K[1A[2K[1A[2K[1A[2K[1A[2K[1A[2K[1A[2K[1A[2K[1A[2K[1A[2K[1A[2K[1A[2K[1A[2K[1A[2K[G
 ───────────────── Importing data ─────────────────

 ✔ Creating ingest job 661ms
 ⣟ Processing the job 14.07s
   ▸ Processed records: ◝
   ▸ Successful records: ◝
   ▸ Failed records: ◝

 Status: InProgress
 Job Id:
 750ct00000URbqDAAT (https://fortra--mergebuild.sandbox.my.salesforce.com/lightn
 ing/setup/AsyncApiJobStatus/page?address=%2F750ct00000URbqDAAT)
 Elapsed Time: 15.00s

[2K[1A[2K[1A[2K[1A[2K[1A[2K[1A[2K[1A[2K[1A[2K[1A[2K[1A[2K[1A[2K[1A[2K[1A[2K[1A[2K[1A[2K[1A[2K[G
 ───────────────── Importing data ─────────────────

 ✔ Creating ingest job 661ms
 ⣯ Processing the job 14.10s
   ▸ Processed records: ◝
   ▸ Successful records: ◝
   ▸ Failed records: ◝

 Status: InProgress
 Job Id:
 750ct00000URbqDAAT (https://fortra--mergebuild.sandbox.my.salesforce.com/lightn
 ing/setup/AsyncApiJobStatus/page?address=%2F750ct00000URbqDAAT)
 Elapsed Time: 15.04s

[2K[1A[2K[1A[2K[1A[2K[1A[2K[1A[2K[1A[2K[1A[2K[1A[2K[1A[2K[1A[2K[1A[2K[1A[2K[1A[2K[1A[2K[1A[2K[G
 ───────────────── Importing data ─────────────────

 ✔ Creating ingest job 661ms
 ⣯ Processing the job 14.13s
   ▸ Processed records: ◝
   ▸ Successful records: ◝
   ▸ Failed records: ◝

 Status: InProgress
 Job Id:
 750ct00000URbqDAAT (https://fortra--mergebuild.sandbox.my.salesforce.com/lightn
 ing/setup/AsyncApiJobStatus/page?address=%2F750ct00000URbqDAAT)
 Elapsed Time: 15.06s

[2K[1A[2K[1A[2K[1A[2K[1A[2K[1A[2K[1A[2K[1A[2K[1A[2K[1A[2K[1A[2K[1A[2K[1A[2K[1A[2K[1A[2K[1A[2K[G
 ───────────────── Importing data ─────────────────

 ✔ Creating ingest job 661ms
 ⣷ Processing the job 14.17s
   ▸ Processed records: ◞
   ▸ Successful records: ◝
   ▸ Failed records: ◝

 Status: InProgress
 Job Id:
 750ct00000URbqDAAT (https://fortra--mergebuild.sandbox.my.salesforce.com/lightn
 ing/setup/AsyncApiJobStatus/page?address=%2F750ct00000URbqDAAT)
 Elapsed Time: 15.09s

[2K[1A[2K[1A[2K[1A[2K[1A[2K[1A[2K[1A[2K[1A[2K[1A[2K[1A[2K[1A[2K[1A[2K[1A[2K[1A[2K[1A[2K[1A[2K[G
 ───────────────── Importing data ─────────────────

 ✔ Creating ingest job 661ms
 ⣷ Processing the job 14.19s
   ▸ Processed records: ◞
   ▸ Successful records: ◞
   ▸ Failed records: ◞

 Status: InProgress
 Job Id:
 750ct00000URbqDAAT (https://fortra--mergebuild.sandbox.my.salesforce.com/lightn
 ing/setup/AsyncApiJobStatus/page?address=%2F750ct00000URbqDAAT)
 Elapsed Time: 15.13s

[2K[1A[2K[1A[2K[1A[2K[1A[2K[1A[2K[1A[2K[1A[2K[1A[2K[1A[2K[1A[2K[1A[2K[1A[2K[1A[2K[1A[2K[1A[2K[G
 ───────────────── Importing data ─────────────────

 ✔ Creating ingest job 661ms
 ⣷ Processing the job 14.22s
   ▸ Processed records: ◞
   ▸ Successful records: ◞
   ▸ Failed records: ◞

 Status: InProgress
 Job Id:
 750ct00000URbqDAAT (https://fortra--mergebuild.sandbox.my.salesforce.com/lightn
 ing/setup/AsyncApiJobStatus/page?address=%2F750ct00000URbqDAAT)
 Elapsed Time: 15.16s

[2K[1A[2K[1A[2K[1A[2K[1A[2K[1A[2K[1A[2K[1A[2K[1A[2K[1A[2K[1A[2K[1A[2K[1A[2K[1A[2K[1A[2K[1A[2K[G
 ───────────────── Importing data ─────────────────

 ✔ Creating ingest job 661ms
 ⣾ Processing the job 14.25s
   ▸ Processed records: ◡
   ▸ Successful records: ◞
   ▸ Failed records: ◞

 Status: InProgress
 Job Id:
 750ct00000URbqDAAT (https://fortra--mergebuild.sandbox.my.salesforce.com/lightn
 ing/setup/AsyncApiJobStatus/page?address=%2F750ct00000URbqDAAT)
 Elapsed Time: 15.18s

[2K[1A[2K[1A[2K[1A[2K[1A[2K[1A[2K[1A[2K[1A[2K[1A[2K[1A[2K[1A[2K[1A[2K[1A[2K[1A[2K[1A[2K[1A[2K[G
 ───────────────── Importing data ─────────────────

 ✔ Creating ingest job 661ms
 ⣾ Processing the job 14.28s
   ▸ Processed records: ◡
   ▸ Successful records: ◡
   ▸ Failed records: ◡

 Status: InProgress
 Job Id:
 750ct00000URbqDAAT (https://fortra--mergebuild.sandbox.my.salesforce.com/lightn
 ing/setup/AsyncApiJobStatus/page?address=%2F750ct00000URbqDAAT)
 Elapsed Time: 15.21s

[2K[1A[2K[1A[2K[1A[2K[1A[2K[1A[2K[1A[2K[1A[2K[1A[2K[1A[2K[1A[2K[1A[2K[1A[2K[1A[2K[1A[2K[1A[2K[G
 ───────────────── Importing data ─────────────────

 ✔ Creating ingest job 661ms
 ⣽ Processing the job 14.31s
   ▸ Processed records: ◡
   ▸ Successful records: ◡
   ▸ Failed records: ◡

 Status: InProgress
 Job Id:
 750ct00000URbqDAAT (https://fortra--mergebuild.sandbox.my.salesforce.com/lightn
 ing/setup/AsyncApiJobStatus/page?address=%2F750ct00000URbqDAAT)
 Elapsed Time: 15.24s

[2K[1A[2K[1A[2K[1A[2K[1A[2K[1A[2K[1A[2K[1A[2K[1A[2K[1A[2K[1A[2K[1A[2K[1A[2K[1A[2K[1A[2K[1A[2K[G
 ───────────────── Importing data ─────────────────

 ✔ Creating ingest job 661ms
 ⣽ Processing the job 14.34s
   ▸ Processed records: ◟
   ▸ Successful records: ◡
   ▸ Failed records: ◡

 Status: InProgress
 Job Id:
 750ct00000URbqDAAT (https://fortra--mergebuild.sandbox.my.salesforce.com/lightn
 ing/setup/AsyncApiJobStatus/page?address=%2F750ct00000URbqDAAT)
 Elapsed Time: 15.28s

[2K[1A[2K[1A[2K[1A[2K[1A[2K[1A[2K[1A[2K[1A[2K[1A[2K[1A[2K[1A[2K[1A[2K[1A[2K[1A[2K[1A[2K[1A[2K[G
 ───────────────── Importing data ─────────────────

 ✔ Creating ingest job 661ms
 ⣽ Processing the job 14.37s
   ▸ Processed records: ◟
   ▸ Successful records: ◟
   ▸ Failed records: ◟

 Status: InProgress
 Job Id:
 750ct00000URbqDAAT (https://fortra--mergebuild.sandbox.my.salesforce.com/lightn
 ing/setup/AsyncApiJobStatus/page?address=%2F750ct00000URbqDAAT)
 Elapsed Time: 15.31s

[2K[1A[2K[1A[2K[1A[2K[1A[2K[1A[2K[1A[2K[1A[2K[1A[2K[1A[2K[1A[2K[1A[2K[1A[2K[1A[2K[1A[2K[1A[2K[G
 ───────────────── Importing data ─────────────────

 ✔ Creating ingest job 661ms
 ⣻ Processing the job 14.40s
   ▸ Processed records: ◟
   ▸ Successful records: ◟
   ▸ Failed records: ◟

 Status: InProgress
 Job Id:
 750ct00000URbqDAAT (https://fortra--mergebuild.sandbox.my.salesforce.com/lightn
 ing/setup/AsyncApiJobStatus/page?address=%2F750ct00000URbqDAAT)
 Elapsed Time: 15.34s

[2K[1A[2K[1A[2K[1A[2K[1A[2K[1A[2K[1A[2K[1A[2K[1A[2K[1A[2K[1A[2K[1A[2K[1A[2K[1A[2K[1A[2K[1A[2K[G
 ───────────────── Importing data ─────────────────

 ✔ Creating ingest job 661ms
 ⣻ Processing the job 14.43s
   ▸ Processed records: ◜
   ▸ Successful records: ◟
   ▸ Failed records: ◟

 Status: InProgress
 Job Id:
 750ct00000URbqDAAT (https://fortra--mergebuild.sandbox.my.salesforce.com/lightn
 ing/setup/AsyncApiJobStatus/page?address=%2F750ct00000URbqDAAT)
 Elapsed Time: 15.37s

[2K[1A[2K[1A[2K[1A[2K[1A[2K[1A[2K[1A[2K[1A[2K[1A[2K[1A[2K[1A[2K[1A[2K[1A[2K[1A[2K[1A[2K[1A[2K[G
 ───────────────── Importing data ─────────────────

 ✔ Creating ingest job 661ms
 ⢿ Processing the job 14.46s
   ▸ Processed records: ◜
   ▸ Successful records: ◜
   ▸ Failed records: ◜

 Status: InProgress
 Job Id:
 750ct00000URbqDAAT (https://fortra--mergebuild.sandbox.my.salesforce.com/lightn
 ing/setup/AsyncApiJobStatus/page?address=%2F750ct00000URbqDAAT)
 Elapsed Time: 15.40s

[2K[1A[2K[1A[2K[1A[2K[1A[2K[1A[2K[1A[2K[1A[2K[1A[2K[1A[2K[1A[2K[1A[2K[1A[2K[1A[2K[1A[2K[1A[2K[G
 ───────────────── Importing data ─────────────────

 ✔ Creating ingest job 661ms
 ⢿ Processing the job 14.49s
   ▸ Processed records: ◜
   ▸ Successful records: ◜
   ▸ Failed records: ◜

 Status: InProgress
 Job Id:
 750ct00000URbqDAAT (https://fortra--mergebuild.sandbox.my.salesforce.com/lightn
 ing/setup/AsyncApiJobStatus/page?address=%2F750ct00000URbqDAAT)
 Elapsed Time: 15.43s

[2K[1A[2K[1A[2K[1A[2K[1A[2K[1A[2K[1A[2K[1A[2K[1A[2K[1A[2K[1A[2K[1A[2K[1A[2K[1A[2K[1A[2K[1A[2K[G
 ───────────────── Importing data ─────────────────

 ✔ Creating ingest job 661ms
 ⢿ Processing the job 14.52s
   ▸ Processed records: ◠
   ▸ Successful records: ◜
   ▸ Failed records: ◜

 Status: InProgress
 Job Id:
 750ct00000URbqDAAT (https://fortra--mergebuild.sandbox.my.salesforce.com/lightn
 ing/setup/AsyncApiJobStatus/page?address=%2F750ct00000URbqDAAT)
 Elapsed Time: 15.46s

[2K[1A[2K[1A[2K[1A[2K[1A[2K[1A[2K[1A[2K[1A[2K[1A[2K[1A[2K[1A[2K[1A[2K[1A[2K[1A[2K[1A[2K[1A[2K[G
 ───────────────── Importing data ─────────────────

 ✔ Creating ingest job 661ms
 ⡿ Processing the job 14.55s
   ▸ Processed records: ◠
   ▸ Successful records: ◠
   ▸ Failed records: ◠

 Status: InProgress
 Job Id:
 750ct00000URbqDAAT (https://fortra--mergebuild.sandbox.my.salesforce.com/lightn
 ing/setup/AsyncApiJobStatus/page?address=%2F750ct00000URbqDAAT)
 Elapsed Time: 15.49s

[2K[1A[2K[1A[2K[1A[2K[1A[2K[1A[2K[1A[2K[1A[2K[1A[2K[1A[2K[1A[2K[1A[2K[1A[2K[1A[2K[1A[2K[1A[2K[G
 ───────────────── Importing data ─────────────────

 ✔ Creating ingest job 661ms
 ⡿ Processing the job 14.58s
   ▸ Processed records: ◠
   ▸ Successful records: ◠
   ▸ Failed records: ◠

 Status: InProgress
 Job Id:
 750ct00000URbqDAAT (https://fortra--mergebuild.sandbox.my.salesforce.com/lightn
 ing/setup/AsyncApiJobStatus/page?address=%2F750ct00000URbqDAAT)
 Elapsed Time: 15.51s

[2K[1A[2K[1A[2K[1A[2K[1A[2K[1A[2K[1A[2K[1A[2K[1A[2K[1A[2K[1A[2K[1A[2K[1A[2K[1A[2K[1A[2K[1A[2K[G
 ───────────────── Importing data ─────────────────

 ✔ Creating ingest job 661ms
 ⣟ Processing the job 14.61s
   ▸ Processed records: ◠
   ▸ Successful records: ◠
   ▸ Failed records: ◠

 Status: InProgress
 Job Id:
 750ct00000URbqDAAT (https://fortra--mergebuild.sandbox.my.salesforce.com/lightn
 ing/setup/AsyncApiJobStatus/page?address=%2F750ct00000URbqDAAT)
 Elapsed Time: 15.54s

[2K[1A[2K[1A[2K[1A[2K[1A[2K[1A[2K[1A[2K[1A[2K[1A[2K[1A[2K[1A[2K[1A[2K[1A[2K[1A[2K[1A[2K[1A[2K[G
 ───────────────── Importing data ─────────────────

 ✔ Creating ingest job 661ms
 ⣟ Processing the job 14.64s
   ▸ Processed records: ◝
   ▸ Successful records: ◝
   ▸ Failed records: ◝

 Status: InProgress
 Job Id:
 750ct00000URbqDAAT (https://fortra--mergebuild.sandbox.my.salesforce.com/lightn
 ing/setup/AsyncApiJobStatus/page?address=%2F750ct00000URbqDAAT)
 Elapsed Time: 15.58s

[2K[1A[2K[1A[2K[1A[2K[1A[2K[1A[2K[1A[2K[1A[2K[1A[2K[1A[2K[1A[2K[1A[2K[1A[2K[1A[2K[1A[2K[1A[2K[G
 ───────────────── Importing data ─────────────────

 ✔ Creating ingest job 661ms
 ⣟ Processing the job 14.67s
   ▸ Processed records: ◝
   ▸ Successful records: ◝
   ▸ Failed records: ◝

 Status: InProgress
 Job Id:
 750ct00000URbqDAAT (https://fortra--mergebuild.sandbox.my.salesforce.com/lightn
 ing/setup/AsyncApiJobStatus/page?address=%2F750ct00000URbqDAAT)
 Elapsed Time: 15.60s

[2K[1A[2K[1A[2K[1A[2K[1A[2K[1A[2K[1A[2K[1A[2K[1A[2K[1A[2K[1A[2K[1A[2K[1A[2K[1A[2K[1A[2K[1A[2K[G
 ───────────────── Importing data ─────────────────

 ✔ Creating ingest job 661ms
 ⣯ Processing the job 14.70s
   ▸ Processed records: ◝
   ▸ Successful records: ◝
   ▸ Failed records: ◝

 Status: InProgress
 Job Id:
 750ct00000URbqDAAT (https://fortra--mergebuild.sandbox.my.salesforce.com/lightn
 ing/setup/AsyncApiJobStatus/page?address=%2F750ct00000URbqDAAT)
 Elapsed Time: 15.63s

[2K[1A[2K[1A[2K[1A[2K[1A[2K[1A[2K[1A[2K[1A[2K[1A[2K[1A[2K[1A[2K[1A[2K[1A[2K[1A[2K[1A[2K[1A[2K[G
 ───────────────── Importing data ─────────────────

 ✔ Creating ingest job 661ms
 ⣯ Processing the job 14.74s
   ▸ Processed records: ◞
   ▸ Successful records: ◞
   ▸ Failed records: ◞

 Status: InProgress
 Job Id:
 750ct00000URbqDAAT (https://fortra--mergebuild.sandbox.my.salesforce.com/lightn
 ing/setup/AsyncApiJobStatus/page?address=%2F750ct00000URbqDAAT)
 Elapsed Time: 15.66s

[2K[1A[2K[1A[2K[1A[2K[1A[2K[1A[2K[1A[2K[1A[2K[1A[2K[1A[2K[1A[2K[1A[2K[1A[2K[1A[2K[1A[2K[1A[2K[G
 ───────────────── Importing data ─────────────────

 ✔ Creating ingest job 661ms
 ⣷ Processing the job 14.76s
   ▸ Processed records: ◞
   ▸ Successful records: ◞
   ▸ Failed records: ◞

 Status: InProgress
 Job Id:
 750ct00000URbqDAAT (https://fortra--mergebuild.sandbox.my.salesforce.com/lightn
 ing/setup/AsyncApiJobStatus/page?address=%2F750ct00000URbqDAAT)
 Elapsed Time: 15.69s

[2K[1A[2K[1A[2K[1A[2K[1A[2K[1A[2K[1A[2K[1A[2K[1A[2K[1A[2K[1A[2K[1A[2K[1A[2K[1A[2K[1A[2K[1A[2K[G
 ───────────────── Importing data ─────────────────

 ✔ Creating ingest job 661ms
 ⣷ Processing the job 14.79s
   ▸ Processed records: ◞
   ▸ Successful records: ◞
   ▸ Failed records: ◞

 Status: InProgress
 Job Id:
 750ct00000URbqDAAT (https://fortra--mergebuild.sandbox.my.salesforce.com/lightn
 ing/setup/AsyncApiJobStatus/page?address=%2F750ct00000URbqDAAT)
 Elapsed Time: 15.72s

[2K[1A[2K[1A[2K[1A[2K[1A[2K[1A[2K[1A[2K[1A[2K[1A[2K[1A[2K[1A[2K[1A[2K[1A[2K[1A[2K[1A[2K[1A[2K[G
 ───────────────── Importing data ─────────────────

 ✔ Creating ingest job 661ms
 ⣷ Processing the job 14.82s
   ▸ Processed records: ◡
   ▸ Successful records: ◡
   ▸ Failed records: ◡

 Status: InProgress
 Job Id:
 750ct00000URbqDAAT (https://fortra--mergebuild.sandbox.my.salesforce.com/lightn
 ing/setup/AsyncApiJobStatus/page?address=%2F750ct00000URbqDAAT)
 Elapsed Time: 15.75s

[2K[1A[2K[1A[2K[1A[2K[1A[2K[1A[2K[1A[2K[1A[2K[1A[2K[1A[2K[1A[2K[1A[2K[1A[2K[1A[2K[1A[2K[1A[2K[G
 ───────────────── Importing data ─────────────────

 ✔ Creating ingest job 661ms
 ⣾ Processing the job 14.85s
   ▸ Processed records: ◡
   ▸ Successful records: ◡
   ▸ Failed records: ◡

 Status: InProgress
 Job Id:
 750ct00000URbqDAAT (https://fortra--mergebuild.sandbox.my.salesforce.com/lightn
 ing/setup/AsyncApiJobStatus/page?address=%2F750ct00000URbqDAAT)
 Elapsed Time: 15.78s

[2K[1A[2K[1A[2K[1A[2K[1A[2K[1A[2K[1A[2K[1A[2K[1A[2K[1A[2K[1A[2K[1A[2K[1A[2K[1A[2K[1A[2K[1A[2K[G
 ───────────────── Importing data ─────────────────

 ✔ Creating ingest job 661ms
 ⣾ Processing the job 14.88s
   ▸ Processed records: ◡
   ▸ Successful records: ◡
   ▸ Failed records: ◡

 Status: InProgress
 Job Id:
 750ct00000URbqDAAT (https://fortra--mergebuild.sandbox.my.salesforce.com/lightn
 ing/setup/AsyncApiJobStatus/page?address=%2F750ct00000URbqDAAT)
 Elapsed Time: 15.81s

[2K[1A[2K[1A[2K[1A[2K[1A[2K[1A[2K[1A[2K[1A[2K[1A[2K[1A[2K[1A[2K[1A[2K[1A[2K[1A[2K[1A[2K[1A[2K[G
 ───────────────── Importing data ─────────────────

 ✔ Creating ingest job 661ms
 ⣽ Processing the job 14.91s
   ▸ Processed records: ◟
   ▸ Successful records: ◡
   ▸ Failed records: ◡

 Status: InProgress
 Job Id:
 750ct00000URbqDAAT (https://fortra--mergebuild.sandbox.my.salesforce.com/lightn
 ing/setup/AsyncApiJobStatus/page?address=%2F750ct00000URbqDAAT)
 Elapsed Time: 15.84s

[2K[1A[2K[1A[2K[1A[2K[1A[2K[1A[2K[1A[2K[1A[2K[1A[2K[1A[2K[1A[2K[1A[2K[1A[2K[1A[2K[1A[2K[1A[2K[G
 ───────────────── Importing data ─────────────────

 ✔ Creating ingest job 661ms
 ⣽ Processing the job 14.94s
   ▸ Processed records: ◟
   ▸ Successful records: ◟
   ▸ Failed records: ◟

 Status: InProgress
 Job Id:
 750ct00000URbqDAAT (https://fortra--mergebuild.sandbox.my.salesforce.com/lightn
 ing/setup/AsyncApiJobStatus/page?address=%2F750ct00000URbqDAAT)
 Elapsed Time: 15.87s

[2K[1A[2K[1A[2K[1A[2K[1A[2K[1A[2K[1A[2K[1A[2K[1A[2K[1A[2K[1A[2K[1A[2K[1A[2K[1A[2K[1A[2K[1A[2K[G
 ───────────────── Importing data ─────────────────

 ✔ Creating ingest job 661ms
 ⣽ Processing the job 14.97s
   ▸ Processed records: ◟
   ▸ Successful records: ◟
   ▸ Failed records: ◟

 Status: InProgress
 Job Id:
 750ct00000URbqDAAT (https://fortra--mergebuild.sandbox.my.salesforce.com/lightn
 ing/setup/AsyncApiJobStatus/page?address=%2F750ct00000URbqDAAT)
 Elapsed Time: 15.90s

[2K[1A[2K[1A[2K[1A[2K[1A[2K[1A[2K[1A[2K[1A[2K[1A[2K[1A[2K[1A[2K[1A[2K[1A[2K[1A[2K[1A[2K[1A[2K[G
 ───────────────── Importing data ─────────────────

 ✔ Creating ingest job 661ms
 ⣻ Processing the job 15.00s
   ▸ Processed records: ◜
   ▸ Successful records: ◟
   ▸ Failed records: ◟

 Status: InProgress
 Job Id:
 750ct00000URbqDAAT (https://fortra--mergebuild.sandbox.my.salesforce.com/lightn
 ing/setup/AsyncApiJobStatus/page?address=%2F750ct00000URbqDAAT)
 Elapsed Time: 15.93s

[2K[1A[2K[1A[2K[1A[2K[1A[2K[1A[2K[1A[2K[1A[2K[1A[2K[1A[2K[1A[2K[1A[2K[1A[2K[1A[2K[1A[2K[1A[2K[G
 ───────────────── Importing data ─────────────────

 ✔ Creating ingest job 661ms
 ⣻ Processing the job 15.03s
   ▸ Processed records: ◜
   ▸ Successful records: ◜
   ▸ Failed records: ◜

 Status: InProgress
 Job Id:
 750ct00000URbqDAAT (https://fortra--mergebuild.sandbox.my.salesforce.com/lightn
 ing/setup/AsyncApiJobStatus/page?address=%2F750ct00000URbqDAAT)
 Elapsed Time: 15.97s

[2K[1A[2K[1A[2K[1A[2K[1A[2K[1A[2K[1A[2K[1A[2K[1A[2K[1A[2K[1A[2K[1A[2K[1A[2K[1A[2K[1A[2K[1A[2K[G
 ───────────────── Importing data ─────────────────

 ✔ Creating ingest job 661ms
 ⢿ Processing the job 15.06s
   ▸ Processed records: ◜
   ▸ Successful records: ◜
   ▸ Failed records: ◜

 Status: InProgress
 Job Id:
 750ct00000URbqDAAT (https://fortra--mergebuild.sandbox.my.salesforce.com/lightn
 ing/setup/AsyncApiJobStatus/page?address=%2F750ct00000URbqDAAT)
 Elapsed Time: 15.99s

[2K[1A[2K[1A[2K[1A[2K[1A[2K[1A[2K[1A[2K[1A[2K[1A[2K[1A[2K[1A[2K[1A[2K[1A[2K[1A[2K[1A[2K[1A[2K[G
 ───────────────── Importing data ─────────────────

 ✔ Creating ingest job 661ms
 ⢿ Processing the job 15.09s
   ▸ Processed records: ◠
   ▸ Successful records: ◜
   ▸ Failed records: ◜

 Status: InProgress
 Job Id:
 750ct00000URbqDAAT (https://fortra--mergebuild.sandbox.my.salesforce.com/lightn
 ing/setup/AsyncApiJobStatus/page?address=%2F750ct00000URbqDAAT)
 Elapsed Time: 16.02s

[2K[1A[2K[1A[2K[1A[2K[1A[2K[1A[2K[1A[2K[1A[2K[1A[2K[1A[2K[1A[2K[1A[2K[1A[2K[1A[2K[1A[2K[1A[2K[G
 ───────────────── Importing data ─────────────────

 ✔ Creating ingest job 661ms
 ⢿ Processing the job 15.12s
   ▸ Processed records: ◠
   ▸ Successful records: ◠
   ▸ Failed records: ◠

 Status: InProgress
 Job Id:
 750ct00000URbqDAAT (https://fortra--mergebuild.sandbox.my.salesforce.com/lightn
 ing/setup/AsyncApiJobStatus/page?address=%2F750ct00000URbqDAAT)
 Elapsed Time: 16.05s

[2K[1A[2K[1A[2K[1A[2K[1A[2K[1A[2K[1A[2K[1A[2K[1A[2K[1A[2K[1A[2K[1A[2K[1A[2K[1A[2K[1A[2K[1A[2K[G
 ───────────────── Importing data ─────────────────

 ✔ Creating ingest job 661ms
 ⡿ Processing the job 15.15s
   ▸ Processed records: ◠
   ▸ Successful records: ◠
   ▸ Failed records: ◠

 Status: InProgress
 Job Id:
 750ct00000URbqDAAT (https://fortra--mergebuild.sandbox.my.salesforce.com/lightn
 ing/setup/AsyncApiJobStatus/page?address=%2F750ct00000URbqDAAT)
 Elapsed Time: 16.09s

[2K[1A[2K[1A[2K[1A[2K[1A[2K[1A[2K[1A[2K[1A[2K[1A[2K[1A[2K[1A[2K[1A[2K[1A[2K[1A[2K[1A[2K[1A[2K[G
 ───────────────── Importing data ─────────────────

 ✔ Creating ingest job 661ms
 ⡿ Processing the job 15.18s
   ▸ Processed records: ◝
   ▸ Successful records: ◠
   ▸ Failed records: ◠

 Status: InProgress
 Job Id:
 750ct00000URbqDAAT (https://fortra--mergebuild.sandbox.my.salesforce.com/lightn
 ing/setup/AsyncApiJobStatus/page?address=%2F750ct00000URbqDAAT)
 Elapsed Time: 16.12s

[2K[1A[2K[1A[2K[1A[2K[1A[2K[1A[2K[1A[2K[1A[2K[1A[2K[1A[2K[1A[2K[1A[2K[1A[2K[1A[2K[1A[2K[1A[2K[G
 ───────────────── Importing data ─────────────────

 ✔ Creating ingest job 661ms
 ⣟ Processing the job 15.21s
   ▸ Processed records: ◝
   ▸ Successful records: ◝
   ▸ Failed records: ◝

 Status: InProgress
 Job Id:
 750ct00000URbqDAAT (https://fortra--mergebuild.sandbox.my.salesforce.com/lightn
 ing/setup/AsyncApiJobStatus/page?address=%2F750ct00000URbqDAAT)
 Elapsed Time: 16.14s

[2K[1A[2K[1A[2K[1A[2K[1A[2K[1A[2K[1A[2K[1A[2K[1A[2K[1A[2K[1A[2K[1A[2K[1A[2K[1A[2K[1A[2K[1A[2K[G
 ───────────────── Importing data ─────────────────

 ✔ Creating ingest job 661ms
 ⣟ Processing the job 15.24s
   ▸ Processed records: ◝
   ▸ Successful records: ◝
   ▸ Failed records: ◝

 Status: InProgress
 Job Id:
 750ct00000URbqDAAT (https://fortra--mergebuild.sandbox.my.salesforce.com/lightn
 ing/setup/AsyncApiJobStatus/page?address=%2F750ct00000URbqDAAT)
 Elapsed Time: 16.18s

[2K[1A[2K[1A[2K[1A[2K[1A[2K[1A[2K[1A[2K[1A[2K[1A[2K[1A[2K[1A[2K[1A[2K[1A[2K[1A[2K[1A[2K[1A[2K[G
 ───────────────── Importing data ─────────────────

 ✔ Creating ingest job 661ms
 ⣟ Processing the job 15.26s
   ▸ Processed records: ◞
   ▸ Successful records: ◝
   ▸ Failed records: ◝

 Status: InProgress
 Job Id:
 750ct00000URbqDAAT (https://fortra--mergebuild.sandbox.my.salesforce.com/lightn
 ing/setup/AsyncApiJobStatus/page?address=%2F750ct00000URbqDAAT)
 Elapsed Time: 16.21s

[2K[1A[2K[1A[2K[1A[2K[1A[2K[1A[2K[1A[2K[1A[2K[1A[2K[1A[2K[1A[2K[1A[2K[1A[2K[1A[2K[1A[2K[1A[2K[G
 ───────────────── Importing data ─────────────────

 ✔ Creating ingest job 661ms
 ⣯ Processing the job 15.30s
   ▸ Processed records: ◞
   ▸ Successful records: ◞
   ▸ Failed records: ◞

 Status: InProgress
 Job Id:
 750ct00000URbqDAAT (https://fortra--mergebuild.sandbox.my.salesforce.com/lightn
 ing/setup/AsyncApiJobStatus/page?address=%2F750ct00000URbqDAAT)
 Elapsed Time: 16.24s

[2K[1A[2K[1A[2K[1A[2K[1A[2K[1A[2K[1A[2K[1A[2K[1A[2K[1A[2K[1A[2K[1A[2K[1A[2K[1A[2K[1A[2K[1A[2K[G
 ───────────────── Importing data ─────────────────

 ✔ Creating ingest job 661ms
 ⣯ Processing the job 15.33s
   ▸ Processed records: ◞
   ▸ Successful records: ◞
   ▸ Failed records: ◞

 Status: InProgress
 Job Id:
 750ct00000URbqDAAT (https://fortra--mergebuild.sandbox.my.salesforce.com/lightn
 ing/setup/AsyncApiJobStatus/page?address=%2F750ct00000URbqDAAT)
 Elapsed Time: 16.27s

[2K[1A[2K[1A[2K[1A[2K[1A[2K[1A[2K[1A[2K[1A[2K[1A[2K[1A[2K[1A[2K[1A[2K[1A[2K[1A[2K[1A[2K[1A[2K[G
 ───────────────── Importing data ─────────────────

 ✔ Creating ingest job 661ms
 ⣷ Processing the job 15.36s
   ▸ Processed records: ◞
   ▸ Successful records: ◞
   ▸ Failed records: ◞

 Status: InProgress
 Job Id:
 750ct00000URbqDAAT (https://fortra--mergebuild.sandbox.my.salesforce.com/lightn
 ing/setup/AsyncApiJobStatus/page?address=%2F750ct00000URbqDAAT)
 Elapsed Time: 16.30s

[2K[1A[2K[1A[2K[1A[2K[1A[2K[1A[2K[1A[2K[1A[2K[1A[2K[1A[2K[1A[2K[1A[2K[1A[2K[1A[2K[1A[2K[1A[2K[G
 ───────────────── Importing data ─────────────────

 ✔ Creating ingest job 661ms
 ⣷ Processing the job 15.38s
   ▸ Processed records: ◡
   ▸ Successful records: ◡
   ▸ Failed records: ◡

 Status: InProgress
 Job Id:
 750ct00000URbqDAAT (https://fortra--mergebuild.sandbox.my.salesforce.com/lightn
 ing/setup/AsyncApiJobStatus/page?address=%2F750ct00000URbqDAAT)
 Elapsed Time: 16.33s

[2K[1A[2K[1A[2K[1A[2K[1A[2K[1A[2K[1A[2K[1A[2K[1A[2K[1A[2K[1A[2K[1A[2K[1A[2K[1A[2K[1A[2K[1A[2K[G
 ───────────────── Importing data ─────────────────

 ✔ Creating ingest job 661ms
 ⣷ Processing the job 15.41s
   ▸ Processed records: ◡
   ▸ Successful records: ◡
   ▸ Failed records: ◡

 Status: InProgress
 Job Id:
 750ct00000URbqDAAT (https://fortra--mergebuild.sandbox.my.salesforce.com/lightn
 ing/setup/AsyncApiJobStatus/page?address=%2F750ct00000URbqDAAT)
 Elapsed Time: 16.36s

[2K[1A[2K[1A[2K[1A[2K[1A[2K[1A[2K[1A[2K[1A[2K[1A[2K[1A[2K[1A[2K[1A[2K[1A[2K[1A[2K[1A[2K[1A[2K[G
 ───────────────── Importing data ─────────────────

 ✔ Creating ingest job 661ms
 ⣾ Processing the job 15.44s
   ▸ Processed records: ◡
   ▸ Successful records: ◡
   ▸ Failed records: ◡

 Status: InProgress
 Job Id:
 750ct00000URbqDAAT (https://fortra--mergebuild.sandbox.my.salesforce.com/lightn
 ing/setup/AsyncApiJobStatus/page?address=%2F750ct00000URbqDAAT)
 Elapsed Time: 16.39s

[2K[1A[2K[1A[2K[1A[2K[1A[2K[1A[2K[1A[2K[1A[2K[1A[2K[1A[2K[1A[2K[1A[2K[1A[2K[1A[2K[1A[2K[1A[2K[G
 ───────────────── Importing data ─────────────────

 ✔ Creating ingest job 661ms
 ⣾ Processing the job 15.46s
   ▸ Processed records: ◟
   ▸ Successful records: ◟
   ▸ Failed records: ◟

 Status: InProgress
 Job Id:
 750ct00000URbqDAAT (https://fortra--mergebuild.sandbox.my.salesforce.com/lightn
 ing/setup/AsyncApiJobStatus/page?address=%2F750ct00000URbqDAAT)
 Elapsed Time: 16.42s

[2K[1A[2K[1A[2K[1A[2K[1A[2K[1A[2K[1A[2K[1A[2K[1A[2K[1A[2K[1A[2K[1A[2K[1A[2K[1A[2K[1A[2K[1A[2K[G
 ───────────────── Importing data ─────────────────

 ✔ Creating ingest job 661ms
 ⣽ Processing the job 15.50s
   ▸ Processed records: ◟
   ▸ Successful records: ◟
   ▸ Failed records: ◟

 Status: InProgress
 Job Id:
 750ct00000URbqDAAT (https://fortra--mergebuild.sandbox.my.salesforce.com/lightn
 ing/setup/AsyncApiJobStatus/page?address=%2F750ct00000URbqDAAT)
 Elapsed Time: 16.46s

[2K[1A[2K[1A[2K[1A[2K[1A[2K[1A[2K[1A[2K[1A[2K[1A[2K[1A[2K[1A[2K[1A[2K[1A[2K[1A[2K[1A[2K[1A[2K[G
 ───────────────── Importing data ─────────────────

 ✔ Creating ingest job 661ms
 ⣽ Processing the job 15.52s
   ▸ Processed records: ◟
   ▸ Successful records: ◟
   ▸ Failed records: ◟

 Status: InProgress
 Job Id:
 750ct00000URbqDAAT (https://fortra--mergebuild.sandbox.my.salesforce.com/lightn
 ing/setup/AsyncApiJobStatus/page?address=%2F750ct00000URbqDAAT)
 Elapsed Time: 16.49s

[2K[1A[2K[1A[2K[1A[2K[1A[2K[1A[2K[1A[2K[1A[2K[1A[2K[1A[2K[1A[2K[1A[2K[1A[2K[1A[2K[1A[2K[1A[2K[G
 ───────────────── Importing data ─────────────────

 ✔ Creating ingest job 661ms
 ⣽ Processing the job 15.55s
   ▸ Processed records: ◜
   ▸ Successful records: ◜
   ▸ Failed records: ◜

 Status: InProgress
 Job Id:
 750ct00000URbqDAAT (https://fortra--mergebuild.sandbox.my.salesforce.com/lightn
 ing/setup/AsyncApiJobStatus/page?address=%2F750ct00000URbqDAAT)
 Elapsed Time: 16.52s

[2K[1A[2K[1A[2K[1A[2K[1A[2K[1A[2K[1A[2K[1A[2K[1A[2K[1A[2K[1A[2K[1A[2K[1A[2K[1A[2K[1A[2K[1A[2K[G
 ───────────────── Importing data ─────────────────

 ✔ Creating ingest job 661ms
 ⣻ Processing the job 15.58s
   ▸ Processed records: ◜
   ▸ Successful records: ◜
   ▸ Failed records: ◜

 Status: InProgress
 Job Id:
 750ct00000URbqDAAT (https://fortra--mergebuild.sandbox.my.salesforce.com/lightn
 ing/setup/AsyncApiJobStatus/page?address=%2F750ct00000URbqDAAT)
 Elapsed Time: 16.55s

[2K[1A[2K[1A[2K[1A[2K[1A[2K[1A[2K[1A[2K[1A[2K[1A[2K[1A[2K[1A[2K[1A[2K[1A[2K[1A[2K[1A[2K[1A[2K[G
 ───────────────── Importing data ─────────────────

 ✔ Creating ingest job 661ms
 ⣻ Processing the job 15.61s
   ▸ Processed records: ◜
   ▸ Successful records: ◜
   ▸ Failed records: ◜

 Status: InProgress
 Job Id:
 750ct00000URbqDAAT (https://fortra--mergebuild.sandbox.my.salesforce.com/lightn
 ing/setup/AsyncApiJobStatus/page?address=%2F750ct00000URbqDAAT)
 Elapsed Time: 16.58s

[2K[1A[2K[1A[2K[1A[2K[1A[2K[1A[2K[1A[2K[1A[2K[1A[2K[1A[2K[1A[2K[1A[2K[1A[2K[1A[2K[1A[2K[1A[2K[G
 ───────────────── Importing data ─────────────────

 ✔ Creating ingest job 661ms
 ⢿ Processing the job 15.65s
   ▸ Processed records: ◠
   ▸ Successful records: ◜
   ▸ Failed records: ◜

 Status: InProgress
 Job Id:
 750ct00000URbqDAAT (https://fortra--mergebuild.sandbox.my.salesforce.com/lightn
 ing/setup/AsyncApiJobStatus/page?address=%2F750ct00000URbqDAAT)
 Elapsed Time: 16.60s

[2K[1A[2K[1A[2K[1A[2K[1A[2K[1A[2K[1A[2K[1A[2K[1A[2K[1A[2K[1A[2K[1A[2K[1A[2K[1A[2K[1A[2K[1A[2K[G
 ───────────────── Importing data ─────────────────

 ✔ Creating ingest job 661ms
 ⢿ Processing the job 15.67s
   ▸ Processed records: ◠
   ▸ Successful records: ◠
   ▸ Failed records: ◠

 Status: InProgress
 Job Id:
 750ct00000URbqDAAT (https://fortra--mergebuild.sandbox.my.salesforce.com/lightn
 ing/setup/AsyncApiJobStatus/page?address=%2F750ct00000URbqDAAT)
 Elapsed Time: 16.64s

[2K[1A[2K[1A[2K[1A[2K[1A[2K[1A[2K[1A[2K[1A[2K[1A[2K[1A[2K[1A[2K[1A[2K[1A[2K[1A[2K[1A[2K[1A[2K[G
 ───────────────── Importing data ─────────────────

 ✔ Creating ingest job 661ms
 ⢿ Processing the job 15.71s
   ▸ Processed records: ◠
   ▸ Successful records: ◠
   ▸ Failed records: ◠

 Status: InProgress
 Job Id:
 750ct00000URbqDAAT (https://fortra--mergebuild.sandbox.my.salesforce.com/lightn
 ing/setup/AsyncApiJobStatus/page?address=%2F750ct00000URbqDAAT)
 Elapsed Time: 16.67s

[2K[1A[2K[1A[2K[1A[2K[1A[2K[1A[2K[1A[2K[1A[2K[1A[2K[1A[2K[1A[2K[1A[2K[1A[2K[1A[2K[1A[2K[1A[2K[G
 ───────────────── Importing data ─────────────────

 ✔ Creating ingest job 661ms
 ⡿ Processing the job 15.73s
   ▸ Processed records: ◝
   ▸ Successful records: ◠
   ▸ Failed records: ◠

 Status: InProgress
 Job Id:
 750ct00000URbqDAAT (https://fortra--mergebuild.sandbox.my.salesforce.com/lightn
 ing/setup/AsyncApiJobStatus/page?address=%2F750ct00000URbqDAAT)
 Elapsed Time: 16.70s

[2K[1A[2K[1A[2K[1A[2K[1A[2K[1A[2K[1A[2K[1A[2K[1A[2K[1A[2K[1A[2K[1A[2K[1A[2K[1A[2K[1A[2K[1A[2K[G
 ───────────────── Importing data ─────────────────

 ✔ Creating ingest job 661ms
 ⡿ Processing the job 15.76s
   ▸ Processed records: ◝
   ▸ Successful records: ◝
   ▸ Failed records: ◝

 Status: InProgress
 Job Id:
 750ct00000URbqDAAT (https://fortra--mergebuild.sandbox.my.salesforce.com/lightn
 ing/setup/AsyncApiJobStatus/page?address=%2F750ct00000URbqDAAT)
 Elapsed Time: 16.73s

[2K[1A[2K[1A[2K[1A[2K[1A[2K[1A[2K[1A[2K[1A[2K[1A[2K[1A[2K[1A[2K[1A[2K[1A[2K[1A[2K[1A[2K[1A[2K[G
 ───────────────── Importing data ─────────────────

 ✔ Creating ingest job 661ms
 ⣟ Processing the job 15.79s
   ▸ Processed records: ◝
   ▸ Successful records: ◝
   ▸ Failed records: ◝

 Status: InProgress
 Job Id:
 750ct00000URbqDAAT (https://fortra--mergebuild.sandbox.my.salesforce.com/lightn
 ing/setup/AsyncApiJobStatus/page?address=%2F750ct00000URbqDAAT)
 Elapsed Time: 16.76s

[2K[1A[2K[1A[2K[1A[2K[1A[2K[1A[2K[1A[2K[1A[2K[1A[2K[1A[2K[1A[2K[1A[2K[1A[2K[1A[2K[1A[2K[1A[2K[G
 ───────────────── Importing data ─────────────────

 ✔ Creating ingest job 661ms
 ⣟ Processing the job 15.82s
   ▸ Processed records: ◞
   ▸ Successful records: ◝
   ▸ Failed records: ◝

 Status: InProgress
 Job Id:
 750ct00000URbqDAAT (https://fortra--mergebuild.sandbox.my.salesforce.com/lightn
 ing/setup/AsyncApiJobStatus/page?address=%2F750ct00000URbqDAAT)
 Elapsed Time: 16.80s

[2K[1A[2K[1A[2K[1A[2K[1A[2K[1A[2K[1A[2K[1A[2K[1A[2K[1A[2K[1A[2K[1A[2K[1A[2K[1A[2K[1A[2K[1A[2K[G
 ───────────────── Importing data ─────────────────

 ✔ Creating ingest job 661ms
 ⣟ Processing the job 15.85s
   ▸ Processed records: ◞
   ▸ Successful records: ◞
   ▸ Failed records: ◞

 Status: InProgress
 Job Id:
 750ct00000URbqDAAT (https://fortra--mergebuild.sandbox.my.salesforce.com/lightn
 ing/setup/AsyncApiJobStatus/page?address=%2F750ct00000URbqDAAT)
 Elapsed Time: 16.83s

[2K[1A[2K[1A[2K[1A[2K[1A[2K[1A[2K[1A[2K[1A[2K[1A[2K[1A[2K[1A[2K[1A[2K[1A[2K[1A[2K[1A[2K[1A[2K[G
 ───────────────── Importing data ─────────────────

 ✔ Creating ingest job 661ms
 ⣯ Processing the job 15.88s
   ▸ Processed records: ◞
   ▸ Successful records: ◞
   ▸ Failed records: ◞

 Status: InProgress
 Job Id:
 750ct00000URbqDAAT (https://fortra--mergebuild.sandbox.my.salesforce.com/lightn
 ing/setup/AsyncApiJobStatus/page?address=%2F750ct00000URbqDAAT)
 Elapsed Time: 16.86s

[2K[1A[2K[1A[2K[1A[2K[1A[2K[1A[2K[1A[2K[1A[2K[1A[2K[1A[2K[1A[2K[1A[2K[1A[2K[1A[2K[1A[2K[1A[2K[G
 ───────────────── Importing data ─────────────────

 ✔ Creating ingest job 661ms
 ⣯ Processing the job 15.91s
   ▸ Processed records: ◡
   ▸ Successful records: ◞
   ▸ Failed records: ◞

 Status: InProgress
 Job Id:
 750ct00000URbqDAAT (https://fortra--mergebuild.sandbox.my.salesforce.com/lightn
 ing/setup/AsyncApiJobStatus/page?address=%2F750ct00000URbqDAAT)
 Elapsed Time: 16.89s

[2K[1A[2K[1A[2K[1A[2K[1A[2K[1A[2K[1A[2K[1A[2K[1A[2K[1A[2K[1A[2K[1A[2K[1A[2K[1A[2K[1A[2K[1A[2K[G
 ───────────────── Importing data ─────────────────

 ✔ Creating ingest job 661ms
 ⣷ Processing the job 15.94s
   ▸ Processed records: ◡
   ▸ Successful records: ◡
   ▸ Failed records: ◡

 Status: InProgress
 Job Id:
 750ct00000URbqDAAT (https://fortra--mergebuild.sandbox.my.salesforce.com/lightn
 ing/setup/AsyncApiJobStatus/page?address=%2F750ct00000URbqDAAT)
 Elapsed Time: 16.92s

[2K[1A[2K[1A[2K[1A[2K[1A[2K[1A[2K[1A[2K[1A[2K[1A[2K[1A[2K[1A[2K[1A[2K[1A[2K[1A[2K[1A[2K[1A[2K[G
 ───────────────── Importing data ─────────────────

 ✔ Creating ingest job 661ms
 ⣷ Processing the job 15.97s
   ▸ Processed records: ◡
   ▸ Successful records: ◡
   ▸ Failed records: ◡

 Status: InProgress
 Job Id:
 750ct00000URbqDAAT (https://fortra--mergebuild.sandbox.my.salesforce.com/lightn
 ing/setup/AsyncApiJobStatus/page?address=%2F750ct00000URbqDAAT)
 Elapsed Time: 16.95s

[2K[1A[2K[1A[2K[1A[2K[1A[2K[1A[2K[1A[2K[1A[2K[1A[2K[1A[2K[1A[2K[1A[2K[1A[2K[1A[2K[1A[2K[1A[2K[G
 ───────────────── Importing data ─────────────────

 ✔ Creating ingest job 661ms
 ⣷ Processing the job 15.99s
   ▸ Processed records: ◟
   ▸ Successful records: ◡
   ▸ Failed records: ◡

 Status: InProgress
 Job Id:
 750ct00000URbqDAAT (https://fortra--mergebuild.sandbox.my.salesforce.com/lightn
 ing/setup/AsyncApiJobStatus/page?address=%2F750ct00000URbqDAAT)
 Elapsed Time: 16.98s

[2K[1A[2K[1A[2K[1A[2K[1A[2K[1A[2K[1A[2K[1A[2K[1A[2K[1A[2K[1A[2K[1A[2K[1A[2K[1A[2K[1A[2K[1A[2K[G
 ───────────────── Importing data ─────────────────

 ✔ Creating ingest job 661ms
 ⣾ Processing the job 16.03s
   ▸ Processed records: ◟
   ▸ Successful records: ◟
   ▸ Failed records: ◟

 Status: InProgress
 Job Id:
 750ct00000URbqDAAT (https://fortra--mergebuild.sandbox.my.salesforce.com/lightn
 ing/setup/AsyncApiJobStatus/page?address=%2F750ct00000URbqDAAT)
 Elapsed Time: 17.01s

[2K[1A[2K[1A[2K[1A[2K[1A[2K[1A[2K[1A[2K[1A[2K[1A[2K[1A[2K[1A[2K[1A[2K[1A[2K[1A[2K[1A[2K[1A[2K[G
 ───────────────── Importing data ─────────────────

 ✔ Creating ingest job 661ms
 ⣾ Processing the job 16.05s
   ▸ Processed records: ◟
   ▸ Successful records: ◟
   ▸ Failed records: ◟

 Status: InProgress
 Job Id:
 750ct00000URbqDAAT (https://fortra--mergebuild.sandbox.my.salesforce.com/lightn
 ing/setup/AsyncApiJobStatus/page?address=%2F750ct00000URbqDAAT)
 Elapsed Time: 17.03s

[2K[1A[2K[1A[2K[1A[2K[1A[2K[1A[2K[1A[2K[1A[2K[1A[2K[1A[2K[1A[2K[1A[2K[1A[2K[1A[2K[1A[2K[1A[2K[G
 ───────────────── Importing data ─────────────────

 ✔ Creating ingest job 661ms
 ⣽ Processing the job 16.09s
   ▸ Processed records: ◜
   ▸ Successful records: ◟
   ▸ Failed records: ◟

 Status: InProgress
 Job Id:
 750ct00000URbqDAAT (https://fortra--mergebuild.sandbox.my.salesforce.com/lightn
 ing/setup/AsyncApiJobStatus/page?address=%2F750ct00000URbqDAAT)
 Elapsed Time: 17.06s

[2K[1A[2K[1A[2K[1A[2K[1A[2K[1A[2K[1A[2K[1A[2K[1A[2K[1A[2K[1A[2K[1A[2K[1A[2K[1A[2K[1A[2K[1A[2K[G
 ───────────────── Importing data ─────────────────

 ✔ Creating ingest job 661ms
 ⣽ Processing the job 16.12s
   ▸ Processed records: ◜
   ▸ Successful records: ◜
   ▸ Failed records: ◜

 Status: InProgress
 Job Id:
 750ct00000URbqDAAT (https://fortra--mergebuild.sandbox.my.salesforce.com/lightn
 ing/setup/AsyncApiJobStatus/page?address=%2F750ct00000URbqDAAT)
 Elapsed Time: 17.10s

[2K[1A[2K[1A[2K[1A[2K[1A[2K[1A[2K[1A[2K[1A[2K[1A[2K[1A[2K[1A[2K[1A[2K[1A[2K[1A[2K[1A[2K[1A[2K[G
 ───────────────── Importing data ─────────────────

 ✔ Creating ingest job 661ms
 ⣽ Processing the job 16.15s
   ▸ Processed records: ◜
   ▸ Successful records: ◜
   ▸ Failed records: ◜

 Status: InProgress
 Job Id:
 750ct00000URbqDAAT (https://fortra--mergebuild.sandbox.my.salesforce.com/lightn
 ing/setup/AsyncApiJobStatus/page?address=%2F750ct00000URbqDAAT)
 Elapsed Time: 17.13s

[2K[1A[2K[1A[2K[1A[2K[1A[2K[1A[2K[1A[2K[1A[2K[1A[2K[1A[2K[1A[2K[1A[2K[1A[2K[1A[2K[1A[2K[1A[2K[G
 ───────────────── Importing data ─────────────────

 ✔ Creating ingest job 661ms
 ⣻ Processing the job 16.18s
   ▸ Processed records: ◜
   ▸ Successful records: ◜
   ▸ Failed records: ◜

 Status: InProgress
 Job Id:
 750ct00000URbqDAAT (https://fortra--mergebuild.sandbox.my.salesforce.com/lightn
 ing/setup/AsyncApiJobStatus/page?address=%2F750ct00000URbqDAAT)
 Elapsed Time: 17.16s

[2K[1A[2K[1A[2K[1A[2K[1A[2K[1A[2K[1A[2K[1A[2K[1A[2K[1A[2K[1A[2K[1A[2K[1A[2K[1A[2K[1A[2K[1A[2K[G
 ───────────────── Importing data ─────────────────

 ✔ Creating ingest job 661ms
 ⣻ Processing the job 16.21s
   ▸ Processed records: ◠
   ▸ Successful records: ◠
   ▸ Failed records: ◠

 Status: InProgress
 Job Id:
 750ct00000URbqDAAT (https://fortra--mergebuild.sandbox.my.salesforce.com/lightn
 ing/setup/AsyncApiJobStatus/page?address=%2F750ct00000URbqDAAT)
 Elapsed Time: 17.19s

[2K[1A[2K[1A[2K[1A[2K[1A[2K[1A[2K[1A[2K[1A[2K[1A[2K[1A[2K[1A[2K[1A[2K[1A[2K[1A[2K[1A[2K[1A[2K[G
 ───────────────── Importing data ─────────────────

 ✔ Creating ingest job 661ms
 ⢿ Processing the job 16.24s
   ▸ Processed records: ◠
   ▸ Successful records: ◠
   ▸ Failed records: ◠

 Status: InProgress
 Job Id:
 750ct00000URbqDAAT (https://fortra--mergebuild.sandbox.my.salesforce.com/lightn
 ing/setup/AsyncApiJobStatus/page?address=%2F750ct00000URbqDAAT)
 Elapsed Time: 17.21s

[2K[1A[2K[1A[2K[1A[2K[1A[2K[1A[2K[1A[2K[1A[2K[1A[2K[1A[2K[1A[2K[1A[2K[1A[2K[1A[2K[1A[2K[1A[2K[G
 ───────────────── Importing data ─────────────────

 ✔ Creating ingest job 661ms
 ⢿ Processing the job 16.27s
   ▸ Processed records: ◠
   ▸ Successful records: ◠
   ▸ Failed records: ◠

 Status: InProgress
 Job Id:
 750ct00000URbqDAAT (https://fortra--mergebuild.sandbox.my.salesforce.com/lightn
 ing/setup/AsyncApiJobStatus/page?address=%2F750ct00000URbqDAAT)
 Elapsed Time: 17.24s

[2K[1A[2K[1A[2K[1A[2K[1A[2K[1A[2K[1A[2K[1A[2K[1A[2K[1A[2K[1A[2K[1A[2K[1A[2K[1A[2K[1A[2K[1A[2K[G
 ───────────────── Importing data ─────────────────

 ✔ Creating ingest job 661ms
 ⢿ Processing the job 16.30s
   ▸ Processed records: ◝
   ▸ Successful records: ◝
   ▸ Failed records: ◝

 Status: InProgress
 Job Id:
 750ct00000URbqDAAT (https://fortra--mergebuild.sandbox.my.salesforce.com/lightn
 ing/setup/AsyncApiJobStatus/page?address=%2F750ct00000URbqDAAT)
 Elapsed Time: 17.27s

[2K[1A[2K[1A[2K[1A[2K[1A[2K[1A[2K[1A[2K[1A[2K[1A[2K[1A[2K[1A[2K[1A[2K[1A[2K[1A[2K[1A[2K[1A[2K[G
 ───────────────── Importing data ─────────────────

 ✔ Creating ingest job 661ms
 ⡿ Processing the job 16.33s
   ▸ Processed records: ◝
   ▸ Successful records: ◝
   ▸ Failed records: ◝

 Status: InProgress
 Job Id:
 750ct00000URbqDAAT (https://fortra--mergebuild.sandbox.my.salesforce.com/lightn
 ing/setup/AsyncApiJobStatus/page?address=%2F750ct00000URbqDAAT)
 Elapsed Time: 17.30s

[2K[1A[2K[1A[2K[1A[2K[1A[2K[1A[2K[1A[2K[1A[2K[1A[2K[1A[2K[1A[2K[1A[2K[1A[2K[1A[2K[1A[2K[1A[2K[G
 ───────────────── Importing data ─────────────────

 ✔ Creating ingest job 661ms
 ⡿ Processing the job 16.36s
   ▸ Processed records: ◝
   ▸ Successful records: ◝
   ▸ Failed records: ◝

 Status: InProgress
 Job Id:
 750ct00000URbqDAAT (https://fortra--mergebuild.sandbox.my.salesforce.com/lightn
 ing/setup/AsyncApiJobStatus/page?address=%2F750ct00000URbqDAAT)
 Elapsed Time: 17.33s

[2K[1A[2K[1A[2K[1A[2K[1A[2K[1A[2K[1A[2K[1A[2K[1A[2K[1A[2K[1A[2K[1A[2K[1A[2K[1A[2K[1A[2K[1A[2K[G
 ───────────────── Importing data ─────────────────

 ✔ Creating ingest job 661ms
 ⣟ Processing the job 16.39s
   ▸ Processed records: ◞
   ▸ Successful records: ◞
   ▸ Failed records: ◝

 Status: InProgress
 Job Id:
 750ct00000URbqDAAT (https://fortra--mergebuild.sandbox.my.salesforce.com/lightn
 ing/setup/AsyncApiJobStatus/page?address=%2F750ct00000URbqDAAT)
 Elapsed Time: 17.37s

[2K[1A[2K[1A[2K[1A[2K[1A[2K[1A[2K[1A[2K[1A[2K[1A[2K[1A[2K[1A[2K[1A[2K[1A[2K[1A[2K[1A[2K[1A[2K[G
 ───────────────── Importing data ─────────────────

 ✔ Creating ingest job 661ms
 ⣟ Processing the job 16.42s
   ▸ Processed records: ◞
   ▸ Successful records: ◞
   ▸ Failed records: ◞

 Status: InProgress
 Job Id:
 750ct00000URbqDAAT (https://fortra--mergebuild.sandbox.my.salesforce.com/lightn
 ing/setup/AsyncApiJobStatus/page?address=%2F750ct00000URbqDAAT)
 Elapsed Time: 17.40s

[2K[1A[2K[1A[2K[1A[2K[1A[2K[1A[2K[1A[2K[1A[2K[1A[2K[1A[2K[1A[2K[1A[2K[1A[2K[1A[2K[1A[2K[1A[2K[G
 ───────────────── Importing data ─────────────────

 ✔ Creating ingest job 661ms
 ⣟ Processing the job 16.44s
   ▸ Processed records: ◞
   ▸ Successful records: ◞
   ▸ Failed records: ◞

 Status: InProgress
 Job Id:
 750ct00000URbqDAAT (https://fortra--mergebuild.sandbox.my.salesforce.com/lightn
 ing/setup/AsyncApiJobStatus/page?address=%2F750ct00000URbqDAAT)
 Elapsed Time: 17.43s

[2K[1A[2K[1A[2K[1A[2K[1A[2K[1A[2K[1A[2K[1A[2K[1A[2K[1A[2K[1A[2K[1A[2K[1A[2K[1A[2K[1A[2K[1A[2K[G
 ───────────────── Importing data ─────────────────

 ✔ Creating ingest job 661ms
 ⣯ Processing the job 16.47s
   ▸ Processed records: ◡
   ▸ Successful records: ◞
   ▸ Failed records: ◞

 Status: InProgress
 Job Id:
 750ct00000URbqDAAT (https://fortra--mergebuild.sandbox.my.salesforce.com/lightn
 ing/setup/AsyncApiJobStatus/page?address=%2F750ct00000URbqDAAT)
 Elapsed Time: 17.46s

[2K[1A[2K[1A[2K[1A[2K[1A[2K[1A[2K[1A[2K[1A[2K[1A[2K[1A[2K[1A[2K[1A[2K[1A[2K[1A[2K[1A[2K[1A[2K[G
 ───────────────── Importing data ─────────────────

 ✔ Creating ingest job 661ms
 ⣯ Processing the job 16.50s
   ▸ Processed records: ◡
   ▸ Successful records: ◡
   ▸ Failed records: ◡

 Status: InProgress
 Job Id:
 750ct00000URbqDAAT (https://fortra--mergebuild.sandbox.my.salesforce.com/lightn
 ing/setup/AsyncApiJobStatus/page?address=%2F750ct00000URbqDAAT)
 Elapsed Time: 17.49s

[2K[1A[2K[1A[2K[1A[2K[1A[2K[1A[2K[1A[2K[1A[2K[1A[2K[1A[2K[1A[2K[1A[2K[1A[2K[1A[2K[1A[2K[1A[2K[G
 ───────────────── Importing data ─────────────────

 ✔ Creating ingest job 661ms
 ⣷ Processing the job 16.53s
   ▸ Processed records: ◡
   ▸ Successful records: ◡
   ▸ Failed records: ◡

 Status: InProgress
 Job Id:
 750ct00000URbqDAAT (https://fortra--mergebuild.sandbox.my.salesforce.com/lightn
 ing/setup/AsyncApiJobStatus/page?address=%2F750ct00000URbqDAAT)
 Elapsed Time: 17.52s

[2K[1A[2K[1A[2K[1A[2K[1A[2K[1A[2K[1A[2K[1A[2K[1A[2K[1A[2K[1A[2K[1A[2K[1A[2K[1A[2K[1A[2K[1A[2K[G
 ───────────────── Importing data ─────────────────

 ✔ Creating ingest job 661ms
 ⣷ Processing the job 16.56s
   ▸ Processed records: ◟
   ▸ Successful records: ◡
   ▸ Failed records: ◡

 Status: InProgress
 Job Id:
 750ct00000URbqDAAT (https://fortra--mergebuild.sandbox.my.salesforce.com/lightn
 ing/setup/AsyncApiJobStatus/page?address=%2F750ct00000URbqDAAT)
 Elapsed Time: 17.55s

[2K[1A[2K[1A[2K[1A[2K[1A[2K[1A[2K[1A[2K[1A[2K[1A[2K[1A[2K[1A[2K[1A[2K[1A[2K[1A[2K[1A[2K[1A[2K[G
 ───────────────── Importing data ─────────────────

 ✔ Creating ingest job 661ms
 ⣷ Processing the job 16.59s
   ▸ Processed records: ◟
   ▸ Successful records: ◟
   ▸ Failed records: ◟

 Status: InProgress
 Job Id:
 750ct00000URbqDAAT (https://fortra--mergebuild.sandbox.my.salesforce.com/lightn
 ing/setup/AsyncApiJobStatus/page?address=%2F750ct00000URbqDAAT)
 Elapsed Time: 17.58s

[2K[1A[2K[1A[2K[1A[2K[1A[2K[1A[2K[1A[2K[1A[2K[1A[2K[1A[2K[1A[2K[1A[2K[1A[2K[1A[2K[1A[2K[1A[2K[G
 ───────────────── Importing data ─────────────────

 ✔ Creating ingest job 661ms
 ⣾ Processing the job 16.62s
   ▸ Processed records: ◟
   ▸ Successful records: ◟
   ▸ Failed records: ◟

 Status: InProgress
 Job Id:
 750ct00000URbqDAAT (https://fortra--mergebuild.sandbox.my.salesforce.com/lightn
 ing/setup/AsyncApiJobStatus/page?address=%2F750ct00000URbqDAAT)
 Elapsed Time: 17.61s

[2K[1A[2K[1A[2K[1A[2K[1A[2K[1A[2K[1A[2K[1A[2K[1A[2K[1A[2K[1A[2K[1A[2K[1A[2K[1A[2K[1A[2K[1A[2K[G
 ───────────────── Importing data ─────────────────

 ✔ Creating ingest job 661ms
 ⣾ Processing the job 16.65s
   ▸ Processed records: ◜
   ▸ Successful records: ◟
   ▸ Failed records: ◟

 Status: InProgress
 Job Id:
 750ct00000URbqDAAT (https://fortra--mergebuild.sandbox.my.salesforce.com/lightn
 ing/setup/AsyncApiJobStatus/page?address=%2F750ct00000URbqDAAT)
 Elapsed Time: 17.64s

[2K[1A[2K[1A[2K[1A[2K[1A[2K[1A[2K[1A[2K[1A[2K[1A[2K[1A[2K[1A[2K[1A[2K[1A[2K[1A[2K[1A[2K[1A[2K[G
 ───────────────── Importing data ─────────────────

 ✔ Creating ingest job 661ms
 ⣽ Processing the job 16.67s
   ▸ Processed records: ◜
   ▸ Successful records: ◜
   ▸ Failed records: ◜

 Status: InProgress
 Job Id:
 750ct00000URbqDAAT (https://fortra--mergebuild.sandbox.my.salesforce.com/lightn
 ing/setup/AsyncApiJobStatus/page?address=%2F750ct00000URbqDAAT)
 Elapsed Time: 17.67s

[2K[1A[2K[1A[2K[1A[2K[1A[2K[1A[2K[1A[2K[1A[2K[1A[2K[1A[2K[1A[2K[1A[2K[1A[2K[1A[2K[1A[2K[1A[2K[G
 ───────────────── Importing data ─────────────────

 ✔ Creating ingest job 661ms
 ⣽ Processing the job 16.71s
   ▸ Processed records: ◜
   ▸ Successful records: ◜
   ▸ Failed records: ◜

 Status: InProgress
 Job Id:
 750ct00000URbqDAAT (https://fortra--mergebuild.sandbox.my.salesforce.com/lightn
 ing/setup/AsyncApiJobStatus/page?address=%2F750ct00000URbqDAAT)
 Elapsed Time: 17.70s

[2K[1A[2K[1A[2K[1A[2K[1A[2K[1A[2K[1A[2K[1A[2K[1A[2K[1A[2K[1A[2K[1A[2K[1A[2K[1A[2K[1A[2K[1A[2K[G
 ───────────────── Importing data ─────────────────

 ✔ Creating ingest job 661ms
 ⣽ Processing the job 16.73s
   ▸ Processed records: ◠
   ▸ Successful records: ◜
   ▸ Failed records: ◜

 Status: InProgress
 Job Id:
 750ct00000URbqDAAT (https://fortra--mergebuild.sandbox.my.salesforce.com/lightn
 ing/setup/AsyncApiJobStatus/page?address=%2F750ct00000URbqDAAT)
 Elapsed Time: 17.73s

[2K[1A[2K[1A[2K[1A[2K[1A[2K[1A[2K[1A[2K[1A[2K[1A[2K[1A[2K[1A[2K[1A[2K[1A[2K[1A[2K[1A[2K[1A[2K[G
 ───────────────── Importing data ─────────────────

 ✔ Creating ingest job 661ms
 ⣻ Processing the job 16.76s
   ▸ Processed records: ◠
   ▸ Successful records: ◠
   ▸ Failed records: ◠

 Status: InProgress
 Job Id:
 750ct00000URbqDAAT (https://fortra--mergebuild.sandbox.my.salesforce.com/lightn
 ing/setup/AsyncApiJobStatus/page?address=%2F750ct00000URbqDAAT)
 Elapsed Time: 17.77s

[2K[1A[2K[1A[2K[1A[2K[1A[2K[1A[2K[1A[2K[1A[2K[1A[2K[1A[2K[1A[2K[1A[2K[1A[2K[1A[2K[1A[2K[1A[2K[G
 ───────────────── Importing data ─────────────────

 ✔ Creating ingest job 661ms
 ⣻ Processing the job 16.80s
   ▸ Processed records: ◠
   ▸ Successful records: ◠
   ▸ Failed records: ◠

 Status: InProgress
 Job Id:
 750ct00000URbqDAAT (https://fortra--mergebuild.sandbox.my.salesforce.com/lightn
 ing/setup/AsyncApiJobStatus/page?address=%2F750ct00000URbqDAAT)
 Elapsed Time: 17.80s

[2K[1A[2K[1A[2K[1A[2K[1A[2K[1A[2K[1A[2K[1A[2K[1A[2K[1A[2K[1A[2K[1A[2K[1A[2K[1A[2K[1A[2K[1A[2K[G
 ───────────────── Importing data ─────────────────

 ✔ Creating ingest job 661ms
 ⢿ Processing the job 16.83s
   ▸ Processed records: ◝
   ▸ Successful records: ◠
   ▸ Failed records: ◠

 Status: InProgress
 Job Id:
 750ct00000URbqDAAT (https://fortra--mergebuild.sandbox.my.salesforce.com/lightn
 ing/setup/AsyncApiJobStatus/page?address=%2F750ct00000URbqDAAT)
 Elapsed Time: 17.83s

[2K[1A[2K[1A[2K[1A[2K[1A[2K[1A[2K[1A[2K[1A[2K[1A[2K[1A[2K[1A[2K[1A[2K[1A[2K[1A[2K[1A[2K[1A[2K[G
 ───────────────── Importing data ─────────────────

 ✔ Creating ingest job 661ms
 ⢿ Processing the job 16.86s
   ▸ Processed records: ◝
   ▸ Successful records: ◝
   ▸ Failed records: ◝

 Status: InProgress
 Job Id:
 750ct00000URbqDAAT (https://fortra--mergebuild.sandbox.my.salesforce.com/lightn
 ing/setup/AsyncApiJobStatus/page?address=%2F750ct00000URbqDAAT)
 Elapsed Time: 17.86s

[2K[1A[2K[1A[2K[1A[2K[1A[2K[1A[2K[1A[2K[1A[2K[1A[2K[1A[2K[1A[2K[1A[2K[1A[2K[1A[2K[1A[2K[1A[2K[G
 ───────────────── Importing data ─────────────────

 ✔ Creating ingest job 661ms
 ⢿ Processing the job 16.88s
   ▸ Processed records: ◝
   ▸ Successful records: ◝
   ▸ Failed records: ◝

 Status: InProgress
 Job Id:
 750ct00000URbqDAAT (https://fortra--mergebuild.sandbox.my.salesforce.com/lightn
 ing/setup/AsyncApiJobStatus/page?address=%2F750ct00000URbqDAAT)
 Elapsed Time: 17.89s

[2K[1A[2K[1A[2K[1A[2K[1A[2K[1A[2K[1A[2K[1A[2K[1A[2K[1A[2K[1A[2K[1A[2K[1A[2K[1A[2K[1A[2K[1A[2K[G
 ───────────────── Importing data ─────────────────

 ✔ Creating ingest job 661ms
 ⡿ Processing the job 16.92s
   ▸ Processed records: ◝
   ▸ Successful records: ◝
   ▸ Failed records: ◝

 Status: InProgress
 Job Id:
 750ct00000URbqDAAT (https://fortra--mergebuild.sandbox.my.salesforce.com/lightn
 ing/setup/AsyncApiJobStatus/page?address=%2F750ct00000URbqDAAT)
 Elapsed Time: 17.92s

[2K[1A[2K[1A[2K[1A[2K[1A[2K[1A[2K[1A[2K[1A[2K[1A[2K[1A[2K[1A[2K[1A[2K[1A[2K[1A[2K[1A[2K[1A[2K[G
 ───────────────── Importing data ─────────────────

 ✔ Creating ingest job 661ms
 ⡿ Processing the job 16.94s
   ▸ Processed records: ◞
   ▸ Successful records: ◞
   ▸ Failed records: ◞

 Status: InProgress
 Job Id:
 750ct00000URbqDAAT (https://fortra--mergebuild.sandbox.my.salesforce.com/lightn
 ing/setup/AsyncApiJobStatus/page?address=%2F750ct00000URbqDAAT)
 Elapsed Time: 17.95s

[2K[1A[2K[1A[2K[1A[2K[1A[2K[1A[2K[1A[2K[1A[2K[1A[2K[1A[2K[1A[2K[1A[2K[1A[2K[1A[2K[1A[2K[1A[2K[G
 ───────────────── Importing data ─────────────────

 ✔ Creating ingest job 661ms
 ⣟ Processing the job 16.98s
   ▸ Processed records: ◞
   ▸ Successful records: ◞
   ▸ Failed records: ◞

 Status: InProgress
 Job Id:
 750ct00000URbqDAAT (https://fortra--mergebuild.sandbox.my.salesforce.com/lightn
 ing/setup/AsyncApiJobStatus/page?address=%2F750ct00000URbqDAAT)
 Elapsed Time: 17.99s

[2K[1A[2K[1A[2K[1A[2K[1A[2K[1A[2K[1A[2K[1A[2K[1A[2K[1A[2K[1A[2K[1A[2K[1A[2K[1A[2K[1A[2K[1A[2K[G
 ───────────────── Importing data ─────────────────

 ✔ Creating ingest job 661ms
 ⣟ Processing the job 17.01s
   ▸ Processed records: ◞
   ▸ Successful records: ◞
   ▸ Failed records: ◞

 Status: InProgress
 Job Id:
 750ct00000URbqDAAT (https://fortra--mergebuild.sandbox.my.salesforce.com/lightn
 ing/setup/AsyncApiJobStatus/page?address=%2F750ct00000URbqDAAT)
 Elapsed Time: 18.02s

[2K[1A[2K[1A[2K[1A[2K[1A[2K[1A[2K[1A[2K[1A[2K[1A[2K[1A[2K[1A[2K[1A[2K[1A[2K[1A[2K[1A[2K[1A[2K[G
 ───────────────── Importing data ─────────────────

 ✔ Creating ingest job 661ms
 ⣟ Processing the job 17.04s
   ▸ Processed records: ◡
   ▸ Successful records: ◡
   ▸ Failed records: ◞

 Status: InProgress
 Job Id:
 750ct00000URbqDAAT (https://fortra--mergebuild.sandbox.my.salesforce.com/lightn
 ing/setup/AsyncApiJobStatus/page?address=%2F750ct00000URbqDAAT)
 Elapsed Time: 18.05s

[2K[1A[2K[1A[2K[1A[2K[1A[2K[1A[2K[1A[2K[1A[2K[1A[2K[1A[2K[1A[2K[1A[2K[1A[2K[1A[2K[1A[2K[1A[2K[G
 ───────────────── Importing data ─────────────────

 ✔ Creating ingest job 661ms
 ⣯ Processing the job 17.07s
   ▸ Processed records: ◡
   ▸ Successful records: ◡
   ▸ Failed records: ◡

 Status: InProgress
 Job Id:
 750ct00000URbqDAAT (https://fortra--mergebuild.sandbox.my.salesforce.com/lightn
 ing/setup/AsyncApiJobStatus/page?address=%2F750ct00000URbqDAAT)
 Elapsed Time: 18.08s

[2K[1A[2K[1A[2K[1A[2K[1A[2K[1A[2K[1A[2K[1A[2K[1A[2K[1A[2K[1A[2K[1A[2K[1A[2K[1A[2K[1A[2K[1A[2K[G
 ───────────────── Importing data ─────────────────

 ✔ Creating ingest job 661ms
 ⣯ Processing the job 17.10s
   ▸ Processed records: ◡
   ▸ Successful records: ◡
   ▸ Failed records: ◡

 Status: InProgress
 Job Id:
 750ct00000URbqDAAT (https://fortra--mergebuild.sandbox.my.salesforce.com/lightn
 ing/setup/AsyncApiJobStatus/page?address=%2F750ct00000URbqDAAT)
 Elapsed Time: 18.11s

[2K[1A[2K[1A[2K[1A[2K[1A[2K[1A[2K[1A[2K[1A[2K[1A[2K[1A[2K[1A[2K[1A[2K[1A[2K[1A[2K[1A[2K[1A[2K[G
 ───────────────── Importing data ─────────────────

 ✔ Creating ingest job 661ms
 ⣷ Processing the job 17.13s
   ▸ Processed records: ◟
   ▸ Successful records: ◡
   ▸ Failed records: ◡

 Status: InProgress
 Job Id:
 750ct00000URbqDAAT (https://fortra--mergebuild.sandbox.my.salesforce.com/lightn
 ing/setup/AsyncApiJobStatus/page?address=%2F750ct00000URbqDAAT)
 Elapsed Time: 18.14s

[2K[1A[2K[1A[2K[1A[2K[1A[2K[1A[2K[1A[2K[1A[2K[1A[2K[1A[2K[1A[2K[1A[2K[1A[2K[1A[2K[1A[2K[1A[2K[G
 ───────────────── Importing data ─────────────────

 ✔ Creating ingest job 661ms
 ⣷ Processing the job 17.16s
   ▸ Processed records: ◟
   ▸ Successful records: ◟
   ▸ Failed records: ◟

 Status: InProgress
 Job Id:
 750ct00000URbqDAAT (https://fortra--mergebuild.sandbox.my.salesforce.com/lightn
 ing/setup/AsyncApiJobStatus/page?address=%2F750ct00000URbqDAAT)
 Elapsed Time: 18.17s

[2K[1A[2K[1A[2K[1A[2K[1A[2K[1A[2K[1A[2K[1A[2K[1A[2K[1A[2K[1A[2K[1A[2K[1A[2K[1A[2K[1A[2K[1A[2K[G
 ───────────────── Importing data ─────────────────

 ✔ Creating ingest job 661ms
 ⣷ Processing the job 17.19s
   ▸ Processed records: ◟
   ▸ Successful records: ◟
   ▸ Failed records: ◟

 Status: InProgress
 Job Id:
 750ct00000URbqDAAT (https://fortra--mergebuild.sandbox.my.salesforce.com/lightn
 ing/setup/AsyncApiJobStatus/page?address=%2F750ct00000URbqDAAT)
 Elapsed Time: 18.21s

[2K[1A[2K[1A[2K[1A[2K[1A[2K[1A[2K[1A[2K[1A[2K[1A[2K[1A[2K[1A[2K[1A[2K[1A[2K[1A[2K[1A[2K[1A[2K[G
 ───────────────── Importing data ─────────────────

 ✔ Creating ingest job 661ms
 ⣾ Processing the job 17.22s
   ▸ Processed records: ◜
   ▸ Successful records: ◟
   ▸ Failed records: ◟

 Status: InProgress
 Job Id:
 750ct00000URbqDAAT (https://fortra--mergebuild.sandbox.my.salesforce.com/lightn
 ing/setup/AsyncApiJobStatus/page?address=%2F750ct00000URbqDAAT)
 Elapsed Time: 18.24s

[2K[1A[2K[1A[2K[1A[2K[1A[2K[1A[2K[1A[2K[1A[2K[1A[2K[1A[2K[1A[2K[1A[2K[1A[2K[1A[2K[1A[2K[1A[2K[G
 ───────────────── Importing data ─────────────────

 ✔ Creating ingest job 661ms
 ⣾ Processing the job 17.25s
   ▸ Processed records: ◜
   ▸ Successful records: ◜
   ▸ Failed records: ◜

 Status: InProgress
 Job Id:
 750ct00000URbqDAAT (https://fortra--mergebuild.sandbox.my.salesforce.com/lightn
 ing/setup/AsyncApiJobStatus/page?address=%2F750ct00000URbqDAAT)
 Elapsed Time: 18.26s

[2K[1A[2K[1A[2K[1A[2K[1A[2K[1A[2K[1A[2K[1A[2K[1A[2K[1A[2K[1A[2K[1A[2K[1A[2K[1A[2K[1A[2K[1A[2K[G
 ───────────────── Importing data ─────────────────

 ✔ Creating ingest job 661ms
 ⣽ Processing the job 17.28s
   ▸ Processed records: ◜
   ▸ Successful records: ◜
   ▸ Failed records: ◜

 Status: InProgress
 Job Id:
 750ct00000URbqDAAT (https://fortra--mergebuild.sandbox.my.salesforce.com/lightn
 ing/setup/AsyncApiJobStatus/page?address=%2F750ct00000URbqDAAT)
 Elapsed Time: 18.29s

[2K[1A[2K[1A[2K[1A[2K[1A[2K[1A[2K[1A[2K[1A[2K[1A[2K[1A[2K[1A[2K[1A[2K[1A[2K[1A[2K[1A[2K[1A[2K[G
 ───────────────── Importing data ─────────────────

 ✔ Creating ingest job 661ms
 ⣽ Processing the job 17.31s
   ▸ Processed records: ◠
   ▸ Successful records: ◜
   ▸ Failed records: ◜

 Status: InProgress
 Job Id:
 750ct00000URbqDAAT (https://fortra--mergebuild.sandbox.my.salesforce.com/lightn
 ing/setup/AsyncApiJobStatus/page?address=%2F750ct00000URbqDAAT)
 Elapsed Time: 18.32s

[2K[1A[2K[1A[2K[1A[2K[1A[2K[1A[2K[1A[2K[1A[2K[1A[2K[1A[2K[1A[2K[1A[2K[1A[2K[1A[2K[1A[2K[1A[2K[G
 ───────────────── Importing data ─────────────────

 ✔ Creating ingest job 661ms
 ⣽ Processing the job 17.35s
   ▸ Processed records: ◠
   ▸ Successful records: ◠
   ▸ Failed records: ◠

 Status: InProgress
 Job Id:
 750ct00000URbqDAAT (https://fortra--mergebuild.sandbox.my.salesforce.com/lightn
 ing/setup/AsyncApiJobStatus/page?address=%2F750ct00000URbqDAAT)
 Elapsed Time: 18.35s

[2K[1A[2K[1A[2K[1A[2K[1A[2K[1A[2K[1A[2K[1A[2K[1A[2K[1A[2K[1A[2K[1A[2K[1A[2K[1A[2K[1A[2K[1A[2K[G
 ───────────────── Importing data ─────────────────

 ✔ Creating ingest job 661ms
 ⣻ Processing the job 17.37s
   ▸ Processed records: ◠
   ▸ Successful records: ◠
   ▸ Failed records: ◠

 Status: InProgress
 Job Id:
 750ct00000URbqDAAT (https://fortra--mergebuild.sandbox.my.salesforce.com/lightn
 ing/setup/AsyncApiJobStatus/page?address=%2F750ct00000URbqDAAT)
 Elapsed Time: 18.38s

[2K[1A[2K[1A[2K[1A[2K[1A[2K[1A[2K[1A[2K[1A[2K[1A[2K[1A[2K[1A[2K[1A[2K[1A[2K[1A[2K[1A[2K[1A[2K[G
 ───────────────── Importing data ─────────────────

 ✔ Creating ingest job 661ms
 ⣻ Processing the job 17.40s
   ▸ Processed records: ◝
   ▸ Successful records: ◠
   ▸ Failed records: ◠

 Status: InProgress
 Job Id:
 750ct00000URbqDAAT (https://fortra--mergebuild.sandbox.my.salesforce.com/lightn
 ing/setup/AsyncApiJobStatus/page?address=%2F750ct00000URbqDAAT)
 Elapsed Time: 18.41s

[2K[1A[2K[1A[2K[1A[2K[1A[2K[1A[2K[1A[2K[1A[2K[1A[2K[1A[2K[1A[2K[1A[2K[1A[2K[1A[2K[1A[2K[1A[2K[G
 ───────────────── Importing data ─────────────────

 ✔ Creating ingest job 661ms
 ⢿ Processing the job 17.43s
   ▸ Processed records: ◝
   ▸ Successful records: ◝
   ▸ Failed records: ◝

 Status: InProgress
 Job Id:
 750ct00000URbqDAAT (https://fortra--mergebuild.sandbox.my.salesforce.com/lightn
 ing/setup/AsyncApiJobStatus/page?address=%2F750ct00000URbqDAAT)
 Elapsed Time: 18.44s

[2K[1A[2K[1A[2K[1A[2K[1A[2K[1A[2K[1A[2K[1A[2K[1A[2K[1A[2K[1A[2K[1A[2K[1A[2K[1A[2K[1A[2K[1A[2K[G
 ───────────────── Importing data ─────────────────

 ✔ Creating ingest job 661ms
 ⢿ Processing the job 17.46s
   ▸ Processed records: ◝
   ▸ Successful records: ◝
   ▸ Failed records: ◝

 Status: InProgress
 Job Id:
 750ct00000URbqDAAT (https://fortra--mergebuild.sandbox.my.salesforce.com/lightn
 ing/setup/AsyncApiJobStatus/page?address=%2F750ct00000URbqDAAT)
 Elapsed Time: 18.47s

[2K[1A[2K[1A[2K[1A[2K[1A[2K[1A[2K[1A[2K[1A[2K[1A[2K[1A[2K[1A[2K[1A[2K[1A[2K[1A[2K[1A[2K[1A[2K[G
 ───────────────── Importing data ─────────────────

 ✔ Creating ingest job 661ms
 ⢿ Processing the job 17.49s
   ▸ Processed records: ◞
   ▸ Successful records: ◝
   ▸ Failed records: ◝

 Status: InProgress
 Job Id:
 750ct00000URbqDAAT (https://fortra--mergebuild.sandbox.my.salesforce.com/lightn
 ing/setup/AsyncApiJobStatus/page?address=%2F750ct00000URbqDAAT)
 Elapsed Time: 18.50s

[2K[1A[2K[1A[2K[1A[2K[1A[2K[1A[2K[1A[2K[1A[2K[1A[2K[1A[2K[1A[2K[1A[2K[1A[2K[1A[2K[1A[2K[1A[2K[G
 ───────────────── Importing data ─────────────────

 ✔ Creating ingest job 661ms
 ⡿ Processing the job 17.52s
   ▸ Processed records: ◞
   ▸ Successful records: ◞
   ▸ Failed records: ◞

 Status: InProgress
 Job Id:
 750ct00000URbqDAAT (https://fortra--mergebuild.sandbox.my.salesforce.com/lightn
 ing/setup/AsyncApiJobStatus/page?address=%2F750ct00000URbqDAAT)
 Elapsed Time: 18.53s

[2K[1A[2K[1A[2K[1A[2K[1A[2K[1A[2K[1A[2K[1A[2K[1A[2K[1A[2K[1A[2K[1A[2K[1A[2K[1A[2K[1A[2K[1A[2K[G
 ───────────────── Importing data ─────────────────

 ✔ Creating ingest job 661ms
 ⡿ Processing the job 17.55s
   ▸ Processed records: ◞
   ▸ Successful records: ◞
   ▸ Failed records: ◞

 Status: InProgress
 Job Id:
 750ct00000URbqDAAT (https://fortra--mergebuild.sandbox.my.salesforce.com/lightn
 ing/setup/AsyncApiJobStatus/page?address=%2F750ct00000URbqDAAT)
 Elapsed Time: 18.56s

[2K[1A[2K[1A[2K[1A[2K[1A[2K[1A[2K[1A[2K[1A[2K[1A[2K[1A[2K[1A[2K[1A[2K[1A[2K[1A[2K[1A[2K[1A[2K[G
 ───────────────── Importing data ─────────────────

 ✔ Creating ingest job 661ms
 ⣟ Processing the job 17.58s
   ▸ Processed records: ◡
   ▸ Successful records: ◞
   ▸ Failed records: ◞

 Status: InProgress
 Job Id:
 750ct00000URbqDAAT (https://fortra--mergebuild.sandbox.my.salesforce.com/lightn
 ing/setup/AsyncApiJobStatus/page?address=%2F750ct00000URbqDAAT)
 Elapsed Time: 18.59s

[2K[1A[2K[1A[2K[1A[2K[1A[2K[1A[2K[1A[2K[1A[2K[1A[2K[1A[2K[1A[2K[1A[2K[1A[2K[1A[2K[1A[2K[1A[2K[G
 ───────────────── Importing data ─────────────────

 ✔ Creating ingest job 661ms
 ⣟ Processing the job 17.61s
   ▸ Processed records: ◡
   ▸ Successful records: ◡
   ▸ Failed records: ◡

 Status: InProgress
 Job Id:
 750ct00000URbqDAAT (https://fortra--mergebuild.sandbox.my.salesforce.com/lightn
 ing/setup/AsyncApiJobStatus/page?address=%2F750ct00000URbqDAAT)
 Elapsed Time: 18.62s

[2K[1A[2K[1A[2K[1A[2K[1A[2K[1A[2K[1A[2K[1A[2K[1A[2K[1A[2K[1A[2K[1A[2K[1A[2K[1A[2K[1A[2K[1A[2K[G
 ───────────────── Importing data ─────────────────

 ✔ Creating ingest job 661ms
 ⣟ Processing the job 17.64s
   ▸ Processed records: ◡
   ▸ Successful records: ◡
   ▸ Failed records: ◡

 Status: InProgress
 Job Id:
 750ct00000URbqDAAT (https://fortra--mergebuild.sandbox.my.salesforce.com/lightn
 ing/setup/AsyncApiJobStatus/page?address=%2F750ct00000URbqDAAT)
 Elapsed Time: 18.65s

[2K[1A[2K[1A[2K[1A[2K[1A[2K[1A[2K[1A[2K[1A[2K[1A[2K[1A[2K[1A[2K[1A[2K[1A[2K[1A[2K[1A[2K[1A[2K[G
 ───────────────── Importing data ─────────────────

 ✔ Creating ingest job 661ms
 ⣯ Processing the job 17.67s
   ▸ Processed records: ◟
   ▸ Successful records: ◡
   ▸ Failed records: ◡

 Status: InProgress
 Job Id:
 750ct00000URbqDAAT (https://fortra--mergebuild.sandbox.my.salesforce.com/lightn
 ing/setup/AsyncApiJobStatus/page?address=%2F750ct00000URbqDAAT)
 Elapsed Time: 18.68s

[2K[1A[2K[1A[2K[1A[2K[1A[2K[1A[2K[1A[2K[1A[2K[1A[2K[1A[2K[1A[2K[1A[2K[1A[2K[1A[2K[1A[2K[1A[2K[G
 ───────────────── Importing data ─────────────────

 ✔ Creating ingest job 661ms
 ⣯ Processing the job 17.70s
   ▸ Processed records: ◟
   ▸ Successful records: ◟
   ▸ Failed records: ◟

 Status: InProgress
 Job Id:
 750ct00000URbqDAAT (https://fortra--mergebuild.sandbox.my.salesforce.com/lightn
 ing/setup/AsyncApiJobStatus/page?address=%2F750ct00000URbqDAAT)
 Elapsed Time: 18.71s

[2K[1A[2K[1A[2K[1A[2K[1A[2K[1A[2K[1A[2K[1A[2K[1A[2K[1A[2K[1A[2K[1A[2K[1A[2K[1A[2K[1A[2K[1A[2K[G
 ───────────────── Importing data ─────────────────

 ✔ Creating ingest job 661ms
 ⣷ Processing the job 17.73s
   ▸ Processed records: ◟
   ▸ Successful records: ◟
   ▸ Failed records: ◟

 Status: InProgress
 Job Id:
 750ct00000URbqDAAT (https://fortra--mergebuild.sandbox.my.salesforce.com/lightn
 ing/setup/AsyncApiJobStatus/page?address=%2F750ct00000URbqDAAT)
 Elapsed Time: 18.74s

[2K[1A[2K[1A[2K[1A[2K[1A[2K[1A[2K[1A[2K[1A[2K[1A[2K[1A[2K[1A[2K[1A[2K[1A[2K[1A[2K[1A[2K[1A[2K[G
 ───────────────── Importing data ─────────────────

 ✔ Creating ingest job 661ms
 ⣷ Processing the job 17.76s
   ▸ Processed records: ◟
   ▸ Successful records: ◟
   ▸ Failed records: ◟

 Status: InProgress
 Job Id:
 750ct00000URbqDAAT (https://fortra--mergebuild.sandbox.my.salesforce.com/lightn
 ing/setup/AsyncApiJobStatus/page?address=%2F750ct00000URbqDAAT)
 Elapsed Time: 18.77s

[2K[1A[2K[1A[2K[1A[2K[1A[2K[1A[2K[1A[2K[1A[2K[1A[2K[1A[2K[1A[2K[1A[2K[1A[2K[1A[2K[1A[2K[1A[2K[G
 ───────────────── Importing data ─────────────────

 ✔ Creating ingest job 661ms
 ⣷ Processing the job 17.79s
   ▸ Processed records: ◜
   ▸ Successful records: ◜
   ▸ Failed records: ◟

 Status: InProgress
 Job Id:
 750ct00000URbqDAAT (https://fortra--mergebuild.sandbox.my.salesforce.com/lightn
 ing/setup/AsyncApiJobStatus/page?address=%2F750ct00000URbqDAAT)
 Elapsed Time: 18.81s

[2K[1A[2K[1A[2K[1A[2K[1A[2K[1A[2K[1A[2K[1A[2K[1A[2K[1A[2K[1A[2K[1A[2K[1A[2K[1A[2K[1A[2K[1A[2K[G
 ───────────────── Importing data ─────────────────

 ✔ Creating ingest job 661ms
 ⣾ Processing the job 17.81s
   ▸ Processed records: ◜
   ▸ Successful records: ◜
   ▸ Failed records: ◜

 Status: InProgress
 Job Id:
 750ct00000URbqDAAT (https://fortra--mergebuild.sandbox.my.salesforce.com/lightn
 ing/setup/AsyncApiJobStatus/page?address=%2F750ct00000URbqDAAT)
 Elapsed Time: 18.84s

[2K[1A[2K[1A[2K[1A[2K[1A[2K[1A[2K[1A[2K[1A[2K[1A[2K[1A[2K[1A[2K[1A[2K[1A[2K[1A[2K[1A[2K[1A[2K[G
 ───────────────── Importing data ─────────────────

 ✔ Creating ingest job 661ms
 ⣾ Processing the job 17.84s
   ▸ Processed records: ◜
   ▸ Successful records: ◜
   ▸ Failed records: ◜

 Status: InProgress
 Job Id:
 750ct00000URbqDAAT (https://fortra--mergebuild.sandbox.my.salesforce.com/lightn
 ing/setup/AsyncApiJobStatus/page?address=%2F750ct00000URbqDAAT)
 Elapsed Time: 18.87s

[2K[1A[2K[1A[2K[1A[2K[1A[2K[1A[2K[1A[2K[1A[2K[1A[2K[1A[2K[1A[2K[1A[2K[1A[2K[1A[2K[1A[2K[1A[2K[G
 ───────────────── Importing data ─────────────────

 ✔ Creating ingest job 661ms
 ⣽ Processing the job 17.87s
   ▸ Processed records: ◠
   ▸ Successful records: ◜
   ▸ Failed records: ◜

 Status: InProgress
 Job Id:
 750ct00000URbqDAAT (https://fortra--mergebuild.sandbox.my.salesforce.com/lightn
 ing/setup/AsyncApiJobStatus/page?address=%2F750ct00000URbqDAAT)
 Elapsed Time: 18.90s

[2K[1A[2K[1A[2K[1A[2K[1A[2K[1A[2K[1A[2K[1A[2K[1A[2K[1A[2K[1A[2K[1A[2K[1A[2K[1A[2K[1A[2K[1A[2K[G
 ───────────────── Importing data ─────────────────

 ✔ Creating ingest job 661ms
 ⣽ Processing the job 17.91s
   ▸ Processed records: ◠
   ▸ Successful records: ◠
   ▸ Failed records: ◠

 Status: InProgress
 Job Id:
 750ct00000URbqDAAT (https://fortra--mergebuild.sandbox.my.salesforce.com/lightn
 ing/setup/AsyncApiJobStatus/page?address=%2F750ct00000URbqDAAT)
 Elapsed Time: 18.92s

[2K[1A[2K[1A[2K[1A[2K[1A[2K[1A[2K[1A[2K[1A[2K[1A[2K[1A[2K[1A[2K[1A[2K[1A[2K[1A[2K[1A[2K[1A[2K[G
 ───────────────── Importing data ─────────────────

 ✔ Creating ingest job 661ms
 ⣽ Processing the job 17.93s
   ▸ Processed records: ◠
   ▸ Successful records: ◠
   ▸ Failed records: ◠

 Status: InProgress
 Job Id:
 750ct00000URbqDAAT (https://fortra--mergebuild.sandbox.my.salesforce.com/lightn
 ing/setup/AsyncApiJobStatus/page?address=%2F750ct00000URbqDAAT)
 Elapsed Time: 18.96s

[2K[1A[2K[1A[2K[1A[2K[1A[2K[1A[2K[1A[2K[1A[2K[1A[2K[1A[2K[1A[2K[1A[2K[1A[2K[1A[2K[1A[2K[1A[2K[G
 ───────────────── Importing data ─────────────────

 ✔ Creating ingest job 661ms
 ⣻ Processing the job 17.96s
   ▸ Processed records: ◝
   ▸ Successful records: ◠
   ▸ Failed records: ◠

 Status: InProgress
 Job Id:
 750ct00000URbqDAAT (https://fortra--mergebuild.sandbox.my.salesforce.com/lightn
 ing/setup/AsyncApiJobStatus/page?address=%2F750ct00000URbqDAAT)
 Elapsed Time: 18.99s

[2K[1A[2K[1A[2K[1A[2K[1A[2K[1A[2K[1A[2K[1A[2K[1A[2K[1A[2K[1A[2K[1A[2K[1A[2K[1A[2K[1A[2K[1A[2K[G
 ───────────────── Importing data ─────────────────

 ✔ Creating ingest job 661ms
 ⣻ Processing the job 17.99s
   ▸ Processed records: ◝
   ▸ Successful records: ◝
   ▸ Failed records: ◝

 Status: InProgress
 Job Id:
 750ct00000URbqDAAT (https://fortra--mergebuild.sandbox.my.salesforce.com/lightn
 ing/setup/AsyncApiJobStatus/page?address=%2F750ct00000URbqDAAT)
 Elapsed Time: 19.02s

[2K[1A[2K[1A[2K[1A[2K[1A[2K[1A[2K[1A[2K[1A[2K[1A[2K[1A[2K[1A[2K[1A[2K[1A[2K[1A[2K[1A[2K[1A[2K[G
 ───────────────── Importing data ─────────────────

 ✔ Creating ingest job 661ms
 ⢿ Processing the job 18.03s
   ▸ Processed records: ◝
   ▸ Successful records: ◝
   ▸ Failed records: ◝

 Status: InProgress
 Job Id:
 750ct00000URbqDAAT (https://fortra--mergebuild.sandbox.my.salesforce.com/lightn
 ing/setup/AsyncApiJobStatus/page?address=%2F750ct00000URbqDAAT)
 Elapsed Time: 19.05s

[2K[1A[2K[1A[2K[1A[2K[1A[2K[1A[2K[1A[2K[1A[2K[1A[2K[1A[2K[1A[2K[1A[2K[1A[2K[1A[2K[1A[2K[1A[2K[G
 ───────────────── Importing data ─────────────────

 ✔ Creating ingest job 661ms
 ⢿ Processing the job 18.06s
   ▸ Processed records: ◞
   ▸ Successful records: ◝
   ▸ Failed records: ◝

 Status: InProgress
 Job Id:
 750ct00000URbqDAAT (https://fortra--mergebuild.sandbox.my.salesforce.com/lightn
 ing/setup/AsyncApiJobStatus/page?address=%2F750ct00000URbqDAAT)
 Elapsed Time: 19.08s

[2K[1A[2K[1A[2K[1A[2K[1A[2K[1A[2K[1A[2K[1A[2K[1A[2K[1A[2K[1A[2K[1A[2K[1A[2K[1A[2K[1A[2K[1A[2K[G
 ───────────────── Importing data ─────────────────

 ✔ Creating ingest job 661ms
 ⢿ Processing the job 18.09s
   ▸ Processed records: ◞
   ▸ Successful records: ◞
   ▸ Failed records: ◞

 Status: InProgress
 Job Id:
 750ct00000URbqDAAT (https://fortra--mergebuild.sandbox.my.salesforce.com/lightn
 ing/setup/AsyncApiJobStatus/page?address=%2F750ct00000URbqDAAT)
 Elapsed Time: 19.11s

[2K[1A[2K[1A[2K[1A[2K[1A[2K[1A[2K[1A[2K[1A[2K[1A[2K[1A[2K[1A[2K[1A[2K[1A[2K[1A[2K[1A[2K[1A[2K[G
 ───────────────── Importing data ─────────────────

 ✔ Creating ingest job 661ms
 ⡿ Processing the job 18.12s
   ▸ Processed records: ◞
   ▸ Successful records: ◞
   ▸ Failed records: ◞

 Status: InProgress
 Job Id:
 750ct00000URbqDAAT (https://fortra--mergebuild.sandbox.my.salesforce.com/lightn
 ing/setup/AsyncApiJobStatus/page?address=%2F750ct00000URbqDAAT)
 Elapsed Time: 19.14s

[2K[1A[2K[1A[2K[1A[2K[1A[2K[1A[2K[1A[2K[1A[2K[1A[2K[1A[2K[1A[2K[1A[2K[1A[2K[1A[2K[1A[2K[1A[2K[G
 ───────────────── Importing data ─────────────────

 ✔ Creating ingest job 661ms
 ⡿ Processing the job 18.15s
   ▸ Processed records: ◡
   ▸ Successful records: ◞
   ▸ Failed records: ◞

 Status: InProgress
 Job Id:
 750ct00000URbqDAAT (https://fortra--mergebuild.sandbox.my.salesforce.com/lightn
 ing/setup/AsyncApiJobStatus/page?address=%2F750ct00000URbqDAAT)
 Elapsed Time: 19.17s

[2K[1A[2K[1A[2K[1A[2K[1A[2K[1A[2K[1A[2K[1A[2K[1A[2K[1A[2K[1A[2K[1A[2K[1A[2K[1A[2K[1A[2K[1A[2K[G
 ───────────────── Importing data ─────────────────

 ✔ Creating ingest job 661ms
 ⣟ Processing the job 18.18s
   ▸ Processed records: ◡
   ▸ Successful records: ◡
   ▸ Failed records: ◡

 Status: InProgress
 Job Id:
 750ct00000URbqDAAT (https://fortra--mergebuild.sandbox.my.salesforce.com/lightn
 ing/setup/AsyncApiJobStatus/page?address=%2F750ct00000URbqDAAT)
 Elapsed Time: 19.20s

[2K[1A[2K[1A[2K[1A[2K[1A[2K[1A[2K[1A[2K[1A[2K[1A[2K[1A[2K[1A[2K[1A[2K[1A[2K[1A[2K[1A[2K[1A[2K[G
 ───────────────── Importing data ─────────────────

 ✔ Creating ingest job 661ms
 ⣟ Processing the job 18.21s
   ▸ Processed records: ◡
   ▸ Successful records: ◡
   ▸ Failed records: ◡

 Status: InProgress
 Job Id:
 750ct00000URbqDAAT (https://fortra--mergebuild.sandbox.my.salesforce.com/lightn
 ing/setup/AsyncApiJobStatus/page?address=%2F750ct00000URbqDAAT)
 Elapsed Time: 19.23s

[2K[1A[2K[1A[2K[1A[2K[1A[2K[1A[2K[1A[2K[1A[2K[1A[2K[1A[2K[1A[2K[1A[2K[1A[2K[1A[2K[1A[2K[1A[2K[G
 ───────────────── Importing data ─────────────────

 ✔ Creating ingest job 661ms
 ⣟ Processing the job 18.24s
   ▸ Processed records: ◟
   ▸ Successful records: ◡
   ▸ Failed records: ◡

 Status: InProgress
 Job Id:
 750ct00000URbqDAAT (https://fortra--mergebuild.sandbox.my.salesforce.com/lightn
 ing/setup/AsyncApiJobStatus/page?address=%2F750ct00000URbqDAAT)
 Elapsed Time: 19.26s

[2K[1A[2K[1A[2K[1A[2K[1A[2K[1A[2K[1A[2K[1A[2K[1A[2K[1A[2K[1A[2K[1A[2K[1A[2K[1A[2K[1A[2K[1A[2K[G
 ───────────────── Importing data ─────────────────

 ✔ Creating ingest job 661ms
 ⣯ Processing the job 18.27s
   ▸ Processed records: ◟
   ▸ Successful records: ◟
   ▸ Failed records: ◟

 Status: InProgress
 Job Id:
 750ct00000URbqDAAT (https://fortra--mergebuild.sandbox.my.salesforce.com/lightn
 ing/setup/AsyncApiJobStatus/page?address=%2F750ct00000URbqDAAT)
 Elapsed Time: 19.29s

[2K[1A[2K[1A[2K[1A[2K[1A[2K[1A[2K[1A[2K[1A[2K[1A[2K[1A[2K[1A[2K[1A[2K[1A[2K[1A[2K[1A[2K[1A[2K[G
 ───────────────── Importing data ─────────────────

 ✔ Creating ingest job 661ms
 ⣯ Processing the job 18.30s
   ▸ Processed records: ◟
   ▸ Successful records: ◟
   ▸ Failed records: ◟

 Status: InProgress
 Job Id:
 750ct00000URbqDAAT (https://fortra--mergebuild.sandbox.my.salesforce.com/lightn
 ing/setup/AsyncApiJobStatus/page?address=%2F750ct00000URbqDAAT)
 Elapsed Time: 19.32s

[2K[1A[2K[1A[2K[1A[2K[1A[2K[1A[2K[1A[2K[1A[2K[1A[2K[1A[2K[1A[2K[1A[2K[1A[2K[1A[2K[1A[2K[1A[2K[G
 ───────────────── Importing data ─────────────────

 ✔ Creating ingest job 661ms
 ⣷ Processing the job 18.33s
   ▸ Processed records: ◜
   ▸ Successful records: ◟
   ▸ Failed records: ◟

 Status: InProgress
 Job Id:
 750ct00000URbqDAAT (https://fortra--mergebuild.sandbox.my.salesforce.com/lightn
 ing/setup/AsyncApiJobStatus/page?address=%2F750ct00000URbqDAAT)
 Elapsed Time: 19.35s

[2K[1A[2K[1A[2K[1A[2K[1A[2K[1A[2K[1A[2K[1A[2K[1A[2K[1A[2K[1A[2K[1A[2K[1A[2K[1A[2K[1A[2K[1A[2K[G
 ───────────────── Importing data ─────────────────

 ✔ Creating ingest job 661ms
 ⣷ Processing the job 18.36s
   ▸ Processed records: ◜
   ▸ Successful records: ◜
   ▸ Failed records: ◜

 Status: InProgress
 Job Id:
 750ct00000URbqDAAT (https://fortra--mergebuild.sandbox.my.salesforce.com/lightn
 ing/setup/AsyncApiJobStatus/page?address=%2F750ct00000URbqDAAT)
 Elapsed Time: 19.38s

[2K[1A[2K[1A[2K[1A[2K[1A[2K[1A[2K[1A[2K[1A[2K[1A[2K[1A[2K[1A[2K[1A[2K[1A[2K[1A[2K[1A[2K[1A[2K[G
 ───────────────── Importing data ─────────────────

 ✔ Creating ingest job 661ms
 ⣷ Processing the job 18.39s
   ▸ Processed records: ◜
   ▸ Successful records: ◜
   ▸ Failed records: ◜

 Status: InProgress
 Job Id:
 750ct00000URbqDAAT (https://fortra--mergebuild.sandbox.my.salesforce.com/lightn
 ing/setup/AsyncApiJobStatus/page?address=%2F750ct00000URbqDAAT)
 Elapsed Time: 19.41s

[2K[1A[2K[1A[2K[1A[2K[1A[2K[1A[2K[1A[2K[1A[2K[1A[2K[1A[2K[1A[2K[1A[2K[1A[2K[1A[2K[1A[2K[1A[2K[G
 ───────────────── Importing data ─────────────────

 ✔ Creating ingest job 661ms
 ⣾ Processing the job 18.42s
   ▸ Processed records: ◠
   ▸ Successful records: ◜
   ▸ Failed records: ◜

 Status: InProgress
 Job Id:
 750ct00000URbqDAAT (https://fortra--mergebuild.sandbox.my.salesforce.com/lightn
 ing/setup/AsyncApiJobStatus/page?address=%2F750ct00000URbqDAAT)
 Elapsed Time: 19.43s

[2K[1A[2K[1A[2K[1A[2K[1A[2K[1A[2K[1A[2K[1A[2K[1A[2K[1A[2K[1A[2K[1A[2K[1A[2K[1A[2K[1A[2K[1A[2K[G
 ───────────────── Importing data ─────────────────

 ✔ Creating ingest job 661ms
 ⣾ Processing the job 18.45s
   ▸ Processed records: ◠
   ▸ Successful records: ◠
   ▸ Failed records: ◠

 Status: InProgress
 Job Id:
 750ct00000URbqDAAT (https://fortra--mergebuild.sandbox.my.salesforce.com/lightn
 ing/setup/AsyncApiJobStatus/page?address=%2F750ct00000URbqDAAT)
 Elapsed Time: 19.46s

[2K[1A[2K[1A[2K[1A[2K[1A[2K[1A[2K[1A[2K[1A[2K[1A[2K[1A[2K[1A[2K[1A[2K[1A[2K[1A[2K[1A[2K[1A[2K[G
 ───────────────── Importing data ─────────────────

 ✔ Creating ingest job 661ms
 ⣽ Processing the job 18.48s
   ▸ Processed records: ◠
   ▸ Successful records: ◠
   ▸ Failed records: ◠

 Status: InProgress
 Job Id:
 750ct00000URbqDAAT (https://fortra--mergebuild.sandbox.my.salesforce.com/lightn
 ing/setup/AsyncApiJobStatus/page?address=%2F750ct00000URbqDAAT)
 Elapsed Time: 19.5s

[2K[1A[2K[1A[2K[1A[2K[1A[2K[1A[2K[1A[2K[1A[2K[1A[2K[1A[2K[1A[2K[1A[2K[1A[2K[1A[2K[1A[2K[1A[2K[G
 ───────────────── Importing data ─────────────────

 ✔ Creating ingest job 661ms
 ⣽ Processing the job 18.51s
   ▸ Processed records: ◠
   ▸ Successful records: ◠
   ▸ Failed records: ◠

 Status: InProgress
 Job Id:
 750ct00000URbqDAAT (https://fortra--mergebuild.sandbox.my.salesforce.com/lightn
 ing/setup/AsyncApiJobStatus/page?address=%2F750ct00000URbqDAAT)
 Elapsed Time: 19.52s

[2K[1A[2K[1A[2K[1A[2K[1A[2K[1A[2K[1A[2K[1A[2K[1A[2K[1A[2K[1A[2K[1A[2K[1A[2K[1A[2K[1A[2K[1A[2K[G
 ───────────────── Importing data ─────────────────

 ✔ Creating ingest job 661ms
 ⣽ Processing the job 18.55s
   ▸ Processed records: ◝
   ▸ Successful records: ◝
   ▸ Failed records: ◝

 Status: InProgress
 Job Id:
 750ct00000URbqDAAT (https://fortra--mergebuild.sandbox.my.salesforce.com/lightn
 ing/setup/AsyncApiJobStatus/page?address=%2F750ct00000URbqDAAT)
 Elapsed Time: 19.55s

[2K[1A[2K[1A[2K[1A[2K[1A[2K[1A[2K[1A[2K[1A[2K[1A[2K[1A[2K[1A[2K[1A[2K[1A[2K[1A[2K[1A[2K[1A[2K[G
 ───────────────── Importing data ─────────────────

 ✔ Creating ingest job 661ms
 ⣻ Processing the job 18.57s
   ▸ Processed records: ◝
   ▸ Successful records: ◝
   ▸ Failed records: ◝

 Status: InProgress
 Job Id:
 750ct00000URbqDAAT (https://fortra--mergebuild.sandbox.my.salesforce.com/lightn
 ing/setup/AsyncApiJobStatus/page?address=%2F750ct00000URbqDAAT)
 Elapsed Time: 19.58s

[2K[1A[2K[1A[2K[1A[2K[1A[2K[1A[2K[1A[2K[1A[2K[1A[2K[1A[2K[1A[2K[1A[2K[1A[2K[1A[2K[1A[2K[1A[2K[G
 ───────────────── Importing data ─────────────────

 ✔ Creating ingest job 661ms
 ⣻ Processing the job 18.60s
   ▸ Processed records: ◝
   ▸ Successful records: ◝
   ▸ Failed records: ◝

 Status: InProgress
 Job Id:
 750ct00000URbqDAAT (https://fortra--mergebuild.sandbox.my.salesforce.com/lightn
 ing/setup/AsyncApiJobStatus/page?address=%2F750ct00000URbqDAAT)
 Elapsed Time: 19.61s

[2K[1A[2K[1A[2K[1A[2K[1A[2K[1A[2K[1A[2K[1A[2K[1A[2K[1A[2K[1A[2K[1A[2K[1A[2K[1A[2K[1A[2K[1A[2K[G
 ───────────────── Importing data ─────────────────

 ✔ Creating ingest job 661ms
 ⢿ Processing the job 18.64s
   ▸ Processed records: ◞
   ▸ Successful records: ◝
   ▸ Failed records: ◝

 Status: InProgress
 Job Id:
 750ct00000URbqDAAT (https://fortra--mergebuild.sandbox.my.salesforce.com/lightn
 ing/setup/AsyncApiJobStatus/page?address=%2F750ct00000URbqDAAT)
 Elapsed Time: 19.64s

[2K[1A[2K[1A[2K[1A[2K[1A[2K[1A[2K[1A[2K[1A[2K[1A[2K[1A[2K[1A[2K[1A[2K[1A[2K[1A[2K[1A[2K[1A[2K[G
 ───────────────── Importing data ─────────────────

 ✔ Creating ingest job 661ms
 ⢿ Processing the job 18.66s
   ▸ Processed records: ◞
   ▸ Successful records: ◞
   ▸ Failed records: ◞

 Status: InProgress
 Job Id:
 750ct00000URbqDAAT (https://fortra--mergebuild.sandbox.my.salesforce.com/lightn
 ing/setup/AsyncApiJobStatus/page?address=%2F750ct00000URbqDAAT)
 Elapsed Time: 19.67s

[2K[1A[2K[1A[2K[1A[2K[1A[2K[1A[2K[1A[2K[1A[2K[1A[2K[1A[2K[1A[2K[1A[2K[1A[2K[1A[2K[1A[2K[1A[2K[G
 ───────────────── Importing data ─────────────────

 ✔ Creating ingest job 661ms
 ⢿ Processing the job 18.70s
   ▸ Processed records: ◞
   ▸ Successful records: ◞
   ▸ Failed records: ◞

 Status: InProgress
 Job Id:
 750ct00000URbqDAAT (https://fortra--mergebuild.sandbox.my.salesforce.com/lightn
 ing/setup/AsyncApiJobStatus/page?address=%2F750ct00000URbqDAAT)
 Elapsed Time: 19.70s

[2K[1A[2K[1A[2K[1A[2K[1A[2K[1A[2K[1A[2K[1A[2K[1A[2K[1A[2K[1A[2K[1A[2K[1A[2K[1A[2K[1A[2K[1A[2K[G
 ───────────────── Importing data ─────────────────

 ✔ Creating ingest job 661ms
 ⡿ Processing the job 18.73s
   ▸ Processed records: ◡
   ▸ Successful records: ◞
   ▸ Failed records: ◞

 Status: InProgress
 Job Id:
 750ct00000URbqDAAT (https://fortra--mergebuild.sandbox.my.salesforce.com/lightn
 ing/setup/AsyncApiJobStatus/page?address=%2F750ct00000URbqDAAT)
 Elapsed Time: 19.74s

[2K[1A[2K[1A[2K[1A[2K[1A[2K[1A[2K[1A[2K[1A[2K[1A[2K[1A[2K[1A[2K[1A[2K[1A[2K[1A[2K[1A[2K[1A[2K[G
 ───────────────── Importing data ─────────────────

 ✔ Creating ingest job 661ms
 ⡿ Processing the job 18.76s
   ▸ Processed records: ◡
   ▸ Successful records: ◡
   ▸ Failed records: ◡

 Status: InProgress
 Job Id:
 750ct00000URbqDAAT (https://fortra--mergebuild.sandbox.my.salesforce.com/lightn
 ing/setup/AsyncApiJobStatus/page?address=%2F750ct00000URbqDAAT)
 Elapsed Time: 19.76s

[2K[1A[2K[1A[2K[1A[2K[1A[2K[1A[2K[1A[2K[1A[2K[1A[2K[1A[2K[1A[2K[1A[2K[1A[2K[1A[2K[1A[2K[1A[2K[G
 ───────────────── Importing data ─────────────────

 ✔ Creating ingest job 661ms
 ⣟ Processing the job 18.79s
   ▸ Processed records: ◡
   ▸ Successful records: ◡
   ▸ Failed records: ◡

 Status: InProgress
 Job Id:
 750ct00000URbqDAAT (https://fortra--mergebuild.sandbox.my.salesforce.com/lightn
 ing/setup/AsyncApiJobStatus/page?address=%2F750ct00000URbqDAAT)
 Elapsed Time: 19.80s

[2K[1A[2K[1A[2K[1A[2K[1A[2K[1A[2K[1A[2K[1A[2K[1A[2K[1A[2K[1A[2K[1A[2K[1A[2K[1A[2K[1A[2K[1A[2K[G
 ───────────────── Importing data ─────────────────

 ✔ Creating ingest job 661ms
 ⣟ Processing the job 18.82s
   ▸ Processed records: ◟
   ▸ Successful records: ◡
   ▸ Failed records: ◡

 Status: InProgress
 Job Id:
 750ct00000URbqDAAT (https://fortra--mergebuild.sandbox.my.salesforce.com/lightn
 ing/setup/AsyncApiJobStatus/page?address=%2F750ct00000URbqDAAT)
 Elapsed Time: 19.82s

[2K[1A[2K[1A[2K[1A[2K[1A[2K[1A[2K[1A[2K[1A[2K[1A[2K[1A[2K[1A[2K[1A[2K[1A[2K[1A[2K[1A[2K[1A[2K[G
 ───────────────── Importing data ─────────────────

 ✔ Creating ingest job 661ms
 ⣟ Processing the job 18.85s
   ▸ Processed records: ◟
   ▸ Successful records: ◟
   ▸ Failed records: ◟

 Status: InProgress
 Job Id:
 750ct00000URbqDAAT (https://fortra--mergebuild.sandbox.my.salesforce.com/lightn
 ing/setup/AsyncApiJobStatus/page?address=%2F750ct00000URbqDAAT)
 Elapsed Time: 19.85s

[2K[1A[2K[1A[2K[1A[2K[1A[2K[1A[2K[1A[2K[1A[2K[1A[2K[1A[2K[1A[2K[1A[2K[1A[2K[1A[2K[1A[2K[1A[2K[G
 ───────────────── Importing data ─────────────────

 ✔ Creating ingest job 661ms
 ⣯ Processing the job 18.88s
   ▸ Processed records: ◟
   ▸ Successful records: ◟
   ▸ Failed records: ◟

 Status: InProgress
 Job Id:
 750ct00000URbqDAAT (https://fortra--mergebuild.sandbox.my.salesforce.com/lightn
 ing/setup/AsyncApiJobStatus/page?address=%2F750ct00000URbqDAAT)
 Elapsed Time: 19.88s

[2K[1A[2K[1A[2K[1A[2K[1A[2K[1A[2K[1A[2K[1A[2K[1A[2K[1A[2K[1A[2K[1A[2K[1A[2K[1A[2K[1A[2K[1A[2K[G
 ───────────────── Importing data ─────────────────

 ✔ Creating ingest job 661ms
 ⣯ Processing the job 18.91s
   ▸ Processed records: ◜
   ▸ Successful records: ◟
   ▸ Failed records: ◟

 Status: InProgress
 Job Id:
 750ct00000URbqDAAT (https://fortra--mergebuild.sandbox.my.salesforce.com/lightn
 ing/setup/AsyncApiJobStatus/page?address=%2F750ct00000URbqDAAT)
 Elapsed Time: 19.91s

[2K[1A[2K[1A[2K[1A[2K[1A[2K[1A[2K[1A[2K[1A[2K[1A[2K[1A[2K[1A[2K[1A[2K[1A[2K[1A[2K[1A[2K[1A[2K[G
 ───────────────── Importing data ─────────────────

 ✔ Creating ingest job 661ms
 ⣷ Processing the job 18.94s
   ▸ Processed records: ◜
   ▸ Successful records: ◜
   ▸ Failed records: ◜

 Status: InProgress
 Job Id:
 750ct00000URbqDAAT (https://fortra--mergebuild.sandbox.my.salesforce.com/lightn
 ing/setup/AsyncApiJobStatus/page?address=%2F750ct00000URbqDAAT)
 Elapsed Time: 19.94s

[2K[1A[2K[1A[2K[1A[2K[1A[2K[1A[2K[1A[2K[1A[2K[1A[2K[1A[2K[1A[2K[1A[2K[1A[2K[1A[2K[1A[2K[1A[2K[G
 ───────────────── Importing data ─────────────────

 ✔ Creating ingest job 661ms
 ⣷ Processing the job 18.96s
   ▸ Processed records: ◜
   ▸ Successful records: ◜
   ▸ Failed records: ◜

 Status: InProgress
 Job Id:
 750ct00000URbqDAAT (https://fortra--mergebuild.sandbox.my.salesforce.com/lightn
 ing/setup/AsyncApiJobStatus/page?address=%2F750ct00000URbqDAAT)
 Elapsed Time: 19.97s

[2K[1A[2K[1A[2K[1A[2K[1A[2K[1A[2K[1A[2K[1A[2K[1A[2K[1A[2K[1A[2K[1A[2K[1A[2K[1A[2K[1A[2K[1A[2K[G
 ───────────────── Importing data ─────────────────

 ✔ Creating ingest job 661ms
 ⣷ Processing the job 18.99s
   ▸ Processed records: ◠
   ▸ Successful records: ◜
   ▸ Failed records: ◜

 Status: InProgress
 Job Id:
 750ct00000URbqDAAT (https://fortra--mergebuild.sandbox.my.salesforce.com/lightn
 ing/setup/AsyncApiJobStatus/page?address=%2F750ct00000URbqDAAT)
 Elapsed Time: 20.00s

[2K[1A[2K[1A[2K[1A[2K[1A[2K[1A[2K[1A[2K[1A[2K[1A[2K[1A[2K[1A[2K[1A[2K[1A[2K[1A[2K[1A[2K[1A[2K[G
 ───────────────── Importing data ─────────────────

 ✔ Creating ingest job 661ms
 ⣾ Processing the job 19.02s
   ▸ Processed records: ◠
   ▸ Successful records: ◠
   ▸ Failed records: ◠

 Status: InProgress
 Job Id:
 750ct00000URbqDAAT (https://fortra--mergebuild.sandbox.my.salesforce.com/lightn
 ing/setup/AsyncApiJobStatus/page?address=%2F750ct00000URbqDAAT)
 Elapsed Time: 20.03s

[2K[1A[2K[1A[2K[1A[2K[1A[2K[1A[2K[1A[2K[1A[2K[1A[2K[1A[2K[1A[2K[1A[2K[1A[2K[1A[2K[1A[2K[1A[2K[G
 ───────────────── Importing data ─────────────────

 ✔ Creating ingest job 661ms
 ⣾ Processing the job 19.05s
   ▸ Processed records: ◠
   ▸ Successful records: ◠
   ▸ Failed records: ◠

 Status: InProgress
 Job Id:
 750ct00000URbqDAAT (https://fortra--mergebuild.sandbox.my.salesforce.com/lightn
 ing/setup/AsyncApiJobStatus/page?address=%2F750ct00000URbqDAAT)
 Elapsed Time: 20.07s

[2K[1A[2K[1A[2K[1A[2K[1A[2K[1A[2K[1A[2K[1A[2K[1A[2K[1A[2K[1A[2K[1A[2K[1A[2K[1A[2K[1A[2K[1A[2K[G
 ───────────────── Importing data ─────────────────

 ✔ Creating ingest job 661ms
 ⣽ Processing the job 19.08s
   ▸ Processed records: ◝
   ▸ Successful records: ◠
   ▸ Failed records: ◠

 Status: InProgress
 Job Id:
 750ct00000URbqDAAT (https://fortra--mergebuild.sandbox.my.salesforce.com/lightn
 ing/setup/AsyncApiJobStatus/page?address=%2F750ct00000URbqDAAT)
 Elapsed Time: 20.09s

[2K[1A[2K[1A[2K[1A[2K[1A[2K[1A[2K[1A[2K[1A[2K[1A[2K[1A[2K[1A[2K[1A[2K[1A[2K[1A[2K[1A[2K[1A[2K[G
 ───────────────── Importing data ─────────────────

 ✔ Creating ingest job 661ms
 ⣽ Processing the job 19.11s
   ▸ Processed records: ◝
   ▸ Successful records: ◝
   ▸ Failed records: ◝

 Status: InProgress
 Job Id:
 750ct00000URbqDAAT (https://fortra--mergebuild.sandbox.my.salesforce.com/lightn
 ing/setup/AsyncApiJobStatus/page?address=%2F750ct00000URbqDAAT)
 Elapsed Time: 20.12s

[2K[1A[2K[1A[2K[1A[2K[1A[2K[1A[2K[1A[2K[1A[2K[1A[2K[1A[2K[1A[2K[1A[2K[1A[2K[1A[2K[1A[2K[1A[2K[G
 ───────────────── Importing data ─────────────────

 ✔ Creating ingest job 661ms
 ⣽ Processing the job 19.14s
   ▸ Processed records: ◝
   ▸ Successful records: ◝
   ▸ Failed records: ◝

 Status: InProgress
 Job Id:
 750ct00000URbqDAAT (https://fortra--mergebuild.sandbox.my.salesforce.com/lightn
 ing/setup/AsyncApiJobStatus/page?address=%2F750ct00000URbqDAAT)
 Elapsed Time: 20.15s

[2K[1A[2K[1A[2K[1A[2K[1A[2K[1A[2K[1A[2K[1A[2K[1A[2K[1A[2K[1A[2K[1A[2K[1A[2K[1A[2K[1A[2K[1A[2K[G
 ───────────────── Importing data ─────────────────

 ✔ Creating ingest job 661ms
 ⣻ Processing the job 19.17s
   ▸ Processed records: ◝
   ▸ Successful records: ◝
   ▸ Failed records: ◝

 Status: InProgress
 Job Id:
 750ct00000URbqDAAT (https://fortra--mergebuild.sandbox.my.salesforce.com/lightn
 ing/setup/AsyncApiJobStatus/page?address=%2F750ct00000URbqDAAT)
 Elapsed Time: 20.17s

[2K[1A[2K[1A[2K[1A[2K[1A[2K[1A[2K[1A[2K[1A[2K[1A[2K[1A[2K[1A[2K[1A[2K[1A[2K[1A[2K[1A[2K[1A[2K[G
 ───────────────── Importing data ─────────────────

 ✔ Creating ingest job 661ms
 ⣻ Processing the job 19.21s
   ▸ Processed records: ◞
   ▸ Successful records: ◞
   ▸ Failed records: ◞

 Status: InProgress
 Job Id:
 750ct00000URbqDAAT (https://fortra--mergebuild.sandbox.my.salesforce.com/lightn
 ing/setup/AsyncApiJobStatus/page?address=%2F750ct00000URbqDAAT)
 Elapsed Time: 20.20s

[2K[1A[2K[1A[2K[1A[2K[1A[2K[1A[2K[1A[2K[1A[2K[1A[2K[1A[2K[1A[2K[1A[2K[1A[2K[1A[2K[1A[2K[1A[2K[G
 ───────────────── Importing data ─────────────────

 ✔ Creating ingest job 661ms
 ⢿ Processing the job 19.23s
   ▸ Processed records: ◞
   ▸ Successful records: ◞
   ▸ Failed records: ◞

 Status: InProgress
 Job Id:
 750ct00000URbqDAAT (https://fortra--mergebuild.sandbox.my.salesforce.com/lightn
 ing/setup/AsyncApiJobStatus/page?address=%2F750ct00000URbqDAAT)
 Elapsed Time: 20.23s

[2K[1A[2K[1A[2K[1A[2K[1A[2K[1A[2K[1A[2K[1A[2K[1A[2K[1A[2K[1A[2K[1A[2K[1A[2K[1A[2K[1A[2K[1A[2K[G
 ───────────────── Importing data ─────────────────

 ✔ Creating ingest job 661ms
 ⢿ Processing the job 19.26s
   ▸ Processed records: ◞
   ▸ Successful records: ◞
   ▸ Failed records: ◞

 Status: InProgress
 Job Id:
 750ct00000URbqDAAT (https://fortra--mergebuild.sandbox.my.salesforce.com/lightn
 ing/setup/AsyncApiJobStatus/page?address=%2F750ct00000URbqDAAT)
 Elapsed Time: 20.27s

[2K[1A[2K[1A[2K[1A[2K[1A[2K[1A[2K[1A[2K[1A[2K[1A[2K[1A[2K[1A[2K[1A[2K[1A[2K[1A[2K[1A[2K[1A[2K[G
 ───────────────── Importing data ─────────────────

 ✔ Creating ingest job 661ms
 ⢿ Processing the job 19.29s
   ▸ Processed records: ◡
   ▸ Successful records: ◡
   ▸ Failed records: ◡

 Status: InProgress
 Job Id:
 750ct00000URbqDAAT (https://fortra--mergebuild.sandbox.my.salesforce.com/lightn
 ing/setup/AsyncApiJobStatus/page?address=%2F750ct00000URbqDAAT)
 Elapsed Time: 20.30s

[2K[1A[2K[1A[2K[1A[2K[1A[2K[1A[2K[1A[2K[1A[2K[1A[2K[1A[2K[1A[2K[1A[2K[1A[2K[1A[2K[1A[2K[1A[2K[G
 ───────────────── Importing data ─────────────────

 ✔ Creating ingest job 661ms
 ⡿ Processing the job 19.32s
   ▸ Processed records: ◡
   ▸ Successful records: ◡
   ▸ Failed records: ◡

 Status: InProgress
 Job Id:
 750ct00000URbqDAAT (https://fortra--mergebuild.sandbox.my.salesforce.com/lightn
 ing/setup/AsyncApiJobStatus/page?address=%2F750ct00000URbqDAAT)
 Elapsed Time: 20.32s

[2K[1A[2K[1A[2K[1A[2K[1A[2K[1A[2K[1A[2K[1A[2K[1A[2K[1A[2K[1A[2K[1A[2K[1A[2K[1A[2K[1A[2K[1A[2K[G
 ───────────────── Importing data ─────────────────

 ✔ Creating ingest job 661ms
 ⡿ Processing the job 19.35s
   ▸ Processed records: ◡
   ▸ Successful records: ◡
   ▸ Failed records: ◡

 Status: InProgress
 Job Id:
 750ct00000URbqDAAT (https://fortra--mergebuild.sandbox.my.salesforce.com/lightn
 ing/setup/AsyncApiJobStatus/page?address=%2F750ct00000URbqDAAT)
 Elapsed Time: 20.36s

[2K[1A[2K[1A[2K[1A[2K[1A[2K[1A[2K[1A[2K[1A[2K[1A[2K[1A[2K[1A[2K[1A[2K[1A[2K[1A[2K[1A[2K[1A[2K[G
 ───────────────── Importing data ─────────────────

 ✔ Creating ingest job 661ms
 ⣟ Processing the job 19.38s
   ▸ Processed records: ◟
   ▸ Successful records: ◟
   ▸ Failed records: ◡

 Status: InProgress
 Job Id:
 750ct00000URbqDAAT (https://fortra--mergebuild.sandbox.my.salesforce.com/lightn
 ing/setup/AsyncApiJobStatus/page?address=%2F750ct00000URbqDAAT)
 Elapsed Time: 20.39s

[2K[1A[2K[1A[2K[1A[2K[1A[2K[1A[2K[1A[2K[1A[2K[1A[2K[1A[2K[1A[2K[1A[2K[1A[2K[1A[2K[1A[2K[1A[2K[G
 ───────────────── Importing data ─────────────────

 ✔ Creating ingest job 661ms
 ⣟ Processing the job 19.41s
   ▸ Processed records: ◟
   ▸ Successful records: ◟
   ▸ Failed records: ◟

 Status: InProgress
 Job Id:
 750ct00000URbqDAAT (https://fortra--mergebuild.sandbox.my.salesforce.com/lightn
 ing/setup/AsyncApiJobStatus/page?address=%2F750ct00000URbqDAAT)
 Elapsed Time: 20.42s

[2K[1A[2K[1A[2K[1A[2K[1A[2K[1A[2K[1A[2K[1A[2K[1A[2K[1A[2K[1A[2K[1A[2K[1A[2K[1A[2K[1A[2K[1A[2K[G
 ───────────────── Importing data ─────────────────

 ✔ Creating ingest job 661ms
 ⣟ Processing the job 19.44s
   ▸ Processed records: ◟
   ▸ Successful records: ◟
   ▸ Failed records: ◟

 Status: InProgress
 Job Id:
 750ct00000URbqDAAT (https://fortra--mergebuild.sandbox.my.salesforce.com/lightn
 ing/setup/AsyncApiJobStatus/page?address=%2F750ct00000URbqDAAT)
 Elapsed Time: 20.44s

[2K[1A[2K[1A[2K[1A[2K[1A[2K[1A[2K[1A[2K[1A[2K[1A[2K[1A[2K[1A[2K[1A[2K[1A[2K[1A[2K[1A[2K[1A[2K[G
 ───────────────── Importing data ─────────────────

 ✔ Creating ingest job 661ms
 ⣯ Processing the job 19.46s
   ▸ Processed records: ◜
   ▸ Successful records: ◟
   ▸ Failed records: ◟

 Status: InProgress
 Job Id:
 750ct00000URbqDAAT (https://fortra--mergebuild.sandbox.my.salesforce.com/lightn
 ing/setup/AsyncApiJobStatus/page?address=%2F750ct00000URbqDAAT)
 Elapsed Time: 20.48s

[2K[1A[2K[1A[2K[1A[2K[1A[2K[1A[2K[1A[2K[1A[2K[1A[2K[1A[2K[1A[2K[1A[2K[1A[2K[1A[2K[1A[2K[1A[2K[G
 ───────────────── Importing data ─────────────────

 ✔ Creating ingest job 661ms
 ⣯ Processing the job 19.49s
   ▸ Processed records: ◜
   ▸ Successful records: ◜
   ▸ Failed records: ◜

 Status: InProgress
 Job Id:
 750ct00000URbqDAAT (https://fortra--mergebuild.sandbox.my.salesforce.com/lightn
 ing/setup/AsyncApiJobStatus/page?address=%2F750ct00000URbqDAAT)
 Elapsed Time: 20.51s

[2K[1A[2K[1A[2K[1A[2K[1A[2K[1A[2K[1A[2K[1A[2K[1A[2K[1A[2K[1A[2K[1A[2K[1A[2K[1A[2K[1A[2K[1A[2K[G
 ───────────────── Importing data ─────────────────

 ✔ Creating ingest job 661ms
 ⣷ Processing the job 19.52s
   ▸ Processed records: ◜
   ▸ Successful records: ◜
   ▸ Failed records: ◜

 Status: InProgress
 Job Id:
 750ct00000URbqDAAT (https://fortra--mergebuild.sandbox.my.salesforce.com/lightn
 ing/setup/AsyncApiJobStatus/page?address=%2F750ct00000URbqDAAT)
 Elapsed Time: 20.54s

[2K[1A[2K[1A[2K[1A[2K[1A[2K[1A[2K[1A[2K[1A[2K[1A[2K[1A[2K[1A[2K[1A[2K[1A[2K[1A[2K[1A[2K[1A[2K[G
 ───────────────── Importing data ─────────────────

 ✔ Creating ingest job 661ms
 ⣷ Processing the job 19.55s
   ▸ Processed records: ◠
   ▸ Successful records: ◜
   ▸ Failed records: ◜

 Status: InProgress
 Job Id:
 750ct00000URbqDAAT (https://fortra--mergebuild.sandbox.my.salesforce.com/lightn
 ing/setup/AsyncApiJobStatus/page?address=%2F750ct00000URbqDAAT)
 Elapsed Time: 20.57s

[2K[1A[2K[1A[2K[1A[2K[1A[2K[1A[2K[1A[2K[1A[2K[1A[2K[1A[2K[1A[2K[1A[2K[1A[2K[1A[2K[1A[2K[1A[2K[G
 ───────────────── Importing data ─────────────────

 ✔ Creating ingest job 661ms
 ⣷ Processing the job 19.58s
   ▸ Processed records: ◠
   ▸ Successful records: ◠
   ▸ Failed records: ◠

 Status: InProgress
 Job Id:
 750ct00000URbqDAAT (https://fortra--mergebuild.sandbox.my.salesforce.com/lightn
 ing/setup/AsyncApiJobStatus/page?address=%2F750ct00000URbqDAAT)
 Elapsed Time: 20.60s

[2K[1A[2K[1A[2K[1A[2K[1A[2K[1A[2K[1A[2K[1A[2K[1A[2K[1A[2K[1A[2K[1A[2K[1A[2K[1A[2K[1A[2K[1A[2K[G
 ───────────────── Importing data ─────────────────

 ✔ Creating ingest job 661ms
 ⣾ Processing the job 19.61s
   ▸ Processed records: ◠
   ▸ Successful records: ◠
   ▸ Failed records: ◠

 Status: InProgress
 Job Id:
 750ct00000URbqDAAT (https://fortra--mergebuild.sandbox.my.salesforce.com/lightn
 ing/setup/AsyncApiJobStatus/page?address=%2F750ct00000URbqDAAT)
 Elapsed Time: 20.63s

[2K[1A[2K[1A[2K[1A[2K[1A[2K[1A[2K[1A[2K[1A[2K[1A[2K[1A[2K[1A[2K[1A[2K[1A[2K[1A[2K[1A[2K[1A[2K[G
 ───────────────── Importing data ─────────────────

 ✔ Creating ingest job 661ms
 ⣾ Processing the job 19.64s
   ▸ Processed records: ◝
   ▸ Successful records: ◠
   ▸ Failed records: ◠

 Status: InProgress
 Job Id:
 750ct00000URbqDAAT (https://fortra--mergebuild.sandbox.my.salesforce.com/lightn
 ing/setup/AsyncApiJobStatus/page?address=%2F750ct00000URbqDAAT)
 Elapsed Time: 20.66s

[2K[1A[2K[1A[2K[1A[2K[1A[2K[1A[2K[1A[2K[1A[2K[1A[2K[1A[2K[1A[2K[1A[2K[1A[2K[1A[2K[1A[2K[1A[2K[G
 ───────────────── Importing data ─────────────────

 ✔ Creating ingest job 661ms
 ⣽ Processing the job 19.66s
   ▸ Processed records: ◝
   ▸ Successful records: ◝
   ▸ Failed records: ◝

 Status: InProgress
 Job Id:
 750ct00000URbqDAAT (https://fortra--mergebuild.sandbox.my.salesforce.com/lightn
 ing/setup/AsyncApiJobStatus/page?address=%2F750ct00000URbqDAAT)
 Elapsed Time: 20.69s

[2K[1A[2K[1A[2K[1A[2K[1A[2K[1A[2K[1A[2K[1A[2K[1A[2K[1A[2K[1A[2K[1A[2K[1A[2K[1A[2K[1A[2K[1A[2K[G
 ───────────────── Importing data ─────────────────

 ✔ Creating ingest job 661ms
 ⣽ Processing the job 19.70s
   ▸ Processed records: ◝
   ▸ Successful records: ◝
   ▸ Failed records: ◝

 Status: InProgress
 Job Id:
 750ct00000URbqDAAT (https://fortra--mergebuild.sandbox.my.salesforce.com/lightn
 ing/setup/AsyncApiJobStatus/page?address=%2F750ct00000URbqDAAT)
 Elapsed Time: 20.72s

[2K[1A[2K[1A[2K[1A[2K[1A[2K[1A[2K[1A[2K[1A[2K[1A[2K[1A[2K[1A[2K[1A[2K[1A[2K[1A[2K[1A[2K[1A[2K[G
 ───────────────── Importing data ─────────────────

 ✔ Creating ingest job 661ms
 ⣽ Processing the job 19.73s
   ▸ Processed records: ◞
   ▸ Successful records: ◝
   ▸ Failed records: ◝

 Status: InProgress
 Job Id:
 750ct00000URbqDAAT (https://fortra--mergebuild.sandbox.my.salesforce.com/lightn
 ing/setup/AsyncApiJobStatus/page?address=%2F750ct00000URbqDAAT)
 Elapsed Time: 20.75s

[2K[1A[2K[1A[2K[1A[2K[1A[2K[1A[2K[1A[2K[1A[2K[1A[2K[1A[2K[1A[2K[1A[2K[1A[2K[1A[2K[1A[2K[1A[2K[G
 ───────────────── Importing data ─────────────────

 ✔ Creating ingest job 661ms
 ⣻ Processing the job 19.76s
   ▸ Processed records: ◞
   ▸ Successful records: ◞
   ▸ Failed records: ◞

 Status: InProgress
 Job Id:
 750ct00000URbqDAAT (https://fortra--mergebuild.sandbox.my.salesforce.com/lightn
 ing/setup/AsyncApiJobStatus/page?address=%2F750ct00000URbqDAAT)
 Elapsed Time: 20.78s

[2K[1A[2K[1A[2K[1A[2K[1A[2K[1A[2K[1A[2K[1A[2K[1A[2K[1A[2K[1A[2K[1A[2K[1A[2K[1A[2K[1A[2K[1A[2K[G
 ───────────────── Importing data ─────────────────

 ✔ Creating ingest job 661ms
 ⣻ Processing the job 19.78s
   ▸ Processed records: ◞
   ▸ Successful records: ◞
   ▸ Failed records: ◞

 Status: InProgress
 Job Id:
 750ct00000URbqDAAT (https://fortra--mergebuild.sandbox.my.salesforce.com/lightn
 ing/setup/AsyncApiJobStatus/page?address=%2F750ct00000URbqDAAT)
 Elapsed Time: 20.81s

[2K[1A[2K[1A[2K[1A[2K[1A[2K[1A[2K[1A[2K[1A[2K[1A[2K[1A[2K[1A[2K[1A[2K[1A[2K[1A[2K[1A[2K[1A[2K[G
 ───────────────── Importing data ─────────────────

 ✔ Creating ingest job 661ms
 ✔ Processing the job 19.79s
   ▸ Processed records: 5
   ▸ Successful records: 5
   ▸ Failed records: 0

 Status: JobComplete
 Job Id:
 750ct00000URbqDAAT (https://fortra--mergebuild.sandbox.my.salesforce.com/lightn
 ing/setup/AsyncApiJobStatus/page?address=%2F750ct00000URbqDAAT)
 Elapsed Time: 20.82s


STDERR:
 ›   Warning: @salesforce/cli update available from 2.64.8 to 2.134.6.
